f=1 dt=0.01666666753590107 pos=(-26.563966751098633,0.037500001490116119,17.010709762573242) yaw=1.5497779846191406 sp=13.333334922790527 vel=(0.28022393584251404,3.6083076793147484e-07,13.330389022827148) gate=1 lap=0 prog=0 b14=16813.435546875 b1c=799823.3125 v9e4=13.333334922790527
   post gate=1 lap=0 alive=1 prog=1.4963805675506592 ng=94 gc=(-26,20.999998092651367) rt=0.01666666753590107
f=2 dt=0.01666666753590107 pos=(-26.563940048217773,0.037500001490116119,17.011957168579102) yaw=1.5497779846191406 sp=26.937339782714844 vel=(0.56613653898239136,7.2898649250419112e-07,26.931386947631836) gate=1 lap=0 prog=1.4963805675506592 b14=17799.76953125 b1c=846743.6875 v9e4=26.937339782714844
   post gate=1 lap=0 alive=1 prog=1.4965355396270752 ng=94 gc=(-26,20.999998092651367) rt=0.033333335071802139
f=3 dt=0.01666666753590107 pos=(-26.563899993896484,0.037500001490116119,17.013870239257812) yaw=1.5497779846191406 sp=41.337051391601562 vel=(0.86877232789993286,1.1186759820702719e-06,41.327919006347656) gate=1 lap=0 prog=1.4965355396270752 b14=18806.015625 b1c=894611.1875 v9e4=41.337051391601562
   post gate=1 lap=0 alive=1 prog=1.4967730045318604 ng=94 gc=(-26,20.999998092651367) rt=0.050000004470348358
f=4 dt=0.01666666753590107 pos=(-26.563844680786133,0.037500001490116119,17.016489028930664) yaw=1.5497779846191406 sp=56.577262878417969 vel=(1.1890727281570435,1.5311112520066672e-06,56.564765930175781) gate=1 lap=0 prog=1.4967730045318604 b14=19870.99609375 b1c=945272.875 v9e4=56.577262878417969
   post gate=1 lap=0 alive=1 prog=1.4970979690551758 ng=94 gc=(-26,20.999998092651367) rt=0.066666670143604279
f=5 dt=0.01666666753590107 pos=(-26.563774108886719,0.037500001490116119,17.019853591918945) yaw=1.5497779846191406 sp=72.705062866210938 vel=(1.5280274152755737,1.9675667317642365e-06,72.689002990722656) gate=1 lap=0 prog=1.4970979690551758 b14=20997.998046875 b1c=998884.9375 v9e4=72.705062866210938
   post gate=1 lap=0 alive=1 prog=1.4975156784057617 ng=94 gc=(-26,20.999998092651367) rt=0.083333335816860199
f=6 dt=0.01666666753590107 pos=(-26.563686370849609,0.037500001490116119,17.024007797241211) yaw=1.5497779846191406 sp=89.769935607910156 vel=(1.8866763114929199,2.4293815386045026e-06,89.750106811523438) gate=1 lap=0 prog=1.4975156784057617 b14=22190.482421875 b1c=1055612 v9e4=89.769935607910156
   post gate=1 lap=0 alive=1 prog=1.4980313777923584 ng=94 gc=(-26,20.999998092651367) rt=0.10000000149011612
f=7 dt=0.01666666753590107 pos=(-26.563581466674805,0.037500001490116119,17.028999328613281) yaw=1.5497779846191406 sp=107.82388305664062 vel=(2.2661125659942627,2.9179630018916214e-06,107.80006408691406) gate=1 lap=0 prog=1.4980313777923584 b14=23452.087890625 b1c=1115627.125 v9e4=107.82388305664062
   post gate=1 lap=0 alive=1 prog=1.4986510276794434 ng=94 gc=(-26,20.999998092651367) rt=0.11666666716337204
f=8 dt=0.01666666753590107 pos=(-26.563457489013672,0.037500001490116119,17.034873962402344) yaw=1.5497779846191406 sp=126.92144775390625 vel=(2.6674821376800537,3.434787004152895e-06,126.89340972900391) gate=1 lap=0 prog=1.4986510276794434 b14=24786.615234375 b1c=1179111.25 v9e4=126.92144775390625
   post gate=1 lap=0 alive=1 prog=1.4993801116943359 ng=94 gc=(-26,20.999998092651367) rt=0.13333334028720856
f=9 dt=0.01666666753590107 pos=(-26.563314437866211,0.037500001490116119,17.041683197021484) yaw=1.5497779846191406 sp=147.119873046875 vel=(3.0919883251190186,3.9814030969864689e-06,147.08737182617188) gate=1 lap=0 prog=1.4993801116943359 b14=26198.07421875 b1c=1246255 v9e4=147.119873046875
   post gate=1 lap=0 alive=1 prog=1.500225305557251 ng=94 gc=(-26,20.999998092651367) rt=0.15000000596046448
f=10 dt=0.01666666753590107 pos=(-26.563150405883789,0.037500001490116119,17.049482345581055) yaw=1.5497779846191406 sp=168.47917175292969 vel=(3.5408923625946045,4.5594347284350079e-06,168.44195556640625) gate=1 lap=0 prog=1.500225305557251 b14=27690.65234375 b1c=1317257.75 v9e4=168.47917175292969
   post gate=1 lap=0 alive=1 prog=1.5011934041976929 ng=94 gc=(-26,20.999998092651367) rt=0.1666666716337204
f=11 dt=0.01666666753590107 pos=(-26.562965393066406,0.037500001490116119,17.058326721191406) yaw=1.5497779846191406 sp=191.06217956542969 vel=(4.0155148506164551,5.1705833357118536e-06,191.01997375488281) gate=1 lap=0 prog=1.5011934041976929 b14=29268.73828125 b1c=1392328 v9e4=191.06217956542969
   post gate=1 lap=0 alive=1 prog=1.502291202545166 ng=94 gc=(-26,20.999998092651367) rt=0.18333333730697632
f=12 dt=0.01666666753590107 pos=(-26.562755584716797,0.037500001490116119,17.068275451660156) yaw=1.5497779846191406 sp=214.93472290039062 vel=(4.5172386169433594,5.8166287999483757e-06,214.88722229003906) gate=1 lap=0 prog=1.502291202545166 b14=30936.943359375 b1c=1471685.375 v9e4=214.93472290039062
   post gate=1 lap=0 alive=1 prog=1.503525972366333 ng=94 gc=(-26,20.999998092651367) rt=0.20000000298023224
f=13 dt=0.01666666753590107 pos=(-26.562520980834961,0.037500001490116119,17.079391479492188) yaw=1.5497779846191406 sp=240.16555786132812 vel=(5.0475101470947266,6.4994333115464542e-06,240.11248779296875) gate=1 lap=0 prog=1.503525972366333 b14=32700.060546875 b1c=1555557.625 v9e4=240.16555786132812
   post gate=1 lap=0 alive=1 prog=1.5049054622650146 ng=94 gc=(-26,20.999998092651367) rt=0.21666666865348816
f=14 dt=0.01666666753590107 pos=(-26.562261581420898,0.037500001490116119,17.091741561889648) yaw=1.5497779846191406 sp=266.82656860351562 vel=(5.6078391075134277,7.2209422796731815e-06,266.76763916015625) gate=1 lap=0 prog=1.5049054622650146 b14=34563.12109375 b1c=1644184.375 v9e4=266.82656860351562
   post gate=1 lap=0 alive=1 prog=1.5064382553100586 ng=94 gc=(-26,20.999998092651367) rt=0.23333333432674408
f=15 dt=0.01666666753590107 pos=(-26.561986923217773,0.037500001490116119,17.104778289794922) yaw=1.5497779846191406 sp=281.65957641601562 vel=(5.919581413269043,7.6223577707423829e-06,281.59735107421875) gate=1 lap=0 prog=1.5064382553100586 b14=19717.9375 b1c=937991.8125 v9e4=281.65957641601562
   post gate=1 lap=0 alive=1 prog=1.5080560445785522 ng=94 gc=(-26,20.999998092651367) rt=0.25
f=16 dt=0.01666666753590107 pos=(-26.561697006225586,0.037500001490116119,17.118539810180664) yaw=1.5497779846191406 sp=297.32745361328125 vel=(6.2488703727722168,8.0463669291930273e-06,297.26177978515625) gate=1 lap=0 prog=1.5080560445785522 b14=20812.791015625 b1c=990074.5 v9e4=297.32745361328125
   post gate=1 lap=0 alive=1 prog=1.5097637176513672 ng=94 gc=(-26,20.999998092651367) rt=0.26666668057441711
f=17 dt=0.01666666753590107 pos=(-26.561391830444336,0.037500001490116119,17.133068084716797) yaw=1.5497779846191406 sp=313.87506103515625 vel=(6.5966477394104004,8.49418302095728e-06,313.80572509765625) gate=1 lap=0 prog=1.5097637176513672 b14=21969.130859375 b1c=1045082.1875 v9e4=313.87506103515625
   post gate=1 lap=0 alive=1 prog=1.5115664005279541 ng=94 gc=(-26,20.999998092651367) rt=0.28333336114883423
f=18 dt=0.01666666753590107 pos=(-26.561069488525391,0.037500001490116119,17.148405075073242) yaw=1.5497779846191406 sp=331.34939575195312 vel=(6.963902473449707,8.9670784291229211e-06,331.27621459960938) gate=1 lap=0 prog=1.5115664005279541 b14=23190.23046875 b1c=1103170.5 v9e4=331.34939575195312
   post gate=1 lap=0 alive=1 prog=1.5134694576263428 ng=94 gc=(-26,20.999998092651367) rt=0.30000004172325134
f=19 dt=0.01666666753590107 pos=(-26.56072998046875,0.037500001490116119,17.164596557617188) yaw=1.5497779846191406 sp=349.7998046875 vel=(7.3516707420349121,9.4663892014068551e-06,349.7225341796875) gate=1 lap=0 prog=1.5134694576263428 b14=24479.5390625 b1c=1164503.5 v9e4=349.7998046875
   post gate=1 lap=0 alive=1 prog=1.515478253364563 ng=94 gc=(-26,20.999998092651367) rt=0.31666672229766846
f=20 dt=0.01666666753590107 pos=(-26.560371398925781,0.037500001490116119,17.18168830871582) yaw=1.5497779846191406 sp=369.27792358398438 vel=(7.7610383033752441,9.9935123216710053e-06,369.19635009765625) gate=1 lap=0 prog=1.515478253364563 b14=25840.66015625 b1c=1229252.625 v9e4=369.27792358398438
   post gate=1 lap=0 alive=1 prog=1.5175986289978027 ng=94 gc=(-26,20.999998092651367) rt=0.33333340287208557
f=21 dt=0.01666666753590107 pos=(-26.559991836547852,0.037500001490116119,17.199731826782227) yaw=1.5497779846191406 sp=389.83773803710938 vel=(8.193140983581543,1.0549909347901121e-05,389.75164794921875) gate=1 lap=0 prog=1.5175986289978027 b14=27277.373046875 b1c=1297597.75 v9e4=389.83773803710938
   post gate=1 lap=0 alive=1 prog=1.5198370218276978 ng=94 gc=(-26,20.999998092651367) rt=0.35000008344650269
f=22 dt=0.01666666753590107 pos=(-26.559591293334961,0.037500001490116119,17.218780517578125) yaw=1.5497779846191406 sp=411.53579711914062 vel=(8.6491641998291016,1.113710823119618e-05,411.44491577148438) gate=1 lap=0 prog=1.5198370218276978 b14=28793.625 b1c=1369726.625 v9e4=411.53579711914062
   post gate=1 lap=0 alive=1 prog=1.5221998691558838 ng=94 gc=(-26,20.999998092651367) rt=0.3666667640209198
f=23 dt=0.01666666753590107 pos=(-26.559167861938477,0.037500001490116119,17.238889694213867) yaw=1.5497779846191406 sp=434.43115234375 vel=(9.1303501129150391,1.1756708772736602e-05,434.33517456054688) gate=1 lap=0 prog=1.5221998691558838 b14=30393.5390625 b1c=1445835.25 v9e4=434.43115234375
   post gate=1 lap=0 alive=1 prog=1.5246940851211548 ng=94 gc=(-26,20.999998092651367) rt=0.38333344459533691
f=24 dt=0.01666666753590107 pos=(-26.558721542358398,0.037500001490116119,17.260116577148438) yaw=1.5497779846191406 sp=458.58529663085938 vel=(9.6379928588867188,1.241037534782663e-05,458.4840087890625) gate=1 lap=0 prog=1.5246940851211548 b14=32081.423828125 b1c=1526128.75 v9e4=458.58529663085938
   post gate=1 lap=0 alive=1 prog=1.5273267030715942 ng=94 gc=(-26,20.999998092651367) rt=0.40000012516975403
f=25 dt=0.01666666753590107 pos=(-26.558250427246094,0.037500001490116119,17.282522201538086) yaw=1.5497779846191406 sp=484.06265258789062 vel=(10.173444747924805,1.3099850548314862e-05,483.9556884765625) gate=1 lap=0 prog=1.5273267030715942 b14=33861.765625 b1c=1610820.5 v9e4=484.06265258789062
   post gate=1 lap=0 alive=1 prog=1.5301052331924438 ng=94 gc=(-26,20.999998092651367) rt=0.41666680574417114
f=26 dt=0.01666666753590107 pos=(-26.55775260925293,0.037500001490116119,17.306171417236328) yaw=1.5497779846191406 sp=510.9300537109375 vel=(10.738112449645996,1.3826945178152528e-05,510.81719970703125) gate=1 lap=0 prog=1.5301052331924438 b14=35739.25 b1c=1700133.375 v9e4=510.9300537109375
   post gate=1 lap=0 alive=1 prog=1.5330376625061035 ng=94 gc=(-26,20.999998092651367) rt=0.43333348631858826
f=27 dt=0.01666666753590107 pos=(-26.557228088378906,0.037500001490116119,17.331130981445312) yaw=1.5497779846191406 sp=539.25732421875 vel=(11.333460807800293,1.4593546438845806e-05,539.13818359375) gate=1 lap=0 prog=1.5330376625061035 b14=37718.73828125 b1c=1794298.625 v9e4=539.25732421875
   post gate=1 lap=0 alive=1 prog=1.5361323356628418 ng=94 gc=(-26,20.999998092651367) rt=0.45000016689300537
f=28 dt=0.01666666753590107 pos=(-26.556674957275391,0.037500001490116119,17.357473373413086) yaw=1.5497779846191406 sp=569.116943359375 vel=(11.961013793945312,1.5401616110466421e-05,568.9912109375) gate=1 lap=0 prog=1.5361323356628418 b14=39805.3203125 b1c=1893558.375 v9e4=569.116943359375
   post gate=1 lap=0 alive=1 prog=1.5393979549407959 ng=94 gc=(-26,20.999998092651367) rt=0.46666684746742249
f=29 dt=0.01666666753590107 pos=(-26.55609130859375,0.037500001490116119,17.385272979736328) yaw=1.5497779846191406 sp=600.58416748046875 vel=(12.622354507446289,1.6253192370641045e-05,600.45147705078125) gate=1 lap=0 prog=1.5393979549407959 b14=42004.2421875 b1c=1998162 v9e4=600.58416748046875
   post gate=1 lap=0 alive=1 prog=1.5428438186645508 ng=94 gc=(-26,20.999998092651367) rt=0.4833335280418396
f=30 dt=0.01666666753590107 pos=(-26.555475234985352,0.037500001490116119,17.414606094360352) yaw=1.5497779846191406 sp=633.7373046875 vel=(13.319126129150391,1.7150390704046004e-05,633.59722900390625) gate=1 lap=0 prog=1.5428438186645508 b14=44320.96484375 b1c=2108369.75 v9e4=633.7373046875
   post gate=1 lap=0 alive=1 prog=1.5464792251586914 ng=94 gc=(-26,20.999998092651367) rt=0.50000017881393433
f=31 dt=0.01666666753590107 pos=(-26.554824829101562,0.037500001490116119,17.445556640625) yaw=1.5497779846191406 sp=668.65716552734375 vel=(14.053030967712402,1.8095404811901972e-05,668.50946044921875) gate=1 lap=0 prog=1.5464792251586914 b14=46761.1484375 b1c=2224450.5 v9e4=668.65716552734375
   post gate=1 lap=0 alive=1 prog=1.5503146648406982 ng=94 gc=(-26,20.999998092651367) rt=0.51666682958602905
f=32 dt=0.01666666753590107 pos=(-26.55413818359375,0.037500001490116119,17.478208541870117) yaw=1.5497779846191406 sp=705.419677734375 vel=(14.825660705566406,1.9090282876277342e-05,705.26385498046875) gate=1 lap=0 prog=1.5503146648406982 b14=49320.43359375 b1c=2346196.75 v9e4=705.419677734375
   post gate=1 lap=0 alive=1 prog=1.5543601512908936 ng=94 gc=(-26,20.999998092651367) rt=0.53333348035812378
f=33 dt=0.01666666753590107 pos=(-26.553415298461914,0.037500001490116119,17.512561798095703) yaw=1.5497779846191406 sp=742.16937255859375 vel=(15.598021507263184,2.0084815332666039e-05,742.00543212890625) gate=1 lap=0 prog=1.5543601512908936 b14=49566.27734375 b1c=2357891.75 v9e4=742.16937255859375
   post gate=1 lap=0 alive=1 prog=1.5586158037185669 ng=94 gc=(-26,20.999998092651367) rt=0.55000013113021851
f=34 dt=0.01666666753590107 pos=(-26.552658081054688,0.037500001490116119,17.548614501953125) yaw=1.5497779846191406 sp=778.89520263671875 vel=(16.369880676269531,2.1078700228827074e-05,778.72314453125) gate=1 lap=0 prog=1.5586158037185669 b14=49811.96484375 b1c=2369579.25 v9e4=778.89520263671875
   post gate=1 lap=0 alive=1 prog=1.5630811452865601 ng=94 gc=(-26,20.999998092651367) rt=0.56666678190231323
f=35 dt=0.01666666753590107 pos=(-26.551864624023438,0.037500001490116119,17.58636474609375) yaw=1.5497779846191406 sp=815.5859375 vel=(17.141002655029297,2.2071635612519458e-05,815.40576171875) gate=1 lap=0 prog=1.5630811452865601 b14=50057.4140625 b1c=2381255.5 v9e4=815.5859375
   post gate=1 lap=0 alive=1 prog=1.5677556991577148 ng=94 gc=(-26,20.999998092651367) rt=0.58333343267440796
f=36 dt=0.01666666753590107 pos=(-26.551034927368164,0.037500001490116119,17.625810623168945) yaw=1.5497779846191406 sp=852.23046875 vel=(17.911153793334961,2.3063321350491606e-05,852.042236328125) gate=1 lap=0 prog=1.5677556991577148 b14=50302.5546875 b1c=2392916.75 v9e4=852.23046875
   post gate=1 lap=0 alive=1 prog=1.5726392269134521 ng=94 gc=(-26,20.999998092651367) rt=0.60000008344650269
f=37 dt=0.01666666753590107 pos=(-26.5501708984375,0.037500001490116119,17.666950225830078) yaw=1.5497779846191406 sp=888.81793212890625 vel=(18.680103302001953,2.4053460947470739e-05,888.62152099609375) gate=1 lap=0 prog=1.5726392269134521 b14=50547.31640625 b1c=2404560.25 v9e4=888.81793212890625
   post gate=1 lap=0 alive=1 prog=1.5777312517166138 ng=94 gc=(-26,20.999998092651367) rt=0.61666673421859741
f=38 dt=0.01666666753590107 pos=(-26.549270629882812,0.037500001490116119,17.709781646728516) yaw=1.5497779846191406 sp=925.33697509765625 vel=(19.44761848449707,2.5041754270205274e-05,925.13262939453125) gate=1 lap=0 prog=1.5777312517166138 b14=50791.609375 b1c=2416181.5 v9e4=925.33697509765625
   post gate=1 lap=0 alive=1 prog=1.5830314159393311 ng=94 gc=(-26,20.999998092651367) rt=0.63333338499069214
f=39 dt=0.01666666753590107 pos=(-26.548334121704102,0.037500001490116119,17.754299163818359) yaw=1.5497779846191406 sp=961.77716064453125 vel=(20.213472366333008,2.6027906642411835e-05,961.56463623046875) gate=1 lap=0 prog=1.5830314159393311 b14=51035.39453125 b1c=2427778.25 v9e4=961.77716064453125
   post gate=1 lap=0 alive=1 prog=1.588538646697998 ng=94 gc=(-26,20.999998092651367) rt=0.65000003576278687
f=40 dt=0.01666666753590107 pos=(-26.54736328125,0.037500001490116119,17.800498962402344) yaw=1.5497779846191406 sp=998.127197265625 vel=(20.977434158325195,2.7011621568817645e-05,997.90667724609375) gate=1 lap=0 prog=1.588538646697998 b14=51278.55859375 b1c=2439345.75 v9e4=998.127197265625
   post gate=1 lap=0 alive=1 prog=1.5942522287368774 ng=94 gc=(-26,20.999998092651367) rt=0.66666668653488159
f=41 dt=0.01666666753590107 pos=(-26.546356201171875,0.037500001490116119,17.848377227783203) yaw=1.5497779846191406 sp=1034.376708984375 vel=(21.739282608032227,2.7992618925054558e-05,1034.148193359375) gate=1 lap=0 prog=1.5942522287368774 b14=51521.0546875 b1c=2450881.5 v9e4=1034.376708984375
   post gate=1 lap=0 alive=1 prog=1.6001715660095215 ng=94 gc=(-26,20.999998092651367) rt=0.68333333730697632
f=42 dt=0.01666666753590107 pos=(-26.545314788818359,0.037500001490116119,17.897928237915039) yaw=1.5497779846191406 sp=1070.5150146484375 vel=(22.498794555664062,2.8970605853828602e-05,1070.278564453125) gate=1 lap=0 prog=1.6001715660095215 b14=51762.8125 b1c=2462382 v9e4=1070.5150146484375
   post gate=1 lap=0 alive=1 prog=1.6062955856323242 ng=94 gc=(-26,20.999998092651367) rt=0.69999998807907104
f=43 dt=0.01666666753590107 pos=(-26.544239044189453,0.037500001490116119,17.949146270751953) yaw=1.5497779846191406 sp=1106.5316162109375 vel=(23.255748748779297,2.994529677380342e-05,1106.2872314453125) gate=1 lap=0 prog=1.6062955856323242 b14=52003.75390625 b1c=2473843.75 v9e4=1106.5316162109375
   post gate=1 lap=0 alive=1 prog=1.6126230955123901 ng=94 gc=(-26,20.999998092651367) rt=0.71666663885116577
f=44 dt=0.01666666753590107 pos=(-26.543127059936523,0.037500001490116119,18.002023696899414) yaw=1.5497779846191406 sp=1142.4161376953125 vel=(24.009925842285156,3.0916417017579079e-05,1142.163818359375) gate=1 lap=0 prog=1.6126230955123901 b14=52243.80859375 b1c=2485263.25 v9e4=1142.4161376953125
   post gate=1 lap=0 alive=1 prog=1.6191531419754028 ng=94 gc=(-26,20.999998092651367) rt=0.7333332896232605
f=45 dt=0.01666666753590107 pos=(-26.541980743408203,0.037500001490116119,18.056556701660156) yaw=1.5497779846191406 sp=1178.158447265625 vel=(24.761114120483398,3.1883682822808623e-05,1177.898193359375) gate=1 lap=0 prog=1.6191531419754028 b14=52482.9140625 b1c=2496637.75 v9e4=1178.158447265625
   post gate=1 lap=0 alive=1 prog=1.6258845329284668 ng=94 gc=(-26,20.999998092651367) rt=0.74999994039535522
f=46 dt=0.01666666753590107 pos=(-26.540800094604492,0.037500001490116119,18.112737655639648) yaw=1.5497779846191406 sp=1213.7484130859375 vel=(25.509101867675781,3.284683043602854e-05,1213.4803466796875) gate=1 lap=0 prog=1.6258845329284668 b14=52721 b1c=2507963.5 v9e4=1213.7484130859375
   post gate=1 lap=0 alive=1 prog=1.6328160762786865 ng=94 gc=(-26,20.999998092651367) rt=0.76666659116744995
f=47 dt=0.01666666753590107 pos=(-26.539585113525391,0.037500001490116119,18.170557022094727) yaw=1.5497779846191406 sp=1249.1766357421875 vel=(26.253686904907227,3.3805597922764719e-05,1248.900634765625) gate=1 lap=0 prog=1.6328160762786865 b14=52958.00390625 b1c=2519238 v9e4=1249.1766357421875
   post gate=1 lap=0 alive=1 prog=1.6399459838867188 ng=94 gc=(-26,20.999998092651367) rt=0.78333324193954468
f=48 dt=0.01666666753590107 pos=(-26.538335800170898,0.037500001490116119,18.230009078979492) yaw=1.5497779846191406 sp=1284.432861328125 vel=(26.994663238525391,3.4759716072585434e-05,1284.149169921875) gate=1 lap=0 prog=1.6399459838867188 b14=53193.85546875 b1c=2530457.5 v9e4=1284.432861328125
   post gate=1 lap=0 alive=1 prog=1.647273063659668 ng=94 gc=(-26,20.999998092651367) rt=0.7999998927116394
f=49 dt=0.01666666753590107 pos=(-26.537052154541016,0.037500001490116119,18.291084289550781) yaw=1.5497779846191406 sp=1319.5078125 vel=(27.731828689575195,3.5708926588995382e-05,1319.2164306640625) gate=1 lap=0 prog=1.647273063659668 b14=53428.49609375 b1c=2541619.5 v9e4=1319.5078125
   post gate=1 lap=0 alive=1 prog=1.6547954082489014 ng=94 gc=(-26,20.999998092651367) rt=0.81666654348373413
f=50 dt=0.01666666753590107 pos=(-26.535734176635742,0.037500001490116119,18.353775024414062) yaw=1.5497779846191406 sp=1354.3924560546875 vel=(28.464988708496094,3.6652982089435682e-05,1354.09326171875) gate=1 lap=0 prog=1.6547954082489014 b14=53661.875 b1c=2552721.25 v9e4=1354.3924560546875
   post gate=1 lap=0 alive=1 prog=1.6625113487243652 ng=94 gc=(-26,20.999998092651367) rt=0.83333319425582886
f=51 dt=0.01666666753590107 pos=(-26.534381866455078,0.037500001490116119,18.418069839477539) yaw=1.5497779846191406 sp=1389.0772705078125 vel=(29.193952560424805,3.759163519134745e-05,1388.7703857421875) gate=1 lap=0 prog=1.6625113487243652 b14=53893.8984375 b1c=2563758.75 v9e4=1389.0772705078125
   post gate=1 lap=0 alive=1 prog=1.6704188585281372 ng=94 gc=(-26,20.999998092651367) rt=0.84999984502792358
f=52 dt=0.01666666753590107 pos=(-26.532997131347656,0.037500001490116119,18.48396110534668) yaw=1.5497779846191406 sp=1423.5538330078125 vel=(29.918539047241211,3.8524649426108226e-05,1423.2393798828125) gate=1 lap=0 prog=1.6704188585281372 b14=54124.53125 b1c=2574730.25 v9e4=1423.5538330078125
   post gate=1 lap=0 alive=1 prog=1.6785159111022949 ng=94 gc=(-26,20.999998092651367) rt=0.86666649580001831
f=53 dt=0.01666666753590107 pos=(-26.531578063964844,0.037500001490116119,18.551437377929688) yaw=1.5497779846191406 sp=1457.8134765625 vel=(30.638566970825195,3.9451795601053163e-05,1457.491455078125) gate=1 lap=0 prog=1.6785159111022949 b14=54353.71875 b1c=2585632.75 v9e4=1457.8134765625
   post gate=1 lap=0 alive=1 prog=1.6868001222610474 ng=94 gc=(-26,20.999998092651367) rt=0.88333314657211304
f=54 dt=0.01666666753590107 pos=(-26.530126571655273,0.037500001490116119,18.620489120483398) yaw=1.5497779846191406 sp=1491.847900390625 vel=(31.353858947753906,4.0372840885538608e-05,1491.5181884765625) gate=1 lap=0 prog=1.6868001222610474 b14=54581.3984375 b1c=2596463.5 v9e4=1491.847900390625
   post gate=1 lap=0 alive=1 prog=1.6952691078186035 ng=94 gc=(-26,20.999998092651367) rt=0.89999979734420776
f=55 dt=0.01666666753590107 pos=(-26.528642654418945,0.037500001490116119,18.691106796264648) yaw=1.5497779846191406 sp=1525.6484375 vel=(32.064243316650391,4.1287567000836134e-05,1525.3115234375) gate=1 lap=0 prog=1.6952691078186035 b14=54807.515625 b1c=2607220 v9e4=1525.6484375
   post gate=1 lap=0 alive=1 prog=1.7039203643798828 ng=94 gc=(-26,20.999998092651367) rt=0.91666644811630249
f=56 dt=0.01666666753590107 pos=(-26.527126312255859,0.037500001490116119,18.763277053833008) yaw=1.5497779846191406 sp=1559.2078857421875 vel=(32.769554138183594,4.219576294417493e-05,1558.863525390625) gate=1 lap=0 prog=1.7039203643798828 b14=55032.015625 b1c=2617899.5 v9e4=1559.2078857421875
   post gate=1 lap=0 alive=1 prog=1.7127505540847778 ng=94 gc=(-26,20.999998092651367) rt=0.93333309888839722
f=57 dt=0.01666666753590107 pos=(-26.525577545166016,0.037500001490116119,18.83698844909668) yaw=1.5497779846191406 sp=1592.5184326171875 vel=(33.469635009765625,4.3097221350762993e-05,1592.1666259765625) gate=1 lap=0 prog=1.7127505540847778 b14=55254.85546875 b1c=2628500.25 v9e4=1592.5184326171875
   post gate=1 lap=0 alive=1 prog=1.7217565774917603 ng=94 gc=(-26,20.999998092651367) rt=0.94999974966049194
f=58 dt=0.01666666753590107 pos=(-26.523996353149414,0.037500001490116119,18.912229537963867) yaw=1.5497779846191406 sp=1625.572509765625 vel=(34.164325714111328,4.3991742131765932e-05,1625.21337890625) gate=1 lap=0 prog=1.7217565774917603 b14=55475.9765625 b1c=2639019 v9e4=1625.572509765625
   post gate=1 lap=0 alive=1 prog=1.730934739112854 ng=94 gc=(-26,20.999998092651367) rt=0.96666640043258667
f=59 dt=0.01666666753590107 pos=(-26.522382736206055,0.037500001490116119,18.988988876342773) yaw=1.5497779846191406 sp=1658.36328125 vel=(34.853481292724609,4.4879136112285778e-05,1657.9969482421875) gate=1 lap=0 prog=1.730934739112854 b14=55695.3359375 b1c=2649454 v9e4=1658.36328125
   post gate=1 lap=0 alive=1 prog=1.740281343460083 ng=94 gc=(-26,20.999998092651367) rt=0.9833330512046814
f=60 dt=0.01666666753590107 pos=(-26.520736694335938,0.037500001490116119,19.067253112792969) yaw=1.5497779846191406 sp=1690.8836669921875 vel=(35.536956787109375,4.5759210479445755e-05,1690.5101318359375) gate=1 lap=0 prog=1.740281343460083 b14=55912.89453125 b1c=2659803.25 v9e4=1690.8836669921875
   post gate=1 lap=0 alive=1 prog=1.7497916221618652 ng=94 gc=(-26,20.999998092651367) rt=0.99999970197677612
f=61 dt=0.01666666753590107 pos=(-26.518552780151367,0.037500001490116119,19.146909713745117) yaw=1.5051603317260742 sp=1721.251708984375 vel=(47.174819946289062,4.662853098125197e-05,1720.588134765625) gate=1 lap=0 prog=1.7497916221618652 b14=837634.375 b1c=2535894.25 v9e4=1721.251708984375
   post gate=1 lap=0 alive=1 prog=1.7594656944274902 ng=94 gc=(-26,20.999998092651367) rt=1.0166664123535156
f=62 dt=0.01666666753590107 pos=(-26.51521110534668,0.037500001490116119,19.227880477905273) yaw=1.4605427980422974 sp=1750.6973876953125 vel=(72.182342529296875,4.7471301513724029e-05,1748.9678955078125) gate=1 lap=0 prog=1.7594656944274902 b14=958832.4375 b1c=2500912 v9e4=1750.6973876953125
   post gate=1 lap=0 alive=1 prog=1.7693133354187012 ng=94 gc=(-26,20.999998092651367) rt=1.0333330631256104
f=63 dt=0.01666666753590107 pos=(-26.510215759277344,0.037500001490116119,19.31004524230957) yaw=1.4159252643585205 sp=1779.01025390625 vel=(107.89348602294922,4.8278339818352833e-05,1774.764892578125) gate=1 lap=0 prog=1.7693133354187012 b14=1077383.125 b1c=2457377 v9e4=1779.01025390625
   post gate=1 lap=0 alive=1 prog=1.7793383598327637 ng=94 gc=(-26,20.999998092651367) rt=1.0499997138977051
f=64 dt=0.01666666753590107 pos=(-26.503168106079102,0.037500001490116119,19.393257141113281) yaw=1.3713076114654541 sp=1805.71630859375 vel=(152.24728393554688,4.9045000196201727e-05,1797.3651123046875) gate=1 lap=0 prog=1.7793383598327637 b14=1192901 b1c=2406087 v9e4=1805.71630859375
   post gate=1 lap=0 alive=1 prog=1.7895393371582031 ng=94 gc=(-26,20.999998092651367) rt=1.0666663646697998
f=65 dt=0.01666666753590107 pos=(-26.493740081787109,0.037500001490116119,19.477348327636719) yaw=1.3266899585723877 sp=1830.6475830078125 vel=(203.63479614257812,4.9769420002121478e-05,1816.3385009765625) gate=1 lap=0 prog=1.7895393371582031 b14=1305319.375 b1c=2348183 v9e4=1830.6475830078125
   post gate=1 lap=0 alive=1 prog=1.7999124526977539 ng=94 gc=(-26,20.999998092651367) rt=1.0833330154418945
f=66 dt=0.01666666753590107 pos=(-26.481666564941406,0.037500001490116119,19.562135696411133) yaw=1.2820724248886108 sp=1853.791015625 vel=(260.7679443359375,5.0455790187697858e-05,1831.38037109375) gate=1 lap=0 prog=1.7999124526977539 b14=1414524 b1c=2284371.75 v9e4=1853.791015625
   post gate=1 lap=0 alive=1 prog=1.8104507923126221 ng=94 gc=(-26,20.999998092651367) rt=1.0999996662139893
f=67 dt=0.01666666753590107 pos=(-26.466732025146484,0.037500001490116119,19.647426605224609) yaw=1.2374547719955444 sp=1875.2091064453125 vel=(322.59271240234375,5.1099716074531898e-05,1842.2747802734375) gate=1 lap=0 prog=1.8104507923126221 b14=1520366.875 b1c=2215124 v9e4=1875.2091064453125
   post gate=1 lap=0 alive=1 prog=1.8211456537246704 ng=94 gc=(-26,20.999998092651367) rt=1.116666316986084
f=68 dt=0.01666666753590107 pos=(-26.448759078979492,0.037500001490116119,19.733022689819336) yaw=1.1928372383117676 sp=1894.9984130859375 vel=(388.22763061523438,5.1702671044040471e-05,1848.8699951171875) gate=1 lap=0 prog=1.8211456537246704 b14=1622680.625 b1c=2140783.5 v9e4=1894.9984130859375
   post gate=1 lap=0 alive=1 prog=1.8319871425628662 ng=94 gc=(-26,20.999998092651367) rt=1.1333329677581787
f=69 dt=0.01666666753590107 pos=(-26.427604675292969,0.037500001490116119,19.818719863891602) yaw=1.1482197046279907 sp=1913.269287109375 vel=(456.92144775390625,5.2270755986683071e-05,1851.0643310546875) gate=1 lap=0 prog=1.8319871425628662 b14=1721283.75 b1c=2061623.125 v9e4=1913.269287109375
   post gate=1 lap=0 alive=1 prog=1.8429638147354126 ng=94 gc=(-26,20.999998092651367) rt=1.1499996185302734
f=70 dt=0.01666666753590107 pos=(-26.403158187866211,0.037500001490116119,19.904312133789062) yaw=1.1036020517349243 sp=1930.1336669921875 vel=(528.02276611328125,5.2800882258452475e-05,1848.7940673828125) gate=1 lap=0 prog=1.8429638147354126 b14=1815991.375 b1c=1977881.5 v9e4=1930.1336669921875
   post gate=1 lap=0 alive=1 prog=1.8540620803833008 ng=94 gc=(-26,20.999998092651367) rt=1.1666662693023682
f=71 dt=0.01666666753590107 pos=(-26.375335693359375,0.037500001490116119,19.989591598510742) yaw=1.0589843988418579 sp=1945.699462890625 vel=(600.9583740234375,5.3295152611099184e-05,1842.0263671875) gate=1 lap=0 prog=1.8540620803833008 b14=1906615 b1c=1889778.125 v9e4=1945.699462890625
   post gate=1 lap=0 alive=1 prog=1.8652665615081787 ng=94 gc=(-26,20.999998092651367) rt=1.1833329200744629
f=72 dt=0.01666666753590107 pos=(-26.344076156616211,0.037500001490116119,20.074350357055664) yaw=1.0143668651580811 sp=1960.0679931640625 vel=(675.2171630859375,5.3755640692543238e-05,1830.7540283203125) gate=1 lap=0 prog=1.8652665615081787 b14=1992968.375 b1c=1797526.5 v9e4=1960.0679931640625
   post gate=1 lap=0 alive=1 prog=1.8765590190887451 ng=94 gc=(-26,20.999998092651367) rt=1.1999995708465576
f=73 dt=0.01666666753590107 pos=(-26.309337615966797,0.037500001490116119,20.158378601074219) yaw=0.9697493314743042 sp=1973.3326416015625 vel=(750.33868408203125,5.4184358305064961e-05,1814.9913330078125) gate=1 lap=0 prog=1.8765590190887451 b14=2074869.625 b1c=1701340 v9e4=1973.3326416015625
   post gate=1 lap=0 alive=1 prog=1.8879165649414062 ng=94 gc=(-26,20.999998092651367) rt=1.2166662216186523
f=74 dt=0.01666666753590107 pos=(-26.271100997924805,0.037500001490116119,20.241470336914062) yaw=0.92513173818588257 sp=1985.578857421875 vel=(825.90411376953125,5.458322266349569e-05,1794.7711181640625) gate=1 lap=0 prog=1.8879165649414062 b14=2152144.75 b1c=1601435.875 v9e4=1985.578857421875
   post gate=1 lap=0 alive=1 prog=1.8993101119995117 ng=94 gc=(-26,20.999998092651367) rt=1.2333328723907471
f=75 dt=0.01666666753590107 pos=(-26.22905158996582,0.037500001490116119,20.32365608215332) yaw=0.88051408529281616 sp=2004.2578125 vel=(908.2501220703125,5.5183259974000975e-05,1775.2120361328125) gate=1 lap=0 prog=1.8993101119995117 b14=2650752 b1c=1784984.5 v9e4=2004.2578125
   post gate=1 lap=0 alive=1 prog=1.9107406139373779 ng=94 gc=(-26,20.999998092651367) rt=1.2499995231628418
f=76 dt=0.01666666753590107 pos=(-26.183204650878906,0.037500001490116119,20.404726028442383) yaw=0.83589649200439453 sp=2022.2066650390625 vel=(990.28851318359375,5.5753276683390141e-05,1751.0804443359375) gate=1 lap=0 prog=1.9107406139373779 b14=2733735.75 b1c=1659415.875 v9e4=2022.2066650390625
   post gate=1 lap=0 alive=1 prog=1.9221466779708862 ng=94 gc=(-26,20.999998092651367) rt=1.2666661739349365
f=77 dt=0.01666666753590107 pos=(-26.133586883544922,0.037500001490116119,20.484468460083008) yaw=0.7912788987159729 sp=2039.4215087890625 vel=(1071.733154296875,5.6299577408935875e-05,1722.4117431640625) gate=1 lap=0 prog=1.9221466779708862 b14=2810612.5 b1c=1529903.5 v9e4=2039.4215087890625
   post gate=1 lap=0 alive=1 prog=1.9334304332733154 ng=94 gc=(-26,20.999998092651367) rt=1.2833328247070312
f=78 dt=0.01666666753590107 pos=(-26.080238342285156,0.037500001490116119,20.562675476074219) yaw=0.74666136503219604 sp=2055.927490234375 vel=(1152.306640625,5.6819084420567378e-05,1689.2569580078125) gate=1 lap=0 prog=1.9334304332733154 b14=2881237.5 b1c=1396774.375 v9e4=2055.927490234375
   post gate=1 lap=0 alive=1 prog=1.9444222450256348 ng=94 gc=(-26,20.999998092651367) rt=1.299999475479126
f=79 dt=0.01666666753590107 pos=(-26.023212432861328,0.037500001490116119,20.639142990112305) yaw=0.70204377174377441 sp=2071.747314453125 vel=(1231.7403564453125,5.7313482102472335e-05,1651.6805419921875) gate=1 lap=0 prog=1.9444222450256348 b14=2945435 b1c=1260334.375 v9e4=2071.747314453125
   post gate=1 lap=0 alive=1 prog=1.9547998905181885 ng=94 gc=(-26,20.999998092651367) rt=1.3166661262512207
f=80 dt=0.01666666753590107 pos=(-25.962574005126953,0.037500001490116119,20.713668823242188) yaw=0.65742617845535278 sp=2086.90234375 vel=(1309.7742919921875,5.7784269301919267e-05,1609.7601318359375) gate=1 lap=0 prog=1.9547998905181885 b14=3003050 b1c=1120900.125 v9e4=2086.90234375
   post gate=1 lap=0 alive=1 prog=1.9639043807983398 ng=94 gc=(-26,20.999998092651367) rt=1.3333327770233154
f=81 dt=0.01666666753590107 pos=(-25.898399353027344,0.037500001490116119,20.78605842590332) yaw=0.61280852556228638 sp=2101.4130859375 vel=(1386.1571044921875,5.823701576446183e-05,1563.5858154296875) gate=1 lap=0 prog=1.9639043807983398 b14=3053939.75 b1c=978794.6875 v9e4=2101.4130859375
   post gate=1 lap=0 alive=1 prog=1.9703950881958008 ng=94 gc=(-26,20.999998092651367) rt=1.3499994277954102
f=82 dt=0.01666666753590107 pos=(-25.830776214599609,0.037500001490116119,20.856117248535156) yaw=0.56819093227386475 sp=2115.2978515625 vel=(1460.6461181640625,5.8672296290751547e-05,1513.2598876953125) gate=1 lap=0 prog=1.9703950881958008 b14=3097979.75 b1c=834348.0625 v9e4=2115.2978515625
   post gate=1 lap=0 alive=1 prog=1.9722347259521484 ng=94 gc=(-26,20.999998092651367) rt=1.3666660785675049
f=83 dt=0.01666666753590107 pos=(-25.759803771972656,0.037500001490116119,20.92365837097168) yaw=0.52357327938079834 sp=2128.575439453125 vel=(1533.0079345703125,5.9086392866447568e-05,1458.896240234375) gate=1 lap=0 prog=1.9722347259521484 b14=3135063.25 b1c=687897 v9e4=2128.575439453125
   post gate=1 lap=0 alive=1 prog=1.9684956073760986 ng=94 gc=(-26,20.999998092651367) rt=1.3833327293395996
f=84 dt=0.01666666753590107 pos=(-25.685588836669922,0.037500001490116119,20.988502502441406) yaw=0.4789557158946991 sp=2141.262451171875 vel=(1603.01806640625,5.948466423433274e-05,1400.6197509765625) gate=1 lap=0 prog=1.9684956073760986 b14=3165099.5 b1c=539782.5625 v9e4=2141.262451171875
   post gate=1 lap=0 alive=1 prog=1.9606723785400391 ng=94 gc=(-26,20.999998092651367) rt=1.3999993801116943
f=85 dt=0.01666666753590107 pos=(-25.608251571655273,0.037500001490116119,21.050474166870117) yaw=0.43433809280395508 sp=2153.375732421875 vel=(1670.4615478515625,5.9863279602723196e-05,1338.56591796875) gate=1 lap=0 prog=1.9606723785400391 b14=3188016.25 b1c=390350.0625 v9e4=2153.375732421875
   post gate=1 lap=0 alive=1 prog=1.9506266117095947 ng=94 gc=(-26,20.999998092651367) rt=1.4166660308837891
f=86 dt=0.01666666753590107 pos=(-25.527919769287109,0.037500001490116119,21.109403610229492) yaw=0.38972052931785583 sp=2164.93115234375 vel=(1735.1334228515625,6.022322122589685e-05,1272.880126953125) gate=1 lap=0 prog=1.9506266117095947 b14=3203757.75 b1c=239947.109375 v9e4=2164.93115234375
   post gate=1 lap=0 alive=1 prog=1.9394259452819824 ng=94 gc=(-26,20.999998092651367) rt=1.4333326816558838
f=87 dt=0.01666666753590107 pos=(-25.444732666015625,0.037500001490116119,21.165132522583008) yaw=0.3451029360294342 sp=2175.943115234375 vel=(1796.838134765625,6.0569596826098859e-05,1203.7171630859375) gate=1 lap=0 prog=1.9394259452819824 b14=3212285.75 b1c=88924.296875 v9e4=2175.943115234375
   post gate=1 lap=0 alive=1 prog=1.9275872707366943 ng=94 gc=(-26,20.999998092651367) rt=1.4499993324279785
f=88 dt=0.01666666753590107 pos=(-25.358833312988281,0.037500001490116119,21.217504501342773) yaw=0.30048534274101257 sp=2186.42724609375 vel=(1855.3905029296875,6.0898415540577844e-05,1131.2408447265625) gate=1 lap=0 prog=1.9275872707366943 b14=3213580 b1c=-62367.26171875 v9e4=2186.42724609375
   post gate=1 lap=0 alive=1 prog=1.9153680801391602 ng=94 gc=(-26,20.999998092651367) rt=1.4666659832000732
f=89 dt=0.01666666753590107 pos=(-25.270378112792969,0.037500001490116119,21.266376495361328) yaw=0.25586774945259094 sp=2196.39697265625 vel=(1910.61572265625,6.1210492276586592e-05,1055.623291015625) gate=1 lap=0 prog=1.9153680801391602 b14=3207637.75 b1c=-213575.96875 v9e4=2196.39697265625
   post gate=1 lap=0 alive=1 prog=1.9029090404510498 ng=94 gc=(-26,20.999998092651367) rt=1.483332633972168
f=90 dt=0.01666666753590107 pos=(-25.179527282714844,0.037500001490116119,21.311611175537109) yaw=0.21125015616416931 sp=2205.866943359375 vel=(1962.3497314453125,6.1506580095738173e-05,977.04449462890625) gate=1 lap=0 prog=1.9029090404510498 b14=3194474.5 b1c=-364351.3125 v9e4=2205.866943359375
   post gate=1 lap=0 alive=1 prog=1.8902931213378906 ng=94 gc=(-26,20.999998092651367) rt=1.4999992847442627
f=91 dt=0.01666666753590107 pos=(-25.086450576782227,0.037500001490116119,21.353078842163086) yaw=0.16663256287574768 sp=2214.849853515625 vel=(2010.4388427734375,6.1787352024111897e-05,895.69146728515625) gate=1 lap=0 prog=1.8902931213378906 b14=3174121.5 b1c=-514343.5 v9e4=2214.849853515625
   post gate=1 lap=0 alive=1 prog=1.87757408618927 ng=94 gc=(-26,20.999998092651367) rt=1.5166659355163574
f=92 dt=0.01666666753590107 pos=(-24.991323471069336,0.037500001490116119,21.390661239624023) yaw=0.12201498448848724 sp=2223.359375 vel=(2054.7412109375,6.2053433794062585e-05,811.75799560546875) gate=1 lap=0 prog=1.87757408618927 b14=3146627.25 b1c=-663206.0625 v9e4=2223.359375
   post gate=1 lap=0 alive=1 prog=1.8647891283035278 ng=94 gc=(-26,20.999998092651367) rt=1.5333325862884521
f=93 dt=0.01666666753590107 pos=(-24.894325256347656,0.037500001490116119,21.424247741699219) yaw=0.077397391200065613 sp=2231.40869140625 vel=(2095.12548828125,6.2305422034114599e-05,725.44378662109375) gate=1 lap=0 prog=1.8647891283035278 b14=3112060.25 b1c=-810595.5 v9e4=2231.40869140625
   post gate=1 lap=0 alive=1 prog=1.8519657850265503 ng=94 gc=(-26,20.999998092651367) rt=1.5499992370605469
f=94 dt=0.01666666753590107 pos=(-24.795644760131836,0.037500001490116119,21.453737258911133) yaw=0.032779790461063385 sp=2239.009765625 vel=(2131.471435546875,6.2543833337258548e-05,636.95391845703125) gate=1 lap=0 prog=1.8519657850265503 b14=3070500.75 b1c=-956172.3125 v9e4=2239.009765625
   post gate=1 lap=0 alive=1 prog=1.8391258716583252 ng=94 gc=(-26,20.999998092651367) rt=1.5666658878326416
f=95 dt=0.01666666753590107 pos=(-24.695474624633789,0.037500001490116119,21.479038238525391) yaw=-0.011837808415293694 sp=2246.175048828125 vel=(2163.6708984375,6.2773287936579436e-05,546.49853515625) gate=1 lap=0 prog=1.8391258716583252 b14=3022050.5 b1c=-1099602.75 v9e4=2246.175048828125
   post gate=1 lap=0 alive=1 prog=1.8262875080108643 ng=94 gc=(-26,20.999998092651367) rt=1.5833325386047363
f=96 dt=0.01666666753590107 pos=(-24.594009399414062,0.037500001490116119,21.500070571899414) yaw=-0.056455407291650772 sp=2252.917236328125 vel=(2191.627197265625,6.2993720348458737e-05,454.29193115234375) gate=1 lap=0 prog=1.8262875080108643 b14=2966822.5 b1c=-1240557.625 v9e4=2252.917236328125
   post gate=1 lap=0 alive=1 prog=1.8134657144546509 ng=94 gc=(-26,20.999998092651367) rt=1.5999991893768311
f=97 dt=0.01666666753590107 pos=(-24.491451263427734,0.037500001490116119,21.516763687133789) yaw=-0.1010729968547821 sp=2259.24755859375 vel=(2215.255126953125,6.320099055301398e-05,360.5518798828125) gate=1 lap=0 prog=1.8134657144546509 b14=2904949 b1c=-1378715.5 v9e4=2259.24755859375
   post gate=1 lap=0 alive=1 prog=1.8006743192672729 ng=94 gc=(-26,20.999998092651367) rt=1.6166658401489258
f=98 dt=0.01666666753590107 pos=(-24.388002395629883,0.037500001490116119,21.529054641723633) yaw=-0.14569059014320374 sp=2265.178466796875 vel=(2234.48095703125,6.3395658798981458e-05,265.49948120117188) gate=1 lap=0 prog=1.8006743192672729 b14=2836577.25 b1c=-1513761.25 v9e4=2265.178466796875
   post gate=1 lap=0 alive=1 prog=1.7879254817962646 ng=94 gc=(-26,20.999998092651367) rt=1.6333324909210205
f=99 dt=0.01666666753590107 pos=(-24.283870697021484,0.037500001490116119,21.536895751953125) yaw=-0.19030816853046417 sp=2270.72119140625 vel=(2249.24267578125,6.3578241679351777e-05,169.35812377929688) gate=1 lap=0 prog=1.7879254817962646 b14=2761867.25 b1c=-1645388.5 v9e4=2270.72119140625
   post gate=1 lap=0 alive=1 prog=1.7752306461334229 ng=94 gc=(-26,20.999998092651367) rt=1.6499991416931152
f=100 dt=0.01666666753590107 pos=(-24.283870697021484,0.037500001490116119,21.236896514892578) yaw=1.7156651020050049 sp=1137.9434814453125 vel=(-164.27650451660156,6.3749226683285087e-05,1126.0233154296875) gate=1 lap=0 prog=1.7752306461334229 b14=2680994.75 b1c=-1773299.375 v9e4=2275.886962890625
   post gate=1 lap=0 alive=1 prog=1.783449649810791 ng=94 gc=(-26,20.999998092651367) rt=1.66666579246521
f=101 dt=0.01666666753590107 pos=(-24.290994644165039,0.037500001490116119,21.290996551513672) yaw=1.6806025505065918 sp=1178.69482421875 vel=(-153.8814697265625,5.1922663260484114e-05,1168.5501708984375) gate=1 lap=0 prog=1.783449649810791 b14=754273.9375 b1c=2933691.25 v9e4=1178.69482421875
   post gate=1 lap=0 alive=1 prog=1.7832996845245361 ng=94 gc=(-26,20.999998092651367) rt=1.6833324432373047
f=102 dt=0.01666666753590107 pos=(-24.297346115112305,0.037500001490116119,21.347061157226562) yaw=1.6443487405776978 sp=1218.748046875 vel=(-137.17926025390625,4.2413026676513255e-05,1211.00048828125) gate=1 lap=0 prog=1.7832996845245361 b14=867321.4375 b1c=2915147 v9e4=1218.748046875
   post gate=1 lap=0 alive=1 prog=1.7827917337417603 ng=94 gc=(-26,20.999998092651367) rt=1.6999990940093994
f=103 dt=0.01666666753590107 pos=(-24.302652359008789,0.037500001490116119,21.405063629150391) yaw=1.6069221496582031 sp=1258.1845703125 vel=(-114.60597991943359,3.4748511097859591e-05,1252.861328125) gate=1 lap=0 prog=1.7827917337417603 b14=983244.5625 b1c=2890375.25 v9e4=1258.1845703125
   post gate=1 lap=0 alive=1 prog=1.7818734645843506 ng=94 gc=(-26,20.999998092651367) rt=1.7166657447814941
f=104 dt=0.01666666753590107 pos=(-24.306657791137695,0.037500001490116119,21.464958190917969) yaw=1.5683451890945435 sp=1296.8665771484375 vel=(-86.513603210449219,2.8549766284413636e-05,1293.6964111328125) gate=1 lap=0 prog=1.7818734645843506 b14=1101530.75 b1c=2858735.25 v9e4=1296.8665771484375
   post gate=1 lap=0 alive=1 prog=1.7804979085922241 ng=94 gc=(-26,20.999998092651367) rt=1.7333323955535889
f=105 dt=0.01666666753590107 pos=(-24.309120178222656,0.037500001490116119,21.526676177978516) yaw=1.528643012046814 sp=1334.7000732421875 vel=(-53.196109771728516,2.3520780814578757e-05,1333.0985107421875) gate=1 lap=0 prog=1.7804979085922241 b14=1221759.375 b1c=2820059.25 v9e4=1334.7000732421875
   post gate=1 lap=0 alive=1 prog=1.7786241769790649 ng=94 gc=(-26,20.999998092651367) rt=1.7499990463256836
f=106 dt=0.01666666753590107 pos=(-24.309810638427734,0.037500001490116119,21.590133666992188) yaw=1.4878431558609009 sp=1371.6162109375 vel=(-14.910688400268555,1.9428909581620246e-05,1370.6798095703125) gate=1 lap=0 prog=1.7786241769790649 b14=1343457.875 b1c=2774130.5 v9e4=1371.6162109375
   post gate=1 lap=0 alive=1 prog=1.7762186527252197 ng=94 gc=(-26,20.999998092651367) rt=1.7666656970977783
f=107 dt=0.01666666753590107 pos=(-24.308509826660156,0.037500001490116119,21.655229568481445) yaw=1.4459743499755859 sp=1407.5611572265625 vel=(28.10539436340332,1.6090354620246217e-05,1406.06591796875) gate=1 lap=0 prog=1.7762186527252197 b14=1466107.375 b1c=2720719.5 v9e4=1407.5611572265625
   post gate=1 lap=0 alive=1 prog=1.77325439453125 ng=94 gc=(-26,20.999998092651367) rt=1.783332347869873
f=108 dt=0.01666666753590107 pos=(-24.305007934570312,0.037500001490116119,21.721845626831055) yaw=1.403066873550415 sp=1442.48974609375 vel=(75.6219482421875,1.3359250260691624e-05,1438.8929443359375) gate=1 lap=0 prog=1.77325439453125 b14=1589145.625 b1c=2659606.25 v9e4=1442.48974609375
   post gate=1 lap=0 alive=1 prog=1.7697126865386963 ng=94 gc=(-26,20.999998092651367) rt=1.7999989986419678
f=109 dt=0.01666666753590107 pos=(-24.299108505249023,0.037500001490116119,21.789846420288086) yaw=1.35915207862854 sp=1476.3631591796875 vel=(127.40613555908203,1.1119394002889749e-05,1468.8070068359375) gate=1 lap=0 prog=1.7697126865386963 b14=1711971.75 b1c=2590597.5 v9e4=1476.3631591796875
   post gate=1 lap=0 alive=1 prog=1.765582799911499 ng=94 gc=(-26,20.999998092651367) rt=1.8166656494140625
f=110 dt=0.01666666753590107 pos=(-24.290626525878906,0.037500001490116119,21.859081268310547) yaw=1.3145344257354736 sp=1509.145751953125 vel=(183.21511840820312,9.2778818725491874e-06,1495.4638671875) gate=1 lap=0 prog=1.765582799911499 b14=1833949.125 b1c=2513536.25 v9e4=1509.145751953125
   post gate=1 lap=0 alive=1 prog=1.7608615159988403 ng=94 gc=(-26,20.999998092651367) rt=1.8333323001861572
f=111 dt=0.01666666753590107 pos=(-24.279388427734375,0.037500001490116119,21.929386138916016) yaw=1.2699168920516968 sp=1540.8140869140625 vel=(242.72598266601562,7.75991975388024e-06,1518.56298828125) gate=1 lap=0 prog=1.7608615159988403 b14=1953815.25 b1c=2428919.5 v9e4=1540.8140869140625
   post gate=1 lap=0 alive=1 prog=1.7555533647537231 ng=94 gc=(-26,20.999998092651367) rt=1.849998950958252
f=112 dt=0.01666666753590107 pos=(-24.265247344970703,0.037500001490116119,22.000585556030273) yaw=1.2252993583679199 sp=1571.3831787109375 vel=(305.45883178710938,6.5049071054090746e-06,1537.9146728515625) gate=1 lap=0 prog=1.7555533647537231 b14=2069598.875 b1c=2338383.75 v9e4=1571.3831787109375
   post gate=1 lap=0 alive=1 prog=1.7496707439422607 ng=94 gc=(-26,20.999998092651367) rt=1.8666656017303467
f=113 dt=0.01666666753590107 pos=(-24.265247344970703,0.037500001490116119,22.30058479309082) yaw=1.7315328121185303 sp=800.45074462890625 vel=(-128.10838317871094,5.4644324336550198e-06,790.1326904296875) gate=1 lap=0 prog=1.7496707439422607 b14=2181060.75 b1c=2242198 v9e4=1600.9014892578125
   post gate=1 lap=0 alive=1 prog=1.7289807796478271 ng=94 gc=(-26,20.999998092651367) rt=1.8833322525024414
f=114 dt=0.01666666753590107 pos=(-24.270732879638672,0.037500001490116119,22.339082717895508) yaw=1.70654296875 sp=840.0372314453125 vel=(-118.46831512451172,4.4133139454061165e-06,831.5604248046875) gate=1 lap=0 prog=1.7289807796478271 b14=743126.9375 b1c=2708206.5 v9e4=840.0372314453125
   post gate=1 lap=0 alive=1 prog=1.726609468460083 ng=94 gc=(-26,20.999998092651367) rt=1.8999989032745361
f=115 dt=0.01666666753590107 pos=(-24.275651931762695,0.037500001490116119,22.379571914672852) yaw=1.6803340911865234 sp=881.02239990234375 vel=(-106.26711273193359,3.5716968795895809e-06,874.54010009765625) gate=1 lap=0 prog=1.726609468460083 b14=853862.1875 b1c=2807377.25 v9e4=881.02239990234375
   post gate=1 lap=0 alive=1 prog=1.7239621877670288 ng=94 gc=(-26,20.999998092651367) rt=1.9166655540466309
f=116 dt=0.01666666753590107 pos=(-24.279899597167969,0.037500001490116119,22.422033309936523) yaw=1.6529134511947632 sp=921.76202392578125 vel=(-91.740371704101562,2.896203795899055e-06,917.16259765625) gate=1 lap=0 prog=1.7239621877670288 b14=938134.125 b1c=2794078.5 v9e4=921.76202392578125
   post gate=1 lap=0 alive=1 prog=1.7210249900817871 ng=94 gc=(-26,20.999998092651367) rt=1.9333322048187256
f=117 dt=0.01666666753590107 pos=(-24.283357620239258,0.037500001490116119,22.466445922851562) yaw=1.6242893934249878 sp=962.2191162109375 vel=(-74.675498962402344,2.3535242235084297e-06,959.3123779296875) gate=1 lap=0 prog=1.7210249900817871 b14=1025650.5625 b1c=2776850 v9e4=962.2191162109375
   post gate=1 lap=0 alive=1 prog=1.7177841663360596 ng=94 gc=(-26,20.999998092651367) rt=1.9499988555908203
f=118 dt=0.01666666753590107 pos=(-24.285898208618164,0.037500001490116119,22.512781143188477) yaw=1.5944714546203613 sp=1002.3546752929688 vel=(-54.889652252197266,1.9170217910868814e-06,1000.8502197265625) gate=1 lap=0 prog=1.7177841663360596 b14=1116209.375 b1c=2755340.75 v9e4=1002.3546752929688
   post gate=1 lap=0 alive=1 prog=1.7142264842987061 ng=94 gc=(-26,20.999998092651367) rt=1.966665506362915
f=119 dt=0.01666666753590107 pos=(-24.287387847900391,0.037500001490116119,22.561004638671875) yaw=1.5634710788726807 sp=1042.115478515625 vel=(-32.189899444580078,1.5650164186808979e-06,1041.6051025390625) gate=1 lap=0 prog=1.7142264842987061 b14=1209575.375 b1c=2729203.5 v9e4=1042.115478515625
   post gate=1 lap=0 alive=1 prog=1.710340142250061 ng=94 gc=(-26,20.999998092651367) rt=1.9833321571350098
f=120 dt=0.01666666753590107 pos=(-24.287689208984375,0.037500001490116119,22.61107063293457) yaw=1.5312998294830322 sp=1081.478515625 vel=(-6.4902563095092773,1.280454171137535e-06,1081.413330078125) gate=1 lap=0 prog=1.710340142250061 b14=1305479.5 b1c=2698098.5 v9e4=1081.478515625
   post gate=1 lap=0 alive=1 prog=1.7061153650283813 ng=94 gc=(-26,20.999998092651367) rt=1.9999988079071045
f=121 dt=0.01666666753590107 pos=(-24.286655426025391,0.037500001490116119,22.662925720214844) yaw=1.4979710578918457 sp=1120.396728515625 vel=(22.32267951965332,1.0495762126083719e-06,1120.0733642578125) gate=1 lap=0 prog=1.7061153650283813 b14=1403619.625 b1c=2661696.25 v9e4=1120.396728515625
   post gate=1 lap=0 alive=1 prog=1.7015435695648193 ng=94 gc=(-26,20.999998092651367) rt=2.0166654586791992
f=122 dt=0.01666666753590107 pos=(-24.284139633178711,0.037500001490116119,22.716508865356445) yaw=1.4634995460510254 sp=1158.824462890625 vel=(54.333244323730469,8.6186946646193974e-07,1157.3690185546875) gate=1 lap=0 prog=1.7015435695648193 b14=1503656.375 b1c=2619676.75 v9e4=1158.824462890625
   post gate=1 lap=0 alive=1 prog=1.6966183185577393 ng=94 gc=(-26,20.999998092651367) rt=2.0333321094512939
f=123 dt=0.01666666753590107 pos=(-24.279991149902344,0.037500001490116119,22.771743774414062) yaw=1.427901029586792 sp=1196.715087890625 vel=(89.599899291992188,7.0904400217841612e-07,1193.0684814453125) gate=1 lap=0 prog=1.6966183185577393 b14=1605213.75 b1c=2571736.5 v9e4=1196.715087890625
   post gate=1 lap=0 alive=1 prog=1.6913356781005859 ng=94 gc=(-26,20.999998092651367) rt=2.0499987602233887
f=124 dt=0.01666666753590107 pos=(-24.274057388305664,0.037500001490116119,22.828546524047852) yaw=1.3911929130554199 sp=1234.0218505859375 vel=(128.15327453613281,5.8443197303859051e-07,1226.9263916015625) gate=1 lap=0 prog=1.6913356781005859 b14=1707881 b1c=2517591.5 v9e4=1234.0218505859375
   post gate=1 lap=0 alive=1 prog=1.6856935024261475 ng=94 gc=(-26,20.999998092651367) rt=2.0666654109954834
f=125 dt=0.01666666753590107 pos=(-24.26618766784668,0.037500001490116119,22.886819839477539) yaw=1.3533942699432373 sp=1270.6968994140625 vel=(169.99565124511719,4.8266599605994998e-07,1258.6861572265625) gate=1 lap=0 prog=1.6856935024261475 b14=1811209.375 b1c=2456981.5 v9e4=1270.6968994140625
   post gate=1 lap=0 alive=1 prog=1.6796925067901611 ng=94 gc=(-26,20.999998092651367) rt=2.0833320617675781
f=126 dt=0.01666666753590107 pos=(-24.256229400634766,0.037500001490116119,22.946453094482422) yaw=1.3145250082015991 sp=1306.693359375 vel=(215.10028076171875,3.9942182183949626e-07,1288.0821533203125) gate=1 lap=0 prog=1.6796925067901611 b14=1914718.25 b1c=2389677.5 v9e4=1306.693359375
   post gate=1 lap=0 alive=1 prog=1.6733354330062866 ng=94 gc=(-26,20.999998092651367) rt=2.0999987125396729
f=127 dt=0.01666666753590107 pos=(-24.256229400634766,0.037500001490116119,23.246452331542969) yaw=1.7477104663848877 sp=670.9820556640625 vel=(-118.08792114257812,3.3121321507678658e-07,660.50897216796875) gate=1 lap=0 prog=1.6733354330062866 b14=2017891.125 b1c=2315480.5 v9e4=1341.964111328125
   post gate=2 lap=0 alive=1 prog=2.6908767223358154 ng=94 gc=(-26,24.999998092651367) rt=2.1166653633117676
f=128 dt=0.01666666753590107 pos=(-24.261301040649414,0.037500001490116119,23.27863883972168) yaw=1.726770281791687 sp=703.8983154296875 vel=(-109.55775451660156,2.6671582986637077e-07,695.239990234375) gate=2 lap=0 prog=2.6908767223358154 b14=664728.75 b1c=2259593.5 v9e4=703.8983154296875
   post gate=2 lap=0 alive=1 prog=2.6941673755645752 ng=94 gc=(-26,24.999998092651367) rt=2.1333320140838623
f=129 dt=0.01666666753590107 pos=(-24.265918731689453,0.037500001490116119,23.312498092651367) yaw=1.7048090696334839 sp=738.22137451171875 vel=(-99.726371765136719,2.1508297720629344e-07,731.37249755859375) gate=2 lap=0 prog=2.6941673755645752 b14=752431.375 b1c=2352891.25 v9e4=738.22137451171875
   post gate=2 lap=0 alive=1 prog=2.6975440979003906 ng=94 gc=(-26,24.999998092651367) rt=2.149998664855957
f=130 dt=0.01666666753590107 pos=(-24.270008087158203,0.037500001490116119,23.34809684753418) yaw=1.6817816495895386 sp=774.0655517578125 vel=(-88.316146850585938,1.7367088389619312e-07,768.93243408203125) gate=2 lap=0 prog=2.6975440979003906 b14=849031.0625 b1c=2447273.75 v9e4=774.0655517578125
   post gate=2 lap=0 alive=1 prog=2.7010002136230469 ng=94 gc=(-26,24.999998092651367) rt=2.1666653156280518
f=131 dt=0.01666666753590107 pos=(-24.273483276367188,0.037500001490116119,23.385501861572266) yaw=1.6576415300369263 sp=811.47210693359375 vel=(-75.059539794921875,1.4043096996374516e-07,807.92230224609375) gate=2 lap=0 prog=2.7010002136230469 b14=955237.375 b1c=2542223.5 v9e4=811.47210693359375
   post gate=2 lap=0 alive=1 prog=2.7045273780822754 ng=94 gc=(-26,24.999998092651367) rt=2.1833319664001465
f=132 dt=0.01666666753590107 pos=(-24.276247024536133,0.037500001490116119,23.424776077270508) yaw=1.6323410272598267 sp=850.48199462890625 vel=(-59.683723449707031,1.1373104058520767e-07,848.32513427734375) gate=2 lap=0 prog=2.7045273780822754 b14=1071784.75 b1c=2637125.25 v9e4=850.48199462890625
   post gate=2 lap=0 alive=1 prog=2.7081136703491211 ng=94 gc=(-26,24.999998092651367) rt=2.1999986171722412
f=133 dt=0.01666666753590107 pos=(-24.2781982421875,0.037500001490116119,23.465953826904297) yaw=1.605851411819458 sp=890.45721435546875 vel=(-42.147407531738281,9.2266901674520341e-08,889.41375732421875) gate=2 lap=0 prog=2.7081136703491211 b14=1181200.875 b1c=2689751.5 v9e4=890.45721435546875
   post gate=2 lap=0 alive=1 prog=2.7117428779602051 ng=94 gc=(-26,24.999998092651367) rt=2.2166652679443359
f=134 dt=0.01666666753590107 pos=(-24.279245376586914,0.037500001490116119,23.509004592895508) yaw=1.578180193901062 sp=930.18585205078125 vel=(-22.636011123657227,7.4995185173065693e-08,929.8836669921875) gate=2 lap=0 prog=2.7117428779602051 b14=1263997.375 b1c=2665877.75 v9e4=930.18585205078125
   post gate=2 lap=0 alive=1 prog=2.7153935432434082 ng=94 gc=(-26,24.999998092651367) rt=2.2333319187164307
f=135 dt=0.01666666753590107 pos=(-24.279201507568359,0.037500001490116119,23.554100036621094) yaw=1.549203634262085 sp=974.068359375 vel=(0.9570925235748291,6.1090538849839504e-08,974.0511474609375) gate=2 lap=0 prog=2.7153935432434082 b14=1485519.625 b1c=2903706.5 v9e4=974.068359375
   post gate=2 lap=0 alive=1 prog=2.7190482616424561 ng=94 gc=(-26,24.999998092651367) rt=2.2499985694885254
f=136 dt=0.01666666753590107 pos=(-24.277933120727539,0.037500001490116119,23.601251602172852) yaw=1.518895149230957 sp=1018.8517456054688 vel=(27.38618278503418,4.9885610309274853e-08,1018.4767456054688) gate=2 lap=0 prog=2.7190482616424561 b14=1622437.625 b1c=2939601.75 v9e4=1018.8517456054688
   post gate=2 lap=0 alive=1 prog=2.7226800918579102 ng=94 gc=(-26,24.999998092651367) rt=2.2666652202606201
f=137 dt=0.01666666753590107 pos=(-24.275323867797852,0.037500001490116119,23.650407791137695) yaw=1.4872653484344482 sp=1063.273681640625 vel=(56.349399566650391,4.0839154280547518e-08,1061.7791748046875) gate=2 lap=0 prog=2.7226800918579102 b14=1725051.625 b1c=2896899.75 v9e4=1063.273681640625
   post gate=2 lap=0 alive=1 prog=2.7262556552886963 ng=94 gc=(-26,24.999998092651367) rt=2.2833318710327148
f=138 dt=0.01666666753590107 pos=(-24.271242141723633,0.037500001490116119,23.701507568359375) yaw=1.454326868057251 sp=1107.27880859375 vel=(88.148216247558594,3.3497304485763379e-08,1103.7607421875) gate=2 lap=0 prog=2.7262556552886963 b14=1830227.375 b1c=2847985 v9e4=1107.27880859375
   post gate=2 lap=0 alive=1 prog=2.7297372817993164 ng=94 gc=(-26,24.999998092651367) rt=2.2999985218048096
f=139 dt=0.01666666753590107 pos=(-24.26555061340332,0.037500001490116119,23.754480361938477) yaw=1.420093297958374 sp=1150.8201904296875 vel=(122.95525360107422,2.7525171475417665e-08,1144.209228515625) gate=2 lap=0 prog=2.7297372817993164 b14=1937539.25 b1c=2792457 v9e4=1150.8201904296875
   post gate=2 lap=0 alive=1 prog=2.733083963394165 ng=94 gc=(-26,24.999998092651367) rt=2.3166651725769043
f=140 dt=0.01666666753590107 pos=(-24.258100509643555,0.037500001490116119,23.809244155883789) yaw=1.3845802545547485 sp=1193.8402099609375 vel=(160.94136047363281,2.2661218679331796e-08,1182.876220703125) gate=2 lap=0 prog=2.733083963394165 b14=2046513.25 b1c=2729934.25 v9e4=1193.8402099609375
   post gate=2 lap=0 alive=1 prog=2.7362496852874756 ng=94 gc=(-26,24.999998092651367) rt=2.333331823348999
f=141 dt=0.01666666753590107 pos=(-24.258100509643555,0.037500001490116119,24.109243392944336) yaw=1.7051105499267578 sp=618.14007568359375 vel=(-82.775596618652344,1.8694461090262848e-08,612.57269287109375) gate=2 lap=0 prog=2.7362496852874756 b14=2156627.25 b1c=2660063.25 v9e4=1236.2801513671875
   post gate=2 lap=0 alive=1 prog=2.7554450035095215 ng=94 gc=(-26,24.999998092651367) rt=2.3499984741210938
f=142 dt=0.01666666753590107 pos=(-24.26146125793457,0.037500001490116119,24.13905143737793) yaw=1.6858329772949219 sp=648.00482177734375 vel=(-72.6021728515625,1.5043220003008173e-08,643.84075927734375) gate=2 lap=0 prog=2.7554450035095215 b14=771023.9375 b1c=2028748.875 v9e4=648.00482177734375
   post gate=2 lap=0 alive=1 prog=2.7574954032897949 ng=94 gc=(-26,24.999998092651367) rt=2.3666651248931885
f=143 dt=0.01666666753590107 pos=(-24.264312744140625,0.037500001490116119,24.170360565185547) yaw=1.6656283140182495 sp=679.17218017578125 vel=(-61.595569610595703,1.2119725667503189e-08,676.26763916015625) gate=2 lap=0 prog=2.7574954032897949 b14=854102.0625 b1c=2108161 v9e4=679.17218017578125
   post gate=2 lap=0 alive=1 prog=2.7595281600952148 ng=94 gc=(-26,24.999998092651367) rt=2.3833317756652832
f=144 dt=0.01666666753590107 pos=(-24.266611099243164,0.037500001490116119,24.203203201293945) yaw=1.6444699764251709 sp=711.23028564453125 vel=(-49.630096435546875,9.7748049654455826e-09,709.379638671875) gate=2 lap=0 prog=2.7595281600952148 b14=931500.8125 b1c=2157359 v9e4=711.23028564453125
   post gate=2 lap=0 alive=1 prog=2.761530876159668 ng=94 gc=(-26,24.999998092651367) rt=2.3999984264373779
f=145 dt=0.01666666753590107 pos=(-24.268314361572266,0.037500001490116119,24.23756217956543) yaw=1.6223613023757935 sp=743.17926025390625 vel=(-36.798671722412109,7.8925230795334755e-09,742.154541015625) gate=2 lap=0 prog=2.761530876159668 b14=986450.75 b1c=2144004.75 v9e4=743.17926025390625
   post gate=2 lap=0 alive=1 prog=2.7634873390197754 ng=94 gc=(-26,24.999998092651367) rt=2.4166650772094727
f=146 dt=0.01666666753590107 pos=(-24.269371032714844,0.037500001490116119,24.273422241210938) yaw=1.5993063449859619 sp=774.99310302734375 vel=(-22.836391448974609,6.3805716266074342e-09,774.55853271484375) gate=2 lap=0 prog=2.7634873390197754 b14=1043307.5 b1c=2128256.5 v9e4=774.99310302734375
   post gate=2 lap=0 alive=1 prog=2.7653796672821045 ng=94 gc=(-26,24.999998092651367) rt=2.4333317279815674
f=147 dt=0.01666666753590107 pos=(-24.269720077514648,0.037500001490116119,24.310762405395508) yaw=1.5753096342086792 sp=806.6495361328125 vel=(-7.5211501121520996,5.1651927179818813e-09,806.5382080078125) gate=2 lap=0 prog=2.7653796672821045 b14=1101966.875 b1c=2109935.75 v9e4=806.6495361328125
   post gate=2 lap=0 alive=1 prog=2.7671871185302734 ng=94 gc=(-26,24.999998092651367) rt=2.4499983787536621
f=148 dt=0.01666666753590107 pos=(-24.269287109375,0.037500001490116119,24.349559783935547) yaw=1.5503766536712646 sp=838.126953125 vel=(9.3337106704711914,4.1874002043584824e-09,838.022705078125) gate=2 lap=0 prog=2.7671871185302734 b14=1162308.5 b1c=2088859.5 v9e4=838.126953125
   post gate=2 lap=0 alive=1 prog=2.7688872814178467 ng=94 gc=(-26,24.999998092651367) rt=2.4666650295257568
f=149 dt=0.01666666753590107 pos=(-24.267995834350586,0.037500001490116119,24.389787673950195) yaw=1.5245133638381958 sp=869.4027099609375 vel=(27.884689331054688,3.4000067206108042e-09,868.9256591796875) gate=2 lap=0 prog=2.7688872814178467 b14=1224195.5 b1c=2064846 v9e4=869.4027099609375
   post gate=2 lap=0 alive=1 prog=2.7704558372497559 ng=94 gc=(-26,24.999998092651367) rt=2.4833316802978516
f=150 dt=0.01666666753590107 pos=(-24.265762329101562,0.037500001490116119,24.431415557861328) yaw=1.4977264404296875 sp=900.4534912109375 vel=(48.261867523193359,2.7652684586598753e-09,899.1470947265625) gate=2 lap=0 prog=2.7704558372497559 b14=1287475.5 b1c=2037718.125 v9e4=900.4534912109375
   post gate=2 lap=0 alive=1 prog=2.7718667984008789 ng=94 gc=(-26,24.999998092651367) rt=2.4999983310699463
f=151 dt=0.01666666753590107 pos=(-24.262495040893555,0.037500001490116119,24.474405288696289) yaw=1.4700232744216919 sp=931.25885009765625 vel=(70.562324523925781,2.2531352339427713e-09,928.5799560546875) gate=2 lap=0 prog=2.7718667984008789 b14=1351981.125 b1c=2007303 v9e4=931.25885009765625
   post gate=2 lap=0 alive=1 prog=2.7730922698974609 ng=94 gc=(-26,24.999998092651367) rt=2.516664981842041
f=152 dt=0.01666666753590107 pos=(-24.258102416992188,0.037500001490116119,24.518716812133789) yaw=1.4414118528366089 sp=961.79425048828125 vel=(94.863388061523438,1.8394881173833255e-09,957.1036376953125) gate=2 lap=0 prog=2.7730922698974609 b14=1417528.75 b1c=1973435.125 v9e4=961.79425048828125
   post gate=2 lap=0 alive=1 prog=2.7741045951843262 ng=94 gc=(-26,24.999998092651367) rt=2.5333316326141357
f=153 dt=0.01666666753590107 pos=(-24.25248908996582,0.037500001490116119,24.564298629760742) yaw=1.4119013547897339 sp=992.02325439453125 vel=(121.26519012451172,1.504605662283609e-09,984.5723876953125) gate=2 lap=0 prog=2.7741045951843262 b14=1483917.75 b1c=1935955.25 v9e4=992.02325439453125
   post gate=2 lap=0 alive=1 prog=2.7748739719390869 ng=94 gc=(-26,24.999998092651367) rt=2.5499982833862305
f=154 dt=0.01666666753590107 pos=(-24.25248908996582,0.037500001490116119,24.864297866821289) yaw=1.7138108015060425 sp=510.96511840820312 vel=(-72.826545715332031,1.2333551957510736e-09,505.74862670898438) gate=2 lap=0 prog=2.7748739719390869 b14=1550929.75 b1c=1894713.625 v9e4=1021.9302368164062
   post gate=2 lap=0 alive=1 prog=2.7809035778045654 ng=94 gc=(-26,24.999998092651367) rt=2.5666649341583252
f=155 dt=0.01666666753590107 pos=(-24.255449295043945,0.037500001490116119,24.88890266418457) yaw=1.6978844404220581 sp=535.352783203125 vel=(-63.940776824951172,9.9014463295077348e-10,531.44183349609375) gate=2 lap=0 prog=2.7809035778045654 b14=676566.75 b1c=1662417.125 v9e4=535.352783203125
   post gate=2 lap=0 alive=1 prog=2.781489372253418 ng=94 gc=(-26,24.999998092651367) rt=2.5833315849304199
f=156 dt=0.01666666753590107 pos=(-24.257993698120117,0.037500001490116119,24.914737701416016) yaw=1.6811988353729248 sp=560.8707275390625 vel=(-54.938827514648438,7.9560696919500629e-10,558.04638671875) gate=2 lap=0 prog=2.781489372253418 b14=740583.8125 b1c=1728006.5 v9e4=560.8707275390625
   post gate=2 lap=0 alive=1 prog=2.7819886207580566 ng=94 gc=(-26,24.999998092651367) rt=2.5999982357025146
f=157 dt=0.01666666753590107 pos=(-24.260101318359375,0.037500001490116119,24.941850662231445) yaw=1.6637192964553833 sp=587.56256103515625 vel=(-45.525524139404297,6.3975302833085834e-10,585.62603759765625) gate=2 lap=0 prog=2.7819886207580566 b14=810256.1875 b1c=1794854 v9e4=587.56256103515625
   post gate=2 lap=0 alive=1 prog=2.7823913097381592 ng=94 gc=(-26,24.999998092651367) rt=2.6166648864746094
f=158 dt=0.01666666753590107 pos=(-24.261741638183594,0.037500001490116119,24.970287322998047) yaw=1.6454101800918579 sp=615.4510498046875 vel=(-35.442325592041016,5.148198534143944e-10,614.224853515625) gate=2 lap=0 prog=2.7823913097381592 b14=885988.5625 b1c=1862647.875 v9e4=615.4510498046875
   post gate=2 lap=0 alive=1 prog=2.7826859951019287 ng=94 gc=(-26,24.999998092651367) rt=2.6333315372467041
f=159 dt=0.01666666753590107 pos=(-24.262872695922852,0.037500001490116119,25.000097274780273) yaw=1.6262348890304565 sp=644.567138671875 vel=(-24.449691772460938,4.1462772104594592e-10,643.873046875) gate=2 lap=0 prog=2.7826859951019287 b14=968212.4375 b1c=1931054.875 v9e4=644.567138671875
   post gate=2 lap=0 alive=1 prog=2.7828590869903564 ng=94 gc=(-26,24.999998092651367) rt=2.6499981880187988
f=160 dt=0.01666666753590107 pos=(-24.263442993164062,0.037500001490116119,25.031328201293945) yaw=1.6061558723449707 sp=674.946044921875 vel=(-12.31925106048584,3.3424307765983485e-10,674.587158203125) gate=2 lap=0 prog=2.7828590869903564 b14=1057385 b1c=1999708.5 v9e4=674.946044921875
   post gate=2 lap=0 alive=1 prog=2.7828950881958008 ng=94 gc=(-26,24.999998092651367) rt=2.6666648387908936
f=161 dt=0.01666666753590107 pos=(-24.263395309448242,0.037500001490116119,25.064016342163086) yaw=1.5851433277130127 sp=706.32952880859375 vel=(1.0407295227050781,2.6972024613769463e-10,706.0772705078125) gate=2 lap=0 prog=2.7828950881958008 b14=1144138 b1c=2050547.375 v9e4=706.32952880859375
   post gate=2 lap=0 alive=1 prog=2.7827768325805664 ng=94 gc=(-26,24.999998092651367) rt=2.6833314895629883
f=162 dt=0.01666666753590107 pos=(-24.262685775756836,0.037500001490116119,25.098146438598633) yaw=1.5632011890411377 sp=737.58038330078125 vel=(15.311823844909668,2.1789930970683713e-10,737.18438720703125) gate=2 lap=0 prog=2.7827768325805664 b14=1197027.375 b1c=2031733.875 v9e4=737.58038330078125
   post gate=2 lap=0 alive=1 prog=2.7824892997741699 ng=94 gc=(-26,24.999998092651367) rt=2.699998140335083
f=163 dt=0.01666666753590107 pos=(-24.261262893676758,0.037500001490116119,25.133695602416992) yaw=1.5403339862823486 sp=768.6824951171875 vel=(30.727214813232422,1.7625524650899393e-10,767.8592529296875) gate=2 lap=0 prog=2.7824892997741699 b14=1251535.75 b1c=2010408.5 v9e4=768.6824951171875
   post gate=2 lap=0 alive=1 prog=2.7820162773132324 ng=94 gc=(-26,24.999998092651367) rt=2.7166647911071777
f=164 dt=0.01666666753590107 pos=(-24.259063720703125,0.037500001490116119,25.170642852783203) yaw=1.516546368598938 sp=799.6197509765625 vel=(47.482517242431641,1.427655771379932e-10,798.03643798828125) gate=2 lap=0 prog=2.7820162773132324 b14=1307541.375 b1c=1986402.875 v9e4=799.6197509765625
   post gate=2 lap=0 alive=1 prog=2.7813401222229004 ng=94 gc=(-26,24.999998092651367) rt=2.7333314418792725
f=165 dt=0.01666666753590107 pos=(-24.256019592285156,0.037500001490116119,25.208959579467773) yaw=1.4918439388275146 sp=830.375 vel=(65.741493225097656,1.1581093029011669e-10,827.63616943359375) gate=2 lap=0 prog=2.7813401222229004 b14=1364907.125 b1c=1959551 v9e4=830.375
   post gate=2 lap=0 alive=1 prog=2.7804431915283203 ng=94 gc=(-26,24.999998092651367) rt=2.7499980926513672
f=166 dt=0.01666666753590107 pos=(-24.252054214477539,0.037500001490116119,25.248615264892578) yaw=1.4662327766418457 sp=860.9290771484375 vel=(85.640396118164062,9.4095127523008415e-11,856.56585693359375) gate=2 lap=0 prog=2.7804431915283203 b14=1423482.125 b1c=1929689.625 v9e4=860.9290771484375
   post gate=2 lap=0 alive=1 prog=2.7793078422546387 ng=94 gc=(-26,24.999998092651367) rt=2.7666647434234619
f=167 dt=0.01666666753590107 pos=(-24.252054214477539,0.037500001490116119,25.548614501953125) yaw=1.722267746925354 sp=445.63046264648438 vel=(-67.242439270019531,7.6580908281442817e-11,440.52801513671875) gate=2 lap=0 prog=2.7793078422546387 b14=1483102.375 b1c=1896662.25 v9e4=891.26092529296875
   post gate=2 lap=0 alive=1 prog=2.7709975242614746 ng=94 gc=(-26,24.999998092651367) rt=2.7833313941955566
f=168 dt=0.01666666753590107 pos=(-24.254789352416992,0.037500001490116119,25.570037841796875) yaw=1.708388090133667 sp=466.55145263671875 vel=(-59.068737030029297,6.1421832897590178e-11,462.72027587890625) gate=2 lap=0 prog=2.7709975242614746 b14=624217.8125 b1c=1435934.875 v9e4=466.55145263671875
   post gate=2 lap=0 alive=1 prog=2.7705063819885254 ng=94 gc=(-26,24.999998092651367) rt=2.7999980449676514
f=169 dt=0.01666666753590107 pos=(-24.257156372070312,0.037500001490116119,25.592521667480469) yaw=1.6938561201095581 sp=488.47586059570312 vel=(-51.133216857910156,4.9297555620997358e-11,485.64971923828125) gate=2 lap=0 prog=2.7705063819885254 b14=677834.125 b1c=1492094.875 v9e4=488.47586059570312
   post gate=2 lap=0 alive=1 prog=2.7698984146118164 ng=94 gc=(-26,24.999998092651367) rt=2.8166646957397461
f=170 dt=0.01666666753590107 pos=(-24.259153366088867,0.037500001490116119,25.616104125976562) yaw=1.6786417961120605 sp=511.418701171875 vel=(-43.150630950927734,3.9587590150436114e-11,509.3885498046875) gate=2 lap=0 prog=2.7698984146118164 b14=735973.125 b1c=1549589.75 v9e4=511.418701171875
   post gate=2 lap=0 alive=1 prog=2.7691681385040283 ng=94 gc=(-26,24.999998092651367) rt=2.8333313465118408
f=171 dt=0.01666666753590107 pos=(-24.260768890380859,0.037500001490116119,25.640825271606445) yaw=1.6627142429351807 sp=535.39129638671875 vel=(-34.876255035400391,3.1807653733118002e-11,533.99102783203125) gate=2 lap=0 prog=2.7691681385040283 b14=798932.5625 b1c=1608164.75 v9e4=535.39129638671875
   post gate=2 lap=0 alive=1 prog=2.7683084011077881 ng=94 gc=(-26,24.999998092651367) rt=2.8499979972839355
f=172 dt=0.01666666753590107 pos=(-24.26197624206543,0.037500001490116119,25.666728973388672) yaw=1.6460422277450562 sp=560.41668701171875 vel=(-26.090194702148438,2.5571985501349204e-11,559.4991455078125) gate=2 lap=0 prog=2.7683084011077881 b14=867038.1875 b1c=1667569.875 v9e4=560.41668701171875
   post gate=2 lap=0 alive=1 prog=2.7673101425170898 ng=94 gc=(-26,24.999998092651367) rt=2.8666646480560303
f=173 dt=0.01666666753590107 pos=(-24.262744903564453,0.037500001490116119,25.693855285644531) yaw=1.6285935640335083 sp=586.52471923828125 vel=(-16.589084625244141,2.0572496831072762e-11,585.94384765625) gate=2 lap=0 prog=2.7673101425170898 b14=940642.1875 b1c=1727545.875 v9e4=586.52471923828125
   post gate=2 lap=0 alive=1 prog=2.7661633491516113 ng=94 gc=(-26,24.999998092651367) rt=2.883331298828125
f=174 dt=0.01666666753590107 pos=(-24.263031005859375,0.037500001490116119,25.722251892089844) yaw=1.6103349924087524 sp=613.74920654296875 vel=(-6.1799354553222656,1.6562820559506974e-11,613.34552001953125) gate=2 lap=0 prog=2.7661633491516113 b14=1020118.4375 b1c=1787807.375 v9e4=613.74920654296875
   post gate=2 lap=0 alive=1 prog=2.7648568153381348 ng=94 gc=(-26,24.999998092651367) rt=2.8999979496002197
f=175 dt=0.01666666753590107 pos=(-24.262784957885742,0.037500001490116119,25.751960754394531) yaw=1.5912322998046875 sp=642.12591552734375 vel=(5.324549674987793,1.3345844394885287e-11,641.7142333984375) gate=2 lap=0 prog=2.7648568153381348 b14=1105859.875 b1c=1848033.5 v9e4=642.12591552734375
   post gate=2 lap=0 alive=1 prog=2.7633776664733887 ng=94 gc=(-26,24.999998092651367) rt=2.9166646003723145
f=176 dt=0.01666666753590107 pos=(-24.261945724487305,0.037500001490116119,25.783027648925781) yaw=1.5712502002716064 sp=671.69146728515625 vel=(18.109642028808594,1.0763818655834534e-11,671.049072265625) gate=2 lap=0 prog=2.7633776664733887 b14=1198273.75 b1c=1907856 v9e4=671.69146728515625
   post gate=2 lap=0 alive=1 prog=2.7617130279541016 ng=94 gc=(-26,24.999998092651367) rt=2.9333312511444092
f=177 dt=0.01666666753590107 pos=(-24.26045036315918,0.037500001490116119,25.81549072265625) yaw=1.5503562688827515 sp=702.34149169921875 vel=(32.288558959960938,8.6904641469209842e-12,701.2012939453125) gate=2 lap=0 prog=2.7617130279541016 b14=1292383.75 b1c=1958675 v9e4=702.34149169921875
   post gate=2 lap=0 alive=1 prog=2.7598483562469482 ng=94 gc=(-26,24.999998092651367) rt=2.9499979019165039
f=178 dt=0.01666666753590107 pos=(-24.258256912231445,0.037500001490116119,25.849330902099609) yaw=1.5285549163818359 sp=732.8466796875 vel=(47.371932983398438,7.0245562838744391e-12,730.93963623046875) gate=2 lap=0 prog=2.7598483562469482 b14=1343355 b1c=1935998.625 v9e4=732.8466796875
   post gate=2 lap=0 alive=1 prog=2.7577760219573975 ng=94 gc=(-26,24.999998092651367) rt=2.9666645526885986
f=179 dt=0.01666666753590107 pos=(-24.255313873291016,0.037500001490116119,25.884525299072266) yaw=1.5058507919311523 sp=763.19598388671875 vel=(63.575973510742188,5.6852148856700868e-12,760.20819091796875) gate=2 lap=0 prog=2.7577760219573975 b14=1395716.125 b1c=1910757 v9e4=763.19598388671875
   post gate=2 lap=0 alive=1 prog=2.7554879188537598 ng=94 gc=(-26,24.999998092651367) rt=2.9833312034606934
f=180 dt=0.01666666753590107 pos=(-24.251560211181641,0.037500001490116119,25.921051025390625) yaw=1.4822489023208618 sp=793.3773193359375 vel=(81.081329345703125,4.6076328516497789e-12,788.93701171875) gate=2 lap=0 prog=2.7554879188537598 b14=1449334 b1c=1882794.625 v9e4=793.3773193359375
   post gate=2 lap=0 alive=1 prog=2.7529745101928711 ng=94 gc=(-26,24.999998092651367) rt=2.9999978542327881
f=181 dt=0.01666666753590107 pos=(-24.251560211181641,0.037500001490116119,26.221050262451172) yaw=1.7316044569015503 sp=411.71502685546875 vel=(-65.922142028808594,3.739621459719622e-12,406.40316772460938) gate=2 lap=0 prog=2.7529745101928711 b14=1499497.25 b1c=1855656.5 v9e4=823.4300537109375
   post gate=2 lap=0 alive=1 prog=2.733424186706543 ng=94 gc=(-26,24.999998092651367) rt=3.0166645050048828
f=182 dt=0.01666666753590107 pos=(-24.254247665405273,0.037500001490116119,26.240804672241211) yaw=1.7187914848327637 sp=430.69293212890625 vel=(-58.028812408447266,2.9984597704063587e-12,426.68780517578125) gate=2 lap=0 prog=2.733424186706543 b14=603497.4375 b1c=1314904 v9e4=430.69293212890625
   post gate=2 lap=0 alive=1 prog=2.7322766780853271 ng=94 gc=(-26,24.999998092651367) rt=3.0333311557769775
f=183 dt=0.01666666753590107 pos=(-24.256589889526367,0.037500001490116119,26.261528015136719) yaw=1.7053854465484619 sp=450.63107299804688 vel=(-50.606151580810547,2.4055796417343789e-12,447.62548828125) gate=2 lap=0 prog=2.7322766780853271 b14=648720.5625 b1c=1366960.5 v9e4=450.63107299804688
   post gate=2 lap=0 alive=1 prog=2.7310047149658203 ng=94 gc=(-26,24.999998092651367) rt=3.0499978065490723
f=184 dt=0.01666666753590107 pos=(-24.258598327636719,0.037500001490116119,26.283254623413086) yaw=1.6913576126098633 sp=471.52978515625 vel=(-43.365318298339844,1.9307437593152343e-12,469.29949951171875) gate=2 lap=0 prog=2.7310047149658203 b14=697693.625 b1c=1420666.375 v9e4=471.52978515625
   post gate=2 lap=0 alive=1 prog=2.7296061515808105 ng=94 gc=(-26,24.999998092651367) rt=3.066664457321167
f=185 dt=0.01666666753590107 pos=(-24.26026725769043,0.037500001490116119,26.306022644042969) yaw=1.6766793727874756 sp=493.39590454101562 vel=(-36.061904907226562,1.550302963261585e-12,491.77529907226562) gate=2 lap=0 prog=2.7296061515808105 b14=750655 b1c=1475819.375 v9e4=493.39590454101562
   post gate=2 lap=0 alive=1 prog=2.7280747890472412 ng=94 gc=(-26,24.999998092651367) rt=3.0833311080932617
f=186 dt=0.01666666753590107 pos=(-24.261585235595703,0.037500001490116119,26.329870223999023) yaw=1.6613211631774902 sp=516.25164794921875 vel=(-28.480308532714844,1.2454082903845531e-12,515.10675048828125) gate=2 lap=0 prog=2.7280747890472412 b14=807877.8125 b1c=1532242.125 v9e4=516.25164794921875
   post gate=2 lap=0 alive=1 prog=2.7264056205749512 ng=94 gc=(-26,24.999998092651367) rt=3.0999977588653564
f=187 dt=0.01666666753590107 pos=(-24.262531280517578,0.037500001490116119,26.354839324951172) yaw=1.6452527046203613 sp=540.12811279296875 vel=(-20.424802780151367,1.0009976788433184e-12,539.33758544921875) gate=2 lap=0 prog=2.7264056205749512 b14=869667.25 b1c=1589764.5 v9e4=540.12811279296875
   post gate=2 lap=0 alive=1 prog=2.7245914936065674 ng=94 gc=(-26,24.999998092651367) rt=3.1166644096374512
f=188 dt=0.01666666753590107 pos=(-24.263072967529297,0.037500001490116119,26.380973815917969) yaw=1.6284425258636475 sp=565.06182861328125 vel=(-11.712879180908203,8.0502271515570101e-13,564.5025634765625) gate=2 lap=0 prog=2.7245914936065674 b14=936353.9375 b1c=1648204.125 v9e4=565.06182861328125
   post gate=2 lap=0 alive=1 prog=2.7226235866546631 ng=94 gc=(-26,24.999998092651367) rt=3.1333310604095459
f=189 dt=0.01666666753590107 pos=(-24.263174057006836,0.037500001490116119,26.408317565917969) yaw=1.6108579635620117 sp=591.09234619140625 vel=(-2.1700491905212402,6.478407220400495e-13,590.6278076171875) gate=2 lap=0 prog=2.7226235866546631 b14=1008293.75 b1c=1707358.5 v9e4=591.09234619140625
   post gate=2 lap=0 alive=1 prog=2.7204935550689697 ng=94 gc=(-26,24.999998092651367) rt=3.1499977111816406
f=190 dt=0.01666666753590107 pos=(-24.262786865234375,0.037500001490116119,26.436916351318359) yaw=1.5924652814865112 sp=618.2608642578125 vel=(8.3742332458496094,5.2173293896978779e-13,617.73101806640625) gate=2 lap=0 prog=2.7204935550689697 b14=1085862.5 b1c=1766991.125 v9e4=618.2608642578125
   post gate=2 lap=0 alive=1 prog=2.7181911468505859 ng=94 gc=(-26,24.999998092651367) rt=3.1666643619537354
f=191 dt=0.01666666753590107 pos=(-24.261856079101562,0.037500001490116119,26.466815948486328) yaw=1.573229193687439 sp=646.61016845703125 vel=(20.089897155761719,4.2051998276788904e-13,645.82098388671875) gate=2 lap=0 prog=2.7181911468505859 b14=1169457.5 b1c=1826827.5 v9e4=646.61016845703125
   post gate=2 lap=0 alive=1 prog=2.715705394744873 ng=94 gc=(-26,24.999998092651367) rt=3.1833310127258301
f=192 dt=0.01666666753590107 pos=(-24.260320663452148,0.037500001490116119,26.498062133789062) yaw=1.5531134605407715 sp=676.18292236328125 vel=(33.148891448974609,3.3925466602635623e-13,674.89697265625) gate=2 lap=0 prog=2.715705394744873 b14=1259492.375 b1c=1886546 v9e4=676.18292236328125
   post gate=2 lap=0 alive=1 prog=2.7130255699157715 ng=94 gc=(-26,24.999998092651367) rt=3.1999976634979248
f=193 dt=0.01666666753590107 pos=(-24.258119583129883,0.037500001490116119,26.530683517456055) yaw=1.5320905447006226 sp=706.676025390625 vel=(47.540176391601562,2.7397441954013502e-13,704.61773681640625) gate=2 lap=0 prog=2.7130255699157715 b14=1342631.5 b1c=1926024.875 v9e4=706.676025390625
   post gate=2 lap=0 alive=1 prog=2.710141658782959 ng=94 gc=(-26,24.999998092651367) rt=3.2166643142700195
f=194 dt=0.01666666753590107 pos=(-24.255208969116211,0.037500001490116119,26.564662933349609) yaw=1.5101635456085205 sp=737.07171630859375 vel=(62.865058898925781,2.2150375067128691e-13,733.9661865234375) gate=2 lap=0 prog=2.710141658782959 b14=1388589.125 b1c=1905288.25 v9e4=737.07171630859375
   post gate=2 lap=0 alive=1 prog=2.7070498466491699 ng=94 gc=(-26,24.999998092651367) rt=3.2333309650421143
f=195 dt=0.01666666753590107 pos=(-24.251535415649414,0.037500001490116119,26.599981307983398) yaw=1.4873355627059937 sp=767.3616943359375 vel=(79.3333740234375,1.7930352569448665e-13,762.88232421875) gate=2 lap=0 prog=2.7070498466491699 b14=1435988.75 b1c=1882196.5 v9e4=767.3616943359375
   post gate=2 lap=0 alive=1 prog=2.7037453651428223 ng=94 gc=(-26,24.999998092651367) rt=3.249997615814209
f=196 dt=0.01666666753590107 pos=(-24.251535415649414,0.037500001490116119,26.899980545043945) yaw=1.7422124147415161 sp=398.7677001953125 vel=(-68.02093505859375,1.4533868357945179e-13,392.92343139648438) gate=2 lap=0 prog=2.7037453651428223 b14=1484714.625 b1c=1856602.125 v9e4=797.535400390625
   post gate=2 lap=0 alive=1 prog=2.6772418022155762 ng=94 gc=(-26,24.999998092651367) rt=3.2666642665863037
f=197 dt=0.01666666753590107 pos=(-24.254341125488281,0.037500001490116119,26.919084548950195) yaw=1.7298020124435425 sp=417.16021728515625 vel=(-60.591686248779297,1.1651625302609714e-13,412.66061401367188) gate=2 lap=0 prog=2.6772418022155762 b14=571007.1875 b1c=1279751.125 v9e4=417.16021728515625
   post gate=2 lap=0 alive=1 prog=2.6757166385650635 ng=94 gc=(-26,24.999998092651367) rt=3.2833309173583984
f=198 dt=0.01666666753590107 pos=(-24.256826400756836,0.037500001490116119,26.939132690429688) yaw=1.7168166637420654 sp=436.49029541015625 vel=(-53.665149688720703,9.3460571855448482e-14,433.02566528320312) gate=2 lap=0 prog=2.6757166385650635 b14=613755.5 b1c=1330921.5 v9e4=436.49029541015625
   post gate=2 lap=0 alive=1 prog=2.6740663051605225 ng=94 gc=(-26,24.999998092651367) rt=3.2999975681304932
f=199 dt=0.01666666753590107 pos=(-24.259000778198242,0.037500001490116119,26.960155487060547) yaw=1.7032283544540405 sp=456.75527954101562 vel=(-46.960723876953125,7.4996520766593827e-14,454.10369873046875) gate=2 lap=0 prog=2.6740663051605225 b14=660060.125 b1c=1383793 v9e4=456.75527954101562
   post gate=2 lap=0 alive=1 prog=2.6722879409790039 ng=94 gc=(-26,24.999998092651367) rt=3.3166642189025879
f=200 dt=0.01666666753590107 pos=(-24.2608642578125,0.037500001490116119,26.98219108581543) yaw=1.6890093088150024 sp=477.96109008789062 vel=(-40.241230010986328,6.0204276188923628e-14,475.96258544921875) gate=2 lap=0 prog=2.6722879409790039 b14=710147.25 b1c=1438176.25 v9e4=477.96109008789062
   post gate=2 lap=0 alive=1 prog=2.6703770160675049 ng=94 gc=(-26,24.999998092651367) rt=3.3333308696746826
f=201 dt=0.01666666753590107 pos=(-24.262405395507812,0.037500001490116119,27.005277633666992) yaw=1.6741307973861694 sp=500.12924194335938 vel=(-33.298019409179688,4.8350561699999836e-14,498.65863037109375) gate=2 lap=0 prog=2.6703770160675049 b14=764277.75 b1c=1493910.375 v9e4=500.12924194335938
   post gate=3 lap=0 alive=1 prog=3.6693248748779297 ng=94 gc=(-26.000001907348633,28.999998092651367) rt=3.3499975204467773
f=202 dt=0.01666666753590107 pos=(-24.263607025146484,0.037500001490116119,27.029455184936523) yaw=1.6585631370544434 sp=523.29022216796875 vel=(-25.942256927490234,3.8849427011966239e-14,522.23846435546875) gate=3 lap=0 prog=3.6693248748779297 b14=822743.9375 b1c=1550844.25 v9e4=523.29022216796875
   post gate=3 lap=0 alive=1 prog=3.6716969013214111 ng=94 gc=(-26.000001907348633,28.999998092651367) rt=3.3666641712188721
f=203 dt=0.01666666753590107 pos=(-24.264440536499023,0.037500001490116119,27.054767608642578) yaw=1.6422760486602783 sp=547.47991943359375 vel=(-17.9984130859375,3.1232147808734831e-14,546.739990234375) gate=3 lap=0 prog=3.6716969013214111 b14=885863.5625 b1c=1608817.125 v9e4=547.47991943359375
   post gate=3 lap=0 alive=1 prog=3.6741335391998291 ng=94 gc=(-26.000001907348633,28.999998092651367) rt=3.3833308219909668
f=204 dt=0.01666666753590107 pos=(-24.264871597290039,0.037500001490116119,27.081258773803711) yaw=1.6252374649047852 sp=572.737548828125 vel=(-9.2991437911987305,2.5123603691152782e-14,572.19329833984375) gate=3 lap=0 prog=3.6741335391998291 b14=953979.0625 b1c=1667650.875 v9e4=572.737548828125
   post gate=3 lap=0 alive=1 prog=3.6766328811645508 ng=94 gc=(-26.000001907348633,28.999998092651367) rt=3.3999974727630615
f=205 dt=0.01666666753590107 pos=(-24.264856338500977,0.037500001490116119,27.108972549438477) yaw=1.6074146032333374 sp=599.10406494140625 vel=(0.31875991821289062,2.0223524867550233e-14,598.6202392578125) gate=3 lap=0 prog=3.6766328811645508 b14=1027454.1875 b1c=1727136.625 v9e4=599.10406494140625
   post gate=3 lap=0 alive=1 prog=3.6791927814483643 ng=94 gc=(-26.000001907348633,28.999998092651367) rt=3.4166641235351562
f=206 dt=0.01666666753590107 pos=(-24.264347076416016,0.037500001490116119,27.137956619262695) yaw=1.5887731313705444 sp=626.62139892578125 vel=(11.017644882202148,1.6291542022221252e-14,626.03485107421875) gate=3 lap=0 prog=3.6791927814483643 b14=1106672.75 b1c=1787030.75 v9e4=626.62139892578125
   post gate=3 lap=0 alive=1 prog=3.6818094253540039 ng=94 gc=(-26.000001907348633,28.999998092651367) rt=3.433330774307251
f=207 dt=0.01666666753590107 pos=(-24.263284683227539,0.037500001490116119,27.168254852294922) yaw=1.5692776441574097 sp=655.3326416015625 vel=(22.961681365966797,1.3135214351747346e-14,654.4422607421875) gate=3 lap=0 prog=3.6818094253540039 b14=1192039 b1c=1847048.625 v9e4=655.3326416015625
   post gate=3 lap=0 alive=1 prog=3.6844778060913086 ng=94 gc=(-26.000001907348633,28.999998092651367) rt=3.4499974250793457
f=208 dt=0.01666666753590107 pos=(-24.261602401733398,0.037500001490116119,27.199914932250977) yaw=1.5488913059234619 sp=685.280517578125 vel=(36.319019317626953,1.0600471645220641e-14,683.8382568359375) gate=3 lap=0 prog=3.6844778060913086 b14=1283972.875 b1c=1906854.25 v9e4=685.280517578125
   post gate=3 lap=0 alive=1 prog=3.6871919631958008 ng=94 gc=(-26.000001907348633,28.999998092651367) rt=3.4666640758514404
f=209 dt=0.01666666753590107 pos=(-24.25922966003418,0.037500001490116119,27.232980728149414) yaw=1.5275759696960449 sp=716.50823974609375 vel=(51.263530731201172,8.5639520242030212e-15,714.2078857421875) gate=3 lap=0 prog=3.6871919631958008 b14=1382909.75 b1c=1966058 v9e4=716.50823974609375
   post gate=3 lap=0 alive=1 prog=3.6899435520172119 ng=94 gc=(-26.000001907348633,28.999998092651367) rt=3.4833307266235352
f=210 dt=0.01666666753590107 pos=(-24.256082534790039,0.037500001490116119,27.267496109008789) yaw=1.5052924156188965 sp=749.05853271484375 vel=(67.976249694824219,6.9268715417703745e-15,745.52423095703125) gate=3 lap=0 prog=3.6899435520172119 b14=1489299.25 b1c=2024210.25 v9e4=749.05853271484375
   post gate=3 lap=0 alive=1 prog=3.692723274230957 ng=94 gc=(-26.000001907348633,28.999998092651367) rt=3.4999973773956299
f=211 dt=0.01666666753590107 pos=(-24.252071380615234,0.037500001490116119,27.303503036499023) yaw=1.4819999933242798 sp=782.9737548828125 vel=(86.6463623046875,5.6101215558138854e-15,777.7467041015625) gate=3 lap=0 prog=3.692723274230957 b14=1603597.375 b1c=2080789.5 v9e4=782.9737548828125
   post gate=3 lap=0 alive=1 prog=3.695518970489502 ng=94 gc=(-26.000001907348633,28.999998092651367) rt=3.5166640281677246
f=212 dt=0.01666666753590107 pos=(-24.252071380615234,0.037500001490116119,27.60350227355957) yaw=1.7005399465560913 sp=409.14764404296875 vel=(-52.935474395751953,4.5503389196812488e-15,405.70880126953125) gate=3 lap=0 prog=3.695518970489502 b14=1726265.875 b1c=2135199.75 v9e4=818.2952880859375
   post gate=3 lap=0 alive=1 prog=3.7203388214111328 ng=94 gc=(-26.000001907348633,28.999998092651367) rt=3.5333306789398193
f=213 dt=0.01666666753590107 pos=(-24.254129409790039,0.037500001490116119,27.623207092285156) yaw=1.6878067255020142 sp=428.011474609375 vel=(-44.473026275634766,3.649026830617472e-15,425.61749267578125) gate=3 lap=0 prog=3.7203388214111328 b14=640037.3125 b1c=1287460.5 v9e4=428.011474609375
   post gate=3 lap=0 alive=1 prog=3.722071647644043 ng=94 gc=(-26.000001907348633,28.999998092651367) rt=3.5499973297119141
f=214 dt=0.01666666753590107 pos=(-24.255817413330078,0.037500001490116119,27.643863677978516) yaw=1.6744840145111084 sp=447.83026123046875 vel=(-36.464012145996094,2.9278977076759981e-15,446.18917846679688) gate=3 lap=0 prog=3.722071647644043 b14=686464.3125 b1c=1337840.75 v9e4=447.83026123046875
   post gate=3 lap=0 alive=1 prog=3.7238297462463379 ng=94 gc=(-26.000001907348633,28.999998092651367) rt=3.5666639804840088
f=215 dt=0.01666666753590107 pos=(-24.257143020629883,0.037500001490116119,27.665506362915039) yaw=1.6605433225631714 sp=468.60418701171875 vel=(-28.619979858398438,2.3502434722634307e-15,467.49822998046875) gate=3 lap=0 prog=3.7238297462463379 b14=736654.75 b1c=1389754.625 v9e4=468.60418701171875
   post gate=3 lap=0 alive=1 prog=3.7256135940551758 ng=94 gc=(-26.000001907348633,28.999998092651367) rt=3.5833306312561035
f=216 dt=0.01666666753590107 pos=(-24.258100509643555,0.037500001490116119,27.688173294067383) yaw=1.6459559202194214 sp=490.34014892578125 vel=(-20.696310043334961,1.88734631933606e-15,489.60269165039062) gate=3 lap=0 prog=3.7256135940551758 b14=790838.125 b1c=1442996.375 v9e4=490.34014892578125
   post gate=3 lap=0 alive=1 prog=3.7274224758148193 ng=94 gc=(-26.000001907348633,28.999998092651367) rt=3.5999972820281982
f=217 dt=0.01666666753590107 pos=(-24.258678436279297,0.037500001490116119,27.711902618408203) yaw=1.630692720413208 sp=513.06011962890625 vel=(-12.477270126342773,1.5163088307472341e-15,512.54974365234375) gate=3 lap=0 prog=3.7274224758148193 b14=849279.625 b1c=1497383.5 v9e4=513.06011962890625
   post gate=3 lap=0 alive=1 prog=3.7292547225952148 ng=94 gc=(-26.000001907348633,28.999998092651367) rt=3.616663932800293
f=218 dt=0.01666666753590107 pos=(-24.258852005004883,0.037500001490116119,27.736734390258789) yaw=1.6147233247756958 sp=536.79534912109375 vel=(-3.7672214508056641,1.2188304361550502e-15,536.37738037109375) gate=3 lap=0 prog=3.7292547225952148 b14=912276.25 b1c=1552739.75 v9e4=536.79534912109375
   post gate=3 lap=0 alive=1 prog=3.7311065196990967 ng=94 gc=(-26.000001907348633,28.999998092651367) rt=3.6333305835723877
f=219 dt=0.01666666753590107 pos=(-24.25859260559082,0.037500001490116119,27.762712478637695) yaw=1.598016619682312 sp=561.5821533203125 vel=(5.6160135269165039,9.8026879463767843e-16,561.11505126953125) gate=3 lap=0 prog=3.7311065196990967 b14=980150.625 b1c=1608877.75 v9e4=561.5821533203125
   post gate=3 lap=0 alive=1 prog=3.7329740524291992 ng=94 gc=(-26.000001907348633,28.999998092651367) rt=3.6499972343444824
f=220 dt=0.01666666753590107 pos=(-24.257858276367188,0.037500001490116119,27.789878845214844) yaw=1.5805401802062988 sp=587.46002197265625 vel=(15.846296310424805,7.8890314072704664e-16,586.783935546875) gate=3 lap=0 prog=3.7329740524291992 b14=1053248.75 b1c=1665587.125 v9e4=587.46002197265625
   post gate=3 lap=0 alive=1 prog=3.7348511219024658 ng=94 gc=(-26.000001907348633,28.999998092651367) rt=3.6666638851165771
f=221 dt=0.01666666753590107 pos=(-24.256603240966797,0.037500001490116119,27.818277359008789) yaw=1.5622601509094238 sp=614.4703369140625 vel=(27.093244552612305,6.3534961991699806e-16,613.39697265625) gate=3 lap=0 prog=3.7348511219024658 b14=1131936.375 b1c=1722625 v9e4=614.4703369140625
   post gate=3 lap=0 alive=1 prog=3.7367300987243652 ng=94 gc=(-26.000001907348633,28.999998092651367) rt=3.6833305358886719
f=222 dt=0.01666666753590107 pos=(-24.25477409362793,0.037500001490116119,27.847951889038086) yaw=1.5431417226791382 sp=642.65545654296875 vel=(39.525524139404297,5.12094520569795e-16,640.95849609375) gate=3 lap=0 prog=3.7367300987243652 b14=1216598.875 b1c=1779710.25 v9e4=642.65545654296875
   post gate=3 lap=0 alive=1 prog=3.7386026382446289 ng=94 gc=(-26.000001907348633,28.999998092651367) rt=3.6999971866607666
f=223 dt=0.01666666753590107 pos=(-24.25230598449707,0.037500001490116119,27.878946304321289) yaw=1.5231486558914185 sp=672.05816650390625 vel=(53.313495635986328,4.1312110296329416e-16,669.46319580078125) gate=3 lap=0 prog=3.7386026382446289 b14=1307638.125 b1c=1836515.625 v9e4=672.05816650390625
   post gate=3 lap=0 alive=1 prog=3.7404570579528809 ng=94 gc=(-26.000001907348633,28.999998092651367) rt=3.7166638374328613
f=224 dt=0.01666666753590107 pos=(-24.25230598449707,0.037500001490116119,28.178945541381836) yaw=1.7062757015228271 sp=351.28207397460938 vel=(-47.446014404296875,3.336103319627698e-16,348.06317138671875) gate=3 lap=0 prog=3.7404570579528809 b14=1398941.25 b1c=1883868.625 v9e4=702.56414794921875
   post gate=3 lap=0 alive=1 prog=3.7586312294006348 ng=94 gc=(-26.000001907348633,28.999998092651367) rt=3.7333304882049561
f=225 dt=0.01666666753590107 pos=(-24.254171371459961,0.037500001490116119,28.195854187011719) yaw=1.6953423023223877 sp=367.51275634765625 vel=(-40.298122406005859,2.6725853543519622e-16,365.23007202148438) gate=3 lap=0 prog=3.7586312294006348 b14=543297.3125 b1c=1108773.375 v9e4=367.51275634765625
   post gate=3 lap=0 alive=1 prog=3.7597341537475586 ng=94 gc=(-26.000001907348633,28.999998092651367) rt=3.7499971389770508
f=226 dt=0.01666666753590107 pos=(-24.255731582641602,0.037500001490116119,28.213584899902344) yaw=1.6839007139205933 sp=384.59326171875 vel=(-33.704399108886719,2.1419930635822317e-16,382.97012329101562) gate=3 lap=0 prog=3.7597341537475586 b14=580905 b1c=1153434.5 v9e4=384.59326171875
   post gate=3 lap=0 alive=1 prog=3.7608306407928467 ng=94 gc=(-26.000001907348633,28.999998092651367) rt=3.7666637897491455
f=227 dt=0.01666666753590107 pos=(-24.256999969482422,0.037500001490116119,28.232166290283203) yaw=1.6719261407852173 sp=402.511962890625 vel=(-27.409011840820312,1.7172789647770028e-16,401.35433959960938) gate=3 lap=0 prog=3.7608306407928467 b14=621510.6875 b1c=1199693.25 v9e4=402.511962890625
   post gate=3 lap=0 alive=1 prog=3.7619209289550781 ng=94 gc=(-26.000001907348633,28.999998092651367) rt=3.7833304405212402
f=228 dt=0.01666666753590107 pos=(-24.25798225402832,0.037500001490116119,28.251630783081055) yaw=1.6593935489654541 sp=421.27151489257812 vel=(-21.196733474731445,1.3772034420860777e-16,420.4403076171875) gate=3 lap=0 prog=3.7619209289550781 b14=665285.5 b1c=1247390.25 v9e4=421.27151489257812
   post gate=3 lap=0 alive=1 prog=3.7630043029785156 ng=94 gc=(-26.000001907348633,28.999998092651367) rt=3.799997091293335
f=229 dt=0.01666666753590107 pos=(-24.258670806884766,0.037500001490116119,28.272014617919922) yaw=1.6462771892547607 sp=440.89028930664062 vel=(-14.880537033081055,1.1048368876973543e-16,440.27691650390625) gate=3 lap=0 prog=3.7630043029785156 b14=712435.1875 b1c=1296400.375 v9e4=440.89028930664062
   post gate=3 lap=0 alive=1 prog=3.7640776634216309 ng=94 gc=(-26.000001907348633,28.999998092651367) rt=3.8166637420654297
f=230 dt=0.01666666753590107 pos=(-24.259054183959961,0.037500001490116119,28.293352127075195) yaw=1.6325509548187256 sp=461.39617919921875 vel=(-8.2935419082641602,8.8665529564228439e-17,460.90582275390625) gate=3 lap=0 prog=3.7640776634216309 b14=763194.875 b1c=1346613.75 v9e4=461.39617919921875
   post gate=3 lap=0 alive=1 prog=3.7651381492614746 ng=94 gc=(-26.000001907348633,28.999998092651367) rt=3.8333303928375244
f=231 dt=0.01666666753590107 pos=(-24.259113311767578,0.037500001490116119,28.315683364868164) yaw=1.6181871891021729 sp=482.822509765625 vel=(-1.282862663269043,7.118448345112889e-17,482.3623046875) gate=3 lap=0 prog=3.7651381492614746 b14=817824.5625 b1c=1397919.25 v9e4=482.822509765625
   post gate=3 lap=0 alive=1 prog=3.7661805152893066 ng=94 gc=(-26.000001907348633,28.999998092651367) rt=3.8499970436096191
f=232 dt=0.01666666753590107 pos=(-24.258821487426758,0.037500001490116119,28.339048385620117) yaw=1.603157639503479 sp=505.2061767578125 vel=(6.2964048385620117,5.7176484180008786e-17,504.67611694335938) gate=3 lap=0 prog=3.7661805152893066 b14=876605.5625 b1c=1450194.625 v9e4=505.2061767578125
   post gate=3 lap=0 alive=1 prog=3.7671990394592285 ng=94 gc=(-26.000001907348633,28.999998092651367) rt=3.8666636943817139
f=233 dt=0.01666666753590107 pos=(-24.258146286010742,0.037500001490116119,28.363487243652344) yaw=1.5874325037002563 sp=528.5863037109375 vel=(14.58244800567627,4.5948940041422377e-17,527.87127685546875) gate=3 lap=0 prog=3.7671990394592285 b14=939839.5 b1c=1503297.25 v9e4=528.5863037109375
   post gate=3 lap=0 alive=1 prog=3.7681863307952881 ng=94 gc=(-26.000001907348633,28.999998092651367) rt=3.8833303451538086
f=234 dt=0.01666666753590107 pos=(-24.257047653198242,0.037500001490116119,28.389041900634766) yaw=1.5709810256958008 sp=553.003173828125 vel=(23.710601806640625,3.6947160260203854e-17,551.966064453125) gate=3 lap=0 prog=3.7681863307952881 b14=1007847.375 b1c=1557060.125 v9e4=553.003173828125
   post gate=3 lap=0 alive=1 prog=3.7691335678100586 ng=94 gc=(-26.000001907348633,28.999998092651367) rt=3.8999969959259033
f=235 dt=0.01666666753590107 pos=(-24.255481719970703,0.037500001490116119,28.415754318237305) yaw=1.5537711381912231 sp=578.49798583984375 vel=(33.816638946533203,2.9727435229612423e-17,576.97296142578125) gate=3 lap=0 prog=3.7691335678100586 b14=1080967.25 b1c=1611284 v9e4=578.49798583984375
   post gate=3 lap=0 alive=1 prog=3.7700309753417969 ng=94 gc=(-26.000001907348633,28.999998092651367) rt=3.916663646697998
f=236 dt=0.01666666753590107 pos=(-24.253396987915039,0.037500001490116119,28.443666458129883) yaw=1.5357694625854492 sp=605.11248779296875 vel=(45.038806915283203,2.3934795279021977e-17,602.8978271484375) gate=3 lap=0 prog=3.7700309753417969 b14=1159555.75 b1c=1665734.25 v9e4=605.11248779296875
   post gate=3 lap=0 alive=1 prog=3.7708666324615479 ng=94 gc=(-26.000001907348633,28.999998092651367) rt=3.9333302974700928
f=237 dt=0.01666666753590107 pos=(-24.250734329223633,0.037500001490116119,28.472822189331055) yaw=1.5169415473937988 sp=632.88916015625 vel=(57.519527435302734,1.9285256069253261e-17,629.73931884765625) gate=3 lap=0 prog=3.7708666324615479 b14=1243984 b1c=1720134.625 v9e4=632.88916015625
   post gate=3 lap=0 alive=1 prog=3.77162766456604 ng=94 gc=(-26.000001907348633,28.999998092651367) rt=3.9499969482421875
f=238 dt=0.01666666753590107 pos=(-24.250734329223633,0.037500001490116119,28.772821426391602) yaw=1.7128958702087402 sp=330.93524169921875 vel=(-46.867630004882812,1.5552482786738291e-17,327.59970092773438) gate=3 lap=0 prog=3.77162766456604 b14=1334640.125 b1c=1774164 v9e4=661.8704833984375
   post gate=3 lap=0 alive=1 prog=3.7795052528381348 ng=94 gc=(-26.000001907348633,28.999998092651367) rt=3.9666635990142822
f=239 dt=0.01666666753590107 pos=(-24.252597808837891,0.037500001490116119,28.788740158081055) yaw=1.7025954723358154 sp=346.23406982421875 vel=(-40.2479248046875,1.2456250628181864e-17,343.82394409179688) gate=3 lap=0 prog=3.7795052528381348 b14=504944.6875 b1c=1048004.5625 v9e4=346.23406982421875
   post gate=3 lap=0 alive=1 prog=3.7799839973449707 ng=94 gc=(-26.000001907348633,28.999998092651367) rt=3.983330249786377
f=240 dt=0.01666666753590107 pos=(-24.254180908203125,0.037500001490116119,28.80543327331543) yaw=1.6918158531188965 sp=362.34280395507812 vel=(-34.206493377685547,9.9803973115953086e-18,360.585693359375) gate=3 lap=0 prog=3.7799839973449707 b14=539422.1875 b1c=1090687.75 v9e4=362.34280395507812
   post gate=3 lap=0 alive=1 prog=3.780421257019043 ng=94 gc=(-26.000001907348633,28.999998092651367) rt=3.9999969005584717
f=241 dt=0.01666666753590107 pos=(-24.255500793457031,0.037500001490116119,28.822931289672852) yaw=1.6805334091186523 sp=379.24658203125 vel=(-28.500564575195312,7.9988902901275936e-18,377.95510864257812) gate=3 lap=0 prog=3.780421257019043 b14=576636 b1c=1134977.625 v9e4=379.24658203125
   post gate=3 lap=0 alive=1 prog=3.7808170318603516 ng=94 gc=(-26.000001907348633,28.999998092651367) rt=4.0166635513305664
f=242 dt=0.01666666753590107 pos=(-24.256561279296875,0.037500001490116119,28.841264724731445) yaw=1.6687244176864624 sp=396.94677734375 vel=(-22.92634391784668,6.4125522626948364e-18,395.98995971679688) gate=3 lap=0 prog=3.7808170318603516 b14=616738 b1c=1180729.125 v9e4=396.94677734375
   post gate=3 lap=0 alive=1 prog=3.7811684608459473 ng=94 gc=(-26.000001907348633,28.999998092651367) rt=4.0333304405212402
f=243 dt=0.01666666753590107 pos=(-24.257362365722656,0.037500001490116119,28.860466003417969) yaw=1.6563646793365479 sp=415.46054077148438 vel=(-17.307544708251953,5.1423051763272741e-18,414.73959350585938) gate=3 lap=0 prog=3.7811684608459473 b14=659914.75 b1c=1227836.125 v9e4=415.46054077148438
   post gate=3 lap=0 alive=1 prog=3.78147292137146 ng=94 gc=(-26.000001907348633,28.999998092651367) rt=4.0499973297119141
f=244 dt=0.01666666753590107 pos=(-24.257894515991211,0.037500001490116119,28.880569458007812) yaw=1.6434290409088135 sp=434.81436157226562 vel=(-11.487740516662598,4.1249801427763756e-18,434.24676513671875) gate=3 lap=0 prog=3.78147292137146 b14=706380.4375 b1c=1276209 v9e4=434.81436157226562
   post gate=3 lap=0 alive=1 prog=3.7817254066467285 ng=94 gc=(-26.000001907348633,28.999998092651367) rt=4.0666642189025879
f=245 dt=0.01666666753590107 pos=(-24.258140563964844,0.037500001490116119,28.901613235473633) yaw=1.6298918724060059 sp=455.04055786132812 vel=(-5.323328971862793,3.3101075641478307e-18,454.54861450195312) gate=3 lap=0 prog=3.7817254066467285 b14=756373.6875 b1c=1325761.125 v9e4=455.04055786132812
   post gate=3 lap=0 alive=1 prog=3.7819204330444336 ng=94 gc=(-26.000001907348633,28.999998092651367) rt=4.0833311080932617
f=246 dt=0.01666666753590107 pos=(-24.258079528808594,0.037500001490116119,28.923635482788086) yaw=1.6157258749008179 sp=476.17489624023438 vel=(1.3191714286804199,2.6573005538288909e-18,475.67724609375) gate=3 lap=0 prog=3.7819204330444336 b14=810153 b1c=1376396.125 v9e4=476.17489624023438
   post gate=3 lap=0 alive=1 prog=3.782050609588623 ng=94 gc=(-26.000001907348633,28.999998092651367) rt=4.0999979972839355
f=247 dt=0.01666666753590107 pos=(-24.257682800292969,0.037500001490116119,28.946676254272461) yaw=1.6009030342102051 sp=498.2552490234375 vel=(8.5665283203125,2.1342058033159228e-18,497.65975952148438) gate=3 lap=0 prog=3.782050609588623 b14=867997.875 b1c=1428003.5 v9e4=498.2552490234375
   post gate=3 lap=0 alive=1 prog=3.7821083068847656 ng=94 gc=(-26.000001907348633,28.999998092651367) rt=4.1166648864746094
f=248 dt=0.01666666753590107 pos=(-24.256916046142578,0.037500001490116119,28.970773696899414) yaw=1.585394024848938 sp=521.32080078125 vel=(16.543125152587891,1.7149400040615295e-18,520.5184326171875) gate=3 lap=0 prog=3.7821083068847656 b14=930205.125 b1c=1480450.75 v9e4=521.32080078125
   post gate=3 lap=0 alive=1 prog=3.7820835113525391 ng=94 gc=(-26.000001907348633,28.999998092651367) rt=4.1333317756652832
f=249 dt=0.01666666753590107 pos=(-24.255741119384766,0.037500001490116119,28.9959716796875) yaw=1.5691684484481812 sp=545.41168212890625 vel=(25.373317718505859,1.378795413213482e-18,544.27069091796875) gate=3 lap=0 prog=3.7820835113525391 b14=997089.5 b1c=1533577.875 v9e4=545.41168212890625
   post gate=3 lap=0 alive=1 prog=3.7819666862487793 ng=94 gc=(-26.000001907348633,28.999998092651367) rt=4.149998664855957
f=250 dt=0.01666666753590107 pos=(-24.254112243652344,0.037500001490116119,29.022310256958008) yaw=1.552194356918335 sp=570.56878662109375 vel=(35.183406829833984,1.1092053608611448e-18,568.9283447265625) gate=3 lap=0 prog=3.7819666862487793 b14=1068983.375 b1c=1587194.75 v9e4=570.56878662109375
   post gate=3 lap=0 alive=1 prog=3.7817459106445312 ng=94 gc=(-26.000001907348633,28.999998092651367) rt=4.1666655540466309
f=251 dt=0.01666666753590107 pos=(-24.251977920532227,0.037500001490116119,29.049833297729492) yaw=1.5344390869140625 sp=596.83367919921875 vel=(46.103328704833984,8.9291479467623854e-19,594.4974365234375) gate=3 lap=0 prog=3.7817459106445312 b14=1146236 b1c=1641075.875 v9e4=596.83367919921875
   post gate=3 lap=0 alive=1 prog=3.7814083099365234 ng=94 gc=(-26.000001907348633,28.999998092651367) rt=4.1833324432373047
f=252 dt=0.01666666753590107 pos=(-24.251977920532227,0.037500001490116119,29.349832534790039) yaw=1.7197279930114746 sp=312.12417602539062 vel=(-46.313518524169922,7.1931765654339655e-19,308.66900634765625) gate=3 lap=0 prog=3.7814083099365234 b14=1229213.375 b1c=1694956.625 v9e4=624.24835205078125
   post gate=3 lap=0 alive=1 prog=3.7771642208099365 ng=94 gc=(-26.000001907348633,28.999998092651367) rt=4.1999993324279785
f=253 dt=0.01666666753590107 pos=(-24.253837585449219,0.037500001490116119,29.364833831787109) yaw=1.7100130319595337 sp=326.55718994140625 vel=(-40.179386138916016,5.7597790633834347e-19,324.01651000976562) gate=3 lap=0 prog=3.7771642208099365 b14=469514.75 b1c=991741.25 v9e4=326.55718994140625
   post gate=3 lap=0 alive=1 prog=3.7770161628723145 ng=94 gc=(-26.000001907348633,28.999998092651367) rt=4.2166662216186523
f=254 dt=0.01666666753590107 pos=(-24.255441665649414,0.037500001490116119,29.380569458007812) yaw=1.6998456716537476 sp=341.76220703125 vel=(-34.640758514404297,4.6137063660183781e-19,339.86767578125) gate=3 lap=0 prog=3.7770161628723145 b14=501162.375 b1c=1032531.5 v9e4=341.76220703125
   post gate=3 lap=0 alive=1 prog=3.776801586151123 ng=94 gc=(-26.000001907348633,28.999998092651367) rt=4.2333331108093262
f=255 dt=0.01666666753590107 pos=(-24.256805419921875,0.037500001490116119,29.397064208984375) yaw=1.6892035007476807 sp=357.72174072265625 vel=(-29.466897964477539,3.6966231116021417e-19,356.291748046875) gate=3 lap=0 prog=3.776801586151123 b14=535310.625 b1c=1074925.625 v9e4=357.72174072265625
   post gate=3 lap=0 alive=1 prog=3.7765192985534668 ng=94 gc=(-26.000001907348633,28.999998092651367) rt=4.25
f=256 dt=0.01666666753590107 pos=(-24.257938385009766,0.037500001490116119,29.414348602294922) yaw=1.6780641078948975 sp=374.43606567382812 vel=(-24.464591979980469,2.9625667509042753e-19,373.34613037109375) gate=3 lap=0 prog=3.7765192985534668 b14=572094.8125 b1c=1118791.875 v9e4=374.43606567382812
   post gate=3 lap=0 alive=1 prog=3.7761671543121338 ng=94 gc=(-26.000001907348633,28.999998092651367) rt=4.2666668891906738
f=257 dt=0.01666666753590107 pos=(-24.258840560913086,0.037500001490116119,29.432455062866211) yaw=1.6664046049118042 sp=391.92105102539062 vel=(-19.467514038085938,2.3748893053795584e-19,391.08035278320312) gate=3 lap=0 prog=3.7761671543121338 b14=611683.4375 b1c=1164039 v9e4=391.92105102539062
   post gate=3 lap=0 alive=1 prog=3.7757420539855957 ng=94 gc=(-26.000001907348633,28.999998092651367) rt=4.2833337783813477
f=258 dt=0.01666666753590107 pos=(-24.259504318237305,0.037500001490116119,29.451416015625) yaw=1.6542012691497803 sp=410.20196533203125 vel=(-14.328835487365723,1.9043199550770364e-19,409.5377197265625) gate=3 lap=0 prog=3.7757420539855957 b14=654272.3125 b1c=1210595.125 v9e4=410.20196533203125
   post gate=3 lap=0 alive=1 prog=3.7752394676208496 ng=94 gc=(-26.000001907348633,28.999998092651367) rt=4.3000006675720215
f=259 dt=0.01666666753590107 pos=(-24.259916305541992,0.037500001490116119,29.47126579284668) yaw=1.6414295434951782 sp=429.30987548828125 vel=(-8.9137420654296875,1.5274758550434837e-19,428.75665283203125) gate=3 lap=0 prog=3.7752394676208496 b14=700079.25 b1c=1258392 v9e4=429.30987548828125
   post gate=3 lap=0 alive=1 prog=3.774653434753418 ng=94 gc=(-26.000001907348633,28.999998092651367) rt=4.3166675567626953
f=260 dt=0.01666666753590107 pos=(-24.260059356689453,0.037500001490116119,29.492042541503906) yaw=1.6280636787414551 sp=449.27944946289062 vel=(-3.0996947288513184,1.2256415269320052e-19,448.7708740234375) gate=3 lap=0 prog=3.774653434753418 b14=749343.625 b1c=1307358.5 v9e4=449.27944946289062
   post gate=3 lap=0 alive=1 prog=3.7739777565002441 ng=94 gc=(-26.000001907348633,28.999998092651367) rt=4.3333344459533691
f=261 dt=0.01666666753590107 pos=(-24.259910583496094,0.037500001490116119,29.513784408569336) yaw=1.6140769720077515 sp=470.14727783203125 vel=(3.2303829193115234,9.8384054263490165e-20,469.6097412109375) gate=3 lap=0 prog=3.7739777565002441 b14=802321.375 b1c=1357407.625 v9e4=470.14727783203125
   post gate=3 lap=0 alive=1 prog=3.7732052803039551 ng=94 gc=(-26.000001907348633,28.999998092651367) rt=4.350001335144043
f=262 dt=0.01666666753590107 pos=(-24.259439468383789,0.037500001490116119,29.536529541015625) yaw=1.5994416475296021 sp=491.95123291015625 vel=(10.190835952758789,7.9008976926266456e-20,491.29849243164062) gate=3 lap=0 prog=3.7732052803039551 b14=859287.9375 b1c=1408436.625 v9e4=491.95123291015625
   post gate=3 lap=0 alive=1 prog=3.7723274230957031 ng=94 gc=(-26.000001907348633,28.999998092651367) rt=4.3666682243347168
f=263 dt=0.01666666753590107 pos=(-24.258611679077148,0.037500001490116119,29.560319900512695) yaw=1.584128737449646 sp=514.73040771484375 vel=(17.895542144775391,6.3480173115140685e-20,513.8582763671875) gate=3 lap=0 prog=3.7723274230957031 b14=920535.25 b1c=1460319.25 v9e4=514.73040771484375
   post gate=3 lap=0 alive=1 prog=3.7713353633880615 ng=94 gc=(-26.000001907348633,28.999998092651367) rt=4.3833351135253906
f=264 dt=0.01666666753590107 pos=(-24.257387161254883,0.037500001490116119,29.585195541381836) yaw=1.5681079626083374 sp=538.52459716796875 vel=(26.459861755371094,5.103059113950904e-20,537.30572509765625) gate=3 lap=0 prog=3.7713353633880615 b14=986372.875 b1c=1512902.875 v9e4=538.52459716796875
   post gate=3 lap=0 alive=1 prog=3.7702188491821289 ng=94 gc=(-26.000001907348633,28.999998092651367) rt=4.4000020027160645
f=265 dt=0.01666666753590107 pos=(-24.255720138549805,0.037500001490116119,29.611198425292969) yaw=1.5513479709625244 sp=563.3743896484375 vel=(36.002300262451172,4.10465308395168e-20,561.65264892578125) gate=3 lap=0 prog=3.7702188491821289 b14=1057127.25 b1c=1566004.5 v9e4=563.3743896484375
   post gate=3 lap=0 alive=1 prog=3.7689669132232666 ng=94 gc=(-26.000001907348633,28.999998092651367) rt=4.4166688919067383
f=266 dt=0.01666666753590107 pos=(-24.253561019897461,0.037500001490116119,29.638370513916016) yaw=1.5338160991668701 sp=589.321044921875 vel=(46.645931243896484,3.3036947430514368e-20,586.9053955078125) gate=3 lap=0 prog=3.7689669132232666 b14=1133142.5 b1c=1619408.25 v9e4=589.321044921875
   post gate=3 lap=0 alive=1 prog=3.7675681114196777 ng=94 gc=(-26.000001907348633,28.999998092651367) rt=4.4333357810974121
f=267 dt=0.01666666753590107 pos=(-24.250852584838867,0.037500001490116119,29.666753768920898) yaw=1.5154786109924316 sp=616.40631103515625 vel=(58.519611358642578,2.6608922043603389e-20,613.06390380859375) gate=3 lap=0 prog=3.7675681114196777 b14=1214778.375 b1c=1672858.75 v9e4=616.40631103515625
   post gate=3 lap=0 alive=1 prog=3.7660098075866699 ng=94 gc=(-26.000001907348633,28.999998092651367) rt=4.4500026702880859
f=268 dt=0.01666666753590107 pos=(-24.247529983520508,0.037500001490116119,29.696390151977539) yaw=1.4963001012802124 sp=644.67242431640625 vel=(71.759017944335938,2.14480016458044e-20,640.120849609375) gate=3 lap=0 prog=3.7660098075866699 b14=1302409 b1c=1726056.125 v9e4=644.67242431640625
   post gate=3 lap=0 alive=1 prog=3.7642788887023926 ng=94 gc=(-26.000001907348633,28.999998092651367) rt=4.4666695594787598
f=269 dt=0.01666666753590107 pos=(-24.243524551391602,0.037500001490116119,29.727319717407227) yaw=1.4762445688247681 sp=674.16180419921875 vel=(86.510276794433594,1.7303300095508083e-20,668.0601806640625) gate=3 lap=0 prog=3.7642788887023926 b14=1396423.375 b1c=1778653.75 v9e4=674.16180419921875
   post gate=3 lap=0 alive=1 prog=3.7623615264892578 ng=94 gc=(-26.000001907348633,28.999998092651367) rt=4.4833364486694336
f=270 dt=0.01666666753590107 pos=(-24.238765716552734,0.037500001490116119,29.759571075439453) yaw=1.4552814960479736 sp=704.6629638671875 vel=(102.77310180664062,1.3973665485434866e-20,696.625244140625) gate=3 lap=0 prog=3.7623615264892578 b14=1486053.25 b1c=1816598 v9e4=704.6629638671875
   post gate=3 lap=0 alive=1 prog=3.7602441310882568 ng=94 gc=(-26.000001907348633,28.999998092651367) rt=4.5000033378601074
f=271 dt=0.01666666753590107 pos=(-24.233209609985352,0.037500001490116119,29.793125152587891) yaw=1.433414101600647 sp=735.0675048828125 vel=(119.99365997314453,1.1297224062704377e-20,724.75054931640625) gate=3 lap=0 prog=3.7602441310882568 b14=1530188.625 b1c=1792526.625 v9e4=735.0675048828125
   post gate=3 lap=0 alive=1 prog=3.7579190731048584 ng=94 gc=(-26.000001907348633,28.999998092651367) rt=4.5166702270507812
f=272 dt=0.01666666753590107 pos=(-24.226802825927734,0.037500001490116119,29.827957153320312) yaw=1.4106453657150269 sp=765.3681640625 vel=(138.3648681640625,9.1445454874655097e-21,752.35992431640625) gate=3 lap=0 prog=3.7579190731048584 b14=1575582.375 b1c=1765997.75 v9e4=765.3681640625
   post gate=3 lap=0 alive=1 prog=3.755378246307373 ng=94 gc=(-26.000001907348633,28.999998092651367) rt=4.5333371162414551
f=273 dt=0.01666666753590107 pos=(-24.219348907470703,0.037500001490116119,29.864215850830078) yaw=1.386847972869873 sp=799.95208740234375 vel=(161.02377319335938,7.4125569161630473e-21,783.19891357421875) gate=3 lap=0 prog=3.755378246307373 b14=1832129.25 b1c=1961753.375 v9e4=799.95208740234375
   post gate=3 lap=0 alive=1 prog=3.7525885105133057 ng=94 gc=(-26.000001907348633,28.999998092651367) rt=4.5500040054321289
f=274 dt=0.01666666753590107 pos=(-24.21074104309082,0.037500001490116119,29.901931762695312) yaw=1.3619793653488159 sp=835.961669921875 vel=(185.93452453613281,6.0176896809156926e-21,814.66668701171875) gate=3 lap=0 prog=3.7525885105133057 b14=1962974.125 b1c=2004057.75 v9e4=835.961669921875
   post gate=3 lap=0 alive=1 prog=3.7495336532592773 ng=94 gc=(-26.000001907348633,28.999998092651367) rt=4.5666708946228027
f=275 dt=0.01666666753590107 pos=(-24.200864791870117,0.037500001490116119,29.941129684448242) yaw=1.335996150970459 sp=873.43658447265625 vel=(213.31375122070312,4.8935294180298204e-21,846.66259765625) gate=3 lap=0 prog=3.7495336532592773 b14=2102572.5 b1c=2042413.375 v9e4=873.43658447265625
   post gate=3 lap=0 alive=1 prog=3.746196985244751 ng=94 gc=(-26.000001907348633,28.999998092651367) rt=4.5833377838134766
f=276 dt=0.01666666753590107 pos=(-24.189655303955078,0.037500001490116119,29.98176383972168) yaw=1.3089033365249634 sp=910.73748779296875 vel=(242.13043212890625,3.9866623934782395e-21,877.6849365234375) gate=3 lap=0 prog=3.746196985244751 b14=2164579.75 b1c=1996001 v9e4=910.73748779296875
   post gate=3 lap=0 alive=1 prog=3.7425723075866699 ng=94 gc=(-26.000001907348633,28.999998092651367) rt=4.6000046730041504
f=277 dt=0.01666666753590107 pos=(-24.304460525512695,0.037500001490116119,30.258928298950195) yaw=1.7273601293563843 sp=473.91213989257812 vel=(-73.894721984863281,3.2543787438409725e-21,468.11566162109375) gate=3 lap=0 prog=3.7425723075866699 b14=2226911 b1c=1944537.875 v9e4=947.82427978515625
   post gate=3 lap=0 alive=1 prog=3.73602294921875 ng=94 gc=(-26.000001907348633,28.999998092651367) rt=4.6166715621948242
f=278 dt=0.01666666753590107 pos=(-24.307455062866211,0.037500001490116119,30.28167724609375) yaw=1.7126138210296631 sp=495.68252563476562 vel=(-64.671257019042969,2.6131734149801191e-21,491.3563232421875) gate=3 lap=0 prog=3.73602294921875 b14=700905 b1c=1510195.625 v9e4=495.68252563476562
   post gate=3 lap=0 alive=1 prog=3.7346165180206299 ng=94 gc=(-26.000001907348633,28.999998092651367) rt=4.633338451385498
f=279 dt=0.01666666753590107 pos=(-24.310035705566406,0.037500001490116119,30.305536270141602) yaw=1.6971882581710815 sp=518.51580810546875 vel=(-55.755878448486328,2.0999936729574535e-21,515.3463134765625) gate=3 lap=0 prog=3.7346165180206299 b14=756112.25 b1c=1568167.5 v9e4=518.51580810546875
   post gate=3 lap=0 alive=1 prog=3.7330608367919922 ng=94 gc=(-26.000001907348633,28.999998092651367) rt=4.6500053405761719
f=280 dt=0.01666666753590107 pos=(-24.312204360961914,0.037500001490116119,30.330543518066406) yaw=1.68105149269104 sp=542.42657470703125 vel=(-46.825904846191406,1.6885613871950367e-21,540.16827392578125) gate=3 lap=0 prog=3.7330608367919922 b14=815964.9375 b1c=1627637.625 v9e4=542.42657470703125
   post gate=3 lap=0 alive=1 prog=3.731351375579834 ng=94 gc=(-26.000001907348633,28.999998092651367) rt=4.6666722297668457
f=281 dt=0.01666666753590107 pos=(-24.313945770263672,0.037500001490116119,30.356742858886719) yaw=1.6641709804534912 sp=567.42657470703125 vel=(-37.60797119140625,1.358532983528697e-21,565.88525390625) gate=3 lap=0 prog=3.731351375579834 b14=880766.8125 b1c=1688336.25 v9e4=567.42657470703125
   post gate=3 lap=0 alive=1 prog=3.7294812202453613 ng=94 gc=(-26.000001907348633,28.999998092651367) rt=4.6833391189575195
f=282 dt=0.01666666753590107 pos=(-24.315235137939453,0.037500001490116119,30.384176254272461) yaw=1.6465135812759399 sp=593.5413818359375 vel=(-27.857137680053711,1.0937050317732539e-21,592.54583740234375) gate=3 lap=0 prog=3.7294812202453613 b14=950860.375 b1c=1750013 v9e4=593.5413818359375
   post gate=3 lap=0 alive=1 prog=3.7274429798126221 ng=94 gc=(-26.000001907348633,28.999998092651367) rt=4.7000060081481934
f=283 dt=0.01666666753590107 pos=(-24.316038131713867,0.037500001490116119,30.41288948059082) yaw=1.6280450820922852 sp=620.8048095703125 vel=(-17.347400665283203,8.8112688448922829e-22,620.18597412109375) gate=3 lap=0 prog=3.7274429798126221 b14=1026617.4375 b1c=1812406 v9e4=620.8048095703125
   post gate=3 lap=0 alive=1 prog=3.7252273559570312 ng=94 gc=(-26.000001907348633,28.999998092651367) rt=4.7166728973388672
f=284 dt=0.01666666753590107 pos=(-24.316308975219727,0.037500001490116119,30.442928314208984) yaw=1.6087304353713989 sp=649.2552490234375 vel=(-5.8647046089172363,7.1043242975458571e-22,648.8297119140625) gate=3 lap=0 prog=3.7252273559570312 b14=1108438.875 b1c=1875233.625 v9e4=649.2552490234375
   post gate=3 lap=0 alive=1 prog=3.7228248119354248 ng=94 gc=(-26.000001907348633,28.999998092651367) rt=4.733339786529541
f=285 dt=0.01666666753590107 pos=(-24.315994262695312,0.037500001490116119,30.474340438842773) yaw=1.5885328054428101 sp=678.93365478515625 vel=(6.7983794212341309,5.7331881187856637e-22,678.4891357421875) gate=3 lap=0 prog=3.7228248119354248 b14=1196747.375 b1c=1938174 v9e4=678.93365478515625
   post gate=3 lap=0 alive=1 prog=3.7202243804931641 ng=94 gc=(-26.000001907348633,28.999998092651367) rt=4.7500066757202148
f=286 dt=0.01666666753590107 pos=(-24.315040588378906,0.037500001490116119,30.507150650024414) yaw=1.5674285888671875 sp=709.410888671875 vel=(20.607536315917969,4.631300643050223e-22,708.705322265625) gate=3 lap=0 prog=3.7202243804931641 b14=1274173.5 b1c=1973273.75 v9e4=709.410888671875
   post gate=3 lap=0 alive=1 prog=3.7174170017242432 ng=94 gc=(-26.000001907348633,28.999998092651367) rt=4.7666735649108887
f=287 dt=0.01666666753590107 pos=(-24.313405990600586,0.037500001490116119,30.541343688964844) yaw=1.5454206466674805 sp=739.79119873046875 vel=(35.292938232421875,3.745300794355489e-22,738.57049560546875) gate=3 lap=0 prog=3.7174170017242432 b14=1320988.25 b1c=1954018.125 v9e4=739.79119873046875
   post gate=3 lap=0 alive=1 prog=3.7143988609313965 ng=94 gc=(-26.000001907348633,28.999998092651367) rt=4.7833404541015625
f=288 dt=0.01666666753590107 pos=(-24.311040878295898,0.037500001490116119,30.576900482177734) yaw=1.5225123167037964 sp=770.064697265625 vel=(51.081317901611328,3.0324762354136856e-22,768.03411865234375) gate=3 lap=0 prog=3.7143988609313965 b14=1369324.25 b1c=1932456.5 v9e4=770.064697265625
   post gate=3 lap=0 alive=1 prog=3.7111659049987793 ng=94 gc=(-26.000001907348633,28.999998092651367) rt=4.8000073432922363
f=289 dt=0.01666666753590107 pos=(-24.307884216308594,0.037500001490116119,30.613800048828125) yaw=1.4987068176269531 sp=800.22003173828125 vel=(68.163078308105469,2.4585757616798199e-22,797.0306396484375) gate=3 lap=0 prog=3.7111659049987793 b14=1419070.875 b1c=1908437.5 v9e4=800.22003173828125
   post gate=3 lap=0 alive=1 prog=3.7077131271362305 ng=94 gc=(-26.000001907348633,28.999998092651367) rt=4.8166742324829102
f=290 dt=0.01666666753590107 pos=(-24.303871154785156,0.037500001490116119,30.652017593383789) yaw=1.474008321762085 sp=830.24365234375 vel=(86.697853088378906,1.9961423435956419e-22,825.48089599609375) gate=3 lap=0 prog=3.7077131271362305 b14=1470105.25 b1c=1881810.75 v9e4=830.24365234375
   post gate=3 lap=0 alive=1 prog=3.7040367126464844 ng=94 gc=(-26.000001907348633,28.999998092651367) rt=4.833341121673584
f=291 dt=0.01666666753590107 pos=(-24.298925399780273,0.037500001490116119,30.691522598266602) yaw=1.4484212398529053 sp=860.119140625 vel=(106.81873321533203,1.6231720630507684e-22,853.29339599609375) gate=3 lap=0 prog=3.7040367126464844 b14=1522292.625 b1c=1852430.375 v9e4=860.119140625
   post gate=3 lap=0 alive=1 prog=3.7001323699951172 ng=94 gc=(-26.000001907348633,28.999998092651367) rt=4.8500080108642578
f=292 dt=0.01666666753590107 pos=(-24.292970657348633,0.037500001490116119,30.732280731201172) yaw=1.4219504594802856 sp=889.82763671875 vel=(128.635498046875,1.3220344467933616e-22,880.36578369140625) gate=3 lap=0 prog=3.7001323699951172 b14=1575487.25 b1c=1820155.25 v9e4=889.82763671875
   post gate=3 lap=0 alive=1 prog=3.6959965229034424 ng=94 gc=(-26.000001907348633,28.999998092651367) rt=4.8666749000549316
f=293 dt=0.01666666753590107 pos=(-24.285923004150391,0.037500001490116119,30.774251937866211) yaw=1.3946014642715454 sp=919.34814453125 vel=(152.23701477050781,1.0786050980876202e-22,906.58587646484375) gate=3 lap=0 prog=3.6959965229034424 b14=1629531.625 b1c=1784850.75 v9e4=919.34814453125
   post gate=3 lap=0 alive=1 prog=3.6916260719299316 ng=94 gc=(-26.000001907348633,28.999998092651367) rt=4.8833417892456055
f=294 dt=0.01666666753590107 pos=(-24.27769660949707,0.037500001490116119,30.817392349243164) yaw=1.3663806915283203 sp=948.65972900390625 vel=(177.69143676757812,8.8158677146431042e-23,931.834716796875) gate=3 lap=0 prog=3.6916260719299316 b14=1684255.125 b1c=1746388.875 v9e4=948.65972900390625
   post gate=3 lap=0 alive=1 prog=3.687018871307373 ng=94 gc=(-26.000001907348633,28.999998092651367) rt=4.9000086784362793
f=295 dt=0.01666666753590107 pos=(-24.268203735351562,0.037500001490116119,30.861652374267578) yaw=1.3372949361801147 sp=977.74346923828125 vel=(205.03570556640625,7.2200096764456874e-23,955.9923095703125) gate=3 lap=0 prog=3.687018871307373 b14=1739474.875 b1c=1704649.25 v9e4=977.74346923828125
   post gate=3 lap=0 alive=1 prog=3.6821732521057129 ng=94 gc=(-26.000001907348633,28.999998092651367) rt=4.9166755676269531
f=296 dt=0.01666666753590107 pos=(-24.257356643676758,0.037500001490116119,30.906972885131836) yaw=1.3073515892028809 sp=1006.5762939453125 vel=(234.29872131347656,5.9255861186415303e-23,978.927490234375) gate=3 lap=0 prog=3.6821732521057129 b14=1794997.375 b1c=1659520.875 v9e4=1006.5762939453125
   post gate=3 lap=0 alive=1 prog=3.6770892143249512 ng=94 gc=(-26.000001907348633,28.999998092651367) rt=4.933342456817627
f=297 dt=0.01666666753590107 pos=(-24.257356643676758,0.037500001490116119,31.206972122192383) yaw=1.7469003200531006 sp=517.5615234375 vel=(-90.674278259277344,4.8722488664368632e-23,509.5567626953125) gate=3 lap=0 prog=3.6770892143249512 b14=1850613 b1c=1610900 v9e4=1035.123046875
   post gate=4 lap=0 alive=1 prog=4.6874561309814453 ng=94 gc=(-26,33) rt=4.9500093460083008
f=298 dt=0.01666666753590107 pos=(-24.2611083984375,0.037500001490116119,31.231744766235352) yaw=1.7307980060577393 sp=541.266357421875 vel=(-81.052932739257812,3.9146383073589556e-23,535.06573486328125) gate=4 lap=0 prog=4.6874561309814453 b14=732958 b1c=1663633.375 v9e4=541.266357421875
   post gate=4 lap=0 alive=1 prog=4.6899981498718262 ng=94 gc=(-26,33) rt=4.9666762351989746
f=299 dt=0.01666666753590107 pos=(-24.264423370361328,0.037500001490116119,31.257734298706055) yaw=1.7139569520950317 sp=566.09844970703125 vel=(-71.6142578125,3.1483381929385405e-23,561.3829345703125) gate=4 lap=0 prog=4.6899981498718262 b14=794223.8125 b1c=1726784.875 v9e4=566.09844970703125
   post gate=4 lap=0 alive=1 prog=4.692598819732666 ng=94 gc=(-26,33) rt=4.9833431243896484
f=300 dt=0.01666666753590107 pos=(-24.267293930053711,0.037500001490116119,31.284984588623047) yaw=1.6963428258895874 sp=592.08636474609375 vel=(-62.014328002929688,2.5339222017657582e-23,588.59832763671875) gate=4 lap=0 prog=4.692598819732666 b14=860769.5625 b1c=1791371.75 v9e4=592.08636474609375
   post gate=4 lap=0 alive=1 prog=4.6952576637268066 ng=94 gc=(-26,33) rt=5.0000100135803223
f=301 dt=0.01666666753590107 pos=(-24.269699096679688,0.037500001490116119,31.313539505004883) yaw=1.6779208183288574 sp=619.24444580078125 vel=(-51.960044860839844,2.0409421961652501e-23,616.7764892578125) gate=4 lap=0 prog=4.6952576637268066 b14=932956.6875 b1c=1857085 v9e4=619.24444580078125
   post gate=4 lap=0 alive=1 prog=4.6979732513427734 ng=94 gc=(-26,33) rt=5.0166769027709961
f=302 dt=0.01666666753590107 pos=(-24.2716064453125,0.037500001490116119,31.34344482421875) yaw=1.6586554050445557 sp=647.59979248046875 vel=(-41.186813354492188,1.6452031810851636e-23,645.965087890625) gate=4 lap=0 prog=4.6979732513427734 b14=1011180.25 b1c=1923615.5 v9e4=647.59979248046875
   post gate=4 lap=0 alive=1 prog=4.7007427215576172 ng=94 gc=(-26,33) rt=5.0333437919616699
f=303 dt=0.01666666753590107 pos=(-24.272970199584961,0.037500001490116119,31.374750137329102) yaw=1.6385097503662109 sp=677.18743896484375 vel=(-29.448202133178711,1.3273886350837138e-23,676.19671630859375) gate=4 lap=0 prog=4.7007427215576172 b14=1095866.5 b1c=1990638 v9e4=677.18743896484375
   post gate=4 lap=0 alive=1 prog=4.7035608291625977 ng=94 gc=(-26,33) rt=5.0500106811523438
f=304 dt=0.01666666753590107 pos=(-24.27374267578125,0.037500001490116119,31.407485961914062) yaw=1.6174577474594116 sp=707.65496826171875 vel=(-16.688182830810547,1.0720369633046595e-23,707.0985107421875) gate=4 lap=0 prog=4.7035608291625977 b14=1173825.75 b1c=2034150.875 v9e4=707.65496826171875
   post gate=4 lap=0 alive=1 prog=4.7064213752746582 ng=94 gc=(-26,33) rt=5.0666775703430176
f=305 dt=0.01666666753590107 pos=(-24.273887634277344,0.037500001490116119,31.441638946533203) yaw=1.5955022573471069 sp=738.03021240234375 vel=(-3.1464691162109375,8.6675752750969427e-24,737.67950439453125) gate=4 lap=0 prog=4.7064213752746582 b14=1221404.625 b1c=2017280.625 v9e4=738.03021240234375
   post gate=4 lap=0 alive=1 prog=4.7093124389648438 ng=94 gc=(-26,33) rt=5.0833444595336914
f=306 dt=0.01666666753590107 pos=(-24.273359298706055,0.037500001490116119,31.477190017700195) yaw=1.5726462602615356 sp=768.300537109375 vel=(11.427318572998047,7.0163726490553923e-24,767.9056396484375) gate=4 lap=0 prog=4.7093124389648438 b14=1270622.25 b1c=1998197.25 v9e4=768.300537109375
   post gate=4 lap=0 alive=1 prog=4.7122220993041992 ng=94 gc=(-26,33) rt=5.1000113487243652
f=307 dt=0.01666666753590107 pos=(-24.272098541259766,0.037500001490116119,31.514122009277344) yaw=1.5488934516906738 sp=798.45367431640625 vel=(27.243663787841797,5.687278102264138e-24,797.7247314453125) gate=4 lap=0 prog=4.7122220993041992 b14=1321376.625 b1c=1976744.125 v9e4=798.45367431640625
   post gate=4 lap=0 alive=1 prog=4.7151350975036621 ng=94 gc=(-26,33) rt=5.1166782379150391
f=308 dt=0.01666666753590107 pos=(-24.270038604736328,0.037500001490116119,31.552412033081055) yaw=1.5242475271224976 sp=828.47601318359375 vel=(44.479598999023438,4.6165808614348153e-24,827.06866455078125) gate=4 lap=0 prog=4.7151350975036621 b14=1373553.75 b1c=1952765.5 v9e4=828.47601318359375
   post gate=4 lap=0 alive=1 prog=4.7180347442626953 ng=94 gc=(-26,33) rt=5.1333451271057129
f=309 dt=0.01666666753590107 pos=(-24.267108917236328,0.037500001490116119,31.592035293579102) yaw=1.4987128973007202 sp=858.3511962890625 vel=(63.283584594726562,3.7532317652383095e-24,855.85504150390625) gate=4 lap=0 prog=4.7180347442626953 b14=1427026.25 b1c=1926107.25 v9e4=858.3511962890625
   post gate=4 lap=0 alive=1 prog=4.7209033966064453 ng=94 gc=(-26,33) rt=5.1500120162963867
f=310 dt=0.01666666753590107 pos=(-24.263229370117188,0.037500001490116119,31.632961273193359) yaw=1.4722946882247925 sp=888.06072998046875 vel=(83.779281616210938,3.0563362643479632e-24,883.9891357421875) gate=4 lap=0 prog=4.7209033966064453 b14=1481656.625 b1c=1896621.125 v9e4=888.06072998046875
   post gate=4 lap=0 alive=1 prog=4.723719596862793 ng=94 gc=(-26,33) rt=5.1666789054870605
f=311 dt=0.01666666753590107 pos=(-24.258317947387695,0.037500001490116119,31.675153732299805) yaw=1.4449982643127441 sp=917.5841064453125 vel=(106.0682373046875,2.4931398679028686e-24,911.3648681640625) gate=4 lap=0 prog=4.723719596862793 b14=1537293.625 b1c=1864162.625 v9e4=917.5841064453125
   post gate=4 lap=0 alive=1 prog=4.7264618873596191 ng=94 gc=(-26,33) rt=5.1833457946777344
f=312 dt=0.01666666753590107 pos=(-24.252288818359375,0.037500001490116119,31.718574523925781) yaw=1.4168298244476318 sp=946.90081787109375 vel=(130.23004150390625,2.0374397720752046e-24,937.86834716796875) gate=4 lap=0 prog=4.7264618873596191 b14=1593774.125 b1c=1828595 v9e4=946.90081787109375
   post gate=4 lap=0 alive=1 prog=4.7291059494018555 ng=94 gc=(-26,33) rt=5.2000126838684082
f=313 dt=0.01666666753590107 pos=(-24.252288818359375,0.037500001490116119,32.018573760986328) yaw=1.6892791986465454 sp=487.99588012695312 vel=(-57.683948516845703,1.6683731697198173e-24,484.5745849609375) gate=4 lap=0 prog=4.7291059494018555 b14=1650922.375 b1c=1789788.375 v9e4=975.99176025390625
   post gate=4 lap=0 alive=1 prog=4.7494478225708008 ng=94 gc=(-26,33) rt=5.216679573059082
f=314 dt=0.01666666753590107 pos=(-24.254476547241211,0.037500001490116119,32.042098999023438) yaw=1.6740953922271729 sp=510.39080810546875 vel=(-47.264743804931641,1.3395579978381058e-24,508.1060791015625) gate=4 lap=0 prog=4.7494478225708008 b14=780370.375 b1c=1526382 v9e4=510.39080810546875
   post gate=4 lap=0 alive=1 prog=4.7511138916015625 ng=94 gc=(-26,33) rt=5.2333464622497559
f=315 dt=0.01666666753590107 pos=(-24.256193161010742,0.037500001490116119,32.066749572753906) yaw=1.6582131385803223 sp=533.86962890625 vel=(-37.084648132324219,1.076496551774055e-24,532.41595458984375) gate=4 lap=0 prog=4.7511138916015625 b14=840100.1875 b1c=1583424.75 v9e4=533.86962890625
   post gate=4 lap=0 alive=1 prog=4.7527709007263184 ng=94 gc=(-26,33) rt=5.2500133514404297
f=316 dt=0.01666666753590107 pos=(-24.257434844970703,0.037500001490116119,32.092563629150391) yaw=1.6415995359420776 sp=558.452392578125 vel=(-26.809104919433594,8.6564941459613032e-25,557.5760498046875) gate=4 lap=0 prog=4.7527709007263184 b14=904736.1875 b1c=1641731 v9e4=558.452392578125
   post gate=4 lap=0 alive=1 prog=4.7544145584106445 ng=94 gc=(-26,33) rt=5.2666802406311035
f=317 dt=0.01666666753590107 pos=(-24.258182525634766,0.037500001490116119,32.119583129882812) yaw=1.6242214441299438 sp=584.15130615234375 vel=(-16.154777526855469,6.9655136032044358e-25,583.6373291015625) gate=4 lap=0 prog=4.7544145584106445 b14=974589.9375 b1c=1701009.625 v9e4=584.15130615234375
   post gate=4 lap=0 alive=1 prog=4.7560396194458008 ng=94 gc=(-26,33) rt=5.2833471298217773
f=318 dt=0.01666666753590107 pos=(-24.258407592773438,0.037500001490116119,32.147853851318359) yaw=1.6060448884963989 sp=610.99237060546875 vel=(-4.8679609298706055,5.6087872310555526e-25,610.6370849609375) gate=4 lap=0 prog=4.7560396194458008 b14=1050007 b1c=1760973.375 v9e4=610.99237060546875
   post gate=4 lap=0 alive=1 prog=4.7576389312744141 ng=94 gc=(-26,33) rt=5.3000140190124512
f=319 dt=0.01666666753590107 pos=(-24.25806999206543,0.037500001490116119,32.177417755126953) yaw=1.5870349407196045 sp=639.009765625 vel=(7.2855114936828613,4.5198421583742706e-25,638.599853515625) gate=4 lap=0 prog=4.7576389312744141 b14=1131364.625 b1c=1821324.5 v9e4=639.009765625
   post gate=4 lap=0 alive=1 prog=4.7592020034790039 ng=94 gc=(-26,33) rt=5.316680908203125
f=320 dt=0.01666666753590107 pos=(-24.257120132446289,0.037500001490116119,32.208324432373047) yaw=1.5671553611755371 sp=668.24200439453125 vel=(20.527530670166016,3.6454983133112469e-25,667.5379638671875) gate=4 lap=0 prog=4.7592020034790039 b14=1219065.375 b1c=1881738.375 v9e4=668.24200439453125
   post gate=4 lap=0 alive=1 prog=4.7607178688049316 ng=94 gc=(-26,33) rt=5.3333477973937988
f=321 dt=0.01666666753590107 pos=(-24.255496978759766,0.037500001490116119,32.240615844726562) yaw=1.5463689565658569 sp=698.73004150390625 vel=(35.073139190673828,2.9431774215452431e-25,697.45147705078125) gate=4 lap=0 prog=4.7607178688049316 b14=1313533.375 b1c=1941847.125 v9e4=698.73004150390625
   post gate=4 lap=0 alive=1 prog=4.7621726989746094 ng=94 gc=(-26,33) rt=5.3500146865844727
f=322 dt=0.01666666753590107 pos=(-24.253164291381836,0.037500001490116119,32.274272918701172) yaw=1.5246777534484863 sp=729.14276123046875 vel=(50.380119323730469,2.3787153963853346e-25,727.0194091796875) gate=4 lap=0 prog=4.7621726989746094 b14=1359891.125 b1c=1923006.875 v9e4=729.14276123046875
   post gate=4 lap=0 alive=1 prog=4.7635512351989746 ng=94 gc=(-26,33) rt=5.3666815757751465
f=323 dt=0.01666666753590107 pos=(-24.250076293945312,0.037500001490116119,32.309280395507812) yaw=1.5020850896835327 sp=759.45245361328125 vel=(66.682540893554688,1.9248023663308356e-25,756.17486572265625) gate=4 lap=0 prog=4.7635512351989746 b14=1407087.125 b1c=1900904.25 v9e4=759.45245361328125
   post gate=4 lap=0 alive=1 prog=4.764836311340332 ng=94 gc=(-26,33) rt=5.3833484649658203
f=324 dt=0.01666666753590107 pos=(-24.250076293945312,0.037500001490116119,32.609279632568359) yaw=1.6965035200119019 sp=394.82415771484375 vel=(-49.501625061035156,1.5595427574002383e-25,391.70870971679688) gate=4 lap=0 prog=4.764836311340332 b14=1455665.375 b1c=1876358.5 v9e4=789.6483154296875
   post gate=4 lap=0 alive=1 prog=4.7758731842041016 ng=94 gc=(-26,33) rt=5.4000153541564941
f=325 dt=0.01666666753590107 pos=(-24.251985549926758,0.037500001490116119,32.628303527832031) yaw=1.6842159032821655 sp=413.03579711914062 vel=(-41.259132385253906,1.2498104512905658e-25,410.895263671875) gate=4 lap=0 prog=4.7758731842041016 b14=622677.3125 b1c=1239959 v9e4=413.03579711914062
   post gate=4 lap=0 alive=1 prog=4.7766132354736328 ng=94 gc=(-26,33) rt=5.416682243347168
f=326 dt=0.01666666753590107 pos=(-24.253536224365234,0.037500001490116119,32.648242950439453) yaw=1.6713587045669556 sp=432.17849731445312 vel=(-33.499881744384766,1.0021710510343111e-25,430.72637939453125) gate=4 lap=0 prog=4.7766132354736328 b14=667118.1875 b1c=1288722.625 v9e4=432.17849731445312
   post gate=4 lap=0 alive=1 prog=4.7773079872131348 ng=94 gc=(-26,33) rt=5.4333491325378418
f=327 dt=0.01666666753590107 pos=(-24.254737854003906,0.037500001490116119,32.669136047363281) yaw=1.6579045057296753 sp=452.24880981445312 vel=(-25.940805435180664,8.0392753221315093e-26,451.27432250976562) gate=4 lap=0 prog=4.7773079872131348 b14=715137.5625 b1c=1339030.75 v9e4=452.24880981445312
   post gate=4 lap=0 alive=1 prog=4.777956485748291 ng=94 gc=(-26,33) rt=5.4500160217285156
f=328 dt=0.01666666753590107 pos=(-24.255586624145508,0.037500001490116119,32.691017150878906) yaw=1.6438255310058594 sp=473.2520751953125 vel=(-18.343198776245117,6.451599073141728e-26,472.59576416015625) gate=4 lap=0 prog=4.777956485748291 b14=766948.125 b1c=1390686.125 v9e4=473.2520751953125
   post gate=4 lap=0 alive=1 prog=4.7785539627075195 ng=94 gc=(-26,33) rt=5.4666829109191895
f=329 dt=0.01666666753590107 pos=(-24.256072998046875,0.037500001490116119,32.713920593261719) yaw=1.6290932893753052 sp=495.20950317382812 vel=(-10.497665405273438,5.1797087748925754e-26,494.73748779296875) gate=4 lap=0 prog=4.7785539627075195 b14=822799.1875 b1c=1443520.125 v9e4=495.20950317382812
   post gate=4 lap=0 alive=1 prog=4.7790956497192383 ng=94 gc=(-26,33) rt=5.4833498001098633
f=330 dt=0.01666666753590107 pos=(-24.256175994873047,0.037500001490116119,32.737888336181641) yaw=1.6136785745620728 sp=518.15130615234375 vel=(-2.2152481079101562,4.1605473239632757e-26,517.73760986328125) gate=4 lap=0 prog=4.7790956497192383 b14=882970.875 b1c=1497372.25 v9e4=518.15130615234375
   post gate=4 lap=0 alive=1 prog=4.7795734405517578 ng=94 gc=(-26,33) rt=5.5000166893005371
f=331 dt=0.01666666753590107 pos=(-24.255867004394531,0.037500001490116119,32.762962341308594) yaw=1.5975511074066162 sp=542.11309814453125 vel=(6.6792054176330566,3.3436991129392196e-26,541.62640380859375) gate=4 lap=0 prog=4.7795734405517578 b14=947769.1875 b1c=1552073.125 v9e4=542.11309814453125
   post gate=4 lap=0 alive=1 prog=4.7799792289733887 ng=94 gc=(-26,33) rt=5.5166835784912109
f=332 dt=0.01666666753590107 pos=(-24.255109786987305,0.037500001490116119,32.7891845703125) yaw=1.5806792974472046 sp=567.13385009765625 vel=(16.352191925048828,2.6888320872970276e-26,566.42681884765625) gate=4 lap=0 prog=4.7799792289733887 b14=1017523.375 b1c=1607434.625 v9e4=567.13385009765625
   post gate=4 lap=0 alive=1 prog=4.7803025245666504 ng=94 gc=(-26,33) rt=5.5333504676818848
f=333 dt=0.01666666753590107 pos=(-24.253860473632812,0.037500001490116119,32.816600799560547) yaw=1.5630303621292114 sp=593.2545166015625 vel=(26.965621948242188,2.1636725915494272e-26,592.15411376953125) gate=4 lap=0 prog=4.7803025245666504 b14=1092583.5 b1c=1663240 v9e4=593.2545166015625
   post gate=4 lap=0 alive=1 prog=4.7805318832397461 ng=94 gc=(-26,33) rt=5.5500173568725586
f=334 dt=0.01666666753590107 pos=(-24.252069473266602,0.037500001490116119,32.845249176025391) yaw=1.5445705652236938 sp=620.5169677734375 vel=(38.680068969726562,1.7423914399518566e-26,618.8157958984375) gate=4 lap=0 prog=4.7805318832397461 b14=1173316.875 b1c=1719235.75 v9e4=620.5169677734375
   post gate=4 lap=0 alive=1 prog=4.7806539535522461 ng=94 gc=(-26,33) rt=5.5666842460632324
f=335 dt=0.01666666753590107 pos=(-24.252069473266602,0.037500001490116119,33.145248413085938) yaw=1.7034142017364502 sp=324.48193359375 vel=(-42.906097412109375,1.4043160086300545e-26,321.63272094726562) gate=4 lap=0 prog=4.7806539535522461 b14=1260110.25 b1c=1775127.25 v9e4=648.9638671875
   post gate=4 lap=0 alive=1 prog=4.7807555198669434 ng=94 gc=(-26,33) rt=5.5833511352539062
f=336 dt=0.01666666753590107 pos=(-24.253747940063477,0.037500001490116119,33.160873413085938) yaw=1.6933146715164185 sp=339.48236083984375 vel=(-36.264911651611328,1.1242108375227149e-26,337.47821044921875) gate=4 lap=0 prog=4.7807555198669434 b14=504832.28125 b1c=1022855 v9e4=339.48236083984375
   post gate=4 lap=0 alive=1 prog=4.7807941436767578 ng=94 gc=(-26,33) rt=5.6000180244445801
f=337 dt=0.01666666753590107 pos=(-24.255146026611328,0.037500001490116119,33.177257537841797) yaw=1.6827452182769775 sp=355.28042602539062 vel=(-30.203611373901367,9.0033920004318708e-27,353.85693359375) gate=4 lap=0 prog=4.7807941436767578 b14=538820.375 b1c=1064494 v9e4=355.28042602539062
   post gate=4 lap=0 alive=1 prog=4.7807707786560059 ng=94 gc=(-26,33) rt=5.6166849136352539
f=338 dt=0.01666666753590107 pos=(-24.256278991699219,0.037500001490116119,33.194427490234375) yaw=1.6716824769973755 sp=371.86004638671875 vel=(-24.482025146484375,7.2125290637884673e-27,370.83590698242188) gate=4 lap=0 prog=4.7807707786560059 b14=575482.6875 b1c=1107710.125 v9e4=371.86004638671875
   post gate=4 lap=0 alive=1 prog=4.7806839942932129 ng=94 gc=(-26,33) rt=5.6333518028259277
f=339 dt=0.01666666753590107 pos=(-24.25715446472168,0.037500001490116119,33.212413787841797) yaw=1.6601032018661499 sp=389.22210693359375 vel=(-18.898937225341797,5.7794707848171687e-27,388.4703369140625) gate=4 lap=0 prog=4.7806839942932129 b14=614963.3125 b1c=1152361 v9e4=389.22210693359375
   post gate=4 lap=0 alive=1 prog=4.7805323600769043 ng=94 gc=(-26,33) rt=5.6500186920166016
f=340 dt=0.01666666753590107 pos=(-24.257768630981445,0.037500001490116119,33.231246948242188) yaw=1.6479837894439697 sp=407.38320922851562 vel=(-13.280714988708496,4.6324770434615284e-27,406.80752563476562) gate=4 lap=0 prog=4.7805323600769043 b14=657441.3125 b1c=1198343.625 v9e4=407.38320922851562
   post gate=4 lap=0 alive=1 prog=4.780311107635498 ng=94 gc=(-26,33) rt=5.6666855812072754
f=341 dt=0.01666666753590107 pos=(-24.258113861083984,0.037500001490116119,33.250965118408203) yaw=1.6352994441986084 sp=426.36941528320312 vel=(-7.473663330078125,3.7142760757793141e-27,425.88861083984375) gate=4 lap=0 prog=4.780311107635498 b14=703123.5 b1c=1245571.5 v9e4=426.36941528320312
   post gate=4 lap=0 alive=1 prog=4.7800159454345703 ng=94 gc=(-26,33) rt=5.6833524703979492
f=342 dt=0.01666666753590107 pos=(-24.258174896240234,0.037500001490116119,33.271602630615234) yaw=1.6220247745513916 sp=446.2125244140625 vel=(-1.3368902206420898,2.9791624827023058e-27,445.74954223632812) gate=4 lap=0 prog=4.7800159454345703 b14=752239.9375 b1c=1293961.375 v9e4=446.2125244140625
   post gate=4 lap=0 alive=1 prog=4.7796406745910645 ng=94 gc=(-26,33) rt=5.700019359588623
f=343 dt=0.01666666753590107 pos=(-24.257930755615234,0.037500001490116119,33.293197631835938) yaw=1.6081333160400391 sp=466.94790649414062 vel=(5.2599678039550781,2.3905395508342627e-27,466.42141723632812) gate=4 lap=0 prog=4.7796406745910645 b14=805041.6875 b1c=1343422.875 v9e4=466.94790649414062
   post gate=4 lap=0 alive=1 prog=4.7791786193847656 ng=94 gc=(-26,33) rt=5.7166862487792969
f=344 dt=0.01666666753590107 pos=(-24.257354736328125,0.037500001490116119,33.315788269042969) yaw=1.593597412109375 sp=488.61306762695312 vel=(12.440603256225586,1.9190936634566389e-27,487.93081665039062) gate=4 lap=0 prog=4.7791786193847656 b14=861799 b1c=1393851.25 v9e4=488.61306762695312
   post gate=4 lap=0 alive=1 prog=4.7786216735839844 ng=94 gc=(-26,33) rt=5.7333531379699707
f=345 dt=0.01666666753590107 pos=(-24.256414413452148,0.037500001490116119,33.339412689208984) yaw=1.5783880949020386 sp=511.24679565429688 vel=(20.326169967651367,1.5413907790816111e-27,510.2996826171875) gate=4 lap=0 prog=4.7786216735839844 b14=922799.875 b1c=1445120.375 v9e4=511.24679565429688
   post gate=4 lap=0 alive=1 prog=4.7779607772827148 ng=94 gc=(-26,33) rt=5.7500200271606445
f=346 dt=0.01666666753590107 pos=(-24.255069732666016,0.037500001490116119,33.364112854003906) yaw=1.5624754428863525 sp=534.8887939453125 vel=(29.03758430480957,1.2386972808436275e-27,533.5452880859375) gate=4 lap=0 prog=4.7779607772827148 b14=988349.25 b1c=1497078.375 v9e4=534.8887939453125
   post gate=4 lap=0 alive=1 prog=4.7771854400634766 ng=94 gc=(-26,33) rt=5.7666869163513184
f=347 dt=0.01666666753590107 pos=(-24.253278732299805,0.037500001490116119,33.389930725097656) yaw=1.5458283424377441 sp=559.5797119140625 vel=(38.697517395019531,9.9603492267569671e-28,557.67987060546875) gate=4 lap=0 prog=4.7771854400634766 b14=1058770.125 b1c=1549545.25 v9e4=559.5797119140625
   post gate=4 lap=0 alive=1 prog=4.7762856483459473 ng=94 gc=(-26,33) rt=5.7833538055419922
f=348 dt=0.01666666753590107 pos=(-24.25098991394043,0.037500001490116119,33.416908264160156) yaw=1.5284143686294556 sp=585.36065673828125 vel=(49.432060241699219,8.014270203291552e-28,582.7099609375) gate=4 lap=0 prog=4.7762856483459473 b14=1134402 b1c=1602307.125 v9e4=585.36065673828125
   post gate=4 lap=0 alive=1 prog=4.7752485275268555 ng=94 gc=(-26,33) rt=5.800020694732666
f=349 dt=0.01666666753590107 pos=(-24.25098991394043,0.037500001490116119,33.716907501220703) yaw=1.7120555639266968 sp=306.13671875 vel=(-43.100975036621094,6.4529529826333328e-28,303.08743286132812) gate=4 lap=0 prog=4.7752485275268555 b14=1215599.625 b1c=1655111 v9e4=612.2734375
   post gate=4 lap=0 alive=1 prog=4.7637205123901367 ng=94 gc=(-26,33) rt=5.8166875839233398
f=350 dt=0.01666666753590107 pos=(-24.252700805664062,0.037500001490116119,33.731636047363281) yaw=1.7025269269943237 sp=320.2933349609375 vel=(-36.970432281494141,5.1653691479358436e-28,318.09423828125) gate=4 lap=0 prog=4.7637205123901367 b14=467969.125 b1c=969178.8125 v9e4=320.2933349609375
   post gate=4 lap=0 alive=1 prog=4.7632131576538086 ng=94 gc=(-26,33) rt=5.8333544731140137
f=351 dt=0.01666666753590107 pos=(-24.254156112670898,0.037500001490116119,33.747081756591797) yaw=1.6925544738769531 sp=335.20968627929688 vel=(-31.434814453125,4.1361589264101101e-28,333.59976196289062) gate=4 lap=0 prog=4.7632131576538086 b14=499129.6875 b1c=1009044.0625 v9e4=335.20968627929688
   post gate=4 lap=0 alive=1 prog=4.7626280784606934 ng=94 gc=(-26,33) rt=5.8500213623046875
f=352 dt=0.01666666753590107 pos=(-24.255373001098633,0.037500001490116119,33.763271331787109) yaw=1.6821162700653076 sp=350.86761474609375 vel=(-26.266548156738281,3.3128474678263855e-28,349.67062377929688) gate=4 lap=0 prog=4.7626280784606934 b14=532733.125 b1c=1050485.25 v9e4=350.86761474609375
   post gate=4 lap=0 alive=1 prog=4.7619643211364746 ng=94 gc=(-26,33) rt=5.8666882514953613
f=353 dt=0.01666666753590107 pos=(-24.256357192993164,0.037500001490116119,33.780231475830078) yaw=1.6711902618408203 sp=367.26690673828125 vel=(-21.275266647338867,2.6540624266018293e-28,366.36209106445312) gate=4 lap=0 prog=4.7619643211364746 b14=568908.3125 b1c=1093374.125 v9e4=367.26690673828125
   post gate=4 lap=0 alive=1 prog=4.7612190246582031 ng=94 gc=(-26,33) rt=5.8833551406860352
f=354 dt=0.01666666753590107 pos=(-24.257112503051758,0.037500001490116119,33.797996520996094) yaw=1.6597537994384766 sp=384.42306518554688 vel=(-16.297336578369141,2.1268212894738379e-28,383.72210693359375) gate=4 lap=0 prog=4.7612190246582031 b14=607817.4375 b1c=1137622.25 v9e4=384.42306518554688
   post gate=4 lap=0 alive=1 prog=4.7603893280029297 ng=94 gc=(-26,33) rt=5.900022029876709
f=355 dt=0.01666666753590107 pos=(-24.257631301879883,0.037500001490116119,33.816596984863281) yaw=1.647783637046814 sp=402.36093139648438 vel=(-11.188273429870605,1.704792501501506e-28,401.79257202148438) gate=4 lap=0 prog=4.7603893280029297 b14=649649.4375 b1c=1183160.375 v9e4=402.36093139648438
   post gate=4 lap=0 alive=1 prog=4.7594704627990723 ng=94 gc=(-26,33) rt=5.9166889190673828
f=356 dt=0.01666666753590107 pos=(-24.257900238037109,0.037500001490116119,33.836071014404297) yaw=1.6352558135986328 sp=421.1112060546875 vel=(-5.8164100646972656,1.3669530928943885e-28,420.61099243164062) gate=4 lap=0 prog=4.7594704627990723 b14=694615.375 b1c=1229924.625 v9e4=421.1112060546875
   post gate=4 lap=0 alive=1 prog=4.758458137512207 ng=94 gc=(-26,33) rt=5.9333558082580566
f=357 dt=0.01666666753590107 pos=(-24.257904052734375,0.037500001490116119,33.856452941894531) yaw=1.6221449375152588 sp=440.7081298828125 vel=(-0.061863422393798828,1.0964590007294963e-28,440.21014404296875) gate=4 lap=0 prog=4.758458137512207 b14=742946.6875 b1c=1277847.25 v9e4=440.7081298828125
   post gate=4 lap=0 alive=1 prog=4.7573451995849609 ng=94 gc=(-26,33) rt=5.9500226974487305
f=358 dt=0.01666666753590107 pos=(-24.257617950439453,0.037500001490116119,33.877777099609375) yaw=1.6084247827529907 sp=461.18780517578125 vel=(6.1896839141845703,8.7983978949329892e-29,460.61892700195312) gate=4 lap=0 prog=4.7573451995849609 b14=794892.5 b1c=1326847.75 v9e4=461.18780517578125
   post gate=4 lap=0 alive=1 prog=4.7561254501342773 ng=94 gc=(-26,33) rt=5.9666895866394043
f=359 dt=0.01666666753590107 pos=(-24.257013320922852,0.037500001490116119,33.90008544921875) yaw=1.5940680503845215 sp=482.58786010742188 vel=(13.049652099609375,7.0632397374808157e-29,481.86236572265625) gate=4 lap=0 prog=4.7561254501342773 b14=850719.5625 b1c=1376828.625 v9e4=482.58786010742188
   post gate=4 lap=0 alive=1 prog=4.754791259765625 ng=94 gc=(-26,33) rt=5.9833564758300781
f=360 dt=0.01666666753590107 pos=(-24.256057739257812,0.037500001490116119,33.923416137695312) yaw=1.5790461301803589 sp=504.94680786132812 vel=(20.628833770751953,5.6729813274412618e-29,503.96148681640625) gate=4 lap=0 prog=4.754791259765625 b14=910711.4375 b1c=1427670.75 v9e4=504.94680786132812
   post gate=4 lap=0 alive=1 prog=4.753333568572998 ng=94 gc=(-26,33) rt=6.000023365020752
f=361 dt=0.01666666753590107 pos=(-24.25471305847168,0.037500001490116119,33.947811126708984) yaw=1.5633294582366943 sp=528.30419921875 vel=(29.039318084716797,4.5587441877657484e-29,526.93316650390625) gate=4 lap=0 prog=4.753333568572998 b14=975168.9375 b1c=1479230 v9e4=528.30419921875
   post gate=4 lap=0 alive=1 prog=4.751744270324707 ng=94 gc=(-26,33) rt=6.0166902542114258
f=362 dt=0.01666666753590107 pos=(-24.252935409545898,0.037500001490116119,33.973312377929688) yaw=1.5468869209289551 sp=552.70025634765625 vel=(38.396121978759766,3.6654449164854778e-29,550.7896728515625) gate=4 lap=0 prog=4.751744270324707 b14=1044409.375 b1c=1531333.5 v9e4=552.70025634765625
   post gate=4 lap=0 alive=1 prog=4.7500133514404297 ng=94 gc=(-26,33) rt=6.0333571434020996
f=363 dt=0.01666666753590107 pos=(-24.250675201416016,0.037500001490116119,33.999958038330078) yaw=1.5296866893768311 sp=578.1759033203125 vel=(48.818614959716797,2.9490266624163766e-29,575.53814697265625) gate=4 lap=0 prog=4.7500133514404297 b14=1118766.875 b1c=1583775.625 v9e4=578.1759033203125
   post gate=4 lap=0 alive=1 prog=4.7481303215026855 ng=94 gc=(-26,33) rt=6.0500240325927734
f=364 dt=0.01666666753590107 pos=(-24.250675201416016,0.037500001490116119,34.299957275390625) yaw=1.7219897508621216 sp=302.38629150390625 vel=(-45.544834136962891,2.3742482177682504e-29,298.93667602539062) gate=4 lap=0 prog=4.7481303215026855 b14=1198591.875 b1c=1636313.75 v9e4=604.7725830078125
   post gate=4 lap=0 alive=1 prog=4.7275681495666504 ng=94 gc=(-26,33) rt=6.0666909217834473
f=365 dt=0.01666666753590107 pos=(-24.252510070800781,0.037500001490116119,34.314487457275391) yaw=1.7125778198242188 sp=316.36996459960938 vel=(-39.637954711914062,1.9006166045338037e-29,313.81939697265625) gate=4 lap=0 prog=4.7275681495666504 b14=452710.4375 b1c=961865.1875 v9e4=316.36996459960938
   post gate=4 lap=0 alive=1 prog=4.7266640663146973 ng=94 gc=(-26,33) rt=6.0833578109741211
f=366 dt=0.01666666753590107 pos=(-24.254098892211914,0.037500001490116119,34.329727172851562) yaw=1.7027275562286377 sp=331.10552978515625 vel=(-34.332443237304688,1.5219911154559794e-29,329.1888427734375) gate=4 lap=0 prog=4.7266640663146973 b14=482981.21875 b1c=1001604.9375 v9e4=331.10552978515625
   post gate=4 lap=0 alive=1 prog=4.725672721862793 ng=94 gc=(-26,33) rt=6.1000247001647949
f=367 dt=0.01666666753590107 pos=(-24.255460739135742,0.037500001490116119,34.345703125) yaw=1.6924170255661011 sp=346.57437133789062 vel=(-29.403820037841797,1.2190887531247925e-29,345.11328125) gate=4 lap=0 prog=4.725672721862793 b14=515635.5 b1c=1042938.4375 v9e4=346.57437133789062
   post gate=4 lap=0 alive=1 prog=4.7245931625366211 ng=94 gc=(-26,33) rt=6.1166915893554688
f=368 dt=0.01666666753590107 pos=(-24.256603240966797,0.037500001490116119,34.362445831298828) yaw=1.6816245317459106 sp=362.776123046875 vel=(-24.664392471313477,9.7669978673099857e-30,361.64956665039062) gate=4 lap=0 prog=4.7245931625366211 b14=550800.1875 b1c=1085741.375 v9e4=362.776123046875
   post gate=4 lap=0 alive=1 prog=4.7234225273132324 ng=94 gc=(-26,33) rt=6.1333584785461426
f=369 dt=0.01666666753590107 pos=(-24.257526397705078,0.037500001490116119,34.379985809326172) yaw=1.6703277826309204 sp=379.72601318359375 vel=(-19.952974319458008,7.8269725231422658e-30,378.84689331054688) gate=4 lap=0 prog=4.7234225273132324 b14=588634.6875 b1c=1129928.5 v9e4=379.72601318359375
   post gate=4 lap=0 alive=1 prog=4.7221574783325195 ng=94 gc=(-26,33) rt=6.1500253677368164
f=370 dt=0.01666666753590107 pos=(-24.25822639465332,0.037500001490116119,34.398353576660156) yaw=1.6585038900375366 sp=397.44869995117188 vel=(-15.127162933349609,6.273980104576005e-30,396.74859619140625) gate=4 lap=0 prog=4.7221574783325195 b14=629324.9375 b1c=1175436.5 v9e4=397.44869995117188
   post gate=4 lap=0 alive=1 prog=4.720794677734375 ng=94 gc=(-26,33) rt=6.1666922569274902
f=371 dt=0.01666666753590107 pos=(-24.258691787719727,0.037500001490116119,34.417583465576172) yaw=1.64612877368927 sp=415.974609375 vel=(-10.05788516998291,5.0306749641180581e-30,415.39334106445312) gate=4 lap=0 prog=4.720794677734375 b14=673078.375 b1c=1222206.25 v9e4=415.974609375
   post gate=4 lap=0 alive=1 prog=4.7193284034729004 ng=94 gc=(-26,33) rt=6.1833591461181641
f=372 dt=0.01666666753590107 pos=(-24.258905410766602,0.037500001490116119,34.437713623046875) yaw=1.633177638053894 sp=435.3377685546875 vel=(-4.6273808479309082,4.0351384540563756e-30,434.81521606445312) gate=4 lap=0 prog=4.7193284034729004 b14=720123.0625 b1c=1270176.125 v9e4=435.3377685546875
   post gate=4 lap=0 alive=1 prog=4.7177534103393555 ng=94 gc=(-26,33) rt=6.2000260353088379
f=373 dt=0.01666666753590107 pos=(-24.258846282958984,0.037500001490116119,34.458782196044922) yaw=1.6196244955062866 sp=455.57388305664062 vel=(1.2765164375305176,3.2378418252156708e-30,455.04440307617188) gate=4 lap=0 prog=4.7177534103393555 b14=770704.6875 b1c=1319273.125 v9e4=455.57388305664062
   post gate=4 lap=0 alive=1 prog=4.7160639762878418 ng=94 gc=(-26,33) rt=6.2166929244995117
f=374 dt=0.01666666753590107 pos=(-24.258487701416016,0.037500001490116119,34.480823516845703) yaw=1.6054422855377197 sp=476.7203369140625 vel=(7.7630457878112793,2.5991694133404636e-30,476.10733032226562) gate=4 lap=0 prog=4.7160639762878418 b14=825085.8125 b1c=1369406 v9e4=476.7203369140625
   post gate=4 lap=0 alive=1 prog=4.7142524719238281 ng=94 gc=(-26,33) rt=6.2333598136901855
f=375 dt=0.01666666753590107 pos=(-24.257795333862305,0.037500001490116119,34.503879547119141) yaw=1.5906028747558594 sp=498.81546020507812 vel=(14.940759658813477,2.0874362854218536e-30,498.02658081054688) gate=4 lap=0 prog=4.7142524719238281 b14=883546.8125 b1c=1420465.5 v9e4=498.81546020507812
   post gate=4 lap=0 alive=1 prog=4.7123117446899414 ng=94 gc=(-26,33) rt=6.2500267028808594
f=376 dt=0.01666666753590107 pos=(-24.256734848022461,0.037500001490116119,34.527992248535156) yaw=1.575076699256897 sp=521.89849853515625 vel=(22.919448852539062,1.6773004759679774e-30,520.82080078125) gate=4 lap=0 prog=4.7123117446899414 b14=946384.5 b1c=1472315.625 v9e4=521.89849853515625
   post gate=4 lap=0 alive=1 prog=4.7102336883544922 ng=94 gc=(-26,33) rt=6.2666935920715332
f=377 dt=0.01666666753590107 pos=(-24.25526237487793,0.037500001490116119,34.553199768066406) yaw=1.5588332414627075 sp=546.009521484375 vel=(31.811769485473633,1.3484920425118997e-30,544.5042724609375) gate=4 lap=0 prog=4.7102336883544922 b14=1013913.3125 b1c=1524795.25 v9e4=546.009521484375
   post gate=4 lap=0 alive=1 prog=4.7080097198486328 ng=94 gc=(-26,33) rt=6.283360481262207
f=378 dt=0.01666666753590107 pos=(-24.253330230712891,0.037500001490116119,34.579547882080078) yaw=1.5418407917022705 sp=571.18914794921875 vel=(41.734672546386719,1.0847969682947624e-30,569.0863037109375) gate=4 lap=0 prog=4.7080097198486328 b14=1086464.5 b1c=1577709.5 v9e4=571.18914794921875
   post gate=4 lap=0 alive=1 prog=4.7056303024291992 ng=94 gc=(-26,33) rt=6.3000273704528809
f=379 dt=0.01666666753590107 pos=(-24.250885009765625,0.037500001490116119,34.607074737548828) yaw=1.5240662097930908 sp=597.47869873046875 vel=(52.810604095458984,8.7324409633320794e-31,594.5704345703125) gate=4 lap=0 prog=4.7056303024291992 b14=1164385.75 b1c=1630829.625 v9e4=597.47869873046875
   post gate=4 lap=0 alive=1 prog=4.7030863761901855 ng=94 gc=(-26,33) rt=6.3166942596435547
f=380 dt=0.01666666753590107 pos=(-24.250885009765625,0.037500001490116119,34.907073974609375) yaw=1.7338465452194214 sp=312.46002197265625 vel=(-50.721221923828125,7.0345541018179254e-31,308.3157958984375) gate=4 lap=0 prog=4.7030863761901855 b14=1248039.75 b1c=1683884.5 v9e4=624.9200439453125
   post gate=4 lap=0 alive=1 prog=4.6765341758728027 ng=94 gc=(-26,33) rt=6.3333611488342285
f=381 dt=0.01666666753590107 pos=(-24.252958297729492,0.037500001490116119,34.922061920166016) yaw=1.72412109375 sp=326.908935546875 vel=(-44.798305511474609,5.6324296123322445e-31,323.76531982421875) gate=4 lap=0 prog=4.6765341758728027 b14=455955.96875 b1c=999343.9375 v9e4=326.908935546875
   post gate=4 lap=0 alive=1 prog=4.6753253936767578 ng=94 gc=(-26,33) rt=6.3500280380249023
f=382 dt=0.01666666753590107 pos=(-24.254785537719727,0.037500001490116119,34.937789916992188) yaw=1.7139427661895752 sp=342.1304931640625 vel=(-39.477519989013672,4.5113996763654762e-31,339.7105712890625) gate=4 lap=0 prog=4.6753253936767578 b14=487069.3125 b1c=1040617.375 v9e4=342.1304931640625
   post gate=4 lap=0 alive=1 prog=4.6740207672119141 ng=94 gc=(-26,33) rt=6.3666949272155762
f=383 dt=0.01666666753590107 pos=(-24.256383895874023,0.037500001490116119,34.954280853271484) yaw=1.703289270401001 sp=358.10723876953125 vel=(-34.528995513916016,3.614407678919668e-31,356.22402954101562) gate=4 lap=0 prog=4.6740207672119141 b14=520664.3125 b1c=1083529.875 v9e4=358.10723876953125
   post gate=4 lap=0 alive=1 prog=4.6726188659667969 ng=94 gc=(-26,33) rt=6.38336181640625
f=384 dt=0.01666666753590107 pos=(-24.257761001586914,0.037500001490116119,34.971565246582031) yaw=1.6921378374099731 sp=374.83938598632812 vel=(-29.760265350341797,2.8964801465278398e-31,373.36587524414062) gate=4 lap=0 prog=4.6726188659667969 b14=556878.4375 b1c=1127952 v9e4=374.83938598632812
   post gate=4 lap=0 alive=1 prog=4.6711177825927734 ng=94 gc=(-26,33) rt=6.4000287055969238
f=385 dt=0.01666666753590107 pos=(-24.258918762207031,0.037500001490116119,34.989677429199219) yaw=1.6804658174514771 sp=392.34295654296875 vel=(-25.005598068237305,2.3217565081283264e-31,391.18801879882812) gate=4 lap=0 prog=4.6711177825927734 b14=595881.5625 b1c=1173793.75 v9e4=392.34295654296875
   post gate=4 lap=0 alive=1 prog=4.6695132255554199 ng=94 gc=(-26,33) rt=6.4166955947875977
f=386 dt=0.01666666753590107 pos=(-24.259849548339844,0.037500001490116119,35.008647918701172) yaw=1.6682493686676025 sp=410.64321899414062 vel=(-20.118562698364258,1.861595021017297e-31,409.73587036132812) gate=4 lap=0 prog=4.6695132255554199 b14=637871.3125 b1c=1220987 v9e4=410.64321899414062
   post gate=5 lap=0 alive=1 prog=5.6694321632385254 ng=94 gc=(-26,37) rt=6.4333624839782715
f=387 dt=0.01666666753590107 pos=(-24.260541915893555,0.037500001490116119,35.028511047363281) yaw=1.6554638147354126 sp=429.77127075195312 vel=(-14.964860916137695,1.4931209177760552e-31,429.0498046875) gate=5 lap=0 prog=5.6694321632385254 b14=683066.625 b1c=1269465.875 v9e4=429.77127075195312
   post gate=5 lap=0 alive=1 prog=5.6713552474975586 ng=94 gc=(-26,37) rt=6.4500293731689453
f=388 dt=0.01666666753590107 pos=(-24.260978698730469,0.037500001490116119,35.049304962158203) yaw=1.6420836448669434 sp=449.76187133789062 vel=(-9.4222640991210938,1.1980156470896917e-31,449.1651611328125) gate=5 lap=0 prog=5.6713552474975586 b14=731707.5 b1c=1319161.25 v9e4=449.76187133789062
   post gate=5 lap=0 alive=1 prog=5.6733360290527344 ng=94 gc=(-26,37) rt=6.4666962623596191
f=389 dt=0.01666666753590107 pos=(-24.261135101318359,0.037500001490116119,35.071067810058594) yaw=1.6280819177627563 sp=470.65151977539062 vel=(-3.3739242553710938,9.6162285151856658e-32,470.11300659179688) gate=5 lap=0 prog=5.6733360290527344 b14=784052.8125 b1c=1369990.875 v9e4=470.65151977539062
   post gate=5 lap=0 alive=1 prog=5.6753745079040527 ng=94 gc=(-26,37) rt=6.483363151550293
f=390 dt=0.01666666753590107 pos=(-24.260982513427734,0.037500001490116119,35.093841552734375) yaw=1.6134309768676758 sp=492.47821044921875 vel=(3.2943153381347656,7.7221797408342566e-32,491.92022705078125) gate=5 lap=0 prog=5.6753745079040527 b14=840379.0625 b1c=1421854.875 v9e4=492.47821044921875
   post gate=5 lap=0 alive=1 prog=5.6774702072143555 ng=94 gc=(-26,37) rt=6.5000300407409668
f=391 dt=0.01666666753590107 pos=(-24.260486602783203,0.037500001490116119,35.117668151855469) yaw=1.5981016159057617 sp=515.28106689453125 vel=(10.69621467590332,6.2042186290849301e-32,514.60943603515625) gate=5 lap=0 prog=5.6774702072143555 b14=900980.4375 b1c=1474630.25 v9e4=515.28106689453125
   post gate=5 lap=0 alive=1 prog=5.6796221733093262 ng=94 gc=(-26,37) rt=6.5166969299316406
f=392 dt=0.01666666753590107 pos=(-24.259609222412109,0.037500001490116119,35.142585754394531) yaw=1.5820637941360474 sp=539.09979248046875 vel=(18.947088241577148,4.9873180775021029e-32,538.19891357421875) gate=5 lap=0 prog=5.6796221733093262 b14=966169.1875 b1c=1528169 v9e4=539.09979248046875
   post gate=5 lap=0 alive=1 prog=5.6818275451660156 ng=94 gc=(-26,37) rt=6.5333638191223145
f=393 dt=0.01666666753590107 pos=(-24.258304595947266,0.037500001490116119,35.168636322021484) yaw=1.5652859210968018 sp=563.97515869140625 vel=(28.165470123291016,4.0114573445327891e-32,562.7020263671875) gate=5 lap=0 prog=5.6818275451660156 b14=1036275.125 b1c=1582291.625 v9e4=563.97515869140625
   post gate=5 lap=0 alive=1 prog=5.6840839385986328 ng=94 gc=(-26,37) rt=6.5500307083129883
f=394 dt=0.01666666753590107 pos=(-24.256523132324219,0.037500001490116119,35.195865631103516) yaw=1.5477354526519775 sp=589.94842529296875 vel=(38.47454833984375,3.2286171920723105e-32,588.12677001953125) gate=5 lap=0 prog=5.6840839385986328 b14=1111645.375 b1c=1636786.625 v9e4=589.94842529296875
   post gate=5 lap=0 alive=1 prog=5.6863865852355957 ng=94 gc=(-26,37) rt=6.5666975975036621
f=395 dt=0.01666666753590107 pos=(-24.254207611083984,0.037500001490116119,35.224315643310547) yaw=1.5293782949447632 sp=617.06121826171875 vel=(50.003395080566406,2.600377175011216e-32,614.47467041015625) gate=5 lap=0 prog=5.6863865852355957 b14=1192643.5 b1c=1691401.875 v9e4=617.06121826171875
   post gate=5 lap=0 alive=1 prog=5.6887311935424805 ng=94 gc=(-26,37) rt=6.5833644866943359
f=396 dt=0.01666666753590107 pos=(-24.251296997070312,0.037500001490116119,35.254024505615234) yaw=1.5101796388626099 sp=645.35577392578125 vel=(62.888008117675781,2.0959934140980995e-32,641.74029541015625) gate=5 lap=0 prog=5.6887311935424805 b14=1279648.875 b1c=1745843 v9e4=645.35577392578125
   post gate=5 lap=0 alive=1 prog=5.6911110877990723 ng=94 gc=(-26,37) rt=6.6000313758850098
f=397 dt=0.01666666753590107 pos=(-24.251296997070312,0.037500001490116119,35.554023742675781) yaw=1.5707963705062866 sp=337.43728637695312 vel=(-1.4749852198292501e-05,1.6909428931229003e-32,337.43728637695312) gate=5 lap=0 prog=5.6911110877990723 b14=1373055.125 b1c=1799767 v9e4=674.87457275390625
   post gate=5 lap=0 alive=1 prog=5.716362476348877 ng=94 gc=(-26,37) rt=6.6166982650756836
f=398 dt=0.01666666753590107 pos=(-24.250879287719727,0.037500001490116119,35.570358276367188) yaw=1.5602936744689941 sp=353.036376953125 vel=(9.0246181488037109,1.3544892266106989e-32,352.85736083984375) gate=5 lap=0 prog=5.716362476348877 b14=660994.8125 b1c=984882.125 v9e4=353.036376953125
   post gate=5 lap=0 alive=1 prog=5.7176189422607422 ng=94 gc=(-26,37) rt=6.6333651542663574
f=399 dt=0.01666666753590107 pos=(-24.250066757202148,0.037500001490116119,35.587436676025391) yaw=1.5493024587631226 sp=369.45697021484375 vel=(17.561956405639648,1.0854237124952621e-32,368.8994140625) gate=5 lap=0 prog=5.7176189422607422 b14=702163.625 b1c=1022841.5625 v9e4=369.45697021484375
   post gate=5 lap=0 alive=1 prog=5.7188863754272461 ng=94 gc=(-26,37) rt=6.6500320434570312
f=400 dt=0.01666666753590107 pos=(-24.250066757202148,0.037500001490116119,35.887435913085938) yaw=1.5356523990631104 sp=193.3431396484375 vel=(6.7934479713439941,8.7005874761882146e-33,193.22373962402344) gate=5 lap=0 prog=5.7188863754272461 b14=746345 b1c=1061992.875 v9e4=386.686279296875
   post gate=5 lap=0 alive=1 prog=5.7407922744750977 ng=94 gc=(-26,37) rt=6.6666989326477051
f=401 dt=0.01666666753590107 pos=(-24.250066757202148,0.037500001490116119,36.187435150146484) yaw=1.5341061353683472 sp=106.8043212890625 vel=(3.9177951812744141,6.9539255630891625e-33,106.73243713378906) gate=5 lap=0 prog=5.7407922744750977 b14=867444.625 b1c=1199174.25 v9e4=213.608642578125
   post gate=5 lap=0 alive=1 prog=5.758826732635498 ng=94 gc=(-26,37) rt=6.6833658218383789
f=402 dt=0.01666666753590107 pos=(-24.249614715576172,0.037500001490116119,36.193092346191406) yaw=1.5304476022720337 sp=122.97565460205078 vel=(9.74420166015625,3.339781856119651e-33,122.21529388427734) gate=5 lap=0 prog=5.758826732635498 b14=690601.3125 b1c=951600.1875 v9e4=122.97565460205078
   post gate=5 lap=0 alive=1 prog=5.7590723037719727 ng=94 gc=(-26,37) rt=6.7000327110290527
f=403 dt=0.01666666753590107 pos=(-24.248950958251953,0.037500001490116119,36.199504852294922) yaw=1.5262850522994995 sp=139.9190673828125 vel=(14.336444854736328,1.7913378615989994e-33,138.50390625) gate=5 lap=0 prog=5.7590723037719727 b14=726874.8125 b1c=993912.875 v9e4=139.9190673828125
   post gate=5 lap=0 alive=1 prog=5.7593317031860352 ng=94 gc=(-26,37) rt=6.7166996002197266
f=404 dt=0.01666666753590107 pos=(-24.247978210449219,0.037500001490116119,36.206703186035156) yaw=1.5215975046157837 sp=157.56483459472656 vel=(21.031061172485352,1.2486033954522143e-33,155.48374938964844) gate=5 lap=0 prog=5.7593317031860352 b14=765742.375 b1c=1037963.875 v9e4=157.56483459472656
   post gate=5 lap=0 alive=1 prog=5.7595934867858887 ng=94 gc=(-26,37) rt=6.7333664894104004
f=405 dt=0.01666666753590107 pos=(-24.246500015258789,0.037500001490116119,36.214714050292969) yaw=1.5163508653640747 sp=176.3568115234375 vel=(31.928493499755859,1.121406917005077e-33,173.072509765625) gate=5 lap=0 prog=5.7595934867858887 b14=807683.1875 b1c=1084139.875 v9e4=176.3568115234375
   post gate=5 lap=0 alive=1 prog=5.7598361968994141 ng=94 gc=(-26,37) rt=6.7500333786010742
f=406 dt=0.01666666753590107 pos=(-24.244691848754883,0.037500001490116119,36.223590850830078) yaw=1.5104953050613403 sp=196.82647705078125 vel=(39.068302154541016,8.9538754683927162e-34,191.72232055664062) gate=5 lap=0 prog=5.7598361968994141 b14=853739.75 b1c=1133499.125 v9e4=196.82647705078125
   post gate=5 lap=0 alive=1 prog=5.7600808143615723 ng=94 gc=(-26,37) rt=6.766700267791748
f=407 dt=0.01666666753590107 pos=(-24.24256706237793,0.037500001490116119,36.233371734619141) yaw=1.5040209293365479 sp=217.62544250488281 vel=(45.900672912597656,7.1506923889927706e-34,211.28733825683594) gate=5 lap=0 prog=5.7600808143615723 b14=902274.5625 b1c=1183454 v9e4=217.62544250488281
   post gate=5 lap=0 alive=1 prog=5.7603292465209961 ng=94 gc=(-26,37) rt=6.7833671569824219
f=408 dt=0.01666666753590107 pos=(-24.240131378173828,0.037500001490116119,36.244102478027344) yaw=1.4969018697738647 sp=239.29840087890625 vel=(52.622631072998047,5.7124130618017952e-34,231.7952880859375) gate=5 lap=0 prog=5.7603292465209961 b14=954077.5625 b1c=1234738 v9e4=239.29840087890625
   post gate=5 lap=0 alive=1 prog=5.7605829238891602 ng=94 gc=(-26,37) rt=6.8000340461730957
f=409 dt=0.01666666753590107 pos=(-24.237380981445312,0.037500001490116119,36.255828857421875) yaw=1.4891103506088257 sp=261.90133666992188 vel=(59.408489227294922,4.5651847583419758e-34,253.27239990234375) gate=5 lap=0 prog=5.7605829238891602 b14=1009406.0625 b1c=1287295.875 v9e4=261.90133666992188
   post gate=5 lap=0 alive=1 prog=5.760840892791748 ng=94 gc=(-26,37) rt=6.8167009353637695
f=410 dt=0.01666666753590107 pos=(-24.234319686889648,0.037500001490116119,36.268573760986328) yaw=1.4806336164474487 sp=284.93438720703125 vel=(66.10443115234375,3.6498902146715287e-34,275.2618408203125) gate=5 lap=0 prog=5.760840892791748 b14=1045805.625 b1c=1312525.5 v9e4=284.93438720703125
   post gate=5 lap=0 alive=1 prog=5.7611026763916016 ng=94 gc=(-26,37) rt=6.8333678245544434
f=411 dt=0.01666666753590107 pos=(-24.230960845947266,0.037500001490116119,36.282337188720703) yaw=1.471474289894104 sp=307.87741088867188 vel=(72.565673828125,2.9192274921956171e-34,297.27655029296875) gate=5 lap=0 prog=5.7611026763916016 b14=1061364.125 b1c=1309127 v9e4=307.87741088867188
   post gate=5 lap=0 alive=1 prog=5.7613663673400879 ng=94 gc=(-26,37) rt=6.8500347137451172
f=412 dt=0.01666666753590107 pos=(-24.227304458618164,0.037500001490116119,36.297119140625) yaw=1.4616333246231079 sp=330.79010009765625 vel=(78.969474792480469,2.3369695539785769e-34,319.32208251953125) gate=5 lap=0 prog=5.7613663673400879 b14=1077947.375 b1c=1304964.75 v9e4=330.79010009765625
   post gate=5 lap=0 alive=1 prog=5.7616300582885742 ng=94 gc=(-26,37) rt=6.866701602935791
f=413 dt=0.01666666753590107 pos=(-24.223346710205078,0.037500001490116119,36.312923431396484) yaw=1.4511115550994873 sp=353.67843627929688 vel=(85.480072021484375,1.8714786124164993e-34,341.34963989257812) gate=5 lap=0 prog=5.7616300582885742 b14=1095526.75 b1c=1299977.375 v9e4=353.67843627929688
   post gate=5 lap=0 alive=1 prog=5.7618899345397949 ng=94 gc=(-26,37) rt=6.8833684921264648
f=414 dt=0.01666666753590107 pos=(-24.219076156616211,0.037500001490116119,36.329746246337891) yaw=1.4399088621139526 sp=376.56414794921875 vel=(92.230087280273438,1.4992419106336837e-34,363.33676147460938) gate=5 lap=0 prog=5.7618899345397949 b14=1114061.125 b1c=1294090.5 v9e4=376.56414794921875
   post gate=5 lap=0 alive=1 prog=5.7621407508850098 ng=94 gc=(-26,37) rt=6.9000353813171387
f=415 dt=0.01666666753590107 pos=(-24.2144775390625,0.037500001490116119,36.347583770751953) yaw=1.4280250072479248 sp=399.46176147460938 vel=(99.333671569824219,1.2014973419706823e-34,385.25888061523438) gate=5 lap=0 prog=5.7621407508850098 b14=1133519.5 b1c=1287242.625 v9e4=399.46176147460938
   post gate=5 lap=0 alive=1 prog=5.7623772621154785 ng=94 gc=(-26,37) rt=6.9167022705078125
f=416 dt=0.01666666753590107 pos=(-24.209527969360352,0.037500001490116119,36.366432189941406) yaw=1.4154593944549561 sp=422.37997436523438 vel=(106.89002227783203,9.6327044001271344e-35,407.08917236328125) gate=5 lap=0 prog=5.7623772621154785 b14=1153870.625 b1c=1279374.125 v9e4=422.37997436523438
   post gate=5 lap=0 alive=1 prog=5.7625923156738281 ng=94 gc=(-26,37) rt=6.9333691596984863
f=417 dt=0.01666666753590107 pos=(-24.204204559326172,0.037500001490116119,36.386283874511719) yaw=1.4022111892700195 sp=445.32254028320312 vel=(114.98616790771484,7.7260749479955726e-35,428.79861450195312) gate=5 lap=0 prog=5.7625923156738281 b14=1175084 b1c=1270427.375 v9e4=445.32254028320312
   post gate=5 lap=0 alive=1 prog=5.7627787590026855 ng=94 gc=(-26,37) rt=6.9500360488891602
f=418 dt=0.01666666753590107 pos=(-24.198476791381836,0.037500001490116119,36.407135009765625) yaw=1.3882797956466675 sp=468.28988647460938 vel=(123.69921112060547,6.1996375622958826e-35,450.35577392578125) gate=5 lap=0 prog=5.7627787590026855 b14=1197129.125 b1c=1260347.25 v9e4=468.28988647460938
   post gate=5 lap=0 alive=1 prog=5.7629289627075195 ng=94 gc=(-26,37) rt=6.966702938079834
f=419 dt=0.01666666753590107 pos=(-24.192314147949219,0.037500001490116119,36.428974151611328) yaw=1.3736644983291626 sp=491.279541015625 vel=(133.09793090820312,4.9771693551887825e-35,471.72671508789062) gate=5 lap=0 prog=5.7629289627075195 b14=1219972.25 b1c=1249078.125 v9e4=491.279541015625
   post gate=5 lap=0 alive=1 prog=5.763033390045166 ng=94 gc=(-26,37) rt=6.9833698272705078
f=420 dt=0.01666666753590107 pos=(-24.18568229675293,0.037500001490116119,36.451793670654297) yaw=1.3583648204803467 sp=514.28704833984375 vel=(143.24409484863281,3.9977845406652264e-35,492.87503051757812) gate=5 lap=0 prog=5.763033390045166 b14=1243578.5 b1c=1236565.75 v9e4=514.28704833984375
   post gate=5 lap=0 alive=1 prog=5.7630834579467773 ng=94 gc=(-26,37) rt=7.0000367164611816
f=421 dt=0.01666666753590107 pos=(-24.178543090820312,0.037500001490116119,36.475578308105469) yaw=1.3423802852630615 sp=537.30633544921875 vel=(154.19342041015625,3.212841874213283e-35,513.76141357421875) gate=5 lap=0 prog=5.7630834579467773 b14=1267909.625 b1c=1222755.875 v9e4=537.30633544921875
   post gate=5 lap=0 alive=1 prog=5.7630691528320312 ng=94 gc=(-26,37) rt=7.0167036056518555
f=422 dt=0.01666666753590107 pos=(-24.170858383178711,0.037500001490116119,36.500316619873047) yaw=1.3257107734680176 sp=560.33013916015625 vel=(165.99636840820312,2.5834754259151887e-35,534.34405517578125) gate=5 lap=0 prog=5.7630691528320312 b14=1292924.5 b1c=1207594.25 v9e4=560.33013916015625
   post gate=5 lap=0 alive=1 prog=5.7629795074462891 ng=94 gc=(-26,37) rt=7.0333704948425293
f=423 dt=0.01666666753590107 pos=(-24.16258430480957,0.037500001490116119,36.525993347167969) yaw=1.3083565235137939 sp=583.35028076171875 vel=(178.69854736328125,2.0786238480969812e-35,554.578125) gate=5 lap=0 prog=5.7629795074462891 b14=1318578.125 b1c=1191027.625 v9e4=583.35028076171875
   post gate=5 lap=0 alive=1 prog=5.7628035545349121 ng=94 gc=(-26,37) rt=7.0500373840332031
f=424 dt=0.01666666753590107 pos=(-24.153678894042969,0.037500001490116119,36.552585601806641) yaw=1.2903178930282593 sp=606.35791015625 vel=(192.34107971191406,1.6734594143723476e-35,574.416015625) gate=5 lap=0 prog=5.7628035545349121 b14=1344820.625 b1c=1173001.75 v9e4=606.35791015625
   post gate=5 lap=0 alive=1 prog=5.7625303268432617 ng=94 gc=(-26,37) rt=7.066704273223877
f=425 dt=0.01666666753590107 pos=(-24.144096374511719,0.037500001490116119,36.580078125) yaw=1.2715955972671509 sp=629.3436279296875 vel=(206.96086120605469,1.3481324562185893e-35,593.80718994140625) gate=5 lap=0 prog=5.7625303268432617 b14=1371599 b1c=1153463.75 v9e4=629.3436279296875
   post gate=5 lap=0 alive=1 prog=5.7621479034423828 ng=94 gc=(-26,37) rt=7.0833711624145508
f=426 dt=0.01666666753590107 pos=(-24.133790969848633,0.037500001490116119,36.608444213867188) yaw=1.2521902322769165 sp=652.2974853515625 vel=(222.59274291992188,1.0868195741547214e-35,612.6973876953125) gate=5 lap=0 prog=5.7621479034423828 b14=1398855 b1c=1132361 v9e4=652.2974853515625
   post gate=5 lap=0 alive=1 prog=5.7616443634033203 ng=94 gc=(-26,37) rt=7.1000380516052246
f=427 dt=0.01666666753590107 pos=(-24.122713088989258,0.037500001490116119,36.637657165527344) yaw=1.2321034669876099 sp=675.20855712890625 vel=(239.27359008789062,8.7695150210893277e-36,631.0262451171875) gate=5 lap=0 prog=5.7616443634033203 b14=1426525.375 b1c=1109641.5 v9e4=675.20855712890625
   post gate=5 lap=0 alive=1 prog=5.7610082626342773 ng=94 gc=(-26,37) rt=7.1167049407958984
f=428 dt=0.01666666753590107 pos=(-24.110813140869141,0.037500001490116119,36.667690277099609) yaw=1.2113367319107056 sp=698.06536865234375 vel=(257.02798461914062,7.0828399048479941e-36,648.73223876953125) gate=5 lap=0 prog=5.7610082626342773 b14=1454541.375 b1c=1085254.125 v9e4=698.06536865234375
   post gate=5 lap=0 alive=1 prog=5.7602262496948242 ng=94 gc=(-26,37) rt=7.1333718299865723
f=429 dt=0.01666666753590107 pos=(-24.098041534423828,0.037500001490116119,36.698513031005859) yaw=1.1898921728134155 sp=720.85540771484375 vel=(275.87606811523438,5.7262857748993102e-36,665.75067138671875) gate=5 lap=0 prog=5.7602262496948242 b14=1482830.125 b1c=1059149.5 v9e4=720.85540771484375
   post gate=5 lap=0 alive=1 prog=5.7592868804931641 ng=94 gc=(-26,37) rt=7.1500387191772461
f=430 dt=0.01666666753590107 pos=(-24.084344863891602,0.037500001490116119,36.730087280273438) yaw=1.1677719354629517 sp=743.56597900390625 vel=(295.833251953125,4.6343782272715106e-36,682.0142822265625) gate=5 lap=0 prog=5.7592868804931641 b14=1511312.375 b1c=1031280.4375 v9e4=743.56597900390625
   post gate=5 lap=0 alive=1 prog=5.7581777572631836 ng=94 gc=(-26,37) rt=7.1667056083679199
f=431 dt=0.01666666753590107 pos=(-24.069673538208008,0.037500001490116119,36.762378692626953) yaw=1.1449790000915527 sp=766.18408203125 vel=(316.91000366210938,3.7547498639425351e-36,697.45281982421875) gate=5 lap=0 prog=5.7581777572631836 b14=1539904.5 b1c=1001601.4375 v9e4=766.18408203125
   post gate=5 lap=0 alive=1 prog=5.7568879127502441 ng=94 gc=(-26,37) rt=7.1833724975585938
f=432 dt=0.01666666753590107 pos=(-24.053974151611328,0.037500001490116119,36.795341491699219) yaw=1.1215163469314575 sp=788.69647216796875 vel=(339.11172485351562,3.0455018159875209e-36,711.99371337890625) gate=5 lap=0 prog=5.7568879127502441 b14=1568517 b1c=970070.625 v9e4=788.69647216796875
   post gate=5 lap=0 alive=1 prog=5.7554054260253906 ng=94 gc=(-26,37) rt=7.2000393867492676
f=433 dt=0.01666666753590107 pos=(-24.037195205688477,0.037500001490116119,36.828933715820312) yaw=1.0973875522613525 sp=811.08990478515625 vel=(362.43832397460938,2.4730969081532715e-36,725.56207275390625) gate=5 lap=0 prog=5.7554054260253906 b14=1597055.25 b1c=936648.3125 v9e4=811.08990478515625
   post gate=5 lap=0 alive=1 prog=5.7537193298339844 ng=94 gc=(-26,37) rt=7.2167062759399414
f=434 dt=0.01666666753590107 pos=(-24.019283294677734,0.037500001490116119,36.863105773925781) yaw=1.0725966691970825 sp=833.35076904296875 vel=(386.88406372070312,2.0106798943631017e-36,738.08099365234375) gate=5 lap=0 prog=5.7537193298339844 b14=1625419.75 b1c=901299.75 v9e4=833.35076904296875
   post gate=5 lap=0 alive=1 prog=5.7518196105957031 ng=94 gc=(-26,37) rt=7.2333731651306152
f=435 dt=0.01666666753590107 pos=(-24.000188827514648,0.037500001490116119,36.897804260253906) yaw=1.0471478700637817 sp=855.46710205078125 vel=(412.43655395507812,1.6367646764739065e-36,749.47412109375) gate=5 lap=0 prog=5.7518196105957031 b14=1653505.875 b1c=863993.8125 v9e4=855.46710205078125
   post gate=5 lap=0 alive=1 prog=5.7496976852416992 ng=94 gc=(-26,37) rt=7.2500400543212891
f=436 dt=0.01666666753590107 pos=(-23.979862213134766,0.037500001490116119,36.932975769042969) yaw=1.0210458040237427 sp=877.4290771484375 vel=(439.07037353515625,1.3342130827969131e-36,759.6702880859375) gate=5 lap=0 prog=5.7496976852416992 b14=1681203 b1c=824703.5 v9e4=877.4290771484375
   post gate=5 lap=0 alive=1 prog=5.7473440170288086 ng=94 gc=(-26,37) rt=7.2667069435119629
f=437 dt=0.01666666753590107 pos=(-23.958251953125,0.037500001490116119,36.968559265136719) yaw=0.99429559707641602 sp=899.2239990234375 vel=(466.75881958007812,1.0891539176726873e-36,768.592041015625) gate=5 lap=0 prog=5.7473440170288086 b14=1708398.5 b1c=783408.0625 v9e4=899.2239990234375
   post gate=5 lap=0 alive=1 prog=5.7447509765625 ng=94 gc=(-26,37) rt=7.2833738327026367
f=438 dt=0.01666666753590107 pos=(-23.935312271118164,0.037500001490116119,37.004489898681641) yaw=0.96690267324447632 sp=920.82708740234375 vel=(495.4984130859375,8.9022621545884833e-37,776.12860107421875) gate=5 lap=0 prog=5.7447509765625 b14=1734972.125 b1c=740091.125 v9e4=920.82708740234375
   post gate=5 lap=0 alive=1 prog=5.7419133186340332 ng=94 gc=(-26,37) rt=7.3000407218933105
f=439 dt=0.01666666753590107 pos=(-23.910995483398438,0.037500001490116119,37.040702819824219) yaw=0.9388730525970459 sp=942.23712158203125 vel=(525.2213134765625,7.2870443814006455e-37,782.2315673828125) gate=5 lap=0 prog=5.7419133186340332 b14=1760798.5 b1c=694742.375 v9e4=942.23712158203125
   post gate=5 lap=0 alive=1 prog=5.7388248443603516 ng=94 gc=(-26,37) rt=7.3167076110839844
f=440 dt=0.01666666753590107 pos=(-23.885259628295898,0.037500001490116119,37.077129364013672) yaw=0.91021263599395752 sp=963.43994140625 vel=(555.8865966796875,5.9741124708594143e-37,786.8177490234375) gate=5 lap=0 prog=5.7388248443603516 b14=1785751.375 b1c=647359.5 v9e4=963.43994140625
   post gate=5 lap=0 alive=1 prog=5.7354817390441895 ng=94 gc=(-26,37) rt=7.3333745002746582
f=441 dt=0.01666666753590107 pos=(-23.858062744140625,0.037500001490116119,37.113693237304688) yaw=0.8809281587600708 sp=984.42169189453125 vel=(587.4443359375,4.9055010954166693e-37,789.80645751953125) gate=5 lap=0 prog=5.7354817390441895 b14=1809700.25 b1c=597946.0625 v9e4=984.42169189453125
   post gate=5 lap=0 alive=1 prog=5.7318811416625977 ng=94 gc=(-26,37) rt=7.350041389465332
f=442 dt=0.01666666753590107 pos=(-23.829366683959961,0.037500001490116119,37.150318145751953) yaw=0.85102665424346924 sp=1005.1693725585938 vel=(619.83648681640625,4.0345893914759554e-37,791.11956787109375) gate=5 lap=0 prog=5.7318811416625977 b14=1832509.25 b1c=546513.5 v9e4=1005.1693725585938
   post gate=5 lap=0 alive=1 prog=5.7280211448669434 ng=94 gc=(-26,37) rt=7.3667082786560059
f=443 dt=0.01666666753590107 pos=(-23.799135208129883,0.037500001490116119,37.186923980712891) yaw=0.82051527500152588 sp=1025.670654296875 vel=(652.99658203125,3.3236638211033286e-37,790.6824951171875) gate=5 lap=0 prog=5.7280211448669434 b14=1854040.75 b1c=493081.3125 v9e4=1025.670654296875
   post gate=5 lap=0 alive=1 prog=5.7239012718200684 ng=94 gc=(-26,37) rt=7.3833751678466797
f=444 dt=0.01666666753590107 pos=(-23.767335891723633,0.037500001490116119,37.223426818847656) yaw=0.7894015908241272 sp=1045.9212646484375 vel=(686.86407470703125,2.7416413422825218e-37,788.42254638671875) gate=5 lap=0 prog=5.7239012718200684 b14=1874155 b1c=437677.21875 v9e4=1045.9212646484375
   post gate=5 lap=0 alive=1 prog=5.7195229530334473 ng=94 gc=(-26,37) rt=7.4000420570373535
f=445 dt=0.01666666753590107 pos=(-23.733940124511719,0.037500001490116119,37.259735107421875) yaw=0.75769346952438354 sp=1065.90869140625 vel=(721.36053466796875,2.264601678123633e-37,784.26727294921875) gate=5 lap=0 prog=5.7195229530334473 b14=1892713.375 b1c=380338.53125 v9e4=1065.90869140625
   post gate=5 lap=0 alive=1 prog=5.7148880958557129 ng=94 gc=(-26,37) rt=7.4167089462280273
f=446 dt=0.01666666753590107 pos=(-23.698921203613281,0.037500001490116119,37.295761108398438) yaw=0.72539907693862915 sp=1085.61962890625 vel=(756.40179443359375,1.8730061317750114e-37,778.1451416015625) gate=5 lap=0 prog=5.7148880958557129 b14=1909573.125 b1c=321110.4375 v9e4=1085.61962890625
   post gate=5 lap=0 alive=1 prog=5.7099990844726562 ng=94 gc=(-26,37) rt=7.4333758354187012
f=447 dt=0.01666666753590107 pos=(-23.662258148193359,-4.0624747276306152,37.331409454345703) yaw=0.69252705574035645 sp=1105.0430908203125 vel=(791.900146484375,1.5507970559781431e-37,769.98651123046875) gate=5 lap=0 prog=5.7099990844726562 b14=1924591.5 b1c=260048.09375 v9e4=1105.0430908203125
   post gate=5 lap=0 alive=1 prog=5.7048606872558594 ng=94 gc=(-26,37) rt=7.450042724609375
f=448 dt=0.01666666753590107 pos=(-23.623935699462891,-4.0624747276306152,37.366580963134766) yaw=0.65908610820770264 sp=1124.167236328125 vel=(827.757080078125,1.2854068213778232e-37,759.72955322265625) gate=5 lap=0 prog=5.7048606872558594 b14=1937624.75 b1c=197216.1875 v9e4=1124.167236328125
   post gate=5 lap=0 alive=1 prog=5.6994781494140625 ng=94 gc=(-26,37) rt=7.4667096138000488
f=449 dt=0.01666666753590107 pos=(-23.583942413330078,-4.0624747276306152,37.401180267333984) yaw=0.62508559226989746 sp=1142.9803466796875 vel=(863.86749267578125,1.0665931693424858e-37,747.3165283203125) gate=5 lap=0 prog=5.6994781494140625 b14=1948532.5 b1c=132689.484375 v9e4=1142.9803466796875
   post gate=5 lap=0 alive=1 prog=5.6938576698303223 ng=94 gc=(-26,37) rt=7.4833765029907227
f=450 dt=0.01666666753590107 pos=(-23.542270660400391,-4.0624747276306152,37.435100555419922) yaw=0.59053528308868408 sp=1161.47119140625 vel=(900.1199951171875,8.859952245587677e-38,732.6953125) gate=5 lap=0 prog=5.6938576698303223 b14=1957175.25 b1c=66553.421875 v9e4=1161.47119140625
   post gate=5 lap=0 alive=1 prog=5.6880068778991699 ng=94 gc=(-26,37) rt=7.5000433921813965
f=451 dt=0.01666666753590107 pos=(-23.498918533325195,-4.0624747276306152,37.468238830566406) yaw=0.55544489622116089 sp=1179.6290283203125 vel=(936.39678955078125,7.3678277805185683e-38,715.8197021484375) gate=5 lap=0 prog=5.6880068778991699 b14=1963414.625 b1c=-1096.7926025390625 v9e4=1179.6290283203125
   post gate=5 lap=0 alive=1 prog=5.6819334030151367 ng=94 gc=(-26,37) rt=7.5167102813720703
f=452 dt=0.01666666753590107 pos=(-23.453891754150391,-4.0624747276306152,37.500492095947266) yaw=0.5198248028755188 sp=1197.443115234375 vel=(972.57421875,6.1337137518172593e-38,696.65020751953125) gate=5 lap=0 prog=5.6819334030151367 b14=1967117.5 b1c=-70155.453125 v9e4=1197.443115234375
   post gate=5 lap=0 alive=1 prog=5.6756458282470703 ng=94 gc=(-26,37) rt=7.5333771705627441
f=453 dt=0.01666666753590107 pos=(-23.407199859619141,-4.0624747276306152,37.531749725341797) yaw=0.48368540406227112 sp=1214.9031982421875 vel=(1008.5230712890625,5.1119110139651891e-38,675.15484619140625) gate=5 lap=0 prog=5.6756458282470703 b14=1968153.375 b1c=-140506.484375 v9e4=1214.9031982421875
   post gate=5 lap=0 alive=1 prog=5.669154167175293 ng=94 gc=(-26,37) rt=7.550044059753418
f=454 dt=0.01666666753590107 pos=(-23.358861923217773,-4.0624747276306152,37.561904907226562) yaw=0.44703751802444458 sp=1231.999755859375 vel=(1044.1092529296875,4.2649897639414703e-38,651.30926513671875) gate=5 lap=0 prog=5.669154167175293 b14=1966398.125 b1c=-212023.828125 v9e4=1231.999755859375
   post gate=5 lap=0 alive=1 prog=5.6624689102172852 ng=94 gc=(-26,37) rt=7.5667109489440918
f=455 dt=0.01666666753590107 pos=(-23.30889892578125,-4.0624747276306152,37.590843200683594) yaw=0.40989226102828979 sp=1248.72314453125 vel=(1079.194091796875,3.5622643679743181e-38,625.09759521484375) gate=5 lap=0 prog=5.6624689102172852 b14=1961732.875 b1c=-284571.3125 v9e4=1248.72314453125
   post gate=5 lap=0 alive=1 prog=5.6556000709533691 ng=94 gc=(-26,37) rt=7.5833778381347656
f=456 dt=0.01666666753590107 pos=(-23.257341384887695,-4.0624747276306152,37.618461608886719) yaw=0.37226107716560364 sp=1265.0650634765625 vel=(1113.635009765625,2.9785565755164371e-38,596.512939453125) gate=5 lap=0 prog=5.6556000709533691 b14=1954045.5 b1c=-358003.03125 v9e4=1265.0650634765625
   post gate=5 lap=0 alive=1 prog=5.6485595703125 ng=94 gc=(-26,37) rt=7.6000447273254395
f=457 dt=0.01666666753590107 pos=(-23.204225540161133,-4.0624747276306152,37.644645690917969) yaw=0.33415544033050537 sp=1281.0169677734375 vel=(1147.2862548828125,2.4931846225328572e-38,565.5576171875) gate=5 lap=0 prog=5.6485595703125 b14=1943231.625 b1c=-432163.40625 v9e4=1281.0169677734375
   post gate=5 lap=0 alive=1 prog=5.6413583755493164 ng=94 gc=(-26,37) rt=7.6167116165161133
f=458 dt=0.01666666753590107 pos=(-23.149595260620117,-4.0624747276306152,37.669288635253906) yaw=0.29558724164962769 sp=1296.5716552734375 vel=(1179.999755859375,2.0891465547559255e-38,532.24383544921875) gate=5 lap=0 prog=5.6413583755493164 b14=1929195.625 b1c=-506888.46875 v9e4=1296.5716552734375
   post gate=5 lap=0 alive=1 prog=5.6340093612670898 ng=94 gc=(-26,37) rt=7.6333785057067871
f=459 dt=0.01666666753590107 pos=(-23.093500137329102,-4.0624747276306152,37.692279815673828) yaw=0.25656846165657043 sp=1311.7222900390625 vel=(1211.625244140625,1.7524497063701265e-38,496.59365844726562) gate=5 lap=0 prog=5.6340093612670898 b14=1911850.875 b1c=-582005.0625 v9e4=1311.7222900390625
   post gate=5 lap=0 alive=1 prog=5.6265239715576172 ng=94 gc=(-26,37) rt=7.6500453948974609
f=460 dt=0.01666666753590107 pos=(-23.035999298095703,-4.0624747276306152,37.713512420654297) yaw=0.21711131930351257 sp=1326.462158203125 vel=(1242.011474609375,1.4715675567273101e-38,458.63961791992188) gate=5 lap=0 prog=5.6265239715576172 b14=1891120.75 b1c=-657332.9375 v9e4=1326.462158203125
   post gate=5 lap=0 alive=1 prog=5.6189160346984863 ng=94 gc=(-26,37) rt=7.6667122840881348
f=461 dt=0.01666666753590107 pos=(-22.976783752441406,-4.0624747276306152,37.732769012451172) yaw=0.17702938616275787 sp=1347.47216796875 vel=(1279.0302734375,1.2373367349095632e-38,415.9781494140625) gate=5 lap=0 prog=5.6189160346984863 b14=2358505.75 b1c=-925600.3125 v9e4=1347.47216796875
   post gate=5 lap=0 alive=1 prog=5.6111559867858887 ng=94 gc=(-26,37) rt=7.6833791732788086
f=462 dt=0.01666666753590107 pos=(-22.915937423706055,-4.0624747276306152,37.749958038330078) yaw=0.13632877171039581 sp=1368.2769775390625 vel=(1314.2657470703125,1.0413260484465829e-38,371.29742431640625) gate=5 lap=0 prog=5.6111559867858887 b14=2325130.75 b1c=-1021830.0625 v9e4=1368.2769775390625
   post gate=5 lap=0 alive=1 prog=5.6032576560974121 ng=94 gc=(-26,37) rt=7.7000460624694824
f=463 dt=0.01666666753590107 pos=(-22.853548049926758,-4.0624747276306152,37.764980316162109) yaw=0.095017954707145691 sp=1388.7969970703125 vel=(1347.60205078125,8.7723161606675744e-39,324.49801635742188) gate=5 lap=0 prog=5.6032576560974121 b14=2286795.25 b1c=-1118118.625 v9e4=1388.7969970703125
   post gate=5 lap=0 alive=1 prog=5.5952363014221191 ng=94 gc=(-26,37) rt=7.7167129516601562
f=464 dt=0.01666666753590107 pos=(-22.789709091186523,-4.0624747276306152,37.777736663818359) yaw=0.053107157349586487 sp=1408.9725341796875 vel=(1378.903076171875,7.3977965099960046e-39,275.51516723632812) gate=5 lap=0 prog=5.5952363014221191 b14=2243416.5 b1c=-1214177.875 v9e4=1408.9725341796875
   post gate=5 lap=0 alive=1 prog=5.5871052742004395 ng=94 gc=(-26,37) rt=7.7333798408508301
f=465 dt=0.01666666753590107 pos=(-22.724521636962891,-4.0624747276306152,37.788120269775391) yaw=0.01060817576944828 sp=1428.75244140625 vel=(1408.0172119140625,6.2456419061358184e-39,224.31678771972656) gate=5 lap=0 prog=5.5871052742004395 b14=2194916.25 b1c=-1309698.25 v9e4=1428.75244140625
   post gate=5 lap=0 alive=1 prog=5.5788798332214355 ng=94 gc=(-26,37) rt=7.7500467300415039
f=466 dt=0.01666666753590107 pos=(-22.658096313476562,-4.0624747276306152,37.796031951904297) yaw=-0.032465893775224686 sp=1448.091552734375 vel=(1434.7806396484375,5.2790878825769898e-39,170.90200805664062) gate=5 lap=0 prog=5.5788798332214355 b14=2141233 b1c=-1404355.25 v9e4=1448.091552734375
   post gate=5 lap=0 alive=1 prog=5.5705747604370117 ng=94 gc=(-26,37) rt=7.7667136192321777
f=467 dt=0.01666666753590107 pos=(-22.590547561645508,-4.0624747276306152,37.801368713378906) yaw=-0.076100766658782959 sp=1466.9512939453125 vel=(1459.02197265625,4.4674964496955212e-39,115.29963684082031) gate=5 lap=0 prog=5.5705747604370117 b14=2082328 b1c=-1497811.875 v9e4=1466.9512939453125
   post gate=5 lap=0 alive=1 prog=5.5622043609619141 ng=94 gc=(-26,37) rt=7.7833805084228516
f=468 dt=0.01666666753590107 pos=(-22.522003173828125,-4.0624747276306152,37.804035186767578) yaw=-0.12028117477893829 sp=1485.2977294921875 vel=(1480.565673828125,3.7853429559637359e-39,57.566719055175781) gate=5 lap=0 prog=5.5622043609619141 b14=2018184.875 b1c=-1589720.25 v9e4=1485.2977294921875
   post gate=5 lap=0 alive=1 prog=5.5537843704223633 ng=94 gc=(-26,37) rt=7.8000473976135254
f=469 dt=0.01666666753590107 pos=(-22.452592849731445,-4.0624747276306152,37.803932189941406) yaw=-0.16489876806735992 sp=1503.101318359375 vel=(1499.234619140625,3.2113711049762909e-39,-2.2130298614501953) gate=5 lap=0 prog=5.5537843704223633 b14=1948812.5 b1c=-1679725.125 v9e4=1503.101318359375
   post gate=5 lap=0 alive=1 prog=5.5453295707702637 ng=94 gc=(-26,37) rt=7.8167142868041992
f=470 dt=0.01666666753590107 pos=(-22.38245964050293,-4.0624747276306152,37.800971984863281) yaw=-0.20951637625694275 sp=1520.3394775390625 vel=(1514.863037109375,2.7278474646671554e-39,-63.91131591796875) gate=5 lap=0 prog=5.5453295707702637 b14=1874432.25 b1c=-1767314 v9e4=1520.3394775390625
   post gate=5 lap=0 alive=1 prog=5.5368556976318359 ng=94 gc=(-26,37) rt=7.833381175994873
f=471 dt=0.01666666753590107 pos=(-22.311748504638672,-4.0624747276306152,37.795078277587891) yaw=-0.25413396954536438 sp=1537.0130615234375 vel=(1527.3370361328125,2.319898653135986e-39,-127.29450225830078) gate=5 lap=0 prog=5.5368556976318359 b14=1796017.75 b1c=-1851508.5 v9e4=1537.0130615234375
   post gate=5 lap=0 alive=1 prog=5.5283780097961426 ng=94 gc=(-26,37) rt=7.8500480651855469
f=472 dt=0.01666666753590107 pos=(-22.240610122680664,-4.0624747276306152,37.786182403564453) yaw=-0.2987515926361084 sp=1553.146484375 vel=(1536.559326171875,1.9752114607767605e-39,-192.13418579101562) gate=5 lap=0 prog=5.5283780097961426 b14=1713753 b1c=-1932146.75 v9e4=1553.146484375
   post gate=5 lap=0 alive=1 prog=5.5199108123779297 ng=94 gc=(-26,37) rt=7.8667149543762207
f=473 dt=0.01666666753590107 pos=(-22.169200897216797,-4.0624747276306152,37.774227142333984) yaw=-0.34336912631988525 sp=1568.761474609375 vel=(1542.4468994140625,1.6835774282768725e-39,-258.20587158203125) gate=5 lap=0 prog=5.5199108123779297 b14=1627802.25 b1c=-2009048.875 v9e4=1568.761474609375
   post gate=5 lap=0 alive=1 prog=5.5114684104919434 ng=94 gc=(-26,37) rt=7.8833818435668945
f=474 dt=0.01666666753590107 pos=(-22.097675323486328,-4.0624747276306152,37.759166717529297) yaw=-0.38798671960830688 sp=1583.878173828125 vel=(1544.9307861328125,1.4365116934348354e-39,-325.28851318359375) gate=5 lap=0 prog=5.5114684104919434 b14=1538339.625 b1c=-2082044.875 v9e4=1583.878173828125
   post gate=5 lap=0 alive=1 prog=5.5030646324157715 ng=94 gc=(-26,37) rt=7.9000487327575684
f=475 dt=0.01666666753590107 pos=(-22.026195526123047,-4.0624747276306152,37.740962982177734) yaw=-0.4326043426990509 sp=1598.5146484375 vel=(1543.9547119140625,1.2269419029012017e-39,-393.16397094726562) gate=5 lap=0 prog=5.5030646324157715 b14=1445546.5 b1c=-2150972 v9e4=1598.5146484375
   post gate=5 lap=0 alive=1 prog=5.494713306427002 ng=94 gc=(-26,37) rt=7.9167156219482422
f=476 dt=0.01666666753590107 pos=(-21.954923629760742,-4.0624747276306152,37.719593048095703) yaw=-0.47722193598747253 sp=1612.68701171875 vel=(1539.4749755859375,1.0489657875442353e-39,-461.61688232421875) gate=5 lap=0 prog=5.494713306427002 b14=1349611.5 b1c=-2215675.75 v9e4=1612.68701171875
   post gate=5 lap=0 alive=1 prog=5.4864273071289062 ng=94 gc=(-26,37) rt=7.933382511138916
f=477 dt=0.01666666753590107 pos=(-21.884021759033203,-4.0624747276306152,37.695034027099609) yaw=-0.52183955907821655 sp=1626.410888671875 vel=(1531.4600830078125,8.9764937547104862e-40,-530.43438720703125) gate=5 lap=0 prog=5.4864273071289062 b14=1250731.875 b1c=-2276012.5 v9e4=1626.410888671875
   post gate=5 lap=0 alive=1 prog=5.4782190322875977 ng=94 gc=(-26,37) rt=7.9500494003295898
f=478 dt=0.01666666753590107 pos=(-21.813655853271484,-4.0624747276306152,37.667282104492188) yaw=-0.56645715236663818 sp=1639.7003173828125 vel=(1519.890380859375,7.6885743491341901e-40,-599.40631103515625) gate=5 lap=0 prog=5.4782190322875977 b14=1149110.125 b1c=-2331845.75 v9e4=1639.7003173828125
   post gate=5 lap=0 alive=1 prog=5.4701013565063477 ng=94 gc=(-26,37) rt=7.9667162895202637
f=479 dt=0.01666666753590107 pos=(-21.743989944458008,-4.0624747276306152,37.636341094970703) yaw=-0.61107468605041504 sp=1652.5679931640625 vel=(1504.757080078125,6.5912175217214258e-40,-668.32513427734375) gate=5 lap=0 prog=5.4701013565063477 b14=1044956 b1c=-2383051 v9e4=1652.5679931640625
   post gate=5 lap=0 alive=1 prog=5.4620852470397949 ng=94 gc=(-26,37) rt=7.9833831787109375
f=480 dt=0.01666666753590107 pos=(-21.675189971923828,-4.0624747276306152,37.602222442626953) yaw=-0.65569227933883667 sp=1665.0262451171875 vel=(1486.0626220703125,5.6552762644142372e-40,-736.98590087890625) gate=5 lap=0 prog=5.4620852470397949 b14=938484.875 b1c=-2429512.5 v9e4=1665.0262451171875
   post gate=5 lap=0 alive=1 prog=5.4541826248168945 ng=94 gc=(-26,37) rt=8.0000495910644531
f=481 dt=0.01666666753590107 pos=(-21.607419967651367,-4.0624747276306152,37.564945220947266) yaw=-0.70030981302261353 sp=1677.0860595703125 vel=(1463.8204345703125,4.8562278540869401e-40,-805.186767578125) gate=5 lap=0 prog=5.4541826248168945 b14=829916.9375 b1c=-2471124.25 v9e4=1677.0860595703125
   post gate=5 lap=0 alive=1 prog=5.4464049339294434 ng=94 gc=(-26,37) rt=8.0167160034179688
f=482 dt=0.01666666753590107 pos=(-21.540842056274414,-4.0624747276306152,37.524539947509766) yaw=-0.74492746591567993 sp=1688.7584228515625 vel=(1438.05419921875,4.1733891254060999e-40,-872.72906494140625) gate=5 lap=0 prog=5.4464049339294434 b14=719477.875 b1c=-2507793 v9e4=1688.7584228515625
   post gate=5 lap=0 alive=1 prog=5.4387621879577637 ng=94 gc=(-26,37) rt=8.0333824157714844
f=483 dt=0.01666666753590107 pos=(-21.475620269775391,-4.0624747276306152,37.481048583984375) yaw=-0.78954505920410156 sp=1700.053466796875 vel=(1408.7979736328125,3.5893559514448027e-40,-939.41741943359375) gate=5 lap=0 prog=5.4387621879577637 b14=607396.75 b1c=-2539435 v9e4=1700.053466796875
   post gate=5 lap=0 alive=1 prog=5.4312648773193359 ng=94 gc=(-26,37) rt=8.050048828125
f=484 dt=0.01666666753590107 pos=(-21.411911010742188,-4.0624747276306152,37.434516906738281) yaw=-0.83416265249252319 sp=1710.9803466796875 vel=(1376.095458984375,3.0893586463890647e-40,-1005.060302734375) gate=5 lap=0 prog=5.4312648773193359 b14=493906.96875 b1c=-2565976.75 v9e4=1710.9803466796875
   post gate=5 lap=0 alive=1 prog=5.4239225387573242 ng=94 gc=(-26,37) rt=8.0667152404785156
f=485 dt=0.01666666753590107 pos=(-21.349872589111328,-4.0624747276306152,37.385002136230469) yaw=-0.8787803053855896 sp=1721.548583984375 vel=(1340.000732421875,2.6609676928603249e-40,-1069.47021484375) gate=5 lap=0 prog=5.4239225387573242 b14=379244.90625 b1c=-2587357 v9e4=1721.548583984375
   post gate=5 lap=0 alive=1 prog=5.4167451858520508 ng=94 gc=(-26,37) rt=8.0833816528320312
f=486 dt=0.01666666753590107 pos=(-21.28965950012207,-4.0624747276306152,37.332572937011719) yaw=-0.92339795827865601 sp=1731.7669677734375 vel=(1300.576904296875,2.2935892744682876e-40,-1132.4638671875) gate=5 lap=0 prog=5.4167451858520508 b14=263649.125 b1c=-2603526.25 v9e4=1731.7669677734375
   post gate=5 lap=0 alive=1 prog=5.4097418785095215 ng=94 gc=(-26,37) rt=8.1000480651855469
f=487 dt=0.01666666753590107 pos=(-21.231422424316406,-4.0624747276306152,37.277301788330078) yaw=-0.96801561117172241 sp=1741.64404296875 vel=(1257.8963623046875,1.9782831070105605e-40,-1193.86279296875) gate=5 lap=0 prog=5.4097418785095215 b14=147360.75 b1c=-2614443.75 v9e4=1741.64404296875
   post gate=5 lap=0 alive=1 prog=5.4029207229614258 ng=94 gc=(-26,37) rt=8.1167144775390625
f=488 dt=0.01666666753590107 pos=(-21.175308227539062,-4.0624747276306152,37.219268798828125) yaw=-1.012633204460144 sp=1751.1878662109375 vel=(1212.040283203125,1.7074681657951464e-40,-1253.493408203125) gate=5 lap=0 prog=5.4029207229614258 b14=30621.861328125 b1c=-2620083.25 v9e4=1751.1878662109375
   post gate=5 lap=0 alive=1 prog=5.3962907791137695 ng=94 gc=(-26,37) rt=8.1333808898925781
f=489 dt=0.01666666753590107 pos=(-21.1214599609375,-4.0624747276306152,37.158565521240234) yaw=-1.0572508573532104 sp=1760.40625 vel=(1163.0986328125,1.4746844649015077e-40,-1311.1873779296875) gate=5 lap=0 prog=5.3962907791137695 b14=-86323.96875 b1c=-2620428.5 v9e4=1760.40625
   post gate=5 lap=0 alive=1 prog=5.3898606300354004 ng=94 gc=(-26,37) rt=8.1500473022460938
f=490 dt=0.01666666753590107 pos=(-21.070016860961914,-4.0624747276306152,37.095287322998047) yaw=-1.1018683910369873 sp=1769.307373046875 vel=(1111.169677734375,1.2744108883802049e-40,-1366.7823486328125) gate=5 lap=0 prog=5.3898606300354004 b14=-203233.28125 b1c=-2615473.75 v9e4=1769.307373046875
   post gate=5 lap=0 alive=1 prog=5.3836369514465332 ng=94 gc=(-26,37) rt=8.1667137145996094
f=491 dt=0.01666666753590107 pos=(-21.021110534667969,-4.0624747276306152,37.029541015625) yaw=-1.1464860439300537 sp=1777.8984375 vel=(1056.359375,1.1020231512989659e-40,-1420.12158203125) gate=5 lap=0 prog=5.3836369514465332 b14=-319862.875 b1c=-2605226.5 v9e4=1777.8984375
   post gate=5 lap=0 alive=1 prog=5.3776278495788574 ng=94 gc=(-26,37) rt=8.183380126953125
f=492 dt=0.01666666753590107 pos=(-20.974870681762695,-4.0624747276306152,36.961437225341797) yaw=-1.1911035776138306 sp=1786.1871337890625 vel=(998.7816162109375,9.5352755303446502e-41,-1471.0546875) gate=5 lap=0 prog=5.3776278495788574 b14=-435969.875 b1c=-2589703.75 v9e4=1786.1871337890625
   post gate=5 lap=0 alive=1 prog=5.3718404769897461 ng=94 gc=(-26,37) rt=8.2000465393066406
f=493 dt=0.01666666753590107 pos=(-20.931419372558594,-4.0624747276306152,36.891094207763672) yaw=-1.235721230506897 sp=1794.180419921875 vel=(938.557373046875,8.2551893831839298e-41,-1519.43798828125) gate=5 lap=0 prog=5.3718404769897461 b14=-551313.375 b1c=-2568935.5 v9e4=1794.180419921875
   post gate=5 lap=0 alive=1 prog=5.3662810325622559 ng=94 gc=(-26,37) rt=8.2167129516601562
f=494 dt=0.01666666753590107 pos=(-20.890872955322266,-4.0624747276306152,36.818634033203125) yaw=-1.2803388833999634 sp=1801.8858642578125 vel=(875.8145751953125,7.1508260634495415e-41,-1565.1346435546875) gate=5 lap=0 prog=5.3662810325622559 b14=-665653.1875 b1c=-2542961.25 v9e4=1801.8858642578125
   post gate=5 lap=0 alive=1 prog=5.3609566688537598 ng=94 gc=(-26,37) rt=8.2333793640136719
f=495 dt=0.01666666753590107 pos=(-20.853340148925781,-4.0624747276306152,36.744190216064453) yaw=-1.3249564170837402 sp=1809.3099365234375 vel=(810.68756103515625,6.1976628480158009e-41,-1608.0146484375) gate=5 lap=0 prog=5.3609566688537598 b14=-778752.5625 b1c=-2511832.5 v9e4=1809.3099365234375
   post gate=5 lap=0 alive=1 prog=5.3558731079101562 ng=94 gc=(-26,37) rt=8.2500457763671875
f=496 dt=0.01666666753590107 pos=(-20.818927764892578,-4.0624747276306152,36.667896270751953) yaw=-1.3695740699768066 sp=1816.4599609375 vel=(743.3170166015625,5.3744000002249709e-41,-1647.955810546875) gate=5 lap=0 prog=5.3558731079101562 b14=-890376.75 b1c=-2475611.5 v9e4=1816.4599609375
   post gate=5 lap=0 alive=1 prog=5.3510370254516602 ng=94 gc=(-26,37) rt=8.2667121887207031
f=497 dt=0.01666666753590107 pos=(-20.787731170654297,-4.0624747276306152,36.589893341064453) yaw=-1.4141916036605835 sp=1823.342529296875 vel=(673.84912109375,4.6628206400408288e-41,-1684.8433837890625) gate=5 lap=0 prog=5.3510370254516602 b14=-1000294.6875 b1c=-2434370.75 v9e4=1823.342529296875
   post gate=5 lap=0 alive=1 prog=5.3464527130126953 ng=94 gc=(-26,37) rt=8.2833786010742188
f=498 dt=0.01666666753590107 pos=(-20.75984001159668,-4.0624747276306152,36.510330200195312) yaw=-1.4588092565536499 sp=1829.96435546875 vel=(602.43560791015625,4.0475104843558016e-41,-1718.570556640625) gate=5 lap=0 prog=5.3464527130126953 b14=-1108278.875 b1c=-2388194.25 v9e4=1829.96435546875
   post gate=5 lap=0 alive=1 prog=5.3421263694763184 ng=94 gc=(-26,37) rt=8.3000450134277344
f=499 dt=0.01666666753590107 pos=(-20.73533821105957,-4.0624747276306152,36.429355621337891) yaw=-1.5034267902374268 sp=1836.3323974609375 vel=(529.23309326171875,3.5148769380659387e-41,-1749.038330078125) gate=5 lap=0 prog=5.3421263694763184 b14=-1214107.125 b1c=-2337176.25 v9e4=1836.3323974609375
   post gate=5 lap=0 alive=1 prog=5.3380627632141113 ng=94 gc=(-26,37) rt=8.31671142578125
f=500 dt=0.01666666753590107 pos=(-20.714300155639648,-4.0624747276306152,36.347126007080078) yaw=-1.5480444431304932 sp=1842.452880859375 vel=(454.40249633789062,3.0539898731495063e-41,-1776.15625) gate=5 lap=0 prog=5.3380627632141113 b14=-1317559.875 b1c=-2281419 v9e4=1842.452880859375
   post gate=5 lap=0 alive=1 prog=5.3342666625976562 ng=94 gc=(-26,37) rt=8.3333778381347656
f=501 dt=0.01666666753590107 pos=(-20.696794509887695,-4.0624747276306152,36.263797760009766) yaw=-1.59266197681427 sp=1848.33203125 vel=(378.10894775390625,2.6546198108169335e-41,-1799.8419189453125) gate=5 lap=0 prog=5.3342666625976562 b14=-1418425 b1c=-2221037.25 v9e4=1848.33203125
   post gate=5 lap=0 alive=1 prog=5.330742359161377 ng=94 gc=(-26,37) rt=8.3500442504882812
f=502 dt=0.01666666753590107 pos=(-20.682882308959961,-4.0624747276306152,36.179538726806641) yaw=-1.6372796297073364 sp=1853.9765625 vel=(300.52120971679688,2.3084990901287036e-41,-1820.0216064453125) gate=5 lap=0 prog=5.330742359161377 b14=-1516494.375 b1c=-2156153.25 v9e4=1853.9765625
   post gate=5 lap=0 alive=1 prog=5.3274941444396973 ng=94 gc=(-26,37) rt=8.3667106628417969
f=503 dt=0.01666666753590107 pos=(-20.672613143920898,-4.0624747276306152,36.094509124755859) yaw=-1.6818971633911133 sp=1859.392822265625 vel=(221.81126403808594,2.0082008292238953e-41,-1836.630615234375) gate=5 lap=0 prog=5.3274941444396973 b14=-1611567.125 b1c=-2086900.625 v9e4=1859.392822265625
   post gate=5 lap=0 alive=1 prog=5.3245258331298828 ng=94 gc=(-26,37) rt=8.3833770751953125
f=504 dt=0.01666666753590107 pos=(-20.666032791137695,-4.0624747276306152,36.008876800537109) yaw=-1.7265148162841797 sp=1864.5869140625 vel=(142.15376281738281,1.7478395745523443e-41,-1849.6126708984375) gate=5 lap=0 prog=5.3245258331298828 b14=-1703447.625 b1c=-2013419.125 v9e4=1864.5869140625
   post gate=5 lap=0 alive=1 prog=5.3218417167663574 ng=94 gc=(-26,37) rt=8.4000434875488281
f=505 dt=0.01666666753590107 pos=(-20.966032028198242,-4.0624747276306152,36.008876800537109) yaw=1.9802436828613281 sp=934.782470703125 vel=(-372.13919067382812,1.5218101322567513e-41,857.5142822265625) gate=5 lap=0 prog=5.3218417167663574 b14=-1791948.625 b1c=-1935860.5 v9e4=1869.56494140625
   post gate=5 lap=0 alive=1 prog=5.3586735725402832 ng=94 gc=(-26,37) rt=8.4167098999023438
f=506 dt=0.01666666753590107 pos=(-20.982986450195312,-4.0624747276306152,36.050167083740234) yaw=1.9515610933303833 sp=964.187255859375 vel=(-366.20498657226562,1.2437925169347076e-41,891.837890625) gate=5 lap=0 prog=5.3586735725402832 b14=439215.09375 b1c=2391313.25 v9e4=964.187255859375
   post gate=5 lap=0 alive=1 prog=5.3617334365844727 ng=94 gc=(-26,37) rt=8.4333763122558594
f=507 dt=0.01666666753590107 pos=(-20.999546051025391,-4.0624747276306152,36.093063354492188) yaw=1.9220136404037476 sp=993.26318359375 vel=(-357.68081665039062,1.0183235940248446e-41,926.58746337890625) gate=5 lap=0 prog=5.3617334365844727 b14=509518.78125 b1c=2386655.25 v9e4=993.26318359375
   post gate=5 lap=0 alive=1 prog=5.3647456169128418 ng=94 gc=(-26,37) rt=8.450042724609375
f=508 dt=0.01666666753590107 pos=(-21.015590667724609,-4.0624747276306152,36.137577056884766) yaw=1.8916091918945312 sp=1022.0791625976562 vel=(-346.55059814453125,8.3559427427688842e-42,961.52734375) gate=5 lap=0 prog=5.3647456169128418 b14=581984.6875 b1c=2379469 v9e4=1022.0791625976562
   post gate=5 lap=0 alive=1 prog=5.3676915168762207 ng=94 gc=(-26,37) rt=8.4667091369628906
f=509 dt=0.01666666753590107 pos=(-21.030996322631836,-4.0624747276306152,36.183712005615234) yaw=1.8603559732437134 sp=1050.613037109375 vel=(-332.7783203125,6.8705663705845781e-42,996.51654052734375) gate=5 lap=0 prog=5.3676915168762207 b14=656439.6875 b1c=2369298.25 v9e4=1050.613037109375
   post gate=5 lap=0 alive=1 prog=5.370549201965332 ng=94 gc=(-26,37) rt=8.4833755493164062
f=510 dt=0.01666666753590107 pos=(-21.04564094543457,-4.0624747276306152,36.231464385986328) yaw=1.8282632827758789 sp=1078.8353271484375 vel=(-316.32083129882812,5.6598444974079361e-42,1031.4031982421875) gate=5 lap=0 prog=5.370549201965332 b14=732745.375 b1c=2355956.75 v9e4=1078.8353271484375
   post gate=5 lap=0 alive=1 prog=5.373298168182373 ng=94 gc=(-26,37) rt=8.5000419616699219
f=511 dt=0.01666666753590107 pos=(-21.059396743774414,-4.0624747276306152,36.280818939208984) yaw=1.7953414916992188 sp=1106.7176513671875 vel=(-297.1405029296875,4.6705277815946153e-42,1066.0289306640625) gate=5 lap=0 prog=5.373298168182373 b14=810744.625 b1c=2339255.5 v9e4=1106.7176513671875
   post gate=5 lap=0 alive=1 prog=5.3759160041809082 ng=94 gc=(-26,37) rt=8.5167083740234375
f=512 dt=0.01666666753590107 pos=(-21.072137832641602,-4.0624747276306152,36.331756591796875) yaw=1.7616010904312134 sp=1134.236572265625 vel=(-275.20947265625,3.860577269214871e-42,1100.231689453125) gate=5 lap=0 prog=5.3759160041809082 b14=890262.75 b1c=2319008.25 v9e4=1134.236572265625
   post gate=5 lap=0 alive=1 prog=5.3783793449401855 ng=94 gc=(-26,37) rt=8.5333747863769531
f=513 dt=0.01666666753590107 pos=(-21.083734512329102,-4.0624747276306152,36.384250640869141) yaw=1.7270538806915283 sp=1161.36669921875 vel=(-250.49986267089844,3.1949604986605829e-42,1133.84326171875) gate=5 lap=0 prog=5.3783793449401855 b14=971106.75 b1c=2295033.25 v9e4=1161.36669921875
   post gate=5 lap=0 alive=1 prog=5.3806657791137695 ng=94 gc=(-26,37) rt=8.5500411987304688
f=514 dt=0.01666666753590107 pos=(-21.094058990478516,-4.0624747276306152,36.438262939453125) yaw=1.6917121410369873 sp=1188.0830078125 vel=(-222.9930419921875,2.6484540975739043e-42,1166.6883544921875) gate=5 lap=0 prog=5.3806657791137695 b14=1053066.375 b1c=2267157 v9e4=1188.0830078125
   post gate=5 lap=0 alive=1 prog=5.3827505111694336 ng=94 gc=(-26,37) rt=8.5667076110839844
f=515 dt=0.01666666753590107 pos=(-21.10297966003418,-4.0624747276306152,36.493755340576172) yaw=1.6555887460708618 sp=1214.361572265625 vel=(-192.68104553222656,2.2000385889899628e-42,1198.5855712890625) gate=5 lap=0 prog=5.3827505111694336 b14=1135914 b1c=2235215 v9e4=1214.361572265625
   post gate=5 lap=0 alive=1 prog=5.3846101760864258 ng=94 gc=(-26,37) rt=8.5833740234375
f=516 dt=0.01666666753590107 pos=(-21.110366821289062,-4.0624747276306152,36.550670623779297) yaw=1.6186976432800293 sp=1240.1783447265625 vel=(-159.56785583496094,1.8300957944082111e-42,1229.3477783203125) gate=5 lap=0 prog=5.3846101760864258 b14=1219402.75 b1c=2199052 v9e4=1240.1783447265625
   post gate=5 lap=0 alive=1 prog=5.3862204551696777 ng=94 gc=(-26,37) rt=8.6000404357910156
f=517 dt=0.01666666753590107 pos=(-21.116092681884766,-4.0624747276306152,36.60894775390625) yaw=1.5810531377792358 sp=1265.510009765625 vel=(-123.67056274414062,1.524612729185401e-42,1258.78271484375) gate=5 lap=0 prog=5.3862204551696777 b14=1303270.875 b1c=2158528 v9e4=1265.510009765625
   post gate=5 lap=0 alive=1 prog=5.3875579833984375 ng=94 gc=(-26,37) rt=8.6167068481445312
f=518 dt=0.01666666753590107 pos=(-21.120029449462891,-4.0624747276306152,36.66851806640625) yaw=1.5426704883575439 sp=1290.333740234375 vel=(-85.020355224609375,1.2709777071426091e-42,1286.694580078125) gate=5 lap=0 prog=5.3875579833984375 b14=1387239.625 b1c=2113517.25 v9e4=1290.333740234375
   post gate=5 lap=0 alive=1 prog=5.3885979652404785 ng=94 gc=(-26,37) rt=8.6333732604980469
f=519 dt=0.01666666753590107 pos=(-21.122051239013672,-4.0624747276306152,36.729301452636719) yaw=1.5035653114318848 sp=1314.6275634765625 vel=(-43.663463592529297,1.0607829374938865e-42,1312.884033203125) gate=5 lap=0 prog=5.3885979652404785 b14=1471014.5 b1c=2063910.5 v9e4=1314.6275634765625
   post gate=5 lap=0 alive=1 prog=5.3893184661865234 ng=94 gc=(-26,37) rt=8.6500396728515625
f=520 dt=0.01666666753590107 pos=(-21.122035980224609,-4.0624747276306152,36.791206359863281) yaw=1.4637540578842163 sp=1338.3697509765625 vel=(0.33808326721191406,8.8702192791760921e-43,1337.1505126953125) gate=5 lap=0 prog=5.3893184661865234 b14=1554287.75 b1c=2009618.375 v9e4=1338.3697509765625
   post gate=5 lap=0 alive=1 prog=5.3896961212158203 ng=94 gc=(-26,37) rt=8.6667060852050781
f=521 dt=0.01666666753590107 pos=(-21.119638442993164,-4.0624747276306152,36.854454040527344) yaw=1.4230486154556274 sp=1368.4388427734375 vel=(51.798969268798828,7.4408948455647786e-43,1366.146728515625) gate=5 lap=0 prog=5.3896961212158203 b14=1977540.875 b1c=2356719.75 v9e4=1368.4388427734375
   post gate=5 lap=0 alive=1 prog=5.389683723449707 ng=94 gc=(-26,37) rt=8.6833724975585938
f=522 dt=0.01666666753590107 pos=(-21.114755630493164,-4.0624747276306152,36.918930053710938) yaw=1.3814618587493896 sp=1398.07421875 vel=(105.47232055664062,6.2638041355319323e-43,1392.6439208984375) gate=5 lap=0 prog=5.389683723449707 b14=2077340.375 b1c=2280367 v9e4=1398.07421875
   post gate=5 lap=0 alive=1 prog=5.3892602920532227 ng=94 gc=(-26,37) rt=8.7000389099121094
f=523 dt=0.01666666753590107 pos=(-21.107282638549805,-4.0624747276306152,36.984504699707031) yaw=1.339009165763855 sp=1427.1971435546875 vel=(161.42866516113281,5.2688822258613122e-43,1416.42041015625) gate=5 lap=0 prog=5.3892602920532227 b14=2175771.25 b1c=2197505.75 v9e4=1427.1971435546875
   post gate=5 lap=0 alive=1 prog=5.3884072303771973 ng=94 gc=(-26,37) rt=8.716705322265625
f=524 dt=0.01666666753590107 pos=(-21.097112655639648,-4.0624747276306152,37.051044464111328) yaw=1.2957075834274292 sp=1455.7413330078125 vel=(219.68583679199219,4.4421161319096701e-43,1437.2431640625) gate=5 lap=0 prog=5.3884072303771973 b14=2272346 b1c=2108078 v9e4=1455.7413330078125
   post gate=5 lap=0 alive=1 prog=5.3871059417724609 ng=94 gc=(-26,37) rt=8.7333717346191406
f=525 dt=0.01666666753590107 pos=(-21.084138870239258,-4.0624747276306152,37.118400573730469) yaw=1.2515761852264404 sp=1483.6473388671875 vel=(280.212890625,3.7554798843905098e-43,1454.872802734375) gate=5 lap=0 prog=5.3871059417724609 b14=2366551 b1c=2012056.125 v9e4=1483.6473388671875
   post gate=5 lap=0 alive=1 prog=5.3853392601013184 ng=94 gc=(-26,37) rt=8.7500381469726562
f=526 dt=0.01666666753590107 pos=(-21.068262100219727,-4.0624747276306152,37.186412811279297) yaw=1.2069586515426636 sp=1510.8603515625 vel=(342.93341064453125,3.1809475140173348e-43,1469.0689697265625) gate=5 lap=0 prog=5.3853392601013184 b14=2457854 b1c=1909452.875 v9e4=1510.8603515625
   post gate=5 lap=0 alive=1 prog=5.3830924034118652 ng=94 gc=(-26,37) rt=8.7667045593261719
f=527 dt=0.01666666753590107 pos=(-21.049388885498047,-4.0624747276306152,37.254913330078125) yaw=1.1623409986495972 sp=1537.343994140625 vel=(407.66262817382812,2.7045060361468969e-43,1479.640380859375) gate=5 lap=0 prog=5.3830924034118652 b14=2545226.75 b1c=1801217.375 v9e4=1537.343994140625
   post gate=5 lap=0 alive=1 prog=5.3803539276123047 ng=94 gc=(-26,37) rt=8.7833709716796875
f=528 dt=0.01666666753590107 pos=(-21.027439117431641,-4.0624747276306152,37.323734283447266) yaw=1.1177234649658203 sp=1563.0972900390625 vel=(474.10281372070312,2.2981294814927e-43,1486.479736328125) gate=5 lap=0 prog=5.3803539276123047 b14=2627631.25 b1c=1688856 v9e4=1563.0972900390625
   post gate=5 lap=0 alive=1 prog=5.3771138191223145 ng=94 gc=(-26,37) rt=8.8000373840332031
f=529 dt=0.01666666753590107 pos=(-21.002347946166992,-4.0624747276306152,37.392692565917969) yaw=1.0731058120727539 sp=1588.140380859375 vel=(541.96636962890625,1.9618178500547439e-43,1489.498291015625) gate=5 lap=0 prog=5.3771138191223145 b14=2704906.25 b1c=1572628 v9e4=1588.140380859375
   post gate=5 lap=0 alive=1 prog=5.3733677864074707 ng=94 gc=(-26,37) rt=8.8167037963867188
f=530 dt=0.01666666753590107 pos=(-20.974061965942383,-4.0624747276306152,37.461612701416016) yaw=1.0284881591796875 sp=1612.4915771484375 vel=(610.97344970703125,1.6675451725465323e-43,1488.62353515625) gate=5 lap=0 prog=5.3733677864074707 b14=2776869 b1c=1452776.625 v9e4=1612.4915771484375
   post gate=5 lap=0 alive=1 prog=5.3691134452819824 ng=94 gc=(-26,37) rt=8.8333702087402344
f=531 dt=0.01666666753590107 pos=(-20.942541122436523,-4.0624747276306152,37.530307769775391) yaw=0.98387068510055542 sp=1636.1671142578125 vel=(680.850830078125,1.4153114489680652e-43,1483.7989501953125) gate=5 lap=0 prog=5.3691134452819824 b14=2843346.25 b1c=1329552.25 v9e4=1636.1671142578125
   post gate=5 lap=0 alive=1 prog=5.364351749420166 ng=94 gc=(-26,37) rt=8.85003662109375
f=532 dt=0.01666666753590107 pos=(-20.907756805419922,-4.0624747276306152,37.598594665527344) yaw=0.93925309181213379 sp=1659.182373046875 vel=(751.33074951171875,1.2051166793193427e-43,1474.9827880859375) gate=5 lap=0 prog=5.364351749420166 b14=2904179.25 b1c=1203214.625 v9e4=1659.182373046875
   post gate=5 lap=0 alive=1 prog=5.3590869903564453 ng=94 gc=(-26,37) rt=8.8667030334472656
f=533 dt=0.01666666753590107 pos=(-20.869693756103516,-4.0624747276306152,37.666286468505859) yaw=0.89463549852371216 sp=1681.550537109375 vel=(822.15069580078125,1.0229478789571165e-43,1462.148193359375) gate=5 lap=0 prog=5.3590869903564453 b14=2959219 b1c=1074030.375 v9e4=1681.550537109375
   post gate=5 lap=0 alive=1 prog=5.3533258438110352 ng=94 gc=(-26,37) rt=8.8833694458007812
f=534 dt=0.01666666753590107 pos=(-20.828348159790039,-4.0624747276306152,37.733200073242188) yaw=0.85001790523529053 sp=1703.284912109375 vel=(893.05303955078125,8.6880504788138658e-44,1445.2823486328125) gate=5 lap=0 prog=5.3533258438110352 b14=3008333 b1c=942273.0625 v9e4=1703.284912109375
   post gate=5 lap=0 alive=1 prog=5.3470792770385742 ng=94 gc=(-26,37) rt=8.9000358581542969
f=535 dt=0.01666666753590107 pos=(-20.783727645874023,-4.0624747276306152,37.799144744873047) yaw=0.8054003119468689 sp=1724.3968505859375 vel=(963.7847900390625,7.5670117073540122e-44,1424.3863525390625) gate=5 lap=0 prog=5.3470792770385742 b14=3051397.75 b1c=808223 v9e4=1724.3968505859375
   post gate=9 lap=0 alive=1 prog=9.3425531387329102 ng=94 gc=(-20,43) rt=8.9167022705078125
f=536 dt=0.01666666753590107 pos=(-20.73585319519043,-4.0624747276306152,37.863937377929688) yaw=0.76078277826309204 sp=1744.897705078125 vel=(1034.09765625,6.5861027823266402e-44,1399.474853515625) gate=9 lap=0 prog=9.3425531387329102 b14=3088308 b1c=672166.1875 v9e4=1744.897705078125
   post gate=9 lap=0 alive=1 prog=9.3514366149902344 ng=94 gc=(-20,43) rt=8.9333686828613281
f=537 dt=0.01666666753590107 pos=(-20.68475341796875,-4.0624747276306152,37.927391052246094) yaw=0.71616524457931519 sp=1764.7979736328125 vel=(1103.748046875,5.74532370373175e-44,1370.5755615234375) gate=9 lap=0 prog=9.3514366149902344 b14=3118968.5 b1c=534393.375 v9e4=1764.7979736328125
   post gate=9 lap=0 alive=1 prog=9.3601722717285156 ng=94 gc=(-20,43) rt=8.9500350952148438
f=538 dt=0.01666666753590107 pos=(-20.630470275878906,-4.0624747276306152,37.989322662353516) yaw=0.67154759168624878 sp=1784.1072998046875 vel=(1172.4976806640625,5.0446744715693415e-44,1337.72900390625) gate=9 lap=0 prog=9.3601722717285156 b14=3143301 b1c=395199.71875 v9e4=1784.1072998046875
   post gate=9 lap=0 alive=1 prog=9.3687267303466797 ng=94 gc=(-20,43) rt=8.9667015075683594
f=539 dt=0.01666666753590107 pos=(-20.573057174682617,-4.0624747276306152,38.049552917480469) yaw=0.62692993879318237 sp=1802.8355712890625 vel=(1240.1134033203125,4.3440252394069329e-44,1300.988525390625) gate=9 lap=0 prog=9.3687267303466797 b14=3161241.25 b1c=254883.84375 v9e4=1802.8355712890625
   post gate=9 lap=0 alive=1 prog=9.3770618438720703 ng=94 gc=(-20,43) rt=8.983367919921875
f=540 dt=0.01666666753590107 pos=(-20.512577056884766,-4.0624747276306152,38.107906341552734) yaw=0.58231234550476074 sp=1820.9918212890625 vel=(1306.3677978515625,3.7835058536770061e-44,1260.41943359375) gate=9 lap=0 prog=9.3770618438720703 b14=3172738.5 b1c=113747.125 v9e4=1820.9918212890625
   post gate=9 lap=0 alive=1 prog=9.3851404190063477 ng=94 gc=(-20,43) rt=9.0000343322753906
f=541 dt=0.01666666753590107 pos=(-20.449102401733398,-4.0624747276306152,38.164207458496094) yaw=0.53769469261169434 sp=1838.5850830078125 vel=(1371.0394287109375,3.363116314379561e-44,1216.0989990234375) gate=9 lap=0 prog=9.3851404190063477 b14=3177758.75 b1c=-27906.443359375 v9e4=1838.5850830078125
   post gate=9 lap=0 alive=1 prog=9.3929252624511719 ng=94 gc=(-20,43) rt=9.0167007446289062
f=542 dt=0.01666666753590107 pos=(-20.382717132568359,-4.0624747276306152,38.218288421630859) yaw=0.49307715892791748 sp=1855.6243896484375 vel=(1433.913330078125,2.9427267750821158e-44,1168.1158447265625) gate=9 lap=0 prog=9.3929252624511719 b14=3176280.75 b1c=-169772.21875 v9e4=1855.6243896484375
   post gate=9 lap=0 alive=1 prog=9.4003744125366211 ng=94 gc=(-20,43) rt=9.0333671569824219
f=543 dt=0.01666666753590107 pos=(-20.313512802124023,-4.0624747276306152,38.269981384277344) yaw=0.44845956563949585 sp=1872.1181640625 vel=(1494.78125,2.5223372357846707e-44,1116.569580078125) gate=9 lap=0 prog=9.4003744125366211 b14=3168299.25 b1c=-311544.6875 v9e4=1872.1181640625
   post gate=9 lap=0 alive=1 prog=9.4074506759643555 ng=94 gc=(-20,43) rt=9.0500335693359375
f=544 dt=0.01666666753590107 pos=(-20.241594314575195,-4.0624747276306152,38.319129943847656) yaw=0.40384200215339661 sp=1888.0750732421875 vel=(1553.4422607421875,2.2420775429197073e-44,1061.5706787109375) gate=9 lap=0 prog=9.4074506759643555 b14=3153824.5 b1c=-452919.28125 v9e4=1888.0750732421875
   post gate=9 lap=0 alive=1 prog=9.4141120910644531 ng=94 gc=(-20,43) rt=9.0666999816894531
f=545 dt=0.01666666753590107 pos=(-20.167070388793945,-4.0624747276306152,38.365577697753906) yaw=0.35922440886497498 sp=1903.50390625 vel=(1609.702880859375,1.9618178500547439e-44,1003.23974609375) gate=9 lap=0 prog=9.4141120910644531 b14=3132880 b1c=-593591.625 v9e4=1903.50390625
   post gate=9 lap=0 alive=1 prog=9.4203205108642578 ng=94 gc=(-20,43) rt=9.0833663940429688
f=546 dt=0.01666666753590107 pos=(-20.090061187744141,-4.0624747276306152,38.409175872802734) yaw=0.31460681557655334 sp=1918.412841796875 vel=(1663.3778076171875,1.6815581571897805e-44,941.70703125) gate=9 lap=0 prog=9.4203205108642578 b14=3105504.5 b1c=-733259.9375 v9e4=1918.412841796875
   post gate=9 lap=0 alive=1 prog=9.4260368347167969 ng=94 gc=(-20,43) rt=9.1000328063964844
f=547 dt=0.01666666753590107 pos=(-20.01069450378418,-4.0624747276306152,38.449783325195312) yaw=0.26998919248580933 sp=1932.810791015625 vel=(1714.2900390625,1.5414283107572988e-44,877.1121826171875) gate=9 lap=0 prog=9.4260368347167969 b14=3071751.25 b1c=-871623.875 v9e4=1932.810791015625
   post gate=9 lap=0 alive=1 prog=9.4312210083007812 ng=94 gc=(-20,43) rt=9.11669921875
f=548 dt=0.01666666753590107 pos=(-19.929107666015625,-4.0624747276306152,38.487266540527344) yaw=0.2253715991973877 sp=1946.7059326171875 vel=(1762.27099609375,1.4012984643248171e-44,809.60345458984375) gate=9 lap=0 prog=9.4312210083007812 b14=3031687 b1c=-1008387.25 v9e4=1946.7059326171875
   post gate=9 lap=0 alive=1 prog=9.4358386993408203 ng=94 gc=(-20,43) rt=9.1333656311035156
f=549 dt=0.01666666753590107 pos=(-19.845441818237305,-4.0624747276306152,38.521495819091797) yaw=0.18075397610664368 sp=1960.10693359375 vel=(1807.16162109375,1.2611686178923354e-44,739.3375244140625) gate=9 lap=0 prog=9.4358386993408203 b14=2985394.75 b1c=-1143257.125 v9e4=1960.10693359375
   post gate=9 lap=0 alive=1 prog=9.4398536682128906 ng=94 gc=(-20,43) rt=9.1500320434570312
f=550 dt=0.01666666753590107 pos=(-19.759847640991211,-4.0624747276306152,38.552352905273438) yaw=0.13613638281822205 sp=1973.0224609375 vel=(1848.81201171875,1.1210387714598537e-44,666.47857666015625) gate=9 lap=0 prog=9.4398536682128906 b14=2932969.25 b1c=-1275945.5 v9e4=1973.0224609375
   post gate=9 lap=0 alive=1 prog=9.4432344436645508 ng=94 gc=(-20,43) rt=9.1666984558105469
f=551 dt=0.01666666753590107 pos=(-19.672481536865234,-4.0624747276306152,38.579723358154297) yaw=0.091518789529800415 sp=1985.4610595703125 vel=(1887.08203125,9.8090892502737195e-45,591.19818115234375) gate=9 lap=0 prog=9.4432344436645508 b14=2874519.5 b1c=-1406169.125 v9e4=1985.4610595703125
   post gate=9 lap=0 alive=1 prog=9.4459505081176758 ng=94 gc=(-20,43) rt=9.1833648681640625
f=552 dt=0.01666666753590107 pos=(-19.583507537841797,-4.0624747276306152,38.603504180908203) yaw=0.046901185065507889 sp=1997.4315185546875 vel=(1921.8414306640625,8.4077907859489024e-45,513.6744384765625) gate=9 lap=0 prog=9.4459505081176758 b14=2810167.25 b1c=-1533651.375 v9e4=1997.4315185546875
   post gate=9 lap=0 alive=1 prog=9.4479770660400391 ng=94 gc=(-20,43) rt=9.2000312805175781
f=553 dt=0.01666666753590107 pos=(-19.493091583251953,-4.0624747276306152,38.623600006103516) yaw=0.0022835864219814539 sp=2008.9427490234375 vel=(1952.97021484375,7.0064923216240854e-45,434.09152221679688) gate=9 lap=0 prog=9.4479770660400391 b14=2740048.25 b1c=-1658121.375 v9e4=2008.9427490234375
   post gate=9 lap=0 alive=1 prog=9.4492921829223633 ng=94 gc=(-20,43) rt=9.2166976928710938
f=554 dt=0.01666666753590107 pos=(-19.401407241821289,-4.0624747276306152,38.639926910400391) yaw=-0.042334016412496567 sp=2020.0032958984375 vel=(1980.358642578125,5.6051938572992683e-45,352.63900756835938) gate=9 lap=0 prog=9.4492921829223633 b14=2664308.75 b1c=-1779315.75 v9e4=2020.0032958984375
   post gate=9 lap=0 alive=1 prog=9.4498786926269531 ng=94 gc=(-20,43) rt=9.2333641052246094
f=555 dt=0.01666666753590107 pos=(-19.308633804321289,-4.0624747276306152,38.65240478515625) yaw=-0.086951605975627899 sp=2030.6221923828125 vel=(2003.9075927734375,5.6051938572992683e-45,269.51150512695312) gate=9 lap=0 prog=9.4498786926269531 b14=2583109.5 b1c=-1896979.125 v9e4=2030.6221923828125
   post gate=9 lap=0 alive=1 prog=9.4497222900390625 ng=94 gc=(-20,43) rt=9.250030517578125
f=556 dt=0.01666666753590107 pos=(-19.214950561523438,-4.0624747276306152,38.660964965820312) yaw=-0.13156920671463013 sp=2040.8082275390625 vel=(2023.52880859375,5.6051938572992683e-45,184.9078369140625) gate=9 lap=0 prog=9.4497222900390625 b14=2496621.5 b1c=-2010863.625 v9e4=2040.8082275390625
   post gate=9 lap=0 alive=1 prog=9.4488143920898438 ng=94 gc=(-20,43) rt=9.2666969299316406
f=557 dt=0.01666666753590107 pos=(-19.12054443359375,-4.0624747276306152,38.665550231933594) yaw=-0.17618680000305176 sp=2050.5703125 vel=(2039.144775390625,5.6051938572992683e-45,99.030601501464844) gate=9 lap=0 prog=9.4488143920898438 b14=2405027.5 b1c=-2120730.75 v9e4=2050.5703125
   post gate=9 lap=0 alive=1 prog=9.4471540451049805 ng=94 gc=(-20,43) rt=9.2833633422851562
f=558 dt=0.01666666753590107 pos=(-19.025604248046875,-4.0624747276306152,38.666110992431641) yaw=-0.22080440819263458 sp=2059.917724609375 vel=(2050.68896484375,5.6051938572992683e-45,12.085594177246094) gate=9 lap=0 prog=9.4471540451049805 b14=2308519.25 b1c=-2226350 v9e4=2059.917724609375
   post gate=9 lap=0 alive=1 prog=9.4447402954101562 ng=94 gc=(-20,43) rt=9.3000297546386719
f=559 dt=0.01666666753590107 pos=(-18.930320739746094,-4.0624747276306152,38.662605285644531) yaw=-0.26542198657989502 sp=2068.859375 vel=(2058.105712890625,5.6051938572992683e-45,-75.7188720703125) gate=9 lap=0 prog=9.4447402954101562 b14=2207301.25 b1c=-2327502.25 v9e4=2068.859375
   post gate=9 lap=0 alive=1 prog=9.4415817260742188 ng=94 gc=(-20,43) rt=9.3166961669921875
f=560 dt=0.01666666753590107 pos=(-18.83488655090332,-4.0624747276306152,38.655006408691406) yaw=-0.31003960967063904 sp=2077.404541015625 vel=(2061.350830078125,5.6051938572992683e-45,-164.17247009277344) gate=9 lap=0 prog=9.4415817260742188 b14=2101586 b1c=-2423977.5 v9e4=2077.404541015625
   post gate=9 lap=0 alive=1 prog=9.437687873840332 ng=94 gc=(-20,43) rt=9.3333625793457031
f=561 dt=0.01666666753590107 pos=(-18.739498138427734,-4.0624747276306152,38.643291473388672) yaw=-0.35465717315673828 sp=2085.5625 vel=(2060.390625,5.6051938572992683e-45,-253.06344604492188) gate=9 lap=0 prog=9.437687873840332 b14=1991596.25 b1c=-2515577 v9e4=2085.5625
   post gate=9 lap=0 alive=1 prog=9.4330759048461914 ng=94 gc=(-20,43) rt=9.3500289916992188
f=562 dt=0.01666666753590107 pos=(-18.644350051879883,-4.0624747276306152,38.627449035644531) yaw=-0.3992747962474823 sp=2093.341796875 vel=(2055.20263671875,5.6051938572992683e-45,-342.17916870117188) gate=9 lap=0 prog=9.4330759048461914 b14=1877561.875 b1c=-2602111.75 v9e4=2093.341796875
   post gate=9 lap=0 alive=1 prog=9.427764892578125 ng=94 gc=(-20,43) rt=9.3666954040527344
f=563 dt=0.01666666753590107 pos=(-18.549636840820312,-4.0624747276306152,38.607479095458984) yaw=-0.44389241933822632 sp=2100.751708984375 vel=(2045.7755126953125,5.6051938572992683e-45,-431.3067626953125) gate=9 lap=0 prog=9.427764892578125 b14=1759723 b1c=-2683405.25 v9e4=2100.751708984375
   post gate=9 lap=0 alive=1 prog=9.4217777252197266 ng=94 gc=(-20,43) rt=9.38336181640625
f=564 dt=0.01666666753590107 pos=(-18.455556869506836,-4.0624747276306152,38.583393096923828) yaw=-0.48851001262664795 sp=2107.8017578125 vel=(2032.1087646484375,5.6051938572992683e-45,-520.233642578125) gate=9 lap=0 prog=9.4217777252197266 b14=1638325 b1c=-2759291.75 v9e4=2107.8017578125
   post gate=9 lap=0 alive=1 prog=9.4151430130004883 ng=94 gc=(-20,43) rt=9.4000282287597656
f=565 dt=0.01666666753590107 pos=(-18.3623046875,-4.0624747276306152,38.555210113525391) yaw=-0.53312766551971436 sp=2114.501220703125 vel=(2014.2130126953125,5.6051938572992683e-45,-608.7479248046875) gate=9 lap=0 prog=9.4151430130004883 b14=1513621.75 b1c=-2829618.5 v9e4=2114.501220703125
   post gate=9 lap=0 alive=1 prog=9.4078874588012695 ng=94 gc=(-20,43) rt=9.4166946411132812
f=566 dt=0.01666666753590107 pos=(-18.270076751708984,-4.0624747276306152,38.522956848144531) yaw=-0.57774519920349121 sp=2120.859375 vel=(1992.109130859375,5.6051938572992683e-45,-696.63909912109375) gate=9 lap=0 prog=9.4078874588012695 b14=1385872.5 b1c=-2894243.5 v9e4=2120.859375
   post gate=9 lap=0 alive=1 prog=9.4000453948974609 ng=94 gc=(-20,43) rt=9.4333610534667969
f=567 dt=0.01666666753590107 pos=(-18.179065704345703,-4.0624747276306152,38.486675262451172) yaw=-0.62236285209655762 sp=2126.885498046875 vel=(1965.82861328125,5.6051938572992683e-45,-783.69854736328125) gate=9 lap=0 prog=9.4000453948974609 b14=1255342.625 b1c=-2953037.25 v9e4=2126.885498046875
   post gate=9 lap=0 alive=1 prog=9.3916482925415039 ng=94 gc=(-20,43) rt=9.4500274658203125
f=568 dt=0.01666666753590107 pos=(-18.089462280273438,-4.0624747276306152,38.4464111328125) yaw=-0.66698044538497925 sp=2132.58837890625 vel=(1935.413330078125,5.6051938572992683e-45,-869.72015380859375) gate=9 lap=0 prog=9.3916482925415039 b14=1122302.5 b1c=-3005884.25 v9e4=2132.58837890625
   post gate=9 lap=0 alive=1 prog=9.3827314376831055 ng=94 gc=(-20,43) rt=9.4666938781738281
f=569 dt=0.01666666753590107 pos=(-18.001455307006836,-4.0624747276306152,38.4022216796875) yaw=-0.71159803867340088 sp=2137.977783203125 vel=(1900.91552734375,5.6051938572992683e-45,-954.50030517578125) gate=9 lap=0 prog=9.3827314376831055 b14=987027.3125 b1c=-3052679.75 v9e4=2137.977783203125
   post gate=9 lap=0 alive=1 prog=9.3733301162719727 ng=94 gc=(-20,43) rt=9.4833602905273438
f=570 dt=0.01666666753590107 pos=(-17.915231704711914,-4.0624747276306152,38.354171752929688) yaw=-0.75621563196182251 sp=2143.062255859375 vel=(1862.397216796875,5.6051938572992683e-45,-1037.8389892578125) gate=9 lap=0 prog=9.3733301162719727 b14=849795.6875 b1c=-3093334.25 v9e4=2143.062255859375
   post gate=10 lap=0 alive=1 prog=10.371860504150391 ng=94 gc=(-16,43) rt=9.5000267028808594
f=571 dt=0.01666666753590107 pos=(-17.830974578857422,-4.0624747276306152,38.302341461181641) yaw=-0.80083322525024414 sp=2147.851318359375 vel=(1819.93017578125,5.6051938572992683e-45,-1119.5399169921875) gate=10 lap=0 prog=10.371860504150391 b14=710890.25 b1c=-3127769.25 v9e4=2147.851318359375
   post gate=10 lap=0 alive=1 prog=10.369766235351562 ng=94 gc=(-16,43) rt=9.516693115234375
f=572 dt=0.01666666753590107 pos=(-17.748863220214844,-4.0624747276306152,38.246810913085938) yaw=-0.845450758934021 sp=2152.354248046875 vel=(1773.5958251953125,5.6051938572992683e-45,-1199.4112548828125) gate=10 lap=0 prog=10.369766235351562 b14=570595.3125 b1c=-3155919.75 v9e4=2152.354248046875
   post gate=10 lap=0 alive=1 prog=10.366910934448242 ng=94 gc=(-16,43) rt=9.5333595275878906
f=573 dt=0.01666666753590107 pos=(-17.669071197509766,-4.0624747276306152,38.187679290771484) yaw=-0.89006835222244263 sp=2156.579833984375 vel=(1723.4844970703125,5.6051938572992683e-45,-1277.2655029296875) gate=10 lap=0 prog=10.366910934448242 b14=429198 b1c=-3177735 v9e4=2156.579833984375
   post gate=10 lap=0 alive=1 prog=10.363306045532227 ng=94 gc=(-16,43) rt=9.5500259399414062
f=574 dt=0.01666666753590107 pos=(-17.591770172119141,-4.0624747276306152,38.125041961669922) yaw=-0.93468588590621948 sp=2160.537353515625 vel=(1669.69580078125,5.6051938572992683e-45,-1352.9205322265625) gate=10 lap=0 prog=10.363306045532227 b14=286986.375 b1c=-3193175.5 v9e4=2160.537353515625
   post gate=10 lap=0 alive=1 prog=10.358968734741211 ng=94 gc=(-16,43) rt=9.5666923522949219
f=575 dt=0.01666666753590107 pos=(-17.517124176025391,-4.0624747276306152,38.059013366699219) yaw=-0.97930353879928589 sp=2164.23583984375 vel=(1612.337646484375,5.6051938572992683e-45,-1426.199462890625) gate=10 lap=0 prog=10.358968734741211 b14=144250.125 b1c=-3202216 v9e4=2164.23583984375
   post gate=10 lap=0 alive=1 prog=10.353918075561523 ng=94 gc=(-16,43) rt=9.5833587646484375
f=576 dt=0.01666666753590107 pos=(-17.445293426513672,-4.0624747276306152,37.989711761474609) yaw=-1.0239211320877075 sp=2167.68359375 vel=(1551.526123046875,5.6051938572992683e-45,-1496.9315185546875) gate=10 lap=0 prog=10.353918075561523 b14=1278.3304443359375 b1c=-3204845.5 v9e4=2167.68359375
   post gate=10 lap=0 alive=1 prog=10.348176956176758 ng=94 gc=(-16,43) rt=9.6000251770019531
f=577 dt=0.01666666753590107 pos=(-17.376432418823242,-4.0624747276306152,37.917259216308594) yaw=-1.0685386657714844 sp=2170.890380859375 vel=(1487.3857421875,5.6051938572992683e-45,-1564.9520263671875) gate=10 lap=0 prog=10.348176956176758 b14=-141639.21875 b1c=-3201064 v9e4=2170.890380859375
   post gate=10 lap=0 alive=1 prog=10.34177303314209 ng=94 gc=(-16,43) rt=9.6166915893554688
f=578 dt=0.01666666753590107 pos=(-17.310688018798828,-4.0624747276306152,37.841789245605469) yaw=-1.1131563186645508 sp=2173.8642578125 vel=(1420.04833984375,5.6051938572992683e-45,-1630.1029052734375) gate=10 lap=0 prog=10.34177303314209 b14=-284214.375 b1c=-3190884.5 v9e4=2173.8642578125
   post gate=10 lap=0 alive=1 prog=10.334733963012695 ng=94 gc=(-16,43) rt=9.6333580017089844
f=579 dt=0.01666666753590107 pos=(-17.248203277587891,-4.0624747276306152,37.763442993164062) yaw=-1.1577738523483276 sp=2176.614501953125 vel=(1349.6529541015625,5.6051938572992683e-45,-1692.233154296875) gate=10 lap=0 prog=10.334733963012695 b14=-426160.09375 b1c=-3174334 v9e4=2176.614501953125
   post gate=10 lap=0 alive=1 prog=10.327092170715332 ng=94 gc=(-16,43) rt=9.6500244140625
f=580 dt=0.01666666753590107 pos=(-17.189113616943359,-4.0624747276306152,37.682369232177734) yaw=-1.2023913860321045 sp=2179.149169921875 vel=(1276.345458984375,5.6051938572992683e-45,-1751.1986083984375) gate=10 lap=0 prog=10.327092170715332 b14=-567191.5625 b1c=-3151453.75 v9e4=2179.149169921875
   post gate=10 lap=0 alive=1 prog=10.318880081176758 ng=94 gc=(-16,43) rt=9.6666908264160156
f=581 dt=0.01666666753590107 pos=(-17.133586883544922,-4.0624747276306152,37.598453521728516) yaw=-1.2470090389251709 sp=2185.5078125 vel=(1199.36376953125,5.6051938572992683e-45,-1812.5439453125) gate=10 lap=0 prog=10.318880081176758 b14=-786348.375 b1c=-3472586 v9e4=2185.5078125
   post gate=10 lap=0 alive=1 prog=10.310098648071289 ng=94 gc=(-16,43) rt=9.6833572387695312
f=582 dt=0.01666666753590107 pos=(-17.081747055053711,-4.0624747276306152,37.511863708496094) yaw=-1.2916266918182373 sp=2191.9091796875 vel=(1119.724853515625,5.6051938572992683e-45,-1870.31005859375) gate=10 lap=0 prog=10.310098648071289 b14=-941119.8125 b1c=-3436492 v9e4=2191.9091796875
   post gate=10 lap=0 alive=1 prog=10.300784111022949 ng=94 gc=(-16,43) rt=9.7000236511230469
f=583 dt=0.01666666753590107 pos=(-17.033710479736328,-4.0624747276306152,37.422771453857422) yaw=-1.3362442255020142 sp=2198.284423828125 vel=(1037.5723876953125,5.6051938572992683e-45,-1924.384521484375) gate=10 lap=0 prog=10.300784111022949 b14=-1094144 b1c=-3393216 v9e4=2198.284423828125
   post gate=10 lap=0 alive=1 prog=10.290972709655762 ng=94 gc=(-16,43) rt=9.7166900634765625
f=584 dt=0.01666666753590107 pos=(-16.989587783813477,-4.0624747276306152,37.331352233886719) yaw=-1.3808618783950806 sp=2204.6123046875 vel=(953.05743408203125,5.6051938572992683e-45,-1974.6612548828125) gate=10 lap=0 prog=10.290972709655762 b14=-1245109.75 b1c=-3342937 v9e4=2204.6123046875
   post gate=10 lap=0 alive=1 prog=10.280702590942383 ng=94 gc=(-16,43) rt=9.7333564758300781
f=585 dt=0.01666666753590107 pos=(-16.949480056762695,-4.0624747276306152,37.237785339355469) yaw=-1.425479531288147 sp=2210.87353515625 vel=(866.3369140625,5.6051938572992683e-45,-2021.0394287109375) gate=10 lap=0 prog=10.280702590942383 b14=-1393692.75 b1c=-3285766.75 v9e4=2210.87353515625
   post gate=10 lap=0 alive=1 prog=10.270009994506836 ng=94 gc=(-16,43) rt=9.7500228881835938
f=586 dt=0.01666666753590107 pos=(-16.913480758666992,-4.0624747276306152,37.142253875732422) yaw=-1.4700970649719238 sp=2217.05078125 vel=(777.573974609375,5.6051938572992683e-45,-2063.424072265625) gate=10 lap=0 prog=10.270009994506836 b14=-1539573.75 b1c=-3221827.75 v9e4=2217.05078125
   post gate=10 lap=0 alive=1 prog=10.258932113647461 ng=94 gc=(-16,43) rt=9.7666893005371094
f=587 dt=0.01666666753590107 pos=(-16.881677627563477,-4.0624747276306152,37.044952392578125) yaw=-1.5147147178649902 sp=2223.128173828125 vel=(686.9376220703125,5.6051938572992683e-45,-2101.72607421875) gate=10 lap=0 prog=10.258932113647461 b14=-1682441.875 b1c=-3151258.5 v9e4=2223.128173828125
   post gate=10 lap=0 alive=1 prog=10.247505187988281 ng=94 gc=(-16,43) rt=9.783355712890625
f=588 dt=0.01666666753590107 pos=(-16.854148864746094,-4.0624747276306152,36.946067810058594) yaw=-1.5593322515487671 sp=2229.091796875 vel=(594.6021728515625,5.6051938572992683e-45,-2135.86376953125) gate=10 lap=0 prog=10.247505187988281 b14=-1821993 b1c=-3074212.5 v9e4=2229.091796875
   post gate=10 lap=0 alive=1 prog=10.235763549804688 ng=94 gc=(-16,43) rt=9.8000221252441406
f=589 dt=0.01666666753590107 pos=(-16.830965042114258,-4.0624747276306152,36.845798492431641) yaw=-1.6039499044418335 sp=2234.92919921875 vel=(500.74700927734375,5.6051938572992683e-45,-2165.76220703125) gate=10 lap=0 prog=10.235763549804688 b14=-1957931.75 b1c=-2990854.75 v9e4=2234.92919921875
   post gate=10 lap=0 alive=1 prog=10.22374439239502 ng=94 gc=(-16,43) rt=9.8166885375976562
f=590 dt=0.01666666753590107 pos=(-16.812189102172852,-4.0624747276306152,36.744346618652344) yaw=-1.6485674381256104 sp=2240.629638671875 vel=(405.5565185546875,5.6051938572992683e-45,-2191.353759765625) gate=10 lap=0 prog=10.22374439239502 b14=-2089971.25 b1c=-2901364.75 v9e4=2240.629638671875
   post gate=10 lap=0 alive=1 prog=10.211480140686035 ng=94 gc=(-16,43) rt=9.8333549499511719
f=591 dt=0.01666666753590107 pos=(-16.797872543334961,-4.0624747276306152,36.641910552978516) yaw=-1.6931850910186768 sp=2246.18310546875 vel=(309.21914672851562,5.6051938572992683e-45,-2212.5791015625) gate=10 lap=0 prog=10.211480140686035 b14=-2217834.25 b1c=-2805934.25 v9e4=2246.18310546875
   post gate=10 lap=0 alive=1 prog=10.199005126953125 ng=94 gc=(-16,43) rt=9.8500213623046875
f=592 dt=0.01666666753590107 pos=(-16.788061141967773,-4.0624747276306152,36.5386962890625) yaw=-1.7378026247024536 sp=2251.5810546875 vel=(211.92724609375,5.6051938572992683e-45,-2229.38671875) gate=10 lap=0 prog=10.199005126953125 b14=-2341253.5 b1c=-2704767.5 v9e4=2251.5810546875
   post gate=10 lap=0 alive=1 prog=10.186351776123047 ng=94 gc=(-16,43) rt=9.8666877746582031
f=593 dt=0.01666666753590107 pos=(-16.78278923034668,-4.0624747276306152,36.434909820556641) yaw=-1.78242027759552 sp=2256.816162109375 vel=(113.87662506103516,5.6051938572992683e-45,-2241.734130859375) gate=10 lap=0 prog=10.186351776123047 b14=-2459970.5 b1c=-2598079.5 v9e4=2256.816162109375
   post gate=10 lap=0 alive=1 prog=10.173550605773926 ng=94 gc=(-16,43) rt=9.8833541870117188
f=594 dt=0.01666666753590107 pos=(-16.782081604003906,-4.0624747276306152,36.330760955810547) yaw=-1.8270378112792969 sp=2261.8828125 vel=(15.265953063964844,5.6051938572992683e-45,-2249.587646484375) gate=10 lap=0 prog=10.173550605773926 b14=-2573741.75 b1c=-2486098.25 v9e4=2261.8828125
   post gate=10 lap=0 alive=1 prog=10.160633087158203 ng=94 gc=(-16,43) rt=9.9000205993652344
f=595 dt=0.01666666753590107 pos=(-16.785957336425781,-4.0624747276306152,36.226459503173828) yaw=-1.8716553449630737 sp=2266.775634765625 vel=(-83.703628540039062,5.6051938572992683e-45,-2252.922119140625) gate=10 lap=0 prog=10.160633087158203 b14=-2682329.5 b1c=-2369060 v9e4=2266.775634765625
   post gate=10 lap=0 alive=1 prog=10.147626876831055 ng=94 gc=(-16,43) rt=9.91668701171875
f=596 dt=0.01666666753590107 pos=(-16.794422149658203,-4.0624747276306152,36.122211456298828) yaw=-1.9162729978561401 sp=2271.490478515625 vel=(-182.82908630371094,5.6051938572992683e-45,-2251.72216796875) gate=10 lap=0 prog=10.147626876831055 b14=-2785512.25 b1c=-2247212.5 v9e4=2271.490478515625
   post gate=10 lap=0 alive=1 prog=10.134560585021973 ng=94 gc=(-16,43) rt=9.9333534240722656
f=597 dt=0.01666666753590107 pos=(-16.807474136352539,-4.0624747276306152,36.018230438232422) yaw=-1.9608906507492065 sp=2276.024169921875 vel=(-281.90606689453125,5.6051938572992683e-45,-2245.9814453125) gate=10 lap=0 prog=10.134560585021973 b14=-2883079.75 b1c=-2120813.75 v9e4=2276.024169921875
   post gate=10 lap=0 alive=1 prog=10.121461868286133 ng=94 gc=(-16,43) rt=9.9500198364257812
f=598 dt=0.01666666753590107 pos=(-17.107473373413086,-4.0624747276306152,36.018230438232422) yaw=0.48942962288856506 sp=1140.18701171875 vel=(1006.3304443359375,5.6051938572992683e-45,536.02764892578125) gate=10 lap=0 prog=10.121461868286133 b14=-2974831 b1c=-1990127.25 v9e4=2280.3740234375
   post gate=10 lap=0 alive=1 prog=10.116367340087891 ng=94 gc=(-16,43) rt=9.9666862487792969
f=599 dt=0.01666666753590107 pos=(-17.058628082275391,-4.0624747276306152,36.042835235595703) yaw=0.45428428053855896 sp=1181.476318359375 vel=(1055.046875,4.2038953929744512e-45,531.44219970703125) gate=10 lap=0 prog=10.116367340087891 b14=3393157.5 b1c=-346156.25 v9e4=1181.476318359375
   post gate=10 lap=0 alive=1 prog=10.120344161987305 ng=94 gc=(-16,43) rt=9.9833526611328125
f=600 dt=0.01666666753590107 pos=(-17.007484436035156,-4.0624747276306152,36.067031860351562) yaw=0.41793012619018555 sp=1222.123291015625 vel=(1104.679931640625,2.8025969286496341e-45,522.65185546875) gate=10 lap=0 prog=10.120344161987305 b14=3391355 b1c=-466886.5 v9e4=1222.123291015625
   post gate=10 lap=0 alive=1 prog=10.124276161193848 ng=94 gc=(-16,43) rt=10.000019073486328
f=601 dt=0.01666666753590107 pos=(-16.954019546508789,-4.0624747276306152,36.090621948242188) yaw=0.38038259744644165 sp=1262.24951171875 vel=(1154.846923828125,2.8025969286496341e-45,509.50784301757812) gate=10 lap=0 prog=10.124276161193848 b14=3384534.75 b1c=-592008 v9e4=1262.24951171875
   post gate=10 lap=0 alive=1 prog=10.128133773803711 ng=94 gc=(-16,43) rt=10.016685485839844
f=602 dt=0.01666666753590107 pos=(-16.898220062255859,-4.0624747276306152,36.113395690917969) yaw=0.34165933728218079 sp=1301.7860107421875 vel=(1205.2528076171875,2.8025969286496341e-45,491.90972900390625) gate=10 lap=0 prog=10.128133773803711 b14=3371599 b1c=-721138.4375 v9e4=1301.7860107421875
   post gate=10 lap=0 alive=1 prog=10.13188362121582 ng=94 gc=(-16,43) rt=10.033351898193359
f=603 dt=0.01666666753590107 pos=(-16.840089797973633,-4.0624747276306152,36.135143280029297) yaw=0.30177974700927734 sp=1340.6680908203125 vel=(1255.589111328125,2.8025969286496341e-45,469.76785278320312) gate=10 lap=0 prog=10.13188362121582 b14=3352095 b1c=-853911.8125 v9e4=1340.6680908203125
   post gate=10 lap=0 alive=1 prog=10.135491371154785 ng=94 gc=(-16,43) rt=10.050018310546875
f=604 dt=0.01666666753590107 pos=(-16.779647827148438,-4.0624747276306152,36.155654907226562) yaw=0.2607651948928833 sp=1378.833984375 vel=(1305.532470703125,2.8025969286496341e-45,443.00772094726562) gate=10 lap=0 prog=10.135491371154785 b14=3325576.75 b1c=-989911.3125 v9e4=1378.833984375
   post gate=10 lap=0 alive=1 prog=10.138923645019531 ng=94 gc=(-16,43) rt=10.066684722900391
f=605 dt=0.01666666753590107 pos=(-16.716928482055664,-4.0624747276306152,36.174709320068359) yaw=0.21863877773284912 sp=1416.22412109375 vel=(1354.7449951171875,2.8025969286496341e-45,411.57431030273438) gate=10 lap=0 prog=10.138923645019531 b14=3291610.5 b1c=-1128667.375 v9e4=1416.22412109375
   post gate=10 lap=0 alive=1 prog=10.142145156860352 ng=94 gc=(-16,43) rt=10.083351135253906
f=606 dt=0.01666666753590107 pos=(-16.651979446411133,-4.0624747276306152,36.192089080810547) yaw=0.17542526125907898 sp=1452.7811279296875 vel=(1402.874267578125,2.8025969286496341e-45,375.43606567382812) gate=10 lap=0 prog=10.142145156860352 b14=3249785 b1c=-1269659.5 v9e4=1452.7811279296875
   post gate=10 lap=0 alive=1 prog=10.14511775970459 ng=94 gc=(-16,43) rt=10.100017547607422
f=607 dt=0.01666666753590107 pos=(-16.584869384765625,-4.0624747276306152,36.20758056640625) yaw=0.13115115463733673 sp=1488.448974609375 vel=(1449.555419921875,2.8025969286496341e-45,334.58834838867188) gate=10 lap=0 prog=10.14511775970459 b14=3199717.25 b1c=-1412314.75 v9e4=1488.448974609375
   post gate=10 lap=0 alive=1 prog=10.147806167602539 ng=94 gc=(-16,43) rt=10.116683959960938
f=608 dt=0.01666666753590107 pos=(-16.515682220458984,-4.0624747276306152,36.220962524414062) yaw=0.086533553898334503 sp=1523.173583984375 vel=(1494.4124755859375,2.8025969286496341e-45,289.05657958984375) gate=10 lap=0 prog=10.147806167602539 b14=3141063.5 b1c=-1556011.875 v9e4=1523.173583984375
   post gate=10 lap=0 alive=1 prog=10.150172233581543 ng=94 gc=(-16,43) rt=10.133350372314453
f=609 dt=0.01666666753590107 pos=(-16.444520950317383,-4.0624747276306152,36.232032775878906) yaw=0.041915945708751678 sp=1556.93212890625 vel=(1537.086181640625,2.8025969286496341e-45,239.08102416992188) gate=10 lap=0 prog=10.150172233581543 b14=3074889.5 b1c=-1698072.875 v9e4=1556.93212890625
   post gate=10 lap=0 alive=1 prog=10.152181625366211 ng=94 gc=(-16,43) rt=10.150016784667969
f=610 dt=0.01666666753590107 pos=(-16.371500015258789,-4.0624747276306152,36.240596771240234) yaw=-0.0027016543317586184 sp=1589.7371826171875 vel=(1577.259033203125,2.8025969286496341e-45,184.98696899414062) gate=10 lap=0 prog=10.152181625366211 b14=3001975.25 b1c=-1837133 v9e4=1589.7371826171875
   post gate=10 lap=0 alive=1 prog=10.153799057006836 ng=94 gc=(-16,43) rt=10.166683197021484
f=611 dt=0.01666666753590107 pos=(-16.296747207641602,-4.0624747276306152,36.246479034423828) yaw=-0.04731924831867218 sp=1621.6129150390625 vel=(1614.6495361328125,2.8025969286496341e-45,127.083251953125) gate=10 lap=0 prog=10.153799057006836 b14=2922513 b1c=-1972891.75 v9e4=1621.6129150390625
   post gate=10 lap=0 alive=1 prog=10.154994964599609 ng=94 gc=(-16,43) rt=10.183349609375
f=612 dt=0.01666666753590107 pos=(-16.220403671264648,-4.0624747276306152,36.249519348144531) yaw=-0.091936849057674408 sp=1652.5826416015625 vel=(1649.005859375,2.8025969286496341e-45,65.666961669921875) gate=10 lap=0 prog=10.154994964599609 b14=2836679.75 b1c=-2105043.75 v9e4=1652.5826416015625
   post gate=10 lap=0 alive=1 prog=10.155740737915039 ng=94 gc=(-16,43) rt=10.200016021728516
f=613 dt=0.01666666753590107 pos=(-16.142620086669922,-4.0624747276306152,36.249565124511719) yaw=-0.13655444979667664 sp=1682.6689453125 vel=(1680.10302734375,2.8025969286496341e-45,1.026947021484375) gate=10 lap=0 prog=10.155740737915039 b14=2744658.5 b1c=-2233291.25 v9e4=1682.6689453125
   post gate=10 lap=0 alive=1 prog=10.156007766723633 ng=94 gc=(-16,43) rt=10.216682434082031
f=614 dt=0.01666666753590107 pos=(-16.063556671142578,-4.0624747276306152,36.246482849121094) yaw=-0.18117201328277588 sp=1711.8927001953125 vel=(1707.7392578125,2.8025969286496341e-45,-66.55364990234375) gate=10 lap=0 prog=10.156007766723633 b14=2646641.25 b1c=-2357340.75 v9e4=1711.8927001953125
   post gate=10 lap=0 alive=1 prog=10.155773162841797 ng=94 gc=(-16,43) rt=10.233348846435547
f=615 dt=0.01666666753590107 pos=(-15.983383178710938,-4.0624747276306152,36.240150451660156) yaw=-0.22578959167003632 sp=1740.2735595703125 vel=(1731.7349853515625,2.8025969286496341e-45,-136.7955322265625) gate=10 lap=0 prog=10.155773162841797 b14=2542832.5 b1c=-2476908.25 v9e4=1740.2735595703125
   post gate=10 lap=0 alive=1 prog=10.15501594543457 ng=94 gc=(-16,43) rt=10.250015258789062
f=616 dt=0.01666666753590107 pos=(-15.902275085449219,-4.0624747276306152,36.230453491210938) yaw=-0.27040717005729675 sp=1767.8289794921875 vel=(1751.929931640625,2.8025969286496341e-45,-209.42202758789062) gate=10 lap=0 prog=10.15501594543457 b14=2433447.5 b1c=-2591719 v9e4=1767.8289794921875
   post gate=10 lap=0 alive=1 prog=10.153718948364258 ng=94 gc=(-16,43) rt=10.266681671142578
f=617 dt=0.01666666753590107 pos=(-15.820414543151855,-4.0624747276306152,36.217296600341797) yaw=-0.31502479314804077 sp=1794.575439453125 vel=(1768.183349609375,2.8025969286496341e-45,-284.15805053710938) gate=10 lap=0 prog=10.153718948364258 b14=2318714.25 b1c=-2701506.5 v9e4=1794.575439453125
   post gate=10 lap=0 alive=1 prog=10.151865005493164 ng=94 gc=(-16,43) rt=10.283348083496094
f=618 dt=0.01666666753590107 pos=(-15.73798942565918,-4.0624747276306152,36.200595855712891) yaw=-0.3596423864364624 sp=1820.5283203125 vel=(1780.3724365234375,2.8025969286496341e-45,-360.72967529296875) gate=10 lap=0 prog=10.151865005493164 b14=2198872.75 b1c=-2806017.75 v9e4=1820.5283203125
   post gate=10 lap=0 alive=1 prog=10.149443626403809 ng=94 gc=(-16,43) rt=10.300014495849609
f=619 dt=0.01666666753590107 pos=(-15.655192375183105,-4.0624747276306152,36.180278778076172) yaw=-0.40426000952720642 sp=1845.7015380859375 vel=(1788.391845703125,2.8025969286496341e-45,-438.86383056640625) gate=10 lap=0 prog=10.149443626403809 b14=2074176.375 b1c=-2905010.25 v9e4=1845.7015380859375
   post gate=10 lap=0 alive=1 prog=10.146446228027344 ng=94 gc=(-16,43) rt=10.316680908203125
f=620 dt=0.01666666753590107 pos=(-15.572221755981445,-4.0624747276306152,36.156284332275391) yaw=-0.44887760281562805 sp=1870.1082763671875 vel=(1792.153076171875,2.8025969286496341e-45,-518.2882080078125) gate=10 lap=0 prog=10.146446228027344 b14=1944888.625 b1c=-2998253.25 v9e4=1870.1082763671875
   post gate=10 lap=0 alive=1 prog=10.142866134643555 ng=94 gc=(-16,43) rt=10.333347320556641
f=621 dt=0.01666666753590107 pos=(-15.489276885986328,-4.0624747276306152,36.128566741943359) yaw=-0.49349525570869446 sp=1893.7613525390625 vel=(1791.58447265625,2.8025969286496341e-45,-598.7313232421875) gate=10 lap=0 prog=10.142866134643555 b14=1811285.125 b1c=-3085530.75 v9e4=1893.7613525390625
   post gate=10 lap=0 alive=1 prog=10.138701438903809 ng=94 gc=(-16,43) rt=10.350013732910156
f=622 dt=0.01666666753590107 pos=(-15.406561851501465,-4.0624747276306152,36.097087860107422) yaw=-0.53811275959014893 sp=1916.6724853515625 vel=(1786.6302490234375,2.8025969286496341e-45,-679.92279052734375) gate=10 lap=0 prog=10.138701438903809 b14=1673651 b1c=-3166638.25 v9e4=1916.6724853515625
   post gate=10 lap=0 alive=1 prog=10.133953094482422 ng=94 gc=(-16,43) rt=10.366680145263672
f=623 dt=0.01666666753590107 pos=(-15.324280738830566,-4.0624747276306152,36.06182861328125) yaw=-0.58273041248321533 sp=1938.853515625 vel=(1777.2506103515625,2.8025969286496341e-45,-761.5936279296875) gate=10 lap=0 prog=10.133953094482422 b14=1532282.125 b1c=-3241388.75 v9e4=1938.853515625
   post gate=10 lap=0 alive=1 prog=10.12862491607666 ng=94 gc=(-16,43) rt=10.383346557617188
f=624 dt=0.01666666753590107 pos=(-15.242640495300293,-4.0624747276306152,36.022777557373047) yaw=-0.62734794616699219 sp=1960.31494140625 vel=(1763.4210205078125,2.8025969286496341e-45,-843.47662353515625) gate=10 lap=0 prog=10.12862491607666 b14=1387482 b1c=-3309607.5 v9e4=1960.31494140625
   post gate=10 lap=0 alive=1 prog=10.122724533081055 ng=94 gc=(-16,43) rt=10.400012969970703
f=625 dt=0.01666666753590107 pos=(-15.161847114562988,-4.0624747276306152,35.979938507080078) yaw=-0.67196547985076904 sp=1981.068115234375 vel=(1745.1324462890625,2.8025969286496341e-45,-925.30682373046875) gate=10 lap=0 prog=10.122724533081055 b14=1239563.5 b1c=-3371136.5 v9e4=1981.068115234375
   post gate=10 lap=0 alive=1 prog=10.116260528564453 ng=94 gc=(-16,43) rt=10.416679382324219
f=626 dt=0.01666666753590107 pos=(-15.082106590270996,-4.0624747276306152,35.933326721191406) yaw=-0.71658307313919067 sp=2001.12353515625 vel=(1722.3907470703125,2.8025969286496341e-45,-1006.822021484375) gate=10 lap=0 prog=10.116260528564453 b14=1088845.875 b1c=-3425831.75 v9e4=2001.12353515625
   post gate=10 lap=0 alive=1 prog=10.109245300292969 ng=94 gc=(-16,43) rt=10.433345794677734
f=627 dt=0.01666666753590107 pos=(-14.782106399536133,-4.0624747276306152,35.933326721191406) yaw=0.58016729354858398 sp=1010.2457885742188 vel=(844.94024658203125,2.8025969286496341e-45,553.7802734375) gate=10 lap=0 prog=10.109245300292969 b14=935655.75 b1c=-3473567.75 v9e4=2020.4915771484375
   post gate=10 lap=0 alive=1 prog=10.103643417358398 ng=94 gc=(-16,43) rt=10.45001220703125
f=628 dt=0.01666666753590107 pos=(-14.74070930480957,-4.0624747276306152,35.958995819091797) yaw=0.54886484146118164 sp=1052.271240234375 vel=(894.17535400390625,2.8025969286496341e-45,554.43341064453125) gate=10 lap=0 prog=10.103643417358398 b14=3369353.75 b1c=-36816.890625 v9e4=1052.271240234375
   post gate=10 lap=0 alive=1 prog=10.105908393859863 ng=94 gc=(-16,43) rt=10.466678619384766
f=629 dt=0.01666666753590107 pos=(-14.697006225585938,-4.0624747276306152,35.984569549560547) yaw=0.51632720232009888 sp=1093.7978515625 vel=(943.96917724609375,2.8025969286496341e-45,552.364501953125) gate=10 lap=0 prog=10.105908393859863 b14=3379465.25 b1c=-142796.640625 v9e4=1093.7978515625
   post gate=10 lap=0 alive=1 prog=10.108074188232422 ng=94 gc=(-16,43) rt=10.483345031738281
f=630 dt=0.01666666753590107 pos=(-14.650975227355957,-4.0624747276306152,36.009902954101562) yaw=0.48256519436836243 sp=1134.9644775390625 vel=(994.2718505859375,2.8025969286496341e-45,547.234375) gate=10 lap=0 prog=10.108074188232422 b14=3386158 b1c=-253644.53125 v9e4=1134.9644775390625
   post gate=10 lap=0 alive=1 prog=10.110115051269531 ng=94 gc=(-16,43) rt=10.500011444091797
f=631 dt=0.01666666753590107 pos=(-14.602595329284668,-4.0624747276306152,36.034847259521484) yaw=0.44759097695350647 sp=1175.7255859375 vel=(1044.9940185546875,2.8025969286496341e-45,538.78717041015625) gate=10 lap=0 prog=10.110115051269531 b14=3388465 b1c=-369196.3125 v9e4=1175.7255859375
   post gate=10 lap=0 alive=1 prog=10.112006187438965 ng=94 gc=(-16,43) rt=10.516677856445312
f=632 dt=0.01666666753590107 pos=(-14.551854133605957,-4.0624747276306152,36.059234619140625) yaw=0.41141799092292786 sp=1216.030517578125 vel=(1096.0086669921875,2.8025969286496341e-45,526.778076171875) gate=10 lap=0 prog=10.112006187438965 b14=3385874.75 b1c=-489246 v9e4=1216.030517578125
   post gate=10 lap=0 alive=1 prog=10.11372184753418 ng=94 gc=(-16,43) rt=10.533344268798828
f=633 dt=0.01666666753590107 pos=(-14.498744964599609,-4.0624747276306152,36.082893371582031) yaw=0.37406149506568909 sp=1255.8265380859375 vel=(1147.14892578125,2.8025969286496341e-45,510.9886474609375) gate=10 lap=0 prog=10.11372184753418 b14=3377879 b1c=-613540.125 v9e4=1255.8265380859375
   post gate=10 lap=0 alive=1 prog=10.115231513977051 ng=94 gc=(-16,43) rt=10.550010681152344
f=634 dt=0.01666666753590107 pos=(-14.443271636962891,-4.0624747276306152,36.105636596679688) yaw=0.33553829789161682 sp=1295.05908203125 vel=(1198.2117919921875,2.8025969286496341e-45,491.22677612304688) gate=10 lap=0 prog=10.115231513977051 b14=3363976.75 b1c=-741775.1875 v9e4=1295.05908203125
   post gate=10 lap=0 alive=1 prog=10.116508483886719 ng=94 gc=(-16,43) rt=10.566677093505859
f=635 dt=0.01666666753590107 pos=(-14.385448455810547,-4.0624747276306152,36.127273559570312) yaw=0.29586675763130188 sp=1333.6722412109375 vel=(1248.961181640625,2.8025969286496341e-45,467.32760620117188) gate=10 lap=0 prog=10.116508483886719 b14=3343677.25 b1c=-873596.5625 v9e4=1333.6722412109375
   post gate=10 lap=0 alive=1 prog=10.117521286010742 ng=94 gc=(-16,43) rt=10.583343505859375
f=636 dt=0.01666666753590107 pos=(-14.325303077697754,-4.0624747276306152,36.147605895996094) yaw=0.25506708025932312 sp=1371.609130859375 vel=(1299.131591796875,2.8025969286496341e-45,439.15487670898438) gate=10 lap=0 prog=10.117521286010742 b14=3316507.5 b1c=-1008597.3125 v9e4=1371.609130859375
   post gate=10 lap=0 alive=1 prog=10.118241310119629 ng=94 gc=(-16,43) rt=10.600009918212891
f=637 dt=0.01666666753590107 pos=(-14.262875556945801,-4.0624747276306152,36.166431427001953) yaw=0.21316103637218475 sp=1408.81298828125 vel=(1348.4306640625,2.8025969286496341e-45,406.602294921875) gate=10 lap=0 prog=10.118241310119629 b14=3282017 b1c=-1146319.25 v9e4=1408.81298828125
   post gate=10 lap=0 alive=1 prog=10.118637084960938 ng=94 gc=(-16,43) rt=10.616676330566406
f=638 dt=0.01666666753590107 pos=(-14.198220252990723,-4.0624747276306152,36.183544158935547) yaw=0.17017214000225067 sp=1445.22705078125 vel=(1396.543212890625,2.8025969286496341e-45,369.5955810546875) gate=10 lap=0 prog=10.118637084960938 b14=3239779.75 b1c=-1286250.125 v9e4=1445.22705078125
   post gate=10 lap=0 alive=1 prog=10.118679046630859 ng=94 gc=(-16,43) rt=10.633342742919922
f=639 dt=0.01666666753590107 pos=(-14.131407737731934,-4.0624747276306152,36.198734283447266) yaw=0.12612561881542206 sp=1480.7950439453125 vel=(1443.1337890625,2.8025969286496341e-45,328.093994140625) gate=10 lap=0 prog=10.118679046630859 b14=3189405 b1c=-1427828.375 v9e4=1480.7950439453125
   post gate=10 lap=0 alive=1 prog=10.118339538574219 ng=94 gc=(-16,43) rt=10.650009155273438
f=640 dt=0.01666666753590107 pos=(-14.062524795532227,-4.0624747276306152,36.211795806884766) yaw=0.08150801807641983 sp=1515.4615478515625 vel=(1487.8507080078125,2.8025969286496341e-45,282.09231567382812) gate=10 lap=0 prog=10.118339538574219 b14=3130541.25 b1c=-1570442 v9e4=1515.4615478515625
   post gate=10 lap=0 alive=1 prog=10.117588996887207 ng=94 gc=(-16,43) rt=10.666675567626953
f=641 dt=0.01666666753590107 pos=(-13.991337776184082,-4.0624747276306152,36.222370147705078) yaw=0.036890421062707901 sp=1555.784423828125 vel=(1537.630126953125,2.8025969286496341e-45,228.36480712890625) gate=10 lap=0 prog=10.117588996887207 b14=3504369.5 b1c=-1958294.75 v9e4=1555.784423828125
   post gate=11 lap=0 alive=1 prog=11.116986274719238 ng=94 gc=(-12.000000953674316,43) rt=10.683341979980469
f=642 dt=0.01666666753590107 pos=(-13.917973518371582,-4.0624747276306152,36.230278015136719) yaw=-0.0077271745540201664 sp=1595.3209228515625 vel=(1584.657470703125,2.8025969286496341e-45,170.8001708984375) gate=11 lap=0 prog=11.116986274719238 b14=3421912.25 b1c=-2117834.25 v9e4=1595.3209228515625
   post gate=11 lap=0 alive=1 prog=11.120477676391602 ng=94 gc=(-12.000000953674316,43) rt=10.700008392333984
f=643 dt=0.01666666753590107 pos=(-13.842571258544922,-4.0624747276306152,36.2353515625) yaw=-0.052344769239425659 sp=1634.054931640625 vel=(1628.6829833984375,2.8025969286496341e-45,109.57176971435547) gate=11 lap=0 prog=11.120477676391602 b14=3331856.25 b1c=-2273683.5 v9e4=1634.054931640625
   post gate=11 lap=0 alive=1 prog=11.123612403869629 ng=94 gc=(-12.000000953674316,43) rt=10.7166748046875
f=644 dt=0.01666666753590107 pos=(-13.765280723571777,-4.0624747276306152,36.237430572509766) yaw=-0.09696236252784729 sp=1671.97509765625 vel=(1669.4693603515625,2.8025969286496341e-45,44.868751525878906) gate=11 lap=0 prog=11.123612403869629 b14=3234385.5 b1c=-2425473.5 v9e4=1671.97509765625
   post gate=11 lap=0 alive=1 prog=11.12635326385498 ng=94 gc=(-12.000000953674316,43) rt=10.733341217041016
f=645 dt=0.01666666753590107 pos=(-13.686262130737305,-4.0624747276306152,36.236362457275391) yaw=-0.14157995581626892 sp=1709.0714111328125 vel=(1706.792724609375,2.8025969286496341e-45,-23.105319976806641) gate=11 lap=0 prog=11.12635326385498 b14=3129695.25 b1c=-2572839.25 v9e4=1709.0714111328125
   post gate=11 lap=0 alive=1 prog=11.128665924072266 ng=94 gc=(-12.000000953674316,43) rt=10.750007629394531
f=646 dt=0.01666666753590107 pos=(-13.605685234069824,-4.0624747276306152,36.232006072998047) yaw=-0.18619753420352936 sp=1745.33544921875 vel=(1740.44384765625,2.8025969286496341e-45,-94.133567810058594) gate=11 lap=0 prog=11.128665924072266 b14=3018000 b1c=-2715428.5 v9e4=1745.33544921875
   post gate=11 lap=0 alive=1 prog=11.130517959594727 ng=94 gc=(-12.000000953674316,43) rt=10.766674041748047
f=647 dt=0.01666666753590107 pos=(-13.52372932434082,-4.0624747276306152,36.224227905273438) yaw=-0.23081511259078979 sp=1780.7596435546875 vel=(1770.22802734375,2.8025969286496341e-45,-167.98683166503906) gate=11 lap=0 prog=11.130517959594727 b14=2899529.75 b1c=-2852895.5 v9e4=1780.7596435546875
   post gate=11 lap=0 alive=1 prog=11.131876945495605 ng=94 gc=(-12.000000953674316,43) rt=10.783340454101562
f=648 dt=0.01666666753590107 pos=(-13.440582275390625,-4.0624747276306152,36.212913513183594) yaw=-0.27543270587921143 sp=1815.3377685546875 vel=(1795.9666748046875,2.8025969286496341e-45,-244.42488098144531) gate=11 lap=0 prog=11.131876945495605 b14=2774534.75 b1c=-2984910.5 v9e4=1815.3377685546875
   post gate=11 lap=0 alive=1 prog=11.13271427154541 ng=94 gc=(-12.000000953674316,43) rt=10.800006866455078
f=649 dt=0.01666666753590107 pos=(-13.356438636779785,-4.0624747276306152,36.197952270507812) yaw=-0.32005032896995544 sp=1849.0648193359375 vel=(1817.4970703125,2.8025969286496341e-45,-323.197509765625) gate=11 lap=0 prog=11.13271427154541 b14=2643279 b1c=-3111154 v9e4=1849.0648193359375
   post gate=11 lap=0 alive=1 prog=11.133003234863281 ng=94 gc=(-12.000000953674316,43) rt=10.816673278808594
f=650 dt=0.01666666753590107 pos=(-13.271499633789062,-4.0624747276306152,36.179244995117188) yaw=-0.36466792225837708 sp=1881.9371337890625 vel=(1834.673583984375,2.8025969286496341e-45,-404.04580688476562) gate=11 lap=0 prog=11.133003234863281 b14=2506043.75 b1c=-3231321.25 v9e4=1881.9371337890625
   post gate=11 lap=0 alive=1 prog=11.132718086242676 ng=94 gc=(-12.000000953674316,43) rt=10.833339691162109
f=651 dt=0.01666666753590107 pos=(-13.185972213745117,-4.0624747276306152,36.156711578369141) yaw=-0.40928548574447632 sp=1913.951416015625 vel=(1847.3671875,2.8025969286496341e-45,-486.70315551757812) gate=11 lap=0 prog=11.132718086242676 b14=2363125 b1c=-3345121.5 v9e4=1913.951416015625
   post gate=11 lap=0 alive=1 prog=11.131837844848633 ng=94 gc=(-12.000000953674316,43) rt=10.850006103515625
f=652 dt=0.01666666753590107 pos=(-13.100069999694824,-4.0624747276306152,36.130279541015625) yaw=-0.45390307903289795 sp=1945.1060791015625 vel=(1855.4664306640625,2.8025969286496341e-45,-570.8966064453125) gate=11 lap=0 prog=11.131837844848633 b14=2214834.25 b1c=-3452280.25 v9e4=1945.1060791015625
   post gate=11 lap=0 alive=1 prog=11.130344390869141 ng=94 gc=(-12.000000953674316,43) rt=10.866672515869141
f=653 dt=0.01666666753590107 pos=(-13.014010429382324,-4.0624747276306152,36.099891662597656) yaw=-0.49852067232131958 sp=1975.400390625 vel=(1858.8775634765625,2.8025969286496341e-45,-656.347900390625) gate=11 lap=0 prog=11.130344390869141 b14=2061495.125 b1c=-3552537.25 v9e4=1975.400390625
   post gate=11 lap=0 alive=1 prog=11.128222465515137 ng=94 gc=(-12.000000953674316,43) rt=10.883338928222656
f=654 dt=0.01666666753590107 pos=(-12.928012847900391,-4.0624747276306152,36.065502166748047) yaw=-0.54313826560974121 sp=2004.8341064453125 vel=(1857.524169921875,2.8025969286496341e-45,-742.7747802734375) gate=11 lap=0 prog=11.128222465515137 b14=1903444.125 b1c=-3645649.75 v9e4=2004.8341064453125
   post gate=11 lap=0 alive=1 prog=11.125460624694824 ng=94 gc=(-12.000000953674316,43) rt=10.900005340576172
f=655 dt=0.01666666753590107 pos=(-12.842301368713379,-4.0624747276306152,36.027080535888672) yaw=-0.58775585889816284 sp=2033.408447265625 vel=(1851.347900390625,2.8025969286496341e-45,-829.89202880859375) gate=11 lap=0 prog=11.125460624694824 b14=1741030.625 b1c=-3731393.5 v9e4=2033.408447265625
   post gate=11 lap=0 alive=1 prog=11.122049331665039 ng=94 gc=(-12.000000953674316,43) rt=10.916671752929688
f=656 dt=0.01666666753590107 pos=(-12.757101058959961,-4.0624747276306152,35.984607696533203) yaw=-0.63237345218658447 sp=2061.12548828125 vel=(1840.3079833984375,2.8025969286496341e-45,-917.41278076171875) gate=11 lap=0 prog=11.122049331665039 b14=1574614.125 b1c=-3809560.25 v9e4=2061.12548828125
   post gate=11 lap=0 alive=1 prog=11.117983818054199 ng=94 gc=(-12.000000953674316,43) rt=10.933338165283203
f=657 dt=0.01666666753590107 pos=(-12.672637939453125,-4.0624747276306152,35.938076019287109) yaw=-0.6769910454750061 sp=2087.98779296875 vel=(1824.3812255859375,2.8025969286496341e-45,-1005.04931640625) gate=11 lap=0 prog=11.117983818054199 b14=1404563.875 b1c=-3879962.25 v9e4=2087.98779296875
   post gate=11 lap=0 alive=1 prog=11.113264083862305 ng=94 gc=(-12.000000953674316,43) rt=10.950004577636719
f=658 dt=0.01666666753590107 pos=(-12.372637748718262,-4.0624747276306152,35.938076019287109) yaw=0.51864916086196899 sp=1056.9993896484375 vel=(917.99298095703125,2.8025969286496341e-45,523.96240234375) gate=11 lap=0 prog=11.113264083862305 b14=1231258.75 b1c=-3942429.5 v9e4=2113.998779296875
   post gate=11 lap=0 alive=1 prog=11.116031646728516 ng=94 gc=(-12.000000953674316,43) rt=10.966670989990234
f=659 dt=0.01666666753590107 pos=(-12.327630043029785,-4.0624747276306152,35.962215423583984) yaw=0.4858277440071106 sp=1103.3404541015625 vel=(972.167236328125,2.8025969286496341e-45,521.40057373046875) gate=11 lap=0 prog=11.116031646728516 b14=3694750.25 b1c=-268134.4375 v9e4=1103.3404541015625
   post gate=11 lap=0 alive=1 prog=11.11932373046875 ng=94 gc=(-12.000000953674316,43) rt=10.98333740234375
f=660 dt=0.01666666753590107 pos=(-12.279988288879395,-4.0624747276306152,35.986087799072266) yaw=0.4515843391418457 sp=1151.14990234375 vel=(1029.052978515625,2.8025969286496341e-45,515.67559814453125) gate=11 lap=0 prog=11.11932373046875 b14=3844118 b1c=-406156.78125 v9e4=1151.14990234375
   post gate=11 lap=0 alive=1 prog=11.122562408447266 ng=94 gc=(-12.000000953674316,43) rt=11.000003814697266
f=661 dt=0.01666666753590107 pos=(-12.229672431945801,-4.0624747276306152,36.009536743164062) yaw=0.41591474413871765 sp=1199.104736328125 vel=(1086.8192138671875,2.8025969286496341e-45,506.47854614257812) gate=11 lap=0 prog=11.122562408447266 b14=3883528.75 b1c=-545331.75 v9e4=1199.104736328125
   post gate=11 lap=0 alive=1 prog=11.125720977783203 ng=94 gc=(-12.000000953674316,43) rt=11.016670227050781
f=662 dt=0.01666666753590107 pos=(-12.176676750183105,-4.0624747276306152,36.032382965087891) yaw=0.37883356213569641 sp=1246.569580078125 vel=(1144.7044677734375,2.8025969286496341e-45,493.4906005859375) gate=11 lap=0 prog=11.125720977783203 b14=3876375.75 b1c=-686092.625 v9e4=1246.569580078125
   post gate=11 lap=0 alive=1 prog=11.128767967224121 ng=94 gc=(-12.000000953674316,43) rt=11.033336639404297
f=663 dt=0.01666666753590107 pos=(-12.121002197265625,-4.0624747276306152,36.054435729980469) yaw=0.34035736322402954 sp=1293.4774169921875 vel=(1202.562744140625,2.8025969286496341e-45,476.36599731445312) gate=11 lap=0 prog=11.128767967224121 b14=3862504.25 b1c=-832395.125 v9e4=1293.4774169921875
   post gate=11 lap=0 alive=1 prog=11.131672859191895 ng=94 gc=(-12.000000953674316,43) rt=11.050003051757812
f=664 dt=0.01666666753590107 pos=(-12.06265926361084,-4.0624747276306152,36.075492858886719) yaw=0.30050486326217651 sp=1339.7568359375 vel=(1260.18798828125,2.8025969286496341e-45,454.80413818359375) gate=11 lap=0 prog=11.131672859191895 b14=3841196.5 b1c=-983832.5625 v9e4=1339.7568359375
   post gate=11 lap=0 alive=1 prog=11.134401321411133 ng=94 gc=(-12.000000953674316,43) rt=11.066669464111328
f=665 dt=0.01666666753590107 pos=(-12.00167179107666,-4.0624747276306152,36.095333099365234) yaw=0.25929704308509827 sp=1385.333251953125 vel=(1317.3209228515625,2.8025969286496341e-45,428.54925537109375) gate=11 lap=0 prog=11.134401321411133 b14=3811751.5 b1c=-1139920.875 v9e4=1385.333251953125
   post gate=11 lap=0 alive=1 prog=11.136917114257812 ng=94 gc=(-12.000000953674316,43) rt=11.083335876464844
f=666 dt=0.01666666753590107 pos=(-11.938076019287109,-4.0624747276306152,36.113731384277344) yaw=0.21675713360309601 sp=1430.129150390625 vel=(1373.655029296875,2.8025969286496341e-45,397.39083862304688) gate=11 lap=0 prog=11.136917114257812 b14=3773492.5 b1c=-1300095.375 v9e4=1430.129150390625
   post gate=11 lap=0 alive=1 prog=11.139181137084961 ng=94 gc=(-12.000000953674316,43) rt=11.100002288818359
f=667 dt=0.01666666753590107 pos=(-11.871925354003906,-4.0624747276306152,36.130451202392578) yaw=0.17291073501110077 sp=1474.065185546875 vel=(1428.842041015625,2.8025969286496341e-45,361.16476440429688) gate=11 lap=0 prog=11.139181137084961 b14=3725778.5 b1c=-1463712.375 v9e4=1474.065185546875
   post gate=11 lap=0 alive=1 prog=11.141157150268555 ng=94 gc=(-12.000000953674316,43) rt=11.116668701171875
f=668 dt=0.01666666753590107 pos=(-11.803290367126465,-4.0624747276306152,36.145256042480469) yaw=0.12829314172267914 sp=1517.0609130859375 vel=(1482.4976806640625,2.8025969286496341e-45,319.75534057617188) gate=11 lap=0 prog=11.141157150268555 b14=3668013.5 b1c=-1630047.25 v9e4=1517.0609130859375
   post gate=11 lap=0 alive=1 prog=11.142804145812988 ng=94 gc=(-12.000000953674316,43) rt=11.133335113525391
f=669 dt=0.01666666753590107 pos=(-11.732260704040527,-4.0624747276306152,36.157905578613281) yaw=0.08367554098367691 sp=1559.0589599609375 vel=(1534.218505859375,2.8025969286496341e-45,273.2391357421875) gate=11 lap=0 prog=11.142804145812988 b14=3600699.25 b1c=-1796539.5 v9e4=1559.0589599609375
   post gate=11 lap=0 alive=1 prog=11.144083976745605 ng=94 gc=(-12.000000953674316,43) rt=11.150001525878906
f=670 dt=0.01666666753590107 pos=(-11.658944129943848,-4.0624747276306152,36.168178558349609) yaw=0.039057936519384384 sp=1600.0479736328125 vel=(1583.6295166015625,2.8025969286496341e-45,221.92843627929688) gate=11 lap=0 prog=11.144083976745605 b14=3525339.75 b1c=-1959998.125 v9e4=1600.0479736328125
   post gate=11 lap=0 alive=1 prog=11.14495849609375 ng=94 gc=(-12.000000953674316,43) rt=11.166667938232422
f=671 dt=0.01666666753590107 pos=(-11.583462715148926,-4.0624747276306152,36.175868988037109) yaw=-0.0055596614256501198 sp=1640.0343017578125 vel=(1630.393310546875,2.8025969286496341e-45,166.12298583984375) gate=11 lap=0 prog=11.14495849609375 b14=3442160.25 b1c=-2120061 v9e4=1640.0343017578125
   post gate=11 lap=0 alive=1 prog=11.14539623260498 ng=94 gc=(-12.000000953674316,43) rt=11.183334350585938
f=672 dt=0.01666666753590107 pos=(-11.505952835083008,-4.0624747276306152,36.180782318115234) yaw=-0.050177264958620071 sp=1679.026611328125 vel=(1674.2041015625,2.8025969286496341e-45,106.11483764648438) gate=11 lap=0 prog=11.14539623260498 b14=3351356 b1c=-2276359 v9e4=1679.026611328125
   post gate=11 lap=0 alive=1 prog=11.145363807678223 ng=94 gc=(-12.000000953674316,43) rt=11.200000762939453
f=673 dt=0.01666666753590107 pos=(-11.42656421661377,-4.0624747276306152,36.182735443115234) yaw=-0.094794861972332001 sp=1717.0341796875 vel=(1714.7838134765625,2.8025969286496341e-45,42.191925048828125) gate=11 lap=0 prog=11.145363807678223 b14=3253126.25 b1c=-2428528.5 v9e4=1717.0341796875
   post gate=11 lap=0 alive=1 prog=11.144832611083984 ng=94 gc=(-12.000000953674316,43) rt=11.216667175292969
f=674 dt=0.01666666753590107 pos=(-11.345458030700684,-4.0624747276306152,36.181560516357422) yaw=-0.13941246271133423 sp=1754.0660400390625 vel=(1751.8792724609375,2.8025969286496341e-45,-25.359514236450195) gate=11 lap=0 prog=11.144832611083984 b14=3147682.75 b1c=-2576213.25 v9e4=1754.0660400390625
   post gate=11 lap=0 alive=1 prog=11.143776893615723 ng=94 gc=(-12.000000953674316,43) rt=11.233333587646484
f=675 dt=0.01666666753590107 pos=(-11.262805938720703,-4.0624747276306152,36.177104949951172) yaw=-0.18403005599975586 sp=1790.1307373046875 vel=(1785.2606201171875,2.8025969286496341e-45,-96.253181457519531) gate=11 lap=0 prog=11.143776893615723 b14=3035248.5 b1c=-2719066 v9e4=1790.1307373046875
   post gate=11 lap=0 alive=1 prog=11.14217472076416 ng=94 gc=(-12.000000953674316,43) rt=11.25
f=676 dt=0.01666666753590107 pos=(-11.178790092468262,-4.0624747276306152,36.169223785400391) yaw=-0.22864764928817749 sp=1825.23681640625 vel=(1814.7197265625,2.8025969286496341e-45,-170.2015380859375) gate=11 lap=0 prog=11.14217472076416 b14=2916061.25 b1c=-2856747.75 v9e4=1825.23681640625
   post gate=11 lap=0 alive=1 prog=11.140005111694336 ng=94 gc=(-12.000000953674316,43) rt=11.266666412353516
f=677 dt=0.01666666753590107 pos=(-11.093601226806641,-4.0624747276306152,36.157791137695312) yaw=-0.27326524257659912 sp=1859.3919677734375 vel=(1840.0699462890625,2.8025969286496341e-45,-246.91517639160156) gate=11 lap=0 prog=11.140005111694336 b14=2790374.25 b1c=-2988933.25 v9e4=1859.3919677734375
   post gate=11 lap=0 alive=1 prog=11.137251853942871 ng=94 gc=(-12.000000953674316,43) rt=11.283332824707031
f=678 dt=0.01666666753590107 pos=(-11.007436752319336,-4.0624747276306152,36.142692565917969) yaw=-0.31788283586502075 sp=1892.6038818359375 vel=(1861.1439208984375,2.8025969286496341e-45,-326.10247802734375) gate=11 lap=0 prog=11.137251853942871 b14=2658455.25 b1c=-3115307 v9e4=1892.6038818359375
   post gate=11 lap=0 alive=1 prog=11.133903503417969 ng=94 gc=(-12.000000953674316,43) rt=11.299999237060547
f=679 dt=0.01666666753590107 pos=(-10.920500755310059,-4.0624747276306152,36.123828887939453) yaw=-0.36250048875808716 sp=1924.879638671875 vel=(1877.794677734375,2.8025969286496341e-45,-407.469482421875) gate=11 lap=0 prog=11.133903503417969 b14=2520586.5 b1c=-3235567 v9e4=1924.879638671875
   post gate=11 lap=0 alive=1 prog=11.129951477050781 ng=94 gc=(-12.000000953674316,43) rt=11.316665649414062
f=680 dt=0.01666666753590107 pos=(-10.833004951477051,-4.0624747276306152,36.101108551025391) yaw=-0.40711814165115356 sp=1956.2265625 vel=(1889.8946533203125,2.8025969286496341e-45,-490.72030639648438) gate=11 lap=0 prog=11.129951477050781 b14=2377066.25 b1c=-3349427.75 v9e4=1956.2265625
   post gate=11 lap=0 alive=1 prog=11.125388145446777 ng=94 gc=(-12.000000953674316,43) rt=11.333332061767578
f=681 dt=0.01666666753590107 pos=(-10.74516487121582,-4.0624747276306152,36.074462890625) yaw=-0.45173570513725281 sp=1986.6517333984375 vel=(1897.3350830078125,2.8025969286496341e-45,-575.5572509765625) gate=11 lap=0 prog=11.125388145446777 b14=2228205.5 b1c=-3456615 v9e4=1986.6517333984375
   post gate=11 lap=0 alive=1 prog=11.120212554931641 ng=94 gc=(-12.000000953674316,43) rt=11.349998474121094
f=682 dt=0.01666666753590107 pos=(-10.657199859619141,-4.0624747276306152,36.043830871582031) yaw=-0.49635329842567444 sp=2016.162109375 vel=(1900.026123046875,2.8025969286496341e-45,-661.6812744140625) gate=11 lap=0 prog=11.120212554931641 b14=2074328.625 b1c=-3556872.25 v9e4=2016.162109375
   post gate=11 lap=0 alive=1 prog=11.114426612854004 ng=94 gc=(-12.000000953674316,43) rt=11.366664886474609
f=683 dt=0.01666666753590107 pos=(-10.569334030151367,-4.0624747276306152,36.009162902832031) yaw=-0.54097086191177368 sp=2044.7650146484375 vel=(1897.896728515625,2.8025969286496341e-45,-748.79296875) gate=11 lap=0 prog=11.114426612854004 b14=1915773.625 b1c=-3649960.5 v9e4=2044.7650146484375
   post gate=11 lap=0 alive=1 prog=11.108034133911133 ng=94 gc=(-12.000000953674316,43) rt=11.383331298828125
f=684 dt=0.01666666753590107 pos=(-10.481791496276855,-4.0624747276306152,35.970432281494141) yaw=-0.58558845520019531 sp=2072.468017578125 vel=(1890.89404296875,2.8025969286496341e-45,-836.5927734375) gate=11 lap=0 prog=11.108034133911133 b14=1752889.375 b1c=-3735657.5 v9e4=2072.468017578125
   post gate=11 lap=0 alive=1 prog=11.101043701171875 ng=94 gc=(-12.000000953674316,43) rt=11.399997711181641
f=685 dt=0.01666666753590107 pos=(-10.394801139831543,-4.0624747276306152,35.927616119384766) yaw=-0.63020604848861694 sp=2099.278564453125 vel=(1878.9833984375,2.8025969286496341e-45,-924.7821044921875) gate=11 lap=0 prog=11.101043701171875 b14=1586035.875 b1c=-3813758 v9e4=2099.278564453125
   post gate=11 lap=0 alive=1 prog=11.093467712402344 ng=94 gc=(-12.000000953674316,43) rt=11.416664123535156
f=686 dt=0.01666666753590107 pos=(-10.09480094909668,-4.0624747276306152,35.927616119384766) yaw=0.6111263632774353 sp=1062.6021728515625 vel=(870.27362060546875,2.8025969286496341e-45,609.7108154296875) gate=11 lap=0 prog=11.093467712402344 b14=1415581.625 b1c=-3884074.5 v9e4=2125.204345703125
   post gate=11 lap=0 alive=1 prog=11.084436416625977 ng=94 gc=(-12.000000953674316,43) rt=11.433330535888672
f=687 dt=0.01666666753590107 pos=(-10.051989555358887,-4.0624747276306152,35.955955505371094) yaw=0.57813173532485962 sp=1109.16357421875 vel=(924.72222900390625,2.8025969286496341e-45,612.1572265625) gate=11 lap=0 prog=11.084436416625977 b14=3723270.25 b1c=74596.1484375 v9e4=1109.16357421875
   post gate=11 lap=0 alive=1 prog=11.086444854736328 ng=94 gc=(-12.000000953674316,43) rt=11.449996948242188
f=688 dt=0.01666666753590107 pos=(-10.00651741027832,-4.0624747276306152,35.984272003173828) yaw=0.54370856285095215 sp=1157.19580078125 vel=(982.19439697265625,2.8025969286496341e-45,611.65557861328125) gate=11 lap=0 prog=11.086444854736328 b14=3885497 b1c=-50367.171875 v9e4=1157.19580078125
   post gate=11 lap=0 alive=1 prog=11.088318824768066 ng=94 gc=(-12.000000953674316,43) rt=11.466663360595703
f=689 dt=0.01666666753590107 pos=(-9.9583415985107422,-4.0624747276306152,36.012405395507812) yaw=0.50786042213439941 sp=1205.1064453125 vel=(1040.5849609375,2.8025969286496341e-45,607.71258544921875) gate=11 lap=0 prog=11.088318824768066 b14=3919132.75 b1c=-185848.421875 v9e4=1205.1064453125
   post gate=12 lap=0 alive=1 prog=12.092896461486816 ng=94 gc=(-8.0000009536743164,43) rt=11.483329772949219
f=690 dt=0.01666666753590107 pos=(-9.907440185546875,-4.0624747276306152,36.040180206298828) yaw=0.47060239315032959 sp=1252.5174560546875 vel=(1099.462890625,2.8025969286496341e-45,599.94403076171875) gate=12 lap=0 prog=12.092896461486816 b14=3924863.5 b1c=-327436.375 v9e4=1252.5174560546875
   post gate=12 lap=0 alive=1 prog=12.097941398620605 ng=94 gc=(-8.0000009536743164,43) rt=11.499996185302734
f=691 dt=0.01666666753590107 pos=(-9.8537960052490234,-4.0624747276306152,36.067401885986328) yaw=0.43195122480392456 sp=1299.361572265625 vel=(1158.7047119140625,2.8025969286496341e-45,587.99932861328125) gate=12 lap=0 prog=12.097941398620605 b14=3924344 b1c=-475151.75 v9e4=1299.361572265625
   post gate=12 lap=0 alive=1 prog=12.102977752685547 ng=94 gc=(-8.0000009536743164,43) rt=11.51666259765625
f=692 dt=0.01666666753590107 pos=(-9.7974004745483398,-4.0624747276306152,36.093864440917969) yaw=0.39192596077919006 sp=1345.5672607421875 vel=(1218.1243896484375,2.8025969286496341e-45,571.566650390625) gate=12 lap=0 prog=12.102977752685547 b14=3916818.5 b1c=-628649.0625 v9e4=1345.5672607421875
   post gate=12 lap=0 alive=1 prog=12.107975006103516 ng=94 gc=(-8.0000009536743164,43) rt=11.533329010009766
f=693 dt=0.01666666753590107 pos=(-9.7382574081420898,-4.0624747276306152,36.119346618652344) yaw=0.35054782032966614 sp=1391.059326171875 vel=(1277.47998046875,2.8025969286496341e-45,550.373291015625) gate=12 lap=0 prog=12.107975006103516 b14=3901544.75 b1c=-787503.1875 v9e4=1391.059326171875
   post gate=12 lap=0 alive=1 prog=12.112896919250488 ng=94 gc=(-8.0000009536743164,43) rt=11.549995422363281
f=694 dt=0.01666666753590107 pos=(-9.6763830184936523,-4.0624747276306152,36.14361572265625) yaw=0.30784046649932861 sp=1435.7601318359375 vel=(1336.478759765625,2.8025969286496341e-45,524.186767578125) gate=12 lap=0 prog=12.112896919250488 b14=3877800.25 b1c=-951207.25 v9e4=1435.7601318359375
   post gate=12 lap=0 alive=1 prog=12.117706298828125 ng=94 gc=(-8.0000009536743164,43) rt=11.566661834716797
f=695 dt=0.01666666753590107 pos=(-9.6118087768554688,-4.0624747276306152,36.166431427001953) yaw=0.26382970809936523 sp=1479.58984375 vel=(1394.783203125,2.8025969286496341e-45,492.817138671875) gate=12 lap=0 prog=12.117706298828125 b14=3844888.5 b1c=-1119170.5 v9e4=1479.58984375
   post gate=12 lap=0 alive=1 prog=12.12236499786377 ng=94 gc=(-8.0000009536743164,43) rt=11.583328247070312
f=696 dt=0.01666666753590107 pos=(-9.5445852279663086,-4.0624747276306152,36.187549591064453) yaw=0.2192121297121048 sp=1522.468017578125 vel=(1452.0167236328125,2.8025969286496341e-45,456.118896484375) gate=12 lap=0 prog=12.12236499786377 b14=3802150.5 b1c=-1290719.5 v9e4=1522.468017578125
   post gate=12 lap=0 alive=1 prog=12.126830101013184 ng=94 gc=(-8.0000009536743164,43) rt=11.599994659423828
f=697 dt=0.01666666753590107 pos=(-9.4747810363769531,-4.0624747276306152,36.20672607421875) yaw=0.17459452152252197 sp=1564.34521484375 vel=(1507.7655029296875,2.8025969286496341e-45,414.181640625) gate=12 lap=0 prog=12.126830101013184 b14=3750140.25 b1c=-1462665.75 v9e4=1564.34521484375
   post gate=12 lap=0 alive=1 prog=12.131060600280762 ng=94 gc=(-8.0000009536743164,43) rt=11.616661071777344
f=698 dt=0.01666666753590107 pos=(-9.4024829864501953,-4.0624747276306152,36.223728179931641) yaw=0.12997694313526154 sp=1605.2130126953125 vel=(1561.631103515625,2.8025969286496341e-45,367.279541015625) gate=12 lap=0 prog=12.131060600280762 b14=3689855.5 b1c=-1632319.625 v9e4=1605.2130126953125
   post gate=12 lap=0 alive=1 prog=12.135014533996582 ng=94 gc=(-8.0000009536743164,43) rt=11.633327484130859
f=699 dt=0.01666666753590107 pos=(-9.3277950286865234,-4.0624747276306152,36.23834228515625) yaw=0.085359349846839905 sp=1645.078369140625 vel=(1613.2525634765625,2.8025969286496341e-45,315.67825317382812) gate=12 lap=0 prog=12.135014533996582 b14=3621478.75 b1c=-1799297.875 v9e4=1645.078369140625
   post gate=12 lap=0 alive=1 prog=12.138650894165039 ng=94 gc=(-8.0000009536743164,43) rt=11.649993896484375
f=700 dt=0.01666666753590107 pos=(-9.2508363723754883,-4.0624747276306152,36.250362396240234) yaw=0.040741749107837677 sp=1683.950439453125 vel=(1662.3009033203125,2.8025969286496341e-45,259.63925170898438) gate=12 lap=0 prog=12.138650894165039 b14=3545170.5 b1c=-1963215.875 v9e4=1683.950439453125
   post gate=12 lap=0 alive=1 prog=12.141929626464844 ng=94 gc=(-8.0000009536743164,43) rt=11.666660308837891
f=701 dt=0.01666666753590107 pos=(-9.1717395782470703,-4.0624747276306152,36.259593963623047) yaw=-0.0038758518639951944 sp=1721.8377685546875 vel=(1708.474365234375,2.8025969286496341e-45,199.42271423339844) gate=12 lap=0 prog=12.141929626464844 b14=3461093.25 b1c=-2123691.75 v9e4=1721.8377685546875
   post gate=12 lap=0 alive=1 prog=12.144813537597656 ng=94 gc=(-8.0000009536743164,43) rt=11.683326721191406
f=702 dt=0.01666666753590107 pos=(-9.0906515121459961,-4.0624747276306152,36.265857696533203) yaw=-0.048493456095457077 sp=1758.7498779296875 vel=(1751.496337890625,2.8025969286496341e-45,135.28976440429688) gate=12 lap=0 prog=12.144813537597656 b14=3369427 b1c=-2280352.25 v9e4=1758.7498779296875
   post gate=12 lap=0 alive=1 prog=12.147263526916504 ng=94 gc=(-8.0000009536743164,43) rt=11.699993133544922
f=703 dt=0.01666666753590107 pos=(-9.0077285766601562,-4.0624747276306152,36.26898193359375) yaw=-0.093111060559749603 sp=1794.6954345703125 vel=(1791.113037109375,2.8025969286496341e-45,67.503921508789062) gate=12 lap=0 prog=12.147263526916504 b14=3270362 b1c=-2432831.25 v9e4=1794.6954345703125
   post gate=12 lap=0 alive=1 prog=12.149245262145996 ng=94 gc=(-8.0000009536743164,43) rt=11.716659545898438
f=704 dt=0.01666666753590107 pos=(-8.9231405258178711,-4.0624747276306152,36.268810272216797) yaw=-0.13772866129875183 sp=1829.6826171875 vel=(1827.09228515625,2.8025969286496341e-45,-3.6679611206054688) gate=12 lap=0 prog=12.149245262145996 b14=3164103.75 b1c=-2580769 v9e4=1829.6826171875
   post gate=12 lap=0 alive=1 prog=12.150725364685059 ng=94 gc=(-8.0000009536743164,43) rt=11.733325958251953
f=705 dt=0.01666666753590107 pos=(-8.8370647430419922,-4.0624747276306152,36.265201568603516) yaw=-0.18234625458717346 sp=1863.7196044921875 vel=(1859.2225341796875,2.8025969286496341e-45,-77.955101013183594) gate=12 lap=0 prog=12.150725364685059 b14=3050875.25 b1c=-2723819.25 v9e4=1863.7196044921875
   post gate=12 lap=0 alive=1 prog=12.15167236328125 ng=94 gc=(-8.0000009536743164,43) rt=11.749992370605469
f=706 dt=0.01666666753590107 pos=(-8.7496881484985352,-4.0624747276306152,36.258022308349609) yaw=-0.22696384787559509 sp=1896.8138427734375 vel=(1887.3118896484375,2.8025969286496341e-45,-155.08258056640625) gate=12 lap=0 prog=12.15167236328125 b14=2930914.25 b1c=-2861643.5 v9e4=1896.8138427734375
   post gate=12 lap=0 alive=1 prog=12.152058601379395 ng=94 gc=(-8.0000009536743164,43) rt=11.766658782958984
f=707 dt=0.01666666753590107 pos=(-8.6612062454223633,-4.0624747276306152,36.247154235839844) yaw=-0.27158147096633911 sp=1928.9725341796875 vel=(1911.18798828125,2.8025969286496341e-45,-234.77137756347656) gate=12 lap=0 prog=12.152058601379395 b14=2804475.5 b1c=-2993915.75 v9e4=1928.9725341796875
   post gate=12 lap=0 alive=1 prog=12.151857376098633 ng=94 gc=(-8.0000009536743164,43) rt=11.7833251953125
f=708 dt=0.01666666753590107 pos=(-8.5718212127685547,-4.0624747276306152,36.232490539550781) yaw=-0.31619903445243835 sp=1960.202880859375 vel=(1930.6976318359375,2.8025969286496341e-45,-316.73858642578125) gate=12 lap=0 prog=12.151857376098633 b14=2671829 b1c=-3120323.25 v9e4=1960.202880859375
   post gate=12 lap=0 alive=1 prog=12.151046752929688 ng=94 gc=(-8.0000009536743164,43) rt=11.799991607666016
f=709 dt=0.01666666753590107 pos=(-8.4817419052124023,-4.0624747276306152,36.213939666748047) yaw=-0.36081656813621521 sp=1990.5120849609375 vel=(1945.7061767578125,2.8025969286496341e-45,-400.69781494140625) gate=12 lap=0 prog=12.151046752929688 b14=2533260.75 b1c=-3240566.25 v9e4=1990.5120849609375
   post gate=12 lap=0 alive=1 prog=12.14960765838623 ng=94 gc=(-8.0000009536743164,43) rt=11.816658020019531
f=710 dt=0.01666666753590107 pos=(-8.3911809921264648,-4.0624747276306152,36.191421508789062) yaw=-0.40543416142463684 sp=2019.9072265625 vel=(1956.0980224609375,2.8025969286496341e-45,-486.35983276367188) gate=12 lap=0 prog=12.14960765838623 b14=2389071.75 b1c=-3354361.75 v9e4=2019.9072265625
   post gate=12 lap=0 alive=1 prog=12.147523880004883 ng=94 gc=(-8.0000009536743164,43) rt=11.833324432373047
f=711 dt=0.01666666753590107 pos=(-8.3003568649291992,-4.0624747276306152,36.164875030517578) yaw=-0.45005178451538086 sp=2048.395751953125 vel=(1961.775390625,2.8025969286496341e-45,-573.4329833984375) gate=12 lap=0 prog=12.147523880004883 b14=2239575.25 b1c=-3461439.25 v9e4=2048.395751953125
   post gate=12 lap=0 alive=1 prog=12.144784927368164 ng=94 gc=(-8.0000009536743164,43) rt=11.849990844726562
f=712 dt=0.01666666753590107 pos=(-8.2094926834106445,-4.0624747276306152,36.134243011474609) yaw=-0.49466937780380249 sp=2075.984619140625 vel=(1962.6591796875,2.8025969286496341e-45,-661.6240234375) gate=12 lap=0 prog=12.144784927368164 b14=2085098.375 b1c=-3561544 v9e4=2075.984619140625
   post gate=12 lap=0 alive=1 prog=12.14138126373291 ng=94 gc=(-8.0000009536743164,43) rt=11.866657257080078
f=713 dt=0.01666666753590107 pos=(-8.1188116073608398,-4.0624747276306152,36.099491119384766) yaw=-0.53928697109222412 sp=2102.681640625 vel=(1958.6884765625,2.8025969286496341e-45,-750.63885498046875) gate=12 lap=0 prog=12.14138126373291 b14=1925982 b1c=-3654442 v9e4=2102.681640625
   post gate=12 lap=0 alive=1 prog=12.137308120727539 ng=94 gc=(-8.0000009536743164,43) rt=11.883323669433594
f=714 dt=0.01666666753590107 pos=(-8.0285415649414062,-4.0624747276306152,36.060592651367188) yaw=-0.58390456438064575 sp=2128.4951171875 vel=(1949.820068359375,2.8025969286496341e-45,-840.1834716796875) gate=12 lap=0 prog=12.137308120727539 b14=1762577.25 b1c=-3739914.25 v9e4=2128.4951171875
   post gate=12 lap=0 alive=1 prog=12.132566452026367 ng=94 gc=(-8.0000009536743164,43) rt=11.899990081787109
f=715 dt=0.01666666753590107 pos=(-7.9389100074768066,-4.0624747276306152,36.017539978027344) yaw=-0.62852215766906738 sp=2153.4326171875 vel=(1936.0283203125,2.8025969286496341e-45,-929.9644775390625) gate=12 lap=0 prog=12.132566452026367 b14=1595245.625 b1c=-3817758.25 v9e4=2153.4326171875
   post gate=12 lap=0 alive=1 prog=12.127159118652344 ng=94 gc=(-8.0000009536743164,43) rt=11.916656494140625
f=716 dt=0.01666666753590107 pos=(-7.8501453399658203,-4.0624747276306152,35.970333099365234) yaw=-0.67313969135284424 sp=2177.50341796875 vel=(1917.3050537109375,2.8025969286496341e-45,-1019.6902465820312) gate=12 lap=0 prog=12.127159118652344 b14=1424358.25 b1c=-3887794.75 v9e4=2177.50341796875
   post gate=12 lap=0 alive=1 prog=12.121091842651367 ng=94 gc=(-8.0000009536743164,43) rt=11.933322906494141
f=717 dt=0.01666666753590107 pos=(-7.550145149230957,-4.0624747276306152,35.970333099365234) yaw=0.54673480987548828 sp=1100.3577880859375 vel=(939.9549560546875,2.8025969286496341e-45,572.07684326171875) gate=12 lap=0 prog=12.121091842651367 b14=1250294.5 b1c=-3949857.5 v9e4=2200.715576171875
   post gate=12 lap=0 alive=1 prog=12.119494438171387 ng=94 gc=(-8.0000009536743164,43) rt=11.949989318847656
f=718 dt=0.01666666753590107 pos=(-7.504021167755127,-4.0624747276306152,35.996761322021484) yaw=0.51257258653640747 sp=1148.422607421875 vel=(996.2706298828125,2.8025969286496341e-45,570.8741455078125) gate=12 lap=0 prog=12.119494438171387 b14=3851941.5 b1c=-170980.796875 v9e4=1148.422607421875
   post gate=12 lap=0 alive=1 prog=12.122402191162109 ng=94 gc=(-8.0000009536743164,43) rt=11.966655731201172
f=719 dt=0.01666666753590107 pos=(-7.4552254676818848,-4.0624747276306152,36.022972106933594) yaw=0.47698011994361877 sp=1196.5115966796875 vel=(1053.97509765625,2.8025969286496341e-45,566.15032958984375) gate=12 lap=0 prog=12.122402191162109 b14=3908658.5 b1c=-307545.375 v9e4=1196.5115966796875
   post gate=12 lap=0 alive=1 prog=12.125217437744141 ng=94 gc=(-8.0000009536743164,43) rt=11.983322143554688
f=720 dt=0.01666666753590107 pos=(-7.4037370681762695,-4.0624747276306152,36.048782348632812) yaw=0.43997219204902649 sp=1244.1065673828125 vel=(1112.14453125,2.8025969286496341e-45,557.52252197265625) gate=12 lap=0 prog=12.125217437744141 b14=3910315 b1c=-448167.78125 v9e4=1244.1065673828125
   post gate=12 lap=0 alive=1 prog=12.127906799316406 ng=94 gc=(-8.0000009536743164,43) rt=11.999988555908203
f=721 dt=0.01666666753590107 pos=(-7.3495407104492188,-4.0624747276306152,36.073997497558594) yaw=0.40156549215316772 sp=1291.14111328125 vel=(1170.631103515625,2.8025969286496341e-45,544.65875244140625) gate=12 lap=0 prog=12.127906799316406 b14=3905594 b1c=-594754.375 v9e4=1291.14111328125
   post gate=12 lap=0 alive=1 prog=12.130439758300781 ng=94 gc=(-8.0000009536743164,43) rt=12.016654968261719
f=722 dt=0.01666666753590107 pos=(-7.2926316261291504,-4.0624747276306152,36.098407745361328) yaw=0.36177879571914673 sp=1337.544189453125 vel=(1229.22998046875,2.8025969286496341e-45,527.26458740234375) gate=12 lap=0 prog=12.130439758300781 b14=3893755.75 b1c=-746942.5 v9e4=1337.544189453125
   post gate=12 lap=0 alive=1 prog=12.132781982421875 ng=94 gc=(-8.0000009536743164,43) rt=12.033321380615234
f=723 dt=0.01666666753590107 pos=(-7.2330160140991211,-4.0624747276306152,36.121791839599609) yaw=0.3206331729888916 sp=1383.240966796875 vel=(1287.68359375,2.8025969286496341e-45,505.08367919921875) gate=12 lap=0 prog=12.132781982421875 b14=3874076.5 b1c=-904290.875 v9e4=1383.240966796875
   post gate=12 lap=0 alive=1 prog=12.134895324707031 ng=94 gc=(-8.0000009536743164,43) rt=12.04998779296875
f=724 dt=0.01666666753590107 pos=(-7.17071533203125,-4.0624747276306152,36.143917083740234) yaw=0.27815201878547668 sp=1428.1539306640625 vel=(1345.68798828125,2.8025969286496341e-45,477.89920043945312) gate=12 lap=0 prog=12.134895324707031 b14=3845849.5 b1c=-1066277.75 v9e4=1428.1539306640625
   post gate=12 lap=0 alive=1 prog=12.136743545532227 ng=94 gc=(-8.0000009536743164,43) rt=12.066654205322266
f=725 dt=0.01666666753590107 pos=(-7.1057658195495605,-4.0624747276306152,36.164543151855469) yaw=0.23436093330383301 sp=1472.2034912109375 vel=(1402.897216796875,2.8025969286496341e-45,445.53579711914062) gate=12 lap=0 prog=12.136743545532227 b14=3808400.25 b1c=-1232300.5 v9e4=1472.2034912109375
   post gate=12 lap=0 alive=1 prog=12.138287544250488 ng=94 gc=(-8.0000009536743164,43) rt=12.083320617675781
f=726 dt=0.01666666753590107 pos=(-7.0382223129272461,-4.0624747276306152,36.183425903320312) yaw=0.18974335491657257 sp=1515.3094482421875 vel=(1458.9283447265625,2.8025969286496341e-45,407.86212158203125) gate=12 lap=0 prog=12.138287544250488 b14=3761088 b1c=-1401672.875 v9e4=1515.3094482421875
   post gate=12 lap=0 alive=1 prog=12.139488220214844 ng=94 gc=(-8.0000009536743164,43) rt=12.099987030029297
f=727 dt=0.01666666753590107 pos=(-6.9681582450866699,-4.0624747276306152,36.200321197509766) yaw=0.14512574672698975 sp=1557.4117431640625 vel=(1513.3680419921875,2.8025969286496341e-45,364.92166137695312) gate=12 lap=0 prog=12.139488220214844 b14=3704161 b1c=-1571994.5 v9e4=1557.4117431640625
   post gate=12 lap=0 alive=1 prog=12.14030933380127 ng=94 gc=(-8.0000009536743164,43) rt=12.116653442382812
f=728 dt=0.01666666753590107 pos=(-6.8956661224365234,-4.0624747276306152,36.214996337890625) yaw=0.10050815343856812 sp=1598.4981689453125 vel=(1565.8167724609375,2.8025969286496341e-45,317.011474609375) gate=12 lap=0 prog=12.14030933380127 b14=3639004.25 b1c=-1739779 v9e4=1598.4981689453125
   post gate=12 lap=0 alive=1 prog=12.140713691711426 ng=94 gc=(-8.0000009536743164,43) rt=12.133319854736328
f=729 dt=0.01666666753590107 pos=(-6.820854663848877,-4.0624747276306152,36.227237701416016) yaw=0.055890552699565887 sp=1638.5750732421875 vel=(1615.91455078125,2.8025969286496341e-45,264.416748046875) gate=12 lap=0 prog=12.140713691711426 b14=3565824.25 b1c=-1904652.125 v9e4=1638.5750732421875
   post gate=12 lap=0 alive=1 prog=12.140669822692871 ng=94 gc=(-8.0000009536743164,43) rt=12.149986267089844
f=730 dt=0.01666666753590107 pos=(-6.7438478469848633,-4.0624747276306152,36.236839294433594) yaw=0.011272952891886234 sp=1677.651611328125 vel=(1663.3345947265625,2.8025969286496341e-45,207.41578674316406) gate=12 lap=0 prog=12.140669822692871 b14=3484797 b1c=-2066233.75 v9e4=1677.651611328125
   post gate=12 lap=0 alive=1 prog=12.140146255493164 ng=94 gc=(-8.0000009536743164,43) rt=12.166652679443359
f=731 dt=0.01666666753590107 pos=(-6.6647834777832031,-4.0624747276306152,36.243610382080078) yaw=-0.03334464505314827 sp=1715.73681640625 vel=(1707.7786865234375,2.8025969286496341e-45,146.28330993652344) gate=12 lap=0 prog=12.140146255493164 b14=3396102 b1c=-2224150 v9e4=1715.73681640625
   post gate=12 lap=0 alive=1 prog=12.139117240905762 ng=94 gc=(-8.0000009536743164,43) rt=12.183319091796875
f=732 dt=0.01666666753590107 pos=(-6.5838117599487305,-4.0624747276306152,36.24737548828125) yaw=-0.077962242066860199 sp=1752.8406982421875 vel=(1748.9744873046875,2.8025969286496341e-45,81.293212890625) gate=12 lap=0 prog=12.139117240905762 b14=3299930.25 b1c=-2378032.25 v9e4=1752.8406982421875
   post gate=12 lap=0 alive=1 prog=12.137558937072754 ng=94 gc=(-8.0000009536743164,43) rt=12.199985504150391
f=733 dt=0.01666666753590107 pos=(-6.5010948181152344,-4.0624747276306152,36.247962951660156) yaw=-0.12257984280586243 sp=1788.9722900390625 vel=(1786.673583984375,2.8025969286496341e-45,12.720235824584961) gate=12 lap=0 prog=12.137558937072754 b14=3196482.5 b1c=-2527519.75 v9e4=1788.9722900390625
   post gate=12 lap=0 alive=1 prog=12.135448455810547 ng=94 gc=(-8.0000009536743164,43) rt=12.216651916503906
f=734 dt=0.01666666753590107 pos=(-6.4168047904968262,-4.0624747276306152,36.245223999023438) yaw=-0.16719742119312286 sp=1824.1405029296875 vel=(1820.649169921875,2.8025969286496341e-45,-59.158870697021484) gate=12 lap=0 prog=12.135448455810547 b14=3085978.25 b1c=-2672262 v9e4=1824.1405029296875
   post gate=12 lap=0 alive=1 prog=12.132770538330078 ng=94 gc=(-8.0000009536743164,43) rt=12.233318328857422
f=735 dt=0.01666666753590107 pos=(-6.3311238288879395,-4.0624747276306152,36.239017486572266) yaw=-0.21181501448154449 sp=1858.353759765625 vel=(1850.6959228515625,2.8025969286496341e-45,-134.06455993652344) gate=12 lap=0 prog=12.132770538330078 b14=2968648 b1c=-2811916.75 v9e4=1858.353759765625
   post gate=12 lap=0 alive=1 prog=12.129510879516602 ng=94 gc=(-8.0000009536743164,43) rt=12.249984741210938
f=736 dt=0.01666666753590107 pos=(-6.2442421913146973,-4.0624747276306152,36.229217529296875) yaw=-0.25643262267112732 sp=1891.6199951171875 vel=(1876.62841796875,2.8025969286496341e-45,-211.71417236328125) gate=12 lap=0 prog=12.129510879516602 b14=2844740.25 b1c=-2946153.25 v9e4=1891.6199951171875
   post gate=12 lap=0 alive=1 prog=12.125658988952637 ng=94 gc=(-8.0000009536743164,43) rt=12.266651153564453
f=737 dt=0.01666666753590107 pos=(-6.1563582420349121,-4.0624747276306152,36.215705871582031) yaw=-0.30105021595954895 sp=1923.9466552734375 vel=(1898.2811279296875,2.8025969286496341e-45,-291.8218994140625) gate=12 lap=0 prog=12.125658988952637 b14=2714519 b1c=-3074654.25 v9e4=1923.9466552734375
   post gate=12 lap=0 alive=1 prog=12.121207237243652 ng=94 gc=(-8.0000009536743164,43) rt=12.283317565917969
f=738 dt=0.01666666753590107 pos=(-6.0676765441894531,-4.0624747276306152,36.198387145996094) yaw=-0.34566783905029297 sp=1955.34130859375 vel=(1915.508056640625,2.8025969286496341e-45,-374.09884643554688) gate=12 lap=0 prog=12.121207237243652 b14=2578264 b1c=-3197114.75 v9e4=1955.34130859375
   post gate=12 lap=0 alive=1 prog=12.116153717041016 ng=94 gc=(-8.0000009536743164,43) rt=12.299983978271484
f=739 dt=0.01666666753590107 pos=(-5.9784083366394043,-4.0624747276306152,36.177169799804688) yaw=-0.39028537273406982 sp=1985.8116455078125 vel=(1928.1820068359375,2.8025969286496341e-45,-458.25341796875) gate=12 lap=0 prog=12.116153717041016 b14=2436269 b1c=-3313243 v9e4=1985.8116455078125
   post gate=13 lap=0 alive=1 prog=13.112014770507812 ng=94 gc=(-4.0000014305114746,43) rt=12.316650390625
f=740 dt=0.01666666753590107 pos=(-5.8887691497802734,-4.0624747276306152,36.151985168457031) yaw=-0.43490296602249146 sp=2015.3648681640625 vel=(1936.1947021484375,2.8025969286496341e-45,-543.99188232421875) gate=13 lap=0 prog=13.112014770507812 b14=2288842 b1c=-3422763.5 v9e4=2015.3648681640625
   post gate=13 lap=0 alive=1 prog=13.112035751342773 ng=94 gc=(-4.0000014305114746,43) rt=12.333316802978516
f=741 dt=0.01666666753590107 pos=(-5.7989788055419922,-4.0624747276306152,36.122772216796875) yaw=-0.47952055931091309 sp=2044.0081787109375 vel=(1939.456298828125,2.8025969286496341e-45,-631.01873779296875) gate=13 lap=0 prog=13.112035751342773 b14=2136305.25 b1c=-3525416 v9e4=2044.0081787109375
   post gate=13 lap=0 alive=1 prog=13.111421585083008 ng=94 gc=(-4.0000014305114746,43) rt=12.349983215332031
f=742 dt=0.01666666753590107 pos=(-5.7092609405517578,-4.0624747276306152,36.089481353759766) yaw=-0.52413815259933472 sp=2071.749267578125 vel=(1937.8955078125,2.8025969286496341e-45,-719.03778076171875) gate=13 lap=0 prog=13.111421585083008 b14=1978993.125 b1c=-3620957.5 v9e4=2071.749267578125
   post gate=13 lap=0 alive=1 prog=13.110154151916504 ng=94 gc=(-4.0000014305114746,43) rt=12.366649627685547
f=743 dt=0.01666666753590107 pos=(-5.6198406219482422,-4.0624747276306152,36.052085876464844) yaw=-0.56875580549240112 sp=2098.59619140625 vel=(1931.45947265625,2.8025969286496341e-45,-807.75225830078125) gate=13 lap=0 prog=13.110154151916504 b14=1817252.25 b1c=-3709160.25 v9e4=2098.59619140625
   post gate=13 lap=0 alive=1 prog=13.108220100402832 ng=94 gc=(-4.0000014305114746,43) rt=12.383316040039062
f=744 dt=0.01666666753590107 pos=(-5.5309457778930664,-4.0624747276306152,36.010562896728516) yaw=-0.61337339878082275 sp=2124.556640625 vel=(1920.112548828125,2.8025969286496341e-45,-896.86614990234375) gate=13 lap=0 prog=13.108220100402832 b14=1651439.625 b1c=-3789816.25 v9e4=2124.556640625
   post gate=13 lap=0 alive=1 prog=13.105607986450195 ng=94 gc=(-4.0000014305114746,43) rt=12.399982452392578
f=745 dt=0.01666666753590107 pos=(-5.4428043365478516,-4.0624747276306152,35.964908599853516) yaw=-0.65799093246459961 sp=2149.638916015625 vel=(1903.8372802734375,2.8025969286496341e-45,-986.0848388671875) gate=13 lap=0 prog=13.105607986450195 b14=1481922.75 b1c=-3862735.25 v9e4=2149.638916015625
   post gate=13 lap=0 alive=1 prog=13.102310180664062 ng=94 gc=(-4.0000014305114746,43) rt=12.416648864746094
f=746 dt=0.01666666753590107 pos=(-5.1428041458129883,-4.0624747276306152,35.964908599853516) yaw=0.49147233366966248 sp=1086.9259033203125 vel=(958.2762451171875,2.8025969286496341e-45,512.94696044921875) gate=13 lap=0 prog=13.102310180664062 b14=1309078.125 b1c=-3927746 v9e4=2173.851806640625
   post gate=13 lap=0 alive=1 prog=13.109086990356445 ng=94 gc=(-4.0000014305114746,43) rt=12.433315277099609
f=747 dt=0.01666666753590107 pos=(-5.0958685874938965,-4.0624747276306152,35.988460540771484) yaw=0.4577251672744751 sp=1134.46435546875 vel=(1013.8026733398438,2.8025969286496341e-45,508.72470092773438) gate=13 lap=0 prog=13.109086990356445 b14=3789995 b1c=-378819.3125 v9e4=1134.46435546875
   post gate=13 lap=0 alive=1 prog=13.112916946411133 ng=94 gc=(-4.0000014305114746,43) rt=12.449981689453125
f=748 dt=0.01666666753590107 pos=(-5.0462775230407715,-4.0624747276306152,36.011653900146484) yaw=0.42254504561424255 sp=1182.6473388671875 vel=(1071.1595458984375,2.8025969286496341e-45,501.01119995117188) gate=13 lap=0 prog=13.112916946411133 b14=3881550 b1c=-520768.65625 v9e4=1182.6473388671875
   post gate=13 lap=0 alive=1 prog=13.116720199584961 ng=94 gc=(-4.0000014305114746,43) rt=12.466648101806641
f=749 dt=0.01666666753590107 pos=(-4.9940214157104492,-4.0624747276306152,36.034317016601562) yaw=0.38594603538513184 sp=1230.356689453125 vel=(1128.7237548828125,2.8025969286496341e-45,489.5301513671875) gate=13 lap=0 prog=13.116720199584961 b14=3875840.5 b1c=-659525.75 v9e4=1230.356689453125
   post gate=13 lap=0 alive=1 prog=13.120469093322754 ng=94 gc=(-4.0000014305114746,43) rt=12.483314514160156
f=750 dt=0.01666666753590107 pos=(-4.9390974044799805,-4.0624747276306152,36.056259155273438) yaw=0.34794414043426514 sp=1277.5272216796875 vel=(1186.35302734375,2.8025969286496341e-45,473.93829345703125) gate=13 lap=0 prog=13.120469093322754 b14=3863604.5 b1c=-803919.6875 v9e4=1277.5272216796875
   post gate=13 lap=0 alive=1 prog=13.124130249023438 ng=94 gc=(-4.0000014305114746,43) rt=12.499980926513672
f=751 dt=0.01666666753590107 pos=(-4.8815116882324219,-4.0624747276306152,36.077274322509766) yaw=0.30855754017829895 sp=1324.0897216796875 vel=(1243.84619140625,2.8025969286496341e-45,453.93524169921875) gate=13 lap=0 prog=13.124130249023438 b14=3844124.75 b1c=-953564.4375 v9e4=1324.0897216796875
   post gate=13 lap=0 alive=1 prog=13.12767219543457 ng=94 gc=(-4.0000014305114746,43) rt=12.516647338867188
f=752 dt=0.01666666753590107 pos=(-4.821281909942627,-4.0624747276306152,36.097148895263672) yaw=0.26780658960342407 sp=1369.97021484375 vel=(1300.949462890625,2.8025969286496341e-45,429.26321411132812) gate=13 lap=0 prog=13.12767219543457 b14=3816695 b1c=-1107995.625 v9e4=1369.97021484375
   post gate=13 lap=0 alive=1 prog=13.131057739257812 ng=94 gc=(-4.0000014305114746,43) rt=12.533313751220703
f=753 dt=0.01666666753590107 pos=(-4.7584404945373535,-4.0624747276306152,36.115653991699219) yaw=0.2257138192653656 sp=1415.0921630859375 vel=(1357.3619384765625,2.8025969286496341e-45,399.70755004882812) gate=13 lap=0 prog=13.131057739257812 b14=3780637.75 b1c=-1266671.5 v9e4=1415.0921630859375
   post gate=13 lap=0 alive=1 prog=13.134250640869141 ng=94 gc=(-4.0000014305114746,43) rt=12.549980163574219
f=754 dt=0.01666666753590107 pos=(-4.6930351257324219,-4.0624747276306152,36.132556915283203) yaw=0.18230418860912323 sp=1459.37646484375 vel=(1412.741455078125,2.8025969286496341e-45,365.09835815429688) gate=13 lap=0 prog=13.134250640869141 b14=3735304.25 b1c=-1428969.25 v9e4=1459.37646484375
   post gate=13 lap=0 alive=1 prog=13.137209892272949 ng=94 gc=(-4.0000014305114746,43) rt=12.566646575927734
f=755 dt=0.01666666753590107 pos=(-4.6251311302185059,-4.0624747276306152,36.147617340087891) yaw=0.1376865953207016 sp=1502.7430419921875 vel=(1466.709716796875,2.8025969286496341e-45,325.31204223632812) gate=13 lap=0 prog=13.137209892272949 b14=3680086.75 b1c=-1594188 v9e4=1502.7430419921875
   post gate=13 lap=0 alive=1 prog=13.139895439147949 ng=94 gc=(-4.0000014305114746,43) rt=12.58331298828125
f=756 dt=0.01666666753590107 pos=(-4.5548129081726074,-4.0624747276306152,36.160594940185547) yaw=0.093068994581699371 sp=1545.1146240234375 vel=(1518.8583984375,2.8025969286496341e-45,280.29647827148438) gate=13 lap=0 prog=13.139895439147949 b14=3614591 b1c=-1761261.375 v9e4=1545.1146240234375
   post gate=13 lap=0 alive=1 prog=13.142266273498535 ng=94 gc=(-4.0000014305114746,43) rt=12.599979400634766
f=757 dt=0.01666666753590107 pos=(-4.4821829795837402,-4.0624747276306152,36.171260833740234) yaw=0.048451397567987442 sp=1586.47216796875 vel=(1568.798095703125,2.8025969286496341e-45,230.37593078613281) gate=13 lap=0 prog=13.142266273498535 b14=3540981.5 b1c=-1925375.625 v9e4=1586.47216796875
   post gate=13 lap=0 alive=1 prog=13.144282341003418 ng=94 gc=(-4.0000014305114746,43) rt=12.616645812988281
f=758 dt=0.01666666753590107 pos=(-4.4073591232299805,-4.0624747276306152,36.179401397705078) yaw=0.0038338021840900183 sp=1626.8211669921875 vel=(1616.17919921875,2.8025969286496341e-45,175.85899353027344) gate=13 lap=0 prog=13.144282341003418 b14=3459501 b1c=-2086173.625 v9e4=1626.8211669921875
   post gate=13 lap=0 alive=1 prog=13.145906448364258 ng=94 gc=(-4.0000014305114746,43) rt=12.633312225341797
f=759 dt=0.01666666753590107 pos=(-4.330474853515625,-4.0624747276306152,36.184818267822266) yaw=-0.040783800184726715 sp=1666.169677734375 vel=(1660.685791015625,2.8025969286496341e-45,117.04436492919922) gate=13 lap=0 prog=13.145906448364258 b14=3370347.25 b1c=-2243285.25 v9e4=1666.169677734375
   post gate=13 lap=0 alive=1 prog=13.147101402282715 ng=94 gc=(-4.0000014305114746,43) rt=12.649978637695312
f=760 dt=0.01666666753590107 pos=(-4.2516765594482422,-4.0624747276306152,36.187328338623047) yaw=-0.085401400923728943 sp=1704.52734375 vel=(1702.031494140625,2.8025969286496341e-45,54.224899291992188) gate=13 lap=0 prog=13.147101402282715 b14=3273721.5 b1c=-2396346.25 v9e4=1704.52734375
   post gate=13 lap=0 alive=1 prog=13.147834777832031 ng=94 gc=(-4.0000014305114746,43) rt=12.666645050048828
f=761 dt=0.01666666753590107 pos=(-4.1711225509643555,-4.0624747276306152,36.186759948730469) yaw=-0.13001899421215057 sp=1741.9031982421875 vel=(1739.9556884765625,2.8025969286496341e-45,-12.309520721435547) gate=13 lap=0 prog=13.147834777832031 b14=3169834.25 b1c=-2545000.5 v9e4=1741.9031982421875
   post gate=13 lap=0 alive=1 prog=13.148076057434082 ng=94 gc=(-4.0000014305114746,43) rt=12.683311462402344
f=762 dt=0.01666666753590107 pos=(-4.088982105255127,-4.0624747276306152,36.182952880859375) yaw=-0.1746366024017334 sp=1778.3065185546875 vel=(1774.221923828125,2.8025969286496341e-45,-82.269874572753906) gate=13 lap=0 prog=13.148076057434082 b14=3058905.5 b1c=-2688896.75 v9e4=1778.3065185546875
   post gate=13 lap=0 alive=1 prog=13.147796630859375 ng=94 gc=(-4.0000014305114746,43) rt=12.699977874755859
f=763 dt=0.01666666753590107 pos=(-4.005434513092041,-4.0624747276306152,36.175758361816406) yaw=-0.21925419569015503 sp=1813.74609375 vel=(1804.6160888671875,2.8025969286496341e-45,-155.36665344238281) gate=13 lap=0 prog=13.147796630859375 b14=2941170.75 b1c=-2827696.25 v9e4=1813.74609375
   post gate=13 lap=0 alive=1 prog=13.146969795227051 ng=94 gc=(-4.0000014305114746,43) rt=12.716644287109375
f=764 dt=0.01666666753590107 pos=(-3.9206678867340088,-4.0624747276306152,36.165050506591797) yaw=-0.26387178897857666 sp=1848.2298583984375 vel=(1830.9454345703125,2.8025969286496341e-45,-231.3089599609375) gate=13 lap=0 prog=13.146969795227051 b14=2816879.75 b1c=-2961069.25 v9e4=1848.2298583984375
   post gate=13 lap=0 alive=1 prog=13.145573616027832 ng=94 gc=(-4.0000014305114746,43) rt=12.733310699462891
f=765 dt=0.01666666753590107 pos=(-3.8348784446716309,-4.0624747276306152,36.150707244873047) yaw=-0.30848938226699829 sp=1881.765869140625 vel=(1853.0377197265625,2.8025969286496341e-45,-309.80401611328125) gate=13 lap=0 prog=13.145573616027832 b14=2686298.25 b1c=-3088700 v9e4=1881.765869140625
   post gate=13 lap=0 alive=1 prog=13.143589973449707 ng=94 gc=(-4.0000014305114746,43) rt=12.749977111816406
f=766 dt=0.01666666753590107 pos=(-3.7482693195343018,-4.0624747276306152,36.132625579833984) yaw=-0.35310694575309753 sp=1914.3619384765625 vel=(1870.7410888671875,2.8025969286496341e-45,-390.55712890625) gate=13 lap=0 prog=13.143589973449707 b14=2549704.5 b1c=-3210282.5 v9e4=1914.3619384765625
   post gate=13 lap=0 alive=1 prog=13.14100170135498 ng=94 gc=(-4.0000014305114746,43) rt=12.766643524169922
f=767 dt=0.01666666753590107 pos=(-3.6610500812530518,-4.0624747276306152,36.110713958740234) yaw=-0.39772453904151917 sp=1946.025146484375 vel=(1883.9224853515625,2.8025969286496341e-45,-473.27151489257812) gate=13 lap=0 prog=13.14100170135498 b14=2407393.5 b1c=-3325527.25 v9e4=1946.025146484375
   post gate=13 lap=0 alive=1 prog=13.137797355651855 ng=94 gc=(-4.0000014305114746,43) rt=12.783309936523438
f=768 dt=0.01666666753590107 pos=(-3.5734350681304932,-4.0624747276306152,36.084896087646484) yaw=-0.4423421323299408 sp=1976.762939453125 vel=(1892.4686279296875,2.8025969286496341e-45,-557.6488037109375) gate=13 lap=0 prog=13.137797355651855 b14=2259672.5 b1c=-3434158.5 v9e4=1976.762939453125
   post gate=13 lap=0 alive=1 prog=13.133969306945801 ng=94 gc=(-4.0000014305114746,43) rt=12.799976348876953
f=769 dt=0.01666666753590107 pos=(-3.4856433868408203,-4.0624747276306152,36.055110931396484) yaw=-0.4869597852230072 sp=2006.5821533203125 vel=(1896.2850341796875,2.8025969286496341e-45,-643.38946533203125) gate=13 lap=0 prog=13.133969306945801 b14=2106864.25 b1c=-3535914.75 v9e4=2006.5821533203125
   post gate=13 lap=0 alive=1 prog=13.129510879516602 ng=94 gc=(-4.0000014305114746,43) rt=12.816642761230469
f=770 dt=0.01666666753590107 pos=(-3.397897481918335,-4.0624747276306152,36.021305084228516) yaw=-0.53157740831375122 sp=2035.49072265625 vel=(1895.296142578125,2.8025969286496341e-45,-730.193359375) gate=13 lap=0 prog=13.129510879516602 b14=1949303.625 b1c=-3630554.25 v9e4=2035.49072265625
   post gate=13 lap=0 alive=1 prog=13.124422073364258 ng=94 gc=(-4.0000014305114746,43) rt=12.833309173583984
f=771 dt=0.01666666753590107 pos=(-3.310422420501709,-4.0624747276306152,35.983444213867188) yaw=-0.57619500160217285 sp=2063.49560546875 vel=(1889.4444580078125,2.8025969286496341e-45,-817.76007080078125) gate=13 lap=0 prog=13.124422073364258 b14=1787336.25 b1c=-3717849.25 v9e4=2063.49560546875
   post gate=13 lap=0 alive=1 prog=13.118704795837402 ng=94 gc=(-4.0000014305114746,43) rt=12.8499755859375
f=772 dt=0.01666666753590107 pos=(-3.2234451770782471,-4.0624747276306152,35.941509246826172) yaw=-0.62081253528594971 sp=2090.604248046875 vel=(1878.6910400390625,2.8025969286496341e-45,-905.7901611328125) gate=13 lap=0 prog=13.118704795837402 b14=1621320.25 b1c=-3797592 v9e4=2090.604248046875
   post gate=13 lap=0 alive=1 prog=13.112364768981934 ng=94 gc=(-4.0000014305114746,43) rt=12.866641998291016
f=773 dt=0.01666666753590107 pos=(-2.9234452247619629,-4.0624747276306152,35.941509246826172) yaw=0.57368379831314087 sp=1058.41259765625 vel=(888.968505859375,2.8025969286496341e-45,574.4320068359375) gate=13 lap=0 prog=13.112364768981934 b14=1451623 b1c=-3869591.75 v9e4=2116.8251953125
   post gate=13 lap=0 alive=1 prog=13.107485771179199 ng=94 gc=(-4.0000014305114746,43) rt=12.883308410644531
f=774 dt=0.01666666753590107 pos=(-2.8797750473022461,-4.0624747276306152,35.968124389648438) yaw=0.54081869125366211 sp=1104.810546875 vel=(943.27001953125,2.8025969286496341e-45,574.85186767578125) gate=13 lap=0 prog=13.107485771179199 b14=3708835.75 b1c=-64577.5625 v9e4=1104.810546875
   post gate=13 lap=0 alive=1 prog=13.109931945800781 ng=94 gc=(-4.0000014305114746,43) rt=12.899974822998047
f=775 dt=0.01666666753590107 pos=(-2.8334569931030273,-4.0624747276306152,35.994617462158203) yaw=0.50652998685836792 sp=1152.6766357421875 vel=(1000.4598999023438,2.8025969286496341e-45,572.24920654296875) gate=13 lap=0 prog=13.109931945800781 b14=3865751.5 b1c=-194515.203125 v9e4=1152.6766357421875
   post gate=13 lap=0 alive=1 prog=13.112269401550293 ng=94 gc=(-4.0000014305114746,43) rt=12.916641235351562
f=776 dt=0.01666666753590107 pos=(-2.78444504737854,-4.0624747276306152,36.020832061767578) yaw=0.47081530094146729 sp=1200.62060546875 vel=(1058.64892578125,2.8025969286496341e-45,566.2138671875) gate=13 lap=0 prog=13.112269401550293 b14=3908097 b1c=-331274.0625 v9e4=1200.62060546875
   post gate=13 lap=0 alive=1 prog=13.114470481872559 ng=94 gc=(-4.0000014305114746,43) rt=12.933307647705078
f=777 dt=0.01666666753590107 pos=(-2.7327237129211426,-4.0624747276306152,36.046588897705078) yaw=0.43368944525718689 sp=1248.0721435546875 vel=(1117.169677734375,2.8025969286496341e-45,556.3839111328125) gate=13 lap=0 prog=13.114470481872559 b14=3908653.25 b1c=-472407.46875 v9e4=1248.0721435546875
   post gate=13 lap=0 alive=1 prog=13.116506576538086 ng=94 gc=(-4.0000014305114746,43) rt=12.949974060058594
f=778 dt=0.01666666753590107 pos=(-2.67828369140625,-4.0624747276306152,36.071701049804688) yaw=0.39516901969909668 sp=1294.9639892578125 vel=(1175.8927001953125,2.8025969286496341e-45,542.40802001953125) gate=13 lap=0 prog=13.116506576538086 b14=3902788.75 b1c=-619440.5625 v9e4=1294.9639892578125
   post gate=13 lap=0 alive=1 prog=13.118344306945801 ng=94 gc=(-4.0000014305114746,43) rt=12.966640472412109
f=779 dt=0.01666666753590107 pos=(-2.6211245059967041,-4.0624747276306152,36.095958709716797) yaw=0.35527285933494568 sp=1341.224853515625 vel=(1234.626708984375,2.8025969286496341e-45,523.97650146484375) gate=13 lap=0 prog=13.118344306945801 b14=3889762.5 b1c=-772004.8125 v9e4=1341.224853515625
   post gate=13 lap=0 alive=1 prog=13.119951248168945 ng=94 gc=(-4.0000014305114746,43) rt=12.983306884765625
f=780 dt=0.01666666753590107 pos=(-2.5612571239471436,-4.0624747276306152,36.119144439697266) yaw=0.3140220046043396 sp=1386.7801513671875 vel=(1293.125244140625,2.8025969286496341e-45,500.82122802734375) gate=13 lap=0 prog=13.119951248168945 b14=3868848.5 b1c=-929653.375 v9e4=1386.7801513671875
   post gate=13 lap=0 alive=1 prog=13.121292114257812 ng=94 gc=(-4.0000014305114746,43) rt=12.999973297119141
f=781 dt=0.01666666753590107 pos=(-2.4987061023712158,-4.0624747276306152,36.141029357910156) yaw=0.27143976092338562 sp=1431.5521240234375 vel=(1351.091796875,2.8025969286496341e-45,472.7166748046875) gate=13 lap=0 prog=13.121292114257812 b14=3839340.75 b1c=-1091857.75 v9e4=1431.5521240234375
   post gate=13 lap=0 alive=1 prog=13.122331619262695 ng=94 gc=(-4.0000014305114746,43) rt=13.016639709472656
f=782 dt=0.01666666753590107 pos=(-2.4335117340087891,-4.0624747276306152,36.161376953125) yaw=0.22755181789398193 sp=1475.46142578125 vel=(1408.1865234375,2.8025969286496341e-45,439.4813232421875) gate=13 lap=0 prog=13.122331619262695 b14=3800564.25 b1c=-1258008.125 v9e4=1475.46142578125
   post gate=13 lap=0 alive=1 prog=13.123031616210938 ng=94 gc=(-4.0000014305114746,43) rt=13.033306121826172
f=783 dt=0.01666666753590107 pos=(-2.365731954574585,-4.0624747276306152,36.179939270019531) yaw=0.18293419480323792 sp=1518.4276123046875 vel=(1464.03076171875,2.8025969286496341e-45,400.97988891601562) gate=13 lap=0 prog=13.123031616210938 b14=3751883.25 b1c=-1427412.125 v9e4=1518.4276123046875
   post gate=13 lap=0 alive=1 prog=13.123357772827148 ng=94 gc=(-4.0000014305114746,43) rt=13.049972534179688
f=784 dt=0.01666666753590107 pos=(-2.2954435348510742,-4.0624747276306152,36.196479797363281) yaw=0.13831658661365509 sp=1560.3951416015625 vel=(1518.2166748046875,2.8025969286496341e-45,357.2794189453125) gate=13 lap=0 prog=13.123357772827148 b14=3693739.5 b1c=-1597339.125 v9e4=1560.3951416015625
   post gate=13 lap=0 alive=1 prog=13.123274803161621 ng=94 gc=(-4.0000014305114746,43) rt=13.066638946533203
f=785 dt=0.01666666753590107 pos=(-2.2227413654327393,-4.0624747276306152,36.210769653320312) yaw=0.093698978424072266 sp=1601.353515625 vel=(1570.3536376953125,2.8025969286496341e-45,308.67056274414062) gate=13 lap=0 prog=13.123274803161621 b14=3627399.75 b1c=-1764675.875 v9e4=1601.353515625
   post gate=13 lap=0 alive=1 prog=13.122750282287598 ng=94 gc=(-4.0000014305114746,43) rt=13.083305358886719
f=786 dt=0.01666666753590107 pos=(-2.1477365493774414,-4.0624747276306152,36.22259521484375) yaw=0.049081377685070038 sp=1641.309326171875 vel=(1620.0888671875,2.8025969286496341e-45,255.43362426757812) gate=13 lap=0 prog=13.122750282287598 b14=3553067.5 b1c=-1929048 v9e4=1641.309326171875
   post gate=13 lap=0 alive=1 prog=13.121755599975586 ng=94 gc=(-4.0000014305114746,43) rt=13.099971771240234
f=787 dt=0.01666666753590107 pos=(-2.0705552101135254,-4.0624747276306152,36.231754302978516) yaw=0.0044637802056968212 sp=1680.271240234375 vel=(1667.1016845703125,2.8025969286496341e-45,197.84309387207031) gate=13 lap=0 prog=13.121755599975586 b14=3470916.25 b1c=-2090076.75 v9e4=1680.271240234375
   post gate=13 lap=0 alive=1 prog=13.120264053344727 ng=94 gc=(-4.0000014305114746,43) rt=13.11663818359375
f=788 dt=0.01666666753590107 pos=(-1.9913370609283447,-4.0624747276306152,36.238059997558594) yaw=-0.040153820067644119 sp=1718.2484130859375 vel=(1711.0989990234375,2.8025969286496341e-45,136.17094421386719) gate=13 lap=0 prog=13.120264053344727 b14=3381126.5 b1c=-2247387.25 v9e4=1718.2484130859375
   post gate=14 lap=0 alive=1 prog=14.118867874145508 ng=94 gc=(-7.096926424310368e-07,43) rt=13.133304595947266
f=789 dt=0.01666666753590107 pos=(-1.9102339744567871,-4.0624747276306152,36.2413330078125) yaw=-0.084771417081356049 sp=1755.2498779296875 vel=(1751.812744140625,2.8025969286496341e-45,70.688896179199219) gate=14 lap=0 prog=14.118867874145508 b14=3283889 b1c=-2400613.5 v9e4=1755.2498779296875
   post gate=14 lap=0 alive=1 prog=14.122071266174316 ng=94 gc=(-7.096926424310368e-07,43) rt=13.149971008300781
f=790 dt=0.01666666753590107 pos=(-1.8274092674255371,-4.0624747276306152,36.241409301757812) yaw=-0.12938900291919708 sp=1791.2847900390625 vel=(1788.9981689453125,2.8025969286496341e-45,1.6701011657714844) gate=14 lap=0 prog=14.122071266174316 b14=3179408 b1c=-2549394.25 v9e4=1791.2847900390625
   post gate=14 lap=0 alive=1 prog=14.124839782714844 ng=94 gc=(-7.096926424310368e-07,43) rt=13.166637420654297
f=791 dt=0.01666666753590107 pos=(-1.7430367469787598,-4.0624747276306152,36.238140106201172) yaw=-0.17400661110877991 sp=1826.36083984375 vel=(1822.4320068359375,2.8025969286496341e-45,-70.609886169433594) gate=14 lap=0 prog=14.124839782714844 b14=3067902 b1c=-2693380.5 v9e4=1826.36083984375
   post gate=14 lap=0 alive=1 prog=14.127137184143066 ng=94 gc=(-7.096926424310368e-07,43) rt=13.183303833007812
f=792 dt=0.01666666753590107 pos=(-1.6572993993759155,-4.0624747276306152,36.231388092041016) yaw=-0.21862423419952393 sp=1860.4862060546875 vel=(1851.911865234375,2.8025969286496341e-45,-145.87242126464844) gate=14 lap=0 prog=14.127137184143066 b14=2949605.75 b1c=-2832232.25 v9e4=1860.4862060546875
   post gate=14 lap=0 alive=1 prog=14.128931045532227 ng=94 gc=(-7.096926424310368e-07,43) rt=13.199970245361328
f=793 dt=0.01666666753590107 pos=(-1.5703886747360229,-4.0624747276306152,36.221023559570312) yaw=-0.26324179768562317 sp=1893.668212890625 vel=(1877.2554931640625,2.8025969286496341e-45,-223.83549499511719) gate=14 lap=0 prog=14.128931045532227 b14=2824769.75 b1c=-2965619.5 v9e4=1893.668212890625
   post gate=14 lap=0 alive=1 prog=14.13018798828125 ng=94 gc=(-7.096926424310368e-07,43) rt=13.216636657714844
f=794 dt=0.01666666753590107 pos=(-1.4825036525726318,-4.0624747276306152,36.206939697265625) yaw=-0.3078593909740448 sp=1925.91455078125 vel=(1898.3001708984375,2.8025969286496341e-45,-304.21380615234375) gate=14 lap=0 prog=14.13018798828125 b14=2693660.75 b1c=-3093227.75 v9e4=1925.91455078125
   post gate=14 lap=0 alive=1 prog=14.130881309509277 ng=94 gc=(-7.096926424310368e-07,43) rt=13.233303070068359
f=795 dt=0.01666666753590107 pos=(-1.3938500881195068,-4.0624747276306152,36.189037322998047) yaw=-0.35247698426246643 sp=1957.232177734375 vel=(1914.90234375,2.8025969286496341e-45,-386.71881103515625) gate=14 lap=0 prog=14.130881309509277 b14=2556558.75 b1c=-3214752.25 v9e4=1957.232177734375
   post gate=14 lap=0 alive=1 prog=14.130984306335449 ng=94 gc=(-7.096926424310368e-07,43) rt=13.249969482421875
f=796 dt=0.01666666753590107 pos=(-1.3046393394470215,-4.0624747276306152,36.167228698730469) yaw=-0.39709460735321045 sp=1987.628173828125 vel=(1926.9375,2.8025969286496341e-45,-471.05929565429688) gate=14 lap=0 prog=14.130984306335449 b14=2413760.25 b1c=-3329904.5 v9e4=1987.628173828125
   post gate=14 lap=0 alive=1 prog=14.130474090576172 ng=94 gc=(-7.096926424310368e-07,43) rt=13.266635894775391
f=797 dt=0.01666666753590107 pos=(-1.2150876522064209,-4.0624747276306152,36.141445159912109) yaw=-0.44171220064163208 sp=2017.109619140625 vel=(1934.2996826171875,2.8025969286496341e-45,-556.9417724609375) gate=14 lap=0 prog=14.130474090576172 b14=2265576 b1c=-3438411 v9e4=2017.109619140625
   post gate=14 lap=0 alive=1 prog=14.129330635070801 ng=94 gc=(-7.096926424310368e-07,43) rt=13.283302307128906
f=798 dt=0.01666666753590107 pos=(-1.125415563583374,-4.0624747276306152,36.111625671386719) yaw=-0.48632979393005371 sp=2045.68359375 vel=(1936.901611328125,2.8025969286496341e-45,-644.07110595703125) gate=14 lap=0 prog=14.129330635070801 b14=2112329.25 b1c=-3540013 v9e4=2045.68359375
   post gate=14 lap=0 alive=1 prog=14.127536773681641 ng=94 gc=(-7.096926424310368e-07,43) rt=13.299968719482422
f=799 dt=0.01666666753590107 pos=(-1.0358465909957886,-4.0624747276306152,36.077728271484375) yaw=-0.53094732761383057 sp=2073.357666015625 vel=(1934.6746826171875,2.8025969286496341e-45,-732.15118408203125) gate=14 lap=0 prog=14.127536773681641 b14=1954357.25 b1c=-3634471 v9e4=2073.357666015625
   post gate=14 lap=0 alive=1 prog=14.125082015991211 ng=94 gc=(-7.096926424310368e-07,43) rt=13.316635131835938
f=800 dt=0.01666666753590107 pos=(-0.94660663604736328,-4.0624747276306152,36.039722442626953) yaw=-0.57556498050689697 sp=2100.1396484375 vel=(1927.5677490234375,2.8025969286496341e-45,-820.8857421875) gate=14 lap=0 prog=14.125082015991211 b14=1792007.875 b1c=-3721560 v9e4=2100.1396484375
   post gate=14 lap=0 alive=1 prog=14.121955871582031 ng=94 gc=(-7.096926424310368e-07,43) rt=13.333301544189453
f=801 dt=0.01666666753590107 pos=(-0.85792315006256104,-4.0624747276306152,35.997592926025391) yaw=-0.6201825737953186 sp=2126.036865234375 vel=(1915.5479736328125,2.8025969286496341e-45,-909.97906494140625) gate=14 lap=0 prog=14.121955871582031 b14=1625638.125 b1c=-3801072.25 v9e4=2126.036865234375
   post gate=14 lap=0 alive=1 prog=14.118154525756836 ng=94 gc=(-7.096926424310368e-07,43) rt=13.349967956542969
f=802 dt=0.01666666753590107 pos=(-0.77002429962158203,-4.0624747276306152,35.951335906982422) yaw=-0.66480016708374023 sp=2151.05810546875 vel=(1898.5999755859375,2.8025969286496341e-45,-999.136962890625) gate=14 lap=0 prog=14.118154525756836 b14=1455619.25 b1c=-3872823.25 v9e4=2151.05810546875
   post gate=14 lap=0 alive=1 prog=14.113675117492676 ng=94 gc=(-7.096926424310368e-07,43) rt=13.366634368896484
f=803 dt=0.01666666753590107 pos=(0.07850414514541626,-4.0624747276306152,35.102809906005859) yaw=0.58506578207015991 sp=1087.6055908203125 vel=(906.71044921875,2.8025969286496341e-45,600.634765625) gate=14 lap=0 prog=14.113675117492676 b14=1282326.75 b1c=-3936640.75 v9e4=2175.211181640625
   post gate=14 lap=0 alive=1 prog=14.012802124023438 ng=94 gc=(-7.096926424310368e-07,43) rt=13.38330078125
f=804 dt=0.01666666753590107 pos=(0.12306071072816849,-4.0624747276306152,35.130661010742188) yaw=0.55129790306091309 sp=1135.1619873046875 vel=(962.4140625,2.8025969286496341e-45,601.61346435546875) gate=14 lap=0 prog=14.012802124023438 b14=3811181.75 b1c=-22974.55078125 v9e4=1135.1619873046875
   post gate=14 lap=0 alive=1 prog=14.016212463378906 ng=94 gc=(-7.096926424310368e-07,43) rt=13.399967193603516
f=805 dt=0.01666666753590107 pos=(0.17029449343681335,-4.0624747276306152,35.158405303955078) yaw=0.51609718799591064 sp=1183.3402099609375 vel=(1020.2416381835938,2.8025969286496341e-45,599.2841796875) gate=14 lap=0 prog=14.016212463378906 b14=3913448.5 b1c=-155821.78125 v9e4=1183.3402099609375
   post gate=14 lap=0 alive=1 prog=14.019569396972656 ng=94 gc=(-7.096926424310368e-07,43) rt=13.416633605957031
f=806 dt=0.01666666753590107 pos=(0.22023148834705353,-4.0624747276306152,35.185871124267578) yaw=0.47947773337364197 sp=1231.0435791015625 vel=(1078.6304931640625,2.8025969286496341e-45,593.21588134765625) gate=14 lap=0 prog=14.019569396972656 b14=3920719.5 b1c=-294593.625 v9e4=1231.0435791015625
   post gate=14 lap=0 alive=1 prog=14.022846221923828 ng=94 gc=(-7.096926424310368e-07,43) rt=13.433300018310547
f=807 dt=0.01666666753590107 pos=(0.2728925347328186,-4.0624747276306152,35.212863922119141) yaw=0.4414556622505188 sp=1278.2073974609375 vel=(1137.4697265625,2.8025969286496341e-45,583.05426025390625) gate=14 lap=0 prog=14.022846221923828 b14=3922011.5 b1c=-439586.875 v9e4=1278.2073974609375
   post gate=14 lap=0 alive=1 prog=14.026010513305664 ng=94 gc=(-7.096926424310368e-07,43) rt=13.449966430664062
f=808 dt=0.01666666753590107 pos=(0.32829049229621887,-4.0624747276306152,35.239181518554688) yaw=0.40204909443855286 sp=1324.76171875 vel=(1196.586181640625,2.8025969286496341e-45,568.48223876953125) gate=14 lap=0 prog=14.026010513305664 b14=3916573 b1c=-590482.9375 v9e4=1324.76171875
   post gate=14 lap=0 alive=1 prog=14.029029846191406 ng=94 gc=(-7.096926424310368e-07,43) rt=13.466632843017578
f=809 dt=0.01666666753590107 pos=(0.38642755150794983,-4.0624747276306152,35.264610290527344) yaw=0.36127838492393494 sp=1370.6331787109375 vel=(1255.750244140625,2.8025969286496341e-45,549.22015380859375) gate=14 lap=0 prog=14.029029846191406 b14=3903659 b1c=-746885.125 v9e4=1370.6331787109375
   post gate=14 lap=0 alive=1 prog=14.03187084197998 ng=94 gc=(-7.096926424310368e-07,43) rt=13.483299255371094
f=810 dt=0.01666666753590107 pos=(0.44729292392730713,-4.0624747276306152,35.288917541503906) yaw=0.31916621327400208 sp=1415.7447509765625 vel=(1314.681884765625,2.8025969286496341e-45,525.02685546875) gate=14 lap=0 prog=14.03187084197998 b14=3882542.5 b1c=-908316 v9e4=1415.7447509765625
   post gate=14 lap=0 alive=1 prog=14.034494400024414 ng=94 gc=(-7.096926424310368e-07,43) rt=13.499965667724609
f=811 dt=0.01666666753590107 pos=(0.51086080074310303,-4.0624747276306152,35.311866760253906) yaw=0.27573752403259277 sp=1460.017578125 vel=(1373.055419921875,2.8025969286496341e-45,495.70175170898438) gate=14 lap=0 prog=14.034494400024414 b14=3852521.25 b1c=-1074216 v9e4=1460.017578125
   post gate=14 lap=0 alive=1 prog=14.036864280700684 ng=94 gc=(-7.096926424310368e-07,43) rt=13.516632080078125
f=812 dt=0.01666666753590107 pos=(0.57708841562271118,-4.0624747276306152,35.333213806152344) yaw=0.23111994564533234 sp=1503.37109375 vel=(1430.5050048828125,2.8025969286496341e-45,461.08694458007812) gate=14 lap=0 prog=14.036864280700684 b14=3812923.75 b1c=-1243942.5 v9e4=1503.37109375
   post gate=14 lap=0 alive=1 prog=14.0389404296875 ng=94 gc=(-7.096926424310368e-07,43) rt=13.533298492431641
f=813 dt=0.01666666753590107 pos=(0.64591437578201294,-4.0624747276306152,35.352710723876953) yaw=0.18650233745574951 sp=1545.729736328125 vel=(1486.628662109375,2.8025969286496341e-45,421.09841918945312) gate=14 lap=0 prog=14.0389404296875 b14=3763292 b1c=-1416402 v9e4=1545.729736328125
   post gate=14 lap=0 alive=1 prog=14.040685653686523 ng=94 gc=(-7.096926424310368e-07,43) rt=13.549964904785156
f=814 dt=0.01666666753590107 pos=(0.71725791692733765,-4.0624747276306152,35.370121002197266) yaw=0.14188474416732788 sp=1587.0738525390625 vel=(1541.00830078125,2.8025969286496341e-45,376.02227783203125) gate=14 lap=0 prog=14.040685653686523 b14=3705304.5 b1c=-1586671 v9e4=1587.0738525390625
   post gate=14 lap=0 alive=1 prog=14.042059898376465 ng=94 gc=(-7.096926424310368e-07,43) rt=13.566631317138672
f=815 dt=0.01666666753590107 pos=(0.79102087020874023,-4.0624747276306152,35.385219573974609) yaw=0.097267143428325653 sp=1627.409423828125 vel=(1593.2674560546875,2.8025969286496341e-45,326.13290405273438) gate=14 lap=0 prog=14.042059898376465 b14=3639172.5 b1c=-1754372.5 v9e4=1627.409423828125
   post gate=14 lap=0 alive=1 prog=14.043030738830566 ng=94 gc=(-7.096926424310368e-07,43) rt=13.583297729492188
f=816 dt=0.01666666753590107 pos=(0.86708927154541016,-4.0624747276306152,35.397796630859375) yaw=0.052649538964033127 sp=1666.74462890625 vel=(1643.0640869140625,2.8025969286496341e-45,271.6981201171875) gate=14 lap=0 prog=14.043030738830566 b14=3565057.75 b1c=-1919119.375 v9e4=1666.74462890625
   post gate=14 lap=0 alive=1 prog=14.043563842773438 ng=94 gc=(-7.096926424310368e-07,43) rt=13.599964141845703
f=817 dt=0.01666666753590107 pos=(0.94533461332321167,-4.0624747276306152,35.407657623291016) yaw=0.0080319372937083244 sp=1705.0885009765625 vel=(1690.085693359375,2.8025969286496341e-45,212.98257446289062) gate=14 lap=0 prog=14.043563842773438 b14=3483125.5 b1c=-2080529.875 v9e4=1705.0885009765625
   post gate=14 lap=0 alive=1 prog=14.043628692626953 ng=94 gc=(-7.096926424310368e-07,43) rt=13.616630554199219
f=818 dt=0.01666666753590107 pos=(1.0256152153015137,-4.0624747276306152,35.41461181640625) yaw=-0.036585662513971329 sp=1742.450927734375 vel=(1734.0460205078125,2.8025969286496341e-45,150.25048828125) gate=14 lap=0 prog=14.043628692626953 b14=3393552.5 b1c=-2238229.5 v9e4=1742.450927734375
   post gate=14 lap=0 alive=1 prog=14.043198585510254 ng=94 gc=(-7.096926424310368e-07,43) rt=13.633296966552734
f=819 dt=0.01666666753590107 pos=(1.1077771186828613,-4.0624747276306152,35.418491363525391) yaw=-0.081203252077102661 sp=1778.8406982421875 vel=(1774.682861328125,2.8025969286496341e-45,83.767501831054688) gate=14 lap=0 prog=14.043198585510254 b14=3296524.75 b1c=-2391848.5 v9e4=1778.8406982421875
   post gate=14 lap=0 alive=1 prog=14.042248725891113 ng=94 gc=(-7.096926424310368e-07,43) rt=13.64996337890625
f=820 dt=0.01666666753590107 pos=(1.1916553974151611,-4.0624747276306152,35.419132232666016) yaw=-0.12582084536552429 sp=1814.2666015625 vel=(1811.756103515625,2.8025969286496341e-45,13.801837921142578) gate=14 lap=0 prog=14.042248725891113 b14=3192246 b1c=-2541027.5 v9e4=1814.2666015625
   post gate=14 lap=0 alive=1 prog=14.040755271911621 ng=94 gc=(-7.096926424310368e-07,43) rt=13.666629791259766
f=821 dt=0.01666666753590107 pos=(1.277074933052063,-4.0624747276306152,35.4163818359375) yaw=-0.17043846845626831 sp=1848.7371826171875 vel=(1845.0469970703125,2.8025969286496341e-45,-59.374916076660156) gate=14 lap=0 prog=14.040755271911621 b14=3080934 b1c=-2685416 v9e4=1848.7371826171875
   post gate=14 lap=0 alive=1 prog=14.038700103759766 ng=94 gc=(-7.096926424310368e-07,43) rt=13.683296203613281
f=822 dt=0.01666666753590107 pos=(1.3638514280319214,-4.0624747276306152,35.410110473632812) yaw=-0.21505606174468994 sp=1882.2598876953125 vel=(1874.356689453125,2.8025969286496341e-45,-135.48736572265625) gate=14 lap=0 prog=14.038700103759766 b14=2962821 b1c=-2824671.5 v9e4=1882.2598876953125
   post gate=14 lap=0 alive=1 prog=14.036067962646484 ng=94 gc=(-7.096926424310368e-07,43) rt=13.699962615966797
f=823 dt=0.01666666753590107 pos=(1.4517922401428223,-4.0624747276306152,35.400192260742188) yaw=-0.25967365503311157 sp=1914.8426513671875 vel=(1899.5062255859375,2.8025969286496341e-45,-214.25625610351562) gate=14 lap=0 prog=14.036067962646484 b14=2838159.75 b1c=-2958467.5 v9e4=1914.8426513671875
   post gate=14 lap=0 alive=1 prog=14.032845497131348 ng=94 gc=(-7.096926424310368e-07,43) rt=13.716629028320312
f=824 dt=0.01666666753590107 pos=(1.5406973361968994,-4.0624747276306152,35.386516571044922) yaw=-0.3042912483215332 sp=1946.492431640625 vel=(1920.3359375,2.8025969286496341e-45,-295.3985595703125) gate=14 lap=0 prog=14.032845497131348 b14=2707213.75 b1c=-3086484.75 v9e4=1946.492431640625
   post gate=14 lap=0 alive=1 prog=14.029024124145508 ng=94 gc=(-7.096926424310368e-07,43) rt=13.733295440673828
f=825 dt=0.01666666753590107 pos=(1.6303603649139404,-4.0624747276306152,35.368988037109375) yaw=-0.34890881180763245 sp=1977.2169189453125 vel=(1936.7052001953125,2.8025969286496341e-45,-378.6278076171875) gate=14 lap=0 prog=14.029024124145508 b14=2570266.5 b1c=-3208422.25 v9e4=1977.2169189453125
   post gate=14 lap=0 alive=1 prog=14.024596214294434 ng=94 gc=(-7.096926424310368e-07,43) rt=13.749961853027344
f=826 dt=0.01666666753590107 pos=(1.7205690145492554,-4.0624747276306152,35.347522735595703) yaw=-0.39352640509605408 sp=2007.0230712890625 vel=(1948.4920654296875,2.8025969286496341e-45,-463.65460205078125) gate=14 lap=0 prog=14.024596214294434 b14=2427612.75 b1c=-3323990 v9e4=2007.0230712890625
   post gate=14 lap=0 alive=1 prog=14.019559860229492 ng=94 gc=(-7.096926424310368e-07,43) rt=13.766628265380859
f=827 dt=0.01666666753590107 pos=(1.8111064434051514,-4.0624747276306152,35.322052001953125) yaw=-0.4381440281867981 sp=2035.918212890625 vel=(1955.59326171875,2.8025969286496341e-45,-550.1871337890625) gate=14 lap=0 prog=14.019559860229492 b14=2279562.75 b1c=-3432913.5 v9e4=2035.918212890625
   post gate=14 lap=0 alive=1 prog=14.013916969299316 ng=94 gc=(-7.096926424310368e-07,43) rt=13.783294677734375
f=828 dt=0.01666666753590107 pos=(1.9017517566680908,-4.0624747276306152,35.292518615722656) yaw=-0.48276165127754211 sp=2063.909912109375 vel=(1957.9237060546875,2.8025969286496341e-45,-637.93170166015625) gate=14 lap=0 prog=14.013916969299316 b14=2126441 b1c=-3534936.25 v9e4=2063.909912109375
   post gate=14 lap=0 alive=1 prog=14.007670402526855 ng=94 gc=(-7.096926424310368e-07,43) rt=13.799961090087891
f=829 dt=0.01666666753590107 pos=(1.9922810792922974,-4.0624747276306152,35.258880615234375) yaw=-0.52737921476364136 sp=2091.005615234375 vel=(1955.416748046875,2.8025969286496341e-45,-726.59381103515625) gate=14 lap=0 prog=14.007670402526855 b14=1968583.5 b1c=-3629816.75 v9e4=2091.005615234375
   post gate=14 lap=0 alive=1 prog=14.000827789306641 ng=94 gc=(-7.096926424310368e-07,43) rt=13.816627502441406
f=830 dt=0.01666666753590107 pos=(2.0824680328369141,-4.0624747276306152,35.221107482910156) yaw=-0.57199680805206299 sp=2117.21337890625 vel=(1948.0235595703125,2.8025969286496341e-45,-815.878662109375) gate=14 lap=0 prog=14.000827789306641 b14=1806338.625 b1c=-3717330.75 v9e4=2117.21337890625
   post gate=15 lap=0 alive=1 prog=15 ng=94 gc=(3.9999992847442627,43) rt=13.833293914794922
f=831 dt=0.01666666753590107 pos=(2.1720850467681885,-4.0624747276306152,35.179187774658203) yaw=-0.61661440134048462 sp=2142.541259765625 vel=(1935.713134765625,2.8025969286496341e-45,-905.49212646484375) gate=15 lap=0 prog=15 b14=1640065.125 b1c=-3797271.75 v9e4=2142.541259765625
   post gate=15 lap=0 alive=1 prog=15 ng=94 gc=(3.9999992847442627,43) rt=13.849960327148438
f=832 dt=0.01666666753590107 pos=(2.2609038352966309,-4.0624747276306152,35.13311767578125) yaw=-0.66123199462890625 sp=2166.997802734375 vel=(1918.471923828125,2.8025969286496341e-45,-995.141357421875) gate=15 lap=0 prog=15 b14=1470131.125 b1c=-3869453.75 v9e4=2166.997802734375
   post gate=15 lap=0 alive=1 prog=15 ng=94 gc=(3.9999992847442627,43) rt=13.866626739501953
f=833 dt=0.01666666753590107 pos=(2.3486964702606201,-4.0624747276306152,35.082908630371094) yaw=-0.70584964752197266 sp=2190.591796875 vel=(1896.3033447265625,2.8025969286496341e-45,-1084.5357666015625) gate=15 lap=0 prog=15 b14=1296914.625 b1c=-3933706.75 v9e4=2190.591796875
   post gate=15 lap=0 alive=1 prog=15 ng=94 gc=(3.9999992847442627,43) rt=13.883293151855469
f=834 dt=0.01666666753590107 pos=(2.4352355003356934,-4.0624747276306152,35.028583526611328) yaw=-0.75046724081039429 sp=2213.331787109375 vel=(1869.2276611328125,2.8025969286496341e-45,-1173.387939453125) gate=15 lap=0 prog=15 b14=1120799.5 b1c=-3989881.25 v9e4=2213.331787109375
   post gate=15 lap=0 alive=1 prog=15 ng=94 gc=(3.9999992847442627,43) rt=13.899959564208984
f=835 dt=0.01666666753590107 pos=(2.5202956199645996,-4.0624747276306152,34.970184326171875) yaw=-0.79508477449417114 sp=2235.227783203125 vel=(1837.2816162109375,2.8025969286496341e-45,-1261.4144287109375) gate=15 lap=0 prog=15 b14=942179.0625 b1c=-4037849.75 v9e4=2235.227783203125
   post gate=15 lap=0 alive=1 prog=15 ng=94 gc=(3.9999992847442627,43) rt=13.9166259765625
f=836 dt=0.01666666753590107 pos=(2.6036536693572998,-4.0624747276306152,34.907760620117188) yaw=-0.83970236778259277 sp=2256.28955078125 vel=(1800.5181884765625,2.8025969286496341e-45,-1348.3363037109375) gate=15 lap=0 prog=15 b14=761449.5 b1c=-4077501.25 v9e4=2256.28955078125
   post gate=15 lap=0 alive=1 prog=15 ng=94 gc=(3.9999992847442627,43) rt=13.933292388916016
f=837 dt=0.01666666753590107 pos=(2.6850898265838623,-4.0624747276306152,34.841377258300781) yaw=-0.88432002067565918 sp=2276.52685546875 vel=(1759.00537109375,2.8025969286496341e-45,-1433.88037109375) gate=15 lap=0 prog=15 b14=579012.5625 b1c=-4108745.5 v9e4=2276.52685546875
   post gate=15 lap=0 alive=1 prog=15 ng=94 gc=(3.9999992847442627,43) rt=13.949958801269531
f=838 dt=0.01666666753590107 pos=(2.7643880844116211,-4.0624747276306152,34.771110534667969) yaw=-0.92893761396408081 sp=2295.95068359375 vel=(1712.826416015625,2.8025969286496341e-45,-1517.7794189453125) gate=15 lap=0 prog=15 b14=395273.1875 b1c=-4131514 v9e4=2295.95068359375
   post gate=15 lap=0 alive=1 prog=15 ng=94 gc=(3.9999992847442627,43) rt=13.966625213623047
f=839 dt=0.01666666753590107 pos=(2.841336727142334,-4.0624747276306152,34.697048187255859) yaw=-0.97355520725250244 sp=2314.5712890625 vel=(1662.0787353515625,2.8025969286496341e-45,-1599.7734375) gate=15 lap=0 prog=15 b14=210639.609375 b1c=-4145757.75 v9e4=2314.5712890625
   post gate=15 lap=0 alive=1 prog=15 ng=94 gc=(3.9999992847442627,43) rt=13.983291625976562
f=840 dt=0.01666666753590107 pos=(2.9157295227050781,-4.0624747276306152,34.619289398193359) yaw=-1.0181727409362793 sp=2332.39990234375 vel=(1606.8739013671875,2.8025969286496341e-45,-1679.60986328125) gate=15 lap=0 prog=15 b14=25520.291015625 b1c=-4151448.75 v9e4=2332.39990234375
   post gate=15 lap=0 alive=1 prog=15 ng=94 gc=(3.9999992847442627,43) rt=13.999958038330078
f=841 dt=0.01666666753590107 pos=(2.9873659610748291,-4.0624747276306152,34.537944793701172) yaw=-1.0627903938293457 sp=2349.4482421875 vel=(1547.3365478515625,2.8025969286496341e-45,-1757.0447998046875) gate=15 lap=0 prog=15 b14=-159675.984375 b1c=-4148577.75 v9e4=2349.4482421875
   post gate=15 lap=0 alive=1 prog=15 ng=94 gc=(3.9999992847442627,43) rt=14.016624450683594
f=842 dt=0.01666666753590107 pos=(3.0560519695281982,-4.0624747276306152,34.453136444091797) yaw=-1.1074079275131226 sp=2365.72802734375 vel=(1483.604248046875,2.8025969286496341e-45,-1831.8428955078125) gate=15 lap=0 prog=15 b14=-344541.15625 b1c=-4137159 v9e4=2365.72802734375
   post gate=15 lap=0 alive=1 prog=15 ng=94 gc=(3.9999992847442627,43) rt=14.033290863037109
f=843 dt=0.01666666753590107 pos=(3.1215999126434326,-4.0624747276306152,34.364997863769531) yaw=-1.152025580406189 sp=2381.250732421875 vel=(1415.825927734375,2.8025969286496341e-45,-1903.7783203125) gate=15 lap=0 prog=15 b14=-528669.25 b1c=-4117223.75 v9e4=2381.250732421875
   post gate=15 lap=0 alive=1 prog=15 ng=94 gc=(3.9999992847442627,43) rt=14.049957275390625
f=844 dt=0.01666666753590107 pos=(3.1838302612304688,-4.0624747276306152,34.273670196533203) yaw=-1.1966431140899658 sp=2396.029541015625 vel=(1344.162353515625,2.8025969286496341e-45,-1972.635498046875) gate=15 lap=0 prog=15 b14=-711657.4375 b1c=-4088825.25 v9e4=2396.029541015625
   post gate=15 lap=0 alive=1 prog=15 ng=94 gc=(3.9999992847442627,43) rt=14.066623687744141
f=845 dt=0.01666666753590107 pos=(3.2425706386566162,-4.0624747276306152,34.179306030273438) yaw=-1.2412607669830322 sp=2410.076171875 vel=(1268.7843017578125,2.8025969286496341e-45,-2038.20947265625) gate=15 lap=0 prog=15 b14=-893106.4375 b1c=-4052035.25 v9e4=2410.076171875
   post gate=15 lap=0 alive=1 prog=15 ng=94 gc=(3.9999992847442627,43) rt=14.083290100097656
f=846 dt=0.01666666753590107 pos=(3.2976577281951904,-4.0624747276306152,34.082069396972656) yaw=-1.2858784198760986 sp=2423.404296875 vel=(1189.872802734375,2.8025969286496341e-45,-2100.3056640625) gate=15 lap=0 prog=15 b14=-1072623 b1c=-4006947.25 v9e4=2423.404296875
   post gate=15 lap=0 alive=1 prog=15 ng=94 gc=(3.9999992847442627,43) rt=14.099956512451172
f=847 dt=0.01666666753590107 pos=(3.3489367961883545,-4.0624747276306152,33.982128143310547) yaw=-1.3304959535598755 sp=2436.0263671875 vel=(1107.6177978515625,2.8025969286496341e-45,-2158.74072265625) gate=15 lap=0 prog=15 b14=-1249818.875 b1c=-3953669 v9e4=2436.0263671875
   post gate=15 lap=0 alive=1 prog=15 ng=94 gc=(3.9999992847442627,43) rt=14.116622924804688
f=848 dt=0.01666666753590107 pos=(3.3962621688842773,-4.0624747276306152,33.879657745361328) yaw=-1.3751136064529419 sp=2447.95556640625 vel=(1022.2178344726562,2.8025969286496341e-45,-2213.34326171875) gate=15 lap=0 prog=15 b14=-1424312.75 b1c=-3892330.5 v9e4=2447.95556640625
   post gate=15 lap=0 alive=1 prog=15 ng=94 gc=(3.9999992847442627,43) rt=14.133289337158203
f=849 dt=0.01666666753590107 pos=(3.439497709274292,-4.0624747276306152,33.774845123291016) yaw=-1.4197311401367188 sp=2459.20556640625 vel=(933.87890625,2.8025969286496341e-45,-2263.95361328125) gate=15 lap=0 prog=15 b14=-1595732.5 b1c=-3823079.5 v9e4=2459.20556640625
   post gate=15 lap=0 alive=1 prog=15 ng=94 gc=(3.9999992847442627,43) rt=14.149955749511719
f=850 dt=0.01666666753590107 pos=(3.4785172939300537,-4.0624747276306152,33.667881011962891) yaw=-1.4643487930297852 sp=2469.7900390625 vel=(842.81396484375,2.8025969286496341e-45,-2310.424560546875) gate=15 lap=0 prog=15 b14=-1763714.125 b1c=-3746082.25 v9e4=2469.7900390625
   post gate=15 lap=0 alive=1 prog=15 ng=94 gc=(3.9999992847442627,43) rt=14.166622161865234
f=851 dt=0.01666666753590107 pos=(3.51320481300354,-4.0624747276306152,33.558963775634766) yaw=-1.5089664459228516 sp=2479.722412109375 vel=(749.2420654296875,2.8025969286496341e-45,-2352.620361328125) gate=15 lap=0 prog=15 b14=-1927903.125 b1c=-3661519.5 v9e4=2479.722412109375
   post gate=15 lap=0 alive=1 prog=15 ng=94 gc=(3.9999992847442627,43) rt=14.18328857421875
f=852 dt=0.01666666753590107 pos=(3.5434544086456299,-4.0624747276306152,33.448295593261719) yaw=-1.5535839796066284 sp=2489.01708984375 vel=(653.387939453125,2.8025969286496341e-45,-2390.418701171875) gate=15 lap=0 prog=15 b14=-2087955 b1c=-3569588.25 v9e4=2489.01708984375
   post gate=15 lap=0 alive=1 prog=15 ng=94 gc=(3.9999992847442627,43) rt=14.199954986572266
f=853 dt=0.01666666753590107 pos=(3.5691714286804199,-4.0624747276306152,33.336086273193359) yaw=-1.5982016324996948 sp=2497.688232421875 vel=(555.48095703125,2.8025969286496341e-45,-2423.709228515625) gate=15 lap=0 prog=15 b14=-2243537.25 b1c=-3470504.75 v9e4=2497.688232421875
   post gate=15 lap=0 alive=1 prog=15 ng=94 gc=(3.9999992847442627,43) rt=14.216621398925781
f=854 dt=0.01666666753590107 pos=(3.5902712345123291,-4.0624747276306152,33.222549438476562) yaw=-1.6428191661834717 sp=2505.75 vel=(455.75442504882812,2.8025969286496341e-45,-2452.394775390625) gate=15 lap=0 prog=15 b14=-2394328.75 b1c=-3364495.5 v9e4=2505.75
   post gate=15 lap=0 alive=1 prog=15 ng=94 gc=(3.9999992847442627,43) rt=14.233287811279297
f=855 dt=0.01666666753590107 pos=(3.6066808700561523,-4.0624747276306152,33.107902526855469) yaw=-1.6874368190765381 sp=2513.21630859375 vel=(354.445068359375,2.8025969286496341e-45,-2476.39013671875) gate=15 lap=0 prog=15 b14=-2540022.25 b1c=-3251806.5 v9e4=2513.21630859375
   post gate=15 lap=0 alive=1 prog=15 ng=94 gc=(3.9999992847442627,43) rt=14.249954223632812
f=856 dt=0.01666666753590107 pos=(3.6183381080627441,-4.0624747276306152,32.992362976074219) yaw=-1.7320543527603149 sp=2520.102294921875 vel=(251.79216003417969,2.8025969286496341e-45,-2495.62353515625) gate=15 lap=0 prog=15 b14=-2680323 b1c=-3132694 v9e4=2520.102294921875
   post gate=15 lap=0 alive=1 prog=15 ng=94 gc=(3.9999992847442627,43) rt=14.266620635986328
f=857 dt=0.01666666753590107 pos=(3.6251916885375977,-4.0624747276306152,32.876155853271484) yaw=-1.7766720056533813 sp=2526.42236328125 vel=(148.03692626953125,2.8025969286496341e-45,-2510.03564453125) gate=15 lap=0 prog=15 b14=-2814950.25 b1c=-3007428 v9e4=2526.42236328125
   post gate=15 lap=0 alive=1 prog=15 ng=94 gc=(3.9999992847442627,43) rt=14.283287048339844
f=858 dt=0.01666666753590107 pos=(3.627202033996582,-4.0624747276306152,32.759506225585938) yaw=-1.8212895393371582 sp=2532.191650390625 vel=(43.421924591064453,2.8025969286496341e-45,-2519.579345703125) gate=15 lap=0 prog=15 b14=-2943636.5 b1c=-2876289.25 v9e4=2532.191650390625
   post gate=15 lap=0 alive=1 prog=15 ng=94 gc=(3.9999992847442627,43) rt=14.299953460693359
f=859 dt=0.01666666753590107 pos=(3.6243405342102051,-4.0624747276306152,32.642642974853516) yaw=-1.8659071922302246 sp=2537.424560546875 vel=(-61.809658050537109,2.8025969286496341e-45,-2524.219970703125) gate=15 lap=0 prog=15 b14=-3066131.75 b1c=-2739571.25 v9e4=2537.424560546875
   post gate=15 lap=0 alive=1 prog=15 ng=94 gc=(3.9999992847442627,43) rt=14.316619873046875
f=860 dt=0.01666666753590107 pos=(3.6165897846221924,-4.0624747276306152,32.525794982910156) yaw=-1.910524845123291 sp=2542.135498046875 vel=(-167.41453552246094,2.8025969286496341e-45,-2523.935302734375) gate=15 lap=0 prog=15 b14=-3182196.25 b1c=-2597575.5 v9e4=2542.135498046875
   post gate=15 lap=0 alive=1 prog=15 ng=94 gc=(3.9999992847442627,43) rt=14.333286285400391
f=861 dt=0.01666666753590107 pos=(3.6039438247680664,-4.0624747276306152,32.409187316894531) yaw=-1.9551423788070679 sp=2546.33984375 vel=(-273.15008544921875,2.8025969286496341e-45,-2518.715576171875) gate=15 lap=0 prog=15 b14=-3291613.75 b1c=-2450617.5 v9e4=2546.33984375
   post gate=15 lap=0 alive=1 prog=15 ng=94 gc=(3.9999992847442627,43) rt=14.349952697753906
f=862 dt=0.01666666753590107 pos=(3.5864078998565674,-4.0624747276306152,32.293048858642578) yaw=-1.9997599124908447 sp=2550.05322265625 vel=(-378.7747802734375,2.8025969286496341e-45,-2508.563232421875) gate=15 lap=0 prog=15 b14=-3394177.75 b1c=-2299016.75 v9e4=2550.05322265625
   post gate=15 lap=0 alive=1 prog=15 ng=94 gc=(3.9999992847442627,43) rt=14.366619110107422
f=863 dt=0.01666666753590107 pos=(3.5639979839324951,-4.0624747276306152,32.177608489990234) yaw=-2.0443775653839111 sp=2553.2900390625 vel=(-484.0487060546875,2.8025969286496341e-45,-2493.491455078125) gate=15 lap=0 prog=15 b14=-3489700 b1c=-2143102.25 v9e4=2553.2900390625
   post gate=15 lap=0 alive=1 prog=15 ng=94 gc=(3.9999992847442627,43) rt=14.383285522460938
f=864 dt=0.01666666753590107 pos=(3.5367414951324463,-4.0624747276306152,32.063091278076172) yaw=-2.0889952182769775 sp=2556.065673828125 vel=(-588.73431396484375,2.8025969286496341e-45,-2473.52587890625) gate=15 lap=0 prog=15 b14=-3578007.75 b1c=-1983208.75 v9e4=2556.065673828125
   post gate=15 lap=0 alive=1 prog=15 ng=94 gc=(3.9999992847442627,43) rt=14.399951934814453
f=865 dt=0.01666666753590107 pos=(3.5046765804290771,-4.0624747276306152,31.949724197387695) yaw=-2.1336126327514648 sp=2558.3955078125 vel=(-692.59661865234375,2.8025969286496341e-45,-2448.703125) gate=15 lap=0 prog=15 b14=-3658947.75 b1c=-1819678.625 v9e4=2558.3955078125
   post gate=15 lap=0 alive=1 prog=15 ng=94 gc=(3.9999992847442627,43) rt=14.416618347167969
f=866 dt=0.01666666753590107 pos=(3.4678521156311035,-4.0624747276306152,31.837728500366211) yaw=-2.1782302856445312 sp=2560.29443359375 vel=(-795.404052734375,2.8025969286496341e-45,-2419.071044921875) gate=15 lap=0 prog=15 b14=-3732380.5 b1c=-1652858 v9e4=2560.29443359375
   post gate=15 lap=0 alive=1 prog=15 ng=94 gc=(3.9999992847442627,43) rt=14.433284759521484
f=867 dt=0.01666666753590107 pos=(3.4263272285461426,-4.0624747276306152,31.727325439453125) yaw=-2.2228479385375977 sp=2561.7783203125 vel=(-896.9285888671875,2.8025969286496341e-45,-2384.687744140625) gate=15 lap=0 prog=15 b14=-3798186 b1c=-1483097.75 v9e4=2561.7783203125
   post gate=15 lap=0 alive=1 prog=15 ng=94 gc=(3.9999992847442627,43) rt=14.449951171875
f=868 dt=0.01666666753590107 pos=(3.3801720142364502,-4.0624747276306152,31.618730545043945) yaw=-2.267465353012085 sp=2562.8623046875 vel=(-996.9464111328125,2.8025969286496341e-45,-2345.62255859375) gate=15 lap=0 prog=15 b14=-3856257.75 b1c=-1310750.75 v9e4=2562.8623046875
   post gate=15 lap=0 alive=1 prog=15 ng=94 gc=(3.9999992847442627,43) rt=14.466617584228516
f=869 dt=0.01666666753590107 pos=(3.3294661045074463,-4.0624747276306152,31.512157440185547) yaw=-2.3120830059051514 sp=2563.562255859375 vel=(-1095.23828125,2.8025969286496341e-45,-2301.954345703125) gate=15 lap=0 prog=15 b14=-3906508.75 b1c=-1136174.5 v9e4=2563.562255859375
   post gate=15 lap=0 alive=1 prog=15 ng=94 gc=(3.9999992847442627,43) rt=14.483283996582031
f=870 dt=0.01666666753590107 pos=(3.2742993831634521,-4.0624747276306152,31.407815933227539) yaw=-2.3567006587982178 sp=2563.892822265625 vel=(-1191.58984375,2.8025969286496341e-45,-2253.77197265625) gate=15 lap=0 prog=15 b14=-3948866.75 b1c=-959726 v9e4=2563.892822265625
   post gate=15 lap=0 alive=1 prog=15 ng=94 gc=(3.9999992847442627,43) rt=14.499950408935547
f=871 dt=0.01666666753590107 pos=(3.2147715091705322,-4.0624747276306152,31.305908203125) yaw=-2.4013180732727051 sp=2563.8701171875 vel=(-1285.7919921875,2.8025969286496341e-45,-2201.173828125) gate=15 lap=0 prog=15 b14=-3983279.5 b1c=-781764.1875 v9e4=2563.8701171875
   post gate=15 lap=0 alive=1 prog=15 ng=94 gc=(3.9999992847442627,43) rt=14.516616821289062
f=872 dt=0.01666666753590107 pos=(3.1509912014007568,-4.0624747276306152,31.206636428833008) yaw=-2.4459357261657715 sp=2563.509521484375 vel=(-1377.641357421875,2.8025969286496341e-45,-2144.26806640625) gate=15 lap=0 prog=15 b14=-4009705.75 b1c=-602647.8125 v9e4=2563.509521484375
   post gate=15 lap=0 alive=1 prog=15 ng=94 gc=(3.9999992847442627,43) rt=14.533283233642578
f=873 dt=0.01666666753590107 pos=(3.0830767154693604,-4.0624747276306152,31.110193252563477) yaw=-2.4905533790588379 sp=2562.826904296875 vel=(-1466.9407958984375,2.8025969286496341e-45,-2083.1708984375) gate=15 lap=0 prog=15 b14=-4028125.75 b1c=-422735.0625 v9e4=2562.826904296875
   post gate=15 lap=0 alive=1 prog=15 ng=94 gc=(3.9999992847442627,43) rt=14.549949645996094
f=874 dt=0.01666666753590107 pos=(3.0111548900604248,-4.0624747276306152,31.016765594482422) yaw=-2.5351707935333252 sp=2561.83740234375 vel=(-1553.4991455078125,2.8025969286496341e-45,-2018.0074462890625) gate=15 lap=0 prog=15 b14=-4038532.25 b1c=-242382.15625 v9e4=2561.83740234375
   post gate=15 lap=0 alive=1 prog=15 ng=94 gc=(3.9999992847442627,43) rt=14.566616058349609
f=875 dt=0.01666666753590107 pos=(2.9353611469268799,-4.0624747276306152,30.926536560058594) yaw=-2.5797884464263916 sp=2560.557373046875 vel=(-1637.1322021484375,2.8025969286496341e-45,-1948.9111328125) gate=15 lap=0 prog=15 b14=-4040936.25 b1c=-61943.6953125 v9e4=2560.557373046875
   post gate=15 lap=0 alive=1 prog=15 ng=94 gc=(3.9999992847442627,43) rt=14.583282470703125
f=876 dt=0.01666666753590107 pos=(2.8558390140533447,-4.0624747276306152,30.839683532714844) yaw=-2.624406099319458 sp=2559.001953125 vel=(-1717.6624755859375,2.8025969286496341e-45,-1876.0230712890625) gate=15 lap=0 prog=15 b14=-4035358.25 b1c=118228.28125 v9e4=2559.001953125
   post gate=15 lap=0 alive=1 prog=15 ng=94 gc=(3.9999992847442627,43) rt=14.599948883056641
f=877 dt=0.01666666753590107 pos=(2.7727401256561279,-4.0624747276306152,30.756372451782227) yaw=-2.6690237522125244 sp=2557.18701171875 vel=(-1794.9197998046875,2.8025969286496341e-45,-1799.49169921875) gate=15 lap=0 prog=15 b14=-4021842.25 b1c=297786.09375 v9e4=2557.18701171875
   post gate=15 lap=0 alive=1 prog=15 ng=94 gc=(3.9999992847442627,43) rt=14.616615295410156
f=878 dt=0.01666666753590107 pos=(2.6862235069274902,-4.0624747276306152,30.676767349243164) yaw=-2.7136414051055908 sp=2555.1279296875 vel=(-1868.741455078125,2.8025969286496341e-45,-1719.4730224609375) gate=15 lap=0 prog=15 b14=-4000439.25 b1c=476384.75 v9e4=2555.1279296875
   post gate=15 lap=0 alive=1 prog=15 ng=94 gc=(3.9999992847442627,43) rt=14.633281707763672
f=879 dt=0.01666666753590107 pos=(2.5964555740356445,-4.0624747276306152,30.601020812988281) yaw=-2.7582588195800781 sp=2552.841064453125 vel=(-1938.9722900390625,2.8025969286496341e-45,-1636.1297607421875) gate=15 lap=0 prog=15 b14=-3971221.75 b1c=653684.875 v9e4=2552.841064453125
   post gate=15 lap=0 alive=1 prog=15 ng=94 gc=(3.9999992847442627,43) rt=14.649948120117188
f=880 dt=0.01666666753590107 pos=(2.5036091804504395,-4.0624747276306152,30.529277801513672) yaw=-2.8028764724731445 sp=2550.341552734375 vel=(-2005.4654541015625,2.8025969286496341e-45,-1549.630859375) gate=15 lap=0 prog=15 b14=-3934267.75 b1c=829351.4375 v9e4=2550.341552734375
   post gate=15 lap=0 alive=1 prog=15 ng=94 gc=(3.9999992847442627,43) rt=14.666614532470703
f=881 dt=0.01666666753590107 pos=(2.4078638553619385,-4.0624747276306152,30.461677551269531) yaw=-2.8474941253662109 sp=2547.645751953125 vel=(-2068.08203125,2.8025969286496341e-45,-1460.1513671875) gate=15 lap=0 prog=15 b14=-3889676.75 b1c=1003055.25 v9e4=2547.645751953125
   post gate=15 lap=0 alive=1 prog=15 ng=94 gc=(3.9999992847442627,43) rt=14.683280944824219
f=882 dt=0.01666666753590107 pos=(2.3094050884246826,-4.0624747276306152,30.398349761962891) yaw=-2.8921117782592773 sp=2544.7685546875 vel=(-2126.691162109375,2.8025969286496341e-45,-1367.872314453125) gate=15 lap=0 prog=15 b14=-3837553.5 b1c=1174472.25 v9e4=2544.7685546875
   post gate=15 lap=0 alive=1 prog=15 ng=94 gc=(3.9999992847442627,43) rt=14.699947357177734
f=883 dt=0.01666666753590107 pos=(2.2084240913391113,-4.0624747276306152,30.339414596557617) yaw=-2.9367291927337646 sp=2541.72607421875 vel=(-2181.171142578125,2.8025969286496341e-45,-1272.9798583984375) gate=15 lap=0 prog=15 b14=-3778023.25 b1c=1343286.375 v9e4=2541.72607421875
   post gate=15 lap=0 alive=1 prog=15 ng=94 gc=(3.9999992847442627,43) rt=14.71661376953125
f=884 dt=0.01666666753590107 pos=(2.1051173210144043,-4.0624747276306152,30.284984588623047) yaw=-2.9813468456268311 sp=2538.533935546875 vel=(-2231.408447265625,2.8025969286496341e-45,-1175.6651611328125) gate=15 lap=0 prog=15 b14=-3711218 b1c=1509186.625 v9e4=2538.533935546875
   post gate=15 lap=0 alive=1 prog=15 ng=94 gc=(3.9999992847442627,43) rt=14.733280181884766
f=885 dt=0.01666666753590107 pos=(1.9996860027313232,-4.0624747276306152,30.235162734985352) yaw=-3.0259644985198975 sp=2535.20703125 vel=(-2277.29833984375,2.8025969286496341e-45,-1076.1241455078125) gate=15 lap=0 prog=15 b14=-3637281 b1c=1671868.75 v9e4=2535.20703125
   post gate=15 lap=0 alive=1 prog=15 ng=94 gc=(3.9999992847442627,43) rt=14.749946594238281
f=886 dt=0.01666666753590107 pos=(1.8923357725143433,-4.0624747276306152,30.190044403076172) yaw=-3.0705821514129639 sp=2531.7607421875 vel=(-2318.745849609375,2.8025969286496341e-45,-974.556640625) gate=15 lap=0 prog=15 b14=-3556371 b1c=1831037.125 v9e4=2531.7607421875
   post gate=15 lap=0 alive=1 prog=15 ng=94 gc=(3.9999992847442627,43) rt=14.766613006591797
f=887 dt=0.01666666753590107 pos=(1.7832763195037842,-4.0624747276306152,30.149711608886719) yaw=-3.1151995658874512 sp=2528.2109375 vel=(-2355.664794921875,2.8025969286496341e-45,-871.1666259765625) gate=15 lap=0 prog=15 b14=-3468657.5 b1c=1986404.375 v9e4=2528.2109375
   post gate=15 lap=0 alive=1 prog=15 ng=94 gc=(3.9999992847442627,43) rt=14.783279418945312
f=888 dt=0.01666666753590107 pos=(1.6727209091186523,-4.0624747276306152,30.114240646362305) yaw=3.1233680248260498 sp=2524.572265625 vel=(-2387.978271484375,2.8025969286496341e-45,-766.1614990234375) gate=15 lap=0 prog=15 b14=-3374316.5 b1c=2137689 v9e4=2524.572265625
   post gate=15 lap=0 alive=1 prog=15 ng=94 gc=(3.9999992847442627,43) rt=14.799945831298828
f=889 dt=0.01666666753590107 pos=(1.5608857870101929,-4.0624747276306152,30.083696365356445) yaw=3.0787503719329834 sp=2520.85986328125 vel=(-2415.619140625,2.8025969286496341e-45,-659.75164794921875) gate=15 lap=0 prog=15 b14=-3273537.25 b1c=2284617.75 v9e4=2520.85986328125
   post gate=15 lap=0 alive=1 prog=15 ng=94 gc=(3.9999992847442627,43) rt=14.816612243652344
f=890 dt=0.01666666753590107 pos=(1.4479899406433105,-4.0624747276306152,30.058134078979492) yaw=3.0341329574584961 sp=2517.08837890625 vel=(-2438.529541015625,2.8025969286496341e-45,-552.150146484375) gate=15 lap=0 prog=15 b14=-3166516.25 b1c=2426925.5 v9e4=2517.08837890625
   post gate=15 lap=0 alive=1 prog=15 ng=94 gc=(3.9999992847442627,43) rt=14.833278656005859
f=891 dt=0.01666666753590107 pos=(1.3342547416687012,-4.0624747276306152,30.03759765625) yaw=2.9895153045654297 sp=2513.2724609375 vel=(-2456.661865234375,2.8025969286496341e-45,-443.57223510742188) gate=15 lap=0 prog=15 b14=-3053466.75 b1c=2564359.5 v9e4=2513.2724609375
   post gate=15 lap=0 alive=1 prog=15 ng=94 gc=(3.9999992847442627,43) rt=14.849945068359375
f=892 dt=0.01666666753590107 pos=(1.2199029922485352,-4.0624747276306152,30.022123336791992) yaw=2.9448976516723633 sp=2509.426513671875 vel=(-2469.977294921875,2.8025969286496341e-45,-334.23504638671875) gate=15 lap=0 prog=15 b14=-2934603.25 b1c=2696670.75 v9e4=2509.426513671875
   post gate=15 lap=0 alive=1 prog=15 ng=94 gc=(3.9999992847442627,43) rt=14.866611480712891
f=893 dt=0.01666666753590107 pos=(1.1051591634750366,-4.0624747276306152,30.011735916137695) yaw=2.9002799987792969 sp=2505.56396484375 vel=(-2478.447509765625,2.8025969286496341e-45,-224.35708618164062) gate=15 lap=0 prog=15 b14=-2810151.5 b1c=2823620.5 v9e4=2505.56396484375
   post gate=15 lap=0 alive=1 prog=15 ng=94 gc=(3.9999992847442627,43) rt=14.883277893066406
f=894 dt=0.01666666753590107 pos=(0.99024832248687744,-4.0624747276306152,30.006450653076172) yaw=2.8556625843048096 sp=2501.69873046875 vel=(-2482.053955078125,2.8025969286496341e-45,-114.15786743164062) gate=15 lap=0 prog=15 b14=-2680349 b1c=2944981.25 v9e4=2501.69873046875
   post gate=15 lap=0 alive=1 prog=15 ng=94 gc=(3.9999992847442627,43) rt=14.899944305419922
f=895 dt=0.01666666753590107 pos=(0.87539613246917725,-4.0624747276306152,30.006271362304688) yaw=2.8110449314117432 sp=2497.84423828125 vel=(-2480.7880859375,2.8025969286496341e-45,-3.8574295043945312) gate=15 lap=0 prog=15 b14=-2545439 b1c=3060533.75 v9e4=2497.84423828125
   post gate=15 lap=0 alive=1 prog=15 ng=94 gc=(3.9999992847442627,43) rt=14.916610717773438
f=896 dt=0.01666666753590107 pos=(0.76082801818847656,-4.0624747276306152,30.011194229125977) yaw=2.7664272785186768 sp=2494.013427734375 vel=(-2474.651123046875,2.8025969286496341e-45,106.3240966796875) gate=15 lap=0 prog=15 b14=-2405673.75 b1c=3170067.75 v9e4=2494.013427734375
   post gate=15 lap=0 alive=1 prog=15 ng=94 gc=(3.9999992847442627,43) rt=14.933277130126953
f=897 dt=0.01666666753590107 pos=(0.64676904678344727,-4.0624747276306152,30.021202087402344) yaw=2.7218096256256104 sp=2490.21875 vel=(-2463.654296875,2.8025969286496341e-45,216.16691589355469) gate=15 lap=0 prog=15 b14=-2261312.5 b1c=3273382.75 v9e4=2490.21875
   post gate=15 lap=0 alive=1 prog=15 ng=94 gc=(3.9999992847442627,43) rt=14.949943542480469
f=898 dt=0.01666666753590107 pos=(0.53344321250915527,-4.0624747276306152,30.036270141601562) yaw=2.677192211151123 sp=2486.47216796875 vel=(-2447.818603515625,2.8025969286496341e-45,325.4520263671875) gate=15 lap=0 prog=15 b14=-2112623.75 b1c=3370289.75 v9e4=2486.47216796875
   post gate=15 lap=0 alive=1 prog=15 ng=94 gc=(3.9999992847442627,43) rt=14.966609954833984
f=899 dt=0.01666666753590107 pos=(0.42107307910919189,-4.0624747276306152,30.056360244750977) yaw=2.6325745582580566 sp=2482.78515625 vel=(-2427.17529296875,2.8025969286496341e-45,433.961669921875) gate=15 lap=0 prog=15 b14=-1959882 b1c=3460608.75 v9e4=2482.78515625
   post gate=15 lap=0 alive=1 prog=15 ng=94 gc=(3.9999992847442627,43) rt=14.9832763671875
f=900 dt=0.01666666753590107 pos=(0.30987939238548279,-4.0624747276306152,30.081428527832031) yaw=2.5879569053649902 sp=2479.169189453125 vel=(-2401.7646484375,2.8025969286496341e-45,541.47979736328125) gate=15 lap=0 prog=15 b14=-1803371 b1c=3544173 v9e4=2479.169189453125
   post gate=15 lap=0 alive=1 prog=15 ng=94 gc=(3.9999992847442627,43) rt=14.999942779541016
f=901 dt=0.01666666753590107 pos=(0.20008048415184021,-4.0624747276306152,30.111419677734375) yaw=2.5433392524719238 sp=2475.6337890625 vel=(-2371.63720703125,2.8025969286496341e-45,647.79241943359375) gate=15 lap=0 prog=15 b14=-1643378.5 b1c=3620821 v9e4=2475.6337890625
   post gate=15 lap=0 alive=1 prog=15 ng=94 gc=(3.9999992847442627,43) rt=15.016609191894531
f=902 dt=0.01666666753590107 pos=(0.091891981661319733,-4.0624747276306152,30.146266937255859) yaw=2.4987218379974365 sp=2472.189697265625 vel=(-2336.85302734375,2.8025969286496341e-45,752.688232421875) gate=15 lap=0 prog=15 b14=-1480200.875 b1c=3690409.5 v9e4=2472.189697265625
   post gate=15 lap=0 alive=1 prog=15 ng=94 gc=(3.9999992847442627,43) rt=15.033275604248047
f=903 dt=0.01666666753590107 pos=(-0.014473751187324524,-4.0624747276306152,30.185895919799805) yaw=2.4541041851043701 sp=2468.845458984375 vel=(-2297.4814453125,2.8025969286496341e-45,855.958984375) gate=15 lap=0 prog=15 b14=-1314140.875 b1c=3752801 v9e4=2468.845458984375
   post gate=15 lap=0 alive=1 prog=15 ng=94 gc=(3.9999992847442627,43) rt=15.049942016601562
f=904 dt=0.01666666753590107 pos=(-0.11880799382925034,-4.0624747276306152,30.230220794677734) yaw=2.4094865322113037 sp=2465.610595703125 vel=(-2253.6015625,2.8025969286496341e-45,957.39959716796875) gate=15 lap=0 prog=15 b14=-1145506 b1c=3807874.75 v9e4=2465.610595703125
   post gate=15 lap=0 alive=1 prog=15 ng=94 gc=(3.9999992847442627,43) rt=15.066608428955078
f=905 dt=0.01666666753590107 pos=(-0.22090604901313782,-4.0624747276306152,30.279148101806641) yaw=2.3648691177368164 sp=2462.492431640625 vel=(-2205.300537109375,2.8025969286496341e-45,1056.8092041015625) gate=15 lap=0 prog=15 b14=-974610 b1c=3855518.25 v9e4=2462.492431640625
   post gate=15 lap=0 alive=1 prog=15 ng=94 gc=(3.9999992847442627,43) rt=15.083274841308594
f=906 dt=0.01666666753590107 pos=(-0.32056775689125061,-4.0624747276306152,30.332574844360352) yaw=2.32025146484375 sp=2459.498046875 vel=(-2152.675537109375,2.8025969286496341e-45,1153.990966796875) gate=15 lap=0 prog=15 b14=-801772.6875 b1c=3895633.75 v9e4=2459.498046875
   post gate=15 lap=0 alive=1 prog=15 ng=94 gc=(3.9999992847442627,43) rt=15.099941253662109
f=907 dt=0.01666666753590107 pos=(-0.41759777069091797,-4.0624747276306152,30.390388488769531) yaw=2.2756338119506836 sp=2456.634033203125 vel=(-2095.831298828125,2.8025969286496341e-45,1248.7528076171875) gate=15 lap=0 prog=15 b14=-627317.1875 b1c=3928136 v9e4=2456.634033203125
   post gate=15 lap=0 alive=1 prog=15 ng=94 gc=(3.9999992847442627,43) rt=15.116607666015625
f=908 dt=0.01666666753590107 pos=(-0.41759777069091797,-4.0624747276306152,30.690387725830078) yaw=0.64322966337203979 sp=1226.9532470703125 vel=(981.76239013671875,2.8025969286496341e-45,735.90545654296875) gate=15 lap=0 prog=15 b14=-451572.21875 b1c=3952952.75 v9e4=2453.906494140625
   post gate=15 lap=0 alive=1 prog=15 ng=94 gc=(3.9999992847442627,43) rt=15.133274078369141
f=909 dt=0.01666666753590107 pos=(-0.36952179670333862,-4.0624747276306152,30.724618911743164) yaw=0.60530441999435425 sp=1274.9505615234375 vel=(1038.432861328125,2.8025969286496341e-45,739.4051513671875) gate=15 lap=0 prog=15 b14=3940838 b1c=205645.015625 v9e4=1274.9505615234375
   post gate=15 lap=0 alive=1 prog=15 ng=94 gc=(3.9999992847442627,43) rt=15.149940490722656
f=910 dt=0.01666666753590107 pos=(-0.31874209642410278,-4.0624747276306152,30.758783340454102) yaw=0.56597912311553955 sp=1322.0301513671875 vel=(1096.8330078125,2.8025969286496341e-45,737.963623046875) gate=15 lap=0 prog=15 b14=3960267.75 b1c=56281.265625 v9e4=1322.0301513671875
   post gate=15 lap=0 alive=1 prog=15 ng=94 gc=(3.9999992847442627,43) rt=15.166606903076172
f=911 dt=0.01666666753590107 pos=(-0.26519674062728882,-4.0624747276306152,30.792644500732422) yaw=0.52527374029159546 sp=1368.435546875 vel=(1156.570068359375,2.8025969286496341e-45,731.408447265625) gate=15 lap=0 prog=15 b14=3973838.25 b1c=-99823 v9e4=1368.435546875
   post gate=15 lap=0 alive=1 prog=15 ng=94 gc=(3.9999992847442627,43) rt=15.183273315429688
f=912 dt=0.01666666753590107 pos=(-0.20883995294570923,-4.0624747276306152,30.825956344604492) yaw=0.48321133852005005 sp=1414.0716552734375 vel=(1217.296875,2.8025969286496341e-45,719.53106689453125) gate=15 lap=0 prog=15 b14=3979932 b1c=-262338.625 v9e4=1414.0716552734375
   post gate=15 lap=0 alive=1 prog=15 ng=94 gc=(3.9999992847442627,43) rt=15.199939727783203
f=913 dt=0.01666666753590107 pos=(-0.14964328706264496,-4.0624747276306152,30.858463287353516) yaw=0.43981742858886719 sp=1458.84716796875 vel=(1278.6378173828125,2.8025969286496341e-45,702.142578125) gate=15 lap=0 prog=15 b14=3977812.5 b1c=-430809.21875 v9e4=1458.84716796875
   post gate=15 lap=0 alive=1 prog=15 ng=94 gc=(3.9999992847442627,43) rt=15.216606140136719
f=914 dt=0.01666666753590107 pos=(-0.08759702742099762,-4.0624747276306152,30.889902114868164) yaw=0.39519980549812317 sp=1502.674560546875 vel=(1340.1884765625,2.8025969286496341e-45,679.07916259765625) gate=15 lap=0 prog=15 b14=3966748.5 b1c=-604695.375 v9e4=1502.674560546875
   post gate=15 lap=0 alive=1 prog=15 ng=94 gc=(3.9999992847442627,43) rt=15.233272552490234
f=915 dt=0.01666666753590107 pos=(-0.022711709141731262,-4.0624747276306152,30.920005798339844) yaw=0.35058221220970154 sp=1545.4720458984375 vel=(1401.5115966796875,2.8025969286496341e-45,650.229736328125) gate=15 lap=0 prog=15 b14=3946107.25 b1c=-783061.375 v9e4=1545.4720458984375
   post gate=15 lap=0 alive=1 prog=15 ng=94 gc=(3.9999992847442627,43) rt=15.24993896484375
f=916 dt=0.01666666753590107 pos=(0.044978626072406769,-4.0624747276306152,30.948516845703125) yaw=0.30596458911895752 sp=1587.2176513671875 vel=(1462.0994873046875,2.8025969286496341e-45,615.85076904296875) gate=15 lap=0 prog=15 b14=3916767 b1c=-960622.5625 v9e4=1587.2176513671875
   post gate=15 lap=0 alive=1 prog=15 ng=94 gc=(3.9999992847442627,43) rt=15.266605377197266
f=917 dt=0.01666666753590107 pos=(0.11541895568370819,-4.0624747276306152,30.975193023681641) yaw=0.26134699583053589 sp=1627.9140625 vel=(1521.4989013671875,2.8025969286496341e-45,576.18658447265625) gate=15 lap=0 prog=15 b14=3878900 b1c=-1136967.75 v9e4=1627.9140625
   post gate=15 lap=0 alive=1 prog=15 ng=94 gc=(3.9999992847442627,43) rt=15.283271789550781
f=918 dt=0.01666666753590107 pos=(0.18853530287742615,-4.0624747276306152,30.999797821044922) yaw=0.21672940254211426 sp=1667.5697021484375 vel=(1579.3001708984375,2.8025969286496341e-45,531.47467041015625) gate=15 lap=0 prog=15 b14=3832630.75 b1c=-1311687.625 v9e4=1667.5697021484375
   post gate=15 lap=0 alive=1 prog=15 ng=94 gc=(3.9999992847442627,43) rt=15.299938201904297
f=919 dt=0.01666666753590107 pos=(0.26423636078834534,-4.0624747276306152,31.022109985351562) yaw=0.17211179435253143 sp=1706.1954345703125 vel=(1635.1297607421875,2.8025969286496341e-45,481.9493408203125) gate=15 lap=0 prog=15 b14=3778078 b1c=-1484379.625 v9e4=1706.1954345703125
   post gate=15 lap=0 alive=1 prog=15 ng=94 gc=(3.9999992847442627,43) rt=15.316604614257812
f=920 dt=0.01666666753590107 pos=(0.34241500496864319,-4.0624747276306152,31.04191780090332) yaw=0.12749418616294861 sp=1743.8035888671875 vel=(1688.64501953125,2.8025969286496341e-45,427.84503173828125) gate=15 lap=0 prog=15 b14=3715364.75 b1c=-1654646 v9e4=1743.8035888671875
   post gate=15 lap=0 alive=1 prog=15 ng=94 gc=(3.9999992847442627,43) rt=15.333271026611328
f=921 dt=0.01666666753590107 pos=(0.42294946312904358,-4.0624747276306152,31.059019088745117) yaw=0.082876592874526978 sp=1780.4056396484375 vel=(1739.5303955078125,2.8025969286496341e-45,369.39825439453125) gate=15 lap=0 prog=15 b14=3644622.75 b1c=-1822093 v9e4=1780.4056396484375
   post gate=15 lap=0 alive=1 prog=15 ng=94 gc=(3.9999992847442627,43) rt=15.349937438964844
f=922 dt=0.01666666753590107 pos=(0.50570452213287354,-4.0624747276306152,31.073225021362305) yaw=0.03825899213552475 sp=1816.013671875 vel=(1787.4951171875,2.8025969286496341e-45,306.84909057617188) gate=15 lap=0 prog=15 b14=3565997.75 b1c=-1986334.125 v9e4=1816.013671875
   post gate=15 lap=0 alive=1 prog=15 ng=94 gc=(3.9999992847442627,43) rt=15.366603851318359
f=923 dt=0.01666666753590107 pos=(0.59053254127502441,-4.0624747276306152,31.084356307983398) yaw=-0.0063586053438484669 sp=1850.638671875 vel=(1832.2706298828125,2.8025969286496341e-45,240.44221496582031) gate=15 lap=0 prog=15 b14=3479651.5 b1c=-2146988.25 v9e4=1850.638671875
   post gate=15 lap=0 alive=1 prog=15 ng=94 gc=(3.9999992847442627,43) rt=15.383270263671875
f=924 dt=0.01666666753590107 pos=(0.67727446556091309,-4.0624747276306152,31.092247009277344) yaw=-0.050976209342479706 sp=1884.291259765625 vel=(1873.6099853515625,2.8025969286496341e-45,170.42764282226562) gate=15 lap=0 prog=15 b14=3385759.75 b1c=-2303682.75 v9e4=1884.291259765625
   post gate=15 lap=0 alive=1 prog=15 ng=94 gc=(3.9999992847442627,43) rt=15.399936676025391
f=925 dt=0.01666666753590107 pos=(0.76576066017150879,-4.0624747276306152,31.09674072265625) yaw=-0.095593810081481934 sp=1916.9820556640625 vel=(1911.2862548828125,2.8025969286496341e-45,97.060821533203125) gate=15 lap=0 prog=15 b14=3284518 b1c=-2456052 v9e4=1916.9820556640625
   post gate=15 lap=0 alive=1 prog=15 ng=94 gc=(3.9999992847442627,43) rt=15.416603088378906
f=926 dt=0.01666666753590107 pos=(0.8558119535446167,-4.0624747276306152,31.097694396972656) yaw=-0.14021140336990356 sp=1948.7198486328125 vel=(1945.091796875,2.8025969286496341e-45,20.602787017822266) gate=15 lap=0 prog=15 b14=3176135.75 b1c=-2603741.25 v9e4=1948.7198486328125
   post gate=15 lap=0 alive=1 prog=15 ng=94 gc=(3.9999992847442627,43) rt=15.433269500732422
f=927 dt=0.01666666753590107 pos=(0.94724041223526001,-4.0624747276306152,31.094978332519531) yaw=-0.18482901155948639 sp=1979.5142822265625 vel=(1974.83837890625,2.8025969286496341e-45,-58.680030822753906) gate=15 lap=0 prog=15 b14=3060843.75 b1c=-2746406.25 v9e4=1979.5142822265625
   post gate=15 lap=0 alive=1 prog=15 ng=94 gc=(3.9999992847442627,43) rt=15.449935913085938
f=928 dt=0.01666666753590107 pos=(1.0398502349853516,-4.0624747276306152,31.088472366333008) yaw=-0.22944661974906921 sp=2009.3748779296875 vel=(2000.356689453125,2.8025969286496341e-45,-140.51615905761719) gate=15 lap=0 prog=15 b14=2938886.75 b1c=-2883714.75 v9e4=2009.3748779296875
   post gate=15 lap=0 alive=1 prog=15 ng=94 gc=(3.9999992847442627,43) rt=15.466602325439453
f=929 dt=0.01666666753590107 pos=(1.1334387063980103,-4.0624747276306152,31.078073501586914) yaw=-0.27406421303749084 sp=2038.3104248046875 vel=(2021.4954833984375,2.8025969286496341e-45,-224.6295166015625) gate=15 lap=0 prog=15 b14=2810526 b1c=-3015345.25 v9e4=2038.3104248046875
   post gate=15 lap=0 alive=1 prog=15 ng=94 gc=(3.9999992847442627,43) rt=15.483268737792969
f=930 dt=0.01666666753590107 pos=(1.2277969121932983,-4.0624747276306152,31.063686370849609) yaw=-0.31868180632591248 sp=2066.32958984375 vel=(2038.121826171875,2.8025969286496341e-45,-310.73992919921875) gate=15 lap=0 prog=15 b14=2676038.5 b1c=-3140990.75 v9e4=2066.32958984375
   post gate=15 lap=0 alive=1 prog=15 ng=94 gc=(3.9999992847442627,43) rt=15.499935150146484
f=931 dt=0.01666666753590107 pos=(1.3227107524871826,-4.0624747276306152,31.045234680175781) yaw=-0.36329942941665649 sp=2093.44189453125 vel=(2050.121337890625,2.8025969286496341e-45,-398.56396484375) gate=15 lap=0 prog=15 b14=2535717 b1c=-3260359 v9e4=2093.44189453125
   post gate=15 lap=0 alive=1 prog=15 ng=94 gc=(3.9999992847442627,43) rt=15.5166015625
f=932 dt=0.01666666753590107 pos=(1.4179613590240479,-4.0624747276306152,31.022649765014648) yaw=-0.40791696310043335 sp=2119.655517578125 vel=(2057.396728515625,2.8025969286496341e-45,-487.81546020507812) gate=15 lap=0 prog=15 b14=2389868.5 b1c=-3373173.25 v9e4=2119.655517578125
   post gate=15 lap=0 alive=1 prog=15 ng=94 gc=(3.9999992847442627,43) rt=15.533267974853516
f=933 dt=0.01666666753590107 pos=(1.5133264064788818,-4.0624747276306152,30.995880126953125) yaw=-0.45253458619117737 sp=2144.98046875 vel=(2059.869873046875,2.8025969286496341e-45,-578.20648193359375) gate=15 lap=0 prog=15 b14=2238813.75 b1c=-3479171.5 v9e4=2144.98046875
   post gate=15 lap=0 alive=1 prog=15 ng=94 gc=(3.9999992847442627,43) rt=15.549934387207031
f=934 dt=0.01666666753590107 pos=(1.6085808277130127,-4.0624747276306152,30.964887619018555) yaw=-0.497152179479599 sp=2169.426025390625 vel=(2057.479248046875,2.8025969286496341e-45,-669.44793701171875) gate=15 lap=0 prog=15 b14=2082885.25 b1c=-3578109.5 v9e4=2169.426025390625
   post gate=15 lap=0 alive=1 prog=15 ng=94 gc=(3.9999992847442627,43) rt=15.566600799560547
f=935 dt=0.01666666753590107 pos=(1.7034974098205566,-4.0624747276306152,30.929643630981445) yaw=-0.54176980257034302 sp=2193.00146484375 vel=(2050.1806640625,2.8025969286496341e-45,-761.25048828125) gate=15 lap=0 prog=15 b14=1922427.25 b1c=-3669758.25 v9e4=2193.00146484375
   post gate=15 lap=0 alive=1 prog=15 ng=94 gc=(3.9999992847442627,43) rt=15.583267211914062
f=936 dt=0.01666666753590107 pos=(1.7978476285934448,-4.0624747276306152,30.89013671875) yaw=-0.58638739585876465 sp=2215.716796875 vel=(2037.947998046875,2.8025969286496341e-45,-853.3255615234375) gate=15 lap=0 prog=15 b14=1757795.625 b1c=-3753909 v9e4=2215.716796875
   post gate=15 lap=0 alive=1 prog=15 ng=94 gc=(3.9999992847442627,43) rt=15.599933624267578
f=937 dt=0.01666666753590107 pos=(1.8914026021957397,-4.0624747276306152,30.846368789672852) yaw=-0.6310049295425415 sp=2237.58251953125 vel=(2020.7713623046875,2.8025969286496341e-45,-945.38580322265625) gate=15 lap=0 prog=15 b14=1589355.875 b1c=-3830369.5 v9e4=2237.58251953125
   post gate=15 lap=0 alive=1 prog=15 ng=94 gc=(3.9999992847442627,43) rt=15.616600036621094
f=938 dt=0.01666666753590107 pos=(1.9839338064193726,-4.0624747276306152,30.79835319519043) yaw=-0.67562258243560791 sp=2258.608642578125 vel=(1998.65771484375,2.8025969286496341e-45,-1037.146240234375) gate=15 lap=0 prog=15 b14=1417481.5 b1c=-3898967 v9e4=2258.608642578125
   post gate=15 lap=0 alive=1 prog=15 ng=94 gc=(3.9999992847442627,43) rt=15.633266448974609
f=939 dt=0.01666666753590107 pos=(2.0752136707305908,-4.0624747276306152,30.746114730834961) yaw=-0.72024017572402954 sp=2278.805908203125 vel=(1971.6297607421875,2.8025969286496341e-45,-1128.324951171875) gate=15 lap=0 prog=15 b14=1242554.625 b1c=-3959549.25 v9e4=2278.805908203125
   post gate=15 lap=0 alive=1 prog=15 ng=94 gc=(3.9999992847442627,43) rt=15.649932861328125
f=940 dt=0.01666666753590107 pos=(2.1650166511535645,-4.0624747276306152,30.689695358276367) yaw=-0.76485776901245117 sp=2298.185546875 vel=(1939.7266845703125,2.8025969286496341e-45,-1218.64404296875) gate=15 lap=0 prog=15 b14=1064963.375 b1c=-4011980 v9e4=2298.185546875
   post gate=15 lap=0 alive=1 prog=15 ng=94 gc=(3.9999992847442627,43) rt=15.666599273681641
f=941 dt=0.01666666753590107 pos=(2.2531192302703857,-4.0624747276306152,30.629146575927734) yaw=-0.8094753623008728 sp=2316.758544921875 vel=(1903.002685546875,2.8025969286496341e-45,-1307.8302001953125) gate=15 lap=0 prog=15 b14=885101.375 b1c=-4056145 v9e4=2316.758544921875
   post gate=15 lap=0 alive=1 prog=15 ng=94 gc=(3.9999992847442627,43) rt=15.683265686035156
f=942 dt=0.01666666753590107 pos=(2.3393018245697021,-4.0624747276306152,30.564535140991211) yaw=-0.85409289598464966 sp=2334.53662109375 vel=(1861.526611328125,2.8025969286496341e-45,-1395.615478515625) gate=15 lap=0 prog=15 b14=703367.9375 b1c=-4091951.5 v9e4=2334.53662109375
   post gate=15 lap=0 alive=1 prog=15 ng=94 gc=(3.9999992847442627,43) rt=15.699932098388672
f=943 dt=0.01666666753590107 pos=(2.4233479499816895,-4.0624747276306152,30.495935440063477) yaw=-0.89871054887771606 sp=2351.531494140625 vel=(1815.3824462890625,2.8025969286496341e-45,-1481.7381591796875) gate=15 lap=0 prog=15 b14=520164.75 b1c=-4119322.5 v9e4=2351.531494140625
   post gate=15 lap=0 alive=1 prog=15 ng=94 gc=(3.9999992847442627,43) rt=15.716598510742188
f=944 dt=0.01666666753590107 pos=(2.5050461292266846,-4.0624747276306152,30.423437118530273) yaw=-0.94332820177078247 sp=2367.755126953125 vel=(1764.6676025390625,2.8025969286496341e-45,-1565.943603515625) gate=15 lap=0 prog=15 b14=335895.84375 b1c=-4138206.25 v9e4=2367.755126953125
   post gate=15 lap=0 alive=1 prog=15 ng=94 gc=(3.9999992847442627,43) rt=15.733264923095703
f=945 dt=0.01666666753590107 pos=(2.5841898918151855,-4.0624747276306152,30.347141265869141) yaw=-0.98794585466384888 sp=2383.219970703125 vel=(1709.49267578125,2.8025969286496341e-45,-1647.984130859375) gate=15 lap=0 prog=15 b14=150967.40625 b1c=-4148569 v9e4=2383.219970703125
   post gate=15 lap=0 alive=1 prog=15 ng=94 gc=(3.9999992847442627,43) rt=15.749931335449219
f=946 dt=0.01666666753590107 pos=(2.6605784893035889,-4.0624747276306152,30.267158508300781) yaw=-1.0325634479522705 sp=2397.93896484375 vel=(1649.981201171875,2.8025969286496341e-45,-1727.6207275390625) gate=15 lap=0 prog=15 b14=-34214.33984375 b1c=-4150395.75 v9e4=2397.93896484375
   post gate=15 lap=0 alive=1 prog=15 ng=94 gc=(3.9999992847442627,43) rt=15.766597747802734
f=947 dt=0.01666666753590107 pos=(2.7340173721313477,-4.0624747276306152,30.183610916137695) yaw=-1.0771811008453369 sp=2411.924560546875 vel=(1586.2689208984375,2.8025969286496341e-45,-1804.6226806640625) gate=15 lap=0 prog=15 b14=-219244.078125 b1c=-4143692 v9e4=2411.924560546875
   post gate=15 lap=0 alive=1 prog=15 ng=94 gc=(3.9999992847442627,43) rt=15.78326416015625
f=948 dt=0.01666666753590107 pos=(2.804318904876709,-4.0624747276306152,30.096630096435547) yaw=-1.1217986345291138 sp=2425.189697265625 vel=(1518.5028076171875,2.8025969286496341e-45,-1878.7685546875) gate=15 lap=0 prog=15 b14=-403718.625 b1c=-4128486 v9e4=2425.189697265625
   post gate=15 lap=0 alive=1 prog=15 ng=94 gc=(3.9999992847442627,43) rt=15.799930572509766
f=949 dt=0.01666666753590107 pos=(2.8713028430938721,-4.0624747276306152,30.006359100341797) yaw=-1.1664162874221802 sp=2437.748046875 vel=(1446.8408203125,2.8025969286496341e-45,-1949.8466796875) gate=15 lap=0 prog=15 b14=-587237.75 b1c=-4104823.5 v9e4=2437.748046875
   post gate=15 lap=0 alive=1 prog=15 ng=94 gc=(3.9999992847442627,43) rt=15.816596984863281
f=950 dt=0.01666666753590107 pos=(2.9347965717315674,-4.0624747276306152,29.912948608398438) yaw=-1.211033821105957 sp=2449.61279296875 vel=(1371.4510498046875,2.8025969286496341e-45,-2017.655517578125) gate=15 lap=0 prog=15 b14=-769404.5 b1c=-4072769.75 v9e4=2449.61279296875
   post gate=15 lap=0 alive=1 prog=15 ng=94 gc=(3.9999992847442627,43) rt=15.833263397216797
f=951 dt=0.01666666753590107 pos=(2.9946355819702148,-4.0624747276306152,29.816558837890625) yaw=-1.2556514739990234 sp=2460.797607421875 vel=(1292.5106201171875,2.8025969286496341e-45,-2082.003662109375) gate=15 lap=0 prog=15 b14=-949827 b1c=-4032409.25 v9e4=2460.797607421875
   post gate=15 lap=0 alive=1 prog=15 ng=94 gc=(3.9999992847442627,43) rt=15.849929809570312
f=952 dt=0.01666666753590107 pos=(3.0506641864776611,-4.0624747276306152,29.717357635498047) yaw=-1.3002691268920898 sp=2471.316650390625 vel=(1210.2060546875,2.8025969286496341e-45,-2142.71142578125) gate=15 lap=0 prog=15 b14=-1128119.25 b1c=-3983844.75 v9e4=2471.316650390625
   post gate=15 lap=0 alive=1 prog=15 ng=94 gc=(3.9999992847442627,43) rt=15.866596221923828
f=953 dt=0.01666666753590107 pos=(3.1027355194091797,-4.0624747276306152,29.615522384643555) yaw=-1.3448867797851562 sp=2481.18310546875 vel=(1124.7315673828125,2.8025969286496341e-45,-2199.609130859375) gate=15 lap=0 prog=15 b14=-1303902 b1c=-3927198.25 v9e4=2481.18310546875
   post gate=15 lap=0 alive=1 prog=15 ng=94 gc=(3.9999992847442627,43) rt=15.883262634277344
f=954 dt=0.01666666753590107 pos=(3.150712251663208,-4.0624747276306152,29.511238098144531) yaw=-1.3895043134689331 sp=2490.41162109375 vel=(1036.2891845703125,2.8025969286496341e-45,-2252.539306640625) gate=15 lap=0 prog=15 b14=-1476805.125 b1c=-3862612 v9e4=2490.41162109375
   post gate=15 lap=0 alive=1 prog=15 ng=94 gc=(3.9999992847442627,43) rt=15.899929046630859
f=955 dt=0.01666666753590107 pos=(3.1944665908813477,-4.0624747276306152,29.404693603515625) yaw=-1.4341219663619995 sp=2499.0166015625 vel=(945.0870361328125,2.8025969286496341e-45,-2301.356201171875) gate=15 lap=0 prog=15 b14=-1646464 b1c=-3790240 v9e4=2499.0166015625
   post gate=15 lap=0 alive=1 prog=15 ng=94 gc=(3.9999992847442627,43) rt=15.916595458984375
f=956 dt=0.01666666753590107 pos=(3.2338807582855225,-4.0624747276306152,29.296085357666016) yaw=-1.4787395000457764 sp=2507.012451171875 vel=(851.339599609375,2.8025969286496341e-45,-2345.92578125) gate=15 lap=0 prog=15 b14=-1812525.5 b1c=-3710257 v9e4=2507.012451171875
   post gate=15 lap=0 alive=1 prog=15 ng=94 gc=(3.9999992847442627,43) rt=15.933261871337891
f=957 dt=0.01666666753590107 pos=(3.2688469886779785,-4.0624747276306152,29.185615539550781) yaw=-1.5233571529388428 sp=2514.4130859375 vel=(755.2666015625,2.8025969286496341e-45,-2386.125244140625) gate=15 lap=0 prog=15 b14=-1974646.375 b1c=-3622853 v9e4=2514.4130859375
   post gate=15 lap=0 alive=1 prog=15 ng=94 gc=(3.9999992847442627,43) rt=15.949928283691406
f=958 dt=0.01666666753590107 pos=(3.2992682456970215,-4.0624747276306152,29.073492050170898) yaw=-1.5679746866226196 sp=2521.233642578125 vel=(657.0924072265625,2.8025969286496341e-45,-2421.844970703125) gate=15 lap=0 prog=15 b14=-2132493.75 b1c=-3528232.25 v9e4=2521.233642578125
   post gate=15 lap=0 alive=1 prog=15 ng=94 gc=(3.9999992847442627,43) rt=15.966594696044922
f=959 dt=0.01666666753590107 pos=(3.3250575065612793,-4.0624747276306152,28.959926605224609) yaw=-1.612592339515686 sp=2527.48876953125 vel=(557.04541015625,2.8025969286496341e-45,-2452.9873046875) gate=15 lap=0 prog=15 b14=-2285747 b1c=-3426618 v9e4=2527.48876953125
   post gate=15 lap=0 alive=1 prog=15 ng=94 gc=(3.9999992847442627,43) rt=15.983261108398438
f=960 dt=0.01666666753590107 pos=(3.3461389541625977,-4.0624747276306152,28.845134735107422) yaw=-1.6572098731994629 sp=2533.193359375 vel=(455.35720825195312,2.8025969286496341e-45,-2479.466064453125) gate=15 lap=0 prog=15 b14=-2434098.25 b1c=-3318243.75 v9e4=2533.193359375
   post gate=15 lap=0 alive=1 prog=15 ng=94 gc=(3.9999992847442627,43) rt=15.999927520751953
f=961 dt=0.01666666753590107 pos=(3.3624475002288818,-4.0624747276306152,28.729337692260742) yaw=-1.7018275260925293 sp=2538.362060546875 vel=(352.26211547851562,2.8025969286496341e-45,-2501.2080078125) gate=15 lap=0 prog=15 b14=-2577251 b1c=-3203355.75 v9e4=2538.362060546875
   post gate=15 lap=0 alive=1 prog=15 ng=94 gc=(3.9999992847442627,43) rt=16.016593933105469
f=962 dt=0.01666666753590107 pos=(3.3739290237426758,-4.0624747276306152,28.612754821777344) yaw=-1.7464450597763062 sp=2543.009765625 vel=(247.99650573730469,2.8025969286496341e-45,-2518.1513671875) gate=15 lap=0 prog=15 b14=-2714922.25 b1c=-3082215.5 v9e4=2543.009765625
   post gate=15 lap=0 alive=1 prog=15 ng=94 gc=(3.9999992847442627,43) rt=16.033260345458984
f=963 dt=0.01666666753590107 pos=(3.380540132522583,-4.0624747276306152,28.495613098144531) yaw=-1.7910627126693726 sp=2547.15185546875 vel=(142.79806518554688,2.8025969286496341e-45,-2530.246826171875) gate=15 lap=0 prog=15 b14=-2846845.5 b1c=-2955096.5 v9e4=2547.15185546875
   post gate=15 lap=0 alive=1 prog=15 ng=94 gc=(3.9999992847442627,43) rt=16.0499267578125
f=964 dt=0.01666666753590107 pos=(3.3822486400604248,-4.0624747276306152,28.378137588500977) yaw=-1.8356802463531494 sp=2550.80322265625 vel=(36.905422210693359,2.8025969286496341e-45,-2537.45751953125) gate=15 lap=0 prog=15 b14=-2972764.25 b1c=-2822279 v9e4=2550.80322265625
   post gate=15 lap=0 alive=1 prog=15 ng=94 gc=(3.9999992847442627,43) rt=16.066593170166016
f=965 dt=0.01666666753590107 pos=(3.3790335655212402,-4.0624747276306152,28.260555267333984) yaw=-1.8802977800369263 sp=2553.9794921875 vel=(-69.442642211914062,2.8025969286496341e-45,-2539.758056640625) gate=15 lap=0 prog=15 b14=-3092442 b1c=-2684060 v9e4=2553.9794921875
   post gate=15 lap=0 alive=1 prog=15 ng=94 gc=(3.9999992847442627,43) rt=16.083259582519531
f=966 dt=0.01666666753590107 pos=(3.370884895324707,-4.0624747276306152,28.143095016479492) yaw=-1.9249154329299927 sp=2556.69580078125 vel=(-176.00762939453125,2.8025969286496341e-45,-2537.13427734375) gate=15 lap=0 prog=15 b14=-3205653.25 b1c=-2540740.5 v9e4=2556.69580078125
   post gate=15 lap=0 alive=1 prog=15 ng=94 gc=(3.9999992847442627,43) rt=16.099925994873047
f=967 dt=0.01666666753590107 pos=(3.3578035831451416,-4.0624747276306152,28.025983810424805) yaw=-1.9695329666137695 sp=2558.966796875 vel=(-282.55191040039062,2.8025969286496341e-45,-2529.58447265625) gate=15 lap=0 prog=15 b14=-3312188.75 b1c=-2392631.75 v9e4=2558.966796875
   post gate=15 lap=0 alive=1 prog=15 ng=94 gc=(3.9999992847442627,43) rt=16.116592407226562
f=968 dt=0.01666666753590107 pos=(3.339801549911499,-4.0624747276306152,27.909450531005859) yaw=-2.0141506195068359 sp=2560.808349609375 vel=(-388.83926391601562,2.8025969286496341e-45,-2517.11767578125) gate=15 lap=0 prog=15 b14=-3411858 b1c=-2240054.25 v9e4=2560.808349609375
   post gate=15 lap=0 alive=1 prog=15 ng=94 gc=(3.9999992847442627,43) rt=16.133258819580078
f=969 dt=0.01666666753590107 pos=(3.316901683807373,-4.0624747276306152,27.793720245361328) yaw=-2.0587682723999023 sp=2562.236083984375 vel=(-494.63528442382812,2.8025969286496341e-45,-2499.754638671875) gate=15 lap=0 prog=15 b14=-3504482 b1c=-2083332.25 v9e4=2562.236083984375
   post gate=15 lap=0 alive=1 prog=15 ng=94 gc=(3.9999992847442627,43) rt=16.149925231933594
f=970 dt=0.01666666753590107 pos=(3.2891371250152588,-4.0624747276306152,27.679019927978516) yaw=-2.1033859252929688 sp=2563.264892578125 vel=(-599.70806884765625,2.8025969286496341e-45,-2477.526611328125) gate=15 lap=0 prog=15 b14=-3589901.5 b1c=-1922798.25 v9e4=2563.264892578125
   post gate=15 lap=0 alive=1 prog=15 ng=94 gc=(3.9999992847442627,43) rt=16.166591644287109
f=971 dt=0.01666666753590107 pos=(3.2565522193908691,-4.0624747276306152,27.565570831298828) yaw=-2.1480033397674561 sp=2563.91064453125 vel=(-703.82843017578125,2.8025969286496341e-45,-2450.47607421875) gate=15 lap=0 prog=15 b14=-3667971.25 b1c=-1758789.625 v9e4=2563.91064453125
   post gate=15 lap=0 alive=1 prog=15 ng=94 gc=(3.9999992847442627,43) rt=16.183258056640625
f=972 dt=0.01666666753590107 pos=(3.2192013263702393,-4.0624747276306152,27.453594207763672) yaw=-2.1926209926605225 sp=2564.188720703125 vel=(-806.77044677734375,2.8025969286496341e-45,-2418.65576171875) gate=15 lap=0 prog=15 b14=-3738562.75 b1c=-1591647.5 v9e4=2564.188720703125
   post gate=15 lap=0 alive=1 prog=15 ng=94 gc=(3.9999992847442627,43) rt=16.199924468994141
f=973 dt=0.01666666753590107 pos=(3.1771495342254639,-4.0624747276306152,27.34330940246582) yaw=-2.2372384071350098 sp=2564.11474609375 vel=(-908.3118896484375,2.8025969286496341e-45,-2382.128662109375) gate=15 lap=0 prog=15 b14=-3801563.5 b1c=-1421715.75 v9e4=2564.11474609375
   post gate=15 lap=0 alive=1 prog=15 ng=94 gc=(3.9999992847442627,43) rt=16.216590881347656
f=974 dt=0.01666666753590107 pos=(3.1304717063903809,-4.0624747276306152,27.234930038452148) yaw=-2.2818560600280762 sp=2563.70458984375 vel=(-1008.2347412109375,2.8025969286496341e-45,-2340.968017578125) gate=15 lap=0 prog=15 b14=-3856878 b1c=-1249343.375 v9e4=2563.70458984375
   post gate=15 lap=0 alive=1 prog=15 ng=94 gc=(3.9999992847442627,43) rt=16.233257293701172
f=975 dt=0.01666666753590107 pos=(3.0792524814605713,-4.0624747276306152,27.128667831420898) yaw=-2.3264737129211426 sp=2562.973876953125 vel=(-1106.325439453125,2.8025969286496341e-45,-2295.2568359375) gate=15 lap=0 prog=15 b14=-3904425 b1c=-1074877.875 v9e4=2562.973876953125
   post gate=15 lap=0 alive=1 prog=15 ng=94 gc=(3.9999992847442627,43) rt=16.249923706054688
f=976 dt=0.01666666753590107 pos=(3.0235865116119385,-4.0624747276306152,27.024726867675781) yaw=-2.371091365814209 sp=2561.937744140625 vel=(-1202.3751220703125,2.8025969286496341e-45,-2245.086669921875) gate=15 lap=0 prog=15 b14=-3944140 b1c=-898670.6875 v9e4=2561.937744140625
   post gate=15 lap=0 alive=1 prog=15 ng=94 gc=(3.9999992847442627,43) rt=16.266590118408203
f=977 dt=0.01666666753590107 pos=(2.9635777473449707,-4.0624747276306152,26.923311233520508) yaw=-2.4157087802886963 sp=2560.6123046875 vel=(-1296.180419921875,2.8025969286496341e-45,-2190.559326171875) gate=15 lap=0 prog=15 b14=-3975976 b1c=-721072.8125 v9e4=2560.6123046875
   post gate=15 lap=0 alive=1 prog=15 ng=94 gc=(3.9999992847442627,43) rt=16.283256530761719
f=978 dt=0.01666666753590107 pos=(2.8993391990661621,-4.0624747276306152,26.824617385864258) yaw=-2.4603264331817627 sp=2559.01318359375 vel=(-1387.543212890625,2.8025969286496341e-45,-2131.78515625) gate=15 lap=0 prog=15 b14=-3999900 b1c=-542435.1875 v9e4=2559.01318359375
   post gate=15 lap=0 alive=1 prog=15 ng=94 gc=(3.9999992847442627,43) rt=16.299922943115234
f=979 dt=0.01666666753590107 pos=(2.8309926986694336,-4.0624747276306152,26.72883415222168) yaw=-2.5049440860748291 sp=2557.156494140625 vel=(-1476.271484375,2.8025969286496341e-45,-2068.8828125) gate=15 lap=0 prog=15 b14=-4015893 b1c=-363106.78125 v9e4=2557.156494140625
   post gate=15 lap=0 alive=1 prog=15 ng=94 gc=(3.9999992847442627,43) rt=16.31658935546875
f=980 dt=0.01666666753590107 pos=(2.7586688995361328,-4.0624747276306152,26.636148452758789) yaw=-2.5495617389678955 sp=2555.05712890625 vel=(-1562.17919921875,2.8025969286496341e-45,-2001.9794921875) gate=15 lap=0 prog=15 b14=-4023952.25 b1c=-183436.5625 v9e4=2555.05712890625
   post gate=15 lap=0 alive=1 prog=15 ng=94 gc=(3.9999992847442627,43) rt=16.333255767822266
f=981 dt=0.01666666753590107 pos=(2.682506799697876,-4.0624747276306152,26.54673957824707) yaw=-2.5941793918609619 sp=2552.731689453125 vel=(-1645.087158203125,2.8025969286496341e-45,-1931.21044921875) gate=15 lap=0 prog=15 b14=-4024091 b1c=-3770.634765625 v9e4=2552.731689453125
   post gate=15 lap=0 alive=1 prog=15 ng=94 gc=(3.9999992847442627,43) rt=16.349922180175781
f=982 dt=0.01666666753590107 pos=(2.6026532649993896,-4.0624747276306152,26.460779190063477) yaw=-2.6387970447540283 sp=2550.195556640625 vel=(-1724.822509765625,2.8025969286496341e-45,-1856.7181396484375) gate=15 lap=0 prog=15 b14=-4016335 b1c=175547.515625 v9e4=2550.195556640625
   post gate=15 lap=0 alive=1 prog=15 ng=94 gc=(3.9999992847442627,43) rt=16.366588592529297
f=983 dt=0.01666666753590107 pos=(2.5192627906799316,-4.0624747276306152,26.378433227539062) yaw=-2.6834144592285156 sp=2547.464599609375 vel=(-1801.2197265625,2.8025969286496341e-45,-1778.65283203125) gate=15 lap=0 prog=15 b14=-4000724.5 b1c=354177.53125 v9e4=2547.464599609375
   post gate=15 lap=0 alive=1 prog=15 ng=94 gc=(3.9999992847442627,43) rt=16.383255004882812
f=984 dt=0.01666666753590107 pos=(2.4324972629547119,-4.0624747276306152,26.299860000610352) yaw=-2.728032112121582 sp=2544.55419921875 vel=(-1874.120361328125,2.8025969286496341e-45,-1697.171630859375) gate=15 lap=0 prog=15 b14=-3977315.25 b1c=531783.25 v9e4=2544.55419921875
   post gate=15 lap=0 alive=1 prog=15 ng=94 gc=(3.9999992847442627,43) rt=16.399921417236328
f=985 dt=0.01666666753590107 pos=(2.3425254821777344,-4.0624747276306152,26.225210189819336) yaw=-2.7726497650146484 sp=2541.480224609375 vel=(-1943.3739013671875,2.8025969286496341e-45,-1612.438232421875) gate=15 lap=0 prog=15 b14=-3946173.25 b1c=708031.5625 v9e4=2541.480224609375
   post gate=15 lap=0 alive=1 prog=15 ng=94 gc=(3.9999992847442627,43) rt=16.416587829589844
f=986 dt=0.01666666753590107 pos=(2.2495229244232178,-4.0624747276306152,26.154624938964844) yaw=-2.8172674179077148 sp=2538.25830078125 vel=(-2008.837158203125,2.8025969286496341e-45,-1524.6226806640625) gate=15 lap=0 prog=15 b14=-3907380.75 b1c=882595.5 v9e4=2538.25830078125
   post gate=15 lap=0 alive=1 prog=15 ng=94 gc=(3.9999992847442627,43) rt=16.433254241943359
f=987 dt=0.01666666753590107 pos=(2.1536715030670166,-4.0624747276306152,26.088239669799805) yaw=-2.8618848323822021 sp=2534.90380859375 vel=(-2070.375,2.8025969286496341e-45,-1433.901123046875) gate=15 lap=0 prog=15 b14=-3861030 b1c=1055151.25 v9e4=2534.90380859375
   post gate=15 lap=0 alive=1 prog=15 ng=94 gc=(3.9999992847442627,43) rt=16.449920654296875
f=988 dt=0.01666666753590107 pos=(2.0551586151123047,-4.0624747276306152,26.026180267333984) yaw=-2.9065024852752686 sp=2531.431884765625 vel=(-2127.861083984375,2.8025969286496341e-45,-1340.455322265625) gate=15 lap=0 prog=15 b14=-3807227.75 b1c=1225381.375 v9e4=2531.431884765625
   post gate=15 lap=0 alive=1 prog=15 ng=94 gc=(3.9999992847442627,43) rt=16.466587066650391
f=989 dt=0.01666666753590107 pos=(1.9541773796081543,-4.0624747276306152,25.968564987182617) yaw=-2.951120138168335 sp=2527.8583984375 vel=(-2181.17724609375,2.8025969286496341e-45,-1244.47216796875) gate=15 lap=0 prog=15 b14=-3746092.75 b1c=1392974.375 v9e4=2527.8583984375
   post gate=15 lap=0 alive=1 prog=15 ng=94 gc=(3.9999992847442627,43) rt=16.483253479003906
f=990 dt=0.01666666753590107 pos=(1.8509259223937988,-4.0624747276306152,25.915502548217773) yaw=-2.9957377910614014 sp=2524.197998046875 vel=(-2230.213623046875,2.8025969286496341e-45,-1146.143798828125) gate=15 lap=0 prog=15 b14=-3677754.75 b1c=1557624.25 v9e4=2524.197998046875
   post gate=15 lap=0 alive=1 prog=15 ng=94 gc=(3.9999992847442627,43) rt=16.499919891357422
f=991 dt=0.01666666753590107 pos=(1.7456070184707642,-4.0624747276306152,25.867092132568359) yaw=-3.0403552055358887 sp=2520.4658203125 vel=(-2274.869384765625,2.8025969286496341e-45,-1045.6668701171875) gate=15 lap=0 prog=15 b14=-3602354.25 b1c=1719030.875 v9e4=2520.4658203125
   post gate=15 lap=0 alive=1 prog=15 ng=94 gc=(3.9999992847442627,43) rt=16.516586303710938
f=992 dt=0.01666666753590107 pos=(1.638427734375,-4.0624747276306152,25.823423385620117) yaw=-3.0849728584289551 sp=2516.67626953125 vel=(-2315.052734375,2.8025969286496341e-45,-943.241943359375) gate=15 lap=0 prog=15 b14=-3520044.25 b1c=1876901.25 v9e4=2516.67626953125
   post gate=15 lap=0 alive=1 prog=15 ng=94 gc=(3.9999992847442627,43) rt=16.533252716064453
f=993 dt=0.01666666753590107 pos=(1.5295990705490112,-4.0624747276306152,25.784576416015625) yaw=-3.1295905113220215 sp=2512.84423828125 vel=(-2350.681396484375,2.8025969286496341e-45,-839.07366943359375) gate=15 lap=0 prog=15 b14=-3430988.5 b1c=2030949.625 v9e4=2512.84423828125
   post gate=15 lap=0 alive=1 prog=15 ng=94 gc=(3.9999992847442627,43) rt=16.549919128417969
f=994 dt=0.01666666753590107 pos=(1.4193351268768311,-4.0624747276306152,25.75062370300293) yaw=3.1089770793914795 sp=2508.983642578125 vel=(-2381.68212890625,2.8025969286496341e-45,-733.3699951171875) gate=15 lap=0 prog=15 b14=-3335360.5 b1c=2180896.25 v9e4=2508.983642578125
   post gate=15 lap=0 alive=1 prog=15 ng=94 gc=(3.9999992847442627,43) rt=16.566585540771484
f=995 dt=0.01666666753590107 pos=(1.3078532218933105,-4.0624747276306152,25.721626281738281) yaw=3.0643596649169922 sp=2505.109375 vel=(-2407.9912109375,2.8025969286496341e-45,-626.34185791015625) gate=15 lap=0 prog=15 b14=-3233346 b1c=2326469.25 v9e4=2505.109375
   post gate=15 lap=0 alive=1 prog=15 ng=94 gc=(3.9999992847442627,43) rt=16.583251953125
f=996 dt=0.01666666753590107 pos=(1.1953729391098022,-4.0624747276306152,25.697635650634766) yaw=3.0197420120239258 sp=2501.23388671875 vel=(-2429.554443359375,2.8025969286496341e-45,-518.2027587890625) gate=15 lap=0 prog=15 b14=-3125137.5 b1c=2467404.25 v9e4=2501.23388671875
   post gate=15 lap=0 alive=1 prog=15 ng=94 gc=(3.9999992847442627,43) rt=16.599918365478516
f=997 dt=0.01666666753590107 pos=(1.0821161270141602,-4.0624747276306152,25.678691864013672) yaw=2.9751243591308594 sp=2497.37109375 vel=(-2446.3271484375,2.8025969286496341e-45,-409.1683349609375) gate=15 lap=0 prog=15 b14=-3010942 b1c=2603446 v9e4=2497.37109375
   post gate=15 lap=0 alive=1 prog=15 ng=94 gc=(3.9999992847442627,43) rt=16.616584777832031
f=998 dt=0.01666666753590107 pos=(0.96830618381500244,-4.0624747276306152,25.664827346801758) yaw=2.930506706237793 sp=2493.53369140625 vel=(-2458.27490234375,2.8025969286496341e-45,-299.4559326171875) gate=15 lap=0 prog=15 b14=-2890972.25 b1c=2734345.25 v9e4=2493.53369140625
   post gate=15 lap=0 alive=1 prog=15 ng=94 gc=(3.9999992847442627,43) rt=16.633251190185547
f=999 dt=0.01666666753590107 pos=(0.854167640209198,-4.0624747276306152,25.656064987182617) yaw=2.8858892917633057 sp=2489.734619140625 vel=(-2465.373046875,2.8025969286496341e-45,-189.2843017578125) gate=15 lap=0 prog=15 b14=-2765451 b1c=2859861.75 v9e4=2489.734619140625
   post gate=15 lap=0 alive=1 prog=15 ng=94 gc=(3.9999992847442627,43) rt=16.649917602539062
f=1000 dt=0.01666666753590107 pos=(0.73992568254470825,-4.0624747276306152,25.652414321899414) yaw=2.8412716388702393 sp=2485.985107421875 vel=(-2467.606201171875,2.8025969286496341e-45,-78.872879028320312) gate=15 lap=0 prog=15 b14=-2634613.25 b1c=2979765.5 v9e4=2485.985107421875
   post gate=15 lap=0 alive=1 prog=15 ng=94 gc=(3.9999992847442627,43) rt=16.666584014892578
f=1001 dt=0.01666666753590107 pos=(0.62580579519271851,-4.0624747276306152,25.653875350952148) yaw=2.7966539859771729 sp=2482.297119140625 vel=(-2464.969482421875,2.8025969286496341e-45,31.558448791503906) gate=15 lap=0 prog=15 b14=-2498700 b1c=3093833.75 v9e4=2482.297119140625
   post gate=15 lap=0 alive=1 prog=15 ng=94 gc=(3.9999992847442627,43) rt=16.683250427246094
f=1002 dt=0.01666666753590107 pos=(0.51203322410583496,-4.0624747276306152,25.660440444946289) yaw=2.7520363330841064 sp=2478.681640625 vel=(-2457.4677734375,2.8025969286496341e-45,141.78985595703125) gate=15 lap=0 prog=15 b14=-2357962.25 b1c=3201854 v9e4=2478.681640625
   post gate=15 lap=0 alive=1 prog=15 ng=94 gc=(3.9999992847442627,43) rt=16.699916839599609
f=1003 dt=0.01666666753590107 pos=(0.39883249998092651,-4.0624747276306152,25.672088623046875) yaw=2.7074189186096191 sp=2475.148681640625 vel=(-2445.115966796875,2.8025969286496341e-45,251.60203552246094) gate=15 lap=0 prog=15 b14=-2212658.25 b1c=3303621.75 v9e4=2475.148681640625
   post gate=15 lap=0 alive=1 prog=15 ng=94 gc=(3.9999992847442627,43) rt=16.716583251953125
f=1004 dt=0.01666666753590107 pos=(0.28642702102661133,-4.0624747276306152,25.688791275024414) yaw=2.6628012657165527 sp=2471.708740234375 vel=(-2427.93896484375,2.8025969286496341e-45,360.77667236328125) gate=15 lap=0 prog=15 b14=-2063057.875 b1c=3398946.25 v9e4=2471.708740234375
   post gate=15 lap=0 alive=1 prog=15 ng=94 gc=(3.9999992847442627,43) rt=16.733249664306641
f=1005 dt=0.01666666753590107 pos=(0.17503857612609863,-4.0624747276306152,25.710508346557617) yaw=2.6181836128234863 sp=2468.37060546875 vel=(-2405.970947265625,2.8025969286496341e-45,469.09695434570312) gate=15 lap=0 prog=15 b14=-1909436 b1c=3487643 v9e4=2468.37060546875
   post gate=15 lap=0 alive=1 prog=15 ng=94 gc=(3.9999992847442627,43) rt=16.749916076660156
f=1006 dt=0.01666666753590107 pos=(0.064886949956417084,-4.0624747276306152,25.737192153930664) yaw=2.573566198348999 sp=2465.142578125 vel=(-2379.256103515625,2.8025969286496341e-45,576.34783935546875) gate=15 lap=0 prog=15 b14=-1752076.125 b1c=3569540.5 v9e4=2465.142578125
   post gate=15 lap=0 alive=1 prog=15 ng=94 gc=(3.9999992847442627,43) rt=16.766582489013672
f=1007 dt=0.01666666753590107 pos=(-0.043810591101646423,-4.0624747276306152,25.768781661987305) yaw=2.5289485454559326 sp=2462.03271484375 vel=(-2347.84814453125,2.8025969286496341e-45,682.3167724609375) gate=15 lap=0 prog=15 b14=-1591270.875 b1c=3644478.25 v9e4=2462.03271484375
   post gate=15 lap=0 alive=1 prog=15 ng=94 gc=(3.9999992847442627,43) rt=16.783248901367188
f=1008 dt=0.01666666753590107 pos=(-0.15083971619606018,-4.0624747276306152,25.805208206176758) yaw=2.4843308925628662 sp=2459.04833984375 vel=(-2311.810546875,2.8025969286496341e-45,786.79388427734375) gate=15 lap=0 prog=15 b14=-1427317.75 b1c=3712306.5 v9e4=2459.04833984375
   post gate=15 lap=0 alive=1 prog=15 ng=94 gc=(3.9999992847442627,43) rt=16.799915313720703
f=1009 dt=0.01666666753590107 pos=(-0.2559894323348999,-4.0624747276306152,25.846391677856445) yaw=2.4397132396697998 sp=2456.19580078125 vel=(-2271.2158203125,2.8025969286496341e-45,889.57244873046875) gate=15 lap=0 prog=15 b14=-1260522.875 b1c=3772887 v9e4=2456.19580078125
   post gate=15 lap=0 alive=1 prog=15 ng=94 gc=(3.9999992847442627,43) rt=16.816581726074219
f=1010 dt=0.01666666753590107 pos=(-0.35905253887176514,-4.0624747276306152,25.892246246337891) yaw=2.3950955867767334 sp=2453.48095703125 vel=(-2226.1455078125,2.8025969286496341e-45,990.4495849609375) gate=15 lap=0 prog=15 b14=-1091199 b1c=3826097.5 v9e4=2453.48095703125
   post gate=15 lap=0 alive=1 prog=15 ng=94 gc=(3.9999992847442627,43) rt=16.833248138427734
f=1011 dt=0.01666666753590107 pos=(-0.35905253887176514,-4.0624747276306152,26.192245483398438) yaw=0.79874610900878906 sp=1225.4541015625 vel=(854.88372802734375,2.8025969286496341e-45,878.01568603515625) gate=15 lap=0 prog=15 b14=-919662.375 b1c=3871821.5 v9e4=2450.908203125
   post gate=15 lap=0 alive=1 prog=15 ng=94 gc=(3.9999992847442627,43) rt=16.84991455078125
f=1012 dt=0.01666666753590107 pos=(-0.31690716743469238,-4.0624747276306152,26.233461380004883) yaw=0.76086509227752686 sp=1273.4637451171875 vel=(910.33282470703125,2.8025969286496341e-45,890.26287841796875) gate=15 lap=0 prog=15 b14=3860961.5 b1c=813462.8125 v9e4=1273.4637451171875
   post gate=15 lap=0 alive=1 prog=15 ng=94 gc=(3.9999992847442627,43) rt=16.866580963134766
f=1013 dt=0.01666666753590107 pos=(-0.27208083868026733,-4.0624747276306152,26.275032043457031) yaw=0.72158360481262207 sp=1320.5557861328125 vel=(968.2412109375,2.8025969286496341e-45,897.91107177734375) gate=15 lap=0 prog=15 b14=3903265.25 b1c=669102.9375 v9e4=1320.5557861328125
   post gate=15 lap=0 alive=1 prog=15 ng=94 gc=(3.9999992847442627,43) rt=16.883247375488281
f=1014 dt=0.01666666753590107 pos=(-0.22447609901428223,-4.0624747276306152,26.316732406616211) yaw=0.68092161417007446 sp=1366.975830078125 vel=(1028.2542724609375,2.8025969286496341e-45,900.728759765625) gate=15 lap=0 prog=15 b14=3940843.5 b1c=517178.34375 v9e4=1366.975830078125
   post gate=15 lap=0 alive=1 prog=15 ng=94 gc=(3.9999992847442627,43) rt=16.899913787841797
f=1015 dt=0.01666666753590107 pos=(-0.17400974035263062,-4.0624747276306152,26.358327865600586) yaw=0.63890200853347778 sp=1412.62939453125 vel=(1090.0645751953125,2.8025969286496341e-45,898.45489501953125) gate=15 lap=0 prog=15 b14=3972049.5 b1c=357762.90625 v9e4=1412.62939453125
   post gate=15 lap=0 alive=1 prog=15 ng=94 gc=(3.9999992847442627,43) rt=16.916580200195312
f=1016 dt=0.01666666753590107 pos=(-0.12061426788568497,-4.0624747276306152,26.399570465087891) yaw=0.59555041790008545 sp=1457.4254150390625 vel=(1153.3330078125,2.8025969286496341e-45,890.84344482421875) gate=15 lap=0 prog=15 b14=3996085.75 b1c=191191 v9e4=1457.4254150390625
   post gate=15 lap=0 alive=1 prog=15 ng=94 gc=(3.9999992847442627,43) rt=16.933246612548828
f=1017 dt=0.01666666753590107 pos=(-0.064239390194416046,-4.0624747276306152,26.440202713012695) yaw=0.55093282461166382 sp=1501.2764892578125 vel=(1217.6876220703125,2.8025969286496341e-45,877.66876220703125) gate=15 lap=0 prog=15 b14=4012144.5 b1c=17880.5 v9e4=1501.2764892578125
   post gate=15 lap=0 alive=1 prog=15 ng=94 gc=(3.9999992847442627,43) rt=16.949913024902344
f=1018 dt=0.01666666753590107 pos=(-0.0048537328839302063,-4.0624747276306152,26.479959487915039) yaw=0.50631523132324219 sp=1544.09912109375 vel=(1282.719970703125,2.8025969286496341e-45,858.7412109375) gate=15 lap=0 prog=15 b14=4019438.25 b1c=-161511.71875 v9e4=1544.09912109375
   post gate=15 lap=0 alive=1 prog=15 ng=94 gc=(3.9999992847442627,43) rt=16.966579437255859
f=1019 dt=0.01666666753590107 pos=(0.057548996061086655,-4.0624747276306152,26.518581390380859) yaw=0.46169763803482056 sp=1585.87060546875 vel=(1347.88818359375,2.8025969286496341e-45,834.2357177734375) gate=15 lap=0 prog=15 b14=4018011.25 b1c=-341459.9375 v9e4=1585.87060546875
   post gate=15 lap=0 alive=1 prog=15 ng=94 gc=(3.9999992847442627,43) rt=16.983245849609375
f=1020 dt=0.01666666753590107 pos=(0.12295258045196533,-4.0624747276306152,26.555818557739258) yaw=0.41708007454872131 sp=1626.5936279296875 vel=(1412.7060546875,2.8025969286496341e-45,804.32330322265625) gate=15 lap=0 prog=15 b14=4007972 b1c=-521530.5625 v9e4=1626.5936279296875
   post gate=15 lap=0 alive=1 prog=15 ng=94 gc=(3.9999992847442627,43) rt=16.999912261962891
f=1021 dt=0.01666666753590107 pos=(0.19132034480571747,-4.0624747276306152,26.591428756713867) yaw=0.37246248126029968 sp=1666.2763671875 vel=(1476.7318115234375,2.8025969286496341e-45,769.17510986328125) gate=15 lap=0 prog=15 b14=3989380.5 b1c=-701300.25 v9e4=1666.2763671875
   post gate=15 lap=0 alive=1 prog=15 ng=94 gc=(3.9999992847442627,43) rt=17.016578674316406
f=1022 dt=0.01666666753590107 pos=(0.26259684562683105,-4.0624747276306152,26.625177383422852) yaw=0.32784491777420044 sp=1704.9295654296875 vel=(1539.5596923828125,2.8025969286496341e-45,728.964599609375) gate=15 lap=0 prog=15 b14=3962289.75 b1c=-880352.6875 v9e4=1704.9295654296875
   post gate=15 lap=0 alive=1 prog=15 ng=94 gc=(3.9999992847442627,43) rt=17.033245086669922
f=1023 dt=0.01666666753590107 pos=(0.33670923113822937,-4.0624747276306152,26.656837463378906) yaw=0.28322732448577881 sp=1742.5655517578125 vel=(1600.8145751953125,2.8025969286496341e-45,683.87030029296875) gate=15 lap=0 prog=15 b14=3926761.5 b1c=-1058276 v9e4=1742.5655517578125
   post gate=15 lap=0 alive=1 prog=15 ng=94 gc=(3.9999992847442627,43) rt=17.049911499023438
f=1024 dt=0.01666666753590107 pos=(0.41356855630874634,-4.0624747276306152,26.686193466186523) yaw=0.23860971629619598 sp=1779.19580078125 vel=(1660.148193359375,2.8025969286496341e-45,634.0767822265625) gate=15 lap=0 prog=15 b14=3882864 b1c=-1234660.5 v9e4=1779.19580078125
   post gate=15 lap=0 alive=1 prog=15 ng=94 gc=(3.9999992847442627,43) rt=17.066577911376953
f=1025 dt=0.01666666753590107 pos=(0.49307084083557129,-4.0624747276306152,26.713035583496094) yaw=0.19399213790893555 sp=1814.83203125 vel=(1717.2354736328125,2.8025969286496341e-45,579.776123046875) gate=15 lap=0 prog=15 b14=3830682.25 b1c=-1409101.875 v9e4=1814.83203125
   post gate=15 lap=0 alive=1 prog=15 ng=94 gc=(3.9999992847442627,43) rt=17.083244323730469
f=1026 dt=0.01666666753590107 pos=(0.57509803771972656,-4.0624747276306152,26.737163543701172) yaw=0.14937454462051392 sp=1849.4857177734375 vel=(1771.7733154296875,2.8025969286496341e-45,521.1683349609375) gate=15 lap=0 prog=15 b14=3770316.5 b1c=-1581199.25 v9e4=1849.4857177734375
   post gate=15 lap=0 alive=1 prog=15 ng=94 gc=(3.9999992847442627,43) rt=17.099910736083984
f=1027 dt=0.01666666753590107 pos=(0.6595190167427063,-4.0624747276306152,26.758388519287109) yaw=0.10475694388151169 sp=1883.1673583984375 vel=(1823.4786376953125,2.8025969286496341e-45,458.46194458007812) gate=15 lap=0 prog=15 b14=3701881 b1c=-1750555.375 v9e4=1883.1673583984375
   post gate=15 lap=0 alive=1 prog=15 ng=94 gc=(3.9999992847442627,43) rt=17.1165771484375
f=1028 dt=0.01666666753590107 pos=(0.74619042873382568,-4.0624747276306152,26.776531219482422) yaw=0.060139354318380356 sp=1915.88671875 vel=(1872.08740234375,2.8025969286496341e-45,391.8740234375) gate=15 lap=0 prog=15 b14=3625514.5 b1c=-1916780.625 v9e4=1915.88671875
   post gate=15 lap=0 alive=1 prog=15 ng=94 gc=(3.9999992847442627,43) rt=17.133243560791016
f=1029 dt=0.01666666753590107 pos=(0.8349575400352478,-4.0624747276306152,26.791421890258789) yaw=0.015521755442023277 sp=1947.65380859375 vel=(1917.3541259765625,2.8025969286496341e-45,321.6302490234375) gate=15 lap=0 prog=15 b14=3541369 b1c=-2079491.75 v9e4=1947.65380859375
   post gate=15 lap=0 alive=1 prog=15 ng=94 gc=(3.9999992847442627,43) rt=17.149909973144531
f=1030 dt=0.01666666753590107 pos=(0.9256550669670105,-4.0624747276306152,26.802902221679688) yaw=-0.029095843434333801 sp=1978.4775390625 vel=(1959.051025390625,2.8025969286496341e-45,247.96453857421875) gate=15 lap=0 prog=15 b14=3449615.75 b1c=-2238311.5 v9e4=1978.4775390625
   post gate=15 lap=0 alive=1 prog=15 ng=94 gc=(3.9999992847442627,43) rt=17.166576385498047
f=1031 dt=0.01666666753590107 pos=(1.0181080102920532,-4.0624747276306152,26.810825347900391) yaw=-0.073713444173336029 sp=2008.3670654296875 vel=(1996.968505859375,2.8025969286496341e-45,171.11871337890625) gate=15 lap=0 prog=15 b14=3350446.75 b1c=-2392873.75 v9e4=2008.3670654296875
   post gate=15 lap=0 alive=1 prog=15 ng=94 gc=(3.9999992847442627,43) rt=17.183242797851562
f=1032 dt=0.01666666753590107 pos=(1.1121325492858887,-4.0624747276306152,26.815053939819336) yaw=-0.11833103746175766 sp=2037.33154296875 vel=(2030.9144287109375,2.8025969286496341e-45,91.342025756835938) gate=15 lap=0 prog=15 b14=3244071 b1c=-2542822.25 v9e4=2037.33154296875
   post gate=15 lap=0 alive=1 prog=15 ng=94 gc=(3.9999992847442627,43) rt=17.199909210205078
f=1033 dt=0.01666666753590107 pos=(1.2075366973876953,-4.0624747276306152,26.815465927124023) yaw=-0.16294862329959869 sp=2065.3798828125 vel=(2060.7138671875,2.8025969286496341e-45,8.8905906677246094) gate=15 lap=0 prog=15 b14=3130714 b1c=-2687809.25 v9e4=2065.3798828125
   post gate=15 lap=0 alive=1 prog=15 ng=94 gc=(3.9999992847442627,43) rt=17.216575622558594
f=1034 dt=0.01666666753590107 pos=(1.3041212558746338,-4.0624747276306152,26.811948776245117) yaw=-0.20756623148918152 sp=2092.52099609375 vel=(2086.20947265625,2.8025969286496341e-45,-75.973373413085938) gate=15 lap=0 prog=15 b14=3010620 b1c=-2827501.5 v9e4=2092.52099609375
   post gate=15 lap=0 alive=1 prog=15 ng=94 gc=(3.9999992847442627,43) rt=17.233242034912109
f=1035 dt=0.01666666753590107 pos=(1.4016804695129395,-4.0624747276306152,26.804403305053711) yaw=-0.25218382477760315 sp=2118.763671875 vel=(2107.260986328125,2.8025969286496341e-45,-162.98223876953125) gate=15 lap=0 prog=15 b14=2884047 b1c=-2961576.5 v9e4=2118.763671875
   post gate=15 lap=0 alive=1 prog=15 ng=94 gc=(3.9999992847442627,43) rt=17.249908447265625
f=1036 dt=0.01666666753590107 pos=(1.5000028610229492,-4.0624747276306152,26.792743682861328) yaw=-0.29680138826370239 sp=2144.117431640625 vel=(2123.74609375,2.8025969286496341e-45,-251.86373901367188) gate=15 lap=0 prog=15 b14=2751274 b1c=-3089726.75 v9e4=2144.117431640625
   post gate=15 lap=0 alive=1 prog=15 ng=94 gc=(3.9999992847442627,43) rt=17.266574859619141
f=1037 dt=0.01666666753590107 pos=(1.598872184753418,-4.0624747276306152,26.776893615722656) yaw=-0.34141901135444641 sp=2168.592041015625 vel=(2135.55908203125,2.8025969286496341e-45,-342.341796875) gate=15 lap=0 prog=15 b14=2612590 b1c=-3211658.25 v9e4=2168.592041015625
   post gate=15 lap=0 alive=1 prog=15 ng=94 gc=(3.9999992847442627,43) rt=17.283241271972656
f=1038 dt=0.01666666753590107 pos=(1.6980679035186768,-4.0624747276306152,26.756793975830078) yaw=-0.38603660464286804 sp=2192.196044921875 vel=(2142.611572265625,2.8025969286496341e-45,-434.137451171875) gate=15 lap=0 prog=15 b14=2468300 b1c=-3327092 v9e4=2192.196044921875
   post gate=15 lap=0 alive=1 prog=15 ng=94 gc=(3.9999992847442627,43) rt=17.299907684326172
f=1039 dt=0.01666666753590107 pos=(1.7973664999008179,-4.0624747276306152,26.732397079467773) yaw=-0.43065422773361206 sp=2214.93994140625 vel=(2144.83251953125,2.8025969286496341e-45,-526.9696044921875) gate=15 lap=0 prog=15 b14=2318723.25 b1c=-3435767 v9e4=2214.93994140625
   post gate=15 lap=0 alive=1 prog=15 ng=94 gc=(3.9999992847442627,43) rt=17.316574096679688
f=1040 dt=0.01666666753590107 pos=(1.8965417146682739,-4.0624747276306152,26.703666687011719) yaw=-0.47527182102203369 sp=2236.833740234375 vel=(2142.167236328125,2.8025969286496341e-45,-620.5560302734375) gate=15 lap=0 prog=15 b14=2164191 b1c=-3537436 v9e4=2236.833740234375
   post gate=15 lap=0 alive=1 prog=15 ng=94 gc=(3.9999992847442627,43) rt=17.333240509033203
f=1041 dt=0.01666666753590107 pos=(1.9953656196594238,-4.0624747276306152,26.670581817626953) yaw=-0.5198894739151001 sp=2257.8876953125 vel=(2134.578369140625,2.8025969286496341e-45,-714.6138916015625) gate=15 lap=0 prog=15 b14=2005044.75 b1c=-3631870.75 v9e4=2257.8876953125
   post gate=15 lap=0 alive=1 prog=15 ng=94 gc=(3.9999992847442627,43) rt=17.349906921386719
f=1042 dt=0.01666666753590107 pos=(2.0936093330383301,-4.0624747276306152,26.633134841918945) yaw=-0.56450700759887695 sp=2278.112548828125 vel=(2122.044921875,2.8025969286496341e-45,-808.86126708984375) gate=15 lap=0 prog=15 b14=1841638.5 b1c=-3718860 v9e4=2278.112548828125
   post gate=15 lap=0 alive=1 prog=15 ng=94 gc=(3.9999992847442627,43) rt=17.366573333740234
f=1043 dt=0.01666666753590107 pos=(2.1910436153411865,-4.0624747276306152,26.591327667236328) yaw=-0.60912466049194336 sp=2297.51953125 vel=(2104.562255859375,2.8025969286496341e-45,-903.01751708984375) gate=15 lap=0 prog=15 b14=1674335.25 b1c=-3798211.25 v9e4=2297.51953125
   post gate=15 lap=0 alive=1 prog=15 ng=94 gc=(3.9999992847442627,43) rt=17.38323974609375
f=1044 dt=0.01666666753590107 pos=(2.2874398231506348,-4.0624747276306152,26.54517936706543) yaw=-0.65374225378036499 sp=2316.11962890625 vel=(2082.140869140625,2.8025969286496341e-45,-996.80413818359375) gate=15 lap=0 prog=15 b14=1503506.125 b1c=-3869749.5 v9e4=2316.11962890625
   post gate=15 lap=0 alive=1 prog=15 ng=94 gc=(3.9999992847442627,43) rt=17.399906158447266
f=1045 dt=0.01666666753590107 pos=(2.3825705051422119,-4.0624747276306152,26.494718551635742) yaw=-0.69835978746414185 sp=2333.924560546875 vel=(2054.80810546875,2.8025969286496341e-45,-1089.945556640625) gate=15 lap=0 prog=15 b14=1329529.875 b1c=-3933318.75 v9e4=2333.924560546875
   post gate=15 lap=0 alive=1 prog=15 ng=94 gc=(3.9999992847442627,43) rt=17.416572570800781
f=1046 dt=0.01666666753590107 pos=(2.476210355758667,-4.0624747276306152,26.439987182617188) yaw=-0.74297738075256348 sp=2350.94580078125 vel=(2022.605224609375,2.8025969286496341e-45,-1182.17041015625) gate=15 lap=0 prog=15 b14=1152793.25 b1c=-3988786.5 v9e4=2350.94580078125
   post gate=15 lap=0 alive=1 prog=15 ng=94 gc=(3.9999992847442627,43) rt=17.433238983154297
f=1047 dt=0.01666666753590107 pos=(2.56813645362854,-4.0624747276306152,26.38104248046875) yaw=-0.78759497404098511 sp=2367.195556640625 vel=(1985.5892333984375,2.8025969286496341e-45,-1273.211669921875) gate=15 lap=0 prog=15 b14=973686.5 b1c=-4036032.75 v9e4=2367.195556640625
   post gate=15 lap=0 alive=1 prog=15 ng=94 gc=(3.9999992847442627,43) rt=17.449905395507812
f=1048 dt=0.01666666753590107 pos=(2.6581294536590576,-4.0624747276306152,26.317949295043945) yaw=-0.83221256732940674 sp=2382.6865234375 vel=(1943.8310546875,2.8025969286496341e-45,-1362.8076171875) gate=15 lap=0 prog=15 b14=792605.0625 b1c=-4074962 v9e4=2382.6865234375
   post gate=15 lap=0 alive=1 prog=15 ng=94 gc=(3.9999992847442627,43) rt=17.466571807861328
f=1049 dt=0.01666666753590107 pos=(2.7459735870361328,-4.0624747276306152,26.250785827636719) yaw=-0.87683016061782837 sp=2397.4306640625 vel=(1897.41552734375,2.8025969286496341e-45,-1450.70263671875) gate=15 lap=0 prog=15 b14=609948.5 b1c=-4105498 v9e4=2397.4306640625
   post gate=15 lap=0 alive=1 prog=15 ng=94 gc=(3.9999992847442627,43) rt=17.483238220214844
f=1050 dt=0.01666666753590107 pos=(2.8314576148986816,-4.0624747276306152,26.179643630981445) yaw=-0.92144775390625 sp=2411.441162109375 vel=(1846.4407958984375,2.8025969286496341e-45,-1536.6480712890625) gate=15 lap=0 prog=15 b14=426118.21875 b1c=-4127585.25 v9e4=2411.441162109375
   post gate=15 lap=0 alive=1 prog=15 ng=94 gc=(3.9999992847442627,43) rt=17.499904632568359
f=1051 dt=0.01666666753590107 pos=(2.9143757820129395,-4.0624747276306152,26.104623794555664) yaw=-0.96606540679931641 sp=2424.73095703125 vel=(1791.017578125,2.8025969286496341e-45,-1620.402099609375) gate=15 lap=0 prog=15 b14=241516.6875 b1c=-4141185.75 v9e4=2424.73095703125
   post gate=15 lap=0 alive=1 prog=15 ng=94 gc=(3.9999992847442627,43) rt=17.516571044921875
f=1052 dt=0.01666666753590107 pos=(2.9945278167724609,-4.0624747276306152,26.025838851928711) yaw=-1.0106829404830933 sp=2437.3134765625 vel=(1731.2691650390625,2.8025969286496341e-45,-1701.73095703125) gate=15 lap=0 prog=15 b14=56546.6640625 b1c=-4146283.25 v9e4=2437.3134765625
   post gate=15 lap=0 alive=1 prog=15 ng=94 gc=(3.9999992847442627,43) rt=17.533237457275391
f=1053 dt=0.01666666753590107 pos=(3.0717196464538574,-4.0624747276306152,25.943412780761719) yaw=-1.0553004741668701 sp=2449.201904296875 vel=(1667.330078125,2.8025969286496341e-45,-1780.409423828125) gate=15 lap=0 prog=15 b14=-128389.734375 b1c=-4142880.5 v9e4=2449.201904296875
   post gate=15 lap=0 alive=1 prog=15 ng=94 gc=(3.9999992847442627,43) rt=17.549903869628906
f=1054 dt=0.01666666753590107 pos=(3.1457641124725342,-4.0624747276306152,25.857475280761719) yaw=-1.0999181270599365 sp=2460.41015625 vel=(1599.3460693359375,2.8025969286496341e-45,-1856.2210693359375) gate=15 lap=0 prog=15 b14=-312892.15625 b1c=-4131001 v9e4=2460.41015625
   post gate=15 lap=0 alive=1 prog=15 ng=94 gc=(3.9999992847442627,43) rt=17.566570281982422
f=1055 dt=0.01666666753590107 pos=(3.2164809703826904,-4.0624747276306152,25.768171310424805) yaw=-1.1445357799530029 sp=2470.95166015625 vel=(1527.4730224609375,2.8025969286496341e-45,-1928.958740234375) gate=15 lap=0 prog=15 b14=-496563.46875 b1c=-4110686 v9e4=2470.95166015625
   post gate=15 lap=0 alive=1 prog=15 ng=94 gc=(3.9999992847442627,43) rt=17.583236694335938
f=1056 dt=0.01666666753590107 pos=(3.2836980819702148,-4.0624747276306152,25.675651550292969) yaw=-1.1891533136367798 sp=2480.840576171875 vel=(1451.876708984375,2.8025969286496341e-45,-1998.42529296875) gate=15 lap=0 prog=15 b14=-679009.9375 b1c=-4081998.75 v9e4=2480.840576171875
   post gate=15 lap=0 alive=1 prog=15 ng=94 gc=(3.9999992847442627,43) rt=17.599903106689453
f=1057 dt=0.01666666753590107 pos=(3.3472509384155273,-4.0624747276306152,25.580074310302734) yaw=-1.2337709665298462 sp=2490.09130859375 vel=(1372.732177734375,2.8025969286496341e-45,-2064.43359375) gate=15 lap=0 prog=15 b14=-859843.3125 b1c=-4045018.25 v9e4=2490.09130859375
   post gate=15 lap=0 alive=1 prog=15 ng=94 gc=(3.9999992847442627,43) rt=17.616569519042969
f=1058 dt=0.01666666753590107 pos=(3.4069838523864746,-4.0624747276306152,25.481609344482422) yaw=-1.278388500213623 sp=2498.7177734375 vel=(1290.222412109375,2.8025969286496341e-45,-2126.80712890625) gate=15 lap=0 prog=15 b14=-1038680.0625 b1c=-3999842.5 v9e4=2498.7177734375
   post gate=15 lap=0 alive=1 prog=15 ng=94 gc=(3.9999992847442627,43) rt=17.633235931396484
f=1059 dt=0.01666666753590107 pos=(3.4627499580383301,-4.0624747276306152,25.380434036254883) yaw=-1.3230061531066895 sp=2506.734375 vel=(1204.53857421875,2.8025969286496341e-45,-2185.3798828125) gate=15 lap=0 prog=15 b14=-1215143.5 b1c=-3946588.5 v9e4=2506.734375
   post gate=15 lap=0 alive=1 prog=15 ng=94 gc=(3.9999992847442627,43) rt=17.64990234375
f=1060 dt=0.01666666753590107 pos=(3.514411449432373,-4.0624747276306152,25.276729583740234) yaw=-1.3676238059997559 sp=2514.15576171875 vel=(1115.878662109375,2.8025969286496341e-45,-2239.9970703125) gate=15 lap=0 prog=15 b14=-1388866 b1c=-3885393 v9e4=2514.15576171875
   post gate=15 lap=0 alive=1 prog=15 ng=94 gc=(3.9999992847442627,43) rt=17.666568756103516
f=1061 dt=0.01666666753590107 pos=(3.5618400573730469,-4.0624747276306152,25.170686721801758) yaw=-1.4122413396835327 sp=2520.99658203125 vel=(1024.447265625,2.8025969286496341e-45,-2290.515380859375) gate=15 lap=0 prog=15 b14=-1559486.625 b1c=-3816405.5 v9e4=2520.99658203125
   post gate=15 lap=0 alive=1 prog=15 ng=94 gc=(3.9999992847442627,43) rt=17.683235168457031
f=1062 dt=0.01666666753590107 pos=(3.604917049407959,-4.0624747276306152,25.0625) yaw=-1.4568589925765991 sp=2527.27099609375 vel=(930.454833984375,2.8025969286496341e-45,-2336.8017578125) gate=15 lap=0 prog=15 b14=-1726653.75 b1c=-3739794 v9e4=2527.27099609375
   post gate=15 lap=0 alive=1 prog=15 ng=94 gc=(3.9999992847442627,43) rt=17.699901580810547
f=1063 dt=0.01666666753590107 pos=(3.6435339450836182,-4.0624747276306152,24.952371597290039) yaw=-1.501476526260376 sp=2532.99462890625 vel=(834.11700439453125,2.8025969286496341e-45,-2378.736328125) gate=15 lap=0 prog=15 b14=-1890026.25 b1c=-3655743 v9e4=2532.99462890625
   post gate=15 lap=0 alive=1 prog=15 ng=94 gc=(3.9999992847442627,43) rt=17.716567993164062
f=1064 dt=0.01666666753590107 pos=(3.6775922775268555,-4.0624747276306152,24.840509414672852) yaw=-1.5460941791534424 sp=2538.181884765625 vel=(735.65380859375,2.8025969286496341e-45,-2416.2099609375) gate=15 lap=0 prog=15 b14=-2049273 b1c=-3564449.75 v9e4=2538.181884765625
   post gate=15 lap=0 alive=1 prog=15 ng=94 gc=(3.9999992847442627,43) rt=17.733234405517578
f=1065 dt=0.01666666753590107 pos=(3.7070040702819824,-4.0624747276306152,24.727123260498047) yaw=-1.5907117128372192 sp=2542.847900390625 vel=(635.2891845703125,2.8025969286496341e-45,-2449.125) gate=15 lap=0 prog=15 b14=-2204075.75 b1c=-3466130.5 v9e4=2542.847900390625
   post gate=15 lap=0 alive=1 prog=15 ng=94 gc=(3.9999992847442627,43) rt=17.749900817871094
f=1066 dt=0.01666666753590107 pos=(3.731691837310791,-4.0624747276306152,24.612428665161133) yaw=-1.6353293657302856 sp=2547.0078125 vel=(533.25042724609375,2.8025969286496341e-45,-2477.395751953125) gate=15 lap=0 prog=15 b14=-2354126.5 b1c=-3361010.5 v9e4=2547.0078125
   post gate=15 lap=0 alive=1 prog=15 ng=94 gc=(3.9999992847442627,43) rt=17.766567230224609
f=1067 dt=0.01666666753590107 pos=(3.7515885829925537,-4.0624747276306152,24.49664306640625) yaw=-1.6799468994140625 sp=2550.67626953125 vel=(429.76742553710938,2.8025969286496341e-45,-2500.948486328125) gate=15 lap=0 prog=15 b14=-2499129.5 b1c=-3249330.5 v9e4=2550.67626953125
   post gate=15 lap=0 alive=1 prog=15 ng=94 gc=(3.9999992847442627,43) rt=17.783233642578125
f=1068 dt=0.01666666753590107 pos=(3.7666382789611816,-4.0624747276306152,24.379987716674805) yaw=-1.7245645523071289 sp=2553.868896484375 vel=(325.07217407226562,2.8025969286496341e-45,-2519.720947265625) gate=15 lap=0 prog=15 b14=-2638805 b1c=-3131345.25 v9e4=2553.868896484375
   post gate=15 lap=0 alive=1 prog=15 ng=94 gc=(3.9999992847442627,43) rt=17.799900054931641
f=1069 dt=0.01666666753590107 pos=(3.7767956256866455,-4.0624747276306152,24.262687683105469) yaw=-1.7691820859909058 sp=2556.60107421875 vel=(219.39828491210938,2.8025969286496341e-45,-2533.66259765625) gate=15 lap=0 prog=15 b14=-2772881.75 b1c=-3007317 v9e4=2556.60107421875
   post gate=15 lap=0 alive=1 prog=15 ng=94 gc=(3.9999992847442627,43) rt=17.816566467285156
f=1070 dt=0.01666666753590107 pos=(3.7820262908935547,-4.0624747276306152,24.144968032836914) yaw=-1.8137997388839722 sp=2558.887451171875 vel=(112.98013305664062,2.8025969286496341e-45,-2542.734375) gate=15 lap=0 prog=15 b14=-2901107.5 b1c=-2877521.25 v9e4=2558.887451171875
   post gate=15 lap=0 alive=1 prog=15 ng=94 gc=(3.9999992847442627,43) rt=17.833232879638672
f=1071 dt=0.01666666753590107 pos=(3.782306432723999,-4.0624747276306152,24.027053833007812) yaw=-1.858417272567749 sp=2560.744384765625 vel=(6.0526084899902344,2.8025969286496341e-45,-2546.9091796875) gate=15 lap=0 prog=15 b14=-3023242.25 b1c=-2742246 v9e4=2560.744384765625
   post gate=15 lap=0 alive=1 prog=15 ng=94 gc=(3.9999992847442627,43) rt=17.849899291992188
f=1072 dt=0.01666666753590107 pos=(3.7776236534118652,-4.0624747276306152,23.909173965454102) yaw=-1.9030349254608154 sp=2562.18603515625 vel=(-101.14954376220703,2.8025969286496341e-45,-2546.17041015625) gate=15 lap=0 prog=15 b14=-3139059.5 b1c=-2601782.75 v9e4=2562.18603515625
   post gate=15 lap=0 alive=1 prog=15 ng=94 gc=(3.9999992847442627,43) rt=17.866565704345703
f=1073 dt=0.01666666753590107 pos=(3.7679758071899414,-4.0624747276306152,23.791557312011719) yaw=-1.9476524591445923 sp=2563.22900390625 vel=(-208.3922119140625,2.8025969286496341e-45,-2540.513427734375) gate=15 lap=0 prog=15 b14=-3248350 b1c=-2456436 v9e4=2563.22900390625
   post gate=15 lap=0 alive=1 prog=15 ng=94 gc=(3.9999992847442627,43) rt=17.883232116699219
f=1074 dt=0.01666666753590107 pos=(3.7533719539642334,-4.0624747276306152,23.674428939819336) yaw=-1.9922699928283691 sp=2563.88818359375 vel=(-315.44241333007812,2.8025969286496341e-45,-2529.944580078125) gate=15 lap=0 prog=15 b14=-3350916.75 b1c=-2306514.5 v9e4=2563.88818359375
   post gate=15 lap=0 alive=1 prog=15 ng=94 gc=(3.9999992847442627,43) rt=17.899898529052734
f=1075 dt=0.01666666753590107 pos=(3.7338316440582275,-4.0624747276306152,23.558017730712891) yaw=-2.0368876457214355 sp=2564.17919921875 vel=(-422.06878662109375,2.8025969286496341e-45,-2514.480712890625) gate=15 lap=0 prog=15 b14=-3446583 b1c=-2152338.5 v9e4=2564.17919921875
   post gate=15 lap=0 alive=1 prog=15 ng=94 gc=(3.9999992847442627,43) rt=17.91656494140625
f=1076 dt=0.01666666753590107 pos=(3.7093851566314697,-4.0624747276306152,23.442546844482422) yaw=-2.081505298614502 sp=2564.11767578125 vel=(-528.0419921875,2.8025969286496341e-45,-2494.149658203125) gate=15 lap=0 prog=15 b14=-3535181.75 b1c=-1994228.875 v9e4=2564.11767578125
   post gate=15 lap=0 alive=1 prog=15 ng=94 gc=(3.9999992847442627,43) rt=17.933231353759766
f=1077 dt=0.01666666753590107 pos=(3.6800730228424072,-4.0624747276306152,23.328241348266602) yaw=-2.1261227130889893 sp=2563.718994140625 vel=(-633.13519287109375,2.8025969286496341e-45,-2468.98974609375) gate=15 lap=0 prog=15 b14=-3616564.75 b1c=-1832515 v9e4=2563.718994140625
   post gate=15 lap=0 alive=1 prog=15 ng=94 gc=(3.9999992847442627,43) rt=17.949897766113281
f=1078 dt=0.01666666753590107 pos=(3.6459465026855469,-4.0624747276306152,23.215320587158203) yaw=-2.1707403659820557 sp=2562.999267578125 vel=(-737.12457275390625,2.8025969286496341e-45,-2439.0498046875) gate=15 lap=0 prog=15 b14=-3690598.5 b1c=-1667528.75 v9e4=2562.999267578125
   post gate=15 lap=0 alive=1 prog=15 ng=94 gc=(3.9999992847442627,43) rt=17.966564178466797
f=1079 dt=0.01666666753590107 pos=(3.6070671081542969,-4.0624747276306152,23.104005813598633) yaw=-2.2153580188751221 sp=2561.973876953125 vel=(-839.78955078125,2.8025969286496341e-45,-2404.388671875) gate=15 lap=0 prog=15 b14=-3757165.75 b1c=-1499607 v9e4=2561.973876953125
   post gate=15 lap=0 alive=1 prog=15 ng=94 gc=(3.9999992847442627,43) rt=17.983230590820312
f=1080 dt=0.01666666753590107 pos=(3.5635058879852295,-4.0624747276306152,22.994510650634766) yaw=-2.2599754333496094 sp=2560.65869140625 vel=(-940.913330078125,2.8025969286496341e-45,-2365.07470703125) gate=15 lap=0 prog=15 b14=-3816164 b1c=-1329089.375 v9e4=2560.65869140625
   post gate=15 lap=0 alive=1 prog=15 ng=94 gc=(3.9999992847442627,43) rt=17.999897003173828
f=1081 dt=0.01666666753590107 pos=(3.5153441429138184,-4.0624747276306152,22.887046813964844) yaw=-2.3045930862426758 sp=2559.0693359375 vel=(-1040.283203125,2.8025969286496341e-45,-2321.18603515625) gate=15 lap=0 prog=15 b14=-3867505 b1c=-1156317.125 v9e4=2559.0693359375
   post gate=15 lap=0 alive=1 prog=15 ng=94 gc=(3.9999992847442627,43) rt=18.016563415527344
f=1082 dt=0.01666666753590107 pos=(3.4626729488372803,-4.0624747276306152,22.781824111938477) yaw=-2.3492107391357422 sp=2557.221435546875 vel=(-1137.6907958984375,2.8025969286496341e-45,-2272.810546875) gate=15 lap=0 prog=15 b14=-3911116.75 b1c=-981632.125 v9e4=2557.221435546875
   post gate=15 lap=0 alive=1 prog=15 ng=94 gc=(3.9999992847442627,43) rt=18.033229827880859
f=1083 dt=0.01666666753590107 pos=(3.4055922031402588,-4.0624747276306152,22.679042816162109) yaw=-2.3938283920288086 sp=2555.130859375 vel=(-1232.932861328125,2.8025969286496341e-45,-2220.045166015625) gate=15 lap=0 prog=15 b14=-3946945.25 b1c=-805379.5625 v9e4=2555.130859375
   post gate=30 lap=0 alive=1 prog=30 ng=94 gc=(22.936075210571289,17.227895736694336) rt=18.049896240234375
f=1084 dt=0.01666666753590107 pos=(3.3442115783691406,-4.0624747276306152,22.578903198242188) yaw=-2.4384458065032959 sp=2552.813232421875 vel=(-1325.81103515625,2.8025969286496341e-45,-2162.994873046875) gate=30 lap=0 prog=30 b14=-3974946.5 b1c=-627902.625 v9e4=2552.813232421875
   post gate=34 lap=0 alive=1 prog=34 ng=94 gc=(17.639257431030273,11.780555725097656) rt=18.066562652587891
f=1085 dt=0.01666666753590107 pos=(3.2786493301391602,-4.0624747276306152,22.481597900390625) yaw=-2.4830634593963623 sp=2550.284423828125 vel=(-1416.1326904296875,2.8025969286496341e-45,-2101.7744140625) gate=34 lap=0 prog=34 b14=-3995095.25 b1c=-449545.125 v9e4=2550.284423828125
   post gate=34 lap=0 alive=1 prog=34 ng=94 gc=(17.639257431030273,11.780555725097656) rt=18.083229064941406
f=1086 dt=0.01666666753590107 pos=(3.2090325355529785,-4.0624747276306152,22.387313842773438) yaw=-2.5276811122894287 sp=2547.560302734375 vel=(-1503.7109375,2.8025969286496341e-45,-2036.506103515625) gate=34 lap=0 prog=34 b14=-4007376.5 b1c=-270648.8125 v9e4=2547.560302734375
   post gate=34 lap=0 alive=1 prog=34 ng=94 gc=(17.639257431030273,11.780555725097656) rt=18.099895477294922
f=1087 dt=0.01666666753590107 pos=(3.1354966163635254,-4.0624747276306152,22.296234130859375) yaw=-2.5722987651824951 sp=2544.656005859375 vel=(-1588.3648681640625,2.8025969286496341e-45,-1967.3206787109375) gate=34 lap=0 prog=34 b14=-4011793.25 b1c=-91555.3515625 v9e4=2544.656005859375
   post gate=34 lap=0 alive=1 prog=34 ng=94 gc=(17.639257431030273,11.780555725097656) rt=18.116561889648438
f=1088 dt=0.01666666753590107 pos=(3.0581848621368408,-4.0624747276306152,22.208532333374023) yaw=-2.6169164180755615 sp=2541.587890625 vel=(-1669.9202880859375,2.8025969286496341e-45,-1894.356689453125) gate=34 lap=0 prog=34 b14=-4008359.75 b1c=87395.890625 v9e4=2541.587890625
   post gate=34 lap=0 alive=1 prog=34 ng=94 gc=(17.639257431030273,11.780555725097656) rt=18.133228302001953
f=1089 dt=0.01666666753590107 pos=(2.9772486686706543,-4.0624747276306152,22.12437629699707) yaw=-2.6615340709686279 sp=2538.370849609375 vel=(-1748.209228515625,2.8025969286496341e-45,-1817.7598876953125) gate=34 lap=0 prog=34 b14=-3997105.75 b1c=265869.15625 v9e4=2538.370849609375
   post gate=34 lap=0 alive=1 prog=34 ng=94 gc=(17.639257431030273,11.780555725097656) rt=18.149894714355469
f=1090 dt=0.01666666753590107 pos=(2.8928465843200684,-4.0624747276306152,22.043928146362305) yaw=-2.7061514854431152 sp=2535.02099609375 vel=(-1823.0712890625,2.8025969286496341e-45,-1737.68310546875) gate=34 lap=0 prog=34 b14=-3978074 b1c=443530.5 v9e4=2535.02099609375
   post gate=34 lap=0 alive=1 prog=34 ng=94 gc=(17.639257431030273,11.780555725097656) rt=18.166561126708984
f=1091 dt=0.01666666753590107 pos=(2.8051443099975586,-4.0624747276306152,21.967340469360352) yaw=-2.7507691383361816 sp=2531.552978515625 vel=(-1894.3531494140625,2.8025969286496341e-45,-1654.2864990234375) gate=34 lap=0 prog=34 b14=-3951320.25 b1c=620049.625 v9e4=2531.552978515625
   post gate=34 lap=0 alive=1 prog=34 ng=94 gc=(17.639257431030273,11.780555725097656) rt=18.1832275390625
f=1092 dt=0.01666666753590107 pos=(2.7143144607543945,-4.0624747276306152,21.894760131835938) yaw=-2.795386791229248 sp=2527.98291015625 vel=(-1961.9090576171875,2.8025969286496341e-45,-1567.7364501953125) gate=34 lap=0 prog=34 b14=-3916913 b1c=795100.25 v9e4=2527.98291015625
   post gate=34 lap=0 alive=1 prog=34 ng=94 gc=(17.639257431030273,11.780555725097656) rt=18.199893951416016
f=1093 dt=0.01666666753590107 pos=(2.6205358505249023,-4.0624747276306152,21.826324462890625) yaw=-2.8400042057037354 sp=2524.325439453125 vel=(-2025.6007080078125,2.8025969286496341e-45,-1478.2056884765625) gate=34 lap=0 prog=34 b14=-3874932 b1c=968359.75 v9e4=2524.325439453125
   post gate=34 lap=0 alive=1 prog=34 ng=94 gc=(17.639257431030273,11.780555725097656) rt=18.216560363769531
f=1094 dt=0.01666666753590107 pos=(2.5239934921264648,-4.0624747276306152,21.762163162231445) yaw=-2.8846218585968018 sp=2520.595458984375 vel=(-2085.298095703125,2.8025969286496341e-45,-1385.872802734375) gate=34 lap=0 prog=34 b14=-3825472 b1c=1139510.25 v9e4=2520.595458984375
   post gate=34 lap=0 alive=1 prog=34 ng=94 gc=(17.639257431030273,11.780555725097656) rt=18.233226776123047
f=1095 dt=0.01666666753590107 pos=(2.4248778820037842,-4.0624747276306152,21.702398300170898) yaw=-2.9292395114898682 sp=2516.80810546875 vel=(-2140.879638671875,2.8025969286496341e-45,-1290.921875) gate=34 lap=0 prog=34 b14=-3768637.25 b1c=1308238.375 v9e4=2516.80810546875
   post gate=34 lap=0 alive=1 prog=34 ng=94 gc=(17.639257431030273,11.780555725097656) rt=18.249893188476562
f=1096 dt=0.01666666753590107 pos=(2.3233847618103027,-4.0624747276306152,21.647140502929688) yaw=-2.9738571643829346 sp=2512.9775390625 vel=(-2192.23193359375,2.8025969286496341e-45,-1193.5419921875) gate=34 lap=0 prog=34 b14=-3704545.5 b1c=1474236.125 v9e4=2512.9775390625
   post gate=34 lap=0 alive=1 prog=34 ng=94 gc=(17.639257431030273,11.780555725097656) rt=18.266559600830078
f=1097 dt=0.01666666753590107 pos=(2.219714879989624,-4.0624747276306152,21.596494674682617) yaw=-3.018474817276001 sp=2509.117919921875 vel=(-2239.250244140625,2.8025969286496341e-45,-1093.9273681640625) gate=34 lap=0 prog=34 b14=-3633325.5 b1c=1637200.75 v9e4=2509.117919921875
   post gate=34 lap=0 alive=1 prog=34 ng=94 gc=(17.639257431030273,11.780555725097656) rt=18.283226013183594
f=1098 dt=0.01666666753590107 pos=(2.1140732765197754,-4.0624747276306152,21.550556182861328) yaw=-3.0630922317504883 sp=2505.24365234375 vel=(-2281.839111328125,2.8025969286496341e-45,-992.27642822265625) gate=34 lap=0 prog=34 b14=-3555116.25 b1c=1796834.625 v9e4=2505.24365234375
   post gate=34 lap=0 alive=1 prog=34 ng=94 gc=(17.639257431030273,11.780555725097656) rt=18.299892425537109
f=1099 dt=0.01666666753590107 pos=(2.0066690444946289,-4.0624747276306152,21.509408950805664) yaw=-3.1077098846435547 sp=2501.368408203125 vel=(-2319.912109375,2.8025969286496341e-45,-888.791748046875) gate=34 lap=0 prog=34 b14=-3470070.25 b1c=1952847 v9e4=2501.368408203125
   post gate=34 lap=0 alive=1 prog=34 ng=94 gc=(17.639257431030273,11.780555725097656) rt=18.316558837890625
f=1100 dt=0.01666666753590107 pos=(1.8977148532867432,-4.0624747276306152,21.473127365112305) yaw=3.1308577060699463 sp=2497.505126953125 vel=(-2353.3916015625,2.8025969286496341e-45,-783.6795654296875) gate=34 lap=0 prog=34 b14=-3378349.75 b1c=2104952.5 v9e4=2497.505126953125
   post gate=34 lap=0 alive=1 prog=34 ng=94 gc=(17.639257431030273,11.780555725097656) rt=18.333225250244141
f=1101 dt=0.01666666753590107 pos=(1.7874264717102051,-4.0624747276306152,21.441778182983398) yaw=3.086240291595459 sp=2493.6669921875 vel=(-2382.209716796875,2.8025969286496341e-45,-677.14910888671875) gate=34 lap=0 prog=34 b14=-3280128.25 b1c=2252873.75 v9e4=2493.6669921875
   post gate=34 lap=0 alive=1 prog=34 ng=94 gc=(17.639257431030273,11.780555725097656) rt=18.349891662597656
f=1102 dt=0.01666666753590107 pos=(1.6760224103927612,-4.0624747276306152,21.415416717529297) yaw=3.0416226387023926 sp=2489.866455078125 vel=(-2406.30810546875,2.8025969286496341e-45,-569.41259765625) gate=34 lap=0 prog=34 b14=-3175589.5 b1c=2396338.5 v9e4=2489.866455078125
   post gate=34 lap=0 alive=1 prog=34 ng=94 gc=(17.639257431030273,11.780555725097656) rt=18.366558074951172
f=1103 dt=0.01666666753590107 pos=(1.5637234449386597,-4.0624747276306152,21.394088745117188) yaw=2.9970049858093262 sp=2486.115478515625 vel=(-2425.637451171875,2.8025969286496341e-45,-460.6845703125) gate=34 lap=0 prog=34 b14=-3064926.75 b1c=2535081.75 v9e4=2486.115478515625
   post gate=34 lap=0 alive=1 prog=34 ng=94 gc=(17.639257431030273,11.780555725097656) rt=18.383224487304688
f=1104 dt=0.01666666753590107 pos=(1.4507522583007812,-4.0624747276306152,21.377830505371094) yaw=2.9523873329162598 sp=2482.425537109375 vel=(-2440.158935546875,2.8025969286496341e-45,-351.18145751953125) gate=34 lap=0 prog=34 b14=-2948344.75 b1c=2668846.25 v9e4=2482.425537109375
   post gate=34 lap=0 alive=1 prog=34 ng=94 gc=(17.639257431030273,11.780555725097656) rt=18.399890899658203
f=1105 dt=0.01666666753590107 pos=(1.3373327255249023,-4.0624747276306152,21.366666793823242) yaw=2.9077699184417725 sp=2478.807373046875 vel=(-2449.843505859375,2.8025969286496341e-45,-241.12118530273438) gate=34 lap=0 prog=34 b14=-2826059.25 b1c=2797384.75 v9e4=2478.807373046875
   post gate=34 lap=0 alive=1 prog=34 ng=94 gc=(17.639257431030273,11.780555725097656) rt=18.416557312011719
f=1106 dt=0.01666666753590107 pos=(1.2236896753311157,-4.0624747276306152,21.360614776611328) yaw=2.8631522655487061 sp=2475.271728515625 vel=(-2454.67138671875,2.8025969286496341e-45,-130.72267150878906) gate=34 lap=0 prog=34 b14=-2698295 b1c=2920455.5 v9e4=2475.271728515625
   post gate=34 lap=0 alive=1 prog=34 ng=94 gc=(17.639257431030273,11.780555725097656) rt=18.433223724365234
f=1107 dt=0.01666666753590107 pos=(1.1100482940673828,-4.0624747276306152,21.35968017578125) yaw=2.8185346126556396 sp=2471.828369140625 vel=(-2454.633544921875,2.8025969286496341e-45,-20.205413818359375) gate=34 lap=0 prog=34 b14=-2565285.75 b1c=3037825.75 v9e4=2471.828369140625
   post gate=34 lap=0 alive=1 prog=34 ng=94 gc=(17.639257431030273,11.780555725097656) rt=18.44989013671875
f=1108 dt=0.01666666753590107 pos=(0.99663394689559937,-4.0624747276306152,21.363857269287109) yaw=2.7739169597625732 sp=2468.48681640625 vel=(-2449.730224609375,2.8025969286496341e-45,90.210983276367188) gate=34 lap=0 prog=34 b14=-2427276.5 b1c=3149272 v9e4=2468.48681640625
   post gate=34 lap=0 alive=1 prog=34 ng=94 gc=(17.639257431030273,11.780555725097656) rt=18.466556549072266
f=1109 dt=0.01666666753590107 pos=(0.88367140293121338,-4.0624747276306152,21.373130798339844) yaw=2.7292995452880859 sp=2465.2548828125 vel=(-2439.971435546875,2.8025969286496341e-45,200.30728149414062) gate=34 lap=0 prog=34 b14=-2284521 b1c=3254581 v9e4=2465.2548828125
   post gate=34 lap=0 alive=1 prog=34 ng=94 gc=(17.639257431030273,11.780555725097656) rt=18.483222961425781
f=1110 dt=0.01666666753590107 pos=(0.77138453722000122,-4.0624747276306152,21.387475967407227) yaw=2.6846818923950195 sp=2462.14111328125 vel=(-2425.37744140625,2.8025969286496341e-45,309.86508178710938) gate=34 lap=0 prog=34 b14=-2137282.5 b1c=3353549.25 v9e4=2462.14111328125
   post gate=34 lap=0 alive=1 prog=34 ng=94 gc=(17.639257431030273,11.780555725097656) rt=18.499889373779297
f=1111 dt=0.01666666753590107 pos=(0.65999579429626465,-4.0624747276306152,21.406858444213867) yaw=2.6400642395019531 sp=2459.152099609375 vel=(-2405.978271484375,2.8025969286496341e-45,418.667236328125) gate=34 lap=0 prog=34 b14=-1985831.25 b1c=3445980.75 v9e4=2459.152099609375
   post gate=34 lap=0 alive=1 prog=34 ng=94 gc=(17.639257431030273,11.780555725097656) rt=18.516555786132812
f=1112 dt=0.01666666753590107 pos=(0.54972577095031738,-4.0624747276306152,21.431234359741211) yaw=2.5954465866088867 sp=2456.294921875 vel=(-2381.81396484375,2.8025969286496341e-45,526.49835205078125) gate=34 lap=0 prog=34 b14=-1830450 b1c=3531694.75 v9e4=2456.294921875
   post gate=34 lap=0 alive=1 prog=34 ng=94 gc=(17.639257431030273,11.780555725097656) rt=18.533222198486328
f=1113 dt=0.01666666753590107 pos=(0.44079279899597168,-4.0624747276306152,21.460546493530273) yaw=2.5508291721343994 sp=2453.5751953125 vel=(-2352.93310546875,2.8025969286496341e-45,633.145263671875) gate=34 lap=0 prog=34 b14=-1671427 b1c=3610519.75 v9e4=2453.5751953125
   post gate=34 lap=0 alive=1 prog=34 ng=94 gc=(17.639257431030273,11.780555725097656) rt=18.549888610839844
f=1114 dt=0.01666666753590107 pos=(0.33341255784034729,-4.0624747276306152,21.494731903076172) yaw=2.506211519241333 sp=2450.99755859375 vel=(-2319.394775390625,2.8025969286496341e-45,738.39727783203125) gate=34 lap=0 prog=34 b14=-1509058.875 b1c=3682292.75 v9e4=2450.99755859375
   post gate=34 lap=0 alive=1 prog=34 ng=94 gc=(17.639257431030273,11.780555725097656) rt=18.566555023193359
f=1115 dt=0.01666666753590107 pos=(0.22779750823974609,-4.0624747276306152,21.533716201782227) yaw=2.4615938663482666 sp=2448.56689453125 vel=(-2281.266845703125,2.8025969286496341e-45,842.04693603515625) gate=34 lap=0 prog=34 b14=-1343650.875 b1c=3746868.5 v9e4=2448.56689453125
   post gate=34 lap=0 alive=1 prog=34 ng=94 gc=(17.639257431030273,11.780555725097656) rt=18.583221435546875
f=1116 dt=0.01666666753590107 pos=(0.12415654957294464,-4.0624747276306152,21.577415466308594) yaw=2.4169762134552002 sp=2446.2861328125 vel=(-2238.626708984375,2.8025969286496341e-45,943.8900146484375) gate=34 lap=0 prog=34 b14=-1175513.625 b1c=3804108 v9e4=2446.2861328125
   post gate=34 lap=0 alive=1 prog=34 ng=94 gc=(17.639257431030273,11.780555725097656) rt=18.599887847900391
f=1117 dt=0.01666666753590107 pos=(0.022694602608680725,-4.0624747276306152,21.625736236572266) yaw=2.3723587989807129 sp=2444.158935546875 vel=(-2191.560546875,2.8025969286496341e-45,1043.7264404296875) gate=34 lap=0 prog=34 b14=-1004967 b1c=3853893.5 v9e4=2444.158935546875
   post gate=34 lap=0 alive=1 prog=34 ng=94 gc=(17.639257431030273,11.780555725097656) rt=18.616554260253906
f=1118 dt=0.01666666753590107 pos=(-0.076387792825698853,-4.0624747276306152,21.678577423095703) yaw=2.3277411460876465 sp=2442.186767578125 vel=(-2140.16259765625,2.8025969286496341e-45,1141.3602294921875) gate=34 lap=0 prog=34 b14=-832335.1875 b1c=3896111.5 v9e4=2442.186767578125
   post gate=34 lap=0 alive=1 prog=34 ng=94 gc=(17.639257431030273,11.780555725097656) rt=18.633220672607422
f=1119 dt=0.01666666753590107 pos=(-0.17289489507675171,-4.0624747276306152,21.735828399658203) yaw=2.2831234931945801 sp=2440.370849609375 vel=(-2084.53662109375,2.8025969286496341e-45,1236.60009765625) gate=34 lap=0 prog=34 b14=-657948.875 b1c=3930668.5 v9e4=2440.370849609375
   post gate=34 lap=0 alive=1 prog=34 ng=94 gc=(17.639257431030273,11.780555725097656) rt=18.649887084960938
f=1120 dt=0.01666666753590107 pos=(-0.26663613319396973,-4.0624747276306152,21.797369003295898) yaw=2.2385060787200928 sp=2438.712158203125 vel=(-2024.7943115234375,2.8025969286496341e-45,1329.2596435546875) gate=34 lap=0 prog=34 b14=-482143.40625 b1c=3957483.25 v9e4=2438.712158203125
   post gate=34 lap=0 alive=1 prog=34 ng=94 gc=(17.639257431030273,11.780555725097656) rt=18.666553497314453
f=1121 dt=0.01666666753590107 pos=(-0.35742646455764771,-4.0624747276306152,21.863071441650391) yaw=2.1938884258270264 sp=2437.210693359375 vel=(-1961.05517578125,2.8025969286496341e-45,1419.157958984375) gate=34 lap=0 prog=34 b14=-305259.25 b1c=3976491 v9e4=2437.210693359375
   post gate=34 lap=0 alive=1 prog=34 ng=94 gc=(17.639257431030273,11.780555725097656) rt=18.683219909667969
f=1122 dt=0.01666666753590107 pos=(-0.35742646455764771,-4.0624747276306152,22.163070678710938) yaw=-0.83479994535446167 sp=1217.932861328125 vel=(817.62994384765625,2.8025969286496341e-45,-902.68585205078125) gate=34 lap=0 prog=34 b14=-127640.53125 b1c=3987637.25 v9e4=2435.86572265625
   post gate=34 lap=0 alive=1 prog=34 ng=94 gc=(17.639257431030273,11.780555725097656) rt=18.699886322021484
f=1123 dt=0.01666666753590107 pos=(-0.31916677951812744,-4.0624747276306152,22.118684768676758) yaw=-0.87245672941207886 sp=1265.92333984375 vel=(826.4024658203125,2.8025969286496341e-45,-958.74169921875) gate=34 lap=0 prog=34 b14=569402.8125 b1c=-3902016 v9e4=1265.92333984375
   post gate=34 lap=0 alive=1 prog=34 ng=94 gc=(17.639257431030273,11.780555725097656) rt=18.716552734375
f=1124 dt=0.01666666753590107 pos=(-0.28071573376655579,-4.0624747276306152,22.071601867675781) yaw=-0.91151577234268188 sp=1313.0765380859375 vel=(830.53594970703125,2.8025969286496341e-45,-1016.9765625) gate=34 lap=0 prog=34 b14=423646.78125 b1c=-3935085.75 v9e4=1313.0765380859375
   post gate=34 lap=0 alive=1 prog=34 ng=94 gc=(17.639257431030273,11.780555725097656) rt=18.733219146728516
f=1125 dt=0.01666666753590107 pos=(-0.24229906499385834,-4.0624747276306152,22.02174186706543) yaw=-0.95195746421813965 sp=1359.5697021484375 vel=(829.7933349609375,2.8025969286496341e-45,-1076.9710693359375) gate=34 lap=0 prog=34 b14=270649.09375 b1c=-3963083 v9e4=1359.5697021484375
   post gate=34 lap=0 alive=1 prog=34 ng=94 gc=(17.639257431030273,11.780555725097656) rt=18.749885559082031
f=1126 dt=0.01666666753590107 pos=(-0.20415405929088593,-4.0624747276306152,21.969036102294922) yaw=-0.9937593936920166 sp=1405.310546875 vel=(823.9254150390625,2.8025969286496341e-45,-1138.418212890625) gate=34 lap=0 prog=34 b14=110574.3515625 b1c=-3984362.25 v9e4=1405.310546875
   post gate=34 lap=0 alive=1 prog=34 ng=94 gc=(17.639257431030273,11.780555725097656) rt=18.766551971435547
f=1127 dt=0.01666666753590107 pos=(-0.16652873158454895,-4.0624747276306152,21.913434982299805) yaw=-1.0368964672088623 sp=1450.20947265625 vel=(812.70068359375,2.8025969286496341e-45,-1200.977294921875) gate=34 lap=0 prog=34 b14=-56205.46484375 b1c=-3998142.75 v9e4=1450.20947265625
   post gate=34 lap=0 alive=1 prog=34 ng=94 gc=(17.639257431030273,11.780555725097656) rt=18.783218383789062
f=1128 dt=0.01666666753590107 pos=(-0.12968072295188904,-4.0624747276306152,21.854904174804688) yaw=-1.081341028213501 sp=1494.1795654296875 vel=(795.91070556640625,2.8025969286496341e-45,-1264.27490234375) gate=34 lap=0 prog=34 b14=-229234.46875 b1c=-4003642.5 v9e4=1494.1795654296875
   post gate=34 lap=0 alive=1 prog=34 ng=94 gc=(17.639257431030273,11.780555725097656) rt=18.799884796142578
f=1129 dt=0.01666666753590107 pos=(-0.09387604147195816,-4.0624747276306152,21.793426513671875) yaw=-1.1259585618972778 sp=1537.1361083984375 vel=(773.3748779296875,2.8025969286496341e-45,-1327.904541015625) gate=34 lap=0 prog=34 b14=-407969.21875 b1c=-4000090.5 v9e4=1537.1361083984375
   post gate=34 lap=0 alive=1 prog=34 ng=94 gc=(17.639257431030273,11.780555725097656) rt=18.816551208496094
f=1130 dt=0.01666666753590107 pos=(-0.059373475611209869,-4.0624747276306152,21.729011535644531) yaw=-1.1705762147903442 sp=1579.0478515625 vel=(745.24945068359375,2.8025969286496341e-45,-1391.353759765625) gate=34 lap=0 prog=34 b14=-587422.3125 b1c=-3987715.75 v9e4=1579.0478515625
   post gate=34 lap=0 alive=1 prog=34 ng=94 gc=(17.639257431030273,11.780555725097656) rt=18.833217620849609
f=1131 dt=0.01666666753590107 pos=(-0.026422448456287384,-4.0624747276306152,21.661689758300781) yaw=-1.2151937484741211 sp=1619.913330078125 vel=(711.7364501953125,2.8025969286496341e-45,-1454.1446533203125) gate=34 lap=0 prog=34 b14=-766474.5 b1c=-3966725 v9e4=1619.913330078125
   post gate=34 lap=0 alive=1 prog=34 ng=94 gc=(17.639257431030273,11.780555725097656) rt=18.849884033203125
f=1132 dt=0.01666666753590107 pos=(0.0047368183732032776,-4.0624747276306152,21.591510772705078) yaw=-1.2598114013671875 sp=1659.7401123046875 vel=(673.0347900390625,2.8025969286496341e-45,-1515.84423828125) gate=34 lap=0 prog=34 b14=-944707.8125 b1c=-3937213.25 v9e4=1659.7401123046875
   post gate=34 lap=0 alive=1 prog=34 ng=94 gc=(17.639257431030273,11.780555725097656) rt=18.866550445556641
f=1133 dt=0.01666666753590107 pos=(0.033873315900564194,-4.0624747276306152,21.518545150756836) yaw=-1.3044289350509644 sp=1698.5389404296875 vel=(629.34332275390625,2.8025969286496341e-45,-1576.0562744140625) gate=34 lap=0 prog=34 b14=-1121709.375 b1c=-3899262 v9e4=1698.5389404296875
   post gate=34 lap=0 alive=1 prog=34 ng=94 gc=(17.639257431030273,11.780555725097656) rt=18.883216857910156
f=1134 dt=0.01666666753590107 pos=(0.060765363276004791,-4.0624747276306152,21.442876815795898) yaw=-1.3490465879440308 sp=1736.3211669921875 vel=(580.863525390625,2.8025969286496341e-45,-1634.415771484375) gate=34 lap=0 prog=34 b14=-1297071.375 b1c=-3852955.25 v9e4=1736.3211669921875
   post gate=34 lap=0 alive=1 prog=34 ng=94 gc=(17.639257431030273,11.780555725097656) rt=18.899883270263672
f=1135 dt=0.01666666753590107 pos=(0.085200808942317963,-4.0624747276306152,21.364608764648438) yaw=-1.3936641216278076 sp=1773.0986328125 vel=(527.8013916015625,2.8025969286496341e-45,-1690.584716796875) gate=34 lap=0 prog=34 b14=-1470390.375 b1c=-3798390.75 v9e4=1773.0986328125
   post gate=34 lap=0 alive=1 prog=34 ng=94 gc=(17.639257431030273,11.780555725097656) rt=18.916549682617188
f=1136 dt=0.01666666753590107 pos=(0.10697730630636215,-4.0624747276306152,21.283855438232422) yaw=-1.438281774520874 sp=1808.8828125 vel=(470.36856079101562,2.8025969286496341e-45,-1744.2496337890625) gate=34 lap=0 prog=34 b14=-1641267.125 b1c=-3735675.75 v9e4=1808.8828125
   post gate=34 lap=0 alive=1 prog=34 ng=94 gc=(17.639257431030273,11.780555725097656) rt=18.933216094970703
f=1137 dt=0.01666666753590107 pos=(0.12590260803699493,-4.0624747276306152,21.200746536254883) yaw=-1.4828993082046509 sp=1843.68505859375 vel=(408.7833251953125,2.8025969286496341e-45,-1795.118896484375) gate=34 lap=0 prog=34 b14=-1809307 b1c=-3664934.5 v9e4=1843.68505859375
   post gate=34 lap=0 alive=1 prog=34 ng=94 gc=(17.639257431030273,11.780555725097656) rt=18.949882507324219
f=1138 dt=0.01666666753590107 pos=(0.14179491996765137,-4.0624747276306152,21.115425109863281) yaw=-1.5275169610977173 sp=1877.5152587890625 vel=(343.27108764648438,2.8025969286496341e-45,-1842.921875) gate=34 lap=0 prog=34 b14=-1974121.5 b1c=-3586307.5 v9e4=1877.5152587890625
   post gate=34 lap=0 alive=1 prog=34 ng=94 gc=(17.639257431030273,11.780555725097656) rt=18.966548919677734
f=1139 dt=0.01666666753590107 pos=(0.15448319911956787,-4.0624747276306152,21.028043746948242) yaw=-1.5721344947814941 sp=1910.383544921875 vel=(274.06466674804688,2.8025969286496341e-45,-1887.4071044921875) gate=34 lap=0 prog=34 b14=-2135330.25 b1c=-3499954.75 v9e4=1910.383544921875
   post gate=34 lap=0 alive=1 prog=34 ng=94 gc=(17.639257431030273,11.780555725097656) rt=18.98321533203125
f=1140 dt=0.01666666753590107 pos=(0.16380754113197327,-4.0624747276306152,20.93876838684082) yaw=-1.6167521476745605 sp=1942.299560546875 vel=(201.40419006347656,2.8025969286496341e-45,-1928.3427734375) gate=34 lap=0 prog=34 b14=-2292559 b1c=-3406052.5 v9e4=1942.299560546875
   post gate=34 lap=0 alive=1 prog=34 ng=94 gc=(17.639257431030273,11.780555725097656) rt=18.999881744384766
f=1141 dt=0.01666666753590107 pos=(0.16961948573589325,-4.0624747276306152,20.847770690917969) yaw=-1.6613696813583374 sp=1973.2724609375 vel=(125.53697967529297,2.8025969286496341e-45,-1965.5150146484375) gate=34 lap=0 prog=34 b14=-2445442.25 b1c=-3304794.25 v9e4=1973.2724609375
   post gate=34 lap=0 alive=1 prog=34 ng=94 gc=(17.639257431030273,11.780555725097656) rt=19.016548156738281
f=1142 dt=0.01666666753590107 pos=(0.17178232967853546,-4.0624747276306152,20.75523567199707) yaw=-1.7059873342514038 sp=2003.3109130859375 vel=(46.717189788818359,2.8025969286496341e-45,-1998.7283935546875) gate=34 lap=0 prog=34 b14=-2593626 b1c=-3196393.25 v9e4=2003.3109130859375
   post gate=34 lap=0 alive=1 prog=34 ng=94 gc=(17.639257431030273,11.780555725097656) rt=19.033214569091797
f=1143 dt=0.01666666753590107 pos=(0.17017145454883575,-4.0624747276306152,20.661355972290039) yaw=-1.7506049871444702 sp=2032.4239501953125 vel=(-34.794685363769531,2.8025969286496341e-45,-2027.805419921875) gate=34 lap=0 prog=34 b14=-2736766.75 b1c=-3081079.75 v9e4=2032.4239501953125
   post gate=34 lap=0 alive=1 prog=34 ng=94 gc=(17.639257431030273,11.780555725097656) rt=19.049880981445312
f=1144 dt=0.01666666753590107 pos=(0.1646745353937149,-4.0624747276306152,20.566328048706055) yaw=-1.7952225208282471 sp=2060.62060546875 vel=(-118.73240661621094,2.8025969286496341e-45,-2052.5869140625) gate=34 lap=0 prog=34 b14=-2874532.75 b1c=-2959101 v9e4=2060.62060546875
   post gate=34 lap=0 alive=1 prog=34 ng=94 gc=(17.639257431030273,11.780555725097656) rt=19.066547393798828
f=1145 dt=0.01666666753590107 pos=(0.15519183874130249,-4.0624747276306152,20.470357894897461) yaw=-1.8398401737213135 sp=2087.909423828125 vel=(-204.8245849609375,2.8025969286496341e-45,-2072.9306640625) gate=34 lap=0 prog=34 b14=-3006603.5 b1c=-2830719 v9e4=2087.909423828125
   post gate=34 lap=0 alive=1 prog=34 ng=94 gc=(17.639257431030273,11.780555725097656) rt=19.083213806152344
f=1146 dt=0.01666666753590107 pos=(0.14163638651371002,-4.0624747276306152,20.3736572265625) yaw=-1.8844577074050903 sp=2114.299072265625 vel=(-292.7955322265625,2.8025969286496341e-45,-2088.71240234375) gate=34 lap=0 prog=34 b14=-3132675 b1c=-2696213.5 v9e4=2114.299072265625
   post gate=34 lap=0 alive=1 prog=34 ng=94 gc=(17.639257431030273,11.780555725097656) rt=19.099880218505859
f=1147 dt=0.01666666753590107 pos=(0.12393411993980408,-4.0624747276306152,20.27644157409668) yaw=-1.9290753602981567 sp=2139.79931640625 vel=(-382.36587524414062,2.8025969286496341e-45,-2099.825927734375) gate=34 lap=0 prog=34 b14=-3252455.5 b1c=-2555878.25 v9e4=2139.79931640625
   post gate=34 lap=0 alive=1 prog=34 ng=94 gc=(17.639257431030273,11.780555725097656) rt=19.116546630859375
f=1148 dt=0.01666666753590107 pos=(0.10202405601739883,-4.0624747276306152,20.178932189941406) yaw=-1.9736928939819336 sp=2164.41845703125 vel=(-473.25360107421875,2.8025969286496341e-45,-2106.181640625) gate=34 lap=0 prog=34 b14=-3365668.75 b1c=-2410021.25 v9e4=2164.41845703125
   post gate=34 lap=0 alive=1 prog=34 ng=94 gc=(17.639257431030273,11.780555725097656) rt=19.133213043212891
f=1149 dt=0.01666666753590107 pos=(0.075858354568481445,-4.0624747276306152,20.081352233886719) yaw=-2.018310546875 sp=2188.1669921875 vel=(-565.1746826171875,2.8025969286496341e-45,-2107.708251953125) gate=34 lap=0 prog=34 b14=-3472057.5 b1c=-2258965 v9e4=2188.1669921875
   post gate=34 lap=0 alive=1 prog=34 ng=94 gc=(17.639257431030273,11.780555725097656) rt=19.149879455566406
f=1150 dt=0.01666666753590107 pos=(0.045402370393276215,-4.0624747276306152,19.983928680419922) yaw=-2.0629281997680664 sp=2211.0537109375 vel=(-657.843994140625,2.8025969286496341e-45,-2104.35107421875) gate=34 lap=0 prog=34 b14=-3571377.5 b1c=-2103042.25 v9e4=2211.0537109375
   post gate=34 lap=0 alive=1 prog=34 ng=94 gc=(17.639257431030273,11.780555725097656) rt=19.166545867919922
f=1151 dt=0.01666666753590107 pos=(0.010634671896696091,-4.0624747276306152,19.886886596679688) yaw=-2.1075456142425537 sp=2233.089599609375 vel=(-750.97625732421875,2.8025969286496341e-45,-2096.072265625) gate=34 lap=0 prog=34 b14=-3663403.75 b1c=-1942599.375 v9e4=2233.089599609375
   post gate=34 lap=0 alive=1 prog=34 ng=94 gc=(17.639257431030273,11.780555725097656) rt=19.183212280273438
f=1152 dt=0.01666666753590107 pos=(-0.028452996164560318,-4.0624747276306152,19.790456771850586) yaw=-2.1521632671356201 sp=2254.283935546875 vel=(-844.286865234375,2.8025969286496341e-45,-2082.851318359375) gate=34 lap=0 prog=34 b14=-3747926.75 b1c=-1777990.625 v9e4=2254.283935546875
   post gate=34 lap=0 alive=1 prog=34 ng=94 gc=(17.639257431030273,11.780555725097656) rt=19.199878692626953
f=1153 dt=0.01666666753590107 pos=(-0.071855783462524414,-4.0624747276306152,19.694868087768555) yaw=-2.1967809200286865 sp=2274.648193359375 vel=(-937.4927978515625,2.8025969286496341e-45,-2064.683837890625) gate=34 lap=0 prog=34 b14=-3824759.5 b1c=-1609583.25 v9e4=2274.648193359375
   post gate=34 lap=0 alive=1 prog=34 ng=94 gc=(17.639257431030273,11.780555725097656) rt=19.216545104980469
f=1154 dt=0.01666666753590107 pos=(-0.11955585330724716,-4.0624747276306152,19.600349426269531) yaw=-2.2413983345031738 sp=2294.193115234375 vel=(-1030.313232421875,2.8025969286496341e-45,-2041.5819091796875) gate=34 lap=0 prog=34 b14=-3893729.75 b1c=-1437750.375 v9e4=2294.193115234375
   post gate=34 lap=0 alive=1 prog=34 ng=94 gc=(17.639257431030273,11.780555725097656) rt=19.233211517333984
f=1155 dt=0.01666666753590107 pos=(-0.17152249813079834,-4.0624747276306152,19.50712776184082) yaw=-2.2860159873962402 sp=2312.92919921875 vel=(-1122.470458984375,2.8025969286496341e-45,-2013.5726318359375) gate=34 lap=0 prog=34 b14=-3954686.5 b1c=-1262873.25 v9e4=2312.92919921875
   post gate=34 lap=0 alive=1 prog=34 ng=94 gc=(17.639257431030273,11.780555725097656) rt=19.2498779296875
f=1156 dt=0.01666666753590107 pos=(-0.22771234810352325,-4.0624747276306152,19.415428161621094) yaw=-2.3306336402893066 sp=2330.868408203125 vel=(-1213.691162109375,2.8025969286496341e-45,-1980.6993408203125) gate=34 lap=0 prog=34 b14=-4007497.75 b1c=-1085340.125 v9e4=2330.868408203125
   post gate=34 lap=0 alive=1 prog=34 ng=94 gc=(17.639257431030273,11.780555725097656) rt=19.266544342041016
f=1157 dt=0.01666666753590107 pos=(-0.28806960582733154,-4.0624747276306152,19.325471878051758) yaw=-2.3752510547637939 sp=2348.0224609375 vel=(-1303.706298828125,2.8025969286496341e-45,-1943.0198974609375) gate=34 lap=0 prog=34 b14=-4052052.25 b1c=-905544.1875 v9e4=2348.0224609375
   post gate=34 lap=0 alive=1 prog=34 ng=94 gc=(17.639257431030273,11.780555725097656) rt=19.283210754394531
f=1158 dt=0.01666666753590107 pos=(-0.35252624750137329,-4.0624747276306152,19.237480163574219) yaw=-2.4198687076568604 sp=2364.4033203125 vel=(-1392.2525634765625,2.8025969286496341e-45,-1900.60693359375) gate=34 lap=0 prog=34 b14=-4088255.75 b1c=-723882.9375 v9e4=2364.4033203125
   post gate=34 lap=0 alive=1 prog=34 ng=94 gc=(17.639257431030273,11.780555725097656) rt=19.299877166748047
f=1159 dt=0.01666666753590107 pos=(-0.42100238800048828,-4.0624747276306152,19.151666641235352) yaw=-2.4644861221313477 sp=2380.023193359375 vel=(-1479.07275390625,2.8025969286496341e-45,-1853.5469970703125) gate=34 lap=0 prog=34 b14=-4116036.25 b1c=-540757.6875 v9e4=2380.023193359375
   post gate=34 lap=0 alive=1 prog=34 ng=94 gc=(17.639257431030273,11.780555725097656) rt=19.316543579101562
f=1160 dt=0.01666666753590107 pos=(-0.42100238800048828,-4.0624747276306152,18.851667404174805) yaw=-0.73826724290847778 sp=1197.447265625 vel=(885.6749267578125,2.8025969286496341e-45,-805.89068603515625) gate=34 lap=0 prog=34 b14=-4135342.75 b1c=-356571.125 v9e4=2394.89453125
   post gate=34 lap=0 alive=1 prog=34 ng=94 gc=(17.639257431030273,11.780555725097656) rt=19.333209991455078
f=1161 dt=0.01666666753590107 pos=(-0.37933507561683655,-4.0624747276306152,18.811809539794922) yaw=-0.77532070875167847 sp=1245.6373291015625 vel=(900.0068359375,2.8025969286496341e-45,-860.90936279296875) gate=34 lap=0 prog=34 b14=941287.25 b1c=-3822666.75 v9e4=1245.6373291015625
   post gate=34 lap=0 alive=1 prog=34 ng=94 gc=(17.639257431030273,11.780555725097656) rt=19.349876403808594
f=1162 dt=0.01666666753590107 pos=(-0.33719691634178162,-4.0624747276306152,18.769296646118164) yaw=-0.81378233432769775 sp=1292.98876953125 vel=(910.17669677734375,2.8025969286496341e-45,-918.28228759765625) gate=34 lap=0 prog=34 b14=801989.75 b1c=-3869188.75 v9e4=1292.98876953125
   post gate=34 lap=0 alive=1 prog=34 ng=94 gc=(17.639257431030273,11.780555725097656) rt=19.366542816162109
f=1163 dt=0.01666666753590107 pos=(-0.29479736089706421,-4.0624747276306152,18.724029541015625) yaw=-0.85363316535949707 sp=1339.702392578125 vel=(915.8232421875,2.8025969286496341e-45,-977.7811279296875) gate=34 lap=0 prog=34 b14=655035.9375 b1c=-3911604 v9e4=1339.702392578125
   post gate=34 lap=0 alive=1 prog=34 ng=94 gc=(17.639257431030273,11.780555725097656) rt=19.383209228515625
f=1164 dt=0.01666666753590107 pos=(-0.25235900282859802,-4.0624747276306152,18.675920486450195) yaw=-0.89485162496566772 sp=1385.693115234375 vel=(916.66107177734375,2.8025969286496341e-45,-1039.1590576171875) gate=34 lap=0 prog=34 b14=500412.71875 b1c=-3948295.25 v9e4=1385.693115234375
   post gate=34 lap=0 alive=1 prog=34 ng=94 gc=(17.639257431030273,11.780555725097656) rt=19.399875640869141
f=1165 dt=0.01666666753590107 pos=(-0.21011707186698914,-4.0624747276306152,18.624895095825195) yaw=-0.93741375207901001 sp=1430.876220703125 vel=(912.418212890625,2.8025969286496341e-45,-1102.131103515625) gate=34 lap=0 prog=34 b14=338386.96875 b1c=-3978448.5 v9e4=1430.876220703125
   post gate=34 lap=0 alive=1 prog=34 ng=94 gc=(17.639257431030273,11.780555725097656) rt=19.416542053222656
f=1166 dt=0.01666666753590107 pos=(-0.16831852495670319,-4.0624747276306152,18.570896148681641) yaw=-0.9812929630279541 sp=1475.1680908203125 vel=(902.84130859375,2.8025969286496341e-45,-1166.37353515625) gate=34 lap=0 prog=34 b14=169308.03125 b1c=-4001240.75 v9e4=1475.1680908203125
   post gate=34 lap=0 alive=1 prog=34 ng=94 gc=(17.639257431030273,11.780555725097656) rt=19.433208465576172
f=1167 dt=0.01666666753590107 pos=(-0.12722094357013702,-4.0624747276306152,18.513879776000977) yaw=-1.0259106159210205 sp=1518.4857177734375 vel=(887.7005615234375,2.8025969286496341e-45,-1231.524658203125) gate=34 lap=0 prog=34 b14=-6387.41455078125 b1c=-4015847.75 v9e4=1518.4857177734375
   post gate=34 lap=0 alive=1 prog=34 ng=94 gc=(17.639257431030273,11.780555725097656) rt=19.449874877929688
f=1168 dt=0.01666666753590107 pos=(-0.087084449827671051,-4.0624747276306152,18.453826904296875) yaw=-1.0705282688140869 sp=1560.7730712890625 vel=(866.9412841796875,2.8025969286496341e-45,-1297.1334228515625) gate=34 lap=0 prog=34 b14=-185968.84375 b1c=-4021721 v9e4=1560.7730712890625
   post gate=34 lap=0 alive=1 prog=34 ng=94 gc=(17.639257431030273,11.780555725097656) rt=19.466541290283203
f=1169 dt=0.01666666753590107 pos=(-0.048161793500185013,-4.0624747276306152,18.390739440917969) yaw=-1.1151459217071533 sp=1602.018310546875 vel=(840.72265625,2.8025969286496341e-45,-1362.693359375) gate=34 lap=0 prog=34 b14=-366031.3125 b1c=-4018948.25 v9e4=1602.018310546875
   post gate=34 lap=0 alive=1 prog=34 ng=94 gc=(17.639257431030273,11.780555725097656) rt=19.483207702636719
f=1170 dt=0.01666666753590107 pos=(-0.010698381811380386,-4.0624747276306152,18.324640274047852) yaw=-1.1597634553909302 sp=1642.2276611328125 vel=(809.20318603515625,2.8025969286496341e-45,-1427.7457275390625) gate=34 lap=0 prog=34 b14=-546148 b1c=-4007609 v9e4=1642.2276611328125
   post gate=34 lap=0 alive=1 prog=34 ng=94 gc=(17.639257431030273,11.780555725097656) rt=19.499874114990234
f=1171 dt=0.01666666753590107 pos=(0.025067824870347977,-4.0624747276306152,18.255571365356445) yaw=-1.2043811082839966 sp=1681.4114990234375 vel=(772.54388427734375,2.8025969286496341e-45,-1491.87060546875) gate=34 lap=0 prog=34 b14=-725899.9375 b1c=-3987746.75 v9e4=1681.4114990234375
   post gate=34 lap=0 alive=1 prog=34 ng=94 gc=(17.639257431030273,11.780555725097656) rt=19.51654052734375
f=1172 dt=0.01666666753590107 pos=(0.058906543999910355,-4.0624747276306152,18.183595657348633) yaw=-1.248998761177063 sp=1719.5809326171875 vel=(730.91046142578125,2.8025969286496341e-45,-1554.6795654296875) gate=34 lap=0 prog=34 b14=-904872.0625 b1c=-3959408 v9e4=1719.5809326171875
   post gate=34 lap=0 alive=1 prog=34 ng=94 gc=(17.639257431030273,11.780555725097656) rt=19.533206939697266
f=1173 dt=0.01666666753590107 pos=(0.090595453977584839,-4.0624747276306152,18.108789443969727) yaw=-1.2936162948608398 sp=1756.7471923828125 vel=(684.4749755859375,2.8025969286496341e-45,-1615.8118896484375) gate=34 lap=0 prog=34 b14=-1082653.125 b1c=-3922647.5 v9e4=1756.7471923828125
   post gate=34 lap=0 alive=1 prog=34 ng=94 gc=(17.639257431030273,11.780555725097656) rt=19.549873352050781
f=1174 dt=0.01666666753590107 pos=(0.11992056667804718,-4.0624747276306152,18.031246185302734) yaw=-1.3382338285446167 sp=1792.921875 vel=(633.41729736328125,2.8025969286496341e-45,-1674.930908203125) gate=34 lap=0 prog=34 b14=-1258835.25 b1c=-3877534.75 v9e4=1792.921875
   post gate=34 lap=0 alive=1 prog=34 ng=94 gc=(17.639257431030273,11.780555725097656) rt=19.566539764404297
f=1175 dt=0.01666666753590107 pos=(0.14667658507823944,-4.0624747276306152,17.951072692871094) yaw=-1.3828514814376831 sp=1828.1158447265625 vel=(577.92547607421875,2.8025969286496341e-45,-1731.7218017578125) gate=34 lap=0 prog=34 b14=-1433013.375 b1c=-3824151.75 v9e4=1828.1158447265625
   post gate=34 lap=0 alive=1 prog=34 ng=94 gc=(17.639257431030273,11.780555725097656) rt=19.583206176757812
f=1176 dt=0.01666666753590107 pos=(0.17066735029220581,-4.0624747276306152,17.868391036987305) yaw=-1.42746901512146 sp=1862.3388671875 vel=(518.196533203125,2.8025969286496341e-45,-1785.8896484375) gate=34 lap=0 prog=34 b14=-1604787 b1c=-3762600 v9e4=1862.3388671875
   post gate=34 lap=0 alive=1 prog=34 ng=94 gc=(17.639257431030273,11.780555725097656) rt=19.599872589111328
f=1177 dt=0.01666666753590107 pos=(0.19170624017715454,-4.0624747276306152,17.783336639404297) yaw=-1.4720866680145264 sp=1895.6007080078125 vel=(454.43649291992188,2.8025969286496341e-45,-1837.158935546875) gate=34 lap=0 prog=34 b14=-1773760.25 b1c=-3692999 v9e4=1895.6007080078125
   post gate=34 lap=0 alive=1 prog=34 ng=94 gc=(17.639257431030273,11.780555725097656) rt=19.616539001464844
f=1178 dt=0.01666666753590107 pos=(0.20961660146713257,-4.0624747276306152,17.696054458618164) yaw=-1.5167042016983032 sp=1927.9107666015625 vel=(386.86065673828125,2.8025969286496341e-45,-1885.272216796875) gate=34 lap=0 prog=34 b14=-1939543.75 b1c=-3615485.75 v9e4=1927.9107666015625
   post gate=34 lap=0 alive=1 prog=34 ng=94 gc=(17.639257431030273,11.780555725097656) rt=19.633205413818359
f=1179 dt=0.01666666753590107 pos=(0.22423215210437775,-4.0624747276306152,17.60670280456543) yaw=-1.5613218545913696 sp=1959.27783203125 vel=(315.6932373046875,2.8025969286496341e-45,-1929.9898681640625) gate=34 lap=0 prog=34 b14=-2101755 b1c=-3530217 v9e4=1959.27783203125
   post gate=34 lap=0 alive=1 prog=34 ng=94 gc=(17.639257431030273,11.780555725097656) rt=19.649871826171875
f=1180 dt=0.01666666753590107 pos=(0.23539738357067108,-4.0624747276306152,17.515447616577148) yaw=-1.6059393882751465 sp=1989.71044921875 vel=(241.16702270507812,2.8025969286496341e-45,-1971.0897216796875) gate=34 lap=0 prog=34 b14=-2260019.25 b1c=-3437367.75 v9e4=1989.71044921875
   post gate=34 lap=0 alive=1 prog=34 ng=94 gc=(17.639257431030273,11.780555725097656) rt=19.666538238525391
f=1181 dt=0.01666666753590107 pos=(0.24296794831752777,-4.0624747276306152,17.422466278076172) yaw=-1.6505570411682129 sp=2019.2171630859375 vel=(163.52291870117188,2.8025969286496341e-45,-2008.366943359375) gate=34 lap=0 prog=34 b14=-2413970.25 b1c=-3337130.5 v9e4=2019.2171630859375
   post gate=34 lap=0 alive=1 prog=34 ng=94 gc=(17.639257431030273,11.780555725097656) rt=19.683204650878906
f=1182 dt=0.01666666753590107 pos=(0.24681100249290466,-4.0624747276306152,17.327945709228516) yaw=-1.6951745748519897 sp=2047.8065185546875 vel=(83.009452819824219,2.8025969286496341e-45,-2041.634033203125) gate=34 lap=0 prog=34 b14=-2563253.25 b1c=-3229718.25 v9e4=2047.8065185546875
   post gate=34 lap=0 alive=1 prog=34 ng=94 gc=(17.639257431030273,11.780555725097656) rt=19.699871063232422
f=1183 dt=0.01666666753590107 pos=(0.24680554866790771,-4.0624747276306152,17.232078552246094) yaw=-1.7397922277450562 sp=2075.48681640625 vel=(-0.11791229248046875,2.8025969286496341e-45,-2070.720458984375) gate=34 lap=0 prog=34 b14=-2707523.75 b1c=-3115359.5 v9e4=2075.48681640625
   post gate=34 lap=0 alive=1 prog=34 ng=94 gc=(17.639257431030273,11.780555725097656) rt=19.716537475585938
f=1184 dt=0.01666666753590107 pos=(0.24284267425537109,-4.0624747276306152,17.135065078735352) yaw=-1.784409761428833 sp=2102.26708984375 vel=(-85.597503662109375,2.8025969286496341e-45,-2095.472900390625) gate=34 lap=0 prog=34 b14=-2846448.5 b1c=-2994300 v9e4=2102.26708984375
   post gate=34 lap=0 alive=1 prog=34 ng=94 gc=(17.639257431030273,11.780555725097656) rt=19.733203887939453
f=1185 dt=0.01666666753590107 pos=(0.23482583463191986,-4.0624747276306152,17.037113189697266) yaw=-1.8290274143218994 sp=2128.1552734375 vel=(-173.1622314453125,2.8025969286496341e-45,-2115.755615234375) gate=34 lap=0 prog=34 b14=-2979707.75 b1c=-2866802.5 v9e4=2128.1552734375
   post gate=34 lap=0 alive=1 prog=34 ng=94 gc=(17.639257431030273,11.780555725097656) rt=19.749870300292969
f=1186 dt=0.01666666753590107 pos=(0.22267109155654907,-4.0624747276306152,16.938434600830078) yaw=-1.8736449480056763 sp=2153.1611328125 vel=(-262.5404052734375,2.8025969286496341e-45,-2131.44970703125) gate=34 lap=0 prog=34 b14=-3106998 b1c=-2733147 v9e4=2153.1611328125
   post gate=34 lap=0 alive=1 prog=34 ng=94 gc=(17.639257431030273,11.780555725097656) rt=19.766536712646484
f=1187 dt=0.01666666753590107 pos=(0.20630723237991333,-4.0624747276306152,16.83924674987793) yaw=-1.9182626008987427 sp=2177.29345703125 vel=(-353.45663452148438,2.8025969286496341e-45,-2142.453125) gate=34 lap=0 prog=34 b14=-3228026 b1c=-2593625.25 v9e4=2177.29345703125
   post gate=34 lap=0 alive=1 prog=34 ng=94 gc=(17.639257431030273,11.780555725097656) rt=19.783203125
f=1188 dt=0.01666666753590107 pos=(0.18567593395709991,-4.0624747276306152,16.739770889282227) yaw=-1.9628802537918091 sp=2200.5615234375 vel=(-445.63250732421875,2.8025969286496341e-45,-2148.681396484375) gate=34 lap=0 prog=34 b14=-3342516.25 b1c=-2448544.75 v9e4=2200.5615234375
   post gate=34 lap=0 alive=1 prog=34 ng=94 gc=(17.639257431030273,11.780555725097656) rt=19.799869537353516
f=1189 dt=0.01666666753590107 pos=(0.16073186695575714,-4.0624747276306152,16.640230178833008) yaw=-2.0074977874755859 sp=2222.9755859375 vel=(-538.78759765625,2.8025969286496341e-45,-2150.06640625) gate=34 lap=0 prog=34 b14=-3450208.75 b1c=-2298225.75 v9e4=2222.9755859375
   post gate=34 lap=0 alive=1 prog=34 ng=94 gc=(17.639257431030273,11.780555725097656) rt=19.816535949707031
f=1190 dt=0.01666666753590107 pos=(0.13144272565841675,-4.0624747276306152,16.540851593017578) yaw=-2.0521154403686523 sp=2244.545166015625 vel=(-632.6405029296875,2.8025969286496341e-45,-2146.5576171875) gate=34 lap=0 prog=34 b14=-3550860 b1c=-2143001.75 v9e4=2244.545166015625
   post gate=34 lap=0 alive=1 prog=34 ng=94 gc=(17.639257431030273,11.780555725097656) rt=19.833202362060547
f=1191 dt=0.01666666753590107 pos=(0.09778924286365509,-4.0624747276306152,16.441864013671875) yaw=-2.0967330932617188 sp=2265.281005859375 vel=(-726.909423828125,2.8025969286496341e-45,-2138.120361328125) gate=34 lap=0 prog=34 b14=-3644244 b1c=-1983216.5 v9e4=2265.281005859375
   post gate=34 lap=0 alive=1 prog=34 ng=94 gc=(17.639257431030273,11.780555725097656) rt=19.849868774414062
f=1192 dt=0.01666666753590107 pos=(0.059765174984931946,-4.0624747276306152,16.343496322631836) yaw=-2.1413507461547852 sp=2285.193115234375 vel=(-821.31329345703125,2.8025969286496341e-45,-2124.737060546875) gate=34 lap=0 prog=34 b14=-3730153.25 b1c=-1819225.25 v9e4=2285.193115234375
   post gate=34 lap=0 alive=1 prog=34 ng=94 gc=(17.639257431030273,11.780555725097656) rt=19.866535186767578
f=1193 dt=0.01666666753590107 pos=(0.017377220094203949,-4.0624747276306152,16.245977401733398) yaw=-2.1859681606292725 sp=2304.29345703125 vel=(-915.57244873046875,2.8025969286496341e-45,-2106.405517578125) gate=34 lap=0 prog=34 b14=-3808398.75 b1c=-1651393.125 v9e4=2304.29345703125
   post gate=35 lap=0 alive=1 prog=35 ng=94 gc=(16.999998092651367,9.7835149765014648) rt=19.883201599121094
f=1194 dt=0.01666666753590107 pos=(-0.029355078935623169,-4.0624747276306152,16.149534225463867) yaw=-2.2305858135223389 sp=2322.591796875 vel=(-1009.4096069335938,2.8025969286496341e-45,-2083.1396484375) gate=35 lap=0 prog=35 b14=-3878806.25 b1c=-1480090.875 v9e4=2322.591796875
   post gate=35 lap=0 alive=1 prog=35 ng=94 gc=(16.999998092651367,9.7835149765014648) rt=19.899868011474609
f=1195 dt=0.01666666753590107 pos=(-0.080399498343467712,-4.0624747276306152,16.05439567565918) yaw=-2.2752034664154053 sp=2340.100830078125 vel=(-1102.5506591796875,2.8025969286496341e-45,-2054.968994140625) gate=35 lap=0 prog=35 b14=-3941227 b1c=-1305700 v9e4=2340.100830078125
   post gate=35 lap=0 alive=1 prog=35 ng=94 gc=(16.999998092651367,9.7835149765014648) rt=19.916534423828125
f=1196 dt=0.01666666753590107 pos=(-0.13571129739284515,-4.0624747276306152,15.960786819458008) yaw=-2.3198211193084717 sp=2356.831787109375 vel=(-1194.725341796875,2.8025969286496341e-45,-2021.9383544921875) gate=35 lap=0 prog=35 b14=-3995525.25 b1c=-1128606 v9e4=2356.831787109375
   post gate=35 lap=0 alive=1 prog=35 ng=94 gc=(16.999998092651367,9.7835149765014648) rt=19.933200836181641
f=1197 dt=0.01666666753590107 pos=(-0.19523344933986664,-4.0624747276306152,15.868928909301758) yaw=-2.364438533782959 sp=2372.796875 vel=(-1285.668212890625,2.8025969286496341e-45,-1984.106689453125) gate=35 lap=0 prog=35 b14=-4041591.25 b1c=-949201.375 v9e4=2372.796875
   post gate=35 lap=0 alive=1 prog=35 ng=94 gc=(16.999998092651367,9.7835149765014648) rt=19.949867248535156
f=1198 dt=0.01666666753590107 pos=(-0.25889688730239868,-4.0624747276306152,15.779041290283203) yaw=-2.4090561866760254 sp=2388.0087890625 vel=(-1375.119140625,2.8025969286496341e-45,-1941.5474853515625) gate=35 lap=0 prog=35 b14=-4079329 b1c=-767881.75 v9e4=2388.0087890625
   post gate=35 lap=0 alive=1 prog=35 ng=94 gc=(16.999998092651367,9.7835149765014648) rt=19.966533660888672
f=1199 dt=0.01666666753590107 pos=(-0.32662078738212585,-4.0624747276306152,15.691339492797852) yaw=-2.4536738395690918 sp=2402.479248046875 vel=(-1462.8243408203125,2.8025969286496341e-45,-1894.34765625) gate=35 lap=0 prog=35 b14=-4108664.75 b1c=-585046.875 v9e4=2402.479248046875
   post gate=35 lap=0 alive=1 prog=35 ng=94 gc=(16.999998092651367,9.7835149765014648) rt=19.983200073242188
f=1200 dt=0.01666666753590107 pos=(-0.39831286668777466,-4.0624747276306152,15.606033325195312) yaw=-2.4982914924621582 sp=2416.22216796875 vel=(-1548.5362548828125,2.8025969286496341e-45,-1842.607666015625) gate=35 lap=0 prog=35 b14=-4129548 b1c=-401097.46875 v9e4=2416.22216796875
   post gate=35 lap=0 alive=1 prog=35 ng=94 gc=(16.999998092651367,9.7835149765014648) rt=19.999866485595703
f=1201 dt=0.01666666753590107 pos=(-0.39831286668777466,-4.0624747276306152,15.306033134460449) yaw=-0.753001868724823 sp=1214.624755859375 vel=(886.238037109375,2.8025969286496341e-45,-830.59942626953125) gate=35 lap=0 prog=35 b14=-4141941.75 b1c=-216436.328125 v9e4=2429.24951171875
   post gate=35 lap=0 alive=1 prog=35 ng=94 gc=(16.999998092651367,9.7835149765014648) rt=20.016532897949219
f=1202 dt=0.01666666753590107 pos=(-0.35666248202323914,-4.0624747276306152,15.265023231506348) yaw=-0.79056304693222046 sp=1262.709716796875 vel=(899.6409912109375,2.8025969286496341e-45,-885.802734375) gate=35 lap=0 prog=35 b14=886085 b1c=-3841424 v9e4=1262.709716796875
   post gate=35 lap=0 alive=1 prog=35 ng=94 gc=(16.999998092651367,9.7835149765014648) rt=20.033199310302734
f=1203 dt=0.01666666753590107 pos=(-0.31459423899650574,-4.0624747276306152,15.221344947814941) yaw=-0.82952827215194702 sp=1309.9224853515625 vel=(908.6668701171875,2.8025969286496341e-45,-943.4412841796875) gate=35 lap=0 prog=35 b14=743934.75 b1c=-3886247.25 v9e4=1309.9224853515625
   post gate=35 lap=0 alive=1 prog=35 ng=94 gc=(16.999998092651367,9.7835149765014648) rt=20.04986572265625
f=1204 dt=0.01666666753590107 pos=(-0.27232649922370911,-4.0624747276306152,15.174898147583008) yaw=-0.86987787485122681 sp=1356.47119140625 vel=(912.97564697265625,2.8025969286496341e-45,-1003.2362060546875) gate=35 lap=0 prog=35 b14=594152.25 b1c=-3926634 v9e4=1356.47119140625
   post gate=35 lap=0 alive=1 prog=35 ng=94 gc=(16.999998092651367,9.7835149765014648) rt=20.066532135009766
f=1205 dt=0.01666666753590107 pos=(-0.23009008169174194,-4.0624747276306152,15.12559700012207) yaw=-0.91158926486968994 sp=1402.2657470703125 vel=(912.29949951171875,2.8025969286496341e-45,-1064.900146484375) gate=35 lap=0 prog=35 b14=436765.96875 b1c=-3960940.5 v9e4=1402.2657470703125
   post gate=35 lap=0 alive=1 prog=35 ng=94 gc=(16.999998092651367,9.7835149765014648) rt=20.083198547363281
f=1206 dt=0.01666666753590107 pos=(-0.18812753260135651,-4.0624747276306152,15.073369026184082) yaw=-0.95463740825653076 sp=1447.218505859375 vel=(906.3837890625,2.8025969286496341e-45,-1128.1131591796875) gate=35 lap=0 prog=35 b14=272081.0625 b1c=-3988363 v9e4=1447.218505859375
   post gate=35 lap=0 alive=1 prog=35 ng=94 gc=(16.999998092651367,9.7835149765014648) rt=20.099864959716797
f=1207 dt=0.01666666753590107 pos=(-0.14669236540794373,-4.0624747276306152,15.018158912658691) yaw=-0.99899464845657349 sp=1491.2442626953125 vel=(894.992431640625,2.8025969286496341e-45,-1192.521240234375) gate=35 lap=0 prog=35 b14=100483.8515625 b1c=-4008085.5 v9e4=1491.2442626953125
   post gate=35 lap=0 alive=1 prog=35 ng=94 gc=(16.999998092651367,9.7835149765014648) rt=20.116531372070312
f=1208 dt=0.01666666753590107 pos=(-0.10604789108037949,-4.0624747276306152,14.959930419921875) yaw=-1.0436122417449951 sp=1534.2596435546875 vel=(877.91357421875,2.8025969286496341e-45,-1257.735595703125) gate=35 lap=0 prog=35 b14=-77550.6875 b1c=-4019294 v9e4=1534.2596435546875
   post gate=35 lap=0 alive=1 prog=35 ng=94 gc=(16.999998092651367,9.7835149765014648) rt=20.133197784423828
f=1209 dt=0.01666666753590107 pos=(-0.066453218460083008,-4.0624747276306152,14.89866828918457) yaw=-1.0882298946380615 sp=1576.2298583984375 vel=(855.23809814453125,2.8025969286496341e-45,-1323.2425537109375) gate=35 lap=0 prog=35 b14=-257380.3125 b1c=-4021757.75 v9e4=1576.2298583984375
   post gate=35 lap=0 alive=1 prog=35 ng=94 gc=(16.999998092651367,9.7835149765014648) rt=20.149864196777344
f=1210 dt=0.01666666753590107 pos=(-0.028159819543361664,-4.0624747276306152,14.834383010864258) yaw=-1.1328475475311279 sp=1617.153076171875 vel=(827.13079833984375,2.8025969286496341e-45,-1388.5467529296875) gate=35 lap=0 prog=35 b14=-437521.8125 b1c=-4015599.75 v9e4=1617.153076171875
   post gate=35 lap=0 alive=1 prog=35 ng=94 gc=(16.999998092651367,9.7835149765014648) rt=20.166530609130859
f=1211 dt=0.01666666753590107 pos=(0.0085884407162666321,-4.0624747276306152,14.767105102539062) yaw=-1.1774650812149048 sp=1657.0367431640625 vel=(793.75604248046875,2.8025969286496341e-45,-1453.1986083984375) gate=35 lap=0 prog=35 b14=-617550.5625 b1c=-4000880.5 v9e4=1657.0367431640625
   post gate=35 lap=0 alive=1 prog=35 ng=94 gc=(16.999998092651367,9.7835149765014648) rt=20.183197021484375
f=1212 dt=0.01666666753590107 pos=(0.043555423617362976,-4.0624747276306152,14.696883201599121) yaw=-1.2220827341079712 sp=1695.8922119140625 vel=(755.28076171875,2.8025969286496341e-45,-1516.7860107421875) gate=35 lap=0 prog=35 b14=-797048.75 b1c=-3977650.25 v9e4=1695.8922119140625
   post gate=35 lap=0 alive=1 prog=35 ng=94 gc=(16.999998092651367,9.7835149765014648) rt=20.199863433837891
f=1213 dt=0.01666666753590107 pos=(0.076512932777404785,-4.0624747276306152,14.623784065246582) yaw=-1.266700267791748 sp=1733.73095703125 vel=(711.8765869140625,2.8025969286496341e-45,-1578.9273681640625) gate=35 lap=0 prog=35 b14=-975602.9375 b1c=-3945959.5 v9e4=1733.73095703125
   post gate=35 lap=0 alive=1 prog=35 ng=94 gc=(16.999998092651367,9.7835149765014648) rt=20.216529846191406
f=1214 dt=0.01666666753590107 pos=(0.10724103450775146,-4.0624747276306152,14.547891616821289) yaw=-1.3113179206848145 sp=1770.5650634765625 vel=(663.7216796875,2.8025969286496341e-45,-1639.2686767578125) gate=35 lap=0 prog=35 b14=-1152802.875 b1c=-3905870.5 v9e4=1770.5650634765625
   post gate=35 lap=0 alive=1 prog=35 ng=94 gc=(16.999998092651367,9.7835149765014648) rt=20.233196258544922
f=1215 dt=0.01666666753590107 pos=(0.13552837073802948,-4.0624747276306152,14.469304084777832) yaw=-1.3559354543685913 sp=1806.4061279296875 vel=(611.00146484375,2.8025969286496341e-45,-1697.479248046875) gate=35 lap=0 prog=35 b14=-1328242.125 b1c=-3857459.25 v9e4=1806.4061279296875
   post gate=35 lap=0 alive=1 prog=35 ng=94 gc=(16.999998092651367,9.7835149765014648) rt=20.249862670898438
f=1216 dt=0.01666666753590107 pos=(0.16117255389690399,-4.0624747276306152,14.388134002685547) yaw=-1.4005531072616577 sp=1841.2652587890625 vel=(553.9097900390625,2.8025969286496341e-45,-1753.2503662109375) gate=35 lap=0 prog=35 b14=-1501517.25 b1c=-3800815.75 v9e4=1841.2652587890625
   post gate=35 lap=0 alive=1 prog=35 ng=94 gc=(16.999998092651367,9.7835149765014648) rt=20.266529083251953
f=1217 dt=0.01666666753590107 pos=(0.1839805543422699,-4.0624747276306152,14.304508209228516) yaw=-1.4451706409454346 sp=1875.1529541015625 vel=(492.64901733398438,2.8025969286496341e-45,-1806.2933349609375) gate=35 lap=0 prog=35 b14=-1672229.625 b1c=-3736048 v9e4=1875.1529541015625
   post gate=35 lap=0 alive=1 prog=35 ng=94 gc=(16.999998092651367,9.7835149765014648) rt=20.283195495605469
f=1218 dt=0.01666666753590107 pos=(0.20376916229724884,-4.0624747276306152,14.218565940856934) yaw=-1.489788293838501 sp=1908.0791015625 vel=(427.4305419921875,2.8025969286496341e-45,-1856.33837890625) gate=35 lap=0 prog=35 b14=-1839986.375 b1c=-3663284 v9e4=1908.0791015625
   post gate=35 lap=0 alive=1 prog=35 ng=94 gc=(16.999998092651367,9.7835149765014648) rt=20.299861907958984
f=1219 dt=0.01666666753590107 pos=(0.22036534547805786,-4.0624747276306152,14.130456924438477) yaw=-1.5344058275222778 sp=1940.0533447265625 vel=(358.47457885742188,2.8025969286496341e-45,-1903.1341552734375) gate=35 lap=0 prog=35 b14=-2004400.25 b1c=-3582667.75 v9e4=1940.0533447265625
   post gate=35 lap=0 alive=1 prog=35 ng=94 gc=(16.999998092651367,9.7835149765014648) rt=20.3165283203125
f=1220 dt=0.01666666753590107 pos=(0.23360665142536163,-4.0624747276306152,14.040343284606934) yaw=-1.5790234804153442 sp=1971.0845947265625 vel=(286.0098876953125,2.8025969286496341e-45,-1946.447021484375) gate=35 lap=0 prog=35 b14=-2165091 b1c=-3494362.25 v9e4=1971.0845947265625
   post gate=35 lap=0 alive=1 prog=35 ng=94 gc=(16.999998092651367,9.7835149765014648) rt=20.333194732666016
f=1221 dt=0.01666666753590107 pos=(0.24334162473678589,-4.0624747276306152,13.948395729064941) yaw=-1.6236410140991211 sp=2001.181884765625 vel=(210.27360534667969,2.8025969286496341e-45,-1986.06103515625) gate=35 lap=0 prog=35 b14=-2321688 b1c=-3398551.5 v9e4=2001.181884765625
   post gate=35 lap=0 alive=1 prog=35 ng=94 gc=(16.999998092651367,9.7835149765014648) rt=20.349861145019531
f=1222 dt=0.01666666753590107 pos=(0.24943013489246368,-4.0624747276306152,13.854794502258301) yaw=-1.6682586669921875 sp=2030.3538818359375 vel=(131.51065063476562,2.8025969286496341e-45,-2021.7777099609375) gate=35 lap=0 prog=35 b14=-2473830.75 b1c=-3295436.25 v9e4=2030.3538818359375
   post gate=35 lap=0 alive=1 prog=35 ng=94 gc=(16.999998092651367,9.7835149765014648) rt=20.366527557373047
f=1223 dt=0.01666666753590107 pos=(0.25174373388290405,-4.0624747276306152,13.75972843170166) yaw=-1.7128763198852539 sp=2058.609375 vel=(49.973114013671875,2.8025969286496341e-45,-2053.415771484375) gate=35 lap=0 prog=35 b14=-2621166.75 b1c=-3185234.25 v9e4=2058.609375
   post gate=35 lap=0 alive=1 prog=35 ng=94 gc=(16.999998092651367,9.7835149765014648) rt=20.383193969726562
f=1224 dt=0.01666666753590107 pos=(0.25016593933105469,-4.0624747276306152,13.663393974304199) yaw=-1.7574938535690308 sp=2085.95703125 vel=(-34.080318450927734,2.8025969286496341e-45,-2080.81103515625) gate=35 lap=0 prog=35 b14=-2763356.75 b1c=-3068182 v9e4=2085.95703125
   post gate=35 lap=0 alive=1 prog=35 ng=94 gc=(16.999998092651367,9.7835149765014648) rt=20.399860382080078
f=1225 dt=0.01666666753590107 pos=(0.24459250271320343,-4.0624747276306152,13.565994262695312) yaw=-1.8021113872528076 sp=2112.406005859375 vel=(-120.38514709472656,2.8025969286496341e-45,-2103.817138671875) gate=35 lap=0 prog=35 b14=-2900072.5 b1c=-2944531.75 v9e4=2112.406005859375
   post gate=35 lap=0 alive=1 prog=35 ng=94 gc=(16.999998092651367,9.7835149765014648) rt=20.416526794433594
f=1226 dt=0.01666666753590107 pos=(0.23493169248104095,-4.0624747276306152,13.467739105224609) yaw=-1.846729040145874 sp=2137.965087890625 vel=(-208.67182922363281,2.8025969286496341e-45,-2122.304443359375) gate=35 lap=0 prog=35 b14=-3030999.5 b1c=-2814552 v9e4=2137.965087890625
   post gate=35 lap=0 alive=1 prog=35 ng=94 gc=(16.999998092651367,9.7835149765014648) rt=20.433193206787109
f=1227 dt=0.01666666753590107 pos=(0.22110442817211151,-4.0624747276306152,13.368842124938965) yaw=-1.8913465738296509 sp=2162.643310546875 vel=(-298.66665649414062,2.8025969286496341e-45,-2136.160888671875) gate=35 lap=0 prog=35 b14=-3155839.25 b1c=-2678528.5 v9e4=2162.643310546875
   post gate=35 lap=0 alive=1 prog=35 ng=94 gc=(16.999998092651367,9.7835149765014648) rt=20.449859619140625
f=1228 dt=0.01666666753590107 pos=(0.20304444432258606,-4.0624747276306152,13.269522666931152) yaw=-1.9359642267227173 sp=2186.450439453125 vel=(-390.09249877929688,2.8025969286496341e-45,-2145.291015625) gate=35 lap=0 prog=35 b14=-3274307 b1c=-2536760.75 v9e4=2186.450439453125
   post gate=35 lap=0 alive=1 prog=35 ng=94 gc=(16.999998092651367,9.7835149765014648) rt=20.466526031494141
f=1229 dt=0.01666666753590107 pos=(0.18069843947887421,-4.0624747276306152,13.170002937316895) yaw=-1.9805817604064941 sp=2209.39599609375 vel=(-482.66976928710938,2.8025969286496341e-45,-2149.616943359375) gate=35 lap=0 prog=35 b14=-3386130.25 b1c=-2389558.25 v9e4=2209.39599609375
   post gate=35 lap=0 alive=1 prog=35 ng=94 gc=(16.999998092651367,9.7835149765014648) rt=20.483192443847656
f=1230 dt=0.01666666753590107 pos=(0.15402613580226898,-4.0624747276306152,13.070508003234863) yaw=-2.0251994132995605 sp=2231.48974609375 vel=(-576.1171875,2.8025969286496341e-45,-2149.0771484375) gate=35 lap=0 prog=35 b14=-3491058.75 b1c=-2237250 v9e4=2231.48974609375
   post gate=35 lap=0 alive=1 prog=35 ng=94 gc=(16.999998092651367,9.7835149765014648) rt=20.499858856201172
f=1231 dt=0.01666666753590107 pos=(0.12300029397010803,-4.0624747276306152,12.971264839172363) yaw=-2.0698168277740479 sp=2252.742431640625 vel=(-670.15283203125,2.8025969286496341e-45,-2143.627685546875) gate=35 lap=0 prog=35 b14=-3588853.75 b1c=-2080171.625 v9e4=2252.742431640625
   post gate=35 lap=0 alive=1 prog=35 ng=94 gc=(16.999998092651367,9.7835149765014648) rt=20.516525268554688
f=1232 dt=0.01666666753590107 pos=(0.087606728076934814,-4.0624747276306152,12.872503280639648) yaw=-2.1144344806671143 sp=2273.164306640625 vel=(-764.49481201171875,2.8025969286496341e-45,-2133.240478515625) gate=35 lap=0 prog=35 b14=-3679297 b1c=-1918671.75 v9e4=2273.164306640625
   post gate=35 lap=0 alive=1 prog=35 ng=94 gc=(16.999998092651367,9.7835149765014648) rt=20.533191680908203
f=1233 dt=0.01666666753590107 pos=(0.047844260931015015,-4.0624747276306152,12.77445125579834) yaw=-2.1590521335601807 sp=2292.76611328125 vel=(-858.86236572265625,2.8025969286496341e-45,-2117.904052734375) gate=35 lap=0 prog=35 b14=-3762186.75 b1c=-1753109.125 v9e4=2292.76611328125
   post gate=35 lap=0 alive=1 prog=35 ng=94 gc=(16.999998092651367,9.7835149765014648) rt=20.549858093261719
f=1234 dt=0.01666666753590107 pos=(0.0037246271967887878,-4.0624747276306152,12.677338600158691) yaw=-2.2036697864532471 sp=2311.559326171875 vel=(-952.9764404296875,2.8025969286496341e-45,-2097.62255859375) gate=35 lap=0 prog=35 b14=-3837342.5 b1c=-1583851.5 v9e4=2311.559326171875
   post gate=35 lap=0 alive=1 prog=35 ng=94 gc=(16.999998092651367,9.7835149765014648) rt=20.566524505615234
f=1235 dt=0.01666666753590107 pos=(-0.044727642089128494,-4.0624747276306152,12.581392288208008) yaw=-2.2482872009277344 sp=2329.5546875 vel=(-1046.5606689453125,2.8025969286496341e-45,-2072.416259765625) gate=35 lap=0 prog=35 b14=-3904597.5 b1c=-1411274.625 v9e4=2329.5546875
   post gate=35 lap=0 alive=1 prog=35 ng=94 gc=(16.999998092651367,9.7835149765014648) rt=20.58319091796875
f=1236 dt=0.01666666753590107 pos=(-0.097475402057170868,-4.0624747276306152,12.486839294433594) yaw=-2.2929048538208008 sp=2346.76416015625 vel=(-1139.342529296875,2.8025969286496341e-45,-2042.3203125) gate=35 lap=0 prog=35 b14=-3963811.25 b1c=-1235761.875 v9e4=2346.76416015625
   post gate=35 lap=0 alive=1 prog=35 ng=94 gc=(16.999998092651367,9.7835149765014648) rt=20.599857330322266
f=1237 dt=0.01666666753590107 pos=(-0.15446905791759491,-4.0624747276306152,12.393903732299805) yaw=-2.3375225067138672 sp=2363.19970703125 vel=(-1231.05322265625,2.8025969286496341e-45,-2007.3856201171875) gate=35 lap=0 prog=35 b14=-4014855.5 b1c=-1057700.75 v9e4=2363.19970703125
   post gate=35 lap=0 alive=1 prog=35 ng=94 gc=(16.999998092651367,9.7835149765014648) rt=20.616523742675781
f=1238 dt=0.01666666753590107 pos=(-0.21564681828022003,-4.0624747276306152,12.302806854248047) yaw=-2.3821401596069336 sp=2378.87353515625 vel=(-1321.4290771484375,2.8025969286496341e-45,-1967.6768798828125) gate=35 lap=0 prog=35 b14=-4057625.75 b1c=-877485.4375 v9e4=2378.87353515625
   post gate=35 lap=0 alive=1 prog=35 ng=94 gc=(16.999998092651367,9.7835149765014648) rt=20.633190155029297
f=1239 dt=0.01666666753590107 pos=(-0.28093492984771729,-4.0624747276306152,12.213766098022461) yaw=-2.4267575740814209 sp=2393.79833984375 vel=(-1410.212158203125,2.8025969286496341e-45,-1923.27294921875) gate=35 lap=0 prog=35 b14=-4092038.75 b1c=-695514.1875 v9e4=2393.79833984375
   post gate=35 lap=0 alive=1 prog=35 ng=94 gc=(16.999998092651367,9.7835149765014648) rt=20.649856567382812
f=1240 dt=0.01666666753590107 pos=(-0.35024803876876831,-4.0624747276306152,12.126994132995605) yaw=-2.4713752269744873 sp=2407.986572265625 vel=(-1497.1512451171875,2.8025969286496341e-45,-1874.266357421875) gate=35 lap=0 prog=35 b14=-4118025.75 b1c=-512186.4375 v9e4=2407.986572265625
   post gate=35 lap=0 alive=1 prog=35 ng=94 gc=(16.999998092651367,9.7835149765014648) rt=20.666522979736328
f=1241 dt=0.01666666753590107 pos=(-0.42348945140838623,-4.0624747276306152,12.042698860168457) yaw=-2.5159928798675537 sp=2421.451171875 vel=(-1582.001708984375,2.8025969286496341e-45,-1820.7623291015625) gate=35 lap=0 prog=35 b14=-4135542.25 b1c=-327903.71875 v9e4=2421.451171875
   post gate=35 lap=0 alive=1 prog=35 ng=94 gc=(16.999998092651367,9.7835149765014648) rt=20.683189392089844
f=1242 dt=0.01666666753590107 pos=(-0.42348945140838623,-4.0624747276306152,11.742698669433594) yaw=-0.63145905733108521 sp=1217.102783203125 vel=(982.4052734375,2.8025969286496341e-45,-718.48388671875) gate=35 lap=0 prog=35 b14=-4144564 b1c=-143069.0625 v9e4=2434.20556640625
   post gate=35 lap=0 alive=1 prog=35 ng=94 gc=(16.999998092651367,9.7835149765014648) rt=20.699855804443359
f=1243 dt=0.01666666753590107 pos=(-0.3770829439163208,-4.0624747276306152,11.706974029541016) yaw=-0.66909301280975342 sp=1265.1568603515625 vel=(1002.3728637695312,2.8025969286496341e-45,-771.644287109375) gate=35 lap=0 prog=35 b14=1345564.625 b1c=-3706390.5 v9e4=1265.1568603515625
   post gate=35 lap=0 alive=1 prog=35 ng=94 gc=(16.999998092651367,9.7835149765014648) rt=20.716522216796875
f=1244 dt=0.01666666753590107 pos=(-0.32994005084037781,-4.0624747276306152,11.66865062713623) yaw=-0.70813047885894775 sp=1312.3489990234375 vel=(1018.2785034179688,2.8025969286496341e-45,-827.78668212890625) gate=35 lap=0 prog=35 b14=1209591.375 b1c=-3768202.25 v9e4=1312.3489990234375
   post gate=35 lap=0 alive=1 prog=35 ng=94 gc=(16.999998092651367,9.7835149765014648) rt=20.733188629150391
f=1245 dt=0.01666666753590107 pos=(-0.28226640820503235,-4.0624747276306152,11.627601623535156) yaw=-0.74855142831802368 sp=1358.8734130859375 vel=(1029.7421875,2.8025969286496341e-45,-886.65777587890625) gate=35 lap=0 prog=35 b14=1065496.25 b1c=-3826508.75 v9e4=1358.8734130859375
   post gate=35 lap=0 alive=1 prog=35 ng=94 gc=(16.999998092651367,9.7835149765014648) rt=20.749855041503906
f=1246 dt=0.01666666753590107 pos=(-0.23428155481815338,-4.0624747276306152,11.583712577819824) yaw=-0.79033339023590088 sp=1404.63916015625 vel=(1036.4644775390625,2.8025969286496341e-45,-947.99945068359375) gate=35 lap=0 prog=35 b14=913110.125 b1c=-3879668 v9e4=1404.63916015625
   post gate=35 lap=0 alive=1 prog=35 ng=94 gc=(16.999998092651367,9.7835149765014648) rt=20.766521453857422
f=1247 dt=0.01666666753590107 pos=(-0.18621844053268433,-4.0624747276306152,11.536882400512695) yaw=-0.83345109224319458 sp=1449.5584716796875 vel=(1038.1551513671875,2.8025969286496341e-45,-1011.5204467773438) gate=35 lap=0 prog=35 b14=752640.9375 b1c=-3926843.5 v9e4=1449.5584716796875
   post gate=35 lap=0 alive=1 prog=35 ng=94 gc=(16.999998092651367,9.7835149765014648) rt=20.783187866210938
f=1248 dt=0.01666666753590107 pos=(-0.13832277059555054,-4.0624747276306152,11.487026214599609) yaw=-0.87787675857543945 sp=1493.5457763671875 vel=(1034.5380859375,2.8025969286496341e-45,-1076.8939208984375) gate=35 lap=0 prog=35 b14=584377.9375 b1c=-3967180.75 v9e4=1493.5457763671875
   post gate=35 lap=0 alive=1 prog=35 ng=94 gc=(16.999998092651367,9.7835149765014648) rt=20.799854278564453
f=1249 dt=0.01666666753590107 pos=(-0.090852148830890656,-4.0624747276306152,11.434074401855469) yaw=-0.92249435186386108 sp=1536.5172119140625 vel=(1025.357177734375,2.8025969286496341e-45,-1143.756103515625) gate=35 lap=0 prog=35 b14=408697.125 b1c=-3999812 v9e4=1536.5172119140625
   post gate=35 lap=0 alive=1 prog=35 ng=94 gc=(16.999998092651367,9.7835149765014648) rt=20.816520690917969
f=1250 dt=0.01666666753590107 pos=(-0.044061992317438126,-4.0624747276306152,11.377982139587402) yaw=-0.96711200475692749 sp=1578.441650390625 vel=(1010.6593017578125,2.8025969286496341e-45,-1211.5751953125) gate=35 lap=0 prog=35 b14=230454.1875 b1c=-4023956.5 v9e4=1578.441650390625
   post gate=35 lap=0 alive=1 prog=35 ng=94 gc=(16.999998092651367,9.7835149765014648) rt=20.833187103271484
f=1251 dt=0.01666666753590107 pos=(0.001797061413526535,-4.0624747276306152,11.318729400634766) yaw=-1.0117295980453491 sp=1619.3182373046875 vel=(990.547607421875,2.8025969286496341e-45,-1279.840576171875) gate=35 lap=0 prog=35 b14=50862.578125 b1c=-4039582.25 v9e4=1619.3182373046875
   post gate=35 lap=0 alive=1 prog=35 ng=94 gc=(16.999998092651367,9.7835149765014648) rt=20.849853515625
f=1252 dt=0.01666666753590107 pos=(0.046479396522045135,-4.0624747276306152,11.256317138671875) yaw=-1.0563472509384155 sp=1659.1549072265625 vel=(965.1307373046875,2.8025969286496341e-45,-1348.087158203125) gate=35 lap=0 prog=35 b14=-129648.75 b1c=-4046697.75 v9e4=1659.1549072265625
   post gate=35 lap=0 alive=1 prog=35 ng=94 gc=(16.999998092651367,9.7835149765014648) rt=20.866519927978516
f=1253 dt=0.01666666753590107 pos=(0.08974476158618927,-4.0624747276306152,11.190766334533691) yaw=-1.1009647846221924 sp=1697.962890625 vel=(934.52447509765625,2.8025969286496341e-45,-1415.88623046875) gate=35 lap=0 prog=35 b14=-310659.6875 b1c=-4045300 v9e4=1697.962890625
   post gate=35 lap=0 alive=1 prog=35 ng=94 gc=(16.999998092651367,9.7835149765014648) rt=20.883186340332031
f=1254 dt=0.01666666753590107 pos=(0.13135866820812225,-4.0624747276306152,11.122116088867188) yaw=-1.1455824375152588 sp=1735.7540283203125 vel=(898.8531494140625,2.8025969286496341e-45,-1482.8392333984375) gate=35 lap=0 prog=35 b14=-491753.75 b1c=-4035390.25 v9e4=1735.7540283203125
   post gate=35 lap=0 alive=1 prog=35 ng=94 gc=(16.999998092651367,9.7835149765014648) rt=20.899852752685547
f=1255 dt=0.01666666753590107 pos=(0.17109280824661255,-4.0624747276306152,11.050422668457031) yaw=-1.1901999711990356 sp=1772.5404052734375 vel=(858.25067138671875,2.8025969286496341e-45,-1548.573486328125) gate=35 lap=0 prog=35 b14=-672516.1875 b1c=-4016980.5 v9e4=1772.5404052734375
   post gate=35 lap=0 alive=1 prog=35 ng=94 gc=(16.999998092651367,9.7835149765014648) rt=20.916519165039062
f=1256 dt=0.01666666753590107 pos=(0.20872557163238525,-4.0624747276306152,10.97575855255127) yaw=-1.2348176240921021 sp=1808.33349609375 vel=(812.861328125,2.8025969286496341e-45,-1612.7386474609375) gate=35 lap=0 prog=35 b14=-852534.4375 b1c=-3990095 v9e4=1808.33349609375
   post gate=35 lap=0 alive=1 prog=35 ng=94 gc=(16.999998092651367,9.7835149765014648) rt=20.933185577392578
f=1257 dt=0.01666666753590107 pos=(0.2440425306558609,-4.0624747276306152,10.898211479187012) yaw=-1.2794351577758789 sp=1843.1446533203125 vel=(762.84014892578125,2.8025969286496341e-45,-1675.0054931640625) gate=35 lap=0 prog=35 b14=-1031396.875 b1c=-3954776.5 v9e4=1843.1446533203125
   post gate=35 lap=0 alive=1 prog=35 ng=94 gc=(16.999998092651367,9.7835149765014648) rt=20.949851989746094
f=1258 dt=0.01666666753590107 pos=(0.27683693170547485,-4.0624747276306152,10.817883491516113) yaw=-1.3240528106689453 sp=1876.984130859375 vel=(708.353271484375,2.8025969286496341e-45,-1735.0631103515625) gate=35 lap=0 prog=35 b14=-1208694.875 b1c=-3911083.75 v9e4=1876.984130859375
   post gate=35 lap=0 alive=1 prog=35 ng=94 gc=(16.999998092651367,9.7835149765014648) rt=20.966518402099609
f=1259 dt=0.01666666753590107 pos=(0.30691021680831909,-4.0624747276306152,10.734890937805176) yaw=-1.3686703443527222 sp=1909.862060546875 vel=(649.57806396484375,2.8025969286496341e-45,-1792.618408203125) gate=35 lap=0 prog=35 b14=-1384022.75 b1c=-3859095.75 v9e4=1909.862060546875
   post gate=35 lap=0 alive=1 prog=35 ng=94 gc=(16.999998092651367,9.7835149765014648) rt=20.983184814453125
f=1260 dt=0.01666666753590107 pos=(0.33407258987426758,-4.0624747276306152,10.649362564086914) yaw=-1.4132879972457886 sp=1941.787841796875 vel=(586.7027587890625,2.8025969286496341e-45,-1847.395751953125) gate=35 lap=0 prog=35 b14=-1556979.5 b1c=-3798909.5 v9e4=1941.787841796875
   post gate=35 lap=0 alive=1 prog=35 ng=94 gc=(16.999998092651367,9.7835149765014648) rt=20.999851226806641
f=1261 dt=0.01666666753590107 pos=(0.35814344882965088,-4.0624747276306152,10.56143856048584) yaw=-1.457905650138855 sp=1972.7708740234375 vel=(519.9263916015625,2.8025969286496341e-45,-1899.1358642578125) gate=35 lap=0 prog=35 b14=-1727167.375 b1c=-3730641.5 v9e4=1972.7708740234375
   post gate=35 lap=0 alive=1 prog=35 ng=94 gc=(16.999998092651367,9.7835149765014648) rt=21.016517639160156
f=1262 dt=0.01666666753590107 pos=(0.37895187735557556,-4.0624747276306152,10.471271514892578) yaw=-1.5025231838226318 sp=2002.820068359375 vel=(449.4583740234375,2.8025969286496341e-45,-1947.595947265625) gate=35 lap=0 prog=35 b14=-1894197 b1c=-3654429 v9e4=2002.820068359375
   post gate=35 lap=0 alive=1 prog=35 ng=94 gc=(16.999998092651367,9.7835149765014648) rt=21.033184051513672
f=1263 dt=0.01666666753590107 pos=(0.39633709192276001,-4.0624747276306152,10.379023551940918) yaw=-1.5471408367156982 sp=2031.9439697265625 vel=(375.51788330078125,2.8025969286496341e-45,-1992.5496826171875) gate=35 lap=0 prog=35 b14=-2057684.375 b1c=-3570426 v9e4=2031.9439697265625
   post gate=35 lap=0 alive=1 prog=35 ng=94 gc=(16.999998092651367,9.7835149765014648) rt=21.049850463867188
f=1264 dt=0.01666666753590107 pos=(0.41014891862869263,-4.0624747276306152,10.284866333007812) yaw=-1.5917583703994751 sp=2060.151611328125 vel=(298.3333740234375,2.8025969286496341e-45,-2033.786865234375) gate=35 lap=0 prog=35 b14=-2217255.25 b1c=-3478809 v9e4=2060.151611328125
   post gate=35 lap=0 alive=1 prog=35 ng=94 gc=(16.999998092651367,9.7835149765014648) rt=21.066516876220703
f=1265 dt=0.01666666753590107 pos=(0.42024815082550049,-4.0624747276306152,10.188981056213379) yaw=-1.6363760232925415 sp=2087.45166015625 vel=(218.14190673828125,2.8025969286496341e-45,-2071.11376953125) gate=35 lap=0 prog=35 b14=-2372543.75 b1c=-3379771.25 v9e4=2087.45166015625
   post gate=35 lap=0 alive=1 prog=35 ng=94 gc=(16.999998092651367,9.7835149765014648) rt=21.083183288574219
f=1266 dt=0.01666666753590107 pos=(0.42650690674781799,-4.0624747276306152,10.091556549072266) yaw=-1.6809935569763184 sp=2113.85302734375 vel=(135.18830871582031,2.8025969286496341e-45,-2104.353271484375) gate=35 lap=0 prog=35 b14=-2523193.5 b1c=-3273522.5 v9e4=2113.85302734375
   post gate=35 lap=0 alive=1 prog=35 ng=94 gc=(16.999998092651367,9.7835149765014648) rt=21.099849700927734
f=1267 dt=0.01666666753590107 pos=(0.42880898714065552,-4.0624747276306152,9.9927902221679688) yaw=-1.7256112098693848 sp=2139.36474609375 vel=(49.724536895751953,2.8025969286496341e-45,-2133.344482421875) gate=35 lap=0 prog=35 b14=-2668861.5 b1c=-3160293.75 v9e4=2139.36474609375
   post gate=35 lap=0 alive=1 prog=35 ng=94 gc=(16.999998092651367,9.7835149765014648) rt=21.11651611328125
f=1268 dt=0.01666666753590107 pos=(0.42705011367797852,-4.0624747276306152,9.8928842544555664) yaw=-1.7702287435531616 sp=2163.99609375 vel=(-37.991180419921875,2.8025969286496341e-45,-2157.94287109375) gate=35 lap=0 prog=35 b14=-2809214.75 b1c=-3040330 v9e4=2163.99609375
   post gate=35 lap=0 alive=1 prog=35 ng=94 gc=(16.999998092651367,9.7835149765014648) rt=21.133182525634766
f=1269 dt=0.01666666753590107 pos=(0.42113825678825378,-4.0624747276306152,9.7920494079589844) yaw=-1.814846396446228 sp=2187.756591796875 vel=(-127.69526672363281,2.8025969286496341e-45,-2178.020751953125) gate=35 lap=0 prog=35 b14=-2943935 b1c=-2913894.5 v9e4=2187.756591796875
   post gate=35 lap=0 alive=1 prog=35 ng=94 gc=(16.999998092651367,9.7835149765014648) rt=21.149848937988281
f=1270 dt=0.01666666753590107 pos=(0.41099375486373901,-4.0624747276306152,9.6904993057250977) yaw=-1.8594639301300049 sp=2210.656005859375 vel=(-219.11956787109375,2.8025969286496341e-45,-2193.46728515625) gate=35 lap=0 prog=35 b14=-3072715.25 b1c=-2781264 v9e4=2210.656005859375
   post gate=35 lap=0 alive=1 prog=35 ng=94 gc=(16.999998092651367,9.7835149765014648) rt=21.166515350341797
f=1271 dt=0.01666666753590107 pos=(0.39654955267906189,-4.0624747276306152,9.5884523391723633) yaw=-1.9040815830230713 sp=2232.7041015625 vel=(-311.99234008789062,2.8025969286496341e-45,-2204.18798828125) gate=35 lap=0 prog=35 b14=-3195265.25 b1c=-2642731 v9e4=2232.7041015625
   post gate=35 lap=0 alive=1 prog=35 ng=94 gc=(16.999998092651367,9.7835149765014648) rt=21.183181762695312
f=1272 dt=0.01666666753590107 pos=(0.37775129079818726,-4.0624747276306152,9.4861316680908203) yaw=-1.9486991167068481 sp=2253.911376953125 vel=(-406.03909301757812,2.8025969286496341e-45,-2210.104736328125) gate=35 lap=0 prog=35 b14=-3311311 b1c=-2498604.25 v9e4=2253.911376953125
   post gate=35 lap=0 alive=1 prog=35 ng=94 gc=(16.999998092651367,9.7835149765014648) rt=21.199848175048828
f=1273 dt=0.01666666753590107 pos=(0.35455742478370667,-4.0624747276306152,9.3837623596191406) yaw=-1.9933167695999146 sp=2274.287841796875 vel=(-500.9833984375,2.8025969286496341e-45,-2211.156005859375) gate=35 lap=0 prog=35 b14=-3420591.75 b1c=-2349200.5 v9e4=2274.287841796875
   post gate=35 lap=0 alive=1 prog=35 ng=94 gc=(16.999998092651367,9.7835149765014648) rt=21.216514587402344
f=1274 dt=0.01666666753590107 pos=(0.32693925499916077,-4.0624747276306152,9.2815723419189453) yaw=-2.0379343032836914 sp=2293.84521484375 vel=(-596.5479736328125,2.8025969286496341e-45,-2207.296630859375) gate=35 lap=0 prog=35 b14=-3522864.75 b1c=-2194853.5 v9e4=2293.84521484375
   post gate=35 lap=0 alive=1 prog=35 ng=94 gc=(16.999998092651367,9.7835149765014648) rt=21.233180999755859
f=1275 dt=0.01666666753590107 pos=(0.29488086700439453,-4.0624747276306152,9.1797895431518555) yaw=-2.0825519561767578 sp=2312.59375 vel=(-692.4554443359375,2.8025969286496341e-45,-2198.49755859375) gate=35 lap=0 prog=35 b14=-3617905 b1c=-2035905 v9e4=2312.59375
   post gate=35 lap=0 alive=1 prog=35 ng=94 gc=(16.999998092651367,9.7835149765014648) rt=21.249847412109375
f=1276 dt=0.01666666753590107 pos=(0.25837922096252441,-4.0624747276306152,9.0786428451538086) yaw=-2.1271696090698242 sp=2330.545654296875 vel=(-788.42913818359375,2.8025969286496341e-45,-2184.74560546875) gate=35 lap=0 prog=35 b14=-3705505 b1c=-1872709.125 v9e4=2330.545654296875
   post gate=35 lap=0 alive=1 prog=35 ng=94 gc=(16.999998092651367,9.7835149765014648) rt=21.266513824462891
f=1277 dt=0.01666666753590107 pos=(0.21744398772716522,-4.0624747276306152,8.9783620834350586) yaw=-2.1717872619628906 sp=2347.712158203125 vel=(-884.1939697265625,2.8025969286496341e-45,-2166.043212890625) gate=35 lap=0 prog=35 b14=-3785475 b1c=-1705627.875 v9e4=2347.712158203125
   post gate=35 lap=0 alive=1 prog=35 ng=94 gc=(16.999998092651367,9.7835149765014648) rt=21.283180236816406
f=1278 dt=0.01666666753590107 pos=(0.17209744453430176,-4.0624747276306152,8.879176139831543) yaw=-2.2164046764373779 sp=2364.105224609375 vel=(-979.47735595703125,2.8025969286496341e-45,-2142.407958984375) gate=35 lap=0 prog=35 b14=-3857643.5 b1c=-1535031.75 v9e4=2364.105224609375
   post gate=35 lap=0 alive=1 prog=35 ng=94 gc=(16.999998092651367,9.7835149765014648) rt=21.299846649169922
f=1279 dt=0.01666666753590107 pos=(0.12237435579299927,-4.0624747276306152,8.78131103515625) yaw=-2.2610223293304443 sp=2379.7373046875 vel=(-1074.010009765625,2.8025969286496341e-45,-2113.872802734375) gate=35 lap=0 prog=35 b14=-3921860.75 b1c=-1361300.25 v9e4=2379.7373046875
   post gate=35 lap=0 alive=1 prog=35 ng=94 gc=(16.999998092651367,9.7835149765014648) rt=21.316513061523438
f=1280 dt=0.01666666753590107 pos=(0.068321779370307922,-4.0624747276306152,8.6849918365478516) yaw=-2.3056399822235107 sp=2394.620849609375 vel=(-1167.5263671875,2.8025969286496341e-45,-2080.48486328125) gate=35 lap=0 prog=35 b14=-3977990.25 b1c=-1184815.125 v9e4=2394.620849609375
   post gate=35 lap=0 alive=1 prog=35 ng=94 gc=(16.999998092651367,9.7835149765014648) rt=21.333179473876953
f=1281 dt=0.01666666753590107 pos=(0.0099988207221031189,-4.0624747276306152,8.5904397964477539) yaw=-2.3502576351165771 sp=2408.7685546875 vel=(-1259.765869140625,2.8025969286496341e-45,-2042.3057861328125) gate=35 lap=0 prog=35 b14=-4025922.25 b1c=-1005967.9375 v9e4=2408.7685546875
   post gate=35 lap=0 alive=1 prog=35 ng=94 gc=(16.999998092651367,9.7835149765014648) rt=21.349845886230469
f=1282 dt=0.01666666753590107 pos=(-0.052523590624332428,-4.0624747276306152,8.4978733062744141) yaw=-2.3948750495910645 sp=2422.193603515625 vel=(-1350.4732666015625,2.8025969286496341e-45,-1999.41064453125) gate=35 lap=0 prog=35 b14=-4065561 b1c=-825151.1875 v9e4=2422.193603515625
   post gate=35 lap=0 alive=1 prog=35 ng=94 gc=(16.999998092651367,9.7835149765014648) rt=21.366512298583984
f=1283 dt=0.01666666753590107 pos=(-0.11916297674179077,-4.0624747276306152,8.4075069427490234) yaw=-2.4394927024841309 sp=2434.908935546875 vel=(-1439.399169921875,2.8025969286496341e-45,-1951.8876953125) gate=35 lap=0 prog=35 b14=-4096833.25 b1c=-642761.625 v9e4=2434.908935546875
   post gate=35 lap=0 alive=1 prog=35 ng=94 gc=(16.999998092651367,9.7835149765014648) rt=21.3831787109375
f=1284 dt=0.01666666753590107 pos=(-0.18982565402984619,-4.0624747276306152,8.3195505142211914) yaw=-2.4841103553771973 sp=2446.927978515625 vel=(-1526.3013916015625,2.8025969286496341e-45,-1899.83837890625) gate=35 lap=0 prog=35 b14=-4119684 b1c=-459197.53125 v9e4=2446.927978515625
   post gate=36 lap=0 alive=1 prog=36 ng=94 gc=(16.999998092651367,7) rt=21.399845123291016
f=1285 dt=0.01666666753590107 pos=(-0.26440700888633728,-4.0624747276306152,8.2342081069946289) yaw=-2.5287277698516846 sp=2458.264404296875 vel=(-1610.9443359375,2.8025969286496341e-45,-1843.375732421875) gate=36 lap=0 prog=36 b14=-4134081.75 b1c=-274859.34375 v9e4=2458.264404296875
   post gate=36 lap=0 alive=1 prog=36 ng=94 gc=(16.999998092651367,7) rt=21.416511535644531
f=1286 dt=0.01666666753590107 pos=(-0.34279191493988037,-4.0624747276306152,8.1516780853271484) yaw=-2.573345422744751 sp=2468.931640625 vel=(-1693.1005859375,2.8025969286496341e-45,-1782.6246337890625) gate=36 lap=0 prog=36 b14=-4140008.75 b1c=-90146.03125 v9e4=2468.931640625
   post gate=36 lap=0 alive=1 prog=36 ng=94 gc=(16.999998092651367,7) rt=21.433177947998047
f=1287 dt=0.01666666753590107 pos=(-0.42485511302947998,-4.0624747276306152,8.0721530914306641) yaw=-2.6179630756378174 sp=2478.9443359375 vel=(-1772.551025390625,2.8025969286496341e-45,-1717.72119140625) gate=36 lap=0 prog=36 b14=-4137471.25 b1c=94543.84375 v9e4=2478.9443359375
   post gate=36 lap=0 alive=1 prog=36 ng=94 gc=(16.999998092651367,7) rt=21.449844360351562
f=1288 dt=0.01666666753590107 pos=(-0.42485511302947998,-4.0624747276306152,7.7721529006958008) yaw=-0.63252216577529907 sp=1244.157958984375 vel=(1003.4619750976562,2.8025969286496341e-45,-735.5224609375) gate=36 lap=0 prog=36 b14=-4126491.5 b1c=278813.9375 v9e4=2488.31591796875
   post gate=36 lap=0 alive=1 prog=36 ng=94 gc=(16.999998092651367,7) rt=21.466510772705078
f=1289 dt=0.01666666753590107 pos=(-0.37748578190803528,-4.0624747276306152,7.7356390953063965) yaw=-0.6709553599357605 sp=1292.0294189453125 vel=(1023.169189453125,2.8025969286496341e-45,-788.68798828125) gate=36 lap=0 prog=36 b14=1344539.5 b1c=-3715878 v9e4=1292.0294189453125
   post gate=36 lap=0 alive=1 prog=36 ng=94 gc=(16.999998092651367,7) rt=21.483177185058594
f=1290 dt=0.01666666753590107 pos=(-0.32940378785133362,-4.0624747276306152,7.6965141296386719) yaw=-0.71078526973724365 sp=1338.9970703125 vel=(1038.56298828125,2.8025969286496341e-45,-845.09490966796875) gate=36 lap=0 prog=36 b14=1205142.75 b1c=-3778509.5 v9e4=1338.9970703125
   post gate=36 lap=0 alive=1 prog=36 ng=94 gc=(16.999998092651367,7) rt=21.499843597412109
f=1291 dt=0.01666666753590107 pos=(-0.28082588315010071,-4.0624747276306152,7.6546430587768555) yaw=-0.75199079513549805 sp=1385.2548828125 vel=(1049.2742919921875,2.8025969286496341e-45,-904.408203125) gate=36 lap=0 prog=36 b14=1057527 b1c=-3837282.5 v9e4=1385.2548828125
   post gate=36 lap=0 alive=1 prog=36 ng=94 gc=(16.999998092651367,7) rt=21.516510009765625
f=1292 dt=0.01666666753590107 pos=(-0.23198200762271881,-4.0624747276306152,7.6099061965942383) yaw=-0.79454779624938965 sp=1430.703369140625 vel=(1055.0191650390625,2.8025969286496341e-45,-966.30889892578125) gate=36 lap=0 prog=36 b14=901551.8125 b1c=-3890512.5 v9e4=1430.703369140625
   post gate=36 lap=0 alive=1 prog=36 ng=94 gc=(16.999998092651367,7) rt=21.533176422119141
f=1293 dt=0.01666666753590107 pos=(-0.18311484158039093,-4.0624747276306152,7.562199592590332) yaw=-0.83842945098876953 sp=1475.25 vel=(1055.5223388671875,2.8025969286496341e-45,-1030.4534912109375) gate=36 lap=0 prog=36 b14=737468.5625 b1c=-3937366.75 v9e4=1475.25
   post gate=36 lap=0 alive=1 prog=36 ng=94 gc=(16.999998092651367,7) rt=21.549842834472656
f=1294 dt=0.01666666753590107 pos=(-0.13447912037372589,-4.0624747276306152,7.5114364624023438) yaw=-0.88304704427719116 sp=1518.80615234375 vel=(1050.523193359375,2.8025969286496341e-45,-1096.4698486328125) gate=36 lap=0 prog=36 b14=565609.5625 b1c=-3976992.75 v9e4=1518.80615234375
   post gate=36 lap=0 alive=1 prog=36 ng=94 gc=(16.999998092651367,7) rt=21.566509246826172
f=1295 dt=0.01666666753590107 pos=(-0.086334243416786194,-4.0624747276306152,7.4575529098510742) yaw=-0.92766463756561279 sp=1561.3128662109375 vel=(1039.9210205078125,2.8025969286496341e-45,-1163.8797607421875) gate=36 lap=0 prog=36 b14=388650.5625 b1c=-4008461.75 v9e4=1561.3128662109375
   post gate=36 lap=0 alive=1 prog=36 ng=94 gc=(16.999998092651367,7) rt=21.583175659179688
f=1296 dt=0.01666666753590107 pos=(-0.038934949785470963,-4.0624747276306152,7.4005093574523926) yaw=-0.97228223085403442 sp=1602.7562255859375 vel=(1023.8165283203125,2.8025969286496341e-45,-1232.1280517578125) gate=36 lap=0 prog=36 b14=209974.078125 b1c=-4031388.75 v9e4=1602.7562255859375
   post gate=36 lap=0 alive=1 prog=36 ng=94 gc=(16.999998092651367,7) rt=21.599842071533203
f=1297 dt=0.01666666753590107 pos=(0.0074688568711280823,-4.0624747276306152,7.3402905464172363) yaw=-1.0168998241424561 sp=1643.1416015625 vel=(1002.314208984375,2.8025969286496341e-45,-1300.714111328125) gate=36 lap=0 prog=36 b14=30021.328125 b1c=-4045806.25 v9e4=1643.1416015625
   post gate=36 lap=0 alive=1 prog=36 ng=94 gc=(16.999998092651367,7) rt=21.616508483886719
f=1298 dt=0.01666666753590107 pos=(0.052632387727499008,-4.0624747276306152,7.2769021987915039) yaw=-1.0615174770355225 sp=1682.4793701171875 vel=(975.52447509765625,2.8025969286496341e-45,-1369.1802978515625) gate=36 lap=0 prog=36 b14=-150782.765625 b1c=-4051713.25 v9e4=1682.4793701171875
   post gate=36 lap=0 alive=1 prog=36 ng=94 gc=(16.999998092651367,7) rt=21.633174896240234
f=1299 dt=0.01666666753590107 pos=(0.096316322684288025,-4.0624747276306152,7.2103691101074219) yaw=-1.1061350107192993 sp=1720.781982421875 vel=(943.5653076171875,2.8025969286496341e-45,-1437.10400390625) gate=36 lap=0 prog=36 b14=-332018.5625 b1c=-4049102.5 v9e4=1720.781982421875
   post gate=36 lap=0 alive=1 prog=36 ng=94 gc=(16.999998092651367,7) rt=21.64984130859375
f=1300 dt=0.01666666753590107 pos=(0.13828720152378082,-4.0624747276306152,7.1407346725463867) yaw=-1.1507526636123657 sp=1758.06201171875 vel=(906.56378173828125,2.8025969286496341e-45,-1504.0919189453125) gate=36 lap=0 prog=36 b14=-513269.90625 b1c=-4037977.5 v9e4=1758.06201171875
   post gate=36 lap=0 alive=1 prog=36 ng=94 gc=(16.999998092651367,7) rt=21.666507720947266
f=1301 dt=0.01666666753590107 pos=(0.17831793427467346,-4.0624747276306152,7.0680594444274902) yaw=-1.1953701972961426 sp=1794.332763671875 vel=(864.65679931640625,2.8025969286496341e-45,-1569.7762451171875) gate=36 lap=0 prog=36 b14=-694122.5625 b1c=-4018351 v9e4=1794.332763671875
   post gate=36 lap=0 alive=1 prog=36 ng=94 gc=(16.999998092651367,7) rt=21.683174133300781
f=1302 dt=0.01666666753590107 pos=(0.2161882221698761,-4.0624747276306152,6.9924192428588867) yaw=-1.239987850189209 sp=1829.6063232421875 vel=(817.99163818359375,2.8025969286496341e-45,-1633.8111572265625) gate=36 lap=0 prog=36 b14=-874163.875 b1c=-3990251 v9e4=1829.6063232421875
   post gate=36 lap=0 alive=1 prog=36 ng=94 gc=(16.999998092651367,7) rt=21.699840545654297
f=1303 dt=0.01666666753590107 pos=(0.25168511271476746,-4.0624747276306152,6.9139060974121094) yaw=-1.2846055030822754 sp=1863.8948974609375 vel=(766.72662353515625,2.8025969286496341e-45,-1695.8712158203125) gate=36 lap=0 prog=36 b14=-1052983.5 b1c=-3953722.5 v9e4=1863.8948974609375
   post gate=36 lap=0 alive=1 prog=36 ng=94 gc=(16.999998092651367,7) rt=21.716506958007812
f=1304 dt=0.01666666753590107 pos=(0.28460347652435303,-4.0624747276306152,6.8326253890991211) yaw=-1.3292230367660522 sp=1897.209228515625 vel=(711.03106689453125,2.8025969286496341e-45,-1755.6495361328125) gate=36 lap=0 prog=36 b14=-1230172.75 b1c=-3908827 v9e4=1897.209228515625
   post gate=36 lap=0 alive=1 prog=36 ng=94 gc=(16.999998092651367,7) rt=21.733173370361328
f=1305 dt=0.01666666753590107 pos=(0.31474655866622925,-4.0624747276306152,6.7486963272094727) yaw=-1.3738406896591187 sp=1929.56005859375 vel=(651.08526611328125,2.8025969286496341e-45,-1812.85693359375) gate=36 lap=0 prog=36 b14=-1405326.375 b1c=-3855646.25 v9e4=1929.56005859375
   post gate=36 lap=0 alive=1 prog=36 ng=94 gc=(16.999998092651367,7) rt=21.749839782714844
f=1306 dt=0.01666666753590107 pos=(0.34192642569541931,-4.0624747276306152,6.6622500419616699) yaw=-1.4184582233428955 sp=1960.9576416015625 vel=(587.08050537109375,2.8025969286496341e-45,-1867.2218017578125) gate=36 lap=0 prog=36 b14=-1578044.125 b1c=-3794281.5 v9e4=1960.9576416015625
   post gate=36 lap=0 alive=1 prog=36 ng=94 gc=(16.999998092651367,7) rt=21.766506195068359
f=1307 dt=0.01666666753590107 pos=(0.36596450209617615,-4.0624747276306152,6.5734305381774902) yaw=-1.4630758762359619 sp=1991.4117431640625 vel=(519.21856689453125,2.8025969286496341e-45,-1918.4886474609375) gate=36 lap=0 prog=36 b14=-1747930.125 b1c=-3724853 v9e4=1991.4117431640625
   post gate=36 lap=0 alive=1 prog=36 ng=94 gc=(16.999998092651367,7) rt=21.783172607421875
f=1308 dt=0.01666666753590107 pos=(0.38669204711914062,-4.0624747276306152,6.4823918342590332) yaw=-1.5076934099197388 sp=2020.9315185546875 vel=(447.71145629882812,2.8025969286496341e-45,-1966.4185791015625) gate=36 lap=0 prog=36 b14=-1914594.75 b1c=-3647499.25 v9e4=2020.9315185546875
   post gate=36 lap=0 alive=1 prog=36 ng=94 gc=(16.999998092651367,7) rt=21.799839019775391
f=1309 dt=0.01666666753590107 pos=(0.40395054221153259,-4.0624747276306152,6.3892989158630371) yaw=-1.5523110628128052 sp=2049.526611328125 vel=(372.78079223632812,2.8025969286496341e-45,-2010.7891845703125) gate=36 lap=0 prog=36 b14=-2077657 b1c=-3562380.5 v9e4=2049.526611328125
   post gate=36 lap=0 alive=1 prog=36 ng=94 gc=(16.999998092651367,7) rt=21.816505432128906
f=1310 dt=0.01666666753590107 pos=(0.41759219765663147,-4.0624747276306152,6.2943263053894043) yaw=-1.596928596496582 sp=2077.206298828125 vel=(294.65719604492188,2.8025969286496341e-45,-2051.39453125) gate=36 lap=0 prog=36 b14=-2236743.25 b1c=-3469674.5 v9e4=2077.206298828125
   post gate=36 lap=0 alive=1 prog=36 ng=94 gc=(16.999998092651367,7) rt=21.833171844482422
f=1311 dt=0.01666666753590107 pos=(0.42748022079467773,-4.0624747276306152,6.1976566314697266) yaw=-1.6415462493896484 sp=2103.979736328125 vel=(213.57962036132812,2.8025969286496341e-45,-2088.044677734375) gate=36 lap=0 prog=36 b14=-2391489 b1c=-3369576.75 v9e4=2103.979736328125
   post gate=36 lap=0 alive=1 prog=36 ng=94 gc=(16.999998092651367,7) rt=21.849838256835938
f=1312 dt=0.01666666753590107 pos=(0.43348929286003113,-4.0624747276306152,6.0994815826416016) yaw=-1.6861637830734253 sp=2129.8564453125 vel=(129.79464721679688,2.8025969286496341e-45,-2120.56640625) gate=36 lap=0 prog=36 b14=-2541541.75 b1c=-3262303.5 v9e4=2129.8564453125
   post gate=36 lap=0 alive=1 prog=36 ng=94 gc=(16.999998092651367,7) rt=21.866504669189453
f=1313 dt=0.01666666753590107 pos=(0.43550577759742737,-4.0624747276306152,5.9999990463256836) yaw=-1.7307814359664917 sp=2154.845703125 vel=(43.555652618408203,2.8025969286496341e-45,-2148.802978515625) gate=36 lap=0 prog=36 b14=-2686558 b1c=-3148084.5 v9e4=2154.845703125
   post gate=36 lap=0 alive=1 prog=36 ng=94 gc=(16.999998092651367,7) rt=21.883171081542969
f=1314 dt=0.01666666753590107 pos=(0.4334280788898468,-4.0624747276306152,5.8994140625) yaw=-1.7753990888595581 sp=2178.957763671875 vel=(-44.878002166748047,2.8025969286496341e-45,-2172.614501953125) gate=36 lap=0 prog=36 b14=-2826210 b1c=-3027172.25 v9e4=2178.957763671875
   post gate=36 lap=0 alive=1 prog=36 ng=94 gc=(16.999998092651367,7) rt=21.899837493896484
f=1315 dt=0.01666666753590107 pos=(0.42716681957244873,-4.0624747276306152,5.7979373931884766) yaw=-1.820016622543335 sp=2202.201904296875 vel=(-135.2418212890625,2.8025969286496341e-45,-2191.876708984375) gate=36 lap=0 prog=36 b14=-2960178.5 b1c=-2899827.5 v9e4=2202.201904296875
   post gate=36 lap=0 alive=1 prog=36 ng=94 gc=(16.999998092651367,7) rt=21.91650390625
f=1316 dt=0.01666666753590107 pos=(0.4166451096534729,-4.0624747276306152,5.6957845687866211) yaw=-1.8646341562271118 sp=2224.588623046875 vel=(-227.26699829101562,2.8025969286496341e-45,-2206.48291015625) gate=36 lap=0 prog=36 b14=-3088162.25 b1c=-2766333.25 v9e4=2224.588623046875
   post gate=36 lap=0 alive=1 prog=36 ng=94 gc=(16.999998092651367,7) rt=21.933170318603516
f=1317 dt=0.01666666753590107 pos=(0.40179863572120667,-4.0624747276306152,5.5931754112243652) yaw=-1.9092518091201782 sp=2246.128173828125 vel=(-320.68142700195312,2.8025969286496341e-45,-2216.342529296875) gate=36 lap=0 prog=36 b14=-3209874 b1c=-2626984.25 v9e4=2246.128173828125
   post gate=36 lap=0 alive=1 prog=36 ng=94 gc=(16.999998092651367,7) rt=21.949836730957031
f=1318 dt=0.01666666753590107 pos=(0.38257578015327454,-4.0624747276306152,5.490333080291748) yaw=-1.9538693428039551 sp=2266.831298828125 vel=(-415.21038818359375,2.8025969286496341e-45,-2221.381591796875) gate=36 lap=0 prog=36 b14=-3325039.75 b1c=-2482088.25 v9e4=2266.831298828125
   post gate=36 lap=0 alive=1 prog=36 ng=94 gc=(16.999998092651367,7) rt=21.966503143310547
f=1319 dt=0.01666666753590107 pos=(0.35893774032592773,-4.0624747276306152,5.3874831199645996) yaw=-1.9984869956970215 sp=2286.708984375 vel=(-510.57766723632812,2.8025969286496341e-45,-2221.542236328125) gate=36 lap=0 prog=36 b14=-3433404 b1c=-2331967.75 v9e4=2286.708984375
   post gate=36 lap=0 alive=1 prog=36 ng=94 gc=(16.999998092651367,7) rt=21.983169555664062
f=1320 dt=0.01666666753590107 pos=(0.33085852861404419,-4.0624747276306152,5.284853458404541) yaw=-2.0431046485900879 sp=2305.7724609375 vel=(-606.5062255859375,2.8025969286496341e-45,-2216.782958984375) gate=36 lap=0 prog=36 b14=-3534726.5 b1c=-2176955.25 v9e4=2305.7724609375
   post gate=36 lap=0 alive=1 prog=36 ng=94 gc=(16.999998092651367,7) rt=21.999835968017578
f=1321 dt=0.01666666753590107 pos=(0.29832497239112854,-4.0624747276306152,5.1826729774475098) yaw=-2.0877223014831543 sp=2324.0322265625 vel=(-702.71923828125,2.8025969286496341e-45,-2207.078125) gate=36 lap=0 prog=36 b14=-3628784.25 b1c=-2017395.375 v9e4=2324.0322265625
   post gate=36 lap=0 alive=1 prog=36 ng=94 gc=(16.999998092651367,7) rt=22.016502380371094
f=1322 dt=0.01666666753590107 pos=(0.26133668422698975,-4.0624747276306152,5.0811715126037598) yaw=-2.1323397159576416 sp=2341.501708984375 vel=(-798.94073486328125,2.8025969286496341e-45,-2192.418701171875) gate=36 lap=0 prog=36 b14=-3715375.25 b1c=-1853644.125 v9e4=2341.501708984375
   post gate=36 lap=0 alive=1 prog=36 ng=94 gc=(16.999998092651367,7) rt=22.033168792724609
f=1323 dt=0.01666666753590107 pos=(0.21990594267845154,-4.0624747276306152,4.9805774688720703) yaw=-2.176957368850708 sp=2358.191650390625 vel=(-894.896728515625,2.8025969286496341e-45,-2172.81005859375) gate=36 lap=0 prog=36 b14=-3794311 b1c=-1686063.5 v9e4=2358.191650390625
   post gate=37 lap=0 alive=1 prog=37 ng=94 gc=(16.999998092651367,3) rt=22.049835205078125
f=1324 dt=0.01666666753590107 pos=(0.17405763268470764,-4.0624747276306152,4.8811197280883789) yaw=-2.2215750217437744 sp=2374.114990234375 vel=(-990.31573486328125,2.8025969286496341e-45,-2148.273193359375) gate=37 lap=0 prog=37 b14=-3865425.5 b1c=-1515026 v9e4=2374.114990234375
   post gate=37 lap=0 alive=1 prog=37 ng=94 gc=(16.999998092651367,3) rt=22.066501617431641
f=1325 dt=0.01666666753590107 pos=(0.12382900714874268,-4.0624747276306152,4.7830243110656738) yaw=-2.2661926746368408 sp=2389.28369140625 vel=(-1084.9296875,2.8025969286496341e-45,-2118.843994140625) gate=37 lap=0 prog=37 b14=-3928567.75 b1c=-1340909.875 v9e4=2389.28369140625
   post gate=37 lap=0 alive=1 prog=37 ng=94 gc=(16.999998092651367,3) rt=22.083168029785156
f=1326 dt=0.01666666753590107 pos=(0.069269560277462006,-4.0624747276306152,4.6865153312683105) yaw=-2.3108100891113281 sp=2403.710693359375 vel=(-1178.474609375,2.8025969286496341e-45,-2084.57275390625) gate=37 lap=0 prog=37 b14=-3983612 b1c=-1164100.625 v9e4=2403.710693359375
   post gate=37 lap=0 alive=1 prog=37 ng=94 gc=(16.999998092651367,3) rt=22.099834442138672
f=1327 dt=0.01666666753590107 pos=(0.010440785437822342,-4.0624747276306152,4.5918145179748535) yaw=-2.3554277420043945 sp=2417.4091796875 vel=(-1270.69140625,2.8025969286496341e-45,-2045.5234375) gate=37 lap=0 prog=37 b14=-4030445.25 b1c=-984987.125 v9e4=2417.4091796875
   post gate=37 lap=0 alive=1 prog=37 ng=94 gc=(16.999998092651367,3) rt=22.116500854492188
f=1328 dt=0.01666666753590107 pos=(-0.052584100514650345,-4.0624747276306152,4.4991388320922852) yaw=-2.4000453948974609 sp=2430.39208984375 vel=(-1361.3265380859375,2.8025969286496341e-45,-2001.7742919921875) gate=37 lap=0 prog=37 b14=-4068978.25 b1c=-803963.1875 v9e4=2430.39208984375
   post gate=37 lap=0 alive=1 prog=37 ng=94 gc=(16.999998092651367,3) rt=22.133167266845703
f=1329 dt=0.01666666753590107 pos=(-0.11972041428089142,-4.0624747276306152,4.4087023735046387) yaw=-2.4446628093719482 sp=2442.6728515625 vel=(-1450.1326904296875,2.8025969286496341e-45,-1953.4158935546875) gate=37 lap=0 prog=37 b14=-4099141.25 b1c=-621425.75 v9e4=2442.6728515625
   post gate=37 lap=0 alive=1 prog=37 ng=94 gc=(16.999998092651367,3) rt=22.149833679199219
f=1330 dt=0.01666666753590107 pos=(-0.19087234139442444,-4.0624747276306152,4.3207130432128906) yaw=-2.4892804622650146 sp=2454.26513671875 vel=(-1536.869384765625,2.8025969286496341e-45,-1900.551513671875) gate=37 lap=0 prog=37 b14=-4120882.75 b1c=-437772.78125 v9e4=2454.26513671875
   post gate=37 lap=0 alive=1 prog=37 ng=94 gc=(16.999998092651367,3) rt=22.166500091552734
f=1331 dt=0.01666666753590107 pos=(-0.26593327522277832,-4.0624747276306152,4.2353744506835938) yaw=-2.5338981151580811 sp=2465.182373046875 vel=(-1621.3031005859375,2.8025969286496341e-45,-1843.2967529296875) gate=37 lap=0 prog=37 b14=-4134171 b1c=-253403.53125 v9e4=2465.182373046875
   post gate=37 lap=0 alive=1 prog=37 ng=94 gc=(16.999998092651367,3) rt=22.18316650390625
f=1332 dt=0.01666666753590107 pos=(-0.34478616714477539,-4.0624747276306152,4.1528840065002441) yaw=-2.5785155296325684 sp=2475.43896484375 vel=(-1703.2086181640625,2.8025969286496341e-45,-1781.7784423828125) gate=37 lap=0 prog=37 b14=-4138995.5 b1c=-68716.6015625 v9e4=2475.43896484375
   post gate=37 lap=0 alive=1 prog=37 ng=94 gc=(16.999998092651367,3) rt=22.199832916259766
f=1333 dt=0.01666666753590107 pos=(-0.42730391025543213,-4.0624747276306152,4.0734329223632812) yaw=-2.6231331825256348 sp=2485.048583984375 vel=(-1782.369140625,2.8025969286496341e-45,-1716.1343994140625) gate=37 lap=0 prog=37 b14=-4135364.25 b1c=115890.265625 v9e4=2485.048583984375
   post gate=37 lap=0 alive=1 prog=37 ng=94 gc=(16.999998092651367,3) rt=22.216499328613281
f=1334 dt=0.01666666753590107 pos=(-0.42730391025543213,-4.0624747276306152,3.7734329700469971) yaw=-0.63250291347503662 sp=1247.012939453125 vel=(1005.7787475585938,2.8025969286496341e-45,-737.1907958984375) gate=37 lap=0 prog=37 b14=-4123304.75 b1c=300022.09375 v9e4=2494.02587890625
   post gate=37 lap=0 alive=1 prog=37 ng=94 gc=(16.999998092651367,3) rt=22.233165740966797
f=1335 dt=0.01666666753590107 pos=(-0.37982827425003052,-4.0624747276306152,3.736842155456543) yaw=-0.67102038860321045 sp=1294.865478515625 vel=(1025.4656982421875,2.8025969286496341e-45,-790.3546142578125) gate=37 lap=0 prog=37 b14=1344918.75 b1c=-3716702 v9e4=1294.865478515625
   post gate=37 lap=0 alive=1 prog=37 ng=94 gc=(16.999998092651367,3) rt=22.249832153320312
f=1336 dt=0.01666666753590107 pos=(-0.33164215087890625,-4.0624747276306152,3.6976387500762939) yaw=-0.71093392372131348 sp=1341.80908203125 vel=(1040.812255859375,2.8025969286496341e-45,-846.78741455078125) gate=37 lap=0 prog=37 b14=1205167.75 b1c=-3779437.5 v9e4=1341.80908203125
   post gate=37 lap=0 alive=1 prog=37 ng=94 gc=(16.999998092651367,3) rt=22.266498565673828
f=1337 dt=0.01666666753590107 pos=(-0.28296345472335815,-4.0624747276306152,3.6556873321533203) yaw=-0.75222218036651611 sp=1388.038330078125 vel=(1051.451171875,2.8025969286496341e-45,-906.1458740234375) gate=37 lap=0 prog=37 b14=1057187.75 b1c=-3838278.5 v9e4=1388.038330078125
   post gate=37 lap=0 alive=1 prog=37 ng=94 gc=(16.999998092651367,3) rt=22.283164978027344
f=1338 dt=0.01666666753590107 pos=(-0.23402324318885803,-4.0624747276306152,3.6108672618865967) yaw=-0.79486095905303955 sp=1433.4527587890625 vel=(1057.1002197265625,2.8025969286496341e-45,-968.1046142578125) gate=37 lap=0 prog=37 b14=900839.6875 b1c=-3891533.25 v9e4=1433.4527587890625
   post gate=37 lap=0 alive=1 prog=37 ng=94 gc=(16.999998092651367,3) rt=22.299831390380859
f=1339 dt=0.01666666753590107 pos=(-0.18506518006324768,-4.0624747276306152,3.5630745887756348) yaw=-0.83882313966751099 sp=1477.9593505859375 vel=(1057.4857177734375,2.8025969286496341e-45,-1032.314453125) gate=37 lap=0 prog=37 b14=736380.375 b1c=-3938373 v9e4=1477.9593505859375
   post gate=37 lap=0 alive=1 prog=37 ng=94 gc=(16.999998092651367,3) rt=22.316497802734375
f=1340 dt=0.01666666753590107 pos=(-0.13634495437145233,-4.0624747276306152,3.5122222900390625) yaw=-0.88344073295593262 sp=1521.46923828125 vel=(1052.348388671875,2.8025969286496341e-45,-1098.3985595703125) gate=37 lap=0 prog=37 b14=564146.875 b1c=-3977942.25 v9e4=1521.46923828125
   post gate=37 lap=0 alive=1 prog=37 ng=94 gc=(16.999998092651367,3) rt=22.333164215087891
f=1341 dt=0.01666666753590107 pos=(-0.088121913373470306,-4.0624747276306152,3.4582467079162598) yaw=-0.92805838584899902 sp=1563.9268798828125 vel=(1041.609375,2.8025969286496341e-45,-1165.8642578125) gate=37 lap=0 prog=37 b14=387139.34375 b1c=-4009307.75 v9e4=1563.9268798828125
   post gate=37 lap=0 alive=1 prog=37 ng=94 gc=(16.999998092651367,3) rt=22.349830627441406
f=1342 dt=0.01666666753590107 pos=(-0.040650732815265656,-4.0624747276306152,3.4011092185974121) yaw=-0.97267591953277588 sp=1605.3199462890625 vel=(1025.3692626953125,2.8025969286496341e-45,-1234.1573486328125) gate=37 lap=0 prog=37 b14=208421.3125 b1c=-4032135.5 v9e4=1605.3199462890625
   post gate=37 lap=0 alive=1 prog=37 ng=94 gc=(16.999998092651367,3) rt=22.366497039794922
f=1343 dt=0.01666666753590107 pos=(0.0058187432587146759,-4.0624747276306152,3.3407950401306152) yaw=-1.0172934532165527 sp=1645.6539306640625 vel=(1003.732666015625,2.8025969286496341e-45,-1302.7779541015625) gate=37 lap=0 prog=37 b14=28432.837890625 b1c=-4046453.25 v9e4=1645.6539306640625
   post gate=37 lap=0 alive=1 prog=37 ng=94 gc=(16.999998092651367,3) rt=22.383163452148438
f=1344 dt=0.01666666753590107 pos=(0.051041796803474426,-4.0624747276306152,3.2773098945617676) yaw=-1.0619109869003296 sp=1684.939208984375 vel=(976.81011962890625,2.8025969286496341e-45,-1371.26904296875) gate=37 lap=0 prog=37 b14=-152400.296875 b1c=-4052258.5 v9e4=1684.939208984375
   post gate=37 lap=0 alive=1 prog=37 ng=94 gc=(16.999998092651367,3) rt=22.399829864501953
f=1345 dt=0.01666666753590107 pos=(0.09477919340133667,-4.0624747276306152,3.210679292678833) yaw=-1.106528639793396 sp=1723.1883544921875 vel=(944.7200927734375,2.8025969286496341e-45,-1439.208740234375) gate=37 lap=0 prog=37 b14=-333659.5 b1c=-4049547.25 v9e4=1723.1883544921875
   post gate=37 lap=0 alive=1 prog=37 ng=94 gc=(16.999998092651367,3) rt=22.416496276855469
f=1346 dt=0.01666666753590107 pos=(0.13679757714271545,-4.0624747276306152,3.1409471035003662) yaw=-1.1511461734771729 sp=1760.41455078125 vel=(907.58984375,2.8025969286496341e-45,-1506.204345703125) gate=37 lap=0 prog=37 b14=-514928.8125 b1c=-4038321.75 v9e4=1760.41455078125
   post gate=37 lap=0 alive=1 prog=37 ng=94 gc=(16.999998092651367,3) rt=22.433162689208984
f=1347 dt=0.01666666753590107 pos=(0.1768699586391449,-4.0624747276306152,3.068173885345459) yaw=-1.1957637071609497 sp=1796.6309814453125 vel=(865.55645751953125,2.8025969286496341e-45,-1571.8883056640625) gate=37 lap=0 prog=37 b14=-695793.3125 b1c=-4018594.25 v9e4=1796.6309814453125
   post gate=37 lap=0 alive=1 prog=37 ng=94 gc=(16.999998092651367,3) rt=22.4498291015625
f=1348 dt=0.01666666753590107 pos=(0.2147761732339859,-4.0624747276306152,2.992436408996582) yaw=-1.2403813600540161 sp=1831.849853515625 vel=(818.76763916015625,2.8025969286496341e-45,-1635.915283203125) gate=37 lap=0 prog=37 b14=-875841.3125 b1c=-3990393.75 v9e4=1831.849853515625
   post gate=37 lap=0 alive=1 prog=37 ng=94 gc=(16.999998092651367,3) rt=22.466495513916016
f=1349 dt=0.01666666753590107 pos=(0.25030338764190674,-4.0624747276306152,2.9138264656066895) yaw=-1.2849990129470825 sp=1866.083251953125 vel=(767.38189697265625,2.8025969286496341e-45,-1697.9600830078125) gate=37 lap=0 prog=37 b14=-1054660.875 b1c=-3953763.25 v9e4=1866.083251953125
   post gate=37 lap=0 alive=1 prog=37 ng=94 gc=(16.999998092651367,3) rt=22.483161926269531
f=1350 dt=0.01666666753590107 pos=(0.28324666619300842,-4.0624747276306152,2.8324501514434814) yaw=-1.3296165466308594 sp=1899.34228515625 vel=(711.56884765625,2.8025969286496341e-45,-1757.7164306640625) gate=37 lap=0 prog=37 b14=-1231845.25 b1c=-3908768.25 v9e4=1899.34228515625
   post gate=37 lap=0 alive=1 prog=37 ng=94 gc=(16.999998092651367,3) rt=22.499828338623047
f=1351 dt=0.01666666753590107 pos=(0.31340935826301575,-4.0624747276306152,2.7484264373779297) yaw=-1.3742341995239258 sp=1931.6375732421875 vel=(651.50909423828125,2.8025969286496341e-45,-1814.8953857421875) gate=37 lap=0 prog=37 b14=-1406987.875 b1c=-3855488.25 v9e4=1931.6375732421875
   post gate=37 lap=0 alive=1 prog=37 ng=94 gc=(16.999998092651367,3) rt=22.516494750976562
f=1352 dt=0.01666666753590107 pos=(0.34060376882553101,-4.0624747276306152,2.6618876457214355) yaw=-1.4188517332077026 sp=1962.9791259765625 vel=(587.39422607421875,2.8025969286496341e-45,-1869.225341796875) gate=37 lap=0 prog=37 b14=-1579688.625 b1c=-3794024.75 v9e4=1962.9791259765625
   post gate=37 lap=0 alive=1 prog=37 ng=94 gc=(16.999998092651367,3) rt=22.533161163330078
f=1353 dt=0.01666666753590107 pos=(0.36465147137641907,-4.0624747276306152,2.5729770660400391) yaw=-1.463469386100769 sp=1993.3770751953125 vel=(519.4263916015625,2.8025969286496341e-45,-1920.4517822265625) gate=37 lap=0 prog=37 b14=-1749552.375 b1c=-3724498.75 v9e4=1993.3770751953125
   post gate=37 lap=0 alive=1 prog=37 ng=94 gc=(16.999998092651367,3) rt=22.549827575683594
f=1354 dt=0.01666666753590107 pos=(0.38538393378257751,-4.0624747276306152,2.4818496704101562) yaw=-1.5080869197845459 sp=2022.8409423828125 vel=(447.81771850585938,2.8025969286496341e-45,-1968.3359375) gate=37 lap=0 prog=37 b14=-1916190 b1c=-3647050.5 v9e4=2022.8409423828125
   post gate=37 lap=0 alive=1 prog=37 ng=94 gc=(16.999998092651367,3) rt=22.566493988037109
f=1355 dt=0.01666666753590107 pos=(0.4026428759098053,-4.0624747276306152,2.3886704444885254) yaw=-1.5527045726776123 sp=2051.380126953125 vel=(372.79010009765625,2.8025969286496341e-45,-2012.65576171875) gate=37 lap=0 prog=37 b14=-2079219.75 b1c=-3561838.75 v9e4=2051.380126953125
   post gate=37 lap=0 alive=1 prog=37 ng=94 gc=(16.999998092651367,3) rt=22.583160400390625
f=1356 dt=0.01666666753590107 pos=(0.41628068685531616,-4.0624747276306152,2.2936139106750488) yaw=-1.5973221063613892 sp=2079.003662109375 vel=(294.5743408203125,2.8025969286496341e-45,-2053.20556640625) gate=37 lap=0 prog=37 b14=-2238268 b1c=-3469042 v9e4=2079.003662109375
   post gate=37 lap=0 alive=1 prog=37 ng=94 gc=(16.999998092651367,3) rt=22.599826812744141
f=1357 dt=0.01666666753590107 pos=(0.42616084218025208,-4.0624747276306152,2.1968634128570557) yaw=-1.6419397592544556 sp=2105.7216796875 vel=(213.40960693359375,2.8025969286496341e-45,-2089.796142578125) gate=37 lap=0 prog=37 b14=-2392971.75 b1c=-3368856.25 v9e4=2105.7216796875
   post gate=37 lap=0 alive=1 prog=37 ng=94 gc=(16.999998092651367,3) rt=22.616493225097656
f=1358 dt=0.01666666753590107 pos=(0.43215823173522949,-4.0624747276306152,2.0986101627349854) yaw=-1.6865572929382324 sp=2131.542724609375 vel=(129.54258728027344,2.8025969286496341e-45,-2122.25439453125) gate=37 lap=0 prog=37 b14=-2542976.5 b1c=-3261497.25 v9e4=2131.542724609375
   post gate=37 lap=0 alive=1 prog=37 ng=94 gc=(16.999998092651367,3) rt=22.633159637451172
f=1359 dt=0.01666666753590107 pos=(0.43415948748588562,-4.0624747276306152,1.9990526437759399) yaw=-1.7311749458312988 sp=2156.4765625 vel=(43.226795196533203,2.8025969286496341e-45,-2150.424072265625) gate=37 lap=0 prog=37 b14=-2687941.75 b1c=-3147197.5 v9e4=2156.4765625
   post gate=37 lap=0 alive=1 prog=37 ng=94 gc=(16.999998092651367,3) rt=22.649826049804688
f=1360 dt=0.01666666753590107 pos=(0.43206325173377991,-4.0624747276306152,1.8983960151672363) yaw=-1.7757924795150757 sp=2180.533447265625 vel=(-45.278297424316406,2.8025969286496341e-45,-2174.165283203125) gate=37 lap=0 prog=37 b14=-2827536.75 b1c=-3026205 v9e4=2180.533447265625
   post gate=37 lap=0 alive=1 prog=37 ng=94 gc=(16.999998092651367,3) rt=22.666492462158203
f=1361 dt=0.01666666753590107 pos=(0.42578041553497314,-4.0624747276306152,1.7968510389328003) yaw=-1.8204101324081421 sp=2203.72314453125 vel=(-135.70811462402344,2.8025969286496341e-45,-2193.35498046875) gate=37 lap=0 prog=37 b14=-2961445.5 b1c=-2898786 v9e4=2203.72314453125
   post gate=37 lap=0 alive=1 prog=37 ng=94 gc=(16.999998092651367,3) rt=22.683158874511719
f=1362 dt=0.01666666753590107 pos=(0.41523432731628418,-4.0624747276306152,1.6946332454681396) yaw=-1.8650277853012085 sp=2226.0556640625 vel=(-227.7938232421875,2.8025969286496341e-45,-2207.88623046875) gate=37 lap=0 prog=37 b14=-3089365.5 b1c=-2765220.75 v9e4=2226.0556640625
   post gate=37 lap=0 alive=1 prog=37 ng=94 gc=(16.999998092651367,3) rt=22.699825286865234
f=1363 dt=0.01666666753590107 pos=(0.40036091208457947,-4.0624747276306152,1.5919625759124756) yaw=-1.9096453189849854 sp=2247.54150390625 vel=(-321.26321411132812,2.8025969286496341e-45,-2217.669189453125) gate=37 lap=0 prog=37 b14=-3211008 b1c=-2625803 v9e4=2247.54150390625
   post gate=37 lap=0 alive=1 prog=37 ng=94 gc=(16.999998092651367,3) rt=22.71649169921875
f=1364 dt=0.01666666753590107 pos=(0.38110882043838501,-4.0624747276306152,1.4890621900558472) yaw=-1.9542629718780518 sp=2268.19140625 vel=(-415.8416748046875,2.8025969286496341e-45,-2222.629638671875) gate=37 lap=0 prog=37 b14=-3326103 b1c=-2480844.5 v9e4=2268.19140625
   post gate=37 lap=0 alive=1 prog=37 ng=94 gc=(16.999998092651367,3) rt=22.733158111572266
f=1365 dt=0.01666666753590107 pos=(0.35743951797485352,-4.0624747276306152,1.3861581087112427) yaw=-1.9988806247711182 sp=2288.015869140625 vel=(-511.25289916992188,2.8025969286496341e-45,-2222.71044921875) gate=37 lap=0 prog=37 b14=-3434392.25 b1c=-2330664.25 v9e4=2288.015869140625
   post gate=37 lap=0 alive=1 prog=37 ng=94 gc=(16.999998092651367,3) rt=22.749824523925781
f=1366 dt=0.01666666753590107 pos=(0.32932725548744202,-4.0624747276306152,1.2834781408309937) yaw=-2.0434980392456055 sp=2307.02685546875 vel=(-607.21990966796875,2.8025969286496341e-45,-2217.87060546875) gate=37 lap=0 prog=37 b14=-3535637 b1c=-2175597.25 v9e4=2307.02685546875
   post gate=37 lap=0 alive=1 prog=37 ng=94 gc=(16.999998092651367,3) rt=22.766490936279297
f=1367 dt=0.01666666753590107 pos=(0.29675912857055664,-4.0624747276306152,1.1812511682510376) yaw=-2.0881156921386719 sp=2325.2353515625 vel=(-703.46600341796875,2.8025969286496341e-45,-2208.085205078125) gate=37 lap=0 prog=37 b14=-3629615.5 b1c=-2015988.125 v9e4=2325.2353515625
   post gate=37 lap=0 alive=1 prog=37 ng=94 gc=(16.999998092651367,3) rt=22.783157348632812
f=1368 dt=0.01666666753590107 pos=(0.25973498821258545,-4.0624747276306152,1.0797066688537598) yaw=-2.1327333450317383 sp=2342.653564453125 vel=(-799.71533203125,2.8025969286496341e-45,-2193.344482421875) gate=37 lap=0 prog=37 b14=-3716125 b1c=-1852192.125 v9e4=2342.653564453125
   post gate=37 lap=0 alive=1 prog=37 ng=94 gc=(16.999998092651367,3) rt=22.799823760986328
f=1369 dt=0.01666666753590107 pos=(0.21826735138893127,-4.0624747276306152,0.97907370328903198) yaw=-2.1773509979248047 sp=2359.29296875 vel=(-895.69378662109375,2.8025969286496341e-45,-2173.654541015625) gate=37 lap=0 prog=37 b14=-3794976 b1c=-1684571 v9e4=2359.29296875
   post gate=38 lap=0 alive=1 prog=38 ng=94 gc=(16.999998092651367,-1) rt=22.816490173339844
f=1370 dt=0.01666666753590107 pos=(0.17238132655620575,-4.0624747276306152,0.87958043813705444) yaw=-2.2219686508178711 sp=2375.166015625 vel=(-991.130126953125,2.8025969286496341e-45,-2149.036865234375) gate=38 lap=0 prog=38 b14=-3866004.25 b1c=-1513498.125 v9e4=2375.166015625
   post gate=38 lap=0 alive=1 prog=38 ng=94 gc=(16.999998092651367,-1) rt=22.833156585693359
f=1371 dt=0.01666666753590107 pos=(0.12211441993713379,-4.0624747276306152,0.78145337104797363) yaw=-2.2665860652923584 sp=2390.28564453125 vel=(-1085.7564697265625,2.8025969286496341e-45,-2119.52783203125) gate=38 lap=0 prog=38 b14=-3929061 b1c=-1339351.75 v9e4=2390.28564453125
   post gate=38 lap=0 alive=1 prog=38 ng=94 gc=(16.999998092651367,-1) rt=22.849822998046875
f=1372 dt=0.01666666753590107 pos=(0.067516341805458069,-4.0624747276306152,0.68491661548614502) yaw=-2.3112037181854248 sp=2404.664306640625 vel=(-1179.3089599609375,2.8025969286496341e-45,-2085.177490234375) gate=38 lap=0 prog=38 b14=-3984017 b1c=-1162517.125 v9e4=2404.664306640625
   post gate=38 lap=0 alive=1 prog=38 ng=94 gc=(16.999998092651367,-1) rt=22.866489410400391
f=1373 dt=0.01666666753590107 pos=(0.0086488015949726105,-4.0624747276306152,0.5901913046836853) yaw=-2.3558213710784912 sp=2418.31494140625 vel=(-1271.5286865234375,2.8025969286496341e-45,-2046.050537109375) gate=38 lap=0 prog=38 b14=-4030760.5 b1c=-983383.25 v9e4=2418.31494140625
   post gate=38 lap=0 alive=1 prog=38 ng=94 gc=(16.999998092651367,-1) rt=22.883155822753906
f=1374 dt=0.01666666753590107 pos=(-0.054414782673120499,-4.0624747276306152,0.49749493598937988) yaw=-2.4004390239715576 sp=2431.251220703125 vel=(-1362.1624755859375,2.8025969286496341e-45,-2002.2252197265625) gate=38 lap=0 prog=38 b14=-4069204.75 b1c=-802343.875 v9e4=2431.251220703125
   post gate=38 lap=0 alive=1 prog=38 ng=94 gc=(16.999998092651367,-1) rt=22.899822235107422
f=1375 dt=0.01666666753590107 pos=(-0.12158952653408051,-4.0624747276306152,0.40704086422920227) yaw=-2.4450564384460449 sp=2443.486083984375 vel=(-1450.962890625,2.8025969286496341e-45,-1953.7923583984375) gate=38 lap=0 prog=38 b14=-4099278 b1c=-619796.1875 v9e4=2443.486083984375
   post gate=38 lap=0 alive=1 prog=38 ng=94 gc=(16.999998092651367,-1) rt=22.916488647460938
f=1376 dt=0.01666666753590107 pos=(-0.19277943670749664,-4.0624747276306152,0.31903758645057678) yaw=-2.4896740913391113 sp=2455.033203125 vel=(-1537.689697265625,2.8025969286496341e-45,-1900.85546875) gate=38 lap=0 prog=38 b14=-4120930.5 b1c=-436137.65625 v9e4=2455.033203125
   post gate=38 lap=0 alive=1 prog=38 ng=94 gc=(16.999998092651367,-1) rt=22.933155059814453
f=1377 dt=0.01666666753590107 pos=(-0.26787769794464111,-4.0624747276306152,0.23368827998638153) yaw=-2.5342917442321777 sp=2465.90625 vel=(-1622.109619140625,2.8025969286496341e-45,-1843.5302734375) gate=38 lap=0 prog=38 b14=-4134129.5 b1c=-251767.640625 v9e4=2465.90625
   post gate=38 lap=0 alive=1 prog=38 ng=94 gc=(16.999998092651367,-1) rt=22.949821472167969
f=1378 dt=0.01666666753590107 pos=(-0.3467671275138855,-4.0624747276306152,0.15119022130966187) yaw=-2.5789093971252441 sp=2476.119384765625 vel=(-1703.997802734375,2.8025969286496341e-45,-1781.9437255859375) gate=38 lap=0 prog=38 b14=-4138866.75 b1c=-67084.8671875 v9e4=2476.119384765625
   post gate=38 lap=0 alive=1 prog=38 ng=94 gc=(16.999998092651367,-1) rt=22.966487884521484
f=1379 dt=0.01666666753590107 pos=(-0.42932045459747314,-4.0624747276306152,0.071734324097633362) yaw=-2.6235268115997314 sp=2485.6865234375 vel=(-1783.13720703125,2.8025969286496341e-45,-1716.233642578125) gate=38 lap=0 prog=38 b14=-4135146.5 b1c=117513.3359375 v9e4=2485.6865234375
   post gate=38 lap=0 alive=1 prog=38 ng=94 gc=(16.999998092651367,-1) rt=22.983154296875
f=1380 dt=0.01666666753590107 pos=(-0.42932045459747314,-4.0624747276306152,-0.22826568782329559) yaw=-0.63238430023193359 sp=1247.310791015625 vel=(1006.1065063476562,2.8025969286496341e-45,-737.24761962890625) gate=38 lap=0 prog=38 b14=-4123000.5 b1c=301631.40625 v9e4=2494.62158203125
   post gate=38 lap=0 alive=1 prog=38 ng=94 gc=(16.999998092651367,-1) rt=22.999820709228516
f=1381 dt=0.01666666753590107 pos=(-0.38182944059371948,-4.0624747276306152,-0.26485899090766907) yaw=-0.6709105372428894 sp=1295.161376953125 vel=(1025.7974853515625,2.8025969286496341e-45,-790.408935546875) gate=38 lap=0 prog=38 b14=1345391.75 b1c=-3716631 v9e4=1295.161376953125
   post gate=38 lap=0 alive=1 prog=38 ng=94 gc=(16.999998092651367,-1) rt=23.016487121582031
f=1382 dt=0.01666666753590107 pos=(-0.33362787961959839,-4.0624747276306152,-0.30406498908996582) yaw=-0.71083277463912964 sp=1342.1024169921875 vel=(1041.1456298828125,2.8025969286496341e-45,-846.8426513671875) gate=38 lap=0 prog=38 b14=1205611.625 b1c=-3779394.75 v9e4=1342.1024169921875
   post gate=38 lap=0 alive=1 prog=38 ng=94 gc=(16.999998092651367,-1) rt=23.033153533935547
f=1383 dt=0.01666666753590107 pos=(-0.28493377566337585,-4.0624747276306152,-0.34601923823356628) yaw=-0.75212967395782471 sp=1388.32861328125 vel=(1051.7840576171875,2.8025969286496341e-45,-906.20465087890625) gate=38 lap=0 prog=38 b14=1057600 b1c=-3838258.75 v9e4=1388.32861328125
   post gate=38 lap=0 alive=1 prog=38 ng=94 gc=(16.999998092651367,-1) rt=23.049819946289062
f=1384 dt=0.01666666753590107 pos=(-0.23597827553749084,-4.0624747276306152,-0.39084222912788391) yaw=-0.79477697610855103 sp=1433.73974609375 vel=(1057.430419921875,2.8025969286496341e-45,-968.16876220703125) gate=38 lap=0 prog=38 b14=901219.1875 b1c=-3891535.25 v9e4=1433.73974609375
   post gate=38 lap=0 alive=1 prog=38 ng=94 gc=(16.999998092651367,-1) rt=23.066486358642578
f=1385 dt=0.01666666753590107 pos=(-0.18700516223907471,-4.0624747276306152,-0.43863824009895325) yaw=-0.83874756097793579 sp=1478.2420654296875 vel=(1057.8109130859375,2.8025969286496341e-45,-1032.385498046875) gate=38 lap=0 prog=38 b14=736726.1875 b1c=-3938392.5 v9e4=1478.2420654296875
   post gate=38 lap=0 alive=1 prog=38 ng=94 gc=(16.999998092651367,-1) rt=23.083152770996094
f=1386 dt=0.01666666753590107 pos=(-0.13827019929885864,-4.0624747276306152,-0.48949408531188965) yaw=-0.8833652138710022 sp=1521.7471923828125 vel=(1052.666748046875,2.8025969286496341e-45,-1098.477294921875) gate=38 lap=0 prog=38 b14=564458.3125 b1c=-3977976 v9e4=1521.7471923828125
   post gate=38 lap=0 alive=1 prog=38 ng=94 gc=(16.999998092651367,-1) rt=23.099819183349609
f=1387 dt=0.01666666753590107 pos=(-0.090032719075679779,-4.0624747276306152,-0.54347366094589233) yaw=-0.92798274755477905 sp=1564.19970703125 vel=(1041.9212646484375,2.8025969286496341e-45,-1165.9500732421875) gate=38 lap=0 prog=38 b14=387449.3125 b1c=-4009351 v9e4=1564.19970703125
   post gate=38 lap=0 alive=1 prog=38 ng=94 gc=(16.999998092651367,-1) rt=23.116485595703125
f=1388 dt=0.01666666753590107 pos=(-0.04254738986492157,-4.0624747276306152,-0.60061532258987427) yaw=-0.97260040044784546 sp=1605.58740234375 vel=(1025.6749267578125,2.8025969286496341e-45,-1234.2496337890625) gate=38 lap=0 prog=38 b14=208729.65625 b1c=-4032188.25 v9e4=1605.58740234375
   post gate=38 lap=0 alive=1 prog=38 ng=94 gc=(16.999998092651367,-1) rt=23.133152008056641
f=1389 dt=0.01666666753590107 pos=(0.0039359629154205322,-4.0624747276306152,-0.66093415021896362) yaw=-1.0172179937362671 sp=1645.9158935546875 vel=(1004.0323486328125,2.8025969286496341e-45,-1302.876220703125) gate=38 lap=0 prog=38 b14=28739.021484375 b1c=-4046517.25 v9e4=1645.9158935546875
   post gate=38 lap=0 alive=1 prog=38 ng=94 gc=(16.999998092651367,-1) rt=23.149818420410156
f=1390 dt=0.01666666753590107 pos=(0.049172621220350266,-4.0624747276306152,-0.72442412376403809) yaw=-1.0618355274200439 sp=1685.1956787109375 vel=(977.10400390625,2.8025969286496341e-45,-1371.373046875) gate=38 lap=0 prog=38 b14=-152096.765625 b1c=-4052333.25 v9e4=1685.1956787109375
   post gate=38 lap=0 alive=1 prog=38 ng=94 gc=(16.999998092651367,-1) rt=23.166484832763672
f=1391 dt=0.01666666753590107 pos=(0.092923358082771301,-4.0624747276306152,-0.79105973243713379) yaw=-1.1064531803131104 sp=1723.4393310546875 vel=(945.00823974609375,2.8025969286496341e-45,-1439.3182373046875) gate=38 lap=0 prog=38 b14=-333358.9375 b1c=-4049632.75 v9e4=1723.4393310546875
   post gate=38 lap=0 alive=1 prog=38 ng=94 gc=(16.999998092651367,-1) rt=23.183151245117188
f=1392 dt=0.01666666753590107 pos=(0.13495482504367828,-4.0624747276306152,-0.86079728603363037) yaw=-1.1510708332061768 sp=1760.66015625 vel=(907.872314453125,2.8025969286496341e-45,-1506.3189697265625) gate=38 lap=0 prog=38 b14=-514631.34375 b1c=-4038417.75 v9e4=1760.66015625
   post gate=38 lap=0 alive=1 prog=38 ng=94 gc=(16.999998092651367,-1) rt=23.199817657470703
f=1393 dt=0.01666666753590107 pos=(0.17504002153873444,-4.0624747276306152,-0.93357598781585693) yaw=-1.1956883668899536 sp=1796.8707275390625 vel=(865.83331298828125,2.8025969286496341e-45,-1572.0076904296875) gate=38 lap=0 prog=38 b14=-695499.75 b1c=-4018700.25 v9e4=1796.8707275390625
   post gate=38 lap=0 alive=1 prog=38 ng=94 gc=(16.999998092651367,-1) rt=23.216484069824219
f=1394 dt=0.01666666753590107 pos=(0.21295879781246185,-4.0624747276306152,-1.0093191862106323) yaw=-1.24030601978302 sp=1832.083740234375 vel=(819.03900146484375,2.8025969286496341e-45,-1636.0391845703125) gate=38 lap=0 prog=38 b14=-875551.5625 b1c=-3990510 v9e4=1832.083740234375
   post gate=38 lap=0 alive=1 prog=38 ng=94 gc=(16.999998092651367,-1) rt=23.233150482177734
f=1395 dt=0.01666666753590107 pos=(0.24849833548069,-4.0624747276306152,-1.0879349708557129) yaw=-1.2849235534667969 sp=1866.311279296875 vel=(767.64788818359375,2.8025969286496341e-45,-1698.08837890625) gate=38 lap=0 prog=38 b14=-1054375.625 b1c=-3953890.25 v9e4=1866.311279296875
   post gate=38 lap=0 alive=1 prog=38 ng=94 gc=(16.999998092651367,-1) rt=23.24981689453125
f=1396 dt=0.01666666753590107 pos=(0.28145366907119751,-4.0624747276306152,-1.1693174839019775) yaw=-1.3295412063598633 sp=1899.5643310546875 vel=(711.82952880859375,2.8025969286496341e-45,-1757.8487548828125) gate=38 lap=0 prog=38 b14=-1231564.125 b1c=-3908905 v9e4=1899.5643310546875
   post gate=38 lap=0 alive=1 prog=38 ng=94 gc=(16.999998092651367,-1) rt=23.266483306884766
f=1397 dt=0.01666666753590107 pos=(0.31162819266319275,-4.0624747276306152,-1.2533473968505859) yaw=-1.3741587400436401 sp=1931.8538818359375 vel=(651.76458740234375,2.8025969286496341e-45,-1815.03173828125) gate=38 lap=0 prog=38 b14=-1406712 b1c=-3855635.25 v9e4=1931.8538818359375
   post gate=38 lap=0 alive=1 prog=38 ng=94 gc=(16.999998092651367,-1) rt=23.283149719238281
f=1398 dt=0.01666666753590107 pos=(0.33883416652679443,-4.0624747276306152,-1.3398927450180054) yaw=-1.4187763929367065 sp=1963.1895751953125 vel=(587.64459228515625,2.8025969286496341e-45,-1869.3656005859375) gate=38 lap=0 prog=38 b14=-1579418.25 b1c=-3794181.75 v9e4=1963.1895751953125
   post gate=38 lap=0 alive=1 prog=38 ng=94 gc=(16.999998092651367,-1) rt=23.299816131591797
f=1399 dt=0.01666666753590107 pos=(0.36289322376251221,-4.0624747276306152,-1.4288098812103271) yaw=-1.4633939266204834 sp=1993.581787109375 vel=(519.67169189453125,2.8025969286496341e-45,-1920.595703125) gate=38 lap=0 prog=38 b14=-1749288.125 b1c=-3724666 v9e4=1993.581787109375
   post gate=38 lap=0 alive=1 prog=38 ng=94 gc=(16.999998092651367,-1) rt=23.316482543945312
f=1400 dt=0.01666666753590107 pos=(0.38363683223724365,-4.0624747276306152,-1.5199440717697144) yaw=-1.5080115795135498 sp=2023.039794921875 vel=(448.05801391601562,2.8025969286496341e-45,-1968.4835205078125) gate=38 lap=0 prog=38 b14=-1915931.875 b1c=-3647227 v9e4=2023.039794921875
   post gate=38 lap=0 alive=1 prog=38 ng=94 gc=(16.999998092651367,-1) rt=23.333148956298828
f=1401 dt=0.01666666753590107 pos=(0.40090668201446533,-4.0624747276306152,-1.6131303310394287) yaw=-1.5526291131973267 sp=2051.5732421875 vel=(373.02545166015625,2.8025969286496341e-45,-2012.806884765625) gate=38 lap=0 prog=38 b14=-2078968.125 b1c=-3562025 v9e4=2051.5732421875
   post gate=38 lap=0 alive=1 prog=38 ng=94 gc=(16.999998092651367,-1) rt=23.349815368652344
f=1402 dt=0.01666666753590107 pos=(0.41455516219139099,-4.0624747276306152,-1.7081940174102783) yaw=-1.5972467660903931 sp=2079.19140625 vel=(294.80484008789062,2.8025969286496341e-45,-2053.3603515625) gate=38 lap=0 prog=38 b14=-2238023.25 b1c=-3469236.5 v9e4=2079.19140625
   post gate=38 lap=0 alive=1 prog=38 ng=94 gc=(16.999998092651367,-1) rt=23.366481781005859
f=1403 dt=0.01666666753590107 pos=(0.4244457483291626,-4.0624747276306152,-1.8049519062042236) yaw=-1.6418642997741699 sp=2105.9033203125 vel=(213.63522338867188,2.8025969286496341e-45,-2089.9541015625) gate=38 lap=0 prog=38 b14=-2392733.75 b1c=-3369060 v9e4=2105.9033203125
   post gate=38 lap=0 alive=1 prog=38 ng=94 gc=(16.999998092651367,-1) rt=23.383148193359375
f=1404 dt=0.01666666753590107 pos=(0.43045336008071899,-4.0624747276306152,-1.9032126665115356) yaw=-1.6864819526672363 sp=2131.71875 vel=(129.76341247558594,2.8025969286496341e-45,-2122.41552734375) gate=38 lap=0 prog=38 b14=-2542746.5 b1c=-3261709.25 v9e4=2131.71875
   post gate=38 lap=0 alive=1 prog=38 ng=94 gc=(16.999998092651367,-1) rt=23.399814605712891
f=1405 dt=0.01666666753590107 pos=(0.43246462941169739,-4.0624747276306152,-2.0027778148651123) yaw=-1.7310994863510132 sp=2156.647216796875 vel=(43.442893981933594,2.8025969286496341e-45,-2150.58837890625) gate=38 lap=0 prog=38 b14=-2687719.25 b1c=-3147417.25 v9e4=2156.647216796875
   post gate=38 lap=0 alive=1 prog=38 ng=94 gc=(16.999998092651367,-1) rt=23.416481018066406
f=1406 dt=0.01666666753590107 pos=(0.43037816882133484,-4.0624747276306152,-2.1034421920776367) yaw=-1.7757171392440796 sp=2180.6982421875 vel=(-45.066879272460938,2.8025969286496341e-45,-2174.332763671875) gate=38 lap=0 prog=38 b14=-2827322.5 b1c=-3026433.25 v9e4=2180.6982421875
   post gate=38 lap=0 alive=1 prog=38 ng=94 gc=(16.999998092651367,-1) rt=23.433147430419922
f=1407 dt=0.01666666753590107 pos=(0.42410489916801453,-4.0624747276306152,-2.2049951553344727) yaw=-1.8203346729278564 sp=2203.88232421875 vel=(-135.5013427734375,2.8025969286496341e-45,-2193.525634765625) gate=38 lap=0 prog=38 b14=-2961240 b1c=-2899022 v9e4=2203.88232421875
   post gate=38 lap=0 alive=1 prog=38 ng=94 gc=(16.999998092651367,-1) rt=23.449813842773438
f=1408 dt=0.01666666753590107 pos=(0.4135681688785553,-4.0624747276306152,-2.3072209358215332) yaw=-1.8649523258209229 sp=2226.209228515625 vel=(-227.59164428710938,2.8025969286496341e-45,-2208.0595703125) gate=38 lap=0 prog=38 b14=-3089168.5 b1c=-2765463.75 v9e4=2226.209228515625
   post gate=38 lap=0 alive=1 prog=38 ng=94 gc=(16.999998092651367,-1) rt=23.466480255126953
f=1409 dt=0.01666666753590107 pos=(0.39870390295982361,-4.0624747276306152,-2.4098997116088867) yaw=-1.9095698595046997 sp=2247.689208984375 vel=(-321.06561279296875,2.8025969286496341e-45,-2217.844970703125) gate=38 lap=0 prog=38 b14=-3210819.75 b1c=-2626053.5 v9e4=2247.689208984375
   post gate=38 lap=0 alive=1 prog=38 ng=94 gc=(16.999998092651367,-1) rt=23.483146667480469
f=1410 dt=0.01666666753590107 pos=(0.37946075201034546,-4.0624747276306152,-2.5128083229064941) yaw=-1.9541875123977661 sp=2268.333251953125 vel=(-415.64862060546875,2.8025969286496341e-45,-2222.80810546875) gate=38 lap=0 prog=38 b14=-3325924.75 b1c=-2481101.75 v9e4=2268.333251953125
   post gate=38 lap=0 alive=1 prog=38 ng=94 gc=(16.999998092651367,-1) rt=23.499813079833984
f=1411 dt=0.01666666753590107 pos=(0.35580018162727356,-4.0624747276306152,-2.6157207489013672) yaw=-1.998805046081543 sp=2288.152099609375 vel=(-511.06439208984375,2.8025969286496341e-45,-2222.8916015625) gate=38 lap=0 prog=38 b14=-3434222.75 b1c=-2330928 v9e4=2288.152099609375
   post gate=38 lap=0 alive=1 prog=38 ng=94 gc=(16.999998092651367,-1) rt=23.5164794921875
f=1412 dt=0.01666666753590107 pos=(0.32769644260406494,-4.0624747276306152,-2.7184092998504639) yaw=-2.0434226989746094 sp=2307.1572265625 vel=(-607.03594970703125,2.8025969286496341e-45,-2218.054443359375) gate=38 lap=0 prog=38 b14=-3535478.25 b1c=-2175868 v9e4=2307.1572265625
   post gate=38 lap=0 alive=1 prog=38 ng=94 gc=(16.999998092651367,-1) rt=23.533145904541016
f=1413 dt=0.01666666753590107 pos=(0.29513663053512573,-4.0624747276306152,-2.8206448554992676) yaw=-2.0880403518676758 sp=2325.360595703125 vel=(-703.28662109375,2.8025969286496341e-45,-2208.271728515625) gate=38 lap=0 prog=38 b14=-3629468 b1c=-2016264.75 v9e4=2325.360595703125
   post gate=38 lap=0 alive=1 prog=38 ng=94 gc=(16.999998092651367,-1) rt=23.549812316894531
f=1414 dt=0.01666666753590107 pos=(0.25812056660652161,-4.0624747276306152,-2.9221980571746826) yaw=-2.1326577663421631 sp=2342.773193359375 vel=(-799.54052734375,2.8025969286496341e-45,-2193.53369140625) gate=38 lap=0 prog=38 b14=-3715986.25 b1c=-1852472.75 v9e4=2342.773193359375
   post gate=38 lap=0 alive=1 prog=38 ng=94 gc=(16.999998092651367,-1) rt=23.566478729248047
f=1415 dt=0.01666666753590107 pos=(0.21666081249713898,-4.0624747276306152,-3.0228400230407715) yaw=-2.1772754192352295 sp=2359.407470703125 vel=(-895.52362060546875,2.8025969286496341e-45,-2173.8466796875) gate=38 lap=0 prog=38 b14=-3794849 b1c=-1684857.375 v9e4=2359.407470703125
   post gate=39 lap=0 alive=1 prog=39 ng=94 gc=(16.999998092651367,-5) rt=23.583145141601562
f=1416 dt=0.01666666753590107 pos=(0.17078244686126709,-4.0624747276306152,-3.1223423480987549) yaw=-2.2218930721282959 sp=2375.275390625 vel=(-990.96466064453125,2.8025969286496341e-45,-2149.231689453125) gate=39 lap=0 prog=39 b14=-3865888.75 b1c=-1513789.25 v9e4=2375.275390625
   post gate=39 lap=0 alive=1 prog=39 ng=94 gc=(16.999998092651367,-5) rt=23.599811553955078
f=1417 dt=0.01666666753590107 pos=(0.12052298337221146,-4.0624747276306152,-3.2204785346984863) yaw=-2.2665107250213623 sp=2390.389892578125 vel=(-1085.595703125,2.8025969286496341e-45,-2119.725341796875) gate=39 lap=0 prog=39 b14=-3928956 b1c=-1339647.25 v9e4=2390.389892578125
   post gate=39 lap=0 alive=1 prog=39 ng=94 gc=(16.999998092651367,-5) rt=23.616477966308594
f=1418 dt=0.01666666753590107 pos=(0.065932124853134155,-4.0624747276306152,-3.3170244693756104) yaw=-2.3111281394958496 sp=2404.763671875 vel=(-1179.153076171875,2.8025969286496341e-45,-2085.377685546875) gate=39 lap=0 prog=39 b14=-3983922.25 b1c=-1162816.25 v9e4=2404.763671875
   post gate=39 lap=0 alive=1 prog=39 ng=94 gc=(16.999998092651367,-5) rt=23.633144378662109
f=1419 dt=0.01666666753590107 pos=(0.007071569561958313,-4.0624747276306152,-3.4117591381072998) yaw=-2.355745792388916 sp=2418.409423828125 vel=(-1271.3778076171875,2.8025969286496341e-45,-2046.25341796875) gate=39 lap=0 prog=39 b14=-4030679.25 b1c=-983685.8125 v9e4=2418.409423828125
   post gate=39 lap=0 alive=1 prog=39 ng=94 gc=(16.999998092651367,-5) rt=23.649810791015625
f=1420 dt=0.01666666753590107 pos=(-0.055985257029533386,-4.0624747276306152,-3.5044651031494141) yaw=-2.4003634452819824 sp=2431.340576171875 vel=(-1362.0164794921875,2.8025969286496341e-45,-2002.4305419921875) gate=39 lap=0 prog=39 b14=-4069134.25 b1c=-802649.3125 v9e4=2431.340576171875
   post gate=39 lap=0 alive=1 prog=39 ng=94 gc=(16.999998092651367,-5) rt=23.666477203369141
f=1421 dt=0.01666666753590107 pos=(-0.12315347790718079,-4.0624747276306152,-3.5949287414550781) yaw=-2.4449810981750488 sp=2443.570556640625 vel=(-1450.8218994140625,2.8025969286496341e-45,-1954.0001220703125) gate=39 lap=0 prog=39 b14=-4099220.25 b1c=-620104 v9e4=2443.570556640625
   post gate=39 lap=0 alive=1 prog=39 ng=94 gc=(16.999998092651367,-5) rt=23.683143615722656
f=1422 dt=0.01666666753590107 pos=(-0.19433709979057312,-4.0624747276306152,-3.6829416751861572) yaw=-2.4895985126495361 sp=2455.11279296875 vel=(-1537.5537109375,2.8025969286496341e-45,-1901.0657958984375) gate=39 lap=0 prog=39 b14=-4120884.25 b1c=-436447.71875 v9e4=2455.11279296875
   post gate=39 lap=0 alive=1 prog=39 ng=94 gc=(16.999998092651367,-5) rt=23.699810028076172
f=1423 dt=0.01666666753590107 pos=(-0.26942932605743408,-4.0624747276306152,-3.7683007717132568) yaw=-2.5342161655426025 sp=2465.9814453125 vel=(-1621.97900390625,2.8025969286496341e-45,-1843.7430419921875) gate=39 lap=0 prog=39 b14=-4134096.75 b1c=-252079.0625 v9e4=2465.9814453125
   post gate=39 lap=0 alive=1 prog=39 ng=94 gc=(16.999998092651367,-5) rt=23.716476440429688
f=1424 dt=0.01666666753590107 pos=(-0.34831294417381287,-4.0624747276306152,-3.85080885887146) yaw=-2.5788338184356689 sp=2476.18994140625 vel=(-1703.8724365234375,2.8025969286496341e-45,-1782.158935546875) gate=39 lap=0 prog=39 b14=-4138844.75 b1c=-67397.203125 v9e4=2476.18994140625
   post gate=39 lap=0 alive=1 prog=39 ng=94 gc=(16.999998092651367,-5) rt=23.733142852783203
f=1425 dt=0.01666666753590107 pos=(-0.43086069822311401,-4.0624747276306152,-3.9302747249603271) yaw=-2.6234512329101562 sp=2485.75244140625 vel=(-1783.017333984375,2.8025969286496341e-45,-1716.4512939453125) gate=39 lap=0 prog=39 b14=-4135137.5 b1c=117200.4140625 v9e4=2485.75244140625
   post gate=39 lap=0 alive=1 prog=39 ng=94 gc=(16.999998092651367,-5) rt=23.749809265136719
f=1426 dt=0.01666666753590107 pos=(-0.43086069822311401,-4.0624747276306152,-4.2302746772766113) yaw=-0.63226723670959473 sp=1247.341796875 vel=(1006.2178344726562,2.8025969286496341e-45,-737.1480712890625) gate=39 lap=0 prog=39 b14=-4123004 b1c=301318.5625 v9e4=2494.68359375
   post gate=39 lap=0 alive=1 prog=39 ng=94 gc=(16.999998092651367,-5) rt=23.766475677490234
f=1427 dt=0.01666666753590107 pos=(-0.38336426019668579,-4.0624747276306152,-4.2668633460998535) yaw=-0.67079448699951172 sp=1295.192138671875 vel=(1025.9146728515625,2.8025969286496341e-45,-790.30706787109375) gate=39 lap=0 prog=39 b14=1345829.875 b1c=-3716482.5 v9e4=1295.192138671875
   post gate=39 lap=0 alive=1 prog=39 ng=94 gc=(16.999998092651367,-5) rt=23.78314208984375
f=1428 dt=0.01666666753590107 pos=(-0.33515697717666626,-4.0624747276306152,-4.3060646057128906) yaw=-0.71071761846542358 sp=1342.1329345703125 vel=(1041.26904296875,2.8025969286496341e-45,-846.73931884765625) gate=39 lap=0 prog=39 b14=1206053 b1c=-3779263.25 v9e4=1342.1329345703125
   post gate=39 lap=0 alive=1 prog=39 ng=94 gc=(16.999998092651367,-5) rt=23.799808502197266
f=1429 dt=0.01666666753590107 pos=(-0.2864568829536438,-4.0624747276306152,-4.3480138778686523) yaw=-0.75201535224914551 sp=1388.35888671875 vel=(1051.91357421875,2.8025969286496341e-45,-906.1005859375) gate=39 lap=0 prog=39 b14=1058044.375 b1c=-3838146.75 v9e4=1388.35888671875
   post gate=39 lap=0 alive=1 prog=39 ng=94 gc=(16.999998092651367,-5) rt=23.816474914550781
f=1430 dt=0.01666666753590107 pos=(-0.23749509453773499,-4.0624747276306152,-4.3928322792053223) yaw=-0.79466360807418823 sp=1433.7696533203125 vel=(1057.566162109375,2.8025969286496341e-45,-968.06463623046875) gate=39 lap=0 prog=39 b14=901666 b1c=-3891440.75 v9e4=1433.7696533203125
   post gate=39 lap=0 alive=1 prog=39 ng=94 gc=(16.999998092651367,-5) rt=23.833141326904297
f=1431 dt=0.01666666753590107 pos=(-0.18851539492607117,-4.0624747276306152,-4.4406232833862305) yaw=-0.83863508701324463 sp=1478.271484375 vel=(1057.952880859375,2.8025969286496341e-45,-1032.281982421875) gate=39 lap=0 prog=39 b14=737174.25 b1c=-3938316.75 v9e4=1478.271484375
   post gate=39 lap=0 alive=1 prog=39 ng=94 gc=(16.999998092651367,-5) rt=23.849807739257812
f=1432 dt=0.01666666753590107 pos=(-0.13977357745170593,-4.0624747276306152,-4.4914741516113281) yaw=-0.88325273990631104 sp=1521.776123046875 vel=(1052.81494140625,2.8025969286496341e-45,-1098.3751220703125) gate=39 lap=0 prog=39 b14=564906.8125 b1c=-3977920 v9e4=1521.776123046875
   post gate=39 lap=0 alive=1 prog=39 ng=94 gc=(16.999998092651367,-5) rt=23.866474151611328
f=1433 dt=0.01666666753590107 pos=(-0.091528937220573425,-4.0624747276306152,-4.5454492568969727) yaw=-0.92787027359008789 sp=1564.2279052734375 vel=(1042.0758056640625,2.8025969286496341e-45,-1165.8497314453125) gate=39 lap=0 prog=39 b14=387900.84375 b1c=-4009315.25 v9e4=1564.2279052734375
   post gate=39 lap=0 alive=1 prog=39 ng=94 gc=(16.999998092651367,-5) rt=23.883140563964844
f=1434 dt=0.01666666753590107 pos=(-0.044036146253347397,-4.0624747276306152,-4.6025862693786621) yaw=-0.97248786687850952 sp=1605.6151123046875 vel=(1025.8360595703125,2.8025969286496341e-45,-1234.1517333984375) gate=39 lap=0 prog=39 b14=209183.46875 b1c=-4032172.75 v9e4=1605.6151123046875
   post gate=39 lap=0 alive=1 prog=39 ng=94 gc=(16.999998092651367,-5) rt=23.899806976318359
f=1435 dt=0.01666666753590107 pos=(0.0024549625813961029,-4.0624747276306152,-4.6629009246826172) yaw=-1.0171055793762207 sp=1645.9432373046875 vel=(1004.1998901367188,2.8025969286496341e-45,-1302.7813720703125) gate=39 lap=0 prog=39 b14=29194.330078125 b1c=-4046520.5 v9e4=1645.9432373046875
   post gate=39 lap=0 alive=1 prog=39 ng=94 gc=(16.999998092651367,-5) rt=23.916473388671875
f=1436 dt=0.01666666753590107 pos=(0.047699682414531708,-4.0624747276306152,-4.726386547088623) yaw=-1.0617231130599976 sp=1685.222412109375 vel=(977.27813720703125,2.8025969286496341e-45,-1371.2816162109375) gate=39 lap=0 prog=39 b14=-151641.5625 b1c=-4052357.5 v9e4=1685.222412109375
   post gate=39 lap=0 alive=1 prog=39 ng=94 gc=(16.999998092651367,-5) rt=23.933139801025391
f=1437 dt=0.01666666753590107 pos=(0.091458775103092194,-4.0624747276306152,-4.7930183410644531) yaw=-1.106340765953064 sp=1723.4654541015625 vel=(945.1888427734375,2.8025969286496341e-45,-1439.230712890625) gate=39 lap=0 prog=39 b14=-332904.28125 b1c=-4049677.25 v9e4=1723.4654541015625
   post gate=39 lap=0 alive=1 prog=39 ng=94 gc=(16.999998092651367,-5) rt=23.949806213378906
f=1438 dt=0.01666666753590107 pos=(0.1334989070892334,-4.0624747276306152,-4.8627519607543945) yaw=-1.1509582996368408 sp=1760.6856689453125 vel=(908.05938720703125,2.8025969286496341e-45,-1506.23583984375) gate=39 lap=0 prog=39 b14=-514178 b1c=-4038481.5 v9e4=1760.6856689453125
   post gate=39 lap=0 alive=1 prog=39 ng=94 gc=(16.999998092651367,-5) rt=23.966472625732422
f=1439 dt=0.01666666753590107 pos=(0.17359305918216705,-4.0624747276306152,-4.9355268478393555) yaw=-1.1955759525299072 sp=1796.895751953125 vel=(866.0267333984375,2.8025969286496341e-45,-1571.9295654296875) gate=39 lap=0 prog=39 b14=-695048.75 b1c=-4018784 v9e4=1796.895751953125
   post gate=39 lap=0 alive=1 prog=39 ng=94 gc=(16.999998092651367,-5) rt=23.983139038085938
f=1440 dt=0.01666666753590107 pos=(0.21152107417583466,-4.0624747276306152,-5.0112667083740234) yaw=-1.2401934862136841 sp=1832.1082763671875 vel=(819.238525390625,2.8025969286496341e-45,-1635.966552734375) gate=39 lap=0 prog=39 b14=-875103.8125 b1c=-3990613.5 v9e4=1832.1082763671875
   post gate=39 lap=0 alive=1 prog=39 ng=94 gc=(16.999998092651367,-5) rt=23.999805450439453
f=1441 dt=0.01666666753590107 pos=(0.24707013368606567,-4.0624747276306152,-5.0898795127868652) yaw=-1.2848111391067505 sp=1866.335205078125 vel=(767.85333251953125,2.8025969286496341e-45,-1698.021484375) gate=39 lap=0 prog=39 b14=-1053932.5 b1c=-3954014.75 v9e4=1866.335205078125
   post gate=39 lap=0 alive=1 prog=39 ng=94 gc=(16.999998092651367,-5) rt=24.016471862792969
f=1442 dt=0.01666666753590107 pos=(0.28003525733947754,-4.0624747276306152,-5.1712594032287598) yaw=-1.3294286727905273 sp=1899.5877685546875 vel=(712.0406494140625,2.8025969286496341e-45,-1757.7882080078125) gate=39 lap=0 prog=39 b14=-1231126.125 b1c=-3909048 v9e4=1899.5877685546875
   post gate=39 lap=0 alive=1 prog=39 ng=94 gc=(16.999998092651367,-5) rt=24.033138275146484
f=1443 dt=0.01666666753590107 pos=(0.31021982431411743,-4.0624747276306152,-5.255286693572998) yaw=-1.3740463256835938 sp=1931.87646484375 vel=(651.98114013671875,2.8025969286496341e-45,-1814.9779052734375) gate=39 lap=0 prog=39 b14=-1406280.125 b1c=-3855797.25 v9e4=1931.87646484375
   post gate=39 lap=0 alive=1 prog=39 ng=94 gc=(16.999998092651367,-5) rt=24.0498046875
f=1444 dt=0.01666666753590107 pos=(0.33743607997894287,-4.0624747276306152,-5.341829776763916) yaw=-1.4186638593673706 sp=1963.2117919921875 vel=(587.8663330078125,2.8025969286496341e-45,-1869.3189697265625) gate=39 lap=0 prog=39 b14=-1578993.5 b1c=-3794363.75 v9e4=1963.2117919921875
   post gate=39 lap=0 alive=1 prog=39 ng=94 gc=(16.999998092651367,-5) rt=24.066471099853516
f=1445 dt=0.01666666753590107 pos=(0.36150562763214111,-4.0624747276306152,-5.4307451248168945) yaw=-1.463281512260437 sp=1993.6033935546875 vel=(519.898193359375,2.8025969286496341e-45,-1920.5565185546875) gate=39 lap=0 prog=39 b14=-1748871 b1c=-3724866 v9e4=1993.6033935546875
   post gate=39 lap=0 alive=1 prog=39 ng=94 gc=(16.999998092651367,-5) rt=24.083137512207031
f=1446 dt=0.01666666753590107 pos=(0.38225990533828735,-4.0624747276306152,-5.5218777656555176) yaw=-1.5078991651535034 sp=2023.0606689453125 vel=(448.28900146484375,2.8025969286496341e-45,-1968.4520263671875) gate=39 lap=0 prog=39 b14=-1915523.25 b1c=-3647445 v9e4=2023.0606689453125
   post gate=39 lap=0 alive=1 prog=39 ng=94 gc=(16.999998092651367,-5) rt=24.099803924560547
f=1447 dt=0.01666666753590107 pos=(0.39954063296318054,-4.0624747276306152,-5.6150627136230469) yaw=-1.5525166988372803 sp=2051.59326171875 vel=(373.26055908203125,2.8025969286496341e-45,-2012.7833251953125) gate=39 lap=0 prog=39 b14=-2078568.875 b1c=-3562260.75 v9e4=2051.59326171875
   post gate=39 lap=0 alive=1 prog=39 ng=94 gc=(16.999998092651367,-5) rt=24.116470336914062
f=1448 dt=0.01666666753590107 pos=(0.41320016980171204,-4.0624747276306152,-5.7101259231567383) yaw=-1.5971343517303467 sp=2079.21044921875 vel=(295.04360961914062,2.8025969286496341e-45,-2053.344970703125) gate=39 lap=0 prog=39 b14=-2237634.25 b1c=-3469490 v9e4=2079.21044921875
   post gate=39 lap=0 alive=1 prog=39 ng=94 gc=(16.999998092651367,-5) rt=24.133136749267578
f=1449 dt=0.01666666753590107 pos=(0.4231019914150238,-4.0624747276306152,-5.8068833351135254) yaw=-1.6417518854141235 sp=2105.921875 vel=(213.87734985351562,2.8025969286496341e-45,-2089.94775390625) gate=39 lap=0 prog=39 b14=-2392356.25 b1c=-3369330.5 v9e4=2105.921875
   post gate=39 lap=0 alive=1 prog=39 ng=94 gc=(16.999998092651367,-5) rt=24.149803161621094
f=1450 dt=0.01666666753590107 pos=(0.42912095785140991,-4.0624747276306152,-5.905144214630127) yaw=-1.6863695383071899 sp=2131.736572265625 vel=(130.0084228515625,2.8025969286496341e-45,-2122.41845703125) gate=39 lap=0 prog=39 b14=-2542381.75 b1c=-3261998 v9e4=2131.736572265625
   post gate=39 lap=0 alive=1 prog=39 ng=94 gc=(16.999998092651367,-5) rt=24.166469573974609
f=1451 dt=0.01666666753590107 pos=(0.43114367127418518,-4.0624747276306152,-6.0047097206115723) yaw=-1.7309870719909668 sp=2156.66455078125 vel=(43.690334320068359,2.8025969286496341e-45,-2150.6005859375) gate=39 lap=0 prog=39 b14=-2687367.75 b1c=-3147722.5 v9e4=2156.66455078125
   post gate=39 lap=0 alive=1 prog=39 ng=94 gc=(16.999998092651367,-5) rt=24.183135986328125
f=1452 dt=0.01666666753590107 pos=(0.42906877398490906,-4.0624747276306152,-6.1053752899169922) yaw=-1.7756047248840332 sp=2180.715087890625 vel=(-44.817455291748047,2.8025969286496341e-45,-2174.3544921875) gate=39 lap=0 prog=39 b14=-2826983.5 b1c=-3026752.25 v9e4=2180.715087890625
   post gate=39 lap=0 alive=1 prog=39 ng=94 gc=(16.999998092651367,-5) rt=24.199802398681641
f=1453 dt=0.01666666753590107 pos=(0.42280712723731995,-4.0624747276306152,-6.2069296836853027) yaw=-1.8202223777770996 sp=2203.8984375 vel=(-135.25039672851562,2.8025969286496341e-45,-2193.556884765625) gate=39 lap=0 prog=39 b14=-2960915.25 b1c=-2899356 v9e4=2203.8984375
   post gate=39 lap=0 alive=1 prog=39 ng=94 gc=(16.999998092651367,-5) rt=24.216468811035156
f=1454 dt=0.01666666753590107 pos=(0.41228204965591431,-4.0624747276306152,-6.3091573715209961) yaw=-1.8648399114608765 sp=2226.224609375 vel=(-227.33966064453125,2.8025969286496341e-45,-2208.100830078125) gate=39 lap=0 prog=39 b14=-3088859 b1c=-2765812 v9e4=2226.224609375
   post gate=39 lap=0 alive=1 prog=39 ng=94 gc=(16.999998092651367,-5) rt=24.233135223388672
f=1455 dt=0.01666666753590107 pos=(0.39742946624755859,-4.0624747276306152,-6.4118385314941406) yaw=-1.9094574451446533 sp=2247.703857421875 vel=(-320.81307983398438,2.8025969286496341e-45,-2217.896240234375) gate=39 lap=0 prog=39 b14=-3210526.25 b1c=-2626415.5 v9e4=2247.703857421875
   post gate=39 lap=0 alive=1 prog=39 ng=94 gc=(16.999998092651367,-5) rt=24.249801635742188
f=1456 dt=0.01666666753590107 pos=(0.37819802761077881,-4.0624747276306152,-6.5147500038146973) yaw=-1.9540750980377197 sp=2268.347412109375 vel=(-415.39602661132812,2.8025969286496341e-45,-2222.86962890625) gate=39 lap=0 prog=39 b14=-3325646.25 b1c=-2481476 v9e4=2268.347412109375
   post gate=39 lap=0 alive=1 prog=39 ng=94 gc=(16.999998092651367,-5) rt=24.266468048095703
f=1457 dt=0.01666666753590107 pos=(0.3545491099357605,-4.0624747276306152,-6.6176657676696777) yaw=-1.9986926317214966 sp=2288.165771484375 vel=(-510.812255859375,2.8025969286496341e-45,-2222.96337890625) gate=39 lap=0 prog=39 b14=-3433961.75 b1c=-2331314.5 v9e4=2288.165771484375
   post gate=39 lap=0 alive=1 prog=39 ng=94 gc=(16.999998092651367,-5) rt=24.283134460449219
f=1458 dt=0.01666666753590107 pos=(0.32645699381828308,-4.0624747276306152,-6.7203578948974609) yaw=-2.0433104038238525 sp=2307.170654296875 vel=(-606.78485107421875,2.8025969286496341e-45,-2218.13671875) gate=39 lap=0 prog=39 b14=-3535235 b1c=-2176265.5 v9e4=2307.170654296875
   post gate=39 lap=0 alive=1 prog=39 ng=94 gc=(16.999998092651367,-5) rt=24.299800872802734
f=1459 dt=0.01666666753590107 pos=(0.29390871524810791,-4.0624747276306152,-6.8225979804992676) yaw=-2.0879278182983398 sp=2325.373046875 vel=(-703.0369873046875,2.8025969286496341e-45,-2208.3642578125) gate=39 lap=0 prog=39 b14=-3629240.75 b1c=-2016672.375 v9e4=2325.373046875
   post gate=39 lap=0 alive=1 prog=39 ng=94 gc=(16.999998092651367,-5) rt=24.31646728515625
f=1460 dt=0.01666666753590107 pos=(0.25690412521362305,-4.0624747276306152,-6.9241561889648438) yaw=-2.1325454711914062 sp=2342.78515625 vel=(-799.2928466796875,2.8025969286496341e-45,-2193.636474609375) gate=39 lap=0 prog=39 b14=-3715778.5 b1c=-1852890.5 v9e4=2342.78515625
   post gate=39 lap=0 alive=1 prog=39 ng=94 gc=(16.999998092651367,-5) rt=24.333133697509766
f=1461 dt=0.01666666753590107 pos=(0.21545571088790894,-4.0624747276306152,-7.0248031616210938) yaw=-2.1771631240844727 sp=2359.4189453125 vel=(-895.278564453125,2.8025969286496341e-45,-2173.9599609375) gate=39 lap=0 prog=39 b14=-3794659.75 b1c=-1685283.75 v9e4=2359.4189453125
   post gate=40 lap=0 alive=1 prog=40 ng=94 gc=(17,-9) rt=24.349800109863281
f=1462 dt=0.01666666753590107 pos=(0.16958855092525482,-4.0624747276306152,-7.1243109703063965) yaw=-2.2217807769775391 sp=2375.28662109375 vel=(-990.72271728515625,2.8025969286496341e-45,-2149.35546875) gate=40 lap=0 prog=40 b14=-3865718.5 b1c=-1514223.125 v9e4=2375.28662109375
   post gate=40 lap=0 alive=1 prog=40 ng=94 gc=(17,-9) rt=24.366466522216797
f=1463 dt=0.01666666753590107 pos=(0.11934012174606323,-4.0624747276306152,-7.2224535942077637) yaw=-2.2663984298706055 sp=2390.40087890625 vel=(-1085.357421875,2.8025969286496341e-45,-2119.859375) gate=40 lap=0 prog=40 b14=-3928804.5 b1c=-1340088.375 v9e4=2390.40087890625
   post gate=40 lap=0 alive=1 prog=40 ng=94 gc=(17,-9) rt=24.383132934570312
f=1464 dt=0.01666666753590107 pos=(0.064760103821754456,-4.0624747276306152,-7.3190064430236816) yaw=-2.3110158443450928 sp=2404.77392578125 vel=(-1178.9189453125,2.8025969286496341e-45,-2085.521728515625) gate=40 lap=0 prog=40 b14=-3983791.25 b1c=-1163263.375 v9e4=2404.77392578125
   post gate=40 lap=0 alive=1 prog=40 ng=94 gc=(17,-9) rt=24.399799346923828
f=1465 dt=0.01666666753590107 pos=(0.0059101730585098267,-4.0624747276306152,-7.4137482643127441) yaw=-2.3556334972381592 sp=2418.41943359375 vel=(-1271.1483154296875,2.8025969286496341e-45,-2046.4075927734375) gate=40 lap=0 prog=40 b14=-4030567.5 b1c=-984138.3125 v9e4=2418.41943359375
   post gate=40 lap=0 alive=1 prog=40 ng=94 gc=(17,-9) rt=24.416465759277344
f=1466 dt=0.01666666753590107 pos=(-0.057136259973049164,-4.0624747276306152,-7.5064616203308105) yaw=-2.4002511501312256 sp=2431.35009765625 vel=(-1361.7919921875,2.8025969286496341e-45,-2002.594482421875) gate=40 lap=0 prog=40 b14=-4069044 b1c=-803106.5625 v9e4=2431.35009765625
   post gate=40 lap=0 alive=1 prog=40 ng=94 gc=(17,-9) rt=24.433132171630859
f=1467 dt=0.01666666753590107 pos=(-0.12429434806108475,-4.0624747276306152,-7.5969333648681641) yaw=-2.444868803024292 sp=2443.57958984375 vel=(-1450.60302734375,2.8025969286496341e-45,-1954.1737060546875) gate=40 lap=0 prog=40 b14=-4099149 b1c=-620564.1875 v9e4=2443.57958984375
   post gate=40 lap=0 alive=1 prog=40 ng=94 gc=(17,-9) rt=24.449798583984375
f=1468 dt=0.01666666753590107 pos=(-0.19546811282634735,-4.0624747276306152,-7.6849546432495117) yaw=-2.4894864559173584 sp=2455.121337890625 vel=(-1537.3409423828125,2.8025969286496341e-45,-1901.2486572265625) gate=40 lap=0 prog=40 b14=-4120833.75 b1c=-436909.8125 v9e4=2455.121337890625
   post gate=40 lap=0 alive=1 prog=40 ng=94 gc=(17,-9) rt=24.466464996337891
f=1469 dt=0.01666666753590107 pos=(-0.27055078744888306,-4.0624747276306152,-7.7703227996826172) yaw=-2.5341041088104248 sp=2465.9892578125 vel=(-1621.7725830078125,2.8025969286496341e-45,-1843.934814453125) gate=40 lap=0 prog=40 b14=-4134066 b1c=-252542.546875 v9e4=2465.9892578125
   post gate=40 lap=0 alive=1 prog=40 ng=94 gc=(17,-9) rt=24.483131408691406
f=1470 dt=0.01666666753590107 pos=(-0.34942516684532166,-4.0624747276306152,-7.8528399467468262) yaw=-2.5787215232849121 sp=2476.197265625 vel=(-1703.673095703125,2.8025969286496341e-45,-1782.3594970703125) gate=40 lap=0 prog=40 b14=-4138835 b1c=-67861.2578125 v9e4=2476.197265625
   post gate=40 lap=0 alive=1 prog=40 ng=94 gc=(17,-9) rt=24.499797821044922
f=1471 dt=0.01666666753590107 pos=(-0.43196403980255127,-4.0624747276306152,-7.9323158264160156) yaw=-2.6233391761779785 sp=2485.759521484375 vel=(-1782.825439453125,2.8025969286496341e-45,-1716.6602783203125) gate=40 lap=0 prog=40 b14=-4135149.25 b1c=116736.6875 v9e4=2485.759521484375
   post gate=40 lap=0 alive=1 prog=40 ng=94 gc=(17,-9) rt=24.516464233398438
f=1472 dt=0.01666666753590107 pos=(-0.43196403980255127,-4.0624747276306152,-8.2323160171508789) yaw=-0.63216078281402588 sp=1247.344970703125 vel=(1006.298828125,2.8025969286496341e-45,-737.04290771484375) gate=40 lap=0 prog=40 b14=-4123035 b1c=300855.96875 v9e4=2494.68994140625
   post gate=40 lap=0 alive=1 prog=40 ng=94 gc=(17,-9) rt=24.533130645751953
f=1473 dt=0.01666666753590107 pos=(-0.38446357846260071,-4.0624747276306152,-8.2688999176025391) yaw=-0.67068803310394287 sp=1295.1953125 vel=(1026.00146484375,2.8025969286496341e-45,-790.1998291015625) gate=40 lap=0 prog=40 b14=1346226.125 b1c=-3716340.25 v9e4=1295.1953125
   post gate=40 lap=0 alive=1 prog=40 ng=94 gc=(17,-9) rt=24.549797058105469
f=1474 dt=0.01666666753590107 pos=(-0.33625200390815735,-4.0624747276306152,-8.3080959320068359) yaw=-0.71061128377914429 sp=1342.13623046875 vel=(1041.3616943359375,2.8025969286496341e-45,-846.63037109375) gate=40 lap=0 prog=40 b14=1206455.375 b1c=-3779135.75 v9e4=1342.13623046875
   post gate=40 lap=0 alive=1 prog=40 ng=94 gc=(17,-9) rt=24.566463470458984
f=1475 dt=0.01666666753590107 pos=(-0.28754732012748718,-4.0624747276306152,-8.3500404357910156) yaw=-0.75190919637680054 sp=1388.362060546875 vel=(1052.0125732421875,2.8025969286496341e-45,-905.99053955078125) gate=40 lap=0 prog=40 b14=1058452.875 b1c=-3838034.5 v9e4=1388.362060546875
   post gate=40 lap=0 alive=1 prog=40 ng=94 gc=(17,-9) rt=24.5831298828125
f=1476 dt=0.01666666753590107 pos=(-0.23858065903186798,-4.0624747276306152,-8.3948535919189453) yaw=-0.79455745220184326 sp=1433.7728271484375 vel=(1057.6715087890625,2.8025969286496341e-45,-967.95416259765625) gate=40 lap=0 prog=40 b14=902079.5625 b1c=-3891346.25 v9e4=1433.7728271484375
   post gate=40 lap=0 alive=1 prog=40 ng=94 gc=(17,-9) rt=24.599796295166016
f=1477 dt=0.01666666753590107 pos=(-0.1895957738161087,-4.0624747276306152,-8.4426393508911133) yaw=-0.83852905035018921 sp=1478.2747802734375 vel=(1058.0650634765625,2.8025969286496341e-45,-1032.1715087890625) gate=40 lap=0 prog=40 b14=737592.375 b1c=-3938239 v9e4=1478.2747802734375
   post gate=40 lap=0 alive=1 prog=40 ng=94 gc=(17,-9) rt=24.616462707519531
f=1478 dt=0.01666666753590107 pos=(-0.14084842801094055,-4.0624747276306152,-8.4934854507446289) yaw=-0.88314670324325562 sp=1521.7791748046875 vel=(1052.93408203125,2.8025969286496341e-45,-1098.265380859375) gate=40 lap=0 prog=40 b14=565328.8125 b1c=-3977861 v9e4=1521.7791748046875
   post gate=40 lap=0 alive=1 prog=40 ng=94 gc=(17,-9) rt=24.633129119873047
f=1479 dt=0.01666666753590107 pos=(-0.092597946524620056,-4.0624747276306152,-8.5474557876586914) yaw=-0.92776429653167725 sp=1564.2313232421875 vel=(1042.2020263671875,2.8025969286496341e-45,-1165.7412109375) gate=40 lap=0 prog=40 b14=388326.0625 b1c=-4009274.75 v9e4=1564.2313232421875
   post gate=40 lap=0 alive=1 prog=40 ng=94 gc=(17,-9) rt=24.649795532226562
f=1480 dt=0.01666666753590107 pos=(-0.045098982751369476,-4.0624747276306152,-8.6045875549316406) yaw=-0.97238194942474365 sp=1605.6182861328125 vel=(1025.9693603515625,2.8025969286496341e-45,-1234.044921875) gate=40 lap=0 prog=40 b14=209610.890625 b1c=-4032151 v9e4=1605.6182861328125
   post gate=40 lap=0 alive=1 prog=40 ng=94 gc=(17,-9) rt=24.666461944580078
f=1481 dt=0.01666666753590107 pos=(0.0013986304402351379,-4.0624747276306152,-8.6648969650268555) yaw=-1.0169994831085205 sp=1645.9461669921875 vel=(1004.3403930664062,2.8025969286496341e-45,-1302.6767578125) gate=40 lap=0 prog=40 b14=29623.06640625 b1c=-4046518.75 v9e4=1645.9461669921875
   post gate=40 lap=0 alive=1 prog=40 ng=94 gc=(17,-9) rt=24.683128356933594
f=1482 dt=0.01666666753590107 pos=(0.046650182455778122,-4.0624747276306152,-8.7283782958984375) yaw=-1.0616171360015869 sp=1685.225341796875 vel=(977.42572021484375,2.8025969286496341e-45,-1371.179931640625) gate=40 lap=0 prog=40 b14=-151211.671875 b1c=-4052373.25 v9e4=1685.225341796875
   post gate=40 lap=0 alive=1 prog=40 ng=94 gc=(17,-9) rt=24.699794769287109
f=1483 dt=0.01666666753590107 pos=(0.090416431427001953,-4.0624747276306152,-8.7950057983398438) yaw=-1.1062346696853638 sp=1723.46826171875 vel=(945.343505859375,2.8025969286496341e-45,-1439.13232421875) gate=40 lap=0 prog=40 b14=-332474.78125 b1c=-4049712 v9e4=1723.46826171875
   post gate=40 lap=0 alive=1 prog=40 ng=94 gc=(17,-9) rt=24.716461181640625
f=1484 dt=0.01666666753590107 pos=(0.13246403634548187,-4.0624747276306152,-8.8647346496582031) yaw=-1.1508522033691406 sp=1760.688232421875 vel=(908.220947265625,2.8025969286496341e-45,-1506.141357421875) gate=40 lap=0 prog=40 b14=-513749.75 b1c=-4038536.25 v9e4=1760.688232421875
   post gate=40 lap=0 alive=1 prog=40 ng=94 gc=(17,-9) rt=24.733127593994141
f=1485 dt=0.01666666753590107 pos=(0.17256598174571991,-4.0624747276306152,-8.9375057220458984) yaw=-1.195469856262207 sp=1796.898193359375 vel=(866.195068359375,2.8025969286496341e-45,-1571.839599609375) gate=40 lap=0 prog=40 b14=-694622.375 b1c=-4018858.5 v9e4=1796.898193359375
   post gate=40 lap=0 alive=1 prog=40 ng=94 gc=(17,-9) rt=24.749794006347656
f=1486 dt=0.01666666753590107 pos=(0.21050208806991577,-4.0624747276306152,-9.0132417678833008) yaw=-1.2400875091552734 sp=1832.1107177734375 vel=(819.41351318359375,2.8025969286496341e-45,-1635.8814697265625) gate=40 lap=0 prog=40 b14=-874680.75 b1c=-3990707.25 v9e4=1832.1107177734375
   post gate=40 lap=0 alive=1 prog=40 ng=94 gc=(17,-9) rt=24.766460418701172
f=1487 dt=0.01666666753590107 pos=(0.24605953693389893,-4.0624747276306152,-9.0918512344360352) yaw=-1.2847050428390503 sp=1866.33740234375 vel=(768.0347900390625,2.8025969286496341e-45,-1697.94189453125) gate=40 lap=0 prog=40 b14=-1053512.875 b1c=-3954125.75 v9e4=1866.33740234375
   post gate=40 lap=0 alive=1 prog=40 ng=94 gc=(17,-9) rt=24.783126831054688
f=1488 dt=0.01666666753590107 pos=(0.27903333306312561,-4.0624747276306152,-9.1732273101806641) yaw=-1.3293226957321167 sp=1899.5899658203125 vel=(712.22833251953125,2.8025969286496341e-45,-1757.7144775390625) gate=40 lap=0 prog=40 b14=-1230712 b1c=-3909180 v9e4=1899.5899658203125
   post gate=40 lap=0 alive=1 prog=40 ng=94 gc=(17,-9) rt=24.799793243408203
f=1489 dt=0.01666666753590107 pos=(0.30922684073448181,-4.0624747276306152,-9.2572517395019531) yaw=-1.3739403486251831 sp=1931.8785400390625 vel=(652.1748046875,2.8025969286496341e-45,-1814.910400390625) gate=40 lap=0 prog=40 b14=-1405871.625 b1c=-3855947 v9e4=1931.8785400390625
   post gate=40 lap=0 alive=1 prog=40 ng=94 gc=(17,-9) rt=24.816459655761719
f=1490 dt=0.01666666753590107 pos=(0.33645230531692505,-4.0624747276306152,-9.3437919616699219) yaw=-1.41855788230896 sp=1963.2137451171875 vel=(588.06561279296875,2.8025969286496341e-45,-1869.25830078125) gate=40 lap=0 prog=40 b14=-1578591.25 b1c=-3794530.75 v9e4=1963.2137451171875
   post gate=40 lap=0 alive=1 prog=40 ng=94 gc=(17,-9) rt=24.833126068115234
f=1491 dt=0.01666666753590107 pos=(0.36053133010864258,-4.0624747276306152,-9.4327049255371094) yaw=-1.4631754159927368 sp=1993.6051025390625 vel=(520.1029052734375,2.8025969286496341e-45,-1920.5029296875) gate=40 lap=0 prog=40 b14=-1748476.125 b1c=-3725051.25 v9e4=1993.6051025390625
   post gate=40 lap=0 alive=1 prog=40 ng=94 gc=(17,-9) rt=24.84979248046875
f=1492 dt=0.01666666753590107 pos=(0.38129532337188721,-4.0624747276306152,-9.5238351821899414) yaw=-1.5077930688858032 sp=2023.0623779296875 vel=(448.49868774414062,2.8025969286496341e-45,-1968.4061279296875) gate=40 lap=0 prog=40 b14=-1915136.875 b1c=-3647649.25 v9e4=2023.0623779296875
   post gate=40 lap=0 alive=1 prog=40 ng=94 gc=(17,-9) rt=24.866458892822266
f=1493 dt=0.01666666753590107 pos=(0.3985859751701355,-4.0624747276306152,-9.6170186996459961) yaw=-1.5524107217788696 sp=2051.594970703125 vel=(373.47482299804688,2.8025969286496341e-45,-2012.7454833984375) gate=40 lap=0 prog=40 b14=-2078191.375 b1c=-3562481.5 v9e4=2051.594970703125
   post gate=40 lap=0 alive=1 prog=40 ng=94 gc=(17,-9) rt=24.883125305175781
f=1494 dt=0.01666666753590107 pos=(0.41225561499595642,-4.0624747276306152,-9.7120800018310547) yaw=-1.5970282554626465 sp=2079.212158203125 vel=(295.26211547851562,2.8025969286496341e-45,-2053.3154296875) gate=40 lap=0 prog=40 b14=-2237267 b1c=-3469728 v9e4=2079.212158203125
   post gate=40 lap=0 alive=1 prog=40 ng=94 gc=(17,-9) rt=24.899791717529297
f=1495 dt=0.01666666753590107 pos=(0.42216771841049194,-4.0624747276306152,-9.8088369369506836) yaw=-1.6416459083557129 sp=2105.923583984375 vel=(214.09965515136719,2.8025969286496341e-45,-2089.9267578125) gate=40 lap=0 prog=40 b14=-2391999.75 b1c=-3369585 v9e4=2105.923583984375
   post gate=40 lap=0 alive=1 prog=40 ng=94 gc=(17,-9) rt=24.916458129882812
f=1496 dt=0.01666666753590107 pos=(0.42819711565971375,-4.0624747276306152,-9.9070968627929688) yaw=-1.6862634420394897 sp=2131.738037109375 vel=(130.23410034179688,2.8025969286496341e-45,-2122.406005859375) gate=40 lap=0 prog=40 b14=-2542036 b1c=-3262267 v9e4=2131.738037109375
   post gate=40 lap=0 alive=1 prog=40 ng=94 gc=(17,-9) rt=24.933124542236328
f=1497 dt=0.01666666753590107 pos=(0.43023040890693665,-4.0624747276306152,-10.006662368774414) yaw=-1.7308810949325562 sp=2156.666015625 vel=(43.918941497802734,2.8025969286496341e-45,-2150.597412109375) gate=40 lap=0 prog=40 b14=-2687033.75 b1c=-3148007 v9e4=2156.666015625
   post gate=40 lap=0 alive=1 prog=40 ng=94 gc=(17,-9) rt=24.949790954589844
f=1498 dt=0.01666666753590107 pos=(0.42816621065139771,-4.0624747276306152,-10.107328414916992) yaw=-1.775498628616333 sp=2180.716552734375 vel=(-44.586383819580078,2.8025969286496341e-45,-2174.36083984375) gate=40 lap=0 prog=40 b14=-2826663 b1c=-3027052.75 v9e4=2180.716552734375
   post gate=40 lap=0 alive=1 prog=40 ng=94 gc=(17,-9) rt=24.966457366943359
f=1499 dt=0.01666666753590107 pos=(0.42191535234451294,-4.0624747276306152,-10.208883285522461) yaw=-1.8201162815093994 sp=2203.899658203125 vel=(-135.01734924316406,2.8025969286496341e-45,-2193.572509765625) gate=40 lap=0 prog=40 b14=-2960608.25 b1c=-2899670.5 v9e4=2203.899658203125
   post gate=40 lap=0 alive=1 prog=40 ng=94 gc=(17,-9) rt=24.983123779296875
f=1500 dt=0.01666666753590107 pos=(0.41140115261077881,-4.0624747276306152,-10.311112403869629) yaw=-1.8647338151931763 sp=2226.22607421875 vel=(-227.10511779785156,2.8025969286496341e-45,-2208.126220703125) gate=40 lap=0 prog=40 b14=-3088565.75 b1c=-2766139.75 v9e4=2226.22607421875
   post gate=40 lap=0 alive=1 prog=40 ng=94 gc=(17,-9) rt=24.999790191650391
f=1501 dt=0.01666666753590107 pos=(0.39655947685241699,-4.0624747276306152,-10.413795471191406) yaw=-1.9093514680862427 sp=2247.705078125 vel=(-320.57757568359375,2.8025969286496341e-45,-2217.931640625) gate=40 lap=0 prog=40 b14=-3210247.5 b1c=-2626755.75 v9e4=2247.705078125
   post gate=40 lap=0 alive=1 prog=40 ng=94 gc=(17,-9) rt=25.016456604003906
f=1502 dt=0.01666666753590107 pos=(0.3773389458656311,-4.0624747276306152,-10.516709327697754) yaw=-1.9539690017700195 sp=2268.3486328125 vel=(-415.16009521484375,2.8025969286496341e-45,-2222.9150390625) gate=40 lap=0 prog=40 b14=-3325383.5 b1c=-2481829.25 v9e4=2268.3486328125
   post gate=40 lap=0 alive=1 prog=40 ng=94 gc=(17,-9) rt=25.033123016357422
f=1503 dt=0.01666666753590107 pos=(0.35370096564292908,-4.0624747276306152,-10.619627952575684) yaw=-1.9985865354537964 sp=2288.16748046875 vel=(-510.57635498046875,2.8025969286496341e-45,-2223.019287109375) gate=40 lap=0 prog=40 b14=-3433715 b1c=-2331679.25 v9e4=2288.16748046875
   post gate=40 lap=0 alive=1 prog=40 ng=94 gc=(17,-9) rt=25.049789428710938
f=1504 dt=0.01666666753590107 pos=(0.32561975717544556,-4.0624747276306152,-10.722323417663574) yaw=-2.0432040691375732 sp=2307.17236328125 vel=(-606.54949951171875,2.8025969286496341e-45,-2218.202880859375) gate=40 lap=0 prog=40 b14=-3535003.75 b1c=-2176640.75 v9e4=2307.17236328125
   post gate=40 lap=0 alive=1 prog=40 ng=94 gc=(17,-9) rt=25.066455841064453
f=1505 dt=0.01666666753590107 pos=(0.29308232665061951,-4.0624747276306152,-10.824566841125488) yaw=-2.0878217220306396 sp=2325.374755859375 vel=(-702.802734375,2.8025969286496341e-45,-2208.4404296875) gate=40 lap=0 prog=40 b14=-3629027.5 b1c=-2017057.75 v9e4=2325.374755859375
   post gate=40 lap=0 alive=1 prog=40 ng=94 gc=(17,-9) rt=25.083122253417969
f=1506 dt=0.01666666753590107 pos=(0.2560884952545166,-4.0624747276306152,-10.926129341125488) yaw=-2.1324393749237061 sp=2342.786865234375 vel=(-799.0601806640625,2.8025969286496341e-45,-2193.722900390625) gate=40 lap=0 prog=40 b14=-3715582 b1c=-1853285.25 v9e4=2342.786865234375
   post gate=40 lap=0 alive=1 prog=40 ng=94 gc=(17,-9) rt=25.099788665771484
f=1507 dt=0.01666666753590107 pos=(0.21465075016021729,-4.0624747276306152,-11.02678108215332) yaw=-2.1770570278167725 sp=2359.420654296875 vel=(-895.0479736328125,2.8025969286496341e-45,-2174.056640625) gate=40 lap=0 prog=40 b14=-3794480.75 b1c=-1685686.625 v9e4=2359.420654296875
   post gate=41 lap=0 alive=1 prog=41 ng=94 gc=(17,-13) rt=25.116455078125
f=1508 dt=0.01666666753590107 pos=(0.16879414021968842,-4.0624747276306152,-11.126294136047363) yaw=-2.2216746807098389 sp=2375.2880859375 vel=(-990.4947509765625,2.8025969286496341e-45,-2149.462158203125) gate=41 lap=0 prog=41 b14=-3865557.5 b1c=-1514634 v9e4=2375.2880859375
   post gate=41 lap=0 alive=1 prog=41 ng=94 gc=(17,-13) rt=25.133121490478516
f=1509 dt=0.01666666753590107 pos=(0.11855611950159073,-4.0624747276306152,-11.224441528320312) yaw=-2.2662920951843262 sp=2390.40234375 vel=(-1085.132568359375,2.8025969286496341e-45,-2119.975830078125) gate=41 lap=0 prog=41 b14=-3928662.25 b1c=-1340505 v9e4=2390.40234375
   post gate=41 lap=0 alive=1 prog=41 ng=94 gc=(17,-13) rt=25.149787902832031
f=1510 dt=0.01666666753590107 pos=(0.063986346125602722,-4.0624747276306152,-11.321000099182129) yaw=-2.3109097480773926 sp=2404.775146484375 vel=(-1178.6976318359375,2.8025969286496341e-45,-2085.64794921875) gate=41 lap=0 prog=41 b14=-3983667 b1c=-1163686 v9e4=2404.775146484375
   post gate=41 lap=0 alive=1 prog=41 ng=94 gc=(17,-13) rt=25.166454315185547
f=1511 dt=0.01666666753590107 pos=(0.0051464773714542389,-4.0624747276306152,-11.415748596191406) yaw=-2.355527400970459 sp=2418.420166015625 vel=(-1270.9310302734375,2.8025969286496341e-45,-2046.54345703125) gate=41 lap=0 prog=41 b14=-4030462.5 b1c=-984565.875 v9e4=2418.420166015625
   post gate=41 lap=0 alive=1 prog=41 ng=94 gc=(17,-13) rt=25.183120727539062
f=1512 dt=0.01666666753590107 pos=(-0.057890113443136215,-4.0624747276306152,-11.508468627929688) yaw=-2.4001450538635254 sp=2431.35107421875 vel=(-1361.5794677734375,2.8025969286496341e-45,-2002.739990234375) gate=41 lap=0 prog=41 b14=-4068958.75 b1c=-803538.25 v9e4=2431.35107421875
   post gate=41 lap=0 alive=1 prog=41 ng=94 gc=(17,-13) rt=25.199787139892578
f=1513 dt=0.01666666753590107 pos=(-0.12503859400749207,-4.0624747276306152,-11.598947525024414) yaw=-2.4447627067565918 sp=2443.580322265625 vel=(-1450.3956298828125,2.8025969286496341e-45,-1954.32861328125) gate=41 lap=0 prog=41 b14=-4099082 b1c=-620999.0625 v9e4=2443.580322265625
   post gate=41 lap=0 alive=1 prog=41 ng=94 gc=(17,-13) rt=25.216453552246094
f=1514 dt=0.01666666753590107 pos=(-0.19620302319526672,-4.0624747276306152,-11.686976432800293) yaw=-2.4893801212310791 sp=2455.122314453125 vel=(-1537.13916015625,2.8025969286496341e-45,-1901.412841796875) gate=41 lap=0 prog=41 b14=-4120787.25 b1c=-437347.375 v9e4=2455.122314453125
   post gate=41 lap=0 alive=1 prog=41 ng=94 gc=(17,-13) rt=25.233119964599609
f=1515 dt=0.01666666753590107 pos=(-0.27127665281295776,-4.0624747276306152,-11.77235221862793) yaw=-2.5339977741241455 sp=2465.990234375 vel=(-1621.5770263671875,2.8025969286496341e-45,-1844.108154296875) gate=41 lap=0 prog=41 b14=-4134039 b1c=-252981.84375 v9e4=2465.990234375
   post gate=41 lap=0 alive=1 prog=41 ng=94 gc=(17,-13) rt=25.249786376953125
f=1516 dt=0.01666666753590107 pos=(-0.35014230012893677,-4.0624747276306152,-11.854877471923828) yaw=-2.5786154270172119 sp=2476.1982421875 vel=(-1703.4840087890625,2.8025969286496341e-45,-1782.54150390625) gate=41 lap=0 prog=41 b14=-4138828 b1c=-68301.0546875 v9e4=2476.1982421875
   post gate=41 lap=0 alive=1 prog=41 ng=94 gc=(17,-13) rt=25.266452789306641
f=1517 dt=0.01666666753590107 pos=(-0.43267273902893066,-4.0624747276306152,-11.934362411499023) yaw=-2.6232328414916992 sp=2485.76025390625 vel=(-1782.643310546875,2.8025969286496341e-45,-1716.8505859375) gate=41 lap=0 prog=41 b14=-4135162 b1c=116297.3125 v9e4=2485.76025390625
   post gate=41 lap=0 alive=1 prog=41 ng=94 gc=(17,-13) rt=25.283119201660156
f=1518 dt=0.01666666753590107 pos=(-0.43267273902893066,-4.0624747276306152,-12.234362602233887) yaw=-0.63206499814987183 sp=1247.3453369140625 vel=(1006.3696899414062,2.8025969286496341e-45,-736.94671630859375) gate=41 lap=0 prog=41 b14=-4123067.75 b1c=300417.90625 v9e4=2494.690673828125
   post gate=41 lap=0 alive=1 prog=41 ng=94 gc=(17,-13) rt=25.299785614013672
f=1519 dt=0.01666666753590107 pos=(-0.38516879081726074,-4.0624747276306152,-12.270941734313965) yaw=-0.67059218883514404 sp=1295.1956787109375 vel=(1026.077392578125,2.8025969286496341e-45,-790.10174560546875) gate=41 lap=0 prog=41 b14=1346582 b1c=-3716211.75 v9e4=1295.1956787109375
   post gate=41 lap=0 alive=1 prog=41 ng=94 gc=(17,-13) rt=25.316452026367188
f=1520 dt=0.01666666753590107 pos=(-0.33695346117019653,-4.0624747276306152,-12.31013298034668) yaw=-0.71051549911499023 sp=1342.1365966796875 vel=(1041.443115234375,2.8025969286496341e-45,-846.5308837890625) gate=41 lap=0 prog=41 b14=1206817.75 b1c=-3779020.75 v9e4=1342.1365966796875
   post gate=41 lap=0 alive=1 prog=41 ng=94 gc=(17,-13) rt=25.333118438720703
f=1521 dt=0.01666666753590107 pos=(-0.28824475407600403,-4.0624747276306152,-12.352072715759277) yaw=-0.75181341171264648 sp=1388.3624267578125 vel=(1052.099609375,2.8025969286496341e-45,-905.8900146484375) gate=41 lap=0 prog=41 b14=1058820.75 b1c=-3837933.75 v9e4=1388.3624267578125
   post gate=41 lap=0 alive=1 prog=41 ng=94 gc=(17,-13) rt=25.349784851074219
f=1522 dt=0.01666666753590107 pos=(-0.2392737865447998,-4.0624747276306152,-12.396881103515625) yaw=-0.79446172714233398 sp=1433.7730712890625 vel=(1057.7645263671875,2.8025969286496341e-45,-967.85302734375) gate=41 lap=0 prog=41 b14=902452.125 b1c=-3891259.5 v9e4=1433.7730712890625
   post gate=41 lap=0 alive=1 prog=41 ng=94 gc=(17,-13) rt=25.366451263427734
f=1523 dt=0.01666666753590107 pos=(-0.19028431177139282,-4.0624747276306152,-12.444662094116211) yaw=-0.83843332529067993 sp=1478.27490234375 vel=(1058.1641845703125,2.8025969286496341e-45,-1032.0703125) gate=41 lap=0 prog=41 b14=737969.625 b1c=-3938169 v9e4=1478.27490234375
   post gate=41 lap=0 alive=1 prog=41 ng=94 gc=(17,-13) rt=25.38311767578125
f=1524 dt=0.01666666753590107 pos=(-0.14153209328651428,-4.0624747276306152,-12.495503425598145) yaw=-0.88305085897445679 sp=1521.7794189453125 vel=(1053.0394287109375,2.8025969286496341e-45,-1098.16455078125) gate=41 lap=0 prog=41 b14=565709.6875 b1c=-3977806.75 v9e4=1521.7794189453125
   post gate=41 lap=0 alive=1 prog=41 ng=94 gc=(17,-13) rt=25.399784088134766
f=1525 dt=0.01666666753590107 pos=(-0.093276441097259521,-4.0624747276306152,-12.549468994140625) yaw=-0.92766845226287842 sp=1564.2313232421875 vel=(1042.313720703125,2.8025969286496341e-45,-1165.641357421875) gate=41 lap=0 prog=41 b14=388710.0625 b1c=-4009237.75 v9e4=1564.2313232421875
   post gate=41 lap=0 alive=1 prog=41 ng=94 gc=(17,-13) rt=25.416450500488281
f=1526 dt=0.01666666753590107 pos=(-0.0457720085978508,-4.0624747276306152,-12.606596946716309) yaw=-0.97228604555130005 sp=1605.6182861328125 vel=(1026.0875244140625,2.8025969286496341e-45,-1233.9466552734375) gate=41 lap=0 prog=41 b14=209997.265625 b1c=-4032130.5 v9e4=1605.6182861328125
   post gate=41 lap=0 alive=1 prog=41 ng=94 gc=(17,-13) rt=25.433116912841797
f=1527 dt=0.01666666753590107 pos=(0.00073137879371643066,-4.0624747276306152,-12.666902542114258) yaw=-1.0169036388397217 sp=1645.9462890625 vel=(1004.4651489257812,2.8025969286496341e-45,-1302.5806884765625) gate=41 lap=0 prog=41 b14=30011.033203125 b1c=-4046516 v9e4=1645.9462890625
   post gate=41 lap=0 alive=1 prog=41 ng=94 gc=(17,-13) rt=25.449783325195312
f=1528 dt=0.01666666753590107 pos=(0.045989014208316803,-4.0624747276306152,-12.730379104614258) yaw=-1.0615212917327881 sp=1685.2254638671875 vel=(977.55706787109375,2.8025969286496341e-45,-1371.08642578125) gate=41 lap=0 prog=41 b14=-150823.5 b1c=-4052388 v9e4=1685.2254638671875
   post gate=41 lap=0 alive=1 prog=41 ng=94 gc=(17,-13) rt=25.466449737548828
f=1529 dt=0.01666666753590107 pos=(0.089761652052402496,-4.0624747276306152,-12.797001838684082) yaw=-1.1061388254165649 sp=1723.4683837890625 vel=(945.48138427734375,2.8025969286496341e-45,-1439.0418701171875) gate=41 lap=0 prog=41 b14=-332086.53125 b1c=-4049744 v9e4=1723.4683837890625
   post gate=41 lap=0 alive=1 prog=41 ng=94 gc=(17,-13) rt=25.483116149902344
f=1530 dt=0.01666666753590107 pos=(0.13181594014167786,-4.0624747276306152,-12.866726875305176) yaw=-1.1507564783096313 sp=1760.6883544921875 vel=(908.36529541015625,2.8025969286496341e-45,-1506.0545654296875) gate=41 lap=0 prog=41 b14=-513362.6875 b1c=-4038585.25 v9e4=1760.6883544921875
   post gate=41 lap=0 alive=1 prog=41 ng=94 gc=(17,-13) rt=25.499782562255859
f=1531 dt=0.01666666753590107 pos=(0.17192485928535461,-4.0624747276306152,-12.939494132995605) yaw=-1.1953741312026978 sp=1796.8983154296875 vel=(866.34576416015625,2.8025969286496341e-45,-1571.7567138671875) gate=41 lap=0 prog=41 b14=-694237.6875 b1c=-4018925.25 v9e4=1796.8983154296875
   post gate=41 lap=0 alive=1 prog=41 ng=94 gc=(17,-13) rt=25.516448974609375
f=1532 dt=0.01666666753590107 pos=(0.20986823737621307,-4.0624747276306152,-13.015226364135742) yaw=-1.2399916648864746 sp=1832.11083984375 vel=(819.57037353515625,2.8025969286496341e-45,-1635.8031005859375) gate=41 lap=0 prog=41 b14=-874298.3125 b1c=-3990791 v9e4=1832.11083984375
   post gate=41 lap=0 alive=1 prog=41 ng=94 gc=(17,-13) rt=25.533115386962891
f=1533 dt=0.01666666753590107 pos=(0.24543322622776031,-4.0624747276306152,-13.093832015991211) yaw=-1.284609317779541 sp=1866.337646484375 vel=(768.197509765625,2.8025969286496341e-45,-1697.868408203125) gate=41 lap=0 prog=41 b14=-1053134.375 b1c=-3954227 v9e4=1866.337646484375
   post gate=41 lap=0 alive=1 prog=41 ng=94 gc=(17,-13) rt=25.549781799316406
f=1534 dt=0.01666666753590107 pos=(0.27841481566429138,-4.0624747276306152,-13.175205230712891) yaw=-1.3292268514633179 sp=1899.590087890625 vel=(712.3968505859375,2.8025969286496341e-45,-1757.646484375) gate=41 lap=0 prog=41 b14=-1230337.25 b1c=-3909296.75 v9e4=1899.590087890625
   post gate=41 lap=0 alive=1 prog=41 ng=94 gc=(17,-13) rt=25.566448211669922
f=1535 dt=0.01666666753590107 pos=(0.30861639976501465,-4.0624747276306152,-13.25922679901123) yaw=-1.3738445043563843 sp=1931.87890625 vel=(652.3487548828125,2.8025969286496341e-45,-1814.8482666015625) gate=41 lap=0 prog=41 b14=-1405502.125 b1c=-3856082 v9e4=1931.87890625
   post gate=41 lap=0 alive=1 prog=41 ng=94 gc=(17,-13) rt=25.583114624023438
f=1536 dt=0.01666666753590107 pos=(0.33585017919540405,-4.0624747276306152,-13.34576416015625) yaw=-1.4184620380401611 sp=1963.214111328125 vel=(588.244873046875,2.8025969286496341e-45,-1869.2022705078125) gate=41 lap=0 prog=41 b14=-1578227.5 b1c=-3794682.25 v9e4=1963.214111328125
   post gate=41 lap=0 alive=1 prog=41 ng=94 gc=(17,-13) rt=25.599781036376953
f=1537 dt=0.01666666753590107 pos=(0.35993772745132446,-4.0624747276306152,-13.434675216674805) yaw=-1.4630796909332275 sp=1993.6055908203125 vel=(520.2869873046875,2.8025969286496341e-45,-1920.4534912109375) gate=41 lap=0 prog=41 b14=-1748119.125 b1c=-3725218.75 v9e4=1993.6055908203125
   post gate=41 lap=0 alive=1 prog=41 ng=94 gc=(17,-13) rt=25.616447448730469
f=1538 dt=0.01666666753590107 pos=(0.38071045279502869,-4.0624747276306152,-13.525803565979004) yaw=-1.5076972246170044 sp=2023.062744140625 vel=(448.68731689453125,2.8025969286496341e-45,-1968.3634033203125) gate=41 lap=0 prog=41 b14=-1914787.25 b1c=-3647832.25 v9e4=2023.062744140625
   post gate=41 lap=0 alive=1 prog=41 ng=94 gc=(17,-13) rt=25.633113861083984
f=1539 dt=0.01666666753590107 pos=(0.3980100154876709,-4.0624747276306152,-13.618985176086426) yaw=-1.5523148775100708 sp=2051.595458984375 vel=(373.66769409179688,2.8025969286496341e-45,-2012.7099609375) gate=41 lap=0 prog=41 b14=-2077850.25 b1c=-3562681 v9e4=2051.595458984375
   post gate=41 lap=0 alive=1 prog=41 ng=94 gc=(17,-13) rt=25.6497802734375
f=1540 dt=0.01666666753590107 pos=(0.41168877482414246,-4.0624747276306152,-13.714045524597168) yaw=-1.5969324111938477 sp=2079.21240234375 vel=(295.4588623046875,2.8025969286496341e-45,-2053.287353515625) gate=41 lap=0 prog=41 b14=-2236934.25 b1c=-3469941.75 v9e4=2079.21240234375
   post gate=41 lap=0 alive=1 prog=41 ng=94 gc=(17,-13) rt=25.666446685791016
f=1541 dt=0.01666666753590107 pos=(0.42161014676094055,-4.0624747276306152,-13.81080150604248) yaw=-1.6415500640869141 sp=2105.923583984375 vel=(214.29989624023438,2.8025969286496341e-45,-2089.90625) gate=41 lap=0 prog=41 b14=-2391677 b1c=-3369814.5 v9e4=2105.923583984375
   post gate=41 lap=0 alive=1 prog=41 ng=94 gc=(17,-13) rt=25.683113098144531
f=1542 dt=0.01666666753590107 pos=(0.42764896154403687,-4.0624747276306152,-13.909061431884766) yaw=-1.6861675977706909 sp=2131.73828125 vel=(130.43746948242188,2.8025969286496341e-45,-2122.393798828125) gate=41 lap=0 prog=41 b14=-2541723.25 b1c=-3262510.75 v9e4=2131.73828125
   post gate=41 lap=0 alive=1 prog=41 ng=94 gc=(17,-13) rt=25.699779510498047
f=1543 dt=0.01666666753590107 pos=(0.42969179153442383,-4.0624747276306152,-14.008626937866211) yaw=-1.7307852506637573 sp=2156.666259765625 vel=(44.125007629394531,2.8025969286496341e-45,-2150.59326171875) gate=41 lap=0 prog=41 b14=-2686732 b1c=-3148264.25 v9e4=2156.666259765625
   post gate=41 lap=0 alive=1 prog=41 ng=94 gc=(17,-13) rt=25.716445922851562
f=1544 dt=0.01666666753590107 pos=(0.4276372492313385,-4.0624747276306152,-14.109292984008789) yaw=-1.7754029035568237 sp=2180.716552734375 vel=(-44.378032684326172,2.8025969286496341e-45,-2174.364990234375) gate=41 lap=0 prog=41 b14=-2826372.5 b1c=-3027322.75 v9e4=2180.716552734375
   post gate=41 lap=0 alive=1 prog=41 ng=94 gc=(17,-13) rt=25.733112335205078
f=1545 dt=0.01666666753590107 pos=(0.42139613628387451,-4.0624747276306152,-14.210848808288574) yaw=-1.8200204372406006 sp=2203.8994140625 vel=(-134.80714416503906,2.8025969286496341e-45,-2193.585205078125) gate=41 lap=0 prog=41 b14=-2960330.25 b1c=-2899953.5 v9e4=2203.8994140625
   post gate=41 lap=0 alive=1 prog=41 ng=94 gc=(17,-13) rt=25.749778747558594
f=1546 dt=0.01666666753590107 pos=(0.41089171171188354,-4.0624747276306152,-14.313078880310059) yaw=-1.864638090133667 sp=2226.2255859375 vel=(-226.89352416992188,2.8025969286496341e-45,-2208.147705078125) gate=41 lap=0 prog=41 b14=-3088300.5 b1c=-2766435.75 v9e4=2226.2255859375
   post gate=41 lap=0 alive=1 prog=41 ng=94 gc=(17,-13) rt=25.766445159912109
f=1547 dt=0.01666666753590107 pos=(0.39605987071990967,-4.0624747276306152,-14.415762901306152) yaw=-1.9092556238174438 sp=2247.704833984375 vel=(-320.36502075195312,2.8025969286496341e-45,-2217.962158203125) gate=41 lap=0 prog=41 b14=-3209996.25 b1c=-2627064.25 v9e4=2247.704833984375
   post gate=41 lap=0 alive=1 prog=41 ng=94 gc=(17,-13) rt=25.783111572265625
f=1548 dt=0.01666666753590107 pos=(0.37684920430183411,-4.0624747276306152,-14.518678665161133) yaw=-1.9538731575012207 sp=2268.3486328125 vel=(-414.94705200195312,2.8025969286496341e-45,-2222.954833984375) gate=41 lap=0 prog=41 b14=-3325145.5 b1c=-2482147.5 v9e4=2268.3486328125
   post gate=41 lap=0 alive=1 prog=41 ng=94 gc=(17,-13) rt=25.799777984619141
f=1549 dt=0.01666666753590107 pos=(0.35322108864784241,-4.0624747276306152,-14.621599197387695) yaw=-1.9984908103942871 sp=2288.167236328125 vel=(-510.36334228515625,2.8025969286496341e-45,-2223.068115234375) gate=41 lap=0 prog=41 b14=-3433491 b1c=-2332008.25 v9e4=2288.167236328125
   post gate=41 lap=0 alive=1 prog=41 ng=94 gc=(17,-13) rt=25.816444396972656
f=1550 dt=0.01666666753590107 pos=(0.32514971494674683,-4.0624747276306152,-14.724297523498535) yaw=-2.0431084632873535 sp=2307.172119140625 vel=(-606.33697509765625,2.8025969286496341e-45,-2218.2607421875) gate=41 lap=0 prog=41 b14=-3534795.5 b1c=-2176979.25 v9e4=2307.172119140625
   post gate=41 lap=0 alive=1 prog=41 ng=94 gc=(17,-13) rt=25.833110809326172
f=1551 dt=0.01666666753590107 pos=(0.29262208938598633,-4.0624747276306152,-14.826543807983398) yaw=-2.0877258777618408 sp=2325.37451171875 vel=(-702.59112548828125,2.8025969286496341e-45,-2208.507568359375) gate=41 lap=0 prog=41 b14=-3628834.25 b1c=-2017405.125 v9e4=2325.37451171875
   post gate=41 lap=0 alive=1 prog=41 ng=94 gc=(17,-13) rt=25.849777221679688
f=1552 dt=0.01666666753590107 pos=(0.2556380033493042,-4.0624747276306152,-14.928109169006348) yaw=-2.1323435306549072 sp=2342.786865234375 vel=(-798.8499755859375,2.8025969286496341e-45,-2193.799560546875) gate=41 lap=0 prog=41 b14=-3715404 b1c=-1853641 v9e4=2342.786865234375
   post gate=41 lap=0 alive=1 prog=41 ng=94 gc=(17,-13) rt=25.866443634033203
f=1553 dt=0.01666666753590107 pos=(0.2142099142074585,-4.0624747276306152,-15.028764724731445) yaw=-2.1769611835479736 sp=2359.420654296875 vel=(-894.8397216796875,2.8025969286496341e-45,-2174.142333984375) gate=41 lap=0 prog=41 b14=-3794320 b1c=-1686050.125 v9e4=2359.420654296875
   post gate=42 lap=0 alive=1 prog=42 ng=94 gc=(17,-17) rt=25.883110046386719
f=1554 dt=0.01666666753590107 pos=(0.16836284101009369,-4.0624747276306152,-15.128281593322754) yaw=-2.22157883644104 sp=2375.2880859375 vel=(-990.288818359375,2.8025969286496341e-45,-2149.55712890625) gate=42 lap=0 prog=42 b14=-3865412.5 b1c=-1515004.25 v9e4=2375.2880859375
   post gate=42 lap=0 alive=1 prog=42 ng=94 gc=(17,-17) rt=25.899776458740234
f=1555 dt=0.01666666753590107 pos=(0.11813422292470932,-4.0624747276306152,-15.226434707641602) yaw=-2.2661962509155273 sp=2390.40234375 vel=(-1084.929443359375,2.8025969286496341e-45,-2120.080078125) gate=42 lap=0 prog=42 b14=-3928535 b1c=-1340882 v9e4=2390.40234375
   post gate=42 lap=0 alive=1 prog=42 ng=94 gc=(17,-17) rt=25.91644287109375
f=1556 dt=0.01666666753590107 pos=(0.063573703169822693,-4.0624747276306152,-15.322998046875) yaw=-2.3108141422271729 sp=2404.775390625 vel=(-1178.497802734375,2.8025969286496341e-45,-2085.761474609375) gate=42 lap=0 prog=42 b14=-3983556.25 b1c=-1164067.875 v9e4=2404.775390625
   post gate=42 lap=0 alive=1 prog=42 ng=94 gc=(17,-17) rt=25.933109283447266
f=1557 dt=0.01666666753590107 pos=(0.0047429017722606659,-4.0624747276306152,-15.417752265930176) yaw=-2.3554315567016602 sp=2418.420654296875 vel=(-1270.735107421875,2.8025969286496341e-45,-2046.665771484375) gate=42 lap=0 prog=42 b14=-4030368.75 b1c=-984952.0625 v9e4=2418.420654296875
   post gate=42 lap=0 alive=1 prog=42 ng=94 gc=(17,-17) rt=25.949775695800781
f=1558 dt=0.01666666753590107 pos=(-0.058284815400838852,-4.0624747276306152,-15.510478973388672) yaw=-2.4000492095947266 sp=2431.3515625 vel=(-1361.3876953125,2.8025969286496341e-45,-2002.8709716796875) gate=42 lap=0 prog=42 b14=-4068881.5 b1c=-803927.75 v9e4=2431.3515625
   post gate=42 lap=0 alive=1 prog=42 ng=94 gc=(17,-17) rt=25.966442108154297
f=1559 dt=0.01666666753590107 pos=(-0.12542463839054108,-4.0624747276306152,-15.600964546203613) yaw=-2.444666862487793 sp=2443.580810546875 vel=(-1450.2086181640625,2.8025969286496341e-45,-1954.468017578125) gate=42 lap=0 prog=42 b14=-4099023.25 b1c=-621391.5625 v9e4=2443.580810546875
   post gate=42 lap=0 alive=1 prog=42 ng=94 gc=(17,-17) rt=25.983108520507812
f=1560 dt=0.01666666753590107 pos=(-0.19658064842224121,-4.0624747276306152,-15.689000129699707) yaw=-2.4892842769622803 sp=2455.122802734375 vel=(-1536.957275390625,2.8025969286496341e-45,-1901.560546875) gate=42 lap=0 prog=42 b14=-4120745 b1c=-437742.03125 v9e4=2455.122802734375
   post gate=42 lap=0 alive=1 prog=42 ng=94 gc=(17,-17) rt=25.999774932861328
f=1561 dt=0.01666666753590107 pos=(-0.27164608240127563,-4.0624747276306152,-15.774383544921875) yaw=-2.5339019298553467 sp=2465.990478515625 vel=(-1621.4005126953125,2.8025969286496341e-45,-1844.263671875) gate=42 lap=0 prog=42 b14=-4134015 b1c=-253377.734375 v9e4=2465.990478515625
   post gate=42 lap=0 alive=1 prog=42 ng=94 gc=(17,-17) rt=26.016441345214844
f=1562 dt=0.01666666753590107 pos=(-0.3505038321018219,-4.0624747276306152,-15.856916427612305) yaw=-2.5785195827484131 sp=2476.198486328125 vel=(-1703.3134765625,2.8025969286496341e-45,-1782.7047119140625) gate=42 lap=0 prog=42 b14=-4138820.75 b1c=-68697.4140625 v9e4=2476.198486328125
   post gate=42 lap=0 alive=1 prog=42 ng=94 gc=(17,-17) rt=26.033107757568359
f=1563 dt=0.01666666753590107 pos=(-0.43302667140960693,-4.0624747276306152,-15.936408996582031) yaw=-2.6231372356414795 sp=2485.760498046875 vel=(-1782.47900390625,2.8025969286496341e-45,-1717.021484375) gate=42 lap=0 prog=42 b14=-4135172.25 b1c=115900.9296875 v9e4=2485.760498046875
   post gate=42 lap=0 alive=1 prog=42 ng=94 gc=(17,-17) rt=26.049774169921875
f=1564 dt=0.01666666753590107 pos=(-0.43302667140960693,-4.0624747276306152,-16.236408233642578) yaw=-0.63197892904281616 sp=1247.345458984375 vel=(1006.4332885742188,2.8025969286496341e-45,-736.86016845703125) gate=42 lap=0 prog=42 b14=-4123095 b1c=300022.71875 v9e4=2494.69091796875
   post gate=42 lap=0 alive=1 prog=42 ng=94 gc=(17,-17) rt=26.066440582275391
f=1565 dt=0.01666666753590107 pos=(-0.38551956415176392,-4.0624747276306152,-16.272983551025391) yaw=-0.67050623893737793 sp=1295.1959228515625 vel=(1026.1455078125,2.8025969286496341e-45,-790.0135498046875) gate=42 lap=0 prog=42 b14=1346901.75 b1c=-3716095.75 v9e4=1295.1959228515625
   post gate=42 lap=0 alive=1 prog=42 ng=94 gc=(17,-17) rt=26.083106994628906
f=1566 dt=0.01666666753590107 pos=(-0.33730083703994751,-4.0624747276306152,-16.312170028686523) yaw=-0.71042948961257935 sp=1342.13671875 vel=(1041.51611328125,2.8025969286496341e-45,-846.44134521484375) gate=42 lap=0 prog=42 b14=1207142.625 b1c=-3778916.5 v9e4=1342.13671875
   post gate=42 lap=0 alive=1 prog=42 ng=94 gc=(17,-17) rt=26.099773406982422
f=1567 dt=0.01666666753590107 pos=(-0.28858852386474609,-4.0624747276306152,-16.354104995727539) yaw=-0.7517274022102356 sp=1388.3626708984375 vel=(1052.1776123046875,2.8025969286496341e-45,-905.799560546875) gate=42 lap=0 prog=42 b14=1059150.5 b1c=-3837842.25 v9e4=1388.3626708984375
   post gate=42 lap=0 alive=1 prog=42 ng=94 gc=(17,-17) rt=26.116439819335938
f=1568 dt=0.01666666753590107 pos=(-0.23961369693279266,-4.0624747276306152,-16.398908615112305) yaw=-0.7943757176399231 sp=1433.7733154296875 vel=(1057.847900390625,2.8025969286496341e-45,-967.76214599609375) gate=42 lap=0 prog=42 b14=902786.75 b1c=-3891181.5 v9e4=1433.7733154296875
   post gate=42 lap=0 alive=1 prog=42 ng=94 gc=(17,-17) rt=26.133106231689453
f=1569 dt=0.01666666753590107 pos=(-0.19062010943889618,-4.0624747276306152,-16.446685791015625) yaw=-0.83834731578826904 sp=1478.275146484375 vel=(1058.2530517578125,2.8025969286496341e-45,-1031.9794921875) gate=42 lap=0 prog=42 b14=738308.25 b1c=-3938105.25 v9e4=1478.275146484375
   post gate=42 lap=0 alive=1 prog=42 ng=94 gc=(17,-17) rt=26.149772644042969
f=1570 dt=0.01666666753590107 pos=(-0.14186352491378784,-4.0624747276306152,-16.497522354125977) yaw=-0.8829648494720459 sp=1521.7796630859375 vel=(1053.1339111328125,2.8025969286496341e-45,-1098.0743408203125) gate=42 lap=0 prog=42 b14=566051.8125 b1c=-3977758.5 v9e4=1521.7796630859375
   post gate=42 lap=0 alive=1 prog=42 ng=94 gc=(17,-17) rt=26.166439056396484
f=1571 dt=0.01666666753590107 pos=(-0.093603223562240601,-4.0624747276306152,-16.551483154296875) yaw=-0.9275825023651123 sp=1564.2315673828125 vel=(1042.4141845703125,2.8025969286496341e-45,-1165.5521240234375) gate=42 lap=0 prog=42 b14=389054.96875 b1c=-4009204.25 v9e4=1564.2315673828125
   post gate=42 lap=0 alive=1 prog=42 ng=94 gc=(17,-17) rt=26.18310546875
f=1572 dt=0.01666666753590107 pos=(-0.04609386995434761,-4.0624747276306152,-16.608606338500977) yaw=-0.97220015525817871 sp=1605.6187744140625 vel=(1026.19384765625,2.8025969286496341e-45,-1233.85888671875) gate=42 lap=0 prog=42 b14=210344.09375 b1c=-4032113.5 v9e4=1605.6187744140625
   post gate=42 lap=0 alive=1 prog=42 ng=94 gc=(17,-17) rt=26.199771881103516
f=1573 dt=0.01666666753590107 pos=(0.00041471421718597412,-4.0624747276306152,-16.668907165527344) yaw=-1.0168176889419556 sp=1645.9466552734375 vel=(1004.577392578125,2.8025969286496341e-45,-1302.4947509765625) gate=42 lap=0 prog=42 b14=30358.599609375 b1c=-4046513.5 v9e4=1645.9466552734375
   post gate=42 lap=0 alive=1 prog=42 ng=94 gc=(17,-17) rt=26.216438293457031
f=1574 dt=0.01666666753590107 pos=(0.045677818357944489,-4.0624747276306152,-16.732379913330078) yaw=-1.061435341835022 sp=1685.2259521484375 vel=(977.67523193359375,2.8025969286496341e-45,-1371.0028076171875) gate=42 lap=0 prog=42 b14=-150475.234375 b1c=-4052402 v9e4=1685.2259521484375
   post gate=42 lap=0 alive=1 prog=42 ng=94 gc=(17,-17) rt=26.233104705810547
f=1575 dt=0.01666666753590107 pos=(0.089456193149089813,-4.0624747276306152,-16.798999786376953) yaw=-1.1060528755187988 sp=1723.4688720703125 vel=(945.6053466796875,2.8025969286496341e-45,-1438.9609375) gate=42 lap=0 prog=42 b14=-331738.5 b1c=-4049772.5 v9e4=1723.4688720703125
   post gate=42 lap=0 alive=1 prog=42 ng=94 gc=(17,-17) rt=26.249771118164062
f=1576 dt=0.01666666753590107 pos=(0.13151648640632629,-4.0624747276306152,-16.868721008300781) yaw=-1.1506705284118652 sp=1760.6885986328125 vel=(908.49493408203125,2.8025969286496341e-45,-1505.9766845703125) gate=42 lap=0 prog=42 b14=-513015.71875 b1c=-4038629.75 v9e4=1760.6885986328125
   post gate=42 lap=0 alive=1 prog=42 ng=94 gc=(17,-17) rt=26.266437530517578
f=1577 dt=0.01666666753590107 pos=(0.17163166403770447,-4.0624747276306152,-16.941484451293945) yaw=-1.1952880620956421 sp=1796.8985595703125 vel=(866.48101806640625,2.8025969286496341e-45,-1571.6822509765625) gate=42 lap=0 prog=42 b14=-693892.0625 b1c=-4018984.75 v9e4=1796.8985595703125
   post gate=42 lap=0 alive=1 prog=42 ng=94 gc=(17,-17) rt=26.283103942871094
f=1578 dt=0.01666666753590107 pos=(0.20958155393600464,-4.0624747276306152,-17.017213821411133) yaw=-1.2399057149887085 sp=1832.11083984375 vel=(819.71112060546875,2.8025969286496341e-45,-1635.7325439453125) gate=42 lap=0 prog=42 b14=-873955.3125 b1c=-3990865.5 v9e4=1832.11083984375
   post gate=42 lap=0 alive=1 prog=42 ng=94 gc=(17,-17) rt=26.299770355224609
f=1579 dt=0.01666666753590107 pos=(0.24515330791473389,-4.0624747276306152,-17.095815658569336) yaw=-1.2845232486724854 sp=1866.337646484375 vel=(768.34368896484375,2.8025969286496341e-45,-1697.8023681640625) gate=42 lap=0 prog=42 b14=-1052794.125 b1c=-3954317.5 v9e4=1866.337646484375
   post gate=42 lap=0 alive=1 prog=42 ng=94 gc=(17,-17) rt=26.316436767578125
f=1580 dt=0.01666666753590107 pos=(0.27814191579818726,-4.0624747276306152,-17.17718505859375) yaw=-1.3291409015655518 sp=1899.5902099609375 vel=(712.54815673828125,2.8025969286496341e-45,-1757.5850830078125) gate=42 lap=0 prog=42 b14=-1230001 b1c=-3909403 v9e4=1899.5902099609375
   post gate=42 lap=0 alive=1 prog=42 ng=94 gc=(17,-17) rt=26.333103179931641
f=1581 dt=0.01666666753590107 pos=(0.30835071206092834,-4.0624747276306152,-17.261203765869141) yaw=-1.3737584352493286 sp=1931.87890625 vel=(652.5050048828125,2.8025969286496341e-45,-1814.7921142578125) gate=42 lap=0 prog=42 b14=-1405170.5 b1c=-3856203 v9e4=1931.87890625
   post gate=42 lap=0 alive=1 prog=42 ng=94 gc=(17,-17) rt=26.349769592285156
f=1582 dt=0.01666666753590107 pos=(0.33559194207191467,-4.0624747276306152,-17.347740173339844) yaw=-1.4183759689331055 sp=1963.214111328125 vel=(588.40570068359375,2.8025969286496341e-45,-1869.1517333984375) gate=42 lap=0 prog=42 b14=-1577901.25 b1c=-3794818.5 v9e4=1963.214111328125
   post gate=42 lap=0 alive=1 prog=42 ng=94 gc=(17,-17) rt=26.366436004638672
f=1583 dt=0.01666666753590107 pos=(0.35968714952468872,-4.0624747276306152,-17.436649322509766) yaw=-1.4629936218261719 sp=1993.605712890625 vel=(520.4522705078125,2.8025969286496341e-45,-1920.4088134765625) gate=42 lap=0 prog=42 b14=-1747799 b1c=-3725370 v9e4=1993.605712890625
   post gate=42 lap=0 alive=1 prog=42 ng=94 gc=(17,-17) rt=26.383102416992188
f=1584 dt=0.01666666753590107 pos=(0.38046771287918091,-4.0624747276306152,-17.527776718139648) yaw=-1.5076112747192383 sp=2023.0628662109375 vel=(448.85675048828125,2.8025969286496341e-45,-1968.3248291015625) gate=42 lap=0 prog=42 b14=-1914473.5 b1c=-3647997.25 v9e4=2023.0628662109375
   post gate=42 lap=0 alive=1 prog=42 ng=94 gc=(17,-17) rt=26.399768829345703
f=1585 dt=0.01666666753590107 pos=(0.39777529239654541,-4.0624747276306152,-17.620956420898438) yaw=-1.5522288084030151 sp=2051.595458984375 vel=(373.84097290039062,2.8025969286496341e-45,-2012.6778564453125) gate=42 lap=0 prog=42 b14=-2077543.625 b1c=-3562859.25 v9e4=2051.595458984375
   post gate=42 lap=0 alive=1 prog=42 ng=94 gc=(17,-17) rt=26.416435241699219
f=1586 dt=0.01666666753590107 pos=(0.41146224737167358,-4.0624747276306152,-17.716014862060547) yaw=-1.5968464612960815 sp=2079.212646484375 vel=(295.63565063476562,2.8025969286496341e-45,-2053.26220703125) gate=42 lap=0 prog=42 b14=-2236635.75 b1c=-3470134.75 v9e4=2079.212646484375
   post gate=42 lap=0 alive=1 prog=42 ng=94 gc=(17,-17) rt=26.433101654052734
f=1587 dt=0.01666666753590107 pos=(0.42139196395874023,-4.0624747276306152,-17.812768936157227) yaw=-1.6414639949798584 sp=2105.923828125 vel=(214.47982788085938,2.8025969286496341e-45,-2089.887939453125) gate=42 lap=0 prog=42 b14=-2391387.25 b1c=-3370020.5 v9e4=2105.923828125
   post gate=42 lap=0 alive=1 prog=42 ng=94 gc=(17,-17) rt=26.44976806640625
f=1588 dt=0.01666666753590107 pos=(0.42743924260139465,-4.0624747276306152,-17.911027908325195) yaw=-1.6860816478729248 sp=2131.738525390625 vel=(130.62019348144531,2.8025969286496341e-45,-2122.382568359375) gate=42 lap=0 prog=42 b14=-2541442 b1c=-3262729 v9e4=2131.738525390625
   post gate=42 lap=0 alive=1 prog=42 ng=94 gc=(17,-17) rt=26.466434478759766
f=1589 dt=0.01666666753590107 pos=(0.42949065566062927,-4.0624747276306152,-18.010593414306641) yaw=-1.7306993007659912 sp=2156.666015625 vel=(44.310157775878906,2.8025969286496341e-45,-2150.58935546875) gate=42 lap=0 prog=42 b14=-2686460.5 b1c=-3148494.75 v9e4=2156.666015625
   post gate=42 lap=0 alive=1 prog=42 ng=94 gc=(17,-17) rt=26.483100891113281
f=1590 dt=0.01666666753590107 pos=(0.42744475603103638,-4.0624747276306152,-18.111259460449219) yaw=-1.7753168344497681 sp=2180.71630859375 vel=(-44.190864562988281,2.8025969286496341e-45,-2174.36865234375) gate=42 lap=0 prog=42 b14=-2826112.25 b1c=-3027566.25 v9e4=2180.71630859375
   post gate=42 lap=0 alive=1 prog=42 ng=94 gc=(17,-17) rt=26.499767303466797
f=1591 dt=0.01666666753590107 pos=(0.42121237516403198,-4.0624747276306152,-18.21281623840332) yaw=-1.8199343681335449 sp=2203.8994140625 vel=(-134.61834716796875,2.8025969286496341e-45,-2193.596923828125) gate=42 lap=0 prog=42 b14=-2960080.75 b1c=-2900208.75 v9e4=2203.8994140625
   post gate=42 lap=0 alive=1 prog=42 ng=94 gc=(17,-17) rt=26.516433715820312
f=1592 dt=0.01666666753590107 pos=(0.41071677207946777,-4.0624747276306152,-18.315046310424805) yaw=-1.8645520210266113 sp=2226.22607421875 vel=(-226.70350646972656,2.8025969286496341e-45,-2208.167724609375) gate=42 lap=0 prog=42 b14=-3088062.75 b1c=-2766701.75 v9e4=2226.22607421875
   post gate=42 lap=0 alive=1 prog=42 ng=94 gc=(17,-17) rt=26.533100128173828
f=1593 dt=0.01666666753590107 pos=(0.39589378237724304,-4.0624747276306152,-18.417732238769531) yaw=-1.9091695547103882 sp=2247.70556640625 vel=(-320.1741943359375,2.8025969286496341e-45,-2217.990234375) gate=42 lap=0 prog=42 b14=-3209770.5 b1c=-2627340.25 v9e4=2247.70556640625
   post gate=42 lap=0 alive=1 prog=42 ng=94 gc=(17,-17) rt=26.549766540527344
f=1594 dt=0.01666666753590107 pos=(0.37669196724891663,-4.0624747276306152,-18.520648956298828) yaw=-1.9537872076034546 sp=2268.34912109375 vel=(-414.75576782226562,2.8025969286496341e-45,-2222.990966796875) gate=42 lap=0 prog=42 b14=-3324931.5 b1c=-2482433.25 v9e4=2268.34912109375
   post gate=42 lap=0 alive=1 prog=42 ng=94 gc=(17,-17) rt=26.566432952880859
f=1595 dt=0.01666666753590107 pos=(0.35307270288467407,-4.0624747276306152,-18.623571395874023) yaw=-1.9984047412872314 sp=2288.16748046875 vel=(-510.17202758789062,2.8025969286496341e-45,-2223.1123046875) gate=42 lap=0 prog=42 b14=-3433291 b1c=-2332303.25 v9e4=2288.16748046875
   post gate=42 lap=0 alive=1 prog=42 ng=94 gc=(17,-17) rt=26.583099365234375
f=1596 dt=0.01666666753590107 pos=(0.32501015067100525,-4.0624747276306152,-18.726272583007812) yaw=-2.0430223941802979 sp=2307.17236328125 vel=(-606.14605712890625,2.8025969286496341e-45,-2218.313232421875) gate=42 lap=0 prog=42 b14=-3534608.5 b1c=-2177283.75 v9e4=2307.17236328125
   post gate=42 lap=0 alive=1 prog=42 ng=94 gc=(17,-17) rt=26.599765777587891
f=1597 dt=0.01666666753590107 pos=(0.29249131679534912,-4.0624747276306152,-18.828521728515625) yaw=-2.0876400470733643 sp=2325.375 vel=(-702.40106201171875,2.8025969286496341e-45,-2208.568359375) gate=42 lap=0 prog=42 b14=-3628661.25 b1c=-2017717.75 v9e4=2325.375
   post gate=42 lap=0 alive=1 prog=42 ng=94 gc=(17,-17) rt=26.616432189941406
f=1598 dt=0.01666666753590107 pos=(0.25551596283912659,-4.0624747276306152,-18.930089950561523) yaw=-2.1322576999664307 sp=2342.786865234375 vel=(-798.6612548828125,2.8025969286496341e-45,-2193.868408203125) gate=42 lap=0 prog=42 b14=-3715244.25 b1c=-1853960.25 v9e4=2342.786865234375
   post gate=42 lap=0 alive=1 prog=42 ng=94 gc=(17,-17) rt=26.633098602294922
f=1599 dt=0.01666666753590107 pos=(0.21409653127193451,-4.0624747276306152,-19.03074836730957) yaw=-2.176875114440918 sp=2359.4208984375 vel=(-894.65264892578125,2.8025969286496341e-45,-2174.219482421875) gate=42 lap=0 prog=42 b14=-3794174.5 b1c=-1686376 v9e4=2359.4208984375
   post gate=43 lap=0 alive=1 prog=43 ng=94 gc=(17,-21) rt=26.649765014648438
f=1600 dt=0.01666666753590107 pos=(0.16825802624225616,-4.0624747276306152,-19.130270004272461) yaw=-2.2214927673339844 sp=2375.288330078125 vel=(-990.1038818359375,2.8025969286496341e-45,-2149.642333984375) gate=43 lap=0 prog=43 b14=-3865282 b1c=-1515336.5 v9e4=2375.288330078125
   post gate=43 lap=0 alive=1 prog=43 ng=94 gc=(17,-21) rt=26.666431427001953
f=1601 dt=0.01666666753590107 pos=(0.11803784966468811,-4.0624747276306152,-19.228427886962891) yaw=-2.2661104202270508 sp=2390.402099609375 vel=(-1084.7470703125,2.8025969286496341e-45,-2120.17333984375) gate=43 lap=0 prog=43 b14=-3928418.25 b1c=-1341219.875 v9e4=2390.402099609375
   post gate=43 lap=0 alive=1 prog=43 ng=94 gc=(17,-21) rt=26.683097839355469
f=1602 dt=0.01666666753590107 pos=(0.063485637307167053,-4.0624747276306152,-19.324996948242188) yaw=-2.3107278347015381 sp=2404.775390625 vel=(-1178.318359375,2.8025969286496341e-45,-2085.86279296875) gate=43 lap=0 prog=43 b14=-3983456 b1c=-1164410.625 v9e4=2404.775390625
   post gate=43 lap=0 alive=1 prog=43 ng=94 gc=(17,-21) rt=26.699764251708984
f=1603 dt=0.01666666753590107 pos=(0.0046629980206489563,-4.0624747276306152,-19.419755935668945) yaw=-2.3553454875946045 sp=2418.420654296875 vel=(-1270.558837890625,2.8025969286496341e-45,-2046.775146484375) gate=43 lap=0 prog=43 b14=-4030284.25 b1c=-985299.375 v9e4=2418.420654296875
   post gate=43 lap=0 alive=1 prog=43 ng=94 gc=(17,-21) rt=26.7164306640625
f=1604 dt=0.01666666753590107 pos=(-0.058356732130050659,-4.0624747276306152,-19.512487411499023) yaw=-2.3999631404876709 sp=2431.351318359375 vel=(-1361.2152099609375,2.8025969286496341e-45,-2002.9881591796875) gate=43 lap=0 prog=43 b14=-4068812.5 b1c=-804278.5625 v9e4=2431.351318359375
   post gate=43 lap=0 alive=1 prog=43 ng=94 gc=(17,-21) rt=26.733097076416016
f=1605 dt=0.01666666753590107 pos=(-0.1254887580871582,-4.0624747276306152,-19.602977752685547) yaw=-2.4445805549621582 sp=2443.580810546875 vel=(-1450.0401611328125,2.8025969286496341e-45,-1954.5927734375) gate=43 lap=0 prog=43 b14=-4098970.25 b1c=-621744.875 v9e4=2443.580810546875
   post gate=43 lap=0 alive=1 prog=43 ng=94 gc=(17,-21) rt=26.749763488769531
f=1606 dt=0.01666666753590107 pos=(-0.19663715362548828,-4.0624747276306152,-19.691019058227539) yaw=-2.4891982078552246 sp=2455.122314453125 vel=(-1536.793212890625,2.8025969286496341e-45,-1901.6927490234375) gate=43 lap=0 prog=43 b14=-4120707 b1c=-438097.09375 v9e4=2455.122314453125
   post gate=43 lap=0 alive=1 prog=43 ng=94 gc=(17,-21) rt=26.766429901123047
f=1607 dt=0.01666666753590107 pos=(-0.27169522643089294,-4.0624747276306152,-19.776409149169922) yaw=-2.533815860748291 sp=2465.990478515625 vel=(-1621.241455078125,2.8025969286496341e-45,-1844.4033203125) gate=43 lap=0 prog=43 b14=-4133993.75 b1c=-253733.46875 v9e4=2465.990478515625
   post gate=43 lap=0 alive=1 prog=43 ng=94 gc=(17,-21) rt=26.783096313476562
f=1608 dt=0.01666666753590107 pos=(-0.35054585337638855,-4.0624747276306152,-19.858949661254883) yaw=-2.5784335136413574 sp=2476.1982421875 vel=(-1703.15966796875,2.8025969286496341e-45,-1782.8515625) gate=43 lap=0 prog=43 b14=-4138815.5 b1c=-69053.6875 v9e4=2476.1982421875
   post gate=43 lap=0 alive=1 prog=43 ng=94 gc=(17,-21) rt=26.799762725830078
f=1609 dt=0.01666666753590107 pos=(-0.43306183815002441,-4.0624747276306152,-19.938449859619141) yaw=-2.6230509281158447 sp=2485.76025390625 vel=(-1782.3309326171875,2.8025969286496341e-45,-1717.175048828125) gate=43 lap=0 prog=43 b14=-4135182.5 b1c=115545.125 v9e4=2485.76025390625
   post gate=43 lap=0 alive=1 prog=43 ng=94 gc=(17,-21) rt=26.816429138183594
f=1610 dt=0.01666666753590107 pos=(-0.43306183815002441,-4.0624747276306152,-20.238449096679688) yaw=-0.63190174102783203 sp=1247.345458984375 vel=(1006.4900512695312,2.8025969286496341e-45,-736.782470703125) gate=43 lap=0 prog=43 b14=-4123122.25 b1c=299667.84375 v9e4=2494.69091796875
   post gate=43 lap=0 alive=1 prog=43 ng=94 gc=(17,-21) rt=26.833095550537109
f=1611 dt=0.01666666753590107 pos=(-0.38555189967155457,-4.0624747276306152,-20.275020599365234) yaw=-0.67042899131774902 sp=1295.1956787109375 vel=(1026.2064208984375,2.8025969286496341e-45,-789.934326171875) gate=43 lap=0 prog=43 b14=1347188.5 b1c=-3715991.5 v9e4=1295.1956787109375
   post gate=43 lap=0 alive=1 prog=43 ng=94 gc=(17,-21) rt=26.849761962890625
f=1612 dt=0.01666666753590107 pos=(-0.337330162525177,-4.0624747276306152,-20.314205169677734) yaw=-0.71035236120223999 sp=1342.1365966796875 vel=(1041.581298828125,2.8025969286496341e-45,-846.3609619140625) gate=43 lap=0 prog=43 b14=1207434.5 b1c=-3778823.75 v9e4=1342.1365966796875
   post gate=43 lap=0 alive=1 prog=43 ng=94 gc=(17,-21) rt=26.866428375244141
f=1613 dt=0.01666666753590107 pos=(-0.28861460089683533,-4.0624747276306152,-20.356136322021484) yaw=-0.75165021419525146 sp=1388.3626708984375 vel=(1052.2474365234375,2.8025969286496341e-45,-905.7183837890625) gate=43 lap=0 prog=43 b14=1059446.75 b1c=-3837761 v9e4=1388.3626708984375
   post gate=43 lap=0 alive=1 prog=43 ng=94 gc=(17,-21) rt=26.883094787597656
f=1614 dt=0.01666666753590107 pos=(-0.23963631689548492,-4.0624747276306152,-20.400936126708984) yaw=-0.79429852962493896 sp=1433.7730712890625 vel=(1057.9224853515625,2.8025969286496341e-45,-967.680419921875) gate=43 lap=0 prog=43 b14=903087.1875 b1c=-3891111.75 v9e4=1433.7730712890625
   post gate=43 lap=0 alive=1 prog=43 ng=94 gc=(17,-21) rt=26.899761199951172
f=1615 dt=0.01666666753590107 pos=(-0.19063904881477356,-4.0624747276306152,-20.448709487915039) yaw=-0.83827012777328491 sp=1478.2750244140625 vel=(1058.3326416015625,2.8025969286496341e-45,-1031.897705078125) gate=43 lap=0 prog=43 b14=738612.1875 b1c=-3938048.75 v9e4=1478.2750244140625
   post gate=43 lap=0 alive=1 prog=43 ng=94 gc=(17,-21) rt=26.916427612304688
f=1616 dt=0.01666666753590107 pos=(-0.14187854528427124,-4.0624747276306152,-20.499542236328125) yaw=-0.88288772106170654 sp=1521.779541015625 vel=(1053.2186279296875,2.8025969286496341e-45,-1097.992919921875) gate=43 lap=0 prog=43 b14=566358.625 b1c=-3977714.75 v9e4=1521.779541015625
   post gate=43 lap=0 alive=1 prog=43 ng=94 gc=(17,-21) rt=26.933094024658203
f=1617 dt=0.01666666753590107 pos=(-0.093614079058170319,-4.0624747276306152,-20.553499221801758) yaw=-0.92750531435012817 sp=1564.2315673828125 vel=(1042.504150390625,2.8025969286496341e-45,-1165.4715576171875) gate=43 lap=0 prog=43 b14=389364.3125 b1c=-4009174.5 v9e4=1564.2315673828125
   post gate=43 lap=0 alive=1 prog=43 ng=94 gc=(17,-21) rt=26.949760437011719
f=1618 dt=0.01666666753590107 pos=(-0.046100310981273651,-4.0624747276306152,-20.610618591308594) yaw=-0.97212296724319458 sp=1605.6187744140625 vel=(1026.2891845703125,2.8025969286496341e-45,-1233.779541015625) gate=43 lap=0 prog=43 b14=210655.25 b1c=-4032097 v9e4=1605.6187744140625
   post gate=43 lap=0 alive=1 prog=43 ng=94 gc=(17,-21) rt=26.966426849365234
f=1619 dt=0.01666666753590107 pos=(0.00041292980313301086,-4.0624747276306152,-20.670915603637695) yaw=-1.0167405605316162 sp=1645.9466552734375 vel=(1004.677978515625,2.8025969286496341e-45,-1302.4171142578125) gate=43 lap=0 prog=43 b14=30670.94921875 b1c=-4046510.75 v9e4=1645.9466552734375
   post gate=43 lap=0 alive=1 prog=43 ng=94 gc=(17,-21) rt=26.98309326171875
