t,clk_0ff4,tick_0ff8,tickscale,bias374,last370,framedt,mode368,flt360,idx364,diff_67ea7c,submode,substate,ord0,ord1,ord2,ord3,slotptr,e470_0,e470_1,e470_2,e470_3,alive_0,alive_1,alive_2,alive_3,flag_fe0,tgt_fe4,tgt_fe8,tgt_fec,ffc,f800,d70,d74,d78,h657448,n994,e0_type,e0_x,e0_z,e0_a8,cd_29b8,rule_0fd0,ba88,f1a50,in0,in1,in2,in3,in4,in5,in6,in7,e1_type,e1_a8,e1_x,e1_z,e2_type,e2_a8,e2_x,e2_z,e3_type,e3_a8,e3_x,e3_z,e4_type,e4_a8,e4_x,e4_z,e5_type,e5_a8,e5_x,e5_z,e6_type,e6_a8,e6_x,e6_z
1.577,0,0,0.0,0,0.0,0,0,0.0,0,0,0,0,0.0,0.0,0.0,0.0,6235944,0,0,0,0,0,0,0,0,0,0.0,0.0,0.0,0,0,0,0.0,0,0,0,0,0.0,0.0,0,255,0,0,0,0,0,0,0,0,0,0,0,0,0,0.0,0.0,0,0,0.0,0.0,0,0,0.0,0.0,0,0,0.0,0.0,0,0,0.0,0.0,0,0,0.0,0.0
1.594,0,0,0.0,0,0.0,0,0,0.0,0,0,0,0,0.0,0.0,0.0,0.0,6235944,0,0,0,0,0,0,0,0,0,0.0,0.0,0.0,0,0,0,0.0,0,0,0,0,0.0,0.0,0,255,0,0,0,0,0,0,0,0,0,0,0,0,0,0.0,0.0,0,0,0.0,0.0,0,0,0.0,0.0,0,0,0.0,0.0,0,0,0.0,0.0,0,0,0.0,0.0
1.612,0,0,0.0,0,0.0,0,0,0.0,0,0,0,0,0.0,0.0,0.0,0.0,6235944,0,0,0,0,0,0,0,0,0,0.0,0.0,0.0,0,0,0,0.0,0,0,0,0,0.0,0.0,0,255,0,0,0,0,0,0,0,0,0,0,0,0,0,0.0,0.0,0,0,0.0,0.0,0,0,0.0,0.0,0,0,0.0,0.0,0,0,0.0,0.0,0,0,0.0,0.0
1.629,0,0,0.0,0,0.0,0,0,0.0,0,0,0,0,0.0,0.0,0.0,0.0,6235944,0,0,0,0,0,0,0,0,0,0.0,0.0,0.0,0,0,0,0.0,0,0,0,0,0.0,0.0,0,255,0,0,0,0,0,0,0,0,0,0,0,0,0,0.0,0.0,0,0,0.0,0.0,0,0,0.0,0.0,0,0,0.0,0.0,0,0,0.0,0.0,0,0,0.0,0.0
1.647,0,0,0.0,0,0.0,0,0,0.0,0,0,0,0,0.0,0.0,0.0,0.0,6235944,0,0,0,0,0,0,0,0,0,0.0,0.0,0.0,0,0,0,0.0,0,0,0,0,0.0,0.0,0,255,0,0,0,0,0,0,0,0,0,0,0,0,0,0.0,0.0,0,0,0.0,0.0,0,0,0.0,0.0,0,0,0.0,0.0,0,0,0.0,0.0,0,0,0.0,0.0
1.665,0,0,0.0,0,0.0,0,0,0.0,0,0,0,0,0.0,0.0,0.0,0.0,6235944,0,0,0,0,0,0,0,0,0,0.0,0.0,0.0,0,0,0,0.0,0,0,0,0,0.0,0.0,0,255,0,0,0,0,0,0,0,0,0,0,0,0,0,0.0,0.0,0,0,0.0,0.0,0,0,0.0,0.0,0,0,0.0,0.0,0,0,0.0,0.0,0,0,0.0,0.0
1.682,0,0,0.0,0,0.0,0,0,0.0,0,0,0,0,0.0,0.0,0.0,0.0,6235944,0,0,0,0,0,0,0,0,0,0.0,0.0,0.0,0,0,0,0.0,0,0,0,0,0.0,0.0,0,255,0,0,0,0,0,0,0,0,0,0,0,0,0,0.0,0.0,0,0,0.0,0.0,0,0,0.0,0.0,0,0,0.0,0.0,0,0,0.0,0.0,0,0,0.0,0.0
1.7,0,0,0.0,0,0.0,0,0,0.0,0,0,0,0,0.0,0.0,0.0,0.0,6235944,0,0,0,0,0,0,0,0,0,0.0,0.0,0.0,0,0,0,0.0,0,0,0,0,0.0,0.0,0,255,0,0,0,0,0,0,0,0,0,0,0,0,0,0.0,0.0,0,0,0.0,0.0,0,0,0.0,0.0,0,0,0.0,0.0,0,0,0.0,0.0,0,0,0.0,0.0
1.717,0,0,0.0,0,0.0,0,0,0.0,0,0,0,0,0.0,0.0,0.0,0.0,6235944,0,0,0,0,0,0,0,0,0,0.0,0.0,0.0,0,0,0,0.0,0,0,0,0,0.0,0.0,0,255,0,0,0,0,0,0,0,0,0,0,0,0,0,0.0,0.0,0,0,0.0,0.0,0,0,0.0,0.0,0,0,0.0,0.0,0,0,0.0,0.0,0,0,0.0,0.0
1.734,0,0,0.0,0,0.0,0,0,0.0,0,0,0,0,0.0,0.0,0.0,0.0,6235944,0,0,0,0,0,0,0,0,0,0.0,0.0,0.0,0,0,0,0.0,0,0,0,0,0.0,0.0,0,255,0,0,0,0,0,0,0,0,0,0,0,0,0,0.0,0.0,0,0,0.0,0.0,0,0,0.0,0.0,0,0,0.0,0.0,0,0,0.0,0.0,0,0,0.0,0.0
1.751,0,0,0.0,0,0.0,0,0,0.0,0,0,0,0,0.0,0.0,0.0,0.0,6235944,0,0,0,0,0,0,0,0,0,0.0,0.0,0.0,0,0,0,0.0,0,0,0,0,0.0,0.0,0,255,0,0,0,0,0,0,0,0,0,0,0,0,0,0.0,0.0,0,0,0.0,0.0,0,0,0.0,0.0,0,0,0.0,0.0,0,0,0.0,0.0,0,0,0.0,0.0
1.769,0,0,0.0,0,0.0,0,0,0.0,0,0,0,0,0.0,0.0,0.0,0.0,6235944,0,0,0,0,0,0,0,0,0,0.0,0.0,0.0,0,0,0,0.0,0,0,0,0,0.0,0.0,0,255,0,0,0,0,0,0,0,0,0,0,0,0,0,0.0,0.0,0,0,0.0,0.0,0,0,0.0,0.0,0,0,0.0,0.0,0,0,0.0,0.0,0,0,0.0,0.0
1.786,0,0,0.0,0,0.0,0,0,0.0,0,0,0,0,0.0,0.0,0.0,0.0,6235944,0,0,0,0,0,0,0,0,0,0.0,0.0,0.0,0,0,0,0.0,0,0,0,0,0.0,0.0,0,255,0,0,0,0,0,0,0,0,0,0,0,0,0,0.0,0.0,0,0,0.0,0.0,0,0,0.0,0.0,0,0,0.0,0.0,0,0,0.0,0.0,0,0,0.0,0.0
1.804,0,0,0.0,0,0.0,0,0,0.0,0,0,0,0,0.0,0.0,0.0,0.0,6235944,0,0,0,0,0,0,0,0,0,0.0,0.0,0.0,0,0,0,0.0,0,0,0,0,0.0,0.0,0,255,0,0,0,0,0,0,0,0,0,0,0,0,0,0.0,0.0,0,0,0.0,0.0,0,0,0.0,0.0,0,0,0.0,0.0,0,0,0.0,0.0,0,0,0.0,0.0
1.821,0,0,0.0,0,0.0,0,0,0.0,0,0,0,0,0.0,0.0,0.0,0.0,6235944,0,0,0,0,0,0,0,0,0,0.0,0.0,0.0,0,0,0,0.0,0,0,0,0,0.0,0.0,0,255,0,0,0,0,0,0,0,0,0,0,0,0,0,0.0,0.0,0,0,0.0,0.0,0,0,0.0,0.0,0,0,0.0,0.0,0,0,0.0,0.0,0,0,0.0,0.0
1.838,0,0,0.0,0,0.0,0,0,0.0,0,0,0,0,0.0,0.0,0.0,0.0,6235944,0,0,0,0,0,0,0,0,0,0.0,0.0,0.0,0,0,0,0.0,0,0,0,0,0.0,0.0,0,255,0,0,0,0,0,0,0,0,0,0,0,0,0,0.0,0.0,0,0,0.0,0.0,0,0,0.0,0.0,0,0,0.0,0.0,0,0,0.0,0.0,0,0,0.0,0.0
1.856,0,0,0.0,0,0.0,0,0,0.0,0,0,0,0,0.0,0.0,0.0,0.0,6235944,0,0,0,0,0,0,0,0,0,0.0,0.0,0.0,0,0,0,0.0,0,0,0,0,0.0,0.0,0,255,0,0,0,0,0,0,0,0,0,0,0,0,0,0.0,0.0,0,0,0.0,0.0,0,0,0.0,0.0,0,0,0.0,0.0,0,0,0.0,0.0,0,0,0.0,0.0
1.873,0,0,0.0,0,0.0,0,0,0.0,0,0,0,0,0.0,0.0,0.0,0.0,6235944,0,0,0,0,0,0,0,0,0,0.0,0.0,0.0,0,0,0,0.0,0,0,0,0,0.0,0.0,0,255,0,0,0,0,0,0,0,0,0,0,0,0,0,0.0,0.0,0,0,0.0,0.0,0,0,0.0,0.0,0,0,0.0,0.0,0,0,0.0,0.0,0,0,0.0,0.0
1.891,0,0,0.0,0,0.0,0,0,0.0,0,0,0,0,0.0,0.0,0.0,0.0,6235944,0,0,0,0,0,0,0,0,0,0.0,0.0,0.0,0,0,0,0.0,0,0,0,0,0.0,0.0,0,255,0,0,0,0,0,0,0,0,0,0,0,0,0,0.0,0.0,0,0,0.0,0.0,0,0,0.0,0.0,0,0,0.0,0.0,0,0,0.0,0.0,0,0,0.0,0.0
1.908,0,0,0.0,0,0.0,0,0,0.0,0,0,0,0,0.0,0.0,0.0,0.0,6235944,0,0,0,0,0,0,0,0,0,0.0,0.0,0.0,0,0,0,0.0,0,0,0,0,0.0,0.0,0,255,0,0,0,0,0,0,0,0,0,0,0,0,0,0.0,0.0,0,0,0.0,0.0,0,0,0.0,0.0,0,0,0.0,0.0,0,0,0.0,0.0,0,0,0.0,0.0
1.925,0,0,0.0,0,0.0,0,0,0.0,0,0,0,0,0.0,0.0,0.0,0.0,6235944,0,0,0,0,0,0,0,0,0,0.0,0.0,0.0,0,0,0,0.0,0,0,0,0,0.0,0.0,0,255,0,0,0,0,0,0,0,0,0,0,0,0,0,0.0,0.0,0,0,0.0,0.0,0,0,0.0,0.0,0,0,0.0,0.0,0,0,0.0,0.0,0,0,0.0,0.0
1.943,0,0,0.0,0,0.0,0,0,0.0,0,0,0,0,0.0,0.0,0.0,0.0,6235944,0,0,0,0,0,0,0,0,0,0.0,0.0,0.0,0,0,0,0.0,0,0,0,0,0.0,0.0,0,255,0,0,0,0,0,0,0,0,0,0,0,0,0,0.0,0.0,0,0,0.0,0.0,0,0,0.0,0.0,0,0,0.0,0.0,0,0,0.0,0.0,0,0,0.0,0.0
1.96,0,0,0.0,0,0.0,0,0,0.0,0,0,0,0,0.0,0.0,0.0,0.0,6235944,0,0,0,0,0,0,0,0,0,0.0,0.0,0.0,0,0,0,0.0,0,0,0,0,0.0,0.0,0,255,0,0,0,0,0,0,0,0,0,0,0,0,0,0.0,0.0,0,0,0.0,0.0,0,0,0.0,0.0,0,0,0.0,0.0,0,0,0.0,0.0,0,0,0.0,0.0
1.978,0,0,0.0,0,0.0,0,0,0.0,0,0,0,0,0.0,0.0,0.0,0.0,6235944,0,0,0,0,0,0,0,0,0,0.0,0.0,0.0,0,0,0,0.0,0,0,0,0,0.0,0.0,0,255,0,0,0,0,0,0,0,0,0,0,0,0,0,0.0,0.0,0,0,0.0,0.0,0,0,0.0,0.0,0,0,0.0,0.0,0,0,0.0,0.0,0,0,0.0,0.0
1.995,0,0,0.0,0,0.0,0,0,0.0,0,0,0,0,0.0,0.0,0.0,0.0,6235944,0,0,0,0,0,0,0,0,0,0.0,0.0,0.0,0,0,0,0.0,0,0,0,0,0.0,0.0,0,255,0,0,0,0,0,0,0,0,0,0,0,0,0,0.0,0.0,0,0,0.0,0.0,0,0,0.0,0.0,0,0,0.0,0.0,0,0,0.0,0.0,0,0,0.0,0.0
2.012,0,0,0.0,0,0.0,0,0,0.0,0,0,0,0,0.0,0.0,0.0,0.0,6235944,0,0,0,0,0,0,0,0,0,0.0,0.0,0.0,0,0,0,0.0,0,0,0,0,0.0,0.0,0,255,0,0,0,0,0,0,0,0,0,0,0,0,0,0.0,0.0,0,0,0.0,0.0,0,0,0.0,0.0,0,0,0.0,0.0,0,0,0.0,0.0,0,0,0.0,0.0
2.03,0,0,0.0,0,0.0,0,0,0.0,0,0,0,0,0.0,0.0,0.0,0.0,6235944,0,0,0,0,0,0,0,0,0,0.0,0.0,0.0,0,0,0,0.0,0,0,0,0,0.0,0.0,0,255,0,0,0,0,0,0,0,0,0,0,0,0,0,0.0,0.0,0,0,0.0,0.0,0,0,0.0,0.0,0,0,0.0,0.0,0,0,0.0,0.0,0,0,0.0,0.0
2.047,0,0,0.0,0,0.0,0,0,0.0,0,0,0,0,0.0,0.0,0.0,0.0,6235944,0,0,0,0,0,0,0,0,0,0.0,0.0,0.0,0,0,0,0.0,0,0,0,0,0.0,0.0,0,255,0,0,0,0,0,0,0,0,0,0,0,0,0,0.0,0.0,0,0,0.0,0.0,0,0,0.0,0.0,0,0,0.0,0.0,0,0,0.0,0.0,0,0,0.0,0.0
2.065,0,0,0.0,0,0.0,0,0,0.0,0,0,0,0,0.0,0.0,0.0,0.0,6235944,0,0,0,0,0,0,0,0,0,0.0,0.0,0.0,0,0,0,0.0,0,0,0,0,0.0,0.0,0,255,0,0,0,0,0,0,0,0,0,0,0,0,0,0.0,0.0,0,0,0.0,0.0,0,0,0.0,0.0,0,0,0.0,0.0,0,0,0.0,0.0,0,0,0.0,0.0
2.082,0,0,0.0,0,0.0,0,0,0.0,0,0,0,0,0.0,0.0,0.0,0.0,6235944,0,0,0,0,0,0,0,0,0,0.0,0.0,0.0,0,0,0,0.0,0,0,0,0,0.0,0.0,0,255,0,0,0,0,0,0,0,0,0,0,0,0,0,0.0,0.0,0,0,0.0,0.0,0,0,0.0,0.0,0,0,0.0,0.0,0,0,0.0,0.0,0,0,0.0,0.0
2.099,0,0,0.0,0,0.0,0,0,0.0,0,0,0,0,0.0,0.0,0.0,0.0,6235944,0,0,0,0,0,0,0,0,0,0.0,0.0,0.0,0,0,0,0.0,0,0,0,0,0.0,0.0,0,255,0,0,0,0,0,0,0,0,0,0,0,0,0,0.0,0.0,0,0,0.0,0.0,0,0,0.0,0.0,0,0,0.0,0.0,0,0,0.0,0.0,0,0,0.0,0.0
2.116,0,0,0.0,0,0.0,0,0,0.0,0,0,0,0,0.0,0.0,0.0,0.0,6235944,0,0,0,0,0,0,0,0,0,0.0,0.0,0.0,0,0,0,0.0,0,0,0,0,0.0,0.0,0,255,0,0,0,0,0,0,0,0,0,0,0,0,0,0.0,0.0,0,0,0.0,0.0,0,0,0.0,0.0,0,0,0.0,0.0,0,0,0.0,0.0,0,0,0.0,0.0
2.134,0,0,0.0,0,0.0,0,0,0.0,0,0,0,0,0.0,0.0,0.0,0.0,6235944,0,0,0,0,0,0,0,0,0,0.0,0.0,0.0,0,0,0,0.0,0,0,0,0,0.0,0.0,0,255,0,0,0,0,0,0,0,0,0,0,0,0,0,0.0,0.0,0,0,0.0,0.0,0,0,0.0,0.0,0,0,0.0,0.0,0,0,0.0,0.0,0,0,0.0,0.0
2.151,0,0,0.0,0,0.0,0,0,0.0,0,0,0,0,0.0,0.0,0.0,0.0,6235944,0,0,0,0,0,0,0,0,0,0.0,0.0,0.0,0,0,0,0.0,0,0,0,0,0.0,0.0,0,255,0,0,0,0,0,0,0,0,0,0,0,0,0,0.0,0.0,0,0,0.0,0.0,0,0,0.0,0.0,0,0,0.0,0.0,0,0,0.0,0.0,0,0,0.0,0.0
2.169,0,0,0.0,0,0.0,0,0,0.0,0,0,0,0,0.0,0.0,0.0,0.0,6235944,0,0,0,0,0,0,0,0,0,0.0,0.0,0.0,0,0,0,0.0,0,0,0,0,0.0,0.0,0,255,0,0,0,0,0,0,0,0,0,0,0,0,0,0.0,0.0,0,0,0.0,0.0,0,0,0.0,0.0,0,0,0.0,0.0,0,0,0.0,0.0,0,0,0.0,0.0
2.186,0,0,0.0,0,0.0,0,0,0.0,0,0,0,0,0.0,0.0,0.0,0.0,6235944,0,0,0,0,0,0,0,0,0,0.0,0.0,0.0,0,0,0,0.0,0,0,0,0,0.0,0.0,0,255,0,0,0,0,0,0,0,0,0,0,0,0,0,0.0,0.0,0,0,0.0,0.0,0,0,0.0,0.0,0,0,0.0,0.0,0,0,0.0,0.0,0,0,0.0,0.0
2.203,0,0,0.0,0,0.0,0,0,0.0,0,0,0,0,0.0,0.0,0.0,0.0,6235944,0,0,0,0,0,0,0,0,0,0.0,0.0,0.0,0,0,0,0.0,0,0,0,0,0.0,0.0,0,255,0,0,0,0,0,0,0,0,0,0,0,0,0,0.0,0.0,0,0,0.0,0.0,0,0,0.0,0.0,0,0,0.0,0.0,0,0,0.0,0.0,0,0,0.0,0.0
2.221,0,0,0.0,0,0.0,0,0,0.0,0,0,0,0,0.0,0.0,0.0,0.0,6235944,0,0,0,0,0,0,0,0,0,0.0,0.0,0.0,0,0,0,0.0,0,0,0,0,0.0,0.0,0,255,0,0,0,0,0,0,0,0,0,0,0,0,0,0.0,0.0,0,0,0.0,0.0,0,0,0.0,0.0,0,0,0.0,0.0,0,0,0.0,0.0,0,0,0.0,0.0
2.238,0,0,0.0,0,0.0,0,0,0.0,0,0,0,0,0.0,0.0,0.0,0.0,6235944,0,0,0,0,0,0,0,0,0,0.0,0.0,0.0,0,0,0,0.0,0,0,0,0,0.0,0.0,0,255,0,0,0,0,0,0,0,0,0,0,0,0,0,0.0,0.0,0,0,0.0,0.0,0,0,0.0,0.0,0,0,0.0,0.0,0,0,0.0,0.0,0,0,0.0,0.0
2.256,0,0,0.0,0,0.0,0,0,0.0,0,0,0,0,0.0,0.0,0.0,0.0,6235944,0,0,0,0,0,0,0,0,0,0.0,0.0,0.0,0,0,0,0.0,0,0,0,0,0.0,0.0,0,255,0,0,0,0,0,0,0,0,0,0,0,0,0,0.0,0.0,0,0,0.0,0.0,0,0,0.0,0.0,0,0,0.0,0.0,0,0,0.0,0.0,0,0,0.0,0.0
2.273,0,0,0.0,0,0.0,0,0,0.0,0,0,0,0,0.0,0.0,0.0,0.0,6235944,0,0,0,0,0,0,0,0,0,0.0,0.0,0.0,0,0,0,0.0,0,0,0,0,0.0,0.0,0,255,0,0,0,0,0,0,0,0,0,0,0,0,0,0.0,0.0,0,0,0.0,0.0,0,0,0.0,0.0,0,0,0.0,0.0,0,0,0.0,0.0,0,0,0.0,0.0
2.291,0,0,0.0,0,0.0,0,0,0.0,0,0,0,0,0.0,0.0,0.0,0.0,6235944,0,0,0,0,0,0,0,0,0,0.0,0.0,0.0,0,0,0,0.0,0,0,0,0,0.0,0.0,0,255,0,0,0,0,0,0,0,0,0,0,0,0,0,0.0,0.0,0,0,0.0,0.0,0,0,0.0,0.0,0,0,0.0,0.0,0,0,0.0,0.0,0,0,0.0,0.0
2.308,0,0,0.0,0,0.0,0,0,0.0,0,0,0,0,0.0,0.0,0.0,0.0,6235944,0,0,0,0,0,0,0,0,0,0.0,0.0,0.0,0,0,0,0.0,0,0,0,0,0.0,0.0,0,255,0,0,0,0,0,0,0,0,0,0,0,0,0,0.0,0.0,0,0,0.0,0.0,0,0,0.0,0.0,0,0,0.0,0.0,0,0,0.0,0.0,0,0,0.0,0.0
2.325,0,0,0.0,0,0.0,0,0,0.0,0,0,0,0,0.0,0.0,0.0,0.0,6235944,0,0,0,0,0,0,0,0,0,0.0,0.0,0.0,0,0,0,0.0,0,0,0,0,0.0,0.0,0,255,0,0,0,0,0,0,0,0,0,0,0,0,0,0.0,0.0,0,0,0.0,0.0,0,0,0.0,0.0,0,0,0.0,0.0,0,0,0.0,0.0,0,0,0.0,0.0
2.342,0,0,0.0,0,0.0,0,0,0.0,0,0,0,0,0.0,0.0,0.0,0.0,6235944,0,0,0,0,0,0,0,0,0,0.0,0.0,0.0,0,0,0,0.0,0,0,0,0,0.0,0.0,0,255,0,0,0,0,0,0,0,0,0,0,0,0,0,0.0,0.0,0,0,0.0,0.0,0,0,0.0,0.0,0,0,0.0,0.0,0,0,0.0,0.0,0,0,0.0,0.0
2.359,0,0,0.0,0,0.0,0,0,0.0,0,0,0,0,0.0,0.0,0.0,0.0,6235944,0,0,0,0,0,0,0,0,0,0.0,0.0,0.0,0,0,0,0.0,0,0,0,0,0.0,0.0,0,255,0,0,0,0,0,0,0,0,0,0,0,0,0,0.0,0.0,0,0,0.0,0.0,0,0,0.0,0.0,0,0,0.0,0.0,0,0,0.0,0.0,0,0,0.0,0.0
2.377,0,0,0.0,0,0.0,0,0,0.0,0,0,0,0,0.0,0.0,0.0,0.0,6235944,0,0,0,0,0,0,0,0,0,0.0,0.0,0.0,0,0,0,0.0,0,0,0,0,0.0,0.0,0,255,0,0,0,0,0,0,0,0,0,0,0,0,0,0.0,0.0,0,0,0.0,0.0,0,0,0.0,0.0,0,0,0.0,0.0,0,0,0.0,0.0,0,0,0.0,0.0
2.394,0,0,0.0,0,0.0,0,0,0.0,0,0,0,0,0.0,0.0,0.0,0.0,6235944,0,0,0,0,0,0,0,0,0,0.0,0.0,0.0,0,0,0,0.0,0,0,0,0,0.0,0.0,0,255,0,0,0,0,0,0,0,0,0,0,0,0,0,0.0,0.0,0,0,0.0,0.0,0,0,0.0,0.0,0,0,0.0,0.0,0,0,0.0,0.0,0,0,0.0,0.0
2.411,0,0,0.0,0,0.0,0,0,0.0,0,0,0,0,0.0,0.0,0.0,0.0,6235944,0,0,0,0,0,0,0,0,0,0.0,0.0,0.0,0,0,0,0.0,0,0,0,0,0.0,0.0,0,255,0,0,0,0,0,0,0,0,0,0,0,0,0,0.0,0.0,0,0,0.0,0.0,0,0,0.0,0.0,0,0,0.0,0.0,0,0,0.0,0.0,0,0,0.0,0.0
2.429,0,0,0.0,0,0.0,0,0,0.0,0,0,0,0,0.0,0.0,0.0,0.0,6235944,0,0,0,0,0,0,0,0,0,0.0,0.0,0.0,0,0,0,0.0,0,0,0,0,0.0,0.0,0,255,0,0,0,0,0,0,0,0,0,0,0,0,0,0.0,0.0,0,0,0.0,0.0,0,0,0.0,0.0,0,0,0.0,0.0,0,0,0.0,0.0,0,0,0.0,0.0
2.446,0,0,0.0,0,0.0,0,0,0.0,0,0,0,0,0.0,0.0,0.0,0.0,6235944,0,0,0,0,0,0,0,0,0,0.0,0.0,0.0,0,0,0,0.0,0,0,0,0,0.0,0.0,0,255,0,0,0,0,0,0,0,0,0,0,0,0,0,0.0,0.0,0,0,0.0,0.0,0,0,0.0,0.0,0,0,0.0,0.0,0,0,0.0,0.0,0,0,0.0,0.0
2.463,0,0,0.0,0,0.0,0,0,0.0,0,0,0,0,0.0,0.0,0.0,0.0,6235944,0,0,0,0,0,0,0,0,0,0.0,0.0,0.0,0,0,0,0.0,0,0,0,0,0.0,0.0,0,255,0,0,0,0,0,0,0,0,0,0,0,0,0,0.0,0.0,0,0,0.0,0.0,0,0,0.0,0.0,0,0,0.0,0.0,0,0,0.0,0.0,0,0,0.0,0.0
2.48,0,0,0.0,0,0.0,0,0,0.0,0,0,0,0,0.0,0.0,0.0,0.0,6235944,0,0,0,0,0,0,0,0,0,0.0,0.0,0.0,0,0,0,0.0,0,0,0,0,0.0,0.0,0,255,0,0,0,0,0,0,0,0,0,0,0,0,0,0.0,0.0,0,0,0.0,0.0,0,0,0.0,0.0,0,0,0.0,0.0,0,0,0.0,0.0,0,0,0.0,0.0
2.498,0,0,0.0,0,0.0,0,0,0.0,0,0,0,0,0.0,0.0,0.0,0.0,6235944,0,0,0,0,0,0,0,0,0,0.0,0.0,0.0,0,0,0,0.0,0,0,0,0,0.0,0.0,0,255,0,0,0,0,0,0,0,0,0,0,0,0,0,0.0,0.0,0,0,0.0,0.0,0,0,0.0,0.0,0,0,0.0,0.0,0,0,0.0,0.0,0,0,0.0,0.0
2.515,0,0,0.0,0,0.0,0,0,0.0,0,0,0,0,0.0,0.0,0.0,0.0,6235944,0,0,0,0,0,0,0,0,0,0.0,0.0,0.0,0,0,0,0.0,0,0,0,0,0.0,0.0,0,255,0,0,0,0,0,0,0,0,0,0,0,0,0,0.0,0.0,0,0,0.0,0.0,0,0,0.0,0.0,0,0,0.0,0.0,0,0,0.0,0.0,0,0,0.0,0.0
2.533,0,0,0.0,0,0.0,0,0,0.0,0,0,0,0,0.0,0.0,0.0,0.0,6235944,0,0,0,0,0,0,0,0,0,0.0,0.0,0.0,0,0,0,0.0,0,0,0,0,0.0,0.0,0,255,0,0,0,0,0,0,0,0,0,0,0,0,0,0.0,0.0,0,0,0.0,0.0,0,0,0.0,0.0,0,0,0.0,0.0,0,0,0.0,0.0,0,0,0.0,0.0
2.55,0,0,0.0,0,0.0,0,0,0.0,0,0,0,0,0.0,0.0,0.0,0.0,6235944,0,0,0,0,0,0,0,0,0,0.0,0.0,0.0,0,0,0,0.0,0,0,0,0,0.0,0.0,0,255,0,0,0,0,0,0,0,0,0,0,0,0,0,0.0,0.0,0,0,0.0,0.0,0,0,0.0,0.0,0,0,0.0,0.0,0,0,0.0,0.0,0,0,0.0,0.0
2.567,0,0,0.0,0,0.0,0,0,0.0,0,0,0,0,0.0,0.0,0.0,0.0,6235944,0,0,0,0,0,0,0,0,0,0.0,0.0,0.0,0,0,0,0.0,0,0,0,0,0.0,0.0,0,255,0,0,0,0,0,0,0,0,0,0,0,0,0,0.0,0.0,0,0,0.0,0.0,0,0,0.0,0.0,0,0,0.0,0.0,0,0,0.0,0.0,0,0,0.0,0.0
2.585,0,0,0.0,0,0.0,0,0,0.0,0,0,0,0,0.0,0.0,0.0,0.0,6235944,0,0,0,0,0,0,0,0,0,0.0,0.0,0.0,0,0,0,0.0,0,0,0,0,0.0,0.0,0,255,0,0,0,0,0,0,0,0,0,0,0,0,0,0.0,0.0,0,0,0.0,0.0,0,0,0.0,0.0,0,0,0.0,0.0,0,0,0.0,0.0,0,0,0.0,0.0
2.602,0,0,0.0,0,0.0,0,0,0.0,0,0,0,0,0.0,0.0,0.0,0.0,6235944,0,0,0,0,0,0,0,0,0,0.0,0.0,0.0,0,0,0,0.0,0,0,0,0,0.0,0.0,0,255,0,0,0,0,0,0,0,0,0,0,0,0,0,0.0,0.0,0,0,0.0,0.0,0,0,0.0,0.0,0,0,0.0,0.0,0,0,0.0,0.0,0,0,0.0,0.0
2.62,0,0,0.0,0,0.0,0,0,0.0,0,0,0,0,0.0,0.0,0.0,0.0,6235944,0,0,0,0,0,0,0,0,0,0.0,0.0,0.0,0,0,0,0.0,0,0,0,0,0.0,0.0,0,255,0,0,0,0,0,0,0,0,0,0,0,0,0,0.0,0.0,0,0,0.0,0.0,0,0,0.0,0.0,0,0,0.0,0.0,0,0,0.0,0.0,0,0,0.0,0.0
2.637,0,0,0.0,0,0.0,0,0,0.0,0,0,0,0,0.0,0.0,0.0,0.0,6235944,0,0,0,0,0,0,0,0,0,0.0,0.0,0.0,0,0,0,0.0,0,0,0,0,0.0,0.0,0,255,0,0,0,0,0,0,0,0,0,0,0,0,0,0.0,0.0,0,0,0.0,0.0,0,0,0.0,0.0,0,0,0.0,0.0,0,0,0.0,0.0,0,0,0.0,0.0
2.654,0,0,0.0,0,0.0,0,0,0.0,0,0,0,0,0.0,0.0,0.0,0.0,6235944,0,0,0,0,0,0,0,0,0,0.0,0.0,0.0,0,0,0,0.0,0,0,0,0,0.0,0.0,0,255,0,0,0,0,0,0,0,0,0,0,0,0,0,0.0,0.0,0,0,0.0,0.0,0,0,0.0,0.0,0,0,0.0,0.0,0,0,0.0,0.0,0,0,0.0,0.0
2.671,0,0,0.0,0,0.0,0,0,0.0,0,0,0,0,0.0,0.0,0.0,0.0,6235944,0,0,0,0,0,0,0,0,0,0.0,0.0,0.0,0,0,0,0.0,0,0,0,0,0.0,0.0,0,255,0,0,0,0,0,0,0,0,0,0,0,0,0,0.0,0.0,0,0,0.0,0.0,0,0,0.0,0.0,0,0,0.0,0.0,0,0,0.0,0.0,0,0,0.0,0.0
2.689,0,0,0.0,0,0.0,0,0,0.0,0,0,0,0,0.0,0.0,0.0,0.0,6235944,0,0,0,0,0,0,0,0,0,0.0,0.0,0.0,0,0,0,0.0,0,0,0,0,0.0,0.0,0,255,0,0,0,0,0,0,0,0,0,0,0,0,0,0.0,0.0,0,0,0.0,0.0,0,0,0.0,0.0,0,0,0.0,0.0,0,0,0.0,0.0,0,0,0.0,0.0
2.706,0,0,0.0,0,0.0,0,0,0.0,0,0,0,0,0.0,0.0,0.0,0.0,6235944,0,0,0,0,0,0,0,0,0,0.0,0.0,0.0,0,0,0,0.0,0,0,0,0,0.0,0.0,0,255,0,0,0,0,0,0,0,0,0,0,0,0,0,0.0,0.0,0,0,0.0,0.0,0,0,0.0,0.0,0,0,0.0,0.0,0,0,0.0,0.0,0,0,0.0,0.0
2.724,0,0,0.0,0,0.0,0,0,0.0,0,0,0,0,0.0,0.0,0.0,0.0,6235944,0,0,0,0,0,0,0,0,0,0.0,0.0,0.0,0,0,0,0.0,0,0,0,0,0.0,0.0,0,255,0,0,0,0,0,0,0,0,0,0,0,0,0,0.0,0.0,0,0,0.0,0.0,0,0,0.0,0.0,0,0,0.0,0.0,0,0,0.0,0.0,0,0,0.0,0.0
2.741,0,0,0.0,0,0.0,0,0,0.0,0,0,0,0,0.0,0.0,0.0,0.0,6235944,0,0,0,0,0,0,0,0,0,0.0,0.0,0.0,0,0,0,0.0,0,0,0,0,0.0,0.0,0,255,0,0,0,0,0,0,0,0,0,0,0,0,0,0.0,0.0,0,0,0.0,0.0,0,0,0.0,0.0,0,0,0.0,0.0,0,0,0.0,0.0,0,0,0.0,0.0
2.759,0,0,0.0,0,0.0,0,0,0.0,0,0,0,0,0.0,0.0,0.0,0.0,6235944,0,0,0,0,0,0,0,0,0,0.0,0.0,0.0,0,0,0,0.0,0,0,0,0,0.0,0.0,0,255,0,0,0,0,0,0,0,0,0,0,0,0,0,0.0,0.0,0,0,0.0,0.0,0,0,0.0,0.0,0,0,0.0,0.0,0,0,0.0,0.0,0,0,0.0,0.0
2.776,0,0,0.0,0,0.0,0,0,0.0,0,0,0,0,0.0,0.0,0.0,0.0,6235944,0,0,0,0,0,0,0,0,0,0.0,0.0,0.0,0,0,0,0.0,0,0,0,0,0.0,0.0,0,255,0,0,0,0,0,0,0,0,0,0,0,0,0,0.0,0.0,0,0,0.0,0.0,0,0,0.0,0.0,0,0,0.0,0.0,0,0,0.0,0.0,0,0,0.0,0.0
2.794,0,0,0.0,0,0.0,0,0,0.0,0,0,0,0,0.0,0.0,0.0,0.0,6235944,0,0,0,0,0,0,0,0,0,0.0,0.0,0.0,0,0,0,0.0,0,0,0,0,0.0,0.0,0,255,0,0,0,0,0,0,0,0,0,0,0,0,0,0.0,0.0,0,0,0.0,0.0,0,0,0.0,0.0,0,0,0.0,0.0,0,0,0.0,0.0,0,0,0.0,0.0
2.811,0,0,0.0,0,0.0,0,0,0.0,0,0,0,0,0.0,0.0,0.0,0.0,6235944,0,0,0,0,0,0,0,0,0,0.0,0.0,0.0,0,0,0,0.0,0,0,0,0,0.0,0.0,0,255,0,0,0,0,0,0,0,0,0,0,0,0,0,0.0,0.0,0,0,0.0,0.0,0,0,0.0,0.0,0,0,0.0,0.0,0,0,0.0,0.0,0,0,0.0,0.0
2.829,0,0,0.0,0,0.0,0,0,0.0,0,0,0,0,0.0,0.0,0.0,0.0,6235944,0,0,0,0,0,0,0,0,0,0.0,0.0,0.0,0,0,0,0.0,0,0,0,0,0.0,0.0,0,255,0,0,0,0,0,0,0,0,0,0,0,0,0,0.0,0.0,0,0,0.0,0.0,0,0,0.0,0.0,0,0,0.0,0.0,0,0,0.0,0.0,0,0,0.0,0.0
2.846,0,0,0.0,0,0.0,0,0,0.0,0,0,0,0,0.0,0.0,0.0,0.0,6235944,0,0,0,0,0,0,0,0,0,0.0,0.0,0.0,0,0,0,0.0,0,0,0,0,0.0,0.0,0,255,0,0,0,0,0,0,0,0,0,0,0,0,0,0.0,0.0,0,0,0.0,0.0,0,0,0.0,0.0,0,0,0.0,0.0,0,0,0.0,0.0,0,0,0.0,0.0
2.863,0,0,0.0,0,0.0,0,0,0.0,0,0,0,0,0.0,0.0,0.0,0.0,6235944,0,0,0,0,0,0,0,0,0,0.0,0.0,0.0,0,0,0,0.0,0,0,0,0,0.0,0.0,0,255,0,0,0,0,0,0,0,0,0,0,0,0,0,0.0,0.0,0,0,0.0,0.0,0,0,0.0,0.0,0,0,0.0,0.0,0,0,0.0,0.0,0,0,0.0,0.0
2.88,0,0,0.0,0,0.0,0,0,0.0,0,0,0,0,0.0,0.0,0.0,0.0,6235944,0,0,0,0,0,0,0,0,0,0.0,0.0,0.0,0,0,0,0.0,0,0,0,0,0.0,0.0,0,255,0,0,0,0,0,0,0,0,0,0,0,0,0,0.0,0.0,0,0,0.0,0.0,0,0,0.0,0.0,0,0,0.0,0.0,0,0,0.0,0.0,0,0,0.0,0.0
2.898,0,0,0.0,0,0.0,0,0,0.0,0,0,0,0,0.0,0.0,0.0,0.0,6235944,0,0,0,0,0,0,0,0,0,0.0,0.0,0.0,0,0,0,0.0,0,0,0,0,0.0,0.0,0,255,0,0,0,0,0,0,0,0,0,0,0,0,0,0.0,0.0,0,0,0.0,0.0,0,0,0.0,0.0,0,0,0.0,0.0,0,0,0.0,0.0,0,0,0.0,0.0
2.915,0,0,0.0,0,0.0,0,0,0.0,0,0,0,0,0.0,0.0,0.0,0.0,6235944,0,0,0,0,0,0,0,0,0,0.0,0.0,0.0,0,0,0,0.0,0,0,0,0,0.0,0.0,0,255,0,0,0,0,0,0,0,0,0,0,0,0,0,0.0,0.0,0,0,0.0,0.0,0,0,0.0,0.0,0,0,0.0,0.0,0,0,0.0,0.0,0,0,0.0,0.0
2.933,0,0,0.0,0,0.0,0,0,0.0,0,0,0,0,0.0,0.0,0.0,0.0,6235944,0,0,0,0,0,0,0,0,0,0.0,0.0,0.0,0,0,0,0.0,0,0,0,0,0.0,0.0,0,255,0,0,0,0,0,0,0,0,0,0,0,0,0,0.0,0.0,0,0,0.0,0.0,0,0,0.0,0.0,0,0,0.0,0.0,0,0,0.0,0.0,0,0,0.0,0.0
2.95,0,0,0.0,0,0.0,0,0,0.0,0,0,0,0,0.0,0.0,0.0,0.0,6235944,0,0,0,0,0,0,0,0,0,0.0,0.0,0.0,0,0,0,0.0,0,0,0,0,0.0,0.0,0,255,0,0,0,0,0,0,0,0,0,0,0,0,0,0.0,0.0,0,0,0.0,0.0,0,0,0.0,0.0,0,0,0.0,0.0,0,0,0.0,0.0,0,0,0.0,0.0
2.967,0,0,0.0,0,0.0,0,0,0.0,0,0,0,0,0.0,0.0,0.0,0.0,6235944,0,0,0,0,0,0,0,0,0,0.0,0.0,0.0,0,0,0,0.0,0,0,0,0,0.0,0.0,0,255,0,0,0,0,0,0,0,0,0,0,0,0,0,0.0,0.0,0,0,0.0,0.0,0,0,0.0,0.0,0,0,0.0,0.0,0,0,0.0,0.0,0,0,0.0,0.0
2.985,0,0,0.0,0,0.0,0,0,0.0,0,0,0,0,0.0,0.0,0.0,0.0,6235944,0,0,0,0,0,0,0,0,0,0.0,0.0,0.0,0,0,0,0.0,0,0,0,0,0.0,0.0,0,255,0,0,0,0,0,0,0,0,0,0,0,0,0,0.0,0.0,0,0,0.0,0.0,0,0,0.0,0.0,0,0,0.0,0.0,0,0,0.0,0.0,0,0,0.0,0.0
3.002,0,0,0.0,0,0.0,0,0,0.0,0,0,0,0,0.0,0.0,0.0,0.0,6235944,0,0,0,0,0,0,0,0,0,0.0,0.0,0.0,0,0,0,0.0,0,0,0,0,0.0,0.0,0,255,0,0,0,0,0,0,0,0,0,0,0,0,0,0.0,0.0,0,0,0.0,0.0,0,0,0.0,0.0,0,0,0.0,0.0,0,0,0.0,0.0,0,0,0.0,0.0
3.019,0,0,0.0,0,0.0,0,0,0.0,0,0,0,0,0.0,0.0,0.0,0.0,6235944,0,0,0,0,0,0,0,0,0,0.0,0.0,0.0,0,0,0,0.0,0,0,0,0,0.0,0.0,0,255,0,0,0,0,0,0,0,0,0,0,0,0,0,0.0,0.0,0,0,0.0,0.0,0,0,0.0,0.0,0,0,0.0,0.0,0,0,0.0,0.0,0,0,0.0,0.0
3.037,0,0,0.0,0,0.0,0,0,0.0,0,0,0,0,0.0,0.0,0.0,0.0,6235944,0,0,0,0,0,0,0,0,0,0.0,0.0,0.0,0,0,0,0.0,0,0,0,0,0.0,0.0,0,255,0,0,0,0,0,0,0,0,0,0,0,0,0,0.0,0.0,0,0,0.0,0.0,0,0,0.0,0.0,0,0,0.0,0.0,0,0,0.0,0.0,0,0,0.0,0.0
3.054,0,0,0.0,0,0.0,0,0,0.0,0,0,0,0,0.0,0.0,0.0,0.0,6235944,0,0,0,0,0,0,0,0,0,0.0,0.0,0.0,0,0,0,0.0,0,0,0,0,0.0,0.0,0,255,0,0,0,0,0,0,0,0,0,0,0,0,0,0.0,0.0,0,0,0.0,0.0,0,0,0.0,0.0,0,0,0.0,0.0,0,0,0.0,0.0,0,0,0.0,0.0
3.071,0,0,0.0,0,0.0,0,0,0.0,0,0,0,0,0.0,0.0,0.0,0.0,6235944,0,0,0,0,0,0,0,0,0,0.0,0.0,0.0,0,0,0,0.0,0,0,0,0,0.0,0.0,0,255,0,0,0,0,0,0,0,0,0,0,0,0,0,0.0,0.0,0,0,0.0,0.0,0,0,0.0,0.0,0,0,0.0,0.0,0,0,0.0,0.0,0,0,0.0,0.0
3.088,0,0,0.0,0,0.0,0,0,0.0,0,0,0,0,0.0,0.0,0.0,0.0,6235944,0,0,0,0,0,0,0,0,0,0.0,0.0,0.0,0,0,0,0.0,0,0,0,0,0.0,0.0,0,255,0,0,0,0,0,0,0,0,0,0,0,0,0,0.0,0.0,0,0,0.0,0.0,0,0,0.0,0.0,0,0,0.0,0.0,0,0,0.0,0.0,0,0,0.0,0.0
3.106,0,0,0.0,0,0.0,0,0,0.0,0,0,0,0,0.0,0.0,0.0,0.0,6235944,0,0,0,0,0,0,0,0,0,0.0,0.0,0.0,0,0,0,0.0,0,0,0,0,0.0,0.0,0,255,0,0,0,0,0,0,0,0,0,0,0,0,0,0.0,0.0,0,0,0.0,0.0,0,0,0.0,0.0,0,0,0.0,0.0,0,0,0.0,0.0,0,0,0.0,0.0
3.123,0,0,0.0,0,0.0,0,0,0.0,0,0,0,0,0.0,0.0,0.0,0.0,6235944,0,0,0,0,0,0,0,0,0,0.0,0.0,0.0,0,0,0,0.0,0,0,0,0,0.0,0.0,0,255,0,0,0,0,0,0,0,0,0,0,0,0,0,0.0,0.0,0,0,0.0,0.0,0,0,0.0,0.0,0,0,0.0,0.0,0,0,0.0,0.0,0,0,0.0,0.0
3.14,0,0,0.0,0,0.0,0,0,0.0,0,0,0,0,0.0,0.0,0.0,0.0,6235944,0,0,0,0,0,0,0,0,0,0.0,0.0,0.0,0,0,0,0.0,0,0,0,0,0.0,0.0,0,255,0,0,0,0,0,0,0,0,0,0,0,0,0,0.0,0.0,0,0,0.0,0.0,0,0,0.0,0.0,0,0,0.0,0.0,0,0,0.0,0.0,0,0,0.0,0.0
3.158,0,0,0.0,0,0.0,0,0,0.0,0,0,0,0,0.0,0.0,0.0,0.0,6235944,0,0,0,0,0,0,0,0,0,0.0,0.0,0.0,0,0,0,0.0,0,0,0,0,0.0,0.0,0,255,0,0,0,0,0,0,0,0,0,0,0,0,0,0.0,0.0,0,0,0.0,0.0,0,0,0.0,0.0,0,0,0.0,0.0,0,0,0.0,0.0,0,0,0.0,0.0
3.175,0,0,0.0,0,0.0,0,0,0.0,0,0,0,0,0.0,0.0,0.0,0.0,6235944,0,0,0,0,0,0,0,0,0,0.0,0.0,0.0,0,0,0,0.0,0,0,0,0,0.0,0.0,0,255,0,0,0,0,0,0,0,0,0,0,0,0,0,0.0,0.0,0,0,0.0,0.0,0,0,0.0,0.0,0,0,0.0,0.0,0,0,0.0,0.0,0,0,0.0,0.0
3.193,0,0,0.0,0,0.0,0,0,0.0,0,0,0,0,0.0,0.0,0.0,0.0,6235944,0,0,0,0,0,0,0,0,0,0.0,0.0,0.0,0,0,0,0.0,0,0,0,0,0.0,0.0,0,255,0,0,0,0,0,0,0,0,0,0,0,0,0,0.0,0.0,0,0,0.0,0.0,0,0,0.0,0.0,0,0,0.0,0.0,0,0,0.0,0.0,0,0,0.0,0.0
3.21,0,0,0.0,0,0.0,0,0,0.0,0,0,0,0,0.0,0.0,0.0,0.0,6235944,0,0,0,0,0,0,0,0,0,0.0,0.0,0.0,0,0,0,0.0,0,0,0,0,0.0,0.0,0,255,0,0,0,0,0,0,0,0,0,0,0,0,0,0.0,0.0,0,0,0.0,0.0,0,0,0.0,0.0,0,0,0.0,0.0,0,0,0.0,0.0,0,0,0.0,0.0
3.227,0,0,0.0,0,0.0,0,0,0.0,0,0,0,0,0.0,0.0,0.0,0.0,6235944,0,0,0,0,0,0,0,0,0,0.0,0.0,0.0,0,0,0,0.0,0,0,0,0,0.0,0.0,0,255,0,0,0,0,0,0,0,0,0,0,0,0,0,0.0,0.0,0,0,0.0,0.0,0,0,0.0,0.0,0,0,0.0,0.0,0,0,0.0,0.0,0,0,0.0,0.0
3.244,0,0,0.0,0,0.0,0,0,0.0,0,0,0,0,0.0,0.0,0.0,0.0,6235944,0,0,0,0,0,0,0,0,0,0.0,0.0,0.0,0,0,0,0.0,0,0,0,0,0.0,0.0,0,255,0,0,0,0,0,0,0,0,0,0,0,0,0,0.0,0.0,0,0,0.0,0.0,0,0,0.0,0.0,0,0,0.0,0.0,0,0,0.0,0.0,0,0,0.0,0.0
3.262,0,0,0.0,0,0.0,0,0,0.0,0,0,0,0,0.0,0.0,0.0,0.0,6235944,0,0,0,0,0,0,0,0,0,0.0,0.0,0.0,0,0,0,0.0,0,0,0,0,0.0,0.0,0,255,0,0,0,0,0,0,0,0,0,0,0,0,0,0.0,0.0,0,0,0.0,0.0,0,0,0.0,0.0,0,0,0.0,0.0,0,0,0.0,0.0,0,0,0.0,0.0
3.279,0,0,0.0,0,0.0,0,0,0.0,0,0,0,0,0.0,0.0,0.0,0.0,6235944,0,0,0,0,0,0,0,0,0,0.0,0.0,0.0,0,0,0,0.0,0,0,0,0,0.0,0.0,0,255,0,0,0,0,0,0,0,0,0,0,0,0,0,0.0,0.0,0,0,0.0,0.0,0,0,0.0,0.0,0,0,0.0,0.0,0,0,0.0,0.0,0,0,0.0,0.0
3.297,0,0,0.0,0,0.0,0,0,0.0,0,0,0,0,0.0,0.0,0.0,0.0,6235944,0,0,0,0,0,0,0,0,0,0.0,0.0,0.0,0,0,0,0.0,0,0,0,0,0.0,0.0,0,255,0,0,0,0,0,0,0,0,0,0,0,0,0,0.0,0.0,0,0,0.0,0.0,0,0,0.0,0.0,0,0,0.0,0.0,0,0,0.0,0.0,0,0,0.0,0.0
3.314,0,0,0.0,0,0.0,0,0,0.0,0,0,0,0,0.0,0.0,0.0,0.0,6235944,0,0,0,0,0,0,0,0,0,0.0,0.0,0.0,0,0,0,0.0,0,0,0,0,0.0,0.0,0,255,0,0,0,0,0,0,0,0,0,0,0,0,0,0.0,0.0,0,0,0.0,0.0,0,0,0.0,0.0,0,0,0.0,0.0,0,0,0.0,0.0,0,0,0.0,0.0
3.331,0,0,0.0,0,0.0,0,0,0.0,0,0,0,0,0.0,0.0,0.0,0.0,6235944,0,0,0,0,0,0,0,0,0,0.0,0.0,0.0,0,0,0,0.0,0,0,0,0,0.0,0.0,0,255,0,0,0,0,0,0,0,0,0,0,0,0,0,0.0,0.0,0,0,0.0,0.0,0,0,0.0,0.0,0,0,0.0,0.0,0,0,0.0,0.0,0,0,0.0,0.0
3.349,0,0,0.0,0,0.0,0,0,0.0,0,0,0,0,0.0,0.0,0.0,0.0,6235944,0,0,0,0,0,0,0,0,0,0.0,0.0,0.0,0,0,0,0.0,0,0,0,0,0.0,0.0,0,255,0,0,0,0,0,0,0,0,0,0,0,0,0,0.0,0.0,0,0,0.0,0.0,0,0,0.0,0.0,0,0,0.0,0.0,0,0,0.0,0.0,0,0,0.0,0.0
3.366,0,0,0.0,0,0.0,0,0,0.0,0,0,0,0,0.0,0.0,0.0,0.0,6235944,0,0,0,0,0,0,0,0,0,0.0,0.0,0.0,0,0,0,0.0,0,0,0,0,0.0,0.0,0,255,0,0,0,0,0,0,0,0,0,0,0,0,0,0.0,0.0,0,0,0.0,0.0,0,0,0.0,0.0,0,0,0.0,0.0,0,0,0.0,0.0,0,0,0.0,0.0
3.383,0,0,0.0,0,0.0,0,0,0.0,0,0,0,0,0.0,0.0,0.0,0.0,6235944,0,0,0,0,0,0,0,0,0,0.0,0.0,0.0,0,0,0,0.0,0,0,0,0,0.0,0.0,0,255,0,0,0,0,0,0,0,0,0,0,0,0,0,0.0,0.0,0,0,0.0,0.0,0,0,0.0,0.0,0,0,0.0,0.0,0,0,0.0,0.0,0,0,0.0,0.0
3.401,0,0,0.0,0,0.0,0,0,0.0,0,0,0,0,0.0,0.0,0.0,0.0,6235944,0,0,0,0,0,0,0,0,0,0.0,0.0,0.0,0,0,0,0.0,0,0,0,0,0.0,0.0,0,255,0,0,0,0,0,0,0,0,0,0,0,0,0,0.0,0.0,0,0,0.0,0.0,0,0,0.0,0.0,0,0,0.0,0.0,0,0,0.0,0.0,0,0,0.0,0.0
3.418,0,0,0.0,0,0.0,0,0,0.0,0,0,0,0,0.0,0.0,0.0,0.0,6235944,0,0,0,0,0,0,0,0,0,0.0,0.0,0.0,0,0,0,0.0,0,0,0,0,0.0,0.0,0,255,0,0,0,0,0,0,0,0,0,0,0,0,0,0.0,0.0,0,0,0.0,0.0,0,0,0.0,0.0,0,0,0.0,0.0,0,0,0.0,0.0,0,0,0.0,0.0
3.435,0,0,0.0,0,0.0,0,0,0.0,0,0,0,0,0.0,0.0,0.0,0.0,6235944,0,0,0,0,0,0,0,0,0,0.0,0.0,0.0,0,0,0,0.0,0,0,0,0,0.0,0.0,0,255,0,0,0,0,0,0,0,0,0,0,0,0,0,0.0,0.0,0,0,0.0,0.0,0,0,0.0,0.0,0,0,0.0,0.0,0,0,0.0,0.0,0,0,0.0,0.0
3.453,0,0,0.0,0,0.0,0,0,0.0,0,0,0,0,0.0,0.0,0.0,0.0,6235944,0,0,0,0,0,0,0,0,0,0.0,0.0,0.0,0,0,0,0.0,0,0,0,0,0.0,0.0,0,255,0,0,0,0,0,0,0,0,0,0,0,0,0,0.0,0.0,0,0,0.0,0.0,0,0,0.0,0.0,0,0,0.0,0.0,0,0,0.0,0.0,0,0,0.0,0.0
3.47,0,0,0.0,0,0.0,0,0,0.0,0,0,0,0,0.0,0.0,0.0,0.0,6235944,0,0,0,0,0,0,0,0,0,0.0,0.0,0.0,0,0,0,0.0,0,0,0,0,0.0,0.0,0,255,0,0,0,0,0,0,0,0,0,0,0,0,0,0.0,0.0,0,0,0.0,0.0,0,0,0.0,0.0,0,0,0.0,0.0,0,0,0.0,0.0,0,0,0.0,0.0
3.487,0,0,0.0,0,0.0,0,0,0.0,0,0,0,0,0.0,0.0,0.0,0.0,6235944,0,0,0,0,0,0,0,0,0,0.0,0.0,0.0,0,0,0,0.0,0,0,0,0,0.0,0.0,0,255,0,0,0,0,0,0,0,0,0,0,0,0,0,0.0,0.0,0,0,0.0,0.0,0,0,0.0,0.0,0,0,0.0,0.0,0,0,0.0,0.0,0,0,0.0,0.0
3.505,0,0,0.0,0,0.0,0,0,0.0,0,0,0,0,0.0,0.0,0.0,0.0,6235944,0,0,0,0,0,0,0,0,0,0.0,0.0,0.0,0,0,0,0.0,0,0,0,0,0.0,0.0,0,255,0,0,0,0,0,0,0,0,0,0,0,0,0,0.0,0.0,0,0,0.0,0.0,0,0,0.0,0.0,0,0,0.0,0.0,0,0,0.0,0.0,0,0,0.0,0.0
3.522,0,0,0.0,0,0.0,0,0,0.0,0,0,0,0,0.0,0.0,0.0,0.0,6235944,0,0,0,0,0,0,0,0,0,0.0,0.0,0.0,0,0,0,0.0,0,0,0,0,0.0,0.0,0,255,0,0,0,0,0,0,0,0,0,0,0,0,0,0.0,0.0,0,0,0.0,0.0,0,0,0.0,0.0,0,0,0.0,0.0,0,0,0.0,0.0,0,0,0.0,0.0
3.54,0,0,0.0,0,0.0,0,0,0.0,0,0,0,0,0.0,0.0,0.0,0.0,6235944,0,0,0,0,0,0,0,0,0,0.0,0.0,0.0,0,0,0,0.0,0,0,0,0,0.0,0.0,0,255,0,0,0,0,0,0,0,0,0,0,0,0,0,0.0,0.0,0,0,0.0,0.0,0,0,0.0,0.0,0,0,0.0,0.0,0,0,0.0,0.0,0,0,0.0,0.0
3.557,0,0,0.0,0,0.0,0,0,0.0,0,0,0,0,0.0,0.0,0.0,0.0,6235944,0,0,0,0,0,0,0,0,0,0.0,0.0,0.0,0,0,0,0.0,0,0,0,0,0.0,0.0,0,255,0,0,0,0,0,0,0,0,0,0,0,0,0,0.0,0.0,0,0,0.0,0.0,0,0,0.0,0.0,0,0,0.0,0.0,0,0,0.0,0.0,0,0,0.0,0.0
3.574,0,0,0.0,0,0.0,0,0,0.0,0,0,0,0,0.0,0.0,0.0,0.0,6235944,0,0,0,0,0,0,0,0,0,0.0,0.0,0.0,0,0,0,0.0,0,0,0,0,0.0,0.0,0,255,0,0,0,0,0,0,0,0,0,0,0,0,0,0.0,0.0,0,0,0.0,0.0,0,0,0.0,0.0,0,0,0.0,0.0,0,0,0.0,0.0,0,0,0.0,0.0
3.591,0,0,0.0,0,0.0,0,0,0.0,0,0,0,0,0.0,0.0,0.0,0.0,6235944,0,0,0,0,0,0,0,0,0,0.0,0.0,0.0,0,0,0,0.0,0,0,0,0,0.0,0.0,0,255,0,0,0,0,0,0,0,0,0,0,0,0,0,0.0,0.0,0,0,0.0,0.0,0,0,0.0,0.0,0,0,0.0,0.0,0,0,0.0,0.0,0,0,0.0,0.0
3.609,0,0,0.0,0,0.0,0,0,0.0,0,0,0,0,0.0,0.0,0.0,0.0,6235944,0,0,0,0,0,0,0,0,0,0.0,0.0,0.0,0,0,0,0.0,0,0,0,0,0.0,0.0,0,255,0,0,0,0,0,0,0,0,0,0,0,0,0,0.0,0.0,0,0,0.0,0.0,0,0,0.0,0.0,0,0,0.0,0.0,0,0,0.0,0.0,0,0,0.0,0.0
3.626,0,0,0.0,0,0.0,0,0,0.0,0,0,0,0,0.0,0.0,0.0,0.0,6235944,0,0,0,0,0,0,0,0,0,0.0,0.0,0.0,0,0,0,0.0,0,0,0,0,0.0,0.0,0,255,0,0,0,0,0,0,0,0,0,0,0,0,0,0.0,0.0,0,0,0.0,0.0,0,0,0.0,0.0,0,0,0.0,0.0,0,0,0.0,0.0,0,0,0.0,0.0
3.643,0,0,0.0,0,0.0,0,0,0.0,0,0,0,0,0.0,0.0,0.0,0.0,6235944,0,0,0,0,0,0,0,0,0,0.0,0.0,0.0,0,0,0,0.0,0,0,0,0,0.0,0.0,0,255,0,0,0,0,0,0,0,0,0,0,0,0,0,0.0,0.0,0,0,0.0,0.0,0,0,0.0,0.0,0,0,0.0,0.0,0,0,0.0,0.0,0,0,0.0,0.0
3.661,0,0,0.0,0,0.0,0,0,0.0,0,0,0,0,0.0,0.0,0.0,0.0,6235944,0,0,0,0,0,0,0,0,0,0.0,0.0,0.0,0,0,0,0.0,0,0,0,0,0.0,0.0,0,255,0,0,0,0,0,0,0,0,0,0,0,0,0,0.0,0.0,0,0,0.0,0.0,0,0,0.0,0.0,0,0,0.0,0.0,0,0,0.0,0.0,0,0,0.0,0.0
3.678,0,0,0.0,0,0.0,0,0,0.0,0,0,0,0,0.0,0.0,0.0,0.0,6235944,0,0,0,0,0,0,0,0,0,0.0,0.0,0.0,0,0,0,0.0,0,0,0,0,0.0,0.0,0,255,0,0,0,0,0,0,0,0,0,0,0,0,0,0.0,0.0,0,0,0.0,0.0,0,0,0.0,0.0,0,0,0.0,0.0,0,0,0.0,0.0,0,0,0.0,0.0
3.695,0,0,0.0,0,0.0,0,0,0.0,0,0,0,0,0.0,0.0,0.0,0.0,6235944,0,0,0,0,0,0,0,0,0,0.0,0.0,0.0,0,0,0,0.0,0,0,0,0,0.0,0.0,0,255,0,0,0,0,0,0,0,0,0,0,0,0,0,0.0,0.0,0,0,0.0,0.0,0,0,0.0,0.0,0,0,0.0,0.0,0,0,0.0,0.0,0,0,0.0,0.0
3.712,0,0,0.0,0,0.0,0,0,0.0,0,0,0,0,0.0,0.0,0.0,0.0,6235944,0,0,0,0,0,0,0,0,0,0.0,0.0,0.0,0,0,0,0.0,0,0,0,0,0.0,0.0,0,255,0,0,0,0,0,0,0,0,0,0,0,0,0,0.0,0.0,0,0,0.0,0.0,0,0,0.0,0.0,0,0,0.0,0.0,0,0,0.0,0.0,0,0,0.0,0.0
3.73,0,0,0.0,0,0.0,0,0,0.0,0,0,0,0,0.0,0.0,0.0,0.0,6235944,0,0,0,0,0,0,0,0,0,0.0,0.0,0.0,0,0,0,0.0,0,0,0,0,0.0,0.0,0,255,0,0,0,0,0,0,0,0,0,0,0,0,0,0.0,0.0,0,0,0.0,0.0,0,0,0.0,0.0,0,0,0.0,0.0,0,0,0.0,0.0,0,0,0.0,0.0
3.747,0,0,0.0,0,0.0,0,0,0.0,0,0,0,0,0.0,0.0,0.0,0.0,6235944,0,0,0,0,0,0,0,0,0,0.0,0.0,0.0,0,0,0,0.0,0,0,0,0,0.0,0.0,0,255,0,0,0,0,0,0,0,0,0,0,0,0,0,0.0,0.0,0,0,0.0,0.0,0,0,0.0,0.0,0,0,0.0,0.0,0,0,0.0,0.0,0,0,0.0,0.0
3.765,0,0,0.0,0,0.0,0,0,0.0,0,0,0,0,0.0,0.0,0.0,0.0,6235944,0,0,0,0,0,0,0,0,0,0.0,0.0,0.0,0,0,0,0.0,0,0,0,0,0.0,0.0,0,255,0,0,0,0,0,0,0,0,0,0,0,0,0,0.0,0.0,0,0,0.0,0.0,0,0,0.0,0.0,0,0,0.0,0.0,0,0,0.0,0.0,0,0,0.0,0.0
3.782,0,0,0.0,0,0.0,0,0,0.0,0,0,0,0,0.0,0.0,0.0,0.0,6235944,0,0,0,0,0,0,0,0,0,0.0,0.0,0.0,0,0,0,0.0,0,0,0,0,0.0,0.0,0,255,0,0,0,0,0,0,0,0,0,0,0,0,0,0.0,0.0,0,0,0.0,0.0,0,0,0.0,0.0,0,0,0.0,0.0,0,0,0.0,0.0,0,0,0.0,0.0
3.8,0,0,0.0,0,0.0,0,0,0.0,0,0,0,0,0.0,0.0,0.0,0.0,6235944,0,0,0,0,0,0,0,0,0,0.0,0.0,0.0,0,0,0,0.0,0,0,0,0,0.0,0.0,0,255,0,0,0,0,0,0,0,0,0,0,0,0,0,0.0,0.0,0,0,0.0,0.0,0,0,0.0,0.0,0,0,0.0,0.0,0,0,0.0,0.0,0,0,0.0,0.0
3.817,0,0,0.0,0,0.0,0,0,0.0,0,0,0,0,0.0,0.0,0.0,0.0,6235944,0,0,0,0,0,0,0,0,0,0.0,0.0,0.0,0,0,0,0.0,0,0,0,0,0.0,0.0,0,255,0,0,0,0,0,0,0,0,0,0,0,0,0,0.0,0.0,0,0,0.0,0.0,0,0,0.0,0.0,0,0,0.0,0.0,0,0,0.0,0.0,0,0,0.0,0.0
3.834,0,0,0.0,0,0.0,0,0,0.0,0,0,0,0,0.0,0.0,0.0,0.0,6235944,0,0,0,0,0,0,0,0,0,0.0,0.0,0.0,0,0,0,0.0,0,0,0,0,0.0,0.0,0,255,0,0,0,0,0,0,0,0,0,0,0,0,0,0.0,0.0,0,0,0.0,0.0,0,0,0.0,0.0,0,0,0.0,0.0,0,0,0.0,0.0,0,0,0.0,0.0
3.852,0,0,0.0,0,0.0,0,0,0.0,0,0,0,0,0.0,0.0,0.0,0.0,6235944,0,0,0,0,0,0,0,0,0,0.0,0.0,0.0,0,0,0,0.0,0,0,0,0,0.0,0.0,0,255,0,0,0,0,0,0,0,0,0,0,0,0,0,0.0,0.0,0,0,0.0,0.0,0,0,0.0,0.0,0,0,0.0,0.0,0,0,0.0,0.0,0,0,0.0,0.0
3.869,0,0,0.0,0,0.0,0,0,0.0,0,0,0,0,0.0,0.0,0.0,0.0,6235944,0,0,0,0,0,0,0,0,0,0.0,0.0,0.0,0,0,0,0.0,0,0,0,0,0.0,0.0,0,255,0,0,0,0,0,0,0,0,0,0,0,0,0,0.0,0.0,0,0,0.0,0.0,0,0,0.0,0.0,0,0,0.0,0.0,0,0,0.0,0.0,0,0,0.0,0.0
3.886,0,0,0.0,0,0.0,0,0,0.0,0,0,0,0,0.0,0.0,0.0,0.0,6235944,0,0,0,0,0,0,0,0,0,0.0,0.0,0.0,0,0,0,0.0,0,0,0,0,0.0,0.0,0,255,0,0,0,0,0,0,0,0,0,0,0,0,0,0.0,0.0,0,0,0.0,0.0,0,0,0.0,0.0,0,0,0.0,0.0,0,0,0.0,0.0,0,0,0.0,0.0
3.904,0,0,0.0,0,0.0,0,0,0.0,0,0,0,0,0.0,0.0,0.0,0.0,6235944,0,0,0,0,0,0,0,0,0,0.0,0.0,0.0,0,0,0,0.0,0,0,0,0,0.0,0.0,0,255,0,0,0,0,0,0,0,0,0,0,0,0,0,0.0,0.0,0,0,0.0,0.0,0,0,0.0,0.0,0,0,0.0,0.0,0,0,0.0,0.0,0,0,0.0,0.0
3.921,0,0,0.0,0,0.0,0,0,0.0,0,0,0,0,0.0,0.0,0.0,0.0,6235944,0,0,0,0,0,0,0,0,0,0.0,0.0,0.0,0,0,0,0.0,0,0,0,0,0.0,0.0,0,255,0,0,0,0,0,0,0,0,0,0,0,0,0,0.0,0.0,0,0,0.0,0.0,0,0,0.0,0.0,0,0,0.0,0.0,0,0,0.0,0.0,0,0,0.0,0.0
3.938,0,0,0.0,0,0.0,0,0,0.0,0,0,0,0,0.0,0.0,0.0,0.0,6235944,0,0,0,0,0,0,0,0,0,0.0,0.0,0.0,0,0,0,0.0,0,0,0,0,0.0,0.0,0,255,0,0,0,0,0,0,0,0,0,0,0,0,0,0.0,0.0,0,0,0.0,0.0,0,0,0.0,0.0,0,0,0.0,0.0,0,0,0.0,0.0,0,0,0.0,0.0
3.955,0,0,0.0,0,0.0,0,0,0.0,0,0,0,0,0.0,0.0,0.0,0.0,6235944,0,0,0,0,0,0,0,0,0,0.0,0.0,0.0,0,0,0,0.0,0,0,0,0,0.0,0.0,0,255,0,0,0,0,0,0,0,0,0,0,0,0,0,0.0,0.0,0,0,0.0,0.0,0,0,0.0,0.0,0,0,0.0,0.0,0,0,0.0,0.0,0,0,0.0,0.0
3.973,0,0,0.0,0,0.0,0,0,0.0,0,0,0,0,0.0,0.0,0.0,0.0,6235944,0,0,0,0,0,0,0,0,0,0.0,0.0,0.0,0,0,0,0.0,0,0,0,0,0.0,0.0,0,255,0,0,0,0,0,0,0,0,0,0,0,0,0,0.0,0.0,0,0,0.0,0.0,0,0,0.0,0.0,0,0,0.0,0.0,0,0,0.0,0.0,0,0,0.0,0.0
3.99,0,0,0.0,0,0.0,0,0,0.0,0,0,0,0,0.0,0.0,0.0,0.0,6235944,0,0,0,0,0,0,0,0,0,0.0,0.0,0.0,0,0,0,0.0,0,0,0,0,0.0,0.0,0,255,0,0,0,0,0,0,0,0,0,0,0,0,0,0.0,0.0,0,0,0.0,0.0,0,0,0.0,0.0,0,0,0.0,0.0,0,0,0.0,0.0,0,0,0.0,0.0
4.007,0,0,0.0,0,0.0,0,0,0.0,0,0,0,0,0.0,0.0,0.0,0.0,6235944,0,0,0,0,0,0,0,0,0,0.0,0.0,0.0,0,0,0,0.0,0,0,0,0,0.0,0.0,0,255,0,0,0,0,0,0,0,0,0,0,0,0,0,0.0,0.0,0,0,0.0,0.0,0,0,0.0,0.0,0,0,0.0,0.0,0,0,0.0,0.0,0,0,0.0,0.0
4.025,0,0,0.0,0,0.0,0,0,0.0,0,0,0,0,0.0,0.0,0.0,0.0,6235944,0,0,0,0,0,0,0,0,0,0.0,0.0,0.0,0,0,0,0.0,0,0,0,0,0.0,0.0,0,255,0,0,0,0,0,0,0,0,0,0,0,0,0,0.0,0.0,0,0,0.0,0.0,0,0,0.0,0.0,0,0,0.0,0.0,0,0,0.0,0.0,0,0,0.0,0.0
4.042,0,0,0.0,0,0.0,0,0,0.0,0,0,0,0,0.0,0.0,0.0,0.0,6235944,0,0,0,0,0,0,0,0,0,0.0,0.0,0.0,0,0,0,0.0,0,0,0,0,0.0,0.0,0,255,0,0,0,0,0,0,0,0,0,0,0,0,0,0.0,0.0,0,0,0.0,0.0,0,0,0.0,0.0,0,0,0.0,0.0,0,0,0.0,0.0,0,0,0.0,0.0
4.059,0,0,0.0,0,0.0,0,0,0.0,0,0,0,0,0.0,0.0,0.0,0.0,6235944,0,0,0,0,0,0,0,0,0,0.0,0.0,0.0,0,0,0,0.0,0,0,0,0,0.0,0.0,0,255,0,0,0,0,0,0,0,0,0,0,0,0,0,0.0,0.0,0,0,0.0,0.0,0,0,0.0,0.0,0,0,0.0,0.0,0,0,0.0,0.0,0,0,0.0,0.0
4.077,0,0,0.0,0,0.0,0,0,0.0,0,0,0,0,0.0,0.0,0.0,0.0,6235944,0,0,0,0,0,0,0,0,0,0.0,0.0,0.0,0,0,0,0.0,0,0,0,0,0.0,0.0,0,255,0,0,0,0,0,0,0,0,0,0,0,0,0,0.0,0.0,0,0,0.0,0.0,0,0,0.0,0.0,0,0,0.0,0.0,0,0,0.0,0.0,0,0,0.0,0.0
4.094,0,0,0.0,0,0.0,0,0,0.0,0,0,0,0,0.0,0.0,0.0,0.0,6235944,0,0,0,0,0,0,0,0,0,0.0,0.0,0.0,0,0,0,0.0,0,0,0,0,0.0,0.0,0,255,0,0,0,0,0,0,0,0,0,0,0,0,0,0.0,0.0,0,0,0.0,0.0,0,0,0.0,0.0,0,0,0.0,0.0,0,0,0.0,0.0,0,0,0.0,0.0
4.111,0,0,0.0,0,0.0,0,0,0.0,0,0,0,0,0.0,0.0,0.0,0.0,6235944,0,0,0,0,0,0,0,0,0,0.0,0.0,0.0,0,0,0,0.0,0,0,0,0,0.0,0.0,0,255,0,0,0,0,0,0,0,0,0,0,0,0,0,0.0,0.0,0,0,0.0,0.0,0,0,0.0,0.0,0,0,0.0,0.0,0,0,0.0,0.0,0,0,0.0,0.0
4.128,0,0,0.0,0,0.0,0,0,0.0,0,0,0,0,0.0,0.0,0.0,0.0,6235944,0,0,0,0,0,0,0,0,0,0.0,0.0,0.0,0,0,0,0.0,0,0,0,0,0.0,0.0,0,255,0,0,0,0,0,0,0,0,0,0,0,0,0,0.0,0.0,0,0,0.0,0.0,0,0,0.0,0.0,0,0,0.0,0.0,0,0,0.0,0.0,0,0,0.0,0.0
4.145,0,0,0.0,0,0.0,0,0,0.0,0,0,0,0,0.0,0.0,0.0,0.0,6235944,0,0,0,0,0,0,0,0,0,0.0,0.0,0.0,0,0,0,0.0,0,0,0,0,0.0,0.0,0,255,0,0,0,0,0,0,0,0,0,0,0,0,0,0.0,0.0,0,0,0.0,0.0,0,0,0.0,0.0,0,0,0.0,0.0,0,0,0.0,0.0,0,0,0.0,0.0
4.163,0,0,0.0,0,0.0,0,0,0.0,0,0,0,0,0.0,0.0,0.0,0.0,6235944,0,0,0,0,0,0,0,0,0,0.0,0.0,0.0,0,0,0,0.0,0,0,0,0,0.0,0.0,0,255,0,0,0,0,0,0,0,0,0,0,0,0,0,0.0,0.0,0,0,0.0,0.0,0,0,0.0,0.0,0,0,0.0,0.0,0,0,0.0,0.0,0,0,0.0,0.0
4.18,0,0,0.0,0,0.0,0,0,0.0,0,0,0,0,0.0,0.0,0.0,0.0,6235944,0,0,0,0,0,0,0,0,0,0.0,0.0,0.0,0,0,0,0.0,0,0,0,0,0.0,0.0,0,255,0,0,0,0,0,0,0,0,0,0,0,0,0,0.0,0.0,0,0,0.0,0.0,0,0,0.0,0.0,0,0,0.0,0.0,0,0,0.0,0.0,0,0,0.0,0.0
4.197,0,0,0.0,0,0.0,0,0,0.0,0,0,0,0,0.0,0.0,0.0,0.0,6235944,0,0,0,0,0,0,0,0,0,0.0,0.0,0.0,0,0,0,0.0,0,0,0,0,0.0,0.0,0,255,0,0,0,0,0,0,0,0,0,0,0,0,0,0.0,0.0,0,0,0.0,0.0,0,0,0.0,0.0,0,0,0.0,0.0,0,0,0.0,0.0,0,0,0.0,0.0
4.214,0,0,0.0,0,0.0,0,0,0.0,0,0,0,0,0.0,0.0,0.0,0.0,6235944,0,0,0,0,0,0,0,0,0,0.0,0.0,0.0,0,0,0,0.0,0,0,0,0,0.0,0.0,0,255,0,0,0,0,0,0,0,0,0,0,0,0,0,0.0,0.0,0,0,0.0,0.0,0,0,0.0,0.0,0,0,0.0,0.0,0,0,0.0,0.0,0,0,0.0,0.0
4.232,0,0,0.0,0,0.0,0,0,0.0,0,0,0,0,0.0,0.0,0.0,0.0,6235944,0,0,0,0,0,0,0,0,0,0.0,0.0,0.0,0,0,0,0.0,0,0,0,0,0.0,0.0,0,255,0,0,0,0,0,0,0,0,0,0,0,0,0,0.0,0.0,0,0,0.0,0.0,0,0,0.0,0.0,0,0,0.0,0.0,0,0,0.0,0.0,0,0,0.0,0.0
4.249,0,0,0.0,0,0.0,0,0,0.0,0,0,0,0,0.0,0.0,0.0,0.0,6235944,0,0,0,0,0,0,0,0,0,0.0,0.0,0.0,0,0,0,0.0,0,0,0,0,0.0,0.0,0,255,0,0,0,0,0,0,0,0,0,0,0,0,0,0.0,0.0,0,0,0.0,0.0,0,0,0.0,0.0,0,0,0.0,0.0,0,0,0.0,0.0,0,0,0.0,0.0
4.267,0,0,0.0,0,0.0,0,0,0.0,0,0,0,0,0.0,0.0,0.0,0.0,6235944,0,0,0,0,0,0,0,0,0,0.0,0.0,0.0,0,0,0,0.0,0,0,0,0,0.0,0.0,0,255,0,0,0,0,0,0,0,0,0,0,0,0,0,0.0,0.0,0,0,0.0,0.0,0,0,0.0,0.0,0,0,0.0,0.0,0,0,0.0,0.0,0,0,0.0,0.0
4.284,0,0,0.0,0,0.0,0,0,0.0,0,0,0,0,0.0,0.0,0.0,0.0,6235944,0,0,0,0,0,0,0,0,0,0.0,0.0,0.0,0,0,0,0.0,0,0,0,0,0.0,0.0,0,255,0,0,0,0,0,0,0,0,0,0,0,0,0,0.0,0.0,0,0,0.0,0.0,0,0,0.0,0.0,0,0,0.0,0.0,0,0,0.0,0.0,0,0,0.0,0.0
4.301,0,0,0.0,0,0.0,0,0,0.0,0,0,0,0,0.0,0.0,0.0,0.0,6235944,0,0,0,0,0,0,0,0,0,0.0,0.0,0.0,0,0,0,0.0,0,0,0,0,0.0,0.0,0,255,0,0,0,0,0,0,0,0,0,0,0,0,0,0.0,0.0,0,0,0.0,0.0,0,0,0.0,0.0,0,0,0.0,0.0,0,0,0.0,0.0,0,0,0.0,0.0
4.319,0,0,0.0,0,0.0,0,0,0.0,0,0,0,0,0.0,0.0,0.0,0.0,6235944,0,0,0,0,0,0,0,0,0,0.0,0.0,0.0,0,0,0,0.0,0,0,0,0,0.0,0.0,0,255,0,0,0,0,0,0,0,0,0,0,0,0,0,0.0,0.0,0,0,0.0,0.0,0,0,0.0,0.0,0,0,0.0,0.0,0,0,0.0,0.0,0,0,0.0,0.0
4.336,0,0,0.0,0,0.0,0,0,0.0,0,0,0,0,0.0,0.0,0.0,0.0,6235944,0,0,0,0,0,0,0,0,0,0.0,0.0,0.0,0,0,0,0.0,0,0,0,0,0.0,0.0,0,255,0,0,0,0,0,0,0,0,0,0,0,0,0,0.0,0.0,0,0,0.0,0.0,0,0,0.0,0.0,0,0,0.0,0.0,0,0,0.0,0.0,0,0,0.0,0.0
4.354,0,0,0.0,0,0.0,0,0,0.0,0,0,0,0,0.0,0.0,0.0,0.0,6235944,0,0,0,0,0,0,0,0,0,0.0,0.0,0.0,0,0,0,0.0,0,0,0,0,0.0,0.0,0,255,0,0,0,0,0,0,0,0,0,0,0,0,0,0.0,0.0,0,0,0.0,0.0,0,0,0.0,0.0,0,0,0.0,0.0,0,0,0.0,0.0,0,0,0.0,0.0
4.371,0,0,0.0,0,0.0,0,0,0.0,0,0,0,0,0.0,0.0,0.0,0.0,6235944,0,0,0,0,0,0,0,0,0,0.0,0.0,0.0,0,0,0,0.0,0,0,0,0,0.0,0.0,0,255,0,0,0,0,0,0,0,0,0,0,0,0,0,0.0,0.0,0,0,0.0,0.0,0,0,0.0,0.0,0,0,0.0,0.0,0,0,0.0,0.0,0,0,0.0,0.0
4.388,0,0,0.0,0,0.0,0,0,0.0,0,0,0,0,0.0,0.0,0.0,0.0,6235944,0,0,0,0,0,0,0,0,0,0.0,0.0,0.0,0,0,0,0.0,0,0,0,0,0.0,0.0,0,255,0,0,0,0,0,0,0,0,0,0,0,0,0,0.0,0.0,0,0,0.0,0.0,0,0,0.0,0.0,0,0,0.0,0.0,0,0,0.0,0.0,0,0,0.0,0.0
4.406,0,0,0.0,0,0.0,0,0,0.0,0,0,0,0,0.0,0.0,0.0,0.0,6235944,0,0,0,0,0,0,0,0,0,0.0,0.0,0.0,0,0,0,0.0,0,0,0,0,0.0,0.0,0,255,0,0,0,0,0,0,0,0,0,0,0,0,0,0.0,0.0,0,0,0.0,0.0,0,0,0.0,0.0,0,0,0.0,0.0,0,0,0.0,0.0,0,0,0.0,0.0
4.423,0,0,0.0,0,0.0,0,0,0.0,0,0,0,0,0.0,0.0,0.0,0.0,6235944,0,0,0,0,0,0,0,0,0,0.0,0.0,0.0,0,0,0,0.0,0,0,0,0,0.0,0.0,0,255,0,0,0,0,0,0,0,0,0,0,0,0,0,0.0,0.0,0,0,0.0,0.0,0,0,0.0,0.0,0,0,0.0,0.0,0,0,0.0,0.0,0,0,0.0,0.0
4.441,0,0,0.0,0,0.0,0,0,0.0,0,0,0,0,0.0,0.0,0.0,0.0,6235944,0,0,0,0,0,0,0,0,0,0.0,0.0,0.0,0,0,0,0.0,0,0,0,0,0.0,0.0,0,255,0,0,0,0,0,0,0,0,0,0,0,0,0,0.0,0.0,0,0,0.0,0.0,0,0,0.0,0.0,0,0,0.0,0.0,0,0,0.0,0.0,0,0,0.0,0.0
4.458,0,0,0.0,0,0.0,0,0,0.0,0,0,0,0,0.0,0.0,0.0,0.0,6235944,0,0,0,0,0,0,0,0,0,0.0,0.0,0.0,0,0,0,0.0,0,0,0,0,0.0,0.0,0,255,0,0,0,0,0,0,0,0,0,0,0,0,0,0.0,0.0,0,0,0.0,0.0,0,0,0.0,0.0,0,0,0.0,0.0,0,0,0.0,0.0,0,0,0.0,0.0
4.475,0,0,0.0,0,0.0,0,0,0.0,0,0,0,0,0.0,0.0,0.0,0.0,6235944,0,0,0,0,0,0,0,0,0,0.0,0.0,0.0,0,0,0,0.0,0,0,0,0,0.0,0.0,0,255,0,0,0,0,0,0,0,0,0,0,0,0,0,0.0,0.0,0,0,0.0,0.0,0,0,0.0,0.0,0,0,0.0,0.0,0,0,0.0,0.0,0,0,0.0,0.0
4.492,0,0,0.0,0,0.0,0,0,0.0,0,0,0,0,0.0,0.0,0.0,0.0,6235944,0,0,0,0,0,0,0,0,0,0.0,0.0,0.0,0,0,0,0.0,0,0,0,0,0.0,0.0,0,255,0,0,0,0,0,0,0,0,0,0,0,0,0,0.0,0.0,0,0,0.0,0.0,0,0,0.0,0.0,0,0,0.0,0.0,0,0,0.0,0.0,0,0,0.0,0.0
4.51,0,0,0.0,0,0.0,0,0,0.0,0,0,0,0,0.0,0.0,0.0,0.0,6235944,0,0,0,0,0,0,0,0,0,0.0,0.0,0.0,0,0,0,0.0,0,0,0,0,0.0,0.0,0,255,0,0,0,0,0,0,0,0,0,0,0,0,0,0.0,0.0,0,0,0.0,0.0,0,0,0.0,0.0,0,0,0.0,0.0,0,0,0.0,0.0,0,0,0.0,0.0
4.527,0,0,0.0,0,0.0,0,0,0.0,0,0,0,0,0.0,0.0,0.0,0.0,6235944,0,0,0,0,0,0,0,0,0,0.0,0.0,0.0,0,0,0,0.0,0,0,0,0,0.0,0.0,0,255,0,0,0,0,0,0,0,0,0,0,0,0,0,0.0,0.0,0,0,0.0,0.0,0,0,0.0,0.0,0,0,0.0,0.0,0,0,0.0,0.0,0,0,0.0,0.0
4.545,0,0,0.0,0,0.0,0,0,0.0,0,0,0,0,0.0,0.0,0.0,0.0,6235944,0,0,0,0,0,0,0,0,0,0.0,0.0,0.0,0,0,0,0.0,0,0,0,0,0.0,0.0,0,255,0,0,0,0,0,0,0,0,0,0,0,0,0,0.0,0.0,0,0,0.0,0.0,0,0,0.0,0.0,0,0,0.0,0.0,0,0,0.0,0.0,0,0,0.0,0.0
4.562,0,0,0.0,0,0.0,0,0,0.0,0,0,0,0,0.0,0.0,0.0,0.0,6235944,0,0,0,0,0,0,0,0,0,0.0,0.0,0.0,0,0,0,0.0,0,0,0,0,0.0,0.0,0,255,0,0,0,0,0,0,0,0,0,0,0,0,0,0.0,0.0,0,0,0.0,0.0,0,0,0.0,0.0,0,0,0.0,0.0,0,0,0.0,0.0,0,0,0.0,0.0
4.579,0,0,0.0,0,0.0,0,0,0.0,0,0,0,0,0.0,0.0,0.0,0.0,6235944,0,0,0,0,0,0,0,0,0,0.0,0.0,0.0,0,0,0,0.0,0,0,0,0,0.0,0.0,0,255,0,0,0,0,0,0,0,0,0,0,0,0,0,0.0,0.0,0,0,0.0,0.0,0,0,0.0,0.0,0,0,0.0,0.0,0,0,0.0,0.0,0,0,0.0,0.0
4.596,0,0,0.0,0,0.0,0,0,0.0,0,0,0,0,0.0,0.0,0.0,0.0,6235944,0,0,0,0,0,0,0,0,0,0.0,0.0,0.0,0,0,0,0.0,0,0,0,0,0.0,0.0,0,255,0,0,0,0,0,0,0,0,0,0,0,0,0,0.0,0.0,0,0,0.0,0.0,0,0,0.0,0.0,0,0,0.0,0.0,0,0,0.0,0.0,0,0,0.0,0.0
4.614,0,0,0.0,0,0.0,0,0,0.0,0,0,0,0,0.0,0.0,0.0,0.0,6235944,0,0,0,0,0,0,0,0,0,0.0,0.0,0.0,0,0,0,0.0,0,0,0,0,0.0,0.0,0,255,0,0,0,0,0,0,0,0,0,0,0,0,0,0.0,0.0,0,0,0.0,0.0,0,0,0.0,0.0,0,0,0.0,0.0,0,0,0.0,0.0,0,0,0.0,0.0
4.631,0,0,0.0,0,0.0,0,0,0.0,0,0,0,0,0.0,0.0,0.0,0.0,6235944,0,0,0,0,0,0,0,0,0,0.0,0.0,0.0,0,0,0,0.0,0,0,0,0,0.0,0.0,0,255,0,0,0,0,0,0,0,0,0,0,0,0,0,0.0,0.0,0,0,0.0,0.0,0,0,0.0,0.0,0,0,0.0,0.0,0,0,0.0,0.0,0,0,0.0,0.0
4.649,0,0,0.0,0,0.0,0,0,0.0,0,0,0,0,0.0,0.0,0.0,0.0,6235944,0,0,0,0,0,0,0,0,0,0.0,0.0,0.0,0,0,0,0.0,0,0,0,0,0.0,0.0,0,255,0,0,0,0,0,0,0,0,0,0,0,0,0,0.0,0.0,0,0,0.0,0.0,0,0,0.0,0.0,0,0,0.0,0.0,0,0,0.0,0.0,0,0,0.0,0.0
4.666,0,0,0.0,0,0.0,0,0,0.0,0,0,0,0,0.0,0.0,0.0,0.0,6235944,0,0,0,0,0,0,0,0,0,0.0,0.0,0.0,0,0,0,0.0,0,0,0,0,0.0,0.0,0,255,0,0,0,0,0,0,0,0,0,0,0,0,0,0.0,0.0,0,0,0.0,0.0,0,0,0.0,0.0,0,0,0.0,0.0,0,0,0.0,0.0,0,0,0.0,0.0
4.684,0,0,0.0,0,0.0,0,0,0.0,0,0,0,0,0.0,0.0,0.0,0.0,6235944,0,0,0,0,0,0,0,0,0,0.0,0.0,0.0,0,0,0,0.0,0,0,0,0,0.0,0.0,0,255,0,0,0,0,0,0,0,0,0,0,0,0,0,0.0,0.0,0,0,0.0,0.0,0,0,0.0,0.0,0,0,0.0,0.0,0,0,0.0,0.0,0,0,0.0,0.0
4.701,0,0,0.0,0,0.0,0,0,0.0,0,0,0,0,0.0,0.0,0.0,0.0,6235944,0,0,0,0,0,0,0,0,0,0.0,0.0,0.0,0,0,0,0.0,0,0,0,0,0.0,0.0,0,255,0,0,0,0,0,0,0,0,0,0,0,0,0,0.0,0.0,0,0,0.0,0.0,0,0,0.0,0.0,0,0,0.0,0.0,0,0,0.0,0.0,0,0,0.0,0.0
4.719,0,0,0.0,0,0.0,0,0,0.0,0,0,0,0,0.0,0.0,0.0,0.0,6235944,0,0,0,0,0,0,0,0,0,0.0,0.0,0.0,0,0,0,0.0,0,0,0,0,0.0,0.0,0,255,0,0,0,0,0,0,0,0,0,0,0,0,0,0.0,0.0,0,0,0.0,0.0,0,0,0.0,0.0,0,0,0.0,0.0,0,0,0.0,0.0,0,0,0.0,0.0
4.736,0,0,0.0,0,0.0,0,0,0.0,0,0,0,0,0.0,0.0,0.0,0.0,6235944,0,0,0,0,0,0,0,0,0,0.0,0.0,0.0,0,0,0,0.0,0,0,0,0,0.0,0.0,0,255,0,0,0,0,0,0,0,0,0,0,0,0,0,0.0,0.0,0,0,0.0,0.0,0,0,0.0,0.0,0,0,0.0,0.0,0,0,0.0,0.0,0,0,0.0,0.0
4.754,0,0,0.0,0,0.0,0,0,0.0,0,0,0,0,0.0,0.0,0.0,0.0,6235944,0,0,0,0,0,0,0,0,0,0.0,0.0,0.0,0,0,0,0.0,0,0,0,0,0.0,0.0,0,255,0,0,0,0,0,0,0,0,0,0,0,0,0,0.0,0.0,0,0,0.0,0.0,0,0,0.0,0.0,0,0,0.0,0.0,0,0,0.0,0.0,0,0,0.0,0.0
4.772,0,0,0.0,0,0.0,0,0,0.0,0,0,0,0,0.0,0.0,0.0,0.0,6235944,0,0,0,0,0,0,0,0,0,0.0,0.0,0.0,0,0,0,0.0,0,0,0,0,0.0,0.0,0,255,0,0,0,0,0,0,0,0,0,0,0,0,0,0.0,0.0,0,0,0.0,0.0,0,0,0.0,0.0,0,0,0.0,0.0,0,0,0.0,0.0,0,0,0.0,0.0
4.789,0,0,0.0,0,0.0,0,0,0.0,0,0,0,0,0.0,0.0,0.0,0.0,6235944,0,0,0,0,0,0,0,0,0,0.0,0.0,0.0,0,0,0,0.0,0,0,0,0,0.0,0.0,0,255,0,0,0,0,0,0,0,0,0,0,0,0,0,0.0,0.0,0,0,0.0,0.0,0,0,0.0,0.0,0,0,0.0,0.0,0,0,0.0,0.0,0,0,0.0,0.0
4.806,0,0,0.0,0,0.0,0,0,0.0,0,0,0,0,0.0,0.0,0.0,0.0,6235944,0,0,0,0,0,0,0,0,0,0.0,0.0,0.0,0,0,0,0.0,0,0,0,0,0.0,0.0,0,255,0,0,0,0,0,0,0,0,0,0,0,0,0,0.0,0.0,0,0,0.0,0.0,0,0,0.0,0.0,0,0,0.0,0.0,0,0,0.0,0.0,0,0,0.0,0.0
4.824,0,0,0.0,0,0.0,0,0,0.0,0,0,0,0,0.0,0.0,0.0,0.0,6235944,0,0,0,0,0,0,0,0,0,0.0,0.0,0.0,0,0,0,0.0,0,0,0,0,0.0,0.0,0,255,0,0,0,0,0,0,0,0,0,0,0,0,0,0.0,0.0,0,0,0.0,0.0,0,0,0.0,0.0,0,0,0.0,0.0,0,0,0.0,0.0,0,0,0.0,0.0
4.841,0,0,0.0,0,0.0,0,0,0.0,0,0,0,0,0.0,0.0,0.0,0.0,6235944,0,0,0,0,0,0,0,0,0,0.0,0.0,0.0,0,0,0,0.0,0,0,0,0,0.0,0.0,0,255,0,0,0,0,0,0,0,0,0,0,0,0,0,0.0,0.0,0,0,0.0,0.0,0,0,0.0,0.0,0,0,0.0,0.0,0,0,0.0,0.0,0,0,0.0,0.0
4.859,0,0,0.0,0,0.0,0,0,0.0,0,0,0,0,0.0,0.0,0.0,0.0,6235944,0,0,0,0,0,0,0,0,0,0.0,0.0,0.0,0,0,0,0.0,0,0,0,0,0.0,0.0,0,255,0,0,0,0,0,0,0,0,0,0,0,0,0,0.0,0.0,0,0,0.0,0.0,0,0,0.0,0.0,0,0,0.0,0.0,0,0,0.0,0.0,0,0,0.0,0.0
4.876,0,0,0.0,0,0.0,0,0,0.0,0,0,0,0,0.0,0.0,0.0,0.0,6235944,0,0,0,0,0,0,0,0,0,0.0,0.0,0.0,0,0,0,0.0,0,0,0,0,0.0,0.0,0,255,0,0,0,0,0,0,0,0,0,0,0,0,0,0.0,0.0,0,0,0.0,0.0,0,0,0.0,0.0,0,0,0.0,0.0,0,0,0.0,0.0,0,0,0.0,0.0
4.894,0,0,0.0,0,0.0,0,0,0.0,0,0,0,0,0.0,0.0,0.0,0.0,6235944,0,0,0,0,0,0,0,0,0,0.0,0.0,0.0,0,0,0,0.0,0,0,0,0,0.0,0.0,0,255,0,0,0,0,0,0,0,0,0,0,0,0,0,0.0,0.0,0,0,0.0,0.0,0,0,0.0,0.0,0,0,0.0,0.0,0,0,0.0,0.0,0,0,0.0,0.0
4.911,0,0,0.0,0,0.0,0,0,0.0,0,0,0,0,0.0,0.0,0.0,0.0,6235944,0,0,0,0,0,0,0,0,0,0.0,0.0,0.0,0,0,0,0.0,0,0,0,0,0.0,0.0,0,255,0,0,0,0,0,0,0,0,0,0,0,0,0,0.0,0.0,0,0,0.0,0.0,0,0,0.0,0.0,0,0,0.0,0.0,0,0,0.0,0.0,0,0,0.0,0.0
4.928,0,0,0.0,0,0.0,0,0,0.0,0,0,0,0,0.0,0.0,0.0,0.0,6235944,0,0,0,0,0,0,0,0,0,0.0,0.0,0.0,0,0,0,0.0,0,0,0,0,0.0,0.0,0,255,0,0,0,0,0,0,0,0,0,0,0,0,0,0.0,0.0,0,0,0.0,0.0,0,0,0.0,0.0,0,0,0.0,0.0,0,0,0.0,0.0,0,0,0.0,0.0
4.945,0,0,0.0,0,0.0,0,0,0.0,0,0,0,0,0.0,0.0,0.0,0.0,6235944,0,0,0,0,0,0,0,0,0,0.0,0.0,0.0,0,0,0,0.0,0,0,0,0,0.0,0.0,0,255,0,0,0,0,0,0,0,0,0,0,0,0,0,0.0,0.0,0,0,0.0,0.0,0,0,0.0,0.0,0,0,0.0,0.0,0,0,0.0,0.0,0,0,0.0,0.0
4.963,0,0,0.0,0,0.0,0,0,0.0,0,0,0,0,0.0,0.0,0.0,0.0,6235944,0,0,0,0,0,0,0,0,0,0.0,0.0,0.0,0,0,0,0.0,0,0,0,0,0.0,0.0,0,255,0,0,0,0,0,0,0,0,0,0,0,0,0,0.0,0.0,0,0,0.0,0.0,0,0,0.0,0.0,0,0,0.0,0.0,0,0,0.0,0.0,0,0,0.0,0.0
4.98,0,0,0.0,0,0.0,0,0,0.0,0,0,0,0,0.0,0.0,0.0,0.0,6235944,0,0,0,0,0,0,0,0,0,0.0,0.0,0.0,0,0,0,0.0,0,0,0,0,0.0,0.0,0,255,0,0,0,0,0,0,0,0,0,0,0,0,0,0.0,0.0,0,0,0.0,0.0,0,0,0.0,0.0,0,0,0.0,0.0,0,0,0.0,0.0,0,0,0.0,0.0
4.997,0,0,0.0,0,0.0,0,0,0.0,0,0,0,0,0.0,0.0,0.0,0.0,6235944,0,0,0,0,0,0,0,0,0,0.0,0.0,0.0,0,0,0,0.0,0,0,0,0,0.0,0.0,0,255,0,0,0,0,0,0,0,0,0,0,0,0,0,0.0,0.0,0,0,0.0,0.0,0,0,0.0,0.0,0,0,0.0,0.0,0,0,0.0,0.0,0,0,0.0,0.0
5.014,0,0,0.0,0,0.0,0,0,0.0,0,0,0,0,0.0,0.0,0.0,0.0,6235944,0,0,0,0,0,0,0,0,0,0.0,0.0,0.0,0,0,0,0.0,0,0,0,0,0.0,0.0,0,255,0,0,0,0,0,0,0,0,0,0,0,0,0,0.0,0.0,0,0,0.0,0.0,0,0,0.0,0.0,0,0,0.0,0.0,0,0,0.0,0.0,0,0,0.0,0.0
5.032,0,0,0.0,0,0.0,0,0,0.0,0,0,0,0,0.0,0.0,0.0,0.0,6235944,0,0,0,0,0,0,0,0,0,0.0,0.0,0.0,0,0,0,0.0,0,0,0,0,0.0,0.0,0,255,0,0,0,0,0,0,0,0,0,0,0,0,0,0.0,0.0,0,0,0.0,0.0,0,0,0.0,0.0,0,0,0.0,0.0,0,0,0.0,0.0,0,0,0.0,0.0
5.049,0,0,0.0,0,0.0,0,0,0.0,0,0,0,0,0.0,0.0,0.0,0.0,6235944,0,0,0,0,0,0,0,0,0,0.0,0.0,0.0,0,0,0,0.0,0,0,0,0,0.0,0.0,0,255,0,0,0,0,0,0,0,0,0,0,0,0,0,0.0,0.0,0,0,0.0,0.0,0,0,0.0,0.0,0,0,0.0,0.0,0,0,0.0,0.0,0,0,0.0,0.0
5.066,0,0,0.0,0,0.0,0,0,0.0,0,0,0,0,0.0,0.0,0.0,0.0,6235944,0,0,0,0,0,0,0,0,0,0.0,0.0,0.0,0,0,0,0.0,0,0,0,0,0.0,0.0,0,255,0,0,0,0,0,0,0,0,0,0,0,0,0,0.0,0.0,0,0,0.0,0.0,0,0,0.0,0.0,0,0,0.0,0.0,0,0,0.0,0.0,0,0,0.0,0.0
5.083,0,0,0.0,0,0.0,0,0,0.0,0,0,0,0,0.0,0.0,0.0,0.0,6235944,0,0,0,0,0,0,0,0,0,0.0,0.0,0.0,0,0,0,0.0,0,0,0,0,0.0,0.0,0,255,0,0,0,0,0,0,0,0,0,0,0,0,0,0.0,0.0,0,0,0.0,0.0,0,0,0.0,0.0,0,0,0.0,0.0,0,0,0.0,0.0,0,0,0.0,0.0
5.101,0,0,0.0,0,0.0,0,0,0.0,0,0,0,0,0.0,0.0,0.0,0.0,6235944,0,0,0,0,0,0,0,0,0,0.0,0.0,0.0,0,0,0,0.0,0,0,0,0,0.0,0.0,0,255,0,0,0,0,0,0,0,0,0,0,0,0,0,0.0,0.0,0,0,0.0,0.0,0,0,0.0,0.0,0,0,0.0,0.0,0,0,0.0,0.0,0,0,0.0,0.0
5.118,0,0,0.0,0,0.0,0,0,0.0,0,0,0,0,0.0,0.0,0.0,0.0,6235944,0,0,0,0,0,0,0,0,0,0.0,0.0,0.0,0,0,0,0.0,0,0,0,0,0.0,0.0,0,255,0,0,0,0,0,0,0,0,0,0,0,0,0,0.0,0.0,0,0,0.0,0.0,0,0,0.0,0.0,0,0,0.0,0.0,0,0,0.0,0.0,0,0,0.0,0.0
5.135,0,0,0.0,0,0.0,0,0,0.0,0,0,0,0,0.0,0.0,0.0,0.0,6235944,0,0,0,0,0,0,0,0,0,0.0,0.0,0.0,0,0,0,0.0,0,0,0,0,0.0,0.0,0,255,0,0,0,0,0,0,0,0,0,0,0,0,0,0.0,0.0,0,0,0.0,0.0,0,0,0.0,0.0,0,0,0.0,0.0,0,0,0.0,0.0,0,0,0.0,0.0
5.152,0,0,0.0,0,0.0,0,0,0.0,0,0,0,0,0.0,0.0,0.0,0.0,6235944,0,0,0,0,0,0,0,0,0,0.0,0.0,0.0,0,0,0,0.0,0,0,0,0,0.0,0.0,0,255,0,0,0,0,0,0,0,0,0,0,0,0,0,0.0,0.0,0,0,0.0,0.0,0,0,0.0,0.0,0,0,0.0,0.0,0,0,0.0,0.0,0,0,0.0,0.0
5.17,0,0,0.0,0,0.0,0,0,0.0,0,0,0,0,0.0,0.0,0.0,0.0,6235944,0,0,0,0,0,0,0,0,0,0.0,0.0,0.0,0,0,0,0.0,0,0,0,0,0.0,0.0,0,255,0,0,0,0,0,0,0,0,0,0,0,0,0,0.0,0.0,0,0,0.0,0.0,0,0,0.0,0.0,0,0,0.0,0.0,0,0,0.0,0.0,0,0,0.0,0.0
5.187,0,0,0.0,0,0.0,0,0,0.0,0,0,0,0,0.0,0.0,0.0,0.0,6235944,0,0,0,0,0,0,0,0,0,0.0,0.0,0.0,0,0,0,0.0,0,0,0,0,0.0,0.0,0,255,0,0,0,0,0,0,0,0,0,0,0,0,0,0.0,0.0,0,0,0.0,0.0,0,0,0.0,0.0,0,0,0.0,0.0,0,0,0.0,0.0,0,0,0.0,0.0
5.204,0,0,0.0,0,0.0,0,0,0.0,0,0,0,0,0.0,0.0,0.0,0.0,6235944,0,0,0,0,0,0,0,0,0,0.0,0.0,0.0,0,0,0,0.0,0,0,0,0,0.0,0.0,0,255,0,0,0,0,0,0,0,0,0,0,0,0,0,0.0,0.0,0,0,0.0,0.0,0,0,0.0,0.0,0,0,0.0,0.0,0,0,0.0,0.0,0,0,0.0,0.0
5.221,0,0,0.0,0,0.0,0,0,0.0,0,0,0,0,0.0,0.0,0.0,0.0,6235944,0,0,0,0,0,0,0,0,0,0.0,0.0,0.0,0,0,0,0.0,0,0,0,0,0.0,0.0,0,255,0,0,0,0,0,0,0,0,0,0,0,0,0,0.0,0.0,0,0,0.0,0.0,0,0,0.0,0.0,0,0,0.0,0.0,0,0,0.0,0.0,0,0,0.0,0.0
5.238,0,0,0.0,0,0.0,0,0,0.0,0,0,0,0,0.0,0.0,0.0,0.0,6235944,0,0,0,0,0,0,0,0,0,0.0,0.0,0.0,0,0,0,0.0,0,0,0,0,0.0,0.0,0,255,0,0,0,0,0,0,0,0,0,0,0,0,0,0.0,0.0,0,0,0.0,0.0,0,0,0.0,0.0,0,0,0.0,0.0,0,0,0.0,0.0,0,0,0.0,0.0
5.256,0,0,0.0,0,0.0,0,0,0.0,0,0,0,0,0.0,0.0,0.0,0.0,6235944,0,0,0,0,0,0,0,0,0,0.0,0.0,0.0,0,0,0,0.0,0,0,0,0,0.0,0.0,0,255,0,0,0,0,0,0,0,0,0,0,0,0,0,0.0,0.0,0,0,0.0,0.0,0,0,0.0,0.0,0,0,0.0,0.0,0,0,0.0,0.0,0,0,0.0,0.0
5.273,0,0,0.0,0,0.0,0,0,0.0,0,0,0,0,0.0,0.0,0.0,0.0,6235944,0,0,0,0,0,0,0,0,0,0.0,0.0,0.0,0,0,0,0.0,0,0,0,0,0.0,0.0,0,255,0,0,0,0,0,0,0,0,0,0,0,0,0,0.0,0.0,0,0,0.0,0.0,0,0,0.0,0.0,0,0,0.0,0.0,0,0,0.0,0.0,0,0,0.0,0.0
5.29,0,0,0.0,0,0.0,0,0,0.0,0,0,0,0,0.0,0.0,0.0,0.0,6235944,0,0,0,0,0,0,0,0,0,0.0,0.0,0.0,0,0,0,0.0,0,0,0,0,0.0,0.0,0,255,0,0,0,0,0,0,0,0,0,0,0,0,0,0.0,0.0,0,0,0.0,0.0,0,0,0.0,0.0,0,0,0.0,0.0,0,0,0.0,0.0,0,0,0.0,0.0
5.307,0,0,0.0,0,0.0,0,0,0.0,0,0,0,0,0.0,0.0,0.0,0.0,6235944,0,0,0,0,0,0,0,0,0,0.0,0.0,0.0,0,0,0,0.0,0,0,0,0,0.0,0.0,0,255,0,0,0,0,0,0,0,0,0,0,0,0,0,0.0,0.0,0,0,0.0,0.0,0,0,0.0,0.0,0,0,0.0,0.0,0,0,0.0,0.0,0,0,0.0,0.0
5.325,0,0,0.0,0,0.0,0,0,0.0,0,0,0,0,0.0,0.0,0.0,0.0,6235944,0,0,0,0,0,0,0,0,0,0.0,0.0,0.0,0,0,0,0.0,0,0,0,0,0.0,0.0,0,255,0,0,0,0,0,0,0,0,0,0,0,0,0,0.0,0.0,0,0,0.0,0.0,0,0,0.0,0.0,0,0,0.0,0.0,0,0,0.0,0.0,0,0,0.0,0.0
5.342,0,0,0.0,0,0.0,0,0,0.0,0,0,0,0,0.0,0.0,0.0,0.0,6235944,0,0,0,0,0,0,0,0,0,0.0,0.0,0.0,0,0,0,0.0,0,0,0,0,0.0,0.0,0,255,0,0,0,0,0,0,0,0,0,0,0,0,0,0.0,0.0,0,0,0.0,0.0,0,0,0.0,0.0,0,0,0.0,0.0,0,0,0.0,0.0,0,0,0.0,0.0
5.359,0,0,0.0,0,0.0,0,0,0.0,0,0,0,0,0.0,0.0,0.0,0.0,6235944,0,0,0,0,0,0,0,0,0,0.0,0.0,0.0,0,0,0,0.0,0,0,0,0,0.0,0.0,0,255,0,0,0,0,0,0,0,0,0,0,0,0,0,0.0,0.0,0,0,0.0,0.0,0,0,0.0,0.0,0,0,0.0,0.0,0,0,0.0,0.0,0,0,0.0,0.0
5.376,0,0,0.0,0,0.0,0,0,0.0,0,0,0,0,0.0,0.0,0.0,0.0,6235944,0,0,0,0,0,0,0,0,0,0.0,0.0,0.0,0,0,0,0.0,0,0,0,0,0.0,0.0,0,255,0,0,0,0,0,0,0,0,0,0,0,0,0,0.0,0.0,0,0,0.0,0.0,0,0,0.0,0.0,0,0,0.0,0.0,0,0,0.0,0.0,0,0,0.0,0.0
5.394,0,0,0.0,0,0.0,0,0,0.0,0,0,0,0,0.0,0.0,0.0,0.0,6235944,0,0,0,0,0,0,0,0,0,0.0,0.0,0.0,0,0,0,0.0,0,0,0,0,0.0,0.0,0,255,0,0,0,0,0,0,0,0,0,0,0,0,0,0.0,0.0,0,0,0.0,0.0,0,0,0.0,0.0,0,0,0.0,0.0,0,0,0.0,0.0,0,0,0.0,0.0
5.411,0,0,0.0,0,0.0,0,0,0.0,0,0,0,0,0.0,0.0,0.0,0.0,6235944,0,0,0,0,0,0,0,0,0,0.0,0.0,0.0,0,0,0,0.0,0,0,0,0,0.0,0.0,0,255,0,0,0,0,0,0,0,0,0,0,0,0,0,0.0,0.0,0,0,0.0,0.0,0,0,0.0,0.0,0,0,0.0,0.0,0,0,0.0,0.0,0,0,0.0,0.0
5.429,0,0,0.0,0,0.0,0,0,0.0,0,0,0,0,0.0,0.0,0.0,0.0,6235944,0,0,0,0,0,0,0,0,0,0.0,0.0,0.0,0,0,0,0.0,0,0,0,0,0.0,0.0,0,255,0,0,0,0,0,0,0,0,0,0,0,0,0,0.0,0.0,0,0,0.0,0.0,0,0,0.0,0.0,0,0,0.0,0.0,0,0,0.0,0.0,0,0,0.0,0.0
5.446,0,0,0.0,0,0.0,0,0,0.0,0,0,0,0,0.0,0.0,0.0,0.0,6235944,0,0,0,0,0,0,0,0,0,0.0,0.0,0.0,0,0,0,0.0,0,0,0,0,0.0,0.0,0,255,0,0,0,0,0,0,0,0,0,0,0,0,0,0.0,0.0,0,0,0.0,0.0,0,0,0.0,0.0,0,0,0.0,0.0,0,0,0.0,0.0,0,0,0.0,0.0
5.463,0,0,0.0,0,0.0,0,0,0.0,0,0,0,0,0.0,0.0,0.0,0.0,6235944,0,0,0,0,0,0,0,0,0,0.0,0.0,0.0,0,0,0,0.0,0,0,0,0,0.0,0.0,0,255,0,0,0,0,0,0,0,0,0,0,0,0,0,0.0,0.0,0,0,0.0,0.0,0,0,0.0,0.0,0,0,0.0,0.0,0,0,0.0,0.0,0,0,0.0,0.0
5.48,0,0,0.0,0,0.0,0,0,0.0,0,0,0,0,0.0,0.0,0.0,0.0,6235944,0,0,0,0,0,0,0,0,0,0.0,0.0,0.0,0,0,0,0.0,0,0,0,0,0.0,0.0,0,255,0,0,0,0,0,0,0,0,0,0,0,0,0,0.0,0.0,0,0,0.0,0.0,0,0,0.0,0.0,0,0,0.0,0.0,0,0,0.0,0.0,0,0,0.0,0.0
5.497,0,0,0.0,0,0.0,0,0,0.0,0,0,0,0,0.0,0.0,0.0,0.0,6235944,0,0,0,0,0,0,0,0,0,0.0,0.0,0.0,0,0,0,0.0,0,0,0,0,0.0,0.0,0,255,0,0,0,0,0,0,0,0,0,0,0,0,0,0.0,0.0,0,0,0.0,0.0,0,0,0.0,0.0,0,0,0.0,0.0,0,0,0.0,0.0,0,0,0.0,0.0
5.515,0,0,0.0,0,0.0,0,0,0.0,0,0,0,0,0.0,0.0,0.0,0.0,6235944,0,0,0,0,0,0,0,0,0,0.0,0.0,0.0,0,0,0,0.0,0,0,0,0,0.0,0.0,0,255,0,0,0,0,0,0,0,0,0,0,0,0,0,0.0,0.0,0,0,0.0,0.0,0,0,0.0,0.0,0,0,0.0,0.0,0,0,0.0,0.0,0,0,0.0,0.0
5.532,0,0,0.0,0,0.0,0,0,0.0,0,0,0,0,0.0,0.0,0.0,0.0,6235944,0,0,0,0,0,0,0,0,0,0.0,0.0,0.0,0,0,0,0.0,0,0,0,0,0.0,0.0,0,255,0,0,0,0,0,0,0,0,0,0,0,0,0,0.0,0.0,0,0,0.0,0.0,0,0,0.0,0.0,0,0,0.0,0.0,0,0,0.0,0.0,0,0,0.0,0.0
5.549,0,0,0.0,0,0.0,0,0,0.0,0,0,0,0,0.0,0.0,0.0,0.0,6235944,0,0,0,0,0,0,0,0,0,0.0,0.0,0.0,0,0,0,0.0,0,0,0,0,0.0,0.0,0,255,0,0,0,0,0,0,0,0,0,0,0,0,0,0.0,0.0,0,0,0.0,0.0,0,0,0.0,0.0,0,0,0.0,0.0,0,0,0.0,0.0,0,0,0.0,0.0
5.566,0,0,0.0,0,0.0,0,0,0.0,0,0,0,0,0.0,0.0,0.0,0.0,6235944,0,0,0,0,0,0,0,0,0,0.0,0.0,0.0,0,0,0,0.0,0,0,0,0,0.0,0.0,0,255,0,0,0,0,0,0,0,0,0,0,0,0,0,0.0,0.0,0,0,0.0,0.0,0,0,0.0,0.0,0,0,0.0,0.0,0,0,0.0,0.0,0,0,0.0,0.0
5.583,0,0,0.0,0,0.0,0,0,0.0,0,0,0,0,0.0,0.0,0.0,0.0,6235944,0,0,0,0,0,0,0,0,0,0.0,0.0,0.0,0,0,0,0.0,0,0,0,0,0.0,0.0,0,255,0,0,0,0,0,0,0,0,0,0,0,0,0,0.0,0.0,0,0,0.0,0.0,0,0,0.0,0.0,0,0,0.0,0.0,0,0,0.0,0.0,0,0,0.0,0.0
5.601,0,0,0.0,0,0.0,0,0,0.0,0,0,0,0,0.0,0.0,0.0,0.0,6235944,0,0,0,0,0,0,0,0,0,0.0,0.0,0.0,0,0,0,0.0,0,0,0,0,0.0,0.0,0,255,0,0,0,0,0,0,0,0,0,0,0,0,0,0.0,0.0,0,0,0.0,0.0,0,0,0.0,0.0,0,0,0.0,0.0,0,0,0.0,0.0,0,0,0.0,0.0
5.618,0,0,0.0,0,0.0,0,0,0.0,0,0,0,0,0.0,0.0,0.0,0.0,6235944,0,0,0,0,0,0,0,0,0,0.0,0.0,0.0,0,0,0,0.0,0,0,0,0,0.0,0.0,0,255,0,0,0,0,0,0,0,0,0,0,0,0,0,0.0,0.0,0,0,0.0,0.0,0,0,0.0,0.0,0,0,0.0,0.0,0,0,0.0,0.0,0,0,0.0,0.0
5.637,0,0,0.0,0,0.0,0,0,0.0,0,0,0,0,0.0,0.0,0.0,0.0,6235944,0,0,0,0,0,0,0,0,0,0.0,0.0,0.0,0,0,0,0.0,0,0,0,0,0.0,0.0,0,255,0,0,0,0,0,0,0,0,0,0,0,0,0,0.0,0.0,0,0,0.0,0.0,0,0,0.0,0.0,0,0,0.0,0.0,0,0,0.0,0.0,0,0,0.0,0.0
5.655,0,0,0.0,0,0.0,0,0,0.0,0,0,0,0,0.0,0.0,0.0,0.0,6235944,0,0,0,0,0,0,0,0,0,0.0,0.0,0.0,0,0,0,0.0,0,0,0,0,0.0,0.0,0,255,0,0,0,0,0,0,0,0,0,0,0,0,0,0.0,0.0,0,0,0.0,0.0,0,0,0.0,0.0,0,0,0.0,0.0,0,0,0.0,0.0,0,0,0.0,0.0
5.673,0,0,0.0,0,0.0,0,0,0.0,0,0,0,0,0.0,0.0,0.0,0.0,6235944,0,0,0,0,0,0,0,0,0,0.0,0.0,0.0,0,0,0,0.0,0,0,0,0,0.0,0.0,0,255,0,0,0,0,0,0,0,0,0,0,0,0,0,0.0,0.0,0,0,0.0,0.0,0,0,0.0,0.0,0,0,0.0,0.0,0,0,0.0,0.0,0,0,0.0,0.0
5.69,0,0,0.0,0,0.0,0,0,0.0,0,0,0,0,0.0,0.0,0.0,0.0,6235944,0,0,0,0,0,0,0,0,0,0.0,0.0,0.0,0,0,0,0.0,0,0,0,0,0.0,0.0,0,255,0,0,0,0,0,0,0,0,0,0,0,0,0,0.0,0.0,0,0,0.0,0.0,0,0,0.0,0.0,0,0,0.0,0.0,0,0,0.0,0.0,0,0,0.0,0.0
5.707,0,0,0.0,0,0.0,0,0,0.0,0,0,0,0,0.0,0.0,0.0,0.0,6235944,0,0,0,0,0,0,0,0,0,0.0,0.0,0.0,0,0,0,0.0,0,0,0,0,0.0,0.0,0,255,0,0,0,0,0,0,0,0,0,0,0,0,0,0.0,0.0,0,0,0.0,0.0,0,0,0.0,0.0,0,0,0.0,0.0,0,0,0.0,0.0,0,0,0.0,0.0
5.725,0,0,0.0,0,0.0,0,0,0.0,0,0,0,0,0.0,0.0,0.0,0.0,6235944,0,0,0,0,0,0,0,0,0,0.0,0.0,0.0,0,0,0,0.0,0,0,0,0,0.0,0.0,0,255,0,0,0,0,0,0,0,0,0,0,0,0,0,0.0,0.0,0,0,0.0,0.0,0,0,0.0,0.0,0,0,0.0,0.0,0,0,0.0,0.0,0,0,0.0,0.0
5.742,0,0,0.0,0,0.0,0,0,0.0,0,0,0,0,0.0,0.0,0.0,0.0,6235944,0,0,0,0,0,0,0,0,0,0.0,0.0,0.0,0,0,0,0.0,0,0,0,0,0.0,0.0,0,255,0,0,0,0,0,0,0,0,0,0,0,0,0,0.0,0.0,0,0,0.0,0.0,0,0,0.0,0.0,0,0,0.0,0.0,0,0,0.0,0.0,0,0,0.0,0.0
5.759,0,0,0.0,0,0.0,0,0,0.0,0,0,0,0,0.0,0.0,0.0,0.0,6235944,0,0,0,0,0,0,0,0,0,0.0,0.0,0.0,0,0,0,0.0,0,0,0,0,0.0,0.0,0,255,0,0,0,0,0,0,0,0,0,0,0,0,0,0.0,0.0,0,0,0.0,0.0,0,0,0.0,0.0,0,0,0.0,0.0,0,0,0.0,0.0,0,0,0.0,0.0
5.777,0,0,0.0,0,0.0,0,0,0.0,0,0,0,0,0.0,0.0,0.0,0.0,6235944,0,0,0,0,0,0,0,0,0,0.0,0.0,0.0,0,0,0,0.0,0,0,0,0,0.0,0.0,0,255,0,0,0,0,0,0,0,0,0,0,0,0,0,0.0,0.0,0,0,0.0,0.0,0,0,0.0,0.0,0,0,0.0,0.0,0,0,0.0,0.0,0,0,0.0,0.0
5.795,0,0,0.0,0,0.0,0,0,0.0,0,0,0,0,0.0,0.0,0.0,0.0,6235944,0,0,0,0,0,0,0,0,0,0.0,0.0,0.0,0,0,0,0.0,0,0,0,0,0.0,0.0,0,255,0,0,0,0,0,0,0,0,0,0,0,0,0,0.0,0.0,0,0,0.0,0.0,0,0,0.0,0.0,0,0,0.0,0.0,0,0,0.0,0.0,0,0,0.0,0.0
5.812,0,0,0.0,0,0.0,0,0,0.0,0,0,0,0,0.0,0.0,0.0,0.0,6235944,0,0,0,0,0,0,0,0,0,0.0,0.0,0.0,0,0,0,0.0,0,0,0,0,0.0,0.0,0,255,0,0,0,0,0,0,0,0,0,0,0,0,0,0.0,0.0,0,0,0.0,0.0,0,0,0.0,0.0,0,0,0.0,0.0,0,0,0.0,0.0,0,0,0.0,0.0
5.83,0,0,0.0,0,0.0,0,0,0.0,0,0,0,0,0.0,0.0,0.0,0.0,6235944,0,0,0,0,0,0,0,0,0,0.0,0.0,0.0,0,0,0,0.0,0,0,0,0,0.0,0.0,0,255,0,0,0,0,0,0,0,0,0,0,0,0,0,0.0,0.0,0,0,0.0,0.0,0,0,0.0,0.0,0,0,0.0,0.0,0,0,0.0,0.0,0,0,0.0,0.0
5.847,0,0,0.0,0,0.0,0,0,0.0,0,0,0,0,0.0,0.0,0.0,0.0,6235944,0,0,0,0,0,0,0,0,0,0.0,0.0,0.0,0,0,0,0.0,0,0,0,0,0.0,0.0,0,255,0,0,0,0,0,0,0,0,0,0,0,0,0,0.0,0.0,0,0,0.0,0.0,0,0,0.0,0.0,0,0,0.0,0.0,0,0,0.0,0.0,0,0,0.0,0.0
5.865,0,0,0.0,0,0.0,0,0,0.0,0,0,0,0,0.0,0.0,0.0,0.0,6235944,0,0,0,0,0,0,0,0,0,0.0,0.0,0.0,0,0,0,0.0,0,0,0,0,0.0,0.0,0,255,0,0,0,0,0,0,0,0,0,0,0,0,0,0.0,0.0,0,0,0.0,0.0,0,0,0.0,0.0,0,0,0.0,0.0,0,0,0.0,0.0,0,0,0.0,0.0
5.882,0,0,0.0,0,0.0,0,0,0.0,0,0,0,0,0.0,0.0,0.0,0.0,6235944,0,0,0,0,0,0,0,0,0,0.0,0.0,0.0,0,0,0,0.0,0,0,0,0,0.0,0.0,0,255,0,0,0,0,0,0,0,0,0,0,0,0,0,0.0,0.0,0,0,0.0,0.0,0,0,0.0,0.0,0,0,0.0,0.0,0,0,0.0,0.0,0,0,0.0,0.0
5.899,0,0,0.0,0,0.0,0,0,0.0,0,0,0,0,0.0,0.0,0.0,0.0,6235944,0,0,0,0,0,0,0,0,0,0.0,0.0,0.0,0,0,0,0.0,0,0,0,0,0.0,0.0,0,255,0,0,0,0,0,0,0,0,0,0,0,0,0,0.0,0.0,0,0,0.0,0.0,0,0,0.0,0.0,0,0,0.0,0.0,0,0,0.0,0.0,0,0,0.0,0.0
5.916,0,0,0.0,0,0.0,0,0,0.0,0,0,0,0,0.0,0.0,0.0,0.0,6235944,0,0,0,0,0,0,0,0,0,0.0,0.0,0.0,0,0,0,0.0,0,0,0,0,0.0,0.0,0,255,0,0,0,0,0,0,0,0,0,0,0,0,0,0.0,0.0,0,0,0.0,0.0,0,0,0.0,0.0,0,0,0.0,0.0,0,0,0.0,0.0,0,0,0.0,0.0
5.934,0,0,0.0,0,0.0,0,0,0.0,0,0,0,0,0.0,0.0,0.0,0.0,6235944,0,0,0,0,0,0,0,0,0,0.0,0.0,0.0,0,0,0,0.0,0,0,0,0,0.0,0.0,0,255,0,0,0,0,0,0,0,0,0,0,0,0,0,0.0,0.0,0,0,0.0,0.0,0,0,0.0,0.0,0,0,0.0,0.0,0,0,0.0,0.0,0,0,0.0,0.0
5.952,0,0,0.0,0,0.0,0,0,0.0,0,0,0,0,0.0,0.0,0.0,0.0,6235944,0,0,0,0,0,0,0,0,0,0.0,0.0,0.0,0,0,0,0.0,0,0,0,0,0.0,0.0,0,255,0,0,0,0,0,0,0,0,0,0,0,0,0,0.0,0.0,0,0,0.0,0.0,0,0,0.0,0.0,0,0,0.0,0.0,0,0,0.0,0.0,0,0,0.0,0.0
5.969,0,0,0.0,0,0.0,0,0,0.0,0,0,0,0,0.0,0.0,0.0,0.0,6235944,0,0,0,0,0,0,0,0,0,0.0,0.0,0.0,0,0,0,0.0,0,0,0,0,0.0,0.0,0,255,0,0,0,0,0,0,0,0,0,0,0,0,0,0.0,0.0,0,0,0.0,0.0,0,0,0.0,0.0,0,0,0.0,0.0,0,0,0.0,0.0,0,0,0.0,0.0
5.986,0,0,0.0,0,0.0,0,0,0.0,0,0,0,0,0.0,0.0,0.0,0.0,6235944,0,0,0,0,0,0,0,0,0,0.0,0.0,0.0,0,0,0,0.0,0,0,0,0,0.0,0.0,0,255,0,0,0,0,0,0,0,0,0,0,0,0,0,0.0,0.0,0,0,0.0,0.0,0,0,0.0,0.0,0,0,0.0,0.0,0,0,0.0,0.0,0,0,0.0,0.0
6.004,0,0,0.0,0,0.0,0,0,0.0,0,0,0,0,0.0,0.0,0.0,0.0,6235944,0,0,0,0,0,0,0,0,0,0.0,0.0,0.0,0,0,0,0.0,0,0,0,0,0.0,0.0,0,255,0,0,0,0,0,0,0,0,0,0,0,0,0,0.0,0.0,0,0,0.0,0.0,0,0,0.0,0.0,0,0,0.0,0.0,0,0,0.0,0.0,0,0,0.0,0.0
6.021,0,0,0.0,0,0.0,0,0,0.0,0,0,0,0,0.0,0.0,0.0,0.0,6235944,0,0,0,0,0,0,0,0,0,0.0,0.0,0.0,0,0,0,0.0,0,0,0,0,0.0,0.0,0,255,0,0,0,0,0,0,0,0,0,0,0,0,0,0.0,0.0,0,0,0.0,0.0,0,0,0.0,0.0,0,0,0.0,0.0,0,0,0.0,0.0,0,0,0.0,0.0
6.038,0,0,0.0,0,0.0,0,0,0.0,0,0,0,0,0.0,0.0,0.0,0.0,6235944,0,0,0,0,0,0,0,0,0,0.0,0.0,0.0,0,0,0,0.0,0,0,0,0,0.0,0.0,0,255,0,0,0,0,0,0,0,0,0,0,0,0,0,0.0,0.0,0,0,0.0,0.0,0,0,0.0,0.0,0,0,0.0,0.0,0,0,0.0,0.0,0,0,0.0,0.0
6.055,0,0,0.0,0,0.0,0,0,0.0,0,0,0,0,0.0,0.0,0.0,0.0,6235944,0,0,0,0,0,0,0,0,0,0.0,0.0,0.0,0,0,0,0.0,0,0,0,0,0.0,0.0,0,255,0,0,0,0,0,0,0,0,0,0,0,0,0,0.0,0.0,0,0,0.0,0.0,0,0,0.0,0.0,0,0,0.0,0.0,0,0,0.0,0.0,0,0,0.0,0.0
6.073,0,0,0.0,0,0.0,0,0,0.0,0,0,0,0,0.0,0.0,0.0,0.0,6235944,0,0,0,0,0,0,0,0,0,0.0,0.0,0.0,0,0,0,0.0,0,0,0,0,0.0,0.0,0,255,0,0,0,0,0,0,0,0,0,0,0,0,0,0.0,0.0,0,0,0.0,0.0,0,0,0.0,0.0,0,0,0.0,0.0,0,0,0.0,0.0,0,0,0.0,0.0
6.09,0,0,0.0,0,0.0,0,0,0.0,0,0,0,0,0.0,0.0,0.0,0.0,6235944,0,0,0,0,0,0,0,0,0,0.0,0.0,0.0,0,0,0,0.0,0,0,0,0,0.0,0.0,0,255,0,0,0,0,0,0,0,0,0,0,0,0,0,0.0,0.0,0,0,0.0,0.0,0,0,0.0,0.0,0,0,0.0,0.0,0,0,0.0,0.0,0,0,0.0,0.0
6.108,0,0,0.0,0,0.0,0,0,0.0,0,0,0,0,0.0,0.0,0.0,0.0,6235944,0,0,0,0,0,0,0,0,0,0.0,0.0,0.0,0,0,0,0.0,0,0,0,0,0.0,0.0,0,255,0,0,0,0,0,0,0,0,0,0,0,0,0,0.0,0.0,0,0,0.0,0.0,0,0,0.0,0.0,0,0,0.0,0.0,0,0,0.0,0.0,0,0,0.0,0.0
6.125,0,0,0.0,0,0.0,0,0,0.0,0,0,0,0,0.0,0.0,0.0,0.0,6235944,0,0,0,0,0,0,0,0,0,0.0,0.0,0.0,0,0,0,0.0,0,0,0,0,0.0,0.0,0,255,0,0,0,0,0,0,0,0,0,0,0,0,0,0.0,0.0,0,0,0.0,0.0,0,0,0.0,0.0,0,0,0.0,0.0,0,0,0.0,0.0,0,0,0.0,0.0
6.143,0,0,0.0,0,0.0,0,0,0.0,0,0,0,0,0.0,0.0,0.0,0.0,6235944,0,0,0,0,0,0,0,0,0,0.0,0.0,0.0,0,0,0,0.0,0,0,0,0,0.0,0.0,0,255,0,0,0,0,0,0,0,0,0,0,0,0,0,0.0,0.0,0,0,0.0,0.0,0,0,0.0,0.0,0,0,0.0,0.0,0,0,0.0,0.0,0,0,0.0,0.0
6.16,0,0,0.0,0,0.0,0,0,0.0,0,0,0,0,0.0,0.0,0.0,0.0,6235944,0,0,0,0,0,0,0,0,0,0.0,0.0,0.0,0,0,0,0.0,0,0,0,0,0.0,0.0,0,255,0,0,0,0,0,0,0,0,0,0,0,0,0,0.0,0.0,0,0,0.0,0.0,0,0,0.0,0.0,0,0,0.0,0.0,0,0,0.0,0.0,0,0,0.0,0.0
6.177,0,0,0.0,0,0.0,0,0,0.0,0,0,0,0,0.0,0.0,0.0,0.0,6235944,0,0,0,0,0,0,0,0,0,0.0,0.0,0.0,0,0,0,0.0,0,0,0,0,0.0,0.0,0,255,0,0,0,0,0,0,0,0,0,0,0,0,0,0.0,0.0,0,0,0.0,0.0,0,0,0.0,0.0,0,0,0.0,0.0,0,0,0.0,0.0,0,0,0.0,0.0
6.194,0,0,0.0,0,0.0,0,0,0.0,0,0,0,0,0.0,0.0,0.0,0.0,6235944,0,0,0,0,0,0,0,0,0,0.0,0.0,0.0,0,0,0,0.0,0,0,0,0,0.0,0.0,0,255,0,0,0,0,0,0,0,0,0,0,0,0,0,0.0,0.0,0,0,0.0,0.0,0,0,0.0,0.0,0,0,0.0,0.0,0,0,0.0,0.0,0,0,0.0,0.0
6.212,0,0,0.0,0,0.0,0,0,0.0,0,0,0,0,0.0,0.0,0.0,0.0,6235944,0,0,0,0,0,0,0,0,0,0.0,0.0,0.0,0,0,0,0.0,0,0,0,0,0.0,0.0,0,255,0,0,0,0,0,0,0,0,0,0,0,0,0,0.0,0.0,0,0,0.0,0.0,0,0,0.0,0.0,0,0,0.0,0.0,0,0,0.0,0.0,0,0,0.0,0.0
6.229,0,0,0.0,0,0.0,0,0,0.0,0,0,0,0,0.0,0.0,0.0,0.0,6235944,0,0,0,0,0,0,0,0,0,0.0,0.0,0.0,0,0,0,0.0,0,0,0,0,0.0,0.0,0,255,0,0,0,0,0,0,0,0,0,0,0,0,0,0.0,0.0,0,0,0.0,0.0,0,0,0.0,0.0,0,0,0.0,0.0,0,0,0.0,0.0,0,0,0.0,0.0
6.246,0,0,0.0,0,0.0,0,0,0.0,0,0,0,0,0.0,0.0,0.0,0.0,6235944,0,0,0,0,0,0,0,0,0,0.0,0.0,0.0,0,0,0,0.0,0,0,0,0,0.0,0.0,0,255,0,0,0,0,0,0,0,0,0,0,0,0,0,0.0,0.0,0,0,0.0,0.0,0,0,0.0,0.0,0,0,0.0,0.0,0,0,0.0,0.0,0,0,0.0,0.0
6.264,0,0,0.0,0,0.0,0,0,0.0,0,0,0,0,0.0,0.0,0.0,0.0,6235944,0,0,0,0,0,0,0,0,0,0.0,0.0,0.0,0,0,0,0.0,0,0,0,0,0.0,0.0,0,255,0,0,0,0,0,0,0,0,0,0,0,0,0,0.0,0.0,0,0,0.0,0.0,0,0,0.0,0.0,0,0,0.0,0.0,0,0,0.0,0.0,0,0,0.0,0.0
6.281,0,0,0.0,0,0.0,0,0,0.0,0,0,0,0,0.0,0.0,0.0,0.0,6235944,0,0,0,0,0,0,0,0,0,0.0,0.0,0.0,0,0,0,0.0,0,0,0,0,0.0,0.0,0,255,0,0,0,0,0,0,0,0,0,0,0,0,0,0.0,0.0,0,0,0.0,0.0,0,0,0.0,0.0,0,0,0.0,0.0,0,0,0.0,0.0,0,0,0.0,0.0
6.298,0,0,0.0,0,0.0,0,0,0.0,0,0,0,0,0.0,0.0,0.0,0.0,6235944,0,0,0,0,0,0,0,0,0,0.0,0.0,0.0,0,0,0,0.0,0,0,0,0,0.0,0.0,0,255,0,0,0,0,0,0,0,0,0,0,0,0,0,0.0,0.0,0,0,0.0,0.0,0,0,0.0,0.0,0,0,0.0,0.0,0,0,0.0,0.0,0,0,0.0,0.0
6.316,0,0,0.0,0,0.0,0,0,0.0,0,0,0,0,0.0,0.0,0.0,0.0,6235944,0,0,0,0,0,0,0,0,0,0.0,0.0,0.0,0,0,0,0.0,0,0,0,0,0.0,0.0,0,255,0,0,0,0,0,0,0,0,0,0,0,0,0,0.0,0.0,0,0,0.0,0.0,0,0,0.0,0.0,0,0,0.0,0.0,0,0,0.0,0.0,0,0,0.0,0.0
6.334,0,0,0.0,0,0.0,0,0,0.0,0,0,0,0,0.0,0.0,0.0,0.0,6235944,0,0,0,0,0,0,0,0,0,0.0,0.0,0.0,0,0,0,0.0,0,0,0,0,0.0,0.0,0,255,0,0,0,0,0,0,0,0,0,0,0,0,0,0.0,0.0,0,0,0.0,0.0,0,0,0.0,0.0,0,0,0.0,0.0,0,0,0.0,0.0,0,0,0.0,0.0
6.351,0,0,0.0,0,0.0,0,0,0.0,0,0,0,0,0.0,0.0,0.0,0.0,6235944,0,0,0,0,0,0,0,0,0,0.0,0.0,0.0,0,0,0,0.0,0,0,0,0,0.0,0.0,0,255,0,0,0,0,0,0,0,0,0,0,0,0,0,0.0,0.0,0,0,0.0,0.0,0,0,0.0,0.0,0,0,0.0,0.0,0,0,0.0,0.0,0,0,0.0,0.0
6.369,0,0,0.0,0,0.0,0,0,0.0,0,0,0,0,0.0,0.0,0.0,0.0,6235944,0,0,0,0,0,0,0,0,0,0.0,0.0,0.0,0,0,0,0.0,0,0,0,0,0.0,0.0,0,255,0,0,0,0,0,0,0,0,0,0,0,0,0,0.0,0.0,0,0,0.0,0.0,0,0,0.0,0.0,0,0,0.0,0.0,0,0,0.0,0.0,0,0,0.0,0.0
6.386,0,0,0.0,0,0.0,0,0,0.0,0,0,0,0,0.0,0.0,0.0,0.0,6235944,0,0,0,0,0,0,0,0,0,0.0,0.0,0.0,0,0,0,0.0,0,0,0,0,0.0,0.0,0,255,0,0,0,0,0,0,0,0,0,0,0,0,0,0.0,0.0,0,0,0.0,0.0,0,0,0.0,0.0,0,0,0.0,0.0,0,0,0.0,0.0,0,0,0.0,0.0
6.403,0,0,0.0,0,0.0,0,0,0.0,0,0,0,0,0.0,0.0,0.0,0.0,6235944,0,0,0,0,0,0,0,0,0,0.0,0.0,0.0,0,0,0,0.0,0,0,0,0,0.0,0.0,0,255,0,0,0,0,0,0,0,0,0,0,0,0,0,0.0,0.0,0,0,0.0,0.0,0,0,0.0,0.0,0,0,0.0,0.0,0,0,0.0,0.0,0,0,0.0,0.0
6.421,0,0,0.0,0,0.0,0,0,0.0,0,0,0,0,0.0,0.0,0.0,0.0,6235944,0,0,0,0,0,0,0,0,0,0.0,0.0,0.0,0,0,0,0.0,0,0,0,0,0.0,0.0,0,255,0,0,0,0,0,0,0,0,0,0,0,0,0,0.0,0.0,0,0,0.0,0.0,0,0,0.0,0.0,0,0,0.0,0.0,0,0,0.0,0.0,0,0,0.0,0.0
6.438,0,0,0.0,0,0.0,0,0,0.0,0,0,0,0,0.0,0.0,0.0,0.0,6235944,0,0,0,0,0,0,0,0,0,0.0,0.0,0.0,0,0,0,0.0,0,0,0,0,0.0,0.0,0,255,0,0,0,0,0,0,0,0,0,0,0,0,0,0.0,0.0,0,0,0.0,0.0,0,0,0.0,0.0,0,0,0.0,0.0,0,0,0.0,0.0,0,0,0.0,0.0
6.456,0,0,0.0,0,0.0,0,0,0.0,0,0,0,0,0.0,0.0,0.0,0.0,6235944,0,0,0,0,0,0,0,0,0,0.0,0.0,0.0,0,0,0,0.0,0,0,0,0,0.0,0.0,0,255,0,0,0,0,0,0,0,0,0,0,0,0,0,0.0,0.0,0,0,0.0,0.0,0,0,0.0,0.0,0,0,0.0,0.0,0,0,0.0,0.0,0,0,0.0,0.0
6.473,0,0,0.0,0,0.0,0,0,0.0,0,0,0,0,0.0,0.0,0.0,0.0,6235944,0,0,0,0,0,0,0,0,0,0.0,0.0,0.0,0,0,0,0.0,0,0,0,0,0.0,0.0,0,255,0,0,0,0,0,0,0,0,0,0,0,0,0,0.0,0.0,0,0,0.0,0.0,0,0,0.0,0.0,0,0,0.0,0.0,0,0,0.0,0.0,0,0,0.0,0.0
6.491,0,0,0.0,0,0.0,0,0,0.0,0,0,0,0,0.0,0.0,0.0,0.0,6235944,0,0,0,0,0,0,0,0,0,0.0,0.0,0.0,0,0,0,0.0,0,0,0,0,0.0,0.0,0,255,0,0,0,0,0,0,0,0,0,0,0,0,0,0.0,0.0,0,0,0.0,0.0,0,0,0.0,0.0,0,0,0.0,0.0,0,0,0.0,0.0,0,0,0.0,0.0
6.508,0,0,0.0,0,0.0,0,0,0.0,0,0,0,0,0.0,0.0,0.0,0.0,6235944,0,0,0,0,0,0,0,0,0,0.0,0.0,0.0,0,0,0,0.0,0,0,0,0,0.0,0.0,0,255,0,0,0,0,0,0,0,0,0,0,0,0,0,0.0,0.0,0,0,0.0,0.0,0,0,0.0,0.0,0,0,0.0,0.0,0,0,0.0,0.0,0,0,0.0,0.0
6.526,0,0,0.0,0,0.0,0,0,0.0,0,0,0,0,0.0,0.0,0.0,0.0,6235944,0,0,0,0,0,0,0,0,0,0.0,0.0,0.0,0,0,0,0.0,0,0,0,0,0.0,0.0,0,255,0,0,0,0,0,0,0,0,0,0,0,0,0,0.0,0.0,0,0,0.0,0.0,0,0,0.0,0.0,0,0,0.0,0.0,0,0,0.0,0.0,0,0,0.0,0.0
6.543,0,0,0.0,0,0.0,0,0,0.0,0,0,0,0,0.0,0.0,0.0,0.0,6235944,0,0,0,0,0,0,0,0,0,0.0,0.0,0.0,0,0,0,0.0,0,0,0,0,0.0,0.0,0,255,0,0,0,0,0,0,0,0,0,0,0,0,0,0.0,0.0,0,0,0.0,0.0,0,0,0.0,0.0,0,0,0.0,0.0,0,0,0.0,0.0,0,0,0.0,0.0
6.561,0,0,0.0,0,0.0,0,0,0.0,0,0,0,0,0.0,0.0,0.0,0.0,6235944,0,0,0,0,0,0,0,0,0,0.0,0.0,0.0,0,0,0,0.0,0,0,0,0,0.0,0.0,0,255,0,0,0,0,0,0,0,0,0,0,0,0,0,0.0,0.0,0,0,0.0,0.0,0,0,0.0,0.0,0,0,0.0,0.0,0,0,0.0,0.0,0,0,0.0,0.0
6.578,0,0,0.0,0,0.0,0,0,0.0,0,0,0,0,0.0,0.0,0.0,0.0,6235944,0,0,0,0,0,0,0,0,0,0.0,0.0,0.0,0,0,0,0.0,0,0,0,0,0.0,0.0,0,255,0,0,0,0,0,0,0,0,0,0,0,0,0,0.0,0.0,0,0,0.0,0.0,0,0,0.0,0.0,0,0,0.0,0.0,0,0,0.0,0.0,0,0,0.0,0.0
6.595,0,0,0.0,0,0.0,0,0,0.0,0,0,0,0,0.0,0.0,0.0,0.0,6235944,0,0,0,0,0,0,0,0,0,0.0,0.0,0.0,0,0,0,0.0,0,0,0,0,0.0,0.0,0,255,0,0,0,0,0,0,0,0,0,0,0,0,0,0.0,0.0,0,0,0.0,0.0,0,0,0.0,0.0,0,0,0.0,0.0,0,0,0.0,0.0,0,0,0.0,0.0
6.612,0,0,0.0,0,0.0,0,0,0.0,0,0,0,0,0.0,0.0,0.0,0.0,6235944,0,0,0,0,0,0,0,0,0,0.0,0.0,0.0,0,0,0,0.0,0,0,0,0,0.0,0.0,0,255,0,0,0,0,0,0,0,0,0,0,0,0,0,0.0,0.0,0,0,0.0,0.0,0,0,0.0,0.0,0,0,0.0,0.0,0,0,0.0,0.0,0,0,0.0,0.0
6.629,0,0,0.0,0,0.0,0,0,0.0,0,0,0,0,0.0,0.0,0.0,0.0,6235944,0,0,0,0,0,0,0,0,0,0.0,0.0,0.0,0,0,0,0.0,0,0,0,0,0.0,0.0,0,255,0,0,0,0,0,0,0,0,0,0,0,0,0,0.0,0.0,0,0,0.0,0.0,0,0,0.0,0.0,0,0,0.0,0.0,0,0,0.0,0.0,0,0,0.0,0.0
6.647,0,0,0.0,0,0.0,0,0,0.0,0,0,0,0,0.0,0.0,0.0,0.0,6235944,0,0,0,0,0,0,0,0,0,0.0,0.0,0.0,0,0,0,0.0,0,0,0,0,0.0,0.0,0,255,0,0,0,0,0,0,0,0,0,0,0,0,0,0.0,0.0,0,0,0.0,0.0,0,0,0.0,0.0,0,0,0.0,0.0,0,0,0.0,0.0,0,0,0.0,0.0
6.664,0,0,0.0,0,0.0,0,0,0.0,0,0,0,0,0.0,0.0,0.0,0.0,6235944,0,0,0,0,0,0,0,0,0,0.0,0.0,0.0,0,0,0,0.0,0,0,0,0,0.0,0.0,0,255,0,0,0,0,0,0,0,0,0,0,0,0,0,0.0,0.0,0,0,0.0,0.0,0,0,0.0,0.0,0,0,0.0,0.0,0,0,0.0,0.0,0,0,0.0,0.0
6.682,0,0,0.0,0,0.0,0,0,0.0,0,0,0,0,0.0,0.0,0.0,0.0,6235944,0,0,0,0,0,0,0,0,0,0.0,0.0,0.0,0,0,0,0.0,0,0,0,0,0.0,0.0,0,255,0,0,0,0,0,0,0,0,0,0,0,0,0,0.0,0.0,0,0,0.0,0.0,0,0,0.0,0.0,0,0,0.0,0.0,0,0,0.0,0.0,0,0,0.0,0.0
6.699,0,0,0.0,0,0.0,0,0,0.0,0,0,0,0,0.0,0.0,0.0,0.0,6235944,0,0,0,0,0,0,0,0,0,0.0,0.0,0.0,0,0,0,0.0,0,0,0,0,0.0,0.0,0,255,0,0,0,0,0,0,0,0,0,0,0,0,0,0.0,0.0,0,0,0.0,0.0,0,0,0.0,0.0,0,0,0.0,0.0,0,0,0.0,0.0,0,0,0.0,0.0
6.716,0,0,0.0,0,0.0,0,0,0.0,0,0,0,0,0.0,0.0,0.0,0.0,6235944,0,0,0,0,0,0,0,0,0,0.0,0.0,0.0,0,0,0,0.0,0,0,0,0,0.0,0.0,0,255,0,0,0,0,0,0,0,0,0,0,0,0,0,0.0,0.0,0,0,0.0,0.0,0,0,0.0,0.0,0,0,0.0,0.0,0,0,0.0,0.0,0,0,0.0,0.0
6.734,0,0,0.0,0,0.0,0,0,0.0,0,0,0,0,0.0,0.0,0.0,0.0,6235944,0,0,0,0,0,0,0,0,0,0.0,0.0,0.0,0,0,0,0.0,0,0,0,0,0.0,0.0,0,255,0,0,0,0,0,0,0,0,0,0,0,0,0,0.0,0.0,0,0,0.0,0.0,0,0,0.0,0.0,0,0,0.0,0.0,0,0,0.0,0.0,0,0,0.0,0.0
6.751,0,0,0.0,0,0.0,0,0,0.0,0,0,0,0,0.0,0.0,0.0,0.0,6235944,0,0,0,0,0,0,0,0,0,0.0,0.0,0.0,0,0,0,0.0,0,0,0,0,0.0,0.0,0,255,0,0,0,0,0,0,0,0,0,0,0,0,0,0.0,0.0,0,0,0.0,0.0,0,0,0.0,0.0,0,0,0.0,0.0,0,0,0.0,0.0,0,0,0.0,0.0
6.769,0,0,0.0,0,0.0,0,0,0.0,0,0,0,0,0.0,0.0,0.0,0.0,6235944,0,0,0,0,0,0,0,0,0,0.0,0.0,0.0,0,0,0,0.0,0,0,0,0,0.0,0.0,0,255,0,0,0,0,0,0,0,0,0,0,0,0,0,0.0,0.0,0,0,0.0,0.0,0,0,0.0,0.0,0,0,0.0,0.0,0,0,0.0,0.0,0,0,0.0,0.0
6.786,0,0,0.0,0,0.0,0,0,0.0,0,0,0,0,0.0,0.0,0.0,0.0,6235944,0,0,0,0,0,0,0,0,0,0.0,0.0,0.0,0,0,0,0.0,0,0,0,0,0.0,0.0,0,255,0,0,0,0,0,0,0,0,0,0,0,0,0,0.0,0.0,0,0,0.0,0.0,0,0,0.0,0.0,0,0,0.0,0.0,0,0,0.0,0.0,0,0,0.0,0.0
6.804,0,0,0.0,0,0.0,0,0,0.0,0,0,0,0,0.0,0.0,0.0,0.0,6235944,0,0,0,0,0,0,0,0,0,0.0,0.0,0.0,0,0,0,0.0,0,0,0,0,0.0,0.0,0,255,0,0,0,0,0,0,0,0,0,0,0,0,0,0.0,0.0,0,0,0.0,0.0,0,0,0.0,0.0,0,0,0.0,0.0,0,0,0.0,0.0,0,0,0.0,0.0
6.821,0,0,0.0,0,0.0,0,0,0.0,0,0,0,0,0.0,0.0,0.0,0.0,6235944,0,0,0,0,0,0,0,0,0,0.0,0.0,0.0,0,0,0,0.0,0,0,0,0,0.0,0.0,0,255,0,0,0,0,0,0,0,0,0,0,0,0,0,0.0,0.0,0,0,0.0,0.0,0,0,0.0,0.0,0,0,0.0,0.0,0,0,0.0,0.0,0,0,0.0,0.0
6.838,0,0,0.0,0,0.0,0,0,0.0,0,0,0,0,0.0,0.0,0.0,0.0,6235944,0,0,0,0,0,0,0,0,0,0.0,0.0,0.0,0,0,0,0.0,0,0,0,0,0.0,0.0,0,255,0,0,0,0,0,0,0,0,0,0,0,0,0,0.0,0.0,0,0,0.0,0.0,0,0,0.0,0.0,0,0,0.0,0.0,0,0,0.0,0.0,0,0,0.0,0.0
6.856,0,0,0.0,0,0.0,0,0,0.0,0,0,0,0,0.0,0.0,0.0,0.0,6235944,0,0,0,0,0,0,0,0,0,0.0,0.0,0.0,0,0,0,0.0,0,0,0,0,0.0,0.0,0,255,0,0,0,0,0,0,0,0,0,0,0,0,0,0.0,0.0,0,0,0.0,0.0,0,0,0.0,0.0,0,0,0.0,0.0,0,0,0.0,0.0,0,0,0.0,0.0
6.874,0,0,0.0,0,0.0,0,0,0.0,0,0,0,0,0.0,0.0,0.0,0.0,6235944,0,0,0,0,0,0,0,0,0,0.0,0.0,0.0,0,0,0,0.0,0,0,0,0,0.0,0.0,0,255,0,0,0,0,0,0,0,0,0,0,0,0,0,0.0,0.0,0,0,0.0,0.0,0,0,0.0,0.0,0,0,0.0,0.0,0,0,0.0,0.0,0,0,0.0,0.0
6.891,0,0,0.0,0,0.0,0,0,0.0,0,0,0,0,0.0,0.0,0.0,0.0,6235944,0,0,0,0,0,0,0,0,0,0.0,0.0,0.0,0,0,0,0.0,0,0,0,0,0.0,0.0,0,255,0,0,0,0,0,0,0,0,0,0,0,0,0,0.0,0.0,0,0,0.0,0.0,0,0,0.0,0.0,0,0,0.0,0.0,0,0,0.0,0.0,0,0,0.0,0.0
6.909,0,0,0.0,0,0.0,0,0,0.0,0,0,0,0,0.0,0.0,0.0,0.0,6235944,0,0,0,0,0,0,0,0,0,0.0,0.0,0.0,0,0,0,0.0,0,0,0,0,0.0,0.0,0,255,0,0,0,0,0,0,0,0,0,0,0,0,0,0.0,0.0,0,0,0.0,0.0,0,0,0.0,0.0,0,0,0.0,0.0,0,0,0.0,0.0,0,0,0.0,0.0
6.926,0,0,0.0,0,0.0,0,0,0.0,0,0,0,0,0.0,0.0,0.0,0.0,6235944,0,0,0,0,0,0,0,0,0,0.0,0.0,0.0,0,0,0,0.0,0,0,0,0,0.0,0.0,0,255,0,0,0,0,0,0,0,0,0,0,0,0,0,0.0,0.0,0,0,0.0,0.0,0,0,0.0,0.0,0,0,0.0,0.0,0,0,0.0,0.0,0,0,0.0,0.0
6.943,0,0,0.0,0,0.0,0,0,0.0,0,0,0,0,0.0,0.0,0.0,0.0,6235944,0,0,0,0,0,0,0,0,0,0.0,0.0,0.0,0,0,0,0.0,0,0,0,0,0.0,0.0,0,255,0,0,0,0,0,0,0,0,0,0,0,0,0,0.0,0.0,0,0,0.0,0.0,0,0,0.0,0.0,0,0,0.0,0.0,0,0,0.0,0.0,0,0,0.0,0.0
6.96,0,0,0.0,0,0.0,0,0,0.0,0,0,0,0,0.0,0.0,0.0,0.0,6235944,0,0,0,0,0,0,0,0,0,0.0,0.0,0.0,0,0,0,0.0,0,0,0,0,0.0,0.0,0,255,0,0,0,0,0,0,0,0,0,0,0,0,0,0.0,0.0,0,0,0.0,0.0,0,0,0.0,0.0,0,0,0.0,0.0,0,0,0.0,0.0,0,0,0.0,0.0
6.978,0,0,0.0,0,0.0,0,0,0.0,0,0,0,0,0.0,0.0,0.0,0.0,6235944,0,0,0,0,0,0,0,0,0,0.0,0.0,0.0,0,0,0,0.0,0,0,0,0,0.0,0.0,0,255,0,0,0,0,0,0,0,0,0,0,0,0,0,0.0,0.0,0,0,0.0,0.0,0,0,0.0,0.0,0,0,0.0,0.0,0,0,0.0,0.0,0,0,0.0,0.0
6.995,0,0,0.0,0,0.0,0,0,0.0,0,0,0,0,0.0,0.0,0.0,0.0,6235944,0,0,0,0,0,0,0,0,0,0.0,0.0,0.0,0,0,0,0.0,0,0,0,0,0.0,0.0,0,255,0,0,0,0,0,0,0,0,0,0,0,0,0,0.0,0.0,0,0,0.0,0.0,0,0,0.0,0.0,0,0,0.0,0.0,0,0,0.0,0.0,0,0,0.0,0.0
7.012,0,0,0.0,0,0.0,0,0,0.0,0,0,0,0,0.0,0.0,0.0,0.0,6235944,0,0,0,0,0,0,0,0,0,0.0,0.0,0.0,0,0,0,0.0,0,0,0,0,0.0,0.0,0,255,0,0,0,0,0,0,0,0,0,0,0,0,0,0.0,0.0,0,0,0.0,0.0,0,0,0.0,0.0,0,0,0.0,0.0,0,0,0.0,0.0,0,0,0.0,0.0
7.029,0,0,0.0,0,0.0,0,0,0.0,0,0,0,0,0.0,0.0,0.0,0.0,6235944,0,0,0,0,0,0,0,0,0,0.0,0.0,0.0,0,0,0,0.0,0,0,0,0,0.0,0.0,0,255,0,0,0,0,0,0,0,0,0,0,0,0,0,0.0,0.0,0,0,0.0,0.0,0,0,0.0,0.0,0,0,0.0,0.0,0,0,0.0,0.0,0,0,0.0,0.0
7.047,0,0,0.0,0,0.0,0,0,0.0,0,0,0,0,0.0,0.0,0.0,0.0,6235944,0,0,0,0,0,0,0,0,0,0.0,0.0,0.0,0,0,0,0.0,0,0,0,0,0.0,0.0,0,255,0,0,0,0,0,0,0,0,0,0,0,0,0,0.0,0.0,0,0,0.0,0.0,0,0,0.0,0.0,0,0,0.0,0.0,0,0,0.0,0.0,0,0,0.0,0.0
7.064,0,0,0.0,0,0.0,0,0,0.0,0,0,0,0,0.0,0.0,0.0,0.0,6235944,0,0,0,0,0,0,0,0,0,0.0,0.0,0.0,0,0,0,0.0,0,0,0,0,0.0,0.0,0,255,0,0,0,0,0,0,0,0,0,0,0,0,0,0.0,0.0,0,0,0.0,0.0,0,0,0.0,0.0,0,0,0.0,0.0,0,0,0.0,0.0,0,0,0.0,0.0
7.082,0,0,0.0,0,0.0,0,0,0.0,0,0,0,0,0.0,0.0,0.0,0.0,6235944,0,0,0,0,0,0,0,0,0,0.0,0.0,0.0,0,0,0,0.0,0,0,0,0,0.0,0.0,0,255,0,0,0,0,0,0,0,0,0,0,0,0,0,0.0,0.0,0,0,0.0,0.0,0,0,0.0,0.0,0,0,0.0,0.0,0,0,0.0,0.0,0,0,0.0,0.0
7.099,0,0,0.0,0,0.0,0,0,0.0,0,0,0,0,0.0,0.0,0.0,0.0,6235944,0,0,0,0,0,0,0,0,0,0.0,0.0,0.0,0,0,0,0.0,0,0,0,0,0.0,0.0,0,255,0,0,0,0,0,0,0,0,0,0,0,0,0,0.0,0.0,0,0,0.0,0.0,0,0,0.0,0.0,0,0,0.0,0.0,0,0,0.0,0.0,0,0,0.0,0.0
7.116,0,0,0.0,0,0.0,0,0,0.0,0,0,0,0,0.0,0.0,0.0,0.0,6235944,0,0,0,0,0,0,0,0,0,0.0,0.0,0.0,0,0,0,0.0,0,0,0,0,0.0,0.0,0,255,0,0,0,0,0,0,0,0,0,0,0,0,0,0.0,0.0,0,0,0.0,0.0,0,0,0.0,0.0,0,0,0.0,0.0,0,0,0.0,0.0,0,0,0.0,0.0
7.134,0,0,0.0,0,0.0,0,0,0.0,0,0,0,0,0.0,0.0,0.0,0.0,6235944,0,0,0,0,0,0,0,0,0,0.0,0.0,0.0,0,0,0,0.0,0,0,0,0,0.0,0.0,0,255,0,0,0,0,0,0,0,0,0,0,0,0,0,0.0,0.0,0,0,0.0,0.0,0,0,0.0,0.0,0,0,0.0,0.0,0,0,0.0,0.0,0,0,0.0,0.0
7.151,0,0,0.0,0,0.0,0,0,0.0,0,0,0,0,0.0,0.0,0.0,0.0,6235944,0,0,0,0,0,0,0,0,0,0.0,0.0,0.0,0,0,0,0.0,0,0,0,0,0.0,0.0,0,255,0,0,0,0,0,0,0,0,0,0,0,0,0,0.0,0.0,0,0,0.0,0.0,0,0,0.0,0.0,0,0,0.0,0.0,0,0,0.0,0.0,0,0,0.0,0.0
7.168,0,0,0.0,0,0.0,0,0,0.0,0,0,0,0,0.0,0.0,0.0,0.0,6235944,0,0,0,0,0,0,0,0,0,0.0,0.0,0.0,0,0,0,0.0,0,0,0,0,0.0,0.0,0,255,0,0,0,0,0,0,0,0,0,0,0,0,0,0.0,0.0,0,0,0.0,0.0,0,0,0.0,0.0,0,0,0.0,0.0,0,0,0.0,0.0,0,0,0.0,0.0
7.185,0,0,0.0,0,0.0,0,0,0.0,0,0,0,0,0.0,0.0,0.0,0.0,6235944,0,0,0,0,0,0,0,0,0,0.0,0.0,0.0,0,0,0,0.0,0,0,0,0,0.0,0.0,0,255,0,0,0,0,0,0,0,0,0,0,0,0,0,0.0,0.0,0,0,0.0,0.0,0,0,0.0,0.0,0,0,0.0,0.0,0,0,0.0,0.0,0,0,0.0,0.0
7.203,0,0,0.0,0,0.0,0,0,0.0,0,0,0,0,0.0,0.0,0.0,0.0,6235944,0,0,0,0,0,0,0,0,0,0.0,0.0,0.0,0,0,0,0.0,0,0,0,0,0.0,0.0,0,255,0,0,0,0,0,0,0,0,0,0,0,0,0,0.0,0.0,0,0,0.0,0.0,0,0,0.0,0.0,0,0,0.0,0.0,0,0,0.0,0.0,0,0,0.0,0.0
7.22,0,0,0.0,0,0.0,0,0,0.0,0,0,0,0,0.0,0.0,0.0,0.0,6235944,0,0,0,0,0,0,0,0,0,0.0,0.0,0.0,0,0,0,0.0,0,0,0,0,0.0,0.0,0,255,0,0,0,0,0,0,0,0,0,0,0,0,0,0.0,0.0,0,0,0.0,0.0,0,0,0.0,0.0,0,0,0.0,0.0,0,0,0.0,0.0,0,0,0.0,0.0
7.237,0,0,0.0,0,0.0,0,0,0.0,0,0,0,0,0.0,0.0,0.0,0.0,6235944,0,0,0,0,0,0,0,0,0,0.0,0.0,0.0,0,0,0,0.0,0,0,0,0,0.0,0.0,0,255,0,0,0,0,0,0,0,0,0,0,0,0,0,0.0,0.0,0,0,0.0,0.0,0,0,0.0,0.0,0,0,0.0,0.0,0,0,0.0,0.0,0,0,0.0,0.0
7.254,0,0,0.0,0,0.0,0,0,0.0,0,0,0,0,0.0,0.0,0.0,0.0,6235944,0,0,0,0,0,0,0,0,0,0.0,0.0,0.0,0,0,0,0.0,0,0,0,0,0.0,0.0,0,255,0,0,0,0,0,0,0,0,0,0,0,0,0,0.0,0.0,0,0,0.0,0.0,0,0,0.0,0.0,0,0,0.0,0.0,0,0,0.0,0.0,0,0,0.0,0.0
7.271,0,0,0.0,0,0.0,0,0,0.0,0,0,0,0,0.0,0.0,0.0,0.0,6235944,0,0,0,0,0,0,0,0,0,0.0,0.0,0.0,0,0,0,0.0,0,0,0,0,0.0,0.0,0,255,0,0,0,0,0,0,0,0,0,0,0,0,0,0.0,0.0,0,0,0.0,0.0,0,0,0.0,0.0,0,0,0.0,0.0,0,0,0.0,0.0,0,0,0.0,0.0
7.289,0,0,0.0,0,0.0,0,0,0.0,0,0,0,0,0.0,0.0,0.0,0.0,6235944,0,0,0,0,0,0,0,0,0,0.0,0.0,0.0,0,0,0,0.0,0,0,0,0,0.0,0.0,0,255,0,0,0,0,0,0,0,0,0,0,0,0,0,0.0,0.0,0,0,0.0,0.0,0,0,0.0,0.0,0,0,0.0,0.0,0,0,0.0,0.0,0,0,0.0,0.0
7.306,0,0,0.0,0,0.0,0,0,0.0,0,0,0,0,0.0,0.0,0.0,0.0,6235944,0,0,0,0,0,0,0,0,0,0.0,0.0,0.0,0,0,0,0.0,0,0,0,0,0.0,0.0,0,255,0,0,0,0,0,0,0,0,0,0,0,0,0,0.0,0.0,0,0,0.0,0.0,0,0,0.0,0.0,0,0,0.0,0.0,0,0,0.0,0.0,0,0,0.0,0.0
7.324,0,0,0.0,0,0.0,0,0,0.0,0,0,0,0,0.0,0.0,0.0,0.0,6235944,0,0,0,0,0,0,0,0,0,0.0,0.0,0.0,0,0,0,0.0,0,0,0,0,0.0,0.0,0,255,0,0,0,0,0,0,0,0,0,0,0,0,0,0.0,0.0,0,0,0.0,0.0,0,0,0.0,0.0,0,0,0.0,0.0,0,0,0.0,0.0,0,0,0.0,0.0
7.341,0,0,0.0,0,0.0,0,0,0.0,0,0,0,0,0.0,0.0,0.0,0.0,6235944,0,0,0,0,0,0,0,0,0,0.0,0.0,0.0,0,0,0,0.0,0,0,0,0,0.0,0.0,0,255,0,0,0,0,0,0,0,0,0,0,0,0,0,0.0,0.0,0,0,0.0,0.0,0,0,0.0,0.0,0,0,0.0,0.0,0,0,0.0,0.0,0,0,0.0,0.0
7.358,0,0,0.0,0,0.0,0,0,0.0,0,0,0,0,0.0,0.0,0.0,0.0,6235944,0,0,0,0,0,0,0,0,0,0.0,0.0,0.0,0,0,0,0.0,0,0,0,0,0.0,0.0,0,255,0,0,0,0,0,0,0,0,0,0,0,0,0,0.0,0.0,0,0,0.0,0.0,0,0,0.0,0.0,0,0,0.0,0.0,0,0,0.0,0.0,0,0,0.0,0.0
7.376,0,0,0.0,0,0.0,0,0,0.0,0,0,0,0,0.0,0.0,0.0,0.0,6235944,0,0,0,0,0,0,0,0,0,0.0,0.0,0.0,0,0,0,0.0,0,0,0,0,0.0,0.0,0,255,0,0,0,0,0,0,0,0,0,0,0,0,0,0.0,0.0,0,0,0.0,0.0,0,0,0.0,0.0,0,0,0.0,0.0,0,0,0.0,0.0,0,0,0.0,0.0
7.394,0,0,0.0,0,0.0,0,0,0.0,0,0,0,0,0.0,0.0,0.0,0.0,6235944,0,0,0,0,0,0,0,0,0,0.0,0.0,0.0,0,0,0,0.0,0,0,0,0,0.0,0.0,0,255,0,0,0,0,0,0,0,0,0,0,0,0,0,0.0,0.0,0,0,0.0,0.0,0,0,0.0,0.0,0,0,0.0,0.0,0,0,0.0,0.0,0,0,0.0,0.0
7.411,0,0,0.0,0,0.0,0,0,0.0,0,0,0,0,0.0,0.0,0.0,0.0,6235944,0,0,0,0,0,0,0,0,0,0.0,0.0,0.0,0,0,0,0.0,0,0,0,0,0.0,0.0,0,255,0,0,0,0,0,0,0,0,0,0,0,0,0,0.0,0.0,0,0,0.0,0.0,0,0,0.0,0.0,0,0,0.0,0.0,0,0,0.0,0.0,0,0,0.0,0.0
7.428,0,0,0.0,0,0.0,0,0,0.0,0,0,0,0,0.0,0.0,0.0,0.0,6235944,0,0,0,0,0,0,0,0,0,0.0,0.0,0.0,0,0,0,0.0,0,0,0,0,0.0,0.0,0,255,0,0,0,0,0,0,0,0,0,0,0,0,0,0.0,0.0,0,0,0.0,0.0,0,0,0.0,0.0,0,0,0.0,0.0,0,0,0.0,0.0,0,0,0.0,0.0
7.446,0,0,0.0,0,0.0,0,0,0.0,0,0,0,0,0.0,0.0,0.0,0.0,6235944,0,0,0,0,0,0,0,0,0,0.0,0.0,0.0,0,0,0,0.0,0,0,0,0,0.0,0.0,0,255,0,0,0,0,0,0,0,0,0,0,0,0,0,0.0,0.0,0,0,0.0,0.0,0,0,0.0,0.0,0,0,0.0,0.0,0,0,0.0,0.0,0,0,0.0,0.0
7.463,0,0,0.0,0,0.0,0,0,0.0,0,0,0,0,0.0,0.0,0.0,0.0,6235944,0,0,0,0,0,0,0,0,0,0.0,0.0,0.0,0,0,0,0.0,0,0,0,0,0.0,0.0,0,255,0,0,0,0,0,0,0,0,0,0,0,0,0,0.0,0.0,0,0,0.0,0.0,0,0,0.0,0.0,0,0,0.0,0.0,0,0,0.0,0.0,0,0,0.0,0.0
7.48,0,0,0.0,0,0.0,0,0,0.0,0,0,0,0,0.0,0.0,0.0,0.0,6235944,0,0,0,0,0,0,0,0,0,0.0,0.0,0.0,0,0,0,0.0,0,0,0,0,0.0,0.0,0,255,0,0,0,0,0,0,0,0,0,0,0,0,0,0.0,0.0,0,0,0.0,0.0,0,0,0.0,0.0,0,0,0.0,0.0,0,0,0.0,0.0,0,0,0.0,0.0
7.498,0,0,0.0,0,0.0,0,0,0.0,0,0,0,0,0.0,0.0,0.0,0.0,6235944,0,0,0,0,0,0,0,0,0,0.0,0.0,0.0,0,0,0,0.0,0,0,0,0,0.0,0.0,0,255,0,0,0,0,0,0,0,0,0,0,0,0,0,0.0,0.0,0,0,0.0,0.0,0,0,0.0,0.0,0,0,0.0,0.0,0,0,0.0,0.0,0,0,0.0,0.0
7.515,0,0,0.0,0,0.0,0,0,0.0,0,0,0,0,0.0,0.0,0.0,0.0,6235944,0,0,0,0,0,0,0,0,0,0.0,0.0,0.0,0,0,0,0.0,0,0,0,0,0.0,0.0,0,255,0,0,0,0,0,0,0,0,0,0,0,0,0,0.0,0.0,0,0,0.0,0.0,0,0,0.0,0.0,0,0,0.0,0.0,0,0,0.0,0.0,0,0,0.0,0.0
7.532,0,0,0.0,0,0.0,0,0,0.0,0,0,0,0,0.0,0.0,0.0,0.0,6235944,0,0,0,0,0,0,0,0,0,0.0,0.0,0.0,0,0,0,0.0,0,0,0,0,0.0,0.0,0,255,0,0,0,0,0,0,0,0,0,0,0,0,0,0.0,0.0,0,0,0.0,0.0,0,0,0.0,0.0,0,0,0.0,0.0,0,0,0.0,0.0,0,0,0.0,0.0
7.549,0,0,0.0,0,0.0,0,0,0.0,0,0,0,0,0.0,0.0,0.0,0.0,6235944,0,0,0,0,0,0,0,0,0,0.0,0.0,0.0,0,0,0,0.0,0,0,0,0,0.0,0.0,0,255,0,0,0,0,0,0,0,0,0,0,0,0,0,0.0,0.0,0,0,0.0,0.0,0,0,0.0,0.0,0,0,0.0,0.0,0,0,0.0,0.0,0,0,0.0,0.0
7.566,0,0,0.0,0,0.0,0,0,0.0,0,0,0,0,0.0,0.0,0.0,0.0,6235944,0,0,0,0,0,0,0,0,0,0.0,0.0,0.0,0,0,0,0.0,0,0,0,0,0.0,0.0,0,255,0,0,0,0,0,0,0,0,0,0,0,0,0,0.0,0.0,0,0,0.0,0.0,0,0,0.0,0.0,0,0,0.0,0.0,0,0,0.0,0.0,0,0,0.0,0.0
7.584,0,0,0.0,0,0.0,0,0,0.0,0,0,0,0,0.0,0.0,0.0,0.0,6235944,0,0,0,0,0,0,0,0,0,0.0,0.0,0.0,0,0,0,0.0,0,0,0,0,0.0,0.0,0,255,0,0,0,0,0,0,0,0,0,0,0,0,0,0.0,0.0,0,0,0.0,0.0,0,0,0.0,0.0,0,0,0.0,0.0,0,0,0.0,0.0,0,0,0.0,0.0
7.601,0,0,0.0,0,0.0,0,0,0.0,0,0,0,0,0.0,0.0,0.0,0.0,6235944,0,0,0,0,0,0,0,0,0,0.0,0.0,0.0,0,0,0,0.0,0,0,0,0,0.0,0.0,0,255,0,0,0,0,0,0,0,0,0,0,0,0,0,0.0,0.0,0,0,0.0,0.0,0,0,0.0,0.0,0,0,0.0,0.0,0,0,0.0,0.0,0,0,0.0,0.0
7.619,0,0,0.0,0,0.0,0,0,0.0,0,0,0,0,0.0,0.0,0.0,0.0,6235944,0,0,0,0,0,0,0,0,0,0.0,0.0,0.0,0,0,0,0.0,0,0,0,0,0.0,0.0,0,255,0,0,0,0,0,0,0,0,0,0,0,0,0,0.0,0.0,0,0,0.0,0.0,0,0,0.0,0.0,0,0,0.0,0.0,0,0,0.0,0.0,0,0,0.0,0.0
7.636,0,0,0.0,0,0.0,0,0,0.0,0,0,0,0,0.0,0.0,0.0,0.0,6235944,0,0,0,0,0,0,0,0,0,0.0,0.0,0.0,0,0,0,0.0,0,0,0,0,0.0,0.0,0,255,0,0,0,0,0,0,0,0,0,0,0,0,0,0.0,0.0,0,0,0.0,0.0,0,0,0.0,0.0,0,0,0.0,0.0,0,0,0.0,0.0,0,0,0.0,0.0
7.653,0,0,0.0,0,0.0,0,0,0.0,0,0,0,0,0.0,0.0,0.0,0.0,6235944,0,0,0,0,0,0,0,0,0,0.0,0.0,0.0,0,0,0,0.0,0,0,0,0,0.0,0.0,0,255,0,0,0,0,0,0,0,0,0,0,0,0,0,0.0,0.0,0,0,0.0,0.0,0,0,0.0,0.0,0,0,0.0,0.0,0,0,0.0,0.0,0,0,0.0,0.0
7.671,0,0,0.0,0,0.0,0,0,0.0,0,0,0,0,0.0,0.0,0.0,0.0,6235944,0,0,0,0,0,0,0,0,0,0.0,0.0,0.0,0,0,0,0.0,0,0,0,0,0.0,0.0,0,255,0,0,0,0,0,0,0,0,0,0,0,0,0,0.0,0.0,0,0,0.0,0.0,0,0,0.0,0.0,0,0,0.0,0.0,0,0,0.0,0.0,0,0,0.0,0.0
7.688,0,0,0.0,0,0.0,0,0,0.0,0,0,0,0,0.0,0.0,0.0,0.0,6235944,0,0,0,0,0,0,0,0,0,0.0,0.0,0.0,0,0,0,0.0,0,0,0,0,0.0,0.0,0,255,0,0,0,0,0,0,0,0,0,0,0,0,0,0.0,0.0,0,0,0.0,0.0,0,0,0.0,0.0,0,0,0.0,0.0,0,0,0.0,0.0,0,0,0.0,0.0
7.705,0,0,0.0,0,0.0,0,0,0.0,0,0,0,0,0.0,0.0,0.0,0.0,6235944,0,0,0,0,0,0,0,0,0,0.0,0.0,0.0,0,0,0,0.0,0,0,0,0,0.0,0.0,0,255,0,0,0,0,0,0,0,0,0,0,0,0,0,0.0,0.0,0,0,0.0,0.0,0,0,0.0,0.0,0,0,0.0,0.0,0,0,0.0,0.0,0,0,0.0,0.0
7.722,0,0,0.0,0,0.0,0,0,0.0,0,0,0,0,0.0,0.0,0.0,0.0,6235944,0,0,0,0,0,0,0,0,0,0.0,0.0,0.0,0,0,0,0.0,0,0,0,0,0.0,0.0,0,255,0,0,0,0,0,0,0,0,0,0,0,0,0,0.0,0.0,0,0,0.0,0.0,0,0,0.0,0.0,0,0,0.0,0.0,0,0,0.0,0.0,0,0,0.0,0.0
7.74,0,0,0.0,0,0.0,0,0,0.0,0,0,0,0,0.0,0.0,0.0,0.0,6235944,0,0,0,0,0,0,0,0,0,0.0,0.0,0.0,0,0,0,0.0,0,0,0,0,0.0,0.0,0,255,0,0,0,0,0,0,0,0,0,0,0,0,0,0.0,0.0,0,0,0.0,0.0,0,0,0.0,0.0,0,0,0.0,0.0,0,0,0.0,0.0,0,0,0.0,0.0
7.757,0,0,0.0,0,0.0,0,0,0.0,0,0,0,0,0.0,0.0,0.0,0.0,6235944,0,0,0,0,0,0,0,0,0,0.0,0.0,0.0,0,0,0,0.0,0,0,0,0,0.0,0.0,0,255,0,0,0,0,0,0,0,0,0,0,0,0,0,0.0,0.0,0,0,0.0,0.0,0,0,0.0,0.0,0,0,0.0,0.0,0,0,0.0,0.0,0,0,0.0,0.0
7.774,0,0,0.0,0,0.0,0,0,0.0,0,0,0,0,0.0,0.0,0.0,0.0,6235944,0,0,0,0,0,0,0,0,0,0.0,0.0,0.0,0,0,0,0.0,0,0,0,0,0.0,0.0,0,255,0,0,0,0,0,0,0,0,0,0,0,0,0,0.0,0.0,0,0,0.0,0.0,0,0,0.0,0.0,0,0,0.0,0.0,0,0,0.0,0.0,0,0,0.0,0.0
7.792,0,0,0.0,0,0.0,0,0,0.0,0,0,0,0,0.0,0.0,0.0,0.0,6235944,0,0,0,0,0,0,0,0,0,0.0,0.0,0.0,0,0,0,0.0,0,0,0,0,0.0,0.0,0,255,0,0,0,0,0,0,0,0,0,0,0,0,0,0.0,0.0,0,0,0.0,0.0,0,0,0.0,0.0,0,0,0.0,0.0,0,0,0.0,0.0,0,0,0.0,0.0
7.809,0,0,0.0,0,0.0,0,0,0.0,0,0,0,0,0.0,0.0,0.0,0.0,6235944,0,0,0,0,0,0,0,0,0,0.0,0.0,0.0,0,0,0,0.0,0,0,0,0,0.0,0.0,0,255,0,0,0,0,0,0,0,0,0,0,0,0,0,0.0,0.0,0,0,0.0,0.0,0,0,0.0,0.0,0,0,0.0,0.0,0,0,0.0,0.0,0,0,0.0,0.0
7.826,0,0,0.0,0,0.0,0,0,0.0,0,0,0,0,0.0,0.0,0.0,0.0,6235944,0,0,0,0,0,0,0,0,0,0.0,0.0,0.0,0,0,0,0.0,0,0,0,0,0.0,0.0,0,255,0,0,0,0,0,0,0,0,0,0,0,0,0,0.0,0.0,0,0,0.0,0.0,0,0,0.0,0.0,0,0,0.0,0.0,0,0,0.0,0.0,0,0,0.0,0.0
7.843,0,0,0.0,0,0.0,0,0,0.0,0,0,0,0,0.0,0.0,0.0,0.0,6235944,0,0,0,0,0,0,0,0,0,0.0,0.0,0.0,0,0,0,0.0,0,0,0,0,0.0,0.0,0,255,0,0,0,0,0,0,0,0,0,0,0,0,0,0.0,0.0,0,0,0.0,0.0,0,0,0.0,0.0,0,0,0.0,0.0,0,0,0.0,0.0,0,0,0.0,0.0
7.861,0,0,0.0,0,0.0,0,0,0.0,0,0,0,0,0.0,0.0,0.0,0.0,6235944,0,0,0,0,0,0,0,0,0,0.0,0.0,0.0,0,0,0,0.0,0,0,0,0,0.0,0.0,0,255,0,0,0,0,0,0,0,0,0,0,0,0,0,0.0,0.0,0,0,0.0,0.0,0,0,0.0,0.0,0,0,0.0,0.0,0,0,0.0,0.0,0,0,0.0,0.0
7.878,0,0,0.0,0,0.0,0,0,0.0,0,0,0,0,0.0,0.0,0.0,0.0,6235944,0,0,0,0,0,0,0,0,0,0.0,0.0,0.0,0,0,0,0.0,0,0,0,0,0.0,0.0,0,255,0,0,0,0,0,0,0,0,0,0,0,0,0,0.0,0.0,0,0,0.0,0.0,0,0,0.0,0.0,0,0,0.0,0.0,0,0,0.0,0.0,0,0,0.0,0.0
7.896,0,0,0.0,0,0.0,0,0,0.0,0,0,0,0,0.0,0.0,0.0,0.0,6235944,0,0,0,0,0,0,0,0,0,0.0,0.0,0.0,0,0,0,0.0,0,0,0,0,0.0,0.0,0,255,0,0,0,0,0,0,0,0,0,0,0,0,0,0.0,0.0,0,0,0.0,0.0,0,0,0.0,0.0,0,0,0.0,0.0,0,0,0.0,0.0,0,0,0.0,0.0
7.913,0,0,0.0,0,0.0,0,0,0.0,0,0,0,0,0.0,0.0,0.0,0.0,6235944,0,0,0,0,0,0,0,0,0,0.0,0.0,0.0,0,0,0,0.0,0,0,0,0,0.0,0.0,0,255,0,0,0,0,0,0,0,0,0,0,0,0,0,0.0,0.0,0,0,0.0,0.0,0,0,0.0,0.0,0,0,0.0,0.0,0,0,0.0,0.0,0,0,0.0,0.0
7.93,0,0,0.0,0,0.0,0,0,0.0,0,0,0,0,0.0,0.0,0.0,0.0,6235944,0,0,0,0,0,0,0,0,0,0.0,0.0,0.0,0,0,0,0.0,0,0,0,0,0.0,0.0,0,255,0,0,0,0,0,0,0,0,0,0,0,0,0,0.0,0.0,0,0,0.0,0.0,0,0,0.0,0.0,0,0,0.0,0.0,0,0,0.0,0.0,0,0,0.0,0.0
7.947,0,0,0.0,0,0.0,0,0,0.0,0,0,0,0,0.0,0.0,0.0,0.0,6235944,0,0,0,0,0,0,0,0,0,0.0,0.0,0.0,0,0,0,0.0,0,0,0,0,0.0,0.0,0,255,0,0,0,0,0,0,0,0,0,0,0,0,0,0.0,0.0,0,0,0.0,0.0,0,0,0.0,0.0,0,0,0.0,0.0,0,0,0.0,0.0,0,0,0.0,0.0
7.965,0,0,0.0,0,0.0,0,0,0.0,0,0,0,0,0.0,0.0,0.0,0.0,6235944,0,0,0,0,0,0,0,0,0,0.0,0.0,0.0,0,0,0,0.0,0,0,0,0,0.0,0.0,0,255,0,0,0,0,0,0,0,0,0,0,0,0,0,0.0,0.0,0,0,0.0,0.0,0,0,0.0,0.0,0,0,0.0,0.0,0,0,0.0,0.0,0,0,0.0,0.0
7.983,0,0,0.0,0,0.0,0,0,0.0,0,0,0,0,0.0,0.0,0.0,0.0,6235944,0,0,0,0,0,0,0,0,0,0.0,0.0,0.0,0,0,0,0.0,0,0,0,0,0.0,0.0,0,255,0,0,0,0,0,0,0,0,0,0,0,0,0,0.0,0.0,0,0,0.0,0.0,0,0,0.0,0.0,0,0,0.0,0.0,0,0,0.0,0.0,0,0,0.0,0.0
8.0,0,0,0.0,0,0.0,0,0,0.0,0,0,0,0,0.0,0.0,0.0,0.0,6235944,0,0,0,0,0,0,0,0,0,0.0,0.0,0.0,0,0,0,0.0,0,0,0,0,0.0,0.0,0,255,0,0,0,0,0,0,0,0,0,0,0,0,0,0.0,0.0,0,0,0.0,0.0,0,0,0.0,0.0,0,0,0.0,0.0,0,0,0.0,0.0,0,0,0.0,0.0
8.017,0,0,0.0,0,0.0,0,0,0.0,0,0,0,0,0.0,0.0,0.0,0.0,6235944,0,0,0,0,0,0,0,0,0,0.0,0.0,0.0,0,0,0,0.0,0,0,0,0,0.0,0.0,0,255,0,0,0,0,0,0,0,0,0,0,0,0,0,0.0,0.0,0,0,0.0,0.0,0,0,0.0,0.0,0,0,0.0,0.0,0,0,0.0,0.0,0,0,0.0,0.0
8.035,0,0,0.0,0,0.0,0,0,0.0,0,0,0,0,0.0,0.0,0.0,0.0,6235944,0,0,0,0,0,0,0,0,0,0.0,0.0,0.0,0,0,0,0.0,0,0,0,0,0.0,0.0,0,255,0,0,0,0,0,0,0,0,0,0,0,0,0,0.0,0.0,0,0,0.0,0.0,0,0,0.0,0.0,0,0,0.0,0.0,0,0,0.0,0.0,0,0,0.0,0.0
8.052,0,0,0.0,0,0.0,0,0,0.0,0,0,0,0,0.0,0.0,0.0,0.0,6235944,0,0,0,0,0,0,0,0,0,0.0,0.0,0.0,0,0,0,0.0,0,0,0,0,0.0,0.0,0,255,0,0,0,0,0,0,0,0,0,0,0,0,0,0.0,0.0,0,0,0.0,0.0,0,0,0.0,0.0,0,0,0.0,0.0,0,0,0.0,0.0,0,0,0.0,0.0
8.069,0,0,0.0,0,0.0,0,0,0.0,0,0,0,0,0.0,0.0,0.0,0.0,6235944,0,0,0,0,0,0,0,0,0,0.0,0.0,0.0,0,0,0,0.0,0,0,0,0,0.0,0.0,0,255,0,0,0,0,0,0,0,0,0,0,0,0,0,0.0,0.0,0,0,0.0,0.0,0,0,0.0,0.0,0,0,0.0,0.0,0,0,0.0,0.0,0,0,0.0,0.0
8.087,0,0,0.0,0,0.0,0,0,0.0,0,0,0,0,0.0,0.0,0.0,0.0,6235944,0,0,0,0,0,0,0,0,0,0.0,0.0,0.0,0,0,0,0.0,0,0,0,0,0.0,0.0,0,255,0,0,0,0,0,0,0,0,0,0,0,0,0,0.0,0.0,0,0,0.0,0.0,0,0,0.0,0.0,0,0,0.0,0.0,0,0,0.0,0.0,0,0,0.0,0.0
8.104,0,0,0.0,0,0.0,0,0,0.0,0,0,0,0,0.0,0.0,0.0,0.0,6235944,0,0,0,0,0,0,0,0,0,0.0,0.0,0.0,0,0,0,0.0,0,0,0,0,0.0,0.0,0,255,0,0,0,0,0,0,0,0,0,0,0,0,0,0.0,0.0,0,0,0.0,0.0,0,0,0.0,0.0,0,0,0.0,0.0,0,0,0.0,0.0,0,0,0.0,0.0
8.122,0,0,0.0,0,0.0,0,0,0.0,0,0,0,0,0.0,0.0,0.0,0.0,6235944,0,0,0,0,0,0,0,0,0,0.0,0.0,0.0,0,0,0,0.0,0,0,0,0,0.0,0.0,0,255,0,0,0,0,0,0,0,0,0,0,0,0,0,0.0,0.0,0,0,0.0,0.0,0,0,0.0,0.0,0,0,0.0,0.0,0,0,0.0,0.0,0,0,0.0,0.0
8.139,0,0,0.0,0,0.0,0,0,0.0,0,0,0,0,0.0,0.0,0.0,0.0,6235944,0,0,0,0,0,0,0,0,0,0.0,0.0,0.0,0,0,0,0.0,0,0,0,0,0.0,0.0,0,255,0,0,0,0,0,0,0,0,0,0,0,0,0,0.0,0.0,0,0,0.0,0.0,0,0,0.0,0.0,0,0,0.0,0.0,0,0,0.0,0.0,0,0,0.0,0.0
8.157,0,0,0.0,0,0.0,0,0,0.0,0,0,0,0,0.0,0.0,0.0,0.0,6235944,0,0,0,0,0,0,0,0,0,0.0,0.0,0.0,0,0,0,0.0,0,0,0,0,0.0,0.0,0,255,0,0,0,0,0,0,0,0,0,0,0,0,0,0.0,0.0,0,0,0.0,0.0,0,0,0.0,0.0,0,0,0.0,0.0,0,0,0.0,0.0,0,0,0.0,0.0
8.174,0,0,0.0,0,0.0,0,0,0.0,0,0,0,0,0.0,0.0,0.0,0.0,6235944,0,0,0,0,0,0,0,0,0,0.0,0.0,0.0,0,0,0,0.0,0,0,0,0,0.0,0.0,0,255,0,0,0,0,0,0,0,0,0,0,0,0,0,0.0,0.0,0,0,0.0,0.0,0,0,0.0,0.0,0,0,0.0,0.0,0,0,0.0,0.0,0,0,0.0,0.0
8.191,0,0,0.0,0,0.0,0,0,0.0,0,0,0,0,0.0,0.0,0.0,0.0,6235944,0,0,0,0,0,0,0,0,0,0.0,0.0,0.0,0,0,0,0.0,0,0,0,0,0.0,0.0,0,255,0,0,0,0,0,0,0,0,0,0,0,0,0,0.0,0.0,0,0,0.0,0.0,0,0,0.0,0.0,0,0,0.0,0.0,0,0,0.0,0.0,0,0,0.0,0.0
8.208,0,0,0.0,0,0.0,0,0,0.0,0,0,0,0,0.0,0.0,0.0,0.0,6235944,0,0,0,0,0,0,0,0,0,0.0,0.0,0.0,0,0,0,0.0,0,0,0,0,0.0,0.0,0,255,0,0,0,0,0,0,0,0,0,0,0,0,0,0.0,0.0,0,0,0.0,0.0,0,0,0.0,0.0,0,0,0.0,0.0,0,0,0.0,0.0,0,0,0.0,0.0
8.226,0,0,0.0,0,0.0,0,0,0.0,0,0,0,0,0.0,0.0,0.0,0.0,6235944,0,0,0,0,0,0,0,0,0,0.0,0.0,0.0,0,0,0,0.0,0,0,0,0,0.0,0.0,0,255,0,0,0,0,0,0,0,0,0,0,0,0,0,0.0,0.0,0,0,0.0,0.0,0,0,0.0,0.0,0,0,0.0,0.0,0,0,0.0,0.0,0,0,0.0,0.0
8.243,0,0,0.0,0,0.0,0,0,0.0,0,0,0,0,0.0,0.0,0.0,0.0,6235944,0,0,0,0,0,0,0,0,0,0.0,0.0,0.0,0,0,0,0.0,0,0,0,0,0.0,0.0,0,255,0,0,0,0,0,0,0,0,0,0,0,0,0,0.0,0.0,0,0,0.0,0.0,0,0,0.0,0.0,0,0,0.0,0.0,0,0,0.0,0.0,0,0,0.0,0.0
8.261,0,0,0.0,0,0.0,0,0,0.0,0,0,0,0,0.0,0.0,0.0,0.0,6235944,0,0,0,0,0,0,0,0,0,0.0,0.0,0.0,0,0,0,0.0,0,0,0,0,0.0,0.0,0,255,0,0,0,0,0,0,0,0,0,0,0,0,0,0.0,0.0,0,0,0.0,0.0,0,0,0.0,0.0,0,0,0.0,0.0,0,0,0.0,0.0,0,0,0.0,0.0
8.278,0,0,0.0,0,0.0,0,0,0.0,0,0,0,0,0.0,0.0,0.0,0.0,6235944,0,0,0,0,0,0,0,0,0,0.0,0.0,0.0,0,0,0,0.0,0,0,0,0,0.0,0.0,0,255,0,0,0,0,0,0,0,0,0,0,0,0,0,0.0,0.0,0,0,0.0,0.0,0,0,0.0,0.0,0,0,0.0,0.0,0,0,0.0,0.0,0,0,0.0,0.0
8.295,0,0,0.0,0,0.0,0,0,0.0,0,0,0,0,0.0,0.0,0.0,0.0,6235944,0,0,0,0,0,0,0,0,0,0.0,0.0,0.0,0,0,0,0.0,0,0,0,0,0.0,0.0,0,255,0,0,0,0,0,0,0,0,0,0,0,0,0,0.0,0.0,0,0,0.0,0.0,0,0,0.0,0.0,0,0,0.0,0.0,0,0,0.0,0.0,0,0,0.0,0.0
8.312,0,0,0.0,0,0.0,0,0,0.0,0,0,0,0,0.0,0.0,0.0,0.0,6235944,0,0,0,0,0,0,0,0,0,0.0,0.0,0.0,0,0,0,0.0,0,0,0,0,0.0,0.0,0,255,0,0,0,0,0,0,0,0,0,0,0,0,0,0.0,0.0,0,0,0.0,0.0,0,0,0.0,0.0,0,0,0.0,0.0,0,0,0.0,0.0,0,0,0.0,0.0
8.33,0,0,0.0,0,0.0,0,0,0.0,0,0,0,0,0.0,0.0,0.0,0.0,6235944,0,0,0,0,0,0,0,0,0,0.0,0.0,0.0,0,0,0,0.0,0,0,0,0,0.0,0.0,0,255,0,0,0,0,0,0,0,0,0,0,0,0,0,0.0,0.0,0,0,0.0,0.0,0,0,0.0,0.0,0,0,0.0,0.0,0,0,0.0,0.0,0,0,0.0,0.0
8.347,0,0,0.0,0,0.0,0,0,0.0,0,0,0,0,0.0,0.0,0.0,0.0,6235944,0,0,0,0,0,0,0,0,0,0.0,0.0,0.0,0,0,0,0.0,0,0,0,0,0.0,0.0,0,255,0,0,0,0,0,0,0,0,0,0,0,0,0,0.0,0.0,0,0,0.0,0.0,0,0,0.0,0.0,0,0,0.0,0.0,0,0,0.0,0.0,0,0,0.0,0.0
8.364,0,0,0.0,0,0.0,0,0,0.0,0,0,0,0,0.0,0.0,0.0,0.0,6235944,0,0,0,0,0,0,0,0,0,0.0,0.0,0.0,0,0,0,0.0,0,0,0,0,0.0,0.0,0,255,0,0,0,0,0,0,0,0,0,0,0,0,0,0.0,0.0,0,0,0.0,0.0,0,0,0.0,0.0,0,0,0.0,0.0,0,0,0.0,0.0,0,0,0.0,0.0
8.381,0,0,0.0,0,0.0,0,0,0.0,0,0,0,0,0.0,0.0,0.0,0.0,6235944,0,0,0,0,0,0,0,0,0,0.0,0.0,0.0,0,0,0,0.0,0,0,0,0,0.0,0.0,0,255,0,0,0,0,0,0,0,0,0,0,0,0,0,0.0,0.0,0,0,0.0,0.0,0,0,0.0,0.0,0,0,0.0,0.0,0,0,0.0,0.0,0,0,0.0,0.0
8.399,0,0,0.0,0,0.0,0,0,0.0,0,0,0,0,0.0,0.0,0.0,0.0,6235944,0,0,0,0,0,0,0,0,0,0.0,0.0,0.0,0,0,0,0.0,0,0,0,0,0.0,0.0,0,255,0,0,0,0,0,0,0,0,0,0,0,0,0,0.0,0.0,0,0,0.0,0.0,0,0,0.0,0.0,0,0,0.0,0.0,0,0,0.0,0.0,0,0,0.0,0.0
8.416,0,0,0.0,0,0.0,0,0,0.0,0,0,0,0,0.0,0.0,0.0,0.0,6235944,0,0,0,0,0,0,0,0,0,0.0,0.0,0.0,0,0,0,0.0,0,0,0,0,0.0,0.0,0,255,0,0,0,0,0,0,0,0,0,0,0,0,0,0.0,0.0,0,0,0.0,0.0,0,0,0.0,0.0,0,0,0.0,0.0,0,0,0.0,0.0,0,0,0.0,0.0
8.433,0,0,0.0,0,0.0,0,0,0.0,0,0,0,0,0.0,0.0,0.0,0.0,6235944,0,0,0,0,0,0,0,0,0,0.0,0.0,0.0,0,0,0,0.0,0,0,0,0,0.0,0.0,0,255,0,0,0,0,0,0,0,0,0,0,0,0,0,0.0,0.0,0,0,0.0,0.0,0,0,0.0,0.0,0,0,0.0,0.0,0,0,0.0,0.0,0,0,0.0,0.0
8.45,0,0,0.0,0,0.0,0,0,0.0,0,0,0,0,0.0,0.0,0.0,0.0,6235944,0,0,0,0,0,0,0,0,0,0.0,0.0,0.0,0,0,0,0.0,0,0,0,0,0.0,0.0,0,255,0,0,0,0,0,0,0,0,0,0,0,0,0,0.0,0.0,0,0,0.0,0.0,0,0,0.0,0.0,0,0,0.0,0.0,0,0,0.0,0.0,0,0,0.0,0.0
8.467,0,0,0.0,0,0.0,0,0,0.0,0,0,0,0,0.0,0.0,0.0,0.0,6235944,0,0,0,0,0,0,0,0,0,0.0,0.0,0.0,0,0,0,0.0,0,0,0,0,0.0,0.0,0,255,0,0,0,0,0,0,0,0,0,0,0,0,0,0.0,0.0,0,0,0.0,0.0,0,0,0.0,0.0,0,0,0.0,0.0,0,0,0.0,0.0,0,0,0.0,0.0
8.485,0,0,0.0,0,0.0,0,0,0.0,0,0,0,0,0.0,0.0,0.0,0.0,6235944,0,0,0,0,0,0,0,0,0,0.0,0.0,0.0,0,0,0,0.0,0,0,0,0,0.0,0.0,0,255,0,0,0,0,0,0,0,0,0,0,0,0,0,0.0,0.0,0,0,0.0,0.0,0,0,0.0,0.0,0,0,0.0,0.0,0,0,0.0,0.0,0,0,0.0,0.0
8.502,0,0,0.0,0,0.0,0,0,0.0,0,0,0,0,0.0,0.0,0.0,0.0,6235944,0,0,0,0,0,0,0,0,0,0.0,0.0,0.0,0,0,0,0.0,0,0,0,0,0.0,0.0,0,255,0,0,0,0,0,0,0,0,0,0,0,0,0,0.0,0.0,0,0,0.0,0.0,0,0,0.0,0.0,0,0,0.0,0.0,0,0,0.0,0.0,0,0,0.0,0.0
8.519,0,0,0.0,0,0.0,0,0,0.0,0,0,0,0,0.0,0.0,0.0,0.0,6235944,0,0,0,0,0,0,0,0,0,0.0,0.0,0.0,0,0,0,0.0,0,0,0,0,0.0,0.0,0,255,0,0,0,0,0,0,0,0,0,0,0,0,0,0.0,0.0,0,0,0.0,0.0,0,0,0.0,0.0,0,0,0.0,0.0,0,0,0.0,0.0,0,0,0.0,0.0
8.537,0,0,0.0,0,0.0,0,0,0.0,0,0,0,0,0.0,0.0,0.0,0.0,6235944,0,0,0,0,0,0,0,0,0,0.0,0.0,0.0,0,0,0,0.0,0,0,0,0,0.0,0.0,0,255,0,0,0,0,0,0,0,0,0,0,0,0,0,0.0,0.0,0,0,0.0,0.0,0,0,0.0,0.0,0,0,0.0,0.0,0,0,0.0,0.0,0,0,0.0,0.0
8.554,0,0,0.0,0,0.0,0,0,0.0,0,0,0,0,0.0,0.0,0.0,0.0,6235944,0,0,0,0,0,0,0,0,0,0.0,0.0,0.0,0,0,0,0.0,0,0,0,0,0.0,0.0,0,255,0,0,0,0,0,0,0,0,0,0,0,0,0,0.0,0.0,0,0,0.0,0.0,0,0,0.0,0.0,0,0,0.0,0.0,0,0,0.0,0.0,0,0,0.0,0.0
8.571,0,0,0.0,0,0.0,0,0,0.0,0,0,0,0,0.0,0.0,0.0,0.0,6235944,0,0,0,0,0,0,0,0,0,0.0,0.0,0.0,0,0,0,0.0,0,0,0,0,0.0,0.0,0,255,0,0,0,0,0,0,0,0,0,0,0,0,0,0.0,0.0,0,0,0.0,0.0,0,0,0.0,0.0,0,0,0.0,0.0,0,0,0.0,0.0,0,0,0.0,0.0
8.589,0,0,0.0,0,0.0,0,0,0.0,0,0,0,0,0.0,0.0,0.0,0.0,6235944,0,0,0,0,0,0,0,0,0,0.0,0.0,0.0,0,0,0,0.0,0,0,0,0,0.0,0.0,0,255,0,0,0,0,0,0,0,0,0,0,0,0,0,0.0,0.0,0,0,0.0,0.0,0,0,0.0,0.0,0,0,0.0,0.0,0,0,0.0,0.0,0,0,0.0,0.0
8.606,0,0,0.0,0,0.0,0,0,0.0,0,0,0,0,0.0,0.0,0.0,0.0,6235944,0,0,0,0,0,0,0,0,0,0.0,0.0,0.0,0,0,0,0.0,0,0,0,0,0.0,0.0,0,255,0,0,0,0,0,0,0,0,0,0,0,0,0,0.0,0.0,0,0,0.0,0.0,0,0,0.0,0.0,0,0,0.0,0.0,0,0,0.0,0.0,0,0,0.0,0.0
8.624,0,0,0.0,0,0.0,0,0,0.0,0,0,0,0,0.0,0.0,0.0,0.0,6235944,0,0,0,0,0,0,0,0,0,0.0,0.0,0.0,0,0,0,0.0,0,0,0,0,0.0,0.0,0,255,0,0,0,0,0,0,0,0,0,0,0,0,0,0.0,0.0,0,0,0.0,0.0,0,0,0.0,0.0,0,0,0.0,0.0,0,0,0.0,0.0,0,0,0.0,0.0
8.641,0,0,0.0,0,0.0,0,0,0.0,0,0,0,0,0.0,0.0,0.0,0.0,6235944,0,0,0,0,0,0,0,0,0,0.0,0.0,0.0,0,0,0,0.0,0,0,0,0,0.0,0.0,0,255,0,0,0,0,0,0,0,0,0,0,0,0,0,0.0,0.0,0,0,0.0,0.0,0,0,0.0,0.0,0,0,0.0,0.0,0,0,0.0,0.0,0,0,0.0,0.0
8.658,0,0,0.0,0,0.0,0,0,0.0,0,0,0,0,0.0,0.0,0.0,0.0,6235944,0,0,0,0,0,0,0,0,0,0.0,0.0,0.0,0,0,0,0.0,0,0,0,0,0.0,0.0,0,255,0,0,0,0,0,0,0,0,0,0,0,0,0,0.0,0.0,0,0,0.0,0.0,0,0,0.0,0.0,0,0,0.0,0.0,0,0,0.0,0.0,0,0,0.0,0.0
8.676,0,0,0.0,0,0.0,0,0,0.0,0,0,0,0,0.0,0.0,0.0,0.0,6235944,0,0,0,0,0,0,0,0,0,0.0,0.0,0.0,0,0,0,0.0,0,0,0,0,0.0,0.0,0,255,0,0,0,0,0,0,0,0,0,0,0,0,0,0.0,0.0,0,0,0.0,0.0,0,0,0.0,0.0,0,0,0.0,0.0,0,0,0.0,0.0,0,0,0.0,0.0
8.693,0,0,0.0,0,0.0,0,0,0.0,0,0,0,0,0.0,0.0,0.0,0.0,6235944,0,0,0,0,0,0,0,0,0,0.0,0.0,0.0,0,0,0,0.0,0,0,0,0,0.0,0.0,0,255,0,0,0,0,0,0,0,0,0,0,0,0,0,0.0,0.0,0,0,0.0,0.0,0,0,0.0,0.0,0,0,0.0,0.0,0,0,0.0,0.0,0,0,0.0,0.0
8.71,0,0,0.0,0,0.0,0,0,0.0,0,0,0,0,0.0,0.0,0.0,0.0,6235944,0,0,0,0,0,0,0,0,0,0.0,0.0,0.0,0,0,0,0.0,0,0,0,0,0.0,0.0,0,255,0,0,0,0,0,0,0,0,0,0,0,0,0,0.0,0.0,0,0,0.0,0.0,0,0,0.0,0.0,0,0,0.0,0.0,0,0,0.0,0.0,0,0,0.0,0.0
8.727,0,0,0.0,0,0.0,0,0,0.0,0,0,0,0,0.0,0.0,0.0,0.0,6235944,0,0,0,0,0,0,0,0,0,0.0,0.0,0.0,0,0,0,0.0,0,0,0,0,0.0,0.0,0,255,0,0,0,0,0,0,0,0,0,0,0,0,0,0.0,0.0,0,0,0.0,0.0,0,0,0.0,0.0,0,0,0.0,0.0,0,0,0.0,0.0,0,0,0.0,0.0
8.745,0,0,0.0,0,0.0,0,0,0.0,0,0,0,0,0.0,0.0,0.0,0.0,6235944,0,0,0,0,0,0,0,0,0,0.0,0.0,0.0,0,0,0,0.0,0,0,0,0,0.0,0.0,0,255,0,0,0,0,0,0,0,0,0,0,0,0,0,0.0,0.0,0,0,0.0,0.0,0,0,0.0,0.0,0,0,0.0,0.0,0,0,0.0,0.0,0,0,0.0,0.0
8.762,0,0,0.0,0,0.0,0,0,0.0,0,0,0,0,0.0,0.0,0.0,0.0,6235944,0,0,0,0,0,0,0,0,0,0.0,0.0,0.0,0,0,0,0.0,0,0,0,0,0.0,0.0,0,255,0,0,0,0,0,0,0,0,0,0,0,0,0,0.0,0.0,0,0,0.0,0.0,0,0,0.0,0.0,0,0,0.0,0.0,0,0,0.0,0.0,0,0,0.0,0.0
8.779,0,0,0.0,0,0.0,0,0,0.0,0,0,0,0,0.0,0.0,0.0,0.0,6235944,0,0,0,0,0,0,0,0,0,0.0,0.0,0.0,0,0,0,0.0,0,0,0,0,0.0,0.0,0,255,0,0,0,0,0,0,0,0,0,0,0,0,0,0.0,0.0,0,0,0.0,0.0,0,0,0.0,0.0,0,0,0.0,0.0,0,0,0.0,0.0,0,0,0.0,0.0
8.797,0,0,0.0,0,0.0,0,0,0.0,0,0,0,0,0.0,0.0,0.0,0.0,6235944,0,0,0,0,0,0,0,0,0,0.0,0.0,0.0,0,0,0,0.0,0,0,0,0,0.0,0.0,0,255,0,0,0,0,0,0,0,0,0,0,0,0,0,0.0,0.0,0,0,0.0,0.0,0,0,0.0,0.0,0,0,0.0,0.0,0,0,0.0,0.0,0,0,0.0,0.0
8.814,0,0,0.0,0,0.0,0,0,0.0,0,0,0,0,0.0,0.0,0.0,0.0,6235944,0,0,0,0,0,0,0,0,0,0.0,0.0,0.0,0,0,0,0.0,0,0,0,0,0.0,0.0,0,255,0,0,0,0,0,0,0,0,0,0,0,0,0,0.0,0.0,0,0,0.0,0.0,0,0,0.0,0.0,0,0,0.0,0.0,0,0,0.0,0.0,0,0,0.0,0.0
8.831,0,0,0.0,0,0.0,0,0,0.0,0,0,0,0,0.0,0.0,0.0,0.0,6235944,0,0,0,0,0,0,0,0,0,0.0,0.0,0.0,0,0,0,0.0,0,0,0,0,0.0,0.0,0,255,0,0,0,0,0,0,0,0,0,0,0,0,0,0.0,0.0,0,0,0.0,0.0,0,0,0.0,0.0,0,0,0.0,0.0,0,0,0.0,0.0,0,0,0.0,0.0
8.849,0,0,0.0,0,0.0,0,0,0.0,0,0,0,0,0.0,0.0,0.0,0.0,6235944,0,0,0,0,0,0,0,0,0,0.0,0.0,0.0,0,0,0,0.0,0,0,0,0,0.0,0.0,0,255,0,0,0,0,0,0,0,0,0,0,0,0,0,0.0,0.0,0,0,0.0,0.0,0,0,0.0,0.0,0,0,0.0,0.0,0,0,0.0,0.0,0,0,0.0,0.0
8.866,0,0,0.0,0,0.0,0,0,0.0,0,0,0,0,0.0,0.0,0.0,0.0,6235944,0,0,0,0,0,0,0,0,0,0.0,0.0,0.0,0,0,0,0.0,0,0,0,0,0.0,0.0,0,255,0,0,0,0,0,0,0,0,0,0,0,0,0,0.0,0.0,0,0,0.0,0.0,0,0,0.0,0.0,0,0,0.0,0.0,0,0,0.0,0.0,0,0,0.0,0.0
8.883,0,0,0.0,0,0.0,0,0,0.0,0,0,0,0,0.0,0.0,0.0,0.0,6235944,0,0,0,0,0,0,0,0,0,0.0,0.0,0.0,0,0,0,0.0,0,0,0,0,0.0,0.0,0,255,0,0,0,0,0,0,0,0,0,0,0,0,0,0.0,0.0,0,0,0.0,0.0,0,0,0.0,0.0,0,0,0.0,0.0,0,0,0.0,0.0,0,0,0.0,0.0
8.901,0,0,0.0,0,0.0,0,0,0.0,0,0,0,0,0.0,0.0,0.0,0.0,6235944,0,0,0,0,0,0,0,0,0,0.0,0.0,0.0,0,0,0,0.0,0,0,0,0,0.0,0.0,0,255,0,0,0,0,0,0,0,0,0,0,0,0,0,0.0,0.0,0,0,0.0,0.0,0,0,0.0,0.0,0,0,0.0,0.0,0,0,0.0,0.0,0,0,0.0,0.0
8.918,0,0,0.0,0,0.0,0,0,0.0,0,0,0,0,0.0,0.0,0.0,0.0,6235944,0,0,0,0,0,0,0,0,0,0.0,0.0,0.0,0,0,0,0.0,0,0,0,0,0.0,0.0,0,255,0,0,0,0,0,0,0,0,0,0,0,0,0,0.0,0.0,0,0,0.0,0.0,0,0,0.0,0.0,0,0,0.0,0.0,0,0,0.0,0.0,0,0,0.0,0.0
8.935,0,0,0.0,0,0.0,0,0,0.0,0,0,0,0,0.0,0.0,0.0,0.0,6235944,0,0,0,0,0,0,0,0,0,0.0,0.0,0.0,0,0,0,0.0,0,0,0,0,0.0,0.0,0,255,0,0,0,0,0,0,0,0,0,0,0,0,0,0.0,0.0,0,0,0.0,0.0,0,0,0.0,0.0,0,0,0.0,0.0,0,0,0.0,0.0,0,0,0.0,0.0
8.952,0,0,0.0,0,0.0,0,0,0.0,0,0,0,0,0.0,0.0,0.0,0.0,6235944,0,0,0,0,0,0,0,0,0,0.0,0.0,0.0,0,0,0,0.0,0,0,0,0,0.0,0.0,0,255,0,0,0,0,0,0,0,0,0,0,0,0,0,0.0,0.0,0,0,0.0,0.0,0,0,0.0,0.0,0,0,0.0,0.0,0,0,0.0,0.0,0,0,0.0,0.0
8.97,0,0,0.0,0,0.0,0,0,0.0,0,0,0,0,0.0,0.0,0.0,0.0,6235944,0,0,0,0,0,0,0,0,0,0.0,0.0,0.0,0,0,0,0.0,0,0,0,0,0.0,0.0,0,255,0,0,0,0,0,0,0,0,0,0,0,0,0,0.0,0.0,0,0,0.0,0.0,0,0,0.0,0.0,0,0,0.0,0.0,0,0,0.0,0.0,0,0,0.0,0.0
8.987,0,0,0.0,0,0.0,0,0,0.0,0,0,0,0,0.0,0.0,0.0,0.0,6235944,0,0,0,0,0,0,0,0,0,0.0,0.0,0.0,0,0,0,0.0,0,0,0,0,0.0,0.0,0,255,0,0,0,0,0,0,0,0,0,0,0,0,0,0.0,0.0,0,0,0.0,0.0,0,0,0.0,0.0,0,0,0.0,0.0,0,0,0.0,0.0,0,0,0.0,0.0
9.004,0,0,0.0,0,0.0,0,0,0.0,0,0,0,0,0.0,0.0,0.0,0.0,6235944,0,0,0,0,0,0,0,0,0,0.0,0.0,0.0,0,0,0,0.0,0,0,0,0,0.0,0.0,0,255,0,0,0,0,0,0,0,0,0,0,0,0,0,0.0,0.0,0,0,0.0,0.0,0,0,0.0,0.0,0,0,0.0,0.0,0,0,0.0,0.0,0,0,0.0,0.0
9.022,0,0,0.0,0,0.0,0,0,0.0,0,0,0,0,0.0,0.0,0.0,0.0,6235944,0,0,0,0,0,0,0,0,0,0.0,0.0,0.0,0,0,0,0.0,0,0,0,0,0.0,0.0,0,255,0,0,0,0,0,0,0,0,0,0,0,0,0,0.0,0.0,0,0,0.0,0.0,0,0,0.0,0.0,0,0,0.0,0.0,0,0,0.0,0.0,0,0,0.0,0.0
9.04,0,0,0.0,0,0.0,0,0,0.0,0,0,0,0,0.0,0.0,0.0,0.0,6235944,0,0,0,0,0,0,0,0,0,0.0,0.0,0.0,0,0,0,0.0,0,0,0,0,0.0,0.0,0,255,0,0,0,0,0,0,0,0,0,0,0,0,0,0.0,0.0,0,0,0.0,0.0,0,0,0.0,0.0,0,0,0.0,0.0,0,0,0.0,0.0,0,0,0.0,0.0
9.057,0,0,0.0,0,0.0,0,0,0.0,0,0,0,0,0.0,0.0,0.0,0.0,6235944,0,0,0,0,0,0,0,0,0,0.0,0.0,0.0,0,0,0,0.0,0,0,0,0,0.0,0.0,0,255,0,0,0,0,0,0,0,0,0,0,0,0,0,0.0,0.0,0,0,0.0,0.0,0,0,0.0,0.0,0,0,0.0,0.0,0,0,0.0,0.0,0,0,0.0,0.0
9.074,0,0,0.0,0,0.0,0,0,0.0,0,0,0,0,0.0,0.0,0.0,0.0,6235944,0,0,0,0,0,0,0,0,0,0.0,0.0,0.0,0,0,0,0.0,0,0,0,0,0.0,0.0,0,255,0,0,0,0,0,0,0,0,0,0,0,0,0,0.0,0.0,0,0,0.0,0.0,0,0,0.0,0.0,0,0,0.0,0.0,0,0,0.0,0.0,0,0,0.0,0.0
9.092,0,0,0.0,0,0.0,0,0,0.0,0,0,0,0,0.0,0.0,0.0,0.0,6235944,0,0,0,0,0,0,0,0,0,0.0,0.0,0.0,0,0,0,0.0,0,0,0,0,0.0,0.0,0,255,0,0,0,0,0,0,0,0,0,0,0,0,0,0.0,0.0,0,0,0.0,0.0,0,0,0.0,0.0,0,0,0.0,0.0,0,0,0.0,0.0,0,0,0.0,0.0
9.109,0,0,0.0,0,0.0,0,0,0.0,0,0,0,0,0.0,0.0,0.0,0.0,6235944,0,0,0,0,0,0,0,0,0,0.0,0.0,0.0,0,0,0,0.0,0,0,0,0,0.0,0.0,0,255,0,0,0,0,0,0,0,0,0,0,0,0,0,0.0,0.0,0,0,0.0,0.0,0,0,0.0,0.0,0,0,0.0,0.0,0,0,0.0,0.0,0,0,0.0,0.0
9.126,0,0,0.0,0,0.0,0,0,0.0,0,0,0,0,0.0,0.0,0.0,0.0,6235944,0,0,0,0,0,0,0,0,0,0.0,0.0,0.0,0,0,0,0.0,0,0,0,0,0.0,0.0,0,255,0,0,0,0,0,0,0,0,0,0,0,0,0,0.0,0.0,0,0,0.0,0.0,0,0,0.0,0.0,0,0,0.0,0.0,0,0,0.0,0.0,0,0,0.0,0.0
9.144,0,0,0.0,0,0.0,0,0,0.0,0,0,0,0,0.0,0.0,0.0,0.0,6235944,0,0,0,0,0,0,0,0,0,0.0,0.0,0.0,0,0,0,0.0,0,0,0,0,0.0,0.0,0,255,0,0,0,0,0,0,0,0,0,0,0,0,0,0.0,0.0,0,0,0.0,0.0,0,0,0.0,0.0,0,0,0.0,0.0,0,0,0.0,0.0,0,0,0.0,0.0
9.161,0,0,0.0,0,0.0,0,0,0.0,0,0,0,0,0.0,0.0,0.0,0.0,6235944,0,0,0,0,0,0,0,0,0,0.0,0.0,0.0,0,0,0,0.0,0,0,0,0,0.0,0.0,0,255,0,0,0,0,0,0,0,0,0,0,0,0,0,0.0,0.0,0,0,0.0,0.0,0,0,0.0,0.0,0,0,0.0,0.0,0,0,0.0,0.0,0,0,0.0,0.0
9.179,0,0,0.0,0,0.0,0,0,0.0,0,0,0,0,0.0,0.0,0.0,0.0,6235944,0,0,0,0,0,0,0,0,0,0.0,0.0,0.0,0,0,0,0.0,0,0,0,0,0.0,0.0,0,255,0,0,0,0,0,0,0,0,0,0,0,0,0,0.0,0.0,0,0,0.0,0.0,0,0,0.0,0.0,0,0,0.0,0.0,0,0,0.0,0.0,0,0,0.0,0.0
9.196,0,0,0.0,0,0.0,0,0,0.0,0,0,0,0,0.0,0.0,0.0,0.0,6235944,0,0,0,0,0,0,0,0,0,0.0,0.0,0.0,0,0,0,0.0,0,0,0,0,0.0,0.0,0,255,0,0,0,0,0,0,0,0,0,0,0,0,0,0.0,0.0,0,0,0.0,0.0,0,0,0.0,0.0,0,0,0.0,0.0,0,0,0.0,0.0,0,0,0.0,0.0
9.214,0,0,0.0,0,0.0,0,0,0.0,0,0,0,0,0.0,0.0,0.0,0.0,6235944,0,0,0,0,0,0,0,0,0,0.0,0.0,0.0,0,0,0,0.0,0,0,0,0,0.0,0.0,0,255,0,0,0,0,0,0,0,0,0,0,0,0,0,0.0,0.0,0,0,0.0,0.0,0,0,0.0,0.0,0,0,0.0,0.0,0,0,0.0,0.0,0,0,0.0,0.0
9.231,0,0,0.0,0,0.0,0,0,0.0,0,0,0,0,0.0,0.0,0.0,0.0,6235944,0,0,0,0,0,0,0,0,0,0.0,0.0,0.0,0,0,0,0.0,0,0,0,0,0.0,0.0,0,255,0,0,0,0,0,0,0,0,0,0,0,0,0,0.0,0.0,0,0,0.0,0.0,0,0,0.0,0.0,0,0,0.0,0.0,0,0,0.0,0.0,0,0,0.0,0.0
9.248,0,0,0.0,0,0.0,0,0,0.0,0,0,0,0,0.0,0.0,0.0,0.0,6235944,0,0,0,0,0,0,0,0,0,0.0,0.0,0.0,0,0,0,0.0,0,0,0,0,0.0,0.0,0,255,0,0,0,0,0,0,0,0,0,0,0,0,0,0.0,0.0,0,0,0.0,0.0,0,0,0.0,0.0,0,0,0.0,0.0,0,0,0.0,0.0,0,0,0.0,0.0
9.265,0,0,0.0,0,0.0,0,0,0.0,0,0,0,0,0.0,0.0,0.0,0.0,6235944,0,0,0,0,0,0,0,0,0,0.0,0.0,0.0,0,0,0,0.0,0,0,0,0,0.0,0.0,0,255,0,0,0,0,0,0,0,0,0,0,0,0,0,0.0,0.0,0,0,0.0,0.0,0,0,0.0,0.0,0,0,0.0,0.0,0,0,0.0,0.0,0,0,0.0,0.0
9.283,0,0,0.0,0,0.0,0,0,0.0,0,0,0,0,0.0,0.0,0.0,0.0,6235944,0,0,0,0,0,0,0,0,0,0.0,0.0,0.0,0,0,0,0.0,0,0,0,0,0.0,0.0,0,255,0,0,0,0,0,0,0,0,0,0,0,0,0,0.0,0.0,0,0,0.0,0.0,0,0,0.0,0.0,0,0,0.0,0.0,0,0,0.0,0.0,0,0,0.0,0.0
9.3,0,0,0.0,0,0.0,0,0,0.0,0,0,0,0,0.0,0.0,0.0,0.0,6235944,0,0,0,0,0,0,0,0,0,0.0,0.0,0.0,0,0,0,0.0,0,0,0,0,0.0,0.0,0,255,0,0,0,0,0,0,0,0,0,0,0,0,0,0.0,0.0,0,0,0.0,0.0,0,0,0.0,0.0,0,0,0.0,0.0,0,0,0.0,0.0,0,0,0.0,0.0
9.317,0,0,0.0,0,0.0,0,0,0.0,0,0,0,0,0.0,0.0,0.0,0.0,6235944,0,0,0,0,0,0,0,0,0,0.0,0.0,0.0,0,0,0,0.0,0,0,0,0,0.0,0.0,0,255,0,0,0,0,0,0,0,0,0,0,0,0,0,0.0,0.0,0,0,0.0,0.0,0,0,0.0,0.0,0,0,0.0,0.0,0,0,0.0,0.0,0,0,0.0,0.0
9.335,0,0,0.0,0,0.0,0,0,0.0,0,0,0,0,0.0,0.0,0.0,0.0,6235944,0,0,0,0,0,0,0,0,0,0.0,0.0,0.0,0,0,0,0.0,0,0,0,0,0.0,0.0,0,255,0,0,0,0,0,0,0,0,0,0,0,0,0,0.0,0.0,0,0,0.0,0.0,0,0,0.0,0.0,0,0,0.0,0.0,0,0,0.0,0.0,0,0,0.0,0.0
9.352,0,0,0.0,0,0.0,0,0,0.0,0,0,0,0,0.0,0.0,0.0,0.0,6235944,0,0,0,0,0,0,0,0,0,0.0,0.0,0.0,0,0,0,0.0,0,0,0,0,0.0,0.0,0,255,0,0,0,0,0,0,0,0,0,0,0,0,0,0.0,0.0,0,0,0.0,0.0,0,0,0.0,0.0,0,0,0.0,0.0,0,0,0.0,0.0,0,0,0.0,0.0
9.37,0,0,0.0,0,0.0,0,0,0.0,0,0,0,0,0.0,0.0,0.0,0.0,6235944,0,0,0,0,0,0,0,0,0,0.0,0.0,0.0,0,0,0,0.0,0,0,0,0,0.0,0.0,0,255,0,0,0,0,0,0,0,0,0,0,0,0,0,0.0,0.0,0,0,0.0,0.0,0,0,0.0,0.0,0,0,0.0,0.0,0,0,0.0,0.0,0,0,0.0,0.0
9.387,0,0,0.0,0,0.0,0,0,0.0,0,0,0,0,0.0,0.0,0.0,0.0,6235944,0,0,0,0,0,0,0,0,0,0.0,0.0,0.0,0,0,0,0.0,0,0,0,0,0.0,0.0,0,255,0,0,0,0,0,0,0,0,0,0,0,0,0,0.0,0.0,0,0,0.0,0.0,0,0,0.0,0.0,0,0,0.0,0.0,0,0,0.0,0.0,0,0,0.0,0.0
9.404,0,0,0.0,0,0.0,0,0,0.0,0,0,0,0,0.0,0.0,0.0,0.0,6235944,0,0,0,0,0,0,0,0,0,0.0,0.0,0.0,0,0,0,0.0,0,0,0,0,0.0,0.0,0,255,0,0,0,0,0,0,0,0,0,0,0,0,0,0.0,0.0,0,0,0.0,0.0,0,0,0.0,0.0,0,0,0.0,0.0,0,0,0.0,0.0,0,0,0.0,0.0
9.421,0,0,0.0,0,0.0,0,0,0.0,0,0,0,0,0.0,0.0,0.0,0.0,6235944,0,0,0,0,0,0,0,0,0,0.0,0.0,0.0,0,0,0,0.0,0,0,0,0,0.0,0.0,0,255,0,0,0,0,0,0,0,0,0,0,0,0,0,0.0,0.0,0,0,0.0,0.0,0,0,0.0,0.0,0,0,0.0,0.0,0,0,0.0,0.0,0,0,0.0,0.0
9.439,0,0,0.0,0,0.0,0,0,0.0,0,0,0,0,0.0,0.0,0.0,0.0,6235944,0,0,0,0,0,0,0,0,0,0.0,0.0,0.0,0,0,0,0.0,0,0,0,0,0.0,0.0,0,255,0,0,0,0,0,0,0,0,0,0,0,0,0,0.0,0.0,0,0,0.0,0.0,0,0,0.0,0.0,0,0,0.0,0.0,0,0,0.0,0.0,0,0,0.0,0.0
9.456,0,0,0.0,0,0.0,0,0,0.0,0,0,0,0,0.0,0.0,0.0,0.0,6235944,0,0,0,0,0,0,0,0,0,0.0,0.0,0.0,0,0,0,0.0,0,0,0,0,0.0,0.0,0,255,0,0,0,0,0,0,0,0,0,0,0,0,0,0.0,0.0,0,0,0.0,0.0,0,0,0.0,0.0,0,0,0.0,0.0,0,0,0.0,0.0,0,0,0.0,0.0
9.473,0,0,0.0,0,0.0,0,0,0.0,0,0,0,0,0.0,0.0,0.0,0.0,6235944,0,0,0,0,0,0,0,0,0,0.0,0.0,0.0,0,0,0,0.0,0,0,0,0,0.0,0.0,0,255,0,0,0,0,0,0,0,0,0,0,0,0,0,0.0,0.0,0,0,0.0,0.0,0,0,0.0,0.0,0,0,0.0,0.0,0,0,0.0,0.0,0,0,0.0,0.0
9.491,0,0,0.0,0,0.0,0,0,0.0,0,0,0,0,0.0,0.0,0.0,0.0,6235944,0,0,0,0,0,0,0,0,0,0.0,0.0,0.0,0,0,0,0.0,0,0,0,0,0.0,0.0,0,255,0,0,0,0,0,0,0,0,0,0,0,0,0,0.0,0.0,0,0,0.0,0.0,0,0,0.0,0.0,0,0,0.0,0.0,0,0,0.0,0.0,0,0,0.0,0.0
9.508,0,0,0.0,0,0.0,0,0,0.0,0,0,0,0,0.0,0.0,0.0,0.0,6235944,0,0,0,0,0,0,0,0,0,0.0,0.0,0.0,0,0,0,0.0,0,0,0,0,0.0,0.0,0,255,0,0,0,0,0,0,0,0,0,0,0,0,0,0.0,0.0,0,0,0.0,0.0,0,0,0.0,0.0,0,0,0.0,0.0,0,0,0.0,0.0,0,0,0.0,0.0
9.525,0,0,0.0,0,0.0,0,0,0.0,0,0,0,0,0.0,0.0,0.0,0.0,6235944,0,0,0,0,0,0,0,0,0,0.0,0.0,0.0,0,0,0,0.0,0,0,0,0,0.0,0.0,0,255,0,0,0,0,0,0,0,0,0,0,0,0,0,0.0,0.0,0,0,0.0,0.0,0,0,0.0,0.0,0,0,0.0,0.0,0,0,0.0,0.0,0,0,0.0,0.0
9.542,0,0,0.0,0,0.0,0,0,0.0,0,0,0,0,0.0,0.0,0.0,0.0,6235944,0,0,0,0,0,0,0,0,0,0.0,0.0,0.0,0,0,0,0.0,0,0,0,0,0.0,0.0,0,255,0,0,0,0,0,0,0,0,0,0,0,0,0,0.0,0.0,0,0,0.0,0.0,0,0,0.0,0.0,0,0,0.0,0.0,0,0,0.0,0.0,0,0,0.0,0.0
9.56,0,0,0.0,0,0.0,0,0,0.0,0,0,0,0,0.0,0.0,0.0,0.0,6235944,0,0,0,0,0,0,0,0,0,0.0,0.0,0.0,0,0,0,0.0,0,0,0,0,0.0,0.0,0,255,0,0,0,0,0,0,0,0,0,0,0,0,0,0.0,0.0,0,0,0.0,0.0,0,0,0.0,0.0,0,0,0.0,0.0,0,0,0.0,0.0,0,0,0.0,0.0
9.577,0,0,0.0,0,0.0,0,0,0.0,0,0,0,0,0.0,0.0,0.0,0.0,6235944,0,0,0,0,0,0,0,0,0,0.0,0.0,0.0,0,0,0,0.0,0,0,0,0,0.0,0.0,0,255,0,0,0,0,0,0,0,0,0,0,0,0,0,0.0,0.0,0,0,0.0,0.0,0,0,0.0,0.0,0,0,0.0,0.0,0,0,0.0,0.0,0,0,0.0,0.0
9.595,0,0,0.0,0,0.0,0,0,0.0,0,0,0,0,0.0,0.0,0.0,0.0,6235944,0,0,0,0,0,0,0,0,0,0.0,0.0,0.0,0,0,0,0.0,0,0,0,0,0.0,0.0,0,255,0,0,0,0,0,0,0,0,0,0,0,0,0,0.0,0.0,0,0,0.0,0.0,0,0,0.0,0.0,0,0,0.0,0.0,0,0,0.0,0.0,0,0,0.0,0.0
9.612,0,0,0.0,0,0.0,0,0,0.0,0,0,0,0,0.0,0.0,0.0,0.0,6235944,0,0,0,0,0,0,0,0,0,0.0,0.0,0.0,0,0,0,0.0,0,0,0,0,0.0,0.0,0,255,0,0,0,0,0,0,0,0,0,0,0,0,0,0.0,0.0,0,0,0.0,0.0,0,0,0.0,0.0,0,0,0.0,0.0,0,0,0.0,0.0,0,0,0.0,0.0
9.63,0,0,0.0,0,0.0,0,0,0.0,0,0,0,0,0.0,0.0,0.0,0.0,6235944,0,0,0,0,0,0,0,0,0,0.0,0.0,0.0,0,0,0,0.0,0,0,0,0,0.0,0.0,0,255,0,0,0,0,0,0,0,0,0,0,0,0,0,0.0,0.0,0,0,0.0,0.0,0,0,0.0,0.0,0,0,0.0,0.0,0,0,0.0,0.0,0,0,0.0,0.0
9.647,0,0,0.0,0,0.0,0,0,0.0,0,0,0,0,0.0,0.0,0.0,0.0,6235944,0,0,0,0,0,0,0,0,0,0.0,0.0,0.0,0,0,0,0.0,0,0,0,0,0.0,0.0,0,255,0,0,0,0,0,0,0,0,0,0,0,0,0,0.0,0.0,0,0,0.0,0.0,0,0,0.0,0.0,0,0,0.0,0.0,0,0,0.0,0.0,0,0,0.0,0.0
9.664,0,0,0.0,0,0.0,0,0,0.0,0,0,0,0,0.0,0.0,0.0,0.0,6235944,0,0,0,0,0,0,0,0,0,0.0,0.0,0.0,0,0,0,0.0,0,0,0,0,0.0,0.0,0,255,0,0,0,0,0,0,0,0,0,0,0,0,0,0.0,0.0,0,0,0.0,0.0,0,0,0.0,0.0,0,0,0.0,0.0,0,0,0.0,0.0,0,0,0.0,0.0
9.682,0,0,0.0,0,0.0,0,0,0.0,0,0,0,0,0.0,0.0,0.0,0.0,6235944,0,0,0,0,0,0,0,0,0,0.0,0.0,0.0,0,0,0,0.0,0,0,0,0,0.0,0.0,0,255,0,0,0,0,0,0,0,0,0,0,0,0,0,0.0,0.0,0,0,0.0,0.0,0,0,0.0,0.0,0,0,0.0,0.0,0,0,0.0,0.0,0,0,0.0,0.0
9.699,0,0,0.0,0,0.0,0,0,0.0,0,0,0,0,0.0,0.0,0.0,0.0,6235944,0,0,0,0,0,0,0,0,0,0.0,0.0,0.0,0,0,0,0.0,0,0,0,0,0.0,0.0,0,255,0,0,0,0,0,0,0,0,0,0,0,0,0,0.0,0.0,0,0,0.0,0.0,0,0,0.0,0.0,0,0,0.0,0.0,0,0,0.0,0.0,0,0,0.0,0.0
9.717,0,0,0.0,0,0.0,0,0,0.0,0,0,0,0,0.0,0.0,0.0,0.0,6235944,0,0,0,0,0,0,0,0,0,0.0,0.0,0.0,0,0,0,0.0,0,0,0,0,0.0,0.0,0,255,0,0,0,0,0,0,0,0,0,0,0,0,0,0.0,0.0,0,0,0.0,0.0,0,0,0.0,0.0,0,0,0.0,0.0,0,0,0.0,0.0,0,0,0.0,0.0
9.734,0,0,0.0,0,0.0,0,0,0.0,0,0,0,0,0.0,0.0,0.0,0.0,6235944,0,0,0,0,0,0,0,0,0,0.0,0.0,0.0,0,0,0,0.0,0,0,0,0,0.0,0.0,0,255,0,0,0,0,0,0,0,0,0,0,0,0,0,0.0,0.0,0,0,0.0,0.0,0,0,0.0,0.0,0,0,0.0,0.0,0,0,0.0,0.0,0,0,0.0,0.0
9.752,0,0,0.0,0,0.0,0,0,0.0,0,0,0,0,0.0,0.0,0.0,0.0,6235944,0,0,0,0,0,0,0,0,0,0.0,0.0,0.0,0,0,0,0.0,0,0,0,0,0.0,0.0,0,255,0,0,0,0,0,0,0,0,0,0,0,0,0,0.0,0.0,0,0,0.0,0.0,0,0,0.0,0.0,0,0,0.0,0.0,0,0,0.0,0.0,0,0,0.0,0.0
9.769,0,0,0.0,0,0.0,0,0,0.0,0,0,0,0,0.0,0.0,0.0,0.0,6235944,0,0,0,0,0,0,0,0,0,0.0,0.0,0.0,0,0,0,0.0,0,0,0,0,0.0,0.0,0,255,0,0,0,0,0,0,0,0,0,0,0,0,0,0.0,0.0,0,0,0.0,0.0,0,0,0.0,0.0,0,0,0.0,0.0,0,0,0.0,0.0,0,0,0.0,0.0
9.787,0,0,0.0,0,0.0,0,0,0.0,0,0,0,0,0.0,0.0,0.0,0.0,6235944,0,0,0,0,0,0,0,0,0,0.0,0.0,0.0,0,0,0,0.0,0,0,0,0,0.0,0.0,0,255,0,0,0,0,0,0,0,0,0,0,0,0,0,0.0,0.0,0,0,0.0,0.0,0,0,0.0,0.0,0,0,0.0,0.0,0,0,0.0,0.0,0,0,0.0,0.0
9.804,0,0,0.0,0,0.0,0,0,0.0,0,0,0,0,0.0,0.0,0.0,0.0,6235944,0,0,0,0,0,0,0,0,0,0.0,0.0,0.0,0,0,0,0.0,0,0,0,0,0.0,0.0,0,255,0,0,0,0,0,0,0,0,0,0,0,0,0,0.0,0.0,0,0,0.0,0.0,0,0,0.0,0.0,0,0,0.0,0.0,0,0,0.0,0.0,0,0,0.0,0.0
9.822,0,0,0.0,0,0.0,0,0,0.0,0,0,0,0,0.0,0.0,0.0,0.0,6235944,0,0,0,0,0,0,0,0,0,0.0,0.0,0.0,0,0,0,0.0,0,0,0,0,0.0,0.0,0,255,0,0,0,0,0,0,0,0,0,0,0,0,0,0.0,0.0,0,0,0.0,0.0,0,0,0.0,0.0,0,0,0.0,0.0,0,0,0.0,0.0,0,0,0.0,0.0
9.839,0,0,0.0,0,0.0,0,0,0.0,0,0,0,0,0.0,0.0,0.0,0.0,6235944,0,0,0,0,0,0,0,0,0,0.0,0.0,0.0,0,0,0,0.0,0,0,0,0,0.0,0.0,0,255,0,0,0,0,0,0,0,0,0,0,0,0,0,0.0,0.0,0,0,0.0,0.0,0,0,0.0,0.0,0,0,0.0,0.0,0,0,0.0,0.0,0,0,0.0,0.0
9.856,0,0,0.0,0,0.0,0,0,0.0,0,0,0,0,0.0,0.0,0.0,0.0,6235944,0,0,0,0,0,0,0,0,0,0.0,0.0,0.0,0,0,0,0.0,0,0,0,0,0.0,0.0,0,255,0,0,0,0,0,0,0,0,0,0,0,0,0,0.0,0.0,0,0,0.0,0.0,0,0,0.0,0.0,0,0,0.0,0.0,0,0,0.0,0.0,0,0,0.0,0.0
9.873,0,0,0.0,0,0.0,0,0,0.0,0,0,0,0,0.0,0.0,0.0,0.0,6235944,0,0,0,0,0,0,0,0,0,0.0,0.0,0.0,0,0,0,0.0,0,0,0,0,0.0,0.0,0,255,0,0,0,0,0,0,0,0,0,0,0,0,0,0.0,0.0,0,0,0.0,0.0,0,0,0.0,0.0,0,0,0.0,0.0,0,0,0.0,0.0,0,0,0.0,0.0
9.891,0,0,0.0,0,0.0,0,0,0.0,0,0,0,0,0.0,0.0,0.0,0.0,6235944,0,0,0,0,0,0,0,0,0,0.0,0.0,0.0,0,0,0,0.0,0,0,0,0,0.0,0.0,0,255,0,0,0,0,0,0,0,0,0,0,0,0,0,0.0,0.0,0,0,0.0,0.0,0,0,0.0,0.0,0,0,0.0,0.0,0,0,0.0,0.0,0,0,0.0,0.0
9.909,0,0,0.0,0,0.0,0,0,0.0,0,0,0,0,0.0,0.0,0.0,0.0,6235944,0,0,0,0,0,0,0,0,0,0.0,0.0,0.0,0,0,0,0.0,0,0,0,0,0.0,0.0,0,255,0,0,0,0,0,0,0,0,0,0,0,0,0,0.0,0.0,0,0,0.0,0.0,0,0,0.0,0.0,0,0,0.0,0.0,0,0,0.0,0.0,0,0,0.0,0.0
9.926,0,0,0.0,0,0.0,0,0,0.0,0,0,0,0,0.0,0.0,0.0,0.0,6235944,0,0,0,0,0,0,0,0,0,0.0,0.0,0.0,0,0,0,0.0,0,0,0,0,0.0,0.0,0,255,0,0,0,0,0,0,0,0,0,0,0,0,0,0.0,0.0,0,0,0.0,0.0,0,0,0.0,0.0,0,0,0.0,0.0,0,0,0.0,0.0,0,0,0.0,0.0
9.944,0,0,0.0,0,0.0,0,0,0.0,0,0,0,0,0.0,0.0,0.0,0.0,6235944,0,0,0,0,0,0,0,0,0,0.0,0.0,0.0,0,0,0,0.0,0,0,0,0,0.0,0.0,0,255,0,0,0,0,0,0,0,0,0,0,0,0,0,0.0,0.0,0,0,0.0,0.0,0,0,0.0,0.0,0,0,0.0,0.0,0,0,0.0,0.0,0,0,0.0,0.0
9.961,0,0,0.0,0,0.0,0,0,0.0,0,0,0,0,0.0,0.0,0.0,0.0,6235944,0,0,0,0,0,0,0,0,0,0.0,0.0,0.0,0,0,0,0.0,0,0,0,0,0.0,0.0,0,255,0,0,0,0,0,0,0,0,0,0,0,0,0,0.0,0.0,0,0,0.0,0.0,0,0,0.0,0.0,0,0,0.0,0.0,0,0,0.0,0.0,0,0,0.0,0.0
9.978,0,0,0.0,0,0.0,0,0,0.0,0,0,0,0,0.0,0.0,0.0,0.0,6235944,0,0,0,0,0,0,0,0,0,0.0,0.0,0.0,0,0,0,0.0,0,0,0,0,0.0,0.0,0,255,0,0,0,0,0,0,0,0,0,0,0,0,0,0.0,0.0,0,0,0.0,0.0,0,0,0.0,0.0,0,0,0.0,0.0,0,0,0.0,0.0,0,0,0.0,0.0
9.996,0,0,0.0,0,0.0,0,0,0.0,0,0,0,0,0.0,0.0,0.0,0.0,6235944,0,0,0,0,0,0,0,0,0,0.0,0.0,0.0,0,0,0,0.0,0,0,0,0,0.0,0.0,0,255,0,0,0,0,0,0,0,0,0,0,0,0,0,0.0,0.0,0,0,0.0,0.0,0,0,0.0,0.0,0,0,0.0,0.0,0,0,0.0,0.0,0,0,0.0,0.0
10.013,0,0,0.0,0,0.0,0,0,0.0,0,0,0,0,0.0,0.0,0.0,0.0,6235944,0,0,0,0,0,0,0,0,0,0.0,0.0,0.0,0,0,0,0.0,0,0,0,0,0.0,0.0,0,255,0,0,0,0,0,0,0,0,0,0,0,0,0,0.0,0.0,0,0,0.0,0.0,0,0,0.0,0.0,0,0,0.0,0.0,0,0,0.0,0.0,0,0,0.0,0.0
10.03,0,0,0.0,0,0.0,0,0,0.0,0,0,0,0,0.0,0.0,0.0,0.0,6235944,0,0,0,0,0,0,0,0,0,0.0,0.0,0.0,0,0,0,0.0,0,0,0,0,0.0,0.0,0,255,0,0,0,0,0,0,0,0,0,0,0,0,0,0.0,0.0,0,0,0.0,0.0,0,0,0.0,0.0,0,0,0.0,0.0,0,0,0.0,0.0,0,0,0.0,0.0
10.047,0,0,0.0,0,0.0,0,0,0.0,0,0,0,0,0.0,0.0,0.0,0.0,6235944,0,0,0,0,0,0,0,0,0,0.0,0.0,0.0,0,0,0,0.0,0,0,0,0,0.0,0.0,0,255,0,0,0,0,0,0,0,0,0,0,0,0,0,0.0,0.0,0,0,0.0,0.0,0,0,0.0,0.0,0,0,0.0,0.0,0,0,0.0,0.0,0,0,0.0,0.0
10.064,0,0,0.0,0,0.0,0,0,0.0,0,0,0,0,0.0,0.0,0.0,0.0,6235944,0,0,0,0,0,0,0,0,0,0.0,0.0,0.0,0,0,0,0.0,0,0,0,0,0.0,0.0,0,255,0,0,0,0,0,0,0,0,0,0,0,0,0,0.0,0.0,0,0,0.0,0.0,0,0,0.0,0.0,0,0,0.0,0.0,0,0,0.0,0.0,0,0,0.0,0.0
10.081,0,0,0.0,0,0.0,0,0,0.0,0,0,0,0,0.0,0.0,0.0,0.0,6235944,0,0,0,0,0,0,0,0,0,0.0,0.0,0.0,0,0,0,0.0,0,0,0,0,0.0,0.0,0,255,0,0,0,0,0,0,0,0,0,0,0,0,0,0.0,0.0,0,0,0.0,0.0,0,0,0.0,0.0,0,0,0.0,0.0,0,0,0.0,0.0,0,0,0.0,0.0
10.099,0,0,0.0,0,0.0,0,0,0.0,0,0,0,0,0.0,0.0,0.0,0.0,6235944,0,0,0,0,0,0,0,0,0,0.0,0.0,0.0,0,0,0,0.0,0,0,0,0,0.0,0.0,0,255,0,0,0,0,0,0,0,0,0,0,0,0,0,0.0,0.0,0,0,0.0,0.0,0,0,0.0,0.0,0,0,0.0,0.0,0,0,0.0,0.0,0,0,0.0,0.0
10.116,0,0,0.0,0,0.0,0,0,0.0,0,0,0,0,0.0,0.0,0.0,0.0,6235944,0,0,0,0,0,0,0,0,0,0.0,0.0,0.0,0,0,0,0.0,0,0,0,0,0.0,0.0,0,255,0,0,0,0,0,0,0,0,0,0,0,0,0,0.0,0.0,0,0,0.0,0.0,0,0,0.0,0.0,0,0,0.0,0.0,0,0,0.0,0.0,0,0,0.0,0.0
10.134,0,0,0.0,0,0.0,0,0,0.0,0,0,0,0,0.0,0.0,0.0,0.0,6235944,0,0,0,0,0,0,0,0,0,0.0,0.0,0.0,0,0,0,0.0,0,0,0,0,0.0,0.0,0,255,0,0,0,0,0,0,0,0,0,0,0,0,0,0.0,0.0,0,0,0.0,0.0,0,0,0.0,0.0,0,0,0.0,0.0,0,0,0.0,0.0,0,0,0.0,0.0
10.151,0,0,0.0,0,0.0,0,0,0.0,0,0,0,0,0.0,0.0,0.0,0.0,6235944,0,0,0,0,0,0,0,0,0,0.0,0.0,0.0,0,0,0,0.0,0,0,0,0,0.0,0.0,0,255,0,0,0,0,0,0,0,0,0,0,0,0,0,0.0,0.0,0,0,0.0,0.0,0,0,0.0,0.0,0,0,0.0,0.0,0,0,0.0,0.0,0,0,0.0,0.0
10.169,0,0,0.0,0,0.0,0,0,0.0,0,0,0,0,0.0,0.0,0.0,0.0,6235944,0,0,0,0,0,0,0,0,0,0.0,0.0,0.0,0,0,0,0.0,0,0,0,0,0.0,0.0,0,255,0,0,0,0,0,0,0,0,0,0,0,0,0,0.0,0.0,0,0,0.0,0.0,0,0,0.0,0.0,0,0,0.0,0.0,0,0,0.0,0.0,0,0,0.0,0.0
10.186,0,0,0.0,0,0.0,0,0,0.0,0,0,0,0,0.0,0.0,0.0,0.0,6235944,0,0,0,0,0,0,0,0,0,0.0,0.0,0.0,0,0,0,0.0,0,0,0,0,0.0,0.0,0,255,0,0,0,0,0,0,0,0,0,0,0,0,0,0.0,0.0,0,0,0.0,0.0,0,0,0.0,0.0,0,0,0.0,0.0,0,0,0.0,0.0,0,0,0.0,0.0
10.203,0,0,0.0,0,0.0,0,0,0.0,0,0,0,0,0.0,0.0,0.0,0.0,6235944,0,0,0,0,0,0,0,0,0,0.0,0.0,0.0,0,0,0,0.0,0,0,0,0,0.0,0.0,0,255,0,0,0,0,0,0,0,0,0,0,0,0,0,0.0,0.0,0,0,0.0,0.0,0,0,0.0,0.0,0,0,0.0,0.0,0,0,0.0,0.0,0,0,0.0,0.0
10.221,0,0,0.0,0,0.0,0,0,0.0,0,0,0,0,0.0,0.0,0.0,0.0,6235944,0,0,0,0,0,0,0,0,0,0.0,0.0,0.0,0,0,0,0.0,0,0,0,0,0.0,0.0,0,255,0,0,0,0,0,0,0,0,0,0,0,0,0,0.0,0.0,0,0,0.0,0.0,0,0,0.0,0.0,0,0,0.0,0.0,0,0,0.0,0.0,0,0,0.0,0.0
10.238,0,0,0.0,0,0.0,0,0,0.0,0,0,0,0,0.0,0.0,0.0,0.0,6235944,0,0,0,0,0,0,0,0,0,0.0,0.0,0.0,0,0,0,0.0,0,0,0,0,0.0,0.0,0,255,0,0,0,0,0,0,0,0,0,0,0,0,0,0.0,0.0,0,0,0.0,0.0,0,0,0.0,0.0,0,0,0.0,0.0,0,0,0.0,0.0,0,0,0.0,0.0
10.255,0,0,0.0,0,0.0,0,0,0.0,0,0,0,0,0.0,0.0,0.0,0.0,6235944,0,0,0,0,0,0,0,0,0,0.0,0.0,0.0,0,0,0,0.0,0,0,0,0,0.0,0.0,0,255,0,0,0,0,0,0,0,0,0,0,0,0,0,0.0,0.0,0,0,0.0,0.0,0,0,0.0,0.0,0,0,0.0,0.0,0,0,0.0,0.0,0,0,0.0,0.0
10.272,0,0,0.0,0,0.0,0,0,0.0,0,0,0,0,0.0,0.0,0.0,0.0,6235944,0,0,0,0,0,0,0,0,0,0.0,0.0,0.0,0,0,0,0.0,0,0,0,0,0.0,0.0,0,255,0,0,0,0,0,0,0,0,0,0,0,0,0,0.0,0.0,0,0,0.0,0.0,0,0,0.0,0.0,0,0,0.0,0.0,0,0,0.0,0.0,0,0,0.0,0.0
10.29,0,0,0.0,0,0.0,0,0,0.0,0,0,10,0,0.0,0.0,0.0,0.0,6235944,1,2,2,2,0,0,0,0,0,0.0,0.0,0.0,0,0,0,0.0,0,0,0,0,0.0,0.0,0,255,0,0,0,0,0,0,0,0,0,0,0,0,0,0.0,0.0,0,0,0.0,0.0,0,0,0.0,0.0,0,0,0.0,0.0,0,0,0.0,0.0,0,0,0.0,0.0
10.307,0,0,0.0,0,0.0,0,0,0.0,0,0,10,0,0.0,0.0,0.0,0.0,6235944,1,2,2,2,0,0,0,0,0,0.0,0.0,0.0,0,0,0,0.0,0,0,0,0,0.0,0.0,0,255,0,0,0,0,0,0,0,0,0,0,0,0,0,0.0,0.0,0,0,0.0,0.0,0,0,0.0,0.0,0,0,0.0,0.0,0,0,0.0,0.0,0,0,0.0,0.0
10.324,0,0,0.0,0,0.0,0,0,0.0,0,0,10,0,0.0,0.0,0.0,0.0,6235944,1,2,2,2,0,0,0,0,0,0.0,0.0,0.0,0,0,0,0.0,0,0,0,0,0.0,0.0,0,255,0,0,0,0,0,0,0,0,0,0,0,0,0,0.0,0.0,0,0,0.0,0.0,0,0,0.0,0.0,0,0,0.0,0.0,0,0,0.0,0.0,0,0,0.0,0.0
10.341,0,0,0.0,0,0.0,0,0,0.0,0,0,10,0,0.0,0.0,0.0,0.0,6235944,1,2,2,2,0,0,0,0,0,0.0,0.0,0.0,0,0,0,0.0,0,0,0,0,0.0,0.0,0,255,0,0,0,0,0,0,0,0,0,0,0,0,0,0.0,0.0,0,0,0.0,0.0,0,0,0.0,0.0,0,0,0.0,0.0,0,0,0.0,0.0,0,0,0.0,0.0
10.358,0,0,0.0,0,0.0,0,0,0.0,0,0,10,0,0.0,0.0,0.0,0.0,6235944,1,2,2,2,0,0,0,0,0,0.0,0.0,0.0,0,0,0,0.0,0,0,0,0,0.0,0.0,0,255,0,0,0,0,0,0,0,0,0,0,0,0,0,0.0,0.0,0,0,0.0,0.0,0,0,0.0,0.0,0,0,0.0,0.0,0,0,0.0,0.0,0,0,0.0,0.0
10.376,0,0,0.0,0,0.0,0,0,0.0,0,0,10,0,0.0,0.0,0.0,0.0,6235944,1,2,2,2,0,0,0,0,0,0.0,0.0,0.0,0,0,0,0.0,0,0,0,0,0.0,0.0,0,255,0,0,0,0,0,0,0,0,0,0,0,0,0,0.0,0.0,0,0,0.0,0.0,0,0,0.0,0.0,0,0,0.0,0.0,0,0,0.0,0.0,0,0,0.0,0.0
10.393,0,0,0.0,0,0.0,0,0,0.0,0,0,10,0,0.0,0.0,0.0,0.0,6235944,1,2,2,2,0,0,0,0,0,0.0,0.0,0.0,0,0,0,0.0,0,0,0,0,0.0,0.0,0,255,0,0,0,0,0,0,0,0,0,0,0,0,0,0.0,0.0,0,0,0.0,0.0,0,0,0.0,0.0,0,0,0.0,0.0,0,0,0.0,0.0,0,0,0.0,0.0
10.41,0,0,0.0,0,0.0,0,0,0.0,0,0,10,0,0.0,0.0,0.0,0.0,6235944,1,2,2,2,0,0,0,0,0,0.0,0.0,0.0,0,0,0,0.0,0,0,0,0,0.0,0.0,0,255,0,0,0,0,0,0,0,0,0,0,0,0,0,0.0,0.0,0,0,0.0,0.0,0,0,0.0,0.0,0,0,0.0,0.0,0,0,0.0,0.0,0,0,0.0,0.0
10.427,0,0,0.0,0,0.0,0,0,0.0,0,0,10,0,0.0,0.0,0.0,0.0,6235944,1,2,2,2,0,0,0,0,0,0.0,0.0,0.0,0,0,0,0.0,0,0,0,0,0.0,0.0,0,255,0,0,0,0,0,0,0,0,0,0,0,0,0,0.0,0.0,0,0,0.0,0.0,0,0,0.0,0.0,0,0,0.0,0.0,0,0,0.0,0.0,0,0,0.0,0.0
10.444,0,0,0.0,0,0.0,0,0,0.0,0,0,10,0,0.0,0.0,0.0,0.0,6235944,1,2,2,2,0,0,0,0,0,0.0,0.0,0.0,0,0,0,0.0,0,0,0,0,0.0,0.0,0,255,0,0,0,0,0,0,0,0,0,0,0,0,0,0.0,0.0,0,0,0.0,0.0,0,0,0.0,0.0,0,0,0.0,0.0,0,0,0.0,0.0,0,0,0.0,0.0
10.462,0,0,0.0,0,0.0,0,0,0.0,0,0,10,0,0.0,0.0,0.0,0.0,6235944,1,2,2,2,0,0,0,0,0,0.0,0.0,0.0,0,0,0,0.0,0,0,0,0,0.0,0.0,0,255,0,0,0,0,0,0,0,0,0,0,0,0,0,0.0,0.0,0,0,0.0,0.0,0,0,0.0,0.0,0,0,0.0,0.0,0,0,0.0,0.0,0,0,0.0,0.0
10.48,0,0,0.0,0,0.0,0,0,0.0,0,0,10,0,0.0,0.0,0.0,0.0,6235944,1,2,2,2,0,0,0,0,0,0.0,0.0,0.0,0,0,0,0.0,0,0,0,0,0.0,0.0,0,255,0,0,0,0,0,0,0,0,0,0,0,0,0,0.0,0.0,0,0,0.0,0.0,0,0,0.0,0.0,0,0,0.0,0.0,0,0,0.0,0.0,0,0,0.0,0.0
10.497,0,0,0.0,0,0.0,0,0,0.0,0,0,10,0,0.0,0.0,0.0,0.0,6235944,1,2,2,2,0,0,0,0,0,0.0,0.0,0.0,0,0,0,0.0,0,0,0,0,0.0,0.0,0,255,0,0,0,0,0,0,0,0,0,0,0,0,0,0.0,0.0,0,0,0.0,0.0,0,0,0.0,0.0,0,0,0.0,0.0,0,0,0.0,0.0,0,0,0.0,0.0
10.515,0,0,0.0,0,0.0,0,0,0.0,0,0,10,0,0.0,0.0,0.0,0.0,6235944,1,2,2,2,0,0,0,0,0,0.0,0.0,0.0,0,0,0,0.0,0,0,0,0,0.0,0.0,0,255,0,0,0,0,0,0,0,0,0,0,0,0,0,0.0,0.0,0,0,0.0,0.0,0,0,0.0,0.0,0,0,0.0,0.0,0,0,0.0,0.0,0,0,0.0,0.0
10.532,0,0,0.0,0,0.0,0,0,0.0,0,0,10,0,0.0,0.0,0.0,0.0,6235944,1,2,2,2,0,0,0,0,0,0.0,0.0,0.0,0,0,0,0.0,0,0,0,0,0.0,0.0,0,255,0,0,0,0,0,0,0,0,0,0,0,0,0,0.0,0.0,0,0,0.0,0.0,0,0,0.0,0.0,0,0,0.0,0.0,0,0,0.0,0.0,0,0,0.0,0.0
10.549,0,0,0.0,0,0.0,0,0,0.0,0,0,10,0,0.0,0.0,0.0,0.0,6235944,1,2,2,2,0,0,0,0,0,0.0,0.0,0.0,0,0,0,0.0,0,0,0,0,0.0,0.0,0,255,0,0,0,0,0,0,0,0,0,0,0,0,0,0.0,0.0,0,0,0.0,0.0,0,0,0.0,0.0,0,0,0.0,0.0,0,0,0.0,0.0,0,0,0.0,0.0
10.566,0,0,0.0,0,0.0,0,0,0.0,0,0,10,0,0.0,0.0,0.0,0.0,6235944,1,2,2,2,0,0,0,0,0,0.0,0.0,0.0,0,0,0,0.0,0,0,0,0,0.0,0.0,0,255,0,0,0,0,0,0,0,0,0,0,0,0,0,0.0,0.0,0,0,0.0,0.0,0,0,0.0,0.0,0,0,0.0,0.0,0,0,0.0,0.0,0,0,0.0,0.0
10.583,0,0,0.0,0,0.0,0,0,0.0,0,0,10,0,0.0,0.0,0.0,0.0,6235944,1,2,2,2,0,0,0,0,0,0.0,0.0,0.0,0,0,0,0.0,0,0,0,0,0.0,0.0,0,255,0,0,0,0,0,0,0,0,0,0,0,0,0,0.0,0.0,0,0,0.0,0.0,0,0,0.0,0.0,0,0,0.0,0.0,0,0,0.0,0.0,0,0,0.0,0.0
10.6,0,0,0.0,0,0.0,0,0,0.0,0,0,10,0,0.0,0.0,0.0,0.0,6235944,1,2,2,2,0,0,0,0,0,0.0,0.0,0.0,0,0,0,0.0,0,0,0,0,0.0,0.0,0,255,0,0,0,0,0,0,0,0,0,0,0,0,0,0.0,0.0,0,0,0.0,0.0,0,0,0.0,0.0,0,0,0.0,0.0,0,0,0.0,0.0,0,0,0.0,0.0
10.618,0,0,0.0,0,0.0,0,0,0.0,0,0,10,0,0.0,0.0,0.0,0.0,6235944,1,2,2,2,0,0,0,0,0,0.0,0.0,0.0,0,0,0,0.0,0,0,0,0,0.0,0.0,0,255,0,0,0,0,0,0,0,0,0,0,0,0,0,0.0,0.0,0,0,0.0,0.0,0,0,0.0,0.0,0,0,0.0,0.0,0,0,0.0,0.0,0,0,0.0,0.0
10.635,0,0,0.0,0,0.0,0,0,0.0,0,0,10,0,0.0,0.0,0.0,0.0,6235944,1,2,2,2,0,0,0,0,0,0.0,0.0,0.0,0,0,0,0.0,0,0,0,0,0.0,0.0,0,255,0,0,0,0,0,0,0,0,0,0,0,0,0,0.0,0.0,0,0,0.0,0.0,0,0,0.0,0.0,0,0,0.0,0.0,0,0,0.0,0.0,0,0,0.0,0.0
10.652,0,0,0.0,0,0.0,0,0,0.0,0,0,10,0,0.0,0.0,0.0,0.0,6235944,1,2,2,2,0,0,0,0,0,0.0,0.0,0.0,0,0,0,0.0,0,0,0,0,0.0,0.0,0,255,0,0,0,0,0,0,0,0,0,0,0,0,0,0.0,0.0,0,0,0.0,0.0,0,0,0.0,0.0,0,0,0.0,0.0,0,0,0.0,0.0,0,0,0.0,0.0
10.669,0,0,0.0,0,0.0,0,0,0.0,0,0,10,0,0.0,0.0,0.0,0.0,6235944,1,2,2,2,0,0,0,0,0,0.0,0.0,0.0,0,0,0,0.0,0,0,0,0,0.0,0.0,0,255,0,0,0,0,0,0,0,0,0,0,0,0,0,0.0,0.0,0,0,0.0,0.0,0,0,0.0,0.0,0,0,0.0,0.0,0,0,0.0,0.0,0,0,0.0,0.0
10.686,0,0,0.0,0,0.0,0,0,0.0,0,0,10,0,0.0,0.0,0.0,0.0,6235944,1,2,2,2,0,0,0,0,0,0.0,0.0,0.0,0,0,0,0.0,0,0,0,0,0.0,0.0,0,255,0,0,0,0,0,0,0,0,0,0,0,0,0,0.0,0.0,0,0,0.0,0.0,0,0,0.0,0.0,0,0,0.0,0.0,0,0,0.0,0.0,0,0,0.0,0.0
10.704,0,0,0.0,0,0.0,0,0,0.0,0,0,10,0,0.0,0.0,0.0,0.0,6235944,1,2,2,2,0,0,0,0,0,0.0,0.0,0.0,0,0,0,0.0,0,0,0,0,0.0,0.0,0,255,0,0,0,0,0,0,0,0,0,0,0,0,0,0.0,0.0,0,0,0.0,0.0,0,0,0.0,0.0,0,0,0.0,0.0,0,0,0.0,0.0,0,0,0.0,0.0
10.721,0,0,0.0,0,0.0,0,0,0.0,0,0,10,0,0.0,0.0,0.0,0.0,6235944,1,2,2,2,0,0,0,0,0,0.0,0.0,0.0,0,0,0,0.0,0,0,0,0,0.0,0.0,0,255,0,0,0,0,0,0,0,0,0,0,0,0,0,0.0,0.0,0,0,0.0,0.0,0,0,0.0,0.0,0,0,0.0,0.0,0,0,0.0,0.0,0,0,0.0,0.0
10.739,0,0,0.0,0,0.0,0,0,0.0,0,0,10,0,0.0,0.0,0.0,0.0,6235944,1,2,2,2,0,0,0,0,0,0.0,0.0,0.0,0,0,0,0.0,0,0,0,0,0.0,0.0,0,255,0,0,0,0,0,0,0,0,0,0,0,0,0,0.0,0.0,0,0,0.0,0.0,0,0,0.0,0.0,0,0,0.0,0.0,0,0,0.0,0.0,0,0,0.0,0.0
10.756,0,0,0.0,0,0.0,0,0,0.0,0,0,10,0,0.0,0.0,0.0,0.0,6235944,1,2,2,2,0,0,0,0,0,0.0,0.0,0.0,0,0,0,0.0,0,0,0,0,0.0,0.0,0,255,0,0,0,0,0,0,0,0,0,0,0,0,0,0.0,0.0,0,0,0.0,0.0,0,0,0.0,0.0,0,0,0.0,0.0,0,0,0.0,0.0,0,0,0.0,0.0
10.773,0,0,0.0,0,0.0,0,0,0.0,0,0,10,0,0.0,0.0,0.0,0.0,6235944,1,2,2,2,0,0,0,0,0,0.0,0.0,0.0,0,0,0,0.0,0,0,0,0,0.0,0.0,0,255,0,0,0,0,0,0,0,0,0,0,0,0,0,0.0,0.0,0,0,0.0,0.0,0,0,0.0,0.0,0,0,0.0,0.0,0,0,0.0,0.0,0,0,0.0,0.0
10.791,0,0,0.0,0,0.0,0,0,0.0,0,0,10,0,0.0,0.0,0.0,0.0,6235944,1,2,2,2,0,0,0,0,0,0.0,0.0,0.0,0,0,0,0.0,0,0,0,0,0.0,0.0,0,255,0,0,0,0,0,0,0,0,0,0,0,0,0,0.0,0.0,0,0,0.0,0.0,0,0,0.0,0.0,0,0,0.0,0.0,0,0,0.0,0.0,0,0,0.0,0.0
10.808,0,0,0.0,0,0.0,0,0,0.0,0,0,10,0,0.0,0.0,0.0,0.0,6235944,1,2,2,2,0,0,0,0,0,0.0,0.0,0.0,0,0,0,0.0,0,0,0,0,0.0,0.0,0,255,0,0,0,0,0,0,0,0,0,0,0,0,0,0.0,0.0,0,0,0.0,0.0,0,0,0.0,0.0,0,0,0.0,0.0,0,0,0.0,0.0,0,0,0.0,0.0
10.826,0,0,0.0,0,0.0,0,0,0.0,0,0,10,0,0.0,0.0,0.0,0.0,6235944,1,2,2,2,0,0,0,0,0,0.0,0.0,0.0,0,0,0,0.0,0,0,0,0,0.0,0.0,0,255,0,0,0,0,0,0,0,0,0,0,0,0,0,0.0,0.0,0,0,0.0,0.0,0,0,0.0,0.0,0,0,0.0,0.0,0,0,0.0,0.0,0,0,0.0,0.0
10.843,0,0,0.0,0,0.0,0,0,0.0,0,0,10,0,0.0,0.0,0.0,0.0,6235944,1,2,2,2,0,0,0,0,0,0.0,0.0,0.0,0,0,0,0.0,0,0,0,0,0.0,0.0,0,255,0,0,0,0,0,0,0,0,0,0,0,0,0,0.0,0.0,0,0,0.0,0.0,0,0,0.0,0.0,0,0,0.0,0.0,0,0,0.0,0.0,0,0,0.0,0.0
10.86,0,0,0.0,0,0.0,0,0,0.0,0,0,10,0,0.0,0.0,0.0,0.0,6235944,1,2,2,2,0,0,0,0,0,0.0,0.0,0.0,0,0,0,0.0,0,0,0,0,0.0,0.0,0,255,0,0,0,0,0,0,0,0,0,0,0,0,0,0.0,0.0,0,0,0.0,0.0,0,0,0.0,0.0,0,0,0.0,0.0,0,0,0.0,0.0,0,0,0.0,0.0
10.878,0,0,0.0,0,0.0,0,0,0.0,0,0,10,0,0.0,0.0,0.0,0.0,6235944,1,2,2,2,0,0,0,0,0,0.0,0.0,0.0,0,0,0,0.0,0,0,0,0,0.0,0.0,0,255,0,0,0,0,0,0,0,0,0,0,0,0,0,0.0,0.0,0,0,0.0,0.0,0,0,0.0,0.0,0,0,0.0,0.0,0,0,0.0,0.0,0,0,0.0,0.0
10.895,0,0,0.0,0,0.0,0,0,0.0,0,0,10,0,0.0,0.0,0.0,0.0,6235944,1,2,2,2,0,0,0,0,0,0.0,0.0,0.0,0,0,0,0.0,0,0,0,0,0.0,0.0,0,255,0,0,0,0,0,0,0,0,0,0,0,0,0,0.0,0.0,0,0,0.0,0.0,0,0,0.0,0.0,0,0,0.0,0.0,0,0,0.0,0.0,0,0,0.0,0.0
10.912,0,0,0.0,0,0.0,0,0,0.0,0,0,10,0,0.0,0.0,0.0,0.0,6235944,1,2,2,2,0,0,0,0,0,0.0,0.0,0.0,0,0,0,0.0,0,0,0,0,0.0,0.0,0,255,0,0,0,0,0,0,0,0,0,0,0,0,0,0.0,0.0,0,0,0.0,0.0,0,0,0.0,0.0,0,0,0.0,0.0,0,0,0.0,0.0,0,0,0.0,0.0
10.93,0,0,0.0,0,0.0,0,0,0.0,0,0,10,0,0.0,0.0,0.0,0.0,6235944,1,2,2,2,0,0,0,0,0,0.0,0.0,0.0,0,0,0,0.0,0,0,0,0,0.0,0.0,0,255,0,0,0,0,0,0,0,0,0,0,0,0,0,0.0,0.0,0,0,0.0,0.0,0,0,0.0,0.0,0,0,0.0,0.0,0,0,0.0,0.0,0,0,0.0,0.0
10.947,0,0,0.0,0,0.0,0,0,0.0,0,0,10,0,0.0,0.0,0.0,0.0,6235944,1,2,2,2,0,0,0,0,0,0.0,0.0,0.0,0,0,0,0.0,0,0,0,0,0.0,0.0,0,255,0,0,0,0,0,0,0,0,0,0,0,0,0,0.0,0.0,0,0,0.0,0.0,0,0,0.0,0.0,0,0,0.0,0.0,0,0,0.0,0.0,0,0,0.0,0.0
10.964,0,0,0.0,0,0.0,0,0,0.0,0,0,10,0,0.0,0.0,0.0,0.0,6235944,1,2,2,2,0,0,0,0,0,0.0,0.0,0.0,0,0,0,0.0,0,0,0,0,0.0,0.0,0,255,0,0,0,0,0,0,0,0,0,0,0,0,0,0.0,0.0,0,0,0.0,0.0,0,0,0.0,0.0,0,0,0.0,0.0,0,0,0.0,0.0,0,0,0.0,0.0
10.982,0,0,0.0,0,0.0,0,0,0.0,0,0,10,0,0.0,0.0,0.0,0.0,6235944,1,2,2,2,0,0,0,0,0,0.0,0.0,0.0,0,0,0,0.0,0,0,0,0,0.0,0.0,0,255,0,0,0,0,0,0,0,0,0,0,0,0,0,0.0,0.0,0,0,0.0,0.0,0,0,0.0,0.0,0,0,0.0,0.0,0,0,0.0,0.0,0,0,0.0,0.0
10.999,0,0,0.0,0,0.0,0,0,0.0,0,0,10,0,0.0,0.0,0.0,0.0,6235944,1,2,2,2,0,0,0,0,0,0.0,0.0,0.0,0,0,0,0.0,0,0,0,0,0.0,0.0,0,255,0,0,0,0,0,0,0,0,0,0,0,0,0,0.0,0.0,0,0,0.0,0.0,0,0,0.0,0.0,0,0,0.0,0.0,0,0,0.0,0.0,0,0,0.0,0.0
11.016,0,0,0.0,0,0.0,0,0,0.0,0,0,10,0,0.0,0.0,0.0,0.0,6235944,1,2,2,2,0,0,0,0,0,0.0,0.0,0.0,0,0,0,0.0,0,0,0,0,0.0,0.0,0,255,0,0,0,0,0,0,0,0,0,0,0,0,0,0.0,0.0,0,0,0.0,0.0,0,0,0.0,0.0,0,0,0.0,0.0,0,0,0.0,0.0,0,0,0.0,0.0
11.033,0,0,0.0,0,0.0,0,0,0.0,0,0,10,0,0.0,0.0,0.0,0.0,6235944,1,2,2,2,0,0,0,0,0,0.0,0.0,0.0,0,0,0,0.0,0,0,0,0,0.0,0.0,0,255,0,0,0,0,0,0,0,0,0,0,0,0,0,0.0,0.0,0,0,0.0,0.0,0,0,0.0,0.0,0,0,0.0,0.0,0,0,0.0,0.0,0,0,0.0,0.0
11.051,0,0,0.0,0,0.0,0,0,0.0,0,0,10,0,0.0,0.0,0.0,0.0,6235944,1,2,2,2,0,0,0,0,0,0.0,0.0,0.0,0,0,0,0.0,0,0,0,0,0.0,0.0,0,255,0,0,0,0,0,0,0,0,0,0,0,0,0,0.0,0.0,0,0,0.0,0.0,0,0,0.0,0.0,0,0,0.0,0.0,0,0,0.0,0.0,0,0,0.0,0.0
11.068,0,0,0.0,0,0.0,0,0,0.0,0,0,10,0,0.0,0.0,0.0,0.0,6235944,1,2,2,2,0,0,0,0,0,0.0,0.0,0.0,0,0,0,0.0,0,0,0,0,0.0,0.0,0,255,0,0,0,0,0,0,0,0,0,0,0,0,0,0.0,0.0,0,0,0.0,0.0,0,0,0.0,0.0,0,0,0.0,0.0,0,0,0.0,0.0,0,0,0.0,0.0
11.085,0,0,0.0,0,0.0,0,0,0.0,0,0,10,0,0.0,0.0,0.0,0.0,6235944,1,2,2,2,0,0,0,0,0,0.0,0.0,0.0,0,0,0,0.0,0,0,0,0,0.0,0.0,0,255,0,0,0,0,0,0,0,0,0,0,0,0,0,0.0,0.0,0,0,0.0,0.0,0,0,0.0,0.0,0,0,0.0,0.0,0,0,0.0,0.0,0,0,0.0,0.0
11.103,0,0,0.0,0,0.0,0,0,0.0,0,0,10,0,0.0,0.0,0.0,0.0,6235944,1,2,2,2,0,0,0,0,0,0.0,0.0,0.0,0,0,0,0.0,0,0,0,0,0.0,0.0,0,255,0,0,0,0,0,0,0,0,0,0,0,0,0,0.0,0.0,0,0,0.0,0.0,0,0,0.0,0.0,0,0,0.0,0.0,0,0,0.0,0.0,0,0,0.0,0.0
11.12,0,0,0.0,0,0.0,0,0,0.0,0,0,10,0,0.0,0.0,0.0,0.0,6235944,1,2,2,2,0,0,0,0,0,0.0,0.0,0.0,0,0,0,0.0,0,0,0,0,0.0,0.0,0,255,0,0,0,0,0,0,0,0,0,0,0,0,0,0.0,0.0,0,0,0.0,0.0,0,0,0.0,0.0,0,0,0.0,0.0,0,0,0.0,0.0,0,0,0.0,0.0
11.137,0,0,0.0,0,0.0,0,0,0.0,0,0,10,0,0.0,0.0,0.0,0.0,6235944,1,2,2,2,0,0,0,0,0,0.0,0.0,0.0,0,0,0,0.0,0,0,0,0,0.0,0.0,0,255,0,0,0,0,0,0,0,0,0,0,0,0,0,0.0,0.0,0,0,0.0,0.0,0,0,0.0,0.0,0,0,0.0,0.0,0,0,0.0,0.0,0,0,0.0,0.0
11.155,0,0,0.0,0,0.0,0,0,0.0,0,0,10,0,0.0,0.0,0.0,0.0,6235944,1,2,2,2,0,0,0,0,0,0.0,0.0,0.0,0,0,0,0.0,0,0,0,0,0.0,0.0,0,255,0,0,0,0,0,0,0,0,0,0,0,0,0,0.0,0.0,0,0,0.0,0.0,0,0,0.0,0.0,0,0,0.0,0.0,0,0,0.0,0.0,0,0,0.0,0.0
11.172,0,0,0.0,0,0.0,0,0,0.0,0,0,10,0,0.0,0.0,0.0,0.0,6235944,1,2,2,2,0,0,0,0,0,0.0,0.0,0.0,0,0,0,0.0,0,0,0,0,0.0,0.0,0,255,0,0,0,0,0,0,0,0,0,0,0,0,0,0.0,0.0,0,0,0.0,0.0,0,0,0.0,0.0,0,0,0.0,0.0,0,0,0.0,0.0,0,0,0.0,0.0
11.19,0,0,0.0,0,0.0,0,0,0.0,0,0,10,0,0.0,0.0,0.0,0.0,6235944,1,2,2,2,0,0,0,0,0,0.0,0.0,0.0,0,0,0,0.0,0,0,0,0,0.0,0.0,0,255,0,0,0,0,0,0,0,0,0,0,0,0,0,0.0,0.0,0,0,0.0,0.0,0,0,0.0,0.0,0,0,0.0,0.0,0,0,0.0,0.0,0,0,0.0,0.0
11.207,0,0,0.0,0,0.0,0,0,0.0,0,0,10,0,0.0,0.0,0.0,0.0,6235944,1,2,2,2,0,0,0,0,0,0.0,0.0,0.0,0,0,0,0.0,0,0,0,0,0.0,0.0,0,255,0,0,0,0,0,0,0,0,0,0,0,0,0,0.0,0.0,0,0,0.0,0.0,0,0,0.0,0.0,0,0,0.0,0.0,0,0,0.0,0.0,0,0,0.0,0.0
11.225,0,0,0.0,0,0.0,0,0,0.0,0,0,10,0,0.0,0.0,0.0,0.0,6235944,1,2,2,2,0,0,0,0,0,0.0,0.0,0.0,0,0,0,0.0,0,0,0,0,0.0,0.0,0,255,0,0,0,0,0,0,0,0,0,0,0,0,0,0.0,0.0,0,0,0.0,0.0,0,0,0.0,0.0,0,0,0.0,0.0,0,0,0.0,0.0,0,0,0.0,0.0
11.242,0,0,0.0,0,0.0,0,0,0.0,0,0,10,0,0.0,0.0,0.0,0.0,6235944,1,2,2,2,0,0,0,0,0,0.0,0.0,0.0,0,0,0,0.0,0,0,0,0,0.0,0.0,0,255,0,0,0,0,0,0,0,0,0,0,0,0,0,0.0,0.0,0,0,0.0,0.0,0,0,0.0,0.0,0,0,0.0,0.0,0,0,0.0,0.0,0,0,0.0,0.0
11.26,0,0,0.0,0,0.0,0,0,0.0,0,0,10,0,0.0,0.0,0.0,0.0,6235944,1,2,2,2,0,0,0,0,0,0.0,0.0,0.0,0,0,0,0.0,0,0,0,0,0.0,0.0,0,255,0,0,0,0,0,0,0,0,0,0,0,0,0,0.0,0.0,0,0,0.0,0.0,0,0,0.0,0.0,0,0,0.0,0.0,0,0,0.0,0.0,0,0,0.0,0.0
11.277,0,0,0.0,0,0.0,0,0,0.0,0,0,10,0,0.0,0.0,0.0,0.0,6235944,1,2,2,2,0,0,0,0,0,0.0,0.0,0.0,0,0,0,0.0,0,0,0,0,0.0,0.0,0,255,0,0,0,0,0,0,0,0,0,0,0,0,0,0.0,0.0,0,0,0.0,0.0,0,0,0.0,0.0,0,0,0.0,0.0,0,0,0.0,0.0,0,0,0.0,0.0
11.294,0,0,0.0,0,0.0,0,0,0.0,0,0,10,0,0.0,0.0,0.0,0.0,6235944,1,2,2,2,0,0,0,0,0,0.0,0.0,0.0,0,0,0,0.0,0,0,0,0,0.0,0.0,0,255,0,0,0,0,0,0,0,0,0,0,0,0,0,0.0,0.0,0,0,0.0,0.0,0,0,0.0,0.0,0,0,0.0,0.0,0,0,0.0,0.0,0,0,0.0,0.0
11.311,0,0,0.0,0,0.0,0,0,0.0,0,0,10,0,0.0,0.0,0.0,0.0,6235944,1,2,2,2,0,0,0,0,0,0.0,0.0,0.0,0,0,0,0.0,0,0,0,0,0.0,0.0,0,255,0,0,0,0,0,0,0,0,0,0,0,0,0,0.0,0.0,0,0,0.0,0.0,0,0,0.0,0.0,0,0,0.0,0.0,0,0,0.0,0.0,0,0,0.0,0.0
11.329,0,0,0.0,0,0.0,0,0,0.0,0,0,10,0,0.0,0.0,0.0,0.0,6235944,1,2,2,2,0,0,0,0,0,0.0,0.0,0.0,0,0,0,0.0,0,0,0,0,0.0,0.0,0,255,0,0,0,0,0,0,0,0,0,0,0,0,0,0.0,0.0,0,0,0.0,0.0,0,0,0.0,0.0,0,0,0.0,0.0,0,0,0.0,0.0,0,0,0.0,0.0
11.346,0,0,0.0,0,0.0,0,0,0.0,0,0,10,0,0.0,0.0,0.0,0.0,6235944,1,2,2,2,0,0,0,0,0,0.0,0.0,0.0,0,0,0,0.0,0,0,0,0,0.0,0.0,0,255,0,0,0,0,0,0,0,0,0,0,0,0,0,0.0,0.0,0,0,0.0,0.0,0,0,0.0,0.0,0,0,0.0,0.0,0,0,0.0,0.0,0,0,0.0,0.0
11.364,0,0,0.0,0,0.0,0,0,0.0,0,0,10,0,0.0,0.0,0.0,0.0,6235944,1,2,2,2,0,0,0,0,0,0.0,0.0,0.0,0,0,0,0.0,0,0,0,0,0.0,0.0,0,255,0,0,0,0,0,0,0,0,0,0,0,0,0,0.0,0.0,0,0,0.0,0.0,0,0,0.0,0.0,0,0,0.0,0.0,0,0,0.0,0.0,0,0,0.0,0.0
11.381,0,0,0.0,0,0.0,0,0,0.0,0,0,10,0,0.0,0.0,0.0,0.0,6235944,1,2,2,2,0,0,0,0,0,0.0,0.0,0.0,0,0,0,0.0,0,0,0,0,0.0,0.0,0,255,0,0,0,0,0,0,0,0,0,0,0,0,0,0.0,0.0,0,0,0.0,0.0,0,0,0.0,0.0,0,0,0.0,0.0,0,0,0.0,0.0,0,0,0.0,0.0
11.398,0,0,0.0,0,0.0,0,0,0.0,0,0,10,0,0.0,0.0,0.0,0.0,6235944,1,2,2,2,0,0,0,0,0,0.0,0.0,0.0,0,0,0,0.0,0,0,0,0,0.0,0.0,0,255,0,0,0,0,0,0,0,0,0,0,0,0,0,0.0,0.0,0,0,0.0,0.0,0,0,0.0,0.0,0,0,0.0,0.0,0,0,0.0,0.0,0,0,0.0,0.0
11.415,0,0,0.0,0,0.0,0,0,0.0,0,0,10,0,0.0,0.0,0.0,0.0,6235944,1,2,2,2,0,0,0,0,0,0.0,0.0,0.0,0,0,0,0.0,0,0,0,0,0.0,0.0,0,255,0,0,0,0,0,0,0,0,0,0,0,0,0,0.0,0.0,0,0,0.0,0.0,0,0,0.0,0.0,0,0,0.0,0.0,0,0,0.0,0.0,0,0,0.0,0.0
11.433,0,0,0.0,0,0.0,0,0,0.0,0,0,10,0,0.0,0.0,0.0,0.0,6235944,1,2,2,2,0,0,0,0,0,0.0,0.0,0.0,0,0,0,0.0,0,0,0,0,0.0,0.0,0,255,0,0,0,0,0,0,0,0,0,0,0,0,0,0.0,0.0,0,0,0.0,0.0,0,0,0.0,0.0,0,0,0.0,0.0,0,0,0.0,0.0,0,0,0.0,0.0
11.45,0,0,0.0,0,0.0,0,0,0.0,0,0,10,0,0.0,0.0,0.0,0.0,6235944,1,2,2,2,0,0,0,0,0,0.0,0.0,0.0,0,0,0,0.0,0,0,0,0,0.0,0.0,0,255,0,0,0,0,0,0,0,0,0,0,0,0,0,0.0,0.0,0,0,0.0,0.0,0,0,0.0,0.0,0,0,0.0,0.0,0,0,0.0,0.0,0,0,0.0,0.0
11.468,0,0,0.0,0,0.0,0,0,0.0,0,0,10,0,0.0,0.0,0.0,0.0,6235944,1,2,2,2,0,0,0,0,0,0.0,0.0,0.0,0,0,0,0.0,0,0,0,0,0.0,0.0,0,255,0,0,0,0,0,0,0,0,0,0,0,0,0,0.0,0.0,0,0,0.0,0.0,0,0,0.0,0.0,0,0,0.0,0.0,0,0,0.0,0.0,0,0,0.0,0.0
11.485,0,0,0.0,0,0.0,0,0,0.0,0,0,10,0,0.0,0.0,0.0,0.0,6235944,1,2,2,2,0,0,0,0,0,0.0,0.0,0.0,0,0,0,0.0,0,0,0,0,0.0,0.0,0,255,0,0,0,0,0,0,0,0,0,0,0,0,0,0.0,0.0,0,0,0.0,0.0,0,0,0.0,0.0,0,0,0.0,0.0,0,0,0.0,0.0,0,0,0.0,0.0
11.502,0,0,0.0,0,0.0,0,0,0.0,0,0,10,0,0.0,0.0,0.0,0.0,6235944,1,2,2,2,0,0,0,0,0,0.0,0.0,0.0,0,0,0,0.0,0,0,0,0,0.0,0.0,0,255,0,0,0,0,0,0,0,0,0,0,0,0,0,0.0,0.0,0,0,0.0,0.0,0,0,0.0,0.0,0,0,0.0,0.0,0,0,0.0,0.0,0,0,0.0,0.0
11.52,0,0,0.0,0,0.0,0,0,0.0,0,0,10,0,0.0,0.0,0.0,0.0,6235944,1,2,2,2,0,0,0,0,0,0.0,0.0,0.0,0,0,0,0.0,0,0,0,0,0.0,0.0,0,255,0,0,0,0,0,0,0,0,0,0,0,0,0,0.0,0.0,0,0,0.0,0.0,0,0,0.0,0.0,0,0,0.0,0.0,0,0,0.0,0.0,0,0,0.0,0.0
11.537,0,0,0.0,0,0.0,0,0,0.0,0,0,10,0,0.0,0.0,0.0,0.0,6235944,1,2,2,2,0,0,0,0,0,0.0,0.0,0.0,0,0,0,0.0,0,0,0,0,0.0,0.0,0,255,0,0,0,0,0,0,0,0,0,0,0,0,0,0.0,0.0,0,0,0.0,0.0,0,0,0.0,0.0,0,0,0.0,0.0,0,0,0.0,0.0,0,0,0.0,0.0
11.554,0,0,0.0,0,0.0,0,0,0.0,0,0,10,0,0.0,0.0,0.0,0.0,6235944,1,2,2,2,0,0,0,0,0,0.0,0.0,0.0,0,0,0,0.0,0,0,0,0,0.0,0.0,0,255,0,0,0,0,0,0,0,0,0,0,0,0,0,0.0,0.0,0,0,0.0,0.0,0,0,0.0,0.0,0,0,0.0,0.0,0,0,0.0,0.0,0,0,0.0,0.0
11.571,0,0,0.0,0,0.0,0,0,0.0,0,0,10,0,0.0,0.0,0.0,0.0,6235944,1,2,2,2,0,0,0,0,0,0.0,0.0,0.0,0,0,0,0.0,0,0,0,0,0.0,0.0,0,255,0,0,0,0,0,0,0,0,0,0,0,0,0,0.0,0.0,0,0,0.0,0.0,0,0,0.0,0.0,0,0,0.0,0.0,0,0,0.0,0.0,0,0,0.0,0.0
11.589,0,0,0.0,0,0.0,0,0,0.0,0,0,10,0,0.0,0.0,0.0,0.0,6235944,1,2,2,2,0,0,0,0,0,0.0,0.0,0.0,0,0,0,0.0,0,0,0,0,0.0,0.0,0,255,0,0,0,0,0,0,0,0,0,0,0,0,0,0.0,0.0,0,0,0.0,0.0,0,0,0.0,0.0,0,0,0.0,0.0,0,0,0.0,0.0,0,0,0.0,0.0
11.606,0,0,0.0,0,0.0,0,0,0.0,0,0,10,0,0.0,0.0,0.0,0.0,6235944,1,2,2,2,0,0,0,0,0,0.0,0.0,0.0,0,0,0,0.0,0,0,0,0,0.0,0.0,0,255,0,0,0,0,0,0,0,0,0,0,0,0,0,0.0,0.0,0,0,0.0,0.0,0,0,0.0,0.0,0,0,0.0,0.0,0,0,0.0,0.0,0,0,0.0,0.0
11.623,0,0,0.0,0,0.0,0,0,0.0,0,0,10,0,0.0,0.0,0.0,0.0,6235944,1,2,2,2,0,0,0,0,0,0.0,0.0,0.0,0,0,0,0.0,0,0,0,0,0.0,0.0,0,255,0,0,0,0,0,0,0,0,0,0,0,0,0,0.0,0.0,0,0,0.0,0.0,0,0,0.0,0.0,0,0,0.0,0.0,0,0,0.0,0.0,0,0,0.0,0.0
11.641,0,0,0.0,0,0.0,0,0,0.0,0,0,10,0,0.0,0.0,0.0,0.0,6235944,1,2,2,2,0,0,0,0,0,0.0,0.0,0.0,0,0,0,0.0,0,0,0,0,0.0,0.0,0,255,0,0,0,0,0,0,0,0,0,0,0,0,0,0.0,0.0,0,0,0.0,0.0,0,0,0.0,0.0,0,0,0.0,0.0,0,0,0.0,0.0,0,0,0.0,0.0
11.658,0,0,0.0,0,0.0,0,0,0.0,0,0,10,0,0.0,0.0,0.0,0.0,6235944,1,2,2,2,0,0,0,0,0,0.0,0.0,0.0,0,0,0,0.0,0,0,0,0,0.0,0.0,0,255,0,0,0,0,0,0,0,0,0,0,0,0,0,0.0,0.0,0,0,0.0,0.0,0,0,0.0,0.0,0,0,0.0,0.0,0,0,0.0,0.0,0,0,0.0,0.0
11.675,0,0,0.0,0,0.0,0,0,0.0,0,0,10,0,0.0,0.0,0.0,0.0,6235944,1,2,2,2,0,0,0,0,0,0.0,0.0,0.0,0,0,0,0.0,0,0,0,0,0.0,0.0,0,255,0,0,0,0,0,0,0,0,0,0,0,0,0,0.0,0.0,0,0,0.0,0.0,0,0,0.0,0.0,0,0,0.0,0.0,0,0,0.0,0.0,0,0,0.0,0.0
11.693,0,0,0.0,0,0.0,0,0,0.0,0,0,10,0,0.0,0.0,0.0,0.0,6235944,1,2,2,2,0,0,0,0,0,0.0,0.0,0.0,0,0,0,0.0,0,0,0,0,0.0,0.0,0,255,0,0,0,0,0,0,0,0,0,0,0,0,0,0.0,0.0,0,0,0.0,0.0,0,0,0.0,0.0,0,0,0.0,0.0,0,0,0.0,0.0,0,0,0.0,0.0
11.71,0,0,0.0,0,0.0,0,0,0.0,0,0,10,0,0.0,0.0,0.0,0.0,6235944,1,2,2,2,0,0,0,0,0,0.0,0.0,0.0,0,0,0,0.0,0,0,0,0,0.0,0.0,0,255,0,0,0,0,0,0,0,0,0,0,0,0,0,0.0,0.0,0,0,0.0,0.0,0,0,0.0,0.0,0,0,0.0,0.0,0,0,0.0,0.0,0,0,0.0,0.0
11.727,0,0,0.0,0,0.0,0,0,0.0,0,0,10,0,0.0,0.0,0.0,0.0,6235944,1,2,2,2,0,0,0,0,0,0.0,0.0,0.0,0,0,0,0.0,0,0,0,0,0.0,0.0,0,255,0,0,0,0,0,0,0,0,0,0,0,0,0,0.0,0.0,0,0,0.0,0.0,0,0,0.0,0.0,0,0,0.0,0.0,0,0,0.0,0.0,0,0,0.0,0.0
11.745,0,0,0.0,0,0.0,0,0,0.0,0,0,10,0,0.0,0.0,0.0,0.0,6235944,1,2,2,2,0,0,0,0,0,0.0,0.0,0.0,0,0,0,0.0,0,0,0,0,0.0,0.0,0,255,0,0,0,0,0,0,0,0,0,0,0,0,0,0.0,0.0,0,0,0.0,0.0,0,0,0.0,0.0,0,0,0.0,0.0,0,0,0.0,0.0,0,0,0.0,0.0
11.762,0,0,0.0,0,0.0,0,0,0.0,0,0,10,0,0.0,0.0,0.0,0.0,6235944,1,2,2,2,0,0,0,0,0,0.0,0.0,0.0,0,0,0,0.0,0,0,0,0,0.0,0.0,0,255,0,0,0,0,0,0,0,0,0,0,0,0,0,0.0,0.0,0,0,0.0,0.0,0,0,0.0,0.0,0,0,0.0,0.0,0,0,0.0,0.0,0,0,0.0,0.0
11.78,0,0,0.0,0,0.0,0,0,0.0,0,0,10,0,0.0,0.0,0.0,0.0,6235944,1,2,2,2,0,0,0,0,0,0.0,0.0,0.0,0,0,0,0.0,0,0,0,0,0.0,0.0,0,255,0,0,0,0,0,0,0,0,0,0,0,0,0,0.0,0.0,0,0,0.0,0.0,0,0,0.0,0.0,0,0,0.0,0.0,0,0,0.0,0.0,0,0,0.0,0.0
11.797,0,0,0.0,0,0.0,0,0,0.0,0,0,10,0,0.0,0.0,0.0,0.0,6235944,1,2,2,2,0,0,0,0,0,0.0,0.0,0.0,0,0,0,0.0,0,0,0,0,0.0,0.0,0,255,0,0,0,0,0,0,0,0,0,0,0,0,0,0.0,0.0,0,0,0.0,0.0,0,0,0.0,0.0,0,0,0.0,0.0,0,0,0.0,0.0,0,0,0.0,0.0
11.814,0,0,0.0,0,0.0,0,0,0.0,0,0,10,0,0.0,0.0,0.0,0.0,6235944,1,2,2,2,0,0,0,0,0,0.0,0.0,0.0,0,0,0,0.0,0,0,0,0,0.0,0.0,0,255,0,0,0,0,0,0,0,0,0,0,0,0,0,0.0,0.0,0,0,0.0,0.0,0,0,0.0,0.0,0,0,0.0,0.0,0,0,0.0,0.0,0,0,0.0,0.0
11.832,0,0,0.0,0,0.0,0,0,0.0,0,0,10,0,0.0,0.0,0.0,0.0,6235944,1,2,2,2,0,0,0,0,0,0.0,0.0,0.0,0,0,0,0.0,0,0,0,0,0.0,0.0,0,255,0,0,0,0,0,0,0,0,0,0,0,0,0,0.0,0.0,0,0,0.0,0.0,0,0,0.0,0.0,0,0,0.0,0.0,0,0,0.0,0.0,0,0,0.0,0.0
11.849,0,0,0.0,0,0.0,0,0,0.0,0,0,10,0,0.0,0.0,0.0,0.0,6235944,1,2,2,2,0,0,0,0,0,0.0,0.0,0.0,0,0,0,0.0,0,0,0,0,0.0,0.0,0,255,0,0,0,0,0,0,0,0,0,0,0,0,0,0.0,0.0,0,0,0.0,0.0,0,0,0.0,0.0,0,0,0.0,0.0,0,0,0.0,0.0,0,0,0.0,0.0
11.866,0,0,0.0,0,0.0,0,0,0.0,0,0,10,0,0.0,0.0,0.0,0.0,6235944,1,2,2,2,0,0,0,0,0,0.0,0.0,0.0,0,0,0,0.0,0,0,0,0,0.0,0.0,0,255,0,0,0,0,0,0,0,0,0,0,0,0,0,0.0,0.0,0,0,0.0,0.0,0,0,0.0,0.0,0,0,0.0,0.0,0,0,0.0,0.0,0,0,0.0,0.0
11.884,0,0,0.0,0,0.0,0,0,0.0,0,0,10,0,0.0,0.0,0.0,0.0,6235944,1,2,2,2,0,0,0,0,0,0.0,0.0,0.0,0,0,0,0.0,0,0,0,0,0.0,0.0,0,255,0,0,0,0,0,0,0,0,0,0,0,0,0,0.0,0.0,0,0,0.0,0.0,0,0,0.0,0.0,0,0,0.0,0.0,0,0,0.0,0.0,0,0,0.0,0.0
11.901,0,0,0.0,0,0.0,0,0,0.0,0,0,10,0,0.0,0.0,0.0,0.0,6235944,1,2,2,2,0,0,0,0,0,0.0,0.0,0.0,0,0,0,0.0,0,0,0,0,0.0,0.0,0,255,0,0,0,0,0,0,0,0,0,0,0,0,0,0.0,0.0,0,0,0.0,0.0,0,0,0.0,0.0,0,0,0.0,0.0,0,0,0.0,0.0,0,0,0.0,0.0
11.919,0,0,0.0,0,0.0,0,0,0.0,0,0,10,0,0.0,0.0,0.0,0.0,6235944,1,2,2,2,0,0,0,0,0,0.0,0.0,0.0,0,0,0,0.0,0,0,0,0,0.0,0.0,0,255,0,0,0,0,0,0,0,0,0,0,0,0,0,0.0,0.0,0,0,0.0,0.0,0,0,0.0,0.0,0,0,0.0,0.0,0,0,0.0,0.0,0,0,0.0,0.0
11.936,0,0,0.0,0,0.0,0,0,0.0,0,0,10,0,0.0,0.0,0.0,0.0,6235944,1,2,2,2,0,0,0,0,0,0.0,0.0,0.0,0,0,0,0.0,0,0,0,0,0.0,0.0,0,255,0,0,0,0,0,0,0,0,0,0,0,0,0,0.0,0.0,0,0,0.0,0.0,0,0,0.0,0.0,0,0,0.0,0.0,0,0,0.0,0.0,0,0,0.0,0.0
11.953,0,0,0.0,0,0.0,0,0,0.0,0,0,10,0,0.0,0.0,0.0,0.0,6235944,1,2,2,2,0,0,0,0,0,0.0,0.0,0.0,0,0,0,0.0,0,0,0,0,0.0,0.0,0,255,0,0,0,0,0,0,0,0,0,0,0,0,0,0.0,0.0,0,0,0.0,0.0,0,0,0.0,0.0,0,0,0.0,0.0,0,0,0.0,0.0,0,0,0.0,0.0
11.97,0,0,0.0,0,0.0,0,0,0.0,0,0,10,0,0.0,0.0,0.0,0.0,6235944,1,2,2,2,0,0,0,0,0,0.0,0.0,0.0,0,0,0,0.0,0,0,0,0,0.0,0.0,0,255,0,0,0,0,0,0,0,0,0,0,0,0,0,0.0,0.0,0,0,0.0,0.0,0,0,0.0,0.0,0,0,0.0,0.0,0,0,0.0,0.0,0,0,0.0,0.0
11.988,0,0,0.0,0,0.0,0,0,0.0,0,0,10,0,0.0,0.0,0.0,0.0,6235944,1,2,2,2,0,0,0,0,0,0.0,0.0,0.0,0,0,0,0.0,0,0,0,0,0.0,0.0,0,255,0,0,0,0,0,0,0,0,0,0,0,0,0,0.0,0.0,0,0,0.0,0.0,0,0,0.0,0.0,0,0,0.0,0.0,0,0,0.0,0.0,0,0,0.0,0.0
12.005,0,0,0.0,0,0.0,0,0,0.0,0,0,10,0,0.0,0.0,0.0,0.0,6235944,1,2,2,2,0,0,0,0,0,0.0,0.0,0.0,0,0,0,0.0,0,0,0,0,0.0,0.0,0,255,0,0,0,0,0,0,0,0,0,0,0,0,0,0.0,0.0,0,0,0.0,0.0,0,0,0.0,0.0,0,0,0.0,0.0,0,0,0.0,0.0,0,0,0.0,0.0
12.022,0,0,0.0,0,0.0,0,0,0.0,0,0,10,0,0.0,0.0,0.0,0.0,6235944,1,2,2,2,0,0,0,0,0,0.0,0.0,0.0,0,0,0,0.0,0,0,0,0,0.0,0.0,0,255,0,0,0,0,0,0,0,0,0,0,0,0,0,0.0,0.0,0,0,0.0,0.0,0,0,0.0,0.0,0,0,0.0,0.0,0,0,0.0,0.0,0,0,0.0,0.0
12.04,0,0,0.0,0,0.0,0,0,0.0,0,0,10,0,0.0,0.0,0.0,0.0,6235944,1,2,2,2,0,0,0,0,0,0.0,0.0,0.0,0,0,0,0.0,0,0,0,0,0.0,0.0,0,255,0,0,0,0,0,0,0,0,0,0,0,0,0,0.0,0.0,0,0,0.0,0.0,0,0,0.0,0.0,0,0,0.0,0.0,0,0,0.0,0.0,0,0,0.0,0.0
12.057,0,0,0.0,0,0.0,0,0,0.0,0,0,10,0,0.0,0.0,0.0,0.0,6235944,1,2,2,2,0,0,0,0,0,0.0,0.0,0.0,0,0,0,0.0,0,0,0,0,0.0,0.0,0,255,0,0,0,0,0,0,0,0,0,0,0,0,0,0.0,0.0,0,0,0.0,0.0,0,0,0.0,0.0,0,0,0.0,0.0,0,0,0.0,0.0,0,0,0.0,0.0
12.075,0,0,0.0,0,0.0,0,0,0.0,0,0,10,0,0.0,0.0,0.0,0.0,6235944,1,2,2,2,0,0,0,0,0,0.0,0.0,0.0,0,0,0,0.0,0,0,0,0,0.0,0.0,0,255,0,0,0,0,0,0,0,0,0,0,0,0,0,0.0,0.0,0,0,0.0,0.0,0,0,0.0,0.0,0,0,0.0,0.0,0,0,0.0,0.0,0,0,0.0,0.0
12.092,0,0,0.0,0,0.0,0,0,0.0,0,0,10,0,0.0,0.0,0.0,0.0,6235944,1,2,2,2,0,0,0,0,0,0.0,0.0,0.0,0,0,0,0.0,0,0,0,0,0.0,0.0,0,255,0,0,0,0,0,0,0,0,0,0,0,0,0,0.0,0.0,0,0,0.0,0.0,0,0,0.0,0.0,0,0,0.0,0.0,0,0,0.0,0.0,0,0,0.0,0.0
12.109,0,0,0.0,0,0.0,0,0,0.0,0,0,10,0,0.0,0.0,0.0,0.0,6235944,1,2,2,2,0,0,0,0,0,0.0,0.0,0.0,0,0,0,0.0,0,0,0,0,0.0,0.0,0,255,0,0,0,0,0,0,0,0,0,0,0,0,0,0.0,0.0,0,0,0.0,0.0,0,0,0.0,0.0,0,0,0.0,0.0,0,0,0.0,0.0,0,0,0.0,0.0
12.127,0,0,0.0,0,0.0,0,0,0.0,0,0,10,0,0.0,0.0,0.0,0.0,6235944,1,2,2,2,0,0,0,0,0,0.0,0.0,0.0,0,0,0,0.0,0,0,0,0,0.0,0.0,0,255,0,0,0,0,0,0,0,0,0,0,0,0,0,0.0,0.0,0,0,0.0,0.0,0,0,0.0,0.0,0,0,0.0,0.0,0,0,0.0,0.0,0,0,0.0,0.0
12.144,0,0,0.0,0,0.0,0,0,0.0,0,0,10,0,0.0,0.0,0.0,0.0,6235944,1,2,2,2,0,0,0,0,0,0.0,0.0,0.0,0,0,0,0.0,0,0,0,0,0.0,0.0,0,255,0,0,0,0,0,0,0,0,0,0,0,0,0,0.0,0.0,0,0,0.0,0.0,0,0,0.0,0.0,0,0,0.0,0.0,0,0,0.0,0.0,0,0,0.0,0.0
12.162,0,0,0.0,0,0.0,0,0,0.0,0,0,10,0,0.0,0.0,0.0,0.0,6235944,1,2,2,2,0,0,0,0,0,0.0,0.0,0.0,0,0,0,0.0,0,0,0,0,0.0,0.0,0,255,0,0,0,0,0,0,0,0,0,0,0,0,0,0.0,0.0,0,0,0.0,0.0,0,0,0.0,0.0,0,0,0.0,0.0,0,0,0.0,0.0,0,0,0.0,0.0
12.179,0,0,0.0,0,0.0,0,0,0.0,0,0,10,0,0.0,0.0,0.0,0.0,6235944,1,2,2,2,0,0,0,0,0,0.0,0.0,0.0,0,0,0,0.0,0,0,0,0,0.0,0.0,0,255,0,0,0,0,0,0,0,0,0,0,0,0,0,0.0,0.0,0,0,0.0,0.0,0,0,0.0,0.0,0,0,0.0,0.0,0,0,0.0,0.0,0,0,0.0,0.0
12.196,0,0,0.0,0,0.0,0,0,0.0,0,0,10,0,0.0,0.0,0.0,0.0,6235944,1,2,2,2,0,0,0,0,0,0.0,0.0,0.0,0,0,0,0.0,0,0,0,0,0.0,0.0,0,255,0,0,0,0,0,0,0,0,0,0,0,0,0,0.0,0.0,0,0,0.0,0.0,0,0,0.0,0.0,0,0,0.0,0.0,0,0,0.0,0.0,0,0,0.0,0.0
12.214,0,0,0.0,0,0.0,0,0,0.0,0,0,10,0,0.0,0.0,0.0,0.0,6235944,1,2,2,2,0,0,0,0,0,0.0,0.0,0.0,0,0,0,0.0,0,0,0,0,0.0,0.0,0,255,0,0,0,0,0,0,0,0,0,0,0,0,0,0.0,0.0,0,0,0.0,0.0,0,0,0.0,0.0,0,0,0.0,0.0,0,0,0.0,0.0,0,0,0.0,0.0
12.231,0,0,0.0,0,0.0,0,0,2.5,-1,0,10,2,-1.0,-1.0,-1.0,-1.0,6235944,1,2,2,2,1,1,1,1,0,0.0,0.0,0.0,0,0,0,0.0,0,0,0,0,0.0,0.0,0,100000,0,0,0,0,0,0,0,0,0,0,0,0,0,0.0,0.0,0,0,0.0,0.0,0,0,0.0,0.0,0,0,0.0,0.0,0,0,0.0,0.0,0,0,0.0,0.0
12.248,0,0,0.0,0,0.0,0,0,2.5,-1,0,10,2,-1.0,-1.0,-1.0,-1.0,6235944,1,2,2,2,1,1,1,1,0,0.0,0.0,0.0,0,0,0,0.0,0,0,0,0,0.0,0.0,0,100000,0,0,0,0,0,0,0,0,0,0,0,0,0,0.0,0.0,0,0,0.0,0.0,0,0,0.0,0.0,0,0,0.0,0.0,0,0,0.0,0.0,0,0,0.0,0.0
12.266,0,0,0.0,0,0.0,0,0,2.5,-1,0,10,2,-1.0,-1.0,-1.0,-1.0,6235944,1,2,2,2,1,1,1,1,0,0.0,0.0,0.0,0,0,0,0.0,0,0,0,0,0.0,0.0,0,100000,0,0,0,0,0,0,0,0,0,0,0,0,0,0.0,0.0,0,0,0.0,0.0,0,0,0.0,0.0,0,0,0.0,0.0,0,0,0.0,0.0,0,0,0.0,0.0
12.283,0,0,0.0,0,0.0,0,0,2.5,-1,0,10,2,-1.0,-1.0,-1.0,-1.0,6235944,1,2,2,2,1,1,1,1,0,0.0,0.0,0.0,0,0,0,0.0,0,0,0,0,0.0,0.0,0,100000,0,0,0,0,0,0,0,0,0,0,0,0,0,0.0,0.0,0,0,0.0,0.0,0,0,0.0,0.0,0,0,0.0,0.0,0,0,0.0,0.0,0,0,0.0,0.0
12.3,0,0,0.0,0,0.0,0,0,2.5,-1,0,10,2,-1.0,-1.0,-1.0,-1.0,6235944,1,2,2,2,1,1,1,1,0,0.0,0.0,0.0,0,0,0,0.0,0,0,0,0,0.0,0.0,0,100000,0,0,0,0,0,0,0,0,0,0,0,0,0,0.0,0.0,0,0,0.0,0.0,0,0,0.0,0.0,0,0,0.0,0.0,0,0,0.0,0.0,0,0,0.0,0.0
12.319,0,0,0.0,0,0.0,50,0,2.5,-1,0,10,3,-1.0,-1.0,-1.0,-1.0,6235944,1,2,2,2,1,1,1,1,1,0.5035128593444824,1.116193413734436,-0.6148307919502258,0,0,0,0.0,0,0,7,0,1.5,34.5,0,99084,0,0,0,0,0,0,0,0,0,0,0,1,0,2.0,-26.125,1,0,19.04439926147461,23.89739990234375,1,0,-1.8538999557495117,28.0,2,0,0.3125,0.6875,2,0,0.3199999928474426,0.20000000298023224,3,0,0.0,0.0
12.336,100,100,0.033333,0,0.0,50,0,2.5,-1,0,10,3,-1.0,-1.0,-1.0,-1.0,6235944,1,2,2,2,1,1,1,1,1,0.08218436688184738,3.0847020149230957,4.691946506500244,0,0,0,0.0,0,0,7,0,1.500025987625122,34.49510955810547,0,98168,0,0,0,0,0,0,0,0,0,0,0,1,0,2.0,-26.125,1,0,19.04439926147461,23.89739990234375,1,0,-1.8538999557495117,28.0,2,0,0.3125,0.6875,2,0,0.3199999928474426,0.20000000298023224,3,0,0.0,0.0
12.353,150,150,0.05,0,0.0,50,0,2.5,-1,0,10,3,-1.0,-1.0,-1.0,-1.0,6235944,1,2,2,2,1,1,1,1,1,0.10045000165700912,3.0357213020324707,4.651463985443115,0,0,0,0.0,0,0,7,0,1.5000306367874146,34.49027633666992,0,97252,0,0,0,0,0,0,0,0,0,0,0,1,0,2.0,-26.125,1,0,19.04439926147461,23.89739990234375,1,0,-1.8538999557495117,28.0,2,0,0.3125,0.6875,2,0,0.3199999928474426,0.20000000298023224,3,0,0.0,0.0
12.37,200,200,0.066667,0,0.0,50,0,2.5,-1,0,10,3,-1.0,-1.0,-1.0,-1.0,6235944,1,2,2,2,1,1,1,1,1,0.11258018761873245,3.0049548149108887,4.625589847564697,0,0,0,0.0,0,0,7,0,1.5000313520431519,34.483882904052734,0,96336,0,0,0,0,0,0,0,0,0,0,0,1,0,2.0,-26.125,1,0,19.04439926147461,23.89739990234375,1,0,-1.8538999557495117,28.0,2,0,0.3125,0.6875,2,0,0.3199999928474426,0.20000000298023224,3,0,0.0,0.0
12.388,250,250,0.083333,0,0.0,50,0,2.5,-1,0,10,3,-1.0,-1.0,-1.0,-1.0,6235944,1,2,2,2,1,1,1,1,1,0.12027370184659958,2.9872734546661377,4.610231399536133,0,0,0,0.0,0,0,7,0,1.5000289678573608,34.475955963134766,0,95420,0,0,0,0,0,0,0,0,0,0,0,1,0,2.0,-26.125,1,0,19.04439926147461,23.89739990234375,1,0,-1.8538999557495117,28.0,2,0,0.3125,0.6875,2,0,0.3199999928474426,0.20000000298023224,3,0,0.0,0.0
12.405,300,300,0.1,0,0.0,50,0,2.5,-1,0,10,3,-1.0,-1.0,-1.0,-1.0,6235944,1,2,2,2,1,1,1,1,1,0.12489284574985504,2.9786064624786377,4.6021294593811035,0,0,0,0.0,0,0,7,0,1.5000239610671997,34.466522216796875,0,94504,0,0,0,0,0,0,0,0,0,0,0,1,0,2.0,-26.125,1,0,19.04439926147461,23.89739990234375,1,0,-1.8538999557495117,28.0,2,0,0.3125,0.6875,2,0,0.3199999928474426,0.20000000298023224,3,0,0.0,0.0
12.422,350,350,0.116667,0,0.0,50,0,2.5,-1,0,10,3,-1.0,-1.0,-1.0,-1.0,6235944,1,2,2,2,1,1,1,1,1,0.12747932970523834,2.9758341312408447,4.598788261413574,0,0,0,0.0,0,0,7,0,1.500016689300537,34.45560836791992,0,93588,0,0,0,0,0,0,0,0,0,0,0,1,0,2.0,-26.125,1,0,19.04439926147461,23.89739990234375,1,0,-1.8538999557495117,28.0,2,0,0.3125,0.6875,2,0,0.3199999928474426,0.20000000298023224,3,0,0.0,0.0
12.44,400,400,0.133333,0,0.0,50,0,2.5,-1,0,10,3,-1.0,-1.0,-1.0,-1.0,6235944,1,2,2,2,1,1,1,1,1,0.1280924528837204,2.9769718647003174,4.599027156829834,0,0,0,0.0,0,0,7,0,1.5000072717666626,34.4432373046875,0,92672,0,0,0,0,0,0,0,0,0,0,0,1,0,2.0,-26.125,1,0,19.04439926147461,23.89739990234375,1,0,-1.8538999557495117,28.0,2,0,0.3125,0.6875,2,0,0.3199999928474426,0.20000000298023224,3,0,0.0,0.0
12.457,450,450,0.15,0,0.0,50,0,2.5,-1,0,10,3,-1.0,-1.0,-1.0,-1.0,6235944,1,2,2,2,1,1,1,1,1,0.12822897732257843,2.9799654483795166,4.600658416748047,0,0,0,0.0,0,0,7,0,1.4999958276748657,34.4294319152832,0,91756,0,0,0,0,0,0,0,0,0,0,0,1,0,2.0,-26.125,1,0,19.04439926147461,23.89739990234375,1,0,-1.8538999557495117,28.0,2,0,0.3125,0.6875,2,0,0.3199999928474426,0.20000000298023224,3,0,0.0,0.0
12.475,500,500,0.166667,0,0.0,50,0,2.5,-1,0,10,3,-1.0,-1.0,-1.0,-1.0,6235944,1,2,2,2,1,1,1,1,1,0.1282140612602234,2.983725070953369,4.6028361320495605,0,0,0,0.0,0,0,7,0,1.4999823570251465,34.41421890258789,0,90840,0,0,0,0,0,0,0,0,0,0,0,1,0,2.0,-26.125,1,0,19.04439926147461,23.89739990234375,1,0,-1.8538999557495117,28.0,2,0,0.3125,0.6875,2,0,0.3199999928474426,0.20000000298023224,3,0,0.0,0.0
12.492,550,550,0.183333,0,0.0,50,0,2.5,-1,0,10,3,-1.0,-1.0,-1.0,-1.0,6235944,1,2,2,2,1,1,1,1,1,0.1282503455877304,2.9875540733337402,4.605024814605713,0,0,0,0.0,0,0,7,0,1.4999668598175049,34.397621154785156,0,89924,0,0,0,0,0,0,0,0,0,0,0,1,0,2.0,-26.125,1,0,19.04439926147461,23.89739990234375,1,0,-1.8538999557495117,28.0,2,0,0.3125,0.6875,2,0,0.3199999928474426,0.20000000298023224,3,0,0.0,0.0
12.509,600,600,0.2,0,0.0,50,0,2.5,-1,0,10,3,-1.0,-1.0,-1.0,-1.0,6235944,1,2,2,2,1,1,1,1,1,0.12845098972320557,2.9910457134246826,4.606916427612305,0,0,0,0.0,0,0,7,0,1.4999494552612305,34.379661560058594,0,89008,0,0,0,0,0,0,0,0,0,0,0,1,0,2.0,-26.125,1,0,19.04439926147461,23.89739990234375,1,0,-1.8538999557495117,28.0,2,0,0.3125,0.6875,2,0,0.3199999928474426,0.20000000298023224,3,0,0.0,0.0
12.527,650,650,0.216667,0,0.0,50,0,2.5,-1,0,10,3,-1.0,-1.0,-1.0,-1.0,6235944,1,2,2,2,1,1,1,1,1,0.1288653165102005,2.993990898132324,4.608357906341553,0,0,0,0.0,0,0,7,0,1.4999301433563232,34.3603630065918,0,88092,0,0,0,0,0,0,0,0,0,0,0,1,0,2.0,-26.125,1,0,19.04439926147461,23.89739990234375,1,0,-1.8538999557495117,28.0,2,0,0.3125,0.6875,2,0,0.3199999928474426,0.20000000298023224,3,0,0.0,0.0
12.544,700,700,0.233333,0,0.0,50,0,2.5,-1,0,10,3,-1.0,-1.0,-1.0,-1.0,6235944,1,2,2,2,1,1,1,1,1,0.12881027162075043,2.9966118335723877,4.609920501708984,0,0,0,0.0,0,0,7,0,1.4999089241027832,34.339744567871094,0,87176,0,0,0,0,0,0,0,0,0,0,0,1,0,2.0,-26.125,1,0,19.04439926147461,23.89739990234375,1,0,-1.8538999557495117,28.0,2,0,0.3125,0.6875,2,0,0.3199999928474426,0.20000000298023224,3,0,0.0,0.0
12.561,750,750,0.25,0,0.0,50,0,2.5,-1,0,10,3,-1.0,-1.0,-1.0,-1.0,6235944,1,2,2,2,1,1,1,1,1,0.12918338179588318,2.998530387878418,4.610805034637451,0,0,0,0.0,0,0,7,0,1.4998859167099,34.317832946777344,0,86260,0,0,0,0,0,0,0,0,0,0,0,1,0,2.0,-26.125,1,0,19.04439926147461,23.89739990234375,1,0,-1.8538999557495117,28.0,2,0,0.3125,0.6875,2,0,0.3199999928474426,0.20000000298023224,3,0,0.0,0.0
12.579,800,800,0.266667,0,0.0,50,0,2.5,-1,0,10,3,-1.0,-1.0,-1.0,-1.0,6235944,1,2,2,2,1,1,1,1,1,0.1299058496952057,2.999826431274414,4.611107349395752,0,0,0,0.0,0,0,7,0,1.4998611211776733,34.294647216796875,0,85344,0,0,0,0,0,0,0,0,0,0,0,1,0,2.0,-26.125,1,0,19.04439926147461,23.89739990234375,1,0,-1.8538999557495117,28.0,2,0,0.3125,0.6875,2,0,0.3199999928474426,0.20000000298023224,3,0,0.0,0.0
12.596,850,850,0.283333,0,0.0,50,0,2.5,-1,0,10,3,-1.0,-1.0,-1.0,-1.0,6235944,1,2,2,2,1,1,1,1,1,0.13090312480926514,3.0005974769592285,4.610939025878906,0,0,0,0.0,0,0,7,0,1.4998345375061035,34.270206451416016,0,84428,0,0,0,0,0,0,0,0,0,0,0,1,0,2.0,-26.125,1,0,19.04439926147461,23.89739990234375,1,0,-1.8538999557495117,28.0,2,0,0.3125,0.6875,2,0,0.3199999928474426,0.20000000298023224,3,0,0.0,0.0
12.613,900,900,0.3,0,0.0,50,0,2.5,-1,0,10,3,-1.0,-1.0,-1.0,-1.0,6235944,1,2,2,2,1,1,1,1,1,0.1321103423833847,3.000947952270508,4.610403060913086,0,0,0,0.0,0,0,7,0,1.4998064041137695,34.244537353515625,0,83512,0,0,0,0,0,0,0,0,0,0,0,1,0,2.0,-26.125,1,0,19.04439926147461,23.89739990234375,1,0,-1.8538999557495117,28.0,2,0,0.3125,0.6875,2,0,0.3199999928474426,0.20000000298023224,3,0,0.0,0.0
12.631,950,950,0.316667,0,0.0,50,0,2.5,-1,0,10,3,-1.0,-1.0,-1.0,-1.0,6235944,1,2,2,2,1,1,1,1,1,0.13279271125793457,3.0012495517730713,4.610166549682617,0,0,0,0.0,0,0,7,0,1.4997767210006714,34.217655181884766,0,82596,0,0,0,0,0,0,0,0,0,0,0,1,0,2.0,-26.125,1,0,19.04439926147461,23.89739990234375,1,0,-1.8538999557495117,28.0,2,0,0.3125,0.6875,2,0,0.3199999928474426,0.20000000298023224,3,0,0.0,0.0
12.648,1000,1000,0.333333,0,0.0,50,0,2.5,-1,0,10,3,-1.0,-1.0,-1.0,-1.0,6235944,1,2,2,2,1,1,1,1,1,0.13378630578517914,3.001220226287842,4.609550952911377,0,0,0,0.0,0,0,7,0,1.4997456073760986,34.18958282470703,0,81680,0,0,0,0,0,0,0,0,0,0,0,1,0,2.0,-26.125,1,0,19.04439926147461,23.89739990234375,1,0,-1.8538999557495117,28.0,2,0,0.3125,0.6875,2,0,0.3199999928474426,0.20000000298023224,3,0,0.0,0.0
12.666,1050,1050,0.35,0,0.0,50,0,2.5,-1,0,10,3,-1.0,-1.0,-1.0,-1.0,6235944,1,2,2,2,1,1,1,1,1,0.1350105255842209,3.0009517669677734,4.6086649894714355,0,0,0,0.0,0,0,7,0,1.4997130632400513,34.16033935546875,0,80764,0,0,0,0,0,0,0,0,0,0,0,1,0,2.0,-26.125,1,0,19.04439926147461,23.89739990234375,1,0,-1.8538999557495117,28.0,2,0,0.3125,0.6875,2,0,0.3199999928474426,0.20000000298023224,3,0,0.0,0.0
12.683,1100,1100,0.366667,0,0.0,50,0,2.5,-1,0,10,3,-1.0,-1.0,-1.0,-1.0,6235944,1,2,2,2,1,1,1,1,1,0.13639311492443085,3.0005178451538086,4.6075968742370605,0,0,0,0.0,0,0,7,0,1.4996793270111084,34.12994384765625,0,79848,0,0,0,0,0,0,0,0,0,0,0,1,0,2.0,-26.125,1,0,19.04439926147461,23.89739990234375,1,0,-1.8538999557495117,28.0,2,0,0.3125,0.6875,2,0,0.3199999928474426,0.20000000298023224,3,0,0.0,0.0
12.7,1150,1150,0.383333,0,0.0,50,0,2.5,-1,0,10,3,-1.0,-1.0,-1.0,-1.0,6235944,1,2,2,2,1,1,1,1,1,0.1378798484802246,2.999974012374878,4.606416702270508,0,0,0,0.0,0,0,7,0,1.49964439868927,34.09841537475586,0,78932,0,0,0,0,0,0,0,0,0,0,0,1,0,2.0,-26.125,1,0,19.04439926147461,23.89739990234375,1,0,-1.8538999557495117,28.0,2,0,0.3125,0.6875,2,0,0.3199999928474426,0.20000000298023224,3,0,0.0,0.0
12.717,1200,1200,0.4,0,0.0,50,0,2.5,-1,0,10,3,-1.0,-1.0,-1.0,-1.0,6235944,1,2,2,2,1,1,1,1,1,0.1394312083721161,2.9993655681610107,4.6051764488220215,0,0,0,0.0,0,0,7,0,1.4996083974838257,34.065773010253906,0,78016,0,0,0,0,0,0,0,0,0,0,0,1,0,2.0,-26.125,1,0,19.04439926147461,23.89739990234375,1,0,-1.8538999557495117,28.0,2,0,0.3125,0.6875,2,0,0.3199999928474426,0.20000000298023224,3,0,0.0,0.0
12.735,1300,1300,0.433333,0,0.0,50,0,2.5,-1,0,10,3,-1.0,-1.0,-1.0,-1.0,6235944,1,2,2,2,1,1,1,1,1,0.14150989055633545,2.9984934329986572,4.6035075187683105,0,0,0,0.0,0,0,7,0,1.4995335340499878,33.997222900390625,0,76184,0,0,0,0,0,0,0,0,0,0,0,1,0,2.0,-26.125,1,0,19.04439926147461,23.89739990234375,1,0,-1.8538999557495117,28.0,2,0,0.3125,0.6875,2,0,0.3199999928474426,0.20000000298023224,3,0,0.0,0.0
12.752,1350,1350,0.45,0,0.0,50,0,2.5,-1,0,10,3,-1.0,-1.0,-1.0,-1.0,6235944,1,2,2,2,1,1,1,1,1,0.14281056821346283,2.9979512691497803,4.602485656738281,0,0,0,0.0,0,0,7,0,1.4994947910308838,33.96135330200195,0,75268,0,0,0,0,0,0,0,0,0,0,0,1,0,2.0,-26.125,1,0,19.04439926147461,23.89739990234375,1,0,-1.8538999557495117,28.0,2,0,0.3125,0.6875,2,0,0.3199999928474426,0.20000000298023224,3,0,0.0,0.0
12.77,1400,1400,0.466667,0,0.0,50,0,2.5,-1,0,10,3,-1.0,-1.0,-1.0,-1.0,6235944,1,2,2,2,1,1,1,1,1,0.1442124992609024,2.9973745346069336,4.601404666900635,0,0,0,0.0,0,0,7,0,1.4994553327560425,33.924442291259766,0,74352,0,0,0,0,0,0,0,0,0,0,0,1,0,2.0,-26.125,1,0,19.04439926147461,23.89739990234375,1,0,-1.8538999557495117,28.0,2,0,0.3125,0.6875,2,0,0.3199999928474426,0.20000000298023224,3,0,0.0,0.0
12.787,1450,1450,0.483333,0,0.0,50,0,2.5,-1,0,10,3,-1.0,-1.0,-1.0,-1.0,6235944,1,2,2,2,1,1,1,1,1,0.1456802636384964,2.9967827796936035,4.600296974182129,0,0,0,0.0,0,0,7,0,1.4994152784347534,33.88650894165039,0,73436,0,0,0,0,0,0,0,0,0,0,0,1,0,2.0,-26.125,1,0,19.04439926147461,23.89739990234375,1,0,-1.8538999557495117,28.0,2,0,0.3125,0.6875,2,0,0.3199999928474426,0.20000000298023224,3,0,0.0,0.0
12.805,1500,1500,0.5,0,0.0,50,0,2.5,-1,0,10,3,-1.0,-1.0,-1.0,-1.0,6235944,1,2,2,2,1,1,1,1,1,0.14718687534332275,2.9961891174316406,4.599185466766357,0,0,0,0.0,0,0,7,0,1.4993747472763062,33.84756851196289,0,72520,0,0,0,0,0,0,0,0,0,0,0,1,0,2.0,-26.125,1,0,19.04439926147461,23.89739990234375,1,0,-1.8538999557495117,28.0,2,0,0.3125,0.6875,2,0,0.3199999928474426,0.20000000298023224,3,0,0.0,0.0
12.822,1550,1550,0.516667,0,0.0,50,0,2.5,-1,0,10,3,-1.0,-1.0,-1.0,-1.0,6235944,1,2,2,2,1,1,1,1,1,0.14870917797088623,2.995600700378418,4.598087787628174,0,0,0,0.0,0,0,7,0,1.4993337392807007,33.80763626098633,0,71604,0,0,0,0,0,0,0,0,0,0,0,1,0,2.0,-26.125,1,0,19.04439926147461,23.89739990234375,1,0,-1.8538999557495117,28.0,2,0,0.3125,0.6875,2,0,0.3199999928474426,0.20000000298023224,3,0,0.0,0.0
12.839,1600,1600,0.533333,0,0.0,50,0,2.5,-1,0,10,3,-1.0,-1.0,-1.0,-1.0,6235944,1,2,2,2,1,1,1,1,1,0.14961200952529907,2.9952492713928223,4.597443580627441,0,0,0,0.0,0,0,7,0,1.4992923736572266,33.76673126220703,0,70688,0,0,0,0,0,0,0,0,0,0,0,1,0,2.0,-26.125,1,0,19.04439926147461,23.89739990234375,1,0,-1.8538999557495117,28.0,2,0,0.3125,0.6875,2,0,0.3199999928474426,0.20000000298023224,3,0,0.0,0.0
12.857,1650,1650,0.55,0,0.0,50,0,2.5,-1,0,10,3,-1.0,-1.0,-1.0,-1.0,6235944,1,2,2,2,1,1,1,1,1,0.15070249140262604,2.994840145111084,4.596689701080322,0,0,0,0.0,0,0,7,0,1.4992507696151733,33.72486877441406,0,69772,0,0,0,0,0,0,0,0,0,0,0,1,0,2.0,-26.125,1,0,19.04439926147461,23.89739990234375,1,0,-1.8538999557495117,28.0,2,0,0.3125,0.6875,2,0,0.3199999928474426,0.20000000298023224,3,0,0.0,0.0
12.874,1700,1700,0.566667,0,0.0,50,0,2.5,-1,0,10,3,-1.0,-1.0,-1.0,-1.0,6235944,1,2,2,2,1,1,1,1,1,0.15192784368991852,2.9943904876708984,4.595863342285156,0,0,0,0.0,0,0,7,0,1.499208927154541,33.682064056396484,0,68856,0,0,0,0,0,0,0,0,0,0,0,1,0,2.0,-26.125,1,0,19.04439926147461,23.89739990234375,1,0,-1.8538999557495117,28.0,2,0,0.3125,0.6875,2,0,0.3199999928474426,0.20000000298023224,3,0,0.0,0.0
12.891,1750,1750,0.583333,0,0.0,50,0,2.5,-1,0,10,3,-1.0,-1.0,-1.0,-1.0,6235944,1,2,2,2,1,1,1,1,1,0.15324480831623077,2.9939165115356445,4.594995021820068,0,0,0,0.0,0,0,7,0,1.4991669654846191,33.638336181640625,0,67940,0,0,0,0,0,0,0,0,0,0,0,1,0,2.0,-26.125,1,0,19.04439926147461,23.89739990234375,1,0,-1.8538999557495117,28.0,2,0,0.3125,0.6875,2,0,0.3199999928474426,0.20000000298023224,3,0,0.0,0.0
12.908,1800,1800,0.6,0,0.0,50,0,2.5,-1,0,10,3,-1.0,-1.0,-1.0,-1.0,6235944,1,2,2,2,1,1,1,1,1,0.1546245813369751,2.9934298992156982,4.5941081047058105,0,0,0,0.0,0,0,7,0,1.4991250038146973,33.59369659423828,0,67024,0,0,0,0,0,0,0,0,0,0,0,1,0,2.0,-26.125,1,0,19.04439926147461,23.89739990234375,1,0,-1.8538999557495117,28.0,2,0,0.3125,0.6875,2,0,0.3199999928474426,0.20000000298023224,3,0,0.0,0.0
12.926,1850,1850,0.616667,0,0.0,50,0,2.5,-1,0,10,3,-1.0,-1.0,-1.0,-1.0,6235944,1,2,2,2,1,1,1,1,1,0.15543891489505768,2.99314546585083,4.593594551086426,0,0,0,0.0,0,0,7,0,1.4990830421447754,33.548160552978516,0,66108,0,0,0,0,0,0,0,0,0,0,0,1,0,2.0,-26.125,1,0,19.04439926147461,23.89739990234375,1,0,-1.8538999557495117,28.0,2,0,0.3125,0.6875,2,0,0.3199999928474426,0.20000000298023224,3,0,0.0,0.0
12.943,1900,1900,0.633333,0,0.0,50,0,2.5,-1,0,10,3,-1.0,-1.0,-1.0,-1.0,6235944,1,2,2,2,1,1,1,1,1,0.15645743906497955,2.992794990539551,4.5929670333862305,0,0,0,0.0,0,0,7,0,1.499041199684143,33.501747131347656,0,65192,0,0,0,0,0,0,0,0,0,0,0,1,0,2.0,-26.125,1,0,19.04439926147461,23.89739990234375,1,0,-1.8538999557495117,28.0,2,0,0.3125,0.6875,2,0,0.3199999928474426,0.20000000298023224,3,0,0.0,0.0
12.96,1950,1950,0.65,0,0.0,50,0,2.5,-1,0,10,3,-1.0,-1.0,-1.0,-1.0,6235944,1,2,2,2,1,1,1,1,1,0.15762543678283691,2.9924001693725586,4.592264175415039,0,0,0,0.0,0,0,7,0,1.4989994764328003,33.4544677734375,0,64276,0,0,0,0,0,0,0,0,0,0,0,1,0,2.0,-26.125,1,0,19.04439926147461,23.89739990234375,1,0,-1.8538999557495117,28.0,2,0,0.3125,0.6875,2,0,0.3199999928474426,0.20000000298023224,3,0,0.0,0.0
12.978,2000,2000,0.666667,0,0.0,50,0,2.5,-1,0,10,3,-1.0,-1.0,-1.0,-1.0,6235944,1,2,2,2,1,1,1,1,1,0.15889468789100647,2.991976261138916,4.591518402099609,0,0,0,0.0,0,0,7,0,1.4989579916000366,33.40633773803711,0,63360,0,0,0,0,0,0,0,0,0,0,0,1,0,2.0,-26.125,1,0,19.04439926147461,23.89739990234375,1,0,-1.8538999557495117,28.0,2,0,0.3125,0.6875,2,0,0.3199999928474426,0.20000000298023224,3,0,0.0,0.0
12.995,2050,2050,0.683333,0,0.0,50,0,2.5,-1,0,10,3,-1.0,-1.0,-1.0,-1.0,6235944,1,2,2,2,1,1,1,1,1,0.16022884845733643,2.991537094116211,4.5907511711120605,0,0,0,0.0,0,0,7,0,1.498916745185852,33.35737228393555,0,62444,0,0,0,0,0,0,0,0,0,0,0,1,0,2.0,-26.125,1,0,19.04439926147461,23.89739990234375,1,0,-1.8538999557495117,28.0,2,0,0.3125,0.6875,2,0,0.3199999928474426,0.20000000298023224,3,0,0.0,0.0
13.012,2100,2100,0.7,0,0.0,50,0,2.5,-1,0,10,3,-1.0,-1.0,-1.0,-1.0,6235944,1,2,2,2,1,1,1,1,1,0.1616000384092331,2.9910922050476074,4.589980602264404,0,0,0,0.0,0,0,7,0,1.4988758563995361,33.30758285522461,0,61528,0,0,0,0,0,0,0,0,0,0,0,1,0,2.0,-26.125,1,0,19.04439926147461,23.89739990234375,1,0,-1.8538999557495117,28.0,2,0,0.3125,0.6875,2,0,0.3199999928474426,0.20000000298023224,3,0,0.0,0.0
13.03,2150,2150,0.716667,0,0.0,50,0,2.5,-1,0,10,3,-1.0,-1.0,-1.0,-1.0,6235944,1,2,2,2,1,1,1,1,1,0.16298842430114746,2.9906482696533203,4.5892181396484375,0,0,0,0.0,0,0,7,0,1.4988354444503784,33.25698471069336,0,60612,0,0,0,0,0,0,0,0,0,0,0,1,0,2.0,-26.125,1,0,19.04439926147461,23.89739990234375,1,0,-1.8538999557495117,28.0,2,0,0.3125,0.6875,2,0,0.3199999928474426,0.20000000298023224,3,0,0.0,0.0
13.048,2200,2200,0.733333,0,0.0,50,0,2.5,-1,0,10,3,-1.0,-1.0,-1.0,-1.0,6235944,1,2,2,2,1,1,1,1,1,0.1638106107711792,2.9903886318206787,4.588776111602783,0,0,0,0.0,0,0,7,0,1.4987956285476685,33.205589294433594,0,59696,0,0,0,0,0,0,0,0,0,0,0,1,0,2.0,-26.125,1,0,19.04439926147461,23.89739990234375,1,0,-1.8538999557495117,28.0,2,0,0.3125,0.6875,2,0,0.3199999928474426,0.20000000298023224,3,0,0.0,0.0
13.065,2250,2250,0.75,0,0.0,50,0,2.5,-1,0,10,3,-1.0,-1.0,-1.0,-1.0,6235944,1,2,2,2,1,1,1,1,1,0.1648058444261551,2.990079641342163,4.588254928588867,0,0,0,0.0,0,0,7,0,1.4987562894821167,33.153411865234375,0,58780,0,0,0,0,0,0,0,0,0,0,0,1,0,2.0,-26.125,1,0,19.04439926147461,23.89739990234375,1,0,-1.8538999557495117,28.0,2,0,0.3125,0.6875,2,0,0.3199999928474426,0.20000000298023224,3,0,0.0,0.0
13.082,2300,2300,0.766667,0,0.0,50,0,2.5,-1,0,10,3,-1.0,-1.0,-1.0,-1.0,6235944,1,2,2,2,1,1,1,1,1,0.16592518985271454,2.989736795425415,4.587681770324707,0,0,0,0.0,0,0,7,0,1.4987175464630127,33.100467681884766,0,57864,0,0,0,0,0,0,0,0,0,0,0,1,0,2.0,-26.125,1,0,19.04439926147461,23.89739990234375,1,0,-1.8538999557495117,28.0,2,0,0.3125,0.6875,2,0,0.3199999928474426,0.20000000298023224,3,0,0.0,0.0
13.1,2350,2350,0.783333,0,0.0,50,0,2.5,-1,0,10,3,-1.0,-1.0,-1.0,-1.0,6235944,1,2,2,2,1,1,1,1,1,0.16712981462478638,2.9893739223480225,4.587077617645264,0,0,0,0.0,0,0,7,0,1.498679518699646,33.0467643737793,0,56948,0,0,0,0,0,0,0,0,0,0,0,1,0,2.0,-26.125,1,0,19.04439926147461,23.89739990234375,1,0,-1.8538999557495117,28.0,2,0,0.3125,0.6875,2,0,0.3199999928474426,0.20000000298023224,3,0,0.0,0.0
13.117,2400,2400,0.8,0,0.0,50,0,2.5,-1,0,10,3,-1.0,-1.0,-1.0,-1.0,6235944,1,2,2,2,1,1,1,1,1,0.16839024424552917,2.9890010356903076,4.586459159851074,0,0,0,0.0,0,0,7,0,1.4986422061920166,32.99231719970703,0,56032,0,0,0,0,0,0,0,0,0,0,0,1,0,2.0,-26.125,1,0,19.04439926147461,23.89739990234375,1,0,-1.8538999557495117,28.0,2,0,0.3125,0.6875,2,0,0.3199999928474426,0.20000000298023224,3,0,0.0,0.0
13.134,2450,2450,0.816667,0,0.0,50,0,2.5,-1,0,10,3,-1.0,-1.0,-1.0,-1.0,6235944,1,2,2,2,1,1,1,1,1,0.16913384199142456,2.9887843132019043,4.5861029624938965,0,0,0,0.0,0,0,7,0,1.498605728149414,32.93714141845703,0,55116,0,0,0,0,0,0,0,0,0,0,0,1,0,2.0,-26.125,1,0,19.04439926147461,23.89739990234375,1,0,-1.8538999557495117,28.0,2,0,0.3125,0.6875,2,0,0.3199999928474426,0.20000000298023224,3,0,0.0,0.0
13.151,2500,2500,0.833333,0,0.0,50,0,2.5,-1,0,10,3,-1.0,-1.0,-1.0,-1.0,6235944,1,2,2,2,1,1,1,1,1,0.17006075382232666,2.9885168075561523,4.58566427230835,0,0,0,0.0,0,0,7,0,1.4985700845718384,32.88124465942383,0,54200,0,0,0,0,0,0,0,0,0,0,0,1,0,2.0,-26.125,1,0,19.04439926147461,23.89739990234375,1,0,-1.8538999557495117,28.0,2,0,0.3125,0.6875,2,0,0.3199999928474426,0.20000000298023224,3,0,0.0,0.0
13.169,2600,2600,0.866667,0,0.0,50,0,2.5,-1,0,10,3,-1.0,-1.0,-1.0,-1.0,6235944,1,2,2,2,1,1,1,1,1,0.1722756028175354,2.9878952503204346,4.584647178649902,0,0,0,0.0,0,0,7,0,1.4985016584396362,32.76734161376953,0,52368,0,0,0,0,0,0,0,0,0,0,0,1,0,2.0,-26.125,1,0,19.04439926147461,23.89739990234375,1,0,-1.8538999557495117,28.0,2,0,0.3125,0.6875,2,0,0.3199999928474426,0.20000000298023224,3,0,0.0,0.0
13.186,2650,2650,0.883333,0,0.0,50,0,2.5,-1,0,10,3,-1.0,-1.0,-1.0,-1.0,6235944,1,2,2,2,1,1,1,1,1,0.17348600924015045,2.9875645637512207,4.584104537963867,0,0,0,0.0,0,0,7,0,1.4984688758850098,32.70935821533203,0,51452,0,0,0,0,0,0,0,0,0,0,0,1,0,2.0,-26.125,1,0,19.04439926147461,23.89739990234375,1,0,-1.8538999557495117,28.0,2,0,0.3125,0.6875,2,0,0.3199999928474426,0.20000000298023224,3,0,0.0,0.0
13.203,2700,2700,0.9,0,0.0,50,0,2.5,-1,0,10,3,-1.0,-1.0,-1.0,-1.0,6235944,1,2,2,2,1,1,1,1,1,0.17472964525222778,2.9872324466705322,4.583556175231934,0,0,0,0.0,0,0,7,0,1.4984371662139893,32.65070343017578,0,50536,0,0,0,0,0,0,0,0,0,0,0,1,0,2.0,-26.125,1,0,19.04439926147461,23.89739990234375,1,0,-1.8538999557495117,28.0,2,0,0.3125,0.6875,2,0,0.3199999928474426,0.20000000298023224,3,0,0.0,0.0
13.22,2750,2750,0.916667,0,0.0,50,0,2.5,-1,0,10,3,-1.0,-1.0,-1.0,-1.0,6235944,1,2,2,2,1,1,1,1,1,0.17598648369312286,2.986903429031372,4.583011150360107,0,0,0,0.0,0,0,7,0,1.4984065294265747,32.59138488769531,0,49620,0,0,0,0,0,0,0,0,0,0,0,1,0,2.0,-26.125,1,0,19.04439926147461,23.89739990234375,1,0,-1.8538999557495117,28.0,2,0,0.3125,0.6875,2,0,0.3199999928474426,0.20000000298023224,3,0,0.0,0.0
13.238,2800,2800,0.933333,0,0.0,50,0,2.5,-1,0,10,3,-1.0,-1.0,-1.0,-1.0,6235944,1,2,2,2,1,1,1,1,1,0.17673008143901825,2.9867119789123535,4.5826945304870605,0,0,0,0.0,0,0,7,0,1.4983770847320557,32.53141784667969,0,48704,0,0,0,0,0,0,0,0,0,0,0,1,0,2.0,-26.125,1,0,19.04439926147461,23.89739990234375,1,0,-1.8538999557495117,28.0,2,0,0.3125,0.6875,2,0,0.3199999928474426,0.20000000298023224,3,0,0.0,0.0
13.255,2850,2850,0.95,0,0.0,50,0,2.5,-1,0,10,3,-1.0,-1.0,-1.0,-1.0,6235944,1,2,2,2,1,1,1,1,1,0.1776278167963028,2.9864866733551025,4.582315921783447,0,0,0,0.0,0,0,7,0,1.4983488321304321,32.47080993652344,0,47788,0,0,0,0,0,0,0,0,0,0,0,1,0,2.0,-26.125,1,0,19.04439926147461,23.89739990234375,1,0,-1.8538999557495117,28.0,2,0,0.3125,0.6875,2,0,0.3199999928474426,0.20000000298023224,3,0,0.0,0.0
13.273,2900,2900,0.966667,0,0.0,50,0,2.5,-1,0,10,3,-1.0,-1.0,-1.0,-1.0,6235944,1,2,2,2,1,1,1,1,1,0.1786338835954666,2.986239194869995,4.5818939208984375,0,0,0,0.0,0,0,7,0,1.4983218908309937,32.409576416015625,0,46872,0,0,0,0,0,0,0,0,0,0,0,1,0,2.0,-26.125,1,0,19.04439926147461,23.89739990234375,1,0,-1.8538999557495117,28.0,2,0,0.3125,0.6875,2,0,0.3199999928474426,0.20000000298023224,3,0,0.0,0.0
13.29,2950,2950,0.983333,0,0.0,50,0,2.5,-1,0,10,3,-1.0,-1.0,-1.0,-1.0,6235944,1,2,2,2,1,1,1,1,1,0.1797153800725937,2.9859800338745117,4.581442356109619,0,0,0,0.0,0,0,7,0,1.4982962608337402,32.347721099853516,0,45956,0,0,0,0,0,0,0,0,0,0,0,1,0,2.0,-26.125,1,0,19.04439926147461,23.89739990234375,1,0,-1.8538999557495117,28.0,2,0,0.3125,0.6875,2,0,0.3199999928474426,0.20000000298023224,3,0,0.0,0.0
13.307,3000,3000,1.0,0,0.0,50,0,2.5,-1,0,10,3,-1.0,-1.0,-1.0,-1.0,6235944,1,2,2,2,1,1,1,1,1,0.18084493279457092,2.985715866088867,4.5809736251831055,0,0,0,0.0,0,0,7,0,1.4982719421386719,32.28525924682617,0,45040,0,0,0,0,0,0,0,0,0,0,0,1,0,2.0,-26.125,1,0,19.04439926147461,23.89739990234375,1,0,-1.8538999557495117,28.0,2,0,0.3125,0.6875,2,0,0.3199999928474426,0.20000000298023224,3,0,0.0,0.0
13.325,3050,3050,1.016667,0,0.0,50,0,2.5,-1,0,10,3,-1.0,-1.0,-1.0,-1.0,6235944,1,2,2,2,1,1,1,1,1,0.18151028454303741,2.9855635166168213,4.580700397491455,0,0,0,0.0,0,0,7,0,1.4982490539550781,32.222198486328125,0,44124,0,0,0,0,0,0,0,0,0,0,0,1,0,2.0,-26.125,1,0,19.04439926147461,23.89739990234375,1,0,-1.8538999557495117,28.0,2,0,0.3125,0.6875,2,0,0.3199999928474426,0.20000000298023224,3,0,0.0,0.0
13.342,3100,3100,1.033333,0,0.0,50,0,2.5,-1,0,10,3,-1.0,-1.0,-1.0,-1.0,6235944,1,2,2,2,1,1,1,1,1,0.18234026432037354,2.9853789806365967,4.580358982086182,0,0,0,0.0,0,0,7,0,1.4982274770736694,32.15855026245117,0,43208,0,0,0,0,0,0,0,0,0,0,0,1,0,2.0,-26.125,1,0,19.04439926147461,23.89739990234375,1,0,-1.8538999557495117,28.0,2,0,0.3125,0.6875,2,0,0.3199999928474426,0.20000000298023224,3,0,0.0,0.0
13.359,3150,3150,1.05,0,0.0,50,0,2.5,-1,0,10,3,-1.0,-1.0,-1.0,-1.0,6235944,1,2,2,2,1,1,1,1,1,0.18328873813152313,2.985173463821411,4.5799689292907715,0,0,0,0.0,0,0,7,0,1.498207449913025,32.09432601928711,0,42292,0,0,0,0,0,0,0,0,0,0,0,1,0,2.0,-26.125,1,0,19.04439926147461,23.89739990234375,1,0,-1.8538999557495117,28.0,2,0,0.3125,0.6875,2,0,0.3199999928474426,0.20000000298023224,3,0,0.0,0.0
13.377,3200,3200,1.066667,0,0.0,50,0,2.5,-1,0,10,3,-1.0,-1.0,-1.0,-1.0,6235944,1,2,2,2,1,1,1,1,1,0.18431614339351654,2.984956741333008,4.5795440673828125,0,0,0,0.0,0,0,7,0,1.498188853263855,32.02953338623047,0,41376,0,0,0,0,0,0,0,0,0,0,0,1,0,2.0,-26.125,1,0,19.04439926147461,23.89739990234375,1,0,-1.8538999557495117,28.0,2,0,0.3125,0.6875,2,0,0.3199999928474426,0.20000000298023224,3,0,0.0,0.0
13.394,3250,3250,1.083333,0,0.0,50,0,2.5,-1,0,10,3,-1.0,-1.0,-1.0,-1.0,6235944,1,2,2,2,1,1,1,1,1,0.18539077043533325,2.984736680984497,4.57909631729126,0,0,0,0.0,0,0,7,0,1.4981718063354492,31.96417999267578,0,40460,0,0,0,0,0,0,0,0,0,0,0,1,0,2.0,-26.125,1,0,19.04439926147461,23.89739990234375,1,0,-1.8538999557495117,28.0,2,0,0.3125,0.6875,2,0,0.3199999928474426,0.20000000298023224,3,0,0.0,0.0
13.412,3300,3300,1.1,0,0.0,50,0,2.5,-1,0,10,3,-1.0,-1.0,-1.0,-1.0,6235944,1,2,2,2,1,1,1,1,1,0.18649272620677948,2.984518527984619,4.578632831573486,0,0,0,0.0,0,0,7,0,1.4981563091278076,31.898277282714844,0,39544,0,0,0,0,0,0,0,0,0,0,0,1,0,2.0,-26.125,1,0,19.04439926147461,23.89739990234375,1,0,-1.8538999557495117,28.0,2,0,0.3125,0.6875,2,0,0.3199999928474426,0.20000000298023224,3,0,0.0,0.0
13.429,3350,3350,1.116667,0,0.0,50,0,2.5,-1,0,10,3,-1.0,-1.0,-1.0,-1.0,6235944,1,2,2,2,1,1,1,1,1,0.18760402500629425,2.984306812286377,4.578158855438232,0,0,0,0.0,0,0,7,0,1.4981424808502197,31.83183479309082,0,38628,0,0,0,0,0,0,0,0,0,0,0,1,0,2.0,-26.125,1,0,19.04439926147461,23.89739990234375,1,0,-1.8538999557495117,28.0,2,0,0.3125,0.6875,2,0,0.3199999928474426,0.20000000298023224,3,0,0.0,0.0
13.446,3400,3400,1.133333,0,0.0,50,0,2.5,-1,0,10,3,-1.0,-1.0,-1.0,-1.0,6235944,1,2,2,2,1,1,1,1,1,0.18826034665107727,2.9841854572296143,4.577878475189209,0,0,0,0.0,0,0,7,0,1.4981303215026855,31.764860153198242,0,37712,0,0,0,0,0,0,0,0,0,0,0,1,0,2.0,-26.125,1,0,19.04439926147461,23.89739990234375,1,0,-1.8538999557495117,28.0,2,0,0.3125,0.6875,2,0,0.3199999928474426,0.20000000298023224,3,0,0.0,0.0
13.464,3450,3450,1.15,0,0.0,50,0,2.5,-1,0,10,3,-1.0,-1.0,-1.0,-1.0,6235944,1,2,2,2,1,1,1,1,1,0.18905092775821686,2.9840455055236816,4.577533721923828,0,0,0,0.0,0,0,7,0,1.498119831085205,31.697362899780273,0,36796,0,0,0,0,0,0,0,0,0,0,0,1,0,2.0,-26.125,1,0,19.04439926147461,23.89739990234375,1,0,-1.8538999557495117,28.0,2,0,0.3125,0.6875,2,0,0.3199999928474426,0.20000000298023224,3,0,0.0,0.0
13.481,3500,3500,1.166667,0,0.0,50,0,2.5,-1,0,10,3,-1.0,-1.0,-1.0,-1.0,6235944,1,2,2,2,1,1,1,1,1,0.18993669748306274,2.9838945865631104,4.577138900756836,0,0,0,0.0,0,0,7,0,1.4981110095977783,31.629352569580078,0,35880,0,0,0,0,0,0,0,0,0,0,0,1,0,2.0,-26.125,1,0,19.04439926147461,23.89739990234375,1,0,-1.8538999557495117,28.0,2,0,0.3125,0.6875,2,0,0.3199999928474426,0.20000000298023224,3,0,0.0,0.0
13.499,3550,3550,1.183333,0,0.0,50,0,2.5,-1,0,10,3,-1.0,-1.0,-1.0,-1.0,6235944,1,2,2,2,1,1,1,1,1,0.19088590145111084,2.9837403297424316,4.576706409454346,0,0,0,0.0,0,0,7,0,1.4981039762496948,31.560836791992188,0,34964,0,0,0,0,0,0,0,0,0,0,0,1,0,2.0,-26.125,1,0,19.04439926147461,23.89739990234375,1,0,-1.8538999557495117,28.0,2,0,0.3125,0.6875,2,0,0.3199999928474426,0.20000000298023224,3,0,0.0,0.0
13.516,3600,3600,1.2,0,0.0,50,0,2.5,-1,0,10,3,-1.0,-1.0,-1.0,-1.0,6235944,1,2,2,2,1,1,1,1,1,0.1918724924325943,2.9835872650146484,4.5762457847595215,0,0,0,0.0,0,0,7,0,1.4980987310409546,31.491823196411133,0,34048,0,0,0,0,0,0,0,0,0,0,0,1,0,2.0,-26.125,1,0,19.04439926147461,23.89739990234375,1,0,-1.8538999557495117,28.0,2,0,0.3125,0.6875,2,0,0.3199999928474426,0.20000000298023224,3,0,0.0,0.0
13.534,3650,3650,1.216667,0,0.0,50,0,2.5,-1,0,10,3,-1.0,-1.0,-1.0,-1.0,6235944,1,2,2,2,1,1,1,1,1,0.19245223701000214,2.9835011959075928,4.575971603393555,0,0,0,0.0,0,0,7,0,1.4980952739715576,31.422321319580078,0,33132,0,0,0,0,0,0,0,0,0,0,0,1,0,2.0,-26.125,1,0,19.04439926147461,23.89739990234375,1,0,-1.8538999557495117,28.0,2,0,0.3125,0.6875,2,0,0.3199999928474426,0.20000000298023224,3,0,0.0,0.0
13.551,3700,3700,1.233333,0,0.0,50,0,2.5,-1,0,10,3,-1.0,-1.0,-1.0,-1.0,6235944,1,2,2,2,1,1,1,1,1,0.19317418336868286,2.9833993911743164,4.575619697570801,0,0,0,0.0,0,0,7,0,1.4980937242507935,31.352338790893555,0,32216,0,0,0,0,0,0,0,0,0,0,0,1,0,2.0,-26.125,1,0,19.04439926147461,23.89739990234375,1,0,-1.8538999557495117,28.0,2,0,0.3125,0.6875,2,0,0.3199999928474426,0.20000000298023224,3,0,0.0,0.0
13.568,3750,3750,1.25,0,0.0,50,0,2.5,-1,0,10,3,-1.0,-1.0,-1.0,-1.0,6235944,1,2,2,2,1,1,1,1,1,0.1939968466758728,2.9832897186279297,4.575209617614746,0,0,0,0.0,0,0,7,0,1.4980939626693726,31.281883239746094,0,30384,0,0,0,0,0,0,0,0,0,0,0,1,0,2.0,-26.125,1,0,19.04439926147461,23.89739990234375,1,0,-1.8538999557495117,28.0,2,0,0.3125,0.6875,2,0,0.3199999928474426,0.20000000298023224,3,0,0.0,0.0
13.585,3850,3850,1.283333,0,0.0,50,0,2.5,-1,0,10,3,-1.0,-1.0,-1.0,-1.0,6235944,1,2,2,2,1,1,1,1,1,0.19581501185894012,2.98306941986084,4.574260711669922,0,0,0,0.0,0,0,7,0,1.4981001615524292,31.13958740234375,0,29468,0,0,0,0,0,0,0,0,0,0,0,1,0,2.0,-26.125,1,0,19.04439926147461,23.89739990234375,1,0,-1.8538999557495117,28.0,2,0,0.3125,0.6875,2,0,0.3199999928474426,0.20000000298023224,3,0,0.0,0.0
13.602,3900,3900,1.3,0,0.0,50,0,2.5,-1,0,10,3,-1.0,-1.0,-1.0,-1.0,6235944,1,2,2,2,1,1,1,1,1,0.19676390290260315,2.982966661453247,4.573739051818848,0,0,0,0.0,0,0,7,0,1.4981061220169067,31.06776237487793,0,28552,0,0,0,0,0,0,0,0,0,0,0,1,0,2.0,-26.125,1,0,19.04439926147461,23.89739990234375,1,0,-1.8538999557495117,28.0,2,0,0.3125,0.6875,2,0,0.3199999928474426,0.20000000298023224,3,0,0.0,0.0
13.62,3950,3950,1.316667,0,0.0,50,0,2.5,-1,0,10,3,-1.0,-1.0,-1.0,-1.0,6235944,1,2,2,2,1,1,1,1,1,0.1973244845867157,2.982909679412842,4.573424339294434,0,0,0,0.0,0,0,7,0,1.4981141090393066,30.995494842529297,0,27636,0,0,0,0,0,0,0,0,0,0,0,1,0,2.0,-26.125,1,0,19.04439926147461,23.89739990234375,1,0,-1.8538999557495117,28.0,2,0,0.3125,0.6875,2,0,0.3199999928474426,0.20000000298023224,3,0,0.0,0.0
13.637,4000,4000,1.333333,0,0.0,50,0,2.5,-1,0,10,3,-1.0,-1.0,-1.0,-1.0,6235944,1,2,2,2,1,1,1,1,1,0.19800415635108948,2.9828474521636963,4.573026180267334,0,0,0,0.0,0,0,7,0,1.498124122619629,30.922792434692383,0,26720,0,0,0,0,0,0,0,0,0,0,0,1,0,2.0,-26.125,1,0,19.04439926147461,23.89739990234375,1,0,-1.8538999557495117,28.0,2,0,0.3125,0.6875,2,0,0.3199999928474426,0.20000000298023224,3,0,0.0,0.0
13.654,4050,4050,1.35,0,0.0,50,0,2.5,-1,0,10,3,-1.0,-1.0,-1.0,-1.0,6235944,1,2,2,2,1,1,1,1,1,0.19876877963542938,2.9827842712402344,4.5725626945495605,0,0,0,0.0,0,0,7,0,1.4981361627578735,30.84966278076172,0,25804,0,0,0,0,0,0,0,0,0,0,0,1,0,2.0,-26.125,1,0,19.04439926147461,23.89739990234375,1,0,-1.8538999557495117,28.0,2,0,0.3125,0.6875,2,0,0.3199999928474426,0.20000000298023224,3,0,0.0,0.0
13.672,4100,4100,1.366667,0,0.0,50,0,2.5,-1,0,10,3,-1.0,-1.0,-1.0,-1.0,6235944,1,2,2,2,1,1,1,1,1,0.1995888352394104,2.98272442817688,4.572046756744385,0,0,0,0.0,0,0,7,0,1.4981502294540405,30.776113510131836,0,24888,0,0,0,0,0,0,0,0,0,0,0,1,0,2.0,-26.125,1,0,19.04439926147461,23.89739990234375,1,0,-1.8538999557495117,28.0,2,0,0.3125,0.6875,2,0,0.3199999928474426,0.20000000298023224,3,0,0.0,0.0
13.689,4150,4150,1.383333,0,0.0,50,0,2.5,-1,0,10,3,-1.0,-1.0,-1.0,-1.0,6235944,1,2,2,2,1,1,1,1,1,0.20044095814228058,2.982670783996582,4.5714898109436035,0,0,0,0.0,0,0,7,0,1.4981663227081299,30.702150344848633,0,23972,0,0,0,0,0,0,0,0,0,0,0,1,0,2.0,-26.125,1,0,19.04439926147461,23.89739990234375,1,0,-1.8538999557495117,28.0,2,0,0.3125,0.6875,2,0,0.3199999928474426,0.20000000298023224,3,0,0.0,0.0
13.706,4200,4200,1.4,0,0.0,50,0,2.5,-1,0,10,3,-1.0,-1.0,-1.0,-1.0,6235944,1,2,2,2,1,1,1,1,1,0.20130717754364014,2.982625961303711,4.570899963378906,0,0,0,0.0,0,0,7,0,1.4981844425201416,30.62778091430664,0,23056,0,0,0,0,0,0,0,0,0,0,0,1,0,2.0,-26.125,1,0,19.04439926147461,23.89739990234375,1,0,-1.8538999557495117,28.0,2,0,0.3125,0.6875,2,0,0.3199999928474426,0.20000000298023224,3,0,0.0,0.0
13.723,4250,4250,1.416667,0,0.0,50,0,2.5,-1,0,10,3,-1.0,-1.0,-1.0,-1.0,6235944,1,2,2,2,1,1,1,1,1,0.20181696116924286,2.9826040267944336,4.570542335510254,0,0,0,0.0,0,0,7,0,1.4982047080993652,30.55301284790039,0,22140,0,0,0,0,0,0,0,0,0,0,0,1,0,2.0,-26.125,1,0,19.04439926147461,23.89739990234375,1,0,-1.8538999557495117,28.0,2,0,0.3125,0.6875,2,0,0.3199999928474426,0.20000000298023224,3,0,0.0,0.0
13.741,4300,4300,1.433333,0,0.0,50,0,2.5,-1,0,10,3,-1.0,-1.0,-1.0,-1.0,6235944,1,2,2,2,1,1,1,1,1,0.20243507623672485,2.982584238052368,4.570093154907227,0,0,0,0.0,0,0,7,0,1.4982271194458008,30.47785186767578,0,21224,0,0,0,0,0,0,0,0,0,0,0,1,0,2.0,-26.125,1,0,19.04439926147461,23.89739990234375,1,0,-1.8538999557495117,28.0,2,0,0.3125,0.6875,2,0,0.3199999928474426,0.20000000298023224,3,0,0.0,0.0
13.758,4350,4350,1.45,0,0.0,50,0,2.5,-1,0,10,3,-1.0,-1.0,-1.0,-1.0,6235944,1,2,2,2,1,1,1,1,1,0.2031284123659134,2.9825704097747803,4.569568157196045,0,0,0,0.0,0,0,7,0,1.4982516765594482,30.402305603027344,0,20308,0,0,0,0,0,0,0,0,0,0,0,1,0,2.0,-26.125,1,0,19.04439926147461,23.89739990234375,1,0,-1.8538999557495117,28.0,2,0,0.3125,0.6875,2,0,0.3199999928474426,0.20000000298023224,3,0,0.0,0.0
13.776,4400,4400,1.466667,0,0.0,50,0,2.5,-1,0,10,3,-1.0,-1.0,-1.0,-1.0,6235944,1,2,2,2,1,1,1,1,1,0.20386789739131927,2.9825637340545654,4.568982124328613,0,0,0,0.0,0,0,7,0,1.4982783794403076,30.326379776000977,0,19392,0,0,0,0,0,0,0,0,0,0,0,1,0,2.0,-26.125,1,0,19.04439926147461,23.89739990234375,1,0,-1.8538999557495117,28.0,2,0,0.3125,0.6875,2,0,0.3199999928474426,0.20000000298023224,3,0,0.0,0.0
13.793,4450,4450,1.483333,0,0.0,50,0,2.5,-1,0,10,3,-1.0,-1.0,-1.0,-1.0,6235944,1,2,2,2,1,1,1,1,1,0.20463505387306213,2.9825665950775146,4.5683488845825195,0,0,0,0.0,0,0,7,0,1.498307228088379,30.250080108642578,0,18476,0,0,0,0,0,0,0,0,0,0,0,1,0,2.0,-26.125,1,0,19.04439926147461,23.89739990234375,1,0,-1.8538999557495117,28.0,2,0,0.3125,0.6875,2,0,0.3199999928474426,0.20000000298023224,3,0,0.0,0.0
13.81,4500,4500,1.5,0,0.0,50,0,2.5,-1,0,10,3,-1.0,-1.0,-1.0,-1.0,6235944,1,2,2,2,1,1,1,1,1,0.20541340112686157,2.9825799465179443,4.567678928375244,0,0,0,0.0,0,0,7,0,1.498338222503662,30.173412322998047,0,17560,0,0,0,0,0,0,0,0,0,0,0,1,0,2.0,-26.125,1,0,19.04439926147461,23.89739990234375,1,0,-1.8538999557495117,28.0,2,0,0.3125,0.6875,2,0,0.3199999928474426,0.20000000298023224,3,0,0.0,0.0
13.828,4550,4550,1.516667,0,0.0,50,0,2.5,-1,0,10,3,-1.0,-1.0,-1.0,-1.0,6235944,1,2,2,2,1,1,1,1,1,0.2058701515197754,2.982592821121216,4.567273139953613,0,0,0,0.0,0,0,7,0,1.4983714818954468,30.096384048461914,0,16644,0,0,0,0,0,0,0,0,0,0,0,1,0,2.0,-26.125,1,0,19.04439926147461,23.89739990234375,1,0,-1.8538999557495117,28.0,2,0,0.3125,0.6875,2,0,0.3199999928474426,0.20000000298023224,3,0,0.0,0.0
13.845,4600,4600,1.533333,0,0.0,50,0,2.5,-1,0,10,3,-1.0,-1.0,-1.0,-1.0,6235944,1,2,2,2,1,1,1,1,1,0.20642273128032684,2.9826159477233887,4.566761016845703,0,0,0,0.0,0,0,7,0,1.498407006263733,30.019001007080078,0,15728,0,0,0,0,0,0,0,0,0,0,0,1,0,2.0,-26.125,1,0,19.04439926147461,23.89739990234375,1,0,-1.8538999557495117,28.0,2,0,0.3125,0.6875,2,0,0.3199999928474426,0.20000000298023224,3,0,0.0,0.0
13.863,4650,4650,1.55,0,0.0,50,0,2.5,-1,0,10,3,-1.0,-1.0,-1.0,-1.0,6235944,1,2,2,2,1,1,1,1,1,0.2070411592721939,2.9826505184173584,4.566164016723633,0,0,0,0.0,0,0,7,0,1.498444676399231,29.941268920898438,0,14812,0,0,0,0,0,0,0,0,0,0,0,1,0,2.0,-26.125,1,0,19.04439926147461,23.89739990234375,1,0,-1.8538999557495117,28.0,2,0,0.3125,0.6875,2,0,0.3199999928474426,0.20000000298023224,3,0,0.0,0.0
13.88,4700,4700,1.566667,0,0.0,50,0,2.5,-1,0,10,3,-1.0,-1.0,-1.0,-1.0,6235944,1,2,2,2,1,1,1,1,1,0.20770111680030823,2.9826972484588623,4.565500736236572,0,0,0,0.0,0,0,7,0,1.4984846115112305,29.86319351196289,0,13896,0,0,0,0,0,0,0,0,0,0,0,1,0,2.0,-26.125,1,0,19.04439926147461,23.89739990234375,1,0,-1.8538999557495117,28.0,2,0,0.3125,0.6875,2,0,0.3199999928474426,0.20000000298023224,3,0,0.0,0.0
13.897,4750,4750,1.583333,0,0.0,50,0,2.5,-1,0,10,3,-1.0,-1.0,-1.0,-1.0,6235944,1,2,2,2,1,1,1,1,1,0.20838113129138947,2.9827558994293213,4.564786434173584,0,0,0,0.0,0,0,7,0,1.4985268115997314,29.784780502319336,0,12980,0,0,0,0,0,0,0,0,0,0,0,1,0,2.0,-26.125,1,0,19.04439926147461,23.89739990234375,1,0,-1.8538999557495117,28.0,2,0,0.3125,0.6875,2,0,0.3199999928474426,0.20000000298023224,3,0,0.0,0.0
13.915,4800,4800,1.6,0,0.0,50,0,2.5,-1,0,10,3,-1.0,-1.0,-1.0,-1.0,6235944,1,2,2,2,1,1,1,1,1,0.20906881988048553,2.9828271865844727,4.564032554626465,0,0,0,0.0,0,0,7,0,1.4985712766647339,29.706035614013672,0,12064,0,0,0,0,0,0,0,0,0,0,0,1,0,2.0,-26.125,1,0,19.04439926147461,23.89739990234375,1,0,-1.8538999557495117,28.0,2,0,0.3125,0.6875,2,0,0.3199999928474426,0.20000000298023224,3,0,0.0,0.0
13.932,4850,4850,1.616667,0,0.0,50,0,2.5,-1,0,10,3,-1.0,-1.0,-1.0,-1.0,6235944,1,2,2,2,1,1,1,1,1,0.2097538560628891,2.9829108715057373,4.563250541687012,0,0,0,0.0,0,0,7,0,1.4986180067062378,29.626962661743164,0,11148,0,0,0,0,0,0,0,0,0,0,0,1,0,2.0,-26.125,1,0,19.04439926147461,23.89739990234375,1,0,-1.8538999557495117,28.0,2,0,0.3125,0.6875,2,0,0.3199999928474426,0.20000000298023224,3,0,0.0,0.0
13.95,4900,4900,1.633333,0,0.0,50,0,2.5,-1,0,10,3,-1.0,-1.0,-1.0,-1.0,6235944,1,2,2,2,1,1,1,1,1,0.21015365421772003,2.9829654693603516,4.562778472900391,0,0,0,0.0,0,0,7,0,1.4986670017242432,29.547569274902344,0,10232,0,0,0,0,0,0,0,0,0,0,0,1,0,2.0,-26.125,1,0,19.04439926147461,23.89739990234375,1,0,-1.8538999557495117,28.0,2,0,0.3125,0.6875,2,0,0.3199999928474426,0.20000000298023224,3,0,0.0,0.0
13.968,4950,4950,1.65,0,0.0,50,0,2.5,-1,0,10,3,-1.0,-1.0,-1.0,-1.0,6235944,1,2,2,2,1,1,1,1,1,0.21062888205051422,2.9830403327941895,4.562191963195801,0,0,0,0.0,0,0,7,0,1.49871826171875,29.46786117553711,0,9316,0,0,0,0,0,0,0,0,0,0,0,1,0,2.0,-26.125,1,0,19.04439926147461,23.89739990234375,1,0,-1.8538999557495117,28.0,2,0,0.3125,0.6875,2,0,0.3199999928474426,0.20000000298023224,3,0,0.0,0.0
13.985,5000,5000,1.666667,0,0.0,50,0,2.5,-1,0,10,3,-1.0,-1.0,-1.0,-1.0,6235944,1,2,2,2,1,1,1,1,1,0.21115471422672272,2.983243227005005,4.560770034790039,0,0,0,0.0,0,0,7,0,1.4988276958465576,29.307518005371094,0,7484,0,0,0,0,0,0,0,0,0,0,0,1,0,2.0,-26.125,1,0,19.04439926147461,23.89739990234375,1,0,-1.8538999557495117,28.0,2,0,0.3125,0.6875,2,0,0.3199999928474426,0.20000000298023224,3,0,0.0,0.0
14.002,5100,5100,1.7,0,0.0,50,0,2.5,-1,0,10,3,-1.0,-1.0,-1.0,-1.0,6235944,1,2,2,2,1,1,1,1,1,0.21228060126304626,2.9833691120147705,4.559971332550049,0,0,0,0.0,0,0,7,0,1.4988858699798584,29.22689437866211,0,6568,0,0,0,0,0,0,0,0,0,0,0,1,0,2.0,-26.125,1,0,19.04439926147461,23.89739990234375,1,0,-1.8538999557495117,28.0,2,0,0.3125,0.6875,2,0,0.3199999928474426,0.20000000298023224,3,0,0.0,0.0
14.019,5150,5150,1.716667,0,0.0,50,0,2.5,-1,0,10,3,-1.0,-1.0,-1.0,-1.0,6235944,1,2,2,2,1,1,1,1,1,0.21285317838191986,2.9835093021392822,4.559134483337402,0,0,0,0.0,0,0,7,0,1.4989463090896606,29.14597511291504,0,5652,0,0,0,0,0,0,0,0,0,0,0,1,0,2.0,-26.125,1,0,19.04439926147461,23.89739990234375,1,0,-1.8538999557495117,28.0,2,0,0.3125,0.6875,2,0,0.3199999928474426,0.20000000298023224,3,0,0.0,0.0
14.037,5200,5200,1.733333,0,0.0,50,0,2.5,-1,0,10,3,-1.0,-1.0,-1.0,-1.0,6235944,1,2,2,2,1,1,1,1,1,0.21318553388118744,2.983597755432129,4.55863094329834,0,0,0,0.0,0,0,7,0,1.499009132385254,29.06476593017578,0,4736,0,0,0,0,0,0,0,0,0,0,0,1,0,2.0,-26.125,1,0,19.04439926147461,23.89739990234375,1,0,-1.8538999557495117,28.0,2,0,0.3125,0.6875,2,0,0.3199999928474426,0.20000000298023224,3,0,0.0,0.0
14.054,5250,5250,1.75,0,0.0,50,0,2.5,-1,0,10,3,-1.0,-1.0,-1.0,-1.0,6235944,1,2,2,2,1,1,1,1,1,0.21358484029769897,2.9837145805358887,4.558000564575195,0,0,0,0.0,0,0,7,0,1.4990742206573486,28.9832706451416,0,3820,0,0,0,0,0,0,0,0,0,0,0,1,0,2.0,-26.125,1,0,19.04439926147461,23.89739990234375,1,0,-1.8538999557495117,28.0,2,0,0.3125,0.6875,2,0,0.3199999928474426,0.20000000298023224,3,0,0.0,0.0
14.071,5300,5300,1.766667,0,0.0,50,0,2.5,-1,0,10,3,-1.0,-1.0,-1.0,-1.0,6235944,1,2,2,2,1,1,1,1,1,0.21402768790721893,2.983855724334717,4.557274341583252,0,0,0,0.0,0,0,7,0,1.4991416931152344,28.9014949798584,0,2904,0,0,0,0,0,0,0,0,0,0,0,1,0,2.0,-26.125,1,0,19.04439926147461,23.89739990234375,1,0,-1.8538999557495117,28.0,2,0,0.3125,0.6875,2,0,0.3199999928474426,0.20000000298023224,3,0,0.0,0.0
14.088,5350,5350,1.783333,0,0.0,50,0,2.5,-1,0,10,3,-1.0,-1.0,-1.0,-1.0,6235944,1,2,2,2,1,1,1,1,1,0.2144962102174759,2.984018325805664,4.55647611618042,0,0,0,0.0,0,0,7,0,1.4992114305496216,28.819442749023438,0,1988,0,0,0,0,0,0,0,0,0,0,0,1,0,2.0,-26.125,1,0,19.04439926147461,23.89739990234375,1,0,-1.8538999557495117,28.0,2,0,0.3125,0.6875,2,0,0.3199999928474426,0.20000000298023224,3,0,0.0,0.0
14.105,5400,5400,1.8,0,0.0,50,0,2.5,-1,0,10,3,-1.0,-1.0,-1.0,-1.0,6235944,1,2,2,2,1,1,1,1,1,0.2149743288755417,2.9842000007629395,4.555625915527344,0,0,0,0.0,0,0,7,0,1.4992834329605103,28.737119674682617,0,1072,0,0,0,0,0,0,0,0,0,0,0,1,0,2.0,-26.125,1,0,19.04439926147461,23.89739990234375,1,0,-1.8538999557495117,28.0,2,0,0.3125,0.6875,2,0,0.3199999928474426,0.20000000298023224,3,0,0.0,0.0
14.123,5450,5450,1.816667,0,0.0,50,0,2.5,-1,0,10,3,-1.0,-1.0,-1.0,-1.0,6235944,1,2,2,2,1,1,1,1,1,0.21545064449310303,2.984398126602173,4.554742336273193,0,0,0,0.0,0,0,7,0,1.49935781955719,28.654529571533203,0,156,0,0,0,0,0,0,0,0,0,0,0,1,0,2.0,-26.125,1,0,19.04439926147461,23.89739990234375,1,0,-1.8538999557495117,28.0,2,0,0.3125,0.6875,2,0,0.3199999928474426,0.20000000298023224,3,0,0.0,0.0
14.14,5500,5500,1.833333,0,0.0,50,0,2.5,-1,0,10,3,-1.0,-1.0,-1.0,-1.0,6235944,1,2,2,2,1,1,1,1,1,0.21572619676589966,2.98452091217041,4.5542120933532715,0,0,0,0.0,0,0,7,0,1.499434471130371,28.571678161621094,0,-760,0,0,0,0,0,0,0,0,0,0,0,1,0,2.0,-26.125,1,0,19.04439926147461,23.89739990234375,1,0,-1.8538999557495117,28.0,2,0,0.3125,0.6875,2,0,0.3199999928474426,0.20000000298023224,3,0,0.0,0.0
14.158,5550,5550,1.85,0,0.0,50,0,2.5,-1,0,10,3,-1.0,-1.0,-1.0,-1.0,6235944,1,2,2,2,1,1,1,1,1,0.21605509519577026,2.98468017578125,4.553554058074951,0,0,0,0.0,0,0,7,0,1.4995135068893433,28.488567352294922,0,-1676,0,0,0,0,0,0,0,0,0,0,0,1,0,2.0,-26.125,1,0,19.04439926147461,23.89739990234375,1,0,-1.8538999557495117,28.0,2,0,0.3125,0.6875,2,0,0.3199999928474426,0.20000000298023224,3,0,0.0,0.0
14.175,5600,5600,1.866667,0,0.0,50,0,2.5,-1,0,10,3,-1.0,-1.0,-1.0,-1.0,6235944,1,2,2,2,1,1,1,1,1,0.2164161056280136,2.9848694801330566,4.552798748016357,0,0,0,0.0,0,0,7,0,1.499594807624817,28.405202865600586,0,-2592,0,0,0,0,0,0,0,0,0,0,0,1,0,2.0,-26.125,1,0,19.04439926147461,23.89739990234375,1,0,-1.8538999557495117,28.0,2,0,0.3125,0.6875,2,0,0.3199999928474426,0.20000000298023224,3,0,0.0,0.0
14.192,5650,5650,1.883333,0,0.0,50,0,2.5,-1,0,10,3,-1.0,-1.0,-1.0,-1.0,6235944,1,2,2,2,1,1,1,1,1,0.21679481863975525,2.9850845336914062,4.551974296569824,0,0,0,0.0,0,0,7,0,1.499678373336792,28.32158851623535,0,-3508,0,0,0,0,0,0,0,0,0,0,0,1,0,2.0,-26.125,1,0,19.04439926147461,23.89739990234375,1,0,-1.8538999557495117,28.0,2,0,0.3125,0.6875,2,0,0.3199999928474426,0.20000000298023224,3,0,0.0,0.0
14.21,5700,5700,1.9,0,0.0,50,0,2.5,-1,0,10,3,-1.0,-1.0,-1.0,-1.0,6235944,1,2,2,2,1,1,1,1,1,0.21717755496501923,2.9853217601776123,4.551103115081787,0,0,0,0.0,0,0,7,0,1.4997642040252686,28.237730026245117,0,-4424,0,0,0,0,0,0,0,0,0,0,0,1,0,2.0,-26.125,1,0,19.04439926147461,23.89739990234375,1,0,-1.8538999557495117,28.0,2,0,0.3125,0.6875,2,0,0.3199999928474426,0.20000000298023224,3,0,0.0,0.0
14.227,5750,5750,1.916667,0,0.0,50,0,2.5,-1,0,10,3,-1.0,-1.0,-1.0,-1.0,6235944,1,2,2,2,1,1,1,1,1,0.21755576133728027,2.98557710647583,4.550199508666992,0,0,0,0.0,0,0,7,0,1.4998524188995361,28.153629302978516,0,-5340,0,0,0,0,0,0,0,0,0,0,0,1,0,2.0,-26.125,1,0,19.04439926147461,23.89739990234375,1,0,-1.8538999557495117,28.0,2,0,0.3125,0.6875,2,0,0.3199999928474426,0.20000000298023224,3,0,0.0,0.0
14.244,5800,5800,1.933333,0,0.0,50,0,2.5,-1,0,10,3,-1.0,-1.0,-1.0,-1.0,6235944,1,2,2,2,1,1,1,1,1,0.21777291595935822,2.985733985900879,4.549659252166748,0,0,0,0.0,0,0,7,0,1.4999428987503052,28.069292068481445,0,-6256,0,0,0,0,0,0,0,0,0,0,0,1,0,2.0,-26.125,1,0,19.04439926147461,23.89739990234375,1,0,-1.8538999557495117,28.0,2,0,0.3125,0.6875,2,0,0.3199999928474426,0.20000000298023224,3,0,0.0,0.0
14.262,5850,5850,1.95,0,0.0,50,0,2.5,-1,0,10,3,-1.0,-1.0,-1.0,-1.0,6235944,1,2,2,2,1,1,1,1,1,0.2180284708738327,2.9859354496002197,4.548994064331055,0,0,0,0.0,0,0,7,0,1.5000356435775757,27.984722137451172,0,-7172,0,0,0,0,0,0,0,0,0,0,0,1,0,2.0,-26.125,1,0,19.04439926147461,23.89739990234375,1,0,-1.8538999557495117,28.0,2,0,0.3125,0.6875,2,0,0.3199999928474426,0.20000000298023224,3,0,0.0,0.0
14.279,5900,5900,1.966667,0,0.0,50,0,2.5,-1,0,10,3,-1.0,-1.0,-1.0,-1.0,6235944,1,2,2,2,1,1,1,1,1,0.2183031439781189,2.986173152923584,4.548238277435303,0,0,0,0.0,0,0,7,0,1.5001306533813477,27.899921417236328,0,-8088,0,0,0,0,0,0,0,0,0,0,0,1,0,2.0,-26.125,1,0,19.04439926147461,23.89739990234375,1,0,-1.8538999557495117,28.0,2,0,0.3125,0.6875,2,0,0.3199999928474426,0.20000000298023224,3,0,0.0,0.0
14.297,5950,5950,1.983333,0,0.0,50,0,2.5,-1,0,10,3,-1.0,-1.0,-1.0,-1.0,6235944,1,2,2,2,1,1,1,1,1,0.21858735382556915,2.986440896987915,4.547420024871826,0,0,0,0.0,0,0,7,0,1.500227928161621,27.814895629882812,0,-9004,0,0,0,0,0,0,0,0,0,0,0,1,0,2.0,-26.125,1,0,19.04439926147461,23.89739990234375,1,0,-1.8538999557495117,28.0,2,0,0.3125,0.6875,2,0,0.3199999928474426,0.20000000298023224,3,0,0.0,0.0
14.314,6000,6000,2.0,0,0.0,50,0,2.5,-1,0,10,3,-1.0,-1.0,-1.0,-1.0,6235944,1,2,2,2,1,1,1,1,1,0.21886992454528809,2.9867331981658936,4.546562671661377,0,0,0,0.0,0,0,7,0,1.5003273487091064,27.72964859008789,0,-9920,0,0,0,0,0,0,0,0,0,0,0,1,0,2.0,-26.125,1,0,19.04439926147461,23.89739990234375,1,0,-1.8538999557495117,28.0,2,0,0.3125,0.6875,2,0,0.3199999928474426,0.20000000298023224,3,0,0.0,0.0
14.331,6050,6050,2.016667,0,0.0,50,0,2.5,-1,0,10,3,-1.0,-1.0,-1.0,-1.0,6235944,1,2,2,2,1,1,1,1,1,0.21914474666118622,2.9870457649230957,4.545681476593018,0,0,0,0.0,0,0,7,0,1.5004290342330933,27.644182205200195,0,-10836,0,0,0,0,0,0,0,0,0,0,0,1,0,2.0,-26.125,1,0,19.04439926147461,23.89739990234375,1,0,-1.8538999557495117,28.0,2,0,0.3125,0.6875,2,0,0.3199999928474426,0.20000000298023224,3,0,0.0,0.0
14.349,6100,6100,2.033333,0,0.0,50,0,2.5,-1,0,10,3,-1.0,-1.0,-1.0,-1.0,6235944,1,2,2,2,1,1,1,1,1,0.2193000465631485,2.987236499786377,4.5451579093933105,0,0,0,0.0,0,0,7,0,1.5005329847335815,27.558502197265625,0,-11752,0,0,0,0,0,0,0,0,0,0,0,1,0,2.0,-26.125,1,0,19.04439926147461,23.89739990234375,1,0,-1.8538999557495117,28.0,2,0,0.3125,0.6875,2,0,0.3199999928474426,0.20000000298023224,3,0,0.0,0.0
14.366,6150,6150,2.05,0,0.0,50,0,2.5,-1,0,10,3,-1.0,-1.0,-1.0,-1.0,6235944,1,2,2,2,1,1,1,1,1,0.21947866678237915,2.9874801635742188,4.544517993927002,0,0,0,0.0,0,0,7,0,1.5006390810012817,27.472610473632812,0,-12668,0,0,0,0,0,0,0,0,0,0,0,1,0,2.0,-26.125,1,0,19.04439926147461,23.89739990234375,1,0,-1.8538999557495117,28.0,2,0,0.3125,0.6875,2,0,0.3199999928474426,0.20000000298023224,3,0,0.0,0.0
14.384,6200,6200,2.066667,0,0.0,50,0,2.5,-1,0,10,3,-1.0,-1.0,-1.0,-1.0,6235944,1,2,2,2,1,1,1,1,1,0.2196669727563858,2.9877657890319824,4.543796062469482,0,0,0,0.0,0,0,7,0,1.5007474422454834,27.386512756347656,0,-13584,0,0,0,0,0,0,0,0,0,0,0,1,0,2.0,-26.125,1,0,19.04439926147461,23.89739990234375,1,0,-1.8538999557495117,28.0,2,0,0.3125,0.6875,2,0,0.3199999928474426,0.20000000298023224,3,0,0.0,0.0
14.401,6250,6250,2.083333,0,0.0,50,0,2.5,-1,0,10,3,-1.0,-1.0,-1.0,-1.0,6235944,1,2,2,2,1,1,1,1,1,0.2198549211025238,2.9880852699279785,4.543019771575928,0,0,0,0.0,0,0,7,0,1.500857949256897,27.30021095275879,0,-14500,0,0,0,0,0,0,0,0,0,0,0,1,0,2.0,-26.125,1,0,19.04439926147461,23.89739990234375,1,0,-1.8538999557495117,28.0,2,0,0.3125,0.6875,2,0,0.3199999928474426,0.20000000298023224,3,0,0.0,0.0
14.418,6300,6300,2.1,0,0.0,50,0,2.5,-1,0,10,3,-1.0,-1.0,-1.0,-1.0,6235944,1,2,2,2,1,1,1,1,1,0.22020389139652252,2.988801956176758,4.541388988494873,0,0,0,0.0,0,0,7,0,1.5010854005813599,27.12700843811035,0,-16332,0,0,0,0,0,0,0,0,0,0,0,1,0,2.0,-26.125,1,0,19.04439926147461,23.89739990234375,1,0,-1.8538999557495117,28.0,2,0,0.3125,0.6875,2,0,0.3199999928474426,0.20000000298023224,3,0,0.0,0.0
14.436,6400,6400,2.133333,0,0.0,50,0,2.5,-1,0,10,3,-1.0,-1.0,-1.0,-1.0,6235944,1,2,2,2,1,1,1,1,1,0.22029580175876617,2.9890267848968506,4.540903091430664,0,0,0,0.0,0,0,7,0,1.5012023448944092,27.040115356445312,0,-17248,0,0,0,0,0,0,0,0,0,0,0,1,0,2.0,-26.125,1,0,19.04439926147461,23.89739990234375,1,0,-1.8538999557495117,28.0,2,0,0.3125,0.6875,2,0,0.3199999928474426,0.20000000298023224,3,0,0.0,0.0
14.453,6450,6450,2.15,0,0.0,50,0,2.5,-1,0,10,3,-1.0,-1.0,-1.0,-1.0,6235944,1,2,2,2,1,1,1,1,1,0.2203965038061142,2.989312171936035,4.540316104888916,0,0,0,0.0,0,0,7,0,1.5013214349746704,26.953031539916992,0,-18164,0,0,0,0,0,0,0,0,0,0,0,1,0,2.0,-26.125,1,0,19.04439926147461,23.89739990234375,1,0,-1.8538999557495117,28.0,2,0,0.3125,0.6875,2,0,0.3199999928474426,0.20000000298023224,3,0,0.0,0.0
14.471,6500,6500,2.166667,0,0.0,50,0,2.5,-1,0,10,3,-1.0,-1.0,-1.0,-1.0,6235944,1,2,2,2,1,1,1,1,1,0.2204950749874115,2.98964524269104,4.539661407470703,0,0,0,0.0,0,0,7,0,1.501442551612854,26.865760803222656,0,-19080,0,0,0,0,0,0,0,0,0,0,0,1,0,2.0,-26.125,1,0,19.04439926147461,23.89739990234375,1,0,-1.8538999557495117,28.0,2,0,0.3125,0.6875,2,0,0.3199999928474426,0.20000000298023224,3,0,0.0,0.0
14.488,6550,6550,2.183333,0,0.0,50,0,2.5,-1,0,10,3,-1.0,-1.0,-1.0,-1.0,6235944,1,2,2,2,1,1,1,1,1,0.22058698534965515,2.990016222000122,4.53896427154541,0,0,0,0.0,0,0,7,0,1.5015658140182495,26.778305053710938,0,-19996,0,0,0,0,0,0,0,0,0,0,0,1,0,2.0,-26.125,1,0,19.04439926147461,23.89739990234375,1,0,-1.8538999557495117,28.0,2,0,0.3125,0.6875,2,0,0.3199999928474426,0.20000000298023224,3,0,0.0,0.0
14.506,6600,6600,2.2,0,0.0,50,0,2.5,-1,0,10,3,-1.0,-1.0,-1.0,-1.0,6235944,1,2,2,2,1,1,1,1,1,0.22066307067871094,2.9904181957244873,4.538248062133789,0,0,0,0.0,0,0,7,0,1.5016911029815674,26.6906681060791,0,-20912,0,0,0,0,0,0,0,0,0,0,0,1,0,2.0,-26.125,1,0,19.04439926147461,23.89739990234375,1,0,-1.8538999557495117,28.0,2,0,0.3125,0.6875,2,0,0.3199999928474426,0.20000000298023224,3,0,0.0,0.0
14.523,6650,6650,2.216667,0,0.0,50,0,2.5,-1,0,10,3,-1.0,-1.0,-1.0,-1.0,6235944,1,2,2,2,1,1,1,1,1,0.2207241803407669,2.9908440113067627,4.537526607513428,0,0,0,0.0,0,0,7,0,1.5018184185028076,26.60285186767578,0,-21828,0,0,0,0,0,0,0,0,0,0,0,1,0,2.0,-26.125,1,0,19.04439926147461,23.89739990234375,1,0,-1.8538999557495117,28.0,2,0,0.3125,0.6875,2,0,0.3199999928474426,0.20000000298023224,3,0,0.0,0.0
14.54,6700,6700,2.233333,0,0.0,50,0,2.5,-1,0,10,3,-1.0,-1.0,-1.0,-1.0,6235944,1,2,2,2,1,1,1,1,1,0.22075173258781433,2.991102457046509,4.53710412979126,0,0,0,0.0,0,0,7,0,1.5019477605819702,26.514862060546875,0,-22744,0,0,0,0,0,0,0,0,0,0,0,1,0,2.0,-26.125,1,0,19.04439926147461,23.89739990234375,1,0,-1.8538999557495117,28.0,2,0,0.3125,0.6875,2,0,0.3199999928474426,0.20000000298023224,3,0,0.0,0.0
14.558,6750,6750,2.25,0,0.0,50,0,2.5,-1,0,10,3,-1.0,-1.0,-1.0,-1.0,6235944,1,2,2,2,1,1,1,1,1,0.22077304124832153,2.991429090499878,4.536599159240723,0,0,0,0.0,0,0,7,0,1.5020790100097656,26.426698684692383,0,-23660,0,0,0,0,0,0,0,0,0,0,0,1,0,2.0,-26.125,1,0,19.04439926147461,23.89739990234375,1,0,-1.8538999557495117,28.0,2,0,0.3125,0.6875,2,0,0.3199999928474426,0.20000000298023224,3,0,0.0,0.0
14.575,6800,6800,2.266667,0,0.0,50,0,2.5,-1,0,10,3,-1.0,-1.0,-1.0,-1.0,6235944,1,2,2,2,1,1,1,1,1,0.2207808494567871,2.991809606552124,4.536041736602783,0,0,0,0.0,0,0,7,0,1.5022122859954834,26.33836555480957,0,-24576,0,0,0,0,0,0,0,0,0,0,0,1,0,2.0,-26.125,1,0,19.04439926147461,23.89739990234375,1,0,-1.8538999557495117,28.0,2,0,0.3125,0.6875,2,0,0.3199999928474426,0.20000000298023224,3,0,0.0,0.0
14.593,6850,6850,2.283333,0,0.0,50,0,2.5,-1,0,10,3,-1.0,-1.0,-1.0,-1.0,6235944,1,2,2,2,1,1,1,1,1,0.2207738757133484,2.9922327995300293,4.535455703735352,0,0,0,0.0,0,0,7,0,1.502347469329834,26.249866485595703,0,-25492,0,0,0,0,0,0,0,0,0,0,0,1,0,2.0,-26.125,1,0,19.04439926147461,23.89739990234375,1,0,-1.8538999557495117,28.0,2,0,0.3125,0.6875,2,0,0.3199999928474426,0.20000000298023224,3,0,0.0,0.0
14.61,6900,6900,2.3,0,0.0,50,0,2.5,-1,0,10,3,-1.0,-1.0,-1.0,-1.0,6235944,1,2,2,2,1,1,1,1,1,0.22074733674526215,2.9926886558532715,4.534860610961914,0,0,0,0.0,0,0,7,0,1.5024845600128174,26.161203384399414,0,-26408,0,0,0,0,0,0,0,0,0,0,0,1,0,2.0,-26.125,1,0,19.04439926147461,23.89739990234375,1,0,-1.8538999557495117,28.0,2,0,0.3125,0.6875,2,0,0.3199999928474426,0.20000000298023224,3,0,0.0,0.0
14.628,6950,6950,2.316667,0,0.0,50,0,2.5,-1,0,10,3,-1.0,-1.0,-1.0,-1.0,6235944,1,2,2,2,1,1,1,1,1,0.22069956362247467,2.9931700229644775,4.53427267074585,0,0,0,0.0,0,0,7,0,1.5026235580444336,26.07238006591797,0,-27324,0,0,0,0,0,0,0,0,0,0,0,1,0,2.0,-26.125,1,0,19.04439926147461,23.89739990234375,1,0,-1.8538999557495117,28.0,2,0,0.3125,0.6875,2,0,0.3199999928474426,0.20000000298023224,3,0,0.0,0.0
14.645,7000,7000,2.333333,0,0.0,50,0,2.5,-1,0,10,3,-1.0,-1.0,-1.0,-1.0,6235944,1,2,2,2,1,1,1,1,1,0.22066202759742737,2.9934613704681396,4.533932685852051,0,0,0,0.0,0,0,7,0,1.502764344215393,25.983396530151367,0,-28240,0,0,0,0,0,0,0,0,0,0,0,1,0,2.0,-26.125,1,0,19.04439926147461,23.89739990234375,1,0,-1.8538999557495117,28.0,2,0,0.3125,0.6875,2,0,0.3199999928474426,0.20000000298023224,3,0,0.0,0.0
14.662,7050,7050,2.35,0,0.0,50,0,2.5,-1,0,10,3,-1.0,-1.0,-1.0,-1.0,6235944,1,2,2,2,1,1,1,1,1,0.22060322761535645,2.9938290119171143,4.533533096313477,0,0,0,0.0,0,0,7,0,1.5029070377349854,25.894258499145508,0,-29156,0,0,0,0,0,0,0,0,0,0,0,1,0,2.0,-26.125,1,0,19.04439926147461,23.89739990234375,1,0,-1.8538999557495117,28.0,2,0,0.3125,0.6875,2,0,0.3199999928474426,0.20000000298023224,3,0,0.0,0.0
14.679,7100,7100,2.366667,0,0.0,50,0,2.5,-1,0,10,3,-1.0,-1.0,-1.0,-1.0,6235944,1,2,2,2,1,1,1,1,1,0.2205197662115097,2.9942562580108643,4.53309965133667,0,0,0,0.0,0,0,7,0,1.503051519393921,25.80496597290039,0,-30072,0,0,0,0,0,0,0,0,0,0,0,1,0,2.0,-26.125,1,0,19.04439926147461,23.89739990234375,1,0,-1.8538999557495117,28.0,2,0,0.3125,0.6875,2,0,0.3199999928474426,0.20000000298023224,3,0,0.0,0.0
14.697,7150,7150,2.383333,0,0.0,50,0,2.5,-1,0,10,3,-1.0,-1.0,-1.0,-1.0,6235944,1,2,2,2,1,1,1,1,1,0.2204132378101349,2.9947307109832764,4.532653331756592,0,0,0,0.0,0,0,7,0,1.5031977891921997,25.71552276611328,0,-30988,0,0,0,0,0,0,0,0,0,0,0,1,0,2.0,-26.125,1,0,19.04439926147461,23.89739990234375,1,0,-1.8538999557495117,28.0,2,0,0.3125,0.6875,2,0,0.3199999928474426,0.20000000298023224,3,0,0.0,0.0
14.714,7200,7200,2.4,0,0.0,50,0,2.5,-1,0,10,3,-1.0,-1.0,-1.0,-1.0,6235944,1,2,2,2,1,1,1,1,1,0.2202814668416977,2.9952404499053955,4.532210350036621,0,0,0,0.0,0,0,7,0,1.5033457279205322,25.625932693481445,0,-31904,0,0,0,0,0,0,0,0,0,0,0,1,0,2.0,-26.125,1,0,19.04439926147461,23.89739990234375,1,0,-1.8538999557495117,28.0,2,0,0.3125,0.6875,2,0,0.3199999928474426,0.20000000298023224,3,0,0.0,0.0
14.731,7250,7250,2.416667,0,0.0,50,0,2.5,-1,0,10,3,-1.0,-1.0,-1.0,-1.0,6235944,1,2,2,2,1,1,1,1,1,0.22012697160243988,2.995777130126953,4.531782627105713,0,0,0,0.0,0,0,7,0,1.5034953355789185,25.536195755004883,0,-32820,0,0,0,0,0,0,0,0,0,0,0,1,0,2.0,-26.125,1,0,19.04439926147461,23.89739990234375,1,0,-1.8538999557495117,28.0,2,0,0.3125,0.6875,2,0,0.3199999928474426,0.20000000298023224,3,0,0.0,0.0
14.748,7300,7300,2.433333,0,0.0,50,0,2.5,-1,0,10,3,-1.0,-1.0,-1.0,-1.0,6235944,1,2,2,2,1,1,1,1,1,0.22002600133419037,2.9961013793945312,4.531540393829346,0,0,0,0.0,0,0,7,0,1.5036466121673584,25.44631576538086,0,-33736,0,0,0,0,0,0,0,0,0,0,0,1,0,2.0,-26.125,1,0,19.04439926147461,23.89739990234375,1,0,-1.8538999557495117,28.0,2,0,0.3125,0.6875,2,0,0.3199999928474426,0.20000000298023224,3,0,0.0,0.0
14.765,7350,7350,2.45,0,0.0,50,0,2.5,-1,0,10,3,-1.0,-1.0,-1.0,-1.0,6235944,1,2,2,2,1,1,1,1,1,0.21988798677921295,2.9965100288391113,4.531263828277588,0,0,0,0.0,0,0,7,0,1.503799557685852,25.356294631958008,0,-34652,0,0,0,0,0,0,0,0,0,0,0,1,0,2.0,-26.125,1,0,19.04439926147461,23.89739990234375,1,0,-1.8538999557495117,28.0,2,0,0.3125,0.6875,2,0,0.3199999928474426,0.20000000298023224,3,0,0.0,0.0
14.782,7400,7400,2.466667,0,0.0,50,0,2.5,-1,0,10,3,-1.0,-1.0,-1.0,-1.0,6235944,1,2,2,2,1,1,1,1,1,0.21971194446086884,2.996983528137207,4.530972003936768,0,0,0,0.0,0,0,7,0,1.5039541721343994,25.266136169433594,0,-35568,0,0,0,0,0,0,0,0,0,0,0,1,0,2.0,-26.125,1,0,19.04439926147461,23.89739990234375,1,0,-1.8538999557495117,28.0,2,0,0.3125,0.6875,2,0,0.3199999928474426,0.20000000298023224,3,0,0.0,0.0
14.799,7450,7450,2.483333,0,0.0,50,0,2.5,-1,0,10,3,-1.0,-1.0,-1.0,-1.0,6235944,1,2,2,2,1,1,1,1,1,0.21950547397136688,2.9975082874298096,4.530683994293213,0,0,0,0.0,0,0,7,0,1.504110336303711,25.175840377807617,0,-36484,0,0,0,0,0,0,0,0,0,0,0,1,0,2.0,-26.125,1,0,19.04439926147461,23.89739990234375,1,0,-1.8538999557495117,28.0,2,0,0.3125,0.6875,2,0,0.3199999928474426,0.20000000298023224,3,0,0.0,0.0
14.817,7500,7500,2.5,0,0.0,50,0,2.5,-1,0,10,3,-1.0,-1.0,-1.0,-1.0,6235944,1,2,2,2,1,1,1,1,1,0.21926818788051605,2.9980711936950684,4.53040885925293,0,0,0,0.0,0,0,7,0,1.5042680501937866,25.085411071777344,0,-37400,0,0,0,0,0,0,0,0,0,0,0,1,0,2.0,-26.125,1,0,19.04439926147461,23.89739990234375,1,0,-1.8538999557495117,28.0,2,0,0.3125,0.6875,2,0,0.3199999928474426,0.20000000298023224,3,0,0.0,0.0
14.834,7550,7550,2.516667,0,0.0,50,0,2.5,-1,0,10,3,-1.0,-1.0,-1.0,-1.0,6235944,1,2,2,2,1,1,1,1,1,0.2190050184726715,2.9986627101898193,4.53015661239624,0,0,0,0.0,0,0,7,0,1.504427194595337,24.994850158691406,0,-38316,0,0,0,0,0,0,0,0,0,0,0,1,0,2.0,-26.125,1,0,19.04439926147461,23.89739990234375,1,0,-1.8538999557495117,28.0,2,0,0.3125,0.6875,2,0,0.3199999928474426,0.20000000298023224,3,0,0.0,0.0
14.852,7600,7600,2.533333,0,0.0,50,0,2.5,-1,0,10,3,-1.0,-1.0,-1.0,-1.0,6235944,1,2,2,2,1,1,1,1,1,0.21883928775787354,2.9990198612213135,4.530020713806152,0,0,0,0.0,0,0,7,0,1.5045877695083618,24.904159545898438,0,-39232,0,0,0,0,0,0,0,0,0,0,0,1,0,2.0,-26.125,1,0,19.04439926147461,23.89739990234375,1,0,-1.8538999557495117,28.0,2,0,0.3125,0.6875,2,0,0.3199999928474426,0.20000000298023224,3,0,0.0,0.0
14.869,7700,7700,2.566667,0,0.0,50,0,2.5,-1,0,10,3,-1.0,-1.0,-1.0,-1.0,6235944,1,2,2,2,1,1,1,1,1,0.2183569371700287,2.999988317489624,4.529738426208496,0,0,0,0.0,0,0,7,0,1.5049132108688354,24.722396850585938,0,-41064,0,0,0,0,0,0,0,0,0,0,0,1,0,2.0,-26.125,1,0,19.04439926147461,23.89739990234375,1,0,-1.8538999557495117,28.0,2,0,0.3125,0.6875,2,0,0.3199999928474426,0.20000000298023224,3,0,0.0,0.0
14.887,7750,7750,2.583333,0,0.0,50,0,2.5,-1,0,10,3,-1.0,-1.0,-1.0,-1.0,6235944,1,2,2,2,1,1,1,1,1,0.21805153787136078,3.000563144683838,4.5296173095703125,0,0,0,0.0,0,0,7,0,1.5050779581069946,24.631330490112305,0,-41980,0,0,0,0,0,0,0,0,0,0,0,1,0,2.0,-26.125,1,0,19.04439926147461,23.89739990234375,1,0,-1.8538999557495117,28.0,2,0,0.3125,0.6875,2,0,0.3199999928474426,0.20000000298023224,3,0,0.0,0.0
14.904,7800,7800,2.6,0,0.0,50,0,2.5,-1,0,10,3,-1.0,-1.0,-1.0,-1.0,6235944,1,2,2,2,1,1,1,1,1,0.21771031618118286,3.00117826461792,4.529519557952881,0,0,0,0.0,0,0,7,0,1.5052440166473389,24.540142059326172,0,-42896,0,0,0,0,0,0,0,0,0,0,0,1,0,2.0,-26.125,1,0,19.04439926147461,23.89739990234375,1,0,-1.8538999557495117,28.0,2,0,0.3125,0.6875,2,0,0.3199999928474426,0.20000000298023224,3,0,0.0,0.0
14.922,7850,7850,2.616667,0,0.0,50,0,2.5,-1,0,10,3,-1.0,-1.0,-1.0,-1.0,6235944,1,2,2,2,1,1,1,1,1,0.2173399180173874,3.001824140548706,4.529449939727783,0,0,0,0.0,0,0,7,0,1.5054113864898682,24.448835372924805,0,-43812,0,0,0,0,0,0,0,0,0,0,0,1,0,2.0,-26.125,1,0,19.04439926147461,23.89739990234375,1,0,-1.8538999557495117,28.0,2,0,0.3125,0.6875,2,0,0.3199999928474426,0.20000000298023224,3,0,0.0,0.0
14.939,7900,7900,2.633333,0,0.0,50,0,2.5,-1,0,10,3,-1.0,-1.0,-1.0,-1.0,6235944,1,2,2,2,1,1,1,1,1,0.21711035072803497,3.002213478088379,4.529423236846924,0,0,0,0.0,0,0,7,0,1.505579948425293,24.357412338256836,0,-44728,0,0,0,0,0,0,0,0,0,0,0,1,0,2.0,-26.125,1,0,19.04439926147461,23.89739990234375,1,0,-1.8538999557495117,28.0,2,0,0.3125,0.6875,2,0,0.3199999928474426,0.20000000298023224,3,0,0.0,0.0
14.956,7950,7950,2.65,0,0.0,50,0,2.5,-1,0,10,3,-1.0,-1.0,-1.0,-1.0,6235944,1,2,2,2,1,1,1,1,1,0.21681463718414307,3.002702236175537,4.529415130615234,0,0,0,0.0,0,0,7,0,1.5057495832443237,24.265872955322266,0,-45644,0,0,0,0,0,0,0,0,0,0,0,1,0,2.0,-26.125,1,0,19.04439926147461,23.89739990234375,1,0,-1.8538999557495117,28.0,2,0,0.3125,0.6875,2,0,0.3199999928474426,0.20000000298023224,3,0,0.0,0.0
14.974,8000,8000,2.666667,0,0.0,50,0,2.5,-1,0,10,3,-1.0,-1.0,-1.0,-1.0,6235944,1,2,2,2,1,1,1,1,1,0.2164604812860489,3.0032670497894287,4.5294294357299805,0,0,0,0.0,0,0,7,0,1.50592041015625,24.17422103881836,0,-46560,0,0,0,0,0,0,0,0,0,0,0,1,0,2.0,-26.125,1,0,19.04439926147461,23.89739990234375,1,0,-1.8538999557495117,28.0,2,0,0.3125,0.6875,2,0,0.3199999928474426,0.20000000298023224,3,0,0.0,0.0
14.991,8050,8050,2.683333,0,0.0,50,0,2.5,-1,0,10,3,-1.0,-1.0,-1.0,-1.0,6235944,1,2,2,2,1,1,1,1,1,0.21606014668941498,3.0038912296295166,4.529471397399902,0,0,0,0.0,0,0,7,0,1.5060923099517822,24.082456588745117,0,-47476,0,0,0,0,0,0,0,0,0,0,0,1,0,2.0,-26.125,1,0,19.04439926147461,23.89739990234375,1,0,-1.8538999557495117,28.0,2,0,0.3125,0.6875,2,0,0.3199999928474426,0.20000000298023224,3,0,0.0,0.0
15.008,8100,8100,2.7,0,0.0,50,0,2.5,-1,0,10,3,-1.0,-1.0,-1.0,-1.0,6235944,1,2,2,2,1,1,1,1,1,0.21561665832996368,3.004558563232422,4.529544353485107,0,0,0,0.0,0,0,7,0,1.5062652826309204,23.990583419799805,0,-48392,0,0,0,0,0,0,0,0,0,0,0,1,0,2.0,-26.125,1,0,19.04439926147461,23.89739990234375,1,0,-1.8538999557495117,28.0,2,0,0.3125,0.6875,2,0,0.3199999928474426,0.20000000298023224,3,0,0.0,0.0
15.026,8150,8150,2.716667,0,0.0,50,0,2.5,-1,0,10,3,-1.0,-1.0,-1.0,-1.0,6235944,1,2,2,2,1,1,1,1,1,0.2151411473751068,3.005258083343506,4.529652118682861,0,0,0,0.0,0,0,7,0,1.506439208984375,23.898601531982422,0,-49308,0,0,0,0,0,0,0,0,0,0,0,1,0,2.0,-26.125,1,0,19.04439926147461,23.89739990234375,1,0,-1.8538999557495117,28.0,2,0,0.3125,0.6875,2,0,0.3199999928474426,0.20000000298023224,3,0,0.0,0.0
15.043,8200,8200,2.733333,0,0.0,50,0,2.5,-1,0,10,3,-1.0,-1.0,-1.0,-1.0,6235944,1,2,2,2,1,1,1,1,1,0.2148490697145462,3.005679130554199,4.529730796813965,0,0,0,0.0,0,0,7,0,1.5066139698028564,23.806514739990234,0,-50224,0,0,0,0,0,0,0,0,0,0,0,1,0,2.0,-26.125,1,0,19.04439926147461,23.89739990234375,1,0,-1.8538999557495117,28.0,2,0,0.3125,0.6875,2,0,0.3199999928474426,0.20000000298023224,3,0,0.0,0.0
15.06,8250,8250,2.75,0,0.0,50,0,2.5,-1,0,10,3,-1.0,-1.0,-1.0,-1.0,6235944,1,2,2,2,1,1,1,1,1,0.21447673439979553,3.006207227706909,4.529848575592041,0,0,0,0.0,0,0,7,0,1.5067896842956543,23.714323043823242,0,-51140,0,0,0,0,0,0,0,0,0,0,0,1,0,2.0,-26.125,1,0,19.04439926147461,23.89739990234375,1,0,-1.8538999557495117,28.0,2,0,0.3125,0.6875,2,0,0.3199999928474426,0.20000000298023224,3,0,0.0,0.0
15.077,8300,8300,2.766667,0,0.0,50,0,2.5,-1,0,10,3,-1.0,-1.0,-1.0,-1.0,6235944,1,2,2,2,1,1,1,1,1,0.21403560042381287,3.0068163871765137,4.530004501342773,0,0,0,0.0,0,0,7,0,1.506966233253479,23.62203025817871,0,-52056,0,0,0,0,0,0,0,0,0,0,0,1,0,2.0,-26.125,1,0,19.04439926147461,23.89739990234375,1,0,-1.8538999557495117,28.0,2,0,0.3125,0.6875,2,0,0.3199999928474426,0.20000000298023224,3,0,0.0,0.0
15.094,8350,8350,2.783333,0,0.0,50,0,2.5,-1,0,10,3,-1.0,-1.0,-1.0,-1.0,6235944,1,2,2,2,1,1,1,1,1,0.21354107558727264,3.0074892044067383,4.5301995277404785,0,0,0,0.0,0,0,7,0,1.5071436166763306,23.52963638305664,0,-52972,0,0,0,0,0,0,0,0,0,0,0,1,0,2.0,-26.125,1,0,19.04439926147461,23.89739990234375,1,0,-1.8538999557495117,28.0,2,0,0.3125,0.6875,2,0,0.3199999928474426,0.20000000298023224,3,0,0.0,0.0
15.111,8400,8400,2.8,0,0.0,50,0,2.5,-1,0,10,3,-1.0,-1.0,-1.0,-1.0,6235944,1,2,2,2,1,1,1,1,1,0.21300023794174194,3.0082077980041504,4.530432224273682,0,0,0,0.0,0,0,7,0,1.5073217153549194,23.437143325805664,0,-53888,0,0,0,0,0,0,0,0,0,0,0,1,0,2.0,-26.125,1,0,19.04439926147461,23.89739990234375,1,0,-1.8538999557495117,28.0,2,0,0.3125,0.6875,2,0,0.3199999928474426,0.20000000298023224,3,0,0.0,0.0
15.129,8450,8450,2.816667,0,0.0,50,0,2.5,-1,0,10,3,-1.0,-1.0,-1.0,-1.0,6235944,1,2,2,2,1,1,1,1,1,0.21242253482341766,3.008960008621216,4.530698299407959,0,0,0,0.0,0,0,7,0,1.507500410079956,23.344552993774414,0,-54804,0,0,0,0,0,0,0,0,0,0,0,1,0,2.0,-26.125,1,0,19.04439926147461,23.89739990234375,1,0,-1.8538999557495117,28.0,2,0,0.3125,0.6875,2,0,0.3199999928474426,0.20000000298023224,3,0,0.0,0.0
15.147,8500,8500,2.833333,0,0.0,50,0,2.5,-1,0,10,3,-1.0,-1.0,-1.0,-1.0,6235944,1,2,2,2,1,1,1,1,1,0.21206973493099213,3.0094125270843506,4.530869960784912,0,0,0,0.0,0,0,7,0,1.5076797008514404,23.251867294311523,0,-55720,0,0,0,0,0,0,0,0,0,0,0,1,0,2.0,-26.125,1,0,19.04439926147461,23.89739990234375,1,0,-1.8538999557495117,28.0,2,0,0.3125,0.6875,2,0,0.3199999928474426,0.20000000298023224,3,0,0.0,0.0
15.164,8550,8550,2.85,0,0.0,50,0,2.5,-1,0,10,3,-1.0,-1.0,-1.0,-1.0,6235944,1,2,2,2,1,1,1,1,1,0.21162308752536774,3.009979486465454,4.53109884262085,0,0,0,0.0,0,0,7,0,1.5078595876693726,23.159088134765625,0,-56636,0,0,0,0,0,0,0,0,0,0,0,1,0,2.0,-26.125,1,0,19.04439926147461,23.89739990234375,1,0,-1.8538999557495117,28.0,2,0,0.3125,0.6875,2,0,0.3199999928474426,0.20000000298023224,3,0,0.0,0.0
15.182,8600,8600,2.866667,0,0.0,50,0,2.5,-1,0,10,3,-1.0,-1.0,-1.0,-1.0,6235944,1,2,2,2,1,1,1,1,1,0.21109767258167267,3.0106332302093506,4.531378269195557,0,0,0,0.0,0,0,7,0,1.508039951324463,23.06621551513672,0,-57552,0,0,0,0,0,0,0,0,0,0,0,1,0,2.0,-26.125,1,0,19.04439926147461,23.89739990234375,1,0,-1.8538999557495117,28.0,2,0,0.3125,0.6875,2,0,0.3199999928474426,0.20000000298023224,3,0,0.0,0.0
15.199,8650,8650,2.883333,0,0.0,50,0,2.5,-1,0,10,3,-1.0,-1.0,-1.0,-1.0,6235944,1,2,2,2,1,1,1,1,1,0.2105121910572052,3.0113542079925537,4.531703948974609,0,0,0,0.0,0,0,7,0,1.5082207918167114,22.973251342773438,0,-58468,0,0,0,0,0,0,0,0,0,0,0,1,0,2.0,-26.125,1,0,19.04439926147461,23.89739990234375,1,0,-1.8538999557495117,28.0,2,0,0.3125,0.6875,2,0,0.3199999928474426,0.20000000298023224,3,0,0.0,0.0
15.217,8700,8700,2.9,0,0.0,50,0,2.5,-1,0,10,3,-1.0,-1.0,-1.0,-1.0,6235944,1,2,2,2,1,1,1,1,1,0.2098759412765503,3.0121231079101562,4.532068729400635,0,0,0,0.0,0,0,7,0,1.5084021091461182,22.880199432373047,0,-59384,0,0,0,0,0,0,0,0,0,0,0,1,0,2.0,-26.125,1,0,19.04439926147461,23.89739990234375,1,0,-1.8538999557495117,28.0,2,0,0.3125,0.6875,2,0,0.3199999928474426,0.20000000298023224,3,0,0.0,0.0
15.234,8750,8750,2.916667,0,0.0,50,0,2.5,-1,0,10,3,-1.0,-1.0,-1.0,-1.0,6235944,1,2,2,2,1,1,1,1,1,0.20920208096504211,3.0129289627075195,4.532465934753418,0,0,0,0.0,0,0,7,0,1.508583664894104,22.787057876586914,0,-60300,0,0,0,0,0,0,0,0,0,0,0,1,0,2.0,-26.125,1,0,19.04439926147461,23.89739990234375,1,0,-1.8538999557495117,28.0,2,0,0.3125,0.6875,2,0,0.3199999928474426,0.20000000298023224,3,0,0.0,0.0
15.251,8800,8800,2.933333,0,0.0,50,0,2.5,-1,0,10,3,-1.0,-1.0,-1.0,-1.0,6235944,1,2,2,2,1,1,1,1,1,0.20879244804382324,3.013413667678833,4.532713890075684,0,0,0,0.0,0,0,7,0,1.5087655782699585,22.693830490112305,0,-61216,0,0,0,0,0,0,0,0,0,0,0,1,0,2.0,-26.125,1,0,19.04439926147461,23.89739990234375,1,0,-1.8538999557495117,28.0,2,0,0.3125,0.6875,2,0,0.3199999928474426,0.20000000298023224,3,0,0.0,0.0
15.269,8850,8850,2.95,0,0.0,50,0,2.5,-1,0,10,3,-1.0,-1.0,-1.0,-1.0,6235944,1,2,2,2,1,1,1,1,1,0.2082756757736206,3.0140178203582764,4.533032417297363,0,0,0,0.0,0,0,7,0,1.5089476108551025,22.60051727294922,0,-63048,0,0,0,0,0,0,0,0,0,0,0,1,0,2.0,-26.125,1,0,19.04439926147461,23.89739990234375,1,0,-1.8538999557495117,28.0,2,0,0.3125,0.6875,2,0,0.3199999928474426,0.20000000298023224,3,0,0.0,0.0
15.286,8950,8950,2.983333,0,0.0,50,0,2.5,-1,0,10,3,-1.0,-1.0,-1.0,-1.0,6235944,1,2,2,2,1,1,1,1,1,0.20699560642242432,3.01548171043396,4.533839702606201,0,0,0,0.0,0,0,7,0,1.5093122720718384,22.41364288330078,0,-63964,0,0,0,0,0,0,0,0,0,0,0,1,0,2.0,-26.125,1,0,19.04439926147461,23.89739990234375,1,0,-1.8538999557495117,28.0,2,0,0.3125,0.6875,2,0,0.3199999928474426,0.20000000298023224,3,0,0.0,0.0
15.304,9000,9000,3.0,0,0.0,50,0,2.5,-1,0,10,3,-1.0,-1.0,-1.0,-1.0,6235944,1,2,2,2,1,1,1,1,1,0.20626789331436157,3.0163002014160156,4.534304141998291,0,0,0,0.0,0,0,7,0,1.509494662284851,22.320083618164062,0,-64880,0,0,0,0,0,0,0,0,0,0,0,1,0,2.0,-26.125,1,0,19.04439926147461,23.89739990234375,1,0,-1.8538999557495117,28.0,2,0,0.3125,0.6875,2,0,0.3199999928474426,0.20000000298023224,3,0,0.0,0.0
15.321,9050,9050,3.016667,0,0.0,50,0,2.5,-1,0,10,3,-1.0,-1.0,-1.0,-1.0,6235944,1,2,2,2,1,1,1,1,1,0.20550066232681274,3.017157554626465,4.534798622131348,0,0,0,0.0,0,0,7,0,1.5096770524978638,22.226444244384766,0,-65796,0,0,0,0,0,0,0,0,0,0,0,1,0,2.0,-26.125,1,0,19.04439926147461,23.89739990234375,1,0,-1.8538999557495117,28.0,2,0,0.3125,0.6875,2,0,0.3199999928474426,0.20000000298023224,3,0,0.0,0.0
15.339,9100,9100,3.033333,0,0.0,50,0,2.5,-1,0,10,3,-1.0,-1.0,-1.0,-1.0,6235944,1,2,2,2,1,1,1,1,1,0.2050357460975647,3.017672538757324,4.535101413726807,0,0,0,0.0,0,0,7,0,1.509859323501587,22.132726669311523,0,-66712,0,0,0,0,0,0,0,0,0,0,0,1,0,2.0,-26.125,1,0,19.04439926147461,23.89739990234375,1,0,-1.8538999557495117,28.0,2,0,0.3125,0.6875,2,0,0.3199999928474426,0.20000000298023224,3,0,0.0,0.0
15.356,9150,9150,3.05,0,0.0,50,0,2.5,-1,0,10,3,-1.0,-1.0,-1.0,-1.0,6235944,1,2,2,2,1,1,1,1,1,0.20445162057876587,3.0183141231536865,4.53548526763916,0,0,0,0.0,0,0,7,0,1.510041356086731,22.03893280029297,0,-67628,0,0,0,0,0,0,0,0,0,0,0,1,0,2.0,-26.125,1,0,19.04439926147461,23.89739990234375,1,0,-1.8538999557495117,28.0,2,0,0.3125,0.6875,2,0,0.3199999928474426,0.20000000298023224,3,0,0.0,0.0
15.373,9200,9200,3.066667,0,0.0,50,0,2.5,-1,0,10,3,-1.0,-1.0,-1.0,-1.0,6235944,1,2,2,2,1,1,1,1,1,0.20377019047737122,3.0190529823303223,4.535931587219238,0,0,0,0.0,0,0,7,0,1.510223150253296,21.9450626373291,0,-68544,0,0,0,0,0,0,0,0,0,0,0,1,0,2.0,-26.125,1,0,19.04439926147461,23.89739990234375,1,0,-1.8538999557495117,28.0,2,0,0.3125,0.6875,2,0,0.3199999928474426,0.20000000298023224,3,0,0.0,0.0
15.391,9250,9250,3.083333,0,0.0,50,0,2.5,-1,0,10,3,-1.0,-1.0,-1.0,-1.0,6235944,1,2,2,2,1,1,1,1,1,0.2030148208141327,3.019866943359375,4.536425590515137,0,0,0,0.0,0,0,7,0,1.5104047060012817,21.851118087768555,0,-69460,0,0,0,0,0,0,0,0,0,0,0,1,0,2.0,-26.125,1,0,19.04439926147461,23.89739990234375,1,0,-1.8538999557495117,28.0,2,0,0.3125,0.6875,2,0,0.3199999928474426,0.20000000298023224,3,0,0.0,0.0
15.408,9300,9300,3.1,0,0.0,50,0,2.5,-1,0,10,3,-1.0,-1.0,-1.0,-1.0,6235944,1,2,2,2,1,1,1,1,1,0.2022012323141098,3.0207340717315674,4.536953449249268,0,0,0,0.0,0,0,7,0,1.510585904121399,21.75710105895996,0,-70376,0,0,0,0,0,0,0,0,0,0,0,1,0,2.0,-26.125,1,0,19.04439926147461,23.89739990234375,1,0,-1.8538999557495117,28.0,2,0,0.3125,0.6875,2,0,0.3199999928474426,0.20000000298023224,3,0,0.0,0.0
15.426,9350,9350,3.116667,0,0.0,50,0,2.5,-1,0,10,3,-1.0,-1.0,-1.0,-1.0,6235944,1,2,2,2,1,1,1,1,1,0.2013464868068695,3.021641731262207,4.537509918212891,0,0,0,0.0,0,0,7,0,1.510766625404358,21.66301155090332,0,-71292,0,0,0,0,0,0,0,0,0,0,0,1,0,2.0,-26.125,1,0,19.04439926147461,23.89739990234375,1,0,-1.8538999557495117,28.0,2,0,0.3125,0.6875,2,0,0.3199999928474426,0.20000000298023224,3,0,0.0,0.0
15.443,9400,9400,3.133333,0,0.0,50,0,2.5,-1,0,10,3,-1.0,-1.0,-1.0,-1.0,6235944,1,2,2,2,1,1,1,1,1,0.2008298635482788,3.022186756134033,4.53784704208374,0,0,0,0.0,0,0,7,0,1.5109468698501587,21.568851470947266,0,-72208,0,0,0,0,0,0,0,0,0,0,0,1,0,2.0,-26.125,1,0,19.04439926147461,23.89739990234375,1,0,-1.8538999557495117,28.0,2,0,0.3125,0.6875,2,0,0.3199999928474426,0.20000000298023224,3,0,0.0,0.0
15.46,9450,9450,3.15,0,0.0,50,0,2.5,-1,0,10,3,-1.0,-1.0,-1.0,-1.0,6235944,1,2,2,2,1,1,1,1,1,0.20018284022808075,3.0228652954101562,4.538264751434326,0,0,0,0.0,0,0,7,0,1.5111265182495117,21.474620819091797,0,-73124,0,0,0,0,0,0,0,0,0,0,0,1,0,2.0,-26.125,1,0,19.04439926147461,23.89739990234375,1,0,-1.8538999557495117,28.0,2,0,0.3125,0.6875,2,0,0.3199999928474426,0.20000000298023224,3,0,0.0,0.0
15.478,9500,9500,3.166667,0,0.0,50,0,2.5,-1,0,10,3,-1.0,-1.0,-1.0,-1.0,6235944,1,2,2,2,1,1,1,1,1,0.19943049550056458,3.023646116256714,4.538745403289795,0,0,0,0.0,0,0,7,0,1.5113054513931274,21.380321502685547,0,-74040,0,0,0,0,0,0,0,0,0,0,0,1,0,2.0,-26.125,1,0,19.04439926147461,23.89739990234375,1,0,-1.8538999557495117,28.0,2,0,0.3125,0.6875,2,0,0.3199999928474426,0.20000000298023224,3,0,0.0,0.0
15.495,9550,9550,3.183333,0,0.0,50,0,2.5,-1,0,10,3,-1.0,-1.0,-1.0,-1.0,6235944,1,2,2,2,1,1,1,1,1,0.19860069453716278,3.024505615234375,4.539270401000977,0,0,0,0.0,0,0,7,0,1.5114836692810059,21.28595542907715,0,-74956,0,0,0,0,0,0,0,0,0,0,0,1,0,2.0,-26.125,1,0,19.04439926147461,23.89739990234375,1,0,-1.8538999557495117,28.0,2,0,0.3125,0.6875,2,0,0.3199999928474426,0.20000000298023224,3,0,0.0,0.0
15.512,9600,9600,3.2,0,0.0,50,0,2.5,-1,0,10,3,-1.0,-1.0,-1.0,-1.0,6235944,1,2,2,2,1,1,1,1,1,0.19770731031894684,3.025420665740967,4.539827346801758,0,0,0,0.0,0,0,7,0,1.511661171913147,21.1915225982666,0,-75872,0,0,0,0,0,0,0,0,0,0,0,1,0,2.0,-26.125,1,0,19.04439926147461,23.89739990234375,1,0,-1.8538999557495117,28.0,2,0,0.3125,0.6875,2,0,0.3199999928474426,0.20000000298023224,3,0,0.0,0.0
15.529,9650,9650,3.216667,0,0.0,50,0,2.5,-1,0,10,3,-1.0,-1.0,-1.0,-1.0,6235944,1,2,2,2,1,1,1,1,1,0.1967712789773941,3.0263779163360596,4.540404319763184,0,0,0,0.0,0,0,7,0,1.5118377208709717,21.09702491760254,0,-76788,0,0,0,0,0,0,0,0,0,0,0,1,0,2.0,-26.125,1,0,19.04439926147461,23.89739990234375,1,0,-1.8538999557495117,28.0,2,0,0.3125,0.6875,2,0,0.3199999928474426,0.20000000298023224,3,0,0.0,0.0
15.547,9700,9700,3.233333,0,0.0,50,0,2.5,-1,0,10,3,-1.0,-1.0,-1.0,-1.0,6235944,1,2,2,2,1,1,1,1,1,0.1962067037820816,3.0269525051116943,4.540750503540039,0,0,0,0.0,0,0,7,0,1.51201331615448,21.002464294433594,0,-77704,0,0,0,0,0,0,0,0,0,0,0,1,0,2.0,-26.125,1,0,19.04439926147461,23.89739990234375,1,0,-1.8538999557495117,28.0,2,0,0.3125,0.6875,2,0,0.3199999928474426,0.20000000298023224,3,0,0.0,0.0
15.564,9750,9750,3.25,0,0.0,50,0,2.5,-1,0,10,3,-1.0,-1.0,-1.0,-1.0,6235944,1,2,2,2,1,1,1,1,1,0.19550177454948425,3.0276670455932617,4.5411763191223145,0,0,0,0.0,0,0,7,0,1.5121879577636719,20.907840728759766,0,-78620,0,0,0,0,0,0,0,0,0,0,0,1,0,2.0,-26.125,1,0,19.04439926147461,23.89739990234375,1,0,-1.8538999557495117,28.0,2,0,0.3125,0.6875,2,0,0.3199999928474426,0.20000000298023224,3,0,0.0,0.0
15.582,9800,9800,3.266667,0,0.0,50,0,2.5,-1,0,10,3,-1.0,-1.0,-1.0,-1.0,6235944,1,2,2,2,1,1,1,1,1,0.19468431174755096,3.028488874435425,4.541659832000732,0,0,0,0.0,0,0,7,0,1.5123614072799683,20.813154220581055,0,-79536,0,0,0,0,0,0,0,0,0,0,0,1,0,2.0,-26.125,1,0,19.04439926147461,23.89739990234375,1,0,-1.8538999557495117,28.0,2,0,0.3125,0.6875,2,0,0.3199999928474426,0.20000000298023224,3,0,0.0,0.0
15.599,9850,9850,3.283333,0,0.0,50,0,2.5,-1,0,10,3,-1.0,-1.0,-1.0,-1.0,6235944,1,2,2,2,1,1,1,1,1,0.1937846839427948,3.029392957687378,4.542181491851807,0,0,0,0.0,0,0,7,0,1.5125336647033691,20.718408584594727,0,-80452,0,0,0,0,0,0,0,0,0,0,0,1,0,2.0,-26.125,1,0,19.04439926147461,23.89739990234375,1,0,-1.8538999557495117,28.0,2,0,0.3125,0.6875,2,0,0.3199999928474426,0.20000000298023224,3,0,0.0,0.0
15.616,9900,9900,3.3,0,0.0,50,0,2.5,-1,0,10,3,-1.0,-1.0,-1.0,-1.0,6235944,1,2,2,2,1,1,1,1,1,0.19282391667366028,3.030355215072632,4.542731285095215,0,0,0,0.0,0,0,7,0,1.5127047300338745,20.62360191345215,0,-81368,0,0,0,0,0,0,0,0,0,0,0,1,0,2.0,-26.125,1,0,19.04439926147461,23.89739990234375,1,0,-1.8538999557495117,28.0,2,0,0.3125,0.6875,2,0,0.3199999928474426,0.20000000298023224,3,0,0.0,0.0
15.634,9950,9950,3.316667,0,0.0,50,0,2.5,-1,0,10,3,-1.0,-1.0,-1.0,-1.0,6235944,1,2,2,2,1,1,1,1,1,0.19181297719478607,3.031360626220703,4.543293476104736,0,0,0,0.0,0,0,7,0,1.5128744840621948,20.528736114501953,0,-82284,0,0,0,0,0,0,0,0,0,0,0,1,0,2.0,-26.125,1,0,19.04439926147461,23.89739990234375,1,0,-1.8538999557495117,28.0,2,0,0.3125,0.6875,2,0,0.3199999928474426,0.20000000298023224,3,0,0.0,0.0
15.651,10000,10000,3.333333,0,0.0,50,0,2.5,-1,0,10,3,-1.0,-1.0,-1.0,-1.0,6235944,1,2,2,2,1,1,1,1,1,0.19120410084724426,3.03196382522583,4.543628215789795,0,0,0,0.0,0,0,7,0,1.513042688369751,20.433813095092773,0,-83200,0,0,0,0,0,0,0,0,0,0,0,1,0,2.0,-26.125,1,0,19.04439926147461,23.89739990234375,1,0,-1.8538999557495117,28.0,2,0,0.3125,0.6875,2,0,0.3199999928474426,0.20000000298023224,3,0,0.0,0.0
15.668,10050,10050,3.35,0,0.0,50,0,2.5,-1,0,10,3,-1.0,-1.0,-1.0,-1.0,6235944,1,2,2,2,1,1,1,1,1,0.1904459446668625,3.0327136516571045,4.544034957885742,0,0,0,0.0,0,0,7,0,1.5132094621658325,20.33883285522461,0,-84116,0,0,0,0,0,0,0,0,0,0,0,1,0,2.0,-26.125,1,0,19.04439926147461,23.89739990234375,1,0,-1.8538999557495117,28.0,2,0,0.3125,0.6875,2,0,0.3199999928474426,0.20000000298023224,3,0,0.0,0.0
15.685,10150,10150,3.383333,0,0.0,50,0,2.5,-1,0,10,3,-1.0,-1.0,-1.0,-1.0,6235944,1,2,2,2,1,1,1,1,1,0.1886068433523178,3.0345242023468018,4.544988632202148,0,0,0,0.0,0,0,7,0,1.5135380029678345,20.148706436157227,0,-85948,0,0,0,0,0,0,0,0,0,0,0,1,0,2.0,-26.125,1,0,19.04439926147461,23.89739990234375,1,0,-1.8538999557495117,28.0,2,0,0.3125,0.6875,2,0,0.3199999928474426,0.20000000298023224,3,0,0.0,0.0
15.703,10200,10200,3.4,0,0.0,50,0,2.5,-1,0,10,3,-1.0,-1.0,-1.0,-1.0,6235944,1,2,2,2,1,1,1,1,1,0.18758100271224976,3.035532236099243,4.545502662658691,0,0,0,0.0,0,0,7,0,1.5136997699737549,20.05356216430664,0,-86864,0,0,0,0,0,0,0,0,0,0,0,1,0,2.0,-26.125,1,0,19.04439926147461,23.89739990234375,1,0,-1.8538999557495117,28.0,2,0,0.3125,0.6875,2,0,0.3199999928474426,0.20000000298023224,3,0,0.0,0.0
15.72,10250,10250,3.416667,0,0.0,50,0,2.5,-1,0,10,3,-1.0,-1.0,-1.0,-1.0,6235944,1,2,2,2,1,1,1,1,1,0.1865062117576599,3.0365850925445557,4.546023368835449,0,0,0,0.0,0,0,7,0,1.5138596296310425,19.958364486694336,0,-87780,0,0,0,0,0,0,0,0,0,0,0,1,0,2.0,-26.125,1,0,19.04439926147461,23.89739990234375,1,0,-1.8538999557495117,28.0,2,0,0.3125,0.6875,2,0,0.3199999928474426,0.20000000298023224,3,0,0.0,0.0
15.737,10300,10300,3.433333,0,0.0,50,0,2.5,-1,0,10,3,-1.0,-1.0,-1.0,-1.0,6235944,1,2,2,2,1,1,1,1,1,0.18586012721061707,3.0372166633605957,4.54633092880249,0,0,0,0.0,0,0,7,0,1.5140175819396973,19.863113403320312,0,-88696,0,0,0,0,0,0,0,0,0,0,0,1,0,2.0,-26.125,1,0,19.04439926147461,23.89739990234375,1,0,-1.8538999557495117,28.0,2,0,0.3125,0.6875,2,0,0.3199999928474426,0.20000000298023224,3,0,0.0,0.0
15.755,10350,10350,3.45,0,0.0,50,0,2.5,-1,0,10,3,-1.0,-1.0,-1.0,-1.0,6235944,1,2,2,2,1,1,1,1,1,0.18505652248859406,3.038001298904419,4.546700954437256,0,0,0,0.0,0,0,7,0,1.5141735076904297,19.767812728881836,0,-89612,0,0,0,0,0,0,0,0,0,0,0,1,0,2.0,-26.125,1,0,19.04439926147461,23.89739990234375,1,0,-1.8538999557495117,28.0,2,0,0.3125,0.6875,2,0,0.3199999928474426,0.20000000298023224,3,0,0.0,0.0
15.772,10400,10400,3.466667,0,0.0,50,0,2.5,-1,0,10,3,-1.0,-1.0,-1.0,-1.0,6235944,1,2,2,2,1,1,1,1,1,0.18412698805332184,3.038902759552002,4.547116279602051,0,0,0,0.0,0,0,7,0,1.5143272876739502,19.672460556030273,0,-90528,0,0,0,0,0,0,0,0,0,0,0,1,0,2.0,-26.125,1,0,19.04439926147461,23.89739990234375,1,0,-1.8538999557495117,28.0,2,0,0.3125,0.6875,2,0,0.3199999928474426,0.20000000298023224,3,0,0.0,0.0
15.79,10450,10450,3.483333,0,0.0,50,0,2.5,-1,0,10,3,-1.0,-1.0,-1.0,-1.0,6235944,1,2,2,2,1,1,1,1,1,0.18310894072055817,3.039893388748169,4.547557353973389,0,0,0,0.0,0,0,7,0,1.5144789218902588,19.577058792114258,0,-91444,0,0,0,0,0,0,0,0,0,0,0,1,0,2.0,-26.125,1,0,19.04439926147461,23.89739990234375,1,0,-1.8538999557495117,28.0,2,0,0.3125,0.6875,2,0,0.3199999928474426,0.20000000298023224,3,0,0.0,0.0
15.807,10500,10500,3.5,0,0.0,50,0,2.5,-1,0,10,3,-1.0,-1.0,-1.0,-1.0,6235944,1,2,2,2,1,1,1,1,1,0.1820262372493744,3.0409464836120605,4.548010349273682,0,0,0,0.0,0,0,7,0,1.5146281719207764,19.48160743713379,0,-92360,0,0,0,0,0,0,0,0,0,0,0,1,0,2.0,-26.125,1,0,19.04439926147461,23.89739990234375,1,0,-1.8538999557495117,28.0,2,0,0.3125,0.6875,2,0,0.3199999928474426,0.20000000298023224,3,0,0.0,0.0
15.824,10550,10550,3.516667,0,0.0,50,0,2.5,-1,0,10,3,-1.0,-1.0,-1.0,-1.0,6235944,1,2,2,2,1,1,1,1,1,0.18089407682418823,3.0420455932617188,4.54846715927124,0,0,0,0.0,0,0,7,0,1.514775037765503,19.3861083984375,0,-93276,0,0,0,0,0,0,0,0,0,0,0,1,0,2.0,-26.125,1,0,19.04439926147461,23.89739990234375,1,0,-1.8538999557495117,28.0,2,0,0.3125,0.6875,2,0,0.3199999928474426,0.20000000298023224,3,0,0.0,0.0
15.842,10600,10600,3.533333,0,0.0,50,0,2.5,-1,0,10,3,-1.0,-1.0,-1.0,-1.0,6235944,1,2,2,2,1,1,1,1,1,0.18021446466445923,3.0427045822143555,4.548734664916992,0,0,0,0.0,0,0,7,0,1.514919400215149,19.29056167602539,0,-94192,0,0,0,0,0,0,0,0,0,0,0,1,0,2.0,-26.125,1,0,19.04439926147461,23.89739990234375,1,0,-1.8538999557495117,28.0,2,0,0.3125,0.6875,2,0,0.3199999928474426,0.20000000298023224,3,0,0.0,0.0
15.859,10650,10650,3.55,0,0.0,50,0,2.5,-1,0,10,3,-1.0,-1.0,-1.0,-1.0,6235944,1,2,2,2,1,1,1,1,1,0.1793712079524994,3.043523073196411,4.549058437347412,0,0,0,0.0,0,0,7,0,1.5150612592697144,19.194969177246094,0,-95108,0,0,0,0,0,0,0,0,0,0,0,1,0,2.0,-26.125,1,0,19.04439926147461,23.89739990234375,1,0,-1.8538999557495117,28.0,2,0,0.3125,0.6875,2,0,0.3199999928474426,0.20000000298023224,3,0,0.0,0.0
15.876,10700,10700,3.566667,0,0.0,50,0,2.5,-1,0,10,3,-1.0,-1.0,-1.0,-1.0,6235944,1,2,2,2,1,1,1,1,1,0.17839932441711426,3.0444653034210205,4.549416542053223,0,0,0,0.0,0,0,7,0,1.5152003765106201,19.09933090209961,0,-96024,0,0,0,0,0,0,0,0,0,0,0,1,0,2.0,-26.125,1,0,19.04439926147461,23.89739990234375,1,0,-1.8538999557495117,28.0,2,0,0.3125,0.6875,2,0,0.3199999928474426,0.20000000298023224,3,0,0.0,0.0
15.893,10750,10750,3.583333,0,0.0,50,0,2.5,-1,0,10,3,-1.0,-1.0,-1.0,-1.0,6235944,1,2,2,2,1,1,1,1,1,0.17733436822891235,3.045497179031372,4.549792766571045,0,0,0,0.0,0,0,7,0,1.5153367519378662,19.00364875793457,0,-96940,0,0,0,0,0,0,0,0,0,0,0,1,0,2.0,-26.125,1,0,19.04439926147461,23.89739990234375,1,0,-1.8538999557495117,28.0,2,0,0.3125,0.6875,2,0,0.3199999928474426,0.20000000298023224,3,0,0.0,0.0
15.91,10800,10800,3.6,0,0.0,50,0,2.5,-1,0,10,3,-1.0,-1.0,-1.0,-1.0,6235944,1,2,2,2,1,1,1,1,1,0.17620381712913513,3.04659366607666,4.550177574157715,0,0,0,0.0,0,0,7,0,1.515470266342163,18.907920837402344,0,-97856,0,0,0,0,0,0,0,0,0,0,0,1,0,2.0,-26.125,1,0,19.04439926147461,23.89739990234375,1,0,-1.8538999557495117,28.0,2,0,0.3125,0.6875,2,0,0.3199999928474426,0.20000000298023224,3,0,0.0,0.0
15.928,10850,10850,3.616667,0,0.0,50,0,2.5,-1,0,10,3,-1.0,-1.0,-1.0,-1.0,6235944,1,2,2,2,1,1,1,1,1,0.17502392828464508,3.0477375984191895,4.550564765930176,0,0,0,0.0,0,0,7,0,1.5156008005142212,18.812150955200195,0,-98772,0,0,0,0,0,0,0,0,0,0,0,1,0,2.0,-26.125,1,0,19.04439926147461,23.89739990234375,1,0,-1.8538999557495117,28.0,2,0,0.3125,0.6875,2,0,0.3199999928474426,0.20000000298023224,3,0,0.0,0.0
15.946,10900,10900,3.633333,0,0.0,50,0,2.5,-1,0,10,3,-1.0,-1.0,-1.0,-1.0,6235944,1,2,2,2,1,1,1,1,1,0.17431659996509552,3.0484230518341064,4.550790309906006,0,0,0,0.0,0,0,7,0,1.515728235244751,18.716337203979492,0,-99688,0,0,0,0,0,0,0,0,0,0,0,1,0,2.0,-26.125,1,0,19.04439926147461,23.89739990234375,1,0,-1.8538999557495117,28.0,2,0,0.3125,0.6875,2,0,0.3199999928474426,0.20000000298023224,3,0,0.0,0.0
15.963,10950,10950,3.65,0,0.0,50,0,2.5,-1,0,10,3,-1.0,-1.0,-1.0,-1.0,6235944,1,2,2,2,1,1,1,1,1,0.17344051599502563,3.049274444580078,4.5510573387146,0,0,0,0.0,0,0,7,0,1.5158525705337524,18.620481491088867,0,-100604,0,0,0,0,0,0,0,0,0,0,0,1,0,2.0,-26.125,1,0,19.04439926147461,23.89739990234375,1,0,-1.8538999557495117,28.0,2,0,0.3125,0.6875,2,0,0.3199999928474426,0.20000000298023224,3,0,0.0,0.0
15.98,11000,11000,3.666667,0,0.0,50,0,2.5,-1,0,10,3,-1.0,-1.0,-1.0,-1.0,6235944,1,2,2,2,1,1,1,1,1,0.17243248224258423,3.0502541065216064,4.551352500915527,0,0,0,0.0,0,0,7,0,1.515973687171936,18.524585723876953,0,-101520,0,0,0,0,0,0,0,0,0,0,0,1,0,2.0,-26.125,1,0,19.04439926147461,23.89739990234375,1,0,-1.8538999557495117,28.0,2,0,0.3125,0.6875,2,0,0.3199999928474426,0.20000000298023224,3,0,0.0,0.0
15.997,11050,11050,3.683333,0,0.0,50,0,2.5,-1,0,10,3,-1.0,-1.0,-1.0,-1.0,6235944,1,2,2,2,1,1,1,1,1,0.17133104801177979,3.051326274871826,4.551662921905518,0,0,0,0.0,0,0,7,0,1.5160914659500122,18.428647994995117,0,-102436,0,0,0,0,0,0,0,0,0,0,0,1,0,2.0,-26.125,1,0,19.04439926147461,23.89739990234375,1,0,-1.8538999557495117,28.0,2,0,0.3125,0.6875,2,0,0.3199999928474426,0.20000000298023224,3,0,0.0,0.0
16.014,11100,11100,3.7,0,0.0,50,0,2.5,-1,0,10,3,-1.0,-1.0,-1.0,-1.0,6235944,1,2,2,2,1,1,1,1,1,0.1701619029045105,3.0524649620056152,4.5519819259643555,0,0,0,0.0,0,0,7,0,1.5162057876586914,18.332670211791992,0,-103352,0,0,0,0,0,0,0,0,0,0,0,1,0,2.0,-26.125,1,0,19.04439926147461,23.89739990234375,1,0,-1.8538999557495117,28.0,2,0,0.3125,0.6875,2,0,0.3199999928474426,0.20000000298023224,3,0,0.0,0.0
16.032,11150,11150,3.716667,0,0.0,50,0,2.5,-1,0,10,3,-1.0,-1.0,-1.0,-1.0,6235944,1,2,2,2,1,1,1,1,1,0.16894391179084778,3.0536530017852783,4.552298069000244,0,0,0,0.0,0,0,7,0,1.516316533088684,18.23665428161621,0,-104268,0,0,0,0,0,0,0,0,0,0,0,1,0,2.0,-26.125,1,0,19.04439926147461,23.89739990234375,1,0,-1.8538999557495117,28.0,2,0,0.3125,0.6875,2,0,0.3199999928474426,0.20000000298023224,3,0,0.0,0.0
16.049,11200,11200,3.733333,0,0.0,50,0,2.5,-1,0,10,3,-1.0,-1.0,-1.0,-1.0,6235944,1,2,2,2,1,1,1,1,1,0.16821463406085968,3.0543646812438965,4.552480697631836,0,0,0,0.0,0,0,7,0,1.5164235830307007,18.14059829711914,0,-105184,0,0,0,0,0,0,0,0,0,0,0,1,0,2.0,-26.125,1,0,19.04439926147461,23.89739990234375,1,0,-1.8538999557495117,28.0,2,0,0.3125,0.6875,2,0,0.3199999928474426,0.20000000298023224,3,0,0.0,0.0
16.067,11250,11250,3.75,0,0.0,50,0,2.5,-1,0,10,3,-1.0,-1.0,-1.0,-1.0,6235944,1,2,2,2,1,1,1,1,1,0.16731253266334534,3.0552480220794678,4.552699565887451,0,0,0,0.0,0,0,7,0,1.5165268182754517,18.044506072998047,0,-106100,0,0,0,0,0,0,0,0,0,0,0,1,0,2.0,-26.125,1,0,19.04439926147461,23.89739990234375,1,0,-1.8538999557495117,28.0,2,0,0.3125,0.6875,2,0,0.3199999928474426,0.20000000298023224,3,0,0.0,0.0
16.084,11300,11300,3.766667,0,0.0,50,0,2.5,-1,0,10,3,-1.0,-1.0,-1.0,-1.0,6235944,1,2,2,2,1,1,1,1,1,0.166276752948761,3.0562639236450195,4.552940845489502,0,0,0,0.0,0,0,7,0,1.516626238822937,17.948375701904297,0,-107016,0,0,0,0,0,0,0,0,0,0,0,1,0,2.0,-26.125,1,0,19.04439926147461,23.89739990234375,1,0,-1.8538999557495117,28.0,2,0,0.3125,0.6875,2,0,0.3199999928474426,0.20000000298023224,3,0,0.0,0.0
16.101,11350,11350,3.783333,0,0.0,50,0,2.5,-1,0,10,3,-1.0,-1.0,-1.0,-1.0,6235944,1,2,2,2,1,1,1,1,1,0.16514670848846436,3.057375907897949,4.553196907043457,0,0,0,0.0,0,0,7,0,1.5167216062545776,17.852209091186523,0,-107932,0,0,0,0,0,0,0,0,0,0,0,1,0,2.0,-26.125,1,0,19.04439926147461,23.89739990234375,1,0,-1.8538999557495117,28.0,2,0,0.3125,0.6875,2,0,0.3199999928474426,0.20000000298023224,3,0,0.0,0.0
16.118,11400,11400,3.8,0,0.0,50,0,2.5,-1,0,10,3,-1.0,-1.0,-1.0,-1.0,6235944,1,2,2,2,1,1,1,1,1,0.162704199552536,3.0597870349884033,4.553720474243164,0,0,0,0.0,0,0,7,0,1.5169000625610352,17.659767150878906,0,-109764,0,0,0,0,0,0,0,0,0,0,0,1,0,2.0,-26.125,1,0,19.04439926147461,23.89739990234375,1,0,-1.8538999557495117,28.0,2,0,0.3125,0.6875,2,0,0.3199999928474426,0.20000000298023224,3,0,0.0,0.0
16.136,11500,11500,3.833333,0,0.0,50,0,2.5,-1,0,10,3,-1.0,-1.0,-1.0,-1.0,6235944,1,2,2,2,1,1,1,1,1,0.16195893287658691,3.0605242252349854,4.5538716316223145,0,0,0,0.0,0,0,7,0,1.5169827938079834,17.563493728637695,0,-110680,0,0,0,0,0,0,0,0,0,0,0,1,0,2.0,-26.125,1,0,19.04439926147461,23.89739990234375,1,0,-1.8538999557495117,28.0,2,0,0.3125,0.6875,2,0,0.3199999928474426,0.20000000298023224,3,0,0.0,0.0
16.153,11550,11550,3.85,0,0.0,50,0,2.5,-1,0,10,3,-1.0,-1.0,-1.0,-1.0,6235944,1,2,2,2,1,1,1,1,1,0.1610385924577713,3.06143856048584,4.554052829742432,0,0,0,0.0,0,0,7,0,1.5170611143112183,17.467185974121094,0,-111596,0,0,0,0,0,0,0,0,0,0,0,1,0,2.0,-26.125,1,0,19.04439926147461,23.89739990234375,1,0,-1.8538999557495117,28.0,2,0,0.3125,0.6875,2,0,0.3199999928474426,0.20000000298023224,3,0,0.0,0.0
16.171,11600,11600,3.866667,0,0.0,50,0,2.5,-1,0,10,3,-1.0,-1.0,-1.0,-1.0,6235944,1,2,2,2,1,1,1,1,1,0.15998315811157227,3.062490224838257,4.554257869720459,0,0,0,0.0,0,0,7,0,1.5171349048614502,17.3708438873291,0,-112512,0,0,0,0,0,0,0,0,0,0,0,1,0,2.0,-26.125,1,0,19.04439926147461,23.89739990234375,1,0,-1.8538999557495117,28.0,2,0,0.3125,0.6875,2,0,0.3199999928474426,0.20000000298023224,3,0,0.0,0.0
16.188,11650,11650,3.883333,0,0.0,50,0,2.5,-1,0,10,3,-1.0,-1.0,-1.0,-1.0,6235944,1,2,2,2,1,1,1,1,1,0.1588338166475296,3.0636403560638428,4.554475784301758,0,0,0,0.0,0,0,7,0,1.5172040462493896,17.27446937561035,0,-113428,0,0,0,0,0,0,0,0,0,0,0,1,0,2.0,-26.125,1,0,19.04439926147461,23.89739990234375,1,0,-1.8538999557495117,28.0,2,0,0.3125,0.6875,2,0,0.3199999928474426,0.20000000298023224,3,0,0.0,0.0
16.205,11700,11700,3.9,0,0.0,50,0,2.5,-1,0,10,3,-1.0,-1.0,-1.0,-1.0,6235944,1,2,2,2,1,1,1,1,1,0.15761879086494446,3.0648608207702637,4.554699897766113,0,0,0,0.0,0,0,7,0,1.517268419265747,17.178062438964844,0,-114344,0,0,0,0,0,0,0,0,0,0,0,1,0,2.0,-26.125,1,0,19.04439926147461,23.89739990234375,1,0,-1.8538999557495117,28.0,2,0,0.3125,0.6875,2,0,0.3199999928474426,0.20000000298023224,3,0,0.0,0.0
16.222,11750,11750,3.916667,0,0.0,50,0,2.5,-1,0,10,3,-1.0,-1.0,-1.0,-1.0,6235944,1,2,2,2,1,1,1,1,1,0.15635652840137482,3.0661332607269287,4.554930210113525,0,0,0,0.0,0,0,7,0,1.517327904701233,17.081623077392578,0,-115260,0,0,0,0,0,0,0,0,0,0,0,1,0,2.0,-26.125,1,0,19.04439926147461,23.89739990234375,1,0,-1.8538999557495117,28.0,2,0,0.3125,0.6875,2,0,0.3199999928474426,0.20000000298023224,3,0,0.0,0.0
16.24,11800,11800,3.933333,0,0.0,50,0,2.5,-1,0,10,3,-1.0,-1.0,-1.0,-1.0,6235944,1,2,2,2,1,1,1,1,1,0.1556026190519333,3.066895008087158,4.555064678192139,0,0,0,0.0,0,0,7,0,1.5173823833465576,16.985151290893555,0,-116176,0,0,0,0,0,0,0,0,0,0,0,1,0,2.0,-26.125,1,0,19.04439926147461,23.89739990234375,1,0,-1.8538999557495117,28.0,2,0,0.3125,0.6875,2,0,0.3199999928474426,0.20000000298023224,3,0,0.0,0.0
16.257,11850,11850,3.95,0,0.0,50,0,2.5,-1,0,10,3,-1.0,-1.0,-1.0,-1.0,6235944,1,2,2,2,1,1,1,1,1,0.1546728014945984,3.0678393840789795,4.555232048034668,0,0,0,0.0,0,0,7,0,1.5174317359924316,16.888648986816406,0,-117092,0,0,0,0,0,0,0,0,0,0,0,1,0,2.0,-26.125,1,0,19.04439926147461,23.89739990234375,1,0,-1.8538999557495117,28.0,2,0,0.3125,0.6875,2,0,0.3199999928474426,0.20000000298023224,3,0,0.0,0.0
16.275,11900,11900,3.966667,0,0.0,50,0,2.5,-1,0,10,3,-1.0,-1.0,-1.0,-1.0,6235944,1,2,2,2,1,1,1,1,1,0.15360592305660248,3.068925380706787,4.555422306060791,0,0,0,0.0,0,0,7,0,1.5174758434295654,16.792116165161133,0,-118008,0,0,0,0,0,0,0,0,0,0,0,1,0,2.0,-26.125,1,0,19.04439926147461,23.89739990234375,1,0,-1.8538999557495117,28.0,2,0,0.3125,0.6875,2,0,0.3199999928474426,0.20000000298023224,3,0,0.0,0.0
16.292,11950,11950,3.983333,0,0.0,50,0,2.5,-1,0,10,3,-1.0,-1.0,-1.0,-1.0,6235944,1,2,2,2,1,1,1,1,1,0.15244610607624054,3.070112705230713,4.555629253387451,0,0,0,0.0,0,0,7,0,1.517514705657959,16.695552825927734,0,-118924,0,0,0,0,0,0,0,0,0,0,0,1,0,2.0,-26.125,1,0,19.04439926147461,23.89739990234375,1,0,-1.8538999557495117,28.0,2,0,0.3125,0.6875,2,0,0.3199999928474426,0.20000000298023224,3,0,0.0,0.0
16.309,12000,12000,4.0,0,0.0,50,0,2.5,-1,0,10,3,-1.0,-1.0,-1.0,-1.0,6235944,1,2,2,2,1,1,1,1,1,0.15122197568416595,3.0713722705841064,4.555849075317383,0,0,0,0.0,0,0,7,0,1.5175480842590332,16.598960876464844,0,-119840,0,0,0,0,0,0,0,0,0,0,0,1,0,2.0,-26.125,1,0,19.04439926147461,23.89739990234375,1,0,-1.8538999557495117,28.0,2,0,0.3125,0.6875,2,0,0.3199999928474426,0.20000000298023224,3,0,0.0,0.0
16.327,12050,12050,4.016667,0,0.0,50,0,2.5,-1,0,10,3,-1.0,-1.0,-1.0,-1.0,6235944,1,2,2,2,1,1,1,1,1,0.14995232224464417,3.0726847648620605,4.556081771850586,0,0,0,0.0,0,0,7,0,1.5175758600234985,16.502338409423828,0,-120756,0,0,0,0,0,0,0,0,0,0,0,1,0,2.0,-26.125,1,0,19.04439926147461,23.89739990234375,1,0,-1.8538999557495117,28.0,2,0,0.3125,0.6875,2,0,0.3199999928474426,0.20000000298023224,3,0,0.0,0.0
16.344,12100,12100,4.033333,0,0.0,50,0,2.5,-1,0,10,3,-1.0,-1.0,-1.0,-1.0,6235944,1,2,2,2,1,1,1,1,1,0.1491948366165161,3.073470115661621,4.556220531463623,0,0,0,0.0,0,0,7,0,1.5175979137420654,16.40568733215332,0,-121672,0,0,0,0,0,0,0,0,0,0,0,1,0,2.0,-26.125,1,0,19.04439926147461,23.89739990234375,1,0,-1.8538999557495117,28.0,2,0,0.3125,0.6875,2,0,0.3199999928474426,0.20000000298023224,3,0,0.0,0.0
16.361,12150,12150,4.05,0,0.0,50,0,2.5,-1,0,10,3,-1.0,-1.0,-1.0,-1.0,6235944,1,2,2,2,1,1,1,1,1,0.1482621133327484,3.074443817138672,4.556395053863525,0,0,0,0.0,0,0,7,0,1.5176141262054443,16.309009552001953,0,-122588,0,0,0,0,0,0,0,0,0,0,0,1,0,2.0,-26.125,1,0,19.04439926147461,23.89739990234375,1,0,-1.8538999557495117,28.0,2,0,0.3125,0.6875,2,0,0.3199999928474426,0.20000000298023224,3,0,0.0,0.0
16.378,12200,12200,4.066667,0,0.0,50,0,2.5,-1,0,10,3,-1.0,-1.0,-1.0,-1.0,6235944,1,2,2,2,1,1,1,1,1,0.14719505608081818,3.0755627155303955,4.556597709655762,0,0,0,0.0,0,0,7,0,1.5176243782043457,16.212303161621094,0,-123504,0,0,0,0,0,0,0,0,0,0,0,1,0,2.0,-26.125,1,0,19.04439926147461,23.89739990234375,1,0,-1.8538999557495117,28.0,2,0,0.3125,0.6875,2,0,0.3199999928474426,0.20000000298023224,3,0,0.0,0.0
16.396,12250,12250,4.083333,0,0.0,50,0,2.5,-1,0,10,3,-1.0,-1.0,-1.0,-1.0,6235944,1,2,2,2,1,1,1,1,1,0.1460341513156891,3.0767860412597656,4.556825160980225,0,0,0,0.0,0,0,7,0,1.51762855052948,16.115570068359375,0,-124420,0,0,0,0,0,0,0,0,0,0,0,1,0,2.0,-26.125,1,0,19.04439926147461,23.89739990234375,1,0,-1.8538999557495117,28.0,2,0,0.3125,0.6875,2,0,0.3199999928474426,0.20000000298023224,3,0,0.0,0.0
16.414,12300,12300,4.1,0,0.0,50,0,2.5,-1,0,10,3,-1.0,-1.0,-1.0,-1.0,6235944,1,2,2,2,1,1,1,1,1,0.1448112279176712,3.0780861377716064,4.557076454162598,0,0,0,0.0,0,0,7,0,1.5176265239715576,16.018810272216797,0,-125336,0,0,0,0,0,0,0,0,0,0,0,1,0,2.0,-26.125,1,0,19.04439926147461,23.89739990234375,1,0,-1.8538999557495117,28.0,2,0,0.3125,0.6875,2,0,0.3199999928474426,0.20000000298023224,3,0,0.0,0.0
16.431,12350,12350,4.116667,0,0.0,50,0,2.5,-1,0,10,3,-1.0,-1.0,-1.0,-1.0,6235944,1,2,2,2,1,1,1,1,1,0.14354482293128967,3.0794365406036377,4.557346343994141,0,0,0,0.0,0,0,7,0,1.517618179321289,15.922024726867676,0,-126252,0,0,0,0,0,0,0,0,0,0,0,1,0,2.0,-26.125,1,0,19.04439926147461,23.89739990234375,1,0,-1.8538999557495117,28.0,2,0,0.3125,0.6875,2,0,0.3199999928474426,0.20000000298023224,3,0,0.0,0.0
16.449,12400,12400,4.133333,0,0.0,50,0,2.5,-1,0,10,3,-1.0,-1.0,-1.0,-1.0,6235944,1,2,2,2,1,1,1,1,1,0.14279013872146606,3.080244541168213,4.557509899139404,0,0,0,0.0,0,0,7,0,1.5176032781600952,15.825213432312012,0,-127168,0,0,0,0,0,0,0,0,0,0,0,1,0,2.0,-26.125,1,0,19.04439926147461,23.89739990234375,1,0,-1.8538999557495117,28.0,2,0,0.3125,0.6875,2,0,0.3199999928474426,0.20000000298023224,3,0,0.0,0.0
16.466,12450,12450,4.15,0,0.0,50,0,2.5,-1,0,10,3,-1.0,-1.0,-1.0,-1.0,6235944,1,2,2,2,1,1,1,1,1,0.1418619006872177,3.0812461376190186,4.557721138000488,0,0,0,0.0,0,0,7,0,1.5175821781158447,15.73001766204834,0,-128084,0,0,0,0,0,0,0,0,0,0,0,1,0,2.0,-26.125,1,0,19.04439926147461,23.89739990234375,1,0,-1.8538999557495117,28.0,2,0,0.3125,0.6875,2,0,0.3199999928474426,0.20000000298023224,3,0,0.0,0.0
16.483,12500,12500,4.166667,0,0.0,50,0,2.5,-1,0,10,3,-1.0,-1.0,-1.0,-1.0,6235944,1,2,2,2,1,1,1,1,1,0.14080201089382172,3.0823967456817627,4.557971954345703,0,0,0,0.0,0,0,7,0,1.517554759979248,15.636384010314941,0,-129000,0,0,0,0,0,0,0,0,0,0,0,1,0,2.0,-26.125,1,0,19.04439926147461,23.89739990234375,1,0,-1.8538999557495117,28.0,2,0,0.3125,0.6875,2,0,0.3199999928474426,0.20000000298023224,3,0,0.0,0.0
16.501,12550,12550,4.183333,0,0.0,50,0,2.5,-1,0,10,3,-1.0,-1.0,-1.0,-1.0,6235944,1,2,2,2,1,1,1,1,1,0.13965201377868652,3.0836541652679443,4.558260917663574,0,0,0,0.0,0,0,7,0,1.5175211429595947,15.54426097869873,0,-129916,0,0,0,0,0,0,0,0,0,0,0,1,0,2.0,-26.125,1,0,19.04439926147461,23.89739990234375,1,0,-1.8538999557495117,28.0,2,0,0.3125,0.6875,2,0,0.3199999928474426,0.20000000298023224,3,0,0.0,0.0
16.518,12600,12600,4.2,0,0.0,50,0,2.5,-1,0,10,3,-1.0,-1.0,-1.0,-1.0,6235944,1,2,2,2,1,1,1,1,1,0.13718703389167786,3.0863780975341797,4.55892276763916,0,0,0,0.0,0,0,7,0,1.5174349546432495,15.364344596862793,0,-131748,0,0,0,0,0,0,0,0,0,0,0,1,0,2.0,-26.125,1,0,19.04439926147461,23.89739990234375,1,0,-1.8538999557495117,28.0,2,0,0.3125,0.6875,2,0,0.3199999928474426,0.20000000298023224,3,0,0.0,0.0
16.536,12700,12700,4.233333,0,0.0,50,0,2.5,-1,0,10,3,-1.0,-1.0,-1.0,-1.0,6235944,1,2,2,2,1,1,1,1,1,0.13644127547740936,3.0872082710266113,4.559133052825928,0,0,0,0.0,0,0,7,0,1.517382264137268,15.276455879211426,0,-132664,0,0,0,0,0,0,0,0,0,0,0,1,0,2.0,-26.125,1,0,19.04439926147461,23.89739990234375,1,0,-1.8538999557495117,28.0,2,0,0.3125,0.6875,2,0,0.3199999928474426,0.20000000298023224,3,0,0.0,0.0
16.553,12750,12750,4.25,0,0.0,50,0,2.5,-1,0,10,3,-1.0,-1.0,-1.0,-1.0,6235944,1,2,2,2,1,1,1,1,1,0.1355254203081131,3.0882368087768555,4.5594072341918945,0,0,0,0.0,0,0,7,0,1.5173231363296509,15.189886093139648,0,-133580,0,0,0,0,0,0,0,0,0,0,0,1,0,2.0,-26.125,1,0,19.04439926147461,23.89739990234375,1,0,-1.8538999557495117,28.0,2,0,0.3125,0.6875,2,0,0.3199999928474426,0.20000000298023224,3,0,0.0,0.0
16.571,12800,12800,4.266667,0,0.0,50,0,2.5,-1,0,10,3,-1.0,-1.0,-1.0,-1.0,6235944,1,2,2,2,1,1,1,1,1,0.1344807744026184,3.089418411254883,4.559739589691162,0,0,0,0.0,0,0,7,0,1.517257571220398,15.10459041595459,0,-134496,0,0,0,0,0,0,0,0,0,0,0,1,0,2.0,-26.125,1,0,19.04439926147461,23.89739990234375,1,0,-1.8538999557495117,28.0,2,0,0.3125,0.6875,2,0,0.3199999928474426,0.20000000298023224,3,0,0.0,0.0
16.588,12850,12850,4.283333,0,0.0,50,0,2.5,-1,0,10,3,-1.0,-1.0,-1.0,-1.0,6235944,1,2,2,2,1,1,1,1,1,0.13334941864013672,3.0907092094421387,4.560118675231934,0,0,0,0.0,0,0,7,0,1.5171855688095093,15.020526885986328,0,-135412,0,0,0,0,0,0,0,0,0,0,0,1,0,2.0,-26.125,1,0,19.04439926147461,23.89739990234375,1,0,-1.8538999557495117,28.0,2,0,0.3125,0.6875,2,0,0.3199999928474426,0.20000000298023224,3,0,0.0,0.0
16.605,12900,12900,4.3,0,0.0,50,0,2.5,-1,0,10,3,-1.0,-1.0,-1.0,-1.0,6235944,1,2,2,2,1,1,1,1,1,0.13216018676757812,3.092080593109131,4.560539245605469,0,0,0,0.0,0,0,7,0,1.5171070098876953,14.937654495239258,0,-136328,0,0,0,0,0,0,0,0,0,0,0,1,0,2.0,-26.125,1,0,19.04439926147461,23.89739990234375,1,0,-1.8538999557495117,28.0,2,0,0.3125,0.6875,2,0,0.3199999928474426,0.20000000298023224,3,0,0.0,0.0
16.623,12950,12950,4.316667,0,0.0,50,0,2.5,-1,0,10,3,-1.0,-1.0,-1.0,-1.0,6235944,1,2,2,2,1,1,1,1,1,0.13093043863773346,3.093503952026367,4.560997486114502,0,0,0,0.0,0,0,7,0,1.517021894454956,14.85593318939209,0,-137244,0,0,0,0,0,0,0,0,0,0,0,1,0,2.0,-26.125,1,0,19.04439926147461,23.89739990234375,1,0,-1.8538999557495117,28.0,2,0,0.3125,0.6875,2,0,0.3199999928474426,0.20000000298023224,3,0,0.0,0.0
16.64,13000,13000,4.333333,0,0.0,50,0,2.5,-1,0,10,3,-1.0,-1.0,-1.0,-1.0,6235944,1,2,2,2,1,1,1,1,1,0.13019917905330658,3.0943551063537598,4.561279296875,0,0,0,0.0,0,0,7,0,1.516930103302002,14.775324821472168,0,-138160,0,0,0,0,0,0,0,0,0,0,0,1,0,2.0,-26.125,1,0,19.04439926147461,23.89739990234375,1,0,-1.8538999557495117,28.0,2,0,0.3125,0.6875,2,0,0.3199999928474426,0.20000000298023224,3,0,0.0,0.0
16.658,13050,13050,4.35,0,0.0,50,0,2.5,-1,0,10,3,-1.0,-1.0,-1.0,-1.0,6235944,1,2,2,2,1,1,1,1,1,0.12930308282375336,3.095409870147705,4.561649322509766,0,0,0,0.0,0,0,7,0,1.516831636428833,14.695792198181152,0,-139076,0,0,0,0,0,0,0,0,0,0,0,1,0,2.0,-26.125,1,0,19.04439926147461,23.89739990234375,1,0,-1.8538999557495117,28.0,2,0,0.3125,0.6875,2,0,0.3199999928474426,0.20000000298023224,3,0,0.0,0.0
16.675,13100,13100,4.366667,0,0.0,50,0,2.5,-1,0,10,3,-1.0,-1.0,-1.0,-1.0,6235944,1,2,2,2,1,1,1,1,1,0.12828244268894196,3.096621036529541,4.562089920043945,0,0,0,0.0,0,0,7,0,1.5167266130447388,14.617300033569336,0,-139992,0,0,0,0,0,0,0,0,0,0,0,1,0,2.0,-26.125,1,0,19.04439926147461,23.89739990234375,1,0,-1.8538999557495117,28.0,2,0,0.3125,0.6875,2,0,0.3199999928474426,0.20000000298023224,3,0,0.0,0.0
16.693,13150,13150,4.383333,0,0.0,50,0,2.5,-1,0,10,3,-1.0,-1.0,-1.0,-1.0,6235944,1,2,2,2,1,1,1,1,1,0.12717843055725098,3.0979437828063965,4.562591075897217,0,0,0,0.0,0,0,7,0,1.5166149139404297,14.539813041687012,0,-140908,0,0,0,0,0,0,0,0,0,0,0,1,0,2.0,-26.125,1,0,19.04439926147461,23.89739990234375,1,0,-1.8538999557495117,28.0,2,0,0.3125,0.6875,2,0,0.3199999928474426,0.20000000298023224,3,0,0.0,0.0
16.71,13200,13200,4.4,0,0.0,50,0,2.5,-1,0,10,3,-1.0,-1.0,-1.0,-1.0,6235944,1,2,2,2,1,1,1,1,1,0.12602007389068604,3.099348783493042,4.563145160675049,0,0,0,0.0,0,0,7,0,1.5164964199066162,14.463297843933105,0,-141824,0,0,0,0,0,0,0,0,0,0,0,1,0,2.0,-26.125,1,0,19.04439926147461,23.89739990234375,1,0,-1.8538999557495117,28.0,2,0,0.3125,0.6875,2,0,0.3199999928474426,0.20000000298023224,3,0,0.0,0.0
16.727,13250,13250,4.416667,0,0.0,50,0,2.5,-1,0,10,3,-1.0,-1.0,-1.0,-1.0,6235944,1,2,2,2,1,1,1,1,1,0.12482556700706482,3.100806951522827,4.563745975494385,0,0,0,0.0,0,0,7,0,1.5163711309432983,14.38772201538086,0,-142740,0,0,0,0,0,0,0,0,0,0,0,1,0,2.0,-26.125,1,0,19.04439926147461,23.89739990234375,1,0,-1.8538999557495117,28.0,2,0,0.3125,0.6875,2,0,0.3199999928474426,0.20000000298023224,3,0,0.0,0.0
16.744,13300,13300,4.433333,0,0.0,50,0,2.5,-1,0,10,3,-1.0,-1.0,-1.0,-1.0,6235944,1,2,2,2,1,1,1,1,1,0.12411628663539886,3.1016786098480225,4.56411600112915,0,0,0,0.0,0,0,7,0,1.516239047050476,14.313054084777832,0,-143656,0,0,0,0,0,0,0,0,0,0,0,1,0,2.0,-26.125,1,0,19.04439926147461,23.89739990234375,1,0,-1.8538999557495117,28.0,2,0,0.3125,0.6875,2,0,0.3199999928474426,0.20000000298023224,3,0,0.0,0.0
16.762,13350,13350,4.45,0,0.0,50,0,2.5,-1,0,10,3,-1.0,-1.0,-1.0,-1.0,6235944,1,2,2,2,1,1,1,1,1,0.12324783951044083,3.1027581691741943,4.564597129821777,0,0,0,0.0,0,0,7,0,1.5161000490188599,14.239264488220215,0,-144572,0,0,0,0,0,0,0,0,0,0,0,1,0,2.0,-26.125,1,0,19.04439926147461,23.89739990234375,1,0,-1.8538999557495117,28.0,2,0,0.3125,0.6875,2,0,0.3199999928474426,0.20000000298023224,3,0,0.0,0.0
16.779,13400,13400,4.466667,0,0.0,50,0,2.5,-1,0,10,3,-1.0,-1.0,-1.0,-1.0,6235944,1,2,2,2,1,1,1,1,1,0.12225822359323502,3.1039977073669434,4.565169334411621,0,0,0,0.0,0,0,7,0,1.5159542560577393,14.1663236618042,0,-145488,0,0,0,0,0,0,0,0,0,0,0,1,0,2.0,-26.125,1,0,19.04439926147461,23.89739990234375,1,0,-1.8538999557495117,28.0,2,0,0.3125,0.6875,2,0,0.3199999928474426,0.20000000298023224,3,0,0.0,0.0
16.796,13450,13450,4.483333,0,0.0,50,0,2.5,-1,0,10,3,-1.0,-1.0,-1.0,-1.0,6235944,1,2,2,2,1,1,1,1,1,0.12118972092866898,3.105351209640503,4.565817832946777,0,0,0,0.0,0,0,7,0,1.5158015489578247,14.094202995300293,0,-146404,0,0,0,0,0,0,0,0,0,0,0,1,0,2.0,-26.125,1,0,19.04439926147461,23.89739990234375,1,0,-1.8538999557495117,28.0,2,0,0.3125,0.6875,2,0,0.3199999928474426,0.20000000298023224,3,0,0.0,0.0
16.814,13500,13500,4.5,0,0.0,50,0,2.5,-1,0,10,3,-1.0,-1.0,-1.0,-1.0,6235944,1,2,2,2,1,1,1,1,1,0.12007063627243042,3.106788158416748,4.566532135009766,0,0,0,0.0,0,0,7,0,1.5156418085098267,14.02287483215332,0,-147320,0,0,0,0,0,0,0,0,0,0,0,1,0,2.0,-26.125,1,0,19.04439926147461,23.89739990234375,1,0,-1.8538999557495117,28.0,2,0,0.3125,0.6875,2,0,0.3199999928474426,0.20000000298023224,3,0,0.0,0.0
16.831,13550,13550,4.516667,0,0.0,50,0,2.5,-1,0,10,3,-1.0,-1.0,-1.0,-1.0,6235944,1,2,2,2,1,1,1,1,1,0.11891866475343704,3.10827898979187,4.5673041343688965,0,0,0,0.0,0,0,7,0,1.5154750347137451,13.952313423156738,0,-148236,0,0,0,0,0,0,0,0,0,0,0,1,0,2.0,-26.125,1,0,19.04439926147461,23.89739990234375,1,0,-1.8538999557495117,28.0,2,0,0.3125,0.6875,2,0,0.3199999928474426,0.20000000298023224,3,0,0.0,0.0
16.849,13600,13600,4.533333,0,0.0,50,0,2.5,-1,0,10,3,-1.0,-1.0,-1.0,-1.0,6235944,1,2,2,2,1,1,1,1,1,0.11823547631502151,3.1091701984405518,4.56777811050415,0,0,0,0.0,0,0,7,0,1.51530122756958,13.882493019104004,0,-149152,0,0,0,0,0,0,0,0,0,0,0,1,0,2.0,-26.125,1,0,19.04439926147461,23.89739990234375,1,0,-1.8538999557495117,28.0,2,0,0.3125,0.6875,2,0,0.3199999928474426,0.20000000298023224,3,0,0.0,0.0
16.866,13650,13650,4.55,0,0.0,50,0,2.5,-1,0,10,3,-1.0,-1.0,-1.0,-1.0,6235944,1,2,2,2,1,1,1,1,1,0.11740027368068695,3.110273838043213,4.568385601043701,0,0,0,0.0,0,0,7,0,1.5151203870773315,13.81338882446289,0,-150068,0,0,0,0,0,0,0,0,0,0,0,1,0,2.0,-26.125,1,0,19.04439926147461,23.89739990234375,1,0,-1.8538999557495117,28.0,2,0,0.3125,0.6875,2,0,0.3199999928474426,0.20000000298023224,3,0,0.0,0.0
16.883,13700,13700,4.566667,0,0.0,50,0,2.5,-1,0,10,3,-1.0,-1.0,-1.0,-1.0,6235944,1,2,2,2,1,1,1,1,1,0.11645184457302094,3.1115403175354004,4.569103717803955,0,0,0,0.0,0,0,7,0,1.51493239402771,13.744976997375488,0,-150984,0,0,0,0,0,0,0,0,0,0,0,1,0,2.0,-26.125,1,0,19.04439926147461,23.89739990234375,1,0,-1.8538999557495117,28.0,2,0,0.3125,0.6875,2,0,0.3199999928474426,0.20000000298023224,3,0,0.0,0.0
16.9,13750,13750,4.583333,0,0.0,50,0,2.5,-1,0,10,3,-1.0,-1.0,-1.0,-1.0,6235944,1,2,2,2,1,1,1,1,1,0.11542743444442749,3.1129231452941895,4.569913864135742,0,0,0,0.0,0,0,7,0,1.5147373676300049,13.677234649658203,0,-151900,0,0,0,0,0,0,0,0,0,0,0,1,0,2.0,-26.125,1,0,19.04439926147461,23.89739990234375,1,0,-1.8538999557495117,28.0,2,0,0.3125,0.6875,2,0,0.3199999928474426,0.20000000298023224,3,0,0.0,0.0
16.917,13800,13800,4.6,0,0.0,50,0,2.5,-1,0,10,3,-1.0,-1.0,-1.0,-1.0,6235944,1,2,2,2,1,1,1,1,1,0.11435623466968536,3.1143908500671387,4.570802211761475,0,0,0,0.0,0,0,7,0,1.5145350694656372,13.610139846801758,0,-152816,0,0,0,0,0,0,0,0,0,0,0,1,0,2.0,-26.125,1,0,19.04439926147461,23.89739990234375,1,0,-1.8538999557495117,28.0,2,0,0.3125,0.6875,2,0,0.3199999928474426,0.20000000298023224,3,0,0.0,0.0
16.935,13850,13850,4.616667,0,0.0,50,0,2.5,-1,0,10,3,-1.0,-1.0,-1.0,-1.0,6235944,1,2,2,2,1,1,1,1,1,0.11325579881668091,3.115913152694702,4.571752548217773,0,0,0,0.0,0,0,7,0,1.5143256187438965,13.543670654296875,0,-153732,0,0,0,0,0,0,0,0,0,0,0,1,0,2.0,-26.125,1,0,19.04439926147461,23.89739990234375,1,0,-1.8538999557495117,28.0,2,0,0.3125,0.6875,2,0,0.3199999928474426,0.20000000298023224,3,0,0.0,0.0
16.952,13950,13950,4.65,0,0.0,50,0,2.5,-1,0,10,3,-1.0,-1.0,-1.0,-1.0,6235944,1,2,2,2,1,1,1,1,1,0.11180879175662994,3.1179490089416504,4.573074817657471,0,0,0,0.0,0,0,7,0,1.5138846635818481,13.41252613067627,0,-155564,0,0,0,0,0,0,0,0,0,0,0,1,0,2.0,-26.125,1,0,19.04439926147461,23.89739990234375,1,0,-1.8538999557495117,28.0,2,0,0.3125,0.6875,2,0,0.3199999928474426,0.20000000298023224,3,0,0.0,0.0
16.969,14000,14000,4.666667,0,0.0,50,0,2.5,-1,0,10,3,-1.0,-1.0,-1.0,-1.0,6235944,1,2,2,2,1,1,1,1,1,0.11090696603059769,3.119241237640381,4.573945999145508,0,0,0,0.0,0,0,7,0,1.51365327835083,13.347810745239258,0,-156480,0,0,0,0,0,0,0,0,0,0,0,1,0,2.0,-26.125,1,0,19.04439926147461,23.89739990234375,1,0,-1.8538999557495117,28.0,2,0,0.3125,0.6875,2,0,0.3199999928474426,0.20000000298023224,3,0,0.0,0.0
16.987,14050,14050,4.683333,0,0.0,50,0,2.5,-1,0,10,3,-1.0,-1.0,-1.0,-1.0,6235944,1,2,2,2,1,1,1,1,1,0.10993631184101105,3.1206517219543457,4.574925899505615,0,0,0,0.0,0,0,7,0,1.5134146213531494,13.283641815185547,0,-157396,0,0,0,0,0,0,0,0,0,0,0,1,0,2.0,-26.125,1,0,19.04439926147461,23.89739990234375,1,0,-1.8538999557495117,28.0,2,0,0.3125,0.6875,2,0,0.3199999928474426,0.20000000298023224,3,0,0.0,0.0
17.004,14100,14100,4.7,0,0.0,50,0,2.5,-1,0,10,3,-1.0,-1.0,-1.0,-1.0,6235944,1,2,2,2,1,1,1,1,1,0.1089211255311966,3.122148275375366,4.575990200042725,0,0,0,0.0,0,0,7,0,1.5131685733795166,13.220000267028809,0,-158312,0,0,0,0,0,0,0,0,0,0,0,1,0,2.0,-26.125,1,0,19.04439926147461,23.89739990234375,1,0,-1.8538999557495117,28.0,2,0,0.3125,0.6875,2,0,0.3199999928474426,0.20000000298023224,3,0,0.0,0.0
17.022,14150,14150,4.716667,0,0.0,50,0,2.5,-1,0,10,3,-1.0,-1.0,-1.0,-1.0,6235944,1,2,2,2,1,1,1,1,1,0.10788003355264664,3.1237003803253174,4.577123165130615,0,0,0,0.0,0,0,7,0,1.5129151344299316,13.156868934631348,0,-159228,0,0,0,0,0,0,0,0,0,0,0,1,0,2.0,-26.125,1,0,19.04439926147461,23.89739990234375,1,0,-1.8538999557495117,28.0,2,0,0.3125,0.6875,2,0,0.3199999928474426,0.20000000298023224,3,0,0.0,0.0
17.039,14200,14200,4.733333,0,0.0,50,0,2.5,-1,0,10,3,-1.0,-1.0,-1.0,-1.0,6235944,1,2,2,2,1,1,1,1,1,0.10726430267095566,3.1246275901794434,4.577813148498535,0,0,0,0.0,0,0,7,0,1.512654185295105,13.094231605529785,0,-160144,0,0,0,0,0,0,0,0,0,0,0,1,0,2.0,-26.125,1,0,19.04439926147461,23.89739990234375,1,0,-1.8538999557495117,28.0,2,0,0.3125,0.6875,2,0,0.3199999928474426,0.20000000298023224,3,0,0.0,0.0
17.056,14250,14250,4.75,0,0.0,50,0,2.5,-1,0,10,3,-1.0,-1.0,-1.0,-1.0,6235944,1,2,2,2,1,1,1,1,1,0.10651474446058273,3.1257784366607666,4.5786871910095215,0,0,0,0.0,0,0,7,0,1.5123857259750366,13.032071113586426,0,-161060,0,0,0,0,0,0,0,0,0,0,0,1,0,2.0,-26.125,1,0,19.04439926147461,23.89739990234375,1,0,-1.8538999557495117,28.0,2,0,0.3125,0.6875,2,0,0.3199999928474426,0.20000000298023224,3,0,0.0,0.0
17.074,14300,14300,4.766667,0,0.0,50,0,2.5,-1,0,10,3,-1.0,-1.0,-1.0,-1.0,6235944,1,2,2,2,1,1,1,1,1,0.10566627979278564,3.127094268798828,4.579710960388184,0,0,0,0.0,0,0,7,0,1.5121098756790161,12.97037124633789,0,-161976,0,0,0,0,0,0,0,0,0,0,0,1,0,2.0,-26.125,1,0,19.04439926147461,23.89739990234375,1,0,-1.8538999557495117,28.0,2,0,0.3125,0.6875,2,0,0.3199999928474426,0.20000000298023224,3,0,0.0,0.0
17.091,14350,14350,4.783333,0,0.0,50,0,2.5,-1,0,10,3,-1.0,-1.0,-1.0,-1.0,6235944,1,2,2,2,1,1,1,1,1,0.10475466400384903,3.128530263900757,4.580851078033447,0,0,0,0.0,0,0,7,0,1.511826515197754,12.909117698669434,0,-162892,0,0,0,0,0,0,0,0,0,0,0,1,0,2.0,-26.125,1,0,19.04439926147461,23.89739990234375,1,0,-1.8538999557495117,28.0,2,0,0.3125,0.6875,2,0,0.3199999928474426,0.20000000298023224,3,0,0.0,0.0
17.108,14400,14400,4.8,0,0.0,50,0,2.5,-1,0,10,3,-1.0,-1.0,-1.0,-1.0,6235944,1,2,2,2,1,1,1,1,1,0.10380472987890244,3.130053758621216,4.5820817947387695,0,0,0,0.0,0,0,7,0,1.51153564453125,12.848294258117676,0,-163808,0,0,0,0,0,0,0,0,0,0,0,1,0,2.0,-26.125,1,0,19.04439926147461,23.89739990234375,1,0,-1.8538999557495117,28.0,2,0,0.3125,0.6875,2,0,0.3199999928474426,0.20000000298023224,3,0,0.0,0.0
17.125,14450,14450,4.816667,0,0.0,50,0,2.5,-1,0,10,3,-1.0,-1.0,-1.0,-1.0,6235944,1,2,2,2,1,1,1,1,1,0.10283052176237106,3.1316335201263428,4.583383560180664,0,0,0,0.0,0,0,7,0,1.5112371444702148,12.787887573242188,0,-164724,0,0,0,0,0,0,0,0,0,0,0,1,0,2.0,-26.125,1,0,19.04439926147461,23.89739990234375,1,0,-1.8538999557495117,28.0,2,0,0.3125,0.6875,2,0,0.3199999928474426,0.20000000298023224,3,0,0.0,0.0
17.143,14500,14500,4.833333,0,0.0,50,0,2.5,-1,0,10,3,-1.0,-1.0,-1.0,-1.0,6235944,1,2,2,2,1,1,1,1,1,0.1022552028298378,3.132577419281006,4.584173679351807,0,0,0,0.0,0,0,7,0,1.5109310150146484,12.727883338928223,0,-165640,0,0,0,0,0,0,0,0,0,0,0,1,0,2.0,-26.125,1,0,19.04439926147461,23.89739990234375,1,0,-1.8538999557495117,28.0,2,0,0.3125,0.6875,2,0,0.3199999928474426,0.20000000298023224,3,0,0.0,0.0
17.161,14550,14550,4.85,0,0.0,50,0,2.5,-1,0,10,3,-1.0,-1.0,-1.0,-1.0,6235944,1,2,2,2,1,1,1,1,1,0.10155638307332993,3.1337482929229736,4.585172176361084,0,0,0,0.0,0,0,7,0,1.5106172561645508,12.668268203735352,0,-166556,0,0,0,0,0,0,0,0,0,0,0,1,0,2.0,-26.125,1,0,19.04439926147461,23.89739990234375,1,0,-1.8538999557495117,28.0,2,0,0.3125,0.6875,2,0,0.3199999928474426,0.20000000298023224,3,0,0.0,0.0
17.178,14600,14600,4.866667,0,0.0,50,0,2.5,-1,0,10,3,-1.0,-1.0,-1.0,-1.0,6235944,1,2,2,2,1,1,1,1,1,0.100767120718956,3.135087013244629,4.586330890655518,0,0,0,0.0,0,0,7,0,1.5102958679199219,12.609029769897461,0,-167472,0,0,0,0,0,0,0,0,0,0,0,1,0,2.0,-26.125,1,0,19.04439926147461,23.89739990234375,1,0,-1.8538999557495117,28.0,2,0,0.3125,0.6875,2,0,0.3199999928474426,0.20000000298023224,3,0,0.0,0.0
17.195,14650,14650,4.883333,0,0.0,50,0,2.5,-1,0,10,3,-1.0,-1.0,-1.0,-1.0,6235944,1,2,2,2,1,1,1,1,1,0.09992101788520813,3.136547803878784,4.587616443634033,0,0,0,0.0,0,0,7,0,1.5099668502807617,12.550154685974121,0,-168388,0,0,0,0,0,0,0,0,0,0,0,1,0,2.0,-26.125,1,0,19.04439926147461,23.89739990234375,1,0,-1.8538999557495117,28.0,2,0,0.3125,0.6875,2,0,0.3199999928474426,0.20000000298023224,3,0,0.0,0.0
17.213,14700,14700,4.9,0,0.0,50,0,2.5,-1,0,10,3,-1.0,-1.0,-1.0,-1.0,6235944,1,2,2,2,1,1,1,1,1,0.09904129803180695,3.1380975246429443,4.5889973640441895,0,0,0,0.0,0,0,7,0,1.5096302032470703,12.491630554199219,0,-169304,0,0,0,0,0,0,0,0,0,0,0,1,0,2.0,-26.125,1,0,19.04439926147461,23.89739990234375,1,0,-1.8538999557495117,28.0,2,0,0.3125,0.6875,2,0,0.3199999928474426,0.20000000298023224,3,0,0.0,0.0
17.23,14750,14750,4.916667,0,0.0,50,0,2.5,-1,0,10,3,-1.0,-1.0,-1.0,-1.0,6235944,1,2,2,2,1,1,1,1,1,0.09814247488975525,3.1397037506103516,4.590452671051025,0,0,0,0.0,0,0,7,0,1.509285807609558,12.433446884155273,0,-170220,0,0,0,0,0,0,0,0,0,0,0,1,0,2.0,-26.125,1,0,19.04439926147461,23.89739990234375,1,0,-1.8538999557495117,28.0,2,0,0.3125,0.6875,2,0,0.3199999928474426,0.20000000298023224,3,0,0.0,0.0
17.247,14800,14800,4.933333,0,0.0,50,0,2.5,-1,0,10,3,-1.0,-1.0,-1.0,-1.0,6235944,1,2,2,2,1,1,1,1,1,0.09761281311511993,3.1406631469726562,4.591332912445068,0,0,0,0.0,0,0,7,0,1.508933663368225,12.375591278076172,0,-171136,0,0,0,0,0,0,0,0,0,0,0,1,0,2.0,-26.125,1,0,19.04439926147461,23.89739990234375,1,0,-1.8538999557495117,28.0,2,0,0.3125,0.6875,2,0,0.3199999928474426,0.20000000298023224,3,0,0.0,0.0
17.265,14850,14850,4.95,0,0.0,50,0,2.5,-1,0,10,3,-1.0,-1.0,-1.0,-1.0,6235944,1,2,2,2,1,1,1,1,1,0.09697050601243973,3.1418533325195312,4.592433452606201,0,0,0,0.0,0,0,7,0,1.5085737705230713,12.318053245544434,0,-172052,0,0,0,0,0,0,0,0,0,0,0,1,0,2.0,-26.125,1,0,19.04439926147461,23.89739990234375,1,0,-1.8538999557495117,28.0,2,0,0.3125,0.6875,2,0,0.3199999928474426,0.20000000298023224,3,0,0.0,0.0
17.282,14900,14900,4.966667,0,0.0,50,0,2.5,-1,0,10,3,-1.0,-1.0,-1.0,-1.0,6235944,1,2,2,2,1,1,1,1,1,0.09624778479337692,3.1432135105133057,4.593706130981445,0,0,0,0.0,0,0,7,0,1.5082061290740967,12.260822296142578,0,-172968,0,0,0,0,0,0,0,0,0,0,0,1,0,2.0,-26.125,1,0,19.04439926147461,23.89739990234375,1,0,-1.8538999557495117,28.0,2,0,0.3125,0.6875,2,0,0.3199999928474426,0.20000000298023224,3,0,0.0,0.0
17.299,14950,14950,4.983333,0,0.0,50,0,2.5,-1,0,10,3,-1.0,-1.0,-1.0,-1.0,6235944,1,2,2,2,1,1,1,1,1,0.09547114372253418,3.144697666168213,4.595108985900879,0,0,0,0.0,0,0,7,0,1.5078307390213013,12.203887939453125,0,-173884,0,0,0,0,0,0,0,0,0,0,0,1,0,2.0,-26.125,1,0,19.04439926147461,23.89739990234375,1,0,-1.8538999557495117,28.0,2,0,0.3125,0.6875,2,0,0.3199999928474426,0.20000000298023224,3,0,0.0,0.0
17.317,15000,15000,5.0,0,0.0,50,0,2.5,-1,0,10,3,-1.0,-1.0,-1.0,-1.0,6235944,1,2,2,2,1,1,1,1,1,0.09466619044542313,3.1462714672088623,4.596611976623535,0,0,0,0.0,0,0,7,0,1.507447600364685,12.14724063873291,0,-174800,0,0,0,0,0,0,0,0,0,0,0,1,0,2.0,-26.125,1,0,19.04439926147461,23.89739990234375,1,0,-1.8538999557495117,28.0,2,0,0.3125,0.6875,2,0,0.3199999928474426,0.20000000298023224,3,0,0.0,0.0
17.334,15050,15050,5.016667,0,0.0,50,0,2.5,-1,0,10,3,-1.0,-1.0,-1.0,-1.0,6235944,1,2,2,2,1,1,1,1,1,0.09384623169898987,3.147902727127075,4.598184585571289,0,0,0,0.0,0,0,7,0,1.5070565938949585,12.09087085723877,0,-175716,0,0,0,0,0,0,0,0,0,0,0,1,0,2.0,-26.125,1,0,19.04439926147461,23.89739990234375,1,0,-1.8538999557495117,28.0,2,0,0.3125,0.6875,2,0,0.3199999928474426,0.20000000298023224,3,0,0.0,0.0
17.351,15100,15100,5.033333,0,0.0,50,0,2.5,-1,0,10,3,-1.0,-1.0,-1.0,-1.0,6235944,1,2,2,2,1,1,1,1,1,0.09336397051811218,3.148876905441284,4.599132061004639,0,0,0,0.0,0,0,7,0,1.5066577196121216,12.034769058227539,0,-176632,0,0,0,0,0,0,0,0,0,0,0,1,0,2.0,-26.125,1,0,19.04439926147461,23.89739990234375,1,0,-1.8538999557495117,28.0,2,0,0.3125,0.6875,2,0,0.3199999928474426,0.20000000298023224,3,0,0.0,0.0
17.369,15200,15200,5.066667,0,0.0,50,0,2.5,-1,0,10,3,-1.0,-1.0,-1.0,-1.0,6235944,1,2,2,2,1,1,1,1,1,0.09212876856327057,3.15146541595459,4.601672172546387,0,0,0,0.0,0,0,7,0,1.5058366060256958,11.923333168029785,0,-178464,0,0,0,0,0,0,0,0,0,0,0,1,0,2.0,-26.125,1,0,19.04439926147461,23.89739990234375,1,0,-1.8538999557495117,28.0,2,0,0.3125,0.6875,2,0,0.3199999928474426,0.20000000298023224,3,0,0.0,0.0
17.386,15250,15250,5.083333,0,0.0,50,0,2.5,-1,0,10,3,-1.0,-1.0,-1.0,-1.0,6235944,1,2,2,2,1,1,1,1,1,0.09142761677503586,3.152971029281616,4.603167533874512,0,0,0,0.0,0,0,7,0,1.505414366722107,11.867982864379883,0,-179380,0,0,0,0,0,0,0,0,0,0,0,1,0,2.0,-26.125,1,0,19.04439926147461,23.89739990234375,1,0,-1.8538999557495117,28.0,2,0,0.3125,0.6875,2,0,0.3199999928474426,0.20000000298023224,3,0,0.0,0.0
17.403,15300,15300,5.1,0,0.0,50,0,2.5,-1,0,10,3,-1.0,-1.0,-1.0,-1.0,6235944,1,2,2,2,1,1,1,1,1,0.09070335328578949,3.1545674800872803,4.604757308959961,0,0,0,0.0,0,0,7,0,1.5049842596054077,11.8128662109375,0,-180296,0,0,0,0,0,0,0,0,0,0,0,1,0,2.0,-26.125,1,0,19.04439926147461,23.89739990234375,1,0,-1.8538999557495117,28.0,2,0,0.3125,0.6875,2,0,0.3199999928474426,0.20000000298023224,3,0,0.0,0.0
17.421,15350,15350,5.116667,0,0.0,50,0,2.5,-1,0,10,3,-1.0,-1.0,-1.0,-1.0,6235944,1,2,2,2,1,1,1,1,1,0.08996794372797012,3.156221866607666,4.606412410736084,0,0,0,0.0,0,0,7,0,1.5045462846755981,11.757975578308105,0,-181212,0,0,0,0,0,0,0,0,0,0,0,1,0,2.0,-26.125,1,0,19.04439926147461,23.89739990234375,1,0,-1.8538999557495117,28.0,2,0,0.3125,0.6875,2,0,0.3199999928474426,0.20000000298023224,3,0,0.0,0.0
17.438,15400,15400,5.133333,0,0.0,50,0,2.5,-1,0,10,3,-1.0,-1.0,-1.0,-1.0,6235944,1,2,2,2,1,1,1,1,1,0.08953651040792465,3.157209634780884,4.607406139373779,0,0,0,0.0,0,0,7,0,1.5041004419326782,11.703303337097168,0,-182128,0,0,0,0,0,0,0,0,0,0,0,1,0,2.0,-26.125,1,0,19.04439926147461,23.89739990234375,1,0,-1.8538999557495117,28.0,2,0,0.3125,0.6875,2,0,0.3199999928474426,0.20000000298023224,3,0,0.0,0.0
17.455,15450,15450,5.15,0,0.0,50,0,2.5,-1,0,10,3,-1.0,-1.0,-1.0,-1.0,6235944,1,2,2,2,1,1,1,1,1,0.08901699632406235,3.1584346294403076,4.608638286590576,0,0,0,0.0,0,0,7,0,1.503646731376648,11.648842811584473,0,-183044,0,0,0,0,0,0,0,0,0,0,0,1,0,2.0,-26.125,1,0,19.04439926147461,23.89739990234375,1,0,-1.8538999557495117,28.0,2,0,0.3125,0.6875,2,0,0.3199999928474426,0.20000000298023224,3,0,0.0,0.0
17.473,15500,15500,5.166667,0,0.0,50,0,2.5,-1,0,10,3,-1.0,-1.0,-1.0,-1.0,6235944,1,2,2,2,1,1,1,1,1,0.08843742311000824,3.1598339080810547,4.610053062438965,0,0,0,0.0,0,0,7,0,1.5031851530075073,11.594587326049805,0,-183960,0,0,0,0,0,0,0,0,0,0,0,1,0,2.0,-26.125,1,0,19.04439926147461,23.89739990234375,1,0,-1.8538999557495117,28.0,2,0,0.3125,0.6875,2,0,0.3199999928474426,0.20000000298023224,3,0,0.0,0.0
17.49,15550,15550,5.183333,0,0.0,50,0,2.5,-1,0,10,3,-1.0,-1.0,-1.0,-1.0,6235944,1,2,2,2,1,1,1,1,1,0.08781789243221283,3.1613597869873047,4.611598491668701,0,0,0,0.0,0,0,7,0,1.502715826034546,11.540529251098633,0,-184876,0,0,0,0,0,0,0,0,0,0,0,1,0,2.0,-26.125,1,0,19.04439926147461,23.89739990234375,1,0,-1.8538999557495117,28.0,2,0,0.3125,0.6875,2,0,0.3199999928474426,0.20000000298023224,3,0,0.0,0.0
17.507,15600,15600,5.2,0,0.0,50,0,2.5,-1,0,10,3,-1.0,-1.0,-1.0,-1.0,6235944,1,2,2,2,1,1,1,1,1,0.08717837184667587,3.162977457046509,4.6132354736328125,0,0,0,0.0,0,0,7,0,1.5022386312484741,11.486661911010742,0,-185792,0,0,0,0,0,0,0,0,0,0,0,1,0,2.0,-26.125,1,0,19.04439926147461,23.89739990234375,1,0,-1.8538999557495117,28.0,2,0,0.3125,0.6875,2,0,0.3199999928474426,0.20000000298023224,3,0,0.0,0.0
17.524,15650,15650,5.216667,0,0.0,50,0,2.5,-1,0,10,3,-1.0,-1.0,-1.0,-1.0,6235944,1,2,2,2,1,1,1,1,1,0.08653158694505692,3.1646530628204346,4.614933967590332,0,0,0,0.0,0,0,7,0,1.501753568649292,11.432979583740234,0,-186708,0,0,0,0,0,0,0,0,0,0,0,1,0,2.0,-26.125,1,0,19.04439926147461,23.89739990234375,1,0,-1.8538999557495117,28.0,2,0,0.3125,0.6875,2,0,0.3199999928474426,0.20000000298023224,3,0,0.0,0.0
17.542,15700,15700,5.233333,0,0.0,50,0,2.5,-1,0,10,3,-1.0,-1.0,-1.0,-1.0,6235944,1,2,2,2,1,1,1,1,1,0.08615327626466751,3.1656532287597656,4.615950584411621,0,0,0,0.0,0,0,7,0,1.5012606382369995,11.379475593566895,0,-187624,0,0,0,0,0,0,0,0,0,0,0,1,0,2.0,-26.125,1,0,19.04439926147461,23.89739990234375,1,0,-1.8538999557495117,28.0,2,0,0.3125,0.6875,2,0,0.3199999928474426,0.20000000298023224,3,0,0.0,0.0
17.559,15750,15750,5.25,0,0.0,50,0,2.5,-1,0,10,3,-1.0,-1.0,-1.0,-1.0,6235944,1,2,2,2,1,1,1,1,1,0.08569991588592529,3.166893243789673,4.617208957672119,0,0,0,0.0,0,0,7,0,1.5007598400115967,11.326144218444824,0,-188540,0,0,0,0,0,0,0,0,0,0,0,1,0,2.0,-26.125,1,0,19.04439926147461,23.89739990234375,1,0,-1.8538999557495117,28.0,2,0,0.3125,0.6875,2,0,0.3199999928474426,0.20000000298023224,3,0,0.0,0.0
17.577,15800,15800,5.266667,0,0.0,50,0,2.5,-1,0,10,3,-1.0,-1.0,-1.0,-1.0,6235944,1,2,2,2,1,1,1,1,1,0.08519621938467026,3.1683099269866943,4.618643760681152,0,0,0,0.0,0,0,7,0,1.500251293182373,11.272979736328125,0,-189456,0,0,0,0,0,0,0,0,0,0,0,1,0,2.0,-26.125,1,0,19.04439926147461,23.89739990234375,1,0,-1.8538999557495117,28.0,2,0,0.3125,0.6875,2,0,0.3199999928474426,0.20000000298023224,3,0,0.0,0.0
17.594,15850,15850,5.283333,0,0.0,50,0,2.5,-1,0,10,3,-1.0,-1.0,-1.0,-1.0,6235944,1,2,2,2,1,1,1,1,1,0.08465997874736786,3.1698544025421143,4.620204925537109,0,0,0,0.0,0,0,7,0,1.4997349977493286,11.219976425170898,0,-190372,0,0,0,0,0,0,0,0,0,0,0,1,0,2.0,-26.125,1,0,19.04439926147461,23.89739990234375,1,0,-1.8538999557495117,28.0,2,0,0.3125,0.6875,2,0,0.3199999928474426,0.20000000298023224,3,0,0.0,0.0
17.611,15900,15900,5.3,0,0.0,50,0,2.5,-1,0,10,3,-1.0,-1.0,-1.0,-1.0,6235944,1,2,2,2,1,1,1,1,1,0.08411046117544174,3.1714913845062256,4.621851921081543,0,0,0,0.0,0,0,7,0,1.4992108345031738,11.167128562927246,0,-191288,0,0,0,0,0,0,0,0,0,0,0,1,0,2.0,-26.125,1,0,19.04439926147461,23.89739990234375,1,0,-1.8538999557495117,28.0,2,0,0.3125,0.6875,2,0,0.3199999928474426,0.20000000298023224,3,0,0.0,0.0
17.628,15950,15950,5.316667,0,0.0,50,0,2.5,-1,0,10,3,-1.0,-1.0,-1.0,-1.0,6235944,1,2,2,2,1,1,1,1,1,0.08355533331632614,3.173187017440796,4.623556613922119,0,0,0,0.0,0,0,7,0,1.4986789226531982,11.114431381225586,0,-192204,0,0,0,0,0,0,0,0,0,0,0,1,0,2.0,-26.125,1,0,19.04439926147461,23.89739990234375,1,0,-1.8538999557495117,28.0,2,0,0.3125,0.6875,2,0,0.3199999928474426,0.20000000298023224,3,0,0.0,0.0
17.646,16000,16000,5.333333,0,0.0,50,0,2.5,-1,0,10,3,-1.0,-1.0,-1.0,-1.0,6235944,1,2,2,2,1,1,1,1,1,0.08323187381029129,3.174198865890503,4.624573707580566,0,0,0,0.0,0,0,7,0,1.4981391429901123,11.061880111694336,0,-193120,0,0,0,0,0,0,0,0,0,0,0,1,0,2.0,-26.125,1,0,19.04439926147461,23.89739990234375,1,0,-1.8538999557495117,28.0,2,0,0.3125,0.6875,2,0,0.3199999928474426,0.20000000298023224,3,0,0.0,0.0
17.663,16050,16050,5.35,0,0.0,50,0,2.5,-1,0,10,3,-1.0,-1.0,-1.0,-1.0,6235944,1,2,2,2,1,1,1,1,1,0.08284666389226913,3.1754531860351562,4.625823974609375,0,0,0,0.0,0,0,7,0,1.4975916147232056,11.009469985961914,0,-194036,0,0,0,0,0,0,0,0,0,0,0,1,0,2.0,-26.125,1,0,19.04439926147461,23.89739990234375,1,0,-1.8538999557495117,28.0,2,0,0.3125,0.6875,2,0,0.3199999928474426,0.20000000298023224,3,0,0.0,0.0
17.68,16100,16100,5.366667,0,0.0,50,0,2.5,-1,0,10,3,-1.0,-1.0,-1.0,-1.0,6235944,1,2,2,2,1,1,1,1,1,0.08242113888263702,3.1768856048583984,4.62724494934082,0,0,0,0.0,0,0,7,0,1.497036337852478,10.957196235656738,0,-194952,0,0,0,0,0,0,0,0,0,0,0,1,0,2.0,-26.125,1,0,19.04439926147461,23.89739990234375,1,0,-1.8538999557495117,28.0,2,0,0.3125,0.6875,2,0,0.3199999928474426,0.20000000298023224,3,0,0.0,0.0
17.697,16150,16150,5.383333,0,0.0,50,0,2.5,-1,0,10,3,-1.0,-1.0,-1.0,-1.0,6235944,1,2,2,2,1,1,1,1,1,0.08197057992219925,3.178450345993042,4.628788471221924,0,0,0,0.0,0,0,7,0,1.4964734315872192,10.905055046081543,0,-195868,0,0,0,0,0,0,0,0,0,0,0,1,0,2.0,-26.125,1,0,19.04439926147461,23.89739990234375,1,0,-1.8538999557495117,28.0,2,0,0.3125,0.6875,2,0,0.3199999928474426,0.20000000298023224,3,0,0.0,0.0
17.714,16200,16200,5.4,0,0.0,50,0,2.5,-1,0,10,3,-1.0,-1.0,-1.0,-1.0,6235944,1,2,2,2,1,1,1,1,1,0.08151190727949142,3.1801040172576904,4.6304144859313965,0,0,0,0.0,0,0,7,0,1.4959031343460083,10.853058815002441,0,-196784,0,0,0,0,0,0,0,0,0,0,0,1,0,2.0,-26.125,1,0,19.04439926147461,23.89739990234375,1,0,-1.8538999557495117,28.0,2,0,0.3125,0.6875,2,0,0.3199999928474426,0.20000000298023224,3,0,0.0,0.0
17.732,16250,16250,5.416667,0,0.0,50,0,2.5,-1,0,10,3,-1.0,-1.0,-1.0,-1.0,6235944,1,2,2,2,1,1,1,1,1,0.08105269819498062,3.181816339492798,4.632086753845215,0,0,0,0.0,0,0,7,0,1.4953256845474243,10.801219940185547,0,-197700,0,0,0,0,0,0,0,0,0,0,0,1,0,2.0,-26.125,1,0,19.04439926147461,23.89739990234375,1,0,-1.8538999557495117,28.0,2,0,0.3125,0.6875,2,0,0.3199999928474426,0.20000000298023224,3,0,0.0,0.0
17.749,16300,16300,5.433333,0,0.0,50,0,2.5,-1,0,10,3,-1.0,-1.0,-1.0,-1.0,6235944,1,2,2,2,1,1,1,1,1,0.08078674226999283,3.182838201522827,4.633081436157227,0,0,0,0.0,0,0,7,0,1.494741439819336,10.749550819396973,0,-198616,0,0,0,0,0,0,0,0,0,0,0,1,0,2.0,-26.125,1,0,19.04439926147461,23.89739990234375,1,0,-1.8538999557495117,28.0,2,0,0.3125,0.6875,2,0,0.3199999928474426,0.20000000298023224,3,0,0.0,0.0
17.766,16350,16350,5.45,0,0.0,50,0,2.5,-1,0,10,3,-1.0,-1.0,-1.0,-1.0,6235944,1,2,2,2,1,1,1,1,1,0.08047214895486832,3.1841049194335938,4.634300708770752,0,0,0,0.0,0,0,7,0,1.4941506385803223,10.698062896728516,0,-199532,0,0,0,0,0,0,0,0,0,0,0,1,0,2.0,-26.125,1,0,19.04439926147461,23.89739990234375,1,0,-1.8538999557495117,28.0,2,0,0.3125,0.6875,2,0,0.3199999928474426,0.20000000298023224,3,0,0.0,0.0
17.784,16400,16400,5.466667,0,0.0,50,0,2.5,-1,0,10,3,-1.0,-1.0,-1.0,-1.0,6235944,1,2,2,2,1,1,1,1,1,0.0801258459687233,3.185551166534424,4.635684490203857,0,0,0,0.0,0,0,7,0,1.4935537576675415,10.646767616271973,0,-200448,0,0,0,0,0,0,0,0,0,0,0,1,0,2.0,-26.125,1,0,19.04439926147461,23.89739990234375,1,0,-1.8538999557495117,28.0,2,0,0.3125,0.6875,2,0,0.3199999928474426,0.20000000298023224,3,0,0.0,0.0
17.801,16450,16450,5.483333,0,0.0,50,0,2.5,-1,0,10,3,-1.0,-1.0,-1.0,-1.0,6235944,1,2,2,2,1,1,1,1,1,0.07976198941469193,3.18713116645813,4.637184143066406,0,0,0,0.0,0,0,7,0,1.4929509162902832,10.595674514770508,0,-201364,0,0,0,0,0,0,0,0,0,0,0,1,0,2.0,-26.125,1,0,19.04439926147461,23.89739990234375,1,0,-1.8538999557495117,28.0,2,0,0.3125,0.6875,2,0,0.3199999928474426,0.20000000298023224,3,0,0.0,0.0
17.818,16500,16500,5.5,0,0.0,50,0,2.5,-1,0,10,3,-1.0,-1.0,-1.0,-1.0,6235944,1,2,2,2,1,1,1,1,1,0.07939529418945312,3.188800573348999,4.638756275177002,0,0,0,0.0,0,0,7,0,1.492342472076416,10.544794082641602,0,-202280,0,0,0,0,0,0,0,0,0,0,0,1,0,2.0,-26.125,1,0,19.04439926147461,23.89739990234375,1,0,-1.8538999557495117,28.0,2,0,0.3125,0.6875,2,0,0.3199999928474426,0.20000000298023224,3,0,0.0,0.0
17.835,16600,16600,5.533333,0,0.0,50,0,2.5,-1,0,10,3,-1.0,-1.0,-1.0,-1.0,6235944,1,2,2,2,1,1,1,1,1,0.07882331311702728,3.1915605068206787,4.6413254737854,0,0,0,0.0,0,0,7,0,1.4911097288131714,10.443710327148438,0,-204112,0,0,0,0,0,0,0,0,0,0,0,1,0,2.0,-26.125,1,0,19.04439926147461,23.89739990234375,1,0,-1.8538999557495117,28.0,2,0,0.3125,0.6875,2,0,0.3199999928474426,0.20000000298023224,3,0,0.0,0.0
17.853,16650,16650,5.55,0,0.0,50,0,2.5,-1,0,10,3,-1.0,-1.0,-1.0,-1.0,6235944,1,2,2,2,1,1,1,1,1,0.07857932895421982,3.192838430404663,4.642495632171631,0,0,0,0.0,0,0,7,0,1.4904859066009521,10.393525123596191,0,-205028,0,0,0,0,0,0,0,0,0,0,0,1,0,2.0,-26.125,1,0,19.04439926147461,23.89739990234375,1,0,-1.8538999557495117,28.0,2,0,0.3125,0.6875,2,0,0.3199999928474426,0.20000000298023224,3,0,0.0,0.0
17.87,16700,16700,5.566667,0,0.0,50,0,2.5,-1,0,10,3,-1.0,-1.0,-1.0,-1.0,6235944,1,2,2,2,1,1,1,1,1,0.07831523567438126,3.1942977905273438,4.643820285797119,0,0,0,0.0,0,0,7,0,1.48985755443573,10.343589782714844,0,-205944,0,0,0,0,0,0,0,0,0,0,0,1,0,2.0,-26.125,1,0,19.04439926147461,23.89739990234375,1,0,-1.8538999557495117,28.0,2,0,0.3125,0.6875,2,0,0.3199999928474426,0.20000000298023224,3,0,0.0,0.0
17.887,16750,16750,5.583333,0,0.0,50,0,2.5,-1,0,10,3,-1.0,-1.0,-1.0,-1.0,6235944,1,2,2,2,1,1,1,1,1,0.07803953438997269,3.1958916187286377,4.645254135131836,0,0,0,0.0,0,0,7,0,1.4892250299453735,10.293911933898926,0,-206860,0,0,0,0,0,0,0,0,0,0,0,1,0,2.0,-26.125,1,0,19.04439926147461,23.89739990234375,1,0,-1.8538999557495117,28.0,2,0,0.3125,0.6875,2,0,0.3199999928474426,0.20000000298023224,3,0,0.0,0.0
17.905,16800,16800,5.6,0,0.0,50,0,2.5,-1,0,10,3,-1.0,-1.0,-1.0,-1.0,6235944,1,2,2,2,1,1,1,1,1,0.07776577770709991,3.197575092315674,4.646753787994385,0,0,0,0.0,0,0,7,0,1.4885884523391724,10.244499206542969,0,-207776,0,0,0,0,0,0,0,0,0,0,0,1,0,2.0,-26.125,1,0,19.04439926147461,23.89739990234375,1,0,-1.8538999557495117,28.0,2,0,0.3125,0.6875,2,0,0.3199999928474426,0.20000000298023224,3,0,0.0,0.0
17.923,16850,16850,5.616667,0,0.0,50,0,2.5,-1,0,10,3,-1.0,-1.0,-1.0,-1.0,6235944,1,2,2,2,1,1,1,1,1,0.07749897986650467,3.1993181705474854,4.648288726806641,0,0,0,0.0,0,0,7,0,1.4879481792449951,10.195359230041504,0,-208692,0,0,0,0,0,0,0,0,0,0,0,1,0,2.0,-26.125,1,0,19.04439926147461,23.89739990234375,1,0,-1.8538999557495117,28.0,2,0,0.3125,0.6875,2,0,0.3199999928474426,0.20000000298023224,3,0,0.0,0.0
17.94,16900,16900,5.633333,0,0.0,50,0,2.5,-1,0,10,3,-1.0,-1.0,-1.0,-1.0,6235944,1,2,2,2,1,1,1,1,1,0.07734791189432144,3.2003579139709473,4.649197578430176,0,0,0,0.0,0,0,7,0,1.4873043298721313,10.146499633789062,0,-209608,0,0,0,0,0,0,0,0,0,0,0,1,0,2.0,-26.125,1,0,19.04439926147461,23.89739990234375,1,0,-1.8538999557495117,28.0,2,0,0.3125,0.6875,2,0,0.3199999928474426,0.20000000298023224,3,0,0.0,0.0
17.958,16950,16950,5.65,0,0.0,50,0,2.5,-1,0,10,3,-1.0,-1.0,-1.0,-1.0,6235944,1,2,2,2,1,1,1,1,1,0.07717528939247131,3.201646089553833,4.650308609008789,0,0,0,0.0,0,0,7,0,1.4866572618484497,10.09792709350586,0,-210524,0,0,0,0,0,0,0,0,0,0,0,1,0,2.0,-26.125,1,0,19.04439926147461,23.89739990234375,1,0,-1.8538999557495117,28.0,2,0,0.3125,0.6875,2,0,0.3199999928474426,0.20000000298023224,3,0,0.0,0.0
17.975,17000,17000,5.666667,0,0.0,50,0,2.5,-1,0,10,3,-1.0,-1.0,-1.0,-1.0,6235944,1,2,2,2,1,1,1,1,1,0.07699228078126907,3.2031166553497314,4.651567459106445,0,0,0,0.0,0,0,7,0,1.4860072135925293,10.04964828491211,0,-211440,0,0,0,0,0,0,0,0,0,0,0,1,0,2.0,-26.125,1,0,19.04439926147461,23.89739990234375,1,0,-1.8538999557495117,28.0,2,0,0.3125,0.6875,2,0,0.3199999928474426,0.20000000298023224,3,0,0.0,0.0
17.993,17050,17050,5.683333,0,0.0,50,0,2.5,-1,0,10,3,-1.0,-1.0,-1.0,-1.0,6235944,1,2,2,2,1,1,1,1,1,0.07680649310350418,3.2047224044799805,4.652924060821533,0,0,0,0.0,0,0,7,0,1.4853544235229492,10.001668930053711,0,-212356,0,0,0,0,0,0,0,0,0,0,0,1,0,2.0,-26.125,1,0,19.04439926147461,23.89739990234375,1,0,-1.8538999557495117,28.0,2,0,0.3125,0.6875,2,0,0.3199999928474426,0.20000000298023224,3,0,0.0,0.0
18.01,17100,17100,5.7,0,0.0,50,0,2.5,-1,0,10,3,-1.0,-1.0,-1.0,-1.0,6235944,1,2,2,2,1,1,1,1,1,0.07662605494260788,3.20641827583313,4.654341220855713,0,0,0,0.0,0,0,7,0,1.4846992492675781,9.953994750976562,0,-213272,0,0,0,0,0,0,0,0,0,0,0,1,0,2.0,-26.125,1,0,19.04439926147461,23.89739990234375,1,0,-1.8538999557495117,28.0,2,0,0.3125,0.6875,2,0,0.3199999928474426,0.20000000298023224,3,0,0.0,0.0
18.028,17150,17150,5.716667,0,0.0,50,0,2.5,-1,0,10,3,-1.0,-1.0,-1.0,-1.0,6235944,1,2,2,2,1,1,1,1,1,0.07645561546087265,3.2081737518310547,4.655791759490967,0,0,0,0.0,0,0,7,0,1.4840418100357056,9.906631469726562,0,-214188,0,0,0,0,0,0,0,0,0,0,0,1,0,2.0,-26.125,1,0,19.04439926147461,23.89739990234375,1,0,-1.8538999557495117,28.0,2,0,0.3125,0.6875,2,0,0.3199999928474426,0.20000000298023224,3,0,0.0,0.0
18.045,17200,17200,5.733333,0,0.0,50,0,2.5,-1,0,10,3,-1.0,-1.0,-1.0,-1.0,6235944,1,2,2,2,1,1,1,1,1,0.07636191695928574,3.2092208862304688,4.656649112701416,0,0,0,0.0,0,0,7,0,1.4833823442459106,9.85958480834961,0,-215104,0,0,0,0,0,0,0,0,0,0,0,1,0,2.0,-26.125,1,0,19.04439926147461,23.89739990234375,1,0,-1.8538999557495117,28.0,2,0,0.3125,0.6875,2,0,0.3199999928474426,0.20000000298023224,3,0,0.0,0.0
18.062,17250,17250,5.75,0,0.0,50,0,2.5,-1,0,10,3,-1.0,-1.0,-1.0,-1.0,6235944,1,2,2,2,1,1,1,1,1,0.07626013457775116,3.2105181217193604,4.657700061798096,0,0,0,0.0,0,0,7,0,1.4827210903167725,9.812859535217285,0,-216020,0,0,0,0,0,0,0,0,0,0,0,1,0,2.0,-26.125,1,0,19.04439926147461,23.89739990234375,1,0,-1.8538999557495117,28.0,2,0,0.3125,0.6875,2,0,0.3199999928474426,0.20000000298023224,3,0,0.0,0.0
18.08,17300,17300,5.766667,0,0.0,50,0,2.5,-1,0,10,3,-1.0,-1.0,-1.0,-1.0,6235944,1,2,2,2,1,1,1,1,1,0.07615827023983002,3.211998462677002,4.658886909484863,0,0,0,0.0,0,0,7,0,1.4820582866668701,9.766460418701172,0,-216936,0,0,0,0,0,0,0,0,0,0,0,1,0,2.0,-26.125,1,0,19.04439926147461,23.89739990234375,1,0,-1.8538999557495117,28.0,2,0,0.3125,0.6875,2,0,0.3199999928474426,0.20000000298023224,3,0,0.0,0.0
18.097,17350,17350,5.783333,0,0.0,50,0,2.5,-1,0,10,3,-1.0,-1.0,-1.0,-1.0,6235944,1,2,2,2,1,1,1,1,1,0.07606048882007599,3.2136147022247314,4.660166263580322,0,0,0,0.0,0,0,7,0,1.4813942909240723,9.720392227172852,0,-217852,0,0,0,0,0,0,0,0,0,0,0,1,0,2.0,-26.125,1,0,19.04439926147461,23.89739990234375,1,0,-1.8538999557495117,28.0,2,0,0.3125,0.6875,2,0,0.3199999928474426,0.20000000298023224,3,0,0.0,0.0
18.115,17400,17400,5.8,0,0.0,50,0,2.5,-1,0,10,3,-1.0,-1.0,-1.0,-1.0,6235944,1,2,2,2,1,1,1,1,1,0.07597419619560242,3.2153213024139404,4.661503791809082,0,0,0,0.0,0,0,7,0,1.4807292222976685,9.674657821655273,0,-218768,0,0,0,0,0,0,0,0,0,0,0,1,0,2.0,-26.125,1,0,19.04439926147461,23.89739990234375,1,0,-1.8538999557495117,28.0,2,0,0.3125,0.6875,2,0,0.3199999928474426,0.20000000298023224,3,0,0.0,0.0
18.132,17450,17450,5.816667,0,0.0,50,0,2.5,-1,0,10,3,-1.0,-1.0,-1.0,-1.0,6235944,1,2,2,2,1,1,1,1,1,0.07589934021234512,3.2170872688293457,4.662877559661865,0,0,0,0.0,0,0,7,0,1.4800633192062378,9.629262924194336,0,-219684,0,0,0,0,0,0,0,0,0,0,0,1,0,2.0,-26.125,1,0,19.04439926147461,23.89739990234375,1,0,-1.8538999557495117,28.0,2,0,0.3125,0.6875,2,0,0.3199999928474426,0.20000000298023224,3,0,0.0,0.0
18.15,17500,17500,5.833333,0,0.0,50,0,2.5,-1,0,10,3,-1.0,-1.0,-1.0,-1.0,6235944,1,2,2,2,1,1,1,1,1,0.07586248964071274,3.2181403636932373,4.663690090179443,0,0,0,0.0,0,0,7,0,1.4793967008590698,9.584210395812988,0,-220600,0,0,0,0,0,0,0,0,0,0,0,1,0,2.0,-26.125,1,0,19.04439926147461,23.89739990234375,1,0,-1.8538999557495117,28.0,2,0,0.3125,0.6875,2,0,0.3199999928474426,0.20000000298023224,3,0,0.0,0.0
18.167,17550,17550,5.85,0,0.0,50,0,2.5,-1,0,10,3,-1.0,-1.0,-1.0,-1.0,6235944,1,2,2,2,1,1,1,1,1,0.0758308619260788,3.219444990158081,4.664681911468506,0,0,0,0.0,0,0,7,0,1.4787297248840332,9.539504051208496,0,-221516,0,0,0,0,0,0,0,0,0,0,0,1,0,2.0,-26.125,1,0,19.04439926147461,23.89739990234375,1,0,-1.8538999557495117,28.0,2,0,0.3125,0.6875,2,0,0.3199999928474426,0.20000000298023224,3,0,0.0,0.0
18.185,17600,17600,5.866667,0,0.0,50,0,2.5,-1,0,10,3,-1.0,-1.0,-1.0,-1.0,6235944,1,2,2,2,1,1,1,1,1,0.07580894231796265,3.220933675765991,4.665804862976074,0,0,0,0.0,0,0,7,0,1.4780625104904175,9.495146751403809,0,-222432,0,0,0,0,0,0,0,0,0,0,0,1,0,2.0,-26.125,1,0,19.04439926147461,23.89739990234375,1,0,-1.8538999557495117,28.0,2,0,0.3125,0.6875,2,0,0.3199999928474426,0.20000000298023224,3,0,0.0,0.0
18.202,17650,17650,5.883333,0,0.0,50,0,2.5,-1,0,10,3,-1.0,-1.0,-1.0,-1.0,6235944,1,2,2,2,1,1,1,1,1,0.07579819858074188,3.2225584983825684,4.667016983032227,0,0,0,0.0,0,0,7,0,1.4767285585403442,9.407490730285645,0,-224264,0,0,0,0,0,0,0,0,0,0,0,1,0,2.0,-26.125,1,0,19.04439926147461,23.89739990234375,1,0,-1.8538999557495117,28.0,2,0,0.3125,0.6875,2,0,0.3199999928474426,0.20000000298023224,3,0,0.0,0.0
18.219,17750,17750,5.916667,0,0.0,50,0,2.5,-1,0,10,3,-1.0,-1.0,-1.0,-1.0,6235944,1,2,2,2,1,1,1,1,1,0.07582510262727737,3.226048707962036,4.669598579406738,0,0,0,0.0,0,0,7,0,1.4760621786117554,9.364197731018066,0,-225180,0,0,0,0,0,0,0,0,0,0,0,1,0,2.0,-26.125,1,0,19.04439926147461,23.89739990234375,1,0,-1.8538999557495117,28.0,2,0,0.3125,0.6875,2,0,0.3199999928474426,0.20000000298023224,3,0,0.0,0.0
18.237,17800,17800,5.933333,0,0.0,50,0,2.5,-1,0,10,3,-1.0,-1.0,-1.0,-1.0,6235944,1,2,2,2,1,1,1,1,1,0.07584580034017563,3.227106809616089,4.670372009277344,0,0,0,0.0,0,0,7,0,1.4753963947296143,9.321264266967773,0,-226096,0,0,0,0,0,0,0,0,0,0,0,1,0,2.0,-26.125,1,0,19.04439926147461,23.89739990234375,1,0,-1.8538999557495117,28.0,2,0,0.3125,0.6875,2,0,0.3199999928474426,0.20000000298023224,3,0,0.0,0.0
18.254,17850,17850,5.95,0,0.0,50,0,2.5,-1,0,10,3,-1.0,-1.0,-1.0,-1.0,6235944,1,2,2,2,1,1,1,1,1,0.07588385790586472,3.2284176349639893,4.671320915222168,0,0,0,0.0,0,0,7,0,1.4747314453125,9.278693199157715,0,-227012,0,0,0,0,0,0,0,0,0,0,0,1,0,2.0,-26.125,1,0,19.04439926147461,23.89739990234375,1,0,-1.8538999557495117,28.0,2,0,0.3125,0.6875,2,0,0.3199999928474426,0.20000000298023224,3,0,0.0,0.0
18.272,17900,17900,5.966667,0,0.0,50,0,2.5,-1,0,10,3,-1.0,-1.0,-1.0,-1.0,6235944,1,2,2,2,1,1,1,1,1,0.0759395882487297,3.2299132347106934,4.672398090362549,0,0,0,0.0,0,0,7,0,1.4740675687789917,9.236486434936523,0,-227928,0,0,0,0,0,0,0,0,0,0,0,1,0,2.0,-26.125,1,0,19.04439926147461,23.89739990234375,1,0,-1.8538999557495117,28.0,2,0,0.3125,0.6875,2,0,0.3199999928474426,0.20000000298023224,3,0,0.0,0.0
18.289,17950,17950,5.983333,0,0.0,50,0,2.5,-1,0,10,3,-1.0,-1.0,-1.0,-1.0,6235944,1,2,2,2,1,1,1,1,1,0.07601399719715118,3.2315449714660645,4.673569202423096,0,0,0,0.0,0,0,7,0,1.4734050035476685,9.194645881652832,0,-228844,0,0,0,0,0,0,0,0,0,0,0,1,0,2.0,-26.125,1,0,19.04439926147461,23.89739990234375,1,0,-1.8538999557495117,28.0,2,0,0.3125,0.6875,2,0,0.3199999928474426,0.20000000298023224,3,0,0.0,0.0
18.306,18000,18000,6.0,0,0.0,50,0,2.5,-1,0,10,3,-1.0,-1.0,-1.0,-1.0,6235944,1,2,2,2,1,1,1,1,1,0.07610867917537689,3.2332677841186523,4.674798965454102,0,0,0,0.0,0,0,7,0,1.4727438688278198,9.153172492980957,0,-229760,0,0,0,0,0,0,0,0,0,0,0,1,0,2.0,-26.125,1,0,19.04439926147461,23.89739990234375,1,0,-1.8538999557495117,28.0,2,0,0.3125,0.6875,2,0,0.3199999928474426,0.20000000298023224,3,0,0.0,0.0
18.324,18050,18050,6.016667,0,0.0,50,0,2.5,-1,0,10,3,-1.0,-1.0,-1.0,-1.0,6235944,1,2,2,2,1,1,1,1,1,0.07622262835502625,3.235053300857544,4.6760663986206055,0,0,0,0.0,0,0,7,0,1.4720842838287354,9.112068176269531,0,-230676,0,0,0,0,0,0,0,0,0,0,0,1,0,2.0,-26.125,1,0,19.04439926147461,23.89739990234375,1,0,-1.8538999557495117,28.0,2,0,0.3125,0.6875,2,0,0.3199999928474426,0.20000000298023224,3,0,0.0,0.0
18.341,18100,18100,6.033333,0,0.0,50,0,2.5,-1,0,10,3,-1.0,-1.0,-1.0,-1.0,6235944,1,2,2,2,1,1,1,1,1,0.07629822194576263,3.2361180782318115,4.676817893981934,0,0,0,0.0,0,0,7,0,1.4714266061782837,9.071333885192871,0,-231592,0,0,0,0,0,0,0,0,0,0,0,1,0,2.0,-26.125,1,0,19.04439926147461,23.89739990234375,1,0,-1.8538999557495117,28.0,2,0,0.3125,0.6875,2,0,0.3199999928474426,0.20000000298023224,3,0,0.0,0.0
18.359,18150,18150,6.05,0,0.0,50,0,2.5,-1,0,10,3,-1.0,-1.0,-1.0,-1.0,6235944,1,2,2,2,1,1,1,1,1,0.07640419155359268,3.237431526184082,4.6777424812316895,0,0,0,0.0,0,0,7,0,1.4707709550857544,9.03097152709961,0,-232508,0,0,0,0,0,0,0,0,0,0,0,1,0,2.0,-26.125,1,0,19.04439926147461,23.89739990234375,1,0,-1.8538999557495117,28.0,2,0,0.3125,0.6875,2,0,0.3199999928474426,0.20000000298023224,3,0,0.0,0.0
18.376,18200,18200,6.066667,0,0.0,50,0,2.5,-1,0,10,3,-1.0,-1.0,-1.0,-1.0,6235944,1,2,2,2,1,1,1,1,1,0.07653800398111343,3.2389307022094727,4.678802013397217,0,0,0,0.0,0,0,7,0,1.470117449760437,8.990981101989746,0,-233424,0,0,0,0,0,0,0,0,0,0,0,1,0,2.0,-26.125,1,0,19.04439926147461,23.89739990234375,1,0,-1.8538999557495117,28.0,2,0,0.3125,0.6875,2,0,0.3199999928474426,0.20000000298023224,3,0,0.0,0.0
18.394,18250,18250,6.083333,0,0.0,50,0,2.5,-1,0,10,3,-1.0,-1.0,-1.0,-1.0,6235944,1,2,2,2,1,1,1,1,1,0.076695516705513,3.2405667304992676,4.679953575134277,0,0,0,0.0,0,0,7,0,1.4694663286209106,8.951363563537598,0,-234340,0,0,0,0,0,0,0,0,0,0,0,1,0,2.0,-26.125,1,0,19.04439926147461,23.89739990234375,1,0,-1.8538999557495117,28.0,2,0,0.3125,0.6875,2,0,0.3199999928474426,0.20000000298023224,3,0,0.0,0.0
18.411,18300,18300,6.1,0,0.0,50,0,2.5,-1,0,10,3,-1.0,-1.0,-1.0,-1.0,6235944,1,2,2,2,1,1,1,1,1,0.07687797397375107,3.2422938346862793,4.681170463562012,0,0,0,0.0,0,0,7,0,1.4688177108764648,8.91211986541748,0,-235256,0,0,0,0,0,0,0,0,0,0,0,1,0,2.0,-26.125,1,0,19.04439926147461,23.89739990234375,1,0,-1.8538999557495117,28.0,2,0,0.3125,0.6875,2,0,0.3199999928474426,0.20000000298023224,3,0,0.0,0.0
18.428,18350,18350,6.116667,0,0.0,50,0,2.5,-1,0,10,3,-1.0,-1.0,-1.0,-1.0,6235944,1,2,2,2,1,1,1,1,1,0.0770820826292038,3.244084119796753,4.682430267333984,0,0,0,0.0,0,0,7,0,1.4681718349456787,8.873250961303711,0,-236172,0,0,0,0,0,0,0,0,0,0,0,1,0,2.0,-26.125,1,0,19.04439926147461,23.89739990234375,1,0,-1.8538999557495117,28.0,2,0,0.3125,0.6875,2,0,0.3199999928474426,0.20000000298023224,3,0,0.0,0.0
18.446,18400,18400,6.133333,0,0.0,50,0,2.5,-1,0,10,3,-1.0,-1.0,-1.0,-1.0,6235944,1,2,2,2,1,1,1,1,1,0.07721118628978729,3.2451515197753906,4.68317985534668,0,0,0,0.0,0,0,7,0,1.4675289392471313,8.834756851196289,0,-237088,0,0,0,0,0,0,0,0,0,0,0,1,0,2.0,-26.125,1,0,19.04439926147461,23.89739990234375,1,0,-1.8538999557495117,28.0,2,0,0.3125,0.6875,2,0,0.3199999928474426,0.20000000298023224,3,0,0.0,0.0
18.463,18450,18450,6.15,0,0.0,50,0,2.5,-1,0,10,3,-1.0,-1.0,-1.0,-1.0,6235944,1,2,2,2,1,1,1,1,1,0.07738294452428818,3.2464680671691895,4.684112071990967,0,0,0,0.0,0,0,7,0,1.4668891429901123,8.796637535095215,0,-238004,0,0,0,0,0,0,0,0,0,0,0,1,0,2.0,-26.125,1,0,19.04439926147461,23.89739990234375,1,0,-1.8538999557495117,28.0,2,0,0.3125,0.6875,2,0,0.3199999928474426,0.20000000298023224,3,0,0.0,0.0
18.48,18500,18500,6.166667,0,0.0,50,0,2.5,-1,0,10,3,-1.0,-1.0,-1.0,-1.0,6235944,1,2,2,2,1,1,1,1,1,0.07759182900190353,3.2479705810546875,4.685179710388184,0,0,0,0.0,0,0,7,0,1.4662525653839111,8.758893966674805,0,-238920,0,0,0,0,0,0,0,0,0,0,0,1,0,2.0,-26.125,1,0,19.04439926147461,23.89739990234375,1,0,-1.8538999557495117,28.0,2,0,0.3125,0.6875,2,0,0.3199999928474426,0.20000000298023224,3,0,0.0,0.0
18.498,18550,18550,6.183333,0,0.0,50,0,2.5,-1,0,10,3,-1.0,-1.0,-1.0,-1.0,6235944,1,2,2,2,1,1,1,1,1,0.07783172279596329,3.249610185623169,4.686347007751465,0,0,0,0.0,0,0,7,0,1.4656193256378174,8.721525192260742,0,-239836,0,0,0,0,0,0,0,0,0,0,0,1,0,2.0,-26.125,1,0,19.04439926147461,23.89739990234375,1,0,-1.8538999557495117,28.0,2,0,0.3125,0.6875,2,0,0.3199999928474426,0.20000000298023224,3,0,0.0,0.0
18.515,18600,18600,6.2,0,0.0,50,0,2.5,-1,0,10,3,-1.0,-1.0,-1.0,-1.0,6235944,1,2,2,2,1,1,1,1,1,0.07809893041849136,3.251340866088867,4.687584400177002,0,0,0,0.0,0,0,7,0,1.4649896621704102,8.684531211853027,0,-240752,0,0,0,0,0,0,0,0,0,0,0,1,0,2.0,-26.125,1,0,19.04439926147461,23.89739990234375,1,0,-1.8538999557495117,28.0,2,0,0.3125,0.6875,2,0,0.3199999928474426,0.20000000298023224,3,0,0.0,0.0
18.532,18650,18650,6.216667,0,0.0,50,0,2.5,-1,0,10,3,-1.0,-1.0,-1.0,-1.0,6235944,1,2,2,2,1,1,1,1,1,0.07839087396860123,3.253134250640869,4.688876152038574,0,0,0,0.0,0,0,7,0,1.464363694190979,8.64791202545166,0,-241668,0,0,0,0,0,0,0,0,0,0,0,1,0,2.0,-26.125,1,0,19.04439926147461,23.89739990234375,1,0,-1.8538999557495117,28.0,2,0,0.3125,0.6875,2,0,0.3199999928474426,0.20000000298023224,3,0,0.0,0.0
18.55,18700,18700,6.233333,0,0.0,50,0,2.5,-1,0,10,3,-1.0,-1.0,-1.0,-1.0,6235944,1,2,2,2,1,1,1,1,1,0.0785721018910408,3.2542035579681396,4.689647674560547,0,0,0,0.0,0,0,7,0,1.463741660118103,8.61166763305664,0,-242584,0,0,0,0,0,0,0,0,0,0,0,1,0,2.0,-26.125,1,0,19.04439926147461,23.89739990234375,1,0,-1.8538999557495117,28.0,2,0,0.3125,0.6875,2,0,0.3199999928474426,0.20000000298023224,3,0,0.0,0.0
18.567,18750,18750,6.25,0,0.0,50,0,2.5,-1,0,10,3,-1.0,-1.0,-1.0,-1.0,6235944,1,2,2,2,1,1,1,1,1,0.07880735397338867,3.2555222511291504,4.690608501434326,0,0,0,0.0,0,0,7,0,1.4631236791610718,8.575797080993652,0,-243500,0,0,0,0,0,0,0,0,0,0,0,1,0,2.0,-26.125,1,0,19.04439926147461,23.89739990234375,1,0,-1.8538999557495117,28.0,2,0,0.3125,0.6875,2,0,0.3199999928474426,0.20000000298023224,3,0,0.0,0.0
18.584,18800,18800,6.266667,0,0.0,50,0,2.5,-1,0,10,3,-1.0,-1.0,-1.0,-1.0,6235944,1,2,2,2,1,1,1,1,1,0.07908843457698822,3.2570266723632812,4.691713809967041,0,0,0,0.0,0,0,7,0,1.4625098705291748,8.540300369262695,0,-244416,0,0,0,0,0,0,0,0,0,0,0,1,0,2.0,-26.125,1,0,19.04439926147461,23.89739990234375,1,0,-1.8538999557495117,28.0,2,0,0.3125,0.6875,2,0,0.3199999928474426,0.20000000298023224,3,0,0.0,0.0
18.602,18850,18850,6.283333,0,0.0,50,0,2.5,-1,0,10,3,-1.0,-1.0,-1.0,-1.0,6235944,1,2,2,2,1,1,1,1,1,0.0794067457318306,3.2586681842803955,4.692929267883301,0,0,0,0.0,0,0,7,0,1.4619003534317017,8.505176544189453,0,-246248,0,0,0,0,0,0,0,0,0,0,0,1,0,2.0,-26.125,1,0,19.04439926147461,23.89739990234375,1,0,-1.8538999557495117,28.0,2,0,0.3125,0.6875,2,0,0.3199999928474426,0.20000000298023224,3,0,0.0,0.0
18.619,18950,18950,6.316667,0,0.0,50,0,2.5,-1,0,10,3,-1.0,-1.0,-1.0,-1.0,6235944,1,2,2,2,1,1,1,1,1,0.08013387769460678,3.2621958255767822,4.695587635040283,0,0,0,0.0,0,0,7,0,1.4606950283050537,8.436043739318848,0,-247164,0,0,0,0,0,0,0,0,0,0,0,1,0,2.0,-26.125,1,0,19.04439926147461,23.89739990234375,1,0,-1.8538999557495117,28.0,2,0,0.3125,0.6875,2,0,0.3199999928474426,0.20000000298023224,3,0,0.0,0.0
18.637,19000,19000,6.333333,0,0.0,50,0,2.5,-1,0,10,3,-1.0,-1.0,-1.0,-1.0,6235944,1,2,2,2,1,1,1,1,1,0.0803651288151741,3.26326584815979,4.696402072906494,0,0,0,0.0,0,0,7,0,1.4600980281829834,8.402031898498535,0,-248080,0,0,0,0,0,0,0,0,0,0,0,1,0,2.0,-26.125,1,0,19.04439926147461,23.89739990234375,1,0,-1.8538999557495117,28.0,2,0,0.3125,0.6875,2,0,0.3199999928474426,0.20000000298023224,3,0,0.0,0.0
18.654,19050,19050,6.35,0,0.0,50,0,2.5,-1,0,10,3,-1.0,-1.0,-1.0,-1.0,6235944,1,2,2,2,1,1,1,1,1,0.08066176623106003,3.264585018157959,4.697420120239258,0,0,0,0.0,0,0,7,0,1.4595011472702026,8.36838436126709,0,-248996,0,0,0,0,0,0,0,0,0,0,0,1,0,2.0,-26.125,1,0,19.04439926147461,23.89739990234375,1,0,-1.8538999557495117,28.0,2,0,0.3125,0.6875,2,0,0.3199999928474426,0.20000000298023224,3,0,0.0,0.0
18.671,19100,19100,6.366667,0,0.0,50,0,2.5,-1,0,10,3,-1.0,-1.0,-1.0,-1.0,6235944,1,2,2,2,1,1,1,1,1,0.08101250976324081,3.266090154647827,4.6985955238342285,0,0,0,0.0,0,0,7,0,1.458901047706604,8.335097312927246,0,-249912,0,0,0,0,0,0,0,0,0,0,0,1,0,2.0,-26.125,1,0,19.04439926147461,23.89739990234375,1,0,-1.8538999557495117,28.0,2,0,0.3125,0.6875,2,0,0.3199999928474426,0.20000000298023224,3,0,0.0,0.0
18.689,19150,19150,6.383333,0,0.0,50,0,2.5,-1,0,10,3,-1.0,-1.0,-1.0,-1.0,6235944,1,2,2,2,1,1,1,1,1,0.08140680193901062,3.2677319049835205,4.699895858764648,0,0,0,0.0,0,0,7,0,1.4582946300506592,8.302165031433105,0,-250828,0,0,0,0,0,0,0,0,0,0,0,1,0,2.0,-26.125,1,0,19.04439926147461,23.89739990234375,1,0,-1.8538999557495117,28.0,2,0,0.3125,0.6875,2,0,0.3199999928474426,0.20000000298023224,3,0,0.0,0.0
18.706,19200,19200,6.4,0,0.0,50,0,2.5,-1,0,10,3,-1.0,-1.0,-1.0,-1.0,6235944,1,2,2,2,1,1,1,1,1,0.08183678239583969,3.2694640159606934,4.701286315917969,0,0,0,0.0,0,0,7,0,1.4576789140701294,8.269584655761719,0,-251744,0,0,0,0,0,0,0,0,0,0,0,1,0,2.0,-26.125,1,0,19.04439926147461,23.89739990234375,1,0,-1.8538999557495117,28.0,2,0,0.3125,0.6875,2,0,0.3199999928474426,0.20000000298023224,3,0,0.0,0.0
18.724,19250,19250,6.416667,0,0.0,50,0,2.5,-1,0,10,3,-1.0,-1.0,-1.0,-1.0,6235944,1,2,2,2,1,1,1,1,1,0.0822959691286087,3.27125883102417,4.70274543762207,0,0,0,0.0,0,0,7,0,1.457051157951355,8.237350463867188,0,-252660,0,0,0,0,0,0,0,0,0,0,0,1,0,2.0,-26.125,1,0,19.04439926147461,23.89739990234375,1,0,-1.8538999557495117,28.0,2,0,0.3125,0.6875,2,0,0.3199999928474426,0.20000000298023224,3,0,0.0,0.0
18.741,19300,19300,6.433333,0,0.0,50,0,2.5,-1,0,10,3,-1.0,-1.0,-1.0,-1.0,6235944,1,2,2,2,1,1,1,1,1,0.0825764536857605,3.2723286151885986,4.703622341156006,0,0,0,0.0,0,0,7,0,1.4564087390899658,8.205459594726562,0,-253576,0,0,0,0,0,0,0,0,0,0,0,1,0,2.0,-26.125,1,0,19.04439926147461,23.89739990234375,1,0,-1.8538999557495117,28.0,2,0,0.3125,0.6875,2,0,0.3199999928474426,0.20000000298023224,3,0,0.0,0.0
18.758,19350,19350,6.45,0,0.0,50,0,2.5,-1,0,10,3,-1.0,-1.0,-1.0,-1.0,6235944,1,2,2,2,1,1,1,1,1,0.0829332172870636,3.273646831512451,4.704720973968506,0,0,0,0.0,0,0,7,0,1.4557490348815918,8.173907279968262,0,-254492,0,0,0,0,0,0,0,0,0,0,0,1,0,2.0,-26.125,1,0,19.04439926147461,23.89739990234375,1,0,-1.8538999557495117,28.0,2,0,0.3125,0.6875,2,0,0.3199999928474426,0.20000000298023224,3,0,0.0,0.0
18.776,19400,19400,6.466667,0,0.0,50,0,2.5,-1,0,10,3,-1.0,-1.0,-1.0,-1.0,6235944,1,2,2,2,1,1,1,1,1,0.08335006982088089,3.275150775909424,4.705997943878174,0,0,0,0.0,0,0,7,0,1.455069661140442,8.14268970489502,0,-255408,0,0,0,0,0,0,0,0,0,0,0,1,0,2.0,-26.125,1,0,19.04439926147461,23.89739990234375,1,0,-1.8538999557495117,28.0,2,0,0.3125,0.6875,2,0,0.3199999928474426,0.20000000298023224,3,0,0.0,0.0
18.793,19450,19450,6.483333,0,0.0,50,0,2.5,-1,0,10,3,-1.0,-1.0,-1.0,-1.0,6235944,1,2,2,2,1,1,1,1,1,0.08381635695695877,3.2767910957336426,4.7074079513549805,0,0,0,0.0,0,0,7,0,1.4543683528900146,8.11180305480957,0,-256324,0,0,0,0,0,0,0,0,0,0,0,1,0,2.0,-26.125,1,0,19.04439926147461,23.89739990234375,1,0,-1.8538999557495117,28.0,2,0,0.3125,0.6875,2,0,0.3199999928474426,0.20000000298023224,3,0,0.0,0.0
18.81,19500,19500,6.5,0,0.0,50,0,2.5,-1,0,10,3,-1.0,-1.0,-1.0,-1.0,6235944,1,2,2,2,1,1,1,1,1,0.08432231843471527,3.2785212993621826,4.708919048309326,0,0,0,0.0,0,0,7,0,1.4536429643630981,8.081242561340332,0,-257240,0,0,0,0,0,0,0,0,0,0,0,1,0,2.0,-26.125,1,0,19.04439926147461,23.89739990234375,1,0,-1.8538999557495117,28.0,2,0,0.3125,0.6875,2,0,0.3199999928474426,0.20000000298023224,3,0,0.0,0.0
18.828,19550,19550,6.516667,0,0.0,50,0,2.5,-1,0,10,3,-1.0,-1.0,-1.0,-1.0,6235944,1,2,2,2,1,1,1,1,1,0.0848594456911087,3.280313491821289,4.710506916046143,0,0,0,0.0,0,0,7,0,1.45289146900177,8.051005363464355,0,-258156,0,0,0,0,0,0,0,0,0,0,0,1,0,2.0,-26.125,1,0,19.04439926147461,23.89739990234375,1,0,-1.8538999557495117,28.0,2,0,0.3125,0.6875,2,0,0.3199999928474426,0.20000000298023224,3,0,0.0,0.0
18.845,19600,19600,6.533333,0,0.0,50,0,2.5,-1,0,10,3,-1.0,-1.0,-1.0,-1.0,6235944,1,2,2,2,1,1,1,1,1,0.08518607914447784,3.281381368637085,4.71146297454834,0,0,0,0.0,0,0,7,0,1.4521119594573975,8.021087646484375,0,-259072,0,0,0,0,0,0,0,0,0,0,0,1,0,2.0,-26.125,1,0,19.04439926147461,23.89739990234375,1,0,-1.8538999557495117,28.0,2,0,0.3125,0.6875,2,0,0.3199999928474426,0.20000000298023224,3,0,0.0,0.0
18.862,19650,19650,6.55,0,0.0,50,0,2.5,-1,0,10,3,-1.0,-1.0,-1.0,-1.0,6235944,1,2,2,2,1,1,1,1,1,0.08559946715831757,3.282697916030884,4.712666988372803,0,0,0,0.0,0,0,7,0,1.4513025283813477,7.991485118865967,0,-259988,0,0,0,0,0,0,0,0,0,0,0,1,0,2.0,-26.125,1,0,19.04439926147461,23.89739990234375,1,0,-1.8538999557495117,28.0,2,0,0.3125,0.6875,2,0,0.3199999928474426,0.20000000298023224,3,0,0.0,0.0
18.879,19700,19700,6.566667,0,0.0,50,0,2.5,-1,0,10,3,-1.0,-1.0,-1.0,-1.0,6235944,1,2,2,2,1,1,1,1,1,0.0860821008682251,3.2841992378234863,4.7140607833862305,0,0,0,0.0,0,0,7,0,1.450461506843567,7.962194442749023,0,-260904,0,0,0,0,0,0,0,0,0,0,0,1,0,2.0,-26.125,1,0,19.04439926147461,23.89739990234375,1,0,-1.8538999557495117,28.0,2,0,0.3125,0.6875,2,0,0.3199999928474426,0.20000000298023224,3,0,0.0,0.0
18.896,19750,19750,6.583333,0,0.0,50,0,2.5,-1,0,10,3,-1.0,-1.0,-1.0,-1.0,6235944,1,2,2,2,1,1,1,1,1,0.08661762624979019,3.2858362197875977,4.715601444244385,0,0,0,0.0,0,0,7,0,1.449587345123291,7.933211803436279,0,-261820,0,0,0,0,0,0,0,0,0,0,0,1,0,2.0,-26.125,1,0,19.04439926147461,23.89739990234375,1,0,-1.8538999557495117,28.0,2,0,0.3125,0.6875,2,0,0.3199999928474426,0.20000000298023224,3,0,0.0,0.0
18.914,19800,19800,6.6,0,0.0,50,0,2.5,-1,0,10,3,-1.0,-1.0,-1.0,-1.0,6235944,1,2,2,2,1,1,1,1,1,0.0871962234377861,3.287562847137451,4.7172532081604,0,0,0,0.0,0,0,7,0,1.4486783742904663,7.904533863067627,0,-262736,0,0,0,0,0,0,0,0,0,0,0,1,0,2.0,-26.125,1,0,19.04439926147461,23.89739990234375,1,0,-1.8538999557495117,28.0,2,0,0.3125,0.6875,2,0,0.3199999928474426,0.20000000298023224,3,0,0.0,0.0
18.931,19850,19850,6.616667,0,0.0,50,0,2.5,-1,0,10,3,-1.0,-1.0,-1.0,-1.0,6235944,1,2,2,2,1,1,1,1,1,0.08780846744775772,3.289350986480713,4.718993186950684,0,0,0,0.0,0,0,7,0,1.4477332830429077,7.876156806945801,0,-263652,0,0,0,0,0,0,0,0,0,0,0,1,0,2.0,-26.125,1,0,19.04439926147461,23.89739990234375,1,0,-1.8538999557495117,28.0,2,0,0.3125,0.6875,2,0,0.3199999928474426,0.20000000298023224,3,0,0.0,0.0
18.949,19900,19900,6.633333,0,0.0,50,0,2.5,-1,0,10,3,-1.0,-1.0,-1.0,-1.0,6235944,1,2,2,2,1,1,1,1,1,0.08817959576845169,3.2904164791107178,4.7200422286987305,0,0,0,0.0,0,0,7,0,1.4467507600784302,7.848077774047852,0,-264568,0,0,0,0,0,0,0,0,0,0,0,1,0,2.0,-26.125,1,0,19.04439926147461,23.89739990234375,1,0,-1.8538999557495117,28.0,2,0,0.3125,0.6875,2,0,0.3199999928474426,0.20000000298023224,3,0,0.0,0.0
18.966,19950,19950,6.65,0,0.0,50,0,2.5,-1,0,10,3,-1.0,-1.0,-1.0,-1.0,6235944,1,2,2,2,1,1,1,1,1,0.08864714950323105,3.291729211807251,4.7213568687438965,0,0,0,0.0,0,0,7,0,1.4457294940948486,7.820292949676514,0,-265484,0,0,0,0,0,0,0,0,0,0,0,1,0,2.0,-26.125,1,0,19.04439926147461,23.89739990234375,1,0,-1.8538999557495117,28.0,2,0,0.3125,0.6875,2,0,0.3199999928474426,0.20000000298023224,3,0,0.0,0.0
18.984,20000,20000,6.666667,0,0.0,50,0,2.5,-1,0,10,3,-1.0,-1.0,-1.0,-1.0,6235944,1,2,2,2,1,1,1,1,1,0.08919120579957962,3.293229818344116,4.722879409790039,0,0,0,0.0,0,0,7,0,1.4446682929992676,7.79279899597168,0,-266400,0,0,0,0,0,0,0,0,0,0,0,1,0,2.0,-26.125,1,0,19.04439926147461,23.89739990234375,1,0,-1.8538999557495117,28.0,2,0,0.3125,0.6875,2,0,0.3199999928474426,0.20000000298023224,3,0,0.0,0.0
19.001,20050,20050,6.683333,0,0.0,50,0,2.5,-1,0,10,3,-1.0,-1.0,-1.0,-1.0,6235944,1,2,2,2,1,1,1,1,1,0.08979486674070358,3.294861078262329,4.72456169128418,0,0,0,0.0,0,0,7,0,1.4435662031173706,7.7655930519104,0,-267316,0,0,0,0,0,0,0,0,0,0,0,1,0,2.0,-26.125,1,0,19.04439926147461,23.89739990234375,1,0,-1.8538999557495117,28.0,2,0,0.3125,0.6875,2,0,0.3199999928474426,0.20000000298023224,3,0,0.0,0.0
19.018,20100,20100,6.7,0,0.0,50,0,2.5,-1,0,10,3,-1.0,-1.0,-1.0,-1.0,6235944,1,2,2,2,1,1,1,1,1,0.09044285118579865,3.296581506729126,4.726368427276611,0,0,0,0.0,0,0,7,0,1.4424221515655518,7.73867130279541,0,-268232,0,0,0,0,0,0,0,0,0,0,0,1,0,2.0,-26.125,1,0,19.04439926147461,23.89739990234375,1,0,-1.8538999557495117,28.0,2,0,0.3125,0.6875,2,0,0.3199999928474426,0.20000000298023224,3,0,0.0,0.0
19.035,20150,20150,6.716667,0,0.0,50,0,2.5,-1,0,10,3,-1.0,-1.0,-1.0,-1.0,6235944,1,2,2,2,1,1,1,1,1,0.0915396511554718,3.299423933029175,4.729409217834473,0,0,0,0.0,0,0,7,0,1.4400047063827515,7.685669422149658,0,-270064,0,0,0,0,0,0,0,0,0,0,0,1,0,2.0,-26.125,1,0,19.04439926147461,23.89739990234375,1,0,-1.8538999557495117,28.0,2,0,0.3125,0.6875,2,0,0.3199999928474426,0.20000000298023224,3,0,0.0,0.0
19.053,20250,20250,6.75,0,0.0,50,0,2.5,-1,0,10,3,-1.0,-1.0,-1.0,-1.0,6235944,1,2,2,2,1,1,1,1,1,0.09205921739339828,3.300731658935547,4.730840682983398,0,0,0,0.0,0,0,7,0,1.4387296438217163,7.659582614898682,0,-270980,0,0,0,0,0,0,0,0,0,0,0,1,0,2.0,-26.125,1,0,19.04439926147461,23.89739990234375,1,0,-1.8538999557495117,28.0,2,0,0.3125,0.6875,2,0,0.3199999928474426,0.20000000298023224,3,0,0.0,0.0
19.07,20300,20300,6.766667,0,0.0,50,0,2.5,-1,0,10,3,-1.0,-1.0,-1.0,-1.0,6235944,1,2,2,2,1,1,1,1,1,0.09266214072704315,3.3022263050079346,4.73249626159668,0,0,0,0.0,0,0,7,0,1.4374094009399414,7.633768081665039,0,-271896,0,0,0,0,0,0,0,0,0,0,0,1,0,2.0,-26.125,1,0,19.04439926147461,23.89739990234375,1,0,-1.8538999557495117,28.0,2,0,0.3125,0.6875,2,0,0.3199999928474426,0.20000000298023224,3,0,0.0,0.0
19.088,20350,20350,6.783333,0,0.0,50,0,2.5,-1,0,10,3,-1.0,-1.0,-1.0,-1.0,6235944,1,2,2,2,1,1,1,1,1,0.09332963079214096,3.3038504123687744,4.734323024749756,0,0,0,0.0,0,0,7,0,1.4360432624816895,7.608222484588623,0,-272812,0,0,0,0,0,0,0,0,0,0,0,1,0,2.0,-26.125,1,0,19.04439926147461,23.89739990234375,1,0,-1.8538999557495117,28.0,2,0,0.3125,0.6875,2,0,0.3199999928474426,0.20000000298023224,3,0,0.0,0.0
19.105,20400,20400,6.8,0,0.0,50,0,2.5,-1,0,10,3,-1.0,-1.0,-1.0,-1.0,6235944,1,2,2,2,1,1,1,1,1,0.09404567629098892,3.305563449859619,4.736281394958496,0,0,0,0.0,0,0,7,0,1.4346307516098022,7.582942962646484,0,-273728,0,0,0,0,0,0,0,0,0,0,0,1,0,2.0,-26.125,1,0,19.04439926147461,23.89739990234375,1,0,-1.8538999557495117,28.0,2,0,0.3125,0.6875,2,0,0.3199999928474426,0.20000000298023224,3,0,0.0,0.0
19.122,20450,20450,6.816667,0,0.0,50,0,2.5,-1,0,10,3,-1.0,-1.0,-1.0,-1.0,6235944,1,2,2,2,1,1,1,1,1,0.09479739516973495,3.3073370456695557,4.7383317947387695,0,0,0,0.0,0,0,7,0,1.4331713914871216,7.557927131652832,0,-274644,0,0,0,0,0,0,0,0,0,0,0,1,0,2.0,-26.125,1,0,19.04439926147461,23.89739990234375,1,0,-1.8538999557495117,28.0,2,0,0.3125,0.6875,2,0,0.3199999928474426,0.20000000298023224,3,0,0.0,0.0
19.139,20500,20500,6.833333,0,0.0,50,0,2.5,-1,0,10,3,-1.0,-1.0,-1.0,-1.0,6235944,1,2,2,2,1,1,1,1,1,0.09525098651647568,3.3083932399749756,4.739566326141357,0,0,0,0.0,0,0,7,0,1.4316647052764893,7.533171653747559,0,-275560,0,0,0,0,0,0,0,0,0,0,0,1,0,2.0,-26.125,1,0,19.04439926147461,23.89739990234375,1,0,-1.8538999557495117,28.0,2,0,0.3125,0.6875,2,0,0.3199999928474426,0.20000000298023224,3,0,0.0,0.0
19.156,20550,20550,6.85,0,0.0,50,0,2.5,-1,0,10,3,-1.0,-1.0,-1.0,-1.0,6235944,1,2,2,2,1,1,1,1,1,0.09582047909498215,3.309694766998291,4.741109371185303,0,0,0,0.0,0,0,7,0,1.430110216140747,7.508674144744873,0,-276476,0,0,0,0,0,0,0,0,0,0,0,1,0,2.0,-26.125,1,0,19.04439926147461,23.89739990234375,1,0,-1.8538999557495117,28.0,2,0,0.3125,0.6875,2,0,0.3199999928474426,0.20000000298023224,3,0,0.0,0.0
19.174,20600,20600,6.866667,0,0.0,50,0,2.5,-1,0,10,3,-1.0,-1.0,-1.0,-1.0,6235944,1,2,2,2,1,1,1,1,1,0.09647970646619797,3.3111820220947266,4.74289083480835,0,0,0,0.0,0,0,7,0,1.4285075664520264,7.484431266784668,0,-277392,0,0,0,0,0,0,0,0,0,0,0,1,0,2.0,-26.125,1,0,19.04439926147461,23.89739990234375,1,0,-1.8538999557495117,28.0,2,0,0.3125,0.6875,2,0,0.3199999928474426,0.20000000298023224,3,0,0.0,0.0
19.191,20650,20650,6.883333,0,0.0,50,0,2.5,-1,0,10,3,-1.0,-1.0,-1.0,-1.0,6235944,1,2,2,2,1,1,1,1,1,0.09720826894044876,3.312798023223877,4.744855880737305,0,0,0,0.0,0,0,7,0,1.426856517791748,7.460440635681152,0,-278308,0,0,0,0,0,0,0,0,0,0,0,1,0,2.0,-26.125,1,0,19.04439926147461,23.89739990234375,1,0,-1.8538999557495117,28.0,2,0,0.3125,0.6875,2,0,0.3199999928474426,0.20000000298023224,3,0,0.0,0.0
19.209,20700,20700,6.9,0,0.0,50,0,2.5,-1,0,10,3,-1.0,-1.0,-1.0,-1.0,6235944,1,2,2,2,1,1,1,1,1,0.09798842668533325,3.314502000808716,4.746952533721924,0,0,0,0.0,0,0,7,0,1.425156831741333,7.436699390411377,0,-279224,0,0,0,0,0,0,0,0,0,0,0,1,0,2.0,-26.125,1,0,19.04439926147461,23.89739990234375,1,0,-1.8538999557495117,28.0,2,0,0.3125,0.6875,2,0,0.3199999928474426,0.20000000298023224,3,0,0.0,0.0
19.226,20750,20750,6.916667,0,0.0,50,0,2.5,-1,0,10,3,-1.0,-1.0,-1.0,-1.0,6235944,1,2,2,2,1,1,1,1,1,0.09880692511796951,3.3162660598754883,4.749144077301025,0,0,0,0.0,0,0,7,0,1.4234082698822021,7.413204669952393,0,-280140,0,0,0,0,0,0,0,0,0,0,0,1,0,2.0,-26.125,1,0,19.04439926147461,23.89739990234375,1,0,-1.8538999557495117,28.0,2,0,0.3125,0.6875,2,0,0.3199999928474426,0.20000000298023224,3,0,0.0,0.0
19.244,20800,20800,6.933333,0,0.0,50,0,2.5,-1,0,10,3,-1.0,-1.0,-1.0,-1.0,6235944,1,2,2,2,1,1,1,1,1,0.09930018335580826,3.3173165321350098,4.750461578369141,0,0,0,0.0,0,0,7,0,1.421610713005066,7.389954566955566,0,-281056,0,0,0,0,0,0,0,0,0,0,0,1,0,2.0,-26.125,1,0,19.04439926147461,23.89739990234375,1,0,-1.8538999557495117,28.0,2,0,0.3125,0.6875,2,0,0.3199999928474426,0.20000000298023224,3,0,0.0,0.0
19.261,20850,20850,6.95,0,0.0,50,0,2.5,-1,0,10,3,-1.0,-1.0,-1.0,-1.0,6235944,1,2,2,2,1,1,1,1,1,0.09991797804832458,3.318610429763794,4.752103328704834,0,0,0,0.0,0,0,7,0,1.4197640419006348,7.366945743560791,0,-281972,0,0,0,0,0,0,0,0,0,0,0,1,0,2.0,-26.125,1,0,19.04439926147461,23.89739990234375,1,0,-1.8538999557495117,28.0,2,0,0.3125,0.6875,2,0,0.3199999928474426,0.20000000298023224,3,0,0.0,0.0
19.278,20900,20900,6.966667,0,0.0,50,0,2.5,-1,0,10,3,-1.0,-1.0,-1.0,-1.0,6235944,1,2,2,2,1,1,1,1,1,0.10063058882951736,3.3200886249542236,4.753996849060059,0,0,0,0.0,0,0,7,0,1.4178682565689087,7.344175815582275,0,-282888,0,0,0,0,0,0,0,0,0,0,0,1,0,2.0,-26.125,1,0,19.04439926147461,23.89739990234375,1,0,-1.8538999557495117,28.0,2,0,0.3125,0.6875,2,0,0.3199999928474426,0.20000000298023224,3,0,0.0,0.0
19.295,20950,20950,6.983333,0,0.0,50,0,2.5,-1,0,10,3,-1.0,-1.0,-1.0,-1.0,6235944,1,2,2,2,1,1,1,1,1,0.10141713917255402,3.3216946125030518,4.756074905395508,0,0,0,0.0,0,0,7,0,1.4159233570098877,7.3216423988342285,0,-283804,0,0,0,0,0,0,0,0,0,0,0,1,0,2.0,-26.125,1,0,19.04439926147461,23.89739990234375,1,0,-1.8538999557495117,28.0,2,0,0.3125,0.6875,2,0,0.3199999928474426,0.20000000298023224,3,0,0.0,0.0
19.313,21000,21000,7.0,0,0.0,50,0,2.5,-1,0,10,3,-1.0,-1.0,-1.0,-1.0,6235944,1,2,2,2,1,1,1,1,1,0.10225819796323776,3.323387622833252,4.7582855224609375,0,0,0,0.0,0,0,7,0,1.4139293432235718,7.299343109130859,0,-284720,0,0,0,0,0,0,0,0,0,0,0,1,0,2.0,-26.125,1,0,19.04439926147461,23.89739990234375,1,0,-1.8538999557495117,28.0,2,0,0.3125,0.6875,2,0,0.3199999928474426,0.20000000298023224,3,0,0.0,0.0
19.33,21050,21050,7.016667,0,0.0,50,0,2.5,-1,0,10,3,-1.0,-1.0,-1.0,-1.0,6235944,1,2,2,2,1,1,1,1,1,0.10313943028450012,3.3251399993896484,4.760592460632324,0,0,0,0.0,0,0,7,0,1.411886215209961,7.277275562286377,0,-285636,0,0,0,0,0,0,0,0,0,0,0,1,0,2.0,-26.125,1,0,19.04439926147461,23.89739990234375,1,0,-1.8538999557495117,28.0,2,0,0.3125,0.6875,2,0,0.3199999928474426,0.20000000298023224,3,0,0.0,0.0
19.347,21100,21100,7.033333,0,0.0,50,0,2.5,-1,0,10,3,-1.0,-1.0,-1.0,-1.0,6235944,1,2,2,2,1,1,1,1,1,0.10366982221603394,3.326183319091797,4.761977195739746,0,0,0,0.0,0,0,7,0,1.4097942113876343,7.25543737411499,0,-286552,0,0,0,0,0,0,0,0,0,0,0,1,0,2.0,-26.125,1,0,19.04439926147461,23.89739990234375,1,0,-1.8538999557495117,28.0,2,0,0.3125,0.6875,2,0,0.3199999928474426,0.20000000298023224,3,0,0.0,0.0
19.365,21150,21150,7.05,0,0.0,50,0,2.5,-1,0,10,3,-1.0,-1.0,-1.0,-1.0,6235944,1,2,2,2,1,1,1,1,1,0.10433336347341537,3.3274683952331543,4.76370096206665,0,0,0,0.0,0,0,7,0,1.4076534509658813,7.233826160430908,0,-287468,0,0,0,0,0,0,0,0,0,0,0,1,0,2.0,-26.125,1,0,19.04439926147461,23.89739990234375,1,0,-1.8538999557495117,28.0,2,0,0.3125,0.6875,2,0,0.3199999928474426,0.20000000298023224,3,0,0.0,0.0
19.382,21200,21200,7.066667,0,0.0,50,0,2.5,-1,0,10,3,-1.0,-1.0,-1.0,-1.0,6235944,1,2,2,2,1,1,1,1,1,0.10509897023439407,3.3289363384246826,4.7656779289245605,0,0,0,0.0,0,0,7,0,1.4054640531539917,7.212439060211182,0,-288384,0,0,0,0,0,0,0,0,0,0,0,1,0,2.0,-26.125,1,0,19.04439926147461,23.89739990234375,1,0,-1.8538999557495117,28.0,2,0,0.3125,0.6875,2,0,0.3199999928474426,0.20000000298023224,3,0,0.0,0.0
19.399,21250,21250,7.083333,0,0.0,50,0,2.5,-1,0,10,3,-1.0,-1.0,-1.0,-1.0,6235944,1,2,2,2,1,1,1,1,1,0.10594155639410019,3.3305306434631348,4.767841815948486,0,0,0,0.0,0,0,7,0,1.4032262563705444,7.191274166107178,0,-289300,0,0,0,0,0,0,0,0,0,0,0,1,0,2.0,-26.125,1,0,19.04439926147461,23.89739990234375,1,0,-1.8538999557495117,28.0,2,0,0.3125,0.6875,2,0,0.3199999928474426,0.20000000298023224,3,0,0.0,0.0
19.417,21300,21300,7.1,0,0.0,50,0,2.5,-1,0,10,3,-1.0,-1.0,-1.0,-1.0,6235944,1,2,2,2,1,1,1,1,1,0.1068413257598877,3.3322110176086426,4.770138740539551,0,0,0,0.0,0,0,7,0,1.4009402990341187,7.1703290939331055,0,-290216,0,0,0,0,0,0,0,0,0,0,0,1,0,2.0,-26.125,1,0,19.04439926147461,23.89739990234375,1,0,-1.8538999557495117,28.0,2,0,0.3125,0.6875,2,0,0.3199999928474426,0.20000000298023224,3,0,0.0,0.0
19.434,21350,21350,7.116667,0,0.0,50,0,2.5,-1,0,10,3,-1.0,-1.0,-1.0,-1.0,6235944,1,2,2,2,1,1,1,1,1,0.10778291523456573,3.3339498043060303,4.772529602050781,0,0,0,0.0,0,0,7,0,1.3986064195632935,7.149601936340332,0,-291132,0,0,0,0,0,0,0,0,0,0,0,1,0,2.0,-26.125,1,0,19.04439926147461,23.89739990234375,1,0,-1.8538999557495117,28.0,2,0,0.3125,0.6875,2,0,0.3199999928474426,0.20000000298023224,3,0,0.0,0.0
19.451,21400,21400,7.133333,0,0.0,50,0,2.5,-1,0,10,3,-1.0,-1.0,-1.0,-1.0,6235944,1,2,2,2,1,1,1,1,1,0.1083490401506424,3.33498477935791,4.773962020874023,0,0,0,0.0,0,0,7,0,1.396224856376648,7.129090309143066,0,-292048,0,0,0,0,0,0,0,0,0,0,0,1,0,2.0,-26.125,1,0,19.04439926147461,23.89739990234375,1,0,-1.8538999557495117,28.0,2,0,0.3125,0.6875,2,0,0.3199999928474426,0.20000000298023224,3,0,0.0,0.0
19.469,21500,21500,7.166667,0,0.0,50,0,2.5,-1,0,10,3,-1.0,-1.0,-1.0,-1.0,6235944,1,2,2,2,1,1,1,1,1,0.10987235605716705,3.3377153873443604,4.777763843536377,0,0,0,0.0,0,0,7,0,1.3913203477859497,7.0887041091918945,0,-293880,0,0,0,0,0,0,0,0,0,0,0,1,0,2.0,-26.125,1,0,19.04439926147461,23.89739990234375,1,0,-1.8538999557495117,28.0,2,0,0.3125,0.6875,2,0,0.3199999928474426,0.20000000298023224,3,0,0.0,0.0
19.486,21550,21550,7.183333,0,0.0,50,0,2.5,-1,0,10,3,-1.0,-1.0,-1.0,-1.0,6235944,1,2,2,2,1,1,1,1,1,0.11077035963535309,3.339296579360962,4.779979228973389,0,0,0,0.0,0,0,7,0,1.3887979984283447,7.0688252449035645,0,-294796,0,0,0,0,0,0,0,0,0,0,0,1,0,2.0,-26.125,1,0,19.04439926147461,23.89739990234375,1,0,-1.8538999557495117,28.0,2,0,0.3125,0.6875,2,0,0.3199999928474426,0.20000000298023224,3,0,0.0,0.0
19.504,21600,21600,7.2,0,0.0,50,0,2.5,-1,0,10,3,-1.0,-1.0,-1.0,-1.0,6235944,1,2,2,2,1,1,1,1,1,0.11172674596309662,3.340965986251831,4.7823286056518555,0,0,0,0.0,0,0,7,0,1.3862295150756836,7.049152851104736,0,-295712,0,0,0,0,0,0,0,0,0,0,0,1,0,2.0,-26.125,1,0,19.04439926147461,23.89739990234375,1,0,-1.8538999557495117,28.0,2,0,0.3125,0.6875,2,0,0.3199999928474426,0.20000000298023224,3,0,0.0,0.0
19.521,21650,21650,7.216667,0,0.0,50,0,2.5,-1,0,10,3,-1.0,-1.0,-1.0,-1.0,6235944,1,2,2,2,1,1,1,1,1,0.11272652447223663,3.34268856048584,4.784761905670166,0,0,0,0.0,0,0,7,0,1.3836153745651245,7.029685020446777,0,-296628,0,0,0,0,0,0,0,0,0,0,0,1,0,2.0,-26.125,1,0,19.04439926147461,23.89739990234375,1,0,-1.8538999557495117,28.0,2,0,0.3125,0.6875,2,0,0.3199999928474426,0.20000000298023224,3,0,0.0,0.0
19.539,21700,21700,7.233333,0,0.0,50,0,2.5,-1,0,10,3,-1.0,-1.0,-1.0,-1.0,6235944,1,2,2,2,1,1,1,1,1,0.11332710087299347,3.3437137603759766,4.786216735839844,0,0,0,0.0,0,0,7,0,1.3809559345245361,7.010419845581055,0,-297544,0,0,0,0,0,0,0,0,0,0,0,1,0,2.0,-26.125,1,0,19.04439926147461,23.89739990234375,1,0,-1.8538999557495117,28.0,2,0,0.3125,0.6875,2,0,0.3199999928474426,0.20000000298023224,3,0,0.0,0.0
19.556,21750,21750,7.25,0,0.0,50,0,2.5,-1,0,10,3,-1.0,-1.0,-1.0,-1.0,6235944,1,2,2,2,1,1,1,1,1,0.1140773668885231,3.3449764251708984,4.788012504577637,0,0,0,0.0,0,0,7,0,1.3782516717910767,6.9913554191589355,0,-298460,0,0,0,0,0,0,0,0,0,0,0,1,0,2.0,-26.125,1,0,19.04439926147461,23.89739990234375,1,0,-1.8538999557495117,28.0,2,0,0.3125,0.6875,2,0,0.3199999928474426,0.20000000298023224,3,0,0.0,0.0
19.573,21800,21800,7.266667,0,0.0,50,0,2.5,-1,0,10,3,-1.0,-1.0,-1.0,-1.0,6235944,1,2,2,2,1,1,1,1,1,0.11494133621454239,3.3464183807373047,4.7900614738464355,0,0,0,0.0,0,0,7,0,1.3755030632019043,6.972489356994629,0,-299376,0,0,0,0,0,0,0,0,0,0,0,1,0,2.0,-26.125,1,0,19.04439926147461,23.89739990234375,1,0,-1.8538999557495117,28.0,2,0,0.3125,0.6875,2,0,0.3199999928474426,0.20000000298023224,3,0,0.0,0.0
19.591,21850,21850,7.283333,0,0.0,50,0,2.5,-1,0,10,3,-1.0,-1.0,-1.0,-1.0,6235944,1,2,2,2,1,1,1,1,1,0.11589188873767853,3.3479840755462646,4.792295932769775,0,0,0,0.0,0,0,7,0,1.3727105855941772,6.953819751739502,0,-300292,0,0,0,0,0,0,0,0,0,0,0,1,0,2.0,-26.125,1,0,19.04439926147461,23.89739990234375,1,0,-1.8538999557495117,28.0,2,0,0.3125,0.6875,2,0,0.3199999928474426,0.20000000298023224,3,0,0.0,0.0
19.608,21900,21900,7.3,0,0.0,50,0,2.5,-1,0,10,3,-1.0,-1.0,-1.0,-1.0,6235944,1,2,2,2,1,1,1,1,1,0.11690446734428406,3.349637269973755,4.794652938842773,0,0,0,0.0,0,0,7,0,1.3698747158050537,6.935344219207764,0,-301208,0,0,0,0,0,0,0,0,0,0,0,1,0,2.0,-26.125,1,0,19.04439926147461,23.89739990234375,1,0,-1.8538999557495117,28.0,2,0,0.3125,0.6875,2,0,0.3199999928474426,0.20000000298023224,3,0,0.0,0.0
19.625,21950,21950,7.316667,0,0.0,50,0,2.5,-1,0,10,3,-1.0,-1.0,-1.0,-1.0,6235944,1,2,2,2,1,1,1,1,1,0.11796063184738159,3.3513429164886475,4.797088623046875,0,0,0,0.0,0,0,7,0,1.3669960498809814,6.9170613288879395,0,-302124,0,0,0,0,0,0,0,0,0,0,0,1,0,2.0,-26.125,1,0,19.04439926147461,23.89739990234375,1,0,-1.8538999557495117,28.0,2,0,0.3125,0.6875,2,0,0.3199999928474426,0.20000000298023224,3,0,0.0,0.0
19.643,22000,22000,7.333333,0,0.0,50,0,2.5,-1,0,10,3,-1.0,-1.0,-1.0,-1.0,6235944,1,2,2,2,1,1,1,1,1,0.11859460175037384,3.352357864379883,4.798541069030762,0,0,0,0.0,0,0,7,0,1.3640751838684082,6.8989691734313965,0,-303040,0,0,0,0,0,0,0,0,0,0,0,1,0,2.0,-26.125,1,0,19.04439926147461,23.89739990234375,1,0,-1.8538999557495117,28.0,2,0,0.3125,0.6875,2,0,0.3199999928474426,0.20000000298023224,3,0,0.0,0.0
19.66,22050,22050,7.35,0,0.0,50,0,2.5,-1,0,10,3,-1.0,-1.0,-1.0,-1.0,6235944,1,2,2,2,1,1,1,1,1,0.11938615143299103,3.353607416152954,4.800328254699707,0,0,0,0.0,0,0,7,0,1.3611125946044922,6.881065368652344,0,-303956,0,0,0,0,0,0,0,0,0,0,0,1,0,2.0,-26.125,1,0,19.04439926147461,23.89739990234375,1,0,-1.8538999557495117,28.0,2,0,0.3125,0.6875,2,0,0.3199999928474426,0.20000000298023224,3,0,0.0,0.0
19.678,22100,22100,7.366667,0,0.0,50,0,2.5,-1,0,10,3,-1.0,-1.0,-1.0,-1.0,6235944,1,2,2,2,1,1,1,1,1,0.12029694765806198,3.355034351348877,4.8023681640625,0,0,0,0.0,0,0,7,0,1.3581088781356812,6.863348007202148,0,-304872,0,0,0,0,0,0,0,0,0,0,0,1,0,2.0,-26.125,1,0,19.04439926147461,23.89739990234375,1,0,-1.8538999557495117,28.0,2,0,0.3125,0.6875,2,0,0.3199999928474426,0.20000000298023224,3,0,0.0,0.0
19.695,22150,22150,7.383333,0,0.0,50,0,2.5,-1,0,10,3,-1.0,-1.0,-1.0,-1.0,6235944,1,2,2,2,1,1,1,1,1,0.12129857391119003,3.356583833694458,4.8045806884765625,0,0,0,0.0,0,0,7,0,1.3550647497177124,6.845815658569336,0,-305788,0,0,0,0,0,0,0,0,0,0,0,1,0,2.0,-26.125,1,0,19.04439926147461,23.89739990234375,1,0,-1.8538999557495117,28.0,2,0,0.3125,0.6875,2,0,0.3199999928474426,0.20000000298023224,3,0,0.0,0.0
19.712,22200,22200,7.4,0,0.0,50,0,2.5,-1,0,10,3,-1.0,-1.0,-1.0,-1.0,6235944,1,2,2,2,1,1,1,1,1,0.12236475199460983,3.3582191467285156,4.8069071769714355,0,0,0,0.0,0,0,7,0,1.3519806861877441,6.828465938568115,0,-306704,0,0,0,0,0,0,0,0,0,0,0,1,0,2.0,-26.125,1,0,19.04439926147461,23.89739990234375,1,0,-1.8538999557495117,28.0,2,0,0.3125,0.6875,2,0,0.3199999928474426,0.20000000298023224,3,0,0.0,0.0
19.729,22250,22250,7.416667,0,0.0,50,0,2.5,-1,0,10,3,-1.0,-1.0,-1.0,-1.0,6235944,1,2,2,2,1,1,1,1,1,0.12347710132598877,3.359905958175659,4.809304714202881,0,0,0,0.0,0,0,7,0,1.3488574028015137,6.811297416687012,0,-307620,0,0,0,0,0,0,0,0,0,0,0,1,0,2.0,-26.125,1,0,19.04439926147461,23.89739990234375,1,0,-1.8538999557495117,28.0,2,0,0.3125,0.6875,2,0,0.3199999928474426,0.20000000298023224,3,0,0.0,0.0
19.747,22300,22300,7.433333,0,0.0,50,0,2.5,-1,0,10,3,-1.0,-1.0,-1.0,-1.0,6235944,1,2,2,2,1,1,1,1,1,0.12414450943470001,3.3609094619750977,4.810730934143066,0,0,0,0.0,0,0,7,0,1.3456954956054688,6.794308185577393,0,-308536,0,0,0,0,0,0,0,0,0,0,0,1,0,2.0,-26.125,1,0,19.04439926147461,23.89739990234375,1,0,-1.8538999557495117,28.0,2,0,0.3125,0.6875,2,0,0.3199999928474426,0.20000000298023224,3,0,0.0,0.0
19.764,22350,22350,7.45,0,0.0,50,0,2.5,-1,0,10,3,-1.0,-1.0,-1.0,-1.0,6235944,1,2,2,2,1,1,1,1,1,0.12497708201408386,3.362144947052002,4.812486171722412,0,0,0,0.0,0,0,7,0,1.3424955606460571,6.777496337890625,0,-309452,0,0,0,0,0,0,0,0,0,0,0,1,0,2.0,-26.125,1,0,19.04439926147461,23.89739990234375,1,0,-1.8538999557495117,28.0,2,0,0.3125,0.6875,2,0,0.3199999928474426,0.20000000298023224,3,0,0.0,0.0
19.782,22400,22400,7.466667,0,0.0,50,0,2.5,-1,0,10,3,-1.0,-1.0,-1.0,-1.0,6235944,1,2,2,2,1,1,1,1,1,0.12593306601047516,3.363555431365967,4.814478397369385,0,0,0,0.0,0,0,7,0,1.3392583131790161,6.760859966278076,0,-310368,0,0,0,0,0,0,0,0,0,0,0,1,0,2.0,-26.125,1,0,19.04439926147461,23.89739990234375,1,0,-1.8538999557495117,28.0,2,0,0.3125,0.6875,2,0,0.3199999928474426,0.20000000298023224,3,0,0.0,0.0
19.799,22450,22450,7.483333,0,0.0,50,0,2.5,-1,0,10,3,-1.0,-1.0,-1.0,-1.0,6235944,1,2,2,2,1,1,1,1,1,0.12698395550251007,3.365086317062378,4.816634654998779,0,0,0,0.0,0,0,7,0,1.3359843492507935,6.744397163391113,0,-311284,0,0,0,0,0,0,0,0,0,0,0,1,0,2.0,-26.125,1,0,19.04439926147461,23.89739990234375,1,0,-1.8538999557495117,28.0,2,0,0.3125,0.6875,2,0,0.3199999928474426,0.20000000298023224,3,0,0.0,0.0
19.816,22500,22500,7.5,0,0.0,50,0,2.5,-1,0,10,3,-1.0,-1.0,-1.0,-1.0,6235944,1,2,2,2,1,1,1,1,1,0.12810227274894714,3.3667023181915283,4.818898677825928,0,0,0,0.0,0,0,7,0,1.3326743841171265,6.728106498718262,0,-312200,0,0,0,0,0,0,0,0,0,0,0,1,0,2.0,-26.125,1,0,19.04439926147461,23.89739990234375,1,0,-1.8538999557495117,28.0,2,0,0.3125,0.6875,2,0,0.3199999928474426,0.20000000298023224,3,0,0.0,0.0
19.833,22550,22550,7.516667,0,0.0,50,0,2.5,-1,0,10,3,-1.0,-1.0,-1.0,-1.0,6235944,1,2,2,2,1,1,1,1,1,0.12926839292049408,3.368368625640869,4.821229457855225,0,0,0,0.0,0,0,7,0,1.329329013824463,6.711986064910889,0,-313116,0,0,0,0,0,0,0,0,0,0,0,1,0,2.0,-26.125,1,0,19.04439926147461,23.89739990234375,1,0,-1.8538999557495117,28.0,2,0,0.3125,0.6875,2,0,0.3199999928474426,0.20000000298023224,3,0,0.0,0.0
19.851,22600,22600,7.533333,0,0.0,50,0,2.5,-1,0,10,3,-1.0,-1.0,-1.0,-1.0,6235944,1,2,2,2,1,1,1,1,1,0.12996771931648254,3.3693599700927734,4.82261323928833,0,0,0,0.0,0,0,7,0,1.3259490728378296,6.6960344314575195,0,-314032,0,0,0,0,0,0,0,0,0,0,0,1,0,2.0,-26.125,1,0,19.04439926147461,23.89739990234375,1,0,-1.8538999557495117,28.0,2,0,0.3125,0.6875,2,0,0.3199999928474426,0.20000000298023224,3,0,0.0,0.0
19.868,22650,22650,7.55,0,0.0,50,0,2.5,-1,0,10,3,-1.0,-1.0,-1.0,-1.0,6235944,1,2,2,2,1,1,1,1,1,0.13083967566490173,3.370579957962036,4.824307918548584,0,0,0,0.0,0,0,7,0,1.3225350379943848,6.6802496910095215,0,-314948,0,0,0,0,0,0,0,0,0,0,0,1,0,2.0,-26.125,1,0,19.04439926147461,23.89739990234375,1,0,-1.8538999557495117,28.0,2,0,0.3125,0.6875,2,0,0.3199999928474426,0.20000000298023224,3,0,0.0,0.0
19.885,22700,22700,7.566667,0,0.0,50,0,2.5,-1,0,10,3,-1.0,-1.0,-1.0,-1.0,6235944,1,2,2,2,1,1,1,1,1,0.131841778755188,3.3719723224639893,4.82622766494751,0,0,0,0.0,0,0,7,0,1.3190877437591553,6.664629936218262,0,-316780,0,0,0,0,0,0,0,0,0,0,0,1,0,2.0,-26.125,1,0,19.04439926147461,23.89739990234375,1,0,-1.8538999557495117,28.0,2,0,0.3125,0.6875,2,0,0.3199999928474426,0.20000000298023224,3,0,0.0,0.0
19.903,22800,22800,7.6,0,0.0,50,0,2.5,-1,0,10,3,-1.0,-1.0,-1.0,-1.0,6235944,1,2,2,2,1,1,1,1,1,0.13411107659339905,3.3750784397125244,4.830475807189941,0,0,0,0.0,0,0,7,0,1.312096118927002,6.633878231048584,0,-317696,0,0,0,0,0,0,0,0,0,0,0,1,0,2.0,-26.125,1,0,19.04439926147461,23.89739990234375,1,0,-1.8538999557495117,28.0,2,0,0.3125,0.6875,2,0,0.3199999928474426,0.20000000298023224,3,0,0.0,0.0
19.92,22850,22850,7.616667,0,0.0,50,0,2.5,-1,0,10,3,-1.0,-1.0,-1.0,-1.0,6235944,1,2,2,2,1,1,1,1,1,0.13533015549182892,3.376722574234009,4.832706928253174,0,0,0,0.0,0,0,7,0,1.3085532188415527,6.618743419647217,0,-318612,0,0,0,0,0,0,0,0,0,0,0,1,0,2.0,-26.125,1,0,19.04439926147461,23.89739990234375,1,0,-1.8538999557495117,28.0,2,0,0.3125,0.6875,2,0,0.3199999928474426,0.20000000298023224,3,0,0.0,0.0
19.937,22900,22900,7.633333,0,0.0,50,0,2.5,-1,0,10,3,-1.0,-1.0,-1.0,-1.0,6235944,1,2,2,2,1,1,1,1,1,0.1360609382390976,3.3777003288269043,4.834029197692871,0,0,0,0.0,0,0,7,0,1.304979920387268,6.603767395019531,0,-319528,0,0,0,0,0,0,0,0,0,0,0,1,0,2.0,-26.125,1,0,19.04439926147461,23.89739990234375,1,0,-1.8538999557495117,28.0,2,0,0.3125,0.6875,2,0,0.3199999928474426,0.20000000298023224,3,0,0.0,0.0
19.955,22950,22950,7.65,0,0.0,50,0,2.5,-1,0,10,3,-1.0,-1.0,-1.0,-1.0,6235944,1,2,2,2,1,1,1,1,1,0.1369718462228775,3.37890362739563,4.835646152496338,0,0,0,0.0,0,0,7,0,1.3013769388198853,6.588947772979736,0,-320444,0,0,0,0,0,0,0,0,0,0,0,1,0,2.0,-26.125,1,0,19.04439926147461,23.89739990234375,1,0,-1.8538999557495117,28.0,2,0,0.3125,0.6875,2,0,0.3199999928474426,0.20000000298023224,3,0,0.0,0.0
19.972,23000,23000,7.666667,0,0.0,50,0,2.5,-1,0,10,3,-1.0,-1.0,-1.0,-1.0,6235944,1,2,2,2,1,1,1,1,1,0.13801829516887665,3.380276679992676,4.837475299835205,0,0,0,0.0,0,0,7,0,1.297744870185852,6.574283599853516,0,-321360,0,0,0,0,0,0,0,0,0,0,0,1,0,2.0,-26.125,1,0,19.04439926147461,23.89739990234375,1,0,-1.8538999557495117,28.0,2,0,0.3125,0.6875,2,0,0.3199999928474426,0.20000000298023224,3,0,0.0,0.0
19.989,23050,23050,7.683333,0,0.0,50,0,2.5,-1,0,10,3,-1.0,-1.0,-1.0,-1.0,6235944,1,2,2,2,1,1,1,1,1,0.13916729390621185,3.3817665576934814,4.839452743530273,0,0,0,0.0,0,0,7,0,1.2940844297409058,6.559772491455078,0,-322276,0,0,0,0,0,0,0,0,0,0,0,1,0,2.0,-26.125,1,0,19.04439926147461,23.89739990234375,1,0,-1.8538999557495117,28.0,2,0,0.3125,0.6875,2,0,0.3199999928474426,0.20000000298023224,3,0,0.0,0.0
20.006,23100,23100,7.7,0,0.0,50,0,2.5,-1,0,10,3,-1.0,-1.0,-1.0,-1.0,6235944,1,2,2,2,1,1,1,1,1,0.14038723707199097,3.383338212966919,4.841520309448242,0,0,0,0.0,0,0,7,0,1.2903964519500732,6.545413494110107,0,-323192,0,0,0,0,0,0,0,0,0,0,0,1,0,2.0,-26.125,1,0,19.04439926147461,23.89739990234375,1,0,-1.8538999557495117,28.0,2,0,0.3125,0.6875,2,0,0.3199999928474426,0.20000000298023224,3,0,0.0,0.0
20.024,23150,23150,7.716667,0,0.0,50,0,2.5,-1,0,10,3,-1.0,-1.0,-1.0,-1.0,6235944,1,2,2,2,1,1,1,1,1,0.14165857434272766,3.384958267211914,4.843636512756348,0,0,0,0.0,0,0,7,0,1.2866816520690918,6.531205177307129,0,-324108,0,0,0,0,0,0,0,0,0,0,0,1,0,2.0,-26.125,1,0,19.04439926147461,23.89739990234375,1,0,-1.8538999557495117,28.0,2,0,0.3125,0.6875,2,0,0.3199999928474426,0.20000000298023224,3,0,0.0,0.0
20.041,23200,23200,7.733333,0,0.0,50,0,2.5,-1,0,10,3,-1.0,-1.0,-1.0,-1.0,6235944,1,2,2,2,1,1,1,1,1,0.14242041110992432,3.3859214782714844,4.844888687133789,0,0,0,0.0,0,0,7,0,1.2829407453536987,6.51714563369751,0,-325024,0,0,0,0,0,0,0,0,0,0,0,1,0,2.0,-26.125,1,0,19.04439926147461,23.89739990234375,1,0,-1.8538999557495117,28.0,2,0,0.3125,0.6875,2,0,0.3199999928474426,0.20000000298023224,3,0,0.0,0.0
20.058,23250,23250,7.75,0,0.0,50,0,2.5,-1,0,10,3,-1.0,-1.0,-1.0,-1.0,6235944,1,2,2,2,1,1,1,1,1,0.14336980879306793,3.3871068954467773,4.846418380737305,0,0,0,0.0,0,0,7,0,1.2791744470596313,6.503232955932617,0,-325940,0,0,0,0,0,0,0,0,0,0,0,1,0,2.0,-26.125,1,0,19.04439926147461,23.89739990234375,1,0,-1.8538999557495117,28.0,2,0,0.3125,0.6875,2,0,0.3199999928474426,0.20000000298023224,3,0,0.0,0.0
20.076,23300,23300,7.766667,0,0.0,50,0,2.5,-1,0,10,3,-1.0,-1.0,-1.0,-1.0,6235944,1,2,2,2,1,1,1,1,1,0.1444598287343979,3.3884592056274414,4.848151683807373,0,0,0,0.0,0,0,7,0,1.275383472442627,6.489466190338135,0,-326856,0,0,0,0,0,0,0,0,0,0,0,1,0,2.0,-26.125,1,0,19.04439926147461,23.89739990234375,1,0,-1.8538999557495117,28.0,2,0,0.3125,0.6875,2,0,0.3199999928474426,0.20000000298023224,3,0,0.0,0.0
20.093,23350,23350,7.783333,0,0.0,50,0,2.5,-1,0,10,3,-1.0,-1.0,-1.0,-1.0,6235944,1,2,2,2,1,1,1,1,1,0.14565670490264893,3.3899261951446533,4.850018501281738,0,0,0,0.0,0,0,7,0,1.2715685367584229,6.47584342956543,0,-327772,0,0,0,0,0,0,0,0,0,0,0,1,0,2.0,-26.125,1,0,19.04439926147461,23.89739990234375,1,0,-1.8538999557495117,28.0,2,0,0.3125,0.6875,2,0,0.3199999928474426,0.20000000298023224,3,0,0.0,0.0
20.111,23400,23400,7.8,0,0.0,50,0,2.5,-1,0,10,3,-1.0,-1.0,-1.0,-1.0,6235944,1,2,2,2,1,1,1,1,1,0.146928071975708,3.3914735317230225,4.851969242095947,0,0,0,0.0,0,0,7,0,1.2677303552627563,6.462363243103027,0,-328688,0,0,0,0,0,0,0,0,0,0,0,1,0,2.0,-26.125,1,0,19.04439926147461,23.89739990234375,1,0,-1.8538999557495117,28.0,2,0,0.3125,0.6875,2,0,0.3199999928474426,0.20000000298023224,3,0,0.0,0.0
20.128,23450,23450,7.816667,0,0.0,50,0,2.5,-1,0,10,3,-1.0,-1.0,-1.0,-1.0,6235944,1,2,2,2,1,1,1,1,1,0.14825083315372467,3.3930678367614746,4.853965759277344,0,0,0,0.0,0,0,7,0,1.2638697624206543,6.449024200439453,0,-329604,0,0,0,0,0,0,0,0,0,0,0,1,0,2.0,-26.125,1,0,19.04439926147461,23.89739990234375,1,0,-1.8538999557495117,28.0,2,0,0.3125,0.6875,2,0,0.3199999928474426,0.20000000298023224,3,0,0.0,0.0
20.145,23500,23500,7.833333,0,0.0,50,0,2.5,-1,0,10,3,-1.0,-1.0,-1.0,-1.0,6235944,1,2,2,2,1,1,1,1,1,0.14904318749904633,3.3940157890319824,4.8551459312438965,0,0,0,0.0,0,0,7,0,1.259987473487854,6.435824871063232,0,-330520,0,0,0,0,0,0,0,0,0,0,0,1,0,2.0,-26.125,1,0,19.04439926147461,23.89739990234375,1,0,-1.8538999557495117,28.0,2,0,0.3125,0.6875,2,0,0.3199999928474426,0.20000000298023224,3,0,0.0,0.0
20.162,23550,23550,7.85,0,0.0,50,0,2.5,-1,0,10,3,-1.0,-1.0,-1.0,-1.0,6235944,1,2,2,2,1,1,1,1,1,0.15003082156181335,3.3951849937438965,4.856592178344727,0,0,0,0.0,0,0,7,0,1.2560840845108032,6.422763824462891,0,-331436,0,0,0,0,0,0,0,0,0,0,0,1,0,2.0,-26.125,1,0,19.04439926147461,23.89739990234375,1,0,-1.8538999557495117,28.0,2,0,0.3125,0.6875,2,0,0.3199999928474426,0.20000000298023224,3,0,0.0,0.0
20.18,23600,23600,7.866667,0,0.0,50,0,2.5,-1,0,10,3,-1.0,-1.0,-1.0,-1.0,6235944,1,2,2,2,1,1,1,1,1,0.15116435289382935,3.3965141773223877,4.858224868774414,0,0,0,0.0,0,0,7,0,1.2521603107452393,6.409839630126953,0,-332352,0,0,0,0,0,0,0,0,0,0,0,1,0,2.0,-26.125,1,0,19.04439926147461,23.89739990234375,1,0,-1.8538999557495117,28.0,2,0,0.3125,0.6875,2,0,0.3199999928474426,0.20000000298023224,3,0,0.0,0.0
20.197,23650,23650,7.883333,0,0.0,50,0,2.5,-1,0,10,3,-1.0,-1.0,-1.0,-1.0,6235944,1,2,2,2,1,1,1,1,1,0.15240836143493652,3.397955894470215,4.8599853515625,0,0,0,0.0,0,0,7,0,1.248216986656189,6.397050380706787,0,-333268,0,0,0,0,0,0,0,0,0,0,0,1,0,2.0,-26.125,1,0,19.04439926147461,23.89739990234375,1,0,-1.8538999557495117,28.0,2,0,0.3125,0.6875,2,0,0.3199999928474426,0.20000000298023224,3,0,0.0,0.0
20.214,23700,23700,7.9,0,0.0,50,0,2.5,-1,0,10,3,-1.0,-1.0,-1.0,-1.0,6235944,1,2,2,2,1,1,1,1,1,0.15372981131076813,3.3994765281677246,4.861825466156006,0,0,0,0.0,0,0,7,0,1.2442547082901,6.384395122528076,0,-334184,0,0,0,0,0,0,0,0,0,0,0,1,0,2.0,-26.125,1,0,19.04439926147461,23.89739990234375,1,0,-1.8538999557495117,28.0,2,0,0.3125,0.6875,2,0,0.3199999928474426,0.20000000298023224,3,0,0.0,0.0
20.232,23750,23750,7.916667,0,0.0,50,0,2.5,-1,0,10,3,-1.0,-1.0,-1.0,-1.0,6235944,1,2,2,2,1,1,1,1,1,0.15510523319244385,3.401043176651001,4.863709926605225,0,0,0,0.0,0,0,7,0,1.2402743101119995,6.3718719482421875,0,-335100,0,0,0,0,0,0,0,0,0,0,0,1,0,2.0,-26.125,1,0,19.04439926147461,23.89739990234375,1,0,-1.8538999557495117,28.0,2,0,0.3125,0.6875,2,0,0.3199999928474426,0.20000000298023224,3,0,0.0,0.0
20.249,23800,23800,7.933333,0,0.0,50,0,2.5,-1,0,10,3,-1.0,-1.0,-1.0,-1.0,6235944,1,2,2,2,1,1,1,1,1,0.15592902898788452,3.4019744396209717,4.864823341369629,0,0,0,0.0,0,0,7,0,1.2362765073776245,6.359479904174805,0,-336016,0,0,0,0,0,0,0,0,0,0,0,1,0,2.0,-26.125,1,0,19.04439926147461,23.89739990234375,1,0,-1.8538999557495117,28.0,2,0,0.3125,0.6875,2,0,0.3199999928474426,0.20000000298023224,3,0,0.0,0.0
20.267,23850,23850,7.95,0,0.0,50,0,2.5,-1,0,10,3,-1.0,-1.0,-1.0,-1.0,6235944,1,2,2,2,1,1,1,1,1,0.15695486962795258,3.403122901916504,4.866189956665039,0,0,0,0.0,0,0,7,0,1.2322618961334229,6.347217559814453,0,-336932,0,0,0,0,0,0,0,0,0,0,0,1,0,2.0,-26.125,1,0,19.04439926147461,23.89739990234375,1,0,-1.8538999557495117,28.0,2,0,0.3125,0.6875,2,0,0.3199999928474426,0.20000000298023224,3,0,0.0,0.0
20.284,23900,23900,7.966667,0,0.0,50,0,2.5,-1,0,10,3,-1.0,-1.0,-1.0,-1.0,6235944,1,2,2,2,1,1,1,1,1,0.15813107788562775,3.404428482055664,4.867733955383301,0,0,0,0.0,0,0,7,0,1.2282311916351318,6.335083484649658,0,-337848,0,0,0,0,0,0,0,0,0,0,0,1,0,2.0,-26.125,1,0,19.04439926147461,23.89739990234375,1,0,-1.8538999557495117,28.0,2,0,0.3125,0.6875,2,0,0.3199999928474426,0.20000000298023224,3,0,0.0,0.0
20.301,23950,23950,7.983333,0,0.0,50,0,2.5,-1,0,10,3,-1.0,-1.0,-1.0,-1.0,6235944,1,2,2,2,1,1,1,1,1,0.15942180156707764,3.405844211578369,4.869400501251221,0,0,0,0.0,0,0,7,0,1.2241851091384888,6.323075771331787,0,-338764,0,0,0,0,0,0,0,0,0,0,0,1,0,2.0,-26.125,1,0,19.04439926147461,23.89739990234375,1,0,-1.8538999557495117,28.0,2,0,0.3125,0.6875,2,0,0.3199999928474426,0.20000000298023224,3,0,0.0,0.0
20.319,24050,24050,8.016667,0,0.0,50,0,2.5,-1,0,10,3,-1.0,-1.0,-1.0,-1.0,6235944,1,2,2,2,1,1,1,1,1,0.1622188538312912,3.408874750137329,4.872938632965088,0,0,0,0.0,0,0,7,0,1.2160496711730957,6.299435138702393,0,-340596,0,0,0,0,0,0,0,0,0,0,0,1,0,2.0,-26.125,1,0,19.04439926147461,23.89739990234375,1,0,-1.8538999557495117,28.0,2,0,0.3125,0.6875,2,0,0.3199999928474426,0.20000000298023224,3,0,0.0,0.0
20.336,24100,24100,8.033333,0,0.0,50,0,2.5,-1,0,10,3,-1.0,-1.0,-1.0,-1.0,6235944,1,2,2,2,1,1,1,1,1,0.1630731076002121,3.4097888469696045,4.873999118804932,0,0,0,0.0,0,0,7,0,1.2119617462158203,6.287799835205078,0,-341512,0,0,0,0,0,0,0,0,0,0,0,1,0,2.0,-26.125,1,0,19.04439926147461,23.89739990234375,1,0,-1.8538999557495117,28.0,2,0,0.3125,0.6875,2,0,0.3199999928474426,0.20000000298023224,3,0,0.0,0.0
20.354,24150,24150,8.05,0,0.0,50,0,2.5,-1,0,10,3,-1.0,-1.0,-1.0,-1.0,6235944,1,2,2,2,1,1,1,1,1,0.16413664817810059,3.4109156131744385,4.875298500061035,0,0,0,0.0,0,0,7,0,1.2078611850738525,6.276285648345947,0,-342428,0,0,0,0,0,0,0,0,0,0,0,1,0,2.0,-26.125,1,0,19.04439926147461,23.89739990234375,1,0,-1.8538999557495117,28.0,2,0,0.3125,0.6875,2,0,0.3199999928474426,0.20000000298023224,3,0,0.0,0.0
20.371,24200,24200,8.066667,0,0.0,50,0,2.5,-1,0,10,3,-1.0,-1.0,-1.0,-1.0,6235944,1,2,2,2,1,1,1,1,1,0.16535684466362,3.412196159362793,4.876771926879883,0,0,0,0.0,0,0,7,0,1.2037485837936401,6.264891624450684,0,-343344,0,0,0,0,0,0,0,0,0,0,0,1,0,2.0,-26.125,1,0,19.04439926147461,23.89739990234375,1,0,-1.8538999557495117,28.0,2,0,0.3125,0.6875,2,0,0.3199999928474426,0.20000000298023224,3,0,0.0,0.0
20.388,24250,24250,8.083333,0,0.0,50,0,2.5,-1,0,10,3,-1.0,-1.0,-1.0,-1.0,6235944,1,2,2,2,1,1,1,1,1,0.16669417917728424,3.4135847091674805,4.878366470336914,0,0,0,0.0,0,0,7,0,1.1996246576309204,6.2536163330078125,0,-344260,0,0,0,0,0,0,0,0,0,0,0,1,0,2.0,-26.125,1,0,19.04439926147461,23.89739990234375,1,0,-1.8538999557495117,28.0,2,0,0.3125,0.6875,2,0,0.3199999928474426,0.20000000298023224,3,0,0.0,0.0
20.406,24300,24300,8.1,0,0.0,50,0,2.5,-1,0,10,3,-1.0,-1.0,-1.0,-1.0,6235944,1,2,2,2,1,1,1,1,1,0.16811378300189972,3.415048360824585,4.8800435066223145,0,0,0,0.0,0,0,7,0,1.1954901218414307,6.242458343505859,0,-345176,0,0,0,0,0,0,0,0,0,0,0,1,0,2.0,-26.125,1,0,19.04439926147461,23.89739990234375,1,0,-1.8538999557495117,28.0,2,0,0.3125,0.6875,2,0,0.3199999928474426,0.20000000298023224,3,0,0.0,0.0
20.423,24350,24350,8.116667,0,0.0,50,0,2.5,-1,0,10,3,-1.0,-1.0,-1.0,-1.0,6235944,1,2,2,2,1,1,1,1,1,0.16959117352962494,3.416555643081665,4.881768226623535,0,0,0,0.0,0,0,7,0,1.1913455724716187,6.231416702270508,0,-346092,0,0,0,0,0,0,0,0,0,0,0,1,0,2.0,-26.125,1,0,19.04439926147461,23.89739990234375,1,0,-1.8538999557495117,28.0,2,0,0.3125,0.6875,2,0,0.3199999928474426,0.20000000298023224,3,0,0.0,0.0
20.44,24400,24400,8.133333,0,0.0,50,0,2.5,-1,0,10,3,-1.0,-1.0,-1.0,-1.0,6235944,1,2,2,2,1,1,1,1,1,0.17047567665576935,3.4174513816833496,4.882790565490723,0,0,0,0.0,0,0,7,0,1.1871918439865112,6.220489978790283,0,-347008,0,0,0,0,0,0,0,0,0,0,0,1,0,2.0,-26.125,1,0,19.04439926147461,23.89739990234375,1,0,-1.8538999557495117,28.0,2,0,0.3125,0.6875,2,0,0.3199999928474426,0.20000000298023224,3,0,0.0,0.0
20.457,24450,24450,8.15,0,0.0,50,0,2.5,-1,0,10,3,-1.0,-1.0,-1.0,-1.0,6235944,1,2,2,2,1,1,1,1,1,0.17157670855522156,3.41855525970459,4.88404655456543,0,0,0,0.0,0,0,7,0,1.1830294132232666,6.209677219390869,0,-347924,0,0,0,0,0,0,0,0,0,0,0,1,0,2.0,-26.125,1,0,19.04439926147461,23.89739990234375,1,0,-1.8538999557495117,28.0,2,0,0.3125,0.6875,2,0,0.3199999928474426,0.20000000298023224,3,0,0.0,0.0
20.475,24500,24500,8.166667,0,0.0,50,0,2.5,-1,0,10,3,-1.0,-1.0,-1.0,-1.0,6235944,1,2,2,2,1,1,1,1,1,0.1728392094373703,3.419809341430664,4.88547420501709,0,0,0,0.0,0,0,7,0,1.1788588762283325,6.198976516723633,0,-348840,0,0,0,0,0,0,0,0,0,0,0,1,0,2.0,-26.125,1,0,19.04439926147461,23.89739990234375,1,0,-1.8538999557495117,28.0,2,0,0.3125,0.6875,2,0,0.3199999928474426,0.20000000298023224,3,0,0.0,0.0
20.492,24550,24550,8.183333,0,0.0,50,0,2.5,-1,0,10,3,-1.0,-1.0,-1.0,-1.0,6235944,1,2,2,2,1,1,1,1,1,0.1742241233587265,3.421168804168701,4.887026786804199,0,0,0,0.0,0,0,7,0,1.1746809482574463,6.188386917114258,0,-349756,0,0,0,0,0,0,0,0,0,0,0,1,0,2.0,-26.125,1,0,19.04439926147461,23.89739990234375,1,0,-1.8538999557495117,28.0,2,0,0.3125,0.6875,2,0,0.3199999928474426,0.20000000298023224,3,0,0.0,0.0
20.51,24600,24600,8.2,0,0.0,50,0,2.5,-1,0,10,3,-1.0,-1.0,-1.0,-1.0,6235944,1,2,2,2,1,1,1,1,1,0.17569254338741302,3.4226014614105225,4.888661861419678,0,0,0,0.0,0,0,7,0,1.1704962253570557,6.177907466888428,0,-350672,0,0,0,0,0,0,0,0,0,0,0,1,0,2.0,-26.125,1,0,19.04439926147461,23.89739990234375,1,0,-1.8538999557495117,28.0,2,0,0.3125,0.6875,2,0,0.3199999928474426,0.20000000298023224,3,0,0.0,0.0
20.527,24650,24650,8.216667,0,0.0,50,0,2.5,-1,0,10,3,-1.0,-1.0,-1.0,-1.0,6235944,1,2,2,2,1,1,1,1,1,0.17722000181674957,3.424076557159424,4.890350341796875,0,0,0,0.0,0,0,7,0,1.1663053035736084,6.167536735534668,0,-351588,0,0,0,0,0,0,0,0,0,0,0,1,0,2.0,-26.125,1,0,19.04439926147461,23.89739990234375,1,0,-1.8538999557495117,28.0,2,0,0.3125,0.6875,2,0,0.3199999928474426,0.20000000298023224,3,0,0.0,0.0
20.545,24700,24700,8.233333,0,0.0,50,0,2.5,-1,0,10,3,-1.0,-1.0,-1.0,-1.0,6235944,1,2,2,2,1,1,1,1,1,0.1781342327594757,3.424952983856201,4.891353130340576,0,0,0,0.0,0,0,7,0,1.1621088981628418,6.157273769378662,0,-352504,0,0,0,0,0,0,0,0,0,0,0,1,0,2.0,-26.125,1,0,19.04439926147461,23.89739990234375,1,0,-1.8538999557495117,28.0,2,0,0.3125,0.6875,2,0,0.3199999928474426,0.20000000298023224,3,0,0.0,0.0
20.562,24750,24750,8.25,0,0.0,50,0,2.5,-1,0,10,3,-1.0,-1.0,-1.0,-1.0,6235944,1,2,2,2,1,1,1,1,1,0.17927256226539612,3.4260330200195312,4.89259147644043,0,0,0,0.0,0,0,7,0,1.157907485961914,6.1471171379089355,0,-353420,0,0,0,0,0,0,0,0,0,0,0,1,0,2.0,-26.125,1,0,19.04439926147461,23.89739990234375,1,0,-1.8538999557495117,28.0,2,0,0.3125,0.6875,2,0,0.3199999928474426,0.20000000298023224,3,0,0.0,0.0
20.58,24800,24800,8.266667,0,0.0,50,0,2.5,-1,0,10,3,-1.0,-1.0,-1.0,-1.0,6235944,1,2,2,2,1,1,1,1,1,0.18057747185230255,3.4272594451904297,4.894008636474609,0,0,0,0.0,0,0,7,0,1.153701663017273,6.137065887451172,0,-354336,0,0,0,0,0,0,0,0,0,0,0,1,0,2.0,-26.125,1,0,19.04439926147461,23.89739990234375,1,0,-1.8538999557495117,28.0,2,0,0.3125,0.6875,2,0,0.3199999928474426,0.20000000298023224,3,0,0.0,0.0
20.597,24850,24850,8.283333,0,0.0,50,0,2.5,-1,0,10,3,-1.0,-1.0,-1.0,-1.0,6235944,1,2,2,2,1,1,1,1,1,0.1820051372051239,3.4285888671875,4.895552158355713,0,0,0,0.0,0,0,7,0,1.1494920253753662,6.1271185874938965,0,-355252,0,0,0,0,0,0,0,0,0,0,0,1,0,2.0,-26.125,1,0,19.04439926147461,23.89739990234375,1,0,-1.8538999557495117,28.0,2,0,0.3125,0.6875,2,0,0.3199999928474426,0.20000000298023224,3,0,0.0,0.0
20.614,24900,24900,8.3,0,0.0,50,0,2.5,-1,0,10,3,-1.0,-1.0,-1.0,-1.0,6235944,1,2,2,2,1,1,1,1,1,0.18352405726909637,3.4299895763397217,4.897182941436768,0,0,0,0.0,0,0,7,0,1.1452791690826416,6.117274284362793,0,-356168,0,0,0,0,0,0,0,0,0,0,0,1,0,2.0,-26.125,1,0,19.04439926147461,23.89739990234375,1,0,-1.8538999557495117,28.0,2,0,0.3125,0.6875,2,0,0.3199999928474426,0.20000000298023224,3,0,0.0,0.0
20.632,24950,24950,8.316667,0,0.0,50,0,2.5,-1,0,10,3,-1.0,-1.0,-1.0,-1.0,6235944,1,2,2,2,1,1,1,1,1,0.18510209023952484,3.431431293487549,4.898873805999756,0,0,0,0.0,0,0,7,0,1.1410638093948364,6.107531547546387,0,-357084,0,0,0,0,0,0,0,0,0,0,0,1,0,2.0,-26.125,1,0,19.04439926147461,23.89739990234375,1,0,-1.8538999557495117,28.0,2,0,0.3125,0.6875,2,0,0.3199999928474426,0.20000000298023224,3,0,0.0,0.0
20.649,25000,25000,8.333333,0,0.0,50,0,2.5,-1,0,10,3,-1.0,-1.0,-1.0,-1.0,6235944,1,2,2,2,1,1,1,1,1,0.18604649603366852,3.4322876930236816,4.899880886077881,0,0,0,0.0,0,0,7,0,1.1368464231491089,6.0978899002075195,0,-358000,0,0,0,0,0,0,0,0,0,0,0,1,0,2.0,-26.125,1,0,19.04439926147461,23.89739990234375,1,0,-1.8538999557495117,28.0,2,0,0.3125,0.6875,2,0,0.3199999928474426,0.20000000298023224,3,0,0.0,0.0
20.666,25050,25050,8.35,0,0.0,50,0,2.5,-1,0,10,3,-1.0,-1.0,-1.0,-1.0,6235944,1,2,2,2,1,1,1,1,1,0.187221497297287,3.433342218399048,4.9011311531066895,0,0,0,0.0,0,0,7,0,1.1326274871826172,6.088347911834717,0,-358916,0,0,0,0,0,0,0,0,0,0,0,1,0,2.0,-26.125,1,0,19.04439926147461,23.89739990234375,1,0,-1.8538999557495117,28.0,2,0,0.3125,0.6875,2,0,0.3199999928474426,0.20000000298023224,3,0,0.0,0.0
20.683,25100,25100,8.366667,0,0.0,50,0,2.5,-1,0,10,3,-1.0,-1.0,-1.0,-1.0,6235944,1,2,2,2,1,1,1,1,1,0.18856847286224365,3.434540033340454,4.902561187744141,0,0,0,0.0,0,0,7,0,1.128407597541809,6.078904151916504,0,-359832,0,0,0,0,0,0,0,0,0,0,0,1,0,2.0,-26.125,1,0,19.04439926147461,23.89739990234375,1,0,-1.8538999557495117,28.0,2,0,0.3125,0.6875,2,0,0.3199999928474426,0.20000000298023224,3,0,0.0,0.0
20.701,25150,25150,8.383333,0,0.0,50,0,2.5,-1,0,10,3,-1.0,-1.0,-1.0,-1.0,6235944,1,2,2,2,1,1,1,1,1,0.1900416612625122,3.435837984085083,4.904125213623047,0,0,0,0.0,0,0,7,0,1.1241872310638428,6.069558143615723,0,-360748,0,0,0,0,0,0,0,0,0,0,0,1,0,2.0,-26.125,1,0,19.04439926147461,23.89739990234375,1,0,-1.8538999557495117,28.0,2,0,0.3125,0.6875,2,0,0.3199999928474426,0.20000000298023224,3,0,0.0,0.0
20.718,25200,25200,8.4,0,0.0,50,0,2.5,-1,0,10,3,-1.0,-1.0,-1.0,-1.0,6235944,1,2,2,2,1,1,1,1,1,0.19160816073417664,3.437204599380493,4.905786037445068,0,0,0,0.0,0,0,7,0,1.119966983795166,6.060308456420898,0,-361664,0,0,0,0,0,0,0,0,0,0,0,1,0,2.0,-26.125,1,0,19.04439926147461,23.89739990234375,1,0,-1.8538999557495117,28.0,2,0,0.3125,0.6875,2,0,0.3199999928474426,0.20000000298023224,3,0,0.0,0.0
20.735,25250,25250,8.416667,0,0.0,50,0,2.5,-1,0,10,3,-1.0,-1.0,-1.0,-1.0,6235944,1,2,2,2,1,1,1,1,1,0.1942109763622284,3.439446210861206,4.9085516929626465,0,0,0,0.0,0,0,7,0,1.1115288734436035,6.0420942306518555,0,-363496,0,0,0,0,0,0,0,0,0,0,0,1,0,2.0,-26.125,1,0,19.04439926147461,23.89739990234375,1,0,-1.8538999557495117,28.0,2,0,0.3125,0.6875,2,0,0.3199999928474426,0.20000000298023224,3,0,0.0,0.0
20.752,25350,25350,8.45,0,0.0,50,0,2.5,-1,0,10,3,-1.0,-1.0,-1.0,-1.0,6235944,1,2,2,2,1,1,1,1,1,0.19542253017425537,3.44047474861145,4.909836769104004,0,0,0,0.0,0,0,7,0,1.1073120832443237,6.033127784729004,0,-364412,0,0,0,0,0,0,0,0,0,0,0,1,0,2.0,-26.125,1,0,19.04439926147461,23.89739990234375,1,0,-1.8538999557495117,28.0,2,0,0.3125,0.6875,2,0,0.3199999928474426,0.20000000298023224,3,0,0.0,0.0
20.77,25400,25400,8.466667,0,0.0,50,0,2.5,-1,0,10,3,-1.0,-1.0,-1.0,-1.0,6235944,1,2,2,2,1,1,1,1,1,0.1968095451593399,3.4416420459747314,4.911313533782959,0,0,0,0.0,0,0,7,0,1.1030974388122559,6.024253845214844,0,-365328,0,0,0,0,0,0,0,0,0,0,0,1,0,2.0,-26.125,1,0,19.04439926147461,23.89739990234375,1,0,-1.8538999557495117,28.0,2,0,0.3125,0.6875,2,0,0.3199999928474426,0.20000000298023224,3,0,0.0,0.0
20.787,25450,25450,8.483333,0,0.0,50,0,2.5,-1,0,10,3,-1.0,-1.0,-1.0,-1.0,6235944,1,2,2,2,1,1,1,1,1,0.19832676649093628,3.4429097175598145,4.912933349609375,0,0,0,0.0,0,0,7,0,1.098885416984558,6.0154709815979,0,-366244,0,0,0,0,0,0,0,0,0,0,0,1,0,2.0,-26.125,1,0,19.04439926147461,23.89739990234375,1,0,-1.8538999557495117,28.0,2,0,0.3125,0.6875,2,0,0.3199999928474426,0.20000000298023224,3,0,0.0,0.0
20.804,25500,25500,8.5,0,0.0,50,0,2.5,-1,0,10,3,-1.0,-1.0,-1.0,-1.0,6235944,1,2,2,2,1,1,1,1,1,0.1999397724866867,3.4442405700683594,4.914660453796387,0,0,0,0.0,0,0,7,0,1.0946764945983887,6.006778717041016,0,-367160,0,0,0,0,0,0,0,0,0,0,0,1,0,2.0,-26.125,1,0,19.04439926147461,23.89739990234375,1,0,-1.8538999557495117,28.0,2,0,0.3125,0.6875,2,0,0.3199999928474426,0.20000000298023224,3,0,0.0,0.0
20.822,25550,25550,8.516667,0,0.0,50,0,2.5,-1,0,10,3,-1.0,-1.0,-1.0,-1.0,6235944,1,2,2,2,1,1,1,1,1,0.2016160488128662,3.4456098079681396,4.916460037231445,0,0,0,0.0,0,0,7,0,1.0904712677001953,5.998175621032715,0,-368076,0,0,0,0,0,0,0,0,0,0,0,1,0,2.0,-26.125,1,0,19.04439926147461,23.89739990234375,1,0,-1.8538999557495117,28.0,2,0,0.3125,0.6875,2,0,0.3199999928474426,0.20000000298023224,3,0,0.0,0.0
20.839,25600,25600,8.533333,0,0.0,50,0,2.5,-1,0,10,3,-1.0,-1.0,-1.0,-1.0,6235944,1,2,2,2,1,1,1,1,1,0.20261892676353455,3.446422576904297,4.917537689208984,0,0,0,0.0,0,0,7,0,1.0862693786621094,5.989660263061523,0,-368992,0,0,0,0,0,0,0,0,0,0,0,1,0,2.0,-26.125,1,0,19.04439926147461,23.89739990234375,1,0,-1.8538999557495117,28.0,2,0,0.3125,0.6875,2,0,0.3199999928474426,0.20000000298023224,3,0,0.0,0.0
20.856,25650,25650,8.55,0,0.0,50,0,2.5,-1,0,10,3,-1.0,-1.0,-1.0,-1.0,6235944,1,2,2,2,1,1,1,1,1,0.20386557281017303,3.4474234580993652,4.918879508972168,0,0,0,0.0,0,0,7,0,1.082070231437683,5.981229782104492,0,-369908,0,0,0,0,0,0,0,0,0,0,0,1,0,2.0,-26.125,1,0,19.04439926147461,23.89739990234375,1,0,-1.8538999557495117,28.0,2,0,0.3125,0.6875,2,0,0.3199999928474426,0.20000000298023224,3,0,0.0,0.0
20.873,25700,25700,8.566667,0,0.0,50,0,2.5,-1,0,10,3,-1.0,-1.0,-1.0,-1.0,6235944,1,2,2,2,1,1,1,1,1,0.20529329776763916,3.448559284210205,4.9204254150390625,0,0,0,0.0,0,0,7,0,1.0778732299804688,5.97288179397583,0,-370824,0,0,0,0,0,0,0,0,0,0,0,1,0,2.0,-26.125,1,0,19.04439926147461,23.89739990234375,1,0,-1.8538999557495117,28.0,2,0,0.3125,0.6875,2,0,0.3199999928474426,0.20000000298023224,3,0,0.0,0.0
20.89,25750,25750,8.583333,0,0.0,50,0,2.5,-1,0,10,3,-1.0,-1.0,-1.0,-1.0,6235944,1,2,2,2,1,1,1,1,1,0.20685337483882904,3.4497923851013184,4.922128200531006,0,0,0,0.0,0,0,7,0,1.0736777782440186,5.964613914489746,0,-371740,0,0,0,0,0,0,0,0,0,0,0,1,0,2.0,-26.125,1,0,19.04439926147461,23.89739990234375,1,0,-1.8538999557495117,28.0,2,0,0.3125,0.6875,2,0,0.3199999928474426,0.20000000298023224,3,0,0.0,0.0
20.908,25800,25800,8.6,0,0.0,50,0,2.5,-1,0,10,3,-1.0,-1.0,-1.0,-1.0,6235944,1,2,2,2,1,1,1,1,1,0.20851153135299683,3.4510865211486816,4.923943042755127,0,0,0,0.0,0,0,7,0,1.0694831609725952,5.956424236297607,0,-372656,0,0,0,0,0,0,0,0,0,0,0,1,0,2.0,-26.125,1,0,19.04439926147461,23.89739990234375,1,0,-1.8538999557495117,28.0,2,0,0.3125,0.6875,2,0,0.3199999928474426,0.20000000298023224,3,0,0.0,0.0
20.925,25850,25850,8.616667,0,0.0,50,0,2.5,-1,0,10,3,-1.0,-1.0,-1.0,-1.0,6235944,1,2,2,2,1,1,1,1,1,0.21023394167423248,3.4524178504943848,4.925839424133301,0,0,0,0.0,0,0,7,0,1.0652889013290405,5.948309898376465,0,-373572,0,0,0,0,0,0,0,0,0,0,0,1,0,2.0,-26.125,1,0,19.04439926147461,23.89739990234375,1,0,-1.8538999557495117,28.0,2,0,0.3125,0.6875,2,0,0.3199999928474426,0.20000000298023224,3,0,0.0,0.0
20.942,25900,25900,8.633333,0,0.0,50,0,2.5,-1,0,10,3,-1.0,-1.0,-1.0,-1.0,6235944,1,2,2,2,1,1,1,1,1,0.21126413345336914,3.4532079696655273,4.926976680755615,0,0,0,0.0,0,0,7,0,1.0610945224761963,5.9402689933776855,0,-374488,0,0,0,0,0,0,0,0,0,0,0,1,0,2.0,-26.125,1,0,19.04439926147461,23.89739990234375,1,0,-1.8538999557495117,28.0,2,0,0.3125,0.6875,2,0,0.3199999928474426,0.20000000298023224,3,0,0.0,0.0
20.96,25950,25950,8.65,0,0.0,50,0,2.5,-1,0,10,3,-1.0,-1.0,-1.0,-1.0,6235944,1,2,2,2,1,1,1,1,1,0.21254482865333557,3.4541807174682617,4.928395748138428,0,0,0,0.0,0,0,7,0,1.0568994283676147,5.932299613952637,0,-375404,0,0,0,0,0,0,0,0,0,0,0,1,0,2.0,-26.125,1,0,19.04439926147461,23.89739990234375,1,0,-1.8538999557495117,28.0,2,0,0.3125,0.6875,2,0,0.3199999928474426,0.20000000298023224,3,0,0.0,0.0
20.977,26000,26000,8.666667,0,0.0,50,0,2.5,-1,0,10,3,-1.0,-1.0,-1.0,-1.0,6235944,1,2,2,2,1,1,1,1,1,0.2140110731124878,3.4552838802337646,4.930034637451172,0,0,0,0.0,0,0,7,0,1.0527032613754272,5.924399375915527,0,-376320,0,0,0,0,0,0,0,0,0,0,0,1,0,2.0,-26.125,1,0,19.04439926147461,23.89739990234375,1,0,-1.8538999557495117,28.0,2,0,0.3125,0.6875,2,0,0.3199999928474426,0.20000000298023224,3,0,0.0,0.0
20.995,26050,26050,8.683333,0,0.0,50,0,2.5,-1,0,10,3,-1.0,-1.0,-1.0,-1.0,6235944,1,2,2,2,1,1,1,1,1,0.21561327576637268,3.4564812183380127,4.931835651397705,0,0,0,0.0,0,0,7,0,1.048505425453186,5.916566848754883,0,-377236,0,0,0,0,0,0,0,0,0,0,0,1,0,2.0,-26.125,1,0,19.04439926147461,23.89739990234375,1,0,-1.8538999557495117,28.0,2,0,0.3125,0.6875,2,0,0.3199999928474426,0.20000000298023224,3,0,0.0,0.0
21.012,26100,26100,8.7,0,0.0,50,0,2.5,-1,0,10,3,-1.0,-1.0,-1.0,-1.0,6235944,1,2,2,2,1,1,1,1,1,0.21731486916542053,3.457737684249878,4.933755874633789,0,0,0,0.0,0,0,7,0,1.044305443763733,5.908799648284912,0,-378152,0,0,0,0,0,0,0,0,0,0,0,1,0,2.0,-26.125,1,0,19.04439926147461,23.89739990234375,1,0,-1.8538999557495117,28.0,2,0,0.3125,0.6875,2,0,0.3199999928474426,0.20000000298023224,3,0,0.0,0.0
21.03,26150,26150,8.716667,0,0.0,50,0,2.5,-1,0,10,3,-1.0,-1.0,-1.0,-1.0,6235944,1,2,2,2,1,1,1,1,1,0.2190817892551422,3.45902943611145,4.935763835906982,0,0,0,0.0,0,0,7,0,1.0401029586791992,5.901096343994141,0,-379068,0,0,0,0,0,0,0,0,0,0,0,1,0,2.0,-26.125,1,0,19.04439926147461,23.89739990234375,1,0,-1.8538999557495117,28.0,2,0,0.3125,0.6875,2,0,0.3199999928474426,0.20000000298023224,3,0,0.0,0.0
21.047,26200,26200,8.733333,0,0.0,50,0,2.5,-1,0,10,3,-1.0,-1.0,-1.0,-1.0,6235944,1,2,2,2,1,1,1,1,1,0.2201383411884308,3.4597957134246826,4.936968803405762,0,0,0,0.0,0,0,7,0,1.0358976125717163,5.8934550285339355,0,-379984,0,0,0,0,0,0,0,0,0,0,0,1,0,2.0,-26.125,1,0,19.04439926147461,23.89739990234375,1,0,-1.8538999557495117,28.0,2,0,0.3125,0.6875,2,0,0.3199999928474426,0.20000000298023224,3,0,0.0,0.0
21.064,26250,26250,8.75,0,0.0,50,0,2.5,-1,0,10,3,-1.0,-1.0,-1.0,-1.0,6235944,1,2,2,2,1,1,1,1,1,0.2214510589838028,3.4607391357421875,4.938473701477051,0,0,0,0.0,0,0,7,0,1.031688928604126,5.885873794555664,0,-380900,0,0,0,0,0,0,0,0,0,0,0,1,0,2.0,-26.125,1,0,19.04439926147461,23.89739990234375,1,0,-1.8538999557495117,28.0,2,0,0.3125,0.6875,2,0,0.3199999928474426,0.20000000298023224,3,0,0.0,0.0
21.081,26300,26300,8.766667,0,0.0,50,0,2.5,-1,0,10,3,-1.0,-1.0,-1.0,-1.0,6235944,1,2,2,2,1,1,1,1,1,0.2229539006948471,3.461808919906616,4.940208435058594,0,0,0,0.0,0,0,7,0,1.02747642993927,5.878351211547852,0,-381816,0,0,0,0,0,0,0,0,0,0,0,1,0,2.0,-26.125,1,0,19.04439926147461,23.89739990234375,1,0,-1.8538999557495117,28.0,2,0,0.3125,0.6875,2,0,0.3199999928474426,0.20000000298023224,3,0,0.0,0.0
21.099,26350,26350,8.783333,0,0.0,50,0,2.5,-1,0,10,3,-1.0,-1.0,-1.0,-1.0,6235944,1,2,2,2,1,1,1,1,1,0.2245955467224121,3.4629693031311035,4.9421162605285645,0,0,0,0.0,0,0,7,0,1.0232598781585693,5.870885848999023,0,-382732,0,0,0,0,0,0,0,0,0,0,0,1,0,2.0,-26.125,1,0,19.04439926147461,23.89739990234375,1,0,-1.8538999557495117,28.0,2,0,0.3125,0.6875,2,0,0.3199999928474426,0.20000000298023224,3,0,0.0,0.0
21.116,26400,26400,8.8,0,0.0,50,0,2.5,-1,0,10,3,-1.0,-1.0,-1.0,-1.0,6235944,1,2,2,2,1,1,1,1,1,0.2263389676809311,3.464186429977417,4.944150447845459,0,0,0,0.0,0,0,7,0,1.0190389156341553,5.863475799560547,0,-383648,0,0,0,0,0,0,0,0,0,0,0,1,0,2.0,-26.125,1,0,19.04439926147461,23.89739990234375,1,0,-1.8538999557495117,28.0,2,0,0.3125,0.6875,2,0,0.3199999928474426,0.20000000298023224,3,0,0.0,0.0
21.134,26450,26450,8.816667,0,0.0,50,0,2.5,-1,0,10,3,-1.0,-1.0,-1.0,-1.0,6235944,1,2,2,2,1,1,1,1,1,0.22814783453941345,3.465437412261963,4.946279048919678,0,0,0,0.0,0,0,7,0,1.0148130655288696,5.8561201095581055,0,-384564,0,0,0,0,0,0,0,0,0,0,0,1,0,2.0,-26.125,1,0,19.04439926147461,23.89739990234375,1,0,-1.8538999557495117,28.0,2,0,0.3125,0.6875,2,0,0.3199999928474426,0.20000000298023224,3,0,0.0,0.0
21.151,26500,26500,8.833333,0,0.0,50,0,2.5,-1,0,10,3,-1.0,-1.0,-1.0,-1.0,6235944,1,2,2,2,1,1,1,1,1,0.2292291522026062,3.466179370880127,4.947556972503662,0,0,0,0.0,0,0,7,0,1.0105820894241333,5.848816871643066,0,-385480,0,0,0,0,0,0,0,0,0,0,0,1,0,2.0,-26.125,1,0,19.04439926147461,23.89739990234375,1,0,-1.8538999557495117,28.0,2,0,0.3125,0.6875,2,0,0.3199999928474426,0.20000000298023224,3,0,0.0,0.0
21.169,26550,26550,8.85,0,0.0,50,0,2.5,-1,0,10,3,-1.0,-1.0,-1.0,-1.0,6235944,1,2,2,2,1,1,1,1,1,0.232108935713768,3.468127489089966,4.950981616973877,0,0,0,0.0,0,0,7,0,1.0021036863327026,5.834362506866455,0,-387312,0,0,0,0,0,0,0,0,0,0,0,1,0,2.0,-26.125,1,0,19.04439926147461,23.89739990234375,1,0,-1.8538999557495117,28.0,2,0,0.3125,0.6875,2,0,0.3199999928474426,0.20000000298023224,3,0,0.0,0.0
21.186,26650,26650,8.883333,0,0.0,50,0,2.5,-1,0,10,3,-1.0,-1.0,-1.0,-1.0,6235944,1,2,2,2,1,1,1,1,1,0.23378732800483704,3.469249963760376,4.952994346618652,0,0,0,0.0,0,0,7,0,0.997855544090271,5.827208995819092,0,-388228,0,0,0,0,0,0,0,0,0,0,0,1,0,2.0,-26.125,1,0,19.04439926147461,23.89739990234375,1,0,-1.8538999557495117,28.0,2,0,0.3125,0.6875,2,0,0.3199999928474426,0.20000000298023224,3,0,0.0,0.0
21.203,26700,26700,8.9,0,0.0,50,0,2.5,-1,0,10,3,-1.0,-1.0,-1.0,-1.0,6235944,1,2,2,2,1,1,1,1,1,0.2355690747499466,3.4704267978668213,4.955140113830566,0,0,0,0.0,0,0,7,0,0.9936011433601379,5.820102691650391,0,-389144,0,0,0,0,0,0,0,0,0,0,0,1,0,2.0,-26.125,1,0,19.04439926147461,23.89739990234375,1,0,-1.8538999557495117,28.0,2,0,0.3125,0.6875,2,0,0.3199999928474426,0.20000000298023224,3,0,0.0,0.0
21.221,26750,26750,8.916667,0,0.0,50,0,2.5,-1,0,10,3,-1.0,-1.0,-1.0,-1.0,6235944,1,2,2,2,1,1,1,1,1,0.23741762340068817,3.4716360569000244,4.957378387451172,0,0,0,0.0,0,0,7,0,0.9893401265144348,5.813042640686035,0,-390060,0,0,0,0,0,0,0,0,0,0,0,1,0,2.0,-26.125,1,0,19.04439926147461,23.89739990234375,1,0,-1.8538999557495117,28.0,2,0,0.3125,0.6875,2,0,0.3199999928474426,0.20000000298023224,3,0,0.0,0.0
21.238,26800,26800,8.933333,0,0.0,50,0,2.5,-1,0,10,3,-1.0,-1.0,-1.0,-1.0,6235944,1,2,2,2,1,1,1,1,1,0.23852242529392242,3.472352981567383,4.958721160888672,0,0,0,0.0,0,0,7,0,0.9850723147392273,5.806027412414551,0,-390976,0,0,0,0,0,0,0,0,0,0,0,1,0,2.0,-26.125,1,0,19.04439926147461,23.89739990234375,1,0,-1.8538999557495117,28.0,2,0,0.3125,0.6875,2,0,0.3199999928474426,0.20000000298023224,3,0,0.0,0.0
21.255,26850,26850,8.95,0,0.0,50,0,2.5,-1,0,10,3,-1.0,-1.0,-1.0,-1.0,6235944,1,2,2,2,1,1,1,1,1,0.23989388346672058,3.4732346534729004,4.960390567779541,0,0,0,0.0,0,0,7,0,0.9807974100112915,5.799056053161621,0,-391892,0,0,0,0,0,0,0,0,0,0,0,1,0,2.0,-26.125,1,0,19.04439926147461,23.89739990234375,1,0,-1.8538999557495117,28.0,2,0,0.3125,0.6875,2,0,0.3199999928474426,0.20000000298023224,3,0,0.0,0.0
21.273,26900,26900,8.966667,0,0.0,50,0,2.5,-1,0,10,3,-1.0,-1.0,-1.0,-1.0,6235944,1,2,2,2,1,1,1,1,1,0.24146156013011932,3.474233627319336,4.96230936050415,0,0,0,0.0,0,0,7,0,0.9765151739120483,5.79212760925293,0,-392808,0,0,0,0,0,0,0,0,0,0,0,1,0,2.0,-26.125,1,0,19.04439926147461,23.89739990234375,1,0,-1.8538999557495117,28.0,2,0,0.3125,0.6875,2,0,0.3199999928474426,0.20000000298023224,3,0,0.0,0.0
21.29,26950,26950,8.983333,0,0.0,50,0,2.5,-1,0,10,3,-1.0,-1.0,-1.0,-1.0,6235944,1,2,2,2,1,1,1,1,1,0.24317315220832825,3.4753167629241943,4.964416027069092,0,0,0,0.0,0,0,7,0,0.9722253680229187,5.785240650177002,0,-393724,0,0,0,0,0,0,0,0,0,0,0,1,0,2.0,-26.125,1,0,19.04439926147461,23.89739990234375,1,0,-1.8538999557495117,28.0,2,0,0.3125,0.6875,2,0,0.3199999928474426,0.20000000298023224,3,0,0.0,0.0
21.307,27000,27000,9.0,0,0.0,50,0,2.5,-1,0,10,3,-1.0,-1.0,-1.0,-1.0,6235944,1,2,2,2,1,1,1,1,1,0.24498945474624634,3.476451873779297,4.966655254364014,0,0,0,0.0,0,0,7,0,0.9679278135299683,5.77839469909668,0,-394640,0,0,0,0,0,0,0,0,0,0,0,1,0,2.0,-26.125,1,0,19.04439926147461,23.89739990234375,1,0,-1.8538999557495117,28.0,2,0,0.3125,0.6875,2,0,0.3199999928474426,0.20000000298023224,3,0,0.0,0.0
21.325,27050,27050,9.016667,0,0.0,50,0,2.5,-1,0,10,3,-1.0,-1.0,-1.0,-1.0,6235944,1,2,2,2,1,1,1,1,1,0.2468731552362442,3.4776177406311035,4.9689860343933105,0,0,0,0.0,0,0,7,0,0.9636222720146179,5.771588325500488,0,-395556,0,0,0,0,0,0,0,0,0,0,0,1,0,2.0,-26.125,1,0,19.04439926147461,23.89739990234375,1,0,-1.8538999557495117,28.0,2,0,0.3125,0.6875,2,0,0.3199999928474426,0.20000000298023224,3,0,0.0,0.0
21.342,27100,27100,9.033333,0,0.0,50,0,2.5,-1,0,10,3,-1.0,-1.0,-1.0,-1.0,6235944,1,2,2,2,1,1,1,1,1,0.24799858033657074,3.47830867767334,4.970383167266846,0,0,0,0.0,0,0,7,0,0.9593085050582886,5.764820575714111,0,-396472,0,0,0,0,0,0,0,0,0,0,0,1,0,2.0,-26.125,1,0,19.04439926147461,23.89739990234375,1,0,-1.8538999557495117,28.0,2,0,0.3125,0.6875,2,0,0.3199999928474426,0.20000000298023224,3,0,0.0,0.0
21.359,27150,27150,9.05,0,0.0,50,0,2.5,-1,0,10,3,-1.0,-1.0,-1.0,-1.0,6235944,1,2,2,2,1,1,1,1,1,0.24939502775669098,3.4791581630706787,4.972116947174072,0,0,0,0.0,0,0,7,0,0.9549863338470459,5.758090972900391,0,-397388,0,0,0,0,0,0,0,0,0,0,0,1,0,2.0,-26.125,1,0,19.04439926147461,23.89739990234375,1,0,-1.8538999557495117,28.0,2,0,0.3125,0.6875,2,0,0.3199999928474426,0.20000000298023224,3,0,0.0,0.0
21.377,27200,27200,9.066667,0,0.0,50,0,2.5,-1,0,10,3,-1.0,-1.0,-1.0,-1.0,6235944,1,2,2,2,1,1,1,1,1,0.25099146366119385,3.4801206588745117,4.9741058349609375,0,0,0,0.0,0,0,7,0,0.9506556391716003,5.751398086547852,0,-398304,0,0,0,0,0,0,0,0,0,0,0,1,0,2.0,-26.125,1,0,19.04439926147461,23.89739990234375,1,0,-1.8538999557495117,28.0,2,0,0.3125,0.6875,2,0,0.3199999928474426,0.20000000298023224,3,0,0.0,0.0
21.394,27250,27250,9.083333,0,0.0,50,0,2.5,-1,0,10,3,-1.0,-1.0,-1.0,-1.0,6235944,1,2,2,2,1,1,1,1,1,0.252732515335083,3.481163263320923,4.976283550262451,0,0,0,0.0,0,0,7,0,0.9463161826133728,5.744741439819336,0,-399220,0,0,0,0,0,0,0,0,0,0,0,1,0,2.0,-26.125,1,0,19.04439926147461,23.89739990234375,1,0,-1.8538999557495117,28.0,2,0,0.3125,0.6875,2,0,0.3199999928474426,0.20000000298023224,3,0,0.0,0.0
21.412,27300,27300,9.1,0,0.0,50,0,2.5,-1,0,10,3,-1.0,-1.0,-1.0,-1.0,6235944,1,2,2,2,1,1,1,1,1,0.25457942485809326,3.482255697250366,4.978591442108154,0,0,0,0.0,0,0,7,0,0.941967785358429,5.738120079040527,0,-400136,0,0,0,0,0,0,0,0,0,0,0,1,0,2.0,-26.125,1,0,19.04439926147461,23.89739990234375,1,0,-1.8538999557495117,28.0,2,0,0.3125,0.6875,2,0,0.3199999928474426,0.20000000298023224,3,0,0.0,0.0
21.429,27350,27350,9.116667,0,0.0,50,0,2.5,-1,0,10,3,-1.0,-1.0,-1.0,-1.0,6235944,1,2,2,2,1,1,1,1,1,0.25649404525756836,3.4833791255950928,4.98098611831665,0,0,0,0.0,0,0,7,0,0.9376102685928345,5.731533050537109,0,-401052,0,0,0,0,0,0,0,0,0,0,0,1,0,2.0,-26.125,1,0,19.04439926147461,23.89739990234375,1,0,-1.8538999557495117,28.0,2,0,0.3125,0.6875,2,0,0.3199999928474426,0.20000000298023224,3,0,0.0,0.0
21.447,27400,27400,9.133333,0,0.0,50,0,2.5,-1,0,10,3,-1.0,-1.0,-1.0,-1.0,6235944,1,2,2,2,1,1,1,1,1,0.25763753056526184,3.4840450286865234,4.982418537139893,0,0,0,0.0,0,0,7,0,0.933243453502655,5.724979877471924,0,-401968,0,0,0,0,0,0,0,0,0,0,0,1,0,2.0,-26.125,1,0,19.04439926147461,23.89739990234375,1,0,-1.8538999557495117,28.0,2,0,0.3125,0.6875,2,0,0.3199999928474426,0.20000000298023224,3,0,0.0,0.0
21.464,27450,27450,9.15,0,0.0,50,0,2.5,-1,0,10,3,-1.0,-1.0,-1.0,-1.0,6235944,1,2,2,2,1,1,1,1,1,0.25905558466911316,3.4848599433898926,4.98419189453125,0,0,0,0.0,0,0,7,0,0.9288672208786011,5.718459606170654,0,-402884,0,0,0,0,0,0,0,0,0,0,0,1,0,2.0,-26.125,1,0,19.04439926147461,23.89739990234375,1,0,-1.8538999557495117,28.0,2,0,0.3125,0.6875,2,0,0.3199999928474426,0.20000000298023224,3,0,0.0,0.0
21.481,27500,27500,9.166667,0,0.0,50,0,2.5,-1,0,10,3,-1.0,-1.0,-1.0,-1.0,6235944,1,2,2,2,1,1,1,1,1,0.2606760859489441,3.485783338546753,4.9862236976623535,0,0,0,0.0,0,0,7,0,0.9244813919067383,5.711971759796143,0,-403800,0,0,0,0,0,0,0,0,0,0,0,1,0,2.0,-26.125,1,0,19.04439926147461,23.89739990234375,1,0,-1.8538999557495117,28.0,2,0,0.3125,0.6875,2,0,0.3199999928474426,0.20000000298023224,3,0,0.0,0.0
21.499,27550,27550,9.183333,0,0.0,50,0,2.5,-1,0,10,3,-1.0,-1.0,-1.0,-1.0,6235944,1,2,2,2,1,1,1,1,1,0.2624434232711792,3.486783742904663,4.988440990447998,0,0,0,0.0,0,0,7,0,0.9200858473777771,5.705515384674072,0,-404716,0,0,0,0,0,0,0,0,0,0,0,1,0,2.0,-26.125,1,0,19.04439926147461,23.89739990234375,1,0,-1.8538999557495117,28.0,2,0,0.3125,0.6875,2,0,0.3199999928474426,0.20000000298023224,3,0,0.0,0.0
21.516,27600,27600,9.2,0,0.0,50,0,2.5,-1,0,10,3,-1.0,-1.0,-1.0,-1.0,6235944,1,2,2,2,1,1,1,1,1,0.2643161118030548,3.4878315925598145,4.990785121917725,0,0,0,0.0,0,0,7,0,0.915680468082428,5.699090003967285,0,-405632,0,0,0,0,0,0,0,0,0,0,0,1,0,2.0,-26.125,1,0,19.04439926147461,23.89739990234375,1,0,-1.8538999557495117,28.0,2,0,0.3125,0.6875,2,0,0.3199999928474426,0.20000000298023224,3,0,0.0,0.0
21.533,27650,27650,9.216667,0,0.0,50,0,2.5,-1,0,10,3,-1.0,-1.0,-1.0,-1.0,6235944,1,2,2,2,1,1,1,1,1,0.26625657081604004,3.4889092445373535,4.993212699890137,0,0,0,0.0,0,0,7,0,0.9112651348114014,5.692695140838623,0,-406548,0,0,0,0,0,0,0,0,0,0,0,1,0,2.0,-26.125,1,0,19.04439926147461,23.89739990234375,1,0,-1.8538999557495117,28.0,2,0,0.3125,0.6875,2,0,0.3199999928474426,0.20000000298023224,3,0,0.0,0.0
21.551,27700,27700,9.233333,0,0.0,50,0,2.5,-1,0,10,3,-1.0,-1.0,-1.0,-1.0,6235944,1,2,2,2,1,1,1,1,1,0.26741504669189453,3.4895477294921875,4.994662284851074,0,0,0,0.0,0,0,7,0,0.9068396687507629,5.6863298416137695,0,-407464,0,0,0,0,0,0,0,0,0,0,0,1,0,2.0,-26.125,1,0,19.04439926147461,23.89739990234375,1,0,-1.8538999557495117,28.0,2,0,0.3125,0.6875,2,0,0.3199999928474426,0.20000000298023224,3,0,0.0,0.0
21.568,27750,27750,9.25,0,0.0,50,0,2.5,-1,0,10,3,-1.0,-1.0,-1.0,-1.0,6235944,1,2,2,2,1,1,1,1,1,0.2688509523868561,3.4903290271759033,4.996452331542969,0,0,0,0.0,0,0,7,0,0.9024039506912231,5.679993629455566,0,-408380,0,0,0,0,0,0,0,0,0,0,0,1,0,2.0,-26.125,1,0,19.04439926147461,23.89739990234375,1,0,-1.8538999557495117,28.0,2,0,0.3125,0.6875,2,0,0.3199999928474426,0.20000000298023224,3,0,0.0,0.0
21.585,27800,27800,9.266667,0,0.0,50,0,2.5,-1,0,10,3,-1.0,-1.0,-1.0,-1.0,6235944,1,2,2,2,1,1,1,1,1,0.2704910337924957,3.49121356010437,5.000713348388672,0,0,0,0.0,0,0,7,0,0.893501341342926,5.6674065589904785,0,-410212,0,0,0,0,0,0,0,0,0,0,0,1,0,2.0,-26.125,1,0,19.04439926147461,23.89739990234375,1,0,-1.8538999557495117,28.0,2,0,0.3125,0.6875,2,0,0.3199999928474426,0.20000000298023224,3,0,0.0,0.0
21.602,27900,27900,9.3,0,0.0,50,0,2.5,-1,0,10,3,-1.0,-1.0,-1.0,-1.0,6235944,1,2,2,2,1,1,1,1,1,0.27417290210723877,3.4931740760803223,5.003054141998291,0,0,0,0.0,0,0,7,0,0.8890342712402344,5.661154270172119,0,-411128,0,0,0,0,0,0,0,0,0,0,0,1,0,2.0,-26.125,1,0,19.04439926147461,23.89739990234375,1,0,-1.8538999557495117,28.0,2,0,0.3125,0.6875,2,0,0.3199999928474426,0.20000000298023224,3,0,0.0,0.0
21.62,27950,27950,9.316667,0,0.0,50,0,2.5,-1,0,10,3,-1.0,-1.0,-1.0,-1.0,6235944,1,2,2,2,1,1,1,1,1,0.2761334478855133,3.4942047595977783,5.005471229553223,0,0,0,0.0,0,0,7,0,0.8845565319061279,5.654929161071777,0,-412044,0,0,0,0,0,0,0,0,0,0,0,1,0,2.0,-26.125,1,0,19.04439926147461,23.89739990234375,1,0,-1.8538999557495117,28.0,2,0,0.3125,0.6875,2,0,0.3199999928474426,0.20000000298023224,3,0,0.0,0.0
21.638,28000,28000,9.333333,0,0.0,50,0,2.5,-1,0,10,3,-1.0,-1.0,-1.0,-1.0,6235944,1,2,2,2,1,1,1,1,1,0.27730339765548706,3.4948151111602783,5.006911754608154,0,0,0,0.0,0,0,7,0,0.8800680041313171,5.648730278015137,0,-412960,0,0,0,0,0,0,0,0,0,0,0,1,0,2.0,-26.125,1,0,19.04439926147461,23.89739990234375,1,0,-1.8538999557495117,28.0,2,0,0.3125,0.6875,2,0,0.3199999928474426,0.20000000298023224,3,0,0.0,0.0
21.656,28050,28050,9.35,0,0.0,50,0,2.5,-1,0,10,3,-1.0,-1.0,-1.0,-1.0,6235944,1,2,2,2,1,1,1,1,1,0.27875277400016785,3.4955615997314453,5.0086846351623535,0,0,0,0.0,0,0,7,0,0.8755686283111572,5.642557144165039,0,-413876,0,0,0,0,0,0,0,0,0,0,0,1,0,2.0,-26.125,1,0,19.04439926147461,23.89739990234375,1,0,-1.8538999557495117,28.0,2,0,0.3125,0.6875,2,0,0.3199999928474426,0.20000000298023224,3,0,0.0,0.0
21.674,28100,28100,9.366667,0,0.0,50,0,2.5,-1,0,10,3,-1.0,-1.0,-1.0,-1.0,6235944,1,2,2,2,1,1,1,1,1,0.2804074287414551,3.4964065551757812,5.010700702667236,0,0,0,0.0,0,0,7,0,0.8710583448410034,5.636409759521484,0,-414792,0,0,0,0,0,0,0,0,0,0,0,1,0,2.0,-26.125,1,0,19.04439926147461,23.89739990234375,1,0,-1.8538999557495117,28.0,2,0,0.3125,0.6875,2,0,0.3199999928474426,0.20000000298023224,3,0,0.0,0.0
21.692,28150,28150,9.383333,0,0.0,50,0,2.5,-1,0,10,3,-1.0,-1.0,-1.0,-1.0,6235944,1,2,2,2,1,1,1,1,1,0.282210111618042,3.4973208904266357,5.012887477874756,0,0,0,0.0,0,0,7,0,0.8665370941162109,5.630287170410156,0,-415708,0,0,0,0,0,0,0,0,0,0,0,1,0,2.0,-26.125,1,0,19.04439926147461,23.89739990234375,1,0,-1.8538999557495117,28.0,2,0,0.3125,0.6875,2,0,0.3199999928474426,0.20000000298023224,3,0,0.0,0.0
21.709,28200,28200,9.4,0,0.0,50,0,2.5,-1,0,10,3,-1.0,-1.0,-1.0,-1.0,6235944,1,2,2,2,1,1,1,1,1,0.2841188609600067,3.4982779026031494,5.015188694000244,0,0,0,0.0,0,0,7,0,0.862004816532135,5.624189376831055,0,-416624,0,0,0,0,0,0,0,0,0,0,0,1,0,2.0,-26.125,1,0,19.04439926147461,23.89739990234375,1,0,-1.8538999557495117,28.0,2,0,0.3125,0.6875,2,0,0.3199999928474426,0.20000000298023224,3,0,0.0,0.0
21.726,28250,28250,9.416667,0,0.0,50,0,2.5,-1,0,10,3,-1.0,-1.0,-1.0,-1.0,6235944,1,2,2,2,1,1,1,1,1,0.28609415888786316,3.499260663986206,5.017556190490723,0,0,0,0.0,0,0,7,0,0.8574613928794861,5.618115425109863,0,-417540,0,0,0,0,0,0,0,0,0,0,0,1,0,2.0,-26.125,1,0,19.04439926147461,23.89739990234375,1,0,-1.8538999557495117,28.0,2,0,0.3125,0.6875,2,0,0.3199999928474426,0.20000000298023224,3,0,0.0,0.0
21.743,28300,28300,9.433333,0,0.0,50,0,2.5,-1,0,10,3,-1.0,-1.0,-1.0,-1.0,6235944,1,2,2,2,1,1,1,1,1,0.28727245330810547,3.499842405319214,5.018963813781738,0,0,0,0.0,0,0,7,0,0.8529067635536194,5.612065315246582,0,-418456,0,0,0,0,0,0,0,0,0,0,0,1,0,2.0,-26.125,1,0,19.04439926147461,23.89739990234375,1,0,-1.8538999557495117,28.0,2,0,0.3125,0.6875,2,0,0.3199999928474426,0.20000000298023224,3,0,0.0,0.0
21.761,28350,28350,9.45,0,0.0,50,0,2.5,-1,0,10,3,-1.0,-1.0,-1.0,-1.0,6235944,1,2,2,2,1,1,1,1,1,0.2887308895587921,3.5005533695220947,5.020689487457275,0,0,0,0.0,0,0,7,0,0.8483408689498901,5.606038570404053,0,-419372,0,0,0,0,0,0,0,0,0,0,0,1,0,2.0,-26.125,1,0,19.04439926147461,23.89739990234375,1,0,-1.8538999557495117,28.0,2,0,0.3125,0.6875,2,0,0.3199999928474426,0.20000000298023224,3,0,0.0,0.0
21.779,28400,28400,9.466667,0,0.0,50,0,2.5,-1,0,10,3,-1.0,-1.0,-1.0,-1.0,6235944,1,2,2,2,1,1,1,1,1,0.2903940975666046,3.5013577938079834,5.022646903991699,0,0,0,0.0,0,0,7,0,0.8437637090682983,5.600034713745117,0,-420288,0,0,0,0,0,0,0,0,0,0,0,1,0,2.0,-26.125,1,0,19.04439926147461,23.89739990234375,1,0,-1.8538999557495117,28.0,2,0,0.3125,0.6875,2,0,0.3199999928474426,0.20000000298023224,3,0,0.0,0.0
21.796,28450,28450,9.483333,0,0.0,50,0,2.5,-1,0,10,3,-1.0,-1.0,-1.0,-1.0,6235944,1,2,2,2,1,1,1,1,1,0.29220521450042725,3.502227544784546,5.024766445159912,0,0,0,0.0,0,0,7,0,0.8391752243041992,5.594053268432617,0,-421204,0,0,0,0,0,0,0,0,0,0,0,1,0,2.0,-26.125,1,0,19.04439926147461,23.89739990234375,1,0,-1.8538999557495117,28.0,2,0,0.3125,0.6875,2,0,0.3199999928474426,0.20000000298023224,3,0,0.0,0.0
21.813,28500,28500,9.5,0,0.0,50,0,2.5,-1,0,10,3,-1.0,-1.0,-1.0,-1.0,6235944,1,2,2,2,1,1,1,1,1,0.29412180185317993,3.5031371116638184,5.026986122131348,0,0,0,0.0,0,0,7,0,0.8345754146575928,5.5880937576293945,0,-422120,0,0,0,0,0,0,0,0,0,0,0,1,0,2.0,-26.125,1,0,19.04439926147461,23.89739990234375,1,0,-1.8538999557495117,28.0,2,0,0.3125,0.6875,2,0,0.3199999928474426,0.20000000298023224,3,0,0.0,0.0
21.831,28550,28550,9.516667,0,0.0,50,0,2.5,-1,0,10,3,-1.0,-1.0,-1.0,-1.0,6235944,1,2,2,2,1,1,1,1,1,0.29610395431518555,3.504070997238159,5.029263973236084,0,0,0,0.0,0,0,7,0,0.8299642205238342,5.582156181335449,0,-423036,0,0,0,0,0,0,0,0,0,0,0,1,0,2.0,-26.125,1,0,19.04439926147461,23.89739990234375,1,0,-1.8538999557495117,28.0,2,0,0.3125,0.6875,2,0,0.3199999928474426,0.20000000298023224,3,0,0.0,0.0
21.848,28600,28600,9.533333,0,0.0,50,0,2.5,-1,0,10,3,-1.0,-1.0,-1.0,-1.0,6235944,1,2,2,2,1,1,1,1,1,0.297285795211792,3.5046234130859375,5.030614852905273,0,0,0,0.0,0,0,7,0,0.8253415822982788,5.576240062713623,0,-423952,0,0,0,0,0,0,0,0,0,0,0,1,0,2.0,-26.125,1,0,19.04439926147461,23.89739990234375,1,0,-1.8538999557495117,28.0,2,0,0.3125,0.6875,2,0,0.3199999928474426,0.20000000298023224,3,0,0.0,0.0
21.865,28650,28650,9.55,0,0.0,50,0,2.5,-1,0,10,3,-1.0,-1.0,-1.0,-1.0,6235944,1,2,2,2,1,1,1,1,1,0.29874780774116516,3.505298137664795,5.032265663146973,0,0,0,0.0,0,0,7,0,0.8207074999809265,5.570344924926758,0,-424868,0,0,0,0,0,0,0,0,0,0,0,1,0,2.0,-26.125,1,0,19.04439926147461,23.89739990234375,1,0,-1.8538999557495117,28.0,2,0,0.3125,0.6875,2,0,0.3199999928474426,0.20000000298023224,3,0,0.0,0.0
21.883,28700,28700,9.566667,0,0.0,50,0,2.5,-1,0,10,3,-1.0,-1.0,-1.0,-1.0,6235944,1,2,2,2,1,1,1,1,1,0.3004146218299866,3.50606107711792,5.0341362953186035,0,0,0,0.0,0,0,7,0,0.8160619735717773,5.5644707679748535,0,-425784,0,0,0,0,0,0,0,0,0,0,0,1,0,2.0,-26.125,1,0,19.04439926147461,23.89739990234375,1,0,-1.8538999557495117,28.0,2,0,0.3125,0.6875,2,0,0.3199999928474426,0.20000000298023224,3,0,0.0,0.0
21.9,28750,28750,9.583333,0,0.0,50,0,2.5,-1,0,10,3,-1.0,-1.0,-1.0,-1.0,6235944,1,2,2,2,1,1,1,1,1,0.30222761631011963,3.5068857669830322,5.036152362823486,0,0,0,0.0,0,0,7,0,0.8114050030708313,5.558617115020752,0,-426700,0,0,0,0,0,0,0,0,0,0,0,1,0,2.0,-26.125,1,0,19.04439926147461,23.89739990234375,1,0,-1.8538999557495117,28.0,2,0,0.3125,0.6875,2,0,0.3199999928474426,0.20000000298023224,3,0,0.0,0.0
21.917,28800,28800,9.6,0,0.0,50,0,2.5,-1,0,10,3,-1.0,-1.0,-1.0,-1.0,6235944,1,2,2,2,1,1,1,1,1,0.30414506793022156,3.5077474117279053,5.038260459899902,0,0,0,0.0,0,0,7,0,0.8067365884780884,5.552783489227295,0,-427616,0,0,0,0,0,0,0,0,0,0,0,1,0,2.0,-26.125,1,0,19.04439926147461,23.89739990234375,1,0,-1.8538999557495117,28.0,2,0,0.3125,0.6875,2,0,0.3199999928474426,0.20000000298023224,3,0,0.0,0.0
21.934,28850,28850,9.616667,0,0.0,50,0,2.5,-1,0,10,3,-1.0,-1.0,-1.0,-1.0,6235944,1,2,2,2,1,1,1,1,1,0.3061266541481018,3.5086312294006348,5.040416240692139,0,0,0,0.0,0,0,7,0,0.8020567893981934,5.546969890594482,0,-428532,0,0,0,0,0,0,0,0,0,0,0,1,0,2.0,-26.125,1,0,19.04439926147461,23.89739990234375,1,0,-1.8538999557495117,28.0,2,0,0.3125,0.6875,2,0,0.3199999928474426,0.20000000298023224,3,0,0.0,0.0
21.951,28900,28900,9.633333,0,0.0,50,0,2.5,-1,0,10,3,-1.0,-1.0,-1.0,-1.0,6235944,1,2,2,2,1,1,1,1,1,0.30730751156806946,3.5091538429260254,5.041691780090332,0,0,0,0.0,0,0,7,0,0.7973655462265015,5.541175842285156,0,-429448,0,0,0,0,0,0,0,0,0,0,0,1,0,2.0,-26.125,1,0,19.04439926147461,23.89739990234375,1,0,-1.8538999557495117,28.0,2,0,0.3125,0.6875,2,0,0.3199999928474426,0.20000000298023224,3,0,0.0,0.0
21.969,29000,29000,9.666667,0,0.0,50,0,2.5,-1,0,10,3,-1.0,-1.0,-1.0,-1.0,6235944,1,2,2,2,1,1,1,1,1,0.31043073534965515,3.510512590408325,5.045007228851318,0,0,0,0.0,0,0,7,0,0.7879487872123718,5.52964448928833,0,-431280,0,0,0,0,0,0,0,0,0,0,0,1,0,2.0,-26.125,1,0,19.04439926147461,23.89739990234375,1,0,-1.8538999557495117,28.0,2,0,0.3125,0.6875,2,0,0.3199999928474426,0.20000000298023224,3,0,0.0,0.0
21.986,29050,29050,9.683333,0,0.0,50,0,2.5,-1,0,10,3,-1.0,-1.0,-1.0,-1.0,6235944,1,2,2,2,1,1,1,1,1,0.31223922967910767,3.5112907886505127,5.0468974113464355,0,0,0,0.0,0,0,7,0,0.7832233905792236,5.523906707763672,0,-432196,0,0,0,0,0,0,0,0,0,0,0,1,0,2.0,-26.125,1,0,19.04439926147461,23.89739990234375,1,0,-1.8538999557495117,28.0,2,0,0.3125,0.6875,2,0,0.3199999928474426,0.20000000298023224,3,0,0.0,0.0
22.003,29100,29100,9.7,0,0.0,50,0,2.5,-1,0,10,3,-1.0,-1.0,-1.0,-1.0,6235944,1,2,2,2,1,1,1,1,1,0.3141496777534485,3.51210355758667,5.048865795135498,0,0,0,0.0,0,0,7,0,0.7784866690635681,5.518187522888184,0,-433112,0,0,0,0,0,0,0,0,0,0,0,1,0,2.0,-26.125,1,0,19.04439926147461,23.89739990234375,1,0,-1.8538999557495117,28.0,2,0,0.3125,0.6875,2,0,0.3199999928474426,0.20000000298023224,3,0,0.0,0.0
22.021,29150,29150,9.716667,0,0.0,50,0,2.5,-1,0,10,3,-1.0,-1.0,-1.0,-1.0,6235944,1,2,2,2,1,1,1,1,1,0.3161228597164154,3.5129363536834717,5.050877571105957,0,0,0,0.0,0,0,7,0,0.77373868227005,5.512486457824707,0,-434028,0,0,0,0,0,0,0,0,0,0,0,1,0,2.0,-26.125,1,0,19.04439926147461,23.89739990234375,1,0,-1.8538999557495117,28.0,2,0,0.3125,0.6875,2,0,0.3199999928474426,0.20000000298023224,3,0,0.0,0.0
22.038,29200,29200,9.733333,0,0.0,50,0,2.5,-1,0,10,3,-1.0,-1.0,-1.0,-1.0,6235944,1,2,2,2,1,1,1,1,1,0.3172980546951294,3.5134286880493164,5.052064895629883,0,0,0,0.0,0,0,7,0,0.7689794898033142,5.506803035736084,0,-434944,0,0,0,0,0,0,0,0,0,0,0,1,0,2.0,-26.125,1,0,19.04439926147461,23.89739990234375,1,0,-1.8538999557495117,28.0,2,0,0.3125,0.6875,2,0,0.3199999928474426,0.20000000298023224,3,0,0.0,0.0
22.055,29250,29250,9.75,0,0.0,50,0,2.5,-1,0,10,3,-1.0,-1.0,-1.0,-1.0,6235944,1,2,2,2,1,1,1,1,1,0.31874945759773254,3.5140292644500732,5.053509712219238,0,0,0,0.0,0,0,7,0,0.7642091512680054,5.5011372566223145,0,-435860,0,0,0,0,0,0,0,0,0,0,0,1,0,2.0,-26.125,1,0,19.04439926147461,23.89739990234375,1,0,-1.8538999557495117,28.0,2,0,0.3125,0.6875,2,0,0.3199999928474426,0.20000000298023224,3,0,0.0,0.0
22.072,29300,29300,9.766667,0,0.0,50,0,2.5,-1,0,10,3,-1.0,-1.0,-1.0,-1.0,6235944,1,2,2,2,1,1,1,1,1,0.32040223479270935,3.5147085189819336,5.055136203765869,0,0,0,0.0,0,0,7,0,0.7594277262687683,5.49548864364624,0,-436776,0,0,0,0,0,0,0,0,0,0,0,1,0,2.0,-26.125,1,0,19.04439926147461,23.89739990234375,1,0,-1.8538999557495117,28.0,2,0,0.3125,0.6875,2,0,0.3199999928474426,0.20000000298023224,3,0,0.0,0.0
22.09,29350,29350,9.783333,0,0.0,50,0,2.5,-1,0,10,3,-1.0,-1.0,-1.0,-1.0,6235944,1,2,2,2,1,1,1,1,1,0.32219815254211426,3.51543927192688,5.056882381439209,0,0,0,0.0,0,0,7,0,0.7546352744102478,5.489856719970703,0,-437692,0,0,0,0,0,0,0,0,0,0,0,1,0,2.0,-26.125,1,0,19.04439926147461,23.89739990234375,1,0,-1.8538999557495117,28.0,2,0,0.3125,0.6875,2,0,0.3199999928474426,0.20000000298023224,3,0,0.0,0.0
22.107,29400,29400,9.8,0,0.0,50,0,2.5,-1,0,10,3,-1.0,-1.0,-1.0,-1.0,6235944,1,2,2,2,1,1,1,1,1,0.32409414649009705,3.5162017345428467,5.058701515197754,0,0,0,0.0,0,0,7,0,0.7498319149017334,5.484241485595703,0,-438608,0,0,0,0,0,0,0,0,0,0,0,1,0,2.0,-26.125,1,0,19.04439926147461,23.89739990234375,1,0,-1.8538999557495117,28.0,2,0,0.3125,0.6875,2,0,0.3199999928474426,0.20000000298023224,3,0,0.0,0.0
22.124,29450,29450,9.816667,0,0.0,50,0,2.5,-1,0,10,3,-1.0,-1.0,-1.0,-1.0,6235944,1,2,2,2,1,1,1,1,1,0.3260501027107239,3.5169827938079834,5.060554504394531,0,0,0,0.0,0,0,7,0,0.7450177073478699,5.478642463684082,0,-439524,0,0,0,0,0,0,0,0,0,0,0,1,0,2.0,-26.125,1,0,19.04439926147461,23.89739990234375,1,0,-1.8538999557495117,28.0,2,0,0.3125,0.6875,2,0,0.3199999928474426,0.20000000298023224,3,0,0.0,0.0
22.142,29500,29500,9.833333,0,0.0,50,0,2.5,-1,0,10,3,-1.0,-1.0,-1.0,-1.0,6235944,1,2,2,2,1,1,1,1,1,0.32721424102783203,3.517443895339966,5.061645984649658,0,0,0,0.0,0,0,7,0,0.740192711353302,5.47305965423584,0,-440440,0,0,0,0,0,0,0,0,0,0,0,1,0,2.0,-26.125,1,0,19.04439926147461,23.89739990234375,1,0,-1.8538999557495117,28.0,2,0,0.3125,0.6875,2,0,0.3199999928474426,0.20000000298023224,3,0,0.0,0.0
22.16,29550,29550,9.85,0,0.0,50,0,2.5,-1,0,10,3,-1.0,-1.0,-1.0,-1.0,6235944,1,2,2,2,1,1,1,1,1,0.32865121960639954,3.518005847930908,5.062971591949463,0,0,0,0.0,0,0,7,0,0.7353570461273193,5.467492580413818,0,-441356,0,0,0,0,0,0,0,0,0,0,0,1,0,2.0,-26.125,1,0,19.04439926147461,23.89739990234375,1,0,-1.8538999557495117,28.0,2,0,0.3125,0.6875,2,0,0.3199999928474426,0.20000000298023224,3,0,0.0,0.0
22.177,29600,29600,9.866667,0,0.0,50,0,2.5,-1,0,10,3,-1.0,-1.0,-1.0,-1.0,6235944,1,2,2,2,1,1,1,1,1,0.33028605580329895,3.518641471862793,5.064462184906006,0,0,0,0.0,0,0,7,0,0.7305108308792114,5.461941242218018,0,-442272,0,0,0,0,0,0,0,0,0,0,0,1,0,2.0,-26.125,1,0,19.04439926147461,23.89739990234375,1,0,-1.8538999557495117,28.0,2,0,0.3125,0.6875,2,0,0.3199999928474426,0.20000000298023224,3,0,0.0,0.0
22.194,29650,29650,9.883333,0,0.0,50,0,2.5,-1,0,10,3,-1.0,-1.0,-1.0,-1.0,6235944,1,2,2,2,1,1,1,1,1,0.33206114172935486,3.519324541091919,5.0660624504089355,0,0,0,0.0,0,0,7,0,0.7256541848182678,5.456405162811279,0,-443188,0,0,0,0,0,0,0,0,0,0,0,1,0,2.0,-26.125,1,0,19.04439926147461,23.89739990234375,1,0,-1.8538999557495117,28.0,2,0,0.3125,0.6875,2,0,0.3199999928474426,0.20000000298023224,3,0,0.0,0.0
22.211,29700,29700,9.9,0,0.0,50,0,2.5,-1,0,10,3,-1.0,-1.0,-1.0,-1.0,6235944,1,2,2,2,1,1,1,1,1,0.33393365144729614,3.5200366973876953,5.067723274230957,0,0,0,0.0,0,0,7,0,0.7207872271537781,5.450883865356445,0,-444104,0,0,0,0,0,0,0,0,0,0,0,1,0,2.0,-26.125,1,0,19.04439926147461,23.89739990234375,1,0,-1.8538999557495117,28.0,2,0,0.3125,0.6875,2,0,0.3199999928474426,0.20000000298023224,3,0,0.0,0.0
22.229,29750,29750,9.916667,0,0.0,50,0,2.5,-1,0,10,3,-1.0,-1.0,-1.0,-1.0,6235944,1,2,2,2,1,1,1,1,1,0.3358643054962158,3.5207650661468506,5.069413661956787,0,0,0,0.0,0,0,7,0,0.715910017490387,5.445377349853516,0,-445020,0,0,0,0,0,0,0,0,0,0,0,1,0,2.0,-26.125,1,0,19.04439926147461,23.89739990234375,1,0,-1.8538999557495117,28.0,2,0,0.3125,0.6875,2,0,0.3199999928474426,0.20000000298023224,3,0,0.0,0.0
22.246,29800,29800,9.933333,0,0.0,50,0,2.5,-1,0,10,3,-1.0,-1.0,-1.0,-1.0,6235944,1,2,2,2,1,1,1,1,1,0.33701273798942566,3.5211949348449707,5.070407390594482,0,0,0,0.0,0,0,7,0,0.7110227942466736,5.439885139465332,0,-445936,0,0,0,0,0,0,0,0,0,0,0,1,0,2.0,-26.125,1,0,19.04439926147461,23.89739990234375,1,0,-1.8538999557495117,28.0,2,0,0.3125,0.6875,2,0,0.3199999928474426,0.20000000298023224,3,0,0.0,0.0
22.263,29850,29850,9.95,0,0.0,50,0,2.5,-1,0,10,3,-1.0,-1.0,-1.0,-1.0,6235944,1,2,2,2,1,1,1,1,1,0.33842557668685913,3.5217182636260986,5.071614742279053,0,0,0,0.0,0,0,7,0,0.7061256170272827,5.4344072341918945,0,-446852,0,0,0,0,0,0,0,0,0,0,0,1,0,2.0,-26.125,1,0,19.04439926147461,23.89739990234375,1,0,-1.8538999557495117,28.0,2,0,0.3125,0.6875,2,0,0.3199999928474426,0.20000000298023224,3,0,0.0,0.0
22.281,29900,29900,9.966667,0,0.0,50,0,2.5,-1,0,10,3,-1.0,-1.0,-1.0,-1.0,6235944,1,2,2,2,1,1,1,1,1,0.3400355577468872,3.5223090648651123,5.072973728179932,0,0,0,0.0,0,0,7,0,0.7012186646461487,5.428943157196045,0,-447768,0,0,0,0,0,0,0,0,0,0,0,1,0,2.0,-26.125,1,0,19.04439926147461,23.89739990234375,1,0,-1.8538999557495117,28.0,2,0,0.3125,0.6875,2,0,0.3199999928474426,0.20000000298023224,3,0,0.0,0.0
22.298,29950,29950,9.983333,0,0.0,50,0,2.5,-1,0,10,3,-1.0,-1.0,-1.0,-1.0,6235944,1,2,2,2,1,1,1,1,1,0.3417820930480957,3.5229437351226807,5.0744309425354,0,0,0,0.0,0,0,7,0,0.696302056312561,5.423492908477783,0,-448684,0,0,0,0,0,0,0,0,0,0,0,1,0,2.0,-26.125,1,0,19.04439926147461,23.89739990234375,1,0,-1.8538999557495117,28.0,2,0,0.3125,0.6875,2,0,0.3199999928474426,0.20000000298023224,3,0,0.0,0.0
22.315,30000,30000,10.0,0,0.0,50,0,2.5,-1,0,10,3,-1.0,-1.0,-1.0,-1.0,6235944,1,2,2,2,1,1,1,1,1,0.34362292289733887,3.523604393005371,5.075943946838379,0,0,0,0.0,0,0,7,0,0.6913759708404541,5.418056011199951,0,-449600,0,0,0,0,0,0,0,0,0,0,0,1,0,2.0,-26.125,1,0,19.04439926147461,23.89739990234375,1,0,-1.8538999557495117,28.0,2,0,0.3125,0.6875,2,0,0.3199999928474426,0.20000000298023224,3,0,0.0,0.0
22.333,30050,30050,10.016667,0,0.0,50,0,2.5,-1,0,10,3,-1.0,-1.0,-1.0,-1.0,6235944,1,2,2,2,1,1,1,1,1,0.34551870822906494,3.5242793560028076,5.077483177185059,0,0,0,0.0,0,0,7,0,0.6864405870437622,5.412631988525391,0,-450516,0,0,0,0,0,0,0,0,0,0,0,1,0,2.0,-26.125,1,0,19.04439926147461,23.89739990234375,1,0,-1.8538999557495117,28.0,2,0,0.3125,0.6875,2,0,0.3199999928474426,0.20000000298023224,3,0,0.0,0.0
22.35,30100,30100,10.033333,0,0.0,50,0,2.5,-1,0,10,3,-1.0,-1.0,-1.0,-1.0,6235944,1,2,2,2,1,1,1,1,1,0.34664562344551086,3.524677276611328,5.078388214111328,0,0,0,0.0,0,0,7,0,0.6814960837364197,5.407220840454102,0,-451432,0,0,0,0,0,0,0,0,0,0,0,1,0,2.0,-26.125,1,0,19.04439926147461,23.89739990234375,1,0,-1.8538999557495117,28.0,2,0,0.3125,0.6875,2,0,0.3199999928474426,0.20000000298023224,3,0,0.0,0.0
22.368,30150,30150,10.05,0,0.0,50,0,2.5,-1,0,10,3,-1.0,-1.0,-1.0,-1.0,6235944,1,2,2,2,1,1,1,1,1,0.34803062677383423,3.5251612663269043,5.079489707946777,0,0,0,0.0,0,0,7,0,0.6765425801277161,5.401822090148926,0,-452348,0,0,0,0,0,0,0,0,0,0,0,1,0,2.0,-26.125,1,0,19.04439926147461,23.89739990234375,1,0,-1.8538999557495117,28.0,2,0,0.3125,0.6875,2,0,0.3199999928474426,0.20000000298023224,3,0,0.0,0.0
22.385,30200,30200,10.066667,0,0.0,50,0,2.5,-1,0,10,3,-1.0,-1.0,-1.0,-1.0,6235944,1,2,2,2,1,1,1,1,1,0.34960830211639404,3.525707244873047,5.080728530883789,0,0,0,0.0,0,0,7,0,0.6715803146362305,5.396435260772705,0,-453264,0,0,0,0,0,0,0,0,0,0,0,1,0,2.0,-26.125,1,0,19.04439926147461,23.89739990234375,1,0,-1.8538999557495117,28.0,2,0,0.3125,0.6875,2,0,0.3199999928474426,0.20000000298023224,3,0,0.0,0.0
22.402,30250,30250,10.083333,0,0.0,50,0,2.5,-1,0,10,3,-1.0,-1.0,-1.0,-1.0,6235944,1,2,2,2,1,1,1,1,1,0.3531162440776825,3.5269014835357666,5.083437442779541,0,0,0,0.0,0,0,7,0,0.6616300940513611,5.385697364807129,0,-455096,0,0,0,0,0,0,0,0,0,0,0,1,0,2.0,-26.125,1,0,19.04439926147461,23.89739990234375,1,0,-1.8538999557495117,28.0,2,0,0.3125,0.6875,2,0,0.3199999928474426,0.20000000298023224,3,0,0.0,0.0
22.419,30350,30350,10.116667,0,0.0,50,0,2.5,-1,0,10,3,-1.0,-1.0,-1.0,-1.0,6235944,1,2,2,2,1,1,1,1,1,0.35496777296066284,3.527522563934326,5.084847450256348,0,0,0,0.0,0,0,7,0,0.6566426157951355,5.380345344543457,0,-456012,0,0,0,0,0,0,0,0,0,0,0,1,0,2.0,-26.125,1,0,19.04439926147461,23.89739990234375,1,0,-1.8538999557495117,28.0,2,0,0.3125,0.6875,2,0,0.3199999928474426,0.20000000298023224,3,0,0.0,0.0
22.436,30400,30400,10.133333,0,0.0,50,0,2.5,-1,0,10,3,-1.0,-1.0,-1.0,-1.0,6235944,1,2,2,2,1,1,1,1,1,0.35606756806373596,3.527888298034668,5.085676670074463,0,0,0,0.0,0,0,7,0,0.65164715051651,5.375004291534424,0,-456928,0,0,0,0,0,0,0,0,0,0,0,1,0,2.0,-26.125,1,0,19.04439926147461,23.89739990234375,1,0,-1.8538999557495117,28.0,2,0,0.3125,0.6875,2,0,0.3199999928474426,0.20000000298023224,3,0,0.0,0.0
22.453,30450,30450,10.15,0,0.0,50,0,2.5,-1,0,10,3,-1.0,-1.0,-1.0,-1.0,6235944,1,2,2,2,1,1,1,1,1,0.357417494058609,3.528332471847534,5.0866875648498535,0,0,0,0.0,0,0,7,0,0.6466439366340637,5.369673728942871,0,-457844,0,0,0,0,0,0,0,0,0,0,0,1,0,2.0,-26.125,1,0,19.04439926147461,23.89739990234375,1,0,-1.8538999557495117,28.0,2,0,0.3125,0.6875,2,0,0.3199999928474426,0.20000000298023224,3,0,0.0,0.0
22.471,30500,30500,10.166667,0,0.0,50,0,2.5,-1,0,10,3,-1.0,-1.0,-1.0,-1.0,6235944,1,2,2,2,1,1,1,1,1,0.3589538037776947,3.5288326740264893,5.087825298309326,0,0,0,0.0,0,0,7,0,0.6416330933570862,5.364353656768799,0,-458760,0,0,0,0,0,0,0,0,0,0,0,1,0,2.0,-26.125,1,0,19.04439926147461,23.89739990234375,1,0,-1.8538999557495117,28.0,2,0,0.3125,0.6875,2,0,0.3199999928474426,0.20000000298023224,3,0,0.0,0.0
22.488,30550,30550,10.183333,0,0.0,50,0,2.5,-1,0,10,3,-1.0,-1.0,-1.0,-1.0,6235944,1,2,2,2,1,1,1,1,1,0.3606170117855072,3.5293684005737305,5.089049816131592,0,0,0,0.0,0,0,7,0,0.6366148591041565,5.359043598175049,0,-459676,0,0,0,0,0,0,0,0,0,0,0,1,0,2.0,-26.125,1,0,19.04439926147461,23.89739990234375,1,0,-1.8538999557495117,28.0,2,0,0.3125,0.6875,2,0,0.3199999928474426,0.20000000298023224,3,0,0.0,0.0
22.506,30600,30600,10.2,0,0.0,50,0,2.5,-1,0,10,3,-1.0,-1.0,-1.0,-1.0,6235944,1,2,2,2,1,1,1,1,1,0.3623654842376709,3.5299248695373535,5.090329647064209,0,0,0,0.0,0,0,7,0,0.6315895318984985,5.353743076324463,0,-460592,0,0,0,0,0,0,0,0,0,0,0,1,0,2.0,-26.125,1,0,19.04439926147461,23.89739990234375,1,0,-1.8538999557495117,28.0,2,0,0.3125,0.6875,2,0,0.3199999928474426,0.20000000298023224,3,0,0.0,0.0
22.523,30650,30650,10.216667,0,0.0,50,0,2.5,-1,0,10,3,-1.0,-1.0,-1.0,-1.0,6235944,1,2,2,2,1,1,1,1,1,0.3641628921031952,3.530491590499878,5.091637134552002,0,0,0,0.0,0,0,7,0,0.6265573501586914,5.348452091217041,0,-461508,0,0,0,0,0,0,0,0,0,0,0,1,0,2.0,-26.125,1,0,19.04439926147461,23.89739990234375,1,0,-1.8538999557495117,28.0,2,0,0.3125,0.6875,2,0,0.3199999928474426,0.20000000298023224,3,0,0.0,0.0
22.541,30700,30700,10.233333,0,0.0,50,0,2.5,-1,0,10,3,-1.0,-1.0,-1.0,-1.0,6235944,1,2,2,2,1,1,1,1,1,0.36522963643074036,3.530824899673462,5.092407703399658,0,0,0,0.0,0,0,7,0,0.621518611907959,5.343170166015625,0,-462424,0,0,0,0,0,0,0,0,0,0,0,1,0,2.0,-26.125,1,0,19.04439926147461,23.89739990234375,1,0,-1.8538999557495117,28.0,2,0,0.3125,0.6875,2,0,0.3199999928474426,0.20000000298023224,3,0,0.0,0.0
22.558,30750,30750,10.25,0,0.0,50,0,2.5,-1,0,10,3,-1.0,-1.0,-1.0,-1.0,6235944,1,2,2,2,1,1,1,1,1,0.36653798818588257,3.531228542327881,5.093349933624268,0,0,0,0.0,0,0,7,0,0.6164734363555908,5.337896823883057,0,-463340,0,0,0,0,0,0,0,0,0,0,0,1,0,2.0,-26.125,1,0,19.04439926147461,23.89739990234375,1,0,-1.8538999557495117,28.0,2,0,0.3125,0.6875,2,0,0.3199999928474426,0.20000000298023224,3,0,0.0,0.0
22.575,30800,30800,10.266667,0,0.0,50,0,2.5,-1,0,10,3,-1.0,-1.0,-1.0,-1.0,6235944,1,2,2,2,1,1,1,1,1,0.3680249750614166,3.5316824913024902,5.09441614151001,0,0,0,0.0,0,0,7,0,0.611422061920166,5.332632064819336,0,-464256,0,0,0,0,0,0,0,0,0,0,0,1,0,2.0,-26.125,1,0,19.04439926147461,23.89739990234375,1,0,-1.8538999557495117,28.0,2,0,0.3125,0.6875,2,0,0.3199999928474426,0.20000000298023224,3,0,0.0,0.0
22.593,30850,30850,10.283333,0,0.0,50,0,2.5,-1,0,10,3,-1.0,-1.0,-1.0,-1.0,6235944,1,2,2,2,1,1,1,1,1,0.36963313817977905,3.532167673110962,5.095566272735596,0,0,0,0.0,0,0,7,0,0.6063647270202637,5.327375411987305,0,-465172,0,0,0,0,0,0,0,0,0,0,0,1,0,2.0,-26.125,1,0,19.04439926147461,23.89739990234375,1,0,-1.8538999557495117,28.0,2,0,0.3125,0.6875,2,0,0.3199999928474426,0.20000000298023224,3,0,0.0,0.0
22.61,30900,30900,10.3,0,0.0,50,0,2.5,-1,0,10,3,-1.0,-1.0,-1.0,-1.0,6235944,1,2,2,2,1,1,1,1,1,0.37132272124290466,3.5326716899871826,5.096773624420166,0,0,0,0.0,0,0,7,0,0.6013017296791077,5.322126388549805,0,-466088,0,0,0,0,0,0,0,0,0,0,0,1,0,2.0,-26.125,1,0,19.04439926147461,23.89739990234375,1,0,-1.8538999557495117,28.0,2,0,0.3125,0.6875,2,0,0.3199999928474426,0.20000000298023224,3,0,0.0,0.0
22.627,30950,30950,10.316667,0,0.0,50,0,2.5,-1,0,10,3,-1.0,-1.0,-1.0,-1.0,6235944,1,2,2,2,1,1,1,1,1,0.37305647134780884,3.5331828594207764,5.098012447357178,0,0,0,0.0,0,0,7,0,0.5962333679199219,5.316884994506836,0,-467004,0,0,0,0,0,0,0,0,0,0,0,1,0,2.0,-26.125,1,0,19.04439926147461,23.89739990234375,1,0,-1.8538999557495117,28.0,2,0,0.3125,0.6875,2,0,0.3199999928474426,0.20000000298023224,3,0,0.0,0.0
22.644,31000,31000,10.333333,0,0.0,50,0,2.5,-1,0,10,3,-1.0,-1.0,-1.0,-1.0,6235944,1,2,2,2,1,1,1,1,1,0.3740844428539276,3.533482789993286,5.0987443923950195,0,0,0,0.0,0,0,7,0,0.5911599397659302,5.311650276184082,0,-467920,0,0,0,0,0,0,0,0,0,0,0,1,0,2.0,-26.125,1,0,19.04439926147461,23.89739990234375,1,0,-1.8538999557495117,28.0,2,0,0.3125,0.6875,2,0,0.3199999928474426,0.20000000298023224,3,0,0.0,0.0
22.661,31050,31050,10.35,0,0.0,50,0,2.5,-1,0,10,3,-1.0,-1.0,-1.0,-1.0,6235944,1,2,2,2,1,1,1,1,1,0.37534385919570923,3.5338456630706787,5.099644660949707,0,0,0,0.0,0,0,7,0,0.5860816240310669,5.306422710418701,0,-468836,0,0,0,0,0,0,0,0,0,0,0,1,0,2.0,-26.125,1,0,19.04439926147461,23.89739990234375,1,0,-1.8538999557495117,28.0,2,0,0.3125,0.6875,2,0,0.3199999928474426,0.20000000298023224,3,0,0.0,0.0
22.679,31100,31100,10.366667,0,0.0,50,0,2.5,-1,0,10,3,-1.0,-1.0,-1.0,-1.0,6235944,1,2,2,2,1,1,1,1,1,0.3767736554145813,3.5342531204223633,5.100668907165527,0,0,0,0.0,0,0,7,0,0.5809986591339111,5.301201343536377,0,-469752,0,0,0,0,0,0,0,0,0,0,0,1,0,2.0,-26.125,1,0,19.04439926147461,23.89739990234375,1,0,-1.8538999557495117,28.0,2,0,0.3125,0.6875,2,0,0.3199999928474426,0.20000000298023224,3,0,0.0,0.0
22.696,31150,31150,10.383333,0,0.0,50,0,2.5,-1,0,10,3,-1.0,-1.0,-1.0,-1.0,6235944,1,2,2,2,1,1,1,1,1,0.37831827998161316,3.5346875190734863,5.101781845092773,0,0,0,0.0,0,0,7,0,0.5759113430976868,5.295986175537109,0,-470668,0,0,0,0,0,0,0,0,0,0,0,1,0,2.0,-26.125,1,0,19.04439926147461,23.89739990234375,1,0,-1.8538999557495117,28.0,2,0,0.3125,0.6875,2,0,0.3199999928474426,0.20000000298023224,3,0,0.0,0.0
22.713,31200,31200,10.4,0,0.0,50,0,2.5,-1,0,10,3,-1.0,-1.0,-1.0,-1.0,6235944,1,2,2,2,1,1,1,1,1,0.37993910908699036,3.53513765335083,5.102953910827637,0,0,0,0.0,0,0,7,0,0.5708199143409729,5.29077672958374,0,-471584,0,0,0,0,0,0,0,0,0,0,0,1,0,2.0,-26.125,1,0,19.04439926147461,23.89739990234375,1,0,-1.8538999557495117,28.0,2,0,0.3125,0.6875,2,0,0.3199999928474426,0.20000000298023224,3,0,0.0,0.0
22.731,31250,31250,10.416667,0,0.0,50,0,2.5,-1,0,10,3,-1.0,-1.0,-1.0,-1.0,6235944,1,2,2,2,1,1,1,1,1,0.3816007375717163,3.535593032836914,5.104164123535156,0,0,0,0.0,0,0,7,0,0.565724790096283,5.2855730056762695,0,-472500,0,0,0,0,0,0,0,0,0,0,0,1,0,2.0,-26.125,1,0,19.04439926147461,23.89739990234375,1,0,-1.8538999557495117,28.0,2,0,0.3125,0.6875,2,0,0.3199999928474426,0.20000000298023224,3,0,0.0,0.0
22.748,31300,31300,10.433333,0,0.0,50,0,2.5,-1,0,10,3,-1.0,-1.0,-1.0,-1.0,6235944,1,2,2,2,1,1,1,1,1,0.38258498907089233,3.5358598232269287,5.10488224029541,0,0,0,0.0,0,0,7,0,0.560626208782196,5.280374050140381,0,-473416,0,0,0,0,0,0,0,0,0,0,0,1,0,2.0,-26.125,1,0,19.04439926147461,23.89739990234375,1,0,-1.8538999557495117,28.0,2,0,0.3125,0.6875,2,0,0.3199999928474426,0.20000000298023224,3,0,0.0,0.0
22.765,31350,31350,10.45,0,0.0,50,0,2.5,-1,0,10,3,-1.0,-1.0,-1.0,-1.0,6235944,1,2,2,2,1,1,1,1,1,0.3837891221046448,3.536181688308716,5.105769157409668,0,0,0,0.0,0,0,7,0,0.5555243492126465,5.275179862976074,0,-474332,0,0,0,0,0,0,0,0,0,0,0,1,0,2.0,-26.125,1,0,19.04439926147461,23.89739990234375,1,0,-1.8538999557495117,28.0,2,0,0.3125,0.6875,2,0,0.3199999928474426,0.20000000298023224,3,0,0.0,0.0
22.783,31400,31400,10.466667,0,0.0,50,0,2.5,-1,0,10,3,-1.0,-1.0,-1.0,-1.0,6235944,1,2,2,2,1,1,1,1,1,0.3851541578769684,3.5365419387817383,5.106784820556641,0,0,0,0.0,0,0,7,0,0.5504195094108582,5.269989967346191,0,-475248,0,0,0,0,0,0,0,0,0,0,0,1,0,2.0,-26.125,1,0,19.04439926147461,23.89739990234375,1,0,-1.8538999557495117,28.0,2,0,0.3125,0.6875,2,0,0.3199999928474426,0.20000000298023224,3,0,0.0,0.0
22.8,31450,31450,10.483333,0,0.0,50,0,2.5,-1,0,10,3,-1.0,-1.0,-1.0,-1.0,6235944,1,2,2,2,1,1,1,1,1,0.3866265118122101,3.5369253158569336,5.107889652252197,0,0,0,0.0,0,0,7,0,0.5453119277954102,5.264804363250732,0,-476164,0,0,0,0,0,0,0,0,0,0,0,1,0,2.0,-26.125,1,0,19.04439926147461,23.89739990234375,1,0,-1.8538999557495117,28.0,2,0,0.3125,0.6875,2,0,0.3199999928474426,0.20000000298023224,3,0,0.0,0.0
22.817,31500,31500,10.5,0,0.0,50,0,2.5,-1,0,10,3,-1.0,-1.0,-1.0,-1.0,6235944,1,2,2,2,1,1,1,1,1,0.3881695568561554,3.537321090698242,5.109057903289795,0,0,0,0.0,0,0,7,0,0.5402019023895264,5.259622573852539,0,-477080,0,0,0,0,0,0,0,0,0,0,0,1,0,2.0,-26.125,1,0,19.04439926147461,23.89739990234375,1,0,-1.8538999557495117,28.0,2,0,0.3125,0.6875,2,0,0.3199999928474426,0.20000000298023224,3,0,0.0,0.0
22.835,31550,31550,10.516667,0,0.0,50,0,2.5,-1,0,10,3,-1.0,-1.0,-1.0,-1.0,6235944,1,2,2,2,1,1,1,1,1,0.38974958658218384,3.537720203399658,5.110272407531738,0,0,0,0.0,0,0,7,0,0.5350897312164307,5.254444122314453,0,-477996,0,0,0,0,0,0,0,0,0,0,0,1,0,2.0,-26.125,1,0,19.04439926147461,23.89739990234375,1,0,-1.8538999557495117,28.0,2,0,0.3125,0.6875,2,0,0.3199999928474426,0.20000000298023224,3,0,0.0,0.0
22.852,31600,31600,10.533333,0,0.0,50,0,2.5,-1,0,10,3,-1.0,-1.0,-1.0,-1.0,6235944,1,2,2,2,1,1,1,1,1,0.39068448543548584,3.538233757019043,5.1118950843811035,0,0,0,0.0,0,0,7,0,0.5248602032661438,5.244095802307129,0,-479828,0,0,0,0,0,0,0,0,0,0,0,1,0,2.0,-26.125,1,0,19.04439926147461,23.89739990234375,1,0,-1.8538999557495117,28.0,2,0,0.3125,0.6875,2,0,0.3199999928474426,0.20000000298023224,3,0,0.0,0.0
22.869,31700,31700,10.566667,0,0.0,50,0,2.5,-1,0,10,3,-1.0,-1.0,-1.0,-1.0,6235944,1,2,2,2,1,1,1,1,1,0.39311927556991577,3.5385468006134033,5.112927436828613,0,0,0,0.0,0,0,7,0,0.5197432637214661,5.238925933837891,0,-480744,0,0,0,0,0,0,0,0,0,0,0,1,0,2.0,-26.125,1,0,19.04439926147461,23.89739990234375,1,0,-1.8538999557495117,28.0,2,0,0.3125,0.6875,2,0,0.3199999928474426,0.20000000298023224,3,0,0.0,0.0
22.886,31750,31750,10.583333,0,0.0,50,0,2.5,-1,0,10,3,-1.0,-1.0,-1.0,-1.0,6235944,1,2,2,2,1,1,1,1,1,0.39451175928115845,3.5388782024383545,5.114058017730713,0,0,0,0.0,0,0,7,0,0.5146251916885376,5.233757972717285,0,-481660,0,0,0,0,0,0,0,0,0,0,0,1,0,2.0,-26.125,1,0,19.04439926147461,23.89739990234375,1,0,-1.8538999557495117,28.0,2,0,0.3125,0.6875,2,0,0.3199999928474426,0.20000000298023224,3,0,0.0,0.0
22.903,31800,31800,10.6,0,0.0,50,0,2.5,-1,0,10,3,-1.0,-1.0,-1.0,-1.0,6235944,1,2,2,2,1,1,1,1,1,0.395968496799469,3.539219379425049,5.115259647369385,0,0,0,0.0,0,0,7,0,0.5095062851905823,5.2285919189453125,0,-482576,0,0,0,0,0,0,0,0,0,0,0,1,0,2.0,-26.125,1,0,19.04439926147461,23.89739990234375,1,0,-1.8538999557495117,28.0,2,0,0.3125,0.6875,2,0,0.3199999928474426,0.20000000298023224,3,0,0.0,0.0
22.921,31850,31850,10.616667,0,0.0,50,0,2.5,-1,0,10,3,-1.0,-1.0,-1.0,-1.0,6235944,1,2,2,2,1,1,1,1,1,0.39745789766311646,3.5395617485046387,5.116512298583984,0,0,0,0.0,0,0,7,0,0.504386842250824,5.223427772521973,0,-483492,0,0,0,0,0,0,0,0,0,0,0,1,0,2.0,-26.125,1,0,19.04439926147461,23.89739990234375,1,0,-1.8538999557495117,28.0,2,0,0.3125,0.6875,2,0,0.3199999928474426,0.20000000298023224,3,0,0.0,0.0
22.938,31900,31900,10.633333,0,0.0,50,0,2.5,-1,0,10,3,-1.0,-1.0,-1.0,-1.0,6235944,1,2,2,2,1,1,1,1,1,0.39833804965019226,3.5397610664367676,5.11726188659668,0,0,0,0.0,0,0,7,0,0.4992671310901642,5.218264579772949,0,-484408,0,0,0,0,0,0,0,0,0,0,0,1,0,2.0,-26.125,1,0,19.04439926147461,23.89739990234375,1,0,-1.8538999557495117,28.0,2,0,0.3125,0.6875,2,0,0.3199999928474426,0.20000000298023224,3,0,0.0,0.0
22.956,31950,31950,10.65,0,0.0,50,0,2.5,-1,0,10,3,-1.0,-1.0,-1.0,-1.0,6235944,1,2,2,2,1,1,1,1,1,0.3994115889072418,3.5399999618530273,5.118195056915283,0,0,0,0.0,0,0,7,0,0.49414730072021484,5.2131028175354,0,-485324,0,0,0,0,0,0,0,0,0,0,0,1,0,2.0,-26.125,1,0,19.04439926147461,23.89739990234375,1,0,-1.8538999557495117,28.0,2,0,0.3125,0.6875,2,0,0.3199999928474426,0.20000000298023224,3,0,0.0,0.0
22.973,32000,32000,10.666667,0,0.0,50,0,2.5,-1,0,10,3,-1.0,-1.0,-1.0,-1.0,6235944,1,2,2,2,1,1,1,1,1,0.4006250202655792,3.5402650833129883,5.119266510009766,0,0,0,0.0,0,0,7,0,0.4890275299549103,5.207942008972168,0,-486240,0,0,0,0,0,0,0,0,0,0,0,1,0,2.0,-26.125,1,0,19.04439926147461,23.89739990234375,1,0,-1.8538999557495117,28.0,2,0,0.3125,0.6875,2,0,0.3199999928474426,0.20000000298023224,3,0,0.0,0.0
22.991,32050,32050,10.683333,0,0.0,50,0,2.5,-1,0,10,3,-1.0,-1.0,-1.0,-1.0,6235944,1,2,2,2,1,1,1,1,1,0.40193015336990356,3.5405447483062744,5.1204447746276855,0,0,0,0.0,0,0,7,0,0.4839080572128296,5.202781677246094,0,-487156,0,0,0,0,0,0,0,0,0,0,0,1,0,2.0,-26.125,1,0,19.04439926147461,23.89739990234375,1,0,-1.8538999557495117,28.0,2,0,0.3125,0.6875,2,0,0.3199999928474426,0.20000000298023224,3,0,0.0,0.0
23.008,32100,32100,10.7,0,0.0,50,0,2.5,-1,0,10,3,-1.0,-1.0,-1.0,-1.0,6235944,1,2,2,2,1,1,1,1,1,0.4032929539680481,3.5408310890197754,5.121701717376709,0,0,0,0.0,0,0,7,0,0.4787890315055847,5.197621822357178,0,-488072,0,0,0,0,0,0,0,0,0,0,0,1,0,2.0,-26.125,1,0,19.04439926147461,23.89739990234375,1,0,-1.8538999557495117,28.0,2,0,0.3125,0.6875,2,0,0.3199999928474426,0.20000000298023224,3,0,0.0,0.0
23.025,32150,32150,10.716667,0,0.0,50,0,2.5,-1,0,10,3,-1.0,-1.0,-1.0,-1.0,6235944,1,2,2,2,1,1,1,1,1,0.404683381319046,3.541116952896118,5.1230149269104,0,0,0,0.0,0,0,7,0,0.47367069125175476,5.192461967468262,0,-488988,0,0,0,0,0,0,0,0,0,0,0,1,0,2.0,-26.125,1,0,19.04439926147461,23.89739990234375,1,0,-1.8538999557495117,28.0,2,0,0.3125,0.6875,2,0,0.3199999928474426,0.20000000298023224,3,0,0.0,0.0
23.042,32200,32200,10.733333,0,0.0,50,0,2.5,-1,0,10,3,-1.0,-1.0,-1.0,-1.0,6235944,1,2,2,2,1,1,1,1,1,0.4055038392543793,3.5412824153900146,5.1238017082214355,0,0,0,0.0,0,0,7,0,0.4685531258583069,5.187302112579346,0,-489904,0,0,0,0,0,0,0,0,0,0,0,1,0,2.0,-26.125,1,0,19.04439926147461,23.89739990234375,1,0,-1.8538999557495117,28.0,2,0,0.3125,0.6875,2,0,0.3199999928474426,0.20000000298023224,3,0,0.0,0.0
23.059,32250,32250,10.75,0,0.0,50,0,2.5,-1,0,10,3,-1.0,-1.0,-1.0,-1.0,6235944,1,2,2,2,1,1,1,1,1,0.4065028131008148,3.5414793491363525,5.124783039093018,0,0,0,0.0,0,0,7,0,0.46343642473220825,5.18214225769043,0,-490820,0,0,0,0,0,0,0,0,0,0,0,1,0,2.0,-26.125,1,0,19.04439926147461,23.89739990234375,1,0,-1.8538999557495117,28.0,2,0,0.3125,0.6875,2,0,0.3199999928474426,0.20000000298023224,3,0,0.0,0.0
23.077,32300,32300,10.766667,0,0.0,50,0,2.5,-1,0,10,3,-1.0,-1.0,-1.0,-1.0,6235944,1,2,2,2,1,1,1,1,1,0.407630056142807,3.541696310043335,5.125915050506592,0,0,0,0.0,0,0,7,0,0.45832058787345886,5.176982402801514,0,-491736,0,0,0,0,0,0,0,0,0,0,0,1,0,2.0,-26.125,1,0,19.04439926147461,23.89739990234375,1,0,-1.8538999557495117,28.0,2,0,0.3125,0.6875,2,0,0.3199999928474426,0.20000000298023224,3,0,0.0,0.0
23.094,32350,32350,10.783333,0,0.0,50,0,2.5,-1,0,10,3,-1.0,-1.0,-1.0,-1.0,6235944,1,2,2,2,1,1,1,1,1,0.40884023904800415,3.541923761367798,5.12716007232666,0,0,0,0.0,0,0,7,0,0.45320558547973633,5.171822547912598,0,-492652,0,0,0,0,0,0,0,0,0,0,0,1,0,2.0,-26.125,1,0,19.04439926147461,23.89739990234375,1,0,-1.8538999557495117,28.0,2,0,0.3125,0.6875,2,0,0.3199999928474426,0.20000000298023224,3,0,0.0,0.0
23.111,32400,32400,10.8,0,0.0,50,0,2.5,-1,0,10,3,-1.0,-1.0,-1.0,-1.0,6235944,1,2,2,2,1,1,1,1,1,0.41010183095932007,3.5421547889709473,5.128488063812256,0,0,0,0.0,0,0,7,0,0.4480912983417511,5.166662693023682,0,-493568,0,0,0,0,0,0,0,0,0,0,0,1,0,2.0,-26.125,1,0,19.04439926147461,23.89739990234375,1,0,-1.8538999557495117,28.0,2,0,0.3125,0.6875,2,0,0.3199999928474426,0.20000000298023224,3,0,0.0,0.0
23.129,32450,32450,10.816667,0,0.0,50,0,2.5,-1,0,10,3,-1.0,-1.0,-1.0,-1.0,6235944,1,2,2,2,1,1,1,1,1,0.41138583421707153,3.5423831939697266,5.129875659942627,0,0,0,0.0,0,0,7,0,0.4429773986339569,5.161503314971924,0,-494484,0,0,0,0,0,0,0,0,0,0,0,1,0,2.0,-26.125,1,0,19.04439926147461,23.89739990234375,1,0,-1.8538999557495117,28.0,2,0,0.3125,0.6875,2,0,0.3199999928474426,0.20000000298023224,3,0,0.0,0.0
23.146,32500,32500,10.833333,0,0.0,50,0,2.5,-1,0,10,3,-1.0,-1.0,-1.0,-1.0,6235944,1,2,2,2,1,1,1,1,1,0.41214224696159363,3.5425145626068115,5.13070821762085,0,0,0,0.0,0,0,7,0,0.43786323070526123,5.156344890594482,0,-495400,0,0,0,0,0,0,0,0,0,0,0,1,0,2.0,-26.125,1,0,19.04439926147461,23.89739990234375,1,0,-1.8538999557495117,28.0,2,0,0.3125,0.6875,2,0,0.3199999928474426,0.20000000298023224,3,0,0.0,0.0
23.164,32550,32550,10.85,0,0.0,50,0,2.5,-1,0,10,3,-1.0,-1.0,-1.0,-1.0,6235944,1,2,2,2,1,1,1,1,0,0.41306132078170776,3.5426690578460693,5.131746768951416,0,0,0,0.0,0,0,7,0,0.4329151511192322,5.15135383605957,0,-496316,0,0,0,0,0,0,0,0,0,0,0,1,0,2.0,-26.125,1,0,19.04439926147461,23.89739990234375,1,0,-1.8538999557495117,28.0,2,0,0.3125,0.6875,2,0,0.3199999928474426,0.20000000298023224,3,0,0.0,0.0
23.181,32600,32600,10.866667,0,0.0,50,0,2.5,-1,0,10,4,-1.0,-1.0,-1.0,-1.0,6235944,1,2,2,2,1,1,1,1,0,0.4140964150428772,3.5428378582000732,5.1329426765441895,0,0,0,0.0,0,0,7,0,0.4283108115196228,5.149908065795898,1,12000,0,0,0,0,0,0,0,0,0,0,0,1,0,2.0,-26.125,1,0,19.04439926147461,23.89739990234375,1,0,-1.8538999557495117,28.0,2,0,0.3125,0.6875,2,0,0.3199999928474426,0.20000000298023224,3,0,0.0,0.0
23.199,32650,50,0.016667,0,0.0,50,0,2.5,-1,0,10,5,-1.0,-1.0,-1.0,-1.0,6235944,1,2,2,2,1,1,1,1,0,0.4152049422264099,3.5430126190185547,5.1342573165893555,0,0,0,0.0,0,0,7,0,0.42404207587242126,5.15195369720459,1,12000,0,0,0,0,0,0,0,0,0,0,0,1,0,2.0,-26.125,1,0,19.04439926147461,23.89739990234375,1,0,-1.8538999557495117,28.0,2,0,0.3125,0.6875,2,0,0.3199999928474426,0.20000000298023224,3,0,0.0,0.0
23.216,32700,50,0.016667,0,0.0,50,0,2.5,-1,0,10,5,-1.0,-1.0,-1.0,-1.0,6235944,1,2,2,2,1,1,1,1,0,0.41635796427726746,3.5431878566741943,5.135659217834473,0,0,0,0.0,0,0,7,0,0.4201001822948456,5.157427787780762,1,11950,0,0,0,0,0,0,0,0,0,0,0,1,0,2.0,-26.125,1,0,19.04439926147461,23.89739990234375,1,0,-1.8538999557495117,28.0,2,0,0.3125,0.6875,2,0,0.3199999928474426,0.20000000298023224,3,0,0.0,0.0
23.234,32750,50,0.016667,0,0.0,50,0,2.5,-1,0,10,5,-1.0,-1.0,-1.0,-1.0,6235944,1,2,2,2,1,1,1,1,0,0.4175291657447815,3.54335880279541,5.137122631072998,0,0,0,0.0,0,0,7,0,0.41647613048553467,5.166261672973633,1,11900,0,0,0,0,0,0,0,0,0,0,0,1,0,2.0,-26.125,1,0,19.04439926147461,23.89739990234375,1,0,-1.8538999557495117,28.0,2,0,0.3125,0.6875,2,0,0.3199999928474426,0.20000000298023224,3,0,0.0,0.0
23.251,32800,50,0.016667,0,0.0,50,0,2.5,-1,0,10,5,-1.0,-1.0,-1.0,-1.0,6235944,1,2,2,2,1,1,1,1,0,0.41821780800819397,3.5434560775756836,5.138000965118408,0,0,0,0.0,0,0,7,0,0.4131605327129364,5.178380012512207,1,11850,0,0,0,0,0,0,0,0,0,0,0,1,0,2.0,-26.125,1,0,19.04439926147461,23.89739990234375,1,0,-1.8538999557495117,28.0,2,0,0.3125,0.6875,2,0,0.3199999928474426,0.20000000298023224,3,0,0.0,0.0
23.269,32850,0,0.0,0,0.0,50,0,2.5,-1,0,10,5,-1.0,-1.0,-1.0,-1.0,6235944,1,2,2,2,1,1,1,1,0,0.4199887812137604,3.543689012527466,5.140356063842773,0,0,0,0.0,0,0,7,0,0.4074155390262604,5.21213436126709,1,11750,0,0,0,0,0,0,0,0,0,0,0,1,0,2.0,-26.125,1,0,19.04439926147461,23.89739990234375,1,0,-1.8538999557495117,28.0,2,0,0.3125,0.6875,2,0,0.3199999928474426,0.20000000298023224,3,0,0.0,0.0
23.286,32950,50,0.016667,0,0.0,50,0,2.5,-1,0,10,5,-1.0,-1.0,-1.0,-1.0,6235944,1,2,2,2,1,1,1,1,0,0.4209897816181183,3.543811082839966,5.141739368438721,0,0,0,0.0,0,0,7,0,0.40496599674224854,5.233588218688965,1,11700,0,0,0,0,0,0,0,0,0,0,0,1,0,2.0,-26.125,1,0,19.04439926147461,23.89739990234375,1,0,-1.8538999557495117,28.0,2,0,0.3125,0.6875,2,0,0.3199999928474426,0.20000000298023224,3,0,0.0,0.0
23.303,33000,50,0.016667,0,0.0,50,0,2.5,-1,0,10,5,-1.0,-1.0,-1.0,-1.0,6235944,1,2,2,2,1,1,1,1,0,0.4220278859138489,3.5439305305480957,5.143209934234619,0,0,0,0.0,0,0,7,0,0.40278464555740356,5.257963180541992,1,11650,0,0,0,0,0,0,0,0,0,0,0,1,0,2.0,-26.125,1,0,19.04439926147461,23.89739990234375,1,0,-1.8538999557495117,28.0,2,0,0.3125,0.6875,2,0,0.3199999928474426,0.20000000298023224,3,0,0.0,0.0
23.321,33050,50,0.016667,0,0.0,50,0,2.5,-1,0,10,5,-1.0,-1.0,-1.0,-1.0,6235944,1,2,2,2,1,1,1,1,0,0.42307931184768677,3.54404354095459,5.144742965698242,0,0,0,0.0,0,0,7,0,0.40086084604263306,5.285153388977051,1,11600,0,0,0,0,0,0,0,0,0,0,0,1,0,2.0,-26.125,1,0,19.04439926147461,23.89739990234375,1,0,-1.8538999557495117,28.0,2,0,0.3125,0.6875,2,0,0.3199999928474426,0.20000000298023224,3,0,0.0,0.0
23.338,33100,50,0.016667,0,0.0,50,0,2.5,-1,0,10,5,-1.0,-1.0,-1.0,-1.0,6235944,1,2,2,2,1,1,1,1,0,0.4236960709095001,3.5441060066223145,5.145662307739258,0,0,0,0.0,0,0,7,0,0.39918383955955505,5.315048694610596,1,11550,0,0,0,0,0,0,0,0,0,0,0,1,0,2.0,-26.125,1,0,19.04439926147461,23.89739990234375,1,0,-1.8538999557495117,28.0,2,0,0.3125,0.6875,2,0,0.3199999928474426,0.20000000298023224,3,0,0.0,0.0
23.355,33150,50,0.016667,0,0.0,50,0,2.5,-1,0,10,5,-1.0,-1.0,-1.0,-1.0,6235944,1,2,2,2,1,1,1,1,0,0.42444106936454773,3.5441761016845703,5.14680290222168,0,0,0,0.0,0,0,7,0,0.3977428078651428,5.347535133361816,1,11500,0,0,0,0,0,0,0,0,0,0,0,1,0,2.0,-26.125,1,0,19.04439926147461,23.89739990234375,1,0,-1.8538999557495117,28.0,2,0,0.3125,0.6875,2,0,0.3199999928474426,0.20000000298023224,3,0,0.0,0.0
23.373,33200,50,0.016667,0,0.0,50,0,2.5,-1,0,10,5,-1.0,-1.0,-1.0,-1.0,6235944,1,2,2,2,1,1,1,1,0,0.4252752959728241,3.54424786567688,5.1481122970581055,0,0,0,0.0,0,0,7,0,0.3965266942977905,5.382492542266846,1,11450,0,0,0,0,0,0,0,0,0,0,0,1,0,2.0,-26.125,1,0,19.04439926147461,23.89739990234375,1,0,-1.8538999557495117,28.0,2,0,0.3125,0.6875,2,0,0.3199999928474426,0.20000000298023224,3,0,0.0,0.0
23.39,33250,50,0.016667,0,0.0,50,0,2.5,-1,0,10,5,-1.0,-1.0,-1.0,-1.0,6235944,1,2,2,2,1,1,1,1,0,0.4261634051799774,3.5443172454833984,5.149545192718506,0,0,0,0.0,0,0,7,0,0.39552465081214905,5.419800281524658,1,11400,0,0,0,0,0,0,0,0,0,0,0,1,0,2.0,-26.125,1,0,19.04439926147461,23.89739990234375,1,0,-1.8538999557495117,28.0,2,0,0.3125,0.6875,2,0,0.3199999928474426,0.20000000298023224,3,0,0.0,0.0
23.407,33300,50,0.016667,0,0.0,50,0,2.5,-1,0,10,5,-1.0,-1.0,-1.0,-1.0,6235944,1,2,2,2,1,1,1,1,0,0.42708149552345276,3.5443809032440186,5.151065826416016,0,0,0,0.0,0,0,7,0,0.3947255313396454,5.459330081939697,1,11350,0,0,0,0,0,0,0,0,0,0,0,1,0,2.0,-26.125,1,0,19.04439926147461,23.89739990234375,1,0,-1.8538999557495117,28.0,2,0,0.3125,0.6875,2,0,0.3199999928474426,0.20000000298023224,3,0,0.0,0.0
23.425,33350,50,0.016667,0,0.0,50,0,2.5,-1,0,10,5,-1.0,-1.0,-1.0,-1.0,6235944,1,2,2,2,1,1,1,1,0,0.4280078113079071,3.544436454772949,5.152646064758301,0,0,0,0.0,0,0,7,0,0.39411836862564087,5.5009541511535645,1,11300,0,0,0,0,0,0,0,0,0,0,0,1,0,2.0,-26.125,1,0,19.04439926147461,23.89739990234375,1,0,-1.8538999557495117,28.0,2,0,0.3125,0.6875,2,0,0.3199999928474426,0.20000000298023224,3,0,0.0,0.0
23.442,33400,50,0.016667,0,0.0,50,0,2.5,-1,0,10,5,-1.0,-1.0,-1.0,-1.0,6235944,1,2,2,2,1,1,1,1,0,0.42854949831962585,3.544464588165283,5.153591632843018,0,0,0,0.0,0,0,7,0,0.3936922252178192,5.544540882110596,1,11250,0,0,0,0,0,0,0,0,0,0,0,1,0,2.0,-26.125,1,0,19.04439926147461,23.89739990234375,1,0,-1.8538999557495117,28.0,2,0,0.3125,0.6875,2,0,0.3199999928474426,0.20000000298023224,3,0,0.0,0.0
23.459,33450,50,0.016667,0,0.0,50,0,2.5,-1,0,10,5,-1.0,-1.0,-1.0,-1.0,6235944,1,2,2,2,1,1,1,1,0,0.4292013943195343,3.54449200630188,5.1547627449035645,0,0,0,0.0,0,0,7,0,0.393436074256897,5.5899553298950195,1,11200,0,0,0,0,0,0,0,0,0,0,0,1,0,2.0,-26.125,1,0,19.04439926147461,23.89739990234375,1,0,-1.8538999557495117,28.0,2,0,0.3125,0.6875,2,0,0.3199999928474426,0.20000000298023224,3,0,0.0,0.0
23.477,33500,50,0.016667,0,0.0,50,0,2.5,-1,0,10,5,-1.0,-1.0,-1.0,-1.0,6235944,1,2,2,2,1,1,1,1,0,0.4299286901950836,3.544515371322632,5.156103134155273,0,0,0,0.0,0,0,7,0,0.3933391273021698,5.6370625495910645,1,11150,0,0,0,0,0,0,0,0,0,0,0,1,0,2.0,-26.125,1,0,19.04439926147461,23.89739990234375,1,0,-1.8538999557495117,28.0,2,0,0.3125,0.6875,2,0,0.3199999928474426,0.20000000298023224,3,0,0.0,0.0
23.494,33550,50,0.016667,0,0.0,50,0,2.5,-1,0,10,5,-1.0,-1.0,-1.0,-1.0,6235944,1,2,2,2,1,1,1,1,0,0.4306999444961548,3.544532060623169,5.157565593719482,0,0,0,0.0,0,0,7,0,0.39339056611061096,5.685724258422852,1,11100,0,0,0,0,0,0,0,0,0,0,0,1,0,2.0,-26.125,1,0,19.04439926147461,23.89739990234375,1,0,-1.8538999557495117,28.0,2,0,0.3125,0.6875,2,0,0.3199999928474426,0.20000000298023224,3,0,0.0,0.0
23.511,33600,50,0.016667,0,0.0,50,0,2.5,-1,0,10,5,-1.0,-1.0,-1.0,-1.0,6235944,1,2,2,2,1,1,1,1,0,0.4314934015274048,3.5445399284362793,5.159111022949219,0,0,0,0.0,0,0,7,0,0.3935798108577728,5.73580265045166,1,11050,0,0,0,0,0,0,0,0,0,0,0,1,0,2.0,-26.125,1,0,19.04439926147461,23.89739990234375,1,0,-1.8538999557495117,28.0,2,0,0.3125,0.6875,2,0,0.3199999928474426,0.20000000298023224,3,0,0.0,0.0
23.529,33650,50,0.016667,0,0.0,50,0,2.5,-1,0,10,5,-1.0,-1.0,-1.0,-1.0,6235944,1,2,2,2,1,1,1,1,0,0.43229010701179504,3.5445375442504883,5.16071081161499,0,0,0,0.0,0,0,7,0,0.3938962519168854,5.78715705871582,1,11000,0,0,0,0,0,0,0,0,0,0,0,1,0,2.0,-26.125,1,0,19.04439926147461,23.89739990234375,1,0,-1.8538999557495117,28.0,2,0,0.3125,0.6875,2,0,0.3199999928474426,0.20000000298023224,3,0,0.0,0.0
23.546,33700,50,0.016667,0,0.0,50,0,2.5,-1,0,10,5,-1.0,-1.0,-1.0,-1.0,6235944,1,2,2,2,1,1,1,1,0,0.43275418877601624,3.5445311069488525,5.161665916442871,0,0,0,0.0,0,0,7,0,0.3943294584751129,5.839646816253662,1,10950,0,0,0,0,0,0,0,0,0,0,0,1,0,2.0,-26.125,1,0,19.04439926147461,23.89739990234375,1,0,-1.8538999557495117,28.0,2,0,0.3125,0.6875,2,0,0.3199999928474426,0.20000000298023224,3,0,0.0,0.0
23.563,33750,50,0.016667,0,0.0,50,0,2.5,-1,0,10,5,-1.0,-1.0,-1.0,-1.0,6235944,1,2,2,2,1,1,1,1,0,0.4333098530769348,3.54451584815979,5.162840843200684,0,0,0,0.0,0,0,7,0,0.3948690593242645,5.893128871917725,1,10900,0,0,0,0,0,0,0,0,0,0,0,1,0,2.0,-26.125,1,0,19.04439926147461,23.89739990234375,1,0,-1.8538999557495117,28.0,2,0,0.3125,0.6875,2,0,0.3199999928474426,0.20000000298023224,3,0,0.0,0.0
23.58,33800,50,0.016667,0,0.0,50,0,2.5,-1,0,10,5,-1.0,-1.0,-1.0,-1.0,6235944,1,2,2,2,1,1,1,1,0,0.43392670154571533,3.5444905757904053,5.164181709289551,0,0,0,0.0,0,0,7,0,0.39550501108169556,5.947463512420654,1,10850,0,0,0,0,0,0,0,0,0,0,0,1,0,2.0,-26.125,1,0,19.04439926147461,23.89739990234375,1,0,-1.8538999557495117,28.0,2,0,0.3125,0.6875,2,0,0.3199999928474426,0.20000000298023224,3,0,0.0,0.0
23.598,33850,50,0.016667,0,0.0,50,0,2.5,-1,0,10,5,-1.0,-1.0,-1.0,-1.0,6235944,1,2,2,2,1,1,1,1,0,0.4345772862434387,3.5444540977478027,5.165637969970703,0,0,0,0.0,0,0,7,0,0.39622732996940613,6.002508640289307,1,10800,0,0,0,0,0,0,0,0,0,0,0,1,0,2.0,-26.125,1,0,19.04439926147461,23.89739990234375,1,0,-1.8538999557495117,28.0,2,0,0.3125,0.6875,2,0,0.3199999928474426,0.20000000298023224,3,0,0.0,0.0
23.615,33900,50,0.016667,0,0.0,50,0,2.5,-1,0,10,5,-1.0,-1.0,-1.0,-1.0,6235944,1,2,2,2,1,1,1,1,0,0.4352428615093231,3.544405937194824,5.167171478271484,0,0,0,0.0,0,0,7,0,0.3970261514186859,6.058122634887695,1,10750,0,0,0,0,0,0,0,0,0,0,0,1,0,2.0,-26.125,1,0,19.04439926147461,23.89739990234375,1,0,-1.8538999557495117,28.0,2,0,0.3125,0.6875,2,0,0.3199999928474426,0.20000000298023224,3,0,0.0,0.0
23.632,33950,50,0.016667,0,0.0,50,0,2.5,-1,0,10,5,-1.0,-1.0,-1.0,-1.0,6235944,1,2,2,2,1,1,1,1,0,0.4359065294265747,3.5443456172943115,5.1687541007995605,0,0,0,0.0,0,0,7,0,0.3978920578956604,6.114168167114258,1,10700,0,0,0,0,0,0,0,0,0,0,0,1,0,2.0,-26.125,1,0,19.04439926147461,23.89739990234375,1,0,-1.8538999557495117,28.0,2,0,0.3125,0.6875,2,0,0.3199999928474426,0.20000000298023224,3,0,0.0,0.0
23.65,34000,50,0.016667,0,0.0,50,0,2.5,-1,0,10,5,-1.0,-1.0,-1.0,-1.0,6235944,1,2,2,2,1,1,1,1,0,0.43629103899002075,3.544304847717285,5.16969633102417,0,0,0,0.0,0,0,7,0,0.39881572127342224,6.170507431030273,1,10650,0,0,0,0,0,0,0,0,0,0,0,1,0,2.0,-26.125,1,0,19.04439926147461,23.89739990234375,1,0,-1.8538999557495117,28.0,2,0,0.3125,0.6875,2,0,0.3199999928474426,0.20000000298023224,3,0,0.0,0.0
23.667,34050,50,0.016667,0,0.0,50,0,2.5,-1,0,10,5,-1.0,-1.0,-1.0,-1.0,6235944,1,2,2,2,1,1,1,1,0,0.43674808740615845,3.5442471504211426,5.170851707458496,0,0,0,0.0,0,0,7,0,0.3997880220413208,6.22700309753418,1,10600,0,0,0,0,0,0,0,0,0,0,0,1,0,2.0,-26.125,1,0,19.04439926147461,23.89739990234375,1,0,-1.8538999557495117,28.0,2,0,0.3125,0.6875,2,0,0.3199999928474426,0.20000000298023224,3,0,0.0,0.0
23.684,34100,50,0.016667,0,0.0,50,0,2.5,-1,0,10,5,-1.0,-1.0,-1.0,-1.0,6235944,1,2,2,2,1,1,1,1,0,0.4372518062591553,3.544173240661621,5.172163486480713,0,0,0,0.0,0,0,7,0,0.40080001950263977,6.283519268035889,1,10550,0,0,0,0,0,0,0,0,0,0,0,1,0,2.0,-26.125,1,0,19.04439926147461,23.89739990234375,1,0,-1.8538999557495117,28.0,2,0,0.3125,0.6875,2,0,0.3199999928474426,0.20000000298023224,3,0,0.0,0.0
23.702,34150,50,0.016667,0,0.0,50,0,2.5,-1,0,10,5,-1.0,-1.0,-1.0,-1.0,6235944,1,2,2,2,1,1,1,1,0,0.4377789795398712,3.544083833694458,5.173582077026367,0,0,0,0.0,0,0,7,0,0.40184321999549866,6.339926242828369,1,10450,0,0,0,0,0,0,0,0,0,0,0,1,0,2.0,-26.125,1,0,19.04439926147461,23.89739990234375,1,0,-1.8538999557495117,28.0,2,0,0.3125,0.6875,2,0,0.3199999928474426,0.20000000298023224,3,0,0.0,0.0
23.719,34250,50,0.016667,0,0.0,50,0,2.5,-1,0,10,5,-1.0,-1.0,-1.0,-1.0,6235944,1,2,2,2,1,1,1,1,0,0.4388420283794403,3.5438618659973145,5.176590919494629,0,0,0,0.0,0,0,7,0,0.40398970246315,6.451888561248779,1,10400,0,0,0,0,0,0,0,0,0,0,0,1,0,2.0,-26.125,1,0,19.04439926147461,23.89739990234375,1,0,-1.8538999557495117,28.0,2,0,0.3125,0.6875,2,0,0.3199999928474426,0.20000000298023224,3,0,0.0,0.0
23.736,34300,50,0.016667,0,0.0,50,0,2.5,-1,0,10,5,-1.0,-1.0,-1.0,-1.0,6235944,1,2,2,2,1,1,1,1,0,0.43914565443992615,3.5437867641448975,5.177494525909424,0,0,0,0.0,0,0,7,0,0.4050772190093994,6.507194995880127,1,10350,0,0,0,0,0,0,0,0,0,0,0,1,0,2.0,-26.125,1,0,19.04439926147461,23.89739990234375,1,0,-1.8538999557495117,28.0,2,0,0.3125,0.6875,2,0,0.3199999928474426,0.20000000298023224,3,0,0.0,0.0
23.753,34350,50,0.016667,0,0.0,50,0,2.5,-1,0,10,5,-1.0,-1.0,-1.0,-1.0,6235944,1,2,2,2,1,1,1,1,0,0.43950265645980835,3.5436863899230957,5.1785969734191895,0,0,0,0.0,0,0,7,0,0.4061639904975891,6.561887741088867,1,10300,0,0,0,0,0,0,0,0,0,0,0,1,0,2.0,-26.125,1,0,19.04439926147461,23.89739990234375,1,0,-1.8538999557495117,28.0,2,0,0.3125,0.6875,2,0,0.3199999928474426,0.20000000298023224,3,0,0.0,0.0
23.771,34400,50,0.016667,0,0.0,50,0,2.5,-1,0,10,5,-1.0,-1.0,-1.0,-1.0,6235944,1,2,2,2,1,1,1,1,0,0.43989142775535583,3.5435638427734375,5.179841995239258,0,0,0,0.0,0,0,7,0,0.4072428345680237,6.61584997177124,1,10250,0,0,0,0,0,0,0,0,0,0,0,1,0,2.0,-26.125,1,0,19.04439926147461,23.89739990234375,1,0,-1.8538999557495117,28.0,2,0,0.3125,0.6875,2,0,0.3199999928474426,0.20000000298023224,3,0,0.0,0.0
23.788,34450,50,0.016667,0,0.0,50,0,2.5,-1,0,10,5,-1.0,-1.0,-1.0,-1.0,6235944,1,2,2,2,1,1,1,1,0,0.4402933418750763,3.543421983718872,5.1811842918396,0,0,0,0.0,0,0,7,0,0.4083067774772644,6.6689677238464355,1,10200,0,0,0,0,0,0,0,0,0,0,0,1,0,2.0,-26.125,1,0,19.04439926147461,23.89739990234375,1,0,-1.8538999557495117,28.0,2,0,0.3125,0.6875,2,0,0.3199999928474426,0.20000000298023224,3,0,0.0,0.0
23.805,34500,50,0.016667,0,0.0,50,0,2.5,-1,0,10,5,-1.0,-1.0,-1.0,-1.0,6235944,1,2,2,2,1,1,1,1,0,0.44069546461105347,3.543262243270874,5.182582855224609,0,0,0,0.0,0,0,7,0,0.40935298800468445,6.721199989318848,1,10150,0,0,0,0,0,0,0,0,0,0,0,1,0,2.0,-26.125,1,0,19.04439926147461,23.89739990234375,1,0,-1.8538999557495117,28.0,2,0,0.3125,0.6875,2,0,0.3199999928474426,0.20000000298023224,3,0,0.0,0.0
23.823,34550,50,0.016667,0,0.0,50,0,2.5,-1,0,10,5,-1.0,-1.0,-1.0,-1.0,6235944,1,2,2,2,1,1,1,1,0,0.4410865604877472,3.543086528778076,5.184010028839111,0,0,0,0.0,0,0,7,0,0.4103817641735077,6.772561550140381,1,10100,0,0,0,0,0,0,0,0,0,0,0,1,0,2.0,-26.125,1,0,19.04439926147461,23.89739990234375,1,0,-1.8538999557495117,28.0,2,0,0.3125,0.6875,2,0,0.3199999928474426,0.20000000298023224,3,0,0.0,0.0
23.84,34600,50,0.016667,0,0.0,50,0,2.5,-1,0,10,5,-1.0,-1.0,-1.0,-1.0,6235944,1,2,2,2,1,1,1,1,0,0.44130825996398926,3.5429770946502686,5.1848530769348145,0,0,0,0.0,0,0,7,0,0.4113933742046356,6.8230671882629395,1,10050,0,0,0,0,0,0,0,0,0,0,0,1,0,2.0,-26.125,1,0,19.04439926147461,23.89739990234375,1,0,-1.8538999557495117,28.0,2,0,0.3125,0.6875,2,0,0.3199999928474426,0.20000000298023224,3,0,0.0,0.0
23.857,34650,50,0.016667,0,0.0,50,0,2.5,-1,0,10,5,-1.0,-1.0,-1.0,-1.0,6235944,1,2,2,2,1,1,1,1,0,0.44156408309936523,3.5428342819213867,5.185876846313477,0,0,0,0.0,0,0,7,0,0.4123881459236145,6.8727312088012695,1,10000,0,0,0,0,0,0,0,0,0,0,0,1,0,2.0,-26.125,1,0,19.04439926147461,23.89739990234375,1,0,-1.8538999557495117,28.0,2,0,0.3125,0.6875,2,0,0.3199999928474426,0.20000000298023224,3,0,0.0,0.0
23.875,34700,50,0.016667,0,0.0,50,0,2.5,-1,0,10,5,-1.0,-1.0,-1.0,-1.0,6235944,1,2,2,2,1,1,1,1,0,0.441837340593338,3.542663335800171,5.187026023864746,0,0,0,0.0,0,0,7,0,0.41336631774902344,6.921567440032959,1,9950,0,0,0,0,0,0,0,0,0,0,0,1,0,2.0,-26.125,1,0,19.04439926147461,23.89739990234375,1,0,-1.8538999557495117,28.0,2,0,0.3125,0.6875,2,0,0.3199999928474426,0.20000000298023224,3,0,0.0,0.0
23.892,34750,50,0.016667,0,0.0,50,0,2.5,-1,0,10,5,-1.0,-1.0,-1.0,-1.0,6235944,1,2,2,2,1,1,1,1,0,0.4421132802963257,3.542468309402466,5.188256740570068,0,0,0,0.0,0,0,7,0,0.4143281877040863,6.969589710235596,1,9900,0,0,0,0,0,0,0,0,0,0,0,1,0,2.0,-26.125,1,0,19.04439926147461,23.89739990234375,1,0,-1.8538999557495117,28.0,2,0,0.3125,0.6875,2,0,0.3199999928474426,0.20000000298023224,3,0,0.0,0.0
23.909,34800,50,0.016667,0,0.0,50,0,2.5,-1,0,10,5,-1.0,-1.0,-1.0,-1.0,6235944,1,2,2,2,1,1,1,1,0,0.44238168001174927,3.542253017425537,5.189532279968262,0,0,0,0.0,0,0,7,0,0.4152740240097046,7.016811847686768,1,9850,0,0,0,0,0,0,0,0,0,0,0,1,0,2.0,-26.125,1,0,19.04439926147461,23.89739990234375,1,0,-1.8538999557495117,28.0,2,0,0.3125,0.6875,2,0,0.3199999928474426,0.20000000298023224,3,0,0.0,0.0
23.927,34850,50,0.016667,0,0.0,50,0,2.5,-1,0,10,5,-1.0,-1.0,-1.0,-1.0,6235944,1,2,2,2,1,1,1,1,0,0.44263508915901184,3.542019844055176,5.190823078155518,0,0,0,0.0,0,0,7,0,0.4162040948867798,7.063246726989746,1,9800,0,0,0,0,0,0,0,0,0,0,0,1,0,2.0,-26.125,1,0,19.04439926147461,23.89739990234375,1,0,-1.8538999557495117,28.0,2,0,0.3125,0.6875,2,0,0.3199999928474426,0.20000000298023224,3,0,0.0,0.0
23.944,34900,50,0.016667,0,0.0,50,0,2.5,-1,0,10,5,-1.0,-1.0,-1.0,-1.0,6235944,1,2,2,2,1,1,1,1,0,0.4427747130393982,3.5418763160705566,5.191581726074219,0,0,0,0.0,0,0,7,0,0.4171186685562134,7.108907699584961,1,9750,0,0,0,0,0,0,0,0,0,0,0,1,0,2.0,-26.125,1,0,19.04439926147461,23.89739990234375,1,0,-1.8538999557495117,28.0,2,0,0.3125,0.6875,2,0,0.3199999928474426,0.20000000298023224,3,0,0.0,0.0
23.962,34950,50,0.016667,0,0.0,50,0,2.5,-1,0,10,5,-1.0,-1.0,-1.0,-1.0,6235944,1,2,2,2,1,1,1,1,0,0.44292938709259033,3.541691303253174,5.19249963760376,0,0,0,0.0,0,0,7,0,0.41801801323890686,7.153807640075684,1,9700,0,0,0,0,0,0,0,0,0,0,0,1,0,2.0,-26.125,1,0,19.04439926147461,23.89739990234375,1,0,-1.8538999557495117,28.0,2,0,0.3125,0.6875,2,0,0.3199999928474426,0.20000000298023224,3,0,0.0,0.0
23.979,35000,50,0.016667,0,0.0,50,0,2.5,-1,0,10,5,-1.0,-1.0,-1.0,-1.0,6235944,1,2,2,2,1,1,1,1,0,0.44308701157569885,3.5414724349975586,5.193523406982422,0,0,0,0.0,0,0,7,0,0.41890236735343933,7.1979594230651855,1,9650,0,0,0,0,0,0,0,0,0,0,0,1,0,2.0,-26.125,1,0,19.04439926147461,23.89739990234375,1,0,-1.8538999557495117,28.0,2,0,0.3125,0.6875,2,0,0.3199999928474426,0.20000000298023224,3,0,0.0,0.0
23.997,35050,50,0.016667,0,0.0,50,0,2.5,-1,0,10,5,-1.0,-1.0,-1.0,-1.0,6235944,1,2,2,2,1,1,1,1,0,0.44323745369911194,3.541224718093872,5.194612979888916,0,0,0,0.0,0,0,7,0,0.4197719693183899,7.241374969482422,1,9600,0,0,0,0,0,0,0,0,0,0,0,1,0,2.0,-26.125,1,0,19.04439926147461,23.89739990234375,1,0,-1.8538999557495117,28.0,2,0,0.3125,0.6875,2,0,0.3199999928474426,0.20000000298023224,3,0,0.0,0.0
24.014,35100,50,0.016667,0,0.0,50,0,2.5,-1,0,10,5,-1.0,-1.0,-1.0,-1.0,6235944,1,2,2,2,1,1,1,1,0,0.4433731436729431,3.5409538745880127,5.195735454559326,0,0,0,0.0,0,0,7,0,0.42062708735466003,7.284067153930664,1,9550,0,0,0,0,0,0,0,0,0,0,0,1,0,2.0,-26.125,1,0,19.04439926147461,23.89739990234375,1,0,-1.8538999557495117,28.0,2,0,0.3125,0.6875,2,0,0.3199999928474426,0.20000000298023224,3,0,0.0,0.0
24.032,35150,50,0.016667,0,0.0,50,0,2.5,-1,0,10,5,-1.0,-1.0,-1.0,-1.0,6235944,1,2,2,2,1,1,1,1,0,0.4434892535209656,3.540663719177246,5.196865558624268,0,0,0,0.0,0,0,7,0,0.42146795988082886,7.326047897338867,1,9500,0,0,0,0,0,0,0,0,0,0,0,1,0,2.0,-26.125,1,0,19.04439926147461,23.89739990234375,1,0,-1.8538999557495117,28.0,2,0,0.3125,0.6875,2,0,0.3199999928474426,0.20000000298023224,3,0,0.0,0.0
24.049,35200,50,0.016667,0,0.0,50,0,2.5,-1,0,10,5,-1.0,-1.0,-1.0,-1.0,6235944,1,2,2,2,1,1,1,1,0,0.4435470402240753,3.5404860973358154,5.197525501251221,0,0,0,0.0,0,0,7,0,0.4222947955131531,7.367328643798828,1,9450,0,0,0,0,0,0,0,0,0,0,0,1,0,2.0,-26.125,1,0,19.04439926147461,23.89739990234375,1,0,-1.8538999557495117,28.0,2,0,0.3125,0.6875,2,0,0.3199999928474426,0.20000000298023224,3,0,0.0,0.0
24.066,35250,50,0.016667,0,0.0,50,0,2.5,-1,0,10,5,-1.0,-1.0,-1.0,-1.0,6235944,1,2,2,2,1,1,1,1,0,0.44360101222991943,3.5402588844299316,5.19831657409668,0,0,0,0.0,0,0,7,0,0.4231078624725342,7.40792179107666,1,9400,0,0,0,0,0,0,0,0,0,0,0,1,0,2.0,-26.125,1,0,19.04439926147461,23.89739990234375,1,0,-1.8538999557495117,28.0,2,0,0.3125,0.6875,2,0,0.3199999928474426,0.20000000298023224,3,0,0.0,0.0
24.084,35300,50,0.016667,0,0.0,50,0,2.5,-1,0,10,5,-1.0,-1.0,-1.0,-1.0,6235944,1,2,2,2,1,1,1,1,0,0.4436436593532562,3.539991855621338,5.199193477630615,0,0,0,0.0,0,0,7,0,0.4239073693752289,7.447838306427002,1,9350,0,0,0,0,0,0,0,0,0,0,0,1,0,2.0,-26.125,1,0,19.04439926147461,23.89739990234375,1,0,-1.8538999557495117,28.0,2,0,0.3125,0.6875,2,0,0.3199999928474426,0.20000000298023224,3,0,0.0,0.0
24.101,35350,50,0.016667,0,0.0,50,0,2.5,-1,0,10,5,-1.0,-1.0,-1.0,-1.0,6235944,1,2,2,2,1,1,1,1,0,0.4436691105365753,3.5396921634674072,5.200119972229004,0,0,0,0.0,0,0,7,0,0.4246935546398163,7.48708963394165,1,9300,0,0,0,0,0,0,0,0,0,0,0,1,0,2.0,-26.125,1,0,19.04439926147461,23.89739990234375,1,0,-1.8538999557495117,28.0,2,0,0.3125,0.6875,2,0,0.3199999928474426,0.20000000298023224,3,0,0.0,0.0
24.119,35400,50,0.016667,0,0.0,50,0,2.5,-1,0,10,5,-1.0,-1.0,-1.0,-1.0,6235944,1,2,2,2,1,1,1,1,0,0.4436735510826111,3.5393664836883545,5.201066493988037,0,0,0,0.0,0,0,7,0,0.4254666566848755,7.525686740875244,1,9250,0,0,0,0,0,0,0,0,0,0,0,1,0,2.0,-26.125,1,0,19.04439926147461,23.89739990234375,1,0,-1.8538999557495117,28.0,2,0,0.3125,0.6875,2,0,0.3199999928474426,0.20000000298023224,3,0,0.0,0.0
24.136,35500,50,0.016667,0,0.0,50,0,2.5,-1,0,10,5,-1.0,-1.0,-1.0,-1.0,6235944,1,2,2,2,1,1,1,1,0,0.4436306953430176,3.5388078689575195,5.202559471130371,0,0,0,0.0,0,0,7,0,0.4269743859767914,7.600961685180664,1,9150,0,0,0,0,0,0,0,0,0,0,0,1,0,2.0,-26.125,1,0,19.04439926147461,23.89739990234375,1,0,-1.8538999557495117,28.0,2,0,0.3125,0.6875,2,0,0.3199999928474426,0.20000000298023224,3,0,0.0,0.0
24.154,35550,50,0.016667,0,0.0,50,0,2.5,-1,0,10,5,-1.0,-1.0,-1.0,-1.0,6235944,1,2,2,2,1,1,1,1,0,0.44358494877815247,3.538538932800293,5.203211307525635,0,0,0,0.0,0,0,7,0,0.4277094602584839,7.637660980224609,1,9100,0,0,0,0,0,0,0,0,0,0,0,1,0,2.0,-26.125,1,0,19.04439926147461,23.89739990234375,1,0,-1.8538999557495117,28.0,2,0,0.3125,0.6875,2,0,0.3199999928474426,0.20000000298023224,3,0,0.0,0.0
24.171,35600,50,0.016667,0,0.0,50,0,2.5,-1,0,10,5,-1.0,-1.0,-1.0,-1.0,6235944,1,2,2,2,1,1,1,1,0,0.44351431727409363,3.538224220275879,5.203927516937256,0,0,0,0.0,0,0,7,0,0.42843228578567505,7.67374849319458,1,9050,0,0,0,0,0,0,0,0,0,0,0,1,0,2.0,-26.125,1,0,19.04439926147461,23.89739990234375,1,0,-1.8538999557495117,28.0,2,0,0.3125,0.6875,2,0,0.3199999928474426,0.20000000298023224,3,0,0.0,0.0
24.189,35650,50,0.016667,0,0.0,50,0,2.5,-1,0,10,5,-1.0,-1.0,-1.0,-1.0,6235944,1,2,2,2,1,1,1,1,0,0.4434168338775635,3.537872314453125,5.204678535461426,0,0,0,0.0,0,0,7,0,0.4291430711746216,7.709234237670898,1,9000,0,0,0,0,0,0,0,0,0,0,0,1,0,2.0,-26.125,1,0,19.04439926147461,23.89739990234375,1,0,-1.8538999557495117,28.0,2,0,0.3125,0.6875,2,0,0.3199999928474426,0.20000000298023224,3,0,0.0,0.0
24.206,35700,50,0.016667,0,0.0,50,0,2.5,-1,0,10,5,-1.0,-1.0,-1.0,-1.0,6235944,1,2,2,2,1,1,1,1,0,0.4432917535305023,3.537492036819458,5.20543909072876,0,0,0,0.0,0,0,7,0,0.4298419952392578,7.744128704071045,1,8950,0,0,0,0,0,0,0,0,0,0,0,1,0,2.0,-26.125,1,0,19.04439926147461,23.89739990234375,1,0,-1.8538999557495117,28.0,2,0,0.3125,0.6875,2,0,0.3199999928474426,0.20000000298023224,3,0,0.0,0.0
24.223,35750,50,0.016667,0,0.0,50,0,2.5,-1,0,10,5,-1.0,-1.0,-1.0,-1.0,6235944,1,2,2,2,1,1,1,1,0,0.4431386888027191,3.537088632583618,5.206190586090088,0,0,0,0.0,0,0,7,0,0.43052926659584045,7.778441905975342,1,8900,0,0,0,0,0,0,0,0,0,0,0,1,0,2.0,-26.125,1,0,19.04439926147461,23.89739990234375,1,0,-1.8538999557495117,28.0,2,0,0.3125,0.6875,2,0,0.3199999928474426,0.20000000298023224,3,0,0.0,0.0
24.24,35800,50,0.016667,0,0.0,50,0,2.5,-1,0,10,5,-1.0,-1.0,-1.0,-1.0,6235944,1,2,2,2,1,1,1,1,0,0.44303637742996216,3.5368435382843018,5.20662260055542,0,0,0,0.0,0,0,7,0,0.4312050938606262,7.812182903289795,1,8850,0,0,0,0,0,0,0,0,0,0,0,1,0,2.0,-26.125,1,0,19.04439926147461,23.89739990234375,1,0,-1.8538999557495117,28.0,2,0,0.3125,0.6875,2,0,0.3199999928474426,0.20000000298023224,3,0,0.0,0.0
24.258,35850,50,0.016667,0,0.0,50,0,2.5,-1,0,10,5,-1.0,-1.0,-1.0,-1.0,6235944,1,2,2,2,1,1,1,1,0,0.44289329648017883,3.5365328788757324,5.2071309089660645,0,0,0,0.0,0,0,7,0,0.43186965584754944,7.845361709594727,1,8800,0,0,0,0,0,0,0,0,0,0,0,1,0,2.0,-26.125,1,0,19.04439926147461,23.89739990234375,1,0,-1.8538999557495117,28.0,2,0,0.3125,0.6875,2,0,0.3199999928474426,0.20000000298023224,3,0,0.0,0.0
24.275,35900,50,0.016667,0,0.0,50,0,2.5,-1,0,10,5,-1.0,-1.0,-1.0,-1.0,6235944,1,2,2,2,1,1,1,1,0,0.44271132349967957,3.5361709594726562,5.207685470581055,0,0,0,0.0,0,0,7,0,0.43252313137054443,7.877987384796143,1,8750,0,0,0,0,0,0,0,0,0,0,0,1,0,2.0,-26.125,1,0,19.04439926147461,23.89739990234375,1,0,-1.8538999557495117,28.0,2,0,0.3125,0.6875,2,0,0.3199999928474426,0.20000000298023224,3,0,0.0,0.0
24.292,35950,50,0.016667,0,0.0,50,0,2.5,-1,0,10,5,-1.0,-1.0,-1.0,-1.0,6235944,1,2,2,2,1,1,1,1,0,0.44249364733695984,3.5357675552368164,5.208258628845215,0,0,0,0.0,0,0,7,0,0.4331657290458679,7.910069465637207,1,8700,0,0,0,0,0,0,0,0,0,0,0,1,0,2.0,-26.125,1,0,19.04439926147461,23.89739990234375,1,0,-1.8538999557495117,28.0,2,0,0.3125,0.6875,2,0,0.3199999928474426,0.20000000298023224,3,0,0.0,0.0
24.31,36000,50,0.016667,0,0.0,50,0,2.5,-1,0,10,5,-1.0,-1.0,-1.0,-1.0,6235944,1,2,2,2,1,1,1,1,0,0.44224223494529724,3.535332679748535,5.208832740783691,0,0,0,0.0,0,0,7,0,0.4337976276874542,7.941616535186768,1,8650,0,0,0,0,0,0,0,0,0,0,0,1,0,2.0,-26.125,1,0,19.04439926147461,23.89739990234375,1,0,-1.8538999557495117,28.0,2,0,0.3125,0.6875,2,0,0.3199999928474426,0.20000000298023224,3,0,0.0,0.0
24.327,36050,50,0.016667,0,0.0,50,0,2.5,-1,0,10,5,-1.0,-1.0,-1.0,-1.0,6235944,1,2,2,2,1,1,1,1,0,0.4419587254524231,3.5348730087280273,5.2093915939331055,0,0,0,0.0,0,0,7,0,0.4344189763069153,7.972638130187988,1,8600,0,0,0,0,0,0,0,0,0,0,0,1,0,2.0,-26.125,1,0,19.04439926147461,23.89739990234375,1,0,-1.8538999557495117,28.0,2,0,0.3125,0.6875,2,0,0.3199999928474426,0.20000000298023224,3,0,0.0,0.0
24.344,36100,50,0.016667,0,0.0,50,0,2.5,-1,0,10,5,-1.0,-1.0,-1.0,-1.0,6235944,1,2,2,2,1,1,1,1,0,0.44177892804145813,3.5345942974090576,5.2097086906433105,0,0,0,0.0,0,0,7,0,0.4350299835205078,8.003142356872559,1,8550,0,0,0,0,0,0,0,0,0,0,0,1,0,2.0,-26.125,1,0,19.04439926147461,23.89739990234375,1,0,-1.8538999557495117,28.0,2,0,0.3125,0.6875,2,0,0.3199999928474426,0.20000000298023224,3,0,0.0,0.0
24.361,36150,50,0.016667,0,0.0,50,0,2.5,-1,0,10,5,-1.0,-1.0,-1.0,-1.0,6235944,1,2,2,2,1,1,1,1,0,0.4415411353111267,3.534242630004883,5.21007776260376,0,0,0,0.0,0,0,7,0,0.43563079833984375,8.033138275146484,1,8500,0,0,0,0,0,0,0,0,0,0,0,1,0,2.0,-26.125,1,0,19.04439926147461,23.89739990234375,1,0,-1.8538999557495117,28.0,2,0,0.3125,0.6875,2,0,0.3199999928474426,0.20000000298023224,3,0,0.0,0.0
24.379,36200,50,0.016667,0,0.0,50,0,2.5,-1,0,10,5,-1.0,-1.0,-1.0,-1.0,6235944,1,2,2,2,1,1,1,1,0,0.4412514567375183,3.5338337421417236,5.210474491119385,0,0,0,0.0,0,0,7,0,0.4362215995788574,8.062634468078613,1,8450,0,0,0,0,0,0,0,0,0,0,0,1,0,2.0,-26.125,1,0,19.04439926147461,23.89739990234375,1,0,-1.8538999557495117,28.0,2,0,0.3125,0.6875,2,0,0.3199999928474426,0.20000000298023224,3,0,0.0,0.0
24.396,36250,50,0.016667,0,0.0,50,0,2.5,-1,0,10,5,-1.0,-1.0,-1.0,-1.0,6235944,1,2,2,2,1,1,1,1,0,0.4409168064594269,3.533379316329956,5.210880279541016,0,0,0,0.0,0,0,7,0,0.43680256605148315,8.091638565063477,1,8400,0,0,0,0,0,0,0,0,0,0,0,1,0,2.0,-26.125,1,0,19.04439926147461,23.89739990234375,1,0,-1.8538999557495117,28.0,2,0,0.3125,0.6875,2,0,0.3199999928474426,0.20000000298023224,3,0,0.0,0.0
24.413,36300,50,0.016667,0,0.0,50,0,2.5,-1,0,10,5,-1.0,-1.0,-1.0,-1.0,6235944,1,2,2,2,1,1,1,1,0,0.440542995929718,3.5328903198242188,5.211279392242432,0,0,0,0.0,0,0,7,0,0.4373738467693329,8.120160102844238,1,8350,0,0,0,0,0,0,0,0,0,0,0,1,0,2.0,-26.125,1,0,19.04439926147461,23.89739990234375,1,0,-1.8538999557495117,28.0,2,0,0.3125,0.6875,2,0,0.3199999928474426,0.20000000298023224,3,0,0.0,0.0
24.43,36350,50,0.016667,0,0.0,50,0,2.5,-1,0,10,5,-1.0,-1.0,-1.0,-1.0,6235944,1,2,2,2,1,1,1,1,0,0.4401334524154663,3.5323750972747803,5.211662769317627,0,0,0,0.0,0,0,7,0,0.43793559074401855,8.148205757141113,1,8300,0,0,0,0,0,0,0,0,0,0,0,1,0,2.0,-26.125,1,0,19.04439926147461,23.89739990234375,1,0,-1.8538999557495117,28.0,2,0,0.3125,0.6875,2,0,0.3199999928474426,0.20000000298023224,3,0,0.0,0.0
24.448,36400,50,0.016667,0,0.0,50,0,2.5,-1,0,10,5,-1.0,-1.0,-1.0,-1.0,6235944,1,2,2,2,1,1,1,1,0,0.4398788809776306,3.5320634841918945,5.211876392364502,0,0,0,0.0,0,0,7,0,0.4384879767894745,8.17578411102295,1,8250,0,0,0,0,0,0,0,0,0,0,0,1,0,2.0,-26.125,1,0,19.04439926147461,23.89739990234375,1,0,-1.8538999557495117,28.0,2,0,0.3125,0.6875,2,0,0.3199999928474426,0.20000000298023224,3,0,0.0,0.0
24.466,36450,50,0.016667,0,0.0,50,0,2.5,-1,0,10,5,-1.0,-1.0,-1.0,-1.0,6235944,1,2,2,2,1,1,1,1,0,0.43954938650131226,3.5316708087921143,5.212118625640869,0,0,0,0.0,0,0,7,0,0.4390311539173126,8.202902793884277,1,8200,0,0,0,0,0,0,0,0,0,0,0,1,0,2.0,-26.125,1,0,19.04439926147461,23.89739990234375,1,0,-1.8538999557495117,28.0,2,0,0.3125,0.6875,2,0,0.3199999928474426,0.20000000298023224,3,0,0.0,0.0
24.483,36500,50,0.016667,0,0.0,50,0,2.5,-1,0,10,5,-1.0,-1.0,-1.0,-1.0,6235944,1,2,2,2,1,1,1,1,0,0.43915557861328125,3.5312154293060303,5.212374210357666,0,0,0,0.0,0,0,7,0,0.4395652711391449,8.229569435119629,1,8150,0,0,0,0,0,0,0,0,0,0,0,1,0,2.0,-26.125,1,0,19.04439926147461,23.89739990234375,1,0,-1.8538999557495117,28.0,2,0,0.3125,0.6875,2,0,0.3199999928474426,0.20000000298023224,3,0,0.0,0.0
24.5,36550,50,0.016667,0,0.0,50,0,2.5,-1,0,10,5,-1.0,-1.0,-1.0,-1.0,6235944,1,2,2,2,1,1,1,1,0,0.43870851397514343,3.530710220336914,5.212630271911621,0,0,0,0.0,0,0,7,0,0.44009050726890564,8.255791664123535,1,8100,0,0,0,0,0,0,0,0,0,0,0,1,0,2.0,-26.125,1,0,19.04439926147461,23.89739990234375,1,0,-1.8538999557495117,28.0,2,0,0.3125,0.6875,2,0,0.3199999928474426,0.20000000298023224,3,0,0.0,0.0
24.518,36600,50,0.016667,0,0.0,50,0,2.5,-1,0,10,5,-1.0,-1.0,-1.0,-1.0,6235944,1,2,2,2,1,1,1,1,0,0.4382167458534241,3.530168056488037,5.212874412536621,0,0,0,0.0,0,0,7,0,0.4406069815158844,8.281577110290527,1,8050,0,0,0,0,0,0,0,0,0,0,0,1,0,2.0,-26.125,1,0,19.04439926147461,23.89739990234375,1,0,-1.8538999557495117,28.0,2,0,0.3125,0.6875,2,0,0.3199999928474426,0.20000000298023224,3,0,0.0,0.0
24.535,36650,50,0.016667,0,0.0,50,0,2.5,-1,0,10,5,-1.0,-1.0,-1.0,-1.0,6235944,1,2,2,2,1,1,1,1,0,0.43768584728240967,3.5295963287353516,5.2131028175354,0,0,0,0.0,0,0,7,0,0.4411148428916931,8.30693244934082,1,8000,0,0,0,0,0,0,0,0,0,0,0,1,0,2.0,-26.125,1,0,19.04439926147461,23.89739990234375,1,0,-1.8538999557495117,28.0,2,0,0.3125,0.6875,2,0,0.3199999928474426,0.20000000298023224,3,0,0.0,0.0
24.552,36750,50,0.016667,0,0.0,50,0,2.5,-1,0,10,5,-1.0,-1.0,-1.0,-1.0,6235944,1,2,2,2,1,1,1,1,0,0.4369415044784546,3.5288186073303223,5.213361740112305,0,0,0,0.0,0,0,7,0,0.44210532307624817,8.356382369995117,1,7900,0,0,0,0,0,0,0,0,0,0,0,1,0,2.0,-26.125,1,0,19.04439926147461,23.89739990234375,1,0,-1.8538999557495117,28.0,2,0,0.3125,0.6875,2,0,0.3199999928474426,0.20000000298023224,3,0,0.0,0.0
24.569,36800,50,0.016667,0,0.0,50,0,2.5,-1,0,10,5,-1.0,-1.0,-1.0,-1.0,6235944,1,2,2,2,1,1,1,1,0,0.43644794821739197,3.528317451477051,5.213500022888184,0,0,0,0.0,0,0,7,0,0.442588210105896,8.380491256713867,1,7850,0,0,0,0,0,0,0,0,0,0,0,1,0,2.0,-26.125,1,0,19.04439926147461,23.89739990234375,1,0,-1.8538999557495117,28.0,2,0,0.3125,0.6875,2,0,0.3199999928474426,0.20000000298023224,3,0,0.0,0.0
24.587,36850,50,0.016667,0,0.0,50,0,2.5,-1,0,10,5,-1.0,-1.0,-1.0,-1.0,6235944,1,2,2,2,1,1,1,1,0,0.435893177986145,3.5277624130249023,5.213633060455322,0,0,0,0.0,0,0,7,0,0.44306305050849915,8.40419864654541,1,7800,0,0,0,0,0,0,0,0,0,0,0,1,0,2.0,-26.125,1,0,19.04439926147461,23.89739990234375,1,0,-1.8538999557495117,28.0,2,0,0.3125,0.6875,2,0,0.3199999928474426,0.20000000298023224,3,0,0.0,0.0
24.604,36900,50,0.016667,0,0.0,50,0,2.5,-1,0,10,5,-1.0,-1.0,-1.0,-1.0,6235944,1,2,2,2,1,1,1,1,0,0.4352883994579315,3.527167558670044,5.213754177093506,0,0,0,0.0,0,0,7,0,0.44352999329566956,8.427510261535645,1,7750,0,0,0,0,0,0,0,0,0,0,0,1,0,2.0,-26.125,1,0,19.04439926147461,23.89739990234375,1,0,-1.8538999557495117,28.0,2,0,0.3125,0.6875,2,0,0.3199999928474426,0.20000000298023224,3,0,0.0,0.0
24.621,36950,50,0.016667,0,0.0,50,0,2.5,-1,0,10,5,-1.0,-1.0,-1.0,-1.0,6235944,1,2,2,2,1,1,1,1,0,0.43464183807373047,3.5265417098999023,5.213860034942627,0,0,0,0.0,0,0,7,0,0.4439891278743744,8.450433731079102,1,7700,0,0,0,0,0,0,0,0,0,0,0,1,0,2.0,-26.125,1,0,19.04439926147461,23.89739990234375,1,0,-1.8538999557495117,28.0,2,0,0.3125,0.6875,2,0,0.3199999928474426,0.20000000298023224,3,0,0.0,0.0
24.638,37000,50,0.016667,0,0.0,50,0,2.5,-1,0,10,5,-1.0,-1.0,-1.0,-1.0,6235944,1,2,2,2,1,1,1,1,0,0.43424683809280396,3.5261642932891846,5.213912487030029,0,0,0,0.0,0,0,7,0,0.444440633058548,8.47297477722168,1,7650,0,0,0,0,0,0,0,0,0,0,0,1,0,2.0,-26.125,1,0,19.04439926147461,23.89739990234375,1,0,-1.8538999557495117,28.0,2,0,0.3125,0.6875,2,0,0.3199999928474426,0.20000000298023224,3,0,0.0,0.0
24.656,37050,50,0.016667,0,0.0,50,0,2.5,-1,0,10,5,-1.0,-1.0,-1.0,-1.0,6235944,1,2,2,2,1,1,1,1,0,0.43374529480934143,3.5256917476654053,5.213966369628906,0,0,0,0.0,0,0,7,0,0.44488459825515747,8.495140075683594,1,7600,0,0,0,0,0,0,0,0,0,0,0,1,0,2.0,-26.125,1,0,19.04439926147461,23.89739990234375,1,0,-1.8538999557495117,28.0,2,0,0.3125,0.6875,2,0,0.3199999928474426,0.20000000298023224,3,0,0.0,0.0
24.673,37100,50,0.016667,0,0.0,50,0,2.5,-1,0,10,5,-1.0,-1.0,-1.0,-1.0,6235944,1,2,2,2,1,1,1,1,0,0.4331565201282501,3.5251452922821045,5.214016914367676,0,0,0,0.0,0,0,7,0,0.4453211724758148,8.516936302185059,1,7550,0,0,0,0,0,0,0,0,0,0,0,1,0,2.0,-26.125,1,0,19.04439926147461,23.89739990234375,1,0,-1.8538999557495117,28.0,2,0,0.3125,0.6875,2,0,0.3199999928474426,0.20000000298023224,3,0,0.0,0.0
24.691,37150,50,0.016667,0,0.0,50,0,2.5,-1,0,10,5,-1.0,-1.0,-1.0,-1.0,6235944,1,2,2,2,1,1,1,1,0,0.4324995279312134,3.524540901184082,5.214059352874756,0,0,0,0.0,0,0,7,0,0.44575047492980957,8.538369178771973,1,7500,0,0,0,0,0,0,0,0,0,0,0,1,0,2.0,-26.125,1,0,19.04439926147461,23.89739990234375,1,0,-1.8538999557495117,28.0,2,0,0.3125,0.6875,2,0,0.3199999928474426,0.20000000298023224,3,0,0.0,0.0
24.708,37200,50,0.016667,0,0.0,50,0,2.5,-1,0,10,5,-1.0,-1.0,-1.0,-1.0,6235944,1,2,2,2,1,1,1,1,0,0.4317878782749176,3.5238938331604004,5.214090824127197,0,0,0,0.0,0,0,7,0,0.4461726248264313,8.559444427490234,1,7450,0,0,0,0,0,0,0,0,0,0,0,1,0,2.0,-26.125,1,0,19.04439926147461,23.89739990234375,1,0,-1.8538999557495117,28.0,2,0,0.3125,0.6875,2,0,0.3199999928474426,0.20000000298023224,3,0,0.0,0.0
24.725,37250,50,0.016667,0,0.0,50,0,2.5,-1,0,10,5,-1.0,-1.0,-1.0,-1.0,6235944,1,2,2,2,1,1,1,1,0,0.43103131651878357,3.523214101791382,5.214112281799316,0,0,0,0.0,0,0,7,0,0.4465877413749695,8.580168724060059,1,7400,0,0,0,0,0,0,0,0,0,0,0,1,0,2.0,-26.125,1,0,19.04439926147461,23.89739990234375,1,0,-1.8538999557495117,28.0,2,0,0.3125,0.6875,2,0,0.3199999928474426,0.20000000298023224,3,0,0.0,0.0
24.742,37300,50,0.016667,0,0.0,50,0,2.5,-1,0,10,5,-1.0,-1.0,-1.0,-1.0,6235944,1,2,2,2,1,1,1,1,0,0.43057119846343994,3.5228044986724854,5.214117050170898,0,0,0,0.0,0,0,7,0,0.44699591398239136,8.600547790527344,1,7350,0,0,0,0,0,0,0,0,0,0,0,1,0,2.0,-26.125,1,0,19.04439926147461,23.89739990234375,1,0,-1.8538999557495117,28.0,2,0,0.3125,0.6875,2,0,0.3199999928474426,0.20000000298023224,3,0,0.0,0.0
24.76,37350,50,0.016667,0,0.0,50,0,2.5,-1,0,10,5,-1.0,-1.0,-1.0,-1.0,6235944,1,2,2,2,1,1,1,1,0,0.42999064922332764,3.522292375564575,5.214117527008057,0,0,0,0.0,0,0,7,0,0.44739729166030884,8.620587348937988,1,7300,0,0,0,0,0,0,0,0,0,0,0,1,0,2.0,-26.125,1,0,19.04439926147461,23.89739990234375,1,0,-1.8538999557495117,28.0,2,0,0.3125,0.6875,2,0,0.3199999928474426,0.20000000298023224,3,0,0.0,0.0
24.777,37400,50,0.016667,0,0.0,50,0,2.5,-1,0,10,5,-1.0,-1.0,-1.0,-1.0,6235944,1,2,2,2,1,1,1,1,0,0.42931225895881653,3.521700620651245,5.214111328125,0,0,0,0.0,0,0,7,0,0.4477919936180115,8.64029312133789,1,7250,0,0,0,0,0,0,0,0,0,0,0,1,0,2.0,-26.125,1,0,19.04439926147461,23.89739990234375,1,0,-1.8538999557495117,28.0,2,0,0.3125,0.6875,2,0,0.3199999928474426,0.20000000298023224,3,0,0.0,0.0
24.795,37450,50,0.016667,0,0.0,50,0,2.5,-1,0,10,5,-1.0,-1.0,-1.0,-1.0,6235944,1,2,2,2,1,1,1,1,0,0.4285584092140198,3.521047353744507,5.214097023010254,0,0,0,0.0,0,0,7,0,0.44818010926246643,8.659669876098633,1,7200,0,0,0,0,0,0,0,0,0,0,0,1,0,2.0,-26.125,1,0,19.04439926147461,23.89739990234375,1,0,-1.8538999557495117,28.0,2,0,0.3125,0.6875,2,0,0.3199999928474426,0.20000000298023224,3,0,0.0,0.0
24.812,37500,50,0.016667,0,0.0,50,0,2.5,-1,0,10,5,-1.0,-1.0,-1.0,-1.0,6235944,1,2,2,2,1,1,1,1,0,0.42774611711502075,3.5203487873077393,5.214076519012451,0,0,0,0.0,0,0,7,0,0.44856175780296326,8.67872428894043,1,7150,0,0,0,0,0,0,0,0,0,0,0,1,0,2.0,-26.125,1,0,19.04439926147461,23.89739990234375,1,0,-1.8538999557495117,28.0,2,0,0.3125,0.6875,2,0,0.3199999928474426,0.20000000298023224,3,0,0.0,0.0
24.829,37550,50,0.016667,0,0.0,50,0,2.5,-1,0,10,5,-1.0,-1.0,-1.0,-1.0,6235944,1,2,2,2,1,1,1,1,0,0.4268864393234253,3.519615650177002,5.21405029296875,0,0,0,0.0,0,0,7,0,0.4489370286464691,8.697461128234863,1,7100,0,0,0,0,0,0,0,0,0,0,0,1,0,2.0,-26.125,1,0,19.04439926147461,23.89739990234375,1,0,-1.8538999557495117,28.0,2,0,0.3125,0.6875,2,0,0.3199999928474426,0.20000000298023224,3,0,0.0,0.0
24.846,37600,50,0.016667,0,0.0,50,0,2.5,-1,0,10,5,-1.0,-1.0,-1.0,-1.0,6235944,1,2,2,2,1,1,1,1,0,0.4263654351234436,3.519174337387085,5.214029788970947,0,0,0,0.0,0,0,7,0,0.44930607080459595,8.715885162353516,1,7050,0,0,0,0,0,0,0,0,0,0,0,1,0,2.0,-26.125,1,0,19.04439926147461,23.89739990234375,1,0,-1.8538999557495117,28.0,2,0,0.3125,0.6875,2,0,0.3199999928474426,0.20000000298023224,3,0,0.0,0.0
24.864,37650,50,0.016667,0,0.0,50,0,2.5,-1,0,10,5,-1.0,-1.0,-1.0,-1.0,6235944,1,2,2,2,1,1,1,1,0,0.4257102608680725,3.5186233520507812,5.214004039764404,0,0,0,0.0,0,0,7,0,0.4496689438819885,8.734002113342285,1,7000,0,0,0,0,0,0,0,0,0,0,0,1,0,2.0,-26.125,1,0,19.04439926147461,23.89739990234375,1,0,-1.8538999557495117,28.0,2,0,0.3125,0.6875,2,0,0.3199999928474426,0.20000000298023224,3,0,0.0,0.0
24.881,37700,50,0.016667,0,0.0,50,0,2.5,-1,0,10,5,-1.0,-1.0,-1.0,-1.0,6235944,1,2,2,2,1,1,1,1,0,0.42494797706604004,3.5179872512817383,5.2139739990234375,0,0,0,0.0,0,0,7,0,0.4500257670879364,8.751816749572754,1,6950,0,0,0,0,0,0,0,0,0,0,0,1,0,2.0,-26.125,1,0,19.04439926147461,23.89739990234375,1,0,-1.8538999557495117,28.0,2,0,0.3125,0.6875,2,0,0.3199999928474426,0.20000000298023224,3,0,0.0,0.0
24.898,37750,50,0.016667,0,0.0,50,0,2.5,-1,0,10,5,-1.0,-1.0,-1.0,-1.0,6235944,1,2,2,2,1,1,1,1,0,0.42410385608673096,3.5172855854034424,5.213938236236572,0,0,0,0.0,0,0,7,0,0.4503766596317291,8.76933479309082,1,6900,0,0,0,0,0,0,0,0,0,0,0,1,0,2.0,-26.125,1,0,19.04439926147461,23.89739990234375,1,0,-1.8538999557495117,28.0,2,0,0.3125,0.6875,2,0,0.3199999928474426,0.20000000298023224,3,0,0.0,0.0
24.915,37800,50,0.016667,0,0.0,50,0,2.5,-1,0,10,5,-1.0,-1.0,-1.0,-1.0,6235944,1,2,2,2,1,1,1,1,0,0.4231974184513092,3.5165364742279053,5.213901519775391,0,0,0,0.0,0,0,7,0,0.45072171092033386,8.786561012268066,1,6850,0,0,0,0,0,0,0,0,0,0,0,1,0,2.0,-26.125,1,0,19.04439926147461,23.89739990234375,1,0,-1.8538999557495117,28.0,2,0,0.3125,0.6875,2,0,0.3199999928474426,0.20000000298023224,3,0,0.0,0.0
24.933,37850,50,0.016667,0,0.0,50,0,2.5,-1,0,10,5,-1.0,-1.0,-1.0,-1.0,6235944,1,2,2,2,1,1,1,1,0,0.4222413897514343,3.5157508850097656,5.213864326477051,0,0,0,0.0,0,0,7,0,0.4510610103607178,8.803500175476074,1,6800,0,0,0,0,0,0,0,0,0,0,0,1,0,2.0,-26.125,1,0,19.04439926147461,23.89739990234375,1,0,-1.8538999557495117,28.0,2,0,0.3125,0.6875,2,0,0.3199999928474426,0.20000000298023224,3,0,0.0,0.0
24.95,37900,50,0.016667,0,0.0,50,0,2.5,-1,0,10,5,-1.0,-1.0,-1.0,-1.0,6235944,1,2,2,2,1,1,1,1,0,0.4216635227203369,3.5152783393859863,5.213840484619141,0,0,0,0.0,0,0,7,0,0.451394647359848,8.820157051086426,1,6750,0,0,0,0,0,0,0,0,0,0,0,1,0,2.0,-26.125,1,0,19.04439926147461,23.89739990234375,1,0,-1.8538999557495117,28.0,2,0,0.3125,0.6875,2,0,0.3199999928474426,0.20000000298023224,3,0,0.0,0.0
24.968,37950,50,0.016667,0,0.0,50,0,2.5,-1,0,10,5,-1.0,-1.0,-1.0,-1.0,6235944,1,2,2,2,1,1,1,1,0,0.4209391176700592,3.514688730239868,5.213813781738281,0,0,0,0.0,0,0,7,0,0.4517227113246918,8.836536407470703,1,6700,0,0,0,0,0,0,0,0,0,0,0,1,0,2.0,-26.125,1,0,19.04439926147461,23.89739990234375,1,0,-1.8538999557495117,28.0,2,0,0.3125,0.6875,2,0,0.3199999928474426,0.20000000298023224,3,0,0.0,0.0
24.985,38000,50,0.016667,0,0.0,50,0,2.5,-1,0,10,5,-1.0,-1.0,-1.0,-1.0,6235944,1,2,2,2,1,1,1,1,0,0.4200986623764038,3.5140092372894287,5.213785648345947,0,0,0,0.0,0,0,7,0,0.4520453214645386,8.852643013000488,1,6650,0,0,0,0,0,0,0,0,0,0,0,1,0,2.0,-26.125,1,0,19.04439926147461,23.89739990234375,1,0,-1.8538999557495117,28.0,2,0,0.3125,0.6875,2,0,0.3199999928474426,0.20000000298023224,3,0,0.0,0.0
25.003,38100,50,0.016667,0,0.0,50,0,2.5,-1,0,10,5,-1.0,-1.0,-1.0,-1.0,6235944,1,2,2,2,1,1,1,1,0,0.4181765019893646,3.5124611854553223,5.213737964630127,0,0,0,0.0,0,0,7,0,0.4526744782924652,8.884054183959961,1,6550,0,0,0,0,0,0,0,0,0,0,0,1,0,2.0,-26.125,1,0,19.04439926147461,23.89739990234375,1,0,-1.8538999557495117,28.0,2,0,0.3125,0.6875,2,0,0.3199999928474426,0.20000000298023224,3,0,0.0,0.0
25.02,38150,50,0.016667,0,0.0,50,0,2.5,-1,0,10,5,-1.0,-1.0,-1.0,-1.0,6235944,1,2,2,2,1,1,1,1,0,0.41713130474090576,3.5116238594055176,5.213720798492432,0,0,0,0.0,0,0,7,0,0.45298120379447937,8.899368286132812,1,6500,0,0,0,0,0,0,0,0,0,0,0,1,0,2.0,-26.125,1,0,19.04439926147461,23.89739990234375,1,0,-1.8538999557495117,28.0,2,0,0.3125,0.6875,2,0,0.3199999928474426,0.20000000298023224,3,0,0.0,0.0
25.038,38200,50,0.016667,0,0.0,50,0,2.5,-1,0,10,5,-1.0,-1.0,-1.0,-1.0,6235944,1,2,2,2,1,1,1,1,0,0.41650089621543884,3.511120557785034,5.213711738586426,0,0,0,0.0,0,0,7,0,0.45328283309936523,8.914427757263184,1,6450,0,0,0,0,0,0,0,0,0,0,0,1,0,2.0,-26.125,1,0,19.04439926147461,23.89739990234375,1,0,-1.8538999557495117,28.0,2,0,0.3125,0.6875,2,0,0.3199999928474426,0.20000000298023224,3,0,0.0,0.0
25.055,38250,50,0.016667,0,0.0,50,0,2.5,-1,0,10,6,-1.0,-1.0,-1.0,-1.0,6235944,1,2,2,2,1,1,1,1,0,0.41546371579170227,3.507249355316162,5.207669258117676,0,0,0,0.0,0,0,7,0,0.45328283309936523,8.914427757263184,1,0,0,0,0,0,0,0,0,0,0,0,0,1,0,2.0,-26.125,1,0,19.04439926147461,23.89739990234375,1,0,-1.8538999557495117,28.0,2,0,0.3125,0.6875,2,0,0.3199999928474426,0.20000000298023224,3,0,0.0,0.0
25.072,38300,100,0.033333,0,0.0,50,0,2.5,-1,0,10,6,-1.0,-1.0,-1.0,-1.0,6235944,1,2,2,2,1,1,1,1,0,0.4138902425765991,3.4977269172668457,5.191066265106201,0,0,0,0.0,0,0,7,0,0.45328283309936523,8.914427757263184,1,0,0,0,0,0,0,0,0,0,0,0,0,1,0,2.0,-26.125,1,0,19.04439926147461,23.89739990234375,1,0,-1.8538999557495117,28.0,2,0,0.3125,0.6875,2,0,0.3199999928474426,0.20000000298023224,3,0,0.0,0.0
25.089,38350,150,0.05,0,0.0,50,0,2.5,-1,0,10,6,-1.0,-1.0,-1.0,-1.0,6235944,1,2,2,2,1,1,1,1,0,0.41166818141937256,3.48063325881958,5.1602020263671875,0,0,0,0.0,0,0,7,0,0.45328283309936523,8.914427757263184,1,0,0,0,0,0,0,0,0,0,0,0,0,1,0,2.0,-26.125,1,0,19.04439926147461,23.89739990234375,1,0,-1.8538999557495117,28.0,2,0,0.3125,0.6875,2,0,0.3199999928474426,0.20000000298023224,3,0,0.0,0.0
25.106,38400,200,0.066667,0,0.0,50,0,2.5,-1,0,10,6,-1.0,-1.0,-1.0,-1.0,6235944,1,2,2,2,1,1,1,1,0,0.40870401263237,3.454683780670166,5.112553119659424,0,0,0,0.0,0,0,7,0,0.45328283309936523,8.914427757263184,1,0,0,0,0,0,0,0,0,0,0,0,0,1,0,2.0,-26.125,1,0,19.04439926147461,23.89739990234375,1,0,-1.8538999557495117,28.0,2,0,0.3125,0.6875,2,0,0.3199999928474426,0.20000000298023224,3,0,0.0,0.0
25.124,38450,250,0.083333,0,0.0,50,0,2.5,-1,0,10,6,-1.0,-1.0,-1.0,-1.0,6235944,1,2,2,2,1,1,1,1,0,0.4049202799797058,3.4191675186157227,5.04634952545166,0,0,0,0.0,0,0,7,0,0.45328283309936523,8.914427757263184,1,0,0,0,0,0,0,0,0,0,0,0,0,1,0,2.0,-26.125,1,0,19.04439926147461,23.89739990234375,1,0,-1.8538999557495117,28.0,2,0,0.3125,0.6875,2,0,0.3199999928474426,0.20000000298023224,3,0,0.0,0.0
25.141,38500,300,0.1,0,0.0,50,0,2.5,-1,0,10,6,-1.0,-1.0,-1.0,-1.0,6235944,1,2,2,2,1,1,1,1,0,0.4007200598716736,3.374394178390503,4.960987567901611,0,0,0,0.0,0,0,7,0,0.45328283309936523,8.914427757263184,1,0,0,0,0,0,0,0,0,0,0,0,0,1,0,2.0,-26.125,1,0,19.04439926147461,23.89739990234375,1,0,-1.8538999557495117,28.0,2,0,0.3125,0.6875,2,0,0.3199999928474426,0.20000000298023224,3,0,0.0,0.0
25.158,38550,350,0.116667,0,0.0,50,0,2.5,-1,0,10,6,-1.0,-1.0,-1.0,-1.0,6235944,1,2,2,2,1,1,1,1,0,0.3955939710140228,3.321096420288086,4.858341217041016,0,0,0,0.0,0,0,7,0,0.45328283309936523,8.914427757263184,1,0,0,0,0,0,0,0,0,0,0,0,0,1,0,2.0,-26.125,1,0,19.04439926147461,23.89739990234375,1,0,-1.8538999557495117,28.0,2,0,0.3125,0.6875,2,0,0.3199999928474426,0.20000000298023224,3,0,0.0,0.0
25.176,38600,400,0.133333,0,0.0,50,0,2.5,-1,0,10,6,-1.0,-1.0,-1.0,-1.0,6235944,1,2,2,2,1,1,1,1,0,0.389782190322876,3.261812925338745,4.742945194244385,0,0,0,0.0,0,0,7,0,0.45328283309936523,8.914427757263184,1,0,0,0,0,0,0,0,0,0,0,0,0,1,0,2.0,-26.125,1,0,19.04439926147461,23.89739990234375,1,0,-1.8538999557495117,28.0,2,0,0.3125,0.6875,2,0,0.3199999928474426,0.20000000298023224,3,0,0.0,0.0
25.193,38650,450,0.15,0,0.0,50,0,2.5,-1,0,10,6,-1.0,-1.0,-1.0,-1.0,6235944,1,2,2,2,1,1,1,1,0,0.3834382891654968,3.1983580589294434,4.617972373962402,0,0,0,0.0,0,0,7,0,0.45328283309936523,8.914427757263184,1,0,0,0,0,0,0,0,0,0,0,0,0,1,0,2.0,-26.125,1,0,19.04439926147461,23.89739990234375,1,0,-1.8538999557495117,28.0,2,0,0.3125,0.6875,2,0,0.3199999928474426,0.20000000298023224,3,0,0.0,0.0
25.21,38700,500,0.166667,0,0.0,50,0,2.5,-1,0,10,6,-1.0,-1.0,-1.0,-1.0,6235944,1,2,2,2,1,1,1,1,0,0.3766581416130066,3.1320908069610596,4.485775947570801,0,0,0,0.0,0,0,7,0,0.45328283309936523,8.914427757263184,1,0,0,0,0,0,0,0,0,0,0,0,0,1,0,2.0,-26.125,1,0,19.04439926147461,23.89739990234375,1,0,-1.8538999557495117,28.0,2,0,0.3125,0.6875,2,0,0.3199999928474426,0.20000000298023224,3,0,0.0,0.0
25.228,38750,550,0.183333,0,0.0,50,0,2.5,-1,0,10,6,-1.0,-1.0,-1.0,-1.0,6235944,1,2,2,2,1,1,1,1,0,0.3695175051689148,3.0641496181488037,4.348386764526367,0,0,0,0.0,0,0,7,0,0.45328283309936523,8.914427757263184,1,0,0,0,0,0,0,0,0,0,0,0,0,1,0,2.0,-26.125,1,0,19.04439926147461,23.89739990234375,1,0,-1.8538999557495117,28.0,2,0,0.3125,0.6875,2,0,0.3199999928474426,0.20000000298023224,3,0,0.0,0.0
25.245,38800,600,0.2,0,0.0,50,0,2.5,-1,0,10,6,-1.0,-1.0,-1.0,-1.0,6235944,1,2,2,2,1,1,1,1,0,0.3624621033668518,2.995638847351074,4.207167625427246,0,0,0,0.0,0,0,7,0,0.45328283309936523,8.914427757263184,1,0,0,0,0,0,0,0,0,0,0,0,0,1,0,2.0,-26.125,1,0,19.04439926147461,23.89739990234375,1,0,-1.8538999557495117,28.0,2,0,0.3125,0.6875,2,0,0.3199999928474426,0.20000000298023224,3,0,0.0,0.0
25.263,38850,650,0.216667,0,0.0,50,0,2.5,-1,0,10,6,-1.0,-1.0,-1.0,-1.0,6235944,1,2,2,2,1,1,1,1,0,0.3550073802471161,2.9267823696136475,4.063211917877197,0,0,0,0.0,0,0,7,0,0.45328283309936523,8.914427757263184,1,0,0,0,0,0,0,0,0,0,0,0,0,1,0,2.0,-26.125,1,0,19.04439926147461,23.89739990234375,1,0,-1.8538999557495117,28.0,2,0,0.3125,0.6875,2,0,0.3199999928474426,0.20000000298023224,3,0,0.0,0.0
25.28,38900,700,0.233333,0,0.0,50,0,2.5,-1,0,10,6,-1.0,-1.0,-1.0,-1.0,6235944,1,2,2,2,1,1,1,1,0,0.3471791446208954,2.8579914569854736,3.917254686355591,0,0,0,0.0,0,0,7,0,0.45328283309936523,8.914427757263184,1,0,0,0,0,0,0,0,0,0,0,0,0,1,0,2.0,-26.125,1,0,19.04439926147461,23.89739990234375,1,0,-1.8538999557495117,28.0,2,0,0.3125,0.6875,2,0,0.3199999928474426,0.20000000298023224,3,0,0.0,0.0
25.298,38950,750,0.25,0,0.0,50,0,2.5,-1,0,10,6,-1.0,-1.0,-1.0,-1.0,6235944,1,2,2,2,1,1,1,1,0,0.3389940559864044,2.789569139480591,3.7697768211364746,0,0,0,0.0,0,0,7,0,0.45328283309936523,8.914427757263184,1,0,0,0,0,0,0,0,0,0,0,0,0,1,0,2.0,-26.125,1,0,19.04439926147461,23.89739990234375,1,0,-1.8538999557495117,28.0,2,0,0.3125,0.6875,2,0,0.3199999928474426,0.20000000298023224,3,0,0.0,0.0
25.315,39000,800,0.266667,0,0.0,50,0,2.5,-1,0,10,6,-1.0,-1.0,-1.0,-1.0,6235944,1,2,2,2,1,1,1,1,0,0.33046630024909973,2.721743583679199,3.6211626529693604,0,0,0,0.0,0,0,7,0,0.45328283309936523,8.914427757263184,1,0,0,0,0,0,0,0,0,0,0,0,0,1,0,2.0,-26.125,1,0,19.04439926147461,23.89739990234375,1,0,-1.8538999557495117,28.0,2,0,0.3125,0.6875,2,0,0.3199999928474426,0.20000000298023224,3,0,0.0,0.0
25.332,39050,850,0.283333,0,0.0,50,0,2.5,-1,0,10,6,-1.0,-1.0,-1.0,-1.0,6235944,1,2,2,2,1,1,1,1,0,0.3216107189655304,2.654740333557129,3.471730947494507,0,0,0,0.0,0,0,7,0,0.45328283309936523,8.914427757263184,1,0,0,0,0,0,0,0,0,0,0,0,0,1,0,2.0,-26.125,1,0,19.04439926147461,23.89739990234375,1,0,-1.8538999557495117,28.0,2,0,0.3125,0.6875,2,0,0.3199999928474426,0.20000000298023224,3,0,0.0,0.0
25.35,39100,900,0.3,0,0.0,50,0,2.5,-1,0,10,6,-1.0,-1.0,-1.0,-1.0,6235944,1,2,2,2,1,1,1,1,0,0.31277626752853394,2.588906764984131,3.321620464324951,0,0,0,0.0,0,0,7,0,0.45328283309936523,8.914427757263184,1,0,0,0,0,0,0,0,0,0,0,0,0,1,0,2.0,-26.125,1,0,19.04439926147461,23.89739990234375,1,0,-1.8538999557495117,28.0,2,0,0.3125,0.6875,2,0,0.3199999928474426,0.20000000298023224,3,0,0.0,0.0
25.367,39150,950,0.316667,0,0.0,50,0,2.5,-1,0,10,6,-1.0,-1.0,-1.0,-1.0,6235944,1,2,2,2,1,1,1,1,0,0.3035565912723541,2.52408504486084,3.1710939407348633,0,0,0,0.0,0,0,7,0,0.45328283309936523,8.914427757263184,1,0,0,0,0,0,0,0,0,0,0,0,0,1,0,2.0,-26.125,1,0,19.04439926147461,23.89739990234375,1,0,-1.8538999557495117,28.0,2,0,0.3125,0.6875,2,0,0.3199999928474426,0.20000000298023224,3,0,0.0,0.0
25.384,39200,1000,0.333333,0,0.0,50,0,2.5,-1,0,10,6,-1.0,-1.0,-1.0,-1.0,6235944,1,2,2,2,1,1,1,1,0,0.2939758002758026,2.460399627685547,3.0204014778137207,0,0,0,0.0,0,0,7,0,0.45328283309936523,8.914427757263184,1,0,0,0,0,0,0,0,0,0,0,0,0,1,0,2.0,-26.125,1,0,19.04439926147461,23.89739990234375,1,0,-1.8538999557495117,28.0,2,0,0.3125,0.6875,2,0,0.3199999928474426,0.20000000298023224,3,0,0.0,0.0
25.402,39300,1100,0.366667,0,0.0,50,0,2.5,-1,0,10,6,-1.0,-1.0,-1.0,-1.0,6235944,1,2,2,2,1,1,1,1,0,0.2738252580165863,2.336808443069458,2.7192437648773193,0,0,0,0.0,0,0,7,0,0.45328283309936523,8.914427757263184,1,0,0,0,0,0,0,0,0,0,0,0,0,1,0,2.0,-26.125,1,0,19.04439926147461,23.89739990234375,1,0,-1.8538999557495117,28.0,2,0,0.3125,0.6875,2,0,0.3199999928474426,0.20000000298023224,3,0,0.0,0.0
25.42,39350,1150,0.383333,0,0.0,50,0,2.5,-1,0,10,6,-1.0,-1.0,-1.0,-1.0,6235944,1,2,2,2,1,1,1,1,0,0.262408047914505,2.280350685119629,2.570361614227295,0,0,0,0.0,0,0,7,0,0.45328283309936523,8.914427757263184,1,0,0,0,0,0,0,0,0,0,0,0,0,1,0,2.0,-26.125,1,0,19.04439926147461,23.89739990234375,1,0,-1.8538999557495117,28.0,2,0,0.3125,0.6875,2,0,0.3199999928474426,0.20000000298023224,3,0,0.0,0.0
25.437,39400,1200,0.4,0,0.0,50,0,2.5,-1,0,10,6,-1.0,-1.0,-1.0,-1.0,6235944,1,2,2,2,1,1,1,1,0,0.2500511109828949,2.228412628173828,2.42285418510437,0,0,0,0.0,0,0,7,0,0.45328283309936523,8.914427757263184,1,0,0,0,0,0,0,0,0,0,0,0,0,1,0,2.0,-26.125,1,0,19.04439926147461,23.89739990234375,1,0,-1.8538999557495117,28.0,2,0,0.3125,0.6875,2,0,0.3199999928474426,0.20000000298023224,3,0,0.0,0.0
25.454,39450,1250,0.416667,0,0.0,50,0,2.5,-1,0,10,6,-1.0,-1.0,-1.0,-1.0,6235944,1,2,2,2,1,1,1,1,0,0.23642762005329132,2.180206537246704,2.2764315605163574,0,0,0,0.0,0,0,7,0,0.45328283309936523,8.914427757263184,1,0,0,0,0,0,0,0,0,0,0,0,0,1,0,2.0,-26.125,1,0,19.04439926147461,23.89739990234375,1,0,-1.8538999557495117,28.0,2,0,0.3125,0.6875,2,0,0.3199999928474426,0.20000000298023224,3,0,0.0,0.0
25.472,39500,1300,0.433333,0,0.0,50,0,2.5,-1,0,10,6,-1.0,-1.0,-1.0,-1.0,6235944,1,2,2,2,1,1,1,1,0,0.2216188758611679,2.1352264881134033,2.1308460235595703,0,0,0,0.0,0,0,7,0,0.45328283309936523,8.914427757263184,1,0,0,0,0,0,0,0,0,0,0,0,0,1,0,2.0,-26.125,1,0,19.04439926147461,23.89739990234375,1,0,-1.8538999557495117,28.0,2,0,0.3125,0.6875,2,0,0.3199999928474426,0.20000000298023224,3,0,0.0,0.0
25.489,39550,1350,0.45,0,0.0,50,0,2.5,-1,0,10,6,-1.0,-1.0,-1.0,-1.0,6235944,1,2,2,2,1,1,1,1,0,0.20572978258132935,2.092928409576416,1.9858496189117432,0,0,0,0.0,0,0,7,0,0.45328283309936523,8.914427757263184,1,0,0,0,0,0,0,0,0,0,0,0,0,1,0,2.0,-26.125,1,0,19.04439926147461,23.89739990234375,1,0,-1.8538999557495117,28.0,2,0,0.3125,0.6875,2,0,0.3199999928474426,0.20000000298023224,3,0,0.0,0.0
25.506,39600,1400,0.466667,0,0.0,50,0,2.5,-1,0,10,6,-1.0,-1.0,-1.0,-1.0,6235944,1,2,2,2,1,1,1,1,0,0.18889249861240387,2.052860975265503,1.841241717338562,0,0,0,0.0,0,0,7,0,0.45328283309936523,8.914427757263184,1,0,0,0,0,0,0,0,0,0,0,0,0,1,0,2.0,-26.125,1,0,19.04439926147461,23.89739990234375,1,0,-1.8538999557495117,28.0,2,0,0.3125,0.6875,2,0,0.3199999928474426,0.20000000298023224,3,0,0.0,0.0
25.523,39650,1450,0.483333,0,0.0,50,0,2.5,-1,0,10,6,-1.0,-1.0,-1.0,-1.0,6235944,1,2,2,2,1,1,1,1,0,0.1712268888950348,2.0145678520202637,1.6967816352844238,0,0,0,0.0,0,0,7,0,0.45328283309936523,8.914427757263184,1,0,0,0,0,0,0,0,0,0,0,0,0,1,0,2.0,-26.125,1,0,19.04439926147461,23.89739990234375,1,0,-1.8538999557495117,28.0,2,0,0.3125,0.6875,2,0,0.3199999928474426,0.20000000298023224,3,0,0.0,0.0
25.541,39700,1500,0.5,0,0.0,50,0,2.5,-1,0,10,6,-1.0,-1.0,-1.0,-1.0,6235944,1,2,2,2,1,1,1,1,0,0.1531144380569458,1.9778950214385986,1.552278757095337,0,0,0,0.0,0,0,7,0,0.45328283309936523,8.914427757263184,1,0,0,0,0,0,0,0,0,0,0,0,0,1,0,2.0,-26.125,1,0,19.04439926147461,23.89739990234375,1,0,-1.8538999557495117,28.0,2,0,0.3125,0.6875,2,0,0.3199999928474426,0.20000000298023224,3,0,0.0,0.0
25.558,39750,1550,0.516667,0,0.0,50,0,2.5,-1,0,10,6,-1.0,-1.0,-1.0,-1.0,6235944,1,2,2,2,1,1,1,1,0,0.13677391409873962,1.948743462562561,1.4110647439956665,0,0,0,0.0,0,0,7,0,0.45328283309936523,8.914427757263184,1,0,0,0,0,0,0,0,0,0,0,0,0,1,0,2.0,-26.125,1,0,19.04439926147461,23.89739990234375,1,0,-1.8538999557495117,28.0,2,0,0.3125,0.6875,2,0,0.3199999928474426,0.20000000298023224,3,0,0.0,0.0
25.575,39800,1600,0.533333,0,0.0,50,0,2.5,-1,0,10,6,-1.0,-1.0,-1.0,-1.0,6235944,1,2,2,2,1,1,1,1,0,0.12267152220010757,1.928199052810669,1.2752765417099,0,0,0,0.0,0,0,7,0,0.45328283309936523,8.914427757263184,1,0,0,0,0,0,0,0,0,0,0,0,0,1,0,2.0,-26.125,1,0,19.04439926147461,23.89739990234375,1,0,-1.8538999557495117,28.0,2,0,0.3125,0.6875,2,0,0.3199999928474426,0.20000000298023224,3,0,0.0,0.0
25.593,39850,1650,0.55,0,0.0,50,0,2.5,-1,0,10,6,-1.0,-1.0,-1.0,-1.0,6235944,1,2,2,2,1,1,1,1,0,0.11136472970247269,1.91721510887146,1.1472904682159424,0,0,0,0.0,0,0,7,0,0.45328283309936523,8.914427757263184,1,0,0,0,0,0,0,0,0,0,0,0,0,1,0,2.0,-26.125,1,0,19.04439926147461,23.89739990234375,1,0,-1.8538999557495117,28.0,2,0,0.3125,0.6875,2,0,0.3199999928474426,0.20000000298023224,3,0,0.0,0.0
25.611,39900,1700,0.566667,0,0.0,50,0,2.5,-1,0,10,6,-1.0,-1.0,-1.0,-1.0,6235944,1,2,2,2,1,1,1,1,0,0.10322952270507812,1.9164613485336304,1.029210090637207,0,0,0,0.0,0,0,7,0,0.45328283309936523,8.914427757263184,1,0,0,0,0,0,0,0,0,0,0,0,0,1,0,2.0,-26.125,1,0,19.04439926147461,23.89739990234375,1,0,-1.8538999557495117,28.0,2,0,0.3125,0.6875,2,0,0.3199999928474426,0.20000000298023224,3,0,0.0,0.0
25.628,39950,1750,0.583333,0,0.0,50,0,2.5,-1,0,10,6,-1.0,-1.0,-1.0,-1.0,6235944,1,2,2,2,1,1,1,1,0,0.09846436977386475,1.926300287246704,0.9228407144546509,0,0,0,0.0,0,0,7,0,0.45328283309936523,8.914427757263184,1,0,0,0,0,0,0,0,0,0,0,0,0,1,0,2.0,-26.125,1,0,19.04439926147461,23.89739990234375,1,0,-1.8538999557495117,28.0,2,0,0.3125,0.6875,2,0,0.3199999928474426,0.20000000298023224,3,0,0.0,0.0
25.645,40000,1800,0.6,0,0.0,50,0,2.5,-1,0,10,6,-1.0,-1.0,-1.0,-1.0,6235944,1,2,2,2,1,1,1,1,0,0.09734894335269928,1.9471327066421509,0.8296191096305847,0,0,0,0.0,0,0,7,0,0.45328283309936523,8.914427757263184,1,0,0,0,0,0,0,0,0,0,0,0,0,1,0,2.0,-26.125,1,0,19.04439926147461,23.89739990234375,1,0,-1.8538999557495117,28.0,2,0,0.3125,0.6875,2,0,0.3199999928474426,0.20000000298023224,3,0,0.0,0.0
25.663,40050,1850,0.616667,0,0.0,50,0,2.5,-1,0,10,6,-1.0,-1.0,-1.0,-1.0,6235944,1,2,2,2,1,1,1,1,0,0.09933093190193176,1.9786052703857422,0.7504867911338806,0,0,0,0.0,0,0,7,0,0.45328283309936523,8.914427757263184,1,0,0,0,0,0,0,0,0,0,0,0,0,1,0,2.0,-26.125,1,0,19.04439926147461,23.89739990234375,1,0,-1.8538999557495117,28.0,2,0,0.3125,0.6875,2,0,0.3199999928474426,0.20000000298023224,3,0,0.0,0.0
25.681,40100,1900,0.633333,0,0.0,50,0,2.5,-1,0,10,6,-1.0,-1.0,-1.0,-1.0,6235944,1,2,2,2,1,1,1,1,0,0.10404910147190094,2.0204827785491943,0.6858953237533569,0,0,0,0.0,0,0,7,0,0.45328283309936523,8.914427757263184,1,0,0,0,0,0,0,0,0,0,0,0,0,1,0,2.0,-26.125,1,0,19.04439926147461,23.89739990234375,1,0,-1.8538999557495117,28.0,2,0,0.3125,0.6875,2,0,0.3199999928474426,0.20000000298023224,3,0,0.0,0.0
25.698,40150,1950,0.65,0,0.0,50,0,2.5,-1,0,10,6,-1.0,-1.0,-1.0,-1.0,6235944,1,2,2,2,1,1,1,1,0,0.11110886186361313,2.0727341175079346,0.6357676386833191,0,0,0,0.0,0,0,7,0,0.45328283309936523,8.914427757263184,1,0,0,0,0,0,0,0,0,0,0,0,0,1,0,2.0,-26.125,1,0,19.04439926147461,23.89739990234375,1,0,-1.8538999557495117,28.0,2,0,0.3125,0.6875,2,0,0.3199999928474426,0.20000000298023224,3,0,0.0,0.0
25.715,40200,2000,0.666667,0,0.0,50,0,2.5,-1,0,10,6,-1.0,-1.0,-1.0,-1.0,6235944,1,2,2,2,1,1,1,1,0,0.11992911994457245,2.134502410888672,0.5995688438415527,0,0,0,0.0,0,0,7,0,0.45328283309936523,8.914427757263184,1,0,0,0,0,0,0,0,0,0,0,0,0,1,0,2.0,-26.125,1,0,19.04439926147461,23.89739990234375,1,0,-1.8538999557495117,28.0,2,0,0.3125,0.6875,2,0,0.3199999928474426,0.20000000298023224,3,0,0.0,0.0
25.732,40250,2050,0.683333,0,0.0,50,0,2.5,-1,0,10,6,-1.0,-1.0,-1.0,-1.0,6235944,1,2,2,2,1,1,1,1,0,0.12992465496063232,2.2051422595977783,0.5763445496559143,0,0,0,0.0,0,0,7,0,0.45328283309936523,8.914427757263184,1,0,0,0,0,0,0,0,0,0,0,0,0,1,0,2.0,-26.125,1,0,19.04439926147461,23.89739990234375,1,0,-1.8538999557495117,28.0,2,0,0.3125,0.6875,2,0,0.3199999928474426,0.20000000298023224,3,0,0.0,0.0
25.75,40300,2100,0.7,0,0.0,50,0,2.5,-1,0,10,6,-1.0,-1.0,-1.0,-1.0,6235944,1,2,2,2,1,1,1,1,0,0.14090299606323242,2.284234046936035,0.5644959211349487,0,0,0,0.0,0,0,7,0,0.45328283309936523,8.914427757263184,1,0,0,0,0,0,0,0,0,0,0,0,0,1,0,2.0,-26.125,1,0,19.04439926147461,23.89739990234375,1,0,-1.8538999557495117,28.0,2,0,0.3125,0.6875,2,0,0.3199999928474426,0.20000000298023224,3,0,0.0,0.0
25.767,40350,2150,0.716667,0,0.0,50,0,2.5,-1,0,10,6,-1.0,-1.0,-1.0,-1.0,6235944,1,2,2,2,1,1,1,1,0,0.15193842351436615,2.3703529834747314,0.5617914795875549,0,0,0,0.0,0,0,7,0,0.45328283309936523,8.914427757263184,1,0,0,0,0,0,0,0,0,0,0,0,0,1,0,2.0,-26.125,1,0,19.04439926147461,23.89739990234375,1,0,-1.8538999557495117,28.0,2,0,0.3125,0.6875,2,0,0.3199999928474426,0.20000000298023224,3,0,0.0,0.0
25.784,40400,2200,0.733333,0,0.0,50,0,2.5,-1,0,10,6,-1.0,-1.0,-1.0,-1.0,6235944,1,2,2,2,1,1,1,1,0,0.16252648830413818,2.4624130725860596,0.5657356977462769,0,0,0,0.0,0,0,7,0,0.45328283309936523,8.914427757263184,1,0,0,0,0,0,0,0,0,0,0,0,0,1,0,2.0,-26.125,1,0,19.04439926147461,23.89739990234375,1,0,-1.8538999557495117,28.0,2,0,0.3125,0.6875,2,0,0.3199999928474426,0.20000000298023224,3,0,0.0,0.0
25.802,40450,2250,0.75,0,0.0,50,0,2.5,-1,0,10,6,-1.0,-1.0,-1.0,-1.0,6235944,1,2,2,2,1,1,1,1,0,0.17246568202972412,2.559056282043457,0.5732762813568115,0,0,0,0.0,0,0,7,0,0.45328283309936523,8.914427757263184,1,0,0,0,0,0,0,0,0,0,0,0,0,1,0,2.0,-26.125,1,0,19.04439926147461,23.89739990234375,1,0,-1.8538999557495117,28.0,2,0,0.3125,0.6875,2,0,0.3199999928474426,0.20000000298023224,3,0,0.0,0.0
25.819,40550,2350,0.783333,0,0.0,50,0,2.5,-1,0,10,6,-1.0,-1.0,-1.0,-1.0,6235944,1,2,2,2,1,1,1,1,0,0.177153542637825,2.695854902267456,0.5365648865699768,0,0,0,0.0,0,0,7,0,0.45328283309936523,8.914427757263184,1,0,0,0,0,0,0,0,0,0,0,0,0,1,0,2.0,-26.125,1,0,19.04439926147461,23.89739990234375,1,0,-1.8538999557495117,28.0,2,0,0.3125,0.6875,2,0,0.3199999928474426,0.20000000298023224,3,0,0.0,0.0
25.836,40600,2400,0.8,0,0.0,50,0,2.5,-1,0,10,6,-1.0,-1.0,-1.0,-1.0,6235944,1,2,2,2,1,1,1,1,0,0.1741504669189453,2.7411561012268066,0.49558958411216736,0,0,0,0.0,0,0,7,0,0.45328283309936523,8.914427757263184,1,0,0,0,0,0,0,0,0,0,0,0,0,1,0,2.0,-26.125,1,0,19.04439926147461,23.89739990234375,1,0,-1.8538999557495117,28.0,2,0,0.3125,0.6875,2,0,0.3199999928474426,0.20000000298023224,3,0,0.0,0.0
25.854,40650,2450,0.816667,0,0.0,50,0,2.5,-1,0,10,6,-1.0,-1.0,-1.0,-1.0,6235944,1,2,2,2,1,1,1,1,0,0.16826844215393066,2.774301528930664,0.44234469532966614,0,0,0,0.0,0,0,7,0,0.45328283309936523,8.914427757263184,1,0,0,0,0,0,0,0,0,0,0,0,0,1,0,2.0,-26.125,1,0,19.04439926147461,23.89739990234375,1,0,-1.8538999557495117,28.0,2,0,0.3125,0.6875,2,0,0.3199999928474426,0.20000000298023224,3,0,0.0,0.0
25.871,40700,2500,0.833333,0,0.0,50,0,2.5,-1,0,10,6,-1.0,-1.0,-1.0,-1.0,6235944,1,2,2,2,1,1,1,1,0,0.1601448953151703,2.798055410385132,0.37918734550476074,0,0,0,0.0,0,0,7,0,0.45328283309936523,8.914427757263184,1,0,0,0,0,0,0,0,0,0,0,0,0,1,0,2.0,-26.125,1,0,19.04439926147461,23.89739990234375,1,0,-1.8538999557495117,28.0,2,0,0.3125,0.6875,2,0,0.3199999928474426,0.20000000298023224,3,0,0.0,0.0
25.888,40750,2550,0.85,0,0.0,50,0,2.5,-1,0,10,6,-1.0,-1.0,-1.0,-1.0,6235944,1,2,2,2,1,1,1,1,0,0.15031345188617706,2.814847230911255,0.3081848621368408,0,0,0,0.0,0,0,7,0,0.45328283309936523,8.914427757263184,1,0,0,0,0,0,0,0,0,0,0,0,0,1,0,2.0,-26.125,1,0,19.04439926147461,23.89739990234375,1,0,-1.8538999557495117,28.0,2,0,0.3125,0.6875,2,0,0.3199999928474426,0.20000000298023224,3,0,0.0,0.0
25.906,40800,2600,0.866667,0,0.0,50,0,2.5,-1,0,10,6,-1.0,-1.0,-1.0,-1.0,6235944,1,2,2,2,1,1,1,1,0,0.13921058177947998,2.826695442199707,0.2311561554670334,0,0,0,0.0,0,0,7,0,0.45328283309936523,8.914427757263184,1,0,0,0,0,0,0,0,0,0,0,0,0,1,0,2.0,-26.125,1,0,19.04439926147461,23.89739990234375,1,0,-1.8538999557495117,28.0,2,0,0.3125,0.6875,2,0,0.3199999928474426,0.20000000298023224,3,0,0.0,0.0
25.923,40850,2650,0.883333,0,0.0,50,0,2.5,-1,0,10,6,-1.0,-1.0,-1.0,-1.0,6235944,1,2,2,2,1,1,1,1,0,0.12718553841114044,2.8352766036987305,0.14960114657878876,0,0,0,0.0,0,0,7,0,0.45328283309936523,8.914427757263184,1,0,0,0,0,0,0,0,0,0,0,0,0,1,0,2.0,-26.125,1,0,19.04439926147461,23.89739990234375,1,0,-1.8538999557495117,28.0,2,0,0.3125,0.6875,2,0,0.3199999928474426,0.20000000298023224,3,0,0.0,0.0
25.94,40900,2700,0.9,0,0.0,50,0,2.5,-1,0,10,6,-1.0,-1.0,-1.0,-1.0,6235944,1,2,2,2,1,1,1,1,0,0.1150519996881485,2.8423635959625244,0.06483323127031326,0,0,0,0.0,0,0,7,0,0.45328283309936523,8.914427757263184,1,0,0,0,0,0,0,0,0,0,0,0,0,1,0,2.0,-26.125,1,0,19.04439926147461,23.89739990234375,1,0,-1.8538999557495117,28.0,2,0,0.3125,0.6875,2,0,0.3199999928474426,0.20000000298023224,3,0,0.0,0.0
25.957,40950,2750,0.916667,0,0.0,50,0,2.5,-1,0,10,6,-1.0,-1.0,-1.0,-1.0,6235944,1,2,2,2,1,1,1,1,0,0.10232923179864883,2.8484339714050293,-0.022126667201519012,0,0,0,0.0,0,0,7,0,0.45328283309936523,8.914427757263184,1,0,0,0,0,0,0,0,0,0,0,0,0,1,0,2.0,-26.125,1,0,19.04439926147461,23.89739990234375,1,0,-1.8538999557495117,28.0,2,0,0.3125,0.6875,2,0,0.3199999928474426,0.20000000298023224,3,0,0.0,0.0
25.975,41000,2800,0.933333,0,0.0,50,0,2.5,-1,0,10,6,-1.0,-1.0,-1.0,-1.0,6235944,1,2,2,2,1,1,1,1,0,0.08938907086849213,2.854133367538452,-0.11073601245880127,0,0,0,0.0,0,0,7,0,0.45328283309936523,8.914427757263184,1,0,0,0,0,0,0,0,0,0,0,0,0,1,0,2.0,-26.125,1,0,19.04439926147461,23.89739990234375,1,0,-1.8538999557495117,28.0,2,0,0.3125,0.6875,2,0,0.3199999928474426,0.20000000298023224,3,0,0.0,0.0
25.992,41050,2850,0.95,0,0.0,50,0,2.5,-1,0,10,6,-1.0,-1.0,-1.0,-1.0,6235944,1,2,2,2,1,1,1,1,0,0.07627160847187042,2.8602070808410645,-0.20001670718193054,0,0,0,0.0,0,0,7,0,0.45328283309936523,8.914427757263184,1,0,0,0,0,0,0,0,0,0,0,0,0,1,0,2.0,-26.125,1,0,19.04439926147461,23.89739990234375,1,0,-1.8538999557495117,28.0,2,0,0.3125,0.6875,2,0,0.3199999928474426,0.20000000298023224,3,0,0.0,0.0
26.01,41100,2900,0.966667,0,0.0,50,0,2.5,-1,0,10,6,-1.0,-1.0,-1.0,-1.0,6235944,1,2,2,2,1,1,1,1,0,0.06300576776266098,2.866833448410034,-0.2898032069206238,0,0,0,0.0,0,0,7,0,0.45328283309936523,8.914427757263184,1,0,0,0,0,0,0,0,0,0,0,0,0,1,0,2.0,-26.125,1,0,19.04439926147461,23.89739990234375,1,0,-1.8538999557495117,28.0,2,0,0.3125,0.6875,2,0,0.3199999928474426,0.20000000298023224,3,0,0.0,0.0
26.027,41150,2950,0.983333,0,0.0,50,0,2.5,-1,0,10,6,-1.0,-1.0,-1.0,-1.0,6235944,1,2,2,2,1,1,1,1,0,0.049756165593862534,2.8740861415863037,-0.38015004992485046,0,0,0,0.0,0,0,7,0,0.45328283309936523,8.914427757263184,1,0,0,0,0,0,0,0,0,0,0,0,0,1,0,2.0,-26.125,1,0,19.04439926147461,23.89739990234375,1,0,-1.8538999557495117,28.0,2,0,0.3125,0.6875,2,0,0.3199999928474426,0.20000000298023224,3,0,0.0,0.0
26.045,41200,3000,1.0,0,0.0,50,0,2.5,-1,0,10,6,-1.0,-1.0,-1.0,-1.0,6235944,1,2,2,2,1,1,1,1,0,0.03944501280784607,2.888828754425049,-0.4589710235595703,0,0,0,0.0,0,0,7,0,0.45328283309936523,8.914427757263184,1,0,0,0,0,0,0,0,0,0,0,0,0,1,0,2.0,-26.125,1,0,19.04439926147461,23.89739990234375,1,0,-1.8538999557495117,28.0,2,0,0.3125,0.6875,2,0,0.3199999928474426,0.20000000298023224,3,0,0.0,0.0
26.062,41250,3050,1.016667,0,0.0,50,0,2.5,-1,0,10,6,-1.0,-1.0,-1.0,-1.0,6235944,1,2,2,2,1,1,1,1,0,0.03112240508198738,2.9096014499664307,-0.5279631614685059,0,0,0,0.0,0,0,7,0,0.45328283309936523,8.914427757263184,1,0,0,0,0,0,0,0,0,0,0,0,0,1,0,2.0,-26.125,1,0,19.04439926147461,23.89739990234375,1,0,-1.8538999557495117,28.0,2,0,0.3125,0.6875,2,0,0.3199999928474426,0.20000000298023224,3,0,0.0,0.0
26.08,41300,3100,1.033333,0,1.0166666507720947,50,0,2.5,-1,0,10,6,-1.0,-1.0,-1.0,-1.0,6235944,1,2,2,2,1,1,1,1,0,0.024409392848610878,2.9357025623321533,-0.5885305404663086,0,0,0,0.0,0,0,7,0,0.45328283309936523,8.914427757263184,1,0,0,0,0,0,0,0,0,0,0,0,0,1,0,2.0,-26.125,1,0,19.04439926147461,23.89739990234375,1,0,-1.8538999557495117,28.0,2,0,0.3125,0.6875,2,0,0.3199999928474426,0.20000000298023224,3,0,0.0,0.0
26.097,41350,3150,1.05,0,1.0166666507720947,50,0,2.5,-1,0,10,6,-1.0,-1.0,-1.0,-1.0,6235944,1,2,2,2,1,1,1,1,0,0.018986713141202927,2.9663636684417725,-0.6426618099212646,0,0,0,0.0,0,0,7,0,0.45328283309936523,8.914427757263184,1,0,0,0,0,0,0,0,0,0,0,0,0,1,0,2.0,-26.125,1,0,19.04439926147461,23.89739990234375,1,0,-1.8538999557495117,28.0,2,0,0.3125,0.6875,2,0,0.3199999928474426,0.20000000298023224,3,0,0.0,0.0
26.114,41400,3200,1.066667,0,1.0166666507720947,50,0,2.5,-1,0,10,6,-1.0,-1.0,-1.0,-1.0,6235944,1,2,2,2,1,1,1,1,0,0.01455860584974289,3.0008938312530518,-0.6917470097541809,0,0,0,0.0,0,0,7,0,0.45328283309936523,8.914427757263184,1,0,0,0,0,0,0,0,0,0,0,0,0,1,0,2.0,-26.125,1,0,19.04439926147461,23.89739990234375,1,0,-1.8538999557495117,28.0,2,0,0.3125,0.6875,2,0,0.3199999928474426,0.20000000298023224,3,0,0.0,0.0
26.131,41450,3250,1.083333,0,1.0166666507720947,50,0,2.5,-1,0,10,6,-1.0,-1.0,-1.0,-1.0,6235944,1,2,2,2,1,1,1,1,0,0.010735726915299892,3.0386149883270264,-0.7369265556335449,0,0,0,0.0,0,0,7,0,0.45328283309936523,8.914427757263184,1,0,0,0,0,0,0,0,0,0,0,0,0,1,0,2.0,-26.125,1,0,19.04439926147461,23.89739990234375,1,0,-1.8538999557495117,28.0,2,0,0.3125,0.6875,2,0,0.3199999928474426,0.20000000298023224,3,0,0.0,0.0
26.148,41500,3300,1.1,0,1.0166666507720947,50,0,2.5,-1,0,10,6,-1.0,-1.0,-1.0,-1.0,6235944,1,2,2,2,1,1,1,1,0,0.007869371213018894,3.079528331756592,-0.7792076468467712,0,0,0,0.0,0,0,7,0,0.45328283309936523,8.914427757263184,1,0,0,0,0,0,0,0,0,0,0,0,0,1,0,2.0,-26.125,1,0,19.04439926147461,23.89739990234375,1,0,-1.8538999557495117,28.0,2,0,0.3125,0.6875,2,0,0.3199999928474426,0.20000000298023224,3,0,0.0,0.0
26.166,41550,3350,1.116667,0,1.0166666507720947,50,0,2.5,-1,0,10,6,-1.0,-1.0,-1.0,-1.0,6235944,1,2,2,2,1,1,1,1,0,0.005086759105324745,3.1226346492767334,-0.8193678259849548,0,0,0,0.0,0,0,7,0,0.45328283309936523,8.914427757263184,1,0,0,0,0,0,0,0,0,0,0,0,0,1,0,2.0,-26.125,1,0,19.04439926147461,23.89739990234375,1,0,-1.8538999557495117,28.0,2,0,0.3125,0.6875,2,0,0.3199999928474426,0.20000000298023224,3,0,0.0,0.0
26.183,41600,3400,1.133333,0,1.0166666507720947,50,0,2.5,-1,0,10,6,-1.0,-1.0,-1.0,-1.0,6235944,1,2,2,2,1,1,1,1,0,0.002186989411711693,3.1675915718078613,-0.8580715656280518,0,0,0,0.0,0,0,7,0,0.45328283309936523,8.914427757263184,1,0,0,0,0,0,0,0,0,0,0,0,0,1,0,2.0,-26.125,1,0,19.04439926147461,23.89739990234375,1,0,-1.8538999557495117,28.0,2,0,0.3125,0.6875,2,0,0.3199999928474426,0.20000000298023224,3,0,0.0,0.0
26.2,41650,3450,1.15,0,1.0166666507720947,50,0,2.5,-1,0,10,6,-1.0,-1.0,-1.0,-1.0,6235944,1,2,2,2,1,1,1,1,0,-0.0007826478686183691,3.2142810821533203,-0.8957071304321289,0,0,0,0.0,0,0,7,0,0.45328283309936523,8.914427757263184,1,0,0,0,0,0,0,0,0,0,0,0,0,1,0,2.0,-26.125,1,0,19.04439926147461,23.89739990234375,1,0,-1.8538999557495117,28.0,2,0,0.3125,0.6875,2,0,0.3199999928474426,0.20000000298023224,3,0,0.0,0.0
26.218,41700,3500,1.166667,0,1.0166666507720947,50,0,2.5,-1,0,10,6,-1.0,-1.0,-1.0,-1.0,6235944,1,2,2,2,1,1,1,1,0,-0.004129092209041119,3.2618865966796875,-0.9336384534835815,0,0,0,0.0,0,0,7,0,0.45328283309936523,8.914427757263184,1,0,0,0,0,0,0,0,0,0,0,0,0,1,0,2.0,-26.125,1,0,19.04439926147461,23.89739990234375,1,0,-1.8538999557495117,28.0,2,0,0.3125,0.6875,2,0,0.3199999928474426,0.20000000298023224,3,0,0.0,0.0
26.235,41750,3550,1.183333,0,1.0166666507720947,50,0,2.5,-1,0,10,6,-1.0,-1.0,-1.0,-1.0,6235944,1,2,2,2,1,1,1,1,0,-0.008047198876738548,3.310072183609009,-0.9724351763725281,0,0,0,0.0,0,0,7,0,0.45328283309936523,8.914427757263184,1,0,0,0,0,0,0,0,0,0,0,0,0,1,0,2.0,-26.125,1,0,19.04439926147461,23.89739990234375,1,0,-1.8538999557495117,28.0,2,0,0.3125,0.6875,2,0,0.3199999928474426,0.20000000298023224,3,0,0.0,0.0
26.252,41800,3600,1.2,0,1.0166666507720947,50,0,2.5,-1,0,10,6,-1.0,-1.0,-1.0,-1.0,6235944,1,2,2,2,1,1,1,1,0,-0.016937067732214928,3.407853603363037,-1.0543681383132935,0,0,0,0.0,0,0,7,0,0.45328283309936523,8.914427757263184,1,0,0,0,0,0,0,0,0,0,0,0,0,1,0,2.0,-26.125,1,0,19.04439926147461,23.89739990234375,1,0,-1.8538999557495117,28.0,2,0,0.3125,0.6875,2,0,0.3199999928474426,0.20000000298023224,3,0,0.0,0.0
26.269,41850,3650,1.216667,0,1.0166666507720947,50,0,2.5,-1,0,10,6,-1.0,-1.0,-1.0,-1.0,6235944,1,2,2,2,1,1,1,1,0,-0.022822575643658638,3.456493616104126,-1.0983541011810303,0,0,0,0.0,0,0,7,0,0.45328283309936523,8.914427757263184,1,0,0,0,0,0,0,0,0,0,0,0,0,1,0,2.0,-26.125,1,0,19.04439926147461,23.89739990234375,1,0,-1.8538999557495117,28.0,2,0,0.3125,0.6875,2,0,0.3199999928474426,0.20000000298023224,3,0,0.0,0.0
26.286,41950,3750,1.25,0,1.0166666507720947,50,0,2.5,-1,0,10,6,-1.0,-1.0,-1.0,-1.0,6235944,1,2,2,2,1,1,1,1,0,-0.029636502265930176,3.504915237426758,-1.144498348236084,0,0,0,0.0,0,0,7,0,0.45328283309936523,8.914427757263184,1,0,0,0,0,0,0,0,0,0,0,0,0,1,0,2.0,-26.125,1,0,19.04439926147461,23.89739990234375,1,0,-1.8538999557495117,28.0,2,0,0.3125,0.6875,2,0,0.3199999928474426,0.20000000298023224,3,0,0.0,0.0
26.304,42000,3800,1.266667,0,1.0166666507720947,50,0,2.5,-1,0,10,6,-1.0,-1.0,-1.0,-1.0,6235944,1,2,2,2,1,1,1,1,0,-0.037033967673778534,3.5532236099243164,-1.192773699760437,0,0,0,0.0,0,0,7,0,0.45328283309936523,8.914427757263184,1,0,0,0,0,0,0,0,0,0,0,0,0,1,0,2.0,-26.125,1,0,19.04439926147461,23.89739990234375,1,0,-1.8538999557495117,28.0,2,0,0.3125,0.6875,2,0,0.3199999928474426,0.20000000298023224,3,0,0.0,0.0
26.321,42050,3850,1.283333,0,1.0166666507720947,50,0,2.5,-1,0,10,6,-1.0,-1.0,-1.0,-1.0,6235944,1,2,2,2,1,1,1,1,0,-0.044917888939380646,3.60139799118042,-1.2431241273880005,0,0,0,0.0,0,0,7,0,0.45328283309936523,8.914427757263184,1,0,0,0,0,0,0,0,0,0,0,0,0,1,0,2.0,-26.125,1,0,19.04439926147461,23.89739990234375,1,0,-1.8538999557495117,28.0,2,0,0.3125,0.6875,2,0,0.3199999928474426,0.20000000298023224,3,0,0.0,0.0
26.339,42100,3900,1.3,0,1.0166666507720947,50,0,2.5,-1,0,10,6,-1.0,-1.0,-1.0,-1.0,6235944,1,2,2,2,1,1,1,1,0,-0.05241499841213226,3.6501011848449707,-1.2951844930648804,0,0,0,0.0,0,0,7,0,0.45328283309936523,8.914427757263184,1,0,0,0,0,0,0,0,0,0,0,0,0,1,0,2.0,-26.125,1,0,19.04439926147461,23.89739990234375,1,0,-1.8538999557495117,28.0,2,0,0.3125,0.6875,2,0,0.3199999928474426,0.20000000298023224,3,0,0.0,0.0
26.356,42150,3950,1.316667,0,1.0166666507720947,50,0,2.5,-1,0,10,6,-1.0,-1.0,-1.0,-1.0,6235944,1,2,2,2,1,1,1,1,0,-0.06049676612019539,3.6984221935272217,-1.3494682312011719,0,0,0,0.0,0,0,7,0,0.45328283309936523,8.914427757263184,1,0,0,0,0,0,0,0,0,0,0,0,0,1,0,2.0,-26.125,1,0,19.04439926147461,23.89739990234375,1,0,-1.8538999557495117,28.0,2,0,0.3125,0.6875,2,0,0.3199999928474426,0.20000000298023224,3,0,0.0,0.0
26.373,42200,4000,1.333333,0,1.0166666507720947,50,0,2.5,-1,0,10,6,-1.0,-1.0,-1.0,-1.0,6235944,1,2,2,2,1,1,1,1,0,-0.06903550773859024,3.746574640274048,-1.4057378768920898,0,0,0,0.0,0,0,7,0,0.45328283309936523,8.914427757263184,1,0,0,0,0,0,0,0,0,0,0,0,0,1,0,2.0,-26.125,1,0,19.04439926147461,23.89739990234375,1,0,-1.8538999557495117,28.0,2,0,0.3125,0.6875,2,0,0.3199999928474426,0.20000000298023224,3,0,0.0,0.0
26.391,42250,4050,1.35,0,1.0166666507720947,50,0,2.5,-1,0,10,6,-1.0,-1.0,-1.0,-1.0,6235944,1,2,2,2,1,1,1,1,0,-0.07536463439464569,3.794440269470215,-1.288753867149353,0,0,0,0.0,0,0,7,0,0.45328283309936523,8.914427757263184,1,0,0,0,0,0,0,0,0,0,0,0,0,1,0,2.0,-26.125,1,0,19.04439926147461,23.89739990234375,1,0,-1.8538999557495117,28.0,2,0,0.3125,0.6875,2,0,0.3199999928474426,0.20000000298023224,3,0,0.0,0.0
26.408,42300,4100,1.366667,0,1.0166666507720947,50,0,2.5,-1,0,10,6,-1.0,-1.0,-1.0,-1.0,6235944,1,2,2,2,1,1,1,1,0,-0.08286475390195847,3.8419055938720703,-1.224708080291748,0,0,0,0.0,0,0,7,0,0.45328283309936523,8.914427757263184,1,0,0,0,0,0,0,0,0,0,0,0,0,1,0,2.0,-26.125,1,0,19.04439926147461,23.89739990234375,1,0,-1.8538999557495117,28.0,2,0,0.3125,0.6875,2,0,0.3199999928474426,0.20000000298023224,3,0,0.0,0.0
26.425,42350,4150,1.383333,0,1.0166666507720947,50,0,2.5,-1,0,10,6,-1.0,-1.0,-1.0,-1.0,6235944,1,2,2,2,1,1,1,1,0,-0.09128826856613159,3.8892571926116943,-1.201988697052002,0,0,0,0.0,0,0,7,0,0.45328283309936523,8.914427757263184,1,0,0,0,0,0,0,0,0,0,0,0,0,1,0,2.0,-26.125,1,0,19.04439926147461,23.89739990234375,1,0,-1.8538999557495117,28.0,2,0,0.3125,0.6875,2,0,0.3199999928474426,0.20000000298023224,3,0,0.0,0.0
26.443,42400,4200,1.4,0,1.0166666507720947,50,0,2.5,-1,0,10,6,-1.0,-1.0,-1.0,-1.0,6235944,1,2,2,2,1,1,1,1,0,-0.09958367049694061,3.9368810653686523,-1.210453748703003,0,0,0,0.0,0,0,7,0,0.45328283309936523,8.914427757263184,1,0,0,0,0,0,0,0,0,0,0,0,0,1,0,2.0,-26.125,1,0,19.04439926147461,23.89739990234375,1,0,-1.8538999557495117,28.0,2,0,0.3125,0.6875,2,0,0.3199999928474426,0.20000000298023224,3,0,0.0,0.0
26.46,42450,4250,1.416667,0,1.0166666507720947,50,0,2.5,-1,0,10,6,-1.0,-1.0,-1.0,-1.0,6235944,1,2,2,2,1,1,1,1,0,-0.10875117033720016,3.9836509227752686,-1.2424194812774658,0,0,0,0.0,0,0,7,0,0.45328283309936523,8.914427757263184,1,0,0,0,0,0,0,0,0,0,0,0,0,1,0,2.0,-26.125,1,0,19.04439926147461,23.89739990234375,1,0,-1.8538999557495117,28.0,2,0,0.3125,0.6875,2,0,0.3199999928474426,0.20000000298023224,3,0,0.0,0.0
26.477,42500,4300,1.433333,0,1.0166666507720947,50,0,2.5,-1,0,10,6,-1.0,-1.0,-1.0,-1.0,6235944,1,2,2,2,1,1,1,1,0,-0.1230342909693718,4.030282974243164,-1.2909324169158936,0,0,0,0.0,0,0,7,0,0.45328283309936523,8.914427757263184,1,0,0,0,0,0,0,0,0,0,0,0,0,1,0,2.0,-26.125,1,0,19.04439926147461,23.89739990234375,1,0,-1.8538999557495117,28.0,2,0,0.3125,0.6875,2,0,0.3199999928474426,0.20000000298023224,3,0,0.0,0.0
26.494,42550,4350,1.45,0,1.0166666507720947,50,0,2.5,-1,0,10,6,-1.0,-1.0,-1.0,-1.0,6235944,1,2,2,2,1,1,1,1,0,-0.15508395433425903,4.077216148376465,-1.3518190383911133,0,0,0,0.0,0,0,7,0,0.45328283309936523,8.914427757263184,1,0,0,0,0,0,0,0,0,0,0,0,0,1,0,2.0,-26.125,1,0,19.04439926147461,23.89739990234375,1,0,-1.8538999557495117,28.0,2,0,0.3125,0.6875,2,0,0.3199999928474426,0.20000000298023224,3,0,0.0,0.0
26.512,42600,4400,1.466667,0,1.0166666507720947,50,0,2.5,-1,0,10,6,-1.0,-1.0,-1.0,-1.0,6235944,1,2,2,2,1,1,1,1,0,-0.1996753215789795,4.124135494232178,-1.4216150045394897,0,0,0,0.0,0,0,7,0,0.45328283309936523,8.914427757263184,1,0,0,0,0,0,0,0,0,0,0,0,0,1,0,2.0,-26.125,1,0,19.04439926147461,23.89739990234375,1,0,-1.8538999557495117,28.0,2,0,0.3125,0.6875,2,0,0.3199999928474426,0.20000000298023224,3,0,0.0,0.0
26.529,42650,4450,1.483333,0,1.0166666507720947,50,0,2.5,-1,0,10,6,-1.0,-1.0,-1.0,-1.0,6235944,1,2,2,2,1,1,1,1,0,-0.2529239356517792,4.170932769775391,-1.4975295066833496,0,0,0,0.0,0,0,7,0,0.45328283309936523,8.914427757263184,1,0,0,0,0,0,0,0,0,0,0,0,0,1,0,2.0,-26.125,1,0,19.04439926147461,23.89739990234375,1,0,-1.8538999557495117,28.0,2,0,0.3125,0.6875,2,0,0.3199999928474426,0.20000000298023224,3,0,0.0,0.0
26.546,42700,4500,1.5,0,1.0166666507720947,50,0,2.5,-1,0,10,6,-1.0,-1.0,-1.0,-1.0,6235944,1,2,2,2,1,1,1,1,0,-0.3111061155796051,4.218143463134766,-1.5773719549179077,0,0,0,0.0,0,0,7,0,0.45328283309936523,8.914427757263184,1,0,0,0,0,0,0,0,0,0,0,0,0,1,0,2.0,-26.125,1,0,19.04439926147461,23.89739990234375,1,0,-1.8538999557495117,28.0,2,0,0.3125,0.6875,2,0,0.3199999928474426,0.20000000298023224,3,0,0.0,0.0
26.564,42750,4550,1.516667,0,1.0166666507720947,50,0,2.5,-1,0,10,6,-1.0,-1.0,-1.0,-1.0,6235944,1,2,2,2,1,1,1,1,0,-0.3735647201538086,4.264800548553467,-1.6607997417449951,0,0,0,0.0,0,0,7,0,0.45328283309936523,8.914427757263184,1,0,0,0,0,0,0,0,0,0,0,0,0,1,0,2.0,-26.125,1,0,19.04439926147461,23.89739990234375,1,0,-1.8538999557495117,28.0,2,0,0.3125,0.6875,2,0,0.3199999928474426,0.20000000298023224,3,0,0.0,0.0
26.581,42800,4600,1.533333,0,1.0166666507720947,50,0,2.5,-1,0,10,6,-1.0,-1.0,-1.0,-1.0,6235944,1,2,2,2,1,1,1,1,0,-0.4388648271560669,4.31067419052124,-1.7472405433654785,0,0,0,0.0,0,0,7,0,0.45328283309936523,8.914427757263184,1,0,0,0,0,0,0,0,0,0,0,0,0,1,0,2.0,-26.125,1,0,19.04439926147461,23.89739990234375,1,0,-1.8538999557495117,28.0,2,0,0.3125,0.6875,2,0,0.3199999928474426,0.20000000298023224,3,0,0.0,0.0
26.599,42850,4650,1.55,0,1.0166666507720947,50,0,2.5,-1,0,10,6,-1.0,-1.0,-1.0,-1.0,6235944,1,2,2,2,1,1,1,1,0,-0.5060818195343018,4.355785369873047,-1.8363888263702393,0,0,0,0.0,0,0,7,0,0.45328283309936523,8.914427757263184,1,0,0,0,0,0,0,0,0,0,0,0,0,1,0,2.0,-26.125,1,0,19.04439926147461,23.89739990234375,1,0,-1.8538999557495117,28.0,2,0,0.3125,0.6875,2,0,0.3199999928474426,0.20000000298023224,3,0,0.0,0.0
26.616,42900,4700,1.566667,0,1.0166666507720947,50,0,2.5,-1,0,10,6,-1.0,-1.0,-1.0,-1.0,6235944,1,2,2,2,1,1,1,1,0,-0.5746797323226929,4.4009599685668945,-1.926762342453003,0,0,0,0.0,0,0,7,0,0.45328283309936523,8.914427757263184,1,0,0,0,0,0,0,0,0,0,0,0,0,1,0,2.0,-26.125,1,0,19.04439926147461,23.89739990234375,1,0,-1.8538999557495117,28.0,2,0,0.3125,0.6875,2,0,0.3199999928474426,0.20000000298023224,3,0,0.0,0.0
26.633,42950,4750,1.583333,0,1.0166666507720947,50,0,2.5,-1,0,10,6,-1.0,-1.0,-1.0,-1.0,6235944,1,2,2,2,1,1,1,1,0,-0.6442549228668213,4.445863723754883,-2.0188140869140625,0,0,0,0.0,0,0,7,0,0.45328283309936523,8.914427757263184,1,0,0,0,0,0,0,0,0,0,0,0,0,1,0,2.0,-26.125,1,0,19.04439926147461,23.89739990234375,1,0,-1.8538999557495117,28.0,2,0,0.3125,0.6875,2,0,0.3199999928474426,0.20000000298023224,3,0,0.0,0.0
26.651,43000,4800,1.6,0,1.0166666507720947,50,0,2.5,-1,0,10,6,-1.0,-1.0,-1.0,-1.0,6235944,1,2,2,2,1,1,1,1,0,-0.7206759452819824,4.510290622711182,-2.088778257369995,0,0,0,0.0,0,0,7,0,0.45328283309936523,8.914427757263184,1,0,0,0,0,0,0,0,0,0,0,0,0,1,0,2.0,-26.125,1,0,19.04439926147461,23.89739990234375,1,0,-1.8538999557495117,28.0,2,0,0.3125,0.6875,2,0,0.3199999928474426,0.20000000298023224,3,0,0.0,0.0
26.668,43050,4850,1.616667,0,1.0166666507720947,50,0,2.5,-1,0,10,6,-1.0,-1.0,-1.0,-1.0,6235944,1,2,2,2,1,1,1,1,0,-0.8028268814086914,4.589605331420898,-2.142094850540161,0,0,0,0.0,0,0,7,0,0.45328283309936523,8.914427757263184,1,0,0,0,0,0,0,0,0,0,0,0,0,1,0,2.0,-26.125,1,0,19.04439926147461,23.89739990234375,1,0,-1.8538999557495117,28.0,2,0,0.3125,0.6875,2,0,0.3199999928474426,0.20000000298023224,3,0,0.0,0.0
26.685,43100,4900,1.633333,0,1.0166666507720947,50,0,2.5,-1,0,10,6,-1.0,-1.0,-1.0,-1.0,6235944,1,2,2,2,1,1,1,1,0,-0.8888576626777649,4.681360721588135,-2.182042121887207,0,0,0,0.0,0,0,7,0,0.45328283309936523,8.914427757263184,1,0,0,0,0,0,0,0,0,0,0,0,0,1,0,2.0,-26.125,1,0,19.04439926147461,23.89739990234375,1,0,-1.8538999557495117,28.0,2,0,0.3125,0.6875,2,0,0.3199999928474426,0.20000000298023224,3,0,0.0,0.0
26.702,43200,5000,1.666667,0,1.0166666507720947,50,0,2.5,-1,0,10,6,-1.0,-1.0,-1.0,-1.0,6235944,1,2,2,2,1,1,1,1,0,-1.0684446096420288,4.898692607879639,-2.22795033454895,0,0,0,0.0,0,0,7,0,0.45328283309936523,8.914427757263184,1,0,0,0,0,0,0,0,0,0,0,0,0,1,0,2.0,-26.125,1,0,19.04439926147461,23.89739990234375,1,0,-1.8538999557495117,28.0,2,0,0.3125,0.6875,2,0,0.3199999928474426,0.20000000298023224,3,0,0.0,0.0
26.719,43250,5050,1.683333,0,1.0166666507720947,50,0,2.5,-1,0,10,6,-1.0,-1.0,-1.0,-1.0,6235944,1,2,2,2,1,1,1,1,0,-1.1604634523391724,5.022263526916504,-2.2364649772644043,0,0,0,0.0,0,0,7,0,0.45328283309936523,8.914427757263184,1,0,0,0,0,0,0,0,0,0,0,0,0,1,0,2.0,-26.125,1,0,19.04439926147461,23.89739990234375,1,0,-1.8538999557495117,28.0,2,0,0.3125,0.6875,2,0,0.3199999928474426,0.20000000298023224,3,0,0.0,0.0
26.737,43300,5100,1.7,0,1.0166666507720947,50,0,2.5,-1,0,10,6,-1.0,-1.0,-1.0,-1.0,6235944,1,2,2,2,1,1,1,1,0,-1.2522172927856445,5.156243801116943,-2.2352681159973145,0,0,0,0.0,0,0,7,0,0.45328283309936523,8.914427757263184,1,0,0,0,0,0,0,0,0,0,0,0,0,1,0,2.0,-26.125,1,0,19.04439926147461,23.89739990234375,1,0,-1.8538999557495117,28.0,2,0,0.3125,0.6875,2,0,0.3199999928474426,0.20000000298023224,3,0,0.0,0.0
26.754,43350,5150,1.716667,0,1.0166666507720947,50,0,2.5,-1,0,10,6,-1.0,-1.0,-1.0,-1.0,6235944,1,2,2,2,1,1,1,1,0,-1.3451696634292603,5.299318790435791,-2.2258925437927246,0,0,0,0.0,0,0,7,0,0.45328283309936523,8.914427757263184,1,0,0,0,0,0,0,0,0,0,0,0,0,1,0,2.0,-26.125,1,0,19.04439926147461,23.89739990234375,1,0,-1.8538999557495117,28.0,2,0,0.3125,0.6875,2,0,0.3199999928474426,0.20000000298023224,3,0,0.0,0.0
26.771,43400,5200,1.733333,0,1.0166666507720947,50,0,2.5,-1,0,10,6,-1.0,-1.0,-1.0,-1.0,6235944,1,2,2,2,1,1,1,1,0,-1.439139723777771,5.452254295349121,-2.208078384399414,0,0,0,0.0,0,0,7,0,0.45328283309936523,8.914427757263184,1,0,0,0,0,0,0,0,0,0,0,0,0,1,0,2.0,-26.125,1,0,19.04439926147461,23.89739990234375,1,0,-1.8538999557495117,28.0,2,0,0.3125,0.6875,2,0,0.3199999928474426,0.20000000298023224,3,0,0.0,0.0
26.788,43450,5250,1.75,0,1.0166666507720947,50,0,2.5,-1,0,10,6,-1.0,-1.0,-1.0,-1.0,6235944,1,2,2,2,1,1,1,1,0,-1.5339457988739014,5.615476608276367,-2.182095766067505,0,0,0,0.0,0,0,7,0,0.45328283309936523,8.914427757263184,1,0,0,0,0,0,0,0,0,0,0,0,0,1,0,2.0,-26.125,1,0,19.04439926147461,23.89739990234375,1,0,-1.8538999557495117,28.0,2,0,0.3125,0.6875,2,0,0.3199999928474426,0.20000000298023224,3,0,0.0,0.0
26.806,43500,5300,1.766667,0,1.0166666507720947,50,0,2.5,-1,0,10,6,-1.0,-1.0,-1.0,-1.0,6235944,1,2,2,2,1,1,1,1,0,-1.6295855045318604,5.7890849113464355,-2.1482322216033936,0,0,0,0.0,0,0,7,0,0.45328283309936523,8.914427757263184,1,0,0,0,0,0,0,0,0,0,0,0,0,1,0,2.0,-26.125,1,0,19.04439926147461,23.89739990234375,1,0,-1.8538999557495117,28.0,2,0,0.3125,0.6875,2,0,0.3199999928474426,0.20000000298023224,3,0,0.0,0.0
26.823,43550,5350,1.783333,0,1.0166666507720947,50,0,2.5,-1,0,10,6,-1.0,-1.0,-1.0,-1.0,6235944,1,2,2,2,1,1,1,1,0,-1.7262063026428223,5.9752607345581055,-2.105437755584717,0,0,0,0.0,0,0,7,0,0.45328283309936523,8.914427757263184,1,0,0,0,0,0,0,0,0,0,0,0,0,1,0,2.0,-26.125,1,0,19.04439926147461,23.89739990234375,1,0,-1.8538999557495117,28.0,2,0,0.3125,0.6875,2,0,0.3199999928474426,0.20000000298023224,3,0,0.0,0.0
26.84,43600,5400,1.8,0,1.0166666507720947,50,0,2.5,-1,0,10,6,-1.0,-1.0,-1.0,-1.0,6235944,1,2,2,2,1,1,1,1,0,-1.8224624395370483,6.175235271453857,-2.053440570831299,0,0,0,0.0,0,0,7,0,0.45328283309936523,8.914427757263184,1,0,0,0,0,0,0,0,0,0,0,0,0,1,0,2.0,-26.125,1,0,19.04439926147461,23.89739990234375,1,0,-1.8538999557495117,28.0,2,0,0.3125,0.6875,2,0,0.3199999928474426,0.20000000298023224,3,0,0.0,0.0
26.858,43650,5450,1.816667,0,1.0166666507720947,50,0,2.5,-1,0,10,6,-1.0,-1.0,-1.0,-1.0,6235944,1,2,2,2,1,1,1,1,0,-1.9203294515609741,6.387574195861816,-1.9939720630645752,0,0,0,0.0,0,0,7,0,0.45328283309936523,8.914427757263184,1,0,0,0,0,0,0,0,0,0,0,0,0,1,0,2.0,-26.125,1,0,19.04439926147461,23.89739990234375,1,0,-1.8538999557495117,28.0,2,0,0.3125,0.6875,2,0,0.3199999928474426,0.20000000298023224,3,0,0.0,0.0
26.875,43700,5500,1.833333,0,1.0166666507720947,50,0,2.5,-1,0,10,6,-1.0,-1.0,-1.0,-1.0,6235944,1,2,2,2,1,1,1,1,0,-2.019709587097168,6.61508846282959,-1.926080584526062,0,0,0,0.0,0,0,7,0,0.45328283309936523,8.914427757263184,1,0,0,0,0,0,0,0,0,0,0,0,0,1,0,2.0,-26.125,1,0,19.04439926147461,23.89739990234375,1,0,-1.8538999557495117,28.0,2,0,0.3125,0.6875,2,0,0.3199999928474426,0.20000000298023224,3,0,0.0,0.0
26.892,43750,5550,1.85,0,1.0166666507720947,50,0,2.5,-1,0,10,6,-1.0,-1.0,-1.0,-1.0,6235944,1,2,2,2,1,1,1,1,0,-2.1038506031036377,6.777109146118164,-1.9256781339645386,0,0,0,0.0,0,0,7,0,0.45328283309936523,8.914427757263184,1,0,0,0,0,0,0,0,0,0,0,0,0,1,0,2.0,-26.125,1,0,19.04439926147461,23.89739990234375,1,0,-1.8538999557495117,28.0,2,0,0.3125,0.6875,2,0,0.3199999928474426,0.20000000298023224,3,0,0.0,0.0
26.91,43800,5600,1.866667,0,1.0166666507720947,50,0,2.5,-1,0,10,6,-1.0,-1.0,-1.0,-1.0,6235944,1,2,2,2,1,1,1,1,0,-2.1770310401916504,6.910480976104736,-1.957596778869629,0,0,0,0.0,0,0,7,0,0.45328283309936523,8.914427757263184,1,0,0,0,0,0,0,0,0,0,0,0,0,1,0,2.0,-26.125,1,0,19.04439926147461,23.89739990234375,1,0,-1.8538999557495117,28.0,2,0,0.3125,0.6875,2,0,0.3199999928474426,0.20000000298023224,3,0,0.0,0.0
26.927,43850,5650,1.883333,0,1.0166666507720947,50,0,2.5,-1,0,10,6,-1.0,-1.0,-1.0,-1.0,6235944,1,2,2,2,1,1,1,1,0,-2.24558687210083,7.031573295593262,-2.004589557647705,0,0,0,0.0,0,0,7,0,0.45328283309936523,8.914427757263184,1,0,0,0,0,0,0,0,0,0,0,0,0,1,0,2.0,-26.125,1,0,19.04439926147461,23.89739990234375,1,0,-1.8538999557495117,28.0,2,0,0.3125,0.6875,2,0,0.3199999928474426,0.20000000298023224,3,0,0.0,0.0
26.944,43900,5700,1.9,0,1.0166666507720947,50,0,2.5,-1,0,10,6,-1.0,-1.0,-1.0,-1.0,6235944,1,2,2,2,1,1,1,1,0,-2.3109309673309326,7.149415493011475,-2.0566909313201904,0,0,0,0.0,0,0,7,0,0.45328283309936523,8.914427757263184,1,0,0,0,0,0,0,0,0,0,0,0,0,1,0,2.0,-26.125,1,0,19.04439926147461,23.89739990234375,1,0,-1.8538999557495117,28.0,2,0,0.3125,0.6875,2,0,0.3199999928474426,0.20000000298023224,3,0,0.0,0.0
26.961,43950,5750,1.916667,0,1.0166666507720947,50,0,2.5,-1,0,10,6,-1.0,-1.0,-1.0,-1.0,6235944,1,2,2,2,1,1,1,1,0,-2.3767268657684326,7.265024185180664,-2.112370729446411,0,0,0,0.0,0,0,7,0,0.45328283309936523,8.914427757263184,1,0,0,0,0,0,0,0,0,0,0,0,0,1,0,2.0,-26.125,1,0,19.04439926147461,23.89739990234375,1,0,-1.8538999557495117,28.0,2,0,0.3125,0.6875,2,0,0.3199999928474426,0.20000000298023224,3,0,0.0,0.0
26.979,44000,5800,1.933333,0,1.0166666507720947,50,0,2.5,-1,0,10,6,-1.0,-1.0,-1.0,-1.0,6235944,1,2,2,2,1,1,1,1,0,-2.4427974224090576,7.379637241363525,-2.1708381175994873,0,0,0,0.0,0,0,7,0,0.45328283309936523,8.914427757263184,1,0,0,0,0,0,0,0,0,0,0,0,0,1,0,2.0,-26.125,1,0,19.04439926147461,23.89739990234375,1,0,-1.8538999557495117,28.0,2,0,0.3125,0.6875,2,0,0.3199999928474426,0.20000000298023224,3,0,0.0,0.0
26.996,44050,5850,1.95,0,1.0166666507720947,50,0,2.5,-1,0,10,6,-1.0,-1.0,-1.0,-1.0,6235944,1,2,2,2,1,1,1,1,0,-2.5091826915740967,7.494112491607666,-2.230449914932251,0,0,0,0.0,0,0,7,0,0.45328283309936523,8.914427757263184,1,0,0,0,0,0,0,0,0,0,0,0,0,1,0,2.0,-26.125,1,0,19.04439926147461,23.89739990234375,1,0,-1.8538999557495117,28.0,2,0,0.3125,0.6875,2,0,0.3199999928474426,0.20000000298023224,3,0,0.0,0.0
27.013,44100,5900,1.966667,0,1.0166666507720947,50,0,2.5,-1,0,10,6,-1.0,-1.0,-1.0,-1.0,6235944,1,2,2,2,1,1,1,1,0,-2.575589656829834,7.608213901519775,-2.2920024394989014,0,0,0,0.0,0,0,7,0,0.45328283309936523,8.914427757263184,1,0,0,0,0,0,0,0,0,0,0,0,0,1,0,2.0,-26.125,1,0,19.04439926147461,23.89739990234375,1,0,-1.8538999557495117,28.0,2,0,0.3125,0.6875,2,0,0.3199999928474426,0.20000000298023224,3,0,0.0,0.0
27.031,44150,5950,1.983333,0,1.0166666507720947,50,0,2.5,-1,0,10,6,-1.0,-1.0,-1.0,-1.0,6235944,1,2,2,2,1,1,1,1,0,-2.6423211097717285,7.722588062286377,-2.3544654846191406,0,0,0,0.0,0,0,7,0,0.45328283309936523,8.914427757263184,1,0,0,0,0,0,0,0,0,0,0,0,0,1,0,2.0,-26.125,1,0,19.04439926147461,23.89739990234375,1,0,-1.8538999557495117,28.0,2,0,0.3125,0.6875,2,0,0.3199999928474426,0.20000000298023224,3,0,0.0,0.0
27.048,44200,6000,2.0,0,1.0166666507720947,50,0,2.5,-1,0,10,6,-1.0,-1.0,-1.0,-1.0,6235944,1,2,2,2,1,1,1,1,0,-2.7077038288116455,7.839000701904297,-2.416137933731079,0,0,0,0.0,0,0,7,0,0.45328283309936523,8.914427757263184,1,0,0,0,0,0,0,0,0,0,0,0,0,1,0,2.0,-26.125,1,0,19.04439926147461,23.89739990234375,1,0,-1.8538999557495117,28.0,2,0,0.3125,0.6875,2,0,0.3199999928474426,0.20000000298023224,3,0,0.0,0.0
27.065,44250,6050,2.016667,0,1.0166666507720947,50,0,2.5,-1,0,10,6,-1.0,-1.0,-1.0,-1.0,6235944,1,2,2,2,1,1,1,1,0,-2.7740116119384766,7.954286575317383,-2.480605363845825,0,0,0,0.0,0,0,7,0,0.45328283309936523,8.914427757263184,1,0,0,0,0,0,0,0,0,0,0,0,0,1,0,2.0,-26.125,1,0,19.04439926147461,23.89739990234375,1,0,-1.8538999557495117,28.0,2,0,0.3125,0.6875,2,0,0.3199999928474426,0.20000000298023224,3,0,0.0,0.0
27.083,44300,6100,2.033333,0,1.0166666507720947,50,0,2.5,-1,0,10,6,-1.0,-1.0,-1.0,-1.0,6235944,1,2,2,2,1,1,1,1,0,-2.840872287750244,8.068216323852539,-2.546548366546631,0,0,0,0.0,0,0,7,0,0.45328283309936523,8.914427757263184,1,0,0,0,0,0,0,0,0,0,0,0,0,1,0,2.0,-26.125,1,0,19.04439926147461,23.89739990234375,1,0,-1.8538999557495117,28.0,2,0,0.3125,0.6875,2,0,0.3199999928474426,0.20000000298023224,3,0,0.0,0.0
27.1,44350,6150,2.05,0,1.0166666507720947,50,0,2.5,-1,0,10,6,-1.0,-1.0,-1.0,-1.0,6235944,1,2,2,2,1,1,1,1,0,-2.9078476428985596,8.182988166809082,-2.6142446994781494,0,0,0,0.0,0,0,7,0,0.45328283309936523,8.914427757263184,1,0,0,0,0,0,0,0,0,0,0,0,0,1,0,2.0,-26.125,1,0,19.04439926147461,23.89739990234375,1,0,-1.8538999557495117,28.0,2,0,0.3125,0.6875,2,0,0.3199999928474426,0.20000000298023224,3,0,0.0,0.0
27.117,44400,6200,2.066667,0,1.0166666507720947,50,0,2.5,-1,0,10,6,-1.0,-1.0,-1.0,-1.0,6235944,1,2,2,2,1,1,1,1,0,-2.9748659133911133,8.29749584197998,-2.6835057735443115,0,0,0,0.0,0,0,7,0,0.45328283309936523,8.914427757263184,1,0,0,0,0,0,0,0,0,0,0,0,0,1,0,2.0,-26.125,1,0,19.04439926147461,23.89739990234375,1,0,-1.8538999557495117,28.0,2,0,0.3125,0.6875,2,0,0.3199999928474426,0.20000000298023224,3,0,0.0,0.0
27.134,44450,6250,2.083333,0,1.0166666507720947,50,0,2.5,-1,0,10,6,-1.0,-1.0,-1.0,-1.0,6235944,1,2,2,2,1,1,1,1,0,-3.04226016998291,8.413515090942383,-2.7533352375030518,0,0,0,0.0,0,0,7,0,0.45328283309936523,8.914427757263184,1,0,0,0,0,0,0,0,0,0,0,0,0,1,0,2.0,-26.125,1,0,19.04439926147461,23.89739990234375,1,0,-1.8538999557495117,28.0,2,0,0.3125,0.6875,2,0,0.3199999928474426,0.20000000298023224,3,0,0.0,0.0
27.151,44500,6300,2.1,0,1.0166666507720947,50,0,2.5,-1,0,10,6,-1.0,-1.0,-1.0,-1.0,6235944,1,2,2,2,1,1,1,1,0,-3.1076152324676514,8.528632164001465,-2.8241231441497803,0,0,0,0.0,0,0,7,0,0.45328283309936523,8.914427757263184,1,0,0,0,0,0,0,0,0,0,0,0,0,1,0,2.0,-26.125,1,0,19.04439926147461,23.89739990234375,1,0,-1.8538999557495117,28.0,2,0,0.3125,0.6875,2,0,0.3199999928474426,0.20000000298023224,3,0,0.0,0.0
27.169,44550,6350,2.116667,0,1.0166666507720947,50,0,2.5,-1,0,10,6,-1.0,-1.0,-1.0,-1.0,6235944,1,2,2,2,1,1,1,1,0,-3.1743357181549072,8.645040512084961,-2.896505832672119,0,0,0,0.0,0,0,7,0,0.45328283309936523,8.914427757263184,1,0,0,0,0,0,0,0,0,0,0,0,0,1,0,2.0,-26.125,1,0,19.04439926147461,23.89739990234375,1,0,-1.8538999557495117,28.0,2,0,0.3125,0.6875,2,0,0.3199999928474426,0.20000000298023224,3,0,0.0,0.0
27.186,44650,6450,2.15,0,1.0166666507720947,50,0,2.5,-1,0,10,6,-1.0,-1.0,-1.0,-1.0,6235944,1,2,2,2,1,1,1,1,0,-3.3085484504699707,8.874878883361816,-3.046809434890747,0,0,0,0.0,0,0,7,0,0.45328283309936523,8.914427757263184,1,0,0,0,0,0,0,0,0,0,0,0,0,1,0,2.0,-26.125,1,0,19.04439926147461,23.89739990234375,1,0,-1.8538999557495117,28.0,2,0,0.3125,0.6875,2,0,0.3199999928474426,0.20000000298023224,3,0,0.0,0.0
27.203,44700,6500,2.166667,0,1.0166666507720947,50,0,2.5,-1,0,10,6,-1.0,-1.0,-1.0,-1.0,6235944,1,2,2,2,1,1,1,1,0,-3.375619888305664,8.989534378051758,-3.1243295669555664,0,0,0,0.0,0,0,7,0,0.45328283309936523,8.914427757263184,1,0,0,0,0,0,0,0,0,0,0,0,0,1,0,2.0,-26.125,1,0,19.04439926147461,23.89739990234375,1,0,-1.8538999557495117,28.0,2,0,0.3125,0.6875,2,0,0.3199999928474426,0.20000000298023224,3,0,0.0,0.0
27.22,44750,6550,2.183333,0,1.0166666507720947,50,0,2.5,-1,0,10,6,-1.0,-1.0,-1.0,-1.0,6235944,1,2,2,2,1,1,1,1,0,-3.4427099227905273,9.104070663452148,-3.2031173706054688,0,0,0,0.0,0,0,7,0,0.45328283309936523,8.914427757263184,1,0,0,0,0,0,0,0,0,0,0,0,0,1,0,2.0,-26.125,1,0,19.04439926147461,23.89739990234375,1,0,-1.8538999557495117,28.0,2,0,0.3125,0.6875,2,0,0.3199999928474426,0.20000000298023224,3,0,0.0,0.0
27.238,44800,6600,2.2,0,1.0166666507720947,50,0,2.5,-1,0,10,6,-1.0,-1.0,-1.0,-1.0,6235944,1,2,2,2,1,1,1,1,0,-3.5080230236053467,9.2205171585083,-3.2819221019744873,0,0,0,0.0,0,0,7,0,0.45328283309936523,8.914427757263184,1,0,0,0,0,0,0,0,0,0,0,0,0,1,0,2.0,-26.125,1,0,19.04439926147461,23.89739990234375,1,0,-1.8538999557495117,28.0,2,0,0.3125,0.6875,2,0,0.3199999928474426,0.20000000298023224,3,0,0.0,0.0
27.255,44850,6650,2.216667,0,1.0166666507720947,50,0,2.5,-1,0,10,6,-1.0,-1.0,-1.0,-1.0,6235944,1,2,2,2,1,1,1,1,0,-3.5744402408599854,9.336176872253418,-3.3633365631103516,0,0,0,0.0,0,0,7,0,0.45328283309936523,8.914427757263184,1,0,0,0,0,0,0,0,0,0,0,0,0,1,0,2.0,-26.125,1,0,19.04439926147461,23.89739990234375,1,0,-1.8538999557495117,28.0,2,0,0.3125,0.6875,2,0,0.3199999928474426,0.20000000298023224,3,0,0.0,0.0
27.272,44900,6700,2.233333,0,1.0166666507720947,50,0,2.5,-1,0,10,6,-1.0,-1.0,-1.0,-1.0,6235944,1,2,2,2,1,1,1,1,0,-3.6412715911865234,9.450319290161133,-3.4458577632904053,0,0,0,0.0,0,0,7,0,0.45328283309936523,8.914427757263184,1,0,0,0,0,0,0,0,0,0,0,0,0,1,0,2.0,-26.125,1,0,19.04439926147461,23.89739990234375,1,0,-1.8538999557495117,28.0,2,0,0.3125,0.6875,2,0,0.3199999928474426,0.20000000298023224,3,0,0.0,0.0
27.29,44950,6750,2.25,0,1.0166666507720947,50,0,2.5,-1,0,10,6,-1.0,-1.0,-1.0,-1.0,6235944,1,2,2,2,1,1,1,1,0,-3.7079811096191406,9.565369606018066,-3.5303244590759277,0,0,0,0.0,0,0,7,0,0.45328283309936523,8.914427757263184,1,0,0,0,0,0,0,0,0,0,0,0,0,1,0,2.0,-26.125,1,0,19.04439926147461,23.89739990234375,1,0,-1.8538999557495117,28.0,2,0,0.3125,0.6875,2,0,0.3199999928474426,0.20000000298023224,3,0,0.0,0.0
27.307,45000,6800,2.266667,0,1.0166666507720947,50,0,2.5,-1,0,10,6,-1.0,-1.0,-1.0,-1.0,6235944,1,2,2,2,1,1,1,1,0,-3.7743546962738037,9.677896499633789,-3.6164417266845703,0,0,0,0.0,0,0,7,0,0.45328283309936523,8.914427757263184,1,0,0,0,0,0,0,0,0,0,0,0,0,1,0,2.0,-26.125,1,0,19.04439926147461,23.89739990234375,1,0,-1.8538999557495117,28.0,2,0,0.3125,0.6875,2,0,0.3199999928474426,0.20000000298023224,3,0,0.0,0.0
27.325,45050,6850,2.283333,0,1.0166666507720947,50,0,2.5,-1,0,10,6,-1.0,-1.0,-1.0,-1.0,6235944,1,2,2,2,1,1,1,1,0,-3.8409359455108643,9.79317569732666,-3.7028560638427734,0,0,0,0.0,0,0,7,0,0.45328283309936523,8.914427757263184,1,0,0,0,0,0,0,0,0,0,0,0,0,1,0,2.0,-26.125,1,0,19.04439926147461,23.89739990234375,1,0,-1.8538999557495117,28.0,2,0,0.3125,0.6875,2,0,0.3199999928474426,0.20000000298023224,3,0,0.0,0.0
27.342,45100,6900,2.3,0,1.0166666507720947,50,0,2.5,-1,0,10,6,-1.0,-1.0,-1.0,-1.0,6235944,1,2,2,2,1,1,1,1,0,-3.90555739402771,9.911121368408203,-3.789903163909912,0,0,0,0.0,0,0,7,0,0.45328283309936523,8.914427757263184,1,0,0,0,0,0,0,0,0,0,0,0,0,1,0,2.0,-26.125,1,0,19.04439926147461,23.89739990234375,1,0,-1.8538999557495117,28.0,2,0,0.3125,0.6875,2,0,0.3199999928474426,0.20000000298023224,3,0,0.0,0.0
27.359,45150,6950,2.316667,0,1.0166666507720947,50,0,2.5,-1,0,10,6,-1.0,-1.0,-1.0,-1.0,6235944,1,2,2,2,1,1,1,1,0,-3.971228837966919,10.027557373046875,-3.879295825958252,0,0,0,0.0,0,0,7,0,0.45328283309936523,8.914427757263184,1,0,0,0,0,0,0,0,0,0,0,0,0,1,0,2.0,-26.125,1,0,19.04439926147461,23.89739990234375,1,0,-1.8538999557495117,28.0,2,0,0.3125,0.6875,2,0,0.3199999928474426,0.20000000298023224,3,0,0.0,0.0
27.376,45200,7000,2.333333,0,1.0166666507720947,50,0,2.5,-1,0,10,6,-1.0,-1.0,-1.0,-1.0,6235944,1,2,2,2,1,1,1,1,0,-4.036980152130127,10.143080711364746,-3.9698009490966797,0,0,0,0.0,0,0,7,0,0.45328283309936523,8.914427757263184,1,0,0,0,0,0,0,0,0,0,0,0,0,1,0,2.0,-26.125,1,0,19.04439926147461,23.89739990234375,1,0,-1.8538999557495117,28.0,2,0,0.3125,0.6875,2,0,0.3199999928474426,0.20000000298023224,3,0,0.0,0.0
27.394,45250,7050,2.35,0,1.0166666507720947,50,0,2.5,-1,0,10,6,-1.0,-1.0,-1.0,-1.0,6235944,1,2,2,2,1,1,1,1,0,-4.09995698928833,10.258523941040039,-4.061862945556641,0,0,0,0.0,0,0,7,0,0.45328283309936523,8.914427757263184,1,0,0,0,0,0,0,0,0,0,0,0,0,1,0,2.0,-26.125,1,0,19.04439926147461,23.89739990234375,1,0,-1.8538999557495117,28.0,2,0,0.3125,0.6875,2,0,0.3199999928474426,0.20000000298023224,3,0,0.0,0.0
27.411,45300,7100,2.366667,0,1.0166666507720947,50,0,2.5,-1,0,10,6,-1.0,-1.0,-1.0,-1.0,6235944,1,2,2,2,1,1,1,1,0,-4.1522369384765625,10.375855445861816,-4.154823303222656,0,0,0,0.0,0,0,7,0,0.45328283309936523,8.914427757263184,1,0,0,0,0,0,0,0,0,0,0,0,0,1,0,2.0,-26.125,1,0,19.04439926147461,23.89739990234375,1,0,-1.8538999557495117,28.0,2,0,0.3125,0.6875,2,0,0.3199999928474426,0.20000000298023224,3,0,0.0,0.0
27.428,45350,7150,2.383333,0,1.0166666507720947,50,0,2.5,-1,0,10,6,-1.0,-1.0,-1.0,-1.0,6235944,1,2,2,2,1,1,1,1,0,-4.2017011642456055,10.499049186706543,-4.248815059661865,0,0,0,0.0,0,0,7,0,0.45328283309936523,8.914427757263184,1,0,0,0,0,0,0,0,0,0,0,0,0,1,0,2.0,-26.125,1,0,19.04439926147461,23.89739990234375,1,0,-1.8538999557495117,28.0,2,0,0.3125,0.6875,2,0,0.3199999928474426,0.20000000298023224,3,0,0.0,0.0
27.446,45400,7200,2.4,0,1.0166666507720947,50,0,2.5,-1,0,10,6,-1.0,-1.0,-1.0,-1.0,6235944,1,2,2,2,1,1,1,1,0,-4.248385429382324,10.62291431427002,-4.341757297515869,0,0,0,0.0,0,0,7,0,0.45328283309936523,8.914427757263184,1,0,0,0,0,0,0,0,0,0,0,0,0,1,0,2.0,-26.125,1,0,19.04439926147461,23.89739990234375,1,0,-1.8538999557495117,28.0,2,0,0.3125,0.6875,2,0,0.3199999928474426,0.20000000298023224,3,0,0.0,0.0
27.463,45450,7250,2.416667,0,1.0166666507720947,50,0,2.5,-1,0,10,6,-1.0,-1.0,-1.0,-1.0,6235944,1,2,2,2,1,1,1,1,0,-4.295746326446533,10.744901657104492,-4.436891555786133,0,0,0,0.0,0,0,7,0,0.45328283309936523,8.914427757263184,1,0,0,0,0,0,0,0,0,0,0,0,0,1,0,2.0,-26.125,1,0,19.04439926147461,23.89739990234375,1,0,-1.8538999557495117,28.0,2,0,0.3125,0.6875,2,0,0.3199999928474426,0.20000000298023224,3,0,0.0,0.0
27.481,45500,7300,2.433333,0,1.0166666507720947,50,0,2.5,-1,0,10,6,-1.0,-1.0,-1.0,-1.0,6235944,1,2,2,2,1,1,1,1,0,-4.342738151550293,10.866329193115234,-4.532945156097412,0,0,0,0.0,0,0,7,0,0.45328283309936523,8.914427757263184,1,0,0,0,0,0,0,0,0,0,0,0,0,1,0,2.0,-26.125,1,0,19.04439926147461,23.89739990234375,1,0,-1.8538999557495117,28.0,2,0,0.3125,0.6875,2,0,0.3199999928474426,0.20000000298023224,3,0,0.0,0.0
27.498,45550,7350,2.45,0,1.0166666507720947,50,0,2.5,-1,0,10,6,-1.0,-1.0,-1.0,-1.0,6235944,1,2,2,2,1,1,1,1,0,-4.388843059539795,10.986233711242676,-4.6306538581848145,0,0,0,0.0,0,0,7,0,0.45328283309936523,8.914427757263184,1,0,0,0,0,0,0,0,0,0,0,0,0,1,0,2.0,-26.125,1,0,19.04439926147461,23.89739990234375,1,0,-1.8538999557495117,28.0,2,0,0.3125,0.6875,2,0,0.3199999928474426,0.20000000298023224,3,0,0.0,0.0
27.515,45600,7400,2.466667,0,1.0166666507720947,50,0,2.5,-1,0,10,6,-1.0,-1.0,-1.0,-1.0,6235944,1,2,2,2,1,1,1,1,0,-4.434267520904541,11.107597351074219,-4.728836536407471,0,0,0,0.0,0,0,7,0,0.45328283309936523,8.914427757263184,1,0,0,0,0,0,0,0,0,0,0,0,0,1,0,2.0,-26.125,1,0,19.04439926147461,23.89739990234375,1,0,-1.8538999557495117,28.0,2,0,0.3125,0.6875,2,0,0.3199999928474426,0.20000000298023224,3,0,0.0,0.0
27.533,45650,7450,2.483333,0,1.0166666507720947,50,0,2.5,-1,0,10,6,-1.0,-1.0,-1.0,-1.0,6235944,1,2,2,2,1,1,1,1,0,-4.479082107543945,11.227752685546875,-4.827536106109619,0,0,0,0.0,0,0,7,0,0.45328283309936523,8.914427757263184,1,0,0,0,0,0,0,0,0,0,0,0,0,1,0,2.0,-26.125,1,0,19.04439926147461,23.89739990234375,1,0,-1.8538999557495117,28.0,2,0,0.3125,0.6875,2,0,0.3199999928474426,0.20000000298023224,3,0,0.0,0.0
27.55,45700,7500,2.5,0,1.0166666507720947,50,0,2.5,-1,0,10,6,-1.0,-1.0,-1.0,-1.0,6235944,1,2,2,2,1,1,1,1,0,-4.520479202270508,11.346117973327637,-4.923321723937988,0,0,0,0.0,0,0,7,0,0.45328283309936523,8.914427757263184,1,0,0,0,0,0,0,0,0,0,0,0,0,1,0,2.0,-26.125,1,0,19.04439926147461,23.89739990234375,1,0,-1.8538999557495117,28.0,2,0,0.3125,0.6875,2,0,0.3199999928474426,0.20000000298023224,3,0,0.0,0.0
27.567,45750,7550,2.516667,0,1.0166666507720947,50,0,2.5,-1,0,10,6,-1.0,-1.0,-1.0,-1.0,6235944,1,2,2,2,1,1,1,1,0,-4.560818672180176,11.45521354675293,-5.0209784507751465,0,0,0,0.0,0,0,7,0,0.45328283309936523,8.914427757263184,1,0,0,0,0,0,0,0,0,0,0,0,0,1,0,2.0,-26.125,1,0,19.04439926147461,23.89739990234375,1,0,-1.8538999557495117,28.0,2,0,0.3125,0.6875,2,0,0.3199999928474426,0.20000000298023224,3,0,0.0,0.0
27.585,45800,7600,2.533333,0,1.0166666507720947,50,0,2.5,-1,0,10,6,-1.0,-1.0,-1.0,-1.0,6235944,1,2,2,2,1,1,1,1,0,-4.599931240081787,11.559648513793945,-5.116734981536865,0,0,0,0.0,0,0,7,0,0.45328283309936523,8.914427757263184,1,0,0,0,0,0,0,0,0,0,0,0,0,1,0,2.0,-26.125,1,0,19.04439926147461,23.89739990234375,1,0,-1.8538999557495117,28.0,2,0,0.3125,0.6875,2,0,0.3199999928474426,0.20000000298023224,3,0,0.0,0.0
27.602,45850,7650,2.55,0,1.0166666507720947,50,0,2.5,-1,0,10,6,-1.0,-1.0,-1.0,-1.0,6235944,1,2,2,2,1,1,1,1,0,-4.637753963470459,11.66054916381836,-5.210503578186035,0,0,0,0.0,0,0,7,0,0.45328283309936523,8.914427757263184,1,0,0,0,0,0,0,0,0,0,0,0,0,1,0,2.0,-26.125,1,0,19.04439926147461,23.89739990234375,1,0,-1.8538999557495117,28.0,2,0,0.3125,0.6875,2,0,0.3199999928474426,0.20000000298023224,3,0,0.0,0.0
27.62,45950,7750,2.583333,0,1.0166666507720947,50,0,2.5,-1,0,10,6,-1.0,-1.0,-1.0,-1.0,6235944,1,2,2,2,1,1,1,1,0,-4.707568168640137,11.845298767089844,-5.395426273345947,0,0,0,0.0,0,0,7,0,0.45328283309936523,8.914427757263184,1,0,0,0,0,0,0,0,0,0,0,0,0,1,0,2.0,-26.125,1,0,19.04439926147461,23.89739990234375,1,0,-1.8538999557495117,28.0,2,0,0.3125,0.6875,2,0,0.3199999928474426,0.20000000298023224,3,0,0.0,0.0
27.637,46000,7800,2.6,0,1.0166666507720947,50,0,2.5,-1,0,10,6,-1.0,-1.0,-1.0,-1.0,6235944,1,2,2,2,1,1,1,1,0,-4.737998962402344,11.933503150939941,-5.484656810760498,0,0,0,0.0,0,0,7,0,0.45328283309936523,8.914427757263184,1,0,0,0,0,0,0,0,0,0,0,0,0,1,0,2.0,-26.125,1,0,19.04439926147461,23.89739990234375,1,0,-1.8538999557495117,28.0,2,0,0.3125,0.6875,2,0,0.3199999928474426,0.20000000298023224,3,0,0.0,0.0
27.654,46050,7850,2.616667,0,1.0166666507720947,50,0,2.5,-1,0,10,6,-1.0,-1.0,-1.0,-1.0,6235944,1,2,2,2,1,1,1,1,0,-4.769244194030762,12.015024185180664,-5.572972774505615,0,0,0,0.0,0,0,7,0,0.45328283309936523,8.914427757263184,1,0,0,0,0,0,0,0,0,0,0,0,0,1,0,2.0,-26.125,1,0,19.04439926147461,23.89739990234375,1,0,-1.8538999557495117,28.0,2,0,0.3125,0.6875,2,0,0.3199999928474426,0.20000000298023224,3,0,0.0,0.0
27.672,46100,7900,2.633333,0,1.0166666507720947,50,0,2.5,-1,0,10,6,-1.0,-1.0,-1.0,-1.0,6235944,1,2,2,2,1,1,1,1,0,-4.799116134643555,12.090928077697754,-5.6601643562316895,0,0,0,0.0,0,0,7,0,0.45328283309936523,8.914427757263184,1,0,0,0,0,0,0,0,0,0,0,0,0,1,0,2.0,-26.125,1,0,19.04439926147461,23.89739990234375,1,0,-1.8538999557495117,28.0,2,0,0.3125,0.6875,2,0,0.3199999928474426,0.20000000298023224,3,0,0.0,0.0
27.689,46150,7950,2.65,0,1.0166666507720947,50,0,2.5,-1,0,10,6,-1.0,-1.0,-1.0,-1.0,6235944,1,2,2,2,1,1,1,1,0,-4.827791213989258,12.16128158569336,-5.7454657554626465,0,0,0,0.0,0,0,7,0,0.45328283309936523,8.914427757263184,1,0,0,0,0,0,0,0,0,0,0,0,0,1,0,2.0,-26.125,1,0,19.04439926147461,23.89739990234375,1,0,-1.8538999557495117,28.0,2,0,0.3125,0.6875,2,0,0.3199999928474426,0.20000000298023224,3,0,0.0,0.0
27.706,46200,8000,2.666667,0,1.0166666507720947,50,0,2.5,-1,0,10,6,-1.0,-1.0,-1.0,-1.0,6235944,1,2,2,2,1,1,1,1,0,-4.854935169219971,12.228509902954102,-5.829692840576172,0,0,0,0.0,0,0,7,0,0.45328283309936523,8.914427757263184,1,0,0,0,0,0,0,0,0,0,0,0,0,1,0,2.0,-26.125,1,0,19.04439926147461,23.89739990234375,1,0,-1.8538999557495117,28.0,2,0,0.3125,0.6875,2,0,0.3199999928474426,0.20000000298023224,3,0,0.0,0.0
27.723,46250,8050,2.683333,0,1.0166666507720947,50,0,2.5,-1,0,10,6,-1.0,-1.0,-1.0,-1.0,6235944,1,2,2,2,1,1,1,1,0,-4.880707263946533,12.289304733276367,-5.9129228591918945,0,0,0,0.0,0,0,7,0,0.45328283309936523,8.914427757263184,1,0,0,0,0,0,0,0,0,0,0,0,0,1,0,2.0,-26.125,1,0,19.04439926147461,23.89739990234375,1,0,-1.8538999557495117,28.0,2,0,0.3125,0.6875,2,0,0.3199999928474426,0.20000000298023224,3,0,0.0,0.0
27.741,46300,8100,2.7,0,1.0166666507720947,50,0,2.5,-1,0,10,6,-1.0,-1.0,-1.0,-1.0,6235944,1,2,2,2,1,1,1,1,0,-4.9036736488342285,12.349623680114746,-5.992402076721191,0,0,0,0.0,0,0,7,0,0.45328283309936523,8.914427757263184,1,0,0,0,0,0,0,0,0,0,0,0,0,1,0,2.0,-26.125,1,0,19.04439926147461,23.89739990234375,1,0,-1.8538999557495117,28.0,2,0,0.3125,0.6875,2,0,0.3199999928474426,0.20000000298023224,3,0,0.0,0.0
27.758,46350,8150,2.716667,0,1.0166666507720947,50,0,2.5,-1,0,10,6,-1.0,-1.0,-1.0,-1.0,6235944,1,2,2,2,1,1,1,1,0,-4.927730083465576,12.404335021972656,-6.071340084075928,0,0,0,0.0,0,0,7,0,0.45328283309936523,8.914427757263184,1,0,0,0,0,0,0,0,0,0,0,0,0,1,0,2.0,-26.125,1,0,19.04439926147461,23.89739990234375,1,0,-1.8538999557495117,28.0,2,0,0.3125,0.6875,2,0,0.3199999928474426,0.20000000298023224,3,0,0.0,0.0
27.775,46400,8200,2.733333,0,1.0166666507720947,50,0,2.5,-1,0,10,6,-1.0,-1.0,-1.0,-1.0,6235944,1,2,2,2,1,1,1,1,0,-4.950643539428711,12.453937530517578,-6.1492838859558105,0,0,0,0.0,0,0,7,0,0.45328283309936523,8.914427757263184,1,0,0,0,0,0,0,0,0,0,0,0,0,1,0,2.0,-26.125,1,0,19.04439926147461,23.89739990234375,1,0,-1.8538999557495117,28.0,2,0,0.3125,0.6875,2,0,0.3199999928474426,0.20000000298023224,3,0,0.0,0.0
27.793,46450,8250,2.75,0,1.0166666507720947,50,0,2.5,-1,0,10,6,-1.0,-1.0,-1.0,-1.0,6235944,1,2,2,2,1,1,1,1,0,-4.972874641418457,12.49984073638916,-6.225122451782227,0,0,0,0.0,0,0,7,0,0.45328283309936523,8.914427757263184,1,0,0,0,0,0,0,0,0,0,0,0,0,1,0,2.0,-26.125,1,0,19.04439926147461,23.89739990234375,1,0,-1.8538999557495117,28.0,2,0,0.3125,0.6875,2,0,0.3199999928474426,0.20000000298023224,3,0,0.0,0.0
27.81,46500,8300,2.766667,0,1.0166666507720947,50,0,2.5,-1,0,10,6,-1.0,-1.0,-1.0,-1.0,6235944,1,2,2,2,1,1,1,1,0,-4.994480609893799,12.5421724319458,-6.298696517944336,0,0,0,0.0,0,0,7,0,0.45328283309936523,8.914427757263184,1,0,0,0,0,0,0,0,0,0,0,0,0,1,0,2.0,-26.125,1,0,19.04439926147461,23.89739990234375,1,0,-1.8538999557495117,28.0,2,0,0.3125,0.6875,2,0,0.3199999928474426,0.20000000298023224,3,0,0.0,0.0
27.827,46550,8350,2.783333,0,1.0166666507720947,50,0,2.5,-1,0,10,6,-1.0,-1.0,-1.0,-1.0,6235944,1,2,2,2,1,1,1,1,0,-5.0146684646606445,12.580046653747559,-6.371592998504639,0,0,0,0.0,0,0,7,0,0.45328283309936523,8.914427757263184,1,0,0,0,0,0,0,0,0,0,0,0,0,1,0,2.0,-26.125,1,0,19.04439926147461,23.89739990234375,1,0,-1.8538999557495117,28.0,2,0,0.3125,0.6875,2,0,0.3199999928474426,0.20000000298023224,3,0,0.0,0.0
27.844,46600,8400,2.8,0,1.0166666507720947,50,0,2.5,-1,0,10,6,-1.0,-1.0,-1.0,-1.0,6235944,1,2,2,2,1,1,1,1,0,-5.032266616821289,12.616086959838867,-6.440381050109863,0,0,0,0.0,0,0,7,0,0.45328283309936523,8.914427757263184,1,0,0,0,0,0,0,0,0,0,0,0,0,1,0,2.0,-26.125,1,0,19.04439926147461,23.89739990234375,1,0,-1.8538999557495117,28.0,2,0,0.3125,0.6875,2,0,0.3199999928474426,0.20000000298023224,3,0,0.0,0.0
27.861,46650,8450,2.816667,0,1.0166666507720947,50,0,2.5,-1,0,10,6,-1.0,-1.0,-1.0,-1.0,6235944,1,2,2,2,1,1,1,1,0,-5.0505523681640625,12.644774436950684,-6.509907245635986,0,0,0,0.0,0,0,7,0,0.45328283309936523,8.914427757263184,1,0,0,0,0,0,0,0,0,0,0,0,0,1,0,2.0,-26.125,1,0,19.04439926147461,23.89739990234375,1,0,-1.8538999557495117,28.0,2,0,0.3125,0.6875,2,0,0.3199999928474426,0.20000000298023224,3,0,0.0,0.0
27.879,46700,8500,2.833333,0,1.0166666507720947,50,0,2.5,-1,0,10,6,-1.0,-1.0,-1.0,-1.0,6235944,1,2,2,2,1,1,1,1,0,-5.0683183670043945,12.670119285583496,-6.577574253082275,0,0,0,0.0,0,0,7,0,0.45328283309936523,8.914427757263184,1,0,0,0,0,0,0,0,0,0,0,0,0,1,0,2.0,-26.125,1,0,19.04439926147461,23.89739990234375,1,0,-1.8538999557495117,28.0,2,0,0.3125,0.6875,2,0,0.3199999928474426,0.20000000298023224,3,0,0.0,0.0
27.896,46750,8550,2.85,0,1.0166666507720947,50,0,2.5,-1,0,10,6,-1.0,-1.0,-1.0,-1.0,6235944,1,2,2,2,1,1,1,1,0,-5.085515975952148,12.692397117614746,-6.643167972564697,0,0,0,0.0,0,0,7,0,0.45328283309936523,8.914427757263184,1,0,0,0,0,0,0,0,0,0,0,0,0,1,0,2.0,-26.125,1,0,19.04439926147461,23.89739990234375,1,0,-1.8538999557495117,28.0,2,0,0.3125,0.6875,2,0,0.3199999928474426,0.20000000298023224,3,0,0.0,0.0
27.914,46800,8600,2.866667,0,1.0166666507720947,50,0,2.5,-1,0,10,6,-1.0,-1.0,-1.0,-1.0,6235944,1,2,2,2,1,1,1,1,0,-5.102041721343994,12.715386390686035,-6.706928253173828,0,0,0,0.0,0,0,7,0,0.45328283309936523,8.914427757263184,1,0,0,0,0,0,0,0,0,0,0,0,0,1,0,2.0,-26.125,1,0,19.04439926147461,23.89739990234375,1,0,-1.8538999557495117,28.0,2,0,0.3125,0.6875,2,0,0.3199999928474426,0.20000000298023224,3,0,0.0,0.0
27.931,46850,8650,2.883333,0,1.0166666507720947,50,0,2.5,-1,0,10,6,-1.0,-1.0,-1.0,-1.0,6235944,1,2,2,2,1,1,1,1,0,-5.117575645446777,12.729157447814941,-6.769501209259033,0,0,0,0.0,0,0,7,0,0.45328283309936523,8.914427757263184,1,0,0,0,0,0,0,0,0,0,0,0,0,1,0,2.0,-26.125,1,0,19.04439926147461,23.89739990234375,1,0,-1.8538999557495117,28.0,2,0,0.3125,0.6875,2,0,0.3199999928474426,0.20000000298023224,3,0,0.0,0.0
27.948,46900,8700,2.9,0,1.0166666507720947,50,0,2.5,-1,0,10,6,-1.0,-1.0,-1.0,-1.0,6235944,1,2,2,2,1,1,1,1,0,-5.130624771118164,12.745022773742676,-6.828000068664551,0,0,0,0.0,0,0,7,0,0.45328283309936523,8.914427757263184,1,0,0,0,0,0,0,0,0,0,0,0,0,1,0,2.0,-26.125,1,0,19.04439926147461,23.89739990234375,1,0,-1.8538999557495117,28.0,2,0,0.3125,0.6875,2,0,0.3199999928474426,0.20000000298023224,3,0,0.0,0.0
27.966,46950,8750,2.916667,0,1.0166666507720947,50,0,2.5,-1,0,10,6,-1.0,-1.0,-1.0,-1.0,6235944,1,2,2,2,1,1,1,1,0,-5.144850254058838,12.75256061553955,-6.886699199676514,0,0,0,0.0,0,0,7,0,0.45328283309936523,8.914427757263184,1,0,0,0,0,0,0,0,0,0,0,0,0,1,0,2.0,-26.125,1,0,19.04439926147461,23.89739990234375,1,0,-1.8538999557495117,28.0,2,0,0.3125,0.6875,2,0,0.3199999928474426,0.20000000298023224,3,0,0.0,0.0
27.983,47000,8800,2.933333,0,1.0166666507720947,50,0,2.5,-1,0,10,6,-1.0,-1.0,-1.0,-1.0,6235944,1,2,2,2,1,1,1,1,0,-5.158391952514648,12.757081985473633,-6.944104194641113,0,0,0,0.0,0,0,7,0,0.45328283309936523,8.914427757263184,1,0,0,0,0,0,0,0,0,0,0,0,0,1,0,2.0,-26.125,1,0,19.04439926147461,23.89739990234375,1,0,-1.8538999557495117,28.0,2,0,0.3125,0.6875,2,0,0.3199999928474426,0.20000000298023224,3,0,0.0,0.0
28.001,47050,8850,2.95,0,1.0166666507720947,50,0,2.5,-1,0,10,6,-1.0,-1.0,-1.0,-1.0,6235944,1,2,2,2,1,1,1,1,0,-5.171201229095459,12.755912780761719,-7.000029563903809,0,0,0,0.0,0,0,7,0,0.45328283309936523,8.914427757263184,1,0,0,0,0,0,0,0,0,0,0,0,0,1,0,2.0,-26.125,1,0,19.04439926147461,23.89739990234375,1,0,-1.8538999557495117,28.0,2,0,0.3125,0.6875,2,0,0.3199999928474426,0.20000000298023224,3,0,0.0,0.0
28.018,47100,8900,2.966667,0,1.0166666507720947,50,0,2.5,-1,0,10,6,-1.0,-1.0,-1.0,-1.0,6235944,1,2,2,2,1,1,1,1,0,-5.185797691345215,12.755366325378418,-7.054568290710449,0,0,0,0.0,0,0,7,0,0.45328283309936523,8.914427757263184,1,0,0,0,0,0,0,0,0,0,0,0,0,1,0,2.0,-26.125,1,0,19.04439926147461,23.89739990234375,1,0,-1.8538999557495117,28.0,2,0,0.3125,0.6875,2,0,0.3199999928474426,0.20000000298023224,3,0,0.0,0.0
28.036,47150,8950,2.983333,0,1.0166666507720947,50,0,2.5,-1,0,10,6,-1.0,-1.0,-1.0,-1.0,6235944,1,2,2,2,1,1,1,1,0,-5.746347904205322,12.805800437927246,-7.482048988342285,0,0,0,0.0,0,0,7,0,0.45328283309936523,8.914427757263184,1,0,0,0,0,0,0,0,0,0,0,0,0,1,0,2.0,-26.125,1,0,19.04439926147461,23.89739990234375,1,0,-1.8538999557495117,28.0,2,0,0.3125,0.6875,2,0,0.3199999928474426,0.20000000298023224,3,0,0.0,0.0
28.053,47250,9050,3.016667,0,1.0166666507720947,50,0,2.5,-1,0,10,6,-1.0,-1.0,-1.0,-1.0,6235944,1,2,2,2,1,1,1,1,0,-5.846193313598633,12.806764602661133,-7.59700345993042,0,0,0,0.0,0,0,7,0,0.45328283309936523,8.914427757263184,1,0,0,0,0,0,0,0,0,0,0,0,0,1,0,2.0,-26.125,1,0,19.04439926147461,23.89739990234375,1,0,-1.8538999557495117,28.0,2,0,0.3125,0.6875,2,0,0.3199999928474426,0.20000000298023224,3,0,0.0,0.0
28.07,47300,9100,3.033333,0,1.0166666507720947,50,0,2.5,-1,0,10,6,-1.0,-1.0,-1.0,-1.0,6235944,1,2,2,2,1,1,1,1,0,-5.914369106292725,12.810952186584473,-7.707548141479492,0,0,0,0.0,0,0,7,0,0.45328283309936523,8.914427757263184,1,0,0,0,0,0,0,0,0,0,0,0,0,1,0,2.0,-26.125,1,0,19.04439926147461,23.89739990234375,1,0,-1.8538999557495117,28.0,2,0,0.3125,0.6875,2,0,0.3199999928474426,0.20000000298023224,3,0,0.0,0.0
28.087,47350,9150,3.05,0,1.0166666507720947,50,0,2.5,-1,0,10,6,-1.0,-1.0,-1.0,-1.0,6235944,1,2,2,2,1,1,1,1,0,-5.974987983703613,12.830317497253418,-7.843329906463623,0,0,0,0.0,0,0,7,0,0.45328283309936523,8.914427757263184,1,0,0,0,0,0,0,0,0,0,0,0,0,1,0,2.0,-26.125,1,0,19.04439926147461,23.89739990234375,1,0,-1.8538999557495117,28.0,2,0,0.3125,0.6875,2,0,0.3199999928474426,0.20000000298023224,3,0,0.0,0.0
28.104,47400,9200,3.066667,0,1.0166666507720947,50,0,2.5,-1,0,10,6,-1.0,-1.0,-1.0,-1.0,6235944,1,2,2,2,1,1,1,1,0,-6.033562660217285,12.85305404663086,-7.979524612426758,0,0,0,0.0,0,0,7,0,0.45328283309936523,8.914427757263184,1,0,0,0,0,0,0,0,0,0,0,0,0,1,0,2.0,-26.125,1,0,19.04439926147461,23.89739990234375,1,0,-1.8538999557495117,28.0,2,0,0.3125,0.6875,2,0,0.3199999928474426,0.20000000298023224,3,0,0.0,0.0
28.121,47450,9250,3.083333,0,1.0166666507720947,50,0,2.5,-1,0,10,6,-1.0,-1.0,-1.0,-1.0,6235944,1,2,2,2,1,1,1,1,0,-6.08883810043335,12.874755859375,-8.116464614868164,0,0,0,0.0,0,0,7,0,0.45328283309936523,8.914427757263184,1,0,0,0,0,0,0,0,0,0,0,0,0,1,0,2.0,-26.125,1,0,19.04439926147461,23.89739990234375,1,0,-1.8538999557495117,28.0,2,0,0.3125,0.6875,2,0,0.3199999928474426,0.20000000298023224,3,0,0.0,0.0
28.138,47500,9300,3.1,0,1.0166666507720947,50,0,2.5,-1,0,10,6,-1.0,-1.0,-1.0,-1.0,6235944,1,2,2,2,1,1,1,1,0,-6.139649868011475,12.897464752197266,-8.250406265258789,0,0,0,0.0,0,0,7,0,0.45328283309936523,8.914427757263184,1,0,0,0,0,0,0,0,0,0,0,0,0,1,0,2.0,-26.125,1,0,19.04439926147461,23.89739990234375,1,0,-1.8538999557495117,28.0,2,0,0.3125,0.6875,2,0,0.3199999928474426,0.20000000298023224,3,0,0.0,0.0
28.156,47550,9350,3.116667,0,1.0166666507720947,50,0,2.5,-1,0,10,6,-1.0,-1.0,-1.0,-1.0,6235944,1,2,2,2,1,1,1,1,0,-6.190186023712158,12.922755241394043,-8.38494873046875,0,0,0,0.0,0,0,7,0,0.45328283309936523,8.914427757263184,1,0,0,0,0,0,0,0,0,0,0,0,0,1,0,2.0,-26.125,1,0,19.04439926147461,23.89739990234375,1,0,-1.8538999557495117,28.0,2,0,0.3125,0.6875,2,0,0.3199999928474426,0.20000000298023224,3,0,0.0,0.0
28.173,47600,9400,3.133333,0,1.0166666507720947,50,0,2.5,-1,0,10,6,-1.0,-1.0,-1.0,-1.0,6235944,1,2,2,2,1,1,1,1,0,-6.238077640533447,12.94550609588623,-8.518758773803711,0,0,0,0.0,0,0,7,0,0.45328283309936523,8.914427757263184,1,0,0,0,0,0,0,0,0,0,0,0,0,1,0,2.0,-26.125,1,0,19.04439926147461,23.89739990234375,1,0,-1.8538999557495117,28.0,2,0,0.3125,0.6875,2,0,0.3199999928474426,0.20000000298023224,3,0,0.0,0.0
28.19,47650,9450,3.15,0,1.0166666507720947,50,0,2.5,-1,0,10,6,-1.0,-1.0,-1.0,-1.0,6235944,1,2,2,2,1,1,1,1,0,-6.283421039581299,12.968774795532227,-8.651226997375488,0,0,0,0.0,0,0,7,0,0.45328283309936523,8.914427757263184,1,0,0,0,0,0,0,0,0,0,0,0,0,1,0,2.0,-26.125,1,0,19.04439926147461,23.89739990234375,1,0,-1.8538999557495117,28.0,2,0,0.3125,0.6875,2,0,0.3199999928474426,0.20000000298023224,3,0,0.0,0.0
28.207,47700,9500,3.166667,0,1.0166666507720947,50,0,2.5,-1,0,10,6,-1.0,-1.0,-1.0,-1.0,6235944,1,2,2,2,1,1,1,1,0,-6.325215816497803,12.98989486694336,-8.783346176147461,0,0,0,0.0,0,0,7,0,0.45328283309936523,8.914427757263184,1,0,0,0,0,0,0,0,0,0,0,0,0,1,0,2.0,-26.125,1,0,19.04439926147461,23.89739990234375,1,0,-1.8538999557495117,28.0,2,0,0.3125,0.6875,2,0,0.3199999928474426,0.20000000298023224,3,0,0.0,0.0
28.225,47750,9550,3.183333,0,1.0166666507720947,50,0,2.5,-1,0,10,6,-1.0,-1.0,-1.0,-1.0,6235944,1,2,2,2,1,1,1,1,0,-6.365365028381348,13.009224891662598,-8.912571907043457,0,0,0,0.0,0,0,7,0,0.45328283309936523,8.914427757263184,1,0,0,0,0,0,0,0,0,0,0,0,0,1,0,2.0,-26.125,1,0,19.04439926147461,23.89739990234375,1,0,-1.8538999557495117,28.0,2,0,0.3125,0.6875,2,0,0.3199999928474426,0.20000000298023224,3,0,0.0,0.0
28.242,47800,9600,3.2,0,1.0166666507720947,50,0,2.5,-1,0,10,6,-1.0,-1.0,-1.0,-1.0,6235944,1,2,2,2,1,1,1,1,0,-6.399868488311768,13.0320405960083,-9.038771629333496,0,0,0,0.0,0,0,7,0,0.45328283309936523,8.914427757263184,1,0,0,0,0,0,0,0,0,0,0,0,0,1,0,2.0,-26.125,1,0,19.04439926147461,23.89739990234375,1,0,-1.8538999557495117,28.0,2,0,0.3125,0.6875,2,0,0.3199999928474426,0.20000000298023224,3,0,0.0,0.0
28.259,47850,9650,3.216667,0,1.0166666507720947,50,0,2.5,-1,0,10,6,-1.0,-1.0,-1.0,-1.0,6235944,1,2,2,2,1,1,1,1,0,-6.433342933654785,13.048269271850586,-9.165421485900879,0,0,0,0.0,0,0,7,0,0.45328283309936523,8.914427757263184,1,0,0,0,0,0,0,0,0,0,0,0,0,1,0,2.0,-26.125,1,0,19.04439926147461,23.89739990234375,1,0,-1.8538999557495117,28.0,2,0,0.3125,0.6875,2,0,0.3199999928474426,0.20000000298023224,3,0,0.0,0.0
28.276,47900,9700,3.233333,0,1.0166666507720947,50,0,2.5,-1,0,10,6,-1.0,-1.0,-1.0,-1.0,6235944,1,2,2,2,1,1,1,1,0,-6.46411657333374,13.059321403503418,-9.29019546508789,0,0,0,0.0,0,0,7,0,0.45328283309936523,8.914427757263184,1,0,0,0,0,0,0,0,0,0,0,0,0,1,0,2.0,-26.125,1,0,19.04439926147461,23.89739990234375,1,0,-1.8538999557495117,28.0,2,0,0.3125,0.6875,2,0,0.3199999928474426,0.20000000298023224,3,0,0.0,0.0
28.293,47950,9750,3.25,0,1.0166666507720947,50,0,2.5,-1,0,10,6,-1.0,-1.0,-1.0,-1.0,6235944,1,2,2,2,1,1,1,1,0,-6.353144645690918,13.090508460998535,-9.404458045959473,0,0,0,0.0,0,0,7,0,0.45328283309936523,8.914427757263184,1,0,0,0,0,0,0,0,0,0,0,0,0,1,0,2.0,-26.125,1,0,19.04439926147461,23.89739990234375,1,0,-1.8538999557495117,28.0,2,0,0.3125,0.6875,2,0,0.3199999928474426,0.20000000298023224,3,0,0.0,0.0
28.311,48000,9800,3.266667,0,1.0166666507720947,50,0,2.5,-1,0,10,6,-1.0,-1.0,-1.0,-1.0,6235944,1,2,2,2,1,1,1,1,0,-6.228698253631592,13.12123966217041,-9.514129638671875,0,0,0,0.0,0,0,7,0,0.45328283309936523,8.914427757263184,1,0,0,0,0,0,0,0,0,0,0,0,0,1,0,2.0,-26.125,1,0,19.04439926147461,23.89739990234375,1,0,-1.8538999557495117,28.0,2,0,0.3125,0.6875,2,0,0.3199999928474426,0.20000000298023224,3,0,0.0,0.0
28.328,48050,9850,3.283333,0,1.0166666507720947,50,0,2.5,-1,0,10,6,-1.0,-1.0,-1.0,-1.0,6235944,1,2,2,2,1,1,1,1,0,-6.099409103393555,13.144405364990234,-9.61999225616455,0,0,0,0.0,0,0,7,0,0.45328283309936523,8.914427757263184,1,0,0,0,0,0,0,0,0,0,0,0,0,1,0,2.0,-26.125,1,0,19.04439926147461,23.89739990234375,1,0,-1.8538999557495117,28.0,2,0,0.3125,0.6875,2,0,0.3199999928474426,0.20000000298023224,3,0,0.0,0.0
28.345,48100,9900,3.3,0,1.0166666507720947,50,0,2.5,-1,0,10,6,-1.0,-1.0,-1.0,-1.0,6235944,1,2,2,2,1,1,1,1,0,-5.965155601501465,13.172860145568848,-9.71873664855957,0,0,0,0.0,0,0,7,0,0.45328283309936523,8.914427757263184,1,0,0,0,0,0,0,0,0,0,0,0,0,1,0,2.0,-26.125,1,0,19.04439926147461,23.89739990234375,1,0,-1.8538999557495117,28.0,2,0,0.3125,0.6875,2,0,0.3199999928474426,0.20000000298023224,3,0,0.0,0.0
28.362,48150,9950,3.316667,0,1.0166666507720947,50,0,2.5,-1,0,10,6,-1.0,-1.0,-1.0,-1.0,6235944,1,2,2,2,1,1,1,1,0,-5.829796314239502,13.191527366638184,-9.81621265411377,0,0,0,0.0,0,0,7,0,0.45328283309936523,8.914427757263184,1,0,0,0,0,0,0,0,0,0,0,0,0,1,0,2.0,-26.125,1,0,19.04439926147461,23.89739990234375,1,0,-1.8538999557495117,28.0,2,0,0.3125,0.6875,2,0,0.3199999928474426,0.20000000298023224,3,0,0.0,0.0
28.38,48200,10000,3.333333,0,1.0166666507720947,50,0,2.5,-1,0,10,6,-1.0,-1.0,-1.0,-1.0,6235944,1,2,2,2,1,1,1,1,0,-5.692679405212402,13.211894035339355,-9.909570693969727,0,0,0,0.0,0,0,7,0,0.45328283309936523,8.914427757263184,1,0,0,0,0,0,0,0,0,0,0,0,0,1,0,2.0,-26.125,1,0,19.04439926147461,23.89739990234375,1,0,-1.8538999557495117,28.0,2,0,0.3125,0.6875,2,0,0.3199999928474426,0.20000000298023224,3,0,0.0,0.0
28.397,48250,10050,3.35,0,1.0166666507720947,50,0,2.5,-1,0,10,6,-1.0,-1.0,-1.0,-1.0,6235944,1,2,2,2,1,1,1,1,0,-5.553432941436768,13.22713851928711,-9.99954891204834,0,0,0,0.0,0,0,7,0,0.45328283309936523,8.914427757263184,1,0,0,0,0,0,0,0,0,0,0,0,0,1,0,2.0,-26.125,1,0,19.04439926147461,23.89739990234375,1,0,-1.8538999557495117,28.0,2,0,0.3125,0.6875,2,0,0.3199999928474426,0.20000000298023224,3,0,0.0,0.0
28.414,48300,10100,3.366667,0,1.0166666507720947,50,0,2.5,-1,0,10,6,-1.0,-1.0,-1.0,-1.0,6235944,1,2,2,2,1,1,1,1,0,-5.413981914520264,13.240062713623047,-10.08477783203125,0,0,0,0.0,0,0,7,0,0.45328283309936523,8.914427757263184,1,0,0,0,0,0,0,0,0,0,0,0,0,1,0,2.0,-26.125,1,0,19.04439926147461,23.89739990234375,1,0,-1.8538999557495117,28.0,2,0,0.3125,0.6875,2,0,0.3199999928474426,0.20000000298023224,3,0,0.0,0.0
28.431,48350,10150,3.383333,0,1.0166666507720947,50,0,2.5,-1,0,10,6,-1.0,-1.0,-1.0,-1.0,6235944,1,2,2,2,1,1,1,1,0,-5.274059295654297,13.253320693969727,-10.165936470031738,0,0,0,0.0,0,0,7,0,0.45328283309936523,8.914427757263184,1,0,0,0,0,0,0,0,0,0,0,0,0,1,0,2.0,-26.125,1,0,19.04439926147461,23.89739990234375,1,0,-1.8538999557495117,28.0,2,0,0.3125,0.6875,2,0,0.3199999928474426,0.20000000298023224,3,0,0.0,0.0
28.449,48400,10200,3.4,0,1.0166666507720947,50,0,2.5,-1,0,10,6,-1.0,-1.0,-1.0,-1.0,6235944,1,2,2,2,1,1,1,1,0,-5.133064270019531,13.266449928283691,-10.239400863647461,0,0,0,0.0,0,0,7,0,0.45328283309936523,8.914427757263184,1,0,0,0,0,0,0,0,0,0,0,0,0,1,0,2.0,-26.125,1,0,19.04439926147461,23.89739990234375,1,0,-1.8538999557495117,28.0,2,0,0.3125,0.6875,2,0,0.3199999928474426,0.20000000298023224,3,0,0.0,0.0
28.466,48450,10250,3.416667,0,1.0166666507720947,50,0,2.5,-1,0,10,6,-1.0,-1.0,-1.0,-1.0,6235944,1,2,2,2,1,1,1,1,0,-4.992133140563965,13.295085906982422,-10.344759941101074,0,0,0,0.0,0,0,7,0,0.45328283309936523,8.914427757263184,1,0,0,0,0,0,0,0,0,0,0,0,0,1,0,2.0,-26.125,1,0,19.04439926147461,23.89739990234375,1,0,-1.8538999557495117,28.0,2,0,0.3125,0.6875,2,0,0.3199999928474426,0.20000000298023224,3,0,0.0,0.0
28.483,48500,10300,3.433333,0,1.0166666507720947,50,0,2.5,-1,0,10,6,-1.0,-1.0,-1.0,-1.0,6235944,1,2,2,2,1,1,1,1,0,-4.846716403961182,13.343565940856934,-10.4815092086792,0,0,0,0.0,0,0,7,0,0.45328283309936523,8.914427757263184,1,0,0,0,0,0,0,0,0,0,0,0,0,1,0,2.0,-26.125,1,0,19.04439926147461,23.89739990234375,1,0,-1.8538999557495117,28.0,2,0,0.3125,0.6875,2,0,0.3199999928474426,0.20000000298023224,3,0,0.0,0.0
28.5,48550,10350,3.45,0,1.0166666507720947,50,0,2.5,-1,0,10,6,-1.0,-1.0,-1.0,-1.0,6235944,1,2,2,2,1,1,1,1,0,-4.696703910827637,13.399874687194824,-10.624141693115234,0,0,0,0.0,0,0,7,0,0.45328283309936523,8.914427757263184,1,0,0,0,0,0,0,0,0,0,0,0,0,1,0,2.0,-26.125,1,0,19.04439926147461,23.89739990234375,1,0,-1.8538999557495117,28.0,2,0,0.3125,0.6875,2,0,0.3199999928474426,0.20000000298023224,3,0,0.0,0.0
28.518,48600,10400,3.466667,0,1.0166666507720947,50,0,2.5,-1,0,10,6,-1.0,-1.0,-1.0,-1.0,6235944,1,2,2,2,1,1,1,1,0,-4.54439640045166,13.465226173400879,-10.769665718078613,0,0,0,0.0,0,0,7,0,0.45328283309936523,8.914427757263184,1,0,0,0,0,0,0,0,0,0,0,0,0,1,0,2.0,-26.125,1,0,19.04439926147461,23.89739990234375,1,0,-1.8538999557495117,28.0,2,0,0.3125,0.6875,2,0,0.3199999928474426,0.20000000298023224,3,0,0.0,0.0
28.535,48650,10450,3.483333,0,1.0166666507720947,50,0,2.5,-1,0,10,6,-1.0,-1.0,-1.0,-1.0,6235944,1,2,2,2,1,1,1,1,0,-4.655951976776123,13.372658729553223,-10.361809730529785,0,0,0,0.0,0,0,7,0,0.45328283309936523,8.914427757263184,1,0,0,0,0,0,0,0,0,0,0,0,0,1,0,2.0,-26.125,1,0,19.04439926147461,23.89739990234375,1,0,-1.8538999557495117,28.0,2,0,0.3125,0.6875,2,0,0.3199999928474426,0.20000000298023224,3,0,0.0,0.0
28.553,48750,10550,3.516667,0,1.0166666507720947,50,0,2.5,-1,0,10,6,-1.0,-1.0,-1.0,-1.0,6235944,1,2,2,2,1,1,1,1,0,-4.672092914581299,13.533411026000977,-10.65030574798584,0,0,0,0.0,0,0,7,0,0.45328283309936523,8.914427757263184,1,0,0,0,0,0,0,0,0,0,0,0,0,1,0,2.0,-26.125,1,0,19.04439926147461,23.89739990234375,1,0,-1.8538999557495117,28.0,2,0,0.3125,0.6875,2,0,0.3199999928474426,0.20000000298023224,3,0,0.0,0.0
28.57,48800,10600,3.533333,0,1.0166666507720947,50,0,2.5,-1,0,10,6,-1.0,-1.0,-1.0,-1.0,6235944,1,2,2,2,1,1,1,1,0,-4.677309989929199,13.615407943725586,-10.810745239257812,0,0,0,0.0,0,0,7,0,0.45328283309936523,8.914427757263184,1,0,0,0,0,0,0,0,0,0,0,0,0,1,0,2.0,-26.125,1,0,19.04439926147461,23.89739990234375,1,0,-1.8538999557495117,28.0,2,0,0.3125,0.6875,2,0,0.3199999928474426,0.20000000298023224,3,0,0.0,0.0
28.587,48850,10650,3.55,0,1.0166666507720947,50,0,2.5,-1,0,10,6,-1.0,-1.0,-1.0,-1.0,6235944,1,2,2,2,1,1,1,1,0,-4.679866313934326,13.698339462280273,-10.97346019744873,0,0,0,0.0,0,0,7,0,0.45328283309936523,8.914427757263184,1,0,0,0,0,0,0,0,0,0,0,0,0,1,0,2.0,-26.125,1,0,19.04439926147461,23.89739990234375,1,0,-1.8538999557495117,28.0,2,0,0.3125,0.6875,2,0,0.3199999928474426,0.20000000298023224,3,0,0.0,0.0
28.605,48900,10700,3.566667,0,1.0166666507720947,50,0,2.5,-1,0,10,6,-1.0,-1.0,-1.0,-1.0,6235944,1,2,2,2,1,1,1,1,0,-4.682201862335205,13.78365707397461,-11.13609504699707,0,0,0,0.0,0,0,7,0,0.45328283309936523,8.914427757263184,1,0,0,0,0,0,0,0,0,0,0,0,0,1,0,2.0,-26.125,1,0,19.04439926147461,23.89739990234375,1,0,-1.8538999557495117,28.0,2,0,0.3125,0.6875,2,0,0.3199999928474426,0.20000000298023224,3,0,0.0,0.0
28.622,48950,10750,3.583333,0,1.0166666507720947,50,0,2.5,-1,0,10,6,-1.0,-1.0,-1.0,-1.0,6235944,1,2,2,2,1,1,1,1,0,-4.683130741119385,13.86881160736084,-11.302266120910645,0,0,0,0.0,0,0,7,0,0.45328283309936523,8.914427757263184,1,0,0,0,0,0,0,0,0,0,0,0,0,1,0,2.0,-26.125,1,0,19.04439926147461,23.89739990234375,1,0,-1.8538999557495117,28.0,2,0,0.3125,0.6875,2,0,0.3199999928474426,0.20000000298023224,3,0,0.0,0.0
28.639,49000,10800,3.6,0,1.0166666507720947,50,0,2.5,-1,0,10,6,-1.0,-1.0,-1.0,-1.0,6235944,1,2,2,2,1,1,1,1,0,-4.68025541305542,13.967063903808594,-11.469049453735352,0,0,0,0.0,0,0,7,0,0.45328283309936523,8.914427757263184,1,0,0,0,0,0,0,0,0,0,0,0,0,1,0,2.0,-26.125,1,0,19.04439926147461,23.89739990234375,1,0,-1.8538999557495117,28.0,2,0,0.3125,0.6875,2,0,0.3199999928474426,0.20000000298023224,3,0,0.0,0.0
28.657,49050,10850,3.616667,0,1.0166666507720947,50,0,2.5,-1,0,10,6,-1.0,-1.0,-1.0,-1.0,6235944,1,2,2,2,1,1,1,1,0,-4.676761150360107,14.060473442077637,-11.643230438232422,0,0,0,0.0,0,0,7,0,0.45328283309936523,8.914427757263184,1,0,0,0,0,0,0,0,0,0,0,0,0,1,0,2.0,-26.125,1,0,19.04439926147461,23.89739990234375,1,0,-1.8538999557495117,28.0,2,0,0.3125,0.6875,2,0,0.3199999928474426,0.20000000298023224,3,0,0.0,0.0
28.674,49100,10900,3.633333,0,1.0166666507720947,50,0,2.5,-1,0,10,6,-1.0,-1.0,-1.0,-1.0,6235944,1,2,2,2,1,1,1,1,0,-4.672129154205322,14.163630485534668,-11.820175170898438,0,0,0,0.0,0,0,7,0,0.45328283309936523,8.914427757263184,1,0,0,0,0,0,0,0,0,0,0,0,0,1,0,2.0,-26.125,1,0,19.04439926147461,23.89739990234375,1,0,-1.8538999557495117,28.0,2,0,0.3125,0.6875,2,0,0.3199999928474426,0.20000000298023224,3,0,0.0,0.0
28.692,49150,10950,3.65,0,1.0166666507720947,50,0,2.5,-1,0,10,6,-1.0,-1.0,-1.0,-1.0,6235944,1,2,2,2,1,1,1,1,0,-4.6653642654418945,14.270156860351562,-12.000079154968262,0,0,0,0.0,0,0,7,0,0.45328283309936523,8.914427757263184,1,0,0,0,0,0,0,0,0,0,0,0,0,1,0,2.0,-26.125,1,0,19.04439926147461,23.89739990234375,1,0,-1.8538999557495117,28.0,2,0,0.3125,0.6875,2,0,0.3199999928474426,0.20000000298023224,3,0,0.0,0.0
28.709,49200,11000,3.666667,0,1.0166666507720947,50,0,2.5,-1,0,10,6,-1.0,-1.0,-1.0,-1.0,6235944,1,2,2,2,1,1,1,1,0,-4.6653265953063965,14.29814338684082,-12.175519943237305,0,0,0,0.0,0,0,7,0,0.45328283309936523,8.914427757263184,1,0,0,0,0,0,0,0,0,0,0,0,0,1,0,2.0,-26.125,1,0,19.04439926147461,23.89739990234375,1,0,-1.8538999557495117,28.0,2,0,0.3125,0.6875,2,0,0.3199999928474426,0.20000000298023224,3,0,0.0,0.0
28.726,49200,11000,3.666667,0,1.0166666507720947,50,0,2.5,-1,0,10,7,-1.0,-1.0,-1.0,-1.0,6235944,1,2,2,2,0,0,0,1,0,-4.6653265953063965,14.29814338684082,-12.175519943237305,0,0,0,0.0,0,0,7,0,0.45328283309936523,8.914427757263184,1,0,0,0,0,0,0,0,0,0,0,0,0,1,0,2.0,-26.125,1,0,19.04439926147461,23.89739990234375,1,0,-1.8538999557495117,28.0,2,0,0.3125,0.6875,2,0,0.3199999928474426,0.20000000298023224,3,0,0.0,0.0
28.743,49200,11000,3.666667,0,1.0166666507720947,50,0,2.5,-1,0,10,7,-1.0,-1.0,-1.0,-1.0,6235944,1,2,2,2,0,0,0,1,0,-4.6653265953063965,14.29814338684082,-12.175519943237305,0,0,0,0.0,0,0,7,0,0.45328283309936523,8.914427757263184,1,2,0,0,0,0,0,0,0,0,0,0,0,1,0,2.0,-26.125,1,0,19.04439926147461,23.89739990234375,1,0,-1.8538999557495117,28.0,2,0,0.3125,0.6875,2,0,0.3199999928474426,0.20000000298023224,3,0,0.0,0.0
28.761,49200,11000,3.666667,0,1.0166666507720947,50,0,2.5,-1,0,10,7,-1.0,-1.0,-1.0,-1.0,6235944,1,2,2,2,0,0,0,1,0,-4.6653265953063965,14.29814338684082,-12.175519943237305,0,0,0,0.0,0,0,7,0,0.45328283309936523,8.914427757263184,1,4,0,0,0,0,0,0,0,0,0,0,0,1,0,2.0,-26.125,1,0,19.04439926147461,23.89739990234375,1,0,-1.8538999557495117,28.0,2,0,0.3125,0.6875,2,0,0.3199999928474426,0.20000000298023224,3,0,0.0,0.0
28.778,49200,11000,3.666667,0,1.0166666507720947,50,0,2.5,-1,0,10,7,-1.0,-1.0,-1.0,-1.0,6235944,1,2,2,2,0,0,0,1,0,-4.6653265953063965,14.29814338684082,-12.175519943237305,0,0,0,0.0,0,0,7,0,0.45328283309936523,8.914427757263184,1,6,0,0,0,0,0,0,0,0,0,0,0,1,0,2.0,-26.125,1,0,19.04439926147461,23.89739990234375,1,0,-1.8538999557495117,28.0,2,0,0.3125,0.6875,2,0,0.3199999928474426,0.20000000298023224,3,0,0.0,0.0
28.795,49200,11000,3.666667,0,1.0166666507720947,50,0,2.5,-1,0,10,7,-1.0,-1.0,-1.0,-1.0,6235944,1,2,2,2,0,0,0,1,0,-4.6653265953063965,14.29814338684082,-12.175519943237305,0,0,0,0.0,0,0,7,0,0.45328283309936523,8.914427757263184,1,8,0,0,0,0,0,0,0,0,0,0,0,1,0,2.0,-26.125,1,0,19.04439926147461,23.89739990234375,1,0,-1.8538999557495117,28.0,2,0,0.3125,0.6875,2,0,0.3199999928474426,0.20000000298023224,3,0,0.0,0.0
28.813,49200,11000,3.666667,0,1.0166666507720947,50,0,2.5,-1,0,10,7,-1.0,-1.0,-1.0,-1.0,6235944,1,2,2,2,0,0,0,1,0,-4.6653265953063965,14.29814338684082,-12.175519943237305,0,0,0,0.0,0,0,7,0,0.45328283309936523,8.914427757263184,1,10,0,0,0,0,0,0,0,0,0,0,0,1,0,2.0,-26.125,1,0,19.04439926147461,23.89739990234375,1,0,-1.8538999557495117,28.0,2,0,0.3125,0.6875,2,0,0.3199999928474426,0.20000000298023224,3,0,0.0,0.0
28.83,49200,11000,3.666667,0,1.0166666507720947,50,0,2.5,-1,0,10,7,-1.0,-1.0,-1.0,-1.0,6235944,1,2,2,2,0,0,0,1,0,-4.6653265953063965,14.29814338684082,-12.175519943237305,0,0,0,0.0,0,0,7,0,0.45328283309936523,8.914427757263184,1,12,0,0,0,0,0,0,0,0,0,0,0,1,0,2.0,-26.125,1,0,19.04439926147461,23.89739990234375,1,0,-1.8538999557495117,28.0,2,0,0.3125,0.6875,2,0,0.3199999928474426,0.20000000298023224,3,0,0.0,0.0
28.848,49200,11000,3.666667,0,1.0166666507720947,50,0,2.5,-1,0,10,7,-1.0,-1.0,-1.0,-1.0,6235944,1,2,2,2,0,0,0,1,0,-4.6653265953063965,14.29814338684082,-12.175519943237305,0,0,0,0.0,0,0,7,0,0.45328283309936523,8.914427757263184,1,14,0,0,0,0,0,0,0,0,0,0,0,1,0,2.0,-26.125,1,0,19.04439926147461,23.89739990234375,1,0,-1.8538999557495117,28.0,2,0,0.3125,0.6875,2,0,0.3199999928474426,0.20000000298023224,3,0,0.0,0.0
28.865,49200,11000,3.666667,0,1.0166666507720947,50,0,2.5,-1,0,10,7,-1.0,-1.0,-1.0,-1.0,6235944,1,2,2,2,0,0,0,1,0,-4.6653265953063965,14.29814338684082,-12.175519943237305,0,0,0,0.0,0,0,7,0,0.45328283309936523,8.914427757263184,1,16,0,0,0,0,0,0,0,0,0,0,0,1,0,2.0,-26.125,1,0,19.04439926147461,23.89739990234375,1,0,-1.8538999557495117,28.0,2,0,0.3125,0.6875,2,0,0.3199999928474426,0.20000000298023224,3,0,0.0,0.0
28.882,49200,11000,3.666667,0,1.0166666507720947,50,0,2.5,-1,0,10,7,-1.0,-1.0,-1.0,-1.0,6235944,1,2,2,2,0,0,0,1,0,-4.6653265953063965,14.29814338684082,-12.175519943237305,0,0,0,0.0,0,0,7,0,0.45328283309936523,8.914427757263184,1,18,0,0,0,0,0,0,0,0,0,0,0,1,0,2.0,-26.125,1,0,19.04439926147461,23.89739990234375,1,0,-1.8538999557495117,28.0,2,0,0.3125,0.6875,2,0,0.3199999928474426,0.20000000298023224,3,0,0.0,0.0
28.9,49200,11000,3.666667,0,1.0166666507720947,50,0,2.5,-1,0,10,7,-1.0,-1.0,-1.0,-1.0,6235944,1,2,2,2,0,0,0,1,0,-4.6653265953063965,14.29814338684082,-12.175519943237305,0,0,0,0.0,0,0,7,0,0.45328283309936523,8.914427757263184,1,20,0,0,0,0,0,0,0,0,0,0,0,1,0,2.0,-26.125,1,0,19.04439926147461,23.89739990234375,1,0,-1.8538999557495117,28.0,2,0,0.3125,0.6875,2,0,0.3199999928474426,0.20000000298023224,3,0,0.0,0.0
28.918,49200,11000,3.666667,0,1.0166666507720947,50,0,2.5,-1,0,10,7,-1.0,-1.0,-1.0,-1.0,6235944,1,2,2,2,0,0,0,1,0,-4.6653265953063965,14.29814338684082,-12.175519943237305,0,0,0,0.0,0,0,7,0,0.45328283309936523,8.914427757263184,1,22,0,0,0,0,0,0,0,0,0,0,0,1,0,2.0,-26.125,1,0,19.04439926147461,23.89739990234375,1,0,-1.8538999557495117,28.0,2,0,0.3125,0.6875,2,0,0.3199999928474426,0.20000000298023224,3,0,0.0,0.0
28.935,49200,11000,3.666667,0,1.0166666507720947,50,0,2.5,-1,0,10,7,-1.0,-1.0,-1.0,-1.0,6235944,1,2,2,2,0,0,0,1,0,-4.6653265953063965,14.29814338684082,-12.175519943237305,0,0,0,0.0,0,0,7,0,0.45328283309936523,8.914427757263184,1,24,0,0,0,0,0,0,0,0,0,0,0,1,0,2.0,-26.125,1,0,19.04439926147461,23.89739990234375,1,0,-1.8538999557495117,28.0,2,0,0.3125,0.6875,2,0,0.3199999928474426,0.20000000298023224,3,0,0.0,0.0
28.953,49200,11000,3.666667,0,1.0166666507720947,50,0,2.5,-1,0,10,7,-1.0,-1.0,-1.0,-1.0,6235944,1,2,2,2,0,0,0,1,0,-4.6653265953063965,14.29814338684082,-12.175519943237305,0,0,0,0.0,0,0,7,0,0.45328283309936523,8.914427757263184,1,28,0,0,0,0,0,0,0,0,0,0,0,1,0,2.0,-26.125,1,0,19.04439926147461,23.89739990234375,1,0,-1.8538999557495117,28.0,2,0,0.3125,0.6875,2,0,0.3199999928474426,0.20000000298023224,3,0,0.0,0.0
28.97,49200,11000,3.666667,0,1.0166666507720947,50,0,2.5,-1,0,10,7,-1.0,-1.0,-1.0,-1.0,6235944,1,2,2,2,0,0,0,1,0,-4.6653265953063965,14.29814338684082,-12.175519943237305,0,0,0,0.0,0,0,7,0,0.45328283309936523,8.914427757263184,1,30,0,0,0,0,0,0,0,0,0,0,0,1,0,2.0,-26.125,1,0,19.04439926147461,23.89739990234375,1,0,-1.8538999557495117,28.0,2,0,0.3125,0.6875,2,0,0.3199999928474426,0.20000000298023224,3,0,0.0,0.0
28.987,49200,11000,3.666667,0,1.0166666507720947,50,0,2.5,-1,0,10,7,-1.0,-1.0,-1.0,-1.0,6235944,1,2,2,2,0,0,0,1,0,-4.6653265953063965,14.29814338684082,-12.175519943237305,0,0,0,0.0,0,0,7,0,0.45328283309936523,8.914427757263184,1,32,0,0,0,0,0,0,0,0,0,0,0,1,0,2.0,-26.125,1,0,19.04439926147461,23.89739990234375,1,0,-1.8538999557495117,28.0,2,0,0.3125,0.6875,2,0,0.3199999928474426,0.20000000298023224,3,0,0.0,0.0
29.005,49200,11000,3.666667,0,1.0166666507720947,50,0,2.5,-1,0,10,7,-1.0,-1.0,-1.0,-1.0,6235944,1,2,2,2,0,0,0,1,0,-4.6653265953063965,14.29814338684082,-12.175519943237305,0,0,0,0.0,0,0,7,0,0.45328283309936523,8.914427757263184,1,34,0,0,0,0,0,0,0,0,0,0,0,1,0,2.0,-26.125,1,0,19.04439926147461,23.89739990234375,1,0,-1.8538999557495117,28.0,2,0,0.3125,0.6875,2,0,0.3199999928474426,0.20000000298023224,3,0,0.0,0.0
29.022,49200,11000,3.666667,0,1.0166666507720947,50,0,2.5,-1,0,10,7,-1.0,-1.0,-1.0,-1.0,6235944,1,2,2,2,0,0,0,1,0,-4.6653265953063965,14.29814338684082,-12.175519943237305,0,0,0,0.0,0,0,7,0,0.45328283309936523,8.914427757263184,1,36,0,0,0,0,0,0,0,0,0,0,0,1,0,2.0,-26.125,1,0,19.04439926147461,23.89739990234375,1,0,-1.8538999557495117,28.0,2,0,0.3125,0.6875,2,0,0.3199999928474426,0.20000000298023224,3,0,0.0,0.0
29.039,49200,11000,3.666667,0,1.0166666507720947,50,0,2.5,-1,0,10,7,-1.0,-1.0,-1.0,-1.0,6235944,1,2,2,2,0,0,0,1,0,-4.6653265953063965,14.29814338684082,-12.175519943237305,0,0,0,0.0,0,0,7,0,0.45328283309936523,8.914427757263184,1,38,0,0,0,0,0,0,0,0,0,0,0,1,0,2.0,-26.125,1,0,19.04439926147461,23.89739990234375,1,0,-1.8538999557495117,28.0,2,0,0.3125,0.6875,2,0,0.3199999928474426,0.20000000298023224,3,0,0.0,0.0
29.057,49200,11000,3.666667,0,1.0166666507720947,50,0,2.5,-1,0,10,7,-1.0,-1.0,-1.0,-1.0,6235944,1,2,2,2,0,0,0,1,0,-4.6653265953063965,14.29814338684082,-12.175519943237305,0,0,0,0.0,0,0,7,0,0.45328283309936523,8.914427757263184,1,40,0,0,0,0,0,0,0,0,0,0,0,1,0,2.0,-26.125,1,0,19.04439926147461,23.89739990234375,1,0,-1.8538999557495117,28.0,2,0,0.3125,0.6875,2,0,0.3199999928474426,0.20000000298023224,3,0,0.0,0.0
29.074,49200,11000,3.666667,0,1.0166666507720947,50,0,2.5,-1,0,10,7,-1.0,-1.0,-1.0,-1.0,6235944,1,2,2,2,0,0,0,1,0,-4.6653265953063965,14.29814338684082,-12.175519943237305,0,0,0,0.0,0,0,7,0,0.45328283309936523,8.914427757263184,1,42,0,0,0,0,0,0,0,0,0,0,0,1,0,2.0,-26.125,1,0,19.04439926147461,23.89739990234375,1,0,-1.8538999557495117,28.0,2,0,0.3125,0.6875,2,0,0.3199999928474426,0.20000000298023224,3,0,0.0,0.0
29.092,49200,11000,3.666667,0,1.0166666507720947,50,0,2.5,-1,0,10,7,-1.0,-1.0,-1.0,-1.0,6235944,1,2,2,2,0,0,0,1,0,-4.6653265953063965,14.29814338684082,-12.175519943237305,0,0,0,0.0,0,0,7,0,0.45328283309936523,8.914427757263184,1,44,0,0,0,0,0,0,0,0,0,0,0,1,0,2.0,-26.125,1,0,19.04439926147461,23.89739990234375,1,0,-1.8538999557495117,28.0,2,0,0.3125,0.6875,2,0,0.3199999928474426,0.20000000298023224,3,0,0.0,0.0
29.109,49200,11000,3.666667,0,1.0166666507720947,50,0,2.5,-1,0,10,7,-1.0,-1.0,-1.0,-1.0,6235944,1,2,2,2,0,0,0,1,0,-4.6653265953063965,14.29814338684082,-12.175519943237305,0,0,0,0.0,0,0,7,0,0.45328283309936523,8.914427757263184,1,46,0,0,0,0,0,0,0,0,0,0,0,1,0,2.0,-26.125,1,0,19.04439926147461,23.89739990234375,1,0,-1.8538999557495117,28.0,2,0,0.3125,0.6875,2,0,0.3199999928474426,0.20000000298023224,3,0,0.0,0.0
29.126,49200,11000,3.666667,0,1.0166666507720947,50,0,2.5,-1,0,10,7,-1.0,-1.0,-1.0,-1.0,6235944,1,2,2,2,0,0,0,1,0,-4.6653265953063965,14.29814338684082,-12.175519943237305,0,0,0,0.0,0,0,7,0,0.45328283309936523,8.914427757263184,1,48,0,0,0,0,0,0,0,0,0,0,0,1,0,2.0,-26.125,1,0,19.04439926147461,23.89739990234375,1,0,-1.8538999557495117,28.0,2,0,0.3125,0.6875,2,0,0.3199999928474426,0.20000000298023224,3,0,0.0,0.0
29.143,49200,11000,3.666667,0,1.0166666507720947,50,0,2.5,-1,0,10,7,-1.0,-1.0,-1.0,-1.0,6235944,1,2,2,2,0,0,0,1,0,-4.6653265953063965,14.29814338684082,-12.175519943237305,0,0,0,0.0,0,0,7,0,0.45328283309936523,8.914427757263184,1,50,0,0,0,0,0,0,0,0,0,0,0,1,0,2.0,-26.125,1,0,19.04439926147461,23.89739990234375,1,0,-1.8538999557495117,28.0,2,0,0.3125,0.6875,2,0,0.3199999928474426,0.20000000298023224,3,0,0.0,0.0
29.161,49200,11000,3.666667,0,1.0166666507720947,50,0,2.5,-1,0,10,7,-1.0,-1.0,-1.0,-1.0,6235944,1,2,2,2,0,0,0,1,0,-4.6653265953063965,14.29814338684082,-12.175519943237305,0,0,0,0.0,0,0,7,0,0.45328283309936523,8.914427757263184,1,52,0,0,0,0,0,0,0,0,0,0,0,1,0,2.0,-26.125,1,0,19.04439926147461,23.89739990234375,1,0,-1.8538999557495117,28.0,2,0,0.3125,0.6875,2,0,0.3199999928474426,0.20000000298023224,3,0,0.0,0.0
29.178,49200,11000,3.666667,0,1.0166666507720947,50,0,2.5,-1,0,10,7,-1.0,-1.0,-1.0,-1.0,6235944,1,2,2,2,0,0,0,1,0,-4.6653265953063965,14.29814338684082,-12.175519943237305,0,0,0,0.0,0,0,7,0,0.45328283309936523,8.914427757263184,1,54,0,0,0,0,0,0,0,0,0,0,0,1,0,2.0,-26.125,1,0,19.04439926147461,23.89739990234375,1,0,-1.8538999557495117,28.0,2,0,0.3125,0.6875,2,0,0.3199999928474426,0.20000000298023224,3,0,0.0,0.0
29.195,49200,11000,3.666667,0,1.0166666507720947,50,0,2.5,-1,0,10,7,-1.0,-1.0,-1.0,-1.0,6235944,1,2,2,2,0,0,0,1,0,-4.6653265953063965,14.29814338684082,-12.175519943237305,0,0,0,0.0,0,0,7,0,0.45328283309936523,8.914427757263184,1,56,0,0,0,0,0,0,0,0,0,0,0,1,0,2.0,-26.125,1,0,19.04439926147461,23.89739990234375,1,0,-1.8538999557495117,28.0,2,0,0.3125,0.6875,2,0,0.3199999928474426,0.20000000298023224,3,0,0.0,0.0
29.213,49200,11000,3.666667,0,1.0166666507720947,50,0,2.5,-1,0,10,7,-1.0,-1.0,-1.0,-1.0,6235944,1,2,2,2,0,0,0,1,0,-4.6653265953063965,14.29814338684082,-12.175519943237305,0,0,0,0.0,0,0,7,0,0.45328283309936523,8.914427757263184,1,58,0,0,0,0,0,0,0,0,0,0,0,1,0,2.0,-26.125,1,0,19.04439926147461,23.89739990234375,1,0,-1.8538999557495117,28.0,2,0,0.3125,0.6875,2,0,0.3199999928474426,0.20000000298023224,3,0,0.0,0.0
29.23,49200,11000,3.666667,0,1.0166666507720947,50,0,2.5,-1,0,10,7,-1.0,-1.0,-1.0,-1.0,6235944,1,2,2,2,0,0,0,1,0,-4.6653265953063965,14.29814338684082,-12.175519943237305,0,0,0,0.0,0,0,7,0,0.45328283309936523,8.914427757263184,1,60,0,0,0,0,0,0,0,0,0,0,0,1,0,2.0,-26.125,1,0,19.04439926147461,23.89739990234375,1,0,-1.8538999557495117,28.0,2,0,0.3125,0.6875,2,0,0.3199999928474426,0.20000000298023224,3,0,0.0,0.0
29.248,49200,11000,3.666667,0,1.0166666507720947,50,0,2.5,-1,0,10,7,-1.0,-1.0,-1.0,-1.0,6235944,1,2,2,2,0,0,0,1,0,-4.6653265953063965,14.29814338684082,-12.175519943237305,0,0,0,0.0,0,0,7,0,0.45328283309936523,8.914427757263184,1,62,0,0,0,0,0,0,0,0,0,0,0,1,0,2.0,-26.125,1,0,19.04439926147461,23.89739990234375,1,0,-1.8538999557495117,28.0,2,0,0.3125,0.6875,2,0,0.3199999928474426,0.20000000298023224,3,0,0.0,0.0
29.265,49200,11000,3.666667,0,1.0166666507720947,50,0,2.5,-1,0,10,7,-1.0,-1.0,-1.0,-1.0,6235944,1,2,2,2,0,0,0,1,0,-4.6653265953063965,14.29814338684082,-12.175519943237305,0,0,0,0.0,0,0,7,0,0.45328283309936523,8.914427757263184,1,64,0,0,0,0,0,0,0,0,0,0,0,1,0,2.0,-26.125,1,0,19.04439926147461,23.89739990234375,1,0,-1.8538999557495117,28.0,2,0,0.3125,0.6875,2,0,0.3199999928474426,0.20000000298023224,3,0,0.0,0.0
29.282,49200,11000,3.666667,0,1.0166666507720947,50,0,2.5,-1,0,10,7,-1.0,-1.0,-1.0,-1.0,6235944,1,2,2,2,0,0,0,1,0,-4.6653265953063965,14.29814338684082,-12.175519943237305,0,0,0,0.0,0,0,7,0,0.45328283309936523,8.914427757263184,1,66,0,0,0,0,0,0,0,0,0,0,0,1,0,2.0,-26.125,1,0,19.04439926147461,23.89739990234375,1,0,-1.8538999557495117,28.0,2,0,0.3125,0.6875,2,0,0.3199999928474426,0.20000000298023224,3,0,0.0,0.0
29.3,49200,11000,3.666667,0,1.0166666507720947,50,0,2.5,-1,0,10,7,-1.0,-1.0,-1.0,-1.0,6235944,1,2,2,2,0,0,0,1,0,-4.6653265953063965,14.29814338684082,-12.175519943237305,0,0,0,0.0,0,0,7,0,0.45328283309936523,8.914427757263184,1,68,0,0,0,0,0,0,0,0,0,0,0,1,0,2.0,-26.125,1,0,19.04439926147461,23.89739990234375,1,0,-1.8538999557495117,28.0,2,0,0.3125,0.6875,2,0,0.3199999928474426,0.20000000298023224,3,0,0.0,0.0
29.317,49200,11000,3.666667,0,1.0166666507720947,50,0,2.5,-1,0,10,7,-1.0,-1.0,-1.0,-1.0,6235944,1,2,2,2,0,0,0,1,0,-4.6653265953063965,14.29814338684082,-12.175519943237305,0,0,0,0.0,0,0,7,0,0.45328283309936523,8.914427757263184,1,70,0,0,0,0,0,0,0,0,0,0,0,1,0,2.0,-26.125,1,0,19.04439926147461,23.89739990234375,1,0,-1.8538999557495117,28.0,2,0,0.3125,0.6875,2,0,0.3199999928474426,0.20000000298023224,3,0,0.0,0.0
29.335,49200,11000,3.666667,0,1.0166666507720947,50,0,2.5,-1,0,10,7,-1.0,-1.0,-1.0,-1.0,6235944,1,2,2,2,0,0,0,1,0,-4.6653265953063965,14.29814338684082,-12.175519943237305,0,0,0,0.0,0,0,7,0,0.45328283309936523,8.914427757263184,1,72,0,0,0,0,0,0,0,0,0,0,0,1,0,2.0,-26.125,1,0,19.04439926147461,23.89739990234375,1,0,-1.8538999557495117,28.0,2,0,0.3125,0.6875,2,0,0.3199999928474426,0.20000000298023224,3,0,0.0,0.0
29.352,49200,11000,3.666667,0,1.0166666507720947,50,0,2.5,-1,0,10,7,-1.0,-1.0,-1.0,-1.0,6235944,1,2,2,2,0,0,0,1,0,-4.6653265953063965,14.29814338684082,-12.175519943237305,0,0,0,0.0,0,0,7,0,0.45328283309936523,8.914427757263184,1,76,0,0,0,0,0,0,0,0,0,0,0,1,0,2.0,-26.125,1,0,19.04439926147461,23.89739990234375,1,0,-1.8538999557495117,28.0,2,0,0.3125,0.6875,2,0,0.3199999928474426,0.20000000298023224,3,0,0.0,0.0
29.37,49200,11000,3.666667,0,1.0166666507720947,50,0,2.5,-1,0,10,7,-1.0,-1.0,-1.0,-1.0,6235944,1,2,2,2,0,0,0,1,0,-4.6653265953063965,14.29814338684082,-12.175519943237305,0,0,0,0.0,0,0,7,0,0.45328283309936523,8.914427757263184,1,78,0,0,0,0,0,0,0,0,0,0,0,1,0,2.0,-26.125,1,0,19.04439926147461,23.89739990234375,1,0,-1.8538999557495117,28.0,2,0,0.3125,0.6875,2,0,0.3199999928474426,0.20000000298023224,3,0,0.0,0.0
29.387,49200,11000,3.666667,0,1.0166666507720947,50,0,2.5,-1,0,10,7,-1.0,-1.0,-1.0,-1.0,6235944,1,2,2,2,0,0,0,1,0,-4.6653265953063965,14.29814338684082,-12.175519943237305,0,0,0,0.0,0,0,7,0,0.45328283309936523,8.914427757263184,1,80,0,0,0,0,0,0,0,0,0,0,0,1,0,2.0,-26.125,1,0,19.04439926147461,23.89739990234375,1,0,-1.8538999557495117,28.0,2,0,0.3125,0.6875,2,0,0.3199999928474426,0.20000000298023224,3,0,0.0,0.0
29.404,49200,11000,3.666667,0,1.0166666507720947,50,0,2.5,-1,0,10,7,-1.0,-1.0,-1.0,-1.0,6235944,1,2,2,2,0,0,0,1,0,-4.6653265953063965,14.29814338684082,-12.175519943237305,0,0,0,0.0,0,0,7,0,0.45328283309936523,8.914427757263184,1,82,0,0,0,0,0,0,0,0,0,0,0,1,0,2.0,-26.125,1,0,19.04439926147461,23.89739990234375,1,0,-1.8538999557495117,28.0,2,0,0.3125,0.6875,2,0,0.3199999928474426,0.20000000298023224,3,0,0.0,0.0
29.422,49200,11000,3.666667,0,1.0166666507720947,50,0,2.5,-1,0,10,7,-1.0,-1.0,-1.0,-1.0,6235944,1,2,2,2,0,0,0,1,0,-4.6653265953063965,14.29814338684082,-12.175519943237305,0,0,0,0.0,0,0,7,0,0.45328283309936523,8.914427757263184,1,84,0,0,0,0,0,0,0,0,0,0,0,1,0,2.0,-26.125,1,0,19.04439926147461,23.89739990234375,1,0,-1.8538999557495117,28.0,2,0,0.3125,0.6875,2,0,0.3199999928474426,0.20000000298023224,3,0,0.0,0.0
29.439,49200,11000,3.666667,0,1.0166666507720947,50,0,2.5,-1,0,10,7,-1.0,-1.0,-1.0,-1.0,6235944,1,2,2,2,0,0,0,1,0,-4.6653265953063965,14.29814338684082,-12.175519943237305,0,0,0,0.0,0,0,7,0,0.45328283309936523,8.914427757263184,1,86,0,0,0,0,0,0,0,0,0,0,0,1,0,2.0,-26.125,1,0,19.04439926147461,23.89739990234375,1,0,-1.8538999557495117,28.0,2,0,0.3125,0.6875,2,0,0.3199999928474426,0.20000000298023224,3,0,0.0,0.0
29.457,49200,11000,3.666667,0,1.0166666507720947,50,0,2.5,-1,0,10,7,-1.0,-1.0,-1.0,-1.0,6235944,1,2,2,2,0,0,0,1,0,-4.6653265953063965,14.29814338684082,-12.175519943237305,0,0,0,0.0,0,0,7,0,0.45328283309936523,8.914427757263184,1,88,0,0,0,0,0,0,0,0,0,0,0,1,0,2.0,-26.125,1,0,19.04439926147461,23.89739990234375,1,0,-1.8538999557495117,28.0,2,0,0.3125,0.6875,2,0,0.3199999928474426,0.20000000298023224,3,0,0.0,0.0
29.474,49200,11000,3.666667,0,1.0166666507720947,50,0,2.5,-1,0,10,7,-1.0,-1.0,-1.0,-1.0,6235944,1,2,2,2,0,0,0,1,0,-4.6653265953063965,14.29814338684082,-12.175519943237305,0,0,0,0.0,0,0,7,0,0.45328283309936523,8.914427757263184,1,90,0,0,0,0,0,0,0,0,0,0,0,1,0,2.0,-26.125,1,0,19.04439926147461,23.89739990234375,1,0,-1.8538999557495117,28.0,2,0,0.3125,0.6875,2,0,0.3199999928474426,0.20000000298023224,3,0,0.0,0.0
29.491,49200,11000,3.666667,0,1.0166666507720947,50,0,2.5,-1,0,10,7,-1.0,-1.0,-1.0,-1.0,6235944,1,2,2,2,0,0,0,1,0,-4.6653265953063965,14.29814338684082,-12.175519943237305,0,0,0,0.0,0,0,7,0,0.45328283309936523,8.914427757263184,1,92,0,0,0,0,0,0,0,0,0,0,0,1,0,2.0,-26.125,1,0,19.04439926147461,23.89739990234375,1,0,-1.8538999557495117,28.0,2,0,0.3125,0.6875,2,0,0.3199999928474426,0.20000000298023224,3,0,0.0,0.0
29.509,49200,11000,3.666667,0,1.0166666507720947,50,0,2.5,-1,0,10,7,-1.0,-1.0,-1.0,-1.0,6235944,1,2,2,2,0,0,0,1,0,-4.6653265953063965,14.29814338684082,-12.175519943237305,0,0,0,0.0,0,0,7,0,0.45328283309936523,8.914427757263184,1,94,0,0,0,0,0,0,0,0,0,0,0,1,0,2.0,-26.125,1,0,19.04439926147461,23.89739990234375,1,0,-1.8538999557495117,28.0,2,0,0.3125,0.6875,2,0,0.3199999928474426,0.20000000298023224,3,0,0.0,0.0
29.526,49200,11000,3.666667,0,1.0166666507720947,50,0,2.5,-1,0,10,7,-1.0,-1.0,-1.0,-1.0,6235944,1,2,2,2,0,0,0,1,0,-4.6653265953063965,14.29814338684082,-12.175519943237305,0,0,0,0.0,0,0,7,0,0.45328283309936523,8.914427757263184,1,96,0,0,0,0,0,0,0,0,0,0,0,1,0,2.0,-26.125,1,0,19.04439926147461,23.89739990234375,1,0,-1.8538999557495117,28.0,2,0,0.3125,0.6875,2,0,0.3199999928474426,0.20000000298023224,3,0,0.0,0.0
29.543,49200,11000,3.666667,0,1.0166666507720947,50,0,2.5,-1,0,10,7,-1.0,-1.0,-1.0,-1.0,6235944,1,2,2,2,0,0,0,1,0,-4.6653265953063965,14.29814338684082,-12.175519943237305,0,0,0,0.0,0,0,7,0,0.45328283309936523,8.914427757263184,1,98,0,0,0,0,0,0,0,0,0,0,0,1,0,2.0,-26.125,1,0,19.04439926147461,23.89739990234375,1,0,-1.8538999557495117,28.0,2,0,0.3125,0.6875,2,0,0.3199999928474426,0.20000000298023224,3,0,0.0,0.0
29.561,49200,11000,3.666667,0,1.0166666507720947,50,0,2.5,-1,0,10,7,-1.0,-1.0,-1.0,-1.0,6235944,1,2,2,2,0,0,0,1,0,-4.6653265953063965,14.29814338684082,-12.175519943237305,0,0,0,0.0,0,0,7,0,0.45328283309936523,8.914427757263184,1,100,0,0,0,0,0,0,0,0,0,0,0,1,0,2.0,-26.125,1,0,19.04439926147461,23.89739990234375,1,0,-1.8538999557495117,28.0,2,0,0.3125,0.6875,2,0,0.3199999928474426,0.20000000298023224,3,0,0.0,0.0
29.578,49200,11000,3.666667,0,1.0166666507720947,50,0,2.5,-1,0,10,7,-1.0,-1.0,-1.0,-1.0,6235944,1,2,2,2,0,0,0,1,0,-4.6653265953063965,14.29814338684082,-12.175519943237305,0,0,0,0.0,0,0,7,0,0.45328283309936523,8.914427757263184,1,102,0,0,0,0,0,0,0,0,0,0,0,1,0,2.0,-26.125,1,0,19.04439926147461,23.89739990234375,1,0,-1.8538999557495117,28.0,2,0,0.3125,0.6875,2,0,0.3199999928474426,0.20000000298023224,3,0,0.0,0.0
29.595,49200,11000,3.666667,0,1.0166666507720947,50,0,2.5,-1,0,10,7,-1.0,-1.0,-1.0,-1.0,6235944,1,2,2,2,0,0,0,1,0,-4.6653265953063965,14.29814338684082,-12.175519943237305,0,0,0,0.0,0,0,7,0,0.45328283309936523,8.914427757263184,1,104,0,0,0,0,0,0,0,0,0,0,0,1,0,2.0,-26.125,1,0,19.04439926147461,23.89739990234375,1,0,-1.8538999557495117,28.0,2,0,0.3125,0.6875,2,0,0.3199999928474426,0.20000000298023224,3,0,0.0,0.0
29.613,49200,11000,3.666667,0,1.0166666507720947,50,0,2.5,-1,0,10,7,-1.0,-1.0,-1.0,-1.0,6235944,1,2,2,2,0,0,0,1,0,-4.6653265953063965,14.29814338684082,-12.175519943237305,0,0,0,0.0,0,0,7,0,0.45328283309936523,8.914427757263184,1,106,0,0,0,0,0,0,0,0,0,0,0,1,0,2.0,-26.125,1,0,19.04439926147461,23.89739990234375,1,0,-1.8538999557495117,28.0,2,0,0.3125,0.6875,2,0,0.3199999928474426,0.20000000298023224,3,0,0.0,0.0
29.63,49200,11000,3.666667,0,1.0166666507720947,50,0,2.5,-1,0,10,7,-1.0,-1.0,-1.0,-1.0,6235944,1,2,2,2,0,0,0,1,0,-4.6653265953063965,14.29814338684082,-12.175519943237305,0,0,0,0.0,0,0,7,0,0.45328283309936523,8.914427757263184,1,108,0,0,0,0,0,0,0,0,0,0,0,1,0,2.0,-26.125,1,0,19.04439926147461,23.89739990234375,1,0,-1.8538999557495117,28.0,2,0,0.3125,0.6875,2,0,0.3199999928474426,0.20000000298023224,3,0,0.0,0.0
29.647,49200,11000,3.666667,0,1.0166666507720947,50,0,2.5,-1,0,10,7,-1.0,-1.0,-1.0,-1.0,6235944,1,2,2,2,0,0,0,1,0,-4.6653265953063965,14.29814338684082,-12.175519943237305,0,0,0,0.0,0,0,7,0,0.45328283309936523,8.914427757263184,1,110,0,0,0,0,0,0,0,0,0,0,0,1,0,2.0,-26.125,1,0,19.04439926147461,23.89739990234375,1,0,-1.8538999557495117,28.0,2,0,0.3125,0.6875,2,0,0.3199999928474426,0.20000000298023224,3,0,0.0,0.0
29.665,49200,11000,3.666667,0,1.0166666507720947,50,0,2.5,-1,0,10,7,-1.0,-1.0,-1.0,-1.0,6235944,1,2,2,2,0,0,0,1,0,-4.6653265953063965,14.29814338684082,-12.175519943237305,0,0,0,0.0,0,0,7,0,0.45328283309936523,8.914427757263184,1,112,0,0,0,0,0,0,0,0,0,0,0,1,0,2.0,-26.125,1,0,19.04439926147461,23.89739990234375,1,0,-1.8538999557495117,28.0,2,0,0.3125,0.6875,2,0,0.3199999928474426,0.20000000298023224,3,0,0.0,0.0
29.682,49200,11000,3.666667,0,1.0166666507720947,50,0,2.5,-1,0,10,7,-1.0,-1.0,-1.0,-1.0,6235944,1,2,2,2,0,0,0,1,0,-4.6653265953063965,14.29814338684082,-12.175519943237305,0,0,0,0.0,0,0,7,0,0.45328283309936523,8.914427757263184,1,114,0,0,0,0,0,0,0,0,0,0,0,1,0,2.0,-26.125,1,0,19.04439926147461,23.89739990234375,1,0,-1.8538999557495117,28.0,2,0,0.3125,0.6875,2,0,0.3199999928474426,0.20000000298023224,3,0,0.0,0.0
29.7,49200,11000,3.666667,0,1.0166666507720947,50,0,2.5,-1,0,10,7,-1.0,-1.0,-1.0,-1.0,6235944,1,2,2,2,0,0,0,1,0,-4.6653265953063965,14.29814338684082,-12.175519943237305,0,0,0,0.0,0,0,7,0,0.45328283309936523,8.914427757263184,1,116,0,0,0,0,0,0,0,0,0,0,0,1,0,2.0,-26.125,1,0,19.04439926147461,23.89739990234375,1,0,-1.8538999557495117,28.0,2,0,0.3125,0.6875,2,0,0.3199999928474426,0.20000000298023224,3,0,0.0,0.0
29.717,49200,11000,3.666667,0,1.0166666507720947,50,0,2.5,-1,0,10,7,-1.0,-1.0,-1.0,-1.0,6235944,1,2,2,2,0,0,0,1,0,-4.6653265953063965,14.29814338684082,-12.175519943237305,0,0,0,0.0,0,0,7,0,0.45328283309936523,8.914427757263184,1,118,0,0,0,0,0,0,0,0,0,0,0,1,0,2.0,-26.125,1,0,19.04439926147461,23.89739990234375,1,0,-1.8538999557495117,28.0,2,0,0.3125,0.6875,2,0,0.3199999928474426,0.20000000298023224,3,0,0.0,0.0
29.734,49200,11000,3.666667,0,1.0166666507720947,50,0,2.5,-1,0,10,7,-1.0,-1.0,-1.0,-1.0,6235944,1,2,2,2,0,0,0,1,0,-4.6653265953063965,14.29814338684082,-12.175519943237305,0,0,0,0.0,0,0,7,0,0.45328283309936523,8.914427757263184,1,120,0,0,0,0,0,0,0,0,0,0,0,1,0,2.0,-26.125,1,0,19.04439926147461,23.89739990234375,1,0,-1.8538999557495117,28.0,2,0,0.3125,0.6875,2,0,0.3199999928474426,0.20000000298023224,3,0,0.0,0.0
29.751,49200,11000,3.666667,0,1.0166666507720947,50,0,2.5,-1,0,10,7,-1.0,-1.0,-1.0,-1.0,6235944,1,2,2,2,0,0,0,1,0,-4.6653265953063965,14.29814338684082,-12.175519943237305,0,0,0,0.0,0,0,7,0,0.45328283309936523,8.914427757263184,1,122,0,0,0,0,0,0,0,0,0,0,0,1,0,2.0,-26.125,1,0,19.04439926147461,23.89739990234375,1,0,-1.8538999557495117,28.0,2,0,0.3125,0.6875,2,0,0.3199999928474426,0.20000000298023224,3,0,0.0,0.0
29.769,49200,11000,3.666667,0,1.0166666507720947,50,0,2.5,-1,0,10,7,-1.0,-1.0,-1.0,-1.0,6235944,1,2,2,2,0,0,0,1,0,-4.6653265953063965,14.29814338684082,-12.175519943237305,0,0,0,0.0,0,0,7,0,0.45328283309936523,8.914427757263184,1,124,0,0,0,0,0,0,0,0,0,0,0,1,0,2.0,-26.125,1,0,19.04439926147461,23.89739990234375,1,0,-1.8538999557495117,28.0,2,0,0.3125,0.6875,2,0,0.3199999928474426,0.20000000298023224,3,0,0.0,0.0
29.786,49200,11000,3.666667,0,1.0166666507720947,50,0,2.5,-1,0,10,7,-1.0,-1.0,-1.0,-1.0,6235944,1,2,2,2,0,0,0,1,0,-4.6653265953063965,14.29814338684082,-12.175519943237305,0,0,0,0.0,0,0,7,0,0.45328283309936523,8.914427757263184,1,128,0,0,0,0,0,0,0,0,0,0,0,1,0,2.0,-26.125,1,0,19.04439926147461,23.89739990234375,1,0,-1.8538999557495117,28.0,2,0,0.3125,0.6875,2,0,0.3199999928474426,0.20000000298023224,3,0,0.0,0.0
29.803,49200,11000,3.666667,0,1.0166666507720947,50,0,2.5,-1,0,10,7,-1.0,-1.0,-1.0,-1.0,6235944,1,2,2,2,0,0,0,1,0,-4.6653265953063965,14.29814338684082,-12.175519943237305,0,0,0,0.0,0,0,7,0,0.45328283309936523,8.914427757263184,1,130,0,0,0,0,0,0,0,0,0,0,0,1,0,2.0,-26.125,1,0,19.04439926147461,23.89739990234375,1,0,-1.8538999557495117,28.0,2,0,0.3125,0.6875,2,0,0.3199999928474426,0.20000000298023224,3,0,0.0,0.0
29.821,49200,11000,3.666667,0,1.0166666507720947,50,0,2.5,-1,0,10,7,-1.0,-1.0,-1.0,-1.0,6235944,1,2,2,2,0,0,0,1,0,-4.6653265953063965,14.29814338684082,-12.175519943237305,0,0,0,0.0,0,0,7,0,0.45328283309936523,8.914427757263184,1,132,0,0,0,0,0,0,0,0,0,0,0,1,0,2.0,-26.125,1,0,19.04439926147461,23.89739990234375,1,0,-1.8538999557495117,28.0,2,0,0.3125,0.6875,2,0,0.3199999928474426,0.20000000298023224,3,0,0.0,0.0
29.838,49200,11000,3.666667,0,1.0166666507720947,50,0,2.5,-1,0,10,7,-1.0,-1.0,-1.0,-1.0,6235944,1,2,2,2,0,0,0,1,0,-4.6653265953063965,14.29814338684082,-12.175519943237305,0,0,0,0.0,0,0,7,0,0.45328283309936523,8.914427757263184,1,134,0,0,0,0,0,0,0,0,0,0,0,1,0,2.0,-26.125,1,0,19.04439926147461,23.89739990234375,1,0,-1.8538999557495117,28.0,2,0,0.3125,0.6875,2,0,0.3199999928474426,0.20000000298023224,3,0,0.0,0.0
29.856,49200,11000,3.666667,0,1.0166666507720947,50,0,2.5,-1,0,10,7,-1.0,-1.0,-1.0,-1.0,6235944,1,2,2,2,0,0,0,1,0,-4.6653265953063965,14.29814338684082,-12.175519943237305,0,0,0,0.0,0,0,7,0,0.45328283309936523,8.914427757263184,1,136,0,0,0,0,0,0,0,0,0,0,0,1,0,2.0,-26.125,1,0,19.04439926147461,23.89739990234375,1,0,-1.8538999557495117,28.0,2,0,0.3125,0.6875,2,0,0.3199999928474426,0.20000000298023224,3,0,0.0,0.0
29.873,49200,11000,3.666667,0,1.0166666507720947,50,0,2.5,-1,0,10,7,-1.0,-1.0,-1.0,-1.0,6235944,1,2,2,2,0,0,0,1,0,-4.6653265953063965,14.29814338684082,-12.175519943237305,0,0,0,0.0,0,0,7,0,0.45328283309936523,8.914427757263184,1,138,0,0,0,0,0,0,0,0,0,0,0,1,0,2.0,-26.125,1,0,19.04439926147461,23.89739990234375,1,0,-1.8538999557495117,28.0,2,0,0.3125,0.6875,2,0,0.3199999928474426,0.20000000298023224,3,0,0.0,0.0
29.89,49200,11000,3.666667,0,1.0166666507720947,50,0,2.5,-1,0,10,7,-1.0,-1.0,-1.0,-1.0,6235944,1,2,2,2,0,0,0,1,0,-4.6653265953063965,14.29814338684082,-12.175519943237305,0,0,0,0.0,0,0,7,0,0.45328283309936523,8.914427757263184,1,140,0,0,0,0,0,0,0,0,0,0,0,1,0,2.0,-26.125,1,0,19.04439926147461,23.89739990234375,1,0,-1.8538999557495117,28.0,2,0,0.3125,0.6875,2,0,0.3199999928474426,0.20000000298023224,3,0,0.0,0.0
29.907,49200,11000,3.666667,0,1.0166666507720947,50,0,2.5,-1,0,10,7,-1.0,-1.0,-1.0,-1.0,6235944,1,2,2,2,0,0,0,1,0,-4.6653265953063965,14.29814338684082,-12.175519943237305,0,0,0,0.0,0,0,7,0,0.45328283309936523,8.914427757263184,1,142,0,0,0,0,0,0,0,0,0,0,0,1,0,2.0,-26.125,1,0,19.04439926147461,23.89739990234375,1,0,-1.8538999557495117,28.0,2,0,0.3125,0.6875,2,0,0.3199999928474426,0.20000000298023224,3,0,0.0,0.0
29.925,49200,11000,3.666667,0,1.0166666507720947,50,0,2.5,-1,0,10,7,-1.0,-1.0,-1.0,-1.0,6235944,1,2,2,2,0,0,0,1,0,-4.6653265953063965,14.29814338684082,-12.175519943237305,0,0,0,0.0,0,0,7,0,0.45328283309936523,8.914427757263184,1,144,0,0,0,0,0,0,0,0,0,0,0,1,0,2.0,-26.125,1,0,19.04439926147461,23.89739990234375,1,0,-1.8538999557495117,28.0,2,0,0.3125,0.6875,2,0,0.3199999928474426,0.20000000298023224,3,0,0.0,0.0
29.942,49200,11000,3.666667,0,1.0166666507720947,50,0,2.5,-1,0,10,7,-1.0,-1.0,-1.0,-1.0,6235944,1,2,2,2,0,0,0,1,0,-4.6653265953063965,14.29814338684082,-12.175519943237305,0,0,0,0.0,0,0,7,0,0.45328283309936523,8.914427757263184,1,146,0,0,0,0,0,0,0,0,0,0,0,1,0,2.0,-26.125,1,0,19.04439926147461,23.89739990234375,1,0,-1.8538999557495117,28.0,2,0,0.3125,0.6875,2,0,0.3199999928474426,0.20000000298023224,3,0,0.0,0.0
29.96,49200,11000,3.666667,0,1.0166666507720947,50,0,2.5,-1,0,10,7,-1.0,-1.0,-1.0,-1.0,6235944,1,2,2,2,0,0,0,1,0,-4.6653265953063965,14.29814338684082,-12.175519943237305,0,0,0,0.0,0,0,7,0,0.45328283309936523,8.914427757263184,1,148,0,0,0,0,0,0,0,0,0,0,0,1,0,2.0,-26.125,1,0,19.04439926147461,23.89739990234375,1,0,-1.8538999557495117,28.0,2,0,0.3125,0.6875,2,0,0.3199999928474426,0.20000000298023224,3,0,0.0,0.0
29.977,49200,11000,3.666667,0,1.0166666507720947,50,0,2.5,-1,0,10,7,-1.0,-1.0,-1.0,-1.0,6235944,1,2,2,2,0,0,0,1,0,-4.6653265953063965,14.29814338684082,-12.175519943237305,0,0,0,0.0,0,0,7,0,0.45328283309936523,8.914427757263184,1,150,0,0,0,0,0,0,0,0,0,0,0,1,0,2.0,-26.125,1,0,19.04439926147461,23.89739990234375,1,0,-1.8538999557495117,28.0,2,0,0.3125,0.6875,2,0,0.3199999928474426,0.20000000298023224,3,0,0.0,0.0
29.994,49200,11000,3.666667,0,1.0166666507720947,50,0,2.5,-1,0,10,7,-1.0,-1.0,-1.0,-1.0,6235944,1,2,2,2,0,0,0,1,0,-4.6653265953063965,14.29814338684082,-12.175519943237305,0,0,0,0.0,0,0,7,0,0.45328283309936523,8.914427757263184,1,152,0,0,0,0,0,0,0,0,0,0,0,1,0,2.0,-26.125,1,0,19.04439926147461,23.89739990234375,1,0,-1.8538999557495117,28.0,2,0,0.3125,0.6875,2,0,0.3199999928474426,0.20000000298023224,3,0,0.0,0.0
30.011,49200,11000,3.666667,0,1.0166666507720947,50,0,2.5,-1,0,10,7,-1.0,-1.0,-1.0,-1.0,6235944,1,2,2,2,0,0,0,1,0,-4.6653265953063965,14.29814338684082,-12.175519943237305,0,0,0,0.0,0,0,7,0,0.45328283309936523,8.914427757263184,1,154,0,0,0,0,0,0,0,0,0,0,0,1,0,2.0,-26.125,1,0,19.04439926147461,23.89739990234375,1,0,-1.8538999557495117,28.0,2,0,0.3125,0.6875,2,0,0.3199999928474426,0.20000000298023224,3,0,0.0,0.0
30.028,49200,11000,3.666667,0,1.0166666507720947,50,0,2.5,-1,0,10,7,-1.0,-1.0,-1.0,-1.0,6235944,1,2,2,2,0,0,0,1,0,-4.6653265953063965,14.29814338684082,-12.175519943237305,0,0,0,0.0,0,0,7,0,0.45328283309936523,8.914427757263184,1,156,0,0,0,0,0,0,0,0,0,0,0,1,0,2.0,-26.125,1,0,19.04439926147461,23.89739990234375,1,0,-1.8538999557495117,28.0,2,0,0.3125,0.6875,2,0,0.3199999928474426,0.20000000298023224,3,0,0.0,0.0
30.046,49200,11000,3.666667,0,1.0166666507720947,50,0,2.5,-1,0,10,7,-1.0,-1.0,-1.0,-1.0,6235944,1,2,2,2,0,0,0,1,0,-4.6653265953063965,14.29814338684082,-12.175519943237305,0,0,0,0.0,0,0,7,0,0.45328283309936523,8.914427757263184,1,158,0,0,0,0,0,0,0,0,0,0,0,1,0,2.0,-26.125,1,0,19.04439926147461,23.89739990234375,1,0,-1.8538999557495117,28.0,2,0,0.3125,0.6875,2,0,0.3199999928474426,0.20000000298023224,3,0,0.0,0.0
30.063,49200,11000,3.666667,0,1.0166666507720947,50,0,2.5,-1,0,10,7,-1.0,-1.0,-1.0,-1.0,6235944,1,2,2,2,0,0,0,1,0,-4.6653265953063965,14.29814338684082,-12.175519943237305,0,0,0,0.0,0,0,7,0,0.45328283309936523,8.914427757263184,1,160,0,0,0,0,0,0,0,0,0,0,0,1,0,2.0,-26.125,1,0,19.04439926147461,23.89739990234375,1,0,-1.8538999557495117,28.0,2,0,0.3125,0.6875,2,0,0.3199999928474426,0.20000000298023224,3,0,0.0,0.0
30.081,49200,11000,3.666667,0,1.0166666507720947,50,0,2.5,-1,0,10,7,-1.0,-1.0,-1.0,-1.0,6235944,1,2,2,2,0,0,0,1,0,-4.6653265953063965,14.29814338684082,-12.175519943237305,0,0,0,0.0,0,0,7,0,0.45328283309936523,8.914427757263184,1,162,0,0,0,0,0,0,0,0,0,0,0,1,0,2.0,-26.125,1,0,19.04439926147461,23.89739990234375,1,0,-1.8538999557495117,28.0,2,0,0.3125,0.6875,2,0,0.3199999928474426,0.20000000298023224,3,0,0.0,0.0
30.098,49200,11000,3.666667,0,1.0166666507720947,50,0,2.5,-1,0,10,7,-1.0,-1.0,-1.0,-1.0,6235944,1,2,2,2,0,0,0,1,0,-4.6653265953063965,14.29814338684082,-12.175519943237305,0,0,0,0.0,0,0,7,0,0.45328283309936523,8.914427757263184,1,164,0,0,0,0,0,0,0,0,0,0,0,1,0,2.0,-26.125,1,0,19.04439926147461,23.89739990234375,1,0,-1.8538999557495117,28.0,2,0,0.3125,0.6875,2,0,0.3199999928474426,0.20000000298023224,3,0,0.0,0.0
30.115,49200,11000,3.666667,0,1.0166666507720947,50,0,2.5,-1,0,10,7,-1.0,-1.0,-1.0,-1.0,6235944,1,2,2,2,0,0,0,1,0,-4.6653265953063965,14.29814338684082,-12.175519943237305,0,0,0,0.0,0,0,7,0,0.45328283309936523,8.914427757263184,1,166,0,0,0,0,0,0,0,0,0,0,0,1,0,2.0,-26.125,1,0,19.04439926147461,23.89739990234375,1,0,-1.8538999557495117,28.0,2,0,0.3125,0.6875,2,0,0.3199999928474426,0.20000000298023224,3,0,0.0,0.0
30.133,49200,11000,3.666667,0,1.0166666507720947,50,0,2.5,-1,0,10,7,-1.0,-1.0,-1.0,-1.0,6235944,1,2,2,2,0,0,0,1,0,-4.6653265953063965,14.29814338684082,-12.175519943237305,0,0,0,0.0,0,0,7,0,0.45328283309936523,8.914427757263184,1,168,0,0,0,0,0,0,0,0,0,0,0,1,0,2.0,-26.125,1,0,19.04439926147461,23.89739990234375,1,0,-1.8538999557495117,28.0,2,0,0.3125,0.6875,2,0,0.3199999928474426,0.20000000298023224,3,0,0.0,0.0
30.15,49200,11000,3.666667,0,1.0166666507720947,50,0,2.5,-1,0,10,7,-1.0,-1.0,-1.0,-1.0,6235944,1,2,2,2,0,0,0,1,0,-4.6653265953063965,14.29814338684082,-12.175519943237305,0,0,0,0.0,0,0,7,0,0.45328283309936523,8.914427757263184,1,170,0,0,0,0,0,0,0,0,0,0,0,1,0,2.0,-26.125,1,0,19.04439926147461,23.89739990234375,1,0,-1.8538999557495117,28.0,2,0,0.3125,0.6875,2,0,0.3199999928474426,0.20000000298023224,3,0,0.0,0.0
30.167,49200,11000,3.666667,0,1.0166666507720947,50,0,2.5,-1,0,10,7,-1.0,-1.0,-1.0,-1.0,6235944,1,2,2,2,0,0,0,1,0,-4.6653265953063965,14.29814338684082,-12.175519943237305,0,0,0,0.0,0,0,7,0,0.45328283309936523,8.914427757263184,1,172,0,0,0,0,0,0,0,0,0,0,0,1,0,2.0,-26.125,1,0,19.04439926147461,23.89739990234375,1,0,-1.8538999557495117,28.0,2,0,0.3125,0.6875,2,0,0.3199999928474426,0.20000000298023224,3,0,0.0,0.0
30.185,49200,11000,3.666667,0,1.0166666507720947,50,0,2.5,-1,0,10,7,-1.0,-1.0,-1.0,-1.0,6235944,1,2,2,2,0,0,0,1,0,-4.6653265953063965,14.29814338684082,-12.175519943237305,0,0,0,0.0,0,0,7,0,0.45328283309936523,8.914427757263184,1,174,0,0,0,0,0,0,0,0,0,0,0,1,0,2.0,-26.125,1,0,19.04439926147461,23.89739990234375,1,0,-1.8538999557495117,28.0,2,0,0.3125,0.6875,2,0,0.3199999928474426,0.20000000298023224,3,0,0.0,0.0
30.202,49200,11000,3.666667,0,1.0166666507720947,50,0,2.5,-1,0,10,7,-1.0,-1.0,-1.0,-1.0,6235944,1,2,2,2,0,0,0,1,0,-4.6653265953063965,14.29814338684082,-12.175519943237305,0,0,0,0.0,0,0,7,0,0.45328283309936523,8.914427757263184,1,176,0,0,0,0,0,0,0,0,0,0,0,1,0,2.0,-26.125,1,0,19.04439926147461,23.89739990234375,1,0,-1.8538999557495117,28.0,2,0,0.3125,0.6875,2,0,0.3199999928474426,0.20000000298023224,3,0,0.0,0.0
30.219,49200,11000,3.666667,0,1.0166666507720947,50,0,2.5,-1,0,10,7,-1.0,-1.0,-1.0,-1.0,6235944,1,2,2,2,0,0,0,1,0,-4.6653265953063965,14.29814338684082,-12.175519943237305,0,0,0,0.0,0,0,7,0,0.45328283309936523,8.914427757263184,1,180,0,0,0,0,0,0,0,0,0,0,0,1,0,2.0,-26.125,1,0,19.04439926147461,23.89739990234375,1,0,-1.8538999557495117,28.0,2,0,0.3125,0.6875,2,0,0.3199999928474426,0.20000000298023224,3,0,0.0,0.0
30.236,49200,11000,3.666667,0,1.0166666507720947,50,0,2.5,-1,0,10,7,-1.0,-1.0,-1.0,-1.0,6235944,1,2,2,2,0,0,0,1,0,-4.6653265953063965,14.29814338684082,-12.175519943237305,0,0,0,0.0,0,0,7,0,0.45328283309936523,8.914427757263184,1,182,0,0,0,0,0,0,0,0,0,0,0,1,0,2.0,-26.125,1,0,19.04439926147461,23.89739990234375,1,0,-1.8538999557495117,28.0,2,0,0.3125,0.6875,2,0,0.3199999928474426,0.20000000298023224,3,0,0.0,0.0
30.253,49200,11000,3.666667,0,1.0166666507720947,50,0,2.5,-1,0,10,7,-1.0,-1.0,-1.0,-1.0,6235944,1,2,2,2,0,0,0,1,0,-4.6653265953063965,14.29814338684082,-12.175519943237305,0,0,0,0.0,0,0,7,0,0.45328283309936523,8.914427757263184,1,184,0,0,0,0,0,0,0,0,0,0,0,1,0,2.0,-26.125,1,0,19.04439926147461,23.89739990234375,1,0,-1.8538999557495117,28.0,2,0,0.3125,0.6875,2,0,0.3199999928474426,0.20000000298023224,3,0,0.0,0.0
30.271,49200,11000,3.666667,0,1.0166666507720947,50,0,2.5,-1,0,10,7,-1.0,-1.0,-1.0,-1.0,6235944,1,2,2,2,0,0,0,1,0,-4.6653265953063965,14.29814338684082,-12.175519943237305,0,0,0,0.0,0,0,7,0,0.45328283309936523,8.914427757263184,1,186,0,0,0,0,0,0,0,0,0,0,0,1,0,2.0,-26.125,1,0,19.04439926147461,23.89739990234375,1,0,-1.8538999557495117,28.0,2,0,0.3125,0.6875,2,0,0.3199999928474426,0.20000000298023224,3,0,0.0,0.0
30.288,49200,11000,3.666667,0,1.0166666507720947,50,0,2.5,-1,0,10,7,-1.0,-1.0,-1.0,-1.0,6235944,1,2,2,2,0,0,0,1,0,-4.6653265953063965,14.29814338684082,-12.175519943237305,0,0,0,0.0,0,0,7,0,0.45328283309936523,8.914427757263184,1,188,0,0,0,0,0,0,0,0,0,0,0,1,0,2.0,-26.125,1,0,19.04439926147461,23.89739990234375,1,0,-1.8538999557495117,28.0,2,0,0.3125,0.6875,2,0,0.3199999928474426,0.20000000298023224,3,0,0.0,0.0
30.305,49200,11000,3.666667,0,1.0166666507720947,50,0,2.5,-1,0,10,7,-1.0,-1.0,-1.0,-1.0,6235944,1,2,2,2,0,0,0,1,0,-4.6653265953063965,14.29814338684082,-12.175519943237305,0,0,0,0.0,0,0,7,0,0.45328283309936523,8.914427757263184,1,190,0,0,0,0,0,0,0,0,0,0,0,1,0,2.0,-26.125,1,0,19.04439926147461,23.89739990234375,1,0,-1.8538999557495117,28.0,2,0,0.3125,0.6875,2,0,0.3199999928474426,0.20000000298023224,3,0,0.0,0.0
30.323,49200,11000,3.666667,0,1.0166666507720947,50,0,2.5,-1,0,10,7,-1.0,-1.0,-1.0,-1.0,6235944,1,2,2,2,0,0,0,1,0,-4.6653265953063965,14.29814338684082,-12.175519943237305,0,0,0,0.0,0,0,7,0,0.45328283309936523,8.914427757263184,1,192,0,0,0,0,0,0,0,0,0,0,0,1,0,2.0,-26.125,1,0,19.04439926147461,23.89739990234375,1,0,-1.8538999557495117,28.0,2,0,0.3125,0.6875,2,0,0.3199999928474426,0.20000000298023224,3,0,0.0,0.0
30.34,49200,11000,3.666667,0,1.0166666507720947,50,0,2.5,-1,0,10,7,-1.0,-1.0,-1.0,-1.0,6235944,1,2,2,2,0,0,0,1,0,-4.6653265953063965,14.29814338684082,-12.175519943237305,0,0,0,0.0,0,0,7,0,0.45328283309936523,8.914427757263184,1,194,0,0,0,0,0,0,0,0,0,0,0,1,0,2.0,-26.125,1,0,19.04439926147461,23.89739990234375,1,0,-1.8538999557495117,28.0,2,0,0.3125,0.6875,2,0,0.3199999928474426,0.20000000298023224,3,0,0.0,0.0
30.358,49200,11000,3.666667,0,1.0166666507720947,50,0,2.5,-1,0,10,7,-1.0,-1.0,-1.0,-1.0,6235944,1,2,2,2,0,0,0,1,0,-4.6653265953063965,14.29814338684082,-12.175519943237305,0,0,0,0.0,0,0,7,0,0.45328283309936523,8.914427757263184,1,196,0,0,0,0,0,0,0,0,0,0,0,1,0,2.0,-26.125,1,0,19.04439926147461,23.89739990234375,1,0,-1.8538999557495117,28.0,2,0,0.3125,0.6875,2,0,0.3199999928474426,0.20000000298023224,3,0,0.0,0.0
30.375,49200,11000,3.666667,0,1.0166666507720947,50,0,2.5,-1,0,10,7,-1.0,-1.0,-1.0,-1.0,6235944,1,2,2,2,0,0,0,1,0,-4.6653265953063965,14.29814338684082,-12.175519943237305,0,0,0,0.0,0,0,7,0,0.45328283309936523,8.914427757263184,1,198,0,0,0,0,0,0,0,0,0,0,0,1,0,2.0,-26.125,1,0,19.04439926147461,23.89739990234375,1,0,-1.8538999557495117,28.0,2,0,0.3125,0.6875,2,0,0.3199999928474426,0.20000000298023224,3,0,0.0,0.0
30.392,49200,11000,3.666667,0,1.0166666507720947,50,0,2.5,-1,0,10,7,-1.0,-1.0,-1.0,-1.0,6235944,1,2,2,2,0,0,0,1,0,-4.6653265953063965,14.29814338684082,-12.175519943237305,0,0,0,0.0,0,0,7,0,0.45328283309936523,8.914427757263184,1,200,0,0,0,0,0,0,0,0,0,0,0,1,0,2.0,-26.125,1,0,19.04439926147461,23.89739990234375,1,0,-1.8538999557495117,28.0,2,0,0.3125,0.6875,2,0,0.3199999928474426,0.20000000298023224,3,0,0.0,0.0
30.41,49200,11000,3.666667,0,1.0166666507720947,50,0,2.5,-1,0,10,7,-1.0,-1.0,-1.0,-1.0,6235944,1,2,2,2,0,0,0,1,0,-4.6653265953063965,14.29814338684082,-12.175519943237305,0,0,0,0.0,0,0,7,0,0.45328283309936523,8.914427757263184,1,202,0,0,0,0,0,0,0,0,0,0,0,1,0,2.0,-26.125,1,0,19.04439926147461,23.89739990234375,1,0,-1.8538999557495117,28.0,2,0,0.3125,0.6875,2,0,0.3199999928474426,0.20000000298023224,3,0,0.0,0.0
30.427,49200,11000,3.666667,0,1.0166666507720947,50,0,2.5,-1,0,10,7,-1.0,-1.0,-1.0,-1.0,6235944,1,2,2,2,0,0,0,1,0,-4.6653265953063965,14.29814338684082,-12.175519943237305,0,0,0,0.0,0,0,7,0,0.45328283309936523,8.914427757263184,1,204,0,0,0,0,0,0,0,0,0,0,0,1,0,2.0,-26.125,1,0,19.04439926147461,23.89739990234375,1,0,-1.8538999557495117,28.0,2,0,0.3125,0.6875,2,0,0.3199999928474426,0.20000000298023224,3,0,0.0,0.0
30.445,49200,11000,3.666667,0,1.0166666507720947,50,0,2.5,-1,0,10,7,-1.0,-1.0,-1.0,-1.0,6235944,1,2,2,2,0,0,0,1,0,-4.6653265953063965,14.29814338684082,-12.175519943237305,0,0,0,0.0,0,0,7,0,0.45328283309936523,8.914427757263184,1,206,0,0,0,0,0,0,0,0,0,0,0,1,0,2.0,-26.125,1,0,19.04439926147461,23.89739990234375,1,0,-1.8538999557495117,28.0,2,0,0.3125,0.6875,2,0,0.3199999928474426,0.20000000298023224,3,0,0.0,0.0
30.462,49200,11000,3.666667,0,1.0166666507720947,50,0,2.5,-1,0,10,7,-1.0,-1.0,-1.0,-1.0,6235944,1,2,2,2,0,0,0,1,0,-4.6653265953063965,14.29814338684082,-12.175519943237305,0,0,0,0.0,0,0,7,0,0.45328283309936523,8.914427757263184,1,208,0,0,0,0,0,0,0,0,0,0,0,1,0,2.0,-26.125,1,0,19.04439926147461,23.89739990234375,1,0,-1.8538999557495117,28.0,2,0,0.3125,0.6875,2,0,0.3199999928474426,0.20000000298023224,3,0,0.0,0.0
30.479,49200,11000,3.666667,0,1.0166666507720947,50,0,2.5,-1,0,10,7,-1.0,-1.0,-1.0,-1.0,6235944,1,2,2,2,0,0,0,1,0,-4.6653265953063965,14.29814338684082,-12.175519943237305,0,0,0,0.0,0,0,7,0,0.45328283309936523,8.914427757263184,1,210,0,0,0,0,0,0,0,0,0,0,0,1,0,2.0,-26.125,1,0,19.04439926147461,23.89739990234375,1,0,-1.8538999557495117,28.0,2,0,0.3125,0.6875,2,0,0.3199999928474426,0.20000000298023224,3,0,0.0,0.0
30.497,49200,11000,3.666667,0,1.0166666507720947,50,0,2.5,-1,0,10,7,-1.0,-1.0,-1.0,-1.0,6235944,1,2,2,2,0,0,0,1,0,-4.6653265953063965,14.29814338684082,-12.175519943237305,0,0,0,0.0,0,0,7,0,0.45328283309936523,8.914427757263184,1,212,0,0,0,0,0,0,0,0,0,0,0,1,0,2.0,-26.125,1,0,19.04439926147461,23.89739990234375,1,0,-1.8538999557495117,28.0,2,0,0.3125,0.6875,2,0,0.3199999928474426,0.20000000298023224,3,0,0.0,0.0
30.514,49200,11000,3.666667,0,1.0166666507720947,50,0,2.5,-1,0,10,7,-1.0,-1.0,-1.0,-1.0,6235944,1,2,2,2,0,0,0,1,0,-4.6653265953063965,14.29814338684082,-12.175519943237305,0,0,0,0.0,0,0,7,0,0.45328283309936523,8.914427757263184,1,214,0,0,0,0,0,0,0,0,0,0,0,1,0,2.0,-26.125,1,0,19.04439926147461,23.89739990234375,1,0,-1.8538999557495117,28.0,2,0,0.3125,0.6875,2,0,0.3199999928474426,0.20000000298023224,3,0,0.0,0.0
30.531,49200,11000,3.666667,0,1.0166666507720947,50,0,2.5,-1,0,10,7,-1.0,-1.0,-1.0,-1.0,6235944,1,2,2,2,0,0,0,1,0,-4.6653265953063965,14.29814338684082,-12.175519943237305,0,0,0,0.0,0,0,7,0,0.45328283309936523,8.914427757263184,1,216,0,0,0,0,0,0,0,0,0,0,0,1,0,2.0,-26.125,1,0,19.04439926147461,23.89739990234375,1,0,-1.8538999557495117,28.0,2,0,0.3125,0.6875,2,0,0.3199999928474426,0.20000000298023224,3,0,0.0,0.0
30.549,49200,11000,3.666667,0,1.0166666507720947,50,0,2.5,-1,0,10,7,-1.0,-1.0,-1.0,-1.0,6235944,1,2,2,2,0,0,0,1,0,-4.6653265953063965,14.29814338684082,-12.175519943237305,0,0,0,0.0,0,0,7,0,0.45328283309936523,8.914427757263184,1,218,0,0,0,0,0,0,0,0,0,0,0,1,0,2.0,-26.125,1,0,19.04439926147461,23.89739990234375,1,0,-1.8538999557495117,28.0,2,0,0.3125,0.6875,2,0,0.3199999928474426,0.20000000298023224,3,0,0.0,0.0
30.566,49200,11000,3.666667,0,1.0166666507720947,50,0,2.5,-1,0,10,7,-1.0,-1.0,-1.0,-1.0,6235944,1,2,2,2,0,0,0,1,0,-4.6653265953063965,14.29814338684082,-12.175519943237305,0,0,0,0.0,0,0,7,0,0.45328283309936523,8.914427757263184,1,220,0,0,0,0,0,0,0,0,0,0,0,1,0,2.0,-26.125,1,0,19.04439926147461,23.89739990234375,1,0,-1.8538999557495117,28.0,2,0,0.3125,0.6875,2,0,0.3199999928474426,0.20000000298023224,3,0,0.0,0.0
30.583,49200,11000,3.666667,0,1.0166666507720947,50,0,2.5,-1,0,10,7,-1.0,-1.0,-1.0,-1.0,6235944,1,2,2,2,0,0,0,1,0,-4.6653265953063965,14.29814338684082,-12.175519943237305,0,0,0,0.0,0,0,7,0,0.45328283309936523,8.914427757263184,1,222,0,0,0,0,0,0,0,0,0,0,0,1,0,2.0,-26.125,1,0,19.04439926147461,23.89739990234375,1,0,-1.8538999557495117,28.0,2,0,0.3125,0.6875,2,0,0.3199999928474426,0.20000000298023224,3,0,0.0,0.0
30.601,49200,11000,3.666667,0,1.0166666507720947,50,0,2.5,-1,0,10,7,-1.0,-1.0,-1.0,-1.0,6235944,1,2,2,2,0,0,0,1,0,-4.6653265953063965,14.29814338684082,-12.175519943237305,0,0,0,0.0,0,0,7,0,0.45328283309936523,8.914427757263184,1,224,0,0,0,0,0,0,0,0,0,0,0,1,0,2.0,-26.125,1,0,19.04439926147461,23.89739990234375,1,0,-1.8538999557495117,28.0,2,0,0.3125,0.6875,2,0,0.3199999928474426,0.20000000298023224,3,0,0.0,0.0
30.618,49200,11000,3.666667,0,1.0166666507720947,50,0,2.5,-1,0,10,7,-1.0,-1.0,-1.0,-1.0,6235944,1,2,2,2,0,0,0,1,0,-4.6653265953063965,14.29814338684082,-12.175519943237305,0,0,0,0.0,0,0,7,0,0.45328283309936523,8.914427757263184,1,226,0,0,0,0,0,0,0,0,0,0,0,1,0,2.0,-26.125,1,0,19.04439926147461,23.89739990234375,1,0,-1.8538999557495117,28.0,2,0,0.3125,0.6875,2,0,0.3199999928474426,0.20000000298023224,3,0,0.0,0.0
30.635,49200,11000,3.666667,0,1.0166666507720947,50,0,2.5,-1,0,10,7,-1.0,-1.0,-1.0,-1.0,6235944,1,2,2,2,0,0,0,1,0,-4.6653265953063965,14.29814338684082,-12.175519943237305,0,0,0,0.0,0,0,7,0,0.45328283309936523,8.914427757263184,1,228,0,0,0,0,0,0,0,0,0,0,0,1,0,2.0,-26.125,1,0,19.04439926147461,23.89739990234375,1,0,-1.8538999557495117,28.0,2,0,0.3125,0.6875,2,0,0.3199999928474426,0.20000000298023224,3,0,0.0,0.0
30.652,49200,11000,3.666667,0,1.0166666507720947,50,0,2.5,-1,0,10,7,-1.0,-1.0,-1.0,-1.0,6235944,1,2,2,2,0,0,0,1,0,-4.6653265953063965,14.29814338684082,-12.175519943237305,0,0,0,0.0,0,0,7,0,0.45328283309936523,8.914427757263184,1,232,0,0,0,0,0,0,0,0,0,0,0,1,0,2.0,-26.125,1,0,19.04439926147461,23.89739990234375,1,0,-1.8538999557495117,28.0,2,0,0.3125,0.6875,2,0,0.3199999928474426,0.20000000298023224,3,0,0.0,0.0
30.669,49200,11000,3.666667,0,1.0166666507720947,50,0,2.5,-1,0,10,7,-1.0,-1.0,-1.0,-1.0,6235944,1,2,2,2,0,0,0,1,0,-4.6653265953063965,14.29814338684082,-12.175519943237305,0,0,0,0.0,0,0,7,0,0.45328283309936523,8.914427757263184,1,234,0,0,0,0,0,0,0,0,0,0,0,1,0,2.0,-26.125,1,0,19.04439926147461,23.89739990234375,1,0,-1.8538999557495117,28.0,2,0,0.3125,0.6875,2,0,0.3199999928474426,0.20000000298023224,3,0,0.0,0.0
30.687,49200,11000,3.666667,0,1.0166666507720947,50,0,2.5,-1,0,10,7,-1.0,-1.0,-1.0,-1.0,6235944,1,2,2,2,0,0,0,1,0,-4.6653265953063965,14.29814338684082,-12.175519943237305,0,0,0,0.0,0,0,7,0,0.45328283309936523,8.914427757263184,1,236,0,0,0,0,0,0,0,0,0,0,0,1,0,2.0,-26.125,1,0,19.04439926147461,23.89739990234375,1,0,-1.8538999557495117,28.0,2,0,0.3125,0.6875,2,0,0.3199999928474426,0.20000000298023224,3,0,0.0,0.0
30.705,49200,11000,3.666667,0,1.0166666507720947,50,0,2.5,-1,0,10,7,-1.0,-1.0,-1.0,-1.0,6235944,1,2,2,2,0,0,0,1,0,-4.6653265953063965,14.29814338684082,-12.175519943237305,0,0,0,0.0,0,0,7,0,0.45328283309936523,8.914427757263184,1,238,0,0,0,0,0,0,0,0,0,0,0,1,0,2.0,-26.125,1,0,19.04439926147461,23.89739990234375,1,0,-1.8538999557495117,28.0,2,0,0.3125,0.6875,2,0,0.3199999928474426,0.20000000298023224,3,0,0.0,0.0
30.722,49200,11000,3.666667,0,1.0166666507720947,50,0,2.5,-1,0,10,7,-1.0,-1.0,-1.0,-1.0,6235944,1,2,2,2,0,0,0,1,0,-4.6653265953063965,14.29814338684082,-12.175519943237305,0,0,0,0.0,0,0,7,0,0.45328283309936523,8.914427757263184,1,240,0,0,0,0,0,0,0,0,0,0,0,1,0,2.0,-26.125,1,0,19.04439926147461,23.89739990234375,1,0,-1.8538999557495117,28.0,2,0,0.3125,0.6875,2,0,0.3199999928474426,0.20000000298023224,3,0,0.0,0.0
30.739,49200,11000,3.666667,0,1.0166666507720947,50,0,2.5,-1,0,10,7,-1.0,-1.0,-1.0,-1.0,6235944,1,2,2,2,0,0,0,1,0,-4.6653265953063965,14.29814338684082,-12.175519943237305,0,0,0,0.0,0,0,7,0,0.45328283309936523,8.914427757263184,1,242,0,0,0,0,0,0,0,0,0,0,0,1,0,2.0,-26.125,1,0,19.04439926147461,23.89739990234375,1,0,-1.8538999557495117,28.0,2,0,0.3125,0.6875,2,0,0.3199999928474426,0.20000000298023224,3,0,0.0,0.0
30.757,49200,11000,3.666667,0,1.0166666507720947,50,0,2.5,-1,0,10,7,-1.0,-1.0,-1.0,-1.0,6235944,1,2,2,2,0,0,0,1,0,-4.6653265953063965,14.29814338684082,-12.175519943237305,0,0,0,0.0,0,0,7,0,0.45328283309936523,8.914427757263184,1,244,0,0,0,0,0,0,0,0,0,0,0,1,0,2.0,-26.125,1,0,19.04439926147461,23.89739990234375,1,0,-1.8538999557495117,28.0,2,0,0.3125,0.6875,2,0,0.3199999928474426,0.20000000298023224,3,0,0.0,0.0
30.774,49200,11000,3.666667,0,1.0166666507720947,50,0,2.5,-1,0,10,7,-1.0,-1.0,-1.0,-1.0,6235944,1,2,2,2,0,0,0,1,0,-4.6653265953063965,14.29814338684082,-12.175519943237305,0,0,0,0.0,0,0,7,0,0.45328283309936523,8.914427757263184,1,246,0,0,0,0,0,0,0,0,0,0,0,1,0,2.0,-26.125,1,0,19.04439926147461,23.89739990234375,1,0,-1.8538999557495117,28.0,2,0,0.3125,0.6875,2,0,0.3199999928474426,0.20000000298023224,3,0,0.0,0.0
30.792,49200,11000,3.666667,0,1.0166666507720947,50,0,2.5,-1,0,10,7,-1.0,-1.0,-1.0,-1.0,6235944,1,2,2,2,0,0,0,1,0,-4.6653265953063965,14.29814338684082,-12.175519943237305,0,0,0,0.0,0,0,7,0,0.45328283309936523,8.914427757263184,1,248,0,0,0,0,0,0,0,0,0,0,0,1,0,2.0,-26.125,1,0,19.04439926147461,23.89739990234375,1,0,-1.8538999557495117,28.0,2,0,0.3125,0.6875,2,0,0.3199999928474426,0.20000000298023224,3,0,0.0,0.0
30.809,49200,11000,3.666667,0,1.0166666507720947,50,0,2.5,-1,0,10,7,-1.0,-1.0,-1.0,-1.0,6235944,1,2,2,2,0,0,0,1,0,-4.6653265953063965,14.29814338684082,-12.175519943237305,0,0,0,0.0,0,0,7,0,0.45328283309936523,8.914427757263184,1,250,0,0,0,0,0,0,0,0,0,0,0,1,0,2.0,-26.125,1,0,19.04439926147461,23.89739990234375,1,0,-1.8538999557495117,28.0,2,0,0.3125,0.6875,2,0,0.3199999928474426,0.20000000298023224,3,0,0.0,0.0
30.827,49200,11000,3.666667,0,1.0166666507720947,50,0,2.5,-1,0,10,7,-1.0,-1.0,-1.0,-1.0,6235944,1,2,2,2,0,0,0,1,0,-4.6653265953063965,14.29814338684082,-12.175519943237305,0,0,0,0.0,0,0,7,0,0.45328283309936523,8.914427757263184,1,252,0,0,0,0,0,0,0,0,0,0,0,1,0,2.0,-26.125,1,0,19.04439926147461,23.89739990234375,1,0,-1.8538999557495117,28.0,2,0,0.3125,0.6875,2,0,0.3199999928474426,0.20000000298023224,3,0,0.0,0.0
30.844,49200,11000,3.666667,0,1.0166666507720947,50,0,2.5,-1,0,10,7,-1.0,-1.0,-1.0,-1.0,6235944,1,2,2,2,0,0,0,1,0,-4.6653265953063965,14.29814338684082,-12.175519943237305,0,0,0,0.0,0,0,7,0,0.45328283309936523,8.914427757263184,1,254,0,0,0,0,0,0,0,0,0,0,0,1,0,2.0,-26.125,1,0,19.04439926147461,23.89739990234375,1,0,-1.8538999557495117,28.0,2,0,0.3125,0.6875,2,0,0.3199999928474426,0.20000000298023224,3,0,0.0,0.0
30.862,49200,11000,3.666667,0,1.0166666507720947,50,0,2.5,-1,0,10,7,-1.0,-1.0,-1.0,-1.0,6235944,1,2,2,2,0,0,0,1,0,-4.6653265953063965,14.29814338684082,-12.175519943237305,0,0,0,0.0,0,0,7,0,0.45328283309936523,8.914427757263184,1,256,0,0,0,0,0,0,0,0,0,0,0,1,0,2.0,-26.125,1,0,19.04439926147461,23.89739990234375,1,0,-1.8538999557495117,28.0,2,0,0.3125,0.6875,2,0,0.3199999928474426,0.20000000298023224,3,0,0.0,0.0
30.879,49200,11000,3.666667,0,1.0166666507720947,50,0,2.5,-1,0,10,7,-1.0,-1.0,-1.0,-1.0,6235944,1,2,2,2,0,0,0,1,0,-4.6653265953063965,14.29814338684082,-12.175519943237305,0,0,0,0.0,0,0,7,0,0.45328283309936523,8.914427757263184,1,258,0,0,0,0,0,0,0,0,0,0,0,1,0,2.0,-26.125,1,0,19.04439926147461,23.89739990234375,1,0,-1.8538999557495117,28.0,2,0,0.3125,0.6875,2,0,0.3199999928474426,0.20000000298023224,3,0,0.0,0.0
30.896,49200,11000,3.666667,0,1.0166666507720947,50,0,2.5,-1,0,10,7,-1.0,-1.0,-1.0,-1.0,6235944,1,2,2,2,0,0,0,1,0,-4.6653265953063965,14.29814338684082,-12.175519943237305,0,0,0,0.0,0,0,7,0,0.45328283309936523,8.914427757263184,1,260,0,0,0,0,0,0,0,0,0,0,0,1,0,2.0,-26.125,1,0,19.04439926147461,23.89739990234375,1,0,-1.8538999557495117,28.0,2,0,0.3125,0.6875,2,0,0.3199999928474426,0.20000000298023224,3,0,0.0,0.0
30.914,49200,11000,3.666667,0,1.0166666507720947,50,0,2.5,-1,0,10,7,-1.0,-1.0,-1.0,-1.0,6235944,1,2,2,2,0,0,0,1,0,-4.6653265953063965,14.29814338684082,-12.175519943237305,0,0,0,0.0,0,0,7,0,0.45328283309936523,8.914427757263184,1,262,0,0,0,0,0,0,0,0,0,0,0,1,0,2.0,-26.125,1,0,19.04439926147461,23.89739990234375,1,0,-1.8538999557495117,28.0,2,0,0.3125,0.6875,2,0,0.3199999928474426,0.20000000298023224,3,0,0.0,0.0
30.931,49200,11000,3.666667,0,1.0166666507720947,50,0,2.5,-1,0,10,7,-1.0,-1.0,-1.0,-1.0,6235944,1,2,2,2,0,0,0,1,0,-4.6653265953063965,14.29814338684082,-12.175519943237305,0,0,0,0.0,0,0,7,0,0.45328283309936523,8.914427757263184,1,264,0,0,0,0,0,0,0,0,0,0,0,1,0,2.0,-26.125,1,0,19.04439926147461,23.89739990234375,1,0,-1.8538999557495117,28.0,2,0,0.3125,0.6875,2,0,0.3199999928474426,0.20000000298023224,3,0,0.0,0.0
30.949,49200,11000,3.666667,0,1.0166666507720947,50,0,2.5,-1,0,10,7,-1.0,-1.0,-1.0,-1.0,6235944,1,2,2,2,0,0,0,1,0,-4.6653265953063965,14.29814338684082,-12.175519943237305,0,0,0,0.0,0,0,7,0,0.45328283309936523,8.914427757263184,1,266,0,0,0,0,0,0,0,0,0,0,0,1,0,2.0,-26.125,1,0,19.04439926147461,23.89739990234375,1,0,-1.8538999557495117,28.0,2,0,0.3125,0.6875,2,0,0.3199999928474426,0.20000000298023224,3,0,0.0,0.0
30.966,49200,11000,3.666667,0,1.0166666507720947,50,0,2.5,-1,0,10,7,-1.0,-1.0,-1.0,-1.0,6235944,1,2,2,2,0,0,0,1,0,-4.6653265953063965,14.29814338684082,-12.175519943237305,0,0,0,0.0,0,0,7,0,0.45328283309936523,8.914427757263184,1,268,0,0,0,0,0,0,0,0,0,0,0,1,0,2.0,-26.125,1,0,19.04439926147461,23.89739990234375,1,0,-1.8538999557495117,28.0,2,0,0.3125,0.6875,2,0,0.3199999928474426,0.20000000298023224,3,0,0.0,0.0
30.983,49200,11000,3.666667,0,1.0166666507720947,50,0,2.5,-1,0,10,7,-1.0,-1.0,-1.0,-1.0,6235944,1,2,2,2,0,0,0,1,0,-4.6653265953063965,14.29814338684082,-12.175519943237305,0,0,0,0.0,0,0,7,0,0.45328283309936523,8.914427757263184,1,270,0,0,0,0,0,0,0,0,0,0,0,1,0,2.0,-26.125,1,0,19.04439926147461,23.89739990234375,1,0,-1.8538999557495117,28.0,2,0,0.3125,0.6875,2,0,0.3199999928474426,0.20000000298023224,3,0,0.0,0.0
31.001,49200,11000,3.666667,0,1.0166666507720947,50,0,2.5,-1,0,10,7,-1.0,-1.0,-1.0,-1.0,6235944,1,2,2,2,0,0,0,1,0,-4.6653265953063965,14.29814338684082,-12.175519943237305,0,0,0,0.0,0,0,7,0,0.45328283309936523,8.914427757263184,1,272,0,0,0,0,0,0,0,0,0,0,0,1,0,2.0,-26.125,1,0,19.04439926147461,23.89739990234375,1,0,-1.8538999557495117,28.0,2,0,0.3125,0.6875,2,0,0.3199999928474426,0.20000000298023224,3,0,0.0,0.0
31.018,49200,11000,3.666667,0,1.0166666507720947,50,0,2.5,-1,0,10,7,-1.0,-1.0,-1.0,-1.0,6235944,1,2,2,2,0,0,0,1,0,-4.6653265953063965,14.29814338684082,-12.175519943237305,0,0,0,0.0,0,0,7,0,0.45328283309936523,8.914427757263184,1,274,0,0,0,0,0,0,0,0,0,0,0,1,0,2.0,-26.125,1,0,19.04439926147461,23.89739990234375,1,0,-1.8538999557495117,28.0,2,0,0.3125,0.6875,2,0,0.3199999928474426,0.20000000298023224,3,0,0.0,0.0
31.036,49200,11000,3.666667,0,1.0166666507720947,50,0,2.5,-1,0,10,7,-1.0,-1.0,-1.0,-1.0,6235944,1,2,2,2,0,0,0,1,0,-4.6653265953063965,14.29814338684082,-12.175519943237305,0,0,0,0.0,0,0,7,0,0.45328283309936523,8.914427757263184,1,278,0,0,0,0,0,0,0,0,0,0,0,1,0,2.0,-26.125,1,0,19.04439926147461,23.89739990234375,1,0,-1.8538999557495117,28.0,2,0,0.3125,0.6875,2,0,0.3199999928474426,0.20000000298023224,3,0,0.0,0.0
31.053,49200,11000,3.666667,0,1.0166666507720947,50,0,2.5,-1,0,10,7,-1.0,-1.0,-1.0,-1.0,6235944,1,2,2,2,0,0,0,1,0,-4.6653265953063965,14.29814338684082,-12.175519943237305,0,0,0,0.0,0,0,7,0,0.45328283309936523,8.914427757263184,1,280,0,0,0,0,0,0,0,0,0,0,0,1,0,2.0,-26.125,1,0,19.04439926147461,23.89739990234375,1,0,-1.8538999557495117,28.0,2,0,0.3125,0.6875,2,0,0.3199999928474426,0.20000000298023224,3,0,0.0,0.0
31.07,49200,11000,3.666667,0,1.0166666507720947,50,0,2.5,-1,0,10,7,-1.0,-1.0,-1.0,-1.0,6235944,1,2,2,2,0,0,0,1,0,-4.6653265953063965,14.29814338684082,-12.175519943237305,0,0,0,0.0,0,0,7,0,0.45328283309936523,8.914427757263184,1,282,0,0,0,0,0,0,0,0,0,0,0,1,0,2.0,-26.125,1,0,19.04439926147461,23.89739990234375,1,0,-1.8538999557495117,28.0,2,0,0.3125,0.6875,2,0,0.3199999928474426,0.20000000298023224,3,0,0.0,0.0
31.087,49200,11000,3.666667,0,1.0166666507720947,50,0,2.5,-1,0,10,7,-1.0,-1.0,-1.0,-1.0,6235944,1,2,2,2,0,0,0,1,0,-4.6653265953063965,14.29814338684082,-12.175519943237305,0,0,0,0.0,0,0,7,0,0.45328283309936523,8.914427757263184,1,284,0,0,0,0,0,0,0,0,0,0,0,1,0,2.0,-26.125,1,0,19.04439926147461,23.89739990234375,1,0,-1.8538999557495117,28.0,2,0,0.3125,0.6875,2,0,0.3199999928474426,0.20000000298023224,3,0,0.0,0.0
31.104,49200,11000,3.666667,0,1.0166666507720947,50,0,2.5,-1,0,10,7,-1.0,-1.0,-1.0,-1.0,6235944,1,2,2,2,0,0,0,1,0,-4.6653265953063965,14.29814338684082,-12.175519943237305,0,0,0,0.0,0,0,7,0,0.45328283309936523,8.914427757263184,1,286,0,0,0,0,0,0,0,0,0,0,0,1,0,2.0,-26.125,1,0,19.04439926147461,23.89739990234375,1,0,-1.8538999557495117,28.0,2,0,0.3125,0.6875,2,0,0.3199999928474426,0.20000000298023224,3,0,0.0,0.0
31.122,49200,11000,3.666667,0,1.0166666507720947,50,0,2.5,-1,0,10,7,-1.0,-1.0,-1.0,-1.0,6235944,1,2,2,2,0,0,0,1,0,-4.6653265953063965,14.29814338684082,-12.175519943237305,0,0,0,0.0,0,0,7,0,0.45328283309936523,8.914427757263184,1,288,0,0,0,0,0,0,0,0,0,0,0,1,0,2.0,-26.125,1,0,19.04439926147461,23.89739990234375,1,0,-1.8538999557495117,28.0,2,0,0.3125,0.6875,2,0,0.3199999928474426,0.20000000298023224,3,0,0.0,0.0
31.139,49200,11000,3.666667,0,1.0166666507720947,50,0,2.5,-1,0,10,7,-1.0,-1.0,-1.0,-1.0,6235944,1,2,2,2,0,0,0,1,0,-4.6653265953063965,14.29814338684082,-12.175519943237305,0,0,0,0.0,0,0,7,0,0.45328283309936523,8.914427757263184,1,290,0,0,0,0,0,0,0,0,0,0,0,1,0,2.0,-26.125,1,0,19.04439926147461,23.89739990234375,1,0,-1.8538999557495117,28.0,2,0,0.3125,0.6875,2,0,0.3199999928474426,0.20000000298023224,3,0,0.0,0.0
31.156,49200,11000,3.666667,0,1.0166666507720947,50,0,2.5,-1,0,10,7,-1.0,-1.0,-1.0,-1.0,6235944,1,2,2,2,0,0,0,1,0,-4.6653265953063965,14.29814338684082,-12.175519943237305,0,0,0,0.0,0,0,7,0,0.45328283309936523,8.914427757263184,1,292,0,0,0,0,0,0,0,0,0,0,0,1,0,2.0,-26.125,1,0,19.04439926147461,23.89739990234375,1,0,-1.8538999557495117,28.0,2,0,0.3125,0.6875,2,0,0.3199999928474426,0.20000000298023224,3,0,0.0,0.0
31.174,49200,11000,3.666667,0,1.0166666507720947,50,0,2.5,-1,0,10,7,-1.0,-1.0,-1.0,-1.0,6235944,1,2,2,2,0,0,0,1,0,-4.6653265953063965,14.29814338684082,-12.175519943237305,0,0,0,0.0,0,0,7,0,0.45328283309936523,8.914427757263184,1,294,0,0,0,0,0,0,0,0,0,0,0,1,0,2.0,-26.125,1,0,19.04439926147461,23.89739990234375,1,0,-1.8538999557495117,28.0,2,0,0.3125,0.6875,2,0,0.3199999928474426,0.20000000298023224,3,0,0.0,0.0
31.191,49200,11000,3.666667,0,1.0166666507720947,50,0,2.5,-1,0,10,7,-1.0,-1.0,-1.0,-1.0,6235944,1,2,2,2,0,0,0,1,0,-4.6653265953063965,14.29814338684082,-12.175519943237305,0,0,0,0.0,0,0,7,0,0.45328283309936523,8.914427757263184,1,296,0,0,0,0,0,0,0,0,0,0,0,1,0,2.0,-26.125,1,0,19.04439926147461,23.89739990234375,1,0,-1.8538999557495117,28.0,2,0,0.3125,0.6875,2,0,0.3199999928474426,0.20000000298023224,3,0,0.0,0.0
31.208,49200,11000,3.666667,0,1.0166666507720947,50,0,2.5,-1,0,10,7,-1.0,-1.0,-1.0,-1.0,6235944,1,2,2,2,0,0,0,1,0,-4.6653265953063965,14.29814338684082,-12.175519943237305,0,0,0,0.0,0,0,7,0,0.45328283309936523,8.914427757263184,1,298,0,0,0,0,0,0,0,0,0,0,0,1,0,2.0,-26.125,1,0,19.04439926147461,23.89739990234375,1,0,-1.8538999557495117,28.0,2,0,0.3125,0.6875,2,0,0.3199999928474426,0.20000000298023224,3,0,0.0,0.0
31.226,49200,11000,3.666667,0,1.0166666507720947,50,0,2.5,-1,0,10,7,-1.0,-1.0,-1.0,-1.0,6235944,1,2,2,2,0,0,0,1,0,-4.6653265953063965,14.29814338684082,-12.175519943237305,0,0,0,0.0,0,0,7,0,0.45328283309936523,8.914427757263184,1,300,0,0,0,0,0,0,0,0,0,0,0,1,0,2.0,-26.125,1,0,19.04439926147461,23.89739990234375,1,0,-1.8538999557495117,28.0,2,0,0.3125,0.6875,2,0,0.3199999928474426,0.20000000298023224,3,0,0.0,0.0
31.243,49200,11000,3.666667,0,1.0166666507720947,50,0,2.5,-1,0,10,7,-1.0,-1.0,-1.0,-1.0,6235944,1,2,2,2,0,0,0,1,0,-4.6653265953063965,14.29814338684082,-12.175519943237305,0,0,0,0.0,0,0,7,0,0.45328283309936523,8.914427757263184,1,302,0,0,0,0,0,0,0,0,0,0,0,1,0,2.0,-26.125,1,0,19.04439926147461,23.89739990234375,1,0,-1.8538999557495117,28.0,2,0,0.3125,0.6875,2,0,0.3199999928474426,0.20000000298023224,3,0,0.0,0.0
31.26,49200,11000,3.666667,0,1.0166666507720947,50,0,2.5,-1,0,10,7,-1.0,-1.0,-1.0,-1.0,6235944,1,2,2,2,0,0,0,1,0,-4.6653265953063965,14.29814338684082,-12.175519943237305,0,0,0,0.0,0,0,7,0,0.45328283309936523,8.914427757263184,1,304,0,0,0,0,0,0,0,0,0,0,0,1,0,2.0,-26.125,1,0,19.04439926147461,23.89739990234375,1,0,-1.8538999557495117,28.0,2,0,0.3125,0.6875,2,0,0.3199999928474426,0.20000000298023224,3,0,0.0,0.0
31.278,49200,11000,3.666667,0,1.0166666507720947,50,0,2.5,-1,0,10,7,-1.0,-1.0,-1.0,-1.0,6235944,1,2,2,2,0,0,0,1,0,-4.6653265953063965,14.29814338684082,-12.175519943237305,0,0,0,0.0,0,0,7,0,0.45328283309936523,8.914427757263184,1,306,0,0,0,0,0,0,0,0,0,0,0,1,0,2.0,-26.125,1,0,19.04439926147461,23.89739990234375,1,0,-1.8538999557495117,28.0,2,0,0.3125,0.6875,2,0,0.3199999928474426,0.20000000298023224,3,0,0.0,0.0
31.295,49200,11000,3.666667,0,1.0166666507720947,50,0,2.5,-1,0,10,7,-1.0,-1.0,-1.0,-1.0,6235944,1,2,2,2,0,0,0,1,0,-4.6653265953063965,14.29814338684082,-12.175519943237305,0,0,0,0.0,0,0,7,0,0.45328283309936523,8.914427757263184,1,308,0,0,0,0,0,0,0,0,0,0,0,1,0,2.0,-26.125,1,0,19.04439926147461,23.89739990234375,1,0,-1.8538999557495117,28.0,2,0,0.3125,0.6875,2,0,0.3199999928474426,0.20000000298023224,3,0,0.0,0.0
31.312,49200,11000,3.666667,0,1.0166666507720947,50,0,2.5,-1,0,10,7,-1.0,-1.0,-1.0,-1.0,6235944,1,2,2,2,0,0,0,1,0,-4.6653265953063965,14.29814338684082,-12.175519943237305,0,0,0,0.0,0,0,7,0,0.45328283309936523,8.914427757263184,1,310,0,0,0,0,0,0,0,0,0,0,0,1,0,2.0,-26.125,1,0,19.04439926147461,23.89739990234375,1,0,-1.8538999557495117,28.0,2,0,0.3125,0.6875,2,0,0.3199999928474426,0.20000000298023224,3,0,0.0,0.0
31.33,49200,11000,3.666667,0,1.0166666507720947,50,0,2.5,-1,0,10,7,-1.0,-1.0,-1.0,-1.0,6235944,1,2,2,2,0,0,0,1,0,-4.6653265953063965,14.29814338684082,-12.175519943237305,0,0,0,0.0,0,0,7,0,0.45328283309936523,8.914427757263184,1,312,0,0,0,0,0,0,0,0,0,0,0,1,0,2.0,-26.125,1,0,19.04439926147461,23.89739990234375,1,0,-1.8538999557495117,28.0,2,0,0.3125,0.6875,2,0,0.3199999928474426,0.20000000298023224,3,0,0.0,0.0
31.347,49200,11000,3.666667,0,1.0166666507720947,50,0,2.5,-1,0,10,7,-1.0,-1.0,-1.0,-1.0,6235944,1,2,2,2,0,0,0,1,0,-4.6653265953063965,14.29814338684082,-12.175519943237305,0,0,0,0.0,0,0,7,0,0.45328283309936523,8.914427757263184,1,314,0,0,0,0,0,0,0,0,0,0,0,1,0,2.0,-26.125,1,0,19.04439926147461,23.89739990234375,1,0,-1.8538999557495117,28.0,2,0,0.3125,0.6875,2,0,0.3199999928474426,0.20000000298023224,3,0,0.0,0.0
31.364,49200,11000,3.666667,0,1.0166666507720947,50,0,2.5,-1,0,10,7,-1.0,-1.0,-1.0,-1.0,6235944,1,2,2,2,0,0,0,1,0,-4.6653265953063965,14.29814338684082,-12.175519943237305,0,0,0,0.0,0,0,7,0,0.45328283309936523,8.914427757263184,1,316,0,0,0,0,0,0,0,0,0,0,0,1,0,2.0,-26.125,1,0,19.04439926147461,23.89739990234375,1,0,-1.8538999557495117,28.0,2,0,0.3125,0.6875,2,0,0.3199999928474426,0.20000000298023224,3,0,0.0,0.0
31.382,49200,11000,3.666667,0,1.0166666507720947,50,0,2.5,-1,0,10,7,-1.0,-1.0,-1.0,-1.0,6235944,1,2,2,2,0,0,0,1,0,-4.6653265953063965,14.29814338684082,-12.175519943237305,0,0,0,0.0,0,0,7,0,0.45328283309936523,8.914427757263184,1,318,0,0,0,0,0,0,0,0,0,0,0,1,0,2.0,-26.125,1,0,19.04439926147461,23.89739990234375,1,0,-1.8538999557495117,28.0,2,0,0.3125,0.6875,2,0,0.3199999928474426,0.20000000298023224,3,0,0.0,0.0
31.399,49200,11000,3.666667,0,1.0166666507720947,50,0,2.5,-1,0,10,7,-1.0,-1.0,-1.0,-1.0,6235944,1,2,2,2,0,0,0,1,0,-4.6653265953063965,14.29814338684082,-12.175519943237305,0,0,0,0.0,0,0,7,0,0.45328283309936523,8.914427757263184,1,320,0,0,0,0,0,0,0,0,0,0,0,1,0,2.0,-26.125,1,0,19.04439926147461,23.89739990234375,1,0,-1.8538999557495117,28.0,2,0,0.3125,0.6875,2,0,0.3199999928474426,0.20000000298023224,3,0,0.0,0.0
31.416,49200,11000,3.666667,0,1.0166666507720947,50,0,2.5,-1,0,10,7,-1.0,-1.0,-1.0,-1.0,6235944,1,2,2,2,0,0,0,1,0,-4.6653265953063965,14.29814338684082,-12.175519943237305,0,0,0,0.0,0,0,7,0,0.45328283309936523,8.914427757263184,1,322,0,0,0,0,0,0,0,0,0,0,0,1,0,2.0,-26.125,1,0,19.04439926147461,23.89739990234375,1,0,-1.8538999557495117,28.0,2,0,0.3125,0.6875,2,0,0.3199999928474426,0.20000000298023224,3,0,0.0,0.0
31.433,49200,11000,3.666667,0,1.0166666507720947,50,0,2.5,-1,0,10,7,-1.0,-1.0,-1.0,-1.0,6235944,1,2,2,2,0,0,0,1,0,-4.6653265953063965,14.29814338684082,-12.175519943237305,0,0,0,0.0,0,0,7,0,0.45328283309936523,8.914427757263184,1,324,0,0,0,0,0,0,0,0,0,0,0,1,0,2.0,-26.125,1,0,19.04439926147461,23.89739990234375,1,0,-1.8538999557495117,28.0,2,0,0.3125,0.6875,2,0,0.3199999928474426,0.20000000298023224,3,0,0.0,0.0
31.45,49200,11000,3.666667,0,1.0166666507720947,50,0,2.5,-1,0,10,7,-1.0,-1.0,-1.0,-1.0,6235944,1,2,2,2,0,0,0,1,0,-4.6653265953063965,14.29814338684082,-12.175519943237305,0,0,0,0.0,0,0,7,0,0.45328283309936523,8.914427757263184,1,326,0,0,0,0,0,0,0,0,0,0,0,1,0,2.0,-26.125,1,0,19.04439926147461,23.89739990234375,1,0,-1.8538999557495117,28.0,2,0,0.3125,0.6875,2,0,0.3199999928474426,0.20000000298023224,3,0,0.0,0.0
31.468,49200,11000,3.666667,0,1.0166666507720947,50,0,2.5,-1,0,10,7,-1.0,-1.0,-1.0,-1.0,6235944,1,2,2,2,0,0,0,1,0,-4.6653265953063965,14.29814338684082,-12.175519943237305,0,0,0,0.0,0,0,7,0,0.45328283309936523,8.914427757263184,1,328,0,0,0,0,0,0,0,0,0,0,0,1,0,2.0,-26.125,1,0,19.04439926147461,23.89739990234375,1,0,-1.8538999557495117,28.0,2,0,0.3125,0.6875,2,0,0.3199999928474426,0.20000000298023224,3,0,0.0,0.0
31.485,49200,11000,3.666667,0,1.0166666507720947,50,0,2.5,-1,0,10,7,-1.0,-1.0,-1.0,-1.0,6235944,1,2,2,2,0,0,0,1,0,-4.6653265953063965,14.29814338684082,-12.175519943237305,0,0,0,0.0,0,0,7,0,0.45328283309936523,8.914427757263184,1,332,0,0,0,0,0,0,0,0,0,0,0,1,0,2.0,-26.125,1,0,19.04439926147461,23.89739990234375,1,0,-1.8538999557495117,28.0,2,0,0.3125,0.6875,2,0,0.3199999928474426,0.20000000298023224,3,0,0.0,0.0
31.503,49200,11000,3.666667,0,1.0166666507720947,50,0,2.5,-1,0,10,7,-1.0,-1.0,-1.0,-1.0,6235944,1,2,2,2,0,0,0,1,0,-4.6653265953063965,14.29814338684082,-12.175519943237305,0,0,0,0.0,0,0,7,0,0.45328283309936523,8.914427757263184,1,334,0,0,0,0,0,0,0,0,0,0,0,1,0,2.0,-26.125,1,0,19.04439926147461,23.89739990234375,1,0,-1.8538999557495117,28.0,2,0,0.3125,0.6875,2,0,0.3199999928474426,0.20000000298023224,3,0,0.0,0.0
31.52,49200,11000,3.666667,0,1.0166666507720947,50,0,2.5,-1,0,10,7,-1.0,-1.0,-1.0,-1.0,6235944,1,2,2,2,0,0,0,1,0,-4.6653265953063965,14.29814338684082,-12.175519943237305,0,0,0,0.0,0,0,7,0,0.45328283309936523,8.914427757263184,1,336,0,0,0,0,0,0,0,0,0,0,0,1,0,2.0,-26.125,1,0,19.04439926147461,23.89739990234375,1,0,-1.8538999557495117,28.0,2,0,0.3125,0.6875,2,0,0.3199999928474426,0.20000000298023224,3,0,0.0,0.0
31.538,49200,11000,3.666667,0,1.0166666507720947,50,0,2.5,-1,0,10,7,-1.0,-1.0,-1.0,-1.0,6235944,1,2,2,2,0,0,0,1,0,-4.6653265953063965,14.29814338684082,-12.175519943237305,0,0,0,0.0,0,0,7,0,0.45328283309936523,8.914427757263184,1,338,0,0,0,0,0,0,0,0,0,0,0,1,0,2.0,-26.125,1,0,19.04439926147461,23.89739990234375,1,0,-1.8538999557495117,28.0,2,0,0.3125,0.6875,2,0,0.3199999928474426,0.20000000298023224,3,0,0.0,0.0
31.555,49200,11000,3.666667,0,1.0166666507720947,50,0,2.5,-1,0,10,7,-1.0,-1.0,-1.0,-1.0,6235944,1,2,2,2,0,0,0,1,0,-4.6653265953063965,14.29814338684082,-12.175519943237305,0,0,0,0.0,0,0,7,0,0.45328283309936523,8.914427757263184,1,340,0,0,0,0,0,0,0,0,0,0,0,1,0,2.0,-26.125,1,0,19.04439926147461,23.89739990234375,1,0,-1.8538999557495117,28.0,2,0,0.3125,0.6875,2,0,0.3199999928474426,0.20000000298023224,3,0,0.0,0.0
31.573,49200,11000,3.666667,0,1.0166666507720947,50,0,2.5,-1,0,10,7,-1.0,-1.0,-1.0,-1.0,6235944,1,2,2,2,0,0,0,1,0,-4.6653265953063965,14.29814338684082,-12.175519943237305,0,0,0,0.0,0,0,7,0,0.45328283309936523,8.914427757263184,1,342,0,0,0,0,0,0,0,0,0,0,0,1,0,2.0,-26.125,1,0,19.04439926147461,23.89739990234375,1,0,-1.8538999557495117,28.0,2,0,0.3125,0.6875,2,0,0.3199999928474426,0.20000000298023224,3,0,0.0,0.0
31.59,49200,11000,3.666667,0,1.0166666507720947,50,0,2.5,-1,0,10,7,-1.0,-1.0,-1.0,-1.0,6235944,1,2,2,2,0,0,0,1,0,-4.6653265953063965,14.29814338684082,-12.175519943237305,0,0,0,0.0,0,0,7,0,0.45328283309936523,8.914427757263184,1,344,0,0,0,0,0,0,0,0,0,0,0,1,0,2.0,-26.125,1,0,19.04439926147461,23.89739990234375,1,0,-1.8538999557495117,28.0,2,0,0.3125,0.6875,2,0,0.3199999928474426,0.20000000298023224,3,0,0.0,0.0
31.607,49200,11000,3.666667,0,1.0166666507720947,50,0,2.5,-1,0,10,7,-1.0,-1.0,-1.0,-1.0,6235944,1,2,2,2,0,0,0,1,0,-4.6653265953063965,14.29814338684082,-12.175519943237305,0,0,0,0.0,0,0,7,0,0.45328283309936523,8.914427757263184,1,346,0,0,0,0,0,0,0,0,0,0,0,1,0,2.0,-26.125,1,0,19.04439926147461,23.89739990234375,1,0,-1.8538999557495117,28.0,2,0,0.3125,0.6875,2,0,0.3199999928474426,0.20000000298023224,3,0,0.0,0.0
31.624,49200,11000,3.666667,0,1.0166666507720947,50,0,2.5,-1,0,10,7,-1.0,-1.0,-1.0,-1.0,6235944,1,2,2,2,0,0,0,1,0,-4.6653265953063965,14.29814338684082,-12.175519943237305,0,0,0,0.0,0,0,7,0,0.45328283309936523,8.914427757263184,1,348,0,0,0,0,0,0,0,0,0,0,0,1,0,2.0,-26.125,1,0,19.04439926147461,23.89739990234375,1,0,-1.8538999557495117,28.0,2,0,0.3125,0.6875,2,0,0.3199999928474426,0.20000000298023224,3,0,0.0,0.0
31.641,49200,11000,3.666667,0,1.0166666507720947,50,0,2.5,-1,0,10,7,-1.0,-1.0,-1.0,-1.0,6235944,1,2,2,2,0,0,0,1,0,-4.6653265953063965,14.29814338684082,-12.175519943237305,0,0,0,0.0,0,0,7,0,0.45328283309936523,8.914427757263184,1,350,0,0,0,0,0,0,0,0,0,0,0,1,0,2.0,-26.125,1,0,19.04439926147461,23.89739990234375,1,0,-1.8538999557495117,28.0,2,0,0.3125,0.6875,2,0,0.3199999928474426,0.20000000298023224,3,0,0.0,0.0
31.658,49200,11000,3.666667,0,1.0166666507720947,50,0,2.5,-1,0,10,7,-1.0,-1.0,-1.0,-1.0,6235944,1,2,2,2,0,0,0,1,0,-4.6653265953063965,14.29814338684082,-12.175519943237305,0,0,0,0.0,0,0,7,0,0.45328283309936523,8.914427757263184,1,352,0,0,0,0,0,0,0,0,0,0,0,1,0,2.0,-26.125,1,0,19.04439926147461,23.89739990234375,1,0,-1.8538999557495117,28.0,2,0,0.3125,0.6875,2,0,0.3199999928474426,0.20000000298023224,3,0,0.0,0.0
31.676,49200,11000,3.666667,0,1.0166666507720947,50,0,2.5,-1,0,10,7,-1.0,-1.0,-1.0,-1.0,6235944,1,2,2,2,0,0,0,1,0,-4.6653265953063965,14.29814338684082,-12.175519943237305,0,0,0,0.0,0,0,7,0,0.45328283309936523,8.914427757263184,1,354,0,0,0,0,0,0,0,0,0,0,0,1,0,2.0,-26.125,1,0,19.04439926147461,23.89739990234375,1,0,-1.8538999557495117,28.0,2,0,0.3125,0.6875,2,0,0.3199999928474426,0.20000000298023224,3,0,0.0,0.0
31.693,49200,11000,3.666667,0,1.0166666507720947,50,0,2.5,-1,0,10,7,-1.0,-1.0,-1.0,-1.0,6235944,1,2,2,2,0,0,0,1,0,-4.6653265953063965,14.29814338684082,-12.175519943237305,0,0,0,0.0,0,0,7,0,0.45328283309936523,8.914427757263184,1,356,0,0,0,0,0,0,0,0,0,0,0,1,0,2.0,-26.125,1,0,19.04439926147461,23.89739990234375,1,0,-1.8538999557495117,28.0,2,0,0.3125,0.6875,2,0,0.3199999928474426,0.20000000298023224,3,0,0.0,0.0
31.71,49200,11000,3.666667,0,1.0166666507720947,50,0,2.5,-1,0,10,7,-1.0,-1.0,-1.0,-1.0,6235944,1,2,2,2,0,0,0,1,0,-4.6653265953063965,14.29814338684082,-12.175519943237305,0,0,0,0.0,0,0,7,0,0.45328283309936523,8.914427757263184,1,358,0,0,0,0,0,0,0,0,0,0,0,1,0,2.0,-26.125,1,0,19.04439926147461,23.89739990234375,1,0,-1.8538999557495117,28.0,2,0,0.3125,0.6875,2,0,0.3199999928474426,0.20000000298023224,3,0,0.0,0.0
31.728,49200,11000,3.666667,0,1.0166666507720947,50,0,2.5,-1,0,10,7,-1.0,-1.0,-1.0,-1.0,6235944,1,2,2,2,0,0,0,1,0,-4.6653265953063965,14.29814338684082,-12.175519943237305,0,0,0,0.0,0,0,7,0,0.45328283309936523,8.914427757263184,1,360,0,0,0,0,0,0,0,0,0,0,0,1,0,2.0,-26.125,1,0,19.04439926147461,23.89739990234375,1,0,-1.8538999557495117,28.0,2,0,0.3125,0.6875,2,0,0.3199999928474426,0.20000000298023224,3,0,0.0,0.0
31.745,49200,11000,3.666667,0,1.0166666507720947,50,0,2.5,-1,0,10,7,-1.0,-1.0,-1.0,-1.0,6235944,1,2,2,2,0,0,0,1,0,-4.6653265953063965,14.29814338684082,-12.175519943237305,0,0,0,0.0,0,0,7,0,0.45328283309936523,8.914427757263184,1,362,0,0,0,0,0,0,0,0,0,0,0,1,0,2.0,-26.125,1,0,19.04439926147461,23.89739990234375,1,0,-1.8538999557495117,28.0,2,0,0.3125,0.6875,2,0,0.3199999928474426,0.20000000298023224,3,0,0.0,0.0
31.762,49200,11000,3.666667,0,1.0166666507720947,50,0,2.5,-1,0,10,7,-1.0,-1.0,-1.0,-1.0,6235944,1,2,2,2,0,0,0,1,0,-4.6653265953063965,14.29814338684082,-12.175519943237305,0,0,0,0.0,0,0,7,0,0.45328283309936523,8.914427757263184,1,364,0,0,0,0,0,0,0,0,0,0,0,1,0,2.0,-26.125,1,0,19.04439926147461,23.89739990234375,1,0,-1.8538999557495117,28.0,2,0,0.3125,0.6875,2,0,0.3199999928474426,0.20000000298023224,3,0,0.0,0.0
31.779,49200,11000,3.666667,0,1.0166666507720947,50,0,2.5,-1,0,10,7,-1.0,-1.0,-1.0,-1.0,6235944,1,2,2,2,0,0,0,1,0,-4.6653265953063965,14.29814338684082,-12.175519943237305,0,0,0,0.0,0,0,7,0,0.45328283309936523,8.914427757263184,1,366,0,0,0,0,0,0,0,0,0,0,0,1,0,2.0,-26.125,1,0,19.04439926147461,23.89739990234375,1,0,-1.8538999557495117,28.0,2,0,0.3125,0.6875,2,0,0.3199999928474426,0.20000000298023224,3,0,0.0,0.0
31.797,49200,11000,3.666667,0,1.0166666507720947,50,0,2.5,-1,0,10,7,-1.0,-1.0,-1.0,-1.0,6235944,1,2,2,2,0,0,0,1,0,-4.6653265953063965,14.29814338684082,-12.175519943237305,0,0,0,0.0,0,0,7,0,0.45328283309936523,8.914427757263184,1,368,0,0,0,0,0,0,0,0,0,0,0,1,0,2.0,-26.125,1,0,19.04439926147461,23.89739990234375,1,0,-1.8538999557495117,28.0,2,0,0.3125,0.6875,2,0,0.3199999928474426,0.20000000298023224,3,0,0.0,0.0
31.814,49200,11000,3.666667,0,1.0166666507720947,50,0,2.5,-1,0,10,7,-1.0,-1.0,-1.0,-1.0,6235944,1,2,2,2,0,0,0,1,0,-4.6653265953063965,14.29814338684082,-12.175519943237305,0,0,0,0.0,0,0,7,0,0.45328283309936523,8.914427757263184,1,370,0,0,0,0,0,0,0,0,0,0,0,1,0,2.0,-26.125,1,0,19.04439926147461,23.89739990234375,1,0,-1.8538999557495117,28.0,2,0,0.3125,0.6875,2,0,0.3199999928474426,0.20000000298023224,3,0,0.0,0.0
31.832,49200,11000,3.666667,0,1.0166666507720947,50,0,2.5,-1,0,10,7,-1.0,-1.0,-1.0,-1.0,6235944,1,2,2,2,0,0,0,1,0,-4.6653265953063965,14.29814338684082,-12.175519943237305,0,0,0,0.0,0,0,7,0,0.45328283309936523,8.914427757263184,1,372,0,0,0,0,0,0,0,0,0,0,0,1,0,2.0,-26.125,1,0,19.04439926147461,23.89739990234375,1,0,-1.8538999557495117,28.0,2,0,0.3125,0.6875,2,0,0.3199999928474426,0.20000000298023224,3,0,0.0,0.0
31.849,49200,11000,3.666667,0,1.0166666507720947,50,0,2.5,-1,0,10,7,-1.0,-1.0,-1.0,-1.0,6235944,1,2,2,2,0,0,0,1,0,-4.6653265953063965,14.29814338684082,-12.175519943237305,0,0,0,0.0,0,0,7,0,0.45328283309936523,8.914427757263184,1,374,0,0,0,0,0,0,0,0,0,0,0,1,0,2.0,-26.125,1,0,19.04439926147461,23.89739990234375,1,0,-1.8538999557495117,28.0,2,0,0.3125,0.6875,2,0,0.3199999928474426,0.20000000298023224,3,0,0.0,0.0
31.866,49200,11000,3.666667,0,1.0166666507720947,50,0,2.5,-1,0,10,7,-1.0,-1.0,-1.0,-1.0,6235944,1,2,2,2,0,0,0,1,0,-4.6653265953063965,14.29814338684082,-12.175519943237305,0,0,0,0.0,0,0,7,0,0.45328283309936523,8.914427757263184,1,376,0,0,0,0,0,0,0,0,0,0,0,1,0,2.0,-26.125,1,0,19.04439926147461,23.89739990234375,1,0,-1.8538999557495117,28.0,2,0,0.3125,0.6875,2,0,0.3199999928474426,0.20000000298023224,3,0,0.0,0.0
31.883,49200,11000,3.666667,0,1.0166666507720947,50,0,2.5,-1,0,10,7,-1.0,-1.0,-1.0,-1.0,6235944,1,2,2,2,0,0,0,1,0,-4.6653265953063965,14.29814338684082,-12.175519943237305,0,0,0,0.0,0,0,7,0,0.45328283309936523,8.914427757263184,1,378,0,0,0,0,0,0,0,0,0,0,0,1,0,2.0,-26.125,1,0,19.04439926147461,23.89739990234375,1,0,-1.8538999557495117,28.0,2,0,0.3125,0.6875,2,0,0.3199999928474426,0.20000000298023224,3,0,0.0,0.0
31.901,49200,11000,3.666667,0,1.0166666507720947,50,0,2.5,-1,0,10,7,-1.0,-1.0,-1.0,-1.0,6235944,1,2,2,2,0,0,0,1,0,-4.6653265953063965,14.29814338684082,-12.175519943237305,0,0,0,0.0,0,0,7,0,0.45328283309936523,8.914427757263184,1,380,0,0,0,0,0,0,0,0,0,0,0,1,0,2.0,-26.125,1,0,19.04439926147461,23.89739990234375,1,0,-1.8538999557495117,28.0,2,0,0.3125,0.6875,2,0,0.3199999928474426,0.20000000298023224,3,0,0.0,0.0
31.918,49200,11000,3.666667,0,1.0166666507720947,50,0,2.5,-1,0,10,7,-1.0,-1.0,-1.0,-1.0,6235944,1,2,2,2,0,0,0,1,0,-4.6653265953063965,14.29814338684082,-12.175519943237305,0,0,0,0.0,0,0,7,0,0.45328283309936523,8.914427757263184,1,382,0,0,0,0,0,0,0,0,0,0,0,1,0,2.0,-26.125,1,0,19.04439926147461,23.89739990234375,1,0,-1.8538999557495117,28.0,2,0,0.3125,0.6875,2,0,0.3199999928474426,0.20000000298023224,3,0,0.0,0.0
31.935,49200,11000,3.666667,0,1.0166666507720947,50,0,2.5,-1,0,10,7,-1.0,-1.0,-1.0,-1.0,6235944,1,2,2,2,0,0,0,1,0,-4.6653265953063965,14.29814338684082,-12.175519943237305,0,0,0,0.0,0,0,7,0,0.45328283309936523,8.914427757263184,1,386,0,0,0,0,0,0,0,0,0,0,0,1,0,2.0,-26.125,1,0,19.04439926147461,23.89739990234375,1,0,-1.8538999557495117,28.0,2,0,0.3125,0.6875,2,0,0.3199999928474426,0.20000000298023224,3,0,0.0,0.0
31.953,49200,11000,3.666667,0,1.0166666507720947,50,0,2.5,-1,0,10,7,-1.0,-1.0,-1.0,-1.0,6235944,1,2,2,2,0,0,0,1,0,-4.6653265953063965,14.29814338684082,-12.175519943237305,0,0,0,0.0,0,0,7,0,0.45328283309936523,8.914427757263184,1,388,0,0,0,0,0,0,0,0,0,0,0,1,0,2.0,-26.125,1,0,19.04439926147461,23.89739990234375,1,0,-1.8538999557495117,28.0,2,0,0.3125,0.6875,2,0,0.3199999928474426,0.20000000298023224,3,0,0.0,0.0
31.97,49200,11000,3.666667,0,1.0166666507720947,50,0,2.5,-1,0,10,7,-1.0,-1.0,-1.0,-1.0,6235944,1,2,2,2,0,0,0,1,0,-4.6653265953063965,14.29814338684082,-12.175519943237305,0,0,0,0.0,0,0,7,0,0.45328283309936523,8.914427757263184,1,390,0,0,0,0,0,0,0,0,0,0,0,1,0,2.0,-26.125,1,0,19.04439926147461,23.89739990234375,1,0,-1.8538999557495117,28.0,2,0,0.3125,0.6875,2,0,0.3199999928474426,0.20000000298023224,3,0,0.0,0.0
31.987,49200,11000,3.666667,0,1.0166666507720947,50,0,2.5,-1,0,10,7,-1.0,-1.0,-1.0,-1.0,6235944,1,2,2,2,0,0,0,1,0,-4.6653265953063965,14.29814338684082,-12.175519943237305,0,0,0,0.0,0,0,7,0,0.45328283309936523,8.914427757263184,1,392,0,0,0,0,0,0,0,0,0,0,0,1,0,2.0,-26.125,1,0,19.04439926147461,23.89739990234375,1,0,-1.8538999557495117,28.0,2,0,0.3125,0.6875,2,0,0.3199999928474426,0.20000000298023224,3,0,0.0,0.0
32.005,49200,11000,3.666667,0,1.0166666507720947,50,0,2.5,-1,0,10,7,-1.0,-1.0,-1.0,-1.0,6235944,1,2,2,2,0,0,0,1,0,-4.6653265953063965,14.29814338684082,-12.175519943237305,0,0,0,0.0,0,0,7,0,0.45328283309936523,8.914427757263184,1,394,0,0,0,0,0,0,0,0,0,0,0,1,0,2.0,-26.125,1,0,19.04439926147461,23.89739990234375,1,0,-1.8538999557495117,28.0,2,0,0.3125,0.6875,2,0,0.3199999928474426,0.20000000298023224,3,0,0.0,0.0
32.022,49200,11000,3.666667,0,1.0166666507720947,50,0,2.5,-1,0,10,7,-1.0,-1.0,-1.0,-1.0,6235944,1,2,2,2,0,0,0,1,0,-4.6653265953063965,14.29814338684082,-12.175519943237305,0,0,0,0.0,0,0,7,0,0.45328283309936523,8.914427757263184,1,396,0,0,0,0,0,0,0,0,0,0,0,1,0,2.0,-26.125,1,0,19.04439926147461,23.89739990234375,1,0,-1.8538999557495117,28.0,2,0,0.3125,0.6875,2,0,0.3199999928474426,0.20000000298023224,3,0,0.0,0.0
32.039,49200,11000,3.666667,0,1.0166666507720947,50,0,2.5,-1,0,10,7,-1.0,-1.0,-1.0,-1.0,6235944,1,2,2,2,0,0,0,1,0,-4.6653265953063965,14.29814338684082,-12.175519943237305,0,0,0,0.0,0,0,7,0,0.45328283309936523,8.914427757263184,1,398,0,0,0,0,0,0,0,0,0,0,0,1,0,2.0,-26.125,1,0,19.04439926147461,23.89739990234375,1,0,-1.8538999557495117,28.0,2,0,0.3125,0.6875,2,0,0.3199999928474426,0.20000000298023224,3,0,0.0,0.0
32.056,49200,11000,3.666667,0,1.0166666507720947,50,0,2.5,-1,0,10,7,-1.0,-1.0,-1.0,-1.0,6235944,1,2,2,2,0,0,0,1,0,-4.6653265953063965,14.29814338684082,-12.175519943237305,0,0,0,0.0,0,0,7,0,0.45328283309936523,8.914427757263184,1,400,0,0,0,0,0,0,0,0,0,0,0,1,0,2.0,-26.125,1,0,19.04439926147461,23.89739990234375,1,0,-1.8538999557495117,28.0,2,0,0.3125,0.6875,2,0,0.3199999928474426,0.20000000298023224,3,0,0.0,0.0
32.073,49200,11000,3.666667,0,1.0166666507720947,50,0,2.5,-1,0,10,7,-1.0,-1.0,-1.0,-1.0,6235944,1,2,2,2,0,0,0,1,0,-4.6653265953063965,14.29814338684082,-12.175519943237305,0,0,0,0.0,0,0,7,0,0.45328283309936523,8.914427757263184,1,402,0,0,0,0,0,0,0,0,0,0,0,1,0,2.0,-26.125,1,0,19.04439926147461,23.89739990234375,1,0,-1.8538999557495117,28.0,2,0,0.3125,0.6875,2,0,0.3199999928474426,0.20000000298023224,3,0,0.0,0.0
32.091,49200,11000,3.666667,0,1.0166666507720947,50,0,2.5,-1,0,10,7,-1.0,-1.0,-1.0,-1.0,6235944,1,2,2,2,0,0,0,1,0,-4.6653265953063965,14.29814338684082,-12.175519943237305,0,0,0,0.0,0,0,7,0,0.45328283309936523,8.914427757263184,1,404,0,0,0,0,0,0,0,0,0,0,0,1,0,2.0,-26.125,1,0,19.04439926147461,23.89739990234375,1,0,-1.8538999557495117,28.0,2,0,0.3125,0.6875,2,0,0.3199999928474426,0.20000000298023224,3,0,0.0,0.0
32.108,49200,11000,3.666667,0,1.0166666507720947,50,0,2.5,-1,0,10,7,-1.0,-1.0,-1.0,-1.0,6235944,1,2,2,2,0,0,0,1,0,-4.6653265953063965,14.29814338684082,-12.175519943237305,0,0,0,0.0,0,0,7,0,0.45328283309936523,8.914427757263184,1,406,0,0,0,0,0,0,0,0,0,0,0,1,0,2.0,-26.125,1,0,19.04439926147461,23.89739990234375,1,0,-1.8538999557495117,28.0,2,0,0.3125,0.6875,2,0,0.3199999928474426,0.20000000298023224,3,0,0.0,0.0
32.125,49200,11000,3.666667,0,1.0166666507720947,50,0,2.5,-1,0,10,7,-1.0,-1.0,-1.0,-1.0,6235944,1,2,2,2,0,0,0,1,0,-4.6653265953063965,14.29814338684082,-12.175519943237305,0,0,0,0.0,0,0,7,0,0.45328283309936523,8.914427757263184,1,408,0,0,0,0,0,0,0,0,0,0,0,1,0,2.0,-26.125,1,0,19.04439926147461,23.89739990234375,1,0,-1.8538999557495117,28.0,2,0,0.3125,0.6875,2,0,0.3199999928474426,0.20000000298023224,3,0,0.0,0.0
32.142,49200,11000,3.666667,0,1.0166666507720947,50,0,2.5,-1,0,10,7,-1.0,-1.0,-1.0,-1.0,6235944,1,2,2,2,0,0,0,1,0,-4.6653265953063965,14.29814338684082,-12.175519943237305,0,0,0,0.0,0,0,7,0,0.45328283309936523,8.914427757263184,1,410,0,0,0,0,0,0,0,0,0,0,0,1,0,2.0,-26.125,1,0,19.04439926147461,23.89739990234375,1,0,-1.8538999557495117,28.0,2,0,0.3125,0.6875,2,0,0.3199999928474426,0.20000000298023224,3,0,0.0,0.0
32.16,49200,11000,3.666667,0,1.0166666507720947,50,0,2.5,-1,0,10,7,-1.0,-1.0,-1.0,-1.0,6235944,1,2,2,2,0,0,0,1,0,-4.6653265953063965,14.29814338684082,-12.175519943237305,0,0,0,0.0,0,0,7,0,0.45328283309936523,8.914427757263184,1,412,0,0,0,0,0,0,0,0,0,0,0,1,0,2.0,-26.125,1,0,19.04439926147461,23.89739990234375,1,0,-1.8538999557495117,28.0,2,0,0.3125,0.6875,2,0,0.3199999928474426,0.20000000298023224,3,0,0.0,0.0
32.177,49200,11000,3.666667,0,1.0166666507720947,50,0,2.5,-1,0,10,7,-1.0,-1.0,-1.0,-1.0,6235944,1,2,2,2,0,0,0,1,0,-4.6653265953063965,14.29814338684082,-12.175519943237305,0,0,0,0.0,0,0,7,0,0.45328283309936523,8.914427757263184,1,414,0,0,0,0,0,0,0,0,0,0,0,1,0,2.0,-26.125,1,0,19.04439926147461,23.89739990234375,1,0,-1.8538999557495117,28.0,2,0,0.3125,0.6875,2,0,0.3199999928474426,0.20000000298023224,3,0,0.0,0.0
32.194,49200,11000,3.666667,0,1.0166666507720947,50,0,2.5,-1,0,10,7,-1.0,-1.0,-1.0,-1.0,6235944,1,2,2,2,0,0,0,1,0,-4.6653265953063965,14.29814338684082,-12.175519943237305,0,0,0,0.0,0,0,7,0,0.45328283309936523,8.914427757263184,1,416,0,0,0,0,0,0,0,0,0,0,0,1,0,2.0,-26.125,1,0,19.04439926147461,23.89739990234375,1,0,-1.8538999557495117,28.0,2,0,0.3125,0.6875,2,0,0.3199999928474426,0.20000000298023224,3,0,0.0,0.0
32.212,49200,11000,3.666667,0,1.0166666507720947,50,0,2.5,-1,0,10,7,-1.0,-1.0,-1.0,-1.0,6235944,1,2,2,2,0,0,0,1,0,-4.6653265953063965,14.29814338684082,-12.175519943237305,0,0,0,0.0,0,0,7,0,0.45328283309936523,8.914427757263184,1,418,0,0,0,0,0,0,0,0,0,0,0,1,0,2.0,-26.125,1,0,19.04439926147461,23.89739990234375,1,0,-1.8538999557495117,28.0,2,0,0.3125,0.6875,2,0,0.3199999928474426,0.20000000298023224,3,0,0.0,0.0
32.229,49200,11000,3.666667,0,1.0166666507720947,50,0,2.5,-1,0,10,7,-1.0,-1.0,-1.0,-1.0,6235944,1,2,2,2,0,0,0,1,0,-4.6653265953063965,14.29814338684082,-12.175519943237305,0,0,0,0.0,0,0,7,0,0.45328283309936523,8.914427757263184,1,420,0,0,0,0,0,0,0,0,0,0,0,1,0,2.0,-26.125,1,0,19.04439926147461,23.89739990234375,1,0,-1.8538999557495117,28.0,2,0,0.3125,0.6875,2,0,0.3199999928474426,0.20000000298023224,3,0,0.0,0.0
32.246,49200,11000,3.666667,0,1.0166666507720947,50,0,2.5,-1,0,10,7,-1.0,-1.0,-1.0,-1.0,6235944,1,2,2,2,0,0,0,1,0,-4.6653265953063965,14.29814338684082,-12.175519943237305,0,0,0,0.0,0,0,7,0,0.45328283309936523,8.914427757263184,1,422,0,0,0,0,0,0,0,0,0,0,0,1,0,2.0,-26.125,1,0,19.04439926147461,23.89739990234375,1,0,-1.8538999557495117,28.0,2,0,0.3125,0.6875,2,0,0.3199999928474426,0.20000000298023224,3,0,0.0,0.0
32.264,49200,11000,3.666667,0,1.0166666507720947,50,0,2.5,-1,0,10,7,-1.0,-1.0,-1.0,-1.0,6235944,1,2,2,2,0,0,0,1,0,-4.6653265953063965,14.29814338684082,-12.175519943237305,0,0,0,0.0,0,0,7,0,0.45328283309936523,8.914427757263184,1,424,0,0,0,0,0,0,0,0,0,0,0,1,0,2.0,-26.125,1,0,19.04439926147461,23.89739990234375,1,0,-1.8538999557495117,28.0,2,0,0.3125,0.6875,2,0,0.3199999928474426,0.20000000298023224,3,0,0.0,0.0
32.281,49200,11000,3.666667,0,1.0166666507720947,50,0,2.5,-1,0,10,7,-1.0,-1.0,-1.0,-1.0,6235944,1,2,2,2,0,0,0,1,0,-4.6653265953063965,14.29814338684082,-12.175519943237305,0,0,0,0.0,0,0,7,0,0.45328283309936523,8.914427757263184,1,426,0,0,0,0,0,0,0,0,0,0,0,1,0,2.0,-26.125,1,0,19.04439926147461,23.89739990234375,1,0,-1.8538999557495117,28.0,2,0,0.3125,0.6875,2,0,0.3199999928474426,0.20000000298023224,3,0,0.0,0.0
32.298,49200,11000,3.666667,0,1.0166666507720947,50,0,2.5,-1,0,10,7,-1.0,-1.0,-1.0,-1.0,6235944,1,2,2,2,0,0,0,1,0,-4.6653265953063965,14.29814338684082,-12.175519943237305,0,0,0,0.0,0,0,7,0,0.45328283309936523,8.914427757263184,1,428,0,0,0,0,0,0,0,0,0,0,0,1,0,2.0,-26.125,1,0,19.04439926147461,23.89739990234375,1,0,-1.8538999557495117,28.0,2,0,0.3125,0.6875,2,0,0.3199999928474426,0.20000000298023224,3,0,0.0,0.0
32.315,49200,11000,3.666667,0,1.0166666507720947,50,0,2.5,-1,0,10,7,-1.0,-1.0,-1.0,-1.0,6235944,1,2,2,2,0,0,0,1,0,-4.6653265953063965,14.29814338684082,-12.175519943237305,0,0,0,0.0,0,0,7,0,0.45328283309936523,8.914427757263184,1,430,0,0,0,0,0,0,0,0,0,0,0,1,0,2.0,-26.125,1,0,19.04439926147461,23.89739990234375,1,0,-1.8538999557495117,28.0,2,0,0.3125,0.6875,2,0,0.3199999928474426,0.20000000298023224,3,0,0.0,0.0
32.333,49200,11000,3.666667,0,1.0166666507720947,50,0,2.5,-1,0,10,7,-1.0,-1.0,-1.0,-1.0,6235944,1,2,2,2,0,0,0,1,0,-4.6653265953063965,14.29814338684082,-12.175519943237305,0,0,0,0.0,0,0,7,0,0.45328283309936523,8.914427757263184,1,432,0,0,0,0,0,0,0,0,0,0,0,1,0,2.0,-26.125,1,0,19.04439926147461,23.89739990234375,1,0,-1.8538999557495117,28.0,2,0,0.3125,0.6875,2,0,0.3199999928474426,0.20000000298023224,3,0,0.0,0.0
32.35,49200,11000,3.666667,0,1.0166666507720947,50,0,2.5,-1,0,10,7,-1.0,-1.0,-1.0,-1.0,6235944,1,2,2,2,0,0,0,1,0,-4.6653265953063965,14.29814338684082,-12.175519943237305,0,0,0,0.0,0,0,7,0,0.45328283309936523,8.914427757263184,1,434,0,0,0,0,0,0,0,0,0,0,0,1,0,2.0,-26.125,1,0,19.04439926147461,23.89739990234375,1,0,-1.8538999557495117,28.0,2,0,0.3125,0.6875,2,0,0.3199999928474426,0.20000000298023224,3,0,0.0,0.0
32.367,49200,11000,3.666667,0,1.0166666507720947,50,0,2.5,-1,0,10,7,-1.0,-1.0,-1.0,-1.0,6235944,1,2,2,2,0,0,0,1,0,-4.6653265953063965,14.29814338684082,-12.175519943237305,0,0,0,0.0,0,0,7,0,0.45328283309936523,8.914427757263184,1,436,0,0,0,0,0,0,0,0,0,0,0,1,0,2.0,-26.125,1,0,19.04439926147461,23.89739990234375,1,0,-1.8538999557495117,28.0,2,0,0.3125,0.6875,2,0,0.3199999928474426,0.20000000298023224,3,0,0.0,0.0
32.385,49200,11000,3.666667,0,1.0166666507720947,50,0,2.5,-1,0,10,7,-1.0,-1.0,-1.0,-1.0,6235944,1,2,2,2,0,0,0,1,0,-4.6653265953063965,14.29814338684082,-12.175519943237305,0,0,0,0.0,0,0,7,0,0.45328283309936523,8.914427757263184,1,438,0,0,0,0,0,0,0,0,0,0,0,1,0,2.0,-26.125,1,0,19.04439926147461,23.89739990234375,1,0,-1.8538999557495117,28.0,2,0,0.3125,0.6875,2,0,0.3199999928474426,0.20000000298023224,3,0,0.0,0.0
32.402,49200,11000,3.666667,0,1.0166666507720947,50,0,2.5,-1,0,10,7,-1.0,-1.0,-1.0,-1.0,6235944,1,2,2,2,0,0,0,1,0,-4.6653265953063965,14.29814338684082,-12.175519943237305,0,0,0,0.0,0,0,7,0,0.45328283309936523,8.914427757263184,1,440,0,0,0,0,0,0,0,0,0,0,0,1,0,2.0,-26.125,1,0,19.04439926147461,23.89739990234375,1,0,-1.8538999557495117,28.0,2,0,0.3125,0.6875,2,0,0.3199999928474426,0.20000000298023224,3,0,0.0,0.0
32.419,49200,11000,3.666667,0,1.0166666507720947,50,0,2.5,-1,0,10,7,-1.0,-1.0,-1.0,-1.0,6235944,1,2,2,2,0,0,0,1,0,-4.6653265953063965,14.29814338684082,-12.175519943237305,0,0,0,0.0,0,0,7,0,0.45328283309936523,8.914427757263184,1,444,0,0,0,0,0,0,0,0,0,0,0,1,0,2.0,-26.125,1,0,19.04439926147461,23.89739990234375,1,0,-1.8538999557495117,28.0,2,0,0.3125,0.6875,2,0,0.3199999928474426,0.20000000298023224,3,0,0.0,0.0
32.437,49200,11000,3.666667,0,1.0166666507720947,50,0,2.5,-1,0,10,7,-1.0,-1.0,-1.0,-1.0,6235944,1,2,2,2,0,0,0,1,0,-4.6653265953063965,14.29814338684082,-12.175519943237305,0,0,0,0.0,0,0,7,0,0.45328283309936523,8.914427757263184,1,446,0,0,0,0,0,0,0,0,0,0,0,1,0,2.0,-26.125,1,0,19.04439926147461,23.89739990234375,1,0,-1.8538999557495117,28.0,2,0,0.3125,0.6875,2,0,0.3199999928474426,0.20000000298023224,3,0,0.0,0.0
32.454,49200,11000,3.666667,0,1.0166666507720947,50,0,2.5,-1,0,10,7,-1.0,-1.0,-1.0,-1.0,6235944,1,2,2,2,0,0,0,1,0,-4.6653265953063965,14.29814338684082,-12.175519943237305,0,0,0,0.0,0,0,7,0,0.45328283309936523,8.914427757263184,1,448,0,0,0,0,0,0,0,0,0,0,0,1,0,2.0,-26.125,1,0,19.04439926147461,23.89739990234375,1,0,-1.8538999557495117,28.0,2,0,0.3125,0.6875,2,0,0.3199999928474426,0.20000000298023224,3,0,0.0,0.0
32.471,49200,11000,3.666667,0,1.0166666507720947,50,0,2.5,-1,0,10,7,-1.0,-1.0,-1.0,-1.0,6235944,1,2,2,2,0,0,0,1,0,-4.6653265953063965,14.29814338684082,-12.175519943237305,0,0,0,0.0,0,0,7,0,0.45328283309936523,8.914427757263184,1,450,0,0,0,0,0,0,0,0,0,0,0,1,0,2.0,-26.125,1,0,19.04439926147461,23.89739990234375,1,0,-1.8538999557495117,28.0,2,0,0.3125,0.6875,2,0,0.3199999928474426,0.20000000298023224,3,0,0.0,0.0
32.488,49200,11000,3.666667,0,1.0166666507720947,50,0,2.5,-1,0,10,7,-1.0,-1.0,-1.0,-1.0,6235944,1,2,2,2,0,0,0,1,0,-4.6653265953063965,14.29814338684082,-12.175519943237305,0,0,0,0.0,0,0,7,0,0.45328283309936523,8.914427757263184,1,452,0,0,0,0,0,0,0,0,0,0,0,1,0,2.0,-26.125,1,0,19.04439926147461,23.89739990234375,1,0,-1.8538999557495117,28.0,2,0,0.3125,0.6875,2,0,0.3199999928474426,0.20000000298023224,3,0,0.0,0.0
32.506,49200,11000,3.666667,0,1.0166666507720947,50,0,2.5,-1,0,10,7,-1.0,-1.0,-1.0,-1.0,6235944,1,2,2,2,0,0,0,1,0,-4.6653265953063965,14.29814338684082,-12.175519943237305,0,0,0,0.0,0,0,7,0,0.45328283309936523,8.914427757263184,1,454,0,0,0,0,0,0,0,0,0,0,0,1,0,2.0,-26.125,1,0,19.04439926147461,23.89739990234375,1,0,-1.8538999557495117,28.0,2,0,0.3125,0.6875,2,0,0.3199999928474426,0.20000000298023224,3,0,0.0,0.0
32.523,49200,11000,3.666667,0,1.0166666507720947,50,0,2.5,-1,0,10,7,-1.0,-1.0,-1.0,-1.0,6235944,1,2,2,2,0,0,0,1,0,-4.6653265953063965,14.29814338684082,-12.175519943237305,0,0,0,0.0,0,0,7,0,0.45328283309936523,8.914427757263184,1,456,0,0,0,0,0,0,0,0,0,0,0,1,0,2.0,-26.125,1,0,19.04439926147461,23.89739990234375,1,0,-1.8538999557495117,28.0,2,0,0.3125,0.6875,2,0,0.3199999928474426,0.20000000298023224,3,0,0.0,0.0
32.54,49200,11000,3.666667,0,1.0166666507720947,50,0,2.5,-1,0,10,7,-1.0,-1.0,-1.0,-1.0,6235944,1,2,2,2,0,0,0,1,0,-4.6653265953063965,14.29814338684082,-12.175519943237305,0,0,0,0.0,0,0,7,0,0.45328283309936523,8.914427757263184,1,458,0,0,0,0,0,0,0,0,0,0,0,1,0,2.0,-26.125,1,0,19.04439926147461,23.89739990234375,1,0,-1.8538999557495117,28.0,2,0,0.3125,0.6875,2,0,0.3199999928474426,0.20000000298023224,3,0,0.0,0.0
32.558,49200,11000,3.666667,0,1.0166666507720947,50,0,2.5,-1,0,10,7,-1.0,-1.0,-1.0,-1.0,6235944,1,2,2,2,0,0,0,1,0,-4.6653265953063965,14.29814338684082,-12.175519943237305,0,0,0,0.0,0,0,7,0,0.45328283309936523,8.914427757263184,1,460,0,0,0,0,0,0,0,0,0,0,0,1,0,2.0,-26.125,1,0,19.04439926147461,23.89739990234375,1,0,-1.8538999557495117,28.0,2,0,0.3125,0.6875,2,0,0.3199999928474426,0.20000000298023224,3,0,0.0,0.0
32.575,49200,11000,3.666667,0,1.0166666507720947,50,0,2.5,-1,0,10,7,-1.0,-1.0,-1.0,-1.0,6235944,1,2,2,2,0,0,0,1,0,-4.6653265953063965,14.29814338684082,-12.175519943237305,0,0,0,0.0,0,0,7,0,0.45328283309936523,8.914427757263184,1,462,0,0,0,0,0,0,0,0,0,0,0,1,0,2.0,-26.125,1,0,19.04439926147461,23.89739990234375,1,0,-1.8538999557495117,28.0,2,0,0.3125,0.6875,2,0,0.3199999928474426,0.20000000298023224,3,0,0.0,0.0
32.592,49200,11000,3.666667,0,1.0166666507720947,50,0,2.5,-1,0,10,7,-1.0,-1.0,-1.0,-1.0,6235944,1,2,2,2,0,0,0,1,0,-4.6653265953063965,14.29814338684082,-12.175519943237305,0,0,0,0.0,0,0,7,0,0.45328283309936523,8.914427757263184,1,464,0,0,0,0,0,0,0,0,0,0,0,1,0,2.0,-26.125,1,0,19.04439926147461,23.89739990234375,1,0,-1.8538999557495117,28.0,2,0,0.3125,0.6875,2,0,0.3199999928474426,0.20000000298023224,3,0,0.0,0.0
32.609,49200,11000,3.666667,0,1.0166666507720947,50,0,2.5,-1,0,10,7,-1.0,-1.0,-1.0,-1.0,6235944,1,2,2,2,0,0,0,1,0,-4.6653265953063965,14.29814338684082,-12.175519943237305,0,0,0,0.0,0,0,7,0,0.45328283309936523,8.914427757263184,1,466,0,0,0,0,0,0,0,0,0,0,0,1,0,2.0,-26.125,1,0,19.04439926147461,23.89739990234375,1,0,-1.8538999557495117,28.0,2,0,0.3125,0.6875,2,0,0.3199999928474426,0.20000000298023224,3,0,0.0,0.0
32.626,49200,11000,3.666667,0,1.0166666507720947,50,0,2.5,-1,0,10,7,-1.0,-1.0,-1.0,-1.0,6235944,1,2,2,2,0,0,0,1,0,-4.6653265953063965,14.29814338684082,-12.175519943237305,0,0,0,0.0,0,0,7,0,0.45328283309936523,8.914427757263184,1,468,0,0,0,0,0,0,0,0,0,0,0,1,0,2.0,-26.125,1,0,19.04439926147461,23.89739990234375,1,0,-1.8538999557495117,28.0,2,0,0.3125,0.6875,2,0,0.3199999928474426,0.20000000298023224,3,0,0.0,0.0
32.644,49200,11000,3.666667,0,1.0166666507720947,50,0,2.5,-1,0,10,7,-1.0,-1.0,-1.0,-1.0,6235944,1,2,2,2,0,0,0,1,0,-4.6653265953063965,14.29814338684082,-12.175519943237305,0,0,0,0.0,0,0,7,0,0.45328283309936523,8.914427757263184,1,470,0,0,0,0,0,0,0,0,0,0,0,1,0,2.0,-26.125,1,0,19.04439926147461,23.89739990234375,1,0,-1.8538999557495117,28.0,2,0,0.3125,0.6875,2,0,0.3199999928474426,0.20000000298023224,3,0,0.0,0.0
32.661,49200,11000,3.666667,0,1.0166666507720947,50,0,2.5,-1,0,10,7,-1.0,-1.0,-1.0,-1.0,6235944,1,2,2,2,0,0,0,1,0,-4.6653265953063965,14.29814338684082,-12.175519943237305,0,0,0,0.0,0,0,7,0,0.45328283309936523,8.914427757263184,1,472,0,0,0,0,0,0,0,0,0,0,0,1,0,2.0,-26.125,1,0,19.04439926147461,23.89739990234375,1,0,-1.8538999557495117,28.0,2,0,0.3125,0.6875,2,0,0.3199999928474426,0.20000000298023224,3,0,0.0,0.0
32.679,49200,11000,3.666667,0,1.0166666507720947,50,0,2.5,-1,0,10,7,-1.0,-1.0,-1.0,-1.0,6235944,1,2,2,2,0,0,0,1,0,-4.6653265953063965,14.29814338684082,-12.175519943237305,0,0,0,0.0,0,0,7,0,0.45328283309936523,8.914427757263184,1,474,0,0,0,0,0,0,0,0,0,0,0,1,0,2.0,-26.125,1,0,19.04439926147461,23.89739990234375,1,0,-1.8538999557495117,28.0,2,0,0.3125,0.6875,2,0,0.3199999928474426,0.20000000298023224,3,0,0.0,0.0
32.696,49200,11000,3.666667,0,1.0166666507720947,50,0,2.5,-1,0,10,7,-1.0,-1.0,-1.0,-1.0,6235944,1,2,2,2,0,0,0,1,0,-4.6653265953063965,14.29814338684082,-12.175519943237305,0,0,0,0.0,0,0,7,0,0.45328283309936523,8.914427757263184,1,476,0,0,0,0,0,0,0,0,0,0,0,1,0,2.0,-26.125,1,0,19.04439926147461,23.89739990234375,1,0,-1.8538999557495117,28.0,2,0,0.3125,0.6875,2,0,0.3199999928474426,0.20000000298023224,3,0,0.0,0.0
32.713,49200,11000,3.666667,0,1.0166666507720947,50,0,2.5,-1,0,10,7,-1.0,-1.0,-1.0,-1.0,6235944,1,2,2,2,0,0,0,1,0,-4.6653265953063965,14.29814338684082,-12.175519943237305,0,0,0,0.0,0,0,7,0,0.45328283309936523,8.914427757263184,1,478,0,0,0,0,0,0,0,0,0,0,0,1,0,2.0,-26.125,1,0,19.04439926147461,23.89739990234375,1,0,-1.8538999557495117,28.0,2,0,0.3125,0.6875,2,0,0.3199999928474426,0.20000000298023224,3,0,0.0,0.0
32.731,49200,11000,3.666667,0,1.0166666507720947,50,0,2.5,-1,0,10,7,-1.0,-1.0,-1.0,-1.0,6235944,1,2,2,2,0,0,0,1,0,-4.6653265953063965,14.29814338684082,-12.175519943237305,0,0,0,0.0,0,0,7,0,0.45328283309936523,8.914427757263184,1,480,0,0,0,0,0,0,0,0,0,0,0,1,0,2.0,-26.125,1,0,19.04439926147461,23.89739990234375,1,0,-1.8538999557495117,28.0,2,0,0.3125,0.6875,2,0,0.3199999928474426,0.20000000298023224,3,0,0.0,0.0
32.748,49200,11000,3.666667,0,1.0166666507720947,50,0,2.5,-1,0,10,7,-1.0,-1.0,-1.0,-1.0,6235944,1,2,2,2,0,0,0,1,0,-4.6653265953063965,14.29814338684082,-12.175519943237305,0,0,0,0.0,0,0,7,0,0.45328283309936523,8.914427757263184,1,482,0,0,0,0,0,0,0,0,0,0,0,1,0,2.0,-26.125,1,0,19.04439926147461,23.89739990234375,1,0,-1.8538999557495117,28.0,2,0,0.3125,0.6875,2,0,0.3199999928474426,0.20000000298023224,3,0,0.0,0.0
32.765,49200,11000,3.666667,0,1.0166666507720947,50,0,2.5,-1,0,10,7,-1.0,-1.0,-1.0,-1.0,6235944,1,2,2,2,0,0,0,1,0,-4.6653265953063965,14.29814338684082,-12.175519943237305,0,0,0,0.0,0,0,7,0,0.45328283309936523,8.914427757263184,1,484,0,0,0,0,0,0,0,0,0,0,0,1,0,2.0,-26.125,1,0,19.04439926147461,23.89739990234375,1,0,-1.8538999557495117,28.0,2,0,0.3125,0.6875,2,0,0.3199999928474426,0.20000000298023224,3,0,0.0,0.0
32.782,49200,11000,3.666667,0,1.0166666507720947,50,0,2.5,-1,0,10,7,-1.0,-1.0,-1.0,-1.0,6235944,1,2,2,2,0,0,0,1,0,-4.6653265953063965,14.29814338684082,-12.175519943237305,0,0,0,0.0,0,0,7,0,0.45328283309936523,8.914427757263184,1,486,0,0,0,0,0,0,0,0,0,0,0,1,0,2.0,-26.125,1,0,19.04439926147461,23.89739990234375,1,0,-1.8538999557495117,28.0,2,0,0.3125,0.6875,2,0,0.3199999928474426,0.20000000298023224,3,0,0.0,0.0
32.8,49200,11000,3.666667,0,1.0166666507720947,50,0,2.5,-1,0,10,7,-1.0,-1.0,-1.0,-1.0,6235944,1,2,2,2,0,0,0,1,0,-4.6653265953063965,14.29814338684082,-12.175519943237305,0,0,0,0.0,0,0,7,0,0.45328283309936523,8.914427757263184,1,488,0,0,0,0,0,0,0,0,0,0,0,1,0,2.0,-26.125,1,0,19.04439926147461,23.89739990234375,1,0,-1.8538999557495117,28.0,2,0,0.3125,0.6875,2,0,0.3199999928474426,0.20000000298023224,3,0,0.0,0.0
32.817,49200,11000,3.666667,0,1.0166666507720947,50,0,2.5,-1,0,10,7,-1.0,-1.0,-1.0,-1.0,6235944,1,2,2,2,0,0,0,1,0,-4.6653265953063965,14.29814338684082,-12.175519943237305,0,0,0,0.0,0,0,7,0,0.45328283309936523,8.914427757263184,1,490,0,0,0,0,0,0,0,0,0,0,0,1,0,2.0,-26.125,1,0,19.04439926147461,23.89739990234375,1,0,-1.8538999557495117,28.0,2,0,0.3125,0.6875,2,0,0.3199999928474426,0.20000000298023224,3,0,0.0,0.0
32.834,49200,11000,3.666667,0,1.0166666507720947,50,0,2.5,-1,0,10,7,-1.0,-1.0,-1.0,-1.0,6235944,1,2,2,2,0,0,0,1,0,-4.6653265953063965,14.29814338684082,-12.175519943237305,0,0,0,0.0,0,0,7,0,0.45328283309936523,8.914427757263184,1,492,0,0,0,0,0,0,0,0,0,0,0,1,0,2.0,-26.125,1,0,19.04439926147461,23.89739990234375,1,0,-1.8538999557495117,28.0,2,0,0.3125,0.6875,2,0,0.3199999928474426,0.20000000298023224,3,0,0.0,0.0
32.852,49200,11000,3.666667,0,1.0166666507720947,50,0,2.5,-1,0,10,7,-1.0,-1.0,-1.0,-1.0,6235944,1,2,2,2,0,0,0,1,0,-4.6653265953063965,14.29814338684082,-12.175519943237305,0,0,0,0.0,0,0,7,0,0.45328283309936523,8.914427757263184,1,494,0,0,0,0,0,0,0,0,0,0,0,1,0,2.0,-26.125,1,0,19.04439926147461,23.89739990234375,1,0,-1.8538999557495117,28.0,2,0,0.3125,0.6875,2,0,0.3199999928474426,0.20000000298023224,3,0,0.0,0.0
32.869,49200,11000,3.666667,0,1.0166666507720947,50,0,2.5,-1,0,10,7,-1.0,-1.0,-1.0,-1.0,6235944,1,2,2,2,0,0,0,1,0,-4.6653265953063965,14.29814338684082,-12.175519943237305,0,0,0,0.0,0,0,7,0,0.45328283309936523,8.914427757263184,1,496,0,0,0,0,0,0,0,0,0,0,0,1,0,2.0,-26.125,1,0,19.04439926147461,23.89739990234375,1,0,-1.8538999557495117,28.0,2,0,0.3125,0.6875,2,0,0.3199999928474426,0.20000000298023224,3,0,0.0,0.0
32.886,49200,11000,3.666667,0,1.0166666507720947,50,0,2.5,-1,0,10,7,-1.0,-1.0,-1.0,-1.0,6235944,1,2,2,2,0,0,0,1,0,-4.6653265953063965,14.29814338684082,-12.175519943237305,0,0,0,0.0,0,0,7,0,0.45328283309936523,8.914427757263184,1,500,0,0,0,0,0,0,0,0,0,0,0,1,0,2.0,-26.125,1,0,19.04439926147461,23.89739990234375,1,0,-1.8538999557495117,28.0,2,0,0.3125,0.6875,2,0,0.3199999928474426,0.20000000298023224,3,0,0.0,0.0
32.903,49200,11000,3.666667,0,1.0166666507720947,50,0,2.5,-1,0,10,7,-1.0,-1.0,-1.0,-1.0,6235944,1,2,2,2,0,0,0,1,0,-4.6653265953063965,14.29814338684082,-12.175519943237305,0,0,0,0.0,0,0,7,0,0.45328283309936523,8.914427757263184,1,502,0,0,0,0,0,0,0,0,0,0,0,1,0,2.0,-26.125,1,0,19.04439926147461,23.89739990234375,1,0,-1.8538999557495117,28.0,2,0,0.3125,0.6875,2,0,0.3199999928474426,0.20000000298023224,3,0,0.0,0.0
32.921,49200,11000,3.666667,0,1.0166666507720947,50,0,2.5,-1,0,10,7,-1.0,-1.0,-1.0,-1.0,6235944,1,2,2,2,0,0,0,1,0,-4.6653265953063965,14.29814338684082,-12.175519943237305,0,0,0,0.0,0,0,7,0,0.45328283309936523,8.914427757263184,1,504,0,0,0,0,0,0,0,0,0,0,0,1,0,2.0,-26.125,1,0,19.04439926147461,23.89739990234375,1,0,-1.8538999557495117,28.0,2,0,0.3125,0.6875,2,0,0.3199999928474426,0.20000000298023224,3,0,0.0,0.0
32.938,49200,11000,3.666667,0,1.0166666507720947,50,0,2.5,-1,0,10,7,-1.0,-1.0,-1.0,-1.0,6235944,1,2,2,2,0,0,0,1,0,-4.6653265953063965,14.29814338684082,-12.175519943237305,0,0,0,0.0,0,0,7,0,0.45328283309936523,8.914427757263184,1,506,0,0,0,0,0,0,0,0,0,0,0,1,0,2.0,-26.125,1,0,19.04439926147461,23.89739990234375,1,0,-1.8538999557495117,28.0,2,0,0.3125,0.6875,2,0,0.3199999928474426,0.20000000298023224,3,0,0.0,0.0
32.955,49200,11000,3.666667,0,1.0166666507720947,50,0,2.5,-1,0,10,7,-1.0,-1.0,-1.0,-1.0,6235944,1,2,2,2,0,0,0,1,0,-4.6653265953063965,14.29814338684082,-12.175519943237305,0,0,0,0.0,0,0,7,0,0.45328283309936523,8.914427757263184,1,508,0,0,0,0,0,0,0,0,0,0,0,1,0,2.0,-26.125,1,0,19.04439926147461,23.89739990234375,1,0,-1.8538999557495117,28.0,2,0,0.3125,0.6875,2,0,0.3199999928474426,0.20000000298023224,3,0,0.0,0.0
32.972,49200,11000,3.666667,0,1.0166666507720947,50,0,2.5,-1,0,10,7,-1.0,-1.0,-1.0,-1.0,6235944,1,2,2,2,0,0,0,1,0,-4.6653265953063965,14.29814338684082,-12.175519943237305,0,0,0,0.0,0,0,7,0,0.45328283309936523,8.914427757263184,1,510,0,0,0,0,0,0,0,0,0,0,0,1,0,2.0,-26.125,1,0,19.04439926147461,23.89739990234375,1,0,-1.8538999557495117,28.0,2,0,0.3125,0.6875,2,0,0.3199999928474426,0.20000000298023224,3,0,0.0,0.0
32.99,49200,11000,3.666667,0,1.0166666507720947,50,0,2.5,-1,0,10,7,-1.0,-1.0,-1.0,-1.0,6235944,1,2,2,2,0,0,0,1,0,-4.6653265953063965,14.29814338684082,-12.175519943237305,0,0,0,0.0,0,0,7,0,0.45328283309936523,8.914427757263184,1,512,0,0,0,0,0,0,0,0,0,0,0,1,0,2.0,-26.125,1,0,19.04439926147461,23.89739990234375,1,0,-1.8538999557495117,28.0,2,0,0.3125,0.6875,2,0,0.3199999928474426,0.20000000298023224,3,0,0.0,0.0
33.007,49200,11000,3.666667,0,1.0166666507720947,50,0,2.5,-1,0,10,7,-1.0,-1.0,-1.0,-1.0,6235944,1,2,2,2,0,0,0,1,0,-4.6653265953063965,14.29814338684082,-12.175519943237305,0,0,0,0.0,0,0,7,0,0.45328283309936523,8.914427757263184,1,514,0,0,0,0,0,0,0,0,0,0,0,1,0,2.0,-26.125,1,0,19.04439926147461,23.89739990234375,1,0,-1.8538999557495117,28.0,2,0,0.3125,0.6875,2,0,0.3199999928474426,0.20000000298023224,3,0,0.0,0.0
33.024,49200,11000,3.666667,0,1.0166666507720947,50,0,2.5,-1,0,10,7,-1.0,-1.0,-1.0,-1.0,6235944,1,2,2,2,0,0,0,1,0,-4.6653265953063965,14.29814338684082,-12.175519943237305,0,0,0,0.0,0,0,7,0,0.45328283309936523,8.914427757263184,1,516,0,0,0,0,0,0,0,0,0,0,0,1,0,2.0,-26.125,1,0,19.04439926147461,23.89739990234375,1,0,-1.8538999557495117,28.0,2,0,0.3125,0.6875,2,0,0.3199999928474426,0.20000000298023224,3,0,0.0,0.0
33.041,49200,11000,3.666667,0,1.0166666507720947,50,0,2.5,-1,0,10,7,-1.0,-1.0,-1.0,-1.0,6235944,1,2,2,2,0,0,0,1,0,-4.6653265953063965,14.29814338684082,-12.175519943237305,0,0,0,0.0,0,0,7,0,0.45328283309936523,8.914427757263184,1,518,0,0,0,0,0,0,0,0,0,0,0,1,0,2.0,-26.125,1,0,19.04439926147461,23.89739990234375,1,0,-1.8538999557495117,28.0,2,0,0.3125,0.6875,2,0,0.3199999928474426,0.20000000298023224,3,0,0.0,0.0
33.058,49200,11000,3.666667,0,1.0166666507720947,50,0,2.5,-1,0,10,7,-1.0,-1.0,-1.0,-1.0,6235944,1,2,2,2,0,0,0,1,0,-4.6653265953063965,14.29814338684082,-12.175519943237305,0,0,0,0.0,0,0,7,0,0.45328283309936523,8.914427757263184,1,520,0,0,0,0,0,0,0,0,0,0,0,1,0,2.0,-26.125,1,0,19.04439926147461,23.89739990234375,1,0,-1.8538999557495117,28.0,2,0,0.3125,0.6875,2,0,0.3199999928474426,0.20000000298023224,3,0,0.0,0.0
33.075,49200,11000,3.666667,0,1.0166666507720947,50,0,2.5,-1,0,10,7,-1.0,-1.0,-1.0,-1.0,6235944,1,2,2,2,0,0,0,1,0,-4.6653265953063965,14.29814338684082,-12.175519943237305,0,0,0,0.0,0,0,7,0,0.45328283309936523,8.914427757263184,1,522,0,0,0,0,0,0,0,0,0,0,0,1,0,2.0,-26.125,1,0,19.04439926147461,23.89739990234375,1,0,-1.8538999557495117,28.0,2,0,0.3125,0.6875,2,0,0.3199999928474426,0.20000000298023224,3,0,0.0,0.0
33.093,49200,11000,3.666667,0,1.0166666507720947,50,0,2.5,-1,0,10,7,-1.0,-1.0,-1.0,-1.0,6235944,1,2,2,2,0,0,0,1,0,-4.6653265953063965,14.29814338684082,-12.175519943237305,0,0,0,0.0,0,0,7,0,0.45328283309936523,8.914427757263184,1,524,0,0,0,0,0,0,0,0,0,0,0,1,0,2.0,-26.125,1,0,19.04439926147461,23.89739990234375,1,0,-1.8538999557495117,28.0,2,0,0.3125,0.6875,2,0,0.3199999928474426,0.20000000298023224,3,0,0.0,0.0
33.11,49200,11000,3.666667,0,1.0166666507720947,50,0,2.5,-1,0,10,7,-1.0,-1.0,-1.0,-1.0,6235944,1,2,2,2,0,0,0,1,0,-4.6653265953063965,14.29814338684082,-12.175519943237305,0,0,0,0.0,0,0,7,0,0.45328283309936523,8.914427757263184,1,526,0,0,0,0,0,0,0,0,0,0,0,1,0,2.0,-26.125,1,0,19.04439926147461,23.89739990234375,1,0,-1.8538999557495117,28.0,2,0,0.3125,0.6875,2,0,0.3199999928474426,0.20000000298023224,3,0,0.0,0.0
33.127,49200,11000,3.666667,0,1.0166666507720947,50,0,2.5,-1,0,10,7,-1.0,-1.0,-1.0,-1.0,6235944,1,2,2,2,0,0,0,1,0,-4.6653265953063965,14.29814338684082,-12.175519943237305,0,0,0,0.0,0,0,7,0,0.45328283309936523,8.914427757263184,1,528,0,0,0,0,0,0,0,0,0,0,0,1,0,2.0,-26.125,1,0,19.04439926147461,23.89739990234375,1,0,-1.8538999557495117,28.0,2,0,0.3125,0.6875,2,0,0.3199999928474426,0.20000000298023224,3,0,0.0,0.0
33.144,49200,11000,3.666667,0,1.0166666507720947,50,0,2.5,-1,0,10,7,-1.0,-1.0,-1.0,-1.0,6235944,1,2,2,2,0,0,0,1,0,-4.6653265953063965,14.29814338684082,-12.175519943237305,0,0,0,0.0,0,0,7,0,0.45328283309936523,8.914427757263184,1,530,0,0,0,0,0,0,0,0,0,0,0,1,0,2.0,-26.125,1,0,19.04439926147461,23.89739990234375,1,0,-1.8538999557495117,28.0,2,0,0.3125,0.6875,2,0,0.3199999928474426,0.20000000298023224,3,0,0.0,0.0
33.162,49200,11000,3.666667,0,1.0166666507720947,50,0,2.5,-1,0,10,7,-1.0,-1.0,-1.0,-1.0,6235944,1,2,2,2,0,0,0,1,0,-4.6653265953063965,14.29814338684082,-12.175519943237305,0,0,0,0.0,0,0,7,0,0.45328283309936523,8.914427757263184,1,532,0,0,0,0,0,0,0,0,0,0,0,1,0,2.0,-26.125,1,0,19.04439926147461,23.89739990234375,1,0,-1.8538999557495117,28.0,2,0,0.3125,0.6875,2,0,0.3199999928474426,0.20000000298023224,3,0,0.0,0.0
33.179,49200,11000,3.666667,0,1.0166666507720947,50,0,2.5,-1,0,10,7,-1.0,-1.0,-1.0,-1.0,6235944,1,2,2,2,0,0,0,1,0,-4.6653265953063965,14.29814338684082,-12.175519943237305,0,0,0,0.0,0,0,7,0,0.45328283309936523,8.914427757263184,1,534,0,0,0,0,0,0,0,0,0,0,0,1,0,2.0,-26.125,1,0,19.04439926147461,23.89739990234375,1,0,-1.8538999557495117,28.0,2,0,0.3125,0.6875,2,0,0.3199999928474426,0.20000000298023224,3,0,0.0,0.0
33.196,49200,11000,3.666667,0,1.0166666507720947,50,0,2.5,-1,0,10,7,-1.0,-1.0,-1.0,-1.0,6235944,1,2,2,2,0,0,0,1,0,-4.6653265953063965,14.29814338684082,-12.175519943237305,0,0,0,0.0,0,0,7,0,0.45328283309936523,8.914427757263184,1,536,0,0,0,0,0,0,0,0,0,0,0,1,0,2.0,-26.125,1,0,19.04439926147461,23.89739990234375,1,0,-1.8538999557495117,28.0,2,0,0.3125,0.6875,2,0,0.3199999928474426,0.20000000298023224,3,0,0.0,0.0
33.214,49200,11000,3.666667,0,1.0166666507720947,50,0,2.5,-1,0,10,7,-1.0,-1.0,-1.0,-1.0,6235944,1,2,2,2,0,0,0,1,0,-4.6653265953063965,14.29814338684082,-12.175519943237305,0,0,0,0.0,0,0,7,0,0.45328283309936523,8.914427757263184,1,538,0,0,0,0,0,0,0,0,0,0,0,1,0,2.0,-26.125,1,0,19.04439926147461,23.89739990234375,1,0,-1.8538999557495117,28.0,2,0,0.3125,0.6875,2,0,0.3199999928474426,0.20000000298023224,3,0,0.0,0.0
33.231,49200,11000,3.666667,0,1.0166666507720947,50,0,2.5,-1,0,10,7,-1.0,-1.0,-1.0,-1.0,6235944,1,2,2,2,0,0,0,1,0,-4.6653265953063965,14.29814338684082,-12.175519943237305,0,0,0,0.0,0,0,7,0,0.45328283309936523,8.914427757263184,1,540,0,0,0,0,0,0,0,0,0,0,0,1,0,2.0,-26.125,1,0,19.04439926147461,23.89739990234375,1,0,-1.8538999557495117,28.0,2,0,0.3125,0.6875,2,0,0.3199999928474426,0.20000000298023224,3,0,0.0,0.0
33.248,49200,11000,3.666667,0,1.0166666507720947,50,0,2.5,-1,0,10,7,-1.0,-1.0,-1.0,-1.0,6235944,1,2,2,2,0,0,0,1,0,-4.6653265953063965,14.29814338684082,-12.175519943237305,0,0,0,0.0,0,0,7,0,0.45328283309936523,8.914427757263184,1,542,0,0,0,0,0,0,0,0,0,0,0,1,0,2.0,-26.125,1,0,19.04439926147461,23.89739990234375,1,0,-1.8538999557495117,28.0,2,0,0.3125,0.6875,2,0,0.3199999928474426,0.20000000298023224,3,0,0.0,0.0
33.266,49200,11000,3.666667,0,1.0166666507720947,50,0,2.5,-1,0,10,7,-1.0,-1.0,-1.0,-1.0,6235944,1,2,2,2,0,0,0,1,0,-4.6653265953063965,14.29814338684082,-12.175519943237305,0,0,0,0.0,0,0,7,0,0.45328283309936523,8.914427757263184,1,544,0,0,0,0,0,0,0,0,0,0,0,1,0,2.0,-26.125,1,0,19.04439926147461,23.89739990234375,1,0,-1.8538999557495117,28.0,2,0,0.3125,0.6875,2,0,0.3199999928474426,0.20000000298023224,3,0,0.0,0.0
33.283,49200,11000,3.666667,0,1.0166666507720947,50,0,2.5,-1,0,10,7,-1.0,-1.0,-1.0,-1.0,6235944,1,2,2,2,0,0,0,1,0,-4.6653265953063965,14.29814338684082,-12.175519943237305,0,0,0,0.0,0,0,7,0,0.45328283309936523,8.914427757263184,1,546,0,0,0,0,0,0,0,0,0,0,0,1,0,2.0,-26.125,1,0,19.04439926147461,23.89739990234375,1,0,-1.8538999557495117,28.0,2,0,0.3125,0.6875,2,0,0.3199999928474426,0.20000000298023224,3,0,0.0,0.0
33.3,49200,11000,3.666667,0,1.0166666507720947,50,0,2.5,-1,0,10,7,-1.0,-1.0,-1.0,-1.0,6235944,1,2,2,2,0,0,0,1,0,-4.6653265953063965,14.29814338684082,-12.175519943237305,0,0,0,0.0,0,0,7,0,0.45328283309936523,8.914427757263184,1,548,0,0,0,0,0,0,0,0,0,0,0,1,0,2.0,-26.125,1,0,19.04439926147461,23.89739990234375,1,0,-1.8538999557495117,28.0,2,0,0.3125,0.6875,2,0,0.3199999928474426,0.20000000298023224,3,0,0.0,0.0
33.317,49200,11000,3.666667,0,1.0166666507720947,50,0,2.5,-1,0,10,7,-1.0,-1.0,-1.0,-1.0,6235944,1,2,2,2,0,0,0,1,0,-4.6653265953063965,14.29814338684082,-12.175519943237305,0,0,0,0.0,0,0,7,0,0.45328283309936523,8.914427757263184,1,550,0,0,0,0,0,0,0,0,0,0,0,1,0,2.0,-26.125,1,0,19.04439926147461,23.89739990234375,1,0,-1.8538999557495117,28.0,2,0,0.3125,0.6875,2,0,0.3199999928474426,0.20000000298023224,3,0,0.0,0.0
33.335,49200,11000,3.666667,0,1.0166666507720947,50,0,2.5,-1,0,10,7,-1.0,-1.0,-1.0,-1.0,6235944,1,2,2,2,0,0,0,1,0,-4.6653265953063965,14.29814338684082,-12.175519943237305,0,0,0,0.0,0,0,7,0,0.45328283309936523,8.914427757263184,1,552,0,0,0,0,0,0,0,0,0,0,0,1,0,2.0,-26.125,1,0,19.04439926147461,23.89739990234375,1,0,-1.8538999557495117,28.0,2,0,0.3125,0.6875,2,0,0.3199999928474426,0.20000000298023224,3,0,0.0,0.0
33.352,49200,11000,3.666667,0,1.0166666507720947,50,0,2.5,-1,0,10,7,-1.0,-1.0,-1.0,-1.0,6235944,1,2,2,2,0,0,0,1,0,-4.6653265953063965,14.29814338684082,-12.175519943237305,0,0,0,0.0,0,0,7,0,0.45328283309936523,8.914427757263184,1,554,0,0,0,0,0,0,0,0,0,0,0,1,0,2.0,-26.125,1,0,19.04439926147461,23.89739990234375,1,0,-1.8538999557495117,28.0,2,0,0.3125,0.6875,2,0,0.3199999928474426,0.20000000298023224,3,0,0.0,0.0
33.37,49200,11000,3.666667,0,1.0166666507720947,50,0,2.5,-1,0,10,7,-1.0,-1.0,-1.0,-1.0,6235944,1,2,2,2,0,0,0,1,0,-4.6653265953063965,14.29814338684082,-12.175519943237305,0,0,0,0.0,0,0,7,0,0.45328283309936523,8.914427757263184,1,558,0,0,0,0,0,0,0,0,0,0,0,1,0,2.0,-26.125,1,0,19.04439926147461,23.89739990234375,1,0,-1.8538999557495117,28.0,2,0,0.3125,0.6875,2,0,0.3199999928474426,0.20000000298023224,3,0,0.0,0.0
33.387,49200,11000,3.666667,0,1.0166666507720947,50,0,2.5,-1,0,10,7,-1.0,-1.0,-1.0,-1.0,6235944,1,2,2,2,0,0,0,1,0,-4.6653265953063965,14.29814338684082,-12.175519943237305,0,0,0,0.0,0,0,7,0,0.45328283309936523,8.914427757263184,1,560,0,0,0,0,0,0,0,0,0,0,0,1,0,2.0,-26.125,1,0,19.04439926147461,23.89739990234375,1,0,-1.8538999557495117,28.0,2,0,0.3125,0.6875,2,0,0.3199999928474426,0.20000000298023224,3,0,0.0,0.0
33.405,49200,11000,3.666667,0,1.0166666507720947,50,0,2.5,-1,0,10,7,-1.0,-1.0,-1.0,-1.0,6235944,1,2,2,2,0,0,0,1,0,-4.6653265953063965,14.29814338684082,-12.175519943237305,0,0,0,0.0,0,0,7,0,0.45328283309936523,8.914427757263184,1,562,0,0,0,0,0,0,0,0,0,0,0,1,0,2.0,-26.125,1,0,19.04439926147461,23.89739990234375,1,0,-1.8538999557495117,28.0,2,0,0.3125,0.6875,2,0,0.3199999928474426,0.20000000298023224,3,0,0.0,0.0
33.422,49200,11000,3.666667,0,1.0166666507720947,50,0,2.5,-1,0,10,7,-1.0,-1.0,-1.0,-1.0,6235944,1,2,2,2,0,0,0,1,0,-4.6653265953063965,14.29814338684082,-12.175519943237305,0,0,0,0.0,0,0,7,0,0.45328283309936523,8.914427757263184,1,564,0,0,0,0,0,0,0,0,0,0,0,1,0,2.0,-26.125,1,0,19.04439926147461,23.89739990234375,1,0,-1.8538999557495117,28.0,2,0,0.3125,0.6875,2,0,0.3199999928474426,0.20000000298023224,3,0,0.0,0.0
33.439,49200,11000,3.666667,0,1.0166666507720947,50,0,2.5,-1,0,10,7,-1.0,-1.0,-1.0,-1.0,6235944,1,2,2,2,0,0,0,1,0,-4.6653265953063965,14.29814338684082,-12.175519943237305,0,0,0,0.0,0,0,7,0,0.45328283309936523,8.914427757263184,1,566,0,0,0,0,0,0,0,0,0,0,0,1,0,2.0,-26.125,1,0,19.04439926147461,23.89739990234375,1,0,-1.8538999557495117,28.0,2,0,0.3125,0.6875,2,0,0.3199999928474426,0.20000000298023224,3,0,0.0,0.0
33.457,49200,11000,3.666667,0,1.0166666507720947,50,0,2.5,-1,0,10,7,-1.0,-1.0,-1.0,-1.0,6235944,1,2,2,2,0,0,0,1,0,-4.6653265953063965,14.29814338684082,-12.175519943237305,0,0,0,0.0,0,0,7,0,0.45328283309936523,8.914427757263184,1,568,0,0,0,0,0,0,0,0,0,0,0,1,0,2.0,-26.125,1,0,19.04439926147461,23.89739990234375,1,0,-1.8538999557495117,28.0,2,0,0.3125,0.6875,2,0,0.3199999928474426,0.20000000298023224,3,0,0.0,0.0
33.474,49200,11000,3.666667,0,1.0166666507720947,50,0,2.5,-1,0,10,7,-1.0,-1.0,-1.0,-1.0,6235944,1,2,2,2,0,0,0,1,0,-4.6653265953063965,14.29814338684082,-12.175519943237305,0,0,0,0.0,0,0,7,0,0.45328283309936523,8.914427757263184,1,570,0,0,0,0,0,0,0,0,0,0,0,1,0,2.0,-26.125,1,0,19.04439926147461,23.89739990234375,1,0,-1.8538999557495117,28.0,2,0,0.3125,0.6875,2,0,0.3199999928474426,0.20000000298023224,3,0,0.0,0.0
33.491,49200,11000,3.666667,0,1.0166666507720947,50,0,2.5,-1,0,10,7,-1.0,-1.0,-1.0,-1.0,6235944,1,2,2,2,0,0,0,1,0,-4.6653265953063965,14.29814338684082,-12.175519943237305,0,0,0,0.0,0,0,7,0,0.45328283309936523,8.914427757263184,1,572,0,0,0,0,0,0,0,0,0,0,0,1,0,2.0,-26.125,1,0,19.04439926147461,23.89739990234375,1,0,-1.8538999557495117,28.0,2,0,0.3125,0.6875,2,0,0.3199999928474426,0.20000000298023224,3,0,0.0,0.0
33.509,49200,11000,3.666667,0,1.0166666507720947,50,0,2.5,-1,0,10,7,-1.0,-1.0,-1.0,-1.0,6235944,1,2,2,2,0,0,0,1,0,-4.6653265953063965,14.29814338684082,-12.175519943237305,0,0,0,0.0,0,0,7,0,0.45328283309936523,8.914427757263184,1,574,0,0,0,0,0,0,0,0,0,0,0,1,0,2.0,-26.125,1,0,19.04439926147461,23.89739990234375,1,0,-1.8538999557495117,28.0,2,0,0.3125,0.6875,2,0,0.3199999928474426,0.20000000298023224,3,0,0.0,0.0
33.526,49200,11000,3.666667,0,1.0166666507720947,50,0,2.5,-1,0,10,7,-1.0,-1.0,-1.0,-1.0,6235944,1,2,2,2,0,0,0,1,0,-4.6653265953063965,14.29814338684082,-12.175519943237305,0,0,0,0.0,0,0,7,0,0.45328283309936523,8.914427757263184,1,576,0,0,0,0,0,0,0,0,0,0,0,1,0,2.0,-26.125,1,0,19.04439926147461,23.89739990234375,1,0,-1.8538999557495117,28.0,2,0,0.3125,0.6875,2,0,0.3199999928474426,0.20000000298023224,3,0,0.0,0.0
33.543,49200,11000,3.666667,0,1.0166666507720947,50,0,2.5,-1,0,10,7,-1.0,-1.0,-1.0,-1.0,6235944,1,2,2,2,0,0,0,1,0,-4.6653265953063965,14.29814338684082,-12.175519943237305,0,0,0,0.0,0,0,7,0,0.45328283309936523,8.914427757263184,1,578,0,0,0,0,0,0,0,0,0,0,0,1,0,2.0,-26.125,1,0,19.04439926147461,23.89739990234375,1,0,-1.8538999557495117,28.0,2,0,0.3125,0.6875,2,0,0.3199999928474426,0.20000000298023224,3,0,0.0,0.0
33.561,49200,11000,3.666667,0,1.0166666507720947,50,0,2.5,-1,0,10,7,-1.0,-1.0,-1.0,-1.0,6235944,1,2,2,2,0,0,0,1,0,-4.6653265953063965,14.29814338684082,-12.175519943237305,0,0,0,0.0,0,0,7,0,0.45328283309936523,8.914427757263184,1,580,0,0,0,0,0,0,0,0,0,0,0,1,0,2.0,-26.125,1,0,19.04439926147461,23.89739990234375,1,0,-1.8538999557495117,28.0,2,0,0.3125,0.6875,2,0,0.3199999928474426,0.20000000298023224,3,0,0.0,0.0
33.578,49200,11000,3.666667,0,1.0166666507720947,50,0,2.5,-1,0,10,7,-1.0,-1.0,-1.0,-1.0,6235944,1,2,2,2,0,0,0,1,0,-4.6653265953063965,14.29814338684082,-12.175519943237305,0,0,0,0.0,0,0,7,0,0.45328283309936523,8.914427757263184,1,582,0,0,0,0,0,0,0,0,0,0,0,1,0,2.0,-26.125,1,0,19.04439926147461,23.89739990234375,1,0,-1.8538999557495117,28.0,2,0,0.3125,0.6875,2,0,0.3199999928474426,0.20000000298023224,3,0,0.0,0.0
33.595,49200,11000,3.666667,0,1.0166666507720947,50,0,2.5,-1,0,10,7,-1.0,-1.0,-1.0,-1.0,6235944,1,2,2,2,0,0,0,1,0,-4.6653265953063965,14.29814338684082,-12.175519943237305,0,0,0,0.0,0,0,7,0,0.45328283309936523,8.914427757263184,1,584,0,0,0,0,0,0,0,0,0,0,0,1,0,2.0,-26.125,1,0,19.04439926147461,23.89739990234375,1,0,-1.8538999557495117,28.0,2,0,0.3125,0.6875,2,0,0.3199999928474426,0.20000000298023224,3,0,0.0,0.0
33.613,49200,11000,3.666667,0,1.0166666507720947,50,0,2.5,-1,0,10,7,-1.0,-1.0,-1.0,-1.0,6235944,1,2,2,2,0,0,0,1,0,-4.6653265953063965,14.29814338684082,-12.175519943237305,0,0,0,0.0,0,0,7,0,0.45328283309936523,8.914427757263184,1,586,0,0,0,0,0,0,0,0,0,0,0,1,0,2.0,-26.125,1,0,19.04439926147461,23.89739990234375,1,0,-1.8538999557495117,28.0,2,0,0.3125,0.6875,2,0,0.3199999928474426,0.20000000298023224,3,0,0.0,0.0
33.63,49200,11000,3.666667,0,1.0166666507720947,50,0,2.5,-1,0,10,7,-1.0,-1.0,-1.0,-1.0,6235944,1,2,2,2,0,0,0,1,0,-4.6653265953063965,14.29814338684082,-12.175519943237305,0,0,0,0.0,0,0,7,0,0.45328283309936523,8.914427757263184,1,588,0,0,0,0,0,0,0,0,0,0,0,1,0,2.0,-26.125,1,0,19.04439926147461,23.89739990234375,1,0,-1.8538999557495117,28.0,2,0,0.3125,0.6875,2,0,0.3199999928474426,0.20000000298023224,3,0,0.0,0.0
33.647,49200,11000,3.666667,0,1.0166666507720947,50,0,2.5,-1,0,10,7,-1.0,-1.0,-1.0,-1.0,6235944,1,2,2,2,0,0,0,1,0,-4.6653265953063965,14.29814338684082,-12.175519943237305,0,0,0,0.0,0,0,7,0,0.45328283309936523,8.914427757263184,1,590,0,0,0,0,0,0,0,0,0,0,0,1,0,2.0,-26.125,1,0,19.04439926147461,23.89739990234375,1,0,-1.8538999557495117,28.0,2,0,0.3125,0.6875,2,0,0.3199999928474426,0.20000000298023224,3,0,0.0,0.0
33.665,49200,11000,3.666667,0,1.0166666507720947,50,0,2.5,-1,0,10,7,-1.0,-1.0,-1.0,-1.0,6235944,1,2,2,2,0,0,0,1,0,-4.6653265953063965,14.29814338684082,-12.175519943237305,0,0,0,0.0,0,0,7,0,0.45328283309936523,8.914427757263184,1,592,0,0,0,0,0,0,0,0,0,0,0,1,0,2.0,-26.125,1,0,19.04439926147461,23.89739990234375,1,0,-1.8538999557495117,28.0,2,0,0.3125,0.6875,2,0,0.3199999928474426,0.20000000298023224,3,0,0.0,0.0
33.682,49200,11000,3.666667,0,1.0166666507720947,50,0,2.5,-1,0,10,7,-1.0,-1.0,-1.0,-1.0,6235944,1,2,2,2,0,0,0,1,0,-4.6653265953063965,14.29814338684082,-12.175519943237305,0,0,0,0.0,0,0,7,0,0.45328283309936523,8.914427757263184,1,594,0,0,0,0,0,0,0,0,0,0,0,1,0,2.0,-26.125,1,0,19.04439926147461,23.89739990234375,1,0,-1.8538999557495117,28.0,2,0,0.3125,0.6875,2,0,0.3199999928474426,0.20000000298023224,3,0,0.0,0.0
33.699,49200,11000,3.666667,0,1.0166666507720947,50,0,2.5,-1,0,10,7,-1.0,-1.0,-1.0,-1.0,6235944,1,2,2,2,0,0,0,1,0,-4.6653265953063965,14.29814338684082,-12.175519943237305,0,0,0,0.0,0,0,7,0,0.45328283309936523,8.914427757263184,1,596,0,0,0,0,0,0,0,0,0,0,0,1,0,2.0,-26.125,1,0,19.04439926147461,23.89739990234375,1,0,-1.8538999557495117,28.0,2,0,0.3125,0.6875,2,0,0.3199999928474426,0.20000000298023224,3,0,0.0,0.0
33.716,49200,11000,3.666667,0,1.0166666507720947,50,0,2.5,-1,0,10,7,-1.0,-1.0,-1.0,-1.0,6235944,1,2,2,2,0,0,0,1,0,-4.6653265953063965,14.29814338684082,-12.175519943237305,0,0,0,0.0,0,0,7,0,0.45328283309936523,8.914427757263184,1,598,0,0,0,0,0,0,0,0,0,0,0,1,0,2.0,-26.125,1,0,19.04439926147461,23.89739990234375,1,0,-1.8538999557495117,28.0,2,0,0.3125,0.6875,2,0,0.3199999928474426,0.20000000298023224,3,0,0.0,0.0
33.734,49200,11000,3.666667,0,1.0166666507720947,50,0,2.5,-1,0,10,7,-1.0,-1.0,-1.0,-1.0,6235944,1,2,2,2,0,0,0,1,0,-4.6653265953063965,14.29814338684082,-12.175519943237305,0,0,0,0.0,0,0,7,0,0.45328283309936523,8.914427757263184,1,600,0,0,0,0,0,0,0,0,0,0,0,1,0,2.0,-26.125,1,0,19.04439926147461,23.89739990234375,1,0,-1.8538999557495117,28.0,2,0,0.3125,0.6875,2,0,0.3199999928474426,0.20000000298023224,3,0,0.0,0.0
33.751,49200,11000,3.666667,0,1.0166666507720947,50,0,2.5,-1,0,10,7,-1.0,-1.0,-1.0,-1.0,6235944,1,2,2,2,0,0,0,1,0,-4.6653265953063965,14.29814338684082,-12.175519943237305,0,0,0,0.0,0,0,7,0,0.45328283309936523,8.914427757263184,1,602,0,0,0,0,0,0,0,0,0,0,0,1,0,2.0,-26.125,1,0,19.04439926147461,23.89739990234375,1,0,-1.8538999557495117,28.0,2,0,0.3125,0.6875,2,0,0.3199999928474426,0.20000000298023224,3,0,0.0,0.0
33.768,49200,11000,3.666667,0,1.0166666507720947,50,0,2.5,-1,0,10,7,-1.0,-1.0,-1.0,-1.0,6235944,1,2,2,2,0,0,0,1,0,-4.6653265953063965,14.29814338684082,-12.175519943237305,0,0,0,0.0,0,0,7,0,0.45328283309936523,8.914427757263184,1,604,0,0,0,0,0,0,0,0,0,0,0,1,0,2.0,-26.125,1,0,19.04439926147461,23.89739990234375,1,0,-1.8538999557495117,28.0,2,0,0.3125,0.6875,2,0,0.3199999928474426,0.20000000298023224,3,0,0.0,0.0
33.786,49200,11000,3.666667,0,1.0166666507720947,50,0,2.5,-1,0,10,7,-1.0,-1.0,-1.0,-1.0,6235944,1,2,2,2,0,0,0,1,0,-4.6653265953063965,14.29814338684082,-12.175519943237305,0,0,0,0.0,0,0,7,0,0.45328283309936523,8.914427757263184,1,608,0,0,0,0,0,0,0,0,0,0,0,1,0,2.0,-26.125,1,0,19.04439926147461,23.89739990234375,1,0,-1.8538999557495117,28.0,2,0,0.3125,0.6875,2,0,0.3199999928474426,0.20000000298023224,3,0,0.0,0.0
33.803,49200,11000,3.666667,0,1.0166666507720947,50,0,2.5,-1,0,10,7,-1.0,-1.0,-1.0,-1.0,6235944,1,2,2,2,0,0,0,1,0,-4.6653265953063965,14.29814338684082,-12.175519943237305,0,0,0,0.0,0,0,7,0,0.45328283309936523,8.914427757263184,1,610,0,0,0,0,0,0,0,0,0,0,0,1,0,2.0,-26.125,1,0,19.04439926147461,23.89739990234375,1,0,-1.8538999557495117,28.0,2,0,0.3125,0.6875,2,0,0.3199999928474426,0.20000000298023224,3,0,0.0,0.0
33.82,49200,11000,3.666667,0,1.0166666507720947,50,0,2.5,-1,0,10,7,-1.0,-1.0,-1.0,-1.0,6235944,1,2,2,2,0,0,0,1,0,-4.6653265953063965,14.29814338684082,-12.175519943237305,0,0,0,0.0,0,0,7,0,0.45328283309936523,8.914427757263184,1,612,0,0,0,0,0,0,0,0,0,0,0,1,0,2.0,-26.125,1,0,19.04439926147461,23.89739990234375,1,0,-1.8538999557495117,28.0,2,0,0.3125,0.6875,2,0,0.3199999928474426,0.20000000298023224,3,0,0.0,0.0
33.837,49200,11000,3.666667,0,1.0166666507720947,50,0,2.5,-1,0,10,7,-1.0,-1.0,-1.0,-1.0,6235944,1,2,2,2,0,0,0,1,0,-4.6653265953063965,14.29814338684082,-12.175519943237305,0,0,0,0.0,0,0,7,0,0.45328283309936523,8.914427757263184,1,614,0,0,0,0,0,0,0,0,0,0,0,1,0,2.0,-26.125,1,0,19.04439926147461,23.89739990234375,1,0,-1.8538999557495117,28.0,2,0,0.3125,0.6875,2,0,0.3199999928474426,0.20000000298023224,3,0,0.0,0.0
33.855,49200,11000,3.666667,0,1.0166666507720947,50,0,2.5,-1,0,10,7,-1.0,-1.0,-1.0,-1.0,6235944,1,2,2,2,0,0,0,1,0,-4.6653265953063965,14.29814338684082,-12.175519943237305,0,0,0,0.0,0,0,7,0,0.45328283309936523,8.914427757263184,1,616,0,0,0,0,0,0,0,0,0,0,0,1,0,2.0,-26.125,1,0,19.04439926147461,23.89739990234375,1,0,-1.8538999557495117,28.0,2,0,0.3125,0.6875,2,0,0.3199999928474426,0.20000000298023224,3,0,0.0,0.0
33.872,49200,11000,3.666667,0,1.0166666507720947,50,0,2.5,-1,0,10,7,-1.0,-1.0,-1.0,-1.0,6235944,1,2,2,2,0,0,0,1,0,-4.6653265953063965,14.29814338684082,-12.175519943237305,0,0,0,0.0,0,0,7,0,0.45328283309936523,8.914427757263184,1,618,0,0,0,0,0,0,0,0,0,0,0,1,0,2.0,-26.125,1,0,19.04439926147461,23.89739990234375,1,0,-1.8538999557495117,28.0,2,0,0.3125,0.6875,2,0,0.3199999928474426,0.20000000298023224,3,0,0.0,0.0
33.89,49200,11000,3.666667,0,1.0166666507720947,50,0,2.5,-1,0,10,7,-1.0,-1.0,-1.0,-1.0,6235944,1,2,2,2,0,0,0,1,0,-4.6653265953063965,14.29814338684082,-12.175519943237305,0,0,0,0.0,0,0,7,0,0.45328283309936523,8.914427757263184,1,620,0,0,0,0,0,0,0,0,0,0,0,1,0,2.0,-26.125,1,0,19.04439926147461,23.89739990234375,1,0,-1.8538999557495117,28.0,2,0,0.3125,0.6875,2,0,0.3199999928474426,0.20000000298023224,3,0,0.0,0.0
33.907,49200,11000,3.666667,0,1.0166666507720947,50,0,2.5,-1,0,10,7,-1.0,-1.0,-1.0,-1.0,6235944,1,2,2,2,0,0,0,1,0,-4.6653265953063965,14.29814338684082,-12.175519943237305,0,0,0,0.0,0,0,7,0,0.45328283309936523,8.914427757263184,1,622,0,0,0,0,0,0,0,0,0,0,0,1,0,2.0,-26.125,1,0,19.04439926147461,23.89739990234375,1,0,-1.8538999557495117,28.0,2,0,0.3125,0.6875,2,0,0.3199999928474426,0.20000000298023224,3,0,0.0,0.0
33.925,49200,11000,3.666667,0,1.0166666507720947,50,0,2.5,-1,0,10,7,-1.0,-1.0,-1.0,-1.0,6235944,1,2,2,2,0,0,0,1,0,-4.6653265953063965,14.29814338684082,-12.175519943237305,0,0,0,0.0,0,0,7,0,0.45328283309936523,8.914427757263184,1,624,0,0,0,0,0,0,0,0,0,0,0,1,0,2.0,-26.125,1,0,19.04439926147461,23.89739990234375,1,0,-1.8538999557495117,28.0,2,0,0.3125,0.6875,2,0,0.3199999928474426,0.20000000298023224,3,0,0.0,0.0
33.942,49200,11000,3.666667,0,1.0166666507720947,50,0,2.5,-1,0,10,7,-1.0,-1.0,-1.0,-1.0,6235944,1,2,2,2,0,0,0,1,0,-4.6653265953063965,14.29814338684082,-12.175519943237305,0,0,0,0.0,0,0,7,0,0.45328283309936523,8.914427757263184,1,626,0,0,0,0,0,0,0,0,0,0,0,1,0,2.0,-26.125,1,0,19.04439926147461,23.89739990234375,1,0,-1.8538999557495117,28.0,2,0,0.3125,0.6875,2,0,0.3199999928474426,0.20000000298023224,3,0,0.0,0.0
33.959,49200,11000,3.666667,0,1.0166666507720947,50,0,2.5,-1,0,10,7,-1.0,-1.0,-1.0,-1.0,6235944,1,2,2,2,0,0,0,1,0,-4.6653265953063965,14.29814338684082,-12.175519943237305,0,0,0,0.0,0,0,7,0,0.45328283309936523,8.914427757263184,1,628,0,0,0,0,0,0,0,0,0,0,0,1,0,2.0,-26.125,1,0,19.04439926147461,23.89739990234375,1,0,-1.8538999557495117,28.0,2,0,0.3125,0.6875,2,0,0.3199999928474426,0.20000000298023224,3,0,0.0,0.0
33.977,49200,11000,3.666667,0,1.0166666507720947,50,0,2.5,-1,0,10,7,-1.0,-1.0,-1.0,-1.0,6235944,1,2,2,2,0,0,0,1,0,-4.6653265953063965,14.29814338684082,-12.175519943237305,0,0,0,0.0,0,0,7,0,0.45328283309936523,8.914427757263184,1,630,0,0,0,0,0,0,0,0,0,0,0,1,0,2.0,-26.125,1,0,19.04439926147461,23.89739990234375,1,0,-1.8538999557495117,28.0,2,0,0.3125,0.6875,2,0,0.3199999928474426,0.20000000298023224,3,0,0.0,0.0
33.994,49200,11000,3.666667,0,1.0166666507720947,50,0,2.5,-1,0,10,7,-1.0,-1.0,-1.0,-1.0,6235944,1,2,2,2,0,0,0,1,0,-4.6653265953063965,14.29814338684082,-12.175519943237305,0,0,0,0.0,0,0,7,0,0.45328283309936523,8.914427757263184,1,632,0,0,0,0,0,0,0,0,0,0,0,1,0,2.0,-26.125,1,0,19.04439926147461,23.89739990234375,1,0,-1.8538999557495117,28.0,2,0,0.3125,0.6875,2,0,0.3199999928474426,0.20000000298023224,3,0,0.0,0.0
34.011,49200,11000,3.666667,0,1.0166666507720947,50,0,2.5,-1,0,10,7,-1.0,-1.0,-1.0,-1.0,6235944,1,2,2,2,0,0,0,1,0,-4.6653265953063965,14.29814338684082,-12.175519943237305,0,0,0,0.0,0,0,7,0,0.45328283309936523,8.914427757263184,1,634,0,0,0,0,0,0,0,0,0,0,0,1,0,2.0,-26.125,1,0,19.04439926147461,23.89739990234375,1,0,-1.8538999557495117,28.0,2,0,0.3125,0.6875,2,0,0.3199999928474426,0.20000000298023224,3,0,0.0,0.0
34.028,49200,11000,3.666667,0,1.0166666507720947,50,0,2.5,-1,0,10,7,-1.0,-1.0,-1.0,-1.0,6235944,1,2,2,2,0,0,0,1,0,-4.6653265953063965,14.29814338684082,-12.175519943237305,0,0,0,0.0,0,0,7,0,0.45328283309936523,8.914427757263184,1,636,0,0,0,0,0,0,0,0,0,0,0,1,0,2.0,-26.125,1,0,19.04439926147461,23.89739990234375,1,0,-1.8538999557495117,28.0,2,0,0.3125,0.6875,2,0,0.3199999928474426,0.20000000298023224,3,0,0.0,0.0
34.046,49200,11000,3.666667,0,1.0166666507720947,50,0,2.5,-1,0,10,7,-1.0,-1.0,-1.0,-1.0,6235944,1,2,2,2,0,0,0,1,0,-4.6653265953063965,14.29814338684082,-12.175519943237305,0,0,0,0.0,0,0,7,0,0.45328283309936523,8.914427757263184,1,638,0,0,0,0,0,0,0,0,0,0,0,1,0,2.0,-26.125,1,0,19.04439926147461,23.89739990234375,1,0,-1.8538999557495117,28.0,2,0,0.3125,0.6875,2,0,0.3199999928474426,0.20000000298023224,3,0,0.0,0.0
34.063,49200,11000,3.666667,0,1.0166666507720947,50,0,2.5,-1,0,10,7,-1.0,-1.0,-1.0,-1.0,6235944,1,2,2,2,0,0,0,1,0,-4.6653265953063965,14.29814338684082,-12.175519943237305,0,0,0,0.0,0,0,7,0,0.45328283309936523,8.914427757263184,1,640,0,0,0,0,0,0,0,0,0,0,0,1,0,2.0,-26.125,1,0,19.04439926147461,23.89739990234375,1,0,-1.8538999557495117,28.0,2,0,0.3125,0.6875,2,0,0.3199999928474426,0.20000000298023224,3,0,0.0,0.0
34.08,49200,11000,3.666667,0,1.0166666507720947,50,0,2.5,-1,0,10,7,-1.0,-1.0,-1.0,-1.0,6235944,1,2,2,2,0,0,0,1,0,-4.6653265953063965,14.29814338684082,-12.175519943237305,0,0,0,0.0,0,0,7,0,0.45328283309936523,8.914427757263184,1,642,0,0,0,0,0,0,0,0,0,0,0,1,0,2.0,-26.125,1,0,19.04439926147461,23.89739990234375,1,0,-1.8538999557495117,28.0,2,0,0.3125,0.6875,2,0,0.3199999928474426,0.20000000298023224,3,0,0.0,0.0
34.097,49200,11000,3.666667,0,1.0166666507720947,50,0,2.5,-1,0,10,7,-1.0,-1.0,-1.0,-1.0,6235944,1,2,2,2,0,0,0,1,0,-4.6653265953063965,14.29814338684082,-12.175519943237305,0,0,0,0.0,0,0,7,0,0.45328283309936523,8.914427757263184,1,644,0,0,0,0,0,0,0,0,0,0,0,1,0,2.0,-26.125,1,0,19.04439926147461,23.89739990234375,1,0,-1.8538999557495117,28.0,2,0,0.3125,0.6875,2,0,0.3199999928474426,0.20000000298023224,3,0,0.0,0.0
34.114,49200,11000,3.666667,0,1.0166666507720947,50,0,2.5,-1,0,10,7,-1.0,-1.0,-1.0,-1.0,6235944,1,2,2,2,0,0,0,1,0,-4.6653265953063965,14.29814338684082,-12.175519943237305,0,0,0,0.0,0,0,7,0,0.45328283309936523,8.914427757263184,1,646,0,0,0,0,0,0,0,0,0,0,0,1,0,2.0,-26.125,1,0,19.04439926147461,23.89739990234375,1,0,-1.8538999557495117,28.0,2,0,0.3125,0.6875,2,0,0.3199999928474426,0.20000000298023224,3,0,0.0,0.0
34.132,49200,11000,3.666667,0,1.0166666507720947,50,0,2.5,-1,0,10,7,-1.0,-1.0,-1.0,-1.0,6235944,1,2,2,2,0,0,0,1,0,-4.6653265953063965,14.29814338684082,-12.175519943237305,0,0,0,0.0,0,0,7,0,0.45328283309936523,8.914427757263184,1,648,0,0,0,0,0,0,0,0,0,0,0,1,0,2.0,-26.125,1,0,19.04439926147461,23.89739990234375,1,0,-1.8538999557495117,28.0,2,0,0.3125,0.6875,2,0,0.3199999928474426,0.20000000298023224,3,0,0.0,0.0
34.149,49200,11000,3.666667,0,1.0166666507720947,50,0,2.5,-1,0,10,7,-1.0,-1.0,-1.0,-1.0,6235944,1,2,2,2,0,0,0,1,0,-4.6653265953063965,14.29814338684082,-12.175519943237305,0,0,0,0.0,0,0,7,0,0.45328283309936523,8.914427757263184,1,650,0,0,0,0,0,0,0,0,0,0,0,1,0,2.0,-26.125,1,0,19.04439926147461,23.89739990234375,1,0,-1.8538999557495117,28.0,2,0,0.3125,0.6875,2,0,0.3199999928474426,0.20000000298023224,3,0,0.0,0.0
34.166,49200,11000,3.666667,0,1.0166666507720947,50,0,2.5,-1,0,10,7,-1.0,-1.0,-1.0,-1.0,6235944,1,2,2,2,0,0,0,1,0,-4.6653265953063965,14.29814338684082,-12.175519943237305,0,0,0,0.0,0,0,7,0,0.45328283309936523,8.914427757263184,1,652,0,0,0,0,0,0,0,0,0,0,0,1,0,2.0,-26.125,1,0,19.04439926147461,23.89739990234375,1,0,-1.8538999557495117,28.0,2,0,0.3125,0.6875,2,0,0.3199999928474426,0.20000000298023224,3,0,0.0,0.0
34.183,49200,11000,3.666667,0,1.0166666507720947,50,0,2.5,-1,0,10,7,-1.0,-1.0,-1.0,-1.0,6235944,1,2,2,2,0,0,0,1,0,-4.6653265953063965,14.29814338684082,-12.175519943237305,0,0,0,0.0,0,0,7,0,0.45328283309936523,8.914427757263184,1,654,0,0,0,0,0,0,0,0,0,0,0,1,0,2.0,-26.125,1,0,19.04439926147461,23.89739990234375,1,0,-1.8538999557495117,28.0,2,0,0.3125,0.6875,2,0,0.3199999928474426,0.20000000298023224,3,0,0.0,0.0
34.201,49200,11000,3.666667,0,1.0166666507720947,50,0,2.5,-1,0,10,7,-1.0,-1.0,-1.0,-1.0,6235944,1,2,2,2,0,0,0,1,0,-4.6653265953063965,14.29814338684082,-12.175519943237305,0,0,0,0.0,0,0,7,0,0.45328283309936523,8.914427757263184,1,656,0,0,0,0,0,0,0,0,0,0,0,1,0,2.0,-26.125,1,0,19.04439926147461,23.89739990234375,1,0,-1.8538999557495117,28.0,2,0,0.3125,0.6875,2,0,0.3199999928474426,0.20000000298023224,3,0,0.0,0.0
34.218,49200,11000,3.666667,0,1.0166666507720947,50,0,2.5,-1,0,10,7,-1.0,-1.0,-1.0,-1.0,6235944,1,2,2,2,0,0,0,1,0,-4.6653265953063965,14.29814338684082,-12.175519943237305,0,0,0,0.0,0,0,7,0,0.45328283309936523,8.914427757263184,1,658,0,0,0,0,0,0,0,0,0,0,0,1,0,2.0,-26.125,1,0,19.04439926147461,23.89739990234375,1,0,-1.8538999557495117,28.0,2,0,0.3125,0.6875,2,0,0.3199999928474426,0.20000000298023224,3,0,0.0,0.0
34.236,49200,11000,3.666667,0,1.0166666507720947,50,0,2.5,-1,0,10,7,-1.0,-1.0,-1.0,-1.0,6235944,1,2,2,2,0,0,0,1,0,-4.6653265953063965,14.29814338684082,-12.175519943237305,0,0,0,0.0,0,0,7,0,0.45328283309936523,8.914427757263184,1,662,0,0,0,0,0,0,0,0,0,0,0,1,0,2.0,-26.125,1,0,19.04439926147461,23.89739990234375,1,0,-1.8538999557495117,28.0,2,0,0.3125,0.6875,2,0,0.3199999928474426,0.20000000298023224,3,0,0.0,0.0
34.253,49200,11000,3.666667,0,1.0166666507720947,50,0,2.5,-1,0,10,7,-1.0,-1.0,-1.0,-1.0,6235944,1,2,2,2,0,0,0,1,0,-4.6653265953063965,14.29814338684082,-12.175519943237305,0,0,0,0.0,0,0,7,0,0.45328283309936523,8.914427757263184,1,664,0,0,0,0,0,0,0,0,0,0,0,1,0,2.0,-26.125,1,0,19.04439926147461,23.89739990234375,1,0,-1.8538999557495117,28.0,2,0,0.3125,0.6875,2,0,0.3199999928474426,0.20000000298023224,3,0,0.0,0.0
34.27,49200,11000,3.666667,0,1.0166666507720947,50,0,2.5,-1,0,10,7,-1.0,-1.0,-1.0,-1.0,6235944,1,2,2,2,0,0,0,1,0,-4.6653265953063965,14.29814338684082,-12.175519943237305,0,0,0,0.0,0,0,7,0,0.45328283309936523,8.914427757263184,1,666,0,0,0,0,0,0,0,0,0,0,0,1,0,2.0,-26.125,1,0,19.04439926147461,23.89739990234375,1,0,-1.8538999557495117,28.0,2,0,0.3125,0.6875,2,0,0.3199999928474426,0.20000000298023224,3,0,0.0,0.0
34.288,49200,11000,3.666667,0,1.0166666507720947,50,0,2.5,-1,0,10,7,-1.0,-1.0,-1.0,-1.0,6235944,1,2,2,2,0,0,0,1,0,-4.6653265953063965,14.29814338684082,-12.175519943237305,0,0,0,0.0,0,0,7,0,0.45328283309936523,8.914427757263184,1,668,0,0,0,0,0,0,0,0,0,0,0,1,0,2.0,-26.125,1,0,19.04439926147461,23.89739990234375,1,0,-1.8538999557495117,28.0,2,0,0.3125,0.6875,2,0,0.3199999928474426,0.20000000298023224,3,0,0.0,0.0
34.305,49200,11000,3.666667,0,1.0166666507720947,50,0,2.5,-1,0,10,7,-1.0,-1.0,-1.0,-1.0,6235944,1,2,2,2,0,0,0,1,0,-4.6653265953063965,14.29814338684082,-12.175519943237305,0,0,0,0.0,0,0,7,0,0.45328283309936523,8.914427757263184,1,670,0,0,0,0,0,0,0,0,0,0,0,1,0,2.0,-26.125,1,0,19.04439926147461,23.89739990234375,1,0,-1.8538999557495117,28.0,2,0,0.3125,0.6875,2,0,0.3199999928474426,0.20000000298023224,3,0,0.0,0.0
34.322,49200,11000,3.666667,0,1.0166666507720947,50,0,2.5,-1,0,10,7,-1.0,-1.0,-1.0,-1.0,6235944,1,2,2,2,0,0,0,1,0,-4.6653265953063965,14.29814338684082,-12.175519943237305,0,0,0,0.0,0,0,7,0,0.45328283309936523,8.914427757263184,1,672,0,0,0,0,0,0,0,0,0,0,0,1,0,2.0,-26.125,1,0,19.04439926147461,23.89739990234375,1,0,-1.8538999557495117,28.0,2,0,0.3125,0.6875,2,0,0.3199999928474426,0.20000000298023224,3,0,0.0,0.0
34.34,49200,11000,3.666667,0,1.0166666507720947,50,0,2.5,-1,0,10,7,-1.0,-1.0,-1.0,-1.0,6235944,1,2,2,2,0,0,0,1,0,-4.6653265953063965,14.29814338684082,-12.175519943237305,0,0,0,0.0,0,0,7,0,0.45328283309936523,8.914427757263184,1,674,0,0,0,0,0,0,0,0,0,0,0,1,0,2.0,-26.125,1,0,19.04439926147461,23.89739990234375,1,0,-1.8538999557495117,28.0,2,0,0.3125,0.6875,2,0,0.3199999928474426,0.20000000298023224,3,0,0.0,0.0
34.357,49200,11000,3.666667,0,1.0166666507720947,50,0,2.5,-1,0,10,7,-1.0,-1.0,-1.0,-1.0,6235944,1,2,2,2,0,0,0,1,0,-4.6653265953063965,14.29814338684082,-12.175519943237305,0,0,0,0.0,0,0,7,0,0.45328283309936523,8.914427757263184,1,676,0,0,0,0,0,0,0,0,0,0,0,1,0,2.0,-26.125,1,0,19.04439926147461,23.89739990234375,1,0,-1.8538999557495117,28.0,2,0,0.3125,0.6875,2,0,0.3199999928474426,0.20000000298023224,3,0,0.0,0.0
34.374,49200,11000,3.666667,0,1.0166666507720947,50,0,2.5,-1,0,10,7,-1.0,-1.0,-1.0,-1.0,6235944,1,2,2,2,0,0,0,1,0,-4.6653265953063965,14.29814338684082,-12.175519943237305,0,0,0,0.0,0,0,7,0,0.45328283309936523,8.914427757263184,1,678,0,0,0,0,0,0,0,0,0,0,0,1,0,2.0,-26.125,1,0,19.04439926147461,23.89739990234375,1,0,-1.8538999557495117,28.0,2,0,0.3125,0.6875,2,0,0.3199999928474426,0.20000000298023224,3,0,0.0,0.0
34.392,49200,11000,3.666667,0,1.0166666507720947,50,0,2.5,-1,0,10,7,-1.0,-1.0,-1.0,-1.0,6235944,1,2,2,2,0,0,0,1,0,-4.6653265953063965,14.29814338684082,-12.175519943237305,0,0,0,0.0,0,0,7,0,0.45328283309936523,8.914427757263184,1,680,0,0,0,0,0,0,0,0,0,0,0,1,0,2.0,-26.125,1,0,19.04439926147461,23.89739990234375,1,0,-1.8538999557495117,28.0,2,0,0.3125,0.6875,2,0,0.3199999928474426,0.20000000298023224,3,0,0.0,0.0
34.409,49200,11000,3.666667,0,1.0166666507720947,50,0,2.5,-1,0,10,7,-1.0,-1.0,-1.0,-1.0,6235944,1,2,2,2,0,0,0,1,0,-4.6653265953063965,14.29814338684082,-12.175519943237305,0,0,0,0.0,0,0,7,0,0.45328283309936523,8.914427757263184,1,682,0,0,0,0,0,0,0,0,0,0,0,1,0,2.0,-26.125,1,0,19.04439926147461,23.89739990234375,1,0,-1.8538999557495117,28.0,2,0,0.3125,0.6875,2,0,0.3199999928474426,0.20000000298023224,3,0,0.0,0.0
34.426,49200,11000,3.666667,0,1.0166666507720947,50,0,2.5,-1,0,10,7,-1.0,-1.0,-1.0,-1.0,6235944,1,2,2,2,0,0,0,1,0,-4.6653265953063965,14.29814338684082,-12.175519943237305,0,0,0,0.0,0,0,7,0,0.45328283309936523,8.914427757263184,1,684,0,0,0,0,0,0,0,0,0,0,0,1,0,2.0,-26.125,1,0,19.04439926147461,23.89739990234375,1,0,-1.8538999557495117,28.0,2,0,0.3125,0.6875,2,0,0.3199999928474426,0.20000000298023224,3,0,0.0,0.0
34.444,49200,11000,3.666667,0,1.0166666507720947,50,0,2.5,-1,0,10,7,-1.0,-1.0,-1.0,-1.0,6235944,1,2,2,2,0,0,0,1,0,-4.6653265953063965,14.29814338684082,-12.175519943237305,0,0,0,0.0,0,0,7,0,0.45328283309936523,8.914427757263184,1,686,0,0,0,0,0,0,0,0,0,0,0,1,0,2.0,-26.125,1,0,19.04439926147461,23.89739990234375,1,0,-1.8538999557495117,28.0,2,0,0.3125,0.6875,2,0,0.3199999928474426,0.20000000298023224,3,0,0.0,0.0
34.461,49200,11000,3.666667,0,1.0166666507720947,50,0,2.5,-1,0,10,7,-1.0,-1.0,-1.0,-1.0,6235944,1,2,2,2,0,0,0,1,0,-4.6653265953063965,14.29814338684082,-12.175519943237305,0,0,0,0.0,0,0,7,0,0.45328283309936523,8.914427757263184,1,688,0,0,0,0,0,0,0,0,0,0,0,1,0,2.0,-26.125,1,0,19.04439926147461,23.89739990234375,1,0,-1.8538999557495117,28.0,2,0,0.3125,0.6875,2,0,0.3199999928474426,0.20000000298023224,3,0,0.0,0.0
34.479,49200,11000,3.666667,0,1.0166666507720947,50,0,2.5,-1,0,10,7,-1.0,-1.0,-1.0,-1.0,6235944,1,2,2,2,0,0,0,1,0,-4.6653265953063965,14.29814338684082,-12.175519943237305,0,0,0,0.0,0,0,7,0,0.45328283309936523,8.914427757263184,1,690,0,0,0,0,0,0,0,0,0,0,0,1,0,2.0,-26.125,1,0,19.04439926147461,23.89739990234375,1,0,-1.8538999557495117,28.0,2,0,0.3125,0.6875,2,0,0.3199999928474426,0.20000000298023224,3,0,0.0,0.0
34.496,49200,11000,3.666667,0,1.0166666507720947,50,0,2.5,-1,0,10,7,-1.0,-1.0,-1.0,-1.0,6235944,1,2,2,2,0,0,0,1,0,-4.6653265953063965,14.29814338684082,-12.175519943237305,0,0,0,0.0,0,0,7,0,0.45328283309936523,8.914427757263184,1,692,0,0,0,0,0,0,0,0,0,0,0,1,0,2.0,-26.125,1,0,19.04439926147461,23.89739990234375,1,0,-1.8538999557495117,28.0,2,0,0.3125,0.6875,2,0,0.3199999928474426,0.20000000298023224,3,0,0.0,0.0
34.514,49200,11000,3.666667,0,1.0166666507720947,50,0,2.5,-1,0,10,7,-1.0,-1.0,-1.0,-1.0,6235944,1,2,2,2,0,0,0,1,0,-4.6653265953063965,14.29814338684082,-12.175519943237305,0,0,0,0.0,0,0,7,0,0.45328283309936523,8.914427757263184,1,694,0,0,0,0,0,0,0,0,0,0,0,1,0,2.0,-26.125,1,0,19.04439926147461,23.89739990234375,1,0,-1.8538999557495117,28.0,2,0,0.3125,0.6875,2,0,0.3199999928474426,0.20000000298023224,3,0,0.0,0.0
34.531,49200,11000,3.666667,0,1.0166666507720947,50,0,2.5,-1,0,10,7,-1.0,-1.0,-1.0,-1.0,6235944,1,2,2,2,0,0,0,1,0,-4.6653265953063965,14.29814338684082,-12.175519943237305,0,0,0,0.0,0,0,7,0,0.45328283309936523,8.914427757263184,1,696,0,0,0,0,0,0,0,0,0,0,0,1,0,2.0,-26.125,1,0,19.04439926147461,23.89739990234375,1,0,-1.8538999557495117,28.0,2,0,0.3125,0.6875,2,0,0.3199999928474426,0.20000000298023224,3,0,0.0,0.0
34.548,49200,11000,3.666667,0,1.0166666507720947,50,0,2.5,-1,0,10,7,-1.0,-1.0,-1.0,-1.0,6235944,1,2,2,2,0,0,0,1,0,-4.6653265953063965,14.29814338684082,-12.175519943237305,0,0,0,0.0,0,0,7,0,0.45328283309936523,8.914427757263184,1,698,0,0,0,0,0,0,0,0,0,0,0,1,0,2.0,-26.125,1,0,19.04439926147461,23.89739990234375,1,0,-1.8538999557495117,28.0,2,0,0.3125,0.6875,2,0,0.3199999928474426,0.20000000298023224,3,0,0.0,0.0
34.566,49200,11000,3.666667,0,1.0166666507720947,50,0,2.5,-1,0,10,7,-1.0,-1.0,-1.0,-1.0,6235944,1,2,2,2,0,0,0,1,0,-4.6653265953063965,14.29814338684082,-12.175519943237305,0,0,0,0.0,0,0,7,0,0.45328283309936523,8.914427757263184,1,700,0,0,0,0,0,0,0,0,0,0,0,1,0,2.0,-26.125,1,0,19.04439926147461,23.89739990234375,1,0,-1.8538999557495117,28.0,2,0,0.3125,0.6875,2,0,0.3199999928474426,0.20000000298023224,3,0,0.0,0.0
34.583,49200,11000,3.666667,0,1.0166666507720947,50,0,2.5,-1,0,10,7,-1.0,-1.0,-1.0,-1.0,6235944,1,2,2,2,0,0,0,1,0,-4.6653265953063965,14.29814338684082,-12.175519943237305,0,0,0,0.0,0,0,7,0,0.45328283309936523,8.914427757263184,1,702,0,0,0,0,0,0,0,0,0,0,0,1,0,2.0,-26.125,1,0,19.04439926147461,23.89739990234375,1,0,-1.8538999557495117,28.0,2,0,0.3125,0.6875,2,0,0.3199999928474426,0.20000000298023224,3,0,0.0,0.0
34.601,49200,11000,3.666667,0,1.0166666507720947,50,0,2.5,-1,0,10,7,-1.0,-1.0,-1.0,-1.0,6235944,1,2,2,2,0,0,0,1,0,-4.6653265953063965,14.29814338684082,-12.175519943237305,0,0,0,0.0,0,0,7,0,0.45328283309936523,8.914427757263184,1,704,0,0,0,0,0,0,0,0,0,0,0,1,0,2.0,-26.125,1,0,19.04439926147461,23.89739990234375,1,0,-1.8538999557495117,28.0,2,0,0.3125,0.6875,2,0,0.3199999928474426,0.20000000298023224,3,0,0.0,0.0
34.619,49200,11000,3.666667,0,1.0166666507720947,50,0,2.5,-1,0,10,7,-1.0,-1.0,-1.0,-1.0,6235944,1,2,2,2,0,0,0,1,0,-4.6653265953063965,14.29814338684082,-12.175519943237305,0,0,0,0.0,0,0,7,0,0.45328283309936523,8.914427757263184,1,706,0,0,0,0,0,0,0,0,0,0,0,1,0,2.0,-26.125,1,0,19.04439926147461,23.89739990234375,1,0,-1.8538999557495117,28.0,2,0,0.3125,0.6875,2,0,0.3199999928474426,0.20000000298023224,3,0,0.0,0.0
34.636,49200,11000,3.666667,0,1.0166666507720947,50,0,2.5,-1,0,10,7,-1.0,-1.0,-1.0,-1.0,6235944,1,2,2,2,0,0,0,1,0,-4.6653265953063965,14.29814338684082,-12.175519943237305,0,0,0,0.0,0,0,7,0,0.45328283309936523,8.914427757263184,1,710,0,0,0,0,0,0,0,0,0,0,0,1,0,2.0,-26.125,1,0,19.04439926147461,23.89739990234375,1,0,-1.8538999557495117,28.0,2,0,0.3125,0.6875,2,0,0.3199999928474426,0.20000000298023224,3,0,0.0,0.0
34.654,49200,11000,3.666667,0,1.0166666507720947,50,0,2.5,-1,0,10,7,-1.0,-1.0,-1.0,-1.0,6235944,1,2,2,2,0,0,0,1,0,-4.6653265953063965,14.29814338684082,-12.175519943237305,0,0,0,0.0,0,0,7,0,0.45328283309936523,8.914427757263184,1,712,0,0,0,0,0,0,0,0,0,0,0,1,0,2.0,-26.125,1,0,19.04439926147461,23.89739990234375,1,0,-1.8538999557495117,28.0,2,0,0.3125,0.6875,2,0,0.3199999928474426,0.20000000298023224,3,0,0.0,0.0
34.671,49200,11000,3.666667,0,1.0166666507720947,50,0,2.5,-1,0,10,7,-1.0,-1.0,-1.0,-1.0,6235944,1,2,2,2,0,0,0,1,0,-4.6653265953063965,14.29814338684082,-12.175519943237305,0,0,0,0.0,0,0,7,0,0.45328283309936523,8.914427757263184,1,714,0,0,0,0,0,0,0,0,0,0,0,1,0,2.0,-26.125,1,0,19.04439926147461,23.89739990234375,1,0,-1.8538999557495117,28.0,2,0,0.3125,0.6875,2,0,0.3199999928474426,0.20000000298023224,3,0,0.0,0.0
34.689,49200,11000,3.666667,0,1.0166666507720947,50,0,2.5,-1,0,10,7,-1.0,-1.0,-1.0,-1.0,6235944,1,2,2,2,0,0,0,1,0,-4.6653265953063965,14.29814338684082,-12.175519943237305,0,0,0,0.0,0,0,7,0,0.45328283309936523,8.914427757263184,1,716,0,0,0,0,0,0,0,0,0,0,0,1,0,2.0,-26.125,1,0,19.04439926147461,23.89739990234375,1,0,-1.8538999557495117,28.0,2,0,0.3125,0.6875,2,0,0.3199999928474426,0.20000000298023224,3,0,0.0,0.0
34.706,49200,11000,3.666667,0,1.0166666507720947,50,0,2.5,-1,0,10,7,-1.0,-1.0,-1.0,-1.0,6235944,1,2,2,2,0,0,0,1,0,-4.6653265953063965,14.29814338684082,-12.175519943237305,0,0,0,0.0,0,0,7,0,0.45328283309936523,8.914427757263184,1,718,0,0,0,0,0,0,0,0,0,0,0,1,0,2.0,-26.125,1,0,19.04439926147461,23.89739990234375,1,0,-1.8538999557495117,28.0,2,0,0.3125,0.6875,2,0,0.3199999928474426,0.20000000298023224,3,0,0.0,0.0
34.723,49200,11000,3.666667,0,1.0166666507720947,50,0,2.5,-1,0,10,7,-1.0,-1.0,-1.0,-1.0,6235944,1,2,2,2,0,0,0,1,0,-4.6653265953063965,14.29814338684082,-12.175519943237305,0,0,0,0.0,0,0,7,0,0.45328283309936523,8.914427757263184,1,720,0,0,0,0,0,0,0,0,0,0,0,1,0,2.0,-26.125,1,0,19.04439926147461,23.89739990234375,1,0,-1.8538999557495117,28.0,2,0,0.3125,0.6875,2,0,0.3199999928474426,0.20000000298023224,3,0,0.0,0.0
34.741,49200,11000,3.666667,0,1.0166666507720947,50,0,2.5,-1,0,10,7,-1.0,-1.0,-1.0,-1.0,6235944,1,2,2,2,0,0,0,1,0,-4.6653265953063965,14.29814338684082,-12.175519943237305,0,0,0,0.0,0,0,7,0,0.45328283309936523,8.914427757263184,1,722,0,0,0,0,0,0,0,0,0,0,0,1,0,2.0,-26.125,1,0,19.04439926147461,23.89739990234375,1,0,-1.8538999557495117,28.0,2,0,0.3125,0.6875,2,0,0.3199999928474426,0.20000000298023224,3,0,0.0,0.0
34.758,49200,11000,3.666667,0,1.0166666507720947,50,0,2.5,-1,0,10,7,-1.0,-1.0,-1.0,-1.0,6235944,1,2,2,2,0,0,0,1,0,-4.6653265953063965,14.29814338684082,-12.175519943237305,0,0,0,0.0,0,0,7,0,0.45328283309936523,8.914427757263184,1,724,0,0,0,0,0,0,0,0,0,0,0,1,0,2.0,-26.125,1,0,19.04439926147461,23.89739990234375,1,0,-1.8538999557495117,28.0,2,0,0.3125,0.6875,2,0,0.3199999928474426,0.20000000298023224,3,0,0.0,0.0
34.776,49200,11000,3.666667,0,1.0166666507720947,50,0,2.5,-1,0,10,7,-1.0,-1.0,-1.0,-1.0,6235944,1,2,2,2,0,0,0,1,0,-4.6653265953063965,14.29814338684082,-12.175519943237305,0,0,0,0.0,0,0,7,0,0.45328283309936523,8.914427757263184,1,726,0,0,0,0,0,0,0,0,0,0,0,1,0,2.0,-26.125,1,0,19.04439926147461,23.89739990234375,1,0,-1.8538999557495117,28.0,2,0,0.3125,0.6875,2,0,0.3199999928474426,0.20000000298023224,3,0,0.0,0.0
34.793,49200,11000,3.666667,0,1.0166666507720947,50,0,2.5,-1,0,10,7,-1.0,-1.0,-1.0,-1.0,6235944,1,2,2,2,0,0,0,1,0,-4.6653265953063965,14.29814338684082,-12.175519943237305,0,0,0,0.0,0,0,7,0,0.45328283309936523,8.914427757263184,1,728,0,0,0,0,0,0,0,0,0,0,0,1,0,2.0,-26.125,1,0,19.04439926147461,23.89739990234375,1,0,-1.8538999557495117,28.0,2,0,0.3125,0.6875,2,0,0.3199999928474426,0.20000000298023224,3,0,0.0,0.0
34.81,49200,11000,3.666667,0,1.0166666507720947,50,0,2.5,-1,0,10,7,-1.0,-1.0,-1.0,-1.0,6235944,1,2,2,2,0,0,0,1,0,-4.6653265953063965,14.29814338684082,-12.175519943237305,0,0,0,0.0,0,0,7,0,0.45328283309936523,8.914427757263184,1,730,0,0,0,0,0,0,0,0,0,0,0,1,0,2.0,-26.125,1,0,19.04439926147461,23.89739990234375,1,0,-1.8538999557495117,28.0,2,0,0.3125,0.6875,2,0,0.3199999928474426,0.20000000298023224,3,0,0.0,0.0
34.828,49200,11000,3.666667,0,1.0166666507720947,50,0,2.5,-1,0,10,7,-1.0,-1.0,-1.0,-1.0,6235944,1,2,2,2,0,0,0,1,0,-4.6653265953063965,14.29814338684082,-12.175519943237305,0,0,0,0.0,0,0,7,0,0.45328283309936523,8.914427757263184,1,732,0,0,0,0,0,0,0,0,0,0,0,1,0,2.0,-26.125,1,0,19.04439926147461,23.89739990234375,1,0,-1.8538999557495117,28.0,2,0,0.3125,0.6875,2,0,0.3199999928474426,0.20000000298023224,3,0,0.0,0.0
34.845,49200,11000,3.666667,0,1.0166666507720947,50,0,2.5,-1,0,10,7,-1.0,-1.0,-1.0,-1.0,6235944,1,2,2,2,0,0,0,1,0,-4.6653265953063965,14.29814338684082,-12.175519943237305,0,0,0,0.0,0,0,7,0,0.45328283309936523,8.914427757263184,1,734,0,0,0,0,0,0,0,0,0,0,0,1,0,2.0,-26.125,1,0,19.04439926147461,23.89739990234375,1,0,-1.8538999557495117,28.0,2,0,0.3125,0.6875,2,0,0.3199999928474426,0.20000000298023224,3,0,0.0,0.0
34.863,49200,11000,3.666667,0,1.0166666507720947,50,0,2.5,-1,0,10,7,-1.0,-1.0,-1.0,-1.0,6235944,1,2,2,2,0,0,0,1,0,-4.6653265953063965,14.29814338684082,-12.175519943237305,0,0,0,0.0,0,0,7,0,0.45328283309936523,8.914427757263184,1,736,0,0,0,0,0,0,0,0,0,0,0,1,0,2.0,-26.125,1,0,19.04439926147461,23.89739990234375,1,0,-1.8538999557495117,28.0,2,0,0.3125,0.6875,2,0,0.3199999928474426,0.20000000298023224,3,0,0.0,0.0
34.88,49200,11000,3.666667,0,1.0166666507720947,50,0,2.5,-1,0,10,7,-1.0,-1.0,-1.0,-1.0,6235944,1,2,2,2,0,0,0,1,0,-4.6653265953063965,14.29814338684082,-12.175519943237305,0,0,0,0.0,0,0,7,0,0.45328283309936523,8.914427757263184,1,738,0,0,0,0,0,0,0,0,0,0,0,1,0,2.0,-26.125,1,0,19.04439926147461,23.89739990234375,1,0,-1.8538999557495117,28.0,2,0,0.3125,0.6875,2,0,0.3199999928474426,0.20000000298023224,3,0,0.0,0.0
34.898,49200,11000,3.666667,0,1.0166666507720947,50,0,2.5,-1,0,10,7,-1.0,-1.0,-1.0,-1.0,6235944,1,2,2,2,0,0,0,1,0,-4.6653265953063965,14.29814338684082,-12.175519943237305,0,0,0,0.0,0,0,7,0,0.45328283309936523,8.914427757263184,1,740,0,0,0,0,0,0,0,0,0,0,0,1,0,2.0,-26.125,1,0,19.04439926147461,23.89739990234375,1,0,-1.8538999557495117,28.0,2,0,0.3125,0.6875,2,0,0.3199999928474426,0.20000000298023224,3,0,0.0,0.0
34.915,49200,11000,3.666667,0,1.0166666507720947,50,0,2.5,-1,0,10,7,-1.0,-1.0,-1.0,-1.0,6235944,1,2,2,2,0,0,0,1,0,-4.6653265953063965,14.29814338684082,-12.175519943237305,0,0,0,0.0,0,0,7,0,0.45328283309936523,8.914427757263184,1,742,0,0,0,0,0,0,0,0,0,0,0,1,0,2.0,-26.125,1,0,19.04439926147461,23.89739990234375,1,0,-1.8538999557495117,28.0,2,0,0.3125,0.6875,2,0,0.3199999928474426,0.20000000298023224,3,0,0.0,0.0
34.933,49200,11000,3.666667,0,1.0166666507720947,50,0,2.5,-1,0,10,7,-1.0,-1.0,-1.0,-1.0,6235944,1,2,2,2,0,0,0,1,0,-4.6653265953063965,14.29814338684082,-12.175519943237305,0,0,0,0.0,0,0,7,0,0.45328283309936523,8.914427757263184,1,744,0,0,0,0,0,0,0,0,0,0,0,1,0,2.0,-26.125,1,0,19.04439926147461,23.89739990234375,1,0,-1.8538999557495117,28.0,2,0,0.3125,0.6875,2,0,0.3199999928474426,0.20000000298023224,3,0,0.0,0.0
34.95,49200,11000,3.666667,0,1.0166666507720947,50,0,2.5,-1,0,10,7,-1.0,-1.0,-1.0,-1.0,6235944,1,2,2,2,0,0,0,1,0,-4.6653265953063965,14.29814338684082,-12.175519943237305,0,0,0,0.0,0,0,7,0,0.45328283309936523,8.914427757263184,1,746,0,0,0,0,0,0,0,0,0,0,0,1,0,2.0,-26.125,1,0,19.04439926147461,23.89739990234375,1,0,-1.8538999557495117,28.0,2,0,0.3125,0.6875,2,0,0.3199999928474426,0.20000000298023224,3,0,0.0,0.0
34.968,49200,11000,3.666667,0,1.0166666507720947,50,0,2.5,-1,0,10,7,-1.0,-1.0,-1.0,-1.0,6235944,1,2,2,2,0,0,0,1,0,-4.6653265953063965,14.29814338684082,-12.175519943237305,0,0,0,0.0,0,0,7,0,0.45328283309936523,8.914427757263184,1,748,0,0,0,0,0,0,0,0,0,0,0,1,0,2.0,-26.125,1,0,19.04439926147461,23.89739990234375,1,0,-1.8538999557495117,28.0,2,0,0.3125,0.6875,2,0,0.3199999928474426,0.20000000298023224,3,0,0.0,0.0
34.985,49200,11000,3.666667,0,1.0166666507720947,50,0,2.5,-1,0,10,7,-1.0,-1.0,-1.0,-1.0,6235944,1,2,2,2,0,0,0,1,0,-4.6653265953063965,14.29814338684082,-12.175519943237305,0,0,0,0.0,0,0,7,0,0.45328283309936523,8.914427757263184,1,750,0,0,0,0,0,0,0,0,0,0,0,1,0,2.0,-26.125,1,0,19.04439926147461,23.89739990234375,1,0,-1.8538999557495117,28.0,2,0,0.3125,0.6875,2,0,0.3199999928474426,0.20000000298023224,3,0,0.0,0.0
35.002,49200,11000,3.666667,0,1.0166666507720947,50,0,2.5,-1,0,10,7,-1.0,-1.0,-1.0,-1.0,6235944,1,2,2,2,0,0,0,1,0,-4.6653265953063965,14.29814338684082,-12.175519943237305,0,0,0,0.0,0,0,7,0,0.45328283309936523,8.914427757263184,1,754,0,0,0,0,0,0,0,0,0,0,0,1,0,2.0,-26.125,1,0,19.04439926147461,23.89739990234375,1,0,-1.8538999557495117,28.0,2,0,0.3125,0.6875,2,0,0.3199999928474426,0.20000000298023224,3,0,0.0,0.0
35.019,49200,11000,3.666667,0,1.0166666507720947,50,0,2.5,-1,0,10,7,-1.0,-1.0,-1.0,-1.0,6235944,1,2,2,2,0,0,0,1,0,-4.6653265953063965,14.29814338684082,-12.175519943237305,0,0,0,0.0,0,0,7,0,0.45328283309936523,8.914427757263184,1,756,0,0,0,0,0,0,0,0,0,0,0,1,0,2.0,-26.125,1,0,19.04439926147461,23.89739990234375,1,0,-1.8538999557495117,28.0,2,0,0.3125,0.6875,2,0,0.3199999928474426,0.20000000298023224,3,0,0.0,0.0
35.037,49200,11000,3.666667,0,1.0166666507720947,50,0,2.5,-1,0,10,7,-1.0,-1.0,-1.0,-1.0,6235944,1,2,2,2,0,0,0,1,0,-4.6653265953063965,14.29814338684082,-12.175519943237305,0,0,0,0.0,0,0,7,0,0.45328283309936523,8.914427757263184,1,758,0,0,0,0,0,0,0,0,0,0,0,1,0,2.0,-26.125,1,0,19.04439926147461,23.89739990234375,1,0,-1.8538999557495117,28.0,2,0,0.3125,0.6875,2,0,0.3199999928474426,0.20000000298023224,3,0,0.0,0.0
35.054,49200,11000,3.666667,0,1.0166666507720947,50,0,2.5,-1,0,10,7,-1.0,-1.0,-1.0,-1.0,6235944,1,2,2,2,0,0,0,1,0,-4.6653265953063965,14.29814338684082,-12.175519943237305,0,0,0,0.0,0,0,7,0,0.45328283309936523,8.914427757263184,1,760,0,0,0,0,0,0,0,0,0,0,0,1,0,2.0,-26.125,1,0,19.04439926147461,23.89739990234375,1,0,-1.8538999557495117,28.0,2,0,0.3125,0.6875,2,0,0.3199999928474426,0.20000000298023224,3,0,0.0,0.0
35.072,49200,11000,3.666667,0,1.0166666507720947,50,0,2.5,-1,0,10,7,-1.0,-1.0,-1.0,-1.0,6235944,1,2,2,2,0,0,0,1,0,-4.6653265953063965,14.29814338684082,-12.175519943237305,0,0,0,0.0,0,0,7,0,0.45328283309936523,8.914427757263184,1,762,0,0,0,0,0,0,0,0,0,0,0,1,0,2.0,-26.125,1,0,19.04439926147461,23.89739990234375,1,0,-1.8538999557495117,28.0,2,0,0.3125,0.6875,2,0,0.3199999928474426,0.20000000298023224,3,0,0.0,0.0
35.089,49200,11000,3.666667,0,1.0166666507720947,50,0,2.5,-1,0,10,7,-1.0,-1.0,-1.0,-1.0,6235944,1,2,2,2,0,0,0,1,0,-4.6653265953063965,14.29814338684082,-12.175519943237305,0,0,0,0.0,0,0,7,0,0.45328283309936523,8.914427757263184,1,764,0,0,0,0,0,0,0,0,0,0,0,1,0,2.0,-26.125,1,0,19.04439926147461,23.89739990234375,1,0,-1.8538999557495117,28.0,2,0,0.3125,0.6875,2,0,0.3199999928474426,0.20000000298023224,3,0,0.0,0.0
35.106,49200,11000,3.666667,0,1.0166666507720947,50,0,2.5,-1,0,10,7,-1.0,-1.0,-1.0,-1.0,6235944,1,2,2,2,0,0,0,1,0,-4.6653265953063965,14.29814338684082,-12.175519943237305,0,0,0,0.0,0,0,7,0,0.45328283309936523,8.914427757263184,1,766,0,0,0,0,0,0,0,0,0,0,0,1,0,2.0,-26.125,1,0,19.04439926147461,23.89739990234375,1,0,-1.8538999557495117,28.0,2,0,0.3125,0.6875,2,0,0.3199999928474426,0.20000000298023224,3,0,0.0,0.0
35.124,49200,11000,3.666667,0,1.0166666507720947,50,0,2.5,-1,0,10,7,-1.0,-1.0,-1.0,-1.0,6235944,1,2,2,2,0,0,0,1,0,-4.6653265953063965,14.29814338684082,-12.175519943237305,0,0,0,0.0,0,0,7,0,0.45328283309936523,8.914427757263184,1,768,0,0,0,0,0,0,0,0,0,0,0,1,0,2.0,-26.125,1,0,19.04439926147461,23.89739990234375,1,0,-1.8538999557495117,28.0,2,0,0.3125,0.6875,2,0,0.3199999928474426,0.20000000298023224,3,0,0.0,0.0
35.141,49200,11000,3.666667,0,1.0166666507720947,50,0,2.5,-1,0,10,7,-1.0,-1.0,-1.0,-1.0,6235944,1,2,2,2,0,0,0,1,0,-4.6653265953063965,14.29814338684082,-12.175519943237305,0,0,0,0.0,0,0,7,0,0.45328283309936523,8.914427757263184,1,770,0,0,0,0,0,0,0,0,0,0,0,1,0,2.0,-26.125,1,0,19.04439926147461,23.89739990234375,1,0,-1.8538999557495117,28.0,2,0,0.3125,0.6875,2,0,0.3199999928474426,0.20000000298023224,3,0,0.0,0.0
35.158,49200,11000,3.666667,0,1.0166666507720947,50,0,2.5,-1,0,10,7,-1.0,-1.0,-1.0,-1.0,6235944,1,2,2,2,0,0,0,1,0,-4.6653265953063965,14.29814338684082,-12.175519943237305,0,0,0,0.0,0,0,7,0,0.45328283309936523,8.914427757263184,1,772,0,0,0,0,0,0,0,0,0,0,0,1,0,2.0,-26.125,1,0,19.04439926147461,23.89739990234375,1,0,-1.8538999557495117,28.0,2,0,0.3125,0.6875,2,0,0.3199999928474426,0.20000000298023224,3,0,0.0,0.0
35.176,49200,11000,3.666667,0,1.0166666507720947,50,0,2.5,-1,0,10,7,-1.0,-1.0,-1.0,-1.0,6235944,1,2,2,2,0,0,0,1,0,-4.6653265953063965,14.29814338684082,-12.175519943237305,0,0,0,0.0,0,0,7,0,0.45328283309936523,8.914427757263184,1,774,0,0,0,0,0,0,0,0,0,0,0,1,0,2.0,-26.125,1,0,19.04439926147461,23.89739990234375,1,0,-1.8538999557495117,28.0,2,0,0.3125,0.6875,2,0,0.3199999928474426,0.20000000298023224,3,0,0.0,0.0
35.193,49200,11000,3.666667,0,1.0166666507720947,50,0,2.5,-1,0,10,7,-1.0,-1.0,-1.0,-1.0,6235944,1,2,2,2,0,0,0,1,0,-4.6653265953063965,14.29814338684082,-12.175519943237305,0,0,0,0.0,0,0,7,0,0.45328283309936523,8.914427757263184,1,776,0,0,0,0,0,0,0,0,0,0,0,1,0,2.0,-26.125,1,0,19.04439926147461,23.89739990234375,1,0,-1.8538999557495117,28.0,2,0,0.3125,0.6875,2,0,0.3199999928474426,0.20000000298023224,3,0,0.0,0.0
35.21,49200,11000,3.666667,0,1.0166666507720947,50,0,2.5,-1,0,10,7,-1.0,-1.0,-1.0,-1.0,6235944,1,2,2,2,0,0,0,1,0,-4.6653265953063965,14.29814338684082,-12.175519943237305,0,0,0,0.0,0,0,7,0,0.45328283309936523,8.914427757263184,1,778,0,0,0,0,0,0,0,0,0,0,0,1,0,2.0,-26.125,1,0,19.04439926147461,23.89739990234375,1,0,-1.8538999557495117,28.0,2,0,0.3125,0.6875,2,0,0.3199999928474426,0.20000000298023224,3,0,0.0,0.0
35.228,49200,11000,3.666667,0,1.0166666507720947,50,0,2.5,-1,0,10,7,-1.0,-1.0,-1.0,-1.0,6235944,1,2,2,2,0,0,0,1,0,-4.6653265953063965,14.29814338684082,-12.175519943237305,0,0,0,0.0,0,0,7,0,0.45328283309936523,8.914427757263184,1,780,0,0,0,0,0,0,0,0,0,0,0,1,0,2.0,-26.125,1,0,19.04439926147461,23.89739990234375,1,0,-1.8538999557495117,28.0,2,0,0.3125,0.6875,2,0,0.3199999928474426,0.20000000298023224,3,0,0.0,0.0
35.245,49200,11000,3.666667,0,1.0166666507720947,50,0,2.5,-1,0,10,7,-1.0,-1.0,-1.0,-1.0,6235944,1,2,2,2,0,0,0,1,0,-4.6653265953063965,14.29814338684082,-12.175519943237305,0,0,0,0.0,0,0,7,0,0.45328283309936523,8.914427757263184,1,782,0,0,0,0,0,0,0,0,0,0,0,1,0,2.0,-26.125,1,0,19.04439926147461,23.89739990234375,1,0,-1.8538999557495117,28.0,2,0,0.3125,0.6875,2,0,0.3199999928474426,0.20000000298023224,3,0,0.0,0.0
35.262,49200,11000,3.666667,0,1.0166666507720947,50,0,2.5,-1,0,10,7,-1.0,-1.0,-1.0,-1.0,6235944,1,2,2,2,0,0,0,1,0,-4.6653265953063965,14.29814338684082,-12.175519943237305,0,0,0,0.0,0,0,7,0,0.45328283309936523,8.914427757263184,1,784,0,0,0,0,0,0,0,0,0,0,0,1,0,2.0,-26.125,1,0,19.04439926147461,23.89739990234375,1,0,-1.8538999557495117,28.0,2,0,0.3125,0.6875,2,0,0.3199999928474426,0.20000000298023224,3,0,0.0,0.0
35.28,49200,11000,3.666667,0,1.0166666507720947,50,0,2.5,-1,0,10,7,-1.0,-1.0,-1.0,-1.0,6235944,1,2,2,2,0,0,0,1,0,-4.6653265953063965,14.29814338684082,-12.175519943237305,0,0,0,0.0,0,0,7,0,0.45328283309936523,8.914427757263184,1,786,0,0,0,0,0,0,0,0,0,0,0,1,0,2.0,-26.125,1,0,19.04439926147461,23.89739990234375,1,0,-1.8538999557495117,28.0,2,0,0.3125,0.6875,2,0,0.3199999928474426,0.20000000298023224,3,0,0.0,0.0
35.297,49200,11000,3.666667,0,1.0166666507720947,50,0,2.5,-1,0,10,7,-1.0,-1.0,-1.0,-1.0,6235944,1,2,2,2,0,0,0,1,0,-4.6653265953063965,14.29814338684082,-12.175519943237305,0,0,0,0.0,0,0,7,0,0.45328283309936523,8.914427757263184,1,788,0,0,0,0,0,0,0,0,0,0,0,1,0,2.0,-26.125,1,0,19.04439926147461,23.89739990234375,1,0,-1.8538999557495117,28.0,2,0,0.3125,0.6875,2,0,0.3199999928474426,0.20000000298023224,3,0,0.0,0.0
35.314,49200,11000,3.666667,0,1.0166666507720947,50,0,2.5,-1,0,10,7,-1.0,-1.0,-1.0,-1.0,6235944,1,2,2,2,0,0,0,1,0,-4.6653265953063965,14.29814338684082,-12.175519943237305,0,0,0,0.0,0,0,7,0,0.45328283309936523,8.914427757263184,1,790,0,0,0,0,0,0,0,0,0,0,0,1,0,2.0,-26.125,1,0,19.04439926147461,23.89739990234375,1,0,-1.8538999557495117,28.0,2,0,0.3125,0.6875,2,0,0.3199999928474426,0.20000000298023224,3,0,0.0,0.0
35.332,49200,11000,3.666667,0,1.0166666507720947,50,0,2.5,-1,0,10,7,-1.0,-1.0,-1.0,-1.0,6235944,1,2,2,2,0,0,0,1,0,-4.6653265953063965,14.29814338684082,-12.175519943237305,0,0,0,0.0,0,0,7,0,0.45328283309936523,8.914427757263184,1,792,0,0,0,0,0,0,0,0,0,0,0,1,0,2.0,-26.125,1,0,19.04439926147461,23.89739990234375,1,0,-1.8538999557495117,28.0,2,0,0.3125,0.6875,2,0,0.3199999928474426,0.20000000298023224,3,0,0.0,0.0
35.349,49200,11000,3.666667,0,1.0166666507720947,50,0,2.5,-1,0,10,7,-1.0,-1.0,-1.0,-1.0,6235944,1,2,2,2,0,0,0,1,0,-4.6653265953063965,14.29814338684082,-12.175519943237305,0,0,0,0.0,0,0,7,0,0.45328283309936523,8.914427757263184,1,794,0,0,0,0,0,0,0,0,0,0,0,1,0,2.0,-26.125,1,0,19.04439926147461,23.89739990234375,1,0,-1.8538999557495117,28.0,2,0,0.3125,0.6875,2,0,0.3199999928474426,0.20000000298023224,3,0,0.0,0.0
35.366,49200,11000,3.666667,0,1.0166666507720947,50,0,2.5,-1,0,10,7,-1.0,-1.0,-1.0,-1.0,6235944,1,2,2,2,0,0,0,1,0,-4.6653265953063965,14.29814338684082,-12.175519943237305,0,0,0,0.0,0,0,7,0,0.45328283309936523,8.914427757263184,1,796,0,0,0,0,0,0,0,0,0,0,0,1,0,2.0,-26.125,1,0,19.04439926147461,23.89739990234375,1,0,-1.8538999557495117,28.0,2,0,0.3125,0.6875,2,0,0.3199999928474426,0.20000000298023224,3,0,0.0,0.0
35.383,49200,11000,3.666667,0,1.0166666507720947,50,0,2.5,-1,0,10,7,-1.0,-1.0,-1.0,-1.0,6235944,1,2,2,2,0,0,0,1,0,-4.6653265953063965,14.29814338684082,-12.175519943237305,0,0,0,0.0,0,0,7,0,0.45328283309936523,8.914427757263184,1,798,0,0,0,0,0,0,0,0,0,0,0,1,0,2.0,-26.125,1,0,19.04439926147461,23.89739990234375,1,0,-1.8538999557495117,28.0,2,0,0.3125,0.6875,2,0,0.3199999928474426,0.20000000298023224,3,0,0.0,0.0
35.401,49200,11000,3.666667,0,1.0166666507720947,50,0,2.5,-1,0,10,7,-1.0,-1.0,-1.0,-1.0,6235944,1,2,2,2,0,0,0,1,0,-4.6653265953063965,14.29814338684082,-12.175519943237305,0,0,0,0.0,0,0,7,0,0.45328283309936523,8.914427757263184,1,800,0,0,0,0,0,0,0,0,0,0,0,1,0,2.0,-26.125,1,0,19.04439926147461,23.89739990234375,1,0,-1.8538999557495117,28.0,2,0,0.3125,0.6875,2,0,0.3199999928474426,0.20000000298023224,3,0,0.0,0.0
35.419,49200,11000,3.666667,0,1.0166666507720947,50,0,2.5,-1,0,10,7,-1.0,-1.0,-1.0,-1.0,6235944,1,2,2,2,0,0,0,1,0,-4.6653265953063965,14.29814338684082,-12.175519943237305,0,0,0,0.0,0,0,7,0,0.45328283309936523,8.914427757263184,1,804,0,0,0,0,0,0,0,0,0,0,0,1,0,2.0,-26.125,1,0,19.04439926147461,23.89739990234375,1,0,-1.8538999557495117,28.0,2,0,0.3125,0.6875,2,0,0.3199999928474426,0.20000000298023224,3,0,0.0,0.0
35.437,49200,11000,3.666667,0,1.0166666507720947,50,0,2.5,-1,0,10,7,-1.0,-1.0,-1.0,-1.0,6235944,1,2,2,2,0,0,0,1,0,-4.6653265953063965,14.29814338684082,-12.175519943237305,0,0,0,0.0,0,0,7,0,0.45328283309936523,8.914427757263184,1,806,0,0,0,0,0,0,0,0,0,0,0,1,0,2.0,-26.125,1,0,19.04439926147461,23.89739990234375,1,0,-1.8538999557495117,28.0,2,0,0.3125,0.6875,2,0,0.3199999928474426,0.20000000298023224,3,0,0.0,0.0
35.454,49200,11000,3.666667,0,1.0166666507720947,50,0,2.5,-1,0,10,7,-1.0,-1.0,-1.0,-1.0,6235944,1,2,2,2,0,0,0,1,0,-4.6653265953063965,14.29814338684082,-12.175519943237305,0,0,0,0.0,0,0,7,0,0.45328283309936523,8.914427757263184,1,808,0,0,0,0,0,0,0,0,0,0,0,1,0,2.0,-26.125,1,0,19.04439926147461,23.89739990234375,1,0,-1.8538999557495117,28.0,2,0,0.3125,0.6875,2,0,0.3199999928474426,0.20000000298023224,3,0,0.0,0.0
35.471,49200,11000,3.666667,0,1.0166666507720947,50,0,2.5,-1,0,10,7,-1.0,-1.0,-1.0,-1.0,6235944,1,2,2,2,0,0,0,1,0,-4.6653265953063965,14.29814338684082,-12.175519943237305,0,0,0,0.0,0,0,7,0,0.45328283309936523,8.914427757263184,1,810,0,0,0,0,0,0,0,0,0,0,0,1,0,2.0,-26.125,1,0,19.04439926147461,23.89739990234375,1,0,-1.8538999557495117,28.0,2,0,0.3125,0.6875,2,0,0.3199999928474426,0.20000000298023224,3,0,0.0,0.0
35.489,49200,11000,3.666667,0,1.0166666507720947,50,0,2.5,-1,0,10,7,-1.0,-1.0,-1.0,-1.0,6235944,1,2,2,2,0,0,0,1,0,-4.6653265953063965,14.29814338684082,-12.175519943237305,0,0,0,0.0,0,0,7,0,0.45328283309936523,8.914427757263184,1,812,0,0,0,0,0,0,0,0,0,0,0,1,0,2.0,-26.125,1,0,19.04439926147461,23.89739990234375,1,0,-1.8538999557495117,28.0,2,0,0.3125,0.6875,2,0,0.3199999928474426,0.20000000298023224,3,0,0.0,0.0
35.506,49200,11000,3.666667,0,1.0166666507720947,50,0,2.5,-1,0,10,7,-1.0,-1.0,-1.0,-1.0,6235944,1,2,2,2,0,0,0,1,0,-4.6653265953063965,14.29814338684082,-12.175519943237305,0,0,0,0.0,0,0,7,0,0.45328283309936523,8.914427757263184,1,814,0,0,0,0,0,0,0,0,0,0,0,1,0,2.0,-26.125,1,0,19.04439926147461,23.89739990234375,1,0,-1.8538999557495117,28.0,2,0,0.3125,0.6875,2,0,0.3199999928474426,0.20000000298023224,3,0,0.0,0.0
35.523,49200,11000,3.666667,0,1.0166666507720947,50,0,2.5,-1,0,10,7,-1.0,-1.0,-1.0,-1.0,6235944,1,2,2,2,0,0,0,1,0,-4.6653265953063965,14.29814338684082,-12.175519943237305,0,0,0,0.0,0,0,7,0,0.45328283309936523,8.914427757263184,1,816,0,0,0,0,0,0,0,0,0,0,0,1,0,2.0,-26.125,1,0,19.04439926147461,23.89739990234375,1,0,-1.8538999557495117,28.0,2,0,0.3125,0.6875,2,0,0.3199999928474426,0.20000000298023224,3,0,0.0,0.0
35.541,49200,11000,3.666667,0,1.0166666507720947,50,0,2.5,-1,0,10,7,-1.0,-1.0,-1.0,-1.0,6235944,1,2,2,2,0,0,0,1,0,-4.6653265953063965,14.29814338684082,-12.175519943237305,0,0,0,0.0,0,0,7,0,0.45328283309936523,8.914427757263184,1,818,0,0,0,0,0,0,0,0,0,0,0,1,0,2.0,-26.125,1,0,19.04439926147461,23.89739990234375,1,0,-1.8538999557495117,28.0,2,0,0.3125,0.6875,2,0,0.3199999928474426,0.20000000298023224,3,0,0.0,0.0
35.558,49200,11000,3.666667,0,1.0166666507720947,50,0,2.5,-1,0,10,7,-1.0,-1.0,-1.0,-1.0,6235944,1,2,2,2,0,0,0,1,0,-4.6653265953063965,14.29814338684082,-12.175519943237305,0,0,0,0.0,0,0,7,0,0.45328283309936523,8.914427757263184,1,820,0,0,0,0,0,0,0,0,0,0,0,1,0,2.0,-26.125,1,0,19.04439926147461,23.89739990234375,1,0,-1.8538999557495117,28.0,2,0,0.3125,0.6875,2,0,0.3199999928474426,0.20000000298023224,3,0,0.0,0.0
35.576,49200,11000,3.666667,0,1.0166666507720947,50,0,2.5,-1,0,10,7,-1.0,-1.0,-1.0,-1.0,6235944,1,2,2,2,0,0,0,1,0,-4.6653265953063965,14.29814338684082,-12.175519943237305,0,0,0,0.0,0,0,7,0,0.45328283309936523,8.914427757263184,1,822,0,0,0,0,0,0,0,0,0,0,0,1,0,2.0,-26.125,1,0,19.04439926147461,23.89739990234375,1,0,-1.8538999557495117,28.0,2,0,0.3125,0.6875,2,0,0.3199999928474426,0.20000000298023224,3,0,0.0,0.0
35.593,49200,11000,3.666667,0,1.0166666507720947,50,0,2.5,-1,0,10,7,-1.0,-1.0,-1.0,-1.0,6235944,1,2,2,2,0,0,0,1,0,-4.6653265953063965,14.29814338684082,-12.175519943237305,0,0,0,0.0,0,0,7,0,0.45328283309936523,8.914427757263184,1,824,0,0,0,0,0,0,0,0,0,0,0,1,0,2.0,-26.125,1,0,19.04439926147461,23.89739990234375,1,0,-1.8538999557495117,28.0,2,0,0.3125,0.6875,2,0,0.3199999928474426,0.20000000298023224,3,0,0.0,0.0
35.611,49200,11000,3.666667,0,1.0166666507720947,50,0,2.5,-1,0,10,7,-1.0,-1.0,-1.0,-1.0,6235944,1,2,2,2,0,0,0,1,0,-4.6653265953063965,14.29814338684082,-12.175519943237305,0,0,0,0.0,0,0,7,0,0.45328283309936523,8.914427757263184,1,826,0,0,0,0,0,0,0,0,0,0,0,1,0,2.0,-26.125,1,0,19.04439926147461,23.89739990234375,1,0,-1.8538999557495117,28.0,2,0,0.3125,0.6875,2,0,0.3199999928474426,0.20000000298023224,3,0,0.0,0.0
35.629,49200,11000,3.666667,0,1.0166666507720947,50,0,2.5,-1,0,10,7,-1.0,-1.0,-1.0,-1.0,6235944,1,2,2,2,0,0,0,1,0,-4.6653265953063965,14.29814338684082,-12.175519943237305,0,0,0,0.0,0,0,7,0,0.45328283309936523,8.914427757263184,1,828,0,0,0,0,0,0,0,0,0,0,0,1,0,2.0,-26.125,1,0,19.04439926147461,23.89739990234375,1,0,-1.8538999557495117,28.0,2,0,0.3125,0.6875,2,0,0.3199999928474426,0.20000000298023224,3,0,0.0,0.0
35.646,49200,11000,3.666667,0,1.0166666507720947,50,0,2.5,-1,0,10,7,-1.0,-1.0,-1.0,-1.0,6235944,1,2,2,2,0,0,0,1,0,-4.6653265953063965,14.29814338684082,-12.175519943237305,0,0,0,0.0,0,0,7,0,0.45328283309936523,8.914427757263184,1,830,0,0,0,0,0,0,0,0,0,0,0,1,0,2.0,-26.125,1,0,19.04439926147461,23.89739990234375,1,0,-1.8538999557495117,28.0,2,0,0.3125,0.6875,2,0,0.3199999928474426,0.20000000298023224,3,0,0.0,0.0
35.664,49200,11000,3.666667,0,1.0166666507720947,50,0,2.5,-1,0,10,7,-1.0,-1.0,-1.0,-1.0,6235944,1,2,2,2,0,0,0,1,0,-4.6653265953063965,14.29814338684082,-12.175519943237305,0,0,0,0.0,0,0,7,0,0.45328283309936523,8.914427757263184,1,832,0,0,0,0,0,0,0,0,0,0,0,1,0,2.0,-26.125,1,0,19.04439926147461,23.89739990234375,1,0,-1.8538999557495117,28.0,2,0,0.3125,0.6875,2,0,0.3199999928474426,0.20000000298023224,3,0,0.0,0.0
35.681,49200,11000,3.666667,0,1.0166666507720947,50,0,2.5,-1,0,10,7,-1.0,-1.0,-1.0,-1.0,6235944,1,2,2,2,0,0,0,1,0,-4.6653265953063965,14.29814338684082,-12.175519943237305,0,0,0,0.0,0,0,7,0,0.45328283309936523,8.914427757263184,1,834,0,0,0,0,0,0,0,0,0,0,0,1,0,2.0,-26.125,1,0,19.04439926147461,23.89739990234375,1,0,-1.8538999557495117,28.0,2,0,0.3125,0.6875,2,0,0.3199999928474426,0.20000000298023224,3,0,0.0,0.0
35.698,49200,11000,3.666667,0,1.0166666507720947,50,0,2.5,-1,0,10,7,-1.0,-1.0,-1.0,-1.0,6235944,1,2,2,2,0,0,0,1,0,-4.6653265953063965,14.29814338684082,-12.175519943237305,0,0,0,0.0,0,0,7,0,0.45328283309936523,8.914427757263184,1,836,0,0,0,0,0,0,0,0,0,0,0,1,0,2.0,-26.125,1,0,19.04439926147461,23.89739990234375,1,0,-1.8538999557495117,28.0,2,0,0.3125,0.6875,2,0,0.3199999928474426,0.20000000298023224,3,0,0.0,0.0
35.716,49200,11000,3.666667,0,1.0166666507720947,50,0,2.5,-1,0,10,7,-1.0,-1.0,-1.0,-1.0,6235944,1,2,2,2,0,0,0,1,0,-4.6653265953063965,14.29814338684082,-12.175519943237305,0,0,0,0.0,0,0,7,0,0.45328283309936523,8.914427757263184,1,838,0,0,0,0,0,0,0,0,0,0,0,1,0,2.0,-26.125,1,0,19.04439926147461,23.89739990234375,1,0,-1.8538999557495117,28.0,2,0,0.3125,0.6875,2,0,0.3199999928474426,0.20000000298023224,3,0,0.0,0.0
35.733,49200,11000,3.666667,0,1.0166666507720947,50,0,2.5,-1,0,10,7,-1.0,-1.0,-1.0,-1.0,6235944,1,2,2,2,0,0,0,1,0,-4.6653265953063965,14.29814338684082,-12.175519943237305,0,0,0,0.0,0,0,7,0,0.45328283309936523,8.914427757263184,1,840,0,0,0,0,0,0,0,0,0,0,0,1,0,2.0,-26.125,1,0,19.04439926147461,23.89739990234375,1,0,-1.8538999557495117,28.0,2,0,0.3125,0.6875,2,0,0.3199999928474426,0.20000000298023224,3,0,0.0,0.0
35.75,49200,11000,3.666667,0,1.0166666507720947,50,0,2.5,-1,0,10,7,-1.0,-1.0,-1.0,-1.0,6235944,1,2,2,2,0,0,0,1,0,-4.6653265953063965,14.29814338684082,-12.175519943237305,0,0,0,0.0,0,0,7,0,0.45328283309936523,8.914427757263184,1,842,0,0,0,0,0,0,0,0,0,0,0,1,0,2.0,-26.125,1,0,19.04439926147461,23.89739990234375,1,0,-1.8538999557495117,28.0,2,0,0.3125,0.6875,2,0,0.3199999928474426,0.20000000298023224,3,0,0.0,0.0
35.768,49200,11000,3.666667,0,1.0166666507720947,50,0,2.5,-1,0,10,7,-1.0,-1.0,-1.0,-1.0,6235944,1,2,2,2,0,0,0,1,0,-4.6653265953063965,14.29814338684082,-12.175519943237305,0,0,0,0.0,0,0,7,0,0.45328283309936523,8.914427757263184,1,844,0,0,0,0,0,0,0,0,0,0,0,1,0,2.0,-26.125,1,0,19.04439926147461,23.89739990234375,1,0,-1.8538999557495117,28.0,2,0,0.3125,0.6875,2,0,0.3199999928474426,0.20000000298023224,3,0,0.0,0.0
35.785,49200,11000,3.666667,0,1.0166666507720947,50,0,2.5,-1,0,10,7,-1.0,-1.0,-1.0,-1.0,6235944,1,2,2,2,0,0,0,1,0,-4.6653265953063965,14.29814338684082,-12.175519943237305,0,0,0,0.0,0,0,7,0,0.45328283309936523,8.914427757263184,1,846,0,0,0,0,0,0,0,0,0,0,0,1,0,2.0,-26.125,1,0,19.04439926147461,23.89739990234375,1,0,-1.8538999557495117,28.0,2,0,0.3125,0.6875,2,0,0.3199999928474426,0.20000000298023224,3,0,0.0,0.0
35.803,49200,11000,3.666667,0,1.0166666507720947,50,0,2.5,-1,0,10,7,-1.0,-1.0,-1.0,-1.0,6235944,1,2,2,2,0,0,0,1,0,-4.6653265953063965,14.29814338684082,-12.175519943237305,0,0,0,0.0,0,0,7,0,0.45328283309936523,8.914427757263184,1,850,0,0,0,0,0,0,0,0,0,0,0,1,0,2.0,-26.125,1,0,19.04439926147461,23.89739990234375,1,0,-1.8538999557495117,28.0,2,0,0.3125,0.6875,2,0,0.3199999928474426,0.20000000298023224,3,0,0.0,0.0
35.82,49200,11000,3.666667,0,1.0166666507720947,50,0,2.5,-1,0,10,7,-1.0,-1.0,-1.0,-1.0,6235944,1,2,2,2,0,0,0,1,0,-4.6653265953063965,14.29814338684082,-12.175519943237305,0,0,0,0.0,0,0,7,0,0.45328283309936523,8.914427757263184,1,852,0,0,0,0,0,0,0,0,0,0,0,1,0,2.0,-26.125,1,0,19.04439926147461,23.89739990234375,1,0,-1.8538999557495117,28.0,2,0,0.3125,0.6875,2,0,0.3199999928474426,0.20000000298023224,3,0,0.0,0.0
35.838,49200,11000,3.666667,0,1.0166666507720947,50,0,2.5,-1,0,10,7,-1.0,-1.0,-1.0,-1.0,6235944,1,2,2,2,0,0,0,1,0,-4.6653265953063965,14.29814338684082,-12.175519943237305,0,0,0,0.0,0,0,7,0,0.45328283309936523,8.914427757263184,1,854,0,0,0,0,0,0,0,0,0,0,0,1,0,2.0,-26.125,1,0,19.04439926147461,23.89739990234375,1,0,-1.8538999557495117,28.0,2,0,0.3125,0.6875,2,0,0.3199999928474426,0.20000000298023224,3,0,0.0,0.0
35.855,49200,11000,3.666667,0,1.0166666507720947,50,0,2.5,-1,0,10,7,-1.0,-1.0,-1.0,-1.0,6235944,1,2,2,2,0,0,0,1,0,-4.6653265953063965,14.29814338684082,-12.175519943237305,0,0,0,0.0,0,0,7,0,0.45328283309936523,8.914427757263184,1,856,0,0,0,0,0,0,0,0,0,0,0,1,0,2.0,-26.125,1,0,19.04439926147461,23.89739990234375,1,0,-1.8538999557495117,28.0,2,0,0.3125,0.6875,2,0,0.3199999928474426,0.20000000298023224,3,0,0.0,0.0
35.872,49200,11000,3.666667,0,1.0166666507720947,50,0,2.5,-1,0,10,7,-1.0,-1.0,-1.0,-1.0,6235944,1,2,2,2,0,0,0,1,0,-4.6653265953063965,14.29814338684082,-12.175519943237305,0,0,0,0.0,0,0,7,0,0.45328283309936523,8.914427757263184,1,858,0,0,0,0,0,0,0,0,0,0,0,1,0,2.0,-26.125,1,0,19.04439926147461,23.89739990234375,1,0,-1.8538999557495117,28.0,2,0,0.3125,0.6875,2,0,0.3199999928474426,0.20000000298023224,3,0,0.0,0.0
35.889,49200,11000,3.666667,0,1.0166666507720947,50,0,2.5,-1,0,10,7,-1.0,-1.0,-1.0,-1.0,6235944,1,2,2,2,0,0,0,1,0,-4.6653265953063965,14.29814338684082,-12.175519943237305,0,0,0,0.0,0,0,7,0,0.45328283309936523,8.914427757263184,1,860,0,0,0,0,0,0,0,0,0,0,0,1,0,2.0,-26.125,1,0,19.04439926147461,23.89739990234375,1,0,-1.8538999557495117,28.0,2,0,0.3125,0.6875,2,0,0.3199999928474426,0.20000000298023224,3,0,0.0,0.0
35.907,49200,11000,3.666667,0,1.0166666507720947,50,0,2.5,-1,0,10,7,-1.0,-1.0,-1.0,-1.0,6235944,1,2,2,2,0,0,0,1,0,-4.6653265953063965,14.29814338684082,-12.175519943237305,0,0,0,0.0,0,0,7,0,0.45328283309936523,8.914427757263184,1,862,0,0,0,0,0,0,0,0,0,0,0,1,0,2.0,-26.125,1,0,19.04439926147461,23.89739990234375,1,0,-1.8538999557495117,28.0,2,0,0.3125,0.6875,2,0,0.3199999928474426,0.20000000298023224,3,0,0.0,0.0
35.924,49200,11000,3.666667,0,1.0166666507720947,50,0,2.5,-1,0,10,7,-1.0,-1.0,-1.0,-1.0,6235944,1,2,2,2,0,0,0,1,0,-4.6653265953063965,14.29814338684082,-12.175519943237305,0,0,0,0.0,0,0,7,0,0.45328283309936523,8.914427757263184,1,864,0,0,0,0,0,0,0,0,0,0,0,1,0,2.0,-26.125,1,0,19.04439926147461,23.89739990234375,1,0,-1.8538999557495117,28.0,2,0,0.3125,0.6875,2,0,0.3199999928474426,0.20000000298023224,3,0,0.0,0.0
35.941,49200,11000,3.666667,0,1.0166666507720947,50,0,2.5,-1,0,10,7,-1.0,-1.0,-1.0,-1.0,6235944,1,2,2,2,0,0,0,1,0,-4.6653265953063965,14.29814338684082,-12.175519943237305,0,0,0,0.0,0,0,7,0,0.45328283309936523,8.914427757263184,1,866,0,0,0,0,0,0,0,0,0,0,0,1,0,2.0,-26.125,1,0,19.04439926147461,23.89739990234375,1,0,-1.8538999557495117,28.0,2,0,0.3125,0.6875,2,0,0.3199999928474426,0.20000000298023224,3,0,0.0,0.0
35.959,49200,11000,3.666667,0,1.0166666507720947,50,0,2.5,-1,0,10,7,-1.0,-1.0,-1.0,-1.0,6235944,1,2,2,2,0,0,0,1,0,-4.6653265953063965,14.29814338684082,-12.175519943237305,0,0,0,0.0,0,0,7,0,0.45328283309936523,8.914427757263184,1,868,0,0,0,0,0,0,0,0,0,0,0,1,0,2.0,-26.125,1,0,19.04439926147461,23.89739990234375,1,0,-1.8538999557495117,28.0,2,0,0.3125,0.6875,2,0,0.3199999928474426,0.20000000298023224,3,0,0.0,0.0
35.976,49200,11000,3.666667,0,1.0166666507720947,50,0,2.5,-1,0,10,7,-1.0,-1.0,-1.0,-1.0,6235944,1,2,2,2,0,0,0,1,0,-4.6653265953063965,14.29814338684082,-12.175519943237305,0,0,0,0.0,0,0,7,0,0.45328283309936523,8.914427757263184,1,870,0,0,0,0,0,0,0,0,0,0,0,1,0,2.0,-26.125,1,0,19.04439926147461,23.89739990234375,1,0,-1.8538999557495117,28.0,2,0,0.3125,0.6875,2,0,0.3199999928474426,0.20000000298023224,3,0,0.0,0.0
35.993,49200,11000,3.666667,0,1.0166666507720947,50,0,2.5,-1,0,10,7,-1.0,-1.0,-1.0,-1.0,6235944,1,2,2,2,0,0,0,1,0,-4.6653265953063965,14.29814338684082,-12.175519943237305,0,0,0,0.0,0,0,7,0,0.45328283309936523,8.914427757263184,1,872,0,0,0,0,0,0,0,0,0,0,0,1,0,2.0,-26.125,1,0,19.04439926147461,23.89739990234375,1,0,-1.8538999557495117,28.0,2,0,0.3125,0.6875,2,0,0.3199999928474426,0.20000000298023224,3,0,0.0,0.0
36.011,49200,11000,3.666667,0,1.0166666507720947,50,0,2.5,-1,0,10,7,-1.0,-1.0,-1.0,-1.0,6235944,1,2,2,2,0,0,0,1,0,-4.6653265953063965,14.29814338684082,-12.175519943237305,0,0,0,0.0,0,0,7,0,0.45328283309936523,8.914427757263184,1,874,0,0,0,0,0,0,0,0,0,0,0,1,0,2.0,-26.125,1,0,19.04439926147461,23.89739990234375,1,0,-1.8538999557495117,28.0,2,0,0.3125,0.6875,2,0,0.3199999928474426,0.20000000298023224,3,0,0.0,0.0
36.028,49200,11000,3.666667,0,1.0166666507720947,50,0,2.5,-1,0,10,7,-1.0,-1.0,-1.0,-1.0,6235944,1,2,2,2,0,0,0,1,0,-4.6653265953063965,14.29814338684082,-12.175519943237305,0,0,0,0.0,0,0,7,0,0.45328283309936523,8.914427757263184,1,876,0,0,0,0,0,0,0,0,0,0,0,1,0,2.0,-26.125,1,0,19.04439926147461,23.89739990234375,1,0,-1.8538999557495117,28.0,2,0,0.3125,0.6875,2,0,0.3199999928474426,0.20000000298023224,3,0,0.0,0.0
36.046,49200,11000,3.666667,0,1.0166666507720947,50,0,2.5,-1,0,10,7,-1.0,-1.0,-1.0,-1.0,6235944,1,2,2,2,0,0,0,1,0,-4.6653265953063965,14.29814338684082,-12.175519943237305,0,0,0,0.0,0,0,7,0,0.45328283309936523,8.914427757263184,1,878,0,0,0,0,0,0,0,0,0,0,0,1,0,2.0,-26.125,1,0,19.04439926147461,23.89739990234375,1,0,-1.8538999557495117,28.0,2,0,0.3125,0.6875,2,0,0.3199999928474426,0.20000000298023224,3,0,0.0,0.0
36.063,49200,11000,3.666667,0,1.0166666507720947,50,0,2.5,-1,0,10,7,-1.0,-1.0,-1.0,-1.0,6235944,1,2,2,2,0,0,0,1,0,-4.6653265953063965,14.29814338684082,-12.175519943237305,0,0,0,0.0,0,0,7,0,0.45328283309936523,8.914427757263184,1,880,0,0,0,0,0,0,0,0,0,0,0,1,0,2.0,-26.125,1,0,19.04439926147461,23.89739990234375,1,0,-1.8538999557495117,28.0,2,0,0.3125,0.6875,2,0,0.3199999928474426,0.20000000298023224,3,0,0.0,0.0
36.08,49200,11000,3.666667,0,1.0166666507720947,50,0,2.5,-1,0,10,7,-1.0,-1.0,-1.0,-1.0,6235944,1,2,2,2,0,0,0,1,0,-4.6653265953063965,14.29814338684082,-12.175519943237305,0,0,0,0.0,0,0,7,0,0.45328283309936523,8.914427757263184,1,882,0,0,0,0,0,0,0,0,0,0,0,1,0,2.0,-26.125,1,0,19.04439926147461,23.89739990234375,1,0,-1.8538999557495117,28.0,2,0,0.3125,0.6875,2,0,0.3199999928474426,0.20000000298023224,3,0,0.0,0.0
36.098,49200,11000,3.666667,0,1.0166666507720947,50,0,2.5,-1,0,10,7,-1.0,-1.0,-1.0,-1.0,6235944,1,2,2,2,0,0,0,1,0,-4.6653265953063965,14.29814338684082,-12.175519943237305,0,0,0,0.0,0,0,7,0,0.45328283309936523,8.914427757263184,1,884,0,0,0,0,0,0,0,0,0,0,0,1,0,2.0,-26.125,1,0,19.04439926147461,23.89739990234375,1,0,-1.8538999557495117,28.0,2,0,0.3125,0.6875,2,0,0.3199999928474426,0.20000000298023224,3,0,0.0,0.0
36.115,49200,11000,3.666667,0,1.0166666507720947,50,0,2.5,-1,0,10,7,-1.0,-1.0,-1.0,-1.0,6235944,1,2,2,2,0,0,0,1,0,-4.6653265953063965,14.29814338684082,-12.175519943237305,0,0,0,0.0,0,0,7,0,0.45328283309936523,8.914427757263184,1,886,0,0,0,0,0,0,0,0,0,0,0,1,0,2.0,-26.125,1,0,19.04439926147461,23.89739990234375,1,0,-1.8538999557495117,28.0,2,0,0.3125,0.6875,2,0,0.3199999928474426,0.20000000298023224,3,0,0.0,0.0
36.132,49200,11000,3.666667,0,1.0166666507720947,50,0,2.5,-1,0,10,7,-1.0,-1.0,-1.0,-1.0,6235944,1,2,2,2,0,0,0,1,0,-4.6653265953063965,14.29814338684082,-12.175519943237305,0,0,0,0.0,0,0,7,0,0.45328283309936523,8.914427757263184,1,888,0,0,0,0,0,0,0,0,0,0,0,1,0,2.0,-26.125,1,0,19.04439926147461,23.89739990234375,1,0,-1.8538999557495117,28.0,2,0,0.3125,0.6875,2,0,0.3199999928474426,0.20000000298023224,3,0,0.0,0.0
36.15,49200,11000,3.666667,0,1.0166666507720947,50,0,2.5,-1,0,10,7,-1.0,-1.0,-1.0,-1.0,6235944,1,2,2,2,0,0,0,1,0,-4.6653265953063965,14.29814338684082,-12.175519943237305,0,0,0,0.0,0,0,7,0,0.45328283309936523,8.914427757263184,1,890,0,0,0,0,0,0,0,0,0,0,0,1,0,2.0,-26.125,1,0,19.04439926147461,23.89739990234375,1,0,-1.8538999557495117,28.0,2,0,0.3125,0.6875,2,0,0.3199999928474426,0.20000000298023224,3,0,0.0,0.0
36.167,49200,11000,3.666667,0,1.0166666507720947,50,0,2.5,-1,0,10,7,-1.0,-1.0,-1.0,-1.0,6235944,1,2,2,2,0,0,0,1,0,-4.6653265953063965,14.29814338684082,-12.175519943237305,0,0,0,0.0,0,0,7,0,0.45328283309936523,8.914427757263184,1,892,0,0,0,0,0,0,0,0,0,0,0,1,0,2.0,-26.125,1,0,19.04439926147461,23.89739990234375,1,0,-1.8538999557495117,28.0,2,0,0.3125,0.6875,2,0,0.3199999928474426,0.20000000298023224,3,0,0.0,0.0
36.184,49200,11000,3.666667,0,1.0166666507720947,50,0,2.5,-1,0,10,7,-1.0,-1.0,-1.0,-1.0,6235944,1,2,2,2,0,0,0,1,0,-4.6653265953063965,14.29814338684082,-12.175519943237305,0,0,0,0.0,0,0,7,0,0.45328283309936523,8.914427757263184,1,894,0,0,0,0,0,0,0,0,0,0,0,1,0,2.0,-26.125,1,0,19.04439926147461,23.89739990234375,1,0,-1.8538999557495117,28.0,2,0,0.3125,0.6875,2,0,0.3199999928474426,0.20000000298023224,3,0,0.0,0.0
36.202,49200,11000,3.666667,0,1.0166666507720947,50,0,2.5,-1,0,10,7,-1.0,-1.0,-1.0,-1.0,6235944,1,2,2,2,0,0,0,1,0,-4.6653265953063965,14.29814338684082,-12.175519943237305,0,0,0,0.0,0,0,7,0,0.45328283309936523,8.914427757263184,1,896,0,0,0,0,0,0,0,0,0,0,0,1,0,2.0,-26.125,1,0,19.04439926147461,23.89739990234375,1,0,-1.8538999557495117,28.0,2,0,0.3125,0.6875,2,0,0.3199999928474426,0.20000000298023224,3,0,0.0,0.0
36.22,49200,11000,3.666667,0,1.0166666507720947,50,0,2.5,-1,0,10,7,-1.0,-1.0,-1.0,-1.0,6235944,1,2,2,2,0,0,0,1,0,-4.6653265953063965,14.29814338684082,-12.175519943237305,0,0,0,0.0,0,0,7,0,0.45328283309936523,8.914427757263184,1,900,0,0,0,0,0,0,0,0,0,0,0,1,0,2.0,-26.125,1,0,19.04439926147461,23.89739990234375,1,0,-1.8538999557495117,28.0,2,0,0.3125,0.6875,2,0,0.3199999928474426,0.20000000298023224,3,0,0.0,0.0
36.237,49200,11000,3.666667,0,1.0166666507720947,50,0,2.5,-1,0,10,7,-1.0,-1.0,-1.0,-1.0,6235944,1,2,2,2,0,0,0,1,0,-4.6653265953063965,14.29814338684082,-12.175519943237305,0,0,0,0.0,0,0,7,0,0.45328283309936523,8.914427757263184,1,902,0,0,0,0,0,0,0,0,0,0,0,1,0,2.0,-26.125,1,0,19.04439926147461,23.89739990234375,1,0,-1.8538999557495117,28.0,2,0,0.3125,0.6875,2,0,0.3199999928474426,0.20000000298023224,3,0,0.0,0.0
36.254,49200,11000,3.666667,0,1.0166666507720947,50,0,2.5,-1,0,10,7,-1.0,-1.0,-1.0,-1.0,6235944,1,2,2,2,0,0,0,1,0,-4.6653265953063965,14.29814338684082,-12.175519943237305,0,0,0,0.0,0,0,7,0,0.45328283309936523,8.914427757263184,1,904,0,0,0,0,0,0,0,0,0,0,0,1,0,2.0,-26.125,1,0,19.04439926147461,23.89739990234375,1,0,-1.8538999557495117,28.0,2,0,0.3125,0.6875,2,0,0.3199999928474426,0.20000000298023224,3,0,0.0,0.0
36.272,49200,11000,3.666667,0,1.0166666507720947,50,0,2.5,-1,0,10,7,-1.0,-1.0,-1.0,-1.0,6235944,1,2,2,2,0,0,0,1,0,-4.6653265953063965,14.29814338684082,-12.175519943237305,0,0,0,0.0,0,0,7,0,0.45328283309936523,8.914427757263184,1,906,0,0,0,0,0,0,0,0,0,0,0,1,0,2.0,-26.125,1,0,19.04439926147461,23.89739990234375,1,0,-1.8538999557495117,28.0,2,0,0.3125,0.6875,2,0,0.3199999928474426,0.20000000298023224,3,0,0.0,0.0
36.289,49200,11000,3.666667,0,1.0166666507720947,50,0,2.5,-1,0,10,7,-1.0,-1.0,-1.0,-1.0,6235944,1,2,2,2,0,0,0,1,0,-4.6653265953063965,14.29814338684082,-12.175519943237305,0,0,0,0.0,0,0,7,0,0.45328283309936523,8.914427757263184,1,908,0,0,0,0,0,0,0,0,0,0,0,1,0,2.0,-26.125,1,0,19.04439926147461,23.89739990234375,1,0,-1.8538999557495117,28.0,2,0,0.3125,0.6875,2,0,0.3199999928474426,0.20000000298023224,3,0,0.0,0.0
36.306,49200,11000,3.666667,0,1.0166666507720947,50,0,2.5,-1,0,10,7,-1.0,-1.0,-1.0,-1.0,6235944,1,2,2,2,0,0,0,1,0,-4.6653265953063965,14.29814338684082,-12.175519943237305,0,0,0,0.0,0,0,7,0,0.45328283309936523,8.914427757263184,1,910,0,0,0,0,0,0,0,0,0,0,0,1,0,2.0,-26.125,1,0,19.04439926147461,23.89739990234375,1,0,-1.8538999557495117,28.0,2,0,0.3125,0.6875,2,0,0.3199999928474426,0.20000000298023224,3,0,0.0,0.0
36.324,49200,11000,3.666667,0,1.0166666507720947,50,0,2.5,-1,0,10,7,-1.0,-1.0,-1.0,-1.0,6235944,1,2,2,2,0,0,0,1,0,-4.6653265953063965,14.29814338684082,-12.175519943237305,0,0,0,0.0,0,0,7,0,0.45328283309936523,8.914427757263184,1,912,0,0,0,0,0,0,0,0,0,0,0,1,0,2.0,-26.125,1,0,19.04439926147461,23.89739990234375,1,0,-1.8538999557495117,28.0,2,0,0.3125,0.6875,2,0,0.3199999928474426,0.20000000298023224,3,0,0.0,0.0
36.341,49200,11000,3.666667,0,1.0166666507720947,50,0,2.5,-1,0,10,7,-1.0,-1.0,-1.0,-1.0,6235944,1,2,2,2,0,0,0,1,0,-4.6653265953063965,14.29814338684082,-12.175519943237305,0,0,0,0.0,0,0,7,0,0.45328283309936523,8.914427757263184,1,914,0,0,0,0,0,0,0,0,0,0,0,1,0,2.0,-26.125,1,0,19.04439926147461,23.89739990234375,1,0,-1.8538999557495117,28.0,2,0,0.3125,0.6875,2,0,0.3199999928474426,0.20000000298023224,3,0,0.0,0.0
36.358,49200,11000,3.666667,0,1.0166666507720947,50,0,2.5,-1,0,10,7,-1.0,-1.0,-1.0,-1.0,6235944,1,2,2,2,0,0,0,1,0,-4.6653265953063965,14.29814338684082,-12.175519943237305,0,0,0,0.0,0,0,7,0,0.45328283309936523,8.914427757263184,1,916,0,0,0,0,0,0,0,0,0,0,0,1,0,2.0,-26.125,1,0,19.04439926147461,23.89739990234375,1,0,-1.8538999557495117,28.0,2,0,0.3125,0.6875,2,0,0.3199999928474426,0.20000000298023224,3,0,0.0,0.0
36.375,49200,11000,3.666667,0,1.0166666507720947,50,0,2.5,-1,0,10,7,-1.0,-1.0,-1.0,-1.0,6235944,1,2,2,2,0,0,0,1,0,-4.6653265953063965,14.29814338684082,-12.175519943237305,0,0,0,0.0,0,0,7,0,0.45328283309936523,8.914427757263184,1,918,0,0,0,0,0,0,0,0,0,0,0,1,0,2.0,-26.125,1,0,19.04439926147461,23.89739990234375,1,0,-1.8538999557495117,28.0,2,0,0.3125,0.6875,2,0,0.3199999928474426,0.20000000298023224,3,0,0.0,0.0
36.393,49200,11000,3.666667,0,1.0166666507720947,50,0,2.5,-1,0,10,7,-1.0,-1.0,-1.0,-1.0,6235944,1,2,2,2,0,0,0,1,0,-4.6653265953063965,14.29814338684082,-12.175519943237305,0,0,0,0.0,0,0,7,0,0.45328283309936523,8.914427757263184,1,920,0,0,0,0,0,0,0,0,0,0,0,1,0,2.0,-26.125,1,0,19.04439926147461,23.89739990234375,1,0,-1.8538999557495117,28.0,2,0,0.3125,0.6875,2,0,0.3199999928474426,0.20000000298023224,3,0,0.0,0.0
36.41,49200,11000,3.666667,0,1.0166666507720947,50,0,2.5,-1,0,10,7,-1.0,-1.0,-1.0,-1.0,6235944,1,2,2,2,0,0,0,1,0,-4.6653265953063965,14.29814338684082,-12.175519943237305,0,0,0,0.0,0,0,7,0,0.45328283309936523,8.914427757263184,1,922,0,0,0,0,0,0,0,0,0,0,0,1,0,2.0,-26.125,1,0,19.04439926147461,23.89739990234375,1,0,-1.8538999557495117,28.0,2,0,0.3125,0.6875,2,0,0.3199999928474426,0.20000000298023224,3,0,0.0,0.0
36.428,49200,11000,3.666667,0,1.0166666507720947,50,0,2.5,-1,0,10,7,-1.0,-1.0,-1.0,-1.0,6235944,1,2,2,2,0,0,0,1,0,-4.6653265953063965,14.29814338684082,-12.175519943237305,0,0,0,0.0,0,0,7,0,0.45328283309936523,8.914427757263184,1,924,0,0,0,0,0,0,0,0,0,0,0,1,0,2.0,-26.125,1,0,19.04439926147461,23.89739990234375,1,0,-1.8538999557495117,28.0,2,0,0.3125,0.6875,2,0,0.3199999928474426,0.20000000298023224,3,0,0.0,0.0
36.445,49200,11000,3.666667,0,1.0166666507720947,50,0,2.5,-1,0,10,7,-1.0,-1.0,-1.0,-1.0,6235944,1,2,2,2,0,0,0,1,0,-4.6653265953063965,14.29814338684082,-12.175519943237305,0,0,0,0.0,0,0,7,0,0.45328283309936523,8.914427757263184,1,926,0,0,0,0,0,0,0,0,0,0,0,1,0,2.0,-26.125,1,0,19.04439926147461,23.89739990234375,1,0,-1.8538999557495117,28.0,2,0,0.3125,0.6875,2,0,0.3199999928474426,0.20000000298023224,3,0,0.0,0.0
36.462,49200,11000,3.666667,0,1.0166666507720947,50,0,2.5,-1,0,10,7,-1.0,-1.0,-1.0,-1.0,6235944,1,2,2,2,0,0,0,1,0,-4.6653265953063965,14.29814338684082,-12.175519943237305,0,0,0,0.0,0,0,7,0,0.45328283309936523,8.914427757263184,1,928,0,0,0,0,0,0,0,0,0,0,0,1,0,2.0,-26.125,1,0,19.04439926147461,23.89739990234375,1,0,-1.8538999557495117,28.0,2,0,0.3125,0.6875,2,0,0.3199999928474426,0.20000000298023224,3,0,0.0,0.0
36.479,49200,11000,3.666667,0,1.0166666507720947,50,0,2.5,-1,0,10,7,-1.0,-1.0,-1.0,-1.0,6235944,1,2,2,2,0,0,0,1,0,-4.6653265953063965,14.29814338684082,-12.175519943237305,0,0,0,0.0,0,0,7,0,0.45328283309936523,8.914427757263184,1,930,0,0,0,0,0,0,0,0,0,0,0,1,0,2.0,-26.125,1,0,19.04439926147461,23.89739990234375,1,0,-1.8538999557495117,28.0,2,0,0.3125,0.6875,2,0,0.3199999928474426,0.20000000298023224,3,0,0.0,0.0
36.497,49200,11000,3.666667,0,1.0166666507720947,50,0,2.5,-1,0,10,7,-1.0,-1.0,-1.0,-1.0,6235944,1,2,2,2,0,0,0,1,0,-4.6653265953063965,14.29814338684082,-12.175519943237305,0,0,0,0.0,0,0,7,0,0.45328283309936523,8.914427757263184,1,932,0,0,0,0,0,0,0,0,0,0,0,1,0,2.0,-26.125,1,0,19.04439926147461,23.89739990234375,1,0,-1.8538999557495117,28.0,2,0,0.3125,0.6875,2,0,0.3199999928474426,0.20000000298023224,3,0,0.0,0.0
36.514,49200,11000,3.666667,0,1.0166666507720947,50,0,2.5,-1,0,10,7,-1.0,-1.0,-1.0,-1.0,6235944,1,2,2,2,0,0,0,1,0,-4.6653265953063965,14.29814338684082,-12.175519943237305,0,0,0,0.0,0,0,7,0,0.45328283309936523,8.914427757263184,1,934,0,0,0,0,0,0,0,0,0,0,0,1,0,2.0,-26.125,1,0,19.04439926147461,23.89739990234375,1,0,-1.8538999557495117,28.0,2,0,0.3125,0.6875,2,0,0.3199999928474426,0.20000000298023224,3,0,0.0,0.0
36.532,49200,11000,3.666667,0,1.0166666507720947,50,0,2.5,-1,0,10,7,-1.0,-1.0,-1.0,-1.0,6235944,1,2,2,2,0,0,0,1,0,-4.6653265953063965,14.29814338684082,-12.175519943237305,0,0,0,0.0,0,0,7,0,0.45328283309936523,8.914427757263184,1,936,0,0,0,0,0,0,0,0,0,0,0,1,0,2.0,-26.125,1,0,19.04439926147461,23.89739990234375,1,0,-1.8538999557495117,28.0,2,0,0.3125,0.6875,2,0,0.3199999928474426,0.20000000298023224,3,0,0.0,0.0
36.549,49200,11000,3.666667,0,1.0166666507720947,50,0,2.5,-1,0,10,7,-1.0,-1.0,-1.0,-1.0,6235944,1,2,2,2,0,0,0,1,0,-4.6653265953063965,14.29814338684082,-12.175519943237305,0,0,0,0.0,0,0,7,0,0.45328283309936523,8.914427757263184,1,938,0,0,0,0,0,0,0,0,0,0,0,1,0,2.0,-26.125,1,0,19.04439926147461,23.89739990234375,1,0,-1.8538999557495117,28.0,2,0,0.3125,0.6875,2,0,0.3199999928474426,0.20000000298023224,3,0,0.0,0.0
36.566,49200,11000,3.666667,0,1.0166666507720947,50,0,2.5,-1,0,10,7,-1.0,-1.0,-1.0,-1.0,6235944,1,2,2,2,0,0,0,1,0,-4.6653265953063965,14.29814338684082,-12.175519943237305,0,0,0,0.0,0,0,7,0,0.45328283309936523,8.914427757263184,1,940,0,0,0,0,0,0,0,0,0,0,0,1,0,2.0,-26.125,1,0,19.04439926147461,23.89739990234375,1,0,-1.8538999557495117,28.0,2,0,0.3125,0.6875,2,0,0.3199999928474426,0.20000000298023224,3,0,0.0,0.0
36.584,49200,11000,3.666667,0,1.0166666507720947,50,0,2.5,-1,0,10,7,-1.0,-1.0,-1.0,-1.0,6235944,1,2,2,2,0,0,0,1,0,-4.6653265953063965,14.29814338684082,-12.175519943237305,0,0,0,0.0,0,0,7,0,0.45328283309936523,8.914427757263184,1,942,0,0,0,0,0,0,0,0,0,0,0,1,0,2.0,-26.125,1,0,19.04439926147461,23.89739990234375,1,0,-1.8538999557495117,28.0,2,0,0.3125,0.6875,2,0,0.3199999928474426,0.20000000298023224,3,0,0.0,0.0
36.601,49200,11000,3.666667,0,1.0166666507720947,50,0,2.5,-1,0,10,7,-1.0,-1.0,-1.0,-1.0,6235944,1,2,2,2,0,0,0,1,0,-4.6653265953063965,14.29814338684082,-12.175519943237305,0,0,0,0.0,0,0,7,0,0.45328283309936523,8.914427757263184,1,944,0,0,0,0,0,0,0,0,0,0,0,1,0,2.0,-26.125,1,0,19.04439926147461,23.89739990234375,1,0,-1.8538999557495117,28.0,2,0,0.3125,0.6875,2,0,0.3199999928474426,0.20000000298023224,3,0,0.0,0.0
36.619,49200,11000,3.666667,0,1.0166666507720947,50,0,2.5,-1,0,10,7,-1.0,-1.0,-1.0,-1.0,6235944,1,2,2,2,0,0,0,1,0,-4.6653265953063965,14.29814338684082,-12.175519943237305,0,0,0,0.0,0,0,7,0,0.45328283309936523,8.914427757263184,1,946,0,0,0,0,0,0,0,0,0,0,0,1,0,2.0,-26.125,1,0,19.04439926147461,23.89739990234375,1,0,-1.8538999557495117,28.0,2,0,0.3125,0.6875,2,0,0.3199999928474426,0.20000000298023224,3,0,0.0,0.0
36.636,49200,11000,3.666667,0,1.0166666507720947,50,0,2.5,-1,0,10,7,-1.0,-1.0,-1.0,-1.0,6235944,1,2,2,2,0,0,0,1,0,-4.6653265953063965,14.29814338684082,-12.175519943237305,0,0,0,0.0,0,0,7,0,0.45328283309936523,8.914427757263184,1,950,0,0,0,0,0,0,0,0,0,0,0,1,0,2.0,-26.125,1,0,19.04439926147461,23.89739990234375,1,0,-1.8538999557495117,28.0,2,0,0.3125,0.6875,2,0,0.3199999928474426,0.20000000298023224,3,0,0.0,0.0
36.654,49200,11000,3.666667,0,1.0166666507720947,50,0,2.5,-1,0,10,7,-1.0,-1.0,-1.0,-1.0,6235944,1,2,2,2,0,0,0,1,0,-4.6653265953063965,14.29814338684082,-12.175519943237305,0,0,0,0.0,0,0,7,0,0.45328283309936523,8.914427757263184,1,952,0,0,0,0,0,0,0,0,0,0,0,1,0,2.0,-26.125,1,0,19.04439926147461,23.89739990234375,1,0,-1.8538999557495117,28.0,2,0,0.3125,0.6875,2,0,0.3199999928474426,0.20000000298023224,3,0,0.0,0.0
36.671,49200,11000,3.666667,0,1.0166666507720947,50,0,2.5,-1,0,10,7,-1.0,-1.0,-1.0,-1.0,6235944,1,2,2,2,0,0,0,1,0,-4.6653265953063965,14.29814338684082,-12.175519943237305,0,0,0,0.0,0,0,7,0,0.45328283309936523,8.914427757263184,1,954,0,0,0,0,0,0,0,0,0,0,0,1,0,2.0,-26.125,1,0,19.04439926147461,23.89739990234375,1,0,-1.8538999557495117,28.0,2,0,0.3125,0.6875,2,0,0.3199999928474426,0.20000000298023224,3,0,0.0,0.0
36.688,49200,11000,3.666667,0,1.0166666507720947,50,0,2.5,-1,0,10,7,-1.0,-1.0,-1.0,-1.0,6235944,1,2,2,2,0,0,0,1,0,-4.6653265953063965,14.29814338684082,-12.175519943237305,0,0,0,0.0,0,0,7,0,0.45328283309936523,8.914427757263184,1,956,0,0,0,0,0,0,0,0,0,0,0,1,0,2.0,-26.125,1,0,19.04439926147461,23.89739990234375,1,0,-1.8538999557495117,28.0,2,0,0.3125,0.6875,2,0,0.3199999928474426,0.20000000298023224,3,0,0.0,0.0
36.705,49200,11000,3.666667,0,1.0166666507720947,50,0,2.5,-1,0,10,7,-1.0,-1.0,-1.0,-1.0,6235944,1,2,2,2,0,0,0,1,0,-4.6653265953063965,14.29814338684082,-12.175519943237305,0,0,0,0.0,0,0,7,0,0.45328283309936523,8.914427757263184,1,958,0,0,0,0,0,0,0,0,0,0,0,1,0,2.0,-26.125,1,0,19.04439926147461,23.89739990234375,1,0,-1.8538999557495117,28.0,2,0,0.3125,0.6875,2,0,0.3199999928474426,0.20000000298023224,3,0,0.0,0.0
36.723,49200,11000,3.666667,0,1.0166666507720947,50,0,2.5,-1,0,10,7,-1.0,-1.0,-1.0,-1.0,6235944,1,2,2,2,0,0,0,1,0,-4.6653265953063965,14.29814338684082,-12.175519943237305,0,0,0,0.0,0,0,7,0,0.45328283309936523,8.914427757263184,1,960,0,0,0,0,0,0,0,0,0,0,0,1,0,2.0,-26.125,1,0,19.04439926147461,23.89739990234375,1,0,-1.8538999557495117,28.0,2,0,0.3125,0.6875,2,0,0.3199999928474426,0.20000000298023224,3,0,0.0,0.0
36.74,49200,11000,3.666667,0,1.0166666507720947,50,0,2.5,-1,0,10,7,-1.0,-1.0,-1.0,-1.0,6235944,1,2,2,2,0,0,0,1,0,-4.6653265953063965,14.29814338684082,-12.175519943237305,0,0,0,0.0,0,0,7,0,0.45328283309936523,8.914427757263184,1,962,0,0,0,0,0,0,0,0,0,0,0,1,0,2.0,-26.125,1,0,19.04439926147461,23.89739990234375,1,0,-1.8538999557495117,28.0,2,0,0.3125,0.6875,2,0,0.3199999928474426,0.20000000298023224,3,0,0.0,0.0
36.757,49200,11000,3.666667,0,1.0166666507720947,50,0,2.5,-1,0,10,7,-1.0,-1.0,-1.0,-1.0,6235944,1,2,2,2,0,0,0,1,0,-4.6653265953063965,14.29814338684082,-12.175519943237305,0,0,0,0.0,0,0,7,0,0.45328283309936523,8.914427757263184,1,964,0,0,0,0,0,0,0,0,0,0,0,1,0,2.0,-26.125,1,0,19.04439926147461,23.89739990234375,1,0,-1.8538999557495117,28.0,2,0,0.3125,0.6875,2,0,0.3199999928474426,0.20000000298023224,3,0,0.0,0.0
36.775,49200,11000,3.666667,0,1.0166666507720947,50,0,2.5,-1,0,10,7,-1.0,-1.0,-1.0,-1.0,6235944,1,2,2,2,0,0,0,1,0,-4.6653265953063965,14.29814338684082,-12.175519943237305,0,0,0,0.0,0,0,7,0,0.45328283309936523,8.914427757263184,1,966,0,0,0,0,0,0,0,0,0,0,0,1,0,2.0,-26.125,1,0,19.04439926147461,23.89739990234375,1,0,-1.8538999557495117,28.0,2,0,0.3125,0.6875,2,0,0.3199999928474426,0.20000000298023224,3,0,0.0,0.0
36.792,49200,11000,3.666667,0,1.0166666507720947,50,0,2.5,-1,0,10,7,-1.0,-1.0,-1.0,-1.0,6235944,1,2,2,2,0,0,0,1,0,-4.6653265953063965,14.29814338684082,-12.175519943237305,0,0,0,0.0,0,0,7,0,0.45328283309936523,8.914427757263184,1,968,0,0,0,0,0,0,0,0,0,0,0,1,0,2.0,-26.125,1,0,19.04439926147461,23.89739990234375,1,0,-1.8538999557495117,28.0,2,0,0.3125,0.6875,2,0,0.3199999928474426,0.20000000298023224,3,0,0.0,0.0
36.81,49200,11000,3.666667,0,1.0166666507720947,50,0,2.5,-1,0,10,7,-1.0,-1.0,-1.0,-1.0,6235944,1,2,2,2,0,0,0,1,0,-4.6653265953063965,14.29814338684082,-12.175519943237305,0,0,0,0.0,0,0,7,0,0.45328283309936523,8.914427757263184,1,970,0,0,0,0,0,0,0,0,0,0,0,1,0,2.0,-26.125,1,0,19.04439926147461,23.89739990234375,1,0,-1.8538999557495117,28.0,2,0,0.3125,0.6875,2,0,0.3199999928474426,0.20000000298023224,3,0,0.0,0.0
36.827,49200,11000,3.666667,0,1.0166666507720947,50,0,2.5,-1,0,10,7,-1.0,-1.0,-1.0,-1.0,6235944,1,2,2,2,0,0,0,1,0,-4.6653265953063965,14.29814338684082,-12.175519943237305,0,0,0,0.0,0,0,7,0,0.45328283309936523,8.914427757263184,1,972,0,0,0,0,0,0,0,0,0,0,0,1,0,2.0,-26.125,1,0,19.04439926147461,23.89739990234375,1,0,-1.8538999557495117,28.0,2,0,0.3125,0.6875,2,0,0.3199999928474426,0.20000000298023224,3,0,0.0,0.0
36.845,49200,11000,3.666667,0,1.0166666507720947,50,0,2.5,-1,0,10,7,-1.0,-1.0,-1.0,-1.0,6235944,1,2,2,2,0,0,0,1,0,-4.6653265953063965,14.29814338684082,-12.175519943237305,0,0,0,0.0,0,0,7,0,0.45328283309936523,8.914427757263184,1,974,0,0,0,0,0,0,0,0,0,0,0,1,0,2.0,-26.125,1,0,19.04439926147461,23.89739990234375,1,0,-1.8538999557495117,28.0,2,0,0.3125,0.6875,2,0,0.3199999928474426,0.20000000298023224,3,0,0.0,0.0
36.862,49200,11000,3.666667,0,1.0166666507720947,50,0,2.5,-1,0,10,7,-1.0,-1.0,-1.0,-1.0,6235944,1,2,2,2,0,0,0,1,0,-4.6653265953063965,14.29814338684082,-12.175519943237305,0,0,0,0.0,0,0,7,0,0.45328283309936523,8.914427757263184,1,976,0,0,0,0,0,0,0,0,0,0,0,1,0,2.0,-26.125,1,0,19.04439926147461,23.89739990234375,1,0,-1.8538999557495117,28.0,2,0,0.3125,0.6875,2,0,0.3199999928474426,0.20000000298023224,3,0,0.0,0.0
36.879,49200,11000,3.666667,0,1.0166666507720947,50,0,2.5,-1,0,10,7,-1.0,-1.0,-1.0,-1.0,6235944,1,2,2,2,0,0,0,1,0,-4.6653265953063965,14.29814338684082,-12.175519943237305,0,0,0,0.0,0,0,7,0,0.45328283309936523,8.914427757263184,1,978,0,0,0,0,0,0,0,0,0,0,0,1,0,2.0,-26.125,1,0,19.04439926147461,23.89739990234375,1,0,-1.8538999557495117,28.0,2,0,0.3125,0.6875,2,0,0.3199999928474426,0.20000000298023224,3,0,0.0,0.0
36.896,49200,11000,3.666667,0,1.0166666507720947,50,0,2.5,-1,0,10,7,-1.0,-1.0,-1.0,-1.0,6235944,1,2,2,2,0,0,0,1,0,-4.6653265953063965,14.29814338684082,-12.175519943237305,0,0,0,0.0,0,0,7,0,0.45328283309936523,8.914427757263184,1,980,0,0,0,0,0,0,0,0,0,0,0,1,0,2.0,-26.125,1,0,19.04439926147461,23.89739990234375,1,0,-1.8538999557495117,28.0,2,0,0.3125,0.6875,2,0,0.3199999928474426,0.20000000298023224,3,0,0.0,0.0
36.913,49200,11000,3.666667,0,1.0166666507720947,50,0,2.5,-1,0,10,7,-1.0,-1.0,-1.0,-1.0,6235944,1,2,2,2,0,0,0,1,0,-4.6653265953063965,14.29814338684082,-12.175519943237305,0,0,0,0.0,0,0,7,0,0.45328283309936523,8.914427757263184,1,982,0,0,0,0,0,0,0,0,0,0,0,1,0,2.0,-26.125,1,0,19.04439926147461,23.89739990234375,1,0,-1.8538999557495117,28.0,2,0,0.3125,0.6875,2,0,0.3199999928474426,0.20000000298023224,3,0,0.0,0.0
36.931,49200,11000,3.666667,0,1.0166666507720947,50,0,2.5,-1,0,10,7,-1.0,-1.0,-1.0,-1.0,6235944,1,2,2,2,0,0,0,1,0,-4.6653265953063965,14.29814338684082,-12.175519943237305,0,0,0,0.0,0,0,7,0,0.45328283309936523,8.914427757263184,1,984,0,0,0,0,0,0,0,0,0,0,0,1,0,2.0,-26.125,1,0,19.04439926147461,23.89739990234375,1,0,-1.8538999557495117,28.0,2,0,0.3125,0.6875,2,0,0.3199999928474426,0.20000000298023224,3,0,0.0,0.0
36.948,49200,11000,3.666667,0,1.0166666507720947,50,0,2.5,-1,0,10,7,-1.0,-1.0,-1.0,-1.0,6235944,1,2,2,2,0,0,0,1,0,-4.6653265953063965,14.29814338684082,-12.175519943237305,0,0,0,0.0,0,0,7,0,0.45328283309936523,8.914427757263184,1,986,0,0,0,0,0,0,0,0,0,0,0,1,0,2.0,-26.125,1,0,19.04439926147461,23.89739990234375,1,0,-1.8538999557495117,28.0,2,0,0.3125,0.6875,2,0,0.3199999928474426,0.20000000298023224,3,0,0.0,0.0
36.965,49200,11000,3.666667,0,1.0166666507720947,50,0,2.5,-1,0,10,7,-1.0,-1.0,-1.0,-1.0,6235944,1,2,2,2,0,0,0,1,0,-4.6653265953063965,14.29814338684082,-12.175519943237305,0,0,0,0.0,0,0,7,0,0.45328283309936523,8.914427757263184,1,988,0,0,0,0,0,0,0,0,0,0,0,1,0,2.0,-26.125,1,0,19.04439926147461,23.89739990234375,1,0,-1.8538999557495117,28.0,2,0,0.3125,0.6875,2,0,0.3199999928474426,0.20000000298023224,3,0,0.0,0.0
36.982,49200,11000,3.666667,0,1.0166666507720947,50,0,2.5,-1,0,10,7,-1.0,-1.0,-1.0,-1.0,6235944,1,2,2,2,0,0,0,1,0,-4.6653265953063965,14.29814338684082,-12.175519943237305,0,0,0,0.0,0,0,7,0,0.45328283309936523,8.914427757263184,1,990,0,0,0,0,0,0,0,0,0,0,0,1,0,2.0,-26.125,1,0,19.04439926147461,23.89739990234375,1,0,-1.8538999557495117,28.0,2,0,0.3125,0.6875,2,0,0.3199999928474426,0.20000000298023224,3,0,0.0,0.0
36.999,49200,11000,3.666667,0,1.0166666507720947,50,0,2.5,-1,0,10,7,-1.0,-1.0,-1.0,-1.0,6235944,1,2,2,2,0,0,0,1,0,-4.6653265953063965,14.29814338684082,-12.175519943237305,0,0,0,0.0,0,0,7,0,0.45328283309936523,8.914427757263184,1,992,0,0,0,0,0,0,0,0,0,0,0,1,0,2.0,-26.125,1,0,19.04439926147461,23.89739990234375,1,0,-1.8538999557495117,28.0,2,0,0.3125,0.6875,2,0,0.3199999928474426,0.20000000298023224,3,0,0.0,0.0
37.017,49200,11000,3.666667,0,1.0166666507720947,50,0,2.5,-1,0,10,7,-1.0,-1.0,-1.0,-1.0,6235944,1,2,2,2,0,0,0,1,0,-4.6653265953063965,14.29814338684082,-12.175519943237305,0,0,0,0.0,0,0,7,0,0.45328283309936523,8.914427757263184,1,994,0,0,0,0,0,0,0,0,0,0,0,1,0,2.0,-26.125,1,0,19.04439926147461,23.89739990234375,1,0,-1.8538999557495117,28.0,2,0,0.3125,0.6875,2,0,0.3199999928474426,0.20000000298023224,3,0,0.0,0.0
37.034,49200,11000,3.666667,0,1.0166666507720947,50,0,2.5,-1,0,10,7,-1.0,-1.0,-1.0,-1.0,6235944,1,2,2,2,0,0,0,1,0,-4.6653265953063965,14.29814338684082,-12.175519943237305,0,0,0,0.0,0,0,7,0,0.45328283309936523,8.914427757263184,1,996,0,0,0,0,0,0,0,0,0,0,0,1,0,2.0,-26.125,1,0,19.04439926147461,23.89739990234375,1,0,-1.8538999557495117,28.0,2,0,0.3125,0.6875,2,0,0.3199999928474426,0.20000000298023224,3,0,0.0,0.0
37.051,49200,11000,3.666667,0,1.0166666507720947,50,0,2.5,-1,0,10,7,-1.0,-1.0,-1.0,-1.0,6235944,1,2,2,2,0,0,0,1,0,-4.6653265953063965,14.29814338684082,-12.175519943237305,0,0,0,0.0,0,0,7,0,0.45328283309936523,8.914427757263184,1,998,0,0,0,0,0,0,0,0,0,0,0,1,0,2.0,-26.125,1,0,19.04439926147461,23.89739990234375,1,0,-1.8538999557495117,28.0,2,0,0.3125,0.6875,2,0,0.3199999928474426,0.20000000298023224,3,0,0.0,0.0
37.068,49200,11000,3.666667,0,1.0166666507720947,50,0,2.5,-1,0,10,7,-1.0,-1.0,-1.0,-1.0,6235944,1,2,2,2,0,0,0,1,0,-4.6653265953063965,14.29814338684082,-12.175519943237305,0,0,0,0.0,0,0,7,0,0.45328283309936523,8.914427757263184,1,1000,0,0,0,0,0,0,0,0,0,0,0,1,0,2.0,-26.125,1,0,19.04439926147461,23.89739990234375,1,0,-1.8538999557495117,28.0,2,0,0.3125,0.6875,2,0,0.3199999928474426,0.20000000298023224,3,0,0.0,0.0
37.086,49200,11000,3.666667,0,1.0166666507720947,50,0,2.5,-1,0,10,7,-1.0,-1.0,-1.0,-1.0,6235944,1,2,2,2,0,0,0,1,0,-4.6653265953063965,14.29814338684082,-12.175519943237305,0,0,0,0.0,0,0,7,0,0.45328283309936523,8.914427757263184,1,1002,0,0,0,0,0,0,0,0,0,0,0,1,0,2.0,-26.125,1,0,19.04439926147461,23.89739990234375,1,0,-1.8538999557495117,28.0,2,0,0.3125,0.6875,2,0,0.3199999928474426,0.20000000298023224,3,0,0.0,0.0
37.103,49200,11000,3.666667,0,1.0166666507720947,50,0,2.5,-1,0,10,7,-1.0,-1.0,-1.0,-1.0,6235944,1,2,2,2,0,0,0,1,0,-4.6653265953063965,14.29814338684082,-12.175519943237305,0,0,0,0.0,0,0,7,0,0.45328283309936523,8.914427757263184,1,1006,0,0,0,0,0,0,0,0,0,0,0,1,0,2.0,-26.125,1,0,19.04439926147461,23.89739990234375,1,0,-1.8538999557495117,28.0,2,0,0.3125,0.6875,2,0,0.3199999928474426,0.20000000298023224,3,0,0.0,0.0
37.12,49200,11000,3.666667,0,1.0166666507720947,50,0,2.5,-1,0,10,7,-1.0,-1.0,-1.0,-1.0,6235944,1,2,2,2,0,0,0,1,0,-4.6653265953063965,14.29814338684082,-12.175519943237305,0,0,0,0.0,0,0,7,0,0.45328283309936523,8.914427757263184,1,1008,0,0,0,0,0,0,0,0,0,0,0,1,0,2.0,-26.125,1,0,19.04439926147461,23.89739990234375,1,0,-1.8538999557495117,28.0,2,0,0.3125,0.6875,2,0,0.3199999928474426,0.20000000298023224,3,0,0.0,0.0
37.138,49200,11000,3.666667,0,1.0166666507720947,50,0,2.5,-1,0,10,7,-1.0,-1.0,-1.0,-1.0,6235944,1,2,2,2,0,0,0,1,0,-4.6653265953063965,14.29814338684082,-12.175519943237305,0,0,0,0.0,0,0,7,0,0.45328283309936523,8.914427757263184,1,1010,0,0,0,0,0,0,0,0,0,0,0,1,0,2.0,-26.125,1,0,19.04439926147461,23.89739990234375,1,0,-1.8538999557495117,28.0,2,0,0.3125,0.6875,2,0,0.3199999928474426,0.20000000298023224,3,0,0.0,0.0
37.155,49200,11000,3.666667,0,1.0166666507720947,50,0,2.5,-1,0,10,7,-1.0,-1.0,-1.0,-1.0,6235944,1,2,2,2,0,0,0,1,0,-4.6653265953063965,14.29814338684082,-12.175519943237305,0,0,0,0.0,0,0,7,0,0.45328283309936523,8.914427757263184,1,1012,0,0,0,0,0,0,0,0,0,0,0,1,0,2.0,-26.125,1,0,19.04439926147461,23.89739990234375,1,0,-1.8538999557495117,28.0,2,0,0.3125,0.6875,2,0,0.3199999928474426,0.20000000298023224,3,0,0.0,0.0
37.173,49200,11000,3.666667,0,1.0166666507720947,50,0,2.5,-1,0,10,7,-1.0,-1.0,-1.0,-1.0,6235944,1,2,2,2,0,0,0,1,0,-4.6653265953063965,14.29814338684082,-12.175519943237305,0,0,0,0.0,0,0,7,0,0.45328283309936523,8.914427757263184,1,1014,0,0,0,0,0,0,0,0,0,0,0,1,0,2.0,-26.125,1,0,19.04439926147461,23.89739990234375,1,0,-1.8538999557495117,28.0,2,0,0.3125,0.6875,2,0,0.3199999928474426,0.20000000298023224,3,0,0.0,0.0
37.19,49200,11000,3.666667,0,1.0166666507720947,50,0,2.5,-1,0,10,7,-1.0,-1.0,-1.0,-1.0,6235944,1,2,2,2,0,0,0,1,0,-4.6653265953063965,14.29814338684082,-12.175519943237305,0,0,0,0.0,0,0,7,0,0.45328283309936523,8.914427757263184,1,1016,0,0,0,0,0,0,0,0,0,0,0,1,0,2.0,-26.125,1,0,19.04439926147461,23.89739990234375,1,0,-1.8538999557495117,28.0,2,0,0.3125,0.6875,2,0,0.3199999928474426,0.20000000298023224,3,0,0.0,0.0
37.207,49200,11000,3.666667,0,1.0166666507720947,50,0,2.5,-1,0,10,7,-1.0,-1.0,-1.0,-1.0,6235944,1,2,2,2,0,0,0,1,0,-4.6653265953063965,14.29814338684082,-12.175519943237305,0,0,0,0.0,0,0,7,0,0.45328283309936523,8.914427757263184,1,1018,0,0,0,0,0,0,0,0,0,0,0,1,0,2.0,-26.125,1,0,19.04439926147461,23.89739990234375,1,0,-1.8538999557495117,28.0,2,0,0.3125,0.6875,2,0,0.3199999928474426,0.20000000298023224,3,0,0.0,0.0
37.225,49200,11000,3.666667,0,1.0166666507720947,50,0,2.5,-1,0,10,7,-1.0,-1.0,-1.0,-1.0,6235944,1,2,2,2,0,0,0,1,0,-4.6653265953063965,14.29814338684082,-12.175519943237305,0,0,0,0.0,0,0,7,0,0.45328283309936523,8.914427757263184,1,1020,0,0,0,0,0,0,0,0,0,0,0,1,0,2.0,-26.125,1,0,19.04439926147461,23.89739990234375,1,0,-1.8538999557495117,28.0,2,0,0.3125,0.6875,2,0,0.3199999928474426,0.20000000298023224,3,0,0.0,0.0
37.242,49200,11000,3.666667,0,1.0166666507720947,50,0,2.5,-1,0,10,7,-1.0,-1.0,-1.0,-1.0,6235944,1,2,2,2,0,0,0,1,0,-4.6653265953063965,14.29814338684082,-12.175519943237305,0,0,0,0.0,0,0,7,0,0.45328283309936523,8.914427757263184,1,1022,0,0,0,0,0,0,0,0,0,0,0,1,0,2.0,-26.125,1,0,19.04439926147461,23.89739990234375,1,0,-1.8538999557495117,28.0,2,0,0.3125,0.6875,2,0,0.3199999928474426,0.20000000298023224,3,0,0.0,0.0
37.26,49200,11000,3.666667,0,1.0166666507720947,50,0,2.5,-1,0,10,7,-1.0,-1.0,-1.0,-1.0,6235944,1,2,2,2,0,0,0,1,0,-4.6653265953063965,14.29814338684082,-12.175519943237305,0,0,0,0.0,0,0,7,0,0.45328283309936523,8.914427757263184,1,1024,0,0,0,0,0,0,0,0,0,0,0,1,0,2.0,-26.125,1,0,19.04439926147461,23.89739990234375,1,0,-1.8538999557495117,28.0,2,0,0.3125,0.6875,2,0,0.3199999928474426,0.20000000298023224,3,0,0.0,0.0
37.277,49200,11000,3.666667,0,1.0166666507720947,50,0,2.5,-1,0,10,7,-1.0,-1.0,-1.0,-1.0,6235944,1,2,2,2,0,0,0,1,0,-4.6653265953063965,14.29814338684082,-12.175519943237305,0,0,0,0.0,0,0,7,0,0.45328283309936523,8.914427757263184,1,1026,0,0,0,0,0,0,0,0,0,0,0,1,0,2.0,-26.125,1,0,19.04439926147461,23.89739990234375,1,0,-1.8538999557495117,28.0,2,0,0.3125,0.6875,2,0,0.3199999928474426,0.20000000298023224,3,0,0.0,0.0
37.294,49200,11000,3.666667,0,1.0166666507720947,50,0,2.5,-1,0,10,7,-1.0,-1.0,-1.0,-1.0,6235944,1,2,2,2,0,0,0,1,0,-4.6653265953063965,14.29814338684082,-12.175519943237305,0,0,0,0.0,0,0,7,0,0.45328283309936523,8.914427757263184,1,1028,0,0,0,0,0,0,0,0,0,0,0,1,0,2.0,-26.125,1,0,19.04439926147461,23.89739990234375,1,0,-1.8538999557495117,28.0,2,0,0.3125,0.6875,2,0,0.3199999928474426,0.20000000298023224,3,0,0.0,0.0
37.312,49200,11000,3.666667,0,1.0166666507720947,50,0,2.5,-1,0,10,7,-1.0,-1.0,-1.0,-1.0,6235944,1,2,2,2,0,0,0,1,0,-4.6653265953063965,14.29814338684082,-12.175519943237305,0,0,0,0.0,0,0,7,0,0.45328283309936523,8.914427757263184,1,1030,0,0,0,0,0,0,0,0,0,0,0,1,0,2.0,-26.125,1,0,19.04439926147461,23.89739990234375,1,0,-1.8538999557495117,28.0,2,0,0.3125,0.6875,2,0,0.3199999928474426,0.20000000298023224,3,0,0.0,0.0
37.329,49200,11000,3.666667,0,1.0166666507720947,50,0,2.5,-1,0,10,7,-1.0,-1.0,-1.0,-1.0,6235944,1,2,2,2,0,0,0,1,0,-4.6653265953063965,14.29814338684082,-12.175519943237305,0,0,0,0.0,0,0,7,0,0.45328283309936523,8.914427757263184,1,1032,0,0,0,0,0,0,0,0,0,0,0,1,0,2.0,-26.125,1,0,19.04439926147461,23.89739990234375,1,0,-1.8538999557495117,28.0,2,0,0.3125,0.6875,2,0,0.3199999928474426,0.20000000298023224,3,0,0.0,0.0
37.346,49200,11000,3.666667,0,1.0166666507720947,50,0,2.5,-1,0,10,7,-1.0,-1.0,-1.0,-1.0,6235944,1,2,2,2,0,0,0,1,0,-4.6653265953063965,14.29814338684082,-12.175519943237305,0,0,0,0.0,0,0,7,0,0.45328283309936523,8.914427757263184,1,1034,0,0,0,0,0,0,0,0,0,0,0,1,0,2.0,-26.125,1,0,19.04439926147461,23.89739990234375,1,0,-1.8538999557495117,28.0,2,0,0.3125,0.6875,2,0,0.3199999928474426,0.20000000298023224,3,0,0.0,0.0
37.364,49200,11000,3.666667,0,1.0166666507720947,50,0,2.5,-1,0,10,7,-1.0,-1.0,-1.0,-1.0,6235944,1,2,2,2,0,0,0,1,0,-4.6653265953063965,14.29814338684082,-12.175519943237305,0,0,0,0.0,0,0,7,0,0.45328283309936523,8.914427757263184,1,1036,0,0,0,0,0,0,0,0,0,0,0,1,0,2.0,-26.125,1,0,19.04439926147461,23.89739990234375,1,0,-1.8538999557495117,28.0,2,0,0.3125,0.6875,2,0,0.3199999928474426,0.20000000298023224,3,0,0.0,0.0
37.381,49200,11000,3.666667,0,1.0166666507720947,50,0,2.5,-1,0,10,7,-1.0,-1.0,-1.0,-1.0,6235944,1,2,2,2,0,0,0,1,0,-4.6653265953063965,14.29814338684082,-12.175519943237305,0,0,0,0.0,0,0,7,0,0.45328283309936523,8.914427757263184,1,1038,0,0,0,0,0,0,0,0,0,0,0,1,0,2.0,-26.125,1,0,19.04439926147461,23.89739990234375,1,0,-1.8538999557495117,28.0,2,0,0.3125,0.6875,2,0,0.3199999928474426,0.20000000298023224,3,0,0.0,0.0
37.398,49200,11000,3.666667,0,1.0166666507720947,50,0,2.5,-1,0,10,7,-1.0,-1.0,-1.0,-1.0,6235944,1,2,2,2,0,0,0,1,0,-4.6653265953063965,14.29814338684082,-12.175519943237305,0,0,0,0.0,0,0,7,0,0.45328283309936523,8.914427757263184,1,1040,0,0,0,0,0,0,0,0,0,0,0,1,0,2.0,-26.125,1,0,19.04439926147461,23.89739990234375,1,0,-1.8538999557495117,28.0,2,0,0.3125,0.6875,2,0,0.3199999928474426,0.20000000298023224,3,0,0.0,0.0
37.416,49200,11000,3.666667,0,1.0166666507720947,50,0,2.5,-1,0,10,7,-1.0,-1.0,-1.0,-1.0,6235944,1,2,2,2,0,0,0,1,0,-4.6653265953063965,14.29814338684082,-12.175519943237305,0,0,0,0.0,0,0,7,0,0.45328283309936523,8.914427757263184,1,1042,0,0,0,0,0,0,0,0,0,0,0,1,0,2.0,-26.125,1,0,19.04439926147461,23.89739990234375,1,0,-1.8538999557495117,28.0,2,0,0.3125,0.6875,2,0,0.3199999928474426,0.20000000298023224,3,0,0.0,0.0
37.433,49200,11000,3.666667,0,1.0166666507720947,50,0,2.5,-1,0,10,7,-1.0,-1.0,-1.0,-1.0,6235944,1,2,2,2,0,0,0,1,0,-4.6653265953063965,14.29814338684082,-12.175519943237305,0,0,0,0.0,0,0,7,0,0.45328283309936523,8.914427757263184,1,1044,0,0,0,0,0,0,0,0,0,0,0,1,0,2.0,-26.125,1,0,19.04439926147461,23.89739990234375,1,0,-1.8538999557495117,28.0,2,0,0.3125,0.6875,2,0,0.3199999928474426,0.20000000298023224,3,0,0.0,0.0
37.451,49200,11000,3.666667,0,1.0166666507720947,50,0,2.5,-1,0,10,7,-1.0,-1.0,-1.0,-1.0,6235944,1,2,2,2,0,0,0,1,0,-4.6653265953063965,14.29814338684082,-12.175519943237305,0,0,0,0.0,0,0,7,0,0.45328283309936523,8.914427757263184,1,1046,0,0,0,0,0,0,0,0,0,0,0,1,0,2.0,-26.125,1,0,19.04439926147461,23.89739990234375,1,0,-1.8538999557495117,28.0,2,0,0.3125,0.6875,2,0,0.3199999928474426,0.20000000298023224,3,0,0.0,0.0
37.468,49200,11000,3.666667,0,1.0166666507720947,50,0,2.5,-1,0,10,7,-1.0,-1.0,-1.0,-1.0,6235944,1,2,2,2,0,0,0,1,0,-4.6653265953063965,14.29814338684082,-12.175519943237305,0,0,0,0.0,0,0,7,0,0.45328283309936523,8.914427757263184,1,1048,0,0,0,0,0,0,0,0,0,0,0,1,0,2.0,-26.125,1,0,19.04439926147461,23.89739990234375,1,0,-1.8538999557495117,28.0,2,0,0.3125,0.6875,2,0,0.3199999928474426,0.20000000298023224,3,0,0.0,0.0
37.486,49200,11000,3.666667,0,1.0166666507720947,50,0,2.5,-1,0,10,7,-1.0,-1.0,-1.0,-1.0,6235944,1,2,2,2,0,0,0,1,0,-4.6653265953063965,14.29814338684082,-12.175519943237305,0,0,0,0.0,0,0,7,0,0.45328283309936523,8.914427757263184,1,1052,0,0,0,0,0,0,0,0,0,0,0,1,0,2.0,-26.125,1,0,19.04439926147461,23.89739990234375,1,0,-1.8538999557495117,28.0,2,0,0.3125,0.6875,2,0,0.3199999928474426,0.20000000298023224,3,0,0.0,0.0
37.503,49200,11000,3.666667,0,1.0166666507720947,50,0,2.5,-1,0,10,7,-1.0,-1.0,-1.0,-1.0,6235944,1,2,2,2,0,0,0,1,0,-4.6653265953063965,14.29814338684082,-12.175519943237305,0,0,0,0.0,0,0,7,0,0.45328283309936523,8.914427757263184,1,1054,0,0,0,0,0,0,0,0,0,0,0,1,0,2.0,-26.125,1,0,19.04439926147461,23.89739990234375,1,0,-1.8538999557495117,28.0,2,0,0.3125,0.6875,2,0,0.3199999928474426,0.20000000298023224,3,0,0.0,0.0
37.52,49200,11000,3.666667,0,1.0166666507720947,50,0,2.5,-1,0,10,7,-1.0,-1.0,-1.0,-1.0,6235944,1,2,2,2,0,0,0,1,0,-4.6653265953063965,14.29814338684082,-12.175519943237305,0,0,0,0.0,0,0,7,0,0.45328283309936523,8.914427757263184,1,1056,0,0,0,0,0,0,0,0,0,0,0,1,0,2.0,-26.125,1,0,19.04439926147461,23.89739990234375,1,0,-1.8538999557495117,28.0,2,0,0.3125,0.6875,2,0,0.3199999928474426,0.20000000298023224,3,0,0.0,0.0
37.538,49200,11000,3.666667,0,1.0166666507720947,50,0,2.5,-1,0,10,7,-1.0,-1.0,-1.0,-1.0,6235944,1,2,2,2,0,0,0,1,0,-4.6653265953063965,14.29814338684082,-12.175519943237305,0,0,0,0.0,0,0,7,0,0.45328283309936523,8.914427757263184,1,1058,0,0,0,0,0,0,0,0,0,0,0,1,0,2.0,-26.125,1,0,19.04439926147461,23.89739990234375,1,0,-1.8538999557495117,28.0,2,0,0.3125,0.6875,2,0,0.3199999928474426,0.20000000298023224,3,0,0.0,0.0
37.555,49200,11000,3.666667,0,1.0166666507720947,50,0,2.5,-1,0,10,7,-1.0,-1.0,-1.0,-1.0,6235944,1,2,2,2,0,0,0,1,0,-4.6653265953063965,14.29814338684082,-12.175519943237305,0,0,0,0.0,0,0,7,0,0.45328283309936523,8.914427757263184,1,1060,0,0,0,0,0,0,0,0,0,0,0,1,0,2.0,-26.125,1,0,19.04439926147461,23.89739990234375,1,0,-1.8538999557495117,28.0,2,0,0.3125,0.6875,2,0,0.3199999928474426,0.20000000298023224,3,0,0.0,0.0
37.572,49200,11000,3.666667,0,1.0166666507720947,50,0,2.5,-1,0,10,7,-1.0,-1.0,-1.0,-1.0,6235944,1,2,2,2,0,0,0,1,0,-4.6653265953063965,14.29814338684082,-12.175519943237305,0,0,0,0.0,0,0,7,0,0.45328283309936523,8.914427757263184,1,1062,0,0,0,0,0,0,0,0,0,0,0,1,0,2.0,-26.125,1,0,19.04439926147461,23.89739990234375,1,0,-1.8538999557495117,28.0,2,0,0.3125,0.6875,2,0,0.3199999928474426,0.20000000298023224,3,0,0.0,0.0
37.589,49200,11000,3.666667,0,1.0166666507720947,50,0,2.5,-1,0,10,7,-1.0,-1.0,-1.0,-1.0,6235944,1,2,2,2,0,0,0,1,0,-4.6653265953063965,14.29814338684082,-12.175519943237305,0,0,0,0.0,0,0,7,0,0.45328283309936523,8.914427757263184,1,1064,0,0,0,0,0,0,0,0,0,0,0,1,0,2.0,-26.125,1,0,19.04439926147461,23.89739990234375,1,0,-1.8538999557495117,28.0,2,0,0.3125,0.6875,2,0,0.3199999928474426,0.20000000298023224,3,0,0.0,0.0
37.607,49200,11000,3.666667,0,1.0166666507720947,50,0,2.5,-1,0,10,7,-1.0,-1.0,-1.0,-1.0,6235944,1,2,2,2,0,0,0,1,0,-4.6653265953063965,14.29814338684082,-12.175519943237305,0,0,0,0.0,0,0,7,0,0.45328283309936523,8.914427757263184,1,1066,0,0,0,0,0,0,0,0,0,0,0,1,0,2.0,-26.125,1,0,19.04439926147461,23.89739990234375,1,0,-1.8538999557495117,28.0,2,0,0.3125,0.6875,2,0,0.3199999928474426,0.20000000298023224,3,0,0.0,0.0
37.624,49200,11000,3.666667,0,1.0166666507720947,50,0,2.5,-1,0,10,7,-1.0,-1.0,-1.0,-1.0,6235944,1,2,2,2,0,0,0,1,0,-4.6653265953063965,14.29814338684082,-12.175519943237305,0,0,0,0.0,0,0,7,0,0.45328283309936523,8.914427757263184,1,1068,0,0,0,0,0,0,0,0,0,0,0,1,0,2.0,-26.125,1,0,19.04439926147461,23.89739990234375,1,0,-1.8538999557495117,28.0,2,0,0.3125,0.6875,2,0,0.3199999928474426,0.20000000298023224,3,0,0.0,0.0
37.641,49200,11000,3.666667,0,1.0166666507720947,50,0,2.5,-1,0,10,7,-1.0,-1.0,-1.0,-1.0,6235944,1,2,2,2,0,0,0,1,0,-4.6653265953063965,14.29814338684082,-12.175519943237305,0,0,0,0.0,0,0,7,0,0.45328283309936523,8.914427757263184,1,1070,0,0,0,0,0,0,0,0,0,0,0,1,0,2.0,-26.125,1,0,19.04439926147461,23.89739990234375,1,0,-1.8538999557495117,28.0,2,0,0.3125,0.6875,2,0,0.3199999928474426,0.20000000298023224,3,0,0.0,0.0
37.659,49200,11000,3.666667,0,1.0166666507720947,50,0,2.5,-1,0,10,7,-1.0,-1.0,-1.0,-1.0,6235944,1,2,2,2,0,0,0,1,0,-4.6653265953063965,14.29814338684082,-12.175519943237305,0,0,0,0.0,0,0,7,0,0.45328283309936523,8.914427757263184,1,1072,0,0,0,0,0,0,0,0,0,0,0,1,0,2.0,-26.125,1,0,19.04439926147461,23.89739990234375,1,0,-1.8538999557495117,28.0,2,0,0.3125,0.6875,2,0,0.3199999928474426,0.20000000298023224,3,0,0.0,0.0
37.676,49200,11000,3.666667,0,1.0166666507720947,50,0,2.5,-1,0,10,7,-1.0,-1.0,-1.0,-1.0,6235944,1,2,2,2,0,0,0,1,0,-4.6653265953063965,14.29814338684082,-12.175519943237305,0,0,0,0.0,0,0,7,0,0.45328283309936523,8.914427757263184,1,1074,0,0,0,0,0,0,0,0,0,0,0,1,0,2.0,-26.125,1,0,19.04439926147461,23.89739990234375,1,0,-1.8538999557495117,28.0,2,0,0.3125,0.6875,2,0,0.3199999928474426,0.20000000298023224,3,0,0.0,0.0
37.693,49200,11000,3.666667,0,1.0166666507720947,50,0,2.5,-1,0,10,7,-1.0,-1.0,-1.0,-1.0,6235944,1,2,2,2,0,0,0,1,0,-4.6653265953063965,14.29814338684082,-12.175519943237305,0,0,0,0.0,0,0,7,0,0.45328283309936523,8.914427757263184,1,1076,0,0,0,0,0,0,0,0,0,0,0,1,0,2.0,-26.125,1,0,19.04439926147461,23.89739990234375,1,0,-1.8538999557495117,28.0,2,0,0.3125,0.6875,2,0,0.3199999928474426,0.20000000298023224,3,0,0.0,0.0
37.71,49200,11000,3.666667,0,1.0166666507720947,50,0,2.5,-1,0,10,7,-1.0,-1.0,-1.0,-1.0,6235944,1,2,2,2,0,0,0,1,0,-4.6653265953063965,14.29814338684082,-12.175519943237305,0,0,0,0.0,0,0,7,0,0.45328283309936523,8.914427757263184,1,1078,0,0,0,0,0,0,0,0,0,0,0,1,0,2.0,-26.125,1,0,19.04439926147461,23.89739990234375,1,0,-1.8538999557495117,28.0,2,0,0.3125,0.6875,2,0,0.3199999928474426,0.20000000298023224,3,0,0.0,0.0
37.727,49200,11000,3.666667,0,1.0166666507720947,50,0,2.5,-1,0,10,7,-1.0,-1.0,-1.0,-1.0,6235944,1,2,2,2,0,0,0,1,0,-4.6653265953063965,14.29814338684082,-12.175519943237305,0,0,0,0.0,0,0,7,0,0.45328283309936523,8.914427757263184,1,1080,0,0,0,0,0,0,0,0,0,0,0,1,0,2.0,-26.125,1,0,19.04439926147461,23.89739990234375,1,0,-1.8538999557495117,28.0,2,0,0.3125,0.6875,2,0,0.3199999928474426,0.20000000298023224,3,0,0.0,0.0
37.745,49200,11000,3.666667,0,1.0166666507720947,50,0,2.5,-1,0,10,7,-1.0,-1.0,-1.0,-1.0,6235944,1,2,2,2,0,0,0,1,0,-4.6653265953063965,14.29814338684082,-12.175519943237305,0,0,0,0.0,0,0,7,0,0.45328283309936523,8.914427757263184,1,1082,0,0,0,0,0,0,0,0,0,0,0,1,0,2.0,-26.125,1,0,19.04439926147461,23.89739990234375,1,0,-1.8538999557495117,28.0,2,0,0.3125,0.6875,2,0,0.3199999928474426,0.20000000298023224,3,0,0.0,0.0
37.762,49200,11000,3.666667,0,1.0166666507720947,50,0,2.5,-1,0,10,7,-1.0,-1.0,-1.0,-1.0,6235944,1,2,2,2,0,0,0,1,0,-4.6653265953063965,14.29814338684082,-12.175519943237305,0,0,0,0.0,0,0,7,0,0.45328283309936523,8.914427757263184,1,1084,0,0,0,0,0,0,0,0,0,0,0,1,0,2.0,-26.125,1,0,19.04439926147461,23.89739990234375,1,0,-1.8538999557495117,28.0,2,0,0.3125,0.6875,2,0,0.3199999928474426,0.20000000298023224,3,0,0.0,0.0
37.78,49200,11000,3.666667,0,1.0166666507720947,50,0,2.5,-1,0,10,7,-1.0,-1.0,-1.0,-1.0,6235944,1,2,2,2,0,0,0,1,0,-4.6653265953063965,14.29814338684082,-12.175519943237305,0,0,0,0.0,0,0,7,0,0.45328283309936523,8.914427757263184,1,1086,0,0,0,0,0,0,0,0,0,0,0,1,0,2.0,-26.125,1,0,19.04439926147461,23.89739990234375,1,0,-1.8538999557495117,28.0,2,0,0.3125,0.6875,2,0,0.3199999928474426,0.20000000298023224,3,0,0.0,0.0
37.797,49200,11000,3.666667,0,1.0166666507720947,50,0,2.5,-1,0,10,7,-1.0,-1.0,-1.0,-1.0,6235944,1,2,2,2,0,0,0,1,0,-4.6653265953063965,14.29814338684082,-12.175519943237305,0,0,0,0.0,0,0,7,0,0.45328283309936523,8.914427757263184,1,1088,0,0,0,0,0,0,0,0,0,0,0,1,0,2.0,-26.125,1,0,19.04439926147461,23.89739990234375,1,0,-1.8538999557495117,28.0,2,0,0.3125,0.6875,2,0,0.3199999928474426,0.20000000298023224,3,0,0.0,0.0
37.814,49200,11000,3.666667,0,1.0166666507720947,50,0,2.5,-1,0,10,7,-1.0,-1.0,-1.0,-1.0,6235944,1,2,2,2,0,0,0,1,0,-4.6653265953063965,14.29814338684082,-12.175519943237305,0,0,0,0.0,0,0,7,0,0.45328283309936523,8.914427757263184,1,1090,0,0,0,0,0,0,0,0,0,0,0,1,0,2.0,-26.125,1,0,19.04439926147461,23.89739990234375,1,0,-1.8538999557495117,28.0,2,0,0.3125,0.6875,2,0,0.3199999928474426,0.20000000298023224,3,0,0.0,0.0
37.831,49200,11000,3.666667,0,1.0166666507720947,50,0,2.5,-1,0,10,7,-1.0,-1.0,-1.0,-1.0,6235944,1,2,2,2,0,0,0,1,0,-4.6653265953063965,14.29814338684082,-12.175519943237305,0,0,0,0.0,0,0,7,0,0.45328283309936523,8.914427757263184,1,1092,0,0,0,0,0,0,0,0,0,0,0,1,0,2.0,-26.125,1,0,19.04439926147461,23.89739990234375,1,0,-1.8538999557495117,28.0,2,0,0.3125,0.6875,2,0,0.3199999928474426,0.20000000298023224,3,0,0.0,0.0
37.849,49200,11000,3.666667,0,1.0166666507720947,50,0,2.5,-1,0,10,7,-1.0,-1.0,-1.0,-1.0,6235944,1,2,2,2,0,0,0,1,0,-4.6653265953063965,14.29814338684082,-12.175519943237305,0,0,0,0.0,0,0,7,0,0.45328283309936523,8.914427757263184,1,1094,0,0,0,0,0,0,0,0,0,0,0,1,0,2.0,-26.125,1,0,19.04439926147461,23.89739990234375,1,0,-1.8538999557495117,28.0,2,0,0.3125,0.6875,2,0,0.3199999928474426,0.20000000298023224,3,0,0.0,0.0
37.866,49200,11000,3.666667,0,1.0166666507720947,50,0,2.5,-1,0,10,7,-1.0,-1.0,-1.0,-1.0,6235944,1,2,2,2,0,0,0,1,0,-4.6653265953063965,14.29814338684082,-12.175519943237305,0,0,0,0.0,0,0,7,0,0.45328283309936523,8.914427757263184,1,1096,0,0,0,0,0,0,0,0,0,0,0,1,0,2.0,-26.125,1,0,19.04439926147461,23.89739990234375,1,0,-1.8538999557495117,28.0,2,0,0.3125,0.6875,2,0,0.3199999928474426,0.20000000298023224,3,0,0.0,0.0
37.883,49200,11000,3.666667,0,1.0166666507720947,50,0,2.5,-1,0,10,7,-1.0,-1.0,-1.0,-1.0,6235944,1,2,2,2,0,0,0,1,0,-4.6653265953063965,14.29814338684082,-12.175519943237305,0,0,0,0.0,0,0,7,0,0.45328283309936523,8.914427757263184,1,1098,0,0,0,0,0,0,0,0,0,0,0,1,0,2.0,-26.125,1,0,19.04439926147461,23.89739990234375,1,0,-1.8538999557495117,28.0,2,0,0.3125,0.6875,2,0,0.3199999928474426,0.20000000298023224,3,0,0.0,0.0
37.901,49200,11000,3.666667,0,1.0166666507720947,50,0,2.5,-1,0,10,7,-1.0,-1.0,-1.0,-1.0,6235944,1,2,2,2,0,0,0,1,0,-4.6653265953063965,14.29814338684082,-12.175519943237305,0,0,0,0.0,0,0,7,0,0.45328283309936523,8.914427757263184,1,1100,0,0,0,0,0,0,0,0,0,0,0,1,0,2.0,-26.125,1,0,19.04439926147461,23.89739990234375,1,0,-1.8538999557495117,28.0,2,0,0.3125,0.6875,2,0,0.3199999928474426,0.20000000298023224,3,0,0.0,0.0
37.918,49200,11000,3.666667,0,1.0166666507720947,50,0,2.5,-1,0,10,7,-1.0,-1.0,-1.0,-1.0,6235944,1,2,2,2,0,0,0,1,0,-4.6653265953063965,14.29814338684082,-12.175519943237305,0,0,0,0.0,0,0,7,0,0.45328283309936523,8.914427757263184,1,1102,0,0,0,0,0,0,0,0,0,0,0,1,0,2.0,-26.125,1,0,19.04439926147461,23.89739990234375,1,0,-1.8538999557495117,28.0,2,0,0.3125,0.6875,2,0,0.3199999928474426,0.20000000298023224,3,0,0.0,0.0
37.935,49200,11000,3.666667,0,1.0166666507720947,50,0,2.5,-1,0,10,7,-1.0,-1.0,-1.0,-1.0,6235944,1,2,2,2,0,0,0,1,0,-4.6653265953063965,14.29814338684082,-12.175519943237305,0,0,0,0.0,0,0,7,0,0.45328283309936523,8.914427757263184,1,1104,0,0,0,0,0,0,0,0,0,0,0,1,0,2.0,-26.125,1,0,19.04439926147461,23.89739990234375,1,0,-1.8538999557495117,28.0,2,0,0.3125,0.6875,2,0,0.3199999928474426,0.20000000298023224,3,0,0.0,0.0
37.952,49200,11000,3.666667,0,1.0166666507720947,50,0,2.5,-1,0,10,7,-1.0,-1.0,-1.0,-1.0,6235944,1,2,2,2,0,0,0,1,0,-4.6653265953063965,14.29814338684082,-12.175519943237305,0,0,0,0.0,0,0,7,0,0.45328283309936523,8.914427757263184,1,1106,0,0,0,0,0,0,0,0,0,0,0,1,0,2.0,-26.125,1,0,19.04439926147461,23.89739990234375,1,0,-1.8538999557495117,28.0,2,0,0.3125,0.6875,2,0,0.3199999928474426,0.20000000298023224,3,0,0.0,0.0
37.97,49200,11000,3.666667,0,1.0166666507720947,50,0,2.5,-1,0,10,7,-1.0,-1.0,-1.0,-1.0,6235944,1,2,2,2,0,0,0,1,0,-4.6653265953063965,14.29814338684082,-12.175519943237305,0,0,0,0.0,0,0,7,0,0.45328283309936523,8.914427757263184,1,1110,0,0,0,0,0,0,0,0,0,0,0,1,0,2.0,-26.125,1,0,19.04439926147461,23.89739990234375,1,0,-1.8538999557495117,28.0,2,0,0.3125,0.6875,2,0,0.3199999928474426,0.20000000298023224,3,0,0.0,0.0
37.987,49200,11000,3.666667,0,1.0166666507720947,50,0,2.5,-1,0,10,7,-1.0,-1.0,-1.0,-1.0,6235944,1,2,2,2,0,0,0,1,0,-4.6653265953063965,14.29814338684082,-12.175519943237305,0,0,0,0.0,0,0,7,0,0.45328283309936523,8.914427757263184,1,1112,0,0,0,0,0,0,0,0,0,0,0,1,0,2.0,-26.125,1,0,19.04439926147461,23.89739990234375,1,0,-1.8538999557495117,28.0,2,0,0.3125,0.6875,2,0,0.3199999928474426,0.20000000298023224,3,0,0.0,0.0
38.005,49200,11000,3.666667,0,1.0166666507720947,50,0,2.5,-1,0,10,7,-1.0,-1.0,-1.0,-1.0,6235944,1,2,2,2,0,0,0,1,0,-4.6653265953063965,14.29814338684082,-12.175519943237305,0,0,0,0.0,0,0,7,0,0.45328283309936523,8.914427757263184,1,1114,0,0,0,0,0,0,0,0,0,0,0,1,0,2.0,-26.125,1,0,19.04439926147461,23.89739990234375,1,0,-1.8538999557495117,28.0,2,0,0.3125,0.6875,2,0,0.3199999928474426,0.20000000298023224,3,0,0.0,0.0
38.022,49200,11000,3.666667,0,1.0166666507720947,50,0,2.5,-1,0,10,7,-1.0,-1.0,-1.0,-1.0,6235944,1,2,2,2,0,0,0,1,0,-4.6653265953063965,14.29814338684082,-12.175519943237305,0,0,0,0.0,0,0,7,0,0.45328283309936523,8.914427757263184,1,1116,0,0,0,0,0,0,0,0,0,0,0,1,0,2.0,-26.125,1,0,19.04439926147461,23.89739990234375,1,0,-1.8538999557495117,28.0,2,0,0.3125,0.6875,2,0,0.3199999928474426,0.20000000298023224,3,0,0.0,0.0
38.039,49200,11000,3.666667,0,1.0166666507720947,50,0,2.5,-1,0,10,7,-1.0,-1.0,-1.0,-1.0,6235944,1,2,2,2,0,0,0,1,0,-4.6653265953063965,14.29814338684082,-12.175519943237305,0,0,0,0.0,0,0,7,0,0.45328283309936523,8.914427757263184,1,1118,0,0,0,0,0,0,0,0,0,0,0,1,0,2.0,-26.125,1,0,19.04439926147461,23.89739990234375,1,0,-1.8538999557495117,28.0,2,0,0.3125,0.6875,2,0,0.3199999928474426,0.20000000298023224,3,0,0.0,0.0
38.056,49200,11000,3.666667,0,1.0166666507720947,50,0,2.5,-1,0,10,7,-1.0,-1.0,-1.0,-1.0,6235944,1,2,2,2,0,0,0,1,0,-4.6653265953063965,14.29814338684082,-12.175519943237305,0,0,0,0.0,0,0,7,0,0.45328283309936523,8.914427757263184,1,1120,0,0,0,0,0,0,0,0,0,0,0,1,0,2.0,-26.125,1,0,19.04439926147461,23.89739990234375,1,0,-1.8538999557495117,28.0,2,0,0.3125,0.6875,2,0,0.3199999928474426,0.20000000298023224,3,0,0.0,0.0
38.074,49200,11000,3.666667,0,1.0166666507720947,50,0,2.5,-1,0,10,7,-1.0,-1.0,-1.0,-1.0,6235944,1,2,2,2,0,0,0,1,0,-4.6653265953063965,14.29814338684082,-12.175519943237305,0,0,0,0.0,0,0,7,0,0.45328283309936523,8.914427757263184,1,1122,0,0,0,0,0,0,0,0,0,0,0,1,0,2.0,-26.125,1,0,19.04439926147461,23.89739990234375,1,0,-1.8538999557495117,28.0,2,0,0.3125,0.6875,2,0,0.3199999928474426,0.20000000298023224,3,0,0.0,0.0
38.091,49200,11000,3.666667,0,1.0166666507720947,50,0,2.5,-1,0,10,7,-1.0,-1.0,-1.0,-1.0,6235944,1,2,2,2,0,0,0,1,0,-4.6653265953063965,14.29814338684082,-12.175519943237305,0,0,0,0.0,0,0,7,0,0.45328283309936523,8.914427757263184,1,1124,0,0,0,0,0,0,0,0,0,0,0,1,0,2.0,-26.125,1,0,19.04439926147461,23.89739990234375,1,0,-1.8538999557495117,28.0,2,0,0.3125,0.6875,2,0,0.3199999928474426,0.20000000298023224,3,0,0.0,0.0
38.108,49200,11000,3.666667,0,1.0166666507720947,50,0,2.5,-1,0,10,7,-1.0,-1.0,-1.0,-1.0,6235944,1,2,2,2,0,0,0,1,0,-4.6653265953063965,14.29814338684082,-12.175519943237305,0,0,0,0.0,0,0,7,0,0.45328283309936523,8.914427757263184,1,1126,0,0,0,0,0,0,0,0,0,0,0,1,0,2.0,-26.125,1,0,19.04439926147461,23.89739990234375,1,0,-1.8538999557495117,28.0,2,0,0.3125,0.6875,2,0,0.3199999928474426,0.20000000298023224,3,0,0.0,0.0
38.126,49200,11000,3.666667,0,1.0166666507720947,50,0,2.5,-1,0,10,7,-1.0,-1.0,-1.0,-1.0,6235944,1,2,2,2,0,0,0,1,0,-4.6653265953063965,14.29814338684082,-12.175519943237305,0,0,0,0.0,0,0,7,0,0.45328283309936523,8.914427757263184,1,1128,0,0,0,0,0,0,0,0,0,0,0,1,0,2.0,-26.125,1,0,19.04439926147461,23.89739990234375,1,0,-1.8538999557495117,28.0,2,0,0.3125,0.6875,2,0,0.3199999928474426,0.20000000298023224,3,0,0.0,0.0
38.143,49200,11000,3.666667,0,1.0166666507720947,50,0,2.5,-1,0,10,7,-1.0,-1.0,-1.0,-1.0,6235944,1,2,2,2,0,0,0,1,0,-4.6653265953063965,14.29814338684082,-12.175519943237305,0,0,0,0.0,0,0,7,0,0.45328283309936523,8.914427757263184,1,1130,0,0,0,0,0,0,0,0,0,0,0,1,0,2.0,-26.125,1,0,19.04439926147461,23.89739990234375,1,0,-1.8538999557495117,28.0,2,0,0.3125,0.6875,2,0,0.3199999928474426,0.20000000298023224,3,0,0.0,0.0
38.16,49200,11000,3.666667,0,1.0166666507720947,50,0,2.5,-1,0,10,7,-1.0,-1.0,-1.0,-1.0,6235944,1,2,2,2,0,0,0,1,0,-4.6653265953063965,14.29814338684082,-12.175519943237305,0,0,0,0.0,0,0,7,0,0.45328283309936523,8.914427757263184,1,1132,0,0,0,0,0,0,0,0,0,0,0,1,0,2.0,-26.125,1,0,19.04439926147461,23.89739990234375,1,0,-1.8538999557495117,28.0,2,0,0.3125,0.6875,2,0,0.3199999928474426,0.20000000298023224,3,0,0.0,0.0
38.178,49200,11000,3.666667,0,1.0166666507720947,50,0,2.5,-1,0,10,7,-1.0,-1.0,-1.0,-1.0,6235944,1,2,2,2,0,0,0,1,0,-4.6653265953063965,14.29814338684082,-12.175519943237305,0,0,0,0.0,0,0,7,0,0.45328283309936523,8.914427757263184,1,1134,0,0,0,0,0,0,0,0,0,0,0,1,0,2.0,-26.125,1,0,19.04439926147461,23.89739990234375,1,0,-1.8538999557495117,28.0,2,0,0.3125,0.6875,2,0,0.3199999928474426,0.20000000298023224,3,0,0.0,0.0
38.195,49200,11000,3.666667,0,1.0166666507720947,50,0,2.5,-1,0,10,7,-1.0,-1.0,-1.0,-1.0,6235944,1,2,2,2,0,0,0,1,0,-4.6653265953063965,14.29814338684082,-12.175519943237305,0,0,0,0.0,0,0,7,0,0.45328283309936523,8.914427757263184,1,1136,0,0,0,0,0,0,0,0,0,0,0,1,0,2.0,-26.125,1,0,19.04439926147461,23.89739990234375,1,0,-1.8538999557495117,28.0,2,0,0.3125,0.6875,2,0,0.3199999928474426,0.20000000298023224,3,0,0.0,0.0
38.212,49200,11000,3.666667,0,1.0166666507720947,50,0,2.5,-1,0,10,7,-1.0,-1.0,-1.0,-1.0,6235944,1,2,2,2,0,0,0,1,0,-4.6653265953063965,14.29814338684082,-12.175519943237305,0,0,0,0.0,0,0,7,0,0.45328283309936523,8.914427757263184,1,1138,0,0,0,0,0,0,0,0,0,0,0,1,0,2.0,-26.125,1,0,19.04439926147461,23.89739990234375,1,0,-1.8538999557495117,28.0,2,0,0.3125,0.6875,2,0,0.3199999928474426,0.20000000298023224,3,0,0.0,0.0
38.229,49200,11000,3.666667,0,1.0166666507720947,50,0,2.5,-1,0,10,7,-1.0,-1.0,-1.0,-1.0,6235944,1,2,2,2,0,0,0,1,0,-4.6653265953063965,14.29814338684082,-12.175519943237305,0,0,0,0.0,0,0,7,0,0.45328283309936523,8.914427757263184,1,1140,0,0,0,0,0,0,0,0,0,0,0,1,0,2.0,-26.125,1,0,19.04439926147461,23.89739990234375,1,0,-1.8538999557495117,28.0,2,0,0.3125,0.6875,2,0,0.3199999928474426,0.20000000298023224,3,0,0.0,0.0
38.247,49200,11000,3.666667,0,1.0166666507720947,50,0,2.5,-1,0,10,7,-1.0,-1.0,-1.0,-1.0,6235944,1,2,2,2,0,0,0,1,0,-4.6653265953063965,14.29814338684082,-12.175519943237305,0,0,0,0.0,0,0,7,0,0.45328283309936523,8.914427757263184,1,1142,0,0,0,0,0,0,0,0,0,0,0,1,0,2.0,-26.125,1,0,19.04439926147461,23.89739990234375,1,0,-1.8538999557495117,28.0,2,0,0.3125,0.6875,2,0,0.3199999928474426,0.20000000298023224,3,0,0.0,0.0
38.264,49200,11000,3.666667,0,1.0166666507720947,50,0,2.5,-1,0,10,7,-1.0,-1.0,-1.0,-1.0,6235944,1,2,2,2,0,0,0,1,0,-4.6653265953063965,14.29814338684082,-12.175519943237305,0,0,0,0.0,0,0,7,0,0.45328283309936523,8.914427757263184,1,1144,0,0,0,0,0,0,0,0,0,0,0,1,0,2.0,-26.125,1,0,19.04439926147461,23.89739990234375,1,0,-1.8538999557495117,28.0,2,0,0.3125,0.6875,2,0,0.3199999928474426,0.20000000298023224,3,0,0.0,0.0
38.281,49200,11000,3.666667,0,1.0166666507720947,50,0,2.5,-1,0,10,7,-1.0,-1.0,-1.0,-1.0,6235944,1,2,2,2,0,0,0,1,0,-4.6653265953063965,14.29814338684082,-12.175519943237305,0,0,0,0.0,0,0,7,0,0.45328283309936523,8.914427757263184,1,1146,0,0,0,0,0,0,0,0,0,0,0,1,0,2.0,-26.125,1,0,19.04439926147461,23.89739990234375,1,0,-1.8538999557495117,28.0,2,0,0.3125,0.6875,2,0,0.3199999928474426,0.20000000298023224,3,0,0.0,0.0
38.298,49200,11000,3.666667,0,1.0166666507720947,50,0,2.5,-1,0,10,7,-1.0,-1.0,-1.0,-1.0,6235944,1,2,2,2,0,0,0,1,0,-4.6653265953063965,14.29814338684082,-12.175519943237305,0,0,0,0.0,0,0,7,0,0.45328283309936523,8.914427757263184,1,1148,0,0,0,0,0,0,0,0,0,0,0,1,0,2.0,-26.125,1,0,19.04439926147461,23.89739990234375,1,0,-1.8538999557495117,28.0,2,0,0.3125,0.6875,2,0,0.3199999928474426,0.20000000298023224,3,0,0.0,0.0
38.315,49200,11000,3.666667,0,1.0166666507720947,50,0,2.5,-1,0,10,7,-1.0,-1.0,-1.0,-1.0,6235944,1,2,2,2,0,0,0,1,0,-4.6653265953063965,14.29814338684082,-12.175519943237305,0,0,0,0.0,0,0,7,0,0.45328283309936523,8.914427757263184,1,1150,0,0,0,0,0,0,0,0,0,0,0,1,0,2.0,-26.125,1,0,19.04439926147461,23.89739990234375,1,0,-1.8538999557495117,28.0,2,0,0.3125,0.6875,2,0,0.3199999928474426,0.20000000298023224,3,0,0.0,0.0
38.333,49200,11000,3.666667,0,1.0166666507720947,50,0,2.5,-1,0,10,7,-1.0,-1.0,-1.0,-1.0,6235944,1,2,2,2,0,0,0,1,0,-4.6653265953063965,14.29814338684082,-12.175519943237305,0,0,0,0.0,0,0,7,0,0.45328283309936523,8.914427757263184,1,1152,0,0,0,0,0,0,0,0,0,0,0,1,0,2.0,-26.125,1,0,19.04439926147461,23.89739990234375,1,0,-1.8538999557495117,28.0,2,0,0.3125,0.6875,2,0,0.3199999928474426,0.20000000298023224,3,0,0.0,0.0
38.35,49200,11000,3.666667,0,1.0166666507720947,50,0,2.5,-1,0,10,7,-1.0,-1.0,-1.0,-1.0,6235944,1,2,2,2,0,0,0,1,0,-4.6653265953063965,14.29814338684082,-12.175519943237305,0,0,0,0.0,0,0,7,0,0.45328283309936523,8.914427757263184,1,1154,0,0,0,0,0,0,0,0,0,0,0,1,0,2.0,-26.125,1,0,19.04439926147461,23.89739990234375,1,0,-1.8538999557495117,28.0,2,0,0.3125,0.6875,2,0,0.3199999928474426,0.20000000298023224,3,0,0.0,0.0
38.368,49200,11000,3.666667,0,1.0166666507720947,50,0,2.5,-1,0,10,7,-1.0,-1.0,-1.0,-1.0,6235944,1,2,2,2,0,0,0,1,0,-4.6653265953063965,14.29814338684082,-12.175519943237305,0,0,0,0.0,0,0,7,0,0.45328283309936523,8.914427757263184,1,1156,0,0,0,0,0,0,0,0,0,0,0,1,0,2.0,-26.125,1,0,19.04439926147461,23.89739990234375,1,0,-1.8538999557495117,28.0,2,0,0.3125,0.6875,2,0,0.3199999928474426,0.20000000298023224,3,0,0.0,0.0
38.385,49200,11000,3.666667,0,1.0166666507720947,50,0,2.5,-1,0,10,7,-1.0,-1.0,-1.0,-1.0,6235944,1,2,2,2,0,0,0,1,0,-4.6653265953063965,14.29814338684082,-12.175519943237305,0,0,0,0.0,0,0,7,0,0.45328283309936523,8.914427757263184,1,1158,0,0,0,0,0,0,0,0,0,0,0,1,0,2.0,-26.125,1,0,19.04439926147461,23.89739990234375,1,0,-1.8538999557495117,28.0,2,0,0.3125,0.6875,2,0,0.3199999928474426,0.20000000298023224,3,0,0.0,0.0
38.402,49200,11000,3.666667,0,1.0166666507720947,50,0,2.5,-1,0,10,7,-1.0,-1.0,-1.0,-1.0,6235944,1,2,2,2,0,0,0,1,0,-4.6653265953063965,14.29814338684082,-12.175519943237305,0,0,0,0.0,0,0,7,0,0.45328283309936523,8.914427757263184,1,1160,0,0,0,0,0,0,0,0,0,0,0,1,0,2.0,-26.125,1,0,19.04439926147461,23.89739990234375,1,0,-1.8538999557495117,28.0,2,0,0.3125,0.6875,2,0,0.3199999928474426,0.20000000298023224,3,0,0.0,0.0
38.419,49200,11000,3.666667,0,1.0166666507720947,50,0,2.5,-1,0,10,7,-1.0,-1.0,-1.0,-1.0,6235944,1,2,2,2,0,0,0,1,0,-4.6653265953063965,14.29814338684082,-12.175519943237305,0,0,0,0.0,0,0,7,0,0.45328283309936523,8.914427757263184,1,1164,0,0,0,0,0,0,0,0,0,0,0,1,0,2.0,-26.125,1,0,19.04439926147461,23.89739990234375,1,0,-1.8538999557495117,28.0,2,0,0.3125,0.6875,2,0,0.3199999928474426,0.20000000298023224,3,0,0.0,0.0
38.437,49200,11000,3.666667,0,1.0166666507720947,50,0,2.5,-1,0,10,7,-1.0,-1.0,-1.0,-1.0,6235944,1,2,2,2,0,0,0,1,0,-4.6653265953063965,14.29814338684082,-12.175519943237305,0,0,0,0.0,0,0,7,0,0.45328283309936523,8.914427757263184,1,1166,0,0,0,0,0,0,0,0,0,0,0,1,0,2.0,-26.125,1,0,19.04439926147461,23.89739990234375,1,0,-1.8538999557495117,28.0,2,0,0.3125,0.6875,2,0,0.3199999928474426,0.20000000298023224,3,0,0.0,0.0
38.454,49200,11000,3.666667,0,1.0166666507720947,50,0,2.5,-1,0,10,7,-1.0,-1.0,-1.0,-1.0,6235944,1,2,2,2,0,0,0,1,0,-4.6653265953063965,14.29814338684082,-12.175519943237305,0,0,0,0.0,0,0,7,0,0.45328283309936523,8.914427757263184,1,1168,0,0,0,0,0,0,0,0,0,0,0,1,0,2.0,-26.125,1,0,19.04439926147461,23.89739990234375,1,0,-1.8538999557495117,28.0,2,0,0.3125,0.6875,2,0,0.3199999928474426,0.20000000298023224,3,0,0.0,0.0
38.471,49200,11000,3.666667,0,1.0166666507720947,50,0,2.5,-1,0,10,7,-1.0,-1.0,-1.0,-1.0,6235944,1,2,2,2,0,0,0,1,0,-4.6653265953063965,14.29814338684082,-12.175519943237305,0,0,0,0.0,0,0,7,0,0.45328283309936523,8.914427757263184,1,1170,0,0,0,0,0,0,0,0,0,0,0,1,0,2.0,-26.125,1,0,19.04439926147461,23.89739990234375,1,0,-1.8538999557495117,28.0,2,0,0.3125,0.6875,2,0,0.3199999928474426,0.20000000298023224,3,0,0.0,0.0
38.488,49200,11000,3.666667,0,1.0166666507720947,50,0,2.5,-1,0,10,7,-1.0,-1.0,-1.0,-1.0,6235944,1,2,2,2,0,0,0,1,0,-4.6653265953063965,14.29814338684082,-12.175519943237305,0,0,0,0.0,0,0,7,0,0.45328283309936523,8.914427757263184,1,1172,0,0,0,0,0,0,0,0,0,0,0,1,0,2.0,-26.125,1,0,19.04439926147461,23.89739990234375,1,0,-1.8538999557495117,28.0,2,0,0.3125,0.6875,2,0,0.3199999928474426,0.20000000298023224,3,0,0.0,0.0
38.506,49200,11000,3.666667,0,1.0166666507720947,50,0,2.5,-1,0,10,7,-1.0,-1.0,-1.0,-1.0,6235944,1,2,2,2,0,0,0,1,0,-4.6653265953063965,14.29814338684082,-12.175519943237305,0,0,0,0.0,0,0,7,0,0.45328283309936523,8.914427757263184,1,1174,0,0,0,0,0,0,0,0,0,0,0,1,0,2.0,-26.125,1,0,19.04439926147461,23.89739990234375,1,0,-1.8538999557495117,28.0,2,0,0.3125,0.6875,2,0,0.3199999928474426,0.20000000298023224,3,0,0.0,0.0
38.523,49200,11000,3.666667,0,1.0166666507720947,50,0,2.5,-1,0,10,7,-1.0,-1.0,-1.0,-1.0,6235944,1,2,2,2,0,0,0,1,0,-4.6653265953063965,14.29814338684082,-12.175519943237305,0,0,0,0.0,0,0,7,0,0.45328283309936523,8.914427757263184,1,1176,0,0,0,0,0,0,0,0,0,0,0,1,0,2.0,-26.125,1,0,19.04439926147461,23.89739990234375,1,0,-1.8538999557495117,28.0,2,0,0.3125,0.6875,2,0,0.3199999928474426,0.20000000298023224,3,0,0.0,0.0
38.54,49200,11000,3.666667,0,1.0166666507720947,50,0,2.5,-1,0,10,7,-1.0,-1.0,-1.0,-1.0,6235944,1,2,2,2,0,0,0,1,0,-4.6653265953063965,14.29814338684082,-12.175519943237305,0,0,0,0.0,0,0,7,0,0.45328283309936523,8.914427757263184,1,1178,0,0,0,0,0,0,0,0,0,0,0,1,0,2.0,-26.125,1,0,19.04439926147461,23.89739990234375,1,0,-1.8538999557495117,28.0,2,0,0.3125,0.6875,2,0,0.3199999928474426,0.20000000298023224,3,0,0.0,0.0
38.557,49200,11000,3.666667,0,1.0166666507720947,50,0,2.5,-1,0,10,7,-1.0,-1.0,-1.0,-1.0,6235944,1,2,2,2,0,0,0,1,0,-4.6653265953063965,14.29814338684082,-12.175519943237305,0,0,0,0.0,0,0,7,0,0.45328283309936523,8.914427757263184,1,1180,0,0,0,0,0,0,0,0,0,0,0,1,0,2.0,-26.125,1,0,19.04439926147461,23.89739990234375,1,0,-1.8538999557495117,28.0,2,0,0.3125,0.6875,2,0,0.3199999928474426,0.20000000298023224,3,0,0.0,0.0
38.575,49200,11000,3.666667,0,1.0166666507720947,50,0,2.5,-1,0,10,7,-1.0,-1.0,-1.0,-1.0,6235944,1,2,2,2,0,0,0,1,0,-4.6653265953063965,14.29814338684082,-12.175519943237305,0,0,0,0.0,0,0,7,0,0.45328283309936523,8.914427757263184,1,1182,0,0,0,0,0,0,0,0,0,0,0,1,0,2.0,-26.125,1,0,19.04439926147461,23.89739990234375,1,0,-1.8538999557495117,28.0,2,0,0.3125,0.6875,2,0,0.3199999928474426,0.20000000298023224,3,0,0.0,0.0
38.593,49200,11000,3.666667,0,1.0166666507720947,50,0,2.5,-1,0,10,7,-1.0,-1.0,-1.0,-1.0,6235944,1,2,2,2,0,0,0,1,0,-4.6653265953063965,14.29814338684082,-12.175519943237305,0,0,0,0.0,0,0,7,0,0.45328283309936523,8.914427757263184,1,1184,0,0,0,0,0,0,0,0,0,0,0,1,0,2.0,-26.125,1,0,19.04439926147461,23.89739990234375,1,0,-1.8538999557495117,28.0,2,0,0.3125,0.6875,2,0,0.3199999928474426,0.20000000298023224,3,0,0.0,0.0
38.61,49200,11000,3.666667,0,1.0166666507720947,50,0,2.5,-1,0,10,7,-1.0,-1.0,-1.0,-1.0,6235944,1,2,2,2,0,0,0,1,0,-4.6653265953063965,14.29814338684082,-12.175519943237305,0,0,0,0.0,0,0,7,0,0.45328283309936523,8.914427757263184,1,1186,0,0,0,0,0,0,0,0,0,0,0,1,0,2.0,-26.125,1,0,19.04439926147461,23.89739990234375,1,0,-1.8538999557495117,28.0,2,0,0.3125,0.6875,2,0,0.3199999928474426,0.20000000298023224,3,0,0.0,0.0
38.627,49200,11000,3.666667,0,1.0166666507720947,50,0,2.5,-1,0,10,7,-1.0,-1.0,-1.0,-1.0,6235944,1,2,2,2,0,0,0,1,0,-4.6653265953063965,14.29814338684082,-12.175519943237305,0,0,0,0.0,0,0,7,0,0.45328283309936523,8.914427757263184,1,1188,0,0,0,0,0,0,0,0,0,0,0,1,0,2.0,-26.125,1,0,19.04439926147461,23.89739990234375,1,0,-1.8538999557495117,28.0,2,0,0.3125,0.6875,2,0,0.3199999928474426,0.20000000298023224,3,0,0.0,0.0
38.645,49200,11000,3.666667,0,1.0166666507720947,50,0,2.5,-1,0,10,7,-1.0,-1.0,-1.0,-1.0,6235944,1,2,2,2,0,0,0,1,0,-4.6653265953063965,14.29814338684082,-12.175519943237305,0,0,0,0.0,0,0,7,0,0.45328283309936523,8.914427757263184,1,1190,0,0,0,0,0,0,0,0,0,0,0,1,0,2.0,-26.125,1,0,19.04439926147461,23.89739990234375,1,0,-1.8538999557495117,28.0,2,0,0.3125,0.6875,2,0,0.3199999928474426,0.20000000298023224,3,0,0.0,0.0
38.662,49200,11000,3.666667,0,1.0166666507720947,50,0,2.5,-1,0,10,7,-1.0,-1.0,-1.0,-1.0,6235944,1,2,2,2,0,0,0,1,0,-4.6653265953063965,14.29814338684082,-12.175519943237305,0,0,0,0.0,0,0,7,0,0.45328283309936523,8.914427757263184,1,1192,0,0,0,0,0,0,0,0,0,0,0,1,0,2.0,-26.125,1,0,19.04439926147461,23.89739990234375,1,0,-1.8538999557495117,28.0,2,0,0.3125,0.6875,2,0,0.3199999928474426,0.20000000298023224,3,0,0.0,0.0
38.679,49200,11000,3.666667,0,1.0166666507720947,50,0,2.5,-1,0,10,7,-1.0,-1.0,-1.0,-1.0,6235944,1,2,2,2,0,0,0,1,0,-4.6653265953063965,14.29814338684082,-12.175519943237305,0,0,0,0.0,0,0,7,0,0.45328283309936523,8.914427757263184,1,1194,0,0,0,0,0,0,0,0,0,0,0,1,0,2.0,-26.125,1,0,19.04439926147461,23.89739990234375,1,0,-1.8538999557495117,28.0,2,0,0.3125,0.6875,2,0,0.3199999928474426,0.20000000298023224,3,0,0.0,0.0
38.696,49200,11000,3.666667,0,1.0166666507720947,50,0,2.5,-1,0,10,7,-1.0,-1.0,-1.0,-1.0,6235944,1,2,2,2,0,0,0,1,0,-4.6653265953063965,14.29814338684082,-12.175519943237305,0,0,0,0.0,0,0,7,0,0.45328283309936523,8.914427757263184,1,1196,0,0,0,0,0,0,0,0,0,0,0,1,0,2.0,-26.125,1,0,19.04439926147461,23.89739990234375,1,0,-1.8538999557495117,28.0,2,0,0.3125,0.6875,2,0,0.3199999928474426,0.20000000298023224,3,0,0.0,0.0
38.714,49200,11000,3.666667,0,1.0166666507720947,50,0,2.5,-1,0,10,7,-1.0,-1.0,-1.0,-1.0,6235944,1,2,2,2,0,0,0,1,0,-4.6653265953063965,14.29814338684082,-12.175519943237305,0,0,0,0.0,0,0,7,0,0.45328283309936523,8.914427757263184,1,1198,0,0,0,0,0,0,0,0,0,0,0,1,0,2.0,-26.125,1,0,19.04439926147461,23.89739990234375,1,0,-1.8538999557495117,28.0,2,0,0.3125,0.6875,2,0,0.3199999928474426,0.20000000298023224,3,0,0.0,0.0
38.731,49200,11000,3.666667,0,1.0166666507720947,50,0,2.5,-1,0,10,7,-1.0,-1.0,-1.0,-1.0,6235944,1,2,2,2,0,0,0,1,0,-4.6653265953063965,14.29814338684082,-12.175519943237305,0,0,0,0.0,0,0,7,0,0.45328283309936523,8.914427757263184,1,1200,0,0,0,0,0,0,0,0,0,0,0,1,0,2.0,-26.125,1,0,19.04439926147461,23.89739990234375,1,0,-1.8538999557495117,28.0,2,0,0.3125,0.6875,2,0,0.3199999928474426,0.20000000298023224,3,0,0.0,0.0
38.749,49200,11000,3.666667,0,1.0166666507720947,50,0,2.5,-1,0,10,7,-1.0,-1.0,-1.0,-1.0,6235944,1,2,2,2,0,0,0,1,0,-4.6653265953063965,14.29814338684082,-12.175519943237305,0,0,0,0.0,0,0,7,0,0.45328283309936523,8.914427757263184,1,1202,0,0,0,0,0,0,0,0,0,0,0,1,0,2.0,-26.125,1,0,19.04439926147461,23.89739990234375,1,0,-1.8538999557495117,28.0,2,0,0.3125,0.6875,2,0,0.3199999928474426,0.20000000298023224,3,0,0.0,0.0
38.766,49200,11000,3.666667,0,1.0166666507720947,50,0,2.5,-1,0,10,7,-1.0,-1.0,-1.0,-1.0,6235944,1,2,2,2,0,0,0,1,0,-4.6653265953063965,14.29814338684082,-12.175519943237305,0,0,0,0.0,0,0,7,0,0.45328283309936523,8.914427757263184,1,1204,0,0,0,0,0,0,0,0,0,0,0,1,0,2.0,-26.125,1,0,19.04439926147461,23.89739990234375,1,0,-1.8538999557495117,28.0,2,0,0.3125,0.6875,2,0,0.3199999928474426,0.20000000298023224,3,0,0.0,0.0
38.783,49200,11000,3.666667,0,1.0166666507720947,50,0,2.5,-1,0,10,7,-1.0,-1.0,-1.0,-1.0,6235944,1,2,2,2,0,0,0,1,0,-4.6653265953063965,14.29814338684082,-12.175519943237305,0,0,0,0.0,0,0,7,0,0.45328283309936523,8.914427757263184,1,1206,0,0,0,0,0,0,0,0,0,0,0,1,0,2.0,-26.125,1,0,19.04439926147461,23.89739990234375,1,0,-1.8538999557495117,28.0,2,0,0.3125,0.6875,2,0,0.3199999928474426,0.20000000298023224,3,0,0.0,0.0
38.801,49200,11000,3.666667,0,1.0166666507720947,50,0,2.5,-1,0,10,7,-1.0,-1.0,-1.0,-1.0,6235944,1,2,2,2,0,0,0,1,0,-4.6653265953063965,14.29814338684082,-12.175519943237305,0,0,0,0.0,0,0,7,0,0.45328283309936523,8.914427757263184,1,1208,0,0,0,0,0,0,0,0,0,0,0,1,0,2.0,-26.125,1,0,19.04439926147461,23.89739990234375,1,0,-1.8538999557495117,28.0,2,0,0.3125,0.6875,2,0,0.3199999928474426,0.20000000298023224,3,0,0.0,0.0
38.818,49200,11000,3.666667,0,1.0166666507720947,50,0,2.5,-1,0,10,7,-1.0,-1.0,-1.0,-1.0,6235944,1,2,2,2,0,0,0,1,0,-4.6653265953063965,14.29814338684082,-12.175519943237305,0,0,0,0.0,0,0,7,0,0.45328283309936523,8.914427757263184,1,1210,0,0,0,0,0,0,0,0,0,0,0,1,0,2.0,-26.125,1,0,19.04439926147461,23.89739990234375,1,0,-1.8538999557495117,28.0,2,0,0.3125,0.6875,2,0,0.3199999928474426,0.20000000298023224,3,0,0.0,0.0
38.836,49200,11000,3.666667,0,1.0166666507720947,50,0,2.5,-1,0,10,7,-1.0,-1.0,-1.0,-1.0,6235944,1,2,2,2,0,0,0,1,0,-4.6653265953063965,14.29814338684082,-12.175519943237305,0,0,0,0.0,0,0,7,0,0.45328283309936523,8.914427757263184,1,1212,0,0,0,0,0,0,0,0,0,0,0,1,0,2.0,-26.125,1,0,19.04439926147461,23.89739990234375,1,0,-1.8538999557495117,28.0,2,0,0.3125,0.6875,2,0,0.3199999928474426,0.20000000298023224,3,0,0.0,0.0
38.853,49200,11000,3.666667,0,1.0166666507720947,50,0,2.5,-1,0,10,7,-1.0,-1.0,-1.0,-1.0,6235944,1,2,2,2,0,0,0,1,0,-4.6653265953063965,14.29814338684082,-12.175519943237305,0,0,0,0.0,0,0,7,0,0.45328283309936523,8.914427757263184,1,1216,0,0,0,0,0,0,0,0,0,0,0,1,0,2.0,-26.125,1,0,19.04439926147461,23.89739990234375,1,0,-1.8538999557495117,28.0,2,0,0.3125,0.6875,2,0,0.3199999928474426,0.20000000298023224,3,0,0.0,0.0
38.87,49200,11000,3.666667,0,1.0166666507720947,50,0,2.5,-1,0,10,7,-1.0,-1.0,-1.0,-1.0,6235944,1,2,2,2,0,0,0,1,0,-4.6653265953063965,14.29814338684082,-12.175519943237305,0,0,0,0.0,0,0,7,0,0.45328283309936523,8.914427757263184,1,1218,0,0,0,0,0,0,0,0,0,0,0,1,0,2.0,-26.125,1,0,19.04439926147461,23.89739990234375,1,0,-1.8538999557495117,28.0,2,0,0.3125,0.6875,2,0,0.3199999928474426,0.20000000298023224,3,0,0.0,0.0
38.887,49200,11000,3.666667,0,1.0166666507720947,50,0,2.5,-1,0,10,7,-1.0,-1.0,-1.0,-1.0,6235944,1,2,2,2,0,0,0,1,0,-4.6653265953063965,14.29814338684082,-12.175519943237305,0,0,0,0.0,0,0,7,0,0.45328283309936523,8.914427757263184,1,1220,0,0,0,0,0,0,0,0,0,0,0,1,0,2.0,-26.125,1,0,19.04439926147461,23.89739990234375,1,0,-1.8538999557495117,28.0,2,0,0.3125,0.6875,2,0,0.3199999928474426,0.20000000298023224,3,0,0.0,0.0
38.905,49200,11000,3.666667,0,1.0166666507720947,50,0,2.5,-1,0,10,7,-1.0,-1.0,-1.0,-1.0,6235944,1,2,2,2,0,0,0,1,0,-4.6653265953063965,14.29814338684082,-12.175519943237305,0,0,0,0.0,0,0,7,0,0.45328283309936523,8.914427757263184,1,1222,0,0,0,0,0,0,0,0,0,0,0,1,0,2.0,-26.125,1,0,19.04439926147461,23.89739990234375,1,0,-1.8538999557495117,28.0,2,0,0.3125,0.6875,2,0,0.3199999928474426,0.20000000298023224,3,0,0.0,0.0
38.922,49200,11000,3.666667,0,1.0166666507720947,50,0,2.5,-1,0,10,7,-1.0,-1.0,-1.0,-1.0,6235944,1,2,2,2,0,0,0,1,0,-4.6653265953063965,14.29814338684082,-12.175519943237305,0,0,0,0.0,0,0,7,0,0.45328283309936523,8.914427757263184,1,1224,0,0,0,0,0,0,0,0,0,0,0,1,0,2.0,-26.125,1,0,19.04439926147461,23.89739990234375,1,0,-1.8538999557495117,28.0,2,0,0.3125,0.6875,2,0,0.3199999928474426,0.20000000298023224,3,0,0.0,0.0
38.94,49200,11000,3.666667,0,1.0166666507720947,50,0,2.5,-1,0,10,7,-1.0,-1.0,-1.0,-1.0,6235944,1,2,2,2,0,0,0,1,0,-4.6653265953063965,14.29814338684082,-12.175519943237305,0,0,0,0.0,0,0,7,0,0.45328283309936523,8.914427757263184,1,1226,0,0,0,0,0,0,0,0,0,0,0,1,0,2.0,-26.125,1,0,19.04439926147461,23.89739990234375,1,0,-1.8538999557495117,28.0,2,0,0.3125,0.6875,2,0,0.3199999928474426,0.20000000298023224,3,0,0.0,0.0
38.957,49200,11000,3.666667,0,1.0166666507720947,50,0,2.5,-1,0,10,7,-1.0,-1.0,-1.0,-1.0,6235944,1,2,2,2,0,0,0,1,0,-4.6653265953063965,14.29814338684082,-12.175519943237305,0,0,0,0.0,0,0,7,0,0.45328283309936523,8.914427757263184,1,1228,0,0,0,0,0,0,0,0,0,0,0,1,0,2.0,-26.125,1,0,19.04439926147461,23.89739990234375,1,0,-1.8538999557495117,28.0,2,0,0.3125,0.6875,2,0,0.3199999928474426,0.20000000298023224,3,0,0.0,0.0
38.975,49200,11000,3.666667,0,1.0166666507720947,50,0,2.5,-1,0,10,7,-1.0,-1.0,-1.0,-1.0,6235944,1,2,2,2,0,0,0,1,0,-4.6653265953063965,14.29814338684082,-12.175519943237305,0,0,0,0.0,0,0,7,0,0.45328283309936523,8.914427757263184,1,1230,0,0,0,0,0,0,0,0,0,0,0,1,0,2.0,-26.125,1,0,19.04439926147461,23.89739990234375,1,0,-1.8538999557495117,28.0,2,0,0.3125,0.6875,2,0,0.3199999928474426,0.20000000298023224,3,0,0.0,0.0
38.992,49200,11000,3.666667,0,1.0166666507720947,50,0,2.5,-1,0,10,7,-1.0,-1.0,-1.0,-1.0,6235944,1,2,2,2,0,0,0,1,0,-4.6653265953063965,14.29814338684082,-12.175519943237305,0,0,0,0.0,0,0,7,0,0.45328283309936523,8.914427757263184,1,1232,0,0,0,0,0,0,0,0,0,0,0,1,0,2.0,-26.125,1,0,19.04439926147461,23.89739990234375,1,0,-1.8538999557495117,28.0,2,0,0.3125,0.6875,2,0,0.3199999928474426,0.20000000298023224,3,0,0.0,0.0
39.009,49200,11000,3.666667,0,1.0166666507720947,50,0,2.5,-1,0,10,7,-1.0,-1.0,-1.0,-1.0,6235944,1,2,2,2,0,0,0,1,0,-4.6653265953063965,14.29814338684082,-12.175519943237305,0,0,0,0.0,0,0,7,0,0.45328283309936523,8.914427757263184,1,1234,0,0,0,0,0,0,0,0,0,0,0,1,0,2.0,-26.125,1,0,19.04439926147461,23.89739990234375,1,0,-1.8538999557495117,28.0,2,0,0.3125,0.6875,2,0,0.3199999928474426,0.20000000298023224,3,0,0.0,0.0
39.027,49200,11000,3.666667,0,1.0166666507720947,50,0,2.5,-1,0,10,7,-1.0,-1.0,-1.0,-1.0,6235944,1,2,2,2,0,0,0,1,0,-4.6653265953063965,14.29814338684082,-12.175519943237305,0,0,0,0.0,0,0,7,0,0.45328283309936523,8.914427757263184,1,1236,0,0,0,0,0,0,0,0,0,0,0,1,0,2.0,-26.125,1,0,19.04439926147461,23.89739990234375,1,0,-1.8538999557495117,28.0,2,0,0.3125,0.6875,2,0,0.3199999928474426,0.20000000298023224,3,0,0.0,0.0
39.044,49200,11000,3.666667,0,1.0166666507720947,50,0,2.5,-1,0,10,7,-1.0,-1.0,-1.0,-1.0,6235944,1,2,2,2,0,0,0,1,0,-4.6653265953063965,14.29814338684082,-12.175519943237305,0,0,0,0.0,0,0,7,0,0.45328283309936523,8.914427757263184,1,1238,0,0,0,0,0,0,0,0,0,0,0,1,0,2.0,-26.125,1,0,19.04439926147461,23.89739990234375,1,0,-1.8538999557495117,28.0,2,0,0.3125,0.6875,2,0,0.3199999928474426,0.20000000298023224,3,0,0.0,0.0
39.062,49200,11000,3.666667,0,1.0166666507720947,50,0,2.5,-1,0,10,7,-1.0,-1.0,-1.0,-1.0,6235944,1,2,2,2,0,0,0,1,0,-4.6653265953063965,14.29814338684082,-12.175519943237305,0,0,0,0.0,0,0,7,0,0.45328283309936523,8.914427757263184,1,1240,0,0,0,0,0,0,0,0,0,0,0,1,0,2.0,-26.125,1,0,19.04439926147461,23.89739990234375,1,0,-1.8538999557495117,28.0,2,0,0.3125,0.6875,2,0,0.3199999928474426,0.20000000298023224,3,0,0.0,0.0
39.079,49200,11000,3.666667,0,1.0166666507720947,50,0,2.5,-1,0,10,7,-1.0,-1.0,-1.0,-1.0,6235944,1,2,2,2,0,0,0,1,0,-4.6653265953063965,14.29814338684082,-12.175519943237305,0,0,0,0.0,0,0,7,0,0.45328283309936523,8.914427757263184,1,1242,0,0,0,0,0,0,0,0,0,0,0,1,0,2.0,-26.125,1,0,19.04439926147461,23.89739990234375,1,0,-1.8538999557495117,28.0,2,0,0.3125,0.6875,2,0,0.3199999928474426,0.20000000298023224,3,0,0.0,0.0
39.096,49200,11000,3.666667,0,1.0166666507720947,50,0,2.5,-1,0,10,7,-1.0,-1.0,-1.0,-1.0,6235944,1,2,2,2,0,0,0,1,0,-4.6653265953063965,14.29814338684082,-12.175519943237305,0,0,0,0.0,0,0,7,0,0.45328283309936523,8.914427757263184,1,1244,0,0,0,0,0,0,0,0,0,0,0,1,0,2.0,-26.125,1,0,19.04439926147461,23.89739990234375,1,0,-1.8538999557495117,28.0,2,0,0.3125,0.6875,2,0,0.3199999928474426,0.20000000298023224,3,0,0.0,0.0
39.113,49200,11000,3.666667,0,1.0166666507720947,50,0,2.5,-1,0,10,7,-1.0,-1.0,-1.0,-1.0,6235944,1,2,2,2,0,0,0,1,0,-4.6653265953063965,14.29814338684082,-12.175519943237305,0,0,0,0.0,0,0,7,0,0.45328283309936523,8.914427757263184,1,1246,0,0,0,0,0,0,0,0,0,0,0,1,0,2.0,-26.125,1,0,19.04439926147461,23.89739990234375,1,0,-1.8538999557495117,28.0,2,0,0.3125,0.6875,2,0,0.3199999928474426,0.20000000298023224,3,0,0.0,0.0
39.131,49200,11000,3.666667,0,1.0166666507720947,50,0,2.5,-1,0,10,7,-1.0,-1.0,-1.0,-1.0,6235944,1,2,2,2,0,0,0,1,0,-4.6653265953063965,14.29814338684082,-12.175519943237305,0,0,0,0.0,0,0,7,0,0.45328283309936523,8.914427757263184,1,1248,0,0,0,0,0,0,0,0,0,0,0,1,0,2.0,-26.125,1,0,19.04439926147461,23.89739990234375,1,0,-1.8538999557495117,28.0,2,0,0.3125,0.6875,2,0,0.3199999928474426,0.20000000298023224,3,0,0.0,0.0
39.148,49200,11000,3.666667,0,1.0166666507720947,50,0,2.5,-1,0,10,7,-1.0,-1.0,-1.0,-1.0,6235944,1,2,2,2,0,0,0,1,0,-4.6653265953063965,14.29814338684082,-12.175519943237305,0,0,0,0.0,0,0,7,0,0.45328283309936523,8.914427757263184,1,1250,0,0,0,0,0,0,0,0,0,0,0,1,0,2.0,-26.125,1,0,19.04439926147461,23.89739990234375,1,0,-1.8538999557495117,28.0,2,0,0.3125,0.6875,2,0,0.3199999928474426,0.20000000298023224,3,0,0.0,0.0
39.165,49200,11000,3.666667,0,1.0166666507720947,50,0,2.5,-1,0,10,7,-1.0,-1.0,-1.0,-1.0,6235944,1,2,2,2,0,0,0,1,0,-4.6653265953063965,14.29814338684082,-12.175519943237305,0,0,0,0.0,0,0,7,0,0.45328283309936523,8.914427757263184,1,1252,0,0,0,0,0,0,0,0,0,0,0,1,0,2.0,-26.125,1,0,19.04439926147461,23.89739990234375,1,0,-1.8538999557495117,28.0,2,0,0.3125,0.6875,2,0,0.3199999928474426,0.20000000298023224,3,0,0.0,0.0
39.183,49200,11000,3.666667,0,1.0166666507720947,50,0,2.5,-1,0,10,7,-1.0,-1.0,-1.0,-1.0,6235944,1,2,2,2,0,0,0,1,0,-4.6653265953063965,14.29814338684082,-12.175519943237305,0,0,0,0.0,0,0,7,0,0.45328283309936523,8.914427757263184,1,1254,0,0,0,0,0,0,0,0,0,0,0,1,0,2.0,-26.125,1,0,19.04439926147461,23.89739990234375,1,0,-1.8538999557495117,28.0,2,0,0.3125,0.6875,2,0,0.3199999928474426,0.20000000298023224,3,0,0.0,0.0
39.2,49200,11000,3.666667,0,1.0166666507720947,50,0,2.5,-1,0,10,7,-1.0,-1.0,-1.0,-1.0,6235944,1,2,2,2,0,0,0,1,0,-4.6653265953063965,14.29814338684082,-12.175519943237305,0,0,0,0.0,0,0,7,0,0.45328283309936523,8.914427757263184,1,1256,0,0,0,0,0,0,0,0,0,0,0,1,0,2.0,-26.125,1,0,19.04439926147461,23.89739990234375,1,0,-1.8538999557495117,28.0,2,0,0.3125,0.6875,2,0,0.3199999928474426,0.20000000298023224,3,0,0.0,0.0
39.218,49200,11000,3.666667,0,1.0166666507720947,50,0,2.5,-1,0,10,7,-1.0,-1.0,-1.0,-1.0,6235944,1,2,2,2,0,0,0,1,0,-4.6653265953063965,14.29814338684082,-12.175519943237305,0,0,0,0.0,0,0,7,0,0.45328283309936523,8.914427757263184,1,1258,0,0,0,0,0,0,0,0,0,0,0,1,0,2.0,-26.125,1,0,19.04439926147461,23.89739990234375,1,0,-1.8538999557495117,28.0,2,0,0.3125,0.6875,2,0,0.3199999928474426,0.20000000298023224,3,0,0.0,0.0
39.235,49200,11000,3.666667,0,1.0166666507720947,50,0,2.5,-1,0,10,7,-1.0,-1.0,-1.0,-1.0,6235944,1,2,2,2,0,0,0,1,0,-4.6653265953063965,14.29814338684082,-12.175519943237305,0,0,0,0.0,0,0,7,0,0.45328283309936523,8.914427757263184,1,1260,0,0,0,0,0,0,0,0,0,0,0,1,0,2.0,-26.125,1,0,19.04439926147461,23.89739990234375,1,0,-1.8538999557495117,28.0,2,0,0.3125,0.6875,2,0,0.3199999928474426,0.20000000298023224,3,0,0.0,0.0
39.253,49200,11000,3.666667,0,1.0166666507720947,50,0,2.5,-1,0,10,7,-1.0,-1.0,-1.0,-1.0,6235944,1,2,2,2,0,0,0,1,0,-4.6653265953063965,14.29814338684082,-12.175519943237305,0,0,0,0.0,0,0,7,0,0.45328283309936523,8.914427757263184,1,1262,0,0,0,0,0,0,0,0,0,0,0,1,0,2.0,-26.125,1,0,19.04439926147461,23.89739990234375,1,0,-1.8538999557495117,28.0,2,0,0.3125,0.6875,2,0,0.3199999928474426,0.20000000298023224,3,0,0.0,0.0
39.27,49200,11000,3.666667,0,1.0166666507720947,50,0,2.5,-1,0,10,7,-1.0,-1.0,-1.0,-1.0,6235944,1,2,2,2,0,0,0,1,0,-4.6653265953063965,14.29814338684082,-12.175519943237305,0,0,0,0.0,0,0,7,0,0.45328283309936523,8.914427757263184,1,1266,0,0,0,0,0,0,0,0,0,0,0,1,0,2.0,-26.125,1,0,19.04439926147461,23.89739990234375,1,0,-1.8538999557495117,28.0,2,0,0.3125,0.6875,2,0,0.3199999928474426,0.20000000298023224,3,0,0.0,0.0
39.287,49200,11000,3.666667,0,1.0166666507720947,50,0,2.5,-1,0,10,7,-1.0,-1.0,-1.0,-1.0,6235944,1,2,2,2,0,0,0,1,0,-4.6653265953063965,14.29814338684082,-12.175519943237305,0,0,0,0.0,0,0,7,0,0.45328283309936523,8.914427757263184,1,1268,0,0,0,0,0,0,0,0,0,0,0,1,0,2.0,-26.125,1,0,19.04439926147461,23.89739990234375,1,0,-1.8538999557495117,28.0,2,0,0.3125,0.6875,2,0,0.3199999928474426,0.20000000298023224,3,0,0.0,0.0
39.304,49200,11000,3.666667,0,1.0166666507720947,50,0,2.5,-1,0,10,7,-1.0,-1.0,-1.0,-1.0,6235944,1,2,2,2,0,0,0,1,0,-4.6653265953063965,14.29814338684082,-12.175519943237305,0,0,0,0.0,0,0,7,0,0.45328283309936523,8.914427757263184,1,1270,0,0,0,0,0,0,0,0,0,0,0,1,0,2.0,-26.125,1,0,19.04439926147461,23.89739990234375,1,0,-1.8538999557495117,28.0,2,0,0.3125,0.6875,2,0,0.3199999928474426,0.20000000298023224,3,0,0.0,0.0
39.322,49200,11000,3.666667,0,1.0166666507720947,50,0,2.5,-1,0,10,7,-1.0,-1.0,-1.0,-1.0,6235944,1,2,2,2,0,0,0,1,0,-4.6653265953063965,14.29814338684082,-12.175519943237305,0,0,0,0.0,0,0,7,0,0.45328283309936523,8.914427757263184,1,1272,0,0,0,0,0,0,0,0,0,0,0,1,0,2.0,-26.125,1,0,19.04439926147461,23.89739990234375,1,0,-1.8538999557495117,28.0,2,0,0.3125,0.6875,2,0,0.3199999928474426,0.20000000298023224,3,0,0.0,0.0
39.339,49200,11000,3.666667,0,1.0166666507720947,50,0,2.5,-1,0,10,7,-1.0,-1.0,-1.0,-1.0,6235944,1,2,2,2,0,0,0,1,0,-4.6653265953063965,14.29814338684082,-12.175519943237305,0,0,0,0.0,0,0,7,0,0.45328283309936523,8.914427757263184,1,1274,0,0,0,0,0,0,0,0,0,0,0,1,0,2.0,-26.125,1,0,19.04439926147461,23.89739990234375,1,0,-1.8538999557495117,28.0,2,0,0.3125,0.6875,2,0,0.3199999928474426,0.20000000298023224,3,0,0.0,0.0
39.357,49200,11000,3.666667,0,1.0166666507720947,50,0,2.5,-1,0,10,7,-1.0,-1.0,-1.0,-1.0,6235944,1,2,2,2,0,0,0,1,0,-4.6653265953063965,14.29814338684082,-12.175519943237305,0,0,0,0.0,0,0,7,0,0.45328283309936523,8.914427757263184,1,1276,0,0,0,0,0,0,0,0,0,0,0,1,0,2.0,-26.125,1,0,19.04439926147461,23.89739990234375,1,0,-1.8538999557495117,28.0,2,0,0.3125,0.6875,2,0,0.3199999928474426,0.20000000298023224,3,0,0.0,0.0
39.374,49200,11000,3.666667,0,1.0166666507720947,50,0,2.5,-1,0,10,7,-1.0,-1.0,-1.0,-1.0,6235944,1,2,2,2,0,0,0,1,0,-4.6653265953063965,14.29814338684082,-12.175519943237305,0,0,0,0.0,0,0,7,0,0.45328283309936523,8.914427757263184,1,1278,0,0,0,0,0,0,0,0,0,0,0,1,0,2.0,-26.125,1,0,19.04439926147461,23.89739990234375,1,0,-1.8538999557495117,28.0,2,0,0.3125,0.6875,2,0,0.3199999928474426,0.20000000298023224,3,0,0.0,0.0
39.391,49200,11000,3.666667,0,1.0166666507720947,50,0,2.5,-1,0,10,7,-1.0,-1.0,-1.0,-1.0,6235944,1,2,2,2,0,0,0,1,0,-4.6653265953063965,14.29814338684082,-12.175519943237305,0,0,0,0.0,0,0,7,0,0.45328283309936523,8.914427757263184,1,1280,0,0,0,0,0,0,0,0,0,0,0,1,0,2.0,-26.125,1,0,19.04439926147461,23.89739990234375,1,0,-1.8538999557495117,28.0,2,0,0.3125,0.6875,2,0,0.3199999928474426,0.20000000298023224,3,0,0.0,0.0
39.409,49200,11000,3.666667,0,1.0166666507720947,50,0,2.5,-1,0,10,7,-1.0,-1.0,-1.0,-1.0,6235944,1,2,2,2,0,0,0,1,0,-4.6653265953063965,14.29814338684082,-12.175519943237305,0,0,0,0.0,0,0,7,0,0.45328283309936523,8.914427757263184,1,1282,0,0,0,0,0,0,0,0,0,0,0,1,0,2.0,-26.125,1,0,19.04439926147461,23.89739990234375,1,0,-1.8538999557495117,28.0,2,0,0.3125,0.6875,2,0,0.3199999928474426,0.20000000298023224,3,0,0.0,0.0
39.426,49200,11000,3.666667,0,1.0166666507720947,50,0,2.5,-1,0,10,7,-1.0,-1.0,-1.0,-1.0,6235944,1,2,2,2,0,0,0,1,0,-4.6653265953063965,14.29814338684082,-12.175519943237305,0,0,0,0.0,0,0,7,0,0.45328283309936523,8.914427757263184,1,1284,0,0,0,0,0,0,0,0,0,0,0,1,0,2.0,-26.125,1,0,19.04439926147461,23.89739990234375,1,0,-1.8538999557495117,28.0,2,0,0.3125,0.6875,2,0,0.3199999928474426,0.20000000298023224,3,0,0.0,0.0
39.444,49200,11000,3.666667,0,1.0166666507720947,50,0,2.5,-1,0,10,7,-1.0,-1.0,-1.0,-1.0,6235944,1,2,2,2,0,0,0,1,0,-4.6653265953063965,14.29814338684082,-12.175519943237305,0,0,0,0.0,0,0,7,0,0.45328283309936523,8.914427757263184,1,1286,0,0,0,0,0,0,0,0,0,0,0,1,0,2.0,-26.125,1,0,19.04439926147461,23.89739990234375,1,0,-1.8538999557495117,28.0,2,0,0.3125,0.6875,2,0,0.3199999928474426,0.20000000298023224,3,0,0.0,0.0
39.461,49200,11000,3.666667,0,1.0166666507720947,50,0,2.5,-1,0,10,7,-1.0,-1.0,-1.0,-1.0,6235944,1,2,2,2,0,0,0,1,0,-4.6653265953063965,14.29814338684082,-12.175519943237305,0,0,0,0.0,0,0,7,0,0.45328283309936523,8.914427757263184,1,1288,0,0,0,0,0,0,0,0,0,0,0,1,0,2.0,-26.125,1,0,19.04439926147461,23.89739990234375,1,0,-1.8538999557495117,28.0,2,0,0.3125,0.6875,2,0,0.3199999928474426,0.20000000298023224,3,0,0.0,0.0
39.478,49200,11000,3.666667,0,1.0166666507720947,50,0,2.5,-1,0,10,7,-1.0,-1.0,-1.0,-1.0,6235944,1,2,2,2,0,0,0,1,0,-4.6653265953063965,14.29814338684082,-12.175519943237305,0,0,0,0.0,0,0,7,0,0.45328283309936523,8.914427757263184,1,1290,0,0,0,0,0,0,0,0,0,0,0,1,0,2.0,-26.125,1,0,19.04439926147461,23.89739990234375,1,0,-1.8538999557495117,28.0,2,0,0.3125,0.6875,2,0,0.3199999928474426,0.20000000298023224,3,0,0.0,0.0
39.496,49200,11000,3.666667,0,1.0166666507720947,50,0,2.5,-1,0,10,7,-1.0,-1.0,-1.0,-1.0,6235944,1,2,2,2,0,0,0,1,0,-4.6653265953063965,14.29814338684082,-12.175519943237305,0,0,0,0.0,0,0,7,0,0.45328283309936523,8.914427757263184,1,1292,0,0,0,0,0,0,0,0,0,0,0,1,0,2.0,-26.125,1,0,19.04439926147461,23.89739990234375,1,0,-1.8538999557495117,28.0,2,0,0.3125,0.6875,2,0,0.3199999928474426,0.20000000298023224,3,0,0.0,0.0
39.513,49200,11000,3.666667,0,1.0166666507720947,50,0,2.5,-1,0,10,7,-1.0,-1.0,-1.0,-1.0,6235944,1,2,2,2,0,0,0,1,0,-4.6653265953063965,14.29814338684082,-12.175519943237305,0,0,0,0.0,0,0,7,0,0.45328283309936523,8.914427757263184,1,1294,0,0,0,0,0,0,0,0,0,0,0,1,0,2.0,-26.125,1,0,19.04439926147461,23.89739990234375,1,0,-1.8538999557495117,28.0,2,0,0.3125,0.6875,2,0,0.3199999928474426,0.20000000298023224,3,0,0.0,0.0
39.53,49200,11000,3.666667,0,1.0166666507720947,50,0,2.5,-1,0,10,7,-1.0,-1.0,-1.0,-1.0,6235944,1,2,2,2,0,0,0,1,0,-4.6653265953063965,14.29814338684082,-12.175519943237305,0,0,0,0.0,0,0,7,0,0.45328283309936523,8.914427757263184,1,1296,0,0,0,0,0,0,0,0,0,0,0,1,0,2.0,-26.125,1,0,19.04439926147461,23.89739990234375,1,0,-1.8538999557495117,28.0,2,0,0.3125,0.6875,2,0,0.3199999928474426,0.20000000298023224,3,0,0.0,0.0
39.548,49200,11000,3.666667,0,1.0166666507720947,50,0,2.5,-1,0,10,7,-1.0,-1.0,-1.0,-1.0,6235944,1,2,2,2,0,0,0,1,0,-4.6653265953063965,14.29814338684082,-12.175519943237305,0,0,0,0.0,0,0,7,0,0.45328283309936523,8.914427757263184,1,1298,0,0,0,0,0,0,0,0,0,0,0,1,0,2.0,-26.125,1,0,19.04439926147461,23.89739990234375,1,0,-1.8538999557495117,28.0,2,0,0.3125,0.6875,2,0,0.3199999928474426,0.20000000298023224,3,0,0.0,0.0
39.565,49200,11000,3.666667,0,1.0166666507720947,50,0,2.5,-1,0,10,7,-1.0,-1.0,-1.0,-1.0,6235944,1,2,2,2,0,0,0,1,0,-4.6653265953063965,14.29814338684082,-12.175519943237305,0,0,0,0.0,0,0,7,0,0.45328283309936523,8.914427757263184,1,1300,0,0,0,0,0,0,0,0,0,0,0,1,0,2.0,-26.125,1,0,19.04439926147461,23.89739990234375,1,0,-1.8538999557495117,28.0,2,0,0.3125,0.6875,2,0,0.3199999928474426,0.20000000298023224,3,0,0.0,0.0
39.583,49200,11000,3.666667,0,1.0166666507720947,50,0,2.5,-1,0,10,7,-1.0,-1.0,-1.0,-1.0,6235944,1,2,2,2,0,0,0,1,0,-4.6653265953063965,14.29814338684082,-12.175519943237305,0,0,0,0.0,0,0,7,0,0.45328283309936523,8.914427757263184,1,1302,0,0,0,0,0,0,0,0,0,0,0,1,0,2.0,-26.125,1,0,19.04439926147461,23.89739990234375,1,0,-1.8538999557495117,28.0,2,0,0.3125,0.6875,2,0,0.3199999928474426,0.20000000298023224,3,0,0.0,0.0
39.601,49200,11000,3.666667,0,1.0166666507720947,50,0,2.5,-1,0,10,7,-1.0,-1.0,-1.0,-1.0,6235944,1,2,2,2,0,0,0,1,0,-4.6653265953063965,14.29814338684082,-12.175519943237305,0,0,0,0.0,0,0,7,0,0.45328283309936523,8.914427757263184,1,1304,0,0,0,0,0,0,0,0,0,0,0,1,0,2.0,-26.125,1,0,19.04439926147461,23.89739990234375,1,0,-1.8538999557495117,28.0,2,0,0.3125,0.6875,2,0,0.3199999928474426,0.20000000298023224,3,0,0.0,0.0
39.618,49200,11000,3.666667,0,1.0166666507720947,50,0,2.5,-1,0,10,7,-1.0,-1.0,-1.0,-1.0,6235944,1,2,2,2,0,0,0,1,0,-4.6653265953063965,14.29814338684082,-12.175519943237305,0,0,0,0.0,0,0,7,0,0.45328283309936523,8.914427757263184,1,1306,0,0,0,0,0,0,0,0,0,0,0,1,0,2.0,-26.125,1,0,19.04439926147461,23.89739990234375,1,0,-1.8538999557495117,28.0,2,0,0.3125,0.6875,2,0,0.3199999928474426,0.20000000298023224,3,0,0.0,0.0
39.635,49200,11000,3.666667,0,1.0166666507720947,50,0,2.5,-1,0,10,7,-1.0,-1.0,-1.0,-1.0,6235944,1,2,2,2,0,0,0,1,0,-4.6653265953063965,14.29814338684082,-12.175519943237305,0,0,0,0.0,0,0,7,0,0.45328283309936523,8.914427757263184,1,1308,0,0,0,0,0,0,0,0,0,0,0,1,0,2.0,-26.125,1,0,19.04439926147461,23.89739990234375,1,0,-1.8538999557495117,28.0,2,0,0.3125,0.6875,2,0,0.3199999928474426,0.20000000298023224,3,0,0.0,0.0
39.652,49200,11000,3.666667,0,1.0166666507720947,50,0,2.5,-1,0,10,7,-1.0,-1.0,-1.0,-1.0,6235944,1,2,2,2,0,0,0,1,0,-4.6653265953063965,14.29814338684082,-12.175519943237305,0,0,0,0.0,0,0,7,0,0.45328283309936523,8.914427757263184,1,1310,0,0,0,0,0,0,0,0,0,0,0,1,0,2.0,-26.125,1,0,19.04439926147461,23.89739990234375,1,0,-1.8538999557495117,28.0,2,0,0.3125,0.6875,2,0,0.3199999928474426,0.20000000298023224,3,0,0.0,0.0
39.67,49200,11000,3.666667,0,1.0166666507720947,50,0,2.5,-1,0,10,7,-1.0,-1.0,-1.0,-1.0,6235944,1,2,2,2,0,0,0,1,0,-4.6653265953063965,14.29814338684082,-12.175519943237305,0,0,0,0.0,0,0,7,0,0.45328283309936523,8.914427757263184,1,1314,0,0,0,0,0,0,0,0,0,0,0,1,0,2.0,-26.125,1,0,19.04439926147461,23.89739990234375,1,0,-1.8538999557495117,28.0,2,0,0.3125,0.6875,2,0,0.3199999928474426,0.20000000298023224,3,0,0.0,0.0
39.687,49200,11000,3.666667,0,1.0166666507720947,50,0,2.5,-1,0,10,7,-1.0,-1.0,-1.0,-1.0,6235944,1,2,2,2,0,0,0,1,0,-4.6653265953063965,14.29814338684082,-12.175519943237305,0,0,0,0.0,0,0,7,0,0.45328283309936523,8.914427757263184,1,1316,0,0,0,0,0,0,0,0,0,0,0,1,0,2.0,-26.125,1,0,19.04439926147461,23.89739990234375,1,0,-1.8538999557495117,28.0,2,0,0.3125,0.6875,2,0,0.3199999928474426,0.20000000298023224,3,0,0.0,0.0
39.705,49200,11000,3.666667,0,1.0166666507720947,50,0,2.5,-1,0,10,7,-1.0,-1.0,-1.0,-1.0,6235944,1,2,2,2,0,0,0,1,0,-4.6653265953063965,14.29814338684082,-12.175519943237305,0,0,0,0.0,0,0,7,0,0.45328283309936523,8.914427757263184,1,1318,0,0,0,0,0,0,0,0,0,0,0,1,0,2.0,-26.125,1,0,19.04439926147461,23.89739990234375,1,0,-1.8538999557495117,28.0,2,0,0.3125,0.6875,2,0,0.3199999928474426,0.20000000298023224,3,0,0.0,0.0
39.722,49200,11000,3.666667,0,1.0166666507720947,50,0,2.5,-1,0,10,7,-1.0,-1.0,-1.0,-1.0,6235944,1,2,2,2,0,0,0,1,0,-4.6653265953063965,14.29814338684082,-12.175519943237305,0,0,0,0.0,0,0,7,0,0.45328283309936523,8.914427757263184,1,1320,0,0,0,0,0,0,0,0,0,0,0,1,0,2.0,-26.125,1,0,19.04439926147461,23.89739990234375,1,0,-1.8538999557495117,28.0,2,0,0.3125,0.6875,2,0,0.3199999928474426,0.20000000298023224,3,0,0.0,0.0
39.739,49200,11000,3.666667,0,1.0166666507720947,50,0,2.5,-1,0,10,7,-1.0,-1.0,-1.0,-1.0,6235944,1,2,2,2,0,0,0,1,0,-4.6653265953063965,14.29814338684082,-12.175519943237305,0,0,0,0.0,0,0,7,0,0.45328283309936523,8.914427757263184,1,1322,0,0,0,0,0,0,0,0,0,0,0,1,0,2.0,-26.125,1,0,19.04439926147461,23.89739990234375,1,0,-1.8538999557495117,28.0,2,0,0.3125,0.6875,2,0,0.3199999928474426,0.20000000298023224,3,0,0.0,0.0
39.757,49200,11000,3.666667,0,1.0166666507720947,50,0,2.5,-1,0,10,7,-1.0,-1.0,-1.0,-1.0,6235944,1,2,2,2,0,0,0,1,0,-4.6653265953063965,14.29814338684082,-12.175519943237305,0,0,0,0.0,0,0,7,0,0.45328283309936523,8.914427757263184,1,1324,0,0,0,0,0,0,0,0,0,0,0,1,0,2.0,-26.125,1,0,19.04439926147461,23.89739990234375,1,0,-1.8538999557495117,28.0,2,0,0.3125,0.6875,2,0,0.3199999928474426,0.20000000298023224,3,0,0.0,0.0
39.774,49200,11000,3.666667,0,1.0166666507720947,50,0,2.5,-1,0,10,7,-1.0,-1.0,-1.0,-1.0,6235944,1,2,2,2,0,0,0,1,0,-4.6653265953063965,14.29814338684082,-12.175519943237305,0,0,0,0.0,0,0,7,0,0.45328283309936523,8.914427757263184,1,1326,0,0,0,0,0,0,0,0,0,0,0,1,0,2.0,-26.125,1,0,19.04439926147461,23.89739990234375,1,0,-1.8538999557495117,28.0,2,0,0.3125,0.6875,2,0,0.3199999928474426,0.20000000298023224,3,0,0.0,0.0
39.792,49200,11000,3.666667,0,1.0166666507720947,50,0,2.5,-1,0,10,7,-1.0,-1.0,-1.0,-1.0,6235944,1,2,2,2,0,0,0,1,0,-4.6653265953063965,14.29814338684082,-12.175519943237305,0,0,0,0.0,0,0,7,0,0.45328283309936523,8.914427757263184,1,1328,0,0,0,0,0,0,0,0,0,0,0,1,0,2.0,-26.125,1,0,19.04439926147461,23.89739990234375,1,0,-1.8538999557495117,28.0,2,0,0.3125,0.6875,2,0,0.3199999928474426,0.20000000298023224,3,0,0.0,0.0
39.809,49200,11000,3.666667,0,1.0166666507720947,50,0,2.5,-1,0,10,7,-1.0,-1.0,-1.0,-1.0,6235944,1,2,2,2,0,0,0,1,0,-4.6653265953063965,14.29814338684082,-12.175519943237305,0,0,0,0.0,0,0,7,0,0.45328283309936523,8.914427757263184,1,1330,0,0,0,0,0,0,0,0,0,0,0,1,0,2.0,-26.125,1,0,19.04439926147461,23.89739990234375,1,0,-1.8538999557495117,28.0,2,0,0.3125,0.6875,2,0,0.3199999928474426,0.20000000298023224,3,0,0.0,0.0
39.827,49200,11000,3.666667,0,1.0166666507720947,50,0,2.5,-1,0,10,7,-1.0,-1.0,-1.0,-1.0,6235944,1,2,2,2,0,0,0,1,0,-4.6653265953063965,14.29814338684082,-12.175519943237305,0,0,0,0.0,0,0,7,0,0.45328283309936523,8.914427757263184,1,1332,0,0,0,0,0,0,0,0,0,0,0,1,0,2.0,-26.125,1,0,19.04439926147461,23.89739990234375,1,0,-1.8538999557495117,28.0,2,0,0.3125,0.6875,2,0,0.3199999928474426,0.20000000298023224,3,0,0.0,0.0
39.844,49200,11000,3.666667,0,1.0166666507720947,50,0,2.5,-1,0,10,7,-1.0,-1.0,-1.0,-1.0,6235944,1,2,2,2,0,0,0,1,0,-4.6653265953063965,14.29814338684082,-12.175519943237305,0,0,0,0.0,0,0,7,0,0.45328283309936523,8.914427757263184,1,1334,0,0,0,0,0,0,0,0,0,0,0,1,0,2.0,-26.125,1,0,19.04439926147461,23.89739990234375,1,0,-1.8538999557495117,28.0,2,0,0.3125,0.6875,2,0,0.3199999928474426,0.20000000298023224,3,0,0.0,0.0
39.861,49200,11000,3.666667,0,1.0166666507720947,50,0,2.5,-1,0,10,7,-1.0,-1.0,-1.0,-1.0,6235944,1,2,2,2,0,0,0,1,0,-4.6653265953063965,14.29814338684082,-12.175519943237305,0,0,0,0.0,0,0,7,0,0.45328283309936523,8.914427757263184,1,1336,0,0,0,0,0,0,0,0,0,0,0,1,0,2.0,-26.125,1,0,19.04439926147461,23.89739990234375,1,0,-1.8538999557495117,28.0,2,0,0.3125,0.6875,2,0,0.3199999928474426,0.20000000298023224,3,0,0.0,0.0
39.878,49200,11000,3.666667,0,1.0166666507720947,50,0,2.5,-1,0,10,7,-1.0,-1.0,-1.0,-1.0,6235944,1,2,2,2,0,0,0,1,0,-4.6653265953063965,14.29814338684082,-12.175519943237305,0,0,0,0.0,0,0,7,0,0.45328283309936523,8.914427757263184,1,1338,0,0,0,0,0,0,0,0,0,0,0,1,0,2.0,-26.125,1,0,19.04439926147461,23.89739990234375,1,0,-1.8538999557495117,28.0,2,0,0.3125,0.6875,2,0,0.3199999928474426,0.20000000298023224,3,0,0.0,0.0
39.897,49200,11000,3.666667,0,1.0166666507720947,50,0,2.5,-1,0,10,7,-1.0,-1.0,-1.0,-1.0,6235944,1,2,2,2,0,0,0,1,0,-4.6653265953063965,14.29814338684082,-12.175519943237305,0,0,0,0.0,0,0,7,0,0.45328283309936523,8.914427757263184,1,1340,0,0,0,0,0,0,0,0,0,0,0,1,0,2.0,-26.125,1,0,19.04439926147461,23.89739990234375,1,0,-1.8538999557495117,28.0,2,0,0.3125,0.6875,2,0,0.3199999928474426,0.20000000298023224,3,0,0.0,0.0
39.914,49200,11000,3.666667,0,1.0166666507720947,50,0,2.5,-1,0,10,7,-1.0,-1.0,-1.0,-1.0,6235944,1,2,2,2,0,0,0,1,0,-4.6653265953063965,14.29814338684082,-12.175519943237305,0,0,0,0.0,0,0,7,0,0.45328283309936523,8.914427757263184,1,1342,0,0,0,0,0,0,0,0,0,0,0,1,0,2.0,-26.125,1,0,19.04439926147461,23.89739990234375,1,0,-1.8538999557495117,28.0,2,0,0.3125,0.6875,2,0,0.3199999928474426,0.20000000298023224,3,0,0.0,0.0
39.931,49200,11000,3.666667,0,1.0166666507720947,50,0,2.5,-1,0,10,7,-1.0,-1.0,-1.0,-1.0,6235944,1,2,2,2,0,0,0,1,0,-4.6653265953063965,14.29814338684082,-12.175519943237305,0,0,0,0.0,0,0,7,0,0.45328283309936523,8.914427757263184,1,1344,0,0,0,0,0,0,0,0,0,0,0,1,0,2.0,-26.125,1,0,19.04439926147461,23.89739990234375,1,0,-1.8538999557495117,28.0,2,0,0.3125,0.6875,2,0,0.3199999928474426,0.20000000298023224,3,0,0.0,0.0
39.949,49200,11000,3.666667,0,1.0166666507720947,50,0,2.5,-1,0,10,7,-1.0,-1.0,-1.0,-1.0,6235944,1,2,2,2,0,0,0,1,0,-4.6653265953063965,14.29814338684082,-12.175519943237305,0,0,0,0.0,0,0,7,0,0.45328283309936523,8.914427757263184,1,1346,0,0,0,0,0,0,0,0,0,0,0,1,0,2.0,-26.125,1,0,19.04439926147461,23.89739990234375,1,0,-1.8538999557495117,28.0,2,0,0.3125,0.6875,2,0,0.3199999928474426,0.20000000298023224,3,0,0.0,0.0
39.966,49200,11000,3.666667,0,1.0166666507720947,50,0,2.5,-1,0,10,7,-1.0,-1.0,-1.0,-1.0,6235944,1,2,2,2,0,0,0,1,0,-4.6653265953063965,14.29814338684082,-12.175519943237305,0,0,0,0.0,0,0,7,0,0.45328283309936523,8.914427757263184,1,1348,0,0,0,0,0,0,0,0,0,0,0,1,0,2.0,-26.125,1,0,19.04439926147461,23.89739990234375,1,0,-1.8538999557495117,28.0,2,0,0.3125,0.6875,2,0,0.3199999928474426,0.20000000298023224,3,0,0.0,0.0
39.984,49200,11000,3.666667,0,1.0166666507720947,50,0,2.5,-1,0,10,7,-1.0,-1.0,-1.0,-1.0,6235944,1,2,2,2,0,0,0,1,0,-4.6653265953063965,14.29814338684082,-12.175519943237305,0,0,0,0.0,0,0,7,0,0.45328283309936523,8.914427757263184,1,1350,0,0,0,0,0,0,0,0,0,0,0,1,0,2.0,-26.125,1,0,19.04439926147461,23.89739990234375,1,0,-1.8538999557495117,28.0,2,0,0.3125,0.6875,2,0,0.3199999928474426,0.20000000298023224,3,0,0.0,0.0
40.001,49200,11000,3.666667,0,1.0166666507720947,50,0,2.5,-1,0,10,7,-1.0,-1.0,-1.0,-1.0,6235944,1,2,2,2,0,0,0,1,0,-4.6653265953063965,14.29814338684082,-12.175519943237305,0,0,0,0.0,0,0,7,0,0.45328283309936523,8.914427757263184,1,1352,0,0,0,0,0,0,0,0,0,0,0,1,0,2.0,-26.125,1,0,19.04439926147461,23.89739990234375,1,0,-1.8538999557495117,28.0,2,0,0.3125,0.6875,2,0,0.3199999928474426,0.20000000298023224,3,0,0.0,0.0
40.018,49200,11000,3.666667,0,1.0166666507720947,50,0,2.5,-1,0,10,7,-1.0,-1.0,-1.0,-1.0,6235944,1,2,2,2,0,0,0,1,0,-4.6653265953063965,14.29814338684082,-12.175519943237305,0,0,0,0.0,0,0,7,0,0.45328283309936523,8.914427757263184,1,1354,0,0,0,0,0,0,0,0,0,0,0,1,0,2.0,-26.125,1,0,19.04439926147461,23.89739990234375,1,0,-1.8538999557495117,28.0,2,0,0.3125,0.6875,2,0,0.3199999928474426,0.20000000298023224,3,0,0.0,0.0
40.035,49200,11000,3.666667,0,1.0166666507720947,50,0,2.5,-1,0,10,7,-1.0,-1.0,-1.0,-1.0,6235944,1,2,2,2,0,0,0,1,0,-4.6653265953063965,14.29814338684082,-12.175519943237305,0,0,0,0.0,0,0,7,0,0.45328283309936523,8.914427757263184,1,1356,0,0,0,0,0,0,0,0,0,0,0,1,0,2.0,-26.125,1,0,19.04439926147461,23.89739990234375,1,0,-1.8538999557495117,28.0,2,0,0.3125,0.6875,2,0,0.3199999928474426,0.20000000298023224,3,0,0.0,0.0
40.053,49200,11000,3.666667,0,1.0166666507720947,50,0,2.5,-1,0,10,7,-1.0,-1.0,-1.0,-1.0,6235944,1,2,2,2,0,0,0,1,0,-4.6653265953063965,14.29814338684082,-12.175519943237305,0,0,0,0.0,0,0,7,0,0.45328283309936523,8.914427757263184,1,1358,0,0,0,0,0,0,0,0,0,0,0,1,0,2.0,-26.125,1,0,19.04439926147461,23.89739990234375,1,0,-1.8538999557495117,28.0,2,0,0.3125,0.6875,2,0,0.3199999928474426,0.20000000298023224,3,0,0.0,0.0
40.07,49200,11000,3.666667,0,1.0166666507720947,50,0,2.5,-1,0,10,7,-1.0,-1.0,-1.0,-1.0,6235944,1,2,2,2,0,0,0,1,0,-4.6653265953063965,14.29814338684082,-12.175519943237305,0,0,0,0.0,0,0,7,0,0.45328283309936523,8.914427757263184,1,1362,0,0,0,0,0,0,0,0,0,0,0,1,0,2.0,-26.125,1,0,19.04439926147461,23.89739990234375,1,0,-1.8538999557495117,28.0,2,0,0.3125,0.6875,2,0,0.3199999928474426,0.20000000298023224,3,0,0.0,0.0
40.087,49200,11000,3.666667,0,1.0166666507720947,50,0,2.5,-1,0,10,7,-1.0,-1.0,-1.0,-1.0,6235944,1,2,2,2,0,0,0,1,0,-4.6653265953063965,14.29814338684082,-12.175519943237305,0,0,0,0.0,0,0,7,0,0.45328283309936523,8.914427757263184,1,1364,0,0,0,0,0,0,0,0,0,0,0,1,0,2.0,-26.125,1,0,19.04439926147461,23.89739990234375,1,0,-1.8538999557495117,28.0,2,0,0.3125,0.6875,2,0,0.3199999928474426,0.20000000298023224,3,0,0.0,0.0
40.105,49200,11000,3.666667,0,1.0166666507720947,50,0,2.5,-1,0,10,7,-1.0,-1.0,-1.0,-1.0,6235944,1,2,2,2,0,0,0,1,0,-4.6653265953063965,14.29814338684082,-12.175519943237305,0,0,0,0.0,0,0,7,0,0.45328283309936523,8.914427757263184,1,1366,0,0,0,0,0,0,0,0,0,0,0,1,0,2.0,-26.125,1,0,19.04439926147461,23.89739990234375,1,0,-1.8538999557495117,28.0,2,0,0.3125,0.6875,2,0,0.3199999928474426,0.20000000298023224,3,0,0.0,0.0
40.122,49200,11000,3.666667,0,1.0166666507720947,50,0,2.5,-1,0,10,7,-1.0,-1.0,-1.0,-1.0,6235944,1,2,2,2,0,0,0,1,0,-4.6653265953063965,14.29814338684082,-12.175519943237305,0,0,0,0.0,0,0,7,0,0.45328283309936523,8.914427757263184,1,1368,0,0,0,0,0,0,0,0,0,0,0,1,0,2.0,-26.125,1,0,19.04439926147461,23.89739990234375,1,0,-1.8538999557495117,28.0,2,0,0.3125,0.6875,2,0,0.3199999928474426,0.20000000298023224,3,0,0.0,0.0
40.139,49200,11000,3.666667,0,1.0166666507720947,50,0,2.5,-1,0,10,7,-1.0,-1.0,-1.0,-1.0,6235944,1,2,2,2,0,0,0,1,0,-4.6653265953063965,14.29814338684082,-12.175519943237305,0,0,0,0.0,0,0,7,0,0.45328283309936523,8.914427757263184,1,1370,0,0,0,0,0,0,0,0,0,0,0,1,0,2.0,-26.125,1,0,19.04439926147461,23.89739990234375,1,0,-1.8538999557495117,28.0,2,0,0.3125,0.6875,2,0,0.3199999928474426,0.20000000298023224,3,0,0.0,0.0
40.156,49200,11000,3.666667,0,1.0166666507720947,50,0,2.5,-1,0,10,7,-1.0,-1.0,-1.0,-1.0,6235944,1,2,2,2,0,0,0,1,0,-4.6653265953063965,14.29814338684082,-12.175519943237305,0,0,0,0.0,0,0,7,0,0.45328283309936523,8.914427757263184,1,1372,0,0,0,0,0,0,0,0,0,0,0,1,0,2.0,-26.125,1,0,19.04439926147461,23.89739990234375,1,0,-1.8538999557495117,28.0,2,0,0.3125,0.6875,2,0,0.3199999928474426,0.20000000298023224,3,0,0.0,0.0
40.174,49200,11000,3.666667,0,1.0166666507720947,50,0,2.5,-1,0,10,7,-1.0,-1.0,-1.0,-1.0,6235944,1,2,2,2,0,0,0,1,0,-4.6653265953063965,14.29814338684082,-12.175519943237305,0,0,0,0.0,0,0,7,0,0.45328283309936523,8.914427757263184,1,1374,0,0,0,0,0,0,0,0,0,0,0,1,0,2.0,-26.125,1,0,19.04439926147461,23.89739990234375,1,0,-1.8538999557495117,28.0,2,0,0.3125,0.6875,2,0,0.3199999928474426,0.20000000298023224,3,0,0.0,0.0
40.192,49200,11000,3.666667,0,1.0166666507720947,50,0,2.5,-1,0,10,7,-1.0,-1.0,-1.0,-1.0,6235944,1,2,2,2,0,0,0,1,0,-4.6653265953063965,14.29814338684082,-12.175519943237305,0,0,0,0.0,0,0,7,0,0.45328283309936523,8.914427757263184,1,1376,0,0,0,0,0,0,0,0,0,0,0,1,0,2.0,-26.125,1,0,19.04439926147461,23.89739990234375,1,0,-1.8538999557495117,28.0,2,0,0.3125,0.6875,2,0,0.3199999928474426,0.20000000298023224,3,0,0.0,0.0
40.209,49200,11000,3.666667,0,1.0166666507720947,50,0,2.5,-1,0,10,7,-1.0,-1.0,-1.0,-1.0,6235944,1,2,2,2,0,0,0,1,0,-4.6653265953063965,14.29814338684082,-12.175519943237305,0,0,0,0.0,0,0,7,0,0.45328283309936523,8.914427757263184,1,1378,0,0,0,0,0,0,0,0,0,0,0,1,0,2.0,-26.125,1,0,19.04439926147461,23.89739990234375,1,0,-1.8538999557495117,28.0,2,0,0.3125,0.6875,2,0,0.3199999928474426,0.20000000298023224,3,0,0.0,0.0
40.226,49200,11000,3.666667,0,1.0166666507720947,50,0,2.5,-1,0,10,7,-1.0,-1.0,-1.0,-1.0,6235944,1,2,2,2,0,0,0,1,0,-4.6653265953063965,14.29814338684082,-12.175519943237305,0,0,0,0.0,0,0,7,0,0.45328283309936523,8.914427757263184,1,1380,0,0,0,0,0,0,0,0,0,0,0,1,0,2.0,-26.125,1,0,19.04439926147461,23.89739990234375,1,0,-1.8538999557495117,28.0,2,0,0.3125,0.6875,2,0,0.3199999928474426,0.20000000298023224,3,0,0.0,0.0
40.244,49200,11000,3.666667,0,1.0166666507720947,50,0,2.5,-1,0,10,7,-1.0,-1.0,-1.0,-1.0,6235944,1,2,2,2,0,0,0,1,0,-4.6653265953063965,14.29814338684082,-12.175519943237305,0,0,0,0.0,0,0,7,0,0.45328283309936523,8.914427757263184,1,1382,0,0,0,0,0,0,0,0,0,0,0,1,0,2.0,-26.125,1,0,19.04439926147461,23.89739990234375,1,0,-1.8538999557495117,28.0,2,0,0.3125,0.6875,2,0,0.3199999928474426,0.20000000298023224,3,0,0.0,0.0
40.261,49200,11000,3.666667,0,1.0166666507720947,50,0,2.5,-1,0,10,7,-1.0,-1.0,-1.0,-1.0,6235944,1,2,2,2,0,0,0,1,0,-4.6653265953063965,14.29814338684082,-12.175519943237305,0,0,0,0.0,0,0,7,0,0.45328283309936523,8.914427757263184,1,1384,0,0,0,0,0,0,0,0,0,0,0,1,0,2.0,-26.125,1,0,19.04439926147461,23.89739990234375,1,0,-1.8538999557495117,28.0,2,0,0.3125,0.6875,2,0,0.3199999928474426,0.20000000298023224,3,0,0.0,0.0
40.279,49200,11000,3.666667,0,1.0166666507720947,50,0,2.5,-1,0,10,7,-1.0,-1.0,-1.0,-1.0,6235944,1,2,2,2,0,0,0,1,0,-4.6653265953063965,14.29814338684082,-12.175519943237305,0,0,0,0.0,0,0,7,0,0.45328283309936523,8.914427757263184,1,1386,0,0,0,0,0,0,0,0,0,0,0,1,0,2.0,-26.125,1,0,19.04439926147461,23.89739990234375,1,0,-1.8538999557495117,28.0,2,0,0.3125,0.6875,2,0,0.3199999928474426,0.20000000298023224,3,0,0.0,0.0
40.296,49200,11000,3.666667,0,1.0166666507720947,50,0,2.5,-1,0,10,7,-1.0,-1.0,-1.0,-1.0,6235944,1,2,2,2,0,0,0,1,0,-4.6653265953063965,14.29814338684082,-12.175519943237305,0,0,0,0.0,0,0,7,0,0.45328283309936523,8.914427757263184,1,1388,0,0,0,0,0,0,0,0,0,0,0,1,0,2.0,-26.125,1,0,19.04439926147461,23.89739990234375,1,0,-1.8538999557495117,28.0,2,0,0.3125,0.6875,2,0,0.3199999928474426,0.20000000298023224,3,0,0.0,0.0
40.314,49200,11000,3.666667,0,1.0166666507720947,50,0,2.5,-1,0,10,7,-1.0,-1.0,-1.0,-1.0,6235944,1,2,2,2,0,0,0,1,0,-4.6653265953063965,14.29814338684082,-12.175519943237305,0,0,0,0.0,0,0,7,0,0.45328283309936523,8.914427757263184,1,1390,0,0,0,0,0,0,0,0,0,0,0,1,0,2.0,-26.125,1,0,19.04439926147461,23.89739990234375,1,0,-1.8538999557495117,28.0,2,0,0.3125,0.6875,2,0,0.3199999928474426,0.20000000298023224,3,0,0.0,0.0
40.331,49200,11000,3.666667,0,1.0166666507720947,50,0,2.5,-1,0,10,7,-1.0,-1.0,-1.0,-1.0,6235944,1,2,2,2,0,0,0,1,0,-4.6653265953063965,14.29814338684082,-12.175519943237305,0,0,0,0.0,0,0,7,0,0.45328283309936523,8.914427757263184,1,1392,0,0,0,0,0,0,0,0,0,0,0,1,0,2.0,-26.125,1,0,19.04439926147461,23.89739990234375,1,0,-1.8538999557495117,28.0,2,0,0.3125,0.6875,2,0,0.3199999928474426,0.20000000298023224,3,0,0.0,0.0
40.348,49200,11000,3.666667,0,1.0166666507720947,50,0,2.5,-1,0,10,7,-1.0,-1.0,-1.0,-1.0,6235944,1,2,2,2,0,0,0,1,0,-4.6653265953063965,14.29814338684082,-12.175519943237305,0,0,0,0.0,0,0,7,0,0.45328283309936523,8.914427757263184,1,1394,0,0,0,0,0,0,0,0,0,0,0,1,0,2.0,-26.125,1,0,19.04439926147461,23.89739990234375,1,0,-1.8538999557495117,28.0,2,0,0.3125,0.6875,2,0,0.3199999928474426,0.20000000298023224,3,0,0.0,0.0
40.365,49200,11000,3.666667,0,1.0166666507720947,50,0,2.5,-1,0,10,7,-1.0,-1.0,-1.0,-1.0,6235944,1,2,2,2,0,0,0,1,0,-4.6653265953063965,14.29814338684082,-12.175519943237305,0,0,0,0.0,0,0,7,0,0.45328283309936523,8.914427757263184,1,1396,0,0,0,0,0,0,0,0,0,0,0,1,0,2.0,-26.125,1,0,19.04439926147461,23.89739990234375,1,0,-1.8538999557495117,28.0,2,0,0.3125,0.6875,2,0,0.3199999928474426,0.20000000298023224,3,0,0.0,0.0
40.382,49200,11000,3.666667,0,1.0166666507720947,50,0,2.5,-1,0,10,7,-1.0,-1.0,-1.0,-1.0,6235944,1,2,2,2,0,0,0,1,0,-4.6653265953063965,14.29814338684082,-12.175519943237305,0,0,0,0.0,0,0,7,0,0.45328283309936523,8.914427757263184,1,1398,0,0,0,0,0,0,0,0,0,0,0,1,0,2.0,-26.125,1,0,19.04439926147461,23.89739990234375,1,0,-1.8538999557495117,28.0,2,0,0.3125,0.6875,2,0,0.3199999928474426,0.20000000298023224,3,0,0.0,0.0
40.399,49200,11000,3.666667,0,1.0166666507720947,50,0,2.5,-1,0,10,7,-1.0,-1.0,-1.0,-1.0,6235944,1,2,2,2,0,0,0,1,0,-4.6653265953063965,14.29814338684082,-12.175519943237305,0,0,0,0.0,0,0,7,0,0.45328283309936523,8.914427757263184,1,1400,0,0,0,0,0,0,0,0,0,0,0,1,0,2.0,-26.125,1,0,19.04439926147461,23.89739990234375,1,0,-1.8538999557495117,28.0,2,0,0.3125,0.6875,2,0,0.3199999928474426,0.20000000298023224,3,0,0.0,0.0
40.416,49200,11000,3.666667,0,1.0166666507720947,50,0,2.5,-1,0,10,7,-1.0,-1.0,-1.0,-1.0,6235944,1,2,2,2,0,0,0,1,0,-4.6653265953063965,14.29814338684082,-12.175519943237305,0,0,0,0.0,0,0,7,0,0.45328283309936523,8.914427757263184,1,1402,0,0,0,0,0,0,0,0,0,0,0,1,0,2.0,-26.125,1,0,19.04439926147461,23.89739990234375,1,0,-1.8538999557495117,28.0,2,0,0.3125,0.6875,2,0,0.3199999928474426,0.20000000298023224,3,0,0.0,0.0
40.434,49200,11000,3.666667,0,1.0166666507720947,50,0,2.5,-1,0,10,7,-1.0,-1.0,-1.0,-1.0,6235944,1,2,2,2,0,0,0,1,0,-4.6653265953063965,14.29814338684082,-12.175519943237305,0,0,0,0.0,0,0,7,0,0.45328283309936523,8.914427757263184,1,1404,0,0,0,0,0,0,0,0,0,0,0,1,0,2.0,-26.125,1,0,19.04439926147461,23.89739990234375,1,0,-1.8538999557495117,28.0,2,0,0.3125,0.6875,2,0,0.3199999928474426,0.20000000298023224,3,0,0.0,0.0
40.451,49200,11000,3.666667,0,1.0166666507720947,50,0,2.5,-1,0,10,7,-1.0,-1.0,-1.0,-1.0,6235944,1,2,2,2,0,0,0,1,0,-4.6653265953063965,14.29814338684082,-12.175519943237305,0,0,0,0.0,0,0,7,0,0.45328283309936523,8.914427757263184,1,1406,0,0,0,0,0,0,0,0,0,0,0,1,0,2.0,-26.125,1,0,19.04439926147461,23.89739990234375,1,0,-1.8538999557495117,28.0,2,0,0.3125,0.6875,2,0,0.3199999928474426,0.20000000298023224,3,0,0.0,0.0
40.469,49200,11000,3.666667,0,1.0166666507720947,50,0,2.5,-1,0,10,7,-1.0,-1.0,-1.0,-1.0,6235944,1,2,2,2,0,0,0,1,0,-4.6653265953063965,14.29814338684082,-12.175519943237305,0,0,0,0.0,0,0,7,0,0.45328283309936523,8.914427757263184,1,1408,0,0,0,0,0,0,0,0,0,0,0,1,0,2.0,-26.125,1,0,19.04439926147461,23.89739990234375,1,0,-1.8538999557495117,28.0,2,0,0.3125,0.6875,2,0,0.3199999928474426,0.20000000298023224,3,0,0.0,0.0
40.486,49200,11000,3.666667,0,1.0166666507720947,50,0,2.5,-1,0,10,7,-1.0,-1.0,-1.0,-1.0,6235944,1,2,2,2,0,0,0,1,0,-4.6653265953063965,14.29814338684082,-12.175519943237305,0,0,0,0.0,0,0,7,0,0.45328283309936523,8.914427757263184,1,1412,0,0,0,0,0,0,0,0,0,0,0,1,0,2.0,-26.125,1,0,19.04439926147461,23.89739990234375,1,0,-1.8538999557495117,28.0,2,0,0.3125,0.6875,2,0,0.3199999928474426,0.20000000298023224,3,0,0.0,0.0
40.504,49200,11000,3.666667,0,1.0166666507720947,50,0,2.5,-1,0,10,7,-1.0,-1.0,-1.0,-1.0,6235944,1,2,2,2,0,0,0,1,0,-4.6653265953063965,14.29814338684082,-12.175519943237305,0,0,0,0.0,0,0,7,0,0.45328283309936523,8.914427757263184,1,1414,0,0,0,0,0,0,0,0,0,0,0,1,0,2.0,-26.125,1,0,19.04439926147461,23.89739990234375,1,0,-1.8538999557495117,28.0,2,0,0.3125,0.6875,2,0,0.3199999928474426,0.20000000298023224,3,0,0.0,0.0
40.522,49200,11000,3.666667,0,1.0166666507720947,50,0,2.5,-1,0,10,7,-1.0,-1.0,-1.0,-1.0,6235944,1,2,2,2,0,0,0,1,0,-4.6653265953063965,14.29814338684082,-12.175519943237305,0,0,0,0.0,0,0,7,0,0.45328283309936523,8.914427757263184,1,1416,0,0,0,0,0,0,0,0,0,0,0,1,0,2.0,-26.125,1,0,19.04439926147461,23.89739990234375,1,0,-1.8538999557495117,28.0,2,0,0.3125,0.6875,2,0,0.3199999928474426,0.20000000298023224,3,0,0.0,0.0
40.539,49200,11000,3.666667,0,1.0166666507720947,50,0,2.5,-1,0,10,7,-1.0,-1.0,-1.0,-1.0,6235944,1,2,2,2,0,0,0,1,0,-4.6653265953063965,14.29814338684082,-12.175519943237305,0,0,0,0.0,0,0,7,0,0.45328283309936523,8.914427757263184,1,1418,0,0,0,0,0,0,0,0,0,0,0,1,0,2.0,-26.125,1,0,19.04439926147461,23.89739990234375,1,0,-1.8538999557495117,28.0,2,0,0.3125,0.6875,2,0,0.3199999928474426,0.20000000298023224,3,0,0.0,0.0
40.556,49200,11000,3.666667,0,1.0166666507720947,50,0,2.5,-1,0,10,7,-1.0,-1.0,-1.0,-1.0,6235944,1,2,2,2,0,0,0,1,0,-4.6653265953063965,14.29814338684082,-12.175519943237305,0,0,0,0.0,0,0,7,0,0.45328283309936523,8.914427757263184,1,1420,0,0,0,0,0,0,0,0,0,0,0,1,0,2.0,-26.125,1,0,19.04439926147461,23.89739990234375,1,0,-1.8538999557495117,28.0,2,0,0.3125,0.6875,2,0,0.3199999928474426,0.20000000298023224,3,0,0.0,0.0
40.574,49200,11000,3.666667,0,1.0166666507720947,50,0,2.5,-1,0,10,7,-1.0,-1.0,-1.0,-1.0,6235944,1,2,2,2,0,0,0,1,0,-4.6653265953063965,14.29814338684082,-12.175519943237305,0,0,0,0.0,0,0,7,0,0.45328283309936523,8.914427757263184,1,1422,0,0,0,0,0,0,0,0,0,0,0,1,0,2.0,-26.125,1,0,19.04439926147461,23.89739990234375,1,0,-1.8538999557495117,28.0,2,0,0.3125,0.6875,2,0,0.3199999928474426,0.20000000298023224,3,0,0.0,0.0
40.591,49200,11000,3.666667,0,1.0166666507720947,50,0,2.5,-1,0,10,7,-1.0,-1.0,-1.0,-1.0,6235944,1,2,2,2,0,0,0,1,0,-4.6653265953063965,14.29814338684082,-12.175519943237305,0,0,0,0.0,0,0,7,0,0.45328283309936523,8.914427757263184,1,1424,0,0,0,0,0,0,0,0,0,0,0,1,0,2.0,-26.125,1,0,19.04439926147461,23.89739990234375,1,0,-1.8538999557495117,28.0,2,0,0.3125,0.6875,2,0,0.3199999928474426,0.20000000298023224,3,0,0.0,0.0
40.608,49200,11000,3.666667,0,1.0166666507720947,50,0,2.5,-1,0,10,7,-1.0,-1.0,-1.0,-1.0,6235944,1,2,2,2,0,0,0,1,0,-4.6653265953063965,14.29814338684082,-12.175519943237305,0,0,0,0.0,0,0,7,0,0.45328283309936523,8.914427757263184,1,1426,0,0,0,0,0,0,0,0,0,0,0,1,0,2.0,-26.125,1,0,19.04439926147461,23.89739990234375,1,0,-1.8538999557495117,28.0,2,0,0.3125,0.6875,2,0,0.3199999928474426,0.20000000298023224,3,0,0.0,0.0
40.625,49200,11000,3.666667,0,1.0166666507720947,50,0,2.5,-1,0,10,7,-1.0,-1.0,-1.0,-1.0,6235944,1,2,2,2,0,0,0,1,0,-4.6653265953063965,14.29814338684082,-12.175519943237305,0,0,0,0.0,0,0,7,0,0.45328283309936523,8.914427757263184,1,1428,0,0,0,0,0,0,0,0,0,0,0,1,0,2.0,-26.125,1,0,19.04439926147461,23.89739990234375,1,0,-1.8538999557495117,28.0,2,0,0.3125,0.6875,2,0,0.3199999928474426,0.20000000298023224,3,0,0.0,0.0
40.643,49200,11000,3.666667,0,1.0166666507720947,50,0,2.5,-1,0,10,7,-1.0,-1.0,-1.0,-1.0,6235944,1,2,2,2,0,0,0,1,0,-4.6653265953063965,14.29814338684082,-12.175519943237305,0,0,0,0.0,0,0,7,0,0.45328283309936523,8.914427757263184,1,1430,0,0,0,0,0,0,0,0,0,0,0,1,0,2.0,-26.125,1,0,19.04439926147461,23.89739990234375,1,0,-1.8538999557495117,28.0,2,0,0.3125,0.6875,2,0,0.3199999928474426,0.20000000298023224,3,0,0.0,0.0
40.66,49200,11000,3.666667,0,1.0166666507720947,50,0,2.5,-1,0,10,7,-1.0,-1.0,-1.0,-1.0,6235944,1,2,2,2,0,0,0,1,0,-4.6653265953063965,14.29814338684082,-12.175519943237305,0,0,0,0.0,0,0,7,0,0.45328283309936523,8.914427757263184,1,1432,0,0,0,0,0,0,0,0,0,0,0,1,0,2.0,-26.125,1,0,19.04439926147461,23.89739990234375,1,0,-1.8538999557495117,28.0,2,0,0.3125,0.6875,2,0,0.3199999928474426,0.20000000298023224,3,0,0.0,0.0
40.677,49200,11000,3.666667,0,1.0166666507720947,50,0,2.5,-1,0,10,7,-1.0,-1.0,-1.0,-1.0,6235944,1,2,2,2,0,0,0,1,0,-4.6653265953063965,14.29814338684082,-12.175519943237305,0,0,0,0.0,0,0,7,0,0.45328283309936523,8.914427757263184,1,1434,0,0,0,0,0,0,0,0,0,0,0,1,0,2.0,-26.125,1,0,19.04439926147461,23.89739990234375,1,0,-1.8538999557495117,28.0,2,0,0.3125,0.6875,2,0,0.3199999928474426,0.20000000298023224,3,0,0.0,0.0
40.694,49200,11000,3.666667,0,1.0166666507720947,50,0,2.5,-1,0,10,7,-1.0,-1.0,-1.0,-1.0,6235944,1,2,2,2,0,0,0,1,0,-4.6653265953063965,14.29814338684082,-12.175519943237305,0,0,0,0.0,0,0,7,0,0.45328283309936523,8.914427757263184,1,1436,0,0,0,0,0,0,0,0,0,0,0,1,0,2.0,-26.125,1,0,19.04439926147461,23.89739990234375,1,0,-1.8538999557495117,28.0,2,0,0.3125,0.6875,2,0,0.3199999928474426,0.20000000298023224,3,0,0.0,0.0
40.711,49200,11000,3.666667,0,1.0166666507720947,50,0,2.5,-1,0,10,7,-1.0,-1.0,-1.0,-1.0,6235944,1,2,2,2,0,0,0,1,0,-4.6653265953063965,14.29814338684082,-12.175519943237305,0,0,0,0.0,0,0,7,0,0.45328283309936523,8.914427757263184,1,1438,0,0,0,0,0,0,0,0,0,0,0,1,0,2.0,-26.125,1,0,19.04439926147461,23.89739990234375,1,0,-1.8538999557495117,28.0,2,0,0.3125,0.6875,2,0,0.3199999928474426,0.20000000298023224,3,0,0.0,0.0
40.729,49200,11000,3.666667,0,1.0166666507720947,50,0,2.5,-1,0,10,7,-1.0,-1.0,-1.0,-1.0,6235944,1,2,2,2,0,0,0,1,0,-4.6653265953063965,14.29814338684082,-12.175519943237305,0,0,0,0.0,0,0,7,0,0.45328283309936523,8.914427757263184,1,1440,0,0,0,0,0,0,0,0,0,0,0,1,0,2.0,-26.125,1,0,19.04439926147461,23.89739990234375,1,0,-1.8538999557495117,28.0,2,0,0.3125,0.6875,2,0,0.3199999928474426,0.20000000298023224,3,0,0.0,0.0
40.746,49200,11000,3.666667,0,1.0166666507720947,50,0,2.5,-1,0,10,7,-1.0,-1.0,-1.0,-1.0,6235944,1,2,2,2,0,0,0,1,0,-4.6653265953063965,14.29814338684082,-12.175519943237305,0,0,0,0.0,0,0,7,0,0.45328283309936523,8.914427757263184,1,1442,0,0,0,0,0,0,0,0,0,0,0,1,0,2.0,-26.125,1,0,19.04439926147461,23.89739990234375,1,0,-1.8538999557495117,28.0,2,0,0.3125,0.6875,2,0,0.3199999928474426,0.20000000298023224,3,0,0.0,0.0
40.764,49200,11000,3.666667,0,1.0166666507720947,50,0,2.5,-1,0,10,7,-1.0,-1.0,-1.0,-1.0,6235944,1,2,2,2,0,0,0,1,0,-4.6653265953063965,14.29814338684082,-12.175519943237305,0,0,0,0.0,0,0,7,0,0.45328283309936523,8.914427757263184,1,1444,0,0,0,0,0,0,0,0,0,0,0,1,0,2.0,-26.125,1,0,19.04439926147461,23.89739990234375,1,0,-1.8538999557495117,28.0,2,0,0.3125,0.6875,2,0,0.3199999928474426,0.20000000298023224,3,0,0.0,0.0
40.781,49200,11000,3.666667,0,1.0166666507720947,50,0,2.5,-1,0,10,7,-1.0,-1.0,-1.0,-1.0,6235944,1,2,2,2,0,0,0,1,0,-4.6653265953063965,14.29814338684082,-12.175519943237305,0,0,0,0.0,0,0,7,0,0.45328283309936523,8.914427757263184,1,1446,0,0,0,0,0,0,0,0,0,0,0,1,0,2.0,-26.125,1,0,19.04439926147461,23.89739990234375,1,0,-1.8538999557495117,28.0,2,0,0.3125,0.6875,2,0,0.3199999928474426,0.20000000298023224,3,0,0.0,0.0
40.798,49200,11000,3.666667,0,1.0166666507720947,50,0,2.5,-1,0,10,7,-1.0,-1.0,-1.0,-1.0,6235944,1,2,2,2,0,0,0,1,0,-4.6653265953063965,14.29814338684082,-12.175519943237305,0,0,0,0.0,0,0,7,0,0.45328283309936523,8.914427757263184,1,1448,0,0,0,0,0,0,0,0,0,0,0,1,0,2.0,-26.125,1,0,19.04439926147461,23.89739990234375,1,0,-1.8538999557495117,28.0,2,0,0.3125,0.6875,2,0,0.3199999928474426,0.20000000298023224,3,0,0.0,0.0
40.816,49200,11000,3.666667,0,1.0166666507720947,50,0,2.5,-1,0,10,7,-1.0,-1.0,-1.0,-1.0,6235944,1,2,2,2,0,0,0,1,0,-4.6653265953063965,14.29814338684082,-12.175519943237305,0,0,0,0.0,0,0,7,0,0.45328283309936523,8.914427757263184,1,1450,0,0,0,0,0,0,0,0,0,0,0,1,0,2.0,-26.125,1,0,19.04439926147461,23.89739990234375,1,0,-1.8538999557495117,28.0,2,0,0.3125,0.6875,2,0,0.3199999928474426,0.20000000298023224,3,0,0.0,0.0
40.833,49200,11000,3.666667,0,1.0166666507720947,50,0,2.5,-1,0,10,7,-1.0,-1.0,-1.0,-1.0,6235944,1,2,2,2,0,0,0,1,0,-4.6653265953063965,14.29814338684082,-12.175519943237305,0,0,0,0.0,0,0,7,0,0.45328283309936523,8.914427757263184,1,1452,0,0,0,0,0,0,0,0,0,0,0,1,0,2.0,-26.125,1,0,19.04439926147461,23.89739990234375,1,0,-1.8538999557495117,28.0,2,0,0.3125,0.6875,2,0,0.3199999928474426,0.20000000298023224,3,0,0.0,0.0
40.85,49200,11000,3.666667,0,1.0166666507720947,50,0,2.5,-1,0,10,7,-1.0,-1.0,-1.0,-1.0,6235944,1,2,2,2,0,0,0,1,0,-4.6653265953063965,14.29814338684082,-12.175519943237305,0,0,0,0.0,0,0,7,0,0.45328283309936523,8.914427757263184,1,1454,0,0,0,0,0,0,0,0,0,0,0,1,0,2.0,-26.125,1,0,19.04439926147461,23.89739990234375,1,0,-1.8538999557495117,28.0,2,0,0.3125,0.6875,2,0,0.3199999928474426,0.20000000298023224,3,0,0.0,0.0
40.867,49200,11000,3.666667,0,1.0166666507720947,50,0,2.5,-1,0,10,7,-1.0,-1.0,-1.0,-1.0,6235944,1,2,2,2,0,0,0,1,0,-4.6653265953063965,14.29814338684082,-12.175519943237305,0,0,0,0.0,0,0,7,0,0.45328283309936523,8.914427757263184,1,1456,0,0,0,0,0,0,0,0,0,0,0,1,0,2.0,-26.125,1,0,19.04439926147461,23.89739990234375,1,0,-1.8538999557495117,28.0,2,0,0.3125,0.6875,2,0,0.3199999928474426,0.20000000298023224,3,0,0.0,0.0
40.885,49200,11000,3.666667,0,1.0166666507720947,50,0,2.5,-1,0,10,7,-1.0,-1.0,-1.0,-1.0,6235944,1,2,2,2,0,0,0,1,0,-4.6653265953063965,14.29814338684082,-12.175519943237305,0,0,0,0.0,0,0,7,0,0.45328283309936523,8.914427757263184,1,1458,0,0,0,0,0,0,0,0,0,0,0,1,0,2.0,-26.125,1,0,19.04439926147461,23.89739990234375,1,0,-1.8538999557495117,28.0,2,0,0.3125,0.6875,2,0,0.3199999928474426,0.20000000298023224,3,0,0.0,0.0
40.902,49200,11000,3.666667,0,1.0166666507720947,50,0,2.5,-1,0,10,7,-1.0,-1.0,-1.0,-1.0,6235944,1,2,2,2,0,0,0,1,0,-4.6653265953063965,14.29814338684082,-12.175519943237305,0,0,0,0.0,0,0,7,0,0.45328283309936523,8.914427757263184,1,1460,0,0,0,0,0,0,0,0,0,0,0,1,0,2.0,-26.125,1,0,19.04439926147461,23.89739990234375,1,0,-1.8538999557495117,28.0,2,0,0.3125,0.6875,2,0,0.3199999928474426,0.20000000298023224,3,0,0.0,0.0
40.92,49200,11000,3.666667,0,1.0166666507720947,50,0,2.5,-1,0,10,7,-1.0,-1.0,-1.0,-1.0,6235944,1,2,2,2,0,0,0,1,0,-4.6653265953063965,14.29814338684082,-12.175519943237305,0,0,0,0.0,0,0,7,0,0.45328283309936523,8.914427757263184,1,1464,0,0,0,0,0,0,0,0,0,0,0,1,0,2.0,-26.125,1,0,19.04439926147461,23.89739990234375,1,0,-1.8538999557495117,28.0,2,0,0.3125,0.6875,2,0,0.3199999928474426,0.20000000298023224,3,0,0.0,0.0
40.937,49200,11000,3.666667,0,1.0166666507720947,50,0,2.5,-1,0,10,7,-1.0,-1.0,-1.0,-1.0,6235944,1,2,2,2,0,0,0,1,0,-4.6653265953063965,14.29814338684082,-12.175519943237305,0,0,0,0.0,0,0,7,0,0.45328283309936523,8.914427757263184,1,1466,0,0,0,0,0,0,0,0,0,0,0,1,0,2.0,-26.125,1,0,19.04439926147461,23.89739990234375,1,0,-1.8538999557495117,28.0,2,0,0.3125,0.6875,2,0,0.3199999928474426,0.20000000298023224,3,0,0.0,0.0
40.954,49200,11000,3.666667,0,1.0166666507720947,50,0,2.5,-1,0,10,7,-1.0,-1.0,-1.0,-1.0,6235944,1,2,2,2,0,0,0,1,0,-4.6653265953063965,14.29814338684082,-12.175519943237305,0,0,0,0.0,0,0,7,0,0.45328283309936523,8.914427757263184,1,1468,0,0,0,0,0,0,0,0,0,0,0,1,0,2.0,-26.125,1,0,19.04439926147461,23.89739990234375,1,0,-1.8538999557495117,28.0,2,0,0.3125,0.6875,2,0,0.3199999928474426,0.20000000298023224,3,0,0.0,0.0
40.971,49200,11000,3.666667,0,1.0166666507720947,50,0,2.5,-1,0,10,7,-1.0,-1.0,-1.0,-1.0,6235944,1,2,2,2,0,0,0,1,0,-4.6653265953063965,14.29814338684082,-12.175519943237305,0,0,0,0.0,0,0,7,0,0.45328283309936523,8.914427757263184,1,1470,0,0,0,0,0,0,0,0,0,0,0,1,0,2.0,-26.125,1,0,19.04439926147461,23.89739990234375,1,0,-1.8538999557495117,28.0,2,0,0.3125,0.6875,2,0,0.3199999928474426,0.20000000298023224,3,0,0.0,0.0
40.989,49200,11000,3.666667,0,1.0166666507720947,50,0,2.5,-1,0,10,7,-1.0,-1.0,-1.0,-1.0,6235944,1,2,2,2,0,0,0,1,0,-4.6653265953063965,14.29814338684082,-12.175519943237305,0,0,0,0.0,0,0,7,0,0.45328283309936523,8.914427757263184,1,1472,0,0,0,0,0,0,0,0,0,0,0,1,0,2.0,-26.125,1,0,19.04439926147461,23.89739990234375,1,0,-1.8538999557495117,28.0,2,0,0.3125,0.6875,2,0,0.3199999928474426,0.20000000298023224,3,0,0.0,0.0
41.007,49200,11000,3.666667,0,1.0166666507720947,50,0,2.5,-1,0,10,7,-1.0,-1.0,-1.0,-1.0,6235944,1,2,2,2,0,0,0,1,0,-4.6653265953063965,14.29814338684082,-12.175519943237305,0,0,0,0.0,0,0,7,0,0.45328283309936523,8.914427757263184,1,1474,0,0,0,0,0,0,0,0,0,0,0,1,0,2.0,-26.125,1,0,19.04439926147461,23.89739990234375,1,0,-1.8538999557495117,28.0,2,0,0.3125,0.6875,2,0,0.3199999928474426,0.20000000298023224,3,0,0.0,0.0
41.024,49200,11000,3.666667,0,1.0166666507720947,50,0,2.5,-1,0,10,7,-1.0,-1.0,-1.0,-1.0,6235944,1,2,2,2,0,0,0,1,0,-4.6653265953063965,14.29814338684082,-12.175519943237305,0,0,0,0.0,0,0,7,0,0.45328283309936523,8.914427757263184,1,1476,0,0,0,0,0,0,0,0,0,0,0,1,0,2.0,-26.125,1,0,19.04439926147461,23.89739990234375,1,0,-1.8538999557495117,28.0,2,0,0.3125,0.6875,2,0,0.3199999928474426,0.20000000298023224,3,0,0.0,0.0
41.041,49200,11000,3.666667,0,1.0166666507720947,50,0,2.5,-1,0,10,7,-1.0,-1.0,-1.0,-1.0,6235944,1,2,2,2,0,0,0,1,0,-4.6653265953063965,14.29814338684082,-12.175519943237305,0,0,0,0.0,0,0,7,0,0.45328283309936523,8.914427757263184,1,1478,0,0,0,0,0,0,0,0,0,0,0,1,0,2.0,-26.125,1,0,19.04439926147461,23.89739990234375,1,0,-1.8538999557495117,28.0,2,0,0.3125,0.6875,2,0,0.3199999928474426,0.20000000298023224,3,0,0.0,0.0
41.058,49200,11000,3.666667,0,1.0166666507720947,50,0,2.5,-1,0,10,7,-1.0,-1.0,-1.0,-1.0,6235944,1,2,2,2,0,0,0,1,0,-4.6653265953063965,14.29814338684082,-12.175519943237305,0,0,0,0.0,0,0,7,0,0.45328283309936523,8.914427757263184,1,1480,0,0,0,0,0,0,0,0,0,0,0,1,0,2.0,-26.125,1,0,19.04439926147461,23.89739990234375,1,0,-1.8538999557495117,28.0,2,0,0.3125,0.6875,2,0,0.3199999928474426,0.20000000298023224,3,0,0.0,0.0
41.075,49200,11000,3.666667,0,1.0166666507720947,50,0,2.5,-1,0,10,7,-1.0,-1.0,-1.0,-1.0,6235944,1,2,2,2,0,0,0,1,0,-4.6653265953063965,14.29814338684082,-12.175519943237305,0,0,0,0.0,0,0,7,0,0.45328283309936523,8.914427757263184,1,1482,0,0,0,0,0,0,0,0,0,0,0,1,0,2.0,-26.125,1,0,19.04439926147461,23.89739990234375,1,0,-1.8538999557495117,28.0,2,0,0.3125,0.6875,2,0,0.3199999928474426,0.20000000298023224,3,0,0.0,0.0
41.093,49200,11000,3.666667,0,1.0166666507720947,50,0,2.5,-1,0,10,7,-1.0,-1.0,-1.0,-1.0,6235944,1,2,2,2,0,0,0,1,0,-4.6653265953063965,14.29814338684082,-12.175519943237305,0,0,0,0.0,0,0,7,0,0.45328283309936523,8.914427757263184,1,1484,0,0,0,0,0,0,0,0,0,0,0,1,0,2.0,-26.125,1,0,19.04439926147461,23.89739990234375,1,0,-1.8538999557495117,28.0,2,0,0.3125,0.6875,2,0,0.3199999928474426,0.20000000298023224,3,0,0.0,0.0
41.11,49200,11000,3.666667,0,1.0166666507720947,50,0,2.5,-1,0,10,7,-1.0,-1.0,-1.0,-1.0,6235944,1,2,2,2,0,0,0,1,0,-4.6653265953063965,14.29814338684082,-12.175519943237305,0,0,0,0.0,0,0,7,0,0.45328283309936523,8.914427757263184,1,1486,0,0,0,0,0,0,0,0,0,0,0,1,0,2.0,-26.125,1,0,19.04439926147461,23.89739990234375,1,0,-1.8538999557495117,28.0,2,0,0.3125,0.6875,2,0,0.3199999928474426,0.20000000298023224,3,0,0.0,0.0
41.127,49200,11000,3.666667,0,1.0166666507720947,50,0,2.5,-1,0,10,7,-1.0,-1.0,-1.0,-1.0,6235944,1,2,2,2,0,0,0,1,0,-4.6653265953063965,14.29814338684082,-12.175519943237305,0,0,0,0.0,0,0,7,0,0.45328283309936523,8.914427757263184,1,1488,0,0,0,0,0,0,0,0,0,0,0,1,0,2.0,-26.125,1,0,19.04439926147461,23.89739990234375,1,0,-1.8538999557495117,28.0,2,0,0.3125,0.6875,2,0,0.3199999928474426,0.20000000298023224,3,0,0.0,0.0
41.145,49200,11000,3.666667,0,1.0166666507720947,50,0,2.5,-1,0,10,7,-1.0,-1.0,-1.0,-1.0,6235944,1,2,2,2,0,0,0,1,0,-4.6653265953063965,14.29814338684082,-12.175519943237305,0,0,0,0.0,0,0,7,0,0.45328283309936523,8.914427757263184,1,1490,0,0,0,0,0,0,0,0,0,0,0,1,0,2.0,-26.125,1,0,19.04439926147461,23.89739990234375,1,0,-1.8538999557495117,28.0,2,0,0.3125,0.6875,2,0,0.3199999928474426,0.20000000298023224,3,0,0.0,0.0
41.162,49200,11000,3.666667,0,1.0166666507720947,50,0,2.5,-1,0,10,7,-1.0,-1.0,-1.0,-1.0,6235944,1,2,2,2,0,0,0,1,0,-4.6653265953063965,14.29814338684082,-12.175519943237305,0,0,0,0.0,0,0,7,0,0.45328283309936523,8.914427757263184,1,1492,0,0,0,0,0,0,0,0,0,0,0,1,0,2.0,-26.125,1,0,19.04439926147461,23.89739990234375,1,0,-1.8538999557495117,28.0,2,0,0.3125,0.6875,2,0,0.3199999928474426,0.20000000298023224,3,0,0.0,0.0
41.179,49200,11000,3.666667,0,1.0166666507720947,50,0,2.5,-1,0,10,7,-1.0,-1.0,-1.0,-1.0,6235944,1,2,2,2,0,0,0,1,0,-4.6653265953063965,14.29814338684082,-12.175519943237305,0,0,0,0.0,0,0,7,0,0.45328283309936523,8.914427757263184,1,1494,0,0,0,0,0,0,0,0,0,0,0,1,0,2.0,-26.125,1,0,19.04439926147461,23.89739990234375,1,0,-1.8538999557495117,28.0,2,0,0.3125,0.6875,2,0,0.3199999928474426,0.20000000298023224,3,0,0.0,0.0
41.196,49200,11000,3.666667,0,1.0166666507720947,50,0,2.5,-1,0,10,7,-1.0,-1.0,-1.0,-1.0,6235944,1,2,2,2,0,0,0,1,0,-4.6653265953063965,14.29814338684082,-12.175519943237305,0,0,0,0.0,0,0,7,0,0.45328283309936523,8.914427757263184,1,1496,0,0,0,0,0,0,0,0,0,0,0,1,0,2.0,-26.125,1,0,19.04439926147461,23.89739990234375,1,0,-1.8538999557495117,28.0,2,0,0.3125,0.6875,2,0,0.3199999928474426,0.20000000298023224,3,0,0.0,0.0
41.214,49200,11000,3.666667,0,1.0166666507720947,50,0,2.5,-1,0,10,7,-1.0,-1.0,-1.0,-1.0,6235944,1,2,2,2,0,0,0,1,0,-4.6653265953063965,14.29814338684082,-12.175519943237305,0,0,0,0.0,0,0,7,0,0.45328283309936523,8.914427757263184,1,1498,0,0,0,0,0,0,0,0,0,0,0,1,0,2.0,-26.125,1,0,19.04439926147461,23.89739990234375,1,0,-1.8538999557495117,28.0,2,0,0.3125,0.6875,2,0,0.3199999928474426,0.20000000298023224,3,0,0.0,0.0
41.231,49200,11000,3.666667,0,1.0166666507720947,50,0,2.5,-1,0,10,7,-1.0,-1.0,-1.0,-1.0,6235944,1,2,2,2,0,0,0,1,0,-4.6653265953063965,14.29814338684082,-12.175519943237305,0,0,0,0.0,0,0,7,0,0.45328283309936523,8.914427757263184,1,1500,0,0,0,0,0,0,0,0,0,0,0,1,0,2.0,-26.125,1,0,19.04439926147461,23.89739990234375,1,0,-1.8538999557495117,28.0,2,0,0.3125,0.6875,2,0,0.3199999928474426,0.20000000298023224,3,0,0.0,0.0
41.248,49200,11000,3.666667,0,1.0166666507720947,50,0,2.5,-1,0,10,7,-1.0,-1.0,-1.0,-1.0,6235944,1,2,2,2,0,0,0,1,0,-4.6653265953063965,14.29814338684082,-12.175519943237305,0,0,0,0.0,0,0,7,0,0.45328283309936523,8.914427757263184,1,1502,0,0,0,0,0,0,0,0,0,0,0,1,0,2.0,-26.125,1,0,19.04439926147461,23.89739990234375,1,0,-1.8538999557495117,28.0,2,0,0.3125,0.6875,2,0,0.3199999928474426,0.20000000298023224,3,0,0.0,0.0
41.266,49200,11000,3.666667,0,1.0166666507720947,50,0,2.5,-1,0,10,7,-1.0,-1.0,-1.0,-1.0,6235944,1,2,2,2,0,0,0,1,0,-4.6653265953063965,14.29814338684082,-12.175519943237305,0,0,0,0.0,0,0,7,0,0.45328283309936523,8.914427757263184,1,1504,0,0,0,0,0,0,0,0,0,0,0,1,0,2.0,-26.125,1,0,19.04439926147461,23.89739990234375,1,0,-1.8538999557495117,28.0,2,0,0.3125,0.6875,2,0,0.3199999928474426,0.20000000298023224,3,0,0.0,0.0
41.283,49200,11000,3.666667,0,1.0166666507720947,50,0,2.5,-1,0,10,7,-1.0,-1.0,-1.0,-1.0,6235944,1,2,2,2,0,0,0,1,0,-4.6653265953063965,14.29814338684082,-12.175519943237305,0,0,0,0.0,0,0,7,0,0.45328283309936523,8.914427757263184,1,1506,0,0,0,0,0,0,0,0,0,0,0,1,0,2.0,-26.125,1,0,19.04439926147461,23.89739990234375,1,0,-1.8538999557495117,28.0,2,0,0.3125,0.6875,2,0,0.3199999928474426,0.20000000298023224,3,0,0.0,0.0
41.3,49200,11000,3.666667,0,1.0166666507720947,50,0,2.5,-1,0,10,7,-1.0,-1.0,-1.0,-1.0,6235944,1,2,2,2,0,0,0,1,0,-4.6653265953063965,14.29814338684082,-12.175519943237305,0,0,0,0.0,0,0,7,0,0.45328283309936523,8.914427757263184,1,1508,0,0,0,0,0,0,0,0,0,0,0,1,0,2.0,-26.125,1,0,19.04439926147461,23.89739990234375,1,0,-1.8538999557495117,28.0,2,0,0.3125,0.6875,2,0,0.3199999928474426,0.20000000298023224,3,0,0.0,0.0
41.318,49200,11000,3.666667,0,1.0166666507720947,50,0,2.5,-1,0,10,7,-1.0,-1.0,-1.0,-1.0,6235944,1,2,2,2,0,0,0,1,0,-4.6653265953063965,14.29814338684082,-12.175519943237305,0,0,0,0.0,0,0,7,0,0.45328283309936523,8.914427757263184,1,1510,0,0,0,0,0,0,0,0,0,0,0,1,0,2.0,-26.125,1,0,19.04439926147461,23.89739990234375,1,0,-1.8538999557495117,28.0,2,0,0.3125,0.6875,2,0,0.3199999928474426,0.20000000298023224,3,0,0.0,0.0
41.335,49200,11000,3.666667,0,1.0166666507720947,50,0,2.5,-1,0,10,7,-1.0,-1.0,-1.0,-1.0,6235944,1,2,2,2,0,0,0,1,0,-4.6653265953063965,14.29814338684082,-12.175519943237305,0,0,0,0.0,0,0,7,0,0.45328283309936523,8.914427757263184,1,1512,0,0,0,0,0,0,0,0,0,0,0,1,0,2.0,-26.125,1,0,19.04439926147461,23.89739990234375,1,0,-1.8538999557495117,28.0,2,0,0.3125,0.6875,2,0,0.3199999928474426,0.20000000298023224,3,0,0.0,0.0
41.353,49200,11000,3.666667,0,1.0166666507720947,50,0,2.5,-1,0,10,7,-1.0,-1.0,-1.0,-1.0,6235944,1,2,2,2,0,0,0,1,0,-4.6653265953063965,14.29814338684082,-12.175519943237305,0,0,0,0.0,0,0,7,0,0.45328283309936523,8.914427757263184,1,1514,0,0,0,0,0,0,0,0,0,0,0,1,0,2.0,-26.125,1,0,19.04439926147461,23.89739990234375,1,0,-1.8538999557495117,28.0,2,0,0.3125,0.6875,2,0,0.3199999928474426,0.20000000298023224,3,0,0.0,0.0
41.37,49200,11000,3.666667,0,1.0166666507720947,50,0,2.5,-1,0,10,7,-1.0,-1.0,-1.0,-1.0,6235944,1,2,2,2,0,0,0,1,0,-4.6653265953063965,14.29814338684082,-12.175519943237305,0,0,0,0.0,0,0,7,0,0.45328283309936523,8.914427757263184,1,1518,0,0,0,0,0,0,0,0,0,0,0,1,0,2.0,-26.125,1,0,19.04439926147461,23.89739990234375,1,0,-1.8538999557495117,28.0,2,0,0.3125,0.6875,2,0,0.3199999928474426,0.20000000298023224,3,0,0.0,0.0
41.387,49200,11000,3.666667,0,1.0166666507720947,50,0,2.5,-1,0,10,7,-1.0,-1.0,-1.0,-1.0,6235944,1,2,2,2,0,0,0,1,0,-4.6653265953063965,14.29814338684082,-12.175519943237305,0,0,0,0.0,0,0,7,0,0.45328283309936523,8.914427757263184,1,1520,0,0,0,0,0,0,0,0,0,0,0,1,0,2.0,-26.125,1,0,19.04439926147461,23.89739990234375,1,0,-1.8538999557495117,28.0,2,0,0.3125,0.6875,2,0,0.3199999928474426,0.20000000298023224,3,0,0.0,0.0
41.405,49200,11000,3.666667,0,1.0166666507720947,50,0,2.5,-1,0,10,7,-1.0,-1.0,-1.0,-1.0,6235944,1,2,2,2,0,0,0,1,0,-4.6653265953063965,14.29814338684082,-12.175519943237305,0,0,0,0.0,0,0,7,0,0.45328283309936523,8.914427757263184,1,1522,0,0,0,0,0,0,0,0,0,0,0,1,0,2.0,-26.125,1,0,19.04439926147461,23.89739990234375,1,0,-1.8538999557495117,28.0,2,0,0.3125,0.6875,2,0,0.3199999928474426,0.20000000298023224,3,0,0.0,0.0
41.422,49200,11000,3.666667,0,1.0166666507720947,50,0,2.5,-1,0,10,7,-1.0,-1.0,-1.0,-1.0,6235944,1,2,2,2,0,0,0,1,0,-4.6653265953063965,14.29814338684082,-12.175519943237305,0,0,0,0.0,0,0,7,0,0.45328283309936523,8.914427757263184,1,1524,0,0,0,0,0,0,0,0,0,0,0,1,0,2.0,-26.125,1,0,19.04439926147461,23.89739990234375,1,0,-1.8538999557495117,28.0,2,0,0.3125,0.6875,2,0,0.3199999928474426,0.20000000298023224,3,0,0.0,0.0
41.439,49200,11000,3.666667,0,1.0166666507720947,50,0,2.5,-1,0,10,7,-1.0,-1.0,-1.0,-1.0,6235944,1,2,2,2,0,0,0,1,0,-4.6653265953063965,14.29814338684082,-12.175519943237305,0,0,0,0.0,0,0,7,0,0.45328283309936523,8.914427757263184,1,1526,0,0,0,0,0,0,0,0,0,0,0,1,0,2.0,-26.125,1,0,19.04439926147461,23.89739990234375,1,0,-1.8538999557495117,28.0,2,0,0.3125,0.6875,2,0,0.3199999928474426,0.20000000298023224,3,0,0.0,0.0
41.456,49200,11000,3.666667,0,1.0166666507720947,50,0,2.5,-1,0,10,7,-1.0,-1.0,-1.0,-1.0,6235944,1,2,2,2,0,0,0,1,0,-4.6653265953063965,14.29814338684082,-12.175519943237305,0,0,0,0.0,0,0,7,0,0.45328283309936523,8.914427757263184,1,1528,0,0,0,0,0,0,0,0,0,0,0,1,0,2.0,-26.125,1,0,19.04439926147461,23.89739990234375,1,0,-1.8538999557495117,28.0,2,0,0.3125,0.6875,2,0,0.3199999928474426,0.20000000298023224,3,0,0.0,0.0
41.475,49200,11000,3.666667,0,1.0166666507720947,50,0,2.5,-1,0,10,7,-1.0,-1.0,-1.0,-1.0,6235944,1,2,2,2,0,0,0,1,0,-4.6653265953063965,14.29814338684082,-12.175519943237305,0,0,0,0.0,0,0,7,0,0.45328283309936523,8.914427757263184,1,1530,0,0,0,0,0,0,0,0,0,0,0,1,0,2.0,-26.125,1,0,19.04439926147461,23.89739990234375,1,0,-1.8538999557495117,28.0,2,0,0.3125,0.6875,2,0,0.3199999928474426,0.20000000298023224,3,0,0.0,0.0
41.492,49200,11000,3.666667,0,1.0166666507720947,50,0,2.5,-1,0,10,7,-1.0,-1.0,-1.0,-1.0,6235944,1,2,2,2,0,0,0,1,0,-4.6653265953063965,14.29814338684082,-12.175519943237305,0,0,0,0.0,0,0,7,0,0.45328283309936523,8.914427757263184,1,1532,0,0,0,0,0,0,0,0,0,0,0,1,0,2.0,-26.125,1,0,19.04439926147461,23.89739990234375,1,0,-1.8538999557495117,28.0,2,0,0.3125,0.6875,2,0,0.3199999928474426,0.20000000298023224,3,0,0.0,0.0
41.51,49200,11000,3.666667,0,1.0166666507720947,50,0,2.5,-1,0,10,7,-1.0,-1.0,-1.0,-1.0,6235944,1,2,2,2,0,0,0,1,0,-4.6653265953063965,14.29814338684082,-12.175519943237305,0,0,0,0.0,0,0,7,0,0.45328283309936523,8.914427757263184,1,1534,0,0,0,0,0,0,0,0,0,0,0,1,0,2.0,-26.125,1,0,19.04439926147461,23.89739990234375,1,0,-1.8538999557495117,28.0,2,0,0.3125,0.6875,2,0,0.3199999928474426,0.20000000298023224,3,0,0.0,0.0
41.527,49200,11000,3.666667,0,1.0166666507720947,50,0,2.5,-1,0,10,7,-1.0,-1.0,-1.0,-1.0,6235944,1,2,2,2,0,0,0,1,0,-4.6653265953063965,14.29814338684082,-12.175519943237305,0,0,0,0.0,0,0,7,0,0.45328283309936523,8.914427757263184,1,1536,0,0,0,0,0,0,0,0,0,0,0,1,0,2.0,-26.125,1,0,19.04439926147461,23.89739990234375,1,0,-1.8538999557495117,28.0,2,0,0.3125,0.6875,2,0,0.3199999928474426,0.20000000298023224,3,0,0.0,0.0
41.545,49200,11000,3.666667,0,1.0166666507720947,50,0,2.5,-1,0,10,7,-1.0,-1.0,-1.0,-1.0,6235944,1,2,2,2,0,0,0,1,0,-4.6653265953063965,14.29814338684082,-12.175519943237305,0,0,0,0.0,0,0,7,0,0.45328283309936523,8.914427757263184,1,1538,0,0,0,0,0,0,0,0,0,0,0,1,0,2.0,-26.125,1,0,19.04439926147461,23.89739990234375,1,0,-1.8538999557495117,28.0,2,0,0.3125,0.6875,2,0,0.3199999928474426,0.20000000298023224,3,0,0.0,0.0
41.563,49200,11000,3.666667,0,1.0166666507720947,50,0,2.5,-1,0,10,7,-1.0,-1.0,-1.0,-1.0,6235944,1,2,2,2,0,0,0,1,0,-4.6653265953063965,14.29814338684082,-12.175519943237305,0,0,0,0.0,0,0,7,0,0.45328283309936523,8.914427757263184,1,1540,0,0,0,0,0,0,0,0,0,0,0,1,0,2.0,-26.125,1,0,19.04439926147461,23.89739990234375,1,0,-1.8538999557495117,28.0,2,0,0.3125,0.6875,2,0,0.3199999928474426,0.20000000298023224,3,0,0.0,0.0
41.58,49200,11000,3.666667,0,1.0166666507720947,50,0,2.5,-1,0,10,7,-1.0,-1.0,-1.0,-1.0,6235944,1,2,2,2,0,0,0,1,0,-4.6653265953063965,14.29814338684082,-12.175519943237305,0,0,0,0.0,0,0,7,0,0.45328283309936523,8.914427757263184,1,1542,0,0,0,0,0,0,0,0,0,0,0,1,0,2.0,-26.125,1,0,19.04439926147461,23.89739990234375,1,0,-1.8538999557495117,28.0,2,0,0.3125,0.6875,2,0,0.3199999928474426,0.20000000298023224,3,0,0.0,0.0
41.597,49200,11000,3.666667,0,1.0166666507720947,50,0,2.5,-1,0,10,7,-1.0,-1.0,-1.0,-1.0,6235944,1,2,2,2,0,0,0,1,0,-4.6653265953063965,14.29814338684082,-12.175519943237305,0,0,0,0.0,0,0,7,0,0.45328283309936523,8.914427757263184,1,1544,0,0,0,0,0,0,0,0,0,0,0,1,0,2.0,-26.125,1,0,19.04439926147461,23.89739990234375,1,0,-1.8538999557495117,28.0,2,0,0.3125,0.6875,2,0,0.3199999928474426,0.20000000298023224,3,0,0.0,0.0
41.614,49200,11000,3.666667,0,1.0166666507720947,50,0,2.5,-1,0,10,7,-1.0,-1.0,-1.0,-1.0,6235944,1,2,2,2,0,0,0,1,0,-4.6653265953063965,14.29814338684082,-12.175519943237305,0,0,0,0.0,0,0,7,0,0.45328283309936523,8.914427757263184,1,1546,0,0,0,0,0,0,0,0,0,0,0,1,0,2.0,-26.125,1,0,19.04439926147461,23.89739990234375,1,0,-1.8538999557495117,28.0,2,0,0.3125,0.6875,2,0,0.3199999928474426,0.20000000298023224,3,0,0.0,0.0
41.631,49200,11000,3.666667,0,1.0166666507720947,50,0,2.5,-1,0,10,7,-1.0,-1.0,-1.0,-1.0,6235944,1,2,2,2,0,0,0,1,0,-4.6653265953063965,14.29814338684082,-12.175519943237305,0,0,0,0.0,0,0,7,0,0.45328283309936523,8.914427757263184,1,1548,0,0,0,0,0,0,0,0,0,0,0,1,0,2.0,-26.125,1,0,19.04439926147461,23.89739990234375,1,0,-1.8538999557495117,28.0,2,0,0.3125,0.6875,2,0,0.3199999928474426,0.20000000298023224,3,0,0.0,0.0
41.648,49200,11000,3.666667,0,1.0166666507720947,50,0,2.5,-1,0,10,7,-1.0,-1.0,-1.0,-1.0,6235944,1,2,2,2,0,0,0,1,0,-4.6653265953063965,14.29814338684082,-12.175519943237305,0,0,0,0.0,0,0,7,0,0.45328283309936523,8.914427757263184,1,1550,0,0,0,0,0,0,0,0,0,0,0,1,0,2.0,-26.125,1,0,19.04439926147461,23.89739990234375,1,0,-1.8538999557495117,28.0,2,0,0.3125,0.6875,2,0,0.3199999928474426,0.20000000298023224,3,0,0.0,0.0
41.666,49200,11000,3.666667,0,1.0166666507720947,50,0,2.5,-1,0,10,7,-1.0,-1.0,-1.0,-1.0,6235944,1,2,2,2,0,0,0,1,0,-4.6653265953063965,14.29814338684082,-12.175519943237305,0,0,0,0.0,0,0,7,0,0.45328283309936523,8.914427757263184,1,1552,0,0,0,0,0,0,0,0,0,0,0,1,0,2.0,-26.125,1,0,19.04439926147461,23.89739990234375,1,0,-1.8538999557495117,28.0,2,0,0.3125,0.6875,2,0,0.3199999928474426,0.20000000298023224,3,0,0.0,0.0
41.683,49200,11000,3.666667,0,1.0166666507720947,50,0,2.5,-1,0,10,7,-1.0,-1.0,-1.0,-1.0,6235944,1,2,2,2,0,0,0,1,0,-4.6653265953063965,14.29814338684082,-12.175519943237305,0,0,0,0.0,0,0,7,0,0.45328283309936523,8.914427757263184,1,1554,0,0,0,0,0,0,0,0,0,0,0,1,0,2.0,-26.125,1,0,19.04439926147461,23.89739990234375,1,0,-1.8538999557495117,28.0,2,0,0.3125,0.6875,2,0,0.3199999928474426,0.20000000298023224,3,0,0.0,0.0
41.7,49200,11000,3.666667,0,1.0166666507720947,50,0,2.5,-1,0,10,7,-1.0,-1.0,-1.0,-1.0,6235944,1,2,2,2,0,0,0,1,0,-4.6653265953063965,14.29814338684082,-12.175519943237305,0,0,0,0.0,0,0,7,0,0.45328283309936523,8.914427757263184,1,1556,0,0,0,0,0,0,0,0,0,0,0,1,0,2.0,-26.125,1,0,19.04439926147461,23.89739990234375,1,0,-1.8538999557495117,28.0,2,0,0.3125,0.6875,2,0,0.3199999928474426,0.20000000298023224,3,0,0.0,0.0
41.718,49200,11000,3.666667,0,1.0166666507720947,50,0,2.5,-1,0,10,7,-1.0,-1.0,-1.0,-1.0,6235944,1,2,2,2,0,0,0,1,0,-4.6653265953063965,14.29814338684082,-12.175519943237305,0,0,0,0.0,0,0,7,0,0.45328283309936523,8.914427757263184,1,1558,0,0,0,0,0,0,0,0,0,0,0,1,0,2.0,-26.125,1,0,19.04439926147461,23.89739990234375,1,0,-1.8538999557495117,28.0,2,0,0.3125,0.6875,2,0,0.3199999928474426,0.20000000298023224,3,0,0.0,0.0
41.735,49200,11000,3.666667,0,1.0166666507720947,50,0,2.5,-1,0,10,7,-1.0,-1.0,-1.0,-1.0,6235944,1,2,2,2,0,0,0,1,0,-4.6653265953063965,14.29814338684082,-12.175519943237305,0,0,0,0.0,0,0,7,0,0.45328283309936523,8.914427757263184,1,1560,0,0,0,0,0,0,0,0,0,0,0,1,0,2.0,-26.125,1,0,19.04439926147461,23.89739990234375,1,0,-1.8538999557495117,28.0,2,0,0.3125,0.6875,2,0,0.3199999928474426,0.20000000298023224,3,0,0.0,0.0
41.752,49200,11000,3.666667,0,1.0166666507720947,50,0,2.5,-1,0,10,7,-1.0,-1.0,-1.0,-1.0,6235944,1,2,2,2,0,0,0,1,0,-4.6653265953063965,14.29814338684082,-12.175519943237305,0,0,0,0.0,0,0,7,0,0.45328283309936523,8.914427757263184,1,1562,0,0,0,0,0,0,0,0,0,0,0,1,0,2.0,-26.125,1,0,19.04439926147461,23.89739990234375,1,0,-1.8538999557495117,28.0,2,0,0.3125,0.6875,2,0,0.3199999928474426,0.20000000298023224,3,0,0.0,0.0
41.769,49200,11000,3.666667,0,1.0166666507720947,50,0,2.5,-1,0,10,7,-1.0,-1.0,-1.0,-1.0,6235944,1,2,2,2,0,0,0,1,0,-4.6653265953063965,14.29814338684082,-12.175519943237305,0,0,0,0.0,0,0,7,0,0.45328283309936523,8.914427757263184,1,1564,0,0,0,0,0,0,0,0,0,0,0,1,0,2.0,-26.125,1,0,19.04439926147461,23.89739990234375,1,0,-1.8538999557495117,28.0,2,0,0.3125,0.6875,2,0,0.3199999928474426,0.20000000298023224,3,0,0.0,0.0
41.786,49200,11000,3.666667,0,1.0166666507720947,50,0,2.5,-1,0,10,7,-1.0,-1.0,-1.0,-1.0,6235944,1,2,2,2,0,0,0,1,0,-4.6653265953063965,14.29814338684082,-12.175519943237305,0,0,0,0.0,0,0,7,0,0.45328283309936523,8.914427757263184,1,1568,0,0,0,0,0,0,0,0,0,0,0,1,0,2.0,-26.125,1,0,19.04439926147461,23.89739990234375,1,0,-1.8538999557495117,28.0,2,0,0.3125,0.6875,2,0,0.3199999928474426,0.20000000298023224,3,0,0.0,0.0
41.804,49200,11000,3.666667,0,1.0166666507720947,50,0,2.5,-1,0,10,7,-1.0,-1.0,-1.0,-1.0,6235944,1,2,2,2,0,0,0,1,0,-4.6653265953063965,14.29814338684082,-12.175519943237305,0,0,0,0.0,0,0,7,0,0.45328283309936523,8.914427757263184,1,1570,0,0,0,0,0,0,0,0,0,0,0,1,0,2.0,-26.125,1,0,19.04439926147461,23.89739990234375,1,0,-1.8538999557495117,28.0,2,0,0.3125,0.6875,2,0,0.3199999928474426,0.20000000298023224,3,0,0.0,0.0
41.821,49200,11000,3.666667,0,1.0166666507720947,50,0,2.5,-1,0,10,7,-1.0,-1.0,-1.0,-1.0,6235944,1,2,2,2,0,0,0,1,0,-4.6653265953063965,14.29814338684082,-12.175519943237305,0,0,0,0.0,0,0,7,0,0.45328283309936523,8.914427757263184,1,1572,0,0,0,0,0,0,0,0,0,0,0,1,0,2.0,-26.125,1,0,19.04439926147461,23.89739990234375,1,0,-1.8538999557495117,28.0,2,0,0.3125,0.6875,2,0,0.3199999928474426,0.20000000298023224,3,0,0.0,0.0
41.839,49200,11000,3.666667,0,1.0166666507720947,50,0,2.5,-1,0,10,7,-1.0,-1.0,-1.0,-1.0,6235944,1,2,2,2,0,0,0,1,0,-4.6653265953063965,14.29814338684082,-12.175519943237305,0,0,0,0.0,0,0,7,0,0.45328283309936523,8.914427757263184,1,1574,0,0,0,0,0,0,0,0,0,0,0,1,0,2.0,-26.125,1,0,19.04439926147461,23.89739990234375,1,0,-1.8538999557495117,28.0,2,0,0.3125,0.6875,2,0,0.3199999928474426,0.20000000298023224,3,0,0.0,0.0
41.856,49200,11000,3.666667,0,1.0166666507720947,50,0,2.5,-1,0,10,7,-1.0,-1.0,-1.0,-1.0,6235944,1,2,2,2,0,0,0,1,0,-4.6653265953063965,14.29814338684082,-12.175519943237305,0,0,0,0.0,0,0,7,0,0.45328283309936523,8.914427757263184,1,1576,0,0,0,0,0,0,0,0,0,0,0,1,0,2.0,-26.125,1,0,19.04439926147461,23.89739990234375,1,0,-1.8538999557495117,28.0,2,0,0.3125,0.6875,2,0,0.3199999928474426,0.20000000298023224,3,0,0.0,0.0
41.873,49200,11000,3.666667,0,1.0166666507720947,50,0,2.5,-1,0,10,7,-1.0,-1.0,-1.0,-1.0,6235944,1,2,2,2,0,0,0,1,0,-4.6653265953063965,14.29814338684082,-12.175519943237305,0,0,0,0.0,0,0,7,0,0.45328283309936523,8.914427757263184,1,1578,0,0,0,0,0,0,0,0,0,0,0,1,0,2.0,-26.125,1,0,19.04439926147461,23.89739990234375,1,0,-1.8538999557495117,28.0,2,0,0.3125,0.6875,2,0,0.3199999928474426,0.20000000298023224,3,0,0.0,0.0
41.89,49200,11000,3.666667,0,1.0166666507720947,50,0,2.5,-1,0,10,7,-1.0,-1.0,-1.0,-1.0,6235944,1,2,2,2,0,0,0,1,0,-4.6653265953063965,14.29814338684082,-12.175519943237305,0,0,0,0.0,0,0,7,0,0.45328283309936523,8.914427757263184,1,1580,0,0,0,0,0,0,0,0,0,0,0,1,0,2.0,-26.125,1,0,19.04439926147461,23.89739990234375,1,0,-1.8538999557495117,28.0,2,0,0.3125,0.6875,2,0,0.3199999928474426,0.20000000298023224,3,0,0.0,0.0
41.907,49200,11000,3.666667,0,1.0166666507720947,50,0,2.5,-1,0,10,7,-1.0,-1.0,-1.0,-1.0,6235944,1,2,2,2,0,0,0,1,0,-4.6653265953063965,14.29814338684082,-12.175519943237305,0,0,0,0.0,0,0,7,0,0.45328283309936523,8.914427757263184,1,1582,0,0,0,0,0,0,0,0,0,0,0,1,0,2.0,-26.125,1,0,19.04439926147461,23.89739990234375,1,0,-1.8538999557495117,28.0,2,0,0.3125,0.6875,2,0,0.3199999928474426,0.20000000298023224,3,0,0.0,0.0
41.924,49200,11000,3.666667,0,1.0166666507720947,50,0,2.5,-1,0,10,7,-1.0,-1.0,-1.0,-1.0,6235944,1,2,2,2,0,0,0,1,0,-4.6653265953063965,14.29814338684082,-12.175519943237305,0,0,0,0.0,0,0,7,0,0.45328283309936523,8.914427757263184,1,1584,0,0,0,0,0,0,0,0,0,0,0,1,0,2.0,-26.125,1,0,19.04439926147461,23.89739990234375,1,0,-1.8538999557495117,28.0,2,0,0.3125,0.6875,2,0,0.3199999928474426,0.20000000298023224,3,0,0.0,0.0
41.942,49200,11000,3.666667,0,1.0166666507720947,50,0,2.5,-1,0,10,7,-1.0,-1.0,-1.0,-1.0,6235944,1,2,2,2,0,0,0,1,0,-4.6653265953063965,14.29814338684082,-12.175519943237305,0,0,0,0.0,0,0,7,0,0.45328283309936523,8.914427757263184,1,1586,0,0,0,0,0,0,0,0,0,0,0,1,0,2.0,-26.125,1,0,19.04439926147461,23.89739990234375,1,0,-1.8538999557495117,28.0,2,0,0.3125,0.6875,2,0,0.3199999928474426,0.20000000298023224,3,0,0.0,0.0
41.959,49200,11000,3.666667,0,1.0166666507720947,50,0,2.5,-1,0,10,7,-1.0,-1.0,-1.0,-1.0,6235944,1,2,2,2,0,0,0,1,0,-4.6653265953063965,14.29814338684082,-12.175519943237305,0,0,0,0.0,0,0,7,0,0.45328283309936523,8.914427757263184,1,1588,0,0,0,0,0,0,0,0,0,0,0,1,0,2.0,-26.125,1,0,19.04439926147461,23.89739990234375,1,0,-1.8538999557495117,28.0,2,0,0.3125,0.6875,2,0,0.3199999928474426,0.20000000298023224,3,0,0.0,0.0
41.976,49200,11000,3.666667,0,1.0166666507720947,50,0,2.5,-1,0,10,7,-1.0,-1.0,-1.0,-1.0,6235944,1,2,2,2,0,0,0,1,0,-4.6653265953063965,14.29814338684082,-12.175519943237305,0,0,0,0.0,0,0,7,0,0.45328283309936523,8.914427757263184,1,1590,0,0,0,0,0,0,0,0,0,0,0,1,0,2.0,-26.125,1,0,19.04439926147461,23.89739990234375,1,0,-1.8538999557495117,28.0,2,0,0.3125,0.6875,2,0,0.3199999928474426,0.20000000298023224,3,0,0.0,0.0
41.993,49200,11000,3.666667,0,1.0166666507720947,50,0,2.5,-1,0,10,7,-1.0,-1.0,-1.0,-1.0,6235944,1,2,2,2,0,0,0,1,0,-4.6653265953063965,14.29814338684082,-12.175519943237305,0,0,0,0.0,0,0,7,0,0.45328283309936523,8.914427757263184,1,1592,0,0,0,0,0,0,0,0,0,0,0,1,0,2.0,-26.125,1,0,19.04439926147461,23.89739990234375,1,0,-1.8538999557495117,28.0,2,0,0.3125,0.6875,2,0,0.3199999928474426,0.20000000298023224,3,0,0.0,0.0
42.011,49200,11000,3.666667,0,1.0166666507720947,50,0,2.5,-1,0,10,7,-1.0,-1.0,-1.0,-1.0,6235944,1,2,2,2,0,0,0,1,0,-4.6653265953063965,14.29814338684082,-12.175519943237305,0,0,0,0.0,0,0,7,0,0.45328283309936523,8.914427757263184,1,1594,0,0,0,0,0,0,0,0,0,0,0,1,0,2.0,-26.125,1,0,19.04439926147461,23.89739990234375,1,0,-1.8538999557495117,28.0,2,0,0.3125,0.6875,2,0,0.3199999928474426,0.20000000298023224,3,0,0.0,0.0
42.028,49200,11000,3.666667,0,1.0166666507720947,50,0,2.5,-1,0,10,7,-1.0,-1.0,-1.0,-1.0,6235944,1,2,2,2,0,0,0,1,0,-4.6653265953063965,14.29814338684082,-12.175519943237305,0,0,0,0.0,0,0,7,0,0.45328283309936523,8.914427757263184,1,1596,0,0,0,0,0,0,0,0,0,0,0,1,0,2.0,-26.125,1,0,19.04439926147461,23.89739990234375,1,0,-1.8538999557495117,28.0,2,0,0.3125,0.6875,2,0,0.3199999928474426,0.20000000298023224,3,0,0.0,0.0
42.045,49200,11000,3.666667,0,1.0166666507720947,50,0,2.5,-1,0,10,7,-1.0,-1.0,-1.0,-1.0,6235944,1,2,2,2,0,0,0,1,0,-4.6653265953063965,14.29814338684082,-12.175519943237305,0,0,0,0.0,0,0,7,0,0.45328283309936523,8.914427757263184,1,1598,0,0,0,0,0,0,0,0,0,0,0,1,0,2.0,-26.125,1,0,19.04439926147461,23.89739990234375,1,0,-1.8538999557495117,28.0,2,0,0.3125,0.6875,2,0,0.3199999928474426,0.20000000298023224,3,0,0.0,0.0
42.063,49200,11000,3.666667,0,1.0166666507720947,50,0,2.5,-1,0,10,7,-1.0,-1.0,-1.0,-1.0,6235944,1,2,2,2,0,0,0,1,0,-4.6653265953063965,14.29814338684082,-12.175519943237305,0,0,0,0.0,0,0,7,0,0.45328283309936523,8.914427757263184,1,1600,0,0,0,0,0,0,0,0,0,0,0,1,0,2.0,-26.125,1,0,19.04439926147461,23.89739990234375,1,0,-1.8538999557495117,28.0,2,0,0.3125,0.6875,2,0,0.3199999928474426,0.20000000298023224,3,0,0.0,0.0
42.08,49200,11000,3.666667,0,1.0166666507720947,50,0,2.5,-1,0,10,7,-1.0,-1.0,-1.0,-1.0,6235944,1,2,2,2,0,0,0,1,0,-4.6653265953063965,14.29814338684082,-12.175519943237305,0,0,0,0.0,0,0,7,0,0.45328283309936523,8.914427757263184,1,1602,0,0,0,0,0,0,0,0,0,0,0,1,0,2.0,-26.125,1,0,19.04439926147461,23.89739990234375,1,0,-1.8538999557495117,28.0,2,0,0.3125,0.6875,2,0,0.3199999928474426,0.20000000298023224,3,0,0.0,0.0
42.098,49200,11000,3.666667,0,1.0166666507720947,50,0,2.5,-1,0,10,7,-1.0,-1.0,-1.0,-1.0,6235944,1,2,2,2,0,0,0,1,0,-4.6653265953063965,14.29814338684082,-12.175519943237305,0,0,0,0.0,0,0,7,0,0.45328283309936523,8.914427757263184,1,1604,0,0,0,0,0,0,0,0,0,0,0,1,0,2.0,-26.125,1,0,19.04439926147461,23.89739990234375,1,0,-1.8538999557495117,28.0,2,0,0.3125,0.6875,2,0,0.3199999928474426,0.20000000298023224,3,0,0.0,0.0
42.115,49200,11000,3.666667,0,1.0166666507720947,50,0,2.5,-1,0,10,7,-1.0,-1.0,-1.0,-1.0,6235944,1,2,2,2,0,0,0,1,0,-4.6653265953063965,14.29814338684082,-12.175519943237305,0,0,0,0.0,0,0,7,0,0.45328283309936523,8.914427757263184,1,1606,0,0,0,0,0,0,0,0,0,0,0,1,0,2.0,-26.125,1,0,19.04439926147461,23.89739990234375,1,0,-1.8538999557495117,28.0,2,0,0.3125,0.6875,2,0,0.3199999928474426,0.20000000298023224,3,0,0.0,0.0
42.133,49200,11000,3.666667,0,1.0166666507720947,50,0,2.5,-1,0,10,7,-1.0,-1.0,-1.0,-1.0,6235944,1,2,2,2,0,0,0,1,0,-4.6653265953063965,14.29814338684082,-12.175519943237305,0,0,0,0.0,0,0,7,0,0.45328283309936523,8.914427757263184,1,1608,0,0,0,0,0,0,0,0,0,0,0,1,0,2.0,-26.125,1,0,19.04439926147461,23.89739990234375,1,0,-1.8538999557495117,28.0,2,0,0.3125,0.6875,2,0,0.3199999928474426,0.20000000298023224,3,0,0.0,0.0
42.15,49200,11000,3.666667,0,1.0166666507720947,50,0,2.5,-1,0,10,7,-1.0,-1.0,-1.0,-1.0,6235944,1,2,2,2,0,0,0,1,0,-4.6653265953063965,14.29814338684082,-12.175519943237305,0,0,0,0.0,0,0,7,0,0.45328283309936523,8.914427757263184,1,1610,0,0,0,0,0,0,0,0,0,0,0,1,0,2.0,-26.125,1,0,19.04439926147461,23.89739990234375,1,0,-1.8538999557495117,28.0,2,0,0.3125,0.6875,2,0,0.3199999928474426,0.20000000298023224,3,0,0.0,0.0
42.168,49200,11000,3.666667,0,1.0166666507720947,50,0,2.5,-1,0,10,7,-1.0,-1.0,-1.0,-1.0,6235944,1,2,2,2,0,0,0,1,0,-4.6653265953063965,14.29814338684082,-12.175519943237305,0,0,0,0.0,0,0,7,0,0.45328283309936523,8.914427757263184,1,1612,0,0,0,0,0,0,0,0,0,0,0,1,0,2.0,-26.125,1,0,19.04439926147461,23.89739990234375,1,0,-1.8538999557495117,28.0,2,0,0.3125,0.6875,2,0,0.3199999928474426,0.20000000298023224,3,0,0.0,0.0
42.185,49200,11000,3.666667,0,1.0166666507720947,50,0,2.5,-1,0,10,7,-1.0,-1.0,-1.0,-1.0,6235944,1,2,2,2,0,0,0,1,0,-4.6653265953063965,14.29814338684082,-12.175519943237305,0,0,0,0.0,0,0,7,0,0.45328283309936523,8.914427757263184,1,1614,0,0,0,0,0,0,0,0,0,0,0,1,0,2.0,-26.125,1,0,19.04439926147461,23.89739990234375,1,0,-1.8538999557495117,28.0,2,0,0.3125,0.6875,2,0,0.3199999928474426,0.20000000298023224,3,0,0.0,0.0
42.203,49200,11000,3.666667,0,1.0166666507720947,50,0,2.5,-1,0,10,7,-1.0,-1.0,-1.0,-1.0,6235944,1,2,2,2,0,0,0,1,0,-4.6653265953063965,14.29814338684082,-12.175519943237305,0,0,0,0.0,0,0,7,0,0.45328283309936523,8.914427757263184,1,1618,0,0,0,0,0,0,0,0,0,0,0,1,0,2.0,-26.125,1,0,19.04439926147461,23.89739990234375,1,0,-1.8538999557495117,28.0,2,0,0.3125,0.6875,2,0,0.3199999928474426,0.20000000298023224,3,0,0.0,0.0
42.221,49200,11000,3.666667,0,1.0166666507720947,50,0,2.5,-1,0,10,7,-1.0,-1.0,-1.0,-1.0,6235944,1,2,2,2,0,0,0,1,0,-4.6653265953063965,14.29814338684082,-12.175519943237305,0,0,0,0.0,0,0,7,0,0.45328283309936523,8.914427757263184,1,1620,0,0,0,0,0,0,0,0,0,0,0,1,0,2.0,-26.125,1,0,19.04439926147461,23.89739990234375,1,0,-1.8538999557495117,28.0,2,0,0.3125,0.6875,2,0,0.3199999928474426,0.20000000298023224,3,0,0.0,0.0
42.238,49200,11000,3.666667,0,1.0166666507720947,50,0,2.5,-1,0,10,7,-1.0,-1.0,-1.0,-1.0,6235944,1,2,2,2,0,0,0,1,0,-4.6653265953063965,14.29814338684082,-12.175519943237305,0,0,0,0.0,0,0,7,0,0.45328283309936523,8.914427757263184,1,1622,0,0,0,0,0,0,0,0,0,0,0,1,0,2.0,-26.125,1,0,19.04439926147461,23.89739990234375,1,0,-1.8538999557495117,28.0,2,0,0.3125,0.6875,2,0,0.3199999928474426,0.20000000298023224,3,0,0.0,0.0
42.255,49200,11000,3.666667,0,1.0166666507720947,50,0,2.5,-1,0,10,7,-1.0,-1.0,-1.0,-1.0,6235944,1,2,2,2,0,0,0,1,0,-4.6653265953063965,14.29814338684082,-12.175519943237305,0,0,0,0.0,0,0,7,0,0.45328283309936523,8.914427757263184,1,1624,0,0,0,0,0,0,0,0,0,0,0,1,0,2.0,-26.125,1,0,19.04439926147461,23.89739990234375,1,0,-1.8538999557495117,28.0,2,0,0.3125,0.6875,2,0,0.3199999928474426,0.20000000298023224,3,0,0.0,0.0
42.273,49200,11000,3.666667,0,1.0166666507720947,50,0,2.5,-1,0,10,7,-1.0,-1.0,-1.0,-1.0,6235944,1,2,2,2,0,0,0,1,0,-4.6653265953063965,14.29814338684082,-12.175519943237305,0,0,0,0.0,0,0,7,0,0.45328283309936523,8.914427757263184,1,1626,0,0,0,0,0,0,0,0,0,0,0,1,0,2.0,-26.125,1,0,19.04439926147461,23.89739990234375,1,0,-1.8538999557495117,28.0,2,0,0.3125,0.6875,2,0,0.3199999928474426,0.20000000298023224,3,0,0.0,0.0
42.29,49200,11000,3.666667,0,1.0166666507720947,50,0,2.5,-1,0,10,7,-1.0,-1.0,-1.0,-1.0,6235944,1,2,2,2,0,0,0,1,0,-4.6653265953063965,14.29814338684082,-12.175519943237305,0,0,0,0.0,0,0,7,0,0.45328283309936523,8.914427757263184,1,1628,0,0,0,0,0,0,0,0,0,0,0,1,0,2.0,-26.125,1,0,19.04439926147461,23.89739990234375,1,0,-1.8538999557495117,28.0,2,0,0.3125,0.6875,2,0,0.3199999928474426,0.20000000298023224,3,0,0.0,0.0
42.307,49200,11000,3.666667,0,1.0166666507720947,50,0,2.5,-1,0,10,7,-1.0,-1.0,-1.0,-1.0,6235944,1,2,2,2,0,0,0,1,0,-4.6653265953063965,14.29814338684082,-12.175519943237305,0,0,0,0.0,0,0,7,0,0.45328283309936523,8.914427757263184,1,1630,0,0,0,0,0,0,0,0,0,0,0,1,0,2.0,-26.125,1,0,19.04439926147461,23.89739990234375,1,0,-1.8538999557495117,28.0,2,0,0.3125,0.6875,2,0,0.3199999928474426,0.20000000298023224,3,0,0.0,0.0
42.325,49200,11000,3.666667,0,1.0166666507720947,50,0,2.5,-1,0,10,7,-1.0,-1.0,-1.0,-1.0,6235944,1,2,2,2,0,0,0,1,0,-4.6653265953063965,14.29814338684082,-12.175519943237305,0,0,0,0.0,0,0,7,0,0.45328283309936523,8.914427757263184,1,1632,0,0,0,0,0,0,0,0,0,0,0,1,0,2.0,-26.125,1,0,19.04439926147461,23.89739990234375,1,0,-1.8538999557495117,28.0,2,0,0.3125,0.6875,2,0,0.3199999928474426,0.20000000298023224,3,0,0.0,0.0
42.342,49200,11000,3.666667,0,1.0166666507720947,50,0,2.5,-1,0,10,7,-1.0,-1.0,-1.0,-1.0,6235944,1,2,2,2,0,0,0,1,0,-4.6653265953063965,14.29814338684082,-12.175519943237305,0,0,0,0.0,0,0,7,0,0.45328283309936523,8.914427757263184,1,1634,0,0,0,0,0,0,0,0,0,0,0,1,0,2.0,-26.125,1,0,19.04439926147461,23.89739990234375,1,0,-1.8538999557495117,28.0,2,0,0.3125,0.6875,2,0,0.3199999928474426,0.20000000298023224,3,0,0.0,0.0
42.36,49200,11000,3.666667,0,1.0166666507720947,50,0,2.5,-1,0,10,7,-1.0,-1.0,-1.0,-1.0,6235944,1,2,2,2,0,0,0,1,0,-4.6653265953063965,14.29814338684082,-12.175519943237305,0,0,0,0.0,0,0,7,0,0.45328283309936523,8.914427757263184,1,1636,0,0,0,0,0,0,0,0,0,0,0,1,0,2.0,-26.125,1,0,19.04439926147461,23.89739990234375,1,0,-1.8538999557495117,28.0,2,0,0.3125,0.6875,2,0,0.3199999928474426,0.20000000298023224,3,0,0.0,0.0
42.377,49200,11000,3.666667,0,1.0166666507720947,50,0,2.5,-1,0,10,7,-1.0,-1.0,-1.0,-1.0,6235944,1,2,2,2,0,0,0,1,0,-4.6653265953063965,14.29814338684082,-12.175519943237305,0,0,0,0.0,0,0,7,0,0.45328283309936523,8.914427757263184,1,1638,0,0,0,0,0,0,0,0,0,0,0,1,0,2.0,-26.125,1,0,19.04439926147461,23.89739990234375,1,0,-1.8538999557495117,28.0,2,0,0.3125,0.6875,2,0,0.3199999928474426,0.20000000298023224,3,0,0.0,0.0
42.394,49200,11000,3.666667,0,1.0166666507720947,50,0,2.5,-1,0,10,7,-1.0,-1.0,-1.0,-1.0,6235944,1,2,2,2,0,0,0,1,0,-4.6653265953063965,14.29814338684082,-12.175519943237305,0,0,0,0.0,0,0,7,0,0.45328283309936523,8.914427757263184,1,1640,0,0,0,0,0,0,0,0,0,0,0,1,0,2.0,-26.125,1,0,19.04439926147461,23.89739990234375,1,0,-1.8538999557495117,28.0,2,0,0.3125,0.6875,2,0,0.3199999928474426,0.20000000298023224,3,0,0.0,0.0
42.411,49200,11000,3.666667,0,1.0166666507720947,50,0,2.5,-1,0,10,7,-1.0,-1.0,-1.0,-1.0,6235944,1,2,2,2,0,0,0,1,0,-4.6653265953063965,14.29814338684082,-12.175519943237305,0,0,0,0.0,0,0,7,0,0.45328283309936523,8.914427757263184,1,1642,0,0,0,0,0,0,0,0,0,0,0,1,0,2.0,-26.125,1,0,19.04439926147461,23.89739990234375,1,0,-1.8538999557495117,28.0,2,0,0.3125,0.6875,2,0,0.3199999928474426,0.20000000298023224,3,0,0.0,0.0
42.429,49200,11000,3.666667,0,1.0166666507720947,50,0,2.5,-1,0,10,7,-1.0,-1.0,-1.0,-1.0,6235944,1,2,2,2,0,0,0,1,0,-4.6653265953063965,14.29814338684082,-12.175519943237305,0,0,0,0.0,0,0,7,0,0.45328283309936523,8.914427757263184,1,1644,0,0,0,0,0,0,0,0,0,0,0,1,0,2.0,-26.125,1,0,19.04439926147461,23.89739990234375,1,0,-1.8538999557495117,28.0,2,0,0.3125,0.6875,2,0,0.3199999928474426,0.20000000298023224,3,0,0.0,0.0
42.446,49200,11000,3.666667,0,1.0166666507720947,50,0,2.5,-1,0,10,7,-1.0,-1.0,-1.0,-1.0,6235944,1,2,2,2,0,0,0,1,0,-4.6653265953063965,14.29814338684082,-12.175519943237305,0,0,0,0.0,0,0,7,0,0.45328283309936523,8.914427757263184,1,1646,0,0,0,0,0,0,0,0,0,0,0,1,0,2.0,-26.125,1,0,19.04439926147461,23.89739990234375,1,0,-1.8538999557495117,28.0,2,0,0.3125,0.6875,2,0,0.3199999928474426,0.20000000298023224,3,0,0.0,0.0
42.464,49200,11000,3.666667,0,1.0166666507720947,50,0,2.5,-1,0,10,7,-1.0,-1.0,-1.0,-1.0,6235944,1,2,2,2,0,0,0,1,0,-4.6653265953063965,14.29814338684082,-12.175519943237305,0,0,0,0.0,0,0,7,0,0.45328283309936523,8.914427757263184,1,1648,0,0,0,0,0,0,0,0,0,0,0,1,0,2.0,-26.125,1,0,19.04439926147461,23.89739990234375,1,0,-1.8538999557495117,28.0,2,0,0.3125,0.6875,2,0,0.3199999928474426,0.20000000298023224,3,0,0.0,0.0
42.481,49200,11000,3.666667,0,1.0166666507720947,50,0,2.5,-1,0,10,7,-1.0,-1.0,-1.0,-1.0,6235944,1,2,2,2,0,0,0,1,0,-4.6653265953063965,14.29814338684082,-12.175519943237305,0,0,0,0.0,0,0,7,0,0.45328283309936523,8.914427757263184,1,1650,0,0,0,0,0,0,0,0,0,0,0,1,0,2.0,-26.125,1,0,19.04439926147461,23.89739990234375,1,0,-1.8538999557495117,28.0,2,0,0.3125,0.6875,2,0,0.3199999928474426,0.20000000298023224,3,0,0.0,0.0
42.499,49200,11000,3.666667,0,1.0166666507720947,50,0,2.5,-1,0,10,7,-1.0,-1.0,-1.0,-1.0,6235944,1,2,2,2,0,0,0,1,0,-4.6653265953063965,14.29814338684082,-12.175519943237305,0,0,0,0.0,0,0,7,0,0.45328283309936523,8.914427757263184,1,1652,0,0,0,0,0,0,0,0,0,0,0,1,0,2.0,-26.125,1,0,19.04439926147461,23.89739990234375,1,0,-1.8538999557495117,28.0,2,0,0.3125,0.6875,2,0,0.3199999928474426,0.20000000298023224,3,0,0.0,0.0
42.516,49200,11000,3.666667,0,1.0166666507720947,50,0,2.5,-1,0,10,7,-1.0,-1.0,-1.0,-1.0,6235944,1,2,2,2,0,0,0,1,0,-4.6653265953063965,14.29814338684082,-12.175519943237305,0,0,0,0.0,0,0,7,0,0.45328283309936523,8.914427757263184,1,1654,0,0,0,0,0,0,0,0,0,0,0,1,0,2.0,-26.125,1,0,19.04439926147461,23.89739990234375,1,0,-1.8538999557495117,28.0,2,0,0.3125,0.6875,2,0,0.3199999928474426,0.20000000298023224,3,0,0.0,0.0
42.533,49200,11000,3.666667,0,1.0166666507720947,50,0,2.5,-1,0,10,7,-1.0,-1.0,-1.0,-1.0,6235944,1,2,2,2,0,0,0,1,0,-4.6653265953063965,14.29814338684082,-12.175519943237305,0,0,0,0.0,0,0,7,0,0.45328283309936523,8.914427757263184,1,1656,0,0,0,0,0,0,0,0,0,0,0,1,0,2.0,-26.125,1,0,19.04439926147461,23.89739990234375,1,0,-1.8538999557495117,28.0,2,0,0.3125,0.6875,2,0,0.3199999928474426,0.20000000298023224,3,0,0.0,0.0
42.551,49200,11000,3.666667,0,1.0166666507720947,50,0,2.5,-1,0,10,7,-1.0,-1.0,-1.0,-1.0,6235944,1,2,2,2,0,0,0,1,0,-4.6653265953063965,14.29814338684082,-12.175519943237305,0,0,0,0.0,0,0,7,0,0.45328283309936523,8.914427757263184,1,1658,0,0,0,0,0,0,0,0,0,0,0,1,0,2.0,-26.125,1,0,19.04439926147461,23.89739990234375,1,0,-1.8538999557495117,28.0,2,0,0.3125,0.6875,2,0,0.3199999928474426,0.20000000298023224,3,0,0.0,0.0
42.568,49200,11000,3.666667,0,1.0166666507720947,50,0,2.5,-1,0,10,7,-1.0,-1.0,-1.0,-1.0,6235944,1,2,2,2,0,0,0,1,0,-4.6653265953063965,14.29814338684082,-12.175519943237305,0,0,0,0.0,0,0,7,0,0.45328283309936523,8.914427757263184,1,1660,0,0,0,0,0,0,0,0,0,0,0,1,0,2.0,-26.125,1,0,19.04439926147461,23.89739990234375,1,0,-1.8538999557495117,28.0,2,0,0.3125,0.6875,2,0,0.3199999928474426,0.20000000298023224,3,0,0.0,0.0
42.585,49200,11000,3.666667,0,1.0166666507720947,50,0,2.5,-1,0,10,7,-1.0,-1.0,-1.0,-1.0,6235944,1,2,2,2,0,0,0,1,0,-4.6653265953063965,14.29814338684082,-12.175519943237305,0,0,0,0.0,0,0,7,0,0.45328283309936523,8.914427757263184,1,1662,0,0,0,0,0,0,0,0,0,0,0,1,0,2.0,-26.125,1,0,19.04439926147461,23.89739990234375,1,0,-1.8538999557495117,28.0,2,0,0.3125,0.6875,2,0,0.3199999928474426,0.20000000298023224,3,0,0.0,0.0
42.603,49200,11000,3.666667,0,1.0166666507720947,50,0,2.5,-1,0,10,7,-1.0,-1.0,-1.0,-1.0,6235944,1,2,2,2,0,0,0,1,0,-4.6653265953063965,14.29814338684082,-12.175519943237305,0,0,0,0.0,0,0,7,0,0.45328283309936523,8.914427757263184,1,1666,0,0,0,0,0,0,0,0,0,0,0,1,0,2.0,-26.125,1,0,19.04439926147461,23.89739990234375,1,0,-1.8538999557495117,28.0,2,0,0.3125,0.6875,2,0,0.3199999928474426,0.20000000298023224,3,0,0.0,0.0
42.62,49200,11000,3.666667,0,1.0166666507720947,50,0,2.5,-1,0,10,7,-1.0,-1.0,-1.0,-1.0,6235944,1,2,2,2,0,0,0,1,0,-4.6653265953063965,14.29814338684082,-12.175519943237305,0,0,0,0.0,0,0,7,0,0.45328283309936523,8.914427757263184,1,1668,0,0,0,0,0,0,0,0,0,0,0,1,0,2.0,-26.125,1,0,19.04439926147461,23.89739990234375,1,0,-1.8538999557495117,28.0,2,0,0.3125,0.6875,2,0,0.3199999928474426,0.20000000298023224,3,0,0.0,0.0
42.638,49200,11000,3.666667,0,1.0166666507720947,50,0,2.5,-1,0,10,7,-1.0,-1.0,-1.0,-1.0,6235944,1,2,2,2,0,0,0,1,0,-4.6653265953063965,14.29814338684082,-12.175519943237305,0,0,0,0.0,0,0,7,0,0.45328283309936523,8.914427757263184,1,1670,0,0,0,0,0,0,0,0,0,0,0,1,0,2.0,-26.125,1,0,19.04439926147461,23.89739990234375,1,0,-1.8538999557495117,28.0,2,0,0.3125,0.6875,2,0,0.3199999928474426,0.20000000298023224,3,0,0.0,0.0
42.655,49200,11000,3.666667,0,1.0166666507720947,50,0,2.5,-1,0,10,7,-1.0,-1.0,-1.0,-1.0,6235944,1,2,2,2,0,0,0,1,0,-4.6653265953063965,14.29814338684082,-12.175519943237305,0,0,0,0.0,0,0,7,0,0.45328283309936523,8.914427757263184,1,1672,0,0,0,0,0,0,0,0,0,0,0,1,0,2.0,-26.125,1,0,19.04439926147461,23.89739990234375,1,0,-1.8538999557495117,28.0,2,0,0.3125,0.6875,2,0,0.3199999928474426,0.20000000298023224,3,0,0.0,0.0
42.672,49200,11000,3.666667,0,1.0166666507720947,50,0,2.5,-1,0,10,7,-1.0,-1.0,-1.0,-1.0,6235944,1,2,2,2,0,0,0,1,0,-4.6653265953063965,14.29814338684082,-12.175519943237305,0,0,0,0.0,0,0,7,0,0.45328283309936523,8.914427757263184,1,1674,0,0,0,0,0,0,0,0,0,0,0,1,0,2.0,-26.125,1,0,19.04439926147461,23.89739990234375,1,0,-1.8538999557495117,28.0,2,0,0.3125,0.6875,2,0,0.3199999928474426,0.20000000298023224,3,0,0.0,0.0
42.69,49200,11000,3.666667,0,1.0166666507720947,50,0,2.5,-1,0,10,7,-1.0,-1.0,-1.0,-1.0,6235944,1,2,2,2,0,0,0,1,0,-4.6653265953063965,14.29814338684082,-12.175519943237305,0,0,0,0.0,0,0,7,0,0.45328283309936523,8.914427757263184,1,1676,0,0,0,0,0,0,0,0,0,0,0,1,0,2.0,-26.125,1,0,19.04439926147461,23.89739990234375,1,0,-1.8538999557495117,28.0,2,0,0.3125,0.6875,2,0,0.3199999928474426,0.20000000298023224,3,0,0.0,0.0
42.707,49200,11000,3.666667,0,1.0166666507720947,50,0,2.5,-1,0,10,7,-1.0,-1.0,-1.0,-1.0,6235944,1,2,2,2,0,0,0,1,0,-4.6653265953063965,14.29814338684082,-12.175519943237305,0,0,0,0.0,0,0,7,0,0.45328283309936523,8.914427757263184,1,1678,0,0,0,0,0,0,0,0,0,0,0,1,0,2.0,-26.125,1,0,19.04439926147461,23.89739990234375,1,0,-1.8538999557495117,28.0,2,0,0.3125,0.6875,2,0,0.3199999928474426,0.20000000298023224,3,0,0.0,0.0
42.724,49200,11000,3.666667,0,1.0166666507720947,50,0,2.5,-1,0,10,7,-1.0,-1.0,-1.0,-1.0,6235944,1,2,2,2,0,0,0,1,0,-4.6653265953063965,14.29814338684082,-12.175519943237305,0,0,0,0.0,0,0,7,0,0.45328283309936523,8.914427757263184,1,1680,0,0,0,0,0,0,0,0,0,0,0,1,0,2.0,-26.125,1,0,19.04439926147461,23.89739990234375,1,0,-1.8538999557495117,28.0,2,0,0.3125,0.6875,2,0,0.3199999928474426,0.20000000298023224,3,0,0.0,0.0
42.742,49200,11000,3.666667,0,1.0166666507720947,50,0,2.5,-1,0,10,7,-1.0,-1.0,-1.0,-1.0,6235944,1,2,2,2,0,0,0,1,0,-4.6653265953063965,14.29814338684082,-12.175519943237305,0,0,0,0.0,0,0,7,0,0.45328283309936523,8.914427757263184,1,1682,0,0,0,0,0,0,0,0,0,0,0,1,0,2.0,-26.125,1,0,19.04439926147461,23.89739990234375,1,0,-1.8538999557495117,28.0,2,0,0.3125,0.6875,2,0,0.3199999928474426,0.20000000298023224,3,0,0.0,0.0
42.759,49200,11000,3.666667,0,1.0166666507720947,50,0,2.5,-1,0,10,7,-1.0,-1.0,-1.0,-1.0,6235944,1,2,2,2,0,0,0,1,0,-4.6653265953063965,14.29814338684082,-12.175519943237305,0,0,0,0.0,0,0,7,0,0.45328283309936523,8.914427757263184,1,1684,0,0,0,0,0,0,0,0,0,0,0,1,0,2.0,-26.125,1,0,19.04439926147461,23.89739990234375,1,0,-1.8538999557495117,28.0,2,0,0.3125,0.6875,2,0,0.3199999928474426,0.20000000298023224,3,0,0.0,0.0
42.777,49200,11000,3.666667,0,1.0166666507720947,50,0,2.5,-1,0,10,7,-1.0,-1.0,-1.0,-1.0,6235944,1,2,2,2,0,0,0,1,0,-4.6653265953063965,14.29814338684082,-12.175519943237305,0,0,0,0.0,0,0,7,0,0.45328283309936523,8.914427757263184,1,1686,0,0,0,0,0,0,0,0,0,0,0,1,0,2.0,-26.125,1,0,19.04439926147461,23.89739990234375,1,0,-1.8538999557495117,28.0,2,0,0.3125,0.6875,2,0,0.3199999928474426,0.20000000298023224,3,0,0.0,0.0
42.794,49200,11000,3.666667,0,1.0166666507720947,50,0,2.5,-1,0,10,7,-1.0,-1.0,-1.0,-1.0,6235944,1,2,2,2,0,0,0,1,0,-4.6653265953063965,14.29814338684082,-12.175519943237305,0,0,0,0.0,0,0,7,0,0.45328283309936523,8.914427757263184,1,1688,0,0,0,0,0,0,0,0,0,0,0,1,0,2.0,-26.125,1,0,19.04439926147461,23.89739990234375,1,0,-1.8538999557495117,28.0,2,0,0.3125,0.6875,2,0,0.3199999928474426,0.20000000298023224,3,0,0.0,0.0
42.811,49200,11000,3.666667,0,1.0166666507720947,50,0,2.5,-1,0,10,7,-1.0,-1.0,-1.0,-1.0,6235944,1,2,2,2,0,0,0,1,0,-4.6653265953063965,14.29814338684082,-12.175519943237305,0,0,0,0.0,0,0,7,0,0.45328283309936523,8.914427757263184,1,1690,0,0,0,0,0,0,0,0,0,0,0,1,0,2.0,-26.125,1,0,19.04439926147461,23.89739990234375,1,0,-1.8538999557495117,28.0,2,0,0.3125,0.6875,2,0,0.3199999928474426,0.20000000298023224,3,0,0.0,0.0
42.829,49200,11000,3.666667,0,1.0166666507720947,50,0,2.5,-1,0,10,7,-1.0,-1.0,-1.0,-1.0,6235944,1,2,2,2,0,0,0,1,0,-4.6653265953063965,14.29814338684082,-12.175519943237305,0,0,0,0.0,0,0,7,0,0.45328283309936523,8.914427757263184,1,1692,0,0,0,0,0,0,0,0,0,0,0,1,0,2.0,-26.125,1,0,19.04439926147461,23.89739990234375,1,0,-1.8538999557495117,28.0,2,0,0.3125,0.6875,2,0,0.3199999928474426,0.20000000298023224,3,0,0.0,0.0
42.846,49200,11000,3.666667,0,1.0166666507720947,50,0,2.5,-1,0,10,7,-1.0,-1.0,-1.0,-1.0,6235944,1,2,2,2,0,0,0,1,0,-4.6653265953063965,14.29814338684082,-12.175519943237305,0,0,0,0.0,0,0,7,0,0.45328283309936523,8.914427757263184,1,1694,0,0,0,0,0,0,0,0,0,0,0,1,0,2.0,-26.125,1,0,19.04439926147461,23.89739990234375,1,0,-1.8538999557495117,28.0,2,0,0.3125,0.6875,2,0,0.3199999928474426,0.20000000298023224,3,0,0.0,0.0
42.864,49200,11000,3.666667,0,1.0166666507720947,50,0,2.5,-1,0,10,7,-1.0,-1.0,-1.0,-1.0,6235944,1,2,2,2,0,0,0,1,0,-4.6653265953063965,14.29814338684082,-12.175519943237305,0,0,0,0.0,0,0,7,0,0.45328283309936523,8.914427757263184,1,1696,0,0,0,0,0,0,0,0,0,0,0,1,0,2.0,-26.125,1,0,19.04439926147461,23.89739990234375,1,0,-1.8538999557495117,28.0,2,0,0.3125,0.6875,2,0,0.3199999928474426,0.20000000298023224,3,0,0.0,0.0
42.881,49200,11000,3.666667,0,1.0166666507720947,50,0,2.5,-1,0,10,7,-1.0,-1.0,-1.0,-1.0,6235944,1,2,2,2,0,0,0,1,0,-4.6653265953063965,14.29814338684082,-12.175519943237305,0,0,0,0.0,0,0,7,0,0.45328283309936523,8.914427757263184,1,1698,0,0,0,0,0,0,0,0,0,0,0,1,0,2.0,-26.125,1,0,19.04439926147461,23.89739990234375,1,0,-1.8538999557495117,28.0,2,0,0.3125,0.6875,2,0,0.3199999928474426,0.20000000298023224,3,0,0.0,0.0
42.898,49200,11000,3.666667,0,1.0166666507720947,50,0,2.5,-1,0,10,7,-1.0,-1.0,-1.0,-1.0,6235944,1,2,2,2,0,0,0,1,0,-4.6653265953063965,14.29814338684082,-12.175519943237305,0,0,0,0.0,0,0,7,0,0.45328283309936523,8.914427757263184,1,1698,0,0,0,0,0,0,0,0,0,0,0,1,0,2.0,-26.125,1,0,19.04439926147461,23.89739990234375,1,0,-1.8538999557495117,28.0,2,0,0.3125,0.6875,2,0,0.3199999928474426,0.20000000298023224,3,0,0.0,0.0
42.916,49200,11000,3.666667,0,1.0166666507720947,50,0,2.5,-1,0,10,7,-1.0,-1.0,-1.0,-1.0,6235944,1,2,2,2,0,0,0,1,0,-4.6653265953063965,14.29814338684082,-12.175519943237305,0,0,0,0.0,0,0,7,0,0.45328283309936523,8.914427757263184,1,1698,0,0,0,0,0,0,0,0,0,0,0,1,0,2.0,-26.125,1,0,19.04439926147461,23.89739990234375,1,0,-1.8538999557495117,28.0,2,0,0.3125,0.6875,2,0,0.3199999928474426,0.20000000298023224,3,0,0.0,0.0
