frame,call,state,slot,ctrl,cur3,prev3,cur4,prev4,boxstate,dt,act,code_pre,h_pre,code_post,h_post,fire_modes,canfire_rets,deact_ra,rec_pre,rec_post
799,798,6,2,2,0,0,0,0,1,0x3c888888,,12,6861008,12,6861008,,0,,10a368007ca368000200000048fd8800010000001858aa04,10a368007ca368000200000048fd8800010000001858aa04
800,799,6,2,2,0,0,0,0,1,0x3c888888,,12,6861008,12,6861008,,0,,10a368007ca368000200000048fd8800010000001858aa04,10a368007ca368000200000048fd8800010000001858aa04
801,800,6,2,2,0,0,0,0,1,0x3c888888,,12,6861008,12,6861008,,0,,10a368007ca368000200000048fd8800010000001858aa04,10a368007ca368000200000048fd8800010000001858aa04
802,801,6,2,2,0,0,0,0,1,0x3c888888,,12,6861008,12,6861008,,0,,10a368007ca368000200000048fd8800010000001858aa04,10a368007ca368000200000048fd8800010000001858aa04
803,802,6,2,2,0,0,0,0,1,0x3c888888,,12,6861008,12,6861008,,0,,10a368007ca368000200000048fd8800010000001858aa04,10a368007ca368000200000048fd8800010000001858aa04
804,803,6,2,2,0,0,0,0,1,0x3c888888,,12,6861008,12,6861008,,0,,10a368007ca368000200000048fd8800010000001858aa04,10a368007ca368000200000048fd8800010000001858aa04
805,804,6,2,2,0,0,0,0,1,0x3c888888,,12,6861008,12,6861008,,0,,10a368007ca368000200000048fd8800010000001858aa04,10a368007ca368000200000048fd8800010000001858aa04
806,805,6,2,2,0,0,0,0,1,0x3c888888,,12,6861008,12,6861008,,0,,10a368007ca368000200000048fd8800010000001858aa04,10a368007ca368000200000048fd8800010000001858aa04
807,806,6,2,2,0,0,0,0,1,0x3c888888,,12,6861008,12,6861008,,0,,10a368007ca368000200000048fd8800010000001858aa04,10a368007ca368000200000048fd8800010000001858aa04
808,807,6,2,2,0,0,0,0,1,0x3c888888,,12,6861008,12,6861008,,0,,10a368007ca368000200000048fd8800010000001858aa04,10a368007ca368000200000048fd8800010000001858aa04
809,808,6,2,2,0,0,0,0,1,0x3c888888,,12,6861008,12,6861008,,0,,10a368007ca368000200000048fd8800010000001858aa04,10a368007ca368000200000048fd8800010000001858aa04
810,809,6,2,2,0,0,0,0,1,0x3c888888,,12,6861008,12,6861008,,0,,10a368007ca368000200000048fd8800010000001858aa04,10a368007ca368000200000048fd8800010000001858aa04
811,810,6,2,2,0,0,0,0,1,0x3c888888,,12,6861008,12,6861008,,0,,10a368007ca368000200000048fd8800010000001858aa04,10a368007ca368000200000048fd8800010000001858aa04
812,811,6,2,2,0,0,0,0,1,0x3c888888,,12,6861008,12,6861008,,0,,10a368007ca368000200000048fd8800010000001858aa04,10a368007ca368000200000048fd8800010000001858aa04
813,812,6,2,2,0,0,0,0,1,0x3c888888,,12,6861008,12,6861008,,0,,10a368007ca368000200000048fd8800010000001858aa04,10a368007ca368000200000048fd8800010000001858aa04
814,813,6,2,2,0,0,0,0,1,0x3c888888,,12,6861008,12,6861008,,0,,10a368007ca368000200000048fd8800010000001858aa04,10a368007ca368000200000048fd8800010000001858aa04
815,814,6,2,2,0,0,0,0,1,0x3c888888,,12,6861008,12,6861008,,0,,10a368007ca368000200000048fd8800010000001858aa04,10a368007ca368000200000048fd8800010000001858aa04
816,815,6,2,2,0,0,0,0,1,0x3c888888,,12,6861008,12,6861008,,0,,10a368007ca368000200000048fd8800010000001858aa04,10a368007ca368000200000048fd8800010000001858aa04
817,816,6,2,2,0,0,0,0,1,0x3c888888,,12,6861008,12,6861008,,0,,10a368007ca368000200000048fd8800010000001858aa04,10a368007ca368000200000048fd8800010000001858aa04
818,817,6,2,2,0,0,0,0,1,0x3c888888,,12,6861008,12,6861008,,0,,10a368007ca368000200000048fd8800010000001858aa04,10a368007ca368000200000048fd8800010000001858aa04
819,818,6,2,2,0,0,0,0,1,0x3c888888,,12,6861008,12,6861008,,0,,10a368007ca368000200000048fd8800010000001858aa04,10a368007ca368000200000048fd8800010000001858aa04
820,819,6,2,2,0,0,0,0,1,0x3c888888,,12,6861008,12,6861008,,0,,10a368007ca368000200000048fd8800010000001858aa04,10a368007ca368000200000048fd8800010000001858aa04
821,820,6,2,2,0,0,0,0,1,0x3c888888,,12,6861008,12,6861008,,0,,10a368007ca368000200000048fd8800010000001858aa04,10a368007ca368000200000048fd8800010000001858aa04
822,821,6,2,2,0,0,0,0,1,0x3c888888,,12,6861008,12,6861008,,0,,10a368007ca368000200000048fd8800010000001858aa04,10a368007ca368000200000048fd8800010000001858aa04
823,822,6,2,2,0,0,0,0,1,0x3c888888,,12,6861008,12,6861008,,0,,10a368007ca368000200000048fd8800010000001858aa04,10a368007ca368000200000048fd8800010000001858aa04
824,823,6,2,2,0,0,0,0,1,0x3c888888,,12,6861008,12,6861008,,0,,10a368007ca368000200000048fd8800010000001858aa04,10a368007ca368000200000048fd8800010000001858aa04
825,824,6,2,2,0,0,0,0,1,0x3c888888,,12,6861008,12,6861008,,0,,10a368007ca368000200000048fd8800010000001858aa04,10a368007ca368000200000048fd8800010000001858aa04
826,825,6,2,2,0,0,0,0,1,0x3c888888,,12,6861008,12,6861008,,0,,10a368007ca368000200000048fd8800010000001858aa04,10a368007ca368000200000048fd8800010000001858aa04
827,826,6,2,2,0,0,0,0,1,0x3c888888,,12,6861008,12,6861008,,0,,10a368007ca368000200000048fd8800010000001858aa04,10a368007ca368000200000048fd8800010000001858aa04
828,827,6,0,0,0,0,0,0,1,0x3c888888,A19,19,6857296,19,6857296,,0,,0000803f01000000e0fb8800b064aa04,0000803f01000000e0fb8800b064aa04
828,827,6,2,2,0,0,0,0,1,0x3c888888,,12,6861008,12,6861008,,0,,10a368007ca368000200000048fd8800010000001858aa04,10a368007ca368000200000048fd8800010000001858aa04
829,828,6,0,0,255,0,0,0,1,0x3c888888,,19,6857296,19,6857296,2,0,,0000803f01000000e0fb8800b064aa04,6666663f01000000e0fb8800b064aa04
829,828,6,2,2,0,0,0,0,1,0x3c888888,,12,6861008,12,6861008,,0,,10a368007ca368000200000048fd8800010000001858aa04,10a368007ca368000200000048fd8800010000001858aa04
830,829,6,0,0,0,255,0,0,1,0x3c888888,,19,6857296,19,6857296,1,0,,6666663f01000000e0fb8800b064aa04,6666663f01000000e0fb8800b064aa04
830,829,6,2,2,0,0,0,0,1,0x3c888888,,12,6861008,12,6861008,,0,,10a368007ca368000200000048fd8800010000001858aa04,10a368007ca368000200000048fd8800010000001858aa04
831,830,6,0,0,0,0,0,0,1,0x3c888888,,19,6857296,19,6857296,,0,,6666663f01000000e0fb8800b064aa04,6666663f01000000e0fb8800b064aa04
831,830,6,2,2,0,0,0,0,1,0x3c888888,,12,6861008,12,6861008,,0,,10a368007ca368000200000048fd8800010000001858aa04,10a368007ca368000200000048fd8800010000001858aa04
832,831,6,0,0,0,0,0,0,1,0x3c888888,,19,6857296,19,6857296,,0,,6666663f01000000e0fb8800b064aa04,6666663f01000000e0fb8800b064aa04
832,831,6,2,2,0,0,0,0,1,0x3c888888,,12,6861008,12,6861008,,0,,10a368007ca368000200000048fd8800010000001858aa04,10a368007ca368000200000048fd8800010000001858aa04
833,832,6,0,0,0,0,0,0,1,0x3c888888,,19,6857296,19,6857296,,0,,6666663f01000000e0fb8800b064aa04,6666663f01000000e0fb8800b064aa04
833,832,6,2,2,0,0,0,0,1,0x3c888888,,12,6861008,12,6861008,,0,,10a368007ca368000200000048fd8800010000001858aa04,10a368007ca368000200000048fd8800010000001858aa04
834,833,6,0,0,0,0,0,0,1,0x3c888888,,19,6857296,19,6857296,,0,,6666663f01000000e0fb8800b064aa04,6666663f01000000e0fb8800b064aa04
834,833,6,2,2,0,0,0,0,1,0x3c888888,,12,6861008,12,6861008,,0,,10a368007ca368000200000048fd8800010000001858aa04,10a368007ca368000200000048fd8800010000001858aa04
835,834,6,0,0,0,0,0,0,1,0x3c888888,,19,6857296,19,6857296,,0,,6666663f01000000e0fb8800b064aa04,6666663f01000000e0fb8800b064aa04
835,834,6,2,2,0,0,0,0,1,0x3c888888,,12,6861008,12,6861008,,0,,10a368007ca368000200000048fd8800010000001858aa04,10a368007ca368000200000048fd8800010000001858aa04
836,835,6,0,0,255,0,0,0,1,0x3c888888,,19,6857296,19,6857296,2,0,,6666663f01000000e0fb8800b064aa04,cccc4c3f01000000e0fb8800b064aa04
836,835,6,2,2,0,0,0,0,1,0x3c888888,,12,6861008,12,6861008,,0,,10a368007ca368000200000048fd8800010000001858aa04,10a368007ca368000200000048fd8800010000001858aa04
837,836,6,0,0,255,255,0,0,1,0x3c888888,,19,6857296,19,6857296,3,0,,cccc4c3f01000000e0fb8800b064aa04,cccc4c3f01000000e0fb8800b064aa04
837,836,6,2,2,0,0,0,0,1,0x3c888888,,12,6861008,12,6861008,,0,,10a368007ca368000200000048fd8800010000001858aa04,10a368007ca368000200000048fd8800010000001858aa04
838,837,6,0,0,0,255,0,0,1,0x3c888888,,19,6857296,19,6857296,1,0,,cccc4c3f01000000e0fb8800b064aa04,cccc4c3f01000000e0fb8800b064aa04
838,837,6,2,2,0,0,0,0,1,0x3c888888,,12,6861008,12,6861008,,0,,10a368007ca368000200000048fd8800010000001858aa04,10a368007ca368000200000048fd8800010000001858aa04
839,838,6,0,0,0,0,0,0,1,0x3c888888,,19,6857296,19,6857296,,0,,cccc4c3f01000000e0fb8800b064aa04,cccc4c3f01000000e0fb8800b064aa04
839,838,6,2,2,0,0,0,0,1,0x3c888888,,12,6861008,12,6861008,,0,,10a368007ca368000200000048fd8800010000001858aa04,10a368007ca368000200000048fd8800010000001858aa04
840,839,6,0,0,0,0,0,0,1,0x3c888888,,19,6857296,19,6857296,,0,,cccc4c3f01000000e0fb8800b064aa04,cccc4c3f01000000e0fb8800b064aa04
840,839,6,2,2,0,0,0,0,1,0x3c888888,,12,6861008,12,6861008,,0,,10a368007ca368000200000048fd8800010000001858aa04,10a368007ca368000200000048fd8800010000001858aa04
841,840,6,0,0,0,0,0,0,1,0x3c888888,,19,6857296,19,6857296,,0,,cccc4c3f01000000e0fb8800b064aa04,cccc4c3f01000000e0fb8800b064aa04
841,840,6,2,2,0,0,0,0,1,0x3c888888,,12,6861008,12,6861008,,0,,10a368007ca368000200000048fd8800010000001858aa04,10a368007ca368000200000048fd8800010000001858aa04
842,841,6,0,0,0,0,0,0,1,0x3c888888,,19,6857296,19,6857296,,0,,cccc4c3f01000000e0fb8800b064aa04,cccc4c3f01000000e0fb8800b064aa04
842,841,6,2,2,0,0,0,0,1,0x3c888888,,12,6861008,12,6861008,,0,,10a368007ca368000200000048fd8800010000001858aa04,10a368007ca368000200000048fd8800010000001858aa04
843,842,6,0,0,0,0,0,0,1,0x3c888888,,19,6857296,19,6857296,,0,,cccc4c3f01000000e0fb8800b064aa04,cccc4c3f01000000e0fb8800b064aa04
843,842,6,2,2,0,0,0,0,1,0x3c888888,,12,6861008,12,6861008,,0,,10a368007ca368000200000048fd8800010000001858aa04,10a368007ca368000200000048fd8800010000001858aa04
844,843,6,0,0,255,0,0,0,1,0x3c888888,,19,6857296,19,6857296,2,0,,cccc4c3f01000000e0fb8800b064aa04,3233333f01000000e0fb8800b064aa04
844,843,6,2,2,0,0,0,0,1,0x3c888888,,12,6861008,12,6861008,,0,,10a368007ca368000200000048fd8800010000001858aa04,10a368007ca368000200000048fd8800010000001858aa04
845,844,6,0,0,255,255,0,0,1,0x3c888888,,19,6857296,19,6857296,3,0,,3233333f01000000e0fb8800b064aa04,3233333f01000000e0fb8800b064aa04
845,844,6,2,2,0,0,0,0,1,0x3c888888,,12,6861008,12,6861008,,0,,10a368007ca368000200000048fd8800010000001858aa04,10a368007ca368000200000048fd8800010000001858aa04
846,845,6,0,0,255,255,0,0,1,0x3c888888,,19,6857296,19,6857296,3,0,,3233333f01000000e0fb8800b064aa04,3233333f01000000e0fb8800b064aa04
846,845,6,2,2,0,0,0,0,1,0x3c888888,,12,6861008,12,6861008,,0,,10a368007ca368000200000048fd8800010000001858aa04,10a368007ca368000200000048fd8800010000001858aa04
847,846,6,0,0,255,255,0,0,1,0x3c888888,,19,6857296,19,6857296,3,0,,3233333f01000000e0fb8800b064aa04,3233333f01000000e0fb8800b064aa04
847,846,6,2,2,0,0,0,0,1,0x3c888888,,12,6861008,12,6861008,,0,,10a368007ca368000200000048fd8800010000001858aa04,10a368007ca368000200000048fd8800010000001858aa04
848,847,6,0,0,255,255,0,0,1,0x3c888888,,19,6857296,19,6857296,3,0,,3233333f01000000e0fb8800b064aa04,9899193f01000000e0fb8800b064aa04
848,847,6,2,2,0,0,0,0,1,0x3c888888,,12,6861008,12,6861008,,0,,10a368007ca368000200000048fd8800010000001858aa04,10a368007ca368000200000048fd8800010000001858aa04
849,848,6,0,0,255,255,0,0,1,0x3c888888,,19,6857296,19,6857296,3,0,,9899193f01000000e0fb8800b064aa04,9899193f01000000e0fb8800b064aa04
849,848,6,2,2,0,0,0,0,1,0x3c888888,,12,6861008,12,6861008,,0,,10a368007ca368000200000048fd8800010000001858aa04,10a368007ca368000200000048fd8800010000001858aa04
850,849,6,0,0,0,255,0,0,1,0x3c888888,,19,6857296,19,6857296,1,0,,9899193f01000000e0fb8800b064aa04,9899193f01000000e0fb8800b064aa04
850,849,6,2,2,0,0,0,0,1,0x3c888888,,12,6861008,12,6861008,,0,,10a368007ca368000200000048fd8800010000001858aa04,10a368007ca368000200000048fd8800010000001858aa04
851,850,6,0,0,0,0,0,0,1,0x3c888888,,19,6857296,19,6857296,,0,,9899193f01000000e0fb8800b064aa04,9899193f01000000e0fb8800b064aa04
851,850,6,2,2,0,0,0,0,1,0x3c888888,,12,6861008,12,6861008,,0,,10a368007ca368000200000048fd8800010000001858aa04,10a368007ca368000200000048fd8800010000001858aa04
852,851,6,0,0,0,0,0,0,1,0x3c888888,,19,6857296,19,6857296,,0,,9899193f01000000e0fb8800b064aa04,9899193f01000000e0fb8800b064aa04
852,851,6,2,2,0,0,0,0,1,0x3c888888,,12,6861008,12,6861008,,0,,10a368007ca368000200000048fd8800010000001858aa04,10a368007ca368000200000048fd8800010000001858aa04
853,852,6,0,0,0,0,0,0,1,0x3c888888,,19,6857296,19,6857296,,0,,9899193f01000000e0fb8800b064aa04,9899193f01000000e0fb8800b064aa04
853,852,6,2,2,0,0,0,0,1,0x3c888888,,12,6861008,12,6861008,,0,,10a368007ca368000200000048fd8800010000001858aa04,10a368007ca368000200000048fd8800010000001858aa04
854,853,6,0,0,0,0,0,0,1,0x3c888888,,19,6857296,19,6857296,,0,,9899193f01000000e0fb8800b064aa04,9899193f01000000e0fb8800b064aa04
854,853,6,2,2,0,0,0,0,1,0x3c888888,,12,6861008,12,6861008,,0,,10a368007ca368000200000048fd8800010000001858aa04,10a368007ca368000200000048fd8800010000001858aa04
855,854,6,0,0,0,0,0,0,1,0x3c888888,,19,6857296,19,6857296,,0,,9899193f01000000e0fb8800b064aa04,9899193f01000000e0fb8800b064aa04
855,854,6,2,2,0,0,0,0,1,0x3c888888,,12,6861008,12,6861008,,0,,10a368007ca368000200000048fd8800010000001858aa04,10a368007ca368000200000048fd8800010000001858aa04
856,855,6,0,0,255,0,0,0,1,0x3c888888,,19,6857296,19,6857296,2,0,,9899193f01000000e0fb8800b064aa04,fdffff3e01000000e0fb8800b064aa04
856,855,6,2,2,0,0,0,0,1,0x3c888888,,12,6861008,12,6861008,,0,,10a368007ca368000200000048fd8800010000001858aa04,10a368007ca368000200000048fd8800010000001858aa04
857,856,6,0,0,255,255,0,0,1,0x3c888888,,19,6857296,19,6857296,3,0,,fdffff3e01000000e0fb8800b064aa04,fdffff3e01000000e0fb8800b064aa04
857,856,6,2,2,0,0,0,0,1,0x3c888888,,12,6861008,12,6861008,,0,,10a368007ca368000200000048fd8800010000001858aa04,10a368007ca368000200000048fd8800010000001858aa04
858,857,6,0,0,255,255,0,0,1,0x3c888888,,19,6857296,19,6857296,3,0,,fdffff3e01000000e0fb8800b064aa04,fdffff3e01000000e0fb8800b064aa04
858,857,6,2,2,0,0,0,0,1,0x3c888888,,12,6861008,12,6861008,,0,,10a368007ca368000200000048fd8800010000001858aa04,10a368007ca368000200000048fd8800010000001858aa04
859,858,6,0,0,255,255,0,0,1,0x3c888888,,19,6857296,19,6857296,3,0,,fdffff3e01000000e0fb8800b064aa04,fdffff3e01000000e0fb8800b064aa04
859,858,6,2,2,0,0,0,0,1,0x3c888888,,12,6861008,12,6861008,,0,,10a368007ca368000200000048fd8800010000001858aa04,10a368007ca368000200000048fd8800010000001858aa04
860,859,6,0,0,255,255,0,0,1,0x3c888888,,19,6857296,19,6857296,3,0,,fdffff3e01000000e0fb8800b064aa04,cacccc3e01000000e0fb8800b064aa04
860,859,6,2,2,0,0,0,0,1,0x3c888888,,12,6861008,12,6861008,,0,,10a368007ca368000200000048fd8800010000001858aa04,10a368007ca368000200000048fd8800010000001858aa04
861,860,6,0,0,255,255,0,0,1,0x3c888888,,19,6857296,19,6857296,3,0,,cacccc3e01000000e0fb8800b064aa04,cacccc3e01000000e0fb8800b064aa04
861,860,6,2,2,0,0,0,0,1,0x3c888888,,12,6861008,12,6861008,,0,,10a368007ca368000200000048fd8800010000001858aa04,10a368007ca368000200000048fd8800010000001858aa04
862,861,6,0,0,255,255,0,0,1,0x3c888888,,19,6857296,19,6857296,3,0,,cacccc3e01000000e0fb8800b064aa04,cacccc3e01000000e0fb8800b064aa04
862,861,6,2,2,0,0,0,0,1,0x3c888888,,12,6861008,12,6861008,,0,,10a368007ca368000200000048fd8800010000001858aa04,10a368007ca368000200000048fd8800010000001858aa04
863,862,6,0,0,255,255,0,0,1,0x3c888888,,19,6857296,19,6857296,3,0,,cacccc3e01000000e0fb8800b064aa04,9799993e01000000e0fb8800b064aa04
863,862,6,2,2,0,0,0,0,1,0x3c888888,,12,6861008,12,6861008,,0,,10a368007ca368000200000048fd8800010000001858aa04,10a368007ca368000200000048fd8800010000001858aa04
864,863,6,0,0,255,255,0,0,1,0x3c888888,,19,6857296,19,6857296,3,0,,9799993e01000000e0fb8800b064aa04,9799993e01000000e0fb8800b064aa04
864,863,6,2,2,0,0,0,0,1,0x3c888888,,12,6861008,12,6861008,,0,,10a368007ca368000200000048fd8800010000001858aa04,10a368007ca368000200000048fd8800010000001858aa04
865,864,6,0,0,255,255,0,0,1,0x3c888888,,19,6857296,19,6857296,3,0,,9799993e01000000e0fb8800b064aa04,9799993e01000000e0fb8800b064aa04
865,864,6,2,2,0,0,0,0,1,0x3c888888,,12,6861008,12,6861008,,0,,10a368007ca368000200000048fd8800010000001858aa04,10a368007ca368000200000048fd8800010000001858aa04
866,865,6,0,0,255,255,0,0,1,0x3c888888,,19,6857296,19,6857296,3,0,,9799993e01000000e0fb8800b064aa04,c8cc4c3e01000000e0fb8800b064aa04
866,865,6,2,2,0,0,0,0,1,0x3c888888,,12,6861008,12,6861008,,0,,10a368007ca368000200000048fd8800010000001858aa04,10a368007ca368000200000048fd8800010000001858aa04
867,866,6,0,0,255,255,0,0,1,0x3c888888,,19,6857296,19,6857296,3,0,,c8cc4c3e01000000e0fb8800b064aa04,c8cc4c3e01000000e0fb8800b064aa04
867,866,6,2,2,0,0,0,0,1,0x3c888888,,12,6861008,12,6861008,,0,,10a368007ca368000200000048fd8800010000001858aa04,10a368007ca368000200000048fd8800010000001858aa04
868,867,6,0,0,255,255,0,0,1,0x3c888888,,19,6857296,19,6857296,3,0,,c8cc4c3e01000000e0fb8800b064aa04,c8cc4c3e01000000e0fb8800b064aa04
868,867,6,2,2,0,0,0,0,1,0x3c888888,,12,6861008,12,6861008,,0,,10a368007ca368000200000048fd8800010000001858aa04,10a368007ca368000200000048fd8800010000001858aa04
869,868,6,0,0,255,255,0,0,1,0x3c888888,,19,6857296,19,6857296,3,0,,c8cc4c3e01000000e0fb8800b064aa04,c3cccc3d01000000e0fb8800b064aa04
869,868,6,2,2,0,0,0,0,1,0x3c888888,,12,6861008,12,6861008,,0,,10a368007ca368000200000048fd8800010000001858aa04,10a368007ca368000200000048fd8800010000001858aa04
870,869,6,0,0,255,255,0,0,1,0x3c888888,,19,6857296,19,6857296,3,0,,c3cccc3d01000000e0fb8800b064aa04,c3cccc3d01000000e0fb8800b064aa04
870,869,6,2,2,0,0,0,0,1,0x3c888888,,12,6861008,12,6861008,,0,,10a368007ca368000200000048fd8800010000001858aa04,10a368007ca368000200000048fd8800010000001858aa04
871,870,6,0,0,255,255,0,0,1,0x3c888888,,19,6857296,19,6857296,3,0,,c3cccc3d01000000e0fb8800b064aa04,c3cccc3d01000000e0fb8800b064aa04
871,870,6,2,2,0,0,0,0,1,0x3c888888,,12,6861008,12,6861008,,0,,10a368007ca368000200000048fd8800010000001858aa04,10a368007ca368000200000048fd8800010000001858aa04
872,871,6,0,0,255,255,0,0,1,0x3c888888,,19,6857296,19,6857296,3,0,,c3cccc3d01000000e0fb8800b064aa04,0000a0b301000000e0fb8800b064aa04
872,871,6,2,2,0,0,0,0,1,0x3c888888,,12,6861008,12,6861008,,0,,10a368007ca368000200000048fd8800010000001858aa04,10a368007ca368000200000048fd8800010000001858aa04
873,872,6,0,0,255,255,0,0,1,0x3c888888,,19,6857296,-1,0,,1,0x45bd67,0000a0b301000000e0fb8800b064aa04,
873,872,6,2,2,0,0,0,0,1,0x3c888888,,12,6861008,12,6861008,,0,,10a368007ca368000200000048fd8800010000001858aa04,10a368007ca368000200000048fd8800010000001858aa04
874,873,6,2,2,0,0,0,0,1,0x3c888888,,12,6861008,12,6861008,,0,,10a368007ca368000200000048fd8800010000001858aa04,10a368007ca368000200000048fd8800010000001858aa04
875,874,6,2,2,0,0,0,0,1,0x3c888888,,12,6861008,12,6861008,,0,,10a368007ca368000200000048fd8800010000001858aa04,10a368007ca368000200000048fd8800010000001858aa04
876,875,6,2,2,0,0,0,0,1,0x3c888888,,12,6861008,12,6861008,,0,,10a368007ca368000200000048fd8800010000001858aa04,10a368007ca368000200000048fd8800010000001858aa04
877,876,6,2,2,0,0,0,0,1,0x3c888888,,12,6861008,12,6861008,,0,,10a368007ca368000200000048fd8800010000001858aa04,10a368007ca368000200000048fd8800010000001858aa04
878,877,6,2,2,0,0,0,0,1,0x3c888888,,12,6861008,12,6861008,,0,,10a368007ca368000200000048fd8800010000001858aa04,10a368007ca368000200000048fd8800010000001858aa04
879,878,6,2,2,0,0,0,0,1,0x3c888888,,12,6861008,12,6861008,,0,,10a368007ca368000200000048fd8800010000001858aa04,10a368007ca368000200000048fd8800010000001858aa04
880,879,6,2,2,0,0,0,0,1,0x3c888888,,12,6861008,12,6861008,,0,,10a368007ca368000200000048fd8800010000001858aa04,10a368007ca368000200000048fd8800010000001858aa04
881,880,6,2,2,0,0,0,0,1,0x3c888888,,12,6861008,12,6861008,,0,,10a368007ca368000200000048fd8800010000001858aa04,10a368007ca368000200000048fd8800010000001858aa04
882,881,6,2,2,0,0,0,0,1,0x3c888888,,12,6861008,12,6861008,,0,,10a368007ca368000200000048fd8800010000001858aa04,10a368007ca368000200000048fd8800010000001858aa04
883,882,6,2,2,0,0,0,0,1,0x3c888888,,12,6861008,12,6861008,,0,,10a368007ca368000200000048fd8800010000001858aa04,10a368007ca368000200000048fd8800010000001858aa04
884,883,6,2,2,0,0,0,0,1,0x3c888888,,12,6861008,12,6861008,,0,,10a368007ca368000200000048fd8800010000001858aa04,10a368007ca368000200000048fd8800010000001858aa04
885,884,6,2,2,0,0,0,0,1,0x3c888888,,12,6861008,12,6861008,,0,,10a368007ca368000200000048fd8800010000001858aa04,10a368007ca368000200000048fd8800010000001858aa04
886,885,6,2,2,0,0,0,0,1,0x3c888888,,12,6861008,12,6861008,,0,,10a368007ca368000200000048fd8800010000001858aa04,10a368007ca368000200000048fd8800010000001858aa04
887,886,6,2,2,0,0,0,0,1,0x3c888888,,12,6861008,12,6861008,,0,,10a368007ca368000200000048fd8800010000001858aa04,10a368007ca368000200000048fd8800010000001858aa04
888,887,6,2,2,0,0,0,0,1,0x3c888888,,12,6861008,12,6861008,,0,,10a368007ca368000200000048fd8800010000001858aa04,10a368007ca368000200000048fd8800010000001858aa04
889,888,6,2,2,0,0,0,0,1,0x3c888888,,12,6861008,12,6861008,,0,,10a368007ca368000200000048fd8800010000001858aa04,10a368007ca368000200000048fd8800010000001858aa04
890,889,6,2,2,0,0,0,0,1,0x3c888888,,12,6861008,12,6861008,,0,,10a368007ca368000200000048fd8800010000001858aa04,10a368007ca368000200000048fd8800010000001858aa04
891,890,6,2,2,0,0,0,0,1,0x3c888888,,12,6861008,12,6861008,,0,,10a368007ca368000200000048fd8800010000001858aa04,10a368007ca368000200000048fd8800010000001858aa04
892,891,6,2,2,0,0,0,0,1,0x3c888888,,12,6861008,12,6861008,,0,,10a368007ca368000200000048fd8800010000001858aa04,10a368007ca368000200000048fd8800010000001858aa04
893,892,6,2,2,0,0,0,0,1,0x3c888888,,12,6861008,12,6861008,,0,,10a368007ca368000200000048fd8800010000001858aa04,10a368007ca368000200000048fd8800010000001858aa04
894,893,6,2,2,0,0,0,0,1,0x3c888888,,12,6861008,12,6861008,,0,,10a368007ca368000200000048fd8800010000001858aa04,10a368007ca368000200000048fd8800010000001858aa04
895,894,6,2,2,0,0,0,0,1,0x3c888888,,12,6861008,12,6861008,,0,,10a368007ca368000200000048fd8800010000001858aa04,10a368007ca368000200000048fd8800010000001858aa04
896,895,6,2,2,0,0,0,0,1,0x3c888888,,12,6861008,12,6861008,,0,,10a368007ca368000200000048fd8800010000001858aa04,10a368007ca368000200000048fd8800010000001858aa04
897,896,6,2,2,0,0,0,0,1,0x3c888888,,12,6861008,12,6861008,,0,,10a368007ca368000200000048fd8800010000001858aa04,10a368007ca368000200000048fd8800010000001858aa04
898,897,6,2,2,0,0,0,0,1,0x3c888888,,12,6861008,12,6861008,,0,,10a368007ca368000200000048fd8800010000001858aa04,10a368007ca368000200000048fd8800010000001858aa04
899,898,6,2,2,0,0,0,0,1,0x3c888888,,12,6861008,12,6861008,,0,,10a368007ca368000200000048fd8800010000001858aa04,10a368007ca368000200000048fd8800010000001858aa04
900,899,6,2,2,0,0,0,0,1,0x3c888888,,12,6861008,12,6861008,,0,,10a368007ca368000200000048fd8800010000001858aa04,10a368007ca368000200000048fd8800010000001858aa04
901,900,6,2,2,0,0,0,0,1,0x3c888888,,12,6861008,12,6861008,,0,,10a368007ca368000200000048fd8800010000001858aa04,10a368007ca368000200000048fd8800010000001858aa04
902,901,6,2,2,0,0,0,0,1,0x3c888888,,12,6861008,12,6861008,,0,,10a368007ca368000200000048fd8800010000001858aa04,10a368007ca368000200000048fd8800010000001858aa04
903,902,6,2,2,0,0,0,0,1,0x3c888888,,12,6861008,12,6861008,,0,,10a368007ca368000200000048fd8800010000001858aa04,10a368007ca368000200000048fd8800010000001858aa04
904,903,6,0,0,0,0,0,0,1,0x3c888888,A18,18,6849368,18,6849368,,0,,a8b1cf1060b2cf10e0fb880001000000ac63aa04,a8b1cf1060b2cf10e0fb880001000000ac63aa04
904,903,6,2,2,0,0,0,0,1,0x3c888888,,12,6861008,12,6861008,,0,,10a368007ca368000200000048fd8800010000001858aa04,10a368007ca368000200000048fd8800010000001858aa04
905,904,6,0,0,255,0,0,0,1,0x3c888888,,18,6849368,18,6849368,2,0,,a8b1cf1060b2cf10e0fb880001000000ac63aa04,a8b1cf1060b2cf10e0fb880003000000ac63aa04
905,904,6,2,2,0,0,0,0,1,0x3c888888,,12,6861008,12,6861008,,0,,10a368007ca368000200000048fd8800010000001858aa04,10a368007ca368000200000048fd8800010000001858aa04
906,905,6,0,0,0,255,0,0,1,0x3c888888,,18,6849368,18,6849368,1,0,,a8b1cf1060b2cf10e0fb880003000000ac63aa04,a8b1cf1060b2cf10e0fb880004000000ac63aa04
906,905,6,2,2,0,0,0,0,1,0x3c888888,,12,6861008,12,6861008,,0,,10a368007ca368000200000048fd8800010000001858aa04,10a368007ca368000200000048fd8800010000001858aa04
907,906,6,0,0,0,0,0,0,1,0x3c888888,,18,6849368,-1,0,,1,0x45bd67,a8b1cf1060b2cf10e0fb880004000000ac63aa04,
907,906,6,2,2,0,0,0,0,1,0x3c888888,,12,6861008,12,6861008,,0,,10a368007ca368000200000048fd8800010000001858aa04,10a368007ca368000200000048fd8800010000001858aa04
908,907,6,2,2,0,0,0,0,1,0x3c888888,,12,6861008,12,6861008,,0,,10a368007ca368000200000048fd8800010000001858aa04,10a368007ca368000200000048fd8800010000001858aa04
909,908,6,2,2,0,0,0,0,1,0x3c888888,,12,6861008,12,6861008,,0,,10a368007ca368000200000048fd8800010000001858aa04,10a368007ca368000200000048fd8800010000001858aa04
910,909,6,2,2,0,0,0,0,1,0x3c888888,,12,6861008,12,6861008,,0,,10a368007ca368000200000048fd8800010000001858aa04,10a368007ca368000200000048fd8800010000001858aa04
911,910,6,2,2,0,0,0,0,1,0x3c888888,,12,6861008,12,6861008,,0,,10a368007ca368000200000048fd8800010000001858aa04,10a368007ca368000200000048fd8800010000001858aa04
912,911,6,2,2,0,0,0,0,1,0x3c888888,,12,6861008,12,6861008,,0,,10a368007ca368000200000048fd8800010000001858aa04,10a368007ca368000200000048fd8800010000001858aa04
913,912,6,2,2,0,0,0,0,1,0x3c888888,,12,6861008,12,6861008,,0,,10a368007ca368000200000048fd8800010000001858aa04,10a368007ca368000200000048fd8800010000001858aa04
914,913,6,2,2,0,0,0,0,1,0x3c888888,,12,6861008,12,6861008,,0,,10a368007ca368000200000048fd8800010000001858aa04,10a368007ca368000200000048fd8800010000001858aa04
915,914,6,2,2,0,0,0,0,1,0x3c888888,,12,6861008,12,6861008,,0,,10a368007ca368000200000048fd8800010000001858aa04,10a368007ca368000200000048fd8800010000001858aa04
916,915,6,1,1,0,0,0,0,1,0x3c888888,,19,6857312,19,6857312,,0,,0000803f0100000094fc8800e464aa04,0000803f0100000094fc8800e464aa04
916,915,6,2,2,0,0,0,0,1,0x3c888888,,12,6861008,12,6861008,,0,,10a368007ca368000200000048fd8800010000001858aa04,10a368007ca368000200000048fd8800010000001858aa04
917,916,6,1,1,0,0,0,0,1,0x3c888888,,19,6857312,19,6857312,,0,,0000803f0100000094fc8800e464aa04,0000803f0100000094fc8800e464aa04
917,916,6,2,2,0,0,0,0,1,0x3c888888,,12,6861008,12,6861008,,0,,10a368007ca368000200000048fd8800010000001858aa04,10a368007ca368000200000048fd8800010000001858aa04
918,917,6,1,1,0,0,0,0,1,0x3c888888,,19,6857312,19,6857312,,0,,0000803f0100000094fc8800e464aa04,0000803f0100000094fc8800e464aa04
918,917,6,2,2,0,0,0,0,1,0x3c888888,,12,6861008,12,6861008,,0,,10a368007ca368000200000048fd8800010000001858aa04,10a368007ca368000200000048fd8800010000001858aa04
919,918,6,1,1,0,0,0,0,1,0x3c888888,,19,6857312,19,6857312,,0,,0000803f0100000094fc8800e464aa04,0000803f0100000094fc8800e464aa04
919,918,6,2,2,0,0,0,0,1,0x3c888888,,12,6861008,12,6861008,,0,,10a368007ca368000200000048fd8800010000001858aa04,10a368007ca368000200000048fd8800010000001858aa04
920,919,6,1,1,0,0,0,0,1,0x3c888888,,19,6857312,19,6857312,,0,,0000803f0100000094fc8800e464aa04,0000803f0100000094fc8800e464aa04
920,919,6,2,2,0,0,0,0,1,0x3c888888,,12,6861008,12,6861008,,0,,10a368007ca368000200000048fd8800010000001858aa04,10a368007ca368000200000048fd8800010000001858aa04
921,920,6,1,1,0,0,0,0,1,0x3c888888,,19,6857312,19,6857312,,0,,0000803f0100000094fc8800e464aa04,0000803f0100000094fc8800e464aa04
921,920,6,2,2,0,0,0,0,1,0x3c888888,,12,6861008,12,6861008,,0,,10a368007ca368000200000048fd8800010000001858aa04,10a368007ca368000200000048fd8800010000001858aa04
922,921,6,1,1,0,0,0,0,1,0x3c888888,,19,6857312,19,6857312,,0,,0000803f0100000094fc8800e464aa04,0000803f0100000094fc8800e464aa04
922,921,6,2,2,0,0,0,0,1,0x3c888888,,12,6861008,12,6861008,,0,,10a368007ca368000200000048fd8800010000001858aa04,10a368007ca368000200000048fd8800010000001858aa04
923,922,6,1,1,0,0,0,0,1,0x3c888888,,19,6857312,19,6857312,,0,,0000803f0100000094fc8800e464aa04,0000803f0100000094fc8800e464aa04
923,922,6,2,2,0,0,0,0,1,0x3c888888,,12,6861008,12,6861008,,0,,10a368007ca368000200000048fd8800010000001858aa04,10a368007ca368000200000048fd8800010000001858aa04
924,923,6,1,1,0,0,0,0,1,0x3c888888,,19,6857312,19,6857312,,0,,0000803f0100000094fc8800e464aa04,0000803f0100000094fc8800e464aa04
924,923,6,2,2,0,0,0,0,1,0x3c888888,,12,6861008,12,6861008,,0,,10a368007ca368000200000048fd8800010000001858aa04,10a368007ca368000200000048fd8800010000001858aa04
925,924,6,1,1,0,0,0,0,1,0x3c888888,,19,6857312,19,6857312,,0,,0000803f0100000094fc8800e464aa04,0000803f0100000094fc8800e464aa04
925,924,6,2,2,0,0,0,0,1,0x3c888888,,12,6861008,12,6861008,,0,,10a368007ca368000200000048fd8800010000001858aa04,10a368007ca368000200000048fd8800010000001858aa04
926,925,6,1,1,0,0,0,0,1,0x3c888888,,19,6857312,19,6857312,,0,,0000803f0100000094fc8800e464aa04,0000803f0100000094fc8800e464aa04
926,925,6,2,2,0,0,0,0,1,0x3c888888,,12,6861008,12,6861008,,0,,10a368007ca368000200000048fd8800010000001858aa04,10a368007ca368000200000048fd8800010000001858aa04
927,926,6,1,1,0,0,0,0,1,0x3c888888,,19,6857312,19,6857312,,0,,0000803f0100000094fc8800e464aa04,0000803f0100000094fc8800e464aa04
927,926,6,2,2,0,0,0,0,1,0x3c888888,,12,6861008,12,6861008,,0,,10a368007ca368000200000048fd8800010000001858aa04,10a368007ca368000200000048fd8800010000001858aa04
928,927,6,1,1,0,0,0,0,1,0x3c888888,,19,6857312,19,6857312,,0,,0000803f0100000094fc8800e464aa04,0000803f0100000094fc8800e464aa04
928,927,6,2,2,0,0,0,0,1,0x3c888888,,12,6861008,12,6861008,,0,,10a368007ca368000200000048fd8800010000001858aa04,10a368007ca368000200000048fd8800010000001858aa04
929,928,6,1,1,0,0,0,0,1,0x3c888888,,19,6857312,19,6857312,,0,,0000803f0100000094fc8800e464aa04,0000803f0100000094fc8800e464aa04
929,928,6,2,2,0,0,0,0,1,0x3c888888,,12,6861008,12,6861008,,0,,10a368007ca368000200000048fd8800010000001858aa04,10a368007ca368000200000048fd8800010000001858aa04
930,929,6,1,1,0,0,0,0,1,0x3c888888,,19,6857312,19,6857312,,0,,0000803f0100000094fc8800e464aa04,0000803f0100000094fc8800e464aa04
930,929,6,2,2,0,0,0,0,1,0x3c888888,,12,6861008,12,6861008,,0,,10a368007ca368000200000048fd8800010000001858aa04,10a368007ca368000200000048fd8800010000001858aa04
931,930,6,1,1,0,0,0,0,1,0x3c888888,,19,6857312,19,6857312,,0,,0000803f0100000094fc8800e464aa04,0000803f0100000094fc8800e464aa04
931,930,6,2,2,0,0,0,0,1,0x3c888888,,12,6861008,12,6861008,,0,,10a368007ca368000200000048fd8800010000001858aa04,10a368007ca368000200000048fd8800010000001858aa04
932,931,6,1,1,0,0,0,0,1,0x3c888888,,19,6857312,19,6857312,,0,,0000803f0100000094fc8800e464aa04,0000803f0100000094fc8800e464aa04
932,931,6,2,2,0,0,0,0,1,0x3c888888,,12,6861008,12,6861008,,0,,10a368007ca368000200000048fd8800010000001858aa04,10a368007ca368000200000048fd8800010000001858aa04
933,932,6,1,1,0,0,0,0,1,0x3c888888,,19,6857312,19,6857312,,0,,0000803f0100000094fc8800e464aa04,0000803f0100000094fc8800e464aa04
933,932,6,2,2,0,0,0,0,1,0x3c888888,,12,6861008,12,6861008,,0,,10a368007ca368000200000048fd8800010000001858aa04,10a368007ca368000200000048fd8800010000001858aa04
934,933,6,1,1,0,0,0,0,1,0x3c888888,,19,6857312,19,6857312,,0,,0000803f0100000094fc8800e464aa04,0000803f0100000094fc8800e464aa04
934,933,6,2,2,0,0,0,0,1,0x3c888888,,12,6861008,12,6861008,,0,,10a368007ca368000200000048fd8800010000001858aa04,10a368007ca368000200000048fd8800010000001858aa04
935,934,6,1,1,0,0,0,0,1,0x3c888888,,19,6857312,19,6857312,,0,,0000803f0100000094fc8800e464aa04,0000803f0100000094fc8800e464aa04
935,934,6,2,2,0,0,0,0,1,0x3c888888,,12,6861008,12,6861008,,0,,10a368007ca368000200000048fd8800010000001858aa04,10a368007ca368000200000048fd8800010000001858aa04
936,935,6,1,1,0,0,0,0,1,0x3c888888,,19,6857312,19,6857312,,0,,0000803f0100000094fc8800e464aa04,0000803f0100000094fc8800e464aa04
936,935,6,2,2,0,0,0,0,1,0x3c888888,,12,6861008,12,6861008,,0,,10a368007ca368000200000048fd8800010000001858aa04,10a368007ca368000200000048fd8800010000001858aa04
937,936,6,1,1,0,0,0,0,1,0x3c888888,,19,6857312,19,6857312,,0,,0000803f0100000094fc8800e464aa04,0000803f0100000094fc8800e464aa04
937,936,6,2,2,0,0,0,0,1,0x3c888888,,12,6861008,12,6861008,,0,,10a368007ca368000200000048fd8800010000001858aa04,10a368007ca368000200000048fd8800010000001858aa04
938,937,6,0,0,0,0,0,0,1,0x3c888888,A9,9,6850224,9,6850224,,0,,e0fb880000000000ac56aa040100000032000000000000000000000000000000000000000000000000000000c866c1105865c1107862c1103063c1101066c110e863c110a064c110,e0fb880000000000ac56aa040100000032000000000000000000000000000000c045273f0000000000000000c866c1105865c1107862c1103063c1101066c110e863c110a064c110
938,937,6,1,1,0,0,0,0,1,0x3c888888,,19,6857312,19,6857312,,0,,0000803f0100000094fc8800e464aa04,0000803f0100000094fc8800e464aa04
938,937,6,2,2,0,0,0,0,1,0x3c888888,,12,6861008,12,6861008,,0,,10a368007ca368000200000048fd8800010000001858aa04,10a368007ca368000200000048fd8800010000001858aa04
939,938,6,0,0,255,0,0,0,1,0x3c888888,,9,6850224,9,6850224,2,0,,e0fb880000000000ac56aa040100000032000000000000000000000000000000c045273f0000000000000000c866c1105865c1107862c1103063c1101066c110e863c110a064c110,e0fb88004b7e313dac56aa0401000000310000000100000000004040000040403e258e3f0000000000000000c866c1105865c1107862c1103063c1101066c110e863c110a064c110
939,938,6,1,1,0,0,0,0,1,0x3c888888,,19,6857312,19,6857312,,0,,0000803f0100000094fc8800e464aa04,0000803f0100000094fc8800e464aa04
939,938,6,2,2,0,0,0,0,1,0x3c888888,,12,6861008,12,6861008,,0,,10a368007ca368000200000048fd8800010000001858aa04,10a368007ca368000200000048fd8800010000001858aa04
940,939,6,0,0,0,255,0,0,1,0x3c888888,,9,6850224,9,6850224,1,0,,e0fb88004b7e313dac56aa0401000000310000000000000000004040000040403e258e3f0000000000000000c866c1105865c1107862c1103063c1101066c110e863c110a064c110,e0fb88000e74da3cac56aa040100000031000000000000000000c04000001041a0c8c43f2cb2d83e00000000c866c1105865c1107862c1103063c1101066c110e863c110a064c110
940,939,6,1,1,0,0,0,0,1,0x3c888888,,19,6857312,19,6857312,,0,,0000803f0100000094fc8800e464aa04,0000803f0100000094fc8800e464aa04
940,939,6,2,2,0,0,0,0,1,0x3c888888,,12,6861008,12,6861008,,0,,10a368007ca368000200000048fd8800010000001858aa04,10a368007ca368000200000048fd8800010000001858aa04
941,940,6,0,0,0,0,0,0,1,0x3c888888,,9,6850224,9,6850224,,0,,e0fb88000e74da3cac56aa040100000031000000000000000000c04000001041a0c8c43f2cb2d83e00000000c866c1105865c1107862c1103063c1101066c110e863c110a064c110,e0fb88000cd7233cac56aa040100000031000000000000000000a04000006041552ef43f2cb2d83e00000000c866c1105865c1107862c1103063c1101066c110e863c110a064c110
941,940,6,1,1,0,0,0,0,1,0x3c888888,,19,6857312,19,6857312,,0,,0000803f0100000094fc8800e464aa04,0000803f0100000094fc8800e464aa04
941,940,6,2,2,0,0,0,0,1,0x3c888888,,12,6861008,12,6861008,,0,,10a368007ca368000200000048fd8800010000001858aa04,10a368007ca368000200000048fd8800010000001858aa04
942,941,6,0,0,0,0,0,0,1,0x3c888888,,9,6850224,9,6850224,,0,,e0fb88000cd7233cac56aa040100000031000000000000000000a04000006041552ef43f2cb2d83e00000000c866c1105865c1107862c1103063c1101066c110e863c110a064c110,e0fb88000874dabbac56aa0401000000310000000000000000008040000090412c980e402cb2d83e00000000c866c1105865c1107862c1103063c1101066c110e863c110a064c110
942,941,6,1,1,0,0,0,0,1,0x3c888888,,19,6857312,19,6857312,,0,,0000803f0100000094fc8800e464aa04,0000803f0100000094fc8800e464aa04
942,941,6,2,2,0,0,0,0,1,0x3c888888,,12,6861008,12,6861008,,0,,10a368007ca368000200000048fd8800010000001858aa04,10a368007ca368000200000048fd8800010000001858aa04
943,942,6,0,0,0,0,0,0,1,0x3c888888,,9,6850224,9,6850224,,0,,e0fb88000874dabbac56aa0401000000310000000000000000008040000090412c980e402cb2d83e00000000c866c1105865c1107862c1103063c1101066c110e863c110a064c110,e0fb880000000000ac56aa04010000003100000000000000000040400000a841607f36402cb2d83e00000000c866c1105865c1107862c1103063c1101066c110e863c110a064c110
943,942,6,1,1,0,0,0,0,1,0x3c888888,,19,6857312,19,6857312,,0,,0000803f0100000094fc8800e464aa04,0000803f0100000094fc8800e464aa04
943,942,6,2,2,0,0,0,0,1,0x3c888888,,12,6861008,12,6861008,,0,,10a368007ca368000200000048fd8800010000001858aa04,10a368007ca368000200000048fd8800010000001858aa04
944,943,6,0,0,0,0,0,0,1,0x3c888888,,9,6850224,9,6850224,,0,,e0fb880000000000ac56aa04010000003100000000000000000040400000a841607f36402cb2d83e00000000c866c1105865c1107862c1103063c1101066c110e863c110a064c110,e0fb880000000000ac56aa04010000003100000000000000000000400000b841bade59405efcb34300000000c866c1105865c1107862c1103063c1101066c110e863c110a064c110
944,943,6,1,1,0,0,0,0,1,0x3c888888,,19,6857312,19,6857312,,0,,0000803f0100000094fc8800e464aa04,0000803f0100000094fc8800e464aa04
944,943,6,2,2,0,0,0,0,1,0x3c888888,,12,6861008,12,6861008,,0,,10a368007ca368000200000048fd8800010000001858aa04,10a368007ca368000200000048fd8800010000001858aa04
945,944,6,0,0,0,0,0,0,1,0x3c888888,,9,6850224,9,6850224,,0,,e0fb880000000000ac56aa04010000003100000000000000000000400000b841bade59405efcb34300000000c866c1105865c1107862c1103063c1101066c110e863c110a064c110,e0fb880000000000ac56aa040100000031000000000000000000803f0000c0413b9b7940feaeb34300000000c866c1105865c1107862c1103063c1101066c110e863c110a064c110
945,944,6,1,1,0,0,0,0,1,0x3c888888,,19,6857312,19,6857312,,0,,0000803f0100000094fc8800e464aa04,0000803f0100000094fc8800e464aa04
945,944,6,2,2,0,0,0,0,1,0x3c888888,,12,6861008,12,6861008,,0,,10a368007ca368000200000048fd8800010000001858aa04,10a368007ca368000200000048fd8800010000001858aa04
946,945,6,0,0,255,0,0,0,1,0x3c888888,,9,6850224,9,6850224,2,0,,e0fb880000000000ac56aa040100000031000000000000000000803f0000c0413b9b7940feaeb34300000000c866c1105865c1107862c1103063c1101066c110e863c110a064c110,e0fb88004b7e313dac56aa04010000003000000001000000000080400000e0412e498b404c4fb34300000000c866c1105865c1107862c1103063c1101066c110e863c110a064c110
946,945,6,1,1,0,0,0,0,1,0x3c888888,,19,6857312,19,6857312,,0,,0000803f0100000094fc8800e464aa04,0000803f0100000094fc8800e464aa04
946,945,6,2,2,0,0,0,0,1,0x3c888888,,12,6861008,12,6861008,,0,,10a368007ca368000200000048fd8800010000001858aa04,10a368007ca368000200000048fd8800010000001858aa04
947,946,6,0,0,255,255,0,0,1,0x3c888888,,9,6850224,9,6850224,3,0,,e0fb88004b7e313dac56aa04010000003000000000000000000080400000e0412e498b404c4fb34300000000c866c1105865c1107862c1103063c1101066c110e863c110a064c110,e0fb88000e74da3cac56aa040100000030000000000000000000e04000000c4285969840b2dfb24300000000c866c1105865c1107862c1103063c1101066c110e863c110a064c110
947,946,6,1,1,0,0,0,0,1,0x3c888888,,19,6857312,19,6857312,,0,,0000803f0100000094fc8800e464aa04,0000803f0100000094fc8800e464aa04
947,946,6,2,2,0,0,0,0,1,0x3c888888,,12,6861008,12,6861008,,0,,10a368007ca368000200000048fd8800010000001858aa04,10a368007ca368000200000048fd8800010000001858aa04
948,947,6,0,0,0,255,0,0,1,0x3c888888,,9,6850224,9,6850224,1,0,,e0fb88000e74da3cac56aa040100000030000000000000000000e04000000c4285969840b2dfb24300000000c866c1105865c1107862c1103063c1101066c110e863c110a064c110,e0fb88000cd7233cac56aa04010000003000000000000000000020410000344292f9a4409f60b24300000000c866c1105865c1107862c1103063c1101066c110e863c110a064c110
948,947,6,1,1,0,0,0,0,1,0x3c888888,,19,6857312,19,6857312,,0,,0000803f0100000094fc8800e464aa04,0000803f0100000094fc8800e464aa04
948,947,6,2,2,0,0,0,0,1,0x3c888888,,12,6861008,12,6861008,,0,,10a368007ca368000200000048fd8800010000001858aa04,10a368007ca368000200000048fd8800010000001858aa04
949,948,6,0,0,0,0,0,0,1,0x3c888888,,9,6850224,9,6850224,,0,,e0fb88000cd7233cac56aa04010000003000000000000000000020410000344292f9a4409f60b24300000000c866c1105865c1107862c1103063c1101066c110e863c110a064c110,e0fb88000874dabbac56aa04010000003000000000000000000010410000584230f681408abab24300000000c866c1105865c1107862c1103063c1101066c110e863c110a064c110
949,948,6,1,1,0,0,0,0,1,0x3c888888,,19,6857312,19,6857312,,0,,0000803f0100000094fc8800e464aa04,0000803f0100000094fc8800e464aa04
949,948,6,2,2,0,0,0,0,1,0x3c888888,,12,6861008,12,6861008,,0,,10a368007ca368000200000048fd8800010000001858aa04,10a368007ca368000200000048fd8800010000001858aa04
950,949,6,0,0,0,0,0,0,1,0x3c888888,,9,6850224,9,6850224,,0,,e0fb88000874dabbac56aa04010000003000000000000000000010410000584230f681408abab24300000000c866c1105865c1107862c1103063c1101066c110e863c110a064c110,e0fb880000000000ac56aa0401000000300000000000000000000041000078427a31504083fdb24300000000c866c1105865c1107862c1103063c1101066c110e863c110a064c110
950,949,6,1,1,0,0,0,0,1,0x3c888888,,19,6857312,19,6857312,,0,,0000803f0100000094fc8800e464aa04,0000803f0100000094fc8800e464aa04
950,949,6,2,2,0,0,0,0,1,0x3c888888,,12,6861008,12,6861008,,0,,10a368007ca368000200000048fd8800010000001858aa04,10a368007ca368000200000048fd8800010000001858aa04
951,950,6,0,0,0,0,0,0,1,0x3c888888,,9,6850224,9,6850224,,0,,e0fb880000000000ac56aa0401000000300000000000000000000041000078427a31504083fdb24300000000c866c1105865c1107862c1103063c1101066c110e863c110a064c110,e0fb880000000000ac56aa040100000030000000000000000000e04000008a4228252a40cd2fb34300000000c866c1105865c1107862c1103063c1101066c110e863c110a064c110
951,950,6,1,1,0,0,0,0,1,0x3c888888,,19,6857312,19,6857312,,0,,0000803f0100000094fc8800e464aa04,0000803f0100000094fc8800e464aa04
951,950,6,2,2,0,0,0,0,1,0x3c888888,,12,6861008,12,6861008,,0,,10a368007ca368000200000048fd8800010000001858aa04,10a368007ca368000200000048fd8800010000001858aa04
952,951,6,0,0,0,0,0,0,1,0x3c888888,,9,6850224,9,6850224,,0,,e0fb880000000000ac56aa040100000030000000000000000000e04000008a4228252a40cd2fb34300000000c866c1105865c1107862c1103063c1101066c110e863c110a064c110,e0fb880000000000ac56aa040100000030000000000000000000c04000009642f8230e40db55b34300000000c866c1105865c1107862c1103063c1101066c110e863c110a064c110
952,951,6,1,1,0,0,0,0,1,0x3c888888,,19,6857312,19,6857312,,0,,0000803f0100000094fc8800e464aa04,0000803f0100000094fc8800e464aa04
952,951,6,2,2,0,0,0,0,1,0x3c888888,,12,6861008,12,6861008,,0,,10a368007ca368000200000048fd8800010000001858aa04,10a368007ca368000200000048fd8800010000001858aa04
953,952,6,0,0,0,0,0,0,1,0x3c888888,,9,6850224,9,6850224,,0,,e0fb880000000000ac56aa040100000030000000000000000000c04000009642f8230e40db55b34300000000c866c1105865c1107862c1103063c1101066c110e863c110a064c110,e0fb880000000000ac56aa040100000030000000000000000000a0400000a042e461f23fdb55b34300000000c866c1105865c1107862c1103063c1101066c110e863c110a064c110
953,952,6,1,1,0,0,0,0,1,0x3c888888,,19,6857312,19,6857312,,0,,0000803f0100000094fc8800e464aa04,0000803f0100000094fc8800e464aa04
953,952,6,2,2,0,0,0,0,1,0x3c888888,,12,6861008,12,6861008,,0,,10a368007ca368000200000048fd8800010000001858aa04,10a368007ca368000200000048fd8800010000001858aa04
954,953,6,0,0,255,0,0,0,1,0x3c888888,,9,6850224,9,6850224,2,0,,e0fb880000000000ac56aa040100000030000000000000000000a0400000a042e461f23fdb55b34300000000c866c1105865c1107862c1103063c1101066c110e863c110a064c110,e0fb88004b7e313dac56aa04010000002f00000001000000000000410000b042e461f23fdb55b34300000000c866c1105865c1107862c1103063c1101066c110e863c110a064c110
954,953,6,1,1,0,0,0,0,1,0x3c888888,,19,6857312,19,6857312,,0,,0000803f0100000094fc8800e464aa04,0000803f0100000094fc8800e464aa04
954,953,6,2,2,0,0,0,0,1,0x3c888888,,12,6861008,12,6861008,,0,,10a368007ca368000200000048fd8800010000001858aa04,10a368007ca368000200000048fd8800010000001858aa04
955,954,6,0,0,255,255,0,0,1,0x3c888888,,9,6850224,9,6850224,3,0,,e0fb88004b7e313dac56aa04010000002f00000000000000000000410000b042e461f23fdb55b34300000000c866c1105865c1107862c1103063c1101066c110e863c110a064c110,e0fb88000e74da3cac56aa04010000002f00000000000000000030410000c642e461f23fdb55b34300000000c866c1105865c1107862c1103063c1101066c110e863c110a064c110
955,954,6,1,1,0,0,0,0,1,0x3c888888,,19,6857312,19,6857312,,0,,0000803f0100000094fc8800e464aa04,0000803f0100000094fc8800e464aa04
955,954,6,2,2,0,0,0,0,1,0x3c888888,,12,6861008,12,6861008,,0,,10a368007ca368000200000048fd8800010000001858aa04,10a368007ca368000200000048fd8800010000001858aa04
956,955,6,0,0,255,255,0,0,1,0x3c888888,,9,6850224,9,6850224,3,0,,e0fb88000e74da3cac56aa04010000002f00000000000000000030410000c642e461f23fdb55b34300000000c866c1105865c1107862c1103063c1101066c110e863c110a064c110,e0fb88000cd7233cac56aa04010000002f00000000000000000060410000e242e461f23fdb55b34300000000c866c1105865c1107862c1103063c1101066c110e863c110a064c110
956,955,6,1,1,0,0,0,0,1,0x3c888888,,19,6857312,19,6857312,,0,,0000803f0100000094fc8800e464aa04,0000803f0100000094fc8800e464aa04
956,955,6,2,2,0,0,0,0,1,0x3c888888,,12,6861008,12,6861008,,0,,10a368007ca368000200000048fd8800010000001858aa04,10a368007ca368000200000048fd8800010000001858aa04
957,956,6,0,0,255,255,0,0,1,0x3c888888,,9,6850224,9,6850224,3,0,,e0fb88000cd7233cac56aa04010000002f00000000000000000060410000e242e461f23fdb55b34300000000c866c1105865c1107862c1103063c1101066c110e863c110a064c110,e0fb88000874dabbac56aa04010000002f000000000000000000884100000243e461f23fdb55b34300000000c866c1105865c1107862c1103063c1101066c110e863c110a064c110
957,956,6,1,1,0,0,0,0,1,0x3c888888,,19,6857312,19,6857312,,0,,0000803f0100000094fc8800e464aa04,0000803f0100000094fc8800e464aa04
957,956,6,2,2,0,0,0,0,1,0x3c888888,,12,6861008,12,6861008,,0,,10a368007ca368000200000048fd8800010000001858aa04,10a368007ca368000200000048fd8800010000001858aa04
958,957,6,0,0,255,255,0,0,1,0x3c888888,,9,6850224,9,6850224,3,0,,e0fb88000874dabbac56aa04010000002f000000000000000000884100000243e461f23fdb55b34300000000c866c1105865c1107862c1103063c1101066c110e863c110a064c110,e0fb880000000000ac56aa04010000002f000000000000000000a04100001643e461f23fdb55b34300000000c866c1105865c1107862c1103063c1101066c110e863c110a064c110
958,957,6,1,1,0,0,0,0,1,0x3c888888,,19,6857312,19,6857312,,0,,0000803f0100000094fc8800e464aa04,0000803f0100000094fc8800e464aa04
958,957,6,2,2,0,0,0,0,1,0x3c888888,,12,6861008,12,6861008,,0,,10a368007ca368000200000048fd8800010000001858aa04,10a368007ca368000200000048fd8800010000001858aa04
959,958,6,0,0,255,255,0,0,1,0x3c888888,,9,6850224,9,6850224,3,0,,e0fb880000000000ac56aa04010000002f000000000000000000a04100001643e461f23fdb55b34300000000c866c1105865c1107862c1103063c1101066c110e863c110a064c110,e0fb88004b7e313dac56aa04010000002e000000010000000000b84100002d43e461f23fdb55b34300000000c866c1105865c1107862c1103063c1101066c110e863c110a064c110
959,958,6,1,1,0,0,0,0,1,0x3c888888,,19,6857312,19,6857312,,0,,0000803f0100000094fc8800e464aa04,0000803f0100000094fc8800e464aa04
959,958,6,2,2,0,0,0,0,1,0x3c888888,,12,6861008,12,6861008,,0,,10a368007ca368000200000048fd8800010000001858aa04,10a368007ca368000200000048fd8800010000001858aa04
960,959,6,0,0,0,255,0,0,1,0x3c888888,,9,6850224,9,6850224,1,0,,e0fb88004b7e313dac56aa04010000002e000000000000000000b84100002d43e461f23fdb55b34300000000c866c1105865c1107862c1103063c1101066c110e863c110a064c110,e0fb88000e74da3cac56aa04010000002e000000000000000000d04100004743e461f23fdb55b34300000000c866c1105865c1107862c1103063c1101066c110e863c110a064c110
960,959,6,1,1,0,0,0,0,1,0x3c888888,,19,6857312,19,6857312,,0,,0000803f0100000094fc8800e464aa04,0000803f0100000094fc8800e464aa04
960,959,6,2,2,0,0,0,0,1,0x3c888888,,12,6861008,12,6861008,,0,,10a368007ca368000200000048fd8800010000001858aa04,10a368007ca368000200000048fd8800010000001858aa04
961,960,6,0,0,0,0,0,0,1,0x3c888888,,9,6850224,9,6850224,,0,,e0fb88000e74da3cac56aa04010000002e000000000000000000d04100004743e461f23fdb55b34300000000c866c1105865c1107862c1103063c1101066c110e863c110a064c110,e0fb88000cd7233cac56aa04010000002e000000000000000000c84100006043e461f23fdb55b34300000000c866c1105865c1107862c1103063c1101066c110e863c110a064c110
961,960,6,1,1,0,0,0,0,1,0x3c888888,,19,6857312,19,6857312,,0,,0000803f0100000094fc8800e464aa04,0000803f0100000094fc8800e464aa04
961,960,6,2,2,0,0,0,0,1,0x3c888888,,12,6861008,12,6861008,,0,,10a368007ca368000200000048fd8800010000001858aa04,10a368007ca368000200000048fd8800010000001858aa04
962,961,6,0,0,0,0,0,0,1,0x3c888888,,9,6850224,9,6850224,,0,,e0fb88000cd7233cac56aa04010000002e000000000000000000c84100006043e461f23fdb55b34300000000c866c1105865c1107862c1103063c1101066c110e863c110a064c110,e0fb88000874dabbac56aa04010000002e000000000000000000c04100007843e461f23fdb55b34300000000c866c1105865c1107862c1103063c1101066c110e863c110a064c110
962,961,6,1,1,0,0,0,0,1,0x3c888888,,19,6857312,19,6857312,,0,,0000803f0100000094fc8800e464aa04,0000803f0100000094fc8800e464aa04
962,961,6,2,2,0,0,0,0,1,0x3c888888,,12,6861008,12,6861008,,0,,10a368007ca368000200000048fd8800010000001858aa04,10a368007ca368000200000048fd8800010000001858aa04
963,962,6,0,0,0,0,0,0,1,0x3c888888,,9,6850224,9,6850224,,0,,e0fb88000874dabbac56aa04010000002e000000000000000000c04100007843e461f23fdb55b34300000000c866c1105865c1107862c1103063c1101066c110e863c110a064c110,e0fb880000000000ac56aa04010000002e000000000000000000b84100808743e461f23fdb55b34300000000c866c1105865c1107862c1103063c1101066c110e863c110a064c110
963,962,6,1,1,0,0,0,0,1,0x3c888888,,19,6857312,19,6857312,,0,,0000803f0100000094fc8800e464aa04,0000803f0100000094fc8800e464aa04
963,962,6,2,2,0,0,0,0,1,0x3c888888,,12,6861008,12,6861008,,0,,10a368007ca368000200000048fd8800010000001858aa04,10a368007ca368000200000048fd8800010000001858aa04
964,963,6,0,0,0,0,0,0,1,0x3c888888,,9,6850224,9,6850224,,0,,e0fb880000000000ac56aa04010000002e000000000000000000b84100808743e461f23fdb55b34300000000c866c1105865c1107862c1103063c1101066c110e863c110a064c110,e0fb880000000000ac56aa04010000002e000000000000000000b04100809243e461f23fdb55b34300000000c866c1105865c1107862c1103063c1101066c110e863c110a064c110
964,963,6,1,1,0,0,0,0,1,0x3c888888,,19,6857312,19,6857312,,0,,0000803f0100000094fc8800e464aa04,0000803f0100000094fc8800e464aa04
964,963,6,2,2,0,0,0,0,1,0x3c888888,,12,6861008,12,6861008,,0,,10a368007ca368000200000048fd8800010000001858aa04,10a368007ca368000200000048fd8800010000001858aa04
965,964,6,0,0,0,0,0,0,1,0x3c888888,,9,6850224,9,6850224,,0,,e0fb880000000000ac56aa04010000002e000000000000000000b04100809243e461f23fdb55b34300000000c866c1105865c1107862c1103063c1101066c110e863c110a064c110,e0fb880000000000ac56aa04010000002e000000000000000000a84100009d43e461f23fdb55b34300000000c866c1105865c1107862c1103063c1101066c110e863c110a064c110
965,964,6,1,1,0,0,0,0,1,0x3c888888,,19,6857312,19,6857312,,0,,0000803f0100000094fc8800e464aa04,0000803f0100000094fc8800e464aa04
965,964,6,2,2,0,0,0,0,1,0x3c888888,,12,6861008,12,6861008,,0,,10a368007ca368000200000048fd8800010000001858aa04,10a368007ca368000200000048fd8800010000001858aa04
966,965,6,0,0,255,0,0,0,1,0x3c888888,,9,6850224,9,6850224,2,0,,e0fb880000000000ac56aa04010000002e000000000000000000a84100009d43e461f23fdb55b34300000000c866c1105865c1107862c1103063c1101066c110e863c110a064c110,e0fb88004b7e313dac56aa04010000002d000000010000000000c0410000a943e461f23fdb55b34300000000c866c1105865c1107862c1103063c1101066c110e863c110a064c110
966,965,6,1,1,0,0,0,0,1,0x3c888888,,19,6857312,19,6857312,,0,,0000803f0100000094fc8800e464aa04,0000803f0100000094fc8800e464aa04
966,965,6,2,2,0,0,0,0,1,0x3c888888,,12,6861008,12,6861008,,0,,10a368007ca368000200000048fd8800010000001858aa04,10a368007ca368000200000048fd8800010000001858aa04
967,966,6,0,0,255,255,0,0,1,0x3c888888,,9,6850224,9,6850224,3,0,,e0fb88004b7e313dac56aa04010000002d000000000000000000c0410000a943e461f23fdb55b34300000000c866c1105865c1107862c1103063c1101066c110e863c110a064c110,e0fb88000e74da3cac56aa04010000002d000000000000000000d8410080b643e461f23fdb55b34300000000c866c1105865c1107862c1103063c1101066c110e863c110a064c110
967,966,6,1,1,0,0,0,0,1,0x3c888888,,19,6857312,19,6857312,,0,,0000803f0100000094fc8800e464aa04,0000803f0100000094fc8800e464aa04
967,966,6,2,2,0,0,0,0,1,0x3c888888,,12,6861008,12,6861008,,0,,10a368007ca368000200000048fd8800010000001858aa04,10a368007ca368000200000048fd8800010000001858aa04
968,967,6,0,0,255,255,0,0,1,0x3c888888,,9,6850224,9,6850224,3,0,,e0fb88000e74da3cac56aa04010000002d000000000000000000d8410080b643e461f23fdb55b34300000000c866c1105865c1107862c1103063c1101066c110e863c110a064c110,e0fb88000cd7233cac56aa04010000002d000000000000000000f0410080c543e461f23fdb55b34300000000c866c1105865c1107862c1103063c1101066c110e863c110a064c110
968,967,6,1,1,0,0,0,0,1,0x3c888888,,19,6857312,19,6857312,,0,,0000803f0100000094fc8800e464aa04,0000803f0100000094fc8800e464aa04
968,967,6,2,2,0,0,0,0,1,0x3c888888,,12,6861008,12,6861008,,0,,10a368007ca368000200000048fd8800010000001858aa04,10a368007ca368000200000048fd8800010000001858aa04
969,968,6,0,0,255,255,0,0,1,0x3c888888,,9,6850224,9,6850224,3,0,,e0fb88000cd7233cac56aa04010000002d000000000000000000f0410080c543e461f23fdb55b34300000000c866c1105865c1107862c1103063c1101066c110e863c110a064c110,e0fb88000874dabbac56aa04010000002d00000000000000000004420000d643e461f23fdb55b34300000000c866c1105865c1107862c1103063c1101066c110e863c110a064c110
969,968,6,1,1,0,0,0,0,1,0x3c888888,,19,6857312,19,6857312,,0,,0000803f0100000094fc8800e464aa04,0000803f0100000094fc8800e464aa04
969,968,6,2,2,0,0,0,0,1,0x3c888888,,12,6861008,12,6861008,,0,,10a368007ca368000200000048fd8800010000001858aa04,10a368007ca368000200000048fd8800010000001858aa04
970,969,6,0,0,255,255,0,0,1,0x3c888888,,9,6850224,9,6850224,3,0,,e0fb88000874dabbac56aa04010000002d00000000000000000004420000d643e461f23fdb55b34300000000c866c1105865c1107862c1103063c1101066c110e863c110a064c110,e0fb880000000000ac56aa04010000002d00000000000000000010420000e843e461f23fdb55b34300000000c866c1105865c1107862c1103063c1101066c110e863c110a064c110
970,969,6,1,1,0,0,0,0,1,0x3c888888,,19,6857312,19,6857312,,0,,0000803f0100000094fc8800e464aa04,0000803f0100000094fc8800e464aa04
970,969,6,2,2,0,0,0,0,1,0x3c888888,,12,6861008,12,6861008,,0,,10a368007ca368000200000048fd8800010000001858aa04,10a368007ca368000200000048fd8800010000001858aa04
971,970,6,0,0,255,255,0,0,1,0x3c888888,,9,6850224,9,6850224,3,0,,e0fb880000000000ac56aa04010000002d00000000000000000010420000e843e461f23fdb55b34300000000c866c1105865c1107862c1103063c1101066c110e863c110a064c110,e0fb88004b7e313dac56aa04010000002c0000000100000000001c420080fb43e461f23fdb55b34300000000c866c1105865c1107862c1103063c1101066c110e863c110a064c110
971,970,6,1,1,0,0,0,0,1,0x3c888888,,19,6857312,19,6857312,,0,,0000803f0100000094fc8800e464aa04,0000803f0100000094fc8800e464aa04
971,970,6,2,2,0,0,0,0,1,0x3c888888,,12,6861008,12,6861008,,0,,10a368007ca368000200000048fd8800010000001858aa04,10a368007ca368000200000048fd8800010000001858aa04
972,971,6,0,0,255,255,0,0,1,0x3c888888,,9,6850224,9,6850224,3,0,,e0fb88004b7e313dac56aa04010000002c0000000000000000001c420080fb43e461f23fdb55b34300000000c866c1105865c1107862c1103063c1101066c110e863c110a064c110,e0fb88000e74da3cac56aa04010000002c000000000000000000284200400844e461f23fdb55b34300000000c866c1105865c1107862c1103063c1101066c110e863c110a064c110
972,971,6,1,1,0,0,0,0,1,0x3c888888,,19,6857312,19,6857312,,0,,0000803f0100000094fc8800e464aa04,0000803f0100000094fc8800e464aa04
972,971,6,2,2,0,0,0,0,1,0x3c888888,,12,6861008,12,6861008,,0,,10a368007ca368000200000048fd8800010000001858aa04,10a368007ca368000200000048fd8800010000001858aa04
973,972,6,0,0,255,255,0,0,1,0x3c888888,,9,6850224,9,6850224,3,0,,e0fb88000e74da3cac56aa04010000002c000000000000000000284200400844e461f23fdb55b34300000000c866c1105865c1107862c1103063c1101066c110e863c110a064c110,e0fb88000cd7233cac56aa04010000002c000000000000000000244200801244e461f23fdb55b34300000000c866c1105865c1107862c1103063c1101066c110e863c110a064c110
973,972,6,1,1,0,0,0,0,1,0x3c888888,,19,6857312,19,6857312,,0,,0000803f0100000094fc8800e464aa04,0000803f0100000094fc8800e464aa04
973,972,6,2,2,0,0,0,0,1,0x3c888888,,12,6861008,12,6861008,,0,,10a368007ca368000200000048fd8800010000001858aa04,10a368007ca368000200000048fd8800010000001858aa04
974,973,6,0,0,255,255,0,0,1,0x3c888888,,9,6850224,9,6850224,3,0,,e0fb88000cd7233cac56aa04010000002c000000000000000000244200801244e461f23fdb55b34300000000c866c1105865c1107862c1103063c1101066c110e863c110a064c110,e0fb88000874dabbac56aa04010000002c000000000000000000204200801c44e461f23fdb55b34300000000c866c1105865c1107862c1103063c1101066c110e863c110a064c110
974,973,6,1,1,0,0,0,0,1,0x3c888888,,19,6857312,19,6857312,,0,,0000803f0100000094fc8800e464aa04,0000803f0100000094fc8800e464aa04
974,973,6,2,2,1,0,0,0,1,0x3c888888,,12,6861008,12,6861008,2,0,,10a368007ca368000200000048fd8800010000001858aa04,10a36800000000000100000048fd8800010000001858aa04
975,974,6,0,0,255,255,0,0,1,0x3c888888,,9,6850224,9,6850224,3,0,,e0fb88000874dabbac56aa04010000002c000000000000000000204200801c44e461f23fdb55b34300000000c866c1105865c1107862c1103063c1101066c110e863c110a064c110,e0fb880000000000ac56aa04010000002c0000000000000000001c4200402644e461f23fdb55b34300000000c866c1105865c1107862c1103063c1101066c110e863c110a064c110
975,974,6,1,1,0,0,0,0,1,0x3c888888,,19,6857312,19,6857312,,0,,0000803f0100000094fc8800e464aa04,0000803f0100000094fc8800e464aa04
975,974,6,2,2,0,1,0,0,1,0x3c888888,,12,6861008,12,6861008,1,0,,10a36800000000000100000048fd8800010000001858aa04,10a36800000000000100000048fd8800010000001858aa04
976,975,6,0,0,255,255,0,0,1,0x3c888888,,9,6850224,9,6850224,3,0,,e0fb880000000000ac56aa04010000002c0000000000000000001c4200402644e461f23fdb55b34300000000c866c1105865c1107862c1103063c1101066c110e863c110a064c110,e0fb88004b7e313dac56aa04010000002b000000010000000000284200c030441082433e889db34300000000c866c1105865c1107862c1103063c1101066c110e863c110a064c110
976,975,6,1,1,0,0,0,0,1,0x3c888888,,19,6857312,19,6857312,,0,,0000803f0100000094fc8800e464aa04,0000803f0100000094fc8800e464aa04
976,975,6,2,2,0,0,0,0,1,0x3c888888,,12,6861008,12,6861008,,0,,10a36800000000000100000048fd8800010000001858aa04,10a36800000000000100000048fd8800010000001858aa04
977,976,6,0,0,255,255,0,0,1,0x3c888888,,9,6850224,9,6850224,3,0,,e0fb88004b7e313dac56aa04010000002b000000000000000000284200c030441082433e889db34300000000c866c1105865c1107862c1103063c1101066c110e863c110a064c110,e0fb88000e74da3cac56aa04010000002b000000000000000000244200003b440de2b343889db34300000000c866c1105865c1107862c1103063c1101066c110e863c110a064c110
977,976,6,1,1,0,0,0,0,1,0x3c888888,,19,6857312,19,6857312,,0,,0000803f0100000094fc8800e464aa04,0000803f0100000094fc8800e464aa04
977,976,6,2,2,0,0,0,0,1,0x3c888888,,12,6861008,12,6861008,,0,,10a36800000000000100000048fd8800010000001858aa04,10a36800000000000100000048fd8800010000001858aa04
978,977,6,0,0,255,255,0,0,1,0x3c888888,,9,6850224,9,6850224,3,0,,e0fb88000e74da3cac56aa04010000002b000000000000000000244200003b440de2b343889db34300000000c866c1105865c1107862c1103063c1101066c110e863c110a064c110,e0fb88000cd7233cac56aa04010000002b0000000000000000002042000045440de2b343889db34300000000c866c1105865c1107862c1103063c1101066c110e863c110a064c110
978,977,6,1,1,0,0,0,0,1,0x3c888888,,19,6857312,19,6857312,,0,,0000803f0100000094fc8800e464aa04,0000803f0100000094fc8800e464aa04
978,977,6,2,2,0,0,0,0,1,0x3c888888,,12,6861008,12,6861008,,0,,10a36800000000000100000048fd8800010000001858aa04,10a36800000000000100000048fd8800010000001858aa04
979,978,6,0,0,255,255,0,0,1,0x3c888888,,9,6850224,9,6850224,3,0,,e0fb88000cd7233cac56aa04010000002b0000000000000000002042000045440de2b343889db34300000000c866c1105865c1107862c1103063c1101066c110e863c110a064c110,e0fb88000874dabbac56aa04010000002b0000000000000000001c4200c04e440de2b343889db34300000000c866c1105865c1107862c1103063c1101066c110e863c110a064c110
979,978,6,1,1,0,0,0,0,1,0x3c888888,,19,6857312,19,6857312,,0,,0000803f0100000094fc8800e464aa04,0000803f0100000094fc8800e464aa04
979,978,6,2,2,0,0,0,0,1,0x3c888888,,12,6861008,12,6861008,,0,,10a36800000000000100000048fd8800010000001858aa04,10a36800000000000100000048fd8800010000001858aa04
980,979,6,0,0,255,255,0,0,1,0x3c888888,,9,6850224,9,6850224,3,0,,e0fb88000874dabbac56aa04010000002b0000000000000000001c4200c04e440de2b343889db34300000000c866c1105865c1107862c1103063c1101066c110e863c110a064c110,e0fb880000000000ac56aa04010000002b0000000000000000002842004059440de2b343889db34300000000c866c1105865c1107862c1103063c1101066c110e863c110a064c110
980,979,6,1,1,0,0,0,0,1,0x3c888888,,19,6857312,19,6857312,,0,,0000803f0100000094fc8800e464aa04,0000803f0100000094fc8800e464aa04
980,979,6,2,2,0,0,0,0,1,0x3c888888,,12,6861008,12,6861008,,0,,10a36800000000000100000048fd8800010000001858aa04,10a36800000000000100000048fd8800010000001858aa04
981,980,6,0,0,255,255,0,0,1,0x3c888888,,9,6850224,9,6850224,3,0,,e0fb880000000000ac56aa04010000002b0000000000000000002842004059440de2b343889db34300000000c866c1105865c1107862c1103063c1101066c110e863c110a064c110,e0fb88004b7e313dac56aa04010000002a0000000100000000002442008063440de2b343889db34300000000c866c1105865c1107862c1103063c1101066c110e863c110a064c110
981,980,6,1,1,0,0,0,0,1,0x3c888888,,19,6857312,19,6857312,,0,,0000803f0100000094fc8800e464aa04,0000803f0100000094fc8800e464aa04
981,980,6,2,2,0,0,0,0,1,0x3c888888,,12,6861008,12,6861008,,0,,10a36800000000000100000048fd8800010000001858aa04,10a36800000000000100000048fd8800010000001858aa04
982,981,6,0,0,255,255,0,0,1,0x3c888888,,9,6850224,9,6850224,3,0,,e0fb88004b7e313dac56aa04010000002a0000000000000000002442008063440de2b343889db34300000000c866c1105865c1107862c1103063c1101066c110e863c110a064c110,e0fb88000e74da3cac56aa04010000002a000000000000000000204200806d440de2b343889db34300000000c866c1105865c1107862c1103063c1101066c110e863c110a064c110
982,981,6,1,1,0,0,0,0,1,0x3c888888,,19,6857312,19,6857312,,0,,0000803f0100000094fc8800e464aa04,0000803f0100000094fc8800e464aa04
982,981,6,2,2,0,0,0,0,1,0x3c888888,,12,6861008,12,6861008,,0,,10a36800000000000100000048fd8800010000001858aa04,10a36800000000000100000048fd8800010000001858aa04
983,982,6,0,0,255,255,0,0,1,0x3c888888,,9,6850224,9,6850224,3,0,,e0fb88000e74da3cac56aa04010000002a000000000000000000204200806d440de2b343889db34300000000c866c1105865c1107862c1103063c1101066c110e863c110a064c110,e0fb88000cd7233cac56aa04010000002a0000000000000000001c42004077440de2b343889db34300000000c866c1105865c1107862c1103063c1101066c110e863c110a064c110
983,982,6,1,1,0,0,0,0,1,0x3c888888,,19,6857312,19,6857312,,0,,0000803f0100000094fc8800e464aa04,0000803f0100000094fc8800e464aa04
983,982,6,2,2,0,0,0,0,1,0x3c888888,,12,6861008,12,6861008,,0,,10a36800000000000100000048fd8800010000001858aa04,10a36800000000000100000048fd8800010000001858aa04
984,983,6,0,0,255,255,0,0,1,0x3c888888,,9,6850224,9,6850224,3,0,,e0fb88000cd7233cac56aa04010000002a0000000000000000001c42004077440de2b343889db34300000000c866c1105865c1107862c1103063c1101066c110e863c110a064c110,e0fb88000874dabbac56aa04010000002a000000000000000000284200e080440de2b343889db34300000000c866c1105865c1107862c1103063c1101066c110e863c110a064c110
984,983,6,1,1,0,0,0,0,1,0x3c888888,,19,6857312,19,6857312,,0,,0000803f0100000094fc8800e464aa04,0000803f0100000094fc8800e464aa04
984,983,6,2,2,0,0,0,0,1,0x3c888888,,12,6861008,12,6861008,,0,,10a36800000000000100000048fd8800010000001858aa04,10a36800000000000100000048fd8800010000001858aa04
985,984,6,0,0,255,255,0,0,1,0x3c888888,,9,6850224,9,6850224,3,0,,e0fb88000874dabbac56aa04010000002a000000000000000000284200e080440de2b343889db34300000000c866c1105865c1107862c1103063c1101066c110e863c110a064c110,e0fb880000000000ac56aa04010000002a0000000000000000002442000086440de2b343889db34300000000c866c1105865c1107862c1103063c1101066c110e863c110a064c110
985,984,6,1,1,0,0,0,0,1,0x3c888888,,19,6857312,19,6857312,,0,,0000803f0100000094fc8800e464aa04,0000803f0100000094fc8800e464aa04
985,984,6,2,2,0,0,0,0,1,0x3c888888,,12,6861008,12,6861008,,0,,10a36800000000000100000048fd8800010000001858aa04,10a36800000000000100000048fd8800010000001858aa04
986,985,6,0,0,255,255,0,0,1,0x3c888888,,9,6850224,9,6850224,3,0,,e0fb880000000000ac56aa04010000002a0000000000000000002442000086440de2b343889db34300000000c866c1105865c1107862c1103063c1101066c110e863c110a064c110,e0fb88004b7e313dac56aa040100000029000000010000000000204200008b440de2b343889db34300000000c866c1105865c1107862c1103063c1101066c110e863c110a064c110
986,985,6,1,1,0,0,0,0,1,0x3c888888,,19,6857312,19,6857312,,0,,0000803f0100000094fc8800e464aa04,0000803f0100000094fc8800e464aa04
986,985,6,2,2,0,0,0,0,1,0x3c888888,,12,6861008,12,6861008,,0,,10a36800000000000100000048fd8800010000001858aa04,10a36800000000000100000048fd8800010000001858aa04
987,986,6,0,0,255,255,0,0,1,0x3c888888,,9,6850224,9,6850224,3,0,,e0fb88004b7e313dac56aa040100000029000000000000000000204200008b440de2b343889db34300000000c866c1105865c1107862c1103063c1101066c110e863c110a064c110,e0fb88000e74da3cac56aa0401000000290000000000000000001c4200e08f440de2b343889db34300000000c866c1105865c1107862c1103063c1101066c110e863c110a064c110
987,986,6,1,1,0,0,0,0,1,0x3c888888,,19,6857312,19,6857312,,0,,0000803f0100000094fc8800e464aa04,0000803f0100000094fc8800e464aa04
987,986,6,2,2,0,0,0,0,1,0x3c888888,,12,6861008,12,6861008,,0,,10a36800000000000100000048fd8800010000001858aa04,10a36800000000000100000048fd8800010000001858aa04
988,987,6,0,0,255,255,0,0,1,0x3c888888,,9,6850224,9,6850224,3,0,,e0fb88000e74da3cac56aa0401000000290000000000000000001c4200e08f440de2b343889db34300000000c866c1105865c1107862c1103063c1101066c110e863c110a064c110,e0fb88000cd7233cac56aa0401000000290000000000000000002842002095440de2b343889db34300000000c866c1105865c1107862c1103063c1101066c110e863c110a064c110
988,987,6,1,1,0,0,0,0,1,0x3c888888,,19,6857312,19,6857312,,0,,0000803f0100000094fc8800e464aa04,0000803f0100000094fc8800e464aa04
988,987,6,2,2,0,0,0,0,1,0x3c888888,,12,6861008,12,6861008,,0,,10a36800000000000100000048fd8800010000001858aa04,10a36800000000000100000048fd8800010000001858aa04
989,988,6,0,0,255,255,0,0,1,0x3c888888,,9,6850224,9,6850224,3,0,,e0fb88000cd7233cac56aa0401000000290000000000000000002842002095440de2b343889db34300000000c866c1105865c1107862c1103063c1101066c110e863c110a064c110,e0fb88000874dabbac56aa040100000029000000000000000000244200409a440de2b343889db34300000000c866c1105865c1107862c1103063c1101066c110e863c110a064c110
989,988,6,1,1,0,0,0,0,1,0x3c888888,,19,6857312,19,6857312,,0,,0000803f0100000094fc8800e464aa04,0000803f0100000094fc8800e464aa04
989,988,6,2,2,0,0,0,0,1,0x3c888888,,12,6861008,12,6861008,,0,,10a36800000000000100000048fd8800010000001858aa04,10a36800000000000100000048fd8800010000001858aa04
990,989,6,0,0,255,255,0,0,1,0x3c888888,,9,6850224,9,6850224,3,0,,e0fb88000874dabbac56aa040100000029000000000000000000244200409a440de2b343889db34300000000c866c1105865c1107862c1103063c1101066c110e863c110a064c110,e0fb880000000000ac56aa040100000029000000000000000000204200409f440de2b343889db34300000000c866c1105865c1107862c1103063c1101066c110e863c110a064c110
990,989,6,1,1,0,0,0,0,1,0x3c888888,,19,6857312,19,6857312,,0,,0000803f0100000094fc8800e464aa04,0000803f0100000094fc8800e464aa04
990,989,6,2,2,0,0,0,0,1,0x3c888888,,12,6861008,12,6861008,,0,,10a36800000000000100000048fd8800010000001858aa04,10a36800000000000100000048fd8800010000001858aa04
991,990,6,0,0,255,255,0,0,1,0x3c888888,,9,6850224,9,6850224,3,0,,e0fb880000000000ac56aa040100000029000000000000000000204200409f440de2b343889db34300000000c866c1105865c1107862c1103063c1101066c110e863c110a064c110,e0fb88004b7e313dac56aa0401000000280000000100000000001c420020a4440de2b343889db34300000000c866c1105865c1107862c1103063c1101066c110e863c110a064c110
991,990,6,1,1,0,0,0,0,1,0x3c888888,,19,6857312,19,6857312,,0,,0000803f0100000094fc8800e464aa04,0000803f0100000094fc8800e464aa04
991,990,6,2,2,0,0,0,0,1,0x3c888888,,12,6861008,12,6861008,,0,,10a36800000000000100000048fd8800010000001858aa04,10a36800000000000100000048fd8800010000001858aa04
992,991,6,0,0,255,255,0,0,1,0x3c888888,,9,6850224,9,6850224,3,0,,e0fb88004b7e313dac56aa0401000000280000000000000000001c420020a4440de2b343889db34300000000c866c1105865c1107862c1103063c1101066c110e863c110a064c110,e0fb88000e74da3cac56aa04010000002800000000000000000028420060a9440de2b343889db34300000000c866c1105865c1107862c1103063c1101066c110e863c110a064c110
992,991,6,1,1,0,0,0,0,1,0x3c888888,,19,6857312,19,6857312,,0,,0000803f0100000094fc8800e464aa04,0000803f0100000094fc8800e464aa04
992,991,6,2,2,0,0,0,0,1,0x3c888888,,12,6861008,12,6861008,,0,,10a36800000000000100000048fd8800010000001858aa04,10a36800000000000100000048fd8800010000001858aa04
993,992,6,0,0,255,255,0,0,1,0x3c888888,,9,6850224,9,6850224,3,0,,e0fb88000e74da3cac56aa04010000002800000000000000000028420060a9440de2b343889db34300000000c866c1105865c1107862c1103063c1101066c110e863c110a064c110,e0fb88000cd7233cac56aa04010000002800000000000000000024420080ae440de2b343889db34300000000c866c1105865c1107862c1103063c1101066c110e863c110a064c110
993,992,6,1,1,0,0,0,0,1,0x3c888888,,19,6857312,19,6857312,,0,,0000803f0100000094fc8800e464aa04,0000803f0100000094fc8800e464aa04
993,992,6,2,2,0,0,0,0,1,0x3c888888,,12,6861008,12,6861008,,0,,10a36800000000000100000048fd8800010000001858aa04,10a36800000000000100000048fd8800010000001858aa04
994,993,6,0,0,255,255,0,0,1,0x3c888888,,9,6850224,9,6850224,3,0,,e0fb88000cd7233cac56aa04010000002800000000000000000024420080ae440de2b343889db34300000000c866c1105865c1107862c1103063c1101066c110e863c110a064c110,e0fb88000874dabbac56aa04010000002800000000000000000020420080b3440de2b343889db34300000000c866c1105865c1107862c1103063c1101066c110e863c110a064c110
994,993,6,1,1,0,0,0,0,1,0x3c888888,,19,6857312,19,6857312,,0,,0000803f0100000094fc8800e464aa04,0000803f0100000094fc8800e464aa04
994,993,6,2,2,0,0,0,0,1,0x3c888888,,12,6861008,12,6861008,,0,,10a36800000000000100000048fd8800010000001858aa04,10a36800000000000100000048fd8800010000001858aa04
995,994,6,0,0,255,255,0,0,1,0x3c888888,,9,6850224,9,6850224,3,0,,e0fb88000874dabbac56aa04010000002800000000000000000020420080b3440de2b343889db34300000000c866c1105865c1107862c1103063c1101066c110e863c110a064c110,e0fb880000000000ac56aa0401000000280000000000000000001c420060b8440de2b343889db34300000000c866c1105865c1107862c1103063c1101066c110e863c110a064c110
995,994,6,1,1,0,0,0,0,1,0x3c888888,,19,6857312,19,6857312,,0,,0000803f0100000094fc8800e464aa04,0000803f0100000094fc8800e464aa04
995,994,6,2,2,0,0,0,0,1,0x3c888888,,12,6861008,12,6861008,,0,,10a36800000000000100000048fd8800010000001858aa04,10a36800000000000100000048fd8800010000001858aa04
996,995,6,0,0,0,255,0,0,1,0x3c888888,,9,6850224,9,6850224,1,0,,e0fb880000000000ac56aa0401000000280000000000000000001c420060b8440de2b343889db34300000000c866c1105865c1107862c1103063c1101066c110e863c110a064c110,e0fb88004b7e313dac56aa040100000027000000010000000000284200a0bd440de2b343889db34300000000c866c1105865c1107862c1103063c1101066c110e863c110a064c110
996,995,6,1,1,0,0,0,0,1,0x3c888888,,19,6857312,19,6857312,,0,,0000803f0100000094fc8800e464aa04,0000803f0100000094fc8800e464aa04
996,995,6,2,2,0,0,0,0,1,0x3c888888,,12,6861008,12,6861008,,0,,10a36800000000000100000048fd8800010000001858aa04,10a36800000000000100000048fd8800010000001858aa04
997,996,6,0,0,0,0,0,0,1,0x3c888888,,9,6850224,9,6850224,,0,,e0fb88004b7e313dac56aa040100000027000000000000000000284200a0bd440de2b343889db34300000000c866c1105865c1107862c1103063c1101066c110e863c110a064c110,e0fb88000e74da3cac56aa040100000027000000000000000000244200c0c2440de2b343889db34300000000c866c1105865c1107862c1103063c1101066c110e863c110a064c110
997,996,6,1,1,0,0,0,0,1,0x3c888888,,19,6857312,19,6857312,,0,,0000803f0100000094fc8800e464aa04,0000803f0100000094fc8800e464aa04
997,996,6,2,2,0,0,0,0,1,0x3c888888,,12,6861008,12,6861008,,0,,10a36800000000000100000048fd8800010000001858aa04,10a36800000000000100000048fd8800010000001858aa04
998,997,6,0,0,0,0,0,0,1,0x3c888888,,9,6850224,9,6850224,,0,,e0fb88000e74da3cac56aa040100000027000000000000000000244200c0c2440de2b343889db34300000000c866c1105865c1107862c1103063c1101066c110e863c110a064c110,e0fb88000cd7233cac56aa040100000027000000000000000000204200c0c7440de2b343889db34300000000c866c1105865c1107862c1103063c1101066c110e863c110a064c110
998,997,6,1,1,0,0,0,0,1,0x3c888888,,19,6857312,19,6857312,,0,,0000803f0100000094fc8800e464aa04,0000803f0100000094fc8800e464aa04
998,997,6,2,2,0,0,0,0,1,0x3c888888,,12,6861008,12,6861008,,0,,10a36800000000000100000048fd8800010000001858aa04,10a36800000000000100000048fd8800010000001858aa04
999,998,6,0,0,0,0,0,0,1,0x3c888888,,9,6850224,9,6850224,,0,,e0fb88000cd7233cac56aa040100000027000000000000000000204200c0c7440de2b343889db34300000000c866c1105865c1107862c1103063c1101066c110e863c110a064c110,e0fb88000874dabbac56aa0401000000270000000000000000001c4200a0cc440de2b343889db34300000000c866c1105865c1107862c1103063c1101066c110e863c110a064c110
999,998,6,1,1,0,0,0,0,1,0x3c888888,,19,6857312,19,6857312,,0,,0000803f0100000094fc8800e464aa04,0000803f0100000094fc8800e464aa04
999,998,6,2,2,0,0,0,0,1,0x3c888888,,12,6861008,12,6861008,,0,,10a36800000000000100000048fd8800010000001858aa04,10a36800000000000100000048fd8800010000001858aa04
1000,999,6,0,0,0,0,0,0,1,0x3c888888,,9,6850224,9,6850224,,0,,e0fb88000874dabbac56aa0401000000270000000000000000001c4200a0cc440de2b343889db34300000000c866c1105865c1107862c1103063c1101066c110e863c110a064c110,e0fb880000000000ac56aa04010000002700000000000000000018420060d1440de2b343889db34300000000c866c1105865c1107862c1103063c1101066c110e863c110a064c110
1000,999,6,1,1,0,0,0,0,1,0x3c888888,,19,6857312,19,6857312,,0,,0000803f0100000094fc8800e464aa04,0000803f0100000094fc8800e464aa04
1000,999,6,2,2,0,0,0,0,1,0x3c888888,,12,6861008,12,6861008,,0,,10a36800000000000100000048fd8800010000001858aa04,10a36800000000000100000048fd8800010000001858aa04
1001,1000,6,0,0,0,0,0,0,1,0x3c888888,,9,6850224,9,6850224,,0,,e0fb880000000000ac56aa04010000002700000000000000000018420060d1440de2b343889db34300000000c866c1105865c1107862c1103063c1101066c110e863c110a064c110,e0fb880000000000ac56aa04010000002700000000000000000014420000d6440de2b343889db34300000000c866c1105865c1107862c1103063c1101066c110e863c110a064c110
1001,1000,6,1,1,0,0,0,0,1,0x3c888888,,19,6857312,19,6857312,,0,,0000803f0100000094fc8800e464aa04,0000803f0100000094fc8800e464aa04
1001,1000,6,2,2,0,0,0,0,1,0x3c888888,,12,6861008,12,6861008,,0,,10a36800000000000100000048fd8800010000001858aa04,10a36800000000000100000048fd8800010000001858aa04
1002,1001,6,0,0,0,0,0,0,1,0x3c888888,,9,6850224,9,6850224,,0,,e0fb880000000000ac56aa04010000002700000000000000000014420000d6440de2b343889db34300000000c866c1105865c1107862c1103063c1101066c110e863c110a064c110,e0fb880000000000ac56aa04010000002700000000000000000010420080da440de2b343889db34300000000c866c1105865c1107862c1103063c1101066c110e863c110a064c110
1002,1001,6,1,1,0,0,0,0,1,0x3c888888,,19,6857312,19,6857312,,0,,0000803f0100000094fc8800e464aa04,0000803f0100000094fc8800e464aa04
1002,1001,6,2,2,0,0,0,0,1,0x3c888888,,12,6861008,12,6861008,,0,,10a36800000000000100000048fd8800010000001858aa04,10a36800000000000100000048fd8800010000001858aa04
1003,1002,6,0,0,0,0,0,0,1,0x3c888888,,9,6850224,9,6850224,,0,,e0fb880000000000ac56aa04010000002700000000000000000010420080da440de2b343889db34300000000c866c1105865c1107862c1103063c1101066c110e863c110a064c110,e0fb880000000000ac56aa0401000000270000000000000000000c4200e0de440de2b343889db34300000000c866c1105865c1107862c1103063c1101066c110e863c110a064c110
1003,1002,6,1,1,0,0,0,0,1,0x3c888888,,19,6857312,19,6857312,,0,,0000803f0100000094fc8800e464aa04,0000803f0100000094fc8800e464aa04
1003,1002,6,2,2,0,0,0,0,1,0x3c888888,,12,6861008,12,6861008,,0,,10a36800000000000100000048fd8800010000001858aa04,10a36800000000000100000048fd8800010000001858aa04
1004,1003,6,0,0,255,0,0,0,1,0x3c888888,,9,6850224,9,6850224,2,0,,e0fb880000000000ac56aa0401000000270000000000000000000c4200e0de440de2b343889db34300000000c866c1105865c1107862c1103063c1101066c110e863c110a064c110,e0fb88004b7e313dac56aa040100000026000000010000000000184200a0e3440de2b343889db34300000000c866c1105865c1107862c1103063c1101066c110e863c110a064c110
1004,1003,6,1,1,0,0,0,0,1,0x3c888888,,19,6857312,19,6857312,,0,,0000803f0100000094fc8800e464aa04,0000803f0100000094fc8800e464aa04
1004,1003,6,2,2,1,0,0,0,1,0x3c888888,,12,6861008,12,6861008,2,0,,10a36800000000000100000048fd8800010000001858aa04,00000000000000000000000048fd8800010000001858aa04
1005,1004,6,0,0,0,255,0,0,1,0x3c888888,,9,6850224,9,6850224,1,0,,e0fb88004b7e313dac56aa040100000026000000000000000000184200a0e3440de2b343889db34300000000c866c1105865c1107862c1103063c1101066c110e863c110a064c110,e0fb88000e74da3cac56aa040100000026000000000000000000244200c0e8440de2b343889db34300000000c866c1105865c1107862c1103063c1101066c110e863c110a064c110
1005,1004,6,1,1,0,0,0,0,1,0x3c888888,,19,6857312,19,6857312,,0,,0000803f0100000094fc8800e464aa04,0000803f0100000094fc8800e464aa04
1005,1004,6,2,2,0,1,0,0,1,0x3c888888,,12,6861008,-1,0,,1,0x45bd67,00000000000000000000000048fd8800010000001858aa04,
1006,1005,6,0,0,0,0,0,0,1,0x3c888888,,9,6850224,9,6850224,,0,,e0fb88000e74da3cac56aa040100000026000000000000000000244200c0e8440de2b343889db34300000000c866c1105865c1107862c1103063c1101066c110e863c110a064c110,e0fb88000cd7233cac56aa040100000026000000000000000000204200c0ed440de2b343889db34300000000c866c1105865c1107862c1103063c1101066c110e863c110a064c110
1006,1005,6,1,1,0,0,0,0,1,0x3c888888,,19,6857312,19,6857312,,0,,0000803f0100000094fc8800e464aa04,0000803f0100000094fc8800e464aa04
1007,1006,6,0,0,0,0,0,0,1,0x3c888888,,9,6850224,9,6850224,,0,,e0fb88000cd7233cac56aa040100000026000000000000000000204200c0ed440de2b343889db34300000000c866c1105865c1107862c1103063c1101066c110e863c110a064c110,e0fb88000874dabbac56aa0401000000260000000000000000001c4200a0f2440de2b343889db34300000000c866c1105865c1107862c1103063c1101066c110e863c110a064c110
1007,1006,6,1,1,0,0,0,0,1,0x3c888888,,19,6857312,19,6857312,,0,,0000803f0100000094fc8800e464aa04,0000803f0100000094fc8800e464aa04
1008,1007,6,0,0,0,0,0,0,1,0x3c888888,,9,6850224,9,6850224,,0,,e0fb88000874dabbac56aa0401000000260000000000000000001c4200a0f2440de2b343889db34300000000c866c1105865c1107862c1103063c1101066c110e863c110a064c110,e0fb880000000000ac56aa04010000002600000000000000000018420060f7440de2b343889db34300000000c866c1105865c1107862c1103063c1101066c110e863c110a064c110
1008,1007,6,1,1,0,0,0,0,1,0x3c888888,,19,6857312,19,6857312,,0,,0000803f0100000094fc8800e464aa04,0000803f0100000094fc8800e464aa04
1009,1008,6,0,0,0,0,0,0,1,0x3c888888,,9,6850224,9,6850224,,0,,e0fb880000000000ac56aa04010000002600000000000000000018420060f7440de2b343889db34300000000c866c1105865c1107862c1103063c1101066c110e863c110a064c110,e0fb880000000000ac56aa04010000002600000000000000000014420000fc440de2b343889db34300000000c866c1105865c1107862c1103063c1101066c110e863c110a064c110
1009,1008,6,1,1,0,0,0,0,1,0x3c888888,,19,6857312,19,6857312,,0,,0000803f0100000094fc8800e464aa04,0000803f0100000094fc8800e464aa04
1010,1009,6,0,0,0,0,0,0,1,0x3c888888,,9,6850224,9,6850224,,0,,e0fb880000000000ac56aa04010000002600000000000000000014420000fc440de2b343889db34300000000c866c1105865c1107862c1103063c1101066c110e863c110a064c110,e0fb880000000000ac56aa0401000000260000000000000000001042004000450de2b343889db34300000000c866c1105865c1107862c1103063c1101066c110e863c110a064c110
1010,1009,6,1,1,0,0,0,0,1,0x3c888888,,19,6857312,19,6857312,,0,,0000803f0100000094fc8800e464aa04,0000803f0100000094fc8800e464aa04
1011,1010,6,0,0,255,0,0,0,1,0x3c888888,,9,6850224,9,6850224,2,0,,e0fb880000000000ac56aa0401000000260000000000000000001042004000450de2b343889db34300000000c866c1105865c1107862c1103063c1101066c110e863c110a064c110,e0fb88004b7e313dac56aa0401000000250000000100000000001c4200b002450de2b343889db34300000000c866c1105865c1107862c1103063c1101066c110e863c110a064c110
1011,1010,6,1,1,0,0,0,0,1,0x3c888888,,19,6857312,19,6857312,,0,,0000803f0100000094fc8800e464aa04,0000803f0100000094fc8800e464aa04
1012,1011,6,0,0,0,255,0,0,1,0x3c888888,,9,6850224,9,6850224,1,0,,e0fb88004b7e313dac56aa0401000000250000000000000000001c4200b002450de2b343889db34300000000c866c1105865c1107862c1103063c1101066c110e863c110a064c110,e0fb88000e74da3cac56aa0401000000250000000000000000002842005005450de2b343889db34300000000c866c1105865c1107862c1103063c1101066c110e863c110a064c110
1012,1011,6,1,1,0,0,0,0,1,0x3c888888,,19,6857312,19,6857312,,0,,0000803f0100000094fc8800e464aa04,0000803f0100000094fc8800e464aa04
1013,1012,6,0,0,0,0,0,0,1,0x3c888888,,9,6850224,9,6850224,,0,,e0fb88000e74da3cac56aa0401000000250000000000000000002842005005450de2b343889db34300000000c866c1105865c1107862c1103063c1101066c110e863c110a064c110,e0fb88000cd7233cac56aa040100000025000000000000000000244200e007450de2b343889db34300000000c866c1105865c1107862c1103063c1101066c110e863c110a064c110
1013,1012,6,1,1,0,0,0,0,1,0x3c888888,,19,6857312,19,6857312,,0,,0000803f0100000094fc8800e464aa04,0000803f0100000094fc8800e464aa04
1014,1013,6,0,0,0,0,0,0,1,0x3c888888,,9,6850224,9,6850224,,0,,e0fb88000cd7233cac56aa040100000025000000000000000000244200e007450de2b343889db34300000000c866c1105865c1107862c1103063c1101066c110e863c110a064c110,e0fb88000874dabbac56aa040100000025000000000000000000204200600a450de2b343889db34300000000c866c1105865c1107862c1103063c1101066c110e863c110a064c110
1014,1013,6,1,1,0,0,0,0,1,0x3c888888,,19,6857312,19,6857312,,0,,0000803f0100000094fc8800e464aa04,0000803f0100000094fc8800e464aa04
1015,1014,6,0,0,0,0,0,0,1,0x3c888888,,9,6850224,9,6850224,,0,,e0fb88000874dabbac56aa040100000025000000000000000000204200600a450de2b343889db34300000000c866c1105865c1107862c1103063c1101066c110e863c110a064c110,e0fb880000000000ac56aa0401000000250000000000000000001c4200d00c450de2b343889db34300000000c866c1105865c1107862c1103063c1101066c110e863c110a064c110
1015,1014,6,1,1,0,0,0,0,1,0x3c888888,,19,6857312,19,6857312,,0,,0000803f0100000094fc8800e464aa04,0000803f0100000094fc8800e464aa04
1016,1015,6,0,0,0,0,0,0,1,0x3c888888,,9,6850224,9,6850224,,0,,e0fb880000000000ac56aa0401000000250000000000000000001c4200d00c450de2b343889db34300000000c866c1105865c1107862c1103063c1101066c110e863c110a064c110,e0fb880000000000ac56aa040100000025000000000000000000184200300f450de2b343889db34300000000c866c1105865c1107862c1103063c1101066c110e863c110a064c110
1016,1015,6,1,1,0,0,0,0,1,0x3c888888,,19,6857312,19,6857312,,0,,0000803f0100000094fc8800e464aa04,0000803f0100000094fc8800e464aa04
1017,1016,6,0,0,0,0,0,0,1,0x3c888888,,9,6850224,9,6850224,,0,,e0fb880000000000ac56aa040100000025000000000000000000184200300f450de2b343889db34300000000c866c1105865c1107862c1103063c1101066c110e863c110a064c110,e0fb880000000000ac56aa0401000000250000000000000000001442008011450de2b343889db34300000000c866c1105865c1107862c1103063c1101066c110e863c110a064c110
1017,1016,6,1,1,0,0,0,0,1,0x3c888888,,19,6857312,19,6857312,,0,,0000803f0100000094fc8800e464aa04,0000803f0100000094fc8800e464aa04
1018,1017,6,0,0,255,0,0,0,1,0x3c888888,,9,6850224,9,6850224,2,0,,e0fb880000000000ac56aa0401000000250000000000000000001442008011450de2b343889db34300000000c866c1105865c1107862c1103063c1101066c110e863c110a064c110,e0fb88004b7e313dac56aa0401000000240000000100000000002042000014450de2b343889db34300000000c866c1105865c1107862c1103063c1101066c110e863c110a064c110
1018,1017,6,1,1,0,0,0,0,1,0x3c888888,,19,6857312,19,6857312,,0,,0000803f0100000094fc8800e464aa04,0000803f0100000094fc8800e464aa04
1019,1018,6,0,0,255,255,0,0,1,0x3c888888,,9,6850224,9,6850224,3,0,,e0fb88004b7e313dac56aa0401000000240000000000000000002042000014450de2b343889db34300000000c866c1105865c1107862c1103063c1101066c110e863c110a064c110,e0fb88000e74da3cac56aa0401000000240000000000000000001c42007016450de2b343889db34300000000c866c1105865c1107862c1103063c1101066c110e863c110a064c110
1019,1018,6,1,1,0,0,0,0,1,0x3c888888,,19,6857312,19,6857312,,0,,0000803f0100000094fc8800e464aa04,0000803f0100000094fc8800e464aa04
1020,1019,6,0,0,0,255,0,0,1,0x3c888888,,9,6850224,9,6850224,1,0,,e0fb88000e74da3cac56aa0401000000240000000000000000001c42007016450de2b343889db34300000000c866c1105865c1107862c1103063c1101066c110e863c110a064c110,e0fb88000cd7233cac56aa0401000000240000000000000000002842001019450de2b343889db34300000000c866c1105865c1107862c1103063c1101066c110e863c110a064c110
1020,1019,6,1,1,0,0,0,0,1,0x3c888888,,19,6857312,19,6857312,,0,,0000803f0100000094fc8800e464aa04,0000803f0100000094fc8800e464aa04
1021,1020,6,0,0,0,0,0,0,1,0x3c888888,,9,6850224,9,6850224,,0,,e0fb88000cd7233cac56aa0401000000240000000000000000002842001019450de2b343889db34300000000c866c1105865c1107862c1103063c1101066c110e863c110a064c110,e0fb88000874dabbac56aa040100000024000000000000000000244200a01b450de2b343889db34300000000c866c1105865c1107862c1103063c1101066c110e863c110a064c110
1021,1020,6,1,1,0,0,0,0,1,0x3c888888,,19,6857312,19,6857312,,0,,0000803f0100000094fc8800e464aa04,0000803f0100000094fc8800e464aa04
1022,1021,6,0,0,0,0,0,0,1,0x3c888888,,9,6850224,9,6850224,,0,,e0fb88000874dabbac56aa040100000024000000000000000000244200a01b450de2b343889db34300000000c866c1105865c1107862c1103063c1101066c110e863c110a064c110,e0fb880000000000ac56aa040100000024000000000000000000204200201e450de2b343889db34300000000c866c1105865c1107862c1103063c1101066c110e863c110a064c110
1022,1021,6,1,1,0,0,0,0,1,0x3c888888,,19,6857312,19,6857312,,0,,0000803f0100000094fc8800e464aa04,0000803f0100000094fc8800e464aa04
1023,1022,6,0,0,0,0,0,0,1,0x3c888888,,9,6850224,9,6850224,,0,,e0fb880000000000ac56aa040100000024000000000000000000204200201e450de2b343889db34300000000c866c1105865c1107862c1103063c1101066c110e863c110a064c110,e0fb880000000000ac56aa0401000000240000000000000000001c42009020450de2b343889db34300000000c866c1105865c1107862c1103063c1101066c110e863c110a064c110
1023,1022,6,1,1,0,0,0,0,1,0x3c888888,,19,6857312,19,6857312,,0,,0000803f0100000094fc8800e464aa04,0000803f0100000094fc8800e464aa04
1024,1023,6,0,0,0,0,0,0,1,0x3c888888,,9,6850224,9,6850224,,0,,e0fb880000000000ac56aa0401000000240000000000000000001c42009020450de2b343889db34300000000c866c1105865c1107862c1103063c1101066c110e863c110a064c110,e0fb880000000000ac56aa040100000024000000000000000000184200f022450de2b343889db34300000000c866c1105865c1107862c1103063c1101066c110e863c110a064c110
1024,1023,6,1,1,0,0,0,0,1,0x3c888888,,19,6857312,19,6857312,,0,,0000803f0100000094fc8800e464aa04,0000803f0100000094fc8800e464aa04
1025,1024,6,0,0,0,0,0,0,1,0x3c888888,,9,6850224,9,6850224,,0,,e0fb880000000000ac56aa040100000024000000000000000000184200f022450de2b343889db34300000000c866c1105865c1107862c1103063c1101066c110e863c110a064c110,e0fb880000000000ac56aa0401000000240000000000000000001442004025450de2b343889db34300000000c866c1105865c1107862c1103063c1101066c110e863c110a064c110
1025,1024,6,1,1,0,0,0,0,1,0x3c888888,,19,6857312,19,6857312,,0,,0000803f0100000094fc8800e464aa04,0000803f0100000094fc8800e464aa04
1026,1025,6,0,0,0,0,0,0,1,0x3c888888,,9,6850224,9,6850224,,0,,e0fb880000000000ac56aa0401000000240000000000000000001442004025450de2b343889db34300000000c866c1105865c1107862c1103063c1101066c110e863c110a064c110,e0fb880000000000ac56aa0401000000240000000000000000001042008027450de2b343889db34300000000c866c1105865c1107862c1103063c1101066c110e863c110a064c110
1026,1025,6,1,1,0,0,0,0,1,0x3c888888,,19,6857312,19,6857312,,0,,0000803f0100000094fc8800e464aa04,0000803f0100000094fc8800e464aa04
1027,1026,6,0,0,0,0,0,0,1,0x3c888888,,9,6850224,9,6850224,,0,,e0fb880000000000ac56aa0401000000240000000000000000001042008027450de2b343889db34300000000c866c1105865c1107862c1103063c1101066c110e863c110a064c110,e0fb880000000000ac56aa0401000000240000000000000000000c4200b029450de2b343889db34300000000c866c1105865c1107862c1103063c1101066c110e863c110a064c110
1027,1026,6,1,1,0,0,0,0,1,0x3c888888,,19,6857312,19,6857312,,0,,0000803f0100000094fc8800e464aa04,0000803f0100000094fc8800e464aa04
1028,1027,6,0,0,0,0,0,0,1,0x3c888888,,9,6850224,9,6850224,,0,,e0fb880000000000ac56aa0401000000240000000000000000000c4200b029450de2b343889db34300000000c866c1105865c1107862c1103063c1101066c110e863c110a064c110,e0fb880000000000ac56aa040100000024000000000000000000084200d02b450de2b343889db34300000000c866c1105865c1107862c1103063c1101066c110e863c110a064c110
1028,1027,6,1,1,0,0,0,0,1,0x3c888888,,19,6857312,19,6857312,,0,,0000803f0100000094fc8800e464aa04,0000803f0100000094fc8800e464aa04
1029,1028,6,0,0,0,0,0,0,1,0x3c888888,,9,6850224,9,6850224,,0,,e0fb880000000000ac56aa040100000024000000000000000000084200d02b450de2b343889db34300000000c866c1105865c1107862c1103063c1101066c110e863c110a064c110,e0fb880000000000ac56aa040100000024000000000000000000044200e02d450de2b343889db34300000000c866c1105865c1107862c1103063c1101066c110e863c110a064c110
1029,1028,6,1,1,0,0,0,0,1,0x3c888888,,19,6857312,19,6857312,,0,,0000803f0100000094fc8800e464aa04,0000803f0100000094fc8800e464aa04
1030,1029,6,0,0,255,0,0,0,1,0x3c888888,,9,6850224,9,6850224,2,0,,e0fb880000000000ac56aa040100000024000000000000000000044200e02d450de2b343889db34300000000c866c1105865c1107862c1103063c1101066c110e863c110a064c110,e0fb88004b7e313dac56aa0401000000230000000100000000001042002030450de2b343889db34300000000c866c1105865c1107862c1103063c1101066c110e863c110a064c110
1030,1029,6,1,1,0,0,0,0,1,0x3c888888,,19,6857312,19,6857312,,0,,0000803f0100000094fc8800e464aa04,0000803f0100000094fc8800e464aa04
1031,1030,6,0,0,255,255,0,0,1,0x3c888888,,9,6850224,9,6850224,3,0,,e0fb88004b7e313dac56aa0401000000230000000000000000001042002030450de2b343889db34300000000c866c1105865c1107862c1103063c1101066c110e863c110a064c110,e0fb88000e74da3cac56aa0401000000230000000000000000001c42009032450036333f889db34300000000c866c1105865c1107862c1103063c1101066c110e863c110a064c110
1031,1030,6,1,1,0,0,0,0,1,0x3c888888,,19,6857312,19,6857312,,0,,0000803f0100000094fc8800e464aa04,0000803f0100000094fc8800e464aa04
1032,1031,6,0,0,255,255,0,0,1,0x3c888888,,9,6850224,9,6850224,3,0,,e0fb88000e74da3cac56aa0401000000230000000000000000001c42009032450036333f889db34300000000c866c1105865c1107862c1103063c1101066c110e863c110a064c110,e0fb88000cd7233cac56aa0401000000230000000000000000002842003035454d6cc23f889db34300000000c866c1105865c1107862c1103063c1101066c110e863c110a064c110
1032,1031,6,1,1,0,0,0,0,1,0x3c888888,,19,6857312,19,6857312,,0,,0000803f0100000094fc8800e464aa04,0000803f0100000094fc8800e464aa04
1033,1032,6,0,0,255,255,0,0,1,0x3c888888,,9,6850224,9,6850224,3,0,,e0fb88000cd7233cac56aa0401000000230000000000000000002842003035454d6cc23f889db34300000000c866c1105865c1107862c1103063c1101066c110e863c110a064c110,e0fb88000874dabbac56aa040100000023000000000000000000244200c03745aeb21040889db34300000000c866c1105865c1107862c1103063c1101066c110e863c110a064c110
1033,1032,6,1,1,0,0,0,0,1,0x3c888888,,19,6857312,19,6857312,,0,,0000803f0100000094fc8800e464aa04,0000803f0100000094fc8800e464aa04
1034,1033,6,0,0,255,255,0,0,1,0x3c888888,,9,6850224,9,6850224,3,0,,e0fb88000874dabbac56aa040100000023000000000000000000244200c03745aeb21040889db34300000000c866c1105865c1107862c1103063c1101066c110e863c110a064c110,e0fb880000000000ac56aa040100000023000000000000000000204200403a4525d53a40889db34300000000c866c1105865c1107862c1103063c1101066c110e863c110a064c110
1034,1033,6,1,1,0,0,0,0,1,0x3c888888,,19,6857312,19,6857312,,0,,0000803f0100000094fc8800e464aa04,0000803f0100000094fc8800e464aa04
1035,1034,6,0,0,255,255,0,0,1,0x3c888888,,9,6850224,9,6850224,3,0,,e0fb880000000000ac56aa040100000023000000000000000000204200403a4525d53a40889db34300000000c866c1105865c1107862c1103063c1101066c110e863c110a064c110,e0fb88004b7e313dac56aa0401000000220000000100000000001c4200b03c45590c6040889db34300000000c866c1105865c1107862c1103063c1101066c110e863c110a064c110
1035,1034,6,1,1,0,0,0,0,1,0x3c888888,,19,6857312,19,6857312,,0,,0000803f0100000094fc8800e464aa04,0000803f0100000094fc8800e464aa04
1036,1035,6,0,0,255,255,0,0,1,0x3c888888,,9,6850224,9,6850224,3,0,,e0fb88004b7e313dac56aa0401000000220000000000000000001c4200b03c45590c6040889db34300000000c866c1105865c1107862c1103063c1101066c110e863c110a064c110,e0fb88000e74da3cac56aa040100000022000000000000000000284200503f450b4e7e40889db34300000000c866c1105865c1107862c1103063c1101066c110e863c110a064c110
1036,1035,6,1,1,0,0,0,0,1,0x3c888888,,19,6857312,19,6857312,,0,,0000803f0100000094fc8800e464aa04,0000803f0100000094fc8800e464aa04
1037,1036,6,0,0,255,255,0,0,1,0x3c888888,,9,6850224,9,6850224,3,0,,e0fb88000e74da3cac56aa040100000022000000000000000000284200503f450b4e7e40889db34300000000c866c1105865c1107862c1103063c1101066c110e863c110a064c110,e0fb88000cd7233cac56aa040100000022000000000000000000244200e04145664d8d40889db34300000000c866c1105865c1107862c1103063c1101066c110e863c110a064c110
1037,1036,6,1,1,0,0,0,0,1,0x3c888888,,19,6857312,19,6857312,,0,,0000803f0100000094fc8800e464aa04,0000803f0100000094fc8800e464aa04
1038,1037,6,0,0,255,255,0,0,1,0x3c888888,,9,6850224,9,6850224,3,0,,e0fb88000cd7233cac56aa040100000022000000000000000000244200e04145664d8d40889db34300000000c866c1105865c1107862c1103063c1101066c110e863c110a064c110,e0fb88000874dabbac56aa040100000022000000000000000000204200604445664d8d40889db34300000000c866c1105865c1107862c1103063c1101066c110e863c110a064c110
1038,1037,6,1,1,0,0,0,0,1,0x3c888888,,19,6857312,19,6857312,,0,,0000803f0100000094fc8800e464aa04,0000803f0100000094fc8800e464aa04
1039,1038,6,0,0,255,255,0,0,1,0x3c888888,,9,6850224,9,6850224,3,0,,e0fb88000874dabbac56aa040100000022000000000000000000204200604445664d8d40889db34300000000c866c1105865c1107862c1103063c1101066c110e863c110a064c110,e0fb880000000000ac56aa0401000000220000000000000000001c4200d04645664d8d40889db34300000000c866c1105865c1107862c1103063c1101066c110e863c110a064c110
1039,1038,6,1,1,0,0,0,0,1,0x3c888888,,19,6857312,19,6857312,,0,,0000803f0100000094fc8800e464aa04,0000803f0100000094fc8800e464aa04
1040,1039,6,0,0,255,255,0,0,1,0x3c888888,,9,6850224,9,6850224,3,0,,e0fb880000000000ac56aa0401000000220000000000000000001c4200d04645664d8d40889db34300000000c866c1105865c1107862c1103063c1101066c110e863c110a064c110,e0fb88004b7e313dac56aa040100000021000000010000000000284200704945664d8d40889db34300000000c866c1105865c1107862c1103063c1101066c110e863c110a064c110
1040,1039,6,1,1,0,0,0,0,1,0x3c888888,,19,6857312,19,6857312,,0,,0000803f0100000094fc8800e464aa04,0000803f0100000094fc8800e464aa04
1041,1040,6,0,0,255,255,0,0,1,0x3c888888,,9,6850224,9,6850224,3,0,,e0fb88004b7e313dac56aa040100000021000000000000000000284200704945664d8d40889db34300000000c866c1105865c1107862c1103063c1101066c110e863c110a064c110,e0fb88000e74da3cac56aa040100000021000000000000000000244200004c45664d8d40889db34300000000c866c1105865c1107862c1103063c1101066c110e863c110a064c110
1041,1040,6,1,1,0,0,0,0,1,0x3c888888,,19,6857312,19,6857312,,0,,0000803f0100000094fc8800e464aa04,0000803f0100000094fc8800e464aa04
1042,1041,6,0,0,255,255,0,0,1,0x3c888888,,9,6850224,9,6850224,3,0,,e0fb88000e74da3cac56aa040100000021000000000000000000244200004c45664d8d40889db34300000000c866c1105865c1107862c1103063c1101066c110e863c110a064c110,e0fb88000cd7233cac56aa040100000021000000000000000000204200804e45664d8d40889db34300000000c866c1105865c1107862c1103063c1101066c110e863c110a064c110
1042,1041,6,1,1,0,0,0,0,1,0x3c888888,,19,6857312,19,6857312,,0,,0000803f0100000094fc8800e464aa04,0000803f0100000094fc8800e464aa04
1043,1042,6,0,0,255,255,0,0,1,0x3c888888,,9,6850224,9,6850224,3,0,,e0fb88000cd7233cac56aa040100000021000000000000000000204200804e45664d8d40889db34300000000c866c1105865c1107862c1103063c1101066c110e863c110a064c110,e0fb88000874dabbac56aa0401000000210000000000000000001c4200f05045664d8d40889db34300000000c866c1105865c1107862c1103063c1101066c110e863c110a064c110
1043,1042,6,1,1,0,0,0,0,1,0x3c888888,,19,6857312,19,6857312,,0,,0000803f0100000094fc8800e464aa04,0000803f0100000094fc8800e464aa04
1044,1043,6,0,0,255,255,0,0,1,0x3c888888,,9,6850224,9,6850224,3,0,,e0fb88000874dabbac56aa0401000000210000000000000000001c4200f05045664d8d40889db34300000000c866c1105865c1107862c1103063c1101066c110e863c110a064c110,e0fb880000000000ac56aa040100000021000000000000000000284200905345664d8d40889db34300000000c866c1105865c1107862c1103063c1101066c110e863c110a064c110
1044,1043,6,1,1,0,0,0,0,1,0x3c888888,,19,6857312,19,6857312,,0,,0000803f0100000094fc8800e464aa04,0000803f0100000094fc8800e464aa04
1045,1044,6,0,0,255,255,0,0,1,0x3c888888,,9,6850224,9,6850224,3,0,,e0fb880000000000ac56aa040100000021000000000000000000284200905345664d8d40889db34300000000c866c1105865c1107862c1103063c1101066c110e863c110a064c110,e0fb88004b7e313dac56aa040100000020000000010000000000244200205645664d8d40889db34300000000c866c1105865c1107862c1103063c1101066c110e863c110a064c110
1045,1044,6,1,1,0,0,0,0,1,0x3c888888,,19,6857312,19,6857312,,0,,0000803f0100000094fc8800e464aa04,0000803f0100000094fc8800e464aa04
1046,1045,6,0,0,255,255,0,0,1,0x3c888888,,9,6850224,9,6850224,3,0,,e0fb88004b7e313dac56aa040100000020000000000000000000244200205645664d8d40889db34300000000c866c1105865c1107862c1103063c1101066c110e863c110a064c110,e0fb88000e74da3cac56aa040100000020000000000000000000204200a05845664d8d40889db34300000000c866c1105865c1107862c1103063c1101066c110e863c110a064c110
1046,1045,6,1,1,0,0,0,0,1,0x3c888888,,19,6857312,19,6857312,,0,,0000803f0100000094fc8800e464aa04,0000803f0100000094fc8800e464aa04
1047,1046,6,0,0,255,255,0,0,1,0x3c888888,,9,6850224,9,6850224,3,0,,e0fb88000e74da3cac56aa040100000020000000000000000000204200a05845664d8d40889db34300000000c866c1105865c1107862c1103063c1101066c110e863c110a064c110,e0fb88000cd7233cac56aa0401000000200000000000000000001c4200105b45664d8d40889db34300000000c866c1105865c1107862c1103063c1101066c110e863c110a064c110
1047,1046,6,1,1,0,0,0,0,1,0x3c888888,,19,6857312,19,6857312,,0,,0000803f0100000094fc8800e464aa04,0000803f0100000094fc8800e464aa04
1048,1047,6,0,0,255,255,0,0,1,0x3c888888,,9,6850224,9,6850224,3,0,,e0fb88000cd7233cac56aa0401000000200000000000000000001c4200105b45664d8d40889db34300000000c866c1105865c1107862c1103063c1101066c110e863c110a064c110,e0fb88000874dabbac56aa040100000020000000000000000000284200b05d45664d8d40889db34300000000c866c1105865c1107862c1103063c1101066c110e863c110a064c110
1048,1047,6,1,1,0,0,0,0,1,0x3c888888,,19,6857312,19,6857312,,0,,0000803f0100000094fc8800e464aa04,0000803f0100000094fc8800e464aa04
1049,1048,6,0,0,255,255,0,0,1,0x3c888888,,9,6850224,9,6850224,3,0,,e0fb88000874dabbac56aa040100000020000000000000000000284200b05d45664d8d40889db34300000000c866c1105865c1107862c1103063c1101066c110e863c110a064c110,e0fb880000000000ac56aa040100000020000000000000000000244200406045664d8d40889db34300000000c866c1105865c1107862c1103063c1101066c110e863c110a064c110
1049,1048,6,1,1,0,0,0,0,1,0x3c888888,,19,6857312,19,6857312,,0,,0000803f0100000094fc8800e464aa04,0000803f0100000094fc8800e464aa04
1050,1049,6,0,0,255,255,0,0,1,0x3c888888,,9,6850224,9,6850224,3,0,,e0fb880000000000ac56aa040100000020000000000000000000244200406045664d8d40889db34300000000c866c1105865c1107862c1103063c1101066c110e863c110a064c110,e0fb88004b7e313dac56aa04010000001f000000010000000000204200c06245664d8d40889db34300000000c866c1105865c1107862c1103063c1101066c110e863c110a064c110
1050,1049,6,1,1,0,0,0,0,1,0x3c888888,,19,6857312,19,6857312,,0,,0000803f0100000094fc8800e464aa04,0000803f0100000094fc8800e464aa04
1051,1050,6,0,0,255,255,0,0,1,0x3c888888,,9,6850224,9,6850224,3,0,,e0fb88004b7e313dac56aa04010000001f000000000000000000204200c06245664d8d40889db34300000000c866c1105865c1107862c1103063c1101066c110e863c110a064c110,e0fb88000e74da3cac56aa04010000001f0000000000000000001c4200306545664d8d40889db34300000000c866c1105865c1107862c1103063c1101066c110e863c110a064c110
1051,1050,6,1,1,0,0,0,0,1,0x3c888888,,19,6857312,19,6857312,,0,,0000803f0100000094fc8800e464aa04,0000803f0100000094fc8800e464aa04
1052,1051,6,0,0,255,255,0,0,1,0x3c888888,,9,6850224,9,6850224,3,0,,e0fb88000e74da3cac56aa04010000001f0000000000000000001c4200306545664d8d40889db34300000000c866c1105865c1107862c1103063c1101066c110e863c110a064c110,e0fb88000cd7233cac56aa04010000001f000000000000000000284200d06745664d8d40889db34300000000c866c1105865c1107862c1103063c1101066c110e863c110a064c110
1052,1051,6,1,1,0,0,0,0,1,0x3c888888,,19,6857312,19,6857312,,0,,0000803f0100000094fc8800e464aa04,0000803f0100000094fc8800e464aa04
1053,1052,6,0,0,255,255,0,0,1,0x3c888888,,9,6850224,9,6850224,3,0,,e0fb88000cd7233cac56aa04010000001f000000000000000000284200d06745664d8d40889db34300000000c866c1105865c1107862c1103063c1101066c110e863c110a064c110,e0fb88000874dabbac56aa04010000001f000000000000000000244200606a45664d8d40889db34300000000c866c1105865c1107862c1103063c1101066c110e863c110a064c110
1053,1052,6,1,1,0,0,0,0,1,0x3c888888,,19,6857312,19,6857312,,0,,0000803f0100000094fc8800e464aa04,0000803f0100000094fc8800e464aa04
1054,1053,6,0,0,255,255,0,0,1,0x3c888888,,9,6850224,9,6850224,3,0,,e0fb88000874dabbac56aa04010000001f000000000000000000244200606a45664d8d40889db34300000000c866c1105865c1107862c1103063c1101066c110e863c110a064c110,e0fb880000000000ac56aa04010000001f000000000000000000204200e06c45664d8d40889db34300000000c866c1105865c1107862c1103063c1101066c110e863c110a064c110
1054,1053,6,1,1,0,0,0,0,1,0x3c888888,,19,6857312,19,6857312,,0,,0000803f0100000094fc8800e464aa04,0000803f0100000094fc8800e464aa04
1055,1054,6,0,0,255,255,0,0,1,0x3c888888,,9,6850224,9,6850224,3,0,,e0fb880000000000ac56aa04010000001f000000000000000000204200e06c45664d8d40889db34300000000c866c1105865c1107862c1103063c1101066c110e863c110a064c110,e0fb88004b7e313dac56aa04010000001e0000000100000000001c4200506f45664d8d40889db34300000000c866c1105865c1107862c1103063c1101066c110e863c110a064c110
1055,1054,6,1,1,0,0,0,0,1,0x3c888888,,19,6857312,19,6857312,,0,,0000803f0100000094fc8800e464aa04,0000803f0100000094fc8800e464aa04
1056,1055,6,0,0,255,255,0,0,1,0x3c888888,,9,6850224,9,6850224,3,0,,e0fb88004b7e313dac56aa04010000001e0000000000000000001c4200506f45664d8d40889db34300000000c866c1105865c1107862c1103063c1101066c110e863c110a064c110,e0fb88000e74da3cac56aa04010000001e000000000000000000284200f07145b9ef8440889db34300000000c866c1105865c1107862c1103063c1101066c110e863c110a064c110
1056,1055,6,1,1,0,0,0,0,1,0x3c888888,,19,6857312,19,6857312,,0,,0000803f0100000094fc8800e464aa04,0000803f0100000094fc8800e464aa04
1057,1056,6,0,0,255,255,0,0,1,0x3c888888,,9,6850224,9,6850224,3,0,,e0fb88000e74da3cac56aa04010000001e000000000000000000284200f07145b9ef8440889db34300000000c866c1105865c1107862c1103063c1101066c110e863c110a064c110,e0fb88000cd7233cac56aa04010000001e000000000000000000244200807445abd87940889db34300000000c866c1105865c1107862c1103063c1101066c110e863c110a064c110
1057,1056,6,1,1,0,0,0,0,1,0x3c888888,,19,6857312,19,6857312,,0,,0000803f0100000094fc8800e464aa04,0000803f0100000094fc8800e464aa04
1058,1057,6,0,0,255,255,0,0,1,0x3c888888,,9,6850224,9,6850224,3,0,,e0fb88000cd7233cac56aa04010000001e000000000000000000244200807445abd87940889db34300000000c866c1105865c1107862c1103063c1101066c110e863c110a064c110,e0fb88000874dabbac56aa04010000001e000000000000000000204200007745abd87940889db34300000000c866c1105865c1107862c1103063c1101066c110e863c110a064c110
1058,1057,6,1,1,0,0,0,0,1,0x3c888888,,19,6857312,19,6857312,,0,,0000803f0100000094fc8800e464aa04,0000803f0100000094fc8800e464aa04
1059,1058,6,0,0,255,255,0,0,1,0x3c888888,,9,6850224,9,6850224,3,0,,e0fb88000874dabbac56aa04010000001e000000000000000000204200007745abd87940889db34300000000c866c1105865c1107862c1103063c1101066c110e863c110a064c110,e0fb880000000000ac56aa04010000001e0000000000000000001c4200707945abd87940889db34300000000c866c1105865c1107862c1103063c1101066c110e863c110a064c110
1059,1058,6,1,1,0,0,0,0,1,0x3c888888,,19,6857312,19,6857312,,0,,0000803f0100000094fc8800e464aa04,0000803f0100000094fc8800e464aa04
1060,1059,6,0,0,255,255,0,0,1,0x3c888888,,9,6850224,9,6850224,3,0,,e0fb880000000000ac56aa04010000001e0000000000000000001c4200707945abd87940889db34300000000c866c1105865c1107862c1103063c1101066c110e863c110a064c110,e0fb88004b7e313dac56aa04010000001d000000010000000000284200107c45abd87940889db34300000000c866c1105865c1107862c1103063c1101066c110e863c110a064c110
1060,1059,6,1,1,0,0,0,0,1,0x3c888888,,19,6857312,19,6857312,,0,,0000803f0100000094fc8800e464aa04,0000803f0100000094fc8800e464aa04
1061,1060,6,0,0,255,255,0,0,1,0x3c888888,,9,6850224,9,6850224,3,0,,e0fb88004b7e313dac56aa04010000001d000000000000000000284200107c45abd87940889db34300000000c866c1105865c1107862c1103063c1101066c110e863c110a064c110,e0fb88000e74da3cac56aa04010000001d000000000000000000244200a07e45657f6940889db34300000000c866c1105865c1107862c1103063c1101066c110e863c110a064c110
1061,1060,6,1,1,0,0,0,0,1,0x3c888888,,19,6857312,19,6857312,,0,,0000803f0100000094fc8800e464aa04,0000803f0100000094fc8800e464aa04
1062,1061,6,0,0,255,255,0,0,1,0x3c888888,,9,6850224,9,6850224,3,0,,e0fb88000e74da3cac56aa04010000001d000000000000000000244200a07e45657f6940889db34300000000c866c1105865c1107862c1103063c1101066c110e863c110a064c110,e0fb88000cd7233cac56aa04010000001d000000000000000000204200908045657f6940889db34300000000c866c1105865c1107862c1103063c1101066c110e863c110a064c110
1062,1061,6,1,1,0,0,0,0,1,0x3c888888,,19,6857312,19,6857312,,0,,0000803f0100000094fc8800e464aa04,0000803f0100000094fc8800e464aa04
1063,1062,6,0,0,255,255,0,0,1,0x3c888888,,9,6850224,9,6850224,3,0,,e0fb88000cd7233cac56aa04010000001d000000000000000000204200908045657f6940889db34300000000c866c1105865c1107862c1103063c1101066c110e863c110a064c110,e0fb88000874dabbac56aa04010000001d0000000000000000001c4200c88145657f6940889db34300000000c866c1105865c1107862c1103063c1101066c110e863c110a064c110
1063,1062,6,1,1,0,0,0,0,1,0x3c888888,,19,6857312,19,6857312,,0,,0000803f0100000094fc8800e464aa04,0000803f0100000094fc8800e464aa04
1064,1063,6,0,0,255,255,0,0,1,0x3c888888,,9,6850224,9,6850224,3,0,,e0fb88000874dabbac56aa04010000001d0000000000000000001c4200c88145657f6940889db34300000000c866c1105865c1107862c1103063c1101066c110e863c110a064c110,e0fb880000000000ac56aa04010000001d000000000000000000284200188345657f6940889db34300000000c866c1105865c1107862c1103063c1101066c110e863c110a064c110
1064,1063,6,1,1,0,0,0,0,1,0x3c888888,,19,6857312,19,6857312,,0,,0000803f0100000094fc8800e464aa04,0000803f0100000094fc8800e464aa04
1065,1064,6,0,0,255,255,0,0,1,0x3c888888,,9,6850224,9,6850224,3,0,,e0fb880000000000ac56aa04010000001d000000000000000000284200188345657f6940889db34300000000c866c1105865c1107862c1103063c1101066c110e863c110a064c110,e0fb88004b7e313dac56aa04010000001c000000010000000000244200608445657f6940889db34300000000c866c1105865c1107862c1103063c1101066c110e863c110a064c110
1065,1064,6,1,1,0,0,0,0,1,0x3c888888,,19,6857312,19,6857312,,0,,0000803f0100000094fc8800e464aa04,0000803f0100000094fc8800e464aa04
1066,1065,6,0,0,255,255,0,0,1,0x3c888888,,9,6850224,9,6850224,3,0,,e0fb88004b7e313dac56aa04010000001c000000000000000000244200608445657f6940889db34300000000c866c1105865c1107862c1103063c1101066c110e863c110a064c110,e0fb88000e74da3cac56aa04010000001c000000000000000000204200a08545657f6940889db34300000000c866c1105865c1107862c1103063c1101066c110e863c110a064c110
1066,1065,6,1,1,0,0,0,0,1,0x3c888888,,19,6857312,19,6857312,,0,,0000803f0100000094fc8800e464aa04,0000803f0100000094fc8800e464aa04
1067,1066,6,0,0,255,255,0,0,1,0x3c888888,,9,6850224,9,6850224,3,0,,e0fb88000e74da3cac56aa04010000001c000000000000000000204200a08545657f6940889db34300000000c866c1105865c1107862c1103063c1101066c110e863c110a064c110,e0fb88000cd7233cac56aa04010000001c0000000000000000001c4200d88645657f6940889db34300000000c866c1105865c1107862c1103063c1101066c110e863c110a064c110
1067,1066,6,1,1,0,0,0,0,1,0x3c888888,,19,6857312,19,6857312,,0,,0000803f0100000094fc8800e464aa04,0000803f0100000094fc8800e464aa04
1068,1067,6,0,0,255,255,0,0,1,0x3c888888,,9,6850224,9,6850224,3,0,,e0fb88000cd7233cac56aa04010000001c0000000000000000001c4200d88645657f6940889db34300000000c866c1105865c1107862c1103063c1101066c110e863c110a064c110,e0fb88000874dabbac56aa04010000001c000000000000000000284200288845657f6940889db34300000000c866c1105865c1107862c1103063c1101066c110e863c110a064c110
1068,1067,6,1,1,0,0,0,0,1,0x3c888888,,19,6857312,19,6857312,,0,,0000803f0100000094fc8800e464aa04,0000803f0100000094fc8800e464aa04
1069,1068,6,0,0,255,255,0,0,1,0x3c888888,,9,6850224,9,6850224,3,0,,e0fb88000874dabbac56aa04010000001c000000000000000000284200288845657f6940889db34300000000c866c1105865c1107862c1103063c1101066c110e863c110a064c110,e0fb880000000000ac56aa04010000001c000000000000000000244200708945657f6940889db34300000000c866c1105865c1107862c1103063c1101066c110e863c110a064c110
1069,1068,6,1,1,0,0,0,0,1,0x3c888888,,19,6857312,19,6857312,,0,,0000803f0100000094fc8800e464aa04,0000803f0100000094fc8800e464aa04
1070,1069,6,0,0,255,255,0,0,1,0x3c888888,,9,6850224,9,6850224,3,0,,e0fb880000000000ac56aa04010000001c000000000000000000244200708945657f6940889db34300000000c866c1105865c1107862c1103063c1101066c110e863c110a064c110,e0fb88004b7e313dac56aa04010000001b000000010000000000204200b08a45657f6940889db34300000000c866c1105865c1107862c1103063c1101066c110e863c110a064c110
1070,1069,6,1,1,0,0,0,0,1,0x3c888888,,19,6857312,19,6857312,,0,,0000803f0100000094fc8800e464aa04,0000803f0100000094fc8800e464aa04
1071,1070,6,0,0,255,255,0,0,1,0x3c888888,,9,6850224,9,6850224,3,0,,e0fb88004b7e313dac56aa04010000001b000000000000000000204200b08a45657f6940889db34300000000c866c1105865c1107862c1103063c1101066c110e863c110a064c110,e0fb88000e74da3cac56aa04010000001b0000000000000000001c4200e88b45657f6940889db34300000000c866c1105865c1107862c1103063c1101066c110e863c110a064c110
1071,1070,6,1,1,0,0,0,0,1,0x3c888888,,19,6857312,19,6857312,,0,,0000803f0100000094fc8800e464aa04,0000803f0100000094fc8800e464aa04
1072,1071,6,0,0,255,255,0,0,1,0x3c888888,,9,6850224,9,6850224,3,0,,e0fb88000e74da3cac56aa04010000001b0000000000000000001c4200e88b45657f6940889db34300000000c866c1105865c1107862c1103063c1101066c110e863c110a064c110,e0fb88000cd7233cac56aa04010000001b000000000000000000284200388d45657f6940889db34300000000c866c1105865c1107862c1103063c1101066c110e863c110a064c110
1072,1071,6,1,1,0,0,0,0,1,0x3c888888,,19,6857312,19,6857312,,0,,0000803f0100000094fc8800e464aa04,0000803f0100000094fc8800e464aa04
1073,1072,6,0,0,255,255,0,0,1,0x3c888888,,9,6850224,9,6850224,3,0,,e0fb88000cd7233cac56aa04010000001b000000000000000000284200388d45657f6940889db34300000000c866c1105865c1107862c1103063c1101066c110e863c110a064c110,e0fb88000874dabbac56aa04010000001b000000000000000000244200808e45657f6940889db34300000000c866c1105865c1107862c1103063c1101066c110e863c110a064c110
1073,1072,6,1,1,0,0,0,0,1,0x3c888888,,19,6857312,19,6857312,,0,,0000803f0100000094fc8800e464aa04,0000803f0100000094fc8800e464aa04
1074,1073,6,0,0,255,255,0,0,1,0x3c888888,,9,6850224,9,6850224,3,0,,e0fb88000874dabbac56aa04010000001b000000000000000000244200808e45657f6940889db34300000000c866c1105865c1107862c1103063c1101066c110e863c110a064c110,e0fb880000000000ac56aa04010000001b000000000000000000204200c08f45657f6940889db34300000000c866c1105865c1107862c1103063c1101066c110e863c110a064c110
1074,1073,6,1,1,0,0,0,0,1,0x3c888888,,19,6857312,19,6857312,,0,,0000803f0100000094fc8800e464aa04,0000803f0100000094fc8800e464aa04
1075,1074,6,0,0,255,255,0,0,1,0x3c888888,,9,6850224,9,6850224,3,0,,e0fb880000000000ac56aa04010000001b000000000000000000204200c08f45657f6940889db34300000000c866c1105865c1107862c1103063c1101066c110e863c110a064c110,e0fb88004b7e313dac56aa04010000001a0000000100000000001c4200f89045657f6940889db34300000000c866c1105865c1107862c1103063c1101066c110e863c110a064c110
1075,1074,6,1,1,0,0,0,0,1,0x3c888888,,19,6857312,19,6857312,,0,,0000803f0100000094fc8800e464aa04,0000803f0100000094fc8800e464aa04
1076,1075,6,0,0,255,255,0,0,1,0x3c888888,,9,6850224,9,6850224,3,0,,e0fb88004b7e313dac56aa04010000001a0000000000000000001c4200f89045657f6940889db34300000000c866c1105865c1107862c1103063c1101066c110e863c110a064c110,e0fb88000e74da3cac56aa04010000001a000000000000000000284200489245657f6940889db34300000000c866c1105865c1107862c1103063c1101066c110e863c110a064c110
1076,1075,6,1,1,0,0,0,0,1,0x3c888888,,19,6857312,19,6857312,,0,,0000803f0100000094fc8800e464aa04,0000803f0100000094fc8800e464aa04
1077,1076,6,0,0,255,255,0,0,1,0x3c888888,,9,6850224,9,6850224,3,0,,e0fb88000e74da3cac56aa04010000001a000000000000000000284200489245657f6940889db34300000000c866c1105865c1107862c1103063c1101066c110e863c110a064c110,e0fb88000cd7233cac56aa04010000001a000000000000000000244200909345657f6940889db34300000000c866c1105865c1107862c1103063c1101066c110e863c110a064c110
1077,1076,6,1,1,0,0,0,0,1,0x3c888888,,19,6857312,19,6857312,,0,,0000803f0100000094fc8800e464aa04,0000803f0100000094fc8800e464aa04
1078,1077,6,0,0,255,255,0,0,1,0x3c888888,,9,6850224,9,6850224,3,0,,e0fb88000cd7233cac56aa04010000001a000000000000000000244200909345657f6940889db34300000000c866c1105865c1107862c1103063c1101066c110e863c110a064c110,e0fb88000874dabbac56aa04010000001a000000000000000000204200d09445657f6940889db34300000000c866c1105865c1107862c1103063c1101066c110e863c110a064c110
1078,1077,6,1,1,0,0,0,0,1,0x3c888888,,19,6857312,19,6857312,,0,,0000803f0100000094fc8800e464aa04,0000803f0100000094fc8800e464aa04
1079,1078,6,0,0,255,255,0,0,1,0x3c888888,,9,6850224,9,6850224,3,0,,e0fb88000874dabbac56aa04010000001a000000000000000000204200d09445657f6940889db34300000000c866c1105865c1107862c1103063c1101066c110e863c110a064c110,e0fb880000000000ac56aa04010000001a0000000000000000001c4200089645657f6940889db34300000000c866c1105865c1107862c1103063c1101066c110e863c110a064c110
1079,1078,6,1,1,0,0,0,0,1,0x3c888888,,19,6857312,19,6857312,,0,,0000803f0100000094fc8800e464aa04,0000803f0100000094fc8800e464aa04
1080,1079,6,0,0,255,255,0,0,1,0x3c888888,,9,6850224,9,6850224,3,0,,e0fb880000000000ac56aa04010000001a0000000000000000001c4200089645657f6940889db34300000000c866c1105865c1107862c1103063c1101066c110e863c110a064c110,e0fb88004b7e313dac56aa040100000019000000010000000000284200589745657f6940889db34300000000c866c1105865c1107862c1103063c1101066c110e863c110a064c110
1080,1079,6,1,1,0,0,0,0,1,0x3c888888,,19,6857312,19,6857312,,0,,0000803f0100000094fc8800e464aa04,0000803f0100000094fc8800e464aa04
1081,1080,6,0,0,255,255,0,0,1,0x3c888888,,9,6850224,9,6850224,3,0,,e0fb88004b7e313dac56aa040100000019000000000000000000284200589745657f6940889db34300000000c866c1105865c1107862c1103063c1101066c110e863c110a064c110,e0fb88000e74da3cac56aa040100000019000000000000000000244200a09845657f6940889db34300000000c866c1105865c1107862c1103063c1101066c110e863c110a064c110
1081,1080,6,1,1,0,0,0,0,1,0x3c888888,,19,6857312,19,6857312,,0,,0000803f0100000094fc8800e464aa04,0000803f0100000094fc8800e464aa04
1082,1081,6,0,0,255,255,0,0,1,0x3c888888,,9,6850224,9,6850224,3,0,,e0fb88000e74da3cac56aa040100000019000000000000000000244200a09845657f6940889db34300000000c866c1105865c1107862c1103063c1101066c110e863c110a064c110,e0fb88000cd7233cac56aa040100000019000000000000000000204200e09945657f6940889db34300000000c866c1105865c1107862c1103063c1101066c110e863c110a064c110
1082,1081,6,1,1,0,0,0,0,1,0x3c888888,,19,6857312,19,6857312,,0,,0000803f0100000094fc8800e464aa04,0000803f0100000094fc8800e464aa04
1083,1082,6,0,0,255,255,0,0,1,0x3c888888,,9,6850224,9,6850224,3,0,,e0fb88000cd7233cac56aa040100000019000000000000000000204200e09945657f6940889db34300000000c866c1105865c1107862c1103063c1101066c110e863c110a064c110,e0fb88000874dabbac56aa0401000000190000000000000000001c4200189b45657f6940889db34300000000c866c1105865c1107862c1103063c1101066c110e863c110a064c110
1083,1082,6,1,1,0,0,0,0,1,0x3c888888,,19,6857312,19,6857312,,0,,0000803f0100000094fc8800e464aa04,0000803f0100000094fc8800e464aa04
1084,1083,6,0,0,255,255,0,0,1,0x3c888888,,9,6850224,9,6850224,3,0,,e0fb88000874dabbac56aa0401000000190000000000000000001c4200189b45657f6940889db34300000000c866c1105865c1107862c1103063c1101066c110e863c110a064c110,e0fb880000000000ac56aa040100000019000000000000000000284200689c45657f6940889db34300000000c866c1105865c1107862c1103063c1101066c110e863c110a064c110
1084,1083,6,1,1,0,0,0,0,1,0x3c888888,,19,6857312,19,6857312,,0,,0000803f0100000094fc8800e464aa04,0000803f0100000094fc8800e464aa04
1085,1084,6,0,0,255,255,0,0,1,0x3c888888,,9,6850224,9,6850224,3,0,,e0fb880000000000ac56aa040100000019000000000000000000284200689c45657f6940889db34300000000c866c1105865c1107862c1103063c1101066c110e863c110a064c110,e0fb88004b7e313dac56aa040100000018000000010000000000244200b09d45657f6940889db34300000000c866c1105865c1107862c1103063c1101066c110e863c110a064c110
1085,1084,6,1,1,0,0,0,0,1,0x3c888888,,19,6857312,19,6857312,,0,,0000803f0100000094fc8800e464aa04,0000803f0100000094fc8800e464aa04
1086,1085,6,0,0,255,255,0,0,1,0x3c888888,,9,6850224,9,6850224,3,0,,e0fb88004b7e313dac56aa040100000018000000000000000000244200b09d45657f6940889db34300000000c866c1105865c1107862c1103063c1101066c110e863c110a064c110,e0fb88000e74da3cac56aa040100000018000000000000000000204200f09e45657f6940889db34300000000c866c1105865c1107862c1103063c1101066c110e863c110a064c110
1086,1085,6,1,1,0,0,0,0,1,0x3c888888,,19,6857312,19,6857312,,0,,0000803f0100000094fc8800e464aa04,0000803f0100000094fc8800e464aa04
1087,1086,6,0,0,255,255,0,0,1,0x3c888888,,9,6850224,9,6850224,3,0,,e0fb88000e74da3cac56aa040100000018000000000000000000204200f09e45657f6940889db34300000000c866c1105865c1107862c1103063c1101066c110e863c110a064c110,e0fb88000cd7233cac56aa0401000000180000000000000000001c420028a045657f6940889db34300000000c866c1105865c1107862c1103063c1101066c110e863c110a064c110
1087,1086,6,1,1,0,0,0,0,1,0x3c888888,,19,6857312,19,6857312,,0,,0000803f0100000094fc8800e464aa04,0000803f0100000094fc8800e464aa04
1088,1087,6,0,0,255,255,0,0,1,0x3c888888,,9,6850224,9,6850224,3,0,,e0fb88000cd7233cac56aa0401000000180000000000000000001c420028a045657f6940889db34300000000c866c1105865c1107862c1103063c1101066c110e863c110a064c110,e0fb88000874dabbac56aa04010000001800000000000000000028420078a145657f6940889db34300000000c866c1105865c1107862c1103063c1101066c110e863c110a064c110
1088,1087,6,1,1,0,0,0,0,1,0x3c888888,,19,6857312,19,6857312,,0,,0000803f0100000094fc8800e464aa04,0000803f0100000094fc8800e464aa04
1089,1088,6,0,0,255,255,0,0,1,0x3c888888,,9,6850224,9,6850224,3,0,,e0fb88000874dabbac56aa04010000001800000000000000000028420078a145657f6940889db34300000000c866c1105865c1107862c1103063c1101066c110e863c110a064c110,e0fb880000000000ac56aa040100000018000000000000000000244200c0a245657f6940889db34300000000c866c1105865c1107862c1103063c1101066c110e863c110a064c110
1089,1088,6,1,1,0,0,0,0,1,0x3c888888,,19,6857312,19,6857312,,0,,0000803f0100000094fc8800e464aa04,0000803f0100000094fc8800e464aa04
1090,1089,6,0,0,0,255,0,0,1,0x3c888888,,9,6850224,9,6850224,1,0,,e0fb880000000000ac56aa040100000018000000000000000000244200c0a245657f6940889db34300000000c866c1105865c1107862c1103063c1101066c110e863c110a064c110,e0fb88004b7e313dac56aa04010000001700000001000000000020420000a445657f6940889db34300000000c866c1105865c1107862c1103063c1101066c110e863c110a064c110
1090,1089,6,1,1,0,0,0,0,1,0x3c888888,,19,6857312,19,6857312,,0,,0000803f0100000094fc8800e464aa04,0000803f0100000094fc8800e464aa04
1091,1090,6,0,0,0,0,0,0,1,0x3c888888,,9,6850224,9,6850224,,0,,e0fb88004b7e313dac56aa04010000001700000000000000000020420000a445657f6940889db34300000000c866c1105865c1107862c1103063c1101066c110e863c110a064c110,e0fb88000e74da3cac56aa0401000000170000000000000000001c420038a545657f6940889db34300000000c866c1105865c1107862c1103063c1101066c110e863c110a064c110
1091,1090,6,1,1,0,0,0,0,1,0x3c888888,,19,6857312,19,6857312,,0,,0000803f0100000094fc8800e464aa04,0000803f0100000094fc8800e464aa04
1092,1091,6,0,0,0,0,0,0,1,0x3c888888,,9,6850224,9,6850224,,0,,e0fb88000e74da3cac56aa0401000000170000000000000000001c420038a545657f6940889db34300000000c866c1105865c1107862c1103063c1101066c110e863c110a064c110,e0fb88000cd7233cac56aa04010000001700000000000000000018420068a645657f6940889db34300000000c866c1105865c1107862c1103063c1101066c110e863c110a064c110
1092,1091,6,1,1,0,0,0,0,1,0x3c888888,,19,6857312,19,6857312,,0,,0000803f0100000094fc8800e464aa04,0000803f0100000094fc8800e464aa04
1093,1092,6,0,0,0,0,0,0,1,0x3c888888,,9,6850224,9,6850224,,0,,e0fb88000cd7233cac56aa04010000001700000000000000000018420068a645657f6940889db34300000000c866c1105865c1107862c1103063c1101066c110e863c110a064c110,e0fb88000874dabbac56aa04010000001700000000000000000014420090a745657f6940889db34300000000c866c1105865c1107862c1103063c1101066c110e863c110a064c110
1093,1092,6,1,1,0,0,0,0,1,0x3c888888,,19,6857312,19,6857312,,0,,0000803f0100000094fc8800e464aa04,0000803f0100000094fc8800e464aa04
1094,1093,6,0,0,0,0,0,0,1,0x3c888888,,9,6850224,9,6850224,,0,,e0fb88000874dabbac56aa04010000001700000000000000000014420090a745657f6940889db34300000000c866c1105865c1107862c1103063c1101066c110e863c110a064c110,e0fb880000000000ac56aa040100000017000000000000000000104200b0a845657f6940889db34300000000c866c1105865c1107862c1103063c1101066c110e863c110a064c110
1094,1093,6,1,1,0,0,0,0,1,0x3c888888,,19,6857312,19,6857312,,0,,0000803f0100000094fc8800e464aa04,0000803f0100000094fc8800e464aa04
1095,1094,6,0,0,0,0,0,0,1,0x3c888888,,9,6850224,9,6850224,,0,,e0fb880000000000ac56aa040100000017000000000000000000104200b0a845657f6940889db34300000000c866c1105865c1107862c1103063c1101066c110e863c110a064c110,e0fb880000000000ac56aa0401000000170000000000000000000c4200c8a945657f6940889db34300000000c866c1105865c1107862c1103063c1101066c110e863c110a064c110
1095,1094,6,1,1,0,0,0,0,1,0x3c888888,,19,6857312,19,6857312,,0,,0000803f0100000094fc8800e464aa04,0000803f0100000094fc8800e464aa04
1096,1095,6,0,0,0,0,0,0,1,0x3c888888,,9,6850224,9,6850224,,0,,e0fb880000000000ac56aa0401000000170000000000000000000c4200c8a945657f6940889db34300000000c866c1105865c1107862c1103063c1101066c110e863c110a064c110,e0fb880000000000ac56aa040100000017000000000000000000084200d8aa45657f6940889db34300000000c866c1105865c1107862c1103063c1101066c110e863c110a064c110
1096,1095,6,1,1,0,0,0,0,1,0x3c888888,,19,6857312,19,6857312,,0,,0000803f0100000094fc8800e464aa04,0000803f0100000094fc8800e464aa04
1097,1096,6,0,0,0,0,0,0,1,0x3c888888,,9,6850224,9,6850224,,0,,e0fb880000000000ac56aa040100000017000000000000000000084200d8aa45657f6940889db34300000000c866c1105865c1107862c1103063c1101066c110e863c110a064c110,e0fb880000000000ac56aa040100000017000000000000000000044200e0ab45657f6940889db34300000000c866c1105865c1107862c1103063c1101066c110e863c110a064c110
1097,1096,6,1,1,0,0,0,0,1,0x3c888888,,19,6857312,19,6857312,,0,,0000803f0100000094fc8800e464aa04,0000803f0100000094fc8800e464aa04
1098,1097,6,0,0,0,0,0,0,1,0x3c888888,,9,6850224,9,6850224,,0,,e0fb880000000000ac56aa040100000017000000000000000000044200e0ab45657f6940889db34300000000c866c1105865c1107862c1103063c1101066c110e863c110a064c110,e0fb880000000000ac56aa040100000017000000000000000000004200e0ac45657f6940889db34300000000c866c1105865c1107862c1103063c1101066c110e863c110a064c110
1098,1097,6,1,1,0,0,0,0,1,0x3c888888,,19,6857312,19,6857312,,0,,0000803f0100000094fc8800e464aa04,0000803f0100000094fc8800e464aa04
1099,1098,6,0,0,0,0,0,0,1,0x3c888888,,9,6850224,9,6850224,,0,,e0fb880000000000ac56aa040100000017000000000000000000004200e0ac45657f6940889db34300000000c866c1105865c1107862c1103063c1101066c110e863c110a064c110,e0fb880000000000ac56aa040100000017000000000000000000f84100d8ad45657f6940889db34300000000c866c1105865c1107862c1103063c1101066c110e863c110a064c110
1099,1098,6,1,1,0,0,0,0,1,0x3c888888,,19,6857312,19,6857312,,0,,0000803f0100000094fc8800e464aa04,0000803f0100000094fc8800e464aa04
1100,1099,6,0,0,0,0,0,0,1,0x3c888888,,9,6850224,9,6850224,,0,,e0fb880000000000ac56aa040100000017000000000000000000f84100d8ad45657f6940889db34300000000c866c1105865c1107862c1103063c1101066c110e863c110a064c110,e0fb880000000000ac56aa040100000017000000000000000000f04100c8ae4521e25840889db34300000000c866c1105865c1107862c1103063c1101066c110e863c110a064c110
1100,1099,6,1,1,0,0,0,0,1,0x3c888888,,19,6857312,19,6857312,,0,,0000803f0100000094fc8800e464aa04,0000803f0100000094fc8800e464aa04
1101,1100,6,0,0,0,0,255,0,1,0x3c888888,,9,6850224,-1,0,,0,0x45be52,e0fb880000000000ac56aa040100000017000000000000000000f04100c8ae4521e25840889db34300000000c866c1105865c1107862c1103063c1101066c110e863c110a064c110,
1101,1100,6,1,1,0,0,0,0,1,0x3c888888,,19,6857312,19,6857312,,0,,0000803f0100000094fc8800e464aa04,0000803f0100000094fc8800e464aa04
1102,1101,6,1,1,0,0,0,0,1,0x3c888888,,19,6857312,19,6857312,,0,,0000803f0100000094fc8800e464aa04,0000803f0100000094fc8800e464aa04
1103,1102,6,1,1,0,0,0,0,1,0x3c888888,,19,6857312,19,6857312,,0,,0000803f0100000094fc8800e464aa04,0000803f0100000094fc8800e464aa04
1104,1103,6,1,1,0,0,0,0,1,0x3c888888,,19,6857312,19,6857312,,0,,0000803f0100000094fc8800e464aa04,0000803f0100000094fc8800e464aa04
1105,1104,6,1,1,0,0,0,0,1,0x3c888888,,19,6857312,19,6857312,,0,,0000803f0100000094fc8800e464aa04,0000803f0100000094fc8800e464aa04
1106,1105,6,1,1,0,0,0,0,1,0x3c888888,,19,6857312,19,6857312,,0,,0000803f0100000094fc8800e464aa04,0000803f0100000094fc8800e464aa04
1107,1106,6,1,1,0,0,0,0,1,0x3c888888,,19,6857312,19,6857312,,0,,0000803f0100000094fc8800e464aa04,0000803f0100000094fc8800e464aa04
1108,1107,6,1,1,0,0,0,0,1,0x3c888888,,19,6857312,19,6857312,,0,,0000803f0100000094fc8800e464aa04,0000803f0100000094fc8800e464aa04
1109,1108,6,1,1,0,0,0,0,1,0x3c888888,,19,6857312,19,6857312,,0,,0000803f0100000094fc8800e464aa04,0000803f0100000094fc8800e464aa04
1110,1109,6,1,1,0,0,0,0,1,0x3c888888,,19,6857312,19,6857312,,0,,0000803f0100000094fc8800e464aa04,0000803f0100000094fc8800e464aa04
1111,1110,6,1,1,0,0,0,0,1,0x3c888888,,19,6857312,19,6857312,,0,,0000803f0100000094fc8800e464aa04,0000803f0100000094fc8800e464aa04
1112,1111,6,1,1,0,0,0,0,1,0x3c888888,,19,6857312,19,6857312,,0,,0000803f0100000094fc8800e464aa04,0000803f0100000094fc8800e464aa04
1113,1112,6,1,1,0,0,0,0,1,0x3c888888,,19,6857312,19,6857312,,0,,0000803f0100000094fc8800e464aa04,0000803f0100000094fc8800e464aa04
1114,1113,6,1,1,0,0,0,0,1,0x3c888888,,19,6857312,19,6857312,,0,,0000803f0100000094fc8800e464aa04,0000803f0100000094fc8800e464aa04
1115,1114,6,1,1,0,0,0,0,1,0x3c888888,,19,6857312,19,6857312,,0,,0000803f0100000094fc8800e464aa04,0000803f0100000094fc8800e464aa04
1116,1115,6,1,1,0,0,0,0,1,0x3c888888,,19,6857312,19,6857312,,0,,0000803f0100000094fc8800e464aa04,0000803f0100000094fc8800e464aa04
1117,1116,6,1,1,0,0,0,0,1,0x3c888888,,19,6857312,19,6857312,,0,,0000803f0100000094fc8800e464aa04,0000803f0100000094fc8800e464aa04
1118,1117,6,1,1,0,0,0,0,1,0x3c888888,,19,6857312,19,6857312,,0,,0000803f0100000094fc8800e464aa04,0000803f0100000094fc8800e464aa04
1119,1118,6,1,1,0,0,0,0,1,0x3c888888,,19,6857312,19,6857312,,0,,0000803f0100000094fc8800e464aa04,0000803f0100000094fc8800e464aa04
1120,1119,6,1,1,0,0,0,0,1,0x3c888888,,19,6857312,19,6857312,,0,,0000803f0100000094fc8800e464aa04,0000803f0100000094fc8800e464aa04
1121,1120,6,1,1,0,0,0,0,1,0x3c888888,,19,6857312,19,6857312,,0,,0000803f0100000094fc8800e464aa04,0000803f0100000094fc8800e464aa04
1122,1121,6,1,1,0,0,0,0,1,0x3c888888,,19,6857312,19,6857312,,0,,0000803f0100000094fc8800e464aa04,0000803f0100000094fc8800e464aa04
1123,1122,6,1,1,0,0,0,0,1,0x3c888888,,19,6857312,19,6857312,,0,,0000803f0100000094fc8800e464aa04,0000803f0100000094fc8800e464aa04
1124,1123,6,1,1,0,0,0,0,1,0x3c888888,,19,6857312,19,6857312,,0,,0000803f0100000094fc8800e464aa04,0000803f0100000094fc8800e464aa04
1125,1124,6,1,1,0,0,0,0,1,0x3c888888,,19,6857312,19,6857312,,0,,0000803f0100000094fc8800e464aa04,0000803f0100000094fc8800e464aa04
1126,1125,6,1,1,0,0,0,0,1,0x3c888888,,19,6857312,19,6857312,,0,,0000803f0100000094fc8800e464aa04,0000803f0100000094fc8800e464aa04
1127,1126,6,1,1,0,0,0,0,1,0x3c888888,,19,6857312,19,6857312,,0,,0000803f0100000094fc8800e464aa04,0000803f0100000094fc8800e464aa04
1128,1127,6,1,1,0,0,0,0,1,0x3c888888,,19,6857312,19,6857312,,0,,0000803f0100000094fc8800e464aa04,0000803f0100000094fc8800e464aa04
1129,1128,6,1,1,0,0,0,0,1,0x3c888888,,19,6857312,19,6857312,,0,,0000803f0100000094fc8800e464aa04,0000803f0100000094fc8800e464aa04
1130,1129,6,1,1,0,0,0,0,1,0x3c888888,,19,6857312,19,6857312,,0,,0000803f0100000094fc8800e464aa04,0000803f0100000094fc8800e464aa04
1131,1130,6,1,1,0,0,0,0,1,0x3c888888,,19,6857312,19,6857312,,0,,0000803f0100000094fc8800e464aa04,0000803f0100000094fc8800e464aa04
1132,1131,6,0,0,0,0,0,0,1,0x3c888888,A17,17,6869336,17,6869336,,0,,98a7cf1008a9cf1050a8cf100000000004000000e0fb880001000000a862aa0400000000,98a7cf1008a9cf1050a8cf100000000004000000e0fb880001000000a862aa0400000000
1132,1131,6,1,1,0,0,0,0,1,0x3c888888,,19,6857312,19,6857312,,0,,0000803f0100000094fc8800e464aa04,0000803f0100000094fc8800e464aa04
1133,1132,6,0,0,255,0,0,0,1,0x3c888888,,17,6869336,17,6869336,2,0,,98a7cf1008a9cf1050a8cf100000000004000000e0fb880001000000a862aa0400000000,98a7cf1008a9cf1050a8cf100700000003000000e0fb880001000000a862aa0400000000
1133,1132,6,1,1,0,0,0,0,1,0x3c888888,,19,6857312,19,6857312,,0,,0000803f0100000094fc8800e464aa04,0000803f0100000094fc8800e464aa04
1134,1133,6,0,0,0,255,0,0,1,0x3c888888,,17,6869336,17,6869336,1,0,,98a7cf1008a9cf1050a8cf100700000003000000e0fb880001000000a862aa0400000000,98a7cf1008a9cf1050a8cf100600000003000000e0fb880001000000a862aa0400000000
1134,1133,6,1,1,0,0,0,0,1,0x3c888888,,19,6857312,19,6857312,,0,,0000803f0100000094fc8800e464aa04,0000803f0100000094fc8800e464aa04
1135,1134,6,0,0,0,0,0,0,1,0x3c888888,,17,6869336,17,6869336,,0,,98a7cf1008a9cf1050a8cf100600000003000000e0fb880001000000a862aa0400000000,98a7cf1008a9cf1050a8cf100500000003000000e0fb880001000000a862aa0400000000
1135,1134,6,1,1,0,0,0,0,1,0x3c888888,,19,6857312,19,6857312,,0,,0000803f0100000094fc8800e464aa04,0000803f0100000094fc8800e464aa04
1136,1135,6,0,0,0,0,0,0,1,0x3c888888,,17,6869336,17,6869336,,0,,98a7cf1008a9cf1050a8cf100500000003000000e0fb880001000000a862aa0400000000,98a7cf1008a9cf1050a8cf100400000003000000e0fb880001000000a862aa0400000000
1136,1135,6,1,1,0,0,0,0,1,0x3c888888,,19,6857312,19,6857312,,0,,0000803f0100000094fc8800e464aa04,0000803f0100000094fc8800e464aa04
1137,1136,6,0,0,0,0,0,0,1,0x3c888888,,17,6869336,17,6869336,,0,,98a7cf1008a9cf1050a8cf100400000003000000e0fb880001000000a862aa0400000000,98a7cf1008a9cf1050a8cf100300000003000000e0fb880001000000a862aa0400000000
1137,1136,6,1,1,0,0,0,0,1,0x3c888888,,19,6857312,19,6857312,,0,,0000803f0100000094fc8800e464aa04,0000803f0100000094fc8800e464aa04
1138,1137,6,0,0,0,0,0,0,1,0x3c888888,,17,6869336,17,6869336,,0,,98a7cf1008a9cf1050a8cf100300000003000000e0fb880001000000a862aa0400000000,98a7cf1008a9cf1050a8cf100200000003000000e0fb880001000000a862aa0400000000
1138,1137,6,1,1,0,0,0,0,1,0x3c888888,,19,6857312,19,6857312,,0,,0000803f0100000094fc8800e464aa04,0000803f0100000094fc8800e464aa04
1139,1138,6,0,0,0,0,0,0,1,0x3c888888,,17,6869336,17,6869336,,0,,98a7cf1008a9cf1050a8cf100200000003000000e0fb880001000000a862aa0400000000,98a7cf1008a9cf1050a8cf100100000003000000e0fb880001000000a862aa0400000000
1139,1138,6,1,1,0,0,0,0,1,0x3c888888,,19,6857312,19,6857312,,0,,0000803f0100000094fc8800e464aa04,0000803f0100000094fc8800e464aa04
1140,1139,6,0,0,255,0,0,0,1,0x3c888888,,17,6869336,17,6869336,2,0,,98a7cf1008a9cf1050a8cf100100000003000000e0fb880001000000a862aa0400000000,98a7cf1008a9cf1050a8cf100700000002000000e0fb880001000000a862aa0400000000
1140,1139,6,1,1,0,0,0,0,1,0x3c888888,,19,6857312,19,6857312,,0,,0000803f0100000094fc8800e464aa04,0000803f0100000094fc8800e464aa04
1141,1140,6,0,0,255,255,0,0,1,0x3c888888,,17,6869336,17,6869336,3,0,,98a7cf1008a9cf1050a8cf100700000002000000e0fb880001000000a862aa0400000000,98a7cf1008a9cf1050a8cf100600000002000000e0fb880001000000a862aa0400000000
1141,1140,6,1,1,0,0,0,0,1,0x3c888888,,19,6857312,19,6857312,,0,,0000803f0100000094fc8800e464aa04,0000803f0100000094fc8800e464aa04
1142,1141,6,0,0,0,255,0,0,1,0x3c888888,,17,6869336,17,6869336,1,0,,98a7cf1008a9cf1050a8cf100600000002000000e0fb880001000000a862aa0400000000,98a7cf1008a9cf1050a8cf100500000002000000e0fb880001000000a862aa0400000000
1142,1141,6,1,1,0,0,0,0,1,0x3c888888,,19,6857312,19,6857312,,0,,0000803f0100000094fc8800e464aa04,0000803f0100000094fc8800e464aa04
1143,1142,6,0,0,0,0,0,0,1,0x3c888888,,17,6869336,17,6869336,,0,,98a7cf1008a9cf1050a8cf100500000002000000e0fb880001000000a862aa0400000000,98a7cf1008a9cf1050a8cf100400000002000000e0fb880001000000a862aa0400000000
1143,1142,6,1,1,0,0,0,0,1,0x3c888888,,19,6857312,19,6857312,,0,,0000803f0100000094fc8800e464aa04,0000803f0100000094fc8800e464aa04
1144,1143,6,0,0,0,0,0,0,1,0x3c888888,,17,6869336,17,6869336,,0,,98a7cf1008a9cf1050a8cf100400000002000000e0fb880001000000a862aa0400000000,98a7cf1008a9cf1050a8cf100300000002000000e0fb880001000000a862aa0400000000
1144,1143,6,1,1,0,0,0,0,1,0x3c888888,,19,6857312,19,6857312,,0,,0000803f0100000094fc8800e464aa04,0000803f0100000094fc8800e464aa04
1145,1144,6,0,0,0,0,0,0,1,0x3c888888,,17,6869336,17,6869336,,0,,98a7cf1008a9cf1050a8cf100300000002000000e0fb880001000000a862aa0400000000,98a7cf1008a9cf1050a8cf100200000002000000e0fb880001000000a862aa0400000000
1145,1144,6,1,1,0,0,0,0,1,0x3c888888,,19,6857312,19,6857312,,0,,0000803f0100000094fc8800e464aa04,0000803f0100000094fc8800e464aa04
1146,1145,6,0,0,0,0,0,0,1,0x3c888888,,17,6869336,17,6869336,,0,,98a7cf1008a9cf1050a8cf100200000002000000e0fb880001000000a862aa0400000000,98a7cf1008a9cf1050a8cf100100000002000000e0fb880001000000a862aa0400000000
1146,1145,6,1,1,0,0,0,0,1,0x3c888888,,19,6857312,19,6857312,,0,,0000803f0100000094fc8800e464aa04,0000803f0100000094fc8800e464aa04
1147,1146,6,0,0,0,0,0,0,1,0x3c888888,,17,6869336,17,6869336,,0,,98a7cf1008a9cf1050a8cf100100000002000000e0fb880001000000a862aa0400000000,98a7cf1008a9cf1050a8cf100000000002000000e0fb880001000000a862aa0400000000
1147,1146,6,1,1,0,0,0,0,1,0x3c888888,,19,6857312,19,6857312,,0,,0000803f0100000094fc8800e464aa04,0000803f0100000094fc8800e464aa04
1148,1147,6,0,0,255,0,0,0,1,0x3c888888,,17,6869336,17,6869336,2,0,,98a7cf1008a9cf1050a8cf100000000002000000e0fb880001000000a862aa0400000000,98a7cf1008a9cf1050a8cf100700000001000000e0fb880001000000a862aa0400000000
1148,1147,6,1,1,0,0,0,0,1,0x3c888888,,19,6857312,19,6857312,,0,,0000803f0100000094fc8800e464aa04,0000803f0100000094fc8800e464aa04
1149,1148,6,0,0,255,255,0,0,1,0x3c888888,,17,6869336,17,6869336,3,0,,98a7cf1008a9cf1050a8cf100700000001000000e0fb880001000000a862aa0400000000,98a7cf1008a9cf1050a8cf100600000001000000e0fb880001000000a862aa0400000000
1149,1148,6,1,1,0,0,0,0,1,0x3c888888,,19,6857312,19,6857312,,0,,0000803f0100000094fc8800e464aa04,0000803f0100000094fc8800e464aa04
1150,1149,6,0,0,255,255,0,0,1,0x3c888888,,17,6869336,17,6869336,3,0,,98a7cf1008a9cf1050a8cf100600000001000000e0fb880001000000a862aa0400000000,98a7cf1008a9cf1050a8cf100500000001000000e0fb880001000000a862aa0400000000
1150,1149,6,1,1,0,0,0,0,1,0x3c888888,,19,6857312,19,6857312,,0,,0000803f0100000094fc8800e464aa04,0000803f0100000094fc8800e464aa04
1151,1150,6,0,0,255,255,0,0,1,0x3c888888,,17,6869336,17,6869336,3,0,,98a7cf1008a9cf1050a8cf100500000001000000e0fb880001000000a862aa0400000000,98a7cf1008a9cf1050a8cf100400000001000000e0fb880001000000a862aa0400000000
1151,1150,6,1,1,0,0,0,0,1,0x3c888888,,19,6857312,19,6857312,,0,,0000803f0100000094fc8800e464aa04,0000803f0100000094fc8800e464aa04
1152,1151,6,0,0,255,255,0,0,1,0x3c888888,,17,6869336,17,6869336,3,0,,98a7cf1008a9cf1050a8cf100400000001000000e0fb880001000000a862aa0400000000,98a7cf1008a9cf1050a8cf100300000001000000e0fb880001000000a862aa0400000000
1152,1151,6,1,1,0,0,0,0,1,0x3c888888,,19,6857312,19,6857312,,0,,0000803f0100000094fc8800e464aa04,0000803f0100000094fc8800e464aa04
1153,1152,6,0,0,255,255,0,0,1,0x3c888888,,17,6869336,17,6869336,3,0,,98a7cf1008a9cf1050a8cf100300000001000000e0fb880001000000a862aa0400000000,98a7cf1008a9cf1050a8cf100200000001000000e0fb880001000000a862aa0400000000
1153,1152,6,1,1,0,0,0,0,1,0x3c888888,,19,6857312,19,6857312,,0,,0000803f0100000094fc8800e464aa04,0000803f0100000094fc8800e464aa04
1154,1153,6,0,0,0,255,0,0,1,0x3c888888,,17,6869336,17,6869336,1,0,,98a7cf1008a9cf1050a8cf100200000001000000e0fb880001000000a862aa0400000000,98a7cf1008a9cf1050a8cf100100000001000000e0fb880001000000a862aa0400000000
1154,1153,6,1,1,0,0,0,0,1,0x3c888888,,19,6857312,19,6857312,,0,,0000803f0100000094fc8800e464aa04,0000803f0100000094fc8800e464aa04
1155,1154,6,0,0,0,0,0,0,1,0x3c888888,,17,6869336,17,6869336,,0,,98a7cf1008a9cf1050a8cf100100000001000000e0fb880001000000a862aa0400000000,98a7cf1008a9cf1050a8cf100000000001000000e0fb880001000000a862aa0400000000
1155,1154,6,1,1,0,0,0,0,1,0x3c888888,,19,6857312,19,6857312,,0,,0000803f0100000094fc8800e464aa04,0000803f0100000094fc8800e464aa04
1156,1155,6,0,0,0,0,0,0,1,0x3c888888,,17,6869336,17,6869336,,0,,98a7cf1008a9cf1050a8cf100000000001000000e0fb880001000000a862aa0400000000,98a7cf1008a9cf1050a8cf100000000001000000e0fb880001000000a862aa0400000000
1156,1155,6,1,1,0,0,0,0,1,0x3c888888,,19,6857312,19,6857312,,0,,0000803f0100000094fc8800e464aa04,0000803f0100000094fc8800e464aa04
1157,1156,6,0,0,0,0,0,0,1,0x3c888888,,17,6869336,17,6869336,,0,,98a7cf1008a9cf1050a8cf100000000001000000e0fb880001000000a862aa0400000000,98a7cf1008a9cf1050a8cf100000000001000000e0fb880001000000a862aa0400000000
1157,1156,6,1,1,0,0,0,0,1,0x3c888888,,19,6857312,19,6857312,,0,,0000803f0100000094fc8800e464aa04,0000803f0100000094fc8800e464aa04
1158,1157,6,0,0,0,0,0,0,1,0x3c888888,,17,6869336,17,6869336,,0,,98a7cf1008a9cf1050a8cf100000000001000000e0fb880001000000a862aa0400000000,98a7cf1008a9cf1050a8cf100000000001000000e0fb880001000000a862aa0400000000
1158,1157,6,1,1,0,0,0,0,1,0x3c888888,,19,6857312,19,6857312,,0,,0000803f0100000094fc8800e464aa04,0000803f0100000094fc8800e464aa04
1159,1158,6,0,0,0,0,0,0,1,0x3c888888,,17,6869336,17,6869336,,0,,98a7cf1008a9cf1050a8cf100000000001000000e0fb880001000000a862aa0400000000,98a7cf1008a9cf1050a8cf100000000001000000e0fb880001000000a862aa0400000000
1159,1158,6,1,1,0,0,0,0,1,0x3c888888,,19,6857312,19,6857312,,0,,0000803f0100000094fc8800e464aa04,0000803f0100000094fc8800e464aa04
1160,1159,6,0,0,255,0,0,0,1,0x3c888888,,17,6869336,17,6869336,2,0,,98a7cf1008a9cf1050a8cf100000000001000000e0fb880001000000a862aa0400000000,98a7cf1008a9cf1050a8cf100700000000000000e0fb880001000000a862aa0400000000
1160,1159,6,1,1,0,0,0,0,1,0x3c888888,,19,6857312,19,6857312,,0,,0000803f0100000094fc8800e464aa04,0000803f0100000094fc8800e464aa04
1161,1160,6,0,0,255,255,0,0,1,0x3c888888,,17,6869336,17,6869336,3,0,,98a7cf1008a9cf1050a8cf100700000000000000e0fb880001000000a862aa0400000000,98a7cf1008a9cf1050a8cf100600000000000000e0fb880001000000a862aa0400000000
1161,1160,6,1,1,0,0,0,0,1,0x3c888888,,19,6857312,19,6857312,,0,,0000803f0100000094fc8800e464aa04,0000803f0100000094fc8800e464aa04
1162,1161,6,0,0,255,255,0,0,1,0x3c888888,,17,6869336,17,6869336,3,0,,98a7cf1008a9cf1050a8cf100600000000000000e0fb880001000000a862aa0400000000,98a7cf1008a9cf1050a8cf100500000000000000e0fb880001000000a862aa0400000000
1162,1161,6,1,1,0,0,0,0,1,0x3c888888,,19,6857312,19,6857312,,0,,0000803f0100000094fc8800e464aa04,0000803f0100000094fc8800e464aa04
1163,1162,6,0,0,255,255,0,0,1,0x3c888888,,17,6869336,17,6869336,3,0,,98a7cf1008a9cf1050a8cf100500000000000000e0fb880001000000a862aa0400000000,98a7cf1008a9cf1050a8cf100400000000000000e0fb880001000000a862aa0400000000
1163,1162,6,1,1,0,0,0,0,1,0x3c888888,,19,6857312,19,6857312,,0,,0000803f0100000094fc8800e464aa04,0000803f0100000094fc8800e464aa04
1164,1163,6,0,0,255,255,0,0,1,0x3c888888,,17,6869336,17,6869336,3,0,,98a7cf1008a9cf1050a8cf100400000000000000e0fb880001000000a862aa0400000000,98a7cf1008a9cf1050a8cf100300000000000000e0fb880001000000a862aa0400000000
1164,1163,6,1,1,0,0,0,0,1,0x3c888888,,19,6857312,19,6857312,,0,,0000803f0100000094fc8800e464aa04,0000803f0100000094fc8800e464aa04
1165,1164,6,0,0,255,255,0,0,1,0x3c888888,,17,6869336,17,6869336,3,0,,98a7cf1008a9cf1050a8cf100300000000000000e0fb880001000000a862aa0400000000,98a7cf1008a9cf1050a8cf100200000000000000e0fb880001000000a862aa0400000000
1165,1164,6,1,1,0,0,0,0,1,0x3c888888,,19,6857312,19,6857312,,0,,0000803f0100000094fc8800e464aa04,0000803f0100000094fc8800e464aa04
1166,1165,6,0,0,255,255,0,0,1,0x3c888888,,17,6869336,17,6869336,3,0,,98a7cf1008a9cf1050a8cf100200000000000000e0fb880001000000a862aa0400000000,98a7cf1008a9cf1050a8cf100100000000000000e0fb880001000000a862aa0400000000
1166,1165,6,1,1,0,0,0,0,1,0x3c888888,,19,6857312,19,6857312,,0,,0000803f0100000094fc8800e464aa04,0000803f0100000094fc8800e464aa04
1167,1166,6,0,0,255,255,0,0,1,0x3c888888,,17,6869336,17,6869336,3,0,,98a7cf1008a9cf1050a8cf100100000000000000e0fb880001000000a862aa0400000000,98a7cf1008a9cf1050a8cf100000000000000000e0fb880001000000a862aa0400000000
1167,1166,6,1,1,0,0,0,0,1,0x3c888888,,19,6857312,19,6857312,,0,,0000803f0100000094fc8800e464aa04,0000803f0100000094fc8800e464aa04
1168,1167,6,0,0,255,255,0,0,1,0x3c888888,,17,6869336,-1,0,,1,0x45bd67,98a7cf1008a9cf1050a8cf100000000000000000e0fb880001000000a862aa0400000000,
1168,1167,6,1,1,0,0,0,0,1,0x3c888888,,19,6857312,19,6857312,,0,,0000803f0100000094fc8800e464aa04,0000803f0100000094fc8800e464aa04
1169,1168,6,1,1,0,0,0,0,1,0x3c888888,,19,6857312,19,6857312,,0,,0000803f0100000094fc8800e464aa04,0000803f0100000094fc8800e464aa04
1170,1169,6,1,1,0,0,0,0,1,0x3c888888,,19,6857312,19,6857312,,0,,0000803f0100000094fc8800e464aa04,0000803f0100000094fc8800e464aa04
1171,1170,6,1,1,0,0,0,0,1,0x3c888888,,19,6857312,19,6857312,,0,,0000803f0100000094fc8800e464aa04,0000803f0100000094fc8800e464aa04
1172,1171,6,1,1,0,0,0,0,1,0x3c888888,,19,6857312,19,6857312,,0,,0000803f0100000094fc8800e464aa04,0000803f0100000094fc8800e464aa04
1173,1172,6,1,1,0,0,0,0,1,0x3c888888,,19,6857312,19,6857312,,0,,0000803f0100000094fc8800e464aa04,0000803f0100000094fc8800e464aa04
1174,1173,6,1,1,0,0,0,0,1,0x3c888888,,19,6857312,19,6857312,,0,,0000803f0100000094fc8800e464aa04,0000803f0100000094fc8800e464aa04
1175,1174,6,1,1,0,0,0,0,1,0x3c888888,,19,6857312,19,6857312,,0,,0000803f0100000094fc8800e464aa04,0000803f0100000094fc8800e464aa04
1176,1175,6,1,1,0,0,0,0,1,0x3c888888,,19,6857312,19,6857312,,0,,0000803f0100000094fc8800e464aa04,0000803f0100000094fc8800e464aa04
1177,1176,6,1,1,0,0,0,0,1,0x3c888888,,19,6857312,19,6857312,,0,,0000803f0100000094fc8800e464aa04,0000803f0100000094fc8800e464aa04
1178,1177,6,1,1,0,0,0,0,1,0x3c888888,,19,6857312,19,6857312,,0,,0000803f0100000094fc8800e464aa04,0000803f0100000094fc8800e464aa04
1179,1178,6,1,1,0,0,0,0,1,0x3c888888,,19,6857312,19,6857312,,0,,0000803f0100000094fc8800e464aa04,0000803f0100000094fc8800e464aa04
1180,1179,6,1,1,0,0,0,0,1,0x3c888888,,19,6857312,19,6857312,,0,,0000803f0100000094fc8800e464aa04,0000803f0100000094fc8800e464aa04
1181,1180,6,1,1,0,0,0,0,1,0x3c888888,,19,6857312,19,6857312,,0,,0000803f0100000094fc8800e464aa04,0000803f0100000094fc8800e464aa04
1182,1181,6,1,1,0,0,0,0,1,0x3c888888,,19,6857312,19,6857312,,0,,0000803f0100000094fc8800e464aa04,0000803f0100000094fc8800e464aa04
1183,1182,6,1,1,0,0,0,0,1,0x3c888888,,19,6857312,19,6857312,,0,,0000803f0100000094fc8800e464aa04,0000803f0100000094fc8800e464aa04
1184,1183,6,1,1,0,0,0,0,1,0x3c888888,,19,6857312,19,6857312,,0,,0000803f0100000094fc8800e464aa04,0000803f0100000094fc8800e464aa04
1185,1184,6,1,1,0,0,0,0,1,0x3c888888,,19,6857312,19,6857312,,0,,0000803f0100000094fc8800e464aa04,0000803f0100000094fc8800e464aa04
1186,1185,6,1,1,0,0,0,0,1,0x3c888888,,19,6857312,19,6857312,,0,,0000803f0100000094fc8800e464aa04,0000803f0100000094fc8800e464aa04
1187,1186,6,1,1,0,0,0,0,1,0x3c888888,,19,6857312,19,6857312,,0,,0000803f0100000094fc8800e464aa04,0000803f0100000094fc8800e464aa04
1188,1187,6,1,1,0,0,0,0,1,0x3c888888,,19,6857312,19,6857312,,0,,0000803f0100000094fc8800e464aa04,0000803f0100000094fc8800e464aa04
1189,1188,6,1,1,0,0,0,0,1,0x3c888888,,19,6857312,19,6857312,,0,,0000803f0100000094fc8800e464aa04,0000803f0100000094fc8800e464aa04
1190,1189,6,1,1,0,0,0,0,1,0x3c888888,,19,6857312,19,6857312,,0,,0000803f0100000094fc8800e464aa04,0000803f0100000094fc8800e464aa04
1191,1190,6,1,1,0,0,0,0,1,0x3c888888,,19,6857312,19,6857312,,0,,0000803f0100000094fc8800e464aa04,0000803f0100000094fc8800e464aa04
1192,1191,6,1,1,0,0,0,0,1,0x3c888888,,19,6857312,19,6857312,,0,,0000803f0100000094fc8800e464aa04,0000803f0100000094fc8800e464aa04
1193,1192,6,1,1,0,0,0,0,1,0x3c888888,,19,6857312,19,6857312,,0,,0000803f0100000094fc8800e464aa04,0000803f0100000094fc8800e464aa04
1194,1193,6,1,1,0,0,0,0,1,0x3c888888,,19,6857312,19,6857312,,0,,0000803f0100000094fc8800e464aa04,0000803f0100000094fc8800e464aa04
1195,1194,6,1,1,0,0,0,0,1,0x3c888888,,19,6857312,19,6857312,,0,,0000803f0100000094fc8800e464aa04,0000803f0100000094fc8800e464aa04
1196,1195,6,1,1,0,0,0,0,1,0x3c888888,,19,6857312,19,6857312,,0,,0000803f0100000094fc8800e464aa04,0000803f0100000094fc8800e464aa04
1197,1196,6,1,1,0,0,0,0,1,0x3c888888,,19,6857312,19,6857312,,0,,0000803f0100000094fc8800e464aa04,0000803f0100000094fc8800e464aa04
1198,1197,6,1,1,0,0,0,0,1,0x3c888888,,19,6857312,19,6857312,,0,,0000803f0100000094fc8800e464aa04,0000803f0100000094fc8800e464aa04
1199,1198,6,0,0,0,0,0,0,1,0x3c888888,A11,11,6850000,11,6850000,,0,,e0fb8800010000000100000000000000000000000000003fec59aa04000000003066cf100000000000000000,e0fb8800010000000100000000000000000000000000003fec59aa04000000003066cf100000000000000000
1199,1198,6,1,1,0,0,0,0,1,0x3c888888,,19,6857312,19,6857312,,0,,0000803f0100000094fc8800e464aa04,0000803f0100000094fc8800e464aa04
1200,1199,6,0,0,255,0,0,0,1,0x3c888888,,11,6850000,11,6850000,2,0,,e0fb8800010000000100000000000000000000000000003fec59aa04000000003066cf100000000000000000,e0fb8800010000000000000000000000000000000000003fec59aa04010000003066cf100000803f7877f73e
1200,1199,6,1,1,0,0,0,0,1,0x3c888888,,19,6857312,19,6857312,,0,,0000803f0100000094fc8800e464aa04,0000803f0100000094fc8800e464aa04
1201,1200,6,0,0,0,255,0,0,1,0x3c888888,,11,6850000,11,6850000,1,0,,e0fb8800010000000000000000000000000000000000003fec59aa04010000003066cf100000803f7877f73e,e0fb8800010000000000000000000000000000007877f73eec59aa04010000003066cf1000000040f0eeee3e
1201,1200,6,1,1,0,0,0,0,1,0x3c888888,,19,6857312,19,6857312,,0,,0000803f0100000094fc8800e464aa04,0000803f0100000094fc8800e464aa04
1202,1201,6,0,0,0,0,0,0,1,0x3c888888,,11,6850000,11,6850000,,0,,e0fb8800010000000000000000000000000000007877f73eec59aa04010000003066cf1000000040f0eeee3e,e0fb880001000000000000000000000000000000f0eeee3eec59aa04010000003066cf10000040406866e63e
1202,1201,6,1,1,0,0,0,0,1,0x3c888888,,19,6857312,19,6857312,,0,,0000803f0100000094fc8800e464aa04,0000803f0100000094fc8800e464aa04
1203,1202,6,0,0,0,0,0,0,1,0x3c888888,,11,6850000,11,6850000,,0,,e0fb880001000000000000000000000000000000f0eeee3eec59aa04010000003066cf10000040406866e63e,e0fb8800010000000000000000000000000000006866e63eec59aa04010000003066cf1000008040e0dddd3e
1203,1202,6,1,1,0,0,0,0,1,0x3c888888,,19,6857312,19,6857312,,0,,0000803f0100000094fc8800e464aa04,0000803f0100000094fc8800e464aa04
1204,1203,6,0,0,0,0,0,0,1,0x3c888888,,11,6850000,11,6850000,,0,,e0fb8800010000000000000000000000000000006866e63eec59aa04010000003066cf1000008040e0dddd3e,e0fb880001000000000000000000000000000000e0dddd3eec59aa04010000003066cf100000a0405855d53e
1204,1203,6,1,1,0,0,0,0,1,0x3c888888,,19,6857312,19,6857312,,0,,0000803f0100000094fc8800e464aa04,0000803f0100000094fc8800e464aa04
1205,1204,6,0,0,0,0,0,0,1,0x3c888888,,11,6850000,11,6850000,,0,,e0fb880001000000000000000000000000000000e0dddd3eec59aa04010000003066cf100000a0405855d53e,e0fb8800010000000000000000000000000000005855d53eec59aa04010000003066cf100000c040d0cccc3e
1205,1204,6,1,1,0,0,0,0,1,0x3c888888,,19,6857312,19,6857312,,0,,0000803f0100000094fc8800e464aa04,0000803f0100000094fc8800e464aa04
1206,1205,6,0,0,0,0,0,0,1,0x3c888888,,11,6850000,11,6850000,,0,,e0fb8800010000000000000000000000000000005855d53eec59aa04010000003066cf100000c040d0cccc3e,e0fb880001000000000000000000000000000000d0cccc3eec59aa04010000003066cf100000e0404844c43e
1206,1205,6,1,1,0,0,0,0,1,0x3c888888,,19,6857312,19,6857312,,0,,0000803f0100000094fc8800e464aa04,0000803f0100000094fc8800e464aa04
1207,1206,6,0,0,255,0,0,0,1,0x3c888888,,11,6850000,11,6850000,2,0,,e0fb880001000000000000000000000000000000d0cccc3eec59aa04010000003066cf100000e0404844c43e,e0fb8800010000000000000000000000000000004844c43eec59aa04010000003066cf1000000041c0bbbb3e
1207,1206,6,1,1,0,0,0,0,1,0x3c888888,,19,6857312,19,6857312,,0,,0000803f0100000094fc8800e464aa04,0000803f0100000094fc8800e464aa04
1208,1207,6,0,0,255,255,0,0,1,0x3c888888,,11,6850000,11,6850000,3,0,,e0fb8800010000000000000000000000000000004844c43eec59aa04010000003066cf1000000041c0bbbb3e,e0fb880001000000000000000000000000000000c0bbbb3eec59aa04010000003066cf10000010413833b33e
1208,1207,6,1,1,0,0,0,0,1,0x3c888888,,19,6857312,19,6857312,,0,,0000803f0100000094fc8800e464aa04,0000803f0100000094fc8800e464aa04
1209,1208,6,0,0,0,255,0,0,1,0x3c888888,,11,6850000,11,6850000,1,0,,e0fb880001000000000000000000000000000000c0bbbb3eec59aa04010000003066cf10000010413833b33e,e0fb8800010000000000000000000000000000003833b33eec59aa04010000003066cf1000002041b0aaaa3e
1209,1208,6,1,1,0,0,0,0,1,0x3c888888,,19,6857312,19,6857312,,0,,0000803f0100000094fc8800e464aa04,0000803f0100000094fc8800e464aa04
1210,1209,6,0,0,0,0,0,0,1,0x3c888888,,11,6850000,11,6850000,,0,,e0fb8800010000000000000000000000000000003833b33eec59aa04010000003066cf1000002041b0aaaa3e,e0fb880001000000000000000000000000000000b0aaaa3eec59aa04010000003066cf10000030412822a23e
1210,1209,6,1,1,0,0,0,0,1,0x3c888888,,19,6857312,19,6857312,,0,,0000803f0100000094fc8800e464aa04,0000803f0100000094fc8800e464aa04
1211,1210,6,0,0,0,0,0,0,1,0x3c888888,,11,6850000,11,6850000,,0,,e0fb880001000000000000000000000000000000b0aaaa3eec59aa04010000003066cf10000030412822a23e,e0fb8800010000000000000000000000000000002822a23eec59aa04010000003066cf1000004041a099993e
1211,1210,6,1,1,0,0,0,0,1,0x3c888888,,19,6857312,19,6857312,,0,,0000803f0100000094fc8800e464aa04,0000803f0100000094fc8800e464aa04
1212,1211,6,0,0,0,0,0,0,1,0x3c888888,,11,6850000,11,6850000,,0,,e0fb8800010000000000000000000000000000002822a23eec59aa04010000003066cf1000004041a099993e,e0fb880001000000000000000000000000000000a099993eec59aa04010000003066cf10000050411811913e
1212,1211,6,1,1,0,0,0,0,1,0x3c888888,,19,6857312,19,6857312,,0,,0000803f0100000094fc8800e464aa04,0000803f0100000094fc8800e464aa04
1213,1212,6,0,0,0,0,0,0,1,0x3c888888,,11,6850000,11,6850000,,0,,e0fb880001000000000000000000000000000000a099993eec59aa04010000003066cf10000050411811913e,e0fb8800010000000000000000000000000000001811913eec59aa04010000003066cf10000060419088883e
1213,1212,6,1,1,0,0,0,0,1,0x3c888888,,19,6857312,19,6857312,,0,,0000803f0100000094fc8800e464aa04,0000803f0100000094fc8800e464aa04
1214,1213,6,0,0,0,0,0,0,1,0x3c888888,,11,6850000,11,6850000,,0,,e0fb8800010000000000000000000000000000001811913eec59aa04010000003066cf10000060419088883e,e0fb8800010000000000000000000000000000009088883eec59aa04010000003066cf10000070410800803e
1214,1213,6,1,1,0,0,0,0,1,0x3c888888,,19,6857312,19,6857312,,0,,0000803f0100000094fc8800e464aa04,0000803f0100000094fc8800e464aa04
1215,1214,6,0,0,255,0,0,0,1,0x3c888888,,11,6850000,11,6850000,2,0,,e0fb8800010000000000000000000000000000009088883eec59aa04010000003066cf10000070410800803e,e0fb8800010000000000000000000000000000000800803eec59aa04010000003066cf1000008041ffee6e3e
1215,1214,6,1,1,0,0,0,0,1,0x3c888888,,19,6857312,19,6857312,,0,,0000803f0100000094fc8800e464aa04,0000803f0100000094fc8800e464aa04
1216,1215,6,0,0,255,255,0,0,1,0x3c888888,,11,6850000,11,6850000,3,0,,e0fb8800010000000000000000000000000000000800803eec59aa04010000003066cf1000008041ffee6e3e,e0fb880001000000000000000000000000000000ffee6e3eec59aa04010000003066cf1000008841eedd5d3e
1216,1215,6,1,1,0,0,0,0,1,0x3c888888,,19,6857312,19,6857312,,0,,0000803f0100000094fc8800e464aa04,0000803f0100000094fc8800e464aa04
1217,1216,6,0,0,255,255,0,0,1,0x3c888888,,11,6850000,11,6850000,3,0,,e0fb880001000000000000000000000000000000ffee6e3eec59aa04010000003066cf1000008841eedd5d3e,e0fb880001000000000000000000000000000000eedd5d3eec59aa04010000003066cf1000009041ddcc4c3e
1217,1216,6,1,1,0,0,0,0,1,0x3c888888,,19,6857312,19,6857312,,0,,0000803f0100000094fc8800e464aa04,0000803f0100000094fc8800e464aa04
1218,1217,6,0,0,255,255,0,0,1,0x3c888888,,11,6850000,11,6850000,3,0,,e0fb880001000000000000000000000000000000eedd5d3eec59aa04010000003066cf1000009041ddcc4c3e,e0fb880001000000000000000000000000000000ddcc4c3eec59aa04010000003066cf1000009841ccbb3b3e
1218,1217,6,1,1,0,0,0,0,1,0x3c888888,,19,6857312,19,6857312,,0,,0000803f0100000094fc8800e464aa04,0000803f0100000094fc8800e464aa04
1219,1218,6,0,0,255,255,0,0,1,0x3c888888,,11,6850000,11,6850000,3,0,,e0fb880001000000000000000000000000000000ddcc4c3eec59aa04010000003066cf1000009841ccbb3b3e,e0fb880001000000000000000000000000000000ccbb3b3eec59aa04010000003066cf100000a041bbaa2a3e
1219,1218,6,1,1,0,0,0,0,1,0x3c888888,,19,6857312,19,6857312,,0,,0000803f0100000094fc8800e464aa04,0000803f0100000094fc8800e464aa04
1220,1219,6,0,0,255,255,0,0,1,0x3c888888,,11,6850000,11,6850000,3,0,,e0fb880001000000000000000000000000000000ccbb3b3eec59aa04010000003066cf100000a041bbaa2a3e,e0fb880001000000000000000000000000000000bbaa2a3eec59aa04010000003066cf100000a841aa99193e
1220,1219,6,1,1,0,0,0,0,1,0x3c888888,,19,6857312,19,6857312,,0,,0000803f0100000094fc8800e464aa04,0000803f0100000094fc8800e464aa04
1221,1220,6,0,0,0,255,0,0,1,0x3c888888,,11,6850000,11,6850000,1,0,,e0fb880001000000000000000000000000000000bbaa2a3eec59aa04010000003066cf100000a841aa99193e,e0fb880001000000000000000000000000000000aa99193eec59aa04010000003066cf100000b0419988083e
1221,1220,6,1,1,0,0,0,0,1,0x3c888888,,19,6857312,19,6857312,,0,,0000803f0100000094fc8800e464aa04,0000803f0100000094fc8800e464aa04
1222,1221,6,0,0,0,0,0,0,1,0x3c888888,,11,6850000,11,6850000,,0,,e0fb880001000000000000000000000000000000aa99193eec59aa04010000003066cf100000b0419988083e,e0fb8800010000000000000000000000000000009988083eec59aa04010000003066cf100000b84110efee3d
1222,1221,6,1,1,0,0,0,0,1,0x3c888888,,19,6857312,19,6857312,,0,,0000803f0100000094fc8800e464aa04,0000803f0100000094fc8800e464aa04
1223,1222,6,0,0,0,0,0,0,1,0x3c888888,,11,6850000,11,6850000,,0,,e0fb8800010000000000000000000000000000009988083eec59aa04010000003066cf100000b84110efee3d,e0fb88000100000000000000000000000000000010efee3dec59aa04010000003066cf100000c041eecccc3d
1223,1222,6,1,1,0,0,0,0,1,0x3c888888,,19,6857312,19,6857312,,0,,0000803f0100000094fc8800e464aa04,0000803f0100000094fc8800e464aa04
1224,1223,6,0,0,0,0,0,0,1,0x3c888888,,11,6850000,11,6850000,,0,,e0fb88000100000000000000000000000000000010efee3dec59aa04010000003066cf100000c041eecccc3d,e0fb880001000000000000000000000000000000eecccc3dec59aa04010000003066cf100000c841ccaaaa3d
1224,1223,6,1,1,0,0,0,0,1,0x3c888888,,19,6857312,19,6857312,,0,,0000803f0100000094fc8800e464aa04,0000803f0100000094fc8800e464aa04
1225,1224,6,0,0,0,0,0,0,1,0x3c888888,,11,6850000,11,6850000,,0,,e0fb880001000000000000000000000000000000eecccc3dec59aa04010000003066cf100000c841ccaaaa3d,e0fb880001000000000000000000000000000000ccaaaa3dec59aa04010000003066cf100000d041aa88883d
1225,1224,6,1,1,0,0,0,0,1,0x3c888888,,19,6857312,19,6857312,,0,,0000803f0100000094fc8800e464aa04,0000803f0100000094fc8800e464aa04
1226,1225,6,0,0,0,0,0,0,1,0x3c888888,,11,6850000,11,6850000,,0,,e0fb880001000000000000000000000000000000ccaaaa3dec59aa04010000003066cf100000d041aa88883d,e0fb880001000000000000000000000000000000aa88883dec59aa04010000003066cf100000d84110cd4c3d
1226,1225,6,1,1,0,0,0,0,1,0x3c888888,,19,6857312,19,6857312,,0,,0000803f0100000094fc8800e464aa04,0000803f0100000094fc8800e464aa04
1227,1226,6,0,0,255,0,0,0,1,0x3c888888,,11,6850000,11,6850000,2,0,,e0fb880001000000000000000000000000000000aa88883dec59aa04010000003066cf100000d84110cd4c3d,e0fb88000100000000000000000000000000000010cd4c3dec59aa04010000003066cf100000e041cc88083d
1227,1226,6,1,1,0,0,0,0,1,0x3c888888,,19,6857312,19,6857312,,0,,0000803f0100000094fc8800e464aa04,0000803f0100000094fc8800e464aa04
1228,1227,6,0,0,255,255,0,0,1,0x3c888888,,11,6850000,11,6850000,3,0,,e0fb88000100000000000000000000000000000010cd4c3dec59aa04010000003066cf100000e041cc88083d,e0fb880001000000000000000000000000000000cc88083dec59aa04010000003066cf100000e8411089883c
1228,1227,6,1,1,0,0,0,0,1,0x3c888888,,19,6857312,19,6857312,,0,,0000803f0100000094fc8800e464aa04,0000803f0100000094fc8800e464aa04
1229,1228,6,0,0,255,255,0,0,1,0x3c888888,,11,6850000,11,6850000,3,0,,e0fb880001000000000000000000000000000000cc88083dec59aa04010000003066cf100000e8411089883c,e0fb8800010000000000000000000000000000001089883cec59aa04010000003066cf100000f04100008834
1229,1228,6,1,1,0,0,0,0,1,0x3c888888,,19,6857312,19,6857312,,0,,0000803f0100000094fc8800e464aa04,0000803f0100000094fc8800e464aa04
1230,1229,6,0,0,255,255,0,0,1,0x3c888888,,11,6850000,11,6850000,3,0,,e0fb8800010000000000000000000000000000001089883cec59aa04010000003066cf100000f04100008834,e0fb88000100000000000000000000000000000000008834ec59aa04000000003066cf100000f84100000000
1230,1229,6,1,1,0,0,0,0,1,0x3c888888,,19,6857312,19,6857312,,0,,0000803f0100000094fc8800e464aa04,0000803f0100000094fc8800e464aa04
1231,1230,6,0,0,255,255,0,0,1,0x3c888888,,11,6850000,-1,0,,1,0x45bd67,e0fb88000100000000000000000000000000000000008834ec59aa04000000003066cf100000f84100000000,
1231,1230,6,1,1,0,0,0,0,1,0x3c888888,,19,6857312,19,6857312,,0,,0000803f0100000094fc8800e464aa04,0000803f0100000094fc8800e464aa04
1232,1231,6,1,1,0,0,0,0,1,0x3c888888,,19,6857312,19,6857312,,0,,0000803f0100000094fc8800e464aa04,0000803f0100000094fc8800e464aa04
1233,1232,6,1,1,0,0,0,0,1,0x3c888888,,19,6857312,19,6857312,,0,,0000803f0100000094fc8800e464aa04,0000803f0100000094fc8800e464aa04
1234,1233,6,1,1,0,0,0,0,1,0x3c888888,,19,6857312,19,6857312,,0,,0000803f0100000094fc8800e464aa04,0000803f0100000094fc8800e464aa04
1235,1234,6,1,1,0,0,0,0,1,0x3c888888,,19,6857312,19,6857312,,0,,0000803f0100000094fc8800e464aa04,0000803f0100000094fc8800e464aa04
1236,1235,6,1,1,0,0,0,0,1,0x3c888888,,19,6857312,19,6857312,,0,,0000803f0100000094fc8800e464aa04,0000803f0100000094fc8800e464aa04
1237,1236,6,1,1,0,0,0,0,1,0x3c888888,,19,6857312,19,6857312,,0,,0000803f0100000094fc8800e464aa04,0000803f0100000094fc8800e464aa04
1238,1237,6,1,1,0,0,0,0,1,0x3c888888,,19,6857312,19,6857312,,0,,0000803f0100000094fc8800e464aa04,0000803f0100000094fc8800e464aa04
1239,1238,6,1,1,0,0,0,0,1,0x3c888888,,19,6857312,19,6857312,,0,,0000803f0100000094fc8800e464aa04,0000803f0100000094fc8800e464aa04
1240,1239,6,1,1,0,0,0,0,1,0x3c888888,,19,6857312,19,6857312,,0,,0000803f0100000094fc8800e464aa04,0000803f0100000094fc8800e464aa04
1241,1240,6,1,1,0,0,0,0,1,0x3c888888,,19,6857312,19,6857312,,0,,0000803f0100000094fc8800e464aa04,0000803f0100000094fc8800e464aa04
1242,1241,6,1,1,0,0,0,0,1,0x3c888888,,19,6857312,19,6857312,,0,,0000803f0100000094fc8800e464aa04,0000803f0100000094fc8800e464aa04
1243,1242,6,1,1,0,0,0,0,1,0x3c888888,,19,6857312,19,6857312,,0,,0000803f0100000094fc8800e464aa04,0000803f0100000094fc8800e464aa04
1244,1243,6,1,1,0,0,0,0,1,0x3c888888,,19,6857312,19,6857312,,0,,0000803f0100000094fc8800e464aa04,0000803f0100000094fc8800e464aa04
1245,1244,6,1,1,0,0,0,0,1,0x3c888888,,19,6857312,19,6857312,,0,,0000803f0100000094fc8800e464aa04,0000803f0100000094fc8800e464aa04
1246,1245,6,1,1,0,0,0,0,1,0x3c888888,,19,6857312,19,6857312,,0,,0000803f0100000094fc8800e464aa04,0000803f0100000094fc8800e464aa04
1247,1246,6,1,1,0,0,0,0,1,0x3c888888,,19,6857312,19,6857312,,0,,0000803f0100000094fc8800e464aa04,0000803f0100000094fc8800e464aa04
1248,1247,6,1,1,0,0,0,0,1,0x3c888888,,19,6857312,19,6857312,,0,,0000803f0100000094fc8800e464aa04,0000803f0100000094fc8800e464aa04
1249,1248,6,1,1,0,0,0,0,1,0x3c888888,,19,6857312,19,6857312,,0,,0000803f0100000094fc8800e464aa04,0000803f0100000094fc8800e464aa04
1250,1249,6,1,1,0,0,0,0,1,0x3c888888,,19,6857312,19,6857312,,0,,0000803f0100000094fc8800e464aa04,0000803f0100000094fc8800e464aa04
1251,1250,6,1,1,0,0,0,0,1,0x3c888888,,19,6857312,19,6857312,,0,,0000803f0100000094fc8800e464aa04,0000803f0100000094fc8800e464aa04
1252,1251,6,1,1,0,0,0,0,1,0x3c888888,,19,6857312,19,6857312,,0,,0000803f0100000094fc8800e464aa04,0000803f0100000094fc8800e464aa04
1253,1252,6,1,1,0,0,0,0,1,0x3c888888,,19,6857312,19,6857312,,0,,0000803f0100000094fc8800e464aa04,0000803f0100000094fc8800e464aa04
1254,1253,6,1,1,0,0,0,0,1,0x3c888888,,19,6857312,19,6857312,,0,,0000803f0100000094fc8800e464aa04,0000803f0100000094fc8800e464aa04
1255,1254,6,1,1,0,0,0,0,1,0x3c888888,,19,6857312,19,6857312,,0,,0000803f0100000094fc8800e464aa04,0000803f0100000094fc8800e464aa04
1256,1255,6,1,1,0,0,0,0,1,0x3c888888,,19,6857312,19,6857312,,0,,0000803f0100000094fc8800e464aa04,0000803f0100000094fc8800e464aa04
1257,1256,6,1,1,0,0,0,0,1,0x3c888888,,19,6857312,19,6857312,,0,,0000803f0100000094fc8800e464aa04,0000803f0100000094fc8800e464aa04
1258,1257,6,1,1,0,0,0,0,1,0x3c888888,,19,6857312,19,6857312,,0,,0000803f0100000094fc8800e464aa04,0000803f0100000094fc8800e464aa04
1259,1258,6,1,1,0,0,0,0,1,0x3c888888,,19,6857312,19,6857312,,0,,0000803f0100000094fc8800e464aa04,0000803f0100000094fc8800e464aa04
1260,1259,6,1,1,0,0,0,0,1,0x3c888888,,19,6857312,19,6857312,,0,,0000803f0100000094fc8800e464aa04,0000803f0100000094fc8800e464aa04
1261,1260,6,1,1,0,0,0,0,1,0x3c888888,,19,6857312,19,6857312,,0,,0000803f0100000094fc8800e464aa04,0000803f0100000094fc8800e464aa04
1262,1261,6,1,1,0,0,0,0,1,0x3c888888,,19,6857312,19,6857312,,0,,0000803f0100000094fc8800e464aa04,0000803f0100000094fc8800e464aa04
1263,1262,6,1,1,0,0,0,0,1,0x3c888888,,19,6857312,19,6857312,,0,,0000803f0100000094fc8800e464aa04,0000803f0100000094fc8800e464aa04
1264,1263,6,1,1,0,0,0,0,1,0x3c888888,,19,6857312,19,6857312,,0,,0000803f0100000094fc8800e464aa04,0000803f0100000094fc8800e464aa04
1265,1264,6,1,1,0,0,0,0,1,0x3c888888,,19,6857312,19,6857312,,0,,0000803f0100000094fc8800e464aa04,0000803f0100000094fc8800e464aa04
1266,1265,6,1,1,0,0,0,0,1,0x3c888888,,19,6857312,19,6857312,,0,,0000803f0100000094fc8800e464aa04,0000803f0100000094fc8800e464aa04
1267,1266,6,1,1,0,0,0,0,1,0x3c888888,,19,6857312,19,6857312,,0,,0000803f0100000094fc8800e464aa04,0000803f0100000094fc8800e464aa04
1268,1267,6,1,1,0,0,0,0,1,0x3c888888,,19,6857312,19,6857312,,0,,0000803f0100000094fc8800e464aa04,0000803f0100000094fc8800e464aa04
1269,1268,6,1,1,0,0,0,0,1,0x3c888888,,19,6857312,19,6857312,,0,,0000803f0100000094fc8800e464aa04,0000803f0100000094fc8800e464aa04
1270,1269,6,1,1,0,0,0,0,1,0x3c888888,,19,6857312,19,6857312,,0,,0000803f0100000094fc8800e464aa04,0000803f0100000094fc8800e464aa04
1271,1270,6,1,1,0,0,0,0,1,0x3c888888,,19,6857312,19,6857312,,0,,0000803f0100000094fc8800e464aa04,0000803f0100000094fc8800e464aa04
1272,1271,6,1,1,0,0,0,0,1,0x3c888888,,19,6857312,19,6857312,,0,,0000803f0100000094fc8800e464aa04,0000803f0100000094fc8800e464aa04
1273,1272,6,1,1,0,0,0,0,1,0x3c888888,,19,6857312,19,6857312,,0,,0000803f0100000094fc8800e464aa04,0000803f0100000094fc8800e464aa04
1274,1273,6,1,1,0,0,0,0,1,0x3c888888,,19,6857312,19,6857312,,0,,0000803f0100000094fc8800e464aa04,0000803f0100000094fc8800e464aa04
1275,1274,6,1,1,0,0,0,0,1,0x3c888888,,19,6857312,19,6857312,,0,,0000803f0100000094fc8800e464aa04,0000803f0100000094fc8800e464aa04
1276,1275,6,1,1,0,0,0,0,1,0x3c888888,,19,6857312,19,6857312,,0,,0000803f0100000094fc8800e464aa04,0000803f0100000094fc8800e464aa04
1277,1276,6,1,1,0,0,0,0,1,0x3c888888,,19,6857312,19,6857312,,0,,0000803f0100000094fc8800e464aa04,0000803f0100000094fc8800e464aa04
1278,1277,6,1,1,0,0,0,0,1,0x3c888888,,19,6857312,19,6857312,,0,,0000803f0100000094fc8800e464aa04,0000803f0100000094fc8800e464aa04
1279,1278,6,1,1,0,0,0,0,1,0x3c888888,,19,6857312,19,6857312,,0,,0000803f0100000094fc8800e464aa04,0000803f0100000094fc8800e464aa04
1280,1279,6,1,1,0,0,0,0,1,0x3c888888,,19,6857312,19,6857312,,0,,0000803f0100000094fc8800e464aa04,0000803f0100000094fc8800e464aa04
1281,1280,6,1,1,0,0,0,0,1,0x3c888888,,19,6857312,19,6857312,,0,,0000803f0100000094fc8800e464aa04,0000803f0100000094fc8800e464aa04
1282,1281,6,1,1,0,0,0,0,1,0x3c888888,,19,6857312,19,6857312,,0,,0000803f0100000094fc8800e464aa04,0000803f0100000094fc8800e464aa04
1283,1282,6,1,1,0,0,0,0,1,0x3c888888,,19,6857312,19,6857312,,0,,0000803f0100000094fc8800e464aa04,0000803f0100000094fc8800e464aa04
1284,1283,6,1,1,0,0,0,0,1,0x3c888888,,19,6857312,19,6857312,,0,,0000803f0100000094fc8800e464aa04,0000803f0100000094fc8800e464aa04
1285,1284,6,1,1,0,0,0,0,1,0x3c888888,,19,6857312,19,6857312,,0,,0000803f0100000094fc8800e464aa04,0000803f0100000094fc8800e464aa04
1286,1285,6,1,1,0,0,0,0,1,0x3c888888,,19,6857312,19,6857312,,0,,0000803f0100000094fc8800e464aa04,0000803f0100000094fc8800e464aa04
1287,1286,6,1,1,0,0,0,0,1,0x3c888888,,19,6857312,19,6857312,,0,,0000803f0100000094fc8800e464aa04,0000803f0100000094fc8800e464aa04
1288,1287,6,1,1,0,0,0,0,1,0x3c888888,,19,6857312,19,6857312,,0,,0000803f0100000094fc8800e464aa04,0000803f0100000094fc8800e464aa04
1289,1288,6,1,1,0,0,0,0,1,0x3c888888,,19,6857312,19,6857312,,0,,0000803f0100000094fc8800e464aa04,0000803f0100000094fc8800e464aa04
1290,1289,6,1,1,0,0,0,0,1,0x3c888888,,19,6857312,19,6857312,,0,,0000803f0100000094fc8800e464aa04,0000803f0100000094fc8800e464aa04
1291,1290,6,1,1,0,0,0,0,1,0x3c888888,,19,6857312,19,6857312,,0,,0000803f0100000094fc8800e464aa04,0000803f0100000094fc8800e464aa04
1292,1291,6,1,1,0,0,0,0,1,0x3c888888,,19,6857312,19,6857312,,0,,0000803f0100000094fc8800e464aa04,0000803f0100000094fc8800e464aa04
1293,1292,6,1,1,0,0,0,0,1,0x3c888888,,19,6857312,19,6857312,,0,,0000803f0100000094fc8800e464aa04,0000803f0100000094fc8800e464aa04
1294,1293,6,1,1,0,0,0,0,1,0x3c888888,,19,6857312,19,6857312,,0,,0000803f0100000094fc8800e464aa04,0000803f0100000094fc8800e464aa04
1295,1294,6,1,1,0,0,0,0,1,0x3c888888,,19,6857312,19,6857312,,0,,0000803f0100000094fc8800e464aa04,0000803f0100000094fc8800e464aa04
1296,1295,6,1,1,0,0,0,0,1,0x3c888888,,19,6857312,19,6857312,,0,,0000803f0100000094fc8800e464aa04,0000803f0100000094fc8800e464aa04
1297,1296,6,1,1,0,0,0,0,1,0x3c888888,,19,6857312,19,6857312,,0,,0000803f0100000094fc8800e464aa04,0000803f0100000094fc8800e464aa04
1298,1297,6,1,1,0,0,0,0,1,0x3c888888,,19,6857312,19,6857312,,0,,0000803f0100000094fc8800e464aa04,0000803f0100000094fc8800e464aa04
1299,1298,6,1,1,0,0,0,0,1,0x3c888888,,19,6857312,19,6857312,,0,,0000803f0100000094fc8800e464aa04,0000803f0100000094fc8800e464aa04
1300,1299,6,1,1,0,0,0,0,1,0x3c888888,,19,6857312,19,6857312,,0,,0000803f0100000094fc8800e464aa04,0000803f0100000094fc8800e464aa04
1301,1300,6,1,1,0,0,0,0,1,0x3c888888,,19,6857312,19,6857312,,0,,0000803f0100000094fc8800e464aa04,0000803f0100000094fc8800e464aa04
1302,1301,6,1,1,0,0,0,0,1,0x3c888888,,19,6857312,19,6857312,,0,,0000803f0100000094fc8800e464aa04,0000803f0100000094fc8800e464aa04
1303,1302,6,1,1,0,0,0,0,1,0x3c888888,,19,6857312,19,6857312,,0,,0000803f0100000094fc8800e464aa04,0000803f0100000094fc8800e464aa04
1304,1303,6,1,1,0,0,0,0,1,0x3c888888,,19,6857312,19,6857312,,0,,0000803f0100000094fc8800e464aa04,0000803f0100000094fc8800e464aa04
1305,1304,6,1,1,0,0,0,0,1,0x3c888888,,19,6857312,19,6857312,,0,,0000803f0100000094fc8800e464aa04,0000803f0100000094fc8800e464aa04
1306,1305,6,1,1,0,0,0,0,1,0x3c888888,,19,6857312,19,6857312,,0,,0000803f0100000094fc8800e464aa04,0000803f0100000094fc8800e464aa04
1307,1306,6,1,1,0,0,0,0,1,0x3c888888,,19,6857312,19,6857312,,0,,0000803f0100000094fc8800e464aa04,0000803f0100000094fc8800e464aa04
1308,1307,6,1,1,0,0,0,0,1,0x3c888888,,19,6857312,19,6857312,,0,,0000803f0100000094fc8800e464aa04,0000803f0100000094fc8800e464aa04
1309,1308,6,1,1,0,0,0,0,1,0x3c888888,,19,6857312,19,6857312,,0,,0000803f0100000094fc8800e464aa04,0000803f0100000094fc8800e464aa04
1310,1309,6,1,1,0,0,0,0,1,0x3c888888,,19,6857312,19,6857312,,0,,0000803f0100000094fc8800e464aa04,0000803f0100000094fc8800e464aa04
1311,1310,6,1,1,0,0,0,0,1,0x3c888888,,19,6857312,19,6857312,,0,,0000803f0100000094fc8800e464aa04,0000803f0100000094fc8800e464aa04
1312,1311,6,1,1,0,0,0,0,1,0x3c888888,,19,6857312,19,6857312,,0,,0000803f0100000094fc8800e464aa04,0000803f0100000094fc8800e464aa04
1313,1312,6,1,1,0,0,0,0,1,0x3c888888,,19,6857312,19,6857312,,0,,0000803f0100000094fc8800e464aa04,0000803f0100000094fc8800e464aa04
1314,1313,6,1,1,0,0,0,0,1,0x3c888888,,19,6857312,19,6857312,,0,,0000803f0100000094fc8800e464aa04,0000803f0100000094fc8800e464aa04
1315,1314,6,1,1,0,0,0,0,1,0x3c888888,,19,6857312,19,6857312,,0,,0000803f0100000094fc8800e464aa04,0000803f0100000094fc8800e464aa04
1316,1315,6,1,1,0,0,0,0,1,0x3c888888,,19,6857312,19,6857312,,0,,0000803f0100000094fc8800e464aa04,0000803f0100000094fc8800e464aa04
1317,1316,6,1,1,0,0,0,0,1,0x3c888888,,19,6857312,19,6857312,,0,,0000803f0100000094fc8800e464aa04,0000803f0100000094fc8800e464aa04
1318,1317,6,1,1,0,0,0,0,1,0x3c888888,,19,6857312,19,6857312,,0,,0000803f0100000094fc8800e464aa04,0000803f0100000094fc8800e464aa04
1319,1318,6,1,1,0,0,0,0,1,0x3c888888,,19,6857312,19,6857312,,0,,0000803f0100000094fc8800e464aa04,0000803f0100000094fc8800e464aa04
1320,1319,6,1,1,0,0,0,0,1,0x3c888888,,19,6857312,19,6857312,,0,,0000803f0100000094fc8800e464aa04,0000803f0100000094fc8800e464aa04
1321,1320,6,1,1,0,0,0,0,1,0x3c888888,,19,6857312,19,6857312,,0,,0000803f0100000094fc8800e464aa04,0000803f0100000094fc8800e464aa04
1322,1321,6,1,1,0,0,0,0,1,0x3c888888,,19,6857312,19,6857312,,0,,0000803f0100000094fc8800e464aa04,0000803f0100000094fc8800e464aa04
1323,1322,6,1,1,0,0,0,0,1,0x3c888888,,19,6857312,19,6857312,,0,,0000803f0100000094fc8800e464aa04,0000803f0100000094fc8800e464aa04
1324,1323,6,1,1,0,0,0,0,1,0x3c888888,,19,6857312,19,6857312,,0,,0000803f0100000094fc8800e464aa04,0000803f0100000094fc8800e464aa04
1325,1324,6,1,1,0,0,0,0,1,0x3c888888,,19,6857312,19,6857312,,0,,0000803f0100000094fc8800e464aa04,0000803f0100000094fc8800e464aa04
1326,1325,6,1,1,0,0,0,0,1,0x3c888888,,19,6857312,19,6857312,,0,,0000803f0100000094fc8800e464aa04,0000803f0100000094fc8800e464aa04
1327,1326,6,1,1,0,0,0,0,1,0x3c888888,,19,6857312,19,6857312,,0,,0000803f0100000094fc8800e464aa04,0000803f0100000094fc8800e464aa04
1328,1327,6,1,1,0,0,0,0,1,0x3c888888,,19,6857312,19,6857312,,0,,0000803f0100000094fc8800e464aa04,0000803f0100000094fc8800e464aa04
1329,1328,6,1,1,0,0,0,0,1,0x3c888888,,19,6857312,19,6857312,,0,,0000803f0100000094fc8800e464aa04,0000803f0100000094fc8800e464aa04
1330,1329,6,1,1,0,0,0,0,1,0x3c888888,,19,6857312,19,6857312,,0,,0000803f0100000094fc8800e464aa04,0000803f0100000094fc8800e464aa04
1331,1330,6,1,1,0,0,0,0,1,0x3c888888,,19,6857312,19,6857312,,0,,0000803f0100000094fc8800e464aa04,0000803f0100000094fc8800e464aa04
1332,1331,6,1,1,0,0,0,0,1,0x3c888888,,19,6857312,19,6857312,,0,,0000803f0100000094fc8800e464aa04,0000803f0100000094fc8800e464aa04
1333,1332,6,1,1,0,0,0,0,1,0x3c888888,,19,6857312,19,6857312,,0,,0000803f0100000094fc8800e464aa04,0000803f0100000094fc8800e464aa04
1334,1333,6,1,1,0,0,0,0,1,0x3c888888,,19,6857312,19,6857312,,0,,0000803f0100000094fc8800e464aa04,0000803f0100000094fc8800e464aa04
1335,1334,6,1,1,0,0,0,0,1,0x3c888888,,19,6857312,19,6857312,,0,,0000803f0100000094fc8800e464aa04,0000803f0100000094fc8800e464aa04
1336,1335,6,1,1,0,0,0,0,1,0x3c888888,,19,6857312,19,6857312,,0,,0000803f0100000094fc8800e464aa04,0000803f0100000094fc8800e464aa04
1337,1336,6,1,1,0,0,0,0,1,0x3c888888,,19,6857312,19,6857312,,0,,0000803f0100000094fc8800e464aa04,0000803f0100000094fc8800e464aa04
1338,1337,6,1,1,0,0,0,0,1,0x3c888888,,19,6857312,19,6857312,,0,,0000803f0100000094fc8800e464aa04,0000803f0100000094fc8800e464aa04
1339,1338,6,1,1,0,0,0,0,1,0x3c888888,,19,6857312,19,6857312,,0,,0000803f0100000094fc8800e464aa04,0000803f0100000094fc8800e464aa04
1340,1339,6,1,1,0,0,0,0,1,0x3c888888,,19,6857312,19,6857312,,0,,0000803f0100000094fc8800e464aa04,0000803f0100000094fc8800e464aa04
1341,1340,6,1,1,0,0,0,0,1,0x3c888888,,19,6857312,19,6857312,,0,,0000803f0100000094fc8800e464aa04,0000803f0100000094fc8800e464aa04
1342,1341,6,1,1,0,0,0,0,1,0x3c888888,,19,6857312,19,6857312,,0,,0000803f0100000094fc8800e464aa04,0000803f0100000094fc8800e464aa04
1343,1342,6,1,1,0,0,0,0,1,0x3c888888,,19,6857312,19,6857312,,0,,0000803f0100000094fc8800e464aa04,0000803f0100000094fc8800e464aa04
1344,1343,6,1,1,0,0,0,0,1,0x3c888888,,19,6857312,19,6857312,,0,,0000803f0100000094fc8800e464aa04,0000803f0100000094fc8800e464aa04
1345,1344,6,1,1,0,0,0,0,1,0x3c888888,,19,6857312,19,6857312,,0,,0000803f0100000094fc8800e464aa04,0000803f0100000094fc8800e464aa04
1346,1345,6,1,1,0,0,0,0,1,0x3c888888,,19,6857312,19,6857312,,0,,0000803f0100000094fc8800e464aa04,0000803f0100000094fc8800e464aa04
1347,1346,6,1,1,0,0,0,0,1,0x3c888888,,19,6857312,19,6857312,,0,,0000803f0100000094fc8800e464aa04,0000803f0100000094fc8800e464aa04
1348,1347,6,1,1,0,0,0,0,1,0x3c888888,,19,6857312,19,6857312,,0,,0000803f0100000094fc8800e464aa04,0000803f0100000094fc8800e464aa04
1349,1348,6,1,1,0,0,0,0,1,0x3c888888,,19,6857312,19,6857312,,0,,0000803f0100000094fc8800e464aa04,0000803f0100000094fc8800e464aa04
1350,1349,6,1,1,0,0,0,0,1,0x3c888888,,19,6857312,19,6857312,,0,,0000803f0100000094fc8800e464aa04,0000803f0100000094fc8800e464aa04
1351,1350,6,1,1,0,0,0,0,1,0x3c888888,,19,6857312,19,6857312,,0,,0000803f0100000094fc8800e464aa04,0000803f0100000094fc8800e464aa04
1352,1351,6,1,1,0,0,0,0,1,0x3c888888,,19,6857312,19,6857312,,0,,0000803f0100000094fc8800e464aa04,0000803f0100000094fc8800e464aa04
1353,1352,6,1,1,0,0,0,0,1,0x3c888888,,19,6857312,19,6857312,,0,,0000803f0100000094fc8800e464aa04,0000803f0100000094fc8800e464aa04
1354,1353,6,1,1,0,0,0,0,1,0x3c888888,,19,6857312,19,6857312,,0,,0000803f0100000094fc8800e464aa04,0000803f0100000094fc8800e464aa04
1355,1354,6,1,1,0,0,0,0,1,0x3c888888,,19,6857312,19,6857312,,0,,0000803f0100000094fc8800e464aa04,0000803f0100000094fc8800e464aa04
1356,1355,6,1,1,0,0,0,0,1,0x3c888888,,19,6857312,19,6857312,,0,,0000803f0100000094fc8800e464aa04,0000803f0100000094fc8800e464aa04
1357,1356,6,1,1,0,0,0,0,1,0x3c888888,,19,6857312,19,6857312,,0,,0000803f0100000094fc8800e464aa04,0000803f0100000094fc8800e464aa04
1358,1357,6,1,1,0,0,0,0,1,0x3c888888,,19,6857312,19,6857312,,0,,0000803f0100000094fc8800e464aa04,0000803f0100000094fc8800e464aa04
1359,1358,6,1,1,0,0,0,0,1,0x3c888888,,19,6857312,19,6857312,,0,,0000803f0100000094fc8800e464aa04,0000803f0100000094fc8800e464aa04
1360,1359,6,1,1,0,0,0,0,2,0x3c888888,,19,6857312,-1,0,,,0x45bc9d,0000803f0100000094fc8800e464aa04,
