frame,seq,v,block,spline,c0,c1,c3,c4,c5,ai_type,ai_spline_idx,ai_override,ai_mode,clk_0ff4,step_1008,diff_a360,flag_a368,tgt_7ffc,substate,rec_9e4,rec_b0c,c7,look_x,look_z,curv,own_x,own_z,hist_d8,hist_dc,march_n,march_idx0,look_best,look_idx,look_blk
0,0,1,8327300,0,0,0,0,255,0,0,0,0,0,50,50,2.5,0,0,6,0,0,0,-1.37220991,-7.29541492,1.15390015,-1.09330535,-0.894116163,360,2.19506836,1,0,9,9,0
0,1,2,8327376,0,0,0,0,255,0,0,0,0,0,50,50,2.5,0,0,6,0,0,0,-1.41217029,-10.0075054,1.06637573,1.15241814,0.194150925,360,13.8114166,1,0,15,15,0
0,2,3,8327452,0,0,0,0,255,0,0,0,0,0,50,50,2.5,0,0,6,0,0,0,-1.38293552,-7.78714466,1.03375244,-0.441805571,1.30250561,360,5.61153412,1,0,15,15,0
1,3,1,8327300,0,0,0,0,255,0,0,0,0,0,100,50,2.5,0,0,6,216.668411,0,0,-1.37220991,-7.29541492,1.15390015,-1.09330535,-0.894116163,360,2.19506836,1,0,9,9,0
1,4,2,8327376,0,0,0,0,255,0,0,0,0,0,100,50,2.5,0,0,6,216.668411,0,0,-1.41217029,-10.0075054,1.06637573,1.15241814,0.194150925,360,13.8114166,1,0,15,15,0
1,5,3,8327452,0,0,0,0,255,0,0,0,0,0,100,50,2.5,0,0,6,216.668411,0,0,-1.38293552,-7.78714466,1.03375244,-0.441805571,1.30250561,360,5.61153412,1,0,15,15,0
2,6,1,8327300,0,0,0,0,0,255,0,0,0,0,150,50,2.5,0,0,6,215.692047,216.668411,0,-1.37220991,-7.29541492,1.15390015,-1.09330833,-0.894734144,360,2.19528961,1,0,9,9,0
2,7,2,8327376,0,0,0,0,0,255,0,0,0,0,150,50,2.5,0,0,6,215.692047,216.668411,0,-1.41217029,-10.0075054,1.06637573,1.15241516,0.193532944,360,13.8122253,1,0,15,15,0
2,8,3,8327452,0,0,0,0,0,255,0,0,0,0,150,50,2.5,0,0,6,215.692047,216.668411,0,-1.38293552,-7.78714466,1.03375244,-0.441808581,1.30188763,360,5.61191559,1,0,15,15,0
3,9,1,8327300,0,1,0,0,255,0,0,0,0,0,200,50,2.5,0,0,6,172.454407,202.343658,0,-1.37181032,-7.27792645,1.16009521,-1.09332061,-0.895179927,360,2.19859314,1,0,9,9,0
3,10,2,8327376,0,7,0,0,255,0,0,0,0,0,200,50,2.5,0,0,6,172.454407,202.343658,0,-1.41217029,-10.0075054,1.06637573,1.15240288,0.193087161,360,13.8127518,1,0,15,15,0
3,11,3,8327452,0,2,0,0,255,0,0,0,0,0,200,50,2.5,0,0,6,172.454407,202.343658,0,-1.3826921,-7.77540779,1.03607178,-0.44182083,1.30144191,360,5.61819458,1,0,15,15,0
4,12,1,8327300,0,0,0,0,255,0,0,0,0,0,250,50,2.5,0,0,6,140.94104,162.824402,0,-1.37234282,-7.30124044,1.15203857,-1.0933367,-0.896646678,360,2.19380188,1,0,9,9,0
4,13,2,8327376,0,5,0,0,255,0,0,0,0,0,250,50,2.5,0,0,6,140.939819,162.824402,0,-1.41217029,-10.0075054,1.06637573,1.15238118,0.191620484,360,13.8083115,1,0,15,15,0
4,14,3,8327452,0,2,0,0,255,0,0,0,0,0,250,50,2.5,0,0,6,140.940842,162.824402,0,-1.3826921,-7.77540779,1.03607178,-0.441837847,1.29997516,360,5.61724854,1,0,15,15,0
5,15,1,8327300,0,0,0,0,255,0,0,0,0,0,300,50,2.5,0,0,6,121.254219,109.258629,0,-1.37234282,-7.30124044,1.15203857,-1.09335566,-0.899064004,360,2.19448853,1,0,9,9,0
5,16,2,8327376,0,5,0,0,255,0,0,0,0,0,300,50,2.5,0,0,6,121.252457,109.257698,0,-1.41218972,-10.0133457,1.06469727,1.15235305,0.189203247,360,13.7998581,1,0,15,15,0
5,17,3,8327452,0,2,0,0,255,0,0,0,0,0,300,50,2.5,0,0,6,121.253731,109.258408,0,-1.38287461,-7.78420925,1.03436279,-0.441859394,1.29755783,360,5.61257935,1,0,15,15,0
6,18,1,8327300,0,0,0,0,255,0,0,0,0,0,350,50,2.5,0,0,6,112.975044,69.0394821,0,-1.37205172,-7.28848696,1.15637207,-1.09337795,-0.90239197,360,2.19788361,1,0,9,9,0
6,19,2,8327376,0,4,0,0,255,0,0,0,0,0,350,50,2.5,0,0,6,112.973152,69.038063,0,-1.41221333,-10.0206366,1.06262207,1.15231895,0.185875341,360,13.7909546,1,0,15,15,0
6,20,3,8327452,0,1,0,0,255,0,0,0,0,0,350,50,2.5,0,0,6,112.974487,69.0388947,0,-1.38334477,-7.80694962,1.02972412,-0.441885471,1.29422987,360,5.60138702,1,0,15,15,0
7,21,1,8327300,0,0,0,0,255,0,0,0,0,0,400,50,2.5,0,0,6,114.700409,41.0894928,0,-1.37218487,-7.29432106,1.15429688,-1.09340429,-0.906620383,360,2.19814301,1,0,9,9,0
7,22,2,8327376,0,4,0,0,255,0,0,0,0,0,400,50,2.5,0,0,6,114.698776,41.0880508,0,-1.4122318,-10.026474,1.06097412,1.15227795,0.181647018,360,13.7857742,1,0,15,15,0
7,23,3,8327452,0,1,0,0,255,0,0,0,0,0,400,50,2.5,0,0,6,114.70005,41.0887833,0,-1.38352597,-7.81575251,1.0279541,-0.441916257,1.29000151,360,5.59864044,1,0,15,15,0
8,24,1,8327300,0,0,0,0,255,0,0,0,0,0,450,50,2.5,0,0,6,127.468185,23.3653622,0,-1.37288177,-7.32493782,1.14367676,-1.09343493,-0.911774635,360,2.19411469,1,0,9,9,0
8,25,2,8327376,0,5,0,0,255,0,0,0,0,0,450,50,2.5,0,0,6,127.46666,23.3642712,0,-1.41226423,-10.0370407,1.05786133,1.15222967,0.1764929,360,13.7752686,1,0,15,15,0
8,26,3,8327452,0,2,0,0,255,0,0,0,0,0,450,50,2.5,0,0,6,127.467941,23.3648376,0,-1.38376737,-7.82749939,1.02548218,-0.44195199,1.28484726,360,5.59486389,1,0,15,15,0
9,27,1,8327300,0,0,0,0,255,0,0,0,0,0,500,50,2.5,0,0,6,143.293121,16.1354847,0,-1.37301397,-7.33076668,1.14172363,-1.0934701,-0.917890131,360,2.19502258,1,0,9,9,0
9,28,2,8327376,0,5,0,0,255,0,0,0,0,0,500,50,2.5,0,0,6,143.291626,16.1346302,0,-1.4123472,-10.0661964,1.04943848,1.1521728,0.170377553,360,13.740387,1,0,15,15,0
9,29,3,8327452,0,2,0,0,255,0,0,0,0,0,500,50,2.5,0,0,6,143.292923,16.1350517,0,-1.38361275,-7.81996965,1.02694702,-0.441994071,1.27873182,360,5.6006012,1,0,15,15,0
10,30,1,8327300,0,1,0,0,255,0,0,0,0,0,550,50,2.5,0,0,6,161.618301,11.1969614,0,-1.3728919,-7.32538939,1.14355469,-1.09351015,-0.925010264,360,2.19837952,1,0,9,9,0
10,31,2,8327376,0,6,0,0,255,0,0,0,0,0,550,50,2.5,0,0,6,161.616837,11.1964092,0,-1.41238153,-10.0793076,1.0456543,1.152107,0.163257629,360,13.7271729,1,0,15,15,0
10,32,3,8327452,0,2,0,0,255,0,0,0,0,0,550,50,2.5,0,0,6,161.618179,11.196579,0,-1.38425875,-7.8515234,1.02050781,-0.442042768,1.27161169,360,5.58654785,1,0,15,15,0
11,33,1,8327300,0,1,0,0,255,0,0,0,0,0,600,50,2.5,0,0,6,182.077515,7.82242918,0,-1.37318969,-7.33851767,1.13891602,-1.09355664,-0.933184624,360,2.19754028,1,0,9,9,0
11,34,2,8327376,0,7,0,0,255,0,0,0,0,0,600,50,2.5,0,0,6,182.076019,7.82212734,0,-1.41237402,-10.0763922,1.04641724,1.15203071,0.155083522,360,13.7344131,1,0,15,15,0
11,35,3,8327452,0,3,0,0,255,0,0,0,0,0,600,50,2.5,0,0,6,182.077515,7.82208633,0,-1.38467693,-7.87207985,1.01623535,-0.442098439,1.26343739,360,5.57854462,1,0,15,15,0
12,36,1,8327300,0,1,0,0,255,0,0,0,0,0,650,50,2.5,0,0,6,204.436584,5.5100069,0,-1.37356091,-7.35492802,1.13311768,-1.09360969,-0.942468107,360,2.19630432,1,0,9,9,0
12,37,2,8327376,0,8,0,0,255,0,0,0,0,0,650,50,2.5,0,0,6,204.434875,5.51007032,0,-1.41246223,-10.113843,1.03530884,1.15194201,0.145800367,360,13.6882019,1,0,15,15,0
12,38,3,8327452,0,3,0,0,255,0,0,0,0,0,650,50,2.5,0,0,6,204.436615,5.5098114,0,-1.38475025,-7.87569571,1.01538086,-0.442162752,1.25415397,360,5.57833099,1,0,15,15,0
13,39,1,8327300,0,1,0,0,255,0,0,0,0,0,700,50,2.5,0,0,6,228.565002,3.91189361,0,-1.3743825,-7.39141607,1.11990356,-1.09366977,-0.952920198,360,2.19151306,1,0,9,9,0
13,40,2,8327376,0,9,0,0,255,0,0,0,0,0,700,50,2.5,0,0,6,228.562973,3.91228747,0,-1.41250074,-10.1327667,1.02960205,1.1518389,0.135348648,360,13.6651154,1,0,15,15,0
13,41,3,8327452,0,3,0,0,255,0,0,0,0,0,700,50,2.5,0,0,6,228.565125,3.91174817,0,-1.38515103,-7.89551735,1.01107788,-0.442236155,1.24370193,360,5.56999969,1,0,15,15,0
14,42,1,8327300,0,1,0,0,255,0,0,0,0,0,750,50,2.5,0,0,6,254.402405,2.79734778,0,-1.37470973,-7.4060092,1.11471558,-1.09373724,-0.964604795,360,2.19107819,1,0,9,9,0
14,43,2,8327376,0,10,0,0,255,0,0,0,0,0,750,50,2.5,0,0,6,254.399963,2.79809952,0,-1.41254306,-10.1564226,1.0223999,1.15171921,0.123664565,360,13.6344452,1,0,15,15,0
14,44,3,8327452,0,4,0,0,255,0,0,0,0,0,750,50,2.5,0,0,6,254.402679,2.79722667,0,-1.3856492,-7.92029762,1.00582886,-0.442319155,1.2320174,360,5.55934143,1,0,15,15,0
15,45,1,8327300,0,1,0,0,255,0,0,0,0,0,800,50,2.5,0,0,6,281.700562,2.01323628,0,-1.37528741,-7.43186808,1.10516357,-1.09381247,-0.977578878,360,2.18876648,1,0,9,9,0
15,46,2,8327376,0,11,0,0,255,0,0,0,0,0,800,50,2.5,0,0,6,281.697815,2.01438451,0,-1.41257882,-10.1801586,1.01513672,1.15158057,0.11069113,360,13.6019058,1,0,15,15,0
15,47,3,8327452,0,4,0,0,255,0,0,0,0,0,800,50,2.5,0,0,6,281.701111,2.01317763,0,-1.38622117,-7.94894028,0.999603271,-0.442413747,1.21904337,360,5.5451355,1,0,15,15,0
16,48,1,8327300,0,2,0,0,255,0,0,0,0,0,850,50,2.5,0,0,6,309.255585,1.45833611,0,-1.37570989,-7.45085382,1.09820557,-1.09389555,-0.99184674,360,2.18797302,1,0,9,9,0
16,49,2,8327376,0,12,0,0,255,0,0,0,0,0,850,50,2.5,0,0,6,309.252502,1.45998418,0,-1.41258717,-10.1863346,1.01312256,1.15142155,0.0964240208,360,13.5900497,1,0,15,15,0
16,50,3,8327452,0,5,0,0,255,0,0,0,0,0,850,50,2.5,0,0,6,309.256378,1.45843971,0,-1.38681054,-7.97869205,0.992950439,-0.442519963,1.20477557,360,5.53041077,1,0,15,15,0
17,51,1,8327300,0,2,0,0,255,0,0,0,0,0,900,50,2.5,0,0,6,337.008057,1.06661117,0,-1.37636542,-7.48044205,1.08709717,-1.09398794,-1.00741243,360,2.18325806,1,0,9,9,0
17,52,2,8327376,0,13,0,0,255,0,0,0,0,0,900,50,2.5,0,0,6,337.004547,1.06866503,0,-1.4126215,-10.2168655,1.00360107,1.15124047,0.0808592886,360,13.5439987,1,0,15,15,0
17,53,3,8327452,0,5,0,0,255,0,0,0,0,0,900,50,2.5,0,0,6,337.009216,1.06665075,0,-1.38741696,-8.00955009,0.986022949,-0.442639381,1.18921006,360,5.51300049,1,0,15,15,0
18,54,1,8327300,0,2,0,0,255,0,0,0,0,0,950,50,2.5,0,0,6,364.916412,0.786415637,0,-1.37689114,-7.50429249,1.078125,-1.09408975,-1.02427948,360,2.17966461,1,0,9,9,0
18,55,2,8327376,0,14,0,0,255,0,0,0,0,0,950,50,2.5,0,0,6,364.912354,0.788918376,0,-1.41264343,-10.2452106,0.994537354,1.15103543,0.0639933348,360,13.4978943,1,0,15,15,0
18,56,3,8327452,0,6,0,0,255,0,0,0,0,0,950,50,2.5,0,0,6,364.917969,0.786558986,0,-1.38811994,-8.04565907,0.977508545,-0.44277212,1.17234313,360,5.49273682,1,0,15,15,0
19,57,1,8327300,0,2,0,0,255,0,0,0,0,0,1000,50,2.5,0,0,6,392.95047,0.583832622,0,-1.37754047,-7.53390408,1.06677246,-1.09420085,-1.04245126,360,2.17501068,1,0,9,9,0
19,58,2,8327376,0,15,0,0,255,0,0,0,0,0,1000,50,2.5,0,0,6,392.945862,0.586610198,0,-1.4126575,-10.2806158,0.983032227,1.15080452,0.0458229035,360,13.4393616,1,0,15,15,0
19,59,3,8327452,0,6,0,0,255,0,0,0,0,0,1000,50,2.5,0,0,6,392.952667,0.584009111,0,-1.38888431,-8.08535576,0.968139648,-0.442919701,1.15417147,360,5.46797943,1,0,15,15,0
20,60,1,8327300,0,2,0,0,255,0,0,0,0,0,1050,50,2.5,0,0,6,421.080353,0.435971022,0,-1.37825799,-7.56681824,1.05404663,-1.09432089,-1.06193066,360,2.16973877,1,0,9,9,0
20,61,2,8327376,0,16,0,0,255,0,0,0,0,0,1050,50,2.5,0,0,6,421.082214,0.439127803,0,-1.41265631,-10.3161325,0.971435547,1.15054679,0.0263450705,360,13.3770447,1,0,15,15,0
20,62,3,8327452,0,6,0,0,255,0,0,0,0,0,1050,50,2.5,0,0,6,421.085571,0.436277956,0,-1.38958621,-8.12220955,0.959228516,-0.443080902,1.13469219,360,5.44431305,1,0,15,15,0
21,63,1,8327300,0,2,0,0,255,0,0,0,0,0,1100,50,2.5,0,0,6,449.276367,0.320028991,0,-1.3785398,-7.57980347,1.04891968,-1.09444904,-1.0827204,360,2.16838074,1,0,9,9,0
21,64,2,8327376,0,17,0,0,255,0,0,0,0,0,1100,50,2.5,0,0,6,449.295258,0.330546677,0,-1.41262364,-10.3717918,0.952575684,1.15026271,0.00555722415,360,13.2846832,1,0,15,15,0
21,65,3,8327452,0,7,0,0,255,0,0,0,0,0,1100,50,2.5,0,0,6,449.285278,0.322693408,0,-1.39042926,-8.16703033,0.948059082,-0.443253398,1.11390257,360,5.41623688,1,0,15,15,0
22,66,1,8327300,0,3,0,0,255,0,0,0,0,0,1150,50,2.5,0,0,6,477.53186,0.213267624,0,-1.37928271,-7.61421013,1.03536987,-1.09458447,-1.10482275,360,2.16291046,1,0,9,9,0
22,67,2,8327376,0,18,0,0,255,0,0,0,0,0,1150,50,2.5,0,0,6,477.570404,0.242038399,0,-1.41259944,-10.3942604,0.944793701,1.14995348,-0.0165429376,360,13.2308121,1,0,15,15,0
22,68,3,8327452,0,7,0,0,255,0,0,0,0,0,1150,50,2.5,0,0,6,477.543884,0.219056219,0,-1.39125824,-8.21172333,0.936706543,-0.44343549,1.09180033,360,5.38486481,1,0,15,15,0
23,69,1,8327300,0,3,0,0,255,0,0,0,0,0,1200,50,2.5,0,0,6,505.85437,0.115588717,0,-1.38018322,-7.65623951,1.01849365,-1.09472764,-1.12823975,360,2.15275574,1,0,9,9,0
23,70,2,8327376,0,19,0,0,255,0,0,0,0,0,1200,50,2.5,0,0,6,505.901367,0.165924907,0,-1.41253686,-10.4366255,0.929962158,1.14961946,-0.0399573967,360,13.1465073,1,0,15,15,0
23,71,3,8327452,0,8,0,0,255,0,0,0,0,0,1200,50,2.5,0,0,6,505.866577,0.124159239,0,-1.39216578,-8.26139736,0.923828125,-0.44362554,1.06838346,360,5.35042572,1,0,15,15,0
24,72,1,8327300,0,3,0,0,255,0,0,0,0,0,1250,50,2.5,0,0,6,534.253784,0.0410358794,0,-1.38094795,-7.69223213,1.00366211,-1.0948801,-1.15297318,360,2.14360809,1,0,9,9,0
24,73,2,8327376,0,20,0,0,255,0,0,0,0,0,1250,50,2.5,0,0,6,534.284729,0.102795228,0,-1.4124403,-10.4839039,0.913024902,1.14925778,-0.064687781,360,13.0507202,1,0,15,15,0
24,74,3,8327452,0,8,0,0,255,0,0,0,0,0,1250,50,2.5,0,0,6,534.261108,0.0498110987,0,-1.39308596,-8.31263161,0.91027832,-0.443827957,1.04365027,360,5.31125641,1,0,15,15,0
25,75,1,8327300,0,3,0,0,255,0,0,0,0,0,1300,50,2.5,0,0,6,562.711609,0.00640064524,0,-1.38178182,-7.73180246,0.987182617,-1.09504449,-1.17902434,360,2.13354492,1,0,9,9,0
25,76,2,8327376,0,21,0,0,255,0,0,0,0,0,1300,50,2.5,0,0,6,562.714966,0.0560168512,0,-1.41232669,-10.5272369,0.897216797,1.14886153,-0.0907353461,360,12.9544678,1,0,15,15,0
25,77,3,8327452,0,8,0,0,255,0,0,0,0,0,1300,50,2.5,0,0,6,562.715393,0.0106042,0,-1.39438951,-8.38681221,0.889709473,-0.444049448,1.01759946,360,5.25968933,1,0,15,15,0
26,78,1,8327300,0,3,0,0,255,0,0,0,0,0,1350,50,2.5,0,0,6,591.198303,0.000167701131,0,-1.38269866,-7.77572727,0.968688965,-1.09522223,-1.20639431,360,2.12238312,1,0,9,9,0
26,79,2,8327376,0,22,0,0,255,0,0,0,0,0,1350,50,2.5,0,0,6,591.18042,0.0271677449,0,-1.41210318,-10.5941877,0.87210083,1.14842105,-0.118100896,360,12.8219147,1,0,15,15,0
26,80,3,8327452,0,9,0,0,255,0,0,0,0,0,1350,50,2.5,0,0,6,591.201294,0.00117391581,0,-1.39532065,-8.44106865,0.874389648,-0.444294512,0.990229905,360,5.21738434,1,0,15,15,0
27,81,1,8327300,0,3,0,0,255,0,0,0,0,0,1400,50,2.5,0,0,6,619.701477,-0.000140952659,0,-1.38406861,-7.84221172,0.939971924,-1.09541416,-1.23508382,360,2.10643768,1,0,9,9,0
27,82,2,8327376,0,23,0,0,255,0,0,0,0,0,1400,50,2.5,0,0,6,619.666565,0.0127558298,0,-1.41196132,-10.6295309,0.858520508,1.14792621,-0.146784827,360,12.7234955,1,0,15,15,0
27,83,3,8327452,0,9,0,0,255,0,0,0,0,0,1400,50,2.5,0,0,6,619.704468,0.000105715029,0,-1.39632225,-8.5007267,0.856994629,-0.444566548,0.961540937,360,5.16754913,1,0,15,15,0
28,84,1,8327300,0,4,0,0,255,0,0,0,0,0,1450,50,2.5,0,0,6,648.213867,0,0,-1.38494158,-7.8851428,0.921020508,-1.09562111,-1.26509321,360,2.09494019,1,0,9,9,0
28,85,2,8327376,0,24,0,0,255,0,0,0,0,0,1450,50,2.5,0,0,6,648.161316,0.00646362593,0,-1.41163754,-10.6982422,0.831542969,1.14736724,-0.176787153,360,12.5755081,1,0,15,15,0
28,86,3,8327452,0,9,0,0,255,0,0,0,0,0,1450,50,2.5,0,0,6,648.217224,0.000110811794,0,-1.3970387,-8.54428101,0.843994141,-0.444868743,0.931532145,360,5.12475586,1,0,15,15,0
29,87,1,8327300,0,4,0,0,255,0,0,0,0,0,1500,50,2.5,0,0,6,676.729004,0,0,-1.38560319,-7.91799784,0.90625,-1.09584403,-1.29642272,360,2.08093262,1,0,9,9,0
29,88,2,8327376,0,25,0,0,255,0,0,0,0,0,1500,50,2.5,0,0,6,676.655273,0.00386334257,0,-1.41140139,-10.7413559,1.44812012,1.14673781,-0.208107591,360,12.4529953,1,0,15,15,0
29,89,3,8327452,0,10,0,0,255,0,0,0,0,0,1500,50,2.5,0,0,6,676.732849,7.72735148e-05,0,-1.39807951,-8.60903168,0.824035645,-0.445203722,0.900203466,360,5.07017517,1,0,15,15,0
30,90,1,8327300,0,4,0,0,255,0,0,0,0,0,1550,50,2.5,0,0,6,705.240173,0,0,-1.38694549,-7.98553133,0.875396729,-1.09608579,-1.32907212,360,2.05932617,1,0,9,9,0
30,91,2,8327376,0,26,0,0,255,0,0,0,0,0,1550,50,2.5,0,0,6,705.137695,0.00298455311,0,-1.41107678,-10.794241,1.43908691,1.14603472,-0.24074544,360,12.3103485,1,0,15,15,0
30,92,3,8327452,0,10,0,0,255,0,0,0,0,0,1550,50,2.5,0,0,6,705.244873,8.06728422e-05,0,-1.39912796,-8.67615795,1.31295776,-0.445574701,0.867555082,360,5.00878143,1,0,15,15,0
31,93,1,8327300,0,4,0,0,255,0,0,0,0,0,1600,50,2.5,0,0,6,733.740662,-8.407118e-05,0,-1.38799071,-8.03899193,0.850402832,-1.09634769,-1.3630408,360,2.04006195,1,0,9,9,0
31,94,2,8327376,0,26,0,0,255,0,0,0,0,0,1600,50,2.5,0,0,6,733.603577,0.00273191626,0,-1.41066229,-10.8540773,1.42858887,1.14524961,-0.274699718,360,12.1507568,1,0,15,15,0
31,95,3,8327452,0,10,0,0,255,0,0,0,0,0,1600,50,2.5,0,0,6,733.746338,0.000252215221,0,-1.40018094,-8.74577141,1.30621338,-0.445985109,0.833587527,360,4.94480896,1,0,15,15,0
32,96,1,8327300,0,4,0,0,255,0,0,0,0,0,1650,50,2.5,0,0,6,762.223572,4.37343515e-05,0,-1.38872147,-8.07685471,0.832366943,-1.09663105,-1.39832807,360,2.02352905,1,0,9,9,0
32,97,2,8327376,0,27,0,0,255,0,0,0,0,0,1650,50,2.5,0,0,6,762.049805,0.0024923922,0,-1.41001892,-10.935092,1.41314697,1.14437497,-0.309969217,360,11.9606247,1,0,15,15,0
32,98,3,8327452,0,11,0,0,255,0,0,0,0,0,1650,50,2.5,0,0,6,762.230774,0.000174938759,0,-1.40146446,-8.833992,1.29656982,-0.446437836,0.798301697,360,4.87014008,1,0,15,15,0
33,99,1,8327300,0,4,0,0,255,0,0,0,0,0,1700,50,2.5,0,0,6,790.682312,0.000136296192,0,-1.39014006,-8.15158653,0.795959473,-1.09693706,-1.43493271,360,1.99867249,1,0,9,9,0
33,100,2,8327376,0,27,0,0,255,0,0,0,0,0,1700,50,2.5,0,0,6,790.466187,0.00290698931,0,-1.40947032,-10.9962025,1.40106201,1.1434015,-0.346552193,360,11.7870712,1,0,15,15,0
33,101,3,8327452,0,11,0,0,255,0,0,0,0,0,1700,50,2.5,0,0,6,790.69165,0.000363459956,0,-1.40249121,-8.90766525,1.2878418,-0.44693616,0.761698723,360,4.79633331,1,0,15,15,0
34,102,1,8327300,0,4,0,0,255,0,0,0,0,0,1750,50,2.5,0,0,6,819.110291,0,0,-1.39125729,-8.21166992,0.766052246,-1.09726703,-1.4728533,360,1.97629547,1,0,9,9,0
34,103,2,8327376,0,28,0,0,255,0,0,0,0,0,1750,50,2.5,0,0,6,818.849121,0.00391058298,0,-1.40878344,-11.065239,1.38641357,1.14232075,-0.38444674,360,11.5995483,1,0,15,15,0
34,104,3,8327452,0,11,0,0,255,0,0,0,0,0,1750,50,2.5,0,0,6,819.122192,0.000565546739,0,-1.40353203,-8.98565483,1.27770996,-0.447483033,0.723780036,360,4.71874237,1,0,15,15,0
35,105,1,8327300,0,4,0,0,255,0,0,0,0,0,1800,50,2.5,0,0,6,847.500854,4.88227779e-05,0,-1.39202118,-8.25342941,0.744842529,-1.09762239,-1.51208818,360,1.95726013,1,0,9,9,0
35,106,2,8327376,0,29,0,0,255,0,0,0,0,0,1800,50,2.5,0,0,6,847.188477,0.00556402188,0,-1.40824485,-11.114872,1.37542725,1.1411221,-0.423650384,360,11.4271698,1,0,15,15,0
35,107,3,8327452,0,11,0,0,255,0,0,0,0,0,1800,50,2.5,0,0,6,847.515625,0.000781175797,0,-1.40430093,-9.04574108,1.26934814,-0.44808042,0.684547424,360,4.64844513,1,0,15,15,0
36,108,1,8327300,0,5,0,0,255,0,0,0,0,0,1850,50,2.5,0,0,6,875.847473,-0.000101029975,0,-1.39343965,-8.3325634,0.703765869,-1.09800446,-1.55263519,360,1.92949677,1,0,9,9,0
36,109,2,8327376,0,29,0,0,255,0,0,0,0,0,1850,50,2.5,0,0,6,875.477417,0.00767544797,0,-1.40746343,-11.181366,1.36004639,1.13979435,-0.464160264,360,11.2236023,1,0,15,15,0
36,110,3,8327452,0,11,0,0,255,0,0,0,0,0,1850,50,2.5,0,0,6,875.864868,0.00111134909,0,-1.40547073,-9.14196587,1.25506592,-0.448729038,0.644002974,360,4.55843353,1,0,15,15,0
37,111,1,8327300,0,5,0,0,255,0,0,0,0,0,1900,50,2.5,0,0,6,904.143616,0.000104409155,0,-1.39420342,-8.37609863,0.680603027,-1.09841466,-1.59449208,360,1.90309906,1,0,9,9,0
37,112,2,8327376,0,29,0,0,255,0,0,0,0,0,1900,50,2.5,0,0,6,903.712585,0.0105408691,0,-1.40635765,-11.2667408,1.33914185,1.138327,-0.505973339,360,10.9916611,1,0,15,15,0
37,113,3,8327452,0,12,0,0,255,0,0,0,0,0,1900,50,2.5,0,0,6,904.162048,0.00172278529,0,-1.40620506,-9.20592499,1.24478149,-0.449431211,0.602149189,360,4.48282623,1,0,15,15,0
38,114,1,8327300,0,5,0,0,255,0,0,0,0,0,1950,50,2.5,0,0,6,932.38269,0.000107782318,0,-1.38087225,-7.68865585,0.634368896,-1.09885669,-1.63765597,360,2.04440308,1,0,8,8,0
38,115,2,8327376,0,30,0,0,255,0,0,0,0,0,1950,50,2.5,0,0,6,931.887268,0.0141127529,0,-1.40554202,-11.3245611,1.32434082,1.13670945,-0.549086154,360,10.7899399,1,0,15,15,0
38,116,3,8327452,0,12,0,0,255,0,0,0,0,0,1950,50,2.5,0,0,6,932.397766,0.00231736712,0,-1.40714514,-9.29269028,1.2298584,-0.450198889,0.558989108,360,4.38812256,1,0,15,15,0
39,117,1,8327300,0,5,0,0,255,0,0,0,0,0,2000,50,2.5,0,0,6,960.558105,0.00016672301,0,-1.38227642,-7.75544548,0.596862793,-1.09933305,-1.68212402,360,2.01278687,1,0,8,8,0
39,118,2,8327376,0,30,0,0,255,0,0,0,0,0,2000,50,2.5,0,0,6,959.991455,0.0182742421,0,-1.40413916,-11.4160128,1.29974365,1.13492894,-0.593494773,360,10.5350418,1,0,15,15,0
39,119,3,8327452,0,12,0,0,255,0,0,0,0,0,2000,50,2.5,0,0,6,960.568054,0.0031677885,0,-1.40822709,-9.40125847,1.2098999,-0.451036572,0.51452589,360,4.28051758,1,0,15,15,0
40,120,1,8327300,0,5,0,0,255,0,0,0,0,0,2050,50,2.5,0,0,6,988.663513,0.000229014899,0,-1.38360548,-7.8196125,1.42663574,-1.09984553,-1.72789299,360,1.9809494,1,0,8,8,0
40,121,2,8327376,0,30,0,0,255,0,0,0,0,0,2050,50,2.5,0,0,6,988.021912,0.0231168605,0,-1.40316713,-11.474556,1.28320312,1.13297355,-0.639194906,360,10.316658,1,0,15,15,0
40,122,3,8327452,0,12,0,0,255,0,0,0,0,0,2050,50,2.5,0,0,6,988.666687,0.00395054789,0,-1.40899956,-9.48632431,1.19299316,-0.451948851,0.468763053,360,4.18260193,1,0,15,15,0
41,123,1,8327300,0,5,0,0,255,0,0,0,0,0,2100,50,2.5,0,0,6,1016.69257,0.000294644677,0,-1.38506627,-7.89131212,1.40374756,-1.10039592,-1.77495921,360,1.94638062,1,0,8,8,0
41,124,2,8327376,0,30,0,0,255,0,0,0,0,0,2100,50,2.5,0,0,6,1015.97217,0.0288564414,0,-1.40153337,-11.5658207,1.256073,1.13083124,-0.686181962,360,10.0520935,1,0,15,15,0
41,125,3,8327452,0,12,0,0,255,0,0,0,0,0,2100,50,2.5,0,0,6,1016.68707,0.00489111757,0,-1.40960479,-9.55891514,1.17767334,-0.452940404,0.421704322,360,4.08880615,1,0,15,15,0
42,126,1,8327300,0,6,0,0,255,0,0,0,0,0,2150,50,2.5,0,0,6,1044.63892,0.000424197206,0,-1.38612282,-7.94399691,1.3862915,-1.10098565,-1.82331896,360,1.91562653,1,0,8,8,0
42,127,2,8327376,0,30,0,0,255,0,0,0,0,0,2150,50,2.5,0,0,6,1043.83618,0.0351834185,0,-1.39999866,-11.6448956,1.23132324,1.12848985,-0.734451056,360,9.79779816,1,0,15,15,0
42,128,3,8327452,0,12,0,0,255,0,0,0,0,0,2150,50,2.5,0,0,6,1044.62305,0.00587812951,0,-1.41030765,-9.65221214,1.15710449,-0.45401606,0.373353779,360,3.98254395,1,0,15,15,0
43,129,1,8327300,0,6,0,0,255,0,0,0,0,0,2200,50,2.5,0,0,6,1072.49707,0.000498122652,0,-1.38789403,-8.03401184,1.35565186,-1.10161483,-1.87296796,360,1.86782837,1,0,8,8,0
43,130,2,8327376,0,30,0,0,255,0,0,0,0,0,2200,50,2.5,0,0,6,1071.60791,0.0422456712,0,-1.39831126,-11.72579,1.20495605,1.12593687,-0.78399682,360,9.53604889,1,0,15,15,0
43,131,3,8327452,0,12,0,0,255,0,0,0,0,0,2200,50,2.5,0,0,6,1072.46887,0.00684908219,0,-1.41095424,-9.75043201,1.1338501,-0.455180764,0.323715776,360,3.87160492,1,0,15,15,0
44,132,1,8327300,0,6,0,0,255,0,0,0,0,0,2250,50,2.5,0,0,6,1100.26025,0.000703183876,0,-1.38895869,-8.08924007,1.33605957,-1.10228562,-1.92390192,360,1.82762909,1,0,8,8,0
44,133,2,8327376,0,30,0,0,255,0,0,0,0,0,2250,50,2.5,0,0,6,1099.28162,0.0496930443,0,-1.39696872,-11.7863331,1.1842041,1.12315965,-0.834813595,360,9.29458618,1,0,15,15,0
44,134,3,8327452,0,12,0,0,255,0,0,0,0,0,2250,50,2.5,0,0,6,1100.21826,0.00818228815,0,-1.41157198,-9.86272717,1.10571289,-0.456439525,0.272794962,360,3.75138092,1,0,15,15,0
45,135,1,8327300,0,6,0,0,255,0,0,0,0,0,2300,50,2.5,0,0,6,1127.92236,0.00124603184,0,-1.39073086,-8.18321228,1.30078125,-1.10299897,-1.97611606,360,1.77644348,1,0,8,8,0
45,136,2,8327376,0,30,0,0,255,0,0,0,0,0,2300,50,2.5,0,0,6,1126.85059,0.0581182726,0,-1.39457762,-11.8871708,1.14822388,1.12014532,-0.886895299,360,8.99721527,1,0,15,15,0
45,137,3,8327452,0,12,0,0,255,0,0,0,0,0,2300,50,2.5,0,0,6,1127.86536,0.00937767141,0,-1.41193891,-9.94472218,1.08374023,-0.457797527,0.220596313,360,3.64404297,1,0,15,15,0
46,138,1,8327300,0,6,0,0,255,0,0,0,0,0,2350,50,2.5,0,0,6,1155.47742,0.00181519415,0,-1.39183474,-8.2431879,1.25616455,-1.10375416,-2.02960539,360,1.7327652,1,0,8,8,0
46,139,2,8327376,0,30,0,0,255,0,0,0,0,0,2350,50,2.5,0,0,6,1154.30908,0.0668968633,0,-1.39251339,-11.9681625,1.1178894,1.11688077,-0.940235496,360,8.71932983,1,0,15,15,0
46,140,3,8327452,0,12,0,0,255,0,0,0,0,0,2350,50,2.5,0,0,6,1155.39966,0.0108906142,0,-1.41228151,-10.0428772,1.05627441,-0.459259838,0.167125255,360,3.52625275,1,0,15,15,0
47,141,1,8327300,0,5,0,0,255,0,0,0,0,0,2400,50,2.5,0,0,6,1182.91956,0.00241051381,0,-1.39329207,-8.32422638,1.14846802,-1.1045537,-2.08436489,360,1.68247223,1,0,8,8,0
47,142,2,8327376,0,29,0,0,255,0,0,0,0,0,2400,50,2.5,0,0,6,1181.65112,0.0764392242,0,-1.39069259,-12.035655,1.09155273,1.11335266,-0.99482739,360,8.45288849,1,0,15,15,0
47,143,3,8327452,0,12,0,0,255,0,0,0,0,0,2400,50,2.5,0,0,6,1182.8197,0.012464961,0,-1.41255236,-10.1622391,1.02069092,-0.460831851,0.112387329,360,3.39539337,1,0,15,15,0
48,144,1,8327300,0,5,0,0,255,0,0,0,0,0,2450,50,2.5,0,0,6,1210.24207,0.00338436011,0,-1.39465678,-8.40226936,1.02020264,-1.10539842,-2.14038873,360,1.63939667,1,0,8,8,0
48,145,2,8327376,0,29,0,0,255,0,0,0,0,0,2450,50,2.5,0,0,6,1208.8739,0.0870538205,0,-1.38781142,-12.1360273,1.05053711,1.10954928,-1.05066395,360,8.1472702,1,0,15,15,0
48,146,3,8327452,0,11,0,0,255,0,0,0,0,0,2450,50,2.5,0,0,6,1210.12,0.0140298083,0,-1.4126544,-10.2684612,0.986999512,-0.46251902,0.0563883558,360,3.26866913,1,0,15,15,0
49,147,1,8327300,0,5,0,0,255,0,0,0,0,0,2500,50,2.5,0,0,6,1237.44019,0.00403961865,0,-1.39622211,-8.49469376,0.870727539,-1.10629058,-2.19767118,360,1.59140778,1,0,8,8,0
49,148,2,8327376,0,29,0,0,255,0,0,0,0,0,2500,50,2.5,0,0,6,1235.96826,0.0967691913,0,-1.38519573,-12.2213125,1.01409912,1.10545814,-1.10773778,360,7.85509491,1,0,15,15,0
49,149,3,8327452,0,11,0,0,255,0,0,0,0,0,2500,50,2.5,0,0,6,1237.29761,0.0157240722,0,-1.41262364,-10.3717918,0.952575684,-0.464324862,-0.000865764916,360,3.14877319,1,0,15,15,0
50,150,1,8327300,0,5,0,0,255,0,0,0,0,0,2550,50,2.5,0,0,6,1264.5083,0.0048679742,0,-1.39761567,-8.57995415,0.735168457,-1.10724652,-2.2562058,360,1.54400635,1,0,8,8,0
50,151,2,8327376,0,28,0,0,255,0,0,0,0,0,2550,50,2.5,0,0,6,1262.9292,0.106968038,0,-1.38291073,-12.291913,0.982666016,1.10106635,-1.1660409,360,7.57577515,1,0,15,15,0
50,152,3,8327452,0,13,0,0,255,0,0,0,0,0,2550,50,2.5,0,0,6,1264.34424,0.0171834435,0,-1.41059482,-9.69401741,0.921813965,-0.466253668,-0.0593687221,360,3.43375397,1,0,14,14,0
51,153,1,8327300,0,5,0,0,255,0,0,0,0,0,2600,50,2.5,0,0,6,1291.44031,0.00550205167,0,-1.3986088,-8.64266014,0.63671875,-1.10826707,-2.31598639,360,1.50145721,1,0,8,8,0
51,154,2,8327376,0,28,0,0,255,0,0,0,0,0,2600,50,2.5,0,0,6,1289.75476,0.117882915,0,-1.37933505,-12.3960991,0.934143066,1.09636271,-1.22556543,360,7.25679016,1,0,15,15,0
51,155,3,8327452,0,12,0,0,255,0,0,0,0,0,2600,50,2.5,0,0,6,1291.2478,0.0184633937,0,-1.41125894,-9.80284977,0.882446289,-0.46831423,-0.11911349,360,3.29055786,1,0,14,14,0
52,156,1,8327300,0,5,0,0,255,0,0,0,0,0,2650,50,2.5,0,0,6,1318.23145,0.00561923627,0,-1.40010738,-8.74081993,0.484802246,-1.10935354,-2.37700629,360,1.44790649,1,0,8,8,0
52,157,2,8327376,0,27,0,0,255,0,0,0,0,0,2650,50,2.5,0,0,6,1316.43579,0.128305003,0,-1.37617254,-12.4827118,0.891906738,1.09133518,-1.28630304,360,6.95430756,1,0,15,15,0
52,158,3,8327452,0,12,0,0,255,0,0,0,0,0,2650,50,2.5,0,0,6,1318.01294,0.0210882369,0,-1.41181648,-9.91552639,0.839477539,-0.470512211,-0.180093288,360,3.15100098,1,0,14,14,0
53,159,1,8327300,0,5,0,0,255,0,0,0,0,0,2700,50,2.5,0,0,6,1344.87683,0.00550009031,0,-1.40134323,-8.82548523,0.355712891,-1.11050749,-2.43925881,360,1.39669037,1,0,8,8,0
53,160,2,8327376,0,26,0,0,255,0,0,0,0,0,2700,50,2.5,0,0,6,1342.97119,0.138648868,0,-1.37262249,-12.5745955,0.845092773,1.08597326,-1.34824502,360,6.64807129,1,0,15,15,0
53,161,3,8327452,0,12,0,0,255,0,0,0,0,0,2700,50,2.5,0,0,6,1344.63049,0.0236464683,0,-1.41227412,-10.0403328,1.43811035,-0.472853601,-0.242300913,360,3.00234985,1,0,14,14,0
54,162,1,8327300,0,5,0,0,255,0,0,0,0,0,2750,50,2.5,0,0,6,1371.37122,0.00561126322,0,-1.4023062,-8.89416695,0.25201416,-1.11173069,-2.50273681,360,1.34860992,1,0,8,8,0
54,163,2,8327376,0,26,0,0,255,0,0,0,0,0,2750,50,2.5,0,0,6,1369.35583,0.148407727,0,-1.36973715,-12.6456165,0.807617188,1.08026779,-1.41138279,360,6.371315,1,0,15,15,0
54,164,3,8327452,0,11,0,0,255,0,0,0,0,0,2750,50,2.5,0,0,6,1371.09558,0.0261276681,0,-1.41253686,-10.1527958,1.41778564,-0.475344479,-0.305728912,360,2.85770416,1,0,14,14,0
55,165,1,8327300,0,6,0,0,255,0,0,0,0,0,2800,50,2.5,0,0,6,1397.70935,0.00613050722,0,-1.39148593,-8.22411442,0.0969848633,-1.11302507,-2.56743312,360,1.51929474,1,0,7,7,0
55,166,2,8327376,0,25,0,0,255,0,0,0,0,0,2800,50,2.5,0,0,6,1395.58142,0.156465486,0,-1.36585164,-12.7366886,0.757507324,1.07420874,-1.47570717,360,6.06375885,1,0,15,15,0
55,167,3,8327452,0,11,0,0,255,0,0,0,0,0,2800,50,2.5,0,0,6,1397.40698,0.0286032837,0,-1.41264701,-10.2515774,1.39837646,-0.477988809,-0.370369822,360,2.72666168,1,0,14,14,0
56,168,1,8327300,0,6,0,0,255,0,0,0,0,0,2850,50,2.5,0,0,6,1423.88831,0.00633155787,0,-1.39279199,-8.29616833,0.0092010498,-1.11439478,-2.63334012,360,1.46123505,1,0,7,7,0
56,169,2,8327376,0,24,0,0,255,0,0,0,0,0,2850,50,2.5,0,0,6,1421.64783,0.164952159,0,-1.36108112,-12.8421993,0.696716309,1.06778729,-1.54120898,360,5.74140167,1,0,15,15,0
56,170,3,8327452,0,11,0,0,255,0,0,0,0,0,2850,50,2.5,0,0,6,1423.55603,0.0304848533,0,-1.41261339,-10.3819475,1.37033081,-0.480790943,-0.436215818,360,2.57597351,1,0,14,14,0
57,171,1,8327300,0,6,0,0,255,0,0,0,0,0,2900,50,2.5,0,0,6,1449.90161,0.00721398043,0,-1.39432549,-8.38313198,0.136245728,-1.11584401,-2.70044994,360,1.39690399,1,0,7,7,0
57,172,2,8327376,0,23,0,0,255,0,0,0,0,0,2900,50,2.5,0,0,6,1447.54993,0.172354683,0,-1.35671473,-12.9334507,0.641693115,1.06099606,-1.60787892,360,5.44081116,1,0,15,15,0
57,173,3,8327452,0,10,0,0,255,0,0,0,0,0,2900,50,2.5,0,0,6,1449.53857,0.0318189561,0,-1.41241407,-10.4947624,1.34390259,-0.483755589,-0.503258765,360,2.43215942,1,0,14,14,0
58,174,1,8327300,0,5,0,0,255,0,0,0,0,0,2950,50,2.5,0,0,6,1475.74402,0.00820998289,0,-1.39605272,-8.48452854,0.282485962,-1.1173768,-2.76875472,360,1.32630157,1,0,7,7,0
58,175,2,8327376,0,22,0,0,255,0,0,0,0,0,2950,50,2.5,0,0,6,1473.28357,0.178255931,0,-1.35210729,-13.0248957,0.584228516,1.05382872,-1.67570758,360,5.1439743,1,0,15,15,0
58,176,3,8327452,0,10,0,0,255,0,0,0,0,0,2950,50,2.5,0,0,6,1475.35413,0.0336957015,0,-1.41210866,-10.5927544,1.31933594,-0.486885458,-0.571490645,360,2.30312347,1,0,14,14,0
59,177,1,8327300,0,5,0,0,255,0,0,0,0,0,3000,50,2.5,0,0,6,1501.41089,0.00914796442,0,-1.39723778,-8.55652905,0.385406494,-1.11899459,-2.83824611,360,1.27301788,1,0,7,7,0
59,178,2,8327376,0,21,0,0,255,0,0,0,0,0,3000,50,2.5,0,0,6,1498.84534,0.182127357,0,-1.34721351,-13.1171989,1.40679932,1.04628038,-1.74468541,360,4.85030365,1,0,15,15,0
59,179,3,8327452,0,11,0,0,255,0,0,0,0,0,3000,50,2.5,0,0,6,1500.99377,0.0348234326,0,-1.41194832,-9.94709778,1.28796387,-0.490183651,-0.640902996,360,2.58935547,1,0,13,13,0
60,180,1,8327300,0,5,0,0,255,0,0,0,0,0,3050,50,2.5,0,0,6,1526.89868,0.00939656142,0,-1.39897418,-8.66618347,0.540863037,-1.12069893,-2.90891576,360,1.20677948,1,0,7,7,0
60,181,2,8327376,0,20,0,0,255,0,0,0,0,0,3050,50,2.5,0,0,6,1524.23108,0.18448326,0,-1.34228587,-13.2056694,1.37335205,1.03834689,-1.81480289,360,4.56929016,1,0,15,15,0
60,182,3,8327452,0,11,0,0,255,0,0,0,0,0,3050,50,2.5,0,0,6,1526.45007,0.0354286171,0,-1.41239119,-10.0831337,1.24905396,-0.493656039,-0.711486816,360,2.42675781,1,0,13,13,0
61,183,1,8327300,0,5,0,0,255,0,0,0,0,0,3100,50,2.5,0,0,6,1552.20337,0.00964708719,0,-1.40033007,-8.75582695,0.666656494,-1.12249148,-2.98075509,360,1.14621735,1,0,7,7,0
61,184,2,8327376,0,20,0,0,255,0,0,0,0,0,3100,50,2.5,0,0,6,1549.43774,0.183882937,0,-1.3378787,-13.2813835,1.34332275,1.03002632,-1.88605046,360,4.31257629,1,0,15,15,0
61,185,3,8327452,0,10,0,0,255,0,0,0,0,0,3100,50,2.5,0,0,6,1551.72278,0.0375761911,0,-1.41260529,-10.2013083,1.21279907,-0.497308284,-0.783233106,360,2.27362061,1,0,13,13,0
62,186,1,8327300,0,5,0,0,255,0,0,0,0,0,3150,50,2.5,0,0,6,1577.32117,0.00989948306,0,-1.4014225,-8.83105278,0.771606445,-1.12437379,-3.05375552,360,1.08961487,1,0,7,7,0
62,187,2,8327376,0,23,0,0,255,0,0,0,0,0,3150,50,2.5,0,0,6,1574.45837,0.180643812,0,-1.36802626,-12.686327,1.30532837,1.02131605,-1.95841837,360,4.93900299,1,0,14,14,0
62,188,3,8327452,0,10,0,0,255,0,0,0,0,0,3150,50,2.5,0,0,6,1576.81152,0.0396781601,0,-1.41265368,-10.3250904,1.17211914,-0.501143336,-0.856132984,360,2.12583923,1,0,13,13,0
63,189,1,8327300,0,4,0,0,255,0,0,0,0,0,3200,50,2.5,0,0,6,1611.13647,0.00996566098,0,-1.40298736,-8.94440174,0.928817749,-1.12636209,-3.12831926,360,1.01944733,1,0,7,7,0
63,190,2,8327376,0,22,0,0,255,0,0,0,0,0,3200,50,2.5,0,0,6,1608.15393,0.177836329,0,-1.36367202,-12.7856998,1.2098999,1.01213872,-2.03230095,360,4.62191772,1,0,14,14,0
63,191,3,8327452,0,9,0,0,255,0,0,0,0,0,3200,50,2.5,0,0,6,1610.59473,0.0407896154,0,-1.41252363,-10.4440222,1.1305542,-0.50519377,-0.930587649,360,1.97988129,1,0,13,13,0
64,192,1,8327300,0,0,0,0,255,0,0,0,0,0,3250,50,2.5,0,0,6,1644.68506,0.00998724625,0,-1.4039464,-9.0177536,1.02986145,-1.1284548,-3.20443392,360,0.971420288,1,0,7,7,0
64,193,2,8327376,0,21,0,0,255,0,0,0,0,0,3250,50,2.5,0,0,6,1641.59277,0.178383261,0,-1.35957026,-12.8743172,1.05386353,1.00248778,-2.10768414,360,4.32730103,1,0,14,14,0
64,194,3,8327452,0,9,0,0,255,0,0,0,0,0,3250,50,2.5,0,0,6,1644.11743,0.0399355516,0,-1.41225767,-10.5498514,1.09155273,-0.509458959,-1.00658476,360,1.85009003,1,0,13,13,0
65,195,1,8327300,0,0,0,0,255,0,0,0,0,0,3300,50,2.5,0,0,6,1677.9574,0.00941096339,0,-1.40516484,-9.11619854,1.16494751,-1.13068163,-3.28208566,360,0.897315979,1,0,7,7,0
65,196,2,8327376,0,20,0,0,255,0,0,0,0,0,3300,50,2.5,0,0,6,1674.76306,0.180918276,0,-1.35424495,-12.9830513,0.856567383,0.992358804,-2.18455362,360,4.01319885,1,0,14,14,0
65,197,3,8327452,0,8,0,0,255,0,0,0,0,0,3300,50,2.5,0,0,6,1677.36755,0.0384148397,0,-1.41178775,-10.6680374,1.04547119,-0.513939321,-1.08411157,360,1.71206665,1,0,13,13,0
66,198,1,8327300,0,0,0,0,255,0,0,0,0,0,3350,50,2.5,0,0,6,1710.94836,0.0101014199,0,-1.40647125,-9.2298851,1.32044983,-1.13304615,-3.36126137,360,0.820205688,1,0,7,7,0
66,199,2,8327376,0,19,0,0,255,0,0,0,0,0,3350,50,2.5,0,0,6,1707.65906,0.180581003,0,-1.35046589,-13.0563793,0.725402832,0.981749475,-2.26289558,360,3.75488281,1,0,14,14,0
66,200,3,8327452,0,8,0,0,255,0,0,0,0,0,3350,50,2.5,0,0,6,1710.3429,0.0367922336,0,-1.41096258,-10.8114948,0.986053467,-0.518632889,-1.16315508,360,1.56769562,1,0,13,13,0
67,201,1,8327300,0,0,0,0,255,0,0,0,0,0,3400,50,2.5,0,0,6,1743.65369,0.00877032056,0,-1.40749717,-9.32686043,1.45245361,-1.13555086,-3.4419477,360,0.750816345,1,0,7,7,0
67,202,2,8327376,0,18,0,0,255,0,0,0,0,0,3400,50,2.5,0,0,6,1740.27478,0.17751202,0,-1.34537685,-13.150671,0.558410645,0.970659316,-2.34269571,360,3.47569275,1,0,14,14,0
67,203,3,8327452,0,9,0,0,255,0,0,0,0,0,3400,50,2.5,0,0,6,1743.03259,0.034864977,0,-1.41254568,-10.1580105,0.939788818,-0.523538888,-1.24370205,360,1.9025116,1,0,12,12,0
68,204,1,8327300,0,0,0,0,255,0,0,0,0,0,3450,50,2.5,0,0,6,1776.06689,0.00706723053,0,-1.40842593,-9.4224577,1.58248901,-1.13819599,-3.52413106,360,0.683639526,1,0,7,7,0
68,205,2,8327376,0,17,0,0,255,0,0,0,0,0,3450,50,2.5,0,0,6,1772.60461,0.172707886,0,-1.34037113,-13.2389412,0.403808594,0.959089339,-2.42393994,360,3.21227264,1,0,14,14,0
68,206,3,8327452,0,9,0,0,255,0,0,0,0,0,3450,50,2.5,0,0,6,1775.42615,0.0329340287,0,-1.41265845,-10.2878752,0.880828857,-0.528660297,-1.32573831,360,1.75469971,1,0,12,12,0
69,207,1,8327300,0,0,0,0,255,0,0,0,0,0,3500,50,2.5,0,0,6,1808.18225,0.00529309176,0,-1.40930986,-9.52279377,1.71881104,-1.14097738,-3.60779762,360,0.61631012,1,0,7,7,0
69,208,2,8327376,0,15,0,0,255,0,0,0,0,0,3500,50,2.5,0,0,6,1804.64282,0.166090399,0,-1.33478379,-13.3327885,0.24105835,0.947042167,-2.50661397,360,2.94865417,1,0,14,14,0
69,209,3,8327452,0,8,0,0,255,0,0,0,0,0,3500,50,2.5,0,0,6,1807.52148,0.0326995067,0,-1.41254544,-10.4316025,0.811798096,-0.534000099,-1.40924966,360,1.59714508,1,0,12,12,0
70,210,1,8327300,0,0,0,0,255,0,0,0,0,0,3550,50,2.5,0,0,6,1839.99365,0.00377216213,0,-1.409958,-9.60439014,1.82972717,-1.14388776,-3.69293332,360,0.557106018,1,0,7,7,0
70,211,2,8327376,0,14,0,0,255,0,0,0,0,0,3550,50,2.5,0,0,6,1836.38843,0.15833582,0,-1.32797849,-13.4411678,0.0545654297,0.934524536,-2.59070444,360,2.68185425,1,0,14,14,0
70,212,3,8327452,0,8,0,0,255,0,0,0,0,0,3550,50,2.5,0,0,6,1839.31653,0.0331828967,0,-1.41221809,-10.5619526,0.745483398,-0.539558232,-1.49422193,360,1.45627594,1,0,12,12,0
71,213,1,8327300,0,0,0,0,255,0,0,0,0,0,3600,50,2.5,0,0,6,1871.49585,0.00241278764,0,-1.40287113,-8.93572903,1.97042847,-1.14691865,-3.77952433,360,0.785484314,1,0,6,6,0
71,214,2,8327376,0,19,0,0,255,0,0,0,0,0,3600,50,2.5,0,0,6,1867.83142,0.147220045,0,-1.36041105,-12.8565168,0.105117798,0.921544075,-2.67619753,360,3.40409851,1,0,13,13,0
71,215,3,8327452,0,7,0,0,255,0,0,0,0,0,3600,50,2.5,0,0,6,1870.80127,0.0325606465,0,-1.41167879,-10.6901722,0.676757812,-0.545335174,-1.58064055,360,1.31549072,1,0,12,12,0
72,216,1,8327300,0,0,0,0,255,0,0,0,0,0,3650,50,2.5,0,0,6,1902.6532,0.00167324767,0,-1.40437782,-9.05187321,2.12780762,-1.1500628,-3.86755466,360,0.718101501,1,0,6,6,0
72,217,2,8327376,0,17,0,0,255,0,0,0,0,0,3650,50,2.5,0,0,6,1898.94177,0.134933695,0,-1.35662127,-12.9353504,0.232772827,0.908091307,-2.76307559,360,3.1399231,1,0,13,13,0
72,218,3,8327452,0,6,0,0,255,0,0,0,0,0,3650,50,2.5,0,0,6,1901.97986,0.0318914168,0,-1.41091251,-10.8188515,0.604370117,-0.551328897,-1.66849136,360,1.18262482,1,0,12,12,0
73,219,1,8327300,0,0,0,0,255,0,0,0,0,0,3700,50,2.5,0,0,6,1933.52112,0.00136088359,0,-1.405653,-9.15756798,2.27130127,-1.15331495,-3.95701122,360,0.655899048,1,0,6,6,0
73,220,2,8327376,0,16,0,0,255,0,0,0,0,0,3700,50,2.5,0,0,6,1929.74646,0.136388823,0,-1.35074997,-13.0509682,0.418960571,0.894162893,-2.85132265,360,2.83899689,1,0,13,13,0
73,221,3,8327452,0,6,0,0,255,0,0,0,0,0,3700,50,2.5,0,0,6,1932.84265,0.030382311,0,-1.40989542,-10.9494114,1.40859985,-0.557534814,-1.75775981,360,1.05675507,1,0,12,12,0
74,222,1,8327300,0,0,0,0,255,0,0,0,0,0,3750,50,2.5,0,0,6,1964.06494,0.000691481051,0,-1.40666211,-9.24734592,2.39344788,-1.15667129,-4.04787874,360,0.601028442,1,0,6,6,0
74,223,2,8327376,0,15,0,0,255,0,0,0,0,0,3750,50,2.5,0,0,6,1960.22925,0.138946399,0,-1.34653902,-13.1295643,0.544937134,0.879758418,-2.94092274,360,2.59940338,1,0,13,13,0
74,224,3,8327452,0,0,0,0,255,0,0,0,0,0,3750,50,2.5,0,0,6,1963.3811,0.0277647432,0,-1.40885067,-11.0587921,1.37121582,-0.563949585,-1.84843087,360,0.942764282,1,0,12,12,0
75,225,1,8327300,0,0,0,0,255,0,0,0,0,0,3800,50,2.5,0,0,6,1994.27905,0.000819471781,0,-1.40776014,-9.35309124,2.53814697,-1.16012871,-4.14014244,360,0.540351868,1,0,6,6,0
75,226,2,8327376,0,13,0,0,255,0,0,0,0,0,3800,50,2.5,0,0,6,1990.38806,0.13705188,0,-1.34091449,-13.2295589,0.704772949,0.864879966,-3.03186059,360,2.33562469,1,0,13,13,0
75,227,3,8327452,0,7,0,0,255,0,0,0,0,0,3800,50,2.5,0,0,6,1993.59387,0.0251607262,0,-1.41253603,-10.4371014,1.32305908,-0.570551276,-1.94049096,360,1.25222778,1,0,11,11,0
76,228,1,8327300,0,0,0,0,255,0,0,0,0,0,3850,50,2.5,0,0,6,2024.16052,0.000356604869,0,-1.40891159,-9.47624493,2.70747375,-1.16368449,-4.23378706,360,0.472969055,1,0,6,6,0
76,229,2,8327376,0,12,0,0,255,0,0,0,0,0,3850,50,2.5,0,0,6,2020.22424,0.132516831,0,-1.33420444,-13.3422565,0.884506226,0.849534631,-3.12412143,360,2.06964874,1,0,13,13,0
76,230,3,8327452,0,6,0,0,255,0,0,0,0,0,3850,50,2.5,0,0,6,2023.47595,0.0348164439,0,-1.41220379,-10.5661602,1.24230957,-0.577374876,-2.03392196,360,1.11433411,1,0,11,11,0
77,231,1,8327300,0,0,0,0,255,0,0,0,0,0,3900,50,2.5,0,0,6,2053.70483,0.000723896199,0,-1.40980434,-9.58427906,2.85716248,-1.16733623,-4.32879639,360,0.412132263,1,0,6,6,0
77,232,2,8327376,0,11,0,0,255,0,0,0,0,0,3900,50,2.5,0,0,6,2049.72974,0.124027193,0,-1.32809258,-13.4393997,1.03952026,0.833731174,-3.21769047,360,1.83348846,1,0,13,13,0
77,233,3,8327452,0,0,0,0,255,0,0,0,0,0,3900,50,2.5,0,0,6,2053.02124,0.0361825712,0,-1.41162682,-10.700285,1.0345459,-0.584417522,-2.12870836,360,0.981132507,1,0,11,11,0
78,234,1,8327300,0,0,0,0,255,0,0,0,0,0,3950,50,2.5,0,0,6,2082.88965,0.000244820694,0,-1.41057909,-9.6916666,3.00712585,-1.17108142,-4.42515469,360,0.351753235,1,0,6,6,0
78,235,2,8327376,0,10,0,0,255,0,0,0,0,0,3950,50,2.5,0,0,6,2078.90308,0.113499098,0,-1.32155299,-13.5381851,1.19729614,0.817479372,-3.31255341,360,1.60176086,1,0,13,13,0
78,236,3,8327452,0,0,0,0,255,0,0,0,0,0,3950,50,2.5,0,0,6,2082.22168,0.0334069021,0,-1.41074491,-10.8427048,0.799438477,-0.591663122,-2.22483516,360,0.798728943,1,0,11,11,0
79,237,1,8327300,0,0,0,0,255,0,0,0,0,0,4000,50,2.5,0,0,6,2111.73926,0.00049659959,0,-1.41111684,-9.77777481,3.12834167,-1.17491782,-4.52284575,360,0.300476074,1,0,6,6,0
79,238,2,8327376,0,8,0,0,255,0,0,0,0,0,4000,50,2.5,0,0,6,2107.74048,0.102971107,0,-1.31489277,-13.6338978,1.35040283,0.800790131,-3.40869594,360,1.38137817,1,0,13,13,0
79,239,3,8327452,0,0,0,0,255,0,0,0,0,0,4000,50,2.5,0,0,6,2111.07886,0.0409563258,0,-1.40986013,-10.9534264,0.620056152,-0.599127352,-2.32228518,360,0.642593384,1,0,11,11,0
80,240,1,8327300,0,0,0,0,255,0,0,0,0,0,4050,50,2.5,0,0,6,2140.25342,0.000503477873,0,-1.41178691,-9.90875435,3.31446838,-1.17884326,-4.62185478,360,0.229988098,1,0,6,6,0
80,241,2,8327376,0,7,0,0,255,0,0,0,0,0,4050,50,2.5,0,0,6,2136.24585,0.0920876116,0,-1.30876613,-13.7180157,1.48561096,0.783678651,-3.50610447,360,1.19475555,1,0,13,13,0
80,242,3,8327452,0,0,0,0,255,0,0,0,0,0,4050,50,2.5,0,0,6,2139.58691,0.0493254028,0,-1.40840006,-11.1009092,0.385864258,-0.606820822,-2.42104101,360,0.465927124,1,0,11,11,0
81,243,1,8327300,0,0,0,0,255,0,0,0,0,0,4100,50,2.5,0,0,6,2168.41943,0,0,-1.41215265,-10.0022745,3.44883728,-1.18285561,-4.72216511,360,0.175292969,1,0,6,6,0
81,244,2,8327376,0,12,0,0,255,0,0,0,0,0,4100,50,2.5,0,0,6,2164.41089,0.0793266967,0,-1.34448075,-13.1667862,1.66696167,0.766160667,-3.60476542,360,1.99558258,1,0,12,12,0
81,245,3,8327452,0,0,0,0,255,0,0,0,0,0,4100,50,2.5,0,0,6,2167.74438,0.0541999601,0,-1.40709829,-11.2105646,0.214477539,-0.614750206,-2.52108598,360,0.318641663,1,0,11,11,0
82,246,1,8327300,0,0,0,0,255,0,0,0,0,0,4150,50,2.5,0,0,6,2196.23364,0.00025849574,0,-1.41244793,-10.1072502,3.60165405,-1.18695259,-4.82376099,360,0.115318298,1,0,6,6,0
82,247,2,8327376,0,11,0,0,255,0,0,0,0,0,4150,50,2.5,0,0,6,2192.20605,0.0666976199,0,-1.33875751,-13.2665272,1.82118225,0.748232603,-3.70466065,360,1.74604034,1,0,12,12,0
82,248,3,8327452,0,0,0,0,255,0,0,0,0,0,4150,50,2.5,0,0,6,2195.5498,0.0568513572,0,-1.4053328,-11.338789,0.0167541504,-0.622919083,-2.62240314,360,0.162063599,1,0,11,11,0
83,249,1,8327300,0,0,0,0,255,0,0,0,0,0,4200,50,2.5,0,0,6,2223.69434,0.000261811452,0,-1.41262424,-10.2197914,3.76722717,-1.19113219,-4.92662573,360,0.0514984131,1,0,6,6,0
83,250,2,8327376,0,9,0,0,255,0,0,0,0,0,4200,50,2.5,0,0,6,2219.64502,0.0654634982,0,-1.33232474,-13.3726654,1.98632812,0.729893029,-3.8057723,360,1.49307251,1,0,12,12,0
83,251,3,8327452,0,0,0,0,255,0,0,0,0,0,4200,50,2.5,0,0,6,2223.00146,0.0575805865,0,-1.4114399,-10.7346401,0.202011108,-0.631328642,-2.72497582,360,0.524765015,1,0,10,10,0
84,252,1,8327300,0,0,0,0,255,0,0,0,0,0,4250,50,2.5,0,0,6,2250.7998,0.000265085022,0,-1.40966332,-9.56628132,3.93673706,-1.19539249,-5.03074312,360,0.345108032,1,0,5,5,0
84,253,2,8327376,0,8,0,0,255,0,0,0,0,0,4250,50,2.5,0,0,6,2246.72217,0.067076683,0,-1.32696843,-13.4567451,2.11825562,0.711147964,-3.90808439,360,1.29146576,1,0,12,12,0
84,254,3,8327452,0,0,0,0,255,0,0,0,0,0,4250,50,2.5,0,0,6,2250.0979,0.0565780178,0,-1.41059124,-10.8636379,0.391693115,-0.63997829,-2.82878757,360,0.374137878,1,0,10,10,0
85,255,1,8327300,0,0,0,0,255,0,0,0,0,0,4300,50,2.5,0,0,6,2277.54932,-0.000536632491,0,-1.41048121,-9.6771822,4.10321045,-1.19973135,-5.13609695,360,0.283416748,1,0,5,5,0
85,256,2,8327376,0,7,0,0,255,0,0,0,0,0,4300,50,2.5,0,0,6,2273.44775,0.0641453192,0,-1.31898189,-13.5756893,2.30665588,0.692005932,-4.01158142,360,1.04065704,1,0,12,12,0
85,257,3,8327452,0,0,0,0,255,0,0,0,0,0,4300,50,2.5,0,0,6,2276.83887,0.0544512123,0,-1.40965891,-10.9758959,0.555374146,-0.648865998,-2.93382168,360,0.238052368,1,0,10,10,0
86,258,1,8327300,0,0,0,0,255,0,0,0,0,0,4350,50,2.5,0,0,6,2303.94043,0,0,-1.41121304,-9.79461098,4.28213501,-1.20414698,-5.24267006,360,0.217681885,1,0,5,5,0
86,259,2,8327376,0,0,0,0,255,0,0,0,0,0,4350,50,2.5,0,0,6,2299.82324,0.0585394762,0,-1.31298828,-13.6604328,2.44248962,0.672477365,-4.11624861,360,0.851142883,1,0,12,12,0
86,260,3,8327452,0,0,0,0,255,0,0,0,0,0,4350,50,2.5,0,0,6,2303.22241,0.0515698642,0,-1.40838492,-11.1022873,0.738098145,-0.657988608,-3.04006171,360,0.0935897827,1,0,10,10,0
87,261,1,8327300,0,0,0,0,255,0,0,0,0,0,4400,50,2.5,0,0,6,2329.97217,0.000549302204,0,-1.41177714,-9.90657234,4.45587158,-1.20863748,-5.3504467,360,0.1537323,1,0,5,5,0
87,262,2,8327376,0,0,0,0,255,0,0,0,0,0,4400,50,2.5,0,0,6,2325.8833,0.0527758561,0,-1.30435646,-13.7764263,2.63075256,0.652595222,-4.22207737,360,0.49331665,1,0,12,12,0
87,263,3,8327452,0,0,0,0,255,0,0,0,0,0,4400,50,2.5,0,0,6,2329.24854,0.0479116812,0,-1.40661561,-11.2476025,0.947174072,-0.667342246,-3.14749122,359.936829,0,1,0,10,10,0
88,264,1,8327300,0,0,0,0,255,0,0,0,0,0,4450,50,2.5,0,0,6,2355.64453,0,0,-1.41226804,-10.0383148,4.66419983,-1.21320105,-5.45940971,360,0.0787200928,1,0,5,5,0
88,265,2,8327376,0,0,0,0,255,0,0,0,0,0,4450,50,2.5,0,0,6,2351.58301,0.083041437,0,-1.29639721,-13.8777189,2.79753113,0.632315755,-4.32904148,360,0.167541504,1,0,12,12,0
88,266,3,8327452,0,0,0,0,255,0,0,0,0,0,4450,50,2.5,0,0,6,2354.91602,0.0447045565,0,-1.40471411,-11.3796263,1.13598633,-0.676922381,-3.25609374,359.791077,0,1,0,10,10,0
89,267,1,8327300,0,0,0,0,255,0,0,0,0,0,4500,50,2.5,0,0,6,2380.9646,0.000280814711,0,-1.41253877,-10.1538458,4.85087585,-1.21783602,-5.56954288,360,0.0106201172,1,0,5,5,0
89,268,2,8327376,0,0,0,0,255,0,0,0,0,0,4500,50,2.5,0,0,6,2376.90112,0.119560972,0,-1.28928542,-13.9641037,2.9420929,0.611608446,-4.43711662,359.873444,0,1,0,12,12,0
89,269,3,8327452,0,0,0,0,255,0,0,0,0,0,4500,50,2.5,0,0,6,2380.22412,0.0409862697,0,-1.40296614,-11.486228,1.28829956,-0.686724126,-3.36585283,359.665039,0,1,0,10,10,0
90,270,1,8327300,0,0,0,0,255,0,0,0,0,0,4550,50,2.5,0,0,6,2405.92847,-0.000283833098,0,-1.41265583,-10.2735624,5.04811096,-1.22254062,-5.68083,359.939026,0,1,0,5,5,0
90,271,2,8327376,0,0,0,0,255,0,0,0,0,0,4550,50,2.5,0,0,6,2401.8418,0.148474723,0,-1.32986164,-13.4117851,3.10984802,0.59045279,-4.54628086,360,0.663078308,1,0,11,11,0
90,272,3,8327452,0,0,0,0,255,0,0,0,0,0,4550,50,2.5,0,0,6,2405.17285,0.0373124443,0,-1.40060544,-11.6143198,1.47111511,-0.696742237,-3.47675228,359.523895,0,1,0,10,10,0
91,273,1,8327300,0,0,0,0,255,0,0,0,0,0,4600,50,2.5,0,0,6,2430.53174,0,0,-1.4126091,-10.3858862,5.23747253,-1.22731304,-5.79325438,359.86969,0,1,0,5,5,0
91,274,2,8327376,0,0,0,0,255,0,0,0,0,0,4600,50,2.5,0,0,6,2426.41577,0.167784601,0,-1.3230238,-13.5164022,3.2809906,0.568836391,-4.65651417,360,0.356208801,1,0,11,11,0
91,275,3,8327452,0,0,0,0,255,0,0,0,0,0,4600,50,2.5,0,0,6,2429.7627,0.0334027559,0,-1.40925109,-11.0190268,1.6799469,-0.706971347,-3.58877563,359.938538,0,1,0,9,9,0
92,276,1,8327300,0,0,0,0,255,0,0,0,0,0,4650,50,2.5,0,0,6,2454.76196,0,0,-1.41242838,-10.4889841,5.4152832,-1.23215175,-5.90679884,359.803528,0,1,0,5,5,0
92,277,2,8327376,0,0,0,0,255,0,0,0,0,0,4650,50,2.5,0,0,6,2450.62598,0.178468049,0,-1.31589532,-13.6197863,3.45359802,0.546752989,-4.76779795,360,0.0562820435,1,0,11,11,0
92,278,3,8327452,0,0,0,0,255,0,0,0,0,0,4650,50,2.5,0,0,6,2453.99316,0.0305581056,0,-1.40785396,-11.1488619,1.86152649,-0.717405975,-3.70190668,359.79776,0,1,0,9,9,0
93,279,1,8327300,0,0,0,0,255,0,0,0,0,0,4700,50,2.5,0,0,6,2478.63208,0,0,-1.41198111,-10.6248112,5.65498352,-1.23705518,-6.02144623,359.718506,0,1,0,5,5,0
93,280,2,8327376,0,0,0,0,255,0,0,0,0,0,4700,50,2.5,0,0,6,2474.50195,0.182147652,0,-1.30728102,-13.7378826,3.65473938,0.524200916,-4.88011503,359.734619,0,1,0,11,11,0
93,281,3,8327452,0,0,0,0,255,0,0,0,0,0,4700,50,2.5,0,0,6,2477.84448,0.0273523759,0,-1.40621948,-11.2768145,2.04112244,-0.728040516,-3.81612825,359.658691,0,1,0,9,9,0
94,282,1,8327300,0,0,0,0,255,0,0,0,0,0,4750,50,2.5,0,0,6,2502.14697,0,0,-1.41150832,-10.7224216,5.83178711,-1.2420218,-6.13718081,359.651581,0,1,0,5,5,0
94,283,2,8327376,0,0,0,0,255,0,0,0,0,0,4750,50,2.5,0,0,6,2498.01855,0.180234998,0,-1.30027103,-13.8290615,3.81370544,0.501182377,-4.99344873,359.463257,0,1,0,11,11,0
94,284,3,8327452,0,0,0,0,255,0,0,0,0,0,4750,50,2.5,0,0,6,2501.32739,0.0243690219,0,-1.40435457,-11.4025402,2.21881104,-0.738869369,-3.93142366,359.521301,0,1,0,9,9,0
95,285,1,8327300,0,0,0,0,255,0,0,0,0,0,4800,50,2.5,0,0,6,2525.30371,-0.000298279163,0,-1.41064358,-10.8566008,6.08140564,-1.24705005,-6.25398588,359.563202,0,1,0,5,5,0
95,286,2,8327376,0,0,0,0,255,0,0,0,0,0,4800,50,2.5,0,0,6,2521.18237,0.174503192,0,-1.29101837,-13.9433928,4.0174408,0.47770232,-5.10778284,359.153717,0,1,0,11,11,0
95,287,3,8327452,0,0,0,0,255,0,0,0,0,0,4800,50,2.5,0,0,6,2524.48364,0.0217672475,0,-1.40242589,-11.5169773,2.38145447,-0.749887168,-4.04777813,359.39267,0,1,0,9,9,0
96,288,1,8327300,0,0,0,0,255,0,0,0,0,0,4850,50,2.5,0,0,6,2548.10596,-0.000301039661,0,-1.40978122,-10.9623241,6.28378296,-1.2521385,-6.37184477,359.487732,0,1,0,5,5,0
96,289,2,8327376,0,0,8,0,255,0,0,0,0,0,4850,50,2.5,0,0,6,2543.99097,0.165602148,0,-1.28192675,-14.0497656,4.2121582,0.453767776,-5.22310162,358.859955,0,1,0,11,11,0
96,290,3,8327452,0,0,0,0,255,0,0,0,0,0,4850,50,2.5,0,0,6,2547.28345,0.0192602817,0,-1.39999354,-11.6451588,2.56530762,-0.76108855,-4.16517544,359.252502,0,1,0,9,9,0
97,291,1,8327300,0,0,0,0,255,0,0,0,0,0,4900,50,2.5,0,0,6,2570.54346,0,0,-1.41265416,-10.3232374,6.51385498,-1.25728559,-6.49074078,359.836151,0,1,0,4,4,0
97,292,2,8327376,0,0,9,0,255,0,0,0,0,0,4900,50,2.5,0,0,6,2566.44043,0.154969618,0,-1.27295995,-14.1494904,4.39950562,0.429403633,-5.33939266,358.747894,0,1,0,11,11,0
97,293,3,8327452,0,0,0,0,255,0,0,0,0,0,4900,50,2.5,0,0,6,2569.72705,0.0173086114,0,-1.3969841,-11.785655,2.76919556,-0.772468209,-4.28359938,359.101685,0,1,0,9,9,0
98,294,1,8327300,0,0,0,0,255,0,0,0,0,0,4950,50,2.5,0,0,6,2592.62646,-0.000306432659,0,-1.41252923,-10.4409227,6.74787903,-1.26249003,-6.61065769,359.752075,0,1,0,4,4,0
98,295,2,8327376,0,0,0,0,255,0,0,0,0,0,4950,50,2.5,0,0,6,2588.54419,0.0905592889,0,-1.31661987,-13.6095238,4.59280396,0.404692471,-5.45665741,359.819153,0,1,0,10,10,0
98,296,3,8327452,0,0,8,0,255,0,0,0,0,0,4950,50,2.5,0,0,6,2591.81616,0.0153167667,0,-1.39389706,-11.9144382,2.95846558,-0.783986807,-4.40303755,358.959503,0,1,0,9,9,0
99,297,1,8327300,0,0,0,0,255,0,0,0,0,0,5000,50,2.5,0,0,6,2614.35571,0,0,-1.41214585,-10.5826626,7.03933716,-1.2677505,-6.7315793,359.650696,0,1,0,4,4,0
99,298,2,8327376,0,0,0,0,255,0,0,0,0,0,5000,50,2.5,0,0,6,2610.32349,0.0351779498,0,-1.30871773,-13.7186651,4.79734802,0.379683435,-5.57489014,359.543945,0,1,0,10,10,0
99,299,3,8327452,0,0,8,0,255,0,0,0,0,0,5000,50,2.5,0,0,6,2613.52954,0.0139035853,0,-1.39108288,-12.0214729,3.11791992,-0.795662999,-4.5234704,358.934113,0,1,0,9,9,0
100,300,1,8327300,0,0,0,0,255,0,0,0,0,0,5050,50,2.5,0,0,6,2635.7334,0,0,-1.41170025,-10.6859331,7.25865173,-1.27306557,-6.8534894,359.570007,0,1,0,4,4,0
100,301,2,8327376,0,0,0,0,255,0,0,0,0,0,5050,50,2.5,0,0,6,2631.76367,0.0266054459,0,-1.30084968,-13.8216887,4.99624634,0.354368329,-5.69407272,359.280182,0,1,0,10,10,0
100,302,3,8327452,0,0,0,0,255,0,0,0,0,0,5050,50,2.5,0,0,6,2634.90576,0.00654269708,0,-1.40413213,-11.4164467,3.30813599,-0.807448268,-4.64488697,359.505798,0,1,0,8,8,0
101,303,1,8327300,0,0,0,0,255,0,0,0,0,0,5100,50,2.5,0,0,6,2656.76074,0.000314203906,0,-1.41097403,-10.8097658,7.52998352,-1.27843404,-6.97637129,359.473785,0,1,0,4,4,0
101,304,2,8327376,0,0,0,0,255,0,0,0,0,0,5100,50,2.5,0,0,6,2652.84741,0.0305887405,0,-1.2932353,-13.9165821,5.1847229,0.328742981,-5.81418705,359.031342,0,1,0,10,10,0
101,305,3,8327452,0,0,0,0,255,0,0,0,0,0,5100,50,2.5,0,0,6,2655.94458,0.000942315732,0,-1.4015516,-11.5648499,3.53022766,-0.819301665,-4.76727581,359.358276,0,1,0,8,8,0
102,306,1,8327300,0,0,0,0,255,0,0,0,0,0,5150,50,2.5,0,0,6,2677.44043,0,0,-1.41007137,-10.9289074,7.80006409,-1.2838546,-7.10020924,359.377258,0,1,0,4,4,0
102,307,2,8327376,0,0,10,0,255,0,0,0,0,0,5150,50,2.5,0,0,6,2673.57788,0.0328893811,0,-1.28318679,-14.0353508,5.42810059,0.302806139,-5.93521643,358.735382,0,1,0,10,10,0
102,308,3,8327452,0,0,0,0,255,0,0,0,0,0,5150,50,2.5,0,0,6,2676.63623,-0.000316613266,0,-1.39908671,-11.6893253,3.71995544,-0.831259072,-4.89061689,359.229736,0,1,0,8,8,0
103,309,1,8327300,0,0,0,0,255,0,0,0,0,0,5200,50,2.5,0,0,6,2697.77515,-0.000638351543,0,-1.40873599,-11.0697575,8.13162231,-1.28932595,-7.22498751,359.263885,0,1,0,4,4,0
103,310,2,8327376,0,0,10,0,255,0,0,0,0,0,5200,50,2.5,0,0,6,2693.95361,0.0341025405,0,-1.2753824,-14.1230278,5.61381531,0.276580602,-6.05714846,358.643799,0,1,0,10,10,0
103,311,3,8327452,0,0,0,0,255,0,0,0,0,0,5200,50,2.5,0,0,6,2696.98242,-0.000319079903,0,-1.3966428,-11.8005762,3.89245605,-0.843322396,-5.01489401,359.110596,0,1,0,8,8,0
104,312,1,8327300,0,0,0,0,255,0,0,0,0,0,5250,50,2.5,0,0,6,2717.76636,-0.000643199717,0,-1.40755153,-11.1741467,8.38670349,-1.29484701,-7.35068989,359.169525,0,1,0,4,4,0
104,313,2,8327376,0,0,12,0,255,0,0,0,0,0,5250,50,2.5,0,0,6,2713.98218,0.0149332099,0,-1.26540148,-14.2299232,5.84744263,0.250131965,-6.17998123,358.510071,0,1,0,10,10,0
104,314,3,8327452,0,0,8,0,255,0,0,0,0,0,5250,50,2.5,0,0,6,2716.98535,-0.000643010717,0,-1.39307237,-11.9467278,4.12426758,-0.855489671,-5.14009142,358.958527,0,1,0,8,8,0
105,315,1,8327300,0,0,0,0,255,0,0,0,0,0,5300,50,2.5,0,0,6,2737.41626,0,0,-1.4056896,-11.3143768,8.74291992,-1.30041659,-7.47730064,359.049011,0,1,0,4,4,0
105,316,2,8327376,0,0,13,0,255,0,0,0,0,0,5300,50,2.5,0,0,6,2733.6665,0.00291178701,0,-1.25551522,-14.3305683,6.0760498,0.223518014,-6.30371094,358.402771,0,1,0,10,10,0
105,317,3,8327452,0,0,9,0,255,0,0,0,0,0,5300,50,2.5,0,0,6,2736.63574,-0.000323889893,0,-1.38962317,-12.0737705,4.33068848,-0.867730141,-5.26619577,358.903015,0,1,0,8,8,0
106,318,1,8327300,0,0,8,0,255,0,0,0,0,0,5350,50,2.5,0,0,6,2756.72827,-0.000326325448,0,-1.40406704,-11.4204836,9.02337646,-1.30603361,-7.60480452,358.945831,0,1,0,4,4,0
106,319,2,8327376,0,0,14,0,255,0,0,0,0,0,5350,50,2.5,0,0,6,2753.00244,0.00505111599,0,-1.24336398,-14.447854,6.35293579,0.19679226,-6.42833233,358.267334,0,1,0,10,10,0
106,320,3,8327452,0,0,9,0,255,0,0,0,0,0,5350,50,2.5,0,0,6,2755.94995,0.00163116201,0,-1.38639092,-12.182971,4.51210022,-0.880006731,-5.39319515,358.870239,0,1,0,8,8,0
107,321,1,8327300,0,0,9,0,255,0,0,0,0,0,5400,50,2.5,0,0,6,2775.6936,-0.000328627619,0,-1.40189302,-11.5464153,9.3692627,-1.31167293,-7.73318624,358.905792,0,1,0,4,4,0
107,322,2,8327376,0,0,0,0,255,0,0,0,0,0,5400,50,2.5,0,0,6,2771.99487,0.0169014484,0,-1.29250264,-13.9254818,6.59671021,0.170002788,-6.55383873,359.441772,0,1,0,9,9,0
107,323,3,8327452,0,0,9,0,255,0,0,0,0,0,5400,50,2.5,0,0,6,2774.9292,0.00739203393,0,-1.38166022,-12.3291702,4.7615509,-0.892287076,-5.52107668,358.802307,0,1,0,8,8,0
108,324,1,8327300,0,0,0,0,255,0,0,0,0,0,5450,50,2.5,0,0,6,2794.31934,0.00198533083,0,-1.40992332,-10.946209,9.7805481,-1.31729805,-7.86243153,359.356781,0,1,0,3,3,0
108,325,2,8327376,0,0,0,0,255,0,0,0,0,0,5450,50,2.5,0,0,6,2790.68701,0.0353578851,0,-1.28455317,-14.0196037,6.82229614,0.143159717,-6.68021822,359.237549,0,1,0,9,9,0
108,326,3,8327452,0,0,0,0,255,0,0,0,0,0,5450,50,2.5,0,0,6,2793.57227,0.0152166774,0,-1.39814973,-11.7332401,4.98179626,-0.90454483,-5.64982748,359.415558,0,1,0,7,7,0
109,327,1,8327300,0,0,0,0,255,0,0,0,0,0,5500,50,2.5,0,0,6,2812.6333,0.00732839387,0,-1.40871906,-11.0713491,10.1491241,-1.32289517,-7.99252653,359.244537,0,1,0,3,3,0
109,328,2,8327376,0,0,8,0,255,0,0,0,0,0,5500,50,2.5,0,0,6,2809.04297,0.0319368765,0,-1.27345717,-14.1440849,7.13302612,0.116244942,-6.80745173,358.963867,0,1,0,9,9,0
109,329,3,8327452,0,0,0,0,255,0,0,0,0,0,5500,50,2.5,0,0,6,2811.90625,0.0236444026,0,-1.3952322,-11.8603745,5.20420837,-0.916778862,-5.77943277,359.298615,0,1,0,7,7,0
110,330,1,8327300,0,0,0,0,255,0,0,0,0,0,5550,50,2.5,0,0,6,2830.61816,0.00787936244,0,-1.40749896,-11.1784573,10.477417,-1.32844603,-8.12345695,359.140778,0,1,0,3,3,0
110,331,2,8327376,0,0,10,0,255,0,0,0,0,0,5550,50,2.5,0,0,6,2827.05811,0.0222684573,0,-1.26381433,-14.2464161,7.40020752,0.0892620012,-6.93552303,358.799805,0,1,0,9,9,0
110,332,3,8327452,0,0,0,0,255,0,0,0,0,0,5550,50,2.5,0,0,6,2829.89795,0.0226263609,0,-1.39197087,-11.9886351,5.43528748,-0.928997517,-5.90987635,359.176697,0,1,0,7,7,0
111,333,1,8327300,0,0,0,0,255,0,0,0,0,0,5600,50,2.5,0,0,6,2848.27954,0.00590512948,0,-1.40583706,-11.3040943,10.8792419,-1.33393788,-8.25520802,359.019379,0,1,0,3,3,0
111,334,2,8327376,0,0,11,0,255,0,0,0,0,0,5600,50,2.5,0,0,6,2844.74219,0.0244333409,0,-1.25483847,-14.3372784,7.64712524,0.0622339509,-7.06442165,358.674469,0,1,0,9,9,0
111,335,3,8327452,0,0,0,0,255,0,0,0,0,0,5600,50,2.5,0,0,6,2847.57178,0.0185542572,0,-1.38837337,-12.1170101,5.67367554,-0.941207945,-6.04114246,359.050659,0,1,0,7,7,0
112,336,1,8327300,0,0,9,0,255,0,0,0,0,0,5650,50,2.5,0,0,6,2865.62134,0.0037349551,0,-1.40356135,-11.4512339,11.3743439,-1.33937883,-8.38776493,358.878052,0,1,0,3,3,0
112,337,2,8327376,0,0,12,0,255,0,0,0,0,0,5650,50,2.5,0,0,6,2862.10205,0.0339119695,0,-1.24354815,-14.4461269,7.95567322,0.0351871252,-7.1941371,358.514893,0,1,0,9,9,0
112,338,3,8327452,0,0,9,0,255,0,0,0,0,0,5650,50,2.5,0,0,6,2864.92651,0.0145966513,0,-1.38503098,-12.2265167,5.88328552,-0.953451037,-6.17321253,358.938324,0,1,0,7,7,0
113,339,1,8327300,0,0,10,0,255,0,0,0,0,0,5700,50,2.5,0,0,6,2882.63037,0.00170804339,0,-1.40130448,-11.5779905,11.8235016,-1.34481752,-8.52111053,358.822357,0,1,0,3,3,0
113,340,2,8327376,0,0,14,0,255,0,0,0,0,0,5700,50,2.5,0,0,6,2879.13965,0.0464017242,0,-1.23086059,-14.5619135,8.30076599,0.00814810209,-7.32465982,358.344086,0,1,0,9,9,0
113,341,3,8327452,0,0,9,0,255,0,0,0,0,0,5700,50,2.5,0,0,6,2881.94824,0.012465694,0,-1.38068676,-12.3575506,6.14234924,-0.965669096,-6.30607653,358.869385,0,1,0,7,7,0
114,342,1,8327300,0,0,10,0,255,0,0,0,0,0,5750,50,2.5,0,0,6,2899.3208,0.0044672722,0,-1.39910626,-11.6883869,16.6855927,-1.3502152,-8.65523052,358.782623,0,1,0,3,3,0
114,343,2,8327376,0,0,15,0,255,0,0,0,0,0,5750,50,2.5,0,0,6,2895.85645,0.0607499741,0,-1.21886444,-14.6656742,8.62617493,-0.0188541356,-7.4559803,358.21283,0,1,0,9,9,0
114,344,3,8327452,0,0,10,0,255,0,0,0,0,0,5750,50,2.5,0,0,6,2898.65015,0.0204415228,0,-1.37620926,-12.4817276,6.3963623,-0.97783792,-6.43972111,358.80426,0,1,0,7,7,0
115,345,1,8327300,0,0,11,0,255,0,0,0,0,0,5800,50,2.5,0,0,6,2915.69385,0.0129609741,0,-1.39624667,-11.817667,17.0070648,-1.35553813,-8.7901125,358.724976,0,1,0,3,3,0
115,346,2,8327376,0,0,0,0,255,0,0,0,0,0,5800,50,2.5,0,0,6,2912.25757,0.0800894126,0,-1.2733103,-14.1456842,8.91308594,-0.0457883328,-7.58808947,359.508636,0,1,0,8,8,0
115,347,3,8327452,0,0,11,0,255,0,0,0,0,0,5800,50,2.5,0,0,6,2915.02832,0.0300625041,0,-1.3705982,-12.6247396,6.7006073,-0.989935517,-6.5741334,358.727386,0,1,0,7,7,0
116,348,1,8327300,0,0,11,0,255,0,0,0,0,0,5850,50,2.5,0,0,6,2931.75537,0.0239828676,0,-1.39266324,-11.962451,17.3691559,-1.36075687,-8.92574215,358.661591,0,1,0,3,3,0
116,349,2,8327376,0,0,0,0,255,0,0,0,0,0,5850,50,2.5,0,0,6,2928.38892,0.102241024,0,-1.26292813,-14.2555714,9.26655579,-0.0726595819,-7.72097301,359.287079,0,1,0,8,8,0
116,350,3,8327452,0,0,0,0,255,0,0,0,0,0,5850,50,2.5,0,0,6,2931.09619,0.0399623215,0,-1.39064598,-12.0373392,6.97467041,-1.0019387,-6.70930099,359.40509,0,1,0,6,6,0
117,351,1,8327300,0,0,12,0,255,0,0,0,0,0,5900,50,2.5,0,0,6,2947.5105,0.0370462015,0,-1.38918376,-12.0891304,17.6880493,-1.36584485,-9.06210709,358.606354,0,1,0,3,3,0
117,352,2,8327376,0,0,0,0,255,0,0,0,0,0,5900,50,2.5,0,0,6,2944.20728,0.0991418883,0,-1.25206363,-14.3645725,9.63546753,-0.0994794369,-7.85461426,359.058075,0,1,0,8,8,0
117,353,3,8327452,0,0,0,0,255,0,0,0,0,0,5900,50,2.5,0,0,6,2946.89185,0.0520626716,0,-1.38739932,-12.1498013,7.22387695,-1.01385128,-6.84521055,359.304596,0,1,0,6,6,0
118,354,1,8327300,0,0,0,0,255,0,0,0,0,0,5950,50,2.5,0,0,6,2962.96118,0.0500703156,0,-1.40294302,-11.4875641,18.0094604,-1.37077808,-9.199193,359.084412,0,1,0,2,2,0
118,355,2,8327376,0,0,10,0,255,0,0,0,0,0,5950,50,2.5,0,0,6,2959.73047,0.0844099373,0,-1.24098039,-14.4700947,10.0119629,-0.126258135,-7.98899698,358.827576,0,1,0,8,8,0
118,356,3,8327452,0,0,0,0,255,0,0,0,0,0,5950,50,2.5,0,0,6,2962.38306,0.0514649935,0,-1.38321233,-12.2827883,7.52998352,-1.02568126,-6.98184729,359.176208,0,1,0,6,6,0
119,357,1,8327300,0,0,9,0,255,0,0,0,0,0,6000,50,2.5,0,0,6,2978.1499,0.0649911016,0,-1.40084743,-11.6018867,18.2918701,-1.37556243,-9.3369875,358.971191,0,1,0,2,2,0
119,358,2,8327376,0,0,12,0,255,0,0,0,0,0,6000,50,2.5,0,0,6,2974.93066,0.0730352625,0,-1.22902477,-14.5781384,10.4186096,-0.15298295,-8.12410831,358.629395,0,1,0,8,8,0
119,359,3,8327452,0,0,0,0,255,0,0,0,0,0,6000,50,2.5,0,0,6,2977.58081,0.0444960892,0,-1.37875724,-12.4122906,7.84065247,-1.03743601,-7.11919689,359.045685,0,1,0,6,6,0
120,360,1,8327300,0,0,10,0,255,0,0,0,0,0,6050,50,2.5,0,0,6,2993.01172,0.064614214,0,-1.39777684,-11.7502565,18.6601715,-1.38018596,-9.47547626,358.860535,0,1,0,2,2,0
120,361,2,8327376,0,0,14,0,255,0,0,0,0,0,6050,50,2.5,0,0,6,2989.84058,0.0730557069,0,-1.2153374,-14.6952009,10.8865204,-0.179637745,-8.25993633,358.421265,0,1,0,8,8,0
120,362,3,8327452,0,0,9,0,255,0,0,0,0,0,6050,50,2.5,0,0,6,2992.48755,0.0392225608,0,-1.37345552,-12.5534945,8.19508362,-1.04912245,-7.25724506,358.896362,0,1,0,6,6,0
121,363,1,8327300,0,0,13,0,255,0,0,0,0,0,6100,50,2.5,0,0,6,3007.58643,0.0644014627,0,-1.3951087,-11.8654766,23.6638031,-1.38463926,-9.61464596,358.779419,0,1,0,2,2,0
121,364,2,8327376,0,0,15,0,255,0,0,0,0,0,6100,50,2.5,0,0,6,3004.45728,0.0844707713,0,-1.20228672,-14.8008795,11.3354797,-0.206199199,-8.39647198,358.252502,0,1,0,8,8,0
121,365,3,8327452,0,0,10,0,255,0,0,0,0,0,6100,50,2.5,0,0,6,3007.07983,0.0338895693,0,-1.36892033,-12.6651735,8.48809814,-1.06072664,-7.39597797,358.825348,0,1,0,6,6,0
122,366,1,8327300,0,0,14,0,255,0,0,0,0,0,6150,50,2.5,0,0,6,3021.87085,0.0706308484,0,-1.39132142,-12.0127268,24.0712128,-1.38890505,-9.75448227,358.698303,0,1,0,2,2,0
122,367,2,8327376,0,0,17,0,255,0,0,0,0,0,6150,50,2.5,0,0,6,3018.78442,0.102075376,0,-1.19054532,-14.8914604,11.7424164,-0.232640326,-8.53370667,358.123352,0,1,0,8,8,0
122,368,3,8327452,0,0,11,0,255,0,0,0,0,0,6150,50,2.5,0,0,6,3021.38818,0.0383564867,0,-1.36270452,-12.8070154,8.87760925,-1.07222915,-7.53538418,358.727295,0,1,0,6,6,0
123,369,1,8327300,0,0,15,0,255,0,0,0,0,0,6200,50,2.5,0,0,6,3044.75732,0.0853757113,0,-1.38747334,-12.1473389,24.445816,-1.39296305,-9.89538479,358.630951,0,1,0,2,2,0
123,370,2,8327376,0,0,18,0,255,0,0,0,0,0,6200,50,2.5,0,0,6,3041.7063,0.1232545,0,-1.17651069,-14.9946423,16.6855927,-0.258999527,-8.67203712,357.974365,0,1,0,8,8,0
123,371,3,8327452,0,0,12,0,255,0,0,0,0,0,6200,50,2.5,0,0,6,3044.29834,0.0486239679,0,-1.35745764,-12.9182539,9.19772339,-1.08363652,-7.67586231,358.668335,0,1,0,6,6,0
124,372,1,8327300,0,0,16,0,255,0,0,0,0,0,6250,50,2.5,0,0,6,3067.1853,0.102718629,0,-1.38389564,-12.2618942,24.7652588,-1.39678764,-10.0373325,358.581757,0,1,0,2,2,0
124,373,2,8327376,0,0,0,0,255,0,0,0,0,0,6250,50,2.5,0,0,6,3064.16797,0.148847148,0,-1.23590446,-14.5166645,17.019928,-0.285242826,-8.81144714,359.349548,0,1,0,7,7,0
124,374,3,8327452,0,0,12,0,255,0,0,0,0,0,6250,50,2.5,0,0,6,3066.75146,0.0598799251,0,-1.3509438,-13.0472679,9.5869751,-1.09492576,-7.81739235,358.59549,0,1,0,6,6,0
125,375,1,8327300,0,0,20,0,255,0,0,0,0,0,6300,50,2.5,0,0,6,3089.15796,0.123036847,0,-1.37934947,-12.3956947,30.3497314,-1.40035236,-10.1803045,358.523346,0,1,0,2,2,0
125,376,2,8327376,0,0,0,0,255,0,0,0,0,0,6300,50,2.5,0,0,6,3086.22949,0.17825532,0,-1.22199333,-14.6391144,17.391983,-0.311385989,-8.95191479,359.081787,0,1,0,7,7,0
125,377,3,8327452,0,0,13,0,255,0,0,0,0,0,6300,50,2.5,0,0,6,3088.75391,0.0732998475,0,-1.34398127,-13.1757069,9.99488831,-1.10607493,-7.95995522,358.519073,0,1,0,6,6,0
126,378,1,8327300,0,0,14,0,255,0,0,0,0,0,6350,50,2.5,0,0,6,3110.67188,0.145277128,0,-1.39593434,-11.8309727,30.8173981,-1.40362227,-10.3242798,358.965057,0,1,0,1,1,0
126,379,2,8327376,0,0,10,0,255,0,0,0,0,0,6350,50,2.5,0,0,6,3107.83521,0.179906636,0,-1.21068728,-14.7334909,17.6828308,-0.337432861,-9.09341812,358.875854,0,1,0,7,7,0
126,380,3,8327452,0,0,0,0,255,0,0,0,0,0,6350,50,2.5,0,0,6,3110.30786,0.0856084004,0,-1.37062931,-12.6239834,10.45401,-1.11706293,-8.10353088,359.242065,0,1,0,5,5,0
127,381,1,8327300,0,0,16,0,255,0,0,0,0,0,6400,50,2.5,0,0,6,3131.75928,0.182629332,0,-1.39247298,-11.969698,31.2281494,-1.40657461,-10.4692373,358.85257,0,1,0,1,1,0
127,382,2,8327376,0,0,12,0,255,0,0,0,0,0,6400,50,2.5,0,0,6,3128.97241,0.165976301,0,-1.19671929,-14.8443375,18.0289001,-0.363363177,-9.23593712,358.621826,0,1,0,7,7,0
127,383,3,8327452,0,0,0,0,255,0,0,0,0,0,6400,50,2.5,0,0,6,3131.46313,0.0999245569,0,-1.36568201,-12.7405548,10.8493652,-1.12790489,-8.24810028,359.133392,0,1,0,5,5,0
128,384,1,8327300,0,0,18,0,255,0,0,0,0,0,6450,50,2.5,0,0,6,3152.39697,0.195254102,0,-1.38919199,-12.0888433,31.5801849,-1.40919948,-10.6151571,358.76593,0,1,0,1,1,0
128,385,2,8327376,0,0,15,0,255,0,0,0,0,0,6450,50,2.5,0,0,6,3149.68066,0.149574026,0,-1.18034697,-14.9669628,18.4172058,-0.389176339,-9.37945271,358.343872,0,1,0,7,7,0
128,386,3,8327452,0,0,9,0,255,0,0,0,0,0,6450,50,2.5,0,0,6,3152.17822,0.100604214,0,-1.35971844,-12.871191,11.315918,-1.13860488,-8.39364147,358.998169,0,1,0,5,5,0
129,387,1,8327300,0,0,23,0,255,0,0,0,0,0,6500,50,2.5,0,0,6,3172.60229,0.20480828,0,-1.38449621,-12.2432899,37.6405792,-1.4114778,-10.7620182,358.671997,0,1,0,1,1,0
129,388,2,8327376,0,0,17,0,255,0,0,0,0,0,6500,50,2.5,0,0,6,3169.95898,0.146433771,0,-1.16722512,-15.0600948,18.7172241,-0.414857775,-9.52394485,358.16687,0,1,0,7,7,0
129,389,3,8327452,0,0,10,0,255,0,0,0,0,0,6500,50,2.5,0,0,6,3172.43604,0.0930028111,0,-1.35228252,-13.0215015,11.8865814,-1.14914417,-8.54013538,358.852356,0,1,0,5,5,0
130,390,1,8327300,0,0,24,0,255,0,0,0,0,0,6550,50,2.5,0,0,6,3192.36694,0.225031182,0,-1.38020134,-12.3715076,38.0412598,-1.41337514,-10.9097996,358.634949,0,1,0,1,1,0
130,391,2,8327376,0,0,23,0,255,0,0,0,0,0,6550,50,2.5,0,0,6,3189.81104,0.158713192,0,-1.14965189,-15.1783371,23.8372803,-0.440381676,-9.66939831,357.926392,0,1,0,7,7,0
130,392,3,8327452,0,0,11,0,255,0,0,0,0,0,6550,50,2.5,0,0,6,3192.27393,0.0886841118,0,-1.34626722,-13.1345196,16.756012,-1.159518,-8.68756104,358.757111,0,1,0,5,5,0
131,393,1,8327300,0,0,26,0,255,0,0,0,0,0,6600,50,2.5,0,0,6,3211.70581,0.271909982,0,-1.37515259,-12.5096531,38.4711304,-1.41484785,-11.0584803,358.59729,0,1,0,1,1,0
131,394,2,8327376,0,0,26,0,255,0,0,0,0,0,6600,50,2.5,0,0,6,3209.2251,0.181571811,0,-1.13285208,-15.2850685,24.2288513,-0.465705425,-9.81579876,357.76416,0,1,0,7,7,0
131,395,3,8327452,0,0,13,0,255,0,0,0,0,0,6600,50,2.5,0,0,6,3211.69482,0.0905705914,0,-1.33873749,-13.2668686,17.1105804,-1.16971648,-8.83590031,358.641907,0,1,0,5,5,0
132,396,1,8327300,0,0,31,0,255,0,0,0,0,0,6650,50,2.5,0,0,6,3230.61084,0.328115463,0,-1.36896169,-12.6641922,44.7571259,-1.41585231,-11.2080393,358.567932,0,1,0,1,1,0
132,397,2,8327376,0,0,0,0,255,0,0,0,0,0,6650,50,2.5,0,0,6,3228.21143,0.232984796,0,-1.19842672,-14.83111,24.6132507,-0.490770489,-9.96313477,359.328827,0,1,0,6,6,0
132,398,3,8327452,0,0,14,0,255,0,0,0,0,0,6650,50,2.5,0,0,6,3230.69995,0.0960988253,0,-1.32987714,-13.411541,17.5024719,-1.17972302,-8.98513508,358.524353,0,1,0,5,5,0
133,399,1,8327300,0,0,31,0,255,0,0,0,0,0,6700,50,2.5,0,0,6,3249.07593,0.391665846,0,-1.36274242,-12.8061857,45.2067413,-1.41633391,-11.3584557,358.588196,0,1,0,1,1,0
133,400,2,8327376,0,0,0,0,255,0,0,0,0,0,6700,50,2.5,0,0,6,3246.8584,0.306711733,0,-1.18534744,-14.9302979,24.9579926,-0.515587211,-10.1113863,359.10434,0,1,0,6,6,0
133,401,3,8327452,0,0,15,0,255,0,0,0,0,0,6700,50,2.5,0,0,6,3249.29565,0.10879907,0,-1.32136023,-13.5410223,17.8574982,-1.18951571,-9.13524628,358.429199,0,1,0,5,5,0
134,402,1,8327300,0,0,35,0,255,0,0,0,0,0,6750,50,2.5,0,0,6,3267.12231,0.486280292,0,-1.35682249,-12.9312534,51.4169006,-1.4162358,-11.5097075,358.610809,0,1,0,1,1,0
134,403,2,8327376,0,0,17,0,255,0,0,0,0,0,6750,50,2.5,0,0,6,3265.0769,0.324546188,0,-1.16995156,-15.0410976,30.575119,-0.540157914,-10.2605343,358.82193,0,1,0,6,6,0
134,404,3,8327452,0,0,16,0,255,0,0,0,0,0,6750,50,2.5,0,0,6,3267.48657,0.125500172,0,-1.31356597,-13.652422,18.1653595,-1.19907093,-9.28621674,358.360413,0,1,0,5,5,0
135,405,1,8327300,0,0,34,0,255,0,0,0,0,0,6800,50,2.5,0,0,6,3284.72559,0.58284384,0,-1.34860587,-13.0914078,51.9110489,-1.41550052,-11.6617708,358.659149,0,1,0,1,1,0
135,406,2,8327376,0,0,22,0,255,0,0,0,0,0,6800,50,2.5,0,0,6,3282.85449,0.306711257,0,-1.15133548,-15.1673117,31.0616455,-0.56444633,-10.4105625,358.512878,0,1,0,6,6,0
135,407,3,8327452,0,0,0,0,255,0,0,0,0,0,6800,50,2.5,0,0,6,3285.27612,0.145289004,0,-1.34627712,-13.1343403,18.5756073,-1.20836353,-9.43802834,359.147766,0,1,0,4,4,0
136,408,1,8327300,0,0,37,0,255,0,0,0,0,0,6850,50,2.5,0,0,6,3301.9209,0.701105714,0,-1.34167767,-13.216301,57.9430618,-1.41407371,-11.8146238,358.705994,0,1,0,1,1,0
136,409,2,8327376,0,0,25,0,255,0,0,0,0,0,6850,50,2.5,0,0,6,3300.24268,0.298988909,0,-1.13659155,-15.2618122,31.4313202,-0.588430703,-10.5614548,358.341064,0,1,0,6,6,0
136,410,3,8327452,0,0,0,0,255,0,0,0,0,0,6850,50,2.5,0,0,6,3302.72534,0.16781579,0,-1.3397193,-13.2501364,23.5972748,-1.21741331,-9.59066296,359.028503,0,1,0,4,4,0
137,411,1,8327300,0,0,35,0,255,0,0,0,0,0,6900,50,2.5,0,0,6,3318.68262,0.808297932,0,-1.33204699,-13.3771143,58.4034271,-1.41190469,-11.9682436,358.771637,0,1,0,1,1,0
137,412,2,8327376,0,0,34,0,255,0,0,0,0,0,6900,50,2.5,0,0,6,3317.23901,0.331849426,0,-1.11844921,-15.3721008,37.4626617,-0.612070918,-10.7131977,358.130981,0,1,0,6,6,0
137,413,3,8327452,0,0,13,0,255,0,0,0,0,0,6900,50,2.5,0,0,6,3319.78076,0.175006554,0,-1.33053517,-13.4011669,24.0488434,-1.22621977,-9.74410343,358.844696,0,1,0,4,4,0
138,414,1,8327300,0,0,38,0,255,0,0,0,0,0,6950,50,2.5,0,0,6,3335.05542,0.92633909,0,-1.32411265,-13.5001135,64.7146072,-1.40894949,-12.1226072,358.825623,0,1,0,1,1,0
138,415,2,8327376,0,0,38,0,255,0,0,0,0,0,6950,50,2.5,0,0,6,3333.81494,0.389711738,0,-1.09709656,-15.4942169,37.9776154,-0.635302544,-10.8657799,357.950073,0,1,0,6,6,0
138,416,3,8327452,0,0,15,0,255,0,0,0,0,0,6950,50,2.5,0,0,6,3336.41943,0.168786824,0,-1.32191515,-13.5328445,24.445816,-1.23475254,-9.89833069,358.708679,0,1,0,4,4,0
139,417,1,8327300,0,0,36,0,255,0,0,0,0,0,7000,50,2.5,0,0,6,3351.00806,1.01857328,0,-1.31316948,-13.6579218,65.5852051,-1.40516841,-12.2776909,358.89917,0,1,0,1,1,0
139,418,2,8327376,0,0,41,0,255,0,0,0,0,0,7000,50,2.5,0,0,6,3349.98218,0.511680424,0,-1.07715786,-15.6014595,38.4380035,-0.658038437,-11.0191917,357.841095,0,1,0,6,6,0
139,419,3,8327452,0,0,17,0,255,0,0,0,0,0,7000,50,2.5,0,0,6,3352.68945,0.167445257,0,-1.31234825,-13.6692715,24.8605804,-1.24299872,-10.0533276,358.576782,0,1,0,4,4,0
140,420,1,8327300,0,0,39,0,255,0,0,0,0,0,7050,50,2.5,0,0,6,3366.59204,1.12131596,0,-1.30241024,-13.8016739,74.1411743,-1.40052593,-12.4334717,358.954437,0,1,0,1,1,0
140,421,2,8327376,0,0,0,0,255,0,0,0,0,0,7050,50,2.5,0,0,6,3365.72729,0.681089699,0,-1.15176117,-15.1645126,44.6338043,-0.680188954,-11.1734238,359.744995,0,1,0,5,5,0
140,422,3,8327452,0,0,23,0,255,0,0,0,0,0,7050,50,2.5,0,0,6,3368.59009,0.180251956,0,-1.30365241,-13.7855968,30.4333038,-1.25093675,-10.2090778,358.484772,0,1,0,4,4,0
141,423,1,8327300,0,0,0,0,255,0,0,0,0,0,7100,50,2.5,0,0,6,3381.77148,1.19897056,0,-1.29217577,-13.9294415,74.6336517,-1.39498949,-12.5899258,359.039307,0,1,0,1,1,0
141,424,2,8327376,0,0,0,0,255,0,0,0,0,0,7100,50,2.5,0,0,6,3381.22925,0.877481163,0,-1.13354409,-15.2807856,45.1057129,-0.701769352,-11.3284578,359.452972,0,1,0,5,5,0
141,425,3,8327452,0,0,24,0,255,0,0,0,0,0,7100,50,2.5,0,0,6,3384.11157,0.203193024,0,-1.29311669,-13.9180279,30.8760071,-1.25852704,-10.3655643,358.417694,0,1,0,4,4,0
142,426,1,8327300,0,0,0,0,255,0,0,0,0,0,7150,50,2.5,0,0,6,3396.78467,1.28984189,0,-1.2784884,-14.0885859,81.4270401,-1.3886236,-12.7470407,359.034698,0,1,0,1,1,0
142,427,2,8327376,0,0,0,0,255,0,0,0,0,0,7150,50,2.5,0,0,6,3396.3042,0.913970172,0,-1.11242127,-15.4073811,51.4366989,-0.722791553,-11.484273,359.088318,0,1,0,5,5,0
142,428,3,8327452,0,0,26,0,255,0,0,0,0,0,7150,50,2.5,0,0,6,3399.27124,0.257380396,0,-1.28045118,-14.066515,31.3771667,-1.26571786,-10.5227718,358.327118,0,1,0,4,4,0
143,429,1,8327300,0,0,0,0,255,0,0,0,0,0,7200,50,2.5,0,0,6,3411.39233,1.3654182,0,-1.26710069,-14.2121172,81.7782364,-1.38141906,-12.9047966,359.010254,0,1,0,1,1,0
143,430,2,8327376,0,0,33,0,255,0,0,0,0,0,7200,50,2.5,0,0,6,3411.05273,0.854075372,0,-1.09219205,-15.5211792,51.8939133,-0.743271649,-11.6408501,358.739868,0,1,0,5,5,0
143,431,3,8327452,0,0,32,0,255,0,0,0,0,0,7200,50,2.5,0,0,6,3414.0603,0.322761476,0,-1.26986372,-14.1828232,37.3620605,-1.27245891,-10.6806841,358.294617,0,1,0,4,4,0
144,432,1,8327300,0,0,44,0,255,0,0,0,0,0,7250,50,2.5,0,0,6,3425.66162,1.35298991,0,-1.25269675,-14.3583775,82.1796417,-1.37337852,-13.0631733,358.946075,0,1,0,1,1,0
144,433,2,8327376,0,0,42,0,255,0,0,0,0,0,7250,50,2.5,0,0,6,3425.37134,0.789063931,0,-1.07366002,-15.6196442,57.9430618,-0.763152599,-11.7981739,358.56189,0,1,0,5,5,0
144,434,3,8327452,0,0,0,0,255,0,0,0,0,0,7250,50,2.5,0,0,6,3428.46826,0.396406025,0,-1.31068563,-13.6920433,37.8819122,-1.27868783,-10.8392839,359.285126,0,1,0,3,3,0
145,435,1,8327300,0,0,0,0,255,0,0,0,0,0,7300,50,2.5,0,0,6,3439.42749,1.3084197,0,-1.23656964,-14.510622,87.9453735,-1.36441827,-13.2221413,359.022675,0,1,0,1,1,0
145,436,2,8327376,0,0,49,0,255,0,0,0,0,0,7300,50,2.5,0,0,6,3439.34766,0.829126418,0,-1.04961872,-15.7399101,58.4034271,-0.782369137,-11.9562311,358.357666,0,1,0,5,5,0
145,437,3,8327452,0,0,0,0,255,0,0,0,0,0,7300,50,2.5,0,0,6,3442.63184,0.509451091,0,-1.30133557,-13.8154774,38.3036804,-1.28441823,-10.9985571,359.153381,0,1,0,3,3,0
146,438,1,8327300,0,0,49,0,255,0,0,0,0,0,7350,50,2.5,0,0,6,3453.10229,1.41187537,0,-1.22030818,-14.6534615,88.2660522,-1.35457194,-13.3816872,358.929047,0,1,0,1,1,0
146,439,2,8327376,0,0,57,0,255,0,0,0,0,0,7350,50,2.5,0,0,6,3452.92651,1.0118854,0,-1.02887785,-15.837492,64.7642441,-0.800824881,-12.1150103,358.290924,0,1,0,5,5,0
146,440,3,8327452,0,0,23,0,255,0,0,0,0,0,7350,50,2.5,0,0,6,3456.42334,0.538026154,0,-1.29015195,-13.9537745,44.5791473,-1.28965795,-11.1584864,358.97525,0,1,0,3,3,0
147,441,1,8327300,0,0,0,0,255,0,0,0,0,0,7400,50,2.5,0,0,6,3466.15698,1.44321644,0,-1.20474923,-14.7813559,88.5444336,-1.34375191,-13.5417786,359.024994,0,1,0,1,1,0
147,442,2,8327376,0,0,62,0,255,0,0,0,0,0,7400,50,2.5,0,0,6,3466.06763,1.29269552,0,-1.00167096,-15.9595604,65.677536,-0.818402529,-12.274498,358.176331,0,1,0,5,5,0
147,443,3,8327452,0,0,27,0,255,0,0,0,0,0,7400,50,2.5,0,0,6,3469.83276,0.50783658,0,-1.2770896,-14.1041679,45.1058197,-1.2943635,-11.3190536,358.829285,0,1,0,3,3,0
148,444,1,8327300,0,0,54,0,255,0,0,0,0,0,7450,50,2.5,0,0,6,3479.17676,1.59494472,0,-1.1843648,-14.9375563,94.0593262,-1.33198297,-13.7024021,358.882721,0,1,0,1,1,0
148,445,2,8327376,0,0,143,0,255,0,0,0,0,0,7450,50,2.5,0,0,6,3478.76465,1.68704438,0,-0.860937357,-16.5225582,74.1673279,-0.834972143,-12.43468,356.284882,0,1,0,6,6,0
148,446,3,8327452,0,0,34,0,255,0,0,0,0,0,7450,50,2.5,0,0,6,3482.93188,0.510220349,0,-1.26430619,-14.2413197,51.3998718,-1.29850805,-11.4802427,358.732666,0,1,0,3,3,0
149,447,1,8327300,0,0,50,0,255,0,0,0,0,0,7500,50,2.5,0,0,6,3491.52441,1.63266408,0,-1.16674793,-15.0634022,94.322876,-1.31917512,-13.8635235,358.973633,0,1,0,1,1,0
149,448,2,8327376,0,0,116,0,255,0,0,0,0,0,7500,50,2.5,0,0,6,3490.04126,2.16473961,0,-0.832543492,-16.6246929,74.7236938,-0.850238621,-12.5955153,357.034149,0,1,0,6,6,0
149,449,3,8327452,0,0,35,0,255,0,0,0,0,0,7500,50,2.5,0,0,6,3495.68481,0.565499425,0,-1.25078881,-14.3769913,51.8637695,-1.30203998,-11.6420364,358.693329,0,1,0,3,3,0
150,450,1,8327300,0,0,51,0,255,0,0,0,0,0,7550,50,2.5,0,0,6,3503.66016,1.8332504,0,-1.14340794,-15.2186918,94.6368866,-1.30524433,-14.0251112,358.969086,0,1,0,1,1,0
150,451,2,8327376,0,0,106,0,255,0,0,0,0,0,7550,50,2.5,0,0,6,3501.17871,4.31688643,0,-0.802845776,-16.7280807,81.46064,-0.86381489,-12.7569914,357.513306,0,1,0,6,6,0
150,452,3,8327452,0,0,41,0,255,0,0,0,0,0,7550,50,2.5,0,0,6,3508.11108,0.684876204,0,-1.23654032,-14.5108891,57.9734039,-1.30489373,-11.8044176,358.654205,0,1,0,3,3,0
151,453,1,8327300,0,0,51,0,255,0,0,0,0,0,7600,50,2.5,0,0,6,3515.39624,2.09878588,0,-1.12325883,-15.3434753,94.8804016,-1.29013216,-14.1871367,358.965668,0,1,0,1,1,0
151,454,2,8327376,0,0,91,0,255,0,0,0,0,0,7600,50,2.5,0,0,6,3511.42773,6.47366428,0,-0.771873176,-16.8324203,81.8823853,-0.875470698,-12.9190731,357.888184,0,1,0,6,6,0
151,455,3,8327452,0,0,41,0,255,0,0,0,0,0,7600,50,2.5,0,0,6,3520.16919,0.821761906,0,-1.22133899,-14.6446972,58.4034271,-1.30699837,-11.9673672,358.65976,0,1,0,3,3,0
152,456,1,8327300,0,0,59,0,255,0,0,0,0,0,7650,50,2.5,0,0,6,3526.78369,2.3220551,0,-1.09722388,-15.4935122,100.844727,-1.2737875,-14.3495693,358.890045,0,1,0,1,1,0
152,457,2,8327376,0,0,89,0,255,0,0,0,0,0,7650,50,2.5,0,0,6,3521.09253,8.07134533,0,-0.736695409,-16.9469147,87.712677,-0.885064483,-13.0817213,358.07489,0,1,0,6,6,0
152,458,3,8327452,0,0,0,0,255,0,0,0,0,0,7650,50,2.5,0,0,6,3531.89722,1.00880706,0,-1.27068877,-14.1739931,64.8792419,-1.30827832,-12.1308661,359.82959,0,1,0,2,2,0
153,459,1,8327300,0,0,61,0,255,0,0,0,0,0,7700,50,2.5,0,0,6,3537.77002,2.51960921,0,-1.07146704,-15.6309528,101.165527,-1.25615239,-14.5123777,358.851929,0,1,0,1,1,0
153,460,2,8327376,0,0,78,0,255,0,0,0,0,0,7700,50,2.5,0,0,6,3530.14404,8.94459724,0,-0.70704484,-17.0403252,88.0171509,-0.892525077,-13.244894,358.324829,0,1,0,6,6,0
153,461,3,8327452,0,0,0,0,255,0,0,0,0,0,7700,50,2.5,0,0,6,3543.46118,1.19784451,0,-1.25851989,-14.300499,65.6158752,-1.30876541,-12.2949009,359.696014,0,1,0,2,2,0
154,462,1,8327300,0,0,65,0,255,0,0,0,0,0,7750,50,2.5,0,0,6,3548.41553,2.82963133,0,-1.04558682,-15.7593079,101.45639,-1.23715103,-14.6755247,358.785767,0,1,0,1,1,0
154,463,2,8327376,0,0,76,0,255,0,0,0,0,0,7750,50,2.5,0,0,6,3538.94556,9.46963596,0,-0.669233739,-17.1556263,88.3822021,-0.897811532,-13.4085531,358.376282,0,1,0,6,6,0
154,464,3,8327452,0,0,0,0,255,0,0,0,0,0,7750,50,2.5,0,0,6,3554.66992,1.23513699,0,-1.24416828,-14.4402971,74.180336,-1.30847287,-12.4594555,359.503052,0,1,0,2,2,0
155,465,1,8327300,0,0,72,0,255,0,0,0,0,0,7800,50,2.5,0,0,6,3558.66016,3.19008541,0,-1.0138725,-15.9054365,101.779434,-1.21670794,-14.8389711,358.661224,0,1,0,1,1,0
155,466,2,8327376,0,0,71,0,255,0,0,0,0,0,7800,50,2.5,0,0,6,3547.41895,9.53395748,0,-0.637594402,-17.2490234,88.6589355,-0.900926232,-13.5726614,358.495483,0,1,0,6,6,0
155,467,3,8327452,0,0,0,0,255,0,0,0,0,0,7800,50,2.5,0,0,6,3565.62451,1.16827786,0,-1.22693145,-14.5964842,74.8162842,-1.30741978,-12.6245155,359.241241,0,1,0,2,2,0
156,468,1,8327300,0,0,82,0,255,0,0,0,0,0,7850,50,2.5,0,0,6,3568.47705,3.59870362,0,-0.982912958,-16.0408974,109.106018,-1.19473672,-15.0026741,358.585602,0,1,0,1,1,0
156,469,2,8327376,0,0,0,0,255,0,0,0,0,0,7850,50,2.5,0,0,6,3555.77295,9.38615036,0,-0.737601161,-16.9440174,94.184845,-0.901882648,-13.7371836,360,0.337524414,1,0,5,5,0
156,470,3,8327452,0,0,0,0,255,0,0,0,0,0,7850,50,2.5,0,0,6,3576.33618,1.08856726,0,-1.21200788,-14.7226887,81.4951553,-1.30562973,-12.7900658,359.007111,0,1,0,2,2,0
157,471,1,8327300,0,0,84,0,255,0,0,0,0,0,7900,50,2.5,0,0,6,3577.81323,4.13675976,0,-0.949728072,-16.1796188,109.54837,-1.17112851,-15.1665812,358.571564,0,1,0,1,1,0
157,472,2,8327376,0,0,0,0,255,0,0,0,0,0,7900,50,2.5,0,0,6,3564.6084,9.08123016,0,-0.703101933,-17.0525475,94.4785004,-0.900797367,-13.9021063,360,0.372245789,1,0,5,5,0
157,473,3,8327452,0,0,58,0,255,0,0,0,0,0,7900,50,2.5,0,0,6,3586.81152,1.00358665,0,-1.19244194,-14.8771038,81.9635849,-1.30312943,-12.9560928,358.671539,0,1,0,2,2,0
158,474,1,8327300,0,0,86,0,255,0,0,0,0,0,7950,50,2.5,0,0,6,3586.71899,4.90527487,0,-0.914213777,-16.3213959,109.986832,-1.14576232,-15.3306341,358.547119,0,1,0,1,1,0
158,475,2,8327376,0,0,0,0,255,0,0,0,0,0,7950,50,2.5,0,0,6,3573.05054,9.21024132,0,-0.665770471,-17.1659832,94.7670288,-0.897669792,-14.0673943,360,0.330284119,1,0,5,5,0
158,476,3,8327452,0,0,59,0,255,0,0,0,0,0,7950,50,2.5,0,0,6,3596.79932,0.91694802,0,-1.17539299,-15.002636,87.7173615,-1.29981518,-13.122571,358.736511,0,1,0,2,2,0
159,477,1,8327300,0,0,88,0,255,0,0,0,0,0,8000,50,2.5,0,0,6,3595.13501,5.73222017,0,-0.877100945,-16.4628925,110.40715,-1.11853087,-15.4947739,358.51947,0,1,0,1,1,0
159,478,2,8327376,0,0,0,0,255,0,0,0,0,0,8000,50,2.5,0,0,6,3581.3147,8.9809618,0,-0.630917609,-17.2683907,100.661819,-0.892522216,-14.233017,360,0.289413452,1,0,5,5,0
159,479,3,8327452,0,0,60,0,255,0,0,0,0,0,8000,50,2.5,0,0,6,3606.55737,1.23593497,0,-1.15347409,-15.1532173,88.094162,-1.29552495,-13.2894735,358.727417,0,1,0,2,2,0
160,480,1,8327300,0,0,98,0,255,0,0,0,0,0,8050,50,2.5,0,0,6,3603.07715,6.54324579,0,-0.837492704,-16.6071262,120.411072,-1.08933783,-15.6589422,358.487427,0,1,0,1,1,0
160,481,2,8327376,0,0,0,0,255,0,0,0,0,0,8050,50,2.5,0,0,6,3589.46094,8.58590794,0,-0.588265657,-17.3894348,101.025055,-0.885394335,-14.3989487,360,0.106422424,1,0,5,5,0
160,482,3,8327452,0,0,59,0,255,0,0,0,0,0,8050,50,2.5,0,0,6,3615.91724,1.73070395,0,-1.13407147,-15.2775154,88.3943634,-1.29012322,-13.4567719,358.759918,0,1,0,2,2,0
161,483,1,8327300,0,0,96,0,255,0,0,0,0,0,8100,50,2.5,0,0,6,3610.44312,7.34007168,0,-0.795057297,-16.7546425,121.041458,-1.0580858,-15.8230715,358.530518,0,1,0,1,1,0
161,484,2,8327376,0,0,0,0,255,0,0,0,0,0,8100,50,2.5,0,0,6,3597.53174,8.078269,0,-0.546350002,-17.5041199,101.352524,-0.87633872,-14.5651665,359.902435,0,1,0,5,5,0
161,485,3,8327452,0,0,64,0,255,0,0,0,0,0,8100,50,2.5,0,0,6,3624.9043,2.21603274,0,-1.11153364,-15.4125233,93.8890076,-1.28349948,-13.6244373,358.728333,0,1,0,2,2,0
162,486,1,8327300,0,0,96,0,255,0,0,0,0,0,8150,50,2.5,0,0,6,3617.42773,8.37856483,0,-0.751423478,-16.8994789,121.901138,-1.02466834,-15.987092,358.541687,0,1,0,1,1,0
162,487,2,8327376,0,0,0,0,255,0,0,0,0,0,8150,50,2.5,0,0,6,3605.55444,7.50267744,0,-0.50701344,-17.60816,101.639313,-0.865417421,-14.7316513,359.700165,0,1,0,5,5,0
162,488,3,8327452,0,0,0,0,255,0,0,0,0,0,8150,50,2.5,0,0,6,3633.48364,2.64350796,0,-1.17316139,-15.0184994,94.2304993,-1.27555692,-13.7924395,360,0.0585784912,1,0,1,1,0
163,489,1,8327300,0,0,128,0,255,0,0,0,0,0,8200,50,2.5,0,0,6,3623.9187,9.35383129,0,-0.560754418,-17.4651661,122.743088,-0.989005089,-16.150938,358.081421,0,1,0,2,2,0
163,490,2,8327376,0,0,0,0,255,0,0,0,0,0,8200,50,2.5,0,0,6,3613.54565,6.89338255,0,-0.457867354,-17.7335987,108.95723,-0.85269922,-14.898386,359.335663,0,1,0,5,5,0
163,491,3,8327452,0,0,0,0,255,0,0,0,0,0,8200,50,2.5,0,0,6,3642.1272,3.11106396,0,-1.15374684,-15.1514111,94.5023041,-1.26631951,-13.9607668,359.784698,0,1,0,1,1,0
164,492,1,8327300,0,0,113,0,255,0,0,0,0,0,8250,50,2.5,0,0,6,3629.40747,10.1909924,0,-0.508409023,-17.6045265,131.130783,-0.950999618,-16.3145161,358.414978,0,1,0,2,2,0
164,493,2,8327376,0,0,61,0,255,0,0,0,0,0,8250,50,2.5,0,0,6,3621.51245,6.2762928,0,-0.410539091,-17.8499451,109.420639,-0.838257492,-15.0653572,358.962219,0,1,0,5,5,0
164,494,3,8327452,0,0,0,0,255,0,0,0,0,0,8250,50,2.5,0,0,6,3650.34644,3.14364696,0,-1.13096035,-15.2967262,94.7899017,-1.25582886,-14.1294041,359.410187,0,1,0,1,1,0
165,495,1,8327300,0,0,100,0,255,0,0,0,0,0,8300,50,2.5,0,0,6,3634.82349,12.1334915,0,-0.454613596,-17.7417316,131.55899,-0.910494387,-16.477726,358.597534,0,1,0,2,2,0
165,496,2,8327376,0,0,74,0,255,0,0,0,0,0,8300,50,2.5,0,0,6,3629.05811,5.67212582,0,-0.364747345,-17.9586411,109.837112,-0.822079241,-15.2325335,358.753662,0,1,0,5,5,0
165,497,3,8327452,0,0,57,0,255,0,0,0,0,0,8300,50,2.5,0,0,6,3658.43018,2.89334702,0,-1.10651159,-15.4413452,100.720627,-1.24413157,-14.2983398,358.958862,0,1,0,1,1,0
166,498,1,8327300,0,0,96,0,255,0,0,0,0,0,8350,50,2.5,0,0,6,3639.69995,13.7474594,0,-0.401676059,-17.8712711,131.921371,-0.867413998,-16.6404915,358.657379,0,1,0,2,2,0
166,499,2,8327376,0,0,88,0,255,0,0,0,0,0,8350,50,2.5,0,0,6,3636.57153,5.39409065,0,-0.30890879,-18.0863781,110.310196,-0.804141343,-15.3998814,358.538483,0,1,0,5,5,0
166,500,3,8327452,0,0,73,0,255,0,0,0,0,0,8350,50,2.5,0,0,6,3666.08179,2.63851905,0,-1.08013666,-15.5858288,101.059921,-1.23116958,-14.4675455,358.676666,0,1,0,1,1,0
167,501,1,8327300,0,0,98,0,255,0,0,0,0,0,8400,50,2.5,0,0,6,3644.14771,14.4310503,0,-0.338540554,-18.019228,132.277695,-0.82174027,-16.8027573,358.636993,0,1,0,2,2,0
167,502,2,8327376,0,0,97,0,255,0,0,0,0,0,8400,50,2.5,0,0,6,3643.7334,5.73342752,0,-0.258444905,-18.1975765,120.218918,-0.784361482,-15.5673513,358.515869,0,1,0,5,5,0
167,503,3,8327452,0,0,85,0,255,0,0,0,0,0,8400,50,2.5,0,0,6,3673.51709,2.77361727,0,-1.05220163,-15.7273693,101.386703,-1.21684122,-14.6369839,358.47876,0,1,0,1,1,0
168,504,1,8327300,0,0,97,0,255,0,0,0,0,0,8450,50,2.5,0,0,6,3648.31567,14.6552496,0,-0.282034457,-18.14608,132.533585,-0.773471296,-16.9644718,358.65332,0,1,0,2,2,0
168,505,2,8327376,0,0,104,0,255,0,0,0,0,0,8450,50,2.5,0,0,6,3650.45996,6.54525709,0,-0.195799023,-18.3304081,120.916931,-0.76261574,-15.7348833,358.429932,0,1,0,5,5,0
168,506,3,8327452,0,0,94,0,255,0,0,0,0,0,8450,50,2.5,0,0,6,3680.52637,3.41093826,0,-1.02211738,-15.8682966,101.699585,-1.20099187,-14.8066053,358.312988,0,1,0,1,1,0
169,507,1,8327300,0,0,99,0,255,0,0,0,0,0,8500,50,2.5,0,0,6,3652.35181,14.8688097,0,-0.21895884,-18.28195,132.75618,-0.722601712,-17.1255798,358.626801,0,1,0,2,2,0
169,508,2,8327376,0,0,104,0,255,0,0,0,0,0,8500,50,2.5,0,0,6,3656.64502,7.68573284,0,-0.135866314,-18.4524517,121.80661,-0.738766968,-15.9024076,358.439484,0,1,0,5,5,0
169,509,3,8327452,0,0,111,0,255,0,0,0,0,0,8500,50,2.5,0,0,6,3687.02124,4.38248348,0,-0.987204313,-16.0224838,109.04425,-1.18344522,-14.9763517,358.149078,0,1,0,1,1,0
170,510,1,8327300,0,0,102,0,255,0,0,0,0,0,8550,50,2.5,0,0,6,3656.17114,15.045702,0,-0.152774617,-18.4184971,132.92514,-0.669131398,-17.2860298,358.595612,0,1,0,2,2,0
170,511,2,8327376,0,0,103,0,255,0,0,0,0,0,8550,50,2.5,0,0,6,3662.32715,9.0443964,0,-0.07769081,-18.5665283,122.612137,-0.712682128,-16.0698509,358.464355,0,1,0,5,5,0
170,512,3,8327452,0,0,111,0,255,0,0,0,0,0,8550,50,2.5,0,0,6,3692.802,5.61430025,0,-0.956065893,-16.153614,109.468246,-1.16400707,-15.1461506,358.170837,0,1,0,1,1,0
171,513,1,8327300,0,0,109,0,255,0,0,0,0,0,8600,50,2.5,0,0,6,3659.78711,15.2684641,0,-0.0805000365,-18.5611134,137.580292,-0.61305517,-17.4457626,358.55658,0,1,0,2,2,0
171,514,2,8327376,0,0,118,0,255,0,0,0,0,0,8600,50,2.5,0,0,6,3667.48584,10.3548851,0,-0.00905045867,-18.6959381,131.100281,-0.68425405,-16.2371426,358.361816,0,1,0,5,5,0
171,515,3,8327452,0,0,114,0,255,0,0,0,0,0,8600,50,2.5,0,0,6,3698.04321,7.35293293,0,-0.917149484,-16.3099232,109.953247,-1.14247012,-15.3159218,358.120392,0,1,0,1,1,0
172,516,1,8327300,0,0,108,0,255,0,0,0,0,0,8650,50,2.5,0,0,6,3663.09497,15.6253901,0,-0.00924500823,-18.6955776,137.434662,-0.554359317,-17.6047134,358.568604,0,1,0,2,2,0
172,517,2,8327376,0,0,0,0,255,0,0,0,0,0,8650,50,2.5,0,0,6,3671.91089,11.4895735,0,-0.123098671,-18.4778481,131.55249,-0.653386712,-16.4042015,360,0.498687744,1,0,4,4,0
172,518,3,8327452,0,0,115,0,255,0,0,0,0,0,8650,50,2.5,0,0,6,3702.56372,9.16640949,0,-0.88210541,-16.4441853,110.353317,-1.11866426,-15.4855852,358.118195,0,1,0,1,1,0
173,519,1,8327300,0,0,109,0,255,0,0,0,0,0,8700,50,2.5,0,0,6,3666.23438,16.2956181,0,0.0630343854,-18.82621,137.239777,-0.493014485,-17.7628098,358.54599,0,1,0,2,2,0
173,520,2,8327376,0,0,0,0,255,0,0,0,0,0,8700,50,2.5,0,0,6,3677.35474,13.0842838,0,-0.0621802509,-18.5962467,131.921371,-0.620032728,-16.5709953,360,0.206672668,1,0,4,4,0
173,521,3,8327452,0,0,127,0,255,0,0,0,0,0,8700,50,2.5,0,0,6,3706.45264,10.9568167,0,-0.838694692,-16.6028461,120.390457,-1.0924418,-15.655057,358.089966,0,1,0,1,1,0
174,522,1,8327300,0,0,112,0,255,0,0,0,0,0,8750,50,2.5,0,0,6,3668.66895,16.9588203,0,0.135315627,-18.9514446,137.00444,-0.429005086,-17.9199619,358.508026,0,1,0,2,2,0
174,523,2,8327376,0,0,0,0,255,0,0,0,0,0,8750,50,2.5,0,0,6,3681.72729,13.6584454,0,0.0103006661,-18.7314587,132.283936,-0.584230959,-16.7374916,359.717438,0,1,0,4,4,0
174,524,3,8327452,0,0,150,0,255,0,0,0,0,0,8750,50,2.5,0,0,6,3709.52954,12.6725159,0,-0.663516045,-17.1727066,120.964752,-1.06367195,-15.8242464,357.761841,0,1,0,2,2,0
175,525,1,8327300,0,0,116,0,255,0,0,0,0,0,8800,50,2.5,0,0,6,3670.48584,17.5550232,0,0.213240698,-19.0808258,136.708115,-0.362330377,-18.076088,358.453003,0,1,0,2,2,0
175,526,2,8327376,0,0,0,0,255,0,0,0,0,0,8800,50,2.5,0,0,6,3686.12134,13.0266552,0,0.076385349,-18.8497372,132.551132,-0.546038568,-16.9036732,359.25061,0,1,0,4,4,0
175,527,3,8327452,0,0,122,0,255,0,0,0,0,0,8800,50,2.5,0,0,6,3711.59351,14.76054,0,-0.614063978,-17.3167648,121.863144,-1.03220105,-15.9930363,358.191467,0,1,0,2,2,0
176,528,1,8327300,0,0,120,0,255,0,0,0,0,0,8850,50,2.5,0,0,6,3672.01196,18.2535248,0,0.294542342,-19.2100163,136.357376,-0.292972028,-18.2311134,358.395203,0,1,0,2,2,0
176,529,2,8327376,0,0,99,0,255,0,0,0,0,0,8850,50,2.5,0,0,6,3690.59302,12.2334499,0,0.14862214,-18.9739399,132.775238,-0.505526543,-17.0695267,358.652649,0,1,0,4,4,0
176,530,3,8327452,0,0,112,0,255,0,0,0,0,0,8850,50,2.5,0,0,6,3713.60474,17.9599705,0,-0.562206209,-17.4612141,122.721634,-0.997842908,-16.1613178,358.358398,0,1,0,2,2,0
177,531,1,8327300,0,0,126,0,255,0,0,0,0,0,8900,50,2.5,0,0,6,3672.78076,19.1136074,0,0.3842237,-19.3461342,135.924438,-0.220908076,-18.3849316,358.318634,0,1,0,2,2,0
177,532,2,8327376,0,0,123,0,255,0,0,0,0,0,8900,50,2.5,0,0,6,3694.22852,11.3424273,0,0.223347858,-19.0972023,132.940567,-0.462696165,-17.2349987,358.330597,0,1,0,4,4,0
177,533,3,8327452,0,0,114,0,255,0,0,0,0,0,8900,50,2.5,0,0,6,3714.80981,19.9007435,0,-0.508336425,-17.6047153,131.131104,-0.960537136,-16.3290119,358.436981,0,1,0,2,2,0
178,534,1,8327300,0,0,128,0,255,0,0,0,0,0,8950,50,2.5,0,0,6,3673.17383,20.1191444,0,0.466659397,-19.465744,135.489716,-0.146114409,-18.5374527,358.284485,0,1,0,2,2,0
178,535,2,8327376,0,0,141,0,255,0,0,0,0,0,8950,50,2.5,0,0,6,3697.93311,11.4736061,0,0.305304438,-19.2266941,137.564926,-0.417465925,-17.4000034,358.141205,0,1,0,4,4,0
178,536,3,8327452,0,0,107,0,255,0,0,0,0,0,8950,50,2.5,0,0,6,3715.56494,20.6312447,0,-0.4529773,-17.7458153,131.572388,-0.920269489,-16.4960518,358.541992,0,1,0,2,2,0
179,537,1,8327300,0,0,133,0,255,0,0,0,0,0,9000,50,2.5,0,0,6,3673.20312,21.3937664,0,0.560894489,-19.5964508,134.951904,-0.0685638413,-18.6885815,358.200226,0,1,0,2,2,0
179,538,2,8327376,0,0,143,0,255,0,0,0,0,0,9000,50,2.5,0,0,6,3700.96777,13.2669382,0,0.385900378,-19.3486176,137.405365,-0.369687825,-17.5644188,358.12207,0,1,0,4,4,0
179,539,3,8327452,0,0,104,0,255,0,0,0,0,0,9000,50,2.5,0,0,6,3716.30493,21.1822338,0,-0.392171323,-17.8939877,131.977234,-0.877023637,-16.6623745,358.575958,0,1,0,2,2,0
180,540,1,8327300,0,0,138,0,255,0,0,0,0,0,9050,50,2.5,0,0,6,3672.9021,22.7645016,0,0.653217435,-19.7186871,134.388016,0.0117690042,-18.8382225,358.129944,0,1,0,2,2,0
180,541,2,8327376,0,0,142,0,255,0,0,0,0,0,9050,50,2.5,0,0,6,3703.30688,16.0727634,0,0.463540405,-19.4613094,137.207245,-0.319191635,-17.7281055,358.134521,0,1,0,4,4,0
180,542,3,8327452,0,0,103,0,255,0,0,0,0,0,9050,50,2.5,0,0,6,3716.90649,21.3395157,0,-0.335637093,-18.0258713,132.291992,-0.830812931,-16.8279266,358.598755,0,1,0,2,2,0
181,543,1,8327300,0,0,143,0,255,0,0,0,0,0,9100,50,2.5,0,0,6,3672.13525,24.3112907,0,0.748980463,-19.8397903,133.769638,0.0949096382,-18.986269,358.057983,0,1,0,2,2,0
181,544,2,8327376,0,0,0,0,255,0,0,0,0,0,9100,50,2.5,0,0,6,3704.41113,19.0756359,0,0.346034527,-19.2889595,136.945236,-0.265839338,-17.8909092,360,0.156593323,1,0,3,3,0
181,545,3,8327452,0,0,104,0,255,0,0,0,0,0,9100,50,2.5,0,0,6,3717.48926,21.1816864,0,-0.26865083,-18.1754017,132.585617,-0.781662107,-16.9926586,358.591095,0,1,0,2,2,0
182,546,1,8327300,0,0,147,0,255,0,0,0,0,0,9150,50,2.5,0,0,6,3670.85498,26.0907135,0,0.847249925,-19.9584293,133.098206,0.180882663,-19.1326046,357.986145,0,1,0,2,2,0
182,547,2,8327376,0,0,0,0,255,0,0,0,0,0,9150,50,2.5,0,0,6,3706.23511,21.827858,0,0.435808063,-19.4215736,136.606339,-0.209529087,-18.0527287,359.462585,0,1,0,3,3,0
182,548,3,8327452,0,0,103,0,255,0,0,0,0,0,9150,50,2.5,0,0,6,3718.07397,20.9346218,0,-0.208306998,-18.3043308,132.787643,-0.729598582,-17.1565247,358.606476,0,1,0,2,2,0
183,549,1,8327300,0,0,149,0,255,0,0,0,0,0,9200,50,2.5,0,0,6,3674.96533,28.1055164,0,0.948344707,-20.0748978,129.793442,0.269924074,-19.2773037,357.905914,0,1,0,2,2,0
183,550,2,8327376,0,0,93,0,255,0,0,0,0,0,9200,50,2.5,0,0,6,3712.70874,22.5349102,0,0.518795073,-19.5388241,136.250458,-0.150212675,-18.2138004,358.765137,0,1,0,3,3,0
183,551,3,8327452,0,0,104,0,255,0,0,0,0,0,9200,50,2.5,0,0,6,3724.81689,20.7526455,0,-0.141232386,-18.4417171,132.947113,-0.674503028,-17.3197289,358.593994,0,1,0,2,2,0
184,552,1,8327300,0,0,157,0,255,0,0,0,0,0,9250,50,2.5,0,0,6,3678.45532,30.0869255,0,1.05264664,-20.1894989,129.145935,0.36204958,-19.4202347,357.796722,0,1,0,2,2,0
184,553,2,8327376,0,0,155,0,255,0,0,0,0,0,9250,50,2.5,0,0,6,3717.88599,21.2310123,0,0.614533007,-19.6681442,135.795486,-0.0879454836,-18.3740578,357.947083,0,1,0,3,3,0
184,554,3,8327452,0,0,110,0,255,0,0,0,0,0,9250,50,2.5,0,0,6,3731.42456,20.452816,0,-0.066696465,-18.5876255,137.556213,-0.616403222,-17.4822159,358.56723,0,1,0,2,2,0
185,555,1,8327300,0,0,162,0,255,0,0,0,0,0,9300,50,2.5,0,0,6,3681.07373,32.1267052,0,1.16048586,-20.3024101,128.44014,0.457261026,-19.5612621,357.714996,0,1,0,2,2,0
185,556,2,8327376,0,0,169,0,255,0,0,0,0,0,9300,50,2.5,0,0,6,3722.79688,19.5651321,0,0.702216983,-19.7813511,135.339966,-0.0227690861,-18.5334282,357.765991,0,1,0,3,3,0
185,557,3,8327452,0,0,108,0,255,0,0,0,0,0,9300,50,2.5,0,0,6,3737.79297,20.2366619,0,0.00577828288,-18.7231941,137.397873,-0.55532074,-17.6439247,358.588257,0,1,0,2,2,0
186,558,1,8327300,0,0,166,0,255,0,0,0,0,0,9350,50,2.5,0,0,6,3683.09717,34.565052,0,1.26499772,-20.4067478,127.723679,0.555567026,-19.7002449,357.63913,0,1,0,2,2,0
186,559,2,8327376,0,0,0,0,255,0,0,0,0,0,9350,50,2.5,0,0,6,3727.51514,21.9088993,0,0.58710593,-19.6317215,134.796112,0.0454498604,-18.6917305,359.581116,0,1,0,2,2,0
186,560,3,8327452,0,0,110,0,255,0,0,0,0,0,9350,50,2.5,0,0,6,3744.09082,20.3747978,0,0.0812694728,-18.8582973,137.183548,-0.491258979,-17.8047886,358.566437,0,1,0,2,2,0
187,561,1,8327300,0,0,172,0,255,0,0,0,0,0,9400,50,2.5,0,0,6,3684.40308,37.3668098,0,1.38354778,-20.5193939,126.880249,0.656973362,-19.8370342,357.544983,0,1,0,2,2,0
187,562,2,8327376,0,0,109,0,255,0,0,0,0,0,9400,50,2.5,0,0,6,3734.12231,26.1273746,0,0.686692834,-19.7616596,134.175827,0.116874352,-18.848835,358.548309,0,1,0,2,2,0
187,563,3,8327452,0,0,112,0,255,0,0,0,0,0,9400,50,2.5,0,0,6,3749.70166,20.52071,0,0.1591537,-18.9916248,136.918106,-0.42423299,-17.9647217,358.536804,0,1,0,2,2,0
188,564,1,8327300,0,0,202,0,255,0,0,0,0,0,9450,50,2.5,0,0,6,3684.76685,40.3772621,0,1.73397148,-20.8202724,126.055252,0.761468887,-19.9714794,357.098816,0,1,0,3,3,0
188,565,2,8327376,0,0,185,0,255,0,0,0,0,0,9450,50,2.5,0,0,6,3736.94141,27.3797989,0,0.786230624,-19.8854122,133.518448,0.191421568,-19.0046883,357.5289,0,1,0,2,2,0
188,566,3,8327452,0,0,115,0,255,0,0,0,0,0,9450,50,2.5,0,0,6,3754.76953,20.7005367,0,0.23597458,-19.1175308,136.614502,-0.354264617,-18.1236439,358.501617,0,1,0,2,2,0
189,567,1,8327300,0,0,185,0,255,0,0,0,0,0,9500,50,2.5,0,0,6,3683.24805,43.7398186,0,1.86186957,-20.9192505,125.103943,0.868996263,-20.1034203,357.322693,0,1,0,3,3,0
189,568,2,8327376,0,0,94,0,255,0,0,0,0,0,9500,50,2.5,0,0,6,3739.25586,25.7183437,0,0.668858349,-19.7388515,132.843506,0.269031525,-19.1591949,358.731781,0,1,0,1,1,0
189,569,3,8327452,0,0,119,0,255,0,0,0,0,0,9500,50,2.5,0,0,6,3759.57275,21.0234852,0,0.319597691,-19.2486992,136.241379,-0.281357646,-18.2814827,358.449951,0,1,0,2,2,0
190,570,1,8327300,0,0,179,0,255,0,0,0,0,0,9550,50,2.5,0,0,6,3682.01172,49.4396744,0,1.98139262,-21.0069733,124.189087,0.979598522,-20.2326469,357.381592,0,1,0,3,3,0
190,571,2,8327376,0,0,218,0,255,0,0,0,0,0,9550,50,2.5,0,0,6,3743.83057,29.7494011,0,0.774751306,-19.8714371,129.51857,0.349892914,-19.31217,357.002838,0,1,0,1,1,0
190,572,3,8327452,0,0,123,0,255,0,0,0,0,0,9550,50,2.5,0,0,6,3763.62622,21.5023632,0,0.406673461,-19.3792114,135.80986,-0.205511808,-18.4381371,358.394409,0,1,0,2,2,0
191,573,1,8327300,0,0,181,0,255,0,0,0,0,0,9600,50,2.5,0,0,6,3679.50806,54.4242477,0,2.11441183,-21.0994701,123.147537,1.09325647,-20.3589954,357.33606,0,1,0,3,3,0
191,574,2,8327376,0,0,255,0,255,0,0,0,0,0,9600,50,2.5,0,0,6,3743.64771,29.411129,0,0.874447525,-19.990303,128.866226,0.433837026,-19.4635506,356.395294,0,1,0,1,1,0
191,575,3,8327452,0,0,128,0,255,0,0,0,0,0,9600,50,2.5,0,0,6,3767.23486,22.1718407,0,0.501942277,-19.5154095,135.293304,-0.1267277,-18.5935154,358.321289,0,1,0,2,2,0
192,576,1,8327300,0,0,181,0,255,0,0,0,0,0,9650,50,2.5,0,0,6,3675.95972,58.1267929,0,2.23811913,-21.1808872,122.161041,1.20991671,-20.4823265,357.309387,0,1,0,3,3,0
192,577,2,8327376,0,0,255,0,255,0,0,0,0,0,9650,50,2.5,0,0,6,3743.23096,35.0729561,0,1.21204484,-20.3544903,128.090149,0.521001041,-19.6130276,355.756561,0,1,0,2,2,0
192,578,3,8327452,0,0,132,0,255,0,0,0,0,0,9650,50,2.5,0,0,6,3770.65088,23.0744381,0,0.594757199,-19.6419334,134.749008,-0.04498972,-18.7475338,358.258911,0,1,0,2,2,0
193,579,1,8327300,0,0,180,0,255,0,0,0,0,0,9700,50,2.5,0,0,6,3671.78467,61.593277,0,2.36986399,-21.2629681,119.209091,1.32952249,-20.6025009,357.255188,0,1,0,3,3,0
193,580,2,8327376,0,0,255,0,255,0,0,0,0,0,9700,50,2.5,0,0,6,3740.91577,46.7124748,0,1.31885886,-20.4586563,127.345978,0.611537397,-19.7602673,355.811035,0,1,0,2,2,0
193,581,3,8327452,0,0,137,0,255,0,0,0,0,0,9700,50,2.5,0,0,6,3773.62964,24.2388802,0,0.685887218,-19.7606316,134.18042,0.0397184566,-18.9000874,358.191864,0,1,0,2,2,0
194,582,1,8327300,0,0,183,0,255,0,0,0,0,0,9750,50,2.5,0,0,6,3667.02368,64.9398727,0,2.5046277,-21.3422337,118.20549,1.45201015,-20.7193909,357.177429,0,1,0,3,3,0
194,583,2,8327376,0,0,255,0,255,0,0,0,0,0,9750,50,2.5,0,0,6,3735.89282,59.5733795,0,1.67829418,-20.7754593,126.460449,0.705519915,-19.9049664,355.433411,0,1,0,3,3,0
194,584,3,8327452,0,0,143,0,255,0,0,0,0,0,9750,50,2.5,0,0,6,3776.07739,25.6154556,0,0.789303243,-19.8891392,133.497223,0.127412766,-19.0510635,358.100922,0,1,0,2,2,0
195,585,1,8327300,0,0,185,0,255,0,0,0,0,0,9800,50,2.5,0,0,6,3661.52661,68.0070343,0,2.6422348,-21.4185162,117.164108,1.57729757,-20.8328762,357.119324,0,1,0,3,3,0
195,586,2,8327376,0,0,255,0,255,0,0,0,0,0,9800,50,2.5,0,0,6,3728.33911,72.6845245,0,1.79423141,-20.8675823,125.610855,0.802966237,-20.0468483,355.66748,0,1,0,3,3,0
195,587,3,8327452,0,0,148,0,255,0,0,0,0,0,9800,50,2.5,0,0,6,3777.95703,27.2345829,0,0.88743788,-20.0053864,132.816727,0.218111098,-19.2003441,358.026062,0,1,0,2,2,0
196,588,1,8327300,0,0,186,0,255,0,0,0,0,0,9850,50,2.5,0,0,6,3655.49097,71.1427383,0,2.78111839,-21.4909668,116.098267,1.70529938,-20.9428387,357.076904,0,1,0,3,3,0
196,589,2,8327376,0,0,255,0,255,0,0,0,0,0,9850,50,2.5,0,0,6,3718.59839,85.9549179,0,1.91817737,-20.9611359,124.676758,0.90385139,-20.1856709,355.876862,0,1,0,3,3,0
196,590,3,8327452,0,0,152,0,255,0,0,0,0,0,9850,50,2.5,0,0,6,3779.2146,29.1761627,0,0.997950912,-20.130085,129.489197,0.311831564,-19.3477993,357.926605,0,1,0,2,2,0
197,591,1,8327300,0,0,208,0,255,0,0,0,0,0,9900,50,2.5,0,0,6,3648.92896,74.4192352,0,3.19001675,-21.6760712,115.016403,1.83592641,-21.0491638,356.697021,0,1,0,4,4,0
197,592,2,8327376,0,0,255,0,255,0,0,0,0,0,9900,50,2.5,0,0,6,3706.72437,99.363121,0,2.04890037,-21.0545712,123.663513,1.00811601,-20.3212051,356.082825,0,1,0,3,3,0
197,593,3,8327452,0,0,159,0,255,0,0,0,0,0,9900,50,2.5,0,0,6,3779.81958,31.4008427,0,1.10191822,-20.2417679,128.828201,0.408589214,-19.4932957,357.820892,0,1,0,2,2,0
198,594,1,8327300,0,0,174,0,255,0,0,0,0,0,9950,50,2.5,0,0,6,3640.67432,77.7024612,0,3.07080197,-21.6274872,113.852966,1.96902454,-21.1517754,357.193329,0,1,0,3,3,0
198,595,2,8327376,0,0,255,0,255,0,0,0,0,0,9950,50,2.5,0,0,6,3692.86182,112.86264,0,2.42956424,-21.2986565,122.653778,1.11566937,-20.453249,356.106598,0,1,0,4,4,0
198,596,3,8327452,0,0,166,0,255,0,0,0,0,0,9950,50,2.5,0,0,6,3779.74634,33.8244095,0,1.21443653,-20.3568745,128.073883,0.508391917,-19.6366997,357.716187,0,1,0,2,2,0
199,597,1,8327300,0,0,190,0,255,0,0,0,0,0,10000,50,2.5,0,0,6,3634.23779,83.1085968,0,3.2151525,-21.6857338,112.766571,2.10459042,-21.2504635,356.903687,0,1,0,3,3,0
199,598,2,8327376,0,0,235,0,255,0,0,0,0,0,10000,50,2.5,0,0,6,3677.17334,126.470688,0,2.55435157,-21.3703289,121.664062,1.22639763,-20.5816212,356.489838,0,1,0,4,4,0
199,599,3,8327452,0,0,171,0,255,0,0,0,0,0,10000,50,2.5,0,0,6,3778.94824,36.6419144,0,1.32930291,-20.4685802,127.270142,0.61124742,-19.7778625,357.621674,0,1,0,2,2,0
200,600,1,8327300,0,0,199,0,255,0,0,0,0,0,10050,50,2.5,0,0,6,3625.22583,85.7261429,0,3.37248015,-21.7420025,110.065979,2.24247193,-21.3451881,356.665131,0,1,0,3,3,0
200,601,2,8327376,0,0,216,0,255,0,0,0,0,0,10050,50,2.5,0,0,6,3660.73169,140.1996,0,2.69416738,-21.4461269,118.711853,1.34023571,-20.7061024,356.68631,0,1,0,4,4,0
200,602,3,8327452,0,0,205,0,255,0,0,0,0,0,10050,50,2.5,0,0,6,3777.31445,39.9330826,0,1.68355632,-20.7797432,126.422684,0.717155576,-19.9166298,357.134674,0,1,0,3,3,0
201,603,1,8327300,0,0,210,0,255,0,0,0,0,0,10100,50,2.5,0,0,6,3616.04321,88.3297348,0,3.53515601,-21.7932148,109.005188,2.38253474,-21.435873,356.440765,0,1,0,3,3,0
201,604,2,8327376,0,0,210,0,255,0,0,0,0,0,10100,50,2.5,0,0,6,3643.03052,151.097443,0,2.82377315,-21.5123367,117.753128,1.45711064,-20.8264999,356.737885,0,1,0,4,4,0
201,605,3,8327452,0,0,186,0,255,0,0,0,0,0,10100,50,2.5,0,0,6,3773.65308,43.5787086,0,1.80751336,-20.8778477,125.512543,0.826057792,-20.0528431,357.373383,0,1,0,3,3,0
202,606,1,8327300,0,0,217,0,255,0,0,0,0,0,10150,50,2.5,0,0,6,3605.99268,92.5145111,0,3.71122694,-21.8415585,107.885826,2.52463031,-21.5224419,356.273804,0,1,0,3,3,0
202,607,2,8327376,0,0,224,0,255,0,0,0,0,0,10150,50,2.5,0,0,6,3624.03589,158.031265,0,3.22986555,-21.6912994,116.744583,1.57690859,-20.9426823,356.459564,0,1,0,5,5,0
202,608,3,8327452,0,0,183,0,255,0,0,0,0,0,10150,50,2.5,0,0,6,3770.32227,49.9012337,0,1.93422508,-20.9728889,124.552658,0.938009501,-20.1862812,357.393646,0,1,0,3,3,0
203,609,1,8327300,0,0,221,0,255,0,0,0,0,0,10200,50,2.5,0,0,6,3595.17285,98.1865387,0,3.8854897,-21.8828926,106.803345,2.66861129,-21.6048069,356.165558,0,1,0,3,3,0
203,610,2,8327376,0,0,215,0,255,0,0,0,0,0,10200,50,2.5,0,0,6,3603.80029,162.804535,0,3.37969303,-21.7444172,115.700096,1.6994518,-21.0546036,356.553101,0,1,0,5,5,0
203,611,3,8327452,0,0,185,0,255,0,0,0,0,0,10200,50,2.5,0,0,6,3765.51172,55.433609,0,2.07063437,-21.0696068,123.494598,1.05299318,-20.3167763,357.339844,0,1,0,3,3,0
204,612,1,8327300,0,0,240,0,255,0,0,0,0,0,10250,50,2.5,0,0,6,3583.46143,105.05175,0,4.38853455,-21.9707603,105.774872,2.81432867,-21.6828747,355.766815,0,1,0,4,4,0
204,613,2,8327376,0,0,214,0,255,0,0,0,0,0,10250,50,2.5,0,0,6,3584.28955,169.156479,0,3.54090714,-21.7949066,114.597038,1.82462502,-21.1621304,356.524109,0,1,0,5,5,0
204,614,3,8327452,0,0,186,0,255,0,0,0,0,0,10250,50,2.5,0,0,6,3759.66699,59.851944,0,2.19515634,-21.1530991,122.508835,1.17096138,-20.4441795,357.302948,0,1,0,3,3,0
205,615,1,8327300,0,0,221,0,255,0,0,0,0,0,10300,50,2.5,0,0,6,3569.67188,112.623726,0,4.57743645,-21.9930687,104.05011,2.96157908,-21.7566147,356.019989,0,1,0,4,4,0
205,616,2,8327376,0,0,189,0,255,0,0,0,0,0,10300,50,2.5,0,0,6,3563.96655,174.790665,0,3.39876628,-21.7507324,113.517738,1.9522872,-21.2651691,356.885193,0,1,0,4,4,0
205,617,3,8327452,0,0,189,0,255,0,0,0,0,0,10300,50,2.5,0,0,6,3753.05591,64.1304398,0,2.33012104,-21.2386951,121.417587,1.29185867,-20.5683479,357.237122,0,1,0,3,3,0
206,618,1,8327300,0,0,206,0,255,0,0,0,0,0,10350,50,2.5,0,0,6,3556.82446,122.705383,0,4.76977158,-22.010355,100.583786,3.11025786,-21.825861,356.148682,0,1,0,4,4,0
206,619,2,8327376,0,0,224,0,255,0,0,0,0,0,10350,50,2.5,0,0,6,3544.51245,179.51947,0,3.85753083,-21.8766708,112.481285,2.0823648,-21.3635292,356.2565,0,1,0,5,5,0
206,620,3,8327452,0,0,187,0,255,0,0,0,0,0,10350,50,2.5,0,0,6,3745.59839,68.3654938,0,2.46683645,-21.3204708,118.489471,1.41561401,-20.689146,357.181183,0,1,0,3,3,0
207,621,1,8327300,0,0,198,0,255,0,0,0,0,0,10400,50,2.5,0,0,6,3543.03076,131.357635,0,4.95265484,-22.0219593,98.7907867,3.26024842,-21.8904743,356.214386,0,1,0,4,4,0
207,622,2,8327376,0,0,211,0,255,0,0,0,0,0,10400,50,2.5,0,0,6,3522.19531,180.076324,0,4.0252676,-21.9117661,109.856621,2.21462893,-21.4573021,356.362427,0,1,0,5,5,0
207,623,3,8327452,0,0,191,0,255,0,0,0,0,0,10400,50,2.5,0,0,6,3737.62109,72.7253342,0,2.60496306,-21.3983078,117.447739,1.54216111,-20.8064365,357.092621,0,1,0,3,3,0
208,624,1,8327300,0,0,191,0,255,0,0,0,0,0,10450,50,2.5,0,0,6,3528.41333,136.873016,0,5.12999678,-22.028883,97.1709671,3.4114213,-21.950367,356.27832,0,1,0,4,4,0
208,625,2,8327376,0,0,207,0,255,0,0,0,0,0,10450,50,2.5,0,0,6,3502.45337,184.234879,0,4.19679356,-21.9423847,108.842346,2.34896064,-21.5463524,356.383942,0,1,0,5,5,0
208,626,3,8327452,0,0,211,0,255,0,0,0,0,0,10450,50,2.5,0,0,6,3728.73779,76.8008118,0,3.01496243,-21.6030636,116.313309,1.67140746,-20.9201012,356.748413,0,1,0,4,4,0
209,627,1,8327300,0,0,184,0,255,0,0,0,0,0,10500,50,2.5,0,0,6,3513.57153,140.258774,0,5.3092556,-22.031683,95.6288681,3.56364822,-22.0054626,356.347015,0,1,0,4,4,0
209,628,2,8327376,0,0,201,0,255,0,0,0,0,0,10500,50,2.5,0,0,6,3481.95947,188.428192,0,4.37230873,-21.9685879,107.823166,2.48521781,-21.6305981,356.417999,0,1,0,5,5,0
209,629,3,8327452,0,0,201,0,255,0,0,0,0,0,10500,50,2.5,0,0,6,3718.32178,81.0092697,0,3.16416931,-21.6659317,115.206131,1.80320692,-21.0300522,356.861053,0,1,0,4,4,0
210,630,1,8327300,0,0,176,0,255,0,0,0,0,0,10550,50,2.5,0,0,6,3498.77051,142.037811,0,5.48235512,-22.0304737,94.2163773,3.71680403,-22.0556946,356.424927,0,1,0,4,4,0
210,631,2,8327376,0,0,196,0,255,0,0,0,0,0,10550,50,2.5,0,0,6,3461.54858,190.913818,0,4.5513525,-21.9903088,106.798355,2.62326479,-21.7099514,356.456116,0,1,0,5,5,0
210,632,3,8327452,0,0,203,0,255,0,0,0,0,0,10550,50,2.5,0,0,6,3708.26025,87.3482971,0,3.31336546,-21.7216816,114.125275,1.93749392,-21.1361237,356.791138,0,1,0,4,4,0
211,633,1,8327300,0,0,179,0,255,0,0,0,0,0,10600,50,2.5,0,0,6,3484.27197,142.276779,0,6.01120234,-22.0035019,92.9348602,3.87076831,-22.1009998,356.315674,0,1,0,5,5,0
211,634,2,8327376,0,0,190,0,255,0,0,0,0,0,10600,50,2.5,0,0,6,3441.20947,191.944809,0,4.72983313,-22.0072021,105.787354,2.76296568,-21.7843361,356.519012,0,1,0,5,5,0
211,635,3,8327452,0,0,211,0,255,0,0,0,0,0,10600,50,2.5,0,0,6,3696.8479,93.2897186,0,3.48113084,-21.7769394,112.939651,2.07415533,-21.238203,356.62735,0,1,0,4,4,0
212,636,1,8327300,0,0,165,0,255,0,0,0,0,0,10650,50,2.5,0,0,6,3469.54224,140.876617,0,6.18813896,-21.9867039,91.6744232,4.02540588,-22.1413822,356.541931,0,1,0,5,5,0
212,637,2,8327376,0,0,182,0,255,0,0,0,0,0,10650,50,2.5,0,0,6,3421.21631,191.543701,0,4.91822004,-22.0201225,104.14193,2.90418839,-21.8536777,356.592896,0,1,0,5,5,0
212,638,3,8327452,0,0,215,0,255,0,0,0,0,0,10650,50,2.5,0,0,6,3684.3418,98.8200531,0,3.64291906,-21.8236275,111.822815,2.21305323,-21.3361988,356.513824,0,1,0,4,4,0
213,639,1,8327300,0,0,156,0,255,0,0,0,0,0,10700,50,2.5,0,0,6,3456.35986,139.241272,0,6.35419655,-21.9673653,91.3833847,4.18060732,-22.1767616,356.705688,0,1,0,5,5,0
213,640,2,8327376,0,0,173,0,255,0,0,0,0,0,10700,50,2.5,0,0,6,3401.77563,189.645554,0,5.09480715,-22.0278397,102.218071,3.04680681,-21.917902,356.67926,0,1,0,5,5,0
213,641,3,8327452,0,0,189,0,255,0,0,0,0,0,10700,50,2.5,0,0,6,3671.13599,105.220566,0,3.51442385,-21.7870522,109.138657,2.35405231,-21.4300117,356.845764,0,1,0,3,3,0
214,642,1,8327300,0,0,143,0,255,0,0,0,0,0,10750,50,2.5,0,0,6,3443.5835,135.975113,0,6.51783514,-21.9448757,88.2095642,4.33626366,-22.2071037,356.843903,0,1,0,5,5,0
214,643,2,8327376,0,0,163,0,255,0,0,0,0,0,10750,50,2.5,0,0,6,3383.03101,185.925323,0,5.266819,-22.0313931,99.1906509,3.19069982,-21.9769382,356.760803,0,1,0,5,5,0
214,644,3,8327452,0,0,237,0,255,0,0,0,0,0,10750,50,2.5,0,0,6,3658.74951,112.363937,0,4.00254869,-21.90732,108.046402,2.49710107,-21.5194454,355.995422,0,1,0,4,4,0
215,645,1,8327300,0,0,138,0,255,0,0,0,0,0,10800,50,2.5,0,0,6,3432.06348,130.709991,0,6.66984034,-21.9208889,87.2211533,4.49227762,-22.2323723,356.923065,0,1,0,5,5,0
215,646,2,8327376,0,0,157,0,255,0,0,0,0,0,10800,50,2.5,0,0,6,3365.23486,180.196457,0,5.43840265,-22.0311413,97.6219559,3.33575249,-22.0307255,356.814819,0,1,0,5,5,0
215,647,3,8327452,0,0,228,0,255,0,0,0,0,0,10800,50,2.5,0,0,6,3641.81909,116.341591,0,4.17684269,-21.9390831,107.011444,2.64192486,-21.6046047,356.10376,0,1,0,4,4,0
216,648,1,8327300,0,0,132,0,255,0,0,0,0,0,10850,50,2.5,0,0,6,3421.42944,123.509529,0,6.83600283,-21.8911705,86.157135,4.64855576,-22.2525921,356.999359,0,1,0,5,5,0
216,649,2,8327376,0,0,149,0,255,0,0,0,0,0,10850,50,2.5,0,0,6,3348.45166,172.408051,0,5.60625839,-22.0272827,96.1655655,3.48185134,-22.0792408,356.912933,0,1,0,5,5,0
216,650,3,8327452,0,0,223,0,255,0,0,0,0,0,10850,50,2.5,0,0,6,3626.87451,124.841133,0,4.37270498,-21.9686413,105.862457,2.78840208,-21.6853542,356.125275,0,1,0,4,4,0
217,651,1,8327300,0,0,128,0,255,0,0,0,0,0,10900,50,2.5,0,0,6,3412.44287,115.30275,0,6.99259472,-21.8597298,85.6472473,4.8050127,-22.2678032,357.075226,0,1,0,5,5,0
217,652,2,8327376,0,0,142,0,255,0,0,0,0,0,10900,50,2.5,0,0,6,3333.26758,163.273483,0,5.76383829,-22.0204544,94.8662338,3.6288898,-22.122467,357.001221,0,1,0,5,5,0
217,653,3,8327452,0,0,216,0,255,0,0,0,0,0,10900,50,2.5,0,0,6,3610.70996,134.814362,0,4.55303574,-21.99049,104.334244,2.93639088,-21.7615929,356.175507,0,1,0,4,4,0
218,654,1,8327300,0,0,123,0,255,0,0,0,0,0,10950,50,2.5,0,0,6,3405.05786,106.703522,0,7.13455153,-21.8282547,85.5610046,4.96156883,-22.2780704,357.168793,0,1,0,5,5,0
218,655,2,8327376,0,0,135,0,255,0,0,0,0,0,10950,50,2.5,0,0,6,3319.74976,153.007477,0,5.9341073,-22.0095997,93.5255127,3.77676582,-22.1604118,357.093872,0,1,0,5,5,0
218,656,3,8327452,0,0,209,0,255,0,0,0,0,0,10950,50,2.5,0,0,6,3593.86426,143.582458,0,4.74700451,-22.008585,102.164482,3.08575487,-21.8332214,356.204987,0,1,0,4,4,0
219,657,1,8327300,0,0,120,0,255,0,0,0,0,0,11000,50,2.5,0,0,6,3399.50488,98.0285645,0,7.29455948,-21.7892666,85.3949203,5.11815214,-22.2834682,357.245239,0,1,0,5,5,0
219,658,2,8327376,0,0,128,0,255,0,0,0,0,0,11000,50,2.5,0,0,6,3308.18066,141.86232,0,6.09509277,-21.9960232,92.3066101,3.92538452,-22.1931076,357.191528,0,1,0,5,5,0
219,659,3,8327452,0,0,199,0,255,0,0,0,0,0,11000,50,2.5,0,0,6,3576.42163,151.005905,0,4.92181253,-22.0203228,99.085556,3.23635817,-21.9001503,356.25293,0,1,0,4,4,0
220,660,1,8327300,0,0,115,0,255,0,0,0,0,0,11050,50,2.5,0,0,6,3395.66333,89.4341736,0,7.43261051,-21.7525139,85.1935806,5.2746973,-22.2840958,357.345703,0,1,0,5,5,0
220,661,2,8327376,0,0,122,0,255,0,0,0,0,0,11050,50,2.5,0,0,6,3298.74487,130.164993,0,6.25418091,-21.9794273,91.5300522,4.07465792,-22.2206097,357.28949,0,1,0,5,5,0
220,662,3,8327452,0,0,194,0,255,0,0,0,0,0,11050,50,2.5,0,0,6,3558.76904,156.876419,0,5.10237169,-22.0280781,97.4137421,3.38807464,-21.9622822,356.272766,0,1,0,4,4,0
221,663,1,8327300,0,0,111,0,255,0,0,0,0,0,11100,50,2.5,0,0,6,3393.71338,81.1686096,0,7.57990932,-21.7099743,84.9227905,5.43114567,-22.280056,357.42392,0,1,0,5,5,0
221,664,2,8327376,0,0,117,0,255,0,0,0,0,0,11100,50,2.5,0,0,6,3291.55347,118.179741,0,6.40005016,-21.9614086,91.3090363,4.22450638,-22.243,357.39389,0,1,0,5,5,0
221,665,3,8327452,0,0,198,0,255,0,0,0,0,0,11100,50,2.5,0,0,6,3540.63818,160.688751,0,5.64857006,-22.025753,95.8131027,3.54077053,-22.0195522,356.095093,0,1,0,5,5,0
222,666,1,8327300,0,0,108,0,255,0,0,0,0,0,11150,50,2.5,0,0,6,3393.48145,73.2387009,0,7.73084354,-21.6626358,84.5744934,5.58744764,-22.2714691,357.48526,0,1,0,5,5,0
222,667,2,8327376,0,0,108,0,255,0,0,0,0,0,11150,50,2.5,0,0,6,3286.70825,106.266548,0,6.55480146,-21.9393215,87.967247,4.37485743,-22.2603874,357.507812,0,1,0,5,5,0
222,668,3,8327452,0,0,182,0,255,0,0,0,0,0,11150,50,2.5,0,0,6,3521.9585,162.904404,0,5.81884718,-22.0173416,94.4263916,3.69429588,-22.0719528,356.345276,0,1,0,5,5,0
223,669,1,8327300,0,0,104,0,255,0,0,0,0,0,11200,50,2.5,0,0,6,3394.91821,65.7059097,0,7.86247444,-21.6180859,84.2242126,5.74355984,-22.2584648,357.557922,0,1,0,5,5,0
223,670,2,8327376,0,0,103,0,255,0,0,0,0,0,11200,50,2.5,0,0,6,3284.4104,94.789856,0,6.71487141,-21.9131985,86.9330978,4.52564859,-22.2728901,357.587128,0,1,0,5,5,0
223,671,3,8327452,0,0,171,0,255,0,0,0,0,0,11200,50,2.5,0,0,6,3504.59424,165.145966,0,5.99013233,-22.0052414,93.097496,3.84853649,-22.1193676,356.505371,0,1,0,5,5,0
224,672,1,8327300,0,0,102,0,255,0,0,0,0,0,11250,50,2.5,0,0,6,3398.00977,58.7464867,0,8.00231647,-21.5672188,83.7881775,5.89944601,-22.2411804,357.596466,0,1,0,5,5,0
224,673,2,8327376,0,0,98,0,255,0,0,0,0,0,11250,50,2.5,0,0,6,3284.36938,83.5794067,0,6.86596775,-21.8854141,85.966774,4.67682791,-22.2806625,357.666565,0,1,0,5,5,0
224,674,3,8327452,0,0,162,0,255,0,0,0,0,0,11250,50,2.5,0,0,6,3487.13184,165.181717,0,6.16000938,-21.9896355,91.8301773,4.00337553,-22.1617146,356.626434,0,1,0,5,5,0
225,675,1,8327300,0,0,83,0,255,0,0,0,0,0,11300,50,2.5,0,0,6,3402.52271,52.3394508,0,7.81590748,-21.6342068,79.9321289,6.05507469,-22.219759,357.946747,0,1,0,4,4,0
225,676,2,8327376,0,0,95,0,255,0,0,0,0,0,11300,50,2.5,0,0,6,3286.70996,72.9967499,0,7.01587009,-21.8547668,85.6381912,4.82835197,-22.2838745,357.738525,0,1,0,5,5,0
225,677,3,8327452,0,0,156,0,255,0,0,0,0,0,11300,50,2.5,0,0,6,3470.13037,162.328812,0,6.33671618,-21.9695644,91.4118729,4.15870047,-22.1989403,356.723511,0,1,0,5,5,0
226,678,1,8327300,0,0,86,0,255,0,0,0,0,0,11350,50,2.5,0,0,6,3409.07666,46.5786934,0,7.94680357,-21.5878601,79.6810608,6.21043253,-22.1943283,357.880524,0,1,0,4,4,0
226,679,2,8327376,0,0,92,0,255,0,0,0,0,0,11350,50,2.5,0,0,6,3291.22656,63.3231544,0,7.15306854,-21.8239384,85.5464859,4.98018456,-22.2827129,357.82193,0,1,0,5,5,0
226,680,3,8327452,0,0,144,0,255,0,0,0,0,0,11350,50,2.5,0,0,6,3453.8374,157.335297,0,6.49056721,-21.948864,88.3887787,4.31440163,-22.2310162,356.837433,0,1,0,5,5,0
227,681,1,8327300,0,0,88,0,255,0,0,0,0,0,11400,50,2.5,0,0,6,3416.3606,40.4696922,0,8.09192371,-21.5326004,79.3260498,6.36551905,-22.1650848,357.833954,0,1,0,4,4,0
227,682,2,8327376,0,0,88,0,255,0,0,0,0,0,11400,50,2.5,0,0,6,3297.78491,54.7269974,0,7.29810333,-21.7883587,85.3913956,5.13229513,-22.2773647,357.899414,0,1,0,5,5,0
227,683,3,8327452,0,0,140,0,255,0,0,0,0,0,11400,50,2.5,0,0,6,3439.02856,150.900299,0,6.64972878,-21.9242382,87.3533783,4.47038078,-22.2578964,356.89563,0,1,0,5,5,0
228,684,1,8327300,0,0,89,0,255,0,0,0,0,0,11450,50,2.5,0,0,6,3424.98999,34.9363518,0,8.22088337,-21.4798298,78.9414368,6.52032852,-22.1322002,357.807129,0,1,0,4,4,0
228,685,2,8327376,0,0,86,0,255,0,0,0,0,0,11450,50,2.5,0,0,6,3306.16992,47.2268867,0,7.45209217,-21.7470894,85.1613312,5.28465843,-22.2680168,357.948578,0,1,0,5,5,0
228,686,3,8327452,0,0,134,0,255,0,0,0,0,0,11450,50,2.5,0,0,6,3425.14966,142.645798,0,6.80970097,-21.896122,86.3236237,4.62654257,-22.279604,356.974182,0,1,0,5,5,0
229,687,1,8327300,0,0,90,0,255,0,0,0,0,0,11500,50,2.5,0,0,6,3434.64062,30.5834179,0,8.35301208,-21.4219208,78.4727478,6.67485046,-22.0958233,357.76593,0,1,0,4,4,0
229,688,2,8327376,0,0,84,0,255,0,0,0,0,0,11500,50,2.5,0,0,6,3316.07593,40.6633759,0,7.5939436,-21.7057343,84.8886719,5.43725395,-22.2548599,357.999237,0,1,0,5,5,0
229,689,3,8327452,0,0,129,0,255,0,0,0,0,0,11500,50,2.5,0,0,6,3413.06055,133.399872,0,6.97069216,-21.8643341,85.6557999,4.78279924,-22.2961617,357.051361,0,1,0,5,5,0
230,690,1,8327300,0,0,93,0,255,0,0,0,0,0,11550,50,2.5,0,0,6,3445.03247,27.110117,0,8.49196815,-21.3564739,77.9015808,6.82906961,-22.0560875,357.68692,0,1,0,4,4,0
230,691,2,8327376,0,0,70,0,255,0,0,0,0,0,11550,50,2.5,0,0,6,3327.32251,35.0392265,0,7.38137007,-21.7665005,84.591217,5.59006262,-22.2380714,358.337433,0,1,0,4,4,0
230,692,3,8327452,0,0,125,0,255,0,0,0,0,0,11550,50,2.5,0,0,6,3402.71753,123.693321,0,7.12486172,-21.8304958,85.5704803,4.93907022,-22.3076191,357.134613,0,1,0,5,5,0
231,693,1,8327300,0,0,77,0,255,0,0,0,0,0,11600,50,2.5,0,0,6,3455.88696,24.3255959,0,8.30708504,-21.4425087,77.3178101,6.98296309,-22.0131054,358.080017,0,1,0,3,3,0
231,694,2,8327376,0,0,70,0,255,0,0,0,0,0,11600,50,2.5,0,0,6,3339.96777,30.2929802,0,7.53333807,-21.7238045,84.1932373,5.74307632,-22.2178288,358.327789,0,1,0,4,4,0
231,695,3,8327452,0,0,120,0,255,0,0,0,0,0,11600,50,2.5,0,0,6,3394.25024,113.701874,0,7.27302361,-21.7947369,85.4216156,5.09528208,-22.3140488,357.22937,0,1,0,5,5,0
232,696,1,8327300,0,0,82,0,255,0,0,0,0,0,11650,50,2.5,0,0,6,3467.72632,22.1907635,0,8.44060707,-21.3812332,76.6347351,7.13652563,-21.96698,357.939758,0,1,0,3,3,0
232,697,2,8327376,0,0,70,0,255,0,0,0,0,0,11650,50,2.5,0,0,6,3353.35938,25.713459,0,7.6674428,-21.6829948,83.7881775,5.89629555,-22.1943321,358.319489,0,1,0,4,4,0
232,698,3,8327452,0,0,116,0,255,0,0,0,0,0,11650,50,2.5,0,0,6,3387.82471,103.779526,0,7.41252279,-21.7580452,85.2263489,5.25136852,-22.3155327,357.32312,0,1,0,5,5,0
233,699,1,8327300,0,0,87,0,255,0,0,0,0,0,11700,50,2.5,0,0,6,3479.50488,19.8222332,0,8.57406044,-21.3154507,75.8640747,7.28975105,-21.917841,357.782349,0,1,0,3,3,0
233,700,2,8327376,0,0,68,0,255,0,0,0,0,0,11700,50,2.5,0,0,6,3367.65063,21.7358932,0,7.80568123,-21.6376915,79.947113,6.04971886,-22.1677608,358.294159,0,1,0,4,4,0
233,701,3,8327452,0,0,111,0,255,0,0,0,0,0,11700,50,2.5,0,0,6,3383.36914,94.0339966,0,7.56424522,-21.7146664,84.9527588,5.40727186,-22.3121777,357.411926,0,1,0,5,5,0
234,702,1,8327300,0,0,91,0,255,0,0,0,0,0,11750,50,2.5,0,0,6,3491.54761,17.7509079,0,8.70500755,-21.2460747,72.7081909,7.4426198,-21.8657856,357.59491,0,1,0,3,3,0
234,703,2,8327376,0,0,72,0,255,0,0,0,0,0,11750,50,2.5,0,0,6,3382.62744,18.5915928,0,7.94680357,-21.5878601,79.6810608,6.20334291,-22.1382751,358.219879,0,1,0,4,4,0
234,704,3,8327452,0,0,107,0,255,0,0,0,0,0,11750,50,2.5,0,0,6,3380.97583,84.6394043,0,7.69954872,-21.6727734,84.6542969,5.56294298,-22.3040981,357.493958,0,1,0,5,5,0
235,705,1,8327300,0,0,100,0,255,0,0,0,0,0,11800,50,2.5,0,0,6,3503.66357,16.3611774,0,8.83272266,-21.1733131,71.9994812,7.59509897,-21.8108826,357.354919,0,1,0,3,3,0
235,706,2,8327376,0,0,59,0,255,0,0,0,0,0,11800,50,2.5,0,0,6,3397.94458,16.0312347,0,7.76036358,-21.652916,79.3260498,6.35715818,-22.1060123,358.533112,0,1,0,3,3,0
235,707,3,8327452,0,0,104,0,255,0,0,0,0,0,11800,50,2.5,0,0,6,3380.51929,75.6660156,0,7.84731102,-21.6233788,84.2661133,5.71834183,-22.2914295,357.555725,0,1,0,5,5,0
236,708,1,8327300,0,0,86,0,255,0,0,0,0,0,11850,50,2.5,0,0,6,3515.48413,15.4667101,0,8.67238617,-21.2638302,71.1845093,7.74713469,-21.7531738,357.692078,0,1,0,2,2,0
236,709,2,8327376,0,0,63,0,255,0,0,0,0,0,11850,50,2.5,0,0,6,3413.83521,14.1181898,0,7.90001678,-21.6047993,78.9220276,6.51116133,-22.0711002,358.432648,0,1,0,3,3,0
236,710,3,8327452,0,0,101,0,255,0,0,0,0,0,11850,50,2.5,0,0,6,3381.93335,67.2383652,0,7.98454332,-21.5738926,83.8474731,5.8734355,-22.2743168,357.615356,0,1,0,5,5,0
237,711,1,8327300,0,0,98,0,255,0,0,0,0,0,11900,50,2.5,0,0,6,3527.76392,15.1375294,0,8.81061554,-21.1862926,70.2217712,7.89869595,-21.6926899,357.342773,0,1,0,2,2,0
237,712,2,8327376,0,0,68,0,255,0,0,0,0,0,11900,50,2.5,0,0,6,3429.70215,12.2328367,0,8.04235172,-21.5519524,78.4382629,6.66535139,-22.0336761,358.311798,0,1,0,3,3,0
237,713,3,8327452,0,0,95,0,255,0,0,0,0,0,11900,50,2.5,0,0,6,3385.13477,59.5306931,0,8.12042236,-21.521244,79.9752808,6.02819777,-22.2529125,357.659485,0,1,0,5,5,0
238,714,1,8327300,0,0,111,0,255,0,0,0,0,0,11950,50,2.5,0,0,6,3539.28223,14.5143843,0,8.9335556,-21.1119442,69.2459717,8.04973221,-21.6294785,356.970764,0,1,0,2,2,0
238,715,2,8327376,0,0,73,0,255,0,0,0,0,0,11950,50,2.5,0,0,6,3445.66577,10.679019,0,8.17310715,-21.4997978,77.9225769,6.81971407,-21.9938374,358.188812,0,1,0,3,3,0
238,716,3,8327452,0,0,94,0,255,0,0,0,0,0,11950,50,2.5,0,0,6,3390.09473,52.5838203,0,8.24613094,-21.4690742,79.7357178,6.18261003,-22.2273674,357.664642,0,1,0,5,5,0
239,717,1,8327300,0,0,126,0,255,0,0,0,0,0,12000,50,2.5,0,0,6,3550.26294,14.1890125,0,9.06716251,-21.0246582,68.0388794,8.20015907,-21.5635395,356.519562,0,1,0,2,2,0
239,718,2,8327376,0,0,79,0,255,0,0,0,0,0,12000,50,2.5,0,0,6,3461.54712,9.66835976,0,8.31770706,-21.4377918,77.2661438,6.97422218,-21.9516449,358.009125,0,1,0,3,3,0
239,719,3,8327452,0,0,81,0,255,0,0,0,0,0,12000,50,2.5,0,0,6,3396.40112,46.1721458,0,8.06486988,-21.5432243,79.3973694,6.33666039,-22.1978493,357.993347,0,1,0,4,4,0
240,720,1,8327300,0,0,141,0,255,0,0,0,0,0,12050,50,2.5,0,0,6,3560.34399,14.612031,0,9.19189167,-20.9362335,66.7563477,8.34985924,-21.4948406,356.025116,0,1,0,2,2,0
240,721,2,8327376,0,0,63,0,255,0,0,0,0,0,12050,50,2.5,0,0,6,3477.17676,9.08074474,0,8.1306057,-21.5171452,76.6003723,7.12883615,-21.9071274,358.423645,0,1,0,2,2,0
240,722,3,8327452,0,0,83,0,255,0,0,0,0,0,12050,50,2.5,0,0,6,3404.4978,40.5070839,0,8.19846344,-21.4892635,79.0124512,6.49034739,-22.1645126,357.943115,0,1,0,4,4,0
241,723,1,8327300,0,0,158,0,255,0,0,0,0,0,12100,50,2.5,0,0,6,3569.26685,15.8030806,0,9.3049736,-20.8493977,65.4370728,8.49868393,-21.4233189,355.488464,0,1,0,2,2,0
241,724,2,8327376,0,0,73,0,255,0,0,0,0,0,12100,50,2.5,0,0,6,3492.89917,8.85003376,0,8.27248955,-21.4576912,75.8181763,7.28353262,-21.8603268,358.143066,0,1,0,2,2,0
241,725,3,8327452,0,0,84,0,255,0,0,0,0,0,12100,50,2.5,0,0,6,3413.45215,35.0195885,0,8.32279778,-21.4355202,78.5869446,6.64367962,-22.1275463,357.907135,0,1,0,4,4,0
242,726,1,8327300,0,0,173,0,255,0,0,0,0,0,12150,50,2.5,0,0,6,3576.64551,17.7799416,0,9.42679119,-20.7475739,62.2871094,8.646451,-21.3488979,354.823059,0,1,0,2,2,0
242,727,2,8327376,0,0,83,0,255,0,0,0,0,0,12150,50,2.5,0,0,6,3508.0625,8.2889967,0,8.41791153,-21.3919563,72.6300354,7.43828201,-21.8112907,357.819397,0,1,0,2,2,0
242,728,3,8327452,0,0,86,0,255,0,0,0,0,0,12150,50,2.5,0,0,6,3423.56006,30.2240334,0,8.45499706,-21.3743649,78.0609436,6.79666042,-22.0871162,357.84964,0,1,0,4,4,0
243,729,1,8327300,0,0,193,0,255,0,0,0,0,0,12200,50,2.5,0,0,6,3589.86133,20.6725197,0,9.53520489,-20.6486206,60.8465271,8.79320049,-21.2711983,354.094238,0,1,0,2,2,0
243,730,2,8327376,0,0,97,0,255,0,0,0,0,0,12200,50,2.5,0,0,6,3531.13135,7.91640568,0,8.55733109,-21.3239594,71.8875122,7.59337711,-21.7598419,357.453918,0,1,0,2,2,0
243,731,3,8327452,0,0,89,0,255,0,0,0,0,0,12200,50,2.5,0,0,6,3442.49292,26.4190464,0,8.59090996,-21.3068008,77.4360962,6.94962168,-22.0431843,357.764893,0,1,0,4,4,0
244,732,1,8327300,0,0,214,0,255,0,0,0,0,0,12250,50,2.5,0,0,6,3600.47412,24.1459312,0,9.64651775,-20.5386257,59.1759033,8.93867397,-21.1901493,353.307831,0,1,0,2,2,0
244,733,2,8327376,0,0,111,0,255,0,0,0,0,0,12250,50,2.5,0,0,6,3553.35645,7.92763186,0,8.69284821,-21.2527294,71.0497131,7.74872494,-21.7059307,357.069702,0,1,0,2,2,0
244,734,3,8327452,0,0,75,0,255,0,0,0,0,0,12250,50,2.5,0,0,6,3461.87866,23.2322712,0,8.4088583,-21.3961983,76.8066711,7.10254145,-21.9958763,358.120728,0,1,0,3,3,0
245,735,1,8327300,0,0,232,0,255,0,0,0,0,0,12300,50,2.5,0,0,6,3608.09033,28.9042873,0,9.76126385,-20.4158764,57.2424622,9.08258533,-21.1056957,352.512268,0,1,0,2,2,0
245,736,2,8327376,0,0,126,0,255,0,0,0,0,0,12300,50,2.5,0,0,6,3574.55688,8.46381378,0,8.82717133,-21.1765881,70.1003723,7.90420341,-21.6494656,356.643646,0,1,0,2,2,0
245,737,3,8327452,0,0,79,0,255,0,0,0,0,0,12300,50,2.5,0,0,6,3482.11426,20.8314629,0,8.54900551,-21.328167,76.0177002,7.25541639,-21.9453144,357.98999,0,1,0,3,3,0
246,738,1,8327300,0,0,246,0,255,0,0,0,0,0,12350,50,2.5,0,0,6,3612.59326,35.3305283,0,9.86810684,-20.2925377,55.219574,9.2246418,-21.017807,351.77359,0,1,0,2,2,0
246,739,2,8327376,0,0,141,0,255,0,0,0,0,0,12350,50,2.5,0,0,6,3594.48511,9.53913116,0,8.95288086,-21.0997562,69.0800781,8.05966282,-21.5903225,356.198792,0,1,0,2,2,0
246,740,3,8327452,0,0,85,0,255,0,0,0,0,0,12350,50,2.5,0,0,6,3502.22534,18.3999462,0,8.67978001,-21.2598343,75.1906738,7.40823793,-21.8916302,357.827728,0,1,0,3,3,0
247,741,1,8327300,0,0,255,0,255,0,0,0,0,0,12400,50,2.5,0,0,6,3614.00464,43.5635185,0,9.97453976,-20.1604767,52.9743652,9.36456013,-20.9264832,351.073364,0,1,0,2,2,0
247,742,2,8327376,0,0,160,0,255,0,0,0,0,0,12400,50,2.5,0,0,6,3612.93726,11.1940298,0,9.08740044,-21.0107937,67.84375,8.21492577,-21.5283546,355.64444,0,1,0,2,2,0
247,743,3,8327452,0,0,89,0,255,0,0,0,0,0,12400,50,2.5,0,0,6,3522.37207,16.309761,0,8.80143833,-21.1916313,72.1842041,7.56097937,-21.8349209,357.650177,0,1,0,3,3,0
248,744,1,8327300,0,0,255,0,255,0,0,0,0,0,12450,50,2.5,0,0,6,3612.5752,53.5730476,0,10.2717066,-19.7382374,49.4033203,9.5020771,-20.8317547,350.115692,0,1,0,3,3,0
248,745,2,8327376,0,0,178,0,255,0,0,0,0,0,12450,50,2.5,0,0,6,3629.5105,13.4904652,0,9.21417999,-20.919651,66.5091553,8.36977959,-21.4633999,355.069733,0,1,0,2,2,0
248,746,3,8327452,0,0,99,0,255,0,0,0,0,0,12450,50,2.5,0,0,6,3542.42163,14.9238567,0,8.93665123,-21.1100006,71.3334961,7.71359921,-21.7752514,357.367859,0,1,0,3,3,0
249,747,1,8327300,0,0,255,0,255,0,0,0,0,0,12500,50,2.5,0,0,6,3609.10986,65.1452408,0,10.3668623,-19.58465,47.3137512,9.63696575,-20.7336617,349.837372,0,1,0,3,3,0
249,748,2,8327376,0,0,197,0,255,0,0,0,0,0,12500,50,2.5,0,0,6,3644.00586,16.6762371,0,9.33057785,-20.8287544,65.1149292,8.52398396,-21.3952904,354.465271,0,1,0,2,2,0
249,749,3,8327452,0,0,84,0,255,0,0,0,0,0,12500,50,2.5,0,0,6,3561.92725,14.0508404,0,8.7804451,-21.2037392,70.4468689,7.86603069,-21.712656,357.758118,0,1,0,2,2,0
250,750,1,8327300,0,0,255,0,255,0,0,0,0,0,12550,50,2.5,0,0,6,3603.46704,77.5005341,0,10.6258059,-19.1149025,45.4630432,9.76902199,-20.6322765,349.297974,0,1,0,4,4,0
250,751,2,8327376,0,0,213,0,255,0,0,0,0,0,12550,50,2.5,0,0,6,3656.0564,20.9122028,0,9.45458603,-20.7229805,61.9349365,8.67727184,-21.3238697,353.724579,0,1,0,2,2,0
250,752,3,8327452,0,0,97,0,255,0,0,0,0,0,12550,50,2.5,0,0,6,3581.77026,13.7570953,0,8.90539455,-21.1294537,69.4804688,8.01823902,-21.647171,357.391785,0,1,0,2,2,0
251,753,1,8327300,0,0,248,0,255,0,0,0,0,0,12600,50,2.5,0,0,6,3595.78809,90.362587,0,10.7121992,-18.9395561,43.5045166,9.89806557,-20.5277004,349.422638,0,1,0,4,4,0
251,754,2,8327376,0,0,235,0,255,0,0,0,0,0,12600,50,2.5,0,0,6,3665.55298,26.4201527,0,9.56826782,-20.6168518,60.3696899,8.82936096,-21.2489986,352.916046,0,1,0,2,2,0
251,755,3,8327452,0,0,112,0,255,0,0,0,0,0,12600,50,2.5,0,0,6,3600.59497,13.1793871,0,9.03569221,-21.0458736,68.3412476,8.17015839,-21.5788345,356.961517,0,1,0,2,2,0
252,756,1,8327300,0,0,234,0,255,0,0,0,0,0,12650,50,2.5,0,0,6,3587.00415,103.748627,0,10.78584,-18.7819786,41.8392334,10.0239325,-20.4200115,349.594177,0,1,0,4,4,0
252,757,2,8327376,0,0,255,0,255,0,0,0,0,0,12650,50,2.5,0,0,6,3671.76392,33.2735825,0,9.67610168,-20.5079079,58.6999512,8.97994328,-21.1705818,352.118958,0,1,0,2,2,0
252,758,3,8327452,0,0,129,0,255,0,0,0,0,0,12650,50,2.5,0,0,6,3618.56641,12.9039869,0,9.16825199,-20.9535522,67.0108643,8.32168293,-21.5076351,356.449188,0,1,0,2,2,0
253,759,1,8327300,0,0,223,0,255,0,0,0,0,0,12700,50,2.5,0,0,6,3577.78149,116.841568,0,11.0130672,-18.2437744,40.1028137,10.1464596,-20.3092632,349.644836,0,1,0,5,5,0
253,760,2,8327376,0,0,255,0,255,0,0,0,0,0,12700,50,2.5,0,0,6,3674.5647,42.0893784,0,9.78740311,-20.386528,56.7683105,9.12870502,-21.0885639,351.317871,0,1,0,2,2,0
253,761,3,8327452,0,0,147,0,255,0,0,0,0,0,12700,50,2.5,0,0,6,3635.28174,13.4224072,0,9.29175758,-20.8599052,65.6006165,8.47266388,-21.4335155,355.882385,0,1,0,2,2,0
254,762,1,8327300,0,0,202,0,255,0,0,0,0,0,12750,50,2.5,0,0,6,3567.6687,128.269821,0,11.0794344,-18.0702457,37.7242737,10.2654982,-20.1955223,349.968658,0,1,0,5,5,0
254,763,2,8327376,0,0,255,0,255,0,0,0,0,0,12750,50,2.5,0,0,6,3675.23291,53.286087,0,9.90091896,-20.2528267,54.5525513,9.27536678,-21.0028934,350.404724,0,1,0,2,2,0
254,764,3,8327452,0,0,163,0,255,0,0,0,0,0,12750,50,2.5,0,0,6,3650.37061,14.7719202,0,9.41041374,-20.7618141,62.4891968,8.62291145,-21.3563938,355.236053,0,1,0,2,2,0
255,765,1,8327300,0,0,192,0,255,0,0,0,0,0,12800,50,2.5,0,0,6,3558.11597,137.723801,0,11.2736139,-17.5138702,36.4447021,10.3808708,-20.0787964,350.132507,0,1,0,6,6,0
255,766,2,8327376,0,0,255,0,255,0,0,0,0,0,12800,50,2.5,0,0,6,3673.39404,65.468338,0,10.2036533,-19.8423557,52.2542725,9.41967297,-20.9135685,349.21048,0,1,0,3,3,0
255,767,3,8327452,0,0,185,0,255,0,0,0,0,0,12800,50,2.5,0,0,6,3663.63232,17.0301285,0,9.52201653,-20.6610851,61.0291443,8.77221107,-21.2761726,354.482971,0,1,0,2,2,0
256,768,1,8327300,0,0,178,0,255,0,0,0,0,0,12850,50,2.5,0,0,6,3547.60742,143.848938,0,11.3304281,-17.3360023,35.1702576,10.4924412,-19.9591522,350.491455,0,1,0,6,6,0
256,769,2,8327376,0,0,255,0,255,0,0,0,0,0,12850,50,2.5,0,0,6,3669.20337,78.079361,0,10.2969666,-19.6983929,48.8242188,9.56138992,-20.8206272,348.689301,0,1,0,3,3,0
256,770,3,8327452,0,0,207,0,255,0,0,0,0,0,12850,50,2.5,0,0,6,3674.32178,20.1963406,0,9.63456917,-20.5508499,59.3643494,8.92030144,-21.1927567,353.666718,0,1,0,2,2,0
257,771,1,8327300,0,0,166,0,255,0,0,0,0,0,12900,50,2.5,0,0,6,3537.56104,147.123474,0,11.5037918,-16.7450066,33.9517822,10.6000614,-19.8366299,350.769104,0,1,0,7,7,0
257,772,2,8327376,0,0,255,0,255,0,0,0,0,0,12900,50,2.5,0,0,6,3662.81738,91.0977325,0,10.57201,-19.2191544,46.6923828,9.70030689,-20.7241421,347.960693,0,1,0,4,4,0
257,773,3,8327452,0,0,228,0,255,0,0,0,0,0,12900,50,2.5,0,0,6,3682.10229,24.6601486,0,9.75262165,-20.4254646,57.3968506,9.06689358,-21.1060619,352.804169,0,1,0,2,2,0
258,774,1,8327300,0,0,153,0,255,0,0,0,0,0,12950,50,2.5,0,0,6,3527.74536,147.734344,0,11.5529718,-16.5628357,32.7810364,10.703599,-19.7112789,351.157288,0,1,0,7,7,0
258,775,2,8327376,0,0,255,0,255,0,0,0,0,0,12950,50,2.5,0,0,6,3654.38696,104.529877,0,10.6570911,-19.0525532,44.752655,9.83623505,-20.6242085,347.893097,0,1,0,4,4,0
258,776,3,8327452,0,0,244,0,255,0,0,0,0,0,12950,50,2.5,0,0,6,3686.6189,30.7818203,0,9.86269951,-20.298996,55.3248596,9.21168137,-21.0160332,352.003174,0,1,0,2,2,0
259,777,1,8327300,0,0,142,0,255,0,0,0,0,0,13000,50,2.5,0,0,6,3518.69775,145.620178,0,11.7079744,-15.9407997,31.6010742,10.8029299,-19.5831413,351.474823,0,1,0,8,8,0
259,778,2,8327376,0,0,255,0,255,0,0,0,0,0,13000,50,2.5,0,0,6,3644.05713,118.400658,0,10.8904524,-18.5444088,43.0303345,9.96900749,-20.5209484,347.744781,0,1,0,5,5,0
259,779,3,8327452,0,0,255,0,255,0,0,0,0,0,13000,50,2.5,0,0,6,3687.93457,38.8396339,0,9.96596813,-20.171463,53.1643372,9.35436535,-20.9226494,351.247589,0,1,0,2,2,0
260,780,1,8327300,0,0,131,0,255,0,0,0,0,0,13050,50,2.5,0,0,6,3510.47852,140.903809,0,11.7479954,-15.7672977,30.5831604,10.8979549,-19.4522705,351.866211,0,1,0,8,8,0
260,781,2,8327376,0,0,255,0,255,0,0,0,0,0,13050,50,2.5,0,0,6,3631.96484,132.748444,0,10.9628582,-18.3699131,41.2999268,10.0984783,-20.4144993,348.101929,0,1,0,5,5,0
260,782,3,8327452,0,0,255,0,255,0,0,0,0,0,13050,50,2.5,0,0,6,3686.21167,48.8521385,0,10.2659712,-19.7471924,49.538147,9.49466991,-20.8259258,350.095398,0,1,0,3,3,0
261,783,1,8327300,0,0,119,0,255,0,0,0,0,0,13100,50,2.5,0,0,6,3503.57422,133.930237,0,11.8819733,-15.1429529,29.1011658,10.9885998,-19.3187199,352.203461,0,1,0,9,9,0
261,784,2,8327376,0,0,248,0,255,0,0,0,0,0,13100,50,2.5,0,0,6,3618.24097,147.625336,0,11.1717863,-17.8151054,39.6580505,10.2245245,-20.3050156,348.448517,0,1,0,6,6,0
261,785,3,8327452,0,0,255,0,255,0,0,0,0,0,13100,50,2.5,0,0,6,3682.39771,60.6565933,0,10.3682547,-19.5823307,47.2851257,9.63235855,-20.7258873,349.72699,0,1,0,3,3,0
262,786,1,8327300,0,0,110,0,255,0,0,0,0,0,13150,50,2.5,0,0,6,3498.38745,125.125084,0,11.9189358,-14.9579248,28.2257385,11.0748129,-19.1825428,352.563324,0,1,0,9,9,0
262,787,2,8327376,0,0,219,0,0,255,0,0,0,0,13150,50,2.5,0,0,6,3603.67139,163.091125,0,11.2353535,-17.6296234,37.3031616,10.3470173,-20.192625,349.103882,0,1,0,6,6,0
262,788,3,8327452,0,0,255,0,255,0,0,0,0,0,13150,50,2.5,0,0,6,3676.31641,73.3590393,0,10.4557362,-19.432312,45.3989258,9.76721954,-20.6225967,349.44693,0,1,0,3,3,0
263,789,1,8327300,0,0,102,0,255,0,0,0,0,0,13200,50,2.5,0,0,6,3494.94067,114.719025,0,12.0393105,-14.3125668,27.3452148,11.1565924,-19.0438099,352.882507,0,1,0,10,10,0
263,790,2,8327376,0,0,197,0,0,255,0,0,0,0,13200,50,2.5,0,0,6,3490.1582,178.135544,0,11.4143915,-17.059269,36.0800171,10.4639177,-20.0823803,349.531921,0,1,0,7,7,0
263,791,3,8327452,0,0,255,0,255,0,0,0,0,0,13200,50,2.5,0,0,6,3668.11523,86.6354446,0,10.7163277,-18.9309235,43.40979,9.89906788,-20.5161457,349.107819,0,1,0,4,4,0
264,792,1,8327300,0,0,94,0,255,0,0,0,0,0,13250,50,2.5,0,0,6,3493.65479,103.336174,0,12.0712423,-14.1295738,26.5293884,11.2339764,-18.9025974,353.23761,0,1,0,10,10,0
264,793,2,8327376,0,0,176,0,0,255,0,0,0,0,13250,50,2.5,0,0,6,3371.61157,203.708038,0,11.4657431,-16.8813438,34.8570251,10.5749683,-19.9742374,350.026459,0,1,0,7,7,0
264,794,3,8327452,0,0,245,0,255,0,0,0,0,0,13250,50,2.5,0,0,6,3657.94116,100.497238,0,10.7921829,-18.7680416,41.6979675,10.0277433,-20.4066525,349.279053,0,1,0,4,4,0
265,795,1,8327300,0,0,87,0,255,0,0,0,0,0,13300,50,2.5,0,0,6,3494.7666,91.6680603,0,12.1749535,-13.4978504,25.7746277,11.3070374,-18.7589855,353.553406,0,1,0,11,11,0
265,796,2,8327376,0,0,158,0,0,255,0,0,0,0,13300,50,2.5,0,0,6,3251.37817,219.84465,0,11.6194763,-16.3052139,33.8466187,10.6798611,-19.8680916,350.414093,0,1,0,8,8,0
265,797,3,8327452,0,0,232,0,255,0,0,0,0,0,13300,50,2.5,0,0,6,3647.04614,114.980011,0,11.0200615,-18.2258568,39.937561,10.1530924,-20.2941933,349.350067,0,1,0,5,5,0
266,798,1,8327300,0,0,80,0,255,0,0,0,0,0,13350,50,2.5,0,0,6,3498.3064,80.1030121,0,12.2034035,-13.3140087,24.9862671,11.3758879,-18.61306,353.892395,0,1,0,11,11,0
266,799,2,8327376,0,0,142,0,255,0,0,0,0,0,13350,50,2.5,0,0,6,3129.2627,228.243347,0,11.7636023,-15.6980877,32.7702026,10.7782831,-19.7638321,350.771729,0,1,0,9,9,0
266,800,3,8327452,0,0,211,0,255,0,0,0,0,0,13350,50,2.5,0,0,6,3635.48364,128.834259,0,11.0876188,-18.0482903,37.552002,10.2749634,-20.1788349,349.701996,0,1,0,5,5,0
267,801,1,8327300,0,0,73,0,255,0,0,0,0,0,13400,50,2.5,0,0,6,3504.34424,68.9956284,0,12.2303829,-13.1336346,24.2233887,11.4406729,-18.4649086,354.20639,0,1,0,11,11,0
267,802,2,8327376,0,0,130,0,255,0,0,0,0,0,13400,50,2.5,0,0,6,3110.23657,228.451141,0,11.7994442,-15.5357418,31.8016052,10.8716393,-19.6561165,351.194794,0,1,0,9,9,0
267,803,3,8327452,0,0,199,0,255,0,0,0,0,0,13400,50,2.5,0,0,6,3624.14746,140.900528,0,11.2810879,-17.4908886,36.2759705,10.3931799,-20.0605907,349.899841,0,1,0,6,6,0
268,804,1,8327300,0,0,68,0,255,0,0,0,0,0,13450,50,2.5,0,0,6,3512.81152,58.6124687,0,12.2547655,-12.9514265,23.4735718,11.5015688,-18.3146229,354.471832,0,1,0,11,11,0
268,805,2,8327376,0,0,121,0,255,0,0,0,0,0,13450,50,2.5,0,0,6,3094.82886,206.540817,0,11.9246845,-14.9286203,30.8739624,10.9600372,-19.5450745,351.548859,0,1,0,10,10,0
268,806,3,8327452,0,0,184,0,255,0,0,0,0,0,13450,50,2.5,0,0,6,3611.84668,149.590881,0,11.3393383,-17.3074341,34.9706421,10.5075979,-19.9395218,350.275024,0,1,0,6,6,0
269,807,1,8327300,0,0,63,0,255,0,0,0,0,0,13500,50,2.5,0,0,6,3523.48975,49.0991631,0,12.2766409,-12.764164,22.7243347,11.5587797,-18.1622963,354.701935,0,1,0,11,11,0
269,808,2,8327376,0,0,111,0,255,0,0,0,0,0,13500,50,2.5,0,0,6,3084.0542,183.646225,0,11.9535189,-14.7794027,30.0377197,11.0435848,-19.4308205,351.970398,0,1,0,10,10,0
269,809,3,8327452,0,0,171,0,255,0,0,0,0,0,13500,50,2.5,0,0,6,3599.74316,155.20192,0,11.5149832,-16.7041512,33.6855469,10.6180601,-19.8156643,350.575531,0,1,0,7,7,0
270,810,1,8327300,0,0,59,0,255,0,0,0,0,0,13550,50,2.5,0,0,6,3536.24707,40.6610565,0,12.2966995,-12.5649471,22.0106812,11.612525,-18.0080223,354.892883,0,1,0,11,11,0
270,811,2,8327376,0,0,101,0,255,0,0,0,0,0,13550,50,2.5,0,0,6,3077.93848,161.586594,0,12.0660448,-14.1597099,28.7358093,11.1223869,-19.3134613,352.337585,0,1,0,11,11,0
270,812,3,8327452,0,0,158,0,255,0,0,0,0,0,13550,50,2.5,0,0,6,3587.66577,157.783737,0,11.5613422,-16.5311337,32.582489,10.7244215,-19.6890621,350.971619,0,1,0,7,7,0
271,813,1,8327300,0,0,55,0,255,0,0,0,0,0,13600,50,2.5,0,0,6,3550.77686,33.3621674,0,12.2641191,-12.8745441,21.4442749,11.6630335,-17.8518925,355.177917,0,1,0,10,10,0
271,814,2,8327376,0,0,93,0,255,0,0,0,0,0,13600,50,2.5,0,0,6,3076.22485,140.512863,0,12.0952206,-13.9886894,27.9496155,11.1965666,-19.1930962,352.722809,0,1,0,11,11,0
271,815,3,8327452,0,0,146,0,255,0,0,0,0,0,13600,50,2.5,0,0,6,3576.05469,157.271683,0,11.7138071,-15.9158611,31.4532471,10.8265438,-19.5597553,351.321716,0,1,0,8,8,0
272,816,1,8327300,0,0,51,0,255,0,0,0,0,0,13650,50,2.5,0,0,6,3566.83179,27.1728191,0,12.285676,-12.6782875,20.8080139,11.710537,-17.6939945,355.358582,0,1,0,10,10,0
272,817,2,8327376,0,0,87,0,255,0,0,0,0,0,13650,50,2.5,0,0,6,3078.67432,120.49324,0,12.195467,-13.3657684,27.2186279,11.2662773,-19.069828,353.066315,0,1,0,12,12,0
272,818,3,8327452,0,0,135,0,255,0,0,0,0,0,13650,50,2.5,0,0,6,3565.12915,153.842972,0,11.8543406,-15.2775192,30.311554,10.9243069,-19.4277878,351.661774,0,1,0,9,9,0
273,819,1,8327300,0,0,48,0,255,0,0,0,0,0,13700,50,2.5,0,0,6,3584.12769,22.0098133,0,12.3036041,-12.4882584,20.2058105,11.7552652,-17.5344124,355.50589,0,1,0,10,10,0
273,820,2,8327376,0,0,80,0,255,0,0,0,0,0,13700,50,2.5,0,0,6,3085.13599,101.910385,0,12.2180805,-13.2173119,26.5621033,11.3317013,-18.9437656,353.443695,0,1,0,12,12,0
273,821,3,8327452,0,0,122,0,255,0,0,0,0,0,13700,50,2.5,0,0,6,3555.22144,147.750671,0,11.8902273,-15.1021328,28.9056091,11.0176144,-19.2932091,352.081482,0,1,0,9,9,0
274,822,1,8327300,0,0,47,0,255,0,0,0,0,0,13750,50,2.5,0,0,6,3602.36841,17.738821,0,12.3181801,-12.3078909,19.6413574,11.7974405,-17.3732243,355.632233,0,1,0,10,10,0
274,823,2,8327376,0,0,74,0,255,0,0,0,0,0,13750,50,2.5,0,0,6,3095.50098,85.1907272,0,12.2430172,-13.0422163,25.8066101,11.3930407,-18.8150139,353.78479,0,1,0,12,12,0
274,824,3,8327452,0,0,113,0,255,0,0,0,0,0,13750,50,2.5,0,0,6,3546.91968,139.427002,0,12.0120516,-14.464735,28.0375061,11.1063843,-19.1560631,352.411713,0,1,0,10,10,0
275,825,1,8327300,0,0,45,0,255,0,0,0,0,0,13800,50,2.5,0,0,6,3621.27002,14.2607031,0,12.2930489,-12.6036272,19.0072327,11.8372679,-17.2105064,355.861542,0,1,0,9,9,0
275,826,2,8327376,0,0,69,0,255,0,0,0,0,0,13800,50,2.5,0,0,6,3109.3396,70.3955841,0,12.2624378,-12.8886862,25.1638184,11.4505215,-18.6836796,354.091064,0,1,0,12,12,0
275,827,3,8327452,0,0,104,0,255,0,0,0,0,0,13800,50,2.5,0,0,6,3540.125,129.040512,0,12.0472107,-14.2677746,27.1429443,11.1905909,-19.0164108,352.789917,0,1,0,10,10,0
276,828,1,8327300,0,0,43,0,255,0,0,0,0,0,13850,50,2.5,0,0,6,3640.66602,11.5165997,0,12.3097315,-12.4158211,18.4109802,11.8749323,-17.0463295,356.005371,0,1,0,9,9,0
276,829,2,8327376,0,0,64,0,255,0,0,0,0,0,13850,50,2.5,0,0,6,3126.2854,57.5117569,0,12.2825241,-12.7088957,24.4325562,11.5043869,-18.5498734,354.36264,0,1,0,12,12,0
276,830,3,8327452,0,0,96,0,255,0,0,0,0,0,13850,50,2.5,0,0,6,3535.48389,117.276291,0,12.1532745,-13.6348104,26.3699646,11.2702417,-18.8743191,353.123596,0,1,0,11,11,0
277,831,1,8327300,0,0,42,0,255,0,0,0,0,0,13900,50,2.5,0,0,6,3660.3418,9.36227417,0,12.3243589,-12.2217703,17.7991638,11.9106035,-16.8807564,356.12674,0,1,0,9,9,0
277,832,2,8327376,0,0,60,0,255,0,0,0,0,0,13900,50,2.5,0,0,6,3145.95679,46.5493202,0,12.2989435,-12.5405598,23.7660522,11.5548878,-18.4136982,354.605743,0,1,0,12,12,0
277,833,3,8327452,0,0,88,0,255,0,0,0,0,0,13900,50,2.5,0,0,6,3533.16943,104.859879,0,12.1824303,-13.4499931,25.5678101,11.3453875,-18.7298603,353.482361,0,1,0,11,11,0
278,834,1,8327300,0,0,41,0,255,0,0,0,0,0,13950,50,2.5,0,0,6,3680.11987,7.65308571,0,12.3366938,-12.0254469,17.1856995,11.9444323,-16.7138462,356.235382,0,1,0,9,9,0
278,835,2,8327376,0,0,55,0,255,0,0,0,0,0,13950,50,2.5,0,0,6,3167.87891,37.3774681,0,12.2648153,-12.8686323,23.1394043,11.6022778,-18.2752571,354.944763,0,1,0,11,11,0
278,836,3,8327452,0,0,81,0,255,0,0,0,0,0,13950,50,2.5,0,0,6,3533.42334,92.2670364,0,12.2122679,-13.2557602,24.7380981,11.4161177,-18.5831108,353.813965,0,1,0,11,11,0
279,837,1,8327300,0,0,39,0,255,0,0,0,0,0,14000,50,2.5,0,0,6,3699.88696,6.31317663,0,12.3156433,-12.3413734,16.5768433,11.9765472,-16.5456524,356.455505,0,1,0,8,8,0
279,838,2,8327376,0,0,51,0,255,0,0,0,0,0,14000,50,2.5,0,0,6,3191.68604,29.8332291,0,12.2844419,-12.6903486,22.4328003,11.6468086,-18.1346493,355.163696,0,1,0,11,11,0
279,839,3,8327452,0,0,75,0,255,0,0,0,0,0,14000,50,2.5,0,0,6,3536.27124,79.913475,0,12.2372704,-13.0845413,24.0184326,11.482564,-18.4341564,354.117859,0,1,0,11,11,0
280,840,1,8327300,0,0,38,0,255,0,0,0,0,0,14050,50,2.5,0,0,6,3719.57251,5.27133942,0,12.3285646,-12.1589499,15.9882507,12.0070677,-16.3762264,356.576141,0,1,0,8,8,0
280,841,2,8327376,0,0,49,0,255,0,0,0,0,0,14050,50,2.5,0,0,6,3216.92529,23.6743317,0,12.2999086,-12.5299015,21.8995972,11.6887264,-17.9919662,355.355286,0,1,0,11,11,0
280,842,3,8327452,0,0,69,0,255,0,0,0,0,0,14050,50,2.5,0,0,6,3541.71167,68.167984,0,12.2610998,-12.8998404,23.2646484,11.5448952,-18.283083,354.382263,0,1,0,11,11,0
281,843,1,8327300,0,0,37,0,255,0,0,0,0,0,14100,50,2.5,0,0,6,3739.06177,4.43740129,0,12.3401575,-11.9625263,16.1613464,12.0360966,-16.205616,356.678406,0,1,0,8,8,0
281,844,2,8327376,0,0,46,0,255,0,0,0,0,0,14100,50,2.5,0,0,6,3243.20801,18.6967354,0,12.3146391,-12.3543749,21.348053,11.7282619,-17.8472958,355.531921,0,1,0,11,11,0
281,845,3,8327452,0,0,64,0,255,0,0,0,0,0,14100,50,2.5,0,0,6,3549.68945,57.3689957,0,12.2822084,-12.7119217,22.5180359,11.6033068,-18.1299801,354.60498,0,1,0,11,11,0
282,846,1,8327300,0,0,36,0,255,0,0,0,0,0,14150,50,2.5,0,0,6,3758.30811,3.77132916,0,12.349638,-11.7639313,15.6548462,12.0637226,-16.0338631,356.763733,0,1,0,8,8,0
282,847,2,8327376,0,0,44,0,255,0,0,0,0,0,14150,50,2.5,0,0,6,3270.26929,14.7789564,0,12.3273516,-12.1774569,20.8000793,11.7656288,-17.7007217,355.684937,0,1,0,11,11,0
282,848,3,8327452,0,0,60,0,255,0,0,0,0,0,14150,50,2.5,0,0,6,3559.97119,47.6767693,0,12.3016787,-12.5101423,21.8372803,11.6580191,-17.9749393,354.791504,0,1,0,11,11,0
283,849,1,8327300,0,0,34,0,255,0,0,0,0,0,14200,50,2.5,0,0,6,3777.26636,3.24258256,0,12.3340626,-12.0706491,15.1042175,12.090023,-15.8610096,356.960571,0,1,0,7,7,0
283,850,2,8327376,0,0,40,0,255,0,0,0,0,0,14200,50,2.5,0,0,6,3297.78345,11.7143021,0,12.3033667,-12.4909678,20.2144165,11.8010206,-17.5523186,355.966156,0,1,0,10,10,0
283,851,3,8327452,0,0,57,0,255,0,0,0,0,0,14200,50,2.5,0,0,6,3572.3125,39.1816711,0,12.3174438,-12.317708,21.2328796,11.7092676,-17.8180504,354.956543,0,1,0,11,11,0
284,852,1,8327300,0,0,33,0,255,0,0,0,0,0,14250,50,2.5,0,0,6,3795.92261,2.8192358,0,12.3440781,-11.8857641,14.6115112,12.1150703,-15.6870928,357.04895,0,1,0,7,7,0
284,853,2,8327376,0,0,38,0,255,0,0,0,0,0,14250,50,2.5,0,0,6,3325.58887,9.32535172,0,12.3175726,-12.3159924,19.6656799,11.8346186,-17.4021587,356.104218,0,1,0,10,10,0
284,854,3,8327452,0,0,52,0,255,0,0,0,0,0,14250,50,2.5,0,0,6,3586.41602,31.9334259,0,12.2900295,-12.6347418,20.6687622,11.7572908,-17.6594009,355.243408,0,1,0,10,10,0
285,855,1,8327300,0,0,33,0,255,0,0,0,0,0,14300,50,2.5,0,0,6,3814.2312,2.46323395,0,12.3532238,-11.6745214,14.0435791,12.1389294,-15.5121498,357.11261,0,1,0,7,7,0
285,856,2,8327376,0,0,38,0,255,0,0,0,0,0,14300,50,2.5,0,0,6,3353.4397,7.43267584,0,12.3300495,-12.1358395,19.1101074,11.8665857,-17.2503071,356.220764,0,1,0,10,10,0
285,857,3,8327452,0,0,49,0,255,0,0,0,0,0,14300,50,2.5,0,0,6,3602.07764,25.8995876,0,12.3082371,-12.4339132,20.0344543,11.8023262,-17.4990749,355.391602,0,1,0,10,10,0
286,858,1,8327300,0,0,32,0,255,0,0,0,0,0,14350,50,2.5,0,0,6,3832.1665,2.16615176,0,12.3596678,-11.4798126,13.5148315,12.1616507,-15.336216,357.171051,0,1,0,7,7,0
286,859,2,8327376,0,0,36,0,255,0,0,0,0,0,14350,50,2.5,0,0,6,3381.17676,5.94244957,0,12.3048487,-12.473897,18.5953979,11.8970604,-17.0968227,356.446777,0,1,0,9,9,0
286,860,3,8327452,0,0,48,0,255,0,0,0,0,0,14350,50,2.5,0,0,6,3618.89062,20.8744774,0,12.3221521,-12.2533054,19.4720459,11.8446093,-17.3371525,355.521973,0,1,0,10,10,0
287,861,1,8327300,0,0,30,0,255,0,0,0,0,0,14400,50,2.5,0,0,6,3849.73511,1.93353236,0,12.3477745,-11.8067646,12.9574585,12.183279,-15.1593227,357.346191,0,1,0,6,6,0
287,862,2,8327376,0,0,34,0,255,0,0,0,0,0,14400,50,2.5,0,0,6,3408.729,4.82028627,0,12.3189316,-12.2977657,18.0393677,11.9261627,-16.9417648,356.583832,0,1,0,9,9,0
287,863,3,8327452,0,0,47,0,255,0,0,0,0,0,14400,50,2.5,0,0,6,3636.57397,16.7460785,0,12.3353806,-12.0482674,18.8419189,11.8843613,-17.1737099,355.642944,0,1,0,10,10,0
288,864,1,8327300,0,0,30,0,255,0,0,0,0,0,14450,50,2.5,0,0,6,3866.9375,1.74482977,0,12.3557701,-11.6039553,12.3722534,12.2038622,-14.9815006,357.398865,0,1,0,6,6,0
288,865,2,8327376,0,0,34,0,255,0,0,0,0,0,14450,50,2.5,0,0,6,3435.98438,3.95827651,0,12.3313246,-12.1155634,17.4678955,11.9540014,-16.7851849,356.693878,0,1,0,9,9,0
288,866,3,8327452,0,0,45,0,255,0,0,0,0,0,14450,50,2.5,0,0,6,3654.90234,13.4794493,0,12.3132944,-12.3715372,18.2710876,11.9217796,-17.0088177,355.888794,0,1,0,9,9,0
289,867,1,8327300,0,0,29,0,255,0,0,0,0,0,14500,50,2.5,0,0,6,3883.73804,1.57261574,0,12.3621855,-11.3841038,11.7278137,12.2234373,-14.8027811,357.434265,0,1,0,6,6,0
289,868,2,8327376,0,0,33,0,255,0,0,0,0,0,14500,50,2.5,0,0,6,3462.84937,3.27230453,0,12.3416901,-11.9332962,16.8988037,11.9806643,-16.6271324,356.797089,0,1,0,9,9,0
289,869,3,8327452,0,0,43,0,255,0,0,0,0,0,14500,50,2.5,0,0,6,3673.66846,10.9388599,0,12.3274136,-12.1765318,17.6585083,11.9570446,-16.8425407,356.031006,0,1,0,9,9,0
290,870,1,8327300,0,0,29,0,255,0,0,0,0,0,14550,50,2.5,0,0,6,3900.15918,1.43013799,0,12.3660669,-11.1900673,11.1494751,12.2420378,-14.6231918,357.456116,0,1,0,6,6,0
290,871,2,8327376,0,0,31,0,255,0,0,0,0,0,14550,50,2.5,0,0,6,3489.29932,2.7484479,0,12.3226318,-12.2465343,16.2695618,12.0062256,-16.4676514,357.000732,0,1,0,8,8,0
290,872,3,8327452,0,0,42,0,255,0,0,0,0,0,14550,50,2.5,0,0,6,3692.67432,8.93804264,0,12.3397465,-11.9702301,17.0145874,11.9903202,-16.6749382,356.150879,0,1,0,9,9,0
291,873,1,8327300,0,0,28,0,255,0,0,0,0,0,14600,50,2.5,0,0,6,3916.18066,1.31088483,0,12.3589554,-11.5043116,10.4633179,12.2596903,-14.4427605,357.598816,0,1,0,5,5,0
291,874,2,8327376,0,0,30,0,255,0,0,0,0,0,14600,50,2.5,0,0,6,3515.302,2.34599686,0,12.3337097,-12.0765371,15.7212524,12.030755,-16.3067875,357.106323,0,1,0,8,8,0
291,875,3,8327452,0,0,41,0,255,0,0,0,0,0,14600,50,2.5,0,0,6,3711.75488,7.34431505,0,12.3487673,-11.784235,16.43573,12.0217514,-16.5060654,356.266083,0,1,0,9,9,0
292,876,1,8327300,0,0,28,0,255,0,0,0,0,0,14650,50,2.5,0,0,6,3931.82104,1.21426415,0,12.364151,-11.2956905,9.79269409,12.2764206,-14.2615128,357.625732,0,1,0,5,5,0
292,877,2,8327376,0,0,29,0,255,0,0,0,0,0,14650,50,2.5,0,0,6,3540.81641,2.01440525,0,12.3444376,-11.8783932,15.9455872,12.0543127,-16.1445808,357.186951,0,1,0,8,8,0
292,878,3,8327452,0,0,39,0,255,0,0,0,0,0,14650,50,2.5,0,0,6,3730.8147,6.09023523,0,12.3329315,-12.0894489,15.7620239,12.0514641,-16.3359756,356.487946,0,1,0,8,8,0
293,879,1,8327300,0,0,27,0,255,0,0,0,0,0,14700,50,2.5,0,0,6,3947.7771,1.13123059,0,12.3675213,-11.0853567,9.09854126,12.2922506,-14.079442,357.638611,0,1,0,5,5,0
293,880,2,8327376,0,0,29,0,255,0,0,0,0,0,14700,50,2.5,0,0,6,3565.83154,1.74410975,0,12.3527317,-11.6874542,15.4586182,12.0769501,-15.9810715,357.248535,0,1,0,8,8,0
293,881,3,8327452,0,0,38,0,255,0,0,0,0,0,14700,50,2.5,0,0,6,3749.77515,5.11148596,0,12.3430023,-11.9075079,16.0210876,12.0795736,-16.1647148,356.60907,0,1,0,8,8,0
294,882,1,8327300,0,0,28,0,255,0,0,0,0,0,14750,50,2.5,0,0,6,3963.34106,1.06169999,0,12.3691893,-10.8726168,8.37722778,12.3072004,-13.8965731,357.630432,0,1,0,5,5,0
294,883,2,8327376,0,0,27,0,255,0,0,0,0,0,14750,50,2.5,0,0,6,3590.32178,1.5254004,0,12.3362265,-12.0336218,15.0055847,12.0987062,-15.8162966,357.443329,0,1,0,7,7,0
294,884,3,8327452,0,0,37,0,255,0,0,0,0,0,14750,50,2.5,0,0,6,3768.53638,4.32390881,0,12.3519516,-11.7074499,15.5103149,12.1061792,-15.9923267,356.713898,0,1,0,8,8,0
295,885,1,8327300,0,0,51,0,255,0,0,0,0,0,14800,50,2.5,0,0,6,3978.48218,0.999504089,0,12.1595583,-4.87693357,9.85223389,12.3212795,-13.7129316,355.674683,0,1,0,15,15,0
295,886,2,8327376,0,0,27,0,255,0,0,0,0,0,14800,50,2.5,0,0,6,3614.30615,1.35611713,0,12.3466291,-11.8320265,14.4664917,12.1196232,-15.6502924,357.510559,0,1,0,7,7,0
295,887,3,8327452,0,0,36,0,255,0,0,0,0,0,14800,50,2.5,0,0,6,3787.0564,3.69144249,0,12.359354,-11.4906788,14.9528809,12.1313677,-15.8188534,356.799683,0,1,0,8,8,0
