G6 l60=0 m18c=1 spd=13.9732 grip=0 arm=lo kLo=1 1-kLo=0 ld4n=0 ld4avg=0 le4avg=0 avIn=(-2.2885e-10,0.00244082,7.41697e-11)
   G7 velDir=(-0.292570,0.000000,-0.956244) w0=(-0.298615,0.000000,-0.954374) w1=(-0.298615,0.000000,-0.954374) w2=(-0.005231,0.000000,-0.999986) w3=(-0.005231,0.000000,-0.999986) steer=(255,0)
G6 l60=8.0339 m18c=1 spd=27.3066 grip=219.378 arm=lo kLo=0.993305 1-kLo=0.00669491 ld4n=4 ld4avg=0.150085 le4avg=13.3822 avIn=(-4.69922e-11,0.000165923,6.25759e-12)
   G7 velDir=(-0.159079,0.000000,-0.987266) w0=(-0.301361,0.000000,-0.953510) w1=(-0.301361,0.000000,-0.953510) w2=(-0.005647,0.000000,-0.999984) w3=(-0.005647,0.000000,-0.999984) steer=(255,0)
G6 l60=16.2841 m18c=1 spd=41.5708 grip=676.942 arm=lo kLo=0.979341 1-kLo=0.0206586 ld4n=4 ld4avg=0.150891 le4avg=26.9799 avIn=(-5.07463e-11,0.000538039,1.88305e-11)
   G7 velDir=(-0.114116,0.000000,-0.993467) w0=(-0.304482,0.000000,-0.952518) w1=(-0.304482,0.000000,-0.952518) w2=(-0.006459,0.000000,-0.999979) w3=(-0.006459,0.000000,-0.999979) steer=(255,0)
G6 l60=25.1395 m18c=1 spd=56.6627 grip=1424.47 arm=lo kLo=0.956529 1-kLo=0.0434715 ld4n=4 ld4avg=0.152095 le4avg=41.322 avIn=(-2.17029e-10,0.00109274,1.26674e-10)
   G7 velDir=(-0.092462,0.000000,-0.995716) w0=(-0.308004,0.000000,-0.951385) w1=(-0.308004,0.000000,-0.951385) w2=(-0.007696,0.000000,-0.999970) w3=(-0.007696,0.000000,-0.999970) steer=(255,0)
G6 l60=34.6085 m18c=1 spd=72.5934 grip=2512.35 arm=lo kLo=0.923329 1-kLo=0.0766707 ld4n=4 ld4avg=0.153282 le4avg=56.4458 avIn=(-4.79692e-11,0.00267966,8.33029e-11)
   G7 velDir=(-0.080800,0.000000,-0.996730) w0=(-0.311948,0.000000,-0.950099) w1=(-0.311948,0.000000,-0.950099) w2=(-0.009382,0.000000,-0.999956) w3=(-0.009382,0.000000,-0.999956) steer=(255,0)
G6 l60=44.7005 m18c=1 spd=89.399 grip=3996.18 arm=lo kLo=0.878046 1-kLo=0.121954 ld4n=4 ld4avg=0.154379 le4avg=72.3874 avIn=(-2.79946e-11,0.00434004,1.20739e-10)
   G7 velDir=(-0.074657,0.000000,-0.997209) w0=(-0.316337,0.000000,-0.948647) w1=(-0.316337,0.000000,-0.948647) w2=(-0.011541,0.000000,-0.999933) w3=(-0.011541,0.000000,-0.999933) steer=(255,0)
G6 l60=55.4441 m18c=1 spd=107.12 grip=5939.19 arm=lo kLo=0.81875 1-kLo=0.18125 ld4n=4 ld4avg=0.155409 le4avg=89.1905 avIn=(-1.58059e-11,0.00671287,1.84392e-10)
   G7 velDir=(-0.072109,0.000000,-0.997397) w0=(-0.321192,0.000000,-0.947014) w1=(-0.321192,0.000000,-0.947014) w2=(-0.014200,0.000000,-0.999899) w3=(-0.014200,0.000000,-0.999899) steer=(255,0)
G6 l60=66.8303 m18c=1 spd=125.803 grip=8407.48 arm=lo kLo=0.743424 1-kLo=0.256576 ld4n=4 ld4avg=0.156292 le4avg=106.899 avIn=(-1.88799e-13,0.0100112,2.74504e-10)
   G7 velDir=(-0.072299,0.000000,-0.997383) w0=(-0.326537,0.000000,-0.945184) w1=(-0.326537,0.000000,-0.945184) w2=(-0.017387,0.000000,-0.999849) w3=(-0.017387,0.000000,-0.999849) steer=(255,0)
G6 l60=78.827 m18c=1 spd=145.499 grip=11469.3 arm=lo kLo=0.649985 1-kLo=0.350015 ld4n=4 ld4avg=0.156948 le4avg=125.561 avIn=(2.20115e-11,0.0145507,3.99143e-10)
   G7 velDir=(-0.074886,0.000000,-0.997192) w0=(-0.332397,0.000000,-0.943140) w1=(-0.332397,0.000000,-0.943140) w2=(-0.021129,0.000000,-0.999777) w3=(-0.021129,0.000000,-0.999777) steer=(255,0)
G6 l60=91.354 m18c=1 spd=166.265 grip=15188.9 arm=lo kLo=0.53647 1-kLo=0.46353 ld4n=4 ld4avg=0.157255 le4avg=145.228 avIn=(5.41818e-11,0.0208045,5.71239e-10)
   G7 velDir=(-0.079863,0.000000,-0.996806) w0=(-0.338794,0.000000,-0.940861) w1=(-0.338794,0.000000,-0.940861) w2=(-0.025456,0.000000,-0.999676) w3=(-0.025456,0.000000,-0.999676) steer=(255,0)
G6 l60=104.249 m18c=1 spd=188.165 grip=19616.1 arm=lo kLo=0.5 1-kLo=0.5 ld4n=4 ld4avg=0.157031 le4avg=165.958 avIn=(1.0136e-10,0.0294881,8.10333e-10)
   G7 velDir=(-0.087535,0.000000,-0.996161) w0=(-0.345756,0.000000,-0.938325) w1=(-0.345756,0.000000,-0.938325) w2=(-0.030401,0.000000,-0.999538) w3=(-0.030401,0.000000,-0.999538) steer=(255,0)
G6 l60=117.952 m18c=1 spd=211.286 grip=24921.7 arm=lo kLo=0.5 1-kLo=0.5 ld4n=4 ld4avg=0.15698 le4avg=187.824 avIn=(1.49572e-10,0.0369582,1.01654e-09)
   G7 velDir=(-0.098582,0.000000,-0.995129) w0=(-0.353308,0.000000,-0.935507) w1=(-0.353308,0.000000,-0.935507) w2=(-0.035996,0.000000,-0.999352) w3=(-0.035996,0.000000,-0.999352) steer=(255,0)
G6 l60=133.036 m18c=1 spd=235.752 grip=31363.4 arm=lo kLo=0.5 1-kLo=0.5 ld4n=4 ld4avg=0.15765 le4avg=210.93 avIn=(1.97132e-10,0.0426563,1.17375e-09)
   G7 velDir=(-0.114612,0.000000,-0.993410) w0=(-0.361479,0.000000,-0.932380) w1=(-0.361479,0.000000,-0.932380) w2=(-0.042276,0.000000,-0.999106) w3=(-0.042276,0.000000,-0.999106) steer=(255,0)
G6 l60=149.469 m18c=1 spd=261.701 grip=39116.2 arm=hi kLo=0.5 1-kLo=0.5 ld4n=4 ld4avg=0.158699 le4avg=235.407 avIn=(2.46867e-10,0.0474023,1.30222e-09)
   G7 velDir=(-0.135337,0.000000,-0.990800) w0=(-0.370298,0.000000,-0.928913) w1=(-0.370298,0.000000,-0.928913) w2=(-0.049283,0.000000,-0.998785) w3=(-0.049283,0.000000,-0.998785) steer=(255,0)
G6 l60=163.423 m18c=1 spd=275.896 grip=45087.7 arm=hi kLo=0.5 1-kLo=0.5 ld4n=4 ld4avg=0.156431 le4avg=261.076 avIn=(3.77696e-10,0.0664799,1.82317e-09)
   G7 velDir=(-0.133336,0.000000,-0.991071) w0=(-0.379799,0.000000,-0.925069) w1=(-0.379799,0.000000,-0.925069) w2=(-0.057057,0.000000,-0.998371) w3=(-0.057057,0.000000,-0.998371) steer=(255,0)
G6 l60=170.315 m18c=1 spd=290.875 grip=49540.6 arm=hi kLo=0.5 1-kLo=0.5 ld4n=4 ld4avg=0.154585 le4avg=275.309 avIn=(5.16572e-10,0.0836754,2.29694e-09)
   G7 velDir=(-0.133851,0.000000,-0.991002) w0=(-0.389648,0.000000,-0.920964) w1=(-0.389648,0.000000,-0.920964) w2=(-0.065250,0.000000,-0.997869) w3=(-0.065250,0.000000,-0.997869) steer=(255,0)
G6 l60=178.234 m18c=1 spd=306.663 grip=54657.9 arm=hi kLo=0.5 1-kLo=0.5 ld4n=4 ld4avg=0.153406 le4avg=290.306 avIn=(6.64945e-10,0.0995616,2.73922e-09)
   G7 velDir=(-0.136369,0.000000,-0.990658) w0=(-0.399861,0.000000,-0.916576) w1=(-0.399861,0.000000,-0.916576) w2=(-0.073882,0.000000,-0.997267) w3=(-0.073882,0.000000,-0.997267) steer=(255,0)
G6 l60=187.096 m18c=1 spd=323.288 grip=60485.9 arm=hi kLo=0.5 1-kLo=0.5 ld4n=4 ld4avg=0.152721 le4avg=306.096 avIn=(8.24137e-10,0.114551,3.16128e-09)
   G7 velDir=(-0.140511,0.000000,-0.990079) w0=(-0.410454,0.000000,-0.911881) w1=(-0.410454,0.000000,-0.911881) w2=(-0.082977,0.000000,-0.996551) w3=(-0.082977,0.000000,-0.996551) steer=(255,0)
G6 l60=196.852 m18c=1 spd=340.784 grip=67083.9 arm=hi kLo=0.5 1-kLo=0.5 ld4n=4 ld4avg=0.152409 le4avg=322.712 avIn=(9.95758e-10,0.128974,3.5721e-09)
   G7 velDir=(-0.145994,0.000000,-0.989286) w0=(-0.421440,0.000000,-0.906856) w1=(-0.421440,0.000000,-0.906856) w2=(-0.092558,0.000000,-0.995707) w3=(-0.092558,0.000000,-0.995707) steer=(255,0)
G6 l60=207.471 m18c=1 spd=359.188 grip=74521.1 arm=hi kLo=0.5 1-kLo=0.5 ld4n=4 ld4avg=0.152379 le4avg=340.188 avIn=(1.18172e-09,0.1431,3.97908e-09)
   G7 velDir=(-0.152606,0.000000,-0.988287) w0=(-0.432833,0.000000,-0.901474) w1=(-0.432833,0.000000,-0.901474) w2=(-0.102648,0.000000,-0.994718) w3=(-0.102648,0.000000,-0.994718) steer=(255,0)
G6 l60=218.94 m18c=1 spd=378.538 grip=82877 arm=hi kLo=0.5 1-kLo=0.5 ld4n=4 ld4avg=0.152563 le4avg=358.563 avIn=(1.38424e-09,0.157154,4.38843e-09)
   G7 velDir=(-0.160197,0.000000,-0.987085) w0=(-0.444649,0.000000,-0.895705) w1=(-0.444649,0.000000,-0.895705) w2=(-0.113271,0.000000,-0.993564) w3=(-0.113271,0.000000,-0.993564) steer=(255,0)
G6 l60=231.251 m18c=1 spd=398.878 grip=92240.9 arm=hi kLo=0.5 1-kLo=0.5 ld4n=4 ld4avg=0.152908 le4avg=377.877 avIn=(1.60591e-09,0.171333,4.80555e-09)
   G7 velDir=(-0.168655,0.000000,-0.985675) w0=(-0.456899,0.000000,-0.889518) w1=(-0.456899,0.000000,-0.889518) w2=(-0.124452,0.000000,-0.992226) w3=(-0.124452,0.000000,-0.992226) steer=(255,0)
G6 l60=244.408 m18c=1 spd=420.251 grip=102713 arm=hi kLo=0.5 1-kLo=0.5 ld4n=4 ld4avg=0.153374 le4avg=398.173 avIn=(1.84967e-09,0.18581,5.2352e-09)
   G7 velDir=(-0.177902,0.000000,-0.984048) w0=(-0.469598,0.000000,-0.882880) w1=(-0.469598,0.000000,-0.882880) w2=(-0.136218,0.000000,-0.990679) w3=(-0.136218,0.000000,-0.990679) steer=(255,0)
G6 l60=261.757 m18c=1 spd=442.702 grip=115881 arm=hi kLo=0.5 1-kLo=0.5 ld4n=4 ld4avg=0.15592 le4avg=419.494 avIn=(2.1141e-09,0.200734,5.67998e-09)
   G7 velDir=(-0.187885,0.000000,-0.982191) w0=(-0.482758,0.000000,-0.875754) w1=(-0.482758,0.000000,-0.875754) w2=(-0.148592,0.000000,-0.988899) w3=(-0.148592,0.000000,-0.988899) steer=(255,0)
G6 l60=282.376 m18c=1 spd=466.279 grip=131666 arm=hi kLo=0.5 1-kLo=0.5 ld4n=4 ld4avg=0.159688 le4avg=441.886 avIn=(2.39919e-09,0.216213,6.14202e-09)
   G7 velDir=(-0.198572,0.000000,-0.980086) w0=(-0.496389,0.000000,-0.868100) w1=(-0.496389,0.000000,-0.868100) w2=(-0.161603,0.000000,-0.986856) w3=(-0.161603,0.000000,-0.986856) steer=(255,0)
G6 l60=304.349 m18c=1 spd=491.028 grip=149444 arm=hi kLo=0.5 1-kLo=0.5 ld4n=4 ld4avg=0.163431 le4avg=465.395 avIn=(2.7083e-09,0.232344,6.62416e-09)
   G7 velDir=(-0.209942,0.000000,-0.977714) w0=(-0.510502,0.000000,-0.859877) w1=(-0.510502,0.000000,-0.859877) w2=(-0.175276,0.000000,-0.984519) w3=(-0.175276,0.000000,-0.984519) steer=(255,0)
G6 l60=327.832 m18c=1 spd=517.001 grip=169489 arm=hi kLo=0.5 1-kLo=0.5 ld4n=4 ld4avg=0.167187 le4avg=490.069 avIn=(3.04475e-09,0.249215,7.12879e-09)
   G7 velDir=(-0.221987,0.000000,-0.975050) w0=(-0.525106,0.000000,-0.851037) w1=(-0.525106,0.000000,-0.851037) w2=(-0.189639,0.000000,-0.981854) w3=(-0.189639,0.000000,-0.981854) steer=(255,0)
G6 l60=352.979 m18c=1 spd=544.247 grip=192108 arm=hi kLo=0.5 1-kLo=0.5 ld4n=4 ld4avg=0.17099 le4avg=515.957 avIn=(3.41191e-09,0.266906,7.65799e-09)
   G7 velDir=(-0.234705,0.000000,-0.972067) w0=(-0.540207,0.000000,-0.841532) w1=(-0.540207,0.000000,-0.841532) w2=(-0.204717,0.000000,-0.978821) w3=(-0.204717,0.000000,-0.978821) steer=(255,0)
G6 l60=379.951 m18c=1 spd=572.82 grip=217643 arm=hi kLo=0.5 1-kLo=0.5 ld4n=4 ld4avg=0.174866 le4avg=543.109 avIn=(3.81315e-09,0.285488,8.21342e-09)
   G7 velDir=(-0.248101,0.000000,-0.968734) w0=(-0.555810,0.000000,-0.831310) w1=(-0.555810,0.000000,-0.831310) w2=(-0.220538,0.000000,-0.975379) w3=(-0.220538,0.000000,-0.975379) steer=(255,0)
G6 l60=408.914 m18c=1 spd=602.769 grip=246481 arm=hi kLo=0.5 1-kLo=0.5 ld4n=4 ld4avg=0.178835 le4avg=571.575 avIn=(4.25187e-09,0.305024,8.79633e-09)
   G7 velDir=(-0.262183,0.000000,-0.965018) w0=(-0.571917,0.000000,-0.820312) w1=(-0.571917,0.000000,-0.820312) w2=(-0.237126,0.000000,-0.971479) w3=(-0.237126,0.000000,-0.971479) steer=(255,0)
G6 l60=440.043 m18c=1 spd=634.15 grip=279054 arm=hi kLo=0.5 1-kLo=0.5 ld4n=4 ld4avg=0.182916 le4avg=601.408 avIn=(4.73148e-09,0.325566,9.40745e-09)
   G7 velDir=(-0.276963,0.000000,-0.960880) w0=(-0.588527,0.000000,-0.808478) w1=(-0.588527,0.000000,-0.808478) w2=(-0.254508,0.000000,-0.967071) w3=(-0.254508,0.000000,-0.967071) steer=(255,0)
G6 l60=473.521 m18c=1 spd=667.015 grip=315846 arm=hi kLo=0.5 1-kLo=0.5 ld4n=4 ld4avg=0.187123 le4avg=632.659 avIn=(5.25528e-09,0.347152,1.0047e-08)
   G7 velDir=(-0.292456,0.000000,-0.956279) w0=(-0.605635,0.000000,-0.795743) w1=(-0.605635,0.000000,-0.795743) w2=(-0.272706,0.000000,-0.962098) w3=(-0.272706,0.000000,-0.962098) steer=(255,0)
G6 l60=509.542 m18c=1 spd=701.418 grip=357402 arm=hi kLo=0.5 1-kLo=0.5 ld4n=4 ld4avg=0.19147 le4avg=665.379 avIn=(5.82639e-09,0.369812,1.07153e-08)
   G7 velDir=(-0.308675,0.000000,-0.951168) w0=(-0.623233,0.000000,-0.782037) w1=(-0.623233,0.000000,-0.782037) w2=(-0.291742,0.000000,-0.956497) w3=(-0.291742,0.000000,-0.956497) steer=(255,0)
G6 l60=548.309 m18c=1 spd=735.781 grip=403436 arm=hi kLo=0.5 1-kLo=0.5 ld4n=4 ld4avg=0.19597 le4avg=699.62 avIn=(6.43968e-09,0.393633,1.14292e-08)
   G7 velDir=(-0.324836,0.000000,-0.945771) w0=(-0.641306,0.000000,-0.767286) w1=(-0.641306,0.000000,-0.767286) w2=(-0.311635,0.000000,-0.950202) w3=(-0.311635,0.000000,-0.950202) steer=(255,0)
G6 l60=590.593 m18c=1 spd=770.008 grip=454761 arm=hi kLo=0.5 1-kLo=0.5 ld4n=4 ld4avg=0.201265 le4avg=733.818 avIn=(7.10022e-09,0.417831,1.21299e-08)
   G7 velDir=(-0.341175,0.000000,-0.940000) w0=(-0.659798,0.000000,-0.751443) w1=(-0.659798,0.000000,-0.751443) w2=(-0.332358,0.000000,-0.943154) w3=(-0.332358,0.000000,-0.943154) steer=(255,0)
G6 l60=635.989 m18c=1 spd=804.073 grip=511382 arm=hi kLo=0.5 1-kLo=0.5 ld4n=4 ld4avg=0.207147 le4avg=767.872 avIn=(7.80649e-09,0.442518,1.28315e-08)
   G7 velDir=(-0.357885,0.000000,-0.933766) w0=(-0.678648,0.000000,-0.734464) w1=(-0.678648,0.000000,-0.734464) w2=(-0.353873,0.000000,-0.935293) w3=(-0.353873,0.000000,-0.935293) steer=(255,0)
G6 l60=684.14 m18c=1 spd=837.952 grip=573277 arm=hi kLo=0.5 1-kLo=0.5 ld4n=4 ld4avg=0.213438 le4avg=801.753 avIn=(8.54779e-09,0.467195,1.35214e-08)
   G7 velDir=(-0.375097,0.000000,-0.926986) w0=(-0.697787,0.000000,-0.716306) w1=(-0.697787,0.000000,-0.716306) w2=(-0.376142,0.000000,-0.926562) w3=(-0.376142,0.000000,-0.926562) steer=(255,0)
G6 l60=734.74 m18c=1 spd=871.618 grip=640412 arm=hi kLo=0.5 1-kLo=0.5 ld4n=4 ld4avg=0.22001 le4avg=835.434 avIn=(9.31659e-09,0.491371,1.41829e-08)
   G7 velDir=(-0.392895,0.000000,-0.919583) w0=(-0.717143,0.000000,-0.696927) w1=(-0.717143,0.000000,-0.696927) w2=(-0.399120,0.000000,-0.916899) w3=(-0.399120,0.000000,-0.916899) steer=(255,0)
G6 l60=787.534 m18c=1 spd=905.045 grip=712754 arm=hi kLo=0.5 1-kLo=0.5 ld4n=4 ld4avg=0.226768 le4avg=868.885 avIn=(1.01559e-08,0.515934,1.4837e-08)
   G7 velDir=(-0.411302,0.000000,-0.911499) w0=(-0.736638,0.000000,-0.676287) w1=(-0.736638,0.000000,-0.676287) w2=(-0.422757,0.000000,-0.906243) w3=(-0.422757,0.000000,-0.906243) steer=(255,0)
G6 l60=842.393 m18c=1 spd=938.207 grip=790339 arm=hi kLo=0.5 1-kLo=0.5 ld4n=4 ld4avg=0.233667 le4avg=902.081 avIn=(1.1103e-08,0.541918,1.55048e-08)
   G7 velDir=(-0.430319,0.000000,-0.902677) w0=(-0.756191,0.000000,-0.654351) w1=(-0.756191,0.000000,-0.654351) w2=(-0.447001,0.000000,-0.894534) w3=(-0.447001,0.000000,-0.894534) steer=(255,0)
G6 l60=899.227 m18c=1 spd=971.073 grip=873215 arm=hi kLo=0.5 1-kLo=0.5 ld4n=4 ld4avg=0.240682 le4avg=934.995 avIn=(1.21527e-08,0.569157,1.61752e-08)
   G7 velDir=(-0.449943,0.000000,-0.893057) w0=(-0.775713,0.000000,-0.631085) w1=(-0.775713,0.000000,-0.631085) w2=(-0.471789,0.000000,-0.881711) w3=(-0.471789,0.000000,-0.881711) steer=(255,0)
G6 l60=957.898 m18c=1 spd=1003.61 grip=961358 arm=hi kLo=0.5 1-kLo=0.5 ld4n=4 ld4avg=0.247778 le4avg=967.596 avIn=(1.3301e-08,0.597527,1.68379e-08)
   G7 velDir=(-0.470157,0.000000,-0.882583) w0=(-0.795114,0.000000,-0.606460) w1=(-0.795114,0.000000,-0.606460) w2=(-0.497059,0.000000,-0.867717) w3=(-0.497059,0.000000,-0.867717) steer=(255,0)
G6 l60=1018.03 m18c=1 spd=1035.8 grip=1.05447e+06 arm=hi kLo=0.5 1-kLo=0.5 ld4n=4 ld4avg=0.254935 le4avg=999.078 avIn=(1.45453e-08,0.626966,1.74834e-08)
   G7 velDir=(-0.490929,0.000000,-0.871199) w0=(-0.814295,0.000000,-0.580452) w1=(-0.814295,0.000000,-0.580452) w2=(-0.522740,0.000000,-0.852492) w3=(-0.522740,0.000000,-0.852492) steer=(255,0)
G6 l60=1066.72 m18c=1 spd=1067.6 grip=1.13883e+06 arm=hi kLo=0.5 1-kLo=0.5 ld4n=4 ld4avg=0.262176 le4avg=1016.41 avIn=(1.58209e-08,0.655091,1.8037e-08)
   G7 velDir=(-0.512214,0.000000,-0.858858) w0=(-0.833155,0.000000,-0.553039) w1=(-0.833155,0.000000,-0.553039) w2=(-0.548755,0.000000,-0.835983) w3=(-0.548755,0.000000,-0.835983) steer=(255,0)
G6 l60=1103.64 m18c=1 spd=1098.99 grip=1.21289e+06 arm=hi kLo=0.5 1-kLo=0.5 ld4n=4 ld4avg=0.269445 le4avg=1024 avIn=(1.70669e-08,0.680019,1.84449e-08)
   G7 velDir=(-0.533962,0.000000,-0.845509) w0=(-0.851589,0.000000,-0.524209) w1=(-0.851589,0.000000,-0.524209) w2=(-0.575023,0.000000,-0.818137) w3=(-0.575023,0.000000,-0.818137) steer=(255,0)
G6 l60=1133.45 m18c=1 spd=1129.94 grip=1.28073e+06 arm=hi kLo=0.5 1-kLo=0.5 ld4n=4 ld4avg=0.276721 le4avg=1024 avIn=(1.82666e-08,0.701543,1.87016e-08)
   G7 velDir=(-0.556123,0.000000,-0.831100) w0=(-0.869488,0.000000,-0.493954) w1=(-0.869488,0.000000,-0.493954) w2=(-0.601458,0.000000,-0.798905) w3=(-0.601458,0.000000,-0.798905) steer=(255,0)
G6 l60=1163.24 m18c=1 spd=1160.41 grip=1.34984e+06 arm=hi kLo=0.5 1-kLo=0.5 ld4n=4 ld4avg=0.283994 le4avg=1024 avIn=(1.9428e-08,0.720358,1.88237e-08)
   G7 velDir=(-0.578643,0.000000,-0.815581) w0=(-0.886738,0.000000,-0.462273) w1=(-0.886738,0.000000,-0.462273) w2=(-0.627966,0.000000,-0.778241) w3=(-0.627966,0.000000,-0.778241) steer=(255,0)
G6 l60=1193 m18c=1 spd=1190.38 grip=1.42013e+06 arm=hi kLo=0.5 1-kLo=0.5 ld4n=4 ld4avg=0.29126 le4avg=1024 avIn=(2.05577e-08,0.737095,1.88261e-08)
   G7 velDir=(-0.601457,0.000000,-0.798905) w0=(-0.903223,0.000000,-0.429171) w1=(-0.903223,0.000000,-0.429171) w2=(-0.654451,0.000000,-0.756105) w3=(-0.654451,0.000000,-0.756105) steer=(255,0)
G6 l60=1222.71 m18c=1 spd=1219.82 grip=1.49148e+06 arm=hi kLo=0.5 1-kLo=0.5 ld4n=4 ld4avg=0.298514 le4avg=1024 avIn=(2.1659e-08,0.752238,1.87201e-08)
   G7 velDir=(-0.624492,0.000000,-0.781031) w0=(-0.918826,0.000000,-0.394663) w1=(-0.918826,0.000000,-0.394663) w2=(-0.680809,0.000000,-0.732461) w3=(-0.680809,0.000000,-0.732461) steer=(255,0)
G6 l60=1252.36 m18c=1 spd=1248.68 grip=1.5638e+06 arm=hi kLo=0.5 1-kLo=0.5 ld4n=4 ld4avg=0.305751 le4avg=1024 avIn=(2.27329e-08,0.766161,1.85139e-08)
   G7 velDir=(-0.647671,0.000000,-0.761920) w0=(-0.933425,0.000000,-0.358773) w1=(-0.933425,0.000000,-0.358773) w2=(-0.706933,0.000000,-0.707281) w3=(-0.706933,0.000000,-0.707281) steer=(255,0)
G6 l60=1281.92 m18c=1 spd=1276.96 grip=1.63696e+06 arm=hi kLo=0.5 1-kLo=0.5 ld4n=4 ld4avg=0.312969 le4avg=1024 avIn=(2.37779e-08,0.779153,1.82139e-08)
   G7 velDir=(-0.670913,0.000000,-0.741536) w0=(-0.946899,0.000000,-0.321531) w1=(-0.946899,0.000000,-0.321531) w2=(-0.732710,0.000000,-0.680541) w3=(-0.732710,0.000000,-0.680541) steer=(255,0)
G6 l60=1311.4 m18c=1 spd=1304.6 grip=1.71086e+06 arm=hi kLo=0.5 1-kLo=0.5 ld4n=4 ld4avg=0.320166 le4avg=1024 avIn=(2.47911e-08,0.791435,1.78255e-08)
   G7 velDir=(-0.694130,0.000000,-0.719849) w0=(-0.959126,0.000000,-0.282978) w1=(-0.959126,0.000000,-0.282978) w2=(-0.758026,0.000000,-0.652225) w3=(-0.758026,0.000000,-0.652225) steer=(255,0)
G6 l60=1340.77 m18c=1 spd=1331.6 grip=1.78537e+06 arm=hi kLo=0.5 1-kLo=0.5 ld4n=4 ld4avg=0.327337 le4avg=1024 avIn=(2.57681e-08,0.803181,1.7353e-08)
   G7 velDir=(-0.717233,0.000000,-0.696833) w0=(-0.969985,0.000000,-0.243166) w1=(-0.969985,0.000000,-0.243166) w2=(-0.782760,0.000000,-0.622324) w3=(-0.782760,0.000000,-0.622324) steer=(255,0)
G6 l60=1370.04 m18c=1 spd=1357.91 grip=1.86039e+06 arm=hi kLo=0.5 1-kLo=0.5 ld4n=4 ld4avg=0.334481 le4avg=1024 avIn=(2.67038e-08,0.814523,1.68007e-08)
   G7 velDir=(-0.740127,0.000000,-0.672467) w0=(-0.979354,0.000000,-0.202153) w1=(-0.979354,0.000000,-0.202153) w2=(-0.806789,0.000000,-0.590839) w3=(-0.806789,0.000000,-0.590839) steer=(255,0)
G6 l60=1399.17 m18c=1 spd=1383.52 grip=1.93578e+06 arm=hi kLo=0.5 1-kLo=0.5 ld4n=4 ld4avg=0.341595 le4avg=1024 avIn=(2.75919e-08,0.825565,1.61728e-08)
   G7 velDir=(-0.762716,0.000000,-0.646734) w0=(-0.987116,0.000000,-0.160009) w1=(-0.987116,0.000000,-0.160009) w2=(-0.829990,0.000000,-0.557778) w3=(-0.829990,0.000000,-0.557778) steer=(255,0)
G6 l60=1428.17 m18c=1 spd=1408.4 grip=2.01143e+06 arm=hi kLo=0.5 1-kLo=0.5 ld4n=4 ld4avg=0.348675 le4avg=1024 avIn=(2.84259e-08,0.836386,1.54738e-08)
   G7 velDir=(-0.784898,0.000000,-0.619625) w0=(-0.993154,0.000000,-0.116816) w1=(-0.993154,0.000000,-0.116816) w2=(-0.852236,0.000000,-0.523158) w3=(-0.852236,0.000000,-0.523158) steer=(255,0)
G6 l60=1457.02 m18c=1 spd=1432.52 grip=2.08721e+06 arm=hi kLo=0.5 1-kLo=0.5 ld4n=4 ld4avg=0.355719 le4avg=1024 avIn=(2.91987e-08,0.847047,1.47085e-08)
   G7 velDir=(-0.806572,0.000000,-0.591136) w0=(-0.997357,0.000000,-0.072663) w1=(-0.997357,0.000000,-0.072663) w2=(-0.873399,0.000000,-0.487006) w3=(-0.873399,0.000000,-0.487006) steer=(255,0)
G6 l60=1485.71 m18c=1 spd=1455.87 grip=2.163e+06 arm=hi kLo=0.5 1-kLo=0.5 ld4n=4 ld4avg=0.362722 le4avg=1024 avIn=(2.99032e-08,0.857597,1.38826e-08)
   G7 velDir=(-0.827634,0.000000,-0.561269) w0=(-0.999618,0.000000,-0.027649) w1=(-0.999618,0.000000,-0.027649) w2=(-0.893351,0.000000,-0.449359) w3=(-0.893351,0.000000,-0.449359) steer=(255,0)
G6 l60=1514.22 m18c=1 spd=1478.42 grip=2.23866e+06 arm=hi kLo=0.5 1-kLo=0.5 ld4n=4 ld4avg=0.369683 le4avg=1024 avIn=(3.05324e-08,0.868072,1.30024e-08)
   G7 velDir=(-0.847977,0.000000,-0.530034) w0=(-0.999836,0.000000,0.018114) w1=(-0.999836,0.000000,0.018114) w2=(-0.911967,0.000000,-0.410263) w3=(-0.911967,0.000000,-0.410263) steer=(255,0)
G6 l60=1542.54 m18c=1 spd=1500.16 grip=2.31406e+06 arm=hi kLo=0.5 1-kLo=0.5 ld4n=4 ld4avg=0.376596 le4avg=1024 avIn=(3.10794e-08,0.878499,1.20749e-08)
   G7 velDir=(-0.867494,0.000000,-0.497447) w0=(-0.997917,0.000000,0.064509) w1=(-0.997917,0.000000,0.064509) w2=(-0.929122,0.000000,-0.369775) w3=(-0.929122,0.000000,-0.369775) steer=(255,0)
G6 l60=1570.63 m18c=1 spd=1521.07 grip=2.38904e+06 arm=hi kLo=0.5 1-kLo=0.5 ld4n=4 ld4avg=0.383454 le4avg=1024 avIn=(3.15378e-08,0.888901,1.1108e-08)
   G7 velDir=(-0.886080,0.000000,-0.463531) w0=(-0.993775,0.000000,0.111403) w1=(-0.993775,0.000000,0.111403) w2=(-0.944690,0.000000,-0.327965) w3=(-0.944690,0.000000,-0.327965) steer=(255,0)
G6 l60=1596.08 m18c=1 spd=1541.17 grip=2.45982e+06 arm=hi kLo=0.5 1-kLo=0.5 ld4n=4 ld4avg=0.389668 le4avg=1024 avIn=(3.19023e-08,0.899255,1.01121e-08)
   G7 velDir=(-0.903621,0.000000,-0.428332) w0=(-0.987431,0.000000,0.158050) w1=(-0.987431,0.000000,0.158050) w2=(-0.958378,0.000000,-0.285503) w3=(-0.958378,0.000000,-0.285503) steer=(255,0)
G6 l60=1619.34 m18c=1 spd=1560.48 grip=2.52695e+06 arm=hi kLo=0.5 1-kLo=0.5 ld4n=4 ld4avg=0.395347 le4avg=1024 avIn=(3.21671e-08,0.909492,9.09701e-09)
   G7 velDir=(-0.919978,0.000000,-0.391970) w0=(-0.978899,0.000000,0.204346) w1=(-0.978899,0.000000,0.204346) w2=(-0.970158,0.000000,-0.242472) w3=(-0.970158,0.000000,-0.242472) steer=(255,0)
G6 l60=1640.77 m18c=1 spd=1579.05 grip=2.59087e+06 arm=hi kLo=0.5 1-kLo=0.5 ld4n=4 ld4avg=0.40058 le4avg=1024 avIn=(3.23282e-08,0.919568,8.07277e-09)
   G7 velDir=(-0.935035,0.000000,-0.354557) w0=(-0.968197,0.000000,0.250190) w1=(-0.968197,0.000000,0.250190) w2=(-0.980008,0.000000,-0.198959) w3=(-0.980008,0.000000,-0.198959) steer=(255,0)
G6 l60=1660.67 m18c=1 spd=1596.92 grip=2.65196e+06 arm=hi kLo=0.5 1-kLo=0.5 ld4n=4 ld4avg=0.405437 le4avg=1024 avIn=(3.23836e-08,0.92946,7.04965e-09)
   G7 velDir=(-0.948692,0.000000,-0.316201) w0=(-0.955349,0.000000,0.295479) w1=(-0.955349,0.000000,0.295479) w2=(-0.987907,0.000000,-0.155050) w3=(-0.987907,0.000000,-0.155050) steer=(255,0)
G6 l60=1679.27 m18c=1 spd=1614.12 grip=2.71054e+06 arm=hi kLo=0.5 1-kLo=0.5 ld4n=4 ld4avg=0.409977 le4avg=1024 avIn=(3.23327e-08,0.939158,6.03794e-09)
   G7 velDir=(-0.960868,0.000000,-0.277007) w0=(-0.940385,0.000000,0.340113) w1=(-0.940385,0.000000,0.340113) w2=(-0.993839,0.000000,-0.110833) w3=(-0.993839,0.000000,-0.110833) steer=(255,0)
G6 l60=1696.76 m18c=1 spd=1630.67 grip=2.76685e+06 arm=hi kLo=0.5 1-kLo=0.5 ld4n=4 ld4avg=0.414247 le4avg=1024 avIn=(3.21764e-08,0.948665,5.04783e-09)
   G7 velDir=(-0.971492,0.000000,-0.237074) w0=(-0.923336,0.000000,0.383994) w1=(-0.923336,0.000000,0.383994) w2=(-0.997793,0.000000,-0.066394) w3=(-0.997793,0.000000,-0.066394) steer=(255,0)
G6 l60=1713.3 m18c=1 spd=1646.61 grip=2.82113e+06 arm=hi kLo=0.5 1-kLo=0.5 ld4n=4 ld4avg=0.418286 le4avg=1024 avIn=(3.19167e-08,0.957987,4.08926e-09)
   G7 velDir=(-0.980503,0.000000,-0.196503) w0=(-0.904241,0.000000,0.427023) w1=(-0.904241,0.000000,0.427023) w2=(-0.999762,0.000000,-0.021824) w3=(-0.999762,0.000000,-0.021824) steer=(255,0)
G6 l60=1729.03 m18c=1 spd=1661.95 grip=2.87356e+06 arm=hi kLo=0.5 1-kLo=0.5 ld4n=4 ld4avg=0.422126 le4avg=1024 avIn=(3.15567e-08,0.967137,3.17187e-09)
   G7 velDir=(-0.987854,0.000000,-0.155387) w0=(-0.883142,0.000000,0.469106) w1=(-0.883142,0.000000,0.469106) w2=(-0.999740,0.000000,0.022790) w3=(-0.999740,0.000000,0.022790) steer=(255,0)
G6 l60=1744.05 m18c=1 spd=1676.72 grip=2.92429e+06 arm=hi kLo=0.5 1-kLo=0.5 ld4n=4 ld4avg=0.425794 le4avg=1024 avIn=(3.11018e-08,0.976174,2.3061e-09)
   G7 velDir=(-0.993501,0.000000,-0.113822) w0=(-0.860085,0.000000,0.510150) w1=(-0.860085,0.000000,0.510150) w2=(-0.997729,0.000000,0.067359) w3=(-0.997729,0.000000,0.067359) steer=(255,0)
G6 l60=1758.47 m18c=1 spd=1690.94 grip=2.97346e+06 arm=hi kLo=0.5 1-kLo=0.5 ld4n=4 ld4avg=0.429313 le4avg=1024 avIn=(3.05562e-08,0.985093,1.50012e-09)
   G7 velDir=(-0.997412,0.000000,-0.071901) w0=(-0.835123,0.000000,0.550063) w1=(-0.835123,0.000000,0.550063) w2=(-0.993732,0.000000,0.111793) w3=(-0.993732,0.000000,0.111793) steer=(255,0)
G6 l60=1772.34 m18c=1 spd=1704.62 grip=3.02117e+06 arm=hi kLo=0.5 1-kLo=0.5 ld4n=4 ld4avg=0.432701 le4avg=1024 avIn=(2.99257e-08,0.993906,7.62034e-10)
   G7 velDir=(-0.999558,0.000000,-0.029716) w0=(-0.808310,0.000000,0.588757) w1=(-0.808310,0.000000,0.588757) w2=(-0.987756,0.000000,0.156005) w3=(-0.987756,0.000000,0.156005) steer=(255,0)
G6 l60=1785.75 m18c=1 spd=1717.78 grip=3.06753e+06 arm=hi kLo=0.5 1-kLo=0.5 ld4n=4 ld4avg=0.435974 le4avg=1024 avIn=(2.92166e-08,1.00263,9.93784e-11)
   G7 velDir=(-0.999920,0.000000,0.012644) w0=(-0.779706,0.000000,0.626146) w1=(-0.779706,0.000000,0.626146) w2=(-0.979815,0.000000,0.199906) w3=(-0.979815,0.000000,0.199906) steer=(255,0)
G6 l60=1798.74 m18c=1 spd=1730.45 grip=3.11262e+06 arm=hi kLo=0.5 1-kLo=0.5 ld4n=4 ld4avg=0.439145 le4avg=1024 avIn=(2.84361e-08,1.01127,-4.80924e-10)
   G7 velDir=(-0.998481,0.000000,0.055089) w0=(-0.749373,0.000000,0.662148) w1=(-0.749373,0.000000,0.662148) w2=(-0.969923,0.000000,0.243410) w3=(-0.969923,0.000000,0.243410) steer=(255,0)
G6 l60=1811.35 m18c=1 spd=1749.37 grip=3.16872e+06 arm=hi kLo=0.5 1-kLo=0.5 ld4n=4 ld4avg=0.442225 le4avg=1024 avIn=(2.75917e-08,1.01985,-9.72623e-10)
   G7 velDir=(-0.994928,0.000000,0.100585) w0=(-0.717380,0.000000,0.696682) w1=(-0.717380,0.000000,0.696682) w2=(-0.958101,0.000000,0.286429) w3=(-0.958101,0.000000,0.286429) steer=(255,0)
G6 l60=1813.63 m18c=1 spd=1768.07 grip=3.20663e+06 arm=hi kLo=0.5 1-kLo=0.5 ld4n=4 ld4avg=0.442782 le4avg=1024 avIn=(2.6707e-08,1.02871,-1.37148e-09)
   G7 velDir=(-0.989374,0.000000,0.145396) w0=(-0.683797,0.000000,0.729672) w1=(-0.683797,0.000000,0.729672) w2=(-0.944372,0.000000,0.328878) w3=(-0.944372,0.000000,0.328878) steer=(255,0)
G6 l60=1817.25 m18c=1 spd=1786.48 grip=3.24648e+06 arm=hi kLo=0.5 1-kLo=0.5 ld4n=4 ld4avg=0.443664 le4avg=1024 avIn=(2.57726e-08,1.03724,-1.67576e-09)
   G7 velDir=(-0.981865,0.000000,0.189579) w0=(-0.648699,0.000000,0.761045) w1=(-0.648699,0.000000,0.761045) w2=(-0.928764,0.000000,0.370672) w3=(-0.928764,0.000000,0.370672) steer=(255,0)
G6 l60=1822 m18c=1 spd=1804.56 grip=3.28792e+06 arm=hi kLo=0.5 1-kLo=0.5 ld4n=4 ld4avg=0.444825 le4avg=1024 avIn=(2.47991e-08,1.04558,-1.88037e-09)
   G7 velDir=(-0.972453,0.000000,0.233100) w0=(-0.612163,0.000000,0.790731) w1=(-0.612163,0.000000,0.790731) w2=(-0.911306,0.000000,0.411729) w3=(-0.911306,0.000000,0.411729) steer=(255,0)
G6 l60=1827.74 m18c=1 spd=1822.29 grip=3.33067e+06 arm=hi kLo=0.5 1-kLo=0.5 ld4n=4 ld4avg=0.446225 le4avg=1024 avIn=(2.37971e-08,1.05386,-1.98123e-09)
   G7 velDir=(-0.961180,0.000000,0.275921) w0=(-0.574271,0.000000,0.818666) w1=(-0.574271,0.000000,0.818666) w2=(-0.892035,0.000000,0.451966) w3=(-0.892035,0.000000,0.451966) steer=(255,0)
G6 l60=1834.31 m18c=1 spd=1839.63 grip=3.37445e+06 arm=hi kLo=0.5 1-kLo=0.5 ld4n=4 ld4avg=0.447829 le4avg=1024 avIn=(2.27766e-08,1.06215,-1.9752e-09)
   G7 velDir=(-0.948090,0.000000,0.318001) w0=(-0.535105,0.000000,0.844785) w1=(-0.535105,0.000000,0.844785) w2=(-0.870989,0.000000,0.491303) w3=(-0.870989,0.000000,0.491303) steer=(255,0)
G6 l60=1841.6 m18c=1 spd=1856.57 grip=3.41905e+06 arm=hi kLo=0.5 1-kLo=0.5 ld4n=4 ld4avg=0.449609 le4avg=1024 avIn=(2.17477e-08,1.07054,-1.86006e-09)
   G7 velDir=(-0.933224,0.000000,0.359296) w0=(-0.494754,0.000000,0.869033) w1=(-0.494754,0.000000,0.869033) w2=(-0.848208,0.000000,0.529663) w3=(-0.848208,0.000000,0.529663) steer=(255,0)
G6 l60=1062.52 m18c=1 spd=262.892 grip=279328 arm=hi kLo=0.5 1-kLo=0.5 ld4n=4 ld4avg=0.985476 le4avg=265.191 avIn=(-0.00587917,0.87176,0.00974898)
   G7 velDir=(0.712246,-0.303401,0.632973) w0=(-0.530938,0.000000,0.847411) w1=(-0.530938,0.000000,0.847411) w2=(-0.870988,0.000000,0.491303) w3=(-0.870988,0.000000,0.491303) steer=(255,0)
G6 l60=876.621 m18c=1 spd=217.5 grip=190665 arm=hi kLo=0.5 1-kLo=0.5 ld4n=4 ld4avg=0.985205 le4avg=218.929 avIn=(-0.0122525,0.620513,0.0053769)
   G7 velDir=(0.723041,-0.294064,0.625090) w0=(-0.535471,0.000000,0.844554) w1=(-0.535471,0.000000,0.844554) w2=(-0.874804,0.000000,0.484477) w3=(-0.874804,0.000000,0.484477) steer=(255,0)
G6 l60=723.727 m18c=1 spd=182.105 grip=131795 arm=hi kLo=0.5 1-kLo=0.5 ld4n=4 ld4avg=0.985729 le4avg=180.88 avIn=(-0.0157105,0.432632,0.00219674)
   G7 velDir=(0.688831,-0.281046,0.668226) w0=(-0.538851,0.000000,0.842401) w1=(-0.538851,0.000000,0.842401) w2=(-0.877921,0.000000,0.478806) w3=(-0.877921,0.000000,0.478806) steer=(255,0)
G6 l60=606.694 m18c=1 spd=152.913 grip=92771.6 arm=hi kLo=0.5 1-kLo=0.5 ld4n=4 ld4avg=1.00162 le4avg=149.776 avIn=(-0.0171817,0.294294,-7.50171e-05)
   G7 velDir=(0.637120,-0.267427,0.722884) w0=(-0.541338,0.000000,0.840805) w1=(-0.541338,0.000000,0.840805) w2=(-0.880502,0.000000,0.474043) w3=(-0.880502,0.000000,0.474043) steer=(255,0)
G6 l60=508.523 m18c=1 spd=129.425 grip=65815.6 arm=hi kLo=0.5 1-kLo=0.5 ld4n=4 ld4avg=1.01546 le4avg=124.305 avIn=(-0.0173138,0.193621,-0.00160813)
   G7 velDir=(0.560733,-0.252192,0.788656) w0=(-0.543091,0.000000,0.839674) w1=(-0.543091,0.000000,0.839674) w2=(-0.882649,0.000000,0.470032) w3=(-0.882649,0.000000,0.470032) steer=(255,0)
G6 l60=425.921 m18c=1 spd=111.387 grip=47441.8 arm=hi kLo=0.5 1-kLo=0.5 ld4n=4 ld4avg=1.01945 le4avg=104.099 avIn=(-0.0165924,0.121156,-0.00257637)
   G7 velDir=(0.451821,-0.233709,0.860952) w0=(-0.544255,0.000000,0.838920) w1=(-0.544255,0.000000,0.838920) w2=(-0.884453,0.000000,0.466630) w3=(-0.884453,0.000000,0.466630) steer=(255,0)
G6 l60=355.624 m18c=1 spd=98.8468 grip=35152.3 arm=hi kLo=0.5 1-kLo=0.5 ld4n=4 ld4avg=0.997666 le4avg=89.1185 avIn=(-0.0153396,0.0696147,-0.003089)
   G7 velDir=(0.306542,-0.209910,0.928423) w0=(-0.539400,0.000000,0.842050) w1=(-0.539400,0.000000,0.842050) w2=(-0.882901,0.000000,0.469558) w3=(-0.882901,0.000000,0.469558) steer=(255,0)
G6 l60=295.782 m18c=1 spd=91.8099 grip=27155.7 arm=lo kLo=0.5 1-kLo=0.5 ld4n=4 ld4avg=0.930267 le4avg=79.6636 avIn=(-0.0136771,0.0332604,-0.00321979)
   G7 velDir=(0.129853,-0.180045,0.975050) w0=(-0.534842,0.000000,0.844952) w1=(-0.534842,0.000000,0.844952) w2=(-0.881517,0.000000,0.472153) w3=(-0.881517,0.000000,0.472153) steer=(255,0)
G6 l60=254.524 m18c=1 spd=92.2952 grip=23491.4 arm=lo kLo=0.5 1-kLo=0.5 ld4n=4 ld4avg=0.816138 le4avg=78.0811 avIn=(-0.00774114,-0.00205008,-0.00197999)
   G7 velDir=(-0.044871,-0.147637,0.988023) w0=(-0.530446,0.000000,0.847719) w1=(-0.530446,0.000000,0.847719) w2=(-0.880224,0.000000,0.474559) w3=(-0.880224,0.000000,0.474559) steer=(255,0)
G6 l60=182.941 m18c=1 spd=89.6426 grip=16399.3 arm=lo kLo=0.5 1-kLo=0.5 ld4n=4 ld4avg=0.619698 le4avg=73.7855 avIn=(-0.00443706,-0.0138438,-0.000223321)
   G7 velDir=(-0.262407,-0.108455,0.958843) w0=(-0.526023,0.000000,0.850470) w1=(-0.526023,0.000000,0.850470) w2=(-0.878918,0.000000,0.476974) w3=(-0.878918,0.000000,0.476974) steer=(255,0)
G6 l60=84.6824 m18c=1 spd=86.2579 grip=7304.53 arm=lo kLo=0.777084 1-kLo=0.222916 ld4n=4 ld4avg=0.303091 le4avg=69.7212 avIn=(-0.00324759,-0.0262,-6.43578e-05)
   G7 velDir=(-0.549042,-0.056282,0.833897) w0=(-0.521654,0.000000,0.853157) w1=(-0.521654,0.000000,0.853157) w2=(-0.877642,0.000000,0.479316) w3=(-0.877642,0.000000,0.479316) steer=(255,0)
G6 l60=81.2524 m18c=1 spd=92.2673 grip=7496.94 arm=lo kLo=0.771212 1-kLo=0.228788 ld4n=4 ld4avg=0.265425 le4avg=76.5567 avIn=(-0.000881877,-0.0205042,-0.000207828)
   G7 velDir=(-0.768872,-0.011699,0.639296) w0=(-0.517357,0.000000,0.855770) w1=(-0.517357,0.000000,0.855770) w2=(-0.876409,0.000000,0.481567) w3=(-0.876409,0.000000,0.481567) steer=(255,0)
G6 l60=95.83 m18c=1 spd=106.535 grip=10209.2 arm=lo kLo=0.688439 1-kLo=0.311561 ld4n=4 ld4avg=0.264359 le4avg=90.6354 avIn=(-0.000243696,-0.0132021,-0.000115113)
   G7 velDir=(-0.809630,-0.002311,0.586936) w0=(-0.512893,0.000000,0.858453) w1=(-0.512893,0.000000,0.858453) w2=(-0.875084,0.000000,0.483971) w3=(-0.875084,0.000000,0.483971) steer=(255,0)
G6 l60=111.954 m18c=1 spd=122.338 grip=13696.3 arm=lo kLo=0.582023 1-kLo=0.417977 ld4n=4 ld4avg=0.26463 le4avg=105.773 avIn=(-9.01048e-05,-0.0076995,-5.89604e-05)
   G7 velDir=(-0.814799,-0.000625,0.579743) w0=(-0.508050,0.000000,0.861328) w1=(-0.508050,0.000000,0.861328) w2=(-0.873546,0.000000,0.486742) w3=(-0.873546,0.000000,0.486742) steer=(255,0)
G6 l60=129.014 m18c=1 spd=139.063 grip=17941 arm=lo kLo=0.5 1-kLo=0.5 ld4n=4 ld4avg=0.265112 le4avg=121.667 avIn=(-4.33735e-05,-0.00422871,-3.35153e-05)
   G7 velDir=(-0.812012,-0.000229,0.583640) w0=(-0.502784,0.000000,0.864412) w1=(-0.502784,0.000000,0.864412) w2=(-0.871769,0.000000,0.489918) w3=(-0.871769,0.000000,0.489918) steer=(255,0)
G6 l60=147.08 m18c=1 spd=156.736 grip=23052.6 arm=lo kLo=0.5 1-kLo=0.5 ld4n=4 ld4avg=0.265722 le4avg=138.383 avIn=(-2.47098e-05,-0.000710377,-2.11252e-05)
   G7 velDir=(-0.804652,-0.000111,0.593747) w0=(-0.497068,0.000000,0.867712) w1=(-0.497068,0.000000,0.867712) w2=(-0.869734,0.000000,0.493520) w3=(-0.869734,0.000000,0.493520) steer=(255,0)
G6 l60=166.193 m18c=1 spd=175.524 grip=29170.9 arm=lo kLo=0.5 1-kLo=0.5 ld4n=4 ld4avg=0.266216 le4avg=156.071 avIn=(-1.44354e-05,0.00327911,-1.33144e-05)
   G7 velDir=(-0.791830,-0.000069,0.610742) w0=(-0.490872,0.000000,0.871232) w1=(-0.490872,0.000000,0.871232) w2=(-0.867424,0.000000,0.497570) w3=(-0.867424,0.000000,0.497570) steer=(255,0)
G6 l60=186.768 m18c=1 spd=195.818 grip=36572.5 arm=hi kLo=0.5 1-kLo=0.5 ld4n=4 ld4avg=0.266707 le4avg=175.061 avIn=(-8.87645e-06,0.00745269,-9.0068e-06)
   G7 velDir=(-0.770077,-0.000055,0.637951) w0=(-0.484163,0.000000,0.874978) w1=(-0.484163,0.000000,0.874978) w2=(-0.864814,0.000000,0.502093) w3=(-0.864814,0.000000,0.502093) steer=(255,0)
G6 l60=207.608 m18c=1 spd=216.592 grip=44966.2 arm=hi kLo=0.5 1-kLo=0.5 ld4n=4 ld4avg=0.266538 le4avg=194.701 avIn=(-8.29271e-06,0.0150081,-8.79089e-06)
   G7 velDir=(-0.761300,-0.000040,0.648399) w0=(-0.476894,0.000000,0.878961) w1=(-0.476894,0.000000,0.878961) w2=(-0.861874,0.000000,0.507123) w3=(-0.861874,0.000000,0.507123) steer=(255,0)
G6 l60=229.181 m18c=1 spd=238.269 grip=54606.8 arm=hi kLo=0.5 1-kLo=0.5 ld4n=4 ld4avg=0.266132 le4avg=215.237 avIn=(-7.48989e-06,0.0246956,-8.10267e-06)
   G7 velDir=(-0.754928,-0.000029,0.655807) w0=(-0.469047,0.000000,0.883173) w1=(-0.469047,0.000000,0.883173) w2=(-0.858588,0.000000,0.512666) w3=(-0.858588,0.000000,0.512666) steer=(255,0)
G6 l60=251.551 m18c=1 spd=260.901 grip=65630 arm=hi kLo=0.5 1-kLo=0.5 ld4n=4 ld4avg=0.265578 le4avg=236.709 avIn=(-6.609e-06,0.0364027,-7.20713e-06)
   G7 velDir=(-0.750046,-0.000021,0.661386) w0=(-0.460590,0.000000,0.887613) w1=(-0.460590,0.000000,0.887613) w2=(-0.854933,0.000000,0.518739) w3=(-0.854933,0.000000,0.518739) steer=(255,0)
G6 l60=661.328 m18c=1 spd=166.344 grip=110008 arm=hi kLo=0.5 1-kLo=0.5 ld4n=4 ld4avg=1.03153 le4avg=160.152 avIn=(-0.0026942,-0.00260673,-3.44646e-05)
   G7 velDir=(0.639175,-0.146112,0.755054) w0=(-0.465287,0.000000,0.885160) w1=(-0.465287,0.000000,0.885160) w2=(-0.858933,0.000000,0.512087) w3=(-0.858933,0.000000,0.512087) steer=(255,0)
G6 l60=554.67 m18c=1 spd=141.945 grip=78732.9 arm=hi kLo=0.5 1-kLo=0.5 ld4n=4 ld4avg=1.03238 le4avg=134.323 avIn=(-0.00435128,-0.0319412,-0.000455527)
   G7 velDir=(0.561615,-0.136599,0.816045) w0=(-0.467485,0.000000,0.884001) w1=(-0.467485,0.000000,0.884001) w2=(-0.861457,0.000000,0.507831) w3=(-0.861457,0.000000,0.507831) steer=(255,0)
G6 l60=464.58 m18c=1 spd=123.248 grip=57258.5 arm=hi kLo=0.5 1-kLo=0.5 ld4n=4 ld4avg=1.01989 le4avg=113.918 avIn=(-0.00517179,-0.050093,-0.000581764)
   G7 velDir=(0.455039,-0.125407,0.881596) w0=(-0.469040,0.000000,0.883177) w1=(-0.469040,0.000000,0.883177) w2=(-0.863594,0.000000,0.504188) w3=(-0.863594,0.000000,0.504188) steer=(255,0)
G6 l60=387.433 m18c=1 spd=110.211 grip=42699.3 arm=hi kLo=0.5 1-kLo=0.5 ld4n=4 ld4avg=0.979366 le4avg=98.8516 avIn=(-0.00542441,-0.0606695,-0.000547092)
   G7 velDir=(0.317424,-0.111730,0.941678) w0=(-0.463618,0.000000,0.886035) w1=(-0.463618,0.000000,0.886035) w2=(-0.861739,0.000000,0.507351) w3=(-0.861739,0.000000,0.507351) steer=(255,0)
G6 l60=321.718 m18c=1 spd=102.738 grip=33052.7 arm=hi kLo=0.5 1-kLo=0.5 ld4n=4 ld4avg=0.897727 le4avg=89.3588 avIn=(-0.00524681,-0.066377,-0.000410776)
   G7 velDir=(0.153552,-0.095451,0.983520) w0=(-0.458523,0.000000,0.888682) w1=(-0.458523,0.000000,0.888682) w2=(-0.860071,0.000000,0.510174) w3=(-0.860071,0.000000,0.510174) steer=(255,0)
G6 l60=265.8 m18c=1 spd=100.573 grip=26732.3 arm=lo kLo=0.5 1-kLo=0.5 ld4n=4 ld4avg=0.773332 le4avg=85.438 avIn=(-0.00435233,-0.0689966,-6.65164e-05)
   G7 velDir=(-0.019355,-0.077629,0.996794) w0=(-0.453611,0.000000,0.891200) w1=(-0.453611,0.000000,0.891200) w2=(-0.858508,0.000000,0.512801) w3=(-0.858508,0.000000,0.512801) steer=(255,0)
G6 l60=223.462 m18c=1 spd=104.199 grip=23284.5 arm=lo kLo=0.5 1-kLo=0.5 ld4n=4 ld4avg=0.634191 le4avg=87.6352 avIn=(-0.0021567,-0.0484637,0.000452167)
   G7 velDir=(-0.171926,-0.060810,0.983231) w0=(-0.448743,0.000000,0.893661) w1=(-0.448743,0.000000,0.893661) w2=(-0.856970,0.000000,0.515367) w3=(-0.856970,0.000000,0.515367) steer=(255,0)
G6 l60=156.569 m18c=1 spd=105.656 grip=16542.5 arm=lo kLo=0.5 1-kLo=0.5 ld4n=4 ld4avg=0.441524 le4avg=88.2152 avIn=(-0.00114155,-0.0357242,0.000971943)
   G7 velDir=(-0.353753,-0.042440,0.934376) w0=(-0.443765,0.000000,0.896143) w1=(-0.443765,0.000000,0.896143) w2=(-0.855368,0.000000,0.518021) w3=(-0.855368,0.000000,0.518021) steer=(255,0)
G6 l60=105.324 m18c=1 spd=106.751 grip=11243.4 arm=lo kLo=0.656878 1-kLo=0.343122 ld4n=4 ld4avg=0.294226 le4avg=89.3779 avIn=(-0.0011445,-0.0385601,0.000373103)
   G7 velDir=(-0.577390,-0.021146,0.816195) w0=(-0.438734,0.000000,0.898617) w1=(-0.438734,0.000000,0.898617) w2=(-0.853735,0.000000,0.520707) w3=(-0.853735,0.000000,0.520707) steer=(255,0)
G6 l60=115.322 m18c=1 spd=115.749 grip=13348.5 arm=lo kLo=0.592638 1-kLo=0.407362 ld4n=4 ld4avg=0.291315 le4avg=99.0259 avIn=(-0.000527583,-0.0246605,-3.10975e-05)
   G7 velDir=(-0.722966,-0.006667,0.690851) w0=(-0.433660,0.000000,0.901077) w1=(-0.433660,0.000000,0.901077) w2=(-0.852077,0.000000,0.523416) w3=(-0.852077,0.000000,0.523416) steer=(255,0)
G6 l60=131.497 m18c=1 spd=130.519 grip=17162.8 arm=lo kLo=0.5 1-kLo=0.5 ld4n=4 ld4avg=0.289628 le4avg=113.543 avIn=(-0.000275528,-0.0152749,-9.64761e-05)
   G7 velDir=(-0.758499,-0.002398,0.651670) w0=(-0.428330,0.000000,0.903622) w1=(-0.428330,0.000000,0.903622) w2=(-0.850270,0.000000,0.526347) w3=(-0.850270,0.000000,0.526347) steer=(255,0)
G6 l60=149.407 m18c=1 spd=146.999 grip=21962.7 arm=lo kLo=0.5 1-kLo=0.5 ld4n=4 ld4avg=0.288914 le4avg=129.31 avIn=(-0.000168487,-0.00977352,-8.94167e-05)
   G7 velDir=(-0.762354,-0.001110,0.647159) w0=(-0.422588,0.000000,0.906322) w1=(-0.422588,0.000000,0.906322) w2=(-0.848220,0.000000,0.529644) w3=(-0.848220,0.000000,0.529644) steer=(255,0)
G6 l60=409.081 m18c=1 spd=103.924 grip=42513.4 arm=hi kLo=0.5 1-kLo=0.5 ld4n=4 ld4avg=1.01538 le4avg=100.755 avIn=(-0.00153275,-0.0316564,-0.000139636)
   G7 velDir=(0.744446,-0.123317,0.656195) w0=(-0.424318,0.000000,0.905513) w1=(-0.424318,0.000000,0.905513) w2=(-0.850528,0.000000,0.525930) w3=(-0.850528,0.000000,0.525930) steer=(255,0)
G6 l60=351.637 m18c=1 spd=90.2834 grip=31747 arm=lo kLo=0.5 1-kLo=0.5 ld4n=4 ld4avg=1.03411 le4avg=85.1519 avIn=(-0.00238233,-0.0495026,-0.000287378)
   G7 velDir=(0.654806,-0.113116,0.747285) w0=(-0.424887,0.000000,0.905246) w1=(-0.424887,0.000000,0.905246) w2=(-0.852150,0.000000,0.523298) w3=(-0.852150,0.000000,0.523298) steer=(255,0)
G6 l60=337.175 m18c=1 spd=89.4134 grip=30147.9 arm=lo kLo=0.5 1-kLo=0.5 ld4n=4 ld4avg=1.03474 le4avg=81.5418 avIn=(-0.00221454,-0.0476836,-0.000292885)
   G7 velDir=(0.522752,-0.102278,0.846327) w0=(-0.425089,0.000000,0.905151) w1=(-0.425089,0.000000,0.905151) w2=(-0.853552,0.000000,0.521007) w3=(-0.853552,0.000000,0.521007) steer=(255,0)
G6 l60=322.686 m18c=1 spd=90.8892 grip=29328.7 arm=lo kLo=0.5 1-kLo=0.5 ld4n=4 ld4avg=1.00226 le4avg=80.493 avIn=(-0.00199706,-0.0458373,-0.000272313)
   G7 velDir=(0.379112,-0.090090,0.920955) w0=(-0.425268,0.000000,0.905068) w1=(-0.425268,0.000000,0.905068) w2=(-0.854935,0.000000,0.518735) w3=(-0.854935,0.000000,0.518735) steer=(255,0)
G6 l60=305.848 m18c=1 spd=94.252 grip=28826.8 arm=lo kLo=0.5 1-kLo=0.5 ld4n=4 ld4avg=0.936122 le4avg=81.6045 avIn=(-0.00171716,-0.0439089,-0.000220232)
   G7 velDir=(0.234188,-0.077349,0.969109) w0=(-0.420586,0.000000,0.907253) w1=(-0.420586,0.000000,0.907253) w2=(-0.853529,0.000000,0.521045) w3=(-0.853529,0.000000,0.521045) steer=(255,0)
G6 l60=283.819 m18c=1 spd=98.5594 grip=27973.1 arm=lo kLo=0.5 1-kLo=0.5 ld4n=4 ld4avg=0.842717 le4avg=84.0465 avIn=(-0.00121451,-0.0416274,-8.65367e-05)
   G7 velDir=(0.091895,-0.064722,0.993663) w0=(-0.415801,0.000000,0.909455) w1=(-0.415801,0.000000,0.909455) w2=(-0.852065,0.000000,0.523436) w3=(-0.852065,0.000000,0.523436) steer=(255,0)
G6 l60=253.974 m18c=1 spd=103.141 grip=26195.1 arm=lo kLo=0.5 1-kLo=0.5 ld4n=4 ld4avg=0.726764 le4avg=87.1437 avIn=(-2.42947e-06,-0.0399752,0.000292074)
   G7 velDir=(-0.048962,-0.052510,0.997419) w0=(-0.413133,0.000000,0.910671) w1=(-0.413133,0.000000,0.910671) w2=(-0.850527,0.000000,0.525932) w3=(-0.850527,0.000000,0.525932) steer=(255,0)
G6 l60=208.985 m18c=1 spd=106.715 grip=22301.8 arm=lo kLo=0.5 1-kLo=0.5 ld4n=4 ld4avg=0.581171 le4avg=89.6024 avIn=(-9.50289e-05,-0.0341814,0.000495748)
   G7 velDir=(-0.199202,-0.040374,0.979127) w0=(-0.410337,0.000000,0.911934) w1=(-0.410337,0.000000,0.911934) w2=(-0.848909,0.000000,0.528539) w3=(-0.848909,0.000000,0.528539) steer=(255,0)
G6 l60=140.446 m18c=1 spd=107.977 grip=15165 arm=lo kLo=0.537202 1-kLo=0.462798 ld4n=4 ld4avg=0.387432 le4avg=90.2995 avIn=(-1.63416e-05,-0.0301982,0.000815685)
   G7 velDir=(-0.383887,-0.027055,0.922984) w0=(-0.407440,0.000000,0.913232) w1=(-0.407440,0.000000,0.913232) w2=(-0.847227,0.000000,0.531232) w3=(-0.847227,0.000000,0.531232) steer=(255,0)
G6 l60=111.329 m18c=1 spd=109.922 grip=12237.5 arm=lo kLo=0.626541 1-kLo=0.373459 ld4n=4 ld4avg=0.300327 le4avg=92.6589 avIn=(-0.00162704,-0.0358494,-0.000465627)
   G7 velDir=(-0.602762,-0.012263,0.797827) w0=(-0.404504,0.000000,0.914536) w1=(-0.404504,0.000000,0.914536) w2=(-0.845516,0.000000,0.533951) w3=(-0.845516,0.000000,0.533951) steer=(255,0)
G6 l60=124.737 m18c=1 spd=120.59 grip=15042 arm=lo kLo=0.540954 1-kLo=0.459046 ld4n=4 ld4avg=0.300539 le4avg=103.823 avIn=(-0.000696548,-0.0231857,-0.000272753)
   G7 velDir=(-0.715582,-0.004158,0.698516) w0=(-0.401511,0.000000,0.915854) w1=(-0.401511,0.000000,0.915854) w2=(-0.843765,0.000000,0.536713) w3=(-0.843765,0.000000,0.536713) steer=(255,0)
G6 l60=141.245 m18c=1 spd=135.657 grip=19160.9 arm=lo kLo=0.5 1-kLo=0.5 ld4n=4 ld4avg=0.298066 le4avg=118.511 avIn=(-0.000361157,-0.0157122,-0.000175768)
   G7 velDir=(-0.742775,-0.001690,0.669539) w0=(-0.398223,0.000000,0.917289) w1=(-0.398223,0.000000,0.917289) w2=(-0.841834,0.000000,0.539736) w3=(-0.841834,0.000000,0.539736) steer=(255,0)
G6 l60=406.778 m18c=1 spd=103.364 grip=42046.1 arm=hi kLo=0.5 1-kLo=0.5 ld4n=4 ld4avg=1.0162 le4avg=100.13 avIn=(-0.00155559,-0.0350565,-0.000163258)
   G7 velDir=(0.758447,-0.117565,0.641043) w0=(-0.401922,0.000000,0.915674) w1=(-0.401922,0.000000,0.915674) w2=(-0.844006,0.000000,0.536334) w3=(-0.844006,0.000000,0.536334) steer=(255,0)
G6 l60=350.4 m18c=1 spd=89.9339 grip=31512.9 arm=lo kLo=0.5 1-kLo=0.5 ld4n=4 ld4avg=1.03493 le4avg=84.8077 avIn=(-0.00234008,-0.0524656,-0.00027762)
   G7 velDir=(0.671490,-0.107676,0.733149) w0=(-0.404735,0.000000,0.914434) w1=(-0.404735,0.000000,0.914434) w2=(-0.845651,0.000000,0.533736) w3=(-0.845651,0.000000,0.533736) steer=(255,0)
G6 l60=336.494 m18c=1 spd=89.083 grip=29975.9 arm=lo kLo=0.5 1-kLo=0.5 ld4n=4 ld4avg=1.03635 le4avg=81.2611 avIn=(-0.00214011,-0.0494153,-0.000265148)
   G7 velDir=(0.541807,-0.097343,0.834847) w0=(-0.407181,0.000000,0.913348) w1=(-0.407181,0.000000,0.913348) w2=(-0.847076,0.000000,0.531472) w3=(-0.847076,0.000000,0.531472) steer=(255,0)
G6 l60=322.453 m18c=1 spd=90.5119 grip=29185.8 arm=lo kLo=0.5 1-kLo=0.5 ld4n=4 ld4avg=1.00526 le4avg=80.1999 avIn=(-0.00191302,-0.0469156,-0.000239539)
   G7 velDir=(0.399770,-0.085784,0.912592) w0=(-0.409600,0.000000,0.912265) w1=(-0.409600,0.000000,0.912265) w2=(-0.848481,0.000000,0.529225) w3=(-0.848481,0.000000,0.529225) steer=(255,0)
G6 l60=304.428 m18c=1 spd=93.3917 grip=28431.1 arm=lo kLo=0.5 1-kLo=0.5 ld4n=4 ld4avg=0.940462 le4avg=80.8528 avIn=(-0.00162768,-0.0445723,-0.000187297)
   G7 velDir=(0.254394,-0.073662,0.964291) w0=(-0.407142,0.000000,0.913365) w1=(-0.407142,0.000000,0.913365) w2=(-0.847053,0.000000,0.531508) w3=(-0.847053,0.000000,0.531508) steer=(255,0)
G6 l60=278.576 m18c=1 spd=96.604 grip=26911.5 arm=lo kLo=0.5 1-kLo=0.5 ld4n=4 ld4avg=0.845593 le4avg=82.2097 avIn=(-0.0010501,-0.041972,-3.42881e-05)
   G7 velDir=(0.107011,-0.061456,0.992357) w0=(-0.404603,0.000000,0.914493) w1=(-0.404603,0.000000,0.914493) w2=(-0.845573,0.000000,0.533859) w3=(-0.845573,0.000000,0.533859) steer=(255,0)
G6 l60=238.437 m18c=1 spd=98.8461 grip=23568.6 arm=lo kLo=0.5 1-kLo=0.5 ld4n=4 ld4avg=0.716572 le4avg=82.957 avIn=(-0.000294091,-0.0399803,0.000223226)
   G7 velDir=(-0.050185,-0.049069,0.997534) w0=(-0.401973,0.000000,0.915652) w1=(-0.401973,0.000000,0.915652) w2=(-0.844036,0.000000,0.536287) w3=(-0.844036,0.000000,0.536287) steer=(255,0)
G6 l60=171.748 m18c=1 spd=98.2976 grip=16882.4 arm=lo kLo=0.5 1-kLo=0.5 ld4n=4 ld4avg=0.525348 le4avg=81.4029 avIn=(-0.000208136,-0.0336166,0.000566008)
   G7 velDir=(-0.243283,-0.035337,0.969312) w0=(-0.399278,0.000000,0.916830) w1=(-0.399278,0.000000,0.916830) w2=(-0.842455,0.000000,0.538767) w3=(-0.842455,0.000000,0.538767) steer=(255,0)
G6 l60=98.9936 m18c=1 spd=96.4228 grip=9545.24 arm=lo kLo=0.708703 1-kLo=0.291297 ld4n=4 ld4avg=0.310624 le4avg=79.4738 avIn=(-0.000150377,-0.0383311,0.000477063)
   G7 velDir=(-0.499029,-0.018512,0.866388) w0=(-0.396596,0.000000,0.917993) w1=(-0.396596,0.000000,0.917993) w2=(-0.840876,0.000000,0.541228) w3=(-0.840876,0.000000,0.541228) steer=(255,0)
G6 l60=104.048 m18c=1 spd=102.587 grip=10674 arm=lo kLo=0.674256 1-kLo=0.325744 ld4n=4 ld4avg=0.300511 le4avg=86.6103 avIn=(-0.000159295,-0.0262552,2.17238e-05)
   G7 velDir=(-0.698495,-0.005052,0.715597) w0=(-0.393961,0.000000,0.919127) w1=(-0.393961,0.000000,0.919127) w2=(-0.839320,0.000000,0.543638) w3=(-0.839320,0.000000,0.543638) steer=(255,0)
G6 l60=119.37 m18c=1 spd=116.353 grip=13889 arm=lo kLo=0.576141 1-kLo=0.423859 ld4n=4 ld4avg=0.297664 le4avg=100.284 avIn=(-8.8946e-05,-0.0165911,-4.28715e-05)
   G7 velDir=(-0.745360,-0.001445,0.666660) w0=(-0.391154,0.000000,0.920325) w1=(-0.391154,0.000000,0.920325) w2=(-0.837657,0.000000,0.546197) w3=(-0.837657,0.000000,0.546197) steer=(255,0)
G6 l60=136.396 m18c=1 spd=131.913 grip=17992.4 arm=lo kLo=0.5 1-kLo=0.5 ld4n=4 ld4avg=0.296048 le4avg=115.202 avIn=(-5.27293e-05,-0.011854,-3.81656e-05)
   G7 velDir=(-0.752505,-0.000538,0.658586) w0=(-0.387966,0.000000,0.921674) w1=(-0.387966,0.000000,0.921674) w2=(-0.835761,0.000000,0.549094) w3=(-0.835761,0.000000,0.549094) steer=(255,0)
G6 l60=386.024 m18c=1 spd=98.2969 grip=37944.9 arm=hi kLo=0.5 1-kLo=0.5 ld4n=4 ld4avg=1.01536 le4avg=95.089 avIn=(-0.00132918,-0.0325218,-8.49099e-05)
   G7 velDir=(0.766170,-0.116603,0.631971) w0=(-0.387966,0.000000,0.921674) w1=(-0.387966,0.000000,0.921674) w2=(-0.835761,0.000000,0.549094) w3=(-0.835761,0.000000,0.549094) steer=(255,0)
G6 l60=333.166 m18c=1 spd=85.8067 grip=28587.9 arm=lo kLo=0.5 1-kLo=0.5 ld4n=4 ld4avg=1.03526 le4avg=80.6054 avIn=(-0.00209987,-0.0498958,-0.000197653)
   G7 velDir=(0.675155,-0.106439,0.729957) w0=(-0.390659,0.000000,0.920535) w1=(-0.390659,0.000000,0.920535) w2=(-0.837363,0.000000,0.546647) w3=(-0.837363,0.000000,0.546647) steer=(255,0)
G6 l60=311.303 m18c=1 spd=83.0697 grip=25859.8 arm=lo kLo=0.5 1-kLo=0.5 ld4n=4 ld4avg=1.03589 le4avg=75.2112 avIn=(-0.00193219,-0.0474302,-0.000200955)
   G7 velDir=(0.542354,-0.095444,0.834711) w0=(-0.393008,0.000000,0.919535) w1=(-0.393008,0.000000,0.919535) w2=(-0.838756,0.000000,0.544508) w3=(-0.838756,0.000000,0.544508) steer=(255,0)
G6 l60=262.17 m18c=1 spd=75.8822 grip=19894 arm=lo kLo=0.5 1-kLo=0.5 ld4n=4 ld4avg=0.999324 le4avg=65.586 avIn=(-0.00157185,-0.0445781,-0.00014653)
   G7 velDir=(0.381034,-0.082045,0.920914) w0=(-0.390734,0.000000,0.920503) w1=(-0.390734,0.000000,0.920503) w2=(-0.837408,0.000000,0.546579) w3=(-0.837408,0.000000,0.546579) steer=(255,0)
G6 l60=165.636 m18c=1 spd=60.1801 grip=9968.02 arm=lo kLo=0.6958 1-kLo=0.3042 ld4n=4 ld4avg=0.870711 le4avg=47.4253 avIn=(-0.000983737,-0.0408298,9.69252e-05)
   G7 velDir=(0.115451,-0.062552,0.991342) w0=(-0.388655,0.000000,0.921383) w1=(-0.388655,0.000000,0.921383) w2=(-0.836172,0.000000,0.548468) w3=(-0.836172,0.000000,0.548468) steer=(255,0)
G6 l60=43.7522 m18c=1 spd=45.8788 grip=2007.3 arm=lo kLo=0.938742 1-kLo=0.0612578 ld4n=4 ld4avg=0.344651 le4avg=31.5141 avIn=(-0.000289464,-0.0401302,0.000113421)
   G7 velDir=(-0.412198,-0.024933,0.910753) w0=(-0.387005,0.000000,0.922078) w1=(-0.387005,0.000000,0.922078) w2=(-0.835188,0.000000,0.549964) w3=(-0.835188,0.000000,0.549964) steer=(255,0)
G6 l60=45.9184 m18c=1 spd=51.8518 grip=2380.95 arm=lo kLo=0.927339 1-kLo=0.0726609 ld4n=4 ld4avg=0.295932 le4avg=38.7965 avIn=(-3.48707e-05,-0.0310258,-8.01796e-06)
   G7 velDir=(-0.713586,-0.001350,0.700567) w0=(-0.385746,0.000000,0.922605) w1=(-0.385746,0.000000,0.922605) w2=(-0.834437,0.000000,0.551104) w3=(-0.834437,0.000000,0.551104) steer=(255,0)
G6 l60=59.9032 m18c=1 spd=64.2541 grip=3849.03 arm=lo kLo=0.882537 1-kLo=0.117463 ld4n=4 ld4avg=0.294297 le4avg=50.8885 avIn=(-1.0813e-05,-0.0212942,-5.49277e-06)
   G7 velDir=(-0.742807,-0.000079,0.669506) w0=(-0.384322,0.000000,0.923199) w1=(-0.384322,0.000000,0.923199) w2=(-0.833586,0.000000,0.552390) w3=(-0.833586,0.000000,0.552390) steer=(255,0)
G6 l60=74.7339 m18c=1 spd=77.4806 grip=5790.43 arm=lo kLo=0.82329 1-kLo=0.17671 ld4n=4 ld4avg=0.294045 le4avg=63.542 avIn=(-1.41587e-06,-0.0194274,-7.89659e-07)
   G7 velDir=(-0.751676,-0.000008,0.659532) w0=(-0.382557,0.000000,0.923932) w1=(-0.382557,0.000000,0.923932) w2=(-0.832528,0.000000,0.553983) w3=(-0.832528,0.000000,0.553983) steer=(255,0)
G6 l60=90.4522 m18c=1 spd=91.3643 grip=8264.11 arm=lo kLo=0.7478 1-kLo=0.2522 ld4n=4 ld4avg=0.294483 le4avg=76.7933 avIn=(-2.70086e-07,-0.0167875,-1.62929e-07)
   G7 velDir=(-0.755546,-0.000001,0.655095) w0=(-0.380426,0.000000,0.924811) w1=(-0.380426,0.000000,0.924811) w2=(-0.831249,0.000000,0.555900) w3=(-0.831249,0.000000,0.555900) steer=(255,0)
G6 l60=287.727 m18c=1 spd=74.7154 grip=21497.6 arm=lo kLo=0.5 1-kLo=0.5 ld4n=4 ld4avg=0.981301 le4avg=73.3385 avIn=(-0.000842811,-0.0279011,-6.28647e-05)
   G7 velDir=(0.817865,-0.098099,0.566985) w0=(-0.382938,0.000000,0.923774) w1=(-0.382938,0.000000,0.923774) w2=(-0.832757,0.000000,0.553639) w3=(-0.832757,0.000000,0.553639) steer=(255,0)
G6 l60=213.089 m18c=1 spd=56.1179 grip=11958.1 arm=lo kLo=0.635067 1-kLo=0.364933 ld4n=4 ld4avg=1.00303 le4avg=53.2208 avIn=(-0.00102006,-0.0351827,-0.00022998)
   G7 velDir=(0.740563,-0.085346,0.666545) w0=(-0.384991,0.000000,0.922920) w1=(-0.384991,0.000000,0.922920) w2=(-0.833986,0.000000,0.551786) w3=(-0.833986,0.000000,0.551786) steer=(255,0)
G6 l60=95.127 m18c=1 spd=27.9798 grip=2661.63 arm=lo kLo=0.918773 1-kLo=0.0812266 ld4n=4 ld4avg=0.982765 le4avg=24.3079 avIn=(-0.000445391,-0.0256466,-0.000155638)
   G7 velDir=(0.605615,-0.062376,0.793309) w0=(-0.386531,0.000000,0.922276) w1=(-0.386531,0.000000,0.922276) w2=(-0.834906,0.000000,0.550393) w3=(-0.834906,0.000000,0.550393) steer=(255,0)
G6 l60=11.2608 m18c=1 spd=13.3962 grip=150.852 arm=lo kLo=0.995396 1-kLo=0.00460362 ld4n=4 ld4avg=0.949953 le4avg=2.9825 avIn=(-3.8423e-05,-0.0107857,-1.40214e-05)
   G7 velDir=(-0.171910,-0.010580,0.985056) w0=(-0.387299,0.000000,0.921954) w1=(-0.387299,0.000000,0.921954) w2=(-0.835364,0.000000,0.549698) w3=(-0.835364,0.000000,0.549698) steer=(255,0)
G6 l60=10.7079 m18c=1 spd=21.2535 grip=227.579 arm=lo kLo=0.993055 1-kLo=0.00694519 ld4n=4 ld4avg=0.291697 le4avg=9.17723 avIn=(-1.98879e-07,-0.0309913,-9.05261e-08)
   G7 velDir=(-0.586059,-0.000031,0.810269) w0=(-0.386931,0.000000,0.922109) w1=(-0.386931,0.000000,0.922109) w2=(-0.835144,0.000000,0.550031) w3=(-0.835144,0.000000,0.550031) steer=(255,0)
G6 l60=23.2101 m18c=1 spd=32.0708 grip=744.367 arm=lo kLo=0.977284 1-kLo=0.0227163 ld4n=4 ld4avg=0.291984 le4avg=19.8728 avIn=(-1.13083e-09,-0.0304913,-2.15084e-10)
   G7 velDir=(-0.673871,-0.000000,0.738849) w0=(-0.386348,0.000000,0.922353) w1=(-0.386348,0.000000,0.922353) w2=(-0.834796,0.000000,0.550559) w3=(-0.834796,0.000000,0.550559) steer=(255,0)
G6 l60=36.3997 m18c=1 spd=43.6456 grip=1588.69 arm=lo kLo=0.951517 1-kLo=0.0484828 ld4n=4 ld4avg=0.29276 le4avg=31.0835 avIn=(9.1645e-10,-0.0298673,9.67128e-10)
   G7 velDir=(-0.713132,0.000000,0.701030) w0=(-0.385468,0.000000,0.922721) w1=(-0.385468,0.000000,0.922721) w2=(-0.834271,0.000000,0.551355) w3=(-0.834271,0.000000,0.551355) steer=(255,0)
G6 l60=50.2912 m18c=1 spd=55.868 grip=2809.67 arm=lo kLo=0.914256 1-kLo=0.0857443 ld4n=4 ld4avg=0.293551 le4avg=42.8308 avIn=(3.0331e-09,-0.029226,2.05366e-09)
   G7 velDir=(-0.734163,0.000000,0.678973) w0=(-0.384270,0.000000,0.923221) w1=(-0.384270,0.000000,0.923221) w2=(-0.833554,0.000000,0.552438) w3=(-0.833554,0.000000,0.552438) steer=(255,0)
G6 l60=64.9196 m18c=1 spd=68.6838 grip=4458.92 arm=lo kLo=0.863925 1-kLo=0.136075 ld4n=4 ld4avg=0.294362 le4avg=55.1378 avIn=(2.69759e-09,-0.0209648,1.93986e-09)
   G7 velDir=(-0.746324,0.000000,0.665583) w0=(-0.382735,0.000000,0.923858) w1=(-0.382735,0.000000,0.923858) w2=(-0.832635,0.000000,0.553823) w3=(-0.832635,0.000000,0.553823) steer=(255,0)
G6 l60=247.299 m18c=1 spd=65.2536 grip=16137.1 arm=lo kLo=0.507534 1-kLo=0.492466 ld4n=4 ld4avg=0.952171 le4avg=64.9565 avIn=(-0.000622289,-0.0251769,-5.4724e-05)
   G7 velDir=(0.847121,-0.082357,0.524980) w0=(-0.382735,0.000000,0.923858) w1=(-0.382735,0.000000,0.923858) w2=(-0.832635,0.000000,0.553823) w3=(-0.832635,0.000000,0.553823) steer=(255,0)
G6 l60=147.431 m18c=1 spd=40.3167 grip=5943.93 arm=lo kLo=0.818606 1-kLo=0.181394 ld4n=4 ld4avg=0.927677 le4avg=39.8497 avIn=(-0.000665904,-0.0310317,-0.000309732)
   G7 velDir=(0.808848,-0.065499,0.584359) w0=(-0.384527,0.000000,0.923114) w1=(-0.384527,0.000000,0.923114) w2=(-0.833708,0.000000,0.552205) w3=(-0.833708,0.000000,0.552205) steer=(255,0)
G6 l60=43.5427 m18c=1 spd=14.9195 grip=649.637 arm=lo kLo=0.980175 1-kLo=0.0198253 ld4n=4 ld4avg=0.693643 le4avg=15.7496 avIn=(-0.000146428,-0.0132753,-8.09578e-05)
   G7 velDir=(0.676011,-0.032087,0.736192) w0=(-0.385634,0.000000,0.922652) w1=(-0.385634,0.000000,0.922652) w2=(-0.834370,0.000000,0.551205) w3=(-0.834370,0.000000,0.551205) steer=(255,0)
G6 l60=3.89643 m18c=1 spd=11.7777 grip=45.8908 arm=lo kLo=0.9986 1-kLo=0.00140047 ld4n=4 ld4avg=0.409707 le4avg=2.379 avIn=(-2.99399e-06,-0.00580731,-1.70363e-06)
   G7 velDir=(-0.263019,-0.000806,0.964790) w0=(-0.386044,0.000000,0.922481) w1=(-0.386044,0.000000,0.922481) w2=(-0.834615,0.000000,0.550834) w3=(-0.834615,0.000000,0.550834) steer=(255,0)
G6 l60=10.3045 m18c=1 spd=20.9108 grip=215.476 arm=lo kLo=0.993424 1-kLo=0.00657582 ld4n=4 ld4avg=0.291282 le4avg=8.84412 avIn=(-4.13601e-09,-0.030954,-2.14484e-09)
   G7 velDir=(-0.581800,-0.000001,0.813332) w0=(-0.385720,0.000000,0.922616) w1=(-0.385720,0.000000,0.922616) w2=(-0.834422,0.000000,0.551127) w3=(-0.834422,0.000000,0.551127) steer=(255,0)
G6 l60=22.7996 m18c=1 spd=31.7116 grip=723.012 arm=lo kLo=0.977935 1-kLo=0.0220646 ld4n=4 ld4avg=0.291956 le4avg=19.5231 avIn=(5.82594e-10,-0.03051,8.06717e-10)
   G7 velDir=(-0.671126,0.000000,0.741343) w0=(-0.385146,0.000000,0.922856) w1=(-0.385146,0.000000,0.922856) w2=(-0.834079,0.000000,0.551646) w3=(-0.834079,0.000000,0.551646) steer=(255,0)
G6 l60=35.967 m18c=1 spd=43.2645 grip=1556.09 arm=lo kLo=0.952512 1-kLo=0.0474882 ld4n=4 ld4avg=0.292735 le4avg=30.7166 avIn=(9.5431e-10,-0.0298916,9.9462e-10)
   G7 velDir=(-0.711301,0.000000,0.702887) w0=(-0.384275,0.000000,0.923218) w1=(-0.384275,0.000000,0.923218) w2=(-0.833558,0.000000,0.552432) w3=(-0.833558,0.000000,0.552432) steer=(255,0)
G6 l60=49.8349 m18c=1 spd=55.4661 grip=2764.15 arm=lo kLo=0.915645 1-kLo=0.0843552 ld4n=4 ld4avg=0.293525 le4avg=42.4459 avIn=(2.84642e-09,-0.0292455,1.95225e-09)
   G7 velDir=(-0.732756,0.000000,0.680491) w0=(-0.383087,0.000000,0.923712) w1=(-0.383087,0.000000,0.923712) w2=(-0.832846,0.000000,0.553505) w3=(-0.832846,0.000000,0.553505) steer=(255,0)
G6 l60=228.416 m18c=1 spd=61.0156 grip=13936.9 arm=lo kLo=0.574679 1-kLo=0.425321 ld4n=4 ld4avg=0.930107 le4avg=61.4187 avIn=(-0.0005468,-0.0254765,-0.000174858)
   G7 velDir=(0.865539,-0.070953,0.495791) w0=(-0.384611,0.000000,0.923079) w1=(-0.384611,0.000000,0.923079) w2=(-0.833758,0.000000,0.552130) w3=(-0.833758,0.000000,0.552130) steer=(255,0)
G6 l60=123.676 m18c=1 spd=34.8411 grip=4309.02 arm=lo kLo=0.868499 1-kLo=0.131501 ld4n=4 ld4avg=0.86488 le4avg=35.8594 avIn=(-0.000458845,-0.0267248,-0.000263339)
   G7 velDir=(0.848924,-0.052771,0.525874) w0=(-0.386285,0.000000,0.922379) w1=(-0.386285,0.000000,0.922379) w2=(-0.834759,0.000000,0.550615) w3=(-0.834759,0.000000,0.550615) steer=(255,0)
G6 l60=33.373 m18c=1 spd=12.3557 grip=412.345 arm=lo kLo=0.987416 1-kLo=0.0125838 ld4n=4 ld4avg=0.550575 le4avg=15.1838 avIn=(-7.2066e-05,-0.0103244,-4.78725e-05)
   G7 velDir=(0.723801,-0.019557,0.689731) w0=(-0.387241,0.000000,0.921978) w1=(-0.387241,0.000000,0.921978) w2=(-0.835329,0.000000,0.549750) w3=(-0.835329,0.000000,0.549750) steer=(255,0)
G6 l60=3.83631 m18c=1 spd=11.394 grip=43.7108 arm=lo kLo=0.998666 1-kLo=0.00133395 ld4n=4 ld4avg=0.34388 le4avg=2.78937 avIn=(-9.39138e-07,-0.00561872,-6.39817e-07)
   G7 velDir=(-0.250224,-0.000267,0.968188) w0=(-0.387580,0.000000,0.921836) w1=(-0.387580,0.000000,0.921836) w2=(-0.835531,0.000000,0.549443) w3=(-0.835531,0.000000,0.549443) steer=(255,0)
G6 l60=9.83709 m18c=1 spd=20.5142 grip=201.8 arm=lo kLo=0.993842 1-kLo=0.00615847 ld4n=4 ld4avg=0.291282 le4avg=8.44293 avIn=(-8.77028e-10,-0.0309644,-2.25608e-10)
   G7 velDir=(-0.577695,-0.000000,0.816253) w0=(-0.387268,0.000000,0.921967) w1=(-0.387268,0.000000,0.921967) w2=(-0.835345,0.000000,0.549726) w3=(-0.835345,0.000000,0.549726) steer=(255,0)
G6 l60=22.3068 m18c=1 spd=31.2818 grip=697.797 arm=lo kLo=0.978705 1-kLo=0.0212951 ld4n=4 ld4avg=0.291926 le4avg=19.1031 avIn=(6.00073e-10,-0.030527,8.24446e-10)
   G7 velDir=(-0.670171,0.000000,0.742207) w0=(-0.386705,0.000000,0.922204) w1=(-0.386705,0.000000,0.922204) w2=(-0.835009,0.000000,0.550236) w3=(-0.835009,0.000000,0.550236) steer=(255,0)
G6 l60=35.4486 m18c=1 spd=42.8092 grip=1517.53 arm=lo kLo=0.953689 1-kLo=0.0463113 ld4n=4 ld4avg=0.292704 le4avg=30.277 avIn=(9.29728e-10,-0.0299144,9.86956e-10)
   G7 velDir=(-0.711365,0.000000,0.702823) w0=(-0.385846,0.000000,0.922563) w1=(-0.385846,0.000000,0.922563) w2=(-0.834497,0.000000,0.551013) w3=(-0.834497,0.000000,0.551013) steer=(255,0)
G6 l60=49.2897 m18c=1 spd=54.9871 grip=2710.3 arm=lo kLo=0.917288 1-kLo=0.0827118 ld4n=4 ld4avg=0.293495 le4avg=41.9859 avIn=(2.64302e-09,-0.0292632,1.85602e-09)
   G7 velDir=(-0.733269,0.000000,0.679939) w0=(-0.384671,0.000000,0.923054) w1=(-0.384671,0.000000,0.923054) w2=(-0.833794,0.000000,0.552075) w3=(-0.833794,0.000000,0.552075) steer=(255,0)
G6 l60=226.609 m18c=1 spd=60.5793 grip=13727.8 arm=lo kLo=0.58106 1-kLo=0.41894 ld4n=4 ld4avg=0.928976 le4avg=61.0068 avIn=(-0.000543989,-0.0254584,-0.000184378)
   G7 velDir=(0.865966,-0.070588,0.495096) w0=(-0.384671,0.000000,0.923054) w1=(-0.384671,0.000000,0.923054) w2=(-0.833794,0.000000,0.552075) w3=(-0.833794,0.000000,0.552075) steer=(255,0)
G6 l60=121.43 m18c=1 spd=34.305 grip=4165.67 arm=lo kLo=0.872874 1-kLo=0.127126 ld4n=4 ld4avg=0.859931 le4avg=35.4107 avIn=(-0.000445388,-0.0262813,-0.000258236)
   G7 velDir=(0.850544,-0.052147,0.523312) w0=(-0.386334,0.000000,0.922359) w1=(-0.386334,0.000000,0.922359) w2=(-0.834788,0.000000,0.550572) w3=(-0.834788,0.000000,0.550572) steer=(255,0)
G6 l60=32.4092 m18c=1 spd=12.1233 grip=392.905 arm=lo kLo=0.98801 1-kLo=0.0119905 ld4n=4 ld4avg=0.540997 le4avg=15.0047 avIn=(-6.74941e-05,-0.0100859,-4.52145e-05)
   G7 velDir=(0.719776,-0.018748,0.693953) w0=(-0.387275,0.000000,0.921964) w1=(-0.387275,0.000000,0.921964) w2=(-0.835349,0.000000,0.549719) w3=(-0.835349,0.000000,0.549719) steer=(255,0)
G6 l60=3.65773 m18c=1 spd=11.4704 grip=41.9557 arm=lo kLo=0.99872 1-kLo=0.00128037 ld4n=4 ld4avg=0.342763 le4avg=2.66817 avIn=(-8.37006e-07,-0.00560744,-5.74255e-07)
   G7 velDir=(-0.257610,-0.000238,0.966249) w0=(-0.387608,0.000000,0.921824) w1=(-0.387608,0.000000,0.921824) w2=(-0.835548,0.000000,0.549418) w3=(-0.835548,0.000000,0.549418) steer=(255,0)
G6 l60=9.971 m18c=1 spd=20.6278 grip=205.679 arm=lo kLo=0.993723 1-kLo=0.00627685 ld4n=4 ld4avg=0.29128 le4avg=8.55791 avIn=(-6.78542e-10,-0.0309597,-8.6855e-11)
   G7 velDir=(-0.579332,-0.000000,0.815092) w0=(-0.387293,0.000000,0.921957) w1=(-0.387293,0.000000,0.921957) w2=(-0.835360,0.000000,0.549703) w3=(-0.835360,0.000000,0.549703) steer=(255,0)
G6 l60=22.4482 m18c=1 spd=31.4053 grip=704.995 arm=lo kLo=0.978485 1-kLo=0.0215147 ld4n=4 ld4avg=0.291935 le4avg=19.2237 avIn=(6.03203e-10,-0.0305211,8.26376e-10)
   G7 velDir=(-0.670830,0.000000,0.741611) w0=(-0.386727,0.000000,0.922194) w1=(-0.386727,0.000000,0.922194) w2=(-0.835023,0.000000,0.550216) w3=(-0.835023,0.000000,0.550216) steer=(255,0)
G6 l60=35.5976 m18c=1 spd=42.9403 grip=1528.57 arm=lo kLo=0.953352 1-kLo=0.0466483 ld4n=4 ld4avg=0.292713 le4avg=30.4033 avIn=(9.36014e-10,-0.0299069,9.90149e-10)
   G7 velDir=(-0.711707,0.000000,0.702476) w0=(-0.385865,0.000000,0.922555) w1=(-0.385865,0.000000,0.922555) w2=(-0.834508,0.000000,0.550996) w3=(-0.834508,0.000000,0.550996) steer=(255,0)
G6 l60=49.4466 m18c=1 spd=55.1252 grip=2725.76 arm=lo kLo=0.916817 1-kLo=0.0831835 ld4n=4 ld4avg=0.293503 le4avg=42.1183 avIn=(2.69821e-09,-0.0292571,1.88451e-09)
   G7 velDir=(-0.733470,0.000000,0.679722) w0=(-0.384686,0.000000,0.923047) w1=(-0.384686,0.000000,0.923047) w2=(-0.833804,0.000000,0.552061) w3=(-0.833804,0.000000,0.552061) steer=(255,0)
G6 l60=226.633 m18c=1 spd=60.5975 grip=13733.4 arm=lo kLo=0.58089 1-kLo=0.41911 ld4n=4 ld4avg=0.928542 le4avg=61.0418 avIn=(-0.0005452,-0.0254761,-0.000185968)
   G7 velDir=(0.865643,-0.070748,0.495638) w0=(-0.386200,0.000000,0.922415) w1=(-0.386200,0.000000,0.922415) w2=(-0.834708,0.000000,0.550693) w3=(-0.834708,0.000000,0.550693) steer=(255,0)
G6 l60=121.52 m18c=1 spd=34.3358 grip=4172.47 arm=lo kLo=0.872666 1-kLo=0.127334 ld4n=4 ld4avg=0.859318 le4avg=35.462 avIn=(-0.000446665,-0.0263025,-0.000259655)
   G7 velDir=(0.850464,-0.052256,0.523431) w0=(-0.387862,0.000000,0.921717) w1=(-0.387862,0.000000,0.921717) w2=(-0.835699,0.000000,0.549187) w3=(-0.835699,0.000000,0.549187) steer=(255,0)
G6 l60=32.507 m18c=1 spd=12.1446 grip=394.784 arm=lo kLo=0.987952 1-kLo=0.0120478 ld4n=4 ld4avg=0.540476 le4avg=15.0644 avIn=(-6.78075e-05,-0.0100968,-4.55703e-05)
   G7 velDir=(0.721657,-0.018802,0.691995) w0=(-0.388803,0.000000,0.921321) w1=(-0.388803,0.000000,0.921321) w2=(-0.836260,0.000000,0.548334) w3=(-0.836260,0.000000,0.548334) steer=(255,0)
G6 l60=3.72652 m18c=1 spd=11.4325 grip=42.6036 arm=lo kLo=0.9987 1-kLo=0.00130016 ld4n=4 ld4avg=0.341975 le4avg=2.72461 avIn=(-8.45397e-07,-0.00560511,-5.82153e-07)
   G7 velDir=(-0.256052,-0.000241,0.966663) w0=(-0.389136,0.000000,0.921180) w1=(-0.389136,0.000000,0.921180) w2=(-0.836458,0.000000,0.548031) w3=(-0.836458,0.000000,0.548031) steer=(255,0)
G6 l60=9.90905 m18c=1 spd=20.5758 grip=203.887 arm=lo kLo=0.993778 1-kLo=0.00622213 ld4n=4 ld4avg=0.291281 le4avg=8.50472 avIn=(-7.11072e-10,-0.0309584,-1.09397e-10)
   G7 velDir=(-0.579945,-0.000000,0.814656) w0=(-0.388823,0.000000,0.921313) w1=(-0.388823,0.000000,0.921313) w2=(-0.836271,0.000000,0.548316) w3=(-0.836271,0.000000,0.548316) steer=(255,0)
G6 l60=22.3835 m18c=1 spd=31.3494 grip=701.71 arm=lo kLo=0.978586 1-kLo=0.0214145 ld4n=4 ld4avg=0.291931 le4avg=19.1685 avIn=(5.99265e-10,-0.0305204,8.27953e-10)
   G7 velDir=(-0.671769,0.000000,0.740761) w0=(-0.388259,0.000000,0.921550) w1=(-0.388259,0.000000,0.921550) w2=(-0.835936,0.000000,0.548828) w3=(-0.835936,0.000000,0.548828) steer=(255,0)
G6 l60=35.5301 m18c=1 spd=42.8815 grip=1523.59 arm=lo kLo=0.953504 1-kLo=0.0464962 ld4n=4 ld4avg=0.292709 le4avg=30.3461 avIn=(9.30121e-10,-0.0299069,9.91423e-10)
   G7 velDir=(-0.712726,0.000000,0.701443) w0=(-0.387399,0.000000,0.921912) w1=(-0.387399,0.000000,0.921912) w2=(-0.835423,0.000000,0.549607) w3=(-0.835423,0.000000,0.549607) steer=(255,0)
G6 l60=49.3762 m18c=1 spd=55.0639 grip=2718.85 arm=lo kLo=0.917027 1-kLo=0.0829726 ld4n=4 ld4avg=0.293499 le4avg=42.0589 avIn=(2.67132e-09,-0.0292566,1.87855e-09)
   G7 velDir=(-0.734515,0.000000,0.678592) w0=(-0.386223,0.000000,0.922406) w1=(-0.386223,0.000000,0.922406) w2=(-0.834722,0.000000,0.550672) w3=(-0.834722,0.000000,0.550672) steer=(255,0)
G6 l60=225.386 m18c=1 spd=60.2847 grip=13587.3 arm=lo kLo=0.585347 1-kLo=0.414653 ld4n=4 ld4avg=0.928174 le4avg=60.7303 avIn=(-0.000545048,-0.0254758,-0.000192535)
   G7 velDir=(0.865454,-0.070772,0.495965) w0=(-0.386222,0.000000,0.922406) w1=(-0.386222,0.000000,0.922406) w2=(-0.834721,0.000000,0.550672) w3=(-0.834721,0.000000,0.550672) steer=(255,0)
G6 l60=119.931 m18c=1 spd=33.9473 grip=4071.33 arm=lo kLo=0.875753 1-kLo=0.124247 ld4n=4 ld4avg=0.856497 le4avg=35.1136 avIn=(-0.000438808,-0.0259909,-0.000256142)
   G7 velDir=(0.850802,-0.052041,0.522903) w0=(-0.387876,0.000000,0.921712) w1=(-0.387876,0.000000,0.921712) w2=(-0.835708,0.000000,0.549175) w3=(-0.835708,0.000000,0.549175) steer=(255,0)
G6 l60=31.7819 m18c=1 spd=11.9722 grip=380.499 arm=lo kLo=0.988388 1-kLo=0.0116119 ld4n=4 ld4avg=0.534643 le4avg=14.8881 avIn=(-6.48932e-05,-0.00992906,-4.37499e-05)
   G7 velDir=(0.715821,-0.018324,0.698043) w0=(-0.388807,0.000000,0.921319) w1=(-0.388807,0.000000,0.921319) w2=(-0.836262,0.000000,0.548330) w3=(-0.836262,0.000000,0.548330) steer=(255,0)
G6 l60=3.54055 m18c=1 spd=11.5222 grip=40.7948 arm=lo kLo=0.998755 1-kLo=0.00124496 ld4n=4 ld4avg=0.342096 le4avg=2.58772 avIn=(-7.78643e-07,-0.00559705,-5.37199e-07)
   G7 velDir=(-0.264035,-0.000221,0.964513) w0=(-0.389135,0.000000,0.921181) w1=(-0.389135,0.000000,0.921181) w2=(-0.836457,0.000000,0.548032) w3=(-0.836457,0.000000,0.548032) steer=(255,0)
G6 l60=10.0605 m18c=1 spd=20.7043 grip=208.295 arm=lo kLo=0.993643 1-kLo=0.00635666 ld4n=4 ld4avg=0.291279 le4avg=8.63475 avIn=(-5.69017e-10,-0.0309532,-7.00562e-12)
   G7 velDir=(-0.581751,-0.000000,0.813367) w0=(-0.388819,0.000000,0.921314) w1=(-0.388819,0.000000,0.921314) w2=(-0.836269,0.000000,0.548319) w3=(-0.836269,0.000000,0.548319) steer=(255,0)
G6 l60=22.5434 m18c=1 spd=31.4891 grip=709.873 arm=lo kLo=0.978336 1-kLo=0.0216636 ld4n=4 ld4avg=0.291941 le4avg=19.3048 avIn=(6.02289e-10,-0.0305139,8.29663e-10)
   G7 velDir=(-0.672482,0.000000,0.740113) w0=(-0.388252,0.000000,0.921553) w1=(-0.388252,0.000000,0.921553) w2=(-0.835931,0.000000,0.548834) w3=(-0.835931,0.000000,0.548834) steer=(255,0)
G6 l60=35.6986 m18c=1 spd=43.0297 grip=1536.1 arm=lo kLo=0.953122 1-kLo=0.046878 ld4n=4 ld4avg=0.292719 le4avg=30.489 avIn=(9.37341e-10,-0.0298985,9.95011e-10)
   G7 velDir=(-0.713086,0.000000,0.701076) w0=(-0.387388,0.000000,0.921917) w1=(-0.387388,0.000000,0.921917) w2=(-0.835417,0.000000,0.549617) w3=(-0.835417,0.000000,0.549617) steer=(255,0)
G6 l60=49.5537 m18c=1 spd=55.22 grip=2736.35 arm=lo kLo=0.916493 1-kLo=0.0835069 ld4n=4 ld4avg=0.293509 le4avg=42.2086 avIn=(2.73542e-09,-0.0292498,1.91161e-09)
   G7 velDir=(-0.734717,0.000000,0.678374) w0=(-0.386208,0.000000,0.922412) w1=(-0.386208,0.000000,0.922412) w2=(-0.834713,0.000000,0.550686) w3=(-0.834713,0.000000,0.550686) steer=(255,0)
G6 l60=225.458 m18c=1 spd=60.3137 grip=13598.2 arm=lo kLo=0.585016 1-kLo=0.414984 ld4n=4 ld4avg=0.927788 le4avg=60.7749 avIn=(-0.000546355,-0.025494,-0.000193878)
   G7 velDir=(0.865112,-0.070947,0.496536) w0=(-0.387722,0.000000,0.921776) w1=(-0.387722,0.000000,0.921776) w2=(-0.835616,0.000000,0.549314) w3=(-0.835616,0.000000,0.549314) steer=(255,0)
G6 l60=120.075 m18c=1 spd=33.9909 grip=4081.45 arm=lo kLo=0.875444 1-kLo=0.124556 ld4n=4 ld4avg=0.856041 le4avg=35.1746 avIn=(-0.000440439,-0.0260224,-0.000257509)
   G7 velDir=(0.850665,-0.052170,0.523113) w0=(-0.389376,0.000000,0.921079) w1=(-0.389376,0.000000,0.921079) w2=(-0.836600,0.000000,0.547814) w3=(-0.836600,0.000000,0.547814) steer=(255,0)
G6 l60=31.8993 m18c=1 spd=11.9981 grip=382.732 arm=lo kLo=0.98832 1-kLo=0.0116801 ld4n=4 ld4avg=0.534403 le4avg=14.9498 avIn=(-6.53074e-05,-0.00994502,-4.41356e-05)
   G7 velDir=(0.717754,-0.018399,0.696054) w0=(-0.390307,0.000000,0.920685) w1=(-0.390307,0.000000,0.920685) w2=(-0.837154,0.000000,0.546967) w3=(-0.837154,0.000000,0.546967) steer=(255,0)
G6 l60=3.61079 m18c=1 spd=11.4838 grip=41.4654 arm=lo kLo=0.998735 1-kLo=0.00126541 ld4n=4 ld4avg=0.341347 le4avg=2.64483 avIn=(-7.88672e-07,-0.0055949,-5.45719e-07)
   G7 velDir=(-0.262434,-0.000224,0.964950) w0=(-0.390636,0.000000,0.920545) w1=(-0.390636,0.000000,0.920545) w2=(-0.837349,0.000000,0.546669) w3=(-0.837349,0.000000,0.546669) steer=(255,0)
G6 l60=9.9978 m18c=1 spd=20.6517 grip=206.471 arm=lo kLo=0.993699 1-kLo=0.00630099 ld4n=4 ld4avg=0.29128 le4avg=8.58092 avIn=(-6.02883e-10,-0.030952,-2.99712e-11)
   G7 velDir=(-0.582335,-0.000000,0.812949) w0=(-0.390321,0.000000,0.920679) w1=(-0.390321,0.000000,0.920679) w2=(-0.837162,0.000000,0.546955) w3=(-0.837162,0.000000,0.546955) steer=(255,0)
G6 l60=22.4779 m18c=1 spd=31.4325 grip=706.536 arm=lo kLo=0.978438 1-kLo=0.0215617 ld4n=4 ld4avg=0.291936 le4avg=19.249 avIn=(5.98357e-10,-0.0305132,8.31172e-10)
   G7 velDir=(-0.673396,0.000000,0.739282) w0=(-0.389755,0.000000,0.920918) w1=(-0.389755,0.000000,0.920918) w2=(-0.836826,0.000000,0.547469) w3=(-0.836826,0.000000,0.547469) steer=(255,0)
G6 l60=35.6302 m18c=1 spd=42.9702 grip=1531.04 arm=lo kLo=0.953276 1-kLo=0.0467235 ld4n=4 ld4avg=0.292715 le4avg=30.431 avIn=(9.31422e-10,-0.0298986,9.96194e-10)
   G7 velDir=(-0.714081,0.000000,0.700063) w0=(-0.388894,0.000000,0.921283) w1=(-0.388894,0.000000,0.921283) w2=(-0.836314,0.000000,0.548251) w3=(-0.836314,0.000000,0.548251) steer=(255,0)
G6 l60=49.4823 m18c=1 spd=55.1579 grip=2729.34 arm=lo kLo=0.916707 1-kLo=0.0832929 ld4n=4 ld4avg=0.293505 le4avg=42.1485 avIn=(2.70758e-09,-0.0292494,1.90505e-09)
   G7 velDir=(-0.735740,0.000000,0.677264) w0=(-0.387716,0.000000,0.921779) w1=(-0.387716,0.000000,0.921779) w2=(-0.835612,0.000000,0.549320) w3=(-0.835612,0.000000,0.549320) steer=(255,0)
G6 l60=224.236 m18c=1 spd=60.0067 grip=13455.7 arm=lo kLo=0.589365 1-kLo=0.410635 ld4n=4 ld4avg=0.927434 le4avg=60.4687 avIn=(-0.00054615,-0.0254923,-0.000200223)
   G7 velDir=(0.864926,-0.070968,0.496857) w0=(-0.387716,0.000000,0.921779) w1=(-0.387716,0.000000,0.921779) w2=(-0.835612,0.000000,0.549320) w3=(-0.835612,0.000000,0.549320) steer=(255,0)
G6 l60=118.529 m18c=1 spd=33.6126 grip=3984.07 arm=lo kLo=0.878416 1-kLo=0.121584 ld4n=4 ld4avg=0.853266 le4avg=34.8348 avIn=(-0.000432845,-0.0257179,-0.000253526)
   G7 velDir=(0.850977,-0.051956,0.522626) w0=(-0.389361,0.000000,0.921085) w1=(-0.389361,0.000000,0.921085) w2=(-0.836592,0.000000,0.547827) w3=(-0.836592,0.000000,0.547827) steer=(255,0)
G6 l60=31.2026 m18c=1 spd=11.8331 grip=369.222 arm=lo kLo=0.988732 1-kLo=0.0112678 ld4n=4 ld4avg=0.528816 le4avg=14.7768 avIn=(-6.25489e-05,-0.00978527,-4.23304e-05)
   G7 velDir=(0.711753,-0.017934,0.702200) w0=(-0.390282,0.000000,0.920695) w1=(-0.390282,0.000000,0.920695) w2=(-0.837139,0.000000,0.546990) w3=(-0.837139,0.000000,0.546990) steer=(255,0)
G6 l60=3.42761 m18c=1 spd=11.5736 grip=39.6696 arm=lo kLo=0.998789 1-kLo=0.00121063 ld4n=4 ld4avg=0.341599 le4avg=2.50881 avIn=(-7.27621e-07,-0.00558749,-5.03583e-07)
   G7 velDir=(-0.270226,-0.000207,0.962797) w0=(-0.390606,0.000000,0.920558) w1=(-0.390606,0.000000,0.920558) w2=(-0.837331,0.000000,0.546696) w3=(-0.837331,0.000000,0.546696) steer=(255,0)
G6 l60=10.1483 m18c=1 spd=20.7794 grip=210.875 arm=lo kLo=0.993565 1-kLo=0.00643539 ld4n=4 ld4avg=0.291279 le4avg=8.71014 avIn=(-4.74406e-10,-0.0309469,6.40591e-11)
   G7 velDir=(-0.584088,-0.000000,0.811691) w0=(-0.390289,0.000000,0.920693) w1=(-0.390289,0.000000,0.920693) w2=(-0.837143,0.000000,0.546984) w3=(-0.837143,0.000000,0.546984) steer=(255,0)
G6 l60=22.6368 m18c=1 spd=31.5713 grip=714.674 arm=lo kLo=0.97819 1-kLo=0.0218101 ld4n=4 ld4avg=0.291946 le4avg=19.3845 avIn=(6.01367e-10,-0.0305068,8.328e-10)
   G7 velDir=(-0.674077,0.000000,0.738661) w0=(-0.389720,0.000000,0.920934) w1=(-0.389720,0.000000,0.920934) w2=(-0.836805,0.000000,0.547501) w3=(-0.836805,0.000000,0.547501) steer=(255,0)
G6 l60=35.7976 m18c=1 spd=43.1174 grip=1543.5 arm=lo kLo=0.952896 1-kLo=0.0471039 ld4n=4 ld4avg=0.292724 le4avg=30.573 avIn=(9.38726e-10,-0.0298902,9.99759e-10)
   G7 velDir=(-0.714415,0.000000,0.699722) w0=(-0.388854,0.000000,0.921299) w1=(-0.388854,0.000000,0.921299) w2=(-0.836290,0.000000,0.548287) w3=(-0.836290,0.000000,0.548287) steer=(255,0)
G6 l60=49.6586 m18c=1 spd=55.313 grip=2746.76 arm=lo kLo=0.916175 1-kLo=0.0838246 ld4n=4 ld4avg=0.293515 le4avg=42.2972 avIn=(2.77316e-09,-0.0292427,1.93885e-09)
   G7 velDir=(-0.735918,0.000000,0.677070) w0=(-0.387672,0.000000,0.921797) w1=(-0.387672,0.000000,0.921797) w2=(-0.835586,0.000000,0.549359) w3=(-0.835586,0.000000,0.549359) steer=(255,0)
G6 l60=224.33 m18c=1 spd=60.0412 grip=13469 arm=lo kLo=0.588958 1-kLo=0.411042 ld4n=4 ld4avg=0.927062 le4avg=60.5184 avIn=(-0.00054743,-0.0255102,-0.000201439)
   G7 velDir=(0.864593,-0.071140,0.497411) w0=(-0.389189,0.000000,0.921158) w1=(-0.389189,0.000000,0.921158) w2=(-0.836489,0.000000,0.547984) w3=(-0.836489,0.000000,0.547984) steer=(255,0)
G6 l60=118.7 m18c=1 spd=33.6625 grip=3995.73 arm=lo kLo=0.87806 1-kLo=0.12194 ld4n=4 ld4avg=0.852871 le4avg=34.9011 avIn=(-0.000434594,-0.0257538,-0.000254703)
   G7 velDir=(0.850840,-0.052086,0.522836) w0=(-0.390833,0.000000,0.920462) w1=(-0.390833,0.000000,0.920462) w2=(-0.837467,0.000000,0.546489) w3=(-0.837467,0.000000,0.546489) steer=(255,0)
G6 l60=31.3297 m18c=1 spd=11.8611 grip=371.606 arm=lo kLo=0.98866 1-kLo=0.0113405 ld4n=4 ld4avg=0.528693 le4avg=14.8405 avIn=(-6.2997e-05,-0.00980343,-4.27042e-05)
   G7 velDir=(0.713814,-0.018016,0.700104) w0=(-0.391755,0.000000,0.920070) w1=(-0.391755,0.000000,0.920070) w2=(-0.838013,0.000000,0.545650) w3=(-0.838013,0.000000,0.545650) steer=(255,0)
G6 l60=3.49972 m18c=1 spd=11.534 grip=40.3659 arm=lo kLo=0.998768 1-kLo=0.00123185 ld4n=4 ld4avg=0.340835 le4avg=2.56733 avIn=(-7.38009e-07,-0.0055854,-5.1191e-07)
   G7 velDir=(-0.268550,-0.000210,0.963266) w0=(-0.392080,0.000000,0.919931) w1=(-0.392080,0.000000,0.919931) w2=(-0.838206,0.000000,0.545354) w3=(-0.838206,0.000000,0.545354) steer=(255,0)
G6 l60=10.084 m18c=1 spd=20.7254 grip=208.996 arm=lo kLo=0.993622 1-kLo=0.00637805 ld4n=4 ld4avg=0.291279 le4avg=8.65497 avIn=(-5.07918e-10,-0.0309458,4.18343e-11)
   G7 velDir=(-0.584635,-0.000000,0.811297) w0=(-0.391764,0.000000,0.920066) w1=(-0.391764,0.000000,0.920066) w2=(-0.838019,0.000000,0.545642) w3=(-0.838019,0.000000,0.545642) steer=(255,0)
G6 l60=22.5696 m18c=1 spd=31.5132 grip=711.241 arm=lo kLo=0.978295 1-kLo=0.0217054 ld4n=4 ld4avg=0.291942 le4avg=19.3272 avIn=(5.97442e-10,-0.0305062,8.34249e-10)
   G7 velDir=(-0.674963,0.000000,0.737852) w0=(-0.391197,0.000000,0.920307) w1=(-0.391197,0.000000,0.920307) w2=(-0.837682,0.000000,0.546158) w3=(-0.837682,0.000000,0.546158) steer=(255,0)
G6 l60=35.7275 m18c=1 spd=43.0564 grip=1538.3 arm=lo kLo=0.953055 1-kLo=0.046945 ld4n=4 ld4avg=0.29272 le4avg=30.5136 avIn=(9.32746e-10,-0.0298905,1.00084e-09)
   G7 velDir=(-0.715386,0.000000,0.698729) w0=(-0.390334,0.000000,0.920674) w1=(-0.390334,0.000000,0.920674) w2=(-0.837170,0.000000,0.546943) w3=(-0.837170,0.000000,0.546943) steer=(255,0)
G6 l60=49.5854 m18c=1 spd=55.2492 grip=2739.56 arm=lo kLo=0.916395 1-kLo=0.0836046 ld4n=4 ld4avg=0.29351 le4avg=42.2355 avIn=(2.74393e-09,-0.0292423,1.93146e-09)
   G7 velDir=(-0.736918,0.000000,0.675982) w0=(-0.389154,0.000000,0.921173) w1=(-0.389154,0.000000,0.921173) w2=(-0.836468,0.000000,0.548015) w3=(-0.836468,0.000000,0.548015) steer=(255,0)
G6 l60=223.131 m18c=1 spd=59.7395 grip=13329.7 arm=lo kLo=0.59321 1-kLo=0.40679 ld4n=4 ld4avg=0.926721 le4avg=60.2171 avIn=(-0.00054717,-0.0255071,-0.000207579)
   G7 velDir=(0.864412,-0.071158,0.497723) w0=(-0.389154,0.000000,0.921173) w1=(-0.389154,0.000000,0.921173) w2=(-0.836468,0.000000,0.548015) w3=(-0.836468,0.000000,0.548015) steer=(255,0)
G6 l60=117.194 m18c=1 spd=33.2933 grip=3901.76 arm=lo kLo=0.880928 1-kLo=0.119072 ld4n=4 ld4avg=0.850135 le4avg=34.5691 avIn=(-0.00042726,-0.0254556,-0.00025005)
   G7 velDir=(0.851130,-0.051872,0.522385) w0=(-0.390790,0.000000,0.920480) w1=(-0.390790,0.000000,0.920480) w2=(-0.837441,0.000000,0.546528) w3=(-0.837441,0.000000,0.546528) steer=(255,0)
G6 l60=30.6584 m18c=1 spd=11.7028 grip=358.788 arm=lo kLo=0.989051 1-kLo=0.0109494 ld4n=4 ld4avg=0.523328 le4avg=14.6705 avIn=(-6.03804e-05,-0.00965081,-4.08883e-05)
   G7 velDir=(0.707657,-0.017562,0.706337) w0=(-0.391702,0.000000,0.920092) w1=(-0.391702,0.000000,0.920092) w2=(-0.837982,0.000000,0.545698) w3=(-0.837982,0.000000,0.545698) steer=(255,0)
G6 l60=3.31908 m18c=1 spd=11.624 grip=38.5808 arm=lo kLo=0.998823 1-kLo=0.00117737 ld4n=4 ld4avg=0.341211 le4avg=2.43213 avIn=(-6.81947e-07,-0.00557858,-4.72034e-07)
   G7 velDir=(-0.276160,-0.000194,0.961112) w0=(-0.392022,0.000000,0.919956) w1=(-0.392022,0.000000,0.919956) w2=(-0.838172,0.000000,0.545406) w3=(-0.838172,0.000000,0.545406) steer=(255,0)
G6 l60=10.2337 m18c=1 spd=20.8524 grip=213.396 arm=lo kLo=0.993488 1-kLo=0.00651234 ld4n=4 ld4avg=0.291278 le4avg=8.78341 avIn=(-3.91143e-10,-0.0309407,1.28771e-10)
   G7 velDir=(-0.586336,-0.000000,0.810068) w0=(-0.391704,0.000000,0.920091) w1=(-0.391704,0.000000,0.920091) w2=(-0.837983,0.000000,0.545696) w3=(-0.837983,0.000000,0.545696) steer=(255,0)
G6 l60=22.7276 m18c=1 spd=31.6512 grip=719.355 arm=lo kLo=0.978047 1-kLo=0.021953 ld4n=4 ld4avg=0.291951 le4avg=19.4618 avIn=(6.00445e-10,-0.0304998,8.35804e-10)
   G7 velDir=(-0.675612,0.000000,0.737257) w0=(-0.391133,0.000000,0.920334) w1=(-0.391133,0.000000,0.920334) w2=(-0.837644,0.000000,0.546216) w3=(-0.837644,0.000000,0.546216) steer=(255,0)
G6 l60=35.8939 m18c=1 spd=43.2026 grip=1550.71 arm=lo kLo=0.952676 1-kLo=0.0473239 ld4n=4 ld4avg=0.29273 le4avg=30.6546 avIn=(9.40131e-10,-0.0298822,1.00438e-09)
   G7 velDir=(-0.715695,0.000000,0.698413) w0=(-0.390266,0.000000,0.920702) w1=(-0.390266,0.000000,0.920702) w2=(-0.837130,0.000000,0.547004) w3=(-0.837130,0.000000,0.547004) steer=(255,0)
G6 l60=49.7606 m18c=1 spd=55.4033 grip=2756.9 arm=lo kLo=0.915866 1-kLo=0.084134 ld4n=4 ld4avg=0.29352 le4avg=42.3833 avIn=(2.811e-09,-0.0292358,1.96604e-09)
   G7 velDir=(-0.737074,0.000000,0.675812) w0=(-0.389083,0.000000,0.921203) w1=(-0.389083,0.000000,0.921203) w2=(-0.836426,0.000000,0.548080) w3=(-0.836426,0.000000,0.548080) steer=(255,0)
G6 l60=223.246 m18c=1 spd=59.7792 grip=13345.5 arm=lo kLo=0.592729 1-kLo=0.407271 ld4n=4 ld4avg=0.926362 le4avg=60.2717 avIn=(-0.000548426,-0.0255248,-0.000208677)
   G7 velDir=(0.864088,-0.071327,0.498262) w0=(-0.390600,0.000000,0.920560) w1=(-0.390600,0.000000,0.920560) w2=(-0.837328,0.000000,0.546700) w3=(-0.837328,0.000000,0.546700) steer=(255,0)
G6 l60=117.389 m18c=1 spd=33.3492 grip=3914.84 arm=lo kLo=0.880529 1-kLo=0.119471 ld4n=4 ld4avg=0.8498 le4avg=34.6405 avIn=(-0.000429129,-0.0254957,-0.000250976)
   G7 velDir=(0.850994,-0.052004,0.522594) w0=(-0.392237,0.000000,0.919864) w1=(-0.392237,0.000000,0.919864) w2=(-0.838299,0.000000,0.545211) w3=(-0.838299,0.000000,0.545211) steer=(255,0)
G6 l60=30.7946 m18c=1 spd=11.7327 grip=361.304 arm=lo kLo=0.988974 1-kLo=0.0110261 ld4n=4 ld4avg=0.523315 le4avg=14.736 avIn=(-6.08598e-05,-0.00967096,-4.12422e-05)
   G7 velDir=(0.709850,-0.017650,0.704132) w0=(-0.393149,0.000000,0.919475) w1=(-0.393149,0.000000,0.919475) w2=(-0.838840,0.000000,0.544379) w3=(-0.838840,0.000000,0.544379) steer=(255,0)
G6 l60=3.39303 m18c=1 spd=11.5833 grip=39.3025 arm=lo kLo=0.998801 1-kLo=0.00119942 ld4n=4 ld4avg=0.340427 le4avg=2.49204 avIn=(-6.92613e-07,-0.00557653,-4.80061e-07)
   G7 velDir=(-0.274411,-0.000197,0.961612) w0=(-0.393470,0.000000,0.919337) w1=(-0.393470,0.000000,0.919337) w2=(-0.839030,0.000000,0.544086) w3=(-0.839030,0.000000,0.544086) steer=(255,0)
G6 l60=10.1678 m18c=1 spd=20.7971 grip=211.462 arm=lo kLo=0.993547 1-kLo=0.00645328 ld4n=4 ld4avg=0.291278 le4avg=8.72691 avIn=(-4.24252e-10,-0.0309397,1.07396e-10)
   G7 velDir=(-0.586847,-0.000000,0.809698) w0=(-0.393153,0.000000,0.919473) w1=(-0.393153,0.000000,0.919473) w2=(-0.838842,0.000000,0.544375) w3=(-0.838842,0.000000,0.544375) steer=(255,0)
G6 l60=22.6588 m18c=1 spd=31.5916 grip=715.827 arm=lo kLo=0.978155 1-kLo=0.0218453 ld4n=4 ld4avg=0.291947 le4avg=19.4032 avIn=(5.96528e-10,-0.0304993,8.37196e-10)
   G7 velDir=(-0.676471,0.000000,0.736470) w0=(-0.392585,0.000000,0.919716) w1=(-0.392585,0.000000,0.919716) w2=(-0.838505,0.000000,0.544894) w3=(-0.838505,0.000000,0.544894) steer=(255,0)
G6 l60=35.822 m18c=1 spd=43.14 grip=1545.36 arm=lo kLo=0.952839 1-kLo=0.0471607 ld4n=4 ld4avg=0.292725 le4avg=30.5937 avIn=(9.34083e-10,-0.0298825,1.00535e-09)
   G7 velDir=(-0.716642,0.000000,0.697442) w0=(-0.391720,0.000000,0.920084) w1=(-0.391720,0.000000,0.920084) w2=(-0.837993,0.000000,0.545682) w3=(-0.837993,0.000000,0.545682) steer=(255,0)
G6 l60=49.6856 m18c=1 spd=55.3379 grip=2749.5 arm=lo kLo=0.916092 1-kLo=0.083908 ld4n=4 ld4avg=0.293516 le4avg=42.3201 avIn=(2.78034e-09,-0.0292355,1.9578e-09)
   G7 velDir=(-0.738053,0.000000,0.674743) w0=(-0.390539,0.000000,0.920586) w1=(-0.390539,0.000000,0.920586) w2=(-0.837292,0.000000,0.546757) w3=(-0.837292,0.000000,0.546757) steer=(255,0)
G6 l60=222.068 m18c=1 spd=59.4826 grip=13209.2 arm=lo kLo=0.596887 1-kLo=0.403113 ld4n=4 ld4avg=0.926033 le4avg=59.9751 avIn=(-0.000548115,-0.0255204,-0.00021462)
   G7 velDir=(0.863912,-0.071342,0.498565) w0=(-0.390539,0.000000,0.920586) w1=(-0.390539,0.000000,0.920586) w2=(-0.837292,0.000000,0.546757) w3=(-0.837292,0.000000,0.546757) steer=(255,0)
G6 l60=115.92 m18c=1 spd=32.9888 grip=3824.07 arm=lo kLo=0.883299 1-kLo=0.116701 ld4n=4 ld4avg=0.847104 le4avg=34.3159 avIn=(-0.000422077,-0.0252031,-0.000245345)
   G7 velDir=(0.851264,-0.051789,0.522177) w0=(-0.392167,0.000000,0.919894) w1=(-0.392167,0.000000,0.919894) w2=(-0.838258,0.000000,0.545274) w3=(-0.838258,0.000000,0.545274) steer=(255,0)
G6 l60=30.147 m18c=1 spd=11.5807 grip=349.122 arm=lo kLo=0.989346 1-kLo=0.0106544 ld4n=4 ld4avg=0.518159 le4avg=14.5689 avIn=(-5.8378e-05,-0.00952493,-3.93812e-05)
   G7 velDir=(0.703548,-0.017207,0.710439) w0=(-0.393070,0.000000,0.919509) w1=(-0.393070,0.000000,0.919509) w2=(-0.838793,0.000000,0.544451) w3=(-0.838793,0.000000,0.544451) steer=(255,0)
G6 l60=3.21483 m18c=1 spd=11.6733 grip=37.5277 arm=lo kLo=0.998855 1-kLo=0.00114524 ld4n=4 ld4avg=0.340924 le4avg=2.35772 avIn=(-6.41014e-07,-0.00557026,-4.41883e-07)
   G7 velDir=(-0.281845,-0.000182,0.959460) w0=(-0.393386,0.000000,0.919373) w1=(-0.393386,0.000000,0.919373) w2=(-0.838980,0.000000,0.544162) w3=(-0.838980,0.000000,0.544162) steer=(255,0)
G6 l60=10.3165 m18c=1 spd=20.9233 grip=215.855 arm=lo kLo=0.993413 1-kLo=0.00658739 ld4n=4 ld4avg=0.291277 le4avg=8.85453 avIn=(-3.17778e-10,-0.0309347,1.88309e-10)
   G7 velDir=(-0.588499,-0.000000,0.808498) w0=(-0.393067,0.000000,0.919510) w1=(-0.393067,0.000000,0.919510) w2=(-0.838791,0.000000,0.544454) w3=(-0.838791,0.000000,0.544454) steer=(255,0)
G6 l60=22.8157 m18c=1 spd=31.7287 grip=723.913 arm=lo kLo=0.977908 1-kLo=0.022092 ld4n=4 ld4avg=0.291957 le4avg=19.5369 avIn=(5.99524e-10,-0.030493,8.38684e-10)
   G7 velDir=(-0.677089,0.000000,0.735901) w0=(-0.392495,0.000000,0.919754) w1=(-0.392495,0.000000,0.919754) w2=(-0.838452,0.000000,0.544976) w3=(-0.838452,0.000000,0.544976) steer=(255,0)
G6 l60=35.9873 m18c=1 spd=43.2854 grip=1557.72 arm=lo kLo=0.952462 1-kLo=0.0475379 ld4n=4 ld4avg=0.292735 le4avg=30.7339 avIn=(9.41547e-10,-0.0298744,1.00888e-09)
   G7 velDir=(-0.716926,0.000000,0.697149) w0=(-0.391626,0.000000,0.920124) w1=(-0.391626,0.000000,0.920124) w2=(-0.837937,0.000000,0.545767) w3=(-0.837937,0.000000,0.545767) steer=(255,0)
G6 l60=208.504 m18c=1 spd=56.6127 grip=11803.9 arm=lo kLo=0.639772 1-kLo=0.360228 ld4n=4 ld4avg=0.901971 le4avg=57.8052 avIn=(-0.000459406,-0.0249024,-0.000250991)
   G7 velDir=(0.882663,-0.059177,0.466267) w0=(-0.391626,0.000000,0.920124) w1=(-0.391626,0.000000,0.920124) w2=(-0.837937,0.000000,0.545767) w3=(-0.837937,0.000000,0.545767) steer=(255,0)
G6 l60=102.459 m18c=1 spd=30.1212 grip=3086.18 arm=lo kLo=0.905817 1-kLo=0.0941828 ld4n=4 ld4avg=0.784301 le4avg=32.7522 avIn=(-0.0003,-0.0226601,-0.000194139)
   G7 velDir=(0.886652,-0.040027,0.460702) w0=(-0.393175,0.000000,0.919464) w1=(-0.393175,0.000000,0.919464) w2=(-0.838855,0.000000,0.544355) w3=(-0.838855,0.000000,0.544355) steer=(255,0)
G6 l60=26.9713 m18c=1 spd=10.7821 grip=290.808 arm=lo kLo=0.991125 1-kLo=0.00887477 ld4n=4 ld4avg=0.44837 le4avg=15.0524 avIn=(-3.3405e-05,-0.00852371,-2.47945e-05)
   G7 velDir=(0.757262,-0.010526,0.653027) w0=(-0.393999,0.000000,0.919111) w1=(-0.393999,0.000000,0.919111) w2=(-0.839343,0.000000,0.543603) w3=(-0.839343,0.000000,0.543603) steer=(255,0)
G6 l60=3.88178 m18c=1 spd=11.1925 grip=43.4466 arm=lo kLo=0.998674 1-kLo=0.00132591 ld4n=4 ld4avg=0.320621 le4avg=3.02689 avIn=(-3.07741e-07,-0.00554248,-2.33602e-07)
   G7 velDir=(-0.247466,-0.000090,0.968897) w0=(-0.394294,0.000000,0.918984) w1=(-0.394294,0.000000,0.918984) w2=(-0.839517,0.000000,0.543334) w3=(-0.839517,0.000000,0.543334) steer=(255,0)
G6 l60=9.57384 m18c=1 spd=20.2937 grip=194.289 arm=lo kLo=0.994071 1-kLo=0.00592923 ld4n=4 ld4avg=0.291282 le4avg=8.21698 avIn=(4.41855e-11,-0.030957,4.33784e-10)
   G7 velDir=(-0.580471,-0.000000,0.814281) w0=(-0.393988,0.000000,0.919116) w1=(-0.393988,0.000000,0.919116) w2=(-0.839336,0.000000,0.543613) w3=(-0.839336,0.000000,0.543613) steer=(255,0)
G6 l60=22.032 m18c=1 spd=31.0445 grip=683.973 arm=lo kLo=0.979127 1-kLo=0.0208732 ld4n=4 ld4avg=0.291909 le4avg=18.8689 avIn=(5.90706e-10,-0.0305231,8.37549e-10)
   G7 velDir=(-0.674325,0.000000,0.738435) w0=(-0.393433,0.000000,0.919353) w1=(-0.393433,0.000000,0.919353) w2=(-0.839007,0.000000,0.544120) w3=(-0.839007,0.000000,0.544120) steer=(255,0)
G6 l60=35.1622 m18c=1 spd=42.5601 grip=1496.51 arm=lo kLo=0.95433 1-kLo=0.0456697 ld4n=4 ld4avg=0.292687 le4avg=30.0341 avIn=(9.0473e-10,-0.0299138,9.92913e-10)
   G7 velDir=(-0.715851,0.000000,0.698253) w0=(-0.392584,0.000000,0.919716) w1=(-0.392584,0.000000,0.919716) w2=(-0.838505,0.000000,0.544895) w3=(-0.838505,0.000000,0.544895) steer=(255,0)
G6 l60=48.9911 m18c=1 spd=54.7273 grip=2681.15 arm=lo kLo=0.918178 1-kLo=0.0818222 ld4n=4 ld4avg=0.293477 le4avg=41.7341 avIn=(2.53477e-09,-0.0292606,1.83381e-09)
   G7 velDir=(-0.737864,0.000000,0.674949) w0=(-0.391419,0.000000,0.920213) w1=(-0.391419,0.000000,0.920213) w2=(-0.837814,0.000000,0.545956) w3=(-0.837814,0.000000,0.545956) steer=(255,0)
G6 l60=220.461 m18c=1 spd=59.1286 grip=13035.6 arm=lo kLo=0.602187 1-kLo=0.397813 ld4n=4 ld4avg=0.923721 le4avg=59.6897 avIn=(-0.000544376,-0.0255006,-0.000224632)
   G7 velDir=(0.864466,-0.070855,0.497672) w0=(-0.392917,0.000000,0.919574) w1=(-0.392917,0.000000,0.919574) w2=(-0.838702,0.000000,0.544591) w3=(-0.838702,0.000000,0.544591) steer=(255,0)
G6 l60=114.182 m18c=1 spd=32.6004 grip=3722.37 arm=lo kLo=0.886402 1-kLo=0.113598 ld4n=4 ld4avg=0.840537 le4avg=34.0649 avIn=(-0.000411984,-0.0248355,-0.000229348)
   G7 velDir=(0.853623,-0.051062,0.518383) w0=(-0.394534,0.000000,0.918882) w1=(-0.394534,0.000000,0.918882) w2=(-0.839658,0.000000,0.543115) w3=(-0.839658,0.000000,0.543115) steer=(255,0)
G6 l60=29.626 m18c=1 spd=11.4488 grip=339.182 arm=lo kLo=0.989649 1-kLo=0.010351 ld4n=4 ld4avg=0.508945 le4avg=14.5748 avIn=(-5.53799e-05,-0.00936538,-3.63217e-05)
   G7 velDir=(0.705881,-0.016508,0.708138) w0=(-0.395424,0.000000,0.918499) w1=(-0.395424,0.000000,0.918499) w2=(-0.840185,0.000000,0.542300) w3=(-0.840185,0.000000,0.542300) steer=(255,0)
G6 l60=3.24045 m18c=1 spd=11.6437 grip=37.731 arm=lo kLo=0.998849 1-kLo=0.00115144 ld4n=4 ld4avg=0.338139 le4avg=2.39606 avIn=(-5.90951e-07,-0.00555928,-3.96901e-07)
   G7 velDir=(-0.282597,-0.000168,0.959239) w0=(-0.395737,0.000000,0.918364) w1=(-0.395737,0.000000,0.918364) w2=(-0.840369,0.000000,0.542014) w3=(-0.840369,0.000000,0.542014) steer=(255,0)
G6 l60=10.2747 m18c=1 spd=20.8887 grip=214.624 arm=lo kLo=0.99345 1-kLo=0.00654984 ld4n=4 ld4avg=0.291277 le4avg=8.81863 avIn=(-2.62168e-10,-0.0309306,2.47812e-10)
   G7 velDir=(-0.590090,-0.000000,0.807337) w0=(-0.395419,0.000000,0.918501) w1=(-0.395419,0.000000,0.918501) w2=(-0.840182,0.000000,0.542305) w3=(-0.840182,0.000000,0.542305) steer=(255,0)
G6 l60=22.7726 m18c=1 spd=31.692 grip=721.711 arm=lo kLo=0.977975 1-kLo=0.0220249 ld4n=4 ld4avg=0.291954 le4avg=19.5002 avIn=(5.94881e-10,-0.0304894,8.42116e-10)
   G7 velDir=(-0.678783,0.000000,0.734339) w0=(-0.394848,0.000000,0.918746) w1=(-0.394848,0.000000,0.918746) w2=(-0.839845,0.000000,0.542827) w3=(-0.839845,0.000000,0.542827) steer=(255,0)
G6 l60=35.943 m18c=1 spd=43.2474 grip=1554.44 arm=lo kLo=0.952562 1-kLo=0.0474377 ld4n=4 ld4avg=0.292732 le4avg=30.6963 avIn=(9.34876e-10,-0.0298712,1.01204e-09)
   G7 velDir=(-0.718614,0.000000,0.695409) w0=(-0.393982,0.000000,0.919118) w1=(-0.393982,0.000000,0.919118) w2=(-0.839332,0.000000,0.543619) w3=(-0.839332,0.000000,0.543619) steer=(255,0)
G6 l60=49.814 m18c=1 spd=55.4519 grip=2762.28 arm=lo kLo=0.915702 1-kLo=0.0842981 ld4n=4 ld4avg=0.293522 le4avg=42.4285 avIn=(2.82817e-09,-0.0292256,1.99502e-09)
   G7 velDir=(-0.739858,0.000000,0.672763) w0=(-0.392799,0.000000,0.919624) w1=(-0.392799,0.000000,0.919624) w2=(-0.838632,0.000000,0.544698) w3=(-0.838632,0.000000,0.544698) steer=(255,0)
G6 l60=220.3 m18c=1 spd=59.0555 grip=13009.9 arm=lo kLo=0.602969 1-kLo=0.397031 ld4n=4 ld4avg=0.92485 le4avg=59.574 avIn=(-0.00054936,-0.0255383,-0.000226178)
   G7 velDir=(0.863131,-0.071613,0.499876) w0=(-0.392799,0.000000,0.919624) w1=(-0.392799,0.000000,0.919624) w2=(-0.838632,0.000000,0.544698) w3=(-0.838632,0.000000,0.544698) steer=(255,0)
G6 l60=113.828 m18c=1 spd=32.4885 grip=3698.09 arm=lo kLo=0.887143 1-kLo=0.112857 ld4n=4 ld4avg=0.841959 le4avg=33.9022 avIn=(-0.000413939,-0.0247806,-0.00023199)
   G7 velDir=(0.851543,-0.051620,0.521737) w0=(-0.394414,0.000000,0.918933) w1=(-0.394414,0.000000,0.918933) w2=(-0.839588,0.000000,0.543224) w3=(-0.839588,0.000000,0.543224) steer=(255,0)
G6 l60=29.3257 m18c=1 spd=11.3851 grip=333.878 arm=lo kLo=0.989811 1-kLo=0.0101891 ld4n=4 ld4avg=0.509736 le4avg=14.4048 avIn=(-5.52264e-05,-0.00932293,-3.63447e-05)
   G7 velDir=(0.696598,-0.016615,0.717269) w0=(-0.395302,0.000000,0.918551) w1=(-0.395302,0.000000,0.918551) w2=(-0.840113,0.000000,0.542412) w3=(-0.840113,0.000000,0.542412) steer=(255,0)
G6 l60=3.04594 m18c=1 spd=11.7546 grip=35.8039 arm=lo kLo=0.998907 1-kLo=0.00109267 ld4n=4 ld4avg=0.340569 le4avg=2.23618 avIn=(-5.7908e-07,-0.00555705,-3.89589e-07)
   G7 velDir=(-0.291012,-0.000164,0.956720) w0=(-0.395613,0.000000,0.918417) w1=(-0.395613,0.000000,0.918417) w2=(-0.840296,0.000000,0.542128) w3=(-0.840296,0.000000,0.542128) steer=(255,0)
G6 l60=10.4518 m18c=1 spd=21.0392 grip=219.897 arm=lo kLo=0.993289 1-kLo=0.00671071 ld4n=4 ld4avg=0.291276 le4avg=8.9707 avIn=(-2.09776e-10,-0.0309247,2.83816e-10)
   G7 velDir=(-0.592009,-0.000000,0.805931) w0=(-0.395292,0.000000,0.918556) w1=(-0.395292,0.000000,0.918556) w2=(-0.840106,0.000000,0.542422) w3=(-0.840106,0.000000,0.542422) steer=(255,0)
G6 l60=22.9596 m18c=1 spd=31.8554 grip=731.388 arm=lo kLo=0.97768 1-kLo=0.0223202 ld4n=4 ld4avg=0.291965 le4avg=19.6596 avIn=(5.97963e-10,-0.0304819,8.43385e-10)
   G7 velDir=(-0.679492,0.000000,0.733683) w0=(-0.394717,0.000000,0.918803) w1=(-0.394717,0.000000,0.918803) w2=(-0.839767,0.000000,0.542947) w3=(-0.839767,0.000000,0.542947) steer=(255,0)
G6 l60=36.1399 m18c=1 spd=43.4205 grip=1569.21 arm=lo kLo=0.952111 1-kLo=0.0478886 ld4n=4 ld4avg=0.292744 le4avg=30.8633 avIn=(9.43925e-10,-0.0298616,1.01627e-09)
   G7 velDir=(-0.718930,0.000000,0.695082) w0=(-0.393846,0.000000,0.919176) w1=(-0.393846,0.000000,0.919176) w2=(-0.839252,0.000000,0.543743) w3=(-0.839252,0.000000,0.543743) steer=(255,0)
G6 l60=206.86 m18c=1 spd=56.2102 grip=11627.6 arm=lo kLo=0.645153 1-kLo=0.354847 ld4n=4 ld4avg=0.900816 le4avg=57.4233 avIn=(-0.000460336,-0.0248937,-0.00025926)
   G7 velDir=(0.881810,-0.059463,0.467841) w0=(-0.393846,0.000000,0.919177) w1=(-0.393846,0.000000,0.919177) w2=(-0.839252,0.000000,0.543743) w3=(-0.839252,0.000000,0.543743) steer=(255,0)
G6 l60=100.689 m18c=1 spd=29.6929 grip=2989.75 arm=lo kLo=0.90876 1-kLo=0.0912399 ld4n=4 ld4avg=0.779169 le4avg=32.398 avIn=(-0.000293019,-0.022295,-0.000200411)
   G7 velDir=(0.886630,-0.039905,0.460754) w0=(-0.395382,0.000000,0.918517) w1=(-0.395382,0.000000,0.918517) w2=(-0.840160,0.000000,0.542339) w3=(-0.840160,0.000000,0.542339) steer=(255,0)
G6 l60=26.3457 m18c=1 spd=10.6281 grip=280.004 arm=lo kLo=0.991455 1-kLo=0.00854504 ld4n=4 ld4avg=0.442863 le4avg=14.8854 avIn=(-3.15644e-05,-0.00838183,-2.44425e-05)
   G7 velDir=(0.749231,-0.010167,0.662231) w0=(-0.396194,0.000000,0.918167) w1=(-0.396194,0.000000,0.918167) w2=(-0.840639,0.000000,0.541596) w3=(-0.840639,0.000000,0.541596) steer=(255,0)
G6 l60=3.69731 m18c=1 spd=11.2876 grip=41.7338 arm=lo kLo=0.998726 1-kLo=0.00127363 ld4n=4 ld4avg=0.320601 le4avg=2.88323 avIn=(-2.79576e-07,-0.0055313,-2.2074e-07)
   G7 velDir=(-0.258332,-0.000082,0.966056) w0=(-0.396484,0.000000,0.918042) w1=(-0.396484,0.000000,0.918042) w2=(-0.840810,0.000000,0.541331) w3=(-0.840810,0.000000,0.541331) steer=(255,0)
G6 l60=9.73381 m18c=1 spd=20.4301 grip=198.862 arm=lo kLo=0.993931 1-kLo=0.00606883 ld4n=4 ld4avg=0.291281 le4avg=8.35432 avIn=(9.70612e-11,-0.0309466,4.70625e-10)
   G7 velDir=(-0.584370,-0.000000,0.811488) w0=(-0.396176,0.000000,0.918175) w1=(-0.396176,0.000000,0.918175) w2=(-0.840628,0.000000,0.541613) w3=(-0.840628,0.000000,0.541613) steer=(255,0)
G6 l60=22.2019 m18c=1 spd=31.1938 grip=692.561 arm=lo kLo=0.978865 1-kLo=0.0211353 ld4n=4 ld4avg=0.291919 le4avg=19.0137 avIn=(5.88973e-10,-0.0305111,8.41781e-10)
   G7 velDir=(-0.676854,0.000000,0.736117) w0=(-0.395618,0.000000,0.918415) w1=(-0.395618,0.000000,0.918415) w2=(-0.840299,0.000000,0.542124) w3=(-0.840299,0.000000,0.542124) steer=(255,0)
G6 l60=35.3421 m18c=1 spd=42.7193 grip=1509.79 arm=lo kLo=0.953925 1-kLo=0.0460752 ld4n=4 ld4avg=0.292697 le4avg=30.1868 avIn=(9.07739e-10,-0.0298996,1.00041e-09)
   G7 velDir=(-0.717903,0.000000,0.696143) w0=(-0.394765,0.000000,0.918782) w1=(-0.394765,0.000000,0.918782) w2=(-0.839795,0.000000,0.542903) w3=(-0.839795,0.000000,0.542903) steer=(255,0)
G6 l60=49.1816 m18c=1 spd=54.8958 grip=2699.86 arm=lo kLo=0.917607 1-kLo=0.0823933 ld4n=4 ld4avg=0.293487 le4avg=41.8949 avIn=(2.59485e-09,-0.0292482,1.87634e-09)
   G7 velDir=(-0.739690,0.000000,0.672948) w0=(-0.393597,0.000000,0.919283) w1=(-0.393597,0.000000,0.919283) w2=(-0.839105,0.000000,0.543970) w3=(-0.839105,0.000000,0.543970) steer=(255,0)
G6 l60=218.832 m18c=1 spd=58.7332 grip=12852.7 arm=lo kLo=0.607766 1-kLo=0.392234 ld4n=4 ld4avg=0.922677 le4avg=59.3161 avIn=(-0.000545879,-0.0255182,-0.000235277)
   G7 velDir=(0.863619,-0.071172,0.499096) w0=(-0.395098,0.000000,0.918639) w1=(-0.395098,0.000000,0.918639) w2=(-0.839992,0.000000,0.542599) w3=(-0.839992,0.000000,0.542599) steer=(255,0)
G6 l60=112.268 m18c=1 spd=32.1413 grip=3608.44 arm=lo kLo=0.889879 1-kLo=0.110121 ld4n=4 ld4avg=0.835826 le4avg=33.6827 avIn=(-0.000406575,-0.0244392,-0.000201646)
   G7 velDir=(0.853702,-0.050953,0.518264) w0=(-0.396702,0.000000,0.917947) w1=(-0.396702,0.000000,0.917947) w2=(-0.840939,0.000000,0.541131) w3=(-0.840939,0.000000,0.541131) steer=(255,0)
G6 l60=28.8795 m18c=1 spd=11.2714 grip=325.512 arm=lo kLo=0.990066 1-kLo=0.00993383 ld4n=4 ld4avg=0.501528 le4avg=14.4165 avIn=(-5.28178e-05,-0.00918349,-3.19619e-05)
   G7 velDir=(0.698785,-0.015992,0.715153) w0=(-0.397580,0.000000,0.917568) w1=(-0.397580,0.000000,0.917568) w2=(-0.841456,0.000000,0.540326) w3=(-0.841456,0.000000,0.540326) steer=(255,0)
G6 l60=3.07497 m18c=1 spd=11.7254 grip=36.0551 arm=lo kLo=0.9989 1-kLo=0.0011003 ld4n=4 ld4avg=0.337995 le4avg=2.27465 avIn=(-5.40059e-07,-0.00554701,-3.3576e-07)
   G7 velDir=(-0.291655,-0.000153,0.956523) w0=(-0.397887,0.000000,0.917434) w1=(-0.397887,0.000000,0.917434) w2=(-0.841637,0.000000,0.540044) w3=(-0.841637,0.000000,0.540044) steer=(255,0)
G6 l60=10.4098 m18c=1 spd=21.0044 grip=218.653 arm=lo kLo=0.993327 1-kLo=0.00667274 ld4n=4 ld4avg=0.291276 le4avg=8.93469 avIn=(-1.70677e-10,-0.0309207,3.48701e-10)
   G7 velDir=(-0.593534,-0.000000,0.804809) w0=(-0.397567,0.000000,0.917573) w1=(-0.397567,0.000000,0.917573) w2=(-0.841448,0.000000,0.540338) w3=(-0.841448,0.000000,0.540338) steer=(255,0)
G6 l60=22.9164 m18c=1 spd=31.8185 grip=729.165 arm=lo kLo=0.977748 1-kLo=0.0222523 ld4n=4 ld4avg=0.291962 le4avg=19.6227 avIn=(5.93309e-10,-0.0304783,8.46705e-10)
   G7 velDir=(-0.681123,0.000000,0.732169) w0=(-0.396994,0.000000,0.917821) w1=(-0.396994,0.000000,0.917821) w2=(-0.841111,0.000000,0.540863) w3=(-0.841111,0.000000,0.540863) steer=(255,0)
G6 l60=36.0954 m18c=1 spd=43.3823 grip=1565.9 arm=lo kLo=0.952213 1-kLo=0.0477875 ld4n=4 ld4avg=0.292741 le4avg=30.8256 avIn=(9.37341e-10,-0.0298585,1.01928e-09)
   G7 velDir=(-0.720558,0.000000,0.693395) w0=(-0.396125,0.000000,0.918197) w1=(-0.396125,0.000000,0.918197) w2=(-0.840598,0.000000,0.541659) w3=(-0.840598,0.000000,0.541659) steer=(255,0)
G6 l60=49.9755 m18c=1 spd=55.5949 grip=2778.38 arm=lo kLo=0.915211 1-kLo=0.0847894 ld4n=4 ld4avg=0.293531 le4avg=42.5647 avIn=(2.89189e-09,-0.0292147,2.04035e-09)
   G7 velDir=(-0.741611,0.000000,0.670830) w0=(-0.394940,0.000000,0.918707) w1=(-0.394940,0.000000,0.918707) w2=(-0.839898,0.000000,0.542744) w3=(-0.839898,0.000000,0.542744) steer=(255,0)
G6 l60=218.671 m18c=1 spd=58.6608 grip=12827.4 arm=lo kLo=0.608539 1-kLo=0.391461 ld4n=4 ld4avg=0.923785 le4avg=59.2019 avIn=(-0.000550673,-0.0255548,-0.000236848)
   G7 velDir=(0.862330,-0.071902,0.501216) w0=(-0.394940,0.000000,0.918707) w1=(-0.394940,0.000000,0.918707) w2=(-0.839898,0.000000,0.542744) w3=(-0.839898,0.000000,0.542744) steer=(255,0)
G6 l60=111.919 m18c=1 spd=32.0312 grip=3584.91 arm=lo kLo=0.890597 1-kLo=0.109403 ld4n=4 ld4avg=0.837216 le4avg=33.5227 avIn=(-0.000408107,-0.0243866,-0.000206511)
   G7 velDir=(0.851675,-0.051487,0.521536) w0=(-0.396542,0.000000,0.918016) w1=(-0.396542,0.000000,0.918016) w2=(-0.840844,0.000000,0.541277) w3=(-0.840844,0.000000,0.541277) steer=(255,0)
G6 l60=28.5884 m18c=1 spd=11.2109 grip=320.501 arm=lo kLo=0.990219 1-kLo=0.00978088 ld4n=4 ld4avg=0.502261 le4avg=14.2505 avIn=(-5.26278e-05,-0.00914312,-3.22457e-05)
   G7 velDir=(0.689480,-0.016085,0.724126) w0=(-0.397417,0.000000,0.917638) w1=(-0.397417,0.000000,0.917638) w2=(-0.841360,0.000000,0.540476) w3=(-0.841360,0.000000,0.540476) steer=(255,0)
G6 l60=2.88532 m18c=1 spd=11.8345 grip=34.1462 arm=lo kLo=0.998958 1-kLo=0.00104207 ld4n=4 ld4avg=0.340537 le4avg=2.11846 avIn=(-5.28928e-07,-0.00554522,-3.32156e-07)
   G7 velDir=(-0.299683,-0.000149,0.954039) w0=(-0.397723,0.000000,0.917506) w1=(-0.397723,0.000000,0.917506) w2=(-0.841540,0.000000,0.540195) w3=(-0.841540,0.000000,0.540195) steer=(255,0)
G6 l60=10.5829 m18c=1 spd=21.1515 grip=223.843 arm=lo kLo=0.993169 1-kLo=0.00683117 ld4n=4 ld4avg=0.291274 le4avg=9.08325 avIn=(-1.23119e-10,-0.0309149,3.7636e-10)
   G7 velDir=(-0.595343,-0.000000,0.803472) w0=(-0.397400,0.000000,0.917645) w1=(-0.397400,0.000000,0.917645) w2=(-0.841350,0.000000,0.540491) w3=(-0.841350,0.000000,0.540491) steer=(255,0)
G6 l60=23.099 m18c=1 spd=31.9781 grip=738.663 arm=lo kLo=0.977458 1-kLo=0.0225422 ld4n=4 ld4avg=0.291973 le4avg=19.7784 avIn=(5.96426e-10,-0.030471,8.47876e-10)
   G7 velDir=(-0.681773,0.000000,0.731564) w0=(-0.396822,0.000000,0.917895) w1=(-0.396822,0.000000,0.917895) w2=(-0.841009,0.000000,0.541021) w3=(-0.841009,0.000000,0.541021) steer=(255,0)
G6 l60=36.2877 m18c=1 spd=43.5514 grip=1580.38 arm=lo kLo=0.951771 1-kLo=0.0482294 ld4n=4 ld4avg=0.292752 le4avg=30.9887 avIn=(9.46403e-10,-0.0298492,1.02343e-09)
   G7 velDir=(-0.720830,0.000000,0.693112) w0=(-0.395949,0.000000,0.918273) w1=(-0.395949,0.000000,0.918273) w2=(-0.840494,0.000000,0.541820) w3=(-0.840494,0.000000,0.541820) steer=(255,0)
G6 l60=205.308 m18c=1 spd=55.8299 grip=11462.3 arm=lo kLo=0.650197 1-kLo=0.349803 ld4n=4 ld4avg=0.899721 le4avg=57.0622 avIn=(-0.000461162,-0.0248835,-0.000267017)
   G7 velDir=(0.880987,-0.059737,0.469354) w0=(-0.395949,0.000000,0.918273) w1=(-0.395949,0.000000,0.918273) w2=(-0.840494,0.000000,0.541820) w3=(-0.840494,0.000000,0.541820) steer=(255,0)
G6 l60=99.0384 m18c=1 spd=29.2927 grip=2901.1 arm=lo kLo=0.911465 1-kLo=0.0885345 ld4n=4 ld4avg=0.774299 le4avg=32.0669 avIn=(-0.000286769,-0.021958,-0.000203407)
   G7 velDir=(0.886565,-0.039788,0.460889) w0=(-0.397474,0.000000,0.917614) w1=(-0.397474,0.000000,0.917614) w2=(-0.841393,0.000000,0.540424) w3=(-0.841393,0.000000,0.540424) steer=(255,0)
G6 l60=25.7711 m18c=1 spd=10.4875 grip=270.273 arm=lo kLo=0.991752 1-kLo=0.00824809 ld4n=4 ld4avg=0.43784 le4avg=14.727 avIn=(-2.99319e-05,-0.00825335,-2.38476e-05)
   G7 velDir=(0.741175,-0.009834,0.671239) w0=(-0.398273,0.000000,0.917267) w1=(-0.398273,0.000000,0.917267) w2=(-0.841864,0.000000,0.539690) w3=(-0.841864,0.000000,0.539690) steer=(255,0)
G6 l60=3.52206 m18c=1 spd=11.3797 grip=40.0799 arm=lo kLo=0.998777 1-kLo=0.00122315 ld4n=4 ld4avg=0.32069 le4avg=2.74581 avIn=(-2.55537e-07,-0.00552099,-2.07154e-07)
   G7 velDir=(-0.268524,-0.000075,0.963273) w0=(-0.398559,0.000000,0.917143) w1=(-0.398559,0.000000,0.917143) w2=(-0.842032,0.000000,0.539428) w3=(-0.842032,0.000000,0.539428) steer=(255,0)
G6 l60=9.88682 m18c=1 spd=20.5606 grip=203.279 arm=lo kLo=0.993796 1-kLo=0.00620359 ld4n=4 ld4avg=0.291279 le4avg=8.48568 avIn=(1.41079e-10,-0.0309366,5.05784e-10)
   G7 velDir=(-0.588047,-0.000000,0.808827) w0=(-0.398249,0.000000,0.917277) w1=(-0.398249,0.000000,0.917277) w2=(-0.841849,0.000000,0.539713) w3=(-0.841849,0.000000,0.539713) steer=(255,0)
G6 l60=22.3644 m18c=1 spd=31.3366 grip=700.823 arm=lo kLo=0.978613 1-kLo=0.0213875 ld4n=4 ld4avg=0.291929 le4avg=19.1523 avIn=(5.87332e-10,-0.0304995,8.45813e-10)
   G7 velDir=(-0.679245,0.000000,0.733912) w0=(-0.397687,0.000000,0.917521) w1=(-0.397687,0.000000,0.917521) w2=(-0.841519,0.000000,0.540227) w3=(-0.841519,0.000000,0.540227) steer=(255,0)
G6 l60=35.5142 m18c=1 spd=42.8715 grip=1522.55 arm=lo kLo=0.953535 1-kLo=0.0464646 ld4n=4 ld4avg=0.292707 le4avg=30.3328 avIn=(9.10761e-10,-0.0298861,1.00764e-09)
   G7 velDir=(-0.719844,0.000000,0.694136) w0=(-0.396832,0.000000,0.917891) w1=(-0.396832,0.000000,0.917891) w2=(-0.841015,0.000000,0.541012) w3=(-0.841015,0.000000,0.541012) steer=(255,0)
G6 l60=49.3638 m18c=1 spd=55.057 grip=2717.83 arm=lo kLo=0.917059 1-kLo=0.0829415 ld4n=4 ld4avg=0.293497 le4avg=42.0487 avIn=(2.65548e-09,-0.0292364,1.91897e-09)
   G7 velDir=(-0.741417,0.000000,0.671045) w0=(-0.395661,0.000000,0.918397) w1=(-0.395661,0.000000,0.918397) w2=(-0.840324,0.000000,0.542084) w3=(-0.840324,0.000000,0.542084) steer=(255,0)
G6 l60=217.293 m18c=1 spd=58.3594 grip=12681.1 arm=lo kLo=0.613003 1-kLo=0.386997 ld4n=4 ld4avg=0.921685 le4avg=58.9626 avIn=(-0.000547224,-0.0255329,-0.00024528)
   G7 velDir=(0.862804,-0.071474,0.500460) w0=(-0.397165,0.000000,0.917747) w1=(-0.397165,0.000000,0.917747) w2=(-0.841211,0.000000,0.540707) w3=(-0.841211,0.000000,0.540707) steer=(255,0)
G6 l60=110.481 m18c=1 spd=31.7122 grip=3503.59 arm=lo kLo=0.893079 1-kLo=0.106921 ld4n=4 ld4avg=0.83133 le4avg=33.3257 avIn=(-0.000405182,-0.0240701,-0.000141344)
   G7 velDir=(0.853744,-0.050845,0.518205) w0=(-0.398757,0.000000,0.917056) w1=(-0.398757,0.000000,0.917056) w2=(-0.842149,0.000000,0.539246) w3=(-0.842149,0.000000,0.539246) steer=(255,0)
G6 l60=28.1958 m18c=1 spd=11.1099 grip=313.253 arm=lo kLo=0.99044 1-kLo=0.00955969 ld4n=4 ld4avg=0.494728 le4avg=14.2677 avIn=(-5.08833e-05,-0.00901864,-2.44165e-05)
   G7 velDir=(0.691678,-0.015510,0.722040) w0=(-0.399622,0.000000,0.916680) w1=(-0.399622,0.000000,0.916680) w2=(-0.842657,0.000000,0.538451) w3=(-0.842657,0.000000,0.538451) steer=(255,0)
G6 l60=2.9184 m18c=1 spd=11.8044 grip=34.4498 arm=lo kLo=0.998949 1-kLo=0.00105131 ld4n=4 ld4avg=0.338054 le4avg=2.15846 avIn=(-4.99831e-07,-0.00553584,-2.49415e-07)
   G7 velDir=(-0.300166,-0.000140,0.953887) w0=(-0.399925,0.000000,0.916548) w1=(-0.399925,0.000000,0.916548) w2=(-0.842835,0.000000,0.538172) w3=(-0.842835,0.000000,0.538172) steer=(255,0)
G6 l60=10.5392 m18c=1 spd=21.1153 grip=222.539 arm=lo kLo=0.993209 1-kLo=0.00679135 ld4n=4 ld4avg=0.291275 le4avg=9.04579 avIn=(-9.77567e-11,-0.0309111,4.67612e-10)
   G7 velDir=(-0.596787,-0.000000,0.802399) w0=(-0.399604,0.000000,0.916688) w1=(-0.399604,0.000000,0.916688) w2=(-0.842646,0.000000,0.538468) w3=(-0.842646,0.000000,0.538468) steer=(255,0)
G6 l60=23.0539 m18c=1 spd=31.9396 grip=736.335 arm=lo kLo=0.977529 1-kLo=0.0224712 ld4n=4 ld4avg=0.29197 le4avg=19.74 avIn=(5.91758e-10,-0.0304676,8.51235e-10)
   G7 velDir=(-0.683336,0.000000,0.730104) w0=(-0.399028,0.000000,0.916939) w1=(-0.399028,0.000000,0.916939) w2=(-0.842307,0.000000,0.538997) w3=(-0.842307,0.000000,0.538997) steer=(255,0)
G6 l60=36.2412 m18c=1 spd=43.5115 grip=1576.91 arm=lo kLo=0.951877 1-kLo=0.0481235 ld4n=4 ld4avg=0.292749 le4avg=30.9493 avIn=(9.3982e-10,-0.0298462,1.02624e-09)
   G7 velDir=(-0.722397,0.000000,0.691478) w0=(-0.398156,0.000000,0.917318) w1=(-0.398156,0.000000,0.917318) w2=(-0.841795,0.000000,0.539797) w3=(-0.841795,0.000000,0.539797) steer=(255,0)
G6 l60=50.13 m18c=1 spd=55.7317 grip=2793.83 arm=lo kLo=0.914739 1-kLo=0.0852609 ld4n=4 ld4avg=0.293539 le4avg=42.6952 avIn=(2.95599e-09,-0.0292042,2.08567e-09)
   G7 velDir=(-0.743270,0.000000,0.668992) w0=(-0.396968,0.000000,0.917832) w1=(-0.396968,0.000000,0.917832) w2=(-0.841096,0.000000,0.540887) w3=(-0.841096,0.000000,0.540887) steer=(255,0)
G6 l60=216.998 m18c=1 spd=58.2714 grip=12644.8 arm=lo kLo=0.614112 1-kLo=0.385888 ld4n=4 ld4avg=0.922081 le4avg=58.8578 avIn=(-0.000551986,-0.0255765,-0.000249159)
   G7 velDir=(0.861440,-0.072209,0.502699) w0=(-0.398490,0.000000,0.917173) w1=(-0.398490,0.000000,0.917173) w2=(-0.841991,0.000000,0.539491) w3=(-0.841991,0.000000,0.539491) steer=(255,0)
G6 l60=110.062 m18c=1 spd=31.5984 grip=3477.79 arm=lo kLo=0.893866 1-kLo=0.106134 ld4n=4 ld4avg=0.831364 le4avg=33.1983 avIn=(-0.00040879,-0.0240004,-0.000123327)
   G7 velDir=(0.852120,-0.051328,0.520823) w0=(-0.400079,0.000000,0.916481) w1=(-0.400079,0.000000,0.916481) w2=(-0.842925,0.000000,0.538031) w3=(-0.842925,0.000000,0.538031) steer=(255,0)
G6 l60=27.9616 m18c=1 spd=11.059 grip=309.226 arm=lo kLo=0.990563 1-kLo=0.00943685 ld4n=4 ld4avg=0.494122 le4avg=14.1664 avIn=(-5.08686e-05,-0.00897499,-2.23369e-05)
   G7 velDir=(0.685115,-0.015557,0.728268) w0=(-0.400940,0.000000,0.916104) w1=(-0.400940,0.000000,0.916104) w2=(-0.843431,0.000000,0.537238) w3=(-0.843431,0.000000,0.537238) steer=(255,0)
G6 l60=2.80426 m18c=1 spd=11.8693 grip=33.2846 arm=lo kLo=0.998984 1-kLo=0.00101578 ld4n=4 ld4avg=0.339373 le4avg=2.06599 avIn=(-4.92691e-07,-0.00553078,-2.25919e-07)
   G7 velDir=(-0.306378,-0.000137,0.951910) w0=(-0.401242,0.000000,0.915972) w1=(-0.401242,0.000000,0.915972) w2=(-0.843607,0.000000,0.536961) w3=(-0.843607,0.000000,0.536961) steer=(255,0)
G6 l60=10.6422 m18c=1 spd=21.2034 grip=225.651 arm=lo kLo=0.993114 1-kLo=0.0068863 ld4n=4 ld4avg=0.291274 le4avg=9.1342 avIn=(-7.24744e-11,-0.0309042,5.0487e-10)
   G7 velDir=(-0.599091,-0.000000,0.800681) w0=(-0.400918,0.000000,0.916114) w1=(-0.400918,0.000000,0.916114) w2=(-0.843417,0.000000,0.537259) w3=(-0.843417,0.000000,0.537259) steer=(255,0)
G6 l60=23.1633 m18c=1 spd=32.0358 grip=742.055 arm=lo kLo=0.977354 1-kLo=0.0226457 ld4n=4 ld4avg=0.291977 le4avg=19.8332 avIn=(5.90853e-10,-0.0304598,8.53993e-10)
   G7 velDir=(-0.684848,0.000000,0.728686) w0=(-0.400340,0.000000,0.916367) w1=(-0.400340,0.000000,0.916367) w2=(-0.843078,0.000000,0.537791) w3=(-0.843078,0.000000,0.537791) steer=(255,0)
G6 l60=36.357 m18c=1 spd=43.6139 grip=1585.67 arm=lo kLo=0.951609 1-kLo=0.0483909 ld4n=4 ld4avg=0.292755 le4avg=31.0475 avIn=(9.42449e-10,-0.0298372,1.03128e-09)
   G7 velDir=(-0.723626,0.000000,0.690192) w0=(-0.399467,0.000000,0.916748) w1=(-0.399467,0.000000,0.916748) w2=(-0.842565,0.000000,0.538594) w3=(-0.842565,0.000000,0.538594) steer=(255,0)
G6 l60=50.2526 m18c=1 spd=55.8401 grip=2806.11 arm=lo kLo=0.914364 1-kLo=0.0856357 ld4n=4 ld4avg=0.293546 le4avg=42.7986 avIn=(3.00941e-09,-0.0291966,2.12158e-09)
   G7 velDir=(-0.744363,0.000000,0.667775) w0=(-0.398277,0.000000,0.917265) w1=(-0.398277,0.000000,0.917265) w2=(-0.841866,0.000000,0.539687) w3=(-0.841866,0.000000,0.539687) steer=(255,0)
G6 l60=216.163 m18c=1 spd=58.0521 grip=12548.7 arm=lo kLo=0.617044 1-kLo=0.382956 ld4n=4 ld4avg=0.922153 le4avg=58.627 avIn=(-0.000552678,-0.0255773,-0.0002532)
   G7 velDir=(0.861026,-0.072376,0.503384) w0=(-0.398277,0.000000,0.917265) w1=(-0.398277,0.000000,0.917265) w2=(-0.841866,0.000000,0.539687) w3=(-0.841866,0.000000,0.539687) steer=(255,0)
G6 l60=109.025 m18c=1 spd=31.3359 grip=3416.38 arm=lo kLo=0.89574 1-kLo=0.10426 ld4n=4 ld4avg=0.829848 le4avg=32.9454 avIn=(-0.000408188,-0.0238106,-8.53805e-05)
   G7 velDir=(0.851751,-0.051291,0.521430) w0=(-0.399860,0.000000,0.916576) w1=(-0.399860,0.000000,0.916576) w2=(-0.842797,0.000000,0.538232) w3=(-0.842797,0.000000,0.538232) steer=(255,0)
G6 l60=27.4951 m18c=1 spd=10.9549 grip=301.205 arm=lo kLo=0.990808 1-kLo=0.00919205 ld4n=4 ld4avg=0.491228 le4avg=14.0117 avIn=(-4.97602e-05,-0.00888247,-1.78372e-05)
   G7 velDir=(0.677487,-0.015288,0.735375) w0=(-0.400715,0.000000,0.916203) w1=(-0.400715,0.000000,0.916203) w2=(-0.843298,0.000000,0.537446) w3=(-0.843298,0.000000,0.537446) steer=(255,0)
G6 l60=2.63453 m18c=1 spd=11.963 grip=31.5169 arm=lo kLo=0.999038 1-kLo=0.00096184 ld4n=4 ld4avg=0.341015 le4avg=1.93161 avIn=(-4.68653e-07,-0.00552786,-1.77394e-07)
   G7 velDir=(-0.313097,-0.000129,0.949721) w0=(-0.401013,0.000000,0.916072) w1=(-0.401013,0.000000,0.916072) w2=(-0.843473,0.000000,0.537171) w3=(-0.843473,0.000000,0.537171) steer=(255,0)
G6 l60=10.791 m18c=1 spd=21.3299 grip=230.17 arm=lo kLo=0.992976 1-kLo=0.00702423 ld4n=4 ld4avg=0.291272 le4avg=9.26191 avIn=(-1.65482e-11,-0.0308993,5.70078e-10)
   G7 velDir=(-0.600534,-0.000000,0.799599) w0=(-0.400687,0.000000,0.916215) w1=(-0.400687,0.000000,0.916215) w2=(-0.843282,0.000000,0.537471) w3=(-0.843282,0.000000,0.537471) steer=(255,0)
G6 l60=23.3203 m18c=1 spd=32.1729 grip=750.284 arm=lo kLo=0.977103 1-kLo=0.0228968 ld4n=4 ld4avg=0.291986 le4avg=19.967 avIn=(5.93911e-10,-0.0304537,8.55274e-10)
   G7 velDir=(-0.685326,0.000000,0.728237) w0=(-0.400106,0.000000,0.916469) w1=(-0.400106,0.000000,0.916469) w2=(-0.842941,0.000000,0.538006) w3=(-0.842941,0.000000,0.538006) steer=(255,0)
G6 l60=36.5223 m18c=1 spd=43.7592 grip=1598.19 arm=lo kLo=0.951227 1-kLo=0.0487728 ld4n=4 ld4avg=0.292765 le4avg=31.1876 avIn=(9.50622e-10,-0.0298294,1.03484e-09)
   G7 velDir=(-0.723790,0.000000,0.690020) w0=(-0.399228,0.000000,0.916852) w1=(-0.399228,0.000000,0.916852) w2=(-0.842425,0.000000,0.538813) w3=(-0.842425,0.000000,0.538813) steer=(255,0)
G6 l60=50.4265 m18c=1 spd=55.9931 grip=2823.53 arm=lo kLo=0.913833 1-kLo=0.0861675 ld4n=4 ld4avg=0.293556 le4avg=42.9453 avIn=(3.09042e-09,-0.0291908,2.16347e-09)
   G7 velDir=(-0.744386,0.000000,0.667750) w0=(-0.398034,0.000000,0.917371) w1=(-0.398034,0.000000,0.917371) w2=(-0.841723,0.000000,0.539909) w3=(-0.841723,0.000000,0.539909) steer=(255,0)
G6 l60=216.415 m18c=1 spd=58.1248 grip=12579.1 arm=lo kLo=0.616118 1-kLo=0.383882 ld4n=4 ld4avg=0.921883 le4avg=58.7126 avIn=(-0.000553855,-0.0255946,-0.000253581)
   G7 velDir=(0.860753,-0.072533,0.503829) w0=(-0.399562,0.000000,0.916706) w1=(-0.399562,0.000000,0.916706) w2=(-0.842621,0.000000,0.538506) w3=(-0.842621,0.000000,0.538506) steer=(255,0)
G6 l60=109.368 m18c=1 spd=31.4277 grip=3437.2 arm=lo kLo=0.895105 1-kLo=0.104895 ld4n=4 ld4avg=0.829924 le4avg=33.0463 avIn=(-0.000411722,-0.0238832,-7.81251e-05)
   G7 velDir=(0.851619,-0.051440,0.521632) w0=(-0.401147,0.000000,0.916014) w1=(-0.401147,0.000000,0.916014) w2=(-0.843551,0.000000,0.537049) w3=(-0.843551,0.000000,0.537049) steer=(255,0)
G6 l60=27.6778 m18c=1 spd=10.9939 grip=304.288 arm=lo kLo=0.990714 1-kLo=0.00928611 ld4n=4 ld4avg=0.491813 le4avg=14.0881 avIn=(-5.0493e-05,-0.00891302,-1.72913e-05)
   G7 velDir=(0.680651,-0.015416,0.732446) w0=(-0.402003,0.000000,0.915639) w1=(-0.402003,0.000000,0.915639) w2=(-0.844053,0.000000,0.536260) w3=(-0.844053,0.000000,0.536260) steer=(255,0)
G6 l60=2.71946 m18c=1 spd=11.915 grip=32.4025 arm=lo kLo=0.999011 1-kLo=0.000988841 ld4n=4 ld4avg=0.339918 le4avg=2.00031 avIn=(-4.80749e-07,-0.00552585,-1.74801e-07)
   G7 velDir=(-0.310942,-0.000132,0.950429) w0=(-0.402302,0.000000,0.915507) w1=(-0.402302,0.000000,0.915507) w2=(-0.844228,0.000000,0.535984) w3=(-0.844228,0.000000,0.535984) steer=(255,0)
G6 l60=10.7154 m18c=1 spd=21.2661 grip=227.874 arm=lo kLo=0.993046 1-kLo=0.00695413 ld4n=4 ld4avg=0.291273 le4avg=9.19701 avIn=(-4.6202e-11,-0.0308989,5.66402e-10)
   G7 velDir=(-0.600830,-0.000000,0.799377) w0=(-0.401978,0.000000,0.915649) w1=(-0.401978,0.000000,0.915649) w2=(-0.844038,0.000000,0.536283) w3=(-0.844038,0.000000,0.536283) steer=(255,0)
G6 l60=23.2411 m18c=1 spd=32.1042 grip=746.136 arm=lo kLo=0.97723 1-kLo=0.0227703 ld4n=4 ld4avg=0.291981 le4avg=19.8995 avIn=(5.90049e-10,-0.0304539,8.56393e-10)
   G7 velDir=(-0.686018,0.000000,0.727584) w0=(-0.401398,0.000000,0.915904) w1=(-0.401398,0.000000,0.915904) w2=(-0.843699,0.000000,0.536817) w3=(-0.843699,0.000000,0.536817) steer=(255,0)
G6 l60=36.4394 m18c=1 spd=43.6868 grip=1591.92 arm=lo kLo=0.951418 1-kLo=0.0485817 ld4n=4 ld4avg=0.29276 le4avg=31.1174 avIn=(9.44108e-10,-0.0298304,1.03512e-09)
   G7 velDir=(-0.724592,0.000000,0.689178) w0=(-0.400523,0.000000,0.916287) w1=(-0.400523,0.000000,0.916287) w2=(-0.843186,0.000000,0.537622) w3=(-0.843186,0.000000,0.537622) steer=(255,0)
G6 l60=50.3398 m18c=1 spd=55.9174 grip=2814.87 arm=lo kLo=0.914097 1-kLo=0.085903 ld4n=4 ld4avg=0.293551 le4avg=42.8722 avIn=(3.04864e-09,-0.0291909,2.14863e-09)
   G7 velDir=(-0.745231,0.000000,0.666807) w0=(-0.399332,0.000000,0.916806) w1=(-0.399332,0.000000,0.916806) w2=(-0.842486,0.000000,0.538718) w3=(-0.842486,0.000000,0.538718) steer=(255,0)
G6 l60=215.238 m18c=1 spd=57.8437 grip=12450.1 arm=lo kLo=0.620052 1-kLo=0.379948 ld4n=4 ld4avg=0.920937 le4avg=58.4534 avIn=(-0.000553385,-0.025591,-0.000260611)
   G7 velDir=(0.860490,-0.072556,0.504275) w0=(-0.400857,0.000000,0.916141) w1=(-0.400857,0.000000,0.916141) w2=(-0.843381,0.000000,0.537315) w3=(-0.843381,0.000000,0.537315) steer=(255,0)
G6 l60=108.049 m18c=1 spd=31.115 grip=3361.94 arm=lo kLo=0.897402 1-kLo=0.102598 ld4n=4 ld4avg=0.826161 le4avg=32.7961 avIn=(-0.000414468,-0.0237508,8.76535e-06)
   G7 velDir=(0.852112,-0.051194,0.520849) w0=(-0.402433,0.000000,0.915450) w1=(-0.402433,0.000000,0.915450) w2=(-0.844305,0.000000,0.535863) w3=(-0.844305,0.000000,0.535863) steer=(255,0)
G6 l60=27.2114 m18c=1 spd=10.8838 grip=296.163 arm=lo kLo=0.990962 1-kLo=0.00903821 ld4n=4 ld4avg=0.486626 le4avg=13.9977 avIn=(-4.94735e-05,-0.00881245,-7.87054e-06)
   G7 velDir=(0.676309,-0.015008,0.736465) w0=(-0.403280,0.000000,0.915077) w1=(-0.403280,0.000000,0.915077) w2=(-0.844800,0.000000,0.535082) w3=(-0.844800,0.000000,0.535082) steer=(255,0)
G6 l60=2.62581 m18c=1 spd=11.962 grip=31.4101 arm=lo kLo=0.999041 1-kLo=0.000958562 ld4n=4 ld4avg=0.339851 le4avg=1.93181 avIn=(-4.57877e-07,-0.00551884,-8.40715e-08)
   G7 velDir=(-0.315922,-0.000123,0.948785) w0=(-0.403576,0.000000,0.914946) w1=(-0.403576,0.000000,0.914946) w2=(-0.844974,0.000000,0.534808) w3=(-0.844974,0.000000,0.534808) steer=(255,0)
G6 l60=10.7917 m18c=1 spd=21.3316 grip=230.203 arm=lo kLo=0.992975 1-kLo=0.00702524 ld4n=4 ld4avg=0.291272 le4avg=9.26252 avIn=(-7.20018e-12,-0.0308929,6.65961e-10)
   G7 velDir=(-0.602783,-0.000000,0.797905) w0=(-0.403250,0.000000,0.915090) w1=(-0.403250,0.000000,0.915090) w2=(-0.844783,0.000000,0.535109) w3=(-0.844783,0.000000,0.535109) steer=(255,0)
G6 l60=23.3223 m18c=1 spd=32.1757 grip=750.41 arm=lo kLo=0.977099 1-kLo=0.0229007 ld4n=4 ld4avg=0.291986 le4avg=19.9687 avIn=(5.89e-10,-0.0304472,8.59411e-10)
   G7 velDir=(-0.687370,0.000000,0.726308) w0=(-0.402670,0.000000,0.915345) w1=(-0.402670,0.000000,0.915345) w2=(-0.844444,0.000000,0.535645) w3=(-0.844444,0.000000,0.535645) steer=(255,0)
G6 l60=36.5255 m18c=1 spd=43.7631 grip=1598.47 arm=lo kLo=0.951219 1-kLo=0.0487815 ld4n=4 ld4avg=0.292765 le4avg=31.1904 avIn=(9.45535e-10,-0.0298229,1.03946e-09)
   G7 velDir=(-0.725725,0.000000,0.687985) w0=(-0.401793,0.000000,0.915730) w1=(-0.401793,0.000000,0.915730) w2=(-0.843930,0.000000,0.536453) w3=(-0.843930,0.000000,0.536453) steer=(255,0)
G6 l60=50.431 m18c=1 spd=55.9982 grip=2824.05 arm=lo kLo=0.913817 1-kLo=0.0861831 ld4n=4 ld4avg=0.293555 le4avg=42.9492 avIn=(3.09074e-09,-0.0291846,2.17861e-09)
   G7 velDir=(-0.746256,0.000000,0.665659) w0=(-0.400601,0.000000,0.916253) w1=(-0.400601,0.000000,0.916253) w2=(-0.843231,0.000000,0.537551) w3=(-0.843231,0.000000,0.537551) steer=(255,0)
G6 l60=214.406 m18c=1 spd=57.6255 grip=12355.2 arm=lo kLo=0.622948 1-kLo=0.377052 ld4n=4 ld4avg=0.920985 le4avg=58.2245 avIn=(-0.000553848,-0.025589,-0.000264505)
   G7 velDir=(0.860122,-0.072694,0.504882) w0=(-0.400601,0.000000,0.916253) w1=(-0.400601,0.000000,0.916253) w2=(-0.843231,0.000000,0.537551) w3=(-0.843231,0.000000,0.537551) steer=(255,0)
G6 l60=107.031 m18c=1 spd=30.8575 grip=3302.7 arm=lo kLo=0.899209 1-kLo=0.100791 ld4n=4 ld4avg=0.824595 le4avg=32.5487 avIn=(-0.00040927,-0.0236376,3.69414e-06)
   G7 velDir=(0.851781,-0.051133,0.521396) w0=(-0.402171,0.000000,0.915565) w1=(-0.402171,0.000000,0.915565) w2=(-0.844152,0.000000,0.536105) w3=(-0.844152,0.000000,0.536105) steer=(255,0)
G6 l60=26.7639 m18c=1 spd=10.7853 grip=288.657 arm=lo kLo=0.991191 1-kLo=0.00880909 ld4n=4 ld4avg=0.483824 le4avg=13.8469 avIn=(-4.79492e-05,-0.00873169,-8.08354e-06)
   G7 velDir=(0.668566,-0.014738,0.743507) w0=(-0.403011,0.000000,0.915195) w1=(-0.403011,0.000000,0.915195) w2=(-0.844643,0.000000,0.535329) w3=(-0.844643,0.000000,0.535329) steer=(255,0)
G6 l60=2.4602 m18c=1 spd=12.0546 grip=29.6568 arm=lo kLo=0.999095 1-kLo=0.000905037 ld4n=4 ld4avg=0.341724 le4avg=1.80006 avIn=(-4.31912e-07,-0.00551659,-8.26505e-08)
   G7 velDir=(-0.322320,-0.000116,0.946631) w0=(-0.403305,0.000000,0.915066) w1=(-0.403305,0.000000,0.915066) w2=(-0.844815,0.000000,0.535058) w3=(-0.844815,0.000000,0.535058) steer=(255,0)
G6 l60=10.9375 m18c=1 spd=21.4557 grip=234.671 arm=lo kLo=0.992838 1-kLo=0.00716162 ld4n=4 ld4avg=0.291271 le4avg=9.38772 avIn=(4.65851e-11,-0.0308881,6.77416e-10)
   G7 velDir=(-0.604133,-0.000000,0.796884) w0=(-0.402977,0.000000,0.915210) w1=(-0.402977,0.000000,0.915210) w2=(-0.844623,0.000000,0.535361) w3=(-0.844623,0.000000,0.535361) steer=(255,0)
G6 l60=23.4762 m18c=1 spd=32.3102 grip=758.519 arm=lo kLo=0.976852 1-kLo=0.0231482 ld4n=4 ld4avg=0.291995 le4avg=20.0998 avIn=(5.92119e-10,-0.0304414,8.60274e-10)
   G7 velDir=(-0.687793,0.000000,0.725907) w0=(-0.402392,0.000000,0.915467) w1=(-0.402392,0.000000,0.915467) w2=(-0.844281,0.000000,0.535900) w3=(-0.844281,0.000000,0.535900) steer=(255,0)
G6 l60=36.6875 m18c=1 spd=43.9055 grip=1610.78 arm=lo kLo=0.950843 1-kLo=0.0491572 ld4n=4 ld4avg=0.292774 le4avg=31.3277 avIn=(9.53778e-10,-0.0298154,1.04295e-09)
   G7 velDir=(-0.725846,0.000000,0.687857) w0=(-0.401512,0.000000,0.915854) w1=(-0.401512,0.000000,0.915854) w2=(-0.843766,0.000000,0.536712) w3=(-0.843766,0.000000,0.536712) steer=(255,0)
G6 l60=50.6015 m18c=1 spd=56.148 grip=2841.18 arm=lo kLo=0.913294 1-kLo=0.0867058 ld4n=4 ld4avg=0.293565 le4avg=43.093 avIn=(3.17464e-09,-0.0291791,2.22204e-09)
   G7 velDir=(-0.746242,0.000000,0.665674) w0=(-0.400316,0.000000,0.916377) w1=(-0.400316,0.000000,0.916377) w2=(-0.843064,0.000000,0.537813) w3=(-0.843064,0.000000,0.537813) steer=(255,0)
G6 l60=214.688 m18c=1 spd=57.7058 grip=12388.7 arm=lo kLo=0.621926 1-kLo=0.378074 ld4n=4 ld4avg=0.920733 le4avg=58.3173 avIn=(-0.000554996,-0.0256063,-0.000264731)
   G7 velDir=(0.859867,-0.072845,0.505295) w0=(-0.401846,0.000000,0.915707) w1=(-0.401846,0.000000,0.915707) w2=(-0.843961,0.000000,0.536404) w3=(-0.843961,0.000000,0.536404) steer=(255,0)
G6 l60=107.405 m18c=1 spd=30.957 grip=3324.95 arm=lo kLo=0.898531 1-kLo=0.101469 ld4n=4 ld4avg=0.824764 le4avg=32.656 avIn=(-0.00041199,-0.0237218,1.22253e-06)
   G7 velDir=(0.851662,-0.051285,0.521576) w0=(-0.403417,0.000000,0.915016) w1=(-0.403417,0.000000,0.915016) w2=(-0.844881,0.000000,0.534955) w3=(-0.844881,0.000000,0.534955) steer=(255,0)
G6 l60=26.9551 m18c=1 spd=10.8256 grip=291.807 arm=lo kLo=0.991095 1-kLo=0.00890523 ld4n=4 ld4avg=0.484515 le4avg=13.926 avIn=(-4.86093e-05,-0.00876447,-8.49047e-06)
   G7 velDir=(0.672036,-0.014873,0.740369) w0=(-0.404260,0.000000,0.914644) w1=(-0.404260,0.000000,0.914644) w2=(-0.845373,0.000000,0.534176) w3=(-0.845373,0.000000,0.534176) steer=(255,0)
G6 l60=2.54805 m18c=1 spd=12.0046 grip=30.5882 arm=lo kLo=0.999067 1-kLo=0.000933468 ld4n=4 ld4avg=0.340465 le4avg=1.87122 avIn=(-4.42973e-07,-0.00551451,-8.77954e-08)
   G7 velDir=(-0.320063,-0.000119,0.947396) w0=(-0.404554,0.000000,0.914514) w1=(-0.404554,0.000000,0.914514) w2=(-0.845545,0.000000,0.533904) w3=(-0.845545,0.000000,0.533904) steer=(255,0)
G6 l60=10.8592 m18c=1 spd=21.3895 grip=232.271 arm=lo kLo=0.992912 1-kLo=0.00708836 ld4n=4 ld4avg=0.291272 le4avg=9.32047 avIn=(1.90587e-11,-0.0308879,6.68845e-10)
   G7 velDir=(-0.604374,-0.000000,0.796701) w0=(-0.404228,0.000000,0.914658) w1=(-0.404228,0.000000,0.914658) w2=(-0.845354,0.000000,0.534206) w3=(-0.845354,0.000000,0.534206) steer=(255,0)
G6 l60=23.394 m18c=1 spd=32.2388 grip=754.196 arm=lo kLo=0.976984 1-kLo=0.0230162 ld4n=4 ld4avg=0.29199 le4avg=20.0298 avIn=(5.88279e-10,-0.0304417,8.6126e-10)
   G7 velDir=(-0.688444,0.000000,0.725289) w0=(-0.403645,0.000000,0.914915) w1=(-0.403645,0.000000,0.914915) w2=(-0.845014,0.000000,0.534744) w3=(-0.845014,0.000000,0.534744) steer=(255,0)
G6 l60=36.6016 m18c=1 spd=43.8304 grip=1604.26 arm=lo kLo=0.951042 1-kLo=0.0489582 ld4n=4 ld4avg=0.292769 le4avg=31.2549 avIn=(9.47116e-10,-0.0298165,1.04303e-09)
   G7 velDir=(-0.726613,0.000000,0.687047) w0=(-0.402768,0.000000,0.915302) w1=(-0.402768,0.000000,0.915302) w2=(-0.844501,0.000000,0.535554) w3=(-0.844501,0.000000,0.535554) steer=(255,0)
G6 l60=50.5116 m18c=1 spd=56.0695 grip=2832.16 arm=lo kLo=0.913569 1-kLo=0.0864305 ld4n=4 ld4avg=0.29356 le4avg=43.0172 avIn=(3.12908e-09,-0.0291793,2.20497e-09)
   G7 velDir=(-0.747054,0.000000,0.664763) w0=(-0.401574,0.000000,0.915827) w1=(-0.401574,0.000000,0.915827) w2=(-0.843802,0.000000,0.536655) w3=(-0.843802,0.000000,0.536655) steer=(255,0)
G6 l60=213.543 m18c=1 spd=57.4322 grip=12264.3 arm=lo kLo=0.625724 1-kLo=0.374276 ld4n=4 ld4avg=0.919802 le4avg=58.0651 avIn=(-0.000554436,-0.0256006,-0.000271464)
   G7 velDir=(0.859611,-0.072863,0.505727) w0=(-0.403101,0.000000,0.915156) w1=(-0.403101,0.000000,0.915156) w2=(-0.844696,0.000000,0.535247) w3=(-0.844696,0.000000,0.535247) steer=(255,0)
G6 l60=106.14 m18c=1 spd=30.6565 grip=3253.86 arm=lo kLo=0.9007 1-kLo=0.0993 ld4n=4 ld4avg=0.821061 le4avg=32.4165 avIn=(-0.000396079,-0.023579,-8.73267e-05)
   G7 velDir=(0.852132,-0.051038,0.520832) w0=(-0.404664,0.000000,0.914465) w1=(-0.404664,0.000000,0.914465) w2=(-0.845609,0.000000,0.533803) w3=(-0.845609,0.000000,0.533803) steer=(255,0)
G6 l60=26.5174 m18c=1 spd=10.7231 grip=284.348 arm=lo kLo=0.991322 1-kLo=0.0086776 ld4n=4 ld4avg=0.47963 le4avg=13.8388 avIn=(-4.58503e-05,-0.00866903,-1.69284e-05)
   G7 velDir=(0.667552,-0.014482,0.744422) w0=(-0.405498,0.000000,0.914096) w1=(-0.405498,0.000000,0.914096) w2=(-0.846096,0.000000,0.533031) w3=(-0.846096,0.000000,0.533031) steer=(255,0)
G6 l60=2.4571 m18c=1 spd=12.0513 grip=29.6113 arm=lo kLo=0.999096 1-kLo=0.000903666 ld4n=4 ld4avg=0.340569 le4avg=1.80388 avIn=(-4.07038e-07,-0.00550799,-1.57944e-07)
   G7 velDir=(-0.324858,-0.000112,0.945763) w0=(-0.405789,0.000000,0.913967) w1=(-0.405789,0.000000,0.913967) w2=(-0.846265,0.000000,0.532761) w3=(-0.846265,0.000000,0.532761) steer=(255,0)
G6 l60=10.9342 m18c=1 spd=21.4539 grip=234.58 arm=lo kLo=0.992841 1-kLo=0.00715882 ld4n=4 ld4avg=0.291271 le4avg=9.38487 avIn=(6.66954e-11,-0.0308819,6.14589e-10)
   G7 velDir=(-0.606264,-0.000000,0.795263) w0=(-0.405462,0.000000,0.914112) w1=(-0.405462,0.000000,0.914112) w2=(-0.846074,0.000000,0.533065) w3=(-0.846074,0.000000,0.533065) steer=(255,0)
G6 l60=23.4738 m18c=1 spd=32.3092 grip=758.419 arm=lo kLo=0.976855 1-kLo=0.0231451 ld4n=4 ld4avg=0.291995 le4avg=20.0978 avIn=(5.87345e-10,-0.0304352,8.63127e-10)
   G7 velDir=(-0.689753,0.000000,0.724045) w0=(-0.404878,0.000000,0.914371) w1=(-0.404878,0.000000,0.914371) w2=(-0.845734,0.000000,0.533605) w3=(-0.845734,0.000000,0.533605) steer=(255,0)
G6 l60=36.6862 m18c=1 spd=43.9054 grip=1610.72 arm=lo kLo=0.950845 1-kLo=0.0491553 ld4n=4 ld4avg=0.292774 le4avg=31.3266 avIn=(9.48607e-10,-0.0298091,1.04729e-09)
   G7 velDir=(-0.727709,0.000000,0.685886) w0=(-0.403999,0.000000,0.914760) w1=(-0.403999,0.000000,0.914760) w2=(-0.845221,0.000000,0.534417) w3=(-0.845221,0.000000,0.534417) steer=(255,0)
G6 l60=50.6013 m18c=1 spd=56.1489 grip=2841.21 arm=lo kLo=0.913293 1-kLo=0.0867068 ld4n=4 ld4avg=0.293565 le4avg=43.0929 avIn=(3.17299e-09,-0.029173,2.236e-09)
   G7 velDir=(-0.748047,0.000000,0.663646) w0=(-0.402804,0.000000,0.915286) w1=(-0.402804,0.000000,0.915286) w2=(-0.844522,0.000000,0.535521) w3=(-0.844522,0.000000,0.535521) steer=(255,0)
G6 l60=212.744 m18c=1 spd=57.2219 grip=12173.6 arm=lo kLo=0.628491 1-kLo=0.371509 ld4n=4 ld4avg=0.919873 le4avg=57.8435 avIn=(-0.000554857,-0.0255977,-0.000275111)
   G7 velDir=(0.859251,-0.072996,0.506319) w0=(-0.402804,0.000000,0.915286) w1=(-0.402804,0.000000,0.915286) w2=(-0.844522,0.000000,0.535521) w3=(-0.844522,0.000000,0.535521) steer=(255,0)
G6 l60=105.17 m18c=1 spd=30.4099 grip=3198.2 arm=lo kLo=0.902399 1-kLo=0.0976012 ld4n=4 ld4avg=0.819578 le4avg=32.1784 avIn=(-0.000387956,-0.0233999,-0.000121342)
   G7 velDir=(0.851776,-0.050979,0.521420) w0=(-0.404361,0.000000,0.914599) w1=(-0.404361,0.000000,0.914599) w2=(-0.845432,0.000000,0.534082) w3=(-0.845432,0.000000,0.534082) steer=(255,0)
G6 l60=26.0943 m18c=1 spd=10.6316 grip=277.424 arm=lo kLo=0.991534 1-kLo=0.0084663 ld4n=4 ld4avg=0.477044 le4avg=13.6915 avIn=(-4.41626e-05,-0.00858734,-1.98028e-05)
   G7 velDir=(0.659645,-0.014225,0.751443) w0=(-0.405189,0.000000,0.914233) w1=(-0.405189,0.000000,0.914233) w2=(-0.845915,0.000000,0.533317) w3=(-0.845915,0.000000,0.533317) steer=(255,0)
G6 l60=2.2949 m18c=1 spd=12.1432 grip=27.8674 arm=lo kLo=0.99915 1-kLo=0.000850439 ld4n=4 ld4avg=0.342752 le4avg=1.67408 avIn=(-3.82025e-07,-0.00550635,-1.774e-07)
   G7 velDir=(-0.330982,-0.000105,0.943637) w0=(-0.405478,0.000000,0.914105) w1=(-0.405478,0.000000,0.914105) w2=(-0.846084,0.000000,0.533050) w3=(-0.846084,0.000000,0.533050) steer=(255,0)
G6 l60=11.0778 m18c=1 spd=21.5762 grip=239.017 arm=lo kLo=0.992706 1-kLo=0.00729424 ld4n=4 ld4avg=0.29127 le4avg=9.50821 avIn=(1.14966e-10,-0.0308773,6.1144e-10)
   G7 velDir=(-0.607533,-0.000000,0.794295) w0=(-0.405147,0.000000,0.914251) w1=(-0.405147,0.000000,0.914251) w2=(-0.845891,0.000000,0.533355) w3=(-0.845891,0.000000,0.533355) steer=(255,0)
G6 l60=23.6254 m18c=1 spd=32.4416 grip=766.446 arm=lo kLo=0.97661 1-kLo=0.0233901 ld4n=4 ld4avg=0.292004 le4avg=20.227 avIn=(5.90512e-10,-0.0304296,8.63823e-10)
   G7 velDir=(-0.690128,0.000000,0.723688) w0=(-0.404560,0.000000,0.914511) w1=(-0.404560,0.000000,0.914511) w2=(-0.845549,0.000000,0.533898) w3=(-0.845549,0.000000,0.533898) steer=(255,0)
G6 l60=36.8458 m18c=1 spd=44.0456 grip=1622.89 arm=lo kLo=0.950473 1-kLo=0.0495268 ld4n=4 ld4avg=0.292783 le4avg=31.4619 avIn=(9.56955e-10,-0.0298019,1.05075e-09)
   G7 velDir=(-0.727793,0.000000,0.685797) w0=(-0.403678,0.000000,0.914901) w1=(-0.403678,0.000000,0.914901) w2=(-0.845033,0.000000,0.534714) w3=(-0.845033,0.000000,0.534714) steer=(255,0)
G6 l60=199.648 m18c=1 spd=54.4391 grip=10868.7 arm=lo kLo=0.668315 1-kLo=0.331685 ld4n=4 ld4avg=0.895676 le4avg=55.7403 avIn=(-0.000463678,-0.0248299,-0.000294851)
   G7 velDir=(0.877846,-0.060762,0.475072) w0=(-0.403678,0.000000,0.914901) w1=(-0.403678,0.000000,0.914901) w2=(-0.845033,0.000000,0.534714) w3=(-0.845033,0.000000,0.534714) steer=(255,0)
G6 l60=93.179 m18c=1 spd=27.8659 grip=2596.51 arm=lo kLo=0.920761 1-kLo=0.0792394 ld4n=4 ld4avg=0.756322 le4avg=30.885 avIn=(-0.000265384,-0.020776,-0.000205178)
   G7 velDir=(0.885963,-0.039334,0.462085) w0=(-0.405159,0.000000,0.914246) w1=(-0.405159,0.000000,0.914246) w2=(-0.845898,0.000000,0.533345) w3=(-0.845898,0.000000,0.533345) steer=(255,0)
G6 l60=23.7967 m18c=1 spd=10.0144 grip=238.309 arm=lo kLo=0.992727 1-kLo=0.0072726 ld4n=4 ld4avg=0.42088 le4avg=14.1446 avIn=(-2.46508e-05,-0.00782478,-2.10509e-05)
   G7 velDir=(0.707747,-0.008669,0.706413) w0=(-0.405916,0.000000,0.913910) w1=(-0.405916,0.000000,0.913910) w2=(-0.846340,0.000000,0.532643) w3=(-0.846340,0.000000,0.532643) steer=(255,0)
G6 l60=2.87478 m18c=1 spd=11.7323 grip=33.7279 arm=lo kLo=0.998971 1-kLo=0.00102931 ld4n=4 ld4avg=0.322079 le4avg=2.23153 avIn=(-1.84521e-07,-0.00548516,-1.59484e-07)
   G7 velDir=(-0.305018,-0.000054,0.952347) w0=(-0.406189,0.000000,0.913789) w1=(-0.406189,0.000000,0.913789) w2=(-0.846498,0.000000,0.532391) w3=(-0.846498,0.000000,0.532391) steer=(255,0)
G6 l60=10.4595 m18c=1 spd=21.0499 grip=220.172 arm=lo kLo=0.993281 1-kLo=0.00671911 ld4n=4 ld4avg=0.291274 le4avg=8.97736 avIn=(2.62894e-10,-0.0308977,6.19167e-10)
   G7 velDir=(-0.601397,-0.000000,0.798950) w0=(-0.405870,0.000000,0.913931) w1=(-0.405870,0.000000,0.913931) w2=(-0.846313,0.000000,0.532687) w3=(-0.846313,0.000000,0.532687) steer=(255,0)
G6 l60=22.9727 m18c=1 spd=31.8712 grip=732.167 arm=lo kLo=0.977656 1-kLo=0.022344 ld4n=4 ld4avg=0.291965 le4avg=19.6708 avIn=(5.81331e-10,-0.0304552,8.60691e-10)
   G7 velDir=(-0.687974,0.000000,0.725736) w0=(-0.405297,0.000000,0.914185) w1=(-0.405297,0.000000,0.914185) w2=(-0.845979,0.000000,0.533217) w3=(-0.845979,0.000000,0.533217) steer=(255,0)
G6 l60=36.1585 m18c=1 spd=43.4414 grip=1570.78 arm=lo kLo=0.952064 1-kLo=0.0479363 ld4n=4 ld4avg=0.292743 le4avg=30.8793 avIn=(9.2333e-10,-0.0298346,1.03527e-09)
   G7 velDir=(-0.726942,0.000000,0.686699) w0=(-0.404430,0.000000,0.914569) w1=(-0.404430,0.000000,0.914569) w2=(-0.845473,0.000000,0.534019) w3=(-0.845473,0.000000,0.534019) steer=(255,0)
G6 l60=198.563 m18c=1 spd=54.2006 grip=10762.2 arm=lo kLo=0.671564 1-kLo=0.328436 ld4n=4 ld4avg=0.893891 le4avg=55.5475 avIn=(-0.000458613,-0.024787,-0.000296729)
   G7 velDir=(0.878643,-0.060146,0.473676) w0=(-0.404430,0.000000,0.914569) w1=(-0.404430,0.000000,0.914569) w2=(-0.845473,0.000000,0.534019) w3=(-0.845473,0.000000,0.534019) steer=(255,0)
G6 l60=92.2079 m18c=1 spd=27.6544 grip=2549.96 arm=lo kLo=0.922181 1-kLo=0.0778186 ld4n=4 ld4avg=0.751455 le4avg=30.7604 avIn=(-0.000258764,-0.0205743,-0.000202794)
   G7 velDir=(0.887726,-0.038679,0.458744) w0=(-0.405905,0.000000,0.913915) w1=(-0.405905,0.000000,0.913915) w2=(-0.846333,0.000000,0.532655) w3=(-0.846333,0.000000,0.532655) steer=(255,0)
G6 l60=23.5902 m18c=1 spd=9.96318 grip=235.034 arm=lo kLo=0.992827 1-kLo=0.00717264 ld4n=4 ld4avg=0.417321 le4avg=14.141 avIn=(-2.35966e-05,-0.00776729,-2.03817e-05)
   G7 velDir=(0.708245,-0.008351,0.705917) w0=(-0.406656,0.000000,0.913581) w1=(-0.406656,0.000000,0.913581) w2=(-0.846771,0.000000,0.531958) w3=(-0.846771,0.000000,0.531958) steer=(255,0)
G6 l60=2.87328 m18c=1 spd=11.7294 grip=33.7017 arm=lo kLo=0.998972 1-kLo=0.00102848 ld4n=4 ld4avg=0.321443 le4avg=2.23478 avIn=(-1.74212e-07,-0.00548188,-1.52244e-07)
   G7 velDir=(-0.305714,-0.000051,0.952123) w0=(-0.406927,0.000000,0.913461) w1=(-0.406927,0.000000,0.913461) w2=(-0.846928,0.000000,0.531707) w3=(-0.846928,0.000000,0.531707) steer=(255,0)
G6 l60=10.4562 m18c=1 spd=21.0474 grip=220.075 arm=lo kLo=0.993284 1-kLo=0.00671613 ld4n=4 ld4avg=0.291274 le4avg=8.9745 avIn=(2.73437e-10,-0.0308959,6.29149e-10)
   G7 velDir=(-0.602007,-0.000000,0.798491) w0=(-0.406608,0.000000,0.913603) w1=(-0.406608,0.000000,0.913603) w2=(-0.846743,0.000000,0.532003) w3=(-0.846743,0.000000,0.532003) steer=(255,0)
G6 l60=22.9695 m18c=1 spd=31.8688 grip=732.009 arm=lo kLo=0.977661 1-kLo=0.0223392 ld4n=4 ld4avg=0.291965 le4avg=19.6681 avIn=(5.79913e-10,-0.0304534,8.61724e-10)
   G7 velDir=(-0.688546,0.000000,0.725192) w0=(-0.406036,0.000000,0.913857) w1=(-0.406036,0.000000,0.913857) w2=(-0.846409,0.000000,0.532533) w3=(-0.846409,0.000000,0.532533) steer=(255,0)
G6 l60=36.1555 m18c=1 spd=43.4391 grip=1570.56 arm=lo kLo=0.95207 1-kLo=0.0479298 ld4n=4 ld4avg=0.292743 le4avg=30.8767 avIn=(9.21669e-10,-0.0298329,1.03647e-09)
   G7 velDir=(-0.727490,0.000000,0.686118) w0=(-0.405170,0.000000,0.914242) w1=(-0.405170,0.000000,0.914242) w2=(-0.845904,0.000000,0.533335) w3=(-0.845904,0.000000,0.533335) steer=(255,0)
G6 l60=50.0429 m18c=1 spd=55.6582 grip=2785.3 arm=lo kLo=0.914999 1-kLo=0.0850006 ld4n=4 ld4avg=0.293533 le4avg=42.6219 avIn=(2.9118e-09,-0.0291906,2.10136e-09)
   G7 velDir=(-0.748270,0.000000,0.663394) w0=(-0.403988,0.000000,0.914764) w1=(-0.403988,0.000000,0.914764) w2=(-0.845214,0.000000,0.534428) w3=(-0.845214,0.000000,0.534428) steer=(255,0)
G6 l60=211.053 m18c=1 spd=56.8426 grip=11996.8 arm=lo kLo=0.633887 1-kLo=0.366113 ld4n=4 ld4avg=0.917536 le4avg=57.5296 avIn=(-0.000551405,-0.0255685,-0.000284988)
   G7 velDir=(0.859488,-0.072648,0.505967) w0=(-0.405502,0.000000,0.914094) w1=(-0.405502,0.000000,0.914094) w2=(-0.846098,0.000000,0.533028) w3=(-0.846098,0.000000,0.533028) steer=(255,0)
G6 l60=103.453 m18c=1 spd=30.0214 grip=3105.8 arm=lo kLo=0.905218 1-kLo=0.0947816 ld4n=4 ld4avg=0.812577 le4avg=31.9252 avIn=(-0.000369016,-0.0230376,-0.000198048)
   G7 velDir=(0.853728,-0.050310,0.518284) w0=(-0.407047,0.000000,0.913407) w1=(-0.407047,0.000000,0.913407) w2=(-0.846998,0.000000,0.531596) w3=(-0.846998,0.000000,0.531596) steer=(255,0)
G6 l60=25.6349 m18c=1 spd=10.5157 grip=269.57 arm=lo kLo=0.991773 1-kLo=0.00822663 ld4n=4 ld4avg=0.469145 le4avg=13.6758 avIn=(-4.0894e-05,-0.00845309,-2.6312e-05)
   G7 velDir=(0.659215,-0.013607,0.751832) w0=(-0.407863,0.000000,0.913043) w1=(-0.407863,0.000000,0.913043) w2=(-0.847472,0.000000,0.530839) w3=(-0.847472,0.000000,0.530839) steer=(255,0)
G6 l60=2.28835 m18c=1 spd=12.1374 grip=27.7747 arm=lo kLo=0.999152 1-kLo=0.000847638 ld4n=4 ld4avg=0.340557 le4avg=1.68005 avIn=(-3.43902e-07,-0.00549514,-2.25462e-07)
   G7 velDir=(-0.333698,-0.000097,0.942680) w0=(-0.408148,0.000000,0.912916) w1=(-0.408148,0.000000,0.912916) w2=(-0.847639,0.000000,0.530574) w3=(-0.847639,0.000000,0.530574) steer=(255,0)
G6 l60=11.0721 m18c=1 spd=21.5724 grip=238.853 arm=lo kLo=0.992711 1-kLo=0.00728923 ld4n=4 ld4avg=0.29127 le4avg=9.50333 avIn=(1.46497e-10,-0.0308706,5.7841e-10)
   G7 velDir=(-0.609797,-0.000000,0.792557) w0=(-0.407818,0.000000,0.913063) w1=(-0.407818,0.000000,0.913063) w2=(-0.847447,0.000000,0.530880) w3=(-0.847447,0.000000,0.530880) steer=(255,0)
G6 l60=23.6207 m18c=1 spd=32.4385 grip=766.22 arm=lo kLo=0.976617 1-kLo=0.0233831 ld4n=4 ld4avg=0.292004 le4avg=20.2229 avIn=(5.8542e-10,-0.0304228,8.67122e-10)
   G7 velDir=(-0.692221,0.000000,0.721685) w0=(-0.407232,0.000000,0.913325) w1=(-0.407232,0.000000,0.913325) w2=(-0.847106,0.000000,0.531424) w3=(-0.847106,0.000000,0.531424) steer=(255,0)
G6 l60=36.842 m18c=1 spd=44.0434 grip=1622.65 arm=lo kLo=0.950481 1-kLo=0.0495192 ld4n=4 ld4avg=0.292783 le4avg=31.4587 avIn=(9.51254e-10,-0.0297952,1.05536e-09)
   G7 velDir=(-0.729786,0.000000,0.683675) w0=(-0.406351,0.000000,0.913717) w1=(-0.406351,0.000000,0.913717) w2=(-0.846593,0.000000,0.532241) w3=(-0.846593,0.000000,0.532241) steer=(255,0)
G6 l60=50.7664 m18c=1 spd=56.2952 grip=2857.91 arm=lo kLo=0.912784 1-kLo=0.0872164 ld4n=4 ld4avg=0.293573 le4avg=43.2322 avIn=(3.25739e-09,-0.0291613,2.29603e-09)
   G7 velDir=(-0.749933,0.000000,0.661514) w0=(-0.405153,0.000000,0.914249) w1=(-0.405153,0.000000,0.914249) w2=(-0.845895,0.000000,0.533350) w3=(-0.845895,0.000000,0.533350) steer=(255,0)
G6 l60=210.825 m18c=1 spd=56.772 grip=11969 arm=lo kLo=0.634736 1-kLo=0.365264 ld4n=4 ld4avg=0.917945 le4avg=57.4425 avIn=(-0.000555775,-0.0256098,-0.000288618)
   G7 velDir=(0.858207,-0.073337,0.508037) w0=(-0.406684,0.000000,0.913569) w1=(-0.406684,0.000000,0.913569) w2=(-0.846787,0.000000,0.531933) w3=(-0.846787,0.000000,0.531933) steer=(255,0)
G6 l60=103.13 m18c=1 spd=29.9307 grip=3086.75 arm=lo kLo=0.9058 1-kLo=0.0942 ld4n=4 ld4avg=0.812746 le4avg=31.8191 avIn=(-0.000369915,-0.0229817,-0.000204327)
   G7 velDir=(0.852152,-0.050760,0.520827) w0=(-0.408226,0.000000,0.912881) w1=(-0.408226,0.000000,0.912881) w2=(-0.847684,0.000000,0.530502) w3=(-0.847684,0.000000,0.530502) steer=(255,0)
G6 l60=25.4513 m18c=1 spd=10.4793 grip=266.712 arm=lo kLo=0.991861 1-kLo=0.00813943 ld4n=4 ld4avg=0.46883 le4avg=13.5869 avIn=(-4.07195e-05,-0.0084208,-2.67475e-05)
   G7 velDir=(0.652646,-0.013650,0.757540) w0=(-0.409039,0.000000,0.912517) w1=(-0.409039,0.000000,0.912517) w2=(-0.848156,0.000000,0.529747) w3=(-0.848156,0.000000,0.529747) steer=(255,0)
G6 l60=2.18798 m18c=1 spd=12.197 grip=26.6867 arm=lo kLo=0.999186 1-kLo=0.000814438 ld4n=4 ld4avg=0.342437 le4avg=1.59755 avIn=(-3.38484e-07,-0.00549136,-2.26192e-07)
   G7 velDir=(-0.338926,-0.000095,0.940813) w0=(-0.409323,0.000000,0.912389) w1=(-0.409323,0.000000,0.912389) w2=(-0.848321,0.000000,0.529482) w3=(-0.848321,0.000000,0.529482) steer=(255,0)
G6 l60=11.164 m18c=1 spd=21.6513 grip=241.716 arm=lo kLo=0.992623 1-kLo=0.00737655 ld4n=4 ld4avg=0.291269 le4avg=9.58223 avIn=(1.61986e-10,-0.030864,5.88717e-10)
   G7 velDir=(-0.611791,-0.000000,0.791019) w0=(-0.408992,0.000000,0.912538) w1=(-0.408992,0.000000,0.912538) w2=(-0.848129,0.000000,0.529790) w3=(-0.848129,0.000000,0.529790) steer=(255,0)
G6 l60=23.7183 m18c=1 spd=32.5244 grip=771.424 arm=lo kLo=0.976458 1-kLo=0.023542 ld4n=4 ld4avg=0.292009 le4avg=20.3061 avIn=(5.84611e-10,-0.0304155,8.6945e-10)
   G7 velDir=(-0.693546,0.000000,0.720413) w0=(-0.408404,0.000000,0.912801) w1=(-0.408404,0.000000,0.912801) w2=(-0.847787,0.000000,0.530336) w3=(-0.847787,0.000000,0.530336) steer=(255,0)
G6 l60=36.9454 m18c=1 spd=44.1348 grip=1630.58 arm=lo kLo=0.950239 1-kLo=0.0497613 ld4n=4 ld4avg=0.292788 le4avg=31.5464 avIn=(9.53867e-10,-0.0297869,1.06008e-09)
   G7 velDir=(-0.730869,0.000000,0.682517) w0=(-0.407521,0.000000,0.913196) w1=(-0.407521,0.000000,0.913196) w2=(-0.847274,0.000000,0.531156) w3=(-0.847274,0.000000,0.531156) steer=(255,0)
G6 l60=50.8758 m18c=1 spd=56.392 grip=2868.99 arm=lo kLo=0.912445 1-kLo=0.0875546 ld4n=4 ld4avg=0.293579 le4avg=43.3245 avIn=(3.31628e-09,-0.0291545,2.33536e-09)
   G7 velDir=(-0.750899,0.000000,0.660417) w0=(-0.406322,0.000000,0.913730) w1=(-0.406322,0.000000,0.913730) w2=(-0.846576,0.000000,0.532268) w3=(-0.846576,0.000000,0.532268) steer=(255,0)
G6 l60=210.1 m18c=1 spd=56.579 grip=11887.3 arm=lo kLo=0.637229 1-kLo=0.362771 ld4n=4 ld4avg=0.918088 le4avg=57.2363 avIn=(-0.000556273,-0.0256068,-0.000291814)
   G7 velDir=(0.857832,-0.073482,0.508649) w0=(-0.406322,0.000000,0.913730) w1=(-0.406322,0.000000,0.913730) w2=(-0.846576,0.000000,0.532268) w3=(-0.846576,0.000000,0.532268) steer=(255,0)
G6 l60=102.257 m18c=1 spd=29.7064 grip=3037.68 arm=lo kLo=0.907297 1-kLo=0.0927027 ld4n=4 ld4avg=0.811498 le4avg=31.5984 avIn=(-0.00036543,-0.0228061,-0.000210246)
   G7 velDir=(0.851694,-0.050722,0.521579) w0=(-0.407859,0.000000,0.913045) w1=(-0.407859,0.000000,0.913045) w2=(-0.847470,0.000000,0.530843) w3=(-0.847470,0.000000,0.530843) steer=(255,0)
G6 l60=25.0702 m18c=1 spd=10.3999 grip=260.727 arm=lo kLo=0.992043 1-kLo=0.00795674 ld4n=4 ld4avg=0.46669 le4avg=13.4445 avIn=(-3.95599e-05,-0.00834917,-2.67434e-05)
   G7 velDir=(0.644437,-0.013424,0.764539) w0=(-0.408666,0.000000,0.912684) w1=(-0.408666,0.000000,0.912684) w2=(-0.847939,0.000000,0.530093) w3=(-0.847939,0.000000,0.530093) steer=(255,0)
G6 l60=2.03055 m18c=1 spd=12.2882 grip=24.9517 arm=lo kLo=0.999239 1-kLo=0.000761449 ld4n=4 ld4avg=0.345295 le4avg=1.47035 avIn=(-3.20996e-07,-0.00549089,-2.20245e-07)
   G7 velDir=(-0.344650,-0.000090,0.938731) w0=(-0.408948,0.000000,0.912558) w1=(-0.408948,0.000000,0.912558) w2=(-0.848103,0.000000,0.529831) w3=(-0.848103,0.000000,0.529831) steer=(255,0)
G6 l60=11.3048 m18c=1 spd=21.7712 grip=246.119 arm=lo kLo=0.992489 1-kLo=0.00751096 ld4n=4 ld4avg=0.291268 le4avg=9.70308 avIn=(1.97956e-10,-0.0308596,6.0925e-10)
   G7 velDir=(-0.612940,-0.000000,0.790130) w0=(-0.408614,0.000000,0.912707) w1=(-0.408614,0.000000,0.912707) w2=(-0.847909,0.000000,0.530141) w3=(-0.847909,0.000000,0.530141) steer=(255,0)
G6 l60=23.8668 m18c=1 spd=32.6542 grip=779.351 arm=lo kLo=0.976216 1-kLo=0.0237839 ld4n=4 ld4avg=0.292018 le4avg=20.4327 avIn=(5.87828e-10,-0.0304102,8.70237e-10)
   G7 velDir=(-0.693847,0.000000,0.720122) w0=(-0.408023,0.000000,0.912972) w1=(-0.408023,0.000000,0.912972) w2=(-0.847566,0.000000,0.530690) w3=(-0.847566,0.000000,0.530690) steer=(255,0)
G6 l60=37.1016 m18c=1 spd=44.2721 grip=1642.57 arm=lo kLo=0.949873 1-kLo=0.0501272 ld4n=4 ld4avg=0.292797 le4avg=31.6788 avIn=(9.62404e-10,-0.02978,1.06349e-09)
   G7 velDir=(-0.730895,0.000000,0.682490) w0=(-0.407136,0.000000,0.913368) w1=(-0.407136,0.000000,0.913368) w2=(-0.847050,0.000000,0.531513) w3=(-0.847050,0.000000,0.531513) steer=(255,0)
G6 l60=197.135 m18c=1 spd=53.8202 grip=10609.8 arm=lo kLo=0.676214 1-kLo=0.323786 ld4n=4 ld4avg=0.893851 le4avg=55.1513 avIn=(-0.000464531,-0.0247977,-0.000306942)
   G7 velDir=(0.876383,-0.061228,0.477708) w0=(-0.407136,0.000000,0.913367) w1=(-0.407136,0.000000,0.913367) w2=(-0.847050,0.000000,0.531513) w3=(-0.847050,0.000000,0.531513) steer=(255,0)
G6 l60=90.6588 m18c=1 spd=27.2489 grip=2470.35 arm=lo kLo=0.924611 1-kLo=0.0753891 ld4n=4 ld4avg=0.748248 le4avg=30.3731 avIn=(-0.00025635,-0.0202707,-0.000204046)
   G7 velDir=(0.885499,-0.039118,0.462992) w0=(-0.408598,0.000000,0.912714) w1=(-0.408598,0.000000,0.912714) w2=(-0.847900,0.000000,0.530156) w3=(-0.847900,0.000000,0.530156) steer=(255,0)
G6 l60=22.9765 m18c=1 spd=9.82431 grip=225.728 arm=lo kLo=0.993111 1-kLo=0.00688869 ld4n=4 ld4avg=0.414 le4avg=13.8832 avIn=(-2.25957e-05,-0.00765273,-1.97635e-05)
   G7 velDir=(0.690757,-0.008176,0.723040) w0=(-0.409338,0.000000,0.912383) w1=(-0.409338,0.000000,0.912383) w2=(-0.848329,0.000000,0.529469) w3=(-0.848329,0.000000,0.529469) steer=(255,0)
G6 l60=2.58325 m18c=1 spd=11.8971 grip=30.7332 arm=lo kLo=0.999062 1-kLo=0.000937879 ld4n=4 ld4avg=0.323414 le4avg=1.99696 avIn=(-1.59784e-07,-0.00547011,-1.41187e-07)
   G7 velDir=(-0.320845,-0.000046,0.947132) w0=(-0.409604,0.000000,0.912263) w1=(-0.409604,0.000000,0.912263) w2=(-0.848484,0.000000,0.529221) w3=(-0.848484,0.000000,0.529221) steer=(255,0)
G6 l60=10.7207 m18c=1 spd=21.2736 grip=228.068 arm=lo kLo=0.99304 1-kLo=0.00696009 ld4n=4 ld4avg=0.291272 le4avg=9.20165 avIn=(3.01488e-10,-0.0308793,6.6043e-10)
   G7 velDir=(-0.607284,-0.000000,0.794485) w0=(-0.409282,0.000000,0.912408) w1=(-0.409282,0.000000,0.912408) w2=(-0.848297,0.000000,0.529521) w3=(-0.848297,0.000000,0.529521) steer=(255,0)
G6 l60=23.2502 m18c=1 spd=32.1152 grip=746.684 arm=lo kLo=0.977213 1-kLo=0.022787 ld4n=4 ld4avg=0.291981 le4avg=19.9073 avIn=(5.78688e-10,-0.0304346,8.67374e-10)
   G7 velDir=(-0.691849,0.000000,0.722042) w0=(-0.408704,0.000000,0.912667) w1=(-0.408704,0.000000,0.912667) w2=(-0.847961,0.000000,0.530058) w3=(-0.847961,0.000000,0.530058) steer=(255,0)
G6 l60=36.4524 m18c=1 spd=43.7014 grip=1593.02 arm=lo kLo=0.951385 1-kLo=0.0486151 ld4n=4 ld4avg=0.29276 le4avg=31.1285 avIn=(9.29736e-10,-0.0298109,1.04821e-09)
   G7 velDir=(-0.730100,0.000000,0.683340) w0=(-0.407832,0.000000,0.913057) w1=(-0.407832,0.000000,0.913057) w2=(-0.847455,0.000000,0.530868) w3=(-0.847455,0.000000,0.530868) steer=(255,0)
G6 l60=196.126 m18c=1 spd=53.5982 grip=10512 arm=lo kLo=0.679199 1-kLo=0.320801 ld4n=4 ld4avg=0.892172 le4avg=54.9721 avIn=(-0.00045971,-0.0247546,-0.000308435)
   G7 velDir=(0.877131,-0.060646,0.476408) w0=(-0.407832,0.000000,0.913057) w1=(-0.407832,0.000000,0.913057) w2=(-0.847455,0.000000,0.530868) w3=(-0.847455,0.000000,0.530868) steer=(255,0)
G6 l60=89.7761 m18c=1 spd=27.0566 grip=2429.04 arm=lo kLo=0.925872 1-kLo=0.0741284 ld4n=4 ld4avg=0.743692 le4avg=30.2609 avIn=(-0.000250354,-0.020087,-0.000201567)
   G7 velDir=(0.887127,-0.038502,0.459916) w0=(-0.409287,0.000000,0.912406) w1=(-0.409287,0.000000,0.912406) w2=(-0.848300,0.000000,0.529516) w3=(-0.848300,0.000000,0.529516) steer=(255,0)
G6 l60=22.7964 m18c=1 spd=9.77945 grip=222.936 arm=lo kLo=0.993197 1-kLo=0.00680345 ld4n=4 ld4avg=0.410862 le4avg=13.8792 avIn=(-2.1691e-05,-0.00760292,-1.91571e-05)
   G7 velDir=(0.691029,-0.007893,0.722784) w0=(-0.410022,0.000000,0.912076) w1=(-0.410022,0.000000,0.912076) w2=(-0.848726,0.000000,0.528833) w3=(-0.848726,0.000000,0.528833) steer=(255,0)
G6 l60=2.58071 m18c=1 spd=11.8954 grip=30.6986 arm=lo kLo=0.999063 1-kLo=0.000936866 ld4n=4 ld4avg=0.322837 le4avg=1.99856 avIn=(-1.51494e-07,-0.00546713,-1.35129e-07)
   G7 velDir=(-0.321553,-0.000044,0.946892) w0=(-0.410287,0.000000,0.911957) w1=(-0.410287,0.000000,0.911957) w2=(-0.848880,0.000000,0.528586) w3=(-0.848880,0.000000,0.528586) steer=(255,0)
G6 l60=10.7192 m18c=1 spd=21.2725 grip=228.025 arm=lo kLo=0.993041 1-kLo=0.00695878 ld4n=4 ld4avg=0.291272 le4avg=9.20034 avIn=(3.0901e-10,-0.0308775,6.68222e-10)
   G7 velDir=(-0.607863,-0.000000,0.794042) w0=(-0.409964,0.000000,0.912102) w1=(-0.409964,0.000000,0.912102) w2=(-0.848693,0.000000,0.528886) w3=(-0.848693,0.000000,0.528886) steer=(255,0)
G6 l60=23.2489 m18c=1 spd=32.1144 grip=746.624 arm=lo kLo=0.977215 1-kLo=0.0227851 ld4n=4 ld4avg=0.291981 le4avg=19.9062 avIn=(5.77372e-10,-0.0304328,8.68321e-10)
   G7 velDir=(-0.692383,0.000000,0.721530) w0=(-0.409387,0.000000,0.912361) w1=(-0.409387,0.000000,0.912361) w2=(-0.848358,0.000000,0.529423) w3=(-0.848358,0.000000,0.529423) steer=(255,0)
G6 l60=36.4514 m18c=1 spd=43.7007 grip=1592.95 arm=lo kLo=0.951387 1-kLo=0.048613 ld4n=4 ld4avg=0.29276 le4avg=31.1276 avIn=(9.28272e-10,-0.0298091,1.04937e-09)
   G7 velDir=(-0.730609,0.000000,0.682796) w0=(-0.408515,0.000000,0.912752) w1=(-0.408515,0.000000,0.912752) w2=(-0.847852,0.000000,0.530234) w3=(-0.847852,0.000000,0.530234) steer=(255,0)
G6 l60=195.595 m18c=1 spd=53.4693 grip=10458.3 arm=lo kLo=0.680837 1-kLo=0.319163 ld4n=4 ld4avg=0.891711 le4avg=54.8516 avIn=(-0.000459481,-0.0247445,-0.000310673)
   G7 velDir=(0.876913,-0.060688,0.476802) w0=(-0.408515,0.000000,0.912752) w1=(-0.408515,0.000000,0.912752) w2=(-0.847852,0.000000,0.530234) w3=(-0.847852,0.000000,0.530234) steer=(255,0)
G6 l60=89.2627 m18c=1 spd=26.9323 grip=2404.05 arm=lo kLo=0.926634 1-kLo=0.0733659 ld4n=4 ld4avg=0.741881 le4avg=30.1611 avIn=(-0.000248336,-0.0199836,-0.000201075)
   G7 velDir=(0.887142,-0.038417,0.459895) w0=(-0.409966,0.000000,0.912101) w1=(-0.409966,0.000000,0.912101) w2=(-0.848694,0.000000,0.528884) w3=(-0.848694,0.000000,0.528884) steer=(255,0)
G6 l60=22.6397 m18c=1 spd=9.74345 grip=220.589 arm=lo kLo=0.993268 1-kLo=0.00673187 ld4n=4 ld4avg=0.40946 le4avg=13.8309 avIn=(-2.12842e-05,-0.0075698,-1.88864e-05)
   G7 velDir=(0.687757,-0.007787,0.725899) w0=(-0.410697,0.000000,0.911772) w1=(-0.410697,0.000000,0.911772) w2=(-0.849117,0.000000,0.528204) w3=(-0.849117,0.000000,0.528204) steer=(255,0)
G6 l60=2.5268 m18c=1 spd=11.9261 grip=30.1349 arm=lo kLo=0.99908 1-kLo=0.00091964 ld4n=4 ld4avg=0.323108 le4avg=1.95517 avIn=(-1.47015e-07,-0.00546423,-1.31708e-07)
   G7 velDir=(-0.324478,-0.000043,0.945893) w0=(-0.410961,0.000000,0.911653) w1=(-0.410961,0.000000,0.911653) w2=(-0.849271,0.000000,0.527958) w3=(-0.849271,0.000000,0.527958) steer=(255,0)
G6 l60=10.7676 m18c=1 spd=21.314 grip=229.499 arm=lo kLo=0.992996 1-kLo=0.00700378 ld4n=4 ld4avg=0.291272 le4avg=9.24185 avIn=(3.15334e-10,-0.030874,6.75456e-10)
   G7 velDir=(-0.608980,-0.000000,0.793186) w0=(-0.410638,0.000000,0.911799) w1=(-0.410638,0.000000,0.911799) w2=(-0.849083,0.000000,0.528259) w3=(-0.849083,0.000000,0.528259) steer=(255,0)
G6 l60=23.3003 m18c=1 spd=32.1596 grip=749.326 arm=lo kLo=0.977132 1-kLo=0.0228676 ld4n=4 ld4avg=0.291984 le4avg=19.95 avIn=(5.76794e-10,-0.0304289,8.69612e-10)
   G7 velDir=(-0.693130,0.000000,0.720813) w0=(-0.410060,0.000000,0.912059) w1=(-0.410060,0.000000,0.912059) w2=(-0.848748,0.000000,0.528798) w3=(-0.848748,0.000000,0.528798) steer=(255,0)
G6 l60=36.5058 m18c=1 spd=43.7489 grip=1597.09 arm=lo kLo=0.951261 1-kLo=0.0487393 ld4n=4 ld4avg=0.292763 le4avg=31.1738 avIn=(9.29411e-10,-0.0298046,1.05187e-09)
   G7 velDir=(-0.731223,0.000000,0.682139) w0=(-0.409187,0.000000,0.912451) w1=(-0.409187,0.000000,0.912451) w2=(-0.848242,0.000000,0.529609) w3=(-0.848242,0.000000,0.529609) steer=(255,0)
G6 l60=195.113 m18c=1 spd=53.3501 grip=10409.3 arm=lo kLo=0.682333 1-kLo=0.317667 ld4n=4 ld4avg=0.891362 le4avg=54.7379 avIn=(-0.000459643,-0.0247371,-0.000312942)
   G7 velDir=(0.876615,-0.060783,0.477338) w0=(-0.409187,0.000000,0.912451) w1=(-0.409187,0.000000,0.912451) w2=(-0.848242,0.000000,0.529609) w3=(-0.848242,0.000000,0.529609) steer=(255,0)
G6 l60=88.7895 m18c=1 spd=26.8158 grip=2380.96 arm=lo kLo=0.927339 1-kLo=0.0726612 ld4n=4 ld4avg=0.74033 le4avg=30.0639 avIn=(-0.00024669,-0.0198889,-0.000200748)
   G7 velDir=(0.887014,-0.038377,0.460144) w0=(-0.410634,0.000000,0.911800) w1=(-0.410634,0.000000,0.911800) w2=(-0.849081,0.000000,0.528262) w3=(-0.849081,0.000000,0.528262) steer=(255,0)
G6 l60=22.4882 m18c=1 spd=9.70911 grip=218.34 arm=lo kLo=0.993337 1-kLo=0.0066632 ld4n=4 ld4avg=0.408235 le4avg=13.7793 avIn=(-2.09293e-05,-0.00753886,-1.8649e-05)
   G7 velDir=(0.684180,-0.007698,0.729272) w0=(-0.411362,0.000000,0.911472) w1=(-0.411362,0.000000,0.911472) w2=(-0.849502,0.000000,0.527585) w3=(-0.849502,0.000000,0.527585) steer=(255,0)
G6 l60=2.46917 m18c=1 spd=11.9593 grip=29.5296 arm=lo kLo=0.999099 1-kLo=0.000901163 ld4n=4 ld4avg=0.323471 le4avg=1.90844 avIn=(-1.43013e-07,-0.00546141,-1.28615e-07)
   G7 velDir=(-0.327541,-0.000042,0.944837) w0=(-0.411625,0.000000,0.911353) w1=(-0.411625,0.000000,0.911353) w2=(-0.849655,0.000000,0.527339) w3=(-0.849655,0.000000,0.527339) steer=(255,0)
G6 l60=10.8196 m18c=1 spd=21.3586 grip=231.091 arm=lo kLo=0.992948 1-kLo=0.00705236 ld4n=4 ld4avg=0.291271 le4avg=9.28652 avIn=(3.21245e-10,-0.0308703,6.82377e-10)
   G7 velDir=(-0.610123,-0.000000,0.792306) w0=(-0.411301,0.000000,0.911500) w1=(-0.411301,0.000000,0.911500) w2=(-0.849467,0.000000,0.527642) w3=(-0.849467,0.000000,0.527642) steer=(255,0)
G6 l60=23.3555 m18c=1 spd=32.2082 grip=752.239 arm=lo kLo=0.977044 1-kLo=0.0229565 ld4n=4 ld4avg=0.291987 le4avg=19.9971 avIn=(5.76296e-10,-0.0304247,8.70916e-10)
   G7 velDir=(-0.693883,0.000000,0.720088) w0=(-0.410721,0.000000,0.911761) w1=(-0.410721,0.000000,0.911761) w2=(-0.849132,0.000000,0.528181) w3=(-0.849132,0.000000,0.528181) steer=(255,0)
G6 l60=36.5643 m18c=1 spd=43.8007 grip=1601.54 arm=lo kLo=0.951125 1-kLo=0.0488752 ld4n=4 ld4avg=0.292766 le4avg=31.2234 avIn=(9.30776e-10,-0.0297999,1.05447e-09)
   G7 velDir=(-0.731836,0.000000,0.681481) w0=(-0.409848,0.000000,0.912154) w1=(-0.409848,0.000000,0.912154) w2=(-0.848625,0.000000,0.528995) w3=(-0.848625,0.000000,0.528995) steer=(255,0)
G6 l60=194.643 m18c=1 spd=53.2335 grip=10361.5 arm=lo kLo=0.683792 1-kLo=0.316208 ld4n=4 ld4avg=0.891028 le4avg=54.6265 avIn=(-0.000459831,-0.02473,-0.000315174)
   G7 velDir=(0.876313,-0.060882,0.477879) w0=(-0.409847,0.000000,0.912154) w1=(-0.409847,0.000000,0.912154) w2=(-0.848625,0.000000,0.528995) w3=(-0.848625,0.000000,0.528995) steer=(255,0)
G6 l60=88.3287 m18c=1 spd=26.7021 grip=2358.56 arm=lo kLo=0.928022 1-kLo=0.0719776 ld4n=4 ld4avg=0.738824 le4avg=29.9686 avIn=(-0.000245107,-0.0197967,-0.000200428)
   G7 velDir=(0.886872,-0.038342,0.460422) w0=(-0.411292,0.000000,0.911504) w1=(-0.411292,0.000000,0.911504) w2=(-0.849462,0.000000,0.527650) w3=(-0.849462,0.000000,0.527650) steer=(255,0)
G6 l60=22.3403 m18c=1 spd=9.67584 grip=216.161 arm=lo kLo=0.993403 1-kLo=0.00659668 ld4n=4 ld4avg=0.407055 le4avg=13.7283 avIn=(-2.0589e-05,-0.0075089,-1.84196e-05)
   G7 velDir=(0.680584,-0.007613,0.732630) w0=(-0.412016,0.000000,0.911177) w1=(-0.412016,0.000000,0.911177) w2=(-0.849881,0.000000,0.526975) w3=(-0.849881,0.000000,0.526975) steer=(255,0)
G6 l60=2.41203 m18c=1 spd=11.9924 grip=28.926 arm=lo kLo=0.999117 1-kLo=0.000882745 ld4n=4 ld4avg=0.323863 le4avg=1.86201 avIn=(-1.39208e-07,-0.00545866,-1.25658e-07)
   G7 velDir=(-0.330559,-0.000041,0.943785) w0=(-0.412278,0.000000,0.911058) w1=(-0.412278,0.000000,0.911058) w2=(-0.850032,0.000000,0.526730) w3=(-0.850032,0.000000,0.526730) steer=(255,0)
G6 l60=10.8713 m18c=1 spd=21.4029 grip=232.677 arm=lo kLo=0.992899 1-kLo=0.0071007 ld4n=4 ld4avg=0.291271 le4avg=9.33091 avIn=(3.26814e-10,-0.0308666,6.89004e-10)
   G7 velDir=(-0.611251,-0.000000,0.791437) w0=(-0.411953,0.000000,0.911205) w1=(-0.411953,0.000000,0.911205) w2=(-0.849844,0.000000,0.527034) w3=(-0.849844,0.000000,0.527034) steer=(255,0)
G6 l60=23.4104 m18c=1 spd=32.2565 grip=755.139 arm=lo kLo=0.976955 1-kLo=0.023045 ld4n=4 ld4avg=0.291991 le4avg=20.0439 avIn=(5.75809e-10,-0.0304206,8.72202e-10)
   G7 velDir=(-0.694625,0.000000,0.719372) w0=(-0.411372,0.000000,0.911467) w1=(-0.411372,0.000000,0.911467) w2=(-0.849509,0.000000,0.527575) w3=(-0.849509,0.000000,0.527575) steer=(255,0)
G6 l60=36.6225 m18c=1 spd=43.8521 grip=1605.97 arm=lo kLo=0.95099 1-kLo=0.0490104 ld4n=4 ld4avg=0.292769 le4avg=31.2727 avIn=(9.32161e-10,-0.0297951,1.05705e-09)
   G7 velDir=(-0.732440,0.000000,0.680832) w0=(-0.410498,0.000000,0.911862) w1=(-0.410498,0.000000,0.911862) w2=(-0.849002,0.000000,0.528390) w3=(-0.849002,0.000000,0.528390) steer=(255,0)
G6 l60=194.18 m18c=1 spd=53.119 grip=10314.7 arm=lo kLo=0.685222 1-kLo=0.314778 ld4n=4 ld4avg=0.8907 le4avg=54.5169 avIn=(-0.000460013,-0.0247228,-0.000317362)
   G7 velDir=(0.876014,-0.060979,0.478415) w0=(-0.410498,0.000000,0.911862) w1=(-0.410498,0.000000,0.911862) w2=(-0.849002,0.000000,0.528390) w3=(-0.849002,0.000000,0.528390) steer=(255,0)
G6 l60=87.8775 m18c=1 spd=26.5906 grip=2336.72 arm=lo kLo=0.928689 1-kLo=0.071311 ld4n=4 ld4avg=0.737344 le4avg=29.8752 avIn=(-0.000243559,-0.0197064,-0.000200101)
   G7 velDir=(0.886726,-0.038308,0.460706) w0=(-0.411938,0.000000,0.911212) w1=(-0.411938,0.000000,0.911212) w2=(-0.849836,0.000000,0.527047) w3=(-0.849836,0.000000,0.527047) steer=(255,0)
G6 l60=22.1959 m18c=1 spd=9.64356 grip=214.048 arm=lo kLo=0.993468 1-kLo=0.00653219 ld4n=4 ld4avg=0.405909 le4avg=13.6779 avIn=(-2.02595e-05,-0.00747978,-1.81958e-05)
   G7 velDir=(0.676994,-0.007529,0.735950) w0=(-0.412659,0.000000,0.910886) w1=(-0.412659,0.000000,0.910886) w2=(-0.850253,0.000000,0.526375) w3=(-0.850253,0.000000,0.526375) steer=(255,0)
G6 l60=2.35569 m18c=1 spd=12.0251 grip=28.3274 arm=lo kLo=0.999135 1-kLo=0.000864506 ld4n=4 ld4avg=0.324277 le4avg=1.8162 avIn=(-1.35569e-07,-0.00545598,-1.22814e-07)
   G7 velDir=(-0.333519,-0.000039,0.942743) w0=(-0.412920,0.000000,0.910767) w1=(-0.412920,0.000000,0.910767) w2=(-0.850404,0.000000,0.526131) w3=(-0.850404,0.000000,0.526131) steer=(255,0)
G6 l60=10.9223 m18c=1 spd=21.4466 grip=234.246 arm=lo kLo=0.992851 1-kLo=0.00714862 ld4n=4 ld4avg=0.29127 le4avg=9.37471 avIn=(3.32066e-10,-0.0308629,6.95356e-10)
   G7 velDir=(-0.612358,-0.000000,0.790580) w0=(-0.412594,0.000000,0.910915) w1=(-0.412594,0.000000,0.910915) w2=(-0.850215,0.000000,0.526435) w3=(-0.850215,0.000000,0.526435) steer=(255,0)
G6 l60=23.4646 m18c=1 spd=32.3041 grip=758.004 arm=lo kLo=0.976868 1-kLo=0.0231324 ld4n=4 ld4avg=0.291994 le4avg=20.09 avIn=(5.75334e-10,-0.0304166,8.73468e-10)
   G7 velDir=(-0.695354,0.000000,0.718667) w0=(-0.412013,0.000000,0.911178) w1=(-0.412013,0.000000,0.911178) w2=(-0.849879,0.000000,0.526978) w3=(-0.849879,0.000000,0.526978) steer=(255,0)
G6 l60=36.6799 m18c=1 spd=43.9028 grip=1610.35 arm=lo kLo=0.950856 1-kLo=0.049144 ld4n=4 ld4avg=0.292772 le4avg=31.3214 avIn=(9.3355e-10,-0.0297905,1.0596e-09)
   G7 velDir=(-0.733033,0.000000,0.680193) w0=(-0.411137,0.000000,0.911574) w1=(-0.411137,0.000000,0.911574) w2=(-0.849372,0.000000,0.527794) w3=(-0.849372,0.000000,0.527794) steer=(255,0)
G6 l60=193.726 m18c=1 spd=53.0065 grip=10268.8 arm=lo kLo=0.686622 1-kLo=0.313378 ld4n=4 ld4avg=0.890376 le4avg=54.4093 avIn=(-0.000460188,-0.0247156,-0.000319505)
   G7 velDir=(0.875719,-0.061075,0.478943) w0=(-0.411137,0.000000,0.911574) w1=(-0.411137,0.000000,0.911574) w2=(-0.849372,0.000000,0.527794) w3=(-0.849372,0.000000,0.527794) steer=(255,0)
G6 l60=87.4362 m18c=1 spd=26.4816 grip=2315.45 arm=lo kLo=0.929338 1-kLo=0.0706618 ld4n=4 ld4avg=0.735889 le4avg=29.7838 avIn=(-0.000242047,-0.0196182,-0.00019977)
   G7 velDir=(0.886577,-0.038273,0.460994) w0=(-0.412574,0.000000,0.910924) w1=(-0.412574,0.000000,0.910924) w2=(-0.850204,0.000000,0.526454) w3=(-0.850204,0.000000,0.526454) steer=(255,0)
G6 l60=22.0552 m18c=1 spd=9.61229 grip=212.001 arm=lo kLo=0.99353 1-kLo=0.00646979 ld4n=4 ld4avg=0.404795 le4avg=13.6285 avIn=(-1.99407e-05,-0.0074515,-1.79777e-05)
   G7 velDir=(0.673422,-0.007447,0.739220) w0=(-0.413291,0.000000,0.910599) w1=(-0.413291,0.000000,0.910599) w2=(-0.850618,0.000000,0.525784) w3=(-0.850618,0.000000,0.525784) steer=(255,0)
G6 l60=2.30034 m18c=1 spd=12.0574 grip=27.736 arm=lo kLo=0.999154 1-kLo=0.000846446 ld4n=4 ld4avg=0.324714 le4avg=1.77114 avIn=(-1.32092e-07,-0.00545336,-1.20084e-07)
   G7 velDir=(-0.336414,-0.000038,0.941714) w0=(-0.413552,0.000000,0.910480) w1=(-0.413552,0.000000,0.910480) w2=(-0.850768,0.000000,0.525541) w3=(-0.850768,0.000000,0.525541) steer=(255,0)
G6 l60=10.9725 m18c=1 spd=21.4896 grip=235.795 arm=lo kLo=0.992804 1-kLo=0.00719589 ld4n=4 ld4avg=0.29127 le4avg=9.41779 avIn=(3.37014e-10,-0.0308593,7.0144e-10)
   G7 velDir=(-0.613445,-0.000000,0.789738) w0=(-0.413225,0.000000,0.910629) w1=(-0.413225,0.000000,0.910629) w2=(-0.850580,0.000000,0.525846) w3=(-0.850580,0.000000,0.525846) steer=(255,0)
G6 l60=23.5179 m18c=1 spd=32.351 grip=760.829 arm=lo kLo=0.976781 1-kLo=0.0232186 ld4n=4 ld4avg=0.291997 le4avg=20.1355 avIn=(5.74867e-10,-0.0304126,8.74714e-10)
   G7 velDir=(-0.696070,0.000000,0.717974) w0=(-0.412643,0.000000,0.910893) w1=(-0.412643,0.000000,0.910893) w2=(-0.850243,0.000000,0.526390) w3=(-0.850243,0.000000,0.526390) steer=(255,0)
G6 l60=36.7363 m18c=1 spd=43.9528 grip=1614.66 arm=lo kLo=0.950724 1-kLo=0.0492756 ld4n=4 ld4avg=0.292776 le4avg=31.3692 avIn=(9.34928e-10,-0.0297859,1.06213e-09)
   G7 velDir=(-0.733616,0.000000,0.679564) w0=(-0.411766,0.000000,0.911290) w1=(-0.411766,0.000000,0.911290) w2=(-0.849737,0.000000,0.527208) w3=(-0.849737,0.000000,0.527208) steer=(255,0)
G6 l60=193.28 m18c=1 spd=52.8959 grip=10223.7 arm=lo kLo=0.687997 1-kLo=0.312003 ld4n=4 ld4avg=0.890058 le4avg=54.3034 avIn=(-0.000460353,-0.0247083,-0.000321606)
   G7 velDir=(0.875427,-0.061170,0.479465) w0=(-0.411766,0.000000,0.911290) w1=(-0.411766,0.000000,0.911290) w2=(-0.849736,0.000000,0.527208) w3=(-0.849736,0.000000,0.527208) steer=(255,0)
G6 l60=87.0036 m18c=1 spd=26.3746 grip=2294.68 arm=lo kLo=0.929972 1-kLo=0.0700282 ld4n=4 ld4avg=0.734457 le4avg=29.6941 avIn=(-0.000240565,-0.0195316,-0.000199432)
   G7 velDir=(0.886427,-0.038239,0.461286) w0=(-0.413200,0.000000,0.910640) w1=(-0.413200,0.000000,0.910640) w2=(-0.850565,0.000000,0.525870) w3=(-0.850565,0.000000,0.525870) steer=(255,0)
G6 l60=21.9177 m18c=1 spd=9.58194 grip=210.014 arm=lo kLo=0.993591 1-kLo=0.00640911 ld4n=4 ld4avg=0.40371 le4avg=13.5798 avIn=(-1.96314e-05,-0.00742398,-1.77646e-05)
   G7 velDir=(0.669861,-0.007367,0.742450) w0=(-0.413914,0.000000,0.910316) w1=(-0.413914,0.000000,0.910316) w2=(-0.850977,0.000000,0.525202) w3=(-0.850977,0.000000,0.525202) steer=(255,0)
G6 l60=2.24579 m18c=1 spd=12.0893 grip=27.15 arm=lo kLo=0.999171 1-kLo=0.000828564 ld4n=4 ld4avg=0.325175 le4avg=1.7267 avIn=(-1.28757e-07,-0.00545083,-1.17452e-07)
   G7 velDir=(-0.339252,-0.000037,0.940696) w0=(-0.414174,0.000000,0.910198) w1=(-0.414174,0.000000,0.910198) w2=(-0.851127,0.000000,0.524960) w3=(-0.851127,0.000000,0.524960) steer=(255,0)
G6 l60=11.022 m18c=1 spd=21.5321 grip=237.326 arm=lo kLo=0.992757 1-kLo=0.00724262 ld4n=4 ld4avg=0.29127 le4avg=9.46029 avIn=(3.41689e-10,-0.0308558,7.07282e-10)
   G7 velDir=(-0.614511,-0.000000,0.788908) w0=(-0.413846,0.000000,0.910347) w1=(-0.413846,0.000000,0.910347) w2=(-0.850938,0.000000,0.525266) w3=(-0.850938,0.000000,0.525266) steer=(255,0)
G6 l60=23.5705 m18c=1 spd=32.3973 grip=763.62 arm=lo kLo=0.976696 1-kLo=0.0233038 ld4n=4 ld4avg=0.292 le4avg=20.1803 avIn=(5.74412e-10,-0.0304086,8.75942e-10)
   G7 velDir=(-0.696774,0.000000,0.717291) w0=(-0.413263,0.000000,0.910612) w1=(-0.413263,0.000000,0.910612) w2=(-0.850601,0.000000,0.525811) w3=(-0.850601,0.000000,0.525811) steer=(255,0)
G6 l60=36.792 m18c=1 spd=44.002 grip=1618.92 arm=lo kLo=0.950594 1-kLo=0.0494055 ld4n=4 ld4avg=0.292779 le4avg=31.4164 avIn=(9.36304e-10,-0.0297814,1.06463e-09)
   G7 velDir=(-0.734190,0.000000,0.678944) w0=(-0.412385,0.000000,0.911010) w1=(-0.412385,0.000000,0.911010) w2=(-0.850094,0.000000,0.526631) w3=(-0.850094,0.000000,0.526631) steer=(255,0)
G6 l60=192.841 m18c=1 spd=52.7871 grip=10179.5 arm=lo kLo=0.689346 1-kLo=0.310654 ld4n=4 ld4avg=0.889744 le4avg=54.1993 avIn=(-0.00046051,-0.024701,-0.000323666)
   G7 velDir=(0.875138,-0.061263,0.479979) w0=(-0.412385,0.000000,0.911010) w1=(-0.412385,0.000000,0.911010) w2=(-0.850094,0.000000,0.526631) w3=(-0.850094,0.000000,0.526631) steer=(255,0)
G6 l60=86.5799 m18c=1 spd=26.2697 grip=2274.43 arm=lo kLo=0.93059 1-kLo=0.0694101 ld4n=4 ld4avg=0.733049 le4avg=29.6061 avIn=(-0.000239114,-0.0194469,-0.00019909)
   G7 velDir=(0.886275,-0.038206,0.461581) w0=(-0.413815,0.000000,0.910361) w1=(-0.413815,0.000000,0.910361) w2=(-0.850920,0.000000,0.525295) w3=(-0.850920,0.000000,0.525295) steer=(255,0)
G6 l60=21.7834 m18c=1 spd=9.55249 grip=208.085 arm=lo kLo=0.99365 1-kLo=0.00635028 ld4n=4 ld4avg=0.402655 le4avg=13.5319 avIn=(-1.93317e-05,-0.00739721,-1.75566e-05)
   G7 velDir=(0.666314,-0.007289,0.745636) w0=(-0.414526,0.000000,0.910037) w1=(-0.414526,0.000000,0.910037) w2=(-0.851331,0.000000,0.524630) w3=(-0.851331,0.000000,0.524630) steer=(255,0)
G6 l60=2.1921 m18c=1 spd=12.1208 grip=26.57 arm=lo kLo=0.999189 1-kLo=0.000810862 ld4n=4 ld4avg=0.32566 le4avg=1.68291 avIn=(-1.25563e-07,-0.00544834,-1.1492e-07)
   G7 velDir=(-0.342033,-0.000036,0.939688) w0=(-0.414785,0.000000,0.909919) w1=(-0.414785,0.000000,0.909919) w2=(-0.851480,0.000000,0.524388) w3=(-0.851480,0.000000,0.524388) steer=(255,0)
G6 l60=11.0707 m18c=1 spd=21.5739 grip=238.839 arm=lo kLo=0.992711 1-kLo=0.00728881 ld4n=4 ld4avg=0.291269 le4avg=9.50215 avIn=(3.46101e-10,-0.0308523,7.12885e-10)
   G7 velDir=(-0.615559,-0.000000,0.788091) w0=(-0.414457,0.000000,0.910069) w1=(-0.414457,0.000000,0.910069) w2=(-0.851291,0.000000,0.524695) w3=(-0.851291,0.000000,0.524695) steer=(255,0)
G6 l60=23.6223 m18c=1 spd=32.4428 grip=766.374 arm=lo kLo=0.976612 1-kLo=0.0233878 ld4n=4 ld4avg=0.292003 le4avg=20.2244 avIn=(5.73963e-10,-0.0304047,8.7715e-10)
   G7 velDir=(-0.697465,0.000000,0.716618) w0=(-0.413873,0.000000,0.910335) w1=(-0.413873,0.000000,0.910335) w2=(-0.850954,0.000000,0.525241) w3=(-0.850954,0.000000,0.525241) steer=(255,0)
G6 l60=36.8468 m18c=1 spd=44.0505 grip=1623.12 arm=lo kLo=0.950466 1-kLo=0.0495337 ld4n=4 ld4avg=0.292782 le4avg=31.4629 avIn=(9.37676e-10,-0.0297769,1.0671e-09)
   G7 velDir=(-0.734754,0.000000,0.678334) w0=(-0.412994,0.000000,0.910734) w1=(-0.412994,0.000000,0.910734) w2=(-0.850446,0.000000,0.526062) w3=(-0.850446,0.000000,0.526062) steer=(255,0)
G6 l60=192.41 m18c=1 spd=52.68 grip=10136.1 arm=lo kLo=0.69067 1-kLo=0.30933 ld4n=4 ld4avg=0.889435 le4avg=54.0968 avIn=(-0.000460659,-0.0246937,-0.000325686)
   G7 velDir=(0.874853,-0.061355,0.480486) w0=(-0.412994,0.000000,0.910734) w1=(-0.412994,0.000000,0.910734) w2=(-0.850446,0.000000,0.526062) w3=(-0.850446,0.000000,0.526062) steer=(255,0)
G6 l60=86.1645 m18c=1 spd=26.1668 grip=2254.65 arm=lo kLo=0.931193 1-kLo=0.0688066 ld4n=4 ld4avg=0.731662 le4avg=29.5197 avIn=(-0.000237691,-0.0193639,-0.000198744)
   G7 velDir=(0.886121,-0.038172,0.461879) w0=(-0.414421,0.000000,0.910085) w1=(-0.414421,0.000000,0.910085) w2=(-0.851270,0.000000,0.524729) w3=(-0.851270,0.000000,0.524729) steer=(255,0)
G6 l60=21.6521 m18c=1 spd=9.52389 grip=206.212 arm=lo kLo=0.993707 1-kLo=0.00629312 ld4n=4 ld4avg=0.401627 le4avg=13.4846 avIn=(-1.90407e-05,-0.00737114,-1.73534e-05)
   G7 velDir=(0.662777,-0.007213,0.748782) w0=(-0.415129,0.000000,0.909763) w1=(-0.415129,0.000000,0.909763) w2=(-0.851678,0.000000,0.524066) w3=(-0.851678,0.000000,0.524066) steer=(255,0)
G6 l60=2.13918 m18c=1 spd=12.1519 grip=25.9951 arm=lo kLo=0.999207 1-kLo=0.000793338 ld4n=4 ld4avg=0.326172 le4avg=1.63971 avIn=(-1.22498e-07,-0.00544593,-1.1248e-07)
   G7 velDir=(-0.344760,-0.000036,0.938691) w0=(-0.415387,0.000000,0.909645) w1=(-0.415387,0.000000,0.909645) w2=(-0.851826,0.000000,0.523824) w3=(-0.851826,0.000000,0.523824) steer=(255,0)
G6 l60=11.1189 m18c=1 spd=21.6152 grip=240.336 arm=lo kLo=0.992666 1-kLo=0.00733447 ld4n=4 ld4avg=0.291269 le4avg=9.54346 avIn=(3.5027e-10,-0.0308488,7.18266e-10)
   G7 velDir=(-0.616588,-0.000000,0.787286) w0=(-0.415058,0.000000,0.909795) w1=(-0.415058,0.000000,0.909795) w2=(-0.851637,0.000000,0.524132) w3=(-0.851637,0.000000,0.524132) steer=(255,0)
G6 l60=23.6734 m18c=1 spd=32.4878 grip=769.096 arm=lo kLo=0.976529 1-kLo=0.0234709 ld4n=4 ld4avg=0.292006 le4avg=20.2679 avIn=(5.73524e-10,-0.0304008,8.7834e-10)
   G7 velDir=(-0.698145,0.000000,0.715956) w0=(-0.414473,0.000000,0.910062) w1=(-0.414473,0.000000,0.910062) w2=(-0.851300,0.000000,0.524680) w3=(-0.851300,0.000000,0.524680) steer=(255,0)
G6 l60=36.9009 m18c=1 spd=44.0984 grip=1627.27 arm=lo kLo=0.95034 1-kLo=0.0496604 ld4n=4 ld4avg=0.292785 le4avg=31.5088 avIn=(9.3905e-10,-0.0297726,1.06955e-09)
   G7 velDir=(-0.735308,0.000000,0.677733) w0=(-0.413593,0.000000,0.910462) w1=(-0.413593,0.000000,0.910462) w2=(-0.850792,0.000000,0.525502) w3=(-0.850792,0.000000,0.525502) steer=(255,0)
G6 l60=191.986 m18c=1 spd=52.5749 grip=10093.6 arm=lo kLo=0.691967 1-kLo=0.308033 ld4n=4 ld4avg=0.889131 le4avg=53.9962 avIn=(-0.000460802,-0.0246864,-0.000327664)
   G7 velDir=(0.874572,-0.061446,0.480987) w0=(-0.413593,0.000000,0.910462) w1=(-0.413593,0.000000,0.910462) w2=(-0.850792,0.000000,0.525502) w3=(-0.850792,0.000000,0.525502) steer=(255,0)
G6 l60=85.7581 m18c=1 spd=26.0661 grip=2235.38 arm=lo kLo=0.931782 1-kLo=0.0682184 ld4n=4 ld4avg=0.730299 le4avg=29.4351 avIn=(-0.0002363,-0.0192826,-0.000198396)
   G7 velDir=(0.885965,-0.038139,0.462181) w0=(-0.415017,0.000000,0.909814) w1=(-0.415017,0.000000,0.909814) w2=(-0.851613,0.000000,0.524171) w3=(-0.851613,0.000000,0.524171) steer=(255,0)
G6 l60=21.524 m18c=1 spd=9.49618 grip=204.396 arm=lo kLo=0.993762 1-kLo=0.00623769 ld4n=4 ld4avg=0.400627 le4avg=13.4382 avIn=(-1.87589e-05,-0.0073458,-1.71554e-05)
   G7 velDir=(0.659263,-0.007138,0.751878) w0=(-0.415722,0.000000,0.909492) w1=(-0.415722,0.000000,0.909492) w2=(-0.852019,0.000000,0.523511) w3=(-0.852019,0.000000,0.523511) steer=(255,0)
G6 l60=2.08717 m18c=1 spd=12.1826 grip=25.4272 arm=lo kLo=0.999224 1-kLo=0.000775993 ld4n=4 ld4avg=0.326709 le4avg=1.59721 avIn=(-1.19563e-07,-0.00544358,-1.10133e-07)
   G7 velDir=(-0.347429,-0.000035,0.937706) w0=(-0.415979,0.000000,0.909374) w1=(-0.415979,0.000000,0.909374) w2=(-0.852167,0.000000,0.523270) w3=(-0.852167,0.000000,0.523270) steer=(255,0)
G6 l60=11.1662 m18c=1 spd=21.6558 grip=241.812 arm=lo kLo=0.99262 1-kLo=0.00737953 ld4n=4 ld4avg=0.291268 le4avg=9.58409 avIn=(3.54204e-10,-0.0308453,7.23431e-10)
   G7 velDir=(-0.617598,-0.000000,0.786494) w0=(-0.415649,0.000000,0.909525) w1=(-0.415649,0.000000,0.909525) w2=(-0.851977,0.000000,0.523579) w3=(-0.851977,0.000000,0.523579) steer=(255,0)
G6 l60=23.7237 m18c=1 spd=32.532 grip=771.778 arm=lo kLo=0.976447 1-kLo=0.0235528 ld4n=4 ld4avg=0.292009 le4avg=20.3108 avIn=(5.73094e-10,-0.030397,8.79511e-10)
   G7 velDir=(-0.698813,0.000000,0.715304) w0=(-0.415063,0.000000,0.909793) w1=(-0.415063,0.000000,0.909793) w2=(-0.851640,0.000000,0.524127) w3=(-0.851640,0.000000,0.524127) steer=(255,0)
G6 l60=36.9542 m18c=1 spd=44.1455 grip=1631.36 arm=lo kLo=0.950215 1-kLo=0.0497851 ld4n=4 ld4avg=0.292788 le4avg=31.5539 avIn=(9.40411e-10,-0.0297682,1.07197e-09)
   G7 velDir=(-0.735852,0.000000,0.677142) w0=(-0.414182,0.000000,0.910194) w1=(-0.414182,0.000000,0.910194) w2=(-0.851132,0.000000,0.524951) w3=(-0.851132,0.000000,0.524951) steer=(255,0)
G6 l60=191.569 m18c=1 spd=52.4715 grip=10051.9 arm=lo kLo=0.69324 1-kLo=0.30676 ld4n=4 ld4avg=0.888831 le4avg=53.8972 avIn=(-0.000460937,-0.024679,-0.000329604)
   G7 velDir=(0.874294,-0.061535,0.481481) w0=(-0.414182,0.000000,0.910194) w1=(-0.414182,0.000000,0.910194) w2=(-0.851132,0.000000,0.524951) w3=(-0.851132,0.000000,0.524951) steer=(255,0)
G6 l60=85.3598 m18c=1 spd=25.9673 grip=2216.56 arm=lo kLo=0.932356 1-kLo=0.0676442 ld4n=4 ld4avg=0.728958 le4avg=29.3521 avIn=(-0.000234937,-0.019203,-0.000198046)
   G7 velDir=(0.885808,-0.038106,0.462484) w0=(-0.415603,0.000000,0.909546) w1=(-0.415603,0.000000,0.909546) w2=(-0.851951,0.000000,0.523622) w3=(-0.851951,0.000000,0.523622) steer=(255,0)
G6 l60=21.3988 m18c=1 spd=9.46929 grip=202.631 arm=lo kLo=0.993816 1-kLo=0.0061838 ld4n=4 ld4avg=0.399653 le4avg=13.3925 avIn=(-1.84854e-05,-0.00732113,-1.69621e-05)
   G7 velDir=(0.655766,-0.007065,0.754931) w0=(-0.416305,0.000000,0.909225) w1=(-0.416305,0.000000,0.909225) w2=(-0.852355,0.000000,0.522964) w3=(-0.852355,0.000000,0.522964) steer=(255,0)
G6 l60=2.03596 m18c=1 spd=12.2129 grip=24.8651 arm=lo kLo=0.999241 1-kLo=0.000758827 ld4n=4 ld4avg=0.327274 le4avg=1.55534 avIn=(-1.16744e-07,-0.00544129,-1.07869e-07)
   G7 velDir=(-0.350045,-0.000034,0.936733) w0=(-0.416561,0.000000,0.909108) w1=(-0.416561,0.000000,0.909108) w2=(-0.852502,0.000000,0.522724) w3=(-0.852502,0.000000,0.522724) steer=(255,0)
G6 l60=11.2128 m18c=1 spd=21.6958 grip=243.271 arm=lo kLo=0.992576 1-kLo=0.00742406 ld4n=4 ld4avg=0.291268 le4avg=9.62413 avIn=(3.57925e-10,-0.0308419,7.28397e-10)
   G7 velDir=(-0.618590,-0.000000,0.785714) w0=(-0.416231,0.000000,0.909259) w1=(-0.416231,0.000000,0.909259) w2=(-0.852312,0.000000,0.523033) w3=(-0.852312,0.000000,0.523033) steer=(255,0)
G6 l60=23.7732 m18c=1 spd=32.5756 grip=774.426 arm=lo kLo=0.976366 1-kLo=0.0236336 ld4n=4 ld4avg=0.292012 le4avg=20.353 avIn=(5.7267e-10,-0.0303933,8.80664e-10)
   G7 velDir=(-0.699470,0.000000,0.714662) w0=(-0.415644,0.000000,0.909527) w1=(-0.415644,0.000000,0.909527) w2=(-0.851974,0.000000,0.523584) w3=(-0.851974,0.000000,0.523584) steer=(255,0)
G6 l60=37.0066 m18c=1 spd=44.1919 grip=1635.39 arm=lo kLo=0.950092 1-kLo=0.0499082 ld4n=4 ld4avg=0.292791 le4avg=31.5984 avIn=(9.4177e-10,-0.0297639,1.07437e-09)
   G7 velDir=(-0.736388,0.000000,0.676560) w0=(-0.414762,0.000000,0.909930) w1=(-0.414762,0.000000,0.909930) w2=(-0.851467,0.000000,0.524409) w3=(-0.851467,0.000000,0.524409) steer=(255,0)
G6 l60=191.159 m18c=1 spd=52.3698 grip=10011 arm=lo kLo=0.69449 1-kLo=0.30551 ld4n=4 ld4avg=0.888536 le4avg=53.7998 avIn=(-0.000461065,-0.0246717,-0.000331506)
   G7 velDir=(0.874019,-0.061623,0.481968) w0=(-0.414762,0.000000,0.909930) w1=(-0.414762,0.000000,0.909930) w2=(-0.851467,0.000000,0.524409) w3=(-0.851467,0.000000,0.524409) steer=(255,0)
G6 l60=84.9692 m18c=1 spd=25.8704 grip=2198.19 arm=lo kLo=0.932917 1-kLo=0.0670834 ld4n=4 ld4avg=0.727637 le4avg=29.2707 avIn=(-0.000233601,-0.019125,-0.000197694)
   G7 velDir=(0.885650,-0.038073,0.462791) w0=(-0.416180,0.000000,0.909282) w1=(-0.416180,0.000000,0.909282) w2=(-0.852283,0.000000,0.523082) w3=(-0.852283,0.000000,0.523082) steer=(255,0)
G6 l60=21.2764 m18c=1 spd=9.44317 grip=200.917 arm=lo kLo=0.993869 1-kLo=0.00613147 ld4n=4 ld4avg=0.398703 le4avg=13.3475 avIn=(-1.82198e-05,-0.00729709,-1.67733e-05)
   G7 velDir=(0.652284,-0.006994,0.757943) w0=(-0.416879,0.000000,0.908962) w1=(-0.416879,0.000000,0.908962) w2=(-0.852685,0.000000,0.522426) w3=(-0.852685,0.000000,0.522426) steer=(255,0)
G6 l60=1.98551 m18c=1 spd=12.2429 grip=24.3084 arm=lo kLo=0.999258 1-kLo=0.000741839 ld4n=4 ld4avg=0.327868 le4avg=1.51405 avIn=(-1.14037e-07,-0.00543906,-1.05687e-07)
   G7 velDir=(-0.352610,-0.000033,0.935770) w0=(-0.417135,0.000000,0.908845) w1=(-0.417135,0.000000,0.908845) w2=(-0.852832,0.000000,0.522186) w3=(-0.852832,0.000000,0.522186) steer=(255,0)
G6 l60=11.2588 m18c=1 spd=21.7353 grip=244.713 arm=lo kLo=0.992532 1-kLo=0.00746804 ld4n=4 ld4avg=0.291268 le4avg=9.66361 avIn=(3.6144e-10,-0.0308385,7.33169e-10)
   G7 velDir=(-0.619564,-0.000000,0.784946) w0=(-0.416804,0.000000,0.908996) w1=(-0.416804,0.000000,0.908996) w2=(-0.852641,0.000000,0.522497) w3=(-0.852641,0.000000,0.522497) steer=(255,0)
G6 l60=23.8221 m18c=1 spd=32.6185 grip=777.041 arm=lo kLo=0.976287 1-kLo=0.0237134 ld4n=4 ld4avg=0.292015 le4avg=20.3946 avIn=(5.72256e-10,-0.0303896,8.818e-10)
   G7 velDir=(-0.700115,0.000000,0.714030) w0=(-0.416216,0.000000,0.909266) w1=(-0.416216,0.000000,0.909266) w2=(-0.852303,0.000000,0.523048) w3=(-0.852303,0.000000,0.523048) steer=(255,0)
G6 l60=37.0583 m18c=1 spd=44.2376 grip=1639.37 arm=lo kLo=0.94997 1-kLo=0.0500297 ld4n=4 ld4avg=0.292794 le4avg=31.6423 avIn=(9.43121e-10,-0.0297597,1.07674e-09)
   G7 velDir=(-0.736915,0.000000,0.675986) w0=(-0.415333,0.000000,0.909669) w1=(-0.415333,0.000000,0.909669) w2=(-0.851795,0.000000,0.523875) w3=(-0.851795,0.000000,0.523875) steer=(255,0)
G6 l60=190.635 m18c=1 spd=52.2546 grip=9961.57 arm=lo kLo=0.695997 1-kLo=0.304003 ld4n=4 ld4avg=0.887614 le4avg=53.7082 avIn=(-0.000461082,-0.0246649,-0.000334723)
   G7 velDir=(0.873670,-0.061733,0.482586) w0=(-0.416530,0.000000,0.909122) w1=(-0.416530,0.000000,0.909122) w2=(-0.852484,0.000000,0.522753) w3=(-0.852484,0.000000,0.522753) steer=(255,0)
G6 l60=84.5356 m18c=1 spd=25.776 grip=2178.99 arm=lo kLo=0.933502 1-kLo=0.0664976 ld4n=4 ld4avg=0.725215 le4avg=29.2182 avIn=(-0.000231958,-0.0190358,-0.00019789)
   G7 velDir=(0.885776,-0.038008,0.462554) w0=(-0.417943,0.000000,0.908473) w1=(-0.417943,0.000000,0.908473) w2=(-0.853296,0.000000,0.521427) w3=(-0.853296,0.000000,0.521427) steer=(255,0)
G6 l60=21.1968 m18c=1 spd=9.42313 grip=199.74 arm=lo kLo=0.993904 1-kLo=0.00609559 ld4n=4 ld4avg=0.397262 le4avg=13.3457 avIn=(-1.79275e-05,-0.00727137,-1.66264e-05)
   G7 velDir=(0.651062,-0.006911,0.758993) w0=(-0.418639,0.000000,0.908153) w1=(-0.418639,0.000000,0.908153) w2=(-0.853695,0.000000,0.520773) w3=(-0.853695,0.000000,0.520773) steer=(255,0)
G6 l60=1.98351 m18c=1 spd=12.2433 grip=24.2847 arm=lo kLo=0.999259 1-kLo=0.000741124 ld4n=4 ld4avg=0.327579 le4avg=1.51386 avIn=(-1.11551e-07,-0.00543348,-1.04139e-07)
   G7 velDir=(-0.354484,-0.000032,0.935062) w0=(-0.418894,0.000000,0.908035) w1=(-0.418894,0.000000,0.908035) w2=(-0.853841,0.000000,0.520533) w3=(-0.853841,0.000000,0.520533) steer=(255,0)
G6 l60=11.2597 m18c=1 spd=21.7368 grip=244.751 arm=lo kLo=0.992531 1-kLo=0.00746918 ld4n=4 ld4avg=0.291268 le4avg=9.66441 avIn=(3.60079e-10,-0.0308335,7.36692e-10)
   G7 velDir=(-0.621095,-0.000000,0.783735) w0=(-0.418563,0.000000,0.908188) w1=(-0.418563,0.000000,0.908188) w2=(-0.853652,0.000000,0.520844) w3=(-0.853652,0.000000,0.520844) steer=(255,0)
G6 l60=23.8239 m18c=1 spd=32.6209 grip=777.156 arm=lo kLo=0.976283 1-kLo=0.0237169 ld4n=4 ld4avg=0.292015 le4avg=20.3962 avIn=(5.68703e-10,-0.0303844,8.84075e-10)
   G7 velDir=(-0.701504,0.000000,0.712666) w0=(-0.417976,0.000000,0.908458) w1=(-0.417976,0.000000,0.908458) w2=(-0.853315,0.000000,0.521396) w3=(-0.853315,0.000000,0.521396) steer=(255,0)
G6 l60=37.0611 m18c=1 spd=44.2408 grip=1639.61 arm=lo kLo=0.949963 1-kLo=0.050037 ld4n=4 ld4avg=0.292793 le4avg=31.6446 avIn=(9.39528e-10,-0.0297545,1.07986e-09)
   G7 velDir=(-0.738227,0.000000,0.674552) w0=(-0.417094,0.000000,0.908863) w1=(-0.417094,0.000000,0.908863) w2=(-0.852808,0.000000,0.522224) w3=(-0.852808,0.000000,0.522224) steer=(255,0)
G6 l60=51.0021 m18c=1 spd=56.5075 grip=2882 arm=lo kLo=0.912048 1-kLo=0.0879516 ld4n=4 ld4avg=0.293584 le4avg=43.4314 avIn=(3.38489e-09,-0.0291246,2.43376e-09)
   G7 velDir=(-0.757929,0.000000,0.652337) w0=(-0.415897,0.000000,0.909412) w1=(-0.415897,0.000000,0.909412) w2=(-0.852120,0.000000,0.523346) w3=(-0.852120,0.000000,0.523346) steer=(255,0)
G6 l60=202.194 m18c=1 spd=54.6824 grip=11056.5 arm=lo kLo=0.662584 1-kLo=0.337416 ld4n=4 ld4avg=0.911421 le4avg=55.4864 avIn=(-0.000554824,-0.0255616,-0.000339149)
   G7 velDir=(0.854455,-0.074324,0.514181) w0=(-0.417426,0.000000,0.908711) w1=(-0.417426,0.000000,0.908711) w2=(-0.852999,0.000000,0.521913) w3=(-0.852999,0.000000,0.521913) steer=(255,0)
G6 l60=94.0406 m18c=1 spd=27.739 grip=2608.59 arm=lo kLo=0.920392 1-kLo=0.0796079 ld4n=4 ld4avg=0.784838 le4avg=30.0445 avIn=(-0.000322483,-0.0211288,-0.000241756)
   G7 velDir=(0.852737,-0.049388,0.520001) w0=(-0.418903,0.000000,0.908031) w1=(-0.418903,0.000000,0.908031) w2=(-0.853847,0.000000,0.520525) w3=(-0.853847,0.000000,0.520525) steer=(255,0)
G6 l60=22.474 m18c=1 spd=9.82369 grip=220.778 arm=lo kLo=0.993262 1-kLo=0.00673759 ld4n=4 ld4avg=0.437963 le4avg=12.8392 avIn=(-2.98107e-05,-0.00774264,-2.47729e-05)
   G7 velDir=(0.601057,-0.011097,0.799129) w0=(-0.419652,0.000000,0.907685) w1=(-0.419652,0.000000,0.907685) w2=(-0.854276,0.000000,0.519820) w3=(-0.854276,0.000000,0.519820) steer=(255,0)
G6 l60=1.38018 m18c=1 spd=12.6546 grip=17.4656 arm=lo kLo=0.999467 1-kLo=0.000532985 ld4n=4 ld4avg=0.357411 le4avg=0.96558 avIn=(-2.03604e-07,-0.00545088,-1.70205e-07)
   G7 velDir=(-0.379612,-0.000058,0.925146) w0=(-0.419918,0.000000,0.907562) w1=(-0.419918,0.000000,0.907562) w2=(-0.854428,0.000000,0.519570) w3=(-0.854428,0.000000,0.519570) steer=(255,0)
G6 l60=11.8682 m18c=1 spd=22.2572 grip=264.152 arm=lo kLo=0.991939 1-kLo=0.00806129 ld4n=4 ld4avg=0.291263 le4avg=10.1868 avIn=(3.30949e-10,-0.0308069,7.20163e-10)
   G7 velDir=(-0.628105,-0.000000,0.778129) w0=(-0.419576,0.000000,0.907720) w1=(-0.419576,0.000000,0.907720) w2=(-0.854232,0.000000,0.519892) w3=(-0.854232,0.000000,0.519892) steer=(255,0)
G6 l60=24.4672 m18c=1 spd=33.1842 grip=811.925 arm=lo kLo=0.975222 1-kLo=0.024778 ld4n=4 ld4avg=0.292053 le4avg=20.9442 avIn=(5.75984e-10,-0.0303537,8.90085e-10)
   G7 velDir=(-0.704811,0.000000,0.709396) w0=(-0.418975,0.000000,0.907998) w1=(-0.418975,0.000000,0.907998) w2=(-0.853888,0.000000,0.520457) w3=(-0.853888,0.000000,0.520457) steer=(255,0)
G6 l60=37.7392 m18c=1 spd=44.8378 grip=1692.14 arm=lo kLo=0.94836 1-kLo=0.0516402 ld4n=4 ld4avg=0.292832 le4avg=32.2194 avIn=(9.72373e-10,-0.0297175,1.10056e-09)
   G7 velDir=(-0.740274,0.000000,0.672306) w0=(-0.418078,0.000000,0.908411) w1=(-0.418078,0.000000,0.908411) w2=(-0.853374,0.000000,0.521300) w3=(-0.853374,0.000000,0.521300) steer=(255,0)
G6 l60=51.7167 m18c=1 spd=57.1366 grip=2954.91 arm=lo kLo=0.909823 1-kLo=0.0901768 ld4n=4 ld4avg=0.293623 le4avg=44.034 avIn=(3.85801e-09,-0.0290977,2.70589e-09)
   G7 velDir=(-0.759390,0.000000,0.650635) w0=(-0.416866,0.000000,0.908968) w1=(-0.416866,0.000000,0.908968) w2=(-0.852677,0.000000,0.522438) w3=(-0.852677,0.000000,0.522438) steer=(255,0)
G6 l60=202.244 m18c=1 spd=54.6636 grip=11055.4 arm=lo kLo=0.662616 1-kLo=0.337384 ld4n=4 ld4avg=0.912665 le4avg=55.4251 avIn=(-0.000559086,-0.0256002,-0.00034009)
   G7 velDir=(0.853361,-0.074958,0.515903) w0=(-0.416866,0.000000,0.908968) w1=(-0.416866,0.000000,0.908968) w2=(-0.852677,0.000000,0.522438) w3=(-0.852677,0.000000,0.522438) steer=(255,0)
G6 l60=93.9432 m18c=1 spd=27.6894 grip=2601.23 arm=lo kLo=0.920617 1-kLo=0.0793833 ld4n=4 ld4avg=0.786851 le4avg=29.9371 avIn=(-0.000324739,-0.021125,-0.000241991)
   G7 velDir=(0.850717,-0.049877,0.523252) w0=(-0.418344,0.000000,0.908289) w1=(-0.418344,0.000000,0.908289) w2=(-0.853526,0.000000,0.521051) w3=(-0.853526,0.000000,0.521051) steer=(255,0)
G6 l60=22.3023 m18c=1 spd=9.80343 grip=218.639 arm=lo kLo=0.993328 1-kLo=0.00667232 ld4n=4 ld4avg=0.439121 le4avg=12.7077 avIn=(-2.99122e-05,-0.00772984,-2.47105e-05)
   G7 velDir=(0.591374,-0.011178,0.806320) w0=(-0.419092,0.000000,0.907944) w1=(-0.419092,0.000000,0.907944) w2=(-0.853955,0.000000,0.520347) w3=(-0.853955,0.000000,0.520347) steer=(255,0)
G6 l60=1.23115 m18c=1 spd=12.7479 grip=15.6945 arm=lo kLo=0.999521 1-kLo=0.000478983 ld4n=4 ld4avg=0.366448 le4avg=0.840117 avIn=(-2.01998e-07,-0.00545804,-1.67735e-07)
   G7 velDir=(-0.384445,-0.000057,0.923148) w0=(-0.419357,0.000000,0.907822) w1=(-0.419357,0.000000,0.907822) w2=(-0.854107,0.000000,0.520098) w3=(-0.854107,0.000000,0.520098) steer=(255,0)
G6 l60=12.0082 m18c=1 spd=22.3757 grip=268.692 arm=lo kLo=0.9918 1-kLo=0.00819981 ld4n=4 ld4avg=0.291293 le4avg=10.3059 avIn=(3.45969e-10,-0.030803,7.32035e-10)
   G7 velDir=(-0.628976,-0.000000,0.777424) w0=(-0.419012,0.000000,0.907981) w1=(-0.419012,0.000000,0.907981) w2=(-0.853909,0.000000,0.520422) w3=(-0.853909,0.000000,0.520422) steer=(255,0)
G6 l60=24.6136 m18c=1 spd=33.312 grip=819.929 arm=lo kLo=0.974978 1-kLo=0.0250223 ld4n=4 ld4avg=0.292062 le4avg=21.0689 avIn=(5.79545e-10,-0.030349,8.90659e-10)
   G7 velDir=(-0.704928,0.000000,0.709279) w0=(-0.418408,0.000000,0.908259) w1=(-0.418408,0.000000,0.908259) w2=(-0.853563,0.000000,0.520990) w3=(-0.853563,0.000000,0.520990) steer=(255,0)
G6 l60=37.8931 m18c=1 spd=44.973 grip=1704.17 arm=lo kLo=0.947993 1-kLo=0.052007 ld4n=4 ld4avg=0.292841 le4avg=32.3498 avIn=(9.81906e-10,-0.0297114,1.10408e-09)
   G7 velDir=(-0.740144,0.000000,0.672448) w0=(-0.417507,0.000000,0.908674) w1=(-0.417507,0.000000,0.908674) w2=(-0.853046,0.000000,0.521836) w3=(-0.853046,0.000000,0.521836) steer=(255,0)
G6 l60=189.553 m18c=1 spd=51.962 grip=9849.55 arm=lo kLo=0.699416 1-kLo=0.300584 ld4n=4 ld4avg=0.887689 le4avg=53.3994 avIn=(-0.000466001,-0.0246725,-0.00034307)
   G7 velDir=(0.871680,-0.062678,0.486051) w0=(-0.418723,0.000000,0.908114) w1=(-0.418723,0.000000,0.908114) w2=(-0.853743,0.000000,0.520694) w3=(-0.853743,0.000000,0.520694) steer=(255,0)
G6 l60=83.4126 m18c=1 spd=25.4752 grip=2124.95 arm=lo kLo=0.935152 1-kLo=0.0648483 ld4n=4 ld4avg=0.722884 le4avg=28.9229 avIn=(-0.000230463,-0.0188185,-0.000198572)
   G7 velDir=(0.883596,-0.038391,0.466674) w0=(-0.420126,0.000000,0.907466) w1=(-0.420126,0.000000,0.907466) w2=(-0.854547,0.000000,0.519374) w3=(-0.854547,0.000000,0.519374) steer=(255,0)
G6 l60=20.7577 m18c=1 spd=9.33676 grip=193.81 arm=lo kLo=0.994085 1-kLo=0.00591457 ld4n=4 ld4avg=0.395208 le4avg=13.1369 avIn=(-1.73386e-05,-0.00719605,-1.62112e-05)
   G7 velDir=(0.634184,-0.006790,0.773152) w0=(-0.420814,0.000000,0.907147) w1=(-0.420814,0.000000,0.907147) w2=(-0.854940,0.000000,0.518726) w3=(-0.854940,0.000000,0.518726) steer=(255,0)
G6 l60=1.74851 m18c=1 spd=12.3859 grip=21.6569 arm=lo kLo=0.999339 1-kLo=0.000660896 ld4n=4 ld4avg=0.331475 le4avg=1.31883 avIn=(-1.04438e-07,-0.00542567,-9.81934e-08)
   G7 velDir=(-0.365823,-0.000030,0.930684) w0=(-0.421066,0.000000,0.907030) w1=(-0.421066,0.000000,0.907030) w2=(-0.855085,0.000000,0.518489) w3=(-0.855085,0.000000,0.518489) steer=(255,0)
G6 l60=11.4767 m18c=1 spd=21.923 grip=251.604 arm=lo kLo=0.992322 1-kLo=0.00767833 ld4n=4 ld4avg=0.291266 le4avg=9.85072 avIn=(3.7194e-10,-0.0308188,7.53839e-10)
   G7 velDir=(-0.625194,-0.000000,0.780470) w0=(-0.420731,0.000000,0.907185) w1=(-0.420731,0.000000,0.907185) w2=(-0.854893,0.000000,0.518804) w3=(-0.854893,0.000000,0.518804) steer=(255,0)
G6 l60=24.0542 m18c=1 spd=32.8232 grip=789.536 arm=lo kLo=0.975905 1-kLo=0.0240947 ld4n=4 ld4avg=0.292028 le4avg=20.5924 avIn=(5.67797e-10,-0.0303682,8.88716e-10)
   G7 velDir=(-0.704114,0.000000,0.710087) w0=(-0.420140,0.000000,0.907459) w1=(-0.420140,0.000000,0.907459) w2=(-0.854555,0.000000,0.519361) w3=(-0.854555,0.000000,0.519361) steer=(255,0)
G6 l60=37.3047 m18c=1 spd=44.456 grip=1658.42 arm=lo kLo=0.949389 1-kLo=0.0506109 ld4n=4 ld4avg=0.292807 le4avg=31.8511 avIn=(9.47188e-10,-0.029736,1.09026e-09)
   G7 velDir=(-0.740305,0.000000,0.672271) w0=(-0.419253,0.000000,0.907869) w1=(-0.419253,0.000000,0.907869) w2=(-0.854047,0.000000,0.520195) w3=(-0.854047,0.000000,0.520195) steer=(255,0)
G6 l60=51.2596 m18c=1 spd=56.735 grip=2908.21 arm=lo kLo=0.911248 1-kLo=0.0887517 ld4n=4 ld4avg=0.293598 le4avg=43.6486 avIn=(3.54199e-09,-0.0291097,2.53613e-09)
   G7 velDir=(-0.759752,0.000000,0.650213) w0=(-0.418052,0.000000,0.908423) w1=(-0.418052,0.000000,0.908423) w2=(-0.853359,0.000000,0.521324) w3=(-0.853359,0.000000,0.521324) steer=(255,0)
G6 l60=200.685 m18c=1 spd=54.3114 grip=10899.5 arm=lo kLo=0.667375 1-kLo=0.332625 ld4n=4 ld4avg=0.910428 le4avg=55.1326 avIn=(-0.00055567,-0.0255594,-0.000348447)
   G7 velDir=(0.853398,-0.074698,0.515880) w0=(-0.419585,0.000000,0.907716) w1=(-0.419585,0.000000,0.907716) w2=(-0.854237,0.000000,0.519883) w3=(-0.854237,0.000000,0.519883) steer=(255,0)
G6 l60=92.4913 m18c=1 spd=27.3599 grip=2530.56 arm=lo kLo=0.922774 1-kLo=0.0772265 ld4n=4 ld4avg=0.780115 le4avg=29.7281 avIn=(-0.000315905,-0.020822,-0.000241914)
   G7 velDir=(0.852210,-0.049274,0.520874) w0=(-0.421051,0.000000,0.907037) w1=(-0.421051,0.000000,0.907037) w2=(-0.855076,0.000000,0.518502) w3=(-0.855076,0.000000,0.518502) steer=(255,0)
G6 l60=21.9714 m18c=1 spd=9.72128 grip=213.59 arm=lo kLo=0.993482 1-kLo=0.00651824 ld4n=4 ld4avg=0.43328 le4avg=12.6872 avIn=(-2.8285e-05,-0.00763563,-2.3918e-05)
   G7 velDir=(0.588844,-0.010705,0.808176) w0=(-0.421789,0.000000,0.906694) w1=(-0.421789,0.000000,0.906694) w2=(-0.855498,0.000000,0.517806) w3=(-0.855498,0.000000,0.517806) steer=(255,0)
G6 l60=1.2131 m18c=1 spd=12.754 grip=15.4719 arm=lo kLo=0.999528 1-kLo=0.000472188 ld4n=4 ld4avg=0.364873 le4avg=0.83137 avIn=(-1.86581e-07,-0.00544713,-1.58538e-07)
   G7 velDir=(-0.387708,-0.000053,0.921782) w0=(-0.422051,0.000000,0.906572) w1=(-0.422051,0.000000,0.906572) w2=(-0.855648,0.000000,0.517559) w3=(-0.855648,0.000000,0.517559) steer=(255,0)
G6 l60=12.0192 m18c=1 spd=22.386 grip=269.061 arm=lo kLo=0.991789 1-kLo=0.00821108 ld4n=4 ld4avg=0.291299 le4avg=10.3151 avIn=(3.50421e-10,-0.0307946,7.42062e-10)
   G7 velDir=(-0.631391,-0.000000,0.775465) w0=(-0.421707,0.000000,0.906732) w1=(-0.421707,0.000000,0.906732) w2=(-0.855451,0.000000,0.517883) w3=(-0.855451,0.000000,0.517883) steer=(255,0)
G6 l60=24.6262 m18c=1 spd=33.3242 grip=820.65 arm=lo kLo=0.974956 1-kLo=0.0250443 ld4n=4 ld4avg=0.292062 le4avg=21.0796 avIn=(5.7429e-10,-0.0303406,8.94285e-10)
   G7 velDir=(-0.707079,0.000000,0.707134) w0=(-0.421104,0.000000,0.907013) w1=(-0.421104,0.000000,0.907013) w2=(-0.855106,0.000000,0.518453) w3=(-0.855106,0.000000,0.518453) steer=(255,0)
G6 l60=37.9077 m18c=1 spd=44.987 grip=1705.35 arm=lo kLo=0.947957 1-kLo=0.0520432 ld4n=4 ld4avg=0.292842 le4avg=32.3622 avIn=(9.76947e-10,-0.0297028,1.1093e-09)
   G7 velDir=(-0.742165,0.000000,0.670217) w0=(-0.420204,0.000000,0.907430) w1=(-0.420204,0.000000,0.907430) w2=(-0.854592,0.000000,0.519301) w3=(-0.854592,0.000000,0.519301) steer=(255,0)
G6 l60=51.8951 m18c=1 spd=57.2945 grip=2973.3 arm=lo kLo=0.909262 1-kLo=0.090738 ld4n=4 ld4avg=0.293633 le4avg=44.1845 avIn=(3.99823e-09,-0.0290858,2.8003e-09)
   G7 velDir=(-0.761096,0.000000,0.648640) w0=(-0.418989,0.000000,0.907991) w1=(-0.418989,0.000000,0.907991) w2=(-0.853896,0.000000,0.520444) w3=(-0.853896,0.000000,0.520444) steer=(255,0)
G6 l60=200.546 m18c=1 spd=54.2647 grip=10882.6 arm=lo kLo=0.66789 1-kLo=0.33211 ld4n=4 ld4avg=0.910832 le4avg=55.0707 avIn=(-0.000559336,-0.0255967,-0.000351651)
   G7 velDir=(0.852282,-0.075297,0.517635) w0=(-0.420536,0.000000,0.907276) w1=(-0.420536,0.000000,0.907276) w2=(-0.854782,0.000000,0.518988) w3=(-0.854782,0.000000,0.518988) steer=(255,0)
G6 l60=92.289 m18c=1 spd=27.2996 grip=2519.45 arm=lo kLo=0.923113 1-kLo=0.0768875 ld4n=4 ld4avg=0.780437 le4avg=29.6511 avIn=(-0.000317097,-0.0207922,-0.000243363)
   G7 velDir=(0.850765,-0.049658,0.523196) w0=(-0.422000,0.000000,0.906596) w1=(-0.422000,0.000000,0.906596) w2=(-0.855618,0.000000,0.517607) w3=(-0.855618,0.000000,0.517607) steer=(255,0)
G6 l60=21.8491 m18c=1 spd=9.70304 grip=212.002 arm=lo kLo=0.99353 1-kLo=0.00646979 ld4n=4 ld4avg=0.433249 le4avg=12.6175 avIn=(-2.82501e-05,-0.00761697,-2.39307e-05)
   G7 velDir=(0.582608,-0.010737,0.812682) w0=(-0.422737,0.000000,0.906253) w1=(-0.422737,0.000000,0.906253) w2=(-0.856039,0.000000,0.516912) w3=(-0.856039,0.000000,0.516912) steer=(255,0)
G6 l60=1.13433 m18c=1 spd=12.8033 grip=14.5232 arm=lo kLo=0.999557 1-kLo=0.00044322 ld4n=4 ld4avg=0.370459 le4avg=0.765691 avIn=(-1.84811e-07,-0.00544803,-1.57243e-07)
   G7 velDir=(-0.391482,-0.000053,0.920186) w0=(-0.422998,0.000000,0.906130) w1=(-0.422998,0.000000,0.906130) w2=(-0.856188,0.000000,0.516665) w3=(-0.856188,0.000000,0.516665) steer=(255,0)
G6 l60=12.0933 m18c=1 spd=22.449 grip=271.483 arm=lo kLo=0.991715 1-kLo=0.00828499 ld4n=4 ld4avg=0.291322 le4avg=10.3779 avIn=(3.55849e-10,-0.0307888,7.49445e-10)
   G7 velDir=(-0.632906,-0.000000,0.774229) w0=(-0.422653,0.000000,0.906292) w1=(-0.422653,0.000000,0.906292) w2=(-0.855991,0.000000,0.516991) w3=(-0.855991,0.000000,0.516991) steer=(255,0)
G6 l60=24.704 m18c=1 spd=33.3927 grip=824.931 arm=lo kLo=0.974825 1-kLo=0.0251749 ld4n=4 ld4avg=0.292067 le4avg=21.1458 avIn=(5.73623e-10,-0.0303344,8.96184e-10)
   G7 velDir=(-0.708110,0.000000,0.706103) w0=(-0.422048,0.000000,0.906574) w1=(-0.422048,0.000000,0.906574) w2=(-0.855645,0.000000,0.517562) w3=(-0.855645,0.000000,0.517562) steer=(255,0)
G6 l60=37.99 m18c=1 spd=45.0598 grip=1711.82 arm=lo kLo=0.947759 1-kLo=0.0522407 ld4n=4 ld4avg=0.292846 le4avg=32.432 avIn=(9.79445e-10,-0.0296959,1.11345e-09)
   G7 velDir=(-0.743016,0.000000,0.669274) w0=(-0.421147,0.000000,0.906992) w1=(-0.421147,0.000000,0.906992) w2=(-0.855131,0.000000,0.518412) w3=(-0.855131,0.000000,0.518412) steer=(255,0)
G6 l60=51.9822 m18c=1 spd=57.3716 grip=2982.3 arm=lo kLo=0.908987 1-kLo=0.0910126 ld4n=4 ld4avg=0.293637 le4avg=44.258 avIn=(4.07053e-09,-0.0290804,2.8482e-09)
   G7 velDir=(-0.761859,0.000000,0.647743) w0=(-0.419931,0.000000,0.907556) w1=(-0.419931,0.000000,0.907556) w2=(-0.854435,0.000000,0.519558) w3=(-0.854435,0.000000,0.519558) steer=(255,0)
G6 l60=199.862 m18c=1 spd=54.0972 grip=10812 arm=lo kLo=0.670044 1-kLo=0.329956 ld4n=4 ld4avg=0.910355 le4avg=54.9118 avIn=(-0.000559503,-0.0255934,-0.000355747)
   G7 velDir=(0.851847,-0.075439,0.518330) w0=(-0.421479,0.000000,0.906838) w1=(-0.421479,0.000000,0.906838) w2=(-0.855321,0.000000,0.518099) w3=(-0.855321,0.000000,0.518099) steer=(255,0)
G6 l60=91.5971 m18c=1 spd=27.1306 grip=2485.09 arm=lo kLo=0.924161 1-kLo=0.0758388 ld4n=4 ld4avg=0.778248 le4avg=29.5114 avIn=(-0.000314051,-0.0206549,-0.000243183)
   G7 velDir=(0.850574,-0.049584,0.523512) w0=(-0.422938,0.000000,0.906159) w1=(-0.422938,0.000000,0.906159) w2=(-0.856153,0.000000,0.516722) w3=(-0.856153,0.000000,0.516722) steer=(255,0)
G6 l60=21.6303 m18c=1 spd=9.65933 grip=208.934 arm=lo kLo=0.993624 1-kLo=0.00637615 ld4n=4 ld4avg=0.431159 le4avg=12.5514 avIn=(-2.75781e-05,-0.00757049,-2.35338e-05)
   G7 velDir=(0.577117,-0.010557,0.816593) w0=(-0.423669,0.000000,0.905817) w1=(-0.423669,0.000000,0.905817) w2=(-0.856570,0.000000,0.516031) w3=(-0.856570,0.000000,0.516031) steer=(255,0)
G6 l60=1.06178 m18c=1 spd=12.8468 grip=13.6404 arm=lo kLo=0.999584 1-kLo=0.000416279 ld4n=4 ld4avg=0.375377 le4avg=0.707344 avIn=(-1.77673e-07,-0.00544825,-1.52214e-07)
   G7 velDir=(-0.394941,-0.000051,0.918706) w0=(-0.423929,0.000000,0.905695) w1=(-0.423929,0.000000,0.905695) w2=(-0.856718,0.000000,0.515784) w3=(-0.856718,0.000000,0.515784) steer=(255,0)
G6 l60=12.1592 m18c=1 spd=22.5051 grip=273.644 arm=lo kLo=0.991649 1-kLo=0.00835097 ld4n=4 ld4avg=0.291345 le4avg=10.4337 avIn=(3.63294e-10,-0.0307834,7.58303e-10)
   G7 velDir=(-0.634324,-0.000000,0.773067) w0=(-0.423583,0.000000,0.905857) w1=(-0.423583,0.000000,0.905857) w2=(-0.856521,0.000000,0.516112) w3=(-0.856521,0.000000,0.516112) steer=(255,0)
G6 l60=24.7731 m18c=1 spd=33.4536 grip=828.747 arm=lo kLo=0.974709 1-kLo=0.0252914 ld4n=4 ld4avg=0.292071 le4avg=21.2047 avIn=(5.72879e-10,-0.0303286,8.98016e-10)
   G7 velDir=(-0.709093,0.000000,0.705115) w0=(-0.422977,0.000000,0.906141) w1=(-0.422977,0.000000,0.906141) w2=(-0.856176,0.000000,0.516685) w3=(-0.856176,0.000000,0.516685) steer=(255,0)
G6 l60=38.0633 m18c=1 spd=45.1246 grip=1717.59 arm=lo kLo=0.947583 1-kLo=0.0524167 ld4n=4 ld4avg=0.29285 le4avg=32.494 avIn=(9.81504e-10,-0.0296894,1.11733e-09)
   G7 velDir=(-0.743837,0.000000,0.668361) w0=(-0.422075,0.000000,0.906561) w1=(-0.422075,0.000000,0.906561) w2=(-0.855661,0.000000,0.517537) w3=(-0.855661,0.000000,0.517537) steer=(255,0)
G6 l60=52.0598 m18c=1 spd=57.4402 grip=2990.32 arm=lo kLo=0.908743 1-kLo=0.0912575 ld4n=4 ld4avg=0.293642 le4avg=44.3234 avIn=(4.13736e-09,-0.0290752,2.89311e-09)
   G7 velDir=(-0.762600,0.000000,0.646870) w0=(-0.420857,0.000000,0.907127) w1=(-0.420857,0.000000,0.907127) w2=(-0.854965,0.000000,0.518685) w3=(-0.854965,0.000000,0.518685) steer=(255,0)
G6 l60=199.315 m18c=1 spd=53.9473 grip=10752.5 arm=lo kLo=0.671859 1-kLo=0.328141 ld4n=4 ld4avg=0.910612 le4avg=54.7462 avIn=(-0.000559715,-0.025586,-0.000357592)
   G7 velDir=(0.851558,-0.075539,0.518790) w0=(-0.420857,0.000000,0.907127) w1=(-0.420857,0.000000,0.907127) w2=(-0.854965,0.000000,0.518685) w3=(-0.854965,0.000000,0.518685) steer=(255,0)
G6 l60=90.9699 m18c=1 spd=26.9642 grip=2452.93 arm=lo kLo=0.925143 1-kLo=0.0748575 ld4n=4 ld4avg=0.777472 le4avg=29.3386 avIn=(-0.000311514,-0.0205347,-0.000241691)
   G7 velDir=(0.849986,-0.049544,0.524470) w0=(-0.422312,0.000000,0.906450) w1=(-0.422312,0.000000,0.906450) w2=(-0.855797,0.000000,0.517312) w3=(-0.855797,0.000000,0.517312) steer=(255,0)
G6 l60=21.3611 m18c=1 spd=9.61495 grip=205.386 arm=lo kLo=0.993732 1-kLo=0.00626791 ld4n=4 ld4avg=0.430008 le4avg=12.4283 avIn=(-2.69794e-05,-0.00752888,-2.30386e-05)
   G7 velDir=(0.568269,-0.010396,0.822777) w0=(-0.423039,0.000000,0.906111) w1=(-0.423039,0.000000,0.906111) w2=(-0.856211,0.000000,0.516626) w3=(-0.856211,0.000000,0.516626) steer=(255,0)
G6 l60=0.924807 m18c=1 spd=12.931 grip=11.9587 arm=lo kLo=0.999635 1-kLo=0.000364959 ld4n=4 ld4avg=0.389196 le4avg=0.594273 avIn=(-1.70619e-07,-0.00546193,-1.46157e-07)
   G7 velDir=(-0.399029,-0.000048,0.916938) w0=(-0.423299,0.000000,0.905990) w1=(-0.423299,0.000000,0.905990) w2=(-0.856359,0.000000,0.516381) w3=(-0.856359,0.000000,0.516381) steer=(255,0)
G6 l60=12.2858 m18c=1 spd=22.6117 grip=277.802 arm=lo kLo=0.991522 1-kLo=0.00847787 ld4n=4 ld4avg=0.291386 le4avg=10.5408 avIn=(3.78471e-10,-0.0307801,7.69909e-10)
   G7 velDir=(-0.634969,-0.000000,0.772537) w0=(-0.422950,0.000000,0.906153) w1=(-0.422950,0.000000,0.906153) w2=(-0.856160,0.000000,0.516710) w3=(-0.856160,0.000000,0.516710) steer=(255,0)
G6 l60=24.9046 m18c=1 spd=33.5685 grip=836.009 arm=lo kLo=0.974487 1-kLo=0.025513 ld4n=4 ld4avg=0.292079 le4avg=21.3167 avIn=(5.76428e-10,-0.0303248,8.98441e-10)
   G7 velDir=(-0.709090,0.000000,0.705117) w0=(-0.422340,0.000000,0.906437) w1=(-0.422340,0.000000,0.906437) w2=(-0.855813,0.000000,0.517286) w3=(-0.855813,0.000000,0.517286) steer=(255,0)
G6 l60=38.2015 m18c=1 spd=45.246 grip=1728.47 arm=lo kLo=0.947251 1-kLo=0.0527486 ld4n=4 ld4avg=0.292858 le4avg=32.6112 avIn=(9.90628e-10,-0.0296843,1.12046e-09)
   G7 velDir=(-0.743624,0.000000,0.668598) w0=(-0.421435,0.000000,0.906859) w1=(-0.421435,0.000000,0.906859) w2=(-0.855296,0.000000,0.518140) w3=(-0.855296,0.000000,0.518140) steer=(255,0)
G6 l60=186.757 m18c=1 spd=51.2692 grip=9574.88 arm=lo kLo=0.707798 1-kLo=0.292202 ld4n=4 ld4avg=0.885569 le4avg=52.7382 avIn=(-0.000466208,-0.024613,-0.000355537)
   G7 velDir=(0.869833,-0.063229,0.489277) w0=(-0.422655,0.000000,0.906291) w1=(-0.422655,0.000000,0.906291) w2=(-0.855992,0.000000,0.516989) w3=(-0.855992,0.000000,0.516989) steer=(255,0)
G6 l60=80.8257 m18c=1 spd=24.8318 grip=2007.05 arm=lo kLo=0.93875 1-kLo=0.0612502 ld4n=4 ld4avg=0.71373 le4avg=28.3842 avIn=(-0.000221337,-0.0183009,-0.000195626)
   G7 velDir=(0.882424,-0.038109,0.468909) w0=(-0.424037,0.000000,0.905645) w1=(-0.424037,0.000000,0.905645) w2=(-0.856780,0.000000,0.515682) w3=(-0.856780,0.000000,0.515682) steer=(255,0)
G6 l60=19.9707 m18c=1 spd=9.17941 grip=183.319 arm=lo kLo=0.994406 1-kLo=0.00559443 ld4n=4 ld4avg=0.389152 le4avg=12.8349 avIn=(-1.56814e-05,-0.00704505,-1.49787e-05)
   G7 velDir=(0.608759,-0.006312,0.793330) w0=(-0.424706,0.000000,0.905331) w1=(-0.424706,0.000000,0.905331) w2=(-0.857161,0.000000,0.515049) w3=(-0.857161,0.000000,0.515049) steer=(255,0)
G6 l60=1.40994 m18c=1 spd=12.5913 grip=17.7529 arm=lo kLo=0.999458 1-kLo=0.000541747 ld4n=4 ld4avg=0.338855 le4avg=1.04033 avIn=(-8.90437e-08,-0.00541282,-8.53939e-08)
   G7 velDir=(-0.382427,-0.000026,0.923986) w0=(-0.424953,0.000000,0.905215) w1=(-0.424953,0.000000,0.905215) w2=(-0.857301,0.000000,0.514815) w3=(-0.857301,0.000000,0.514815) steer=(255,0)
G6 l60=11.7869 m18c=1 spd=22.1898 grip=261.548 arm=lo kLo=0.992018 1-kLo=0.00798184 ld4n=4 ld4avg=0.291264 le4avg=10.117 avIn=(3.8891e-10,-0.030795,7.80738e-10)
   G7 velDir=(-0.631634,0.000000,0.775266) w0=(-0.424614,0.000000,0.905374) w1=(-0.424614,0.000000,0.905374) w2=(-0.857108,0.000000,0.515136) w3=(-0.857108,0.000000,0.515136) steer=(255,0)
G6 l60=24.3838 m18c=1 spd=33.1133 grip=807.427 arm=lo kLo=0.975359 1-kLo=0.0246407 ld4n=4 ld4avg=0.292048 le4avg=20.8731 avIn=(5.64984e-10,-0.0303424,8.96418e-10)
   G7 velDir=(-0.708424,0.000000,0.705788) w0=(-0.424017,0.000000,0.905654) w1=(-0.424017,0.000000,0.905654) w2=(-0.856768,0.000000,0.515702) w3=(-0.856768,0.000000,0.515702) steer=(255,0)
G6 l60=37.6537 m18c=1 spd=44.7648 grip=1685.56 arm=lo kLo=0.948561 1-kLo=0.0514392 ld4n=4 ld4avg=0.292827 le4avg=32.147 avIn=(9.57037e-10,-0.0297069,1.10694e-09)
   G7 velDir=(-0.743837,0.000000,0.668361) w0=(-0.423124,0.000000,0.906072) w1=(-0.423124,0.000000,0.906072) w2=(-0.856260,0.000000,0.516546) w3=(-0.856260,0.000000,0.516546) steer=(255,0)
G6 l60=51.629 m18c=1 spd=57.0617 grip=2946.04 arm=lo kLo=0.910094 1-kLo=0.089906 ld4n=4 ld4avg=0.293617 le4avg=43.9602 avIn=(3.79577e-09,-0.0290862,2.70648e-09)
   G7 velDir=(-0.762905,0.000000,0.646511) w0=(-0.421917,0.000000,0.906634) w1=(-0.421917,0.000000,0.906634) w2=(-0.855571,0.000000,0.517686) w3=(-0.855571,0.000000,0.517686) steer=(255,0)
G6 l60=197.893 m18c=1 spd=53.627 grip=10612.4 arm=lo kLo=0.676136 1-kLo=0.323864 ld4n=4 ld4avg=0.908485 le4avg=54.4825 avIn=(-0.000556371,-0.0255439,-0.000365009)
   G7 velDir=(0.851585,-0.075293,0.518782) w0=(-0.423456,0.000000,0.905917) w1=(-0.423456,0.000000,0.905917) w2=(-0.856449,0.000000,0.516232) w3=(-0.856449,0.000000,0.516232) steer=(255,0)
G6 l60=89.685 m18c=1 spd=26.6737 grip=2392.23 arm=lo kLo=0.926995 1-kLo=0.073005 ld4n=4 ld4avg=0.771169 le4avg=29.1598 avIn=(-0.000303723,-0.0202658,-0.000240836)
   G7 velDir=(0.851353,-0.048977,0.522302) w0=(-0.424900,0.000000,0.905240) w1=(-0.424900,0.000000,0.905240) w2=(-0.857271,0.000000,0.514865) w3=(-0.857271,0.000000,0.514865) steer=(255,0)
G6 l60=21.0879 m18c=1 spd=9.54658 grip=201.317 arm=lo kLo=0.993856 1-kLo=0.00614369 ld4n=4 ld4avg=0.42495 le4avg=12.4148 avIn=(-2.56348e-05,-0.00744955,-2.23109e-05)
   G7 velDir=(0.565902,-0.009986,0.824412) w0=(-0.425619,0.000000,0.904903) w1=(-0.425619,0.000000,0.904903) w2=(-0.857679,0.000000,0.514185) w3=(-0.857679,0.000000,0.514185) steer=(255,0)
G6 l60=0.913251 m18c=1 spd=12.9344 grip=11.8123 arm=lo kLo=0.99964 1-kLo=0.000360489 ld4n=4 ld4avg=0.387334 le4avg=0.58966 avIn=(-1.58896e-07,-0.00545086,-1.38705e-07)
   G7 velDir=(-0.401949,-0.000045,0.915662) w0=(-0.425876,0.000000,0.904782) w1=(-0.425876,0.000000,0.904782) w2=(-0.857825,0.000000,0.513941) w3=(-0.857825,0.000000,0.513941) steer=(255,0)
G6 l60=12.2921 m18c=1 spd=22.618 grip=278.023 arm=lo kLo=0.991515 1-kLo=0.0084846 ld4n=4 ld4avg=0.291389 le4avg=10.5461 avIn=(3.78958e-10,-0.0307721,7.77036e-10)
   G7 velDir=(-0.637227,0.000000,0.770676) w0=(-0.425527,0.000000,0.904946) w1=(-0.425527,0.000000,0.904946) w2=(-0.857628,0.000000,0.514271) w3=(-0.857628,0.000000,0.514271) steer=(255,0)
G6 l60=24.9123 m18c=1 spd=33.5764 grip=836.466 arm=lo kLo=0.974473 1-kLo=0.0255269 ld4n=4 ld4avg=0.292079 le4avg=21.3233 avIn=(5.71256e-10,-0.0303166,9.01814e-10)
   G7 velDir=(-0.711123,0.000000,0.703068) w0=(-0.424918,0.000000,0.905232) w1=(-0.424918,0.000000,0.905232) w2=(-0.857281,0.000000,0.514848) w3=(-0.857281,0.000000,0.514848) steer=(255,0)
G6 l60=38.2109 m18c=1 spd=45.2554 grip=1729.25 arm=lo kLo=0.947227 1-kLo=0.0527725 ld4n=4 ld4avg=0.292859 le4avg=32.6192 avIn=(9.85605e-10,-0.0296761,1.12535e-09)
   G7 velDir=(-0.745540,0.000000,0.666460) w0=(-0.424014,0.000000,0.905656) w1=(-0.424014,0.000000,0.905656) w2=(-0.856767,0.000000,0.515704) w3=(-0.856767,0.000000,0.515704) steer=(255,0)
G6 l60=52.2162 m18c=1 spd=57.5787 grip=3006.54 arm=lo kLo=0.908248 1-kLo=0.0917522 ld4n=4 ld4avg=0.29365 le4avg=44.4553 avIn=(4.27935e-09,-0.0290646,2.98891e-09)
   G7 velDir=(-0.764141,0.000000,0.645049) w0=(-0.422794,0.000000,0.906226) w1=(-0.422794,0.000000,0.906226) w2=(-0.856072,0.000000,0.516857) w3=(-0.856072,0.000000,0.516857) steer=(255,0)
G6 l60=197.753 m18c=1 spd=53.5811 grip=10595.8 arm=lo kLo=0.676641 1-kLo=0.323359 ld4n=4 ld4avg=0.908847 le4avg=54.4229 avIn=(-0.000559703,-0.0255784,-0.000368116)
   G7 velDir=(0.850545,-0.075846,0.520405) w0=(-0.424346,0.000000,0.905500) w1=(-0.424346,0.000000,0.905500) w2=(-0.856956,0.000000,0.515390) w3=(-0.856956,0.000000,0.515390) steer=(255,0)
G6 l60=89.4903 m18c=1 spd=26.616 grip=2381.87 arm=lo kLo=0.927311 1-kLo=0.072689 ld4n=4 ld4avg=0.771421 le4avg=29.0872 avIn=(-0.000304703,-0.0202368,-0.000242094)
   G7 velDir=(0.850002,-0.049324,0.524466) w0=(-0.425789,0.000000,0.904823) w1=(-0.425789,0.000000,0.904823) w2=(-0.857776,0.000000,0.514024) w3=(-0.857776,0.000000,0.514024) steer=(255,0)
G6 l60=20.9751 m18c=1 spd=9.53125 grip=199.919 arm=lo kLo=0.993899 1-kLo=0.00610101 ld4n=4 ld4avg=0.424889 le4avg=12.3502 avIn=(-2.55917e-05,-0.00743248,-2.23094e-05)
   G7 velDir=(0.559870,-0.010008,0.828520) w0=(-0.426505,0.000000,0.904485) w1=(-0.426505,0.000000,0.904485) w2=(-0.858183,0.000000,0.513344) w3=(-0.858183,0.000000,0.513344) steer=(255,0)
G6 l60=0.840355 m18c=1 spd=12.9802 grip=10.908 arm=lo kLo=0.999667 1-kLo=0.000332892 ld4n=4 ld4avg=0.397403 le4avg=0.528883 avIn=(-1.57404e-07,-0.00545826,-1.3757e-07)
   G7 velDir=(-0.405353,-0.000045,0.914160) w0=(-0.426762,0.000000,0.904364) w1=(-0.426762,0.000000,0.904364) w2=(-0.858328,0.000000,0.513101) w3=(-0.858328,0.000000,0.513101) steer=(255,0)
G6 l60=12.3606 m18c=1 spd=22.6763 grip=280.291 arm=lo kLo=0.991446 1-kLo=0.0085538 ld4n=4 ld4avg=0.291411 le4avg=10.6041 avIn=(3.83047e-10,-0.0307666,7.83226e-10)
   G7 velDir=(-0.638616,0.000000,0.769526) w0=(-0.426412,0.000000,0.904529) w1=(-0.426412,0.000000,0.904529) w2=(-0.858130,0.000000,0.513432) w3=(-0.858130,0.000000,0.513432) steer=(255,0)
G6 l60=24.9841 m18c=1 spd=33.6396 grip=840.454 arm=lo kLo=0.974351 1-kLo=0.0256487 ld4n=4 ld4avg=0.292083 le4avg=21.3844 avIn=(5.70624e-10,-0.0303108,9.0359e-10)
   G7 velDir=(-0.712075,0.000000,0.702103) w0=(-0.425802,0.000000,0.904816) w1=(-0.425802,0.000000,0.904816) w2=(-0.857784,0.000000,0.514011) w3=(-0.857784,0.000000,0.514011) steer=(255,0)
G6 l60=38.2869 m18c=1 spd=45.3227 grip=1735.26 arm=lo kLo=0.947044 1-kLo=0.052956 ld4n=4 ld4avg=0.292863 le4avg=32.6836 avIn=(9.88017e-10,-0.0296696,1.12931e-09)
   G7 velDir=(-0.746330,0.000000,0.665576) w0=(-0.424896,0.000000,0.905242) w1=(-0.424896,0.000000,0.905242) w2=(-0.857269,0.000000,0.514869) w3=(-0.857269,0.000000,0.514869) steer=(255,0)
G6 l60=52.2966 m18c=1 spd=57.6499 grip=3014.89 arm=lo kLo=0.907993 1-kLo=0.0920072 ld4n=4 ld4avg=0.293654 le4avg=44.5231 avIn=(4.35628e-09,-0.0290595,3.03984e-09)
   G7 velDir=(-0.764850,0.000000,0.644208) w0=(-0.423675,0.000000,0.905814) w1=(-0.423675,0.000000,0.905814) w2=(-0.856574,0.000000,0.516025) w3=(-0.856574,0.000000,0.516025) steer=(255,0)
G6 l60=197.114 m18c=1 spd=53.4243 grip=10530.7 arm=lo kLo=0.678629 1-kLo=0.321371 ld4n=4 ld4avg=0.908395 le4avg=54.2742 avIn=(-0.000559786,-0.0255737,-0.000371865)
   G7 velDir=(0.850129,-0.075979,0.521065) w0=(-0.425228,0.000000,0.905086) w1=(-0.425228,0.000000,0.905086) w2=(-0.857458,0.000000,0.514555) w3=(-0.857458,0.000000,0.514555) steer=(255,0)
G6 l60=88.8578 m18c=1 spd=26.4611 grip=2351.28 arm=lo kLo=0.928245 1-kLo=0.0717552 ld4n=4 ld4avg=0.769352 le4avg=28.9591 avIn=(-0.000301937,-0.0201114,-0.000241677)
   G7 velDir=(0.849787,-0.049249,0.524820) w0=(-0.426666,0.000000,0.904409) w1=(-0.426666,0.000000,0.904409) w2=(-0.858274,0.000000,0.513191) w3=(-0.858274,0.000000,0.513191) steer=(255,0)
G6 l60=20.7798 m18c=1 spd=9.49416 grip=197.287 arm=lo kLo=0.993979 1-kLo=0.00602072 ld4n=4 ld4avg=0.423052 le4avg=12.2881 avIn=(-2.50174e-05,-0.0073919,-2.19433e-05)
   G7 velDir=(0.554385,-0.009845,0.832202) w0=(-0.427378,0.000000,0.904073) w1=(-0.427378,0.000000,0.904073) w2=(-0.858678,0.000000,0.512515) w3=(-0.858678,0.000000,0.512515) steer=(255,0)
G6 l60=0.771969 m18c=1 spd=13.0216 grip=10.0523 arm=lo kLo=0.999693 1-kLo=0.000306785 ld4n=4 ld4avg=0.407693 le4avg=0.473615 avIn=(-1.51739e-07,-0.0054667,-1.33384e-07)
   G7 velDir=(-0.408524,-0.000043,0.912748) w0=(-0.427634,0.000000,0.903952) w1=(-0.427634,0.000000,0.903952) w2=(-0.858823,0.000000,0.512273) w3=(-0.858823,0.000000,0.512273) steer=(255,0)
G6 l60=12.4228 m18c=1 spd=22.7292 grip=282.359 arm=lo kLo=0.991383 1-kLo=0.00861692 ld4n=4 ld4avg=0.291431 le4avg=10.6567 avIn=(3.8825e-10,-0.0307613,7.90259e-10)
   G7 velDir=(-0.639930,0.000000,0.768433) w0=(-0.427283,0.000000,0.904118) w1=(-0.427283,0.000000,0.904118) w2=(-0.858624,0.000000,0.512606) w3=(-0.858624,0.000000,0.512606) steer=(255,0)
G6 l60=25.0493 m18c=1 spd=33.697 grip=844.087 arm=lo kLo=0.974241 1-kLo=0.0257595 ld4n=4 ld4avg=0.292087 le4avg=21.44 avIn=(5.6993e-10,-0.0303052,9.05306e-10)
   G7 velDir=(-0.712990,0.000000,0.701174) w0=(-0.426672,0.000000,0.904407) w1=(-0.426672,0.000000,0.904407) w2=(-0.858277,0.000000,0.513186) w3=(-0.858277,0.000000,0.513186) steer=(255,0)
G6 l60=38.356 m18c=1 spd=45.3838 grip=1740.74 arm=lo kLo=0.946877 1-kLo=0.0531232 ld4n=4 ld4avg=0.292867 le4avg=32.7421 avIn=(9.90092e-10,-0.0296634,1.13306e-09)
   G7 velDir=(-0.747096,0.000000,0.664717) w0=(-0.425765,0.000000,0.904834) w1=(-0.425765,0.000000,0.904834) w2=(-0.857763,0.000000,0.514046) w3=(-0.857763,0.000000,0.514046) steer=(255,0)
G6 l60=52.3698 m18c=1 spd=57.7146 grip=3022.5 arm=lo kLo=0.907761 1-kLo=0.0922394 ld4n=4 ld4avg=0.293658 le4avg=44.5848 avIn=(4.42885e-09,-0.0290547,3.08837e-09)
   G7 velDir=(-0.765541,0.000000,0.643387) w0=(-0.424543,0.000000,0.905408) w1=(-0.424543,0.000000,0.905408) w2=(-0.857068,0.000000,0.515204) w3=(-0.857068,0.000000,0.515204) steer=(255,0)
G6 l60=196.479 m18c=1 spd=53.2688 grip=10466.2 arm=lo kLo=0.680597 1-kLo=0.319403 ld4n=4 ld4avg=0.907938 le4avg=54.1267 avIn=(-0.000559814,-0.0255682,-0.000375542)
   G7 velDir=(0.849725,-0.076104,0.521705) w0=(-0.426097,0.000000,0.904678) w1=(-0.426097,0.000000,0.904678) w2=(-0.857951,0.000000,0.513731) w3=(-0.857951,0.000000,0.513731) steer=(255,0)
G6 l60=88.2335 m18c=1 spd=26.3083 grip=2321.27 arm=lo kLo=0.92916 1-kLo=0.0708395 ld4n=4 ld4avg=0.767285 le4avg=28.8329 avIn=(-0.00029919,-0.0199877,-0.000241205)
   G7 velDir=(0.849580,-0.049170,0.525163) w0=(-0.427530,0.000000,0.904001) w1=(-0.427530,0.000000,0.904001) w2=(-0.858764,0.000000,0.512371) w3=(-0.858764,0.000000,0.512371) steer=(255,0)
G6 l60=20.5887 m18c=1 spd=9.45827 grip=194.734 arm=lo kLo=0.994057 1-kLo=0.00594282 ld4n=4 ld4avg=0.42125 le4avg=12.227 avIn=(-2.44577e-05,-0.00735234,-2.15813e-05)
   G7 velDir=(0.548912,-0.009684,0.835824) w0=(-0.428237,0.000000,0.903666) w1=(-0.428237,0.000000,0.903666) w2=(-0.859165,0.000000,0.511699) w3=(-0.859165,0.000000,0.511699) steer=(255,0)
G6 l60=0.704577 m18c=1 spd=13.0624 grip=9.20346 arm=lo kLo=0.999719 1-kLo=0.000280857 ld4n=4 ld4avg=0.420495 le4avg=0.419149 avIn=(-1.46322e-07,-0.00547975,-1.29346e-07)
   G7 velDir=(-0.411624,-0.000042,0.911354) w0=(-0.428492,0.000000,0.903546) w1=(-0.428492,0.000000,0.903546) w2=(-0.859309,0.000000,0.511457) w3=(-0.859309,0.000000,0.511457) steer=(255,0)
G6 l60=12.4839 m18c=1 spd=22.7812 grip=284.398 arm=lo kLo=0.991321 1-kLo=0.00867915 ld4n=4 ld4avg=0.291452 le4avg=10.7084 avIn=(3.93038e-10,-0.0307561,7.96935e-10)
   G7 velDir=(-0.641219,0.000000,0.767358) w0=(-0.428141,0.000000,0.903712) w1=(-0.428141,0.000000,0.903712) w2=(-0.859110,0.000000,0.511791) w3=(-0.859110,0.000000,0.511791) steer=(255,0)
G6 l60=25.1134 m18c=1 spd=33.7535 grip=847.664 arm=lo kLo=0.974131 1-kLo=0.0258687 ld4n=4 ld4avg=0.292091 le4avg=21.4945 avIn=(5.69246e-10,-0.0302998,9.06994e-10)
   G7 velDir=(-0.713889,0.000000,0.700259) w0=(-0.427528,0.000000,0.904002) w1=(-0.427528,0.000000,0.904002) w2=(-0.858763,0.000000,0.512373) w3=(-0.858763,0.000000,0.512373) steer=(255,0)
G6 l60=38.4239 m18c=1 spd=45.4439 grip=1746.13 arm=lo kLo=0.946712 1-kLo=0.0532877 ld4n=4 ld4avg=0.29287 le4avg=32.7996 avIn=(9.92154e-10,-0.0296574,1.13677e-09)
   G7 velDir=(-0.747848,0.000000,0.663870) w0=(-0.426620,0.000000,0.904431) w1=(-0.426620,0.000000,0.904431) w2=(-0.858248,0.000000,0.513235) w3=(-0.858248,0.000000,0.513235) steer=(255,0)
G6 l60=52.4417 m18c=1 spd=57.7782 grip=3029.99 arm=lo kLo=0.907532 1-kLo=0.0924678 ld4n=4 ld4avg=0.293662 le4avg=44.6455 avIn=(4.50264e-09,-0.0290499,3.13771e-09)
   G7 velDir=(-0.766221,0.000000,0.642577) w0=(-0.425397,0.000000,0.905007) w1=(-0.425397,0.000000,0.905007) w2=(-0.857553,0.000000,0.514395) w3=(-0.857553,0.000000,0.514395) steer=(255,0)
G6 l60=195.854 m18c=1 spd=53.1156 grip=10402.9 arm=lo kLo=0.682528 1-kLo=0.317472 ld4n=4 ld4avg=0.907488 le4avg=53.9815 avIn=(-0.000559826,-0.0255625,-0.000379142)
   G7 velDir=(0.849324,-0.076228,0.522339) w0=(-0.426952,0.000000,0.904274) w1=(-0.426952,0.000000,0.904274) w2=(-0.858436,0.000000,0.512920) w3=(-0.858436,0.000000,0.512920) steer=(255,0)
G6 l60=87.6221 m18c=1 spd=26.1584 grip=2292.06 arm=lo kLo=0.930052 1-kLo=0.069948 ld4n=4 ld4avg=0.765246 le4avg=28.7092 avIn=(-0.000296502,-0.0198664,-0.000240703)
   G7 velDir=(0.849367,-0.049091,0.525515) w0=(-0.428380,0.000000,0.903599) w1=(-0.428380,0.000000,0.903599) w2=(-0.859246,0.000000,0.511563) w3=(-0.859246,0.000000,0.511563) steer=(255,0)
G6 l60=20.4025 m18c=1 spd=9.42375 grip=192.268 arm=lo kLo=0.994132 1-kLo=0.00586754 ld4n=4 ld4avg=0.419501 le4avg=12.1667 avIn=(-2.39178e-05,-0.00731398,-2.12275e-05)
   G7 velDir=(0.543444,-0.009527,0.839391) w0=(-0.429083,0.000000,0.903265) w1=(-0.429083,0.000000,0.903265) w2=(-0.859644,0.000000,0.510894) w3=(-0.859644,0.000000,0.510894) steer=(255,0)
G6 l60=0.63806 m18c=1 spd=13.1025 grip=8.36018 arm=lo kLo=0.999745 1-kLo=0.000255108 ld4n=4 ld4avg=0.436867 le4avg=0.365402 avIn=(-1.41181e-07,-0.00550013,-1.25479e-07)
   G7 velDir=(-0.414656,-0.000040,0.909978) w0=(-0.429337,0.000000,0.903145) w1=(-0.429337,0.000000,0.903145) w2=(-0.859787,0.000000,0.510653) w3=(-0.859787,0.000000,0.510653) steer=(255,0)
G6 l60=12.544 m18c=1 spd=22.8323 grip=286.407 arm=lo kLo=0.99126 1-kLo=0.00874043 ld4n=4 ld4avg=0.291471 le4avg=10.7592 avIn=(3.97422e-10,-0.030751,8.03255e-10)
   G7 velDir=(-0.642483,0.000000,0.766300) w0=(-0.428985,0.000000,0.903312) w1=(-0.428985,0.000000,0.903312) w2=(-0.859588,0.000000,0.510988) w3=(-0.859588,0.000000,0.510988) steer=(255,0)
G6 l60=25.1763 m18c=1 spd=33.809 grip=851.185 arm=lo kLo=0.974024 1-kLo=0.0259761 ld4n=4 ld4avg=0.292095 le4avg=21.5481 avIn=(5.68568e-10,-0.0302944,9.08653e-10)
   G7 velDir=(-0.714771,0.000000,0.699358) w0=(-0.428371,0.000000,0.903603) w1=(-0.428371,0.000000,0.903603) w2=(-0.859240,0.000000,0.511572) w3=(-0.859240,0.000000,0.511572) steer=(255,0)
G6 l60=38.4906 m18c=1 spd=45.503 grip=1751.44 arm=lo kLo=0.94655 1-kLo=0.0534496 ld4n=4 ld4avg=0.292874 le4avg=32.8562 avIn=(9.94204e-10,-0.0296514,1.14044e-09)
   G7 velDir=(-0.748587,0.000000,0.663037) w0=(-0.427462,0.000000,0.904033) w1=(-0.427462,0.000000,0.904033) w2=(-0.858725,0.000000,0.512436) w3=(-0.858725,0.000000,0.512436) steer=(255,0)
G6 l60=52.5123 m18c=1 spd=57.8408 grip=3037.35 arm=lo kLo=0.907307 1-kLo=0.0926926 ld4n=4 ld4avg=0.293665 le4avg=44.7051 avIn=(4.5777e-09,-0.0290452,3.18786e-09)
   G7 velDir=(-0.766889,0.000000,0.641780) w0=(-0.426238,0.000000,0.904611) w1=(-0.426238,0.000000,0.904611) w2=(-0.858031,0.000000,0.513598) w3=(-0.858031,0.000000,0.513598) steer=(255,0)
G6 l60=195.24 m18c=1 spd=52.9651 grip=10340.9 arm=lo kLo=0.684421 1-kLo=0.315579 ld4n=4 ld4avg=0.907043 le4avg=53.8387 avIn=(-0.000559824,-0.0255566,-0.000382665)
   G7 velDir=(0.848928,-0.076349,0.522964) w0=(-0.427794,0.000000,0.903876) w1=(-0.427794,0.000000,0.903876) w2=(-0.858913,0.000000,0.512121) w3=(-0.858913,0.000000,0.512121) steer=(255,0)
G6 l60=87.024 m18c=1 spd=26.0118 grip=2263.65 arm=lo kLo=0.930919 1-kLo=0.0690812 ld4n=4 ld4avg=0.763237 le4avg=28.5881 avIn=(-0.000293876,-0.0197478,-0.000240178)
   G7 velDir=(0.849149,-0.049012,0.525874) w0=(-0.429217,0.000000,0.903201) w1=(-0.429217,0.000000,0.903201) w2=(-0.859719,0.000000,0.510767) w3=(-0.859719,0.000000,0.510767) steer=(255,0)
G6 l60=20.2212 m18c=1 spd=9.39062 grip=189.89 arm=lo kLo=0.994205 1-kLo=0.005795 ld4n=4 ld4avg=0.417805 le4avg=12.1074 avIn=(-2.33976e-05,-0.00727684,-2.08826e-05)
   G7 velDir=(0.537994,-0.009375,0.842896) w0=(-0.429916,0.000000,0.902869) w1=(-0.429916,0.000000,0.902869) w2=(-0.860114,0.000000,0.510101) w3=(-0.860114,0.000000,0.510101) steer=(255,0)
G6 l60=0.572586 m18c=1 spd=13.1416 grip=7.5247 arm=lo kLo=0.99977 1-kLo=0.000229657 ld4n=4 ld4avg=0.458415 le4avg=0.31255 avIn=(-1.36309e-07,-0.00553266,-1.21786e-07)
   G7 velDir=(-0.417609,-0.000039,0.908627) w0=(-0.430168,0.000000,0.902749) w1=(-0.430168,0.000000,0.902749) w2=(-0.860257,0.000000,0.509861) w3=(-0.860257,0.000000,0.509861) steer=(255,0)
G6 l60=12.6025 m18c=1 spd=22.8821 grip=288.373 arm=lo kLo=0.9912 1-kLo=0.00880045 ld4n=4 ld4avg=0.29149 le4avg=10.8087 avIn=(4.01418e-10,-0.0307459,8.09232e-10)
   G7 velDir=(-0.643718,0.000000,0.765263) w0=(-0.429815,0.000000,0.902917) w1=(-0.429815,0.000000,0.902917) w2=(-0.860057,0.000000,0.510197) w3=(-0.860057,0.000000,0.510197) steer=(255,0)
G6 l60=25.2377 m18c=1 spd=33.8631 grip=854.626 arm=lo kLo=0.973919 1-kLo=0.0260811 ld4n=4 ld4avg=0.292098 le4avg=21.6004 avIn=(5.67893e-10,-0.030289,9.10282e-10)
   G7 velDir=(-0.715636,0.000000,0.698473) w0=(-0.429201,0.000000,0.903209) w1=(-0.429201,0.000000,0.903209) w2=(-0.859710,0.000000,0.510783) w3=(-0.859710,0.000000,0.510783) steer=(255,0)
G6 l60=38.5556 m18c=1 spd=45.5606 grip=1756.62 arm=lo kLo=0.946392 1-kLo=0.0536077 ld4n=4 ld4avg=0.292878 le4avg=32.9113 avIn=(9.96216e-10,-0.0296455,1.14406e-09)
   G7 velDir=(-0.749313,0.000000,0.662216) w0=(-0.428290,0.000000,0.903641) w1=(-0.428290,0.000000,0.903641) w2=(-0.859195,0.000000,0.511648) w3=(-0.859195,0.000000,0.511648) steer=(255,0)
G6 l60=52.5812 m18c=1 spd=57.9018 grip=3044.54 arm=lo kLo=0.907088 1-kLo=0.0929121 ld4n=4 ld4avg=0.293669 le4avg=44.7632 avIn=(4.65345e-09,-0.0290406,3.2385e-09)
   G7 velDir=(-0.767545,0.000000,0.640995) w0=(-0.427065,0.000000,0.904221) w1=(-0.427065,0.000000,0.904221) w2=(-0.858501,0.000000,0.512813) w3=(-0.858501,0.000000,0.512813) steer=(255,0)
G6 l60=194.635 m18c=1 spd=52.8166 grip=10279.9 arm=lo kLo=0.686281 1-kLo=0.313719 ld4n=4 ld4avg=0.906603 le4avg=53.698 avIn=(-0.000559804,-0.0255504,-0.000386114)
   G7 velDir=(0.848537,-0.076468,0.523581) w0=(-0.428622,0.000000,0.903484) w1=(-0.428622,0.000000,0.903484) w2=(-0.859383,0.000000,0.511333) w3=(-0.859383,0.000000,0.511333) steer=(255,0)
G6 l60=86.4376 m18c=1 spd=25.868 grip=2235.96 arm=lo kLo=0.931764 1-kLo=0.0682362 ld4n=4 ld4avg=0.761254 le4avg=28.4692 avIn=(-0.000291302,-0.0196316,-0.000239628)
   G7 velDir=(0.848927,-0.048933,0.526240) w0=(-0.430041,0.000000,0.902809) w1=(-0.430041,0.000000,0.902809) w2=(-0.860185,0.000000,0.509982) w3=(-0.860185,0.000000,0.509982) steer=(255,0)
G6 l60=20.0444 m18c=1 spd=9.35874 grip=187.59 arm=lo kLo=0.994275 1-kLo=0.00572479 ld4n=4 ld4avg=0.416157 le4avg=12.0489 avIn=(-2.28949e-05,-0.00724079,-2.05456e-05)
   G7 velDir=(0.532553,-0.009225,0.846346) w0=(-0.430736,0.000000,0.902478) w1=(-0.430736,0.000000,0.902478) w2=(-0.860577,0.000000,0.509320) w3=(-0.860577,0.000000,0.509320) steer=(255,0)
G6 l60=0.507971 m18c=1 spd=13.1795 grip=6.69478 arm=lo kLo=0.999796 1-kLo=0.000204325 ld4n=4 ld4avg=0.488009 le4avg=0.260536 avIn=(-1.31673e-07,-0.00558728,-1.18244e-07)
   G7 velDir=(-0.420476,-0.000037,0.907304) w0=(-0.430987,0.000000,0.902358) w1=(-0.430987,0.000000,0.902358) w2=(-0.860719,0.000000,0.509080) w3=(-0.860719,0.000000,0.509080) steer=(255,0)
G6 l60=12.6593 m18c=1 spd=22.9304 grip=290.283 arm=lo kLo=0.991141 1-kLo=0.00885874 ld4n=4 ld4avg=0.291509 le4avg=10.8567 avIn=(4.05078e-10,-0.0307409,8.14907e-10)
   G7 velDir=(-0.644922,0.000000,0.764248) w0=(-0.430633,0.000000,0.902527) w1=(-0.430633,0.000000,0.902527) w2=(-0.860519,0.000000,0.509418) w3=(-0.860519,0.000000,0.509418) steer=(255,0)
G6 l60=25.2972 m18c=1 spd=33.9155 grip=857.966 arm=lo kLo=0.973817 1-kLo=0.026183 ld4n=4 ld4avg=0.292102 le4avg=21.651 avIn=(5.67211e-10,-0.0302838,9.11877e-10)
   G7 velDir=(-0.716483,0.000000,0.697604) w0=(-0.430018,0.000000,0.902820) w1=(-0.430018,0.000000,0.902820) w2=(-0.860172,0.000000,0.510005) w3=(-0.860172,0.000000,0.510005) steer=(255,0)
G6 l60=38.6186 m18c=1 spd=45.6164 grip=1761.64 arm=lo kLo=0.946239 1-kLo=0.0537611 ld4n=4 ld4avg=0.292881 le4avg=32.9647 avIn=(9.98152e-10,-0.0296398,1.1476e-09)
   G7 velDir=(-0.750024,0.000000,0.661410) w0=(-0.429107,0.000000,0.903254) w1=(-0.429107,0.000000,0.903254) w2=(-0.859657,0.000000,0.510872) w3=(-0.859657,0.000000,0.510872) steer=(255,0)
G6 l60=181.325 m18c=1 spd=49.9117 grip=9050.22 arm=lo kLo=0.723809 1-kLo=0.276191 ld4n=4 ld4avg=0.881682 le4avg=51.4306 avIn=(-0.000464855,-0.0244676,-0.00037683)
   G7 velDir=(0.866443,-0.064106,0.495143) w0=(-0.429106,0.000000,0.903254) w1=(-0.429106,0.000000,0.903254) w2=(-0.859657,0.000000,0.510872) w3=(-0.859657,0.000000,0.510872) steer=(255,0)
G6 l60=75.9282 m18c=1 spd=23.5982 grip=1791.77 arm=lo kLo=0.94532 1-kLo=0.0546803 ld4n=4 ld4avg=0.696274 le4avg=27.3305 avIn=(-0.000203699,-0.017323,-0.000188122)
   G7 velDir=(0.879674,-0.037412,0.474103) w0=(-0.430447,0.000000,0.902616) w1=(-0.430447,0.000000,0.902616) w2=(-0.860414,0.000000,0.509595) w3=(-0.860414,0.000000,0.509595) steer=(255,0)
G6 l60=18.4815 m18c=1 spd=8.91482 grip=164.76 arm=lo kLo=0.994972 1-kLo=0.00502807 ld4n=4 ld4avg=0.378567 le4avg=12.209 avIn=(-1.28085e-05,-0.00677809,-1.26889e-05)
   G7 velDir=(0.552455,-0.005413,0.833525) w0=(-0.431081,0.000000,0.902313) w1=(-0.431081,0.000000,0.902313) w2=(-0.860772,0.000000,0.508991) w3=(-0.860772,0.000000,0.508991) steer=(255,0)
G6 l60=0.708238 m18c=1 spd=13.0266 grip=9.22591 arm=lo kLo=0.999718 1-kLo=0.000281572 ld4n=4 ld4avg=0.385596 le4avg=0.459341 avIn=(-6.48997e-08,-0.00542075,-6.43591e-08)
   G7 velDir=(-0.413554,-0.000019,0.910480) w0=(-0.431320,0.000000,0.902199) w1=(-0.431320,0.000000,0.902199) w2=(-0.860907,0.000000,0.508763) w3=(-0.860907,0.000000,0.508763) steer=(255,0)
G6 l60=12.4407 m18c=1 spd=22.7455 grip=282.97 arm=lo kLo=0.991364 1-kLo=0.00863558 ld4n=4 ld4avg=0.29145 le4avg=10.6714 avIn=(4.13183e-10,-0.0307489,8.22548e-10)
   G7 velDir=(-0.643230,0.000000,0.765673) w0=(-0.430970,0.000000,0.902366) w1=(-0.430970,0.000000,0.902366) w2=(-0.860710,0.000000,0.509096) w3=(-0.860710,0.000000,0.509096) steer=(255,0)
G6 l60=25.0693 m18c=1 spd=33.7161 grip=845.237 arm=lo kLo=0.974205 1-kLo=0.0257946 ld4n=4 ld4avg=0.292088 le4avg=21.457 avIn=(5.62877e-10,-0.0302928,9.10403e-10)
   G7 velDir=(-0.715919,0.000000,0.698183) w0=(-0.430360,0.000000,0.902658) w1=(-0.430360,0.000000,0.902658) w2=(-0.860365,0.000000,0.509679) w3=(-0.860365,0.000000,0.509679) steer=(255,0)
G6 l60=38.3788 m18c=1 spd=45.4055 grip=1742.61 arm=lo kLo=0.94682 1-kLo=0.0531802 ld4n=4 ld4avg=0.292867 le4avg=32.7615 avIn=(9.83384e-10,-0.0296507,1.14035e-09)
   G7 velDir=(-0.749842,0.000000,0.661616) w0=(-0.429454,0.000000,0.903089) w1=(-0.429454,0.000000,0.903089) w2=(-0.859853,0.000000,0.510541) w3=(-0.859853,0.000000,0.510541) steer=(255,0)
G6 l60=180.896 m18c=1 spd=49.8143 grip=9011.2 arm=lo kLo=0.725 1-kLo=0.275 ld4n=4 ld4avg=0.880987 le4avg=51.3493 avIn=(-0.000462953,-0.0244433,-0.000377043)
   G7 velDir=(0.866661,-0.063898,0.494788) w0=(-0.429454,0.000000,0.903089) w1=(-0.429454,0.000000,0.903089) w2=(-0.859853,0.000000,0.510541) w3=(-0.859853,0.000000,0.510541) steer=(255,0)
G6 l60=75.5937 m18c=1 spd=23.5224 grip=1778.15 arm=lo kLo=0.945735 1-kLo=0.0542648 ld4n=4 ld4avg=0.694391 le4avg=27.2836 avIn=(-0.000201685,-0.0172527,-0.000186927)
   G7 velDir=(0.880152,-0.037176,0.473233) w0=(-0.430792,0.000000,0.902451) w1=(-0.430792,0.000000,0.902451) w2=(-0.860609,0.000000,0.509267) w3=(-0.860609,0.000000,0.509267) steer=(255,0)
G6 l60=18.418 m18c=1 spd=8.90114 grip=163.941 arm=lo kLo=0.994997 1-kLo=0.00500309 ld4n=4 ld4avg=0.377645 le4avg=12.1967 avIn=(-1.25829e-05,-0.00676318,-1.2504e-05)
   G7 velDir=(0.551192,-0.005329,0.834361) w0=(-0.431423,0.000000,0.902150) w1=(-0.431423,0.000000,0.902150) w2=(-0.860965,0.000000,0.508664) w3=(-0.860965,0.000000,0.508664) steer=(255,0)
G6 l60=0.69455 m18c=1 spd=13.0347 grip=9.05323 arm=lo kLo=0.999724 1-kLo=0.000276268 ld4n=4 ld4avg=0.387225 le4avg=0.448573 avIn=(-6.34325e-08,-0.00542104,-6.30942e-08)
   G7 velDir=(-0.414349,-0.000018,0.910118) w0=(-0.431662,0.000000,0.902035) w1=(-0.431662,0.000000,0.902035) w2=(-0.861100,0.000000,0.508436) w3=(-0.861100,0.000000,0.508436) steer=(255,0)
G6 l60=12.4529 m18c=1 spd=22.7559 grip=283.378 arm=lo kLo=0.991352 1-kLo=0.00864804 ld4n=4 ld4avg=0.291454 le4avg=10.6818 avIn=(4.13401e-10,-0.0307473,8.23783e-10)
   G7 velDir=(-0.643632,0.000000,0.765335) w0=(-0.431312,0.000000,0.902203) w1=(-0.431312,0.000000,0.902203) w2=(-0.860903,0.000000,0.508770) w3=(-0.860903,0.000000,0.508770) steer=(255,0)
G6 l60=25.0821 m18c=1 spd=33.7275 grip=845.958 arm=lo kLo=0.974183 1-kLo=0.0258166 ld4n=4 ld4avg=0.292089 le4avg=21.4679 avIn=(5.62375e-10,-0.0302911,9.10947e-10)
   G7 velDir=(-0.716230,0.000000,0.697864) w0=(-0.430702,0.000000,0.902494) w1=(-0.430702,0.000000,0.902494) w2=(-0.860558,0.000000,0.509353) w3=(-0.860558,0.000000,0.509353) steer=(255,0)
G6 l60=38.3925 m18c=1 spd=45.4177 grip=1743.7 arm=lo kLo=0.946787 1-kLo=0.0532135 ld4n=4 ld4avg=0.292868 le4avg=32.7731 avIn=(9.83431e-10,-0.029649,1.1414e-09)
   G7 velDir=(-0.750118,0.000000,0.661304) w0=(-0.429796,0.000000,0.902926) w1=(-0.429796,0.000000,0.902926) w2=(-0.860046,0.000000,0.510216) w3=(-0.860046,0.000000,0.510216) steer=(255,0)
G6 l60=180.526 m18c=1 spd=49.7373 grip=8978.88 arm=lo kLo=0.725986 1-kLo=0.274014 ld4n=4 ld4avg=0.880115 le4avg=51.2951 avIn=(-0.000462653,-0.0244337,-0.000379158)
   G7 velDir=(0.866424,-0.063959,0.495195) w0=(-0.431015,0.000000,0.902345) w1=(-0.431015,0.000000,0.902345) w2=(-0.860735,0.000000,0.509053) w3=(-0.860735,0.000000,0.509053) steer=(255,0)
G6 l60=75.3361 m18c=1 spd=23.4709 grip=1768.21 arm=lo kLo=0.946039 1-kLo=0.0539614 ld4n=4 ld4avg=0.692415 le4avg=27.2679 avIn=(-0.000200573,-0.0171966,-0.000186975)
   G7 velDir=(0.880342,-0.037102,0.472887) w0=(-0.432350,0.000000,0.901706) w1=(-0.432350,0.000000,0.901706) w2=(-0.861487,0.000000,0.507779) w3=(-0.861487,0.000000,0.507779) steer=(255,0)
G6 l60=18.3977 m18c=1 spd=8.89258 grip=163.603 arm=lo kLo=0.995007 1-kLo=0.00499278 ld4n=4 ld4avg=0.376762 le4avg=12.2118 avIn=(-1.24413e-05,-0.00674945,-1.24322e-05)
   G7 velDir=(0.551168,-0.005282,0.834378) w0=(-0.432980,0.000000,0.901404) w1=(-0.432980,0.000000,0.901404) w2=(-0.861842,0.000000,0.507178) w3=(-0.861842,0.000000,0.507178) steer=(255,0)
G6 l60=0.711034 m18c=1 spd=13.0241 grip=9.26056 arm=lo kLo=0.999717 1-kLo=0.000282586 ld4n=4 ld4avg=0.383946 le4avg=0.463131 avIn=(-6.26025e-08,-0.00541268,-6.2618e-08)
   G7 velDir=(-0.415367,-0.000018,0.909654) w0=(-0.433218,0.000000,0.901289) w1=(-0.433218,0.000000,0.901289) w2=(-0.861976,0.000000,0.506949) w3=(-0.861976,0.000000,0.506949) steer=(255,0)
G6 l60=12.4373 m18c=1 spd=22.7434 grip=282.867 arm=lo kLo=0.991368 1-kLo=0.00863242 ld4n=4 ld4avg=0.291449 le4avg=10.6686 avIn=(4.0992e-10,-0.0307429,8.25147e-10)
   G7 velDir=(-0.644812,0.000000,0.764341) w0=(-0.432869,0.000000,0.901457) w1=(-0.432869,0.000000,0.901457) w2=(-0.861779,0.000000,0.507283) w3=(-0.861779,0.000000,0.507283) steer=(255,0)
G6 l60=25.0666 m18c=1 spd=33.7146 grip=845.111 arm=lo kLo=0.974209 1-kLo=0.0257908 ld4n=4 ld4avg=0.292088 le4avg=21.4547 avIn=(5.58838e-10,-0.0302868,9.12725e-10)
   G7 velDir=(-0.717377,0.000000,0.696685) w0=(-0.432259,0.000000,0.901750) w1=(-0.432259,0.000000,0.901750) w2=(-0.861436,0.000000,0.507866) w3=(-0.861436,0.000000,0.507866) steer=(255,0)
G6 l60=38.3769 m18c=1 spd=45.4047 grip=1742.49 arm=lo kLo=0.946823 1-kLo=0.0531766 ld4n=4 ld4avg=0.292867 le4avg=32.7599 avIn=(9.79118e-10,-0.0296448,1.14364e-09)
   G7 velDir=(-0.751230,0.000000,0.660041) w0=(-0.431354,0.000000,0.902183) w1=(-0.431354,0.000000,0.902183) w2=(-0.860926,0.000000,0.508730) w3=(-0.860926,0.000000,0.508730) steer=(255,0)
G6 l60=52.3944 m18c=1 spd=57.7389 grip=3025.2 arm=lo kLo=0.907678 1-kLo=0.0923218 ld4n=4 ld4avg=0.293658 le4avg=44.6059 avIn=(4.46463e-09,-0.029037,3.15438e-09)
   G7 velDir=(-0.769530,0.000000,0.638611) w0=(-0.430135,0.000000,0.902764) w1=(-0.430135,0.000000,0.902764) w2=(-0.860238,0.000000,0.509893) w3=(-0.860238,0.000000,0.509893) steer=(255,0)
G6 l60=191.969 m18c=1 spd=52.1723 grip=10015.4 arm=lo kLo=0.694353 1-kLo=0.305647 ld4n=4 ld4avg=0.904252 le4avg=53.1004 avIn=(-0.000556776,-0.0254878,-0.000398954)
   G7 velDir=(0.847606,-0.076543,0.525076) w0=(-0.431685,0.000000,0.902024) w1=(-0.431685,0.000000,0.902024) w2=(-0.861113,0.000000,0.508414) w3=(-0.861113,0.000000,0.508414) steer=(255,0)
G6 l60=83.936 m18c=1 spd=25.2616 grip=2120.36 arm=lo kLo=0.935292 1-kLo=0.0647081 ld4n=4 ld4avg=0.751875 le4avg=27.9891 avIn=(-0.000278925,-0.019127,-0.000235792)
   G7 velDir=(0.848979,-0.048270,0.526218) w0=(-0.433085,0.000000,0.901353) w1=(-0.433085,0.000000,0.901353) w2=(-0.861901,0.000000,0.507077) w3=(-0.861901,0.000000,0.507077) steer=(255,0)
G6 l60=19.3422 m18c=1 spd=9.23091 grip=178.546 arm=lo kLo=0.994551 1-kLo=0.00544882 ld4n=4 ld4avg=0.408905 le4avg=11.8323 avIn=(-2.07397e-05,-0.00709464,-1.9043e-05)
   G7 velDir=(0.512067,-0.008544,0.858903) w0=(-0.433762,0.000000,0.901027) w1=(-0.433762,0.000000,0.901027) w2=(-0.862282,0.000000,0.506429) w3=(-0.862282,0.000000,0.506429) steer=(255,0)
G6 l60=0.270421 m18c=1 spd=13.2601 grip=3.58582 arm=lo kLo=0.999891 1-kLo=0.000109434 ld4n=4 ld4avg=0.861277 le4avg=0.0788828 avIn=(-1.13186e-07,-0.00755499,-1.03831e-07)
   G7 velDir=(-0.427900,-0.000032,0.903826) w0=(-0.433515,0.000000,0.901146) w1=(-0.433515,0.000000,0.901146) w2=(-0.862143,0.000000,0.506666) w3=(-0.862143,0.000000,0.506666) steer=(255,0)
G6 l60=12.7868 m18c=1 spd=23.0382 grip=294.585 arm=lo kLo=0.99101 1-kLo=0.00899005 ld4n=4 ld4avg=0.291576 le4avg=10.9635 avIn=(4.17239e-10,-0.030727,8.33612e-10)
   G7 velDir=(-0.648196,0.000000,0.761473) w0=(-0.433159,0.000000,0.901317) w1=(-0.433159,0.000000,0.901317) w2=(-0.861943,0.000000,0.507006) w3=(-0.861943,0.000000,0.507006) steer=(255,0)
G6 l60=25.4299 m18c=1 spd=34.0329 grip=865.454 arm=lo kLo=0.973588 1-kLo=0.0264115 ld4n=4 ld4avg=0.292109 le4avg=21.7641 avIn=(5.64281e-10,-0.0302699,9.16373e-10)
   G7 velDir=(-0.718908,0.000000,0.695106) w0=(-0.432541,0.000000,0.901614) w1=(-0.432541,0.000000,0.901614) w2=(-0.861595,0.000000,0.507597) w3=(-0.861595,0.000000,0.507597) steer=(255,0)
G6 l60=38.7597 m18c=1 spd=45.7417 grip=1772.93 arm=lo kLo=0.945894 1-kLo=0.0541056 ld4n=4 ld4avg=0.292889 le4avg=33.0842 avIn=(1.00107e-09,-0.0296246,1.15687e-09)
   G7 velDir=(-0.752122,0.000000,0.659024) w0=(-0.431628,0.000000,0.902052) w1=(-0.431628,0.000000,0.902052) w2=(-0.861081,0.000000,0.508469) w3=(-0.861081,0.000000,0.508469) steer=(255,0)
G6 l60=52.7977 m18c=1 spd=58.0938 grip=3067.21 arm=lo kLo=0.906396 1-kLo=0.093604 ld4n=4 ld4avg=0.29368 le4avg=44.9457 avIn=(4.91165e-09,-0.0290239,3.41715e-09)
   G7 velDir=(-0.770122,0.000000,0.637897) w0=(-0.430400,0.000000,0.902638) w1=(-0.430400,0.000000,0.902638) w2=(-0.860388,0.000000,0.509640) w3=(-0.860388,0.000000,0.509640) steer=(255,0)
G6 l60=192.142 m18c=1 spd=52.2063 grip=10031 arm=lo kLo=0.693877 1-kLo=0.306123 ld4n=4 ld4avg=0.904723 le4avg=53.121 avIn=(-0.000559199,-0.0255171,-0.000399834)
   G7 velDir=(0.847013,-0.076898,0.525981) w0=(-0.431960,0.000000,0.901893) w1=(-0.431960,0.000000,0.901893) w2=(-0.861267,0.000000,0.508152) w3=(-0.861267,0.000000,0.508152) steer=(255,0)
G6 l60=84.0594 m18c=1 spd=25.2846 grip=2125.41 arm=lo kLo=0.935138 1-kLo=0.0648624 ld4n=4 ld4avg=0.752964 le4avg=27.9899 avIn=(-0.000280694,-0.0191587,-0.000236944)
   G7 velDir=(0.848071,-0.048557,0.527654) w0=(-0.433360,0.000000,0.901221) w1=(-0.433360,0.000000,0.901221) w2=(-0.862055,0.000000,0.506814) w3=(-0.862055,0.000000,0.506814) steer=(255,0)
G6 l60=19.3413 m18c=1 spd=9.23598 grip=178.636 arm=lo kLo=0.994548 1-kLo=0.0054515 ld4n=4 ld4avg=0.409571 le4avg=11.8125 avIn=(-2.09183e-05,-0.00709864,-1.91832e-05)
   G7 velDir=(0.509965,-0.008618,0.860152) w0=(-0.434038,0.000000,0.900895) w1=(-0.434038,0.000000,0.900895) w2=(-0.862436,0.000000,0.506165) w3=(-0.862436,0.000000,0.506165) steer=(255,0)
G6 l60=0.248008 m18c=1 spd=13.239 grip=3.28338 arm=lo kLo=0.9999 1-kLo=0.000100195 ld4n=4 ld4avg=0.959345 le4avg=0.0649783 avIn=(-1.14145e-07,-0.00897728,-1.04544e-07)
   G7 velDir=(-0.427152,-0.000033,0.904180) w0=(-0.433790,0.000000,0.901014) w1=(-0.433790,0.000000,0.901014) w2=(-0.862297,0.000000,0.506402) w3=(-0.862297,0.000000,0.506402) steer=(255,0)
G6 l60=12.7568 m18c=1 spd=23.0124 grip=293.565 arm=lo kLo=0.991041 1-kLo=0.00895888 ld4n=4 ld4avg=0.291582 le4avg=10.9376 avIn=(4.17599e-10,-0.0307271,8.34916e-10)
   G7 velDir=(-0.648164,0.000000,0.761501) w0=(-0.433435,0.000000,0.901185) w1=(-0.433435,0.000000,0.901185) w2=(-0.862098,0.000000,0.506742) w3=(-0.862098,0.000000,0.506742) steer=(255,0)
G6 l60=25.3982 m18c=1 spd=34.0052 grip=863.669 arm=lo kLo=0.973643 1-kLo=0.0263571 ld4n=4 ld4avg=0.292108 le4avg=21.737 avIn=(5.63177e-10,-0.0302704,9.16441e-10)
   G7 velDir=(-0.719007,0.000000,0.695002) w0=(-0.432818,0.000000,0.901481) w1=(-0.432818,0.000000,0.901481) w2=(-0.861751,0.000000,0.507332) w3=(-0.861751,0.000000,0.507332) steer=(255,0)
G6 l60=38.7264 m18c=1 spd=45.7125 grip=1770.28 arm=lo kLo=0.945975 1-kLo=0.0540246 ld4n=4 ld4avg=0.292887 le4avg=33.056 avIn=(9.98456e-10,-0.0296254,1.15624e-09)
   G7 velDir=(-0.752265,0.000000,0.658860) w0=(-0.431906,0.000000,0.901919) w1=(-0.431906,0.000000,0.901919) w2=(-0.861237,0.000000,0.508204) w3=(-0.861237,0.000000,0.508204) steer=(255,0)
G6 l60=179.281 m18c=1 spd=49.4069 grip=8857.75 arm=lo kLo=0.729683 1-kLo=0.270317 ld4n=4 ld4avg=0.879922 le4avg=50.953 avIn=(-0.000463805,-0.0244049,-0.0003844)
   G7 velDir=(0.865193,-0.064393,0.497288) w0=(-0.431906,0.000000,0.901919) w1=(-0.431906,0.000000,0.901919) w2=(-0.861237,0.000000,0.508204) w3=(-0.861237,0.000000,0.508204) steer=(255,0)
G6 l60=74.171 m18c=1 spd=23.1586 grip=1717.7 arm=lo kLo=0.94758 1-kLo=0.05242 ld4n=4 ld4avg=0.689339 le4avg=26.9656 avIn=(-0.000197216,-0.0169702,-0.00018521)
   G7 velDir=(0.878671,-0.037099,0.475984) w0=(-0.433231,0.000000,0.901283) w1=(-0.433231,0.000000,0.901283) w2=(-0.861983,0.000000,0.506937) w3=(-0.861983,0.000000,0.506937) steer=(255,0)
G6 l60=17.9809 m18c=1 spd=8.83449 grip=158.852 arm=lo kLo=0.995152 1-kLo=0.00484776 ld4n=4 ld4avg=0.374825 le4avg=11.9966 avIn=(-1.18632e-05,-0.00668783,-1.19207e-05)
   G7 velDir=(0.531390,-0.005096,0.847112) w0=(-0.433852,0.000000,0.900984) w1=(-0.433852,0.000000,0.900984) w2=(-0.862332,0.000000,0.506343) w3=(-0.862332,0.000000,0.506343) steer=(255,0)
G6 l60=0.470028 m18c=1 spd=13.1744 grip=6.19231 arm=lo kLo=0.999811 1-kLo=0.000188947 ld4n=4 ld4avg=0.448151 le4avg=0.262416 avIn=(-5.78098e-08,-0.00549375,-5.80922e-08)
   G7 velDir=(-0.424192,-0.000017,0.905572) w0=(-0.434089,0.000000,0.900870) w1=(-0.434089,0.000000,0.900870) w2=(-0.862465,0.000000,0.506116) w3=(-0.862465,0.000000,0.506116) steer=(255,0)
G6 l60=12.6606 m18c=1 spd=22.9324 grip=290.338 arm=lo kLo=0.99114 1-kLo=0.00886041 ld4n=4 ld4avg=0.29152 le4avg=10.8574 avIn=(4.17065e-10,-0.0307308,8.34634e-10)
   G7 velDir=(-0.647562,0.000000,0.762013) w0=(-0.433736,0.000000,0.901040) w1=(-0.433736,0.000000,0.901040) w2=(-0.862267,0.000000,0.506454) w3=(-0.862267,0.000000,0.506454) steer=(255,0)
G6 l60=25.2995 m18c=1 spd=33.919 grip=858.133 arm=lo kLo=0.973812 1-kLo=0.0261881 ld4n=4 ld4avg=0.292102 le4avg=21.6531 avIn=(5.6091e-10,-0.0302737,9.15928e-10)
   G7 velDir=(-0.718887,0.000000,0.695127) w0=(-0.433121,0.000000,0.901336) w1=(-0.433121,0.000000,0.901336) w2=(-0.861921,0.000000,0.507043) w3=(-0.861921,0.000000,0.507043) steer=(255,0)
G6 l60=38.6226 m18c=1 spd=45.6213 grip=1762.02 arm=lo kLo=0.946228 1-kLo=0.0537724 ld4n=4 ld4avg=0.292881 le4avg=32.9681 avIn=(9.91596e-10,-0.0296296,1.15328e-09)
   G7 velDir=(-0.752301,0.000000,0.658819) w0=(-0.432211,0.000000,0.901772) w1=(-0.432211,0.000000,0.901772) w2=(-0.861409,0.000000,0.507912) w3=(-0.861409,0.000000,0.507912) steer=(255,0)
G6 l60=178.98 m18c=1 spd=49.3363 grip=8830.22 arm=lo kLo=0.730523 1-kLo=0.269477 ld4n=4 ld4avg=0.879512 le4avg=50.891 avIn=(-0.000462877,-0.02439,-0.000384837)
   G7 velDir=(0.865224,-0.064313,0.497244) w0=(-0.432211,0.000000,0.901772) w1=(-0.432211,0.000000,0.901772) w2=(-0.861409,0.000000,0.507912) w3=(-0.861409,0.000000,0.507912) steer=(255,0)
G6 l60=73.931 m18c=1 spd=23.102 grip=1707.95 arm=lo kLo=0.947877 1-kLo=0.0521226 ld4n=4 ld4avg=0.688123 le4avg=26.9257 avIn=(-0.00019599,-0.0169205,-0.000184505)
   G7 velDir=(0.878825,-0.036976,0.475710) w0=(-0.433534,0.000000,0.901137) w1=(-0.433534,0.000000,0.901137) w2=(-0.862153,0.000000,0.506647) w3=(-0.862153,0.000000,0.506647) steer=(255,0)
G6 l60=17.9271 m18c=1 spd=8.82472 grip=158.202 arm=lo kLo=0.995172 1-kLo=0.00482792 ld4n=4 ld4avg=0.374235 le4avg=11.9796 avIn=(-1.17201e-05,-0.00667679,-1.18015e-05)
   G7 velDir=(0.529631,-0.005043,0.848213) w0=(-0.434153,0.000000,0.900839) w1=(-0.434153,0.000000,0.900839) w2=(-0.862501,0.000000,0.506055) w3=(-0.862501,0.000000,0.506055) steer=(255,0)
G6 l60=0.450995 m18c=1 spd=13.1857 grip=5.94668 arm=lo kLo=0.999819 1-kLo=0.000181496 ld4n=4 ld4avg=0.456939 le4avg=0.246966 avIn=(-5.68679e-08,-0.00550785,-5.72601e-08)
   G7 velDir=(-0.425097,-0.000016,0.905148) w0=(-0.434390,0.000000,0.900725) w1=(-0.434390,0.000000,0.900725) w2=(-0.862634,0.000000,0.505828) w3=(-0.862634,0.000000,0.505828) steer=(255,0)
G6 l60=12.6775 m18c=1 spd=22.9469 grip=290.909 arm=lo kLo=0.991122 1-kLo=0.00887781 ld4n=4 ld4avg=0.291525 le4avg=10.8717 avIn=(4.17224e-10,-0.0307291,8.35702e-10)
   G7 velDir=(-0.647968,0.000000,0.761667) w0=(-0.434036,0.000000,0.900895) w1=(-0.434036,0.000000,0.900895) w2=(-0.862436,0.000000,0.506166) w3=(-0.862436,0.000000,0.506166) steer=(255,0)
G6 l60=25.3173 m18c=1 spd=33.9346 grip=859.133 arm=lo kLo=0.973781 1-kLo=0.0262187 ld4n=4 ld4avg=0.292103 le4avg=21.6682 avIn=(5.60574e-10,-0.030272,9.16463e-10)
   G7 velDir=(-0.719183,0.000000,0.694821) w0=(-0.433421,0.000000,0.901191) w1=(-0.433421,0.000000,0.901191) w2=(-0.862090,0.000000,0.506755) w3=(-0.862090,0.000000,0.506755) steer=(255,0)
G6 l60=38.6415 m18c=1 spd=45.6381 grip=1763.52 arm=lo kLo=0.946182 1-kLo=0.0538184 ld4n=4 ld4avg=0.292882 le4avg=32.9841 avIn=(9.92056e-10,-0.0296277,1.15444e-09)
   G7 velDir=(-0.752555,0.000000,0.658530) w0=(-0.432511,0.000000,0.901628) w1=(-0.432511,0.000000,0.901628) w2=(-0.861578,0.000000,0.507625) w3=(-0.861578,0.000000,0.507625) steer=(255,0)
G6 l60=178.646 m18c=1 spd=49.2678 grip=8801.49 arm=lo kLo=0.7314 1-kLo=0.2686 ld4n=4 ld4avg=0.878672 le4avg=50.8446 avIn=(-0.000462618,-0.024381,-0.000386775)
   G7 velDir=(0.864991,-0.064377,0.497641) w0=(-0.433735,0.000000,0.901040) w1=(-0.433735,0.000000,0.901040) w2=(-0.862266,0.000000,0.506455) w3=(-0.862266,0.000000,0.506455) steer=(255,0)
G6 l60=73.7074 m18c=1 spd=23.0585 grip=1699.58 arm=lo kLo=0.948133 1-kLo=0.0518671 ld4n=4 ld4avg=0.68628 le4avg=26.9161 avIn=(-0.000195023,-0.0168711,-0.000184576)
   G7 velDir=(0.879004,-0.036910,0.475384) w0=(-0.435055,0.000000,0.900404) w1=(-0.435055,0.000000,0.900404) w2=(-0.863008,0.000000,0.505191) w3=(-0.863008,0.000000,0.505191) steer=(255,0)
G6 l60=17.9158 m18c=1 spd=8.81758 grip=157.974 arm=lo kLo=0.995179 1-kLo=0.004821 ld4n=4 ld4avg=0.373453 le4avg=11.997 avIn=(-1.16033e-05,-0.00666485,-1.17446e-05)
   G7 velDir=(0.529828,-0.005004,0.848090) w0=(-0.435673,0.000000,0.900105) w1=(-0.435673,0.000000,0.900105) w2=(-0.863354,0.000000,0.504598) w3=(-0.863354,0.000000,0.504598) steer=(255,0)
G6 l60=0.470033 m18c=1 spd=13.1741 grip=6.19225 arm=lo kLo=0.999811 1-kLo=0.000188947 ld4n=4 ld4avg=0.446412 le4avg=0.263437 avIn=(-5.62343e-08,-0.00548465,-5.69199e-08)
   G7 velDir=(-0.426024,-0.000016,0.904712) w0=(-0.435909,0.000000,0.899991) w1=(-0.435909,0.000000,0.899991) w2=(-0.863486,0.000000,0.504372) w3=(-0.863486,0.000000,0.504372) steer=(255,0)
G6 l60=12.6603 m18c=1 spd=22.933 grip=290.339 arm=lo kLo=0.99114 1-kLo=0.00886041 ld4n=4 ld4avg=0.291519 le4avg=10.8572 avIn=(4.13632e-10,-0.0307249,8.36878e-10)
   G7 velDir=(-0.649101,0.000000,0.760702) w0=(-0.435556,0.000000,0.900162) w1=(-0.435556,0.000000,0.900162) w2=(-0.863289,0.000000,0.504710) w3=(-0.863289,0.000000,0.504710) steer=(255,0)
G6 l60=25.3001 m18c=1 spd=33.9203 grip=858.187 arm=lo kLo=0.97381 1-kLo=0.0261898 ld4n=4 ld4avg=0.292101 le4avg=21.6536 avIn=(5.57063e-10,-0.0302678,9.18163e-10)
   G7 velDir=(-0.720293,0.000000,0.693670) w0=(-0.434942,0.000000,0.900459) w1=(-0.434942,0.000000,0.900459) w2=(-0.862944,0.000000,0.505299) w3=(-0.862944,0.000000,0.505299) steer=(255,0)
G6 l60=38.6241 m18c=1 spd=45.6235 grip=1762.17 arm=lo kLo=0.946223 1-kLo=0.0537771 ld4n=4 ld4avg=0.292881 le4avg=32.9695 avIn=(9.87671e-10,-0.0296236,1.15655e-09)
   G7 velDir=(-0.753634,0.000000,0.657295) w0=(-0.434033,0.000000,0.900897) w1=(-0.434033,0.000000,0.900897) w2=(-0.862434,0.000000,0.506170) w3=(-0.862434,0.000000,0.506170) steer=(255,0)
G6 l60=52.6561 m18c=1 spd=57.9704 grip=3052.49 arm=lo kLo=0.906845 1-kLo=0.0931547 ld4n=4 ld4avg=0.293672 le4avg=44.8265 avIn=(4.75245e-09,-0.0290206,3.34509e-09)
   G7 velDir=(-0.771681,0.000000,0.636010) w0=(-0.432810,0.000000,0.901485) w1=(-0.432810,0.000000,0.901485) w2=(-0.861746,0.000000,0.507340) w3=(-0.861746,0.000000,0.507340) steer=(255,0)
G6 l60=190.063 m18c=1 spd=51.7031 grip=9826.83 arm=lo kLo=0.700109 1-kLo=0.299891 ld4n=4 ld4avg=0.902875 le4avg=52.6539 avIn=(-0.000556713,-0.0254643,-0.000409579)
   G7 velDir=(0.846250,-0.076961,0.527198) w0=(-0.434364,0.000000,0.900738) w1=(-0.434364,0.000000,0.900738) w2=(-0.862620,0.000000,0.505853) w3=(-0.862620,0.000000,0.505853) steer=(255,0)
G6 l60=82.1425 m18c=1 spd=24.8187 grip=2038.67 arm=lo kLo=0.937785 1-kLo=0.0622153 ld4n=4 ld4avg=0.745613 le4avg=27.6204 avIn=(-0.00027127,-0.0187718,-0.000233706)
   G7 velDir=(0.847987,-0.048033,0.527836) w0=(-0.435749,0.000000,0.900068) w1=(-0.435749,0.000000,0.900068) w2=(-0.863397,0.000000,0.504526) w3=(-0.863397,0.000000,0.504526) steer=(255,0)
G6 l60=18.8117 m18c=1 spd=9.14492 grip=172.031 arm=lo kLo=0.99475 1-kLo=0.00524998 ld4n=4 ld4avg=0.404196 le4avg=11.6414 avIn=(-1.93551e-05,-0.00699056,-1.80574e-05)
   G7 velDir=(0.493081,-0.008107,0.869946) w0=(-0.436413,0.000000,0.899746) w1=(-0.436413,0.000000,0.899746) w2=(-0.863769,0.000000,0.503888) w3=(-0.863769,0.000000,0.503888) steer=(255,0)
G6 l60=0.153239 m18c=1 spd=12.7017 grip=1.9464 arm=lo kLo=0.999941 1-kLo=5.94258e-05 ld4n=4 ld4avg=0.309318 le4avg=0.123581 avIn=(-1.01265e-07,-0.0301217,-9.39483e-08)
   G7 velDir=(-0.420910,-0.000031,0.907102) w0=(-0.436168,0.000000,0.899865) w1=(-0.436168,0.000000,0.899865) w2=(-0.863632,0.000000,0.504123) w3=(-0.863632,0.000000,0.504123) steer=(255,0)
G6 l60=12.1595 m18c=1 spd=22.5008 grip=273.597 arm=lo kLo=0.99165 1-kLo=0.00834954 ld4n=4 ld4avg=0.291592 le4avg=10.4251 avIn=(4.15694e-10,-0.0307399,8.42008e-10)
   G7 velDir=(-0.644755,0.000000,0.764389) w0=(-0.435828,0.000000,0.900030) w1=(-0.435828,0.000000,0.900030) w2=(-0.863441,0.000000,0.504449) w3=(-0.863441,0.000000,0.504449) steer=(255,0)
G6 l60=24.7683 m18c=1 spd=33.4548 grip=828.618 arm=lo kLo=0.974713 1-kLo=0.0252874 ld4n=4 ld4avg=0.29207 le4avg=21.2007 avIn=(5.47938e-10,-0.0302903,9.13925e-10)
   G7 velDir=(-0.718571,0.000000,0.695454) w0=(-0.435226,0.000000,0.900321) w1=(-0.435226,0.000000,0.900321) w2=(-0.863104,0.000000,0.505027) w3=(-0.863104,0.000000,0.505027) steer=(255,0)
G6 l60=38.0641 m18c=1 spd=45.1309 grip=1717.87 arm=lo kLo=0.947575 1-kLo=0.0524251 ld4n=4 ld4avg=0.292848 le4avg=32.495 avIn=(9.54889e-10,-0.0296508,1.13881e-09)
   G7 velDir=(-0.752830,0.000000,0.658215) w0=(-0.434330,0.000000,0.900754) w1=(-0.434330,0.000000,0.900754) w2=(-0.862600,0.000000,0.505886) w3=(-0.862600,0.000000,0.505886) steer=(255,0)
G6 l60=177.011 m18c=1 spd=48.8709 grip=8650.71 arm=lo kLo=0.736001 1-kLo=0.263999 ld4n=4 ld4avg=0.876959 le4avg=50.4775 avIn=(-0.000457543,-0.0242958,-0.000388052)
   G7 velDir=(0.865200,-0.063911,0.497337) w0=(-0.434330,0.000000,0.900754) w1=(-0.434330,0.000000,0.900754) w2=(-0.862600,0.000000,0.505886) w3=(-0.862600,0.000000,0.505886) steer=(255,0)
G6 l60=72.3624 m18c=1 spd=22.7275 grip=1644.62 arm=lo kLo=0.94981 1-kLo=0.0501897 ld4n=4 ld4avg=0.68037 le4avg=26.6535 avIn=(-0.000188391,-0.0165971,-0.000180119)
   G7 velDir=(0.879468,-0.036246,0.474577) w0=(-0.435639,0.000000,0.900122) w1=(-0.435639,0.000000,0.900122) w2=(-0.863335,0.000000,0.504631) w3=(-0.863335,0.000000,0.504631) steer=(255,0)
G6 l60=17.5629 m18c=1 spd=8.76211 grip=153.888 arm=lo kLo=0.995304 1-kLo=0.00469625 ld4n=4 ld4avg=0.370543 le4avg=11.8528 avIn=(-1.08321e-05,-0.00660452,-1.1054e-05)
   G7 velDir=(0.516412,-0.004717,0.856327) w0=(-0.436247,0.000000,0.899827) w1=(-0.436247,0.000000,0.899827) w2=(-0.863676,0.000000,0.504047) w3=(-0.863676,0.000000,0.504047) steer=(255,0)
G6 l60=0.309272 m18c=1 spd=13.2625 grip=4.10171 arm=lo kLo=0.999875 1-kLo=0.00012517 ld4n=4 ld4avg=0.58434 le4avg=0.132598 avIn=(-5.10446e-08,-0.0058258,-5.20513e-08)
   G7 velDir=(-0.431374,-0.000015,0.902173) w0=(-0.436482,0.000000,0.899713) w1=(-0.436482,0.000000,0.899713) w2=(-0.863807,0.000000,0.503822) w3=(-0.863807,0.000000,0.503822) steer=(255,0)
G6 l60=12.7934 m18c=1 spd=23.0456 grip=294.831 arm=lo kLo=0.991002 1-kLo=0.00899756 ld4n=4 ld4avg=0.291566 le4avg=10.9696 avIn=(4.18042e-10,-0.0307173,8.42905e-10)
   G7 velDir=(-0.650764,0.000000,0.759280) w0=(-0.436127,0.000000,0.899885) w1=(-0.436127,0.000000,0.899885) w2=(-0.863609,0.000000,0.504163) w3=(-0.863609,0.000000,0.504163) steer=(255,0)
G6 l60=25.4388 m18c=1 spd=34.042 grip=865.986 arm=lo kLo=0.973572 1-kLo=0.0264278 ld4n=4 ld4avg=0.29211 le4avg=21.7717 avIn=(5.58214e-10,-0.0302598,9.20166e-10)
   G7 velDir=(-0.721226,0.000000,0.692700) w0=(-0.435510,0.000000,0.900184) w1=(-0.435510,0.000000,0.900184) w2=(-0.863263,0.000000,0.504755) w3=(-0.863263,0.000000,0.504755) steer=(255,0)
G6 l60=38.7704 m18c=1 spd=45.7525 grip=1773.84 arm=lo kLo=0.945867 1-kLo=0.0541334 ld4n=4 ld4avg=0.292889 le4avg=33.0934 avIn=(9.95182e-10,-0.0296144,1.16254e-09)
   G7 velDir=(-0.754308,0.000000,0.656521) w0=(-0.434598,0.000000,0.900625) w1=(-0.434598,0.000000,0.900625) w2=(-0.862751,0.000000,0.505629) w3=(-0.862751,0.000000,0.505629) steer=(255,0)
G6 l60=177.284 m18c=1 spd=48.9148 grip=8671.8 arm=lo kLo=0.735358 1-kLo=0.264642 ld4n=4 ld4avg=0.878107 le4avg=50.4895 avIn=(-0.000462293,-0.0243371,-0.000391135)
   G7 velDir=(0.864051,-0.064613,0.499241) w0=(-0.434598,0.000000,0.900625) w1=(-0.434598,0.000000,0.900625) w2=(-0.862751,0.000000,0.505629) w3=(-0.862751,0.000000,0.505629) steer=(255,0)
G6 l60=72.4897 m18c=1 spd=22.7383 grip=1648.29 arm=lo kLo=0.949698 1-kLo=0.050302 ld4n=4 ld4avg=0.682459 le4avg=26.6191 avIn=(-0.000190871,-0.0166318,-0.000182115)
   G7 velDir=(0.877728,-0.036748,0.477749) w0=(-0.435908,0.000000,0.899991) w1=(-0.435908,0.000000,0.899991) w2=(-0.863486,0.000000,0.504373) w3=(-0.863486,0.000000,0.504373) steer=(255,0)
G6 l60=17.5123 m18c=1 spd=8.76422 grip=153.482 arm=lo kLo=0.995316 1-kLo=0.00468391 ld4n=4 ld4avg=0.371312 le4avg=11.7942 avIn=(-1.09953e-05,-0.00660434,-1.11988e-05)
   G7 velDir=(0.510636,-0.004794,0.859784) w0=(-0.436517,0.000000,0.899696) w1=(-0.436517,0.000000,0.899696) w2=(-0.863827,0.000000,0.503789) w3=(-0.863827,0.000000,0.503789) steer=(255,0)
G6 l60=0.243931 m18c=1 spd=13.2748 grip=3.23814 arm=lo kLo=0.999901 1-kLo=9.88245e-05 ld4n=4 ld4avg=0.756488 le4avg=0.0809297 avIn=(-5.16124e-08,-0.00666513,-5.25018e-08)
   G7 velDir=(-0.432154,-0.000015,0.901800) w0=(-0.436282,0.000000,0.899810) w1=(-0.436282,0.000000,0.899810) w2=(-0.863696,0.000000,0.504014) w3=(-0.863696,0.000000,0.504014) steer=(255,0)
G6 l60=12.8155 m18c=1 spd=23.0637 grip=295.575 arm=lo kLo=0.99098 1-kLo=0.00902021 ld4n=4 ld4avg=0.291584 le4avg=10.9879 avIn=(4.20063e-10,-0.0307168,8.4433e-10)
   G7 velDir=(-0.650790,0.000000,0.759258) w0=(-0.435927,0.000000,0.899982) w1=(-0.435927,0.000000,0.899982) w2=(-0.863497,0.000000,0.504355) w3=(-0.863497,0.000000,0.504355) steer=(255,0)
G6 l60=25.4612 m18c=1 spd=34.0615 grip=867.248 arm=lo kLo=0.973534 1-kLo=0.0264663 ld4n=4 ld4avg=0.292111 le4avg=21.7908 avIn=(5.59032e-10,-0.0302594,9.20145e-10)
   G7 velDir=(-0.721151,0.000000,0.692778) w0=(-0.435309,0.000000,0.900281) w1=(-0.435309,0.000000,0.900281) w2=(-0.863150,0.000000,0.504947) w3=(-0.863150,0.000000,0.504947) steer=(255,0)
G6 l60=38.794 m18c=1 spd=45.7731 grip=1775.72 arm=lo kLo=0.945809 1-kLo=0.0541908 ld4n=4 ld4avg=0.29289 le4avg=33.1134 avIn=(9.97048e-10,-0.0296139,1.16299e-09)
   G7 velDir=(-0.754203,0.000000,0.656641) w0=(-0.434397,0.000000,0.900722) w1=(-0.434397,0.000000,0.900722) w2=(-0.862638,0.000000,0.505822) w3=(-0.862638,0.000000,0.505822) steer=(255,0)
G6 l60=177.33 m18c=1 spd=48.9396 grip=8678.49 arm=lo kLo=0.735153 1-kLo=0.264847 ld4n=4 ld4avg=0.877627 le4avg=50.5305 avIn=(-0.0004624,-0.0243412,-0.000391823)
   G7 velDir=(0.864011,-0.064648,0.499306) w0=(-0.435623,0.000000,0.900129) w1=(-0.435623,0.000000,0.900129) w2=(-0.863326,0.000000,0.504647) w3=(-0.863326,0.000000,0.504647) steer=(255,0)
G6 l60=72.5857 m18c=1 spd=22.7742 grip=1653.08 arm=lo kLo=0.949552 1-kLo=0.0504481 ld4n=4 ld4avg=0.681949 le4avg=26.6742 avIn=(-0.000191143,-0.0166467,-0.000182783)
   G7 velDir=(0.878056,-0.036758,0.477145) w0=(-0.436933,0.000000,0.899494) w1=(-0.436933,0.000000,0.899494) w2=(-0.864060,0.000000,0.503389) w3=(-0.864060,0.000000,0.503389) steer=(255,0)
G6 l60=17.5882 m18c=1 spd=8.76982 grip=154.245 arm=lo kLo=0.995293 1-kLo=0.00470716 ld4n=4 ld4avg=0.371214 le4avg=11.8484 avIn=(-1.10453e-05,-0.00660805,-1.12785e-05)
   G7 velDir=(0.514654,-0.004814,0.857385) w0=(-0.437542,0.000000,0.899198) w1=(-0.437542,0.000000,0.899198) w2=(-0.864401,0.000000,0.502804) w3=(-0.864401,0.000000,0.502804) steer=(255,0)
G6 l60=0.303711 m18c=1 spd=13.2654 grip=4.02884 arm=lo kLo=0.999877 1-kLo=0.000122964 ld4n=4 ld4avg=0.596121 le4avg=0.127656 avIn=(-5.21647e-08,-0.00586257,-5.3225e-08)
   G7 velDir=(-0.432826,-0.000015,0.901478) w0=(-0.437777,0.000000,0.899084) w1=(-0.437777,0.000000,0.899084) w2=(-0.864532,0.000000,0.502578) w3=(-0.864532,0.000000,0.502578) steer=(255,0)
G6 l60=12.7978 m18c=1 spd=23.0498 grip=294.986 arm=lo kLo=0.990998 1-kLo=0.00900227 ld4n=4 ld4avg=0.291567 le4avg=10.9732 avIn=(4.15344e-10,-0.0307128,8.44269e-10)
   G7 velDir=(-0.651897,0.000000,0.758308) w0=(-0.437422,0.000000,0.899256) w1=(-0.437422,0.000000,0.899256) w2=(-0.864334,0.000000,0.502919) w3=(-0.864334,0.000000,0.502919) steer=(255,0)
G6 l60=25.4439 m18c=1 spd=34.0471 grip=866.291 arm=lo kLo=0.973563 1-kLo=0.0264371 ld4n=4 ld4avg=0.29211 le4avg=21.776 avIn=(5.5554e-10,-0.0302552,9.21785e-10)
   G7 velDir=(-0.722240,0.000000,0.691642) w0=(-0.436805,0.000000,0.899556) w1=(-0.436805,0.000000,0.899556) w2=(-0.863989,0.000000,0.503512) w3=(-0.863989,0.000000,0.503512) steer=(255,0)
G6 l60=38.7765 m18c=1 spd=45.7584 grip=1774.35 arm=lo kLo=0.945851 1-kLo=0.0541489 ld4n=4 ld4avg=0.292889 le4avg=33.0986 avIn=(9.92674e-10,-0.0296098,1.16505e-09)
   G7 velDir=(-0.755262,0.000000,0.655423) w0=(-0.435894,0.000000,0.899998) w1=(-0.435894,0.000000,0.899998) w2=(-0.863478,0.000000,0.504387) w3=(-0.863478,0.000000,0.504387) steer=(255,0)
G6 l60=176.315 m18c=1 spd=48.6764 grip=8582.36 arm=lo kLo=0.738087 1-kLo=0.261913 ld4n=4 ld4avg=0.877201 le4avg=50.2655 avIn=(-0.000461434,-0.0243021,-0.000394182)
   G7 velDir=(0.863514,-0.064704,0.500157) w0=(-0.435894,0.000000,0.899998) w1=(-0.435894,0.000000,0.899998) w2=(-0.863478,0.000000,0.504387) w3=(-0.863478,0.000000,0.504387) steer=(255,0)
G6 l60=71.6862 m18c=1 spd=22.5373 grip=1615.61 arm=lo kLo=0.950695 1-kLo=0.0493045 ld4n=4 ld4avg=0.679098 le4avg=26.4538 avIn=(-0.000187809,-0.0164698,-0.00018054)
   G7 velDir=(0.877265,-0.036566,0.478612) w0=(-0.437197,0.000000,0.899366) w1=(-0.437197,0.000000,0.899366) w2=(-0.864208,0.000000,0.503136) w3=(-0.864208,0.000000,0.503136) steer=(255,0)
G6 l60=17.2911 m18c=1 spd=8.73291 grip=151.002 arm=lo kLo=0.995392 1-kLo=0.00460821 ld4n=4 ld4avg=0.369662 le4avg=11.6971 avIn=(-1.05941e-05,-0.00656536,-1.08593e-05)
   G7 velDir=(0.500446,-0.004651,0.865755) w0=(-0.437800,0.000000,0.899073) w1=(-0.437800,0.000000,0.899073) w2=(-0.864545,0.000000,0.502556) w3=(-0.864545,0.000000,0.502556) steer=(255,0)
G6 l60=0.137971 m18c=1 spd=12.8077 grip=1.76709 arm=lo kLo=0.999946 1-kLo=5.39422e-05 ld4n=4 ld4avg=0.751727 le4avg=0.0455752 avIn=(-4.85391e-08,-0.0237761,-4.94083e-08)
   G7 velDir=(-0.423772,-0.000015,0.905769) w0=(-0.437566,0.000000,0.899186) w1=(-0.437566,0.000000,0.899186) w2=(-0.864414,0.000000,0.502781) w3=(-0.864414,0.000000,0.502781) steer=(255,0)
G6 l60=12.2748 m18c=1 spd=22.5999 grip=277.41 arm=lo kLo=0.991534 1-kLo=0.00846589 ld4n=4 ld4avg=0.291599 le4avg=10.5237 avIn=(4.17296e-10,-0.0307314,8.47368e-10)
   G7 velDir=(-0.647011,0.000000,0.762481) w0=(-0.437223,0.000000,0.899353) w1=(-0.437223,0.000000,0.899353) w2=(-0.864222,0.000000,0.503110) w3=(-0.864222,0.000000,0.503110) steer=(255,0)
G6 l60=24.8904 m18c=1 spd=33.5623 grip=835.38 arm=lo kLo=0.974506 1-kLo=0.0254938 ld4n=4 ld4avg=0.292077 le4avg=21.3047 avIn=(5.4696e-10,-0.0302803,9.16698e-10)
   G7 velDir=(-0.720097,0.000000,0.693874) w0=(-0.436619,0.000000,0.899647) w1=(-0.436619,0.000000,0.899647) w2=(-0.863884,0.000000,0.503691) w3=(-0.863884,0.000000,0.503691) steer=(255,0)
G6 l60=38.1934 m18c=1 spd=45.2453 grip=1728.07 arm=lo kLo=0.947263 1-kLo=0.0527365 ld4n=4 ld4avg=0.292855 le4avg=32.6046 avIn=(9.5905e-10,-0.0296397,1.14532e-09)
   G7 velDir=(-0.754083,0.000000,0.656779) w0=(-0.435720,0.000000,0.900082) w1=(-0.435720,0.000000,0.900082) w2=(-0.863381,0.000000,0.504553) w3=(-0.863381,0.000000,0.504553) steer=(255,0)
G6 l60=176.056 m18c=1 spd=48.6316 grip=8561.87 arm=lo kLo=0.738712 1-kLo=0.261288 ld4n=4 ld4avg=0.876219 le4avg=50.2476 avIn=(-0.00045749,-0.0242663,-0.000391688)
   G7 velDir=(0.864444,-0.064128,0.498622) w0=(-0.435720,0.000000,0.900082) w1=(-0.435720,0.000000,0.900082) w2=(-0.863381,0.000000,0.504553) w3=(-0.863381,0.000000,0.504553) steer=(255,0)
G6 l60=71.5541 m18c=1 spd=22.5215 grip=1611.5 arm=lo kLo=0.950821 1-kLo=0.0491791 ld4n=4 ld4avg=0.677259 le4avg=26.4764 avIn=(-0.000185686,-0.0164357,-0.00017884)
   G7 velDir=(0.878686,-0.036146,0.476029) w0=(-0.437022,0.000000,0.899451) w1=(-0.437022,0.000000,0.899451) w2=(-0.864110,0.000000,0.503304) w3=(-0.864110,0.000000,0.503304) steer=(255,0)
G6 l60=17.3251 m18c=1 spd=8.72967 grip=151.242 arm=lo kLo=0.995384 1-kLo=0.00461555 ld4n=4 ld4avg=0.368983 le4avg=11.7416 avIn=(-1.04504e-05,-0.0065642,-1.07311e-05)
   G7 velDir=(0.504859,-0.004584,0.863190) w0=(-0.437624,0.000000,0.899158) w1=(-0.437624,0.000000,0.899158) w2=(-0.864447,0.000000,0.502724) w3=(-0.864447,0.000000,0.502724) steer=(255,0)
G6 l60=0.185762 m18c=1 spd=13.177 grip=2.44779 arm=lo kLo=0.999925 1-kLo=7.46846e-05 ld4n=4 ld4avg=1.01889 le4avg=0.0458002 avIn=(-4.8193e-08,-0.0107518,-4.93473e-08)
   G7 velDir=(-0.430930,-0.000014,0.902385) w0=(-0.437391,0.000000,0.899271) w1=(-0.437391,0.000000,0.899271) w2=(-0.864316,0.000000,0.502949) w3=(-0.864316,0.000000,0.502949) steer=(255,0)
G6 l60=12.6994 m18c=1 spd=22.964 grip=291.628 arm=lo kLo=0.9911 1-kLo=0.00889981 ld4n=4 ld4avg=0.291597 le4avg=10.8878 avIn=(4.18842e-10,-0.0307171,8.4703e-10)
   G7 velDir=(-0.650700,0.000000,0.759335) w0=(-0.437038,0.000000,0.899443) w1=(-0.437038,0.000000,0.899443) w2=(-0.864119,0.000000,0.503288) w3=(-0.864119,0.000000,0.503288) steer=(255,0)
G6 l60=25.3385 m18c=1 spd=33.9546 grip=860.359 arm=lo kLo=0.973744 1-kLo=0.0262561 ld4n=4 ld4avg=0.292104 le4avg=21.6863 avIn=(5.54643e-10,-0.0302612,9.20413e-10)
   G7 velDir=(-0.721571,0.000000,0.692340) w0=(-0.436424,0.000000,0.899741) w1=(-0.436424,0.000000,0.899741) w2=(-0.863775,0.000000,0.503878) w3=(-0.863775,0.000000,0.503878) steer=(255,0)
G6 l60=38.6653 m18c=1 spd=45.6604 grip=1765.47 arm=lo kLo=0.946122 1-kLo=0.0538779 ld4n=4 ld4avg=0.292883 le4avg=33.0044 avIn=(9.8685e-10,-0.0296167,1.16057e-09)
   G7 velDir=(-0.754788,0.000000,0.655969) w0=(-0.435515,0.000000,0.900182) w1=(-0.435515,0.000000,0.900182) w2=(-0.863266,0.000000,0.504750) w3=(-0.863266,0.000000,0.504750) steer=(255,0)
G6 l60=176.404 m18c=1 spd=48.7159 grip=8593.66 arm=lo kLo=0.737742 1-kLo=0.262258 ld4n=4 ld4avg=0.876592 le4avg=50.3258 avIn=(-0.000460727,-0.0243016,-0.00039396)
   G7 velDir=(0.863745,-0.064597,0.499771) w0=(-0.436737,0.000000,0.899589) w1=(-0.436737,0.000000,0.899589) w2=(-0.863950,0.000000,0.503577) w3=(-0.863950,0.000000,0.503577) steer=(255,0)
G6 l60=71.8351 m18c=1 spd=22.5904 grip=1622.78 arm=lo kLo=0.950477 1-kLo=0.0495234 ld4n=4 ld4avg=0.678523 le4avg=26.5311 avIn=(-0.000187908,-0.0164935,-0.000180968)
   G7 velDir=(0.877973,-0.036498,0.477316) w0=(-0.438040,0.000000,0.898955) w1=(-0.438040,0.000000,0.898955) w2=(-0.864679,0.000000,0.502324) w3=(-0.864679,0.000000,0.502324) steer=(255,0)
G6 l60=17.3971 m18c=1 spd=8.74044 grip=152.059 arm=lo kLo=0.99536 1-kLo=0.00464046 ld4n=4 ld4avg=0.369581 le4avg=11.7714 avIn=(-1.06507e-05,-0.00657268,-1.09419e-05)
   G7 velDir=(0.506572,-0.004670,0.862185) w0=(-0.438645,0.000000,0.898661) w1=(-0.438645,0.000000,0.898661) w2=(-0.865017,0.000000,0.501743) w3=(-0.865017,0.000000,0.501743) steer=(255,0)
G6 l60=0.218059 m18c=1 spd=13.2644 grip=2.89243 arm=lo kLo=0.999912 1-kLo=8.82745e-05 ld4n=4 ld4avg=0.861192 le4avg=0.0636084 avIn=(-4.94916e-08,-0.00754733,-5.07591e-08)
   G7 velDir=(-0.433877,-0.000014,0.900972) w0=(-0.438411,0.000000,0.898775) w1=(-0.438411,0.000000,0.898775) w2=(-0.864886,0.000000,0.501968) w3=(-0.864886,0.000000,0.501968) steer=(255,0)
G6 l60=12.8019 m18c=1 spd=23.0526 grip=295.117 arm=lo kLo=0.990994 1-kLo=0.00900626 ld4n=4 ld4avg=0.291591 le4avg=10.9759 avIn=(4.164e-10,-0.0307101,8.47432e-10)
   G7 velDir=(-0.652467,0.000000,0.757817) w0=(-0.438056,0.000000,0.898948) w1=(-0.438056,0.000000,0.898948) w2=(-0.864688,0.000000,0.502309) w3=(-0.864688,0.000000,0.502309) steer=(255,0)
G6 l60=25.4475 m18c=1 spd=34.0505 grip=866.499 arm=lo kLo=0.973557 1-kLo=0.0264435 ld4n=4 ld4avg=0.29211 le4avg=21.7791 avIn=(5.54278e-10,-0.0302529,9.22618e-10)
   G7 velDir=(-0.722740,0.000000,0.691120) w0=(-0.437439,0.000000,0.899248) w1=(-0.437439,0.000000,0.899248) w2=(-0.864343,0.000000,0.502902) w3=(-0.864343,0.000000,0.502902) steer=(255,0)
G6 l60=38.7806 m18c=1 spd=45.7623 grip=1774.69 arm=lo kLo=0.945841 1-kLo=0.0541592 ld4n=4 ld4avg=0.292889 le4avg=33.102 avIn=(9.91518e-10,-0.0296075,1.16631e-09)
   G7 velDir=(-0.755731,0.000000,0.654882) w0=(-0.436528,0.000000,0.899691) w1=(-0.436528,0.000000,0.899691) w2=(-0.863833,0.000000,0.503778) w3=(-0.863833,0.000000,0.503778) steer=(255,0)
G6 l60=175.842 m18c=1 spd=48.5599 grip=8538.86 arm=lo kLo=0.739415 1-kLo=0.260585 ld4n=4 ld4avg=0.876759 le4avg=50.156 avIn=(-0.000461015,-0.0242847,-0.00039564)
   G7 velDir=(0.863247,-0.064749,0.500611) w0=(-0.436528,0.000000,0.899691) w1=(-0.436528,0.000000,0.899691) w2=(-0.863833,0.000000,0.503778) w3=(-0.863833,0.000000,0.503778) steer=(255,0)
G6 l60=71.2963 m18c=1 spd=22.4396 grip=1599.86 arm=lo kLo=0.951176 1-kLo=0.0488238 ld4n=4 ld4avg=0.67746 le4avg=26.3733 avIn=(-0.00018633,-0.0163912,-0.000179765)
   G7 velDir=(0.877025,-0.036478,0.479057) w0=(-0.437828,0.000000,0.899059) w1=(-0.437828,0.000000,0.899059) w2=(-0.864560,0.000000,0.502529) w3=(-0.864560,0.000000,0.502529) steer=(255,0)
G6 l60=17.1839 m18c=1 spd=8.71824 grip=149.813 arm=lo kLo=0.995428 1-kLo=0.00457191 ld4n=4 ld4avg=0.368871 le4avg=11.6494 avIn=(-1.04032e-05,-0.0065466,-1.06965e-05)
   G7 velDir=(0.495390,-0.004582,0.868658) w0=(-0.438428,0.000000,0.898766) w1=(-0.438428,0.000000,0.898766) w2=(-0.864896,0.000000,0.501952) w3=(-0.864896,0.000000,0.501952) steer=(255,0)
G6 l60=0.106159 m18c=1 spd=12.6836 grip=1.34648 arm=lo kLo=0.999959 1-kLo=4.10676e-05 ld4n=4 ld4avg=0.341831 le4avg=0.0770961 avIn=(-4.72021e-08,-0.029278,-4.80907e-08)
   G7 velDir=(-0.422197,-0.000014,0.906504) w0=(-0.438195,0.000000,0.898880) w1=(-0.438195,0.000000,0.898880) w2=(-0.864766,0.000000,0.502176) w3=(-0.864766,0.000000,0.502176) steer=(255,0)
G6 l60=12.1356 m18c=1 spd=22.4808 grip=272.817 arm=lo kLo=0.991674 1-kLo=0.00832576 ld4n=4 ld4avg=0.291604 le4avg=10.4042 avIn=(4.16031e-10,-0.0307336,8.48522e-10)
   G7 velDir=(-0.646256,0.000000,0.763121) w0=(-0.437855,0.000000,0.899045) w1=(-0.437855,0.000000,0.899045) w2=(-0.864576,0.000000,0.502502) w3=(-0.864576,0.000000,0.502502) steer=(255,0)
G6 l60=24.7436 m18c=1 spd=33.434 grip=827.278 arm=lo kLo=0.974753 1-kLo=0.0252465 ld4n=4 ld4avg=0.292068 le4avg=21.1797 avIn=(5.4329e-10,-0.0302846,9.16204e-10)
   G7 velDir=(-0.720045,0.000000,0.693927) w0=(-0.437254,0.000000,0.899338) w1=(-0.437254,0.000000,0.899338) w2=(-0.864240,0.000000,0.503080) w3=(-0.864240,0.000000,0.503080) steer=(255,0)
G6 l60=38.039 m18c=1 spd=45.1097 grip=1715.93 arm=lo kLo=0.947634 1-kLo=0.052366 ld4n=4 ld4avg=0.292846 le4avg=32.4738 avIn=(9.49014e-10,-0.0296453,1.1415e-09)
   G7 velDir=(-0.754265,0.000000,0.656570) w0=(-0.436359,0.000000,0.899773) w1=(-0.436359,0.000000,0.899773) w2=(-0.863739,0.000000,0.503940) w3=(-0.863739,0.000000,0.503940) steer=(255,0)
G6 l60=175.476 m18c=1 spd=48.4942 grip=8509.58 arm=lo kLo=0.740308 1-kLo=0.259692 ld4n=4 ld4avg=0.875471 le4avg=50.125 avIn=(-0.000455967,-0.0242377,-0.00039253)
   G7 velDir=(0.864411,-0.064019,0.498693) w0=(-0.436359,0.000000,0.899773) w1=(-0.436359,0.000000,0.899773) w2=(-0.863739,0.000000,0.503940) w3=(-0.863739,0.000000,0.503940) steer=(255,0)
G6 l60=71.1001 m18c=1 spd=22.4123 grip=1593.52 arm=lo kLo=0.95137 1-kLo=0.0486304 ld4n=4 ld4avg=0.674996 le4avg=26.3962 avIn=(-0.00018354,-0.0163421,-0.000177544)
   G7 velDir=(0.878816,-0.035938,0.475805) w0=(-0.437657,0.000000,0.899142) w1=(-0.437657,0.000000,0.899142) w2=(-0.864465,0.000000,0.502693) w3=(-0.864465,0.000000,0.502693) steer=(255,0)
G6 l60=17.2193 m18c=1 spd=8.71287 grip=150.029 arm=lo kLo=0.995421 1-kLo=0.00457853 ld4n=4 ld4avg=0.367958 le4avg=11.7023 avIn=(-1.02098e-05,-0.0065438,-1.05236e-05)
   G7 velDir=(0.500633,-0.004494,0.865648) w0=(-0.438256,0.000000,0.898850) w1=(-0.438256,0.000000,0.898850) w2=(-0.864800,0.000000,0.502117) w3=(-0.864800,0.000000,0.502117) steer=(255,0)
G6 l60=0.143373 m18c=1 spd=12.8513 grip=1.84252 arm=lo kLo=0.999944 1-kLo=5.62072e-05 ld4n=4 ld4avg=0.836036 le4avg=0.0426534 avIn=(-4.64893e-08,-0.0220353,-4.76021e-08)
   G7 velDir=(-0.425187,-0.000014,0.905106) w0=(-0.438023,0.000000,0.898964) w1=(-0.438023,0.000000,0.898964) w2=(-0.864670,0.000000,0.502341) w3=(-0.864670,0.000000,0.502341) steer=(255,0)
G6 l60=12.3256 m18c=1 spd=22.6437 grip=279.097 arm=lo kLo=0.991483 1-kLo=0.00851738 ld4n=4 ld4avg=0.291599 le4avg=10.5673 avIn=(4.1662e-10,-0.0307281,8.47972e-10)
   G7 velDir=(-0.647865,0.000000,0.761755) w0=(-0.437680,0.000000,0.899131) w1=(-0.437680,0.000000,0.899131) w2=(-0.864478,0.000000,0.502671) w3=(-0.864478,0.000000,0.502671) steer=(255,0)
G6 l60=24.9443 m18c=1 spd=33.6096 grip=838.367 arm=lo kLo=0.974415 1-kLo=0.0255849 ld4n=4 ld4avg=0.29208 le4avg=21.3506 avIn=(5.46853e-10,-0.0302764,9.17715e-10)
   G7 velDir=(-0.720645,0.000000,0.693304) w0=(-0.437074,0.000000,0.899426) w1=(-0.437074,0.000000,0.899426) w2=(-0.864139,0.000000,0.503254) w3=(-0.864139,0.000000,0.503254) steer=(255,0)
G6 l60=38.2503 m18c=1 spd=45.2955 grip=1732.57 arm=lo kLo=0.947126 1-kLo=0.0528738 ld4n=4 ld4avg=0.292859 le4avg=32.6528 avIn=(9.61262e-10,-0.0296353,1.14794e-09)
   G7 velDir=(-0.754518,0.000000,0.656279) w0=(-0.436174,0.000000,0.899862) w1=(-0.436174,0.000000,0.899862) w2=(-0.863635,0.000000,0.504117) w3=(-0.863635,0.000000,0.504117) steer=(255,0)
G6 l60=175.634 m18c=1 spd=48.5399 grip=8525.24 arm=lo kLo=0.73983 1-kLo=0.26017 ld4n=4 ld4avg=0.875339 le4avg=50.1776 avIn=(-0.000457376,-0.0242542,-0.000393905)
   G7 velDir=(0.864088,-0.064238,0.499224) w0=(-0.437387,0.000000,0.899274) w1=(-0.437387,0.000000,0.899274) w2=(-0.864314,0.000000,0.502953) w3=(-0.864314,0.000000,0.502953) steer=(255,0)
G6 l60=71.2589 m18c=1 spd=22.4583 grip=1600.35 arm=lo kLo=0.951161 1-kLo=0.048839 ld4n=4 ld4avg=0.675188 le4avg=26.4477 avIn=(-0.000184565,-0.0163719,-0.00017877)
   G7 velDir=(0.878702,-0.036087,0.476005) w0=(-0.438685,0.000000,0.898641) w1=(-0.438685,0.000000,0.898641) w2=(-0.865039,0.000000,0.501704) w3=(-0.865039,0.000000,0.501704) steer=(255,0)
G6 l60=17.2885 m18c=1 spd=8.7196 grip=150.749 arm=lo kLo=0.9954 1-kLo=0.00460047 ld4n=4 ld4avg=0.368128 le4avg=11.744 avIn=(-1.03125e-05,-0.00654864,-1.06475e-05)
   G7 velDir=(0.503507,-0.004538,0.863979) w0=(-0.439285,0.000000,0.898348) w1=(-0.439285,0.000000,0.898348) w2=(-0.865374,0.000000,0.501126) w3=(-0.865374,0.000000,0.501126) steer=(255,0)
G6 l60=0.187813 m18c=1 spd=13.1945 grip=2.4781 arm=lo kLo=0.999924 1-kLo=7.56383e-05 ld4n=4 ld4avg=1.0074 le4avg=0.0468432 avIn=(-4.7415e-08,-0.0102689,-4.88221e-08)
   G7 velDir=(-0.432864,-0.000014,0.901459) w0=(-0.439052,0.000000,0.898462) w1=(-0.439052,0.000000,0.898462) w2=(-0.865244,0.000000,0.501351) w3=(-0.865244,0.000000,0.501351) steer=(255,0)
G6 l60=12.7188 m18c=1 spd=22.9813 grip=292.294 arm=lo kLo=0.99108 1-kLo=0.00892007 ld4n=4 ld4avg=0.291597 le4avg=10.9044 avIn=(4.15499e-10,-0.0307108,8.48847e-10)
   G7 velDir=(-0.652275,0.000000,0.757982) w0=(-0.438699,0.000000,0.898634) w1=(-0.438699,0.000000,0.898634) w2=(-0.865047,0.000000,0.501690) w3=(-0.865047,0.000000,0.501690) steer=(255,0)
G6 l60=25.3598 m18c=1 spd=33.9739 grip=861.573 arm=lo kLo=0.973707 1-kLo=0.0262931 ld4n=4 ld4avg=0.292105 le4avg=21.7044 avIn=(5.5145e-10,-0.0302547,9.2261e-10)
   G7 velDir=(-0.722924,0.000000,0.690927) w0=(-0.438085,0.000000,0.898934) w1=(-0.438085,0.000000,0.898934) w2=(-0.864704,0.000000,0.502282) w3=(-0.864704,0.000000,0.502282) steer=(255,0)
G6 l60=38.6885 m18c=1 spd=45.6816 grip=1767.35 arm=lo kLo=0.946065 1-kLo=0.0539353 ld4n=4 ld4avg=0.292884 le4avg=33.0241 avIn=(9.84551e-10,-0.0296099,1.16429e-09)
   G7 velDir=(-0.756038,0.000000,0.654527) w0=(-0.437176,0.000000,0.899376) w1=(-0.437176,0.000000,0.899376) w2=(-0.864196,0.000000,0.503155) w3=(-0.864196,0.000000,0.503155) steer=(255,0)
G6 l60=52.7254 m18c=1 spd=58.0328 grip=3059.8 arm=lo kLo=0.906622 1-kLo=0.0933778 ld4n=4 ld4avg=0.293675 le4avg=44.8851 avIn=(4.84289e-09,-0.0290085,3.4258e-09)
   G7 velDir=(-0.773964,0.000000,0.633230) w0=(-0.435953,0.000000,0.899969) w1=(-0.435953,0.000000,0.899969) w2=(-0.863511,0.000000,0.504329) w3=(-0.863511,0.000000,0.504329) steer=(255,0)
G6 l60=187.604 m18c=1 spd=51.1024 grip=9587.02 arm=lo kLo=0.707427 1-kLo=0.292573 ld4n=4 ld4avg=0.900858 le4avg=52.0894 avIn=(-0.000554937,-0.025412,-0.000421764)
   G7 velDir=(0.844914,-0.077255,0.529294) w0=(-0.437506,0.000000,0.899215) w1=(-0.437506,0.000000,0.899215) w2=(-0.864381,0.000000,0.502838) w3=(-0.864381,0.000000,0.502838) steer=(255,0)
G6 l60=79.8946 m18c=1 spd=24.2668 grip=1938.79 arm=lo kLo=0.940833 1-kLo=0.0591671 ld4n=4 ld4avg=0.737165 le4avg=27.1715 avIn=(-0.000260972,-0.0183219,-0.000230158)
   G7 velDir=(0.847188,-0.047551,0.529161) w0=(-0.438873,0.000000,0.898549) w1=(-0.438873,0.000000,0.898549) w2=(-0.865144,0.000000,0.501523) w3=(-0.865144,0.000000,0.501523) steer=(255,0)
G6 l60=18.1789 m18c=1 spd=9.04616 grip=164.449 arm=lo kLo=0.994981 1-kLo=0.00501859 ld4n=4 ld4avg=0.39829 le4avg=11.4161 avIn=(-1.76661e-05,-0.00686642,-1.68107e-05)
   G7 velDir=(0.469958,-0.007544,0.882656) w0=(-0.439522,0.000000,0.898232) w1=(-0.439522,0.000000,0.898232) w2=(-0.865506,0.000000,0.500898) w3=(-0.865506,0.000000,0.500898) steer=(255,0)
G6 l60=0.386405 m18c=1 spd=12.8533 grip=4.9666 arm=lo kLo=0.999848 1-kLo=0.000151575 ld4n=4 ld4avg=0.299071 le4avg=0.323163 avIn=(-8.85446e-08,-0.0309042,-8.38223e-08)
   G7 velDir=(-0.431793,-0.000027,0.901973) w0=(-0.439280,0.000000,0.898350) w1=(-0.439280,0.000000,0.898350) w2=(-0.865371,0.000000,0.501131) w3=(-0.865371,0.000000,0.501131) steer=(255,0)
G6 l60=12.3752 m18c=1 spd=22.6892 grip=280.782 arm=lo kLo=0.991431 1-kLo=0.00856882 ld4n=4 ld4avg=0.291536 le4avg=10.612 avIn=(4.01852e-10,-0.0307239,8.37233e-10)
   G7 velDir=(-0.649387,0.000000,0.760458) w0=(-0.438936,0.000000,0.898518) w1=(-0.438936,0.000000,0.898518) w2=(-0.865180,0.000000,0.501462) w3=(-0.865180,0.000000,0.501462) steer=(255,0)
G6 l60=25 m18c=1 spd=33.659 grip=841.474 arm=lo kLo=0.97432 1-kLo=0.0256798 ld4n=4 ld4avg=0.292083 le4avg=21.398 avIn=(5.44931e-10,-0.0302697,9.19564e-10)
   G7 velDir=(-0.721816,0.000000,0.692085) w0=(-0.438330,0.000000,0.898814) w1=(-0.438330,0.000000,0.898814) w2=(-0.864841,0.000000,0.502046) w3=(-0.864841,0.000000,0.502046) steer=(255,0)
G6 l60=38.3096 m18c=1 spd=45.3483 grip=1737.28 arm=lo kLo=0.946983 1-kLo=0.0530175 ld4n=4 ld4avg=0.292862 le4avg=32.7031 avIn=(9.61849e-10,-0.0296281,1.15204e-09)
   G7 velDir=(-0.755540,0.000000,0.655102) w0=(-0.437429,0.000000,0.899253) w1=(-0.437429,0.000000,0.899253) w2=(-0.864338,0.000000,0.502912) w3=(-0.864338,0.000000,0.502912) steer=(255,0)
G6 l60=174.855 m18c=1 spd=48.3323 grip=8451.14 arm=lo kLo=0.742092 1-kLo=0.257908 ld4n=4 ld4avg=0.875224 le4avg=49.9618 avIn=(-0.0004571,-0.0242261,-0.000395874)
   G7 velDir=(0.863568,-0.064352,0.500109) w0=(-0.437429,0.000000,0.899253) w1=(-0.437429,0.000000,0.899253) w2=(-0.864338,0.000000,0.502912) w3=(-0.864338,0.000000,0.502912) steer=(255,0)
G6 l60=70.5541 m18c=1 spd=22.2673 grip=1571.05 arm=lo kLo=0.952055 1-kLo=0.0479447 ld4n=4 ld4avg=0.673275 le4avg=26.2603 avIn=(-0.000182219,-0.0162354,-0.000177091)
   G7 velDir=(0.877781,-0.035990,0.477708) w0=(-0.438722,0.000000,0.898623) w1=(-0.438722,0.000000,0.898623) w2=(-0.865060,0.000000,0.501669) w3=(-0.865060,0.000000,0.501669) steer=(255,0)
G6 l60=17.0371 m18c=1 spd=8.69207 grip=148.088 arm=lo kLo=0.995481 1-kLo=0.00451928 ld4n=4 ld4avg=0.367054 le4avg=11.607 avIn=(-9.98475e-06,-0.00651541,-1.0332e-05)
   G7 velDir=(0.490615,-0.004419,0.871365) w0=(-0.439317,0.000000,0.898332) w1=(-0.439317,0.000000,0.898332) w2=(-0.865392,0.000000,0.501095) w3=(-0.865392,0.000000,0.501095) steer=(255,0)
G6 l60=0.137438 m18c=1 spd=12.6834 grip=1.74319 arm=lo kLo=0.999947 1-kLo=5.32269e-05 ld4n=4 ld4avg=0.306458 le4avg=0.111997 avIn=(-4.47679e-08,-0.0302824,-4.58718e-08)
   G7 velDir=(-0.423863,-0.000014,0.905727) w0=(-0.439085,0.000000,0.898446) w1=(-0.439085,0.000000,0.898446) w2=(-0.865262,0.000000,0.501319) w3=(-0.865262,0.000000,0.501319) steer=(255,0)
G6 l60=12.1422 m18c=1 spd=22.4872 grip=273.044 arm=lo kLo=0.991667 1-kLo=0.00833267 ld4n=4 ld4avg=0.291596 le4avg=10.4102 avIn=(4.137e-10,-0.0307306,8.4893e-10)
   G7 velDir=(-0.647075,0.000000,0.762427) w0=(-0.438746,0.000000,0.898611) w1=(-0.438746,0.000000,0.898611) w2=(-0.865073,0.000000,0.501646) w3=(-0.865073,0.000000,0.501646) steer=(255,0)
G6 l60=24.7514 m18c=1 spd=33.4412 grip=827.718 arm=lo kLo=0.97474 1-kLo=0.02526 ld4n=4 ld4avg=0.292069 le4avg=21.1863 avIn=(5.41511e-10,-0.0302813,9.17329e-10)
   G7 velDir=(-0.720761,0.000000,0.693184) w0=(-0.438145,0.000000,0.898905) w1=(-0.438145,0.000000,0.898905) w2=(-0.864737,0.000000,0.502224) w3=(-0.864737,0.000000,0.502224) steer=(255,0)
G6 l60=38.0477 m18c=1 spd=45.1178 grip=1716.63 arm=lo kLo=0.947613 1-kLo=0.0523872 ld4n=4 ld4avg=0.292847 le4avg=32.4811 avIn=(9.47522e-10,-0.0296419,1.1433e-09)
   G7 velDir=(-0.754931,0.000000,0.655804) w0=(-0.437250,0.000000,0.899340) w1=(-0.437250,0.000000,0.899340) w2=(-0.864237,0.000000,0.503084) w3=(-0.864237,0.000000,0.503084) steer=(255,0)
G6 l60=174.698 m18c=1 spd=48.3161 grip=8440.73 arm=lo kLo=0.742409 1-kLo=0.257591 ld4n=4 ld4avg=0.874188 le4avg=49.9759 avIn=(-0.000455209,-0.0242093,-0.000395426)
   G7 velDir=(0.863946,-0.064112,0.499487) w0=(-0.438457,0.000000,0.898752) w1=(-0.438457,0.000000,0.898752) w2=(-0.864912,0.000000,0.501924) w3=(-0.864912,0.000000,0.501924) steer=(255,0)
G6 l60=70.5222 m18c=1 spd=22.2795 grip=1571.2 arm=lo kLo=0.952051 1-kLo=0.0479493 ld4n=4 ld4avg=0.671616 le4avg=26.3129 avIn=(-0.000181226,-0.0162205,-0.000176746)
   G7 velDir=(0.878773,-0.035779,0.475898) w0=(-0.439748,0.000000,0.898121) w1=(-0.439748,0.000000,0.898121) w2=(-0.865632,0.000000,0.500680) w3=(-0.865632,0.000000,0.500680) steer=(255,0)
G6 l60=17.1107 m18c=1 spd=8.69251 grip=148.735 arm=lo kLo=0.995461 1-kLo=0.00453901 ld4n=4 ld4avg=0.36652 le4avg=11.6741 avIn=(-9.93384e-06,-0.00651527,-1.03175e-05)
   G7 velDir=(0.495995,-0.004395,0.868314) w0=(-0.440343,0.000000,0.897830) w1=(-0.440343,0.000000,0.897830) w2=(-0.865964,0.000000,0.500106) w3=(-0.865964,0.000000,0.500106) steer=(255,0)
G6 l60=0.11527 m18c=1 spd=12.7188 grip=1.4661 arm=lo kLo=0.999955 1-kLo=4.47631e-05 ld4n=4 ld4avg=0.500309 le4avg=0.0570758 avIn=(-4.47604e-08,-0.0274623,-4.60798e-08)
   G7 velDir=(-0.424581,-0.000014,0.905390) w0=(-0.440111,0.000000,0.897943) w1=(-0.440111,0.000000,0.897943) w2=(-0.865835,0.000000,0.500330) w3=(-0.865835,0.000000,0.500330) steer=(255,0)
G6 l60=12.1734 m18c=1 spd=22.5141 grip=274.073 arm=lo kLo=0.991636 1-kLo=0.00836408 ld4n=4 ld4avg=0.291603 le4avg=10.4367 avIn=(4.12154e-10,-0.0307261,8.50546e-10)
   G7 velDir=(-0.648236,0.000000,0.761440) w0=(-0.439771,0.000000,0.898110) w1=(-0.439771,0.000000,0.898110) w2=(-0.865645,0.000000,0.500658) w3=(-0.865645,0.000000,0.500658) steer=(255,0)
G6 l60=24.7845 m18c=1 spd=33.4707 grip=829.555 arm=lo kLo=0.974684 1-kLo=0.025316 ld4n=4 ld4avg=0.29207 le4avg=21.2146 avIn=(5.3985e-10,-0.0302764,9.18841e-10)
   G7 velDir=(-0.721673,0.000000,0.692234) w0=(-0.439170,0.000000,0.898404) w1=(-0.439170,0.000000,0.898404) w2=(-0.865310,0.000000,0.501237) w3=(-0.865310,0.000000,0.501237) steer=(255,0)
G6 l60=38.0831 m18c=1 spd=45.1494 grip=1719.43 arm=lo kLo=0.947527 1-kLo=0.0524727 ld4n=4 ld4avg=0.292849 le4avg=32.5111 avIn=(9.47207e-10,-0.0296366,1.14617e-09)
   G7 velDir=(-0.755743,0.000000,0.654869) w0=(-0.438275,0.000000,0.898841) w1=(-0.438275,0.000000,0.898841) w2=(-0.864810,0.000000,0.502099) w3=(-0.864810,0.000000,0.502099) steer=(255,0)
G6 l60=52.0883 m18c=1 spd=57.4729 grip=2993.67 arm=lo kLo=0.908641 1-kLo=0.0913595 ld4n=4 ld4avg=0.293639 le4avg=44.3481 avIn=(4.18432e-09,-0.0290246,3.04523e-09)
   G7 velDir=(-0.774108,0.000000,0.633053) w0=(-0.437067,0.000000,0.899429) w1=(-0.437067,0.000000,0.899429) w2=(-0.864135,0.000000,0.503260) w3=(-0.864135,0.000000,0.503260) steer=(255,0)
G6 l60=186.118 m18c=1 spd=50.7528 grip=9446.01 arm=lo kLo=0.711731 1-kLo=0.288269 ld4n=4 ld4avg=0.899063 le4avg=51.7797 avIn=(-0.000549982,-0.0253339,-0.000425743)
   G7 velDir=(0.845234,-0.076806,0.528849) w0=(-0.438604,0.000000,0.898680) w1=(-0.438604,0.000000,0.898680) w2=(-0.864994,0.000000,0.501782) w3=(-0.864994,0.000000,0.501782) steer=(255,0)
G6 l60=78.6232 m18c=1 spd=23.9656 grip=1884.25 arm=lo kLo=0.942497 1-kLo=0.0575029 ld4n=4 ld4avg=0.731211 le4avg=26.9559 avIn=(-0.000253355,-0.0180556,-0.000226408)
   G7 velDir=(0.848238,-0.046842,0.527539) w0=(-0.439961,0.000000,0.898017) w1=(-0.439961,0.000000,0.898017) w2=(-0.865751,0.000000,0.500475) w3=(-0.865751,0.000000,0.500475) steer=(255,0)
G6 l60=17.8843 m18c=1 spd=8.99373 grip=160.846 arm=lo kLo=0.995091 1-kLo=0.00490862 ld4n=4 ld4avg=0.394565 le4avg=11.3367 avIn=(-1.66522e-05,-0.00680338,-1.60245e-05)
   G7 velDir=(0.461750,-0.007175,0.886981) w0=(-0.440601,0.000000,0.897703) w1=(-0.440601,0.000000,0.897703) w2=(-0.866108,0.000000,0.499858) w3=(-0.866108,0.000000,0.499858) steer=(255,0)
G6 l60=0.468123 m18c=1 spd=12.9141 grip=6.04537 arm=lo kLo=0.999816 1-kLo=0.000184476 ld4n=4 ld4avg=0.29778 le4avg=0.393156 avIn=(-8.16864e-08,-0.0309376,-7.82006e-08)
   G7 velDir=(-0.435711,-0.000025,0.900086) w0=(-0.440361,0.000000,0.897821) w1=(-0.440361,0.000000,0.897821) w2=(-0.865974,0.000000,0.500089) w3=(-0.865974,0.000000,0.500089) steer=(255,0)
G6 l60=12.4594 m18c=1 spd=22.7627 grip=283.611 arm=lo kLo=0.991345 1-kLo=0.00865513 ld4n=4 ld4avg=0.291517 le4avg=10.685 avIn=(3.98143e-10,-0.030718,8.36512e-10)
   G7 velDir=(-0.651068,0.000000,0.759019) w0=(-0.440016,0.000000,0.897990) w1=(-0.440016,0.000000,0.897990) w2=(-0.865782,0.000000,0.500422) w3=(-0.865782,0.000000,0.500422) steer=(255,0)
G6 l60=25.0904 m18c=1 spd=33.7386 grip=846.513 arm=lo kLo=0.974166 1-kLo=0.0258335 ld4n=4 ld4avg=0.292088 le4avg=21.475 avIn=(5.44064e-10,-0.0302621,9.21625e-10)
   G7 velDir=(-0.722974,0.000000,0.690876) w0=(-0.439408,0.000000,0.898288) w1=(-0.439408,0.000000,0.898288) w2=(-0.865443,0.000000,0.501008) w3=(-0.865443,0.000000,0.501008) steer=(255,0)
G6 l60=38.4053 m18c=1 spd=45.433 grip=1744.87 arm=lo kLo=0.946751 1-kLo=0.0532492 ld4n=4 ld4avg=0.292867 le4avg=32.7842 avIn=(9.64955e-10,-0.0296196,1.15705e-09)
   G7 velDir=(-0.756497,0.000000,0.653997) w0=(-0.438506,0.000000,0.898728) w1=(-0.438506,0.000000,0.898728) w2=(-0.864939,0.000000,0.501877) w3=(-0.864939,0.000000,0.501877) steer=(255,0)
G6 l60=52.4278 m18c=1 spd=57.7717 grip=3028.84 arm=lo kLo=0.907567 1-kLo=0.092433 ld4n=4 ld4avg=0.293658 le4avg=44.6343 avIn=(4.51469e-09,-0.0290133,3.2429e-09)
   G7 velDir=(-0.774607,0.000000,0.632442) w0=(-0.437291,0.000000,0.899320) w1=(-0.437291,0.000000,0.899320) w2=(-0.864260,0.000000,0.503045) w3=(-0.864260,0.000000,0.503045) steer=(255,0)
G6 l60=186.255 m18c=1 spd=50.7794 grip=9457.94 arm=lo kLo=0.711367 1-kLo=0.288633 ld4n=4 ld4avg=0.899464 le4avg=51.7951 avIn=(-0.000552012,-0.0253592,-0.000426699)
   G7 velDir=(0.844730,-0.077107,0.529609) w0=(-0.438836,0.000000,0.898567) w1=(-0.438836,0.000000,0.898567) w2=(-0.865123,0.000000,0.501559) w3=(-0.865123,0.000000,0.501559) steer=(255,0)
G6 l60=78.713 m18c=1 spd=23.9817 grip=1887.67 arm=lo kLo=0.942393 1-kLo=0.0576072 ld4n=4 ld4avg=0.732106 le4avg=26.9539 avIn=(-0.000254685,-0.0180794,-0.000227372)
   G7 velDir=(0.847475,-0.047078,0.528744) w0=(-0.440193,0.000000,0.897903) w1=(-0.440193,0.000000,0.897903) w2=(-0.865880,0.000000,0.500252) w3=(-0.865880,0.000000,0.500252) steer=(255,0)
G6 l60=17.8791 m18c=1 spd=8.9977 grip=160.871 arm=lo kLo=0.995091 1-kLo=0.0049094 ld4n=4 ld4avg=0.395036 le4avg=11.32 avIn=(-1.67681e-05,-0.00680554,-1.61222e-05)
   G7 velDir=(0.459907,-0.007226,0.887938) w0=(-0.440833,0.000000,0.897589) w1=(-0.440833,0.000000,0.897589) w2=(-0.866237,0.000000,0.499634) w3=(-0.866237,0.000000,0.499634) steer=(255,0)
G6 l60=0.487338 m18c=1 spd=12.9286 grip=6.30059 arm=lo kLo=0.999808 1-kLo=0.000192285 ld4n=4 ld4avg=0.297567 le4avg=0.409578 avIn=(-8.22892e-08,-0.030942,-7.87199e-08)
   G7 velDir=(-0.436586,-0.000025,0.899662) w0=(-0.440593,0.000000,0.897707) w1=(-0.440593,0.000000,0.897707) w2=(-0.866103,0.000000,0.499866) w3=(-0.866103,0.000000,0.499866) steer=(255,0)
G6 l60=12.4793 m18c=1 spd=22.78 grip=284.279 arm=lo kLo=0.991324 1-kLo=0.00867552 ld4n=4 ld4avg=0.291512 le4avg=10.7022 avIn=(3.96896e-10,-0.0307167,8.3594e-10)
   G7 velDir=(-0.651444,0.000000,0.758696) w0=(-0.440248,0.000000,0.897877) w1=(-0.440248,0.000000,0.897877) w2=(-0.865911,0.000000,0.500199) w3=(-0.865911,0.000000,0.500199) steer=(255,0)
G6 l60=25.1116 m18c=1 spd=33.7573 grip=847.702 arm=lo kLo=0.97413 1-kLo=0.0258698 ld4n=4 ld4avg=0.29209 le4avg=21.4931 avIn=(5.43905e-10,-0.0302603,9.2208e-10)
   G7 velDir=(-0.723228,0.000000,0.690609) w0=(-0.439639,0.000000,0.898175) w1=(-0.439639,0.000000,0.898175) w2=(-0.865572,0.000000,0.500785) w3=(-0.865572,0.000000,0.500785) steer=(255,0)
G6 l60=38.4279 m18c=1 spd=45.453 grip=1746.66 arm=lo kLo=0.946696 1-kLo=0.0533038 ld4n=4 ld4avg=0.292868 le4avg=32.8033 avIn=(9.65744e-10,-0.0296177,1.1582e-09)
   G7 velDir=(-0.756706,0.000000,0.653756) w0=(-0.438737,0.000000,0.898616) w1=(-0.438737,0.000000,0.898616) w2=(-0.865068,0.000000,0.501654) w3=(-0.865068,0.000000,0.501654) steer=(255,0)
G6 l60=173.957 m18c=1 spd=48.1074 grip=8368.64 arm=lo kLo=0.744609 1-kLo=0.255391 ld4n=4 ld4avg=0.874516 le4avg=49.7457 avIn=(-0.000456986,-0.0241965,-0.000399085)
   G7 velDir=(0.862848,-0.064553,0.501325) w0=(-0.438737,0.000000,0.898616) w1=(-0.438737,0.000000,0.898616) w2=(-0.865068,0.000000,0.501654) w3=(-0.865068,0.000000,0.501654) steer=(255,0)
G6 l60=69.8087 m18c=1 spd=22.0766 grip=1541.14 arm=lo kLo=0.952968 1-kLo=0.0470319 ld4n=4 ld4avg=0.670348 le4avg=26.0958 avIn=(-0.000179723,-0.0160865,-0.000175822)
   G7 velDir=(0.876987,-0.035891,0.479173) w0=(-0.440022,0.000000,0.897987) w1=(-0.440022,0.000000,0.897987) w2=(-0.865785,0.000000,0.500416) w3=(-0.865785,0.000000,0.500416) steer=(255,0)
G6 l60=16.8193 m18c=1 spd=8.66576 grip=145.752 arm=lo kLo=0.995552 1-kLo=0.004448 ld4n=4 ld4avg=0.365661 le4avg=11.5021 avIn=(-9.65067e-06,-0.00647928,-1.00426e-05)
   G7 velDir=(0.479366,-0.004299,0.877605) w0=(-0.440612,0.000000,0.897698) w1=(-0.440612,0.000000,0.897698) w2=(-0.866114,0.000000,0.499847) w3=(-0.866114,0.000000,0.499847) steer=(255,0)
G6 l60=0.249 m18c=1 spd=12.7504 grip=3.17484 arm=lo kLo=0.999903 1-kLo=9.69172e-05 ld4n=4 ld4avg=0.300722 le4avg=0.207124 avIn=(-4.26186e-08,-0.03081,-4.39039e-08)
   G7 velDir=(-0.428733,-0.000013,0.903431) w0=(-0.440381,0.000000,0.897811) w1=(-0.440381,0.000000,0.897811) w2=(-0.865985,0.000000,0.500070) w3=(-0.865985,0.000000,0.500070) steer=(255,0)
G6 l60=12.2386 m18c=1 spd=22.5713 grip=276.241 arm=lo kLo=0.99157 1-kLo=0.00843018 ld4n=4 ld4avg=0.291569 le4avg=10.4937 avIn=(4.095e-10,-0.0307238,8.48375e-10)
   G7 velDir=(-0.649068,0.000000,0.760730) w0=(-0.440040,0.000000,0.897978) w1=(-0.440040,0.000000,0.897978) w2=(-0.865795,0.000000,0.500399) w3=(-0.865795,0.000000,0.500399) steer=(255,0)
G6 l60=24.8549 m18c=1 spd=33.5324 grip=833.445 arm=lo kLo=0.974565 1-kLo=0.0254347 ld4n=4 ld4avg=0.292074 le4avg=21.2745 avIn=(5.40367e-10,-0.0302724,9.19739e-10)
   G7 velDir=(-0.722138,0.000000,0.691749) w0=(-0.439437,0.000000,0.898273) w1=(-0.439437,0.000000,0.898273) w2=(-0.865459,0.000000,0.500980) w3=(-0.865459,0.000000,0.500980) steer=(255,0)
G6 l60=38.1573 m18c=1 spd=45.2148 grip=1725.28 arm=lo kLo=0.947349 1-kLo=0.0526513 ld4n=4 ld4avg=0.292853 le4avg=32.5741 avIn=(9.50766e-10,-0.029632,1.14901e-09)
   G7 velDir=(-0.756072,0.000000,0.654489) w0=(-0.438541,0.000000,0.898711) w1=(-0.438541,0.000000,0.898711) w2=(-0.864959,0.000000,0.501843) w3=(-0.864959,0.000000,0.501843) steer=(255,0)
G6 l60=173.808 m18c=1 spd=48.0932 grip=8358.97 arm=lo kLo=0.744904 1-kLo=0.255096 ld4n=4 ld4avg=0.873473 le4avg=49.7621 avIn=(-0.000455054,-0.0241792,-0.000398508)
   G7 velDir=(0.863245,-0.064303,0.500673) w0=(-0.439749,0.000000,0.898121) w1=(-0.439749,0.000000,0.898121) w2=(-0.865633,0.000000,0.500679) w3=(-0.865633,0.000000,0.500679) steer=(255,0)
G6 l60=69.7846 m18c=1 spd=22.0909 grip=1541.6 arm=lo kLo=0.952954 1-kLo=0.047046 ld4n=4 ld4avg=0.668704 le4avg=26.1507 avIn=(-0.000178747,-0.0160728,-0.000175457)
   G7 velDir=(0.878009,-0.035677,0.477312) w0=(-0.441034,0.000000,0.897491) w1=(-0.441034,0.000000,0.897491) w2=(-0.866349,0.000000,0.499440) w3=(-0.866349,0.000000,0.499440) steer=(255,0)
G6 l60=16.8956 m18c=1 spd=8.66576 grip=146.413 arm=lo kLo=0.995532 1-kLo=0.0044682 ld4n=4 ld4avg=0.365144 le4avg=11.5706 avIn=(-9.60374e-06,-0.00647947,-1.00297e-05)
   G7 velDir=(0.484953,-0.004277,0.874530) w0=(-0.441623,0.000000,0.897201) w1=(-0.441623,0.000000,0.897201) w2=(-0.866677,0.000000,0.498871) w3=(-0.866677,0.000000,0.498871) steer=(255,0)
G6 l60=0.174444 m18c=1 spd=12.7021 grip=2.21581 arm=lo kLo=0.999932 1-kLo=6.75917e-05 ld4n=4 ld4avg=0.303347 le4avg=0.143806 avIn=(-4.25731e-08,-0.0305866,-4.40064e-08)
   G7 velDir=(-0.427329,-0.000013,0.904096) w0=(-0.441392,0.000000,0.897314) w1=(-0.441392,0.000000,0.897314) w2=(-0.866548,0.000000,0.499094) w3=(-0.866548,0.000000,0.499094) steer=(255,0)
G6 l60=12.1704 m18c=1 spd=22.5127 grip=273.989 arm=lo kLo=0.991639 1-kLo=0.00836146 ld4n=4 ld4avg=0.291587 le4avg=10.4347 avIn=(4.08459e-10,-0.0307221,8.50803e-10)
   G7 velDir=(-0.649297,0.000000,0.760535) w0=(-0.441053,0.000000,0.897481) w1=(-0.441053,0.000000,0.897481) w2=(-0.866359,0.000000,0.499421) w3=(-0.866359,0.000000,0.499421) steer=(255,0)
G6 l60=24.7827 m18c=1 spd=33.4697 grip=829.467 arm=lo kLo=0.974687 1-kLo=0.0253133 ld4n=4 ld4avg=0.29207 le4avg=21.213 avIn=(5.37068e-10,-0.0302721,9.20334e-10)
   G7 velDir=(-0.722654,0.000000,0.691210) w0=(-0.440452,0.000000,0.897776) w1=(-0.440452,0.000000,0.897776) w2=(-0.866024,0.000000,0.500002) w3=(-0.866024,0.000000,0.500002) steer=(255,0)
G6 l60=38.0817 m18c=1 spd=45.1488 grip=1719.34 arm=lo kLo=0.94753 1-kLo=0.0524702 ld4n=4 ld4avg=0.292848 le4avg=32.51 avIn=(9.44277e-10,-0.0296323,1.14831e-09)
   G7 velDir=(-0.756674,0.000000,0.653793) w0=(-0.439558,0.000000,0.898214) w1=(-0.439558,0.000000,0.898214) w2=(-0.865526,0.000000,0.500864) w3=(-0.865526,0.000000,0.500864) steer=(255,0)
G6 l60=52.0875 m18c=1 spd=57.4729 grip=2993.62 arm=lo kLo=0.908642 1-kLo=0.0913581 ld4n=4 ld4avg=0.293639 le4avg=44.3475 avIn=(4.18552e-09,-0.0290205,3.05603e-09)
   G7 velDir=(-0.775010,0.000000,0.631949) w0=(-0.438351,0.000000,0.898804) w1=(-0.438351,0.000000,0.898804) w2=(-0.864853,0.000000,0.502026) w3=(-0.864853,0.000000,0.502026) steer=(255,0)
G6 l60=185.095 m18c=1 spd=50.5029 grip=9347.84 arm=lo kLo=0.714727 1-kLo=0.285273 ld4n=4 ld4avg=0.898183 le4avg=51.5456 avIn=(-0.000548989,-0.0253071,-0.000430402)
   G7 velDir=(0.844706,-0.076901,0.529677) w0=(-0.439887,0.000000,0.898053) w1=(-0.439887,0.000000,0.898053) w2=(-0.865710,0.000000,0.500546) w3=(-0.865710,0.000000,0.500546) steer=(255,0)
G6 l60=77.7149 m18c=1 spd=23.7421 grip=1845.12 arm=lo kLo=0.943691 1-kLo=0.0563085 ld4n=4 ld4avg=0.727638 le4avg=26.7749 avIn=(-0.00024918,-0.0178731,-0.000224748)
   G7 velDir=(0.847888,-0.046619,0.528122) w0=(-0.441236,0.000000,0.897391) w1=(-0.441236,0.000000,0.897391) w2=(-0.866461,0.000000,0.499245) w3=(-0.866461,0.000000,0.499245) steer=(255,0)
G6 l60=17.6353 m18c=1 spd=8.95835 grip=157.984 arm=lo kLo=0.995179 1-kLo=0.0048213 ld4n=4 ld4avg=0.392282 le4avg=11.2438 avIn=(-1.6022e-05,-0.00675575,-1.55396e-05)
   G7 velDir=(0.451831,-0.006954,0.892076) w0=(-0.441870,0.000000,0.897079) w1=(-0.441870,0.000000,0.897079) w2=(-0.866813,0.000000,0.498633) w3=(-0.866813,0.000000,0.498633) steer=(255,0)
G6 l60=0.567358 m18c=1 spd=12.989 grip=7.36939 arm=lo kLo=0.999775 1-kLo=0.000224888 ld4n=4 ld4avg=0.29668 le4avg=0.478218 avIn=(-7.72695e-08,-0.0309558,-7.45667e-08)
   G7 velDir=(-0.440359,-0.000023,0.897822) w0=(-0.441630,0.000000,0.897197) w1=(-0.441630,0.000000,0.897197) w2=(-0.866680,0.000000,0.498864) w3=(-0.866680,0.000000,0.498864) steer=(255,0)
G6 l60=12.5625 m18c=1 spd=22.8526 grip=287.087 arm=lo kLo=0.991239 1-kLo=0.00876123 ld4n=4 ld4avg=0.291493 le4avg=10.7743 avIn=(3.93372e-10,-0.0307109,8.35263e-10)
   G7 velDir=(-0.653071,0.000000,0.757297) w0=(-0.441284,0.000000,0.897368) w1=(-0.441284,0.000000,0.897368) w2=(-0.866488,0.000000,0.499199) w3=(-0.866488,0.000000,0.499199) steer=(255,0)
G6 l60=25.2009 m18c=1 spd=33.8359 grip=852.695 arm=lo kLo=0.973978 1-kLo=0.0260222 ld4n=4 ld4avg=0.292095 le4avg=21.5691 avIn=(5.43119e-10,-0.0302528,9.24084e-10)
   G7 velDir=(-0.724345,0.000000,0.689438) w0=(-0.440674,0.000000,0.897667) w1=(-0.440674,0.000000,0.897667) w2=(-0.866148,0.000000,0.499788) w3=(-0.866148,0.000000,0.499788) steer=(255,0)
G6 l60=38.5224 m18c=1 spd=45.5366 grip=1754.18 arm=lo kLo=0.946467 1-kLo=0.0535333 ld4n=4 ld4avg=0.292874 le4avg=32.8834 avIn=(9.68944e-10,-0.0296095,1.16316e-09)
   G7 velDir=(-0.757627,0.000000,0.652688) w0=(-0.439770,0.000000,0.898111) w1=(-0.439770,0.000000,0.898111) w2=(-0.865644,0.000000,0.500659) w3=(-0.865644,0.000000,0.500659) steer=(255,0)
G6 l60=52.5517 m18c=1 spd=57.8813 grip=3041.76 arm=lo kLo=0.907173 1-kLo=0.0928271 ld4n=4 ld4avg=0.293664 le4avg=44.7387 avIn=(4.65109e-09,-0.0290053,3.33462e-09)
   G7 velDir=(-0.775618,0.000000,0.631203) w0=(-0.438553,0.000000,0.898706) w1=(-0.438553,0.000000,0.898706) w2=(-0.864965,0.000000,0.501832) w3=(-0.864965,0.000000,0.501832) steer=(255,0)
G6 l60=185.364 m18c=1 spd=50.5593 grip=9371.88 arm=lo kLo=0.713993 1-kLo=0.286007 ld4n=4 ld4avg=0.898803 le4avg=51.5854 avIn=(-0.00055184,-0.0253441,-0.000431376)
   G7 velDir=(0.844060,-0.077305,0.530647) w0=(-0.440100,0.000000,0.897949) w1=(-0.440100,0.000000,0.897949) w2=(-0.865828,0.000000,0.500341) w3=(-0.865828,0.000000,0.500341) steer=(255,0)
G6 l60=77.9085 m18c=1 spd=23.7817 grip=1852.8 arm=lo kLo=0.943457 1-kLo=0.0565429 ld4n=4 ld4avg=0.729146 le4avg=26.7864 avIn=(-0.000251304,-0.0179199,-0.000226199)
   G7 velDir=(0.846875,-0.046959,0.529715) w0=(-0.441450,0.000000,0.897286) w1=(-0.441450,0.000000,0.897286) w2=(-0.866580,0.000000,0.499038) w3=(-0.866580,0.000000,0.499038) steer=(255,0)
G6 l60=17.6478 m18c=1 spd=8.96658 grip=158.24 arm=lo kLo=0.995171 1-kLo=0.00482911 ld4n=4 ld4avg=0.393093 le4avg=11.2286 avIn=(-1.62245e-05,-0.00676232,-1.57083e-05)
   G7 velDir=(0.450120,-0.007039,0.892940) w0=(-0.442084,0.000000,0.896973) w1=(-0.442084,0.000000,0.896973) w2=(-0.866933,0.000000,0.498425) w3=(-0.866933,0.000000,0.498425) steer=(255,0)
G6 l60=0.585368 m18c=1 spd=13.0027 grip=7.61138 arm=lo kLo=0.999768 1-kLo=0.000232279 ld4n=4 ld4avg=0.296546 le4avg=0.493615 avIn=(-7.83949e-08,-0.0309576,-7.55313e-08)
   G7 velDir=(-0.441163,-0.000023,0.897427) w0=(-0.441845,0.000000,0.897091) w1=(-0.441845,0.000000,0.897091) w2=(-0.866800,0.000000,0.498656) w3=(-0.866800,0.000000,0.498656) steer=(255,0)
G6 l60=12.5812 m18c=1 spd=22.8689 grip=287.719 arm=lo kLo=0.99122 1-kLo=0.00878048 ld4n=4 ld4avg=0.291489 le4avg=10.7905 avIn=(3.92065e-10,-0.0307096,8.34586e-10)
   G7 velDir=(-0.653419,0.000000,0.756996) w0=(-0.441498,0.000000,0.897262) w1=(-0.441498,0.000000,0.897262) w2=(-0.866607,0.000000,0.498992) w3=(-0.866607,0.000000,0.498992) steer=(255,0)
G6 l60=25.2209 m18c=1 spd=33.8536 grip=853.818 arm=lo kLo=0.973944 1-kLo=0.0260565 ld4n=4 ld4avg=0.292096 le4avg=21.5862 avIn=(5.42975e-10,-0.0302512,9.24507e-10)
   G7 velDir=(-0.724581,0.000000,0.689190) w0=(-0.440887,0.000000,0.897563) w1=(-0.440887,0.000000,0.897563) w2=(-0.866267,0.000000,0.499581) w3=(-0.866267,0.000000,0.499581) steer=(255,0)
G6 l60=38.5436 m18c=1 spd=45.5553 grip=1755.87 arm=lo kLo=0.946415 1-kLo=0.0535848 ld4n=4 ld4avg=0.292875 le4avg=32.9013 avIn=(9.6971e-10,-0.0296077,1.16425e-09)
   G7 velDir=(-0.757820,0.000000,0.652464) w0=(-0.439983,0.000000,0.898006) w1=(-0.439983,0.000000,0.898006) w2=(-0.865763,0.000000,0.500453) w3=(-0.865763,0.000000,0.500453) steer=(255,0)
G6 l60=173.105 m18c=1 spd=47.8936 grip=8290.61 arm=lo kLo=0.746991 1-kLo=0.253009 ld4n=4 ld4avg=0.873845 le4avg=49.5401 avIn=(-0.000456884,-0.0241678,-0.000402073)
   G7 velDir=(0.862150,-0.064747,0.502499) w0=(-0.439983,0.000000,0.898006) w1=(-0.439983,0.000000,0.898006) w2=(-0.865763,0.000000,0.500453) w3=(-0.865763,0.000000,0.500453) steer=(255,0)
G6 l60=69.1053 m18c=1 spd=21.8962 grip=1513.15 arm=lo kLo=0.953822 1-kLo=0.0461776 ld4n=4 ld4avg=0.667574 le4avg=25.9399 avIn=(-0.000177378,-0.015946,-0.000174598)
   G7 velDir=(0.876194,-0.035797,0.480627) w0=(-0.441262,0.000000,0.897378) w1=(-0.441262,0.000000,0.897378) w2=(-0.866476,0.000000,0.499219) w3=(-0.866476,0.000000,0.499219) steer=(255,0)
G6 l60=16.6138 m18c=1 spd=8.64239 grip=143.583 arm=lo kLo=0.995618 1-kLo=0.00438178 ld4n=4 ld4avg=0.364367 le4avg=11.4019 avIn=(-9.34268e-06,-0.00644554,-9.77313e-06)
   G7 velDir=(0.468471,-0.004186,0.883469) w0=(-0.441847,0.000000,0.897091) w1=(-0.441847,0.000000,0.897091) w2=(-0.866801,0.000000,0.498655) w3=(-0.866801,0.000000,0.498655) steer=(255,0)
G6 l60=0.358254 m18c=1 spd=12.8297 grip=4.59629 arm=lo kLo=0.99986 1-kLo=0.00014025 ld4n=4 ld4avg=0.298332 le4avg=0.300342 avIn=(-4.06797e-08,-0.0309086,-4.21215e-08)
   G7 velDir=(-0.433706,-0.000012,0.901055) w0=(-0.441616,0.000000,0.897204) w1=(-0.441616,0.000000,0.897204) w2=(-0.866672,0.000000,0.498878) w3=(-0.866672,0.000000,0.498878) steer=(255,0)
G6 l60=12.3486 m18c=1 spd=22.6672 grip=279.909 arm=lo kLo=0.991458 1-kLo=0.00854212 ld4n=4 ld4avg=0.291543 le4avg=10.589 avIn=(4.05691e-10,-0.0307166,8.47972e-10)
   G7 velDir=(-0.651125,0.000000,0.758970) w0=(-0.441274,0.000000,0.897373) w1=(-0.441274,0.000000,0.897373) w2=(-0.866482,0.000000,0.499208) w3=(-0.866482,0.000000,0.499208) steer=(255,0)
G6 l60=24.9728 m18c=1 spd=33.6362 grip=839.991 arm=lo kLo=0.974366 1-kLo=0.0256345 ld4n=4 ld4avg=0.292081 le4avg=21.3749 avIn=(5.39593e-10,-0.0302629,9.2221e-10)
   G7 velDir=(-0.723517,0.000000,0.690307) w0=(-0.440668,0.000000,0.897670) w1=(-0.440668,0.000000,0.897670) w2=(-0.866145,0.000000,0.499793) w3=(-0.866145,0.000000,0.499793) steer=(255,0)
G6 l60=38.2821 m18c=1 spd=45.3252 grip=1735.15 arm=lo kLo=0.947048 1-kLo=0.0529524 ld4n=4 ld4avg=0.29286 le4avg=32.6798 avIn=(9.55077e-10,-0.0296215,1.15517e-09)
   G7 velDir=(-0.757193,0.000000,0.653191) w0=(-0.439770,0.000000,0.898111) w1=(-0.439770,0.000000,0.898111) w2=(-0.865645,0.000000,0.500659) w3=(-0.865645,0.000000,0.500659) steer=(255,0)
G6 l60=172.974 m18c=1 spd=47.8837 grip=8282.62 arm=lo kLo=0.747234 1-kLo=0.252766 ld4n=4 ld4avg=0.872829 le4avg=49.56 avIn=(-0.000455033,-0.0241513,-0.00040144)
   G7 velDir=(0.862541,-0.064505,0.501859) w0=(-0.440981,0.000000,0.897517) w1=(-0.440981,0.000000,0.897517) w2=(-0.866319,0.000000,0.499491) w3=(-0.866319,0.000000,0.499491) steer=(255,0)
G6 l60=69.0957 m18c=1 spd=21.9138 grip=1514.15 arm=lo kLo=0.953792 1-kLo=0.0462081 ld4n=4 ld4avg=0.666012 le4avg=25.9967 avIn=(-0.000176491,-0.0159352,-0.000174272)
   G7 velDir=(0.877208,-0.035593,0.478789) w0=(-0.442259,0.000000,0.896888) w1=(-0.442259,0.000000,0.896888) w2=(-0.867029,0.000000,0.498257) w3=(-0.867029,0.000000,0.498257) steer=(255,0)
G6 l60=16.6925 m18c=1 spd=8.64217 grip=144.259 arm=lo kLo=0.995598 1-kLo=0.00440246 ld4n=4 ld4avg=0.363891 le4avg=11.4708 avIn=(-9.30472e-06,-0.00644621,-9.76656e-06)
   G7 velDir=(0.474172,-0.004169,0.880423) w0=(-0.442843,0.000000,0.896599) w1=(-0.442843,0.000000,0.896599) w2=(-0.867354,0.000000,0.497691) w3=(-0.867354,0.000000,0.497691) steer=(255,0)
G6 l60=0.282383 m18c=1 spd=12.7747 grip=3.60736 arm=lo kLo=0.99989 1-kLo=0.00011009 ld4n=4 ld4avg=0.299797 le4avg=0.235607 avIn=(-4.0673e-08,-0.0308495,-4.22472e-08)
   G7 velDir=(-0.432151,-0.000012,0.901801) w0=(-0.442613,0.000000,0.896713) w1=(-0.442613,0.000000,0.896713) w2=(-0.867226,0.000000,0.497914) w3=(-0.867226,0.000000,0.497914) steer=(255,0)
G6 l60=12.2726 m18c=1 spd=22.6017 grip=277.381 arm=lo kLo=0.991535 1-kLo=0.00846499 ld4n=4 ld4avg=0.291561 le4avg=10.5232 avIn=(4.04604e-10,-0.0307152,8.50332e-10)
   G7 velDir=(-0.651274,0.000000,0.758843) w0=(-0.442272,0.000000,0.896881) w1=(-0.442272,0.000000,0.896881) w2=(-0.867037,0.000000,0.498244) w3=(-0.867037,0.000000,0.498244) steer=(255,0)
G6 l60=24.8922 m18c=1 spd=33.5661 grip=835.534 arm=lo kLo=0.974501 1-kLo=0.0254985 ld4n=4 ld4avg=0.292076 le4avg=21.3063 avIn=(5.36176e-10,-0.030263,9.22702e-10)
   G7 velDir=(-0.723992,0.000000,0.689809) w0=(-0.441669,0.000000,0.897178) w1=(-0.441669,0.000000,0.897178) w2=(-0.866702,0.000000,0.498827) w3=(-0.866702,0.000000,0.498827) steer=(255,0)
G6 l60=38.1977 m18c=1 spd=45.2514 grip=1728.5 arm=lo kLo=0.94725 1-kLo=0.0527496 ld4n=4 ld4avg=0.292855 le4avg=32.6083 avIn=(9.48057e-10,-0.0296223,1.15412e-09)
   G7 velDir=(-0.757769,0.000000,0.652523) w0=(-0.440773,0.000000,0.897619) w1=(-0.440773,0.000000,0.897619) w2=(-0.866203,0.000000,0.499692) w3=(-0.866203,0.000000,0.499692) steer=(255,0)
G6 l60=52.2102 m18c=1 spd=57.5814 grip=3006.34 arm=lo kLo=0.908254 1-kLo=0.0917462 ld4n=4 ld4avg=0.293645 le4avg=44.451 avIn=(4.30185e-09,-0.0290126,3.13496e-09)
   G7 velDir=(-0.775986,0.000000,0.630750) w0=(-0.439564,0.000000,0.898211) w1=(-0.439564,0.000000,0.898211) w2=(-0.865530,0.000000,0.500858) w3=(-0.865530,0.000000,0.500858) steer=(255,0)
G6 l60=184.243 m18c=1 spd=50.2925 grip=9266.06 arm=lo kLo=0.717222 1-kLo=0.282778 ld4n=4 ld4avg=0.897552 le4avg=51.3448 avIn=(-0.000548826,-0.0252919,-0.000434807)
   G7 velDir=(0.844052,-0.077095,0.530691) w0=(-0.441102,0.000000,0.897457) w1=(-0.441102,0.000000,0.897457) w2=(-0.866386,0.000000,0.499374) w3=(-0.866386,0.000000,0.499374) steer=(255,0)
G6 l60=76.953 m18c=1 spd=23.5523 grip=1812.42 arm=lo kLo=0.944689 1-kLo=0.0553107 ld4n=4 ld4avg=0.724813 le4avg=26.6154 avIn=(-0.000246011,-0.017722,-0.000223607)
   G7 velDir=(0.847276,-0.046507,0.529112) w0=(-0.442444,0.000000,0.896796) w1=(-0.442444,0.000000,0.896796) w2=(-0.867133,0.000000,0.498077) w3=(-0.867133,0.000000,0.498077) steer=(255,0)
G6 l60=17.4168 m18c=1 spd=8.93025 grip=155.537 arm=lo kLo=0.995253 1-kLo=0.00474662 ld4n=4 ld4avg=0.390481 le4avg=11.1555 avIn=(-1.55239e-05,-0.00671542,-1.51552e-05)
   G7 velDir=(0.442271,-0.006781,0.896856) w0=(-0.443072,0.000000,0.896486) w1=(-0.443072,0.000000,0.896486) w2=(-0.867481,0.000000,0.497470) w3=(-0.867481,0.000000,0.497470) steer=(255,0)
G6 l60=0.662326 m18c=1 spd=13.0612 grip=8.65077 arm=lo kLo=0.999736 1-kLo=0.000263989 ld4n=4 ld4avg=0.2959 le4avg=0.559698 avIn=(-7.37761e-08,-0.0309634,-7.16735e-08)
   G7 velDir=(-0.444748,-0.000022,0.895656) w0=(-0.442834,0.000000,0.896604) w1=(-0.442834,0.000000,0.896604) w2=(-0.867349,0.000000,0.497700) w3=(-0.867349,0.000000,0.497700) steer=(255,0)
G6 l60=12.6616 m18c=1 spd=22.9391 grip=290.444 arm=lo kLo=0.991136 1-kLo=0.00886363 ld4n=4 ld4avg=0.291471 le4avg=10.8601 avIn=(3.88954e-10,-0.030704,8.34157e-10)
   G7 velDir=(-0.654970,0.000000,0.755655) w0=(-0.442486,0.000000,0.896775) w1=(-0.442486,0.000000,0.896775) w2=(-0.867156,0.000000,0.498037) w3=(-0.867156,0.000000,0.498037) steer=(255,0)
G6 l60=25.307 m18c=1 spd=33.9294 grip=858.653 arm=lo kLo=0.973796 1-kLo=0.026204 ld4n=4 ld4avg=0.292101 le4avg=21.6595 avIn=(5.42255e-10,-0.030244,9.26435e-10)
   G7 velDir=(-0.725645,0.000000,0.688069) w0=(-0.441874,0.000000,0.897077) w1=(-0.441874,0.000000,0.897077) w2=(-0.866816,0.000000,0.498629) w3=(-0.866816,0.000000,0.498629) steer=(255,0)
G6 l60=38.6348 m18c=1 spd=45.636 grip=1763.14 arm=lo kLo=0.946193 1-kLo=0.0538067 ld4n=4 ld4avg=0.29288 le4avg=32.9786 avIn=(9.72893e-10,-0.0295997,1.16907e-09)
   G7 velDir=(-0.758697,0.000000,0.651443) w0=(-0.440968,0.000000,0.897523) w1=(-0.440968,0.000000,0.897523) w2=(-0.866312,0.000000,0.499503) w3=(-0.866312,0.000000,0.499503) steer=(255,0)
G6 l60=172.432 m18c=1 spd=47.7249 grip=8229.3 arm=lo kLo=0.748862 1-kLo=0.251138 ld4n=4 ld4avg=0.873312 le4avg=49.3778 avIn=(-0.000456792,-0.0241447,-0.000404369)
   G7 velDir=(0.861596,-0.064900,0.503429) w0=(-0.440968,0.000000,0.897523) w1=(-0.440968,0.000000,0.897523) w2=(-0.866312,0.000000,0.499503) w3=(-0.866312,0.000000,0.499503) steer=(255,0)
G6 l60=68.5541 m18c=1 spd=21.7547 grip=1491.37 arm=lo kLo=0.954487 1-kLo=0.045513 ld4n=4 ld4avg=0.665386 le4avg=25.8172 avIn=(-0.000175542,-0.0158359,-0.000173614)
   G7 velDir=(0.875549,-0.035722,0.481806) w0=(-0.442242,0.000000,0.896896) w1=(-0.442242,0.000000,0.896896) w2=(-0.867020,0.000000,0.498273) w3=(-0.867020,0.000000,0.498273) steer=(255,0)
G6 l60=16.453 m18c=1 spd=8.6251 grip=141.909 arm=lo kLo=0.995669 1-kLo=0.00433069 ld4n=4 ld4avg=0.363365 le4avg=11.3226 avIn=(-9.10591e-06,-0.00641935,-9.56416e-06)
   G7 velDir=(0.459768,-0.004099,0.888030) w0=(-0.442822,0.000000,0.896609) w1=(-0.442822,0.000000,0.896609) w2=(-0.867343,0.000000,0.497712) w3=(-0.867343,0.000000,0.497712) steer=(255,0)
G6 l60=0.444932 m18c=1 spd=12.8946 grip=5.73721 arm=lo kLo=0.999825 1-kLo=0.000175059 ld4n=4 ld4avg=0.297092 le4avg=0.374521 avIn=(-3.92142e-08,-0.0309366,-4.07653e-08)
   G7 velDir=(-0.437643,-0.000012,0.899149) w0=(-0.442592,0.000000,0.896723) w1=(-0.442592,0.000000,0.896723) w2=(-0.867215,0.000000,0.497934) w3=(-0.867215,0.000000,0.497934) steer=(255,0)
G6 l60=12.438 m18c=1 spd=22.7451 grip=282.904 arm=lo kLo=0.991366 1-kLo=0.00863355 ld4n=4 ld4avg=0.291522 le4avg=10.6664 avIn=(4.02788e-10,-0.0307109,8.47745e-10)
   G7 velDir=(-0.652763,0.000000,0.757562) w0=(-0.442248,0.000000,0.896893) w1=(-0.442248,0.000000,0.896893) w2=(-0.867024,0.000000,0.498267) w3=(-0.867024,0.000000,0.498267) steer=(255,0)
G6 l60=25.0686 m18c=1 spd=33.7205 grip=845.325 arm=lo kLo=0.974203 1-kLo=0.0257972 ld4n=4 ld4avg=0.292087 le4avg=21.4565 avIn=(5.39033e-10,-0.0302554,9.24192e-10)
   G7 velDir=(-0.724611,0.000000,0.689158) w0=(-0.441641,0.000000,0.897192) w1=(-0.441641,0.000000,0.897192) w2=(-0.866686,0.000000,0.498853) w3=(-0.866686,0.000000,0.498853) steer=(255,0)
G6 l60=38.3835 m18c=1 spd=45.4148 grip=1743.18 arm=lo kLo=0.946802 1-kLo=0.0531976 ld4n=4 ld4avg=0.292865 le4avg=32.7657 avIn=(9.58715e-10,-0.0296131,1.16019e-09)
   G7 velDir=(-0.758082,0.000000,0.652159) w0=(-0.440741,0.000000,0.897634) w1=(-0.440741,0.000000,0.897634) w2=(-0.866185,0.000000,0.499723) w3=(-0.866185,0.000000,0.499723) steer=(255,0)
G6 l60=172.318 m18c=1 spd=47.7187 grip=8222.81 arm=lo kLo=0.74906 1-kLo=0.25094 ld4n=4 ld4avg=0.872324 le4avg=49.4009 avIn=(-0.000455028,-0.0241291,-0.000403704)
   G7 velDir=(0.861977,-0.064668,0.502806) w0=(-0.441953,0.000000,0.897038) w1=(-0.441953,0.000000,0.897038) w2=(-0.866860,0.000000,0.498552) w3=(-0.866860,0.000000,0.498552) steer=(255,0)
G6 l60=68.5569 m18c=1 spd=21.7749 grip=1492.82 arm=lo kLo=0.954443 1-kLo=0.0455573 ld4n=4 ld4avg=0.663901 le4avg=25.8757 avIn=(-0.000174737,-0.0158277,-0.000173329)
   G7 velDir=(0.876550,-0.035528,0.479997) w0=(-0.443226,0.000000,0.896410) w1=(-0.443226,0.000000,0.896410) w2=(-0.867567,0.000000,0.497321) w3=(-0.867567,0.000000,0.497321) steer=(255,0)
G6 l60=16.5335 m18c=1 spd=8.62471 grip=142.597 arm=lo kLo=0.995648 1-kLo=0.00435174 ld4n=4 ld4avg=0.362924 le4avg=11.3918 avIn=(-9.07557e-06,-0.00642041,-9.56319e-06)
   G7 velDir=(0.465546,-0.004085,0.885014) w0=(-0.443807,0.000000,0.896122) w1=(-0.443807,0.000000,0.896122) w2=(-0.867889,0.000000,0.496759) w3=(-0.867889,0.000000,0.496759) steer=(255,0)
G6 l60=0.368663 m18c=1 spd=12.8381 grip=4.73293 arm=lo kLo=0.999856 1-kLo=0.000144422 ld4n=4 ld4avg=0.29811 le4avg=0.309293 avIn=(-3.92415e-08,-0.0309077,-4.09151e-08)
   G7 velDir=(-0.436068,-0.000012,0.899914) w0=(-0.443577,0.000000,0.896236) w1=(-0.443577,0.000000,0.896236) w2=(-0.867761,0.000000,0.496981) w3=(-0.867761,0.000000,0.496981) steer=(255,0)
G6 l60=12.3603 m18c=1 spd=22.6781 grip=280.308 arm=lo kLo=0.991446 1-kLo=0.00855434 ld4n=4 ld4avg=0.29154 le4avg=10.5991 avIn=(4.01678e-10,-0.0307096,8.50051e-10)
   G7 velDir=(-0.652892,0.000000,0.757451) w0=(-0.443235,0.000000,0.896406) w1=(-0.443235,0.000000,0.896406) w2=(-0.867571,0.000000,0.497313) w3=(-0.867571,0.000000,0.497313) steer=(255,0)
G6 l60=24.9862 m18c=1 spd=33.6488 grip=840.755 arm=lo kLo=0.974342 1-kLo=0.0256578 ld4n=4 ld4avg=0.292082 le4avg=21.3863 avIn=(5.35597e-10,-0.0302556,9.24644e-10)
   G7 velDir=(-0.725072,0.000000,0.688673) w0=(-0.442630,0.000000,0.896704) w1=(-0.442630,0.000000,0.896704) w2=(-0.867236,0.000000,0.497898) w3=(-0.867236,0.000000,0.497898) steer=(255,0)
G6 l60=38.2972 m18c=1 spd=45.3393 grip=1736.37 arm=lo kLo=0.94701 1-kLo=0.0529897 ld4n=4 ld4avg=0.29286 le4avg=32.6926 avIn=(9.51549e-10,-0.029614,1.15902e-09)
   G7 velDir=(-0.758646,0.000000,0.651503) w0=(-0.441732,0.000000,0.897147) w1=(-0.441732,0.000000,0.897147) w2=(-0.866737,0.000000,0.498766) w3=(-0.866737,0.000000,0.498766) steer=(255,0)
G6 l60=52.3154 m18c=1 spd=57.6744 grip=3017.26 arm=lo kLo=0.90792 1-kLo=0.0920796 ld4n=4 ld4avg=0.293651 le4avg=44.5397 avIn=(4.4068e-09,-0.0290061,3.20543e-09)
   G7 velDir=(-0.776763,0.000000,0.629793) w0=(-0.440521,0.000000,0.897742) w1=(-0.440521,0.000000,0.897742) w2=(-0.866063,0.000000,0.499934) w3=(-0.866063,0.000000,0.499934) steer=(255,0)
G6 l60=183.58 m18c=1 spd=50.1282 grip=9202.52 arm=lo kLo=0.719161 1-kLo=0.280839 ld4n=4 ld4avg=0.897066 le4avg=51.1878 avIn=(-0.000548734,-0.0252803,-0.000438253)
   G7 velDir=(0.843522,-0.077255,0.531510) w0=(-0.442061,0.000000,0.896985) w1=(-0.442061,0.000000,0.896985) w2=(-0.866920,0.000000,0.498448) w3=(-0.866920,0.000000,0.498448) steer=(255,0)
G6 l60=76.3619 m18c=1 spd=23.4047 grip=1787.22 arm=lo kLo=0.945458 1-kLo=0.0545418 ld4n=4 ld4avg=0.722619 le4avg=26.4909 avIn=(-0.000243579,-0.0176049,-0.000222718)
   G7 velDir=(0.846760,-0.046423,0.529946) w0=(-0.443398,0.000000,0.896325) w1=(-0.443398,0.000000,0.896325) w2=(-0.867662,0.000000,0.497154) w3=(-0.867662,0.000000,0.497154) steer=(255,0)
G6 l60=17.2471 m18c=1 spd=8.9094 grip=153.661 arm=lo kLo=0.995311 1-kLo=0.0046894 ld4n=4 ld4avg=0.389107 le4avg=11.0857 avIn=(-1.5146e-05,-0.0066844,-1.48611e-05)
   G7 velDir=(0.434633,-0.006649,0.900583) w0=(-0.444022,0.000000,0.896016) w1=(-0.444022,0.000000,0.896016) w2=(-0.868008,0.000000,0.496550) w3=(-0.868008,0.000000,0.496550) steer=(255,0)
G6 l60=0.737596 m18c=1 spd=13.1187 grip=9.6763 arm=lo kLo=0.999705 1-kLo=0.000295281 ld4n=4 ld4avg=0.29541 le4avg=0.624316 avIn=(-7.11645e-08,-0.0309658,-6.94944e-08)
   G7 velDir=(-0.448192,-0.000021,0.893937) w0=(-0.443785,0.000000,0.896133) w1=(-0.443785,0.000000,0.896133) w2=(-0.867877,0.000000,0.496780) w3=(-0.867877,0.000000,0.496780) steer=(255,0)
G6 l60=12.7402 m18c=1 spd=23.0077 grip=293.122 arm=lo kLo=0.991055 1-kLo=0.00894541 ld4n=4 ld4avg=0.291453 le4avg=10.9282 avIn=(3.85603e-10,-0.0306985,8.33401e-10)
   G7 velDir=(-0.656466,0.000000,0.754356) w0=(-0.443435,0.000000,0.896306) w1=(-0.443435,0.000000,0.896306) w2=(-0.867683,0.000000,0.497119) w3=(-0.867683,0.000000,0.497119) steer=(255,0)
G6 l60=25.3913 m18c=1 spd=34.0037 grip=863.399 arm=lo kLo=0.973651 1-kLo=0.0263488 ld4n=4 ld4avg=0.292106 le4avg=21.7313 avIn=(5.41584e-10,-0.0302369,9.283e-10)
   G7 velDir=(-0.726671,0.000000,0.686985) w0=(-0.442822,0.000000,0.896610) w1=(-0.442822,0.000000,0.896610) w2=(-0.867342,0.000000,0.497712) w3=(-0.867342,0.000000,0.497712) steer=(255,0)
G6 l60=38.724 m18c=1 spd=45.715 grip=1770.27 arm=lo kLo=0.945976 1-kLo=0.0540243 ld4n=4 ld4avg=0.292885 le4avg=33.0543 avIn=(9.76094e-10,-0.0295919,1.1738e-09)
   G7 velDir=(-0.759542,0.000000,0.650458) w0=(-0.441914,0.000000,0.897057) w1=(-0.441914,0.000000,0.897057) w2=(-0.866838,0.000000,0.498590) w3=(-0.866838,0.000000,0.498590) steer=(255,0)
G6 l60=171.788 m18c=1 spd=47.5631 grip=8170.74 arm=lo kLo=0.750649 1-kLo=0.249351 ld4n=4 ld4avg=0.872802 le4avg=49.2221 avIn=(-0.000456709,-0.0241223,-0.000406527)
   G7 velDir=(0.861057,-0.065049,0.504331) w0=(-0.441914,0.000000,0.897057) w1=(-0.441914,0.000000,0.897057) w2=(-0.866838,0.000000,0.498590) w3=(-0.866838,0.000000,0.498590) steer=(255,0)
G6 l60=68.0284 m18c=1 spd=21.6194 grip=1470.73 arm=lo kLo=0.955117 1-kLo=0.0448833 ld4n=4 ld4avg=0.663293 le4avg=25.6998 avIn=(-0.000173798,-0.0157309,-0.00017266)
   G7 velDir=(0.874909,-0.035650,0.482973) w0=(-0.443183,0.000000,0.896431) w1=(-0.443183,0.000000,0.896431) w2=(-0.867543,0.000000,0.497363) w3=(-0.867543,0.000000,0.497363) steer=(255,0)
G6 l60=16.2996 m18c=1 spd=8.60947 grip=140.331 arm=lo kLo=0.995717 1-kLo=0.00428253 ld4n=4 ld4avg=0.362421 le4avg=11.2462 avIn=(-8.88408e-06,-0.00639457,-9.36686e-06)
   G7 velDir=(0.451309,-0.004017,0.892358) w0=(-0.443760,0.000000,0.896146) w1=(-0.443760,0.000000,0.896146) w2=(-0.867863,0.000000,0.496804) w3=(-0.867863,0.000000,0.496804) steer=(255,0)
G6 l60=0.528595 m18c=1 spd=12.9579 grip=6.84946 arm=lo kLo=0.999791 1-kLo=0.000209033 ld4n=4 ld4avg=0.296219 le4avg=0.44622 avIn=(-3.78593e-08,-0.0309493,-3.95034e-08)
   G7 velDir=(-0.441413,-0.000011,0.897304) w0=(-0.443530,0.000000,0.896259) w1=(-0.443530,0.000000,0.896259) w2=(-0.867735,0.000000,0.497027) w3=(-0.867735,0.000000,0.497027) steer=(255,0)
G6 l60=12.5249 m18c=1 spd=22.8208 grip=285.828 arm=lo kLo=0.991277 1-kLo=0.00872278 ld4n=4 ld4avg=0.291502 le4avg=10.7417 avIn=(4.0008e-10,-0.0307053,8.47598e-10)
   G7 velDir=(-0.654339,0.000000,0.756202) w0=(-0.443185,0.000000,0.896430) w1=(-0.443185,0.000000,0.896430) w2=(-0.867544,0.000000,0.497361) w3=(-0.867544,0.000000,0.497361) steer=(255,0)
G6 l60=25.1616 m18c=1 spd=33.8024 grip=850.525 arm=lo kLo=0.974044 1-kLo=0.025956 ld4n=4 ld4avg=0.292092 le4avg=21.5357 avIn=(5.38518e-10,-0.030248,9.26111e-10)
   G7 velDir=(-0.725664,0.000000,0.688049) w0=(-0.442576,0.000000,0.896731) w1=(-0.442576,0.000000,0.896731) w2=(-0.867206,0.000000,0.497950) w3=(-0.867206,0.000000,0.497950) steer=(255,0)
G6 l60=38.482 m18c=1 spd=45.5019 grip=1751 arm=lo kLo=0.946564 1-kLo=0.0534364 ld4n=4 ld4avg=0.292871 le4avg=32.8492 avIn=(9.62331e-10,-0.0296049,1.16509e-09)
   G7 velDir=(-0.758936,0.000000,0.651165) w0=(-0.441674,0.000000,0.897176) w1=(-0.441674,0.000000,0.897176) w2=(-0.866705,0.000000,0.498822) w3=(-0.866705,0.000000,0.498822) steer=(255,0)
G6 l60=171.809 m18c=1 spd=47.5761 grip=8174 arm=lo kLo=0.750549 1-kLo=0.249451 ld4n=4 ld4avg=0.872514 le4avg=49.2443 avIn=(-0.000455218,-0.0241121,-0.000405053)
   G7 velDir=(0.861518,-0.064798,0.503575) w0=(-0.441674,0.000000,0.897176) w1=(-0.441674,0.000000,0.897176) w2=(-0.866705,0.000000,0.498822) w3=(-0.866705,0.000000,0.498822) steer=(255,0)
G6 l60=68.0787 m18c=1 spd=21.6391 grip=1473.16 arm=lo kLo=0.955043 1-kLo=0.0449573 ld4n=4 ld4avg=0.662983 le4avg=25.7307 avIn=(-0.000173361,-0.0157379,-0.000172188)
   G7 velDir=(0.875580,-0.035504,0.481766) w0=(-0.442943,0.000000,0.896550) w1=(-0.442943,0.000000,0.896550) w2=(-0.867410,0.000000,0.497595) w3=(-0.867410,0.000000,0.497595) steer=(255,0)
G6 l60=16.3416 m18c=1 spd=8.61052 grip=140.709 arm=lo kLo=0.995706 1-kLo=0.0042941 ld4n=4 ld4avg=0.362359 le4avg=11.2771 avIn=(-8.87845e-06,-0.0063989,-9.35976e-06)
   G7 velDir=(0.454606,-0.004010,0.890684) w0=(-0.443520,0.000000,0.896264) w1=(-0.443520,0.000000,0.896264) w2=(-0.867730,0.000000,0.497036) w3=(-0.867730,0.000000,0.497036) steer=(255,0)
G6 l60=0.494363 m18c=1 spd=12.9319 grip=6.39307 arm=lo kLo=0.999805 1-kLo=0.000195086 ld4n=4 ld4avg=0.296534 le4avg=0.416891 avIn=(-3.79226e-08,-0.0309448,-3.95611e-08)
   G7 velDir=(-0.440026,-0.000011,0.897985) w0=(-0.443291,0.000000,0.896378) w1=(-0.443291,0.000000,0.896378) w2=(-0.867603,0.000000,0.497258) w3=(-0.867603,0.000000,0.497258) steer=(255,0)
G6 l60=12.4894 m18c=1 spd=22.7899 grip=284.632 arm=lo kLo=0.991314 1-kLo=0.0086863 ld4n=4 ld4avg=0.29151 le4avg=10.7109 avIn=(4.00985e-10,-0.0307071,8.47909e-10)
   G7 velDir=(-0.653818,0.000000,0.756652) w0=(-0.442946,0.000000,0.896548) w1=(-0.442946,0.000000,0.896548) w2=(-0.867411,0.000000,0.497592) w3=(-0.867411,0.000000,0.497592) steer=(255,0)
G6 l60=25.1237 m18c=1 spd=33.7691 grip=848.404 arm=lo kLo=0.974109 1-kLo=0.0258912 ld4n=4 ld4avg=0.29209 le4avg=21.5034 avIn=(5.38421e-10,-0.0302505,9.25499e-10)
   G7 velDir=(-0.725345,0.000000,0.688385) w0=(-0.442338,0.000000,0.896848) w1=(-0.442338,0.000000,0.896848) w2=(-0.867074,0.000000,0.498180) w3=(-0.867074,0.000000,0.498180) steer=(255,0)
G6 l60=38.4419 m18c=1 spd=45.4665 grip=1747.82 arm=lo kLo=0.946661 1-kLo=0.0533392 ld4n=4 ld4avg=0.292869 le4avg=32.8152 avIn=(9.60528e-10,-0.0296077,1.16333e-09)
   G7 velDir=(-0.758692,0.000000,0.651449) w0=(-0.441437,0.000000,0.897292) w1=(-0.441437,0.000000,0.897292) w2=(-0.866573,0.000000,0.499051) w3=(-0.866573,0.000000,0.499051) steer=(255,0)
G6 l60=171.84 m18c=1 spd=47.5988 grip=8179.35 arm=lo kLo=0.750386 1-kLo=0.249614 ld4n=4 ld4avg=0.871934 le4avg=49.2858 avIn=(-0.000454922,-0.0241119,-0.000405229)
   G7 velDir=(0.861592,-0.064770,0.503452) w0=(-0.442650,0.000000,0.896695) w1=(-0.442650,0.000000,0.896695) w2=(-0.867247,0.000000,0.497878) w3=(-0.867247,0.000000,0.497878) steer=(255,0)
G6 l60=68.1675 m18c=1 spd=21.6749 grip=1477.53 arm=lo kLo=0.95491 1-kLo=0.0450905 ld4n=4 ld4avg=0.662336 le4avg=25.7894 avIn=(-0.000173431,-0.0157497,-0.000172598)
   G7 velDir=(0.876101,-0.035470,0.480821) w0=(-0.443919,0.000000,0.896067) w1=(-0.443919,0.000000,0.896067) w2=(-0.867951,0.000000,0.496650) w3=(-0.867951,0.000000,0.496650) steer=(255,0)
G6 l60=16.4205 m18c=1 spd=8.61264 grip=141.424 arm=lo kLo=0.995684 1-kLo=0.00431591 ld4n=4 ld4avg=0.362222 le4avg=11.3358 avIn=(-8.91055e-06,-0.00640203,-9.4156e-06)
   G7 velDir=(0.459382,-0.004024,0.888230) w0=(-0.444497,0.000000,0.895780) w1=(-0.444497,0.000000,0.895780) w2=(-0.868271,0.000000,0.496090) w3=(-0.868271,0.000000,0.496090) steer=(255,0)
G6 l60=0.429891 m18c=1 spd=12.8839 grip=5.53868 arm=lo kLo=0.999831 1-kLo=0.000169039 ld4n=4 ld4avg=0.297234 le4avg=0.361692 avIn=(-3.82296e-08,-0.0309272,-3.99685e-08)
   G7 velDir=(-0.438848,-0.000012,0.898561) w0=(-0.444268,0.000000,0.895894) w1=(-0.444268,0.000000,0.895894) w2=(-0.868144,0.000000,0.496312) w3=(-0.868144,0.000000,0.496312) steer=(255,0)
G6 l60=12.4234 m18c=1 spd=22.7332 grip=282.423 arm=lo kLo=0.991381 1-kLo=0.00861889 ld4n=4 ld4avg=0.291526 le4avg=10.6538 avIn=(3.99652e-10,-0.0307055,8.49914e-10)
   G7 velDir=(-0.654048,0.000000,0.756453) w0=(-0.443924,0.000000,0.896064) w1=(-0.443924,0.000000,0.896064) w2=(-0.867954,0.000000,0.496645) w3=(-0.867954,0.000000,0.496645) steer=(255,0)
G6 l60=25.0538 m18c=1 spd=33.7083 grip=844.522 arm=lo kLo=0.974227 1-kLo=0.0257728 ld4n=4 ld4avg=0.292086 le4avg=21.4439 avIn=(5.35197e-10,-0.0302502,9.26042e-10)
   G7 velDir=(-0.725845,0.000000,0.687858) w0=(-0.443318,0.000000,0.896364) w1=(-0.443318,0.000000,0.896364) w2=(-0.867618,0.000000,0.497232) w3=(-0.867618,0.000000,0.497232) steer=(255,0)
G6 l60=38.3687 m18c=1 spd=45.4026 grip=1742.04 arm=lo kLo=0.946837 1-kLo=0.0531629 ld4n=4 ld4avg=0.292864 le4avg=32.7533 avIn=(9.54107e-10,-0.029608,1.16257e-09)
   G7 velDir=(-0.759273,0.000000,0.650772) w0=(-0.442419,0.000000,0.896809) w1=(-0.442419,0.000000,0.896809) w2=(-0.867119,0.000000,0.498102) w3=(-0.867119,0.000000,0.498102) steer=(255,0)
G6 l60=171.184 m18c=1 spd=47.4256 grip=8118.51 arm=lo kLo=0.752243 1-kLo=0.247757 ld4n=4 ld4avg=0.871761 le4avg=49.1076 avIn=(-0.000453888,-0.0240807,-0.000405904)
   G7 velDir=(0.861363,-0.064737,0.503848) w0=(-0.442419,0.000000,0.896809) w1=(-0.442419,0.000000,0.896809) w2=(-0.867119,0.000000,0.498102) w3=(-0.867119,0.000000,0.498102) steer=(255,0)
G6 l60=67.5991 m18c=1 spd=21.5212 grip=1454.81 arm=lo kLo=0.955603 1-kLo=0.0443974 ld4n=4 ld4avg=0.660639 le4avg=25.6398 avIn=(-0.000171276,-0.0156395,-0.000170832)
   G7 velDir=(0.875492,-0.035311,0.481941) w0=(-0.443684,0.000000,0.896183) w1=(-0.443684,0.000000,0.896183) w2=(-0.867821,0.000000,0.496878) w3=(-0.867821,0.000000,0.496878) steer=(255,0)
G6 l60=16.2244 m18c=1 spd=8.59632 grip=139.47 arm=lo kLo=0.995744 1-kLo=0.00425631 ld4n=4 ld4avg=0.361381 le4avg=11.2264 avIn=(-8.65775e-06,-0.00637807,-9.16026e-06)
   G7 velDir=(0.448866,-0.003923,0.893591) w0=(-0.444257,0.000000,0.895899) w1=(-0.444257,0.000000,0.895899) w2=(-0.868138,0.000000,0.496322) w3=(-0.868138,0.000000,0.496322) steer=(255,0)
G6 l60=0.549504 m18c=1 spd=12.9738 grip=7.12914 arm=lo kLo=0.999782 1-kLo=0.000217557 ld4n=4 ld4avg=0.296016 le4avg=0.464181 avIn=(-3.66673e-08,-0.0309504,-3.83835e-08)
   G7 velDir=(-0.442628,-0.000011,0.896705) w0=(-0.444028,0.000000,0.896013) w1=(-0.444028,0.000000,0.896013) w2=(-0.868011,0.000000,0.496544) w3=(-0.868011,0.000000,0.496544) steer=(255,0)
G6 l60=12.5468 m18c=1 spd=22.84 grip=286.57 arm=lo kLo=0.991255 1-kLo=0.00874543 ld4n=4 ld4avg=0.291497 le4avg=10.7607 avIn=(3.99077e-10,-0.0307029,8.48063e-10)
   G7 velDir=(-0.654956,0.000000,0.755667) w0=(-0.443682,0.000000,0.896184) w1=(-0.443682,0.000000,0.896184) w2=(-0.867820,0.000000,0.496879) w3=(-0.867820,0.000000,0.496879) steer=(255,0)
G6 l60=25.1853 m18c=1 spd=33.8233 grip=851.849 arm=lo kLo=0.974004 1-kLo=0.0259964 ld4n=4 ld4avg=0.292094 le4avg=21.5559 avIn=(5.37831e-10,-0.0302452,9.26909e-10)
   G7 velDir=(-0.726130,0.000000,0.687557) w0=(-0.443073,0.000000,0.896485) w1=(-0.443073,0.000000,0.896485) w2=(-0.867482,0.000000,0.497469) w3=(-0.867482,0.000000,0.497469) steer=(255,0)
G6 l60=38.5071 m18c=1 spd=45.5242 grip=1753.01 arm=lo kLo=0.946503 1-kLo=0.0534975 ld4n=4 ld4avg=0.292872 le4avg=32.8705 avIn=(9.62683e-10,-0.0296019,1.1668e-09)
   G7 velDir=(-0.759342,0.000000,0.650692) w0=(-0.442171,0.000000,0.896931) w1=(-0.442171,0.000000,0.896931) w2=(-0.866981,0.000000,0.498341) w3=(-0.866981,0.000000,0.498341) steer=(255,0)
G6 l60=171.337 m18c=1 spd=47.4727 grip=8133.84 arm=lo kLo=0.751775 1-kLo=0.248225 ld4n=4 ld4avg=0.871529 le4avg=49.1646 avIn=(-0.000454832,-0.0240938,-0.000406819)
   G7 velDir=(0.861178,-0.064882,0.504146) w0=(-0.443385,0.000000,0.896331) w1=(-0.443385,0.000000,0.896331) w2=(-0.867655,0.000000,0.497167) w3=(-0.867655,0.000000,0.497167) steer=(255,0)
G6 l60=67.76 m18c=1 spd=21.5701 grip=1461.59 arm=lo kLo=0.955396 1-kLo=0.0446041 ld4n=4 ld4avg=0.660699 le4avg=25.6984 avIn=(-0.000172075,-0.0156682,-0.000171829)
   G7 velDir=(0.875609,-0.035412,0.481720) w0=(-0.444651,0.000000,0.895704) w1=(-0.444651,0.000000,0.895704) w2=(-0.868356,0.000000,0.495941) w3=(-0.868356,0.000000,0.495941) steer=(255,0)
G6 l60=16.3019 m18c=1 spd=8.6005 grip=140.205 arm=lo kLo=0.995721 1-kLo=0.00427872 ld4n=4 ld4avg=0.361496 le4avg=11.2765 avIn=(-8.74047e-06,-0.00638289,-9.26262e-06)
   G7 velDir=(0.452812,-0.003960,0.891597) w0=(-0.445226,0.000000,0.895418) w1=(-0.445226,0.000000,0.895418) w2=(-0.868675,0.000000,0.495383) w3=(-0.868675,0.000000,0.495383) steer=(255,0)
G6 l60=0.494836 m18c=1 spd=12.9329 grip=6.39968 arm=lo kLo=0.999805 1-kLo=0.000195324 ld4n=4 ld4avg=0.296502 le4avg=0.417334 avIn=(-3.71963e-08,-0.030939,-3.89972e-08)
   G7 velDir=(-0.441780,-0.000011,0.897124) w0=(-0.444997,0.000000,0.895532) w1=(-0.444997,0.000000,0.895532) w2=(-0.868548,0.000000,0.495606) w3=(-0.868548,0.000000,0.495606) steer=(255,0)
G6 l60=12.4908 m18c=1 spd=22.7919 grip=284.688 arm=lo kLo=0.991312 1-kLo=0.00868797 ld4n=4 ld4avg=0.29151 le4avg=10.7121 avIn=(3.97554e-10,-0.0307011,8.49807e-10)
   G7 velDir=(-0.655271,0.000000,0.755394) w0=(-0.444652,0.000000,0.895703) w1=(-0.444652,0.000000,0.895703) w2=(-0.868357,0.000000,0.495940) w3=(-0.868357,0.000000,0.495940) steer=(255,0)
G6 l60=25.126 m18c=1 spd=33.7718 grip=848.551 arm=lo kLo=0.974104 1-kLo=0.0258957 ld4n=4 ld4avg=0.29209 le4avg=21.5054 avIn=(5.34784e-10,-0.0302444,9.27526e-10)
   G7 velDir=(-0.726662,0.000000,0.686995) w0=(-0.444045,0.000000,0.896005) w1=(-0.444045,0.000000,0.896005) w2=(-0.868020,0.000000,0.496529) w3=(-0.868020,0.000000,0.496529) steer=(255,0)
G6 l60=38.4451 m18c=1 spd=45.4702 grip=1748.11 arm=lo kLo=0.946652 1-kLo=0.0533479 ld4n=4 ld4avg=0.292868 le4avg=32.818 avIn=(9.56884e-10,-0.0296016,1.16637e-09)
   G7 velDir=(-0.759936,0.000000,0.649997) w0=(-0.443144,0.000000,0.896451) w1=(-0.443144,0.000000,0.896451) w2=(-0.867521,0.000000,0.497400) w3=(-0.867521,0.000000,0.497400) steer=(255,0)
G6 l60=52.4719 m18c=1 spd=57.8128 grip=3033.55 arm=lo kLo=0.907423 1-kLo=0.0925765 ld4n=4 ld4avg=0.293659 le4avg=44.6717 avIn=(4.57285e-09,-0.0289965,3.3167e-09)
   G7 velDir=(-0.777907,0.000000,0.628380) w0=(-0.441931,0.000000,0.897049) w1=(-0.441931,0.000000,0.897049) w2=(-0.866847,0.000000,0.498573) w3=(-0.866847,0.000000,0.498573) steer=(255,0)
G6 l60=182.605 m18c=1 spd=49.8868 grip=9109.59 arm=lo kLo=0.721997 1-kLo=0.278003 ld4n=4 ld4avg=0.89635 le4avg=50.957 avIn=(-0.000548583,-0.0252627,-0.000443268)
   G7 velDir=(0.842734,-0.077492,0.532724) w0=(-0.443473,0.000000,0.896288) w1=(-0.443473,0.000000,0.896288) w2=(-0.867704,0.000000,0.497082) w3=(-0.867704,0.000000,0.497082) steer=(255,0)
G6 l60=75.4996 m18c=1 spd=23.189 grip=1750.76 arm=lo kLo=0.946571 1-kLo=0.053429 ld4n=4 ld4avg=0.719397 le4avg=26.3087 avIn=(-0.000240038,-0.0174341,-0.000221388)
   G7 velDir=(0.845969,-0.046300,0.531218) w0=(-0.444803,0.000000,0.895629) w1=(-0.444803,0.000000,0.895629) w2=(-0.868441,0.000000,0.495793) w3=(-0.868441,0.000000,0.495793) steer=(255,0)
G6 l60=17.0003 m18c=1 spd=8.8805 grip=150.971 arm=lo kLo=0.995393 1-kLo=0.00460726 ld4n=4 ld4avg=0.387129 le4avg=10.9828 avIn=(-1.4606e-05,-0.00663967,-1.44369e-05)
   G7 velDir=(0.423247,-0.006457,0.905991) w0=(-0.445421,0.000000,0.895321) w1=(-0.445421,0.000000,0.895321) w2=(-0.868782,0.000000,0.495194) w3=(-0.868782,0.000000,0.495194) steer=(255,0)
G6 l60=0.84883 m18c=1 spd=13.204 grip=11.2079 arm=lo kLo=0.999658 1-kLo=0.000342011 ld4n=4 ld4avg=0.29483 le4avg=0.71985 avIn=(-6.74978e-08,-0.0309662,-6.64094e-08)
   G7 velDir=(-0.453226,-0.000020,0.891396) w0=(-0.445184,0.000000,0.895439) w1=(-0.445184,0.000000,0.895439) w2=(-0.868651,0.000000,0.495424) w3=(-0.868651,0.000000,0.495424) steer=(255,0)
G6 l60=12.8563 m18c=1 spd=23.1093 grip=297.101 arm=lo kLo=0.990933 1-kLo=0.00906676 ld4n=4 ld4avg=0.291424 le4avg=11.0289 avIn=(3.80963e-10,-0.0306904,8.32617e-10)
   G7 velDir=(-0.658662,0.000000,0.752439) w0=(-0.444832,0.000000,0.895614) w1=(-0.444832,0.000000,0.895614) w2=(-0.868457,0.000000,0.495765) w3=(-0.868457,0.000000,0.495765) steer=(255,0)
G6 l60=25.516 m18c=1 spd=34.1135 grip=870.441 arm=lo kLo=0.973436 1-kLo=0.0265638 ld4n=4 ld4avg=0.292113 le4avg=21.8375 avIn=(5.40627e-10,-0.0302265,9.31064e-10)
   G7 velDir=(-0.728179,0.000000,0.685387) w0=(-0.444216,0.000000,0.895919) w1=(-0.444216,0.000000,0.895919) w2=(-0.868116,0.000000,0.496362) w3=(-0.868116,0.000000,0.496362) steer=(255,0)
G6 l60=38.8561 m18c=1 spd=45.8318 grip=1780.84 arm=lo kLo=0.945653 1-kLo=0.054347 ld4n=4 ld4avg=0.292892 le4avg=33.1661 avIn=(9.8095e-10,-0.0295804,1.18087e-09)
   G7 velDir=(-0.760784,0.000000,0.649005) w0=(-0.443307,0.000000,0.896370) w1=(-0.443307,0.000000,0.896370) w2=(-0.867612,0.000000,0.497243) w3=(-0.867612,0.000000,0.497243) steer=(255,0)
G6 l60=170.841 m18c=1 spd=47.3253 grip=8085.11 arm=lo kLo=0.753262 1-kLo=0.246738 ld4n=4 ld4avg=0.872051 le4avg=48.9932 avIn=(-0.000456579,-0.0240886,-0.000409599)
   G7 velDir=(0.860257,-0.065270,0.505666) w0=(-0.443307,0.000000,0.896370) w1=(-0.443307,0.000000,0.896370) w2=(-0.867612,0.000000,0.497243) w3=(-0.867612,0.000000,0.497243) steer=(255,0)
G6 l60=67.2614 m18c=1 spd=21.4218 grip=1440.86 arm=lo kLo=0.956028 1-kLo=0.0439716 ld4n=4 ld4avg=0.660221 le4avg=25.5278 avIn=(-0.000171258,-0.0155779,-0.000171233)
   G7 velDir=(0.873936,-0.035544,0.484740) w0=(-0.444569,0.000000,0.895745) w1=(-0.444569,0.000000,0.895745) w2=(-0.868311,0.000000,0.496021) w3=(-0.868311,0.000000,0.496021) steer=(255,0)
G6 l60=16.076 m18c=1 spd=8.58821 grip=138.064 arm=lo kLo=0.995787 1-kLo=0.00421339 ld4n=4 ld4avg=0.361061 le4avg=11.1336 avIn=(-8.56705e-06,-0.00635877,-9.08225e-06)
   G7 velDir=(0.438721,-0.003897,0.898615) w0=(-0.445139,0.000000,0.895461) w1=(-0.445139,0.000000,0.895461) w2=(-0.868627,0.000000,0.495467) w3=(-0.868627,0.000000,0.495467) steer=(255,0)
G6 l60=0.652017 m18c=1 spd=13.0519 grip=8.51005 arm=lo kLo=0.99974 1-kLo=0.000259697 ld4n=4 ld4avg=0.295292 le4avg=0.552097 avIn=(-3.59548e-08,-0.0309568,-3.77158e-08)
   G7 velDir=(-0.446915,-0.000011,0.894577) w0=(-0.444911,0.000000,0.895575) w1=(-0.444911,0.000000,0.895575) w2=(-0.868500,0.000000,0.495689) w3=(-0.868500,0.000000,0.495689) steer=(255,0)
G6 l60=12.6535 m18c=1 spd=22.933 grip=290.183 arm=lo kLo=0.991144 1-kLo=0.00885564 ld4n=4 ld4avg=0.291473 le4avg=10.8531 avIn=(3.96233e-10,-0.0306969,8.47513e-10)
   G7 velDir=(-0.656650,0.000000,0.754195) w0=(-0.444563,0.000000,0.895748) w1=(-0.444563,0.000000,0.895748) w2=(-0.868308,0.000000,0.496026) w3=(-0.868308,0.000000,0.496026) steer=(255,0)
G6 l60=25.2994 m18c=1 spd=33.9237 grip=858.251 arm=lo kLo=0.973808 1-kLo=0.0261918 ld4n=4 ld4avg=0.2921 le4avg=21.6531 avIn=(5.3779e-10,-0.030237,9.28956e-10)
   G7 velDir=(-0.727211,0.000000,0.686414) w0=(-0.443952,0.000000,0.896051) w1=(-0.443952,0.000000,0.896051) w2=(-0.867969,0.000000,0.496619) w3=(-0.867969,0.000000,0.496619) steer=(255,0)
G6 l60=38.6278 m18c=1 spd=45.6309 grip=1762.62 arm=lo kLo=0.946209 1-kLo=0.0537909 ld4n=4 ld4avg=0.292879 le4avg=32.9728 avIn=(9.67822e-10,-0.0295928,1.17244e-09)
   G7 velDir=(-0.760192,0.000000,0.649698) w0=(-0.443047,0.000000,0.896498) w1=(-0.443047,0.000000,0.896498) w2=(-0.867467,0.000000,0.497494) w3=(-0.867467,0.000000,0.497494) steer=(255,0)
G6 l60=170.766 m18c=1 spd=47.3279 grip=8082.01 arm=lo kLo=0.753357 1-kLo=0.246643 ld4n=4 ld4avg=0.871127 le4avg=49.0236 avIn=(-0.000455014,-0.024075,-0.000408857)
   G7 velDir=(0.860618,-0.065057,0.505078) w0=(-0.444264,0.000000,0.895896) w1=(-0.444264,0.000000,0.895896) w2=(-0.868142,0.000000,0.496316) w3=(-0.868142,0.000000,0.496316) steer=(255,0)
G6 l60=67.2925 m18c=1 spd=21.4483 grip=1443.31 arm=lo kLo=0.955954 1-kLo=0.0440464 ld4n=4 ld4avg=0.658913 le4avg=25.5901 avIn=(-0.000170636,-0.0155753,-0.00017104)
   G7 velDir=(0.874911,-0.035373,0.482991) w0=(-0.445525,0.000000,0.895270) w1=(-0.445525,0.000000,0.895270) w2=(-0.868840,0.000000,0.495093) w3=(-0.868840,0.000000,0.495093) steer=(255,0)
G6 l60=16.1607 m18c=1 spd=8.58731 grip=138.777 arm=lo kLo=0.995765 1-kLo=0.00423515 ld4n=4 ld4avg=0.360698 le4avg=11.2035 avIn=(-8.55306e-06,-0.00636069,-9.09336e-06)
   G7 velDir=(0.444691,-0.003890,0.895675) w0=(-0.446096,0.000000,0.894985) w1=(-0.446096,0.000000,0.894985) w2=(-0.869156,0.000000,0.494539) w3=(-0.869156,0.000000,0.494539) steer=(255,0)
G6 l60=0.574942 m18c=1 spd=12.9938 grip=7.47065 arm=lo kLo=0.999772 1-kLo=0.000227988 ld4n=4 ld4avg=0.295798 le4avg=0.486019 avIn=(-3.60521e-08,-0.0309469,-3.79164e-08)
   G7 velDir=(-0.445341,-0.000011,0.895361) w0=(-0.445867,0.000000,0.895099) w1=(-0.445867,0.000000,0.895099) w2=(-0.869029,0.000000,0.494761) w3=(-0.869029,0.000000,0.494761) steer=(255,0)
G6 l60=12.5741 m18c=1 spd=22.8645 grip=287.501 arm=lo kLo=0.991226 1-kLo=0.0087738 ld4n=4 ld4avg=0.291491 le4avg=10.7843 avIn=(3.9507e-10,-0.0306957,8.49684e-10)
   G7 velDir=(-0.656752,0.000000,0.754107) w0=(-0.445521,0.000000,0.895271) w1=(-0.445521,0.000000,0.895271) w2=(-0.868838,0.000000,0.495097) w3=(-0.868838,0.000000,0.495097) steer=(255,0)
G6 l60=25.2153 m18c=1 spd=33.8504 grip=853.547 arm=lo kLo=0.973952 1-kLo=0.0260482 ld4n=4 ld4avg=0.292095 le4avg=21.5814 avIn=(5.34352e-10,-0.0302374,9.29333e-10)
   G7 velDir=(-0.727647,0.000000,0.685952) w0=(-0.444912,0.000000,0.895574) w1=(-0.444912,0.000000,0.895574) w2=(-0.868501,0.000000,0.495688) w3=(-0.868501,0.000000,0.495688) steer=(255,0)
G6 l60=38.5396 m18c=1 spd=45.5537 grip=1755.62 arm=lo kLo=0.946423 1-kLo=0.0535772 ld4n=4 ld4avg=0.292874 le4avg=32.898 avIn=(9.60451e-10,-0.0295938,1.17107e-09)
   G7 velDir=(-0.760732,0.000000,0.649066) w0=(-0.444010,0.000000,0.896022) w1=(-0.444010,0.000000,0.896022) w2=(-0.868001,0.000000,0.496562) w3=(-0.868001,0.000000,0.496562) steer=(255,0)
G6 l60=52.5718 m18c=1 spd=57.9011 grip=3043.96 arm=lo kLo=0.907106 1-kLo=0.0928944 ld4n=4 ld4avg=0.293664 le4avg=44.7559 avIn=(4.68549e-09,-0.0289905,3.39182e-09)
   G7 velDir=(-0.778611,0.000000,0.627507) w0=(-0.442795,0.000000,0.896623) w1=(-0.442795,0.000000,0.896623) w2=(-0.867328,0.000000,0.497738) w3=(-0.867328,0.000000,0.497738) steer=(255,0)
G6 l60=182.012 m18c=1 spd=49.7396 grip=9053.21 arm=lo kLo=0.723718 1-kLo=0.276282 ld4n=4 ld4avg=0.895917 le4avg=50.8161 avIn=(-0.000548499,-0.0252518,-0.000446311)
   G7 velDir=(0.842242,-0.077641,0.533479) w0=(-0.444339,0.000000,0.895859) w1=(-0.444339,0.000000,0.895859) w2=(-0.868184,0.000000,0.496243) w3=(-0.868184,0.000000,0.496243) steer=(255,0)
G6 l60=74.9774 m18c=1 spd=23.0582 grip=1728.85 arm=lo kLo=0.94724 1-kLo=0.0527602 ld4n=4 ld4avg=0.717438 le4avg=26.1978 avIn=(-0.000237906,-0.0173307,-0.00022057)
   G7 velDir=(0.845460,-0.046227,0.532034) w0=(-0.445664,0.000000,0.895200) w1=(-0.445664,0.000000,0.895200) w2=(-0.868917,0.000000,0.494958) w3=(-0.868917,0.000000,0.494958) steer=(255,0)
G6 l60=16.8509 m18c=1 spd=8.8639 grip=149.365 arm=lo kLo=0.995442 1-kLo=0.00455827 ld4n=4 ld4avg=0.385949 le4avg=10.9195 avIn=(-1.42859e-05,-0.00661285,-1.41833e-05)
   G7 velDir=(0.416184,-0.006342,0.909259) w0=(-0.446278,0.000000,0.894894) w1=(-0.446278,0.000000,0.894894) w2=(-0.869256,0.000000,0.494362) w3=(-0.869256,0.000000,0.494362) steer=(255,0)
G6 l60=0.917295 m18c=1 spd=13.2567 grip=12.1603 arm=lo kLo=0.999629 1-kLo=0.000371099 ld4n=4 ld4avg=0.294538 le4avg=0.778668 avIn=(-6.53597e-08,-0.0309653,-6.45964e-08)
   G7 velDir=(-0.456290,-0.000019,0.889831) w0=(-0.446042,0.000000,0.895012) w1=(-0.446042,0.000000,0.895012) w2=(-0.869126,0.000000,0.494591) w3=(-0.869126,0.000000,0.494591) steer=(255,0)
G6 l60=12.9279 m18c=1 spd=23.1719 grip=299.564 arm=lo kLo=0.990858 1-kLo=0.00914198 ld4n=4 ld4avg=0.291408 le4avg=11.0909 avIn=(3.78188e-10,-0.0306853,8.32157e-10)
   G7 velDir=(-0.660005,0.000000,0.751262) w0=(-0.445689,0.000000,0.895188) w1=(-0.445689,0.000000,0.895188) w2=(-0.868931,0.000000,0.494934) w3=(-0.868931,0.000000,0.494934) steer=(255,0)
G6 l60=25.5928 m18c=1 spd=34.1812 grip=874.794 arm=lo kLo=0.973303 1-kLo=0.0266966 ld4n=4 ld4avg=0.292117 le4avg=21.9029 avIn=(5.40046e-10,-0.03022,9.32766e-10)
   G7 velDir=(-0.729101,0.000000,0.684406) w0=(-0.445072,0.000000,0.895495) w1=(-0.445072,0.000000,0.895495) w2=(-0.868589,0.000000,0.495532) w3=(-0.868589,0.000000,0.495532) steer=(255,0)
G6 l60=38.9374 m18c=1 spd=45.9038 grip=1787.37 arm=lo kLo=0.945454 1-kLo=0.0545463 ld4n=4 ld4avg=0.292896 le4avg=33.235 avIn=(9.84005e-10,-0.0295733,1.18527e-09)
   G7 velDir=(-0.761544,0.000000,0.648113) w0=(-0.444161,0.000000,0.895947) w1=(-0.444161,0.000000,0.895947) w2=(-0.868085,0.000000,0.496415) w3=(-0.868085,0.000000,0.496415) steer=(255,0)
G6 l60=170.261 m18c=1 spd=47.1796 grip=8032.87 arm=lo kLo=0.754856 1-kLo=0.245144 ld4n=4 ld4avg=0.87159 le4avg=48.8529 avIn=(-0.000456496,-0.0240676,-0.000411418)
   G7 velDir=(0.859761,-0.065405,0.506490) w0=(-0.444161,0.000000,0.895947) w1=(-0.444161,0.000000,0.895947) w2=(-0.868085,0.000000,0.496415) w3=(-0.868085,0.000000,0.496415) steer=(255,0)
G6 l60=66.7946 m18c=1 spd=21.3013 grip=1422.81 arm=lo kLo=0.956579 1-kLo=0.0434208 ld4n=4 ld4avg=0.658341 le4avg=25.4228 avIn=(-0.000169715,-0.0154847,-0.000170342)
   G7 velDir=(0.873319,-0.035478,0.485855) w0=(-0.445418,0.000000,0.895323) w1=(-0.445418,0.000000,0.895323) w2=(-0.868781,0.000000,0.495197) w3=(-0.868781,0.000000,0.495197) steer=(255,0)
G6 l60=15.94 m18c=1 spd=8.57618 grip=136.704 arm=lo kLo=0.995828 1-kLo=0.00417185 ld4n=4 ld4avg=0.360243 le4avg=11.0644 avIn=(-8.3779e-06,-0.0063372,-8.91084e-06)
   G7 velDir=(0.430912,-0.003825,0.902386) w0=(-0.445986,0.000000,0.895040) w1=(-0.445986,0.000000,0.895040) w2=(-0.869095,0.000000,0.494646) w3=(-0.869095,0.000000,0.494646) steer=(255,0)
G6 l60=0.72796 m18c=1 spd=13.11 grip=9.54355 arm=lo kLo=0.999709 1-kLo=0.000291228 ld4n=4 ld4avg=0.294863 le4avg=0.617281 avIn=(-3.48355e-08,-0.0309582,-3.66568e-08)
   G7 velDir=(-0.450262,-0.000010,0.892897) w0=(-0.445757,0.000000,0.895154) w1=(-0.445757,0.000000,0.895154) w2=(-0.868968,0.000000,0.494868) w3=(-0.868968,0.000000,0.494868) steer=(255,0)
G6 l60=12.7328 m18c=1 spd=23.0021 grip=292.881 arm=lo kLo=0.991062 1-kLo=0.00893801 ld4n=4 ld4avg=0.291456 le4avg=10.9217 avIn=(3.93949e-10,-0.0306918,8.4753e-10)
   G7 velDir=(-0.658063,0.000000,0.752963) w0=(-0.445408,0.000000,0.895328) w1=(-0.445408,0.000000,0.895328) w2=(-0.868775,0.000000,0.495206) w3=(-0.868775,0.000000,0.495206) steer=(255,0)
G6 l60=25.3844 m18c=1 spd=33.9985 grip=863.03 arm=lo kLo=0.973662 1-kLo=0.0263376 ld4n=4 ld4avg=0.292105 le4avg=21.7254 avIn=(5.37358e-10,-0.0302303,9.3071e-10)
   G7 velDir=(-0.728158,0.000000,0.685409) w0=(-0.444795,0.000000,0.895632) w1=(-0.444795,0.000000,0.895632) w2=(-0.868436,0.000000,0.495801) w3=(-0.868436,0.000000,0.495801) steer=(255,0)
G6 l60=38.7177 m18c=1 spd=45.7103 grip=1769.8 arm=lo kLo=0.94599 1-kLo=0.0540099 ld4n=4 ld4avg=0.292884 le4avg=33.0489 avIn=(9.71281e-10,-0.0295853,1.17701e-09)
   G7 velDir=(-0.760961,0.000000,0.648797) w0=(-0.443889,0.000000,0.896082) w1=(-0.443889,0.000000,0.896082) w2=(-0.867934,0.000000,0.496679) w3=(-0.867934,0.000000,0.496679) steer=(255,0)
G6 l60=170.201 m18c=1 spd=47.1855 grip=8031.03 arm=lo kLo=0.754913 1-kLo=0.245087 ld4n=4 ld4avg=0.870689 le4avg=48.886 avIn=(-0.000455006,-0.0240548,-0.000410648)
   G7 velDir=(0.860116,-0.065200,0.505915) w0=(-0.445107,0.000000,0.895477) w1=(-0.445107,0.000000,0.895477) w2=(-0.868609,0.000000,0.495498) w3=(-0.868609,0.000000,0.495498) steer=(255,0)
G6 l60=66.8361 m18c=1 spd=21.3302 grip=1425.63 arm=lo kLo=0.956493 1-kLo=0.0435066 ld4n=4 ld4avg=0.657099 le4avg=25.4865 avIn=(-0.00016916,-0.0154842,-0.000170184)
   G7 velDir=(0.874286,-0.035316,0.484125) w0=(-0.446364,0.000000,0.894851) w1=(-0.446364,0.000000,0.894851) w2=(-0.869304,0.000000,0.494278) w3=(-0.869304,0.000000,0.494278) steer=(255,0)
G6 l60=16.0263 m18c=1 spd=8.57508 grip=137.427 arm=lo kLo=0.995806 1-kLo=0.0041939 ld4n=4 ld4avg=0.359909 le4avg=11.1346 avIn=(-8.36958e-06,-0.00633942,-8.92622e-06)
   G7 velDir=(0.436959,-0.003820,0.899473) w0=(-0.446932,0.000000,0.894568) w1=(-0.446932,0.000000,0.894568) w2=(-0.869617,0.000000,0.493727) w3=(-0.869617,0.000000,0.493727) steer=(255,0)
G6 l60=0.650537 m18c=1 spd=13.0514 grip=8.49043 arm=lo kLo=0.999741 1-kLo=0.000259101 ld4n=4 ld4avg=0.295273 le4avg=0.550878 avIn=(-3.49566e-08,-0.0309504,-3.68752e-08)
   G7 velDir=(-0.448690,-0.000011,0.893687) w0=(-0.446703,0.000000,0.894682) w1=(-0.446703,0.000000,0.894682) w2=(-0.869491,0.000000,0.493948) w3=(-0.869491,0.000000,0.493948) steer=(255,0)
G6 l60=12.6529 m18c=1 spd=22.9332 grip=290.173 arm=lo kLo=0.991145 1-kLo=0.00885534 ld4n=4 ld4avg=0.291474 le4avg=10.8526 avIn=(3.92768e-10,-0.0306906,8.49653e-10)
   G7 velDir=(-0.658156,0.000000,0.752881) w0=(-0.446356,0.000000,0.894855) w1=(-0.446356,0.000000,0.894855) w2=(-0.869299,0.000000,0.494286) w3=(-0.869299,0.000000,0.494286) steer=(255,0)
G6 l60=25.2997 m18c=1 spd=33.9247 grip=858.286 arm=lo kLo=0.973807 1-kLo=0.0261928 ld4n=4 ld4avg=0.2921 le4avg=21.6533 avIn=(5.3392e-10,-0.0302307,9.31061e-10)
   G7 velDir=(-0.728585,0.000000,0.684955) w0=(-0.445746,0.000000,0.895160) w1=(-0.445746,0.000000,0.895160) w2=(-0.868962,0.000000,0.494879) w3=(-0.868962,0.000000,0.494879) steer=(255,0)
G6 l60=38.6289 m18c=1 spd=45.6327 grip=1762.74 arm=lo kLo=0.946205 1-kLo=0.0537946 ld4n=4 ld4avg=0.292879 le4avg=32.9738 avIn=(9.63848e-10,-0.0295864,1.17557e-09)
   G7 velDir=(-0.761493,0.000000,0.648173) w0=(-0.444842,0.000000,0.895609) w1=(-0.444842,0.000000,0.895609) w2=(-0.868462,0.000000,0.495756) w3=(-0.868462,0.000000,0.495756) steer=(255,0)
G6 l60=169.56 m18c=1 spd=47.0161 grip=7972.03 arm=lo kLo=0.756713 1-kLo=0.243287 ld4n=4 ld4avg=0.870509 le4avg=48.7118 avIn=(-0.000453876,-0.0240227,-0.000411109)
   G7 velDir=(0.859915,-0.065150,0.506263) w0=(-0.444842,0.000000,0.895609) w1=(-0.444842,0.000000,0.895609) w2=(-0.868462,0.000000,0.495756) w3=(-0.868462,0.000000,0.495756) steer=(255,0)
G6 l60=66.2878 m18c=1 spd=21.1816 grip=1404.08 arm=lo kLo=0.957151 1-kLo=0.0428491 ld4n=4 ld4avg=0.65543 le4avg=25.3415 avIn=(-0.000167055,-0.0153782,-0.000168403)
   G7 velDir=(0.873675,-0.035149,0.485239) w0=(-0.446094,0.000000,0.894986) w1=(-0.446094,0.000000,0.894986) w2=(-0.869155,0.000000,0.494540) w3=(-0.869155,0.000000,0.494540) steer=(255,0)
G6 l60=15.838 m18c=1 spd=8.56219 grip=135.607 arm=lo kLo=0.995862 1-kLo=0.00413841 ld4n=4 ld4avg=0.359118 le4avg=11.028 avIn=(-8.13424e-06,-0.00631717,-8.68485e-06)
   G7 velDir=(0.426537,-0.003724,0.904462) w0=(-0.446658,0.000000,0.894705) w1=(-0.446658,0.000000,0.894705) w2=(-0.869466,0.000000,0.493993) w3=(-0.869466,0.000000,0.493993) steer=(255,0)
G6 l60=0.76736 m18c=1 spd=13.1402 grip=10.0833 arm=lo kLo=0.999692 1-kLo=0.000307739 ld4n=4 ld4avg=0.294657 le4avg=0.651135 avIn=(-3.35548e-08,-0.0309574,-3.54332e-08)
   G7 velDir=(-0.452231,-0.000010,0.891901) w0=(-0.446430,0.000000,0.894819) w1=(-0.446430,0.000000,0.894819) w2=(-0.869340,0.000000,0.494214) w3=(-0.869340,0.000000,0.494214) steer=(255,0)
G6 l60=12.7741 m18c=1 spd=23.0383 grip=294.293 arm=lo kLo=0.991019 1-kLo=0.00898111 ld4n=4 ld4avg=0.291446 le4avg=10.9575 avIn=(3.92545e-10,-0.0306883,8.48056e-10)
   G7 velDir=(-0.658992,0.000000,0.752150) w0=(-0.446080,0.000000,0.894993) w1=(-0.446080,0.000000,0.894993) w2=(-0.869147,0.000000,0.494554) w3=(-0.869147,0.000000,0.494554) steer=(255,0)
G6 l60=25.4288 m18c=1 spd=34.0376 grip=865.535 arm=lo kLo=0.973586 1-kLo=0.026414 ld4n=4 ld4avg=0.292108 le4avg=21.7632 avIn=(5.36641e-10,-0.0302259,9.31903e-10)
   G7 velDir=(-0.728828,0.000000,0.684697) w0=(-0.445467,0.000000,0.895298) w1=(-0.445467,0.000000,0.895298) w2=(-0.868808,0.000000,0.495150) w3=(-0.868808,0.000000,0.495150) steer=(255,0)
G6 l60=38.7647 m18c=1 spd=45.7521 grip=1773.57 arm=lo kLo=0.945875 1-kLo=0.054125 ld4n=4 ld4avg=0.292886 le4avg=33.0888 avIn=(9.72602e-10,-0.0295806,1.17983e-09)
   G7 velDir=(-0.761529,0.000000,0.648130) w0=(-0.444560,0.000000,0.895749) w1=(-0.444560,0.000000,0.895749) w2=(-0.868306,0.000000,0.496029) w3=(-0.868306,0.000000,0.496029) steer=(255,0)
G6 l60=169.736 m18c=1 spd=47.069 grip=7989.3 arm=lo kLo=0.756186 1-kLo=0.243814 ld4n=4 ld4avg=0.870292 le4avg=48.7746 avIn=(-0.000454829,-0.0240367,-0.000411923)
   G7 velDir=(0.859750,-0.065291,0.506524) w0=(-0.445779,0.000000,0.895143) w1=(-0.445779,0.000000,0.895143) w2=(-0.868980,0.000000,0.494847) w3=(-0.868980,0.000000,0.494847) steer=(255,0)
G6 l60=66.4656 m18c=1 spd=21.2349 grip=1411.39 arm=lo kLo=0.956928 1-kLo=0.0430721 ld4n=4 ld4avg=0.655563 le4avg=25.4043 avIn=(-0.000167898,-0.0154099,-0.000169413)
   G7 velDir=(0.873835,-0.035252,0.484943) w0=(-0.447032,0.000000,0.894518) w1=(-0.447032,0.000000,0.894518) w2=(-0.869672,0.000000,0.493629) w3=(-0.869672,0.000000,0.493629) steer=(255,0)
G6 l60=15.9202 m18c=1 spd=8.56556 grip=136.365 arm=lo kLo=0.995838 1-kLo=0.00416154 ld4n=4 ld4avg=0.359257 le4avg=11.0809 avIn=(-8.2198e-06,-0.00632246,-8.78865e-06)
   G7 velDir=(0.430883,-0.003763,0.902400) w0=(-0.447597,0.000000,0.894235) w1=(-0.447597,0.000000,0.894235) w2=(-0.869984,0.000000,0.493080) w3=(-0.869984,0.000000,0.493080) steer=(255,0)
G6 l60=0.709434 m18c=1 spd=13.0965 grip=9.29108 arm=lo kLo=0.999716 1-kLo=0.000283539 ld4n=4 ld4avg=0.294933 le4avg=0.60143 avIn=(-3.40818e-08,-0.0309515,-3.6039e-08)
   G7 velDir=(-0.451295,-0.000010,0.892375) w0=(-0.447369,0.000000,0.894349) w1=(-0.447369,0.000000,0.894349) w2=(-0.869858,0.000000,0.493302) w3=(-0.869858,0.000000,0.493302) steer=(255,0)
G6 l60=12.7144 m18c=1 spd=22.9869 grip=292.265 arm=lo kLo=0.991081 1-kLo=0.00891918 ld4n=4 ld4avg=0.29146 le4avg=10.9058 avIn=(3.90997e-10,-0.0306866,8.49692e-10)
   G7 velDir=(-0.659259,0.000000,0.751916) w0=(-0.447020,0.000000,0.894524) w1=(-0.447020,0.000000,0.894524) w2=(-0.869666,0.000000,0.493640) w3=(-0.869666,0.000000,0.493640) steer=(255,0)
G6 l60=25.3656 m18c=1 spd=33.9827 grip=861.992 arm=lo kLo=0.973694 1-kLo=0.0263059 ld4n=4 ld4avg=0.292104 le4avg=21.7094 avIn=(5.33563e-10,-0.0302254,9.32429e-10)
   G7 velDir=(-0.729326,0.000000,0.684167) w0=(-0.446409,0.000000,0.894829) w1=(-0.446409,0.000000,0.894829) w2=(-0.869328,0.000000,0.494235) w3=(-0.869328,0.000000,0.494235) steer=(255,0)
G6 l60=38.6987 m18c=1 spd=45.6944 grip=1768.31 arm=lo kLo=0.946035 1-kLo=0.0539646 ld4n=4 ld4avg=0.292882 le4avg=33.0329 avIn=(9.66507e-10,-0.0295805,1.17914e-09)
   G7 velDir=(-0.762095,0.000000,0.647465) w0=(-0.445504,0.000000,0.895280) w1=(-0.445504,0.000000,0.895280) w2=(-0.868828,0.000000,0.495114) w3=(-0.868828,0.000000,0.495114) steer=(255,0)
G6 l60=52.7401 m18c=1 spd=58.0498 grip=3061.55 arm=lo kLo=0.906569 1-kLo=0.0934311 ld4n=4 ld4avg=0.293673 le4avg=44.8978 avIn=(4.88858e-09,-0.0289804,3.52745e-09)
   G7 velDir=(-0.779818,0.000000,0.626006) w0=(-0.444286,0.000000,0.895885) w1=(-0.444286,0.000000,0.895885) w2=(-0.868154,0.000000,0.496294) w3=(-0.868154,0.000000,0.496294) steer=(255,0)
G6 l60=180.986 m18c=1 spd=49.4852 grip=8956.13 arm=lo kLo=0.726681 1-kLo=0.273319 ld4n=4 ld4avg=0.89516 le4avg=50.5727 avIn=(-0.000548301,-0.0252321,-0.000451489)
   G7 velDir=(0.841393,-0.077895,0.534781) w0=(-0.445833,0.000000,0.895116) w1=(-0.445833,0.000000,0.895116) w2=(-0.869010,0.000000,0.494794) w3=(-0.869010,0.000000,0.494794) steer=(255,0)
G6 l60=74.0811 m18c=1 spd=22.8335 grip=1691.53 arm=lo kLo=0.948379 1-kLo=0.0516214 ld4n=4 ld4avg=0.714041 le4avg=26.0074 avIn=(-0.000234237,-0.0171531,-0.000219115)
   G7 velDir=(0.844561,-0.046095,0.533472) w0=(-0.447150,0.000000,0.894459) w1=(-0.447150,0.000000,0.894459) w2=(-0.869738,0.000000,0.493514) w3=(-0.869738,0.000000,0.493514) steer=(255,0)
G6 l60=16.5958 m18c=1 spd=8.83698 grip=146.657 arm=lo kLo=0.995524 1-kLo=0.00447559 ld4n=4 ld4avg=0.383945 le4avg=10.8101 avIn=(-1.37467e-05,-0.00656738,-1.37519e-05)
   G7 velDir=(0.403865,-0.006146,0.914798) w0=(-0.447758,0.000000,0.894155) w1=(-0.447758,0.000000,0.894155) w2=(-0.870073,0.000000,0.492923) w3=(-0.870073,0.000000,0.492923) steer=(255,0)
G6 l60=1.03573 m18c=1 spd=13.348 grip=13.8248 arm=lo kLo=0.999578 1-kLo=0.000421882 ld4n=4 ld4avg=0.29412 le4avg=0.880431 avIn=(-6.18225e-08,-0.0309622,-6.15722e-08)
   G7 velDir=(-0.461534,-0.000018,0.887123) w0=(-0.447523,0.000000,0.894273) w1=(-0.447523,0.000000,0.894273) w2=(-0.869943,0.000000,0.493152) w3=(-0.869943,0.000000,0.493152) steer=(255,0)
G6 l60=13.0518 m18c=1 spd=23.2802 grip=303.849 arm=lo kLo=0.990727 1-kLo=0.00927275 ld4n=4 ld4avg=0.29138 le4avg=11.1983 avIn=(3.73623e-10,-0.0306766,8.31561e-10)
   G7 velDir=(-0.662312,0.000000,0.749228) w0=(-0.447167,0.000000,0.894450) w1=(-0.447167,0.000000,0.894450) w2=(-0.869747,0.000000,0.493497) w3=(-0.869747,0.000000,0.493497) steer=(255,0)
G6 l60=25.7257 m18c=1 spd=34.2983 grip=882.349 arm=lo kLo=0.973073 1-kLo=0.0269272 ld4n=4 ld4avg=0.292125 le4avg=22.0161 avIn=(5.39069e-10,-0.0302088,9.35715e-10)
   G7 velDir=(-0.730690,0.000000,0.682710) w0=(-0.446548,0.000000,0.894760) w1=(-0.446548,0.000000,0.894760) w2=(-0.869405,0.000000,0.494100) w3=(-0.869405,0.000000,0.494100) steer=(255,0)
G6 l60=39.0781 m18c=1 spd=46.0283 grip=1798.7 arm=lo kLo=0.945108 1-kLo=0.0548919 ld4n=4 ld4avg=0.292904 le4avg=33.3543 avIn=(9.89412e-10,-0.029561,1.19296e-09)
   G7 velDir=(-0.762854,0.000000,0.646571) w0=(-0.445635,0.000000,0.895215) w1=(-0.445635,0.000000,0.895215) w2=(-0.868901,0.000000,0.494987) w3=(-0.868901,0.000000,0.494987) steer=(255,0)
G6 l60=169.263 m18c=1 spd=46.9286 grip=7943.3 arm=lo kLo=0.75759 1-kLo=0.24241 ld4n=4 ld4avg=0.870792 le4avg=48.6112 avIn=(-0.000456348,-0.0240307,-0.000414427)
   G7 velDir=(0.858900,-0.065639,0.507920) w0=(-0.445635,0.000000,0.895215) w1=(-0.445635,0.000000,0.895215) w2=(-0.868901,0.000000,0.494987) w3=(-0.868901,0.000000,0.494987) steer=(255,0)
G6 l60=65.996 m18c=1 spd=21.0949 grip=1392.18 arm=lo kLo=0.957514 1-kLo=0.0424859 ld4n=4 ld4avg=0.655107 le4avg=25.2424 avIn=(-0.000167082,-0.0153253,-0.000168776)
   G7 velDir=(0.872222,-0.035364,0.487830) w0=(-0.446884,0.000000,0.894592) w1=(-0.446884,0.000000,0.894592) w2=(-0.869591,0.000000,0.493773) w3=(-0.869591,0.000000,0.493773) steer=(255,0)
G6 l60=15.7074 m18c=1 spd=8.55727 grip=134.413 arm=lo kLo=0.995898 1-kLo=0.00410193 ld4n=4 ld4avg=0.358864 le4avg=10.9448 avIn=(-8.06091e-06,-0.00630063,-8.62077e-06)
   G7 velDir=(0.417301,-0.003702,0.908761) w0=(-0.447445,0.000000,0.894311) w1=(-0.447445,0.000000,0.894311) w2=(-0.869901,0.000000,0.493227) w3=(-0.869901,0.000000,0.493227) steer=(255,0)
G6 l60=0.859269 m18c=1 spd=13.2108 grip=11.3516 arm=lo kLo=0.999654 1-kLo=0.000346422 ld4n=4 ld4avg=0.294286 le4avg=0.730026 avIn=(-3.29902e-08,-0.0309574,-3.48968e-08)
   G7 velDir=(-0.455980,-0.000010,0.889990) w0=(-0.447218,0.000000,0.894425) w1=(-0.447218,0.000000,0.894425) w2=(-0.869775,0.000000,0.493449) w3=(-0.869775,0.000000,0.493449) steer=(255,0)
G6 l60=12.8698 m18c=1 spd=23.1218 grip=297.574 arm=lo kLo=0.990919 1-kLo=0.00908124 ld4n=4 ld4avg=0.291422 le4avg=11.0405 avIn=(3.90178e-10,-0.0306827,8.47755e-10)
   G7 velDir=(-0.660489,0.000000,0.750835) w0=(-0.446866,0.000000,0.894601) w1=(-0.446866,0.000000,0.894601) w2=(-0.869581,0.000000,0.493790) w3=(-0.869581,0.000000,0.493790) steer=(255,0)
G6 l60=25.5314 m18c=1 spd=34.1279 grip=871.331 arm=lo kLo=0.973409 1-kLo=0.0265909 ld4n=4 ld4avg=0.292114 le4avg=21.8506 avIn=(5.3664e-10,-0.0302185,9.33756e-10)
   G7 velDir=(-0.729787,0.000000,0.683674) w0=(-0.446251,0.000000,0.894908) w1=(-0.446251,0.000000,0.894908) w2=(-0.869241,0.000000,0.494388) w3=(-0.869241,0.000000,0.494388) steer=(255,0)
G6 l60=38.8732 m18c=1 spd=45.8479 grip=1782.25 arm=lo kLo=0.94561 1-kLo=0.0543901 ld4n=4 ld4avg=0.292892 le4avg=33.1807 avIn=(9.77417e-10,-0.0295723,1.18503e-09)
   G7 velDir=(-0.762285,0.000000,0.647241) w0=(-0.445342,0.000000,0.895361) w1=(-0.445342,0.000000,0.895361) w2=(-0.868739,0.000000,0.495271) w3=(-0.868739,0.000000,0.495271) steer=(255,0)
G6 l60=169.228 m18c=1 spd=46.9401 grip=7943.58 arm=lo kLo=0.757581 1-kLo=0.242419 ld4n=4 ld4avg=0.869932 le4avg=48.649 avIn=(-0.000454987,-0.0240193,-0.000413613)
   G7 velDir=(0.859242,-0.065448,0.507365) w0=(-0.446563,0.000000,0.894752) w1=(-0.446563,0.000000,0.894752) w2=(-0.869413,0.000000,0.494085) w3=(-0.869413,0.000000,0.494085) steer=(255,0)
G6 l60=66.0551 m18c=1 spd=21.1276 grip=1395.59 arm=lo kLo=0.95741 1-kLo=0.0425899 ld4n=4 ld4avg=0.653977 le4avg=25.3084 avIn=(-0.000166639,-0.0153284,-0.000168678)
   G7 velDir=(0.873175,-0.035216,0.486133) w0=(-0.447812,0.000000,0.894128) w1=(-0.447812,0.000000,0.894128) w2=(-0.870103,0.000000,0.492871) w3=(-0.870103,0.000000,0.492871) steer=(255,0)
G6 l60=15.7963 m18c=1 spd=8.55575 grip=135.15 arm=lo kLo=0.995876 1-kLo=0.00412446 ld4n=4 ld4avg=0.358575 le4avg=11.0156 avIn=(-8.0618e-06,-0.00630334,-8.64311e-06)
   G7 velDir=(0.423478,-0.003702,0.905899) w0=(-0.448374,0.000000,0.893846) w1=(-0.448374,0.000000,0.893846) w2=(-0.870412,0.000000,0.492324) w3=(-0.870412,0.000000,0.492324) steer=(255,0)
G6 l60=0.781255 m18c=1 spd=13.1515 grip=10.2747 arm=lo kLo=0.999686 1-kLo=0.00031358 ld4n=4 ld4avg=0.294585 le4avg=0.663086 avIn=(-3.31484e-08,-0.0309517,-3.5143e-08)
   G7 velDir=(-0.454414,-0.000010,0.890791) w0=(-0.448146,0.000000,0.893960) w1=(-0.448146,0.000000,0.893960) w2=(-0.870287,0.000000,0.492545) w3=(-0.870287,0.000000,0.492545) steer=(255,0)
G6 l60=12.7894 m18c=1 spd=23.0523 grip=294.825 arm=lo kLo=0.991003 1-kLo=0.00899738 ld4n=4 ld4avg=0.291443 le4avg=10.9708 avIn=(3.8892e-10,-0.0306817,8.49715e-10)
   G7 velDir=(-0.660569,0.000000,0.750765) w0=(-0.447796,0.000000,0.894136) w1=(-0.447796,0.000000,0.894136) w2=(-0.870094,0.000000,0.492886) w3=(-0.870094,0.000000,0.492886) steer=(255,0)
G6 l60=25.4459 m18c=1 spd=34.0535 grip=866.522 arm=lo kLo=0.973556 1-kLo=0.0264441 ld4n=4 ld4avg=0.292108 le4avg=21.7779 avIn=(5.33204e-10,-0.030219,9.34061e-10)
   G7 velDir=(-0.730200,0.000000,0.683233) w0=(-0.447183,0.000000,0.894442) w1=(-0.447183,0.000000,0.894442) w2=(-0.869756,0.000000,0.493482) w3=(-0.869756,0.000000,0.493482) steer=(255,0)
G6 l60=38.7837 m18c=1 spd=45.7695 grip=1775.11 arm=lo kLo=0.945828 1-kLo=0.054172 ld4n=4 ld4avg=0.292887 le4avg=33.1049 avIn=(9.69864e-10,-0.0295735,1.18347e-09)
   G7 velDir=(-0.762803,0.000000,0.646630) w0=(-0.446277,0.000000,0.894895) w1=(-0.446277,0.000000,0.894895) w2=(-0.869255,0.000000,0.494363) w3=(-0.869255,0.000000,0.494363) steer=(255,0)
G6 l60=168.601 m18c=1 spd=46.7742 grip=7886.15 arm=lo kLo=0.759334 1-kLo=0.240666 ld4n=4 ld4avg=0.869765 le4avg=48.478 avIn=(-0.00045386,-0.0239873,-0.000413984)
   G7 velDir=(0.859045,-0.065396,0.507705) w0=(-0.446277,0.000000,0.894895) w1=(-0.446277,0.000000,0.894895) w2=(-0.869255,0.000000,0.494363) w3=(-0.869255,0.000000,0.494363) steer=(255,0)
G6 l60=65.522 m18c=1 spd=20.9827 grip=1374.82 arm=lo kLo=0.958044 1-kLo=0.0419563 ld4n=4 ld4avg=0.652358 le4avg=25.1662 avIn=(-0.000164597,-0.0152255,-0.000166918)
   G7 velDir=(0.872544,-0.035051,0.487276) w0=(-0.447522,0.000000,0.894273) w1=(-0.447522,0.000000,0.894273) w2=(-0.869943,0.000000,0.493153) w3=(-0.869943,0.000000,0.493153) steer=(255,0)
G6 l60=15.6125 m18c=1 spd=8.54493 grip=133.408 arm=lo kLo=0.995929 1-kLo=0.0040713 ld4n=4 ld4avg=0.357823 le4avg=10.9102 avIn=(-7.83859e-06,-0.00628215,-8.41196e-06)
   G7 velDir=(0.413093,-0.003610,0.910682) w0=(-0.448080,0.000000,0.893994) w1=(-0.448080,0.000000,0.893994) w2=(-0.870250,0.000000,0.492610) w3=(-0.870250,0.000000,0.492610) steer=(255,0)
G6 l60=0.89677 m18c=1 spd=13.2397 grip=11.873 arm=lo kLo=0.999638 1-kLo=0.000362337 ld4n=4 ld4avg=0.29414 le4avg=0.76226 avIn=(-3.18435e-08,-0.0309558,-3.3789e-08)
   G7 velDir=(-0.457825,-0.000009,0.889042) w0=(-0.447852,0.000000,0.894107) w1=(-0.447852,0.000000,0.894107) w2=(-0.870125,0.000000,0.492831) w3=(-0.870125,0.000000,0.492831) steer=(255,0)
G6 l60=12.9091 m18c=1 spd=23.1563 grip=298.928 arm=lo kLo=0.990877 1-kLo=0.00912255 ld4n=4 ld4avg=0.291413 le4avg=11.0746 avIn=(3.88926e-10,-0.0306794,8.48324e-10)
   G7 velDir=(-0.661363,0.000000,0.750066) w0=(-0.447500,0.000000,0.894284) w1=(-0.447500,0.000000,0.894284) w2=(-0.869931,0.000000,0.493174) w3=(-0.869931,0.000000,0.493174) steer=(255,0)
G6 l60=25.5736 m18c=1 spd=34.1652 grip=873.728 arm=lo kLo=0.973336 1-kLo=0.0266641 ld4n=4 ld4avg=0.292116 le4avg=21.8866 avIn=(5.35973e-10,-0.0302144,9.34888e-10)
   G7 velDir=(-0.730418,0.000000,0.683000) w0=(-0.446884,0.000000,0.894592) w1=(-0.446884,0.000000,0.894592) w2=(-0.869591,0.000000,0.493773) w3=(-0.869591,0.000000,0.493773) steer=(255,0)
G6 l60=38.918 m18c=1 spd=45.8876 grip=1785.85 arm=lo kLo=0.9455 1-kLo=0.0545 ld4n=4 ld4avg=0.292895 le4avg=33.2187 avIn=(9.78731e-10,-0.0295678,1.18774e-09)
   G7 velDir=(-0.762821,0.000000,0.646610) w0=(-0.445974,0.000000,0.895046) w1=(-0.445974,0.000000,0.895046) w2=(-0.869088,0.000000,0.494657) w3=(-0.869088,0.000000,0.494657) steer=(255,0)
G6 l60=168.79 m18c=1 spd=46.8305 grip=7904.52 arm=lo kLo=0.758773 1-kLo=0.241227 ld4n=4 ld4avg=0.869558 le4avg=48.544 avIn=(-0.000454821,-0.0240018,-0.000414738)
   G7 velDir=(0.858893,-0.065533,0.507945) w0=(-0.447196,0.000000,0.894436) w1=(-0.447196,0.000000,0.894436) w2=(-0.869763,0.000000,0.493470) w3=(-0.869763,0.000000,0.493470) steer=(255,0)
G6 l60=65.7091 m18c=1 spd=21.0384 grip=1382.42 arm=lo kLo=0.957812 1-kLo=0.042188 ld4n=4 ld4avg=0.652534 le4avg=25.2313 avIn=(-0.000165464,-0.015259,-0.000167935)
   G7 velDir=(0.872730,-0.035155,0.486935) w0=(-0.448442,0.000000,0.893812) w1=(-0.448442,0.000000,0.893812) w2=(-0.870450,0.000000,0.492258) w3=(-0.870450,0.000000,0.492258) steer=(255,0)
G6 l60=15.6973 m18c=1 spd=8.54774 grip=134.177 arm=lo kLo=0.995905 1-kLo=0.00409472 ld4n=4 ld4avg=0.357976 le4avg=10.9648 avIn=(-7.92545e-06,-0.0062877,-8.51631e-06)
   G7 velDir=(0.417669,-0.003649,0.908592) w0=(-0.449001,0.000000,0.893531) w1=(-0.449001,0.000000,0.893531) w2=(-0.870758,0.000000,0.491713) w3=(-0.870758,0.000000,0.491713) steer=(255,0)
G6 l60=0.837014 m18c=1 spd=13.1944 grip=11.0439 arm=lo kLo=0.999663 1-kLo=0.000337005 ld4n=4 ld4avg=0.294351 le4avg=0.710965 avIn=(-3.23667e-08,-0.0309511,-3.4388e-08)
   G7 velDir=(-0.456843,-0.000010,0.889547) w0=(-0.448774,0.000000,0.893645) w1=(-0.448774,0.000000,0.893645) w2=(-0.870632,0.000000,0.491934) w3=(-0.870632,0.000000,0.491934) steer=(255,0)
G6 l60=12.8475 m18c=1 spd=23.1032 grip=296.819 arm=lo kLo=0.990942 1-kLo=0.00905818 ld4n=4 ld4avg=0.291427 le4avg=11.0212 avIn=(3.87359e-10,-0.0306778,8.4989e-10)
   G7 velDir=(-0.661604,0.000000,0.749854) w0=(-0.448423,0.000000,0.893821) w1=(-0.448423,0.000000,0.893821) w2=(-0.870439,0.000000,0.492276) w3=(-0.870439,0.000000,0.492276) steer=(255,0)
G6 l60=25.5084 m18c=1 spd=34.1084 grip=870.05 arm=lo kLo=0.973448 1-kLo=0.0265518 ld4n=4 ld4avg=0.292112 le4avg=21.831 avIn=(5.32878e-10,-0.030214,9.3536e-10)
   G7 velDir=(-0.730896,0.000000,0.682489) w0=(-0.447808,0.000000,0.894130) w1=(-0.447808,0.000000,0.894130) w2=(-0.870101,0.000000,0.492874) w3=(-0.870101,0.000000,0.492874) steer=(255,0)
G6 l60=38.8497 m18c=1 spd=45.8279 grip=1780.4 arm=lo kLo=0.945666 1-kLo=0.0543336 ld4n=4 ld4avg=0.292891 le4avg=33.1609 avIn=(9.72454e-10,-0.0295679,1.1869e-09)
   G7 velDir=(-0.763370,0.000000,0.645961) w0=(-0.446901,0.000000,0.894583) w1=(-0.446901,0.000000,0.894583) w2=(-0.869600,0.000000,0.493757) w3=(-0.869600,0.000000,0.493757) steer=(255,0)
G6 l60=52.8999 m18c=1 spd=58.191 grip=3078.3 arm=lo kLo=0.906058 1-kLo=0.0939422 ld4n=4 ld4avg=0.293681 le4avg=45.0325 avIn=(5.09843e-09,-0.0289708,3.66727e-09)
   G7 velDir=(-0.780947,0.000000,0.624597) w0=(-0.445681,0.000000,0.895192) w1=(-0.445681,0.000000,0.895192) w2=(-0.868926,0.000000,0.494942) w3=(-0.868926,0.000000,0.494942) steer=(255,0)
G6 l60=180.03 m18c=1 spd=49.2479 grip=8866.08 arm=lo kLo=0.729429 1-kLo=0.270571 ld4n=4 ld4avg=0.894453 le4avg=50.3455 avIn=(-0.0005481,-0.025213,-0.000456256)
   G7 velDir=(0.840588,-0.078134,0.536010) w0=(-0.447230,0.000000,0.894419) w1=(-0.447230,0.000000,0.894419) w2=(-0.869782,0.000000,0.493437) w3=(-0.869782,0.000000,0.493437) steer=(255,0)
G6 l60=73.2522 m18c=1 spd=22.6254 grip=1657.36 arm=lo kLo=0.949421 1-kLo=0.0505785 ld4n=4 ld4avg=0.710874 le4avg=25.8305 avIn=(-0.000230854,-0.0169888,-0.00021773)
   G7 velDir=(0.843680,-0.045971,0.534875) w0=(-0.448540,0.000000,0.893763) w1=(-0.448540,0.000000,0.893763) w2=(-0.870504,0.000000,0.492162) w3=(-0.870504,0.000000,0.492162) steer=(255,0)
G6 l60=16.3607 m18c=1 spd=8.81394 grip=144.202 arm=lo kLo=0.995599 1-kLo=0.00440067 ld4n=4 ld4avg=0.382124 le4avg=10.7076 avIn=(-1.32606e-05,-0.00652589,-1.33587e-05)
   G7 velDir=(0.392186,-0.005966,0.919867) w0=(-0.449142,0.000000,0.893461) w1=(-0.449142,0.000000,0.893461) w2=(-0.870835,0.000000,0.491576) w3=(-0.870835,0.000000,0.491576) steer=(255,0)
G6 l60=1.14698 m18c=1 spd=13.434 grip=15.4085 arm=lo kLo=0.99953 1-kLo=0.000470221 ld4n=4 ld4avg=0.293802 le4avg=0.976039 avIn=(-5.87004e-08,-0.0309583,-5.88766e-08)
   G7 velDir=(-0.466391,-0.000017,0.884579) w0=(-0.448907,0.000000,0.893578) w1=(-0.448907,0.000000,0.893578) w2=(-0.870706,0.000000,0.491804) w3=(-0.870706,0.000000,0.491804) steer=(255,0)
G6 l60=13.1682 m18c=1 spd=23.382 grip=307.899 arm=lo kLo=0.990604 1-kLo=0.00939631 ld4n=4 ld4avg=0.291354 le4avg=11.2991 avIn=(3.69566e-10,-0.0306683,8.31194e-10)
   G7 velDir=(-0.664460,0.000000,0.747323) w0=(-0.448550,0.000000,0.893758) w1=(-0.448550,0.000000,0.893758) w2=(-0.870509,0.000000,0.492152) w3=(-0.870509,0.000000,0.492152) steer=(255,0)
G6 l60=25.8506 m18c=1 spd=34.4083 grip=889.476 arm=lo kLo=0.972855 1-kLo=0.0271447 ld4n=4 ld4avg=0.292132 le4avg=22.1224 avIn=(5.38182e-10,-0.0301982,9.38493e-10)
   G7 velDir=(-0.732172,0.000000,0.681120) w0=(-0.447928,0.000000,0.894070) w1=(-0.447928,0.000000,0.894070) w2=(-0.870167,0.000000,0.492757) w3=(-0.870167,0.000000,0.492757) steer=(255,0)
G6 l60=39.2103 m18c=1 spd=46.1453 grip=1809.37 arm=lo kLo=0.944782 1-kLo=0.0552176 ld4n=4 ld4avg=0.292912 le4avg=33.4663 avIn=(9.94635e-10,-0.0295495,1.20028e-09)
   G7 velDir=(-0.764077,0.000000,0.645125) w0=(-0.447013,0.000000,0.894528) w1=(-0.447013,0.000000,0.894528) w2=(-0.869662,0.000000,0.493648) w3=(-0.869662,0.000000,0.493648) steer=(255,0)
G6 l60=168.332 m18c=1 spd=46.6944 grip=7860.16 arm=lo kLo=0.760127 1-kLo=0.239873 ld4n=4 ld4avg=0.870044 le4avg=48.3855 avIn=(-0.000456207,-0.0239953,-0.000417082)
   G7 velDir=(0.858086,-0.065859,0.509266) w0=(-0.447013,0.000000,0.894528) w1=(-0.447013,0.000000,0.894528) w2=(-0.869662,0.000000,0.493648) w3=(-0.869662,0.000000,0.493648) steer=(255,0)
G6 l60=65.2569 m18c=1 spd=20.9034 grip=1364.09 arm=lo kLo=0.958371 1-kLo=0.0416288 ld4n=4 ld4avg=0.652094 le4avg=25.0746 avIn=(-0.000164652,-0.0151778,-0.000167279)
   G7 velDir=(0.871155,-0.035256,0.489740) w0=(-0.448255,0.000000,0.893906) w1=(-0.448255,0.000000,0.893906) w2=(-0.870347,0.000000,0.492439) w3=(-0.870347,0.000000,0.492439) steer=(255,0)
G6 l60=15.4923 m18c=1 spd=8.54167 grip=132.33 arm=lo kLo=0.995962 1-kLo=0.00403839 ld4n=4 ld4avg=0.357607 le4avg=10.8328 avIn=(-7.7749e-06,-0.00626717,-8.35581e-06)
   G7 velDir=(0.404416,-0.003590,0.914568) w0=(-0.448811,0.000000,0.893627) w1=(-0.448811,0.000000,0.893627) w2=(-0.870653,0.000000,0.491898) w3=(-0.870653,0.000000,0.491898) steer=(255,0)
G6 l60=0.9824 m18c=1 spd=13.3057 grip=13.0715 arm=lo kLo=0.999601 1-kLo=0.000398934 ld4n=4 ld4avg=0.293877 le4avg=0.83578 avIn=(-3.1357e-08,-0.0309546,-3.33232e-08)
   G7 velDir=(-0.461264,-0.000009,0.887263) w0=(-0.448584,0.000000,0.893741) w1=(-0.448584,0.000000,0.893741) w2=(-0.870528,0.000000,0.492119) w3=(-0.870528,0.000000,0.492119) steer=(255,0)
G6 l60=12.9985 m18c=1 spd=23.2342 grip=302.009 arm=lo kLo=0.990783 1-kLo=0.00921661 ld4n=4 ld4avg=0.291393 le4avg=11.152 avIn=(3.86754e-10,-0.0306742,8.48038e-10)
   G7 velDir=(-0.662746,0.000000,0.748845) w0=(-0.448230,0.000000,0.893918) w1=(-0.448230,0.000000,0.893918) w2=(-0.870333,0.000000,0.492464) w3=(-0.870333,0.000000,0.492464) steer=(255,0)
G6 l60=25.6693 m18c=1 spd=34.2493 grip=879.156 arm=lo kLo=0.97317 1-kLo=0.0268297 ld4n=4 ld4avg=0.292122 le4avg=21.968 avIn=(5.3599e-10,-0.0302075,9.3662e-10)
   G7 velDir=(-0.731306,0.000000,0.682049) w0=(-0.447612,0.000000,0.894228) w1=(-0.447612,0.000000,0.894228) w2=(-0.869992,0.000000,0.493065) w3=(-0.869992,0.000000,0.493065) steer=(255,0)
G6 l60=39.0192 m18c=1 spd=45.9769 grip=1793.98 arm=lo kLo=0.945252 1-kLo=0.054748 ld4n=4 ld4avg=0.292901 le4avg=33.3044 avIn=(9.83331e-10,-0.0295602,1.19268e-09)
   G7 velDir=(-0.763521,0.000000,0.645783) w0=(-0.446700,0.000000,0.894684) w1=(-0.446700,0.000000,0.894684) w2=(-0.869490,0.000000,0.493951) w3=(-0.869490,0.000000,0.493951) steer=(255,0)
G6 l60=168.32 m18c=1 spd=46.711 grip=7862.38 arm=lo kLo=0.760059 1-kLo=0.239941 ld4n=4 ld4avg=0.869222 le4avg=48.4276 avIn=(-0.000454968,-0.0239853,-0.000416226)
   G7 velDir=(0.858417,-0.065680,0.508731) w0=(-0.447924,0.000000,0.894072) w1=(-0.447924,0.000000,0.894072) w2=(-0.870164,0.000000,0.492762) w3=(-0.870164,0.000000,0.492762) steer=(255,0)
G6 l60=65.3318 m18c=1 spd=20.9397 grip=1368.03 arm=lo kLo=0.958251 1-kLo=0.0417488 ld4n=4 ld4avg=0.651067 le4avg=25.1427 avIn=(-0.000164311,-0.0151841,-0.000167235)
   G7 velDir=(0.872097,-0.035121,0.488070) w0=(-0.449166,0.000000,0.893448) w1=(-0.449166,0.000000,0.893448) w2=(-0.870848,0.000000,0.491552) w3=(-0.870848,0.000000,0.491552) steer=(255,0)
G6 l60=15.5835 m18c=1 spd=8.53972 grip=133.079 arm=lo kLo=0.995939 1-kLo=0.00406122 ld4n=4 ld4avg=0.357359 le4avg=10.9041 avIn=(-7.78371e-06,-0.00627031,-8.38414e-06)
   G7 velDir=(0.410715,-0.003594,0.911757) w0=(-0.449722,0.000000,0.893168) w1=(-0.449722,0.000000,0.893168) w2=(-0.871154,0.000000,0.491009) w3=(-0.871154,0.000000,0.491009) steer=(255,0)
G6 l60=0.903835 m18c=1 spd=13.2458 grip=11.972 arm=lo kLo=0.999635 1-kLo=0.000365376 ld4n=4 ld4avg=0.294107 le4avg=0.768348 avIn=(-3.15449e-08,-0.03095,-3.35911e-08)
   G7 velDir=(-0.459704,-0.000009,0.888072) w0=(-0.449495,0.000000,0.893283) w1=(-0.449495,0.000000,0.893283) w2=(-0.871030,0.000000,0.491231) w3=(-0.871030,0.000000,0.491231) steer=(255,0)
G6 l60=12.9173 m18c=1 spd=23.1641 grip=299.218 arm=lo kLo=0.990869 1-kLo=0.00913143 ld4n=4 ld4avg=0.291411 le4avg=11.0817 avIn=(3.85501e-10,-0.0306732,8.49982e-10)
   G7 velDir=(-0.662813,0.000000,0.748785) w0=(-0.449143,0.000000,0.893460) w1=(-0.449143,0.000000,0.893460) w2=(-0.870836,0.000000,0.491574) w3=(-0.870836,0.000000,0.491574) steer=(255,0)
G6 l60=25.5832 m18c=1 spd=34.1743 grip=874.287 arm=lo kLo=0.973319 1-kLo=0.0266811 ld4n=4 ld4avg=0.292116 le4avg=21.8947 avIn=(5.32562e-10,-0.030208,9.36887e-10)
   G7 velDir=(-0.731706,0.000000,0.681621) w0=(-0.448528,0.000000,0.893769) w1=(-0.448528,0.000000,0.893769) w2=(-0.870497,0.000000,0.492174) w3=(-0.870497,0.000000,0.492174) steer=(255,0)
G6 l60=38.9289 m18c=1 spd=45.8979 grip=1786.76 arm=lo kLo=0.945473 1-kLo=0.0545275 ld4n=4 ld4avg=0.292895 le4avg=33.2279 avIn=(9.75671e-10,-0.0295614,1.19099e-09)
   G7 velDir=(-0.764026,0.000000,0.645185) w0=(-0.447619,0.000000,0.894225) w1=(-0.447619,0.000000,0.894225) w2=(-0.869996,0.000000,0.493059) w3=(-0.869996,0.000000,0.493059) steer=(255,0)
G6 l60=167.705 m18c=1 spd=46.5482 grip=7806.38 arm=lo kLo=0.761768 1-kLo=0.238232 ld4n=4 ld4avg=0.869067 le4avg=48.2594 avIn=(-0.000453844,-0.0239534,-0.000416516)
   G7 velDir=(0.858224,-0.065626,0.509063) w0=(-0.447619,0.000000,0.894225) w1=(-0.447619,0.000000,0.894225) w2=(-0.869996,0.000000,0.493059) w3=(-0.869996,0.000000,0.493059) steer=(255,0)
G6 l60=64.8125 m18c=1 spd=20.798 grip=1347.97 arm=lo kLo=0.958863 1-kLo=0.0411368 ld4n=4 ld4avg=0.649495 le4avg=25.003 avIn=(-0.000162326,-0.0150842,-0.000165495)
   G7 velDir=(0.871448,-0.034958,0.489241) w0=(-0.448857,0.000000,0.893604) w1=(-0.448857,0.000000,0.893604) w2=(-0.870678,0.000000,0.491853) w3=(-0.870678,0.000000,0.491853) steer=(255,0)
G6 l60=15.4037 m18c=1 spd=8.53078 grip=131.405 arm=lo kLo=0.99599 1-kLo=0.0040102 ld4n=4 ld4avg=0.356643 le4avg=10.7998 avIn=(-7.57129e-06,-0.00625008,-8.1622e-06)
   G7 velDir=(0.400370,-0.003505,0.916347) w0=(-0.449410,0.000000,0.893326) w1=(-0.449410,0.000000,0.893326) w2=(-0.870982,0.000000,0.491314) w3=(-0.870982,0.000000,0.491314) steer=(255,0)
G6 l60=1.01815 m18c=1 spd=13.3334 grip=13.5753 arm=lo kLo=0.999586 1-kLo=0.000414312 ld4n=4 ld4avg=0.293767 le4avg=0.866512 avIn=(-3.03248e-08,-0.0309528,-3.23151e-08)
   G7 velDir=(-0.462995,-0.000009,0.886361) w0=(-0.449183,0.000000,0.893440) w1=(-0.449183,0.000000,0.893440) w2=(-0.870858,0.000000,0.491535) w3=(-0.870858,0.000000,0.491535) steer=(255,0)
G6 l60=13.0359 m18c=1 spd=23.2671 grip=303.309 arm=lo kLo=0.990744 1-kLo=0.00925624 ld4n=4 ld4avg=0.291385 le4avg=11.1845 avIn=(3.85633e-10,-0.030671,8.48635e-10)
   G7 velDir=(-0.663569,0.000000,0.748115) w0=(-0.448828,0.000000,0.893618) w1=(-0.448828,0.000000,0.893618) w2=(-0.870663,0.000000,0.491881) w3=(-0.870663,0.000000,0.491881) steer=(255,0)
G6 l60=25.7096 m18c=1 spd=34.2849 grip=881.45 arm=lo kLo=0.9731 1-kLo=0.0268997 ld4n=4 ld4avg=0.292124 le4avg=22.0023 avIn=(5.35375e-10,-0.0302035,9.37698e-10)
   G7 velDir=(-0.731901,0.000000,0.681411) w0=(-0.448210,0.000000,0.893928) w1=(-0.448210,0.000000,0.893928) w2=(-0.870322,0.000000,0.492483) w3=(-0.870322,0.000000,0.492483) steer=(255,0)
G6 l60=39.0619 m18c=1 spd=46.0148 grip=1797.43 arm=lo kLo=0.945147 1-kLo=0.0548531 ld4n=4 ld4avg=0.292903 le4avg=33.3406 avIn=(9.84641e-10,-0.0295559,1.19529e-09)
   G7 velDir=(-0.764026,0.000000,0.645186) w0=(-0.447298,0.000000,0.894385) w1=(-0.447298,0.000000,0.894385) w2=(-0.869819,0.000000,0.493371) w3=(-0.869819,0.000000,0.493371) steer=(255,0)
G6 l60=167.907 m18c=1 spd=46.6076 grip=7825.75 arm=lo kLo=0.761177 1-kLo=0.238823 ld4n=4 ld4avg=0.868869 le4avg=48.3286 avIn=(-0.000454813,-0.0239684,-0.000417214)
   G7 velDir=(0.858083,-0.065761,0.509283) w0=(-0.448522,0.000000,0.893772) w1=(-0.448522,0.000000,0.893772) w2=(-0.870494,0.000000,0.492180) w3=(-0.870494,0.000000,0.492180) steer=(255,0)
G6 l60=65.0083 m18c=1 spd=20.8561 grip=1355.82 arm=lo kLo=0.958624 1-kLo=0.0413764 ld4n=4 ld4avg=0.64971 le4avg=25.0703 avIn=(-0.000163216,-0.0151193,-0.000166517)
   G7 velDir=(0.871660,-0.035063,0.488854) w0=(-0.449760,0.000000,0.893149) w1=(-0.449760,0.000000,0.893149) w2=(-0.871175,0.000000,0.490972) w3=(-0.871175,0.000000,0.490972) steer=(255,0)
G6 l60=15.4909 m18c=1 spd=8.533 grip=132.184 arm=lo kLo=0.995966 1-kLo=0.00403392 ld4n=4 ld4avg=0.356807 le4avg=10.856 avIn=(-7.65921e-06,-0.00625584,-8.26695e-06)
   G7 velDir=(0.405164,-0.003545,0.914237) w0=(-0.450315,0.000000,0.892870) w1=(-0.450315,0.000000,0.892870) w2=(-0.871480,0.000000,0.490432) w3=(-0.871480,0.000000,0.490432) steer=(255,0)
G6 l60=0.956652 m18c=1 spd=13.2865 grip=12.7106 arm=lo kLo=0.999612 1-kLo=0.000387907 ld4n=4 ld4avg=0.293937 le4avg=0.813712 avIn=(-3.0844e-08,-0.0309487,-3.29075e-08)
   G7 velDir=(-0.461973,-0.000009,0.886894) w0=(-0.450088,0.000000,0.892984) w1=(-0.450088,0.000000,0.892984) w2=(-0.871355,0.000000,0.490653) w3=(-0.871355,0.000000,0.490653) steer=(255,0)
G6 l60=12.9725 m18c=1 spd=23.2123 grip=301.123 arm=lo kLo=0.99081 1-kLo=0.00918955 ld4n=4 ld4avg=0.291399 le4avg=11.1295 avIn=(3.84044e-10,-0.0306695,8.50136e-10)
   G7 velDir=(-0.663785,0.000000,0.747923) w0=(-0.449735,0.000000,0.893162) w1=(-0.449735,0.000000,0.893162) w2=(-0.871161,0.000000,0.490997) w3=(-0.871161,0.000000,0.490997) steer=(255,0)
G6 l60=25.6424 m18c=1 spd=34.2264 grip=877.646 arm=lo kLo=0.973216 1-kLo=0.0267836 ld4n=4 ld4avg=0.29212 le4avg=21.9451 avIn=(5.32263e-10,-0.0302032,9.3812e-10)
   G7 velDir=(-0.732361,0.000000,0.680917) w0=(-0.449118,0.000000,0.893473) w1=(-0.449118,0.000000,0.893473) w2=(-0.870822,0.000000,0.491599) w3=(-0.870822,0.000000,0.491599) steer=(255,0)
G6 l60=38.9915 m18c=1 spd=45.9533 grip=1791.79 arm=lo kLo=0.945319 1-kLo=0.0546811 ld4n=4 ld4avg=0.292899 le4avg=33.281 avIn=(9.78195e-10,-0.0295561,1.19429e-09)
   G7 velDir=(-0.764560,0.000000,0.644553) w0=(-0.448208,0.000000,0.893929) w1=(-0.448208,0.000000,0.893929) w2=(-0.870321,0.000000,0.492485) w3=(-0.870321,0.000000,0.492485) steer=(255,0)
G6 l60=167.312 m18c=1 spd=46.4488 grip=7771.44 arm=lo kLo=0.762835 1-kLo=0.237165 ld4n=4 ld4avg=0.868757 le4avg=48.1634 avIn=(-0.000453828,-0.0239382,-0.000417568)
   G7 velDir=(0.857862,-0.065726,0.509659) w0=(-0.448208,0.000000,0.893929) w1=(-0.448208,0.000000,0.893929) w2=(-0.870321,0.000000,0.492485) w3=(-0.870321,0.000000,0.492485) steer=(255,0)
G6 l60=64.5024 m18c=1 spd=20.7173 grip=1336.31 arm=lo kLo=0.959219 1-kLo=0.040781 ld4n=4 ld4avg=0.648235 le4avg=24.9315 avIn=(-0.000161332,-0.0150224,-0.000164853)
   G7 velDir=(0.870957,-0.034915,0.490117) w0=(-0.449443,0.000000,0.893309) w1=(-0.449443,0.000000,0.893309) w2=(-0.871001,0.000000,0.491282) w3=(-0.871001,0.000000,0.491282) steer=(255,0)
G6 l60=15.3126 m18c=1 spd=8.52515 grip=130.542 arm=lo kLo=0.996016 1-kLo=0.00398386 ld4n=4 ld4avg=0.356132 le4avg=10.7513 avIn=(-7.45632e-06,-0.00623618,-8.0538e-06)
   G7 velDir=(0.394744,-0.003459,0.918785) w0=(-0.449993,0.000000,0.893032) w1=(-0.449993,0.000000,0.893032) w2=(-0.871303,0.000000,0.490745) w3=(-0.871303,0.000000,0.490745) steer=(255,0)
G6 l60=1.0715 m18c=1 spd=13.3746 grip=14.3309 arm=lo kLo=0.999563 1-kLo=0.000437319 ld4n=4 ld4avg=0.293629 le4avg=0.912341 avIn=(-2.96803e-08,-0.0309511,-3.16851e-08)
   G7 velDir=(-0.465245,-0.000009,0.885182) w0=(-0.449767,0.000000,0.893146) w1=(-0.449767,0.000000,0.893146) w2=(-0.871179,0.000000,0.490966) w3=(-0.871179,0.000000,0.490966) steer=(255,0)
G6 l60=13.0917 m18c=1 spd=23.3158 grip=305.244 arm=lo kLo=0.990685 1-kLo=0.00931531 ld4n=4 ld4avg=0.291372 le4avg=11.2328 avIn=(3.84226e-10,-0.0306673,8.4881e-10)
   G7 velDir=(-0.664533,0.000000,0.747259) w0=(-0.449411,0.000000,0.893325) w1=(-0.449411,0.000000,0.893325) w2=(-0.870983,0.000000,0.491313) w3=(-0.870983,0.000000,0.491313) steer=(255,0)
G6 l60=25.7694 m18c=1 spd=34.3375 grip=884.857 arm=lo kLo=0.972996 1-kLo=0.0270037 ld4n=4 ld4avg=0.292127 le4avg=22.0533 avIn=(5.35116e-10,-0.0301987,9.38936e-10)
   G7 velDir=(-0.732550,0.000000,0.680713) w0=(-0.448792,0.000000,0.893636) w1=(-0.448792,0.000000,0.893636) w2=(-0.870642,0.000000,0.491917) w3=(-0.870642,0.000000,0.491917) steer=(255,0)
G6 l60=39.1252 m18c=1 spd=46.0707 grip=1802.53 arm=lo kLo=0.944991 1-kLo=0.0550087 ld4n=4 ld4avg=0.292906 le4avg=33.3942 avIn=(9.87288e-10,-0.0295506,1.19864e-09)
   G7 velDir=(-0.764554,0.000000,0.644560) w0=(-0.447879,0.000000,0.894094) w1=(-0.447879,0.000000,0.894094) w2=(-0.870139,0.000000,0.492806) w3=(-0.870139,0.000000,0.492806) steer=(255,0)
G6 l60=167.52 m18c=1 spd=46.5099 grip=7791.35 arm=lo kLo=0.762227 1-kLo=0.237773 ld4n=4 ld4avg=0.868566 le4avg=48.2341 avIn=(-0.00045481,-0.0239536,-0.000418247)
   G7 velDir=(0.857725,-0.065861,0.509872) w0=(-0.449104,0.000000,0.893480) w1=(-0.449104,0.000000,0.893480) w2=(-0.870814,0.000000,0.491613) w3=(-0.870814,0.000000,0.491613) steer=(255,0)
G6 l60=64.7028 m18c=1 spd=20.7765 grip=1344.3 arm=lo kLo=0.958975 1-kLo=0.0410247 ld4n=4 ld4avg=0.648473 le4avg=24.9999 avIn=(-0.000162238,-0.0150583,-0.000165884)
   G7 velDir=(0.871180,-0.035023,0.489714) w0=(-0.450339,0.000000,0.892858) w1=(-0.450339,0.000000,0.892858) w2=(-0.871494,0.000000,0.490407) w3=(-0.871494,0.000000,0.490407) steer=(255,0)
G6 l60=15.401 m18c=1 spd=8.52712 grip=131.326 arm=lo kLo=0.995992 1-kLo=0.00400776 ld4n=4 ld4avg=0.356303 le4avg=10.8082 avIn=(-7.54508e-06,-0.00624205,-8.15913e-06)
   G7 velDir=(0.399635,-0.003500,0.916668) w0=(-0.450891,0.000000,0.892579) w1=(-0.450891,0.000000,0.892579) w2=(-0.871796,0.000000,0.489868) w3=(-0.871796,0.000000,0.489868) steer=(255,0)
G6 l60=1.00923 m18c=1 spd=13.3271 grip=13.4501 arm=lo kLo=0.99959 1-kLo=0.000410438 ld4n=4 ld4avg=0.293784 le4avg=0.858871 avIn=(-3.01997e-08,-0.0309472,-3.22766e-08)
   G7 velDir=(-0.464205,-0.000009,0.885728) w0=(-0.450665,0.000000,0.892693) w1=(-0.450665,0.000000,0.892693) w2=(-0.871672,0.000000,0.490090) w3=(-0.871672,0.000000,0.490090) steer=(255,0)
G6 l60=13.0275 m18c=1 spd=23.2604 grip=303.023 arm=lo kLo=0.990752 1-kLo=0.00924754 ld4n=4 ld4avg=0.291387 le4avg=11.1771 avIn=(3.82629e-10,-0.0306659,8.50283e-10)
   G7 velDir=(-0.664738,0.000000,0.747076) w0=(-0.450311,0.000000,0.892872) w1=(-0.450311,0.000000,0.892872) w2=(-0.871478,0.000000,0.490435) w3=(-0.871478,0.000000,0.490435) steer=(255,0)
G6 l60=25.7012 m18c=1 spd=34.2782 grip=880.994 arm=lo kLo=0.973114 1-kLo=0.0268858 ld4n=4 ld4avg=0.292123 le4avg=21.9953 avIn=(5.32001e-10,-0.0301985,9.39337e-10)
   G7 velDir=(-0.733002,0.000000,0.680226) w0=(-0.449693,0.000000,0.893183) w1=(-0.449693,0.000000,0.893183) w2=(-0.871138,0.000000,0.491038) w3=(-0.871138,0.000000,0.491038) steer=(255,0)
G6 l60=39.0538 m18c=1 spd=46.0084 grip=1796.81 arm=lo kLo=0.945166 1-kLo=0.0548341 ld4n=4 ld4avg=0.292902 le4avg=33.3338 avIn=(9.80766e-10,-0.0295509,1.19758e-09)
   G7 velDir=(-0.765081,0.000000,0.643934) w0=(-0.448782,0.000000,0.893641) w1=(-0.448782,0.000000,0.893641) w2=(-0.870637,0.000000,0.491926) w3=(-0.870637,0.000000,0.491926) steer=(255,0)
G6 l60=166.93 m18c=1 spd=46.3525 grip=7737.63 arm=lo kLo=0.763866 1-kLo=0.236134 ld4n=4 ld4avg=0.868458 le4avg=48.0702 avIn=(-0.000453822,-0.0239234,-0.000418565)
   G7 velDir=(0.857507,-0.065824,0.510243) w0=(-0.448782,0.000000,0.893641) w1=(-0.448782,0.000000,0.893641) w2=(-0.870637,0.000000,0.491926) w3=(-0.870637,0.000000,0.491926) steer=(255,0)
G6 l60=64.2026 m18c=1 spd=20.6391 grip=1325.08 arm=lo kLo=0.959562 1-kLo=0.0404384 ld4n=4 ld4avg=0.647016 le4avg=24.8623 avIn=(-0.000160376,-0.0149627,-0.000164227)
   G7 velDir=(0.870470,-0.034875,0.490984) w0=(-0.450014,0.000000,0.893022) w1=(-0.450014,0.000000,0.893022) w2=(-0.871315,0.000000,0.490725) w3=(-0.871315,0.000000,0.490725) steer=(255,0)
G6 l60=15.2244 m18c=1 spd=8.52005 grip=129.713 arm=lo kLo=0.996041 1-kLo=0.00395852 ld4n=4 ld4avg=0.355642 le4avg=10.7041 avIn=(-7.34645e-06,-0.00622279,-7.94968e-06)
   G7 velDir=(0.389246,-0.003415,0.921127) w0=(-0.450562,0.000000,0.892745) w1=(-0.450562,0.000000,0.892745) w2=(-0.871616,0.000000,0.490190) w3=(-0.871616,0.000000,0.490190) steer=(255,0)
G6 l60=1.12345 m18c=1 spd=13.4148 grip=15.071 arm=lo kLo=0.99954 1-kLo=0.000459909 ld4n=4 ld4avg=0.293507 le4avg=0.956971 avIn=(-2.90686e-08,-0.0309493,-3.10845e-08)
   G7 velDir=(-0.467423,-0.000009,0.884034) w0=(-0.450336,0.000000,0.892859) w1=(-0.450336,0.000000,0.892859) w2=(-0.871491,0.000000,0.490411) w3=(-0.871491,0.000000,0.490411) steer=(255,0)
G6 l60=13.146 m18c=1 spd=23.3633 grip=307.134 arm=lo kLo=0.990627 1-kLo=0.00937295 ld4n=4 ld4avg=0.29136 le4avg=11.2799 avIn=(3.82874e-10,-0.0306637,8.48999e-10)
   G7 velDir=(-0.665469,0.000000,0.746426) w0=(-0.449979,0.000000,0.893039) w1=(-0.449979,0.000000,0.893039) w2=(-0.871296,0.000000,0.490759) w3=(-0.871296,0.000000,0.490759) steer=(255,0)
G6 l60=25.8276 m18c=1 spd=34.3888 grip=888.179 arm=lo kLo=0.972895 1-kLo=0.0271051 ld4n=4 ld4avg=0.292131 le4avg=22.1028 avIn=(5.34873e-10,-0.030194,9.40147e-10)
   G7 velDir=(-0.733182,0.000000,0.680033) w0=(-0.449358,0.000000,0.893351) w1=(-0.449358,0.000000,0.893351) w2=(-0.870954,0.000000,0.491364) w3=(-0.870954,0.000000,0.491364) steer=(255,0)
G6 l60=39.1868 m18c=1 spd=46.1252 grip=1807.5 arm=lo kLo=0.94484 1-kLo=0.0551605 ld4n=4 ld4avg=0.29291 le4avg=33.4464 avIn=(9.89893e-10,-0.0295455,1.20193e-09)
   G7 velDir=(-0.765068,0.000000,0.643950) w0=(-0.448444,0.000000,0.893811) w1=(-0.448444,0.000000,0.893811) w2=(-0.870451,0.000000,0.492255) w3=(-0.870451,0.000000,0.492255) steer=(255,0)
G6 l60=167.143 m18c=1 spd=46.4148 grip=7757.93 arm=lo kLo=0.763247 1-kLo=0.236753 ld4n=4 ld4avg=0.86827 le4avg=48.1421 avIn=(-0.000454807,-0.023939,-0.000419221)
   G7 velDir=(0.857375,-0.065959,0.510448) w0=(-0.449670,0.000000,0.893195) w1=(-0.449670,0.000000,0.893195) w2=(-0.871126,0.000000,0.491060) w3=(-0.871126,0.000000,0.491060) steer=(255,0)
G6 l60=64.4062 m18c=1 spd=20.6992 grip=1333.16 arm=lo kLo=0.959315 1-kLo=0.0406847 ld4n=4 ld4avg=0.647269 le4avg=24.9314 avIn=(-0.000161289,-0.0149992,-0.000165259)
   G7 velDir=(0.870704,-0.034983,0.490562) w0=(-0.450903,0.000000,0.892573) w1=(-0.450903,0.000000,0.892573) w2=(-0.871803,0.000000,0.489857) w3=(-0.871803,0.000000,0.489857) steer=(255,0)
G6 l60=15.3137 m18c=1 spd=8.52173 grip=130.499 arm=lo kLo=0.996017 1-kLo=0.00398254 ld4n=4 ld4avg=0.355817 le4avg=10.7616 avIn=(-7.4354e-06,-0.00622873,-8.05493e-06)
   G7 velDir=(0.394222,-0.003456,0.919009) w0=(-0.451453,0.000000,0.892295) w1=(-0.451453,0.000000,0.892295) w2=(-0.872104,0.000000,0.489320) w3=(-0.872104,0.000000,0.489320) steer=(255,0)
G6 l60=1.06053 m18c=1 spd=13.3668 grip=14.1759 arm=lo kLo=0.999567 1-kLo=0.000432611 ld4n=4 ld4avg=0.29365 le4avg=0.902937 avIn=(-2.95853e-08,-0.0309456,-3.16722e-08)
   G7 velDir=(-0.466369,-0.000009,0.884590) w0=(-0.451227,0.000000,0.892409) w1=(-0.451227,0.000000,0.892409) w2=(-0.871980,0.000000,0.489541) w3=(-0.871980,0.000000,0.489541) steer=(255,0)
G6 l60=13.0811 m18c=1 spd=23.3072 grip=304.883 arm=lo kLo=0.990696 1-kLo=0.00930429 ld4n=4 ld4avg=0.291375 le4avg=11.2236 avIn=(3.8127e-10,-0.0306623,8.50444e-10)
   G7 velDir=(-0.665665,0.000000,0.746251) w0=(-0.450872,0.000000,0.892589) w1=(-0.450872,0.000000,0.892589) w2=(-0.871786,0.000000,0.489888) w3=(-0.871786,0.000000,0.489888) steer=(255,0)
G6 l60=25.7587 m18c=1 spd=34.3289 grip=884.267 arm=lo kLo=0.973014 1-kLo=0.0269857 ld4n=4 ld4avg=0.292126 le4avg=22.0442 avIn=(5.31751e-10,-0.0301938,9.40526e-10)
   G7 velDir=(-0.733626,0.000000,0.679553) w0=(-0.450253,0.000000,0.892901) w1=(-0.450253,0.000000,0.892901) w2=(-0.871446,0.000000,0.490492) w3=(-0.871446,0.000000,0.490492) steer=(255,0)
G6 l60=39.1147 m18c=1 spd=46.0622 grip=1801.71 arm=lo kLo=0.945016 1-kLo=0.0549837 ld4n=4 ld4avg=0.292906 le4avg=33.3853 avIn=(9.83302e-10,-0.0295458,1.2008e-09)
   G7 velDir=(-0.765589,0.000000,0.643330) w0=(-0.449340,0.000000,0.893361) w1=(-0.449340,0.000000,0.893361) w2=(-0.870944,0.000000,0.491382) w3=(-0.870944,0.000000,0.491382) steer=(255,0)
G6 l60=166.559 m18c=1 spd=46.2586 grip=7704.77 arm=lo kLo=0.764869 1-kLo=0.235131 ld4n=4 ld4avg=0.868167 le4avg=47.9794 avIn=(-0.000453818,-0.0239088,-0.000419504)
   G7 velDir=(0.857160,-0.065921,0.510814) w0=(-0.449340,0.000000,0.893361) w1=(-0.449340,0.000000,0.893361) w2=(-0.870944,0.000000,0.491382) w3=(-0.870944,0.000000,0.491382) steer=(255,0)
G6 l60=63.9115 m18c=1 spd=20.5631 grip=1314.22 arm=lo kLo=0.959893 1-kLo=0.0401068 ld4n=4 ld4avg=0.645829 le4avg=24.7948 avIn=(-0.000159449,-0.0149047,-0.00016361)
   G7 velDir=(0.869989,-0.034835,0.491840) w0=(-0.450570,0.000000,0.892741) w1=(-0.450570,0.000000,0.892741) w2=(-0.871620,0.000000,0.490183) w3=(-0.871620,0.000000,0.490183) steer=(255,0)
G6 l60=15.1387 m18c=1 spd=8.51542 grip=128.913 arm=lo kLo=0.996066 1-kLo=0.00393409 ld4n=4 ld4avg=0.355169 le4avg=10.658 avIn=(-7.24081e-06,-0.00620985,-7.84903e-06)
   G7 velDir=(0.383861,-0.003373,0.923385) w0=(-0.451116,0.000000,0.892466) w1=(-0.451116,0.000000,0.892466) w2=(-0.871920,0.000000,0.489649) w3=(-0.871920,0.000000,0.489649) steer=(255,0)
G6 l60=1.1742 m18c=1 spd=13.4542 grip=15.7979 arm=lo kLo=0.999518 1-kLo=0.000482142 ld4n=4 ld4avg=0.293398 le4avg=1.00056 avIn=(-2.84847e-08,-0.0309475,-3.05088e-08)
   G7 velDir=(-0.469537,-0.000008,0.882913) w0=(-0.450889,0.000000,0.892580) w1=(-0.450889,0.000000,0.892580) w2=(-0.871795,0.000000,0.489870) w3=(-0.871795,0.000000,0.489870) steer=(255,0)
G6 l60=13.199 m18c=1 spd=23.4097 grip=308.984 arm=lo kLo=0.990571 1-kLo=0.00942945 ld4n=4 ld4avg=0.291348 le4avg=11.3258 avIn=(3.81576e-10,-0.0306602,8.49201e-10)
   G7 velDir=(-0.666379,0.000000,0.745613) w0=(-0.450532,0.000000,0.892760) w1=(-0.450532,0.000000,0.892760) w2=(-0.871599,0.000000,0.490219) w3=(-0.871599,0.000000,0.490219) steer=(255,0)
G6 l60=25.8844 m18c=1 spd=34.4388 grip=891.43 arm=lo kLo=0.972796 1-kLo=0.0272043 ld4n=4 ld4avg=0.292134 le4avg=22.1512 avIn=(5.34639e-10,-0.0301894,9.41328e-10)
   G7 velDir=(-0.733796,0.000000,0.679370) w0=(-0.449910,0.000000,0.893074) w1=(-0.449910,0.000000,0.893074) w2=(-0.871258,0.000000,0.490826) w3=(-0.871258,0.000000,0.490826) steer=(255,0)
G6 l60=39.2469 m18c=1 spd=46.1784 grip=1812.36 arm=lo kLo=0.944691 1-kLo=0.0553089 ld4n=4 ld4avg=0.292913 le4avg=33.4974 avIn=(9.92474e-10,-0.0295404,1.20516e-09)
   G7 velDir=(-0.765567,0.000000,0.643356) w0=(-0.448995,0.000000,0.893534) w1=(-0.448995,0.000000,0.893534) w2=(-0.870754,0.000000,0.491718) w3=(-0.870754,0.000000,0.491718) steer=(255,0)
G6 l60=166.777 m18c=1 spd=46.3223 grip=7725.51 arm=lo kLo=0.764236 1-kLo=0.235764 ld4n=4 ld4avg=0.867982 le4avg=48.0527 avIn=(-0.000454806,-0.0239247,-0.000420136)
   G7 velDir=(0.857034,-0.066054,0.511009) w0=(-0.450222,0.000000,0.892917) w1=(-0.450222,0.000000,0.892917) w2=(-0.871429,0.000000,0.490522) w3=(-0.871429,0.000000,0.490522) steer=(255,0)
G6 l60=64.1189 m18c=1 spd=20.6243 grip=1322.41 arm=lo kLo=0.959643 1-kLo=0.0403566 ld4n=4 ld4avg=0.646099 le4avg=24.8649 avIn=(-0.000160372,-0.0149419,-0.000164646)
   G7 velDir=(0.870235,-0.034944,0.491396) w0=(-0.451452,0.000000,0.892295) w1=(-0.451452,0.000000,0.892295) w2=(-0.872104,0.000000,0.489320) w3=(-0.872104,0.000000,0.489320) steer=(255,0)
G6 l60=15.2291 m18c=1 spd=8.51682 grip=129.704 arm=lo kLo=0.996042 1-kLo=0.00395823 ld4n=4 ld4avg=0.355348 le4avg=10.7163 avIn=(-7.33024e-06,-0.00621588,-7.9545e-06)
   G7 velDir=(0.388938,-0.003414,0.921258) w0=(-0.452000,0.000000,0.892018) w1=(-0.452000,0.000000,0.892018) w2=(-0.872404,0.000000,0.488785) w3=(-0.872404,0.000000,0.488785) steer=(255,0)
G6 l60=1.11044 m18c=1 spd=13.4054 grip=14.8858 arm=lo kLo=0.999546 1-kLo=0.000454307 ld4n=4 ld4avg=0.29353 le4avg=0.945808 avIn=(-2.89999e-08,-0.0309439,-3.10939e-08)
   G7 velDir=(-0.468463,-0.000009,0.883483) w0=(-0.451774,0.000000,0.892133) w1=(-0.451774,0.000000,0.892133) w2=(-0.872280,0.000000,0.489006) w3=(-0.872280,0.000000,0.489006) steer=(255,0)
G6 l60=13.1332 m18c=1 spd=23.3528 grip=306.697 arm=lo kLo=0.99064 1-kLo=0.00935966 ld4n=4 ld4avg=0.291363 le4avg=11.2688 avIn=(3.79964e-10,-0.0306588,8.5062e-10)
   G7 velDir=(-0.666564,0.000000,0.745448) w0=(-0.451418,0.000000,0.892313) w1=(-0.451418,0.000000,0.892313) w2=(-0.872085,0.000000,0.489354) w3=(-0.872085,0.000000,0.489354) steer=(255,0)
G6 l60=25.8146 m18c=1 spd=34.3781 grip=887.458 arm=lo kLo=0.972917 1-kLo=0.027083 ld4n=4 ld4avg=0.29213 le4avg=22.0918 avIn=(5.31512e-10,-0.0301893,9.41687e-10)
   G7 velDir=(-0.734232,0.000000,0.678898) w0=(-0.450798,0.000000,0.892626) w1=(-0.450798,0.000000,0.892626) w2=(-0.871745,0.000000,0.489960) w3=(-0.871745,0.000000,0.489960) steer=(255,0)
G6 l60=39.1738 m18c=1 spd=46.1145 grip=1806.48 arm=lo kLo=0.944871 1-kLo=0.0551295 ld4n=4 ld4avg=0.292909 le4avg=33.4355 avIn=(9.85797e-10,-0.0295408,1.20396e-09)
   G7 velDir=(-0.766082,0.000000,0.642743) w0=(-0.449885,0.000000,0.893087) w1=(-0.449885,0.000000,0.893087) w2=(-0.871244,0.000000,0.490851) w3=(-0.871244,0.000000,0.490851) steer=(255,0)
G6 l60=53.2426 m18c=1 spd=58.494 grip=3114.37 arm=lo kLo=0.904957 1-kLo=0.095043 ld4n=4 ld4avg=0.293699 le4avg=45.3215 avIn=(5.61559e-09,-0.0289505,4.01122e-09)
   G7 velDir=(-0.783351,0.000000,0.621580) w0=(-0.448659,0.000000,0.893703) w1=(-0.448659,0.000000,0.893703) w2=(-0.870569,0.000000,0.492046) w3=(-0.870569,0.000000,0.492046) steer=(255,0)
G6 l60=177.993 m18c=1 spd=48.7423 grip=8675.81 arm=lo kLo=0.735235 1-kLo=0.264765 ld4n=4 ld4avg=0.892937 le4avg=49.8612 avIn=(-0.000547585,-0.02517,-0.000466161)
   G7 velDir=(0.838844,-0.078646,0.538660) w0=(-0.450214,0.000000,0.892921) w1=(-0.450214,0.000000,0.892921) w2=(-0.871424,0.000000,0.490530) w3=(-0.871424,0.000000,0.490530) steer=(255,0)
G6 l60=71.5089 m18c=1 spd=22.1866 grip=1586.54 arm=lo kLo=0.951583 1-kLo=0.0484174 ld4n=4 ld4avg=0.704124 le4avg=25.4567 avIn=(-0.000223754,-0.0166433,-0.000214675)
   G7 velDir=(0.841679,-0.045701,0.538040) w0=(-0.451508,0.000000,0.892267) w1=(-0.451508,0.000000,0.892267) w2=(-0.872135,0.000000,0.489266) w3=(-0.872135,0.000000,0.489266) steer=(255,0)
G6 l60=15.8686 m18c=1 spd=8.77145 grip=139.19 arm=lo kLo=0.995752 1-kLo=0.00424773 ld4n=4 ld4avg=0.378383 le4avg=10.488 avIn=(-1.22762e-05,-0.0064404,-1.25487e-05)
   G7 velDir=(0.366782,-0.005595,0.930290) w0=(-0.452097,0.000000,0.891969) w1=(-0.452097,0.000000,0.891969) w2=(-0.872457,0.000000,0.488690) w3=(-0.872457,0.000000,0.488690) steer=(255,0)
G6 l60=1.38586 m18c=1 spd=13.6196 grip=18.8749 arm=lo kLo=0.999424 1-kLo=0.000576019 ld4n=4 ld4avg=0.293288 le4avg=1.18136 avIn=(-5.25723e-08,-0.0309478,-5.3507e-08)
   G7 velDir=(-0.476608,-0.000015,0.879116) w0=(-0.451864,0.000000,0.892087) w1=(-0.451864,0.000000,0.892087) w2=(-0.872330,0.000000,0.488918) w3=(-0.872330,0.000000,0.488918) steer=(255,0)
G6 l60=13.4209 m18c=1 spd=23.6008 grip=316.744 arm=lo kLo=0.990334 1-kLo=0.00966626 ld4n=4 ld4avg=0.291359 le4avg=11.5158 avIn=(3.61559e-10,-0.0306504,8.31015e-10)
   G7 velDir=(-0.669016,0.000000,0.743248) w0=(-0.451503,0.000000,0.892270) w1=(-0.451503,0.000000,0.892270) w2=(-0.872132,0.000000,0.489271) w3=(-0.872132,0.000000,0.489271) steer=(255,0)
G6 l60=26.1189 m18c=1 spd=34.6447 grip=904.879 arm=lo kLo=0.972385 1-kLo=0.0276147 ld4n=4 ld4avg=0.292148 le4avg=22.3508 avIn=(5.36359e-10,-0.0301753,9.4448e-10)
   G7 velDir=(-0.735322,0.000000,0.677718) w0=(-0.450876,0.000000,0.892587) w1=(-0.450876,0.000000,0.892587) w2=(-0.871788,0.000000,0.489883) w3=(-0.871788,0.000000,0.489883) steer=(255,0)
G6 l60=39.4943 m18c=1 spd=46.3965 grip=1832.4 arm=lo kLo=0.94408 1-kLo=0.0559204 ld4n=4 ld4avg=0.292927 le4avg=33.7069 avIn=(1.00632e-09,-0.0295246,1.21636e-09)
   G7 velDir=(-0.766680,0.000000,0.642030) w0=(-0.449956,0.000000,0.893051) w1=(-0.449956,0.000000,0.893051) w2=(-0.871283,0.000000,0.490782) w3=(-0.871283,0.000000,0.490782) steer=(255,0)
G6 l60=166.35 m18c=1 spd=46.1951 grip=7684.55 arm=lo kLo=0.765486 1-kLo=0.234514 ld4n=4 ld4avg=0.868442 le4avg=47.9043 avIn=(-0.000455911,-0.0239172,-0.000422148)
   G7 velDir=(0.856319,-0.066330,0.512171) w0=(-0.449956,0.000000,0.893051) w1=(-0.449956,0.000000,0.893051) w2=(-0.871283,0.000000,0.490782) w3=(-0.871283,0.000000,0.490782) steer=(255,0)
G6 l60=63.7024 m18c=1 spd=20.4994 grip=1305.86 arm=lo kLo=0.960148 1-kLo=0.0398518 ld4n=4 ld4avg=0.645691 le4avg=24.719 avIn=(-0.000159568,-0.0148677,-0.000163954)
   G7 velDir=(0.868743,-0.035020,0.494024) w0=(-0.451183,0.000000,0.892432) w1=(-0.451183,0.000000,0.892432) w2=(-0.871956,0.000000,0.489584) w3=(-0.871956,0.000000,0.489584) steer=(255,0)
G6 l60=15.04 m18c=1 spd=8.51508 grip=128.067 arm=lo kLo=0.996092 1-kLo=0.00390828 ld4n=4 ld4avg=0.355028 le4avg=10.5927 avIn=(-7.19616e-06,-0.006198,-7.80899e-06)
   G7 velDir=(0.376424,-0.003359,0.926441) w0=(-0.451727,0.000000,0.892156) w1=(-0.451727,0.000000,0.892156) w2=(-0.872255,0.000000,0.489052) w3=(-0.872255,0.000000,0.489052) steer=(255,0)
G6 l60=1.2465 m18c=1 spd=13.5102 grip=16.8405 arm=lo kLo=0.999486 1-kLo=0.000513911 ld4n=4 ld4avg=0.293263 le4avg=1.06265 avIn=(-2.81443e-08,-0.0309455,-3.01775e-08)
   G7 velDir=(-0.472345,-0.000008,0.881414) w0=(-0.451501,0.000000,0.892271) w1=(-0.451501,0.000000,0.892271) w2=(-0.872131,0.000000,0.489273) w3=(-0.872131,0.000000,0.489273) steer=(255,0)
G6 l60=13.2752 m18c=1 spd=23.4756 grip=311.644 arm=lo kLo=0.990489 1-kLo=0.00951064 ld4n=4 ld4avg=0.291349 le4avg=11.3912 avIn=(3.79862e-10,-0.0306558,8.49052e-10)
   G7 velDir=(-0.667522,0.000000,0.744590) w0=(-0.451142,0.000000,0.892452) w1=(-0.451142,0.000000,0.892452) w2=(-0.871934,0.000000,0.489623) w3=(-0.871934,0.000000,0.489623) steer=(255,0)
G6 l60=25.9652 m18c=1 spd=34.5099 grip=896.058 arm=lo kLo=0.972654 1-kLo=0.0273455 ld4n=4 ld4avg=0.292139 le4avg=22.22 avIn=(5.34694e-10,-0.0301836,9.42806e-10)
   G7 velDir=(-0.734533,0.000000,0.678573) w0=(-0.450519,0.000000,0.892767) w1=(-0.450519,0.000000,0.892767) w2=(-0.871592,0.000000,0.490232) w3=(-0.871592,0.000000,0.490232) steer=(255,0)
G6 l60=39.3323 m18c=1 spd=46.2538 grip=1819.27 arm=lo kLo=0.94448 1-kLo=0.0555198 ld4n=4 ld4avg=0.292918 le4avg=33.5697 avIn=(9.96576e-10,-0.0295339,1.20947e-09)
   G7 velDir=(-0.766150,0.000000,0.642662) w0=(-0.449602,0.000000,0.893229) w1=(-0.449602,0.000000,0.893229) w2=(-0.871088,0.000000,0.491127) w3=(-0.871088,0.000000,0.491127) steer=(255,0)
G6 l60=166.386 m18c=1 spd=46.2229 grip=7690.85 arm=lo kLo=0.765294 1-kLo=0.234706 ld4n=4 ld4avg=0.867701 le4avg=47.9556 avIn=(-0.000454933,-0.0239102,-0.000421207)
   G7 velDir=(0.856627,-0.066177,0.511674) w0=(-0.450831,0.000000,0.892610) w1=(-0.450831,0.000000,0.892610) w2=(-0.871763,0.000000,0.489928) w3=(-0.871763,0.000000,0.489928) steer=(255,0)
G6 l60=63.8102 m18c=1 spd=20.5431 grip=1310.86 arm=lo kLo=0.959996 1-kLo=0.0400043 ld4n=4 ld4avg=0.644883 le4avg=24.7917 avIn=(-0.000159436,-0.0148807,-0.000164024)
   G7 velDir=(0.869667,-0.034915,0.492402) w0=(-0.452058,0.000000,0.891989) w1=(-0.452058,0.000000,0.891989) w2=(-0.872436,0.000000,0.488728) w3=(-0.872436,0.000000,0.488728) steer=(255,0)
G6 l60=15.136 m18c=1 spd=8.51204 grip=128.838 arm=lo kLo=0.996068 1-kLo=0.00393182 ld4n=4 ld4avg=0.354861 le4avg=10.6654 avIn=(-7.22023e-06,-0.00620198,-7.84901e-06)
   G7 velDir=(0.382997,-0.003370,0.923743) w0=(-0.452603,0.000000,0.891712) w1=(-0.452603,0.000000,0.891712) w2=(-0.872735,0.000000,0.488195) w3=(-0.872735,0.000000,0.488195) steer=(255,0)
G6 l60=1.16652 m18c=1 spd=13.4489 grip=15.6883 arm=lo kLo=0.999521 1-kLo=0.000478745 ld4n=4 ld4avg=0.293408 le4avg=0.993983 avIn=(-2.83866e-08,-0.0309419,-3.04857e-08)
   G7 velDir=(-0.470791,-0.000008,0.882245) w0=(-0.452377,0.000000,0.891827) w1=(-0.452377,0.000000,0.891827) w2=(-0.872611,0.000000,0.488416) w3=(-0.872611,0.000000,0.488416) steer=(255,0)
G6 l60=13.1918 m18c=1 spd=23.404 grip=308.741 arm=lo kLo=0.990578 1-kLo=0.00942206 ld4n=4 ld4avg=0.29135 le4avg=11.3195 avIn=(3.78531e-10,-0.0306549,8.50815e-10)
   G7 velDir=(-0.667562,0.000000,0.744554) w0=(-0.452020,0.000000,0.892008) w1=(-0.452020,0.000000,0.892008) w2=(-0.872415,0.000000,0.488765) w3=(-0.872415,0.000000,0.488765) steer=(255,0)
G6 l60=25.8775 m18c=1 spd=34.4334 grip=891.05 arm=lo kLo=0.972807 1-kLo=0.0271927 ld4n=4 ld4avg=0.292133 le4avg=22.1453 avIn=(5.31267e-10,-0.0301843,9.42979e-10)
   G7 velDir=(-0.734904,0.000000,0.678172) w0=(-0.451399,0.000000,0.892322) w1=(-0.451399,0.000000,0.892322) w2=(-0.872075,0.000000,0.489373) w3=(-0.872075,0.000000,0.489373) steer=(255,0)
G6 l60=39.2403 m18c=1 spd=46.1733 grip=1811.85 arm=lo kLo=0.944707 1-kLo=0.0552934 ld4n=4 ld4avg=0.292912 le4avg=33.4918 avIn=(9.88655e-10,-0.0295353,1.20752e-09)
   G7 velDir=(-0.766627,0.000000,0.642092) w0=(-0.450484,0.000000,0.892784) w1=(-0.450484,0.000000,0.892784) w2=(-0.871573,0.000000,0.490266) w3=(-0.871573,0.000000,0.490266) steer=(255,0)
G6 l60=165.799 m18c=1 spd=46.0667 grip=7637.83 arm=lo kLo=0.766912 1-kLo=0.233088 ld4n=4 ld4avg=0.867571 le4avg=47.7936 avIn=(-0.000453818,-0.0238786,-0.000421324)
   G7 velDir=(0.856443,-0.066119,0.511990) w0=(-0.450485,0.000000,0.892784) w1=(-0.450485,0.000000,0.892784) w2=(-0.871573,0.000000,0.490266) w3=(-0.871573,0.000000,0.490266) steer=(255,0)
G6 l60=63.3194 m18c=1 spd=20.4084 grip=1292.25 arm=lo kLo=0.960564 1-kLo=0.0394363 ld4n=4 ld4avg=0.643409 le4avg=24.6572 avIn=(-0.000157569,-0.0147868,-0.000162328)
   G7 velDir=(0.868979,-0.034755,0.493627) w0=(-0.451708,0.000000,0.892166) w1=(-0.451708,0.000000,0.892166) w2=(-0.872244,0.000000,0.489071) w3=(-0.872244,0.000000,0.489071) steer=(255,0)
G6 l60=14.9644 m18c=1 spd=8.50697 grip=127.302 arm=lo kLo=0.996115 1-kLo=0.00388497 ld4n=4 ld4avg=0.354217 le4avg=10.5636 avIn=(-7.02929e-06,-0.00618369,-7.64579e-06)
   G7 velDir=(0.372768,-0.003287,0.927919) w0=(-0.452249,0.000000,0.891892) w1=(-0.452249,0.000000,0.891892) w2=(-0.872541,0.000000,0.488541) w3=(-0.872541,0.000000,0.488541) steer=(255,0)
G6 l60=1.27825 m18c=1 spd=13.535 grip=17.3011 arm=lo kLo=0.999472 1-kLo=0.000527978 ld4n=4 ld4avg=0.2932 le4avg=1.08995 avIn=(-2.73288e-08,-0.0309435,-2.93613e-08)
   G7 velDir=(-0.473833,-0.000008,0.880615) w0=(-0.452023,0.000000,0.892006) w1=(-0.452023,0.000000,0.892006) w2=(-0.872417,0.000000,0.488762) w3=(-0.872417,0.000000,0.488762) steer=(255,0)
G6 l60=13.309 m18c=1 spd=23.5048 grip=312.824 arm=lo kLo=0.990453 1-kLo=0.00954664 ld4n=4 ld4avg=0.291351 le4avg=11.42 avIn=(3.78978e-10,-0.0306529,8.49675e-10)
   G7 velDir=(-0.668236,0.000000,0.743950) w0=(-0.451664,0.000000,0.892188) w1=(-0.451664,0.000000,0.892188) w2=(-0.872220,0.000000,0.489113) w3=(-0.872220,0.000000,0.489113) steer=(255,0)
G6 l60=26.001 m18c=1 spd=34.5415 grip=898.116 arm=lo kLo=0.972592 1-kLo=0.0274083 ld4n=4 ld4avg=0.292141 le4avg=22.2505 avIn=(5.34176e-10,-0.03018,9.43759e-10)
   G7 velDir=(-0.735050,0.000000,0.678013) w0=(-0.451040,0.000000,0.892504) w1=(-0.451040,0.000000,0.892504) w2=(-0.871878,0.000000,0.489723) w3=(-0.871878,0.000000,0.489723) steer=(255,0)
G6 l60=39.3703 m18c=1 spd=46.2875 grip=1822.35 arm=lo kLo=0.944386 1-kLo=0.0556138 ld4n=4 ld4avg=0.29292 le4avg=33.6019 avIn=(9.97846e-10,-0.0295301,1.21185e-09)
   G7 velDir=(-0.766589,0.000000,0.642138) w0=(-0.450123,0.000000,0.892967) w1=(-0.450123,0.000000,0.892967) w2=(-0.871374,0.000000,0.490619) w3=(-0.871374,0.000000,0.490619) steer=(255,0)
G6 l60=166.028 m18c=1 spd=46.133 grip=7659.39 arm=lo kLo=0.766254 1-kLo=0.233746 ld4n=4 ld4avg=0.867392 le4avg=47.8696 avIn=(-0.000454807,-0.0238949,-0.000421903)
   G7 velDir=(0.856329,-0.066249,0.512164) w0=(-0.451352,0.000000,0.892346) w1=(-0.451352,0.000000,0.892346) w2=(-0.872049,0.000000,0.489418) w3=(-0.872049,0.000000,0.489418) steer=(255,0)
G6 l60=63.5338 m18c=1 spd=20.4714 grip=1300.63 arm=lo kLo=0.960308 1-kLo=0.039692 ld4n=4 ld4avg=0.643709 le4avg=24.7292 avIn=(-0.000158508,-0.0148253,-0.000163366)
   G7 velDir=(0.869254,-0.034864,0.493135) w0=(-0.452577,0.000000,0.891726) w1=(-0.452577,0.000000,0.891726) w2=(-0.872720,0.000000,0.488221) w3=(-0.872720,0.000000,0.488221) steer=(255,0)
G6 l60=15.0569 m18c=1 spd=8.50776 grip=128.101 arm=lo kLo=0.996091 1-kLo=0.00390935 ld4n=4 ld4avg=0.354404 le4avg=10.6233 avIn=(-7.11921e-06,-0.00618988,-7.75127e-06)
   G7 velDir=(0.378045,-0.003329,0.925781) w0=(-0.453119,0.000000,0.891450) w1=(-0.453119,0.000000,0.891450) w2=(-0.873017,0.000000,0.487689) w3=(-0.873017,0.000000,0.487689) steer=(255,0)
G6 l60=1.21286 m18c=1 spd=13.4848 grip=16.3552 arm=lo kLo=0.999501 1-kLo=0.000499129 ld4n=4 ld4avg=0.293315 le4avg=1.0338 avIn=(-2.78389e-08,-0.0309401,-2.99395e-08)
   G7 velDir=(-0.472722,-0.000008,0.881211) w0=(-0.452894,0.000000,0.891564) w1=(-0.452894,0.000000,0.891564) w2=(-0.872894,0.000000,0.487910) w3=(-0.872894,0.000000,0.487910) steer=(255,0)
G6 l60=13.2406 m18c=1 spd=23.4464 grip=310.444 arm=lo kLo=0.990526 1-kLo=0.00947398 ld4n=4 ld4avg=0.291346 le4avg=11.3615 avIn=(3.7735e-10,-0.0306516,8.51041e-10)
   G7 velDir=(-0.668400,0.000000,0.743802) w0=(-0.452536,0.000000,0.891746) w1=(-0.452536,0.000000,0.891746) w2=(-0.872698,0.000000,0.488260) w3=(-0.872698,0.000000,0.488260) steer=(255,0)
G6 l60=25.9294 m18c=1 spd=34.4792 grip=894.025 arm=lo kLo=0.972717 1-kLo=0.0272835 ld4n=4 ld4avg=0.292136 le4avg=22.1895 avIn=(5.3103e-10,-0.03018,9.44072e-10)
   G7 velDir=(-0.735471,0.000000,0.677556) w0=(-0.451914,0.000000,0.892062) w1=(-0.451914,0.000000,0.892062) w2=(-0.872357,0.000000,0.488869) w3=(-0.872357,0.000000,0.488869) steer=(255,0)
G6 l60=39.2953 m18c=1 spd=46.2219 grip=1816.3 arm=lo kLo=0.944571 1-kLo=0.0554292 ld4n=4 ld4avg=0.292916 le4avg=33.5384 avIn=(9.91003e-10,-0.0295306,1.21051e-09)
   G7 velDir=(-0.767091,0.000000,0.641539) w0=(-0.450999,0.000000,0.892525) w1=(-0.450999,0.000000,0.892525) w2=(-0.871855,0.000000,0.489764) w3=(-0.871855,0.000000,0.489764) steer=(255,0)
G6 l60=165.458 m18c=1 spd=45.9804 grip=7607.81 arm=lo kLo=0.767828 1-kLo=0.232172 ld4n=4 ld4avg=0.867299 le4avg=47.7102 avIn=(-0.00045381,-0.0238648,-0.000422082)
   G7 velDir=(0.856122,-0.066207,0.512516) w0=(-0.450999,0.000000,0.892525) w1=(-0.450999,0.000000,0.892525) w2=(-0.871855,0.000000,0.489764) w3=(-0.871855,0.000000,0.489764) steer=(255,0)
G6 l60=63.0545 m18c=1 spd=20.3391 grip=1282.47 arm=lo kLo=0.960862 1-kLo=0.039138 ld4n=4 ld4avg=0.642318 le4avg=24.5956 avIn=(-0.000156726,-0.014734,-0.000161736)
   G7 velDir=(0.868520,-0.034717,0.494437) w0=(-0.452219,0.000000,0.891907) w1=(-0.452219,0.000000,0.891907) w2=(-0.872525,0.000000,0.488570) w3=(-0.872525,0.000000,0.488570) steer=(255,0)
G6 l60=14.8866 m18c=1 spd=8.5036 grip=126.59 arm=lo kLo=0.996137 1-kLo=0.00386322 ld4n=4 ld4avg=0.353794 le4avg=10.5212 avIn=(-6.93589e-06,-0.00617207,-7.5553e-06)
   G7 velDir=(0.367766,-0.003249,0.929912) w0=(-0.452759,0.000000,0.891633) w1=(-0.452759,0.000000,0.891633) w2=(-0.872820,0.000000,0.488042) w3=(-0.872820,0.000000,0.488042) steer=(255,0)
G6 l60=1.32495 m18c=1 spd=13.5713 grip=17.9812 arm=lo kLo=0.999451 1-kLo=0.00054872 ld4n=4 ld4avg=0.293121 le4avg=1.13007 avIn=(-2.6824e-08,-0.0309416,-2.88568e-08)
   G7 velDir=(-0.475746,-0.000008,0.879583) w0=(-0.452533,0.000000,0.891748) w1=(-0.452533,0.000000,0.891748) w2=(-0.872697,0.000000,0.488263) w3=(-0.872697,0.000000,0.488263) steer=(255,0)
G6 l60=13.3584 m18c=1 spd=23.5475 grip=314.557 arm=lo kLo=0.9904 1-kLo=0.00959951 ld4n=4 ld4avg=0.291355 le4avg=11.4623 avIn=(3.77835e-10,-0.0306496,8.49914e-10)
   G7 velDir=(-0.669066,0.000000,0.743203) w0=(-0.452173,0.000000,0.891930) w1=(-0.452173,0.000000,0.891930) w2=(-0.872499,0.000000,0.488615) w3=(-0.872499,0.000000,0.488615) steer=(255,0)
G6 l60=26.0534 m18c=1 spd=34.5876 grip=901.125 arm=lo kLo=0.9725 1-kLo=0.0275002 ld4n=4 ld4avg=0.292144 le4avg=22.2951 avIn=(5.3397e-10,-0.0301758,9.44854e-10)
   G7 velDir=(-0.735613,0.000000,0.677402) w0=(-0.451548,0.000000,0.892247) w1=(-0.451548,0.000000,0.892247) w2=(-0.872157,0.000000,0.489227) w3=(-0.872157,0.000000,0.489227) steer=(255,0)
G6 l60=39.4257 m18c=1 spd=46.3365 grip=1826.85 arm=lo kLo=0.944249 1-kLo=0.055751 ld4n=4 ld4avg=0.292923 le4avg=33.6488 avIn=(1.00029e-09,-0.0295255,1.21489e-09)
   G7 velDir=(-0.767048,0.000000,0.641590) w0=(-0.450630,0.000000,0.892711) w1=(-0.450630,0.000000,0.892711) w2=(-0.871653,0.000000,0.490124) w3=(-0.871653,0.000000,0.490124) steer=(255,0)
G6 l60=165.692 m18c=1 spd=46.048 grip=7629.78 arm=lo kLo=0.767158 1-kLo=0.232842 ld4n=4 ld4avg=0.867125 le4avg=47.7873 avIn=(-0.00045481,-0.0238813,-0.000422646)
   G7 velDir=(0.856011,-0.066336,0.512684) w0=(-0.451860,0.000000,0.892089) w1=(-0.451860,0.000000,0.892089) w2=(-0.872328,0.000000,0.488922) w3=(-0.872328,0.000000,0.488922) steer=(255,0)
G6 l60=63.2723 m18c=1 spd=20.403 grip=1290.95 arm=lo kLo=0.960603 1-kLo=0.0393966 ld4n=4 ld4avg=0.642636 le4avg=24.6683 avIn=(-0.000157677,-0.0147731,-0.00016278)
   G7 velDir=(0.868804,-0.034827,0.493930) w0=(-0.453082,0.000000,0.891469) w1=(-0.453082,0.000000,0.891469) w2=(-0.872997,0.000000,0.487726) w3=(-0.872997,0.000000,0.487726) steer=(255,0)
G6 l60=14.9799 m18c=1 spd=8.50413 grip=127.391 arm=lo kLo=0.996112 1-kLo=0.00388765 ld4n=4 ld4avg=0.353986 le4avg=10.5814 avIn=(-7.02623e-06,-0.00617834,-7.66097e-06)
   G7 velDir=(0.373120,-0.003291,0.927777) w0=(-0.453623,0.000000,0.891194) w1=(-0.453623,0.000000,0.891194) w2=(-0.873293,0.000000,0.487196) w3=(-0.873293,0.000000,0.487196) steer=(255,0)
G6 l60=1.25896 m18c=1 spd=13.5206 grip=17.0219 arm=lo kLo=0.999481 1-kLo=0.000519454 ld4n=4 ld4avg=0.293229 le4avg=1.0734 avIn=(-2.73323e-08,-0.0309383,-2.94323e-08)
   G7 velDir=(-0.474623,-0.000008,0.880189) w0=(-0.453397,0.000000,0.891309) w1=(-0.453397,0.000000,0.891309) w2=(-0.873169,0.000000,0.487417) w3=(-0.873169,0.000000,0.487417) steer=(255,0)
G6 l60=13.2894 m18c=1 spd=23.4885 grip=312.148 arm=lo kLo=0.990474 1-kLo=0.00952601 ld4n=4 ld4avg=0.29135 le4avg=11.4033 avIn=(3.76201e-10,-0.0306484,8.51255e-10)
   G7 velDir=(-0.669222,0.000000,0.743063) w0=(-0.453039,0.000000,0.891491) w1=(-0.453039,0.000000,0.891491) w2=(-0.872973,0.000000,0.487768) w3=(-0.872973,0.000000,0.487768) steer=(255,0)
G6 l60=25.9811 m18c=1 spd=34.5247 grip=896.988 arm=lo kLo=0.972626 1-kLo=0.0273739 ld4n=4 ld4avg=0.292139 le4avg=22.2335 avIn=(5.30819e-10,-0.0301758,9.45148e-10)
   G7 velDir=(-0.736027,0.000000,0.676952) w0=(-0.452416,0.000000,0.891807) w1=(-0.452416,0.000000,0.891807) w2=(-0.872632,0.000000,0.488378) w3=(-0.872632,0.000000,0.488378) steer=(255,0)
G6 l60=39.35 m18c=1 spd=46.2702 grip=1820.73 arm=lo kLo=0.944436 1-kLo=0.0555643 ld4n=4 ld4avg=0.292919 le4avg=33.5847 avIn=(9.93383e-10,-0.029526,1.21349e-09)
   G7 velDir=(-0.767544,0.000000,0.640997) w0=(-0.451499,0.000000,0.892271) w1=(-0.451499,0.000000,0.892271) w2=(-0.872130,0.000000,0.489274) w3=(-0.872130,0.000000,0.489274) steer=(255,0)
G6 l60=165.126 m18c=1 spd=45.8965 grip=7578.7 arm=lo kLo=0.768716 1-kLo=0.231284 ld4n=4 ld4avg=0.867037 le4avg=47.629 avIn=(-0.000453811,-0.0238513,-0.000422795)
   G7 velDir=(0.855806,-0.066293,0.513032) w0=(-0.451500,0.000000,0.892271) w1=(-0.451500,0.000000,0.892271) w2=(-0.872130,0.000000,0.489274) w3=(-0.872130,0.000000,0.489274) steer=(255,0)
G6 l60=62.7978 m18c=1 spd=20.2719 grip=1273.03 arm=lo kLo=0.96115 1-kLo=0.0388498 ld4n=4 ld4avg=0.641261 le4avg=24.5356 avIn=(-0.000155913,-0.0146829,-0.000161158)
   G7 velDir=(0.868064,-0.034681,0.495239) w0=(-0.452717,0.000000,0.891654) w1=(-0.452717,0.000000,0.891654) w2=(-0.872797,0.000000,0.488083) w3=(-0.872797,0.000000,0.488083) steer=(255,0)
G6 l60=14.8111 m18c=1 spd=8.50061 grip=125.903 arm=lo kLo=0.996158 1-kLo=0.00384223 ld4n=4 ld4avg=0.353387 le4avg=10.4798 avIn=(-6.84632e-06,-0.00616084,-7.46805e-06)
   G7 velDir=(0.362874,-0.003212,0.931833) w0=(-0.453255,0.000000,0.891381) w1=(-0.453255,0.000000,0.891381) w2=(-0.873092,0.000000,0.487556) w3=(-0.873092,0.000000,0.487556) steer=(255,0)
G6 l60=1.37053 m18c=1 spd=13.6068 grip=18.6485 arm=lo kLo=0.999431 1-kLo=0.000569105 ld4n=4 ld4avg=0.293049 le4avg=1.16923 avIn=(-2.63426e-08,-0.0309396,-2.83737e-08)
   G7 velDir=(-0.477602,-0.000008,0.878576) w0=(-0.453030,0.000000,0.891495) w1=(-0.453030,0.000000,0.891495) w2=(-0.872968,0.000000,0.487777) w3=(-0.872968,0.000000,0.487777) steer=(255,0)
G6 l60=13.4067 m18c=1 spd=23.5891 grip=316.252 arm=lo kLo=0.990349 1-kLo=0.00965124 ld4n=4 ld4avg=0.291358 le4avg=11.5036 avIn=(3.76733e-10,-0.0306464,8.50159e-10)
   G7 velDir=(-0.669873,0.000000,0.742475) w0=(-0.452669,0.000000,0.891679) w1=(-0.452669,0.000000,0.891679) w2=(-0.872771,0.000000,0.488131) w3=(-0.872771,0.000000,0.488131) steer=(255,0)
G6 l60=26.1045 m18c=1 spd=34.6326 grip=904.066 arm=lo kLo=0.97241 1-kLo=0.0275899 ld4n=4 ld4avg=0.292147 le4avg=22.3386 avIn=(5.33774e-10,-0.0301717,9.45924e-10)
   G7 velDir=(-0.736160,0.000000,0.676808) w0=(-0.452043,0.000000,0.891996) w1=(-0.452043,0.000000,0.891996) w2=(-0.872428,0.000000,0.488743) w3=(-0.872428,0.000000,0.488743) steer=(255,0)
G6 l60=159.404 m18c=1 spd=45.024 grip=7177.01 arm=lo kLo=0.780975 1-kLo=0.219025 ld4n=4 ld4avg=0.839425 le4avg=47.4828 avIn=(-0.000366943,-0.0229969,-0.00031491)
   G7 velDir=(0.878225,-0.052479,0.475359) w0=(-0.452043,0.000000,0.891996) w1=(-0.452043,0.000000,0.891996) w2=(-0.872428,0.000000,0.488743) w3=(-0.872428,0.000000,0.488743) steer=(255,0)
G6 l60=60.8042 m18c=1 spd=20.2455 grip=1231.01 arm=lo kLo=0.962433 1-kLo=0.0375674 ld4n=4 ld4avg=0.598576 le4avg=25.442 avIn=(-0.000118193,-0.0140923,-0.000118367)
   G7 velDir=(0.902455,-0.025538,0.430027) w0=(-0.453237,0.000000,0.891390) w1=(-0.453237,0.000000,0.891390) w2=(-0.873082,0.000000,0.487574) w3=(-0.873082,0.000000,0.487574) steer=(255,0)
G6 l60=16.0489 m18c=1 spd=8.40555 grip=134.9 arm=lo kLo=0.995883 1-kLo=0.00411683 ld4n=4 ld4avg=0.342314 le4avg=11.7224 avIn=(-5.04705e-06,-0.00618267,-5.39996e-06)
   G7 velDir=(0.488915,-0.002310,0.872329) w0=(-0.453774,0.000000,0.891117) w1=(-0.453774,0.000000,0.891117) w2=(-0.873375,0.000000,0.487048) w3=(-0.873375,0.000000,0.487048) steer=(255,0)
G6 l60=0.158872 m18c=1 spd=13.1784 grip=2.09368 arm=lo kLo=0.999936 1-kLo=6.38962e-05 ld4n=4 ld4avg=1.02158 le4avg=0.039061 avIn=(-2.07187e-08,-0.0108564,-2.20265e-08)
   G7 velDir=(-0.447631,-0.000006,0.894219) w0=(-0.453551,0.000000,0.891230) w1=(-0.453551,0.000000,0.891230) w2=(-0.873254,0.000000,0.487266) w3=(-0.873254,0.000000,0.487266) steer=(255,0)
G6 l60=12.7057 m18c=1 spd=22.9762 grip=291.928 arm=lo kLo=0.991091 1-kLo=0.00890893 ld4n=4 ld4avg=0.291604 le4avg=10.8929 avIn=(3.87401e-10,-0.0306598,8.66485e-10)
   G7 velDir=(-0.664373,0.000000,0.747401) w0=(-0.453202,0.000000,0.891408) w1=(-0.453202,0.000000,0.891408) w2=(-0.873062,0.000000,0.487609) w3=(-0.873062,0.000000,0.487609) steer=(255,0)
G6 l60=25.3528 m18c=1 spd=33.9743 grip=861.343 arm=lo kLo=0.973714 1-kLo=0.0262861 ld4n=4 ld4avg=0.292103 le4avg=21.6986 avIn=(5.19996e-10,-0.0302034,9.39547e-10)
   G7 velDir=(-0.733998,0.000000,0.679151) w0=(-0.452592,0.000000,0.891718) w1=(-0.452592,0.000000,0.891718) w2=(-0.872729,0.000000,0.488205) w3=(-0.872729,0.000000,0.488205) steer=(255,0)
G6 l60=38.6882 m18c=1 spd=45.688 grip=1767.59 arm=lo kLo=0.946057 1-kLo=0.0539425 ld4n=4 ld4avg=0.292881 le4avg=33.0241 avIn=(9.51822e-10,-0.0295585,1.18935e-09)
   G7 velDir=(-0.766539,0.000000,0.642198) w0=(-0.451691,0.000000,0.892174) w1=(-0.451691,0.000000,0.892174) w2=(-0.872235,0.000000,0.489087) w3=(-0.872235,0.000000,0.489087) steer=(255,0)
G6 l60=164.454 m18c=1 spd=45.7641 grip=7526.1 arm=lo kLo=0.770322 1-kLo=0.229678 ld4n=4 ld4avg=0.864939 le4avg=47.5498 avIn=(-0.000449163,-0.0237849,-0.000419122)
   G7 velDir=(0.856600,-0.065688,0.511782) w0=(-0.452903,0.000000,0.891560) w1=(-0.452903,0.000000,0.891560) w2=(-0.872899,0.000000,0.487901) w3=(-0.872899,0.000000,0.487901) steer=(255,0)
G6 l60=62.4407 m18c=1 spd=20.2098 grip=1261.92 arm=lo kLo=0.961489 1-kLo=0.0385106 ld4n=4 ld4avg=0.637272 le4avg=24.5481 avIn=(-0.000152967,-0.0145947,-0.000158677)
   G7 velDir=(0.869772,-0.034132,0.492271) w0=(-0.454117,0.000000,0.890942) w1=(-0.454117,0.000000,0.890942) w2=(-0.873562,0.000000,0.486712) w3=(-0.873562,0.000000,0.486712) steer=(255,0)
G6 l60=14.8352 m18c=1 spd=8.48565 grip=125.887 arm=lo kLo=0.996158 1-kLo=0.00384176 ld4n=4 ld4avg=0.352158 le4avg=10.5335 avIn=(-6.65823e-06,-0.0061489,-7.29136e-06)
   G7 velDir=(0.366859,-0.003129,0.930271) w0=(-0.454652,0.000000,0.890669) w1=(-0.454652,0.000000,0.890669) w2=(-0.873855,0.000000,0.486187) w3=(-0.873855,0.000000,0.486187) steer=(255,0)
G6 l60=1.31083 m18c=1 spd=13.5611 grip=17.7763 arm=lo kLo=0.999458 1-kLo=0.000542462 ld4n=4 ld4avg=0.293124 le4avg=1.11802 avIn=(-2.55903e-08,-0.0309342,-2.76512e-08)
   G7 velDir=(-0.477227,-0.000008,0.878780) w0=(-0.454427,0.000000,0.890784) w1=(-0.454427,0.000000,0.890784) w2=(-0.873732,0.000000,0.486407) w3=(-0.873732,0.000000,0.486407) steer=(255,0)
G6 l60=13.3446 m18c=1 spd=23.5364 grip=314.085 arm=lo kLo=0.990415 1-kLo=0.00958508 ld4n=4 ld4avg=0.291353 le4avg=11.4505 avIn=(3.74679e-10,-0.030643,8.52775e-10)
   G7 velDir=(-0.670533,0.000000,0.741880) w0=(-0.454068,0.000000,0.890967) w1=(-0.454068,0.000000,0.890967) w2=(-0.873536,0.000000,0.486760) w3=(-0.873536,0.000000,0.486760) steer=(255,0)
G6 l60=26.0398 m18c=1 spd=34.5766 grip=900.366 arm=lo kLo=0.972523 1-kLo=0.027477 ld4n=4 ld4avg=0.292143 le4avg=22.2835 avIn=(5.29585e-10,-0.0301693,9.46907e-10)
   G7 velDir=(-0.737005,0.000000,0.675887) w0=(-0.453444,0.000000,0.891285) w1=(-0.453444,0.000000,0.891285) w2=(-0.873195,0.000000,0.487371) w3=(-0.873195,0.000000,0.487371) steer=(255,0)
G6 l60=39.4123 m18c=1 spd=46.3256 grip=1825.8 arm=lo kLo=0.944281 1-kLo=0.0557189 ld4n=4 ld4avg=0.292922 le4avg=33.6375 avIn=(9.95081e-10,-0.0295191,1.21771e-09)
   G7 velDir=(-0.768387,0.000000,0.639986) w0=(-0.452527,0.000000,0.891751) w1=(-0.452527,0.000000,0.891751) w2=(-0.872693,0.000000,0.488269) w3=(-0.872693,0.000000,0.488269) steer=(255,0)
G6 l60=164.414 m18c=1 spd=45.7181 grip=7516.71 arm=lo kLo=0.770608 1-kLo=0.229392 ld4n=4 ld4avg=0.866402 le4avg=47.4585 avIn=(-0.000453487,-0.0238192,-0.000423865)
   G7 velDir=(0.855227,-0.066422,0.513980) w0=(-0.452527,0.000000,0.891751) w1=(-0.452527,0.000000,0.891751) w2=(-0.872693,0.000000,0.488269) w3=(-0.872693,0.000000,0.488269) steer=(255,0)
G6 l60=62.2565 m18c=1 spd=20.1315 grip=1253.32 arm=lo kLo=0.961752 1-kLo=0.0382482 ld4n=4 ld4avg=0.638911 le4avg=24.4133 avIn=(-0.000154082,-0.0145743,-0.000159782)
   G7 velDir=(0.867225,-0.034569,0.496715) w0=(-0.453739,0.000000,0.891135) w1=(-0.453739,0.000000,0.891135) w2=(-0.873356,0.000000,0.487082) w3=(-0.873356,0.000000,0.487082) steer=(255,0)
G6 l60=14.6576 m18c=1 spd=8.49458 grip=124.51 arm=lo kLo=0.9962 1-kLo=0.00379974 ld4n=4 ld4avg=0.352507 le4avg=10.3971 avIn=(-6.65557e-06,-0.00613771,-7.28026e-06)
   G7 velDir=(0.353016,-0.003132,0.935612) w0=(-0.454273,0.000000,0.890863) w1=(-0.454273,0.000000,0.890863) w2=(-0.873648,0.000000,0.486559) w3=(-0.873648,0.000000,0.486559) steer=(255,0)
G6 l60=1.46165 m18c=1 spd=13.6778 grip=19.9922 arm=lo kLo=0.99939 1-kLo=0.000610113 ld4n=4 ld4avg=0.292918 le4avg=1.24753 avIn=(-2.53414e-08,-0.0309356,-2.73612e-08)
   G7 velDir=(-0.481313,-0.000007,0.876549) w0=(-0.454048,0.000000,0.890977) w1=(-0.454048,0.000000,0.890977) w2=(-0.873525,0.000000,0.486780) w3=(-0.873525,0.000000,0.486780) steer=(255,0)
G6 l60=13.5032 m18c=1 spd=23.6725 grip=319.655 arm=lo kLo=0.990245 1-kLo=0.00975507 ld4n=4 ld4avg=0.291365 le4avg=11.5862 avIn=(3.74568e-10,-0.0306399,8.50771e-10)
   G7 velDir=(-0.671503,0.000000,0.741002) w0=(-0.453685,0.000000,0.891162) w1=(-0.453685,0.000000,0.891162) w2=(-0.873327,0.000000,0.487135) w3=(-0.873327,0.000000,0.487135) steer=(255,0)
G6 l60=26.2067 m18c=1 spd=34.7226 grip=909.963 arm=lo kLo=0.97223 1-kLo=0.0277699 ld4n=4 ld4avg=0.292153 le4avg=22.4255 avIn=(5.33337e-10,-0.0301633,9.48101e-10)
   G7 velDir=(-0.737270,0.000000,0.675598) w0=(-0.453057,0.000000,0.891481) w1=(-0.453057,0.000000,0.891481) w2=(-0.872983,0.000000,0.487750) w3=(-0.872983,0.000000,0.487750) steer=(255,0)
G6 l60=39.5879 m18c=1 spd=46.4799 grip=1840.04 arm=lo kLo=0.943846 1-kLo=0.0561535 ld4n=4 ld4avg=0.292932 le4avg=33.7862 avIn=(1.00755e-09,-0.0295118,1.22393e-09)
   G7 velDir=(-0.768403,0.000000,0.639967) w0=(-0.452136,0.000000,0.891949) w1=(-0.452136,0.000000,0.891949) w2=(-0.872479,0.000000,0.488651) w3=(-0.872479,0.000000,0.488651) steer=(255,0)
G6 l60=164.692 m18c=1 spd=45.7953 grip=7542.12 arm=lo kLo=0.769833 1-kLo=0.230167 ld4n=4 ld4avg=0.866328 le4avg=47.5429 avIn=(-0.00045481,-0.0238402,-0.000424636)
   G7 velDir=(0.855062,-0.066595,0.514231) w0=(-0.453369,0.000000,0.891323) w1=(-0.453369,0.000000,0.891323) w2=(-0.873154,0.000000,0.487445) w3=(-0.873154,0.000000,0.487445) steer=(255,0)
G6 l60=62.4997 m18c=1 spd=20.2008 grip=1262.54 arm=lo kLo=0.96147 1-kLo=0.0385298 ld4n=4 ld4avg=0.639445 le4avg=24.4882 avIn=(-0.000155221,-0.014619,-0.000160989)
   G7 velDir=(0.867440,-0.034715,0.496330) w0=(-0.454583,0.000000,0.890704) w1=(-0.454583,0.000000,0.890704) w2=(-0.873817,0.000000,0.486254) w3=(-0.873817,0.000000,0.486254) steer=(255,0)
G6 l60=14.7528 m18c=1 spd=8.49489 grip=125.324 arm=lo kLo=0.996175 1-kLo=0.00382459 ld4n=4 ld4avg=0.352762 le4avg=10.4571 avIn=(-6.75627e-06,-0.00614451,-7.39595e-06)
   G7 velDir=(0.358406,-0.003180,0.933560) w0=(-0.455118,0.000000,0.890431) w1=(-0.455118,0.000000,0.890431) w2=(-0.874109,0.000000,0.485729) w3=(-0.874109,0.000000,0.485729) steer=(255,0)
G6 l60=1.39599 m18c=1 spd=13.6273 grip=19.0236 arm=lo kLo=0.999419 1-kLo=0.000580549 ld4n=4 ld4avg=0.293006 le4avg=1.19113 avIn=(-2.58821e-08,-0.0309325,-2.79681e-08)
   G7 velDir=(-0.480216,-0.000008,0.877150) w0=(-0.454893,0.000000,0.890546) w1=(-0.454893,0.000000,0.890546) w2=(-0.873987,0.000000,0.485950) w3=(-0.873987,0.000000,0.485950) steer=(255,0)
G6 l60=13.4345 m18c=1 spd=23.6139 grip=317.24 arm=lo kLo=0.990319 1-kLo=0.0096814 ld4n=4 ld4avg=0.29136 le4avg=11.5274 avIn=(3.72867e-10,-0.0306387,8.5198e-10)
   G7 velDir=(-0.671652,0.000000,0.740867) w0=(-0.454532,0.000000,0.890730) w1=(-0.454532,0.000000,0.890730) w2=(-0.873789,0.000000,0.486304) w3=(-0.873789,0.000000,0.486304) steer=(255,0)
G6 l60=26.1347 m18c=1 spd=34.6599 grip=905.826 arm=lo kLo=0.972356 1-kLo=0.0276436 ld4n=4 ld4avg=0.292148 le4avg=22.3643 avIn=(5.30211e-10,-0.0301633,9.4836e-10)
   G7 velDir=(-0.737674,0.000000,0.675158) w0=(-0.453906,0.000000,0.891049) w1=(-0.453906,0.000000,0.891049) w2=(-0.873448,0.000000,0.486918) w3=(-0.873448,0.000000,0.486918) steer=(255,0)
G6 l60=39.5125 m18c=1 spd=46.4139 grip=1833.93 arm=lo kLo=0.944033 1-kLo=0.0559671 ld4n=4 ld4avg=0.292927 le4avg=33.7224 avIn=(1.0006e-09,-0.0295124,1.22245e-09)
   G7 velDir=(-0.768886,0.000000,0.639386) w0=(-0.452987,0.000000,0.891517) w1=(-0.452987,0.000000,0.891517) w2=(-0.872945,0.000000,0.487819) w3=(-0.872945,0.000000,0.487819) steer=(255,0)
G6 l60=164.141 m18c=1 spd=45.6474 grip=7492.63 arm=lo kLo=0.771343 1-kLo=0.228657 ld4n=4 ld4avg=0.866255 le4avg=47.3879 avIn=(-0.000453824,-0.0238105,-0.000424712)
   G7 velDir=(0.854861,-0.066550,0.514572) w0=(-0.452987,0.000000,0.891517) w1=(-0.452987,0.000000,0.891517) w2=(-0.872945,0.000000,0.487819) w3=(-0.872945,0.000000,0.487819) steer=(255,0)
G6 l60=62.04 m18c=1 spd=20.0733 grip=1245.35 arm=lo kLo=0.961995 1-kLo=0.0380049 ld4n=4 ld4avg=0.638126 le4avg=24.3582 avIn=(-0.00015352,-0.014532,-0.000159396)
   G7 velDir=(0.866678,-0.034572,0.497668) w0=(-0.454198,0.000000,0.890901) w1=(-0.454198,0.000000,0.890901) w2=(-0.873607,0.000000,0.486633) w3=(-0.873607,0.000000,0.486633) steer=(255,0)
G6 l60=14.5881 m18c=1 spd=8.49327 grip=123.9 arm=lo kLo=0.996219 1-kLo=0.00378114 ld4n=4 ld4avg=0.3522 le4avg=10.3568 avIn=(-6.58658e-06,-0.00612795,-7.21234e-06)
   G7 velDir=(0.348246,-0.003104,0.937398) w0=(-0.454730,0.000000,0.890630) w1=(-0.454730,0.000000,0.890630) w2=(-0.873897,0.000000,0.486111) w3=(-0.873897,0.000000,0.486111) steer=(255,0)
G6 l60=1.50619 m18c=1 spd=13.7126 grip=20.6538 arm=lo kLo=0.99937 1-kLo=0.000630319 ld4n=4 ld4avg=0.292861 le4avg=1.28579 avIn=(-2.49648e-08,-0.0309337,-2.69794e-08)
   G7 velDir=(-0.483071,-0.000007,0.875581) w0=(-0.454505,0.000000,0.890744) w1=(-0.454505,0.000000,0.890744) w2=(-0.873774,0.000000,0.486332) w3=(-0.873774,0.000000,0.486332) steer=(255,0)
G6 l60=13.5504 m18c=1 spd=23.7133 grip=321.323 arm=lo kLo=0.990194 1-kLo=0.00980598 ld4n=4 ld4avg=0.291368 le4avg=11.6265 avIn=(3.73543e-10,-0.0306368,8.50972e-10)
   G7 velDir=(-0.672262,0.000000,0.740313) w0=(-0.454141,0.000000,0.890930) w1=(-0.454141,0.000000,0.890930) w2=(-0.873576,0.000000,0.486688) w3=(-0.873576,0.000000,0.486688) steer=(255,0)
G6 l60=26.2565 m18c=1 spd=34.7665 grip=912.849 arm=lo kLo=0.972142 1-kLo=0.027858 ld4n=4 ld4avg=0.292156 le4avg=22.468 avIn=(5.33214e-10,-0.0301593,9.49119e-10)
   G7 velDir=(-0.737781,0.000000,0.675040) w0=(-0.453512,0.000000,0.891250) w1=(-0.453512,0.000000,0.891250) w2=(-0.873232,0.000000,0.487304) w3=(-0.873232,0.000000,0.487304) steer=(255,0)
G6 l60=39.6406 m18c=1 spd=46.5265 grip=1844.34 arm=lo kLo=0.943715 1-kLo=0.0562848 ld4n=4 ld4avg=0.292935 le4avg=33.8309 avIn=(1.01004e-09,-0.0295075,1.22684e-09)
   G7 velDir=(-0.768817,0.000000,0.639469) w0=(-0.452590,0.000000,0.891719) w1=(-0.452590,0.000000,0.891719) w2=(-0.872728,0.000000,0.488207) w3=(-0.872728,0.000000,0.488207) steer=(255,0)
G6 l60=164.393 m18c=1 spd=45.7196 grip=7516 arm=lo kLo=0.77063 1-kLo=0.22937 ld4n=4 ld4avg=0.866094 le4avg=47.4695 avIn=(-0.00045484,-0.0238279,-0.000425194)
   G7 velDir=(0.854769,-0.066676,0.514708) w0=(-0.453824,0.000000,0.891091) w1=(-0.453824,0.000000,0.891091) w2=(-0.873403,0.000000,0.486999) w3=(-0.873403,0.000000,0.486999) steer=(255,0)
G6 l60=62.2695 m18c=1 spd=20.1404 grip=1254.13 arm=lo kLo=0.961727 1-kLo=0.038273 ld4n=4 ld4avg=0.638499 le4avg=24.434 avIn=(-0.000154501,-0.0145732,-0.000160448)
   G7 velDir=(0.867009,-0.034684,0.497083) w0=(-0.455036,0.000000,0.890473) w1=(-0.455036,0.000000,0.890473) w2=(-0.874064,0.000000,0.485810) w3=(-0.874064,0.000000,0.485810) steer=(255,0)
G6 l60=14.6847 m18c=1 spd=8.49263 grip=124.712 arm=lo kLo=0.996194 1-kLo=0.00380588 ld4n=4 ld4avg=0.352404 le4avg=10.4193 avIn=(-6.67762e-06,-0.00613446,-7.31791e-06)
   G7 velDir=(0.353923,-0.003147,0.935269) w0=(-0.455569,0.000000,0.890200) w1=(-0.455569,0.000000,0.890200) w2=(-0.874355,0.000000,0.485286) w3=(-0.874355,0.000000,0.485286) steer=(255,0)
G6 l60=1.43759 m18c=1 spd=13.6597 grip=19.6371 arm=lo kLo=0.999401 1-kLo=0.000599265 ld4n=4 ld4avg=0.292947 le4avg=1.22687 avIn=(-2.54634e-08,-0.0309307,-2.75418e-08)
   G7 velDir=(-0.481894,-0.000007,0.876229) w0=(-0.455344,0.000000,0.890315) w1=(-0.455344,0.000000,0.890315) w2=(-0.874233,0.000000,0.485507) w3=(-0.874233,0.000000,0.485507) steer=(255,0)
G6 l60=13.4785 m18c=1 spd=23.6519 grip=318.793 arm=lo kLo=0.990271 1-kLo=0.00972879 ld4n=4 ld4avg=0.291363 le4avg=11.5651 avIn=(3.71883e-10,-0.0306357,8.52219e-10)
   G7 velDir=(-0.672384,0.000000,0.740203) w0=(-0.454983,0.000000,0.890500) w1=(-0.454983,0.000000,0.890500) w2=(-0.874035,0.000000,0.485863) w3=(-0.874035,0.000000,0.485863) steer=(255,0)
G6 l60=26.1813 m18c=1 spd=34.701 grip=908.517 arm=lo kLo=0.972274 1-kLo=0.0277258 ld4n=4 ld4avg=0.292151 le4avg=22.404 avIn=(5.30037e-10,-0.0301595,9.49335e-10)
   G7 velDir=(-0.738170,0.000000,0.674615) w0=(-0.454356,0.000000,0.890820) w1=(-0.454356,0.000000,0.890820) w2=(-0.873693,0.000000,0.486477) w3=(-0.873693,0.000000,0.486477) steer=(255,0)
G6 l60=39.5618 m18c=1 spd=46.4576 grip=1837.95 arm=lo kLo=0.94391 1-kLo=0.0560896 ld4n=4 ld4avg=0.29293 le4avg=33.7641 avIn=(1.00283e-09,-0.0295082,1.22519e-09)
   G7 velDir=(-0.769290,0.000000,0.638899) w0=(-0.453436,0.000000,0.891289) w1=(-0.453436,0.000000,0.891289) w2=(-0.873191,0.000000,0.487379) w3=(-0.873191,0.000000,0.487379) steer=(255,0)
G6 l60=163.845 m18c=1 spd=45.5724 grip=7466.79 arm=lo kLo=0.772132 1-kLo=0.227868 ld4n=4 ld4avg=0.866019 le4avg=47.3152 avIn=(-0.000453835,-0.023798,-0.000425227)
   G7 velDir=(0.854573,-0.066628,0.515040) w0=(-0.453436,0.000000,0.891289) w1=(-0.453436,0.000000,0.891289) w2=(-0.873190,0.000000,0.487379) w3=(-0.873190,0.000000,0.487379) steer=(255,0)
G6 l60=61.8129 m18c=1 spd=20.0137 grip=1237.1 arm=lo kLo=0.962247 1-kLo=0.0377533 ld4n=4 ld4avg=0.637183 le4avg=24.3048 avIn=(-0.000152806,-0.0144867,-0.000158853)
   G7 velDir=(0.866249,-0.034539,0.498417) w0=(-0.454644,0.000000,0.890673) w1=(-0.454644,0.000000,0.890673) w2=(-0.873850,0.000000,0.486195) w3=(-0.873850,0.000000,0.486195) steer=(255,0)
G6 l60=14.5212 m18c=1 spd=8.49151 grip=123.307 arm=lo kLo=0.996237 1-kLo=0.00376302 ld4n=4 ld4avg=0.351848 le4avg=10.3195 avIn=(-6.51012e-06,-0.00611817,-7.13624e-06)
   G7 velDir=(0.343804,-0.003072,0.939036) w0=(-0.455174,0.000000,0.890402) w1=(-0.455174,0.000000,0.890402) w2=(-0.874140,0.000000,0.485674) w3=(-0.874140,0.000000,0.485674) steer=(255,0)
G6 l60=1.54723 m18c=1 spd=13.7447 grip=21.2661 arm=lo kLo=0.999351 1-kLo=0.000648975 ld4n=4 ld4avg=0.29281 le4avg=1.32105 avIn=(-2.4564e-08,-0.0309319,-2.65702e-08)
   G7 velDir=(-0.484708,-0.000007,0.874676) w0=(-0.454949,0.000000,0.890517) w1=(-0.454949,0.000000,0.890517) w2=(-0.874017,0.000000,0.485895) w3=(-0.874017,0.000000,0.485895) steer=(255,0)
G6 l60=13.5938 m18c=1 spd=23.7508 grip=322.864 arm=lo kLo=0.990147 1-kLo=0.00985301 ld4n=4 ld4avg=0.291371 le4avg=11.6637 avIn=(3.72604e-10,-0.0306339,8.51242e-10)
   G7 velDir=(-0.672980,0.000000,0.739661) w0=(-0.454585,0.000000,0.890703) w1=(-0.454585,0.000000,0.890703) w2=(-0.873818,0.000000,0.486253) w3=(-0.873818,0.000000,0.486253) steer=(255,0)
G6 l60=26.3025 m18c=1 spd=34.807 grip=915.513 arm=lo kLo=0.972061 1-kLo=0.0279393 ld4n=4 ld4avg=0.292158 le4avg=22.5072 avIn=(5.33054e-10,-0.0301555,9.50088e-10)
   G7 velDir=(-0.738269,0.000000,0.674507) w0=(-0.453956,0.000000,0.891024) w1=(-0.453956,0.000000,0.891024) w2=(-0.873475,0.000000,0.486870) w3=(-0.873475,0.000000,0.486870) steer=(255,0)
G6 l60=39.6893 m18c=1 spd=46.5696 grip=1848.31 arm=lo kLo=0.943594 1-kLo=0.056406 ld4n=4 ld4avg=0.292938 le4avg=33.8721 avIn=(1.0123e-09,-0.0295034,1.22959e-09)
   G7 velDir=(-0.769215,0.000000,0.638990) w0=(-0.453033,0.000000,0.891494) w1=(-0.453033,0.000000,0.891494) w2=(-0.872970,0.000000,0.487774) w3=(-0.872970,0.000000,0.487774) steer=(255,0)
G6 l60=164.101 m18c=1 spd=45.6456 grip=7490.47 arm=lo kLo=0.771409 1-kLo=0.228591 ld4n=4 ld4avg=0.865861 le4avg=47.3978 avIn=(-0.000454853,-0.0238156,-0.000425691)
   G7 velDir=(0.854486,-0.066753,0.515168) w0=(-0.454267,0.000000,0.890865) w1=(-0.454267,0.000000,0.890865) w2=(-0.873645,0.000000,0.486564) w3=(-0.873645,0.000000,0.486564) steer=(255,0)
G6 l60=62.045 m18c=1 spd=20.0814 grip=1245.95 arm=lo kLo=0.961977 1-kLo=0.0380235 ld4n=4 ld4avg=0.637569 le4avg=24.3813 avIn=(-0.000153793,-0.0145285,-0.000159907)
   G7 velDir=(0.866592,-0.034652,0.497813) w0=(-0.455477,0.000000,0.890248) w1=(-0.455477,0.000000,0.890248) w2=(-0.874305,0.000000,0.485377) w3=(-0.874305,0.000000,0.485377) steer=(255,0)
G6 l60=14.6186 m18c=1 spd=8.49059 grip=124.12 arm=lo kLo=0.996212 1-kLo=0.00378788 ld4n=4 ld4avg=0.352055 le4avg=10.3827 avIn=(-6.60126e-06,-0.00612473,-7.24174e-06)
   G7 velDir=(0.349555,-0.003115,0.936911) w0=(-0.456009,0.000000,0.889975) w1=(-0.456009,0.000000,0.889975) w2=(-0.874595,0.000000,0.484855) w3=(-0.874595,0.000000,0.484855) steer=(255,0)
G6 l60=1.47803 m18c=1 spd=13.6913 grip=20.236 arm=lo kLo=0.999382 1-kLo=0.000617564 ld4n=4 ld4avg=0.292893 le4avg=1.26161 avIn=(-2.50605e-08,-0.0309289,-2.71299e-08)
   G7 velDir=(-0.483519,-0.000007,0.875334) w0=(-0.455784,0.000000,0.890091) w1=(-0.455784,0.000000,0.890091) w2=(-0.874472,0.000000,0.485076) w3=(-0.874472,0.000000,0.485076) steer=(255,0)
G6 l60=13.5214 m18c=1 spd=23.6889 grip=320.306 arm=lo kLo=0.990225 1-kLo=0.00977498 ld4n=4 ld4avg=0.291366 le4avg=11.6017 avIn=(3.70935e-10,-0.0306328,8.52464e-10)
   G7 velDir=(-0.673094,0.000000,0.739557) w0=(-0.455421,0.000000,0.890276) w1=(-0.455421,0.000000,0.890276) w2=(-0.874274,0.000000,0.485432) w3=(-0.874274,0.000000,0.485432) steer=(255,0)
G6 l60=26.2266 m18c=1 spd=34.7409 grip=911.137 arm=lo kLo=0.972194 1-kLo=0.0278057 ld4n=4 ld4avg=0.292154 le4avg=22.4426 avIn=(5.29867e-10,-0.0301558,9.50285e-10)
   G7 velDir=(-0.738652,0.000000,0.674087) w0=(-0.454794,0.000000,0.890597) w1=(-0.454794,0.000000,0.890597) w2=(-0.873932,0.000000,0.486048) w3=(-0.873932,0.000000,0.486048) steer=(255,0)
G6 l60=39.6098 m18c=1 spd=46.5 grip=1841.85 arm=lo kLo=0.943791 1-kLo=0.0562089 ld4n=4 ld4avg=0.292933 le4avg=33.8048 avIn=(1.00503e-09,-0.0295042,1.22788e-09)
   G7 velDir=(-0.769684,0.000000,0.638425) w0=(-0.453873,0.000000,0.891066) w1=(-0.453873,0.000000,0.891066) w2=(-0.873429,0.000000,0.486951) w3=(-0.873429,0.000000,0.486951) steer=(255,0)
G6 l60=163.556 m18c=1 spd=45.4993 grip=7441.69 arm=lo kLo=0.772898 1-kLo=0.227102 ld4n=4 ld4avg=0.865789 le4avg=47.2444 avIn=(-0.000453846,-0.0237857,-0.000425699)
   G7 velDir=(0.854292,-0.066704,0.515495) w0=(-0.453873,0.000000,0.891066) w1=(-0.453873,0.000000,0.891066) w2=(-0.873429,0.000000,0.486951) w3=(-0.873429,0.000000,0.486951) steer=(255,0)
G6 l60=61.5925 m18c=1 spd=19.9558 grip=1229.12 arm=lo kLo=0.96249 1-kLo=0.0375099 ld4n=4 ld4avg=0.636266 le4avg=24.2529 avIn=(-0.000152114,-0.0144429,-0.000158318)
   G7 velDir=(0.865827,-0.034506,0.499152) w0=(-0.455079,0.000000,0.890451) w1=(-0.455079,0.000000,0.890451) w2=(-0.874088,0.000000,0.485768) w3=(-0.874088,0.000000,0.485768) steer=(255,0)
G6 l60=14.4562 m18c=1 spd=8.49001 grip=122.733 arm=lo kLo=0.996254 1-kLo=0.00374556 ld4n=4 ld4avg=0.351508 le4avg=10.2833 avIn=(-6.43651e-06,-0.0061087,-7.0626e-06)
   G7 velDir=(0.339470,-0.003041,0.940612) w0=(-0.455607,0.000000,0.890181) w1=(-0.455607,0.000000,0.890181) w2=(-0.874376,0.000000,0.485249) w3=(-0.874376,0.000000,0.485249) steer=(255,0)
G6 l60=1.58718 m18c=1 spd=13.7759 grip=21.8649 arm=lo kLo=0.999333 1-kLo=0.000667274 ld4n=4 ld4avg=0.292764 le4avg=1.35538 avIn=(-2.41804e-08,-0.03093,-2.61772e-08)
   G7 velDir=(-0.486295,-0.000007,0.873795) w0=(-0.455382,0.000000,0.890296) w1=(-0.455382,0.000000,0.890296) w2=(-0.874253,0.000000,0.485470) w3=(-0.874253,0.000000,0.485470) steer=(255,0)
G6 l60=13.6361 m18c=1 spd=23.7874 grip=324.368 arm=lo kLo=0.990101 1-kLo=0.0098989 ld4n=4 ld4avg=0.291374 le4avg=11.6999 avIn=(3.71699e-10,-0.030631,8.51513e-10)
   G7 velDir=(-0.673677,0.000000,0.739026) w0=(-0.455018,0.000000,0.890482) w1=(-0.455018,0.000000,0.890482) w2=(-0.874054,0.000000,0.485828) w3=(-0.874054,0.000000,0.485828) steer=(255,0)
G6 l60=26.3473 m18c=1 spd=34.8465 grip=918.112 arm=lo kLo=0.971981 1-kLo=0.0280185 ld4n=4 ld4avg=0.292161 le4avg=22.5453 avIn=(5.32897e-10,-0.0301519,9.51033e-10)
   G7 velDir=(-0.738743,0.000000,0.673987) w0=(-0.454387,0.000000,0.890804) w1=(-0.454387,0.000000,0.890804) w2=(-0.873710,0.000000,0.486447) w3=(-0.873710,0.000000,0.486447) steer=(255,0)
G6 l60=39.7367 m18c=1 spd=46.6115 grip=1852.19 arm=lo kLo=0.943476 1-kLo=0.0565242 ld4n=4 ld4avg=0.29294 le4avg=33.9122 avIn=(1.01452e-09,-0.0294994,1.23228e-09)
   G7 velDir=(-0.769603,0.000000,0.638523) w0=(-0.453464,0.000000,0.891275) w1=(-0.453464,0.000000,0.891275) w2=(-0.873206,0.000000,0.487352) w3=(-0.873206,0.000000,0.487352) steer=(255,0)
G6 l60=163.816 m18c=1 spd=45.5736 grip=7465.7 arm=lo kLo=0.772165 1-kLo=0.227835 ld4n=4 ld4avg=0.865633 le4avg=47.3282 avIn=(-0.000454868,-0.0238035,-0.000426144)
   G7 velDir=(0.854210,-0.066828,0.515616) w0=(-0.454699,0.000000,0.890645) w1=(-0.454699,0.000000,0.890645) w2=(-0.873881,0.000000,0.486141) w3=(-0.873881,0.000000,0.486141) steer=(255,0)
G6 l60=61.8273 m18c=1 spd=20.0243 grip=1238.05 arm=lo kLo=0.962218 1-kLo=0.0377823 ld4n=4 ld4avg=0.636664 le4avg=24.3302 avIn=(-0.000153108,-0.0144851,-0.000159374)
   G7 velDir=(0.866181,-0.034620,0.498529) w0=(-0.455906,0.000000,0.890028) w1=(-0.455906,0.000000,0.890028) w2=(-0.874539,0.000000,0.484956) w3=(-0.874539,0.000000,0.484956) steer=(255,0)
G6 l60=14.5545 m18c=1 spd=8.48881 grip=123.55 arm=lo kLo=0.99623 1-kLo=0.00377047 ld4n=4 ld4avg=0.351718 le4avg=10.347 avIn=(-6.52785e-06,-0.00611532,-7.16813e-06)
   G7 velDir=(0.345299,-0.003084,0.938488) w0=(-0.456436,0.000000,0.889756) w1=(-0.456436,0.000000,0.889756) w2=(-0.874828,0.000000,0.484434) w3=(-0.874828,0.000000,0.484434) steer=(255,0)
G6 l60=1.51733 m18c=1 spd=13.722 grip=20.8208 arm=lo kLo=0.999365 1-kLo=0.000635386 ld4n=4 ld4avg=0.292842 le4avg=1.29538 avIn=(-2.46749e-08,-0.0309271,-2.67341e-08)
   G7 velDir=(-0.485093,-0.000007,0.874463) w0=(-0.456212,0.000000,0.889871) w1=(-0.456212,0.000000,0.889871) w2=(-0.874705,0.000000,0.484655) w3=(-0.874705,0.000000,0.484655) steer=(255,0)
G6 l60=13.563 m18c=1 spd=23.7249 grip=321.78 arm=lo kLo=0.99018 1-kLo=0.00981992 ld4n=4 ld4avg=0.291368 le4avg=11.6373 avIn=(3.70024e-10,-0.03063,8.52716e-10)
   G7 velDir=(-0.673783,0.000000,0.738929) w0=(-0.455848,0.000000,0.890057) w1=(-0.455848,0.000000,0.890057) w2=(-0.874507,0.000000,0.485012) w3=(-0.874507,0.000000,0.485012) steer=(255,0)
G6 l60=26.2707 m18c=1 spd=34.7797 grip=913.687 arm=lo kLo=0.972116 1-kLo=0.0278835 ld4n=4 ld4avg=0.292156 le4avg=22.4801 avIn=(5.29708e-10,-0.0301522,9.51214e-10)
   G7 velDir=(-0.739120,0.000000,0.673574) w0=(-0.455220,0.000000,0.890379) w1=(-0.455220,0.000000,0.890379) w2=(-0.874165,0.000000,0.485630) w3=(-0.874165,0.000000,0.485630) steer=(255,0)
G6 l60=39.6564 m18c=1 spd=46.5412 grip=1845.66 arm=lo kLo=0.943675 1-kLo=0.056325 ld4n=4 ld4avg=0.292935 le4avg=33.8442 avIn=(1.00717e-09,-0.0295002,1.23051e-09)
   G7 velDir=(-0.770067,0.000000,0.637964) w0=(-0.454298,0.000000,0.890850) w1=(-0.454298,0.000000,0.890850) w2=(-0.873662,0.000000,0.486534) w3=(-0.873662,0.000000,0.486534) steer=(255,0)
G6 l60=163.156 m18c=1 spd=45.4123 grip=7409.3 arm=lo kLo=0.773886 1-kLo=0.226114 ld4n=4 ld4avg=0.864865 le4avg=47.1794 avIn=(-0.000453782,-0.0237658,-0.000425857)
   G7 velDir=(0.853924,-0.066806,0.516093) w0=(-0.455532,0.000000,0.890220) w1=(-0.455532,0.000000,0.890220) w2=(-0.874335,0.000000,0.485324) w3=(-0.874335,0.000000,0.485324) steer=(255,0)
G6 l60=61.3489 m18c=1 spd=19.9034 grip=1221.05 arm=lo kLo=0.962737 1-kLo=0.0372634 ld4n=4 ld4avg=0.634285 le4avg=24.2321 avIn=(-0.000151201,-0.0143871,-0.000157737)
   G7 velDir=(0.865757,-0.034433,0.499278) w0=(-0.456734,0.000000,0.889603) w1=(-0.456734,0.000000,0.889603) w2=(-0.874989,0.000000,0.484142) w3=(-0.874989,0.000000,0.484142) steer=(255,0)
G6 l60=14.4332 m18c=1 spd=8.48346 grip=122.443 arm=lo kLo=0.996263 1-kLo=0.00373667 ld4n=4 ld4avg=0.350883 le4avg=10.2852 avIn=(-6.3537e-06,-0.00609612,-6.99047e-06)
   G7 velDir=(0.337776,-0.003009,0.941222) w0=(-0.457260,0.000000,0.889333) w1=(-0.457260,0.000000,0.889333) w2=(-0.875276,0.000000,0.483624) w3=(-0.875276,0.000000,0.483624) steer=(255,0)
G6 l60=1.58538 m18c=1 spd=13.7752 grip=21.8389 arm=lo kLo=0.999334 1-kLo=0.000666499 ld4n=4 ld4avg=0.292759 le4avg=1.35385 avIn=(-2.38101e-08,-0.0309236,-2.58357e-08)
   G7 velDir=(-0.487886,-0.000007,0.872907) w0=(-0.457036,0.000000,0.889448) w1=(-0.457036,0.000000,0.889448) w2=(-0.875154,0.000000,0.483845) w3=(-0.875154,0.000000,0.483845) steer=(255,0)
G6 l60=13.6351 m18c=1 spd=23.7872 grip=324.341 arm=lo kLo=0.990102 1-kLo=0.00989813 ld4n=4 ld4avg=0.291373 le4avg=11.699 avIn=(3.6845e-10,-0.0306248,8.53436e-10)
   G7 velDir=(-0.675043,0.000000,0.737778) w0=(-0.456671,0.000000,0.889635) w1=(-0.456671,0.000000,0.889635) w2=(-0.874956,0.000000,0.484203) w3=(-0.874956,0.000000,0.484203) steer=(255,0)
G6 l60=26.3471 m18c=1 spd=34.847 grip=918.117 arm=lo kLo=0.971981 1-kLo=0.0280187 ld4n=4 ld4avg=0.292161 le4avg=22.5451 avIn=(5.29244e-10,-0.0301456,9.52919e-10)
   G7 velDir=(-0.739993,0.000000,0.672614) w0=(-0.456042,0.000000,0.889958) w1=(-0.456042,0.000000,0.889958) w2=(-0.874613,0.000000,0.484822) w3=(-0.874613,0.000000,0.484822) steer=(255,0)
G6 l60=39.7372 m18c=1 spd=46.6127 grip=1852.26 arm=lo kLo=0.943473 1-kLo=0.0565265 ld4n=4 ld4avg=0.29294 le4avg=33.9128 avIn=(1.01074e-09,-0.0294931,1.23525e-09)
   G7 velDir=(-0.770788,0.000000,0.637091) w0=(-0.455119,0.000000,0.890431) w1=(-0.455119,0.000000,0.890431) w2=(-0.874110,0.000000,0.485729) w3=(-0.874110,0.000000,0.485729) steer=(255,0)
G6 l60=162.728 m18c=1 spd=45.2901 grip=7369.97 arm=lo kLo=0.775086 1-kLo=0.224914 ld4n=4 ld4avg=0.865113 le4avg=47.0422 avIn=(-0.000453834,-0.0237495,-0.000426805)
   G7 velDir=(0.853501,-0.066911,0.516777) w0=(-0.455119,0.000000,0.890431) w1=(-0.455119,0.000000,0.890431) w2=(-0.874110,0.000000,0.485729) w3=(-0.874110,0.000000,0.485729) steer=(255,0)
G6 l60=60.9646 m18c=1 spd=19.7909 grip=1206.55 arm=lo kLo=0.963179 1-kLo=0.0368209 ld4n=4 ld4avg=0.633622 le4avg=24.1054 avIn=(-0.000150127,-0.0143177,-0.000156726)
   G7 velDir=(0.864621,-0.034407,0.501245) w0=(-0.456318,0.000000,0.889817) w1=(-0.456318,0.000000,0.889817) w2=(-0.874763,0.000000,0.484551) w3=(-0.874763,0.000000,0.484551) steer=(255,0)
G6 l60=14.2723 m18c=1 spd=8.48667 grip=121.125 arm=lo kLo=0.996304 1-kLo=0.00369644 ld4n=4 ld4avg=0.350545 le4avg=10.1804 avIn=(-6.22927e-06,-0.00608198,-6.85306e-06)
   G7 velDir=(0.327106,-0.002953,0.944983) w0=(-0.456842,0.000000,0.889548) w1=(-0.456842,0.000000,0.889548) w2=(-0.875048,0.000000,0.484035) w3=(-0.875048,0.000000,0.484035) steer=(255,0)
G6 l60=1.70076 m18c=1 spd=13.8649 grip=23.5808 arm=lo kLo=0.99928 1-kLo=0.000719607 ld4n=4 ld4avg=0.292643 le4avg=1.45296 avIn=(-2.31132e-08,-0.0309247,-2.50745e-08)
   G7 velDir=(-0.490773,-0.000007,0.871288) w0=(-0.456618,0.000000,0.889663) w1=(-0.456618,0.000000,0.889663) w2=(-0.874926,0.000000,0.484256) w3=(-0.874926,0.000000,0.484256) steer=(255,0)
G6 l60=13.7564 m18c=1 spd=23.8914 grip=328.66 arm=lo kLo=0.98997 1-kLo=0.0100299 ld4n=4 ld4avg=0.291382 le4avg=11.8027 avIn=(3.6917e-10,-0.0306229,8.52353e-10)
   G7 velDir=(-0.675654,0.000000,0.737219) w0=(-0.456251,0.000000,0.889851) w1=(-0.456251,0.000000,0.889851) w2=(-0.874726,0.000000,0.484617) w3=(-0.874726,0.000000,0.484617) steer=(255,0)
G6 l60=26.4747 m18c=1 spd=34.9586 grip=925.518 arm=lo kLo=0.971755 1-kLo=0.0282446 ld4n=4 ld4avg=0.292168 le4avg=22.6537 avIn=(5.32459e-10,-0.0301415,9.53734e-10)
   G7 velDir=(-0.740092,0.000000,0.672506) w0=(-0.455618,0.000000,0.890175) w1=(-0.455618,0.000000,0.890175) w2=(-0.874382,0.000000,0.485239) w3=(-0.874382,0.000000,0.485239) steer=(255,0)
G6 l60=39.8714 m18c=1 spd=46.7306 grip=1863.21 arm=lo kLo=0.943139 1-kLo=0.0568608 ld4n=4 ld4avg=0.292948 le4avg=34.0264 avIn=(1.02092e-09,-0.0294881,1.24001e-09)
   G7 velDir=(-0.770705,0.000000,0.637192) w0=(-0.454692,0.000000,0.890649) w1=(-0.454692,0.000000,0.890649) w2=(-0.873877,0.000000,0.486148) w3=(-0.873877,0.000000,0.486148) steer=(255,0)
G6 l60=163.005 m18c=1 spd=45.3684 grip=7395.28 arm=lo kLo=0.774314 1-kLo=0.225686 ld4n=4 ld4avg=0.864983 le4avg=47.1295 avIn=(-0.000454924,-0.0237686,-0.000427256)
   G7 velDir=(0.853418,-0.067041,0.516897) w0=(-0.455930,0.000000,0.890016) w1=(-0.455930,0.000000,0.890016) w2=(-0.874552,0.000000,0.484932) w3=(-0.874552,0.000000,0.484932) steer=(255,0)
G6 l60=61.2096 m18c=1 spd=19.862 grip=1215.74 arm=lo kLo=0.962898 1-kLo=0.0371016 ld4n=4 ld4avg=0.634087 le4avg=24.1846 avIn=(-0.000151169,-0.014362,-0.000157817)
   G7 velDir=(0.864989,-0.034528,0.500602) w0=(-0.457131,0.000000,0.889400) w1=(-0.457131,0.000000,0.889400) w2=(-0.875205,0.000000,0.483752) w3=(-0.875205,0.000000,0.483752) steer=(255,0)
G6 l60=14.3725 m18c=1 spd=8.48478 grip=121.948 arm=lo kLo=0.996278 1-kLo=0.00372154 ld4n=4 ld4avg=0.350771 le4avg=10.2452 avIn=(-6.32256e-06,-0.00608879,-6.96017e-06)
   G7 velDir=(0.333100,-0.002998,0.942887) w0=(-0.457656,0.000000,0.889129) w1=(-0.457656,0.000000,0.889129) w2=(-0.875491,0.000000,0.483234) w3=(-0.875491,0.000000,0.483234) steer=(255,0)
G6 l60=1.62966 m18c=1 spd=13.8098 grip=22.5053 arm=lo kLo=0.999313 1-kLo=0.000686824 ld4n=4 ld4avg=0.292712 le4avg=1.39189 avIn=(-2.36077e-08,-0.0309219,-2.56298e-08)
   G7 velDir=(-0.489550,-0.000007,0.871975) w0=(-0.457432,0.000000,0.889245) w1=(-0.457432,0.000000,0.889245) w2=(-0.875369,0.000000,0.483455) w3=(-0.875369,0.000000,0.483455) steer=(255,0)
G6 l60=13.6819 m18c=1 spd=23.8277 grip=326.009 arm=lo kLo=0.990051 1-kLo=0.00994903 ld4n=4 ld4avg=0.291377 le4avg=11.739 avIn=(3.67471e-10,-0.0306219,8.53484e-10)
   G7 velDir=(-0.675743,0.000000,0.737138) w0=(-0.457066,0.000000,0.889433) w1=(-0.457066,0.000000,0.889433) w2=(-0.875170,0.000000,0.483815) w3=(-0.875170,0.000000,0.483815) steer=(255,0)
G6 l60=26.3966 m18c=1 spd=34.8906 grip=920.994 arm=lo kLo=0.971893 1-kLo=0.0281065 ld4n=4 ld4avg=0.292163 le4avg=22.5872 avIn=(5.29257e-10,-0.0301419,9.53868e-10)
   G7 velDir=(-0.740454,0.000000,0.672107) w0=(-0.456436,0.000000,0.889756) w1=(-0.456436,0.000000,0.889756) w2=(-0.874827,0.000000,0.484435) w3=(-0.874827,0.000000,0.484435) steer=(255,0)
G6 l60=39.7896 m18c=1 spd=46.659 grip=1856.54 arm=lo kLo=0.943343 1-kLo=0.0566572 ld4n=4 ld4avg=0.292943 le4avg=33.9571 avIn=(1.01341e-09,-0.029489,1.2381e-09)
   G7 velDir=(-0.771156,0.000000,0.636646) w0=(-0.455512,0.000000,0.890230) w1=(-0.455512,0.000000,0.890230) w2=(-0.874324,0.000000,0.485343) w3=(-0.874324,0.000000,0.485343) steer=(255,0)
G6 l60=162.475 m18c=1 spd=45.2258 grip=7348.07 arm=lo kLo=0.775755 1-kLo=0.224245 ld4n=4 ld4avg=0.864923 le4avg=46.9795 avIn=(-0.000453915,-0.023739,-0.000427172)
   G7 velDir=(0.853233,-0.066988,0.517210) w0=(-0.455512,0.000000,0.890230) w1=(-0.455512,0.000000,0.890230) w2=(-0.874324,0.000000,0.485343) w3=(-0.874324,0.000000,0.485343) steer=(255,0)
G6 l60=60.772 m18c=1 spd=19.74 grip=1199.64 arm=lo kLo=0.96339 1-kLo=0.0366101 ld4n=4 ld4avg=0.632835 le4avg=24.059 avIn=(-0.000149548,-0.0142795,-0.000156254)
   G7 velDir=(0.864206,-0.034384,0.501962) w0=(-0.456709,0.000000,0.889616) w1=(-0.456709,0.000000,0.889616) w2=(-0.874976,0.000000,0.484166) w3=(-0.874976,0.000000,0.484166) steer=(255,0)
G6 l60=14.2145 m18c=1 spd=8.48614 grip=120.626 arm=lo kLo=0.996319 1-kLo=0.00368124 ld4n=4 ld4avg=0.350259 le4avg=10.1474 avIn=(-6.16767e-06,-0.00607373,-6.79022e-06)
   G7 velDir=(0.323141,-0.002927,0.946346) w0=(-0.457232,0.000000,0.889348) w1=(-0.457232,0.000000,0.889348) w2=(-0.875260,0.000000,0.483652) w3=(-0.875260,0.000000,0.483652) steer=(255,0)
G6 l60=1.73717 m18c=1 spd=13.8935 grip=24.1353 arm=lo kLo=0.999263 1-kLo=0.000736535 ld4n=4 ld4avg=0.292608 le4avg=1.48424 avIn=(-2.27965e-08,-0.030923,-2.47449e-08)
   G7 velDir=(-0.492190,-0.000007,0.870488) w0=(-0.457007,0.000000,0.889463) w1=(-0.457007,0.000000,0.889463) w2=(-0.875138,0.000000,0.483873) w3=(-0.875138,0.000000,0.483873) steer=(255,0)
G6 l60=13.795 m18c=1 spd=23.9247 grip=330.04 arm=lo kLo=0.989928 1-kLo=0.0100721 ld4n=4 ld4avg=0.291384 le4avg=11.8357 avIn=(3.68379e-10,-0.0306203,8.52619e-10)
   G7 velDir=(-0.676280,0.000000,0.736645) w0=(-0.456639,0.000000,0.889652) w1=(-0.456639,0.000000,0.889652) w2=(-0.874938,0.000000,0.484235) w3=(-0.874938,0.000000,0.484235) steer=(255,0)
G6 l60=26.5155 m18c=1 spd=34.9946 grip=927.897 arm=lo kLo=0.971683 1-kLo=0.0283172 ld4n=4 ld4avg=0.292171 le4avg=22.6884 avIn=(5.32339e-10,-0.0301381,9.54596e-10)
   G7 velDir=(-0.740518,0.000000,0.672037) w0=(-0.456006,0.000000,0.889977) w1=(-0.456006,0.000000,0.889977) w2=(-0.874593,0.000000,0.484857) w3=(-0.874593,0.000000,0.484857) steer=(255,0)
G6 l60=39.9146 m18c=1 spd=46.7688 grip=1866.76 arm=lo kLo=0.943031 1-kLo=0.0569689 ld4n=4 ld4avg=0.29295 le4avg=34.0629 avIn=(1.02302e-09,-0.0294844,1.24251e-09)
   G7 velDir=(-0.771054,0.000000,0.636770) w0=(-0.455079,0.000000,0.890451) w1=(-0.455079,0.000000,0.890451) w2=(-0.874088,0.000000,0.485768) w3=(-0.874088,0.000000,0.485768) steer=(255,0)
G6 l60=162.75 m18c=1 spd=45.3038 grip=7373.2 arm=lo kLo=0.774988 1-kLo=0.225012 ld4n=4 ld4avg=0.864779 le4avg=47.0669 avIn=(-0.000454951,-0.0237576,-0.000427553)
   G7 velDir=(0.853167,-0.067109,0.517304) w0=(-0.456318,0.000000,0.889817) w1=(-0.456318,0.000000,0.889817) w2=(-0.874763,0.000000,0.484551) w3=(-0.874763,0.000000,0.484551) steer=(255,0)
G6 l60=61.0162 m18c=1 spd=19.8111 grip=1208.79 arm=lo kLo=0.963111 1-kLo=0.0368895 ld4n=4 ld4avg=0.633278 le4avg=24.1389 avIn=(-0.000150566,-0.0143234,-0.000157317)
   G7 velDir=(0.864603,-0.034499,0.501269) w0=(-0.457517,0.000000,0.889201) w1=(-0.457517,0.000000,0.889201) w2=(-0.875415,0.000000,0.483372) w3=(-0.875415,0.000000,0.483372) steer=(255,0)
G6 l60=14.3154 m18c=1 spd=8.48385 grip=121.45 arm=lo kLo=0.996294 1-kLo=0.00370634 ld4n=4 ld4avg=0.350478 le4avg=10.213 avIn=(-6.25929e-06,-0.00608052,-6.8954e-06)
   G7 velDir=(0.329234,-0.002971,0.944244) w0=(-0.458041,0.000000,0.888931) w1=(-0.458041,0.000000,0.888931) w2=(-0.875700,0.000000,0.482855) w3=(-0.875700,0.000000,0.482855) steer=(255,0)
G6 l60=1.66515 m18c=1 spd=13.8376 grip=23.0417 arm=lo kLo=0.999297 1-kLo=0.000703156 ld4n=4 ld4avg=0.292675 le4avg=1.42238 avIn=(-2.32818e-08,-0.0309203,-2.52899e-08)
   G7 velDir=(-0.490946,-0.000007,0.871190) w0=(-0.457816,0.000000,0.889047) w1=(-0.457816,0.000000,0.889047) w2=(-0.875578,0.000000,0.483077) w3=(-0.875578,0.000000,0.483077) steer=(255,0)
G6 l60=13.7195 m18c=1 spd=23.8602 grip=327.35 arm=lo kLo=0.99001 1-kLo=0.00998992 ld4n=4 ld4avg=0.291379 le4avg=11.7712 avIn=(3.66682e-10,-0.0306194,8.53743e-10)
   G7 velDir=(-0.676359,0.000000,0.736573) w0=(-0.457450,0.000000,0.889235) w1=(-0.457450,0.000000,0.889235) w2=(-0.875379,0.000000,0.483437) w3=(-0.875379,0.000000,0.483437) steer=(255,0)
G6 l60=26.4364 m18c=1 spd=34.9257 grip=923.309 arm=lo kLo=0.971823 1-kLo=0.0281771 ld4n=4 ld4avg=0.292166 le4avg=22.6211 avIn=(5.29119e-10,-0.0301386,9.54708e-10)
   G7 velDir=(-0.740874,0.000000,0.671645) w0=(-0.456819,0.000000,0.889560) w1=(-0.456819,0.000000,0.889560) w2=(-0.875036,0.000000,0.484058) w3=(-0.875036,0.000000,0.484058) steer=(255,0)
G6 l60=39.8317 m18c=1 spd=46.6962 grip=1859.99 arm=lo kLo=0.943238 1-kLo=0.0567624 ld4n=4 ld4avg=0.292945 le4avg=33.9928 avIn=(1.01541e-09,-0.0294854,1.24052e-09)
   G7 velDir=(-0.771499,0.000000,0.636230) w0=(-0.455894,0.000000,0.890034) w1=(-0.455894,0.000000,0.890034) w2=(-0.874532,0.000000,0.484967) w3=(-0.874532,0.000000,0.484967) steer=(255,0)
G6 l60=162.223 m18c=1 spd=45.1619 grip=7326.32 arm=lo kLo=0.776419 1-kLo=0.223581 ld4n=4 ld4avg=0.864721 le4avg=46.9177 avIn=(-0.000453938,-0.0237279,-0.000427445)
   G7 velDir=(0.852983,-0.067055,0.517613) w0=(-0.455894,0.000000,0.890034) w1=(-0.455894,0.000000,0.890034) w2=(-0.874532,0.000000,0.484967) w3=(-0.874532,0.000000,0.484967) steer=(255,0)
G6 l60=60.5817 m18c=1 spd=19.6899 grip=1192.85 arm=lo kLo=0.963597 1-kLo=0.0364028 ld4n=4 ld4avg=0.632036 le4avg=24.0139 avIn=(-0.000148956,-0.0142416,-0.000155758)
   G7 velDir=(0.863818,-0.034355,0.502631) w0=(-0.457090,0.000000,0.889421) w1=(-0.457090,0.000000,0.889421) w2=(-0.875183,0.000000,0.483792) w3=(-0.875183,0.000000,0.483792) steer=(255,0)
G6 l60=14.1584 m18c=1 spd=8.48564 grip=120.143 arm=lo kLo=0.996334 1-kLo=0.00366646 ld4n=4 ld4avg=0.349973 le4avg=10.1156 avIn=(-6.10651e-06,-0.00606568,-6.72743e-06)
   G7 velDir=(0.319307,-0.002901,0.947647) w0=(-0.457611,0.000000,0.889153) w1=(-0.457611,0.000000,0.889153) w2=(-0.875466,0.000000,0.483279) w3=(-0.875466,0.000000,0.483279) steer=(255,0)
G6 l60=1.77227 m18c=1 spd=13.921 grip=24.6717 arm=lo kLo=0.999247 1-kLo=0.000752926 ld4n=4 ld4avg=0.292575 le4avg=1.5144 avIn=(-2.24852e-08,-0.0309213,-2.44194e-08)
   G7 velDir=(-0.493555,-0.000006,0.869715) w0=(-0.457386,0.000000,0.889268) w1=(-0.457386,0.000000,0.889268) w2=(-0.875344,0.000000,0.483500) w3=(-0.875344,0.000000,0.483500) steer=(255,0)
G6 l60=13.8321 m18c=1 spd=23.9568 grip=331.374 arm=lo kLo=0.989887 1-kLo=0.0101128 ld4n=4 ld4avg=0.291387 le4avg=11.8675 avIn=(3.6762e-10,-0.0306177,8.52896e-10)
   G7 velDir=(-0.676885,0.000000,0.736088) w0=(-0.457018,0.000000,0.889458) w1=(-0.457018,0.000000,0.889458) w2=(-0.875144,0.000000,0.483862) w3=(-0.875144,0.000000,0.483862) steer=(255,0)
G6 l60=26.5548 m18c=1 spd=35.0292 grip=930.194 arm=lo kLo=0.971613 1-kLo=0.0283873 ld4n=4 ld4avg=0.292173 le4avg=22.7219 avIn=(5.32212e-10,-0.0301349,9.55431e-10)
   G7 velDir=(-0.740931,0.000000,0.671581) w0=(-0.456384,0.000000,0.889783) w1=(-0.456384,0.000000,0.889783) w2=(-0.874799,0.000000,0.484486) w3=(-0.874799,0.000000,0.484486) steer=(255,0)
G6 l60=156.48 m18c=1 spd=44.2673 grip=6926.94 arm=lo kLo=0.788607 1-kLo=0.211393 ld4n=4 ld4avg=0.837105 le4avg=46.7413 avIn=(-0.000368357,-0.0226466,-0.000284423)
   G7 velDir=(0.875403,-0.053228,0.480453) w0=(-0.456384,0.000000,0.889783) w1=(-0.456384,0.000000,0.889783) w2=(-0.874799,0.000000,0.484486) w3=(-0.874799,0.000000,0.484486) steer=(255,0)
G6 l60=58.627 m18c=1 spd=19.6483 grip=1151.92 arm=lo kLo=0.964846 1-kLo=0.0351539 ld4n=4 ld4avg=0.589931 le4avg=24.8887 avIn=(-0.000113064,-0.0136155,-0.000107066)
   G7 velDir=(0.898410,-0.025327,0.438427) w0=(-0.457555,0.000000,0.889181) w1=(-0.457555,0.000000,0.889181) w2=(-0.875436,0.000000,0.483334) w3=(-0.875436,0.000000,0.483334) steer=(255,0)
G6 l60=15.3477 m18c=1 spd=8.34615 grip=128.094 arm=lo kLo=0.996091 1-kLo=0.00390911 ld4n=4 ld4avg=0.339495 le4avg=11.3031 avIn=(-4.49946e-06,-0.00608365,-4.5973e-06)
   G7 velDir=(0.442408,-0.002095,0.896811) w0=(-0.458075,0.000000,0.888914) w1=(-0.458075,0.000000,0.888914) w2=(-0.875719,0.000000,0.482822) w3=(-0.875719,0.000000,0.482822) steer=(255,0)
G6 l60=0.452344 m18c=1 spd=12.9045 grip=5.83729 arm=lo kLo=0.999822 1-kLo=0.000178158 ld4n=4 ld4avg=0.296292 le4avg=0.381762 avIn=(-1.73162e-08,-0.0308894,-1.72075e-08)
   G7 velDir=(-0.453660,-0.000005,0.891175) w0=(-0.457854,0.000000,0.889027) w1=(-0.457854,0.000000,0.889027) w2=(-0.875599,0.000000,0.483039) w3=(-0.875599,0.000000,0.483039) steer=(255,0)
G6 l60=12.4543 m18c=1 spd=22.7659 grip=283.534 arm=lo kLo=0.991347 1-kLo=0.00865275 ld4n=4 ld4avg=0.291521 le4avg=10.6805 avIn=(3.74784e-10,-0.0306548,8.68012e-10)
   G7 velDir=(-0.665780,0.000000,0.746148) w0=(-0.457513,0.000000,0.889203) w1=(-0.457513,0.000000,0.889203) w2=(-0.875413,0.000000,0.483375) w3=(-0.875413,0.000000,0.483375) steer=(255,0)
G6 l60=25.0934 m18c=1 spd=33.7492 grip=846.882 arm=lo kLo=0.974155 1-kLo=0.0258448 ld4n=4 ld4avg=0.292086 le4avg=21.4778 avIn=(5.06261e-10,-0.0301985,9.41955e-10)
   G7 velDir=(-0.736371,0.000000,0.676578) w0=(-0.456911,0.000000,0.889513) w1=(-0.456911,0.000000,0.889513) w2=(-0.875086,0.000000,0.483968) w3=(-0.875086,0.000000,0.483968) steer=(255,0)
G6 l60=38.4171 m18c=1 spd=45.4516 grip=1746.12 arm=lo kLo=0.946713 1-kLo=0.0532873 ld4n=4 ld4avg=0.292864 le4avg=32.7946 avIn=(9.25972e-10,-0.0295557,1.18707e-09)
   G7 velDir=(-0.769171,0.000000,0.639043) w0=(-0.456017,0.000000,0.889971) w1=(-0.456017,0.000000,0.889971) w2=(-0.874599,0.000000,0.484847) w3=(-0.874599,0.000000,0.484847) steer=(255,0)
G6 l60=161.152 m18c=1 spd=44.9525 grip=7244.17 arm=lo kLo=0.778925 1-kLo=0.221075 ld4n=4 ld4avg=0.861216 le4avg=46.7964 avIn=(-0.000444742,-0.0235988,-0.000416996)
   G7 velDir=(0.854921,-0.065709,0.514579) w0=(-0.457220,0.000000,0.889354) w1=(-0.457220,0.000000,0.889354) w2=(-0.875254,0.000000,0.483663) w3=(-0.875254,0.000000,0.483663) steer=(255,0)
G6 l60=60.0434 m18c=1 spd=19.5993 grip=1176.81 arm=lo kLo=0.964087 1-kLo=0.0359133 ld4n=4 ld4avg=0.625592 le4avg=24.0444 avIn=(-0.000143891,-0.0141054,-0.000150567)
   G7 velDir=(0.867260,-0.033287,0.496742) w0=(-0.458409,0.000000,0.888741) w1=(-0.458409,0.000000,0.888741) w2=(-0.875900,0.000000,0.482493) w3=(-0.875900,0.000000,0.482493) steer=(255,0)
G6 l60=14.2114 m18c=1 spd=8.45949 grip=120.221 arm=lo kLo=0.996331 1-kLo=0.00366884 ld4n=4 ld4avg=0.348107 le4avg=10.2078 avIn=(-5.82018e-06,-0.00605181,-6.4228e-06)
   G7 velDir=(0.327387,-0.002769,0.944886) w0=(-0.458927,0.000000,0.888474) w1=(-0.458927,0.000000,0.888474) w2=(-0.876181,0.000000,0.481982) w3=(-0.876181,0.000000,0.481982) steer=(255,0)
G6 l60=1.66957 m18c=1 spd=13.8414 grip=23.1092 arm=lo kLo=0.999295 1-kLo=0.000705242 ld4n=4 ld4avg=0.292652 le4avg=1.42627 avIn=(-2.14044e-08,-0.0309164,-2.32519e-08)
   G7 velDir=(-0.491973,-0.000006,0.870610) w0=(-0.458704,0.000000,0.888589) w1=(-0.458704,0.000000,0.888589) w2=(-0.876060,0.000000,0.482202) w3=(-0.876060,0.000000,0.482202) steer=(255,0)
G6 l60=13.7248 m18c=1 spd=23.8651 grip=327.542 arm=lo kLo=0.990004 1-kLo=0.00999582 ld4n=4 ld4avg=0.291379 le4avg=11.7757 avIn=(3.66287e-10,-0.0306158,8.56294e-10)
   G7 velDir=(-0.677135,0.000000,0.735858) w0=(-0.458338,0.000000,0.888778) w1=(-0.458338,0.000000,0.888778) w2=(-0.875861,0.000000,0.482563) w3=(-0.875861,0.000000,0.482563) steer=(255,0)
G6 l60=26.4423 m18c=1 spd=34.9313 grip=923.665 arm=lo kLo=0.971812 1-kLo=0.028188 ld4n=4 ld4avg=0.292166 le4avg=22.6262 avIn=(5.27281e-10,-0.0301349,9.55797e-10)
   G7 velDir=(-0.741563,0.000000,0.670883) w0=(-0.457707,0.000000,0.889103) w1=(-0.457707,0.000000,0.889103) w2=(-0.875519,0.000000,0.483185) w3=(-0.875519,0.000000,0.483185) steer=(255,0)
G6 l60=39.8384 m18c=1 spd=46.7026 grip=1860.56 arm=lo kLo=0.94322 1-kLo=0.0567797 ld4n=4 ld4avg=0.292945 le4avg=33.9985 avIn=(1.01382e-09,-0.0294817,1.24238e-09)
   G7 velDir=(-0.772145,0.000000,0.635447) w0=(-0.456782,0.000000,0.889579) w1=(-0.456782,0.000000,0.889579) w2=(-0.875016,0.000000,0.484094) w3=(-0.875016,0.000000,0.484094) steer=(255,0)
G6 l60=161.582 m18c=1 spd=45.0025 grip=7271.58 arm=lo kLo=0.778089 1-kLo=0.221911 ld4n=4 ld4avg=0.864076 le4avg=46.7671 avIn=(-0.000453418,-0.0236943,-0.000427349)
   G7 velDir=(0.852535,-0.067121,0.518343) w0=(-0.456782,0.000000,0.889579) w1=(-0.456782,0.000000,0.889579) w2=(-0.875016,0.000000,0.484094) w3=(-0.875016,0.000000,0.484094) steer=(255,0)
G6 l60=60.1123 m18c=1 spd=19.5686 grip=1176.31 arm=lo kLo=0.964102 1-kLo=0.0358983 ld4n=4 ld4avg=0.629855 le4avg=23.91 avIn=(-0.000147291,-0.0141468,-0.000154275)
   G7 velDir=(0.863106,-0.034222,0.503861) w0=(-0.457973,0.000000,0.888966) w1=(-0.457973,0.000000,0.888966) w2=(-0.875663,0.000000,0.482922) w3=(-0.875663,0.000000,0.482922) steer=(255,0)
G6 l60=14.0303 m18c=1 spd=8.48373 grip=119.029 arm=lo kLo=0.996368 1-kLo=0.00363249 ld4n=4 ld4avg=0.349218 le4avg=10.0457 avIn=(-5.95017e-06,-0.00604661,-6.56471e-06)
   G7 velDir=(0.310786,-0.002833,0.950476) w0=(-0.458490,0.000000,0.888699) w1=(-0.458490,0.000000,0.888699) w2=(-0.875944,0.000000,0.482412) w3=(-0.875944,0.000000,0.482412) steer=(255,0)
G6 l60=1.8494 m18c=1 spd=13.9816 grip=25.8576 arm=lo kLo=0.999211 1-kLo=0.000789106 ld4n=4 ld4avg=0.292507 le4avg=1.58067 avIn=(-2.17163e-08,-0.0309173,-2.36074e-08)
   G7 velDir=(-0.496584,-0.000006,0.867989) w0=(-0.458266,0.000000,0.888815) w1=(-0.458266,0.000000,0.888815) w2=(-0.875822,0.000000,0.482634) w3=(-0.875822,0.000000,0.482634) steer=(255,0)
G6 l60=13.9139 m18c=1 spd=24.0276 grip=334.316 arm=lo kLo=0.989797 1-kLo=0.0102025 ld4n=4 ld4avg=0.291392 le4avg=11.9374 avIn=(3.65971e-10,-0.030612,8.53682e-10)
   G7 velDir=(-0.678250,0.000000,0.734832) w0=(-0.457896,0.000000,0.889006) w1=(-0.457896,0.000000,0.889006) w2=(-0.875622,0.000000,0.482998) w3=(-0.875622,0.000000,0.482998) steer=(255,0)
G6 l60=26.6413 m18c=1 spd=35.1055 grip=935.257 arm=lo kLo=0.971458 1-kLo=0.0285417 ld4n=4 ld4avg=0.292178 le4avg=22.7955 avIn=(5.31841e-10,-0.0301276,9.57327e-10)
   G7 velDir=(-0.741873,0.000000,0.670541) w0=(-0.457261,0.000000,0.889333) w1=(-0.457261,0.000000,0.889333) w2=(-0.875276,0.000000,0.483624) w3=(-0.875276,0.000000,0.483624) steer=(255,0)
G6 l60=40.0478 m18c=1 spd=46.8866 grip=1877.7 arm=lo kLo=0.942697 1-kLo=0.057303 ld4n=4 ld4avg=0.292957 le4avg=34.1757 avIn=(1.02946e-09,-0.029473,1.25039e-09)
   G7 velDir=(-0.772167,0.000000,0.635420) w0=(-0.456332,0.000000,0.889810) w1=(-0.456332,0.000000,0.889810) w2=(-0.874771,0.000000,0.484537) w3=(-0.874771,0.000000,0.484537) steer=(255,0)
G6 l60=161.923 m18c=1 spd=45.0944 grip=7301.8 arm=lo kLo=0.777167 1-kLo=0.222833 ld4n=4 ld4avg=0.864105 le4avg=46.8643 avIn=(-0.00045502,-0.0237207,-0.000428259)
   G7 velDir=(0.852357,-0.067322,0.518609) w0=(-0.457572,0.000000,0.889172) w1=(-0.457572,0.000000,0.889172) w2=(-0.875446,0.000000,0.483317) w3=(-0.875446,0.000000,0.483317) steer=(255,0)
G6 l60=60.3922 m18c=1 spd=19.6468 grip=1186.52 arm=lo kLo=0.96379 1-kLo=0.0362096 ld4n=4 ld4avg=0.630646 le4avg=23.9913 avIn=(-0.000148612,-0.014199,-0.000155638)
   G7 velDir=(0.863348,-0.034400,0.503434) w0=(-0.458765,0.000000,0.888558) w1=(-0.458765,0.000000,0.888558) w2=(-0.876093,0.000000,0.482142) w3=(-0.876093,0.000000,0.482142) steer=(255,0)
G6 l60=14.1319 m18c=1 spd=8.48181 grip=119.865 arm=lo kLo=0.996342 1-kLo=0.003658 ld4n=4 ld4avg=0.349536 le4avg=10.1093 avIn=(-6.0578e-06,-0.00605407,-6.68681e-06)
   G7 velDir=(0.316717,-0.002884,0.948516) w0=(-0.459284,0.000000,0.888289) w1=(-0.459284,0.000000,0.888289) w2=(-0.876375,0.000000,0.481630) w3=(-0.876375,0.000000,0.481630) steer=(255,0)
G6 l60=1.77969 m18c=1 spd=13.9275 grip=24.7867 arm=lo kLo=0.999244 1-kLo=0.000756443 ld4n=4 ld4avg=0.292565 le4avg=1.5208 avIn=(-2.2256e-08,-0.0309147,-2.42108e-08)
   G7 velDir=(-0.495418,-0.000006,0.868655) w0=(-0.459060,0.000000,0.888405) w1=(-0.459060,0.000000,0.888405) w2=(-0.876253,0.000000,0.481851) w3=(-0.876253,0.000000,0.481851) steer=(255,0)
G6 l60=13.8408 m18c=1 spd=23.9651 grip=331.697 arm=lo kLo=0.989877 1-kLo=0.0101226 ld4n=4 ld4avg=0.291387 le4avg=11.8749 avIn=(3.64176e-10,-0.0306111,8.54636e-10)
   G7 velDir=(-0.678339,0.000000,0.734749) w0=(-0.458692,0.000000,0.888596) w1=(-0.458692,0.000000,0.888596) w2=(-0.876054,0.000000,0.482214) w3=(-0.876054,0.000000,0.482214) steer=(255,0)
G6 l60=26.5648 m18c=1 spd=35.0388 grip=930.798 arm=lo kLo=0.971594 1-kLo=0.0284057 ld4n=4 ld4avg=0.292173 le4avg=22.7304 avIn=(5.28684e-10,-0.030128,9.57434e-10)
   G7 velDir=(-0.742226,0.000000,0.670149) w0=(-0.458058,0.000000,0.888922) w1=(-0.458058,0.000000,0.888922) w2=(-0.875710,0.000000,0.482838) w3=(-0.875710,0.000000,0.482838) steer=(255,0)
G6 l60=39.9676 m18c=1 spd=46.8164 grip=1871.14 arm=lo kLo=0.942897 1-kLo=0.0571026 ld4n=4 ld4avg=0.292953 le4avg=34.1079 avIn=(1.02197e-09,-0.0294739,1.24842e-09)
   G7 velDir=(-0.772606,0.000000,0.634886) w0=(-0.457131,0.000000,0.889399) w1=(-0.457131,0.000000,0.889399) w2=(-0.875206,0.000000,0.483751) w3=(-0.875206,0.000000,0.483751) steer=(255,0)
G6 l60=161.409 m18c=1 spd=44.9558 grip=7256.29 arm=lo kLo=0.778556 1-kLo=0.221444 ld4n=4 ld4avg=0.864065 le4avg=46.7179 avIn=(-0.000454033,-0.0236916,-0.000428115)
   G7 velDir=(0.852174,-0.067270,0.518917) w0=(-0.457131,0.000000,0.889399) w1=(-0.457131,0.000000,0.889399) w2=(-0.875206,0.000000,0.483751) w3=(-0.875206,0.000000,0.483751) steer=(255,0)
G6 l60=59.9701 m18c=1 spd=19.5286 grip=1171.13 arm=lo kLo=0.96426 1-kLo=0.0357401 ld4n=4 ld4avg=0.629458 le4avg=23.8684 avIn=(-0.000147059,-0.0141199,-0.000154115)
   G7 velDir=(0.862540,-0.034260,0.504828) w0=(-0.458320,0.000000,0.888787) w1=(-0.458320,0.000000,0.888787) w2=(-0.875852,0.000000,0.482580) w3=(-0.875852,0.000000,0.482580) steer=(255,0)
G6 l60=13.978 m18c=1 spd=8.48507 grip=118.604 arm=lo kLo=0.996381 1-kLo=0.00361949 ld4n=4 ld4avg=0.34906 le4avg=10.0127 avIn=(-5.91279e-06,-0.00603995,-6.52636e-06)
   G7 velDir=(0.306872,-0.002817,0.951747) w0=(-0.458836,0.000000,0.888521) w1=(-0.458836,0.000000,0.888521) w2=(-0.876132,0.000000,0.482071) w3=(-0.876132,0.000000,0.482071) steer=(255,0)
G6 l60=1.88582 m18c=1 spd=14.0103 grip=26.4209 arm=lo kLo=0.999194 1-kLo=0.000806272 ld4n=4 ld4avg=0.292478 le4avg=1.61196 avIn=(-2.15094e-08,-0.0309158,-2.33907e-08)
   G7 velDir=(-0.497935,-0.000006,0.867214) w0=(-0.458612,0.000000,0.888636) w1=(-0.458612,0.000000,0.888636) w2=(-0.876010,0.000000,0.482292) w3=(-0.876010,0.000000,0.482292) steer=(255,0)
G6 l60=13.9524 m18c=1 spd=24.0609 grip=335.707 arm=lo kLo=0.989755 1-kLo=0.010245 ld4n=4 ld4avg=0.291395 le4avg=11.9704 avIn=(3.65215e-10,-0.0306095,8.53844e-10)
   G7 velDir=(-0.678834,0.000000,0.734291) w0=(-0.458242,0.000000,0.888828) w1=(-0.458242,0.000000,0.888828) w2=(-0.875809,0.000000,0.482657) w3=(-0.875809,0.000000,0.482657) steer=(255,0)
G6 l60=26.6821 m18c=1 spd=35.1414 grip=937.646 arm=lo kLo=0.971385 1-kLo=0.0286147 ld4n=4 ld4avg=0.29218 le4avg=22.8302 avIn=(5.31823e-10,-0.0301244,9.58145e-10)
   G7 velDir=(-0.742264,0.000000,0.670107) w0=(-0.457605,0.000000,0.889155) w1=(-0.457605,0.000000,0.889155) w2=(-0.875464,0.000000,0.483284) w3=(-0.875464,0.000000,0.483284) steer=(255,0)
G6 l60=155.661 m18c=1 spd=44.0553 grip=6857.71 arm=lo kLo=0.790719 1-kLo=0.209281 ld4n=4 ld4avg=0.836449 le4avg=46.5335 avIn=(-0.000368347,-0.022499,-0.000269627)
   G7 velDir=(0.874593,-0.053440,0.481904) w0=(-0.457605,0.000000,0.889155) w1=(-0.457605,0.000000,0.889155) w2=(-0.875464,0.000000,0.483284) w3=(-0.875464,0.000000,0.483284) steer=(255,0)
G6 l60=58.0271 m18c=1 spd=19.483 grip=1130.54 arm=lo kLo=0.965499 1-kLo=0.0345014 ld4n=4 ld4avg=0.587521 le4avg=24.7345 avIn=(-0.000111569,-0.0134752,-0.000102709)
   G7 velDir=(0.897190,-0.025266,0.440921) w0=(-0.458770,0.000000,0.888555) w1=(-0.458770,0.000000,0.888555) w2=(-0.876096,0.000000,0.482136) w3=(-0.876096,0.000000,0.482136) steer=(255,0)
G6 l60=15.1538 m18c=1 spd=8.33381 grip=126.289 arm=lo kLo=0.996146 1-kLo=0.00385404 ld4n=4 ld4avg=0.338743 le4avg=11.1851 avIn=(-4.3529e-06,-0.00605661,-4.34604e-06)
   G7 velDir=(0.428987,-0.002037,0.903309) w0=(-0.459285,0.000000,0.888289) w1=(-0.459285,0.000000,0.888289) w2=(-0.876375,0.000000,0.481628) w3=(-0.876375,0.000000,0.481628) steer=(255,0)
G6 l60=0.582781 m18c=1 spd=13.0037 grip=7.57829 arm=lo kLo=0.999769 1-kLo=0.000231266 ld4n=4 ld4avg=0.29521 le4avg=0.493606 avIn=(-1.65275e-08,-0.0309003,-1.60157e-08)
   G7 velDir=(-0.459210,-0.000005,0.888327) w0=(-0.459065,0.000000,0.888403) w1=(-0.459065,0.000000,0.888403) w2=(-0.876256,0.000000,0.481846) w3=(-0.876256,0.000000,0.481846) steer=(255,0)
G6 l60=12.59 m18c=1 spd=22.8841 grip=288.11 arm=lo kLo=0.991208 1-kLo=0.0087924 ld4n=4 ld4avg=0.29149 le4avg=10.798 avIn=(3.72068e-10,-0.0306465,8.68743e-10)
   G7 velDir=(-0.667995,0.000000,0.744166) w0=(-0.458721,0.000000,0.888580) w1=(-0.458721,0.000000,0.888580) w2=(-0.876070,0.000000,0.482185) w3=(-0.876070,0.000000,0.482185) steer=(255,0)
G6 l60=25.2386 m18c=1 spd=33.8769 grip=855.007 arm=lo kLo=0.973907 1-kLo=0.0260927 ld4n=4 ld4avg=0.292095 le4avg=21.6014 avIn=(5.05942e-10,-0.0301874,9.44624e-10)
   G7 velDir=(-0.737799,0.000000,0.675020) w0=(-0.458116,0.000000,0.888892) w1=(-0.458116,0.000000,0.888892) w2=(-0.875741,0.000000,0.482781) w3=(-0.875741,0.000000,0.482781) steer=(255,0)
G6 l60=38.5707 m18c=1 spd=45.5873 grip=1758.33 arm=lo kLo=0.94634 1-kLo=0.0536601 ld4n=4 ld4avg=0.292873 le4avg=32.9247 avIn=(9.32151e-10,-0.0295433,1.19445e-09)
   G7 velDir=(-0.770304,0.000000,0.637677) w0=(-0.457220,0.000000,0.889354) w1=(-0.457220,0.000000,0.889354) w2=(-0.875254,0.000000,0.483663) w3=(-0.875254,0.000000,0.483663) steer=(255,0)
G6 l60=160.374 m18c=1 spd=44.7544 grip=7177.45 arm=lo kLo=0.780962 1-kLo=0.219038 ld4n=4 ld4avg=0.860617 le4avg=46.6033 avIn=(-0.000445115,-0.0235634,-0.000417034)
   G7 velDir=(0.854097,-0.065940,0.515917) w0=(-0.458426,0.000000,0.888733) w1=(-0.458426,0.000000,0.888733) w2=(-0.875909,0.000000,0.482476) w3=(-0.875909,0.000000,0.482476) steer=(255,0)
G6 l60=59.46 m18c=1 spd=19.444 grip=1156.14 arm=lo kLo=0.964717 1-kLo=0.0352826 ld4n=4 ld4avg=0.623184 le4avg=23.9024 avIn=(-0.000142204,-0.0139893,-0.000148923)
   G7 velDir=(0.865957,-0.033213,0.499015) w0=(-0.459609,0.000000,0.888121) w1=(-0.459609,0.000000,0.888121) w2=(-0.876551,0.000000,0.481309) w3=(-0.876551,0.000000,0.481309) steer=(255,0)
G6 l60=14.0351 m18c=1 spd=8.4588 grip=118.72 arm=lo kLo=0.996377 1-kLo=0.00362307 ld4n=4 ld4avg=0.347272 le4avg=10.1053 avIn=(-5.64499e-06,-0.00602705,-6.23379e-06)
   G7 velDir=(0.315038,-0.002693,0.949075) w0=(-0.460123,0.000000,0.887856) w1=(-0.460123,0.000000,0.887856) w2=(-0.876829,0.000000,0.480802) w3=(-0.876829,0.000000,0.480802) steer=(255,0)
G6 l60=1.78278 m18c=1 spd=13.9302 grip=24.8344 arm=lo kLo=0.999242 1-kLo=0.000757873 ld4n=4 ld4avg=0.292545 le4avg=1.52353 avIn=(-2.05168e-08,-0.0309111,-2.22897e-08)
   G7 velDir=(-0.496354,-0.000006,0.868120) w0=(-0.459899,0.000000,0.887971) w1=(-0.459899,0.000000,0.887971) w2=(-0.876708,0.000000,0.481023) w3=(-0.876708,0.000000,0.481023) steer=(255,0)
G6 l60=13.8446 m18c=1 spd=23.9687 grip=331.838 arm=lo kLo=0.989873 1-kLo=0.0101269 ld4n=4 ld4avg=0.291388 le4avg=11.8782 avIn=(3.63888e-10,-0.0306077,8.57175e-10)
   G7 velDir=(-0.679064,0.000000,0.734079) w0=(-0.459531,0.000000,0.888162) w1=(-0.459531,0.000000,0.888162) w2=(-0.876509,0.000000,0.481386) w3=(-0.876509,0.000000,0.481386) steer=(255,0)
G6 l60=26.5692 m18c=1 spd=35.043 grip=931.066 arm=lo kLo=0.971586 1-kLo=0.0284139 ld4n=4 ld4avg=0.292173 le4avg=22.7342 avIn=(5.26923e-10,-0.0301245,9.58452e-10)
   G7 velDir=(-0.742873,0.000000,0.669432) w0=(-0.458898,0.000000,0.888489) w1=(-0.458898,0.000000,0.888489) w2=(-0.876165,0.000000,0.482011) w3=(-0.876165,0.000000,0.482011) steer=(255,0)
G6 l60=39.9726 m18c=1 spd=46.8213 grip=1871.57 arm=lo kLo=0.942884 1-kLo=0.0571157 ld4n=4 ld4avg=0.292953 le4avg=34.1122 avIn=(1.02038e-09,-0.0294704,1.25014e-09)
   G7 velDir=(-0.773213,0.000000,0.634146) w0=(-0.457971,0.000000,0.888967) w1=(-0.457971,0.000000,0.888967) w2=(-0.875662,0.000000,0.482924) w3=(-0.875662,0.000000,0.482924) steer=(255,0)
G6 l60=160.803 m18c=1 spd=44.805 grip=7204.79 arm=lo kLo=0.780127 1-kLo=0.219873 ld4n=4 ld4avg=0.863451 le4avg=46.5756 avIn=(-0.000453566,-0.0236591,-0.000427755)
   G7 velDir=(0.851747,-0.067331,0.519610) w0=(-0.457971,0.000000,0.888967) w1=(-0.457971,0.000000,0.888967) w2=(-0.875662,0.000000,0.482924) w3=(-0.875662,0.000000,0.482924) steer=(255,0)
G6 l60=59.5296 m18c=1 spd=19.4147 grip=1155.75 arm=lo kLo=0.964729 1-kLo=0.0352706 ld4n=4 ld4avg=0.627397 le4avg=23.7706 avIn=(-0.000145505,-0.0140309,-0.000152661)
   G7 velDir=(0.861844,-0.034133,0.506023) w0=(-0.459156,0.000000,0.888356) w1=(-0.459156,0.000000,0.888356) w2=(-0.876305,0.000000,0.481756) w3=(-0.876305,0.000000,0.481756) steer=(255,0)
G6 l60=13.8578 m18c=1 spd=8.48428 grip=117.574 arm=lo kLo=0.996412 1-kLo=0.00358808 ld4n=4 ld4avg=0.348361 le4avg=9.94654 avIn=(-5.76937e-06,-0.00602222,-6.37442e-06)
   G7 velDir=(0.298774,-0.002754,0.954320) w0=(-0.459669,0.000000,0.888091) w1=(-0.459669,0.000000,0.888091) w2=(-0.876583,0.000000,0.481250) w3=(-0.876583,0.000000,0.481250) steer=(255,0)
G6 l60=1.95886 m18c=1 spd=14.0678 grip=27.5569 arm=lo kLo=0.999159 1-kLo=0.000840962 ld4n=4 ld4avg=0.29242 le4avg=1.67472 avIn=(-2.08142e-08,-0.0309119,-2.26462e-08)
   G7 velDir=(-0.500769,-0.000006,0.865581) w0=(-0.459444,0.000000,0.888206) w1=(-0.459444,0.000000,0.888206) w2=(-0.876462,0.000000,0.481471) w3=(-0.876462,0.000000,0.481471) steer=(255,0)
G6 l60=14.0298 m18c=1 spd=24.1279 grip=338.509 arm=lo kLo=0.98967 1-kLo=0.0103305 ld4n=4 ld4avg=0.2914 le4avg=12.0365 avIn=(3.63696e-10,-0.030604,8.54638e-10)
   G7 velDir=(-0.680118,0.000000,0.733103) w0=(-0.459073,0.000000,0.888399) w1=(-0.459073,0.000000,0.888399) w2=(-0.876260,0.000000,0.481838) w3=(-0.876260,0.000000,0.481838) steer=(255,0)
G6 l60=26.764 m18c=1 spd=35.2136 grip=942.458 arm=lo kLo=0.971238 1-kLo=0.0287615 ld4n=4 ld4avg=0.292185 le4avg=22.9 avIn=(5.31486e-10,-0.0301174,9.59951e-10)
   G7 velDir=(-0.743152,0.000000,0.669123) w0=(-0.458435,0.000000,0.888728) w1=(-0.458435,0.000000,0.888728) w2=(-0.875914,0.000000,0.482467) w3=(-0.875914,0.000000,0.482467) steer=(255,0)
G6 l60=40.1776 m18c=1 spd=47.0014 grip=1888.4 arm=lo kLo=0.942371 1-kLo=0.0576295 ld4n=4 ld4avg=0.292964 le4avg=34.2857 avIn=(1.036e-09,-0.0294621,1.25811e-09)
   G7 velDir=(-0.773215,0.000000,0.634144) w0=(-0.457504,0.000000,0.889208) w1=(-0.457504,0.000000,0.889208) w2=(-0.875408,0.000000,0.483384) w3=(-0.875408,0.000000,0.483384) steer=(255,0)
G6 l60=161.152 m18c=1 spd=44.8991 grip=7235.61 arm=lo kLo=0.779187 1-kLo=0.220813 ld4n=4 ld4avg=0.863482 le4avg=46.6751 avIn=(-0.000455154,-0.0236859,-0.000428631)
   G7 velDir=(0.851586,-0.067527,0.519848) w0=(-0.458746,0.000000,0.888567) w1=(-0.458746,0.000000,0.888567) w2=(-0.876083,0.000000,0.482160) w3=(-0.876083,0.000000,0.482160) steer=(255,0)
G6 l60=59.8146 m18c=1 spd=19.4944 grip=1166.05 arm=lo kLo=0.964415 1-kLo=0.035585 ld4n=4 ld4avg=0.628208 le4avg=23.8537 avIn=(-0.000146828,-0.0140839,-0.000154023)
   G7 velDir=(0.862127,-0.034310,0.505529) w0=(-0.459933,0.000000,0.887954) w1=(-0.459933,0.000000,0.887954) w2=(-0.876727,0.000000,0.480989) w3=(-0.876727,0.000000,0.480989) steer=(255,0)
G6 l60=13.9614 m18c=1 spd=8.48145 grip=118.413 arm=lo kLo=0.996386 1-kLo=0.00361365 ld4n=4 ld4avg=0.34868 le4avg=10.0117 avIn=(-5.87592e-06,-0.00602975,-6.49519e-06)
   G7 velDir=(0.304908,-0.002805,0.952378) w0=(-0.460448,0.000000,0.887687) w1=(-0.460448,0.000000,0.887687) w2=(-0.877005,0.000000,0.480481) w3=(-0.877005,0.000000,0.480481) steer=(255,0)
G6 l60=1.8874 m18c=1 spd=14.0122 grip=26.4467 arm=lo kLo=0.999193 1-kLo=0.000807106 ld4n=4 ld4avg=0.292473 le4avg=1.61334 avIn=(-2.13416e-08,-0.0309094,-2.32359e-08)
   G7 velDir=(-0.499568,-0.000006,0.866275) w0=(-0.460224,0.000000,0.887803) w1=(-0.460224,0.000000,0.887803) w2=(-0.876884,0.000000,0.480702) w3=(-0.876884,0.000000,0.480702) steer=(255,0)
G6 l60=13.9549 m18c=1 spd=24.0638 grip=335.808 arm=lo kLo=0.989752 1-kLo=0.0102481 ld4n=4 ld4avg=0.291395 le4avg=11.9725 avIn=(3.61888e-10,-0.0306032,8.55539e-10)
   G7 velDir=(-0.680186,0.000000,0.733039) w0=(-0.459854,0.000000,0.887995) w1=(-0.459854,0.000000,0.887995) w2=(-0.876684,0.000000,0.481068) w3=(-0.876684,0.000000,0.481068) steer=(255,0)
G6 l60=26.6856 m18c=1 spd=35.1452 grip=937.868 arm=lo kLo=0.971379 1-kLo=0.0286215 ld4n=4 ld4avg=0.29218 le4avg=22.8332 avIn=(5.28308e-10,-0.030118,9.60008e-10)
   G7 velDir=(-0.743490,0.000000,0.668747) w0=(-0.459218,0.000000,0.888324) w1=(-0.459218,0.000000,0.888324) w2=(-0.876339,0.000000,0.481695) w3=(-0.876339,0.000000,0.481695) steer=(255,0)
G6 l60=40.0953 m18c=1 spd=46.9294 grip=1881.65 arm=lo kLo=0.942577 1-kLo=0.0574234 ld4n=4 ld4avg=0.29296 le4avg=34.2161 avIn=(1.0283e-09,-0.0294631,1.25596e-09)
   G7 velDir=(-0.773640,0.000000,0.633625) w0=(-0.458289,0.000000,0.888803) w1=(-0.458289,0.000000,0.888803) w2=(-0.875835,0.000000,0.482611) w3=(-0.875835,0.000000,0.482611) steer=(255,0)
G6 l60=160.531 m18c=1 spd=44.747 grip=7183.26 arm=lo kLo=0.780784 1-kLo=0.219216 ld4n=4 ld4avg=0.862742 le4avg=46.5349 avIn=(-0.0004542,-0.0236478,-0.00042744)
   G7 velDir=(0.851311,-0.067501,0.520301) w0=(-0.459529,0.000000,0.888163) w1=(-0.459529,0.000000,0.888163) w2=(-0.876508,0.000000,0.481388) w3=(-0.876508,0.000000,0.481388) steer=(255,0)
G6 l60=59.3747 m18c=1 spd=19.3827 grip=1150.84 arm=lo kLo=0.964879 1-kLo=0.0351208 ld4n=4 ld4avg=0.62597 le4avg=23.7626 avIn=(-0.0001451,-0.0139936,-0.000152306)
   G7 velDir=(0.861662,-0.034129,0.506334) w0=(-0.460711,0.000000,0.887550) w1=(-0.460711,0.000000,0.887550) w2=(-0.877148,0.000000,0.480221) w3=(-0.877148,0.000000,0.480221) steer=(255,0)
G6 l60=13.8502 m18c=1 spd=8.47955 grip=117.443 arm=lo kLo=0.996416 1-kLo=0.00358409 ld4n=4 ld4avg=0.34794 le4avg=9.95307 avIn=(-5.72724e-06,-0.00601266,-6.3345e-06)
   G7 velDir=(0.297664,-0.002739,0.954667) w0=(-0.461223,0.000000,0.887284) w1=(-0.461223,0.000000,0.887284) w2=(-0.877425,0.000000,0.479715) w3=(-0.877425,0.000000,0.479715) steer=(255,0)
G6 l60=1.95206 m18c=1 spd=14.0631 grip=27.4521 arm=lo kLo=0.999162 1-kLo=0.000837743 ld4n=4 ld4avg=0.292422 le4avg=1.6689 avIn=(-2.06376e-08,-0.0309059,-2.24702e-08)
   G7 velDir=(-0.502114,-0.000006,0.864802) w0=(-0.460999,0.000000,0.887401) w1=(-0.460999,0.000000,0.887401) w2=(-0.877304,0.000000,0.479936) w3=(-0.877304,0.000000,0.479936) steer=(255,0)
G6 l60=14.0234 m18c=1 spd=24.1231 grip=338.289 arm=lo kLo=0.989676 1-kLo=0.0103238 ld4n=4 ld4avg=0.2914 le4avg=12.0311 avIn=(3.6055e-10,-0.0305982,8.56385e-10)
   G7 velDir=(-0.681353,0.000000,0.731955) w0=(-0.460628,0.000000,0.887593) w1=(-0.460628,0.000000,0.887593) w2=(-0.877103,0.000000,0.480303) w3=(-0.877103,0.000000,0.480303) steer=(255,0)
G6 l60=26.7581 m18c=1 spd=35.2091 grip=942.131 arm=lo kLo=0.971248 1-kLo=0.0287516 ld4n=4 ld4avg=0.292184 le4avg=22.895 avIn=(5.27921e-10,-0.0301116,9.61647e-10)
   G7 velDir=(-0.744304,0.000000,0.667841) w0=(-0.459991,0.000000,0.887924) w1=(-0.459991,0.000000,0.887924) w2=(-0.876758,0.000000,0.480932) w3=(-0.876758,0.000000,0.480932) steer=(255,0)
G6 l60=40.1722 m18c=1 spd=46.9973 grip=1887.98 arm=lo kLo=0.942383 1-kLo=0.0576167 ld4n=4 ld4avg=0.292964 le4avg=34.2811 avIn=(1.032e-09,-0.0294563,1.26069e-09)
   G7 velDir=(-0.774315,0.000000,0.632801) w0=(-0.459060,0.000000,0.888405) w1=(-0.459060,0.000000,0.888405) w2=(-0.876253,0.000000,0.481850) w3=(-0.876253,0.000000,0.481850) steer=(255,0)
G6 l60=160.139 m18c=1 spd=44.6339 grip=7147.61 arm=lo kLo=0.781872 1-kLo=0.218128 ld4n=4 ld4avg=0.863023 le4avg=46.4063 avIn=(-0.00045422,-0.0236319,-0.000428311)
   G7 velDir=(0.850908,-0.067598,0.520948) w0=(-0.459060,0.000000,0.888405) w1=(-0.459060,0.000000,0.888405) w2=(-0.876253,0.000000,0.481850) w3=(-0.876253,0.000000,0.481850) steer=(255,0)
G6 l60=59.0245 m18c=1 spd=19.279 grip=1137.93 arm=lo kLo=0.965273 1-kLo=0.034727 ld4n=4 ld4avg=0.625427 le4avg=23.6429 avIn=(-0.000144137,-0.0139314,-0.000151377)
   G7 velDir=(0.860487,-0.034105,0.508329) w0=(-0.460240,0.000000,0.887795) w1=(-0.460240,0.000000,0.887795) w2=(-0.876893,0.000000,0.480687) w3=(-0.876893,0.000000,0.480687) steer=(255,0)
G6 l60=13.6996 m18c=1 spd=8.48721 grip=116.272 arm=lo kLo=0.996452 1-kLo=0.00354832 ld4n=4 ld4avg=0.347671 le4avg=9.85247 avIn=(-5.62169e-06,-0.00600065,-6.21641e-06)
   G7 velDir=(0.287398,-0.002689,0.957808) w0=(-0.460749,0.000000,0.887531) w1=(-0.460749,0.000000,0.887531) w2=(-0.877168,0.000000,0.480183) w3=(-0.877168,0.000000,0.480183) steer=(255,0)
G6 l60=2.06285 m18c=1 spd=14.1498 grip=29.189 arm=lo kLo=0.999109 1-kLo=0.000890791 ld4n=4 ld4avg=0.292348 le4avg=1.76406 avIn=(-2.00715e-08,-0.0309069,-2.18452e-08)
   G7 velDir=(-0.504660,-0.000006,0.863318) w0=(-0.460525,0.000000,0.887647) w1=(-0.460525,0.000000,0.887647) w2=(-0.877047,0.000000,0.480405) w3=(-0.877047,0.000000,0.480405) steer=(255,0)
G6 l60=14.1399 m18c=1 spd=24.2231 grip=342.513 arm=lo kLo=0.989547 1-kLo=0.0104527 ld4n=4 ld4avg=0.291408 le4avg=12.1307 avIn=(3.61591e-10,-0.0305966,8.5548e-10)
   G7 velDir=(-0.681850,0.000000,0.731492) w0=(-0.460151,0.000000,0.887841) w1=(-0.460151,0.000000,0.887841) w2=(-0.876845,0.000000,0.480774) w3=(-0.876845,0.000000,0.480774) steer=(255,0)
G6 l60=26.8806 m18c=1 spd=35.3162 grip=949.321 arm=lo kLo=0.971029 1-kLo=0.028971 ld4n=4 ld4avg=0.292192 le4avg=22.9991 avIn=(5.31247e-10,-0.0301079,9.62408e-10)
   G7 velDir=(-0.744333,0.000000,0.667808) w0=(-0.459511,0.000000,0.888172) w1=(-0.459511,0.000000,0.888172) w2=(-0.876498,0.000000,0.481406) w3=(-0.876498,0.000000,0.481406) steer=(255,0)
G6 l60=40.3009 m18c=1 spd=47.1104 grip=1898.59 arm=lo kLo=0.94206 1-kLo=0.0579404 ld4n=4 ld4avg=0.292971 le4avg=34.3901 avIn=(1.04244e-09,-0.0294518,1.26548e-09)
   G7 velDir=(-0.774179,0.000000,0.632966) w0=(-0.458578,0.000000,0.888654) w1=(-0.458578,0.000000,0.888654) w2=(-0.875992,0.000000,0.482326) w3=(-0.875992,0.000000,0.482326) steer=(255,0)
G6 l60=160.45 m18c=1 spd=44.7211 grip=7175.52 arm=lo kLo=0.781021 1-kLo=0.218979 ld4n=4 ld4avg=0.862917 le4avg=46.5024 avIn=(-0.000455341,-0.0236538,-0.000428693)
   G7 velDir=(0.850867,-0.067719,0.520998) w0=(-0.459823,0.000000,0.888011) w1=(-0.459823,0.000000,0.888011) w2=(-0.876667,0.000000,0.481098) w3=(-0.876667,0.000000,0.481098) steer=(255,0)
G6 l60=59.2909 m18c=1 spd=19.3559 grip=1147.63 arm=lo kLo=0.964977 1-kLo=0.0350229 ld4n=4 ld4avg=0.625996 le4avg=23.7281 avIn=(-0.00014523,-0.0139796,-0.0001525)
   G7 velDir=(0.860969,-0.034230,0.507504) w0=(-0.461004,0.000000,0.887398) w1=(-0.461004,0.000000,0.887398) w2=(-0.877306,0.000000,0.479932) w3=(-0.877306,0.000000,0.479932) steer=(255,0)
G6 l60=13.8061 m18c=1 spd=8.48243 grip=117.11 arm=lo kLo=0.996426 1-kLo=0.00357389 ld4n=4 ld4avg=0.347916 le4avg=9.92212 avIn=(-5.71488e-06,-0.00600784,-6.32255e-06)
   G7 velDir=(0.294027,-0.002735,0.955793) w0=(-0.461514,0.000000,0.887133) w1=(-0.461514,0.000000,0.887133) w2=(-0.877582,0.000000,0.479426) w3=(-0.877582,0.000000,0.479426) steer=(255,0)
G6 l60=1.98639 m18c=1 spd=14.0902 grip=27.9886 arm=lo kLo=0.999146 1-kLo=0.000854135 ld4n=4 ld4avg=0.292398 le4avg=1.69838 avIn=(-2.05419e-08,-0.0309045,-2.23721e-08)
   G7 velDir=(-0.503337,-0.000006,0.864090) w0=(-0.461291,0.000000,0.887249) w1=(-0.461291,0.000000,0.887249) w2=(-0.877461,0.000000,0.479648) w3=(-0.877461,0.000000,0.479648) steer=(255,0)
G6 l60=14.0598 m18c=1 spd=24.1545 grip=339.606 arm=lo kLo=0.989636 1-kLo=0.0103639 ld4n=4 ld4avg=0.291402 le4avg=12.0622 avIn=(3.59839e-10,-0.0305959,8.56421e-10)
   G7 velDir=(-0.681872,0.000000,0.731472) w0=(-0.460919,0.000000,0.887442) w1=(-0.460919,0.000000,0.887442) w2=(-0.877260,0.000000,0.480015) w3=(-0.877260,0.000000,0.480015) steer=(255,0)
G6 l60=26.7965 m18c=1 spd=35.2429 grip=944.388 arm=lo kLo=0.97118 1-kLo=0.0288205 ld4n=4 ld4avg=0.292187 le4avg=22.9276 avIn=(5.27981e-10,-0.0301087,9.6238e-10)
   G7 velDir=(-0.744644,0.000000,0.667461) w0=(-0.460281,0.000000,0.887773) w1=(-0.460281,0.000000,0.887773) w2=(-0.876915,0.000000,0.480646) w3=(-0.876915,0.000000,0.480646) steer=(255,0)
G6 l60=40.2127 m18c=1 spd=47.0332 grip=1891.33 arm=lo kLo=0.942281 1-kLo=0.0577189 ld4n=4 ld4avg=0.292966 le4avg=34.3155 avIn=(1.03425e-09,-0.0294531,1.26299e-09)
   G7 velDir=(-0.774586,0.000000,0.632468) w0=(-0.459350,0.000000,0.888255) w1=(-0.459350,0.000000,0.888255) w2=(-0.876410,0.000000,0.481565) w3=(-0.876410,0.000000,0.481565) steer=(255,0)
G6 l60=159.954 m18c=1 spd=44.5869 grip=7131.87 arm=lo kLo=0.782353 1-kLo=0.217647 ld4n=4 ld4avg=0.862885 le4avg=46.3603 avIn=(-0.000453972,-0.0236073,-0.000427356)
   G7 velDir=(0.850702,-0.067657,0.521276) w0=(-0.459350,0.000000,0.888255) w1=(-0.459350,0.000000,0.888255) w2=(-0.876410,0.000000,0.481565) w3=(-0.876410,0.000000,0.481565) steer=(255,0)
G6 l60=58.8868 m18c=1 spd=19.2424 grip=1133.12 arm=lo kLo=0.96542 1-kLo=0.0345801 ld4n=4 ld4avg=0.624858 le4avg=23.6091 avIn=(-0.000143661,-0.0139007,-0.000150778)
   G7 velDir=(0.860149,-0.034088,0.508902) w0=(-0.460528,0.000000,0.887645) w1=(-0.460528,0.000000,0.887645) w2=(-0.877048,0.000000,0.480402) w3=(-0.877048,0.000000,0.480402) steer=(255,0)
G6 l60=13.658 m18c=1 spd=8.48801 grip=115.929 arm=lo kLo=0.996462 1-kLo=0.00353789 ld4n=4 ld4avg=0.347477 le4avg=9.82799 avIn=(-5.57834e-06,-0.00599479,-6.16521e-06)
   G7 velDir=(0.284423,-0.002671,0.958695) w0=(-0.461036,0.000000,0.887382) w1=(-0.461036,0.000000,0.887382) w2=(-0.877323,0.000000,0.479900) w3=(-0.877323,0.000000,0.479900) steer=(255,0)
G6 l60=2.08991 m18c=1 spd=14.1712 grip=29.6165 arm=lo kLo=0.999096 1-kLo=0.000903845 ld4n=4 ld4avg=0.29233 le4avg=1.78731 avIn=(-1.98618e-08,-0.0309055,-2.16019e-08)
   G7 velDir=(-0.505671,-0.000006,0.862726) w0=(-0.460812,0.000000,0.887498) w1=(-0.460812,0.000000,0.887498) w2=(-0.877202,0.000000,0.480121) w3=(-0.877202,0.000000,0.480121) steer=(255,0)
G6 l60=14.1686 m18c=1 spd=24.2479 grip=343.558 arm=lo kLo=0.989515 1-kLo=0.0104846 ld4n=4 ld4avg=0.291409 le4avg=12.1552 avIn=(3.6106e-10,-0.0305946,8.55751e-10)
   G7 velDir=(-0.682303,0.000000,0.731069) w0=(-0.460437,0.000000,0.887692) w1=(-0.460437,0.000000,0.887692) w2=(-0.877000,0.000000,0.480491) w3=(-0.877000,0.000000,0.480491) steer=(255,0)
G6 l60=26.9109 m18c=1 spd=35.343 grip=951.111 arm=lo kLo=0.970974 1-kLo=0.0290256 ld4n=4 ld4avg=0.292193 le4avg=23.025 avIn=(5.31178e-10,-0.0301054,9.63059e-10)
   G7 velDir=(-0.744644,0.000000,0.667461) w0=(-0.459797,0.000000,0.888024) w1=(-0.459797,0.000000,0.888024) w2=(-0.876653,0.000000,0.481124) w3=(-0.876653,0.000000,0.481124) steer=(255,0)
G6 l60=154.198 m18c=1 spd=43.6763 grip=6734.81 arm=lo kLo=0.79447 1-kLo=0.20553 ld4n=4 ld4avg=0.835266 le4avg=46.1616 avIn=(-0.000369621,-0.0222368,-0.000236131)
   G7 velDir=(0.873121,-0.053821,0.484523) w0=(-0.459797,0.000000,0.888024) w1=(-0.459797,0.000000,0.888024) w2=(-0.876653,0.000000,0.481124) w3=(-0.876653,0.000000,0.481124) steer=(255,0)
G6 l60=56.9652 m18c=1 spd=19.1895 grip=1093.13 arm=lo kLo=0.96664 1-kLo=0.0333598 ld4n=4 ld4avg=0.583229 le4avg=24.4595 avIn=(-0.00010919,-0.0132283,-9.36536e-05)
   G7 velDir=(0.894910,-0.025154,0.445537) w0=(-0.460950,0.000000,0.887426) w1=(-0.460950,0.000000,0.887426) w2=(-0.877277,0.000000,0.479984) w3=(-0.877277,0.000000,0.479984) steer=(255,0)
G6 l60=14.8099 m18c=1 spd=8.31648 grip=123.166 arm=lo kLo=0.996241 1-kLo=0.00375873 ld4n=4 ld4avg=0.337438 le4avg=10.9735 avIn=(-4.11e-06,-0.0060094,-3.87351e-06)
   G7 velDir=(0.404599,-0.001936,0.914492) w0=(-0.461457,0.000000,0.887163) w1=(-0.461457,0.000000,0.887163) w2=(-0.877551,0.000000,0.479483) w3=(-0.877551,0.000000,0.479483) steer=(255,0)
G6 l60=0.816861 m18c=1 spd=13.183 grip=10.7686 arm=lo kLo=0.999671 1-kLo=0.00032866 ld4n=4 ld4avg=0.294067 le4avg=0.694505 avIn=(-1.52379e-08,-0.030902,-1.38728e-08)
   G7 velDir=(-0.468975,-0.000005,0.883211) w0=(-0.461237,0.000000,0.887277) w1=(-0.461237,0.000000,0.887277) w2=(-0.877432,0.000000,0.479700) w3=(-0.877432,0.000000,0.479700) steer=(255,0)
G6 l60=12.834 m18c=1 spd=23.0969 grip=296.426 arm=lo kLo=0.990954 1-kLo=0.0090462 ld4n=4 ld4avg=0.291432 le4avg=11.0094 avIn=(3.67386e-10,-0.0306313,8.704e-10)
   G7 velDir=(-0.671932,0.000000,0.740613) w0=(-0.460889,0.000000,0.887458) w1=(-0.460889,0.000000,0.887458) w2=(-0.877244,0.000000,0.480045) w3=(-0.877244,0.000000,0.480045) steer=(255,0)
G6 l60=25.5001 m18c=1 spd=34.1069 grip=869.727 arm=lo kLo=0.973458 1-kLo=0.0265419 ld4n=4 ld4avg=0.29211 le4avg=21.8241 avIn=(5.05436e-10,-0.0301673,9.49463e-10)
   G7 velDir=(-0.740348,0.000000,0.672224) w0=(-0.460279,0.000000,0.887774) w1=(-0.460279,0.000000,0.887774) w2=(-0.876914,0.000000,0.480647) w3=(-0.876914,0.000000,0.480647) steer=(255,0)
G6 l60=38.8472 m18c=1 spd=45.8316 grip=1780.43 arm=lo kLo=0.945666 1-kLo=0.0543343 ld4n=4 ld4avg=0.292888 le4avg=33.159 avIn=(9.43689e-10,-0.0295211,1.20805e-09)
   G7 velDir=(-0.772328,0.000000,0.635224) w0=(-0.459378,0.000000,0.888241) w1=(-0.459378,0.000000,0.888241) w2=(-0.876426,0.000000,0.481537) w3=(-0.876426,0.000000,0.481537) steer=(255,0)
G6 l60=158.983 m18c=1 spd=44.3999 grip=7058.85 arm=lo kLo=0.784581 1-kLo=0.215419 ld4n=4 ld4avg=0.859538 le4avg=46.2574 avIn=(-0.000443137,-0.0233956,-0.000410506)
   G7 velDir=(0.852600,-0.066356,0.518335) w0=(-0.460589,0.000000,0.887614) w1=(-0.460589,0.000000,0.887614) w2=(-0.877082,0.000000,0.480341) w3=(-0.877082,0.000000,0.480341) steer=(255,0)
G6 l60=58.4258 m18c=1 spd=19.1683 grip=1119.92 arm=lo kLo=0.965823 1-kLo=0.0341773 ld4n=4 ld4avg=0.618881 le4avg=23.6491 avIn=(-0.000138655,-0.0137628,-0.000144619)
   G7 velDir=(0.863528,-0.033079,0.503214) w0=(-0.461761,0.000000,0.887004) w1=(-0.461761,0.000000,0.887004) w2=(-0.877715,0.000000,0.479182) w3=(-0.877715,0.000000,0.479182) steer=(255,0)
G6 l60=13.7221 m18c=1 spd=8.46142 grip=116.109 arm=lo kLo=0.996457 1-kLo=0.00354338 ld4n=4 ld4avg=0.345822 le4avg=9.92136 avIn=(-5.32399e-06,-0.00598296,-5.86036e-06)
   G7 velDir=(0.292748,-0.002560,0.956186) w0=(-0.462267,0.000000,0.886741) w1=(-0.462267,0.000000,0.886741) w2=(-0.877989,0.000000,0.478682) w3=(-0.877989,0.000000,0.478682) steer=(255,0)
G6 l60=1.98612 m18c=1 spd=14.0902 grip=27.9848 arm=lo kLo=0.999146 1-kLo=0.000854015 ld4n=4 ld4avg=0.292385 le4avg=1.69823 avIn=(-1.89498e-08,-0.0309011,-2.04944e-08)
   G7 velDir=(-0.504089,-0.000005,0.863652) w0=(-0.462044,0.000000,0.886857) w1=(-0.462044,0.000000,0.886857) w2=(-0.877868,0.000000,0.478903) w3=(-0.877868,0.000000,0.478903) steer=(255,0)
G6 l60=14.06 m18c=1 spd=24.155 grip=339.618 arm=lo kLo=0.989636 1-kLo=0.0103643 ld4n=4 ld4avg=0.291402 le4avg=12.0623 avIn=(3.59793e-10,-0.030593,8.59055e-10)
   G7 velDir=(-0.682495,0.000000,0.730891) w0=(-0.461672,0.000000,0.887051) w1=(-0.461672,0.000000,0.887051) w2=(-0.877667,0.000000,0.479271) w3=(-0.877667,0.000000,0.479271) steer=(255,0)
G6 l60=26.7971 m18c=1 spd=35.2438 grip=944.432 arm=lo kLo=0.971178 1-kLo=0.0288218 ld4n=4 ld4avg=0.292187 le4avg=22.9281 avIn=(5.26333e-10,-0.0301057,9.63257e-10)
   G7 velDir=(-0.745212,0.000000,0.666827) w0=(-0.461034,0.000000,0.887382) w1=(-0.461034,0.000000,0.887382) w2=(-0.877323,0.000000,0.479901) w3=(-0.877323,0.000000,0.479901) steer=(255,0)
G6 l60=40.2137 m18c=1 spd=47.0344 grip=1891.43 arm=lo kLo=0.942278 1-kLo=0.0577219 ld4n=4 ld4avg=0.292966 le4avg=34.3164 avIn=(1.03257e-09,-0.0294501,1.2644e-09)
   G7 velDir=(-0.775124,0.000000,0.631809) w0=(-0.460103,0.000000,0.887865) w1=(-0.460103,0.000000,0.887865) w2=(-0.876819,0.000000,0.480821) w3=(-0.876819,0.000000,0.480821) steer=(255,0)
G6 l60=159.41 m18c=1 spd=44.4515 grip=7086 arm=lo kLo=0.783753 1-kLo=0.216247 ld4n=4 ld4avg=0.862325 le4avg=46.2325 avIn=(-0.000451763,-0.0235145,-0.000423155)
   G7 velDir=(0.850316,-0.067709,0.521899) w0=(-0.460103,0.000000,0.887865) w1=(-0.460103,0.000000,0.887865) w2=(-0.876819,0.000000,0.480821) w3=(-0.876819,0.000000,0.480821) steer=(255,0)
G6 l60=58.4963 m18c=1 spd=19.1412 grip=1119.69 arm=lo kLo=0.96583 1-kLo=0.0341702 ld4n=4 ld4avg=0.623004 le4avg=23.5219 avIn=(-0.000141903,-0.0138091,-0.000148669)
   G7 velDir=(0.859490,-0.033971,0.510022) w0=(-0.461277,0.000000,0.887256) w1=(-0.461277,0.000000,0.887256) w2=(-0.877454,0.000000,0.479661) w3=(-0.877454,0.000000,0.479661) steer=(255,0)
G6 l60=13.5516 m18c=1 spd=8.48893 grip=115.039 arm=lo kLo=0.996489 1-kLo=0.00351071 ld4n=4 ld4avg=0.346871 le4avg=9.76847 avIn=(-5.44288e-06,-0.00597892,-6.00739e-06)
   G7 velDir=(0.277101,-0.002617,0.960837) w0=(-0.461782,0.000000,0.886993) w1=(-0.461782,0.000000,0.886993) w2=(-0.877727,0.000000,0.479161) w3=(-0.877727,0.000000,0.479161) steer=(255,0)
G6 l60=2.15562 m18c=1 spd=14.2232 grip=30.6597 arm=lo kLo=0.999064 1-kLo=0.000935674 ld4n=4 ld4avg=0.292288 le4avg=1.84377 avIn=(-1.92376e-08,-0.030902,-2.08832e-08)
   G7 velDir=(-0.508166,-0.000005,0.861259) w0=(-0.461558,0.000000,0.887110) w1=(-0.461558,0.000000,0.887110) w2=(-0.877606,0.000000,0.479383) w3=(-0.877606,0.000000,0.479383) steer=(255,0)
G6 l60=14.2382 m18c=1 spd=24.3082 grip=346.105 arm=lo kLo=0.989438 1-kLo=0.0105623 ld4n=4 ld4avg=0.291414 le4avg=12.2147 avIn=(3.59806e-10,-0.0305896,8.56624e-10)
   G7 velDir=(-0.683444,0.000000,0.730003) w0=(-0.461183,0.000000,0.887305) w1=(-0.461183,0.000000,0.887305) w2=(-0.877403,0.000000,0.479754) w3=(-0.877403,0.000000,0.479754) steer=(255,0)
G6 l60=26.9846 m18c=1 spd=35.4079 grip=955.47 arm=lo kLo=0.970841 1-kLo=0.0291587 ld4n=4 ld4avg=0.292198 le4avg=23.0877 avIn=(5.30898e-10,-0.0300991,9.64696e-10)
   G7 velDir=(-0.745436,0.000000,0.666577) w0=(-0.460541,0.000000,0.887638) w1=(-0.460541,0.000000,0.887638) w2=(-0.877056,0.000000,0.480389) w3=(-0.877056,0.000000,0.480389) steer=(255,0)
G6 l60=153.702 m18c=1 spd=43.5479 grip=6693.42 arm=lo kLo=0.795733 1-kLo=0.204267 ld4n=4 ld4avg=0.834854 le4avg=46.0359 avIn=(-0.000370515,-0.0221487,-0.000222114)
   G7 velDir=(0.872624,-0.053945,0.485404) w0=(-0.460541,0.000000,0.887638) w1=(-0.460541,0.000000,0.887638) w2=(-0.877056,0.000000,0.480389) w3=(-0.877056,0.000000,0.480389) steer=(255,0)
G6 l60=56.609 m18c=1 spd=19.0909 grip=1080.72 arm=lo kLo=0.967019 1-kLo=0.0329809 ld4n=4 ld4avg=0.58177 le4avg=24.3672 avIn=(-0.000108481,-0.0131459,-9.01024e-05)
   G7 velDir=(0.894120,-0.025112,0.447122) w0=(-0.461691,0.000000,0.887041) w1=(-0.461691,0.000000,0.887041) w2=(-0.877677,0.000000,0.479252) w3=(-0.877677,0.000000,0.479252) steer=(255,0)
G6 l60=14.6949 m18c=1 spd=8.31197 grip=122.144 arm=lo kLo=0.996272 1-kLo=0.00372756 ld4n=4 ld4avg=0.337005 le4avg=10.9022 avIn=(-4.0335e-06,-0.00599378,-3.70357e-06)
   G7 velDir=(0.396295,-0.001902,0.918122) w0=(-0.462194,0.000000,0.886779) w1=(-0.462194,0.000000,0.886779) w2=(-0.877949,0.000000,0.478753) w3=(-0.877949,0.000000,0.478753) steer=(255,0)
G6 l60=0.895709 m18c=1 spd=13.2436 grip=11.8624 arm=lo kLo=0.999638 1-kLo=0.000362039 ld4n=4 ld4avg=0.293808 le4avg=0.762204 avIn=(-1.48361e-08,-0.0309005,-1.31328e-08)
   G7 velDir=(-0.472213,-0.000004,0.881484) w0=(-0.461975,0.000000,0.886893) w1=(-0.461975,0.000000,0.886893) w2=(-0.877831,0.000000,0.478970) w3=(-0.877831,0.000000,0.478970) steer=(255,0)
G6 l60=12.9163 m18c=1 spd=23.1687 grip=299.254 arm=lo kLo=0.990867 1-kLo=0.0091325 ld4n=4 ld4avg=0.291414 le4avg=11.0807 avIn=(3.65835e-10,-0.0306261,8.71053e-10)
   G7 velDir=(-0.673251,0.000000,0.739414) w0=(-0.461626,0.000000,0.887075) w1=(-0.461626,0.000000,0.887075) w2=(-0.877642,0.000000,0.479316) w3=(-0.877642,0.000000,0.479316) steer=(255,0)
G6 l60=25.5882 m18c=1 spd=34.1844 grip=874.718 arm=lo kLo=0.973306 1-kLo=0.0266943 ld4n=4 ld4avg=0.292115 le4avg=21.8991 avIn=(5.0527e-10,-0.0301604,9.51114e-10)
   G7 velDir=(-0.741206,0.000000,0.671278) w0=(-0.461014,0.000000,0.887393) w1=(-0.461014,0.000000,0.887393) w2=(-0.877312,0.000000,0.479921) w3=(-0.877312,0.000000,0.479921) steer=(255,0)
G6 l60=38.9404 m18c=1 spd=45.9139 grip=1787.91 arm=lo kLo=0.945437 1-kLo=0.0545626 ld4n=4 ld4avg=0.292893 le4avg=33.238 avIn=(9.47685e-10,-0.0295135,1.21273e-09)
   G7 velDir=(-0.773012,0.000000,0.634391) w0=(-0.460111,0.000000,0.887861) w1=(-0.460111,0.000000,0.887861) w2=(-0.876823,0.000000,0.480813) w3=(-0.876823,0.000000,0.480813) steer=(255,0)
G6 l60=158.512 m18c=1 spd=44.2797 grip=7018.84 arm=lo kLo=0.785802 1-kLo=0.214198 ld4n=4 ld4avg=0.859169 le4avg=46.1401 avIn=(-0.00044188,-0.0233179,-0.000406858)
   G7 velDir=(0.852087,-0.066496,0.519159) w0=(-0.461324,0.000000,0.887232) w1=(-0.461324,0.000000,0.887232) w2=(-0.877479,0.000000,0.479615) w3=(-0.877479,0.000000,0.479615) steer=(255,0)
G6 l60=58.0778 m18c=1 spd=19.0754 grip=1107.86 arm=lo kLo=0.966191 1-kLo=0.0338091 ld4n=4 ld4avg=0.617422 le4avg=23.5635 avIn=(-0.000137341,-0.0136826,-0.000142875)
   G7 velDir=(0.862678,-0.033032,0.504674) w0=(-0.462492,0.000000,0.886624) w1=(-0.462492,0.000000,0.886624) w2=(-0.878110,0.000000,0.478459) w3=(-0.878110,0.000000,0.478459) steer=(255,0)
G6 l60=13.6168 m18c=1 spd=8.4634 grip=115.244 arm=lo kLo=0.996483 1-kLo=0.00351697 ld4n=4 ld4avg=0.345341 le4avg=9.85885 avIn=(-5.21463e-06,-0.00596815,-5.72797e-06)
   G7 velDir=(0.285145,-0.002516,0.958481) w0=(-0.462995,0.000000,0.886361) w1=(-0.462995,0.000000,0.886361) w2=(-0.878382,0.000000,0.477960) w3=(-0.878382,0.000000,0.477960) steer=(255,0)
G6 l60=2.05523 m18c=1 spd=14.1447 grip=29.0708 arm=lo kLo=0.999113 1-kLo=0.000887156 ld4n=4 ld4avg=0.292337 le4avg=1.75761 avIn=(-1.84305e-08,-0.0308977,-1.9881e-08)
   G7 velDir=(-0.506679,-0.000005,0.862135) w0=(-0.462772,0.000000,0.886477) w1=(-0.462772,0.000000,0.886477) w2=(-0.878261,0.000000,0.478181) w3=(-0.878261,0.000000,0.478181) steer=(255,0)
G6 l60=14.1331 m18c=1 spd=24.2183 grip=342.281 arm=lo kLo=0.989554 1-kLo=0.0104456 ld4n=4 ld4avg=0.291407 le4avg=12.1249 avIn=(3.5846e-10,-0.0305879,8.59772e-10)
   G7 velDir=(-0.683651,0.000000,0.729809) w0=(-0.462399,0.000000,0.886672) w1=(-0.462399,0.000000,0.886672) w2=(-0.878060,0.000000,0.478551) w3=(-0.878060,0.000000,0.478551) steer=(255,0)
G6 l60=26.8746 m18c=1 spd=35.312 grip=948.996 arm=lo kLo=0.971039 1-kLo=0.0289611 ld4n=4 ld4avg=0.292191 le4avg=22.9941 avIn=(5.26148e-10,-0.0300993,9.64902e-10)
   G7 velDir=(-0.746004,0.000000,0.665942) w0=(-0.461760,0.000000,0.887005) w1=(-0.461760,0.000000,0.887005) w2=(-0.877715,0.000000,0.479183) w3=(-0.877715,0.000000,0.479183) steer=(255,0)
G6 l60=40.2957 m18c=1 spd=47.1069 grip=1898.21 arm=lo kLo=0.942071 1-kLo=0.0579286 ld4n=4 ld4avg=0.29297 le4avg=34.3858 avIn=(1.03683e-09,-0.0294432,1.26934e-09)
   G7 velDir=(-0.775771,0.000000,0.631014) w0=(-0.460828,0.000000,0.887490) w1=(-0.460828,0.000000,0.887490) w2=(-0.877211,0.000000,0.480105) w3=(-0.877211,0.000000,0.480105) steer=(255,0)
G6 l60=158.937 m18c=1 spd=44.3317 grip=7045.94 arm=lo kLo=0.784975 1-kLo=0.215025 ld4n=4 ld4avg=0.861941 le4avg=46.1161 avIn=(-0.000450317,-0.0234371,-0.000419804)
   G7 velDir=(0.849825,-0.067837,0.522681) w0=(-0.460828,0.000000,0.887490) w1=(-0.460828,0.000000,0.887490) w2=(-0.877211,0.000000,0.480105) w3=(-0.877211,0.000000,0.480105) steer=(255,0)
G6 l60=58.1488 m18c=1 spd=19.049 grip=1107.68 arm=lo kLo=0.966196 1-kLo=0.0338037 ld4n=4 ld4avg=0.621515 le4avg=23.4378 avIn=(-0.000140518,-0.0137289,-0.000146954)
   G7 velDir=(0.858664,-0.033915,0.511416) w0=(-0.461998,0.000000,0.886881) w1=(-0.461998,0.000000,0.886881) w2=(-0.877843,0.000000,0.478948) w3=(-0.877843,0.000000,0.478948) steer=(255,0)
G6 l60=13.4485 m18c=1 spd=8.49157 grip=114.199 arm=lo kLo=0.996515 1-kLo=0.00348508 ld4n=4 ld4avg=0.346378 le4avg=9.70791 avIn=(-5.32998e-06,-0.00596431,-5.8745e-06)
   G7 velDir=(0.269708,-0.002571,0.962939) w0=(-0.462500,0.000000,0.886619) w1=(-0.462500,0.000000,0.886619) w2=(-0.878115,0.000000,0.478450) w3=(-0.878115,0.000000,0.478450) steer=(255,0)
G6 l60=2.22256 m18c=1 spd=14.2761 grip=31.7296 arm=lo kLo=0.999032 1-kLo=0.000968337 ld4n=4 ld4avg=0.292248 le4avg=1.90128 avIn=(-1.87091e-08,-0.0308985,-2.02712e-08)
   G7 velDir=(-0.510647,-0.000005,0.859791) w0=(-0.462276,0.000000,0.886736) w1=(-0.462276,0.000000,0.886736) w2=(-0.877994,0.000000,0.478672) w3=(-0.877994,0.000000,0.478672) steer=(255,0)
G6 l60=14.3091 m18c=1 spd=24.3696 grip=348.707 arm=lo kLo=0.989358 1-kLo=0.0106417 ld4n=4 ld4avg=0.291419 le4avg=12.2754 avIn=(3.58545e-10,-0.0305847,8.57383e-10)
   G7 velDir=(-0.684567,0.000000,0.728950) w0=(-0.461900,0.000000,0.886932) w1=(-0.461900,0.000000,0.886932) w2=(-0.877790,0.000000,0.479045) w3=(-0.877790,0.000000,0.479045) steer=(255,0)
G6 l60=27.0597 m18c=1 spd=35.4741 grip=959.917 arm=lo kLo=0.970706 1-kLo=0.0292943 ld4n=4 ld4avg=0.292202 le4avg=23.1516 avIn=(5.30711e-10,-0.0300928,9.6632e-10)
   G7 velDir=(-0.746210,0.000000,0.665711) w0=(-0.461257,0.000000,0.887267) w1=(-0.461257,0.000000,0.887267) w2=(-0.877443,0.000000,0.479681) w3=(-0.877443,0.000000,0.479681) steer=(255,0)
G6 l60=153.227 m18c=1 spd=43.4245 grip=6653.8 arm=lo kLo=0.796942 1-kLo=0.203058 ld4n=4 ld4avg=0.834467 le4avg=45.9148 avIn=(-0.000371668,-0.0220651,-0.000207247)
   G7 velDir=(0.872136,-0.054070,0.486268) w0=(-0.461257,0.000000,0.887267) w1=(-0.461257,0.000000,0.887267) w2=(-0.877443,0.000000,0.479681) w3=(-0.877443,0.000000,0.479681) steer=(255,0)
G6 l60=56.2679 m18c=1 spd=18.9963 grip=1068.88 arm=lo kLo=0.96738 1-kLo=0.0326197 ld4n=4 ld4avg=0.580381 le4avg=24.278 avIn=(-0.000107865,-0.0130674,-8.64462e-05)
   G7 velDir=(0.893334,-0.025075,0.448692) w0=(-0.462402,0.000000,0.886670) w1=(-0.462402,0.000000,0.886670) w2=(-0.878062,0.000000,0.478547) w3=(-0.878062,0.000000,0.478547) steer=(255,0)
G6 l60=14.584 m18c=1 spd=8.30831 grip=121.169 arm=lo kLo=0.996302 1-kLo=0.00369775 ld4n=4 ld4avg=0.336597 le4avg=10.833 avIn=(-3.96312e-06,-0.00597887,-3.53544e-06)
   G7 velDir=(0.388204,-0.001870,0.921571) w0=(-0.462903,0.000000,0.886409) w1=(-0.462903,0.000000,0.886409) w2=(-0.878332,0.000000,0.478051) w3=(-0.878332,0.000000,0.478051) steer=(255,0)
G6 l60=0.972251 m18c=1 spd=13.3027 grip=12.9335 arm=lo kLo=0.999605 1-kLo=0.000394702 ld4n=4 ld4avg=0.293595 le4avg=0.827929 avIn=(-1.44663e-08,-0.0308986,-1.24138e-08)
   G7 velDir=(-0.475321,-0.000004,0.879812) w0=(-0.462684,0.000000,0.886523) w1=(-0.462684,0.000000,0.886523) w2=(-0.878214,0.000000,0.478268) w3=(-0.878214,0.000000,0.478268) steer=(255,0)
G6 l60=12.9962 m18c=1 spd=23.2385 grip=302.012 arm=lo kLo=0.990783 1-kLo=0.00921667 ld4n=4 ld4avg=0.291396 le4avg=11.15 avIn=(3.64363e-10,-0.030621,8.71729e-10)
   G7 velDir=(-0.674520,0.000000,0.738256) w0=(-0.462334,0.000000,0.886706) w1=(-0.462334,0.000000,0.886706) w2=(-0.878025,0.000000,0.478616) w3=(-0.878025,0.000000,0.478616) steer=(255,0)
G6 l60=25.6738 m18c=1 spd=34.2597 grip=879.578 arm=lo kLo=0.973157 1-kLo=0.0268426 ld4n=4 ld4avg=0.29212 le4avg=21.972 avIn=(5.05131e-10,-0.0301538,9.52715e-10)
   G7 velDir=(-0.742032,0.000000,0.670364) w0=(-0.461720,0.000000,0.887026) w1=(-0.461720,0.000000,0.887026) w2=(-0.877693,0.000000,0.479223) w3=(-0.877693,0.000000,0.479223) steer=(255,0)
G6 l60=39.0309 m18c=1 spd=45.9939 grip=1795.19 arm=lo kLo=0.945215 1-kLo=0.0547847 ld4n=4 ld4avg=0.292898 le4avg=33.3147 avIn=(9.51644e-10,-0.0295062,1.21732e-09)
   G7 velDir=(-0.773670,0.000000,0.633589) w0=(-0.460816,0.000000,0.887496) w1=(-0.460816,0.000000,0.887496) w2=(-0.877205,0.000000,0.480117) w3=(-0.877205,0.000000,0.480117) steer=(255,0)
G6 l60=158.059 m18c=1 spd=44.1643 grip=6980.56 arm=lo kLo=0.78697 1-kLo=0.21303 ld4n=4 ld4avg=0.858815 le4avg=46.0274 avIn=(-0.000440718,-0.0232433,-0.000403155)
   G7 velDir=(0.851591,-0.066632,0.519955) w0=(-0.462030,0.000000,0.886864) w1=(-0.462030,0.000000,0.886864) w2=(-0.877861,0.000000,0.478916) w3=(-0.877861,0.000000,0.478916) steer=(255,0)
G6 l60=57.7452 m18c=1 spd=18.9865 grip=1096.38 arm=lo kLo=0.966541 1-kLo=0.0334588 ld4n=4 ld4avg=0.616024 le4avg=23.4814 avIn=(-0.000136097,-0.0136061,-0.000141171)
   G7 velDir=(0.861845,-0.032987,0.506097) w0=(-0.463195,0.000000,0.886256) w1=(-0.463195,0.000000,0.886256) w2=(-0.878489,0.000000,0.477762) w3=(-0.878489,0.000000,0.477762) steer=(255,0)
G6 l60=13.5159 m18c=1 spd=8.46585 grip=114.424 arm=lo kLo=0.996508 1-kLo=0.00349194 ld4n=4 ld4avg=0.344887 le4avg=9.79871 avIn=(-5.11187e-06,-0.00595407,-5.60189e-06)
   G7 velDir=(0.277818,-0.002474,0.960630) w0=(-0.463695,0.000000,0.885995) w1=(-0.463695,0.000000,0.885995) w2=(-0.878759,0.000000,0.477266) w3=(-0.878759,0.000000,0.477266) steer=(255,0)
G6 l60=2.12174 m18c=1 spd=14.1973 grip=30.1229 arm=lo kLo=0.999081 1-kLo=0.000919282 ld4n=4 ld4avg=0.292295 le4avg=1.81475 avIn=(-1.79464e-08,-0.0308943,-1.93034e-08)
   G7 velDir=(-0.509154,-0.000005,0.860676) w0=(-0.463472,0.000000,0.886111) w1=(-0.463472,0.000000,0.886111) w2=(-0.878639,0.000000,0.477487) w3=(-0.878639,0.000000,0.477487) steer=(255,0)
G6 l60=14.2036 m18c=1 spd=24.2793 grip=344.853 arm=lo kLo=0.989476 1-kLo=0.0105241 ld4n=4 ld4avg=0.291412 le4avg=12.1851 avIn=(3.57191e-10,-0.0305831,8.60484e-10)
   G7 velDir=(-0.684760,0.000000,0.728769) w0=(-0.463098,0.000000,0.886307) w1=(-0.463098,0.000000,0.886307) w2=(-0.878437,0.000000,0.477858) w3=(-0.878437,0.000000,0.477858) steer=(255,0)
G6 l60=26.9491 m18c=1 spd=35.3777 grip=953.399 arm=lo kLo=0.970905 1-kLo=0.0290954 ld4n=4 ld4avg=0.292195 le4avg=23.0575 avIn=(5.25975e-10,-0.0300931,9.66488e-10)
   G7 velDir=(-0.746763,0.000000,0.665091) w0=(-0.462458,0.000000,0.886641) w1=(-0.462458,0.000000,0.886641) w2=(-0.878092,0.000000,0.478493) w3=(-0.878092,0.000000,0.478493) steer=(255,0)
G6 l60=40.3746 m18c=1 spd=47.1767 grip=1904.74 arm=lo kLo=0.941872 1-kLo=0.0581279 ld4n=4 ld4avg=0.292975 le4avg=34.4526 avIn=(1.04099e-09,-0.0294365,1.27414e-09)
   G7 velDir=(-0.776393,0.000000,0.630249) w0=(-0.461524,0.000000,0.887128) w1=(-0.461524,0.000000,0.887128) w2=(-0.877587,0.000000,0.479417) w3=(-0.877587,0.000000,0.479417) steer=(255,0)
G6 l60=158.364 m18c=1 spd=44.2003 grip=6999.76 arm=lo kLo=0.786384 1-kLo=0.213616 ld4n=4 ld4avg=0.860857 le4avg=46.0079 avIn=(-0.000448957,-0.0233451,-0.000414113)
   G7 velDir=(0.849251,-0.067990,0.523594) w0=(-0.462769,0.000000,0.886479) w1=(-0.462769,0.000000,0.886479) w2=(-0.878259,0.000000,0.478185) w3=(-0.878259,0.000000,0.478185) steer=(255,0)
G6 l60=57.7898 m18c=1 spd=18.9648 grip=1095.97 arm=lo kLo=0.966554 1-kLo=0.0334464 ld4n=4 ld4avg=0.619009 le4avg=23.3869 avIn=(-0.000138988,-0.0136375,-0.000144793)
   G7 velDir=(0.858218,-0.033818,0.512171) w0=(-0.463934,0.000000,0.885870) w1=(-0.463934,0.000000,0.885870) w2=(-0.878887,0.000000,0.477029) w3=(-0.878887,0.000000,0.477029) steer=(255,0)
G6 l60=13.3893 m18c=1 spd=8.48732 grip=113.639 arm=lo kLo=0.996532 1-kLo=0.00346798 ld4n=4 ld4avg=0.345635 le4avg=9.68593 avIn=(-5.21434e-06,-0.00594661,-5.73286e-06)
   G7 velDir=(0.265018,-0.002527,0.964240) w0=(-0.464434,0.000000,0.885608) w1=(-0.464434,0.000000,0.885608) w2=(-0.879156,0.000000,0.476533) w3=(-0.879156,0.000000,0.476533) steer=(255,0)
G6 l60=2.24727 m18c=1 spd=14.2964 grip=32.1279 arm=lo kLo=0.99902 1-kLo=0.000980437 ld4n=4 ld4avg=0.292231 le4avg=1.92253 avIn=(-1.82144e-08,-0.0308905,-1.96717e-08)
   G7 velDir=(-0.513192,-0.000005,0.858274) w0=(-0.464210,0.000000,0.885725) w1=(-0.464210,0.000000,0.885725) w2=(-0.879036,0.000000,0.476755) w3=(-0.879036,0.000000,0.476755) steer=(255,0)
G6 l60=14.3361 m18c=1 spd=24.3938 grip=349.713 arm=lo kLo=0.989328 1-kLo=0.0106724 ld4n=4 ld4avg=0.291421 le4avg=12.2985 avIn=(3.54809e-10,-0.0305762,8.59687e-10)
   G7 velDir=(-0.686359,0.000000,0.727263) w0=(-0.463833,0.000000,0.885922) w1=(-0.463833,0.000000,0.885922) w2=(-0.878833,0.000000,0.477129) w3=(-0.878833,0.000000,0.477129) steer=(255,0)
G6 l60=27.0891 m18c=1 spd=35.5008 grip=961.687 arm=lo kLo=0.970652 1-kLo=0.0293484 ld4n=4 ld4avg=0.292204 le4avg=23.1767 avIn=(5.2695e-10,-0.0300838,9.68817e-10)
   G7 velDir=(-0.747751,0.000000,0.663979) w0=(-0.463190,0.000000,0.886259) w1=(-0.463190,0.000000,0.886259) w2=(-0.878487,0.000000,0.477767) w3=(-0.878487,0.000000,0.477767) steer=(255,0)
G6 l60=40.5224 m18c=1 spd=47.3071 grip=1917 arm=lo kLo=0.941498 1-kLo=0.0585021 ld4n=4 ld4avg=0.292983 le4avg=34.5778 avIn=(1.0503e-09,-0.0294263,1.28223e-09)
   G7 velDir=(-0.777146,0.000000,0.629320) w0=(-0.462254,0.000000,0.886748) w1=(-0.462254,0.000000,0.886748) w2=(-0.877982,0.000000,0.478694) w3=(-0.877982,0.000000,0.478694) steer=(255,0)
G6 l60=158.049 m18c=1 spd=44.1042 grip=6970.61 arm=lo kLo=0.787274 1-kLo=0.212726 ld4n=4 ld4avg=0.861308 le4avg=45.8923 avIn=(-0.000448074,-0.0232942,-0.00041342)
   G7 velDir=(0.848757,-0.068152,0.524373) w0=(-0.462254,0.000000,0.886748) w1=(-0.462254,0.000000,0.886748) w2=(-0.877982,0.000000,0.478694) w3=(-0.877982,0.000000,0.478694) steer=(255,0)
G6 l60=57.4902 m18c=1 spd=18.8725 grip=1084.99 arm=lo kLo=0.966889 1-kLo=0.0331112 ld4n=4 ld4avg=0.618826 le4avg=23.2725 avIn=(-0.000138064,-0.0135785,-0.000143776)
   G7 velDir=(0.856853,-0.033849,0.514448) w0=(-0.463417,0.000000,0.886140) w1=(-0.463417,0.000000,0.886140) w2=(-0.878609,0.000000,0.477542) w3=(-0.878609,0.000000,0.477542) steer=(255,0)
G6 l60=13.2457 m18c=1 spd=8.4993 grip=112.579 arm=lo kLo=0.996564 1-kLo=0.00343567 ld4n=4 ld4avg=0.345491 le4avg=9.58604 avIn=(-5.12562e-06,-0.0059364,-5.63004e-06)
   G7 velDir=(0.254854,-0.002488,0.966976) w0=(-0.463915,0.000000,0.885880) w1=(-0.463915,0.000000,0.885880) w2=(-0.878877,0.000000,0.477049) w3=(-0.878877,0.000000,0.477049) steer=(255,0)
G6 l60=2.35737 m18c=1 spd=14.383 grip=33.906 arm=lo kLo=0.998965 1-kLo=0.00103474 ld4n=4 ld4avg=0.292176 le4avg=2.0171 avIn=(-1.77528e-08,-0.0308916,-1.91516e-08)
   G7 velDir=(-0.515558,-0.000005,0.856855) w0=(-0.463691,0.000000,0.885997) w1=(-0.463691,0.000000,0.885997) w2=(-0.878756,0.000000,0.477271) w3=(-0.878756,0.000000,0.477271) steer=(255,0)
G6 l60=14.4519 m18c=1 spd=24.4933 grip=353.973 arm=lo kLo=0.989198 1-kLo=0.0108024 ld4n=4 ld4avg=0.291428 le4avg=12.3974 avIn=(3.56051e-10,-0.0305748,8.58866e-10)
   G7 velDir=(-0.686788,0.000000,0.726857) w0=(-0.463311,0.000000,0.886196) w1=(-0.463311,0.000000,0.886196) w2=(-0.878552,0.000000,0.477647) w3=(-0.878552,0.000000,0.477647) steer=(255,0)
G6 l60=27.2108 m18c=1 spd=35.6072 grip=968.9 arm=lo kLo=0.970432 1-kLo=0.0295685 ld4n=4 ld4avg=0.292211 le4avg=23.2801 avIn=(5.30432e-10,-0.0300803,9.69572e-10)
   G7 velDir=(-0.747737,0.000000,0.663995) w0=(-0.462665,0.000000,0.886533) w1=(-0.462665,0.000000,0.886533) w2=(-0.878204,0.000000,0.478287) w3=(-0.878204,0.000000,0.478287) steer=(255,0)
G6 l60=40.6502 m18c=1 spd=47.4193 grip=1927.61 arm=lo kLo=0.941174 1-kLo=0.0588259 ld4n=4 ld4avg=0.29299 le4avg=34.686 avIn=(1.06122e-09,-0.0294221,1.2872e-09)
   G7 velDir=(-0.776975,0.000000,0.629532) w0=(-0.461726,0.000000,0.887023) w1=(-0.461726,0.000000,0.887023) w2=(-0.877697,0.000000,0.479217) w3=(-0.877697,0.000000,0.479217) steer=(255,0)
G6 l60=158.391 m18c=1 spd=44.199 grip=7000.71 arm=lo kLo=0.786355 1-kLo=0.213645 ld4n=4 ld4avg=0.86123 le4avg=45.9959 avIn=(-0.000450508,-0.0233601,-0.000415981)
   G7 velDir=(0.848747,-0.068270,0.524373) w0=(-0.462977,0.000000,0.886370) w1=(-0.462977,0.000000,0.886370) w2=(-0.878372,0.000000,0.477978) w3=(-0.878372,0.000000,0.477978) steer=(255,0)
G6 l60=57.7742 m18c=1 spd=18.9542 grip=1095.06 arm=lo kLo=0.966581 1-kLo=0.0334187 ld4n=4 ld4avg=0.619493 le4avg=23.3625 avIn=(-0.000139469,-0.0136382,-0.00014538)
   G7 velDir=(0.857432,-0.033980,0.513474) w0=(-0.464142,0.000000,0.885761) w1=(-0.464142,0.000000,0.885761) w2=(-0.878999,0.000000,0.476823) w3=(-0.878999,0.000000,0.476823) steer=(255,0)
G6 l60=13.3572 m18c=1 spd=8.49193 grip=113.428 arm=lo kLo=0.996538 1-kLo=0.00346154 ld4n=4 ld4avg=0.34575 le4avg=9.65949 avIn=(-5.22706e-06,-0.00594409,-5.74933e-06)
   G7 velDir=(0.261967,-0.002534,0.965074) w0=(-0.464641,0.000000,0.885499) w1=(-0.464641,0.000000,0.885499) w2=(-0.879268,0.000000,0.476327) w3=(-0.879268,0.000000,0.476327) steer=(255,0)
G6 l60=2.27667 m18c=1 spd=14.3197 grip=32.6012 arm=lo kLo=0.999005 1-kLo=0.000994921 ld4n=4 ld4avg=0.292216 le4avg=1.94778 avIn=(-1.82322e-08,-0.0308895,-1.97018e-08)
   G7 velDir=(-0.514165,-0.000005,0.857692) w0=(-0.464418,0.000000,0.885616) w1=(-0.464418,0.000000,0.885616) w2=(-0.879148,0.000000,0.476549) w3=(-0.879148,0.000000,0.476549) steer=(255,0)
G6 l60=14.3672 m18c=1 spd=24.4207 grip=350.857 arm=lo kLo=0.989293 1-kLo=0.0107073 ld4n=4 ld4avg=0.291423 le4avg=12.3251 avIn=(3.5422e-10,-0.0305744,8.59588e-10)
   G7 velDir=(-0.686760,0.000000,0.726884) w0=(-0.464040,0.000000,0.885814) w1=(-0.464040,0.000000,0.885814) w2=(-0.878945,0.000000,0.476924) w3=(-0.878945,0.000000,0.476924) steer=(255,0)
G6 l60=27.122 m18c=1 spd=35.5297 grip=963.636 arm=lo kLo=0.970592 1-kLo=0.0294079 ld4n=4 ld4avg=0.292205 le4avg=23.2046 avIn=(5.27107e-10,-0.0300815,9.69406e-10)
   G7 velDir=(-0.748008,0.000000,0.663689) w0=(-0.463397,0.000000,0.886151) w1=(-0.463397,0.000000,0.886151) w2=(-0.878598,0.000000,0.477562) w3=(-0.878598,0.000000,0.477562) steer=(255,0)
G6 l60=40.5571 m18c=1 spd=47.3377 grip=1919.88 arm=lo kLo=0.94141 1-kLo=0.0585901 ld4n=4 ld4avg=0.292985 le4avg=34.6071 avIn=(1.05243e-09,-0.0294238,1.28421e-09)
   G7 velDir=(-0.777347,0.000000,0.629072) w0=(-0.462460,0.000000,0.886640) w1=(-0.462460,0.000000,0.886640) w2=(-0.878093,0.000000,0.478491) w3=(-0.878093,0.000000,0.478491) steer=(255,0)
G6 l60=157.803 m18c=1 spd=44.0554 grip=6952.08 arm=lo kLo=0.787839 1-kLo=0.212161 ld4n=4 ld4avg=0.860503 le4avg=45.8639 avIn=(-0.000447832,-0.023256,-0.000409856)
   G7 velDir=(0.848499,-0.068230,0.524781) w0=(-0.463708,0.000000,0.885988) w1=(-0.463708,0.000000,0.885988) w2=(-0.878766,0.000000,0.477254) w3=(-0.878766,0.000000,0.477254) steer=(255,0)
G6 l60=57.3702 m18c=1 spd=18.8513 grip=1081.5 arm=lo kLo=0.966995 1-kLo=0.0330049 ld4n=4 ld4avg=0.617367 le4avg=23.2785 avIn=(-0.000137519,-0.0135423,-0.000142769)
   G7 velDir=(0.856948,-0.033798,0.514293) w0=(-0.464869,0.000000,0.885380) w1=(-0.464869,0.000000,0.885380) w2=(-0.879390,0.000000,0.476101) w3=(-0.879390,0.000000,0.476101) steer=(255,0)
G6 l60=13.2562 m18c=1 spd=8.49304 grip=112.585 arm=lo kLo=0.996564 1-kLo=0.00343585 ld4n=4 ld4avg=0.345093 le4avg=9.60463 avIn=(-5.08838e-06,-0.00592857,-5.57861e-06)
   G7 velDir=(0.255120,-0.002475,0.966906) w0=(-0.465365,0.000000,0.885119) w1=(-0.465365,0.000000,0.885119) w2=(-0.879657,0.000000,0.475608) w3=(-0.879657,0.000000,0.475608) steer=(255,0)
G6 l60=2.33723 m18c=1 spd=14.3677 grip=33.5807 arm=lo kLo=0.998975 1-kLo=0.00102478 ld4n=4 ld4avg=0.292183 le4avg=1.99982 avIn=(-1.76209e-08,-0.0308859,-1.89656e-08)
   G7 velDir=(-0.516454,-0.000005,0.856315) w0=(-0.465142,0.000000,0.885236) w1=(-0.465142,0.000000,0.885236) w2=(-0.879537,0.000000,0.475830) w3=(-0.879537,0.000000,0.475830) steer=(255,0)
G6 l60=14.4314 m18c=1 spd=24.4763 grip=353.228 arm=lo kLo=0.98922 1-kLo=0.0107797 ld4n=4 ld4avg=0.291427 le4avg=12.38 avIn=(3.53132e-10,-0.0305696,8.60629e-10)
   G7 velDir=(-0.687829,0.000000,0.725873) w0=(-0.464763,0.000000,0.885435) w1=(-0.464763,0.000000,0.885435) w2=(-0.879334,0.000000,0.476206) w3=(-0.879334,0.000000,0.476206) steer=(255,0)
G6 l60=27.19 m18c=1 spd=35.5897 grip=967.681 arm=lo kLo=0.970469 1-kLo=0.0295313 ld4n=4 ld4avg=0.292209 le4avg=23.2625 avIn=(5.26781e-10,-0.0300754,9.70967e-10)
   G7 velDir=(-0.748760,0.000000,0.662841) w0=(-0.464118,0.000000,0.885773) w1=(-0.464118,0.000000,0.885773) w2=(-0.878987,0.000000,0.476847) w3=(-0.878987,0.000000,0.476847) steer=(255,0)
G6 l60=40.6291 m18c=1 spd=47.4014 grip=1925.87 arm=lo kLo=0.941227 1-kLo=0.058773 ld4n=4 ld4avg=0.292989 le4avg=34.6681 avIn=(1.0562e-09,-0.0294173,1.28889e-09)
   G7 velDir=(-0.777972,0.000000,0.628299) w0=(-0.463180,0.000000,0.886264) w1=(-0.463180,0.000000,0.886264) w2=(-0.878481,0.000000,0.477777) w3=(-0.878481,0.000000,0.477777) steer=(255,0)
G6 l60=157.447 m18c=1 spd=43.9515 grip=6920.05 arm=lo kLo=0.788817 1-kLo=0.211183 ld4n=4 ld4avg=0.860818 le4avg=45.7439 avIn=(-0.000446385,-0.0231958,-0.000408391)
   G7 velDir=(0.848117,-0.068318,0.525386) w0=(-0.463180,0.000000,0.886264) w1=(-0.463180,0.000000,0.886264) w2=(-0.878481,0.000000,0.477777) w3=(-0.878481,0.000000,0.477777) steer=(255,0)
G6 l60=57.0532 m18c=1 spd=18.7563 grip=1070.11 arm=lo kLo=0.967343 1-kLo=0.0326571 ld4n=4 ld4avg=0.616941 le4avg=23.1657 avIn=(-0.000136368,-0.0134783,-0.000141477)
   G7 velDir=(0.855736,-0.033777,0.516308) w0=(-0.464339,0.000000,0.885658) w1=(-0.464339,0.000000,0.885658) w2=(-0.879105,0.000000,0.476628) w3=(-0.879105,0.000000,0.476628) steer=(255,0)
G6 l60=13.1156 m18c=1 spd=8.50481 grip=111.545 arm=lo kLo=0.996596 1-kLo=0.00340408 ld4n=4 ld4avg=0.344889 le4avg=9.5084 avIn=(-4.9907e-06,-0.00591833,-5.46507e-06)
   G7 velDir=(0.245347,-0.002432,0.969432) w0=(-0.464833,0.000000,0.885399) w1=(-0.464833,0.000000,0.885399) w2=(-0.879371,0.000000,0.476137) w3=(-0.879371,0.000000,0.476137) steer=(255,0)
G6 l60=2.44324 m18c=1 spd=14.4512 grip=35.3078 arm=lo kLo=0.998922 1-kLo=0.00107753 ld4n=4 ld4avg=0.292134 le4avg=2.09087 avIn=(-1.71357e-08,-0.0308871,-1.84164e-08)
   G7 velDir=(-0.518668,-0.000005,0.854976) w0=(-0.464609,0.000000,0.885516) w1=(-0.464609,0.000000,0.885516) w2=(-0.879250,0.000000,0.476360) w3=(-0.879250,0.000000,0.476360) steer=(255,0)
G6 l60=14.5428 m18c=1 spd=24.5721 grip=357.347 arm=lo kLo=0.989095 1-kLo=0.0109054 ld4n=4 ld4avg=0.291434 le4avg=12.4752 avIn=(3.54506e-10,-0.0305684,8.59933e-10)
   G7 velDir=(-0.688209,0.000000,0.725512) w0=(-0.464228,0.000000,0.885716) w1=(-0.464228,0.000000,0.885716) w2=(-0.879046,0.000000,0.476738) w3=(-0.879046,0.000000,0.476738) steer=(255,0)
G6 l60=27.307 m18c=1 spd=35.6921 grip=974.645 arm=lo kLo=0.970256 1-kLo=0.0297438 ld4n=4 ld4avg=0.292216 le4avg=23.3621 avIn=(5.30225e-10,-0.0300722,9.71674e-10)
   G7 velDir=(-0.748720,0.000000,0.662887) w0=(-0.463580,0.000000,0.886055) w1=(-0.463580,0.000000,0.886055) w2=(-0.878697,0.000000,0.477380) w3=(-0.878697,0.000000,0.477380) steer=(255,0)
G6 l60=151.687 m18c=1 spd=43.0248 grip=6526.32 arm=lo kLo=0.800832 1-kLo=0.199168 ld4n=4 ld4avg=0.833211 le4avg=45.5223 avIn=(-0.00037768,-0.0218031,-0.000147174)
   G7 velDir=(0.870524,-0.054480,0.489101) w0=(-0.463580,0.000000,0.886055) w1=(-0.463580,0.000000,0.886055) w2=(-0.878697,0.000000,0.477380) w3=(-0.878697,0.000000,0.477380) steer=(255,0)
G6 l60=55.1727 m18c=1 spd=18.6914 grip=1031.26 arm=lo kLo=0.968529 1-kLo=0.0314715 ld4n=4 ld4avg=0.575907 le4avg=23.9893 avIn=(-0.000106325,-0.0128181,-7.25051e-05)
   G7 velDir=(0.890676,-0.024954,0.453954) w0=(-0.464714,0.000000,0.885461) w1=(-0.464714,0.000000,0.885461) w2=(-0.879307,0.000000,0.476255) w3=(-0.879307,0.000000,0.476255) steer=(255,0)
G6 l60=14.2266 m18c=1 spd=8.30099 grip=118.095 arm=lo kLo=0.996396 1-kLo=0.00360394 ld4n=4 ld4avg=0.335311 le4avg=10.608 avIn=(-3.75645e-06,-0.00593157,-2.94672e-06)
   G7 velDir=(0.361644,-0.001768,0.932315) w0=(-0.465206,0.000000,0.885202) w1=(-0.465206,0.000000,0.885202) w2=(-0.879572,0.000000,0.475766) w3=(-0.879572,0.000000,0.475766) steer=(255,0)
G6 l60=1.22143 m18c=1 spd=13.4956 grip=16.484 arm=lo kLo=0.999497 1-kLo=0.000503063 ld4n=4 ld4avg=0.293079 le4avg=1.04193 avIn=(-1.33803e-08,-0.0308906,-9.99764e-09)
   G7 velDir=(-0.485250,-0.000004,0.874376) w0=(-0.464988,0.000000,0.885317) w1=(-0.464988,0.000000,0.885317) w2=(-0.879454,0.000000,0.475983) w3=(-0.879454,0.000000,0.475983) steer=(255,0)
G6 l60=13.2567 m18c=1 spd=23.4657 grip=311.079 arm=lo kLo=0.990507 1-kLo=0.00949341 ld4n=4 ld4avg=0.291347 le4avg=11.3754 avIn=(3.59687e-10,-0.0306045,8.74279e-10)
   G7 velDir=(-0.678607,0.000000,0.734501) w0=(-0.464632,0.000000,0.885504) w1=(-0.464632,0.000000,0.885504) w2=(-0.879263,0.000000,0.476336) w3=(-0.879263,0.000000,0.476336) steer=(255,0)
G6 l60=25.9525 m18c=1 spd=34.505 grip=895.493 arm=lo kLo=0.972672 1-kLo=0.0273283 ld4n=4 ld4avg=0.292136 le4avg=22.2093 avIn=(5.04751e-10,-0.0301321,9.57969e-10)
   G7 velDir=(-0.744701,0.000000,0.667398) w0=(-0.464014,0.000000,0.885828) w1=(-0.464014,0.000000,0.885828) w2=(-0.878930,0.000000,0.476950) w3=(-0.878930,0.000000,0.476950) steer=(255,0)
G6 l60=39.3257 m18c=1 spd=46.2544 grip=1818.99 arm=lo kLo=0.944489 1-kLo=0.0555111 ld4n=4 ld4avg=0.292915 le4avg=33.5644 avIn=(9.64964e-10,-0.0294824,1.2326e-09)
   G7 velDir=(-0.775798,0.000000,0.630981) w0=(-0.463104,0.000000,0.886304) w1=(-0.463104,0.000000,0.886304) w2=(-0.878440,0.000000,0.477852) w3=(-0.878440,0.000000,0.477852) steer=(255,0)
G6 l60=156.593 m18c=1 spd=43.7902 grip=6857.22 arm=lo kLo=0.790734 1-kLo=0.209266 ld4n=4 ld4avg=0.857662 le4avg=45.662 avIn=(-0.000437263,-0.023002,-0.000389502)
   G7 velDir=(0.849963,-0.067074,0.522556) w0=(-0.464324,0.000000,0.885666) w1=(-0.464324,0.000000,0.885666) w2=(-0.879097,0.000000,0.476643) w3=(-0.879097,0.000000,0.476643) steer=(255,0)
G6 l60=56.6764 m18c=1 spd=18.7002 grip=1059.86 arm=lo kLo=0.967656 1-kLo=0.0323444 ld4n=4 ld4avg=0.611508 le4avg=23.216 avIn=(-0.000132185,-0.0133612,-0.000135381)
   G7 velDir=(0.859048,-0.032838,0.510841) w0=(-0.465477,0.000000,0.885060) w1=(-0.465477,0.000000,0.885060) w2=(-0.879717,0.000000,0.475497) w3=(-0.879717,0.000000,0.475497) steer=(255,0)
G6 l60=13.1912 m18c=1 spd=8.47737 grip=111.826 arm=lo kLo=0.996587 1-kLo=0.00341266 ld4n=4 ld4avg=0.343451 le4avg=9.60317 avIn=(-4.79317e-06,-0.0059093,-5.19798e-06)
   G7 velDir=(0.253935,-0.002342,0.967218) w0=(-0.465969,0.000000,0.884801) w1=(-0.465969,0.000000,0.884801) w2=(-0.879982,0.000000,0.475008) w3=(-0.879982,0.000000,0.475008) steer=(255,0)
G6 l60=2.33807 m18c=1 spd=14.3686 grip=33.5948 arm=lo kLo=0.998975 1-kLo=0.00102526 ld4n=4 ld4avg=0.292174 le4avg=2.0006 avIn=(-1.64676e-08,-0.0308832,-1.74967e-08)
   G7 velDir=(-0.517079,-0.000005,0.855938) w0=(-0.465746,0.000000,0.884918) w1=(-0.465746,0.000000,0.884918) w2=(-0.879862,0.000000,0.475230) w3=(-0.879862,0.000000,0.475230) steer=(255,0)
G6 l60=14.4327 m18c=1 spd=24.4777 grip=353.278 arm=lo kLo=0.989219 1-kLo=0.0107812 ld4n=4 ld4avg=0.291427 le4avg=12.381 avIn=(3.53195e-10,-0.0305671,8.62972e-10)
   G7 velDir=(-0.688334,0.000000,0.725393) w0=(-0.465368,0.000000,0.885117) w1=(-0.465368,0.000000,0.885117) w2=(-0.879659,0.000000,0.475606) w3=(-0.879659,0.000000,0.475606) steer=(255,0)
G6 l60=27.1916 m18c=1 spd=35.5914 grip=967.786 arm=lo kLo=0.970465 1-kLo=0.0295345 ld4n=4 ld4avg=0.292209 le4avg=23.2639 avIn=(5.25473e-10,-0.0300729,9.71684e-10)
   G7 velDir=(-0.749217,0.000000,0.662324) w0=(-0.464723,0.000000,0.885456) w1=(-0.464723,0.000000,0.885456) w2=(-0.879312,0.000000,0.476246) w3=(-0.879312,0.000000,0.476246) steer=(255,0)
G6 l60=40.6311 m18c=1 spd=47.4035 grip=1926.06 arm=lo kLo=0.941221 1-kLo=0.0587785 ld4n=4 ld4avg=0.292989 le4avg=34.6698 avIn=(1.05494e-09,-0.0294148,1.2901e-09)
   G7 velDir=(-0.778404,0.000000,0.627764) w0=(-0.463785,0.000000,0.885948) w1=(-0.463785,0.000000,0.885948) w2=(-0.878807,0.000000,0.477177) w3=(-0.878807,0.000000,0.477177) steer=(255,0)
G6 l60=157.013 m18c=1 spd=43.8433 grip=6883.96 arm=lo kLo=0.789918 1-kLo=0.210082 ld4n=4 ld4avg=0.860367 le4avg=45.6415 avIn=(-0.000444824,-0.0231217,-0.000404064)
   G7 velDir=(0.847794,-0.068361,0.525902) w0=(-0.463785,0.000000,0.885948) w1=(-0.463785,0.000000,0.885948) w2=(-0.878807,0.000000,0.477177) w3=(-0.878807,0.000000,0.477177) steer=(255,0)
G6 l60=56.748 m18c=1 spd=18.6768 grip=1059.87 arm=lo kLo=0.967655 1-kLo=0.0323446 ld4n=4 ld4avg=0.615472 le4avg=23.0965 avIn=(-0.000135056,-0.0134072,-0.000139649)
   G7 velDir=(0.855141,-0.033682,0.517300) w0=(-0.464940,0.000000,0.885342) w1=(-0.464940,0.000000,0.885342) w2=(-0.879429,0.000000,0.476030) w3=(-0.879429,0.000000,0.476030) steer=(255,0)
G6 l60=13.0319 m18c=1 spd=8.50787 grip=110.874 arm=lo kLo=0.996616 1-kLo=0.00338358 ld4n=4 ld4avg=0.344435 le4avg=9.46016 avIn=(-4.89383e-06,-0.00590627,-5.34437e-06)
   G7 velDir=(0.239383,-0.002391,0.970922) w0=(-0.465432,0.000000,0.885083) w1=(-0.465432,0.000000,0.885083) w2=(-0.879693,0.000000,0.475541) w3=(-0.879693,0.000000,0.475541) steer=(255,0)
G6 l60=2.49656 m18c=1 spd=14.4936 grip=36.1843 arm=lo kLo=0.998896 1-kLo=0.00110424 ld4n=4 ld4avg=0.292109 le4avg=2.13669 avIn=(-1.67063e-08,-0.0308841,-1.78959e-08)
   G7 velDir=(-0.520615,-0.000005,0.853792) w0=(-0.465208,0.000000,0.885201) w1=(-0.465208,0.000000,0.885201) w2=(-0.879573,0.000000,0.475764) w3=(-0.879573,0.000000,0.475764) steer=(255,0)
G6 l60=14.5993 m18c=1 spd=24.621 grip=359.45 arm=lo kLo=0.98903 1-kLo=0.0109696 ld4n=4 ld4avg=0.291438 le4avg=12.5235 avIn=(3.53571e-10,-0.0305642,8.60741e-10)
   G7 velDir=(-0.689113,0.000000,0.724654) w0=(-0.464827,0.000000,0.885402) w1=(-0.464827,0.000000,0.885402) w2=(-0.879368,0.000000,0.476143) w3=(-0.879368,0.000000,0.476143) steer=(255,0)
G6 l60=27.3669 m18c=1 spd=35.7448 grip=978.223 arm=lo kLo=0.970147 1-kLo=0.029853 ld4n=4 ld4avg=0.29222 le4avg=23.413 avIn=(5.30041e-10,-0.030067,9.7302e-10)
   G7 velDir=(-0.749350,0.000000,0.662174) w0=(-0.464178,0.000000,0.885742) w1=(-0.464178,0.000000,0.885742) w2=(-0.879019,0.000000,0.476787) w3=(-0.879019,0.000000,0.476787) steer=(255,0)
G6 l60=151.292 m18c=1 spd=42.9224 grip=6493.82 arm=lo kLo=0.801824 1-kLo=0.198176 ld4n=4 ld4avg=0.832878 le4avg=45.4218 avIn=(-0.000379861,-0.0217393,-0.00012826)
   G7 velDir=(0.870113,-0.054581,0.489821) w0=(-0.464178,0.000000,0.885742) w1=(-0.464178,0.000000,0.885742) w2=(-0.879019,0.000000,0.476787) w3=(-0.879019,0.000000,0.476787) steer=(255,0)
G6 l60=54.8946 m18c=1 spd=18.614 grip=1021.81 arm=lo kLo=0.968817 1-kLo=0.0311831 ld4n=4 ld4avg=0.574755 le4avg=23.916 avIn=(-0.000106052,-0.0127557,-6.83142e-05)
   G7 velDir=(0.889980,-0.024919,0.455318) w0=(-0.465309,0.000000,0.885149) w1=(-0.465309,0.000000,0.885149) w2=(-0.879627,0.000000,0.475665) w3=(-0.879627,0.000000,0.475665) steer=(255,0)
G6 l60=14.1361 m18c=1 spd=8.30017 grip=117.332 arm=lo kLo=0.996419 1-kLo=0.00358069 ld4n=4 ld4avg=0.334988 le4avg=10.5507 avIn=(-3.7088e-06,-0.00591973,-2.78263e-06)
   G7 velDir=(0.354822,-0.001742,0.934932) w0=(-0.465799,0.000000,0.884891) w1=(-0.465799,0.000000,0.884891) w2=(-0.879890,0.000000,0.475177) w3=(-0.879890,0.000000,0.475177) steer=(255,0)
G6 l60=1.28489 m18c=1 spd=13.5449 grip=17.4037 arm=lo kLo=0.999469 1-kLo=0.000531137 ld4n=4 ld4avg=0.292979 le4avg=1.09643 avIn=(-1.31293e-08,-0.0308882,-9.34982e-09)
   G7 velDir=(-0.487740,-0.000004,0.872989) w0=(-0.465580,0.000000,0.885006) w1=(-0.465580,0.000000,0.885006) w2=(-0.879773,0.000000,0.475395) w3=(-0.879773,0.000000,0.475395) steer=(255,0)
G6 l60=13.3239 m18c=1 spd=23.5237 grip=313.426 arm=lo kLo=0.990435 1-kLo=0.009565 ld4n=4 ld4avg=0.291351 le4avg=11.4328 avIn=(3.58508e-10,-0.0306002,8.75035e-10)
   G7 velDir=(-0.679643,0.000000,0.733543) w0=(-0.465223,0.000000,0.885193) w1=(-0.465223,0.000000,0.885193) w2=(-0.879581,0.000000,0.475749) w3=(-0.879581,0.000000,0.475749) steer=(255,0)
G6 l60=26.0236 m18c=1 spd=34.5675 grip=899.569 arm=lo kLo=0.972547 1-kLo=0.0274526 ld4n=4 ld4avg=0.29214 le4avg=22.2698 avIn=(5.04653e-10,-0.0301265,9.59325e-10)
   G7 velDir=(-0.745382,0.000000,0.666638) w0=(-0.464604,0.000000,0.885519) w1=(-0.464604,0.000000,0.885519) w2=(-0.879248,0.000000,0.476365) w3=(-0.879248,0.000000,0.476365) steer=(255,0)
G6 l60=39.4008 m18c=1 spd=46.3208 grip=1825.07 arm=lo kLo=0.944303 1-kLo=0.0556968 ld4n=4 ld4avg=0.292919 le4avg=33.628 avIn=(9.68453e-10,-0.0294762,1.23659e-09)
   G7 velDir=(-0.776342,0.000000,0.630312) w0=(-0.463693,0.000000,0.885996) w1=(-0.463693,0.000000,0.885996) w2=(-0.878758,0.000000,0.477269) w3=(-0.878758,0.000000,0.477269) steer=(255,0)
G6 l60=156.216 m18c=1 spd=43.694 grip=6825.69 arm=lo kLo=0.791696 1-kLo=0.208304 ld4n=4 ld4avg=0.857363 le4avg=45.5681 avIn=(-0.00043646,-0.0229399,-0.000385508)
   G7 velDir=(0.849541,-0.067187,0.523226) w0=(-0.464913,0.000000,0.885356) w1=(-0.464913,0.000000,0.885356) w2=(-0.879414,0.000000,0.476057) w3=(-0.879414,0.000000,0.476057) steer=(255,0)
G6 l60=56.4039 m18c=1 spd=18.6271 grip=1050.64 arm=lo kLo=0.967937 1-kLo=0.0320631 ld4n=4 ld4avg=0.610349 le4avg=23.148 avIn=(-0.000131209,-0.013299,-0.000133813)
   G7 velDir=(0.858307,-0.032799,0.512087) w0=(-0.466064,0.000000,0.884751) w1=(-0.466064,0.000000,0.884751) w2=(-0.880032,0.000000,0.474914) w3=(-0.880032,0.000000,0.474914) steer=(255,0)
G6 l60=13.1083 m18c=1 spd=8.48119 grip=111.174 arm=lo kLo=0.996607 1-kLo=0.00339276 ld4n=4 ld4avg=0.343091 le4avg=9.55285 avIn=(-4.7147e-06,-0.00589802,-5.09491e-06)
   G7 velDir=(0.247777,-0.002309,0.968814) w0=(-0.466554,0.000000,0.884493) w1=(-0.466554,0.000000,0.884493) w2=(-0.880296,0.000000,0.474426) w3=(-0.880296,0.000000,0.474426) steer=(255,0)
G6 l60=2.39375 m18c=1 spd=14.4128 grip=34.5007 arm=lo kLo=0.998947 1-kLo=0.00105286 ld4n=4 ld4avg=0.292146 le4avg=2.04844 avIn=(-1.61089e-08,-0.0308803,-1.70466e-08)
   G7 velDir=(-0.519090,-0.000005,0.854720) w0=(-0.466331,0.000000,0.884610) w1=(-0.466331,0.000000,0.884610) w2=(-0.880176,0.000000,0.474648) w3=(-0.880176,0.000000,0.474648) steer=(255,0)
G6 l60=14.4917 m18c=1 spd=24.5288 grip=355.462 arm=lo kLo=0.989152 1-kLo=0.0108479 ld4n=4 ld4avg=0.291431 le4avg=12.4315 avIn=(3.52194e-10,-0.0305629,8.63656e-10)
   G7 velDir=(-0.689247,0.000000,0.724526) w0=(-0.465952,0.000000,0.884810) w1=(-0.465952,0.000000,0.884810) w2=(-0.879972,0.000000,0.475025) w3=(-0.879972,0.000000,0.475025) steer=(255,0)
G6 l60=27.254 m18c=1 spd=35.6464 grip=971.507 arm=lo kLo=0.970352 1-kLo=0.0296481 ld4n=4 ld4avg=0.292213 le4avg=23.317 avIn=(5.25354e-10,-0.0300677,9.73029e-10)
   G7 velDir=(-0.749846,0.000000,0.661612) w0=(-0.465306,0.000000,0.885150) w1=(-0.465306,0.000000,0.885150) w2=(-0.879625,0.000000,0.475667) w3=(-0.879625,0.000000,0.475667) steer=(255,0)
G6 l60=40.6971 m18c=1 spd=47.4619 grip=1931.56 arm=lo kLo=0.941053 1-kLo=0.0589466 ld4n=4 ld4avg=0.292992 le4avg=34.7257 avIn=(1.05864e-09,-0.0294092,1.29429e-09)
   G7 velDir=(-0.778920,0.000000,0.627124) w0=(-0.464367,0.000000,0.885643) w1=(-0.464367,0.000000,0.885643) w2=(-0.879120,0.000000,0.476600) w3=(-0.879120,0.000000,0.476600) steer=(255,0)
G6 l60=156.517 m18c=1 spd=43.7312 grip=6844.66 arm=lo kLo=0.791118 1-kLo=0.208882 ld4n=4 ld4avg=0.859336 le4avg=45.552 avIn=(-0.000444064,-0.0230413,-0.000397047)
   G7 velDir=(0.847288,-0.068495,0.526699) w0=(-0.465617,0.000000,0.884986) w1=(-0.465617,0.000000,0.884986) w2=(-0.879792,0.000000,0.475358) w3=(-0.879792,0.000000,0.475358) steer=(255,0)
G6 l60=56.4507 m18c=1 spd=18.6084 grip=1050.46 arm=lo kLo=0.967943 1-kLo=0.0320573 ld4n=4 ld4avg=0.613215 le4avg=23.0596 avIn=(-0.000133858,-0.0133302,-0.000137425)
   G7 velDir=(0.854789,-0.033592,0.517887) w0=(-0.466768,0.000000,0.884380) w1=(-0.466768,0.000000,0.884380) w2=(-0.880410,0.000000,0.474213) w3=(-0.880410,0.000000,0.474213) steer=(255,0)
G6 l60=12.9902 m18c=1 spd=8.50405 grip=110.469 arm=lo kLo=0.996629 1-kLo=0.00337124 ld4n=4 ld4avg=0.343797 le4avg=9.44737 avIn=(-4.80552e-06,-0.0058912,-5.22031e-06)
   G7 velDir=(0.235782,-0.002356,0.971803) w0=(-0.467257,0.000000,0.884121) w1=(-0.467257,0.000000,0.884121) w2=(-0.880673,0.000000,0.473726) w3=(-0.880673,0.000000,0.473726) steer=(255,0)
G6 l60=2.51117 m18c=1 spd=14.506 grip=36.4269 arm=lo kLo=0.998888 1-kLo=0.00111169 ld4n=4 ld4avg=0.292099 le4avg=2.14925 avIn=(-1.63447e-08,-0.0308765,-1.74026e-08)
   G7 velDir=(-0.522764,-0.000005,0.852477) w0=(-0.467034,0.000000,0.884240) w1=(-0.467034,0.000000,0.884240) w2=(-0.880553,0.000000,0.473948) w3=(-0.880553,0.000000,0.473948) steer=(255,0)
G6 l60=14.6157 m18c=1 spd=24.636 grip=360.071 arm=lo kLo=0.989012 1-kLo=0.0109885 ld4n=4 ld4avg=0.291439 le4avg=12.5375 avIn=(3.50014e-10,-0.0305563,8.62971e-10)
   G7 velDir=(-0.690727,0.000000,0.723116) w0=(-0.466652,0.000000,0.884441) w1=(-0.466652,0.000000,0.884441) w2=(-0.880348,0.000000,0.474328) w3=(-0.880348,0.000000,0.474328) steer=(255,0)
G6 l60=27.385 m18c=1 spd=35.7616 grip=979.331 arm=lo kLo=0.970113 1-kLo=0.0298868 ld4n=4 ld4avg=0.292221 le4avg=23.4284 avIn=(5.26288e-10,-0.0300588,9.75262e-10)
   G7 velDir=(-0.750770,0.000000,0.660564) w0=(-0.466004,0.000000,0.884783) w1=(-0.466004,0.000000,0.884783) w2=(-0.880000,0.000000,0.474973) w3=(-0.880000,0.000000,0.474973) steer=(255,0)
G6 l60=40.8354 m18c=1 spd=47.584 grip=1943.11 arm=lo kLo=0.940701 1-kLo=0.0592991 ld4n=4 ld4avg=0.293 le4avg=34.8428 avIn=(1.06774e-09,-0.0293995,1.30222e-09)
   G7 velDir=(-0.779628,0.000000,0.626243) w0=(-0.465062,0.000000,0.885278) w1=(-0.465062,0.000000,0.885278) w2=(-0.879494,0.000000,0.475909) w3=(-0.879494,0.000000,0.475909) steer=(255,0)
G6 l60=156.221 m18c=1 spd=43.6404 grip=6817.57 arm=lo kLo=0.791944 1-kLo=0.208056 ld4n=4 ld4avg=0.859798 le4avg=45.4418 avIn=(-0.00044313,-0.0229946,-0.000396776)
   G7 velDir=(0.846818,-0.068645,0.527434) w0=(-0.465062,0.000000,0.885278) w1=(-0.465062,0.000000,0.885278) w2=(-0.879494,0.000000,0.475909) w3=(-0.879494,0.000000,0.475909) steer=(255,0)
G6 l60=56.1703 m18c=1 spd=18.5214 grip=1040.35 arm=lo kLo=0.968251 1-kLo=0.0317491 ld4n=4 ld4avg=0.613088 le4avg=22.9497 avIn=(-0.000132989,-0.0132763,-0.000136565)
   G7 velDir=(0.853416,-0.033621,0.520145) w0=(-0.466211,0.000000,0.884674) w1=(-0.466211,0.000000,0.884674) w2=(-0.880112,0.000000,0.474767) w3=(-0.880112,0.000000,0.474767) steer=(255,0)
G6 l60=12.8533 m18c=1 spd=8.51853 grip=109.491 arm=lo kLo=0.996659 1-kLo=0.00334138 ld4n=4 ld4avg=0.343686 le4avg=9.35079 avIn=(-4.72659e-06,-0.00588228,-5.13224e-06)
   G7 velDir=(0.226020,-0.002320,0.974120) w0=(-0.466698,0.000000,0.884417) w1=(-0.466698,0.000000,0.884417) w2=(-0.880373,0.000000,0.474282) w3=(-0.880373,0.000000,0.474282) steer=(255,0)
G6 l60=2.61762 m18c=1 spd=14.59 grip=38.1911 arm=lo kLo=0.998834 1-kLo=0.00116551 ld4n=4 ld4avg=0.292058 le4avg=2.24069 avIn=(-1.59465e-08,-0.0308777,-1.69672e-08)
   G7 velDir=(-0.524901,-0.000005,0.851163) w0=(-0.466474,0.000000,0.884535) w1=(-0.466474,0.000000,0.884535) w2=(-0.880253,0.000000,0.474505) w3=(-0.880253,0.000000,0.474505) steer=(255,0)
G6 l60=14.7275 m18c=1 spd=24.7322 grip=364.243 arm=lo kLo=0.988884 1-kLo=0.0111158 ld4n=4 ld4avg=0.291447 le4avg=12.6331 avIn=(3.51454e-10,-0.0305552,8.6224e-10)
   G7 velDir=(-0.691076,0.000000,0.722782) w0=(-0.466090,0.000000,0.884737) w1=(-0.466090,0.000000,0.884737) w2=(-0.880047,0.000000,0.474887) w3=(-0.880047,0.000000,0.474887) steer=(255,0)
G6 l60=27.5025 m18c=1 spd=35.8644 grip=986.362 arm=lo kLo=0.969899 1-kLo=0.0301014 ld4n=4 ld4avg=0.292228 le4avg=23.5284 avIn=(5.29843e-10,-0.0300556,9.75975e-10)
   G7 velDir=(-0.750707,0.000000,0.660635) w0=(-0.465439,0.000000,0.885080) w1=(-0.465439,0.000000,0.885080) w2=(-0.879697,0.000000,0.475535) w3=(-0.879697,0.000000,0.475535) steer=(255,0)
G6 l60=150.461 m18c=1 spd=42.7063 grip=6425.61 arm=lo kLo=0.803906 1-kLo=0.196094 ld4n=4 ld4avg=0.832195 le4avg=45.2094 avIn=(-0.000385398,-0.0216128,-8.39594e-05)
   G7 velDir=(0.869220,-0.054806,0.491378) w0=(-0.465439,0.000000,0.885080) w1=(-0.465439,0.000000,0.885080) w2=(-0.879697,0.000000,0.475535) w3=(-0.879697,0.000000,0.475535) steer=(255,0)
G6 l60=54.3107 m18c=1 spd=18.4508 grip=1002.08 arm=lo kLo=0.969419 1-kLo=0.0305809 ld4n=4 ld4avg=0.572355 le4avg=23.7603 avIn=(-0.000105658,-0.0126265,-5.87477e-05)
   G7 velDir=(0.888448,-0.024852,0.458304) w0=(-0.466563,0.000000,0.884488) w1=(-0.466563,0.000000,0.884488) w2=(-0.880300,0.000000,0.474417) w3=(-0.880300,0.000000,0.474417) steer=(255,0)
G6 l60=13.9445 m18c=1 spd=8.30003 grip=115.74 arm=lo kLo=0.996468 1-kLo=0.00353211 ld4n=4 ld4avg=0.334323 le4avg=10.4284 avIn=(-3.61554e-06,-0.00589502,-2.42325e-06)
   G7 velDir=(0.340210,-0.001689,0.940348) w0=(-0.467049,0.000000,0.884232) w1=(-0.467049,0.000000,0.884232) w2=(-0.880561,0.000000,0.473933) w3=(-0.880561,0.000000,0.473933) steer=(255,0)
G6 l60=1.4204 m18c=1 spd=13.6504 grip=19.3891 arm=lo kLo=0.999408 1-kLo=0.000591695 ld4n=4 ld4avg=0.292794 le4avg=1.21283 avIn=(-1.26334e-08,-0.0308829,-7.96162e-09)
   G7 velDir=(-0.492983,-0.000004,0.870039) w0=(-0.466830,0.000000,0.884347) w1=(-0.466830,0.000000,0.884347) w2=(-0.880444,0.000000,0.474151) w3=(-0.880444,0.000000,0.474151) steer=(255,0)
G6 l60=13.4672 m18c=1 spd=23.6474 grip=318.465 arm=lo kLo=0.990281 1-kLo=0.00971878 ld4n=4 ld4avg=0.291361 le4avg=11.5554 avIn=(3.56046e-10,-0.030591,8.76759e-10)
   G7 velDir=(-0.681830,0.000000,0.731510) w0=(-0.466471,0.000000,0.884536) w1=(-0.466471,0.000000,0.884536) w2=(-0.880251,0.000000,0.474508) w3=(-0.880251,0.000000,0.474508) steer=(255,0)
G6 l60=26.1752 m18c=1 spd=34.7009 grip=908.304 arm=lo kLo=0.972281 1-kLo=0.0277192 ld4n=4 ld4avg=0.292149 le4avg=22.3989 avIn=(5.045e-10,-0.0301147,9.62221e-10)
   G7 velDir=(-0.746819,0.000000,0.665028) w0=(-0.465849,0.000000,0.884864) w1=(-0.465849,0.000000,0.884864) w2=(-0.879917,0.000000,0.475127) w3=(-0.879917,0.000000,0.475127) steer=(255,0)
G6 l60=39.5611 m18c=1 spd=46.4625 grip=1838.11 arm=lo kLo=0.943905 1-kLo=0.0560945 ld4n=4 ld4avg=0.292928 le4avg=33.7638 avIn=(9.76084e-10,-0.0294632,1.2452e-09)
   G7 velDir=(-0.777491,0.000000,0.628894) w0=(-0.464935,0.000000,0.885345) w1=(-0.464935,0.000000,0.885345) w2=(-0.879426,0.000000,0.476036) w3=(-0.879426,0.000000,0.476036) steer=(255,0)
G6 l60=155.423 m18c=1 spd=43.4915 grip=6759.58 arm=lo kLo=0.793714 1-kLo=0.206286 ld4n=4 ld4avg=0.856733 le4avg=45.3703 avIn=(-0.000434931,-0.0228095,-0.000376344)
   G7 velDir=(0.848643,-0.067428,0.524650) w0=(-0.466158,0.000000,0.884701) w1=(-0.466158,0.000000,0.884701) w2=(-0.880083,0.000000,0.474820) w3=(-0.880083,0.000000,0.474820) steer=(255,0)
G6 l60=55.8333 m18c=1 spd=18.4739 grip=1031.46 arm=lo kLo=0.968522 1-kLo=0.0314776 ld4n=4 ld4avg=0.607915 le4avg=23.0051 avIn=(-0.000129205,-0.0131689,-0.00013039)
   G7 velDir=(0.856708,-0.032716,0.514764) w0=(-0.467303,0.000000,0.884097) w1=(-0.467303,0.000000,0.884097) w2=(-0.880697,0.000000,0.473680) w3=(-0.880697,0.000000,0.473680) steer=(255,0)
G6 l60=12.9344 m18c=1 spd=8.49043 grip=109.819 arm=lo kLo=0.996649 1-kLo=0.00335139 ld4n=4 ld4avg=0.342347 le4avg=9.4466 avIn=(-4.55428e-06,-0.00587452,-4.87856e-06)
   G7 velDir=(0.234764,-0.002240,0.972050) w0=(-0.467788,0.000000,0.883841) w1=(-0.467788,0.000000,0.883841) w2=(-0.880957,0.000000,0.473196) w3=(-0.880957,0.000000,0.473196) steer=(255,0)
G6 l60=2.51137 m18c=1 spd=14.5063 grip=36.4307 arm=lo kLo=0.998888 1-kLo=0.00111181 ld4n=4 ld4avg=0.292092 le4avg=2.14948 avIn=(-1.53817e-08,-0.0308741,-1.61162e-08)
   G7 velDir=(-0.523298,-0.000004,0.852150) w0=(-0.467565,0.000000,0.883959) w1=(-0.467565,0.000000,0.883959) w2=(-0.880838,0.000000,0.473419) w3=(-0.880838,0.000000,0.473419) steer=(255,0)
G6 l60=14.6162 m18c=1 spd=24.6367 grip=360.096 arm=lo kLo=0.989011 1-kLo=0.0109892 ld4n=4 ld4avg=0.291439 le4avg=12.538 avIn=(3.5011e-10,-0.0305542,8.65154e-10)
   G7 velDir=(-0.691166,0.000000,0.722696) w0=(-0.467184,0.000000,0.884160) w1=(-0.467184,0.000000,0.884160) w2=(-0.880633,0.000000,0.473799) w3=(-0.880633,0.000000,0.473799) steer=(255,0)
G6 l60=27.3859 m18c=1 spd=35.7626 grip=979.389 arm=lo kLo=0.970111 1-kLo=0.0298886 ld4n=4 ld4avg=0.292221 le4avg=23.4292 avIn=(5.25124e-10,-0.0300566,9.75885e-10)
   G7 velDir=(-0.751169,0.000000,0.660110) w0=(-0.466536,0.000000,0.884503) w1=(-0.466536,0.000000,0.884503) w2=(-0.880286,0.000000,0.474444) w3=(-0.880286,0.000000,0.474444) steer=(255,0)
G6 l60=40.8366 m18c=1 spd=47.5852 grip=1943.22 arm=lo kLo=0.940698 1-kLo=0.0593024 ld4n=4 ld4avg=0.293 le4avg=34.8439 avIn=(1.06659e-09,-0.0293973,1.30326e-09)
   G7 velDir=(-0.780006,0.000000,0.625772) w0=(-0.465594,0.000000,0.884998) w1=(-0.465594,0.000000,0.884998) w2=(-0.879780,0.000000,0.475381) w3=(-0.879780,0.000000,0.475381) steer=(255,0)
G6 l60=155.722 m18c=1 spd=43.5291 grip=6778.42 arm=lo kLo=0.793139 1-kLo=0.206861 ld4n=4 ld4avg=0.858676 le4avg=45.3556 avIn=(-0.000442237,-0.0229106,-0.000388265)
   G7 velDir=(0.846428,-0.068713,0.528051) w0=(-0.466847,0.000000,0.884338) w1=(-0.466847,0.000000,0.884338) w2=(-0.880452,0.000000,0.474135) w3=(-0.880452,0.000000,0.474135) steer=(255,0)
G6 l60=55.8808 m18c=1 spd=18.4563 grip=1031.35 arm=lo kLo=0.968526 1-kLo=0.0314744 ld4n=4 ld4avg=0.61073 le4avg=22.9191 avIn=(-0.000131748,-0.0132,-0.000134022)
   G7 velDir=(0.853239,-0.033493,0.520444) w0=(-0.467991,0.000000,0.883733) w1=(-0.467991,0.000000,0.883733) w2=(-0.881066,0.000000,0.472994) w3=(-0.881066,0.000000,0.472994) steer=(255,0)
G6 l60=12.8199 m18c=1 spd=8.51378 grip=109.146 arm=lo kLo=0.996669 1-kLo=0.00333089 ld4n=4 ld4avg=0.343035 le4avg=9.34418 avIn=(-4.64022e-06,-0.00586796,-5.00236e-06)
   G7 velDir=(0.223119,-0.002285,0.974789) w0=(-0.468477,0.000000,0.883476) w1=(-0.468477,0.000000,0.883476) w2=(-0.881325,0.000000,0.472510) w3=(-0.881325,0.000000,0.472510) steer=(255,0)
G6 l60=2.62537 m18c=1 spd=14.5969 grip=38.3223 arm=lo kLo=0.99883 1-kLo=0.0011695 ld4n=4 ld4avg=0.292051 le4avg=2.24736 avIn=(-1.5604e-08,-0.0308703,-1.64693e-08)
   G7 velDir=(-0.526823,-0.000004,0.849975) w0=(-0.468253,0.000000,0.883595) w1=(-0.468253,0.000000,0.883595) w2=(-0.881205,0.000000,0.472733) w3=(-0.881205,0.000000,0.472733) steer=(255,0)
G6 l60=14.7366 m18c=1 spd=24.7408 grip=364.597 arm=lo kLo=0.988873 1-kLo=0.0111266 ld4n=4 ld4avg=0.291447 le4avg=12.6409 avIn=(3.48019e-10,-0.0305477,8.64513e-10)
   G7 velDir=(-0.692595,0.000000,0.721326) w0=(-0.467869,0.000000,0.883798) w1=(-0.467869,0.000000,0.883798) w2=(-0.881000,0.000000,0.473116) w3=(-0.881000,0.000000,0.473116) steer=(255,0)
G6 l60=27.513 m18c=1 spd=35.8744 grip=987.015 arm=lo kLo=0.969879 1-kLo=0.0301213 ld4n=4 ld4avg=0.292228 le4avg=23.5374 avIn=(5.26042e-10,-0.0300479,9.78077e-10)
   G7 velDir=(-0.752066,0.000000,0.659088) w0=(-0.467218,0.000000,0.884142) w1=(-0.467218,0.000000,0.884142) w2=(-0.880652,0.000000,0.473764) w3=(-0.880652,0.000000,0.473764) steer=(255,0)
G6 l60=40.9709 m18c=1 spd=47.7038 grip=1954.47 arm=lo kLo=0.940354 1-kLo=0.0596456 ld4n=4 ld4avg=0.293008 le4avg=34.9576 avIn=(1.07561e-09,-0.0293879,1.31112e-09)
   G7 velDir=(-0.780695,0.000000,0.624912) w0=(-0.466274,0.000000,0.884640) w1=(-0.466274,0.000000,0.884640) w2=(-0.880146,0.000000,0.474704) w3=(-0.880146,0.000000,0.474704) steer=(255,0)
G6 l60=155.435 m18c=1 spd=43.4406 grip=6752.18 arm=lo kLo=0.79394 1-kLo=0.20606 ld4n=4 ld4avg=0.859143 le4avg=45.2476 avIn=(-0.000441267,-0.0228657,-0.000388243)
   G7 velDir=(0.845969,-0.068859,0.528767) w0=(-0.466275,0.000000,0.884640) w1=(-0.466275,0.000000,0.884640) w2=(-0.880146,0.000000,0.474704) w3=(-0.880146,0.000000,0.474704) steer=(255,0)
G6 l60=55.6084 m18c=1 spd=18.3715 grip=1021.61 arm=lo kLo=0.968823 1-kLo=0.0311772 ld4n=4 ld4avg=0.610626 le4avg=22.8112 avIn=(-0.000130899,-0.0131482,-0.000133242)
   G7 velDir=(0.851861,-0.033520,0.522694) w0=(-0.467417,0.000000,0.884037) w1=(-0.467417,0.000000,0.884037) w2=(-0.880758,0.000000,0.473566) w3=(-0.880758,0.000000,0.473566) steer=(255,0)
G6 l60=12.6857 m18c=1 spd=8.52927 grip=108.2 arm=lo kLo=0.996698 1-kLo=0.00330198 ld4n=4 ld4avg=0.342936 le4avg=9.249 avIn=(-4.56509e-06,-0.00585958,-4.92068e-06)
   G7 velDir=(0.213535,-0.002250,0.976933) w0=(-0.467900,0.000000,0.883781) w1=(-0.467900,0.000000,0.883781) w2=(-0.881017,0.000000,0.473085) w3=(-0.881017,0.000000,0.473085) steer=(255,0)
G6 l60=2.73028 m18c=1 spd=14.6799 grip=40.0803 arm=lo kLo=0.998777 1-kLo=0.00122315 ld4n=4 ld4avg=0.292014 le4avg=2.33747 avIn=(-1.52299e-08,-0.0308715,-1.60684e-08)
   G7 velDir=(-0.528865,-0.000004,0.848706) w0=(-0.467676,0.000000,0.883900) w1=(-0.467676,0.000000,0.883900) w2=(-0.880897,0.000000,0.473308) w3=(-0.880897,0.000000,0.473308) steer=(255,0)
G6 l60=14.8469 m18c=1 spd=24.8356 grip=368.732 arm=lo kLo=0.988747 1-kLo=0.0112528 ld4n=4 ld4avg=0.291454 le4avg=12.7352 avIn=(3.49535e-10,-0.0305467,8.63811e-10)
   G7 velDir=(-0.692911,0.000000,0.721023) w0=(-0.467290,0.000000,0.884104) w1=(-0.467290,0.000000,0.884104) w2=(-0.880690,0.000000,0.473693) w3=(-0.880690,0.000000,0.473693) steer=(255,0)
G6 l60=27.6289 m18c=1 spd=35.9757 grip=993.97 arm=lo kLo=0.969666 1-kLo=0.0303335 ld4n=4 ld4avg=0.292235 le4avg=23.6359 avIn=(5.29629e-10,-0.0300449,9.78772e-10)
   G7 velDir=(-0.751983,0.000000,0.659183) w0=(-0.466637,0.000000,0.884449) w1=(-0.466637,0.000000,0.884449) w2=(-0.880340,0.000000,0.474344) w3=(-0.880340,0.000000,0.474344) steer=(255,0)
G6 l60=149.673 m18c=1 spd=42.5016 grip=6361.33 arm=lo kLo=0.805868 1-kLo=0.194132 ld4n=4 ld4avg=0.831539 le4avg=45.0082 avIn=(-0.000391678,-0.0215061,-3.67587e-05)
   G7 velDir=(0.868370,-0.055016,0.492856) w0=(-0.466637,0.000000,0.884449) w1=(-0.466637,0.000000,0.884449) w2=(-0.880340,0.000000,0.474344) w3=(-0.880340,0.000000,0.474344) steer=(255,0)
G6 l60=53.7618 m18c=1 spd=18.2972 grip=983.69 arm=lo kLo=0.96998 1-kLo=0.0300198 ld4n=4 ld4avg=0.570083 le4avg=23.6135 avIn=(-0.000105473,-0.0125078,-4.88456e-05)
   G7 velDir=(0.886958,-0.024786,0.461185) w0=(-0.467755,0.000000,0.883858) w1=(-0.467755,0.000000,0.883858) w2=(-0.880939,0.000000,0.473230) w3=(-0.880939,0.000000,0.473230) steer=(255,0)
G6 l60=13.7643 m18c=1 spd=8.30171 grip=114.267 arm=lo kLo=0.996513 1-kLo=0.00348717 ld4n=4 ld4avg=0.333706 le4avg=10.3126 avIn=(-3.53478e-06,-0.00587206,-2.0695e-06)
   G7 velDir=(0.326305,-0.001639,0.945263) w0=(-0.468236,0.000000,0.883604) w1=(-0.468236,0.000000,0.883604) w2=(-0.881196,0.000000,0.472751) w3=(-0.881196,0.000000,0.472751) steer=(255,0)
G6 l60=1.54869 m18c=1 spd=13.7506 grip=21.2953 arm=lo kLo=0.99935 1-kLo=0.000649869 ld4n=4 ld4avg=0.292649 le4avg=1.32302 avIn=(-1.22009e-08,-0.0308775,-6.63276e-09)
   G7 velDir=(-0.497877,-0.000003,0.867248) w0=(-0.468017,0.000000,0.883719) w1=(-0.468017,0.000000,0.883719) w2=(-0.881080,0.000000,0.472968) w3=(-0.881080,0.000000,0.472968) steer=(255,0)
G6 l60=13.6029 m18c=1 spd=23.7646 grip=323.268 arm=lo kLo=0.990135 1-kLo=0.00986534 ld4n=4 ld4avg=0.291371 le4avg=11.6715 avIn=(3.53737e-10,-0.0305823,8.78558e-10)
   G7 velDir=(-0.683887,0.000000,0.729587) w0=(-0.467656,0.000000,0.883911) w1=(-0.467656,0.000000,0.883911) w2=(-0.880886,0.000000,0.473329) w3=(-0.880886,0.000000,0.473329) steer=(255,0)
G6 l60=26.3188 m18c=1 spd=34.8273 grip=916.611 arm=lo kLo=0.972027 1-kLo=0.0279728 ld4n=4 ld4avg=0.292157 le4avg=22.5211 avIn=(5.0437e-10,-0.0301033,9.64987e-10)
   G7 velDir=(-0.748175,0.000000,0.663501) w0=(-0.467031,0.000000,0.884241) w1=(-0.467031,0.000000,0.884241) w2=(-0.880551,0.000000,0.473951) w3=(-0.880551,0.000000,0.473951) steer=(255,0)
G6 l60=39.7129 m18c=1 spd=46.5966 grip=1850.49 arm=lo kLo=0.943528 1-kLo=0.0564724 ld4n=4 ld4avg=0.292936 le4avg=33.8924 avIn=(9.83492e-10,-0.0294508,1.25351e-09)
   G7 velDir=(-0.778578,0.000000,0.627548) w0=(-0.466114,0.000000,0.884724) w1=(-0.466114,0.000000,0.884724) w2=(-0.880060,0.000000,0.474863) w3=(-0.880060,0.000000,0.474863) steer=(255,0)
G6 l60=154.671 m18c=1 spd=43.2994 grip=6697.16 arm=lo kLo=0.795619 1-kLo=0.204381 ld4n=4 ld4avg=0.856133 le4avg=45.1827 avIn=(-0.000433691,-0.0226858,-0.000366537)
   G7 velDir=(0.847784,-0.067656,0.526008) w0=(-0.467340,0.000000,0.884078) w1=(-0.467340,0.000000,0.884078) w2=(-0.880717,0.000000,0.473643) w3=(-0.880717,0.000000,0.473643) steer=(255,0)
G6 l60=55.2957 m18c=1 spd=18.3293 grip=1013.53 arm=lo kLo=0.969069 1-kLo=0.0309306 ld4n=4 ld4avg=0.605611 le4avg=22.8697 avIn=(-0.000127366,-0.0130468,-0.000126957)
   G7 velDir=(0.855148,-0.032635,0.517355) w0=(-0.468479,0.000000,0.883475) w1=(-0.468479,0.000000,0.883475) w2=(-0.881326,0.000000,0.472508) w3=(-0.881326,0.000000,0.472508) steer=(255,0)
G6 l60=12.7703 m18c=1 spd=8.50066 grip=108.556 arm=lo kLo=0.996687 1-kLo=0.00331289 ld4n=4 ld4avg=0.341655 le4avg=9.34559 avIn=(-4.4079e-06,-0.00585258,-4.67322e-06)
   G7 velDir=(0.222388,-0.002176,0.974956) w0=(-0.468960,0.000000,0.883219) w1=(-0.468960,0.000000,0.883219) w2=(-0.881584,0.000000,0.472027) w3=(-0.881584,0.000000,0.472027) steer=(255,0)
G6 l60=2.6232 m18c=1 spd=14.5954 grip=38.2866 arm=lo kLo=0.998832 1-kLo=0.00116843 ld4n=4 ld4avg=0.292046 le4avg=2.24555 avIn=(-1.47256e-08,-0.0308681,-1.52519e-08)
   G7 velDir=(-0.527250,-0.000004,0.849710) w0=(-0.468737,0.000000,0.883338) w1=(-0.468737,0.000000,0.883338) w2=(-0.881465,0.000000,0.472250) w3=(-0.881465,0.000000,0.472250) steer=(255,0)
G6 l60=14.7347 m18c=1 spd=24.7394 grip=364.526 arm=lo kLo=0.988876 1-kLo=0.0111244 ld4n=4 ld4avg=0.291447 le4avg=12.6392 avIn=(3.48173e-10,-0.0305457,8.66653e-10)
   G7 velDir=(-0.692977,0.000000,0.720960) w0=(-0.468354,0.000000,0.883541) w1=(-0.468354,0.000000,0.883541) w2=(-0.881259,0.000000,0.472633) w3=(-0.881259,0.000000,0.472633) steer=(255,0)
G6 l60=27.5112 m18c=1 spd=35.8731 grip=986.912 arm=lo kLo=0.969882 1-kLo=0.0301182 ld4n=4 ld4avg=0.292228 le4avg=23.5358 avIn=(5.24931e-10,-0.030046,9.78616e-10)
   G7 velDir=(-0.752422,0.000000,0.658682) w0=(-0.467703,0.000000,0.883886) w1=(-0.467703,0.000000,0.883886) w2=(-0.880911,0.000000,0.473281) w3=(-0.880911,0.000000,0.473281) steer=(255,0)
G6 l60=40.9692 m18c=1 spd=47.7025 grip=1954.34 arm=lo kLo=0.940358 1-kLo=0.0596416 ld4n=4 ld4avg=0.293007 le4avg=34.9561 avIn=(1.07434e-09,-0.029386,1.31194e-09)
   G7 velDir=(-0.781035,0.000000,0.624487) w0=(-0.466760,0.000000,0.884384) w1=(-0.466760,0.000000,0.884384) w2=(-0.880406,0.000000,0.474221) w3=(-0.880406,0.000000,0.474221) steer=(255,0)
G6 l60=154.967 m18c=1 spd=43.3373 grip=6715.88 arm=lo kLo=0.795048 1-kLo=0.204952 ld4n=4 ld4avg=0.858047 le4avg=45.1692 avIn=(-0.000440701,-0.0227867,-0.000378927)
   G7 velDir=(0.845604,-0.068921,0.529342) w0=(-0.468014,0.000000,0.883721) w1=(-0.468014,0.000000,0.883721) w2=(-0.881078,0.000000,0.472971) w3=(-0.881078,0.000000,0.472971) steer=(255,0)
G6 l60=55.3438 m18c=1 spd=18.3128 grip=1013.5 arm=lo kLo=0.96907 1-kLo=0.0309296 ld4n=4 ld4avg=0.608378 le4avg=22.7861 avIn=(-0.000129807,-0.0130777,-0.00013063)
   G7 velDir=(0.851724,-0.033397,0.522925) w0=(-0.469153,0.000000,0.883117) w1=(-0.469153,0.000000,0.883117) w2=(-0.881687,0.000000,0.471835) w3=(-0.881687,0.000000,0.471835) steer=(255,0)
G6 l60=12.659 m18c=1 spd=8.52443 grip=107.911 arm=lo kLo=0.996707 1-kLo=0.00329322 ld4n=4 ld4avg=0.342327 le4avg=9.24599 avIn=(-4.48932e-06,-0.00584625,-4.79614e-06)
   G7 velDir=(0.211068,-0.002218,0.977469) w0=(-0.469634,0.000000,0.882861) w1=(-0.469634,0.000000,0.882861) w2=(-0.881944,0.000000,0.471355) w3=(-0.881944,0.000000,0.471355) steer=(255,0)
G6 l60=2.73406 m18c=1 spd=14.6837 grip=40.1461 arm=lo kLo=0.998775 1-kLo=0.00122517 ld4n=4 ld4avg=0.292009 le4avg=2.34075 avIn=(-1.49351e-08,-0.0308643,-1.56037e-08)
   G7 velDir=(-0.530640,-0.000004,0.847597) w0=(-0.469410,0.000000,0.882980) w1=(-0.469410,0.000000,0.882980) w2=(-0.881824,0.000000,0.471578) w3=(-0.881824,0.000000,0.471578) steer=(255,0)
G6 l60=14.8518 m18c=1 spd=24.8407 grip=368.928 arm=lo kLo=0.988741 1-kLo=0.0112588 ld4n=4 ld4avg=0.291455 le4avg=12.7394 avIn=(3.46159e-10,-0.0305394,8.66046e-10)
   G7 velDir=(-0.694361,0.000000,0.719627) w0=(-0.469024,0.000000,0.883185) w1=(-0.469024,0.000000,0.883185) w2=(-0.881618,0.000000,0.471963) w3=(-0.881618,0.000000,0.471963) steer=(255,0)
G6 l60=27.6349 m18c=1 spd=35.9819 grip=994.356 arm=lo kLo=0.969655 1-kLo=0.0303453 ld4n=4 ld4avg=0.292235 le4avg=23.6411 avIn=(5.25834e-10,-0.0300375,9.8077e-10)
   G7 velDir=(-0.753293,0.000000,0.657685) w0=(-0.468372,0.000000,0.883532) w1=(-0.468372,0.000000,0.883532) w2=(-0.881269,0.000000,0.472615) w3=(-0.881269,0.000000,0.472615) steer=(255,0)
G6 l60=41.0998 m18c=1 spd=47.8178 grip=1965.3 arm=lo kLo=0.940024 1-kLo=0.0599763 ld4n=4 ld4avg=0.293015 le4avg=35.0667 avIn=(1.08329e-09,-0.0293769,1.31974e-09)
   G7 velDir=(-0.781706,0.000000,0.623647) w0=(-0.467426,0.000000,0.884032) w1=(-0.467426,0.000000,0.884032) w2=(-0.880763,0.000000,0.473558) w3=(-0.880763,0.000000,0.473558) steer=(255,0)
G6 l60=154.69 m18c=1 spd=43.2512 grip=6690.51 arm=lo kLo=0.795822 1-kLo=0.204178 ld4n=4 ld4avg=0.858519 le4avg=45.0636 avIn=(-0.000439691,-0.0227435,-0.000379199)
   G7 velDir=(0.845156,-0.069062,0.530039) w0=(-0.467426,0.000000,0.884032) w1=(-0.467426,0.000000,0.884032) w2=(-0.880763,0.000000,0.473558) w3=(-0.880763,0.000000,0.473558) steer=(255,0)
G6 l60=55.0795 m18c=1 spd=18.2303 grip=1004.11 arm=lo kLo=0.969357 1-kLo=0.0306431 ld4n=4 ld4avg=0.608298 le4avg=22.6802 avIn=(-0.000128978,-0.0130281,-0.000129938)
   G7 velDir=(0.850345,-0.033424,0.525163) w0=(-0.468563,0.000000,0.883430) w1=(-0.468563,0.000000,0.883430) w2=(-0.881371,0.000000,0.472424) w3=(-0.881371,0.000000,0.472424) steer=(255,0)
G6 l60=12.5276 m18c=1 spd=8.54081 grip=106.996 arm=lo kLo=0.996735 1-kLo=0.00326526 ld4n=4 ld4avg=0.342241 le4avg=9.15227 avIn=(-4.41774e-06,-0.00583839,-4.72084e-06)
   G7 velDir=(0.201672,-0.002185,0.979451) w0=(-0.469042,0.000000,0.883176) w1=(-0.469042,0.000000,0.883176) w2=(-0.881627,0.000000,0.471946) w3=(-0.881627,0.000000,0.471946) steer=(255,0)
G6 l60=2.83738 m18c=1 spd=14.7655 grip=41.8954 arm=lo kLo=0.998721 1-kLo=0.00127852 ld4n=4 ld4avg=0.291975 le4avg=2.42948 avIn=(-1.4583e-08,-0.0308656,-1.52358e-08)
   G7 velDir=(-0.532591,-0.000004,0.846373) w0=(-0.468817,0.000000,0.883295) w1=(-0.468817,0.000000,0.883295) w2=(-0.881507,0.000000,0.472170) w3=(-0.881507,0.000000,0.472170) steer=(255,0)
G6 l60=14.9603 m18c=1 spd=24.934 grip=373.021 arm=lo kLo=0.988616 1-kLo=0.0113837 ld4n=4 ld4avg=0.291462 le4avg=12.8321 avIn=(3.4775e-10,-0.0305385,8.6537e-10)
   G7 velDir=(-0.694644,0.000000,0.719354) w0=(-0.468429,0.000000,0.883501) w1=(-0.468429,0.000000,0.883501) w2=(-0.881300,0.000000,0.472557) w3=(-0.881300,0.000000,0.472557) steer=(255,0)
G6 l60=27.749 m18c=1 spd=36.0816 grip=1001.23 arm=lo kLo=0.969445 1-kLo=0.030555 ld4n=4 ld4avg=0.292242 le4avg=23.7381 avIn=(5.29449e-10,-0.0300346,9.81446e-10)
   G7 velDir=(-0.753190,0.000000,0.657803) w0=(-0.467774,0.000000,0.883848) w1=(-0.467774,0.000000,0.883848) w2=(-0.880949,0.000000,0.473211) w3=(-0.880949,0.000000,0.473211) steer=(255,0)
G6 l60=148.927 m18c=1 spd=42.3078 grip=6300.76 arm=lo kLo=0.807716 1-kLo=0.192284 ld4n=4 ld4avg=0.830914 le4avg=44.8177 avIn=(-0.000398105,-0.0214213,9.94924e-06)
   G7 velDir=(0.867555,-0.055216,0.494267) w0=(-0.467774,0.000000,0.883848) w1=(-0.467774,0.000000,0.883848) w2=(-0.880949,0.000000,0.473211) w3=(-0.880949,0.000000,0.473211) steer=(255,0)
G6 l60=53.2456 m18c=1 spd=18.1524 grip=966.537 arm=lo kLo=0.970504 1-kLo=0.0294964 ld4n=4 ld4avg=0.56794 le4avg=23.4746 avIn=(-0.000105378,-0.0123995,-3.9256e-05)
   G7 velDir=(0.885504,-0.024723,0.463974) w0=(-0.468886,0.000000,0.883259) w1=(-0.468886,0.000000,0.883259) w2=(-0.881544,0.000000,0.472102) w3=(-0.881544,0.000000,0.472102) steer=(255,0)
G6 l60=13.5943 m18c=1 spd=8.30497 grip=112.901 arm=lo kLo=0.996555 1-kLo=0.00344545 ld4n=4 ld4avg=0.333134 le4avg=10.2027 avIn=(-3.46221e-06,-0.00585073,-1.73946e-06)
   G7 velDir=(0.313054,-0.001593,0.949734) w0=(-0.469363,0.000000,0.883006) w1=(-0.469363,0.000000,0.883006) w2=(-0.881799,0.000000,0.471626) w3=(-0.881799,0.000000,0.471626) steer=(255,0)
G6 l60=1.67044 m18c=1 spd=13.8459 grip=23.1286 arm=lo kLo=0.999294 1-kLo=0.000705838 ld4n=4 ld4avg=0.292531 le4avg=1.42759 avIn=(-1.18133e-08,-0.0308723,-5.4208e-09)
   G7 velDir=(-0.502458,-0.000003,0.864601) w0=(-0.469145,0.000000,0.883121) w1=(-0.469145,0.000000,0.883121) w2=(-0.881682,0.000000,0.471844) w3=(-0.881682,0.000000,0.471844) steer=(255,0)
G6 l60=13.7317 m18c=1 spd=23.8759 grip=327.857 arm=lo kLo=0.989995 1-kLo=0.0100054 ld4n=4 ld4avg=0.291379 le4avg=11.7817 avIn=(3.51579e-10,-0.030574,8.80379e-10)
   G7 velDir=(-0.685826,0.000000,0.727766) w0=(-0.468781,0.000000,0.883315) w1=(-0.468781,0.000000,0.883315) w2=(-0.881488,0.000000,0.472207) w3=(-0.881488,0.000000,0.472207) steer=(255,0)
G6 l60=26.455 m18c=1 spd=34.9473 grip=924.53 arm=lo kLo=0.971786 1-kLo=0.0282144 ld4n=4 ld4avg=0.292165 le4avg=22.6371 avIn=(5.04267e-10,-0.0300925,9.67632e-10)
   G7 velDir=(-0.749457,0.000000,0.662053) w0=(-0.468153,0.000000,0.883647) w1=(-0.468153,0.000000,0.883647) w2=(-0.881152,0.000000,0.472833) w3=(-0.881152,0.000000,0.472833) steer=(255,0)
G6 l60=148.551 m18c=1 spd=42.2817 grip=6280.98 arm=lo kLo=0.80832 1-kLo=0.19168 ld4n=4 ld4avg=0.827757 le4avg=44.8744 avIn=(-0.000400651,-0.0214191,7.90503e-05)
   G7 velDir=(0.870044,-0.053780,0.490031) w0=(-0.468153,0.000000,0.883647) w1=(-0.468153,0.000000,0.883647) w2=(-0.881152,0.000000,0.472833) w3=(-0.881152,0.000000,0.472833) steer=(255,0)
G6 l60=53.2583 m18c=1 spd=18.2127 grip=969.978 arm=lo kLo=0.970399 1-kLo=0.0296013 ld4n=4 ld4avg=0.564293 le4avg=23.6314 avIn=(-0.000104802,-0.0123939,-2.52052e-05)
   G7 velDir=(0.889507,-0.023910,0.456297) w0=(-0.469264,0.000000,0.883058) w1=(-0.469264,0.000000,0.883058) w2=(-0.881746,0.000000,0.471724) w3=(-0.881746,0.000000,0.471724) steer=(255,0)
G6 l60=13.7937 m18c=1 spd=8.28431 grip=114.271 arm=lo kLo=0.996513 1-kLo=0.00348729 ld4n=4 ld4avg=0.332466 le4avg=10.3731 avIn=(-3.45031e-06,-0.00585938,-1.32161e-06)
   G7 velDir=(0.331004,-0.001555,0.943628) w0=(-0.469743,0.000000,0.882803) w1=(-0.469743,0.000000,0.882803) w2=(-0.882002,0.000000,0.471246) w3=(-0.882002,0.000000,0.471246) steer=(255,0)
G6 l60=1.48176 m18c=1 spd=13.6991 grip=20.2988 arm=lo kLo=0.999381 1-kLo=0.000619471 ld4n=4 ld4avg=0.292707 le4avg=1.26559 avIn=(-1.18902e-08,-0.0308714,-3.99676e-09)
   G7 velDir=(-0.497456,-0.000003,0.867489) w0=(-0.469525,0.000000,0.882919) w1=(-0.469525,0.000000,0.882919) w2=(-0.881886,0.000000,0.471464) w3=(-0.881886,0.000000,0.471464) steer=(255,0)
G6 l60=13.5333 m18c=1 spd=23.7054 grip=320.813 arm=lo kLo=0.99021 1-kLo=0.00979042 ld4n=4 ld4avg=0.291366 le4avg=11.612 avIn=(3.50712e-10,-0.0305781,8.81751e-10)
   G7 velDir=(-0.684585,0.000000,0.728933) w0=(-0.469165,0.000000,0.883110) w1=(-0.469165,0.000000,0.883110) w2=(-0.881693,0.000000,0.471823) w3=(-0.881693,0.000000,0.471823) steer=(255,0)
G6 l60=26.2462 m18c=1 spd=34.7644 grip=912.433 arm=lo kLo=0.972155 1-kLo=0.0278453 ld4n=4 ld4avg=0.292153 le4avg=22.4593 avIn=(4.99692e-10,-0.0301004,9.65879e-10)
   G7 velDir=(-0.749073,0.000000,0.662488) w0=(-0.468542,0.000000,0.883441) w1=(-0.468542,0.000000,0.883441) w2=(-0.881360,0.000000,0.472445) w3=(-0.881360,0.000000,0.472445) steer=(255,0)
G6 l60=39.6372 m18c=1 spd=46.5308 grip=1844.35 arm=lo kLo=0.943715 1-kLo=0.0562851 ld4n=4 ld4avg=0.292931 le4avg=33.8284 avIn=(9.74822e-10,-0.0294484,1.25295e-09)
   G7 velDir=(-0.779526,0.000000,0.626369) w0=(-0.467628,0.000000,0.883925) w1=(-0.467628,0.000000,0.883925) w2=(-0.880871,0.000000,0.473356) w3=(-0.880871,0.000000,0.473356) steer=(255,0)
G6 l60=153.549 m18c=1 spd=43.0215 grip=6605.9 arm=lo kLo=0.798404 1-kLo=0.201596 ld4n=4 ld4avg=0.854837 le4avg=44.9229 avIn=(-0.000430858,-0.0224895,-0.000347352)
   G7 velDir=(0.847071,-0.067684,0.527152) w0=(-0.468852,0.000000,0.883277) w1=(-0.468852,0.000000,0.883277) w2=(-0.881526,0.000000,0.472136) w3=(-0.881526,0.000000,0.472136) steer=(255,0)
G6 l60=54.5381 m18c=1 spd=18.1321 grip=988.889 arm=lo kLo=0.969822 1-kLo=0.0301785 ld4n=4 ld4avg=0.601752 le4avg=22.7002 avIn=(-0.000124373,-0.0128707,-0.000120874)
   G7 velDir=(0.853685,-0.032345,0.519783) w0=(-0.469982,0.000000,0.882676) w1=(-0.469982,0.000000,0.882676) w2=(-0.882129,0.000000,0.471007) w3=(-0.882129,0.000000,0.471007) steer=(255,0)
G6 l60=12.5677 m18c=1 spd=8.51168 grip=106.972 arm=lo kLo=0.996735 1-kLo=0.00326455 ld4n=4 ld4avg=0.340559 le4avg=9.22685 avIn=(-4.1951e-06,-0.00582383,-4.3545e-06)
   G7 velDir=(0.207622,-0.002079,0.978207) w0=(-0.470458,0.000000,0.882423) w1=(-0.470458,0.000000,0.882423) w2=(-0.882383,0.000000,0.470532) w3=(-0.882383,0.000000,0.470532) steer=(255,0)
G6 l60=2.75459 m18c=1 spd=14.7003 grip=40.4933 arm=lo kLo=0.998764 1-kLo=0.00123578 ld4n=4 ld4avg=0.291995 le4avg=2.35844 avIn=(-1.38162e-08,-0.0308604,-1.39804e-08)
   G7 velDir=(-0.531954,-0.000004,0.846773) w0=(-0.470234,0.000000,0.882542) w1=(-0.470234,0.000000,0.882542) w2=(-0.882264,0.000000,0.470755) w3=(-0.882264,0.000000,0.470755) steer=(255,0)
G6 l60=14.8739 m18c=1 spd=24.8601 grip=369.767 arm=lo kLo=0.988716 1-kLo=0.0112844 ld4n=4 ld4avg=0.291456 le4avg=12.7583 avIn=(3.45938e-10,-0.0305353,8.69019e-10)
   G7 velDir=(-0.695190,0.000000,0.718826) w0=(-0.469848,0.000000,0.882747) w1=(-0.469848,0.000000,0.882747) w2=(-0.882058,0.000000,0.471141) w3=(-0.882058,0.000000,0.471141) steer=(255,0)
G6 l60=27.6587 m18c=1 spd=36.0031 grip=995.797 arm=lo kLo=0.969611 1-kLo=0.0303893 ld4n=4 ld4avg=0.292236 le4avg=23.6613 avIn=(5.2446e-10,-0.0300329,9.81985e-10)
   G7 velDir=(-0.753977,0.000000,0.656901) w0=(-0.469195,0.000000,0.883094) w1=(-0.469195,0.000000,0.883094) w2=(-0.881709,0.000000,0.471793) w3=(-0.881709,0.000000,0.471793) steer=(255,0)
G6 l60=41.1253 m18c=1 spd=47.8406 grip=1967.46 arm=lo kLo=0.939958 1-kLo=0.060042 ld4n=4 ld4avg=0.293016 le4avg=35.0883 avIn=(1.08342e-09,-0.0293722,1.32258e-09)
   G7 velDir=(-0.782326,0.000000,0.622869) w0=(-0.468249,0.000000,0.883597) w1=(-0.468249,0.000000,0.883597) w2=(-0.881204,0.000000,0.472737) w3=(-0.881204,0.000000,0.472737) steer=(255,0)
G6 l60=153.997 m18c=1 spd=43.091 grip=6635.9 arm=lo kLo=0.797489 1-kLo=0.202511 ld4n=4 ld4avg=0.857216 le4avg=44.9302 avIn=(-0.000438997,-0.0226268,-0.000365074)
   G7 velDir=(0.844561,-0.069173,0.530972) w0=(-0.469506,0.000000,0.882929) w1=(-0.469506,0.000000,0.882929) w2=(-0.881875,0.000000,0.471482) w3=(-0.881875,0.000000,0.471482) steer=(255,0)
G6 l60=54.6599 m18c=1 spd=18.1301 grip=990.988 arm=lo kLo=0.969757 1-kLo=0.0302426 ld4n=4 ld4avg=0.605338 le4avg=22.6169 avIn=(-0.00012739,-0.0129223,-0.000125952)
   G7 velDir=(0.849759,-0.033264,0.526121) w0=(-0.470638,0.000000,0.882327) w1=(-0.470638,0.000000,0.882327) w2=(-0.882479,0.000000,0.470352) w3=(-0.882479,0.000000,0.470352) steer=(255,0)
G6 l60=12.4552 m18c=1 spd=8.53979 grip=106.365 arm=lo kLo=0.996754 1-kLo=0.00324601 ld4n=4 ld4avg=0.341434 le4avg=9.12086 avIn=(-4.30339e-06,-0.00581895,-4.5298e-06)
   G7 velDir=(0.195707,-0.002135,0.980660) w0=(-0.471114,0.000000,0.882073) w1=(-0.471114,0.000000,0.882073) w2=(-0.882733,0.000000,0.469876) w3=(-0.882733,0.000000,0.469876) steer=(255,0)
G6 l60=2.87263 m18c=1 spd=14.7944 grip=42.499 arm=lo kLo=0.998703 1-kLo=0.00129694 ld4n=4 ld4avg=0.291961 le4avg=2.45978 avIn=(-1.41218e-08,-0.0308565,-1.45131e-08)
   G7 velDir=(-0.535448,-0.000004,0.844568) w0=(-0.470889,0.000000,0.882192) w1=(-0.470889,0.000000,0.882192) w2=(-0.882613,0.000000,0.470100) w3=(-0.882613,0.000000,0.470100) steer=(255,0)
G6 l60=14.9986 m18c=1 spd=24.968 grip=374.484 arm=lo kLo=0.988572 1-kLo=0.0114284 ld4n=4 ld4avg=0.291464 le4avg=12.8648 avIn=(3.43839e-10,-0.0305287,8.68125e-10)
   G7 velDir=(-0.696600,0.000000,0.717460) w0=(-0.470501,0.000000,0.882399) w1=(-0.470501,0.000000,0.882399) w2=(-0.882406,0.000000,0.470488) w3=(-0.882406,0.000000,0.470488) steer=(255,0)
G6 l60=27.7903 m18c=1 spd=36.1188 grip=1003.75 arm=lo kLo=0.969368 1-kLo=0.0306321 ld4n=4 ld4avg=0.292244 le4avg=23.7733 avIn=(5.25585e-10,-0.0300241,9.84229e-10)
   G7 velDir=(-0.754854,0.000000,0.655893) w0=(-0.469845,0.000000,0.882749) w1=(-0.469845,0.000000,0.882749) w2=(-0.882057,0.000000,0.471144) w3=(-0.882057,0.000000,0.471144) steer=(255,0)
G6 l60=41.2642 m18c=1 spd=47.9632 grip=1979.17 arm=lo kLo=0.939601 1-kLo=0.0603993 ld4n=4 ld4avg=0.293024 le4avg=35.2059 avIn=(1.09333e-09,-0.0293627,1.33095e-09)
   G7 velDir=(-0.782994,0.000000,0.622029) w0=(-0.468897,0.000000,0.883253) w1=(-0.468897,0.000000,0.883253) w2=(-0.881550,0.000000,0.472091) w3=(-0.881550,0.000000,0.472091) steer=(255,0)
G6 l60=153.738 m18c=1 spd=43.0094 grip=6612.19 arm=lo kLo=0.798212 1-kLo=0.201788 ld4n=4 ld4avg=0.857719 le4avg=44.8285 avIn=(-0.000437996,-0.0225876,-0.000366025)
   G7 velDir=(0.844107,-0.069321,0.531674) w0=(-0.468897,0.000000,0.883253) w1=(-0.468897,0.000000,0.883253) w2=(-0.881550,0.000000,0.472091) w3=(-0.881550,0.000000,0.472091) steer=(255,0)
G6 l60=54.4092 m18c=1 spd=18.051 grip=982.141 arm=lo kLo=0.970027 1-kLo=0.0299726 ld4n=4 ld4avg=0.605333 le4avg=22.5133 avIn=(-0.000126617,-0.0128763,-0.000125453)
   G7 velDir=(0.848348,-0.033298,0.528390) w0=(-0.470026,0.000000,0.882652) w1=(-0.470026,0.000000,0.882652) w2=(-0.882153,0.000000,0.470963) w3=(-0.882153,0.000000,0.470963) steer=(255,0)
G6 l60=12.3269 m18c=1 spd=8.55746 grip=105.487 arm=lo kLo=0.996781 1-kLo=0.00321919 ld4n=4 ld4avg=0.341375 le4avg=9.02843 avIn=(-4.23765e-06,-0.00581178,-4.46545e-06)
   G7 velDir=(0.186500,-0.002105,0.982453) w0=(-0.470500,0.000000,0.882400) w1=(-0.470500,0.000000,0.882400) w2=(-0.882406,0.000000,0.470489) w3=(-0.882406,0.000000,0.470489) steer=(255,0)
G6 l60=2.97452 m18c=1 spd=14.8753 grip=44.247 arm=lo kLo=0.99865 1-kLo=0.00135028 ld4n=4 ld4avg=0.291931 le4avg=2.5473 avIn=(-1.38011e-08,-0.030858,-1.41955e-08)
   G7 velDir=(-0.537300,-0.000004,0.843391) w0=(-0.470276,0.000000,0.882520) w1=(-0.470276,0.000000,0.882520) w2=(-0.882286,0.000000,0.470714) w3=(-0.882286,0.000000,0.470714) steer=(255,0)
G6 l60=15.1056 m18c=1 spd=25.0601 grip=378.547 arm=lo kLo=0.988448 1-kLo=0.0115523 ld4n=4 ld4avg=0.291471 le4avg=12.9563 avIn=(3.45505e-10,-0.0305279,8.67456e-10)
   G7 velDir=(-0.696846,0.000000,0.717220) w0=(-0.469885,0.000000,0.882728) w1=(-0.469885,0.000000,0.882728) w2=(-0.882078,0.000000,0.471104) w3=(-0.882078,0.000000,0.471104) steer=(255,0)
G6 l60=27.9027 m18c=1 spd=36.2172 grip=1010.56 arm=lo kLo=0.96916 1-kLo=0.0308398 ld4n=4 ld4avg=0.292251 le4avg=23.8689 avIn=(5.29247e-10,-0.0300215,9.84889e-10)
   G7 velDir=(-0.754728,0.000000,0.656038) w0=(-0.469227,0.000000,0.883078) w1=(-0.469227,0.000000,0.883078) w2=(-0.881726,0.000000,0.471761) w3=(-0.881726,0.000000,0.471761) steer=(255,0)
G6 l60=147.975 m18c=1 spd=42.0607 grip=6223.95 arm=lo kLo=0.81006 1-kLo=0.18994 ld4n=4 ld4avg=0.830113 le4avg=44.5745 avIn=(-0.000405422,-0.0213412,6.3778e-05)
   G7 velDir=(0.866502,-0.055473,0.496082) w0=(-0.469227,0.000000,0.883078) w1=(-0.469227,0.000000,0.883078) w2=(-0.881726,0.000000,0.471761) w3=(-0.881726,0.000000,0.471761) steer=(255,0)
G6 l60=52.5925 m18c=1 spd=17.9688 grip=945.026 arm=lo kLo=0.97116 1-kLo=0.0288399 ld4n=4 ld4avg=0.565219 le4avg=23.2978 avIn=(-0.00010508,-0.0122678,-2.83598e-05)
   G7 velDir=(0.883585,-0.024641,0.467621) w0=(-0.470331,0.000000,0.882490) w1=(-0.470331,0.000000,0.882490) w2=(-0.882316,0.000000,0.470658) w3=(-0.882316,0.000000,0.470658) steer=(255,0)
G6 l60=13.3786 m18c=1 spd=8.31148 grip=111.196 arm=lo kLo=0.996607 1-kLo=0.00339341 ld4n=4 ld4avg=0.332422 le4avg=10.0623 avIn=(-3.36661e-06,-0.00582408,-1.37277e-06)
   G7 velDir=(0.296045,-0.001536,0.955173) w0=(-0.470803,0.000000,0.882238) w1=(-0.470803,0.000000,0.882238) w2=(-0.882567,0.000000,0.470186) w3=(-0.882567,0.000000,0.470186) steer=(255,0)
G6 l60=1.82613 m18c=1 spd=13.9681 grip=25.5075 arm=lo kLo=0.999222 1-kLo=0.000778437 ld4n=4 ld4avg=0.292404 le4avg=1.56133 avIn=(-1.13201e-08,-0.0308654,-4.09868e-09)
   G7 velDir=(-0.508227,-0.000003,0.861223) w0=(-0.470585,0.000000,0.882355) w1=(-0.470585,0.000000,0.882355) w2=(-0.882451,0.000000,0.470404) w3=(-0.882451,0.000000,0.470404) steer=(255,0)
G6 l60=13.8965 m18c=1 spd=24.0182 grip=333.769 arm=lo kLo=0.989814 1-kLo=0.0101858 ld4n=4 ld4avg=0.291391 le4avg=11.9226 avIn=(3.4888e-10,-0.0305632,8.82727e-10)
   G7 velDir=(-0.688285,0.000000,0.725441) w0=(-0.470218,0.000000,0.882550) w1=(-0.470218,0.000000,0.882550) w2=(-0.882256,0.000000,0.470771) w3=(-0.882256,0.000000,0.470771) steer=(255,0)
G6 l60=26.6293 m18c=1 spd=35.1007 grip=934.705 arm=lo kLo=0.971475 1-kLo=0.0285249 ld4n=4 ld4avg=0.292175 le4avg=22.7854 avIn=(5.04167e-10,-0.0300787,9.71037e-10)
   G7 velDir=(-0.751089,0.000000,0.660201) w0=(-0.469588,0.000000,0.882886) w1=(-0.469588,0.000000,0.882886) w2=(-0.881919,0.000000,0.471401) w3=(-0.881919,0.000000,0.471401) steer=(255,0)
G6 l60=147.608 m18c=1 spd=42.0349 grip=6204.69 arm=lo kLo=0.810648 1-kLo=0.189352 ld4n=4 ld4avg=0.827017 le4avg=44.6296 avIn=(-0.00040416,-0.0213697,0.000109931)
   G7 velDir=(0.868954,-0.054059,0.491932) w0=(-0.469588,0.000000,0.882886) w1=(-0.469588,0.000000,0.882886) w2=(-0.881919,0.000000,0.471401) w3=(-0.881919,0.000000,0.471401) steer=(255,0)
G6 l60=52.6062 m18c=1 spd=18.0273 grip=948.348 arm=lo kLo=0.971059 1-kLo=0.0289413 ld4n=4 ld4avg=0.561671 le4avg=23.4506 avIn=(-0.000103835,-0.012268,-1.88476e-05)
   G7 velDir=(0.887553,-0.023846,0.460088) w0=(-0.470691,0.000000,0.882298) w1=(-0.470691,0.000000,0.882298) w2=(-0.882508,0.000000,0.470298) w3=(-0.882508,0.000000,0.470298) steer=(255,0)
G6 l60=13.5724 m18c=1 spd=8.28882 grip=112.499 arm=lo kLo=0.996567 1-kLo=0.00343323 ld4n=4 ld4avg=0.331776 le4avg=10.2279 avIn=(-3.33591e-06,-0.00583252,-1.0946e-06)
   G7 velDir=(0.313556,-0.001500,0.949569) w0=(-0.471164,0.000000,0.882046) w1=(-0.471164,0.000000,0.882046) w2=(-0.882760,0.000000,0.469825) w3=(-0.882760,0.000000,0.469825) steer=(255,0)
G6 l60=1.6427 m18c=1 spd=13.825 grip=22.7103 arm=lo kLo=0.999307 1-kLo=0.000693083 ld4n=4 ld4avg=0.292544 le4avg=1.40383 avIn=(-1.13241e-08,-0.0308647,-3.16112e-09)
   G7 velDir=(-0.503468,-0.000003,0.864014) w0=(-0.470947,0.000000,0.882162) w1=(-0.470947,0.000000,0.882162) w2=(-0.882644,0.000000,0.470042) w3=(-0.882644,0.000000,0.470042) steer=(255,0)
G6 l60=13.7035 m18c=1 spd=23.8524 grip=326.863 arm=lo kLo=0.990025 1-kLo=0.00997508 ld4n=4 ld4avg=0.291377 le4avg=11.7576 avIn=(3.48054e-10,-0.0305673,8.83727e-10)
   G7 velDir=(-0.687093,0.000000,0.726569) w0=(-0.470584,0.000000,0.882355) w1=(-0.470584,0.000000,0.882355) w2=(-0.882451,0.000000,0.470405) w3=(-0.882451,0.000000,0.470405) steer=(255,0)
G6 l60=26.4262 m18c=1 spd=34.9229 grip=922.879 arm=lo kLo=0.971836 1-kLo=0.028164 ld4n=4 ld4avg=0.292163 le4avg=22.6126 avIn=(4.99687e-10,-0.0300863,9.69281e-10)
   G7 velDir=(-0.750716,0.000000,0.660625) w0=(-0.469958,0.000000,0.882689) w1=(-0.469958,0.000000,0.882689) w2=(-0.882116,0.000000,0.471031) w3=(-0.882116,0.000000,0.471031) steer=(255,0)
G6 l60=39.8276 m18c=1 spd=46.699 grip=1859.91 arm=lo kLo=0.94324 1-kLo=0.0567598 ld4n=4 ld4avg=0.292942 le4avg=33.9896 avIn=(9.84399e-10,-0.029433,1.26341e-09)
   G7 velDir=(-0.780836,0.000000,0.624735) w0=(-0.469040,0.000000,0.883177) w1=(-0.469040,0.000000,0.883177) w2=(-0.881627,0.000000,0.471948) w3=(-0.881627,0.000000,0.471948) steer=(255,0)
G6 l60=152.657 m18c=1 spd=42.7931 grip=6532.66 arm=lo kLo=0.800639 1-kLo=0.199361 ld4n=4 ld4avg=0.854129 le4avg=44.6992 avIn=(-0.00043036,-0.0223438,-0.000331156)
   G7 velDir=(0.846009,-0.067966,0.528818) w0=(-0.470267,0.000000,0.882524) w1=(-0.470267,0.000000,0.882524) w2=(-0.882281,0.000000,0.470722) w3=(-0.882281,0.000000,0.470722) steer=(255,0)
G6 l60=53.9096 m18c=1 spd=17.9621 grip=968.331 arm=lo kLo=0.970449 1-kLo=0.0295511 ld4n=4 ld4avg=0.599049 le4avg=22.5393 avIn=(-0.000122445,-0.0127293,-0.000116049)
   G7 velDir=(0.851677,-0.032252,0.523073) w0=(-0.471390,0.000000,0.881925) w1=(-0.471390,0.000000,0.881925) w2=(-0.882880,0.000000,0.469599) w3=(-0.882880,0.000000,0.469599) steer=(255,0)
G6 l60=12.3737 m18c=1 spd=8.52802 grip=105.523 arm=lo kLo=0.99678 1-kLo=0.00322032 ld4n=4 ld4avg=0.339787 le4avg=9.10503 avIn=(-4.0396e-06,-0.00579861,-4.10556e-06)
   G7 velDir=(0.192714,-0.002007,0.981253) w0=(-0.471861,0.000000,0.881673) w1=(-0.471861,0.000000,0.881673) w2=(-0.883131,0.000000,0.469127) w3=(-0.883131,0.000000,0.469127) steer=(255,0)
G6 l60=2.88955 m18c=1 spd=14.8082 grip=42.7891 arm=lo kLo=0.998694 1-kLo=0.00130582 ld4n=4 ld4avg=0.291949 le4avg=2.47438 avIn=(-1.3133e-08,-0.030853,-1.29878e-08)
   G7 velDir=(-0.536589,-0.000004,0.843843) w0=(-0.471637,0.000000,0.881792) w1=(-0.471637,0.000000,0.881792) w2=(-0.883012,0.000000,0.469351) w3=(-0.883012,0.000000,0.469351) steer=(255,0)
G6 l60=15.0168 m18c=1 spd=24.9841 grip=375.183 arm=lo kLo=0.98855 1-kLo=0.0114497 ld4n=4 ld4avg=0.291465 le4avg=12.8805 avIn=(3.43696e-10,-0.030525,8.7103e-10)
   G7 velDir=(-0.697337,0.000000,0.716744) w0=(-0.471249,0.000000,0.882000) w1=(-0.471249,0.000000,0.882000) w2=(-0.882805,0.000000,0.469740) w3=(-0.882805,0.000000,0.469740) steer=(255,0)
G6 l60=27.8099 m18c=1 spd=36.1364 grip=1004.95 arm=lo kLo=0.969331 1-kLo=0.0306687 ld4n=4 ld4avg=0.292245 le4avg=23.79 avIn=(5.24301e-10,-0.0300201,9.85314e-10)
   G7 velDir=(-0.755467,0.000000,0.655186) w0=(-0.470593,0.000000,0.882350) w1=(-0.470593,0.000000,0.882350) w2=(-0.882455,0.000000,0.470396) w3=(-0.882455,0.000000,0.470396) steer=(255,0)
G6 l60=41.2853 m18c=1 spd=47.9821 grip=1980.96 arm=lo kLo=0.939546 1-kLo=0.060454 ld4n=4 ld4avg=0.293025 le4avg=35.2238 avIn=(1.09332e-09,-0.0293586,1.33347e-09)
   G7 velDir=(-0.783553,0.000000,0.621326) w0=(-0.469644,0.000000,0.882856) w1=(-0.469644,0.000000,0.882856) w2=(-0.881949,0.000000,0.471344) w3=(-0.881949,0.000000,0.471344) steer=(255,0)
G6 l60=153.099 m18c=1 spd=42.8623 grip=6562.17 arm=lo kLo=0.799738 1-kLo=0.200262 ld4n=4 ld4avg=0.85646 le4avg=44.7077 avIn=(-0.000437917,-0.0224796,-0.000350216)
   G7 velDir=(0.843554,-0.069423,0.532538) w0=(-0.470904,0.000000,0.882184) w1=(-0.470904,0.000000,0.882184) w2=(-0.882621,0.000000,0.470085) w3=(-0.882621,0.000000,0.470085) steer=(255,0)
G6 l60=54.0298 m18c=1 spd=17.9611 grip=970.435 arm=lo kLo=0.970385 1-kLo=0.0296153 ld4n=4 ld4avg=0.602551 le4avg=22.459 avIn=(-0.000125283,-0.0127799,-0.000121293)
   G7 velDir=(0.847826,-0.033147,0.529237) w0=(-0.472029,0.000000,0.881583) w1=(-0.472029,0.000000,0.881583) w2=(-0.883220,0.000000,0.468959) w3=(-0.883220,0.000000,0.468959) steer=(255,0)
G6 l60=12.2654 m18c=1 spd=8.55635 grip=104.947 arm=lo kLo=0.996797 1-kLo=0.00320274 ld4n=4 ld4avg=0.340633 le4avg=9.00299 avIn=(-4.14004e-06,-0.00579396,-4.2815e-06)
   G7 velDir=(0.181263,-0.002060,0.983432) w0=(-0.472500,0.000000,0.881331) w1=(-0.472500,0.000000,0.881331) w2=(-0.883470,0.000000,0.468487) w3=(-0.883470,0.000000,0.468487) steer=(255,0)
G6 l60=3.0032 m18c=1 spd=14.8991 grip=44.7448 arm=lo kLo=0.998635 1-kLo=0.00136548 ld4n=4 ld4avg=0.291919 le4avg=2.57195 avIn=(-1.34136e-08,-0.0308492,-1.3521e-08)
   G7 velDir=(-0.539910,-0.000004,0.841723) w0=(-0.472275,0.000000,0.881451) w1=(-0.472275,0.000000,0.881451) w2=(-0.883351,0.000000,0.468712) w3=(-0.883351,0.000000,0.468712) steer=(255,0)
G6 l60=15.1369 m18c=1 spd=25.088 grip=379.754 arm=lo kLo=0.988411 1-kLo=0.0115892 ld4n=4 ld4avg=0.291473 le4avg=12.9831 avIn=(3.41695e-10,-0.0305186,8.70165e-10)
   G7 velDir=(-0.698689,0.000000,0.715426) w0=(-0.471885,0.000000,0.881660) w1=(-0.471885,0.000000,0.881660) w2=(-0.883143,0.000000,0.469103) w3=(-0.883143,0.000000,0.469103) steer=(255,0)
G6 l60=27.9367 m18c=1 spd=36.2479 grip=1012.65 arm=lo kLo=0.969096 1-kLo=0.0309035 ld4n=4 ld4avg=0.292252 le4avg=23.8978 avIn=(5.25399e-10,-0.0300115,9.87506e-10)
   G7 velDir=(-0.756312,0.000000,0.654211) w0=(-0.471226,0.000000,0.882012) w1=(-0.471226,0.000000,0.882012) w2=(-0.882793,0.000000,0.469763) w3=(-0.882793,0.000000,0.469763) steer=(255,0)
G6 l60=41.4191 m18c=1 spd=48.1002 grip=1992.27 arm=lo kLo=0.939201 1-kLo=0.0607992 ld4n=4 ld4avg=0.293032 le4avg=35.337 avIn=(1.10308e-09,-0.0293494,1.34173e-09)
   G7 velDir=(-0.784199,0.000000,0.620510) w0=(-0.470275,0.000000,0.882520) w1=(-0.470275,0.000000,0.882520) w2=(-0.882286,0.000000,0.470714) w3=(-0.882286,0.000000,0.470714) steer=(255,0)
G6 l60=152.85 m18c=1 spd=42.7833 grip=6539.4 arm=lo kLo=0.800433 1-kLo=0.199567 ld4n=4 ld4avg=0.856968 le4avg=44.6086 avIn=(-0.000436814,-0.0224423,-0.00035172)
   G7 velDir=(0.843114,-0.069564,0.533216) w0=(-0.470275,0.000000,0.882520) w1=(-0.470275,0.000000,0.882520) w2=(-0.882286,0.000000,0.470714) w3=(-0.882286,0.000000,0.470714) steer=(255,0)
G6 l60=53.7879 m18c=1 spd=17.8845 grip=961.969 arm=lo kLo=0.970643 1-kLo=0.029357 ld4n=4 ld4avg=0.602571 le4avg=22.3577 avIn=(-0.000124518,-0.0127361,-0.000120935)
   G7 velDir=(0.846415,-0.033180,0.531489) w0=(-0.471398,0.000000,0.881921) w1=(-0.471398,0.000000,0.881921) w2=(-0.882884,0.000000,0.469591) w3=(-0.882884,0.000000,0.469591) steer=(255,0)
G6 l60=12.1402 m18c=1 spd=8.57498 grip=104.102 arm=lo kLo=0.996823 1-kLo=0.00317693 ld4n=4 ld4avg=0.340587 le4avg=8.91224 avIn=(-4.07759e-06,-0.00578734,-4.22511e-06)
   G7 velDir=(0.172288,-0.002031,0.985044) w0=(-0.471867,0.000000,0.881670) w1=(-0.471867,0.000000,0.881670) w2=(-0.883134,0.000000,0.469121) w3=(-0.883134,0.000000,0.469121) steer=(255,0)
G6 l60=3.10323 m18c=1 spd=14.9786 grip=46.482 arm=lo kLo=0.998581 1-kLo=0.00141853 ld4n=4 ld4avg=0.291893 le4avg=2.65786 avIn=(-1.31139e-08,-0.0308507,-1.32413e-08)
   G7 velDir=(-0.541658,-0.000004,0.840599) w0=(-0.471642,0.000000,0.881790) w1=(-0.471642,0.000000,0.881790) w2=(-0.883014,0.000000,0.469346) w3=(-0.883014,0.000000,0.469346) steer=(255,0)
G6 l60=15.2419 m18c=1 spd=25.1784 grip=383.768 arm=lo kLo=0.988288 1-kLo=0.0117117 ld4n=4 ld4avg=0.29148 le4avg=13.0729 avIn=(3.43441e-10,-0.030518,8.69513e-10)
   G7 velDir=(-0.698897,0.000000,0.715222) w0=(-0.471249,0.000000,0.882000) w1=(-0.471249,0.000000,0.882000) w2=(-0.882805,0.000000,0.469740) w3=(-0.882805,0.000000,0.469740) steer=(255,0)
G6 l60=28.0471 m18c=1 spd=36.3444 grip=1019.35 arm=lo kLo=0.968892 1-kLo=0.0311082 ld4n=4 ld4avg=0.292259 le4avg=23.9917 avIn=(5.29091e-10,-0.030009,9.88141e-10)
   G7 velDir=(-0.756163,0.000000,0.654383) w0=(-0.470588,0.000000,0.882353) w1=(-0.470588,0.000000,0.882353) w2=(-0.882453,0.000000,0.470401) w3=(-0.882453,0.000000,0.470401) steer=(255,0)
G6 l60=147.087 m18c=1 spd=41.8299 grip=6152.62 arm=lo kLo=0.812237 1-kLo=0.187763 ld4n=4 ld4avg=0.829361 le4avg=44.3472 avIn=(-0.000408875,-0.0212925,9.4886e-05)
   G7 velDir=(0.865504,-0.055713,0.497794) w0=(-0.470588,0.000000,0.882353) w1=(-0.470588,0.000000,0.882353) w2=(-0.882453,0.000000,0.470401) w3=(-0.882453,0.000000,0.470401) steer=(255,0)
G6 l60=51.9872 m18c=1 spd=17.7983 grip=925.285 arm=lo kLo=0.971763 1-kLo=0.0282375 ld4n=4 ld4avg=0.562689 le4avg=23.1328 avIn=(-0.000104171,-0.0121508,-2.19871e-05)
   G7 velDir=(0.881726,-0.024563,0.471121) w0=(-0.471686,0.000000,0.881767) w1=(-0.471686,0.000000,0.881767) w2=(-0.883038,0.000000,0.469303) w3=(-0.883038,0.000000,0.469303) steer=(255,0)
G6 l60=13.1779 m18c=1 spd=8.31994 grip=109.639 arm=lo kLo=0.996654 1-kLo=0.00334591 ld4n=4 ld4avg=0.331774 le4avg=9.93064 avIn=(-3.2618e-06,-0.00579972,-1.15159e-06)
   G7 velDir=(0.280052,-0.001483,0.959984) w0=(-0.472153,0.000000,0.881517) w1=(-0.472153,0.000000,0.881517) w2=(-0.883286,0.000000,0.468835) w3=(-0.883286,0.000000,0.468835) steer=(255,0)
G6 l60=1.97206 m18c=1 spd=14.0829 grip=27.7723 arm=lo kLo=0.999152 1-kLo=0.000847518 ld4n=4 ld4avg=0.292303 le4avg=1.68668 avIn=(-1.0819e-08,-0.0308587,-3.30349e-09)
   G7 velDir=(-0.513544,-0.000003,0.858063) w0=(-0.471935,0.000000,0.881634) w1=(-0.471935,0.000000,0.881634) w2=(-0.883170,0.000000,0.469053) w3=(-0.883170,0.000000,0.469053) steer=(255,0)
G6 l60=14.0509 m18c=1 spd=24.1517 grip=339.354 arm=lo kLo=0.989644 1-kLo=0.0103562 ld4n=4 ld4avg=0.291401 le4avg=12.0546 avIn=(3.46451e-10,-0.030553,8.84732e-10)
   G7 velDir=(-0.690568,0.000000,0.723267) w0=(-0.471565,0.000000,0.881831) w1=(-0.471565,0.000000,0.881831) w2=(-0.882973,0.000000,0.469423) w3=(-0.882973,0.000000,0.469423) steer=(255,0)
G6 l60=26.7926 m18c=1 spd=35.2445 grip=944.292 arm=lo kLo=0.971182 1-kLo=0.0288175 ld4n=4 ld4avg=0.292185 le4avg=22.9244 avIn=(5.04112e-10,-0.0300656,9.74254e-10)
   G7 velDir=(-0.752609,0.000000,0.658467) w0=(-0.470931,0.000000,0.882170) w1=(-0.470931,0.000000,0.882170) w2=(-0.882636,0.000000,0.470058) w3=(-0.882636,0.000000,0.470058) steer=(255,0)
G6 l60=146.728 m18c=1 spd=41.8044 grip=6133.86 arm=lo kLo=0.81281 1-kLo=0.18719 ld4n=4 ld4avg=0.826321 le4avg=44.4009 avIn=(-0.000401635,-0.0213334,0.000106949)
   G7 velDir=(0.867922,-0.054321,0.493722) w0=(-0.470931,0.000000,0.882170) w1=(-0.470931,0.000000,0.882170) w2=(-0.882636,0.000000,0.470058) w3=(-0.882636,0.000000,0.470058) steer=(255,0)
G6 l60=52.002 m18c=1 spd=17.8552 grip=928.505 arm=lo kLo=0.971664 1-kLo=0.0283358 ld4n=4 ld4avg=0.55923 le4avg=23.282 avIn=(-0.000101875,-0.0121533,-1.89611e-05)
   G7 velDir=(0.885663,-0.023786,0.463719) w0=(-0.472028,0.000000,0.881583) w1=(-0.472028,0.000000,0.881583) w2=(-0.883220,0.000000,0.468960) w3=(-0.883220,0.000000,0.468960) steer=(255,0)
G6 l60=13.3668 m18c=1 spd=8.29554 grip=110.885 arm=lo kLo=0.996616 1-kLo=0.00338393 ld4n=4 ld4avg=0.331149 le4avg=10.092 avIn=(-3.20227e-06,-0.00580788,-1.06245e-06)
   G7 velDir=(0.297154,-0.001450,0.954829) w0=(-0.472496,0.000000,0.881333) w1=(-0.472496,0.000000,0.881333) w2=(-0.883469,0.000000,0.468490) w3=(-0.883469,0.000000,0.468490) steer=(255,0)
G6 l60=1.79336 m18c=1 spd=13.9431 grip=25.005 arm=lo kLo=0.999237 1-kLo=0.000763118 ld4n=4 ld4avg=0.292418 le4avg=1.53323 avIn=(-1.07185e-08,-0.0308583,-3.01055e-09)
   G7 velDir=(-0.509001,-0.000003,0.860766) w0=(-0.472279,0.000000,0.881449) w1=(-0.472279,0.000000,0.881449) w2=(-0.883353,0.000000,0.468708) w3=(-0.883353,0.000000,0.468708) steer=(255,0)
G6 l60=13.8629 m18c=1 spd=23.9901 grip=332.573 arm=lo kLo=0.989851 1-kLo=0.0101493 ld4n=4 ld4avg=0.291388 le4avg=11.8939 avIn=(3.45696e-10,-0.0305571,8.85214e-10)
   G7 velDir=(-0.689421,0.000000,0.724361) w0=(-0.471913,0.000000,0.881645) w1=(-0.471913,0.000000,0.881645) w2=(-0.883158,0.000000,0.469075) w3=(-0.883158,0.000000,0.469075) steer=(255,0)
G6 l60=26.5948 m18c=1 spd=35.0712 grip=932.711 arm=lo kLo=0.971536 1-kLo=0.0284641 ld4n=4 ld4avg=0.292173 le4avg=22.7561 avIn=(4.9971e-10,-0.0300731,9.72488e-10)
   G7 velDir=(-0.752246,0.000000,0.658882) w0=(-0.471284,0.000000,0.881982) w1=(-0.471284,0.000000,0.881982) w2=(-0.882823,0.000000,0.469705) w3=(-0.882823,0.000000,0.469705) steer=(255,0)
G6 l60=40.0058 m18c=1 spd=46.8564 grip=1874.53 arm=lo kLo=0.942794 1-kLo=0.057206 ld4n=4 ld4avg=0.292952 le4avg=34.1406 avIn=(9.93643e-10,-0.0294186,1.27342e-09)
   G7 velDir=(-0.782059,0.000000,0.623204) w0=(-0.470363,0.000000,0.882473) w1=(-0.470363,0.000000,0.882473) w2=(-0.882333,0.000000,0.470626) w3=(-0.882333,0.000000,0.470626) steer=(255,0)
G6 l60=151.823 m18c=1 spd=42.5795 grip=6464.53 arm=lo kLo=0.802718 1-kLo=0.197282 ld4n=4 ld4avg=0.853462 le4avg=44.4899 avIn=(-0.000430405,-0.0222083,-0.000313434)
   G7 velDir=(0.845006,-0.068230,0.530386) w0=(-0.471593,0.000000,0.881816) w1=(-0.471593,0.000000,0.881816) w2=(-0.882988,0.000000,0.469395) w3=(-0.882988,0.000000,0.469395) steer=(255,0)
G6 l60=53.3262 m18c=1 spd=17.8042 grip=949.429 arm=lo kLo=0.971026 1-kLo=0.0289743 ld4n=4 ld4avg=0.596527 le4avg=22.3891 avIn=(-0.00012076,-0.0125986,-0.000111106)
   G7 velDir=(0.849740,-0.032162,0.526220) w0=(-0.472710,0.000000,0.881218) w1=(-0.472710,0.000000,0.881218) w2=(-0.883582,0.000000,0.468277) w3=(-0.883582,0.000000,0.468277) steer=(255,0)
G6 l60=12.1932 m18c=1 spd=8.54511 grip=104.192 arm=lo kLo=0.99682 1-kLo=0.00317973 ld4n=4 ld4avg=0.339082 le4avg=8.99085 avIn=(-3.9017e-06,-0.00577542,-3.86782e-06)
   G7 velDir=(0.178757,-0.001941,0.983891) w0=(-0.473176,0.000000,0.880968) w1=(-0.473176,0.000000,0.880968) w2=(-0.883830,0.000000,0.467809) w3=(-0.883830,0.000000,0.467809) steer=(255,0)
G6 l60=3.01609 m18c=1 spd=14.9096 grip=44.9687 arm=lo kLo=0.998628 1-kLo=0.00137234 ld4n=4 ld4avg=0.29191 le4avg=2.58307 avIn=(-1.25324e-08,-0.0308459,-1.20654e-08)
   G7 velDir=(-0.540878,-0.000004,0.841101) w0=(-0.472952,0.000000,0.881088) w1=(-0.472952,0.000000,0.881088) w2=(-0.883711,0.000000,0.468033) w3=(-0.883711,0.000000,0.468033) steer=(255,0)
G6 l60=15.1509 m18c=1 spd=25.1004 grip=380.293 arm=lo kLo=0.988394 1-kLo=0.0116056 ld4n=4 ld4avg=0.291474 le4avg=12.995 avIn=(3.41625e-10,-0.0305153,8.73027e-10)
   G7 velDir=(-0.699335,0.000000,0.714794) w0=(-0.472562,0.000000,0.881298) w1=(-0.472562,0.000000,0.881298) w2=(-0.883503,0.000000,0.468425) w3=(-0.883503,0.000000,0.468425) steer=(255,0)
G6 l60=27.9518 m18c=1 spd=36.2615 grip=1013.57 arm=lo kLo=0.969068 1-kLo=0.0309318 ld4n=4 ld4avg=0.292253 le4avg=23.9107 avIn=(5.24181e-10,-0.0300079,9.88459e-10)
   G7 velDir=(-0.756858,0.000000,0.653579) w0=(-0.471903,0.000000,0.881650) w1=(-0.471903,0.000000,0.881650) w2=(-0.883153,0.000000,0.469085) w3=(-0.883153,0.000000,0.469085) steer=(255,0)
G6 l60=41.4354 m18c=1 spd=48.1148 grip=1993.66 arm=lo kLo=0.939158 1-kLo=0.0608416 ld4n=4 ld4avg=0.293033 le4avg=35.3508 avIn=(1.10287e-09,-0.0293457,1.3439e-09)
   G7 velDir=(-0.784699,0.000000,0.619877) w0=(-0.470952,0.000000,0.882159) w1=(-0.470952,0.000000,0.882159) w2=(-0.882647,0.000000,0.470037) w3=(-0.882647,0.000000,0.470037) steer=(255,0)
G6 l60=152.259 m18c=1 spd=42.6483 grip=6493.57 arm=lo kLo=0.801832 1-kLo=0.198168 ld4n=4 ld4avg=0.855749 le4avg=44.4995 avIn=(-0.000437362,-0.0223425,-0.000334058)
   G7 velDir=(0.842601,-0.069658,0.534014) w0=(-0.472214,0.000000,0.881484) w1=(-0.472214,0.000000,0.881484) w2=(-0.883319,0.000000,0.468773) w3=(-0.883319,0.000000,0.468773) steer=(255,0)
G6 l60=53.4449 m18c=1 spd=17.804 grip=951.532 arm=lo kLo=0.970962 1-kLo=0.0290384 ld4n=4 ld4avg=0.59995 le4avg=22.3116 avIn=(-0.000123422,-0.0126483,-0.00011656)
   G7 velDir=(0.845959,-0.033036,0.532223) w0=(-0.473332,0.000000,0.880884) w1=(-0.473332,0.000000,0.880884) w2=(-0.883913,0.000000,0.467652) w3=(-0.883913,0.000000,0.467652) steer=(255,0)
G6 l60=12.0888 m18c=1 spd=8.57358 grip=103.644 arm=lo kLo=0.996837 1-kLo=0.00316298 ld4n=4 ld4avg=0.339902 le4avg=8.89238 avIn=(-3.99481e-06,-0.00577095,-4.0458e-06)
   G7 velDir=(0.167734,-0.001992,0.985830) w0=(-0.473799,0.000000,0.880633) w1=(-0.473799,0.000000,0.880633) w2=(-0.884160,0.000000,0.467184) w3=(-0.884160,0.000000,0.467184) steer=(255,0)
G6 l60=3.12574 m18c=1 spd=14.9974 grip=46.8781 arm=lo kLo=0.998569 1-kLo=0.00143063 ld4n=4 ld4avg=0.291884 le4avg=2.67722 avIn=(-1.27899e-08,-0.0308422,-1.26034e-08)
   G7 velDir=(-0.544043,-0.000004,0.839058) w0=(-0.473574,0.000000,0.880754) w1=(-0.473574,0.000000,0.880754) w2=(-0.884041,0.000000,0.467409) w3=(-0.884041,0.000000,0.467409) steer=(255,0)
G6 l60=15.2667 m18c=1 spd=25.2007 grip=384.731 arm=lo kLo=0.988259 1-kLo=0.011741 ld4n=4 ld4avg=0.291482 le4avg=13.094 avIn=(3.39715e-10,-0.030509,8.72177e-10)
   G7 velDir=(-0.700634,0.000000,0.713521) w0=(-0.473181,0.000000,0.880965) w1=(-0.473181,0.000000,0.880965) w2=(-0.883832,0.000000,0.467804) w3=(-0.883832,0.000000,0.467804) steer=(255,0)
G6 l60=28.0741 m18c=1 spd=36.3691 grip=1021.03 arm=lo kLo=0.968841 1-kLo=0.0311593 ld4n=4 ld4avg=0.29226 le4avg=24.0147 avIn=(5.25252e-10,-0.0299996,9.906e-10)
   G7 velDir=(-0.757674,0.000000,0.652634) w0=(-0.472520,0.000000,0.881320) w1=(-0.472520,0.000000,0.881320) w2=(-0.883481,0.000000,0.468466) w3=(-0.883481,0.000000,0.468466) steer=(255,0)
G6 l60=41.5645 m18c=1 spd=48.2288 grip=2004.6 arm=lo kLo=0.938824 1-kLo=0.0611757 ld4n=4 ld4avg=0.29304 le4avg=35.4601 avIn=(1.1125e-09,-0.0293368,1.35206e-09)
   G7 velDir=(-0.785324,0.000000,0.619085) w0=(-0.471567,0.000000,0.881830) w1=(-0.471567,0.000000,0.881830) w2=(-0.882974,0.000000,0.469422) w3=(-0.882974,0.000000,0.469422) steer=(255,0)
G6 l60=151.9 m18c=1 spd=42.5551 grip=6464.12 arm=lo kLo=0.802731 1-kLo=0.197269 ld4n=4 ld4avg=0.855525 le4avg=44.4064 avIn=(-0.000437577,-0.022287,-0.000326846)
   G7 velDir=(0.842067,-0.069825,0.534835) w0=(-0.472831,0.000000,0.881153) w1=(-0.472831,0.000000,0.881153) w2=(-0.883647,0.000000,0.468155) w3=(-0.883647,0.000000,0.468155) steer=(255,0)
G6 l60=53.1886 m18c=1 spd=17.7338 grip=943.234 arm=lo kLo=0.971215 1-kLo=0.0287852 ld4n=4 ld4avg=0.59893 le4avg=22.2422 avIn=(-0.000122739,-0.0125918,-0.000114528)
   G7 velDir=(0.844939,-0.033024,0.533842) w0=(-0.473946,0.000000,0.880554) w1=(-0.473946,0.000000,0.880554) w2=(-0.884239,0.000000,0.467036) w3=(-0.884239,0.000000,0.467036) steer=(255,0)
G6 l60=12.0054 m18c=1 spd=8.58312 grip=103.043 arm=lo kLo=0.996855 1-kLo=0.00314462 ld4n=4 ld4avg=0.339615 le4avg=8.83845 avIn=(-3.93595e-06,-0.00576055,-3.94593e-06)
   G7 velDir=(0.161189,-0.001963,0.986922) w0=(-0.474411,0.000000,0.880304) w1=(-0.474411,0.000000,0.880304) w2=(-0.884485,0.000000,0.466569) w3=(-0.884485,0.000000,0.466569) steer=(255,0)
G6 l60=3.18553 m18c=1 spd=15.0455 grip=47.9278 arm=lo kLo=0.998537 1-kLo=0.00146264 ld4n=4 ld4avg=0.291868 le4avg=2.72858 avIn=(-1.25326e-08,-0.0308388,-1.22155e-08)
   G7 velDir=(-0.546020,-0.000004,0.837772) w0=(-0.474186,0.000000,0.880425) w1=(-0.474186,0.000000,0.880425) w2=(-0.884366,0.000000,0.466795) w3=(-0.884366,0.000000,0.466795) steer=(255,0)
G6 l60=15.33 m18c=1 spd=25.2557 grip=387.169 arm=lo kLo=0.988185 1-kLo=0.0118155 ld4n=4 ld4avg=0.291486 le4avg=13.1482 avIn=(3.3875e-10,-0.0305045,8.73082e-10)
   G7 velDir=(-0.701561,0.000000,0.712609) w0=(-0.473792,0.000000,0.880637) w1=(-0.473792,0.000000,0.880637) w2=(-0.884157,0.000000,0.467191) w3=(-0.884157,0.000000,0.467191) steer=(255,0)
G6 l60=28.1411 m18c=1 spd=36.4282 grip=1025.13 arm=lo kLo=0.968715 1-kLo=0.0312845 ld4n=4 ld4avg=0.292264 le4avg=24.0717 avIn=(5.25234e-10,-0.0299939,9.92091e-10)
   G7 velDir=(-0.758320,0.000000,0.651882) w0=(-0.473130,0.000000,0.880993) w1=(-0.473130,0.000000,0.880993) w2=(-0.883805,0.000000,0.467855) w3=(-0.883805,0.000000,0.467855) steer=(255,0)
G6 l60=41.6354 m18c=1 spd=48.2915 grip=2010.64 arm=lo kLo=0.93864 1-kLo=0.0613597 ld4n=4 ld4avg=0.293044 le4avg=35.5202 avIn=(1.11724e-09,-0.0293308,1.35714e-09)
   G7 velDir=(-0.785857,0.000000,0.618408) w0=(-0.472175,0.000000,0.881505) w1=(-0.472175,0.000000,0.881505) w2=(-0.883298,0.000000,0.468812) w3=(-0.883298,0.000000,0.468812) steer=(255,0)
G6 l60=151.629 m18c=1 spd=42.4723 grip=6440.02 arm=lo kLo=0.803466 1-kLo=0.196534 ld4n=4 ld4avg=0.855933 le4avg=44.306 avIn=(-0.000435999,-0.0222437,-0.000328128)
   G7 velDir=(0.841724,-0.069903,0.535363) w0=(-0.472175,0.000000,0.881505) w1=(-0.472175,0.000000,0.881505) w2=(-0.883298,0.000000,0.468812) w3=(-0.883298,0.000000,0.468812) steer=(255,0)
G6 l60=52.9415 m18c=1 spd=17.6573 grip=934.801 arm=lo kLo=0.971472 1-kLo=0.0285279 ld4n=4 ld4avg=0.598792 le4avg=22.144 avIn=(-0.000121831,-0.0125462,-0.000114078)
   G7 velDir=(0.843643,-0.033016,0.535888) w0=(-0.473289,0.000000,0.880907) w1=(-0.473289,0.000000,0.880907) w2=(-0.883889,0.000000,0.467696) w3=(-0.883889,0.000000,0.467696) steer=(255,0)
G6 l60=11.8848 m18c=1 spd=8.60217 grip=102.235 arm=lo kLo=0.99688 1-kLo=0.00311995 ld4n=4 ld4avg=0.339538 le4avg=8.75168 avIn=(-3.87082e-06,-0.00575441,-3.88915e-06)
   G7 velDir=(0.152703,-0.001933,0.988270) w0=(-0.473751,0.000000,0.880659) w1=(-0.473751,0.000000,0.880659) w2=(-0.884135,0.000000,0.467231) w3=(-0.884135,0.000000,0.467231) steer=(255,0)
G6 l60=3.28115 m18c=1 spd=15.1217 grip=49.6165 arm=lo kLo=0.998486 1-kLo=0.0015142 ld4n=4 ld4avg=0.291845 le4avg=2.8107 avIn=(-1.22355e-08,-0.0308405,-1.19476e-08)
   G7 velDir=(-0.547587,-0.000003,0.836749) w0=(-0.473526,0.000000,0.880780) w1=(-0.473526,0.000000,0.880780) w2=(-0.884015,0.000000,0.467458) w3=(-0.884015,0.000000,0.467458) steer=(255,0)
G6 l60=15.4304 m18c=1 spd=25.3421 grip=391.039 arm=lo kLo=0.988066 1-kLo=0.0119336 ld4n=4 ld4avg=0.291492 le4avg=13.234 avIn=(3.40645e-10,-0.0305041,8.72524e-10)
   G7 velDir=(-0.701705,0.000000,0.712467) w0=(-0.473130,0.000000,0.880993) w1=(-0.473130,0.000000,0.880993) w2=(-0.883805,0.000000,0.467855) w3=(-0.883805,0.000000,0.467855) steer=(255,0)
G6 l60=28.2466 m18c=1 spd=36.5203 grip=1031.57 arm=lo kLo=0.968519 1-kLo=0.0314811 ld4n=4 ld4avg=0.29227 le4avg=24.1614 avIn=(5.28936e-10,-0.0299917,9.92674e-10)
   G7 velDir=(-0.758134,0.000000,0.652099) w0=(-0.472465,0.000000,0.881349) w1=(-0.472465,0.000000,0.881349) w2=(-0.883452,0.000000,0.468522) w3=(-0.883452,0.000000,0.468522) steer=(255,0)
G6 l60=145.865 m18c=1 spd=41.5125 grip=6055.23 arm=lo kLo=0.815209 1-kLo=0.184791 ld4n=4 ld4avg=0.82832 le4avg=44.0344 avIn=(-0.000404476,-0.0212396,8.78682e-05)
   G7 velDir=(0.864110,-0.056046,0.500172) w0=(-0.472465,0.000000,0.881349) w1=(-0.472465,0.000000,0.881349) w2=(-0.883452,0.000000,0.468522) w3=(-0.883452,0.000000,0.468522) steer=(255,0)
G6 l60=51.1627 m18c=1 spd=17.5655 grip=898.697 arm=lo kLo=0.972574 1-kLo=0.0274261 ld4n=4 ld4avg=0.559227 le4avg=22.9064 avIn=(-0.000101277,-0.0119943,-2.25941e-05)
   G7 velDir=(0.879062,-0.024454,0.476080) w0=(-0.473554,0.000000,0.880765) w1=(-0.473554,0.000000,0.880765) w2=(-0.884030,0.000000,0.467430) w3=(-0.884030,0.000000,0.467430) steer=(255,0)
