frame,seq,v,block,spline,c0,c1,c3,c4,c5,ai_type,ai_spline_idx,ai_override,ai_mode
2,0,1,8327224,8395424,0,255,0,0,0,0,0,0,0
2,1,2,8327224,8395424,0,0,0,0,0,0,0,0,0
2,2,3,8327224,8395424,0,0,0,0,0,0,0,0,0
3,3,1,8327224,8395940,0,0,0,0,0,0,1,0,0
3,4,2,8327224,8395424,0,0,0,0,0,0,0,0,0
3,5,3,8327224,8395424,0,0,0,0,0,0,0,0,0
4,6,1,8327224,8395940,0,0,0,0,0,0,1,0,0
4,7,2,8327224,8395424,0,0,0,0,0,0,0,0,0
4,8,3,8327224,8395424,0,0,0,0,0,0,0,0,0
5,9,1,8327224,8395940,0,0,0,0,0,0,1,0,0
5,10,2,8327224,8395424,0,0,0,0,0,0,0,0,0
5,11,3,8327224,8395424,0,0,0,0,0,0,0,0,0
6,12,1,8327224,8395940,0,0,0,0,0,0,1,0,0
6,13,2,8327224,8395424,0,0,0,0,0,0,0,0,0
6,14,3,8327224,8395424,0,0,0,0,0,0,0,0,0
7,15,1,8327224,8395940,0,0,0,0,0,0,1,0,0
7,16,2,8327224,8395424,0,0,0,0,0,0,0,0,0
7,17,3,8327224,8395424,0,0,0,0,0,0,0,0,0
8,18,1,8327224,8395940,0,0,0,0,0,0,1,0,0
8,19,2,8327224,8395424,0,0,0,0,0,0,0,0,0
8,20,3,8327224,8395424,0,0,0,0,0,0,0,0,0
9,21,1,8327224,8395940,0,0,0,0,0,0,1,0,0
9,22,2,8327224,8395424,0,0,0,0,0,0,0,0,0
9,23,3,8327224,8395424,0,0,0,0,0,0,0,0,0
10,24,1,8327224,8395940,0,0,0,0,0,0,1,0,0
10,25,2,8327224,8395424,0,0,0,0,0,0,0,0,0
10,26,3,8327224,8395424,0,0,0,0,0,0,0,0,0
11,27,1,8327224,8395940,0,0,0,0,0,0,1,0,0
11,28,2,8327224,8395424,0,0,0,0,0,0,0,0,0
11,29,3,8327224,8395424,0,0,0,0,0,0,0,0,0
12,30,1,8327224,8395940,0,0,0,0,0,0,1,0,0
12,31,2,8327224,8395424,0,0,0,0,0,0,0,0,0
12,32,3,8327224,8395424,0,0,0,0,0,0,0,0,0
13,33,1,8327224,8395940,0,0,0,0,0,0,1,0,0
13,34,2,8327224,8395424,0,0,0,0,0,0,0,0,0
13,35,3,8327224,8395424,0,0,0,0,0,0,0,0,0
14,36,1,8327224,8395940,0,0,0,0,0,0,1,0,0
14,37,2,8327224,8395424,0,0,0,0,0,0,0,0,0
14,38,3,8327224,8395424,0,0,0,0,0,0,0,0,0
15,39,1,8327224,8395940,0,0,0,0,0,0,1,0,0
15,40,2,8327224,8395424,0,0,0,0,0,0,0,0,0
15,41,3,8327224,8395424,0,0,0,0,0,0,0,0,0
16,42,1,8327224,8395940,0,0,0,0,0,0,1,0,0
16,43,2,8327224,8395424,0,0,0,0,0,0,0,0,0
16,44,3,8327224,8395424,0,0,0,0,0,0,0,0,0
17,45,1,8327224,8395940,0,0,0,0,0,0,1,0,0
17,46,2,8327224,8395424,0,0,0,0,0,0,0,0,0
17,47,3,8327224,8395424,0,0,0,0,0,0,0,0,0
18,48,1,8327224,8395940,0,0,0,0,0,0,1,0,0
18,49,2,8327224,8395424,0,0,0,0,0,0,0,0,0
18,50,3,8327224,8395424,0,0,0,0,0,0,0,0,0
19,51,1,8327224,8395940,0,0,0,0,0,0,1,0,0
19,52,2,8327224,8395424,0,0,0,0,0,0,0,0,0
19,53,3,8327224,8395424,0,0,0,0,0,0,0,0,0
20,54,1,8327224,8395940,0,0,0,0,0,0,1,0,0
20,55,2,8327224,8395424,0,0,0,0,0,0,0,0,0
20,56,3,8327224,8395424,0,0,0,0,0,0,0,0,0
21,57,1,8327224,8395940,0,0,0,0,0,0,1,0,0
21,58,2,8327224,8395424,0,0,0,0,0,0,0,0,0
21,59,3,8327224,8395424,0,0,0,0,0,0,0,0,0
22,60,1,8327224,8395940,0,0,0,0,0,0,1,0,0
22,61,2,8327224,8395424,0,0,0,0,0,0,0,0,0
22,62,3,8327224,8395424,0,0,0,0,0,0,0,0,0
23,63,1,8327224,8395940,0,0,0,0,0,0,1,0,0
23,64,2,8327224,8395424,0,0,0,0,0,0,0,0,0
23,65,3,8327224,8395424,0,0,0,0,0,0,0,0,0
24,66,1,8327224,8395940,0,0,0,0,0,0,1,0,0
24,67,2,8327224,8395424,0,0,0,0,0,0,0,0,0
24,68,3,8327224,8395424,0,0,0,0,0,0,0,0,0
25,69,1,8327224,8395940,0,0,0,0,0,0,1,0,0
25,70,2,8327224,8395424,0,0,0,0,0,0,0,0,0
25,71,3,8327224,8395424,0,0,0,0,0,0,0,0,0
26,72,1,8327224,8395940,0,0,0,0,0,0,1,0,0
26,73,2,8327224,8395424,0,0,0,0,0,0,0,0,0
26,74,3,8327224,8395424,0,0,0,0,0,0,0,0,0
27,75,1,8327224,8395940,0,0,0,0,0,0,1,0,0
27,76,2,8327224,8395424,0,0,0,0,0,0,0,0,0
27,77,3,8327224,8395424,0,0,0,0,0,0,0,0,0
28,78,1,8327224,8395940,0,0,0,0,0,0,1,0,0
28,79,2,8327224,8395424,0,0,0,0,0,0,0,0,0
28,80,3,8327224,8395424,0,0,0,0,0,0,0,0,0
29,81,1,8327224,8395940,0,0,0,0,0,0,1,0,0
29,82,2,8327224,8395424,0,0,0,0,0,0,0,0,0
29,83,3,8327224,8395424,0,0,0,0,0,0,0,0,0
30,84,1,8327224,8395940,0,0,0,0,0,0,1,0,0
30,85,2,8327224,8395424,0,0,0,0,0,0,0,0,0
30,86,3,8327224,8395424,0,0,0,0,0,0,0,0,0
31,87,1,8327224,8395940,0,0,0,0,0,0,1,0,0
31,88,2,8327224,8395424,0,0,0,0,0,0,0,0,0
31,89,3,8327224,8395424,0,0,0,0,0,0,0,0,0
32,90,1,8327224,8395940,0,0,0,0,0,0,1,0,0
32,91,2,8327224,8395424,0,0,0,0,0,0,0,0,0
32,92,3,8327224,8395424,0,0,0,0,0,0,0,0,0
33,93,1,8327224,8395940,0,0,0,0,0,0,1,0,0
33,94,2,8327224,8395424,0,0,0,0,0,0,0,0,0
33,95,3,8327224,8395424,0,0,0,0,0,0,0,0,0
34,96,1,8327224,8395940,0,0,0,0,0,0,1,0,0
34,97,2,8327224,8395424,0,0,0,0,0,0,0,0,0
34,98,3,8327224,8395424,0,0,0,0,0,0,0,0,0
35,99,1,8327224,8395940,0,0,0,0,0,0,1,0,0
35,100,2,8327224,8395424,0,0,0,0,0,0,0,0,0
35,101,3,8327224,8395424,0,0,0,0,0,0,0,0,0
36,102,1,8327224,8395940,0,0,0,0,0,0,1,0,0
36,103,2,8327224,8395424,0,0,0,0,0,0,0,0,0
36,104,3,8327224,8395424,0,0,0,0,0,0,0,0,0
37,105,1,8327224,8395940,0,0,0,0,0,0,1,0,0
37,106,2,8327224,8395424,0,0,0,0,0,0,0,0,0
37,107,3,8327224,8395424,0,0,0,0,0,0,0,0,0
38,108,1,8327224,8395940,0,0,0,0,0,0,1,0,0
38,109,2,8327224,8395424,0,0,0,0,0,0,0,0,0
38,110,3,8327224,8395424,0,0,0,0,0,0,0,0,0
39,111,1,8327224,8395940,0,0,0,0,0,0,1,0,0
39,112,2,8327224,8395424,0,0,0,0,0,0,0,0,0
39,113,3,8327224,8395424,0,0,0,0,0,0,0,0,0
40,114,1,8327224,8395940,0,0,0,0,0,0,1,0,0
40,115,2,8327224,8395424,0,0,0,0,0,0,0,0,0
40,116,3,8327224,8395424,0,0,0,0,0,0,0,0,0
41,117,1,8327224,8395940,0,0,0,0,0,0,1,0,0
41,118,2,8327224,8395424,0,0,0,0,0,0,0,0,0
41,119,3,8327224,8395424,0,0,0,0,0,0,0,0,0
42,120,1,8327224,8395940,0,0,0,0,0,0,1,0,0
42,121,2,8327224,8395424,0,0,0,0,0,0,0,0,0
42,122,3,8327224,8395424,0,0,0,0,0,0,0,0,0
43,123,1,8327224,8395940,0,0,0,0,0,0,1,0,0
43,124,2,8327224,8395424,0,0,0,0,0,0,0,0,0
43,125,3,8327224,8395424,0,0,0,0,0,0,0,0,0
44,126,1,8327224,8395940,0,0,0,0,0,0,1,0,0
44,127,2,8327224,8395424,0,0,0,0,0,0,0,0,0
44,128,3,8327224,8395424,0,0,0,0,0,0,0,0,0
45,129,1,8327224,8395940,0,0,0,0,0,0,1,0,0
45,130,2,8327224,8395424,0,0,0,0,0,0,0,0,0
45,131,3,8327224,8395424,0,0,0,0,0,0,0,0,0
46,132,1,8327224,8395940,0,0,0,0,0,0,1,0,0
46,133,2,8327224,8395424,0,0,0,0,0,0,0,0,0
46,134,3,8327224,8395424,0,0,0,0,0,0,0,0,0
47,135,1,8327224,8395940,0,0,0,0,0,0,1,0,0
47,136,2,8327224,8395424,0,0,0,0,0,0,0,0,0
47,137,3,8327224,8395424,0,0,0,0,0,0,0,0,0
48,138,1,8327224,8395940,0,0,0,0,0,0,1,0,0
48,139,2,8327224,8395424,0,0,0,0,0,0,0,0,0
48,140,3,8327224,8395424,0,0,0,0,0,0,0,0,0
49,141,1,8327224,8395940,0,0,0,0,0,0,1,0,0
49,142,2,8327224,8395424,0,0,0,0,0,0,0,0,0
49,143,3,8327224,8395424,0,0,0,0,0,0,0,0,0
50,144,1,8327224,8395940,0,0,0,0,0,0,1,0,0
50,145,2,8327224,8395424,0,0,0,0,0,0,0,0,0
50,146,3,8327224,8395424,0,0,0,0,0,0,0,0,0
51,147,1,8327224,8395940,0,0,0,0,0,0,1,0,0
51,148,2,8327224,8395424,0,0,0,0,0,0,0,0,0
51,149,3,8327224,8395424,0,0,0,0,0,0,0,0,0
52,150,1,8327224,8395940,0,0,0,0,0,0,1,0,0
52,151,2,8327224,8395424,0,0,0,0,0,0,0,0,0
52,152,3,8327224,8395424,0,0,0,0,0,0,0,0,0
53,153,1,8327224,8395940,0,0,0,0,0,0,1,0,0
53,154,2,8327224,8395424,0,0,0,0,0,0,0,0,0
53,155,3,8327224,8395424,0,0,0,0,0,0,0,0,0
54,156,1,8327224,8395940,0,0,0,0,0,0,1,0,0
54,157,2,8327224,8395424,0,0,0,0,0,0,0,0,0
54,158,3,8327224,8395424,0,0,0,0,0,0,0,0,0
55,159,1,8327224,8395940,0,0,0,0,0,0,1,0,0
55,160,2,8327224,8395424,0,0,0,0,0,0,0,0,0
55,161,3,8327224,8395424,0,0,0,0,0,0,0,0,0
56,162,1,8327224,8395940,0,0,0,0,0,0,1,0,0
56,163,2,8327224,8395424,0,0,0,0,0,0,0,0,0
56,164,3,8327224,8395424,0,0,0,0,0,0,0,0,0
57,165,1,8327224,8395940,0,0,0,0,0,0,1,0,0
57,166,2,8327224,8395424,0,0,0,0,0,0,0,0,0
57,167,3,8327224,8395424,0,0,0,0,0,0,0,0,0
58,168,1,8327224,8395940,0,0,0,0,0,0,1,0,0
58,169,2,8327224,8395424,0,0,0,0,0,0,0,0,0
58,170,3,8327224,8395424,0,0,0,0,0,0,0,0,0
59,171,1,8327224,8395940,0,0,0,0,0,0,1,0,0
59,172,2,8327224,8395424,0,0,0,0,0,0,0,0,0
59,173,3,8327224,8395424,0,0,0,0,0,0,0,0,0
60,174,1,8327224,8395940,0,0,0,0,0,0,1,0,0
60,175,2,8327224,8395424,0,0,0,0,0,0,0,0,0
60,176,3,8327224,8395424,0,0,0,0,0,0,0,0,0
61,177,1,8327224,8395940,0,0,0,0,0,0,1,0,0
61,178,2,8327224,8395424,0,0,0,0,0,0,0,0,0
61,179,3,8327224,8395424,0,0,0,0,0,0,0,0,0
62,180,1,8327224,8395940,0,0,0,0,0,0,1,0,0
62,181,2,8327224,8395424,0,0,0,0,0,0,0,0,0
62,182,3,8327224,8395424,0,0,0,0,0,0,0,0,0
63,183,1,8327224,8395940,0,0,0,0,0,0,1,0,0
63,184,2,8327224,8395424,0,0,0,0,0,0,0,0,0
63,185,3,8327224,8395424,0,0,0,0,0,0,0,0,0
64,186,1,8327224,8395940,0,0,0,0,0,0,1,0,0
64,187,2,8327224,8395424,0,0,0,0,0,0,0,0,0
64,188,3,8327224,8395424,0,0,0,0,0,0,0,0,0
65,189,1,8327224,8395940,0,0,0,0,0,0,1,0,0
65,190,2,8327224,8395424,0,0,0,0,0,0,0,0,0
65,191,3,8327224,8395424,0,0,0,0,0,0,0,0,0
66,192,1,8327224,8395940,0,0,0,0,0,0,1,0,0
66,193,2,8327224,8395424,0,0,0,0,0,0,0,0,0
66,194,3,8327224,8395424,0,0,0,0,0,0,0,0,0
67,195,1,8327224,8395940,0,0,0,0,0,0,1,0,0
67,196,2,8327224,8395424,0,0,0,0,0,0,0,0,0
67,197,3,8327224,8395424,0,0,0,0,0,0,0,0,0
68,198,1,8327224,8395940,0,0,0,0,0,0,1,0,0
68,199,2,8327224,8395424,0,0,0,0,0,0,0,0,0
68,200,3,8327224,8395424,0,0,0,0,0,0,0,0,0
69,201,1,8327224,8395940,0,0,0,0,0,0,1,0,0
69,202,2,8327224,8395424,0,0,0,0,0,0,0,0,0
69,203,3,8327224,8395424,0,0,0,0,0,0,0,0,0
70,204,1,8327224,8395940,0,0,0,0,0,0,1,0,0
70,205,2,8327224,8395424,0,0,0,0,0,0,0,0,0
70,206,3,8327224,8395424,0,0,0,0,0,0,0,0,0
71,207,1,8327224,8395940,0,0,0,0,0,0,1,0,0
71,208,2,8327224,8395424,0,0,0,0,0,0,0,0,0
71,209,3,8327224,8395424,0,0,0,0,0,0,0,0,0
72,210,1,8327224,8395940,0,0,0,0,0,0,1,0,0
72,211,2,8327224,8395424,0,0,0,0,0,0,0,0,0
72,212,3,8327224,8395424,0,0,0,0,0,0,0,0,0
73,213,1,8327224,8395940,0,0,0,0,0,0,1,0,0
73,214,2,8327224,8395424,0,0,0,0,0,0,0,0,0
73,215,3,8327224,8395424,0,0,0,0,0,0,0,0,0
74,216,1,8327224,8395940,0,0,0,0,0,0,1,0,0
74,217,2,8327224,8395424,0,0,0,0,0,0,0,0,0
74,218,3,8327224,8395424,0,0,0,0,0,0,0,0,0
75,219,1,8327224,8395940,0,0,0,0,0,0,1,0,0
75,220,2,8327224,8395424,0,0,0,0,0,0,0,0,0
75,221,3,8327224,8395424,0,0,0,0,0,0,0,0,0
76,222,1,8327224,8395940,0,0,0,0,0,0,1,0,0
76,223,2,8327224,8395424,0,0,0,0,0,0,0,0,0
76,224,3,8327224,8395424,0,0,0,0,0,0,0,0,0
77,225,1,8327224,8395940,0,0,0,0,0,0,1,0,0
77,226,2,8327224,8395424,0,0,0,0,0,0,0,0,0
77,227,3,8327224,8395424,0,0,0,0,0,0,0,0,0
78,228,1,8327224,8395940,0,0,0,0,0,0,1,0,0
78,229,2,8327224,8395424,0,0,0,0,0,0,0,0,0
78,230,3,8327224,8395424,0,0,0,0,0,0,0,0,0
79,231,1,8327224,8395940,0,0,0,0,0,0,1,0,0
79,232,2,8327224,8395424,0,0,0,0,0,0,0,0,0
79,233,3,8327224,8395424,0,0,0,0,0,0,0,0,0
80,234,1,8327224,8395940,0,0,0,0,0,0,1,0,0
80,235,2,8327224,8395424,0,0,0,0,0,0,0,0,0
80,236,3,8327224,8395424,0,0,0,0,0,0,0,0,0
81,237,1,8327224,8395940,0,0,0,0,0,0,1,0,0
81,238,2,8327224,8395424,0,0,0,0,0,0,0,0,0
81,239,3,8327224,8395424,0,0,0,0,0,0,0,0,0
82,240,1,8327224,8395940,0,0,0,0,0,0,1,0,0
82,241,2,8327224,8395424,0,0,0,0,0,0,0,0,0
82,242,3,8327224,8395424,0,0,0,0,0,0,0,0,0
83,243,1,8327224,8395940,0,0,0,0,0,0,1,0,0
83,244,2,8327224,8395424,0,0,0,0,0,0,0,0,0
83,245,3,8327224,8395424,0,0,0,0,0,0,0,0,0
84,246,1,8327224,8395940,0,0,0,0,0,0,1,0,0
84,247,2,8327224,8395424,0,0,0,0,0,0,0,0,0
84,248,3,8327224,8395424,0,0,0,0,0,0,0,0,0
85,249,1,8327224,8395940,0,0,0,0,0,0,1,0,0
85,250,2,8327224,8395424,0,0,0,0,0,0,0,0,0
85,251,3,8327224,8395424,0,0,0,0,0,0,0,0,0
86,252,1,8327224,8395940,0,0,0,0,0,0,1,0,0
86,253,2,8327224,8395424,0,0,0,0,0,0,0,0,0
86,254,3,8327224,8395424,0,0,0,0,0,0,0,0,0
87,255,1,8327224,8395940,0,0,0,0,0,0,1,0,0
87,256,2,8327224,8395424,0,0,0,0,0,0,0,0,0
87,257,3,8327224,8395424,0,0,0,0,0,0,0,0,0
88,258,1,8327224,8395940,0,0,0,0,0,0,1,0,0
88,259,2,8327224,8395424,0,0,0,0,0,0,0,0,0
88,260,3,8327224,8395424,0,0,0,0,0,0,0,0,0
89,261,1,8327224,8395940,0,0,0,0,0,0,1,0,0
89,262,2,8327224,8395424,0,0,0,0,0,0,0,0,0
89,263,3,8327224,8395424,0,0,0,0,0,0,0,0,0
90,264,1,8327224,8395940,0,0,0,0,0,0,1,0,0
90,265,2,8327224,8395424,0,0,0,0,0,0,0,0,0
90,266,3,8327224,8395424,0,0,0,0,0,0,0,0,0
91,267,1,8327224,8395940,0,0,0,0,0,0,1,0,0
91,268,2,8327224,8395424,0,0,0,0,0,0,0,0,0
91,269,3,8327224,8395424,0,0,0,0,0,0,0,0,0
92,270,1,8327224,8395940,0,0,0,0,0,0,1,0,0
92,271,2,8327224,8395424,0,0,0,0,0,0,0,0,0
92,272,3,8327224,8395424,0,0,0,0,0,0,0,0,0
93,273,1,8327224,8395940,0,0,0,0,0,0,1,0,0
93,274,2,8327224,8395424,0,0,0,0,0,0,0,0,0
93,275,3,8327224,8395424,0,0,0,0,0,0,0,0,0
94,276,1,8327224,8395940,0,0,0,0,0,0,1,0,0
94,277,2,8327224,8395424,0,0,0,0,0,0,0,0,0
94,278,3,8327224,8395424,0,0,0,0,0,0,0,0,0
95,279,1,8327224,8395940,0,0,0,0,0,0,1,0,0
95,280,2,8327224,8395424,0,0,0,0,0,0,0,0,0
95,281,3,8327224,8395424,0,0,0,0,0,0,0,0,0
96,282,1,8327224,8395940,0,0,0,0,0,0,1,0,0
96,283,2,8327224,8395424,0,0,0,0,0,0,0,0,0
96,284,3,8327224,8395424,0,0,0,0,0,0,0,0,0
97,285,1,8327224,8395940,0,0,0,0,0,0,1,0,0
97,286,2,8327224,8395424,0,0,0,0,0,0,0,0,0
97,287,3,8327224,8395424,0,0,0,0,0,0,0,0,0
98,288,1,8327224,8395940,0,0,0,0,0,0,1,0,0
98,289,2,8327224,8395424,0,0,0,0,0,0,0,0,0
98,290,3,8327224,8395424,0,0,0,0,0,0,0,0,0
99,291,1,8327224,8395940,0,0,0,0,0,0,1,0,0
99,292,2,8327224,8395424,0,0,0,0,0,0,0,0,0
99,293,3,8327224,8395424,0,0,0,0,0,0,0,0,0
100,294,1,8327224,8395940,0,0,0,0,0,0,1,0,0
100,295,2,8327224,8395424,0,0,0,0,0,0,0,0,0
100,296,3,8327224,8395424,0,0,0,0,0,0,0,0,0
101,297,1,8327224,8395940,0,0,0,0,0,0,1,0,0
101,298,2,8327224,8395424,0,0,0,0,0,0,0,0,0
101,299,3,8327224,8395424,0,0,0,0,0,0,0,0,0
102,300,1,8327224,8395940,0,0,0,0,0,0,1,0,0
102,301,2,8327224,8395424,0,0,0,0,0,0,0,0,0
102,302,3,8327224,8395424,0,0,0,0,0,0,0,0,0
103,303,1,8327224,8395940,0,0,0,0,0,0,1,0,0
103,304,2,8327224,8395424,0,0,0,0,0,0,0,0,0
103,305,3,8327224,8395424,0,0,0,0,0,0,0,0,0
104,306,1,8327224,8395940,0,0,0,0,0,0,1,0,0
104,307,2,8327224,8395424,0,0,0,0,0,0,0,0,0
104,308,3,8327224,8395424,0,0,0,0,0,0,0,0,0
105,309,1,8327224,8395940,0,0,0,0,0,0,1,0,0
105,310,2,8327224,8395424,0,0,0,0,0,0,0,0,0
105,311,3,8327224,8395424,0,0,0,0,0,0,0,0,0
106,312,1,8327224,8395940,0,0,0,0,0,0,1,0,0
106,313,2,8327224,8395424,0,0,0,0,0,0,0,0,0
106,314,3,8327224,8395424,0,0,0,0,0,0,0,0,0
107,315,1,8327224,8395940,0,0,0,0,0,0,1,0,0
107,316,2,8327224,8395424,0,0,0,0,0,0,0,0,0
107,317,3,8327224,8395424,0,0,0,0,0,0,0,0,0
108,318,1,8327224,8395940,0,0,0,0,0,0,1,0,0
108,319,2,8327224,8395424,0,0,0,0,0,0,0,0,0
108,320,3,8327224,8395424,0,0,0,0,0,0,0,0,0
109,321,1,8327224,8395940,0,0,0,0,0,0,1,0,0
109,322,2,8327224,8395424,0,0,0,0,0,0,0,0,0
109,323,3,8327224,8395424,0,0,0,0,0,0,0,0,0
110,324,1,8327224,8395940,0,0,0,0,0,0,1,0,0
110,325,2,8327224,8395424,0,0,0,0,0,0,0,0,0
110,326,3,8327224,8395424,0,0,0,0,0,0,0,0,0
111,327,1,8327224,8395940,0,0,0,0,0,0,1,0,0
111,328,2,8327224,8395424,0,0,0,0,0,0,0,0,0
111,329,3,8327224,8395424,0,0,0,0,0,0,0,0,0
112,330,1,8327224,8395940,0,0,0,0,0,0,1,0,0
112,331,2,8327224,8395424,0,0,0,0,0,0,0,0,0
112,332,3,8327224,8395424,0,0,0,0,0,0,0,0,0
113,333,1,8327224,8395940,0,0,0,0,0,0,1,0,0
113,334,2,8327224,8395424,0,0,0,0,0,0,0,0,0
113,335,3,8327224,8395424,0,0,0,0,0,0,0,0,0
114,336,1,8327224,8395940,0,0,0,0,0,0,1,0,0
114,337,2,8327224,8395424,0,0,0,0,0,0,0,0,0
114,338,3,8327224,8395424,0,0,0,0,0,0,0,0,0
115,339,1,8327224,8395940,0,0,0,0,0,0,1,0,0
115,340,2,8327224,8395424,0,0,0,0,0,0,0,0,0
115,341,3,8327224,8395424,0,0,0,0,0,0,0,0,0
116,342,1,8327224,8395940,0,0,0,0,0,0,1,0,0
116,343,2,8327224,8395424,0,0,0,0,0,0,0,0,0
116,344,3,8327224,8395424,0,0,0,0,0,0,0,0,0
117,345,1,8327224,8395940,0,0,0,0,0,0,1,0,0
117,346,2,8327224,8395424,0,0,0,0,0,0,0,0,0
117,347,3,8327224,8395424,0,0,0,0,0,0,0,0,0
118,348,1,8327224,8395940,0,0,0,0,0,0,1,0,0
118,349,2,8327224,8395424,0,0,0,0,0,0,0,0,0
118,350,3,8327224,8395424,0,0,0,0,0,0,0,0,0
119,351,1,8327224,8395940,0,0,0,0,0,0,1,0,0
119,352,2,8327224,8395424,0,0,0,0,0,0,0,0,0
119,353,3,8327224,8395424,0,0,0,0,0,0,0,0,0
120,354,1,8327224,8395940,0,0,0,0,0,0,1,0,0
120,355,2,8327224,8395424,0,0,0,0,0,0,0,0,0
120,356,3,8327224,8395424,0,0,0,0,0,0,0,0,0
121,357,1,8327224,8395940,0,0,0,0,0,0,1,0,0
121,358,2,8327224,8395424,0,0,0,0,0,0,0,0,0
121,359,3,8327224,8395424,0,0,0,0,0,0,0,0,0
122,360,1,8327224,8395940,0,0,0,0,0,0,1,0,0
122,361,2,8327224,8395424,0,0,0,0,0,0,0,0,0
122,362,3,8327224,8395424,0,0,0,0,0,0,0,0,0
123,363,1,8327224,8395940,0,0,0,0,0,0,1,0,0
123,364,2,8327224,8395424,0,0,0,0,0,0,0,0,0
123,365,3,8327224,8395424,0,0,0,0,0,0,0,0,0
124,366,1,8327224,8395940,0,0,0,0,0,0,1,0,0
124,367,2,8327224,8395424,0,0,0,0,0,0,0,0,0
124,368,3,8327224,8395424,0,0,0,0,0,0,0,0,0
125,369,1,8327224,8395940,0,0,0,0,0,0,1,0,0
125,370,2,8327224,8395424,0,0,0,0,0,0,0,0,0
125,371,3,8327224,8395424,0,0,0,0,0,0,0,0,0
126,372,1,8327224,8395940,0,0,0,0,0,0,1,0,0
126,373,2,8327224,8395424,0,0,0,0,0,0,0,0,0
126,374,3,8327224,8395424,0,0,0,0,0,0,0,0,0
127,375,1,8327224,8395940,0,0,0,0,0,0,1,0,0
127,376,2,8327224,8395424,0,0,0,0,0,0,0,0,0
127,377,3,8327224,8395424,0,0,0,0,0,0,0,0,0
128,378,1,8327224,8395940,0,0,0,0,0,0,1,0,0
128,379,2,8327224,8395424,0,0,0,0,0,0,0,0,0
128,380,3,8327224,8395424,0,0,0,0,0,0,0,0,0
129,381,1,8327224,8395940,0,0,0,0,0,0,1,0,0
129,382,2,8327224,8395424,0,0,0,0,0,0,0,0,0
129,383,3,8327224,8395424,0,0,0,0,0,0,0,0,0
130,384,1,8327224,8395940,0,0,0,0,0,0,1,0,0
130,385,2,8327224,8395424,0,0,0,0,0,0,0,0,0
130,386,3,8327224,8395424,0,0,0,0,0,0,0,0,0
131,387,1,8327224,8395940,0,0,0,0,0,0,1,0,0
131,388,2,8327224,8395424,0,0,0,0,0,0,0,0,0
131,389,3,8327224,8395424,0,0,0,0,0,0,0,0,0
132,390,1,8327224,8395940,0,0,0,0,0,0,1,0,0
132,391,2,8327224,8395424,0,0,0,0,0,0,0,0,0
132,392,3,8327224,8395424,0,0,0,0,0,0,0,0,0
133,393,1,8327224,8395940,0,0,0,0,0,0,1,0,0
133,394,2,8327224,8395424,0,0,0,0,0,0,0,0,0
133,395,3,8327224,8395424,0,0,0,0,0,0,0,0,0
134,396,1,8327224,8395940,0,0,0,0,0,0,1,0,0
134,397,2,8327224,8395424,0,0,0,0,0,0,0,0,0
134,398,3,8327224,8395424,0,0,0,0,0,0,0,0,0
135,399,1,8327224,8395940,0,0,0,0,0,0,1,0,0
135,400,2,8327224,8395424,0,0,0,0,0,0,0,0,0
135,401,3,8327224,8395424,0,0,0,0,0,0,0,0,0
136,402,1,8327224,8395940,0,0,0,0,0,0,1,0,0
136,403,2,8327224,8395424,0,0,0,0,0,0,0,0,0
136,404,3,8327224,8395424,0,0,0,0,0,0,0,0,0
137,405,1,8327224,8395940,0,0,0,0,0,0,1,0,0
137,406,2,8327224,8395424,0,0,0,0,0,0,0,0,0
137,407,3,8327224,8395424,0,0,0,0,0,0,0,0,0
138,408,1,8327224,8395940,0,0,0,0,0,0,1,0,0
138,409,2,8327224,8395424,0,0,0,0,0,0,0,0,0
138,410,3,8327224,8395424,0,0,0,0,0,0,0,0,0
139,411,1,8327224,8395940,0,0,0,0,0,0,1,0,0
139,412,2,8327224,8395424,0,0,0,0,0,0,0,0,0
139,413,3,8327224,8395424,0,0,0,0,0,0,0,0,0
140,414,1,8327224,8395940,0,0,0,0,0,0,1,0,0
140,415,2,8327224,8395424,0,0,0,0,0,0,0,0,0
140,416,3,8327224,8395424,0,0,0,0,0,0,0,0,0
141,417,1,8327224,8395940,0,0,0,0,0,0,1,0,0
141,418,2,8327224,8395424,0,0,0,0,0,0,0,0,0
141,419,3,8327224,8395424,0,0,0,0,0,0,0,0,0
142,420,1,8327224,8395940,0,0,0,0,0,0,1,0,0
142,421,2,8327224,8395424,0,0,0,0,0,0,0,0,0
142,422,3,8327224,8395424,0,0,0,0,0,0,0,0,0
143,423,1,8327224,8395940,0,0,0,0,0,0,1,0,0
143,424,2,8327224,8395424,0,0,0,0,0,0,0,0,0
143,425,3,8327224,8395424,0,0,0,0,0,0,0,0,0
144,426,1,8327224,8395940,0,0,0,0,0,0,1,0,0
144,427,2,8327224,8395424,0,0,0,0,0,0,0,0,0
144,428,3,8327224,8395424,0,0,0,0,0,0,0,0,0
145,429,1,8327224,8395940,0,0,0,0,0,0,1,0,0
145,430,2,8327224,8395424,0,0,0,0,0,0,0,0,0
145,431,3,8327224,8395424,0,0,0,0,0,0,0,0,0
146,432,1,8327224,8395940,0,0,0,0,0,0,1,0,0
146,433,2,8327224,8395424,0,0,0,0,0,0,0,0,0
146,434,3,8327224,8395424,0,0,0,0,0,0,0,0,0
147,435,1,8327224,8395940,0,0,0,0,0,0,1,0,0
147,436,2,8327224,8395424,0,0,0,0,0,0,0,0,0
147,437,3,8327224,8395424,0,0,0,0,0,0,0,0,0
148,438,1,8327224,8395940,0,0,0,0,0,0,1,0,0
148,439,2,8327224,8395424,0,0,0,0,0,0,0,0,0
148,440,3,8327224,8395424,0,0,0,0,0,0,0,0,0
149,441,1,8327224,8395940,0,0,0,0,0,0,1,0,0
149,442,2,8327224,8395424,0,0,0,0,0,0,0,0,0
149,443,3,8327224,8395424,0,0,0,0,0,0,0,0,0
150,444,1,8327224,8395940,0,0,0,0,0,0,1,0,0
150,445,2,8327224,8395424,0,0,0,0,0,0,0,0,0
150,446,3,8327224,8395424,0,0,0,0,0,0,0,0,0
151,447,1,8327224,8395940,0,0,0,0,0,0,1,0,0
151,448,2,8327224,8395424,0,0,0,0,0,0,0,0,0
151,449,3,8327224,8395424,0,0,0,0,0,0,0,0,0
152,450,1,8327224,8395940,0,0,0,0,0,0,1,0,0
152,451,2,8327224,8395424,0,0,0,0,0,0,0,0,0
152,452,3,8327224,8395424,0,0,0,0,0,0,0,0,0
153,453,1,8327224,8395940,0,0,0,0,0,0,1,0,0
153,454,2,8327224,8395424,0,0,0,0,0,0,0,0,0
153,455,3,8327224,8395424,0,0,0,0,0,0,0,0,0
154,456,1,8327224,8395940,0,0,0,0,0,0,1,0,0
154,457,2,8327224,8395424,0,0,0,0,0,0,0,0,0
154,458,3,8327224,8395424,0,0,0,0,0,0,0,0,0
155,459,1,8327224,8395940,0,0,0,0,0,0,1,0,0
155,460,2,8327224,8395424,0,0,0,0,0,0,0,0,0
155,461,3,8327224,8395424,0,0,0,0,0,0,0,0,0
156,462,1,8327224,8395940,0,0,0,0,0,0,1,0,0
156,463,2,8327224,8395424,0,0,0,0,0,0,0,0,0
156,464,3,8327224,8395424,0,0,0,0,0,0,0,0,0
157,465,1,8327224,8395940,0,0,0,0,0,0,1,0,0
157,466,2,8327224,8395424,0,0,0,0,0,0,0,0,0
157,467,3,8327224,8395424,0,0,0,0,0,0,0,0,0
158,468,1,8327224,8395940,0,0,0,0,0,0,1,0,0
158,469,2,8327224,8395424,0,0,0,0,0,0,0,0,0
158,470,3,8327224,8395424,0,0,0,0,0,0,0,0,0
159,471,1,8327224,8395940,0,0,0,0,0,0,1,0,0
159,472,2,8327224,8395424,0,0,0,0,0,0,0,0,0
159,473,3,8327224,8395424,0,0,0,0,0,0,0,0,0
160,474,1,8327224,8395940,0,0,0,0,0,0,1,0,0
160,475,2,8327224,8395424,0,0,0,0,0,0,0,0,0
160,476,3,8327224,8395424,0,0,0,0,0,0,0,0,0
161,477,1,8327224,8395940,0,0,0,0,0,0,1,0,0
161,478,2,8327224,8395424,0,0,0,0,0,0,0,0,0
161,479,3,8327224,8395424,0,0,0,0,0,0,0,0,0
162,480,1,8327224,8395940,0,0,0,0,0,0,1,0,0
162,481,2,8327224,8395424,0,0,0,0,0,0,0,0,0
162,482,3,8327224,8395424,0,0,0,0,0,0,0,0,0
163,483,1,8327224,8395940,0,0,0,0,0,0,1,0,0
163,484,2,8327224,8395424,0,0,0,0,0,0,0,0,0
163,485,3,8327224,8395424,0,0,0,0,0,0,0,0,0
164,486,1,8327224,8395940,0,0,0,0,0,0,1,0,0
164,487,2,8327224,8395424,0,0,0,0,0,0,0,0,0
164,488,3,8327224,8395424,0,0,0,0,0,0,0,0,0
165,489,1,8327224,8395940,0,0,0,0,0,0,1,0,0
165,490,2,8327224,8395424,0,0,0,0,0,0,0,0,0
165,491,3,8327224,8395424,0,0,0,0,0,0,0,0,0
166,492,1,8327224,8395940,0,0,0,0,0,0,1,0,0
166,493,2,8327224,8395424,0,0,0,0,0,0,0,0,0
166,494,3,8327224,8395424,0,0,0,0,0,0,0,0,0
167,495,1,8327224,8395940,0,0,0,0,0,0,1,0,0
167,496,2,8327224,8395424,0,0,0,0,0,0,0,0,0
167,497,3,8327224,8395424,0,0,0,0,0,0,0,0,0
168,498,1,8327224,8395940,0,0,0,0,0,0,1,0,0
168,499,2,8327224,8395424,0,0,0,0,0,0,0,0,0
168,500,3,8327224,8395424,0,0,0,0,0,0,0,0,0
169,501,1,8327224,8395940,0,0,0,0,0,0,1,0,0
169,502,2,8327224,8395424,0,0,0,0,0,0,0,0,0
169,503,3,8327224,8395424,0,0,0,0,0,0,0,0,0
170,504,1,8327224,8395940,0,0,0,0,0,0,1,0,0
170,505,2,8327224,8395424,0,0,0,0,0,0,0,0,0
170,506,3,8327224,8395424,0,0,0,0,0,0,0,0,0
171,507,1,8327224,8395940,0,0,0,0,0,0,1,0,0
171,508,2,8327224,8395424,0,0,0,0,0,0,0,0,0
171,509,3,8327224,8395424,0,0,0,0,0,0,0,0,0
172,510,1,8327224,8395940,0,0,0,0,0,0,1,0,0
172,511,2,8327224,8395424,0,0,0,0,0,0,0,0,0
172,512,3,8327224,8395424,0,0,0,0,0,0,0,0,0
173,513,1,8327224,8395940,0,0,0,0,0,0,1,0,0
173,514,2,8327224,8395424,0,0,0,0,0,0,0,0,0
173,515,3,8327224,8395424,0,0,0,0,0,0,0,0,0
174,516,1,8327224,8395940,0,0,0,0,0,0,1,0,0
174,517,2,8327224,8395424,0,0,0,0,0,0,0,0,0
174,518,3,8327224,8395424,0,0,0,0,0,0,0,0,0
175,519,1,8327224,8395940,0,0,0,0,0,0,1,0,0
175,520,2,8327224,8395424,0,0,0,0,0,0,0,0,0
175,521,3,8327224,8395424,0,0,0,0,0,0,0,0,0
176,522,1,8327224,8395940,0,0,0,0,0,0,1,0,0
176,523,2,8327224,8395424,0,0,0,0,0,0,0,0,0
176,524,3,8327224,8395424,0,0,0,0,0,0,0,0,0
177,525,1,8327224,8395940,0,0,0,0,0,0,1,0,0
177,526,2,8327224,8395424,0,0,0,0,0,0,0,0,0
177,527,3,8327224,8395424,0,0,0,0,0,0,0,0,0
178,528,1,8327224,8395940,0,0,0,0,0,0,1,0,0
178,529,2,8327224,8395424,0,0,0,0,0,0,0,0,0
178,530,3,8327224,8395424,0,0,0,0,0,0,0,0,0
179,531,1,8327224,8395940,0,0,0,0,0,0,1,0,0
179,532,2,8327224,8395424,0,0,0,0,0,0,0,0,0
179,533,3,8327224,8395424,0,0,0,0,0,0,0,0,0
180,534,1,8327224,8395940,0,0,0,0,0,0,1,0,0
180,535,2,8327224,8395424,0,0,0,0,0,0,0,0,0
180,536,3,8327224,8395424,0,0,0,0,0,0,0,0,0
181,537,1,8327224,8395940,0,0,0,0,0,0,1,0,0
181,538,2,8327224,8395424,0,0,0,0,0,0,0,0,0
181,539,3,8327224,8395424,0,0,0,0,0,0,0,0,0
182,540,1,8327224,8395940,0,0,0,0,0,0,1,0,0
182,541,2,8327224,8395424,0,0,0,0,0,0,0,0,0
182,542,3,8327224,8395424,0,0,0,0,0,0,0,0,0
183,543,1,8327224,8395940,0,0,0,0,0,0,1,0,0
183,544,2,8327224,8395424,0,0,0,0,0,0,0,0,0
183,545,3,8327224,8395424,0,0,0,0,0,0,0,0,0
184,546,1,8327224,8395940,0,0,0,0,0,0,1,0,0
184,547,2,8327224,8395424,0,0,0,0,0,0,0,0,0
184,548,3,8327224,8395424,0,0,0,0,0,0,0,0,0
185,549,1,8327224,8395940,0,0,0,0,0,0,1,0,0
185,550,2,8327224,8395424,0,0,0,0,0,0,0,0,0
185,551,3,8327224,8395424,0,0,0,0,0,0,0,0,0
186,552,1,8327224,8395940,0,0,0,0,0,0,1,0,0
186,553,2,8327224,8395424,0,0,0,0,0,0,0,0,0
186,554,3,8327224,8395424,0,0,0,0,0,0,0,0,0
187,555,1,8327224,8395940,0,0,0,0,0,0,1,0,0
187,556,2,8327224,8395424,0,0,0,0,0,0,0,0,0
187,557,3,8327224,8395424,0,0,0,0,0,0,0,0,0
188,558,1,8327224,8395940,0,0,0,0,0,0,1,0,0
188,559,2,8327224,8395424,0,0,0,0,0,0,0,0,0
188,560,3,8327224,8395424,0,0,0,0,0,0,0,0,0
189,561,1,8327224,8395940,0,0,0,0,0,0,1,0,0
189,562,2,8327224,8395424,0,0,0,0,0,0,0,0,0
189,563,3,8327224,8395424,0,0,0,0,0,0,0,0,0
190,564,1,8327224,8395940,0,0,0,0,0,0,1,0,0
190,565,2,8327224,8395424,0,0,0,0,0,0,0,0,0
190,566,3,8327224,8395424,0,0,0,0,0,0,0,0,0
191,567,1,8327224,8395940,0,0,0,0,0,0,1,0,0
191,568,2,8327224,8395424,0,0,0,0,0,0,0,0,0
191,569,3,8327224,8395424,0,0,0,0,0,0,0,0,0
192,570,1,8327224,8395940,0,0,0,0,0,0,1,0,0
192,571,2,8327224,8395424,0,0,0,0,0,0,0,0,0
192,572,3,8327224,8395424,0,0,0,0,0,0,0,0,0
193,573,1,8327224,8395940,0,0,0,0,0,0,1,0,0
193,574,2,8327224,8395424,0,0,0,0,0,0,0,0,0
193,575,3,8327224,8395424,0,0,0,0,0,0,0,0,0
194,576,1,8327224,8395940,0,0,0,0,0,0,1,0,0
194,577,2,8327224,8395424,0,0,0,0,0,0,0,0,0
194,578,3,8327224,8395424,0,0,0,0,0,0,0,0,0
195,579,1,8327224,8395940,0,0,0,0,0,0,1,0,0
195,580,2,8327224,8395424,0,0,0,0,0,0,0,0,0
195,581,3,8327224,8395424,0,0,0,0,0,0,0,0,0
196,582,1,8327224,8395940,0,0,0,0,0,0,1,0,0
196,583,2,8327224,8395424,0,0,0,0,0,0,0,0,0
196,584,3,8327224,8395424,0,0,0,0,0,0,0,0,0
197,585,1,8327224,8395940,0,0,0,0,0,0,1,0,0
197,586,2,8327224,8395424,0,0,0,0,0,0,0,0,0
197,587,3,8327224,8395424,0,0,0,0,0,0,0,0,0
198,588,1,8327224,8395940,0,0,0,0,0,0,1,0,0
198,589,2,8327224,8395424,0,0,0,0,0,0,0,0,0
198,590,3,8327224,8395424,0,0,0,0,0,0,0,0,0
199,591,1,8327224,8395940,0,0,0,0,0,0,1,0,0
199,592,2,8327224,8395424,0,0,0,0,0,0,0,0,0
199,593,3,8327224,8395424,0,0,0,0,0,0,0,0,0
200,594,1,8327224,8395940,0,0,0,0,0,0,1,0,0
200,595,2,8327224,8395424,0,0,0,0,0,0,0,0,0
200,596,3,8327224,8395424,0,0,0,0,0,0,0,0,0
201,597,1,8327224,8395940,0,0,0,0,0,0,1,0,0
201,598,2,8327224,8395424,0,0,0,0,0,0,0,0,0
201,599,3,8327224,8395424,0,0,0,0,0,0,0,0,0
202,600,1,8327224,8395940,0,0,0,0,0,0,1,0,0
202,601,2,8327224,8395424,0,0,0,0,0,0,0,0,0
202,602,3,8327224,8395424,0,0,0,0,0,0,0,0,0
203,603,1,8327224,8395940,0,0,0,0,0,0,1,0,0
203,604,2,8327224,8395424,0,0,0,0,0,0,0,0,0
203,605,3,8327224,8395424,0,0,0,0,0,0,0,0,0
204,606,1,8327224,8395940,0,0,0,0,0,0,1,0,0
204,607,2,8327224,8395424,0,0,0,0,0,0,0,0,0
204,608,3,8327224,8395424,0,0,0,0,0,0,0,0,0
205,609,1,8327224,8395940,0,0,0,0,0,0,1,0,0
205,610,2,8327224,8395424,0,0,0,0,0,0,0,0,0
205,611,3,8327224,8395424,0,0,0,0,0,0,0,0,0
206,612,1,8327224,8395940,0,0,0,0,0,0,1,0,0
206,613,2,8327224,8395424,0,0,0,0,0,0,0,0,0
206,614,3,8327224,8395424,0,0,0,0,0,0,0,0,0
207,615,1,8327224,8395940,0,0,0,0,0,0,1,0,0
207,616,2,8327224,8395424,0,0,0,0,0,0,0,0,0
207,617,3,8327224,8395424,0,0,0,0,0,0,0,0,0
208,618,1,8327224,8395940,0,0,0,0,0,0,1,0,0
208,619,2,8327224,8395424,0,0,0,0,0,0,0,0,0
208,620,3,8327224,8395424,0,0,0,0,0,0,0,0,0
209,621,1,8327224,8395940,0,0,0,0,0,0,1,0,0
209,622,2,8327224,8395424,0,0,0,0,0,0,0,0,0
209,623,3,8327224,8395424,0,0,0,0,0,0,0,0,0
210,624,1,8327224,8395940,0,0,0,0,0,0,1,0,0
210,625,2,8327224,8395424,0,0,0,0,0,0,0,0,0
210,626,3,8327224,8395424,0,0,0,0,0,0,0,0,0
211,627,1,8327224,8395940,0,0,0,0,0,0,1,0,0
211,628,2,8327224,8395424,0,0,0,0,0,0,0,0,0
211,629,3,8327224,8395424,0,0,0,0,0,0,0,0,0
212,630,1,8327224,8395940,0,0,0,0,0,0,1,0,0
212,631,2,8327224,8395424,0,0,0,0,0,0,0,0,0
212,632,3,8327224,8395424,0,0,0,0,0,0,0,0,0
213,633,1,8327224,8395940,0,0,0,0,0,0,1,0,0
213,634,2,8327224,8395424,0,0,0,0,0,0,0,0,0
213,635,3,8327224,8395424,0,0,0,0,0,0,0,0,0
214,636,1,8327224,8395940,0,0,0,0,0,0,1,0,0
214,637,2,8327224,8395424,0,0,0,0,0,0,0,0,0
214,638,3,8327224,8395424,0,0,0,0,0,0,0,0,0
215,639,1,8327224,8395940,0,0,0,0,0,0,1,0,0
215,640,2,8327224,8395424,0,0,0,0,0,0,0,0,0
215,641,3,8327224,8395424,0,0,0,0,0,0,0,0,0
216,642,1,8327224,8395940,0,0,0,0,0,0,1,0,0
216,643,2,8327224,8395424,0,0,0,0,0,0,0,0,0
216,644,3,8327224,8395424,0,0,0,0,0,0,0,0,0
217,645,1,8327224,8395940,0,0,0,0,0,0,1,0,0
217,646,2,8327224,8395424,0,0,0,0,0,0,0,0,0
217,647,3,8327224,8395424,0,0,0,0,0,0,0,0,0
218,648,1,8327224,8395940,0,0,0,0,0,0,1,0,0
218,649,2,8327224,8395424,0,0,0,0,0,0,0,0,0
218,650,3,8327224,8395424,0,0,0,0,0,0,0,0,0
219,651,1,8327224,8395940,0,0,0,0,0,0,1,0,0
219,652,2,8327224,8395424,0,0,0,0,0,0,0,0,0
219,653,3,8327224,8395424,0,0,0,0,0,0,0,0,0
220,654,1,8327224,8395940,0,0,0,0,0,0,1,0,0
220,655,2,8327224,8395424,0,0,0,0,0,0,0,0,0
220,656,3,8327224,8395424,0,0,0,0,0,0,0,0,0
221,657,1,8327224,8395940,0,0,0,0,0,0,1,0,0
221,658,2,8327224,8395424,0,0,0,0,0,0,0,0,0
221,659,3,8327224,8395424,0,0,0,0,0,0,0,0,0
222,660,1,8327224,8395940,0,0,0,0,0,0,1,0,0
222,661,2,8327224,8395424,0,0,0,0,0,0,0,0,0
222,662,3,8327224,8395424,0,0,0,0,0,0,0,0,0
223,663,1,8327224,8395940,0,0,0,0,0,0,1,0,0
223,664,2,8327224,8395424,0,0,0,0,0,0,0,0,0
223,665,3,8327224,8395424,0,0,0,0,0,0,0,0,0
224,666,1,8327224,8395940,0,0,0,0,0,0,1,0,0
224,667,2,8327224,8395424,0,0,0,0,0,0,0,0,0
224,668,3,8327224,8395424,0,0,0,0,0,0,0,0,0
225,669,1,8327224,8395940,0,0,0,0,0,0,1,0,0
225,670,2,8327224,8395424,0,0,0,0,0,0,0,0,0
225,671,3,8327224,8395424,0,0,0,0,0,0,0,0,0
226,672,1,8327224,8395940,0,0,0,0,0,0,1,0,0
226,673,2,8327224,8395424,0,0,0,0,0,0,0,0,0
226,674,3,8327224,8395424,0,0,0,0,0,0,0,0,0
227,675,1,8327224,8395940,0,0,0,0,0,0,1,0,0
227,676,2,8327224,8395424,0,0,0,0,0,0,0,0,0
227,677,3,8327224,8395424,0,0,0,0,0,0,0,0,0
228,678,1,8327224,8395940,0,0,0,0,0,0,1,0,0
228,679,2,8327224,8395424,0,0,0,0,0,0,0,0,0
228,680,3,8327224,8395424,0,0,0,0,0,0,0,0,0
229,681,1,8327224,8395940,0,0,0,0,0,0,1,0,0
229,682,2,8327224,8395424,0,0,0,0,0,0,0,0,0
229,683,3,8327224,8395424,0,0,0,0,0,0,0,0,0
230,684,1,8327224,8395940,0,0,0,0,0,0,1,0,0
230,685,2,8327224,8395424,0,0,0,0,0,0,0,0,0
230,686,3,8327224,8395424,0,0,0,0,0,0,0,0,0
231,687,1,8327224,8395940,0,0,0,0,0,0,1,0,0
231,688,2,8327224,8395424,0,0,0,0,0,0,0,0,0
231,689,3,8327224,8395424,0,0,0,0,0,0,0,0,0
232,690,1,8327224,8395940,0,0,0,0,0,0,1,0,0
232,691,2,8327224,8395424,0,0,0,0,0,0,0,0,0
232,692,3,8327224,8395424,0,0,0,0,0,0,0,0,0
233,693,1,8327224,8395940,0,0,0,0,0,0,1,0,0
233,694,2,8327224,8395424,0,0,0,0,0,0,0,0,0
233,695,3,8327224,8395424,0,0,0,0,0,0,0,0,0
234,696,1,8327224,8395940,0,0,0,0,0,0,1,0,0
234,697,2,8327224,8395424,0,0,0,0,0,0,0,0,0
234,698,3,8327224,8395424,0,0,0,0,0,0,0,0,0
235,699,1,8327224,8395940,0,0,0,0,0,0,1,0,0
235,700,2,8327224,8395424,0,0,0,0,0,0,0,0,0
235,701,3,8327224,8395424,0,0,0,0,0,0,0,0,0
236,702,1,8327224,8395940,0,0,0,0,0,0,1,0,0
236,703,2,8327224,8395424,0,0,0,0,0,0,0,0,0
236,704,3,8327224,8395424,0,0,0,0,0,0,0,0,0
237,705,1,8327224,8395940,0,0,0,0,0,0,1,0,0
237,706,2,8327224,8395424,0,0,0,0,0,0,0,0,0
237,707,3,8327224,8395424,0,0,0,0,0,0,0,0,0
238,708,1,8327224,8395940,0,0,0,0,0,0,1,0,0
238,709,2,8327224,8395424,0,0,0,0,0,0,0,0,0
238,710,3,8327224,8395424,0,0,0,0,0,0,0,0,0
239,711,1,8327224,8395940,0,0,0,0,0,0,1,0,0
239,712,2,8327224,8395424,0,0,0,0,0,0,0,0,0
239,713,3,8327224,8395424,0,0,0,0,0,0,0,0,0
240,714,1,8327224,8395940,0,0,0,0,0,0,1,0,0
240,715,2,8327224,8395424,0,0,0,0,0,0,0,0,0
240,716,3,8327224,8395424,0,0,0,0,0,0,0,0,0
241,717,1,8327224,8395940,0,0,0,0,0,0,1,0,0
241,718,2,8327224,8395424,0,0,0,0,0,0,0,0,0
241,719,3,8327224,8395424,0,0,0,0,0,0,0,0,0
242,720,1,8327224,8395940,0,0,0,0,0,0,1,0,0
242,721,2,8327224,8395424,0,0,0,0,0,0,0,0,0
242,722,3,8327224,8395424,0,0,0,0,0,0,0,0,0
243,723,1,8327224,8395940,0,0,0,0,0,0,1,0,0
243,724,2,8327224,8395424,0,0,0,0,0,0,0,0,0
243,725,3,8327224,8395424,0,0,0,0,0,0,0,0,0
244,726,1,8327224,8395940,0,0,0,0,0,0,1,0,0
244,727,2,8327224,8395424,0,0,0,0,0,0,0,0,0
244,728,3,8327224,8395424,0,0,0,0,0,0,0,0,0
245,729,1,8327224,8395940,0,0,0,0,0,0,1,0,0
245,730,2,8327224,8395424,0,0,0,0,0,0,0,0,0
245,731,3,8327224,8395424,0,0,0,0,0,0,0,0,0
246,732,1,8327224,8395940,0,0,0,0,0,0,1,0,0
246,733,2,8327224,8395424,0,0,0,0,0,0,0,0,0
246,734,3,8327224,8395424,0,0,0,0,0,0,0,0,0
247,735,1,8327224,8395940,0,0,0,0,0,0,1,0,0
247,736,2,8327224,8395424,0,0,0,0,0,0,0,0,0
247,737,3,8327224,8395424,0,0,0,0,0,0,0,0,0
248,738,1,8327224,8395940,0,0,0,0,0,0,1,0,0
248,739,2,8327224,8395424,0,0,0,0,0,0,0,0,0
248,740,3,8327224,8395424,0,0,0,0,0,0,0,0,0
249,741,1,8327224,8395940,0,0,0,0,0,0,1,0,0
249,742,2,8327224,8395424,0,0,0,0,0,0,0,0,0
249,743,3,8327224,8395424,0,0,0,0,0,0,0,0,0
250,744,1,8327224,8395940,0,0,0,0,0,0,1,0,0
250,745,2,8327224,8395424,0,0,0,0,0,0,0,0,0
250,746,3,8327224,8395424,0,0,0,0,0,0,0,0,0
251,747,1,8327224,8395940,0,0,0,0,0,0,1,0,0
251,748,2,8327224,8395424,0,0,0,0,0,0,0,0,0
251,749,3,8327224,8395424,0,0,0,0,0,0,0,0,0
252,750,1,8327224,8395940,0,0,0,0,0,0,1,0,0
252,751,2,8327224,8395424,0,0,0,0,0,0,0,0,0
252,752,3,8327224,8395424,0,0,0,0,0,0,0,0,0
253,753,1,8327224,8395940,0,0,0,0,0,0,1,0,0
253,754,2,8327224,8395424,0,0,0,0,0,0,0,0,0
253,755,3,8327224,8395424,0,0,0,0,0,0,0,0,0
254,756,1,8327224,8395940,0,0,0,0,0,0,1,0,0
254,757,2,8327224,8395424,0,0,0,0,0,0,0,0,0
254,758,3,8327224,8395424,0,0,0,0,0,0,0,0,0
255,759,1,8327224,8395940,0,0,0,0,0,0,1,0,0
255,760,2,8327224,8395424,0,0,0,0,0,0,0,0,0
255,761,3,8327224,8395424,0,0,0,0,0,0,0,0,0
256,762,1,8327224,8395940,0,0,0,0,0,0,1,0,0
256,763,2,8327224,8395424,0,0,0,0,0,0,0,0,0
256,764,3,8327224,8395424,0,0,0,0,0,0,0,0,0
257,765,1,8327224,8395940,0,0,0,0,0,0,1,0,0
257,766,2,8327224,8395424,0,0,0,0,0,0,0,0,0
257,767,3,8327224,8395424,0,0,0,0,0,0,0,0,0
258,768,1,8327224,8395940,0,0,0,0,0,0,1,0,0
258,769,2,8327224,8395424,0,0,0,0,0,0,0,0,0
258,770,3,8327224,8395424,0,0,0,0,0,0,0,0,0
259,771,1,8327224,8395940,0,0,0,0,0,0,1,0,0
259,772,2,8327224,8395424,0,0,0,0,0,0,0,0,0
259,773,3,8327224,8395424,0,0,0,0,0,0,0,0,0
260,774,1,8327224,8395940,0,0,0,0,0,0,1,0,0
260,775,2,8327224,8395424,0,0,0,0,0,0,0,0,0
260,776,3,8327224,8395424,0,0,0,0,0,0,0,0,0
261,777,1,8327224,8395940,0,0,0,0,0,0,1,0,0
261,778,2,8327224,8395424,0,0,0,0,0,0,0,0,0
261,779,3,8327224,8395424,0,0,0,0,0,0,0,0,0
262,780,1,8327224,8395940,0,0,0,0,0,0,1,0,0
262,781,2,8327224,8395424,0,0,0,0,0,0,0,0,0
262,782,3,8327224,8395424,0,0,0,0,0,0,0,0,0
263,783,1,8327224,8395940,0,0,0,0,0,0,1,0,0
263,784,2,8327224,8395424,0,0,0,0,0,0,0,0,0
263,785,3,8327224,8395424,0,0,0,0,0,0,0,0,0
264,786,1,8327224,8395940,0,0,0,0,0,0,1,0,0
264,787,2,8327224,8395424,0,0,0,0,0,0,0,0,0
264,788,3,8327224,8395424,0,0,0,0,0,0,0,0,0
265,789,1,8327224,8395940,0,0,0,0,0,0,1,0,0
265,790,2,8327224,8395424,0,0,0,0,0,0,0,0,0
265,791,3,8327224,8395424,0,0,0,0,0,0,0,0,0
266,792,1,8327224,8395940,0,0,0,0,0,0,1,0,0
266,793,2,8327224,8395424,0,0,0,0,0,0,0,0,0
266,794,3,8327224,8395424,0,0,0,0,0,0,0,0,0
267,795,1,8327224,8395940,0,0,0,0,0,0,1,0,0
267,796,2,8327224,8395424,0,0,0,0,0,0,0,0,0
267,797,3,8327224,8395424,0,0,0,0,0,0,0,0,0
268,798,1,8327224,8395940,0,0,0,0,0,0,1,0,0
268,799,2,8327224,8395424,0,0,0,0,0,0,0,0,0
268,800,3,8327224,8395424,0,0,0,0,0,0,0,0,0
269,801,1,8327224,8395940,0,0,0,0,0,0,1,0,0
269,802,2,8327224,8395424,0,0,0,0,0,0,0,0,0
269,803,3,8327224,8395424,0,0,0,0,0,0,0,0,0
270,804,1,8327224,8395940,0,0,0,0,0,0,1,0,0
270,805,2,8327224,8395424,0,0,0,0,0,0,0,0,0
270,806,3,8327224,8395424,0,0,0,0,0,0,0,0,0
271,807,1,8327224,8395940,0,0,0,0,0,0,1,0,0
271,808,2,8327224,8395424,0,0,0,0,0,0,0,0,0
271,809,3,8327224,8395424,0,0,0,0,0,0,0,0,0
272,810,1,8327224,8395940,0,0,0,0,0,0,1,0,0
272,811,2,8327224,8395424,0,0,0,0,0,0,0,0,0
272,812,3,8327224,8395424,0,0,0,0,0,0,0,0,0
273,813,1,8327224,8395940,0,0,0,0,0,0,1,0,0
273,814,2,8327224,8395424,0,0,0,0,0,0,0,0,0
273,815,3,8327224,8395424,0,0,0,0,0,0,0,0,0
274,816,1,8327224,8395940,0,0,0,0,0,0,1,0,0
274,817,2,8327224,8395424,0,0,0,0,0,0,0,0,0
274,818,3,8327224,8395424,0,0,0,0,0,0,0,0,0
275,819,1,8327224,8395940,0,0,0,0,0,0,1,0,0
275,820,2,8327224,8395424,0,0,0,0,0,0,0,0,0
275,821,3,8327224,8395424,0,0,0,0,0,0,0,0,0
276,822,1,8327224,8395940,0,0,0,0,0,0,1,0,0
276,823,2,8327224,8395424,0,0,0,0,0,0,0,0,0
276,824,3,8327224,8395424,0,0,0,0,0,0,0,0,0
277,825,1,8327224,8395940,0,0,0,0,0,0,1,0,0
277,826,2,8327224,8395424,0,0,0,0,0,0,0,0,0
277,827,3,8327224,8395424,0,0,0,0,0,0,0,0,0
278,828,1,8327224,8395940,0,0,0,0,0,0,1,0,0
278,829,2,8327224,8395424,0,0,0,0,0,0,0,0,0
278,830,3,8327224,8395424,0,0,0,0,0,0,0,0,0
279,831,1,8327224,8395940,0,0,0,0,0,0,1,0,0
279,832,2,8327224,8395424,0,0,0,0,0,0,0,0,0
279,833,3,8327224,8395424,0,0,0,0,0,0,0,0,0
280,834,1,8327224,8395940,0,0,0,0,0,0,1,0,0
280,835,2,8327224,8395424,0,0,0,0,0,0,0,0,0
280,836,3,8327224,8395424,0,0,0,0,0,0,0,0,0
281,837,1,8327224,8395940,0,0,0,0,0,0,1,0,0
281,838,2,8327224,8395424,0,0,0,0,0,0,0,0,0
281,839,3,8327224,8395424,0,0,0,0,0,0,0,0,0
282,840,1,8327224,8395940,0,0,0,0,0,0,1,0,0
282,841,2,8327224,8395424,0,0,0,0,0,0,0,0,0
282,842,3,8327224,8395424,0,0,0,0,0,0,0,0,0
283,843,1,8327224,8395940,0,0,0,0,0,0,1,0,0
283,844,2,8327224,8395424,0,0,0,0,0,0,0,0,0
283,845,3,8327224,8395424,0,0,0,0,0,0,0,0,0
284,846,1,8327224,8395940,0,0,0,0,0,0,1,0,0
284,847,2,8327224,8395424,0,0,0,0,0,0,0,0,0
284,848,3,8327224,8395424,0,0,0,0,0,0,0,0,0
285,849,1,8327224,8395940,0,0,0,0,0,0,1,0,0
285,850,2,8327224,8395424,0,0,0,0,0,0,0,0,0
285,851,3,8327224,8395424,0,0,0,0,0,0,0,0,0
286,852,1,8327224,8395940,0,0,0,0,0,0,1,0,0
286,853,2,8327224,8395424,0,0,0,0,0,0,0,0,0
286,854,3,8327224,8395424,0,0,0,0,0,0,0,0,0
287,855,1,8327224,8395940,0,0,0,0,0,0,1,0,0
287,856,2,8327224,8395424,0,0,0,0,0,0,0,0,0
287,857,3,8327224,8395424,0,0,0,0,0,0,0,0,0
288,858,1,8327224,8395940,0,0,0,0,0,0,1,0,0
288,859,2,8327224,8395424,0,0,0,0,0,0,0,0,0
288,860,3,8327224,8395424,0,0,0,0,0,0,0,0,0
289,861,1,8327224,8395940,0,0,0,0,0,0,1,0,0
289,862,2,8327224,8395424,0,0,0,0,0,0,0,0,0
289,863,3,8327224,8395424,0,0,0,0,0,0,0,0,0
290,864,1,8327224,8395940,0,0,0,0,0,0,1,0,0
290,865,2,8327224,8395424,0,0,0,0,0,0,0,0,0
290,866,3,8327224,8395424,0,0,0,0,0,0,0,0,0
291,867,1,8327224,8395940,0,0,0,0,0,0,1,0,0
291,868,2,8327224,8395424,0,0,0,0,0,0,0,0,0
291,869,3,8327224,8395424,0,0,0,0,0,0,0,0,0
292,870,1,8327224,8395940,0,0,0,0,0,0,1,0,0
292,871,2,8327224,8395424,0,0,0,0,0,0,0,0,0
292,872,3,8327224,8395424,0,0,0,0,0,0,0,0,0
293,873,1,8327224,8395940,0,0,0,0,0,0,1,0,0
293,874,2,8327224,8395424,0,0,0,0,0,0,0,0,0
293,875,3,8327224,8395424,0,0,0,0,0,0,0,0,0
294,876,1,8327224,8395940,0,0,0,0,0,0,1,0,0
294,877,2,8327224,8395424,0,0,0,0,0,0,0,0,0
294,878,3,8327224,8395424,0,0,0,0,0,0,0,0,0
295,879,1,8327224,8395940,0,0,0,0,0,0,1,0,0
295,880,2,8327224,8395424,0,0,0,0,0,0,0,0,0
295,881,3,8327224,8395424,0,0,0,0,0,0,0,0,0
296,882,1,8327224,8395940,0,0,0,0,0,0,1,0,0
296,883,2,8327224,8395424,0,0,0,0,0,0,0,0,0
296,884,3,8327224,8395424,0,0,0,0,0,0,0,0,0
297,885,1,8327224,8395940,0,0,0,0,0,0,1,0,0
297,886,2,8327224,8395424,0,0,0,0,0,0,0,0,0
297,887,3,8327224,8395424,0,0,0,0,0,0,0,0,0
298,888,1,8327224,8395940,0,0,0,0,0,0,1,0,0
298,889,2,8327224,8395424,0,0,0,0,0,0,0,0,0
298,890,3,8327224,8395424,0,0,0,0,0,0,0,0,0
299,891,1,8327224,8395940,0,0,0,0,0,0,1,0,0
299,892,2,8327224,8395424,0,0,0,0,0,0,0,0,0
299,893,3,8327224,8395424,0,0,0,0,0,0,0,0,0
300,894,1,8327224,8395940,0,0,0,0,0,0,1,0,0
300,895,2,8327224,8395424,0,0,0,0,0,0,0,0,0
300,896,3,8327224,8395424,0,0,0,0,0,0,0,0,0
301,897,1,8327224,8395940,0,0,0,0,0,0,1,0,0
301,898,2,8327224,8395424,0,0,0,0,0,0,0,0,0
301,899,3,8327224,8395424,0,0,0,0,0,0,0,0,0
302,900,1,8327224,8395940,0,0,0,0,0,0,1,0,0
302,901,2,8327224,8395424,0,0,0,0,0,0,0,0,0
302,902,3,8327224,8395424,0,0,0,0,0,0,0,0,0
303,903,1,8327224,8395940,0,0,0,0,0,0,1,0,0
303,904,2,8327224,8395424,0,0,0,0,0,0,0,0,0
303,905,3,8327224,8395424,0,0,0,0,0,0,0,0,0
304,906,1,8327224,8395940,0,0,0,0,0,0,1,0,0
304,907,2,8327224,8395424,0,0,0,0,0,0,0,0,0
304,908,3,8327224,8395424,0,0,0,0,0,0,0,0,0
305,909,1,8327224,8395940,0,0,0,0,0,0,1,0,0
305,910,2,8327224,8395424,0,0,0,0,0,0,0,0,0
305,911,3,8327224,8395424,0,0,0,0,0,0,0,0,0
306,912,1,8327224,8395940,0,0,0,0,0,0,1,0,0
306,913,2,8327224,8395424,0,0,0,0,0,0,0,0,0
306,914,3,8327224,8395424,0,0,0,0,0,0,0,0,0
307,915,1,8327224,8395940,0,0,0,0,0,0,1,0,0
307,916,2,8327224,8395424,0,0,0,0,0,0,0,0,0
307,917,3,8327224,8395424,0,0,0,0,0,0,0,0,0
308,918,1,8327224,8395940,0,0,0,0,0,0,1,0,0
308,919,2,8327224,8395424,0,0,0,0,0,0,0,0,0
308,920,3,8327224,8395424,0,0,0,0,0,0,0,0,0
309,921,1,8327224,8395940,0,0,0,0,0,0,1,0,0
309,922,2,8327224,8395424,0,0,0,0,0,0,0,0,0
309,923,3,8327224,8395424,0,0,0,0,0,0,0,0,0
310,924,1,8327224,8395940,0,0,0,0,0,0,1,0,0
310,925,2,8327224,8395424,0,0,0,0,0,0,0,0,0
310,926,3,8327224,8395424,0,0,0,0,0,0,0,0,0
311,927,1,8327224,8395940,0,0,0,0,0,0,1,0,0
311,928,2,8327224,8395424,0,0,0,0,0,0,0,0,0
311,929,3,8327224,8395424,0,0,0,0,0,0,0,0,0
312,930,1,8327224,8395940,0,0,0,0,0,0,1,0,0
312,931,2,8327224,8395424,0,0,0,0,0,0,0,0,0
312,932,3,8327224,8395424,0,0,0,0,0,0,0,0,0
313,933,1,8327224,8395940,0,0,0,0,0,0,1,0,0
313,934,2,8327224,8395424,0,0,0,0,0,0,0,0,0
313,935,3,8327224,8395424,0,0,0,0,0,0,0,0,0
314,936,1,8327224,8395940,0,0,0,0,0,0,1,0,0
314,937,2,8327224,8395424,0,0,0,0,0,0,0,0,0
314,938,3,8327224,8395424,0,0,0,0,0,0,0,0,0
315,939,1,8327224,8395940,0,0,0,0,0,0,1,0,0
315,940,2,8327224,8395424,0,0,0,0,0,0,0,0,0
315,941,3,8327224,8395424,0,0,0,0,0,0,0,0,0
316,942,1,8327224,8395940,0,0,0,0,0,0,1,0,0
316,943,2,8327224,8395424,0,0,0,0,0,0,0,0,0
316,944,3,8327224,8395424,0,0,0,0,0,0,0,0,0
317,945,1,8327224,8395940,0,0,0,0,0,0,1,0,0
317,946,2,8327224,8395424,0,0,0,0,0,0,0,0,0
317,947,3,8327224,8395424,0,0,0,0,0,0,0,0,0
318,948,1,8327224,8395940,0,0,0,0,0,0,1,0,0
318,949,2,8327224,8395424,0,0,0,0,0,0,0,0,0
318,950,3,8327224,8395424,0,0,0,0,0,0,0,0,0
319,951,1,8327224,8395940,0,0,0,0,0,0,1,0,0
319,952,2,8327224,8395424,0,0,0,0,0,0,0,0,0
319,953,3,8327224,8395424,0,0,0,0,0,0,0,0,0
320,954,1,8327224,8395940,0,0,0,0,0,0,1,0,0
320,955,2,8327224,8395424,0,0,0,0,0,0,0,0,0
320,956,3,8327224,8395424,0,0,0,0,0,0,0,0,0
321,957,1,8327224,8395940,0,0,0,0,0,0,1,0,0
321,958,2,8327224,8395424,0,0,0,0,0,0,0,0,0
321,959,3,8327224,8395424,0,0,0,0,0,0,0,0,0
322,960,1,8327224,8395940,0,0,0,0,0,0,1,0,0
322,961,2,8327224,8395424,0,0,0,0,0,0,0,0,0
322,962,3,8327224,8395424,0,0,0,0,0,0,0,0,0
323,963,1,8327224,8395940,0,0,0,0,0,0,1,0,0
323,964,2,8327224,8395424,0,0,0,0,0,0,0,0,0
323,965,3,8327224,8395424,0,0,0,0,0,0,0,0,0
324,966,1,8327224,8395940,0,0,0,0,0,0,1,0,0
324,967,2,8327224,8395424,0,0,0,0,0,0,0,0,0
324,968,3,8327224,8395424,0,0,0,0,0,0,0,0,0
325,969,1,8327224,8395940,0,0,0,0,0,0,1,0,0
325,970,2,8327224,8395424,0,0,0,0,0,0,0,0,0
325,971,3,8327224,8395424,0,0,0,0,0,0,0,0,0
326,972,1,8327224,8395940,0,0,0,0,0,0,1,0,0
326,973,2,8327224,8395424,0,0,0,0,0,0,0,0,0
326,974,3,8327224,8395424,0,0,0,0,0,0,0,0,0
327,975,1,8327224,8395940,0,0,0,0,0,0,1,0,0
327,976,2,8327224,8395424,0,0,0,0,0,0,0,0,0
327,977,3,8327224,8395424,0,0,0,0,0,0,0,0,0
328,978,1,8327224,8395940,0,0,0,0,0,0,1,0,0
328,979,2,8327224,8395424,0,0,0,0,0,0,0,0,0
328,980,3,8327224,8395424,0,0,0,0,0,0,0,0,0
329,981,1,8327224,8395940,0,0,0,0,0,0,1,0,0
329,982,2,8327224,8395424,0,0,0,0,0,0,0,0,0
329,983,3,8327224,8395424,0,0,0,0,0,0,0,0,0
330,984,1,8327224,8395940,0,0,0,0,0,0,1,0,0
330,985,2,8327224,8395424,0,0,0,0,0,0,0,0,0
330,986,3,8327224,8395424,0,0,0,0,0,0,0,0,0
331,987,1,8327224,8395940,0,0,0,0,0,0,1,0,0
331,988,2,8327224,8395424,0,0,0,0,0,0,0,0,0
331,989,3,8327224,8395424,0,0,0,0,0,0,0,0,0
332,990,1,8327224,8395940,0,0,0,0,0,0,1,0,0
332,991,2,8327224,8395424,0,0,0,0,0,0,0,0,0
332,992,3,8327224,8395424,0,0,0,0,0,0,0,0,0
333,993,1,8327224,8395940,0,0,0,0,0,0,1,0,0
333,994,2,8327224,8395424,0,0,0,0,0,0,0,0,0
333,995,3,8327224,8395424,0,0,0,0,0,0,0,0,0
334,996,1,8327224,8395940,0,0,0,0,0,0,1,0,0
334,997,2,8327224,8395424,0,0,0,0,0,0,0,0,0
334,998,3,8327224,8395424,0,0,0,0,0,0,0,0,0
335,999,1,8327224,8395940,0,0,0,0,0,0,1,0,0
335,1000,2,8327224,8395424,0,0,0,0,0,0,0,0,0
335,1001,3,8327224,8395424,0,0,0,0,0,0,0,0,0
336,1002,1,8327224,8395940,0,0,0,0,0,0,1,0,0
336,1003,2,8327224,8395424,0,0,0,0,0,0,0,0,0
336,1004,3,8327224,8395424,0,0,0,0,0,0,0,0,0
337,1005,1,8327224,8395940,0,0,0,0,0,0,1,0,0
337,1006,2,8327224,8395424,0,0,0,0,0,0,0,0,0
337,1007,3,8327224,8395424,0,0,0,0,0,0,0,0,0
338,1008,1,8327224,8395940,0,0,0,0,0,0,1,0,0
338,1009,2,8327224,8395424,0,0,0,0,0,0,0,0,0
338,1010,3,8327224,8395424,0,0,0,0,0,0,0,0,0
339,1011,1,8327224,8395940,0,0,0,0,0,0,1,0,0
339,1012,2,8327224,8395424,0,0,0,0,0,0,0,0,0
339,1013,3,8327224,8395424,0,0,0,0,0,0,0,0,0
340,1014,1,8327224,8395940,0,0,0,0,0,0,1,0,0
340,1015,2,8327224,8395424,0,0,0,0,0,0,0,0,0
340,1016,3,8327224,8395424,0,0,0,0,0,0,0,0,0
341,1017,1,8327224,8395940,0,0,0,0,0,0,1,0,0
341,1018,2,8327224,8395424,0,0,0,0,0,0,0,0,0
341,1019,3,8327224,8395424,0,0,0,0,0,0,0,0,0
342,1020,1,8327224,8395940,0,0,0,0,0,0,1,0,0
342,1021,2,8327224,8395424,0,0,0,0,0,0,0,0,0
342,1022,3,8327224,8395424,0,0,0,0,0,0,0,0,0
343,1023,1,8327224,8395940,0,0,0,0,0,0,1,0,0
343,1024,2,8327224,8395424,0,0,0,0,0,0,0,0,0
343,1025,3,8327224,8395424,0,0,0,0,0,0,0,0,0
344,1026,1,8327224,8395940,0,0,0,0,0,0,1,0,0
344,1027,2,8327224,8395424,0,0,0,0,0,0,0,0,0
344,1028,3,8327224,8395424,0,0,0,0,0,0,0,0,0
345,1029,1,8327224,8395940,0,0,0,0,0,0,1,0,0
345,1030,2,8327224,8395424,0,0,0,0,0,0,0,0,0
345,1031,3,8327224,8395424,0,0,0,0,0,0,0,0,0
346,1032,1,8327224,8395940,0,0,0,0,0,0,1,0,0
346,1033,2,8327224,8395424,0,0,0,0,0,0,0,0,0
346,1034,3,8327224,8395424,0,0,0,0,0,0,0,0,0
347,1035,1,8327224,8395940,0,0,0,0,0,0,1,0,0
347,1036,2,8327224,8395424,0,0,0,0,0,0,0,0,0
347,1037,3,8327224,8395424,0,0,0,0,0,0,0,0,0
348,1038,1,8327224,8395940,0,0,0,0,0,0,1,0,0
348,1039,2,8327224,8395424,0,0,0,0,0,0,0,0,0
348,1040,3,8327224,8395424,0,0,0,0,0,0,0,0,0
349,1041,1,8327224,8395940,0,0,0,0,0,0,1,0,0
349,1042,2,8327224,8395424,0,0,0,0,0,0,0,0,0
349,1043,3,8327224,8395424,0,0,0,0,0,0,0,0,0
350,1044,1,8327224,8395940,0,0,0,0,0,0,1,0,0
350,1045,2,8327224,8395424,0,0,0,0,0,0,0,0,0
350,1046,3,8327224,8395424,0,0,0,0,0,0,0,0,0
351,1047,1,8327224,8395940,0,0,0,0,0,0,1,0,0
351,1048,2,8327224,8395424,0,0,0,0,0,0,0,0,0
351,1049,3,8327224,8395424,0,0,0,0,0,0,0,0,0
352,1050,1,8327224,8395940,0,0,0,0,0,0,1,0,0
352,1051,2,8327224,8395424,0,0,0,0,0,0,0,0,0
352,1052,3,8327224,8395424,0,0,0,0,0,0,0,0,0
353,1053,1,8327224,8395940,0,0,0,0,0,0,1,0,0
353,1054,2,8327224,8395424,0,0,0,0,0,0,0,0,0
353,1055,3,8327224,8395424,0,0,0,0,0,0,0,0,0
354,1056,1,8327224,8395940,0,0,0,0,0,0,1,0,0
354,1057,2,8327224,8395424,0,0,0,0,0,0,0,0,0
354,1058,3,8327224,8395424,0,0,0,0,0,0,0,0,0
355,1059,1,8327224,8395940,0,0,0,0,0,0,1,0,0
355,1060,2,8327224,8395424,0,0,0,0,0,0,0,0,0
355,1061,3,8327224,8395424,0,0,0,0,0,0,0,0,0
356,1062,1,8327224,8395940,0,0,0,0,0,0,1,0,0
356,1063,2,8327224,8395424,0,0,0,0,0,0,0,0,0
356,1064,3,8327224,8395424,0,0,0,0,0,0,0,0,0
357,1065,1,8327224,8395940,0,0,0,0,0,0,1,0,0
357,1066,2,8327224,8395424,0,0,0,0,0,0,0,0,0
357,1067,3,8327224,8395424,0,0,0,0,0,0,0,0,0
358,1068,1,8327224,8395940,0,0,0,0,0,0,1,0,0
358,1069,2,8327224,8395424,0,0,0,0,0,0,0,0,0
358,1070,3,8327224,8395424,0,0,0,0,0,0,0,0,0
359,1071,1,8327224,8395940,0,0,0,0,0,0,1,0,0
359,1072,2,8327224,8395424,0,0,0,0,0,0,0,0,0
359,1073,3,8327224,8395424,0,0,0,0,0,0,0,0,0
360,1074,1,8327224,8395940,0,0,0,0,0,0,1,0,0
360,1075,2,8327224,8395424,0,0,0,0,0,0,0,0,0
360,1076,3,8327224,8395424,0,0,0,0,0,0,0,0,0
361,1077,1,8327224,8395940,0,0,0,0,0,0,1,0,0
361,1078,2,8327224,8395424,0,0,0,0,0,0,0,0,0
361,1079,3,8327224,8395424,0,0,0,0,0,0,0,0,0
362,1080,1,8327224,8395940,0,0,0,0,0,0,1,0,0
362,1081,2,8327224,8395424,0,0,0,0,0,0,0,0,0
362,1082,3,8327224,8395424,0,0,0,0,0,0,0,0,0
363,1083,1,8327224,8395940,0,0,0,0,0,0,1,0,0
363,1084,2,8327224,8395424,0,0,0,0,0,0,0,0,0
363,1085,3,8327224,8395424,0,0,0,0,0,0,0,0,0
364,1086,1,8327224,8395940,0,0,0,0,0,0,1,0,0
364,1087,2,8327224,8395424,0,0,0,0,0,0,0,0,0
364,1088,3,8327224,8395424,0,0,0,0,0,0,0,0,0
365,1089,1,8327224,8395940,0,0,0,0,0,0,1,0,0
365,1090,2,8327224,8395424,0,0,0,0,0,0,0,0,0
365,1091,3,8327224,8395424,0,0,0,0,0,0,0,0,0
366,1092,1,8327224,8395940,0,0,0,0,0,0,1,0,0
366,1093,2,8327224,8395424,0,0,0,0,0,0,0,0,0
366,1094,3,8327224,8395424,0,0,0,0,0,0,0,0,0
367,1095,1,8327224,8395940,0,0,0,0,0,0,1,0,0
367,1096,2,8327224,8395424,0,0,0,0,0,0,0,0,0
367,1097,3,8327224,8395424,0,0,0,0,0,0,0,0,0
368,1098,1,8327224,8395940,0,0,0,0,0,0,1,0,0
368,1099,2,8327224,8395424,0,0,0,0,0,0,0,0,0
368,1100,3,8327224,8395424,0,0,0,0,0,0,0,0,0
369,1101,1,8327224,8395940,0,0,0,0,0,0,1,0,0
369,1102,2,8327224,8395424,0,0,0,0,0,0,0,0,0
369,1103,3,8327224,8395424,0,0,0,0,0,0,0,0,0
370,1104,1,8327224,8395940,0,0,0,0,0,0,1,0,0
370,1105,2,8327224,8395424,0,0,0,0,0,0,0,0,0
370,1106,3,8327224,8395424,0,0,0,0,0,0,0,0,0
371,1107,1,8327224,8395940,0,0,0,0,0,0,1,0,0
371,1108,2,8327224,8395424,0,0,0,0,0,0,0,0,0
371,1109,3,8327224,8395424,0,0,0,0,0,0,0,0,0
372,1110,1,8327224,8395940,0,0,0,0,0,0,1,0,0
372,1111,2,8327224,8395424,0,0,0,0,0,0,0,0,0
372,1112,3,8327224,8395424,0,0,0,0,0,0,0,0,0
373,1113,1,8327224,8395940,0,0,0,0,0,0,1,0,0
373,1114,2,8327224,8395424,0,0,0,0,0,0,0,0,0
373,1115,3,8327224,8395424,0,0,0,0,0,0,0,0,0
374,1116,1,8327224,8395940,0,0,0,0,0,0,1,0,0
374,1117,2,8327224,8395424,0,0,0,0,0,0,0,0,0
374,1118,3,8327224,8395424,0,0,0,0,0,0,0,0,0
375,1119,1,8327224,8395940,0,0,0,0,0,0,1,0,0
375,1120,2,8327224,8395424,0,0,0,0,0,0,0,0,0
375,1121,3,8327224,8395424,0,0,0,0,0,0,0,0,0
376,1122,1,8327224,8395940,0,0,0,0,0,0,1,0,0
376,1123,2,8327224,8395424,0,0,0,0,0,0,0,0,0
376,1124,3,8327224,8395424,0,0,0,0,0,0,0,0,0
377,1125,1,8327224,8395940,0,0,0,0,0,0,1,0,0
377,1126,2,8327224,8395424,0,0,0,0,0,0,0,0,0
377,1127,3,8327224,8395424,0,0,0,0,0,0,0,0,0
378,1128,1,8327224,8395940,0,0,0,0,0,0,1,0,0
378,1129,2,8327224,8395424,0,0,0,0,0,0,0,0,0
378,1130,3,8327224,8395424,0,0,0,0,0,0,0,0,0
379,1131,1,8327224,8395940,0,0,0,0,0,0,1,0,0
379,1132,2,8327224,8395424,0,0,0,0,0,0,0,0,0
379,1133,3,8327224,8395424,0,0,0,0,0,0,0,0,0
380,1134,1,8327224,8395940,0,0,0,0,0,0,1,0,0
380,1135,2,8327224,8395424,0,0,0,0,0,0,0,0,0
380,1136,3,8327224,8395424,0,0,0,0,0,0,0,0,0
381,1137,1,8327224,8395940,0,0,0,0,0,0,1,0,0
381,1138,2,8327224,8395424,0,0,0,0,0,0,0,0,0
381,1139,3,8327224,8395424,0,0,0,0,0,0,0,0,0
382,1140,1,8327224,8395940,0,0,0,0,0,0,1,0,0
382,1141,2,8327224,8395424,0,0,0,0,0,0,0,0,0
382,1142,3,8327224,8395424,0,0,0,0,0,0,0,0,0
383,1143,1,8327224,8395940,0,0,0,0,0,0,1,0,0
383,1144,2,8327224,8395424,0,0,0,0,0,0,0,0,0
383,1145,3,8327224,8395424,0,0,0,0,0,0,0,0,0
384,1146,1,8327224,8395940,0,0,0,0,0,0,1,0,0
384,1147,2,8327224,8395424,0,0,0,0,0,0,0,0,0
384,1148,3,8327224,8395424,0,0,0,0,0,0,0,0,0
385,1149,1,8327224,8395940,0,0,0,0,0,0,1,0,0
385,1150,2,8327224,8395424,0,0,0,0,0,0,0,0,0
385,1151,3,8327224,8395424,0,0,0,0,0,0,0,0,0
386,1152,1,8327224,8395940,0,0,0,0,0,0,1,0,0
386,1153,2,8327224,8395424,0,0,0,0,0,0,0,0,0
386,1154,3,8327224,8395424,0,0,0,0,0,0,0,0,0
387,1155,1,8327224,8395940,0,0,0,0,0,0,1,0,0
387,1156,2,8327224,8395424,0,0,0,0,0,0,0,0,0
387,1157,3,8327224,8395424,0,0,0,0,0,0,0,0,0
388,1158,1,8327224,8395940,0,0,0,0,0,0,1,0,0
388,1159,2,8327224,8395424,0,0,0,0,0,0,0,0,0
388,1160,3,8327224,8395424,0,0,0,0,0,0,0,0,0
389,1161,1,8327224,8395940,0,0,0,0,0,0,1,0,0
389,1162,2,8327224,8395424,0,0,0,0,0,0,0,0,0
389,1163,3,8327224,8395424,0,0,0,0,0,0,0,0,0
390,1164,1,8327224,8395940,0,0,0,0,0,0,1,0,0
390,1165,2,8327224,8395424,0,0,0,0,0,0,0,0,0
390,1166,3,8327224,8395424,0,0,0,0,0,0,0,0,0
391,1167,1,8327224,8395940,0,0,0,0,0,0,1,0,0
391,1168,2,8327224,8395424,0,0,0,0,0,0,0,0,0
391,1169,3,8327224,8395424,0,0,0,0,0,0,0,0,0
392,1170,1,8327224,8395940,0,0,0,0,0,0,1,0,0
392,1171,2,8327224,8395424,0,0,0,0,0,0,0,0,0
392,1172,3,8327224,8395424,0,0,0,0,0,0,0,0,0
393,1173,1,8327224,8395940,0,0,0,0,0,0,1,0,0
393,1174,2,8327224,8395424,0,0,0,0,0,0,0,0,0
393,1175,3,8327224,8395424,0,0,0,0,0,0,0,0,0
394,1176,1,8327224,8395940,0,0,0,0,0,0,1,0,0
394,1177,2,8327224,8395424,0,0,0,0,0,0,0,0,0
394,1178,3,8327224,8395424,0,0,0,0,0,0,0,0,0
395,1179,1,8327224,8395940,0,0,0,0,0,0,1,0,0
395,1180,2,8327224,8395424,0,0,0,0,0,0,0,0,0
395,1181,3,8327224,8395424,0,0,0,0,0,0,0,0,0
396,1182,1,8327224,8395940,0,0,0,0,0,0,1,0,0
396,1183,2,8327224,8395424,0,0,0,0,0,0,0,0,0
396,1184,3,8327224,8395424,0,0,0,0,0,0,0,0,0
397,1185,1,8327224,8395940,0,0,0,0,0,0,1,0,0
397,1186,2,8327224,8395424,0,0,0,0,0,0,0,0,0
397,1187,3,8327224,8395424,0,0,0,0,0,0,0,0,0
398,1188,1,8327224,8395940,0,0,0,0,0,0,1,0,0
398,1189,2,8327224,8395424,0,0,0,0,0,0,0,0,0
398,1190,3,8327224,8395424,0,0,0,0,0,0,0,0,0
399,1191,1,8327224,8395940,0,0,0,0,0,0,1,0,0
399,1192,2,8327224,8395424,0,0,0,0,0,0,0,0,0
399,1193,3,8327224,8395424,0,0,0,0,0,0,0,0,0
400,1194,1,8327224,8395940,0,0,0,0,0,0,1,0,0
400,1195,2,8327224,8395424,0,0,0,0,0,0,0,0,0
400,1196,3,8327224,8395424,0,0,0,0,0,0,0,0,0
401,1197,1,8327224,8395940,0,0,0,0,0,0,1,0,0
401,1198,2,8327224,8395424,0,0,0,0,0,0,0,0,0
401,1199,3,8327224,8395424,0,0,0,0,0,0,0,0,0
402,1200,1,8327224,8395940,0,0,0,0,0,0,1,0,0
402,1201,2,8327224,8395424,0,0,0,0,0,0,0,0,0
402,1202,3,8327224,8395424,0,0,0,0,0,0,0,0,0
403,1203,1,8327224,8395940,0,0,0,0,0,0,1,0,0
403,1204,2,8327224,8395424,0,0,0,0,0,0,0,0,0
403,1205,3,8327224,8395424,0,0,0,0,0,0,0,0,0
404,1206,1,8327224,8395940,0,0,0,0,0,0,1,0,0
404,1207,2,8327224,8395424,0,0,0,0,0,0,0,0,0
404,1208,3,8327224,8395424,0,0,0,0,0,0,0,0,0
405,1209,1,8327224,8395940,0,0,0,0,0,0,1,0,0
405,1210,2,8327224,8395424,0,0,0,0,0,0,0,0,0
405,1211,3,8327224,8395424,0,0,0,0,0,0,0,0,0
406,1212,1,8327224,8395940,0,0,0,0,0,0,1,0,0
406,1213,2,8327224,8395424,0,0,0,0,0,0,0,0,0
406,1214,3,8327224,8395424,0,0,0,0,0,0,0,0,0
407,1215,1,8327224,8395940,0,0,0,0,0,0,1,0,0
407,1216,2,8327224,8395424,0,0,0,0,0,0,0,0,0
407,1217,3,8327224,8395424,0,0,0,0,0,0,0,0,0
408,1218,1,8327224,8395940,0,0,0,0,0,0,1,0,0
408,1219,2,8327224,8395424,0,0,0,0,0,0,0,0,0
408,1220,3,8327224,8395424,0,0,0,0,0,0,0,0,0
409,1221,1,8327224,8395940,0,0,0,0,0,0,1,0,0
409,1222,2,8327224,8395424,0,0,0,0,0,0,0,0,0
409,1223,3,8327224,8395424,0,0,0,0,0,0,0,0,0
410,1224,1,8327224,8395940,0,0,0,0,0,0,1,0,0
410,1225,2,8327224,8395424,0,0,0,0,0,0,0,0,0
410,1226,3,8327224,8395424,0,0,0,0,0,0,0,0,0
411,1227,1,8327224,8395940,0,0,0,0,0,0,1,0,0
411,1228,2,8327224,8395424,0,0,0,0,0,0,0,0,0
411,1229,3,8327224,8395424,0,0,0,0,0,0,0,0,0
412,1230,1,8327224,8395940,0,0,0,0,0,0,1,0,0
412,1231,2,8327224,8395424,0,0,0,0,0,0,0,0,0
412,1232,3,8327224,8395424,0,0,0,0,0,0,0,0,0
413,1233,1,8327224,8395940,0,0,0,0,0,0,1,0,0
413,1234,2,8327224,8395424,0,0,0,0,0,0,0,0,0
413,1235,3,8327224,8395424,0,0,0,0,0,0,0,0,0
414,1236,1,8327224,8395940,0,0,0,0,0,0,1,0,0
414,1237,2,8327224,8395424,0,0,0,0,0,0,0,0,0
414,1238,3,8327224,8395424,0,0,0,0,0,0,0,0,0
415,1239,1,8327224,8395940,0,0,0,0,0,0,1,0,0
415,1240,2,8327224,8395424,0,0,0,0,0,0,0,0,0
415,1241,3,8327224,8395424,0,0,0,0,0,0,0,0,0
416,1242,1,8327224,8395940,0,0,0,0,0,0,1,0,0
416,1243,2,8327224,8395424,0,0,0,0,0,0,0,0,0
416,1244,3,8327224,8395424,0,0,0,0,0,0,0,0,0
417,1245,1,8327224,8395940,0,0,0,0,0,0,1,0,0
417,1246,2,8327224,8395424,0,0,0,0,0,0,0,0,0
417,1247,3,8327224,8395424,0,0,0,0,0,0,0,0,0
418,1248,1,8327224,8395940,0,0,0,0,0,0,1,0,0
418,1249,2,8327224,8395424,0,0,0,0,0,0,0,0,0
418,1250,3,8327224,8395424,0,0,0,0,0,0,0,0,0
419,1251,1,8327224,8395940,0,0,0,0,0,0,1,0,0
419,1252,2,8327224,8395424,0,0,0,0,0,0,0,0,0
419,1253,3,8327224,8395424,0,0,0,0,0,0,0,0,0
420,1254,1,8327224,8395940,0,0,0,0,0,0,1,0,0
420,1255,2,8327224,8395424,0,0,0,0,0,0,0,0,0
420,1256,3,8327224,8395424,0,0,0,0,0,0,0,0,0
421,1257,1,8327224,8395940,0,0,0,0,0,0,1,0,0
421,1258,2,8327224,8395424,0,0,0,0,0,0,0,0,0
421,1259,3,8327224,8395424,0,0,0,0,0,0,0,0,0
422,1260,1,8327224,8395940,0,0,0,0,0,0,1,0,0
422,1261,2,8327224,8395424,0,0,0,0,0,0,0,0,0
422,1262,3,8327224,8395424,0,0,0,0,0,0,0,0,0
423,1263,1,8327224,8395940,0,0,0,0,0,0,1,0,0
423,1264,2,8327224,8395424,0,0,0,0,0,0,0,0,0
423,1265,3,8327224,8395424,0,0,0,0,0,0,0,0,0
424,1266,1,8327224,8395940,0,0,0,0,0,0,1,0,0
424,1267,2,8327224,8395424,0,0,0,0,0,0,0,0,0
424,1268,3,8327224,8395424,0,0,0,0,0,0,0,0,0
425,1269,1,8327224,8395940,0,0,0,0,0,0,1,0,0
425,1270,2,8327224,8395424,0,0,0,0,0,0,0,0,0
425,1271,3,8327224,8395424,0,0,0,0,0,0,0,0,0
426,1272,1,8327224,8395940,0,0,0,0,0,0,1,0,0
426,1273,2,8327224,8395424,0,0,0,0,0,0,0,0,0
426,1274,3,8327224,8395424,0,0,0,0,0,0,0,0,0
427,1275,1,8327224,8395940,0,0,0,0,0,0,1,0,0
427,1276,2,8327224,8395424,0,0,0,0,0,0,0,0,0
427,1277,3,8327224,8395424,0,0,0,0,0,0,0,0,0
428,1278,1,8327224,8395940,0,0,0,0,0,0,1,0,0
428,1279,2,8327224,8395424,0,0,0,0,0,0,0,0,0
428,1280,3,8327224,8395424,0,0,0,0,0,0,0,0,0
429,1281,1,8327224,8395940,0,0,0,0,0,0,1,0,0
429,1282,2,8327224,8395424,0,0,0,0,0,0,0,0,0
429,1283,3,8327224,8395424,0,0,0,0,0,0,0,0,0
430,1284,1,8327224,8395940,0,0,0,0,0,0,1,0,0
430,1285,2,8327224,8395424,0,0,0,0,0,0,0,0,0
430,1286,3,8327224,8395424,0,0,0,0,0,0,0,0,0
431,1287,1,8327224,8395940,0,0,0,0,0,0,1,0,0
431,1288,2,8327224,8395424,0,0,0,0,0,0,0,0,0
431,1289,3,8327224,8395424,0,0,0,0,0,0,0,0,0
432,1290,1,8327224,8395940,0,0,0,0,0,0,1,0,0
432,1291,2,8327224,8395424,0,0,0,0,0,0,0,0,0
432,1292,3,8327224,8395424,0,0,0,0,0,0,0,0,0
433,1293,1,8327224,8395940,0,0,0,0,0,0,1,0,0
433,1294,2,8327224,8395424,0,0,0,0,0,0,0,0,0
433,1295,3,8327224,8395424,0,0,0,0,0,0,0,0,0
434,1296,1,8327224,8395940,0,0,0,0,0,0,1,0,0
434,1297,2,8327224,8395424,0,0,0,0,0,0,0,0,0
434,1298,3,8327224,8395424,0,0,0,0,0,0,0,0,0
435,1299,1,8327224,8395940,0,0,0,0,0,0,1,0,0
435,1300,2,8327224,8395424,0,0,0,0,0,0,0,0,0
435,1301,3,8327224,8395424,0,0,0,0,0,0,0,0,0
436,1302,1,8327224,8395940,0,0,0,0,0,0,1,0,0
436,1303,2,8327224,8395424,0,0,0,0,0,0,0,0,0
436,1304,3,8327224,8395424,0,0,0,0,0,0,0,0,0
437,1305,1,8327224,8395940,0,0,0,0,0,0,1,0,0
437,1306,2,8327224,8395424,0,0,0,0,0,0,0,0,0
437,1307,3,8327224,8395424,0,0,0,0,0,0,0,0,0
438,1308,1,8327224,8395940,0,0,0,0,0,0,1,0,0
438,1309,2,8327224,8395424,0,0,0,0,0,0,0,0,0
438,1310,3,8327224,8395424,0,0,0,0,0,0,0,0,0
439,1311,1,8327224,8395940,0,0,0,0,0,0,1,0,0
439,1312,2,8327224,8395424,0,0,0,0,0,0,0,0,0
439,1313,3,8327224,8395424,0,0,0,0,0,0,0,0,0
440,1314,1,8327224,8395940,0,0,0,0,0,0,1,0,0
440,1315,2,8327224,8395424,0,0,0,0,0,0,0,0,0
440,1316,3,8327224,8395424,0,0,0,0,0,0,0,0,0
441,1317,1,8327224,8395940,0,0,0,0,0,0,1,0,0
441,1318,2,8327224,8395424,0,0,0,0,0,0,0,0,0
441,1319,3,8327224,8395424,0,0,0,0,0,0,0,0,0
442,1320,1,8327224,8395940,0,0,0,0,0,0,1,0,0
442,1321,2,8327224,8395424,0,0,0,0,0,0,0,0,0
442,1322,3,8327224,8395424,0,0,0,0,0,0,0,0,0
443,1323,1,8327224,8395940,0,0,0,0,0,0,1,0,0
443,1324,2,8327224,8395424,0,0,0,0,0,0,0,0,0
443,1325,3,8327224,8395424,0,0,0,0,0,0,0,0,0
444,1326,1,8327224,8395940,0,0,0,0,0,0,1,0,0
444,1327,2,8327224,8395424,0,0,0,0,0,0,0,0,0
444,1328,3,8327224,8395424,0,0,0,0,0,0,0,0,0
445,1329,1,8327224,8395940,0,0,0,0,0,0,1,0,0
445,1330,2,8327224,8395424,0,0,0,0,0,0,0,0,0
445,1331,3,8327224,8395424,0,0,0,0,0,0,0,0,0
446,1332,1,8327224,8395940,0,0,0,0,0,0,1,0,0
446,1333,2,8327224,8395424,0,0,0,0,0,0,0,0,0
446,1334,3,8327224,8395424,0,0,0,0,0,0,0,0,0
447,1335,1,8327224,8395940,0,0,0,0,0,0,1,0,0
447,1336,2,8327224,8395424,0,0,0,0,0,0,0,0,0
447,1337,3,8327224,8395424,0,0,0,0,0,0,0,0,0
448,1338,1,8327224,8395940,0,0,0,0,0,0,1,0,0
448,1339,2,8327224,8395424,0,0,0,0,0,0,0,0,0
448,1340,3,8327224,8395424,0,0,0,0,0,0,0,0,0
449,1341,1,8327224,8395940,0,0,0,0,0,0,1,0,0
449,1342,2,8327224,8395424,0,0,0,0,0,0,0,0,0
449,1343,3,8327224,8395424,0,0,0,0,0,0,0,0,0
450,1344,1,8327224,8395940,0,0,0,0,0,0,1,0,0
450,1345,2,8327224,8395424,0,0,0,0,0,0,0,0,0
450,1346,3,8327224,8395424,0,0,0,0,0,0,0,0,0
451,1347,1,8327224,8395940,0,0,0,0,0,0,1,0,0
451,1348,2,8327224,8395424,0,0,0,0,0,0,0,0,0
451,1349,3,8327224,8395424,0,0,0,0,0,0,0,0,0
452,1350,1,8327224,8395940,0,0,0,0,0,0,1,0,0
452,1351,2,8327224,8395424,0,0,0,0,0,0,0,0,0
452,1352,3,8327224,8395424,0,0,0,0,0,0,0,0,0
453,1353,1,8327224,8395940,0,0,0,0,0,0,1,0,0
453,1354,2,8327224,8395424,0,0,0,0,0,0,0,0,0
453,1355,3,8327224,8395424,0,0,0,0,0,0,0,0,0
454,1356,1,8327224,8395940,0,0,0,0,0,0,1,0,0
454,1357,2,8327224,8395424,0,0,0,0,0,0,0,0,0
454,1358,3,8327224,8395424,0,0,0,0,0,0,0,0,0
455,1359,1,8327224,8395940,0,0,0,0,0,0,1,0,0
455,1360,2,8327224,8395424,0,0,0,0,0,0,0,0,0
455,1361,3,8327224,8395424,0,0,0,0,0,0,0,0,0
456,1362,1,8327224,8395940,0,0,0,0,0,0,1,0,0
456,1363,2,8327224,8395424,0,0,0,0,0,0,0,0,0
456,1364,3,8327224,8395424,0,0,0,0,0,0,0,0,0
457,1365,1,8327224,8395940,0,0,0,0,0,0,1,0,0
457,1366,2,8327224,8395424,0,0,0,0,0,0,0,0,0
457,1367,3,8327224,8395424,0,0,0,0,0,0,0,0,0
458,1368,1,8327224,8395940,0,0,0,0,0,0,1,0,0
458,1369,2,8327224,8395424,0,0,0,0,0,0,0,0,0
458,1370,3,8327224,8395424,0,0,0,0,0,0,0,0,0
459,1371,1,8327224,8395940,0,0,0,0,0,0,1,0,0
459,1372,2,8327224,8395424,0,0,0,0,0,0,0,0,0
459,1373,3,8327224,8395424,0,0,0,0,0,0,0,0,0
460,1374,1,8327224,8395940,0,0,0,0,0,0,1,0,0
460,1375,2,8327224,8395424,0,0,0,0,0,0,0,0,0
460,1376,3,8327224,8395424,0,0,0,0,0,0,0,0,0
461,1377,1,8327224,8395940,0,0,0,0,0,0,1,0,0
461,1378,2,8327224,8395424,0,0,0,0,0,0,0,0,0
461,1379,3,8327224,8395424,0,0,0,0,0,0,0,0,0
462,1380,1,8327224,8395940,0,0,0,0,0,0,1,0,0
462,1381,2,8327224,8395424,0,0,0,0,0,0,0,0,0
462,1382,3,8327224,8395424,0,0,0,0,0,0,0,0,0
463,1383,1,8327224,8395940,0,0,0,0,0,0,1,0,0
463,1384,2,8327224,8395424,0,0,0,0,0,0,0,0,0
463,1385,3,8327224,8395424,0,0,0,0,0,0,0,0,0
464,1386,1,8327224,8395940,0,0,0,0,0,0,1,0,0
464,1387,2,8327224,8395424,0,0,0,0,0,0,0,0,0
464,1388,3,8327224,8395424,0,0,0,0,0,0,0,0,0
465,1389,1,8327224,8395940,0,0,0,0,0,0,1,0,0
465,1390,2,8327224,8395424,0,0,0,0,0,0,0,0,0
465,1391,3,8327224,8395424,0,0,0,0,0,0,0,0,0
466,1392,1,8327224,8395940,0,0,0,0,0,0,1,0,0
466,1393,2,8327224,8395424,0,0,0,0,0,0,0,0,0
466,1394,3,8327224,8395424,0,0,0,0,0,0,0,0,0
467,1395,1,8327224,8395940,0,0,0,0,0,0,1,0,0
467,1396,2,8327224,8395424,0,0,0,0,0,0,0,0,0
467,1397,3,8327224,8395424,0,0,0,0,0,0,0,0,0
468,1398,1,8327224,8395940,0,0,0,0,0,0,1,0,0
468,1399,2,8327224,8395424,0,0,0,0,0,0,0,0,0
468,1400,3,8327224,8395424,0,0,0,0,0,0,0,0,0
469,1401,1,8327224,8395940,0,0,0,0,0,0,1,0,0
469,1402,2,8327224,8395424,0,0,0,0,0,0,0,0,0
469,1403,3,8327224,8395424,0,0,0,0,0,0,0,0,0
470,1404,1,8327224,8395940,0,0,0,0,0,0,1,0,0
470,1405,2,8327224,8395424,0,0,0,0,0,0,0,0,0
470,1406,3,8327224,8395424,0,0,0,0,0,0,0,0,0
471,1407,1,8327224,8395940,0,0,0,0,0,0,1,0,0
471,1408,2,8327224,8395424,0,0,0,0,0,0,0,0,0
471,1409,3,8327224,8395424,0,0,0,0,0,0,0,0,0
472,1410,1,8327224,8395940,0,0,0,0,0,0,1,0,0
472,1411,2,8327224,8395424,0,0,0,0,0,0,0,0,0
472,1412,3,8327224,8395424,0,0,0,0,0,0,0,0,0
473,1413,1,8327224,8395940,0,0,0,0,0,0,1,0,0
473,1414,2,8327224,8395424,0,0,0,0,0,0,0,0,0
473,1415,3,8327224,8395424,0,0,0,0,0,0,0,0,0
474,1416,1,8327224,8395940,0,0,0,0,0,0,1,0,0
474,1417,2,8327224,8395424,0,0,0,0,0,0,0,0,0
474,1418,3,8327224,8395424,0,0,0,0,0,0,0,0,0
475,1419,1,8327224,8395940,0,0,0,0,0,0,1,0,0
475,1420,2,8327224,8395424,0,0,0,0,0,0,0,0,0
475,1421,3,8327224,8395424,0,0,0,0,0,0,0,0,0
476,1422,1,8327224,8395940,0,0,0,0,0,0,1,0,0
476,1423,2,8327224,8395424,0,0,0,0,0,0,0,0,0
476,1424,3,8327224,8395424,0,0,0,0,0,0,0,0,0
477,1425,1,8327224,8395940,0,0,0,0,0,0,1,0,0
477,1426,2,8327224,8395424,0,0,0,0,0,0,0,0,0
477,1427,3,8327224,8395424,0,0,0,0,0,0,0,0,0
478,1428,1,8327224,8395940,0,0,0,0,0,0,1,0,0
478,1429,2,8327224,8395424,0,0,0,0,0,0,0,0,0
478,1430,3,8327224,8395424,0,0,0,0,0,0,0,0,0
479,1431,1,8327224,8395940,0,0,0,0,0,0,1,0,0
479,1432,2,8327224,8395424,0,0,0,0,0,0,0,0,0
479,1433,3,8327224,8395424,0,0,0,0,0,0,0,0,0
480,1434,1,8327224,8395940,0,0,0,0,0,0,1,0,0
480,1435,2,8327224,8395424,0,0,0,0,0,0,0,0,0
480,1436,3,8327224,8395424,0,0,0,0,0,0,0,0,0
481,1437,1,8327224,8395940,0,0,0,0,0,0,1,0,0
481,1438,2,8327224,8395424,0,0,0,0,0,0,0,0,0
481,1439,3,8327224,8395424,0,0,0,0,0,0,0,0,0
482,1440,1,8327224,8395940,0,0,0,0,0,0,1,0,0
482,1441,2,8327224,8395424,0,0,0,0,0,0,0,0,0
482,1442,3,8327224,8395424,0,0,0,0,0,0,0,0,0
483,1443,1,8327224,8395940,0,0,0,0,0,0,1,0,0
483,1444,2,8327224,8395424,0,0,0,0,0,0,0,0,0
483,1445,3,8327224,8395424,0,0,0,0,0,0,0,0,0
484,1446,1,8327224,8395940,0,0,0,0,0,0,1,0,0
484,1447,2,8327224,8395424,0,0,0,0,0,0,0,0,0
484,1448,3,8327224,8395424,0,0,0,0,0,0,0,0,0
485,1449,1,8327224,8395940,0,0,0,0,0,0,1,0,0
485,1450,2,8327224,8395424,0,0,0,0,0,0,0,0,0
485,1451,3,8327224,8395424,0,0,0,0,0,0,0,0,0
486,1452,1,8327224,8395940,0,0,0,0,0,0,1,0,0
486,1453,2,8327224,8395424,0,0,0,0,0,0,0,0,0
486,1454,3,8327224,8395424,0,0,0,0,0,0,0,0,0
487,1455,1,8327224,8395940,0,0,0,0,0,0,1,0,0
487,1456,2,8327224,8395424,0,0,0,0,0,0,0,0,0
487,1457,3,8327224,8395424,0,0,0,0,0,0,0,0,0
488,1458,1,8327224,8395940,0,0,0,0,0,0,1,0,0
488,1459,2,8327224,8395424,0,0,0,0,0,0,0,0,0
488,1460,3,8327224,8395424,0,0,0,0,0,0,0,0,0
489,1461,1,8327224,8395940,0,0,0,0,0,0,1,0,0
489,1462,2,8327224,8395424,0,0,0,0,0,0,0,0,0
489,1463,3,8327224,8395424,0,0,0,0,0,0,0,0,0
490,1464,1,8327224,8395940,0,0,0,0,0,0,1,0,0
490,1465,2,8327224,8395424,0,0,0,0,0,0,0,0,0
490,1466,3,8327224,8395424,0,0,0,0,0,0,0,0,0
491,1467,1,8327224,8395940,0,0,0,0,0,0,1,0,0
491,1468,2,8327224,8395424,0,0,0,0,0,0,0,0,0
491,1469,3,8327224,8395424,0,0,0,0,0,0,0,0,0
492,1470,1,8327224,8395940,0,0,0,0,0,0,1,0,0
492,1471,2,8327224,8395424,0,0,0,0,0,0,0,0,0
492,1472,3,8327224,8395424,0,0,0,0,0,0,0,0,0
493,1473,1,8327224,8395940,0,0,0,0,0,0,1,0,0
493,1474,2,8327224,8395424,0,0,0,0,0,0,0,0,0
493,1475,3,8327224,8395424,0,0,0,0,0,0,0,0,0
494,1476,1,8327224,8395940,0,0,0,0,0,0,1,0,0
494,1477,2,8327224,8395424,0,0,0,0,0,0,0,0,0
494,1478,3,8327224,8395424,0,0,0,0,0,0,0,0,0
495,1479,1,8327224,8395940,0,0,0,0,0,0,1,0,0
495,1480,2,8327224,8395424,0,0,0,0,0,0,0,0,0
495,1481,3,8327224,8395424,0,0,0,0,0,0,0,0,0
496,1482,1,8327224,8395940,0,0,0,0,0,0,1,0,0
496,1483,2,8327224,8395424,0,0,0,0,0,0,0,0,0
496,1484,3,8327224,8395424,0,0,0,0,0,0,0,0,0
497,1485,1,8327224,8395940,0,0,0,0,0,0,1,0,0
497,1486,2,8327224,8395424,0,0,0,0,0,0,0,0,0
497,1487,3,8327224,8395424,0,0,0,0,0,0,0,0,0
498,1488,1,8327224,8395940,0,0,0,0,0,0,1,0,0
498,1489,2,8327224,8395424,0,0,0,0,0,0,0,0,0
498,1490,3,8327224,8395424,0,0,0,0,0,0,0,0,0
499,1491,1,8327224,8395940,0,0,0,0,0,0,1,0,0
499,1492,2,8327224,8395424,0,0,0,0,0,0,0,0,0
499,1493,3,8327224,8395424,0,0,0,0,0,0,0,0,0
500,1494,1,8327224,8395940,0,0,0,0,0,0,1,0,0
500,1495,2,8327224,8395424,0,0,0,0,0,0,0,0,0
500,1496,3,8327224,8395424,0,0,0,0,0,0,0,0,0
501,1497,1,8327224,8395940,0,0,0,0,0,0,1,0,0
501,1498,2,8327224,8395424,0,0,0,0,0,0,0,0,0
501,1499,3,8327224,8395424,0,0,0,0,0,0,0,0,0
502,1500,1,8327224,8395940,0,0,0,0,0,0,1,0,0
502,1501,2,8327224,8395424,0,0,0,0,0,0,0,0,0
502,1502,3,8327224,8395424,0,0,0,0,0,0,0,0,0
503,1503,1,8327224,8395940,0,0,0,0,0,0,1,0,0
503,1504,2,8327224,8395424,0,0,0,0,0,0,0,0,0
503,1505,3,8327224,8395424,0,0,0,0,0,0,0,0,0
504,1506,1,8327224,8395940,0,0,0,0,0,0,1,0,0
504,1507,2,8327224,8395424,0,0,0,0,0,0,0,0,0
504,1508,3,8327224,8395424,0,0,0,0,0,0,0,0,0
505,1509,1,8327224,8395940,0,0,0,0,0,0,1,0,0
505,1510,2,8327224,8395424,0,0,0,0,0,0,0,0,0
505,1511,3,8327224,8395424,0,0,0,0,0,0,0,0,0
506,1512,1,8327224,8395940,0,0,0,0,0,0,1,0,0
506,1513,2,8327224,8395424,0,0,0,0,0,0,0,0,0
506,1514,3,8327224,8395424,0,0,0,0,0,0,0,0,0
507,1515,1,8327224,8395940,0,0,0,0,0,0,1,0,0
507,1516,2,8327224,8395424,0,0,0,0,0,0,0,0,0
507,1517,3,8327224,8395424,0,0,0,0,0,0,0,0,0
508,1518,1,8327224,8395940,0,0,0,0,0,0,1,0,0
508,1519,2,8327224,8395424,0,0,0,0,0,0,0,0,0
508,1520,3,8327224,8395424,0,0,0,0,0,0,0,0,0
509,1521,1,8327224,8395940,0,0,0,0,0,0,1,0,0
509,1522,2,8327224,8395424,0,0,0,0,0,0,0,0,0
509,1523,3,8327224,8395424,0,0,0,0,0,0,0,0,0
510,1524,1,8327224,8395940,0,0,0,0,0,0,1,0,0
510,1525,2,8327224,8395424,0,0,0,0,0,0,0,0,0
510,1526,3,8327224,8395424,0,0,0,0,0,0,0,0,0
511,1527,1,8327224,8395940,0,0,0,0,0,0,1,0,0
511,1528,2,8327224,8395424,0,0,0,0,0,0,0,0,0
511,1529,3,8327224,8395424,0,0,0,0,0,0,0,0,0
512,1530,1,8327224,8395940,0,0,0,0,0,0,1,0,0
512,1531,2,8327224,8395424,0,0,0,0,0,0,0,0,0
512,1532,3,8327224,8395424,0,0,0,0,0,0,0,0,0
513,1533,1,8327224,8395940,0,0,0,0,0,0,1,0,0
513,1534,2,8327224,8395424,0,0,0,0,0,0,0,0,0
513,1535,3,8327224,8395424,0,0,0,0,0,0,0,0,0
514,1536,1,8327224,8395940,0,0,0,0,0,0,1,0,0
514,1537,2,8327224,8395424,0,0,0,0,0,0,0,0,0
514,1538,3,8327224,8395424,0,0,0,0,0,0,0,0,0
515,1539,1,8327224,8395940,0,0,0,0,0,0,1,0,0
515,1540,2,8327224,8395424,0,0,0,0,0,0,0,0,0
515,1541,3,8327224,8395424,0,0,0,0,0,0,0,0,0
516,1542,1,8327224,8395940,0,0,0,0,0,0,1,0,0
516,1543,2,8327224,8395424,0,0,0,0,0,0,0,0,0
516,1544,3,8327224,8395424,0,0,0,0,0,0,0,0,0
517,1545,1,8327224,8395940,0,0,0,0,0,0,1,0,0
517,1546,2,8327224,8395424,0,0,0,0,0,0,0,0,0
517,1547,3,8327224,8395424,0,0,0,0,0,0,0,0,0
518,1548,1,8327224,8395940,0,0,0,0,0,0,1,0,0
518,1549,2,8327224,8395424,0,0,0,0,0,0,0,0,0
518,1550,3,8327224,8395424,0,0,0,0,0,0,0,0,0
519,1551,1,8327224,8395940,0,0,0,0,0,0,1,0,0
519,1552,2,8327224,8395424,0,0,0,0,0,0,0,0,0
519,1553,3,8327224,8395424,0,0,0,0,0,0,0,0,0
520,1554,1,8327224,8395940,0,0,0,0,0,0,1,0,0
520,1555,2,8327224,8395424,0,0,0,0,0,0,0,0,0
520,1556,3,8327224,8395424,0,0,0,0,0,0,0,0,0
521,1557,1,8327224,8395940,0,0,0,0,0,0,1,0,0
521,1558,2,8327224,8395424,0,0,0,0,0,0,0,0,0
521,1559,3,8327224,8395424,0,0,0,0,0,0,0,0,0
522,1560,1,8327224,8395940,0,0,0,0,0,0,1,0,0
522,1561,2,8327224,8395424,0,0,0,0,0,0,0,0,0
522,1562,3,8327224,8395424,0,0,0,0,0,0,0,0,0
523,1563,1,8327224,8395940,0,0,0,0,0,0,1,0,0
523,1564,2,8327224,8395424,0,0,0,0,0,0,0,0,0
523,1565,3,8327224,8395424,0,0,0,0,0,0,0,0,0
524,1566,1,8327224,8395940,0,0,0,0,0,0,1,0,0
524,1567,2,8327224,8395424,0,0,0,0,0,0,0,0,0
524,1568,3,8327224,8395424,0,0,0,0,0,0,0,0,0
525,1569,1,8327224,8395940,0,0,0,0,0,0,1,0,0
525,1570,2,8327224,8395424,0,0,0,0,0,0,0,0,0
525,1571,3,8327224,8395424,0,0,0,0,0,0,0,0,0
526,1572,1,8327224,8395940,0,0,0,0,0,0,1,0,0
526,1573,2,8327224,8395424,0,0,0,0,0,0,0,0,0
526,1574,3,8327224,8395424,0,0,0,0,0,0,0,0,0
527,1575,1,8327224,8395940,0,0,0,0,0,0,1,0,0
527,1576,2,8327224,8395424,0,0,0,0,0,0,0,0,0
527,1577,3,8327224,8395424,0,0,0,0,0,0,0,0,0
528,1578,1,8327224,8395940,0,0,0,0,0,0,1,0,0
528,1579,2,8327224,8395424,0,0,0,0,0,0,0,0,0
528,1580,3,8327224,8395424,0,0,0,0,0,0,0,0,0
529,1581,1,8327224,8395940,0,0,0,0,0,0,1,0,0
529,1582,2,8327224,8395424,0,0,0,0,0,0,0,0,0
529,1583,3,8327224,8395424,0,0,0,0,0,0,0,0,0
530,1584,1,8327224,8395940,0,0,0,0,0,0,1,0,0
530,1585,2,8327224,8395424,0,0,0,0,0,0,0,0,0
530,1586,3,8327224,8395424,0,0,0,0,0,0,0,0,0
531,1587,1,8327224,8395940,0,0,0,0,0,0,1,0,0
531,1588,2,8327224,8395424,0,0,0,0,0,0,0,0,0
531,1589,3,8327224,8395424,0,0,0,0,0,0,0,0,0
532,1590,1,8327224,8395940,0,0,0,0,0,0,1,0,0
532,1591,2,8327224,8395424,0,0,0,0,0,0,0,0,0
532,1592,3,8327224,8395424,0,0,0,0,0,0,0,0,0
533,1593,1,8327224,8395940,0,0,0,0,0,0,1,0,0
533,1594,2,8327224,8395424,0,0,0,0,0,0,0,0,0
533,1595,3,8327224,8395424,0,0,0,0,0,0,0,0,0
534,1596,1,8327224,8395940,0,0,0,0,0,0,1,0,0
534,1597,2,8327224,8395424,0,0,0,0,0,0,0,0,0
534,1598,3,8327224,8395424,0,0,0,0,0,0,0,0,0
535,1599,1,8327224,8395940,0,0,0,0,0,0,1,0,0
535,1600,2,8327224,8395424,0,0,0,0,0,0,0,0,0
535,1601,3,8327224,8395424,0,0,0,0,0,0,0,0,0
536,1602,1,8327224,8395940,0,0,0,0,0,0,1,0,0
536,1603,2,8327224,8395424,0,0,0,0,0,0,0,0,0
536,1604,3,8327224,8395424,0,0,0,0,0,0,0,0,0
537,1605,1,8327224,8395940,0,0,0,0,0,0,1,0,0
537,1606,2,8327224,8395424,0,0,0,0,0,0,0,0,0
537,1607,3,8327224,8395424,0,0,0,0,0,0,0,0,0
538,1608,1,8327224,8395940,0,0,0,0,0,0,1,0,0
538,1609,2,8327224,8395424,0,0,0,0,0,0,0,0,0
538,1610,3,8327224,8395424,0,0,0,0,0,0,0,0,0
539,1611,1,8327224,8395940,0,0,0,0,0,0,1,0,0
539,1612,2,8327224,8395424,0,0,0,0,0,0,0,0,0
539,1613,3,8327224,8395424,0,0,0,0,0,0,0,0,0
540,1614,1,8327224,8395940,0,0,0,0,0,0,1,0,0
540,1615,2,8327224,8395424,0,0,0,0,0,0,0,0,0
540,1616,3,8327224,8395424,0,0,0,0,0,0,0,0,0
541,1617,1,8327224,8395940,0,0,0,0,0,0,1,0,0
541,1618,2,8327224,8395424,0,0,0,0,0,0,0,0,0
541,1619,3,8327224,8395424,0,0,0,0,0,0,0,0,0
542,1620,1,8327224,8395940,0,0,0,0,0,0,1,0,0
542,1621,2,8327224,8395424,0,0,0,0,0,0,0,0,0
542,1622,3,8327224,8395424,0,0,0,0,0,0,0,0,0
543,1623,1,8327224,8395940,0,0,0,0,0,0,1,0,0
543,1624,2,8327224,8395424,0,0,0,0,0,0,0,0,0
543,1625,3,8327224,8395424,0,0,0,0,0,0,0,0,0
544,1626,1,8327224,8395940,0,0,0,0,0,0,1,0,0
544,1627,2,8327224,8395424,0,0,0,0,0,0,0,0,0
544,1628,3,8327224,8395424,0,0,0,0,0,0,0,0,0
545,1629,1,8327224,8395940,0,0,0,0,0,0,1,0,0
545,1630,2,8327224,8395424,0,0,0,0,0,0,0,0,0
545,1631,3,8327224,8395424,0,0,0,0,0,0,0,0,0
546,1632,1,8327224,8395940,0,0,0,0,0,0,1,0,0
546,1633,2,8327224,8395424,0,0,0,0,0,0,0,0,0
546,1634,3,8327224,8395424,0,0,0,0,0,0,0,0,0
547,1635,1,8327224,8395940,0,0,0,0,0,0,1,0,0
547,1636,2,8327224,8395424,0,0,0,0,0,0,0,0,0
547,1637,3,8327224,8395424,0,0,0,0,0,0,0,0,0
548,1638,1,8327224,8395940,0,0,0,0,0,0,1,0,0
548,1639,2,8327224,8395424,0,0,0,0,0,0,0,0,0
548,1640,3,8327224,8395424,0,0,0,0,0,0,0,0,0
549,1641,1,8327224,8395940,0,0,0,0,0,0,1,0,0
549,1642,2,8327224,8395424,0,0,0,0,0,0,0,0,0
549,1643,3,8327224,8395424,0,0,0,0,0,0,0,0,0
550,1644,1,8327224,8395940,0,0,0,0,0,0,1,0,0
550,1645,2,8327224,8395424,0,0,0,0,0,0,0,0,0
550,1646,3,8327224,8395424,0,0,0,0,0,0,0,0,0
551,1647,1,8327224,8395940,0,0,0,0,0,0,1,0,0
551,1648,2,8327224,8395424,0,0,0,0,0,0,0,0,0
551,1649,3,8327224,8395424,0,0,0,0,0,0,0,0,0
552,1650,1,8327224,8395940,0,0,0,0,0,0,1,0,0
552,1651,2,8327224,8395424,0,0,0,0,0,0,0,0,0
552,1652,3,8327224,8395424,0,0,0,0,0,0,0,0,0
553,1653,1,8327224,8395940,0,0,0,0,0,0,1,0,0
553,1654,2,8327224,8395424,0,0,0,0,0,0,0,0,0
553,1655,3,8327224,8395424,0,0,0,0,0,0,0,0,0
554,1656,1,8327224,8395940,0,0,0,0,0,0,1,0,0
554,1657,2,8327224,8395424,0,0,0,0,0,0,0,0,0
554,1658,3,8327224,8395424,0,0,0,0,0,0,0,0,0
555,1659,1,8327224,8395940,0,0,0,0,0,0,1,0,0
555,1660,2,8327224,8395424,0,0,0,0,0,0,0,0,0
555,1661,3,8327224,8395424,0,0,0,0,0,0,0,0,0
556,1662,1,8327224,8395940,0,0,0,0,0,0,1,0,0
556,1663,2,8327224,8395424,0,0,0,0,0,0,0,0,0
556,1664,3,8327224,8395424,0,0,0,0,0,0,0,0,0
557,1665,1,8327224,8395940,0,0,0,0,0,0,1,0,0
557,1666,2,8327224,8395424,0,0,0,0,0,0,0,0,0
557,1667,3,8327224,8395424,0,0,0,0,0,0,0,0,0
558,1668,1,8327224,8395940,0,0,0,0,0,0,1,0,0
558,1669,2,8327224,8395424,0,0,0,0,0,0,0,0,0
558,1670,3,8327224,8395424,0,0,0,0,0,0,0,0,0
559,1671,1,8327224,8395940,0,0,0,0,0,0,1,0,0
559,1672,2,8327224,8395424,0,0,0,0,0,0,0,0,0
559,1673,3,8327224,8395424,0,0,0,0,0,0,0,0,0
560,1674,1,8327224,8395940,0,0,0,0,0,0,1,0,0
560,1675,2,8327224,8395424,0,0,0,0,0,0,0,0,0
560,1676,3,8327224,8395424,0,0,0,0,0,0,0,0,0
561,1677,1,8327224,8395940,0,0,0,0,0,0,1,0,0
561,1678,2,8327224,8395424,0,0,0,0,0,0,0,0,0
561,1679,3,8327224,8395424,0,0,0,0,0,0,0,0,0
562,1680,1,8327224,8395940,0,0,0,0,0,0,1,0,0
562,1681,2,8327224,8395424,0,0,0,0,0,0,0,0,0
562,1682,3,8327224,8395424,0,0,0,0,0,0,0,0,0
563,1683,1,8327224,8395940,0,0,0,0,0,0,1,0,0
563,1684,2,8327224,8395424,0,0,0,0,0,0,0,0,0
563,1685,3,8327224,8395424,0,0,0,0,0,0,0,0,0
564,1686,1,8327224,8395940,0,0,0,0,0,0,1,0,0
564,1687,2,8327224,8395424,0,0,0,0,0,0,0,0,0
564,1688,3,8327224,8395424,0,0,0,0,0,0,0,0,0
565,1689,1,8327224,8395940,0,0,0,0,0,0,1,0,0
565,1690,2,8327224,8395424,0,0,0,0,0,0,0,0,0
565,1691,3,8327224,8395424,0,0,0,0,0,0,0,0,0
566,1692,1,8327224,8395940,0,0,0,0,0,0,1,0,0
566,1693,2,8327224,8395424,0,0,0,0,0,0,0,0,0
566,1694,3,8327224,8395424,0,0,0,0,0,0,0,0,0
567,1695,1,8327224,8395940,0,0,0,0,0,0,1,0,0
567,1696,2,8327224,8395424,0,0,0,0,0,0,0,0,0
567,1697,3,8327224,8395424,0,0,0,0,0,0,0,0,0
568,1698,1,8327224,8395940,0,0,0,0,0,0,1,0,0
568,1699,2,8327224,8395424,0,0,0,0,0,0,0,0,0
568,1700,3,8327224,8395424,0,0,0,0,0,0,0,0,0
569,1701,1,8327224,8395940,0,0,0,0,0,0,1,0,0
569,1702,2,8327224,8395424,0,0,0,0,0,0,0,0,0
569,1703,3,8327224,8395424,0,0,0,0,0,0,0,0,0
570,1704,1,8327224,8395940,0,0,0,0,0,0,1,0,0
570,1705,2,8327224,8395424,0,0,0,0,0,0,0,0,0
570,1706,3,8327224,8395424,0,0,0,0,0,0,0,0,0
571,1707,1,8327224,8395940,0,0,0,0,0,0,1,0,0
571,1708,2,8327224,8395424,0,0,0,0,0,0,0,0,0
571,1709,3,8327224,8395424,0,0,0,0,0,0,0,0,0
572,1710,1,8327224,8395940,0,0,0,0,0,0,1,0,0
572,1711,2,8327224,8395424,0,0,0,0,0,0,0,0,0
572,1712,3,8327224,8395424,0,0,0,0,0,0,0,0,0
573,1713,1,8327224,8395940,0,0,0,0,0,0,1,0,0
573,1714,2,8327224,8395424,0,0,0,0,0,0,0,0,0
573,1715,3,8327224,8395424,0,0,0,0,0,0,0,0,0
574,1716,1,8327224,8395940,0,0,0,0,0,0,1,0,0
574,1717,2,8327224,8395424,0,0,0,0,0,0,0,0,0
574,1718,3,8327224,8395424,0,0,0,0,0,0,0,0,0
575,1719,1,8327224,8395940,0,0,0,0,0,0,1,0,0
575,1720,2,8327224,8395424,0,0,0,0,0,0,0,0,0
575,1721,3,8327224,8395424,0,0,0,0,0,0,0,0,0
576,1722,1,8327224,8395940,0,0,0,0,0,0,1,0,0
576,1723,2,8327224,8395424,0,0,0,0,0,0,0,0,0
576,1724,3,8327224,8395424,0,0,0,0,0,0,0,0,0
577,1725,1,8327224,8395940,0,0,0,0,0,0,1,0,0
577,1726,2,8327224,8395424,0,0,0,0,0,0,0,0,0
577,1727,3,8327224,8395424,0,0,0,0,0,0,0,0,0
578,1728,1,8327224,8395940,0,0,0,0,0,0,1,0,0
578,1729,2,8327224,8395424,0,0,0,0,0,0,0,0,0
578,1730,3,8327224,8395424,0,0,0,0,0,0,0,0,0
579,1731,1,8327224,8395940,0,0,0,0,0,0,1,0,0
579,1732,2,8327224,8395424,0,0,0,0,0,0,0,0,0
579,1733,3,8327224,8395424,0,0,0,0,0,0,0,0,0
580,1734,1,8327224,8395940,0,0,0,0,0,0,1,0,0
580,1735,2,8327224,8395424,0,0,0,0,0,0,0,0,0
580,1736,3,8327224,8395424,0,0,0,0,0,0,0,0,0
581,1737,1,8327224,8395940,0,0,0,0,0,0,1,0,0
581,1738,2,8327224,8395424,0,0,0,0,0,0,0,0,0
581,1739,3,8327224,8395424,0,0,0,0,0,0,0,0,0
582,1740,1,8327224,8395940,0,0,0,0,0,0,1,0,0
582,1741,2,8327224,8395424,0,0,0,0,0,0,0,0,0
582,1742,3,8327224,8395424,0,0,0,0,0,0,0,0,0
583,1743,1,8327224,8395940,0,0,0,0,0,0,1,0,0
583,1744,2,8327224,8395424,0,0,0,0,0,0,0,0,0
583,1745,3,8327224,8395424,0,0,0,0,0,0,0,0,0
584,1746,1,8327224,8395940,0,0,0,0,0,0,1,0,0
584,1747,2,8327224,8395424,0,0,0,0,0,0,0,0,0
584,1748,3,8327224,8395424,0,0,0,0,0,0,0,0,0
585,1749,1,8327224,8395940,0,0,0,0,0,0,1,0,0
585,1750,2,8327224,8395424,0,0,0,0,0,0,0,0,0
585,1751,3,8327224,8395424,0,0,0,0,0,0,0,0,0
586,1752,1,8327224,8395940,0,0,0,0,0,0,1,0,0
586,1753,2,8327224,8395424,0,0,0,0,0,0,0,0,0
586,1754,3,8327224,8395424,0,0,0,0,0,0,0,0,0
587,1755,1,8327224,8395940,0,0,0,0,0,0,1,0,0
587,1756,2,8327224,8395424,0,0,0,0,0,0,0,0,0
587,1757,3,8327224,8395424,0,0,0,0,0,0,0,0,0
588,1758,1,8327224,8395940,0,0,0,0,0,0,1,0,0
588,1759,2,8327224,8395424,0,0,0,0,0,0,0,0,0
588,1760,3,8327224,8395424,0,0,0,0,0,0,0,0,0
589,1761,1,8327224,8395940,0,0,0,0,0,0,1,0,0
589,1762,2,8327224,8395424,0,0,0,0,0,0,0,0,0
589,1763,3,8327224,8395424,0,0,0,0,0,0,0,0,0
590,1764,1,8327224,8395940,0,0,0,0,0,0,1,0,0
590,1765,2,8327224,8395424,0,0,0,0,0,0,0,0,0
590,1766,3,8327224,8395424,0,0,0,0,0,0,0,0,0
591,1767,1,8327224,8395940,0,0,0,0,0,0,1,0,0
591,1768,2,8327224,8395424,0,0,0,0,0,0,0,0,0
591,1769,3,8327224,8395424,0,0,0,0,0,0,0,0,0
592,1770,1,8327224,8395940,0,0,0,0,0,0,1,0,0
592,1771,2,8327224,8395424,0,0,0,0,0,0,0,0,0
592,1772,3,8327224,8395424,0,0,0,0,0,0,0,0,0
593,1773,1,8327224,8395940,0,0,0,0,0,0,1,0,0
593,1774,2,8327224,8395424,0,0,0,0,0,0,0,0,0
593,1775,3,8327224,8395424,0,0,0,0,0,0,0,0,0
594,1776,1,8327224,8395940,0,0,0,0,0,0,1,0,0
594,1777,2,8327224,8395424,0,0,0,0,0,0,0,0,0
594,1778,3,8327224,8395424,0,0,0,0,0,0,0,0,0
595,1779,1,8327224,8395940,0,0,0,0,0,0,1,0,0
595,1780,2,8327224,8395424,0,0,0,0,0,0,0,0,0
595,1781,3,8327224,8395424,0,0,0,0,0,0,0,0,0
596,1782,1,8327224,8395940,0,0,0,0,0,0,1,0,0
596,1783,2,8327224,8395424,0,0,0,0,0,0,0,0,0
596,1784,3,8327224,8395424,0,0,0,0,0,0,0,0,0
597,1785,1,8327224,8395940,0,0,0,0,0,0,1,0,0
597,1786,2,8327224,8395424,0,0,0,0,0,0,0,0,0
597,1787,3,8327224,8395424,0,0,0,0,0,0,0,0,0
598,1788,1,8327224,8395940,0,0,0,0,0,0,1,0,0
598,1789,2,8327224,8395424,0,0,0,0,0,0,0,0,0
598,1790,3,8327224,8395424,0,0,0,0,0,0,0,0,0
599,1791,1,8327224,8395940,0,0,0,0,0,0,1,0,0
599,1792,2,8327224,8395424,0,0,0,0,0,0,0,0,0
599,1793,3,8327224,8395424,0,0,0,0,0,0,0,0,0
600,1794,1,8327224,8395940,0,0,0,0,0,0,1,0,0
600,1795,2,8327224,8395424,0,0,0,0,0,0,0,0,0
600,1796,3,8327224,8395424,0,0,0,0,0,0,0,0,0
601,1797,1,8327224,8395940,0,0,0,0,0,0,1,0,0
601,1798,2,8327224,8395424,0,0,0,0,0,0,0,0,0
601,1799,3,8327224,8395424,0,0,0,0,0,0,0,0,0
602,1800,1,8327224,8395940,0,0,0,0,0,0,1,0,0
602,1801,2,8327224,8395424,0,0,0,0,0,0,0,0,0
602,1802,3,8327224,8395424,0,0,0,0,0,0,0,0,0
603,1803,1,8327224,8395940,0,0,0,0,0,0,1,0,0
603,1804,2,8327224,8395424,0,0,0,0,0,0,0,0,0
603,1805,3,8327224,8395424,0,0,0,0,0,0,0,0,0
604,1806,1,8327224,8395940,0,0,0,0,0,0,1,0,0
604,1807,2,8327224,8395424,0,0,0,0,0,0,0,0,0
604,1808,3,8327224,8395424,0,0,0,0,0,0,0,0,0
605,1809,1,8327224,8395940,0,0,0,0,0,0,1,0,0
605,1810,2,8327224,8395424,0,0,0,0,0,0,0,0,0
605,1811,3,8327224,8395424,0,0,0,0,0,0,0,0,0
606,1812,1,8327224,8395940,0,0,0,0,0,0,1,0,0
606,1813,2,8327224,8395424,0,0,0,0,0,0,0,0,0
606,1814,3,8327224,8395424,0,0,0,0,0,0,0,0,0
607,1815,1,8327224,8395940,0,0,0,0,0,0,1,0,0
607,1816,2,8327224,8395424,0,0,0,0,0,0,0,0,0
607,1817,3,8327224,8395424,0,0,0,0,0,0,0,0,0
608,1818,1,8327224,8395940,0,0,0,0,0,0,1,0,0
608,1819,2,8327224,8395424,0,0,0,0,0,0,0,0,0
608,1820,3,8327224,8395424,0,0,0,0,0,0,0,0,0
609,1821,1,8327224,8395940,0,0,0,0,0,0,1,0,0
609,1822,2,8327224,8395424,0,0,0,0,0,0,0,0,0
609,1823,3,8327224,8395424,0,0,0,0,0,0,0,0,0
610,1824,1,8327224,8395940,0,0,0,0,0,0,1,0,0
610,1825,2,8327224,8395424,0,0,0,0,0,0,0,0,0
610,1826,3,8327224,8395424,0,0,0,0,0,0,0,0,0
611,1827,1,8327224,8395940,0,0,0,0,0,0,1,0,0
611,1828,2,8327224,8395424,0,0,0,0,0,0,0,0,0
611,1829,3,8327224,8395424,0,0,0,0,0,0,0,0,0
612,1830,1,8327224,8395940,0,0,0,0,0,0,1,0,0
612,1831,2,8327224,8395424,0,0,0,0,0,0,0,0,0
612,1832,3,8327224,8395424,0,0,0,0,0,0,0,0,0
613,1833,1,8327224,8395940,0,0,0,0,0,0,1,0,0
613,1834,2,8327224,8395424,0,0,0,0,0,0,0,0,0
613,1835,3,8327224,8395424,0,0,0,0,0,0,0,0,0
614,1836,1,8327224,8395940,0,0,0,0,0,0,1,0,0
614,1837,2,8327224,8395424,0,0,0,0,0,0,0,0,0
614,1838,3,8327224,8395424,0,0,0,0,0,0,0,0,0
615,1839,1,8327224,8395940,0,0,0,0,0,0,1,0,0
615,1840,2,8327224,8395424,0,0,0,0,0,0,0,0,0
615,1841,3,8327224,8395424,0,0,0,0,0,0,0,0,0
616,1842,1,8327224,8395940,0,0,0,0,0,0,1,0,0
616,1843,2,8327224,8395424,0,0,0,0,0,0,0,0,0
616,1844,3,8327224,8395424,0,0,0,0,0,0,0,0,0
617,1845,1,8327224,8395940,0,0,0,0,0,0,1,0,0
617,1846,2,8327224,8395424,0,0,0,0,0,0,0,0,0
617,1847,3,8327224,8395424,0,0,0,0,0,0,0,0,0
618,1848,1,8327224,8395940,0,0,0,0,0,0,1,0,0
618,1849,2,8327224,8395424,0,0,0,0,0,0,0,0,0
618,1850,3,8327224,8395424,0,0,0,0,0,0,0,0,0
619,1851,1,8327224,8395940,0,0,0,0,0,0,1,0,0
619,1852,2,8327224,8395424,0,0,0,0,0,0,0,0,0
619,1853,3,8327224,8395424,0,0,0,0,0,0,0,0,0
620,1854,1,8327224,8395940,0,0,0,0,0,0,1,0,0
620,1855,2,8327224,8395424,0,0,0,0,0,0,0,0,0
620,1856,3,8327224,8395424,0,0,0,0,0,0,0,0,0
621,1857,1,8327224,8395940,0,0,0,0,0,0,1,0,0
621,1858,2,8327224,8395424,0,0,0,0,0,0,0,0,0
621,1859,3,8327224,8395424,0,0,0,0,0,0,0,0,0
622,1860,1,8327224,8395940,0,0,0,0,0,0,1,0,0
622,1861,2,8327224,8395424,0,0,0,0,0,0,0,0,0
622,1862,3,8327224,8395424,0,0,0,0,0,0,0,0,0
623,1863,1,8327224,8395940,0,0,0,0,0,0,1,0,0
623,1864,2,8327224,8395424,0,0,0,0,0,0,0,0,0
623,1865,3,8327224,8395424,0,0,0,0,0,0,0,0,0
624,1866,1,8327224,8395940,0,0,0,0,0,0,1,0,0
624,1867,2,8327224,8395424,0,0,0,0,0,0,0,0,0
624,1868,3,8327224,8395424,0,0,0,0,0,0,0,0,0
625,1869,1,8327224,8395940,0,0,0,0,0,0,1,0,0
625,1870,2,8327224,8395424,0,0,0,0,0,0,0,0,0
625,1871,3,8327224,8395424,0,0,0,0,0,0,0,0,0
626,1872,1,8327224,8395940,0,0,0,0,0,0,1,0,0
626,1873,2,8327224,8395424,0,0,0,0,0,0,0,0,0
626,1874,3,8327224,8395424,0,0,0,0,0,0,0,0,0
627,1875,1,8327224,8395940,0,0,0,0,0,0,1,0,0
627,1876,2,8327224,8395424,0,0,0,0,0,0,0,0,0
627,1877,3,8327224,8395424,0,0,0,0,0,0,0,0,0
628,1878,1,8327224,8395940,0,0,0,0,0,0,1,0,0
628,1879,2,8327224,8395424,0,0,0,0,0,0,0,0,0
628,1880,3,8327224,8395424,0,0,0,0,0,0,0,0,0
629,1881,1,8327224,8395940,0,0,0,0,0,0,1,0,0
629,1882,2,8327224,8395424,0,0,0,0,0,0,0,0,0
629,1883,3,8327224,8395424,0,0,0,0,0,0,0,0,0
630,1884,1,8327224,8395940,0,0,0,0,0,0,1,0,0
630,1885,2,8327224,8395424,0,0,0,0,0,0,0,0,0
630,1886,3,8327224,8395424,0,0,0,0,0,0,0,0,0
631,1887,1,8327224,8395940,0,0,0,0,0,0,1,0,0
631,1888,2,8327224,8395424,0,0,0,0,0,0,0,0,0
631,1889,3,8327224,8395424,0,0,0,0,0,0,0,0,0
632,1890,1,8327224,8395940,0,0,0,0,0,0,1,0,0
632,1891,2,8327224,8395424,0,0,0,0,0,0,0,0,0
632,1892,3,8327224,8395424,0,0,0,0,0,0,0,0,0
633,1893,1,8327224,8395940,0,0,0,0,0,0,1,0,0
633,1894,2,8327224,8395424,0,0,0,0,0,0,0,0,0
633,1895,3,8327224,8395424,0,0,0,0,0,0,0,0,0
634,1896,1,8327224,8395940,0,0,0,0,0,0,1,0,0
634,1897,2,8327224,8395424,0,0,0,0,0,0,0,0,0
634,1898,3,8327224,8395424,0,0,0,0,0,0,0,0,0
635,1899,1,8327224,8395940,0,0,0,0,0,0,1,0,0
635,1900,2,8327224,8395424,0,0,0,0,0,0,0,0,0
635,1901,3,8327224,8395424,0,0,0,0,0,0,0,0,0
636,1902,1,8327224,8395940,0,0,0,0,0,0,1,0,0
636,1903,2,8327224,8395424,0,0,0,0,0,0,0,0,0
636,1904,3,8327224,8395424,0,0,0,0,0,0,0,0,0
637,1905,1,8327224,8395940,0,0,0,0,0,0,1,0,0
637,1906,2,8327224,8395424,0,0,0,0,0,0,0,0,0
637,1907,3,8327224,8395424,0,0,0,0,0,0,0,0,0
638,1908,1,8327224,8395940,0,0,0,0,0,0,1,0,0
638,1909,2,8327224,8395424,0,0,0,0,0,0,0,0,0
638,1910,3,8327224,8395424,0,0,0,0,0,0,0,0,0
639,1911,1,8327224,8395940,0,0,0,0,0,0,1,0,0
639,1912,2,8327224,8395424,0,0,0,0,0,0,0,0,0
639,1913,3,8327224,8395424,0,0,0,0,0,0,0,0,0
640,1914,1,8327224,8395940,0,0,0,0,0,0,1,0,0
640,1915,2,8327224,8395424,0,0,0,0,0,0,0,0,0
640,1916,3,8327224,8395424,0,0,0,0,0,0,0,0,0
641,1917,1,8327224,8395940,0,0,0,0,0,0,1,0,0
641,1918,2,8327224,8395424,0,0,0,0,0,0,0,0,0
641,1919,3,8327224,8395424,0,0,0,0,0,0,0,0,0
642,1920,1,8327224,8395940,0,0,0,0,0,0,1,0,0
642,1921,2,8327224,8395424,0,0,0,0,0,0,0,0,0
642,1922,3,8327224,8395424,0,0,0,0,0,0,0,0,0
643,1923,1,8327224,8395940,0,0,0,0,0,0,1,0,0
643,1924,2,8327224,8395424,0,0,0,0,0,0,0,0,0
643,1925,3,8327224,8395424,0,0,0,0,0,0,0,0,0
644,1926,1,8327224,8395940,0,0,0,0,0,0,1,0,0
644,1927,2,8327224,8395424,0,0,0,0,0,0,0,0,0
644,1928,3,8327224,8395424,0,0,0,0,0,0,0,0,0
645,1929,1,8327224,8395940,0,0,0,0,0,0,1,0,0
645,1930,2,8327224,8395424,0,0,0,0,0,0,0,0,0
645,1931,3,8327224,8395424,0,0,0,0,0,0,0,0,0
646,1932,1,8327224,8395940,0,0,0,0,0,0,1,0,0
646,1933,2,8327224,8395424,0,0,0,0,0,0,0,0,0
646,1934,3,8327224,8395424,0,0,0,0,0,0,0,0,0
647,1935,1,8327224,8395940,0,0,0,0,0,0,1,0,0
647,1936,2,8327224,8395424,0,0,0,0,0,0,0,0,0
647,1937,3,8327224,8395424,0,0,0,0,0,0,0,0,0
648,1938,1,8327224,8395940,0,0,0,0,0,0,1,0,0
648,1939,2,8327224,8395424,0,0,0,0,0,0,0,0,0
648,1940,3,8327224,8395424,0,0,0,0,0,0,0,0,0
649,1941,1,8327224,8395940,0,0,0,0,0,0,1,0,0
649,1942,2,8327224,8395424,0,0,0,0,0,0,0,0,0
649,1943,3,8327224,8395424,0,0,0,0,0,0,0,0,0
650,1944,1,8327224,8395940,0,0,0,0,0,0,1,0,0
650,1945,2,8327224,8395424,0,0,0,0,0,0,0,0,0
650,1946,3,8327224,8395424,0,0,0,0,0,0,0,0,0
651,1947,1,8327224,8395940,0,0,0,0,0,0,1,0,0
651,1948,2,8327224,8395424,0,0,0,0,0,0,0,0,0
651,1949,3,8327224,8395424,0,0,0,0,0,0,0,0,0
652,1950,1,8327224,8395940,0,0,0,0,0,0,1,0,0
652,1951,2,8327224,8395424,0,0,0,0,0,0,0,0,0
652,1952,3,8327224,8395424,0,0,0,0,0,0,0,0,0
653,1953,1,8327224,8395940,0,0,0,0,0,0,1,0,0
653,1954,2,8327224,8395424,0,0,0,0,0,0,0,0,0
653,1955,3,8327224,8395424,0,0,0,0,0,0,0,0,0
654,1956,1,8327224,8395940,0,0,0,0,0,0,1,0,0
654,1957,2,8327224,8395424,0,0,0,0,0,0,0,0,0
654,1958,3,8327224,8395424,0,0,0,0,0,0,0,0,0
655,1959,1,8327224,8395940,0,0,0,0,0,0,1,0,0
655,1960,2,8327224,8395424,0,0,0,0,0,0,0,0,0
655,1961,3,8327224,8395424,0,0,0,0,0,0,0,0,0
656,1962,1,8327224,8395940,0,0,0,0,0,0,1,0,0
656,1963,2,8327224,8395424,0,0,0,0,0,0,0,0,0
656,1964,3,8327224,8395424,0,0,0,0,0,0,0,0,0
657,1965,1,8327224,8395940,0,0,0,0,0,0,1,0,0
657,1966,2,8327224,8395424,0,0,0,0,0,0,0,0,0
657,1967,3,8327224,8395424,0,0,0,0,0,0,0,0,0
658,1968,1,8327224,8395940,0,0,0,0,0,0,1,0,0
658,1969,2,8327224,8395424,0,0,0,0,0,0,0,0,0
658,1970,3,8327224,8395424,0,0,0,0,0,0,0,0,0
659,1971,1,8327224,8395940,0,0,0,0,0,0,1,0,0
659,1972,2,8327224,8395424,0,0,0,0,0,0,0,0,0
659,1973,3,8327224,8395424,0,0,0,0,0,0,0,0,0
660,1974,1,8327224,8395940,0,0,0,0,0,0,1,0,0
660,1975,2,8327224,8395424,0,0,0,0,0,0,0,0,0
660,1976,3,8327224,8395424,0,0,0,0,0,0,0,0,0
661,1977,1,8327224,8395940,0,0,0,0,0,0,1,0,0
661,1978,2,8327224,8395424,0,0,0,0,0,0,0,0,0
661,1979,3,8327224,8395424,0,0,0,0,0,0,0,0,0
662,1980,1,8327224,8395940,0,0,0,0,0,0,1,0,0
662,1981,2,8327224,8395424,0,0,0,0,0,0,0,0,0
662,1982,3,8327224,8395424,0,0,0,0,0,0,0,0,0
663,1983,1,8327224,8395940,0,0,0,0,0,0,1,0,0
663,1984,2,8327224,8395424,0,0,0,0,0,0,0,0,0
663,1985,3,8327224,8395424,0,0,0,0,0,0,0,0,0
664,1986,1,8327224,8395940,0,0,0,0,0,0,1,0,0
664,1987,2,8327224,8395424,0,0,0,0,0,0,0,0,0
664,1988,3,8327224,8395424,0,0,0,0,0,0,0,0,0
665,1989,1,8327224,8395940,0,0,0,0,0,0,1,0,0
665,1990,2,8327224,8395424,0,0,0,0,0,0,0,0,0
665,1991,3,8327224,8395424,0,0,0,0,0,0,0,0,0
666,1992,1,8327224,8395940,0,0,0,0,0,0,1,0,0
666,1993,2,8327224,8395424,0,0,0,0,0,0,0,0,0
666,1994,3,8327224,8395424,0,0,0,0,0,0,0,0,0
667,1995,1,8327224,8395940,0,0,0,0,0,0,1,0,0
667,1996,2,8327224,8395424,0,0,0,0,0,0,0,0,0
667,1997,3,8327224,8395424,0,0,0,0,0,0,0,0,0
668,1998,1,8327224,8395940,0,0,0,0,0,0,1,0,0
668,1999,2,8327224,8395424,0,0,0,0,0,0,0,0,0
668,2000,3,8327224,8395424,0,0,0,0,0,0,0,0,0
669,2001,1,8327224,8395940,0,0,0,0,0,0,1,0,0
669,2002,2,8327224,8395424,0,0,0,0,0,0,0,0,0
669,2003,3,8327224,8395424,0,0,0,0,0,0,0,0,0
670,2004,1,8327224,8395940,0,0,0,0,0,0,1,0,0
670,2005,2,8327224,8395424,0,0,0,0,0,0,0,0,0
670,2006,3,8327224,8395424,0,0,0,0,0,0,0,0,0
671,2007,1,8327224,8395940,0,0,0,0,0,0,1,0,0
671,2008,2,8327224,8395424,0,0,0,0,0,0,0,0,0
671,2009,3,8327224,8395424,0,0,0,0,0,0,0,0,0
672,2010,1,8327224,8395940,0,0,0,0,0,0,1,0,0
672,2011,2,8327224,8395424,0,0,0,0,0,0,0,0,0
672,2012,3,8327224,8395424,0,0,0,0,0,0,0,0,0
673,2013,1,8327224,8395940,0,0,0,0,0,0,1,0,0
673,2014,2,8327224,8395424,0,0,0,0,0,0,0,0,0
673,2015,3,8327224,8395424,0,0,0,0,0,0,0,0,0
674,2016,1,8327224,8395940,0,0,0,0,0,0,1,0,0
674,2017,2,8327224,8395424,0,0,0,0,0,0,0,0,0
674,2018,3,8327224,8395424,0,0,0,0,0,0,0,0,0
675,2019,1,8327224,8395940,0,0,0,0,0,0,1,0,0
675,2020,2,8327224,8395424,0,0,0,0,0,0,0,0,0
675,2021,3,8327224,8395424,0,0,0,0,0,0,0,0,0
676,2022,1,8327224,8395940,0,0,0,0,0,0,1,0,0
676,2023,2,8327224,8395424,0,0,0,0,0,0,0,0,0
676,2024,3,8327224,8395424,0,0,0,0,0,0,0,0,0
677,2025,1,8327224,8395940,0,0,0,0,0,0,1,0,0
677,2026,2,8327224,8395424,0,0,0,0,0,0,0,0,0
677,2027,3,8327224,8395424,0,0,0,0,0,0,0,0,0
678,2028,1,8327224,8395940,0,0,0,0,0,0,1,0,0
678,2029,2,8327224,8395424,0,0,0,0,0,0,0,0,0
678,2030,3,8327224,8395424,0,0,0,0,0,0,0,0,0
679,2031,1,8327224,8395940,0,0,0,0,0,0,1,0,0
679,2032,2,8327224,8395424,0,0,0,0,0,0,0,0,0
679,2033,3,8327224,8395424,0,0,0,0,0,0,0,0,0
680,2034,1,8327224,8395940,0,0,0,0,0,0,1,0,0
680,2035,2,8327224,8395424,0,0,0,0,0,0,0,0,0
680,2036,3,8327224,8395424,0,0,0,0,0,0,0,0,0
681,2037,1,8327224,8395940,0,0,0,0,0,0,1,0,0
681,2038,2,8327224,8395424,0,0,0,0,0,0,0,0,0
681,2039,3,8327224,8395424,0,0,0,0,0,0,0,0,0
682,2040,1,8327224,8395940,0,0,0,0,0,0,1,0,0
682,2041,2,8327224,8395424,0,0,0,0,0,0,0,0,0
682,2042,3,8327224,8395424,0,0,0,0,0,0,0,0,0
683,2043,1,8327224,8395940,0,0,0,0,0,0,1,0,0
683,2044,2,8327224,8395424,0,0,0,0,0,0,0,0,0
683,2045,3,8327224,8395424,0,0,0,0,0,0,0,0,0
684,2046,1,8327224,8395940,0,0,0,0,0,0,1,0,0
684,2047,2,8327224,8395424,0,0,0,0,0,0,0,0,0
684,2048,3,8327224,8395424,0,0,0,0,0,0,0,0,0
685,2049,1,8327224,8395940,0,0,0,0,0,0,1,0,0
685,2050,2,8327224,8395424,0,0,0,0,0,0,0,0,0
685,2051,3,8327224,8395424,0,0,0,0,0,0,0,0,0
686,2052,1,8327224,8395940,0,0,0,0,0,0,1,0,0
686,2053,2,8327224,8395424,0,0,0,0,0,0,0,0,0
686,2054,3,8327224,8395424,0,0,0,0,0,0,0,0,0
687,2055,1,8327224,8395940,0,0,0,0,0,0,1,0,0
687,2056,2,8327224,8395424,0,0,0,0,0,0,0,0,0
687,2057,3,8327224,8395424,0,0,0,0,0,0,0,0,0
688,2058,1,8327224,8395940,0,0,0,0,0,0,1,0,0
688,2059,2,8327224,8395424,0,0,0,0,0,0,0,0,0
688,2060,3,8327224,8395424,0,0,0,0,0,0,0,0,0
689,2061,1,8327224,8395940,0,0,0,0,0,0,1,0,0
689,2062,2,8327224,8395424,0,0,0,0,0,0,0,0,0
689,2063,3,8327224,8395424,0,0,0,0,0,0,0,0,0
690,2064,1,8327224,8395940,0,0,0,0,0,0,1,0,0
690,2065,2,8327224,8395424,0,0,0,0,0,0,0,0,0
690,2066,3,8327224,8395424,0,0,0,0,0,0,0,0,0
691,2067,1,8327224,8395940,0,0,0,0,0,0,1,0,0
691,2068,2,8327224,8395424,0,0,0,0,0,0,0,0,0
691,2069,3,8327224,8395424,0,0,0,0,0,0,0,0,0
692,2070,1,8327224,8395940,0,0,0,0,0,0,1,0,0
692,2071,2,8327224,8395424,0,0,0,0,0,0,0,0,0
692,2072,3,8327224,8395424,0,0,0,0,0,0,0,0,0
693,2073,1,8327224,8395940,0,0,0,0,0,0,1,0,0
693,2074,2,8327224,8395424,0,0,0,0,0,0,0,0,0
693,2075,3,8327224,8395424,0,0,0,0,0,0,0,0,0
694,2076,1,8327224,8395940,0,0,0,0,0,0,1,0,0
694,2077,2,8327224,8395424,0,0,0,0,0,0,0,0,0
694,2078,3,8327224,8395424,0,0,0,0,0,0,0,0,0
695,2079,1,8327224,8395940,0,0,0,0,0,0,1,0,0
695,2080,2,8327224,8395424,0,0,0,0,0,0,0,0,0
695,2081,3,8327224,8395424,0,0,0,0,0,0,0,0,0
696,2082,1,8327224,8395940,0,0,0,0,0,0,1,0,0
696,2083,2,8327224,8395424,0,0,0,0,0,0,0,0,0
696,2084,3,8327224,8395424,0,0,0,0,0,0,0,0,0
697,2085,1,8327224,8395940,0,0,0,0,0,0,1,0,0
697,2086,2,8327224,8395424,0,0,0,0,0,0,0,0,0
697,2087,3,8327224,8395424,0,0,0,0,0,0,0,0,0
698,2088,1,8327224,8395940,0,0,0,0,0,0,1,0,0
698,2089,2,8327224,8395424,0,0,0,0,0,0,0,0,0
698,2090,3,8327224,8395424,0,0,0,0,0,0,0,0,0
699,2091,1,8327224,8395940,0,0,0,0,0,0,1,0,0
699,2092,2,8327224,8395424,0,0,0,0,0,0,0,0,0
699,2093,3,8327224,8395424,0,0,0,0,0,0,0,0,0
700,2094,1,8327224,8395940,0,0,0,0,0,0,1,0,0
700,2095,2,8327224,8395424,0,0,0,0,0,0,0,0,0
700,2096,3,8327224,8395424,0,0,0,0,0,0,0,0,0
701,2097,1,8327224,8395940,0,0,0,0,0,0,1,0,0
701,2098,2,8327224,8395424,0,0,0,0,0,0,0,0,0
701,2099,3,8327224,8395424,0,0,0,0,0,0,0,0,0
702,2100,1,8327224,8395940,0,0,0,0,0,0,1,0,0
702,2101,2,8327224,8395424,0,0,0,0,0,0,0,0,0
702,2102,3,8327224,8395424,0,0,0,0,0,0,0,0,0
703,2103,1,8327224,8395940,0,0,0,0,0,0,1,0,0
703,2104,2,8327224,8395424,0,0,0,0,0,0,0,0,0
703,2105,3,8327224,8395424,0,0,0,0,0,0,0,0,0
704,2106,1,8327224,8395940,0,0,0,0,0,0,1,0,0
704,2107,2,8327224,8395424,0,0,0,0,0,0,0,0,0
704,2108,3,8327224,8395424,0,0,0,0,0,0,0,0,0
705,2109,1,8327224,8395940,0,0,0,0,0,0,1,0,0
705,2110,2,8327224,8395424,0,0,0,0,0,0,0,0,0
705,2111,3,8327224,8395424,0,0,0,0,0,0,0,0,0
706,2112,1,8327224,8395940,0,0,0,0,0,0,1,0,0
706,2113,2,8327224,8395424,0,0,0,0,0,0,0,0,0
706,2114,3,8327224,8395424,0,0,0,0,0,0,0,0,0
707,2115,1,8327224,8395940,0,0,0,0,0,0,1,0,0
707,2116,2,8327224,8395424,0,0,0,0,0,0,0,0,0
707,2117,3,8327224,8395424,0,0,0,0,0,0,0,0,0
708,2118,1,8327224,8395940,0,0,0,0,0,0,1,0,0
708,2119,2,8327224,8395424,0,0,0,0,0,0,0,0,0
708,2120,3,8327224,8395424,0,0,0,0,0,0,0,0,0
709,2121,1,8327224,8395940,0,0,0,0,0,0,1,0,0
709,2122,2,8327224,8395424,0,0,0,0,0,0,0,0,0
709,2123,3,8327224,8395424,0,0,0,0,0,0,0,0,0
710,2124,1,8327224,8395940,0,0,0,0,0,0,1,0,0
710,2125,2,8327224,8395424,0,0,0,0,0,0,0,0,0
710,2126,3,8327224,8395424,0,0,0,0,0,0,0,0,0
711,2127,1,8327224,8395940,0,0,0,0,0,0,1,0,0
711,2128,2,8327224,8395424,0,0,0,0,0,0,0,0,0
711,2129,3,8327224,8395424,0,0,0,0,0,0,0,0,0
712,2130,1,8327224,8395940,0,0,0,0,0,0,1,0,0
712,2131,2,8327224,8395424,0,0,0,0,0,0,0,0,0
712,2132,3,8327224,8395424,0,0,0,0,0,0,0,0,0
713,2133,1,8327224,8395940,0,0,0,0,0,0,1,0,0
713,2134,2,8327224,8395424,0,0,0,0,0,0,0,0,0
713,2135,3,8327224,8395424,0,0,0,0,0,0,0,0,0
714,2136,1,8327224,8395940,0,0,0,0,0,0,1,0,0
714,2137,2,8327224,8395424,0,0,0,0,0,0,0,0,0
714,2138,3,8327224,8395424,0,0,0,0,0,0,0,0,0
715,2139,1,8327224,8395940,0,0,0,0,0,0,1,0,0
715,2140,2,8327224,8395424,0,0,0,0,0,0,0,0,0
715,2141,3,8327224,8395424,0,0,0,0,0,0,0,0,0
716,2142,1,8327224,8395940,0,0,0,0,0,0,1,0,0
716,2143,2,8327224,8395424,0,0,0,0,0,0,0,0,0
716,2144,3,8327224,8395424,0,0,0,0,0,0,0,0,0
717,2145,1,8327224,8395940,0,0,0,0,0,0,1,0,0
717,2146,2,8327224,8395424,0,0,0,0,0,0,0,0,0
717,2147,3,8327224,8395424,0,0,0,0,0,0,0,0,0
718,2148,1,8327224,8395940,0,0,0,0,0,0,1,0,0
718,2149,2,8327224,8395424,0,0,0,0,0,0,0,0,0
718,2150,3,8327224,8395424,0,0,0,0,0,0,0,0,0
719,2151,1,8327224,8395940,0,0,0,0,0,0,1,0,0
719,2152,2,8327224,8395424,0,0,0,0,0,0,0,0,0
719,2153,3,8327224,8395424,0,0,0,0,0,0,0,0,0
720,2154,1,8327224,8395940,0,0,0,0,0,0,1,0,0
720,2155,2,8327224,8395424,0,0,0,0,0,0,0,0,0
720,2156,3,8327224,8395424,0,0,0,0,0,0,0,0,0
721,2157,1,8327224,8395940,0,0,0,0,0,0,1,0,0
721,2158,2,8327224,8395424,0,0,0,0,0,0,0,0,0
721,2159,3,8327224,8395424,0,0,0,0,0,0,0,0,0
722,2160,1,8327224,8395940,0,0,0,0,0,0,1,0,0
722,2161,2,8327224,8395424,0,0,0,0,0,0,0,0,0
722,2162,3,8327224,8395424,0,0,0,0,0,0,0,0,0
723,2163,1,8327224,8395940,0,0,0,0,0,0,1,0,0
723,2164,2,8327224,8395424,0,0,0,0,0,0,0,0,0
723,2165,3,8327224,8395424,0,0,0,0,0,0,0,0,0
724,2166,1,8327224,8395940,0,0,0,0,0,0,1,0,0
724,2167,2,8327224,8395424,0,0,0,0,0,0,0,0,0
724,2168,3,8327224,8395424,0,0,0,0,0,0,0,0,0
725,2169,1,8327224,8395940,0,0,0,0,0,0,1,0,0
725,2170,2,8327224,8395424,0,0,0,0,0,0,0,0,0
725,2171,3,8327224,8395424,0,0,0,0,0,0,0,0,0
726,2172,1,8327224,8395940,0,0,0,0,0,0,1,0,0
726,2173,2,8327224,8395424,0,0,0,0,0,0,0,0,0
726,2174,3,8327224,8395424,0,0,0,0,0,0,0,0,0
727,2175,1,8327224,8395940,0,0,0,0,0,0,1,0,0
727,2176,2,8327224,8395424,0,0,0,0,0,0,0,0,0
727,2177,3,8327224,8395424,0,0,0,0,0,0,0,0,0
728,2178,1,8327224,8395940,0,0,0,0,0,0,1,0,0
728,2179,2,8327224,8395424,0,0,0,0,0,0,0,0,0
728,2180,3,8327224,8395424,0,0,0,0,0,0,0,0,0
729,2181,1,8327224,8395940,0,0,0,0,0,0,1,0,0
729,2182,2,8327224,8395424,0,0,0,0,0,0,0,0,0
729,2183,3,8327224,8395424,0,0,0,0,0,0,0,0,0
730,2184,1,8327224,8395940,0,0,0,0,0,0,1,0,0
730,2185,2,8327224,8395424,0,0,0,0,0,0,0,0,0
730,2186,3,8327224,8395424,0,0,0,0,0,0,0,0,0
731,2187,1,8327224,8395940,0,0,0,0,0,0,1,0,0
731,2188,2,8327224,8395424,0,0,0,0,0,0,0,0,0
731,2189,3,8327224,8395424,0,0,0,0,0,0,0,0,0
732,2190,1,8327224,8395940,0,0,0,0,0,0,1,0,0
732,2191,2,8327224,8395424,0,0,0,0,0,0,0,0,0
732,2192,3,8327224,8395424,0,0,0,0,0,0,0,0,0
733,2193,1,8327224,8395940,0,0,0,0,0,0,1,0,0
733,2194,2,8327224,8395424,0,0,0,0,0,0,0,0,0
733,2195,3,8327224,8395424,0,0,0,0,0,0,0,0,0
734,2196,1,8327224,8395940,0,0,0,0,0,0,1,0,0
734,2197,2,8327224,8395424,0,0,0,0,0,0,0,0,0
734,2198,3,8327224,8395424,0,0,0,0,0,0,0,0,0
735,2199,1,8327224,8395940,0,0,0,0,0,0,1,0,0
735,2200,2,8327224,8395424,0,0,0,0,0,0,0,0,0
735,2201,3,8327224,8395424,0,0,0,0,0,0,0,0,0
736,2202,1,8327224,8395940,0,0,0,0,0,0,1,0,0
736,2203,2,8327224,8395424,0,0,0,0,0,0,0,0,0
736,2204,3,8327224,8395424,0,0,0,0,0,0,0,0,0
737,2205,1,8327224,8395940,0,0,0,0,0,0,1,0,0
737,2206,2,8327224,8395424,0,0,0,0,0,0,0,0,0
737,2207,3,8327224,8395424,0,0,0,0,0,0,0,0,0
738,2208,1,8327224,8395940,0,0,0,0,0,0,1,0,0
738,2209,2,8327224,8395424,0,0,0,0,0,0,0,0,0
738,2210,3,8327224,8395424,0,0,0,0,0,0,0,0,0
851,2211,1,8327224,8395424,0,0,0,255,0,0,0,0,0
851,2212,2,8327224,8395424,0,0,0,255,0,0,0,0,0
851,2213,3,8327224,8395424,0,0,0,255,0,0,0,0,0
852,2214,1,8327224,8395424,1,0,0,255,0,0,0,0,0
852,2215,2,8327224,8395424,0,0,0,255,0,0,0,0,3
852,2216,3,8327224,8395424,4,0,0,255,0,0,0,0,0
853,2217,1,8327224,8395424,2,0,0,255,0,0,0,0,0
853,2218,2,8327224,8395424,0,0,0,255,0,0,0,0,3
853,2219,3,8327224,8395424,9,0,0,255,0,0,0,0,0
854,2220,1,8327224,8395424,3,0,0,255,0,0,0,0,0
854,2221,2,8327224,8395424,0,0,0,255,0,0,0,0,3
854,2222,3,8327224,8395424,14,0,0,255,0,0,0,0,0
855,2223,1,8327224,8395424,4,0,0,255,0,0,0,0,0
855,2224,2,8327224,8395424,0,20,0,255,0,0,0,0,3
855,2225,3,8327224,8395424,19,0,0,255,0,0,0,0,0
856,2226,1,8327224,8395424,5,0,0,255,0,0,0,0,0
856,2227,2,8327224,8395424,0,25,0,255,0,0,0,0,3
856,2228,3,8327224,8395424,23,0,0,255,0,0,0,0,0
857,2229,1,8327224,8395424,7,0,0,255,0,0,0,0,0
857,2230,2,8327224,8395424,0,30,0,255,0,0,0,0,3
857,2231,3,8327224,8395424,26,0,0,255,0,0,0,0,0
858,2232,1,8327224,8395424,6,0,0,255,0,0,0,0,0
858,2233,2,8327224,8395424,0,34,0,255,0,0,0,0,3
858,2234,3,8327224,8395424,27,0,0,255,0,0,0,0,0
859,2235,1,8327224,8395424,6,0,0,255,0,0,0,0,0
859,2236,2,8327224,8395424,0,36,0,255,0,0,0,0,3
859,2237,3,8327224,8395424,26,0,0,255,0,0,0,0,0
860,2238,1,8327224,8395424,5,0,0,255,0,0,0,0,0
860,2239,2,8327224,8395424,0,38,0,255,0,0,0,0,3
860,2240,3,8327224,8395424,24,0,0,255,0,0,0,0,0
861,2241,1,8327224,8395424,5,0,0,255,0,0,0,0,0
861,2242,2,8327224,8395424,0,39,0,255,0,0,0,0,3
861,2243,3,8327224,8395424,23,0,0,255,0,0,0,0,0
862,2244,1,8327224,8395424,4,0,0,255,0,0,0,0,0
862,2245,2,8327224,8395424,0,29,0,255,0,0,0,0,0
862,2246,3,8327224,8395424,21,0,0,255,0,0,0,0,0
863,2247,1,8327224,8395424,0,0,0,255,0,0,0,0,0
863,2248,2,8327224,8395424,0,19,0,255,0,0,0,0,0
863,2249,3,8327224,8395424,20,0,0,255,0,0,0,0,0
864,2250,1,8327224,8395424,0,0,0,255,0,0,0,0,0
864,2251,2,8327224,8395424,0,9,0,255,0,0,0,0,0
864,2252,3,8327224,8395424,19,0,0,255,0,0,0,0,0
865,2253,1,8327224,8395424,0,0,0,255,0,0,0,0,0
865,2254,2,8327224,8395424,53,0,0,255,0,0,0,0,0
865,2255,3,8327224,8395424,17,0,0,255,0,0,0,0,0
866,2256,1,8327224,8395424,0,0,0,255,0,0,0,0,0
866,2257,2,8327224,8395424,53,0,0,255,0,0,0,0,0
866,2258,3,8327224,8395424,19,0,0,255,0,0,0,0,0
867,2259,1,8327224,8395424,0,0,0,255,0,0,0,0,0
867,2260,2,8327224,8395424,52,0,0,255,0,0,0,0,0
867,2261,3,8327224,8395424,17,0,0,255,0,0,0,0,0
868,2262,1,8327224,8395424,0,0,0,255,0,0,0,0,0
868,2263,2,8327224,8395424,52,0,0,255,0,0,0,0,0
868,2264,3,8327224,8395424,13,0,0,255,0,0,0,0,0
869,2265,1,8327224,8395424,0,0,0,255,0,0,0,0,0
869,2266,2,8327224,8395424,52,0,0,255,0,0,0,0,0
869,2267,3,8327224,8395424,15,0,0,255,0,0,0,0,0
870,2268,1,8327224,8395424,0,0,0,255,0,0,0,0,0
870,2269,2,8327224,8395424,52,0,0,255,0,0,0,0,0
870,2270,3,8327224,8395424,13,0,0,255,0,0,0,0,0
871,2271,1,8327224,8395424,0,0,0,255,0,0,0,0,0
871,2272,2,8327224,8395424,51,0,0,255,0,0,0,0,0
871,2273,3,8327224,8395424,15,0,0,255,0,0,0,0,0
872,2274,1,8327224,8395424,0,0,0,255,0,0,0,0,0
872,2275,2,8327224,8395424,51,0,0,255,0,0,0,0,0
872,2276,3,8327224,8395424,11,0,0,255,0,0,0,0,0
873,2277,1,8327224,8395424,0,0,0,255,0,0,0,0,0
873,2278,2,8327224,8395424,51,0,0,255,0,0,0,0,0
873,2279,3,8327224,8395424,12,0,0,255,0,0,0,0,0
874,2280,1,8327224,8395424,0,0,0,255,0,0,0,0,0
874,2281,2,8327224,8395424,50,0,0,255,0,0,0,0,0
874,2282,3,8327224,8395424,11,0,0,255,0,0,0,0,0
875,2283,1,8327224,8395424,0,0,0,255,0,0,0,0,0
875,2284,2,8327224,8395424,50,0,0,255,0,0,0,0,0
875,2285,3,8327224,8395424,13,0,0,255,0,0,0,0,0
876,2286,1,8327224,8395424,0,8,0,255,0,0,0,0,0
876,2287,2,8327224,8395424,49,0,0,255,0,0,0,0,0
876,2288,3,8327224,8395424,8,0,0,255,0,0,0,0,0
877,2289,1,8327224,8395424,0,6,0,255,0,0,0,0,0
877,2290,2,8327224,8395424,49,0,0,255,0,0,0,0,0
877,2291,3,8327224,8395424,7,0,0,255,0,0,0,0,0
878,2292,1,8327224,8395424,0,8,0,255,0,0,0,0,0
878,2293,2,8327224,8395424,49,0,0,255,0,0,0,0,0
878,2294,3,8327224,8395424,10,0,0,255,0,0,0,0,0
879,2295,1,8327224,8395424,0,7,0,255,0,0,0,0,0
879,2296,2,8327224,8395424,48,0,0,255,0,0,0,0,0
879,2297,3,8327224,8395424,8,0,0,255,0,0,0,0,0
880,2298,1,8327224,8395424,0,10,0,255,0,0,0,0,0
880,2299,2,8327224,8395424,48,0,0,255,0,0,0,0,0
880,2300,3,8327224,8395424,7,0,0,255,0,0,0,0,0
881,2301,1,8327224,8395424,0,10,0,255,0,0,0,0,0
881,2302,2,8327224,8395424,48,0,0,255,0,0,0,0,0
881,2303,3,8327224,8395424,10,0,0,255,0,0,0,0,0
882,2304,1,8327224,8395424,0,11,0,255,0,0,0,0,0
882,2305,2,8327224,8395424,53,0,0,255,0,0,0,0,0
882,2306,3,8327224,8395424,7,0,0,255,0,0,0,0,1
883,2307,1,8327224,8395424,0,12,0,255,0,0,0,0,0
883,2308,2,8327224,8395424,52,0,0,255,0,0,0,0,0
883,2309,3,8327224,8395424,5,0,0,255,0,0,0,0,1
884,2310,1,8327224,8395424,0,14,0,255,0,0,0,0,0
884,2311,2,8327224,8395424,52,0,0,255,0,0,0,0,0
884,2312,3,8327224,8395424,2,0,0,255,0,0,0,0,1
885,2313,1,8327224,8395424,0,14,0,255,0,0,0,0,0
885,2314,2,8327224,8395424,52,0,0,255,0,0,0,0,0
885,2315,3,8327224,8395424,0,12,0,255,0,0,0,0,1
886,2316,1,8327224,8395424,0,13,0,255,0,0,0,0,0
886,2317,2,8327224,8395424,53,0,0,255,0,0,0,0,0
886,2318,3,8327224,8395424,0,9,0,255,0,0,0,0,1
887,2319,1,8327224,8395424,0,14,0,255,0,0,0,0,0
887,2320,2,8327224,8395424,54,0,0,255,0,0,0,0,0
887,2321,3,8327224,8395424,0,0,0,255,0,0,0,0,1
888,2322,1,8327224,8395424,0,13,0,255,0,0,0,0,0
888,2323,2,8327224,8395424,55,0,0,255,0,0,0,0,0
888,2324,3,8327224,8395424,0,8,0,255,0,0,0,0,1
889,2325,1,8327224,8395424,0,12,0,255,0,0,0,0,0
889,2326,2,8327224,8395424,62,0,0,255,0,0,0,0,0
889,2327,3,8327224,8395424,0,8,0,255,0,0,0,0,1
890,2328,1,8327224,8395424,0,12,0,255,0,0,0,0,0
890,2329,2,8327224,8395424,63,0,0,255,0,0,0,0,0
890,2330,3,8327224,8395424,0,0,0,255,0,0,0,0,1
891,2331,1,8327224,8395424,0,12,0,255,0,0,0,0,0
891,2332,2,8327224,8395424,65,0,0,255,0,0,0,0,0
891,2333,3,8327224,8395424,0,0,0,255,0,0,0,0,1
892,2334,1,8327224,8395424,0,11,0,255,0,0,0,0,0
892,2335,2,8327224,8395424,66,0,0,255,0,0,0,0,0
892,2336,3,8327224,8395424,0,0,0,255,0,0,0,0,1
893,2337,1,8327224,8395424,0,0,0,255,0,0,0,0,0
893,2338,2,8327224,8395424,68,0,0,255,0,0,0,0,0
893,2339,3,8327224,8395424,0,0,0,255,0,0,0,0,1
894,2340,1,8327224,8395424,0,7,0,255,0,0,0,0,0
894,2341,2,8327224,8395424,70,0,0,255,0,0,0,0,0
894,2342,3,8327224,8395424,0,0,0,255,0,0,0,0,1
895,2343,1,8327224,8395424,0,7,0,255,0,0,0,0,0
895,2344,2,8327224,8395424,72,0,0,255,0,0,0,0,0
895,2345,3,8327224,8395424,0,0,0,255,0,0,0,0,1
896,2346,1,8327224,8395424,0,0,0,255,0,0,0,0,0
896,2347,2,8327224,8395424,74,0,0,255,0,0,0,0,1
896,2348,3,8327224,8395424,0,0,0,255,0,0,0,0,1
897,2349,1,8327224,8395424,0,0,0,255,0,0,0,0,0
897,2350,2,8327224,8395424,84,0,0,255,0,0,0,0,1
897,2351,3,8327224,8395424,9,0,0,255,0,0,0,0,1
898,2352,1,8327224,8395424,0,0,0,255,0,0,0,0,0
898,2353,2,8327224,8395424,84,0,0,255,0,0,0,0,1
898,2354,3,8327224,8395424,0,0,0,255,0,0,0,0,1
899,2355,1,8327224,8395424,0,38,0,255,0,0,0,0,1
899,2356,2,8327224,8395424,86,0,0,255,0,0,0,0,1
899,2357,3,8327224,8395424,10,0,0,255,0,0,0,0,1
900,2358,1,8327224,8395424,0,66,0,255,0,0,0,0,1
900,2359,2,8327224,8395424,85,0,0,255,0,0,0,0,1
900,2360,3,8327224,8395424,0,0,0,255,0,0,0,0,1
901,2361,1,8327224,8395424,0,88,0,255,0,0,0,0,1
901,2362,2,8327224,8395424,88,0,0,255,0,0,0,0,1
901,2363,3,8327224,8395424,10,0,0,255,0,0,0,0,1
902,2364,1,8327224,8395424,0,66,0,255,0,0,0,0,1
902,2365,2,8327224,8395424,87,0,0,255,0,0,0,0,1
902,2366,3,8327224,8395424,9,0,0,255,0,0,0,0,1
903,2367,1,8327224,8395424,0,46,0,255,0,0,0,0,1
903,2368,2,8327224,8395424,86,0,0,255,0,0,0,0,1
903,2369,3,8327224,8395424,0,0,0,255,0,0,0,0,1
904,2370,1,8327224,8395424,0,53,0,255,0,0,0,0,1
904,2371,2,8327224,8395424,89,0,0,255,0,0,0,0,1
904,2372,3,8327224,8395424,10,0,0,255,0,0,0,0,1
905,2373,1,8327224,8395424,0,90,0,255,0,0,0,0,1
905,2374,2,8327224,8395424,88,0,0,255,0,0,0,0,1
905,2375,3,8327224,8395424,9,0,0,255,0,0,0,0,1
906,2376,1,8327224,8395424,0,92,0,255,0,0,0,0,1
906,2377,2,8327224,8395424,97,0,0,255,0,0,0,0,1
906,2378,3,8327224,8395424,0,0,0,255,0,0,0,0,1
907,2379,1,8327224,8395424,0,139,0,255,0,0,0,0,1
907,2380,2,8327224,8395424,99,0,0,255,0,0,0,0,1
907,2381,3,8327224,8395424,13,0,0,255,0,0,0,0,1
908,2382,1,8327224,8395940,0,108,0,255,0,0,1,0,1
908,2383,2,8327224,8395424,98,0,0,255,0,0,0,0,1
908,2384,3,8327224,8395424,12,0,0,255,0,0,0,0,1
909,2385,1,8327224,8395940,0,111,0,255,0,0,1,0,1
909,2386,2,8327224,8395424,98,0,0,255,0,0,0,0,1
909,2387,3,8327224,8395424,10,0,0,255,0,0,0,0,1
910,2388,1,8327224,8395940,0,113,0,255,0,0,1,0,1
910,2389,2,8327224,8395424,97,0,0,255,0,0,0,0,1
910,2390,3,8327224,8395424,9,0,0,255,0,0,0,0,1
911,2391,1,8327224,8395940,0,116,0,255,0,0,1,0,1
911,2392,2,8327224,8395424,96,0,0,255,0,0,0,0,1
911,2393,3,8327224,8395424,0,0,0,255,0,0,0,0,1
912,2394,1,8327224,8395940,0,116,0,255,0,0,1,0,1
912,2395,2,8327224,8395424,99,0,0,255,0,0,0,0,1
912,2396,3,8327224,8395424,10,0,0,255,0,0,0,0,1
913,2397,1,8327224,8395940,0,119,0,255,0,0,1,0,1
913,2398,2,8327224,8395424,98,0,0,255,0,0,0,0,1
913,2399,3,8327224,8395424,0,0,0,255,0,0,0,0,1
914,2400,1,8327224,8395940,0,120,0,255,0,0,1,0,1
914,2401,2,8327224,8395424,101,0,0,255,0,0,0,0,1
914,2402,3,8327224,8395424,11,0,0,255,0,0,0,0,1
915,2403,1,8327224,8395940,0,123,0,255,0,0,1,0,1
915,2404,2,8327224,8395424,100,0,0,255,0,0,0,0,1
915,2405,3,8327224,8395424,0,0,0,255,0,0,0,0,1
916,2406,1,8327224,8395940,0,124,0,255,0,0,1,0,1
916,2407,2,8327224,8395424,114,0,0,255,0,0,0,0,1
916,2408,3,8327224,8395424,15,0,0,255,0,0,0,0,1
917,2409,1,8327224,8395940,0,128,0,255,0,0,1,0,1
917,2410,2,8327224,8395424,113,0,0,255,0,0,0,0,1
917,2411,3,8327224,8395424,0,0,0,255,0,0,0,0,1
918,2412,1,8327224,8395940,0,129,0,255,0,0,1,0,1
918,2413,2,8327224,8395424,115,0,0,255,0,0,0,0,1
918,2414,3,8327224,8395424,14,0,0,255,0,0,0,0,1
919,2415,1,8327224,8395940,0,132,0,255,0,0,1,0,1
919,2416,2,8327224,8395424,114,0,0,255,0,0,0,0,1
919,2417,3,8327224,8395424,12,0,0,255,0,0,0,0,1
920,2418,1,8327224,8395940,0,136,0,255,0,0,1,0,1
920,2419,2,8327224,8395424,113,0,0,255,0,0,0,0,1
920,2420,3,8327224,8395424,10,0,0,255,0,0,0,0,1
921,2421,1,8327224,8395940,0,139,0,255,0,0,1,0,1
921,2422,2,8327224,8395424,113,0,0,255,0,0,0,0,1
921,2423,3,8327224,8395424,0,0,0,255,0,0,0,0,1
922,2424,1,8327224,8395940,0,140,0,255,0,0,1,0,1
922,2425,2,8327224,8395424,114,0,0,255,0,0,0,0,1
922,2426,3,8327224,8395424,9,0,0,255,0,0,0,0,1
923,2427,1,8327224,8395940,0,144,0,255,0,0,1,0,1
923,2428,2,8327224,8395424,114,0,0,255,0,0,0,0,1
923,2429,3,8327224,8395424,0,0,0,255,0,0,0,0,1
924,2430,1,8327224,8395940,0,145,0,255,0,0,1,0,1
924,2431,2,8327224,8395424,115,0,0,255,0,0,0,0,1
924,2432,3,8327224,8395424,0,0,0,255,0,0,0,0,1
925,2433,1,8327224,8395940,0,146,0,255,0,0,1,0,1
925,2434,2,8327224,8395424,131,0,0,255,0,0,0,0,1
925,2435,3,8327224,8395424,10,0,0,255,0,0,0,0,1
926,2436,1,8327224,8395940,0,150,0,255,0,0,1,0,1
926,2437,2,8327224,8395424,131,0,0,255,0,0,0,0,1
926,2438,3,8327224,8395424,0,0,0,255,0,0,0,0,1
927,2439,1,8327224,8395940,0,151,0,255,0,0,1,0,1
927,2440,2,8327224,8395424,133,0,0,255,0,0,0,0,1
927,2441,3,8327224,8395424,0,0,0,255,0,0,0,0,1
928,2442,1,8327224,8395940,0,152,0,255,0,0,1,0,1
928,2443,2,8327224,8395424,135,0,0,255,0,0,0,0,1
928,2444,3,8327224,8395424,0,0,0,255,0,0,0,0,1
929,2445,1,8327224,8395940,0,153,0,255,0,0,1,0,1
929,2446,2,8327224,8395424,137,0,0,255,0,0,0,0,1
929,2447,3,8327224,8395424,0,0,0,255,0,0,0,0,1
930,2448,1,8327224,8395940,0,154,0,255,0,0,1,0,1
930,2449,2,8327224,8395424,138,0,0,255,0,0,0,0,1
930,2450,3,8327224,8395424,14,0,0,255,0,0,0,0,1
931,2451,1,8327224,8395940,0,158,0,255,0,0,1,0,1
931,2452,2,8327224,8395424,137,0,0,255,0,0,0,0,1
931,2453,3,8327224,8395424,12,0,0,255,0,0,0,0,1
932,2454,1,8327224,8395940,0,162,0,255,0,0,1,0,1
932,2455,2,8327224,8395424,136,0,0,255,0,0,0,0,1
932,2456,3,8327224,8395424,10,0,0,255,0,0,0,0,1
933,2457,1,8327224,8395940,0,255,0,255,0,0,1,0,0
933,2458,2,8327224,8395424,135,0,0,255,0,0,0,0,1
933,2459,3,8327224,8395424,0,0,0,255,0,0,0,0,1
934,2460,1,8327224,8395940,0,255,0,255,0,0,1,0,0
934,2461,2,8327224,8395424,137,0,0,255,0,0,0,0,1
934,2462,3,8327224,8395424,0,0,0,255,0,0,0,0,1
935,2463,1,8327224,8395940,0,255,0,255,0,0,1,0,0
935,2464,2,8327224,8395424,156,0,0,255,0,0,0,0,1
935,2465,3,8327224,8395424,0,0,0,255,0,0,0,0,1
936,2466,1,8327224,8395940,0,255,0,255,0,0,1,0,0
936,2467,2,8327224,8395424,157,0,0,255,0,0,0,0,1
936,2468,3,8327224,8395424,0,0,0,255,0,0,0,0,1
937,2469,1,8327224,8395940,0,255,0,255,0,0,1,0,0
937,2470,2,8327224,8395424,158,0,0,255,0,0,0,0,1
937,2471,3,8327224,8395424,0,0,0,255,0,0,0,0,1
938,2472,1,8327224,8395940,0,255,0,255,0,0,1,0,0
938,2473,2,8327224,8395424,158,0,0,255,0,0,0,0,1
938,2474,3,8327224,8395424,0,0,0,255,0,0,0,0,1
939,2475,1,8327224,8395940,0,255,0,255,0,0,1,0,0
939,2476,2,8327224,8395424,159,0,0,255,0,0,0,0,1
939,2477,3,8327224,8395424,0,0,0,255,0,0,0,0,1
940,2478,1,8327224,8395940,0,255,0,255,0,0,1,0,0
940,2479,2,8327224,8395424,159,0,0,255,0,0,0,0,1
940,2480,3,8327224,8395424,0,0,0,255,0,0,0,0,1
941,2481,1,8327224,8395940,0,255,0,255,0,0,1,0,0
941,2482,2,8327224,8395424,159,0,0,255,0,0,0,0,1
941,2483,3,8327224,8395424,11,0,0,255,0,0,0,0,1
942,2484,1,8327224,8395940,0,255,0,255,0,0,1,0,0
942,2485,2,8327224,8395424,121,0,0,255,0,0,0,0,1
942,2486,3,8327224,8395424,0,0,0,255,0,0,0,0,1
943,2487,1,8327224,8395940,0,255,0,255,0,0,1,0,0
943,2488,2,8327224,8395424,120,0,0,255,0,0,0,0,1
943,2489,3,8327224,8395424,0,0,0,255,0,0,0,0,1
944,2490,1,8327224,8395940,0,255,0,255,0,0,1,0,0
944,2491,2,8327224,8395424,119,0,0,255,0,0,0,0,1
944,2492,3,8327224,8395424,0,0,0,255,0,0,0,0,1
945,2493,1,8327224,8395940,0,255,0,255,0,0,1,0,0
945,2494,2,8327224,8395424,118,0,0,255,0,0,0,0,1
945,2495,3,8327224,8395424,0,0,0,255,0,0,0,0,1
946,2496,1,8327224,8395940,0,255,0,255,0,0,1,0,0
946,2497,2,8327224,8395424,116,0,0,255,0,0,0,0,1
946,2498,3,8327224,8395424,0,0,0,255,0,0,0,0,1
947,2499,1,8327224,8395940,0,255,0,255,0,0,1,0,0
947,2500,2,8327224,8395424,115,0,0,255,0,0,0,0,1
947,2501,3,8327224,8395424,0,0,0,255,0,0,0,0,1
948,2502,1,8327224,8395940,0,255,0,0,255,0,1,0,0
948,2503,2,8327224,8395424,114,0,0,255,0,0,0,0,1
948,2504,3,8327224,8395424,0,0,0,0,255,0,0,0,1
949,2505,1,8327224,8395940,0,255,0,0,255,0,1,0,0
949,2506,2,8327224,8395424,108,0,0,255,0,0,0,0,1
949,2507,3,8327224,8395424,0,0,0,0,255,0,0,0,1
950,2508,1,8327224,8395940,0,255,0,0,255,0,1,0,0
950,2509,2,8327224,8395424,222,0,0,255,0,0,0,0,0
950,2510,3,8327224,8395424,0,0,0,0,255,0,0,0,1
951,2511,1,8327224,8395940,0,255,0,0,255,0,1,0,0
951,2512,2,8327224,8395424,239,0,0,255,0,0,0,0,0
951,2513,3,8327224,8395424,0,0,0,0,255,0,0,0,1
952,2514,1,8327224,8395940,0,255,0,0,255,0,1,0,0
952,2515,2,8327224,8395424,230,0,0,255,0,0,0,0,0
952,2516,3,8327224,8395424,0,0,0,0,255,0,0,0,1
953,2517,1,8327224,8395940,0,255,0,0,255,0,1,0,0
953,2518,2,8327224,8395424,242,0,0,255,0,0,0,0,0
953,2519,3,8327224,8395424,0,0,0,0,255,0,0,0,1
954,2520,1,8327224,8395940,0,255,0,0,255,0,1,0,0
954,2521,2,8327224,8395424,232,0,0,255,0,0,0,0,0
954,2522,3,8327224,8395424,0,0,0,0,255,0,0,0,1
955,2523,1,8327224,8395940,0,255,0,0,255,0,1,0,0
955,2524,2,8327224,8395424,221,0,0,255,0,0,0,0,0
955,2525,3,8327224,8395424,0,0,0,0,255,0,0,0,1
956,2526,1,8327224,8395940,0,255,0,0,255,0,1,0,0
956,2527,2,8327224,8395424,231,0,0,255,0,0,0,0,0
956,2528,3,8327224,8395424,0,0,0,0,255,0,0,0,1
957,2529,1,8327224,8395940,0,255,0,0,255,0,1,0,0
957,2530,2,8327224,8395424,219,0,0,255,0,0,0,0,0
957,2531,3,8327224,8395424,0,0,0,0,255,0,0,0,1
958,2532,1,8327224,8395940,0,255,0,0,255,0,1,0,0
958,2533,2,8327224,8395424,235,0,0,255,0,0,0,0,0
958,2534,3,8327224,8395424,0,0,0,0,255,0,0,0,1
959,2535,1,8327224,8395940,0,255,0,0,255,0,1,0,0
959,2536,2,8327224,8395424,221,0,0,255,0,0,0,0,0
959,2537,3,8327224,8395424,0,0,0,0,255,0,0,0,1
960,2538,1,8327224,8395940,0,255,0,0,255,0,1,0,0
960,2539,2,8327224,8395424,210,0,0,255,0,0,0,0,0
960,2540,3,8327224,8395424,0,0,0,0,255,0,0,0,1
961,2541,1,8327224,8395940,0,255,0,0,255,0,1,0,0
961,2542,2,8327224,8395424,215,0,0,255,0,0,0,0,0
961,2543,3,8327224,8395424,0,0,0,0,255,0,0,0,1
962,2544,1,8327224,8395940,0,255,0,0,255,0,1,0,0
962,2545,2,8327224,8395424,200,0,0,255,0,0,0,0,0
962,2546,3,8327224,8395424,0,0,0,0,255,0,0,0,1
963,2547,1,8327224,8395940,0,255,0,0,255,0,1,0,0
963,2548,2,8327224,8395424,188,0,0,255,0,0,0,0,0
963,2549,3,8327224,8395424,0,0,0,0,255,0,0,0,1
964,2550,1,8327224,8395940,0,255,0,0,255,0,1,0,0
964,2551,2,8327224,8395424,187,0,0,255,0,0,0,0,0
964,2552,3,8327224,8395424,0,0,0,0,255,0,0,0,1
965,2553,1,8327224,8395940,0,255,0,0,255,0,1,0,0
965,2554,2,8327224,8395424,177,0,0,255,0,0,0,0,0
965,2555,3,8327224,8395424,0,0,0,0,255,0,0,0,1
966,2556,1,8327224,8395940,0,255,0,0,255,0,1,0,0
966,2557,2,8327224,8395424,165,0,0,255,0,0,0,0,0
966,2558,3,8327224,8395424,0,0,0,0,255,0,0,0,1
967,2559,1,8327224,8395940,0,255,0,255,0,0,1,0,0
967,2560,2,8327224,8395424,153,0,0,255,0,0,0,0,0
967,2561,3,8327224,8395424,0,0,0,0,255,0,0,0,1
968,2562,1,8327224,8395940,0,255,0,255,255,0,1,0,0
968,2563,2,8327224,8395424,142,0,0,255,0,0,0,0,0
968,2564,3,8327224,8395424,0,0,0,0,255,0,0,0,1
969,2565,1,8327224,8395940,0,255,0,255,255,0,1,0,0
969,2566,2,8327224,8395424,130,0,0,255,0,0,0,0,0
969,2567,3,8327224,8395424,0,0,0,0,255,0,0,0,1
970,2568,1,8327224,8395940,0,255,0,255,255,0,1,0,0
970,2569,2,8327224,8395424,127,0,0,255,0,0,0,0,0
970,2570,3,8327224,8395424,0,0,0,0,255,0,0,0,1
971,2571,1,8327224,8395940,0,255,0,255,255,0,1,0,0
971,2572,2,8327224,8395424,118,0,0,255,0,0,0,0,0
971,2573,3,8327224,8395424,0,0,0,0,255,0,0,0,1
972,2574,1,8327224,8395940,0,255,0,255,255,0,1,0,0
972,2575,2,8327224,8395424,106,0,0,255,0,0,0,0,0
972,2576,3,8327224,8395424,0,0,0,0,255,0,0,0,1
973,2577,1,8327224,8395940,0,255,0,255,255,0,1,0,0
973,2578,2,8327224,8395424,98,0,0,255,0,0,0,0,0
973,2579,3,8327224,8395424,0,0,0,0,255,0,0,0,1
974,2580,1,8327224,8395940,0,255,0,255,255,0,1,0,0
974,2581,2,8327224,8395424,89,0,0,255,0,0,0,0,0
974,2582,3,8327224,8395424,0,0,0,0,255,0,0,0,1
975,2583,1,8327224,8395940,0,255,0,255,255,0,1,0,3
975,2584,2,8327224,8395424,81,0,0,255,0,0,0,0,0
975,2585,3,8327224,8395424,0,0,0,0,255,0,0,0,1
976,2586,1,8327224,8395940,0,255,0,255,255,0,1,0,3
976,2587,2,8327224,8395424,73,0,0,255,0,0,0,0,0
976,2588,3,8327224,8395424,0,0,0,0,255,0,0,0,1
977,2589,1,8327224,8395940,0,255,0,255,255,0,1,0,3
977,2590,2,8327224,8395424,68,0,0,255,0,0,0,0,0
977,2591,3,8327224,8395424,0,255,0,255,255,0,0,0,3
978,2592,1,8327224,8395940,0,255,0,255,255,0,1,0,3
978,2593,2,8327224,8395424,148,0,0,255,0,0,0,0,0
978,2594,3,8327224,8395424,0,255,0,255,255,0,0,0,3
979,2595,1,8327224,8395940,0,255,0,255,255,0,1,0,3
979,2596,2,8327224,8395424,232,0,0,255,0,0,0,0,0
979,2597,3,8327224,8395424,0,0,0,0,255,0,0,0,3
980,2598,1,8327224,8395940,0,255,0,255,255,0,1,0,3
980,2599,2,8327224,8395424,233,0,0,255,0,0,0,0,0
980,2600,3,8327224,8395424,0,255,0,255,255,0,0,0,3
981,2601,1,8327224,8395940,0,255,0,255,255,0,1,0,3
981,2602,2,8327224,8395424,255,0,0,255,0,0,0,0,0
981,2603,3,8327224,8395424,0,0,0,0,255,0,0,0,3
982,2604,1,8327224,8395940,0,255,0,255,255,0,1,0,3
982,2605,2,8327224,8395424,255,0,0,255,0,0,0,0,0
982,2606,3,8327224,8395424,0,255,0,255,255,0,0,0,3
983,2607,1,8327224,8395940,0,119,0,255,0,0,1,0,3
983,2608,2,8327224,8395424,255,0,0,255,0,0,0,0,0
983,2609,3,8327224,8395424,0,255,0,255,255,0,0,0,3
984,2610,1,8327224,8395940,0,106,0,255,0,0,1,0,3
984,2611,2,8327224,8395424,255,0,0,255,0,0,0,0,0
984,2612,3,8327224,8395424,0,0,0,0,255,0,0,0,3
985,2613,1,8327224,8395940,0,94,0,255,0,0,1,0,3
985,2614,2,8327224,8395424,255,0,0,255,0,0,0,0,0
985,2615,3,8327224,8395424,0,255,0,255,255,0,0,0,3
986,2616,1,8327224,8395940,0,80,0,255,0,0,1,0,3
986,2617,2,8327224,8395424,255,0,0,255,0,0,0,0,0
986,2618,3,8327224,8395424,0,255,0,255,255,0,0,0,3
987,2619,1,8327224,8395940,0,65,0,255,0,0,1,0,3
987,2620,2,8327224,8395424,255,0,0,255,255,0,0,0,0
987,2621,3,8327224,8395424,0,0,0,0,255,0,0,0,3
988,2622,1,8327224,8395940,0,54,0,255,0,0,1,0,3
988,2623,2,8327224,8395424,255,0,0,255,255,0,0,0,0
988,2624,3,8327224,8395424,0,0,0,0,255,0,0,0,3
989,2625,1,8327224,8395940,0,44,0,255,0,0,1,0,3
989,2626,2,8327224,8395424,255,0,0,255,255,0,0,0,0
989,2627,3,8327224,8395424,0,0,0,0,255,0,0,0,3
990,2628,1,8327224,8395940,0,36,0,255,0,0,1,0,3
990,2629,2,8327224,8395424,255,0,0,255,255,0,0,0,0
990,2630,3,8327224,8395424,0,0,0,0,255,0,0,0,3
991,2631,1,8327224,8395940,0,28,0,255,0,0,1,0,3
991,2632,2,8327224,8395424,255,0,0,255,255,0,0,0,0
991,2633,3,8327224,8395424,0,0,0,0,255,0,0,0,3
992,2634,1,8327224,8395940,0,22,0,255,0,0,1,0,3
992,2635,2,8327224,8395424,255,0,0,255,255,0,0,0,0
992,2636,3,8327224,8395424,0,0,0,0,255,0,0,0,3
993,2637,1,8327224,8395940,0,16,0,255,0,0,1,0,3
993,2638,2,8327224,8395424,255,0,0,255,255,0,0,0,0
993,2639,3,8327224,8395424,0,0,0,0,255,0,0,0,3
994,2640,1,8327224,8395940,0,12,0,255,0,0,1,0,3
994,2641,2,8327224,8395424,255,0,0,255,255,0,0,0,0
994,2642,3,8327224,8395424,0,0,0,0,255,0,0,0,3
995,2643,1,8327224,8395940,0,8,0,255,0,0,1,0,3
995,2644,2,8327224,8395424,255,0,0,255,255,0,0,0,0
995,2645,3,8327224,8395424,0,0,0,0,255,0,0,0,3
996,2646,1,8327224,8395940,0,4,0,255,0,0,1,0,3
996,2647,2,8327224,8395424,255,0,0,255,255,0,0,0,0
996,2648,3,8327224,8395424,0,0,0,0,255,0,0,0,3
997,2649,1,8327224,8395940,0,0,0,255,0,0,1,0,3
997,2650,2,8327224,8395424,255,0,0,255,255,0,0,0,0
997,2651,3,8327224,8395424,0,0,0,0,255,0,0,0,3
998,2652,1,8327224,8395940,0,0,0,255,0,0,1,0,3
998,2653,2,8327224,8395424,255,0,0,255,255,0,0,0,0
998,2654,3,8327224,8395424,0,0,0,0,255,0,0,0,3
999,2655,1,8327224,8395940,0,1,0,255,0,0,1,0,3
999,2656,2,8327224,8395424,255,0,0,255,255,0,0,0,0
999,2657,3,8327224,8395424,0,0,0,0,255,0,0,0,3
1000,2658,1,8327224,8395940,3,0,0,255,0,0,1,0,3
1000,2659,2,8327224,8395424,255,0,0,255,255,0,0,0,0
1000,2660,3,8327224,8395424,0,0,0,0,255,0,0,0,3
1001,2661,1,8327224,8395940,4,0,0,255,0,0,1,0,3
1001,2662,2,8327224,8395424,255,0,0,255,255,0,0,0,0
1001,2663,3,8327224,8395424,0,0,0,0,255,0,0,0,3
1002,2664,1,8327224,8395940,5,0,0,255,0,0,1,0,3
1002,2665,2,8327224,8395424,255,0,0,255,255,0,0,0,0
1002,2666,3,8327224,8395424,0,0,0,0,255,0,0,0,3
1003,2667,1,8327224,8395940,6,0,0,255,0,0,1,0,3
1003,2668,2,8327224,8395424,255,0,0,255,255,0,0,0,0
1003,2669,3,8327224,8395424,0,0,0,0,255,0,0,0,3
1004,2670,1,8327224,8395940,6,0,0,255,0,0,1,0,3
1004,2671,2,8327224,8395424,255,0,0,255,255,0,0,0,0
1004,2672,3,8327224,8395424,0,0,0,0,255,0,0,0,3
1005,2673,1,8327224,8395940,6,0,0,255,0,0,1,0,3
1005,2674,2,8327224,8395424,255,0,0,255,255,0,0,0,0
1005,2675,3,8327224,8395424,0,0,0,0,255,0,0,0,3
1006,2676,1,8327224,8395940,6,0,0,255,0,0,1,0,3
1006,2677,2,8327224,8395424,255,0,0,255,255,0,0,0,0
1006,2678,3,8327224,8395424,0,0,0,0,255,0,0,0,3
1007,2679,1,8327224,8395940,5,0,0,255,0,0,1,0,3
1007,2680,2,8327224,8395424,255,0,0,255,255,0,0,0,0
1007,2681,3,8327224,8395424,0,0,0,0,255,0,0,0,3
1008,2682,1,8327224,8395940,5,0,0,255,0,0,1,0,3
1008,2683,2,8327224,8395424,255,0,0,255,255,0,0,0,0
1008,2684,3,8327224,8395424,0,0,0,0,255,0,0,0,3
1009,2685,1,8327224,8395940,4,0,0,255,0,0,1,0,3
1009,2686,2,8327224,8395424,255,0,0,255,255,0,0,0,0
1009,2687,3,8327224,8395424,0,0,0,0,255,0,0,0,3
1010,2688,1,8327224,8395940,4,0,0,255,0,0,1,0,3
1010,2689,2,8327224,8395424,255,0,0,255,255,0,0,0,0
1010,2690,3,8327224,8395424,0,0,0,0,255,0,0,0,3
1011,2691,1,8327224,8395940,3,0,0,255,0,0,1,0,3
1011,2692,2,8327224,8395424,255,0,0,255,255,0,0,0,0
1011,2693,3,8327224,8395424,0,0,0,0,255,0,0,0,3
1012,2694,1,8327224,8395940,2,0,0,255,0,0,1,0,3
1012,2695,2,8327224,8395424,255,0,0,255,255,0,0,0,0
1012,2696,3,8327224,8395424,0,0,0,0,255,0,0,0,3
1013,2697,1,8327224,8395940,1,0,0,255,0,0,1,0,3
1013,2698,2,8327224,8395424,255,0,0,255,255,0,0,0,0
1013,2699,3,8327224,8395424,0,0,0,0,255,0,0,0,3
1014,2700,1,8327224,8395940,0,0,0,255,0,0,1,0,3
1014,2701,2,8327224,8395424,255,0,0,255,255,0,0,0,0
1014,2702,3,8327224,8395424,0,0,0,0,255,0,0,0,3
1015,2703,1,8327224,8395940,0,0,0,255,0,0,1,0,3
1015,2704,2,8327224,8395424,255,0,0,255,255,0,0,0,0
1015,2705,3,8327224,8395424,0,0,0,0,255,0,0,0,3
1016,2706,1,8327224,8395940,1,0,0,255,0,0,1,0,3
1016,2707,2,8327224,8395424,255,0,0,255,255,0,0,0,0
1016,2708,3,8327224,8395424,0,0,0,0,255,0,0,0,3
1017,2709,1,8327224,8395940,1,0,0,255,0,0,1,0,3
1017,2710,2,8327224,8395424,255,0,0,255,255,0,0,0,0
1017,2711,3,8327224,8395424,0,0,0,0,255,0,0,0,3
1018,2712,1,8327224,8395940,2,0,0,255,0,0,1,0,3
1018,2713,2,8327224,8395424,255,0,0,255,255,0,0,0,0
1018,2714,3,8327224,8395424,0,0,0,0,255,0,0,0,3
1019,2715,1,8327224,8395940,2,0,0,255,0,0,1,0,3
1019,2716,2,8327224,8395424,255,0,0,255,255,0,0,0,0
1019,2717,3,8327224,8395424,0,0,0,0,255,0,0,0,3
1020,2718,1,8327224,8395940,3,0,0,255,0,0,1,0,3
1020,2719,2,8327224,8395424,255,0,0,255,255,0,0,0,0
1020,2720,3,8327224,8395424,0,0,0,0,255,0,0,0,3
1021,2721,1,8327224,8395940,3,0,0,255,0,0,1,0,3
1021,2722,2,8327224,8395424,255,0,0,255,255,0,0,0,0
1021,2723,3,8327224,8395424,0,0,0,0,255,0,0,0,3
1022,2724,1,8327224,8395940,4,0,0,255,0,0,1,0,3
1022,2725,2,8327224,8395424,255,0,0,255,255,0,0,0,0
1022,2726,3,8327224,8395424,0,0,0,0,255,0,0,0,3
1023,2727,1,8327224,8395940,4,0,0,255,0,0,1,0,3
1023,2728,2,8327224,8395424,255,0,0,255,255,0,0,0,0
1023,2729,3,8327224,8395424,0,0,0,0,255,0,0,0,3
1024,2730,1,8327224,8395940,5,0,0,255,0,0,1,0,3
1024,2731,2,8327224,8395424,255,0,0,255,255,0,0,0,0
1024,2732,3,8327224,8395424,0,0,0,0,255,0,0,0,3
1025,2733,1,8327224,8395940,6,0,0,255,0,0,1,0,3
1025,2734,2,8327224,8395424,255,0,0,255,255,0,0,0,0
1025,2735,3,8327224,8395424,0,0,0,0,255,0,0,0,3
1026,2736,1,8327224,8395940,7,0,0,255,0,0,1,0,3
1026,2737,2,8327224,8395424,255,0,0,255,255,0,0,0,0
1026,2738,3,8327224,8395424,0,0,0,0,255,0,0,0,3
1027,2739,1,8327224,8395940,7,0,0,255,0,0,1,0,3
1027,2740,2,8327224,8395424,255,0,0,255,255,0,0,0,0
1027,2741,3,8327224,8395424,0,0,0,0,255,0,0,0,3
1028,2742,1,8327224,8395940,8,0,0,255,0,0,1,0,3
1028,2743,2,8327224,8395424,255,0,0,255,255,0,0,0,0
1028,2744,3,8327224,8395424,0,0,0,0,255,0,0,0,3
1029,2745,1,8327224,8395940,9,0,0,255,0,0,1,0,3
1029,2746,2,8327224,8395424,255,0,0,255,255,0,0,0,0
1029,2747,3,8327224,8395424,0,0,0,0,255,0,0,0,3
1030,2748,1,8327224,8395940,10,0,0,255,0,0,1,0,3
1030,2749,2,8327224,8395424,255,0,0,255,255,0,0,0,0
1030,2750,3,8327224,8395424,0,0,0,0,255,0,0,0,3
1031,2751,1,8327224,8395940,11,0,0,255,0,0,1,0,3
1031,2752,2,8327224,8395424,255,0,0,255,255,0,0,0,0
1031,2753,3,8327224,8395424,0,0,0,0,255,0,0,0,3
1032,2754,1,8327224,8395940,12,0,0,255,0,0,1,0,3
1032,2755,2,8327224,8395424,255,0,0,255,255,0,0,0,0
1032,2756,3,8327224,8395424,0,0,0,0,255,0,0,0,3
1033,2757,1,8327224,8395940,13,0,0,255,0,0,1,0,3
1033,2758,2,8327224,8395424,255,0,0,255,255,0,0,0,0
1033,2759,3,8327224,8395424,0,0,0,0,255,0,0,0,3
1034,2760,1,8327224,8395940,14,0,0,255,0,0,1,0,3
1034,2761,2,8327224,8395424,255,0,0,255,255,0,0,0,0
1034,2762,3,8327224,8395424,0,0,0,0,255,0,0,0,3
1035,2763,1,8327224,8395940,15,0,0,255,0,0,1,0,3
1035,2764,2,8327224,8395424,255,0,0,255,255,0,0,0,0
1035,2765,3,8327224,8395424,0,0,0,0,255,0,0,0,3
1036,2766,1,8327224,8395940,16,0,0,255,0,0,1,0,3
1036,2767,2,8327224,8395424,255,0,0,255,255,0,0,0,0
1036,2768,3,8327224,8395424,0,0,0,0,255,0,0,0,3
1037,2769,1,8327224,8395940,17,0,0,255,0,0,1,0,3
1037,2770,2,8327224,8395424,255,0,0,255,255,0,0,0,0
1037,2771,3,8327224,8395424,0,0,0,0,255,0,0,0,3
1038,2772,1,8327224,8395940,18,0,0,255,0,0,1,0,3
1038,2773,2,8327224,8395424,255,0,0,255,255,0,0,0,0
1038,2774,3,8327224,8395424,0,0,0,0,255,0,0,0,3
1039,2775,1,8327224,8395940,19,0,0,255,0,0,1,0,3
1039,2776,2,8327224,8395424,255,0,0,255,255,0,0,0,0
1039,2777,3,8327224,8395424,0,0,0,0,255,0,0,0,3
1040,2778,1,8327224,8395940,20,0,0,255,0,0,1,0,3
1040,2779,2,8327224,8395424,255,0,0,255,255,0,0,0,0
1040,2780,3,8327224,8395424,0,0,0,0,255,0,0,0,3
1041,2781,1,8327224,8395940,21,0,0,255,0,0,1,0,3
1041,2782,2,8327224,8395424,255,0,0,255,255,0,0,0,0
1041,2783,3,8327224,8395424,0,0,0,0,255,0,0,0,3
1042,2784,1,8327224,8395940,22,0,0,255,0,0,1,0,3
1042,2785,2,8327224,8395424,255,0,0,255,255,0,0,0,0
1042,2786,3,8327224,8395424,0,0,0,0,255,0,0,0,3
1043,2787,1,8327224,8395940,23,0,0,255,0,0,1,0,3
1043,2788,2,8327224,8395424,255,0,0,255,255,0,0,0,0
1043,2789,3,8327224,8395424,0,0,0,0,255,0,0,0,3
1044,2790,1,8327224,8395940,24,0,0,255,0,0,1,0,3
1044,2791,2,8327224,8395424,255,0,0,255,255,0,0,0,0
1044,2792,3,8327224,8395424,0,0,0,0,255,0,0,0,3
1045,2793,1,8327224,8395940,25,0,0,255,0,0,1,0,3
1045,2794,2,8327224,8395424,255,0,0,255,255,0,0,0,0
1045,2795,3,8327224,8395424,0,0,0,0,255,0,0,0,3
1046,2796,1,8327224,8395940,26,0,0,255,0,0,1,0,3
1046,2797,2,8327224,8395424,255,0,0,255,255,0,0,0,0
1046,2798,3,8327224,8395424,0,0,0,0,255,0,0,0,3
1047,2799,1,8327224,8395940,27,0,0,255,0,0,1,0,3
1047,2800,2,8327224,8395424,255,0,0,255,255,0,0,0,0
1047,2801,3,8327224,8395424,0,0,0,0,255,0,0,0,3
1048,2802,1,8327224,8395940,27,0,0,255,0,0,1,0,3
1048,2803,2,8327224,8395424,255,0,0,255,255,0,0,0,0
1048,2804,3,8327224,8395424,0,0,0,0,255,0,0,0,3
1049,2805,1,8327224,8395940,28,0,0,255,0,0,1,0,3
1049,2806,2,8327224,8395424,255,0,0,255,255,0,0,0,0
1049,2807,3,8327224,8395424,0,0,0,0,255,0,0,0,3
1050,2808,1,8327224,8395940,29,0,0,255,0,0,1,0,3
1050,2809,2,8327224,8395424,255,0,0,255,255,0,0,0,0
1050,2810,3,8327224,8395424,0,0,0,0,255,0,0,0,3
1051,2811,1,8327224,8395940,30,0,0,255,0,0,1,0,3
1051,2812,2,8327224,8395424,255,0,0,255,255,0,0,0,0
1051,2813,3,8327224,8395424,0,0,0,0,255,0,0,0,3
1052,2814,1,8327224,8395940,31,0,0,255,0,0,1,0,3
1052,2815,2,8327224,8395424,255,0,0,255,255,0,0,0,0
1052,2816,3,8327224,8395424,0,0,0,0,255,0,0,0,3
1053,2817,1,8327224,8395940,32,0,0,255,0,0,1,0,3
1053,2818,2,8327224,8395424,255,0,0,255,255,0,0,0,0
1053,2819,3,8327224,8395424,0,0,0,0,255,0,0,0,3
1054,2820,1,8327224,8395940,33,0,0,255,0,0,1,0,3
1054,2821,2,8327224,8395424,255,0,0,255,255,0,0,0,0
1054,2822,3,8327224,8395424,0,0,0,0,255,0,0,0,3
1055,2823,1,8327224,8395940,34,0,0,255,0,0,1,0,3
1055,2824,2,8327224,8395424,255,0,0,255,255,0,0,0,0
1055,2825,3,8327224,8395424,0,0,0,0,255,0,0,0,3
1056,2826,1,8327224,8395940,34,0,0,255,0,0,1,0,3
1056,2827,2,8327224,8395424,255,0,0,255,255,0,0,0,0
1056,2828,3,8327224,8395424,0,0,0,0,255,0,0,0,3
1057,2829,1,8327224,8395940,35,0,0,255,0,0,1,0,3
1057,2830,2,8327224,8395424,255,0,0,255,255,0,0,0,0
1057,2831,3,8327224,8395424,0,0,0,0,255,0,0,0,3
1058,2832,1,8327224,8395940,36,0,0,255,0,0,1,0,3
1058,2833,2,8327224,8395424,255,0,0,255,255,0,0,0,0
1058,2834,3,8327224,8395424,0,0,0,0,255,0,0,0,3
1059,2835,1,8327224,8395940,9,0,0,0,255,0,1,0,3
1059,2836,2,8327224,8395424,255,0,0,255,255,0,0,0,0
1059,2837,3,8327224,8395424,0,0,0,0,255,0,0,0,3
1060,2838,1,8327224,8395940,7,0,0,255,0,0,1,0,3
1060,2839,2,8327224,8395424,255,0,0,255,255,0,0,0,0
1060,2840,3,8327224,8395424,0,0,0,0,255,0,0,0,3
1061,2841,1,8327224,8395940,6,0,0,255,0,0,1,0,3
1061,2842,2,8327224,8395424,255,0,0,255,255,0,0,0,0
1061,2843,3,8327224,8395424,0,0,0,0,255,0,0,0,3
1062,2844,1,8327224,8395940,4,0,0,255,0,0,1,0,3
1062,2845,2,8327224,8395424,255,0,0,255,255,0,0,0,0
1062,2846,3,8327224,8395424,0,0,0,0,255,0,0,0,3
1063,2847,1,8327224,8395940,3,0,0,255,0,0,1,0,3
1063,2848,2,8327224,8395424,255,0,0,255,255,0,0,0,0
1063,2849,3,8327224,8395424,0,0,0,0,255,0,0,0,3
1064,2850,1,8327224,8395940,3,0,0,255,0,0,1,0,3
1064,2851,2,8327224,8395424,255,0,0,255,255,0,0,0,0
1064,2852,3,8327224,8395424,0,0,0,0,255,0,0,0,3
1065,2853,1,8327224,8395940,2,0,0,255,0,0,1,0,3
1065,2854,2,8327224,8395424,255,0,0,255,255,0,0,0,0
1065,2855,3,8327224,8395424,0,0,0,0,255,0,0,0,3
1066,2856,1,8327224,8395940,1,0,0,255,0,0,1,0,3
1066,2857,2,8327224,8395424,255,0,0,255,255,0,0,0,0
1066,2858,3,8327224,8395424,0,0,0,0,255,0,0,0,3
1067,2859,1,8327224,8395940,0,0,0,255,0,0,1,0,3
1067,2860,2,8327224,8395424,255,0,0,255,255,0,0,0,0
1067,2861,3,8327224,8395424,0,97,0,255,0,0,0,0,3
1068,2862,1,8327224,8395940,0,0,0,255,0,0,1,0,0
1068,2863,2,8327224,8395424,255,0,0,255,255,0,0,0,0
1068,2864,3,8327224,8395424,0,91,0,255,0,0,0,0,3
1069,2865,1,8327224,8395940,4,0,0,255,0,0,1,0,0
1069,2866,2,8327224,8395424,255,0,0,255,255,0,0,0,0
1069,2867,3,8327224,8395424,0,86,0,255,0,0,0,0,3
1070,2868,1,8327224,8395940,8,0,0,255,0,0,1,0,0
1070,2869,2,8327224,8395424,255,0,0,255,255,0,0,0,0
1070,2870,3,8327224,8395424,0,81,0,255,0,0,0,0,3
1071,2871,1,8327224,8395940,12,0,0,255,0,0,1,0,0
1071,2872,2,8327224,8395424,255,0,0,255,255,0,0,0,0
1071,2873,3,8327224,8395424,0,76,0,255,0,0,0,0,3
1072,2874,1,8327224,8395940,17,0,0,255,0,0,1,0,0
1072,2875,2,8327224,8395424,255,0,0,255,255,0,0,0,0
1072,2876,3,8327224,8395424,0,71,0,255,0,0,0,0,3
1073,2877,1,8327224,8395940,22,0,0,255,0,0,1,0,0
1073,2878,2,8327224,8395424,255,0,0,255,255,0,0,0,0
1073,2879,3,8327224,8395424,0,66,0,255,0,0,0,0,3
1074,2880,1,8327224,8395940,27,0,0,255,0,0,1,0,0
1074,2881,2,8327224,8395424,255,0,0,255,255,0,0,0,0
1074,2882,3,8327224,8395424,0,61,0,255,0,0,0,0,3
1075,2883,1,8327224,8395940,33,0,0,255,0,0,1,0,0
1075,2884,2,8327224,8395424,255,0,0,255,255,0,0,0,0
1075,2885,3,8327224,8395424,0,57,0,255,0,0,0,0,3
1076,2886,1,8327224,8395940,39,0,0,255,0,0,1,0,0
1076,2887,2,8327224,8395424,255,0,0,255,255,0,0,0,0
1076,2888,3,8327224,8395424,0,53,0,255,0,0,0,0,3
1077,2889,1,8327224,8395940,46,0,0,255,0,0,1,0,0
1077,2890,2,8327224,8395424,255,0,0,255,255,0,0,0,0
1077,2891,3,8327224,8395424,0,49,0,255,0,0,0,0,3
1078,2892,1,8327224,8395940,53,0,0,255,0,0,1,0,0
1078,2893,2,8327224,8395424,255,0,0,255,255,0,0,0,0
1078,2894,3,8327224,8395424,0,44,0,255,0,0,0,0,3
1079,2895,1,8327224,8395940,60,0,0,255,0,0,1,0,0
1079,2896,2,8327224,8395424,255,0,0,255,255,0,0,0,0
1079,2897,3,8327224,8395424,0,13,0,0,255,0,0,0,3
1080,2898,1,8327224,8395940,44,0,0,255,0,0,1,0,0
1080,2899,2,8327224,8395424,255,0,0,255,255,0,0,0,0
1080,2900,3,8327224,8395424,0,10,0,255,0,0,0,0,3
1081,2901,1,8327224,8395940,51,0,0,255,0,0,1,0,0
1081,2902,2,8327224,8395424,255,0,0,255,255,0,0,0,0
1081,2903,3,8327224,8395424,0,8,0,255,0,0,0,0,3
1082,2904,1,8327224,8395940,58,0,0,255,0,0,1,0,0
1082,2905,2,8327224,8395424,0,0,0,0,255,0,0,0,0
1082,2906,3,8327224,8395424,0,7,0,255,0,0,0,0,3
1083,2907,1,8327224,8395940,66,0,0,255,0,0,1,0,0
1083,2908,2,8327224,8395424,0,0,0,0,255,0,0,0,0
1083,2909,3,8327224,8395424,0,7,0,255,0,0,0,0,3
1084,2910,1,8327224,8395940,74,0,0,255,0,0,1,0,0
1084,2911,2,8327224,8395424,0,0,0,0,255,0,0,0,0
1084,2912,3,8327224,8395424,0,7,0,255,0,0,0,0,3
1085,2913,1,8327224,8395940,82,0,0,255,0,0,1,0,0
1085,2914,2,8327224,8395424,0,0,0,0,255,0,0,0,0
1085,2915,3,8327224,8395424,0,7,0,255,0,0,0,0,3
1086,2916,1,8327224,8395940,87,0,0,255,0,0,1,0,0
1086,2917,2,8327224,8395424,0,0,0,0,255,0,0,0,0
1086,2918,3,8327224,8395424,0,8,0,255,0,0,0,0,3
1087,2919,1,8327224,8395940,93,0,0,255,0,0,1,0,0
1087,2920,2,8327224,8395424,0,0,0,0,255,0,0,0,0
1087,2921,3,8327224,8395424,0,9,0,255,0,0,0,0,3
1088,2922,1,8327224,8395940,98,0,0,255,0,0,1,0,0
1088,2923,2,8327224,8395424,0,0,0,0,255,0,0,0,0
1088,2924,3,8327224,8395424,0,10,0,255,0,0,0,0,3
1089,2925,1,8327224,8395940,105,0,0,255,0,0,1,0,0
1089,2926,2,8327224,8395424,0,0,0,0,255,0,0,0,0
1089,2927,3,8327224,8395424,0,11,0,255,0,0,0,0,3
1090,2928,1,8327224,8395940,111,0,0,255,0,0,1,0,0
1090,2929,2,8327224,8395424,0,0,0,0,255,0,0,0,0
1090,2930,3,8327224,8395424,0,12,0,255,0,0,0,0,3
1091,2931,1,8327224,8395940,118,0,0,255,0,0,1,0,0
1091,2932,2,8327224,8395424,0,0,0,0,255,0,0,0,0
1091,2933,3,8327224,8395424,0,14,0,255,0,0,0,0,3
1092,2934,1,8327224,8395940,126,0,0,255,0,0,1,0,0
1092,2935,2,8327224,8395424,0,0,0,0,255,0,0,0,0
1092,2936,3,8327224,8395424,0,15,0,255,0,0,0,0,3
1093,2937,1,8327224,8395940,134,0,0,255,0,0,1,0,0
1093,2938,2,8327224,8395424,0,0,0,0,255,0,0,0,0
1093,2939,3,8327224,8395424,0,16,0,255,0,0,0,0,3
1094,2940,1,8327224,8395940,142,0,0,255,0,0,1,0,0
1094,2941,2,8327224,8395424,0,0,0,0,255,0,0,0,0
1094,2942,3,8327224,8395424,0,17,0,255,0,0,0,0,3
1095,2943,1,8327224,8395940,151,0,0,255,0,0,1,0,0
1095,2944,2,8327224,8395424,0,0,0,0,255,0,0,0,0
1095,2945,3,8327224,8395424,0,18,0,255,0,0,0,0,3
1096,2946,1,8327224,8395940,161,0,0,255,0,0,1,0,0
1096,2947,2,8327224,8395424,0,0,0,0,255,0,0,0,0
1096,2948,3,8327224,8395424,0,20,0,255,0,0,0,0,3
1097,2949,1,8327224,8395940,172,0,0,255,0,0,1,0,0
1097,2950,2,8327224,8395424,0,0,0,0,255,0,0,0,0
1097,2951,3,8327224,8395424,0,21,0,255,0,0,0,0,3
1098,2952,1,8327224,8395940,184,0,0,255,0,0,1,0,0
1098,2953,2,8327224,8395424,0,0,0,0,255,0,0,0,0
1098,2954,3,8327224,8395424,0,22,0,255,0,0,0,0,3
1099,2955,1,8327224,8395940,196,0,0,255,0,0,1,0,0
1099,2956,2,8327224,8395424,0,0,0,0,255,0,0,0,0
1099,2957,3,8327224,8395424,0,23,0,255,0,0,0,0,3
1100,2958,1,8327224,8395940,211,0,0,255,0,0,1,0,0
1100,2959,2,8327224,8395424,0,0,0,0,255,0,0,0,0
1100,2960,3,8327224,8395424,0,24,0,255,0,0,0,0,3
1101,2961,1,8327224,8395940,225,0,0,255,0,0,1,0,0
1101,2962,2,8327224,8395424,0,0,0,0,255,0,0,0,0
1101,2963,3,8327224,8395424,0,25,0,255,0,0,0,0,3
1102,2964,1,8327224,8395940,241,0,0,255,0,0,1,0,0
1102,2965,2,8327224,8395424,0,0,0,0,255,0,0,0,0
1102,2966,3,8327224,8395424,0,25,0,255,0,0,0,0,3
1103,2967,1,8327224,8395940,255,0,0,255,0,0,1,0,0
1103,2968,2,8327224,8395424,0,0,0,0,255,0,0,0,0
1103,2969,3,8327224,8395424,0,26,0,255,0,0,0,0,3
1104,2970,1,8327224,8395940,255,0,0,255,0,0,1,0,0
1104,2971,2,8327224,8395424,255,0,0,255,255,0,0,0,3
1104,2972,3,8327224,8395424,0,27,0,255,0,0,0,0,3
1105,2973,1,8327224,8395940,255,0,0,255,0,0,1,0,0
1105,2974,2,8327224,8395424,255,0,0,255,255,0,0,0,3
1105,2975,3,8327224,8395424,0,27,0,255,0,0,0,0,3
1106,2976,1,8327224,8395940,255,0,0,255,0,0,1,0,0
1106,2977,2,8327224,8395424,255,0,0,255,255,0,0,0,3
1106,2978,3,8327224,8395424,0,28,0,255,0,0,0,0,3
1107,2979,1,8327224,8395940,255,0,0,255,0,0,1,0,0
1107,2980,2,8327224,8395424,255,0,0,255,255,0,0,0,3
1107,2981,3,8327224,8395424,0,28,0,255,0,0,0,0,3
1108,2982,1,8327224,8395940,255,0,0,255,0,0,1,0,0
1108,2983,2,8327224,8395424,255,0,0,255,255,0,0,0,3
1108,2984,3,8327224,8395424,0,28,0,255,0,0,0,0,3
1109,2985,1,8327224,8395940,255,0,0,255,0,0,1,0,0
1109,2986,2,8327224,8395424,255,0,0,255,255,0,0,0,3
1109,2987,3,8327224,8395424,0,28,0,255,0,0,0,0,3
1110,2988,1,8327224,8395940,255,0,0,255,0,0,1,0,0
1110,2989,2,8327224,8395424,255,0,0,255,255,0,0,0,3
1110,2990,3,8327224,8395424,0,28,0,255,0,0,0,0,3
1111,2991,1,8327224,8395940,255,0,0,255,0,0,1,0,0
1111,2992,2,8327224,8395424,255,0,0,255,255,0,0,0,3
1111,2993,3,8327224,8395424,0,28,0,255,0,0,0,0,3
1112,2994,1,8327224,8395940,255,0,0,255,0,0,1,0,0
1112,2995,2,8327224,8395424,255,0,0,255,255,0,0,0,3
1112,2996,3,8327224,8395424,0,28,0,255,0,0,0,0,3
1113,2997,1,8327224,8395940,255,0,0,255,0,0,1,0,0
1113,2998,2,8327224,8395424,7,0,0,255,0,0,0,0,3
1113,2999,3,8327224,8395424,0,27,0,255,0,0,0,0,3
1114,3000,1,8327224,8395940,255,0,0,255,0,0,1,0,0
1114,3001,2,8327224,8395424,8,0,0,255,0,0,0,0,3
1114,3002,3,8327224,8395424,0,27,0,255,0,0,0,0,3
1115,3003,1,8327224,8395940,255,0,0,255,0,0,1,0,0
1115,3004,2,8327224,8395424,9,0,0,255,0,0,0,0,3
1115,3005,3,8327224,8395424,0,25,0,255,0,0,0,0,3
1116,3006,1,8327224,8395940,255,0,0,255,0,0,1,0,0
1116,3007,2,8327224,8395424,11,0,0,255,0,0,0,0,3
1116,3008,3,8327224,8395424,0,24,0,255,0,0,0,0,3
1117,3009,1,8327224,8395940,255,0,0,255,0,0,1,0,0
1117,3010,2,8327224,8395424,12,0,0,255,0,0,0,0,3
1117,3011,3,8327224,8395424,0,23,0,255,0,0,0,0,3
1118,3012,1,8327224,8395940,255,0,0,255,0,0,1,0,0
1118,3013,2,8327224,8395424,13,0,0,255,0,0,0,0,3
1118,3014,3,8327224,8395424,255,17,0,255,255,0,0,0,3
1119,3015,1,8327224,8395940,255,0,0,255,0,0,1,0,0
1119,3016,2,8327224,8395424,12,0,0,255,0,0,0,0,3
1119,3017,3,8327224,8395424,255,11,0,255,255,0,0,0,3
1120,3018,1,8327224,8395940,255,0,0,255,0,0,1,0,0
1120,3019,2,8327224,8395424,11,0,0,255,0,0,0,0,3
1120,3020,3,8327224,8395424,255,5,0,255,255,0,0,0,3
1121,3021,1,8327224,8395940,255,0,0,255,0,0,1,0,0
1121,3022,2,8327224,8395424,9,0,0,255,0,0,0,0,3
1121,3023,3,8327224,8395424,255,0,0,255,255,0,0,0,3
1122,3024,1,8327224,8395940,228,0,0,255,0,0,1,1440,0
1122,3025,2,8327224,8395424,5,0,0,255,0,0,0,0,3
1122,3026,3,8327224,8395424,255,0,0,255,255,0,0,1440,3
1123,3027,1,8327224,8395940,120,0,0,255,0,0,1,1440,0
1123,3028,2,8327224,8395424,0,0,0,255,0,0,0,0,3
1123,3029,3,8327224,8395424,102,0,0,255,0,0,0,1440,3
1124,3030,1,8327224,8395940,0,0,0,255,0,0,1,1390,0
1124,3031,2,8327224,8395424,2,0,0,255,0,0,0,0,3
1124,3032,3,8327224,8395424,0,0,0,0,255,0,0,1390,3
1125,3033,1,8327224,8395940,60,0,0,255,0,0,1,1340,0
1125,3034,2,8327224,8395424,1,0,0,255,0,0,0,0,3
1125,3035,3,8327224,8395424,0,0,0,0,255,0,0,1340,3
1126,3036,1,8327224,8395940,30,0,0,255,0,0,1,1290,0
1126,3037,2,8327224,8395424,0,18,0,255,0,0,0,0,3
1126,3038,3,8327224,8395424,0,0,0,0,255,0,0,1290,3
1127,3039,1,8327224,8395940,0,255,0,255,0,0,1,1240,0
1127,3040,2,8327224,8395424,0,13,0,255,0,0,0,0,3
1127,3041,3,8327224,8395424,0,0,0,0,255,0,0,1240,3
1128,3042,1,8327224,8395940,0,255,0,255,0,0,1,1190,0
1128,3043,2,8327224,8395424,255,9,0,255,255,0,0,0,3
1128,3044,3,8327224,8395424,0,0,0,0,255,0,0,1190,3
1129,3045,1,8327224,8395940,0,255,0,255,0,0,1,1140,0
1129,3046,2,8327224,8395424,255,4,0,255,255,0,0,0,3
1129,3047,3,8327224,8395424,0,0,0,0,255,0,0,1140,3
1130,3048,1,8327224,8395940,0,255,0,255,0,0,1,1090,0
1130,3049,2,8327224,8395424,255,0,0,255,255,0,0,0,3
1130,3050,3,8327224,8395424,0,0,0,0,255,0,0,1090,3
1131,3051,1,8327224,8395940,0,255,0,255,0,0,1,1040,0
1131,3052,2,8327224,8395424,38,0,0,255,0,0,0,0,3
1131,3053,3,8327224,8395424,0,0,0,0,255,0,0,1040,3
1132,3054,1,8327224,8395940,0,255,0,255,255,0,1,990,0
1132,3055,2,8327224,8395424,31,0,0,255,0,0,0,0,3
1132,3056,3,8327224,8395424,0,255,0,255,255,0,0,990,3
1133,3057,1,8327224,8395940,0,255,0,255,255,0,1,940,0
1133,3058,2,8327224,8395424,22,0,0,255,0,0,0,0,3
1133,3059,3,8327224,8395424,0,255,0,255,255,0,0,940,3
1134,3060,1,8327224,8395940,0,255,0,255,255,0,1,890,0
1134,3061,2,8327224,8395424,15,0,0,255,0,0,0,0,3
1134,3062,3,8327224,8395424,0,255,0,255,255,0,0,890,3
1135,3063,1,8327224,8395940,0,255,0,255,255,0,1,840,0
1135,3064,2,8327224,8395424,5,0,0,255,0,0,0,0,3
1135,3065,3,8327224,8395424,0,255,0,255,255,0,0,840,3
1136,3066,1,8327224,8395940,0,255,0,255,255,0,1,790,0
1136,3067,2,8327224,8395424,3,0,0,255,0,0,0,0,3
1136,3068,3,8327224,8395424,0,255,0,255,0,0,0,790,0
1137,3069,1,8327224,8395940,0,255,0,255,255,0,1,740,0
1137,3070,2,8327224,8395424,2,0,0,255,0,0,0,0,3
1137,3071,3,8327224,8395424,0,255,0,255,0,0,0,740,0
1138,3072,1,8327224,8395940,0,255,0,255,255,0,1,690,0
1138,3073,2,8327224,8395424,1,0,0,255,0,0,0,0,3
1138,3074,3,8327224,8395424,0,255,0,255,0,0,0,690,0
1139,3075,1,8327224,8395940,0,255,0,255,255,0,1,640,0
1139,3076,2,8327224,8395424,0,32,0,255,0,0,0,0,3
1139,3077,3,8327224,8395424,0,255,0,255,255,0,0,640,0
1140,3078,1,8327224,8395940,0,255,0,255,255,0,1,590,0
1140,3079,2,8327224,8395424,0,43,0,255,0,0,0,0,3
1140,3080,3,8327224,8395424,0,255,0,255,255,0,0,590,0
1141,3081,1,8327224,8395940,0,255,0,255,255,0,1,540,0
1141,3082,2,8327224,8395424,0,54,0,255,0,0,0,0,3
1141,3083,3,8327224,8395424,0,255,0,255,255,0,0,540,0
1142,3084,1,8327224,8395940,0,255,0,255,255,0,1,490,0
1142,3085,2,8327224,8395424,0,255,0,255,255,0,0,0,3
1142,3086,3,8327224,8395424,0,255,0,255,255,0,0,490,0
1143,3087,1,8327224,8395940,0,255,0,255,255,0,1,440,0
1143,3088,2,8327224,8395424,0,255,0,255,255,0,0,0,3
1143,3089,3,8327224,8395424,0,255,0,255,255,0,0,440,0
1144,3090,1,8327224,8395940,0,255,0,255,255,0,1,390,0
1144,3091,2,8327224,8395424,0,255,0,255,255,0,0,0,3
1144,3092,3,8327224,8395424,0,255,0,255,255,0,0,390,0
1145,3093,1,8327224,8395940,0,107,0,64,0,0,1,340,7
1145,3094,2,8327224,8395424,0,0,0,0,255,0,0,0,3
1145,3095,3,8327224,8395424,0,255,0,255,255,0,0,340,0
1146,3096,1,8327224,8395940,0,122,0,64,0,0,1,290,7
1146,3097,2,8327224,8395424,0,0,0,0,255,0,0,0,3
1146,3098,3,8327224,8395424,0,255,0,255,255,0,0,290,0
1147,3099,1,8327224,8395940,0,255,0,255,255,0,1,240,0
1147,3100,2,8327224,8395424,0,0,0,0,255,0,0,0,3
1147,3101,3,8327224,8395424,0,255,0,255,255,0,0,240,0
1148,3102,1,8327224,8395940,0,255,0,255,255,0,1,190,0
1148,3103,2,8327224,8395424,0,0,0,0,255,0,0,0,3
1148,3104,3,8327224,8395424,0,255,0,255,255,0,0,190,0
1149,3105,1,8327224,8395940,0,255,0,255,255,0,1,140,0
1149,3106,2,8327224,8395424,0,0,0,0,255,0,0,0,3
1149,3107,3,8327224,8395424,0,255,0,255,255,0,0,140,0
1150,3108,1,8327224,8395940,0,255,0,255,255,0,1,90,0
1150,3109,2,8327224,8395424,0,0,0,0,255,0,0,0,3
1150,3110,3,8327224,8395424,0,255,0,255,255,0,0,90,0
1151,3111,1,8327224,8395940,0,255,0,255,255,0,1,40,0
1151,3112,2,8327224,8395424,0,0,0,0,255,0,0,0,3
1151,3113,3,8327224,8395424,0,255,0,255,255,0,0,40,0
1152,3114,1,8327224,8395940,0,255,0,255,255,0,1,0,0
1152,3115,2,8327224,8395424,0,0,0,0,255,0,0,0,3
1152,3116,3,8327224,8395424,0,255,0,255,255,0,0,0,0
1153,3117,1,8327224,8395940,0,255,0,255,255,0,1,0,0
1153,3118,2,8327224,8395424,0,0,0,0,255,0,0,0,3
1153,3119,3,8327224,8395424,0,255,0,255,255,0,0,0,0
1154,3120,1,8327224,8395940,0,255,0,255,255,0,1,0,0
1154,3121,2,8327224,8395424,0,0,0,0,255,0,0,0,3
1154,3122,3,8327224,8395424,0,255,0,255,255,0,0,0,0
1155,3123,1,8327224,8395940,0,255,0,255,255,0,1,0,0
1155,3124,2,8327224,8395424,0,0,0,0,255,0,0,0,3
1155,3125,3,8327224,8395424,0,255,0,255,255,0,0,0,0
1156,3126,1,8327224,8395940,0,255,0,255,255,0,1,0,0
1156,3127,2,8327224,8395424,0,255,0,255,255,0,0,0,0
1156,3128,3,8327224,8395424,0,255,0,255,255,0,0,0,0
1157,3129,1,8327224,8395940,0,255,0,255,255,0,1,0,0
1157,3130,2,8327224,8395424,0,255,0,255,255,0,0,0,0
1157,3131,3,8327224,8395424,0,255,0,255,255,0,0,0,0
1158,3132,1,8327224,8395940,0,255,0,255,255,0,1,0,0
1158,3133,2,8327224,8395424,0,255,0,255,255,0,0,0,0
1158,3134,3,8327224,8395424,0,255,0,255,255,0,0,0,0
1159,3135,1,8327224,8395940,0,255,0,255,255,0,1,0,0
1159,3136,2,8327224,8395424,0,255,0,255,255,0,0,0,0
1159,3137,3,8327224,8395424,0,255,0,255,255,0,0,0,0
1160,3138,1,8327224,8395940,0,255,0,255,255,0,1,0,0
1160,3139,2,8327224,8395424,0,255,0,255,255,0,0,0,0
1160,3140,3,8327224,8395424,0,255,0,255,255,0,0,0,0
1161,3141,1,8327224,8395940,0,255,0,255,255,0,1,0,0
1161,3142,2,8327224,8395424,0,255,0,255,255,0,0,0,0
1161,3143,3,8327224,8395424,0,255,0,255,255,0,0,0,0
1162,3144,1,8327224,8395940,0,255,0,255,255,0,1,0,0
1162,3145,2,8327224,8395424,0,255,0,255,255,0,0,0,0
1162,3146,3,8327224,8395424,0,255,0,255,255,0,0,0,0
1163,3147,1,8327224,8395940,0,255,0,255,255,0,1,0,0
1163,3148,2,8327224,8395424,0,255,0,255,255,0,0,0,0
1163,3149,3,8327224,8395424,0,255,0,255,255,0,0,0,0
1164,3150,1,8327224,8395940,0,133,0,64,0,0,1,0,7
1164,3151,2,8327224,8395424,0,255,0,255,255,0,0,0,0
1164,3152,3,8327224,8395424,0,255,0,255,255,0,0,0,0
1165,3153,1,8327224,8395940,0,126,0,64,0,0,1,0,7
1165,3154,2,8327224,8395424,0,255,0,255,255,0,0,0,0
1165,3155,3,8327224,8395424,0,255,0,255,255,0,0,0,0
1166,3156,1,8327224,8395940,0,119,0,64,0,0,1,0,7
1166,3157,2,8327224,8395424,0,255,0,255,255,0,0,0,0
1166,3158,3,8327224,8395424,0,182,0,255,0,0,0,0,0
1167,3159,1,8327224,8395940,0,122,0,64,0,0,1,0,7
1167,3160,2,8327224,8395424,0,255,0,255,255,0,0,0,0
1167,3161,3,8327224,8395424,0,190,0,255,0,0,0,0,0
1168,3162,1,8327224,8395940,0,126,0,64,0,0,1,0,7
1168,3163,2,8327224,8395424,0,255,0,255,255,0,0,0,0
1168,3164,3,8327224,8395424,0,198,0,255,0,0,0,0,0
1169,3165,1,8327224,8395940,0,130,0,64,0,0,1,0,7
1169,3166,2,8327224,8395424,0,255,0,255,255,0,0,0,0
1169,3167,3,8327224,8395424,0,207,0,255,0,0,0,0,0
1170,3168,1,8327224,8395940,0,135,0,64,0,0,1,0,7
1170,3169,2,8327224,8395424,0,255,0,255,255,0,0,0,0
1170,3170,3,8327224,8395424,0,216,0,255,0,0,0,0,0
1171,3171,1,8327224,8395940,0,255,0,255,255,0,1,0,0
1171,3172,2,8327224,8395424,0,255,0,255,255,0,0,0,0
1171,3173,3,8327224,8395424,0,224,0,255,0,0,0,0,0
1172,3174,1,8327224,8395940,0,255,0,255,255,0,1,0,0
1172,3175,2,8327224,8395424,0,255,0,255,255,0,0,0,0
1172,3176,3,8327224,8395424,0,233,0,255,0,0,0,0,0
1173,3177,1,8327224,8395940,0,255,0,255,255,0,1,0,0
1173,3178,2,8327224,8395424,0,255,0,255,255,0,0,0,0
1173,3179,3,8327224,8395424,0,242,0,255,0,0,0,0,0
1174,3180,1,8327224,8395940,0,255,0,255,255,0,1,0,0
1174,3181,2,8327224,8395424,0,255,0,255,255,0,0,0,0
1174,3182,3,8327224,8395424,0,251,0,255,0,0,0,0,0
1175,3183,1,8327224,8395940,0,255,0,255,255,0,1,0,0
1175,3184,2,8327224,8395424,0,255,0,255,255,0,0,0,0
1175,3185,3,8327224,8395424,0,255,0,255,0,0,0,0,0
1176,3186,1,8327224,8395940,0,255,0,255,255,0,1,0,0
1176,3187,2,8327224,8395424,0,255,0,255,255,0,0,0,0
1176,3188,3,8327224,8395424,0,255,0,255,0,0,0,0,0
1177,3189,1,8327224,8395940,0,255,0,255,255,0,1,0,0
1177,3190,2,8327224,8395424,0,255,0,255,255,0,0,0,0
1177,3191,3,8327224,8395424,0,255,0,255,0,0,0,0,0
1178,3192,1,8327224,8395940,0,255,0,255,255,0,1,0,0
1178,3193,2,8327224,8395424,0,255,0,255,255,0,0,0,0
1178,3194,3,8327224,8395424,0,255,0,255,0,0,0,0,0
1179,3195,1,8327224,8395940,0,255,0,255,255,0,1,0,0
1179,3196,2,8327224,8395424,0,255,0,255,255,0,0,0,0
1179,3197,3,8327224,8395424,0,255,0,255,0,0,0,0,0
1180,3198,1,8327224,8395940,0,255,0,255,255,0,1,0,0
1180,3199,2,8327224,8395424,0,255,0,255,255,0,0,0,0
1180,3200,3,8327224,8395424,0,255,0,255,0,0,0,0,0
1181,3201,1,8327224,8395940,0,255,0,255,255,0,1,0,0
1181,3202,2,8327224,8395424,0,255,0,255,0,0,0,0,0
1181,3203,3,8327224,8395424,0,255,0,255,0,0,0,0,0
1182,3204,1,8327224,8395940,0,255,0,255,255,0,1,0,0
1182,3205,2,8327224,8395424,0,255,0,255,0,0,0,0,0
1182,3206,3,8327224,8395424,0,255,0,255,0,0,0,0,0
1183,3207,1,8327224,8395940,0,255,0,255,255,0,1,0,0
1183,3208,2,8327224,8395424,0,255,0,255,0,0,0,0,0
1183,3209,3,8327224,8395424,0,255,0,255,0,0,0,0,0
1184,3210,1,8327224,8395940,0,255,0,255,255,0,1,0,0
1184,3211,2,8327224,8395424,0,255,0,255,0,0,0,0,0
1184,3212,3,8327224,8395424,0,255,0,255,0,0,0,0,0
1185,3213,1,8327224,8395940,0,255,0,255,255,0,1,0,0
1185,3214,2,8327224,8395424,0,255,0,255,0,0,0,0,0
1185,3215,3,8327224,8395424,0,255,0,255,0,0,0,0,0
1186,3216,1,8327224,8395940,0,255,0,255,255,0,1,0,0
1186,3217,2,8327224,8395424,0,255,0,255,0,0,0,0,0
1186,3218,3,8327224,8395424,0,253,0,255,0,0,0,0,0
1187,3219,1,8327224,8395940,0,255,0,255,255,0,1,0,0
1187,3220,2,8327224,8395424,0,255,0,255,0,0,0,0,0
1187,3221,3,8327224,8395424,0,241,0,255,0,0,0,0,0
1188,3222,1,8327224,8395940,0,255,0,255,255,0,1,0,0
1188,3223,2,8327224,8395424,0,255,0,255,0,0,0,0,0
1188,3224,3,8327224,8395424,0,229,0,255,0,0,0,0,0
1189,3225,1,8327224,8395940,0,255,0,255,255,0,1,0,0
1189,3226,2,8327224,8395424,0,255,0,255,0,0,0,0,0
1189,3227,3,8327224,8395424,0,217,0,255,0,0,0,0,0
1190,3228,1,8327224,8395940,0,255,0,255,255,0,1,0,0
1190,3229,2,8327224,8395424,0,255,0,255,0,0,0,0,0
1190,3230,3,8327224,8395424,0,204,0,255,0,0,0,0,0
1191,3231,1,8327224,8395940,0,255,0,255,255,0,1,0,0
1191,3232,2,8327224,8395424,0,255,0,255,0,0,0,0,0
1191,3233,3,8327224,8395424,0,190,0,255,0,0,0,0,0
1192,3234,1,8327224,8395940,0,255,0,255,255,0,1,0,0
1192,3235,2,8327224,8395424,0,254,0,255,0,0,0,0,0
1192,3236,3,8327224,8395424,0,176,0,255,0,0,0,0,0
1193,3237,1,8327224,8395940,0,255,0,255,255,0,1,0,0
1193,3238,2,8327224,8395424,0,208,0,255,0,0,0,0,0
1193,3239,3,8327224,8395424,0,163,0,255,0,0,0,0,0
1194,3240,1,8327224,8395940,0,255,0,255,255,0,1,0,0
1194,3241,2,8327224,8395424,0,164,0,255,0,0,0,0,0
1194,3242,3,8327224,8395424,0,0,0,0,255,0,0,0,0
1195,3243,1,8327224,8395940,0,255,0,255,255,0,1,0,0
1195,3244,2,8327224,8395424,0,72,0,255,0,0,0,0,0
1195,3245,3,8327224,8395424,0,0,0,0,255,0,0,0,0
1196,3246,1,8327224,8395940,0,255,0,255,255,0,1,0,0
1196,3247,2,8327224,8395424,0,0,0,255,0,0,0,0,0
1196,3248,3,8327224,8395424,0,0,0,0,255,0,0,0,0
1197,3249,1,8327224,8395940,0,255,0,255,255,0,1,0,0
1197,3250,2,8327224,8395424,0,36,0,255,0,0,0,0,0
1197,3251,3,8327224,8395424,0,0,0,0,255,0,0,0,0
1198,3252,1,8327224,8395940,0,255,0,255,255,0,1,0,0
1198,3253,2,8327224,8395424,0,18,0,255,0,0,0,0,0
1198,3254,3,8327224,8395424,0,0,0,0,255,0,0,0,0
1199,3255,1,8327224,8395940,0,255,0,255,255,0,1,0,0
1199,3256,2,8327224,8395424,195,0,0,255,0,0,0,0,0
1199,3257,3,8327224,8395424,0,0,0,0,255,0,0,0,0
1200,3258,1,8327224,8395940,0,255,0,255,0,0,1,0,0
1200,3259,2,8327224,8395424,237,0,0,255,0,0,0,0,0
1200,3260,3,8327224,8395424,0,0,0,0,255,0,0,0,0
1201,3261,1,8327224,8395940,0,255,0,255,0,0,1,0,0
1201,3262,2,8327224,8395424,255,0,0,255,0,0,0,0,0
1201,3263,3,8327224,8395424,0,0,0,0,255,0,0,0,0
1202,3264,1,8327224,8395940,0,255,0,255,0,0,1,0,0
1202,3265,2,8327224,8395424,255,0,0,255,0,0,0,0,0
1202,3266,3,8327224,8395424,0,0,0,0,255,0,0,0,0
1203,3267,1,8327224,8395940,0,255,0,255,0,0,1,0,0
1203,3268,2,8327224,8395424,255,0,0,255,0,0,0,0,0
1203,3269,3,8327224,8395424,0,0,0,0,255,0,0,0,0
1204,3270,1,8327224,8395940,0,255,0,255,0,0,1,0,0
1204,3271,2,8327224,8395424,255,0,0,255,0,0,0,0,0
1204,3272,3,8327224,8395424,0,0,0,0,255,0,0,0,0
1205,3273,1,8327224,8395940,0,255,0,255,0,0,1,0,0
1205,3274,2,8327224,8395424,255,0,0,255,0,0,0,0,0
1205,3275,3,8327224,8395424,0,0,0,0,255,0,0,0,0
1206,3276,1,8327224,8395940,0,255,0,255,0,0,1,0,0
1206,3277,2,8327224,8395424,255,0,0,255,0,0,0,0,0
1206,3278,3,8327224,8395424,0,0,0,0,255,0,0,0,0
1207,3279,1,8327224,8395940,0,255,0,255,0,0,1,0,0
1207,3280,2,8327224,8395424,255,0,0,255,0,0,0,0,0
1207,3281,3,8327224,8395424,0,0,0,0,255,0,0,0,0
1208,3282,1,8327224,8395940,0,255,0,255,0,0,1,0,0
1208,3283,2,8327224,8395424,255,0,0,255,0,0,0,0,0
1208,3284,3,8327224,8395424,0,0,0,0,255,0,0,0,0
1209,3285,1,8327224,8395940,0,255,0,255,0,0,1,0,0
1209,3286,2,8327224,8395424,255,0,0,255,0,0,0,0,0
1209,3287,3,8327224,8395424,0,0,0,0,255,0,0,0,0
1210,3288,1,8327224,8395940,0,255,0,255,0,0,1,0,0
1210,3289,2,8327224,8395424,255,0,0,255,0,0,0,0,0
1210,3290,3,8327224,8395424,0,0,0,0,255,0,0,0,0
1211,3291,1,8327224,8395940,0,255,0,255,0,0,1,0,0
1211,3292,2,8327224,8395424,255,0,0,255,0,0,0,0,0
1211,3293,3,8327224,8395424,0,0,0,0,255,0,0,0,0
1212,3294,1,8327224,8395940,0,253,0,255,0,0,1,0,0
1212,3295,2,8327224,8395424,255,0,0,255,0,0,0,0,0
1212,3296,3,8327224,8395424,0,0,0,0,255,0,0,0,0
1213,3297,1,8327224,8395940,0,212,0,255,0,0,1,0,0
1213,3298,2,8327224,8395424,255,0,0,255,0,0,0,0,0
1213,3299,3,8327224,8395424,0,0,0,0,255,0,0,0,0
1214,3300,1,8327224,8395940,0,194,0,255,0,0,1,0,0
1214,3301,2,8327224,8395424,255,0,0,255,0,0,0,0,0
1214,3302,3,8327224,8395424,0,0,0,0,255,0,0,0,0
1215,3303,1,8327224,8395940,0,173,0,255,0,0,1,0,0
1215,3304,2,8327224,8395424,255,0,0,255,0,0,0,0,0
1215,3305,3,8327224,8395424,0,0,0,0,255,0,0,0,0
1216,3306,1,8327224,8395940,0,153,0,255,0,0,1,0,0
1216,3307,2,8327224,8395424,249,0,0,255,0,0,0,0,0
1216,3308,3,8327224,8395424,0,0,0,0,255,0,0,0,0
1217,3309,1,8327224,8395940,0,132,0,255,0,0,1,0,0
1217,3310,2,8327224,8395424,227,0,0,255,0,0,0,0,0
1217,3311,3,8327224,8395424,0,0,0,0,255,0,0,0,0
1218,3312,1,8327224,8395940,0,116,0,255,0,0,1,0,0
1218,3313,2,8327224,8395424,204,0,0,255,0,0,0,0,0
1218,3314,3,8327224,8395424,0,0,0,0,255,0,0,0,0
1219,3315,1,8327224,8395940,0,97,0,255,0,0,1,0,0
1219,3316,2,8327224,8395424,255,0,0,255,255,0,0,0,0
1219,3317,3,8327224,8395424,0,0,0,0,255,0,0,0,0
1220,3318,1,8327224,8395940,0,85,0,255,0,0,1,0,0
1220,3319,2,8327224,8395424,255,0,0,255,255,0,0,0,0
1220,3320,3,8327224,8395424,0,0,0,0,255,0,0,0,0
1221,3321,1,8327224,8395940,0,75,0,255,0,0,1,0,0
1221,3322,2,8327224,8395424,255,0,0,255,255,0,0,0,0
1221,3323,3,8327224,8395424,0,0,0,0,255,0,0,0,0
1222,3324,1,8327224,8395940,0,62,0,255,0,0,1,0,0
1222,3325,2,8327224,8395424,255,0,0,255,255,0,0,0,0
1222,3326,3,8327224,8395424,0,0,0,0,255,0,0,0,0
1223,3327,1,8327224,8395940,0,52,0,255,0,0,1,0,0
1223,3328,2,8327224,8395424,255,0,0,255,255,0,0,0,0
1223,3329,3,8327224,8395424,0,0,0,0,255,0,0,0,0
1224,3330,1,8327224,8395940,0,41,0,255,0,0,1,0,0
1224,3331,2,8327224,8395424,255,0,0,255,255,0,0,0,0
1224,3332,3,8327224,8395424,0,0,0,0,255,0,0,0,0
1225,3333,1,8327224,8395940,0,32,0,255,0,0,1,0,0
1225,3334,2,8327224,8395424,255,0,0,255,255,0,0,0,0
1225,3335,3,8327224,8395424,0,0,0,0,255,0,0,0,0
1226,3336,1,8327224,8395940,0,24,0,255,0,0,1,0,0
1226,3337,2,8327224,8395424,255,0,0,255,255,0,0,0,0
1226,3338,3,8327224,8395424,0,0,0,255,0,0,0,0,3
1227,3339,1,8327224,8395940,0,26,0,255,0,0,1,0,0
1227,3340,2,8327224,8395424,255,0,0,255,255,0,0,0,0
1227,3341,3,8327224,8395424,0,0,0,255,0,0,0,0,3
1228,3342,1,8327224,8395940,0,28,0,255,0,0,1,0,0
1228,3343,2,8327224,8395424,255,0,0,255,255,0,0,0,0
1228,3344,3,8327224,8395424,0,0,0,255,0,0,0,0,3
1229,3345,1,8327224,8395940,0,33,0,255,0,0,1,0,0
1229,3346,2,8327224,8395424,255,0,0,255,255,0,0,0,0
1229,3347,3,8327224,8395424,0,0,0,255,0,0,0,0,3
1230,3348,1,8327224,8395940,0,34,0,255,0,0,1,0,0
1230,3349,2,8327224,8395424,255,0,0,255,255,0,0,0,0
1230,3350,3,8327224,8395424,0,0,0,255,0,0,0,0,3
1231,3351,1,8327224,8395940,0,37,0,255,0,0,1,0,0
1231,3352,2,8327224,8395424,255,0,0,255,255,0,0,0,0
1231,3353,3,8327224,8395424,0,0,0,255,0,0,0,0,3
1232,3354,1,8327224,8395940,0,40,0,255,0,0,1,0,0
1232,3355,2,8327224,8395424,255,0,0,255,255,0,0,0,0
1232,3356,3,8327224,8395424,0,0,0,255,0,0,0,0,3
1233,3357,1,8327224,8395940,0,44,0,255,0,0,1,0,0
1233,3358,2,8327224,8395424,255,0,0,255,255,0,0,0,0
1233,3359,3,8327224,8395424,0,0,0,255,0,0,0,0,3
1234,3360,1,8327224,8395940,0,43,0,255,0,0,1,0,0
1234,3361,2,8327224,8395424,255,0,0,255,255,0,0,0,0
1234,3362,3,8327224,8395424,0,0,0,255,0,0,0,0,3
1235,3363,1,8327224,8395940,0,48,0,255,0,0,1,0,0
1235,3364,2,8327224,8395424,255,0,0,255,255,0,0,0,0
1235,3365,3,8327224,8395424,0,0,0,255,0,0,0,0,3
1236,3366,1,8327224,8395940,0,49,0,255,0,0,1,0,0
1236,3367,2,8327224,8395424,255,0,0,255,255,0,0,0,0
1236,3368,3,8327224,8395424,0,0,0,255,0,0,0,0,3
1237,3369,1,8327224,8395940,0,53,0,255,0,0,1,0,0
1237,3370,2,8327224,8395424,255,0,0,255,255,0,0,0,0
1237,3371,3,8327224,8395424,0,0,0,255,0,0,0,0,3
1238,3372,1,8327224,8395940,0,55,0,255,0,0,1,0,0
1238,3373,2,8327224,8395424,255,0,0,255,255,0,0,0,0
1238,3374,3,8327224,8395424,0,1,0,255,0,0,0,0,3
1239,3375,1,8327224,8395940,0,57,0,255,0,0,1,0,0
1239,3376,2,8327224,8395424,255,0,0,255,255,0,0,0,0
1239,3377,3,8327224,8395424,0,1,0,255,0,0,0,0,3
1240,3378,1,8327224,8395940,0,61,0,255,0,0,1,0,0
1240,3379,2,8327224,8395424,255,0,0,255,255,0,0,0,0
1240,3380,3,8327224,8395424,0,2,0,255,0,0,0,0,3
1241,3381,1,8327224,8395940,0,65,0,255,0,0,1,0,0
1241,3382,2,8327224,8395424,255,0,0,255,255,0,0,0,0
1241,3383,3,8327224,8395424,0,4,0,255,0,0,0,0,3
1242,3384,1,8327224,8395940,0,69,0,255,0,0,1,0,0
1242,3385,2,8327224,8395424,255,0,0,255,255,0,0,0,0
1242,3386,3,8327224,8395424,0,5,0,255,0,0,0,0,3
1243,3387,1,8327224,8395940,0,72,0,255,0,0,1,0,0
1243,3388,2,8327224,8395424,255,0,0,255,255,0,0,0,0
1243,3389,3,8327224,8395424,0,7,0,255,0,0,0,0,3
1244,3390,1,8327224,8395940,0,74,0,255,0,0,1,0,0
1244,3391,2,8327224,8395424,255,0,0,255,255,0,0,0,0
1244,3392,3,8327224,8395424,0,9,0,255,0,0,0,0,3
1245,3393,1,8327224,8395940,0,78,0,255,0,0,1,0,0
1245,3394,2,8327224,8395424,255,0,0,255,255,0,0,0,0
1245,3395,3,8327224,8395424,0,11,0,255,0,0,0,0,3
1246,3396,1,8327224,8395940,0,82,0,255,0,0,1,0,0
1246,3397,2,8327224,8395424,255,0,0,255,255,0,0,0,0
1246,3398,3,8327224,8395424,0,14,0,255,0,0,0,0,3
1247,3399,1,8327224,8395940,0,84,0,255,0,0,1,0,0
1247,3400,2,8327224,8395424,255,0,0,255,255,0,0,0,0
1247,3401,3,8327224,8395424,0,18,0,255,0,0,0,0,3
1248,3402,1,8327224,8395940,0,87,0,255,0,0,1,0,0
1248,3403,2,8327224,8395424,255,0,0,255,255,0,0,0,0
1248,3404,3,8327224,8395424,0,22,0,255,0,0,0,0,3
1249,3405,1,8327224,8395940,0,89,0,255,0,0,1,0,0
1249,3406,2,8327224,8395424,255,0,0,255,255,0,0,0,0
1249,3407,3,8327224,8395424,0,26,0,255,0,0,0,0,3
1250,3408,1,8327224,8395940,0,89,0,255,0,0,1,0,0
1250,3409,2,8327224,8395424,255,0,0,255,255,0,0,0,0
1250,3410,3,8327224,8395424,0,31,0,255,0,0,0,0,3
1251,3411,1,8327224,8395940,0,92,0,255,0,0,1,0,0
1251,3412,2,8327224,8395424,255,0,0,255,255,0,0,0,0
1251,3413,3,8327224,8395424,0,255,0,255,255,0,0,0,3
1252,3414,1,8327224,8395940,0,31,0,255,0,0,1,0,0
1252,3415,2,8327224,8395424,255,0,0,255,255,0,0,0,0
1252,3416,3,8327224,8395424,0,37,0,255,0,0,0,0,3
1253,3417,1,8327224,8395940,0,38,0,255,0,0,1,0,0
1253,3418,2,8327224,8395424,255,0,0,255,255,0,0,0,0
1253,3419,3,8327224,8395424,0,255,0,255,255,0,0,0,3
1254,3420,1,8327224,8395940,0,28,0,255,0,0,1,0,0
1254,3421,2,8327224,8395424,255,0,0,255,255,0,0,0,0
1254,3422,3,8327224,8395424,0,0,0,0,255,0,0,0,3
1255,3423,1,8327224,8395940,0,19,0,255,0,0,1,0,0
1255,3424,2,8327224,8395424,255,0,0,255,255,0,0,0,0
1255,3425,3,8327224,8395424,0,0,0,0,255,0,0,0,3
1256,3426,1,8327224,8395940,0,9,0,255,0,0,1,0,0
1256,3427,2,8327224,8395424,255,0,0,255,255,0,0,0,0
1256,3428,3,8327224,8395424,0,0,0,0,255,0,0,0,3
1257,3429,1,8327224,8395940,53,0,0,255,0,0,1,0,0
1257,3430,2,8327224,8395424,255,0,0,255,255,0,0,1440,0
1257,3431,3,8327224,8395424,0,0,0,0,255,0,0,1440,3
1258,3432,1,8327224,8395940,55,0,0,255,0,0,1,0,0
1258,3433,2,8327224,8395424,255,0,0,255,255,0,0,1390,0
1258,3434,3,8327224,8395424,0,0,0,0,255,0,0,1390,3
1259,3435,1,8327224,8395940,58,0,0,255,0,0,1,0,0
1259,3436,2,8327224,8395424,255,0,0,255,255,0,0,1340,0
1259,3437,3,8327224,8395424,0,0,0,0,255,0,0,1340,3
1260,3438,1,8327224,8395940,60,0,0,255,0,0,1,0,0
1260,3439,2,8327224,8395424,255,0,0,255,255,0,0,1290,0
1260,3440,3,8327224,8395424,0,0,0,0,255,0,0,1290,3
1261,3441,1,8327224,8395940,59,0,0,255,0,0,1,0,0
1261,3442,2,8327224,8395424,255,0,0,255,255,0,0,1240,0
1261,3443,3,8327224,8395424,0,0,0,0,255,0,0,1240,3
1262,3444,1,8327224,8395940,57,0,0,255,0,0,1,0,0
1262,3445,2,8327224,8395424,255,0,0,255,255,0,0,1190,0
1262,3446,3,8327224,8395424,0,0,0,0,255,0,0,1190,3
1263,3447,1,8327224,8395940,54,0,0,255,0,0,1,0,0
1263,3448,2,8327224,8395424,255,0,0,255,255,0,0,1140,0
1263,3449,3,8327224,8395424,0,0,0,0,255,0,0,1140,3
1264,3450,1,8327224,8395940,52,0,0,255,0,0,1,0,0
1264,3451,2,8327224,8395424,255,0,0,255,255,0,0,1090,0
1264,3452,3,8327224,8395424,0,0,0,0,255,0,0,1090,3
1265,3453,1,8327224,8395940,48,0,0,255,0,0,1,0,0
1265,3454,2,8327224,8395424,255,0,0,255,255,0,0,1040,0
1265,3455,3,8327224,8395424,0,0,0,0,255,0,0,1040,3
1266,3456,1,8327224,8395940,44,0,0,255,0,0,1,0,0
1266,3457,2,8327224,8395424,255,0,0,255,255,0,0,990,3
1266,3458,3,8327224,8395424,255,0,0,255,255,0,0,990,0
1267,3459,1,8327224,8395940,39,0,0,255,0,0,1,0,0
1267,3460,2,8327224,8395424,255,0,0,255,255,0,0,940,3
1267,3461,3,8327224,8395424,255,0,0,255,255,0,0,940,0
1268,3462,1,8327224,8395940,34,0,0,255,0,0,1,0,0
1268,3463,2,8327224,8395424,255,0,0,255,255,0,0,890,3
1268,3464,3,8327224,8395424,255,0,0,255,255,0,0,890,0
1269,3465,1,8327224,8395940,28,0,0,255,0,0,1,0,0
1269,3466,2,8327224,8395424,255,0,0,255,255,0,0,840,3
1269,3467,3,8327224,8395424,255,0,0,255,255,0,0,840,0
1270,3468,1,8327224,8395940,21,0,0,255,0,0,1,0,0
1270,3469,2,8327224,8395424,255,0,0,255,255,0,0,790,3
1270,3470,3,8327224,8395424,255,0,0,255,255,0,0,790,0
1271,3471,1,8327224,8395940,16,0,0,255,0,0,1,0,0
1271,3472,2,8327224,8395424,255,0,0,255,255,0,0,740,3
1271,3473,3,8327224,8395424,255,0,0,255,255,0,0,740,0
1272,3474,1,8327224,8395940,9,0,0,255,0,0,1,0,0
1272,3475,2,8327224,8395424,255,0,0,255,255,0,0,690,3
1272,3476,3,8327224,8395424,255,0,0,255,255,0,0,690,0
1273,3477,1,8327224,8395940,1,0,0,255,0,0,1,0,0
1273,3478,2,8327224,8395424,255,0,0,255,255,0,0,640,3
1273,3479,3,8327224,8395424,255,0,0,255,255,0,0,640,0
1274,3480,1,8327224,8395940,7,0,0,255,0,0,1,0,0
1274,3481,2,8327224,8395424,255,0,0,255,255,0,0,590,3
1274,3482,3,8327224,8395424,255,0,0,255,255,0,0,590,0
1275,3483,1,8327224,8395940,10,0,0,255,0,0,1,0,0
1275,3484,2,8327224,8395424,255,0,0,255,255,0,0,540,3
1275,3485,3,8327224,8395424,255,0,0,255,255,0,0,540,0
1276,3486,1,8327224,8395940,13,0,0,255,0,0,1,0,0
1276,3487,2,8327224,8395424,255,0,0,255,255,0,0,490,3
1276,3488,3,8327224,8395424,255,0,0,255,255,0,0,490,0
1277,3489,1,8327224,8395940,16,0,0,255,0,0,1,0,0
1277,3490,2,8327224,8395424,255,0,0,255,255,0,0,440,3
1277,3491,3,8327224,8395424,255,0,0,255,255,0,0,440,0
1278,3492,1,8327224,8395940,20,0,0,255,0,0,1,0,0
1278,3493,2,8327224,8395424,255,0,0,255,255,0,0,390,3
1278,3494,3,8327224,8395424,255,0,0,255,255,0,0,390,0
1279,3495,1,8327224,8395940,23,0,0,255,0,0,1,0,0
1279,3496,2,8327224,8395424,255,0,0,255,255,0,0,340,3
1279,3497,3,8327224,8395424,255,0,0,255,255,0,0,340,0
1280,3498,1,8327224,8395940,27,0,0,255,0,0,1,0,0
1280,3499,2,8327224,8395424,255,0,0,255,255,0,0,290,3
1280,3500,3,8327224,8395424,255,0,0,255,255,0,0,290,0
1281,3501,1,8327224,8395940,32,0,0,255,0,0,1,0,0
1281,3502,2,8327224,8395424,255,0,0,255,255,0,0,240,3
1281,3503,3,8327224,8395424,255,0,0,255,255,0,0,240,0
1282,3504,1,8327224,8395940,36,0,0,255,0,0,1,0,0
1282,3505,2,8327224,8395424,255,0,0,255,255,0,0,190,3
1282,3506,3,8327224,8395424,255,0,0,255,255,0,0,190,0
1283,3507,1,8327224,8395940,40,0,0,255,0,0,1,0,0
1283,3508,2,8327224,8395424,255,0,0,255,255,0,0,140,3
1283,3509,3,8327224,8395424,255,0,0,255,255,0,0,140,0
1284,3510,1,8327224,8395940,45,0,0,255,0,0,1,0,0
1284,3511,2,8327224,8395424,255,0,0,255,255,0,0,90,3
1284,3512,3,8327224,8395424,255,0,0,255,255,0,0,90,0
1285,3513,1,8327224,8395940,51,0,0,255,0,0,1,0,0
1285,3514,2,8327224,8395424,255,0,0,255,255,0,0,40,3
1285,3515,3,8327224,8395424,255,0,0,255,255,0,0,40,0
1286,3516,1,8327224,8395940,57,0,0,255,0,0,1,0,0
1286,3517,2,8327224,8395424,255,0,0,255,255,0,0,0,3
1286,3518,3,8327224,8395424,255,0,0,255,255,0,0,0,0
1287,3519,1,8327224,8395940,36,0,0,255,0,0,1,0,0
1287,3520,2,8327224,8395424,255,0,0,255,255,0,0,0,3
1287,3521,3,8327224,8395424,255,0,0,255,255,0,0,0,0
1288,3522,1,8327224,8395940,16,0,0,255,0,0,1,0,0
1288,3523,2,8327224,8395424,255,0,0,255,255,0,0,0,3
1288,3524,3,8327224,8395424,255,0,0,255,255,0,0,0,0
1289,3525,1,8327224,8395940,0,0,0,255,0,0,1,0,0
1289,3526,2,8327224,8395424,255,0,0,255,255,0,0,0,0
1289,3527,3,8327224,8395424,54,0,0,255,0,0,0,0,0
1290,3528,1,8327224,8395940,0,0,0,255,0,0,1,0,0
1290,3529,2,8327224,8395424,255,0,0,255,255,0,0,0,0
1290,3530,3,8327224,8395424,41,0,0,255,0,0,0,0,0
1291,3531,1,8327224,8395940,0,0,0,255,0,0,1,0,0
1291,3532,2,8327224,8395424,255,0,0,255,255,0,0,0,0
1291,3533,3,8327224,8395424,41,0,0,255,0,0,0,0,0
1292,3534,1,8327224,8395940,0,0,0,255,0,0,1,0,0
1292,3535,2,8327224,8395424,255,0,0,255,255,0,0,0,0
1292,3536,3,8327224,8395424,30,0,0,255,0,0,0,0,0
1293,3537,1,8327224,8395940,0,0,0,255,0,0,1,0,0
1293,3538,2,8327224,8395424,255,0,0,255,255,0,0,0,0
1293,3539,3,8327224,8395424,20,0,0,255,0,0,0,0,0
1294,3540,1,8327224,8395940,0,0,0,255,0,0,1,0,0
1294,3541,2,8327224,8395424,255,0,0,255,255,0,0,0,0
1294,3542,3,8327224,8395424,10,0,0,255,0,0,0,0,0
1295,3543,1,8327224,8395940,0,0,0,255,0,0,1,0,0
1295,3544,2,8327224,8395424,255,0,0,255,255,0,0,0,0
1295,3545,3,8327224,8395424,0,0,0,0,255,0,0,0,0
1296,3546,1,8327224,8395940,0,0,0,255,0,0,1,0,0
1296,3547,2,8327224,8395424,255,0,0,255,255,0,0,0,0
1296,3548,3,8327224,8395424,0,0,0,0,255,0,0,0,0
1297,3549,1,8327224,8395940,0,0,0,255,0,0,1,0,0
1297,3550,2,8327224,8395424,255,0,0,255,255,0,0,0,0
1297,3551,3,8327224,8395424,0,0,0,0,255,0,0,0,0
1298,3552,1,8327224,8395940,0,2,0,255,0,0,1,0,0
1298,3553,2,8327224,8395424,255,0,0,255,255,0,0,0,0
1298,3554,3,8327224,8395424,0,0,0,0,255,0,0,0,0
1299,3555,1,8327224,8395940,0,3,0,255,0,0,1,0,0
1299,3556,2,8327224,8395424,255,0,0,255,255,0,0,0,0
1299,3557,3,8327224,8395424,0,0,0,0,255,0,0,0,0
1300,3558,1,8327224,8395940,0,6,0,255,0,0,1,0,0
1300,3559,2,8327224,8395424,255,0,0,255,255,0,0,0,0
1300,3560,3,8327224,8395424,0,0,0,0,255,0,0,0,0
1301,3561,1,8327224,8395940,0,7,0,255,0,0,1,0,0
1301,3562,2,8327224,8395424,255,0,0,255,255,0,0,0,0
1301,3563,3,8327224,8395424,0,0,0,0,255,0,0,0,0
1302,3564,1,8327224,8395940,0,8,0,255,0,0,1,0,0
1302,3565,2,8327224,8395424,255,0,0,255,255,0,0,0,0
1302,3566,3,8327224,8395424,0,0,0,0,255,0,0,0,0
1303,3567,1,8327224,8395940,0,9,0,255,0,0,1,0,0
1303,3568,2,8327224,8395424,255,0,0,255,255,0,0,0,0
1303,3569,3,8327224,8395424,0,0,0,0,255,0,0,0,0
1304,3570,1,8327224,8395940,0,14,0,255,0,0,1,0,0
1304,3571,2,8327224,8395424,255,0,0,255,255,0,0,0,0
1304,3572,3,8327224,8395424,0,0,0,0,255,0,0,0,0
1305,3573,1,8327224,8395940,0,17,0,255,0,0,1,0,0
1305,3574,2,8327224,8395424,255,0,0,255,255,0,0,0,0
1305,3575,3,8327224,8395424,0,0,0,0,255,0,0,0,0
1306,3576,1,8327224,8395940,0,20,0,255,0,0,1,0,0
1306,3577,2,8327224,8395424,255,0,0,255,255,0,0,0,0
1306,3578,3,8327224,8395424,0,0,0,0,255,0,0,0,0
1307,3579,1,8327224,8395940,0,24,0,255,0,0,1,0,0
1307,3580,2,8327224,8395424,255,0,0,255,255,0,0,0,0
1307,3581,3,8327224,8395424,0,0,0,0,255,0,0,0,0
1308,3582,1,8327224,8395940,0,27,0,255,0,0,1,0,0
1308,3583,2,8327224,8395424,255,0,0,255,255,0,0,0,0
1308,3584,3,8327224,8395424,0,0,0,0,255,0,0,0,0
1309,3585,1,8327224,8395940,0,30,0,255,0,0,1,0,0
1309,3586,2,8327224,8395424,255,0,0,255,255,0,0,0,0
1309,3587,3,8327224,8395424,0,0,0,0,255,0,0,0,0
1310,3588,1,8327224,8395940,0,35,0,255,0,0,1,0,0
1310,3589,2,8327224,8395424,255,0,0,255,255,0,0,0,0
1310,3590,3,8327224,8395424,0,0,0,0,255,0,0,0,0
1311,3591,1,8327224,8395940,0,39,0,255,0,0,1,0,0
1311,3592,2,8327224,8395424,255,0,0,255,255,0,0,0,0
1311,3593,3,8327224,8395424,0,0,0,0,255,0,0,0,0
1312,3594,1,8327224,8395940,0,42,0,255,0,0,1,0,0
1312,3595,2,8327224,8395424,255,0,0,255,255,0,0,0,0
1312,3596,3,8327224,8395424,0,0,0,0,255,0,0,0,0
1313,3597,1,8327224,8395940,0,47,0,255,0,0,1,0,0
1313,3598,2,8327224,8395424,255,0,0,255,255,0,0,0,0
1313,3599,3,8327224,8395424,0,0,0,0,255,0,0,0,0
1314,3600,1,8327224,8395940,0,49,0,255,0,0,1,0,0
1314,3601,2,8327224,8395424,255,0,0,255,255,0,0,0,0
1314,3602,3,8327224,8395424,0,0,0,0,255,0,0,0,0
1315,3603,1,8327224,8395940,0,54,0,255,0,0,1,0,0
1315,3604,2,8327224,8395424,255,0,0,255,255,0,0,0,0
1315,3605,3,8327224,8395424,0,0,0,0,255,0,0,0,0
1316,3606,1,8327224,8395940,0,58,0,255,0,0,1,0,0
1316,3607,2,8327224,8395424,255,0,0,255,255,0,0,0,0
1316,3608,3,8327224,8395424,0,0,0,0,255,0,0,0,0
1317,3609,1,8327224,8395940,0,64,0,255,0,0,1,0,0
1317,3610,2,8327224,8395424,255,0,0,255,255,0,0,0,0
1317,3611,3,8327224,8395424,0,0,0,0,255,0,0,0,0
1318,3612,1,8327224,8395940,0,66,0,255,0,0,1,0,0
1318,3613,2,8327224,8395424,255,0,0,255,255,0,0,0,0
1318,3614,3,8327224,8395424,0,0,0,0,255,0,0,0,0
1319,3615,1,8327224,8395940,0,69,0,255,0,0,1,0,0
1319,3616,2,8327224,8395424,255,0,0,255,255,0,0,0,0
1319,3617,3,8327224,8395424,0,0,0,0,255,0,0,0,0
1320,3618,1,8327224,8395940,0,74,0,255,0,0,1,0,0
1320,3619,2,8327224,8395424,255,0,0,255,0,0,0,0,0
1320,3620,3,8327224,8395424,0,0,0,0,255,0,0,0,0
1321,3621,1,8327224,8395940,0,77,0,255,0,0,1,0,0
1321,3622,2,8327224,8395424,255,0,0,255,0,0,0,0,0
1321,3623,3,8327224,8395424,0,0,0,0,255,0,0,0,0
1322,3624,1,8327224,8395940,0,83,0,255,0,0,1,0,0
1322,3625,2,8327224,8395424,255,0,0,255,0,0,0,0,0
1322,3626,3,8327224,8395424,0,0,0,0,255,0,0,0,0
1323,3627,1,8327224,8395940,0,85,0,255,0,0,1,0,0
1323,3628,2,8327224,8395424,255,0,0,255,0,0,0,0,0
1323,3629,3,8327224,8395424,0,0,0,0,255,0,0,0,0
1324,3630,1,8327224,8395940,0,89,0,255,0,0,1,0,0
1324,3631,2,8327224,8395424,255,0,0,255,0,0,0,0,0
1324,3632,3,8327224,8395424,0,0,0,0,255,0,0,0,0
1325,3633,1,8327224,8395940,0,94,0,255,0,0,1,0,0
1325,3634,2,8327224,8395424,255,0,0,255,0,0,0,0,0
1325,3635,3,8327224,8395424,0,0,0,0,255,0,0,0,0
1326,3636,1,8327224,8395940,0,97,0,255,0,0,1,0,0
1326,3637,2,8327224,8395424,255,0,0,255,0,0,0,0,0
1326,3638,3,8327224,8395424,0,0,0,0,255,0,0,0,0
1327,3639,1,8327224,8395940,0,101,0,255,0,0,1,0,0
1327,3640,2,8327224,8395424,255,0,0,255,0,0,0,0,0
1327,3641,3,8327224,8395424,0,0,0,0,255,0,0,0,0
1328,3642,1,8327224,8395940,0,104,0,255,0,0,1,0,0
1328,3643,2,8327224,8395424,255,0,0,255,0,0,0,0,0
1328,3644,3,8327224,8395424,0,0,0,0,255,0,0,0,0
1329,3645,1,8327224,8395940,0,108,0,255,0,0,1,0,0
1329,3646,2,8327224,8395424,255,0,0,255,0,0,0,0,0
1329,3647,3,8327224,8395424,0,0,0,0,255,0,0,0,0
1330,3648,1,8327224,8395940,0,109,0,255,0,0,1,0,0
1330,3649,2,8327224,8395424,255,0,0,255,0,0,0,0,0
1330,3650,3,8327224,8395424,0,0,0,0,255,0,0,0,0
1331,3651,1,8327224,8395940,0,119,0,255,0,0,1,0,0
1331,3652,2,8327224,8395424,255,0,0,255,0,0,0,0,0
1331,3653,3,8327224,8395424,0,0,0,0,255,0,0,0,0
1332,3654,1,8327224,8395940,0,122,0,255,0,0,1,0,0
1332,3655,2,8327224,8395424,255,0,0,255,0,0,0,0,0
1332,3656,3,8327224,8395424,0,0,0,0,255,0,0,0,0
1333,3657,1,8327224,8395940,0,118,0,255,0,0,1,0,0
1333,3658,2,8327224,8395424,255,0,0,255,0,0,0,0,0
1333,3659,3,8327224,8395424,0,0,0,0,255,0,0,0,0
1334,3660,1,8327224,8395940,0,122,0,255,0,0,1,0,0
1334,3661,2,8327224,8395424,255,0,0,255,0,0,0,0,0
1334,3662,3,8327224,8395424,0,0,0,0,255,0,0,0,0
1335,3663,1,8327224,8395940,0,125,0,255,0,0,1,0,0
1335,3664,2,8327224,8395424,255,0,0,255,0,0,0,0,0
1335,3665,3,8327224,8395424,0,0,0,0,255,0,0,0,0
1336,3666,1,8327224,8395940,0,129,0,255,0,0,1,0,0
1336,3667,2,8327224,8395424,255,0,0,255,0,0,0,0,0
1336,3668,3,8327224,8395424,0,0,0,0,255,0,0,0,0
1337,3669,1,8327224,8395940,0,135,0,255,0,0,1,0,0
1337,3670,2,8327224,8395424,255,0,0,255,0,0,0,0,0
1337,3671,3,8327224,8395424,0,0,0,0,255,0,0,0,0
1338,3672,1,8327224,8395940,0,134,0,255,0,0,1,0,0
1338,3673,2,8327224,8395424,255,0,0,255,0,0,0,0,0
1338,3674,3,8327224,8395424,0,0,0,0,255,0,0,0,0
1339,3675,1,8327224,8395940,0,134,0,255,0,0,1,0,0
1339,3676,2,8327224,8395424,255,0,0,255,0,0,0,0,0
1339,3677,3,8327224,8395424,0,0,0,0,255,0,0,0,0
1340,3678,1,8327224,8395940,0,143,0,255,0,0,1,0,0
1340,3679,2,8327224,8395424,255,0,0,255,0,0,0,0,0
1340,3680,3,8327224,8395424,0,0,0,0,255,0,0,0,0
1341,3681,1,8327224,8395940,0,147,0,255,0,0,1,0,0
1341,3682,2,8327224,8395424,255,0,0,255,0,0,0,0,0
1341,3683,3,8327224,8395424,0,0,0,0,255,0,0,0,0
1342,3684,1,8327224,8395940,0,142,0,255,0,0,1,0,0
1342,3685,2,8327224,8395424,255,0,0,255,0,0,0,0,0
1342,3686,3,8327224,8395424,0,0,0,0,255,0,0,0,0
1343,3687,1,8327224,8395940,0,155,0,255,0,0,1,0,0
1343,3688,2,8327224,8395424,255,0,0,255,0,0,0,0,0
1343,3689,3,8327224,8395424,0,0,0,0,255,0,0,0,0
1344,3690,1,8327224,8395940,0,152,0,255,0,0,1,0,0
1344,3691,2,8327224,8395424,255,0,0,255,0,0,0,0,0
1344,3692,3,8327224,8395424,255,0,0,255,0,0,0,0,0
1345,3693,1,8327224,8395940,0,105,0,255,0,0,1,0,0
1345,3694,2,8327224,8395424,255,0,0,255,0,0,0,0,0
1345,3695,3,8327224,8395424,255,0,0,255,0,0,0,0,0
1346,3696,1,8327224,8395940,0,61,0,255,0,0,1,0,0
1346,3697,2,8327224,8395424,255,0,0,255,0,0,0,0,0
1346,3698,3,8327224,8395424,255,0,0,255,0,0,0,0,0
1347,3699,1,8327224,8395940,0,0,0,255,0,0,1,0,0
1347,3700,2,8327224,8395424,255,0,0,255,0,0,0,0,0
1347,3701,3,8327224,8395424,255,0,0,255,0,0,0,0,0
1348,3702,1,8327224,8395940,0,0,0,255,0,0,1,0,0
1348,3703,2,8327224,8395424,255,0,0,255,0,0,0,0,0
1348,3704,3,8327224,8395424,255,0,0,255,255,0,0,0,0
1349,3705,1,8327224,8395940,0,57,0,255,0,0,1,0,0
1349,3706,2,8327224,8395424,255,0,0,255,0,0,0,0,0
1349,3707,3,8327224,8395424,255,0,0,255,0,0,0,0,0
1350,3708,1,8327224,8395940,0,56,0,255,0,0,1,0,0
1350,3709,2,8327224,8395424,255,0,0,255,0,0,0,0,0
1350,3710,3,8327224,8395424,255,0,0,255,0,0,0,0,0
1351,3711,1,8327224,8395940,0,9,0,0,255,0,1,0,0
1351,3712,2,8327224,8395424,255,0,0,255,0,0,0,0,0
1351,3713,3,8327224,8395424,255,0,0,255,0,0,0,0,0
1352,3714,1,8327224,8395940,0,8,0,255,0,0,1,0,0
1352,3715,2,8327224,8395424,255,0,0,255,0,0,0,0,0
1352,3716,3,8327224,8395424,255,0,0,255,255,0,0,0,0
1353,3717,1,8327224,8395940,0,19,0,255,0,0,1,0,0
1353,3718,2,8327224,8395424,34,0,0,0,255,0,0,0,0
1353,3719,3,8327224,8395424,255,0,0,255,0,0,0,0,0
1354,3720,1,8327224,8395940,0,19,0,255,0,0,1,0,0
1354,3721,2,8327224,8395424,34,0,0,255,0,0,0,0,0
1354,3722,3,8327224,8395424,255,0,0,255,0,0,0,0,0
1355,3723,1,8327224,8395940,0,22,0,255,0,0,1,0,0
1355,3724,2,8327224,8395424,36,0,0,255,0,0,0,0,0
1355,3725,3,8327224,8395424,255,0,0,255,0,0,0,0,0
1356,3726,1,8327224,8395940,0,26,0,255,0,0,1,0,0
1356,3727,2,8327224,8395424,41,0,0,255,0,0,0,0,0
1356,3728,3,8327224,8395424,255,0,0,255,255,0,0,0,0
1357,3729,1,8327224,8395940,0,42,0,255,0,0,1,0,0
1357,3730,2,8327224,8395424,38,0,0,255,0,0,0,0,0
1357,3731,3,8327224,8395424,255,0,0,255,0,0,0,0,0
1358,3732,1,8327224,8395940,0,50,0,255,0,0,1,0,0
1358,3733,2,8327224,8395424,44,0,0,255,0,0,0,0,0
1358,3734,3,8327224,8395424,255,0,0,255,0,0,0,0,0
1359,3735,1,8327224,8395940,0,53,0,255,0,0,1,0,0
1359,3736,2,8327224,8395424,50,0,0,255,0,0,0,0,0
1359,3737,3,8327224,8395424,255,0,0,255,0,0,0,0,0
1360,3738,1,8327224,8395940,0,65,0,255,0,0,1,0,0
1360,3739,2,8327224,8395424,55,0,0,255,0,0,0,0,0
1360,3740,3,8327224,8395424,255,0,0,255,0,0,0,0,0
1361,3741,1,8327224,8395940,0,74,0,255,0,0,1,0,0
1361,3742,2,8327224,8395424,61,0,0,255,0,0,0,0,0
1361,3743,3,8327224,8395424,255,0,0,255,255,0,0,0,0
1362,3744,1,8327224,8395940,0,103,0,255,0,0,1,0,0
1362,3745,2,8327224,8395424,51,0,0,255,0,0,0,0,0
1362,3746,3,8327224,8395424,220,0,0,255,0,0,0,0,0
1363,3747,1,8327224,8395940,0,114,0,255,0,0,1,0,0
1363,3748,2,8327224,8395424,56,0,0,255,0,0,0,0,0
1363,3749,3,8327224,8395424,209,0,0,255,0,0,0,0,0
1364,3750,1,8327224,8395940,0,130,0,255,0,0,1,0,0
1364,3751,2,8327224,8395424,60,0,0,255,0,0,0,0,0
1364,3752,3,8327224,8395424,197,0,0,255,0,0,0,0,0
1365,3753,1,8327224,8395940,0,142,0,255,0,0,1,0,0
1365,3754,2,8327224,8395424,63,0,0,255,0,0,0,0,0
1365,3755,3,8327224,8395424,187,0,0,255,0,0,0,0,0
1366,3756,1,8327224,8395940,0,154,0,255,0,0,1,0,0
1366,3757,2,8327224,8395424,66,0,0,255,0,0,0,0,0
1366,3758,3,8327224,8395424,176,0,0,255,0,0,0,0,0
1367,3759,1,8327224,8395940,0,170,0,255,0,0,1,0,0
1367,3760,2,8327224,8395424,69,0,0,255,0,0,0,0,0
1367,3761,3,8327224,8395424,156,0,0,255,0,0,0,0,0
1368,3762,1,8327224,8395940,0,186,0,255,0,0,1,0,0
1368,3763,2,8327224,8395424,72,0,0,255,0,0,0,0,0
1368,3764,3,8327224,8395424,156,0,0,255,0,0,0,0,0
1369,3765,1,8327224,8395940,0,202,0,255,0,0,1,0,0
1369,3766,2,8327224,8395424,74,0,0,255,0,0,0,0,0
1369,3767,3,8327224,8395424,147,0,0,255,0,0,0,0,0
1370,3768,1,8327224,8395940,0,221,0,255,0,0,1,0,0
1370,3769,2,8327224,8395424,75,0,0,255,0,0,0,0,0
1370,3770,3,8327224,8395424,137,0,0,255,0,0,0,0,0
1371,3771,1,8327224,8395940,0,238,0,255,0,0,1,0,0
1371,3772,2,8327224,8395424,76,0,0,255,0,0,0,0,0
1371,3773,3,8327224,8395424,129,0,0,255,0,0,0,0,0
1372,3774,1,8327224,8395940,0,255,0,255,0,0,1,0,0
1372,3775,2,8327224,8395424,77,0,0,255,0,0,0,0,0
1372,3776,3,8327224,8395424,114,0,0,255,0,0,0,0,0
1373,3777,1,8327224,8395940,0,255,0,255,0,0,1,0,0
1373,3778,2,8327224,8395424,78,0,0,255,0,0,0,0,0
1373,3779,3,8327224,8395424,99,0,0,255,0,0,0,0,0
1374,3780,1,8327224,8395940,0,255,0,255,0,0,1,0,0
1374,3781,2,8327224,8395424,79,0,0,255,0,0,0,0,0
1374,3782,3,8327224,8395424,85,0,0,255,0,0,0,0,0
1375,3783,1,8327224,8395940,0,255,0,255,0,0,1,0,0
1375,3784,2,8327224,8395424,79,0,0,255,0,0,0,0,0
1375,3785,3,8327224,8395424,72,0,0,255,0,0,0,0,0
1376,3786,1,8327224,8395940,0,255,0,255,0,0,1,0,0
1376,3787,2,8327224,8395424,80,0,0,255,0,0,0,0,0
1376,3788,3,8327224,8395424,60,0,0,255,0,0,0,0,0
1377,3789,1,8327224,8395940,0,255,0,255,0,0,1,0,0
1377,3790,2,8327224,8395424,81,0,0,255,0,0,0,0,0
1377,3791,3,8327224,8395424,255,0,0,255,255,0,0,0,0
1378,3792,1,8327224,8395940,0,255,0,255,0,0,1,0,0
1378,3793,2,8327224,8395424,34,0,0,255,0,0,0,0,0
1378,3794,3,8327224,8395424,35,0,0,255,0,0,0,0,0
1379,3795,1,8327224,8395940,0,255,0,255,0,0,1,0,0
1379,3796,2,8327224,8395424,34,0,0,255,0,0,0,0,0
1379,3797,3,8327224,8395424,26,0,0,255,0,0,0,0,0
1380,3798,1,8327224,8395940,0,255,0,255,255,0,1,0,0
1380,3799,2,8327224,8395424,36,0,0,255,0,0,0,0,0
1380,3800,3,8327224,8395424,2,0,0,255,0,0,0,0,3
1381,3801,1,8327224,8395940,0,255,0,255,255,0,1,0,0
1381,3802,2,8327224,8395424,37,0,0,255,0,0,0,0,0
1381,3803,3,8327224,8395424,1,0,0,255,0,0,0,0,3
1382,3804,1,8327224,8395940,0,0,0,0,255,0,1,0,0
1382,3805,2,8327224,8395424,40,0,0,255,0,0,0,0,0
1382,3806,3,8327224,8395424,0,0,0,255,0,0,0,0,3
1383,3807,1,8327224,8395940,0,0,0,0,255,0,1,0,0
1383,3808,2,8327224,8395424,31,0,0,255,0,0,0,0,0
1383,3809,3,8327224,8395424,0,0,0,255,0,0,0,0,3
1384,3810,1,8327224,8395940,0,0,0,0,255,0,1,0,0
1384,3811,2,8327224,8395424,22,0,0,255,0,0,0,0,0
1384,3812,3,8327224,8395424,1,0,0,255,0,0,0,0,3
1385,3813,1,8327224,8395940,0,0,0,0,255,0,1,0,0
1385,3814,2,8327224,8395424,23,0,0,255,0,0,0,0,0
1385,3815,3,8327224,8395424,2,0,0,255,0,0,0,0,3
1386,3816,1,8327224,8395940,0,0,0,0,255,0,1,0,0
1386,3817,2,8327224,8395424,24,0,0,255,0,0,0,0,0
1386,3818,3,8327224,8395424,3,0,0,255,0,0,0,0,3
1387,3819,1,8327224,8395940,0,0,0,0,255,0,1,0,0
1387,3820,2,8327224,8395424,25,0,0,255,0,0,0,0,0
1387,3821,3,8327224,8395424,4,0,0,255,0,0,0,0,3
1388,3822,1,8327224,8395940,0,0,0,0,255,0,1,0,0
1388,3823,2,8327224,8395424,25,0,0,255,0,0,0,0,0
1388,3824,3,8327224,8395424,5,0,0,255,0,0,0,0,3
1389,3825,1,8327224,8395940,0,0,0,0,255,0,1,0,0
1389,3826,2,8327224,8395424,25,0,0,255,0,0,0,0,0
1389,3827,3,8327224,8395424,6,0,0,255,0,0,0,0,3
1390,3828,1,8327224,8395940,0,0,0,0,255,0,1,0,0
1390,3829,2,8327224,8395424,25,0,0,255,0,0,0,0,0
1390,3830,3,8327224,8395424,7,0,0,255,0,0,0,0,3
1391,3831,1,8327224,8395940,0,0,0,0,255,0,1,0,0
1391,3832,2,8327224,8395424,28,0,0,255,0,0,0,0,0
1391,3833,3,8327224,8395424,7,0,0,255,0,0,0,0,3
1392,3834,1,8327224,8395940,0,0,0,0,255,0,1,0,0
1392,3835,2,8327224,8395424,28,0,0,255,0,0,0,0,0
1392,3836,3,8327224,8395424,8,0,0,255,0,0,0,0,3
1393,3837,1,8327224,8395940,0,0,0,0,255,0,1,0,0
1393,3838,2,8327224,8395424,28,0,0,255,0,0,0,0,0
1393,3839,3,8327224,8395424,9,0,0,255,0,0,0,0,3
1394,3840,1,8327224,8395940,0,0,0,0,255,0,1,0,0
1394,3841,2,8327224,8395424,27,0,0,255,0,0,0,0,0
1394,3842,3,8327224,8395424,10,0,0,255,0,0,0,0,3
1395,3843,1,8327224,8395940,0,0,0,0,255,0,1,0,0
1395,3844,2,8327224,8395424,26,0,0,255,0,0,0,0,0
1395,3845,3,8327224,8395424,11,0,0,255,0,0,0,0,3
1396,3846,1,8327224,8395940,0,0,0,0,255,0,1,0,0
1396,3847,2,8327224,8395424,25,0,0,255,0,0,0,0,0
1396,3848,3,8327224,8395424,12,0,0,255,0,0,0,0,3
1397,3849,1,8327224,8395940,0,0,0,0,255,0,1,0,0
1397,3850,2,8327224,8395424,0,0,0,255,0,0,0,0,0
1397,3851,3,8327224,8395424,13,0,0,255,0,0,0,0,3
1398,3852,1,8327224,8395940,0,0,0,0,255,0,1,0,0
1398,3853,2,8327224,8395424,0,0,0,255,0,0,0,0,0
1398,3854,3,8327224,8395424,13,0,0,255,0,0,0,0,3
1399,3855,1,8327224,8395940,0,0,0,0,255,0,1,0,0
1399,3856,2,8327224,8395424,0,0,0,255,0,0,0,0,0
1399,3857,3,8327224,8395424,14,0,0,255,0,0,0,0,3
1400,3858,1,8327224,8395940,0,0,0,0,255,0,1,0,0
1400,3859,2,8327224,8395424,0,0,0,255,0,0,0,0,0
1400,3860,3,8327224,8395424,15,0,0,255,0,0,0,0,3
1401,3861,1,8327224,8395940,0,0,0,0,255,0,1,0,0
1401,3862,2,8327224,8395424,0,0,0,255,0,0,0,0,0
1401,3863,3,8327224,8395424,15,0,0,255,0,0,0,0,3
1402,3864,1,8327224,8395940,0,0,0,0,255,0,1,0,0
1402,3865,2,8327224,8395424,0,0,0,255,0,0,0,0,0
1402,3866,3,8327224,8395424,16,0,0,255,0,0,0,0,3
1403,3867,1,8327224,8395940,0,0,0,0,255,0,1,0,0
1403,3868,2,8327224,8395424,0,0,0,255,0,0,0,0,0
1403,3869,3,8327224,8395424,16,0,0,255,0,0,0,0,3
1404,3870,1,8327224,8395940,0,0,0,0,255,0,1,0,0
1404,3871,2,8327224,8395424,0,0,0,255,0,0,0,0,0
1404,3872,3,8327224,8395424,17,0,0,255,0,0,0,0,3
1405,3873,1,8327224,8395940,0,0,0,0,255,0,1,0,0
1405,3874,2,8327224,8395424,0,0,0,255,0,0,0,0,0
1405,3875,3,8327224,8395424,17,0,0,255,0,0,0,0,3
1406,3876,1,8327224,8395940,0,0,0,0,255,0,1,0,0
1406,3877,2,8327224,8395424,0,0,0,255,0,0,0,0,0
1406,3878,3,8327224,8395424,17,0,0,255,0,0,0,0,3
1407,3879,1,8327224,8395940,0,0,0,0,255,0,1,0,0
1407,3880,2,8327224,8395424,0,0,0,255,0,0,0,0,0
1407,3881,3,8327224,8395424,17,0,0,255,0,0,0,0,3
1408,3882,1,8327224,8395940,0,0,0,0,255,0,1,0,0
1408,3883,2,8327224,8395424,0,0,0,255,0,0,0,0,0
1408,3884,3,8327224,8395424,18,0,0,255,0,0,0,0,3
1409,3885,1,8327224,8395940,0,0,0,0,255,0,1,0,0
1409,3886,2,8327224,8395424,0,0,0,255,0,0,0,0,0
1409,3887,3,8327224,8395424,18,0,0,255,0,0,0,0,3
1410,3888,1,8327224,8395940,0,0,0,0,255,0,1,0,0
1410,3889,2,8327224,8395424,0,0,0,255,0,0,0,0,0
1410,3890,3,8327224,8395424,18,0,0,255,0,0,0,0,3
1411,3891,1,8327224,8395940,0,0,0,0,255,0,1,0,0
1411,3892,2,8327224,8395424,0,0,0,255,0,0,0,0,0
1411,3893,3,8327224,8395424,18,0,0,255,0,0,0,0,3
1412,3894,1,8327224,8395940,0,0,0,0,255,0,1,0,0
1412,3895,2,8327224,8395424,0,35,0,255,0,0,0,0,0
1412,3896,3,8327224,8395424,18,0,0,255,0,0,0,0,3
1413,3897,1,8327224,8395940,0,0,0,0,255,0,1,0,0
1413,3898,2,8327224,8395424,0,36,0,255,0,0,0,0,0
1413,3899,3,8327224,8395424,17,0,0,255,0,0,0,0,3
1414,3900,1,8327224,8395940,0,0,0,0,255,0,1,0,0
1414,3901,2,8327224,8395424,0,44,0,255,0,0,0,0,0
1414,3902,3,8327224,8395424,17,0,0,255,0,0,0,0,3
1415,3903,1,8327224,8395940,0,0,0,0,255,0,1,0,0
1415,3904,2,8327224,8395424,0,52,0,255,0,0,0,0,0
1415,3905,3,8327224,8395424,17,0,0,255,0,0,0,0,3
1416,3906,1,8327224,8395940,0,0,0,0,255,0,1,0,0
1416,3907,2,8327224,8395424,0,62,0,255,0,0,0,0,0
1416,3908,3,8327224,8395424,17,0,0,255,0,0,0,0,3
1417,3909,1,8327224,8395940,0,0,0,0,255,0,1,0,0
1417,3910,2,8327224,8395424,0,73,0,255,0,0,0,0,0
1417,3911,3,8327224,8395424,17,0,0,255,0,0,0,0,3
1418,3912,1,8327224,8395940,0,0,0,0,255,0,1,0,0
1418,3913,2,8327224,8395424,0,77,0,255,0,0,0,0,0
1418,3914,3,8327224,8395424,17,0,0,255,0,0,0,0,3
1419,3915,1,8327224,8395940,0,0,0,0,255,0,1,0,0
1419,3916,2,8327224,8395424,0,88,0,255,0,0,0,0,0
1419,3917,3,8327224,8395424,16,0,0,255,0,0,0,0,3
1420,3918,1,8327224,8395940,0,0,0,0,255,0,1,0,0
1420,3919,2,8327224,8395424,0,98,0,255,0,0,0,0,0
1420,3920,3,8327224,8395424,16,0,0,255,0,0,0,0,3
1421,3921,1,8327224,8395940,0,0,0,0,255,0,1,0,0
1421,3922,2,8327224,8395424,0,112,0,255,0,0,0,0,0
1421,3923,3,8327224,8395424,15,0,0,255,0,0,0,0,3
1422,3924,1,8327224,8395940,0,0,0,0,255,0,1,0,0
1422,3925,2,8327224,8395424,0,127,0,255,0,0,0,0,0
1422,3926,3,8327224,8395424,15,0,0,255,0,0,0,0,3
1423,3927,1,8327224,8395940,0,0,0,0,255,0,1,0,0
1423,3928,2,8327224,8395424,0,144,0,255,0,0,0,0,0
1423,3929,3,8327224,8395424,14,0,0,255,0,0,0,0,3
1424,3930,1,8327224,8395940,0,0,0,0,255,0,1,0,0
1424,3931,2,8327224,8395424,0,150,0,255,0,0,0,0,0
1424,3932,3,8327224,8395424,14,0,0,255,0,0,0,0,3
1425,3933,1,8327224,8395940,0,0,0,0,255,0,1,0,0
1425,3934,2,8327224,8395424,0,168,0,255,0,0,0,0,0
1425,3935,3,8327224,8395424,13,0,0,255,0,0,0,0,3
1426,3936,1,8327224,8395940,0,0,0,0,255,0,1,0,0
1426,3937,2,8327224,8395424,0,189,0,255,0,0,0,0,0
1426,3938,3,8327224,8395424,13,0,0,255,0,0,0,0,3
1427,3939,1,8327224,8395940,0,0,0,0,255,0,1,0,0
1427,3940,2,8327224,8395424,0,212,0,255,0,0,0,0,0
1427,3941,3,8327224,8395424,12,0,0,255,0,0,0,0,3
1428,3942,1,8327224,8395940,0,0,0,0,255,0,1,0,0
1428,3943,2,8327224,8395424,0,238,0,255,0,0,0,0,0
1428,3944,3,8327224,8395424,77,0,0,255,0,0,0,0,3
1429,3945,1,8327224,8395940,0,0,0,0,255,0,1,0,0
1429,3946,2,8327224,8395424,0,255,0,255,0,0,0,0,0
1429,3947,3,8327224,8395424,77,0,0,255,0,0,0,0,3
1430,3948,1,8327224,8395940,0,0,0,0,255,0,1,0,0
1430,3949,2,8327224,8395424,0,255,0,255,0,0,0,0,0
1430,3950,3,8327224,8395424,6,0,0,255,0,0,0,0,3
1431,3951,1,8327224,8395940,0,0,0,0,255,0,1,0,0
1431,3952,2,8327224,8395424,0,255,0,255,0,0,0,0,0
1431,3953,3,8327224,8395424,5,0,0,255,0,0,0,0,3
1432,3954,1,8327224,8395940,0,0,0,0,255,0,1,0,0
1432,3955,2,8327224,8395424,0,255,0,255,0,0,0,0,0
1432,3956,3,8327224,8395424,5,0,0,255,0,0,0,0,3
1433,3957,1,8327224,8395940,0,0,0,0,255,0,1,0,0
1433,3958,2,8327224,8395424,0,255,0,255,0,0,0,0,0
1433,3959,3,8327224,8395424,73,0,0,255,0,0,0,0,3
1434,3960,1,8327224,8395940,0,0,0,0,255,0,1,0,0
1434,3961,2,8327224,8395424,0,255,0,255,0,0,0,0,0
1434,3962,3,8327224,8395424,73,0,0,255,0,0,0,0,3
1435,3963,1,8327224,8395940,0,0,0,0,255,0,1,0,0
1435,3964,2,8327224,8395424,0,255,0,255,0,0,0,0,0
1435,3965,3,8327224,8395424,72,0,0,255,0,0,0,0,3
1436,3966,1,8327224,8395940,0,0,0,0,255,0,1,0,0
1436,3967,2,8327224,8395424,0,255,0,255,0,0,0,0,0
1436,3968,3,8327224,8395424,255,0,0,255,255,0,0,0,3
1437,3969,1,8327224,8395940,0,0,0,0,255,0,1,0,0
1437,3970,2,8327224,8395424,0,255,0,255,0,0,0,0,0
1437,3971,3,8327224,8395424,126,0,0,255,0,0,0,0,3
1438,3972,1,8327224,8395940,0,0,0,0,255,0,1,0,0
1438,3973,2,8327224,8395424,0,255,0,0,255,0,0,0,0
1438,3974,3,8327224,8395424,94,0,0,255,0,0,0,0,3
1439,3975,1,8327224,8395940,0,0,0,0,255,0,1,0,0
1439,3976,2,8327224,8395424,0,255,0,0,255,0,0,0,0
1439,3977,3,8327224,8395424,241,0,0,255,0,0,0,0,0
1440,3978,1,8327224,8395940,0,0,0,0,255,0,1,0,0
1440,3979,2,8327224,8395424,0,255,0,255,255,0,0,0,0
1440,3980,3,8327224,8395424,163,0,0,255,0,0,0,0,0
1441,3981,1,8327224,8395940,0,0,0,0,255,0,1,0,0
1441,3982,2,8327224,8395424,0,255,0,255,255,0,0,0,0
1441,3983,3,8327224,8395424,104,0,0,255,0,0,0,0,0
1442,3984,1,8327224,8395940,0,0,0,0,255,0,1,0,0
1442,3985,2,8327224,8395424,0,255,0,255,255,0,0,0,0
1442,3986,3,8327224,8395424,61,0,0,255,0,0,0,0,0
1443,3987,1,8327224,8395940,0,0,0,0,255,0,1,0,0
1443,3988,2,8327224,8395424,0,255,0,255,255,0,0,0,0
1443,3989,3,8327224,8395424,0,0,0,255,0,0,0,0,0
1444,3990,1,8327224,8395940,0,0,0,0,255,0,1,0,0
1444,3991,2,8327224,8395424,0,255,0,255,255,0,0,0,0
1444,3992,3,8327224,8395424,0,0,0,255,0,0,0,0,0
1445,3993,1,8327224,8395940,0,0,0,0,255,0,1,0,0
1445,3994,2,8327224,8395424,0,255,0,255,255,0,0,0,0
1445,3995,3,8327224,8395424,15,0,0,255,0,0,0,0,0
1446,3996,1,8327224,8395940,0,0,0,0,255,0,1,0,0
1446,3997,2,8327224,8395424,0,255,0,255,255,0,0,0,0
1446,3998,3,8327224,8395424,0,98,0,255,0,0,0,0,0
1447,3999,1,8327224,8395940,0,0,0,0,255,0,1,0,0
1447,4000,2,8327224,8395424,0,255,0,255,255,0,0,0,0
1447,4001,3,8327224,8395424,0,84,0,255,0,0,0,0,0
1448,4002,1,8327224,8395940,0,0,0,0,255,0,1,0,0
1448,4003,2,8327224,8395424,0,255,0,255,255,0,0,0,0
1448,4004,3,8327224,8395424,0,80,0,255,0,0,0,0,0
1449,4005,1,8327224,8395940,0,0,0,0,255,0,1,0,0
1449,4006,2,8327224,8395424,0,255,0,255,255,0,0,0,0
1449,4007,3,8327224,8395424,0,75,0,255,0,0,0,0,0
1450,4008,1,8327224,8395940,0,0,0,0,255,0,1,0,0
1450,4009,2,8327224,8395424,0,255,0,255,255,0,0,0,0
1450,4010,3,8327224,8395424,0,74,0,255,0,0,0,0,0
1451,4011,1,8327224,8395940,0,0,0,0,255,0,1,0,0
1451,4012,2,8327224,8395424,0,255,0,255,255,0,0,0,0
1451,4013,3,8327224,8395424,0,78,0,255,0,0,0,0,0
1452,4014,1,8327224,8395940,0,0,0,0,255,0,1,0,0
1452,4015,2,8327224,8395424,0,255,0,255,255,0,0,0,0
1452,4016,3,8327224,8395424,0,180,0,255,0,0,0,0,0
1453,4017,1,8327224,8395940,0,0,0,0,255,0,1,0,0
1453,4018,2,8327224,8395424,0,255,0,255,255,0,0,0,0
1453,4019,3,8327224,8395424,0,143,0,255,0,0,0,0,0
1454,4020,1,8327224,8395940,0,0,0,0,255,0,1,0,0
1454,4021,2,8327224,8395424,0,255,0,255,255,0,0,0,0
1454,4022,3,8327224,8395424,0,121,0,255,0,0,0,0,0
1455,4023,1,8327224,8395940,0,0,0,0,255,0,1,0,0
1455,4024,2,8327224,8395424,0,255,0,255,255,0,0,0,0
1455,4025,3,8327224,8395424,0,106,0,255,0,0,0,0,0
1456,4026,1,8327224,8395940,0,0,0,0,255,0,1,0,0
1456,4027,2,8327224,8395424,0,255,0,255,255,0,0,0,0
1456,4028,3,8327224,8395424,0,99,0,255,0,0,0,0,0
1457,4029,1,8327224,8395940,0,0,0,0,255,0,1,0,0
1457,4030,2,8327224,8395424,0,255,0,255,255,0,0,0,0
1457,4031,3,8327224,8395424,0,96,0,255,0,0,0,0,0
1458,4032,1,8327224,8395940,0,0,0,0,255,0,1,0,0
1458,4033,2,8327224,8395424,0,255,0,255,255,0,0,0,0
1458,4034,3,8327224,8395424,0,97,0,255,0,0,0,0,0
1459,4035,1,8327224,8395940,0,0,0,0,255,0,1,0,0
1459,4036,2,8327224,8395424,0,255,0,255,255,0,0,0,0
1459,4037,3,8327224,8395424,0,97,0,255,0,0,0,0,0
1460,4038,1,8327224,8395940,0,0,0,0,255,0,1,0,0
1460,4039,2,8327224,8395424,0,255,0,255,255,0,0,0,0
1460,4040,3,8327224,8395424,0,94,0,255,0,0,0,0,0
1461,4041,1,8327224,8395940,0,0,0,0,255,0,1,0,0
1461,4042,2,8327224,8395424,0,255,0,255,255,0,0,0,0
1461,4043,3,8327224,8395424,0,97,0,255,0,0,0,0,0
1462,4044,1,8327224,8395940,0,0,0,0,255,0,1,0,0
1462,4045,2,8327224,8395424,0,255,0,255,255,0,0,0,0
1462,4046,3,8327224,8395424,0,99,0,255,0,0,0,0,0
1463,4047,1,8327224,8395940,0,0,0,0,255,0,1,0,0
1463,4048,2,8327224,8395424,0,255,0,255,255,0,0,0,0
1463,4049,3,8327224,8395424,0,0,0,255,0,0,0,0,0
1464,4050,1,8327224,8395940,0,0,0,0,255,0,1,0,0
1464,4051,2,8327224,8395424,0,255,0,255,255,0,0,0,0
1464,4052,3,8327224,8395424,0,0,0,255,0,0,0,0,0
1465,4053,1,8327224,8395940,0,0,0,0,255,0,1,0,0
1465,4054,2,8327224,8395424,0,255,0,255,255,0,0,0,0
1465,4055,3,8327224,8395424,0,0,0,255,0,0,0,0,0
1466,4056,1,8327224,8395940,0,0,0,0,255,0,1,0,0
1466,4057,2,8327224,8395424,0,255,0,255,255,0,0,0,0
1466,4058,3,8327224,8395424,71,0,0,255,0,0,0,0,0
1467,4059,1,8327224,8395940,0,0,0,0,255,0,1,0,0
1467,4060,2,8327224,8395424,0,255,0,255,255,0,0,0,0
1467,4061,3,8327224,8395424,0,0,0,255,0,0,0,0,0
1468,4062,1,8327224,8395940,0,0,0,0,255,0,1,0,0
1468,4063,2,8327224,8395424,0,255,0,255,255,0,0,0,0
1468,4064,3,8327224,8395424,0,0,0,255,0,0,0,0,0
1469,4065,1,8327224,8395940,0,0,0,0,255,0,1,0,0
1469,4066,2,8327224,8395424,0,255,0,255,255,0,0,0,0
1469,4067,3,8327224,8395424,17,0,0,255,0,0,0,0,0
1470,4068,1,8327224,8395940,0,0,0,0,255,0,1,0,0
1470,4069,2,8327224,8395424,0,255,0,255,255,0,0,0,0
1470,4070,3,8327224,8395424,0,0,0,255,0,0,0,0,0
1471,4071,1,8327224,8395940,0,0,0,0,255,0,1,0,0
1471,4072,2,8327224,8395424,0,255,0,255,255,0,0,0,0
1471,4073,3,8327224,8395424,0,51,0,255,0,0,0,0,0
1472,4074,1,8327224,8395940,0,0,0,0,255,0,1,0,0
1472,4075,2,8327224,8395424,0,255,0,255,255,0,0,0,0
1472,4076,3,8327224,8395424,0,95,0,255,0,0,0,0,0
1473,4077,1,8327224,8395940,0,0,0,0,255,0,1,0,0
1473,4078,2,8327224,8395424,0,255,0,255,255,0,0,0,0
1473,4079,3,8327224,8395424,0,126,0,255,0,0,0,0,0
1474,4080,1,8327224,8395940,0,0,0,0,255,0,1,0,0
1474,4081,2,8327224,8395424,0,255,0,255,255,0,0,0,0
1474,4082,3,8327224,8395424,0,255,0,255,0,0,0,0,0
1475,4083,1,8327224,8395940,0,0,0,0,255,0,1,0,0
1475,4084,2,8327224,8395424,0,255,0,255,255,0,0,0,0
1475,4085,3,8327224,8395424,0,255,0,255,0,0,0,0,0
1476,4086,1,8327224,8395940,0,0,0,0,255,0,1,0,0
1476,4087,2,8327224,8395424,0,255,0,255,255,0,0,0,0
1476,4088,3,8327224,8395424,0,255,0,255,0,0,0,0,0
1477,4089,1,8327224,8395940,0,0,0,0,255,0,1,0,0
1477,4090,2,8327224,8395424,0,255,0,255,255,0,0,0,0
1477,4091,3,8327224,8395424,0,255,0,255,0,0,0,0,0
1478,4092,1,8327224,8395940,0,0,0,0,255,0,1,0,0
1478,4093,2,8327224,8395424,0,255,0,255,255,0,0,0,0
1478,4094,3,8327224,8395424,0,255,0,255,0,0,0,0,0
1479,4095,1,8327224,8395940,0,0,0,0,255,0,1,0,0
1479,4096,2,8327224,8395424,0,255,0,255,255,0,0,0,0
1479,4097,3,8327224,8395424,0,255,0,255,0,0,0,0,0
1480,4098,1,8327224,8395940,0,0,0,0,255,0,1,0,0
1480,4099,2,8327224,8395424,0,255,0,255,255,0,0,0,0
1480,4100,3,8327224,8395424,0,255,0,255,0,0,0,0,0
1481,4101,1,8327224,8395940,0,0,0,0,255,0,1,0,0
1481,4102,2,8327224,8395424,0,255,0,255,255,0,0,0,0
1481,4103,3,8327224,8395424,0,255,0,255,0,0,0,0,0
1482,4104,1,8327224,8395940,0,0,0,0,255,0,1,0,0
1482,4105,2,8327224,8395424,0,255,0,255,255,0,0,0,0
1482,4106,3,8327224,8395424,0,255,0,255,0,0,0,0,0
1483,4107,1,8327224,8395940,0,0,0,0,255,0,1,0,0
1483,4108,2,8327224,8395424,0,255,0,255,255,0,0,0,0
1483,4109,3,8327224,8395424,0,255,0,255,0,0,0,0,0
1484,4110,1,8327224,8395940,0,0,0,0,255,0,1,0,0
1484,4111,2,8327224,8395424,0,255,0,255,255,0,0,0,0
1484,4112,3,8327224,8395424,0,124,0,255,0,0,0,0,0
1485,4113,1,8327224,8395940,0,0,0,0,255,0,1,0,0
1485,4114,2,8327224,8395424,0,0,0,0,255,0,0,0,0
1485,4115,3,8327224,8395424,0,137,0,255,0,0,0,0,0
1486,4116,1,8327224,8395940,0,0,0,0,255,0,1,0,0
1486,4117,2,8327224,8395424,0,0,0,0,255,0,0,0,0
1486,4118,3,8327224,8395424,0,144,0,255,0,0,0,0,0
1487,4119,1,8327224,8395940,0,0,0,0,255,0,1,0,0
1487,4120,2,8327224,8395424,0,0,0,0,255,0,0,0,0
1487,4121,3,8327224,8395424,0,53,0,255,0,0,0,0,0
1488,4122,1,8327224,8395940,0,0,0,0,255,0,1,0,0
1488,4123,2,8327224,8395424,0,0,0,0,255,0,0,0,0
1488,4124,3,8327224,8395424,0,92,0,255,0,0,0,0,0
1489,4125,1,8327224,8395940,0,0,0,0,255,0,1,0,0
1489,4126,2,8327224,8395424,0,0,0,0,255,0,0,0,0
1489,4127,3,8327224,8395424,0,113,0,255,0,0,0,0,0
1490,4128,1,8327224,8395940,0,0,0,0,255,0,1,0,0
1490,4129,2,8327224,8395424,0,255,0,255,255,0,0,0,3
1490,4130,3,8327224,8395424,0,125,0,255,0,0,0,0,0
1491,4131,1,8327224,8395940,0,0,0,0,255,0,1,0,0
1491,4132,2,8327224,8395424,0,255,0,255,255,0,0,0,3
1491,4133,3,8327224,8395424,0,42,0,255,0,0,0,0,0
1492,4134,1,8327224,8395940,0,0,0,0,255,0,1,1440,0
1492,4135,2,8327224,8395424,0,255,0,255,255,0,0,1440,3
1492,4136,3,8327224,8395424,0,77,0,255,0,0,0,0,0
1493,4137,1,8327224,8395940,0,0,0,0,255,0,1,1440,0
1493,4138,2,8327224,8395424,0,0,0,0,255,0,0,1440,3
1493,4139,3,8327224,8395424,0,99,0,255,0,0,0,0,0
1494,4140,1,8327224,8395940,0,0,0,0,255,0,1,1390,0
1494,4141,2,8327224,8395424,0,0,0,0,255,0,0,1390,3
1494,4142,3,8327224,8395424,0,110,0,255,0,0,0,0,0
1495,4143,1,8327224,8395940,0,0,0,0,255,0,1,1340,0
1495,4144,2,8327224,8395424,0,0,0,0,255,0,0,1340,3
1495,4145,3,8327224,8395424,0,118,0,255,0,0,0,0,0
1496,4146,1,8327224,8395940,0,0,0,0,255,0,1,1290,0
1496,4147,2,8327224,8395424,0,0,0,0,255,0,0,1290,3
1496,4148,3,8327224,8395424,0,125,0,255,0,0,0,0,0
1497,4149,1,8327224,8395940,0,0,0,0,255,0,1,1240,0
1497,4150,2,8327224,8395424,0,0,0,0,255,0,0,1240,3
1497,4151,3,8327224,8395424,0,43,0,255,0,0,0,0,0
1498,4152,1,8327224,8395940,0,0,0,0,255,0,1,1190,0
1498,4153,2,8327224,8395424,0,0,0,0,255,0,0,1190,3
1498,4154,3,8327224,8395424,0,75,0,255,0,0,0,0,0
1499,4155,1,8327224,8395940,0,255,0,255,255,0,1,1140,0
1499,4156,2,8327224,8395424,0,0,0,0,255,0,0,1140,3
1499,4157,3,8327224,8395424,0,89,0,255,0,0,0,0,0
1500,4158,1,8327224,8395940,0,255,0,255,255,0,1,1090,0
1500,4159,2,8327224,8395424,0,0,0,0,255,0,0,1090,3
1500,4160,3,8327224,8395424,0,97,0,255,0,0,0,0,0
1501,4161,1,8327224,8395940,0,255,0,255,255,0,1,1040,0
1501,4162,2,8327224,8395424,0,0,0,0,255,0,0,1040,3
1501,4163,3,8327224,8395424,0,110,0,255,0,0,0,0,0
1502,4164,1,8327224,8395940,0,255,0,255,255,0,1,990,0
1502,4165,2,8327224,8395424,0,0,0,0,255,0,0,990,3
1502,4166,3,8327224,8395424,0,126,0,255,0,0,0,0,0
1503,4167,1,8327224,8395940,0,255,0,255,255,0,1,940,0
1503,4168,2,8327224,8395424,0,0,0,0,255,0,0,940,3
1503,4169,3,8327224,8395424,0,0,0,255,0,0,0,0,0
1504,4170,1,8327224,8395940,0,255,0,255,255,0,1,890,0
1504,4171,2,8327224,8395424,0,0,0,0,255,0,0,890,3
1504,4172,3,8327224,8395424,0,47,0,255,0,0,0,0,0
1505,4173,1,8327224,8395940,0,255,0,255,255,0,1,840,0
1505,4174,2,8327224,8395424,0,0,0,0,255,0,0,840,3
1505,4175,3,8327224,8395424,0,79,0,255,0,0,0,0,0
1506,4176,1,8327224,8395940,0,255,0,255,255,0,1,790,0
1506,4177,2,8327224,8395424,0,0,0,0,255,0,0,790,3
1506,4178,3,8327224,8395424,0,94,0,255,0,0,0,0,0
1507,4179,1,8327224,8395940,0,255,0,255,255,0,1,740,0
1507,4180,2,8327224,8395424,0,0,0,0,255,0,0,740,3
1507,4181,3,8327224,8395424,0,106,0,255,0,0,0,0,0
1508,4182,1,8327224,8395940,0,255,0,255,255,0,1,690,0
1508,4183,2,8327224,8395424,0,0,0,0,255,0,0,690,3
1508,4184,3,8327224,8395424,0,0,0,255,0,0,0,0,0
1509,4185,1,8327224,8395940,0,255,0,255,255,0,1,640,0
1509,4186,2,8327224,8395424,0,0,0,0,255,0,0,640,3
1509,4187,3,8327224,8395424,0,0,0,255,0,0,0,0,0
1510,4188,1,8327224,8395940,0,255,0,255,255,0,1,590,0
1510,4189,2,8327224,8395424,0,0,0,0,255,0,0,590,3
1510,4190,3,8327224,8395424,0,38,0,255,0,0,0,0,0
1511,4191,1,8327224,8395940,0,255,0,255,255,0,1,540,0
1511,4192,2,8327224,8395424,0,0,0,0,255,0,0,540,3
1511,4193,3,8327224,8395424,0,73,0,255,0,0,0,0,0
1512,4194,1,8327224,8395940,0,255,0,255,255,0,1,490,0
1512,4195,2,8327224,8395424,0,0,0,0,255,0,0,490,3
1512,4196,3,8327224,8395424,0,102,0,255,0,0,0,0,0
1513,4197,1,8327224,8399036,0,255,0,102,255,2,1,440,0
1513,4198,2,8327224,8398520,0,0,0,0,255,2,0,440,3
1513,4199,3,8327224,8398520,0,76,0,102,0,2,0,0,0
1514,4200,1,8327224,8399036,0,255,0,102,255,2,1,390,0
1514,4201,2,8327224,8398520,0,0,0,0,255,2,0,390,3
1514,4202,3,8327224,8398520,0,51,0,102,0,2,0,0,0
1515,4203,1,8327224,8399036,0,255,0,102,255,2,1,340,0
1515,4204,2,8327224,8398520,0,0,0,0,255,2,0,340,3
1515,4205,3,8327224,8398520,0,25,0,102,0,2,0,0,0
1516,4206,1,8327224,8399036,0,255,0,102,255,2,1,290,0
1516,4207,2,8327224,8398520,0,0,0,0,255,2,0,290,3
1516,4208,3,8327224,8398520,255,0,0,102,0,2,0,0,0
1517,4209,1,8327224,8399036,0,255,0,102,255,2,1,240,0
1517,4210,2,8327224,8398520,0,0,0,0,255,2,0,240,3
1517,4211,3,8327224,8398520,255,0,0,102,0,2,0,0,0
1518,4212,1,8327224,8399036,0,255,0,102,255,2,1,190,0
1518,4213,2,8327224,8398520,0,255,0,102,255,2,0,190,0
1518,4214,3,8327224,8398520,226,0,0,102,0,2,0,0,0
1519,4215,1,8327224,8399036,0,255,0,102,255,2,1,140,0
1519,4216,2,8327224,8398520,0,255,0,102,255,2,0,140,0
1519,4217,3,8327224,8398520,103,0,0,102,0,2,0,0,0
1520,4218,1,8327224,8399036,0,255,0,102,255,2,1,90,0
1520,4219,2,8327224,8398520,0,0,0,0,255,2,0,90,0
1520,4220,3,8327224,8398520,141,0,0,102,0,2,0,0,0
1521,4221,1,8327224,8399036,0,255,0,102,255,2,1,1440,0
1521,4222,2,8327224,8398520,0,0,0,0,255,2,0,1440,0
1521,4223,3,8327224,8398520,48,0,0,102,0,2,0,0,0
1522,4224,1,8327224,8399036,0,255,0,102,255,2,1,1390,0
1522,4225,2,8327224,8398520,0,0,0,0,255,2,0,1390,0
1522,4226,3,8327224,8398520,0,0,0,102,0,2,0,0,0
1523,4227,1,8327224,8399036,0,255,0,102,255,2,1,1340,0
1523,4228,2,8327224,8398520,0,0,0,0,255,2,0,1340,0
1523,4229,3,8327224,8398520,24,0,0,102,0,2,0,0,0
1524,4230,1,8327224,8399036,0,255,0,102,255,2,1,1290,0
1524,4231,2,8327224,8398520,0,0,0,0,255,2,0,1290,0
1524,4232,3,8327224,8398520,12,0,0,102,0,2,0,0,0
1525,4233,1,8327224,8399036,0,255,0,102,255,2,1,1440,0
1525,4234,2,8327224,8398520,0,0,0,0,255,2,0,1440,0
1525,4235,3,8327224,8398520,0,48,0,102,0,2,0,0,0
1526,4236,1,8327224,8399036,0,255,0,102,255,2,1,1440,0
1526,4237,2,8327224,8398520,0,0,0,0,255,2,0,1440,0
1526,4238,3,8327224,8398520,0,255,0,102,0,2,0,0,0
1527,4239,1,8327224,8399036,0,255,0,102,255,2,1,1390,0
1527,4240,2,8327224,8398520,0,255,0,102,255,2,0,1390,3
1527,4241,3,8327224,8398520,0,255,0,0,255,2,0,0,0
1528,4242,1,8327224,8399036,0,255,0,102,255,2,1,1340,0
1528,4243,2,8327224,8398520,0,255,0,102,255,2,0,1340,3
1528,4244,3,8327224,8398520,0,255,0,102,0,2,0,0,0
1529,4245,1,8327224,8399036,0,255,0,102,255,2,1,1290,0
1529,4246,2,8327224,8398520,0,255,0,102,255,2,0,1290,3
1529,4247,3,8327224,8398520,0,255,0,102,0,2,0,0,0
1530,4248,1,8327224,8399036,0,255,0,102,255,2,1,1240,0
1530,4249,2,8327224,8398520,0,255,0,102,255,2,0,1240,3
1530,4250,3,8327224,8398520,0,255,0,102,0,2,0,0,0
1531,4251,1,8327224,8399036,0,255,0,102,255,2,1,1190,0
1531,4252,2,8327224,8398520,0,255,0,102,255,2,0,1190,3
1531,4253,3,8327224,8398520,0,255,0,102,0,2,0,0,0
1532,4254,1,8327224,8399036,0,255,0,102,255,2,1,1140,0
1532,4255,2,8327224,8398520,0,255,0,102,255,2,0,1140,3
1532,4256,3,8327224,8398520,0,255,0,102,0,2,0,0,0
1533,4257,1,8327224,8399036,0,255,0,102,255,2,1,1090,0
1533,4258,2,8327224,8398520,0,255,0,102,255,2,0,1090,3
1533,4259,3,8327224,8398520,0,255,0,102,0,2,0,0,0
1534,4260,1,8327224,8399036,0,255,0,102,255,2,1,1040,0
1534,4261,2,8327224,8398520,0,255,0,102,255,2,0,1040,3
1534,4262,3,8327224,8398520,0,255,0,102,0,2,0,0,0
1535,4263,1,8327224,8399036,0,191,0,102,0,2,1,990,3
1535,4264,2,8327224,8398520,0,255,0,102,0,2,0,990,0
1535,4265,3,8327224,8398520,0,255,0,102,0,2,0,0,0
1536,4266,1,8327224,8399036,0,127,0,0,255,2,1,940,3
1536,4267,2,8327224,8398520,0,255,0,102,0,2,0,940,0
1536,4268,3,8327224,8398520,0,255,0,102,0,2,0,0,0
1537,4269,1,8327224,8399036,0,63,0,102,0,2,1,890,3
1537,4270,2,8327224,8398520,0,255,0,102,0,2,0,890,0
1537,4271,3,8327224,8398520,0,255,0,102,0,2,0,0,0
1538,4272,1,8327224,8399036,56,0,0,102,0,2,1,840,3
1538,4273,2,8327224,8398520,0,255,0,102,0,2,0,840,0
1538,4274,3,8327224,8398520,0,255,0,102,0,2,0,0,0
1539,4275,1,8327224,8399036,63,0,0,102,0,2,1,790,3
1539,4276,2,8327224,8398520,0,251,0,102,0,2,0,790,0
1539,4277,3,8327224,8398520,0,255,0,102,0,2,0,0,0
1540,4278,1,8327224,8399036,70,0,0,102,0,2,1,740,3
1540,4279,2,8327224,8398520,0,221,0,102,0,2,0,740,0
1540,4280,3,8327224,8398520,0,255,0,102,0,2,0,0,0
1541,4281,1,8327224,8399036,78,0,0,102,0,2,1,690,3
1541,4282,2,8327224,8398520,0,186,0,102,0,2,0,690,0
1541,4283,3,8327224,8398520,0,255,0,102,0,2,0,0,0
1542,4284,1,8327224,8399036,86,0,0,102,0,2,1,640,3
1542,4285,2,8327224,8398520,0,153,0,102,0,2,0,640,0
1542,4286,3,8327224,8398520,0,255,0,102,0,2,0,0,0
1543,4287,1,8327224,8399036,95,0,0,102,0,2,1,590,3
1543,4288,2,8327224,8398520,0,119,0,102,0,2,0,590,0
1543,4289,3,8327224,8398520,0,255,0,102,0,2,0,0,0
1544,4290,1,8327224,8399036,104,0,0,102,0,2,1,540,3
1544,4291,2,8327224,8398520,0,85,0,102,0,2,0,540,0
1544,4292,3,8327224,8398520,0,255,0,102,0,2,0,0,0
1545,4293,1,8327224,8399036,113,0,0,102,0,2,1,490,3
1545,4294,2,8327224,8398520,0,50,0,102,0,2,0,490,0
1545,4295,3,8327224,8398520,0,255,0,102,0,2,0,0,0
1546,4296,1,8327224,8399036,255,0,0,102,255,2,1,440,3
1546,4297,2,8327224,8398520,0,0,0,102,0,2,0,440,0
1546,4298,3,8327224,8398520,0,255,0,102,0,2,0,0,0
1547,4299,1,8327224,8399036,255,0,0,102,255,2,1,390,3
1547,4300,2,8327224,8398520,0,25,0,102,0,2,0,390,0
1547,4301,3,8327224,8398520,0,255,0,102,0,2,0,0,0
1548,4302,1,8327224,8399036,255,0,0,102,255,2,1,340,3
1548,4303,2,8327224,8398520,0,12,0,102,0,2,0,340,0
1548,4304,3,8327224,8398520,0,224,0,102,0,2,0,0,0
1549,4305,1,8327224,8399036,255,0,0,102,255,2,1,290,3
1549,4306,2,8327224,8398520,95,0,0,102,0,2,0,290,0
1549,4307,3,8327224,8398520,0,191,0,102,0,2,0,0,0
1550,4308,1,8327224,8399036,255,0,0,102,255,2,1,240,3
1550,4309,2,8327224,8398520,124,0,0,102,0,2,0,240,0
1550,4310,3,8327224,8398520,0,165,0,102,0,2,0,0,0
1551,4311,1,8327224,8399036,255,0,0,102,255,2,1,190,3
1551,4312,2,8327224,8398520,150,0,0,102,0,2,0,190,0
1551,4313,3,8327224,8398520,0,144,0,102,0,2,0,0,0
1552,4314,1,8327224,8399036,255,0,0,102,255,2,1,1440,3
1552,4315,2,8327224,8398520,180,0,0,102,0,2,0,1440,0
1552,4316,3,8327224,8398520,0,127,0,102,0,2,0,0,0
1553,4317,1,8327224,8399036,255,0,0,102,255,2,1,1390,3
1553,4318,2,8327224,8398520,221,0,0,102,0,2,0,1390,0
1553,4319,3,8327224,8398520,0,114,0,102,0,2,0,0,0
1554,4320,1,8327224,8399036,255,0,0,102,255,2,1,1340,3
1554,4321,2,8327224,8398520,254,0,0,102,0,2,0,1340,0
1554,4322,3,8327224,8398520,0,102,0,102,0,2,0,0,0
1555,4323,1,8327224,8399036,255,0,0,102,255,2,1,1290,3
1555,4324,2,8327224,8398520,255,0,0,102,0,2,0,1290,0
1555,4325,3,8327224,8398520,0,92,0,102,0,2,0,0,0
1556,4326,1,8327224,8399036,255,0,0,102,255,2,1,1240,3
1556,4327,2,8327224,8398520,255,0,0,102,0,2,0,1240,0
1556,4328,3,8327224,8398520,0,84,0,102,0,2,0,0,0
1557,4329,1,8327224,8399036,255,0,0,102,255,2,1,1190,3
1557,4330,2,8327224,8398520,255,0,0,102,0,2,0,1190,0
1557,4331,3,8327224,8398520,0,76,0,102,0,2,0,0,0
1558,4332,1,8327224,8399036,0,0,0,0,255,2,1,1140,3
1558,4333,2,8327224,8398520,255,0,0,102,0,2,0,1140,0
1558,4334,3,8327224,8398520,0,70,0,102,0,2,0,0,0
1559,4335,1,8327224,8399036,0,0,0,0,255,2,1,1090,3
1559,4336,2,8327224,8398520,255,0,0,102,0,2,0,1090,0
1559,4337,3,8327224,8398520,0,60,0,102,0,2,0,0,0
1560,4338,1,8327224,8399036,0,0,0,0,255,2,1,1040,3
1560,4339,2,8327224,8398520,255,0,0,102,0,2,0,1040,0
1560,4340,3,8327224,8398520,0,58,0,102,0,2,0,0,0
1561,4341,1,8327224,8399036,0,0,0,0,255,2,1,990,3
1561,4342,2,8327224,8398520,255,0,0,102,0,2,0,990,0
1561,4343,3,8327224,8398520,0,56,0,102,0,2,0,0,0
1562,4344,1,8327224,8399036,0,0,0,0,255,2,1,940,3
1562,4345,2,8327224,8398520,255,0,0,0,255,2,0,940,0
1562,4346,3,8327224,8398520,0,55,0,102,0,2,0,0,0
1563,4347,1,8327224,8399036,0,0,0,0,255,2,1,890,3
1563,4348,2,8327224,8398520,255,0,0,0,255,2,0,890,0
1563,4349,3,8327224,8398520,0,50,0,102,0,2,0,0,0
1564,4350,1,8327224,8399036,0,0,0,0,255,2,1,840,3
1564,4351,2,8327224,8398520,255,0,0,102,255,2,0,840,0
1564,4352,3,8327224,8398520,0,50,0,102,0,2,0,0,0
1565,4353,1,8327224,8399036,0,0,0,0,255,2,1,790,3
1565,4354,2,8327224,8398520,255,0,0,102,255,2,0,790,0
1565,4355,3,8327224,8398520,0,48,0,102,0,2,0,0,0
1566,4356,1,8327224,8399036,0,0,0,0,255,2,1,740,3
1566,4357,2,8327224,8398520,255,0,0,102,255,2,0,740,0
1566,4358,3,8327224,8398520,0,48,0,102,0,2,0,0,0
1567,4359,1,8327224,8399036,0,0,0,0,255,2,1,690,3
1567,4360,2,8327224,8398520,255,0,0,102,255,2,0,690,0
1567,4361,3,8327224,8398520,0,43,0,102,0,2,0,0,0
1568,4362,1,8327224,8399036,0,0,0,0,255,2,1,640,3
1568,4363,2,8327224,8398520,255,0,0,102,255,2,0,640,0
1568,4364,3,8327224,8398520,0,43,0,102,0,2,0,0,0
1569,4365,1,8327224,8399036,0,0,0,0,255,2,1,590,3
1569,4366,2,8327224,8398520,236,0,0,102,0,2,0,590,0
1569,4367,3,8327224,8398520,0,42,0,102,0,2,0,0,0
1570,4368,1,8327224,8399036,0,0,0,0,255,2,1,540,3
1570,4369,2,8327224,8398520,242,0,0,102,0,2,0,540,0
1570,4370,3,8327224,8398520,0,38,0,102,0,2,0,0,0
1571,4371,1,8327224,8399036,0,0,0,0,255,2,1,490,3
1571,4372,2,8327224,8398520,246,0,0,102,0,2,0,490,0
1571,4373,3,8327224,8398520,0,37,0,102,0,2,0,0,0
1572,4374,1,8327224,8399036,0,0,0,0,255,2,1,440,3
1572,4375,2,8327224,8398520,248,0,0,102,0,2,0,440,0
1572,4376,3,8327224,8398520,0,37,0,102,0,2,0,0,0
1573,4377,1,8327224,8399036,0,0,0,0,255,2,1,390,3
1573,4378,2,8327224,8398520,251,0,0,102,0,2,0,390,0
1573,4379,3,8327224,8398520,0,33,0,102,0,2,0,0,0
1574,4380,1,8327224,8399036,0,0,0,0,255,2,1,340,3
1574,4381,2,8327224,8398520,252,0,0,102,0,2,0,340,0
1574,4382,3,8327224,8398520,0,33,0,102,0,2,0,0,0
1575,4383,1,8327224,8399036,0,0,0,0,255,2,1,290,3
1575,4384,2,8327224,8398520,251,0,0,102,0,2,0,290,0
1575,4385,3,8327224,8398520,0,32,0,102,0,2,0,0,0
1576,4386,1,8327224,8399036,0,0,0,0,255,2,1,240,3
1576,4387,2,8327224,8398520,250,0,0,102,0,2,0,240,0
1576,4388,3,8327224,8398520,0,29,0,102,0,2,0,0,0
1577,4389,1,8327224,8399036,0,0,0,0,255,2,1,190,3
1577,4390,2,8327224,8398520,248,0,0,102,0,2,0,190,0
1577,4391,3,8327224,8398520,0,29,0,102,0,2,0,0,0
1578,4392,1,8327224,8399036,0,0,0,0,255,2,1,140,3
1578,4393,2,8327224,8398520,244,0,0,102,0,2,0,140,0
1578,4394,3,8327224,8398520,0,29,0,102,0,2,0,0,0
1579,4395,1,8327224,8399036,0,0,0,0,255,2,1,90,3
1579,4396,2,8327224,8398520,238,0,0,102,0,2,0,90,0
1579,4397,3,8327224,8398520,0,29,0,102,0,2,0,0,0
1580,4398,1,8327224,8399036,0,0,0,0,255,2,1,40,3
1580,4399,2,8327224,8398520,232,0,0,102,0,2,0,40,0
1580,4400,3,8327224,8398520,0,25,0,102,0,2,0,0,0
1581,4401,1,8327224,8399036,0,0,0,0,255,2,1,0,3
1581,4402,2,8327224,8398520,224,0,0,102,0,2,0,0,0
1581,4403,3,8327224,8398520,0,25,0,102,0,2,0,0,0
1582,4404,1,8327224,8399036,0,0,0,0,255,2,1,0,3
1582,4405,2,8327224,8398520,213,0,0,102,0,2,0,0,0
1582,4406,3,8327224,8398520,0,25,0,102,0,2,0,0,0
1583,4407,1,8327224,8399036,0,0,0,0,255,2,1,0,3
1583,4408,2,8327224,8398520,201,0,0,102,0,2,0,0,0
1583,4409,3,8327224,8398520,0,22,0,102,0,2,0,0,0
1584,4410,1,8327224,8399036,0,0,0,0,255,2,1,0,3
1584,4411,2,8327224,8398520,190,0,0,102,0,2,0,0,0
1584,4412,3,8327224,8398520,0,23,0,102,0,2,0,0,0
1585,4413,1,8327224,8399036,0,0,0,0,255,2,1,0,3
1585,4414,2,8327224,8398520,180,0,0,102,0,2,0,0,0
1585,4415,3,8327224,8398520,0,23,0,102,0,2,0,0,0
1586,4416,1,8327224,8399036,0,0,0,0,255,2,1,0,3
1586,4417,2,8327224,8398520,170,0,0,102,0,2,0,0,0
1586,4418,3,8327224,8398520,0,23,0,102,0,2,0,0,0
1587,4419,1,8327224,8399036,0,0,0,0,255,2,1,0,3
1587,4420,2,8327224,8398520,161,0,0,102,0,2,0,0,0
1587,4421,3,8327224,8398520,0,20,0,102,0,2,0,0,0
1588,4422,1,8327224,8399036,0,0,0,0,255,2,1,0,3
1588,4423,2,8327224,8398520,152,0,0,102,0,2,0,0,0
1588,4424,3,8327224,8398520,0,21,0,102,0,2,0,0,0
1589,4425,1,8327224,8399036,0,0,0,0,255,2,1,0,3
1589,4426,2,8327224,8398520,144,0,0,102,0,2,0,0,0
1589,4427,3,8327224,8398520,0,21,0,102,0,2,0,0,0
1590,4428,1,8327224,8399036,255,0,0,102,0,2,1,0,0
1590,4429,2,8327224,8398520,137,0,0,102,0,2,0,0,0
1590,4430,3,8327224,8398520,0,18,0,102,0,2,0,0,0
1591,4431,1,8327224,8399036,255,0,0,0,255,2,1,0,0
1591,4432,2,8327224,8398520,124,0,0,102,0,2,0,0,0
1591,4433,3,8327224,8398520,0,19,0,102,0,2,0,0,0
1592,4434,1,8327224,8399036,255,0,0,0,255,2,1,0,0
1592,4435,2,8327224,8398520,122,0,0,102,0,2,0,0,0
1592,4436,3,8327224,8398520,0,20,0,102,0,2,0,0,0
1593,4437,1,8327224,8399036,255,0,0,0,255,2,1,0,0
1593,4438,2,8327224,8398520,124,0,0,102,0,2,0,0,0
1593,4439,3,8327224,8398520,0,17,0,102,0,2,0,0,0
1594,4440,1,8327224,8399036,255,0,0,102,255,2,1,0,0
1594,4441,2,8327224,8398520,126,0,0,102,0,2,0,0,0
1594,4442,3,8327224,8398520,0,18,0,102,0,2,0,0,0
1595,4443,1,8327224,8399036,255,0,0,102,255,2,1,0,0
1595,4444,2,8327224,8398520,135,0,0,102,0,2,0,0,0
1595,4445,3,8327224,8398520,0,19,0,102,0,2,0,0,0
1596,4446,1,8327224,8399036,255,0,0,102,255,2,1,0,0
1596,4447,2,8327224,8398520,137,0,0,102,0,2,0,0,0
1596,4448,3,8327224,8398520,0,20,0,102,0,2,0,0,0
1597,4449,1,8327224,8399036,202,0,0,102,0,2,1,1440,0
1597,4450,2,8327224,8398520,139,0,0,102,0,2,0,0,0
1597,4451,3,8327224,8398520,0,17,0,102,0,2,0,0,0
1598,4452,1,8327224,8399036,221,0,0,102,0,2,1,1440,0
1598,4453,2,8327224,8398520,149,0,0,102,0,2,0,0,0
1598,4454,3,8327224,8398520,0,18,0,102,0,2,0,0,0
1599,4455,1,8327224,8399036,230,0,0,102,0,2,1,1390,0
1599,4456,2,8327224,8398520,151,0,0,102,0,2,0,0,0
1599,4457,3,8327224,8398520,0,20,0,102,0,2,0,0,0
1600,4458,1,8327224,8399036,206,0,0,102,0,2,1,1340,0
1600,4459,2,8327224,8398520,153,0,0,102,0,2,0,0,0
1600,4460,3,8327224,8398520,0,18,0,102,0,2,0,0,0
1601,4461,1,8327224,8399036,229,0,0,102,0,2,1,1290,0
1601,4462,2,8327224,8398520,155,0,0,102,0,2,0,0,0
1601,4463,3,8327224,8398520,0,19,0,102,0,2,0,0,0
1602,4464,1,8327224,8399036,205,0,0,102,0,2,1,1240,0
1602,4465,2,8327224,8398520,140,0,0,102,0,2,0,0,0
1602,4466,3,8327224,8398520,0,21,0,102,0,2,0,0,0
1603,4467,1,8327224,8399036,0,0,0,0,255,2,1,1190,0
1603,4468,2,8327224,8398520,142,0,0,102,0,2,0,0,0
1603,4469,3,8327224,8398520,0,21,0,102,0,2,0,0,0
1604,4470,1,8327224,8399036,0,0,0,0,255,2,1,1140,0
1604,4471,2,8327224,8398520,144,0,0,102,0,2,0,0,0
1604,4472,3,8327224,8398520,0,26,0,102,0,2,0,0,0
1605,4473,1,8327224,8399036,0,0,0,0,255,2,1,1090,0
1605,4474,2,8327224,8398520,146,0,0,102,0,2,0,0,0
1605,4475,3,8327224,8398520,0,27,0,102,0,2,0,0,0
1606,4476,1,8327224,8399036,0,0,0,0,255,2,1,1040,0
1606,4477,2,8327224,8398520,149,0,0,102,0,2,0,0,0
1606,4478,3,8327224,8398520,0,30,0,102,0,2,0,0,0
1607,4479,1,8327224,8399036,0,0,0,0,255,2,1,990,0
1607,4480,2,8327224,8398520,152,0,0,102,0,2,0,0,0
1607,4481,3,8327224,8398520,0,33,0,102,0,2,0,0,0
1608,4482,1,8327224,8399036,0,0,0,0,255,2,1,940,0
1608,4483,2,8327224,8398520,155,0,0,102,0,2,0,0,0
1608,4484,3,8327224,8398520,0,38,0,102,0,2,0,0,0
1609,4485,1,8327224,8399036,0,0,0,0,255,2,1,890,0
1609,4486,2,8327224,8398520,158,0,0,102,0,2,0,0,0
1609,4487,3,8327224,8398520,0,39,0,102,0,2,0,0,0
1610,4488,1,8327224,8399036,0,0,0,0,255,2,1,840,0
1610,4489,2,8327224,8398520,162,0,0,102,0,2,0,0,0
1610,4490,3,8327224,8398520,0,43,0,102,0,2,0,0,0
1611,4491,1,8327224,8399036,0,0,0,0,255,2,1,790,0
1611,4492,2,8327224,8398520,166,0,0,102,0,2,0,0,0
1611,4493,3,8327224,8398520,0,46,0,102,0,2,0,0,0
1612,4494,1,8327224,8399036,0,0,0,0,255,2,1,740,0
1612,4495,2,8327224,8398520,171,0,0,102,0,2,0,0,0
1612,4496,3,8327224,8398520,0,49,0,102,0,2,0,0,0
1613,4497,1,8327224,8399036,0,0,0,0,255,2,1,690,0
1613,4498,2,8327224,8398520,176,0,0,0,255,2,0,0,0
1613,4499,3,8327224,8398520,0,51,0,102,0,2,0,0,0
1614,4500,1,8327224,8399036,0,0,0,0,255,2,1,640,0
1614,4501,2,8327224,8398520,181,0,0,0,255,2,0,0,0
1614,4502,3,8327224,8398520,0,81,0,102,0,2,0,0,0
1615,4503,1,8327224,8399036,0,0,0,0,255,2,1,590,0
1615,4504,2,8327224,8398520,189,0,0,0,255,2,0,0,0
1615,4505,3,8327224,8398520,0,75,0,102,0,2,0,0,0
1616,4506,1,8327224,8399036,0,0,0,0,255,2,1,540,0
1616,4507,2,8327224,8398520,196,0,0,0,255,2,0,0,0
1616,4508,3,8327224,8398520,0,68,0,102,0,2,0,0,0
1617,4509,1,8327224,8399036,0,0,0,0,255,2,1,490,0
1617,4510,2,8327224,8398520,203,0,0,0,255,2,0,0,0
1617,4511,3,8327224,8398520,0,63,0,102,0,2,0,0,0
1618,4512,1,8327224,8399036,0,0,0,0,255,2,1,440,0
1618,4513,2,8327224,8398520,210,0,0,0,255,2,0,0,0
1618,4514,3,8327224,8398520,0,46,0,102,0,2,0,0,0
1619,4515,1,8327224,8399036,0,0,0,0,255,2,1,390,0
1619,4516,2,8327224,8398520,215,0,0,0,255,2,0,0,0
1619,4517,3,8327224,8398520,0,46,0,102,0,2,0,0,0
1620,4518,1,8327224,8399036,0,0,0,0,255,2,1,340,0
1620,4519,2,8327224,8398520,221,0,0,0,255,2,0,0,0
1620,4520,3,8327224,8398520,0,45,0,102,0,2,0,0,0
1621,4521,1,8327224,8399036,0,0,0,0,255,2,1,290,0
1621,4522,2,8327224,8398520,227,0,0,0,255,2,0,0,0
1621,4523,3,8327224,8398520,0,44,0,102,0,2,0,0,0
1622,4524,1,8327224,8399036,0,0,0,0,255,2,1,240,0
1622,4525,2,8327224,8398520,232,0,0,0,255,2,0,0,0
1622,4526,3,8327224,8398520,0,43,0,102,0,2,0,0,0
1623,4527,1,8327224,8399036,0,0,0,0,255,2,1,190,0
1623,4528,2,8327224,8398520,238,0,0,0,255,2,0,0,0
1623,4529,3,8327224,8398520,0,38,0,102,0,2,0,0,0
1624,4530,1,8327224,8399036,0,0,0,0,255,2,1,140,0
1624,4531,2,8327224,8398520,243,0,0,0,255,2,0,0,0
1624,4532,3,8327224,8398520,0,36,0,102,0,2,0,0,0
1625,4533,1,8327224,8399036,0,0,0,0,255,2,1,90,0
1625,4534,2,8327224,8398520,249,0,0,0,255,2,0,0,0
1625,4535,3,8327224,8398520,0,33,0,102,0,2,0,0,0
1626,4536,1,8327224,8399036,0,0,0,0,255,2,1,40,0
1626,4537,2,8327224,8398520,254,0,0,0,255,2,0,0,0
1626,4538,3,8327224,8398520,0,30,0,102,0,2,0,0,0
1627,4539,1,8327224,8399036,0,0,0,0,255,2,1,0,0
1627,4540,2,8327224,8398520,255,0,0,0,255,2,0,0,0
1627,4541,3,8327224,8398520,0,0,0,102,0,2,0,0,0
1628,4542,1,8327224,8399036,0,0,0,0,255,2,1,0,0
1628,4543,2,8327224,8398520,255,0,0,0,255,2,0,0,0
1628,4544,3,8327224,8398520,0,0,0,102,0,2,0,0,0
1629,4545,1,8327224,8399036,0,0,0,0,255,2,1,0,0
1629,4546,2,8327224,8398520,255,0,0,102,255,2,0,0,0
1629,4547,3,8327224,8398520,0,0,0,102,0,2,0,0,0
1630,4548,1,8327224,8399036,0,0,0,0,255,2,1,0,0
1630,4549,2,8327224,8398520,255,0,0,102,255,2,0,0,0
1630,4550,3,8327224,8398520,0,0,0,102,0,2,0,0,0
1631,4551,1,8327224,8399036,0,0,0,0,255,2,1,0,0
1631,4552,2,8327224,8398520,255,0,0,102,255,2,0,0,0
1631,4553,3,8327224,8398520,0,0,0,102,0,2,0,0,0
1632,4554,1,8327224,8399036,0,0,0,0,255,2,1,0,0
1632,4555,2,8327224,8398520,255,0,0,102,255,2,0,0,0
1632,4556,3,8327224,8398520,0,0,0,102,0,2,0,0,0
1633,4557,1,8327224,8399036,0,0,0,0,255,2,1,0,0
1633,4558,2,8327224,8398520,255,0,0,102,255,2,0,0,0
1633,4559,3,8327224,8398520,22,0,0,102,0,2,0,0,0
1634,4560,1,8327224,8399036,0,0,0,0,255,2,1,0,0
1634,4561,2,8327224,8398520,255,0,0,102,255,2,0,0,0
1634,4562,3,8327224,8398520,0,0,0,102,0,2,0,0,0
1635,4563,1,8327224,8399036,0,0,0,0,255,2,1,0,0
1635,4564,2,8327224,8398520,255,0,0,102,255,2,0,0,0
1635,4565,3,8327224,8398520,20,0,0,102,0,2,0,0,0
1636,4566,1,8327224,8399036,0,0,0,0,255,2,1,0,0
1636,4567,2,8327224,8398520,255,0,0,102,255,2,0,0,0
1636,4568,3,8327224,8398520,0,0,0,102,0,2,0,0,0
1637,4569,1,8327224,8399036,0,0,0,0,255,2,1,0,0
1637,4570,2,8327224,8398520,255,0,0,102,255,2,0,0,0
1637,4571,3,8327224,8398520,0,0,0,102,0,2,0,0,0
1638,4572,1,8327224,8399036,0,0,0,0,255,2,1,0,0
1638,4573,2,8327224,8398520,255,0,0,102,255,2,0,0,0
1638,4574,3,8327224,8398520,20,0,0,102,0,2,0,0,0
1639,4575,1,8327224,8399036,0,0,0,0,255,2,1,0,0
1639,4576,2,8327224,8398520,255,0,0,102,255,2,0,0,0
1639,4577,3,8327224,8398520,0,0,0,102,0,2,0,0,0
1640,4578,1,8327224,8399036,0,0,0,0,255,2,1,0,0
1640,4579,2,8327224,8398520,255,0,0,102,255,2,0,0,0
1640,4580,3,8327224,8398520,0,0,0,102,0,2,0,0,0
1641,4581,1,8327224,8399036,0,0,0,0,255,2,1,0,0
1641,4582,2,8327224,8398520,255,0,0,102,255,2,0,0,0
1641,4583,3,8327224,8398520,0,0,0,102,0,2,0,0,0
1642,4584,1,8327224,8399036,0,0,0,0,255,2,1,0,0
1642,4585,2,8327224,8398520,255,0,0,102,255,2,0,0,0
1642,4586,3,8327224,8398520,0,0,0,102,0,2,0,0,0
1643,4587,1,8327224,8399036,0,0,0,0,255,2,1,0,0
1643,4588,2,8327224,8398520,255,0,0,102,255,2,0,0,0
1643,4589,3,8327224,8398520,0,0,0,102,0,2,0,0,0
1644,4590,1,8327224,8399036,0,0,0,0,255,2,1,0,0
1644,4591,2,8327224,8398520,255,0,0,102,255,2,0,0,0
1644,4592,3,8327224,8398520,0,0,0,102,0,2,0,0,0
1645,4593,1,8327224,8399036,0,0,0,0,255,2,1,0,0
1645,4594,2,8327224,8398520,255,0,0,102,255,2,0,0,0
1645,4595,3,8327224,8398520,0,0,0,102,0,2,0,0,0
1646,4596,1,8327224,8399036,0,0,0,0,255,2,1,0,0
1646,4597,2,8327224,8398520,255,0,0,102,255,2,0,0,0
1646,4598,3,8327224,8398520,0,0,0,102,0,2,0,0,0
1647,4599,1,8327224,8399036,0,0,0,0,255,2,1,0,0
1647,4600,2,8327224,8398520,255,0,0,102,255,2,0,0,0
1647,4601,3,8327224,8398520,0,26,0,102,0,2,0,0,0
1648,4602,1,8327224,8399036,0,0,0,0,255,2,1,0,0
1648,4603,2,8327224,8398520,255,0,0,102,255,2,0,0,0
1648,4604,3,8327224,8398520,0,0,0,102,0,2,0,0,0
1649,4605,1,8327224,8399036,0,0,0,0,255,2,1,0,0
1649,4606,2,8327224,8398520,255,0,0,102,255,2,0,0,0
1649,4607,3,8327224,8398520,0,25,0,102,0,2,0,0,0
1650,4608,1,8327224,8399036,0,0,0,0,255,2,1,0,0
1650,4609,2,8327224,8398520,255,0,0,102,255,2,0,0,0
1650,4610,3,8327224,8398520,0,21,0,102,0,2,0,0,0
1651,4611,1,8327224,8399036,0,0,0,0,255,2,1,0,0
1651,4612,2,8327224,8398520,255,0,0,102,255,2,0,0,0
1651,4613,3,8327224,8398520,0,17,0,102,0,2,0,0,0
1652,4614,1,8327224,8399036,0,0,0,0,255,2,1,0,0
1652,4615,2,8327224,8398520,255,0,0,102,255,2,0,0,0
1652,4616,3,8327224,8398520,0,0,0,102,0,2,0,0,0
1653,4617,1,8327224,8399036,0,0,0,0,255,2,1,0,0
1653,4618,2,8327224,8398520,255,0,0,102,255,2,0,0,0
1653,4619,3,8327224,8398520,0,21,0,102,0,2,0,0,0
1654,4620,1,8327224,8399036,0,0,0,0,255,2,1,0,0
1654,4621,2,8327224,8398520,255,0,0,102,255,2,0,0,0
1654,4622,3,8327224,8398520,0,0,0,102,0,2,0,0,0
1655,4623,1,8327224,8399036,0,0,0,0,255,2,1,0,0
1655,4624,2,8327224,8398520,255,0,0,102,255,2,0,0,0
1655,4625,3,8327224,8398520,0,21,0,102,0,2,0,0,0
1656,4626,1,8327224,8399036,0,0,0,0,255,2,1,0,0
1656,4627,2,8327224,8398520,255,0,0,102,255,2,0,0,0
1656,4628,3,8327224,8398520,0,18,0,102,0,2,0,0,0
1657,4629,1,8327224,8399036,0,0,0,0,255,2,1,0,0
1657,4630,2,8327224,8398520,255,0,0,102,255,2,0,0,0
1657,4631,3,8327224,8398520,0,0,0,102,0,2,0,0,0
1658,4632,1,8327224,8399036,0,0,0,0,255,2,1,0,0
1658,4633,2,8327224,8398520,255,0,0,102,255,2,0,0,0
1658,4634,3,8327224,8398520,0,18,0,102,0,2,0,0,0
1659,4635,1,8327224,8399036,0,0,0,0,255,2,1,0,0
1659,4636,2,8327224,8398520,255,0,0,102,255,2,0,0,0
1659,4637,3,8327224,8398520,0,0,0,102,0,2,0,0,0
1660,4638,1,8327224,8399036,0,0,0,0,255,2,1,0,0
1660,4639,2,8327224,8398520,255,0,0,102,255,2,0,0,0
1660,4640,3,8327224,8398520,0,0,0,102,0,2,0,0,0
1661,4641,1,8327224,8399036,0,0,0,0,255,2,1,0,0
1661,4642,2,8327224,8398520,255,0,0,102,255,2,0,0,0
1661,4643,3,8327224,8398520,0,22,0,102,0,2,0,0,0
1662,4644,1,8327224,8399036,0,0,0,0,255,2,1,0,0
1662,4645,2,8327224,8398520,255,0,0,102,255,2,0,0,0
1662,4646,3,8327224,8398520,0,19,0,102,0,2,0,0,0
1663,4647,1,8327224,8399036,0,0,0,0,255,2,1,0,0
1663,4648,2,8327224,8398520,255,0,0,102,255,2,0,0,0
1663,4649,3,8327224,8398520,0,16,0,102,0,2,0,0,0
1664,4650,1,8327224,8399036,0,0,0,0,255,2,1,0,0
1664,4651,2,8327224,8398520,255,0,0,102,255,2,0,0,0
1664,4652,3,8327224,8398520,0,17,0,102,0,2,0,0,0
1665,4653,1,8327224,8399036,0,0,0,0,255,2,1,0,0
1665,4654,2,8327224,8398520,255,0,0,102,255,2,0,0,0
1665,4655,3,8327224,8398520,0,19,0,102,0,2,0,0,0
1666,4656,1,8327224,8399036,0,0,0,0,255,2,1,0,0
1666,4657,2,8327224,8398520,255,0,0,102,255,2,0,0,0
1666,4658,3,8327224,8398520,0,19,0,102,0,2,0,0,0
1667,4659,1,8327224,8399036,0,0,0,0,255,2,1,0,0
1667,4660,2,8327224,8398520,255,0,0,102,255,2,0,0,0
1667,4661,3,8327224,8398520,0,19,0,102,0,2,0,0,0
1668,4662,1,8327224,8399036,0,0,0,0,255,2,1,1440,0
1668,4663,2,8327224,8398520,255,0,0,102,255,2,0,1440,0
1668,4664,3,8327224,8398520,0,21,0,102,0,2,0,0,0
1669,4665,1,8327224,8399036,0,0,0,0,255,2,1,1390,0
1669,4666,2,8327224,8398520,255,0,0,102,255,2,0,1390,0
1669,4667,3,8327224,8398520,0,20,0,102,0,2,0,0,0
1670,4668,1,8327224,8399036,0,0,0,0,255,2,1,1340,0
1670,4669,2,8327224,8398520,255,0,0,102,255,2,0,1340,0
1670,4670,3,8327224,8398520,0,20,0,102,0,2,0,0,0
1671,4671,1,8327224,8399036,0,0,0,0,255,2,1,1290,0
1671,4672,2,8327224,8398520,255,0,0,102,255,2,0,1290,0
1671,4673,3,8327224,8398520,0,12,0,102,0,2,0,0,0
1672,4674,1,8327224,8399036,0,0,0,0,255,2,1,1240,0
1672,4675,2,8327224,8398520,255,0,0,102,255,2,0,1240,0
1672,4676,3,8327224,8398520,0,16,0,102,0,2,0,0,0
1673,4677,1,8327224,8399036,0,0,0,0,255,2,1,1190,0
1673,4678,2,8327224,8398520,255,0,0,102,255,2,0,1190,0
1673,4679,3,8327224,8398520,0,13,0,102,0,2,0,0,0
1674,4680,1,8327224,8399036,0,0,0,0,255,2,1,1140,0
1674,4681,2,8327224,8398520,255,0,0,102,255,2,0,1140,0
1674,4682,3,8327224,8398520,0,10,0,102,0,2,0,0,0
1675,4683,1,8327224,8399036,0,0,0,0,255,2,1,1090,0
1675,4684,2,8327224,8398520,255,0,0,102,255,2,0,1090,0
1675,4685,3,8327224,8398520,0,0,0,102,0,2,0,0,0
1676,4686,1,8327224,8399036,0,0,0,0,255,2,1,1040,0
1676,4687,2,8327224,8398520,255,0,0,102,255,2,0,1040,0
1676,4688,3,8327224,8398520,0,0,0,102,0,2,0,0,0
1677,4689,1,8327224,8399036,0,0,0,0,255,2,1,990,0
1677,4690,2,8327224,8398520,255,0,0,102,255,2,0,990,0
1677,4691,3,8327224,8398520,0,0,0,102,0,2,0,0,0
1678,4692,1,8327224,8399036,0,0,0,0,255,2,1,940,0
1678,4693,2,8327224,8398520,255,0,0,102,255,2,0,940,0
1678,4694,3,8327224,8398520,0,0,0,102,0,2,0,0,0
1679,4695,1,8327224,8399036,0,0,0,0,255,2,1,890,0
1679,4696,2,8327224,8398520,255,0,0,102,255,2,0,890,0
1679,4697,3,8327224,8398520,0,0,0,102,0,2,0,0,0
1680,4698,1,8327224,8399036,0,0,0,0,255,2,1,840,0
1680,4699,2,8327224,8398520,255,0,0,102,255,2,0,840,0
1680,4700,3,8327224,8398520,0,0,0,102,0,2,0,0,0
1681,4701,1,8327224,8399036,0,0,0,0,255,2,1,790,0
1681,4702,2,8327224,8398520,255,0,0,102,255,2,0,790,0
1681,4703,3,8327224,8398520,0,0,0,102,0,2,0,0,0
1682,4704,1,8327224,8399036,0,0,0,0,255,2,1,740,0
1682,4705,2,8327224,8398520,255,0,0,102,255,2,0,740,0
1682,4706,3,8327224,8398520,12,0,0,102,0,2,0,0,0
1683,4707,1,8327224,8399036,0,0,0,0,255,2,1,690,0
1683,4708,2,8327224,8398520,255,0,0,102,255,2,0,690,0
1683,4709,3,8327224,8398520,20,0,0,102,0,2,0,0,0
1684,4710,1,8327224,8399036,0,0,0,0,255,2,1,640,0
1684,4711,2,8327224,8398520,255,0,0,102,255,2,0,640,0
1684,4712,3,8327224,8398520,13,0,0,102,0,2,0,0,0
1685,4713,1,8327224,8399036,0,0,0,0,255,2,1,590,0
1685,4714,2,8327224,8398520,255,0,0,102,255,2,0,590,0
1685,4715,3,8327224,8398520,24,0,0,102,0,2,0,0,0
1686,4716,1,8327224,8399036,0,0,0,0,255,2,1,540,0
1686,4717,2,8327224,8398520,255,0,0,102,255,2,0,540,0
1686,4718,3,8327224,8398520,35,0,0,102,0,2,0,0,0
1687,4719,1,8327224,8399036,0,0,0,0,255,2,1,490,0
1687,4720,2,8327224,8398520,255,0,0,102,255,2,0,490,0
1687,4721,3,8327224,8398520,46,0,0,102,0,2,0,0,0
1688,4722,1,8327224,8399036,0,0,0,0,255,2,1,440,0
1688,4723,2,8327224,8398520,255,0,0,102,255,2,0,440,0
1688,4724,3,8327224,8398520,43,0,0,102,0,2,0,0,0
1689,4725,1,8327224,8399036,0,0,0,0,255,2,1,390,0
1689,4726,2,8327224,8398520,255,0,0,102,255,2,0,390,0
1689,4727,3,8327224,8398520,61,0,0,102,0,2,0,0,0
1690,4728,1,8327224,8399036,0,0,0,0,255,2,1,340,0
1690,4729,2,8327224,8398520,255,0,0,102,255,2,0,340,0
1690,4730,3,8327224,8398520,79,0,0,102,0,2,0,0,0
1691,4731,1,8327224,8399036,0,0,0,0,255,2,1,290,0
1691,4732,2,8327224,8398520,255,0,0,102,255,2,0,290,0
1691,4733,3,8327224,8398520,148,0,0,102,0,2,0,0,3
1692,4734,1,8327224,8399036,0,0,0,0,255,2,1,240,0
1692,4735,2,8327224,8398520,255,0,0,102,255,2,0,240,0
1692,4736,3,8327224,8398520,132,0,0,102,0,2,0,0,3
1693,4737,1,8327224,8399036,0,0,0,0,255,2,1,190,0
1693,4738,2,8327224,8398520,255,0,0,102,255,2,0,190,0
1693,4739,3,8327224,8398520,127,0,0,102,0,2,0,0,3
1694,4740,1,8327224,8399036,0,0,0,0,255,2,1,140,0
1694,4741,2,8327224,8398520,255,0,0,102,255,2,0,140,0
1694,4742,3,8327224,8398520,136,0,0,102,0,2,0,0,0
1695,4743,1,8327224,8399036,0,0,0,0,255,2,1,90,0
1695,4744,2,8327224,8398520,255,0,0,102,255,2,0,90,0
1695,4745,3,8327224,8398520,147,0,0,102,0,2,0,0,0
1696,4746,1,8327224,8399036,0,0,0,0,255,2,1,40,0
1696,4747,2,8327224,8398520,255,0,0,102,255,2,0,40,0
1696,4748,3,8327224,8398520,157,0,0,102,0,2,0,0,0
1697,4749,1,8327224,8399036,0,0,0,0,255,2,1,0,0
1697,4750,2,8327224,8398520,219,0,0,102,0,2,0,0,0
1697,4751,3,8327224,8398520,166,0,0,102,0,2,0,0,0
1698,4752,1,8327224,8399036,0,0,0,0,255,2,1,0,0
1698,4753,2,8327224,8398520,212,0,0,102,0,2,0,0,0
1698,4754,3,8327224,8398520,243,0,0,102,0,2,0,0,0
1699,4755,1,8327224,8399036,0,0,0,0,255,2,1,0,0
1699,4756,2,8327224,8398520,196,0,0,102,0,2,0,0,0
1699,4757,3,8327224,8398520,225,0,0,102,0,2,0,0,0
1700,4758,1,8327224,8399036,0,0,0,0,255,2,1,0,0
1700,4759,2,8327224,8398520,165,0,0,0,255,2,0,0,0
1700,4760,3,8327224,8398520,209,0,0,102,0,2,0,0,0
1701,4761,1,8327224,8399036,0,0,0,0,255,2,1,0,0
1701,4762,2,8327224,8398520,154,0,0,102,0,2,0,0,0
1701,4763,3,8327224,8398520,174,0,0,102,0,2,0,0,0
1702,4764,1,8327224,8399036,0,0,0,0,255,2,1,0,0
1702,4765,2,8327224,8398520,145,0,0,102,0,2,0,0,0
1702,4766,3,8327224,8398520,196,0,0,102,0,2,0,0,0
1703,4767,1,8327224,8399036,0,0,0,0,255,2,1,0,0
1703,4768,2,8327224,8398520,134,0,0,102,0,2,0,0,0
1703,4769,3,8327224,8398520,199,0,0,102,0,2,0,0,0
1704,4770,1,8327224,8399036,0,0,0,0,255,2,1,0,0
1704,4771,2,8327224,8398520,123,0,0,102,0,2,0,0,0
1704,4772,3,8327224,8398520,201,0,0,102,0,2,0,0,0
1705,4773,1,8327224,8399036,0,0,0,0,255,2,1,0,0
1705,4774,2,8327224,8398520,112,0,0,102,0,2,0,0,0
1705,4775,3,8327224,8398520,201,0,0,102,0,2,0,0,0
1706,4776,1,8327224,8399036,0,0,0,0,255,2,1,0,0
1706,4777,2,8327224,8398520,100,0,0,102,0,2,0,0,0
1706,4778,3,8327224,8398520,196,0,0,102,0,2,0,0,0
1707,4779,1,8327224,8399036,0,0,0,0,255,2,1,0,0
1707,4780,2,8327224,8398520,89,0,0,102,0,2,0,0,0
1707,4781,3,8327224,8398520,188,0,0,102,0,2,0,0,0
1708,4782,1,8327224,8399036,0,0,0,0,255,2,1,0,0
1708,4783,2,8327224,8398520,78,0,0,102,0,2,0,0,0
1708,4784,3,8327224,8398520,178,0,0,102,0,2,0,0,0
1709,4785,1,8327224,8399036,0,0,0,0,255,2,1,0,0
1709,4786,2,8327224,8398520,67,0,0,102,0,2,0,0,0
1709,4787,3,8327224,8398520,167,0,0,102,0,2,0,0,0
1710,4788,1,8327224,8399036,0,0,0,0,255,2,1,0,0
1710,4789,2,8327224,8398520,57,0,0,102,0,2,0,0,0
1710,4790,3,8327224,8398520,154,0,0,102,0,2,0,0,0
1711,4791,1,8327224,8399036,0,0,0,0,255,2,1,0,0
1711,4792,2,8327224,8398520,48,0,0,102,0,2,0,0,0
1711,4793,3,8327224,8398520,140,0,0,102,0,2,0,0,0
1712,4794,1,8327224,8399036,0,0,0,0,255,2,1,0,0
1712,4795,2,8327224,8398520,39,0,0,102,0,2,0,0,0
1712,4796,3,8327224,8398520,127,0,0,102,0,2,0,0,0
1713,4797,1,8327224,8399036,0,0,0,0,255,2,1,0,0
1713,4798,2,8327224,8398520,32,0,0,102,0,2,0,0,0
1713,4799,3,8327224,8398520,114,0,0,102,0,2,0,0,0
1714,4800,1,8327224,8399036,0,0,0,0,255,2,1,0,0
1714,4801,2,8327224,8398520,25,0,0,102,0,2,0,0,0
1714,4802,3,8327224,8398520,101,0,0,102,0,2,0,0,0
1715,4803,1,8327224,8399036,0,0,0,0,255,2,1,0,0
1715,4804,2,8327224,8398520,18,0,0,102,0,2,0,0,0
1715,4805,3,8327224,8398520,88,0,0,102,0,2,0,0,0
1716,4806,1,8327224,8399036,0,0,0,0,255,2,1,0,0
1716,4807,2,8327224,8398520,13,0,0,102,0,2,0,0,0
1716,4808,3,8327224,8398520,75,0,0,102,0,2,0,0,0
1717,4809,1,8327224,8399036,0,0,0,0,255,2,1,0,0
1717,4810,2,8327224,8398520,10,0,0,102,0,2,0,0,0
1717,4811,3,8327224,8398520,64,0,0,102,0,2,0,0,0
1718,4812,1,8327224,8399036,0,0,0,0,255,2,1,0,0
1718,4813,2,8327224,8398520,0,0,0,102,0,2,0,0,0
1718,4814,3,8327224,8398520,50,0,0,102,0,2,0,0,0
1719,4815,1,8327224,8399036,0,0,0,0,255,2,1,0,0
1719,4816,2,8327224,8398520,0,0,0,102,0,2,0,0,0
1719,4817,3,8327224,8398520,63,0,0,102,0,2,0,0,0
1720,4818,1,8327224,8399036,0,0,0,0,255,2,1,0,0
1720,4819,2,8327224,8398520,0,0,0,102,0,2,0,0,0
1720,4820,3,8327224,8398520,50,0,0,102,0,2,0,0,0
1721,4821,1,8327224,8399036,0,0,0,0,255,2,1,0,0
1721,4822,2,8327224,8398520,0,0,0,102,0,2,0,0,0
1721,4823,3,8327224,8398520,39,0,0,102,0,2,0,0,0
1722,4824,1,8327224,8399036,0,0,0,0,255,2,1,0,0
1722,4825,2,8327224,8398520,0,0,0,102,0,2,0,0,0
1722,4826,3,8327224,8398520,29,0,0,102,0,2,0,0,0
1723,4827,1,8327224,8399036,0,0,0,0,255,2,1,0,0
1723,4828,2,8327224,8398520,0,8,0,102,0,2,0,0,0
1723,4829,3,8327224,8398520,19,0,0,102,0,2,0,0,0
1724,4830,1,8327224,8399036,0,0,0,0,255,2,1,0,0
1724,4831,2,8327224,8398520,0,10,0,102,0,2,0,0,0
1724,4832,3,8327224,8398520,0,0,0,102,0,2,0,0,0
1725,4833,1,8327224,8399036,0,0,0,0,255,2,1,0,0
1725,4834,2,8327224,8398520,0,23,0,102,0,2,0,0,0
1725,4835,3,8327224,8398520,9,0,0,102,0,2,0,0,0
1726,4836,1,8327224,8399036,0,0,0,0,255,2,1,0,0
1726,4837,2,8327224,8398520,0,24,0,102,0,2,0,0,0
1726,4838,3,8327224,8398520,0,0,0,102,0,2,0,0,0
1727,4839,1,8327224,8399036,0,0,0,0,255,2,1,0,0
1727,4840,2,8327224,8398520,0,38,0,102,0,2,0,0,0
1727,4841,3,8327224,8398520,0,21,0,102,0,2,0,0,0
1728,4842,1,8327224,8399036,0,0,0,0,255,2,1,0,0
1728,4843,2,8327224,8398520,0,37,0,102,0,2,0,0,0
1728,4844,3,8327224,8398520,0,26,0,102,0,2,0,0,0
1729,4845,1,8327224,8399036,0,0,0,0,255,2,1,0,0
1729,4846,2,8327224,8398520,0,35,0,102,0,2,0,0,0
1729,4847,3,8327224,8398520,0,34,0,102,0,2,0,0,0
1730,4848,1,8327224,8399036,0,0,0,0,255,2,1,0,0
1730,4849,2,8327224,8398520,0,33,0,102,0,2,0,0,0
1730,4850,3,8327224,8398520,0,40,0,102,0,2,0,0,0
1731,4851,1,8327224,8399036,0,0,0,0,255,2,1,0,0
1731,4852,2,8327224,8398520,0,31,0,102,0,2,0,0,0
1731,4853,3,8327224,8398520,0,46,0,102,0,2,0,0,0
1732,4854,1,8327224,8399036,0,0,0,0,255,2,1,0,0
1732,4855,2,8327224,8398520,0,28,0,102,0,2,0,0,0
1732,4856,3,8327224,8398520,0,17,0,102,0,2,0,0,0
1733,4857,1,8327224,8399036,0,0,0,0,255,2,1,0,0
1733,4858,2,8327224,8398520,0,27,0,102,0,2,0,0,0
1733,4859,3,8327224,8398520,0,29,0,102,0,2,0,0,0
1734,4860,1,8327224,8399036,0,0,0,0,255,2,1,0,0
1734,4861,2,8327224,8398520,0,26,0,102,0,2,0,0,0
1734,4862,3,8327224,8398520,0,40,0,102,0,2,0,0,0
1735,4863,1,8327224,8399036,0,0,0,0,255,2,1,0,0
1735,4864,2,8327224,8398520,0,24,0,102,0,2,0,0,0
1735,4865,3,8327224,8398520,0,50,0,102,0,2,0,0,0
1736,4866,1,8327224,8399036,0,0,0,0,255,2,1,0,0
1736,4867,2,8327224,8398520,0,20,0,102,0,2,0,0,0
1736,4868,3,8327224,8398520,0,59,0,102,0,2,0,0,0
1737,4869,1,8327224,8399036,0,0,0,0,255,2,1,0,0
1737,4870,2,8327224,8398520,0,15,0,102,0,2,0,0,0
1737,4871,3,8327224,8398520,0,27,0,102,0,2,0,0,0
1738,4872,1,8327224,8399036,0,0,0,0,255,2,1,0,0
1738,4873,2,8327224,8398520,0,14,0,102,0,2,0,0,0
1738,4874,3,8327224,8398520,0,42,0,102,0,2,0,0,0
1739,4875,1,8327224,8399036,0,0,0,0,255,2,1,0,0
1739,4876,2,8327224,8398520,0,11,0,102,0,2,0,0,0
1739,4877,3,8327224,8398520,0,55,0,102,0,2,0,0,0
1740,4878,1,8327224,8399036,0,0,0,0,255,2,1,0,0
1740,4879,2,8327224,8398520,0,0,0,102,0,2,0,0,0
1740,4880,3,8327224,8398520,0,68,0,102,0,2,0,0,0
1741,4881,1,8327224,8399036,0,0,0,0,255,2,1,0,0
1741,4882,2,8327224,8398520,0,0,0,102,0,2,0,0,0
1741,4883,3,8327224,8398520,0,81,0,102,0,2,0,0,0
1742,4884,1,8327224,8399036,0,0,0,0,255,2,1,0,0
1742,4885,2,8327224,8398520,0,0,0,102,0,2,0,0,0
1742,4886,3,8327224,8398520,0,92,0,102,0,2,0,0,0
1743,4887,1,8327224,8399036,0,0,0,0,255,2,1,0,0
1743,4888,2,8327224,8398520,20,0,0,102,0,2,0,0,0
1743,4889,3,8327224,8398520,0,57,0,102,0,2,0,0,0
1744,4890,1,8327224,8399036,0,0,0,0,255,2,1,0,0
1744,4891,2,8327224,8398520,16,0,0,102,0,2,0,0,0
1744,4892,3,8327224,8398520,0,82,0,102,0,2,0,0,0
1745,4893,1,8327224,8399036,0,0,0,0,255,2,1,0,0
1745,4894,2,8327224,8398520,33,0,0,102,0,2,0,0,0
1745,4895,3,8327224,8398520,0,102,0,102,0,2,0,0,0
1746,4896,1,8327224,8399036,0,0,0,0,255,2,1,0,0
1746,4897,2,8327224,8398520,32,0,0,102,0,2,0,0,0
1746,4898,3,8327224,8398520,0,118,0,102,0,2,0,0,0
1747,4899,1,8327224,8399036,0,0,0,0,255,2,1,0,0
1747,4900,2,8327224,8398520,53,0,0,102,0,2,0,0,0
1747,4901,3,8327224,8398520,0,81,0,102,0,2,0,0,0
1748,4902,1,8327224,8399036,0,0,0,0,255,2,1,0,0
1748,4903,2,8327224,8398520,52,0,0,102,0,2,0,0,0
1748,4904,3,8327224,8398520,0,105,0,102,0,2,0,0,0
1749,4905,1,8327224,8399036,0,0,0,0,255,2,1,0,0
1749,4906,2,8327224,8398520,64,0,0,102,0,2,0,0,0
1749,4907,3,8327224,8398520,0,130,0,102,0,2,0,0,0
1750,4908,1,8327224,8399036,0,0,0,0,255,2,1,0,0
1750,4909,2,8327224,8398520,94,0,0,102,0,2,0,0,0
1750,4910,3,8327224,8398520,0,104,0,102,0,2,0,0,0
1751,4911,1,8327224,8398520,0,0,0,0,255,2,0,0,0
1751,4912,2,8327224,8398520,106,0,0,102,0,2,0,0,0
1751,4913,3,8327224,8398520,0,142,0,102,0,2,0,0,0
1752,4914,1,8327224,8398520,0,0,0,0,255,2,0,0,0
1752,4915,2,8327224,8398520,137,0,0,102,0,2,0,0,0
1752,4916,3,8327224,8398520,0,174,0,102,0,2,0,0,0
1753,4917,1,8327224,8398520,0,0,0,0,255,2,0,0,0
1753,4918,2,8327224,8398520,170,0,0,102,0,2,0,0,0
1753,4919,3,8327224,8398520,0,212,0,102,0,2,0,0,0
1754,4920,1,8327224,8398520,0,0,0,0,255,2,0,0,0
1754,4921,2,8327224,8398520,214,0,0,102,0,2,0,0,0
1754,4922,3,8327224,8398520,0,219,0,102,0,2,0,0,0
1755,4923,1,8327224,8398520,0,0,0,0,255,2,0,0,0
1755,4924,2,8327224,8398520,255,0,0,102,0,2,0,0,0
1755,4925,3,8327224,8398520,0,225,0,102,0,2,0,0,0
1756,4926,1,8327224,8398520,0,0,0,0,255,2,0,0,0
1756,4927,2,8327224,8398520,255,0,0,102,0,2,0,0,0
1756,4928,3,8327224,8398520,0,255,0,102,0,2,0,0,0
1757,4929,1,8327224,8398520,0,0,0,0,255,2,0,0,0
1757,4930,2,8327224,8398520,255,0,0,0,255,2,0,0,0
1757,4931,3,8327224,8398520,0,248,0,102,0,2,0,0,0
1758,4932,1,8327224,8398520,0,0,0,0,255,2,0,0,0
1758,4933,2,8327224,8398520,255,0,0,0,255,2,0,0,0
1758,4934,3,8327224,8398520,0,232,0,102,0,2,0,0,0
1759,4935,1,8327224,8398520,0,0,0,0,255,2,0,0,0
1759,4936,2,8327224,8398520,255,0,0,102,255,2,0,0,0
1759,4937,3,8327224,8398520,0,213,0,102,0,2,0,0,0
1760,4938,1,8327224,8398520,0,0,0,0,255,2,0,0,0
1760,4939,2,8327224,8398520,255,0,0,102,255,2,0,0,0
1760,4940,3,8327224,8398520,0,197,0,102,0,2,0,0,0
1761,4941,1,8327224,8398520,0,0,0,0,255,2,0,0,0
1761,4942,2,8327224,8398520,255,0,0,102,255,2,0,0,0
1761,4943,3,8327224,8398520,0,182,0,102,0,2,0,0,0
1762,4944,1,8327224,8398520,0,0,0,0,255,2,0,0,0
1762,4945,2,8327224,8398520,255,0,0,102,255,2,0,0,0
1762,4946,3,8327224,8398520,0,165,0,102,0,2,0,0,0
1763,4947,1,8327224,8398520,0,0,0,0,255,2,0,0,0
1763,4948,2,8327224,8398520,255,0,0,102,255,2,0,0,0
1763,4949,3,8327224,8398520,0,151,0,102,0,2,0,0,0
1764,4950,1,8327224,8398520,0,0,0,0,255,2,0,0,0
1764,4951,2,8327224,8398520,255,0,0,102,255,2,0,0,0
1764,4952,3,8327224,8398520,0,137,0,102,0,2,0,0,0
1765,4953,1,8327224,8398520,0,0,0,0,255,2,0,0,0
1765,4954,2,8327224,8398520,255,0,0,102,255,2,0,0,0
1765,4955,3,8327224,8398520,0,124,0,102,0,2,0,0,0
1766,4956,1,8327224,8398520,0,0,0,0,255,2,0,0,0
1766,4957,2,8327224,8398520,255,0,0,102,255,2,0,0,0
1766,4958,3,8327224,8398520,0,112,0,102,0,2,0,0,0
1767,4959,1,8327224,8398520,0,0,0,0,255,2,0,0,0
1767,4960,2,8327224,8398520,255,0,0,102,255,2,0,0,0
1767,4961,3,8327224,8398520,0,99,0,102,0,2,0,0,0
1768,4962,1,8327224,8398520,0,0,0,0,255,2,0,0,0
1768,4963,2,8327224,8398520,255,0,0,102,255,2,0,0,0
1768,4964,3,8327224,8398520,0,92,0,102,0,2,0,0,0
1769,4965,1,8327224,8398520,0,0,0,0,255,2,0,0,0
1769,4966,2,8327224,8398520,255,0,0,102,255,2,0,0,0
1769,4967,3,8327224,8398520,0,83,0,102,0,2,0,0,0
1770,4968,1,8327224,8398520,0,0,0,0,255,2,0,0,0
1770,4969,2,8327224,8398520,255,0,0,102,255,2,0,0,0
1770,4970,3,8327224,8398520,0,72,0,102,0,2,0,0,0
1771,4971,1,8327224,8398520,0,0,0,0,255,2,0,0,0
1771,4972,2,8327224,8398520,255,0,0,102,255,2,0,0,0
1771,4973,3,8327224,8398520,0,69,0,102,0,2,0,0,0
1772,4974,1,8327224,8398520,0,0,0,0,255,2,0,0,0
1772,4975,2,8327224,8398520,255,0,0,102,255,2,0,0,0
1772,4976,3,8327224,8398520,0,62,0,102,0,2,0,0,0
1773,4977,1,8327224,8398520,0,0,0,0,255,2,0,0,0
1773,4978,2,8327224,8398520,255,0,0,102,255,2,0,0,0
1773,4979,3,8327224,8398520,0,55,0,102,0,2,0,0,0
1774,4980,1,8327224,8398520,0,0,0,0,255,2,0,0,0
1774,4981,2,8327224,8398520,255,0,0,102,255,2,0,0,0
1774,4982,3,8327224,8398520,0,49,0,102,0,2,0,0,0
1775,4983,1,8327224,8398520,0,0,0,0,255,2,0,0,0
1775,4984,2,8327224,8398520,255,0,0,102,255,2,0,0,0
1775,4985,3,8327224,8398520,0,44,0,102,0,2,0,0,0
1776,4986,1,8327224,8398520,0,0,0,0,255,2,0,0,0
1776,4987,2,8327224,8398520,255,0,0,102,255,2,0,0,0
1776,4988,3,8327224,8398520,0,39,0,102,0,2,0,0,0
1777,4989,1,8327224,8398520,0,0,0,0,255,2,0,0,0
1777,4990,2,8327224,8398520,255,0,0,102,255,2,0,0,0
1777,4991,3,8327224,8398520,0,41,0,102,0,2,0,0,0
1778,4992,1,8327224,8398520,0,0,0,0,255,2,0,0,0
1778,4993,2,8327224,8398520,255,0,0,102,255,2,0,0,0
1778,4994,3,8327224,8398520,0,36,0,102,0,2,0,0,0
1779,4995,1,8327224,8398520,0,0,0,0,255,2,0,0,0
1779,4996,2,8327224,8398520,255,0,0,102,255,2,0,0,0
1779,4997,3,8327224,8398520,0,30,0,102,0,2,0,0,0
1780,4998,1,8327224,8398520,0,0,0,0,255,2,0,0,0
1780,4999,2,8327224,8398520,255,0,0,102,255,2,0,0,0
1780,5000,3,8327224,8398520,0,34,0,102,0,2,0,0,0
1781,5001,1,8327224,8398520,0,0,0,0,255,2,0,0,0
1781,5002,2,8327224,8398520,255,0,0,102,255,2,0,0,0
1781,5003,3,8327224,8398520,0,29,0,102,0,2,0,0,0
1782,5004,1,8327224,8398520,0,0,0,0,255,2,0,0,0
1782,5005,2,8327224,8398520,255,0,0,102,255,2,0,0,3
1782,5006,3,8327224,8398520,0,23,0,102,0,2,0,0,0
1783,5007,1,8327224,8398520,0,0,0,0,255,2,0,0,0
1783,5008,2,8327224,8398520,255,0,0,102,255,2,0,0,0
1783,5009,3,8327224,8398520,0,19,0,102,0,2,0,0,0
1784,5010,1,8327224,8398520,0,0,0,0,255,2,0,0,0
1784,5011,2,8327224,8398520,255,0,0,102,255,2,0,0,3
1784,5012,3,8327224,8398520,0,0,0,102,0,2,0,0,0
1785,5013,1,8327224,8398520,255,0,0,102,255,2,0,0,3
1785,5014,2,8327224,8398520,255,0,0,102,255,2,0,0,3
1785,5015,3,8327224,8398520,0,0,0,102,0,2,0,0,0
1786,5016,1,8327224,8398520,255,0,0,102,255,2,0,0,3
1786,5017,2,8327224,8398520,255,0,0,102,255,2,0,0,3
1786,5018,3,8327224,8398520,0,0,0,102,0,2,0,0,0
1787,5019,1,8327224,8398520,255,0,0,102,255,2,0,0,3
1787,5020,2,8327224,8398520,255,0,0,102,255,2,0,0,3
1787,5021,3,8327224,8398520,0,0,0,102,0,2,0,0,0
1788,5022,1,8327224,8398520,255,0,0,102,255,2,0,0,3
1788,5023,2,8327224,8398520,255,0,0,102,255,2,0,0,3
1788,5024,3,8327224,8398520,107,0,0,102,0,2,0,0,0
1789,5025,1,8327224,8398520,255,0,0,102,255,2,0,0,3
1789,5026,2,8327224,8398520,255,0,0,102,255,2,0,0,3
1789,5027,3,8327224,8398520,95,0,0,102,0,2,0,0,0
1790,5028,1,8327224,8398520,255,0,0,102,255,2,0,0,3
1790,5029,2,8327224,8398520,255,0,0,102,255,2,0,0,3
1790,5030,3,8327224,8398520,75,0,0,102,0,2,0,0,0
1791,5031,1,8327224,8398520,255,0,0,102,255,2,0,0,3
1791,5032,2,8327224,8398520,255,0,0,102,255,2,0,0,3
1791,5033,3,8327224,8398520,68,0,0,102,0,2,0,0,0
1792,5034,1,8327224,8398520,255,0,0,102,255,2,0,0,3
1792,5035,2,8327224,8398520,255,0,0,102,255,2,0,0,3
1792,5036,3,8327224,8398520,61,0,0,102,0,2,0,0,0
1793,5037,1,8327224,8398520,255,0,0,102,255,2,0,0,3
1793,5038,2,8327224,8398520,255,0,0,102,255,2,0,0,3
1793,5039,3,8327224,8398520,56,0,0,102,0,2,0,0,0
1794,5040,1,8327224,8398520,255,0,0,102,255,2,0,0,3
1794,5041,2,8327224,8398520,255,0,0,102,255,2,0,0,3
1794,5042,3,8327224,8398520,51,0,0,102,0,2,0,0,0
1795,5043,1,8327224,8398520,255,0,0,102,255,2,0,0,3
1795,5044,2,8327224,8398520,255,0,0,102,255,2,0,0,3
1795,5045,3,8327224,8398520,47,0,0,102,0,2,0,0,0
1796,5046,1,8327224,8398520,255,0,0,102,255,2,0,0,3
1796,5047,2,8327224,8398520,255,0,0,102,255,2,0,0,3
1796,5048,3,8327224,8398520,43,0,0,102,0,2,0,0,0
1797,5049,1,8327224,8398520,255,0,0,102,255,2,0,0,3
1797,5050,2,8327224,8398520,255,0,0,102,255,2,0,0,3
1797,5051,3,8327224,8398520,39,0,0,102,0,2,0,0,0
1798,5052,1,8327224,8398520,255,0,0,102,255,2,0,0,3
1798,5053,2,8327224,8398520,255,0,0,102,255,2,0,0,3
1798,5054,3,8327224,8398520,35,0,0,102,0,2,0,0,0
1799,5055,1,8327224,8398520,255,0,0,102,255,2,0,0,3
1799,5056,2,8327224,8398520,255,0,0,102,255,2,0,0,3
1799,5057,3,8327224,8398520,31,0,0,102,0,2,0,0,0
1800,5058,1,8327224,8398520,255,0,0,102,255,2,0,1440,3
1800,5059,2,8327224,8398520,255,0,0,102,255,2,0,1440,3
1800,5060,3,8327224,8398520,27,0,0,102,0,2,0,0,0
1801,5061,1,8327224,8398520,255,0,0,102,255,2,0,1440,3
1801,5062,2,8327224,8398520,255,0,0,102,255,2,0,1440,0
1801,5063,3,8327224,8398520,24,0,0,102,0,2,0,0,0
1802,5064,1,8327224,8398520,255,0,0,102,255,2,0,1440,3
1802,5065,2,8327224,8398520,255,0,0,102,255,2,0,1440,0
1802,5066,3,8327224,8398520,21,0,0,102,0,2,0,0,0
1803,5067,1,8327224,8398520,255,0,0,102,255,2,0,1440,3
1803,5068,2,8327224,8398520,255,0,0,102,255,2,0,1440,0
1803,5069,3,8327224,8398520,0,0,0,102,0,2,0,0,0
1804,5070,1,8327224,8398520,255,0,0,102,255,2,0,1440,3
1804,5071,2,8327224,8398520,255,0,0,102,255,2,0,1440,0
1804,5072,3,8327224,8398520,0,0,0,102,0,2,0,0,0
1805,5073,1,8327224,8398520,255,0,0,102,255,2,0,1440,3
1805,5074,2,8327224,8398520,255,0,0,102,255,2,0,1440,0
1805,5075,3,8327224,8398520,0,0,0,102,0,2,0,0,0
1806,5076,1,8327224,8398520,255,0,0,102,255,2,0,1440,3
1806,5077,2,8327224,8398520,255,0,0,102,255,2,0,1440,0
1806,5078,3,8327224,8398520,0,0,0,102,0,2,0,0,0
1807,5079,1,8327224,8398520,255,0,0,102,255,2,0,1390,3
1807,5080,2,8327224,8398520,255,0,0,102,255,2,0,1390,0
1807,5081,3,8327224,8398520,0,0,0,102,0,2,0,0,0
1808,5082,1,8327224,8398520,255,0,0,102,255,2,0,1340,3
1808,5083,2,8327224,8398520,255,0,0,102,255,2,0,1340,0
1808,5084,3,8327224,8398520,0,0,0,102,0,2,0,0,0
1809,5085,1,8327224,8398520,255,0,0,102,255,2,0,1290,3
1809,5086,2,8327224,8398520,255,0,0,102,255,2,0,1290,0
1809,5087,3,8327224,8398520,0,0,0,102,0,2,0,0,3
1810,5088,1,8327224,8398520,255,0,0,102,255,2,0,1440,3
1810,5089,2,8327224,8398520,255,0,0,102,255,2,0,1440,0
1810,5090,3,8327224,8398520,0,0,0,102,0,2,0,0,0
1811,5091,1,8327224,8398520,255,0,0,102,255,2,0,1390,3
1811,5092,2,8327224,8398520,255,0,0,102,255,2,0,1390,0
1811,5093,3,8327224,8398520,0,0,0,102,0,2,0,0,3
1812,5094,1,8327224,8398520,255,0,0,102,255,2,0,1340,3
1812,5095,2,8327224,8398520,255,0,0,102,255,2,0,1340,0
1812,5096,3,8327224,8398520,0,0,0,102,0,2,0,0,0
1813,5097,1,8327224,8398520,255,0,0,102,255,2,0,1440,3
1813,5098,2,8327224,8398520,255,0,0,102,255,2,0,1440,0
1813,5099,3,8327224,8398520,0,0,0,102,0,2,0,0,3
1814,5100,1,8327224,8398520,255,0,0,102,255,2,0,1390,3
1814,5101,2,8327224,8398520,255,0,0,102,255,2,0,1390,0
1814,5102,3,8327224,8398520,0,0,0,102,0,2,0,0,0
1815,5103,1,8327224,8398520,255,0,0,102,255,2,0,1340,3
1815,5104,2,8327224,8398520,255,0,0,102,255,2,0,1340,0
1815,5105,3,8327224,8398520,0,0,0,102,0,2,0,0,3
1816,5106,1,8327224,8398520,255,0,0,102,255,2,0,1290,3
1816,5107,2,8327224,8398520,255,0,0,102,255,2,0,1290,3
1816,5108,3,8327224,8398520,0,0,0,102,0,2,0,0,0
1817,5109,1,8327224,8398520,255,0,0,102,255,2,0,1240,3
1817,5110,2,8327224,8398520,255,0,0,102,255,2,0,1240,0
1817,5111,3,8327224,8398520,0,0,0,102,0,2,0,0,3
1818,5112,1,8327224,8398520,255,0,0,102,255,2,0,1190,3
1818,5113,2,8327224,8398520,255,0,0,102,255,2,0,1190,3
1818,5114,3,8327224,8398520,0,0,0,102,0,2,0,0,0
1819,5115,1,8327224,8398520,255,0,0,102,255,2,0,1140,3
1819,5116,2,8327224,8398520,255,0,0,102,255,2,0,1140,0
1819,5117,3,8327224,8398520,0,0,0,102,0,2,0,0,0
1820,5118,1,8327224,8398520,255,0,0,102,255,2,0,1440,3
1820,5119,2,8327224,8398520,255,0,0,102,255,2,0,1440,3
1820,5120,3,8327224,8398520,0,0,0,102,0,2,0,0,0
1821,5121,2,8327224,8398520,255,0,0,102,255,2,0,1390,0
1821,5122,3,8327224,8398520,0,0,0,102,0,2,0,0,0
1822,5123,2,8327224,8398520,255,0,0,102,255,2,0,1340,3
1822,5124,3,8327224,8398520,0,0,0,102,0,2,0,0,0
1823,5125,2,8327224,8398520,255,0,0,102,255,2,0,1290,0
1823,5126,3,8327224,8398520,44,0,0,102,0,2,0,0,0
1824,5127,2,8327224,8398520,255,0,0,102,255,2,0,1240,3
1824,5128,3,8327224,8398520,0,0,0,102,0,2,0,0,0
1825,5129,2,8327224,8398520,255,0,0,102,255,2,0,1190,3
1825,5130,3,8327224,8398520,0,0,0,102,0,2,0,0,3
1826,5131,3,8327224,8398520,46,0,0,102,0,2,0,0,0
1827,5132,3,8327224,8398520,0,0,0,102,0,2,0,0,3
1828,5133,3,8327224,8398520,46,0,0,102,0,2,0,0,0
1829,5134,3,8327224,8398520,0,0,0,102,0,2,0,0,3
1830,5135,3,8327224,8398520,64,0,0,102,0,2,0,0,0
1831,5136,3,8327224,8398520,0,0,0,102,0,2,0,0,3
1832,5137,3,8327224,8398520,60,0,0,102,0,2,0,0,0
1833,5138,3,8327224,8398520,45,0,0,102,0,2,0,0,3
1834,5139,3,8327224,8398520,30,0,0,25,0,2,0,0,7
1835,5140,3,8327224,8398520,15,0,0,25,0,2,0,0,7
1836,5141,3,8327224,8398520,0,148,0,25,0,2,0,0,7
1837,5142,3,8327224,8398520,0,135,0,25,0,2,0,0,7
1838,5143,3,8327224,8398520,0,124,0,25,0,2,0,0,7
1839,5144,3,8327224,8398520,0,113,0,25,0,2,0,0,7
1840,5145,3,8327224,8398520,0,104,0,25,0,2,0,0,7
1841,5146,3,8327224,8398520,0,96,0,25,0,2,0,0,7
1842,5147,3,8327224,8398520,0,89,0,25,0,2,0,0,7
1843,5148,3,8327224,8398520,0,82,0,25,0,2,0,0,7
1844,5149,3,8327224,8398520,0,77,0,25,0,2,0,0,7
1845,5150,3,8327224,8398520,0,71,0,0,0,2,0,0,7
1846,5151,3,8327224,8398520,0,75,0,0,0,2,0,0,7
1847,5152,3,8327224,8398520,0,74,0,0,0,2,0,0,7
1848,5153,3,8327224,8398520,0,71,0,0,0,2,0,0,7
1849,5154,3,8327224,8398520,0,67,0,0,0,2,0,0,7
1850,5155,3,8327224,8398520,0,62,0,0,0,2,0,0,7
1851,5156,3,8327224,8398520,0,57,0,0,0,2,0,0,7
1852,5157,3,8327224,8398520,0,51,0,0,0,2,0,0,7
1853,5158,3,8327224,8398520,0,46,0,0,0,2,0,0,7
1854,5159,3,8327224,8398520,0,40,0,0,0,2,0,0,7
1855,5160,3,8327224,8398520,0,36,0,0,0,2,0,0,7
1856,5161,3,8327224,8398520,0,31,0,0,0,2,0,0,7
1857,5162,3,8327224,8398520,0,27,0,0,0,2,0,0,7
1858,5163,3,8327224,8398520,0,24,0,0,0,2,0,0,7
1859,5164,3,8327224,8398520,0,21,0,0,0,2,0,0,7
1860,5165,3,8327224,8398520,0,18,0,0,0,2,0,0,7
1861,5166,3,8327224,8398520,0,15,0,0,0,2,0,0,7
1862,5167,3,8327224,8398520,0,13,0,0,0,2,0,0,7
1863,5168,3,8327224,8398520,0,11,0,0,0,2,0,0,7
1864,5169,3,8327224,8398520,0,9,0,0,0,2,0,0,7
1865,5170,3,8327224,8398520,0,8,0,0,0,2,0,0,7
1866,5171,3,8327224,8398520,0,25,0,0,0,2,0,0,0
1867,5172,3,8327224,8398520,0,21,0,0,0,2,0,0,0
1868,5173,3,8327224,8398520,0,18,0,0,0,2,0,0,0
1869,5174,3,8327224,8398520,0,14,0,0,0,2,0,0,0
1870,5175,3,8327224,8398520,0,12,0,0,0,2,0,0,0
1871,5176,3,8327224,8398520,0,9,0,0,0,2,0,0,0
1872,5177,3,8327224,8398520,0,7,0,0,0,2,0,0,0
1873,5178,3,8327224,8398520,0,255,0,0,0,2,0,0,0
1874,5179,3,8327224,8398520,0,255,0,0,0,2,0,0,0
1875,5180,3,8327224,8398520,0,255,0,0,0,2,0,0,0
1876,5181,3,8327224,8398520,0,255,0,0,0,2,0,0,0
1877,5182,3,8327224,8398520,0,255,0,0,0,2,0,0,0
1878,5183,3,8327224,8398520,0,255,0,0,0,2,0,0,0
1879,5184,3,8327224,8398520,0,255,0,0,0,2,0,0,0
1880,5185,3,8327224,8398520,0,255,0,0,0,2,0,0,0
1881,5186,3,8327224,8398520,0,255,0,0,0,2,0,0,0
1882,5187,3,8327224,8398520,0,255,0,0,0,2,0,0,0
1883,5188,3,8327224,8398520,0,255,0,0,0,2,0,0,0
1884,5189,3,8327224,8398520,0,255,0,0,0,2,0,0,0
1885,5190,3,8327224,8398520,0,255,0,0,0,2,0,0,0
1886,5191,3,8327224,8398520,0,255,0,0,0,2,0,0,0
1887,5192,3,8327224,8398520,0,255,0,0,0,2,0,0,0
1888,5193,3,8327224,8398520,0,255,0,0,0,2,0,0,0
1889,5194,3,8327224,8398520,0,255,0,0,0,2,0,0,0
1890,5195,3,8327224,8398520,0,255,0,0,0,2,0,0,0
1891,5196,3,8327224,8398520,0,255,0,0,0,2,0,0,0
1892,5197,3,8327224,8398520,0,255,0,0,0,2,0,0,0
1893,5198,3,8327224,8398520,0,255,0,0,0,2,0,0,0
1894,5199,3,8327224,8398520,0,255,0,0,0,2,0,0,0
1895,5200,3,8327224,8398520,0,255,0,0,0,2,0,0,0
1896,5201,3,8327224,8398520,0,255,0,0,0,2,0,0,0
1897,5202,3,8327224,8398520,0,255,0,0,0,2,0,0,0
1898,5203,3,8327224,8398520,0,255,0,0,0,2,0,0,0
1899,5204,3,8327224,8398520,0,255,0,0,0,2,0,0,0
1900,5205,3,8327224,8398520,0,255,0,0,0,2,0,0,0
1901,5206,3,8327224,8398520,0,255,0,0,0,2,0,0,0
1902,5207,3,8327224,8398520,0,255,0,0,0,2,0,0,0
1903,5208,3,8327224,8398520,0,255,0,0,0,2,0,0,0
1904,5209,3,8327224,8398520,0,255,0,0,0,2,0,0,0
1905,5210,3,8327224,8398520,0,255,0,0,0,2,0,0,0
1906,5211,3,8327224,8398520,0,255,0,0,0,2,0,0,0
1907,5212,3,8327224,8398520,0,255,0,0,0,2,0,0,0
1908,5213,3,8327224,8398520,0,255,0,0,0,2,0,0,0
1909,5214,3,8327224,8398520,0,255,0,0,0,2,0,0,0
1910,5215,3,8327224,8398520,0,255,0,0,0,2,0,0,0
1911,5216,3,8327224,8398520,0,255,0,0,0,2,0,0,0
1912,5217,3,8327224,8398520,0,255,0,0,0,2,0,0,0
1913,5218,3,8327224,8398520,0,255,0,0,0,2,0,0,0
1914,5219,3,8327224,8398520,0,255,0,0,0,2,0,0,0
1915,5220,3,8327224,8398520,0,255,0,0,0,2,0,0,0
1916,5221,3,8327224,8398520,0,255,0,0,0,2,0,0,0
1917,5222,3,8327224,8398520,0,255,0,0,0,2,0,0,0
1918,5223,3,8327224,8398520,0,255,0,0,0,2,0,0,0
1919,5224,3,8327224,8398520,0,255,0,0,0,2,0,0,0
1920,5225,3,8327224,8398520,0,255,0,0,0,2,0,0,0
1921,5226,3,8327224,8398520,0,255,0,0,0,2,0,0,0
1922,5227,3,8327224,8398520,0,255,0,0,0,2,0,0,0
1923,5228,3,8327224,8398520,0,255,0,0,0,2,0,0,0
1924,5229,3,8327224,8398520,0,255,0,0,0,2,0,0,0
1925,5230,3,8327224,8398520,0,255,0,0,0,2,0,0,0
1926,5231,3,8327224,8398520,0,255,0,0,0,2,0,0,0
1927,5232,3,8327224,8398520,0,255,0,0,0,2,0,0,0
1928,5233,3,8327224,8398520,0,255,0,0,0,2,0,0,0
1929,5234,3,8327224,8398520,0,255,0,0,0,2,0,0,0
1930,5235,3,8327224,8398520,0,255,0,0,0,2,0,0,0
1931,5236,3,8327224,8398520,0,255,0,0,0,2,0,0,0
1932,5237,3,8327224,8398520,0,255,0,0,0,2,0,0,0
1933,5238,3,8327224,8398520,0,255,0,0,0,2,0,0,0
1934,5239,3,8327224,8398520,0,255,0,0,0,2,0,0,0
1935,5240,3,8327224,8398520,0,255,0,0,0,2,0,0,0
1936,5241,3,8327224,8398520,0,255,0,0,0,2,0,0,0
1937,5242,3,8327224,8398520,0,255,0,0,0,2,0,0,0
1938,5243,3,8327224,8398520,0,255,0,0,0,2,0,0,0
1939,5244,3,8327224,8398520,0,255,0,0,0,2,0,0,0
1940,5245,3,8327224,8398520,0,255,0,0,0,2,0,0,0
1941,5246,3,8327224,8398520,0,255,0,0,0,2,0,0,0
1942,5247,3,8327224,8398520,0,255,0,0,0,2,0,0,0
1943,5248,3,8327224,8398520,0,255,0,0,0,2,0,0,0
1944,5249,3,8327224,8398520,0,255,0,0,0,2,0,0,0
1945,5250,3,8327224,8398520,0,255,0,0,0,2,0,0,0
1946,5251,3,8327224,8398520,0,255,0,0,0,2,0,0,0
1947,5252,3,8327224,8398520,0,255,0,0,0,2,0,0,0
1948,5253,3,8327224,8398520,0,255,0,0,0,2,0,0,0
1949,5254,3,8327224,8398520,0,255,0,0,0,2,0,0,0
1950,5255,3,8327224,8398520,0,255,0,0,0,2,0,0,0
1951,5256,3,8327224,8398520,0,255,0,0,0,2,0,0,0
1952,5257,3,8327224,8398520,0,255,0,0,0,2,0,0,0
1953,5258,3,8327224,8398520,0,255,0,0,0,2,0,0,0
1954,5259,3,8327224,8398520,0,255,0,0,0,2,0,0,0
1955,5260,3,8327224,8398520,0,255,0,0,0,2,0,0,0
1956,5261,3,8327224,8398520,0,255,0,0,0,2,0,0,0
1957,5262,3,8327224,8398520,0,255,0,0,0,2,0,0,0
1958,5263,3,8327224,8398520,0,255,0,0,0,2,0,0,0
1959,5264,3,8327224,8398520,0,255,0,0,0,2,0,0,0
1960,5265,3,8327224,8398520,0,255,0,0,0,2,0,0,0
1961,5266,3,8327224,8398520,0,255,0,0,0,2,0,0,0
1962,5267,3,8327224,8398520,0,255,0,0,0,2,0,0,0
1963,5268,3,8327224,8398520,0,255,0,0,0,2,0,0,0
1964,5269,3,8327224,8398520,0,255,0,0,0,2,0,0,0
1965,5270,3,8327224,8398520,0,255,0,0,0,2,0,0,0
1966,5271,3,8327224,8398520,0,255,0,0,0,2,0,0,0
1967,5272,3,8327224,8398520,0,255,0,0,0,2,0,0,0
1968,5273,3,8327224,8398520,0,255,0,0,0,2,0,0,0
1969,5274,3,8327224,8398520,0,255,0,0,0,2,0,0,0
1970,5275,3,8327224,8398520,0,255,0,0,0,2,0,0,0
1971,5276,3,8327224,8398520,0,255,0,0,0,2,0,0,0
1972,5277,3,8327224,8398520,0,255,0,0,0,2,0,0,0
1973,5278,3,8327224,8398520,0,255,0,0,0,2,0,0,0
1974,5279,3,8327224,8398520,0,255,0,0,0,2,0,0,0
1975,5280,3,8327224,8398520,0,255,0,0,0,2,0,0,0
1976,5281,3,8327224,8398520,0,255,0,0,0,2,0,0,0
1977,5282,3,8327224,8398520,0,255,0,0,0,2,0,0,0
1978,5283,3,8327224,8398520,0,255,0,0,0,2,0,0,0
1979,5284,3,8327224,8398520,0,255,0,0,0,2,0,0,0
1980,5285,3,8327224,8398520,0,255,0,0,0,2,0,0,0
1981,5286,3,8327224,8398520,0,255,0,0,0,2,0,0,0
1982,5287,3,8327224,8398520,0,255,0,0,0,2,0,0,0
1983,5288,3,8327224,8398520,0,255,0,0,0,2,0,0,0
1984,5289,3,8327224,8398520,0,255,0,0,0,2,0,0,0
1985,5290,3,8327224,8398520,0,255,0,0,0,2,0,0,0
1986,5291,3,8327224,8398520,0,255,0,0,0,2,0,0,0
1987,5292,3,8327224,8398520,0,255,0,0,0,2,0,0,0
1988,5293,3,8327224,8398520,0,255,0,0,0,2,0,0,0
1989,5294,3,8327224,8398520,0,255,0,0,0,2,0,0,0
1990,5295,3,8327224,8398520,0,255,0,0,0,2,0,0,0
1991,5296,3,8327224,8398520,0,255,0,0,0,2,0,0,0
1992,5297,3,8327224,8398520,0,255,0,0,0,2,0,0,0
1993,5298,3,8327224,8398520,0,255,0,0,0,2,0,0,0
1994,5299,3,8327224,8398520,0,255,0,0,0,2,0,0,0
1995,5300,3,8327224,8398520,0,255,0,0,0,2,0,0,0
1996,5301,3,8327224,8398520,0,255,0,0,0,2,0,0,0
1997,5302,3,8327224,8398520,0,255,0,0,0,2,0,0,0
1998,5303,3,8327224,8398520,0,255,0,0,0,2,0,0,0
1999,5304,3,8327224,8398520,0,255,0,0,0,2,0,0,0
2000,5305,3,8327224,8398520,0,255,0,0,0,2,0,0,0
2001,5306,3,8327224,8398520,0,255,0,0,0,2,0,0,0
2002,5307,3,8327224,8398520,0,255,0,0,0,2,0,0,0
2003,5308,3,8327224,8398520,0,255,0,0,0,2,0,0,0
2004,5309,3,8327224,8398520,0,255,0,0,0,2,0,0,0
2005,5310,3,8327224,8398520,0,255,0,0,0,2,0,0,0
2006,5311,3,8327224,8398520,0,255,0,0,0,2,0,0,0
2007,5312,3,8327224,8398520,0,255,0,0,0,2,0,0,0
2008,5313,3,8327224,8398520,0,255,0,0,0,2,0,0,0
2009,5314,3,8327224,8398520,0,255,0,0,0,2,0,0,0
2010,5315,3,8327224,8398520,0,255,0,0,0,2,0,0,0
2011,5316,3,8327224,8398520,0,255,0,0,0,2,0,0,0
2012,5317,3,8327224,8398520,0,255,0,0,0,2,0,0,0
2013,5318,3,8327224,8398520,0,255,0,0,0,2,0,0,0
2014,5319,3,8327224,8398520,0,255,0,0,0,2,0,0,0
2015,5320,3,8327224,8398520,0,255,0,0,0,2,0,0,0
2016,5321,3,8327224,8398520,0,255,0,0,0,2,0,0,0
2017,5322,3,8327224,8398520,0,255,0,0,0,2,0,0,0
2018,5323,3,8327224,8398520,0,255,0,0,0,2,0,0,0
2019,5324,3,8327224,8398520,0,255,0,0,0,2,0,0,0
2020,5325,3,8327224,8398520,0,255,0,0,0,2,0,0,0
2021,5326,3,8327224,8398520,0,255,0,0,0,2,0,0,0
2022,5327,3,8327224,8398520,0,255,0,0,0,2,0,0,0
2023,5328,3,8327224,8398520,0,255,0,0,0,2,0,0,0
2024,5329,3,8327224,8398520,0,255,0,0,0,2,0,0,0
2025,5330,3,8327224,8398520,0,255,0,0,0,2,0,0,0
2026,5331,3,8327224,8398520,0,255,0,0,0,2,0,0,0
2027,5332,3,8327224,8398520,0,255,0,0,0,2,0,0,0
2028,5333,3,8327224,8398520,0,255,0,0,0,2,0,0,0
2029,5334,3,8327224,8398520,0,255,0,0,0,2,0,0,0
2030,5335,3,8327224,8398520,0,255,0,0,0,2,0,0,0
2031,5336,3,8327224,8398520,0,255,0,0,0,2,0,0,0
2032,5337,3,8327224,8398520,0,255,0,0,0,2,0,0,0
2033,5338,3,8327224,8398520,0,255,0,0,0,2,0,0,0
2034,5339,3,8327224,8398520,0,255,0,0,0,2,0,0,0
2035,5340,3,8327224,8398520,0,255,0,0,0,2,0,0,0
2036,5341,3,8327224,8398520,0,255,0,0,0,2,0,0,0
2037,5342,3,8327224,8398520,0,255,0,0,0,2,0,0,0
2038,5343,3,8327224,8398520,0,255,0,0,0,2,0,0,0
2039,5344,3,8327224,8398520,0,255,0,0,0,2,0,0,0
2040,5345,3,8327224,8398520,0,255,0,0,0,2,0,0,0
2041,5346,3,8327224,8398520,0,255,0,0,0,2,0,0,0
2042,5347,3,8327224,8398520,0,255,0,0,0,2,0,0,0
2043,5348,3,8327224,8398520,0,255,0,0,0,2,0,0,0
2044,5349,3,8327224,8398520,0,255,0,0,0,2,0,0,0
2045,5350,3,8327224,8398520,0,255,0,0,0,2,0,0,0
2046,5351,3,8327224,8398520,0,255,0,0,0,2,0,0,0
2047,5352,3,8327224,8398520,0,255,0,0,0,2,0,0,0
2048,5353,3,8327224,8398520,0,255,0,0,0,2,0,0,0
2049,5354,3,8327224,8398520,0,255,0,0,0,2,0,0,0
2050,5355,3,8327224,8398520,0,255,0,0,0,2,0,0,0
2051,5356,3,8327224,8398520,0,255,0,0,0,2,0,0,0
2052,5357,3,8327224,8398520,0,255,0,0,0,2,0,0,0
2053,5358,3,8327224,8398520,0,255,0,0,0,2,0,0,0
2054,5359,3,8327224,8398520,0,255,0,0,0,2,0,0,0
2055,5360,3,8327224,8398520,0,255,0,0,0,2,0,0,0
2056,5361,3,8327224,8398520,0,255,0,0,0,2,0,0,0
2057,5362,3,8327224,8398520,0,255,0,0,0,2,0,0,0
2058,5363,3,8327224,8398520,0,255,0,0,0,2,0,0,0
2059,5364,3,8327224,8398520,0,255,0,0,0,2,0,0,0
2060,5365,3,8327224,8398520,0,255,0,0,0,2,0,0,0
2061,5366,3,8327224,8398520,0,255,0,0,0,2,0,0,0
2062,5367,3,8327224,8398520,0,255,0,0,0,2,0,0,0
2063,5368,3,8327224,8398520,0,255,0,0,0,2,0,0,0
2064,5369,3,8327224,8398520,0,255,0,0,0,2,0,0,0
2065,5370,3,8327224,8398520,0,255,0,0,0,2,0,0,0
2066,5371,3,8327224,8398520,0,255,0,0,0,2,0,0,0
2067,5372,3,8327224,8398520,0,255,0,0,0,2,0,0,0
2068,5373,3,8327224,8398520,0,255,0,0,0,2,0,0,0
2069,5374,3,8327224,8398520,0,255,0,0,0,2,0,0,0
2070,5375,3,8327224,8398520,0,255,0,0,0,2,0,0,0
2071,5376,3,8327224,8398520,0,255,0,0,0,2,0,0,0
2072,5377,3,8327224,8398520,0,255,0,0,0,2,0,0,0
2073,5378,3,8327224,8398520,0,255,0,0,0,2,0,0,0
2074,5379,3,8327224,8398520,0,255,0,0,0,2,0,0,0
2075,5380,3,8327224,8398520,0,255,0,0,0,2,0,0,0
2076,5381,3,8327224,8398520,0,255,0,0,0,2,0,0,0
2077,5382,3,8327224,8398520,0,255,0,0,0,2,0,0,0
2078,5383,3,8327224,8398520,0,255,0,0,0,2,0,0,0
2079,5384,3,8327224,8398520,0,255,0,0,0,2,0,0,0
2080,5385,3,8327224,8398520,0,255,0,0,0,2,0,0,0
2081,5386,3,8327224,8398520,0,255,0,0,0,2,0,0,0
2082,5387,3,8327224,8398520,0,255,0,0,0,2,0,0,0
2083,5388,3,8327224,8398520,0,255,0,0,0,2,0,0,0
2084,5389,3,8327224,8398520,0,255,0,0,0,2,0,0,0
2085,5390,3,8327224,8398520,0,255,0,0,0,2,0,0,0
2086,5391,3,8327224,8398520,0,255,0,0,0,2,0,0,0
2087,5392,3,8327224,8398520,0,255,0,0,0,2,0,0,0
2088,5393,3,8327224,8398520,0,255,0,0,0,2,0,0,0
2089,5394,3,8327224,8398520,0,255,0,0,0,2,0,0,0
2090,5395,3,8327224,8398520,0,255,0,0,0,2,0,0,0
2091,5396,3,8327224,8398520,0,255,0,0,0,2,0,0,0
2092,5397,3,8327224,8398520,0,255,0,0,0,2,0,0,0
2093,5398,3,8327224,8398520,0,255,0,0,0,2,0,0,0
2094,5399,3,8327224,8398520,0,255,0,0,0,2,0,0,0
2095,5400,3,8327224,8398520,0,255,0,0,0,2,0,0,0
2096,5401,3,8327224,8398520,0,255,0,0,0,2,0,0,0
2097,5402,3,8327224,8398520,0,255,0,0,0,2,0,0,0
2098,5403,3,8327224,8398520,0,255,0,0,0,2,0,0,0
2099,5404,3,8327224,8398520,0,255,0,0,0,2,0,0,0
2100,5405,3,8327224,8398520,0,255,0,0,0,2,0,0,0
2101,5406,3,8327224,8398520,0,255,0,0,0,2,0,0,0
2102,5407,3,8327224,8398520,0,255,0,0,0,2,0,0,0
2103,5408,3,8327224,8398520,0,255,0,0,0,2,0,0,0
2104,5409,3,8327224,8398520,0,255,0,0,0,2,0,0,0
2105,5410,3,8327224,8398520,0,255,0,0,0,2,0,0,0
2106,5411,3,8327224,8398520,0,255,0,0,0,2,0,0,0
2107,5412,3,8327224,8398520,0,255,0,0,0,2,0,0,0
2108,5413,3,8327224,8398520,0,255,0,0,0,2,0,0,0
2109,5414,3,8327224,8398520,0,255,0,0,0,2,0,0,0
2110,5415,3,8327224,8398520,0,255,0,0,0,2,0,0,0
2111,5416,3,8327224,8398520,0,255,0,0,0,2,0,0,0
2112,5417,3,8327224,8398520,0,255,0,0,0,2,0,0,0
2113,5418,3,8327224,8398520,0,255,0,0,0,2,0,0,0
2114,5419,3,8327224,8398520,0,255,0,0,0,2,0,0,0
2115,5420,3,8327224,8398520,0,255,0,0,0,2,0,0,0
2116,5421,3,8327224,8398520,0,255,0,0,0,2,0,0,0
2117,5422,3,8327224,8398520,0,255,0,0,0,2,0,0,0
2118,5423,3,8327224,8398520,0,255,0,0,0,2,0,0,0
2119,5424,3,8327224,8398520,0,255,0,0,0,2,0,0,0
2120,5425,3,8327224,8398520,0,255,0,0,0,2,0,0,0
2121,5426,3,8327224,8398520,0,255,0,0,0,2,0,0,0
2122,5427,3,8327224,8398520,0,255,0,0,0,2,0,0,0
2123,5428,3,8327224,8398520,0,255,0,0,0,2,0,0,0
2124,5429,3,8327224,8398520,0,255,0,0,0,2,0,0,0
2125,5430,3,8327224,8398520,0,255,0,0,0,2,0,0,0
2126,5431,3,8327224,8398520,0,255,0,0,0,2,0,0,0
2127,5432,3,8327224,8398520,0,255,0,0,0,2,0,0,0
2128,5433,3,8327224,8398520,0,255,0,0,0,2,0,0,0
2129,5434,3,8327224,8398520,0,255,0,0,0,2,0,0,0
2130,5435,3,8327224,8398520,0,255,0,0,0,2,0,0,0
2131,5436,3,8327224,8398520,0,255,0,0,0,2,0,0,0
2132,5437,3,8327224,8398520,0,255,0,0,0,2,0,0,0
2133,5438,3,8327224,8398520,0,255,0,0,0,2,0,0,0
2134,5439,3,8327224,8398520,0,255,0,0,0,2,0,0,0
2135,5440,3,8327224,8398520,0,255,0,0,0,2,0,0,0
2136,5441,3,8327224,8398520,0,255,0,0,0,2,0,0,0
2137,5442,3,8327224,8398520,0,255,0,0,0,2,0,0,0
2138,5443,3,8327224,8398520,0,255,0,0,0,2,0,0,0
2139,5444,3,8327224,8398520,0,255,0,0,0,2,0,0,0
2140,5445,3,8327224,8398520,0,255,0,0,0,2,0,0,0
2141,5446,3,8327224,8398520,0,255,0,0,0,2,0,0,0
2142,5447,3,8327224,8398520,0,255,0,0,0,2,0,0,0
2143,5448,3,8327224,8398520,0,255,0,0,0,2,0,0,0
2144,5449,3,8327224,8398520,0,255,0,0,0,2,0,0,0
2145,5450,3,8327224,8398520,0,255,0,0,0,2,0,0,0
2146,5451,3,8327224,8398520,0,255,0,0,0,2,0,0,0
2147,5452,3,8327224,8398520,0,255,0,0,0,2,0,0,0
2148,5453,3,8327224,8398520,0,255,0,0,0,2,0,0,0
2149,5454,3,8327224,8398520,0,255,0,0,0,2,0,0,0
2150,5455,3,8327224,8398520,0,255,0,0,0,2,0,0,0
2151,5456,3,8327224,8398520,0,255,0,0,0,2,0,0,0
2152,5457,3,8327224,8398520,0,255,0,0,0,2,0,0,0
2153,5458,3,8327224,8398520,0,255,0,0,0,2,0,0,0
2154,5459,3,8327224,8398520,0,255,0,0,0,2,0,0,0
2155,5460,3,8327224,8398520,0,255,0,0,0,2,0,0,0
2156,5461,3,8327224,8398520,0,255,0,0,0,2,0,0,0
2157,5462,3,8327224,8398520,0,255,0,0,0,2,0,0,0
2158,5463,3,8327224,8398520,0,255,0,0,0,2,0,0,0
2159,5464,3,8327224,8398520,0,255,0,0,0,2,0,0,0
2160,5465,3,8327224,8398520,0,255,0,0,0,2,0,0,0
2161,5466,3,8327224,8398520,0,255,0,0,0,2,0,0,0
2162,5467,3,8327224,8398520,0,255,0,0,0,2,0,0,0
2163,5468,3,8327224,8398520,0,255,0,0,0,2,0,0,0
2164,5469,3,8327224,8398520,0,255,0,0,0,2,0,0,0
2165,5470,3,8327224,8398520,0,255,0,0,0,2,0,0,0
2166,5471,3,8327224,8398520,0,255,0,0,0,2,0,0,0
2167,5472,3,8327224,8398520,0,255,0,0,0,2,0,0,0
2168,5473,3,8327224,8398520,0,255,0,0,0,2,0,0,0
2169,5474,3,8327224,8398520,0,255,0,0,0,2,0,0,0
2170,5475,3,8327224,8398520,0,255,0,0,0,2,0,0,0
2171,5476,3,8327224,8398520,0,255,0,0,0,2,0,0,0
2172,5477,3,8327224,8398520,0,255,0,0,0,2,0,0,0
2173,5478,3,8327224,8398520,0,255,0,0,0,2,0,0,0
2174,5479,3,8327224,8398520,0,255,0,0,0,2,0,0,0
2175,5480,3,8327224,8398520,0,255,0,0,0,2,0,0,0
2176,5481,3,8327224,8398520,0,255,0,0,0,2,0,0,0
2177,5482,3,8327224,8398520,0,255,0,0,0,2,0,0,0
2178,5483,3,8327224,8398520,0,255,0,0,0,2,0,0,0
2179,5484,3,8327224,8398520,0,255,0,0,0,2,0,0,0
2180,5485,3,8327224,8398520,0,255,0,0,0,2,0,0,0
2181,5486,3,8327224,8398520,0,255,0,0,0,2,0,0,0
2182,5487,3,8327224,8398520,0,255,0,0,0,2,0,0,0
2183,5488,3,8327224,8398520,0,255,0,0,0,2,0,0,0
2184,5489,3,8327224,8398520,0,255,0,0,0,2,0,0,0
2185,5490,3,8327224,8398520,0,255,0,0,0,2,0,0,0
2186,5491,3,8327224,8398520,0,255,0,0,0,2,0,0,0
2187,5492,3,8327224,8398520,0,255,0,0,0,2,0,0,0
2188,5493,3,8327224,8398520,0,255,0,0,0,2,0,0,0
2189,5494,3,8327224,8398520,0,255,0,0,0,2,0,0,0
2190,5495,3,8327224,8398520,0,255,0,0,0,2,0,0,0
2191,5496,3,8327224,8398520,0,255,0,0,0,2,0,0,0
2192,5497,3,8327224,8398520,0,255,0,0,0,2,0,0,0
2193,5498,3,8327224,8398520,0,255,0,0,0,2,0,0,0
2194,5499,3,8327224,8398520,0,255,0,0,0,2,0,0,0
2195,5500,3,8327224,8398520,0,255,0,0,0,2,0,0,0
2196,5501,3,8327224,8398520,0,255,0,0,0,2,0,0,0
2197,5502,3,8327224,8398520,0,255,0,0,0,2,0,0,0
2198,5503,3,8327224,8398520,0,255,0,0,0,2,0,0,0
2199,5504,3,8327224,8398520,0,255,0,0,0,2,0,0,0
2200,5505,3,8327224,8398520,0,255,0,0,0,2,0,0,0
2201,5506,3,8327224,8398520,0,255,0,0,0,2,0,0,0
2202,5507,3,8327224,8398520,0,255,0,0,0,2,0,0,0
2203,5508,3,8327224,8398520,0,255,0,0,0,2,0,0,0
2204,5509,3,8327224,8398520,0,255,0,0,0,2,0,0,0
2205,5510,3,8327224,8398520,0,255,0,0,0,2,0,0,0
2206,5511,3,8327224,8398520,0,255,0,0,0,2,0,0,0
2207,5512,3,8327224,8398520,0,255,0,0,0,2,0,0,0
2208,5513,3,8327224,8398520,0,255,0,0,0,2,0,0,0
2209,5514,3,8327224,8398520,0,255,0,0,0,2,0,0,0
2210,5515,3,8327224,8398520,0,255,0,0,0,2,0,0,0
2211,5516,3,8327224,8398520,0,255,0,0,0,2,0,0,0
2212,5517,3,8327224,8398520,0,255,0,0,0,2,0,0,0
2213,5518,3,8327224,8398520,0,255,0,0,0,2,0,0,0
2214,5519,3,8327224,8398520,0,255,0,0,0,2,0,0,0
2215,5520,3,8327224,8398520,0,255,0,0,0,2,0,0,0
2216,5521,3,8327224,8398520,0,255,0,0,0,2,0,0,0
2217,5522,3,8327224,8398520,0,255,0,0,0,2,0,0,0
2218,5523,3,8327224,8398520,0,255,0,0,0,2,0,0,0
2219,5524,3,8327224,8398520,0,255,0,0,0,2,0,0,0
2220,5525,3,8327224,8398520,0,255,0,0,0,2,0,0,0
2221,5526,3,8327224,8398520,0,255,0,0,0,2,0,0,0
2222,5527,3,8327224,8398520,0,255,0,0,0,2,0,0,0
2223,5528,3,8327224,8398520,0,255,0,0,0,2,0,0,0
2224,5529,3,8327224,8398520,0,255,0,0,0,2,0,0,0
2225,5530,3,8327224,8398520,0,255,0,0,0,2,0,0,0
2226,5531,3,8327224,8398520,0,255,0,0,0,2,0,0,0
2227,5532,3,8327224,8398520,0,255,0,0,0,2,0,0,0
2228,5533,3,8327224,8398520,0,255,0,0,0,2,0,0,0
2229,5534,3,8327224,8398520,0,255,0,0,0,2,0,0,0
2230,5535,3,8327224,8398520,0,255,0,0,0,2,0,0,0
2231,5536,3,8327224,8398520,0,255,0,0,0,2,0,0,0
2232,5537,3,8327224,8398520,0,255,0,0,0,2,0,0,0
2233,5538,3,8327224,8398520,0,255,0,0,0,2,0,0,0
2234,5539,3,8327224,8398520,0,255,0,0,0,2,0,0,0
2235,5540,3,8327224,8398520,0,255,0,0,0,2,0,0,0
2236,5541,3,8327224,8398520,0,255,0,0,0,2,0,0,0
2237,5542,3,8327224,8398520,0,255,0,0,0,2,0,0,0
2238,5543,3,8327224,8398520,0,255,0,0,0,2,0,0,0
2239,5544,3,8327224,8398520,0,255,0,0,0,2,0,0,0
2240,5545,3,8327224,8398520,0,255,0,0,0,2,0,0,0
2241,5546,3,8327224,8398520,0,255,0,0,0,2,0,0,0
2242,5547,3,8327224,8398520,0,255,0,0,0,2,0,0,0
2243,5548,3,8327224,8398520,0,255,0,0,0,2,0,0,0
2244,5549,3,8327224,8398520,0,255,0,0,0,2,0,0,0
2245,5550,3,8327224,8398520,0,255,0,0,0,2,0,0,0
2246,5551,3,8327224,8398520,0,255,0,0,0,2,0,0,0
2247,5552,3,8327224,8398520,0,255,0,0,0,2,0,0,0
2248,5553,3,8327224,8398520,0,255,0,0,0,2,0,0,0
2249,5554,3,8327224,8398520,0,255,0,0,0,2,0,0,0
2250,5555,3,8327224,8398520,0,255,0,0,0,2,0,0,0
2251,5556,3,8327224,8398520,0,255,0,0,0,2,0,0,0
2252,5557,3,8327224,8398520,0,255,0,0,0,2,0,0,0
2253,5558,3,8327224,8398520,0,255,0,0,0,2,0,0,0
2254,5559,3,8327224,8398520,0,255,0,0,0,2,0,0,0
2255,5560,3,8327224,8398520,0,255,0,0,0,2,0,0,0
2256,5561,3,8327224,8398520,0,255,0,0,0,2,0,0,0
2257,5562,3,8327224,8398520,0,255,0,0,0,2,0,0,0
2258,5563,3,8327224,8398520,0,255,0,0,0,2,0,0,0
2259,5564,3,8327224,8398520,0,255,0,0,0,2,0,0,0
2260,5565,3,8327224,8398520,0,255,0,0,0,2,0,0,0
2261,5566,3,8327224,8398520,0,255,0,0,0,2,0,0,0
2262,5567,3,8327224,8398520,0,255,0,0,0,2,0,0,0
2263,5568,3,8327224,8398520,0,255,0,0,0,2,0,0,0
2264,5569,3,8327224,8398520,0,255,0,0,0,2,0,0,0
2265,5570,3,8327224,8398520,0,255,0,0,0,2,0,0,0
2266,5571,3,8327224,8398520,0,255,0,0,0,2,0,0,0
2267,5572,3,8327224,8398520,0,255,0,0,0,2,0,0,0
2268,5573,3,8327224,8398520,0,255,0,0,0,2,0,0,0
2269,5574,3,8327224,8398520,0,255,0,0,0,2,0,0,0
2270,5575,3,8327224,8398520,0,255,0,0,0,2,0,0,0
2271,5576,3,8327224,8398520,0,255,0,0,0,2,0,0,0
2272,5577,3,8327224,8398520,0,255,0,0,0,2,0,0,0
2273,5578,3,8327224,8398520,0,255,0,0,0,2,0,0,0
2274,5579,3,8327224,8398520,0,255,0,0,0,2,0,0,0
2275,5580,3,8327224,8398520,0,255,0,0,0,2,0,0,0
2276,5581,3,8327224,8398520,0,255,0,0,0,2,0,0,0
2277,5582,3,8327224,8398520,0,255,0,0,0,2,0,0,0
2278,5583,3,8327224,8398520,0,255,0,0,0,2,0,0,0
2279,5584,3,8327224,8398520,0,255,0,0,0,2,0,0,0
2280,5585,3,8327224,8398520,0,255,0,0,0,2,0,0,0
2281,5586,3,8327224,8398520,0,255,0,0,0,2,0,0,0
2282,5587,3,8327224,8398520,0,255,0,0,0,2,0,0,0
2283,5588,3,8327224,8398520,0,255,0,0,0,2,0,0,0
2284,5589,3,8327224,8398520,0,255,0,0,0,2,0,0,0
2285,5590,3,8327224,8398520,0,255,0,0,0,2,0,0,0
2286,5591,3,8327224,8398520,0,255,0,0,0,2,0,0,0
2287,5592,3,8327224,8398520,0,255,0,0,0,2,0,0,0
2288,5593,3,8327224,8398520,0,255,0,0,0,2,0,0,0
2289,5594,3,8327224,8398520,0,255,0,0,0,2,0,0,0
2290,5595,3,8327224,8398520,0,255,0,0,0,2,0,0,0
2291,5596,3,8327224,8398520,0,255,0,0,0,2,0,0,0
2292,5597,3,8327224,8398520,0,255,0,0,0,2,0,0,0
2293,5598,3,8327224,8398520,0,255,0,0,0,2,0,0,0
2294,5599,3,8327224,8398520,0,255,0,0,0,2,0,0,0
2295,5600,3,8327224,8398520,0,255,0,0,0,2,0,0,0
2296,5601,3,8327224,8398520,0,255,0,0,0,2,0,0,0
2297,5602,3,8327224,8398520,0,255,0,0,0,2,0,0,0
2298,5603,3,8327224,8398520,0,255,0,0,0,2,0,0,0
2299,5604,3,8327224,8398520,0,255,0,0,0,2,0,0,0
2300,5605,3,8327224,8398520,0,255,0,0,0,2,0,0,0
2301,5606,3,8327224,8398520,0,255,0,0,0,2,0,0,0
2302,5607,3,8327224,8398520,0,255,0,0,0,2,0,0,0
2303,5608,3,8327224,8398520,0,255,0,0,0,2,0,0,0
2304,5609,3,8327224,8398520,0,255,0,0,0,2,0,0,0
2305,5610,3,8327224,8398520,0,255,0,0,0,2,0,0,0
2306,5611,3,8327224,8398520,0,255,0,0,0,2,0,0,0
2307,5612,3,8327224,8398520,0,255,0,0,0,2,0,0,0
2308,5613,3,8327224,8398520,0,255,0,0,0,2,0,0,0
2309,5614,3,8327224,8398520,0,255,0,0,0,2,0,0,0
2310,5615,3,8327224,8398520,0,255,0,0,0,2,0,0,0
2311,5616,3,8327224,8398520,0,255,0,0,0,2,0,0,0
2312,5617,3,8327224,8398520,0,255,0,0,0,2,0,0,0
2313,5618,3,8327224,8398520,0,255,0,0,0,2,0,0,0
2314,5619,3,8327224,8398520,0,255,0,0,0,2,0,0,0
2315,5620,3,8327224,8398520,0,255,0,0,0,2,0,0,0
2316,5621,3,8327224,8398520,0,255,0,0,0,2,0,0,0
2317,5622,3,8327224,8398520,0,255,0,0,0,2,0,0,0
2318,5623,3,8327224,8398520,0,255,0,0,0,2,0,0,0
2319,5624,3,8327224,8398520,0,255,0,0,0,2,0,0,0
2320,5625,3,8327224,8398520,0,255,0,0,0,2,0,0,0
2321,5626,3,8327224,8398520,0,255,0,0,0,2,0,0,0
2322,5627,3,8327224,8398520,0,255,0,0,0,2,0,0,0
2323,5628,3,8327224,8398520,0,255,0,0,0,2,0,0,0
2324,5629,3,8327224,8398520,0,255,0,0,0,2,0,0,0
2325,5630,3,8327224,8398520,0,255,0,0,0,2,0,0,0
2326,5631,3,8327224,8398520,0,255,0,0,0,2,0,0,0
2327,5632,3,8327224,8398520,0,255,0,0,0,2,0,0,0
2328,5633,3,8327224,8398520,0,255,0,0,0,2,0,0,0
2329,5634,3,8327224,8398520,0,255,0,0,0,2,0,0,0
2330,5635,3,8327224,8398520,0,255,0,0,0,2,0,0,0
2331,5636,3,8327224,8398520,0,255,0,0,0,2,0,0,0
2332,5637,3,8327224,8398520,0,255,0,0,0,2,0,0,0
2333,5638,3,8327224,8398520,0,255,0,0,0,2,0,0,0
2334,5639,3,8327224,8398520,0,255,0,0,0,2,0,0,0
2335,5640,3,8327224,8398520,0,255,0,0,0,2,0,0,0
2336,5641,3,8327224,8398520,0,255,0,0,0,2,0,0,0
2337,5642,3,8327224,8398520,0,255,0,0,0,2,0,0,0
2338,5643,3,8327224,8398520,0,255,0,0,0,2,0,0,0
2339,5644,3,8327224,8398520,0,255,0,0,0,2,0,0,0
2340,5645,3,8327224,8398520,0,255,0,0,0,2,0,0,0
2341,5646,3,8327224,8398520,0,255,0,0,0,2,0,0,0
2342,5647,3,8327224,8398520,0,255,0,0,0,2,0,0,0
2343,5648,3,8327224,8398520,0,255,0,0,0,2,0,0,0
2344,5649,3,8327224,8398520,0,255,0,0,0,2,0,0,0
2345,5650,3,8327224,8398520,0,255,0,0,0,2,0,0,0
2346,5651,3,8327224,8398520,0,255,0,0,0,2,0,0,0
2347,5652,3,8327224,8398520,0,255,0,0,0,2,0,0,0
2348,5653,3,8327224,8398520,0,255,0,0,0,2,0,0,0
2349,5654,3,8327224,8398520,0,255,0,0,0,2,0,0,0
2350,5655,3,8327224,8398520,0,255,0,0,0,2,0,0,0
2351,5656,3,8327224,8398520,0,255,0,0,0,2,0,0,0
2352,5657,3,8327224,8398520,0,255,0,0,0,2,0,0,0
2353,5658,3,8327224,8398520,0,255,0,0,0,2,0,0,0
2354,5659,3,8327224,8398520,0,255,0,0,0,2,0,0,0
2355,5660,3,8327224,8398520,0,255,0,0,0,2,0,0,0
2356,5661,3,8327224,8398520,0,255,0,0,0,2,0,0,0
2357,5662,3,8327224,8398520,0,255,0,0,0,2,0,0,0
2358,5663,3,8327224,8398520,0,255,0,0,0,2,0,0,0
2359,5664,3,8327224,8398520,0,255,0,0,0,2,0,0,0
2360,5665,3,8327224,8398520,0,255,0,0,0,2,0,0,0
2361,5666,3,8327224,8398520,0,255,0,0,0,2,0,0,0
2362,5667,3,8327224,8398520,0,255,0,0,0,2,0,0,0
2363,5668,3,8327224,8398520,0,255,0,0,0,2,0,0,0
2364,5669,3,8327224,8398520,0,255,0,0,0,2,0,0,0
2365,5670,3,8327224,8398520,0,255,0,0,0,2,0,0,0
2366,5671,3,8327224,8398520,0,255,0,0,0,2,0,0,0
2367,5672,3,8327224,8398520,0,255,0,0,0,2,0,0,0
2368,5673,3,8327224,8398520,0,255,0,0,0,2,0,0,0
2369,5674,3,8327224,8398520,0,255,0,0,0,2,0,0,0
2370,5675,3,8327224,8398520,0,255,0,0,0,2,0,0,0
2371,5676,3,8327224,8398520,0,255,0,0,0,2,0,0,0
2372,5677,3,8327224,8398520,0,255,0,0,0,2,0,0,0
2373,5678,3,8327224,8398520,0,255,0,0,0,2,0,0,0
2374,5679,3,8327224,8398520,0,255,0,0,0,2,0,0,0
2375,5680,3,8327224,8398520,0,255,0,0,0,2,0,0,0
2376,5681,3,8327224,8398520,0,255,0,0,0,2,0,0,0
2377,5682,3,8327224,8398520,0,255,0,0,0,2,0,0,0
2378,5683,3,8327224,8398520,0,255,0,0,0,2,0,0,0
2379,5684,3,8327224,8398520,0,255,0,0,0,2,0,0,0
2380,5685,3,8327224,8398520,0,255,0,0,0,2,0,0,0
2381,5686,3,8327224,8398520,0,255,0,0,0,2,0,0,0
2382,5687,3,8327224,8398520,0,255,0,0,0,2,0,0,0
2383,5688,3,8327224,8398520,0,255,0,0,0,2,0,0,0
2384,5689,3,8327224,8398520,0,255,0,0,0,2,0,0,0
2385,5690,3,8327224,8398520,0,255,0,0,0,2,0,0,0
2386,5691,3,8327224,8398520,0,255,0,0,0,2,0,0,0
2387,5692,3,8327224,8398520,0,255,0,0,0,2,0,0,0
2388,5693,3,8327224,8398520,0,255,0,0,0,2,0,0,0
2389,5694,3,8327224,8398520,0,255,0,0,0,2,0,0,0
2390,5695,3,8327224,8398520,0,255,0,0,0,2,0,0,0
2391,5696,3,8327224,8398520,0,255,0,0,0,2,0,0,0
2392,5697,3,8327224,8398520,0,255,0,0,0,2,0,0,0
2393,5698,3,8327224,8398520,0,255,0,0,0,2,0,0,0
2394,5699,3,8327224,8398520,0,255,0,0,0,2,0,0,0
2395,5700,3,8327224,8398520,0,255,0,0,0,2,0,0,0
2396,5701,3,8327224,8398520,0,255,0,0,0,2,0,0,0
2397,5702,3,8327224,8398520,0,255,0,0,0,2,0,0,0
2398,5703,3,8327224,8398520,0,255,0,0,0,2,0,0,0
2399,5704,3,8327224,8398520,0,255,0,0,0,2,0,0,0
2400,5705,3,8327224,8398520,0,255,0,0,0,2,0,0,0
2401,5706,3,8327224,8398520,0,255,0,0,0,2,0,0,0
2402,5707,3,8327224,8398520,0,255,0,0,0,2,0,0,0
2403,5708,3,8327224,8398520,0,255,0,0,0,2,0,0,0
2404,5709,3,8327224,8398520,0,255,0,0,0,2,0,0,0
2405,5710,3,8327224,8398520,0,255,0,0,0,2,0,0,0
2406,5711,3,8327224,8398520,0,255,0,0,0,2,0,0,0
2407,5712,3,8327224,8398520,0,255,0,0,0,2,0,0,0
2408,5713,3,8327224,8398520,0,255,0,0,0,2,0,0,0
2409,5714,3,8327224,8398520,0,255,0,0,0,2,0,0,0
2410,5715,3,8327224,8398520,0,255,0,0,0,2,0,0,0
2411,5716,3,8327224,8398520,0,255,0,0,0,2,0,0,0
2412,5717,3,8327224,8398520,0,255,0,0,0,2,0,0,0
2413,5718,3,8327224,8398520,0,255,0,0,0,2,0,0,0
2414,5719,3,8327224,8398520,0,255,0,0,0,2,0,0,0
2415,5720,3,8327224,8398520,0,255,0,0,0,2,0,0,0
2416,5721,3,8327224,8398520,0,255,0,0,0,2,0,0,0
2417,5722,3,8327224,8398520,0,255,0,0,0,2,0,0,0
2418,5723,3,8327224,8398520,0,255,0,0,0,2,0,0,0
2419,5724,3,8327224,8398520,0,255,0,0,0,2,0,0,0
2420,5725,3,8327224,8398520,0,255,0,0,0,2,0,0,0
2421,5726,3,8327224,8398520,0,255,0,0,0,2,0,0,0
2422,5727,3,8327224,8398520,0,255,0,0,0,2,0,0,0
2423,5728,3,8327224,8398520,0,255,0,0,0,2,0,0,0
2424,5729,3,8327224,8398520,0,255,0,0,0,2,0,0,0
2425,5730,3,8327224,8398520,0,255,0,0,0,2,0,0,0
2426,5731,3,8327224,8398520,0,255,0,0,0,2,0,0,0
2427,5732,3,8327224,8398520,0,255,0,0,0,2,0,0,0
2428,5733,3,8327224,8398520,0,255,0,0,0,2,0,0,0
2429,5734,3,8327224,8398520,0,255,0,0,0,2,0,0,0
2430,5735,3,8327224,8398520,0,255,0,0,0,2,0,0,0
2431,5736,3,8327224,8398520,0,255,0,0,0,2,0,0,0
2432,5737,3,8327224,8398520,0,255,0,0,0,2,0,0,0
2433,5738,3,8327224,8398520,0,255,0,0,0,2,0,0,0
2434,5739,3,8327224,8398520,0,255,0,0,0,2,0,0,0
2435,5740,3,8327224,8398520,0,255,0,0,0,2,0,0,0
2436,5741,3,8327224,8398520,0,255,0,0,0,2,0,0,0
2437,5742,3,8327224,8398520,0,255,0,0,0,2,0,0,0
2438,5743,3,8327224,8398520,0,255,0,0,0,2,0,0,0
2439,5744,3,8327224,8398520,0,255,0,0,0,2,0,0,0
2440,5745,3,8327224,8398520,0,255,0,0,0,2,0,0,0
2441,5746,3,8327224,8398520,0,255,0,0,0,2,0,0,0
2442,5747,3,8327224,8398520,0,255,0,0,0,2,0,0,0
2443,5748,3,8327224,8398520,0,255,0,0,0,2,0,0,0
2444,5749,3,8327224,8398520,0,255,0,0,0,2,0,0,0
2445,5750,3,8327224,8398520,0,255,0,0,0,2,0,0,0
2446,5751,3,8327224,8398520,0,255,0,0,0,2,0,0,0
2447,5752,3,8327224,8398520,0,255,0,0,0,2,0,0,0
2448,5753,3,8327224,8398520,0,255,0,0,0,2,0,0,0
2449,5754,3,8327224,8398520,0,255,0,0,0,2,0,0,0
2450,5755,3,8327224,8398520,0,255,0,0,0,2,0,0,0
2451,5756,3,8327224,8398520,0,255,0,0,0,2,0,0,0
2452,5757,3,8327224,8398520,0,255,0,0,0,2,0,0,0
2453,5758,3,8327224,8398520,0,255,0,0,0,2,0,0,0
2454,5759,3,8327224,8398520,0,255,0,0,0,2,0,0,0
2455,5760,3,8327224,8398520,0,255,0,0,0,2,0,0,0
2456,5761,3,8327224,8398520,0,255,0,0,0,2,0,0,0
2457,5762,3,8327224,8398520,0,255,0,0,0,2,0,0,0
2458,5763,3,8327224,8398520,0,255,0,0,0,2,0,0,0
2459,5764,3,8327224,8398520,0,255,0,0,0,2,0,0,0
2460,5765,3,8327224,8398520,0,255,0,0,0,2,0,0,0
2461,5766,3,8327224,8398520,0,255,0,0,0,2,0,0,0
2462,5767,3,8327224,8398520,0,255,0,0,0,2,0,0,0
2463,5768,3,8327224,8398520,0,255,0,0,0,2,0,0,0
2464,5769,3,8327224,8398520,0,255,0,0,0,2,0,0,0
2465,5770,3,8327224,8398520,0,255,0,0,0,2,0,0,0
2466,5771,3,8327224,8398520,0,255,0,0,0,2,0,0,0
2467,5772,3,8327224,8398520,0,255,0,0,0,2,0,0,0
2468,5773,3,8327224,8398520,0,255,0,0,0,2,0,0,0
2469,5774,3,8327224,8398520,0,255,0,0,0,2,0,0,0
2470,5775,3,8327224,8398520,0,255,0,0,0,2,0,0,0
2471,5776,3,8327224,8398520,0,255,0,0,0,2,0,0,0
2472,5777,3,8327224,8398520,0,255,0,0,0,2,0,0,0
2473,5778,3,8327224,8398520,0,255,0,0,0,2,0,0,0
2474,5779,3,8327224,8398520,0,255,0,0,0,2,0,0,0
2475,5780,3,8327224,8398520,0,255,0,0,0,2,0,0,0
2476,5781,3,8327224,8398520,0,255,0,0,0,2,0,0,0
2477,5782,3,8327224,8398520,0,255,0,0,0,2,0,0,0
2478,5783,3,8327224,8398520,0,255,0,0,0,2,0,0,0
2479,5784,3,8327224,8398520,0,255,0,0,0,2,0,0,0
2480,5785,3,8327224,8398520,0,255,0,0,0,2,0,0,0
2481,5786,3,8327224,8398520,0,255,0,0,0,2,0,0,0
2482,5787,3,8327224,8398520,0,255,0,0,0,2,0,0,0
2483,5788,3,8327224,8398520,0,255,0,0,0,2,0,0,0
2484,5789,3,8327224,8398520,0,255,0,0,0,2,0,0,0
2485,5790,3,8327224,8398520,0,255,0,0,0,2,0,0,0
2486,5791,3,8327224,8398520,0,255,0,0,0,2,0,0,0
2487,5792,3,8327224,8398520,0,255,0,0,0,2,0,0,0
2488,5793,3,8327224,8398520,0,255,0,0,0,2,0,0,0
2489,5794,3,8327224,8398520,0,255,0,0,0,2,0,0,0
2490,5795,3,8327224,8398520,0,255,0,0,0,2,0,0,0
2491,5796,3,8327224,8398520,0,255,0,0,0,2,0,0,0
2492,5797,3,8327224,8398520,0,255,0,0,0,2,0,0,0
2493,5798,3,8327224,8398520,0,255,0,0,0,2,0,0,0
2494,5799,3,8327224,8398520,0,255,0,0,0,2,0,0,0
2495,5800,3,8327224,8398520,0,255,0,0,0,2,0,0,0
2496,5801,3,8327224,8398520,0,255,0,0,0,2,0,0,0
2497,5802,3,8327224,8398520,0,255,0,0,0,2,0,0,0
2498,5803,3,8327224,8398520,0,255,0,0,0,2,0,0,0
2499,5804,3,8327224,8398520,0,255,0,0,0,2,0,0,0
2500,5805,3,8327224,8398520,0,255,0,0,0,2,0,0,0
2501,5806,3,8327224,8398520,0,255,0,0,0,2,0,0,0
2502,5807,3,8327224,8398520,0,255,0,0,0,2,0,0,0
2503,5808,3,8327224,8398520,0,255,0,0,0,2,0,0,0
2504,5809,3,8327224,8398520,0,255,0,0,0,2,0,0,0
2505,5810,3,8327224,8398520,0,255,0,0,0,2,0,0,0
2506,5811,3,8327224,8398520,0,255,0,0,0,2,0,0,0
2507,5812,3,8327224,8398520,0,255,0,0,0,2,0,0,0
2508,5813,3,8327224,8398520,0,255,0,0,0,2,0,0,0
2509,5814,3,8327224,8398520,0,255,0,0,0,2,0,0,0
2510,5815,3,8327224,8398520,0,255,0,0,0,2,0,0,0
2511,5816,3,8327224,8398520,0,255,0,0,0,2,0,0,0
2512,5817,3,8327224,8398520,0,255,0,0,0,2,0,0,0
2513,5818,3,8327224,8398520,0,255,0,0,0,2,0,0,0
2514,5819,3,8327224,8398520,0,255,0,0,0,2,0,0,0
2515,5820,3,8327224,8398520,0,255,0,0,0,2,0,0,0
2516,5821,3,8327224,8398520,0,255,0,0,0,2,0,0,0
2517,5822,3,8327224,8398520,0,255,0,0,0,2,0,0,0
2518,5823,3,8327224,8398520,0,255,0,0,0,2,0,0,0
2519,5824,3,8327224,8398520,0,255,0,0,0,2,0,0,0
2520,5825,3,8327224,8398520,0,255,0,0,0,2,0,0,0
2521,5826,3,8327224,8398520,0,255,0,0,0,2,0,0,0
2522,5827,3,8327224,8398520,0,255,0,0,0,2,0,0,0
2523,5828,3,8327224,8398520,0,255,0,0,0,2,0,0,0
2524,5829,3,8327224,8398520,0,255,0,0,0,2,0,0,0
2525,5830,3,8327224,8398520,0,255,0,0,0,2,0,0,0
2526,5831,3,8327224,8398520,0,255,0,0,0,2,0,0,0
2527,5832,3,8327224,8398520,0,255,0,0,0,2,0,0,0
2528,5833,3,8327224,8398520,0,255,0,0,0,2,0,0,0
2529,5834,3,8327224,8398520,0,255,0,0,0,2,0,0,0
2530,5835,3,8327224,8398520,0,255,0,0,0,2,0,0,0
2531,5836,3,8327224,8398520,0,255,0,0,0,2,0,0,0
2532,5837,3,8327224,8398520,0,255,0,0,0,2,0,0,0
2533,5838,3,8327224,8398520,0,255,0,0,0,2,0,0,0
2534,5839,3,8327224,8398520,0,255,0,0,0,2,0,0,0
2535,5840,3,8327224,8398520,0,255,0,0,0,2,0,0,0
2536,5841,3,8327224,8398520,0,255,0,0,0,2,0,0,0
2537,5842,3,8327224,8398520,0,255,0,0,0,2,0,0,0
2538,5843,3,8327224,8398520,0,255,0,0,0,2,0,0,0
2539,5844,3,8327224,8398520,0,255,0,0,0,2,0,0,0
2540,5845,3,8327224,8398520,0,255,0,0,0,2,0,0,0
2541,5846,3,8327224,8398520,0,255,0,0,0,2,0,0,0
2542,5847,3,8327224,8398520,0,255,0,0,0,2,0,0,0
2543,5848,3,8327224,8398520,0,255,0,0,0,2,0,0,0
2544,5849,3,8327224,8398520,0,255,0,0,0,2,0,0,0
2545,5850,3,8327224,8398520,0,255,0,0,0,2,0,0,0
2546,5851,3,8327224,8398520,0,255,0,0,0,2,0,0,0
2547,5852,3,8327224,8398520,0,255,0,0,0,2,0,0,0
2548,5853,3,8327224,8398520,0,255,0,0,0,2,0,0,0
2549,5854,3,8327224,8398520,0,255,0,0,0,2,0,0,0
2550,5855,3,8327224,8398520,0,255,0,0,0,2,0,0,0
2551,5856,3,8327224,8398520,0,255,0,0,0,2,0,0,0
2552,5857,3,8327224,8398520,0,255,0,0,0,2,0,0,0
2553,5858,3,8327224,8398520,0,255,0,0,0,2,0,0,0
2554,5859,3,8327224,8398520,0,255,0,0,0,2,0,0,0
2555,5860,3,8327224,8398520,0,255,0,0,0,2,0,0,0
2556,5861,3,8327224,8398520,0,255,0,0,0,2,0,0,0
2557,5862,3,8327224,8398520,0,255,0,0,0,2,0,0,0
2558,5863,3,8327224,8398520,0,255,0,0,0,2,0,0,0
2559,5864,3,8327224,8398520,0,255,0,0,0,2,0,0,0
2560,5865,3,8327224,8398520,0,255,0,0,0,2,0,0,0
2561,5866,3,8327224,8398520,0,255,0,0,0,2,0,0,0
2562,5867,3,8327224,8398520,0,255,0,0,0,2,0,0,0
2563,5868,3,8327224,8398520,0,255,0,0,0,2,0,0,0
2564,5869,3,8327224,8398520,0,255,0,0,0,2,0,0,0
2565,5870,3,8327224,8398520,0,255,0,0,0,2,0,0,0
2566,5871,3,8327224,8398520,0,255,0,0,0,2,0,0,0
2567,5872,3,8327224,8398520,0,255,0,0,0,2,0,0,0
2568,5873,3,8327224,8398520,0,255,0,0,0,2,0,0,0
2569,5874,3,8327224,8398520,0,255,0,0,0,2,0,0,0
2570,5875,3,8327224,8398520,0,255,0,0,0,2,0,0,0
2571,5876,3,8327224,8398520,0,255,0,0,0,2,0,0,0
2572,5877,3,8327224,8398520,0,255,0,0,0,2,0,0,0
2573,5878,3,8327224,8398520,0,255,0,0,0,2,0,0,0
2574,5879,3,8327224,8398520,0,255,0,0,0,2,0,0,0
2575,5880,3,8327224,8398520,0,255,0,0,0,2,0,0,0
2576,5881,3,8327224,8398520,0,255,0,0,0,2,0,0,0
2577,5882,3,8327224,8398520,0,255,0,0,0,2,0,0,0
2578,5883,3,8327224,8398520,0,255,0,0,0,2,0,0,0
2579,5884,3,8327224,8398520,0,255,0,0,0,2,0,0,0
2580,5885,3,8327224,8398520,0,255,0,0,0,2,0,0,0
2581,5886,3,8327224,8398520,0,255,0,0,0,2,0,0,0
2582,5887,3,8327224,8398520,0,255,0,0,0,2,0,0,0
2583,5888,3,8327224,8398520,0,255,0,0,0,2,0,0,0
2584,5889,3,8327224,8398520,0,255,0,0,0,2,0,0,0
2585,5890,3,8327224,8398520,0,255,0,0,0,2,0,0,0
2586,5891,3,8327224,8398520,0,255,0,0,0,2,0,0,0
2587,5892,3,8327224,8398520,0,255,0,0,0,2,0,0,0
2588,5893,3,8327224,8398520,0,255,0,0,0,2,0,0,0
2589,5894,3,8327224,8398520,0,255,0,0,0,2,0,0,0
2590,5895,3,8327224,8398520,0,255,0,0,0,2,0,0,0
2591,5896,3,8327224,8398520,0,255,0,0,0,2,0,0,0
2592,5897,3,8327224,8398520,0,255,0,0,0,2,0,0,0
2593,5898,3,8327224,8398520,0,255,0,0,0,2,0,0,0
2594,5899,3,8327224,8398520,0,255,0,0,0,2,0,0,0
2595,5900,3,8327224,8398520,0,255,0,0,0,2,0,0,0
2596,5901,3,8327224,8398520,0,255,0,0,0,2,0,0,0
2597,5902,3,8327224,8398520,0,255,0,0,0,2,0,0,0
2598,5903,3,8327224,8398520,0,255,0,0,0,2,0,0,0
2599,5904,3,8327224,8398520,0,255,0,0,0,2,0,0,0
2600,5905,3,8327224,8398520,0,255,0,0,0,2,0,0,0
2601,5906,3,8327224,8398520,0,255,0,0,0,2,0,0,0
2602,5907,3,8327224,8398520,0,255,0,0,0,2,0,0,0
2603,5908,3,8327224,8398520,0,255,0,0,0,2,0,0,0
2604,5909,3,8327224,8398520,0,255,0,0,0,2,0,0,0
2605,5910,3,8327224,8398520,0,255,0,0,0,2,0,0,0
2606,5911,3,8327224,8398520,0,255,0,0,0,2,0,0,0
2607,5912,3,8327224,8398520,0,255,0,0,0,2,0,0,0
2608,5913,3,8327224,8398520,0,255,0,0,0,2,0,0,0
2609,5914,3,8327224,8398520,0,255,0,0,0,2,0,0,0
2610,5915,3,8327224,8398520,0,255,0,0,0,2,0,0,0
2611,5916,3,8327224,8398520,0,255,0,0,0,2,0,0,0
2612,5917,3,8327224,8398520,0,255,0,0,0,2,0,0,0
2613,5918,3,8327224,8398520,0,255,0,0,0,2,0,0,0
2614,5919,3,8327224,8398520,0,255,0,0,0,2,0,0,0
2615,5920,3,8327224,8398520,0,255,0,0,0,2,0,0,0
2616,5921,3,8327224,8398520,0,255,0,0,0,2,0,0,0
2617,5922,3,8327224,8398520,0,255,0,0,0,2,0,0,0
2618,5923,3,8327224,8398520,0,255,0,0,0,2,0,0,0
2619,5924,3,8327224,8398520,0,255,0,0,0,2,0,0,0
2620,5925,3,8327224,8398520,0,255,0,0,0,2,0,0,0
2621,5926,3,8327224,8398520,0,255,0,0,0,2,0,0,0
2622,5927,3,8327224,8398520,0,255,0,0,0,2,0,0,0
2623,5928,3,8327224,8398520,0,255,0,0,0,2,0,0,0
2624,5929,3,8327224,8398520,0,255,0,0,0,2,0,0,0
2625,5930,3,8327224,8398520,0,255,0,0,0,2,0,0,0
2626,5931,3,8327224,8398520,0,255,0,0,0,2,0,0,0
2627,5932,3,8327224,8398520,0,255,0,0,0,2,0,0,0
2628,5933,3,8327224,8398520,0,255,0,0,0,2,0,0,0
2629,5934,3,8327224,8398520,0,255,0,0,0,2,0,0,0
2630,5935,3,8327224,8398520,0,255,0,0,0,2,0,0,0
2631,5936,3,8327224,8398520,0,255,0,0,0,2,0,0,0
2632,5937,3,8327224,8398520,0,255,0,0,0,2,0,0,0
2633,5938,3,8327224,8398520,0,255,0,0,0,2,0,0,0
2634,5939,3,8327224,8398520,0,255,0,0,0,2,0,0,0
2635,5940,3,8327224,8398520,0,255,0,0,0,2,0,0,0
2636,5941,3,8327224,8398520,0,255,0,0,0,2,0,0,0
2637,5942,3,8327224,8398520,0,255,0,0,0,2,0,0,0
2638,5943,3,8327224,8398520,0,255,0,0,0,2,0,0,0
2639,5944,3,8327224,8398520,0,255,0,0,0,2,0,0,0
2640,5945,3,8327224,8398520,0,255,0,0,0,2,0,0,0
2641,5946,3,8327224,8398520,0,255,0,0,0,2,0,0,0
2642,5947,3,8327224,8398520,0,255,0,0,0,2,0,0,0
2643,5948,3,8327224,8398520,0,255,0,0,0,2,0,0,0
2644,5949,3,8327224,8398520,0,255,0,0,0,2,0,0,0
2645,5950,3,8327224,8398520,0,255,0,0,0,2,0,0,0
2646,5951,3,8327224,8398520,0,255,0,0,0,2,0,0,0
2647,5952,3,8327224,8398520,0,255,0,0,0,2,0,0,0
2648,5953,3,8327224,8398520,0,255,0,0,0,2,0,0,0
2649,5954,3,8327224,8398520,0,255,0,0,0,2,0,0,0
2650,5955,3,8327224,8398520,0,255,0,0,0,2,0,0,0
2651,5956,3,8327224,8398520,0,255,0,0,0,2,0,0,0
2652,5957,3,8327224,8398520,0,255,0,0,0,2,0,0,0
2653,5958,3,8327224,8398520,0,255,0,0,0,2,0,0,0
2654,5959,3,8327224,8398520,0,255,0,0,0,2,0,0,0
2655,5960,3,8327224,8398520,0,255,0,0,0,2,0,0,0
2656,5961,3,8327224,8398520,0,255,0,0,0,2,0,0,0
2657,5962,3,8327224,8398520,0,255,0,0,0,2,0,0,0
2658,5963,3,8327224,8398520,0,255,0,0,0,2,0,0,0
2659,5964,3,8327224,8398520,0,255,0,0,0,2,0,0,0
2660,5965,3,8327224,8398520,0,255,0,0,0,2,0,0,0
2661,5966,3,8327224,8398520,0,255,0,0,0,2,0,0,0
2662,5967,3,8327224,8398520,0,255,0,0,0,2,0,0,0
2663,5968,3,8327224,8398520,0,255,0,0,0,2,0,0,0
2664,5969,3,8327224,8398520,0,255,0,0,0,2,0,0,0
2665,5970,3,8327224,8398520,0,255,0,0,0,2,0,0,0
2666,5971,3,8327224,8398520,0,255,0,0,0,2,0,0,0
2667,5972,3,8327224,8398520,0,255,0,0,0,2,0,0,0
2668,5973,3,8327224,8398520,0,255,0,0,0,2,0,0,0
2669,5974,3,8327224,8398520,0,255,0,0,0,2,0,0,0
2670,5975,3,8327224,8398520,0,255,0,0,0,2,0,0,0
2671,5976,3,8327224,8398520,0,255,0,0,0,2,0,0,0
2672,5977,3,8327224,8398520,0,255,0,0,0,2,0,0,0
2673,5978,3,8327224,8398520,0,255,0,0,0,2,0,0,0
2674,5979,3,8327224,8398520,0,255,0,0,0,2,0,0,0
2675,5980,3,8327224,8398520,0,255,0,0,0,2,0,0,0
2676,5981,3,8327224,8398520,0,255,0,0,0,2,0,0,0
2677,5982,3,8327224,8398520,0,255,0,0,0,2,0,0,0
2678,5983,3,8327224,8398520,0,255,0,0,0,2,0,0,0
2679,5984,3,8327224,8398520,0,255,0,0,0,2,0,0,0
2680,5985,3,8327224,8398520,0,255,0,0,0,2,0,0,0
2681,5986,3,8327224,8398520,0,255,0,0,0,2,0,0,0
2682,5987,3,8327224,8398520,0,255,0,0,0,2,0,0,0
2683,5988,3,8327224,8398520,0,255,0,0,0,2,0,0,0
2684,5989,3,8327224,8398520,0,255,0,0,0,2,0,0,0
2685,5990,3,8327224,8398520,0,255,0,0,0,2,0,0,0
2686,5991,3,8327224,8398520,0,255,0,0,0,2,0,0,0
2687,5992,3,8327224,8398520,0,255,0,0,0,2,0,0,0
2688,5993,3,8327224,8398520,0,255,0,0,0,2,0,0,0
2689,5994,3,8327224,8398520,0,255,0,0,0,2,0,0,0
2690,5995,3,8327224,8398520,0,255,0,0,0,2,0,0,0
2691,5996,3,8327224,8398520,0,255,0,0,0,2,0,0,0
2692,5997,3,8327224,8398520,0,255,0,0,0,2,0,0,0
2693,5998,3,8327224,8398520,0,255,0,0,0,2,0,0,0
2694,5999,3,8327224,8398520,0,255,0,0,0,2,0,0,0
2695,6000,3,8327224,8398520,0,255,0,0,0,2,0,0,0
2696,6001,3,8327224,8398520,0,255,0,0,0,2,0,0,0
2697,6002,3,8327224,8398520,0,255,0,0,0,2,0,0,0
2698,6003,3,8327224,8398520,0,255,0,0,0,2,0,0,0
2699,6004,3,8327224,8398520,0,255,0,0,0,2,0,0,0
2700,6005,3,8327224,8398520,0,255,0,0,0,2,0,0,0
2701,6006,3,8327224,8398520,0,255,0,0,0,2,0,0,0
2702,6007,3,8327224,8398520,0,255,0,0,0,2,0,0,0
2703,6008,3,8327224,8398520,0,255,0,0,0,2,0,0,0
2704,6009,3,8327224,8398520,0,255,0,0,0,2,0,0,0
2705,6010,3,8327224,8398520,0,255,0,0,0,2,0,0,0
2706,6011,3,8327224,8398520,0,255,0,0,0,2,0,0,0
2707,6012,3,8327224,8398520,0,255,0,0,0,2,0,0,0
2708,6013,3,8327224,8398520,0,255,0,0,0,2,0,0,0
2709,6014,3,8327224,8398520,0,255,0,0,0,2,0,0,0
2710,6015,3,8327224,8398520,0,255,0,0,0,2,0,0,0
2711,6016,3,8327224,8398520,0,255,0,0,0,2,0,0,0
2712,6017,3,8327224,8398520,0,255,0,0,0,2,0,0,0
2713,6018,3,8327224,8398520,0,255,0,0,0,2,0,0,0
2714,6019,3,8327224,8398520,0,255,0,0,0,2,0,0,0
2715,6020,3,8327224,8398520,0,255,0,0,0,2,0,0,0
2716,6021,3,8327224,8398520,0,255,0,0,0,2,0,0,0
2717,6022,3,8327224,8398520,0,255,0,0,0,2,0,0,0
2718,6023,3,8327224,8398520,0,255,0,0,0,2,0,0,0
2719,6024,3,8327224,8398520,0,255,0,0,0,2,0,0,0
2720,6025,3,8327224,8398520,0,255,0,0,0,2,0,0,0
2721,6026,3,8327224,8398520,0,255,0,0,0,2,0,0,0
2722,6027,3,8327224,8398520,0,255,0,0,0,2,0,0,0
2723,6028,3,8327224,8398520,0,255,0,0,0,2,0,0,0
2724,6029,3,8327224,8398520,0,255,0,0,0,2,0,0,0
2725,6030,3,8327224,8398520,0,255,0,0,0,2,0,0,0
2726,6031,3,8327224,8398520,0,255,0,0,0,2,0,0,0
2727,6032,3,8327224,8398520,0,255,0,0,0,2,0,0,0
2728,6033,3,8327224,8398520,0,255,0,0,0,2,0,0,0
2729,6034,3,8327224,8398520,0,255,0,0,0,2,0,0,0
2730,6035,3,8327224,8398520,0,255,0,0,0,2,0,0,0
2731,6036,3,8327224,8398520,0,255,0,0,0,2,0,0,0
2732,6037,3,8327224,8398520,0,255,0,0,0,2,0,0,0
2733,6038,3,8327224,8398520,0,255,0,0,0,2,0,0,0
2734,6039,3,8327224,8398520,0,255,0,0,0,2,0,0,0
2735,6040,3,8327224,8398520,0,255,0,0,0,2,0,0,0
2736,6041,3,8327224,8398520,0,255,0,0,0,2,0,0,0
2737,6042,3,8327224,8398520,0,255,0,0,0,2,0,0,0
2738,6043,3,8327224,8398520,0,255,0,0,0,2,0,0,0
2739,6044,3,8327224,8398520,0,255,0,0,0,2,0,0,0
2740,6045,3,8327224,8398520,0,255,0,0,0,2,0,0,0
2741,6046,3,8327224,8398520,0,255,0,0,0,2,0,0,0
2742,6047,3,8327224,8398520,0,255,0,0,0,2,0,0,0
2743,6048,3,8327224,8398520,0,255,0,0,0,2,0,0,0
2744,6049,3,8327224,8398520,0,255,0,0,0,2,0,0,0
2745,6050,3,8327224,8398520,0,255,0,0,0,2,0,0,0
2746,6051,3,8327224,8398520,0,255,0,0,0,2,0,0,0
2747,6052,3,8327224,8398520,0,255,0,0,0,2,0,0,0
2748,6053,3,8327224,8398520,0,255,0,0,0,2,0,0,0
2749,6054,3,8327224,8398520,0,255,0,0,0,2,0,0,0
2750,6055,3,8327224,8398520,0,255,0,0,0,2,0,0,0
2751,6056,3,8327224,8398520,0,255,0,0,0,2,0,0,0
2752,6057,3,8327224,8398520,0,255,0,0,0,2,0,0,0
2753,6058,3,8327224,8398520,0,255,0,0,0,2,0,0,0
2754,6059,3,8327224,8398520,0,255,0,0,0,2,0,0,0
2755,6060,3,8327224,8398520,0,255,0,0,0,2,0,0,0
2756,6061,3,8327224,8398520,0,255,0,0,0,2,0,0,0
2757,6062,3,8327224,8398520,0,255,0,0,0,2,0,0,0
2758,6063,3,8327224,8398520,0,255,0,0,0,2,0,0,0
2759,6064,3,8327224,8398520,0,255,0,0,0,2,0,0,0
2760,6065,3,8327224,8398520,0,255,0,0,0,2,0,0,0
2761,6066,3,8327224,8398520,0,255,0,0,0,2,0,0,0
2762,6067,3,8327224,8398520,0,255,0,0,0,2,0,0,0
2763,6068,3,8327224,8398520,0,255,0,0,0,2,0,0,0
2764,6069,3,8327224,8398520,0,255,0,0,0,2,0,0,0
2765,6070,3,8327224,8398520,0,255,0,0,0,2,0,0,0
2766,6071,3,8327224,8398520,0,255,0,0,0,2,0,0,0
2767,6072,3,8327224,8398520,0,255,0,0,0,2,0,0,0
2768,6073,3,8327224,8398520,0,255,0,0,0,2,0,0,0
2769,6074,3,8327224,8398520,0,255,0,0,0,2,0,0,0
2770,6075,3,8327224,8398520,0,255,0,0,0,2,0,0,0
2771,6076,3,8327224,8398520,0,255,0,0,0,2,0,0,0
2772,6077,3,8327224,8398520,0,255,0,0,0,2,0,0,0
2773,6078,3,8327224,8398520,0,255,0,0,0,2,0,0,0
2774,6079,3,8327224,8398520,0,255,0,0,0,2,0,0,0
2775,6080,3,8327224,8398520,0,255,0,0,0,2,0,0,0
2776,6081,3,8327224,8398520,0,255,0,0,0,2,0,0,0
2777,6082,3,8327224,8398520,0,255,0,0,0,2,0,0,0
2778,6083,3,8327224,8398520,0,255,0,0,0,2,0,0,0
2779,6084,3,8327224,8398520,0,255,0,0,0,2,0,0,0
2780,6085,3,8327224,8398520,0,255,0,0,0,2,0,0,0
2781,6086,3,8327224,8398520,0,255,0,0,0,2,0,0,0
2782,6087,3,8327224,8398520,0,255,0,0,0,2,0,0,0
2783,6088,3,8327224,8398520,0,255,0,0,0,2,0,0,0
2784,6089,3,8327224,8398520,0,255,0,0,0,2,0,0,0
2785,6090,3,8327224,8398520,0,255,0,0,0,2,0,0,0
2786,6091,3,8327224,8398520,0,255,0,0,0,2,0,0,0
2787,6092,3,8327224,8398520,0,255,0,0,0,2,0,0,0
2788,6093,3,8327224,8398520,0,255,0,0,0,2,0,0,0
2789,6094,3,8327224,8398520,0,255,0,0,0,2,0,0,0
2790,6095,3,8327224,8398520,0,255,0,0,0,2,0,0,0
2791,6096,3,8327224,8398520,0,255,0,0,0,2,0,0,0
2792,6097,3,8327224,8398520,0,255,0,0,0,2,0,0,0
2793,6098,3,8327224,8398520,0,255,0,0,0,2,0,0,0
2794,6099,3,8327224,8398520,0,255,0,0,0,2,0,0,0
2795,6100,3,8327224,8398520,0,255,0,0,0,2,0,0,0
2796,6101,3,8327224,8398520,0,255,0,0,0,2,0,0,0
2797,6102,3,8327224,8398520,0,255,0,0,0,2,0,0,0
2798,6103,3,8327224,8398520,0,255,0,0,0,2,0,0,0
2799,6104,3,8327224,8398520,0,255,0,0,0,2,0,0,0
2800,6105,3,8327224,8398520,0,255,0,0,0,2,0,0,0
2801,6106,3,8327224,8398520,0,255,0,0,0,2,0,0,0
2802,6107,3,8327224,8398520,0,255,0,0,0,2,0,0,0
2803,6108,3,8327224,8398520,0,255,0,0,0,2,0,0,0
2804,6109,3,8327224,8398520,0,255,0,0,0,2,0,0,0
2805,6110,3,8327224,8398520,0,255,0,0,0,2,0,0,0
2806,6111,3,8327224,8398520,0,255,0,0,0,2,0,0,0
2807,6112,3,8327224,8398520,0,255,0,0,0,2,0,0,0
2808,6113,3,8327224,8398520,0,255,0,0,0,2,0,0,0
2809,6114,3,8327224,8398520,0,255,0,0,0,2,0,0,0
2810,6115,3,8327224,8398520,0,255,0,0,0,2,0,0,0
2811,6116,3,8327224,8398520,0,255,0,0,0,2,0,0,0
2812,6117,3,8327224,8398520,0,255,0,0,0,2,0,0,0
2813,6118,3,8327224,8398520,0,255,0,0,0,2,0,0,0
2814,6119,3,8327224,8398520,0,255,0,0,0,2,0,0,0
2815,6120,3,8327224,8398520,0,255,0,0,0,2,0,0,0
2816,6121,3,8327224,8398520,0,255,0,0,0,2,0,0,0
2817,6122,3,8327224,8398520,0,255,0,0,0,2,0,0,0
2818,6123,3,8327224,8398520,0,255,0,0,0,2,0,0,0
2819,6124,3,8327224,8398520,0,255,0,0,0,2,0,0,0
2820,6125,3,8327224,8398520,0,255,0,0,0,2,0,0,0
2821,6126,3,8327224,8398520,0,255,0,0,0,2,0,0,0
2822,6127,3,8327224,8398520,0,255,0,0,0,2,0,0,0
2823,6128,3,8327224,8398520,0,255,0,0,0,2,0,0,0
2824,6129,3,8327224,8398520,0,255,0,0,0,2,0,0,0
2825,6130,3,8327224,8398520,0,255,0,0,0,2,0,0,0
2826,6131,3,8327224,8398520,0,255,0,0,0,2,0,0,0
2827,6132,3,8327224,8398520,0,255,0,0,0,2,0,0,0
2828,6133,3,8327224,8398520,0,255,0,0,0,2,0,0,0
2829,6134,3,8327224,8398520,0,255,0,0,0,2,0,0,0
2830,6135,3,8327224,8398520,0,255,0,0,0,2,0,0,0
2831,6136,3,8327224,8398520,0,255,0,0,0,2,0,0,0
2832,6137,3,8327224,8398520,0,255,0,0,0,2,0,0,0
2833,6138,3,8327224,8398520,0,255,0,0,0,2,0,0,0
2834,6139,3,8327224,8398520,0,255,0,0,0,2,0,0,0
2835,6140,3,8327224,8398520,0,255,0,0,0,2,0,0,0
2836,6141,3,8327224,8398520,0,255,0,0,0,2,0,0,0
2837,6142,3,8327224,8398520,0,255,0,0,0,2,0,0,0
2838,6143,3,8327224,8398520,0,255,0,0,0,2,0,0,0
2839,6144,3,8327224,8398520,0,255,0,0,0,2,0,0,0
2840,6145,3,8327224,8398520,0,255,0,0,0,2,0,0,0
2841,6146,3,8327224,8398520,0,255,0,0,0,2,0,0,0
2842,6147,3,8327224,8398520,0,255,0,0,0,2,0,0,0
2843,6148,3,8327224,8398520,0,255,0,0,0,2,0,0,0
2844,6149,3,8327224,8398520,0,255,0,0,0,2,0,0,0
2845,6150,3,8327224,8398520,0,255,0,0,0,2,0,0,0
2846,6151,3,8327224,8398520,0,255,0,0,0,2,0,0,0
2847,6152,3,8327224,8398520,0,255,0,0,0,2,0,0,0
2848,6153,3,8327224,8398520,0,255,0,0,0,2,0,0,0
2849,6154,3,8327224,8398520,0,255,0,0,0,2,0,0,0
2850,6155,3,8327224,8398520,0,255,0,0,0,2,0,0,0
2851,6156,3,8327224,8398520,0,255,0,0,0,2,0,0,0
2852,6157,3,8327224,8398520,0,255,0,0,0,2,0,0,0
2853,6158,3,8327224,8398520,0,255,0,0,0,2,0,0,0
2854,6159,3,8327224,8398520,0,255,0,0,0,2,0,0,0
2855,6160,3,8327224,8398520,0,255,0,0,0,2,0,0,0
2856,6161,3,8327224,8398520,0,255,0,0,0,2,0,0,0
2857,6162,3,8327224,8398520,0,255,0,0,0,2,0,0,0
2858,6163,3,8327224,8398520,0,255,0,0,0,2,0,0,0
2859,6164,3,8327224,8398520,0,255,0,0,0,2,0,0,0
2860,6165,3,8327224,8398520,0,255,0,0,0,2,0,0,0
2861,6166,3,8327224,8398520,0,255,0,0,0,2,0,0,0
2862,6167,3,8327224,8398520,0,255,0,0,0,2,0,0,0
2863,6168,3,8327224,8398520,0,255,0,0,0,2,0,0,0
2864,6169,3,8327224,8398520,0,255,0,0,0,2,0,0,0
2865,6170,3,8327224,8398520,0,255,0,0,0,2,0,0,0
2866,6171,3,8327224,8398520,0,255,0,0,0,2,0,0,0
2867,6172,3,8327224,8398520,0,255,0,0,0,2,0,0,0
2868,6173,3,8327224,8398520,0,255,0,0,0,2,0,0,0
2869,6174,3,8327224,8398520,0,255,0,0,0,2,0,0,0
2870,6175,3,8327224,8398520,0,255,0,0,0,2,0,0,0
2871,6176,3,8327224,8398520,0,255,0,0,0,2,0,0,0
2872,6177,3,8327224,8398520,0,255,0,0,0,2,0,0,0
2873,6178,3,8327224,8398520,0,255,0,0,0,2,0,0,0
2874,6179,3,8327224,8398520,0,255,0,0,0,2,0,0,0
2875,6180,3,8327224,8398520,0,255,0,0,0,2,0,0,0
2876,6181,3,8327224,8398520,0,255,0,0,0,2,0,0,0
2877,6182,3,8327224,8398520,0,255,0,0,0,2,0,0,0
2878,6183,3,8327224,8398520,0,255,0,0,0,2,0,0,0
2879,6184,3,8327224,8398520,0,255,0,0,0,2,0,0,0
2880,6185,3,8327224,8398520,0,255,0,0,0,2,0,0,0
2881,6186,3,8327224,8398520,0,255,0,0,0,2,0,0,0
2882,6187,3,8327224,8398520,0,255,0,0,0,2,0,0,0
2883,6188,3,8327224,8398520,0,255,0,0,0,2,0,0,0
2884,6189,3,8327224,8398520,0,255,0,0,0,2,0,0,0
2885,6190,3,8327224,8398520,0,255,0,0,0,2,0,0,0
2886,6191,3,8327224,8398520,0,255,0,0,0,2,0,0,0
2887,6192,3,8327224,8398520,0,255,0,0,0,2,0,0,0
2888,6193,3,8327224,8398520,0,255,0,0,0,2,0,0,0
2889,6194,3,8327224,8398520,0,255,0,0,0,2,0,0,0
2890,6195,3,8327224,8398520,0,255,0,0,0,2,0,0,0
2891,6196,3,8327224,8398520,0,255,0,0,0,2,0,0,0
2892,6197,3,8327224,8398520,0,255,0,0,0,2,0,0,0
2893,6198,3,8327224,8398520,0,255,0,0,0,2,0,0,0
2894,6199,3,8327224,8398520,0,255,0,0,0,2,0,0,0
2895,6200,3,8327224,8398520,0,255,0,0,0,2,0,0,0
2896,6201,3,8327224,8398520,0,255,0,0,0,2,0,0,0
2897,6202,3,8327224,8398520,0,255,0,0,0,2,0,0,0
2898,6203,3,8327224,8398520,0,255,0,0,0,2,0,0,0
2899,6204,3,8327224,8398520,0,255,0,0,0,2,0,0,0
2900,6205,3,8327224,8398520,0,255,0,0,0,2,0,0,0
2901,6206,3,8327224,8398520,0,255,0,0,0,2,0,0,0
2902,6207,3,8327224,8398520,0,255,0,0,0,2,0,0,0
2903,6208,3,8327224,8398520,0,255,0,0,0,2,0,0,0
2904,6209,3,8327224,8398520,0,255,0,0,0,2,0,0,0
2905,6210,3,8327224,8398520,0,255,0,0,0,2,0,0,0
2906,6211,3,8327224,8398520,0,255,0,0,0,2,0,0,0
2907,6212,3,8327224,8398520,0,255,0,0,0,2,0,0,0
2908,6213,3,8327224,8398520,0,255,0,0,0,2,0,0,0
2909,6214,3,8327224,8398520,0,255,0,0,0,2,0,0,0
2910,6215,3,8327224,8398520,0,255,0,0,0,2,0,0,0
2911,6216,3,8327224,8398520,0,255,0,0,0,2,0,0,0
2912,6217,3,8327224,8398520,0,255,0,0,0,2,0,0,0
2913,6218,3,8327224,8398520,0,255,0,0,0,2,0,0,0
2914,6219,3,8327224,8398520,0,255,0,0,0,2,0,0,0
2915,6220,3,8327224,8398520,0,255,0,0,0,2,0,0,0
2916,6221,3,8327224,8398520,0,255,0,0,0,2,0,0,0
2917,6222,3,8327224,8398520,0,255,0,0,0,2,0,0,0
2918,6223,3,8327224,8398520,0,255,0,0,0,2,0,0,0
2919,6224,3,8327224,8398520,0,255,0,0,0,2,0,0,0
2920,6225,3,8327224,8398520,0,255,0,0,0,2,0,0,0
2921,6226,3,8327224,8398520,0,255,0,0,0,2,0,0,0
2922,6227,3,8327224,8398520,0,255,0,0,0,2,0,0,0
2923,6228,3,8327224,8398520,0,255,0,0,0,2,0,0,0
2924,6229,3,8327224,8398520,0,255,0,0,0,2,0,0,0
2925,6230,3,8327224,8398520,0,255,0,0,0,2,0,0,0
2926,6231,3,8327224,8398520,0,255,0,0,0,2,0,0,0
2927,6232,3,8327224,8398520,0,255,0,0,0,2,0,0,0
2928,6233,3,8327224,8398520,0,255,0,0,0,2,0,0,0
2929,6234,3,8327224,8398520,0,255,0,0,0,2,0,0,0
2930,6235,3,8327224,8398520,0,255,0,0,0,2,0,0,0
2931,6236,3,8327224,8398520,0,255,0,0,0,2,0,0,0
2932,6237,3,8327224,8398520,0,255,0,0,0,2,0,0,0
2933,6238,3,8327224,8398520,0,255,0,0,0,2,0,0,0
2934,6239,3,8327224,8398520,0,255,0,0,0,2,0,0,0
2935,6240,3,8327224,8398520,0,255,0,0,0,2,0,0,0
2936,6241,3,8327224,8398520,0,255,0,0,0,2,0,0,0
2937,6242,3,8327224,8398520,0,255,0,0,0,2,0,0,0
2938,6243,3,8327224,8398520,0,255,0,0,0,2,0,0,0
2939,6244,3,8327224,8398520,0,255,0,0,0,2,0,0,0
2940,6245,3,8327224,8398520,0,255,0,0,0,2,0,0,0
2941,6246,3,8327224,8398520,0,255,0,0,0,2,0,0,0
2942,6247,3,8327224,8398520,0,255,0,0,0,2,0,0,0
2943,6248,3,8327224,8398520,0,255,0,0,0,2,0,0,0
2944,6249,3,8327224,8398520,0,255,0,0,0,2,0,0,0
2945,6250,3,8327224,8398520,0,255,0,0,0,2,0,0,0
2946,6251,3,8327224,8398520,0,255,0,0,0,2,0,0,0
2947,6252,3,8327224,8398520,0,255,0,0,0,2,0,0,0
2948,6253,3,8327224,8398520,0,255,0,0,0,2,0,0,0
2949,6254,3,8327224,8398520,0,255,0,0,0,2,0,0,0
2950,6255,3,8327224,8398520,0,255,0,0,0,2,0,0,0
2951,6256,3,8327224,8398520,0,255,0,0,0,2,0,0,0
2952,6257,3,8327224,8398520,0,255,0,0,0,2,0,0,0
2953,6258,3,8327224,8398520,0,255,0,0,0,2,0,0,0
2954,6259,3,8327224,8398520,0,255,0,0,0,2,0,0,0
2955,6260,3,8327224,8398520,0,255,0,0,0,2,0,0,0
2956,6261,3,8327224,8398520,0,255,0,0,0,2,0,0,0
2957,6262,3,8327224,8398520,0,255,0,0,0,2,0,0,0
2958,6263,3,8327224,8398520,0,255,0,0,0,2,0,0,0
2959,6264,3,8327224,8398520,0,255,0,0,0,2,0,0,0
2960,6265,3,8327224,8398520,0,255,0,0,0,2,0,0,0
2961,6266,3,8327224,8398520,0,255,0,0,0,2,0,0,0
2962,6267,3,8327224,8398520,0,255,0,0,0,2,0,0,0
2963,6268,3,8327224,8398520,0,255,0,0,0,2,0,0,0
2964,6269,3,8327224,8398520,0,255,0,0,0,2,0,0,0
2965,6270,3,8327224,8398520,0,255,0,0,0,2,0,0,0
2966,6271,3,8327224,8398520,0,255,0,0,0,2,0,0,0
2967,6272,3,8327224,8398520,0,255,0,0,0,2,0,0,0
2968,6273,3,8327224,8398520,0,255,0,0,0,2,0,0,0
2969,6274,3,8327224,8398520,0,255,0,0,0,2,0,0,0
2970,6275,3,8327224,8398520,0,255,0,0,0,2,0,0,0
2971,6276,3,8327224,8398520,0,255,0,0,0,2,0,0,0
2972,6277,3,8327224,8398520,0,255,0,0,0,2,0,0,0
2973,6278,3,8327224,8398520,0,255,0,0,0,2,0,0,0
2974,6279,3,8327224,8398520,0,255,0,0,0,2,0,0,0
2975,6280,3,8327224,8398520,0,255,0,0,0,2,0,0,0
2976,6281,3,8327224,8398520,0,255,0,0,0,2,0,0,0
2977,6282,3,8327224,8398520,0,255,0,0,0,2,0,0,0
2978,6283,3,8327224,8398520,0,255,0,0,0,2,0,0,0
2979,6284,3,8327224,8398520,0,255,0,0,0,2,0,0,0
2980,6285,3,8327224,8398520,0,255,0,0,0,2,0,0,0
2981,6286,3,8327224,8398520,0,255,0,0,0,2,0,0,0
2982,6287,3,8327224,8398520,0,255,0,0,0,2,0,0,0
2983,6288,3,8327224,8398520,0,255,0,0,0,2,0,0,0
2984,6289,3,8327224,8398520,0,255,0,0,0,2,0,0,0
2985,6290,3,8327224,8398520,0,255,0,0,0,2,0,0,0
2986,6291,3,8327224,8398520,0,255,0,0,0,2,0,0,0
2987,6292,3,8327224,8398520,0,255,0,0,0,2,0,0,0
2988,6293,3,8327224,8398520,0,255,0,0,0,2,0,0,0
2989,6294,3,8327224,8398520,0,255,0,0,0,2,0,0,0
2990,6295,3,8327224,8398520,0,255,0,0,0,2,0,0,0
2991,6296,3,8327224,8398520,0,255,0,0,0,2,0,0,0
2992,6297,3,8327224,8398520,0,255,0,0,0,2,0,0,0
2993,6298,3,8327224,8398520,0,255,0,0,0,2,0,0,0
2994,6299,3,8327224,8398520,0,255,0,0,0,2,0,0,0
2995,6300,3,8327224,8398520,0,255,0,0,0,2,0,0,0
2996,6301,3,8327224,8398520,0,255,0,0,0,2,0,0,0
2997,6302,3,8327224,8398520,0,255,0,0,0,2,0,0,0
2998,6303,3,8327224,8398520,0,255,0,0,0,2,0,0,0
2999,6304,3,8327224,8398520,0,255,0,0,0,2,0,0,0
3000,6305,3,8327224,8398520,0,255,0,0,0,2,0,0,0
3001,6306,3,8327224,8398520,0,255,0,0,0,2,0,0,0
3002,6307,3,8327224,8398520,0,255,0,0,0,2,0,0,0
3003,6308,3,8327224,8398520,0,255,0,0,0,2,0,0,0
3004,6309,3,8327224,8398520,0,255,0,0,0,2,0,0,0
3005,6310,3,8327224,8398520,0,255,0,0,0,2,0,0,0
3006,6311,3,8327224,8398520,0,255,0,0,0,2,0,0,0
3007,6312,3,8327224,8398520,0,255,0,0,0,2,0,0,0
3008,6313,3,8327224,8398520,0,255,0,0,0,2,0,0,0
3009,6314,3,8327224,8398520,0,255,0,0,0,2,0,0,0
3010,6315,3,8327224,8398520,0,255,0,0,0,2,0,0,0
3011,6316,3,8327224,8398520,0,255,0,0,0,2,0,0,0
3012,6317,3,8327224,8398520,0,255,0,0,0,2,0,0,0
3013,6318,3,8327224,8398520,0,255,0,0,0,2,0,0,0
3014,6319,3,8327224,8398520,0,255,0,0,0,2,0,0,0
3015,6320,3,8327224,8398520,0,255,0,0,0,2,0,0,0
3016,6321,3,8327224,8398520,0,255,0,0,0,2,0,0,0
3017,6322,3,8327224,8398520,0,255,0,0,0,2,0,0,0
3018,6323,3,8327224,8398520,0,255,0,0,0,2,0,0,0
3019,6324,3,8327224,8398520,0,255,0,0,0,2,0,0,0
3020,6325,3,8327224,8398520,0,255,0,0,0,2,0,0,0
3021,6326,3,8327224,8398520,0,255,0,0,0,2,0,0,0
3022,6327,3,8327224,8398520,0,255,0,0,0,2,0,0,0
3023,6328,3,8327224,8398520,0,255,0,0,0,2,0,0,0
3024,6329,3,8327224,8398520,0,255,0,0,0,2,0,0,0
3025,6330,3,8327224,8398520,0,255,0,0,0,2,0,0,0
3026,6331,3,8327224,8398520,0,255,0,0,0,2,0,0,0
3027,6332,3,8327224,8398520,0,255,0,0,0,2,0,0,0
3028,6333,3,8327224,8398520,0,255,0,0,0,2,0,0,0
3029,6334,3,8327224,8398520,0,255,0,0,0,2,0,0,0
3030,6335,3,8327224,8398520,0,255,0,0,0,2,0,0,0
3031,6336,3,8327224,8398520,0,255,0,0,0,2,0,0,0
3032,6337,3,8327224,8398520,0,255,0,0,0,2,0,0,0
3033,6338,3,8327224,8398520,0,255,0,0,0,2,0,0,0
3034,6339,3,8327224,8398520,0,255,0,0,0,2,0,0,0
3035,6340,3,8327224,8398520,0,255,0,0,0,2,0,0,0
3036,6341,3,8327224,8398520,0,255,0,0,0,2,0,0,0
3037,6342,3,8327224,8398520,0,255,0,0,0,2,0,0,0
3038,6343,3,8327224,8398520,0,255,0,0,0,2,0,0,0
3039,6344,3,8327224,8398520,0,255,0,0,0,2,0,0,0
3040,6345,3,8327224,8398520,0,255,0,0,0,2,0,0,0
3041,6346,3,8327224,8398520,0,255,0,0,0,2,0,0,0
3042,6347,3,8327224,8398520,0,255,0,0,0,2,0,0,0
3043,6348,3,8327224,8398520,0,255,0,0,0,2,0,0,0
3044,6349,3,8327224,8398520,0,255,0,0,0,2,0,0,0
3045,6350,3,8327224,8398520,0,255,0,0,0,2,0,0,0
3046,6351,3,8327224,8398520,0,255,0,0,0,2,0,0,0
3047,6352,3,8327224,8398520,0,255,0,0,0,2,0,0,0
3048,6353,3,8327224,8398520,0,255,0,0,0,2,0,0,0
3049,6354,3,8327224,8398520,0,255,0,0,0,2,0,0,0
3050,6355,3,8327224,8398520,0,255,0,0,0,2,0,0,0
