frame,seq,v,block,spline,c0,c1,c3,c4,c5,ai_type,ai_spline_idx,ai_override,ai_mode
2,0,1,8327300,8395424,0,255,0,0,0,0,0,0,0
2,1,2,8327376,8395424,0,0,0,0,0,0,0,0,0
2,2,3,8327452,8395424,0,0,0,0,0,0,0,0,0
3,3,1,8327300,8395940,0,0,0,0,0,0,1,0,0
3,4,2,8327376,8395424,0,0,0,0,0,0,0,0,0
3,5,3,8327452,8395424,0,0,0,0,0,0,0,0,0
4,6,1,8327300,8395940,0,0,0,0,0,0,1,0,0
4,7,2,8327376,8395424,0,0,0,0,0,0,0,0,0
4,8,3,8327452,8395424,0,0,0,0,0,0,0,0,0
5,9,1,8327300,8395940,0,0,0,0,0,0,1,0,0
5,10,2,8327376,8395424,0,0,0,0,0,0,0,0,0
5,11,3,8327452,8395424,0,0,0,0,0,0,0,0,0
6,12,1,8327300,8395940,0,0,0,0,0,0,1,0,0
6,13,2,8327376,8395424,0,0,0,0,0,0,0,0,0
6,14,3,8327452,8395424,0,0,0,0,0,0,0,0,0
7,15,1,8327300,8395940,0,0,0,0,0,0,1,0,0
7,16,2,8327376,8395424,0,0,0,0,0,0,0,0,0
7,17,3,8327452,8395424,0,0,0,0,0,0,0,0,0
8,18,1,8327300,8395940,0,0,0,0,0,0,1,0,0
8,19,2,8327376,8395424,0,0,0,0,0,0,0,0,0
8,20,3,8327452,8395424,0,0,0,0,0,0,0,0,0
9,21,1,8327300,8395940,0,0,0,0,0,0,1,0,0
9,22,2,8327376,8395424,0,0,0,0,0,0,0,0,0
9,23,3,8327452,8395424,0,0,0,0,0,0,0,0,0
10,24,1,8327300,8395940,0,0,0,0,0,0,1,0,0
10,25,2,8327376,8395424,0,0,0,0,0,0,0,0,0
10,26,3,8327452,8395424,0,0,0,0,0,0,0,0,0
11,27,1,8327300,8395940,0,0,0,0,0,0,1,0,0
11,28,2,8327376,8395424,0,0,0,0,0,0,0,0,0
11,29,3,8327452,8395424,0,0,0,0,0,0,0,0,0
12,30,1,8327300,8395940,0,0,0,0,0,0,1,0,0
12,31,2,8327376,8395424,0,0,0,0,0,0,0,0,0
12,32,3,8327452,8395424,0,0,0,0,0,0,0,0,0
13,33,1,8327300,8395940,0,0,0,0,0,0,1,0,0
13,34,2,8327376,8395424,0,0,0,0,0,0,0,0,0
13,35,3,8327452,8395424,0,0,0,0,0,0,0,0,0
14,36,1,8327300,8395940,0,0,0,0,0,0,1,0,0
14,37,2,8327376,8395424,0,0,0,0,0,0,0,0,0
14,38,3,8327452,8395424,0,0,0,0,0,0,0,0,0
15,39,1,8327300,8395940,0,0,0,0,0,0,1,0,0
15,40,2,8327376,8395424,0,0,0,0,0,0,0,0,0
15,41,3,8327452,8395424,0,0,0,0,0,0,0,0,0
16,42,1,8327300,8395940,0,0,0,0,0,0,1,0,0
16,43,2,8327376,8395424,0,0,0,0,0,0,0,0,0
16,44,3,8327452,8395424,0,0,0,0,0,0,0,0,0
17,45,1,8327300,8395940,0,0,0,0,0,0,1,0,0
17,46,2,8327376,8395424,0,0,0,0,0,0,0,0,0
17,47,3,8327452,8395424,0,0,0,0,0,0,0,0,0
18,48,1,8327300,8395940,0,0,0,0,0,0,1,0,0
18,49,2,8327376,8395424,0,0,0,0,0,0,0,0,0
18,50,3,8327452,8395424,0,0,0,0,0,0,0,0,0
19,51,1,8327300,8395940,0,0,0,0,0,0,1,0,0
19,52,2,8327376,8395424,0,0,0,0,0,0,0,0,0
19,53,3,8327452,8395424,0,0,0,0,0,0,0,0,0
20,54,1,8327300,8395940,0,0,0,0,0,0,1,0,0
20,55,2,8327376,8395424,0,0,0,0,0,0,0,0,0
20,56,3,8327452,8395424,0,0,0,0,0,0,0,0,0
21,57,1,8327300,8395940,0,0,0,0,0,0,1,0,0
21,58,2,8327376,8395424,0,0,0,0,0,0,0,0,0
21,59,3,8327452,8395424,0,0,0,0,0,0,0,0,0
22,60,1,8327300,8395940,0,0,0,0,0,0,1,0,0
22,61,2,8327376,8395424,0,0,0,0,0,0,0,0,0
22,62,3,8327452,8395424,0,0,0,0,0,0,0,0,0
23,63,1,8327300,8395940,0,0,0,0,0,0,1,0,0
23,64,2,8327376,8395424,0,0,0,0,0,0,0,0,0
23,65,3,8327452,8395424,0,0,0,0,0,0,0,0,0
24,66,1,8327300,8395940,0,0,0,0,0,0,1,0,0
24,67,2,8327376,8395424,0,0,0,0,0,0,0,0,0
24,68,3,8327452,8395424,0,0,0,0,0,0,0,0,0
25,69,1,8327300,8395940,0,0,0,0,0,0,1,0,0
25,70,2,8327376,8395424,0,0,0,0,0,0,0,0,0
25,71,3,8327452,8395424,0,0,0,0,0,0,0,0,0
26,72,1,8327300,8395940,0,0,0,0,0,0,1,0,0
26,73,2,8327376,8395424,0,0,0,0,0,0,0,0,0
26,74,3,8327452,8395424,0,0,0,0,0,0,0,0,0
27,75,1,8327300,8395940,0,0,0,0,0,0,1,0,0
27,76,2,8327376,8395424,0,0,0,0,0,0,0,0,0
27,77,3,8327452,8395424,0,0,0,0,0,0,0,0,0
28,78,1,8327300,8395940,0,0,0,0,0,0,1,0,0
28,79,2,8327376,8395424,0,0,0,0,0,0,0,0,0
28,80,3,8327452,8395424,0,0,0,0,0,0,0,0,0
29,81,1,8327300,8395940,0,0,0,0,0,0,1,0,0
29,82,2,8327376,8395424,0,0,0,0,0,0,0,0,0
29,83,3,8327452,8395424,0,0,0,0,0,0,0,0,0
30,84,1,8327300,8395940,0,0,0,0,0,0,1,0,0
30,85,2,8327376,8395424,0,0,0,0,0,0,0,0,0
30,86,3,8327452,8395424,0,0,0,0,0,0,0,0,0
31,87,1,8327300,8395940,0,0,0,0,0,0,1,0,0
31,88,2,8327376,8395424,0,0,0,0,0,0,0,0,0
31,89,3,8327452,8395424,0,0,0,0,0,0,0,0,0
32,90,1,8327300,8395940,0,0,0,0,0,0,1,0,0
32,91,2,8327376,8395424,0,0,0,0,0,0,0,0,0
32,92,3,8327452,8395424,0,0,0,0,0,0,0,0,0
33,93,1,8327300,8395940,0,0,0,0,0,0,1,0,0
33,94,2,8327376,8395424,0,0,0,0,0,0,0,0,0
33,95,3,8327452,8395424,0,0,0,0,0,0,0,0,0
34,96,1,8327300,8395940,0,0,0,0,0,0,1,0,0
34,97,2,8327376,8395424,0,0,0,0,0,0,0,0,0
34,98,3,8327452,8395424,0,0,0,0,0,0,0,0,0
35,99,1,8327300,8395940,0,0,0,0,0,0,1,0,0
35,100,2,8327376,8395424,0,0,0,0,0,0,0,0,0
35,101,3,8327452,8395424,0,0,0,0,0,0,0,0,0
36,102,1,8327300,8395940,0,0,0,0,0,0,1,0,0
36,103,2,8327376,8395424,0,0,0,0,0,0,0,0,0
36,104,3,8327452,8395424,0,0,0,0,0,0,0,0,0
37,105,1,8327300,8395940,0,0,0,0,0,0,1,0,0
37,106,2,8327376,8395424,0,0,0,0,0,0,0,0,0
37,107,3,8327452,8395424,0,0,0,0,0,0,0,0,0
38,108,1,8327300,8395940,0,0,0,0,0,0,1,0,0
38,109,2,8327376,8395424,0,0,0,0,0,0,0,0,0
38,110,3,8327452,8395424,0,0,0,0,0,0,0,0,0
39,111,1,8327300,8395940,0,0,0,0,0,0,1,0,0
39,112,2,8327376,8395424,0,0,0,0,0,0,0,0,0
39,113,3,8327452,8395424,0,0,0,0,0,0,0,0,0
40,114,1,8327300,8395940,0,0,0,0,0,0,1,0,0
40,115,2,8327376,8395424,0,0,0,0,0,0,0,0,0
40,116,3,8327452,8395424,0,0,0,0,0,0,0,0,0
41,117,1,8327300,8395940,0,0,0,0,0,0,1,0,0
41,118,2,8327376,8395424,0,0,0,0,0,0,0,0,0
41,119,3,8327452,8395424,0,0,0,0,0,0,0,0,0
42,120,1,8327300,8395940,0,0,0,0,0,0,1,0,0
42,121,2,8327376,8395424,0,0,0,0,0,0,0,0,0
42,122,3,8327452,8395424,0,0,0,0,0,0,0,0,0
43,123,1,8327300,8395940,0,0,0,0,0,0,1,0,0
43,124,2,8327376,8395424,0,0,0,0,0,0,0,0,0
43,125,3,8327452,8395424,0,0,0,0,0,0,0,0,0
44,126,1,8327300,8395940,0,0,0,0,0,0,1,0,0
44,127,2,8327376,8395424,0,0,0,0,0,0,0,0,0
44,128,3,8327452,8395424,0,0,0,0,0,0,0,0,0
45,129,1,8327300,8395940,0,0,0,0,0,0,1,0,0
45,130,2,8327376,8395424,0,0,0,0,0,0,0,0,0
45,131,3,8327452,8395424,0,0,0,0,0,0,0,0,0
46,132,1,8327300,8395940,0,0,0,0,0,0,1,0,0
46,133,2,8327376,8395424,0,0,0,0,0,0,0,0,0
46,134,3,8327452,8395424,0,0,0,0,0,0,0,0,0
47,135,1,8327300,8395940,0,0,0,0,0,0,1,0,0
47,136,2,8327376,8395424,0,0,0,0,0,0,0,0,0
47,137,3,8327452,8395424,0,0,0,0,0,0,0,0,0
48,138,1,8327300,8395940,0,0,0,0,0,0,1,0,0
48,139,2,8327376,8395424,0,0,0,0,0,0,0,0,0
48,140,3,8327452,8395424,0,0,0,0,0,0,0,0,0
49,141,1,8327300,8395940,0,0,0,0,0,0,1,0,0
49,142,2,8327376,8395424,0,0,0,0,0,0,0,0,0
49,143,3,8327452,8395424,0,0,0,0,0,0,0,0,0
50,144,1,8327300,8395940,0,0,0,0,0,0,1,0,0
50,145,2,8327376,8395424,0,0,0,0,0,0,0,0,0
50,146,3,8327452,8395424,0,0,0,0,0,0,0,0,0
51,147,1,8327300,8395940,0,0,0,0,0,0,1,0,0
51,148,2,8327376,8395424,0,0,0,0,0,0,0,0,0
51,149,3,8327452,8395424,0,0,0,0,0,0,0,0,0
52,150,1,8327300,8395940,0,0,0,0,0,0,1,0,0
52,151,2,8327376,8395424,0,0,0,0,0,0,0,0,0
52,152,3,8327452,8395424,0,0,0,0,0,0,0,0,0
53,153,1,8327300,8395940,0,0,0,0,0,0,1,0,0
53,154,2,8327376,8395424,0,0,0,0,0,0,0,0,0
53,155,3,8327452,8395424,0,0,0,0,0,0,0,0,0
54,156,1,8327300,8395940,0,0,0,0,0,0,1,0,0
54,157,2,8327376,8395424,0,0,0,0,0,0,0,0,0
54,158,3,8327452,8395424,0,0,0,0,0,0,0,0,0
55,159,1,8327300,8395940,0,0,0,0,0,0,1,0,0
55,160,2,8327376,8395424,0,0,0,0,0,0,0,0,0
55,161,3,8327452,8395424,0,0,0,0,0,0,0,0,0
56,162,1,8327300,8395940,0,0,0,0,0,0,1,0,0
56,163,2,8327376,8395424,0,0,0,0,0,0,0,0,0
56,164,3,8327452,8395424,0,0,0,0,0,0,0,0,0
57,165,1,8327300,8395940,0,0,0,0,0,0,1,0,0
57,166,2,8327376,8395424,0,0,0,0,0,0,0,0,0
57,167,3,8327452,8395424,0,0,0,0,0,0,0,0,0
58,168,1,8327300,8395940,0,0,0,0,0,0,1,0,0
58,169,2,8327376,8395424,0,0,0,0,0,0,0,0,0
58,170,3,8327452,8395424,0,0,0,0,0,0,0,0,0
59,171,1,8327300,8395940,0,0,0,0,0,0,1,0,0
59,172,2,8327376,8395424,0,0,0,0,0,0,0,0,0
59,173,3,8327452,8395424,0,0,0,0,0,0,0,0,0
60,174,1,8327300,8395940,0,0,0,0,0,0,1,0,0
60,175,2,8327376,8395424,0,0,0,0,0,0,0,0,0
60,176,3,8327452,8395424,0,0,0,0,0,0,0,0,0
61,177,1,8327300,8395940,0,0,0,0,0,0,1,0,0
61,178,2,8327376,8395424,0,0,0,0,0,0,0,0,0
61,179,3,8327452,8395424,0,0,0,0,0,0,0,0,0
62,180,1,8327300,8395940,0,0,0,0,0,0,1,0,0
62,181,2,8327376,8395424,0,0,0,0,0,0,0,0,0
62,182,3,8327452,8395424,0,0,0,0,0,0,0,0,0
63,183,1,8327300,8395940,0,0,0,0,0,0,1,0,0
63,184,2,8327376,8395424,0,0,0,0,0,0,0,0,0
63,185,3,8327452,8395424,0,0,0,0,0,0,0,0,0
64,186,1,8327300,8395940,0,0,0,0,0,0,1,0,0
64,187,2,8327376,8395424,0,0,0,0,0,0,0,0,0
64,188,3,8327452,8395424,0,0,0,0,0,0,0,0,0
65,189,1,8327300,8395940,0,0,0,0,0,0,1,0,0
65,190,2,8327376,8395424,0,0,0,0,0,0,0,0,0
65,191,3,8327452,8395424,0,0,0,0,0,0,0,0,0
66,192,1,8327300,8395940,0,0,0,0,0,0,1,0,0
66,193,2,8327376,8395424,0,0,0,0,0,0,0,0,0
66,194,3,8327452,8395424,0,0,0,0,0,0,0,0,0
67,195,1,8327300,8395940,0,0,0,0,0,0,1,0,0
67,196,2,8327376,8395424,0,0,0,0,0,0,0,0,0
67,197,3,8327452,8395424,0,0,0,0,0,0,0,0,0
68,198,1,8327300,8395940,0,0,0,0,0,0,1,0,0
68,199,2,8327376,8395424,0,0,0,0,0,0,0,0,0
68,200,3,8327452,8395424,0,0,0,0,0,0,0,0,0
69,201,1,8327300,8395940,0,0,0,0,0,0,1,0,0
69,202,2,8327376,8395424,0,0,0,0,0,0,0,0,0
69,203,3,8327452,8395424,0,0,0,0,0,0,0,0,0
70,204,1,8327300,8395940,0,0,0,0,0,0,1,0,0
70,205,2,8327376,8395424,0,0,0,0,0,0,0,0,0
70,206,3,8327452,8395424,0,0,0,0,0,0,0,0,0
71,207,1,8327300,8395940,0,0,0,0,0,0,1,0,0
71,208,2,8327376,8395424,0,0,0,0,0,0,0,0,0
71,209,3,8327452,8395424,0,0,0,0,0,0,0,0,0
72,210,1,8327300,8395940,0,0,0,0,0,0,1,0,0
72,211,2,8327376,8395424,0,0,0,0,0,0,0,0,0
72,212,3,8327452,8395424,0,0,0,0,0,0,0,0,0
73,213,1,8327300,8395940,0,0,0,0,0,0,1,0,0
73,214,2,8327376,8395424,0,0,0,0,0,0,0,0,0
73,215,3,8327452,8395424,0,0,0,0,0,0,0,0,0
74,216,1,8327300,8395940,0,0,0,0,0,0,1,0,0
74,217,2,8327376,8395424,0,0,0,0,0,0,0,0,0
74,218,3,8327452,8395424,0,0,0,0,0,0,0,0,0
75,219,1,8327300,8395940,0,0,0,0,0,0,1,0,0
75,220,2,8327376,8395424,0,0,0,0,0,0,0,0,0
75,221,3,8327452,8395424,0,0,0,0,0,0,0,0,0
76,222,1,8327300,8395940,0,0,0,0,0,0,1,0,0
76,223,2,8327376,8395424,0,0,0,0,0,0,0,0,0
76,224,3,8327452,8395424,0,0,0,0,0,0,0,0,0
77,225,1,8327300,8395940,0,0,0,0,0,0,1,0,0
77,226,2,8327376,8395424,0,0,0,0,0,0,0,0,0
77,227,3,8327452,8395424,0,0,0,0,0,0,0,0,0
78,228,1,8327300,8395940,0,0,0,0,0,0,1,0,0
78,229,2,8327376,8395424,0,0,0,0,0,0,0,0,0
78,230,3,8327452,8395424,0,0,0,0,0,0,0,0,0
79,231,1,8327300,8395940,0,0,0,0,0,0,1,0,0
79,232,2,8327376,8395424,0,0,0,0,0,0,0,0,0
79,233,3,8327452,8395424,0,0,0,0,0,0,0,0,0
80,234,1,8327300,8395940,0,0,0,0,0,0,1,0,0
80,235,2,8327376,8395424,0,0,0,0,0,0,0,0,0
80,236,3,8327452,8395424,0,0,0,0,0,0,0,0,0
81,237,1,8327300,8395940,0,0,0,0,0,0,1,0,0
81,238,2,8327376,8395424,0,0,0,0,0,0,0,0,0
81,239,3,8327452,8395424,0,0,0,0,0,0,0,0,0
82,240,1,8327300,8395940,0,0,0,0,0,0,1,0,0
82,241,2,8327376,8395424,0,0,0,0,0,0,0,0,0
82,242,3,8327452,8395424,0,0,0,0,0,0,0,0,0
83,243,1,8327300,8395940,0,0,0,0,0,0,1,0,0
83,244,2,8327376,8395424,0,0,0,0,0,0,0,0,0
83,245,3,8327452,8395424,0,0,0,0,0,0,0,0,0
84,246,1,8327300,8395940,0,0,0,0,0,0,1,0,0
84,247,2,8327376,8395424,0,0,0,0,0,0,0,0,0
84,248,3,8327452,8395424,0,0,0,0,0,0,0,0,0
85,249,1,8327300,8395940,0,0,0,0,0,0,1,0,0
85,250,2,8327376,8395424,0,0,0,0,0,0,0,0,0
85,251,3,8327452,8395424,0,0,0,0,0,0,0,0,0
86,252,1,8327300,8395940,0,0,0,0,0,0,1,0,0
86,253,2,8327376,8395424,0,0,0,0,0,0,0,0,0
86,254,3,8327452,8395424,0,0,0,0,0,0,0,0,0
87,255,1,8327300,8395940,0,0,0,0,0,0,1,0,0
87,256,2,8327376,8395424,0,0,0,0,0,0,0,0,0
87,257,3,8327452,8395424,0,0,0,0,0,0,0,0,0
88,258,1,8327300,8395940,0,0,0,0,0,0,1,0,0
88,259,2,8327376,8395424,0,0,0,0,0,0,0,0,0
88,260,3,8327452,8395424,0,0,0,0,0,0,0,0,0
89,261,1,8327300,8395940,0,0,0,0,0,0,1,0,0
89,262,2,8327376,8395424,0,0,0,0,0,0,0,0,0
89,263,3,8327452,8395424,0,0,0,0,0,0,0,0,0
90,264,1,8327300,8395940,0,0,0,0,0,0,1,0,0
90,265,2,8327376,8395424,0,0,0,0,0,0,0,0,0
90,266,3,8327452,8395424,0,0,0,0,0,0,0,0,0
91,267,1,8327300,8395940,0,0,0,0,0,0,1,0,0
91,268,2,8327376,8395424,0,0,0,0,0,0,0,0,0
91,269,3,8327452,8395424,0,0,0,0,0,0,0,0,0
92,270,1,8327300,8395940,0,0,0,0,0,0,1,0,0
92,271,2,8327376,8395424,0,0,0,0,0,0,0,0,0
92,272,3,8327452,8395424,0,0,0,0,0,0,0,0,0
93,273,1,8327300,8395940,0,0,0,0,0,0,1,0,0
93,274,2,8327376,8395424,0,0,0,0,0,0,0,0,0
93,275,3,8327452,8395424,0,0,0,0,0,0,0,0,0
94,276,1,8327300,8395940,0,0,0,0,0,0,1,0,0
94,277,2,8327376,8395424,0,0,0,0,0,0,0,0,0
94,278,3,8327452,8395424,0,0,0,0,0,0,0,0,0
95,279,1,8327300,8395940,0,0,0,0,0,0,1,0,0
95,280,2,8327376,8395424,0,0,0,0,0,0,0,0,0
95,281,3,8327452,8395424,0,0,0,0,0,0,0,0,0
96,282,1,8327300,8395940,0,0,0,0,0,0,1,0,0
96,283,2,8327376,8395424,0,0,0,0,0,0,0,0,0
96,284,3,8327452,8395424,0,0,0,0,0,0,0,0,0
97,285,1,8327300,8395940,0,0,0,0,0,0,1,0,0
97,286,2,8327376,8395424,0,0,0,0,0,0,0,0,0
97,287,3,8327452,8395424,0,0,0,0,0,0,0,0,0
98,288,1,8327300,8395940,0,0,0,0,0,0,1,0,0
98,289,2,8327376,8395424,0,0,0,0,0,0,0,0,0
98,290,3,8327452,8395424,0,0,0,0,0,0,0,0,0
99,291,1,8327300,8395940,0,0,0,0,0,0,1,0,0
99,292,2,8327376,8395424,0,0,0,0,0,0,0,0,0
99,293,3,8327452,8395424,0,0,0,0,0,0,0,0,0
100,294,1,8327300,8395940,0,0,0,0,0,0,1,0,0
100,295,2,8327376,8395424,0,0,0,0,0,0,0,0,0
100,296,3,8327452,8395424,0,0,0,0,0,0,0,0,0
101,297,1,8327300,8395940,0,0,0,0,0,0,1,0,0
101,298,2,8327376,8395424,0,0,0,0,0,0,0,0,0
101,299,3,8327452,8395424,0,0,0,0,0,0,0,0,0
102,300,1,8327300,8395940,0,0,0,0,0,0,1,0,0
102,301,2,8327376,8395424,0,0,0,0,0,0,0,0,0
102,302,3,8327452,8395424,0,0,0,0,0,0,0,0,0
103,303,1,8327300,8395940,0,0,0,0,0,0,1,0,0
103,304,2,8327376,8395424,0,0,0,0,0,0,0,0,0
103,305,3,8327452,8395424,0,0,0,0,0,0,0,0,0
104,306,1,8327300,8395940,0,0,0,0,0,0,1,0,0
104,307,2,8327376,8395424,0,0,0,0,0,0,0,0,0
104,308,3,8327452,8395424,0,0,0,0,0,0,0,0,0
105,309,1,8327300,8395940,0,0,0,0,0,0,1,0,0
105,310,2,8327376,8395424,0,0,0,0,0,0,0,0,0
105,311,3,8327452,8395424,0,0,0,0,0,0,0,0,0
106,312,1,8327300,8395940,0,0,0,0,0,0,1,0,0
106,313,2,8327376,8395424,0,0,0,0,0,0,0,0,0
106,314,3,8327452,8395424,0,0,0,0,0,0,0,0,0
107,315,1,8327300,8395940,0,0,0,0,0,0,1,0,0
107,316,2,8327376,8395424,0,0,0,0,0,0,0,0,0
107,317,3,8327452,8395424,0,0,0,0,0,0,0,0,0
108,318,1,8327300,8395940,0,0,0,0,0,0,1,0,0
108,319,2,8327376,8395424,0,0,0,0,0,0,0,0,0
108,320,3,8327452,8395424,0,0,0,0,0,0,0,0,0
109,321,1,8327300,8395940,0,0,0,0,0,0,1,0,0
109,322,2,8327376,8395424,0,0,0,0,0,0,0,0,0
109,323,3,8327452,8395424,0,0,0,0,0,0,0,0,0
110,324,1,8327300,8395940,0,0,0,0,0,0,1,0,0
110,325,2,8327376,8395424,0,0,0,0,0,0,0,0,0
110,326,3,8327452,8395424,0,0,0,0,0,0,0,0,0
111,327,1,8327300,8395940,0,0,0,0,0,0,1,0,0
111,328,2,8327376,8395424,0,0,0,0,0,0,0,0,0
111,329,3,8327452,8395424,0,0,0,0,0,0,0,0,0
112,330,1,8327300,8395940,0,0,0,0,0,0,1,0,0
112,331,2,8327376,8395424,0,0,0,0,0,0,0,0,0
112,332,3,8327452,8395424,0,0,0,0,0,0,0,0,0
113,333,1,8327300,8395940,0,0,0,0,0,0,1,0,0
113,334,2,8327376,8395424,0,0,0,0,0,0,0,0,0
113,335,3,8327452,8395424,0,0,0,0,0,0,0,0,0
114,336,1,8327300,8395940,0,0,0,0,0,0,1,0,0
114,337,2,8327376,8395424,0,0,0,0,0,0,0,0,0
114,338,3,8327452,8395424,0,0,0,0,0,0,0,0,0
115,339,1,8327300,8395940,0,0,0,0,0,0,1,0,0
115,340,2,8327376,8395424,0,0,0,0,0,0,0,0,0
115,341,3,8327452,8395424,0,0,0,0,0,0,0,0,0
116,342,1,8327300,8395940,0,0,0,0,0,0,1,0,0
116,343,2,8327376,8395424,0,0,0,0,0,0,0,0,0
116,344,3,8327452,8395424,0,0,0,0,0,0,0,0,0
117,345,1,8327300,8395940,0,0,0,0,0,0,1,0,0
117,346,2,8327376,8395424,0,0,0,0,0,0,0,0,0
117,347,3,8327452,8395424,0,0,0,0,0,0,0,0,0
118,348,1,8327300,8395940,0,0,0,0,0,0,1,0,0
118,349,2,8327376,8395424,0,0,0,0,0,0,0,0,0
118,350,3,8327452,8395424,0,0,0,0,0,0,0,0,0
119,351,1,8327300,8395940,0,0,0,0,0,0,1,0,0
119,352,2,8327376,8395424,0,0,0,0,0,0,0,0,0
119,353,3,8327452,8395424,0,0,0,0,0,0,0,0,0
120,354,1,8327300,8395940,0,0,0,0,0,0,1,0,0
120,355,2,8327376,8395424,0,0,0,0,0,0,0,0,0
120,356,3,8327452,8395424,0,0,0,0,0,0,0,0,0
121,357,1,8327300,8395940,0,0,0,0,0,0,1,0,0
121,358,2,8327376,8395424,0,0,0,0,0,0,0,0,0
121,359,3,8327452,8395424,0,0,0,0,0,0,0,0,0
122,360,1,8327300,8395940,0,0,0,0,0,0,1,0,0
122,361,2,8327376,8395424,0,0,0,0,0,0,0,0,0
122,362,3,8327452,8395424,0,0,0,0,0,0,0,0,0
123,363,1,8327300,8395940,0,0,0,0,0,0,1,0,0
123,364,2,8327376,8395424,0,0,0,0,0,0,0,0,0
123,365,3,8327452,8395424,0,0,0,0,0,0,0,0,0
124,366,1,8327300,8395940,0,0,0,0,0,0,1,0,0
124,367,2,8327376,8395424,0,0,0,0,0,0,0,0,0
124,368,3,8327452,8395424,0,0,0,0,0,0,0,0,0
125,369,1,8327300,8395940,0,0,0,0,0,0,1,0,0
125,370,2,8327376,8395424,0,0,0,0,0,0,0,0,0
125,371,3,8327452,8395424,0,0,0,0,0,0,0,0,0
126,372,1,8327300,8395940,0,0,0,0,0,0,1,0,0
126,373,2,8327376,8395424,0,0,0,0,0,0,0,0,0
126,374,3,8327452,8395424,0,0,0,0,0,0,0,0,0
127,375,1,8327300,8395940,0,0,0,0,0,0,1,0,0
127,376,2,8327376,8395424,0,0,0,0,0,0,0,0,0
127,377,3,8327452,8395424,0,0,0,0,0,0,0,0,0
128,378,1,8327300,8395940,0,0,0,0,0,0,1,0,0
128,379,2,8327376,8395424,0,0,0,0,0,0,0,0,0
128,380,3,8327452,8395424,0,0,0,0,0,0,0,0,0
129,381,1,8327300,8395940,0,0,0,0,0,0,1,0,0
129,382,2,8327376,8395424,0,0,0,0,0,0,0,0,0
129,383,3,8327452,8395424,0,0,0,0,0,0,0,0,0
130,384,1,8327300,8395940,0,0,0,0,0,0,1,0,0
130,385,2,8327376,8395424,0,0,0,0,0,0,0,0,0
130,386,3,8327452,8395424,0,0,0,0,0,0,0,0,0
131,387,1,8327300,8395940,0,0,0,0,0,0,1,0,0
131,388,2,8327376,8395424,0,0,0,0,0,0,0,0,0
131,389,3,8327452,8395424,0,0,0,0,0,0,0,0,0
132,390,1,8327300,8395940,0,0,0,0,0,0,1,0,0
132,391,2,8327376,8395424,0,0,0,0,0,0,0,0,0
132,392,3,8327452,8395424,0,0,0,0,0,0,0,0,0
133,393,1,8327300,8395940,0,0,0,0,0,0,1,0,0
133,394,2,8327376,8395424,0,0,0,0,0,0,0,0,0
133,395,3,8327452,8395424,0,0,0,0,0,0,0,0,0
134,396,1,8327300,8395940,0,0,0,0,0,0,1,0,0
134,397,2,8327376,8395424,0,0,0,0,0,0,0,0,0
134,398,3,8327452,8395424,0,0,0,0,0,0,0,0,0
135,399,1,8327300,8395940,0,0,0,0,0,0,1,0,0
135,400,2,8327376,8395424,0,0,0,0,0,0,0,0,0
135,401,3,8327452,8395424,0,0,0,0,0,0,0,0,0
136,402,1,8327300,8395940,0,0,0,0,0,0,1,0,0
136,403,2,8327376,8395424,0,0,0,0,0,0,0,0,0
136,404,3,8327452,8395424,0,0,0,0,0,0,0,0,0
137,405,1,8327300,8395940,0,0,0,0,0,0,1,0,0
137,406,2,8327376,8395424,0,0,0,0,0,0,0,0,0
137,407,3,8327452,8395424,0,0,0,0,0,0,0,0,0
138,408,1,8327300,8395940,0,0,0,0,0,0,1,0,0
138,409,2,8327376,8395424,0,0,0,0,0,0,0,0,0
138,410,3,8327452,8395424,0,0,0,0,0,0,0,0,0
139,411,1,8327300,8395940,0,0,0,0,0,0,1,0,0
139,412,2,8327376,8395424,0,0,0,0,0,0,0,0,0
139,413,3,8327452,8395424,0,0,0,0,0,0,0,0,0
140,414,1,8327300,8395940,0,0,0,0,0,0,1,0,0
140,415,2,8327376,8395424,0,0,0,0,0,0,0,0,0
140,416,3,8327452,8395424,0,0,0,0,0,0,0,0,0
141,417,1,8327300,8395940,0,0,0,0,0,0,1,0,0
141,418,2,8327376,8395424,0,0,0,0,0,0,0,0,0
141,419,3,8327452,8395424,0,0,0,0,0,0,0,0,0
142,420,1,8327300,8395940,0,0,0,0,0,0,1,0,0
142,421,2,8327376,8395424,0,0,0,0,0,0,0,0,0
142,422,3,8327452,8395424,0,0,0,0,0,0,0,0,0
143,423,1,8327300,8395940,0,0,0,0,0,0,1,0,0
143,424,2,8327376,8395424,0,0,0,0,0,0,0,0,0
143,425,3,8327452,8395424,0,0,0,0,0,0,0,0,0
144,426,1,8327300,8395940,0,0,0,0,0,0,1,0,0
144,427,2,8327376,8395424,0,0,0,0,0,0,0,0,0
144,428,3,8327452,8395424,0,0,0,0,0,0,0,0,0
145,429,1,8327300,8395940,0,0,0,0,0,0,1,0,0
145,430,2,8327376,8395424,0,0,0,0,0,0,0,0,0
145,431,3,8327452,8395424,0,0,0,0,0,0,0,0,0
146,432,1,8327300,8395940,0,0,0,0,0,0,1,0,0
146,433,2,8327376,8395424,0,0,0,0,0,0,0,0,0
146,434,3,8327452,8395424,0,0,0,0,0,0,0,0,0
147,435,1,8327300,8395940,0,0,0,0,0,0,1,0,0
147,436,2,8327376,8395424,0,0,0,0,0,0,0,0,0
147,437,3,8327452,8395424,0,0,0,0,0,0,0,0,0
148,438,1,8327300,8395940,0,0,0,0,0,0,1,0,0
148,439,2,8327376,8395424,0,0,0,0,0,0,0,0,0
148,440,3,8327452,8395424,0,0,0,0,0,0,0,0,0
149,441,1,8327300,8395940,0,0,0,0,0,0,1,0,0
149,442,2,8327376,8395424,0,0,0,0,0,0,0,0,0
149,443,3,8327452,8395424,0,0,0,0,0,0,0,0,0
150,444,1,8327300,8395940,0,0,0,0,0,0,1,0,0
150,445,2,8327376,8395424,0,0,0,0,0,0,0,0,0
150,446,3,8327452,8395424,0,0,0,0,0,0,0,0,0
151,447,1,8327300,8395940,0,0,0,0,0,0,1,0,0
151,448,2,8327376,8395424,0,0,0,0,0,0,0,0,0
151,449,3,8327452,8395424,0,0,0,0,0,0,0,0,0
152,450,1,8327300,8395940,0,0,0,0,0,0,1,0,0
152,451,2,8327376,8395424,0,0,0,0,0,0,0,0,0
152,452,3,8327452,8395424,0,0,0,0,0,0,0,0,0
153,453,1,8327300,8395940,0,0,0,0,0,0,1,0,0
153,454,2,8327376,8395424,0,0,0,0,0,0,0,0,0
153,455,3,8327452,8395424,0,0,0,0,0,0,0,0,0
154,456,1,8327300,8395940,0,0,0,0,0,0,1,0,0
154,457,2,8327376,8395424,0,0,0,0,0,0,0,0,0
154,458,3,8327452,8395424,0,0,0,0,0,0,0,0,0
155,459,1,8327300,8395940,0,0,0,0,0,0,1,0,0
155,460,2,8327376,8395424,0,0,0,0,0,0,0,0,0
155,461,3,8327452,8395424,0,0,0,0,0,0,0,0,0
156,462,1,8327300,8395940,0,0,0,0,0,0,1,0,0
156,463,2,8327376,8395424,0,0,0,0,0,0,0,0,0
156,464,3,8327452,8395424,0,0,0,0,0,0,0,0,0
157,465,1,8327300,8395940,0,0,0,0,0,0,1,0,0
157,466,2,8327376,8395424,0,0,0,0,0,0,0,0,0
157,467,3,8327452,8395424,0,0,0,0,0,0,0,0,0
158,468,1,8327300,8395940,0,0,0,0,0,0,1,0,0
158,469,2,8327376,8395424,0,0,0,0,0,0,0,0,0
158,470,3,8327452,8395424,0,0,0,0,0,0,0,0,0
159,471,1,8327300,8395940,0,0,0,0,0,0,1,0,0
159,472,2,8327376,8395424,0,0,0,0,0,0,0,0,0
159,473,3,8327452,8395424,0,0,0,0,0,0,0,0,0
160,474,1,8327300,8395940,0,0,0,0,0,0,1,0,0
160,475,2,8327376,8395424,0,0,0,0,0,0,0,0,0
160,476,3,8327452,8395424,0,0,0,0,0,0,0,0,0
161,477,1,8327300,8395940,0,0,0,0,0,0,1,0,0
161,478,2,8327376,8395424,0,0,0,0,0,0,0,0,0
161,479,3,8327452,8395424,0,0,0,0,0,0,0,0,0
162,480,1,8327300,8395940,0,0,0,0,0,0,1,0,0
162,481,2,8327376,8395424,0,0,0,0,0,0,0,0,0
162,482,3,8327452,8395424,0,0,0,0,0,0,0,0,0
163,483,1,8327300,8395940,0,0,0,0,0,0,1,0,0
163,484,2,8327376,8395424,0,0,0,0,0,0,0,0,0
163,485,3,8327452,8395424,0,0,0,0,0,0,0,0,0
164,486,1,8327300,8395940,0,0,0,0,0,0,1,0,0
164,487,2,8327376,8395424,0,0,0,0,0,0,0,0,0
164,488,3,8327452,8395424,0,0,0,0,0,0,0,0,0
165,489,1,8327300,8395940,0,0,0,0,0,0,1,0,0
165,490,2,8327376,8395424,0,0,0,0,0,0,0,0,0
165,491,3,8327452,8395424,0,0,0,0,0,0,0,0,0
166,492,1,8327300,8395940,0,0,0,0,0,0,1,0,0
166,493,2,8327376,8395424,0,0,0,0,0,0,0,0,0
166,494,3,8327452,8395424,0,0,0,0,0,0,0,0,0
167,495,1,8327300,8395940,0,0,0,0,0,0,1,0,0
167,496,2,8327376,8395424,0,0,0,0,0,0,0,0,0
167,497,3,8327452,8395424,0,0,0,0,0,0,0,0,0
168,498,1,8327300,8395940,0,0,0,0,0,0,1,0,0
168,499,2,8327376,8395424,0,0,0,0,0,0,0,0,0
168,500,3,8327452,8395424,0,0,0,0,0,0,0,0,0
169,501,1,8327300,8395940,0,0,0,0,0,0,1,0,0
169,502,2,8327376,8395424,0,0,0,0,0,0,0,0,0
169,503,3,8327452,8395424,0,0,0,0,0,0,0,0,0
170,504,1,8327300,8395940,0,0,0,0,0,0,1,0,0
170,505,2,8327376,8395424,0,0,0,0,0,0,0,0,0
170,506,3,8327452,8395424,0,0,0,0,0,0,0,0,0
171,507,1,8327300,8395940,0,0,0,0,0,0,1,0,0
171,508,2,8327376,8395424,0,0,0,0,0,0,0,0,0
171,509,3,8327452,8395424,0,0,0,0,0,0,0,0,0
172,510,1,8327300,8395940,0,0,0,0,0,0,1,0,0
172,511,2,8327376,8395424,0,0,0,0,0,0,0,0,0
172,512,3,8327452,8395424,0,0,0,0,0,0,0,0,0
173,513,1,8327300,8395940,0,0,0,0,0,0,1,0,0
173,514,2,8327376,8395424,0,0,0,0,0,0,0,0,0
173,515,3,8327452,8395424,0,0,0,0,0,0,0,0,0
174,516,1,8327300,8395940,0,0,0,0,0,0,1,0,0
174,517,2,8327376,8395424,0,0,0,0,0,0,0,0,0
174,518,3,8327452,8395424,0,0,0,0,0,0,0,0,0
175,519,1,8327300,8395940,0,0,0,0,0,0,1,0,0
175,520,2,8327376,8395424,0,0,0,0,0,0,0,0,0
175,521,3,8327452,8395424,0,0,0,0,0,0,0,0,0
176,522,1,8327300,8395940,0,0,0,0,0,0,1,0,0
176,523,2,8327376,8395424,0,0,0,0,0,0,0,0,0
176,524,3,8327452,8395424,0,0,0,0,0,0,0,0,0
177,525,1,8327300,8395940,0,0,0,0,0,0,1,0,0
177,526,2,8327376,8395424,0,0,0,0,0,0,0,0,0
177,527,3,8327452,8395424,0,0,0,0,0,0,0,0,0
178,528,1,8327300,8395940,0,0,0,0,0,0,1,0,0
178,529,2,8327376,8395424,0,0,0,0,0,0,0,0,0
178,530,3,8327452,8395424,0,0,0,0,0,0,0,0,0
179,531,1,8327300,8395940,0,0,0,0,0,0,1,0,0
179,532,2,8327376,8395424,0,0,0,0,0,0,0,0,0
179,533,3,8327452,8395424,0,0,0,0,0,0,0,0,0
180,534,1,8327300,8395940,0,0,0,0,0,0,1,0,0
180,535,2,8327376,8395424,0,0,0,0,0,0,0,0,0
180,536,3,8327452,8395424,0,0,0,0,0,0,0,0,0
181,537,1,8327300,8395940,0,0,0,0,0,0,1,0,0
181,538,2,8327376,8395424,0,0,0,0,0,0,0,0,0
181,539,3,8327452,8395424,0,0,0,0,0,0,0,0,0
182,540,1,8327300,8395940,0,0,0,0,0,0,1,0,0
182,541,2,8327376,8395424,0,0,0,0,0,0,0,0,0
182,542,3,8327452,8395424,0,0,0,0,0,0,0,0,0
183,543,1,8327300,8395940,0,0,0,0,0,0,1,0,0
183,544,2,8327376,8395424,0,0,0,0,0,0,0,0,0
183,545,3,8327452,8395424,0,0,0,0,0,0,0,0,0
184,546,1,8327300,8395940,0,0,0,0,0,0,1,0,0
184,547,2,8327376,8395424,0,0,0,0,0,0,0,0,0
184,548,3,8327452,8395424,0,0,0,0,0,0,0,0,0
185,549,1,8327300,8395940,0,0,0,0,0,0,1,0,0
185,550,2,8327376,8395424,0,0,0,0,0,0,0,0,0
185,551,3,8327452,8395424,0,0,0,0,0,0,0,0,0
186,552,1,8327300,8395940,0,0,0,0,0,0,1,0,0
186,553,2,8327376,8395424,0,0,0,0,0,0,0,0,0
186,554,3,8327452,8395424,0,0,0,0,0,0,0,0,0
187,555,1,8327300,8395940,0,0,0,0,0,0,1,0,0
187,556,2,8327376,8395424,0,0,0,0,0,0,0,0,0
187,557,3,8327452,8395424,0,0,0,0,0,0,0,0,0
188,558,1,8327300,8395940,0,0,0,0,0,0,1,0,0
188,559,2,8327376,8395424,0,0,0,0,0,0,0,0,0
188,560,3,8327452,8395424,0,0,0,0,0,0,0,0,0
189,561,1,8327300,8395940,0,0,0,0,0,0,1,0,0
189,562,2,8327376,8395424,0,0,0,0,0,0,0,0,0
189,563,3,8327452,8395424,0,0,0,0,0,0,0,0,0
190,564,1,8327300,8395940,0,0,0,0,0,0,1,0,0
190,565,2,8327376,8395424,0,0,0,0,0,0,0,0,0
190,566,3,8327452,8395424,0,0,0,0,0,0,0,0,0
191,567,1,8327300,8395940,0,0,0,0,0,0,1,0,0
191,568,2,8327376,8395424,0,0,0,0,0,0,0,0,0
191,569,3,8327452,8395424,0,0,0,0,0,0,0,0,0
192,570,1,8327300,8395940,0,0,0,0,0,0,1,0,0
192,571,2,8327376,8395424,0,0,0,0,0,0,0,0,0
192,572,3,8327452,8395424,0,0,0,0,0,0,0,0,0
193,573,1,8327300,8395940,0,0,0,0,0,0,1,0,0
193,574,2,8327376,8395424,0,0,0,0,0,0,0,0,0
193,575,3,8327452,8395424,0,0,0,0,0,0,0,0,0
194,576,1,8327300,8395940,0,0,0,0,0,0,1,0,0
194,577,2,8327376,8395424,0,0,0,0,0,0,0,0,0
194,578,3,8327452,8395424,0,0,0,0,0,0,0,0,0
195,579,1,8327300,8395940,0,0,0,0,0,0,1,0,0
195,580,2,8327376,8395424,0,0,0,0,0,0,0,0,0
195,581,3,8327452,8395424,0,0,0,0,0,0,0,0,0
196,582,1,8327300,8395940,0,0,0,0,0,0,1,0,0
196,583,2,8327376,8395424,0,0,0,0,0,0,0,0,0
196,584,3,8327452,8395424,0,0,0,0,0,0,0,0,0
197,585,1,8327300,8395940,0,0,0,0,0,0,1,0,0
197,586,2,8327376,8395424,0,0,0,0,0,0,0,0,0
197,587,3,8327452,8395424,0,0,0,0,0,0,0,0,0
198,588,1,8327300,8395940,0,0,0,0,0,0,1,0,0
198,589,2,8327376,8395424,0,0,0,0,0,0,0,0,0
198,590,3,8327452,8395424,0,0,0,0,0,0,0,0,0
199,591,1,8327300,8395940,0,0,0,0,0,0,1,0,0
199,592,2,8327376,8395424,0,0,0,0,0,0,0,0,0
199,593,3,8327452,8395424,0,0,0,0,0,0,0,0,0
200,594,1,8327300,8395940,0,0,0,0,0,0,1,0,0
200,595,2,8327376,8395424,0,0,0,0,0,0,0,0,0
200,596,3,8327452,8395424,0,0,0,0,0,0,0,0,0
201,597,1,8327300,8395940,0,0,0,0,0,0,1,0,0
201,598,2,8327376,8395424,0,0,0,0,0,0,0,0,0
201,599,3,8327452,8395424,0,0,0,0,0,0,0,0,0
202,600,1,8327300,8395940,0,0,0,0,0,0,1,0,0
202,601,2,8327376,8395424,0,0,0,0,0,0,0,0,0
202,602,3,8327452,8395424,0,0,0,0,0,0,0,0,0
203,603,1,8327300,8395940,0,0,0,0,0,0,1,0,0
203,604,2,8327376,8395424,0,0,0,0,0,0,0,0,0
203,605,3,8327452,8395424,0,0,0,0,0,0,0,0,0
204,606,1,8327300,8395940,0,0,0,0,0,0,1,0,0
204,607,2,8327376,8395424,0,0,0,0,0,0,0,0,0
204,608,3,8327452,8395424,0,0,0,0,0,0,0,0,0
205,609,1,8327300,8395940,0,0,0,0,0,0,1,0,0
205,610,2,8327376,8395424,0,0,0,0,0,0,0,0,0
205,611,3,8327452,8395424,0,0,0,0,0,0,0,0,0
206,612,1,8327300,8395940,0,0,0,0,0,0,1,0,0
206,613,2,8327376,8395424,0,0,0,0,0,0,0,0,0
206,614,3,8327452,8395424,0,0,0,0,0,0,0,0,0
207,615,1,8327300,8395940,0,0,0,0,0,0,1,0,0
207,616,2,8327376,8395424,0,0,0,0,0,0,0,0,0
207,617,3,8327452,8395424,0,0,0,0,0,0,0,0,0
208,618,1,8327300,8395940,0,0,0,0,0,0,1,0,0
208,619,2,8327376,8395424,0,0,0,0,0,0,0,0,0
208,620,3,8327452,8395424,0,0,0,0,0,0,0,0,0
209,621,1,8327300,8395940,0,0,0,0,0,0,1,0,0
209,622,2,8327376,8395424,0,0,0,0,0,0,0,0,0
209,623,3,8327452,8395424,0,0,0,0,0,0,0,0,0
210,624,1,8327300,8395940,0,0,0,0,0,0,1,0,0
210,625,2,8327376,8395424,0,0,0,0,0,0,0,0,0
210,626,3,8327452,8395424,0,0,0,0,0,0,0,0,0
211,627,1,8327300,8395940,0,0,0,0,0,0,1,0,0
211,628,2,8327376,8395424,0,0,0,0,0,0,0,0,0
211,629,3,8327452,8395424,0,0,0,0,0,0,0,0,0
212,630,1,8327300,8395940,0,0,0,0,0,0,1,0,0
212,631,2,8327376,8395424,0,0,0,0,0,0,0,0,0
212,632,3,8327452,8395424,0,0,0,0,0,0,0,0,0
213,633,1,8327300,8395940,0,0,0,0,0,0,1,0,0
213,634,2,8327376,8395424,0,0,0,0,0,0,0,0,0
213,635,3,8327452,8395424,0,0,0,0,0,0,0,0,0
214,636,1,8327300,8395940,0,0,0,0,0,0,1,0,0
214,637,2,8327376,8395424,0,0,0,0,0,0,0,0,0
214,638,3,8327452,8395424,0,0,0,0,0,0,0,0,0
215,639,1,8327300,8395940,0,0,0,0,0,0,1,0,0
215,640,2,8327376,8395424,0,0,0,0,0,0,0,0,0
215,641,3,8327452,8395424,0,0,0,0,0,0,0,0,0
216,642,1,8327300,8395940,0,0,0,0,0,0,1,0,0
216,643,2,8327376,8395424,0,0,0,0,0,0,0,0,0
216,644,3,8327452,8395424,0,0,0,0,0,0,0,0,0
217,645,1,8327300,8395940,0,0,0,0,0,0,1,0,0
217,646,2,8327376,8395424,0,0,0,0,0,0,0,0,0
217,647,3,8327452,8395424,0,0,0,0,0,0,0,0,0
218,648,1,8327300,8395940,0,0,0,0,0,0,1,0,0
218,649,2,8327376,8395424,0,0,0,0,0,0,0,0,0
218,650,3,8327452,8395424,0,0,0,0,0,0,0,0,0
219,651,1,8327300,8395940,0,0,0,0,0,0,1,0,0
219,652,2,8327376,8395424,0,0,0,0,0,0,0,0,0
219,653,3,8327452,8395424,0,0,0,0,0,0,0,0,0
220,654,1,8327300,8395940,0,0,0,0,0,0,1,0,0
220,655,2,8327376,8395424,0,0,0,0,0,0,0,0,0
220,656,3,8327452,8395424,0,0,0,0,0,0,0,0,0
221,657,1,8327300,8395940,0,0,0,0,0,0,1,0,0
221,658,2,8327376,8395424,0,0,0,0,0,0,0,0,0
221,659,3,8327452,8395424,0,0,0,0,0,0,0,0,0
222,660,1,8327300,8395940,0,0,0,0,0,0,1,0,0
222,661,2,8327376,8395424,0,0,0,0,0,0,0,0,0
222,662,3,8327452,8395424,0,0,0,0,0,0,0,0,0
223,663,1,8327300,8395940,0,0,0,0,0,0,1,0,0
223,664,2,8327376,8395424,0,0,0,0,0,0,0,0,0
223,665,3,8327452,8395424,0,0,0,0,0,0,0,0,0
224,666,1,8327300,8395940,0,0,0,0,0,0,1,0,0
224,667,2,8327376,8395424,0,0,0,0,0,0,0,0,0
224,668,3,8327452,8395424,0,0,0,0,0,0,0,0,0
225,669,1,8327300,8395940,0,0,0,0,0,0,1,0,0
225,670,2,8327376,8395424,0,0,0,0,0,0,0,0,0
225,671,3,8327452,8395424,0,0,0,0,0,0,0,0,0
226,672,1,8327300,8395940,0,0,0,0,0,0,1,0,0
226,673,2,8327376,8395424,0,0,0,0,0,0,0,0,0
226,674,3,8327452,8395424,0,0,0,0,0,0,0,0,0
227,675,1,8327300,8395940,0,0,0,0,0,0,1,0,0
227,676,2,8327376,8395424,0,0,0,0,0,0,0,0,0
227,677,3,8327452,8395424,0,0,0,0,0,0,0,0,0
228,678,1,8327300,8395940,0,0,0,0,0,0,1,0,0
228,679,2,8327376,8395424,0,0,0,0,0,0,0,0,0
228,680,3,8327452,8395424,0,0,0,0,0,0,0,0,0
229,681,1,8327300,8395940,0,0,0,0,0,0,1,0,0
229,682,2,8327376,8395424,0,0,0,0,0,0,0,0,0
229,683,3,8327452,8395424,0,0,0,0,0,0,0,0,0
230,684,1,8327300,8395940,0,0,0,0,0,0,1,0,0
230,685,2,8327376,8395424,0,0,0,0,0,0,0,0,0
230,686,3,8327452,8395424,0,0,0,0,0,0,0,0,0
231,687,1,8327300,8395940,0,0,0,0,0,0,1,0,0
231,688,2,8327376,8395424,0,0,0,0,0,0,0,0,0
231,689,3,8327452,8395424,0,0,0,0,0,0,0,0,0
232,690,1,8327300,8395940,0,0,0,0,0,0,1,0,0
232,691,2,8327376,8395424,0,0,0,0,0,0,0,0,0
232,692,3,8327452,8395424,0,0,0,0,0,0,0,0,0
233,693,1,8327300,8395940,0,0,0,0,0,0,1,0,0
233,694,2,8327376,8395424,0,0,0,0,0,0,0,0,0
233,695,3,8327452,8395424,0,0,0,0,0,0,0,0,0
234,696,1,8327300,8395940,0,0,0,0,0,0,1,0,0
234,697,2,8327376,8395424,0,0,0,0,0,0,0,0,0
234,698,3,8327452,8395424,0,0,0,0,0,0,0,0,0
235,699,1,8327300,8395940,0,0,0,0,0,0,1,0,0
235,700,2,8327376,8395424,0,0,0,0,0,0,0,0,0
235,701,3,8327452,8395424,0,0,0,0,0,0,0,0,0
236,702,1,8327300,8395940,0,0,0,0,0,0,1,0,0
236,703,2,8327376,8395424,0,0,0,0,0,0,0,0,0
236,704,3,8327452,8395424,0,0,0,0,0,0,0,0,0
237,705,1,8327300,8395940,0,0,0,0,0,0,1,0,0
237,706,2,8327376,8395424,0,0,0,0,0,0,0,0,0
237,707,3,8327452,8395424,0,0,0,0,0,0,0,0,0
238,708,1,8327300,8395940,0,0,0,0,0,0,1,0,0
238,709,2,8327376,8395424,0,0,0,0,0,0,0,0,0
238,710,3,8327452,8395424,0,0,0,0,0,0,0,0,0
239,711,1,8327300,8395940,0,0,0,0,0,0,1,0,0
239,712,2,8327376,8395424,0,0,0,0,0,0,0,0,0
239,713,3,8327452,8395424,0,0,0,0,0,0,0,0,0
240,714,1,8327300,8395940,0,0,0,0,0,0,1,0,0
240,715,2,8327376,8395424,0,0,0,0,0,0,0,0,0
240,716,3,8327452,8395424,0,0,0,0,0,0,0,0,0
241,717,1,8327300,8395940,0,0,0,0,0,0,1,0,0
241,718,2,8327376,8395424,0,0,0,0,0,0,0,0,0
241,719,3,8327452,8395424,0,0,0,0,0,0,0,0,0
242,720,1,8327300,8395940,0,0,0,0,0,0,1,0,0
242,721,2,8327376,8395424,0,0,0,0,0,0,0,0,0
242,722,3,8327452,8395424,0,0,0,0,0,0,0,0,0
243,723,1,8327300,8395940,0,0,0,0,0,0,1,0,0
243,724,2,8327376,8395424,0,0,0,0,0,0,0,0,0
243,725,3,8327452,8395424,0,0,0,0,0,0,0,0,0
244,726,1,8327300,8395940,0,0,0,0,0,0,1,0,0
244,727,2,8327376,8395424,0,0,0,0,0,0,0,0,0
244,728,3,8327452,8395424,0,0,0,0,0,0,0,0,0
245,729,1,8327300,8395940,0,0,0,0,0,0,1,0,0
245,730,2,8327376,8395424,0,0,0,0,0,0,0,0,0
245,731,3,8327452,8395424,0,0,0,0,0,0,0,0,0
246,732,1,8327300,8395940,0,0,0,0,0,0,1,0,0
246,733,2,8327376,8395424,0,0,0,0,0,0,0,0,0
246,734,3,8327452,8395424,0,0,0,0,0,0,0,0,0
247,735,1,8327300,8395940,0,0,0,0,0,0,1,0,0
247,736,2,8327376,8395424,0,0,0,0,0,0,0,0,0
247,737,3,8327452,8395424,0,0,0,0,0,0,0,0,0
248,738,1,8327300,8395940,0,0,0,0,0,0,1,0,0
248,739,2,8327376,8395424,0,0,0,0,0,0,0,0,0
248,740,3,8327452,8395424,0,0,0,0,0,0,0,0,0
249,741,1,8327300,8395940,0,0,0,0,0,0,1,0,0
249,742,2,8327376,8395424,0,0,0,0,0,0,0,0,0
249,743,3,8327452,8395424,0,0,0,0,0,0,0,0,0
250,744,1,8327300,8395940,0,0,0,0,0,0,1,0,0
250,745,2,8327376,8395424,0,0,0,0,0,0,0,0,0
250,746,3,8327452,8395424,0,0,0,0,0,0,0,0,0
251,747,1,8327300,8395940,0,0,0,0,0,0,1,0,0
251,748,2,8327376,8395424,0,0,0,0,0,0,0,0,0
251,749,3,8327452,8395424,0,0,0,0,0,0,0,0,0
252,750,1,8327300,8395940,0,0,0,0,0,0,1,0,0
252,751,2,8327376,8395424,0,0,0,0,0,0,0,0,0
252,752,3,8327452,8395424,0,0,0,0,0,0,0,0,0
253,753,1,8327300,8395940,0,0,0,0,0,0,1,0,0
253,754,2,8327376,8395424,0,0,0,0,0,0,0,0,0
253,755,3,8327452,8395424,0,0,0,0,0,0,0,0,0
254,756,1,8327300,8395940,0,0,0,0,0,0,1,0,0
254,757,2,8327376,8395424,0,0,0,0,0,0,0,0,0
254,758,3,8327452,8395424,0,0,0,0,0,0,0,0,0
255,759,1,8327300,8395940,0,0,0,0,0,0,1,0,0
255,760,2,8327376,8395424,0,0,0,0,0,0,0,0,0
255,761,3,8327452,8395424,0,0,0,0,0,0,0,0,0
256,762,1,8327300,8395940,0,0,0,0,0,0,1,0,0
256,763,2,8327376,8395424,0,0,0,0,0,0,0,0,0
256,764,3,8327452,8395424,0,0,0,0,0,0,0,0,0
257,765,1,8327300,8395940,0,0,0,0,0,0,1,0,0
257,766,2,8327376,8395424,0,0,0,0,0,0,0,0,0
257,767,3,8327452,8395424,0,0,0,0,0,0,0,0,0
258,768,1,8327300,8395940,0,0,0,0,0,0,1,0,0
258,769,2,8327376,8395424,0,0,0,0,0,0,0,0,0
258,770,3,8327452,8395424,0,0,0,0,0,0,0,0,0
259,771,1,8327300,8395940,0,0,0,0,0,0,1,0,0
259,772,2,8327376,8395424,0,0,0,0,0,0,0,0,0
259,773,3,8327452,8395424,0,0,0,0,0,0,0,0,0
260,774,1,8327300,8395940,0,0,0,0,0,0,1,0,0
260,775,2,8327376,8395424,0,0,0,0,0,0,0,0,0
260,776,3,8327452,8395424,0,0,0,0,0,0,0,0,0
261,777,1,8327300,8395940,0,0,0,0,0,0,1,0,0
261,778,2,8327376,8395424,0,0,0,0,0,0,0,0,0
261,779,3,8327452,8395424,0,0,0,0,0,0,0,0,0
262,780,1,8327300,8395940,0,0,0,0,0,0,1,0,0
262,781,2,8327376,8395424,0,0,0,0,0,0,0,0,0
262,782,3,8327452,8395424,0,0,0,0,0,0,0,0,0
263,783,1,8327300,8395940,0,0,0,0,0,0,1,0,0
263,784,2,8327376,8395424,0,0,0,0,0,0,0,0,0
263,785,3,8327452,8395424,0,0,0,0,0,0,0,0,0
264,786,1,8327300,8395940,0,0,0,0,0,0,1,0,0
264,787,2,8327376,8395424,0,0,0,0,0,0,0,0,0
264,788,3,8327452,8395424,0,0,0,0,0,0,0,0,0
265,789,1,8327300,8395940,0,0,0,0,0,0,1,0,0
265,790,2,8327376,8395424,0,0,0,0,0,0,0,0,0
265,791,3,8327452,8395424,0,0,0,0,0,0,0,0,0
266,792,1,8327300,8395940,0,0,0,0,0,0,1,0,0
266,793,2,8327376,8395424,0,0,0,0,0,0,0,0,0
266,794,3,8327452,8395424,0,0,0,0,0,0,0,0,0
267,795,1,8327300,8395940,0,0,0,0,0,0,1,0,0
267,796,2,8327376,8395424,0,0,0,0,0,0,0,0,0
267,797,3,8327452,8395424,0,0,0,0,0,0,0,0,0
268,798,1,8327300,8395940,0,0,0,0,0,0,1,0,0
268,799,2,8327376,8395424,0,0,0,0,0,0,0,0,0
268,800,3,8327452,8395424,0,0,0,0,0,0,0,0,0
269,801,1,8327300,8395940,0,0,0,0,0,0,1,0,0
269,802,2,8327376,8395424,0,0,0,0,0,0,0,0,0
269,803,3,8327452,8395424,0,0,0,0,0,0,0,0,0
270,804,1,8327300,8395940,0,0,0,0,0,0,1,0,0
270,805,2,8327376,8395424,0,0,0,0,0,0,0,0,0
270,806,3,8327452,8395424,0,0,0,0,0,0,0,0,0
271,807,1,8327300,8395940,0,0,0,0,0,0,1,0,0
271,808,2,8327376,8395424,0,0,0,0,0,0,0,0,0
271,809,3,8327452,8395424,0,0,0,0,0,0,0,0,0
272,810,1,8327300,8395940,0,0,0,0,0,0,1,0,0
272,811,2,8327376,8395424,0,0,0,0,0,0,0,0,0
272,812,3,8327452,8395424,0,0,0,0,0,0,0,0,0
273,813,1,8327300,8395940,0,0,0,0,0,0,1,0,0
273,814,2,8327376,8395424,0,0,0,0,0,0,0,0,0
273,815,3,8327452,8395424,0,0,0,0,0,0,0,0,0
274,816,1,8327300,8395940,0,0,0,0,0,0,1,0,0
274,817,2,8327376,8395424,0,0,0,0,0,0,0,0,0
274,818,3,8327452,8395424,0,0,0,0,0,0,0,0,0
275,819,1,8327300,8395940,0,0,0,0,0,0,1,0,0
275,820,2,8327376,8395424,0,0,0,0,0,0,0,0,0
275,821,3,8327452,8395424,0,0,0,0,0,0,0,0,0
276,822,1,8327300,8395940,0,0,0,0,0,0,1,0,0
276,823,2,8327376,8395424,0,0,0,0,0,0,0,0,0
276,824,3,8327452,8395424,0,0,0,0,0,0,0,0,0
277,825,1,8327300,8395940,0,0,0,0,0,0,1,0,0
277,826,2,8327376,8395424,0,0,0,0,0,0,0,0,0
277,827,3,8327452,8395424,0,0,0,0,0,0,0,0,0
278,828,1,8327300,8395940,0,0,0,0,0,0,1,0,0
278,829,2,8327376,8395424,0,0,0,0,0,0,0,0,0
278,830,3,8327452,8395424,0,0,0,0,0,0,0,0,0
279,831,1,8327300,8395940,0,0,0,0,0,0,1,0,0
279,832,2,8327376,8395424,0,0,0,0,0,0,0,0,0
279,833,3,8327452,8395424,0,0,0,0,0,0,0,0,0
280,834,1,8327300,8395940,0,0,0,0,0,0,1,0,0
280,835,2,8327376,8395424,0,0,0,0,0,0,0,0,0
280,836,3,8327452,8395424,0,0,0,0,0,0,0,0,0
281,837,1,8327300,8395940,0,0,0,0,0,0,1,0,0
281,838,2,8327376,8395424,0,0,0,0,0,0,0,0,0
281,839,3,8327452,8395424,0,0,0,0,0,0,0,0,0
282,840,1,8327300,8395940,0,0,0,0,0,0,1,0,0
282,841,2,8327376,8395424,0,0,0,0,0,0,0,0,0
282,842,3,8327452,8395424,0,0,0,0,0,0,0,0,0
283,843,1,8327300,8395940,0,0,0,0,0,0,1,0,0
283,844,2,8327376,8395424,0,0,0,0,0,0,0,0,0
283,845,3,8327452,8395424,0,0,0,0,0,0,0,0,0
284,846,1,8327300,8395940,0,0,0,0,0,0,1,0,0
284,847,2,8327376,8395424,0,0,0,0,0,0,0,0,0
284,848,3,8327452,8395424,0,0,0,0,0,0,0,0,0
285,849,1,8327300,8395940,0,0,0,0,0,0,1,0,0
285,850,2,8327376,8395424,0,0,0,0,0,0,0,0,0
285,851,3,8327452,8395424,0,0,0,0,0,0,0,0,0
286,852,1,8327300,8395940,0,0,0,0,0,0,1,0,0
286,853,2,8327376,8395424,0,0,0,0,0,0,0,0,0
286,854,3,8327452,8395424,0,0,0,0,0,0,0,0,0
287,855,1,8327300,8395940,0,0,0,0,0,0,1,0,0
287,856,2,8327376,8395424,0,0,0,0,0,0,0,0,0
287,857,3,8327452,8395424,0,0,0,0,0,0,0,0,0
288,858,1,8327300,8395940,0,0,0,0,0,0,1,0,0
288,859,2,8327376,8395424,0,0,0,0,0,0,0,0,0
288,860,3,8327452,8395424,0,0,0,0,0,0,0,0,0
289,861,1,8327300,8395940,0,0,0,0,0,0,1,0,0
289,862,2,8327376,8395424,0,0,0,0,0,0,0,0,0
289,863,3,8327452,8395424,0,0,0,0,0,0,0,0,0
290,864,1,8327300,8395940,0,0,0,0,0,0,1,0,0
290,865,2,8327376,8395424,0,0,0,0,0,0,0,0,0
290,866,3,8327452,8395424,0,0,0,0,0,0,0,0,0
291,867,1,8327300,8395940,0,0,0,0,0,0,1,0,0
291,868,2,8327376,8395424,0,0,0,0,0,0,0,0,0
291,869,3,8327452,8395424,0,0,0,0,0,0,0,0,0
292,870,1,8327300,8395940,0,0,0,0,0,0,1,0,0
292,871,2,8327376,8395424,0,0,0,0,0,0,0,0,0
292,872,3,8327452,8395424,0,0,0,0,0,0,0,0,0
293,873,1,8327300,8395940,0,0,0,0,0,0,1,0,0
293,874,2,8327376,8395424,0,0,0,0,0,0,0,0,0
293,875,3,8327452,8395424,0,0,0,0,0,0,0,0,0
294,876,1,8327300,8395940,0,0,0,0,0,0,1,0,0
294,877,2,8327376,8395424,0,0,0,0,0,0,0,0,0
294,878,3,8327452,8395424,0,0,0,0,0,0,0,0,0
295,879,1,8327300,8395940,0,0,0,0,0,0,1,0,0
295,880,2,8327376,8395424,0,0,0,0,0,0,0,0,0
295,881,3,8327452,8395424,0,0,0,0,0,0,0,0,0
296,882,1,8327300,8395940,0,0,0,0,0,0,1,0,0
296,883,2,8327376,8395424,0,0,0,0,0,0,0,0,0
296,884,3,8327452,8395424,0,0,0,0,0,0,0,0,0
297,885,1,8327300,8395940,0,0,0,0,0,0,1,0,0
297,886,2,8327376,8395424,0,0,0,0,0,0,0,0,0
297,887,3,8327452,8395424,0,0,0,0,0,0,0,0,0
298,888,1,8327300,8395940,0,0,0,0,0,0,1,0,0
298,889,2,8327376,8395424,0,0,0,0,0,0,0,0,0
298,890,3,8327452,8395424,0,0,0,0,0,0,0,0,0
299,891,1,8327300,8395940,0,0,0,0,0,0,1,0,0
299,892,2,8327376,8395424,0,0,0,0,0,0,0,0,0
299,893,3,8327452,8395424,0,0,0,0,0,0,0,0,0
300,894,1,8327300,8395940,0,0,0,0,0,0,1,0,0
300,895,2,8327376,8395424,0,0,0,0,0,0,0,0,0
300,896,3,8327452,8395424,0,0,0,0,0,0,0,0,0
301,897,1,8327300,8395940,0,0,0,0,0,0,1,0,0
301,898,2,8327376,8395424,0,0,0,0,0,0,0,0,0
301,899,3,8327452,8395424,0,0,0,0,0,0,0,0,0
302,900,1,8327300,8395940,0,0,0,0,0,0,1,0,0
302,901,2,8327376,8395424,0,0,0,0,0,0,0,0,0
302,902,3,8327452,8395424,0,0,0,0,0,0,0,0,0
303,903,1,8327300,8395940,0,0,0,0,0,0,1,0,0
303,904,2,8327376,8395424,0,0,0,0,0,0,0,0,0
303,905,3,8327452,8395424,0,0,0,0,0,0,0,0,0
304,906,1,8327300,8395940,0,0,0,0,0,0,1,0,0
304,907,2,8327376,8395424,0,0,0,0,0,0,0,0,0
304,908,3,8327452,8395424,0,0,0,0,0,0,0,0,0
305,909,1,8327300,8395940,0,0,0,0,0,0,1,0,0
305,910,2,8327376,8395424,0,0,0,0,0,0,0,0,0
305,911,3,8327452,8395424,0,0,0,0,0,0,0,0,0
306,912,1,8327300,8395940,0,0,0,0,0,0,1,0,0
306,913,2,8327376,8395424,0,0,0,0,0,0,0,0,0
306,914,3,8327452,8395424,0,0,0,0,0,0,0,0,0
307,915,1,8327300,8395940,0,0,0,0,0,0,1,0,0
307,916,2,8327376,8395424,0,0,0,0,0,0,0,0,0
307,917,3,8327452,8395424,0,0,0,0,0,0,0,0,0
308,918,1,8327300,8395940,0,0,0,0,0,0,1,0,0
308,919,2,8327376,8395424,0,0,0,0,0,0,0,0,0
308,920,3,8327452,8395424,0,0,0,0,0,0,0,0,0
309,921,1,8327300,8395940,0,0,0,0,0,0,1,0,0
309,922,2,8327376,8395424,0,0,0,0,0,0,0,0,0
309,923,3,8327452,8395424,0,0,0,0,0,0,0,0,0
310,924,1,8327300,8395940,0,0,0,0,0,0,1,0,0
310,925,2,8327376,8395424,0,0,0,0,0,0,0,0,0
310,926,3,8327452,8395424,0,0,0,0,0,0,0,0,0
311,927,1,8327300,8395940,0,0,0,0,0,0,1,0,0
311,928,2,8327376,8395424,0,0,0,0,0,0,0,0,0
311,929,3,8327452,8395424,0,0,0,0,0,0,0,0,0
312,930,1,8327300,8395940,0,0,0,0,0,0,1,0,0
312,931,2,8327376,8395424,0,0,0,0,0,0,0,0,0
312,932,3,8327452,8395424,0,0,0,0,0,0,0,0,0
313,933,1,8327300,8395940,0,0,0,0,0,0,1,0,0
313,934,2,8327376,8395424,0,0,0,0,0,0,0,0,0
313,935,3,8327452,8395424,0,0,0,0,0,0,0,0,0
314,936,1,8327300,8395940,0,0,0,0,0,0,1,0,0
314,937,2,8327376,8395424,0,0,0,0,0,0,0,0,0
314,938,3,8327452,8395424,0,0,0,0,0,0,0,0,0
315,939,1,8327300,8395940,0,0,0,0,0,0,1,0,0
315,940,2,8327376,8395424,0,0,0,0,0,0,0,0,0
315,941,3,8327452,8395424,0,0,0,0,0,0,0,0,0
316,942,1,8327300,8395940,0,0,0,0,0,0,1,0,0
316,943,2,8327376,8395424,0,0,0,0,0,0,0,0,0
316,944,3,8327452,8395424,0,0,0,0,0,0,0,0,0
317,945,1,8327300,8395940,0,0,0,0,0,0,1,0,0
317,946,2,8327376,8395424,0,0,0,0,0,0,0,0,0
317,947,3,8327452,8395424,0,0,0,0,0,0,0,0,0
318,948,1,8327300,8395940,0,0,0,0,0,0,1,0,0
318,949,2,8327376,8395424,0,0,0,0,0,0,0,0,0
318,950,3,8327452,8395424,0,0,0,0,0,0,0,0,0
319,951,1,8327300,8395940,0,0,0,0,0,0,1,0,0
319,952,2,8327376,8395424,0,0,0,0,0,0,0,0,0
319,953,3,8327452,8395424,0,0,0,0,0,0,0,0,0
320,954,1,8327300,8395940,0,0,0,0,0,0,1,0,0
320,955,2,8327376,8395424,0,0,0,0,0,0,0,0,0
320,956,3,8327452,8395424,0,0,0,0,0,0,0,0,0
321,957,1,8327300,8395940,0,0,0,0,0,0,1,0,0
321,958,2,8327376,8395424,0,0,0,0,0,0,0,0,0
321,959,3,8327452,8395424,0,0,0,0,0,0,0,0,0
322,960,1,8327300,8395940,0,0,0,0,0,0,1,0,0
322,961,2,8327376,8395424,0,0,0,0,0,0,0,0,0
322,962,3,8327452,8395424,0,0,0,0,0,0,0,0,0
323,963,1,8327300,8395940,0,0,0,0,0,0,1,0,0
323,964,2,8327376,8395424,0,0,0,0,0,0,0,0,0
323,965,3,8327452,8395424,0,0,0,0,0,0,0,0,0
324,966,1,8327300,8395940,0,0,0,0,0,0,1,0,0
324,967,2,8327376,8395424,0,0,0,0,0,0,0,0,0
324,968,3,8327452,8395424,0,0,0,0,0,0,0,0,0
325,969,1,8327300,8395940,0,0,0,0,0,0,1,0,0
325,970,2,8327376,8395424,0,0,0,0,0,0,0,0,0
325,971,3,8327452,8395424,0,0,0,0,0,0,0,0,0
326,972,1,8327300,8395940,0,0,0,0,0,0,1,0,0
326,973,2,8327376,8395424,0,0,0,0,0,0,0,0,0
326,974,3,8327452,8395424,0,0,0,0,0,0,0,0,0
327,975,1,8327300,8395940,0,0,0,0,0,0,1,0,0
327,976,2,8327376,8395424,0,0,0,0,0,0,0,0,0
327,977,3,8327452,8395424,0,0,0,0,0,0,0,0,0
328,978,1,8327300,8395940,0,0,0,0,0,0,1,0,0
328,979,2,8327376,8395424,0,0,0,0,0,0,0,0,0
328,980,3,8327452,8395424,0,0,0,0,0,0,0,0,0
329,981,1,8327300,8395940,0,0,0,0,0,0,1,0,0
329,982,2,8327376,8395424,0,0,0,0,0,0,0,0,0
329,983,3,8327452,8395424,0,0,0,0,0,0,0,0,0
330,984,1,8327300,8395940,0,0,0,0,0,0,1,0,0
330,985,2,8327376,8395424,0,0,0,0,0,0,0,0,0
330,986,3,8327452,8395424,0,0,0,0,0,0,0,0,0
331,987,1,8327300,8395940,0,0,0,0,0,0,1,0,0
331,988,2,8327376,8395424,0,0,0,0,0,0,0,0,0
331,989,3,8327452,8395424,0,0,0,0,0,0,0,0,0
332,990,1,8327300,8395940,0,0,0,0,0,0,1,0,0
332,991,2,8327376,8395424,0,0,0,0,0,0,0,0,0
332,992,3,8327452,8395424,0,0,0,0,0,0,0,0,0
333,993,1,8327300,8395940,0,0,0,0,0,0,1,0,0
333,994,2,8327376,8395424,0,0,0,0,0,0,0,0,0
333,995,3,8327452,8395424,0,0,0,0,0,0,0,0,0
334,996,1,8327300,8395940,0,0,0,0,0,0,1,0,0
334,997,2,8327376,8395424,0,0,0,0,0,0,0,0,0
334,998,3,8327452,8395424,0,0,0,0,0,0,0,0,0
335,999,1,8327300,8395940,0,0,0,0,0,0,1,0,0
335,1000,2,8327376,8395424,0,0,0,0,0,0,0,0,0
335,1001,3,8327452,8395424,0,0,0,0,0,0,0,0,0
336,1002,1,8327300,8395940,0,0,0,0,0,0,1,0,0
336,1003,2,8327376,8395424,0,0,0,0,0,0,0,0,0
336,1004,3,8327452,8395424,0,0,0,0,0,0,0,0,0
337,1005,1,8327300,8395940,0,0,0,0,0,0,1,0,0
337,1006,2,8327376,8395424,0,0,0,0,0,0,0,0,0
337,1007,3,8327452,8395424,0,0,0,0,0,0,0,0,0
338,1008,1,8327300,8395940,0,0,0,0,0,0,1,0,0
338,1009,2,8327376,8395424,0,0,0,0,0,0,0,0,0
338,1010,3,8327452,8395424,0,0,0,0,0,0,0,0,0
339,1011,1,8327300,8395940,0,0,0,0,0,0,1,0,0
339,1012,2,8327376,8395424,0,0,0,0,0,0,0,0,0
339,1013,3,8327452,8395424,0,0,0,0,0,0,0,0,0
340,1014,1,8327300,8395940,0,0,0,0,0,0,1,0,0
340,1015,2,8327376,8395424,0,0,0,0,0,0,0,0,0
340,1016,3,8327452,8395424,0,0,0,0,0,0,0,0,0
341,1017,1,8327300,8395940,0,0,0,0,0,0,1,0,0
341,1018,2,8327376,8395424,0,0,0,0,0,0,0,0,0
341,1019,3,8327452,8395424,0,0,0,0,0,0,0,0,0
342,1020,1,8327300,8395940,0,0,0,0,0,0,1,0,0
342,1021,2,8327376,8395424,0,0,0,0,0,0,0,0,0
342,1022,3,8327452,8395424,0,0,0,0,0,0,0,0,0
343,1023,1,8327300,8395940,0,0,0,0,0,0,1,0,0
343,1024,2,8327376,8395424,0,0,0,0,0,0,0,0,0
343,1025,3,8327452,8395424,0,0,0,0,0,0,0,0,0
344,1026,1,8327300,8395940,0,0,0,0,0,0,1,0,0
344,1027,2,8327376,8395424,0,0,0,0,0,0,0,0,0
344,1028,3,8327452,8395424,0,0,0,0,0,0,0,0,0
345,1029,1,8327300,8395940,0,0,0,0,0,0,1,0,0
345,1030,2,8327376,8395424,0,0,0,0,0,0,0,0,0
345,1031,3,8327452,8395424,0,0,0,0,0,0,0,0,0
346,1032,1,8327300,8395940,0,0,0,0,0,0,1,0,0
346,1033,2,8327376,8395424,0,0,0,0,0,0,0,0,0
346,1034,3,8327452,8395424,0,0,0,0,0,0,0,0,0
347,1035,1,8327300,8395940,0,0,0,0,0,0,1,0,0
347,1036,2,8327376,8395424,0,0,0,0,0,0,0,0,0
347,1037,3,8327452,8395424,0,0,0,0,0,0,0,0,0
348,1038,1,8327300,8395940,0,0,0,0,0,0,1,0,0
348,1039,2,8327376,8395424,0,0,0,0,0,0,0,0,0
348,1040,3,8327452,8395424,0,0,0,0,0,0,0,0,0
349,1041,1,8327300,8395940,0,0,0,0,0,0,1,0,0
349,1042,2,8327376,8395424,0,0,0,0,0,0,0,0,0
349,1043,3,8327452,8395424,0,0,0,0,0,0,0,0,0
350,1044,1,8327300,8395940,0,0,0,0,0,0,1,0,0
350,1045,2,8327376,8395424,0,0,0,0,0,0,0,0,0
350,1046,3,8327452,8395424,0,0,0,0,0,0,0,0,0
351,1047,1,8327300,8395940,0,0,0,0,0,0,1,0,0
351,1048,2,8327376,8395424,0,0,0,0,0,0,0,0,0
351,1049,3,8327452,8395424,0,0,0,0,0,0,0,0,0
352,1050,1,8327300,8395940,0,0,0,0,0,0,1,0,0
352,1051,2,8327376,8395424,0,0,0,0,0,0,0,0,0
352,1052,3,8327452,8395424,0,0,0,0,0,0,0,0,0
353,1053,1,8327300,8395940,0,0,0,0,0,0,1,0,0
353,1054,2,8327376,8395424,0,0,0,0,0,0,0,0,0
353,1055,3,8327452,8395424,0,0,0,0,0,0,0,0,0
354,1056,1,8327300,8395940,0,0,0,0,0,0,1,0,0
354,1057,2,8327376,8395424,0,0,0,0,0,0,0,0,0
354,1058,3,8327452,8395424,0,0,0,0,0,0,0,0,0
355,1059,1,8327300,8395940,0,0,0,0,0,0,1,0,0
355,1060,2,8327376,8395424,0,0,0,0,0,0,0,0,0
355,1061,3,8327452,8395424,0,0,0,0,0,0,0,0,0
356,1062,1,8327300,8395940,0,0,0,0,0,0,1,0,0
356,1063,2,8327376,8395424,0,0,0,0,0,0,0,0,0
356,1064,3,8327452,8395424,0,0,0,0,0,0,0,0,0
357,1065,1,8327300,8395940,0,0,0,0,0,0,1,0,0
357,1066,2,8327376,8395424,0,0,0,0,0,0,0,0,0
357,1067,3,8327452,8395424,0,0,0,0,0,0,0,0,0
358,1068,1,8327300,8395940,0,0,0,0,0,0,1,0,0
358,1069,2,8327376,8395424,0,0,0,0,0,0,0,0,0
358,1070,3,8327452,8395424,0,0,0,0,0,0,0,0,0
359,1071,1,8327300,8395940,0,0,0,0,0,0,1,0,0
359,1072,2,8327376,8395424,0,0,0,0,0,0,0,0,0
359,1073,3,8327452,8395424,0,0,0,0,0,0,0,0,0
360,1074,1,8327300,8395940,0,0,0,0,0,0,1,0,0
360,1075,2,8327376,8395424,0,0,0,0,0,0,0,0,0
360,1076,3,8327452,8395424,0,0,0,0,0,0,0,0,0
361,1077,1,8327300,8395940,0,0,0,0,0,0,1,0,0
361,1078,2,8327376,8395424,0,0,0,0,0,0,0,0,0
361,1079,3,8327452,8395424,0,0,0,0,0,0,0,0,0
362,1080,1,8327300,8395940,0,0,0,0,0,0,1,0,0
362,1081,2,8327376,8395424,0,0,0,0,0,0,0,0,0
362,1082,3,8327452,8395424,0,0,0,0,0,0,0,0,0
363,1083,1,8327300,8395940,0,0,0,0,0,0,1,0,0
363,1084,2,8327376,8395424,0,0,0,0,0,0,0,0,0
363,1085,3,8327452,8395424,0,0,0,0,0,0,0,0,0
364,1086,1,8327300,8395940,0,0,0,0,0,0,1,0,0
364,1087,2,8327376,8395424,0,0,0,0,0,0,0,0,0
364,1088,3,8327452,8395424,0,0,0,0,0,0,0,0,0
365,1089,1,8327300,8395940,0,0,0,0,0,0,1,0,0
365,1090,2,8327376,8395424,0,0,0,0,0,0,0,0,0
365,1091,3,8327452,8395424,0,0,0,0,0,0,0,0,0
366,1092,1,8327300,8395940,0,0,0,0,0,0,1,0,0
366,1093,2,8327376,8395424,0,0,0,0,0,0,0,0,0
366,1094,3,8327452,8395424,0,0,0,0,0,0,0,0,0
367,1095,1,8327300,8395940,0,0,0,0,0,0,1,0,0
367,1096,2,8327376,8395424,0,0,0,0,0,0,0,0,0
367,1097,3,8327452,8395424,0,0,0,0,0,0,0,0,0
368,1098,1,8327300,8395940,0,0,0,0,0,0,1,0,0
368,1099,2,8327376,8395424,0,0,0,0,0,0,0,0,0
368,1100,3,8327452,8395424,0,0,0,0,0,0,0,0,0
369,1101,1,8327300,8395940,0,0,0,0,0,0,1,0,0
369,1102,2,8327376,8395424,0,0,0,0,0,0,0,0,0
369,1103,3,8327452,8395424,0,0,0,0,0,0,0,0,0
370,1104,1,8327300,8395940,0,0,0,0,0,0,1,0,0
370,1105,2,8327376,8395424,0,0,0,0,0,0,0,0,0
370,1106,3,8327452,8395424,0,0,0,0,0,0,0,0,0
371,1107,1,8327300,8395940,0,0,0,0,0,0,1,0,0
371,1108,2,8327376,8395424,0,0,0,0,0,0,0,0,0
371,1109,3,8327452,8395424,0,0,0,0,0,0,0,0,0
372,1110,1,8327300,8395940,0,0,0,0,0,0,1,0,0
372,1111,2,8327376,8395424,0,0,0,0,0,0,0,0,0
372,1112,3,8327452,8395424,0,0,0,0,0,0,0,0,0
373,1113,1,8327300,8395940,0,0,0,0,0,0,1,0,0
373,1114,2,8327376,8395424,0,0,0,0,0,0,0,0,0
373,1115,3,8327452,8395424,0,0,0,0,0,0,0,0,0
374,1116,1,8327300,8395940,0,0,0,0,0,0,1,0,0
374,1117,2,8327376,8395424,0,0,0,0,0,0,0,0,0
374,1118,3,8327452,8395424,0,0,0,0,0,0,0,0,0
375,1119,1,8327300,8395940,0,0,0,0,0,0,1,0,0
375,1120,2,8327376,8395424,0,0,0,0,0,0,0,0,0
375,1121,3,8327452,8395424,0,0,0,0,0,0,0,0,0
376,1122,1,8327300,8395940,0,0,0,0,0,0,1,0,0
376,1123,2,8327376,8395424,0,0,0,0,0,0,0,0,0
376,1124,3,8327452,8395424,0,0,0,0,0,0,0,0,0
377,1125,1,8327300,8395940,0,0,0,0,0,0,1,0,0
377,1126,2,8327376,8395424,0,0,0,0,0,0,0,0,0
377,1127,3,8327452,8395424,0,0,0,0,0,0,0,0,0
378,1128,1,8327300,8395940,0,0,0,0,0,0,1,0,0
378,1129,2,8327376,8395424,0,0,0,0,0,0,0,0,0
378,1130,3,8327452,8395424,0,0,0,0,0,0,0,0,0
379,1131,1,8327300,8395940,0,0,0,0,0,0,1,0,0
379,1132,2,8327376,8395424,0,0,0,0,0,0,0,0,0
379,1133,3,8327452,8395424,0,0,0,0,0,0,0,0,0
380,1134,1,8327300,8395940,0,0,0,0,0,0,1,0,0
380,1135,2,8327376,8395424,0,0,0,0,0,0,0,0,0
380,1136,3,8327452,8395424,0,0,0,0,0,0,0,0,0
381,1137,1,8327300,8395940,0,0,0,0,0,0,1,0,0
381,1138,2,8327376,8395424,0,0,0,0,0,0,0,0,0
381,1139,3,8327452,8395424,0,0,0,0,0,0,0,0,0
382,1140,1,8327300,8395940,0,0,0,0,0,0,1,0,0
382,1141,2,8327376,8395424,0,0,0,0,0,0,0,0,0
382,1142,3,8327452,8395424,0,0,0,0,0,0,0,0,0
383,1143,1,8327300,8395940,0,0,0,0,0,0,1,0,0
383,1144,2,8327376,8395424,0,0,0,0,0,0,0,0,0
383,1145,3,8327452,8395424,0,0,0,0,0,0,0,0,0
384,1146,1,8327300,8395940,0,0,0,0,0,0,1,0,0
384,1147,2,8327376,8395424,0,0,0,0,0,0,0,0,0
384,1148,3,8327452,8395424,0,0,0,0,0,0,0,0,0
385,1149,1,8327300,8395940,0,0,0,0,0,0,1,0,0
385,1150,2,8327376,8395424,0,0,0,0,0,0,0,0,0
385,1151,3,8327452,8395424,0,0,0,0,0,0,0,0,0
386,1152,1,8327300,8395940,0,0,0,0,0,0,1,0,0
386,1153,2,8327376,8395424,0,0,0,0,0,0,0,0,0
386,1154,3,8327452,8395424,0,0,0,0,0,0,0,0,0
387,1155,1,8327300,8395940,0,0,0,0,0,0,1,0,0
387,1156,2,8327376,8395424,0,0,0,0,0,0,0,0,0
387,1157,3,8327452,8395424,0,0,0,0,0,0,0,0,0
388,1158,1,8327300,8395940,0,0,0,0,0,0,1,0,0
388,1159,2,8327376,8395424,0,0,0,0,0,0,0,0,0
388,1160,3,8327452,8395424,0,0,0,0,0,0,0,0,0
389,1161,1,8327300,8395940,0,0,0,0,0,0,1,0,0
389,1162,2,8327376,8395424,0,0,0,0,0,0,0,0,0
389,1163,3,8327452,8395424,0,0,0,0,0,0,0,0,0
390,1164,1,8327300,8395940,0,0,0,0,0,0,1,0,0
390,1165,2,8327376,8395424,0,0,0,0,0,0,0,0,0
390,1166,3,8327452,8395424,0,0,0,0,0,0,0,0,0
391,1167,1,8327300,8395940,0,0,0,0,0,0,1,0,0
391,1168,2,8327376,8395424,0,0,0,0,0,0,0,0,0
391,1169,3,8327452,8395424,0,0,0,0,0,0,0,0,0
392,1170,1,8327300,8395940,0,0,0,0,0,0,1,0,0
392,1171,2,8327376,8395424,0,0,0,0,0,0,0,0,0
392,1172,3,8327452,8395424,0,0,0,0,0,0,0,0,0
393,1173,1,8327300,8395940,0,0,0,0,0,0,1,0,0
393,1174,2,8327376,8395424,0,0,0,0,0,0,0,0,0
393,1175,3,8327452,8395424,0,0,0,0,0,0,0,0,0
394,1176,1,8327300,8395940,0,0,0,0,0,0,1,0,0
394,1177,2,8327376,8395424,0,0,0,0,0,0,0,0,0
394,1178,3,8327452,8395424,0,0,0,0,0,0,0,0,0
395,1179,1,8327300,8395940,0,0,0,0,0,0,1,0,0
395,1180,2,8327376,8395424,0,0,0,0,0,0,0,0,0
395,1181,3,8327452,8395424,0,0,0,0,0,0,0,0,0
396,1182,1,8327300,8395940,0,0,0,0,0,0,1,0,0
396,1183,2,8327376,8395424,0,0,0,0,0,0,0,0,0
396,1184,3,8327452,8395424,0,0,0,0,0,0,0,0,0
397,1185,1,8327300,8395940,0,0,0,0,0,0,1,0,0
397,1186,2,8327376,8395424,0,0,0,0,0,0,0,0,0
397,1187,3,8327452,8395424,0,0,0,0,0,0,0,0,0
398,1188,1,8327300,8395940,0,0,0,0,0,0,1,0,0
398,1189,2,8327376,8395424,0,0,0,0,0,0,0,0,0
398,1190,3,8327452,8395424,0,0,0,0,0,0,0,0,0
399,1191,1,8327300,8395940,0,0,0,0,0,0,1,0,0
399,1192,2,8327376,8395424,0,0,0,0,0,0,0,0,0
399,1193,3,8327452,8395424,0,0,0,0,0,0,0,0,0
400,1194,1,8327300,8395940,0,0,0,0,0,0,1,0,0
400,1195,2,8327376,8395424,0,0,0,0,0,0,0,0,0
400,1196,3,8327452,8395424,0,0,0,0,0,0,0,0,0
401,1197,1,8327300,8395940,0,0,0,0,0,0,1,0,0
401,1198,2,8327376,8395424,0,0,0,0,0,0,0,0,0
401,1199,3,8327452,8395424,0,0,0,0,0,0,0,0,0
402,1200,1,8327300,8395940,0,0,0,0,0,0,1,0,0
402,1201,2,8327376,8395424,0,0,0,0,0,0,0,0,0
402,1202,3,8327452,8395424,0,0,0,0,0,0,0,0,0
403,1203,1,8327300,8395940,0,0,0,0,0,0,1,0,0
403,1204,2,8327376,8395424,0,0,0,0,0,0,0,0,0
403,1205,3,8327452,8395424,0,0,0,0,0,0,0,0,0
404,1206,1,8327300,8395940,0,0,0,0,0,0,1,0,0
404,1207,2,8327376,8395424,0,0,0,0,0,0,0,0,0
404,1208,3,8327452,8395424,0,0,0,0,0,0,0,0,0
405,1209,1,8327300,8395940,0,0,0,0,0,0,1,0,0
405,1210,2,8327376,8395424,0,0,0,0,0,0,0,0,0
405,1211,3,8327452,8395424,0,0,0,0,0,0,0,0,0
406,1212,1,8327300,8395940,0,0,0,0,0,0,1,0,0
406,1213,2,8327376,8395424,0,0,0,0,0,0,0,0,0
406,1214,3,8327452,8395424,0,0,0,0,0,0,0,0,0
407,1215,1,8327300,8395940,0,0,0,0,0,0,1,0,0
407,1216,2,8327376,8395424,0,0,0,0,0,0,0,0,0
407,1217,3,8327452,8395424,0,0,0,0,0,0,0,0,0
408,1218,1,8327300,8395940,0,0,0,0,0,0,1,0,0
408,1219,2,8327376,8395424,0,0,0,0,0,0,0,0,0
408,1220,3,8327452,8395424,0,0,0,0,0,0,0,0,0
409,1221,1,8327300,8395940,0,0,0,0,0,0,1,0,0
409,1222,2,8327376,8395424,0,0,0,0,0,0,0,0,0
409,1223,3,8327452,8395424,0,0,0,0,0,0,0,0,0
410,1224,1,8327300,8395940,0,0,0,0,0,0,1,0,0
410,1225,2,8327376,8395424,0,0,0,0,0,0,0,0,0
410,1226,3,8327452,8395424,0,0,0,0,0,0,0,0,0
411,1227,1,8327300,8395940,0,0,0,0,0,0,1,0,0
411,1228,2,8327376,8395424,0,0,0,0,0,0,0,0,0
411,1229,3,8327452,8395424,0,0,0,0,0,0,0,0,0
412,1230,1,8327300,8395940,0,0,0,0,0,0,1,0,0
412,1231,2,8327376,8395424,0,0,0,0,0,0,0,0,0
412,1232,3,8327452,8395424,0,0,0,0,0,0,0,0,0
413,1233,1,8327300,8395940,0,0,0,0,0,0,1,0,0
413,1234,2,8327376,8395424,0,0,0,0,0,0,0,0,0
413,1235,3,8327452,8395424,0,0,0,0,0,0,0,0,0
414,1236,1,8327300,8395940,0,0,0,0,0,0,1,0,0
414,1237,2,8327376,8395424,0,0,0,0,0,0,0,0,0
414,1238,3,8327452,8395424,0,0,0,0,0,0,0,0,0
415,1239,1,8327300,8395940,0,0,0,0,0,0,1,0,0
415,1240,2,8327376,8395424,0,0,0,0,0,0,0,0,0
415,1241,3,8327452,8395424,0,0,0,0,0,0,0,0,0
416,1242,1,8327300,8395940,0,0,0,0,0,0,1,0,0
416,1243,2,8327376,8395424,0,0,0,0,0,0,0,0,0
416,1244,3,8327452,8395424,0,0,0,0,0,0,0,0,0
417,1245,1,8327300,8395940,0,0,0,0,0,0,1,0,0
417,1246,2,8327376,8395424,0,0,0,0,0,0,0,0,0
417,1247,3,8327452,8395424,0,0,0,0,0,0,0,0,0
418,1248,1,8327300,8395940,0,0,0,0,0,0,1,0,0
418,1249,2,8327376,8395424,0,0,0,0,0,0,0,0,0
418,1250,3,8327452,8395424,0,0,0,0,0,0,0,0,0
419,1251,1,8327300,8395940,0,0,0,0,0,0,1,0,0
419,1252,2,8327376,8395424,0,0,0,0,0,0,0,0,0
419,1253,3,8327452,8395424,0,0,0,0,0,0,0,0,0
420,1254,1,8327300,8395940,0,0,0,0,0,0,1,0,0
420,1255,2,8327376,8395424,0,0,0,0,0,0,0,0,0
420,1256,3,8327452,8395424,0,0,0,0,0,0,0,0,0
421,1257,1,8327300,8395940,0,0,0,0,0,0,1,0,0
421,1258,2,8327376,8395424,0,0,0,0,0,0,0,0,0
421,1259,3,8327452,8395424,0,0,0,0,0,0,0,0,0
422,1260,1,8327300,8395940,0,0,0,0,0,0,1,0,0
422,1261,2,8327376,8395424,0,0,0,0,0,0,0,0,0
422,1262,3,8327452,8395424,0,0,0,0,0,0,0,0,0
423,1263,1,8327300,8395940,0,0,0,0,0,0,1,0,0
423,1264,2,8327376,8395424,0,0,0,0,0,0,0,0,0
423,1265,3,8327452,8395424,0,0,0,0,0,0,0,0,0
424,1266,1,8327300,8395940,0,0,0,0,0,0,1,0,0
424,1267,2,8327376,8395424,0,0,0,0,0,0,0,0,0
424,1268,3,8327452,8395424,0,0,0,0,0,0,0,0,0
425,1269,1,8327300,8395940,0,0,0,0,0,0,1,0,0
425,1270,2,8327376,8395424,0,0,0,0,0,0,0,0,0
425,1271,3,8327452,8395424,0,0,0,0,0,0,0,0,0
426,1272,1,8327300,8395940,0,0,0,0,0,0,1,0,0
426,1273,2,8327376,8395424,0,0,0,0,0,0,0,0,0
426,1274,3,8327452,8395424,0,0,0,0,0,0,0,0,0
427,1275,1,8327300,8395940,0,0,0,0,0,0,1,0,0
427,1276,2,8327376,8395424,0,0,0,0,0,0,0,0,0
427,1277,3,8327452,8395424,0,0,0,0,0,0,0,0,0
428,1278,1,8327300,8395940,0,0,0,0,0,0,1,0,0
428,1279,2,8327376,8395424,0,0,0,0,0,0,0,0,0
428,1280,3,8327452,8395424,0,0,0,0,0,0,0,0,0
429,1281,1,8327300,8395940,0,0,0,0,0,0,1,0,0
429,1282,2,8327376,8395424,0,0,0,0,0,0,0,0,0
429,1283,3,8327452,8395424,0,0,0,0,0,0,0,0,0
430,1284,1,8327300,8395940,0,0,0,0,0,0,1,0,0
430,1285,2,8327376,8395424,0,0,0,0,0,0,0,0,0
430,1286,3,8327452,8395424,0,0,0,0,0,0,0,0,0
431,1287,1,8327300,8395940,0,0,0,0,0,0,1,0,0
431,1288,2,8327376,8395424,0,0,0,0,0,0,0,0,0
431,1289,3,8327452,8395424,0,0,0,0,0,0,0,0,0
432,1290,1,8327300,8395940,0,0,0,0,0,0,1,0,0
432,1291,2,8327376,8395424,0,0,0,0,0,0,0,0,0
432,1292,3,8327452,8395424,0,0,0,0,0,0,0,0,0
433,1293,1,8327300,8395940,0,0,0,0,0,0,1,0,0
433,1294,2,8327376,8395424,0,0,0,0,0,0,0,0,0
433,1295,3,8327452,8395424,0,0,0,0,0,0,0,0,0
434,1296,1,8327300,8395940,0,0,0,0,0,0,1,0,0
434,1297,2,8327376,8395424,0,0,0,0,0,0,0,0,0
434,1298,3,8327452,8395424,0,0,0,0,0,0,0,0,0
435,1299,1,8327300,8395940,0,0,0,0,0,0,1,0,0
435,1300,2,8327376,8395424,0,0,0,0,0,0,0,0,0
435,1301,3,8327452,8395424,0,0,0,0,0,0,0,0,0
436,1302,1,8327300,8395940,0,0,0,0,0,0,1,0,0
436,1303,2,8327376,8395424,0,0,0,0,0,0,0,0,0
436,1304,3,8327452,8395424,0,0,0,0,0,0,0,0,0
437,1305,1,8327300,8395940,0,0,0,0,0,0,1,0,0
437,1306,2,8327376,8395424,0,0,0,0,0,0,0,0,0
437,1307,3,8327452,8395424,0,0,0,0,0,0,0,0,0
438,1308,1,8327300,8395940,0,0,0,0,0,0,1,0,0
438,1309,2,8327376,8395424,0,0,0,0,0,0,0,0,0
438,1310,3,8327452,8395424,0,0,0,0,0,0,0,0,0
439,1311,1,8327300,8395940,0,0,0,0,0,0,1,0,0
439,1312,2,8327376,8395424,0,0,0,0,0,0,0,0,0
439,1313,3,8327452,8395424,0,0,0,0,0,0,0,0,0
440,1314,1,8327300,8395940,0,0,0,0,0,0,1,0,0
440,1315,2,8327376,8395424,0,0,0,0,0,0,0,0,0
440,1316,3,8327452,8395424,0,0,0,0,0,0,0,0,0
441,1317,1,8327300,8395940,0,0,0,0,0,0,1,0,0
441,1318,2,8327376,8395424,0,0,0,0,0,0,0,0,0
441,1319,3,8327452,8395424,0,0,0,0,0,0,0,0,0
442,1320,1,8327300,8395940,0,0,0,0,0,0,1,0,0
442,1321,2,8327376,8395424,0,0,0,0,0,0,0,0,0
442,1322,3,8327452,8395424,0,0,0,0,0,0,0,0,0
443,1323,1,8327300,8395940,0,0,0,0,0,0,1,0,0
443,1324,2,8327376,8395424,0,0,0,0,0,0,0,0,0
443,1325,3,8327452,8395424,0,0,0,0,0,0,0,0,0
444,1326,1,8327300,8395940,0,0,0,0,0,0,1,0,0
444,1327,2,8327376,8395424,0,0,0,0,0,0,0,0,0
444,1328,3,8327452,8395424,0,0,0,0,0,0,0,0,0
445,1329,1,8327300,8395940,0,0,0,0,0,0,1,0,0
445,1330,2,8327376,8395424,0,0,0,0,0,0,0,0,0
445,1331,3,8327452,8395424,0,0,0,0,0,0,0,0,0
446,1332,1,8327300,8395940,0,0,0,0,0,0,1,0,0
446,1333,2,8327376,8395424,0,0,0,0,0,0,0,0,0
446,1334,3,8327452,8395424,0,0,0,0,0,0,0,0,0
447,1335,1,8327300,8395940,0,0,0,0,0,0,1,0,0
447,1336,2,8327376,8395424,0,0,0,0,0,0,0,0,0
447,1337,3,8327452,8395424,0,0,0,0,0,0,0,0,0
448,1338,1,8327300,8395940,0,0,0,0,0,0,1,0,0
448,1339,2,8327376,8395424,0,0,0,0,0,0,0,0,0
448,1340,3,8327452,8395424,0,0,0,0,0,0,0,0,0
449,1341,1,8327300,8395940,0,0,0,0,0,0,1,0,0
449,1342,2,8327376,8395424,0,0,0,0,0,0,0,0,0
449,1343,3,8327452,8395424,0,0,0,0,0,0,0,0,0
450,1344,1,8327300,8395940,0,0,0,0,0,0,1,0,0
450,1345,2,8327376,8395424,0,0,0,0,0,0,0,0,0
450,1346,3,8327452,8395424,0,0,0,0,0,0,0,0,0
451,1347,1,8327300,8395940,0,0,0,0,0,0,1,0,0
451,1348,2,8327376,8395424,0,0,0,0,0,0,0,0,0
451,1349,3,8327452,8395424,0,0,0,0,0,0,0,0,0
452,1350,1,8327300,8395940,0,0,0,0,0,0,1,0,0
452,1351,2,8327376,8395424,0,0,0,0,0,0,0,0,0
452,1352,3,8327452,8395424,0,0,0,0,0,0,0,0,0
453,1353,1,8327300,8395940,0,0,0,0,0,0,1,0,0
453,1354,2,8327376,8395424,0,0,0,0,0,0,0,0,0
453,1355,3,8327452,8395424,0,0,0,0,0,0,0,0,0
454,1356,1,8327300,8395940,0,0,0,0,0,0,1,0,0
454,1357,2,8327376,8395424,0,0,0,0,0,0,0,0,0
454,1358,3,8327452,8395424,0,0,0,0,0,0,0,0,0
455,1359,1,8327300,8395940,0,0,0,0,0,0,1,0,0
455,1360,2,8327376,8395424,0,0,0,0,0,0,0,0,0
455,1361,3,8327452,8395424,0,0,0,0,0,0,0,0,0
456,1362,1,8327300,8395940,0,0,0,0,0,0,1,0,0
456,1363,2,8327376,8395424,0,0,0,0,0,0,0,0,0
456,1364,3,8327452,8395424,0,0,0,0,0,0,0,0,0
457,1365,1,8327300,8395940,0,0,0,0,0,0,1,0,0
457,1366,2,8327376,8395424,0,0,0,0,0,0,0,0,0
457,1367,3,8327452,8395424,0,0,0,0,0,0,0,0,0
458,1368,1,8327300,8395940,0,0,0,0,0,0,1,0,0
458,1369,2,8327376,8395424,0,0,0,0,0,0,0,0,0
458,1370,3,8327452,8395424,0,0,0,0,0,0,0,0,0
459,1371,1,8327300,8395940,0,0,0,0,0,0,1,0,0
459,1372,2,8327376,8395424,0,0,0,0,0,0,0,0,0
459,1373,3,8327452,8395424,0,0,0,0,0,0,0,0,0
460,1374,1,8327300,8395940,0,0,0,0,0,0,1,0,0
460,1375,2,8327376,8395424,0,0,0,0,0,0,0,0,0
460,1376,3,8327452,8395424,0,0,0,0,0,0,0,0,0
461,1377,1,8327300,8395940,0,0,0,0,0,0,1,0,0
461,1378,2,8327376,8395424,0,0,0,0,0,0,0,0,0
461,1379,3,8327452,8395424,0,0,0,0,0,0,0,0,0
462,1380,1,8327300,8395940,0,0,0,0,0,0,1,0,0
462,1381,2,8327376,8395424,0,0,0,0,0,0,0,0,0
462,1382,3,8327452,8395424,0,0,0,0,0,0,0,0,0
463,1383,1,8327300,8395940,0,0,0,0,0,0,1,0,0
463,1384,2,8327376,8395424,0,0,0,0,0,0,0,0,0
463,1385,3,8327452,8395424,0,0,0,0,0,0,0,0,0
464,1386,1,8327300,8395940,0,0,0,0,0,0,1,0,0
464,1387,2,8327376,8395424,0,0,0,0,0,0,0,0,0
464,1388,3,8327452,8395424,0,0,0,0,0,0,0,0,0
465,1389,1,8327300,8395940,0,0,0,0,0,0,1,0,0
465,1390,2,8327376,8395424,0,0,0,0,0,0,0,0,0
465,1391,3,8327452,8395424,0,0,0,0,0,0,0,0,0
466,1392,1,8327300,8395940,0,0,0,0,0,0,1,0,0
466,1393,2,8327376,8395424,0,0,0,0,0,0,0,0,0
466,1394,3,8327452,8395424,0,0,0,0,0,0,0,0,0
467,1395,1,8327300,8395940,0,0,0,0,0,0,1,0,0
467,1396,2,8327376,8395424,0,0,0,0,0,0,0,0,0
467,1397,3,8327452,8395424,0,0,0,0,0,0,0,0,0
468,1398,1,8327300,8395940,0,0,0,0,0,0,1,0,0
468,1399,2,8327376,8395424,0,0,0,0,0,0,0,0,0
468,1400,3,8327452,8395424,0,0,0,0,0,0,0,0,0
469,1401,1,8327300,8395940,0,0,0,0,0,0,1,0,0
469,1402,2,8327376,8395424,0,0,0,0,0,0,0,0,0
469,1403,3,8327452,8395424,0,0,0,0,0,0,0,0,0
470,1404,1,8327300,8395940,0,0,0,0,0,0,1,0,0
470,1405,2,8327376,8395424,0,0,0,0,0,0,0,0,0
470,1406,3,8327452,8395424,0,0,0,0,0,0,0,0,0
471,1407,1,8327300,8395940,0,0,0,0,0,0,1,0,0
471,1408,2,8327376,8395424,0,0,0,0,0,0,0,0,0
471,1409,3,8327452,8395424,0,0,0,0,0,0,0,0,0
472,1410,1,8327300,8395940,0,0,0,0,0,0,1,0,0
472,1411,2,8327376,8395424,0,0,0,0,0,0,0,0,0
472,1412,3,8327452,8395424,0,0,0,0,0,0,0,0,0
473,1413,1,8327300,8395940,0,0,0,0,0,0,1,0,0
473,1414,2,8327376,8395424,0,0,0,0,0,0,0,0,0
473,1415,3,8327452,8395424,0,0,0,0,0,0,0,0,0
474,1416,1,8327300,8395940,0,0,0,0,0,0,1,0,0
474,1417,2,8327376,8395424,0,0,0,0,0,0,0,0,0
474,1418,3,8327452,8395424,0,0,0,0,0,0,0,0,0
475,1419,1,8327300,8395940,0,0,0,0,0,0,1,0,0
475,1420,2,8327376,8395424,0,0,0,0,0,0,0,0,0
475,1421,3,8327452,8395424,0,0,0,0,0,0,0,0,0
476,1422,1,8327300,8395940,0,0,0,0,0,0,1,0,0
476,1423,2,8327376,8395424,0,0,0,0,0,0,0,0,0
476,1424,3,8327452,8395424,0,0,0,0,0,0,0,0,0
477,1425,1,8327300,8395940,0,0,0,0,0,0,1,0,0
477,1426,2,8327376,8395424,0,0,0,0,0,0,0,0,0
477,1427,3,8327452,8395424,0,0,0,0,0,0,0,0,0
478,1428,1,8327300,8395940,0,0,0,0,0,0,1,0,0
478,1429,2,8327376,8395424,0,0,0,0,0,0,0,0,0
478,1430,3,8327452,8395424,0,0,0,0,0,0,0,0,0
479,1431,1,8327300,8395940,0,0,0,0,0,0,1,0,0
479,1432,2,8327376,8395424,0,0,0,0,0,0,0,0,0
479,1433,3,8327452,8395424,0,0,0,0,0,0,0,0,0
480,1434,1,8327300,8395940,0,0,0,0,0,0,1,0,0
480,1435,2,8327376,8395424,0,0,0,0,0,0,0,0,0
480,1436,3,8327452,8395424,0,0,0,0,0,0,0,0,0
481,1437,1,8327300,8395940,0,0,0,0,0,0,1,0,0
481,1438,2,8327376,8395424,0,0,0,0,0,0,0,0,0
481,1439,3,8327452,8395424,0,0,0,0,0,0,0,0,0
482,1440,1,8327300,8395940,0,0,0,0,0,0,1,0,0
482,1441,2,8327376,8395424,0,0,0,0,0,0,0,0,0
482,1442,3,8327452,8395424,0,0,0,0,0,0,0,0,0
483,1443,1,8327300,8395940,0,0,0,0,0,0,1,0,0
483,1444,2,8327376,8395424,0,0,0,0,0,0,0,0,0
483,1445,3,8327452,8395424,0,0,0,0,0,0,0,0,0
484,1446,1,8327300,8395940,0,0,0,0,0,0,1,0,0
484,1447,2,8327376,8395424,0,0,0,0,0,0,0,0,0
484,1448,3,8327452,8395424,0,0,0,0,0,0,0,0,0
485,1449,1,8327300,8395940,0,0,0,0,0,0,1,0,0
485,1450,2,8327376,8395424,0,0,0,0,0,0,0,0,0
485,1451,3,8327452,8395424,0,0,0,0,0,0,0,0,0
486,1452,1,8327300,8395940,0,0,0,0,0,0,1,0,0
486,1453,2,8327376,8395424,0,0,0,0,0,0,0,0,0
486,1454,3,8327452,8395424,0,0,0,0,0,0,0,0,0
487,1455,1,8327300,8395940,0,0,0,0,0,0,1,0,0
487,1456,2,8327376,8395424,0,0,0,0,0,0,0,0,0
487,1457,3,8327452,8395424,0,0,0,0,0,0,0,0,0
488,1458,1,8327300,8395940,0,0,0,0,0,0,1,0,0
488,1459,2,8327376,8395424,0,0,0,0,0,0,0,0,0
488,1460,3,8327452,8395424,0,0,0,0,0,0,0,0,0
489,1461,1,8327300,8395940,0,0,0,0,0,0,1,0,0
489,1462,2,8327376,8395424,0,0,0,0,0,0,0,0,0
489,1463,3,8327452,8395424,0,0,0,0,0,0,0,0,0
490,1464,1,8327300,8395940,0,0,0,0,0,0,1,0,0
490,1465,2,8327376,8395424,0,0,0,0,0,0,0,0,0
490,1466,3,8327452,8395424,0,0,0,0,0,0,0,0,0
491,1467,1,8327300,8395940,0,0,0,0,0,0,1,0,0
491,1468,2,8327376,8395424,0,0,0,0,0,0,0,0,0
491,1469,3,8327452,8395424,0,0,0,0,0,0,0,0,0
492,1470,1,8327300,8395940,0,0,0,0,0,0,1,0,0
492,1471,2,8327376,8395424,0,0,0,0,0,0,0,0,0
492,1472,3,8327452,8395424,0,0,0,0,0,0,0,0,0
493,1473,1,8327300,8395940,0,0,0,0,0,0,1,0,0
493,1474,2,8327376,8395424,0,0,0,0,0,0,0,0,0
493,1475,3,8327452,8395424,0,0,0,0,0,0,0,0,0
494,1476,1,8327300,8395940,0,0,0,0,0,0,1,0,0
494,1477,2,8327376,8395424,0,0,0,0,0,0,0,0,0
494,1478,3,8327452,8395424,0,0,0,0,0,0,0,0,0
495,1479,1,8327300,8395940,0,0,0,0,0,0,1,0,0
495,1480,2,8327376,8395424,0,0,0,0,0,0,0,0,0
495,1481,3,8327452,8395424,0,0,0,0,0,0,0,0,0
496,1482,1,8327300,8395940,0,0,0,0,0,0,1,0,0
496,1483,2,8327376,8395424,0,0,0,0,0,0,0,0,0
496,1484,3,8327452,8395424,0,0,0,0,0,0,0,0,0
497,1485,1,8327300,8395940,0,0,0,0,0,0,1,0,0
497,1486,2,8327376,8395424,0,0,0,0,0,0,0,0,0
497,1487,3,8327452,8395424,0,0,0,0,0,0,0,0,0
498,1488,1,8327300,8395940,0,0,0,0,0,0,1,0,0
498,1489,2,8327376,8395424,0,0,0,0,0,0,0,0,0
498,1490,3,8327452,8395424,0,0,0,0,0,0,0,0,0
499,1491,1,8327300,8395940,0,0,0,0,0,0,1,0,0
499,1492,2,8327376,8395424,0,0,0,0,0,0,0,0,0
499,1493,3,8327452,8395424,0,0,0,0,0,0,0,0,0
500,1494,1,8327300,8395940,0,0,0,0,0,0,1,0,0
500,1495,2,8327376,8395424,0,0,0,0,0,0,0,0,0
500,1496,3,8327452,8395424,0,0,0,0,0,0,0,0,0
501,1497,1,8327300,8395940,0,0,0,0,0,0,1,0,0
501,1498,2,8327376,8395424,0,0,0,0,0,0,0,0,0
501,1499,3,8327452,8395424,0,0,0,0,0,0,0,0,0
502,1500,1,8327300,8395940,0,0,0,0,0,0,1,0,0
502,1501,2,8327376,8395424,0,0,0,0,0,0,0,0,0
502,1502,3,8327452,8395424,0,0,0,0,0,0,0,0,0
503,1503,1,8327300,8395940,0,0,0,0,0,0,1,0,0
503,1504,2,8327376,8395424,0,0,0,0,0,0,0,0,0
503,1505,3,8327452,8395424,0,0,0,0,0,0,0,0,0
504,1506,1,8327300,8395940,0,0,0,0,0,0,1,0,0
504,1507,2,8327376,8395424,0,0,0,0,0,0,0,0,0
504,1508,3,8327452,8395424,0,0,0,0,0,0,0,0,0
505,1509,1,8327300,8395940,0,0,0,0,0,0,1,0,0
505,1510,2,8327376,8395424,0,0,0,0,0,0,0,0,0
505,1511,3,8327452,8395424,0,0,0,0,0,0,0,0,0
506,1512,1,8327300,8395940,0,0,0,0,0,0,1,0,0
506,1513,2,8327376,8395424,0,0,0,0,0,0,0,0,0
506,1514,3,8327452,8395424,0,0,0,0,0,0,0,0,0
507,1515,1,8327300,8395940,0,0,0,0,0,0,1,0,0
507,1516,2,8327376,8395424,0,0,0,0,0,0,0,0,0
507,1517,3,8327452,8395424,0,0,0,0,0,0,0,0,0
508,1518,1,8327300,8395940,0,0,0,0,0,0,1,0,0
508,1519,2,8327376,8395424,0,0,0,0,0,0,0,0,0
508,1520,3,8327452,8395424,0,0,0,0,0,0,0,0,0
509,1521,1,8327300,8395940,0,0,0,0,0,0,1,0,0
509,1522,2,8327376,8395424,0,0,0,0,0,0,0,0,0
509,1523,3,8327452,8395424,0,0,0,0,0,0,0,0,0
510,1524,1,8327300,8395940,0,0,0,0,0,0,1,0,0
510,1525,2,8327376,8395424,0,0,0,0,0,0,0,0,0
510,1526,3,8327452,8395424,0,0,0,0,0,0,0,0,0
511,1527,1,8327300,8395940,0,0,0,0,0,0,1,0,0
511,1528,2,8327376,8395424,0,0,0,0,0,0,0,0,0
511,1529,3,8327452,8395424,0,0,0,0,0,0,0,0,0
512,1530,1,8327300,8395940,0,0,0,0,0,0,1,0,0
512,1531,2,8327376,8395424,0,0,0,0,0,0,0,0,0
512,1532,3,8327452,8395424,0,0,0,0,0,0,0,0,0
513,1533,1,8327300,8395940,0,0,0,0,0,0,1,0,0
513,1534,2,8327376,8395424,0,0,0,0,0,0,0,0,0
513,1535,3,8327452,8395424,0,0,0,0,0,0,0,0,0
514,1536,1,8327300,8395940,0,0,0,0,0,0,1,0,0
514,1537,2,8327376,8395424,0,0,0,0,0,0,0,0,0
514,1538,3,8327452,8395424,0,0,0,0,0,0,0,0,0
515,1539,1,8327300,8395940,0,0,0,0,0,0,1,0,0
515,1540,2,8327376,8395424,0,0,0,0,0,0,0,0,0
515,1541,3,8327452,8395424,0,0,0,0,0,0,0,0,0
516,1542,1,8327300,8395940,0,0,0,0,0,0,1,0,0
516,1543,2,8327376,8395424,0,0,0,0,0,0,0,0,0
516,1544,3,8327452,8395424,0,0,0,0,0,0,0,0,0
517,1545,1,8327300,8395940,0,0,0,0,0,0,1,0,0
517,1546,2,8327376,8395424,0,0,0,0,0,0,0,0,0
517,1547,3,8327452,8395424,0,0,0,0,0,0,0,0,0
518,1548,1,8327300,8395940,0,0,0,0,0,0,1,0,0
518,1549,2,8327376,8395424,0,0,0,0,0,0,0,0,0
518,1550,3,8327452,8395424,0,0,0,0,0,0,0,0,0
519,1551,1,8327300,8395940,0,0,0,0,0,0,1,0,0
519,1552,2,8327376,8395424,0,0,0,0,0,0,0,0,0
519,1553,3,8327452,8395424,0,0,0,0,0,0,0,0,0
520,1554,1,8327300,8395940,0,0,0,0,0,0,1,0,0
520,1555,2,8327376,8395424,0,0,0,0,0,0,0,0,0
520,1556,3,8327452,8395424,0,0,0,0,0,0,0,0,0
521,1557,1,8327300,8395940,0,0,0,0,0,0,1,0,0
521,1558,2,8327376,8395424,0,0,0,0,0,0,0,0,0
521,1559,3,8327452,8395424,0,0,0,0,0,0,0,0,0
522,1560,1,8327300,8395940,0,0,0,0,0,0,1,0,0
522,1561,2,8327376,8395424,0,0,0,0,0,0,0,0,0
522,1562,3,8327452,8395424,0,0,0,0,0,0,0,0,0
523,1563,1,8327300,8395940,0,0,0,0,0,0,1,0,0
523,1564,2,8327376,8395424,0,0,0,0,0,0,0,0,0
523,1565,3,8327452,8395424,0,0,0,0,0,0,0,0,0
524,1566,1,8327300,8395940,0,0,0,0,0,0,1,0,0
524,1567,2,8327376,8395424,0,0,0,0,0,0,0,0,0
524,1568,3,8327452,8395424,0,0,0,0,0,0,0,0,0
525,1569,1,8327300,8395940,0,0,0,0,0,0,1,0,0
525,1570,2,8327376,8395424,0,0,0,0,0,0,0,0,0
525,1571,3,8327452,8395424,0,0,0,0,0,0,0,0,0
526,1572,1,8327300,8395940,0,0,0,0,0,0,1,0,0
526,1573,2,8327376,8395424,0,0,0,0,0,0,0,0,0
526,1574,3,8327452,8395424,0,0,0,0,0,0,0,0,0
527,1575,1,8327300,8395940,0,0,0,0,0,0,1,0,0
527,1576,2,8327376,8395424,0,0,0,0,0,0,0,0,0
527,1577,3,8327452,8395424,0,0,0,0,0,0,0,0,0
528,1578,1,8327300,8395940,0,0,0,0,0,0,1,0,0
528,1579,2,8327376,8395424,0,0,0,0,0,0,0,0,0
528,1580,3,8327452,8395424,0,0,0,0,0,0,0,0,0
529,1581,1,8327300,8395940,0,0,0,0,0,0,1,0,0
529,1582,2,8327376,8395424,0,0,0,0,0,0,0,0,0
529,1583,3,8327452,8395424,0,0,0,0,0,0,0,0,0
530,1584,1,8327300,8395940,0,0,0,0,0,0,1,0,0
530,1585,2,8327376,8395424,0,0,0,0,0,0,0,0,0
530,1586,3,8327452,8395424,0,0,0,0,0,0,0,0,0
531,1587,1,8327300,8395940,0,0,0,0,0,0,1,0,0
531,1588,2,8327376,8395424,0,0,0,0,0,0,0,0,0
531,1589,3,8327452,8395424,0,0,0,0,0,0,0,0,0
532,1590,1,8327300,8395940,0,0,0,0,0,0,1,0,0
532,1591,2,8327376,8395424,0,0,0,0,0,0,0,0,0
532,1592,3,8327452,8395424,0,0,0,0,0,0,0,0,0
533,1593,1,8327300,8395940,0,0,0,0,0,0,1,0,0
533,1594,2,8327376,8395424,0,0,0,0,0,0,0,0,0
533,1595,3,8327452,8395424,0,0,0,0,0,0,0,0,0
534,1596,1,8327300,8395940,0,0,0,0,0,0,1,0,0
534,1597,2,8327376,8395424,0,0,0,0,0,0,0,0,0
534,1598,3,8327452,8395424,0,0,0,0,0,0,0,0,0
535,1599,1,8327300,8395940,0,0,0,0,0,0,1,0,0
535,1600,2,8327376,8395424,0,0,0,0,0,0,0,0,0
535,1601,3,8327452,8395424,0,0,0,0,0,0,0,0,0
536,1602,1,8327300,8395940,0,0,0,0,0,0,1,0,0
536,1603,2,8327376,8395424,0,0,0,0,0,0,0,0,0
536,1604,3,8327452,8395424,0,0,0,0,0,0,0,0,0
537,1605,1,8327300,8395940,0,0,0,0,0,0,1,0,0
537,1606,2,8327376,8395424,0,0,0,0,0,0,0,0,0
537,1607,3,8327452,8395424,0,0,0,0,0,0,0,0,0
538,1608,1,8327300,8395940,0,0,0,0,0,0,1,0,0
538,1609,2,8327376,8395424,0,0,0,0,0,0,0,0,0
538,1610,3,8327452,8395424,0,0,0,0,0,0,0,0,0
539,1611,1,8327300,8395940,0,0,0,0,0,0,1,0,0
539,1612,2,8327376,8395424,0,0,0,0,0,0,0,0,0
539,1613,3,8327452,8395424,0,0,0,0,0,0,0,0,0
540,1614,1,8327300,8395940,0,0,0,0,0,0,1,0,0
540,1615,2,8327376,8395424,0,0,0,0,0,0,0,0,0
540,1616,3,8327452,8395424,0,0,0,0,0,0,0,0,0
541,1617,1,8327300,8395940,0,0,0,0,0,0,1,0,0
541,1618,2,8327376,8395424,0,0,0,0,0,0,0,0,0
541,1619,3,8327452,8395424,0,0,0,0,0,0,0,0,0
542,1620,1,8327300,8395940,0,0,0,0,0,0,1,0,0
542,1621,2,8327376,8395424,0,0,0,0,0,0,0,0,0
542,1622,3,8327452,8395424,0,0,0,0,0,0,0,0,0
543,1623,1,8327300,8395940,0,0,0,0,0,0,1,0,0
543,1624,2,8327376,8395424,0,0,0,0,0,0,0,0,0
543,1625,3,8327452,8395424,0,0,0,0,0,0,0,0,0
544,1626,1,8327300,8395940,0,0,0,0,0,0,1,0,0
544,1627,2,8327376,8395424,0,0,0,0,0,0,0,0,0
544,1628,3,8327452,8395424,0,0,0,0,0,0,0,0,0
545,1629,1,8327300,8395940,0,0,0,0,0,0,1,0,0
545,1630,2,8327376,8395424,0,0,0,0,0,0,0,0,0
545,1631,3,8327452,8395424,0,0,0,0,0,0,0,0,0
546,1632,1,8327300,8395940,0,0,0,0,0,0,1,0,0
546,1633,2,8327376,8395424,0,0,0,0,0,0,0,0,0
546,1634,3,8327452,8395424,0,0,0,0,0,0,0,0,0
547,1635,1,8327300,8395940,0,0,0,0,0,0,1,0,0
547,1636,2,8327376,8395424,0,0,0,0,0,0,0,0,0
547,1637,3,8327452,8395424,0,0,0,0,0,0,0,0,0
548,1638,1,8327300,8395940,0,0,0,0,0,0,1,0,0
548,1639,2,8327376,8395424,0,0,0,0,0,0,0,0,0
548,1640,3,8327452,8395424,0,0,0,0,0,0,0,0,0
549,1641,1,8327300,8395940,0,0,0,0,0,0,1,0,0
549,1642,2,8327376,8395424,0,0,0,0,0,0,0,0,0
549,1643,3,8327452,8395424,0,0,0,0,0,0,0,0,0
550,1644,1,8327300,8395940,0,0,0,0,0,0,1,0,0
550,1645,2,8327376,8395424,0,0,0,0,0,0,0,0,0
550,1646,3,8327452,8395424,0,0,0,0,0,0,0,0,0
551,1647,1,8327300,8395940,0,0,0,0,0,0,1,0,0
551,1648,2,8327376,8395424,0,0,0,0,0,0,0,0,0
551,1649,3,8327452,8395424,0,0,0,0,0,0,0,0,0
552,1650,1,8327300,8395940,0,0,0,0,0,0,1,0,0
552,1651,2,8327376,8395424,0,0,0,0,0,0,0,0,0
552,1652,3,8327452,8395424,0,0,0,0,0,0,0,0,0
553,1653,1,8327300,8395940,0,0,0,0,0,0,1,0,0
553,1654,2,8327376,8395424,0,0,0,0,0,0,0,0,0
553,1655,3,8327452,8395424,0,0,0,0,0,0,0,0,0
554,1656,1,8327300,8395940,0,0,0,0,0,0,1,0,0
554,1657,2,8327376,8395424,0,0,0,0,0,0,0,0,0
554,1658,3,8327452,8395424,0,0,0,0,0,0,0,0,0
555,1659,1,8327300,8395940,0,0,0,0,0,0,1,0,0
555,1660,2,8327376,8395424,0,0,0,0,0,0,0,0,0
555,1661,3,8327452,8395424,0,0,0,0,0,0,0,0,0
556,1662,1,8327300,8395940,0,0,0,0,0,0,1,0,0
556,1663,2,8327376,8395424,0,0,0,0,0,0,0,0,0
556,1664,3,8327452,8395424,0,0,0,0,0,0,0,0,0
557,1665,1,8327300,8395940,0,0,0,0,0,0,1,0,0
557,1666,2,8327376,8395424,0,0,0,0,0,0,0,0,0
557,1667,3,8327452,8395424,0,0,0,0,0,0,0,0,0
558,1668,1,8327300,8395940,0,0,0,0,0,0,1,0,0
558,1669,2,8327376,8395424,0,0,0,0,0,0,0,0,0
558,1670,3,8327452,8395424,0,0,0,0,0,0,0,0,0
559,1671,1,8327300,8395940,0,0,0,0,0,0,1,0,0
559,1672,2,8327376,8395424,0,0,0,0,0,0,0,0,0
559,1673,3,8327452,8395424,0,0,0,0,0,0,0,0,0
560,1674,1,8327300,8395940,0,0,0,0,0,0,1,0,0
560,1675,2,8327376,8395424,0,0,0,0,0,0,0,0,0
560,1676,3,8327452,8395424,0,0,0,0,0,0,0,0,0
561,1677,1,8327300,8395940,0,0,0,0,0,0,1,0,0
561,1678,2,8327376,8395424,0,0,0,0,0,0,0,0,0
561,1679,3,8327452,8395424,0,0,0,0,0,0,0,0,0
562,1680,1,8327300,8395940,0,0,0,0,0,0,1,0,0
562,1681,2,8327376,8395424,0,0,0,0,0,0,0,0,0
562,1682,3,8327452,8395424,0,0,0,0,0,0,0,0,0
563,1683,1,8327300,8395940,0,0,0,0,0,0,1,0,0
563,1684,2,8327376,8395424,0,0,0,0,0,0,0,0,0
563,1685,3,8327452,8395424,0,0,0,0,0,0,0,0,0
564,1686,1,8327300,8395940,0,0,0,0,0,0,1,0,0
564,1687,2,8327376,8395424,0,0,0,0,0,0,0,0,0
564,1688,3,8327452,8395424,0,0,0,0,0,0,0,0,0
565,1689,1,8327300,8395940,0,0,0,0,0,0,1,0,0
565,1690,2,8327376,8395424,0,0,0,0,0,0,0,0,0
565,1691,3,8327452,8395424,0,0,0,0,0,0,0,0,0
566,1692,1,8327300,8395940,0,0,0,0,0,0,1,0,0
566,1693,2,8327376,8395424,0,0,0,0,0,0,0,0,0
566,1694,3,8327452,8395424,0,0,0,0,0,0,0,0,0
567,1695,1,8327300,8395940,0,0,0,0,0,0,1,0,0
567,1696,2,8327376,8395424,0,0,0,0,0,0,0,0,0
567,1697,3,8327452,8395424,0,0,0,0,0,0,0,0,0
568,1698,1,8327300,8395940,0,0,0,0,0,0,1,0,0
568,1699,2,8327376,8395424,0,0,0,0,0,0,0,0,0
568,1700,3,8327452,8395424,0,0,0,0,0,0,0,0,0
569,1701,1,8327300,8395940,0,0,0,0,0,0,1,0,0
569,1702,2,8327376,8395424,0,0,0,0,0,0,0,0,0
569,1703,3,8327452,8395424,0,0,0,0,0,0,0,0,0
570,1704,1,8327300,8395940,0,0,0,0,0,0,1,0,0
570,1705,2,8327376,8395424,0,0,0,0,0,0,0,0,0
570,1706,3,8327452,8395424,0,0,0,0,0,0,0,0,0
571,1707,1,8327300,8395940,0,0,0,0,0,0,1,0,0
571,1708,2,8327376,8395424,0,0,0,0,0,0,0,0,0
571,1709,3,8327452,8395424,0,0,0,0,0,0,0,0,0
572,1710,1,8327300,8395940,0,0,0,0,0,0,1,0,0
572,1711,2,8327376,8395424,0,0,0,0,0,0,0,0,0
572,1712,3,8327452,8395424,0,0,0,0,0,0,0,0,0
573,1713,1,8327300,8395940,0,0,0,0,0,0,1,0,0
573,1714,2,8327376,8395424,0,0,0,0,0,0,0,0,0
573,1715,3,8327452,8395424,0,0,0,0,0,0,0,0,0
574,1716,1,8327300,8395940,0,0,0,0,0,0,1,0,0
574,1717,2,8327376,8395424,0,0,0,0,0,0,0,0,0
574,1718,3,8327452,8395424,0,0,0,0,0,0,0,0,0
575,1719,1,8327300,8395940,0,0,0,0,0,0,1,0,0
575,1720,2,8327376,8395424,0,0,0,0,0,0,0,0,0
575,1721,3,8327452,8395424,0,0,0,0,0,0,0,0,0
576,1722,1,8327300,8395940,0,0,0,0,0,0,1,0,0
576,1723,2,8327376,8395424,0,0,0,0,0,0,0,0,0
576,1724,3,8327452,8395424,0,0,0,0,0,0,0,0,0
577,1725,1,8327300,8395940,0,0,0,0,0,0,1,0,0
577,1726,2,8327376,8395424,0,0,0,0,0,0,0,0,0
577,1727,3,8327452,8395424,0,0,0,0,0,0,0,0,0
578,1728,1,8327300,8395940,0,0,0,0,0,0,1,0,0
578,1729,2,8327376,8395424,0,0,0,0,0,0,0,0,0
578,1730,3,8327452,8395424,0,0,0,0,0,0,0,0,0
579,1731,1,8327300,8395940,0,0,0,0,0,0,1,0,0
579,1732,2,8327376,8395424,0,0,0,0,0,0,0,0,0
579,1733,3,8327452,8395424,0,0,0,0,0,0,0,0,0
580,1734,1,8327300,8395940,0,0,0,0,0,0,1,0,0
580,1735,2,8327376,8395424,0,0,0,0,0,0,0,0,0
580,1736,3,8327452,8395424,0,0,0,0,0,0,0,0,0
581,1737,1,8327300,8395940,0,0,0,0,0,0,1,0,0
581,1738,2,8327376,8395424,0,0,0,0,0,0,0,0,0
581,1739,3,8327452,8395424,0,0,0,0,0,0,0,0,0
582,1740,1,8327300,8395940,0,0,0,0,0,0,1,0,0
582,1741,2,8327376,8395424,0,0,0,0,0,0,0,0,0
582,1742,3,8327452,8395424,0,0,0,0,0,0,0,0,0
583,1743,1,8327300,8395940,0,0,0,0,0,0,1,0,0
583,1744,2,8327376,8395424,0,0,0,0,0,0,0,0,0
583,1745,3,8327452,8395424,0,0,0,0,0,0,0,0,0
584,1746,1,8327300,8395940,0,0,0,0,0,0,1,0,0
584,1747,2,8327376,8395424,0,0,0,0,0,0,0,0,0
584,1748,3,8327452,8395424,0,0,0,0,0,0,0,0,0
585,1749,1,8327300,8395940,0,0,0,0,0,0,1,0,0
585,1750,2,8327376,8395424,0,0,0,0,0,0,0,0,0
585,1751,3,8327452,8395424,0,0,0,0,0,0,0,0,0
586,1752,1,8327300,8395940,0,0,0,0,0,0,1,0,0
586,1753,2,8327376,8395424,0,0,0,0,0,0,0,0,0
586,1754,3,8327452,8395424,0,0,0,0,0,0,0,0,0
587,1755,1,8327300,8395940,0,0,0,0,0,0,1,0,0
587,1756,2,8327376,8395424,0,0,0,0,0,0,0,0,0
587,1757,3,8327452,8395424,0,0,0,0,0,0,0,0,0
588,1758,1,8327300,8395940,0,0,0,0,0,0,1,0,0
588,1759,2,8327376,8395424,0,0,0,0,0,0,0,0,0
588,1760,3,8327452,8395424,0,0,0,0,0,0,0,0,0
589,1761,1,8327300,8395940,0,0,0,0,0,0,1,0,0
589,1762,2,8327376,8395424,0,0,0,0,0,0,0,0,0
589,1763,3,8327452,8395424,0,0,0,0,0,0,0,0,0
590,1764,1,8327300,8395940,0,0,0,0,0,0,1,0,0
590,1765,2,8327376,8395424,0,0,0,0,0,0,0,0,0
590,1766,3,8327452,8395424,0,0,0,0,0,0,0,0,0
591,1767,1,8327300,8395940,0,0,0,0,0,0,1,0,0
591,1768,2,8327376,8395424,0,0,0,0,0,0,0,0,0
591,1769,3,8327452,8395424,0,0,0,0,0,0,0,0,0
592,1770,1,8327300,8395940,0,0,0,0,0,0,1,0,0
592,1771,2,8327376,8395424,0,0,0,0,0,0,0,0,0
592,1772,3,8327452,8395424,0,0,0,0,0,0,0,0,0
593,1773,1,8327300,8395940,0,0,0,0,0,0,1,0,0
593,1774,2,8327376,8395424,0,0,0,0,0,0,0,0,0
593,1775,3,8327452,8395424,0,0,0,0,0,0,0,0,0
594,1776,1,8327300,8395940,0,0,0,0,0,0,1,0,0
594,1777,2,8327376,8395424,0,0,0,0,0,0,0,0,0
594,1778,3,8327452,8395424,0,0,0,0,0,0,0,0,0
595,1779,1,8327300,8395940,0,0,0,0,0,0,1,0,0
595,1780,2,8327376,8395424,0,0,0,0,0,0,0,0,0
595,1781,3,8327452,8395424,0,0,0,0,0,0,0,0,0
596,1782,1,8327300,8395940,0,0,0,0,0,0,1,0,0
596,1783,2,8327376,8395424,0,0,0,0,0,0,0,0,0
596,1784,3,8327452,8395424,0,0,0,0,0,0,0,0,0
597,1785,1,8327300,8395940,0,0,0,0,0,0,1,0,0
597,1786,2,8327376,8395424,0,0,0,0,0,0,0,0,0
597,1787,3,8327452,8395424,0,0,0,0,0,0,0,0,0
598,1788,1,8327300,8395940,0,0,0,0,0,0,1,0,0
598,1789,2,8327376,8395424,0,0,0,0,0,0,0,0,0
598,1790,3,8327452,8395424,0,0,0,0,0,0,0,0,0
599,1791,1,8327300,8395940,0,0,0,0,0,0,1,0,0
599,1792,2,8327376,8395424,0,0,0,0,0,0,0,0,0
599,1793,3,8327452,8395424,0,0,0,0,0,0,0,0,0
600,1794,1,8327300,8395940,0,0,0,0,0,0,1,0,0
600,1795,2,8327376,8395424,0,0,0,0,0,0,0,0,0
600,1796,3,8327452,8395424,0,0,0,0,0,0,0,0,0
601,1797,1,8327300,8395940,0,0,0,0,0,0,1,0,0
601,1798,2,8327376,8395424,0,0,0,0,0,0,0,0,0
601,1799,3,8327452,8395424,0,0,0,0,0,0,0,0,0
602,1800,1,8327300,8395940,0,0,0,0,0,0,1,0,0
602,1801,2,8327376,8395424,0,0,0,0,0,0,0,0,0
602,1802,3,8327452,8395424,0,0,0,0,0,0,0,0,0
603,1803,1,8327300,8395940,0,0,0,0,0,0,1,0,0
603,1804,2,8327376,8395424,0,0,0,0,0,0,0,0,0
603,1805,3,8327452,8395424,0,0,0,0,0,0,0,0,0
604,1806,1,8327300,8395940,0,0,0,0,0,0,1,0,0
604,1807,2,8327376,8395424,0,0,0,0,0,0,0,0,0
604,1808,3,8327452,8395424,0,0,0,0,0,0,0,0,0
605,1809,1,8327300,8395940,0,0,0,0,0,0,1,0,0
605,1810,2,8327376,8395424,0,0,0,0,0,0,0,0,0
605,1811,3,8327452,8395424,0,0,0,0,0,0,0,0,0
606,1812,1,8327300,8395940,0,0,0,0,0,0,1,0,0
606,1813,2,8327376,8395424,0,0,0,0,0,0,0,0,0
606,1814,3,8327452,8395424,0,0,0,0,0,0,0,0,0
607,1815,1,8327300,8395940,0,0,0,0,0,0,1,0,0
607,1816,2,8327376,8395424,0,0,0,0,0,0,0,0,0
607,1817,3,8327452,8395424,0,0,0,0,0,0,0,0,0
608,1818,1,8327300,8395940,0,0,0,0,0,0,1,0,0
608,1819,2,8327376,8395424,0,0,0,0,0,0,0,0,0
608,1820,3,8327452,8395424,0,0,0,0,0,0,0,0,0
609,1821,1,8327300,8395940,0,0,0,0,0,0,1,0,0
609,1822,2,8327376,8395424,0,0,0,0,0,0,0,0,0
609,1823,3,8327452,8395424,0,0,0,0,0,0,0,0,0
610,1824,1,8327300,8395940,0,0,0,0,0,0,1,0,0
610,1825,2,8327376,8395424,0,0,0,0,0,0,0,0,0
610,1826,3,8327452,8395424,0,0,0,0,0,0,0,0,0
611,1827,1,8327300,8395940,0,0,0,0,0,0,1,0,0
611,1828,2,8327376,8395424,0,0,0,0,0,0,0,0,0
611,1829,3,8327452,8395424,0,0,0,0,0,0,0,0,0
612,1830,1,8327300,8395940,0,0,0,0,0,0,1,0,0
612,1831,2,8327376,8395424,0,0,0,0,0,0,0,0,0
612,1832,3,8327452,8395424,0,0,0,0,0,0,0,0,0
613,1833,1,8327300,8395940,0,0,0,0,0,0,1,0,0
613,1834,2,8327376,8395424,0,0,0,0,0,0,0,0,0
613,1835,3,8327452,8395424,0,0,0,0,0,0,0,0,0
614,1836,1,8327300,8395940,0,0,0,0,0,0,1,0,0
614,1837,2,8327376,8395424,0,0,0,0,0,0,0,0,0
614,1838,3,8327452,8395424,0,0,0,0,0,0,0,0,0
615,1839,1,8327300,8395940,0,0,0,0,0,0,1,0,0
615,1840,2,8327376,8395424,0,0,0,0,0,0,0,0,0
615,1841,3,8327452,8395424,0,0,0,0,0,0,0,0,0
616,1842,1,8327300,8395940,0,0,0,0,0,0,1,0,0
616,1843,2,8327376,8395424,0,0,0,0,0,0,0,0,0
616,1844,3,8327452,8395424,0,0,0,0,0,0,0,0,0
617,1845,1,8327300,8395940,0,0,0,0,0,0,1,0,0
617,1846,2,8327376,8395424,0,0,0,0,0,0,0,0,0
617,1847,3,8327452,8395424,0,0,0,0,0,0,0,0,0
618,1848,1,8327300,8395940,0,0,0,0,0,0,1,0,0
618,1849,2,8327376,8395424,0,0,0,0,0,0,0,0,0
618,1850,3,8327452,8395424,0,0,0,0,0,0,0,0,0
619,1851,1,8327300,8395940,0,0,0,0,0,0,1,0,0
619,1852,2,8327376,8395424,0,0,0,0,0,0,0,0,0
619,1853,3,8327452,8395424,0,0,0,0,0,0,0,0,0
620,1854,1,8327300,8395940,0,0,0,0,0,0,1,0,0
620,1855,2,8327376,8395424,0,0,0,0,0,0,0,0,0
620,1856,3,8327452,8395424,0,0,0,0,0,0,0,0,0
621,1857,1,8327300,8395940,0,0,0,0,0,0,1,0,0
621,1858,2,8327376,8395424,0,0,0,0,0,0,0,0,0
621,1859,3,8327452,8395424,0,0,0,0,0,0,0,0,0
622,1860,1,8327300,8395940,0,0,0,0,0,0,1,0,0
622,1861,2,8327376,8395424,0,0,0,0,0,0,0,0,0
622,1862,3,8327452,8395424,0,0,0,0,0,0,0,0,0
623,1863,1,8327300,8395940,0,0,0,0,0,0,1,0,0
623,1864,2,8327376,8395424,0,0,0,0,0,0,0,0,0
623,1865,3,8327452,8395424,0,0,0,0,0,0,0,0,0
624,1866,1,8327300,8395940,0,0,0,0,0,0,1,0,0
624,1867,2,8327376,8395424,0,0,0,0,0,0,0,0,0
624,1868,3,8327452,8395424,0,0,0,0,0,0,0,0,0
625,1869,1,8327300,8395940,0,0,0,0,0,0,1,0,0
625,1870,2,8327376,8395424,0,0,0,0,0,0,0,0,0
625,1871,3,8327452,8395424,0,0,0,0,0,0,0,0,0
626,1872,1,8327300,8395940,0,0,0,0,0,0,1,0,0
626,1873,2,8327376,8395424,0,0,0,0,0,0,0,0,0
626,1874,3,8327452,8395424,0,0,0,0,0,0,0,0,0
627,1875,1,8327300,8395940,0,0,0,0,0,0,1,0,0
627,1876,2,8327376,8395424,0,0,0,0,0,0,0,0,0
627,1877,3,8327452,8395424,0,0,0,0,0,0,0,0,0
628,1878,1,8327300,8395940,0,0,0,0,0,0,1,0,0
628,1879,2,8327376,8395424,0,0,0,0,0,0,0,0,0
628,1880,3,8327452,8395424,0,0,0,0,0,0,0,0,0
629,1881,1,8327300,8395940,0,0,0,0,0,0,1,0,0
629,1882,2,8327376,8395424,0,0,0,0,0,0,0,0,0
629,1883,3,8327452,8395424,0,0,0,0,0,0,0,0,0
630,1884,1,8327300,8395940,0,0,0,0,0,0,1,0,0
630,1885,2,8327376,8395424,0,0,0,0,0,0,0,0,0
630,1886,3,8327452,8395424,0,0,0,0,0,0,0,0,0
631,1887,1,8327300,8395940,0,0,0,0,0,0,1,0,0
631,1888,2,8327376,8395424,0,0,0,0,0,0,0,0,0
631,1889,3,8327452,8395424,0,0,0,0,0,0,0,0,0
632,1890,1,8327300,8395940,0,0,0,0,0,0,1,0,0
632,1891,2,8327376,8395424,0,0,0,0,0,0,0,0,0
632,1892,3,8327452,8395424,0,0,0,0,0,0,0,0,0
633,1893,1,8327300,8395940,0,0,0,0,0,0,1,0,0
633,1894,2,8327376,8395424,0,0,0,0,0,0,0,0,0
633,1895,3,8327452,8395424,0,0,0,0,0,0,0,0,0
634,1896,1,8327300,8395940,0,0,0,0,0,0,1,0,0
634,1897,2,8327376,8395424,0,0,0,0,0,0,0,0,0
634,1898,3,8327452,8395424,0,0,0,0,0,0,0,0,0
635,1899,1,8327300,8395940,0,0,0,0,0,0,1,0,0
635,1900,2,8327376,8395424,0,0,0,0,0,0,0,0,0
635,1901,3,8327452,8395424,0,0,0,0,0,0,0,0,0
636,1902,1,8327300,8395940,0,0,0,0,0,0,1,0,0
636,1903,2,8327376,8395424,0,0,0,0,0,0,0,0,0
636,1904,3,8327452,8395424,0,0,0,0,0,0,0,0,0
637,1905,1,8327300,8395940,0,0,0,0,0,0,1,0,0
637,1906,2,8327376,8395424,0,0,0,0,0,0,0,0,0
637,1907,3,8327452,8395424,0,0,0,0,0,0,0,0,0
638,1908,1,8327300,8395940,0,0,0,0,0,0,1,0,0
638,1909,2,8327376,8395424,0,0,0,0,0,0,0,0,0
638,1910,3,8327452,8395424,0,0,0,0,0,0,0,0,0
639,1911,1,8327300,8395940,0,0,0,0,0,0,1,0,0
639,1912,2,8327376,8395424,0,0,0,0,0,0,0,0,0
639,1913,3,8327452,8395424,0,0,0,0,0,0,0,0,0
640,1914,1,8327300,8395940,0,0,0,0,0,0,1,0,0
640,1915,2,8327376,8395424,0,0,0,0,0,0,0,0,0
640,1916,3,8327452,8395424,0,0,0,0,0,0,0,0,0
641,1917,1,8327300,8395940,0,0,0,0,0,0,1,0,0
641,1918,2,8327376,8395424,0,0,0,0,0,0,0,0,0
641,1919,3,8327452,8395424,0,0,0,0,0,0,0,0,0
642,1920,1,8327300,8395940,0,0,0,0,0,0,1,0,0
642,1921,2,8327376,8395424,0,0,0,0,0,0,0,0,0
642,1922,3,8327452,8395424,0,0,0,0,0,0,0,0,0
643,1923,1,8327300,8395940,0,0,0,0,0,0,1,0,0
643,1924,2,8327376,8395424,0,0,0,0,0,0,0,0,0
643,1925,3,8327452,8395424,0,0,0,0,0,0,0,0,0
644,1926,1,8327300,8395940,0,0,0,0,0,0,1,0,0
644,1927,2,8327376,8395424,0,0,0,0,0,0,0,0,0
644,1928,3,8327452,8395424,0,0,0,0,0,0,0,0,0
645,1929,1,8327300,8395940,0,0,0,0,0,0,1,0,0
645,1930,2,8327376,8395424,0,0,0,0,0,0,0,0,0
645,1931,3,8327452,8395424,0,0,0,0,0,0,0,0,0
646,1932,1,8327300,8395940,0,0,0,0,0,0,1,0,0
646,1933,2,8327376,8395424,0,0,0,0,0,0,0,0,0
646,1934,3,8327452,8395424,0,0,0,0,0,0,0,0,0
647,1935,1,8327300,8395940,0,0,0,0,0,0,1,0,0
647,1936,2,8327376,8395424,0,0,0,0,0,0,0,0,0
647,1937,3,8327452,8395424,0,0,0,0,0,0,0,0,0
648,1938,1,8327300,8395940,0,0,0,0,0,0,1,0,0
648,1939,2,8327376,8395424,0,0,0,0,0,0,0,0,0
648,1940,3,8327452,8395424,0,0,0,0,0,0,0,0,0
649,1941,1,8327300,8395940,0,0,0,0,0,0,1,0,0
649,1942,2,8327376,8395424,0,0,0,0,0,0,0,0,0
649,1943,3,8327452,8395424,0,0,0,0,0,0,0,0,0
650,1944,1,8327300,8395940,0,0,0,0,0,0,1,0,0
650,1945,2,8327376,8395424,0,0,0,0,0,0,0,0,0
650,1946,3,8327452,8395424,0,0,0,0,0,0,0,0,0
651,1947,1,8327300,8395940,0,0,0,0,0,0,1,0,0
651,1948,2,8327376,8395424,0,0,0,0,0,0,0,0,0
651,1949,3,8327452,8395424,0,0,0,0,0,0,0,0,0
652,1950,1,8327300,8395940,0,0,0,0,0,0,1,0,0
652,1951,2,8327376,8395424,0,0,0,0,0,0,0,0,0
652,1952,3,8327452,8395424,0,0,0,0,0,0,0,0,0
653,1953,1,8327300,8395940,0,0,0,0,0,0,1,0,0
653,1954,2,8327376,8395424,0,0,0,0,0,0,0,0,0
653,1955,3,8327452,8395424,0,0,0,0,0,0,0,0,0
654,1956,1,8327300,8395940,0,0,0,0,0,0,1,0,0
654,1957,2,8327376,8395424,0,0,0,0,0,0,0,0,0
654,1958,3,8327452,8395424,0,0,0,0,0,0,0,0,0
655,1959,1,8327300,8395940,0,0,0,0,0,0,1,0,0
655,1960,2,8327376,8395424,0,0,0,0,0,0,0,0,0
655,1961,3,8327452,8395424,0,0,0,0,0,0,0,0,0
656,1962,1,8327300,8395940,0,0,0,0,0,0,1,0,0
656,1963,2,8327376,8395424,0,0,0,0,0,0,0,0,0
656,1964,3,8327452,8395424,0,0,0,0,0,0,0,0,0
657,1965,1,8327300,8395940,0,0,0,0,0,0,1,0,0
657,1966,2,8327376,8395424,0,0,0,0,0,0,0,0,0
657,1967,3,8327452,8395424,0,0,0,0,0,0,0,0,0
658,1968,1,8327300,8395940,0,0,0,0,0,0,1,0,0
658,1969,2,8327376,8395424,0,0,0,0,0,0,0,0,0
658,1970,3,8327452,8395424,0,0,0,0,0,0,0,0,0
659,1971,1,8327300,8395940,0,0,0,0,0,0,1,0,0
659,1972,2,8327376,8395424,0,0,0,0,0,0,0,0,0
659,1973,3,8327452,8395424,0,0,0,0,0,0,0,0,0
660,1974,1,8327300,8395940,0,0,0,0,0,0,1,0,0
660,1975,2,8327376,8395424,0,0,0,0,0,0,0,0,0
660,1976,3,8327452,8395424,0,0,0,0,0,0,0,0,0
661,1977,1,8327300,8395940,0,0,0,0,0,0,1,0,0
661,1978,2,8327376,8395424,0,0,0,0,0,0,0,0,0
661,1979,3,8327452,8395424,0,0,0,0,0,0,0,0,0
662,1980,1,8327300,8395940,0,0,0,0,0,0,1,0,0
662,1981,2,8327376,8395424,0,0,0,0,0,0,0,0,0
662,1982,3,8327452,8395424,0,0,0,0,0,0,0,0,0
663,1983,1,8327300,8395940,0,0,0,0,0,0,1,0,0
663,1984,2,8327376,8395424,0,0,0,0,0,0,0,0,0
663,1985,3,8327452,8395424,0,0,0,0,0,0,0,0,0
664,1986,1,8327300,8395940,0,0,0,0,0,0,1,0,0
664,1987,2,8327376,8395424,0,0,0,0,0,0,0,0,0
664,1988,3,8327452,8395424,0,0,0,0,0,0,0,0,0
665,1989,1,8327300,8395940,0,0,0,0,0,0,1,0,0
665,1990,2,8327376,8395424,0,0,0,0,0,0,0,0,0
665,1991,3,8327452,8395424,0,0,0,0,0,0,0,0,0
666,1992,1,8327300,8395940,0,0,0,0,0,0,1,0,0
666,1993,2,8327376,8395424,0,0,0,0,0,0,0,0,0
666,1994,3,8327452,8395424,0,0,0,0,0,0,0,0,0
667,1995,1,8327300,8395940,0,0,0,0,0,0,1,0,0
667,1996,2,8327376,8395424,0,0,0,0,0,0,0,0,0
667,1997,3,8327452,8395424,0,0,0,0,0,0,0,0,0
668,1998,1,8327300,8395940,0,0,0,0,0,0,1,0,0
668,1999,2,8327376,8395424,0,0,0,0,0,0,0,0,0
668,2000,3,8327452,8395424,0,0,0,0,0,0,0,0,0
669,2001,1,8327300,8395940,0,0,0,0,0,0,1,0,0
669,2002,2,8327376,8395424,0,0,0,0,0,0,0,0,0
669,2003,3,8327452,8395424,0,0,0,0,0,0,0,0,0
670,2004,1,8327300,8395940,0,0,0,0,0,0,1,0,0
670,2005,2,8327376,8395424,0,0,0,0,0,0,0,0,0
670,2006,3,8327452,8395424,0,0,0,0,0,0,0,0,0
671,2007,1,8327300,8395940,0,0,0,0,0,0,1,0,0
671,2008,2,8327376,8395424,0,0,0,0,0,0,0,0,0
671,2009,3,8327452,8395424,0,0,0,0,0,0,0,0,0
672,2010,1,8327300,8395940,0,0,0,0,0,0,1,0,0
672,2011,2,8327376,8395424,0,0,0,0,0,0,0,0,0
672,2012,3,8327452,8395424,0,0,0,0,0,0,0,0,0
673,2013,1,8327300,8395940,0,0,0,0,0,0,1,0,0
673,2014,2,8327376,8395424,0,0,0,0,0,0,0,0,0
673,2015,3,8327452,8395424,0,0,0,0,0,0,0,0,0
674,2016,1,8327300,8395940,0,0,0,0,0,0,1,0,0
674,2017,2,8327376,8395424,0,0,0,0,0,0,0,0,0
674,2018,3,8327452,8395424,0,0,0,0,0,0,0,0,0
675,2019,1,8327300,8395940,0,0,0,0,0,0,1,0,0
675,2020,2,8327376,8395424,0,0,0,0,0,0,0,0,0
675,2021,3,8327452,8395424,0,0,0,0,0,0,0,0,0
676,2022,1,8327300,8395940,0,0,0,0,0,0,1,0,0
676,2023,2,8327376,8395424,0,0,0,0,0,0,0,0,0
676,2024,3,8327452,8395424,0,0,0,0,0,0,0,0,0
677,2025,1,8327300,8395940,0,0,0,0,0,0,1,0,0
677,2026,2,8327376,8395424,0,0,0,0,0,0,0,0,0
677,2027,3,8327452,8395424,0,0,0,0,0,0,0,0,0
678,2028,1,8327300,8395940,0,0,0,0,0,0,1,0,0
678,2029,2,8327376,8395424,0,0,0,0,0,0,0,0,0
678,2030,3,8327452,8395424,0,0,0,0,0,0,0,0,0
679,2031,1,8327300,8395940,0,0,0,0,0,0,1,0,0
679,2032,2,8327376,8395424,0,0,0,0,0,0,0,0,0
679,2033,3,8327452,8395424,0,0,0,0,0,0,0,0,0
680,2034,1,8327300,8395940,0,0,0,0,0,0,1,0,0
680,2035,2,8327376,8395424,0,0,0,0,0,0,0,0,0
680,2036,3,8327452,8395424,0,0,0,0,0,0,0,0,0
681,2037,1,8327300,8395940,0,0,0,0,0,0,1,0,0
681,2038,2,8327376,8395424,0,0,0,0,0,0,0,0,0
681,2039,3,8327452,8395424,0,0,0,0,0,0,0,0,0
682,2040,1,8327300,8395940,0,0,0,0,0,0,1,0,0
682,2041,2,8327376,8395424,0,0,0,0,0,0,0,0,0
682,2042,3,8327452,8395424,0,0,0,0,0,0,0,0,0
683,2043,1,8327300,8395940,0,0,0,0,0,0,1,0,0
683,2044,2,8327376,8395424,0,0,0,0,0,0,0,0,0
683,2045,3,8327452,8395424,0,0,0,0,0,0,0,0,0
684,2046,1,8327300,8395940,0,0,0,0,0,0,1,0,0
684,2047,2,8327376,8395424,0,0,0,0,0,0,0,0,0
684,2048,3,8327452,8395424,0,0,0,0,0,0,0,0,0
797,2049,1,8327300,8395424,0,0,0,255,0,0,0,0,0
797,2050,2,8327376,8395424,0,0,0,255,0,0,0,0,0
797,2051,3,8327452,8395424,0,0,0,255,0,0,0,0,0
798,2052,1,8327300,8395424,1,0,0,255,0,0,0,0,0
798,2053,2,8327376,8395424,11,0,0,255,0,0,0,0,0
798,2054,3,8327452,8395424,4,0,0,255,0,0,0,0,0
799,2055,1,8327300,8395424,2,0,0,255,0,0,0,0,0
799,2056,2,8327376,8395424,23,0,0,255,0,0,0,0,0
799,2057,3,8327452,8395424,9,0,0,255,0,0,0,0,0
800,2058,1,8327300,8395424,4,0,0,255,0,0,0,0,0
800,2059,2,8327376,8395424,35,0,0,255,0,0,0,0,0
800,2060,3,8327452,8395424,14,0,0,255,0,0,0,0,0
801,2061,1,8327300,8395424,4,0,0,255,0,0,0,0,0
801,2062,2,8327376,8395424,46,0,0,255,0,0,0,0,0
801,2063,3,8327452,8395424,19,0,0,255,0,0,0,0,0
802,2064,1,8327300,8395424,6,0,0,255,0,0,0,0,0
802,2065,2,8327376,8395424,56,0,0,255,0,0,0,0,0
802,2066,3,8327452,8395424,23,0,0,255,0,0,0,0,0
803,2067,1,8327300,8395424,8,0,0,255,0,0,0,0,0
803,2068,2,8327376,8395424,64,0,0,255,0,0,0,0,0
803,2069,3,8327452,8395424,26,0,0,255,0,0,0,0,0
804,2070,1,8327300,8395424,8,0,0,255,0,0,0,0,0
804,2071,2,8327376,8395424,66,0,0,255,0,0,0,0,0
804,2072,3,8327452,8395424,27,0,0,255,0,0,0,0,0
805,2073,1,8327300,8395424,9,0,0,255,0,0,0,0,0
805,2074,2,8327376,8395424,63,0,0,255,0,0,0,0,0
805,2075,3,8327452,8395424,26,0,0,255,0,0,0,0,0
806,2076,1,8327300,8395424,8,0,0,255,0,0,0,0,0
806,2077,2,8327376,8395424,59,0,0,255,0,0,0,0,0
806,2078,3,8327452,8395424,24,0,0,255,0,0,0,0,0
807,2079,1,8327300,8395424,9,0,0,255,0,0,0,0,0
807,2080,2,8327376,8395424,56,0,0,255,0,0,0,0,0
807,2081,3,8327452,8395424,23,0,0,255,0,0,0,0,0
808,2082,1,8327300,8395424,9,0,0,255,0,0,0,0,0
808,2083,2,8327376,8395424,53,0,0,255,0,0,0,0,0
808,2084,3,8327452,8395424,21,0,0,255,0,0,0,0,0
809,2085,1,8327300,8395424,7,0,0,255,0,0,0,0,0
809,2086,2,8327376,8395424,49,0,0,255,0,0,0,0,0
809,2087,3,8327452,8395424,20,0,0,255,0,0,0,0,0
810,2088,1,8327300,8395424,8,0,0,255,0,0,0,0,0
810,2089,2,8327376,8395424,46,0,0,255,0,0,0,0,0
810,2090,3,8327452,8395424,19,0,0,255,0,0,0,0,0
811,2091,1,8327300,8395424,8,0,0,255,0,0,0,0,0
811,2092,2,8327376,8395424,43,0,0,255,0,0,0,0,0
811,2093,3,8327452,8395424,17,0,0,255,0,0,0,0,0
812,2094,1,8327300,8395424,7,0,0,255,0,0,0,0,0
812,2095,2,8327376,8395424,40,0,0,255,0,0,0,0,0
812,2096,3,8327452,8395424,19,0,0,255,0,0,0,0,0
813,2097,1,8327300,8395424,8,0,0,255,0,0,0,0,0
813,2098,2,8327376,8395424,37,0,0,255,0,0,0,0,0
813,2099,3,8327452,8395424,17,0,0,255,0,0,0,0,0
814,2100,1,8327300,8395424,7,0,0,255,0,0,0,0,0
814,2101,2,8327376,8395424,34,0,0,255,0,0,0,0,0
814,2102,3,8327452,8395424,13,0,0,255,0,0,0,0,0
815,2103,1,8327300,8395424,7,0,0,255,0,0,0,0,0
815,2104,2,8327376,8395424,31,0,0,255,0,0,0,0,0
815,2105,3,8327452,8395424,15,0,0,255,0,0,0,0,0
816,2106,1,8327300,8395424,7,0,0,255,0,0,0,0,0
816,2107,2,8327376,8395424,29,0,0,255,0,0,0,0,0
816,2108,3,8327452,8395424,13,0,0,255,0,0,0,0,0
817,2109,1,8327300,8395424,6,0,0,255,0,0,0,0,0
817,2110,2,8327376,8395424,26,0,0,255,0,0,0,0,0
817,2111,3,8327452,8395424,15,0,0,255,0,0,0,0,0
818,2112,1,8327300,8395424,8,0,0,255,0,0,0,0,0
818,2113,2,8327376,8395424,23,0,0,255,0,0,0,0,0
818,2114,3,8327452,8395424,11,0,0,255,0,0,0,0,0
819,2115,1,8327300,8395424,8,0,0,255,0,0,0,0,0
819,2116,2,8327376,8395424,21,0,0,255,0,0,0,0,0
819,2117,3,8327452,8395424,12,0,0,255,0,0,0,0,0
820,2118,1,8327300,8395424,7,0,0,255,0,0,0,0,0
820,2119,2,8327376,8395424,15,255,0,255,255,0,0,1440,3
820,2120,3,8327452,8395424,11,0,0,255,0,0,0,0,0
821,2121,1,8327300,8395424,7,0,0,255,0,0,0,0,0
821,2122,2,8327376,8395424,10,255,0,255,255,0,0,1390,3
821,2123,3,8327452,8395424,13,0,0,255,0,0,0,0,0
822,2124,1,8327300,8395424,5,0,0,255,0,0,0,0,0
822,2125,2,8327376,8395424,5,255,0,255,255,0,0,1340,3
822,2126,3,8327452,8395424,8,0,0,255,0,0,0,0,0
823,2127,1,8327300,8395424,8,0,0,255,0,0,0,0,0
823,2128,2,8327376,8395424,0,255,0,255,255,0,0,1290,3
823,2129,3,8327452,8395424,7,0,0,255,0,0,0,0,0
824,2130,1,8327300,8395424,0,0,0,255,0,0,0,0,0
824,2131,2,8327376,8395424,0,255,0,255,255,0,0,1240,3
824,2132,3,8327452,8395424,10,0,0,255,0,0,0,0,0
825,2133,1,8327300,8395424,0,0,0,255,0,0,0,0,0
825,2134,2,8327376,8395424,0,255,0,255,255,0,0,1190,3
825,2135,3,8327452,8395424,8,0,0,255,0,0,0,0,0
826,2136,1,8327300,8395424,0,0,0,255,0,0,0,0,0
826,2137,2,8327376,8395424,0,255,0,255,255,0,0,1140,3
826,2138,3,8327452,8395424,7,0,0,255,0,0,0,0,0
827,2139,1,8327300,8395424,9,0,0,255,0,0,0,0,0
827,2140,2,8327376,8395424,0,255,0,255,255,0,0,1090,3
827,2141,3,8327452,8395424,10,0,0,255,0,0,0,0,0
828,2142,1,8327300,8395424,10,0,0,255,0,0,0,0,0
828,2143,2,8327376,8395424,0,255,0,255,255,0,0,1040,3
828,2144,3,8327452,8395424,0,0,0,255,0,0,0,0,0
829,2145,1,8327300,8395424,8,0,0,255,0,0,0,0,0
829,2146,2,8327376,8395424,0,255,0,255,255,0,0,990,3
829,2147,3,8327452,8395424,9,0,0,255,0,0,0,0,0
830,2148,1,8327300,8395424,7,0,0,255,0,0,0,0,0
830,2149,2,8327376,8395424,0,255,0,255,255,0,0,940,3
830,2150,3,8327452,8395424,0,0,0,255,0,0,0,0,0
831,2151,1,8327300,8395424,0,0,0,255,0,0,0,0,0
831,2152,2,8327376,8395424,0,255,0,255,255,0,0,890,3
831,2153,3,8327452,8395424,0,0,0,255,0,0,0,0,0
832,2154,1,8327300,8395424,8,0,0,255,0,0,0,0,0
832,2155,2,8327376,8395424,0,255,0,255,255,0,0,840,3
832,2156,3,8327452,8395424,10,0,0,255,0,0,0,0,0
833,2157,1,8327300,8395424,9,0,0,255,0,0,0,0,0
833,2158,2,8327376,8395424,0,255,0,255,255,0,0,790,3
833,2159,3,8327452,8395424,12,0,0,255,0,0,0,0,0
834,2160,1,8327300,8395424,9,0,0,255,0,0,0,0,0
834,2161,2,8327376,8395424,0,255,0,255,255,0,0,740,3
834,2162,3,8327452,8395424,11,0,0,255,0,0,0,0,0
835,2163,1,8327300,8395424,0,0,0,255,0,0,0,0,0
835,2164,2,8327376,8395424,0,255,0,255,255,0,0,690,3
835,2165,3,8327452,8395424,0,0,0,255,0,0,0,0,0
836,2166,1,8327300,8395424,10,0,0,255,0,0,0,0,0
836,2167,2,8327376,8395424,0,0,0,255,0,0,0,640,0
836,2168,3,8327452,8395424,178,0,0,255,0,0,0,0,3
837,2169,1,8327300,8395424,9,0,0,255,0,0,0,0,0
837,2170,2,8327376,8395424,0,0,0,255,0,0,0,590,0
837,2171,3,8327452,8395424,227,0,0,0,255,0,0,0,3
838,2172,1,8327300,8395424,8,0,0,255,0,0,0,0,0
838,2173,2,8327376,8395424,0,0,0,255,0,0,0,540,0
838,2174,3,8327452,8395424,255,0,0,255,255,0,0,0,3
839,2175,1,8327300,8395424,0,0,0,255,0,0,0,0,0
839,2176,2,8327376,8395424,0,0,0,255,0,0,0,490,0
839,2177,3,8327452,8395424,191,0,0,255,0,0,0,0,0
840,2178,1,8327300,8395424,11,0,0,255,0,0,0,0,0
840,2179,2,8327376,8395424,0,0,0,255,0,0,0,440,0
840,2180,3,8327452,8395424,127,0,0,255,0,0,0,0,0
841,2181,1,8327300,8395424,0,0,0,255,0,0,0,0,0
841,2182,2,8327376,8395424,0,255,0,255,255,0,0,390,3
841,2183,3,8327452,8395424,0,0,0,0,255,0,0,0,0
842,2184,1,8327300,8395424,12,0,0,255,0,0,0,0,0
842,2185,2,8327376,8395424,0,255,0,255,255,0,0,340,3
842,2186,3,8327452,8395424,0,0,0,0,255,0,0,0,0
843,2187,1,8327300,8395424,0,0,0,255,0,0,0,0,0
843,2188,2,8327376,8395424,0,0,0,255,0,0,0,290,0
843,2189,3,8327452,8395424,0,0,0,0,255,0,0,0,0
844,2190,1,8327300,8395424,13,0,0,255,0,0,0,0,0
844,2191,2,8327376,8395424,0,0,0,255,0,0,0,240,0
844,2192,3,8327452,8395424,0,0,0,0,255,0,0,0,0
845,2193,1,8327300,8395424,0,0,0,255,0,0,0,0,0
845,2194,2,8327376,8395424,0,0,0,255,0,0,0,190,0
845,2195,3,8327452,8395424,0,0,0,0,255,0,0,0,0
846,2196,1,8327300,8395424,10,0,0,255,0,0,0,0,0
846,2197,2,8327376,8395424,0,6,0,255,0,0,0,140,0
846,2198,3,8327452,8395424,0,0,0,0,255,0,0,0,0
847,2199,1,8327300,8395424,12,0,0,255,0,0,0,0,0
847,2200,2,8327376,8395424,0,8,0,255,0,0,0,90,0
847,2201,3,8327452,8395424,0,0,0,0,255,0,0,0,0
848,2202,1,8327300,8395424,8,0,0,255,0,0,0,0,0
848,2203,2,8327376,8395424,0,9,0,255,0,0,0,40,0
848,2204,3,8327452,8395424,0,0,0,0,255,0,0,0,0
849,2205,1,8327300,8395424,7,0,0,255,0,0,0,0,0
849,2206,2,8327376,8395424,0,11,0,255,0,0,0,0,0
849,2207,3,8327452,8395424,0,0,0,0,255,0,0,0,0
850,2208,1,8327300,8395424,10,0,0,255,0,0,0,0,0
850,2209,2,8327376,8395424,0,12,0,255,0,0,0,0,0
850,2210,3,8327452,8395424,0,0,0,0,255,0,0,0,0
851,2211,1,8327300,8395424,9,0,0,255,0,0,0,0,0
851,2212,2,8327376,8395424,0,6,0,255,0,0,0,0,0
851,2213,3,8327452,8395424,0,0,0,0,255,0,0,0,0
852,2214,1,8327300,8395424,0,0,0,255,0,0,0,0,0
852,2215,2,8327376,8395424,0,7,0,255,0,0,0,0,0
852,2216,3,8327452,8395424,0,0,0,0,255,0,0,0,0
853,2217,1,8327300,8395424,10,0,0,255,0,0,0,0,0
853,2218,2,8327376,8395424,0,7,0,255,0,0,0,0,0
853,2219,3,8327452,8395424,0,0,0,0,255,0,0,0,0
854,2220,1,8327300,8395424,9,0,0,255,0,0,0,0,0
854,2221,2,8327376,8395424,0,8,0,255,0,0,0,0,0
854,2222,3,8327452,8395424,0,0,0,0,255,0,0,0,0
855,2223,1,8327300,8395424,0,0,0,255,0,0,0,0,0
855,2224,2,8327376,8395424,0,9,0,255,0,0,0,0,0
855,2225,3,8327452,8395424,0,87,0,255,0,0,0,0,0
856,2226,1,8327300,8395424,8,0,0,255,0,0,0,0,0
856,2227,2,8327376,8395424,0,9,0,255,0,0,0,0,0
856,2228,3,8327452,8395424,0,83,0,255,0,0,0,0,0
857,2229,1,8327300,8395424,0,0,0,255,0,0,0,0,0
857,2230,2,8327376,8395424,0,9,0,255,0,0,0,1440,0
857,2231,3,8327452,8395424,0,85,0,255,0,0,0,0,0
858,2232,1,8327300,8398520,4,0,0,102,0,2,0,0,0
858,2233,2,8327376,8398520,0,6,0,102,0,2,0,1390,0
858,2234,3,8327452,8398520,0,126,0,102,0,2,0,0,0
859,2235,1,8327300,8398520,2,0,0,102,0,2,0,0,0
859,2236,2,8327376,8398520,0,4,0,102,0,2,0,1340,0
859,2237,3,8327452,8398520,0,121,0,102,0,2,0,0,0
860,2238,1,8327300,8398520,0,38,0,102,0,2,0,0,0
860,2239,2,8327376,8398520,0,2,0,102,0,2,0,1290,0
860,2240,3,8327452,8398520,0,117,0,102,0,2,0,0,0
861,2241,1,8327300,8398520,0,31,0,102,0,2,0,0,0
861,2242,2,8327376,8398520,7,0,0,102,0,2,0,1240,0
861,2243,3,8327452,8398520,0,115,0,102,0,2,0,0,0
862,2244,1,8327300,8398520,0,25,0,102,0,2,0,0,0
862,2245,2,8327376,8398520,7,0,0,102,0,2,0,1190,0
862,2246,3,8327452,8398520,0,114,0,102,0,2,0,0,0
863,2247,1,8327300,8398520,0,20,0,102,0,2,0,0,0
863,2248,2,8327376,8398520,7,0,0,102,0,2,0,1140,0
863,2249,3,8327452,8398520,0,112,0,102,0,2,0,0,0
864,2250,1,8327300,8398520,0,0,0,102,0,2,0,0,0
864,2251,2,8327376,8398520,8,0,0,102,0,2,0,1090,0
864,2252,3,8327452,8398520,0,111,0,102,0,2,0,0,0
865,2253,1,8327300,8398520,0,0,0,102,0,2,0,0,0
865,2254,2,8327376,8398520,8,0,0,102,0,2,0,1040,0
865,2255,3,8327452,8398520,0,91,0,102,0,2,0,0,0
866,2256,1,8327300,8398520,0,0,0,102,0,2,0,0,0
866,2257,2,8327376,8398520,8,0,0,102,0,2,0,990,0
866,2258,3,8327452,8398520,0,88,0,102,0,2,0,0,0
867,2259,1,8327300,8398520,0,0,0,102,0,2,0,0,0
867,2260,2,8327376,8398520,9,0,0,102,0,2,0,940,0
867,2261,3,8327452,8398520,0,87,0,102,0,2,0,0,0
868,2262,1,8327300,8398520,0,0,0,102,0,2,0,0,0
868,2263,2,8327376,8398520,9,0,0,102,0,2,0,890,0
868,2264,3,8327452,8398520,0,85,0,102,0,2,0,0,0
869,2265,1,8327300,8398520,0,0,0,102,0,2,0,0,0
869,2266,2,8327376,8398520,10,0,0,102,0,2,0,840,0
869,2267,3,8327452,8398520,0,82,0,102,0,2,0,0,0
870,2268,1,8327300,8398520,0,0,0,102,0,2,0,0,0
870,2269,2,8327376,8398520,10,0,0,102,0,2,0,790,0
870,2270,3,8327452,8398520,0,79,0,102,0,2,0,0,0
871,2271,1,8327300,8398520,0,0,0,102,0,2,0,0,0
871,2272,2,8327376,8398520,11,0,0,102,0,2,0,740,0
871,2273,3,8327452,8398520,0,76,0,102,0,2,0,0,0
872,2274,1,8327300,8398520,0,0,0,102,0,2,0,0,0
872,2275,2,8327376,8398520,11,0,0,102,0,2,0,690,0
872,2276,3,8327452,8398520,0,73,0,102,0,2,0,0,0
873,2277,1,8327300,8398520,0,0,0,102,0,2,0,0,0
873,2278,2,8327376,8398520,12,0,0,102,0,2,0,640,0
873,2279,3,8327452,8398520,0,68,0,102,0,2,0,0,0
874,2280,1,8327300,8398520,0,0,0,102,0,2,0,0,0
874,2281,2,8327376,8398520,13,0,0,102,0,2,0,590,0
874,2282,3,8327452,8398520,0,64,0,102,0,2,0,0,0
875,2283,1,8327300,8398520,0,0,0,102,0,2,0,0,0
875,2284,2,8327376,8398520,14,0,0,102,0,2,0,540,0
875,2285,3,8327452,8398520,0,60,0,102,0,2,0,0,0
876,2286,1,8327300,8398520,0,0,0,102,0,2,0,0,0
876,2287,2,8327376,8398520,14,0,0,102,0,2,0,490,0
876,2288,3,8327452,8398520,0,54,0,102,0,2,0,0,0
877,2289,1,8327300,8398520,0,0,0,102,0,2,0,0,0
877,2290,2,8327376,8398520,15,0,0,102,0,2,0,440,0
877,2291,3,8327452,8398520,0,50,0,102,0,2,0,0,0
878,2292,1,8327300,8398520,0,0,0,102,0,2,0,0,0
878,2293,2,8327376,8398520,13,0,0,102,0,2,0,390,0
878,2294,3,8327452,8398520,0,44,0,102,0,2,0,0,0
879,2295,1,8327300,8398520,0,0,0,102,0,2,0,0,0
879,2296,2,8327376,8398520,14,0,0,102,0,2,0,340,0
879,2297,3,8327452,8398520,0,39,0,102,0,2,0,0,0
880,2298,1,8327300,8398520,0,0,0,102,0,2,0,0,0
880,2299,2,8327376,8398520,15,0,0,102,0,2,0,290,0
880,2300,3,8327452,8398520,0,34,0,102,0,2,0,0,0
881,2301,1,8327300,8398520,0,0,0,102,0,2,0,0,0
881,2302,2,8327376,8398520,16,0,0,102,0,2,0,240,0
881,2303,3,8327452,8398520,0,29,0,102,0,2,0,0,0
882,2304,1,8327300,8398520,0,0,0,102,0,2,0,0,0
882,2305,2,8327376,8398520,17,0,0,102,0,2,0,190,0
882,2306,3,8327452,8398520,0,24,0,102,0,2,0,0,0
883,2307,1,8327300,8398520,0,0,0,102,0,2,0,0,0
883,2308,2,8327376,8398520,19,0,0,102,0,2,0,140,0
883,2309,3,8327452,8398520,0,19,0,102,0,2,0,0,0
884,2310,1,8327300,8398520,0,0,0,102,0,2,0,0,0
884,2311,2,8327376,8398520,20,0,0,102,0,2,0,90,0
884,2312,3,8327452,8398520,0,0,0,102,0,2,0,0,0
885,2313,1,8327300,8398520,0,0,0,102,0,2,0,0,0
885,2314,2,8327376,8398520,21,0,0,102,0,2,0,40,0
885,2315,3,8327452,8398520,0,0,0,102,0,2,0,0,0
886,2316,1,8327300,8398520,0,0,0,102,0,2,0,0,0
886,2317,2,8327376,8398520,22,0,0,102,0,2,0,0,0
886,2318,3,8327452,8398520,0,0,0,102,0,2,0,0,0
887,2319,1,8327300,8398520,0,0,0,102,0,2,0,0,0
887,2320,2,8327376,8398520,21,0,0,102,0,2,0,0,0
887,2321,3,8327452,8398520,0,0,0,102,0,2,0,0,0
888,2322,1,8327300,8398520,0,0,0,102,0,2,0,0,0
888,2323,2,8327376,8398520,19,0,0,102,0,2,0,0,0
888,2324,3,8327452,8398520,21,0,0,102,0,2,0,0,0
889,2325,1,8327300,8398520,0,0,0,102,0,2,0,0,0
889,2326,2,8327376,8398520,18,0,0,102,0,2,0,0,0
889,2327,3,8327452,8398520,20,0,0,102,0,2,0,0,0
890,2328,1,8327300,8398520,0,0,0,102,0,2,0,0,0
890,2329,2,8327376,8398520,19,0,0,102,0,2,0,0,0
890,2330,3,8327452,8398520,20,0,0,102,0,2,0,0,0
891,2331,1,8327300,8398520,0,0,0,102,0,2,0,0,0
891,2332,2,8327376,8398520,14,0,0,102,0,2,0,0,0
891,2333,3,8327452,8398520,0,0,0,102,0,2,0,0,0
892,2334,1,8327300,8398520,0,0,0,102,0,2,0,0,0
892,2335,2,8327376,8398520,12,0,0,102,0,2,0,0,0
892,2336,3,8327452,8398520,24,0,0,102,0,2,0,0,0
893,2337,1,8327300,8398520,0,0,0,102,0,2,0,0,0
893,2338,2,8327376,8398520,14,0,0,102,0,2,0,0,0
893,2339,3,8327452,8398520,24,0,0,102,0,2,0,0,0
894,2340,1,8327300,8398520,0,0,0,102,0,2,0,0,0
894,2341,2,8327376,8398520,12,0,0,102,0,2,0,0,0
894,2342,3,8327452,8398520,0,0,0,102,0,2,0,0,0
895,2343,1,8327300,8398520,0,0,0,102,0,2,0,0,0
895,2344,2,8327376,8398520,0,0,0,102,0,2,0,0,0
895,2345,3,8327452,8398520,0,0,0,102,0,2,0,0,0
896,2346,1,8327300,8398520,0,40,0,102,0,2,0,0,0
896,2347,2,8327376,8398520,16,0,0,102,0,2,0,0,0
896,2348,3,8327452,8398520,25,0,0,102,0,2,0,0,0
897,2349,1,8327300,8398520,0,0,0,102,0,2,0,0,0
897,2350,2,8327376,8398520,13,0,0,102,0,2,0,0,0
897,2351,3,8327452,8398520,0,0,0,102,0,2,0,0,0
898,2352,1,8327300,8398520,0,0,0,102,0,2,0,0,0
898,2353,2,8327376,8398520,0,0,0,102,0,2,0,0,0
898,2354,3,8327452,8398520,0,0,0,102,0,2,0,0,0
899,2355,1,8327300,8398520,0,0,0,102,0,2,0,0,0
899,2356,2,8327376,8398520,17,0,0,102,0,2,0,0,0
899,2357,3,8327452,8398520,0,0,0,102,0,2,0,0,0
900,2358,1,8327300,8398520,0,0,0,102,0,2,0,0,0
900,2359,2,8327376,8398520,0,0,0,102,0,2,0,0,0
900,2360,3,8327452,8398520,0,0,0,102,0,2,0,0,0
901,2361,1,8327300,8398520,0,0,0,102,0,2,0,0,0
901,2362,2,8327376,8398520,0,0,0,102,0,2,0,0,0
901,2363,3,8327452,8398520,0,0,0,102,0,2,0,0,0
902,2364,1,8327300,8398520,0,19,0,25,0,2,0,0,7
902,2365,2,8327376,8398520,22,0,0,102,0,2,0,0,0
902,2366,3,8327452,8398520,0,0,0,102,0,2,0,0,0
903,2367,1,8327300,8398520,0,18,0,25,0,2,0,0,7
903,2368,2,8327376,8398520,17,0,0,102,0,2,0,0,0
903,2369,3,8327452,8398520,0,0,0,102,0,2,0,0,0
904,2370,1,8327300,8398520,0,16,0,25,0,2,0,0,7
904,2371,2,8327376,8398520,0,0,0,102,0,2,0,0,0
904,2372,3,8327452,8398520,0,0,0,102,0,2,0,0,0
905,2373,1,8327300,8398520,0,15,0,25,0,2,0,0,7
905,2374,2,8327376,8398520,0,0,0,102,0,2,0,0,0
905,2375,3,8327452,8398520,0,0,0,102,0,2,0,0,0
906,2376,1,8327300,8398520,0,14,0,25,0,2,0,0,7
906,2377,2,8327376,8398520,0,0,0,102,0,2,0,0,0
906,2378,3,8327452,8398520,0,0,0,102,0,2,0,0,0
907,2379,1,8327300,8398520,0,13,0,25,0,2,0,0,7
907,2380,2,8327376,8398520,23,0,0,102,0,2,0,0,0
907,2381,3,8327452,8398520,0,0,0,102,0,2,0,0,0
908,2382,1,8327300,8398520,0,12,0,25,0,2,0,0,7
908,2383,2,8327376,8398520,0,0,0,102,0,2,0,0,0
908,2384,3,8327452,8398520,0,0,0,102,0,2,0,0,0
909,2385,1,8327300,8398520,0,11,0,25,0,2,0,0,7
909,2386,2,8327376,8398520,0,0,0,102,0,2,0,0,0
909,2387,3,8327452,8398520,0,0,0,102,0,2,0,0,0
910,2388,1,8327300,8398520,0,10,0,25,0,2,0,0,7
910,2389,2,8327376,8398520,0,0,0,102,0,2,0,0,0
910,2390,3,8327452,8398520,0,0,0,102,0,2,0,0,0
911,2391,1,8327300,8398520,0,10,0,25,0,2,0,0,7
911,2392,2,8327376,8398520,0,0,0,102,0,2,0,0,0
911,2393,3,8327452,8398520,0,0,0,102,0,2,0,0,0
912,2394,1,8327300,8398520,0,9,0,25,0,2,0,0,7
912,2395,2,8327376,8398520,31,0,0,102,0,2,0,0,0
912,2396,3,8327452,8398520,0,0,0,102,0,2,0,0,0
913,2397,1,8327300,8398520,0,9,0,25,0,2,0,0,7
913,2398,2,8327376,8398520,0,0,0,102,0,2,0,0,0
913,2399,3,8327452,8398520,43,0,0,102,0,2,0,0,0
914,2400,1,8327300,8398520,0,8,0,25,0,2,0,0,7
914,2401,2,8327376,8398520,0,0,0,102,0,2,0,0,0
914,2402,3,8327452,8398520,0,0,0,102,0,2,0,0,0
915,2403,1,8327300,8398520,0,8,0,25,0,2,0,0,7
915,2404,2,8327376,8398520,35,0,0,102,0,2,0,0,0
915,2405,3,8327452,8398520,0,0,0,102,0,2,0,0,0
916,2406,1,8327300,8398520,0,0,0,25,0,2,0,0,7
916,2407,2,8327376,8398520,0,0,0,102,0,2,0,0,0
916,2408,3,8327452,8398520,0,0,0,102,0,2,0,0,0
917,2409,1,8327300,8398520,0,0,0,25,0,2,0,0,7
917,2410,2,8327376,8398520,0,0,0,102,0,2,0,0,0
917,2411,3,8327452,8398520,0,0,0,102,0,2,0,0,0
918,2412,1,8327300,8398520,0,0,0,25,0,2,0,0,7
918,2413,2,8327376,8398520,0,0,0,102,0,2,0,0,0
918,2414,3,8327452,8398520,0,0,0,102,0,2,0,0,0
919,2415,1,8327300,8398520,0,0,0,25,0,2,0,0,7
919,2416,2,8327376,8398520,0,0,0,102,0,2,0,0,0
919,2417,3,8327452,8398520,45,0,0,102,0,2,0,0,0
920,2418,1,8327300,8399036,0,0,0,25,0,2,1,0,7
920,2419,2,8327376,8398520,37,0,0,102,0,2,0,0,0
920,2420,3,8327452,8398520,0,0,0,102,0,2,0,0,0
921,2421,1,8327300,8399036,0,0,0,25,0,2,1,0,7
921,2422,2,8327376,8398520,0,0,0,102,0,2,0,0,0
921,2423,3,8327452,8398520,0,0,0,102,0,2,0,0,0
922,2424,1,8327300,8399036,0,0,0,25,0,2,1,0,7
922,2425,2,8327376,8398520,0,0,0,102,0,2,0,0,0
922,2426,3,8327452,8398520,0,0,0,102,0,2,0,0,0
923,2427,1,8327300,8399036,0,0,0,25,0,2,1,0,7
923,2428,2,8327376,8398520,0,0,0,102,0,2,0,0,0
923,2429,3,8327452,8398520,0,0,0,102,0,2,0,0,0
924,2430,1,8327300,8399036,0,0,0,25,0,2,1,0,7
924,2431,2,8327376,8398520,0,0,0,102,0,2,0,0,0
924,2432,3,8327452,8398520,0,0,0,102,0,2,0,0,0
925,2433,1,8327300,8399036,0,0,0,25,0,2,1,0,7
925,2434,2,8327376,8398520,0,0,0,102,0,2,0,0,0
925,2435,3,8327452,8398520,0,0,0,102,0,2,0,0,0
926,2436,1,8327300,8399036,0,0,0,25,0,2,1,0,7
926,2437,2,8327376,8398520,0,0,0,102,0,2,0,0,0
926,2438,3,8327452,8398520,0,0,0,102,0,2,0,0,0
927,2439,1,8327300,8399036,0,0,0,25,0,2,1,0,7
927,2440,2,8327376,8398520,0,0,0,102,0,2,0,0,0
927,2441,3,8327452,8398520,0,0,0,102,0,2,0,0,0
928,2442,1,8327300,8399036,0,0,0,25,0,2,1,0,7
928,2443,2,8327376,8398520,0,0,0,102,0,2,0,0,0
928,2444,3,8327452,8398520,60,0,0,102,0,2,0,0,0
929,2445,1,8327300,8399036,0,0,0,25,0,2,1,0,7
929,2446,2,8327376,8398520,0,0,0,102,0,2,0,0,0
929,2447,3,8327452,8398520,0,0,0,102,0,2,0,0,0
930,2448,1,8327300,8399036,0,0,0,25,0,2,1,0,7
930,2449,2,8327376,8398520,0,0,0,102,0,2,0,0,0
930,2450,3,8327452,8398520,0,0,0,102,0,2,0,0,0
931,2451,1,8327300,8399036,0,0,0,25,0,2,1,0,7
931,2452,2,8327376,8398520,0,43,0,102,0,2,0,0,0
931,2453,3,8327452,8398520,0,0,0,102,0,2,0,0,0
932,2454,1,8327300,8399036,0,0,0,25,0,2,1,0,7
932,2455,2,8327376,8398520,0,42,0,102,0,2,0,0,0
932,2456,3,8327452,8398520,70,0,0,102,0,2,0,0,0
933,2457,1,8327300,8399036,0,0,0,25,0,2,1,0,7
933,2458,2,8327376,8398520,0,0,0,102,0,2,0,0,0
933,2459,3,8327452,8398520,0,0,0,102,0,2,0,0,0
934,2460,1,8327300,8399036,0,0,0,25,0,2,1,0,7
934,2461,2,8327376,8398520,0,0,0,102,0,2,0,0,0
934,2462,3,8327452,8398520,0,0,0,102,0,2,0,0,0
935,2463,1,8327300,8399036,0,0,0,25,0,2,1,0,7
935,2464,2,8327376,8398520,0,37,0,102,0,2,0,0,0
935,2465,3,8327452,8398520,17,0,0,102,0,2,0,0,0
936,2466,1,8327300,8399036,0,0,0,25,0,2,1,0,7
936,2467,2,8327376,8398520,0,40,0,102,0,2,0,0,0
936,2468,3,8327452,8398520,0,229,0,102,0,2,0,0,0
937,2469,1,8327300,8399036,0,0,0,25,0,2,1,0,7
937,2470,2,8327376,8398520,0,43,0,102,0,2,0,0,0
937,2471,3,8327452,8398520,0,98,0,102,0,2,0,0,0
938,2472,1,8327300,8399036,0,0,0,25,0,2,1,0,7
938,2473,2,8327376,8398520,0,47,0,102,0,2,0,0,0
938,2474,3,8327452,8398520,0,82,0,102,0,2,0,0,0
939,2475,1,8327300,8399036,0,0,0,25,0,2,1,0,7
939,2476,2,8327376,8398520,0,0,0,102,0,2,0,0,0
939,2477,3,8327452,8398520,0,0,0,102,0,2,0,0,0
940,2478,1,8327300,8399036,0,0,0,25,0,2,1,0,7
940,2479,2,8327376,8398520,0,0,0,102,0,2,0,0,0
940,2480,3,8327452,8398520,0,0,0,102,0,2,0,0,0
941,2481,1,8327300,8399036,0,0,0,25,0,2,1,0,7
941,2482,2,8327376,8398520,0,0,0,102,0,2,0,0,0
941,2483,3,8327452,8398520,0,81,0,102,0,2,0,0,0
942,2484,1,8327300,8399036,0,0,0,25,0,2,1,0,7
942,2485,2,8327376,8398520,0,53,0,102,0,2,0,0,0
942,2486,3,8327452,8398520,0,0,0,0,255,2,0,0,0
943,2487,1,8327300,8399036,0,0,0,25,0,2,1,0,7
943,2488,2,8327376,8398520,0,57,0,102,0,2,0,0,0
943,2489,3,8327452,8398520,0,0,0,0,255,2,0,0,0
944,2490,1,8327300,8399036,0,0,0,25,0,2,1,0,7
944,2491,2,8327376,8398520,0,61,0,102,0,2,0,0,0
944,2492,3,8327452,8398520,0,0,0,0,255,2,0,0,0
945,2493,1,8327300,8399036,0,0,0,25,0,2,1,0,7
945,2494,2,8327376,8398520,0,64,0,102,0,2,0,0,0
945,2495,3,8327452,8398520,0,0,0,0,255,2,0,0,0
946,2496,1,8327300,8399036,0,0,0,25,0,2,1,0,7
946,2497,2,8327376,8398520,0,0,0,102,0,2,0,0,0
946,2498,3,8327452,8398520,0,0,0,0,255,2,0,0,0
947,2499,1,8327300,8399036,0,0,0,25,0,2,1,0,7
947,2500,2,8327376,8398520,0,0,0,102,0,2,0,0,0
947,2501,3,8327452,8398520,0,0,0,0,255,2,0,0,0
948,2502,1,8327300,8399036,0,0,0,25,0,2,1,0,7
948,2503,2,8327376,8398520,0,0,0,102,0,2,0,0,0
948,2504,3,8327452,8398520,0,0,0,0,255,2,0,0,0
949,2505,1,8327300,8399036,0,0,0,25,0,2,1,0,7
949,2506,2,8327376,8398520,0,70,0,102,0,2,0,0,0
949,2507,3,8327452,8398520,0,0,0,0,255,2,0,0,0
950,2508,1,8327300,8399036,0,0,0,25,0,2,1,0,7
950,2509,2,8327376,8398520,0,79,0,102,0,2,0,0,0
950,2510,3,8327452,8398520,0,0,0,0,255,2,0,0,0
951,2511,1,8327300,8399036,0,0,0,25,0,2,1,0,7
951,2512,2,8327376,8398520,0,255,0,102,0,2,0,0,0
951,2513,3,8327452,8398520,0,0,0,0,255,2,0,0,0
952,2514,1,8327300,8399036,0,0,0,25,0,2,1,0,7
952,2515,2,8327376,8398520,0,191,0,102,0,2,0,0,0
952,2516,3,8327452,8398520,0,0,0,0,255,2,0,0,0
953,2517,1,8327300,8399036,0,0,0,25,0,2,1,0,7
953,2518,2,8327376,8398520,0,127,0,102,0,2,0,0,0
953,2519,3,8327452,8398520,0,0,0,0,255,2,0,0,0
954,2520,1,8327300,8399036,0,0,0,25,0,2,1,0,7
954,2521,2,8327376,8398520,0,0,0,102,0,2,0,0,0
954,2522,3,8327452,8398520,0,0,0,0,255,2,0,0,0
955,2523,1,8327300,8399036,0,0,0,25,0,2,1,0,7
955,2524,2,8327376,8398520,0,57,0,102,0,2,0,0,0
955,2525,3,8327452,8398520,0,0,0,0,255,2,0,0,0
956,2526,1,8327300,8399036,0,0,0,25,0,2,1,1440,7
956,2527,2,8327376,8398520,0,0,0,102,0,2,0,0,0
956,2528,3,8327452,8398520,0,0,0,0,255,2,0,1440,0
957,2529,1,8327300,8399036,0,0,0,25,0,2,1,1390,7
957,2530,2,8327376,8398520,0,0,0,102,0,2,0,0,0
957,2531,3,8327452,8398520,0,0,0,0,255,2,0,1390,0
958,2532,1,8327300,8399036,0,0,0,25,0,2,1,1340,7
958,2533,2,8327376,8398520,0,0,0,102,0,2,0,0,0
958,2534,3,8327452,8398520,0,0,0,0,255,2,0,1340,0
959,2535,1,8327300,8399036,0,9,0,25,0,2,1,1290,7
959,2536,2,8327376,8398520,53,0,0,102,0,2,0,0,0
959,2537,3,8327452,8398520,0,0,0,0,255,2,0,1290,0
960,2538,1,8327300,8399036,0,10,0,25,0,2,1,1240,7
960,2539,2,8327376,8398520,0,0,0,102,0,2,0,0,0
960,2540,3,8327452,8398520,0,0,0,0,255,2,0,1240,0
961,2541,1,8327300,8399036,0,11,0,25,0,2,1,1190,7
961,2542,2,8327376,8398520,0,0,0,102,0,2,0,0,0
961,2543,3,8327452,8398520,0,0,0,0,255,2,0,1190,0
962,2544,1,8327300,8399036,0,0,0,0,255,2,1,1140,7
962,2545,2,8327376,8398520,0,0,0,102,0,2,0,0,0
962,2546,3,8327452,8398520,0,0,0,0,255,2,0,1140,0
963,2547,1,8327300,8399036,0,0,0,0,255,2,1,1090,7
963,2548,2,8327376,8398520,0,0,0,102,0,2,0,0,0
963,2549,3,8327452,8398520,0,0,0,0,255,2,0,1090,0
964,2550,1,8327300,8399036,0,0,0,0,255,2,1,1040,7
964,2551,2,8327376,8398520,0,0,0,102,0,2,0,0,0
964,2552,3,8327452,8398520,0,0,0,0,255,2,0,1040,0
965,2553,1,8327300,8399036,0,0,0,0,255,2,1,990,7
965,2554,2,8327376,8398520,0,0,0,102,0,2,0,0,0
965,2555,3,8327452,8398520,0,0,0,0,255,2,0,990,0
966,2556,1,8327300,8399036,0,0,0,0,255,2,1,940,7
966,2557,2,8327376,8398520,0,0,0,102,0,2,0,0,0
966,2558,3,8327452,8398520,0,0,0,0,255,2,0,940,0
967,2559,1,8327300,8399036,0,0,0,0,255,2,1,890,7
967,2560,2,8327376,8398520,0,0,0,102,0,2,0,0,0
967,2561,3,8327452,8398520,0,0,0,0,255,2,0,890,0
968,2562,1,8327300,8399036,0,0,0,0,255,2,1,840,7
968,2563,2,8327376,8398520,0,0,0,102,0,2,0,0,0
968,2564,3,8327452,8398520,0,0,0,0,255,2,0,840,0
969,2565,1,8327300,8399036,0,0,0,0,255,2,1,790,7
969,2566,2,8327376,8398520,0,0,0,102,0,2,0,0,0
969,2567,3,8327452,8398520,0,0,0,0,255,2,0,790,0
970,2568,1,8327300,8399036,0,0,0,0,255,2,1,740,7
970,2569,2,8327376,8398520,0,0,0,102,0,2,0,0,0
970,2570,3,8327452,8398520,0,0,0,0,255,2,0,740,0
971,2571,1,8327300,8399036,0,0,0,0,255,2,1,690,7
971,2572,2,8327376,8398520,0,76,0,102,0,2,0,0,0
971,2573,3,8327452,8398520,0,0,0,0,255,2,0,690,0
972,2574,1,8327300,8399036,0,0,0,0,255,2,1,640,7
972,2575,2,8327376,8398520,0,66,0,102,0,2,0,0,0
972,2576,3,8327452,8398520,0,0,0,0,255,2,0,640,0
973,2577,1,8327300,8399036,0,0,0,0,255,2,1,590,7
973,2578,2,8327376,8398520,0,217,0,102,0,2,0,0,3
973,2579,3,8327452,8398520,0,0,0,0,255,2,0,590,0
974,2580,1,8327300,8399036,0,0,0,0,255,2,1,540,7
974,2581,2,8327376,8398520,0,205,0,102,0,2,0,0,3
974,2582,3,8327452,8398520,0,0,0,0,255,2,0,540,0
975,2583,1,8327300,8399036,0,0,0,0,255,2,1,490,7
975,2584,2,8327376,8398520,0,195,0,102,0,2,0,0,3
975,2585,3,8327452,8398520,0,255,0,102,0,2,0,490,0
976,2586,1,8327300,8399036,0,0,0,0,255,2,1,440,7
976,2587,2,8327376,8398520,0,186,0,102,0,2,0,0,3
976,2588,3,8327452,8398520,0,255,0,102,0,2,0,440,0
977,2589,1,8327300,8399036,0,0,0,0,255,2,1,390,7
977,2590,2,8327376,8398520,0,178,0,102,0,2,0,0,3
977,2591,3,8327452,8398520,0,255,0,102,0,2,0,390,0
978,2592,1,8327300,8399036,0,0,0,0,255,2,1,340,7
978,2593,2,8327376,8398520,0,171,0,102,0,2,0,0,3
978,2594,3,8327452,8398520,0,255,0,102,0,2,0,340,0
979,2595,1,8327300,8399036,0,0,0,0,255,2,1,290,7
979,2596,2,8327376,8398520,0,164,0,102,0,2,0,0,3
979,2597,3,8327452,8398520,0,255,0,102,0,2,0,290,0
980,2598,1,8327300,8399036,0,0,0,0,255,2,1,240,7
980,2599,2,8327376,8398520,0,159,0,102,0,2,0,0,3
980,2600,3,8327452,8398520,0,255,0,102,0,2,0,240,0
981,2601,1,8327300,8399036,0,0,0,0,255,2,1,190,7
981,2602,2,8327376,8398520,0,156,0,102,0,2,0,0,3
981,2603,3,8327452,8398520,0,255,0,102,0,2,0,190,0
982,2604,1,8327300,8399036,0,0,0,0,255,2,1,140,7
982,2605,2,8327376,8398520,0,152,0,102,0,2,0,0,3
982,2606,3,8327452,8398520,0,255,0,102,0,2,0,140,0
983,2607,1,8327300,8399036,0,0,0,0,255,2,1,90,7
983,2608,2,8327376,8398520,0,152,0,102,0,2,0,0,3
983,2609,3,8327452,8398520,0,255,0,102,0,2,0,90,0
984,2610,1,8327300,8399036,0,0,0,0,255,2,1,40,7
984,2611,2,8327376,8398520,0,150,0,102,0,2,0,0,3
984,2612,3,8327452,8398520,0,255,0,102,0,2,0,40,0
985,2613,1,8327300,8399036,0,0,0,0,255,2,1,0,7
985,2614,2,8327376,8398520,0,148,0,102,0,2,0,0,3
985,2615,3,8327452,8398520,0,255,0,102,0,2,0,0,0
986,2616,1,8327300,8399036,0,0,0,0,255,2,1,0,7
986,2617,2,8327376,8398520,0,153,0,102,0,2,0,0,3
986,2618,3,8327452,8398520,0,255,0,102,0,2,0,0,0
987,2619,1,8327300,8399036,0,0,0,0,255,2,1,0,7
987,2620,2,8327376,8398520,0,152,0,102,0,2,0,0,3
987,2621,3,8327452,8398520,0,255,0,102,0,2,0,0,0
988,2622,1,8327300,8399036,0,0,0,0,255,2,1,0,7
988,2623,2,8327376,8398520,0,153,0,102,0,2,0,0,3
988,2624,3,8327452,8398520,0,255,0,102,0,2,0,0,0
989,2625,1,8327300,8399036,0,0,0,0,255,2,1,0,7
989,2626,2,8327376,8398520,0,153,0,102,0,2,0,0,3
989,2627,3,8327452,8398520,0,255,0,102,0,2,0,0,0
990,2628,1,8327300,8399036,0,0,0,0,255,2,1,0,7
990,2629,2,8327376,8398520,0,170,0,102,0,2,0,0,3
990,2630,3,8327452,8398520,0,255,0,102,0,2,0,0,0
991,2631,1,8327300,8399036,0,0,0,0,255,2,1,0,7
991,2632,2,8327376,8398520,0,175,0,102,0,2,0,0,3
991,2633,3,8327452,8398520,0,245,0,102,0,2,0,0,0
992,2634,1,8327300,8399036,0,0,0,0,255,2,1,0,7
992,2635,2,8327376,8398520,0,183,0,102,0,2,0,0,3
992,2636,3,8327452,8398520,0,211,0,102,0,2,0,0,0
993,2637,1,8327300,8399036,0,0,0,0,255,2,1,0,7
993,2638,2,8327376,8398520,0,193,0,102,0,2,0,0,3
993,2639,3,8327452,8398520,0,181,0,102,0,2,0,0,0
994,2640,1,8327300,8399036,0,0,0,0,255,2,1,0,7
994,2641,2,8327376,8398520,0,255,0,102,255,2,0,0,3
994,2642,3,8327452,8398520,0,155,0,102,0,2,0,0,0
995,2643,1,8327300,8399036,0,0,0,0,255,2,1,0,7
995,2644,2,8327376,8398520,0,0,0,0,255,2,0,0,3
995,2645,3,8327452,8398520,0,131,0,102,0,2,0,0,0
996,2646,1,8327300,8399036,0,0,0,0,255,2,1,0,7
996,2647,2,8327376,8398520,0,0,0,0,255,2,0,0,3
996,2648,3,8327452,8398520,0,111,0,102,0,2,0,0,0
997,2649,1,8327300,8399036,0,0,0,0,255,2,1,0,7
997,2650,2,8327376,8398520,0,0,0,0,255,2,0,0,3
997,2651,3,8327452,8398520,0,94,0,102,0,2,0,0,0
998,2652,1,8327300,8399036,0,0,0,0,255,2,1,0,7
998,2653,2,8327376,8398520,0,0,0,0,255,2,0,0,3
998,2654,3,8327452,8398520,0,79,0,102,0,2,0,0,0
999,2655,1,8327300,8399036,0,0,0,0,255,2,1,0,7
999,2656,2,8327376,8398520,255,0,0,0,255,2,0,0,0
999,2657,3,8327452,8398520,255,59,0,102,255,2,0,0,3
1000,2658,1,8327300,8399036,0,0,0,0,255,2,1,0,7
1000,2659,2,8327376,8398520,255,0,0,102,0,2,0,0,0
1000,2660,3,8327452,8398520,0,0,0,0,255,2,0,0,3
1001,2661,1,8327300,8399036,0,0,0,0,255,2,1,0,7
1001,2662,2,8327376,8398520,255,0,0,102,0,2,0,0,0
1001,2663,3,8327452,8398520,255,19,0,102,255,2,0,0,3
1002,2664,1,8327300,8399036,0,0,0,0,255,2,1,0,7
1002,2665,2,8327376,8398520,255,0,0,102,0,2,0,0,0
1002,2666,3,8327452,8398520,113,0,0,102,0,2,0,0,3
1003,2667,1,8327300,8399036,0,0,0,0,255,2,1,0,7
1003,2668,2,8327376,8398520,255,0,0,102,0,2,0,0,0
1003,2669,3,8327452,8398520,0,0,0,0,255,2,0,0,3
1004,2670,1,8327300,8399036,0,0,0,0,255,2,1,0,7
1004,2671,2,8327376,8398520,255,0,0,102,0,2,0,0,0
1004,2672,3,8327452,8398520,64,0,0,102,0,2,0,0,3
1005,2673,1,8327300,8399036,0,0,0,0,255,2,1,0,7
1005,2674,2,8327376,8398520,161,0,0,102,0,2,0,0,0
1005,2675,3,8327452,8398520,46,0,0,102,0,2,0,0,3
1006,2676,1,8327300,8399036,0,0,0,0,255,2,1,0,7
1006,2677,2,8327376,8398520,0,0,0,102,0,2,0,0,0
1006,2678,3,8327452,8398520,0,0,0,0,255,2,0,0,3
1007,2679,1,8327300,8399036,0,0,0,0,255,2,1,0,7
1007,2680,2,8327376,8398520,0,0,0,102,0,2,0,0,0
1007,2681,3,8327452,8398520,20,0,0,102,0,2,0,0,3
1008,2682,1,8327300,8399036,0,0,0,0,255,2,1,0,7
1008,2683,2,8327376,8398520,0,0,0,102,0,2,0,0,0
1008,2684,3,8327452,8398520,10,0,0,102,0,2,0,0,3
1009,2685,1,8327300,8399036,0,0,0,0,255,2,1,0,7
1009,2686,2,8327376,8398520,0,0,0,102,0,2,0,0,0
1009,2687,3,8327452,8398520,7,0,0,102,0,2,0,0,0
1010,2688,1,8327300,8399036,0,0,0,0,255,2,1,0,7
1010,2689,2,8327376,8398520,0,128,0,102,0,2,0,0,0
1010,2690,3,8327452,8398520,5,0,0,102,0,2,0,0,0
1011,2691,1,8327300,8399036,0,0,0,0,255,2,1,0,7
1011,2692,2,8327376,8398520,0,125,0,102,0,2,0,0,0
1011,2693,3,8327452,8398520,2,0,0,102,0,2,0,0,0
1012,2694,1,8327300,8399036,0,0,0,0,255,2,1,0,7
1012,2695,2,8327376,8398520,0,126,0,102,0,2,0,0,0
1012,2696,3,8327452,8398520,0,0,0,0,255,2,0,0,0
1013,2697,1,8327300,8399036,0,0,0,0,255,2,1,0,7
1013,2698,2,8327376,8398520,0,128,0,102,0,2,0,0,0
1013,2699,3,8327452,8398520,0,0,0,0,255,2,0,0,0
1014,2700,1,8327300,8399036,0,0,0,0,255,2,1,0,7
1014,2701,2,8327376,8398520,0,0,0,102,0,2,0,0,0
1014,2702,3,8327452,8398520,0,0,0,0,255,2,0,0,0
1015,2703,1,8327300,8399036,0,0,0,0,255,2,1,0,7
1015,2704,2,8327376,8398520,0,57,0,102,0,2,0,0,0
1015,2705,3,8327452,8398520,0,0,0,0,255,2,0,0,0
1016,2706,1,8327300,8399036,0,0,0,0,255,2,1,0,7
1016,2707,2,8327376,8398520,0,101,0,102,0,2,0,0,0
1016,2708,3,8327452,8398520,0,0,0,0,255,2,0,0,0
1017,2709,1,8327300,8399036,0,0,0,0,255,2,1,0,7
1017,2710,2,8327376,8398520,0,123,0,102,0,2,0,0,0
1017,2711,3,8327452,8398520,0,0,0,0,255,2,0,0,0
1018,2712,1,8327300,8399036,0,0,0,0,255,2,1,0,7
1018,2713,2,8327376,8398520,0,134,0,102,0,2,0,0,0
1018,2714,3,8327452,8398520,0,28,0,102,0,2,0,0,3
1019,2715,1,8327300,8399036,0,0,0,0,255,2,1,0,7
1019,2716,2,8327376,8398520,0,0,0,0,255,2,0,0,0
1019,2717,3,8327452,8398520,0,31,0,102,0,2,0,0,3
1020,2718,1,8327300,8399036,0,0,0,0,255,2,1,0,7
1020,2719,2,8327376,8398520,0,0,0,0,255,2,0,0,0
1020,2720,3,8327452,8398520,0,34,0,102,0,2,0,0,3
1021,2721,1,8327300,8399036,0,0,0,0,255,2,1,0,7
1021,2722,2,8327376,8398520,0,0,0,0,255,2,0,0,0
1021,2723,3,8327452,8398520,0,36,0,102,0,2,0,0,3
1022,2724,1,8327300,8399036,0,0,0,0,255,2,1,0,7
1022,2725,2,8327376,8398520,0,0,0,0,255,2,0,0,0
1022,2726,3,8327452,8398520,0,38,0,102,0,2,0,0,3
1023,2727,1,8327300,8399036,0,255,0,102,255,2,1,0,3
1023,2728,2,8327376,8398520,0,0,0,0,255,2,0,0,0
1023,2729,3,8327452,8398520,0,40,0,102,0,2,0,0,3
1024,2730,1,8327300,8399036,0,255,0,102,255,2,1,0,3
1024,2731,2,8327376,8398520,0,0,0,0,255,2,0,0,0
1024,2732,3,8327452,8398520,0,42,0,102,0,2,0,0,3
1025,2733,1,8327300,8399036,0,255,0,102,255,2,1,0,3
1025,2734,2,8327376,8398520,0,0,0,0,255,2,0,0,0
1025,2735,3,8327452,8398520,0,44,0,102,0,2,0,0,3
1026,2736,1,8327300,8399036,0,9,0,102,0,2,1,0,3
1026,2737,2,8327376,8398520,0,0,0,0,255,2,0,0,0
1026,2738,3,8327452,8398520,0,255,0,102,0,2,0,0,0
1027,2739,1,8327300,8399036,0,7,0,102,0,2,1,0,3
1027,2740,2,8327376,8398520,0,0,0,0,255,2,0,0,0
1027,2741,3,8327452,8398520,0,255,0,102,0,2,0,0,0
1028,2742,1,8327300,8399036,0,6,0,102,0,2,1,0,3
1028,2743,2,8327376,8398520,0,0,0,0,255,2,0,0,0
1028,2744,3,8327452,8398520,0,255,0,102,0,2,0,0,0
1029,2745,1,8327300,8399036,0,5,0,102,0,2,1,0,3
1029,2746,2,8327376,8398520,0,0,0,0,255,2,0,0,0
1029,2747,3,8327452,8398520,0,255,0,102,0,2,0,0,0
1030,2748,1,8327300,8399036,0,4,0,102,0,2,1,0,3
1030,2749,2,8327376,8398520,0,0,0,0,255,2,0,0,0
1030,2750,3,8327452,8398520,0,255,0,102,0,2,0,0,0
1031,2751,1,8327300,8399036,0,3,0,102,0,2,1,0,3
1031,2752,2,8327376,8398520,0,0,0,0,255,2,0,0,0
1031,2753,3,8327452,8398520,0,255,0,102,0,2,0,0,0
1032,2754,1,8327300,8399036,0,2,0,102,0,2,1,0,3
1032,2755,2,8327376,8398520,0,0,0,0,255,2,0,0,0
1032,2756,3,8327452,8398520,0,255,0,102,0,2,0,0,0
1033,2757,1,8327300,8399036,0,1,0,102,0,2,1,0,3
1033,2758,2,8327376,8398520,0,0,0,0,255,2,0,0,0
1033,2759,3,8327452,8398520,0,255,0,102,0,2,0,0,0
1034,2760,1,8327300,8399036,0,1,0,102,0,2,1,0,3
1034,2761,2,8327376,8398520,0,0,0,0,255,2,0,0,0
1034,2762,3,8327452,8398520,0,255,0,102,0,2,0,0,0
1035,2763,1,8327300,8399036,0,0,0,102,0,2,1,0,3
1035,2764,2,8327376,8398520,0,0,0,0,255,2,0,0,0
1035,2765,3,8327452,8398520,0,210,0,102,0,2,0,0,0
1036,2766,1,8327300,8399036,0,0,0,102,0,2,1,0,3
1036,2767,2,8327376,8398520,0,0,0,0,255,2,0,0,0
1036,2768,3,8327452,8398520,0,162,0,102,0,2,0,0,0
1037,2769,1,8327300,8399036,0,0,0,102,0,2,1,0,3
1037,2770,2,8327376,8398520,0,0,0,0,255,2,0,0,0
1037,2771,3,8327452,8398520,0,121,0,102,0,2,0,0,0
1038,2772,1,8327300,8399036,0,0,0,102,0,2,1,0,3
1038,2773,2,8327376,8398520,0,0,0,0,255,2,0,0,0
1038,2774,3,8327452,8398520,0,97,0,102,0,2,0,0,0
1039,2775,1,8327300,8399036,0,1,0,102,0,2,1,0,3
1039,2776,2,8327376,8398520,0,0,0,0,255,2,0,0,0
1039,2777,3,8327452,8398520,0,80,0,102,0,2,0,0,0
1040,2778,1,8327300,8399036,0,1,0,102,0,2,1,0,3
1040,2779,2,8327376,8398520,0,0,0,0,255,2,0,0,0
1040,2780,3,8327452,8398520,0,67,0,102,0,2,0,0,0
1041,2781,1,8327300,8399036,0,2,0,102,0,2,1,0,3
1041,2782,2,8327376,8398520,0,0,0,0,255,2,0,0,0
1041,2783,3,8327452,8398520,0,56,0,102,0,2,0,0,0
1042,2784,1,8327300,8399036,0,3,0,102,0,2,1,0,3
1042,2785,2,8327376,8398520,0,0,0,0,255,2,0,0,0
1042,2786,3,8327452,8398520,0,49,0,102,0,2,0,0,0
1043,2787,1,8327300,8399036,0,3,0,102,0,2,1,0,3
1043,2788,2,8327376,8398520,0,0,0,0,255,2,0,0,0
1043,2789,3,8327452,8398520,0,44,0,102,0,2,0,0,0
1044,2790,1,8327300,8399036,0,4,0,102,0,2,1,0,3
1044,2791,2,8327376,8398520,0,0,0,0,255,2,0,0,0
1044,2792,3,8327452,8398520,0,41,0,102,0,2,0,0,0
1045,2793,1,8327300,8399036,0,4,0,102,0,2,1,0,3
1045,2794,2,8327376,8398520,0,0,0,0,255,2,0,0,0
1045,2795,3,8327452,8398520,0,0,0,102,0,2,0,0,0
1046,2796,1,8327300,8399036,0,5,0,102,0,2,1,0,3
1046,2797,2,8327376,8398520,0,0,0,0,255,2,0,0,0
1046,2798,3,8327452,8398520,0,0,0,102,0,2,0,0,0
1047,2799,1,8327300,8399036,0,6,0,102,0,2,1,0,3
1047,2800,2,8327376,8398520,0,0,0,0,255,2,0,0,0
1047,2801,3,8327452,8398520,0,10,0,102,0,2,0,0,0
1048,2802,1,8327300,8399036,0,7,0,102,0,2,1,0,3
1048,2803,2,8327376,8398520,0,0,0,0,255,2,0,0,0
1048,2804,3,8327452,8398520,51,0,0,102,0,2,0,0,0
1049,2805,1,8327300,8399036,0,8,0,102,0,2,1,0,3
1049,2806,2,8327376,8398520,0,0,0,0,255,2,0,0,0
1049,2807,3,8327452,8398520,36,0,0,102,0,2,0,0,0
1050,2808,1,8327300,8399036,0,9,0,102,0,2,1,0,3
1050,2809,2,8327376,8398520,0,0,0,0,255,2,0,0,0
1050,2810,3,8327452,8398520,0,0,0,102,0,2,0,0,0
1051,2811,1,8327300,8399036,0,10,0,102,0,2,1,0,3
1051,2812,2,8327376,8398520,0,0,0,0,255,2,0,0,0
1051,2813,3,8327452,8398520,48,0,0,102,0,2,0,0,0
1052,2814,1,8327300,8399036,0,11,0,102,0,2,1,0,3
1052,2815,2,8327376,8398520,0,0,0,0,255,2,0,0,0
1052,2816,3,8327452,8398520,0,0,0,102,0,2,0,0,0
1053,2817,1,8327300,8399036,0,12,0,102,0,2,1,0,3
1053,2818,2,8327376,8398520,0,0,0,0,255,2,0,0,0
1053,2819,3,8327452,8398520,62,0,0,102,0,2,0,0,0
1054,2820,1,8327300,8399036,0,13,0,102,0,2,1,0,3
1054,2821,2,8327376,8398520,0,0,0,0,255,2,0,0,0
1054,2822,3,8327452,8398520,255,0,0,102,255,2,0,0,3
1055,2823,1,8327300,8399036,0,255,0,102,255,2,1,0,3
1055,2824,2,8327376,8398520,0,0,0,0,255,2,0,0,0
1055,2825,3,8327452,8398520,196,0,0,102,0,2,0,0,3
1056,2826,1,8327300,8399036,0,255,0,102,255,2,1,0,3
1056,2827,2,8327376,8398520,0,0,0,0,255,2,0,0,0
1056,2828,3,8327452,8398520,196,0,0,102,0,2,0,0,3
1057,2829,1,8327300,8399036,0,255,0,102,255,2,1,0,3
1057,2830,2,8327376,8398520,0,0,0,0,255,2,0,0,0
1057,2831,3,8327452,8398520,195,0,0,102,0,2,0,0,3
1058,2832,1,8327300,8399036,0,20,0,102,0,2,1,0,3
1058,2833,2,8327376,8398520,0,0,0,0,255,2,0,0,0
1058,2834,3,8327452,8398520,194,0,0,102,0,2,0,0,3
1059,2835,1,8327300,8399036,0,22,0,102,0,2,1,0,3
1059,2836,2,8327376,8398520,0,0,0,0,255,2,0,0,0
1059,2837,3,8327452,8398520,145,0,0,102,0,2,0,0,3
1060,2838,1,8327300,8399036,0,255,0,102,255,2,1,0,3
1060,2839,2,8327376,8398520,0,0,0,0,255,2,0,0,0
1060,2840,3,8327452,8398520,97,0,0,102,0,2,0,0,3
1061,2841,1,8327300,8399036,0,255,0,102,255,2,1,0,3
1061,2842,2,8327376,8398520,0,0,0,0,255,2,0,1440,0
1061,2843,3,8327452,8398520,48,0,0,102,0,2,0,1440,3
1062,2844,1,8327300,8399036,0,255,0,102,255,2,1,0,3
1062,2845,2,8327376,8398520,0,0,0,0,255,2,0,1390,0
1062,2846,3,8327452,8398520,0,67,0,102,0,2,0,1390,3
1063,2847,1,8327300,8399036,0,27,0,102,0,2,1,0,3
1063,2848,2,8327376,8398520,0,0,0,0,255,2,0,1340,0
1063,2849,3,8327452,8398520,0,255,0,102,255,2,0,1340,3
1064,2850,1,8327300,8399036,0,28,0,102,0,2,1,0,3
1064,2851,2,8327376,8398520,0,0,0,0,255,2,0,1290,0
1064,2852,3,8327452,8398520,0,255,0,102,255,2,0,1290,3
1065,2853,1,8327300,8399036,0,29,0,102,0,2,1,0,3
1065,2854,2,8327376,8398520,0,0,0,0,255,2,0,1240,0
1065,2855,3,8327452,8398520,0,255,0,102,255,2,0,1240,3
1066,2856,1,8327300,8399036,0,30,0,102,0,2,1,0,3
1066,2857,2,8327376,8398520,0,0,0,0,255,2,0,1190,0
1066,2858,3,8327452,8398520,0,255,0,102,255,2,0,1190,3
1067,2859,1,8327300,8399036,0,31,0,102,0,2,1,0,3
1067,2860,2,8327376,8398520,0,0,0,0,255,2,0,1140,0
1067,2861,3,8327452,8398520,0,255,0,102,255,2,0,1140,3
1068,2862,1,8327300,8399036,0,32,0,102,0,2,1,0,3
1068,2863,2,8327376,8398520,0,0,0,0,255,2,0,1090,0
1068,2864,3,8327452,8398520,0,255,0,102,255,2,0,1090,3
1069,2865,1,8327300,8399036,0,33,0,102,0,2,1,0,3
1069,2866,2,8327376,8398520,0,0,0,0,255,2,0,1040,0
1069,2867,3,8327452,8398520,0,255,0,102,255,2,0,1040,3
1070,2868,1,8327300,8399036,0,33,0,102,0,2,1,0,3
1070,2869,2,8327376,8398520,0,0,0,0,255,2,0,990,0
1070,2870,3,8327452,8398520,0,255,0,102,255,2,0,990,3
1071,2871,1,8327300,8399036,0,34,0,102,0,2,1,0,3
1071,2872,2,8327376,8398520,0,0,0,0,255,2,0,940,0
1071,2873,3,8327452,8398520,0,255,0,102,255,2,0,940,3
1072,2874,1,8327300,8399036,0,35,0,102,0,2,1,0,3
1072,2875,2,8327376,8398520,0,0,0,0,255,2,0,890,0
1072,2876,3,8327452,8398520,0,255,0,102,255,2,0,890,3
1073,2877,1,8327300,8399036,0,35,0,102,0,2,1,0,3
1073,2878,2,8327376,8398520,0,0,0,0,255,2,0,840,0
1073,2879,3,8327452,8398520,0,255,0,102,255,2,0,840,3
1074,2880,1,8327300,8399036,0,36,0,102,0,2,1,0,3
1074,2881,2,8327376,8398520,0,0,0,0,255,2,0,790,0
1074,2882,3,8327452,8398520,0,255,0,102,255,2,0,790,3
1075,2883,1,8327300,8399036,0,37,0,102,0,2,1,0,3
1075,2884,2,8327376,8398520,0,0,0,0,255,2,0,740,0
1075,2885,3,8327452,8398520,0,255,0,102,255,2,0,740,3
1076,2886,1,8327300,8399036,0,37,0,102,0,2,1,0,3
1076,2887,2,8327376,8398520,0,0,0,0,255,2,0,690,0
1076,2888,3,8327452,8398520,0,255,0,102,255,2,0,690,3
1077,2889,1,8327300,8399036,0,38,0,102,0,2,1,0,3
1077,2890,2,8327376,8398520,0,0,0,0,255,2,0,640,0
1077,2891,3,8327452,8398520,0,255,0,102,255,2,0,640,3
1078,2892,1,8327300,8399036,0,38,0,102,0,2,1,0,3
1078,2893,2,8327376,8398520,0,0,0,0,255,2,0,590,0
1078,2894,3,8327452,8398520,0,255,0,102,255,2,0,590,3
1079,2895,1,8327300,8399036,0,38,0,102,0,2,1,0,3
1079,2896,2,8327376,8398520,0,0,0,0,255,2,0,540,0
1079,2897,3,8327452,8398520,0,255,0,102,255,2,0,540,3
1080,2898,1,8327300,8399036,0,39,0,102,0,2,1,0,3
1080,2899,2,8327376,8398520,0,0,0,0,255,2,0,490,0
1080,2900,3,8327452,8398520,0,255,0,102,255,2,0,490,3
1081,2901,1,8327300,8399036,0,39,0,102,0,2,1,0,3
1081,2902,2,8327376,8398520,0,0,0,0,255,2,0,440,0
1081,2903,3,8327452,8398520,0,0,0,0,255,2,0,440,3
1082,2904,1,8327300,8399036,0,39,0,102,0,2,1,0,3
1082,2905,2,8327376,8398520,0,0,0,0,255,2,0,390,0
1082,2906,3,8327452,8398520,0,0,0,0,255,2,0,390,3
1083,2907,1,8327300,8399036,0,39,0,102,0,2,1,0,3
1083,2908,2,8327376,8398520,0,0,0,0,255,2,0,340,0
1083,2909,3,8327452,8398520,0,0,0,0,255,2,0,340,3
1084,2910,1,8327300,8399036,0,39,0,102,0,2,1,0,3
1084,2911,2,8327376,8398520,0,0,0,0,255,2,0,290,0
1084,2912,3,8327452,8398520,0,0,0,0,255,2,0,290,3
1085,2913,1,8327300,8399036,0,39,0,102,0,2,1,0,3
1085,2914,2,8327376,8398520,0,0,0,0,255,2,0,240,0
1085,2915,3,8327452,8398520,0,0,0,0,255,2,0,240,3
1086,2916,1,8327300,8399036,0,39,0,102,0,2,1,0,3
1086,2917,2,8327376,8398520,0,0,0,0,255,2,0,190,0
1086,2918,3,8327452,8398520,0,0,0,0,255,2,0,190,3
1087,2919,1,8327300,8399036,0,38,0,102,0,2,1,0,3
1087,2920,2,8327376,8398520,0,0,0,0,255,2,0,140,0
1087,2921,3,8327452,8398520,0,0,0,0,255,2,0,140,3
1088,2922,1,8327300,8399036,0,38,0,102,0,2,1,0,3
1088,2923,2,8327376,8398520,0,0,0,0,255,2,0,90,0
1088,2924,3,8327452,8398520,0,0,0,0,255,2,0,90,3
1089,2925,1,8327300,8399036,0,37,0,102,0,2,1,0,3
1089,2926,2,8327376,8398520,0,0,0,0,255,2,0,40,0
1089,2927,3,8327452,8398520,0,0,0,0,255,2,0,40,3
1090,2928,1,8327300,8399036,0,36,0,102,0,2,1,0,3
1090,2929,2,8327376,8398520,0,0,0,0,255,2,0,0,0
1090,2930,3,8327452,8398520,0,0,0,0,255,2,0,0,3
1091,2931,1,8327300,8399036,0,249,0,102,0,2,1,0,0
1091,2932,2,8327376,8398520,0,0,0,0,255,2,0,0,0
1091,2933,3,8327452,8398520,0,0,0,0,255,2,0,0,3
1092,2934,1,8327300,8399036,0,230,0,102,0,2,1,0,0
1092,2935,2,8327376,8398520,0,0,0,0,255,2,0,0,0
1092,2936,3,8327452,8398520,0,0,0,0,255,2,0,0,3
1093,2937,1,8327300,8399036,0,212,0,102,0,2,1,0,0
1093,2938,2,8327376,8398520,0,0,0,0,255,2,0,0,0
1093,2939,3,8327452,8398520,0,0,0,0,255,2,0,0,3
1094,2940,1,8327300,8399036,0,193,0,102,0,2,1,0,0
1094,2941,2,8327376,8398520,0,0,0,0,255,2,0,0,0
1094,2942,3,8327452,8398520,0,0,0,0,255,2,0,0,3
1095,2943,1,8327300,8399036,0,174,0,102,0,2,1,0,0
1095,2944,2,8327376,8398520,0,0,0,0,255,2,0,0,0
1095,2945,3,8327452,8398520,0,0,0,0,255,2,0,0,3
1096,2946,1,8327300,8399036,0,158,0,102,0,2,1,0,0
1096,2947,2,8327376,8398520,0,0,0,0,255,2,0,0,0
1096,2948,3,8327452,8398520,0,0,0,0,255,2,0,0,3
1097,2949,1,8327300,8399036,0,142,0,102,0,2,1,0,0
1097,2950,2,8327376,8398520,0,255,0,102,255,2,0,0,0
1097,2951,3,8327452,8398520,0,0,0,0,255,2,0,0,3
1098,2952,1,8327300,8399036,0,127,0,102,0,2,1,0,0
1098,2953,2,8327376,8398520,0,255,0,102,255,2,0,0,0
1098,2954,3,8327452,8398520,0,0,0,0,255,2,0,0,3
1099,2955,1,8327300,8399036,0,114,0,102,0,2,1,0,0
1099,2956,2,8327376,8398520,0,255,0,102,255,2,0,0,0
1099,2957,3,8327452,8398520,0,0,0,0,255,2,0,0,3
1100,2958,1,8327300,8399036,0,101,0,102,0,2,1,0,0
1100,2959,2,8327376,8398520,0,255,0,102,255,2,0,0,0
1100,2960,3,8327452,8398520,0,0,0,0,255,2,0,0,3
1101,2961,1,8327300,8399036,0,89,0,102,0,2,1,0,0
1101,2962,2,8327376,8398520,0,255,0,102,255,2,0,0,0
1101,2963,3,8327452,8398520,0,0,0,0,255,2,0,0,3
1102,2964,1,8327300,8399036,0,78,0,102,0,2,1,0,0
1102,2965,2,8327376,8398520,0,255,0,102,255,2,0,0,0
1102,2966,3,8327452,8398520,0,0,0,0,255,2,0,0,3
1103,2967,1,8327300,8399036,0,68,0,102,0,2,1,0,0
1103,2968,2,8327376,8398520,0,255,0,102,255,2,0,0,0
1103,2969,3,8327452,8398520,0,0,0,0,255,2,0,0,3
1104,2970,1,8327300,8399036,0,59,0,102,0,2,1,0,0
1104,2971,2,8327376,8398520,0,255,0,102,255,2,0,0,0
1104,2972,3,8327452,8398520,0,0,0,0,255,2,0,0,3
1105,2973,1,8327300,8399036,0,51,0,102,0,2,1,0,0
1105,2974,2,8327376,8398520,0,255,0,102,255,2,0,0,0
1105,2975,3,8327452,8398520,0,0,0,0,255,2,0,0,3
1106,2976,1,8327300,8399036,0,42,0,102,0,2,1,0,0
1106,2977,2,8327376,8398520,0,255,0,102,255,2,0,0,0
1106,2978,3,8327452,8398520,0,0,0,0,255,2,0,0,3
1107,2979,1,8327300,8399036,0,36,0,102,0,2,1,0,0
1107,2980,2,8327376,8398520,0,255,0,102,255,2,0,0,0
1107,2981,3,8327452,8398520,0,0,0,0,255,2,0,0,3
1108,2982,1,8327300,8399036,0,31,0,102,0,2,1,0,0
1108,2983,2,8327376,8398520,0,118,0,102,0,2,0,0,0
1108,2984,3,8327452,8398520,0,0,0,0,255,2,0,0,3
1109,2985,1,8327300,8399036,0,26,0,102,0,2,1,0,0
1109,2986,2,8327376,8398520,0,118,0,102,0,2,0,0,0
1109,2987,3,8327452,8398520,0,0,0,0,255,2,0,0,3
1110,2988,1,8327300,8399036,0,0,0,102,0,2,1,0,0
1110,2989,2,8327376,8398520,0,121,0,102,0,2,0,0,0
1110,2990,3,8327452,8398520,0,0,0,0,255,2,0,0,3
1111,2991,1,8327300,8399036,0,0,0,102,0,2,1,0,0
1111,2992,2,8327376,8398520,0,124,0,102,0,2,0,0,0
1111,2993,3,8327452,8398520,0,0,0,0,255,2,0,0,3
1112,2994,1,8327300,8399036,0,0,0,102,0,2,1,0,0
1112,2995,2,8327376,8398520,0,128,0,102,0,2,0,0,0
1112,2996,3,8327452,8398520,0,0,0,0,255,2,0,0,3
1113,2997,1,8327300,8399036,29,0,0,102,0,2,1,0,0
1113,2998,2,8327376,8398520,0,129,0,102,0,2,0,0,0
1113,2999,3,8327452,8398520,0,0,0,0,255,2,0,0,3
1114,3000,1,8327300,8399036,0,0,0,102,0,2,1,0,0
1114,3001,2,8327376,8398520,0,133,0,102,0,2,0,0,0
1114,3002,3,8327452,8398520,0,0,0,0,255,2,0,0,3
1115,3003,1,8327300,8399036,37,0,0,102,0,2,1,0,0
1115,3004,2,8327376,8398520,0,135,0,102,0,2,0,0,0
1115,3005,3,8327452,8398520,0,0,0,0,255,2,0,0,3
1116,3006,1,8327300,8399036,27,0,0,102,0,2,1,0,0
1116,3007,2,8327376,8398520,0,138,0,102,0,2,0,0,0
1116,3008,3,8327452,8398520,0,0,0,0,255,2,0,0,3
1117,3009,1,8327300,8399036,0,0,0,102,0,2,1,0,0
1117,3010,2,8327376,8398520,0,141,0,102,0,2,0,0,0
1117,3011,3,8327452,8398520,0,0,0,0,255,2,0,0,3
1118,3012,1,8327300,8399036,32,0,0,102,0,2,1,0,0
1118,3013,2,8327376,8398520,0,0,0,0,255,2,0,0,0
1118,3014,3,8327452,8398520,0,0,0,0,255,2,0,0,3
1119,3015,1,8327300,8399036,0,0,0,102,0,2,1,0,0
1119,3016,2,8327376,8398520,0,0,0,0,255,2,0,0,0
1119,3017,3,8327452,8398520,0,0,0,0,255,2,0,0,3
1120,3018,1,8327300,8399036,35,0,0,102,0,2,1,0,0
1120,3019,2,8327376,8398520,0,0,0,0,255,2,0,0,0
1120,3020,3,8327452,8398520,0,0,0,0,255,2,0,0,3
1121,3021,1,8327300,8399036,0,0,0,102,0,2,1,0,0
1121,3022,2,8327376,8398520,0,0,0,0,255,2,0,0,0
1121,3023,3,8327452,8398520,0,0,0,0,255,2,0,0,3
1122,3024,1,8327300,8399036,32,0,0,102,0,2,1,0,0
1122,3025,2,8327376,8398520,0,0,0,0,255,2,0,0,0
1122,3026,3,8327452,8398520,0,0,0,0,255,2,0,0,3
1123,3027,1,8327300,8399036,0,0,0,102,0,2,1,0,0
1123,3028,2,8327376,8398520,0,0,0,0,255,2,0,0,0
1123,3029,3,8327452,8398520,0,0,0,0,255,2,0,0,3
1124,3030,1,8327300,8399036,33,0,0,102,0,2,1,0,0
1124,3031,2,8327376,8398520,0,0,0,0,255,2,0,0,0
1124,3032,3,8327452,8398520,0,0,0,0,255,2,0,0,3
1125,3033,1,8327300,8399036,0,0,0,102,0,2,1,0,0
1125,3034,2,8327376,8398520,0,0,0,0,255,2,0,0,0
1125,3035,3,8327452,8398520,0,0,0,0,255,2,0,0,3
1126,3036,1,8327300,8399036,0,0,0,102,0,2,1,0,0
1126,3037,2,8327376,8398520,0,0,0,0,255,2,0,0,0
1126,3038,3,8327452,8398520,0,0,0,0,255,2,0,0,3
1127,3039,1,8327300,8399036,32,0,0,102,0,2,1,0,0
1127,3040,2,8327376,8398520,0,0,0,0,255,2,0,0,0
1127,3041,3,8327452,8398520,0,0,0,0,255,2,0,0,3
1128,3042,1,8327300,8399036,0,0,0,102,0,2,1,0,0
1128,3043,2,8327376,8398520,0,0,0,0,255,2,0,0,0
1128,3044,3,8327452,8398520,0,0,0,0,255,2,0,0,3
1129,3045,1,8327300,8399036,0,0,0,102,0,2,1,0,0
1129,3046,2,8327376,8398520,0,0,0,0,255,2,0,0,0
1129,3047,3,8327452,8398520,0,0,0,0,255,2,0,0,3
1130,3048,1,8327300,8399036,32,0,0,102,0,2,1,0,0
1130,3049,2,8327376,8398520,0,0,0,0,255,2,0,0,0
1130,3050,3,8327452,8398520,0,255,0,102,255,2,0,0,3
1131,3051,1,8327300,8399036,0,0,0,102,0,2,1,0,0
1131,3052,2,8327376,8398520,0,0,0,0,255,2,0,0,0
1131,3053,3,8327452,8398520,0,255,0,102,255,2,0,0,3
1132,3054,1,8327300,8399036,0,0,0,102,0,2,1,0,0
1132,3055,2,8327376,8398520,0,0,0,0,255,2,0,0,0
1132,3056,3,8327452,8398520,0,255,0,102,255,2,0,0,3
1133,3057,1,8327300,8399036,0,0,0,102,0,2,1,0,0
1133,3058,2,8327376,8398520,0,0,0,0,255,2,0,0,0
1133,3059,3,8327452,8398520,0,255,0,102,255,2,0,0,3
1134,3060,1,8327300,8399036,0,0,0,102,0,2,1,0,0
1134,3061,2,8327376,8398520,0,0,0,0,255,2,0,0,0
1134,3062,3,8327452,8398520,0,255,0,102,255,2,0,0,3
1135,3063,1,8327300,8399036,0,0,0,102,0,2,1,0,0
1135,3064,2,8327376,8398520,0,0,0,0,255,2,0,0,0
1135,3065,3,8327452,8398520,0,255,0,102,255,2,0,0,3
1136,3066,1,8327300,8399036,37,0,0,102,0,2,1,0,0
1136,3067,2,8327376,8398520,0,0,0,0,255,2,0,0,0
1136,3068,3,8327452,8398520,0,255,0,102,255,2,0,0,3
1137,3069,1,8327300,8399036,0,0,0,102,0,2,1,0,0
1137,3070,2,8327376,8398520,0,0,0,0,255,2,0,0,0
1137,3071,3,8327452,8398520,0,255,0,102,255,2,0,0,3
1138,3072,1,8327300,8399036,0,0,0,102,0,2,1,0,0
1138,3073,2,8327376,8398520,0,0,0,0,255,2,0,0,0
1138,3074,3,8327452,8398520,0,255,0,102,255,2,0,0,3
1139,3075,1,8327300,8399036,0,0,0,102,0,2,1,0,0
1139,3076,2,8327376,8398520,0,0,0,0,255,2,0,0,0
1139,3077,3,8327452,8398520,0,255,0,102,255,2,0,0,3
1140,3078,1,8327300,8399036,0,0,0,102,0,2,1,0,0
1140,3079,2,8327376,8398520,0,0,0,0,255,2,0,0,0
1140,3080,3,8327452,8398520,0,255,0,102,255,2,0,0,3
1141,3081,1,8327300,8399036,0,0,0,102,0,2,1,0,0
1141,3082,2,8327376,8398520,0,0,0,0,255,2,0,0,0
1141,3083,3,8327452,8398520,0,255,0,102,255,2,0,0,3
1142,3084,1,8327300,8399036,0,0,0,102,0,2,1,0,3
1142,3085,2,8327376,8398520,0,0,0,0,255,2,0,0,0
1142,3086,3,8327452,8398520,0,255,0,102,255,2,0,0,3
1143,3087,1,8327300,8399036,0,0,0,102,0,2,1,0,3
1143,3088,2,8327376,8398520,0,0,0,0,255,2,0,0,0
1143,3089,3,8327452,8398520,0,255,0,102,255,2,0,0,3
1144,3090,1,8327300,8399036,0,0,0,102,0,2,1,0,3
1144,3091,2,8327376,8398520,0,0,0,0,255,2,0,0,0
1144,3092,3,8327452,8398520,0,255,0,102,255,2,0,0,3
1145,3093,1,8327300,8399036,0,0,0,102,0,2,1,0,3
1145,3094,2,8327376,8398520,0,0,0,0,255,2,0,0,0
1145,3095,3,8327452,8398520,0,255,0,102,255,2,0,0,3
1146,3096,1,8327300,8399036,0,6,0,102,0,2,1,0,3
1146,3097,2,8327376,8398520,0,0,0,0,255,2,0,0,0
1146,3098,3,8327452,8398520,0,255,0,102,255,2,0,0,3
1147,3099,1,8327300,8399036,0,8,0,102,0,2,1,0,3
1147,3100,2,8327376,8398520,0,0,0,0,255,2,0,0,0
1147,3101,3,8327452,8398520,0,255,0,102,255,2,0,0,3
1148,3102,1,8327300,8399036,0,9,0,102,0,2,1,0,3
1148,3103,2,8327376,8398520,0,0,0,0,255,2,0,0,0
1148,3104,3,8327452,8398520,0,255,0,102,255,2,0,0,3
1149,3105,1,8327300,8399036,0,10,0,102,0,2,1,0,3
1149,3106,2,8327376,8398520,0,0,0,0,255,2,0,0,0
1149,3107,3,8327452,8398520,0,255,0,102,255,2,0,0,3
1150,3108,1,8327300,8399036,0,12,0,102,0,2,1,0,3
1150,3109,2,8327376,8398520,0,0,0,0,255,2,0,0,0
1150,3110,3,8327452,8398520,0,255,0,102,255,2,0,0,3
1151,3111,1,8327300,8399036,0,13,0,102,0,2,1,0,3
1151,3112,2,8327376,8398520,0,0,0,0,255,2,0,0,0
1151,3113,3,8327452,8398520,0,255,0,102,255,2,0,0,3
1152,3114,1,8327300,8399036,0,16,0,102,0,2,1,0,3
1152,3115,2,8327376,8398520,0,0,0,0,255,2,0,0,0
1152,3116,3,8327452,8398520,0,255,0,102,255,2,0,0,3
1153,3117,1,8327300,8399036,0,18,0,102,0,2,1,0,3
1153,3118,2,8327376,8398520,0,0,0,0,255,2,0,0,0
1153,3119,3,8327452,8398520,0,255,0,102,255,2,0,0,3
1154,3120,1,8327300,8399036,0,21,0,102,0,2,1,0,3
1154,3121,2,8327376,8398520,0,0,0,0,255,2,0,0,0
1154,3122,3,8327452,8398520,0,255,0,102,255,2,0,0,3
1155,3123,1,8327300,8399036,0,25,0,102,0,2,1,0,3
1155,3124,2,8327376,8398520,0,0,0,0,255,2,0,0,0
1155,3125,3,8327452,8398520,0,6,0,102,0,2,0,0,3
1156,3126,1,8327300,8399036,0,31,0,102,0,2,1,0,3
1156,3127,2,8327376,8398520,0,0,0,0,255,2,0,0,0
1156,3128,3,8327452,8398520,0,4,0,102,0,2,0,0,3
1157,3129,1,8327300,8399036,0,39,0,102,0,2,1,0,3
1157,3130,2,8327376,8398520,0,0,0,0,255,2,0,0,0
1157,3131,3,8327452,8398520,0,2,0,102,0,2,0,0,3
1158,3132,1,8327300,8399036,0,57,0,102,0,2,1,0,3
1158,3133,2,8327376,8398520,0,0,0,0,255,2,0,0,0
1158,3134,3,8327452,8398520,0,1,0,102,0,2,0,0,3
1159,3135,1,8327300,8399036,0,95,0,102,0,2,1,0,3
1159,3136,2,8327376,8398520,0,0,0,0,255,2,0,0,0
1159,3137,3,8327452,8398520,0,0,0,102,0,2,0,0,3
1160,3138,1,8327300,8399036,0,255,0,102,255,2,1,0,3
1160,3139,2,8327376,8398520,0,0,0,0,255,2,0,0,0
1160,3140,3,8327452,8398520,0,0,0,102,0,2,0,0,3
1161,3141,1,8327300,8399036,0,0,0,0,255,2,1,0,3
1161,3142,2,8327376,8398520,0,0,0,0,255,2,0,0,0
1161,3143,3,8327452,8398520,0,1,0,102,0,2,0,0,3
1162,3144,1,8327300,8399036,0,0,0,0,255,2,1,0,3
1162,3145,2,8327376,8398520,0,0,0,0,255,2,0,0,0
1162,3146,3,8327452,8398520,0,0,0,102,0,2,0,0,3
1163,3147,1,8327300,8399036,0,0,0,0,255,2,1,0,3
1163,3148,2,8327376,8398520,0,0,0,0,255,2,0,0,0
1163,3149,3,8327452,8398520,255,0,0,102,255,2,0,0,3
1164,3150,1,8327300,8399036,0,0,0,0,255,2,1,0,3
1164,3151,2,8327376,8398520,0,0,0,0,255,2,0,0,0
1164,3152,3,8327452,8398520,0,0,0,102,0,2,0,0,3
1165,3153,1,8327300,8399036,0,0,0,0,255,2,1,0,3
1165,3154,2,8327376,8398520,0,0,0,0,255,2,0,0,0
1165,3155,3,8327452,8398520,255,0,0,102,255,2,0,0,3
1166,3156,1,8327300,8399036,0,0,0,0,255,2,1,0,3
1166,3157,2,8327376,8398520,0,0,0,0,255,2,0,0,0
1166,3158,3,8327452,8398520,4,0,0,102,0,2,0,0,3
1167,3159,1,8327300,8399036,0,0,0,0,255,2,1,0,3
1167,3160,2,8327376,8398520,0,0,0,0,255,2,0,0,0
1167,3161,3,8327452,8398520,5,0,0,102,0,2,0,0,3
1168,3162,1,8327300,8399036,0,59,0,102,0,2,1,0,0
1168,3163,2,8327376,8398520,0,0,0,0,255,2,0,0,0
1168,3164,3,8327452,8398520,3,255,0,102,255,2,0,0,3
1169,3165,1,8327300,8399036,0,87,0,102,0,2,1,0,0
1169,3166,2,8327376,8398520,0,0,0,0,255,2,0,0,0
1169,3167,3,8327452,8398520,2,255,0,102,255,2,0,0,3
1170,3168,1,8327300,8399036,0,115,0,102,0,2,1,0,0
1170,3169,2,8327376,8398520,3,0,0,102,0,2,0,0,3
1170,3170,3,8327452,8398520,1,255,0,102,255,2,0,0,3
1171,3171,1,8327300,8399036,0,124,0,102,0,2,1,0,0
1171,3172,2,8327376,8398520,9,0,0,102,0,2,0,0,3
1171,3173,3,8327452,8398520,0,255,0,102,255,2,0,0,3
1172,3174,1,8327300,8399036,0,124,0,102,0,2,1,0,0
1172,3175,2,8327376,8398520,14,0,0,102,0,2,0,0,3
1172,3176,3,8327452,8398520,0,255,0,102,255,2,0,0,3
1173,3177,1,8327300,8399036,0,125,0,102,0,2,1,0,0
1173,3178,2,8327376,8398520,18,0,0,102,0,2,0,0,3
1173,3179,3,8327452,8398520,0,0,0,0,255,2,0,0,3
1174,3180,1,8327300,8399036,0,138,0,102,0,2,1,0,0
1174,3181,2,8327376,8398520,21,0,0,102,0,2,0,0,3
1174,3182,3,8327452,8398520,0,0,0,0,255,2,0,0,3
1175,3183,1,8327300,8399036,0,136,0,102,0,2,1,0,0
1175,3184,2,8327376,8398520,23,0,0,102,0,2,0,0,3
1175,3185,3,8327452,8398520,0,0,0,0,255,2,0,0,3
1176,3186,1,8327300,8399036,0,137,0,102,0,2,1,0,0
1176,3187,2,8327376,8398520,25,0,0,102,0,2,0,0,3
1176,3188,3,8327452,8398520,0,0,0,0,255,2,0,0,3
1177,3189,1,8327300,8399036,0,137,0,102,0,2,1,0,0
1177,3190,2,8327376,8398520,26,0,0,102,0,2,0,0,3
1177,3191,3,8327452,8398520,0,0,0,0,255,2,0,0,3
1178,3192,1,8327300,8399036,0,147,0,102,0,2,1,0,0
1178,3193,2,8327376,8398520,27,0,0,102,0,2,0,0,3
1178,3194,3,8327452,8398520,0,0,0,0,255,2,0,0,3
1179,3195,1,8327300,8399036,0,144,0,102,0,2,1,0,0
1179,3196,2,8327376,8398520,28,0,0,102,0,2,0,0,3
1179,3197,3,8327452,8398520,0,0,0,0,255,2,0,0,3
1180,3198,1,8327300,8399036,0,144,0,102,0,2,1,0,0
1180,3199,2,8327376,8398520,28,0,0,102,0,2,0,0,3
1180,3200,3,8327452,8398520,0,0,0,0,255,2,0,0,3
1181,3201,1,8327300,8399036,0,142,0,102,0,2,1,0,0
1181,3202,2,8327376,8398520,28,0,0,102,0,2,0,0,3
1181,3203,3,8327452,8398520,0,0,0,0,255,2,0,0,3
1182,3204,1,8327300,8399036,0,0,0,0,255,2,1,0,0
1182,3205,2,8327376,8398520,29,0,0,102,0,2,0,0,3
1182,3206,3,8327452,8398520,0,0,0,0,255,2,0,0,3
1183,3207,1,8327300,8399036,0,0,0,0,255,2,1,0,0
1183,3208,2,8327376,8398520,28,0,0,102,0,2,0,0,3
1183,3209,3,8327452,8398520,0,0,0,0,255,2,0,0,3
1184,3210,1,8327300,8399036,0,0,0,0,255,2,1,0,0
1184,3211,2,8327376,8398520,28,0,0,102,0,2,0,0,3
1184,3212,3,8327452,8398520,0,0,0,0,255,2,0,0,3
1185,3213,1,8327300,8399036,0,0,0,0,255,2,1,0,0
1185,3214,2,8327376,8398520,28,0,0,102,0,2,0,0,3
1185,3215,3,8327452,8398520,0,0,0,0,255,2,0,0,3
1186,3216,1,8327300,8399036,0,0,0,0,255,2,1,0,0
1186,3217,2,8327376,8398520,27,0,0,102,0,2,0,0,3
1186,3218,3,8327452,8398520,0,0,0,0,255,2,0,0,3
1187,3219,1,8327300,8399036,0,0,0,0,255,2,1,0,0
1187,3220,2,8327376,8398520,27,0,0,102,0,2,0,0,3
1187,3221,3,8327452,8398520,0,0,0,0,255,2,0,0,3
1188,3222,1,8327300,8399036,0,0,0,0,255,2,1,0,0
1188,3223,2,8327376,8398520,26,0,0,102,0,2,0,0,3
1188,3224,3,8327452,8398520,0,0,0,0,255,2,0,0,3
1189,3225,1,8327300,8399036,0,0,0,0,255,2,1,0,0
1189,3226,2,8327376,8398520,26,0,0,102,0,2,0,0,3
1189,3227,3,8327452,8398520,0,0,0,0,255,2,0,0,3
1190,3228,1,8327300,8399036,0,0,0,0,255,2,1,0,0
1190,3229,2,8327376,8398520,25,0,0,102,0,2,0,0,3
1190,3230,3,8327452,8398520,0,0,0,0,255,2,0,0,3
1191,3231,1,8327300,8399036,0,0,0,0,255,2,1,0,0
1191,3232,2,8327376,8398520,25,0,0,102,0,2,0,0,3
1191,3233,3,8327452,8398520,0,0,0,0,255,2,0,0,3
1192,3234,1,8327300,8399036,0,0,0,0,255,2,1,0,0
1192,3235,2,8327376,8398520,2,0,0,102,0,2,0,0,3
1192,3236,3,8327452,8398520,0,0,0,0,255,2,0,0,3
1193,3237,1,8327300,8399036,0,0,0,0,255,2,1,0,0
1193,3238,2,8327376,8398520,1,0,0,0,255,2,0,0,3
1193,3239,3,8327452,8398520,0,0,0,0,255,2,0,0,3
1194,3240,1,8327300,8399036,0,0,0,0,255,2,1,0,0
1194,3241,2,8327376,8398520,0,0,0,102,0,2,0,0,3
1194,3242,3,8327452,8398520,0,0,0,0,255,2,0,0,3
1195,3243,1,8327300,8399036,0,0,0,0,255,2,1,0,0
1195,3244,2,8327376,8398520,0,0,0,102,0,2,0,0,3
1195,3245,3,8327452,8398520,0,0,0,0,255,2,0,0,3
1196,3246,1,8327300,8399036,0,0,0,0,255,2,1,0,0
1196,3247,2,8327376,8398520,0,0,0,102,0,2,0,0,3
1196,3248,3,8327452,8398520,0,0,0,0,255,2,0,0,3
1197,3249,1,8327300,8399036,0,0,0,0,255,2,1,0,0
1197,3250,2,8327376,8398520,0,3,0,102,0,2,0,1440,3
1197,3251,3,8327452,8398520,0,0,0,0,255,2,0,1440,3
1198,3252,1,8327300,8399036,0,0,0,0,255,2,1,0,0
1198,3253,2,8327376,8398520,0,8,0,102,0,2,0,1390,3
1198,3254,3,8327452,8398520,0,0,0,0,255,2,0,1390,3
1199,3255,1,8327300,8399036,0,0,0,0,255,2,1,0,0
1199,3256,2,8327376,8398520,0,7,0,102,0,2,0,1340,3
1199,3257,3,8327452,8398520,0,0,0,0,255,2,0,1340,3
1200,3258,1,8327300,8399036,0,0,0,0,255,2,1,0,0
1200,3259,2,8327376,8398520,0,0,0,102,0,2,0,1290,3
1200,3260,3,8327452,8398520,0,0,0,0,255,2,0,1290,3
1201,3261,1,8327300,8399036,0,0,0,0,255,2,1,0,0
1201,3262,2,8327376,8398520,0,0,0,102,0,2,0,1240,3
1201,3263,3,8327452,8398520,0,0,0,0,255,2,0,1240,3
1202,3264,1,8327300,8399036,0,0,0,0,255,2,1,0,0
1202,3265,2,8327376,8398520,0,0,0,102,0,2,0,1190,3
1202,3266,3,8327452,8398520,0,0,0,0,255,2,0,1190,3
1203,3267,1,8327300,8399036,0,0,0,0,255,2,1,0,0
1203,3268,2,8327376,8398520,0,0,0,102,0,2,0,1140,3
1203,3269,3,8327452,8398520,0,0,0,0,255,2,0,1140,3
1204,3270,1,8327300,8399036,0,0,0,0,255,2,1,0,0
1204,3271,2,8327376,8398520,0,0,0,102,0,2,0,1090,3
1204,3272,3,8327452,8398520,0,0,0,0,255,2,0,1090,3
1205,3273,1,8327300,8399036,0,0,0,0,255,2,1,0,0
1205,3274,2,8327376,8398520,0,0,0,102,0,2,0,1040,3
1205,3275,3,8327452,8398520,0,0,0,0,255,2,0,1040,3
1206,3276,1,8327300,8399036,0,0,0,0,255,2,1,0,0
1206,3277,2,8327376,8398520,0,0,0,102,0,2,0,990,3
1206,3278,3,8327452,8398520,0,0,0,0,255,2,0,990,3
1207,3279,1,8327300,8399036,0,0,0,0,255,2,1,0,0
1207,3280,2,8327376,8398520,0,0,0,102,0,2,0,940,3
1207,3281,3,8327452,8398520,0,0,0,0,255,2,0,940,3
1208,3282,1,8327300,8399036,0,0,0,0,255,2,1,0,0
1208,3283,2,8327376,8398520,0,0,0,102,0,2,0,890,3
1208,3284,3,8327452,8398520,0,0,0,0,255,2,0,890,3
1209,3285,1,8327300,8399036,0,0,0,0,255,2,1,0,0
1209,3286,2,8327376,8398520,0,0,0,102,0,2,0,840,3
1209,3287,3,8327452,8398520,0,0,0,0,255,2,0,840,3
1210,3288,1,8327300,8399036,0,0,0,0,255,2,1,0,0
1210,3289,2,8327376,8398520,0,0,0,102,0,2,0,790,3
1210,3290,3,8327452,8398520,0,0,0,0,255,2,0,790,3
1211,3291,1,8327300,8399036,0,0,0,0,255,2,1,0,0
1211,3292,2,8327376,8398520,0,0,0,102,0,2,0,740,3
1211,3293,3,8327452,8398520,0,0,0,0,255,2,0,740,3
1212,3294,1,8327300,8399036,0,0,0,0,255,2,1,0,0
1212,3295,2,8327376,8398520,0,0,0,102,0,2,0,690,3
1212,3296,3,8327452,8398520,0,0,0,0,255,2,0,690,3
1213,3297,1,8327300,8399036,0,0,0,0,255,2,1,0,0
1213,3298,2,8327376,8398520,0,0,0,102,0,2,0,640,3
1213,3299,3,8327452,8398520,0,0,0,0,255,2,0,640,3
1214,3300,1,8327300,8399036,0,0,0,0,255,2,1,0,0
1214,3301,2,8327376,8398520,0,0,0,102,0,2,0,590,3
1214,3302,3,8327452,8398520,0,0,0,0,255,2,0,590,3
1215,3303,1,8327300,8399036,0,0,0,0,255,2,1,0,0
1215,3304,2,8327376,8398520,0,0,0,102,0,2,0,540,3
1215,3305,3,8327452,8398520,0,0,0,0,255,2,0,540,3
1216,3306,1,8327300,8399036,0,0,0,0,255,2,1,0,0
1216,3307,2,8327376,8398520,0,0,0,102,0,2,0,490,3
1216,3308,3,8327452,8398520,0,0,0,0,255,2,0,490,3
1217,3309,1,8327300,8399036,0,0,0,0,255,2,1,0,0
1217,3310,2,8327376,8398520,0,0,0,102,0,2,0,440,3
1217,3311,3,8327452,8398520,0,0,0,0,255,2,0,440,3
1218,3312,1,8327300,8399036,0,0,0,0,255,2,1,0,0
1218,3313,2,8327376,8398520,0,0,0,102,0,2,0,390,3
1218,3314,3,8327452,8398520,0,0,0,0,255,2,0,390,3
1219,3315,1,8327300,8399036,0,0,0,0,255,2,1,0,0
1219,3316,2,8327376,8398520,0,0,0,102,0,2,0,340,3
1219,3317,3,8327452,8398520,0,0,0,0,255,2,0,340,3
1220,3318,1,8327300,8399036,0,0,0,0,255,2,1,0,0
1220,3319,2,8327376,8398520,1,0,0,102,0,2,0,290,3
1220,3320,3,8327452,8398520,0,0,0,0,255,2,0,290,3
1221,3321,1,8327300,8399036,0,0,0,0,255,2,1,0,0
1221,3322,2,8327376,8398520,1,0,0,102,0,2,0,240,3
1221,3323,3,8327452,8398520,0,0,0,0,255,2,0,240,3
1222,3324,1,8327300,8399036,0,0,0,0,255,2,1,0,0
1222,3325,2,8327376,8398520,1,0,0,102,0,2,0,190,3
1222,3326,3,8327452,8398520,0,0,0,0,255,2,0,190,3
1223,3327,1,8327300,8399036,0,0,0,0,255,2,1,0,0
1223,3328,2,8327376,8398520,255,0,0,102,255,2,0,140,3
1223,3329,3,8327452,8398520,0,0,0,0,255,2,0,140,3
1224,3330,1,8327300,8399036,0,0,0,0,255,2,1,0,0
1224,3331,2,8327376,8398520,255,0,0,102,255,2,0,90,3
1224,3332,3,8327452,8398520,0,0,0,0,255,2,0,90,3
1225,3333,1,8327300,8399036,0,0,0,0,255,2,1,0,0
1225,3334,2,8327376,8398520,255,0,0,102,255,2,0,40,3
1225,3335,3,8327452,8398520,0,0,0,0,255,2,0,40,3
1226,3336,1,8327300,8399036,0,0,0,0,255,2,1,0,0
1226,3337,2,8327376,8398520,255,0,0,102,255,2,0,0,3
1226,3338,3,8327452,8398520,0,0,0,0,255,2,0,0,3
1227,3339,1,8327300,8399036,0,0,0,0,255,2,1,0,0
1227,3340,2,8327376,8398520,255,0,0,102,255,2,0,0,3
1227,3341,3,8327452,8398520,0,0,0,0,255,2,0,0,3
1228,3342,1,8327300,8399036,0,0,0,0,255,2,1,0,0
1228,3343,2,8327376,8398520,255,0,0,102,255,2,0,0,3
1228,3344,3,8327452,8398520,0,0,0,0,255,2,0,0,3
1229,3345,1,8327300,8399036,0,0,0,0,255,2,1,0,0
1229,3346,2,8327376,8398520,7,0,0,102,0,2,0,0,3
1229,3347,3,8327452,8398520,0,0,0,0,255,2,0,0,3
1230,3348,1,8327300,8399036,0,0,0,0,255,2,1,0,0
1230,3349,2,8327376,8398520,8,0,0,102,0,2,0,0,3
1230,3350,3,8327452,8398520,0,0,0,0,255,2,0,0,3
1231,3351,1,8327300,8399036,0,0,0,0,255,2,1,0,0
1231,3352,2,8327376,8398520,8,0,0,102,0,2,0,0,3
1231,3353,3,8327452,8398520,0,0,0,0,255,2,0,0,3
1232,3354,1,8327300,8399036,0,0,0,0,255,2,1,0,0
1232,3355,2,8327376,8398520,9,0,0,102,0,2,0,0,3
1232,3356,3,8327452,8398520,0,0,0,0,255,2,0,0,3
1233,3357,1,8327300,8399036,0,0,0,0,255,2,1,0,0
1233,3358,2,8327376,8398520,10,0,0,102,0,2,0,0,3
1233,3359,3,8327452,8398520,0,0,0,0,255,2,0,0,3
1234,3360,1,8327300,8399036,0,0,0,0,255,2,1,0,0
1234,3361,2,8327376,8398520,11,0,0,102,0,2,0,0,3
1234,3362,3,8327452,8398520,0,0,0,0,255,2,0,0,3
1235,3363,1,8327300,8399036,0,0,0,0,255,2,1,0,0
1235,3364,2,8327376,8398520,11,0,0,102,0,2,0,0,3
1235,3365,3,8327452,8398520,0,0,0,0,255,2,0,0,3
1236,3366,1,8327300,8399036,0,0,0,0,255,2,1,0,0
1236,3367,2,8327376,8398520,12,0,0,102,0,2,0,0,3
1236,3368,3,8327452,8398520,0,0,0,0,255,2,0,0,3
1237,3369,1,8327300,8399036,0,0,0,0,255,2,1,0,0
1237,3370,2,8327376,8398520,13,0,0,102,0,2,0,0,3
1237,3371,3,8327452,8398520,0,0,0,0,255,2,0,0,3
1238,3372,1,8327300,8399036,0,0,0,0,255,2,1,0,0
1238,3373,2,8327376,8398520,14,0,0,102,0,2,0,0,3
1238,3374,3,8327452,8398520,0,0,0,0,255,2,0,0,3
1239,3375,1,8327300,8399036,0,0,0,0,255,2,1,0,0
1239,3376,2,8327376,8398520,15,0,0,102,0,2,0,0,3
1239,3377,3,8327452,8398520,0,0,0,0,255,2,0,0,3
1240,3378,1,8327300,8399036,0,0,0,0,255,2,1,0,0
1240,3379,2,8327376,8398520,16,0,0,102,0,2,0,0,3
1240,3380,3,8327452,8398520,0,0,0,0,255,2,0,0,3
1241,3381,1,8327300,8399036,0,0,0,0,255,2,1,0,0
1241,3382,2,8327376,8398520,18,0,0,102,0,2,0,0,3
1241,3383,3,8327452,8398520,0,18,0,102,0,2,0,0,3
1242,3384,1,8327300,8399036,0,0,0,0,255,2,1,0,0
1242,3385,2,8327376,8398520,19,0,0,102,0,2,0,0,3
1242,3386,3,8327452,8398520,0,14,0,102,0,2,0,0,3
1243,3387,1,8327300,8399036,0,0,0,0,255,2,1,0,0
1243,3388,2,8327376,8398520,20,0,0,102,0,2,0,0,3
1243,3389,3,8327452,8398520,0,11,0,102,0,2,0,0,3
1244,3390,1,8327300,8399036,0,0,0,0,255,2,1,0,0
1244,3391,2,8327376,8398520,22,0,0,102,0,2,0,0,3
1244,3392,3,8327452,8398520,0,8,0,102,0,2,0,0,3
1245,3393,1,8327300,8399036,0,0,0,0,255,2,1,0,0
1245,3394,2,8327376,8398520,24,0,0,102,0,2,0,0,3
1245,3395,3,8327452,8398520,0,6,0,102,0,2,0,0,3
1246,3396,1,8327300,8399036,0,0,0,0,255,2,1,0,0
1246,3397,2,8327376,8398520,26,0,0,102,0,2,0,0,3
1246,3398,3,8327452,8398520,0,4,0,102,0,2,0,0,3
1247,3399,1,8327300,8399036,0,0,0,0,255,2,1,0,0
1247,3400,2,8327376,8398520,28,0,0,102,0,2,0,0,3
1247,3401,3,8327452,8398520,0,2,0,102,0,2,0,0,3
1248,3402,1,8327300,8399036,0,0,0,0,255,2,1,0,0
1248,3403,2,8327376,8398520,31,0,0,102,0,2,0,0,3
1248,3404,3,8327452,8398520,0,1,0,102,0,2,0,0,3
1249,3405,1,8327300,8399036,0,0,0,0,255,2,1,0,0
1249,3406,2,8327376,8398520,34,0,0,102,0,2,0,0,3
1249,3407,3,8327452,8398520,0,0,0,102,0,2,0,0,3
1250,3408,1,8327300,8399036,0,0,0,0,255,2,1,0,0
1250,3409,2,8327376,8398520,255,0,0,102,255,2,0,0,3
1250,3410,3,8327452,8398520,0,0,0,102,0,2,0,0,3
1251,3411,1,8327300,8399036,0,0,0,0,255,2,1,0,0
1251,3412,2,8327376,8398520,255,0,0,102,255,2,0,0,3
1251,3413,3,8327452,8398520,0,0,0,102,0,2,0,0,3
1252,3414,1,8327300,8399036,0,0,0,0,255,2,1,0,0
1252,3415,2,8327376,8398520,56,0,0,102,0,2,0,0,3
1252,3416,3,8327452,8398520,3,0,0,102,0,2,0,0,3
1253,3417,1,8327300,8399036,0,0,0,0,255,2,1,0,0
1253,3418,2,8327376,8398520,59,0,0,102,0,2,0,0,3
1253,3419,3,8327452,8398520,3,0,0,102,0,2,0,0,3
1254,3420,1,8327300,8399036,0,0,0,0,255,2,1,0,0
1254,3421,2,8327376,8398520,62,0,0,102,0,2,0,0,3
1254,3422,3,8327452,8398520,4,0,0,102,0,2,0,0,3
1255,3423,1,8327300,8399036,0,0,0,0,255,2,1,0,0
1255,3424,2,8327376,8398520,64,0,0,102,0,2,0,0,3
1255,3425,3,8327452,8398520,4,0,0,102,0,2,0,0,3
1256,3426,1,8327300,8399036,0,0,0,0,255,2,1,0,0
1256,3427,2,8327376,8398520,255,0,0,102,255,2,0,0,3
1256,3428,3,8327452,8398520,5,0,0,102,0,2,0,0,3
1257,3429,1,8327300,8399036,0,0,0,0,255,2,1,0,0
1257,3430,2,8327376,8398520,63,0,0,102,0,2,0,0,3
1257,3431,3,8327452,8398520,5,0,0,102,0,2,0,0,3
1258,3432,1,8327300,8399036,0,0,0,0,255,2,1,0,0
1258,3433,2,8327376,8398520,31,0,0,102,0,2,0,0,3
1258,3434,3,8327452,8398520,5,0,0,102,0,2,0,0,3
1259,3435,1,8327300,8399036,0,0,0,0,255,2,1,0,0
1259,3436,2,8327376,8398520,32,0,0,102,0,2,0,0,3
1259,3437,3,8327452,8398520,5,0,0,102,0,2,0,0,3
1260,3438,1,8327300,8399036,0,0,0,0,255,2,1,0,0
1260,3439,2,8327376,8398520,34,0,0,102,0,2,0,0,3
1260,3440,3,8327452,8398520,5,0,0,102,0,2,0,0,3
1261,3441,1,8327300,8399036,0,0,0,0,255,2,1,0,0
1261,3442,2,8327376,8398520,35,0,0,102,0,2,0,0,3
1261,3443,3,8327452,8398520,5,0,0,102,0,2,0,0,3
1262,3444,1,8327300,8399036,0,0,0,0,255,2,1,0,0
1262,3445,2,8327376,8398520,36,0,0,102,0,2,0,0,3
1262,3446,3,8327452,8398520,5,0,0,102,0,2,0,0,3
1263,3447,1,8327300,8399036,0,0,0,0,255,2,1,0,0
1263,3448,2,8327376,8398520,38,0,0,102,0,2,0,0,3
1263,3449,3,8327452,8398520,4,0,0,102,0,2,0,0,3
1264,3450,1,8327300,8399036,0,0,0,0,255,2,1,0,0
1264,3451,2,8327376,8398520,39,0,0,102,0,2,0,0,3
1264,3452,3,8327452,8398520,4,0,0,102,0,2,0,0,3
1265,3453,1,8327300,8399036,0,0,0,0,255,2,1,0,0
1265,3454,2,8327376,8398520,41,0,0,102,0,2,0,0,3
1265,3455,3,8327452,8398520,4,0,0,102,0,2,0,0,3
1266,3456,1,8327300,8399036,0,0,0,0,255,2,1,0,0
1266,3457,2,8327376,8398520,49,0,0,102,0,2,0,0,3
1266,3458,3,8327452,8398520,3,0,0,102,0,2,0,0,3
1267,3459,1,8327300,8399036,0,0,0,0,255,2,1,0,0
1267,3460,2,8327376,8398520,51,0,0,102,0,2,0,0,3
1267,3461,3,8327452,8398520,3,0,0,102,0,2,0,0,3
1268,3462,1,8327300,8399036,0,0,0,0,255,2,1,0,0
1268,3463,2,8327376,8398520,52,0,0,102,0,2,0,0,3
1268,3464,3,8327452,8398520,3,0,0,102,0,2,0,0,3
1269,3465,1,8327300,8399036,0,0,0,0,255,2,1,0,0
1269,3466,2,8327376,8398520,54,0,0,102,0,2,0,0,3
1269,3467,3,8327452,8398520,2,0,0,102,0,2,0,0,3
1270,3468,1,8327300,8399036,0,0,0,0,255,2,1,0,0
1270,3469,2,8327376,8398520,56,0,0,102,0,2,0,0,3
1270,3470,3,8327452,8398520,2,0,0,102,0,2,0,0,3
1271,3471,1,8327300,8399036,0,0,0,0,255,2,1,0,0
1271,3472,2,8327376,8398520,58,0,0,102,0,2,0,0,3
1271,3473,3,8327452,8398520,1,0,0,102,0,2,0,0,3
1272,3474,1,8327300,8399036,0,0,0,0,255,2,1,0,0
1272,3475,2,8327376,8398520,43,0,0,102,0,2,0,0,3
1272,3476,3,8327452,8398520,1,0,0,102,0,2,0,0,3
1273,3477,1,8327300,8399036,0,0,0,0,255,2,1,0,0
1273,3478,2,8327376,8398520,44,0,0,102,0,2,0,0,3
1273,3479,3,8327452,8398520,0,0,0,102,0,2,0,0,3
1274,3480,1,8327300,8399036,0,0,0,0,255,2,1,0,0
1274,3481,2,8327376,8398520,45,0,0,102,0,2,0,0,3
1274,3482,3,8327452,8398520,0,0,0,102,0,2,0,0,3
1275,3483,1,8327300,8399036,0,0,0,0,255,2,1,0,0
1275,3484,2,8327376,8398520,46,0,0,102,0,2,0,0,3
1275,3485,3,8327452,8398520,0,0,0,102,0,2,0,0,3
1276,3486,1,8327300,8399036,0,0,0,0,255,2,1,0,0
1276,3487,2,8327376,8398520,47,0,0,102,0,2,0,0,3
1276,3488,3,8327452,8398520,1,0,0,102,0,2,0,0,3
1277,3489,1,8327300,8399036,0,0,0,0,255,2,1,0,0
1277,3490,2,8327376,8398520,35,255,0,102,255,2,0,0,0
1277,3491,3,8327452,8398520,1,0,0,102,0,2,0,0,3
1278,3492,1,8327300,8399036,0,0,0,0,255,2,1,0,0
1278,3493,2,8327376,8398520,61,0,0,102,0,2,0,0,3
1278,3494,3,8327452,8398520,2,0,0,102,0,2,0,0,3
1279,3495,1,8327300,8399036,0,0,0,0,255,2,1,0,0
1279,3496,2,8327376,8398520,45,255,0,102,255,2,0,0,0
1279,3497,3,8327452,8398520,3,0,0,102,0,2,0,0,3
1280,3498,1,8327300,8399036,0,0,0,0,255,2,1,0,0
1280,3499,2,8327376,8398520,30,0,0,102,0,2,0,0,0
1280,3500,3,8327452,8398520,4,0,0,102,0,2,0,0,3
1281,3501,1,8327300,8399036,0,0,0,0,255,2,1,0,0
1281,3502,2,8327376,8398520,15,255,0,102,255,2,0,0,0
1281,3503,3,8327452,8398520,4,0,0,102,0,2,0,0,3
1282,3504,1,8327300,8399036,0,0,0,0,255,2,1,0,0
1282,3505,2,8327376,8398520,0,255,0,102,0,2,0,0,0
1282,3506,3,8327452,8398520,5,0,0,102,0,2,0,0,3
1283,3507,1,8327300,8399036,0,0,0,0,255,2,1,0,0
1283,3508,2,8327376,8398520,0,255,0,102,0,2,0,0,0
1283,3509,3,8327452,8398520,6,0,0,102,0,2,0,0,3
1284,3510,1,8327300,8399036,0,0,0,0,255,2,1,0,0
1284,3511,2,8327376,8398520,0,255,0,102,0,2,0,0,0
1284,3512,3,8327452,8398520,7,0,0,102,0,2,0,0,3
1285,3513,1,8327300,8399036,0,0,0,0,255,2,1,0,0
1285,3514,2,8327376,8398520,0,255,0,102,0,2,0,0,0
1285,3515,3,8327452,8398520,9,0,0,102,0,2,0,0,3
1286,3516,1,8327300,8399036,0,0,0,0,255,2,1,0,0
1286,3517,2,8327376,8398520,0,255,0,102,0,2,0,0,0
1286,3518,3,8327452,8398520,10,0,0,102,0,2,0,0,3
1287,3519,1,8327300,8399036,0,0,0,0,255,2,1,0,0
1287,3520,2,8327376,8398520,0,255,0,102,0,2,0,0,0
1287,3521,3,8327452,8398520,7,255,0,102,255,2,0,0,3
1288,3522,1,8327300,8399036,0,0,0,0,255,2,1,0,0
1288,3523,2,8327376,8398520,0,236,0,102,0,2,0,0,0
1288,3524,3,8327452,8398520,5,255,0,102,255,2,0,0,3
1289,3525,1,8327300,8399036,0,0,0,0,255,2,1,0,0
1289,3526,2,8327376,8398520,0,0,0,0,255,2,0,0,0
1289,3527,3,8327452,8398520,2,255,0,102,255,2,0,0,3
1290,3528,1,8327300,8399036,0,0,0,0,255,2,1,0,0
1290,3529,2,8327376,8398520,0,0,0,0,255,2,0,0,0
1290,3530,3,8327452,8398520,0,255,0,102,255,2,0,0,3
1291,3531,1,8327300,8399036,0,0,0,0,255,2,1,0,0
1291,3532,2,8327376,8398520,0,0,0,0,255,2,0,0,0
1291,3533,3,8327452,8398520,0,255,0,102,255,2,0,0,3
1292,3534,1,8327300,8399036,0,0,0,0,255,2,1,0,0
1292,3535,2,8327376,8398520,0,0,0,0,255,2,0,0,0
1292,3536,3,8327452,8398520,0,255,0,102,255,2,0,0,3
1293,3537,1,8327300,8399036,0,0,0,0,255,2,1,0,0
1293,3538,2,8327376,8398520,0,52,0,0,255,2,0,0,3
1293,3539,3,8327452,8398520,0,255,0,102,255,2,0,0,3
1294,3540,1,8327300,8399036,0,0,0,0,255,2,1,0,0
1294,3541,2,8327376,8398520,0,68,0,102,0,2,0,0,3
1294,3542,3,8327452,8398520,0,255,0,102,255,2,0,0,3
1295,3543,1,8327300,8399036,0,0,0,0,255,2,1,0,0
1295,3544,2,8327376,8398520,0,95,0,102,0,2,0,0,3
1295,3545,3,8327452,8398520,0,255,0,102,255,2,0,0,3
1296,3546,1,8327300,8399036,0,0,0,0,255,2,1,0,0
1296,3547,2,8327376,8398520,0,255,0,102,255,2,0,0,3
1296,3548,3,8327452,8398520,0,255,0,102,255,2,0,0,3
1297,3549,1,8327300,8399036,0,0,0,0,255,2,1,0,0
1297,3550,2,8327376,8398520,0,255,0,102,255,2,0,0,3
1297,3551,3,8327452,8398520,0,255,0,102,255,2,0,0,3
1298,3552,1,8327300,8399036,0,0,0,0,255,2,1,0,0
1298,3553,2,8327376,8398520,0,255,0,102,255,2,0,0,3
1298,3554,3,8327452,8398520,0,255,0,102,255,2,0,0,3
1299,3555,1,8327300,8399036,0,0,0,0,255,2,1,0,0
1299,3556,2,8327376,8398520,0,255,0,102,255,2,0,0,3
1299,3557,3,8327452,8398520,0,255,0,102,255,2,0,0,3
1300,3558,1,8327300,8399036,0,0,0,0,255,2,1,1440,0
1300,3559,2,8327376,8398520,0,0,0,0,255,2,0,1440,3
1300,3560,3,8327452,8398520,0,255,0,102,255,2,0,0,3
1301,3561,1,8327300,8399036,0,0,0,0,255,2,1,1440,0
1301,3562,2,8327376,8398520,0,0,0,0,255,2,0,1440,3
1301,3563,3,8327452,8398520,0,255,0,102,255,2,0,0,3
1302,3564,1,8327300,8399036,0,0,0,0,255,2,1,1390,0
1302,3565,2,8327376,8398520,0,0,0,0,255,2,0,1390,3
1302,3566,3,8327452,8398520,0,255,0,102,255,2,0,0,3
1303,3567,1,8327300,8399036,0,0,0,0,255,2,1,1440,0
1303,3568,2,8327376,8398520,0,0,0,0,255,2,0,1440,3
1303,3569,3,8327452,8398520,0,255,0,102,255,2,0,0,3
1304,3570,1,8327300,8399036,0,0,0,0,255,2,1,1390,0
1304,3571,2,8327376,8398520,0,0,0,0,255,2,0,1390,3
1304,3572,3,8327452,8398520,0,255,0,102,255,2,0,0,3
1305,3573,1,8327300,8399036,0,0,0,0,255,2,1,1340,0
1305,3574,2,8327376,8398520,0,0,0,0,255,2,0,1340,3
1305,3575,3,8327452,8398520,0,255,0,102,255,2,0,0,3
1306,3576,1,8327300,8399036,0,0,0,0,255,2,1,1290,0
1306,3577,2,8327376,8398520,0,0,0,0,255,2,0,1290,3
1306,3578,3,8327452,8398520,0,255,0,102,255,2,0,0,3
1307,3579,1,8327300,8399036,0,0,0,0,255,2,1,1240,0
1307,3580,2,8327376,8398520,0,0,0,0,255,2,0,1240,3
1307,3581,3,8327452,8398520,0,255,0,102,255,2,0,0,3
1308,3582,1,8327300,8399036,0,0,0,0,255,2,1,1190,0
1308,3583,2,8327376,8398520,0,0,0,0,255,2,0,1190,3
1308,3584,3,8327452,8398520,0,255,0,102,255,2,0,0,3
1309,3585,1,8327300,8399036,0,0,0,0,255,2,1,1140,0
1309,3586,2,8327376,8398520,0,0,0,0,255,2,0,1140,3
1309,3587,3,8327452,8398520,0,255,0,102,255,2,0,0,3
1310,3588,1,8327300,8399036,0,0,0,0,255,2,1,1090,0
1310,3589,2,8327376,8398520,0,0,0,0,255,2,0,1090,3
1310,3590,3,8327452,8398520,0,255,0,102,255,2,0,0,3
1311,3591,1,8327300,8399036,0,0,0,0,255,2,1,1040,0
1311,3592,2,8327376,8398520,0,0,0,0,255,2,0,1040,3
1311,3593,3,8327452,8398520,0,255,0,102,255,2,0,0,3
1312,3594,1,8327300,8399036,0,0,0,0,255,2,1,990,0
1312,3595,2,8327376,8398520,0,0,0,0,255,2,0,990,3
1312,3596,3,8327452,8398520,0,255,0,102,255,2,0,0,3
1313,3597,1,8327300,8399036,0,0,0,0,255,2,1,940,0
1313,3598,2,8327376,8398520,0,0,0,0,255,2,0,940,3
1313,3599,3,8327452,8398520,0,255,0,102,255,2,0,0,3
1314,3600,1,8327300,8399036,0,0,0,0,255,2,1,890,0
1314,3601,2,8327376,8398520,0,0,0,0,255,2,0,890,3
1314,3602,3,8327452,8398520,0,255,0,102,255,2,0,0,3
1315,3603,1,8327300,8399036,0,0,0,0,255,2,1,840,0
1315,3604,2,8327376,8398520,0,0,0,0,255,2,0,840,3
1315,3605,3,8327452,8398520,0,255,0,102,255,2,0,0,3
1316,3606,1,8327300,8399036,0,0,0,0,255,2,1,790,0
1316,3607,2,8327376,8398520,0,0,0,0,255,2,0,790,3
1316,3608,3,8327452,8398520,0,255,0,102,255,2,0,0,3
1317,3609,1,8327300,8399036,0,0,0,0,255,2,1,740,0
1317,3610,2,8327376,8398520,0,0,0,0,255,2,0,740,3
1317,3611,3,8327452,8398520,0,255,0,102,255,2,0,0,3
1318,3612,1,8327300,8399036,0,0,0,0,255,2,1,690,0
1318,3613,2,8327376,8398520,0,0,0,0,255,2,0,690,3
1318,3614,3,8327452,8398520,0,255,0,102,255,2,0,0,3
1319,3615,1,8327300,8399036,0,0,0,0,255,2,1,640,0
1319,3616,2,8327376,8398520,0,0,0,0,255,2,0,640,3
1319,3617,3,8327452,8398520,0,33,0,102,0,2,0,0,3
1320,3618,1,8327300,8399036,0,0,0,0,255,2,1,590,0
1320,3619,2,8327376,8398520,0,0,0,0,255,2,0,590,3
1320,3620,3,8327452,8398520,0,255,0,102,255,2,0,0,3
1321,3621,1,8327300,8399036,0,0,0,0,255,2,1,540,0
1321,3622,2,8327376,8398520,0,0,0,0,255,2,0,540,3
1321,3623,3,8327452,8398520,0,33,0,102,0,2,0,0,3
1322,3624,1,8327300,8399036,0,0,0,0,255,2,1,490,0
1322,3625,2,8327376,8398520,0,0,0,0,255,2,0,490,3
1322,3626,3,8327452,8398520,0,35,0,102,0,2,0,0,3
1323,3627,1,8327300,8399036,0,0,0,0,255,2,1,440,0
1323,3628,2,8327376,8398520,0,0,0,0,255,2,0,440,3
1323,3629,3,8327452,8398520,0,255,0,102,255,2,0,0,3
1324,3630,1,8327300,8399036,0,0,0,0,255,2,1,390,0
1324,3631,2,8327376,8398520,0,0,0,0,255,2,0,390,3
1324,3632,3,8327452,8398520,0,36,0,102,0,2,0,0,3
1325,3633,1,8327300,8399036,0,0,0,0,255,2,1,340,0
1325,3634,2,8327376,8398520,0,0,0,0,255,2,0,340,3
1325,3635,3,8327452,8398520,0,255,0,102,255,2,0,0,3
1326,3636,1,8327300,8399036,0,0,0,0,255,2,1,290,0
1326,3637,2,8327376,8398520,0,0,0,0,255,2,0,290,3
1326,3638,3,8327452,8398520,0,37,0,102,0,2,0,0,3
1327,3639,1,8327300,8399036,0,255,0,102,255,2,1,240,0
1327,3640,2,8327376,8398520,0,0,0,0,255,2,0,240,3
1327,3641,3,8327452,8398520,0,40,0,102,0,2,0,0,3
1328,3642,1,8327300,8399036,0,0,0,0,255,2,1,190,0
1328,3643,2,8327376,8398520,0,255,0,102,255,2,0,190,3
1328,3644,3,8327452,8398520,0,255,0,102,255,2,0,0,3
1329,3645,1,8327300,8399036,0,0,0,0,255,2,1,140,0
1329,3646,2,8327376,8398520,0,255,0,102,255,2,0,140,3
1329,3647,3,8327452,8398520,0,42,0,102,0,2,0,0,3
1330,3648,1,8327300,8399036,0,0,0,0,255,2,1,90,0
1330,3649,2,8327376,8398520,0,255,0,102,255,2,0,90,3
1330,3650,3,8327452,8398520,0,255,0,102,255,2,0,0,3
1331,3651,1,8327300,8399036,0,0,0,0,255,2,1,40,0
1331,3652,2,8327376,8398520,0,255,0,102,255,2,0,40,3
1331,3653,3,8327452,8398520,0,44,0,102,0,2,0,0,3
1332,3654,1,8327300,8399036,0,0,0,0,255,2,1,0,0
1332,3655,2,8327376,8398520,0,255,0,102,255,2,0,0,3
1332,3656,3,8327452,8398520,0,255,0,102,255,2,0,0,3
1333,3657,1,8327300,8399036,0,255,0,102,255,2,1,0,0
1333,3658,2,8327376,8398520,0,255,0,102,255,2,0,0,3
1333,3659,3,8327452,8398520,0,255,0,102,255,2,0,0,3
1334,3660,1,8327300,8399036,0,255,0,102,255,2,1,0,0
1334,3661,2,8327376,8398520,0,255,0,102,255,2,0,0,3
1334,3662,3,8327452,8398520,0,49,0,102,0,2,0,0,3
1335,3663,1,8327300,8399036,0,255,0,102,0,2,1,0,0
1335,3664,2,8327376,8398520,0,255,0,102,255,2,0,0,3
1335,3665,3,8327452,8398520,0,255,0,102,255,2,0,0,3
1336,3666,1,8327300,8399036,0,231,0,0,255,2,1,0,0
1336,3667,2,8327376,8398520,0,255,0,102,255,2,0,0,3
1336,3668,3,8327452,8398520,0,255,0,102,255,2,0,0,0
1337,3669,1,8327300,8399036,0,191,0,102,0,2,1,0,0
1337,3670,2,8327376,8398520,0,255,0,102,255,2,0,0,3
1337,3671,3,8327452,8398520,0,255,0,102,255,2,0,0,0
1338,3672,1,8327300,8399036,0,173,0,102,0,2,1,0,0
1338,3673,2,8327376,8398520,0,255,0,102,255,2,0,0,3
1338,3674,3,8327452,8398520,0,255,0,102,255,2,0,0,0
1339,3675,1,8327300,8399036,0,161,0,102,0,2,1,0,0
1339,3676,2,8327376,8398520,0,55,0,102,0,2,0,0,3
1339,3677,3,8327452,8398520,0,255,0,102,255,2,0,0,0
1340,3678,1,8327300,8399036,0,154,0,102,0,2,1,0,0
1340,3679,2,8327376,8398520,0,55,0,102,0,2,0,0,3
1340,3680,3,8327452,8398520,0,255,0,102,255,2,0,0,0
1341,3681,1,8327300,8399036,0,150,0,102,0,2,1,0,0
1341,3682,2,8327376,8398520,0,55,0,102,0,2,0,0,3
1341,3683,3,8327452,8398520,0,255,0,102,255,2,0,0,0
1342,3684,1,8327300,8399036,0,148,0,102,0,2,1,0,0
1342,3685,2,8327376,8398520,0,31,0,102,0,2,0,0,3
1342,3686,3,8327452,8398520,0,255,0,102,255,2,0,0,0
1343,3687,1,8327300,8399036,0,147,0,102,0,2,1,0,0
1343,3688,2,8327376,8398520,0,32,0,102,0,2,0,0,3
1343,3689,3,8327452,8398520,0,255,0,102,255,2,0,0,0
1344,3690,1,8327300,8399036,0,146,0,102,0,2,1,0,0
1344,3691,2,8327376,8398520,0,32,0,102,0,2,0,0,3
1344,3692,3,8327452,8398520,0,255,0,102,255,2,0,0,0
1345,3693,1,8327300,8399036,0,146,0,102,0,2,1,0,0
1345,3694,2,8327376,8398520,0,33,0,102,0,2,0,0,3
1345,3695,3,8327452,8398520,0,255,0,102,255,2,0,0,0
1346,3696,1,8327300,8399036,0,146,0,102,0,2,1,0,0
1346,3697,2,8327376,8398520,0,33,0,102,0,2,0,0,3
1346,3698,3,8327452,8398520,0,255,0,102,255,2,0,0,0
1347,3699,1,8327300,8399036,0,146,0,102,0,2,1,0,0
1347,3700,2,8327376,8398520,0,23,0,102,0,2,0,0,3
1347,3701,3,8327452,8398520,0,255,0,102,255,2,0,0,0
1348,3702,1,8327300,8399036,0,145,0,102,0,2,1,0,0
1348,3703,2,8327376,8398520,0,23,0,102,0,2,0,0,3
1348,3704,3,8327452,8398520,0,255,0,102,255,2,0,0,0
1349,3705,1,8327300,8399036,0,144,0,102,0,2,1,0,0
1349,3706,2,8327376,8398520,0,18,0,102,0,2,0,0,3
1349,3707,3,8327452,8398520,0,255,0,102,255,2,0,0,0
1350,3708,1,8327300,8399036,0,143,0,102,0,2,1,0,0
1350,3709,2,8327376,8398520,0,18,0,102,0,2,0,0,3
1350,3710,3,8327452,8398520,0,255,0,102,255,2,0,0,0
1351,3711,1,8327300,8399036,0,141,0,102,0,2,1,0,0
1351,3712,2,8327376,8398520,0,19,0,102,0,2,0,0,3
1351,3713,3,8327452,8398520,0,255,0,102,255,2,0,0,0
1352,3714,1,8327300,8399036,0,139,0,102,0,2,1,0,0
1352,3715,2,8327376,8398520,0,19,0,102,0,2,0,0,3
1352,3716,3,8327452,8398520,0,255,0,102,255,2,0,0,0
1353,3717,1,8327300,8399036,0,136,0,102,0,2,1,0,0
1353,3718,2,8327376,8398520,0,19,0,102,0,2,0,0,3
1353,3719,3,8327452,8398520,0,255,0,102,255,2,0,0,0
1354,3720,1,8327300,8399036,0,133,0,102,0,2,1,0,0
1354,3721,2,8327376,8398520,0,10,0,102,0,2,0,0,3
1354,3722,3,8327452,8398520,0,255,0,102,255,2,0,0,0
1355,3723,1,8327300,8399036,0,130,0,102,0,2,1,0,0
1355,3724,2,8327376,8398520,0,20,0,102,0,2,0,0,3
1355,3725,3,8327452,8398520,0,255,0,102,255,2,0,0,0
1356,3726,1,8327300,8399036,0,126,0,102,0,2,1,0,0
1356,3727,2,8327376,8398520,0,11,0,102,0,2,0,0,3
1356,3728,3,8327452,8398520,0,255,0,102,255,2,0,0,0
1357,3729,1,8327300,8399036,0,122,0,102,0,2,1,0,0
1357,3730,2,8327376,8398520,0,11,0,102,0,2,0,0,3
1357,3731,3,8327452,8398520,0,255,0,102,255,2,0,0,0
1358,3732,1,8327300,8399036,0,117,0,102,0,2,1,0,0
1358,3733,2,8327376,8398520,0,12,0,102,0,2,0,0,3
1358,3734,3,8327452,8398520,0,255,0,102,255,2,0,0,0
1359,3735,1,8327300,8399036,0,113,0,102,0,2,1,0,0
1359,3736,2,8327376,8398520,0,12,0,102,0,2,0,0,3
1359,3737,3,8327452,8398520,0,255,0,102,255,2,0,0,3
1360,3738,1,8327300,8399036,0,108,0,102,0,2,1,0,0
1360,3739,2,8327376,8398520,0,13,0,102,0,2,0,0,3
1360,3740,3,8327452,8398520,0,255,0,102,255,2,0,0,3
1361,3741,1,8327300,8399036,0,103,0,102,0,2,1,0,0
1361,3742,2,8327376,8398520,0,13,0,102,0,2,0,0,3
1361,3743,3,8327452,8398520,0,255,0,102,255,2,0,0,3
1362,3744,1,8327300,8399036,0,98,0,102,0,2,1,0,0
1362,3745,2,8327376,8398520,0,14,0,102,0,2,0,0,3
1362,3746,3,8327452,8398520,0,255,0,102,255,2,0,0,3
1363,3747,1,8327300,8399036,0,93,0,102,0,2,1,0,0
1363,3748,2,8327376,8398520,0,14,0,102,0,2,0,0,3
1363,3749,3,8327452,8398520,0,255,0,102,255,2,0,0,3
1364,3750,1,8327300,8399036,0,88,0,102,0,2,1,0,0
1364,3751,2,8327376,8398520,0,15,0,102,0,2,0,0,3
1364,3752,3,8327452,8398520,0,255,0,102,255,2,0,0,3
1365,3753,1,8327300,8399036,0,82,0,102,0,2,1,0,0
1365,3754,2,8327376,8398520,0,16,0,102,0,2,0,0,3
1365,3755,3,8327452,8398520,0,255,0,102,255,2,0,0,3
1366,3756,1,8327300,8399036,0,77,0,102,0,2,1,0,0
1366,3757,2,8327376,8398520,0,16,0,102,0,2,0,0,3
1366,3758,3,8327452,8398520,0,255,0,102,255,2,0,0,3
1367,3759,1,8327300,8399036,0,72,0,102,0,2,1,0,0
1367,3760,2,8327376,8398520,0,17,0,102,0,2,0,0,3
1367,3761,3,8327452,8398520,0,255,0,102,255,2,0,0,3
1368,3762,1,8327300,8399036,0,67,0,102,0,2,1,0,0
1368,3763,2,8327376,8398520,0,18,0,102,0,2,0,0,3
1368,3764,3,8327452,8398520,0,255,0,102,255,2,0,0,3
1369,3765,1,8327300,8399036,0,62,0,102,0,2,1,0,0
1369,3766,2,8327376,8398520,0,18,0,102,0,2,0,0,3
1369,3767,3,8327452,8398520,0,255,0,102,255,2,0,0,3
1370,3768,1,8327300,8399036,0,58,0,102,0,2,1,0,0
1370,3769,2,8327376,8398520,0,19,0,102,0,2,0,0,3
1370,3770,3,8327452,8398520,0,255,0,102,255,2,0,0,3
1371,3771,1,8327300,8399036,0,53,0,102,0,2,1,0,0
1371,3772,2,8327376,8398520,0,20,0,102,0,2,0,0,3
1371,3773,3,8327452,8398520,0,255,0,102,255,2,0,0,3
1372,3774,1,8327300,8399036,0,49,0,102,0,2,1,0,0
1372,3775,2,8327376,8398520,0,21,0,102,0,2,0,0,3
1372,3776,3,8327452,8398520,0,23,0,102,0,2,0,0,3
1373,3777,1,8327300,8399036,0,45,0,102,0,2,1,0,0
1373,3778,2,8327376,8398520,0,22,0,102,0,2,0,0,3
1373,3779,3,8327452,8398520,0,21,0,102,0,2,0,0,3
1374,3780,1,8327300,8399036,0,41,0,102,0,2,1,0,0
1374,3781,2,8327376,8398520,0,23,0,102,0,2,0,0,3
1374,3782,3,8327452,8398520,0,20,0,102,0,2,0,0,3
1375,3783,1,8327300,8399036,0,36,0,102,0,2,1,0,0
1375,3784,2,8327376,8398520,0,24,0,102,0,2,0,0,3
1375,3785,3,8327452,8398520,0,255,0,102,255,2,0,0,3
1376,3786,1,8327300,8399036,0,33,0,102,0,2,1,0,0
1376,3787,2,8327376,8398520,0,24,0,102,0,2,0,0,3
1376,3788,3,8327452,8398520,0,14,0,102,0,2,0,0,3
1377,3789,1,8327300,8399036,0,30,0,102,0,2,1,0,0
1377,3790,2,8327376,8398520,0,25,0,102,0,2,0,0,3
1377,3791,3,8327452,8398520,0,12,0,102,0,2,0,0,3
1378,3792,1,8327300,8399036,0,27,0,102,0,2,1,0,0
1378,3793,2,8327376,8398520,0,26,0,102,0,2,0,0,3
1378,3794,3,8327452,8398520,0,11,0,102,0,2,0,0,3
1379,3795,1,8327300,8399036,0,24,0,102,0,2,1,0,0
1379,3796,2,8327376,8398520,0,27,0,102,0,2,0,0,3
1379,3797,3,8327452,8398520,0,9,0,102,0,2,0,0,3
1380,3798,1,8327300,8399036,0,22,0,102,0,2,1,0,0
1380,3799,2,8327376,8398520,0,28,0,102,0,2,0,0,3
1380,3800,3,8327452,8398520,0,8,0,102,0,2,0,0,3
1381,3801,1,8327300,8399036,0,18,0,102,0,2,1,0,0
1381,3802,2,8327376,8398520,0,30,0,102,0,2,0,0,3
1381,3803,3,8327452,8398520,0,7,0,102,0,2,0,0,3
1382,3804,1,8327300,8399036,0,16,0,102,0,2,1,0,0
1382,3805,2,8327376,8398520,0,31,0,102,0,2,0,0,3
1382,3806,3,8327452,8398520,0,6,0,102,0,2,0,0,3
1383,3807,1,8327300,8399036,0,15,0,102,0,2,1,0,0
1383,3808,2,8327376,8398520,0,32,0,102,0,2,0,0,3
1383,3809,3,8327452,8398520,0,5,0,102,0,2,0,0,3
1384,3810,1,8327300,8399036,0,0,0,102,0,2,1,0,0
1384,3811,2,8327376,8398520,0,33,0,102,0,2,0,0,3
1384,3812,3,8327452,8398520,0,4,0,102,0,2,0,0,3
1385,3813,1,8327300,8399036,0,0,0,102,0,2,1,0,0
1385,3814,2,8327376,8398520,0,34,0,102,0,2,0,0,3
1385,3815,3,8327452,8398520,0,3,0,102,0,2,0,0,3
1386,3816,1,8327300,8399036,0,0,0,102,0,2,1,0,0
1386,3817,2,8327376,8398520,0,35,0,102,0,2,0,0,3
1386,3818,3,8327452,8398520,0,2,0,102,0,2,0,0,3
1387,3819,1,8327300,8399036,0,0,0,102,0,2,1,0,0
1387,3820,2,8327376,8398520,0,36,0,102,0,2,0,0,3
1387,3821,3,8327452,8398520,0,1,0,102,0,2,0,0,3
1388,3822,1,8327300,8399036,0,0,0,102,0,2,1,0,0
1388,3823,2,8327376,8398520,0,37,0,102,0,2,0,0,3
1388,3824,3,8327452,8398520,0,0,0,102,0,2,0,0,3
1389,3825,1,8327300,8399036,21,0,0,102,0,2,1,0,0
1389,3826,2,8327376,8398520,0,38,0,102,0,2,0,0,3
1389,3827,3,8327452,8398520,0,0,0,102,0,2,0,0,3
1390,3828,1,8327300,8399036,17,0,0,102,0,2,1,0,0
1390,3829,2,8327376,8398520,0,38,0,102,0,2,0,0,3
1390,3830,3,8327452,8398520,0,0,0,102,0,2,0,0,3
1391,3831,1,8327300,8399036,16,0,0,102,0,2,1,0,0
1391,3832,2,8327376,8398520,0,39,0,102,0,2,0,0,3
1391,3833,3,8327452,8398520,0,1,0,102,0,2,0,0,3
1392,3834,1,8327300,8399036,0,0,0,102,0,2,1,0,0
1392,3835,2,8327376,8398520,0,41,0,102,0,2,0,0,3
1392,3836,3,8327452,8398520,0,2,0,102,0,2,0,0,3
1393,3837,1,8327300,8399036,17,0,0,102,0,2,1,0,0
1393,3838,2,8327376,8398520,0,42,0,102,0,2,0,0,3
1393,3839,3,8327452,8398520,0,3,0,102,0,2,0,0,3
1394,3840,1,8327300,8399036,0,0,0,102,0,2,1,0,0
1394,3841,2,8327376,8398520,0,43,0,102,0,2,0,0,3
1394,3842,3,8327452,8398520,0,255,0,102,255,2,0,0,3
1395,3843,1,8327300,8399036,18,0,0,102,0,2,1,0,0
1395,3844,2,8327376,8398520,0,44,0,102,0,2,0,0,3
1395,3845,3,8327452,8398520,0,4,0,102,0,2,0,0,3
1396,3846,1,8327300,8399036,16,0,0,102,0,2,1,0,0
1396,3847,2,8327376,8398520,0,45,0,102,0,2,0,0,3
1396,3848,3,8327452,8398520,0,5,0,102,0,2,0,0,3
1397,3849,1,8327300,8399036,0,0,0,102,0,2,1,0,0
1397,3850,2,8327376,8398520,0,46,0,102,0,2,0,0,3
1397,3851,3,8327452,8398520,0,3,0,102,0,2,0,0,3
1398,3852,1,8327300,8399036,16,0,0,102,0,2,1,0,0
1398,3853,2,8327376,8398520,0,34,0,102,0,2,0,0,3
1398,3854,3,8327452,8398520,0,2,0,102,0,2,0,0,3
1399,3855,1,8327300,8399036,0,0,0,102,0,2,1,0,0
1399,3856,2,8327376,8398520,255,23,0,102,255,2,0,0,3
1399,3857,3,8327452,8398520,0,1,0,102,0,2,0,0,3
1400,3858,1,8327300,8399036,17,0,0,102,0,2,1,0,0
1400,3859,2,8327376,8398520,255,11,0,102,255,2,0,0,3
1400,3860,3,8327452,8398520,3,0,0,102,0,2,0,0,3
1401,3861,1,8327300,8399036,0,0,0,102,0,2,1,0,0
1401,3862,2,8327376,8398520,255,0,0,102,255,2,0,0,3
1401,3863,3,8327452,8398520,3,0,0,102,0,2,0,0,3
1402,3864,1,8327300,8399036,0,0,0,102,0,2,1,0,0
1402,3865,2,8327376,8398520,10,0,0,102,0,2,0,0,3
1402,3866,3,8327452,8398520,4,0,0,102,0,2,0,0,3
1403,3867,1,8327300,8399036,18,0,0,102,0,2,1,0,0
1403,3868,2,8327376,8398520,255,0,0,102,255,2,0,0,3
1403,3869,3,8327452,8398520,4,0,0,102,0,2,0,0,3
1404,3870,1,8327300,8399036,15,0,0,102,0,2,1,0,0
1404,3871,2,8327376,8398520,115,0,0,102,0,2,0,0,3
1404,3872,3,8327452,8398520,5,0,0,102,0,2,0,0,3
1405,3873,1,8327300,8399036,0,0,0,102,0,2,1,0,0
1405,3874,2,8327376,8398520,116,0,0,102,0,2,0,0,3
1405,3875,3,8327452,8398520,5,0,0,102,0,2,0,0,3
1406,3876,1,8327300,8399036,0,0,0,102,0,2,1,0,0
1406,3877,2,8327376,8398520,116,0,0,102,0,2,0,0,3
1406,3878,3,8327452,8398520,6,0,0,102,0,2,0,0,3
1407,3879,1,8327300,8399036,16,0,0,102,0,2,1,0,0
1407,3880,2,8327376,8398520,116,0,0,102,0,2,0,0,3
1407,3881,3,8327452,8398520,6,0,0,102,0,2,0,0,3
1408,3882,1,8327300,8399036,0,0,0,102,0,2,1,0,0
1408,3883,2,8327376,8398520,116,0,0,102,0,2,0,0,3
1408,3884,3,8327452,8398520,7,0,0,102,0,2,0,0,3
1409,3885,1,8327300,8399036,0,0,0,102,0,2,1,0,0
1409,3886,2,8327376,8398520,118,0,0,102,0,2,0,0,3
1409,3887,3,8327452,8398520,7,0,0,102,0,2,0,0,3
1410,3888,1,8327300,8399036,17,0,0,102,0,2,1,0,0
1410,3889,2,8327376,8398520,115,0,0,102,0,2,0,0,3
1410,3890,3,8327452,8398520,2,0,0,102,0,2,0,0,3
1411,3891,1,8327300,8399036,0,0,0,102,0,2,1,0,0
1411,3892,2,8327376,8398520,114,0,0,102,0,2,0,0,3
1411,3893,3,8327452,8398520,2,0,0,102,0,2,0,0,3
1412,3894,1,8327300,8399036,0,0,0,102,0,2,1,0,0
1412,3895,2,8327376,8398520,115,0,0,102,0,2,0,0,3
1412,3896,3,8327452,8398520,3,0,0,102,0,2,0,0,3
1413,3897,1,8327300,8399036,16,0,0,102,0,2,1,0,0
1413,3898,2,8327376,8398520,115,0,0,102,0,2,0,0,3
1413,3899,3,8327452,8398520,3,0,0,102,0,2,0,0,3
1414,3900,1,8327300,8399036,0,0,0,102,0,2,1,0,0
1414,3901,2,8327376,8398520,116,0,0,102,0,2,0,0,3
1414,3902,3,8327452,8398520,3,0,0,102,0,2,0,0,3
1415,3903,1,8327300,8399036,0,0,0,102,0,2,1,0,0
1415,3904,2,8327376,8398520,114,0,0,102,0,2,0,0,3
1415,3905,3,8327452,8398520,3,0,0,102,0,2,0,0,3
1416,3906,1,8327300,8399036,15,0,0,102,0,2,1,0,0
1416,3907,2,8327376,8398520,115,0,0,102,0,2,0,0,3
1416,3908,3,8327452,8398520,3,0,0,102,0,2,0,0,3
1417,3909,1,8327300,8399036,0,0,0,102,0,2,1,0,0
1417,3910,2,8327376,8398520,117,0,0,102,0,2,0,0,3
1417,3911,3,8327452,8398520,3,0,0,102,0,2,0,0,3
1418,3912,1,8327300,8399036,0,0,0,102,0,2,1,0,0
1418,3913,2,8327376,8398520,119,0,0,102,0,2,0,0,3
1418,3914,3,8327452,8398520,4,0,0,102,0,2,0,0,3
1419,3915,1,8327300,8399036,15,0,0,102,0,2,1,0,0
1419,3916,2,8327376,8398520,121,0,0,102,0,2,0,0,3
1419,3917,3,8327452,8398520,4,0,0,102,0,2,0,0,3
1420,3918,1,8327300,8399036,13,0,0,102,0,2,1,0,0
1420,3919,2,8327376,8398520,119,0,0,102,0,2,0,0,3
1420,3920,3,8327452,8398520,4,0,0,102,0,2,0,0,3
1421,3921,1,8327300,8399036,15,0,0,102,0,2,1,0,0
1421,3922,2,8327376,8398520,122,0,0,102,0,2,0,0,3
1421,3923,3,8327452,8398520,4,0,0,102,0,2,0,0,3
1422,3924,1,8327300,8399036,14,0,0,102,0,2,1,0,0
1422,3925,2,8327376,8398520,125,0,0,102,0,2,0,0,3
1422,3926,3,8327452,8398520,4,0,0,102,0,2,0,0,3
1423,3927,1,8327300,8399036,11,0,0,102,0,2,1,0,0
1423,3928,2,8327376,8398520,123,0,0,102,0,2,0,0,3
1423,3929,3,8327452,8398520,4,0,0,102,0,2,0,0,3
1424,3930,1,8327300,8399036,16,0,0,102,0,2,1,0,0
1424,3931,2,8327376,8398520,127,0,0,102,0,2,0,0,3
1424,3932,3,8327452,8398520,4,0,0,102,0,2,0,0,3
1425,3933,1,8327300,8399036,14,0,0,102,0,2,1,0,0
1425,3934,2,8327376,8398520,133,0,0,102,0,2,0,0,3
1425,3935,3,8327452,8398520,5,0,0,102,0,2,0,0,3
1426,3936,1,8327300,8399036,14,0,0,102,0,2,1,0,0
1426,3937,2,8327376,8398520,138,0,0,102,0,2,0,0,3
1426,3938,3,8327452,8398520,5,0,0,102,0,2,0,0,3
1427,3939,1,8327300,8399036,0,0,0,102,0,2,1,0,0
1427,3940,2,8327376,8398520,144,0,0,102,0,2,0,0,3
1427,3941,3,8327452,8398520,5,0,0,102,0,2,0,0,3
1428,3942,1,8327300,8399036,7,0,0,0,0,2,1,0,0
1429,3943,1,8327300,8399036,7,0,0,0,0,2,1,0,0
1430,3944,1,8327300,8399036,7,0,0,0,0,2,1,0,0
1431,3945,1,8327300,8399036,7,0,0,0,0,2,1,0,0
1432,3946,1,8327300,8399036,7,0,0,0,0,2,1,0,0
1433,3947,1,8327300,8399036,7,0,0,0,0,2,1,0,0
1434,3948,1,8327300,8399036,7,0,0,0,0,2,1,0,0
1435,3949,1,8327300,8399036,7,0,0,0,0,2,1,0,0
1436,3950,1,8327300,8399036,7,0,0,0,0,2,1,0,0
1437,3951,1,8327300,8399036,7,0,0,0,0,2,1,0,0
1438,3952,1,8327300,8399036,7,0,0,0,0,2,1,0,0
1439,3953,1,8327300,8399036,7,0,0,0,0,2,1,0,0
1440,3954,1,8327300,8399036,7,0,0,0,0,2,1,0,0
1441,3955,1,8327300,8399036,7,0,0,0,0,2,1,0,0
1442,3956,1,8327300,8399036,7,0,0,0,0,2,1,0,0
1443,3957,1,8327300,8399036,7,0,0,0,0,2,1,0,0
1444,3958,1,8327300,8399036,7,0,0,0,0,2,1,0,0
1445,3959,1,8327300,8399036,7,0,0,0,0,2,1,0,0
1446,3960,1,8327300,8399036,7,0,0,0,0,2,1,0,0
1447,3961,1,8327300,8399036,7,0,0,0,0,2,1,0,0
1448,3962,1,8327300,8399036,7,0,0,0,0,2,1,0,0
1449,3963,1,8327300,8399036,7,0,0,0,0,2,1,0,0
1450,3964,1,8327300,8399036,7,0,0,0,0,2,1,0,0
1451,3965,1,8327300,8399036,7,0,0,0,0,2,1,0,0
1452,3966,1,8327300,8399036,7,0,0,0,0,2,1,0,0
1453,3967,1,8327300,8399036,7,0,0,0,0,2,1,0,0
1454,3968,1,8327300,8399036,7,0,0,0,0,2,1,0,0
1455,3969,1,8327300,8399036,7,0,0,0,0,2,1,0,0
1456,3970,1,8327300,8399036,7,0,0,0,0,2,1,0,0
1457,3971,1,8327300,8399036,7,0,0,0,0,2,1,0,0
1458,3972,1,8327300,8399036,7,0,0,0,0,2,1,0,0
1459,3973,1,8327300,8399036,7,0,0,0,0,2,1,0,0
1460,3974,1,8327300,8399036,7,0,0,0,0,2,1,0,0
1461,3975,1,8327300,8399036,7,0,0,0,0,2,1,0,0
1462,3976,1,8327300,8399036,7,0,0,0,0,2,1,0,0
1463,3977,1,8327300,8399036,7,0,0,0,0,2,1,0,0
1464,3978,1,8327300,8399036,7,0,0,0,0,2,1,0,0
1465,3979,1,8327300,8399036,7,0,0,0,0,2,1,0,0
1466,3980,1,8327300,8399036,7,0,0,0,0,2,1,0,0
1467,3981,1,8327300,8399036,7,255,0,0,0,2,1,0,0
1468,3982,1,8327300,8399036,7,255,0,0,0,2,1,0,0
1469,3983,1,8327300,8399036,7,255,0,0,0,2,1,0,0
1470,3984,1,8327300,8399036,7,255,0,0,0,2,1,0,0
1471,3985,1,8327300,8399036,7,255,0,0,0,2,1,0,0
1472,3986,1,8327300,8399036,7,255,0,0,0,2,1,0,0
1473,3987,1,8327300,8399036,7,255,0,0,0,2,1,0,0
1474,3988,1,8327300,8399036,7,255,0,0,0,2,1,0,0
1475,3989,1,8327300,8399036,7,255,0,0,0,2,1,0,0
1476,3990,1,8327300,8399036,7,255,0,0,0,2,1,0,0
1477,3991,1,8327300,8399036,7,255,0,0,0,2,1,0,0
1478,3992,1,8327300,8399036,7,255,0,0,0,2,1,0,0
1479,3993,1,8327300,8399036,7,255,0,0,0,2,1,0,0
1480,3994,1,8327300,8399036,7,255,0,0,0,2,1,0,0
1481,3995,1,8327300,8399036,7,255,0,0,0,2,1,0,0
1482,3996,1,8327300,8399036,7,255,0,0,0,2,1,0,0
1483,3997,1,8327300,8399036,7,255,0,0,0,2,1,0,0
1484,3998,1,8327300,8399036,7,255,0,0,0,2,1,0,0
1485,3999,1,8327300,8399036,7,255,0,0,0,2,1,0,0
1486,4000,1,8327300,8399036,7,255,0,0,0,2,1,0,0
1487,4001,1,8327300,8399036,7,255,0,0,0,2,1,0,0
1488,4002,1,8327300,8399036,7,255,0,0,0,2,1,0,0
1489,4003,1,8327300,8399036,7,255,0,0,0,2,1,0,0
1490,4004,1,8327300,8399036,7,255,0,0,0,2,1,0,0
1491,4005,1,8327300,8399036,7,255,0,0,0,2,1,0,0
1492,4006,1,8327300,8399036,7,255,0,0,0,2,1,0,0
1493,4007,1,8327300,8399036,7,255,0,0,0,2,1,0,0
1494,4008,1,8327300,8399036,7,255,0,0,0,2,1,0,0
1495,4009,1,8327300,8399036,7,255,0,0,0,2,1,0,0
1496,4010,1,8327300,8399036,7,255,0,0,0,2,1,0,0
1497,4011,1,8327300,8399036,7,255,0,0,0,2,1,0,0
1498,4012,1,8327300,8399036,7,255,0,0,0,2,1,0,0
1499,4013,1,8327300,8399036,7,255,0,0,0,2,1,0,0
1500,4014,1,8327300,8399036,7,255,0,0,0,2,1,0,0
1501,4015,1,8327300,8399036,7,255,0,0,0,2,1,0,0
1502,4016,1,8327300,8399036,7,255,0,0,0,2,1,0,0
1503,4017,1,8327300,8399036,7,255,0,0,0,2,1,0,0
1504,4018,1,8327300,8399036,7,255,0,0,0,2,1,0,0
1505,4019,1,8327300,8399036,7,255,0,0,0,2,1,0,0
1506,4020,1,8327300,8399036,7,255,0,0,0,2,1,0,0
1507,4021,1,8327300,8399036,7,255,0,0,0,2,1,0,0
1508,4022,1,8327300,8399036,7,255,0,0,0,2,1,0,0
1509,4023,1,8327300,8399036,7,255,0,0,0,2,1,0,0
1510,4024,1,8327300,8399036,7,255,0,0,0,2,1,0,0
1511,4025,1,8327300,8399036,7,255,0,0,0,2,1,0,0
1512,4026,1,8327300,8399036,7,255,0,0,0,2,1,0,0
1513,4027,1,8327300,8399036,7,255,0,0,0,2,1,0,0
1514,4028,1,8327300,8399036,7,255,0,0,0,2,1,0,0
1515,4029,1,8327300,8399036,7,255,0,0,0,2,1,0,0
1516,4030,1,8327300,8399036,7,255,0,0,0,2,1,0,0
1517,4031,1,8327300,8399036,7,255,0,0,0,2,1,0,0
1518,4032,1,8327300,8399036,7,255,0,0,0,2,1,0,0
1519,4033,1,8327300,8399036,7,255,0,0,0,2,1,0,0
1520,4034,1,8327300,8399036,7,255,0,0,0,2,1,0,0
1521,4035,1,8327300,8399036,7,255,0,0,0,2,1,0,0
1522,4036,1,8327300,8399036,7,255,0,0,0,2,1,0,0
1523,4037,1,8327300,8399036,7,255,0,0,0,2,1,0,0
1524,4038,1,8327300,8399036,7,255,0,0,0,2,1,0,0
1525,4039,1,8327300,8399036,7,255,0,0,0,2,1,0,0
1526,4040,1,8327300,8399036,7,255,0,0,0,2,1,0,0
1527,4041,1,8327300,8399036,7,255,0,0,0,2,1,0,0
1528,4042,1,8327300,8399036,7,255,0,0,0,2,1,0,0
1529,4043,1,8327300,8399036,7,255,0,0,0,2,1,0,0
1530,4044,1,8327300,8399036,7,255,0,0,0,2,1,0,0
1531,4045,1,8327300,8399036,7,255,0,0,0,2,1,0,0
1532,4046,1,8327300,8399036,7,255,0,0,0,2,1,0,0
1533,4047,1,8327300,8399036,7,255,0,0,0,2,1,0,0
1534,4048,1,8327300,8399036,7,255,0,0,0,2,1,0,0
1535,4049,1,8327300,8399036,7,255,0,0,0,2,1,0,0
1536,4050,1,8327300,8399036,7,255,0,0,0,2,1,0,0
1537,4051,1,8327300,8399036,7,255,0,0,0,2,1,0,0
1538,4052,1,8327300,8399036,7,255,0,0,0,2,1,0,0
1539,4053,1,8327300,8399036,7,255,0,0,0,2,1,0,0
1540,4054,1,8327300,8399036,7,255,0,0,0,2,1,0,0
1541,4055,1,8327300,8399036,7,255,0,0,0,2,1,0,0
1542,4056,1,8327300,8399036,7,255,0,0,0,2,1,0,0
1543,4057,1,8327300,8399036,7,255,0,0,0,2,1,0,0
1544,4058,1,8327300,8399036,7,255,0,0,0,2,1,0,0
1545,4059,1,8327300,8399036,7,255,0,0,0,2,1,0,0
1546,4060,1,8327300,8399036,7,255,0,0,0,2,1,0,0
1547,4061,1,8327300,8399036,7,255,0,0,0,2,1,0,0
1548,4062,1,8327300,8399036,7,255,0,0,0,2,1,0,0
1549,4063,1,8327300,8399036,7,255,0,0,0,2,1,0,0
1550,4064,1,8327300,8399036,7,255,0,0,0,2,1,0,0
1551,4065,1,8327300,8399036,7,255,0,0,0,2,1,0,0
1552,4066,1,8327300,8399036,7,255,0,0,0,2,1,0,0
1553,4067,1,8327300,8399036,7,255,0,0,0,2,1,0,0
1554,4068,1,8327300,8399036,7,255,0,0,0,2,1,0,0
1555,4069,1,8327300,8399036,7,255,0,0,0,2,1,0,0
1556,4070,1,8327300,8399036,7,255,0,0,0,2,1,0,0
1557,4071,1,8327300,8399036,7,255,0,0,0,2,1,0,0
1558,4072,1,8327300,8399036,7,255,0,0,0,2,1,0,0
1559,4073,1,8327300,8399036,7,255,0,0,0,2,1,0,0
1560,4074,1,8327300,8399036,7,255,0,0,0,2,1,0,0
1561,4075,1,8327300,8399036,7,255,0,0,0,2,1,0,0
1562,4076,1,8327300,8399036,7,255,0,0,0,2,1,0,0
1563,4077,1,8327300,8399036,7,255,0,0,0,2,1,0,0
1564,4078,1,8327300,8399036,7,255,0,0,0,2,1,0,0
1565,4079,1,8327300,8399036,7,255,0,0,0,2,1,0,0
1566,4080,1,8327300,8399036,7,255,0,0,0,2,1,0,0
1567,4081,1,8327300,8399036,7,255,0,0,0,2,1,0,0
1568,4082,1,8327300,8399036,7,255,0,0,0,2,1,0,0
1569,4083,1,8327300,8399036,7,255,0,0,0,2,1,0,0
1570,4084,1,8327300,8399036,7,255,0,0,0,2,1,0,0
1571,4085,1,8327300,8399036,7,255,0,0,0,2,1,0,0
1572,4086,1,8327300,8399036,7,255,0,0,0,2,1,0,0
1573,4087,1,8327300,8399036,7,255,0,0,0,2,1,0,0
1574,4088,1,8327300,8399036,7,255,0,0,0,2,1,0,0
1575,4089,1,8327300,8399036,7,255,0,0,0,2,1,0,0
1576,4090,1,8327300,8399036,7,255,0,0,0,2,1,0,0
1577,4091,1,8327300,8399036,7,255,0,0,0,2,1,0,0
1578,4092,1,8327300,8399036,7,255,0,0,0,2,1,0,0
1579,4093,1,8327300,8399036,7,255,0,0,0,2,1,0,0
1580,4094,1,8327300,8399036,7,255,0,0,0,2,1,0,0
1581,4095,1,8327300,8399036,7,255,0,0,0,2,1,0,0
1582,4096,1,8327300,8399036,7,255,0,0,0,2,1,0,0
1583,4097,1,8327300,8399036,7,255,0,0,0,2,1,0,0
1584,4098,1,8327300,8399036,7,255,0,0,0,2,1,0,0
1585,4099,1,8327300,8399036,7,255,0,0,0,2,1,0,0
1586,4100,1,8327300,8399036,7,255,0,0,0,2,1,0,0
1587,4101,1,8327300,8399036,7,255,0,0,0,2,1,0,0
1588,4102,1,8327300,8399036,7,255,0,0,0,2,1,0,0
1589,4103,1,8327300,8399036,7,255,0,0,0,2,1,0,0
1590,4104,1,8327300,8399036,7,255,0,0,0,2,1,0,0
1591,4105,1,8327300,8399036,7,255,0,0,0,2,1,0,0
1592,4106,1,8327300,8399036,7,255,0,0,0,2,1,0,0
1593,4107,1,8327300,8399036,7,255,0,0,0,2,1,0,0
1594,4108,1,8327300,8399036,7,255,0,0,0,2,1,0,0
1595,4109,1,8327300,8399036,7,255,0,0,0,2,1,0,0
1596,4110,1,8327300,8399036,7,255,0,0,0,2,1,0,0
1597,4111,1,8327300,8399036,7,255,0,0,0,2,1,0,0
1598,4112,1,8327300,8399036,7,255,0,0,0,2,1,0,0
1599,4113,1,8327300,8399036,7,255,0,0,0,2,1,0,0
1600,4114,1,8327300,8399036,7,255,0,0,0,2,1,0,0
1601,4115,1,8327300,8399036,7,255,0,0,0,2,1,0,0
1602,4116,1,8327300,8399036,7,255,0,0,0,2,1,0,0
1603,4117,1,8327300,8399036,7,255,0,0,0,2,1,0,0
1604,4118,1,8327300,8399036,7,255,0,0,0,2,1,0,0
1605,4119,1,8327300,8399036,7,255,0,0,0,2,1,0,0
1606,4120,1,8327300,8399036,7,255,0,0,0,2,1,0,0
1607,4121,1,8327300,8399036,7,255,0,0,0,2,1,0,0
1608,4122,1,8327300,8399036,7,255,0,0,0,2,1,0,0
1609,4123,1,8327300,8399036,7,255,0,0,0,2,1,0,0
1610,4124,1,8327300,8399036,7,255,0,0,0,2,1,0,0
1611,4125,1,8327300,8399036,7,255,0,0,0,2,1,0,0
1612,4126,1,8327300,8399036,7,255,0,0,0,2,1,0,0
1613,4127,1,8327300,8399036,7,255,0,0,0,2,1,0,0
1614,4128,1,8327300,8399036,7,255,0,0,0,2,1,0,0
1615,4129,1,8327300,8399036,7,255,0,0,0,2,1,0,0
1616,4130,1,8327300,8399036,7,255,0,0,0,2,1,0,0
1617,4131,1,8327300,8399036,7,255,0,0,0,2,1,0,0
1618,4132,1,8327300,8399036,7,255,0,0,0,2,1,0,0
1619,4133,1,8327300,8399036,7,255,0,0,0,2,1,0,0
1620,4134,1,8327300,8399036,7,255,0,0,0,2,1,0,0
1621,4135,1,8327300,8399036,7,255,0,0,0,2,1,0,0
1622,4136,1,8327300,8399036,7,255,0,0,0,2,1,0,0
1623,4137,1,8327300,8399036,7,255,0,0,0,2,1,0,0
1624,4138,1,8327300,8399036,7,255,0,0,0,2,1,0,0
1625,4139,1,8327300,8399036,7,255,0,0,0,2,1,0,0
1626,4140,1,8327300,8399036,7,255,0,0,0,2,1,0,0
1627,4141,1,8327300,8399036,7,255,0,0,0,2,1,0,0
1628,4142,1,8327300,8399036,7,255,0,0,0,2,1,0,0
1629,4143,1,8327300,8399036,7,255,0,0,0,2,1,0,0
1630,4144,1,8327300,8399036,7,255,0,0,0,2,1,0,0
1631,4145,1,8327300,8399036,7,255,0,0,0,2,1,0,0
1632,4146,1,8327300,8399036,7,255,0,0,0,2,1,0,0
1633,4147,1,8327300,8399036,7,255,0,0,0,2,1,0,0
1634,4148,1,8327300,8399036,7,255,0,0,0,2,1,0,0
1635,4149,1,8327300,8399036,7,255,0,0,0,2,1,0,0
1636,4150,1,8327300,8399036,7,255,0,0,0,2,1,0,0
1637,4151,1,8327300,8399036,7,255,0,0,0,2,1,0,0
1638,4152,1,8327300,8399036,7,255,0,0,0,2,1,0,0
1639,4153,1,8327300,8399036,7,255,0,0,0,2,1,0,0
1640,4154,1,8327300,8399036,7,255,0,0,0,2,1,0,0
1641,4155,1,8327300,8399036,7,255,0,0,0,2,1,0,0
1642,4156,1,8327300,8399036,7,255,0,0,0,2,1,0,0
1643,4157,1,8327300,8399036,7,255,0,0,0,2,1,0,0
1644,4158,1,8327300,8399036,7,255,0,0,0,2,1,0,0
1645,4159,1,8327300,8399036,7,255,0,0,0,2,1,0,0
1646,4160,1,8327300,8399036,7,255,0,0,0,2,1,0,0
1647,4161,1,8327300,8399036,7,255,0,0,0,2,1,0,0
1648,4162,1,8327300,8399036,7,255,0,0,0,2,1,0,0
1649,4163,1,8327300,8399036,7,255,0,0,0,2,1,0,0
1650,4164,1,8327300,8399036,7,255,0,0,0,2,1,0,0
1651,4165,1,8327300,8399036,7,255,0,0,0,2,1,0,0
1652,4166,1,8327300,8399036,7,255,0,0,0,2,1,0,0
1653,4167,1,8327300,8399036,7,255,0,0,0,2,1,0,0
1654,4168,1,8327300,8399036,7,255,0,0,0,2,1,0,0
1655,4169,1,8327300,8399036,7,255,0,0,0,2,1,0,0
1656,4170,1,8327300,8399036,7,255,0,0,0,2,1,0,0
1657,4171,1,8327300,8399036,7,255,0,0,0,2,1,0,0
1658,4172,1,8327300,8399036,7,255,0,0,0,2,1,0,0
1659,4173,1,8327300,8399036,7,255,0,0,0,2,1,0,0
1660,4174,1,8327300,8399036,7,255,0,0,0,2,1,0,0
1661,4175,1,8327300,8399036,7,255,0,0,0,2,1,0,0
1662,4176,1,8327300,8399036,7,255,0,0,0,2,1,0,0
1663,4177,1,8327300,8399036,7,255,0,0,0,2,1,0,0
1664,4178,1,8327300,8399036,7,255,0,0,0,2,1,0,0
1665,4179,1,8327300,8399036,7,255,0,0,0,2,1,0,0
1666,4180,1,8327300,8399036,7,255,0,0,0,2,1,0,0
1667,4181,1,8327300,8399036,7,255,0,0,0,2,1,0,0
1668,4182,1,8327300,8399036,7,255,0,0,0,2,1,0,0
1669,4183,1,8327300,8399036,7,255,0,0,0,2,1,0,0
1670,4184,1,8327300,8399036,7,255,0,0,0,2,1,0,0
1671,4185,1,8327300,8399036,7,255,0,0,0,2,1,0,0
1672,4186,1,8327300,8399036,7,255,0,0,0,2,1,0,0
1673,4187,1,8327300,8399036,7,255,0,0,0,2,1,0,0
1674,4188,1,8327300,8399036,7,255,0,0,0,2,1,0,0
1675,4189,1,8327300,8399036,7,255,0,0,0,2,1,0,0
1676,4190,1,8327300,8399036,7,255,0,0,0,2,1,0,0
1677,4191,1,8327300,8399036,7,255,0,0,0,2,1,0,0
1678,4192,1,8327300,8399036,7,255,0,0,0,2,1,0,0
1679,4193,1,8327300,8399036,7,255,0,0,0,2,1,0,0
1680,4194,1,8327300,8399036,7,255,0,0,0,2,1,0,0
1681,4195,1,8327300,8399036,7,255,0,0,0,2,1,0,0
1682,4196,1,8327300,8399036,7,255,0,0,0,2,1,0,0
1683,4197,1,8327300,8399036,7,255,0,0,0,2,1,0,0
1684,4198,1,8327300,8399036,7,255,0,0,0,2,1,0,0
1685,4199,1,8327300,8399036,7,255,0,0,0,2,1,0,0
1686,4200,1,8327300,8399036,7,255,0,0,0,2,1,0,0
1687,4201,1,8327300,8399036,7,255,0,0,0,2,1,0,0
1688,4202,1,8327300,8399036,7,255,0,0,0,2,1,0,0
1689,4203,1,8327300,8399036,7,255,0,0,0,2,1,0,0
1690,4204,1,8327300,8399036,7,255,0,0,0,2,1,0,0
1691,4205,1,8327300,8399036,7,255,0,0,0,2,1,0,0
1692,4206,1,8327300,8399036,7,255,0,0,0,2,1,0,0
1693,4207,1,8327300,8399036,7,255,0,0,0,2,1,0,0
1694,4208,1,8327300,8399036,7,255,0,0,0,2,1,0,0
1695,4209,1,8327300,8399036,7,255,0,0,0,2,1,0,0
1696,4210,1,8327300,8399036,7,255,0,0,0,2,1,0,0
1697,4211,1,8327300,8399036,7,255,0,0,0,2,1,0,0
1698,4212,1,8327300,8399036,7,255,0,0,0,2,1,0,0
1699,4213,1,8327300,8399036,7,255,0,0,0,2,1,0,0
1700,4214,1,8327300,8399036,7,255,0,0,0,2,1,0,0
1701,4215,1,8327300,8399036,7,255,0,0,0,2,1,0,0
1702,4216,1,8327300,8399036,7,255,0,0,0,2,1,0,0
1703,4217,1,8327300,8399036,7,255,0,0,0,2,1,0,0
1704,4218,1,8327300,8399036,7,255,0,0,0,2,1,0,0
1705,4219,1,8327300,8399036,7,255,0,0,0,2,1,0,0
1706,4220,1,8327300,8399036,7,255,0,0,0,2,1,0,0
1707,4221,1,8327300,8399036,7,255,0,0,0,2,1,0,0
1708,4222,1,8327300,8399036,7,255,0,0,0,2,1,0,0
1709,4223,1,8327300,8399036,7,255,0,0,0,2,1,0,0
1710,4224,1,8327300,8399036,7,255,0,0,0,2,1,0,0
1711,4225,1,8327300,8399036,7,255,0,0,0,2,1,0,0
1712,4226,1,8327300,8399036,7,255,0,0,0,2,1,0,0
1713,4227,1,8327300,8399036,7,255,0,0,0,2,1,0,0
1714,4228,1,8327300,8399036,7,255,0,0,0,2,1,0,0
1715,4229,1,8327300,8399036,7,255,0,0,0,2,1,0,0
1716,4230,1,8327300,8399036,7,255,0,0,0,2,1,0,0
1717,4231,1,8327300,8399036,7,255,0,0,0,2,1,0,0
1718,4232,1,8327300,8399036,7,255,0,0,0,2,1,0,0
1719,4233,1,8327300,8399036,7,255,0,0,0,2,1,0,0
1720,4234,1,8327300,8399036,7,255,0,0,0,2,1,0,0
1721,4235,1,8327300,8399036,7,255,0,0,0,2,1,0,0
1722,4236,1,8327300,8399036,7,255,0,0,0,2,1,0,0
1723,4237,1,8327300,8399036,7,255,0,0,0,2,1,0,0
1724,4238,1,8327300,8399036,7,255,0,0,0,2,1,0,0
1725,4239,1,8327300,8399036,7,255,0,0,0,2,1,0,0
1726,4240,1,8327300,8399036,7,255,0,0,0,2,1,0,0
1727,4241,1,8327300,8399036,7,255,0,0,0,2,1,0,0
1728,4242,1,8327300,8399036,7,255,0,0,0,2,1,0,0
1729,4243,1,8327300,8399036,7,255,0,0,0,2,1,0,0
1730,4244,1,8327300,8399036,7,255,0,0,0,2,1,0,0
1731,4245,1,8327300,8399036,7,255,0,0,0,2,1,0,0
1732,4246,1,8327300,8399036,7,255,0,0,0,2,1,0,0
1733,4247,1,8327300,8399036,7,255,0,0,0,2,1,0,0
1734,4248,1,8327300,8399036,7,255,0,0,0,2,1,0,0
1735,4249,1,8327300,8399036,7,255,0,0,0,2,1,0,0
1736,4250,1,8327300,8399036,7,255,0,0,0,2,1,0,0
1737,4251,1,8327300,8399036,7,255,0,0,0,2,1,0,0
1738,4252,1,8327300,8399036,7,255,0,0,0,2,1,0,0
1739,4253,1,8327300,8399036,7,255,0,0,0,2,1,0,0
1740,4254,1,8327300,8399036,7,255,0,0,0,2,1,0,0
1741,4255,1,8327300,8399036,7,255,0,0,0,2,1,0,0
1742,4256,1,8327300,8399036,7,255,0,0,0,2,1,0,0
1743,4257,1,8327300,8399036,7,255,0,0,0,2,1,0,0
1744,4258,1,8327300,8399036,7,255,0,0,0,2,1,0,0
1745,4259,1,8327300,8399036,7,255,0,0,0,2,1,0,0
1746,4260,1,8327300,8399036,7,255,0,0,0,2,1,0,0
1747,4261,1,8327300,8399036,7,255,0,0,0,2,1,0,0
1748,4262,1,8327300,8399036,7,255,0,0,0,2,1,0,0
1749,4263,1,8327300,8399036,7,255,0,0,0,2,1,0,0
1750,4264,1,8327300,8399036,7,255,0,0,0,2,1,0,0
1751,4265,1,8327300,8399036,7,255,0,0,0,2,1,0,0
1752,4266,1,8327300,8399036,7,255,0,0,0,2,1,0,0
1753,4267,1,8327300,8399036,7,255,0,0,0,2,1,0,0
1754,4268,1,8327300,8399036,7,255,0,0,0,2,1,0,0
1755,4269,1,8327300,8399036,7,255,0,0,0,2,1,0,0
1756,4270,1,8327300,8399036,7,255,0,0,0,2,1,0,0
1757,4271,1,8327300,8399036,7,255,0,0,0,2,1,0,0
1758,4272,1,8327300,8399036,7,255,0,0,0,2,1,0,0
1759,4273,1,8327300,8399036,7,255,0,0,0,2,1,0,0
1760,4274,1,8327300,8399036,7,255,0,0,0,2,1,0,0
1761,4275,1,8327300,8399036,7,255,0,0,0,2,1,0,0
1762,4276,1,8327300,8399036,7,255,0,0,0,2,1,0,0
1763,4277,1,8327300,8399036,7,255,0,0,0,2,1,0,0
1764,4278,1,8327300,8399036,7,255,0,0,0,2,1,0,0
1765,4279,1,8327300,8399036,7,255,0,0,0,2,1,0,0
1766,4280,1,8327300,8399036,7,255,0,0,0,2,1,0,0
1767,4281,1,8327300,8399036,7,255,0,0,0,2,1,0,0
1768,4282,1,8327300,8399036,7,255,0,0,0,2,1,0,0
1769,4283,1,8327300,8399036,7,255,0,0,0,2,1,0,0
1770,4284,1,8327300,8399036,7,255,0,0,0,2,1,0,0
1771,4285,1,8327300,8399036,7,255,0,0,0,2,1,0,0
1772,4286,1,8327300,8399036,7,255,0,0,0,2,1,0,0
1773,4287,1,8327300,8399036,7,255,0,0,0,2,1,0,0
1774,4288,1,8327300,8399036,7,255,0,0,0,2,1,0,0
1775,4289,1,8327300,8399036,7,255,0,0,0,2,1,0,0
1776,4290,1,8327300,8399036,7,255,0,0,0,2,1,0,0
1777,4291,1,8327300,8399036,7,255,0,0,0,2,1,0,0
1778,4292,1,8327300,8399036,7,255,0,0,0,2,1,0,0
1779,4293,1,8327300,8399036,7,255,0,0,0,2,1,0,0
1780,4294,1,8327300,8399036,7,255,0,0,0,2,1,0,0
1781,4295,1,8327300,8399036,7,255,0,0,0,2,1,0,0
1782,4296,1,8327300,8399036,7,255,0,0,0,2,1,0,0
1783,4297,1,8327300,8399036,7,255,0,0,0,2,1,0,0
1784,4298,1,8327300,8399036,7,255,0,0,0,2,1,0,0
1785,4299,1,8327300,8399036,7,255,0,0,0,2,1,0,0
1786,4300,1,8327300,8399036,7,255,0,0,0,2,1,0,0
1787,4301,1,8327300,8399036,7,255,0,0,0,2,1,0,0
1788,4302,1,8327300,8399036,7,255,0,0,0,2,1,0,0
1789,4303,1,8327300,8399036,7,255,0,0,0,2,1,0,0
1790,4304,1,8327300,8399036,7,255,0,0,0,2,1,0,0
1791,4305,1,8327300,8399036,7,255,0,0,0,2,1,0,0
1792,4306,1,8327300,8399036,7,255,0,0,0,2,1,0,0
1793,4307,1,8327300,8399036,7,255,0,0,0,2,1,0,0
1794,4308,1,8327300,8399036,7,255,0,0,0,2,1,0,0
1795,4309,1,8327300,8399036,7,255,0,0,0,2,1,0,0
1796,4310,1,8327300,8399036,7,255,0,0,0,2,1,0,0
1797,4311,1,8327300,8399036,7,255,0,0,0,2,1,0,0
1798,4312,1,8327300,8399036,7,255,0,0,0,2,1,0,0
1799,4313,1,8327300,8399036,7,255,0,0,0,2,1,0,0
1800,4314,1,8327300,8399036,7,255,0,0,0,2,1,0,0
1801,4315,1,8327300,8399036,7,255,0,0,0,2,1,0,0
1802,4316,1,8327300,8399036,7,255,0,0,0,2,1,0,0
1803,4317,1,8327300,8399036,7,255,0,0,0,2,1,0,0
1804,4318,1,8327300,8399036,7,255,0,0,0,2,1,0,0
1805,4319,1,8327300,8399036,7,255,0,0,0,2,1,0,0
1806,4320,1,8327300,8399036,7,255,0,0,0,2,1,0,0
1807,4321,1,8327300,8399036,7,255,0,0,0,2,1,0,0
1808,4322,1,8327300,8399036,7,255,0,0,0,2,1,0,0
1809,4323,1,8327300,8399036,7,255,0,0,0,2,1,0,0
1810,4324,1,8327300,8399036,7,255,0,0,0,2,1,0,0
1811,4325,1,8327300,8399036,7,255,0,0,0,2,1,0,0
1812,4326,1,8327300,8399036,7,255,0,0,0,2,1,0,0
1813,4327,1,8327300,8399036,7,255,0,0,0,2,1,0,0
1814,4328,1,8327300,8399036,7,255,0,0,0,2,1,0,0
1815,4329,1,8327300,8399036,7,255,0,0,0,2,1,0,0
1816,4330,1,8327300,8399036,7,255,0,0,0,2,1,0,0
1817,4331,1,8327300,8399036,7,255,0,0,0,2,1,0,0
1818,4332,1,8327300,8399036,7,255,0,0,0,2,1,0,0
1819,4333,1,8327300,8399036,7,255,0,0,0,2,1,0,0
1820,4334,1,8327300,8399036,7,255,0,0,0,2,1,0,0
1821,4335,1,8327300,8399036,7,255,0,0,0,2,1,0,0
1822,4336,1,8327300,8399036,7,255,0,0,0,2,1,0,0
1823,4337,1,8327300,8399036,7,255,0,0,0,2,1,0,0
1824,4338,1,8327300,8399036,7,255,0,0,0,2,1,0,0
1825,4339,1,8327300,8399036,7,255,0,0,0,2,1,0,0
1826,4340,1,8327300,8399036,7,255,0,0,0,2,1,0,0
1827,4341,1,8327300,8399036,7,255,0,0,0,2,1,0,0
1828,4342,1,8327300,8399036,7,255,0,0,0,2,1,0,0
1829,4343,1,8327300,8399036,7,255,0,0,0,2,1,0,0
1830,4344,1,8327300,8399036,7,255,0,0,0,2,1,0,0
1831,4345,1,8327300,8399036,7,255,0,0,0,2,1,0,0
1832,4346,1,8327300,8399036,7,255,0,0,0,2,1,0,0
1833,4347,1,8327300,8399036,7,255,0,0,0,2,1,0,0
1834,4348,1,8327300,8399036,7,255,0,0,0,2,1,0,0
1835,4349,1,8327300,8399036,7,255,0,0,0,2,1,0,0
1836,4350,1,8327300,8399036,7,255,0,0,0,2,1,0,0
1837,4351,1,8327300,8399036,7,255,0,0,0,2,1,0,0
1838,4352,1,8327300,8399036,7,255,0,0,0,2,1,0,0
1839,4353,1,8327300,8399036,7,255,0,0,0,2,1,0,0
1840,4354,1,8327300,8399036,7,255,0,0,0,2,1,0,0
1841,4355,1,8327300,8399036,7,255,0,0,0,2,1,0,0
1842,4356,1,8327300,8399036,7,255,0,0,0,2,1,0,0
1843,4357,1,8327300,8399036,7,255,0,0,0,2,1,0,0
1844,4358,1,8327300,8399036,7,255,0,0,0,2,1,0,0
1845,4359,1,8327300,8399036,7,255,0,0,0,2,1,0,0
1846,4360,1,8327300,8399036,7,255,0,0,0,2,1,0,0
1847,4361,1,8327300,8399036,7,255,0,0,0,2,1,0,0
1848,4362,1,8327300,8399036,7,255,0,0,0,2,1,0,0
1849,4363,1,8327300,8399036,7,255,0,0,0,2,1,0,0
1850,4364,1,8327300,8399036,7,255,0,0,0,2,1,0,0
1851,4365,1,8327300,8399036,7,255,0,0,0,2,1,0,0
1852,4366,1,8327300,8399036,7,255,0,0,0,2,1,0,0
1853,4367,1,8327300,8399036,7,255,0,0,0,2,1,0,0
1854,4368,1,8327300,8399036,7,255,0,0,0,2,1,0,0
1855,4369,1,8327300,8399036,7,255,0,0,0,2,1,0,0
1856,4370,1,8327300,8399036,7,255,0,0,0,2,1,0,0
1857,4371,1,8327300,8399036,7,255,0,0,0,2,1,0,0
1858,4372,1,8327300,8399036,7,255,0,0,0,2,1,0,0
1859,4373,1,8327300,8399036,7,255,0,0,0,2,1,0,0
1860,4374,1,8327300,8399036,7,255,0,0,0,2,1,0,0
1861,4375,1,8327300,8399036,7,255,0,0,0,2,1,0,0
1862,4376,1,8327300,8399036,7,255,0,0,0,2,1,0,0
1863,4377,1,8327300,8399036,7,255,0,0,0,2,1,0,0
1864,4378,1,8327300,8399036,7,255,0,0,0,2,1,0,0
1865,4379,1,8327300,8399036,7,255,0,0,0,2,1,0,0
1866,4380,1,8327300,8399036,7,255,0,0,0,2,1,0,0
1867,4381,1,8327300,8399036,7,255,0,0,0,2,1,0,0
1868,4382,1,8327300,8399036,7,255,0,0,0,2,1,0,0
1869,4383,1,8327300,8399036,7,255,0,0,0,2,1,0,0
1870,4384,1,8327300,8399036,7,255,0,0,0,2,1,0,0
1871,4385,1,8327300,8399036,7,255,0,0,0,2,1,0,0
1872,4386,1,8327300,8399036,7,255,0,0,0,2,1,0,0
1873,4387,1,8327300,8399036,7,255,0,0,0,2,1,0,0
1874,4388,1,8327300,8399036,7,255,0,0,0,2,1,0,0
1875,4389,1,8327300,8399036,7,255,0,0,0,2,1,0,0
1876,4390,1,8327300,8399036,7,255,0,0,0,2,1,0,0
1877,4391,1,8327300,8399036,7,255,0,0,0,2,1,0,0
1878,4392,1,8327300,8399036,7,255,0,0,0,2,1,0,0
1879,4393,1,8327300,8399036,7,255,0,0,0,2,1,0,0
1880,4394,1,8327300,8399036,7,255,0,0,0,2,1,0,0
1881,4395,1,8327300,8399036,7,255,0,0,0,2,1,0,0
1882,4396,1,8327300,8399036,7,255,0,0,0,2,1,0,0
1883,4397,1,8327300,8399036,7,255,0,0,0,2,1,0,0
1884,4398,1,8327300,8399036,7,255,0,0,0,2,1,0,0
1885,4399,1,8327300,8399036,7,255,0,0,0,2,1,0,0
1886,4400,1,8327300,8399036,7,255,0,0,0,2,1,0,0
1887,4401,1,8327300,8399036,7,255,0,0,0,2,1,0,0
1888,4402,1,8327300,8399036,7,255,0,0,0,2,1,0,0
1889,4403,1,8327300,8399036,7,255,0,0,0,2,1,0,0
1890,4404,1,8327300,8399036,7,255,0,0,0,2,1,0,0
1891,4405,1,8327300,8399036,7,255,0,0,0,2,1,0,0
1892,4406,1,8327300,8399036,7,255,0,0,0,2,1,0,0
1893,4407,1,8327300,8399036,7,255,0,0,0,2,1,0,0
1894,4408,1,8327300,8399036,7,255,0,0,0,2,1,0,0
1895,4409,1,8327300,8399036,7,255,0,0,0,2,1,0,0
1896,4410,1,8327300,8399036,7,255,0,0,0,2,1,0,0
1897,4411,1,8327300,8399036,7,255,0,0,0,2,1,0,0
1898,4412,1,8327300,8399036,7,255,0,0,0,2,1,0,0
1899,4413,1,8327300,8399036,7,255,0,0,0,2,1,0,0
1900,4414,1,8327300,8399036,7,255,0,0,0,2,1,0,0
1901,4415,1,8327300,8399036,7,255,0,0,0,2,1,0,0
1902,4416,1,8327300,8399036,7,255,0,0,0,2,1,0,0
1903,4417,1,8327300,8399036,7,255,0,0,0,2,1,0,0
1904,4418,1,8327300,8399036,7,255,0,0,0,2,1,0,0
1905,4419,1,8327300,8399036,7,255,0,0,0,2,1,0,0
1906,4420,1,8327300,8399036,7,255,0,0,0,2,1,0,0
1907,4421,1,8327300,8399036,7,255,0,0,0,2,1,0,0
1908,4422,1,8327300,8399036,7,255,0,0,0,2,1,0,0
1909,4423,1,8327300,8399036,7,255,0,0,0,2,1,0,0
1910,4424,1,8327300,8399036,7,255,0,0,0,2,1,0,0
1911,4425,1,8327300,8399036,7,255,0,0,0,2,1,0,0
1912,4426,1,8327300,8399036,7,255,0,0,0,2,1,0,0
1913,4427,1,8327300,8399036,7,255,0,0,0,2,1,0,0
1914,4428,1,8327300,8399036,7,255,0,0,0,2,1,0,0
1915,4429,1,8327300,8399036,7,255,0,0,0,2,1,0,0
1916,4430,1,8327300,8399036,7,255,0,0,0,2,1,0,0
1917,4431,1,8327300,8399036,7,255,0,0,0,2,1,0,0
1918,4432,1,8327300,8399036,7,255,0,0,0,2,1,0,0
1919,4433,1,8327300,8399036,7,255,0,0,0,2,1,0,0
1920,4434,1,8327300,8399036,7,255,0,0,0,2,1,0,0
1921,4435,1,8327300,8399036,7,255,0,0,0,2,1,0,0
1922,4436,1,8327300,8399036,7,255,0,0,0,2,1,0,0
1923,4437,1,8327300,8399036,7,255,0,0,0,2,1,0,0
1924,4438,1,8327300,8399036,7,255,0,0,0,2,1,0,0
1925,4439,1,8327300,8399036,7,255,0,0,0,2,1,0,0
1926,4440,1,8327300,8399036,7,255,0,0,0,2,1,0,0
1927,4441,1,8327300,8399036,7,255,0,0,0,2,1,0,0
1928,4442,1,8327300,8399036,7,255,0,0,0,2,1,0,0
1929,4443,1,8327300,8399036,7,255,0,0,0,2,1,0,0
1930,4444,1,8327300,8399036,7,255,0,0,0,2,1,0,0
1931,4445,1,8327300,8399036,7,255,0,0,0,2,1,0,0
1932,4446,1,8327300,8399036,7,255,0,0,0,2,1,0,0
1933,4447,1,8327300,8399036,7,255,0,0,0,2,1,0,0
1934,4448,1,8327300,8399036,7,255,0,0,0,2,1,0,0
1935,4449,1,8327300,8399036,7,255,0,0,0,2,1,0,0
1936,4450,1,8327300,8399036,7,255,0,0,0,2,1,0,0
1937,4451,1,8327300,8399036,7,255,0,0,0,2,1,0,0
1938,4452,1,8327300,8399036,7,255,0,0,0,2,1,0,0
1939,4453,1,8327300,8399036,7,255,0,0,0,2,1,0,0
1940,4454,1,8327300,8399036,7,255,0,0,0,2,1,0,0
1941,4455,1,8327300,8399036,7,255,0,0,0,2,1,0,0
1942,4456,1,8327300,8399036,7,255,0,0,0,2,1,0,0
1943,4457,1,8327300,8399036,7,255,0,0,0,2,1,0,0
1944,4458,1,8327300,8399036,7,255,0,0,0,2,1,0,0
1945,4459,1,8327300,8399036,7,255,0,0,0,2,1,0,0
1946,4460,1,8327300,8399036,7,255,0,0,0,2,1,0,0
1947,4461,1,8327300,8399036,7,255,0,0,0,2,1,0,0
1948,4462,1,8327300,8399036,7,255,0,0,0,2,1,0,0
1949,4463,1,8327300,8399036,7,255,0,0,0,2,1,0,0
1950,4464,1,8327300,8399036,7,255,0,0,0,2,1,0,0
1951,4465,1,8327300,8399036,7,255,0,0,0,2,1,0,0
1952,4466,1,8327300,8399036,7,255,0,0,0,2,1,0,0
1953,4467,1,8327300,8399036,7,255,0,0,0,2,1,0,0
1954,4468,1,8327300,8399036,7,255,0,0,0,2,1,0,0
1955,4469,1,8327300,8399036,7,255,0,0,0,2,1,0,0
1956,4470,1,8327300,8399036,7,255,0,0,0,2,1,0,0
1957,4471,1,8327300,8399036,7,255,0,0,0,2,1,0,0
1958,4472,1,8327300,8399036,7,255,0,0,0,2,1,0,0
1959,4473,1,8327300,8399036,7,255,0,0,0,2,1,0,0
1960,4474,1,8327300,8399036,7,255,0,0,0,2,1,0,0
1961,4475,1,8327300,8399036,7,255,0,0,0,2,1,0,0
1962,4476,1,8327300,8399036,7,255,0,0,0,2,1,0,0
1963,4477,1,8327300,8399036,7,255,0,0,0,2,1,0,0
1964,4478,1,8327300,8399036,7,255,0,0,0,2,1,0,0
1965,4479,1,8327300,8399036,7,255,0,0,0,2,1,0,0
1966,4480,1,8327300,8399036,7,255,0,0,0,2,1,0,0
1967,4481,1,8327300,8399036,7,255,0,0,0,2,1,0,0
1968,4482,1,8327300,8399036,7,255,0,0,0,2,1,0,0
1969,4483,1,8327300,8399036,7,255,0,0,0,2,1,0,0
1970,4484,1,8327300,8399036,7,255,0,0,0,2,1,0,0
1971,4485,1,8327300,8399036,7,255,0,0,0,2,1,0,0
1972,4486,1,8327300,8399036,7,255,0,0,0,2,1,0,0
1973,4487,1,8327300,8399036,7,255,0,0,0,2,1,0,0
1974,4488,1,8327300,8399036,7,255,0,0,0,2,1,0,0
1975,4489,1,8327300,8399036,7,255,0,0,0,2,1,0,0
1976,4490,1,8327300,8399036,7,255,0,0,0,2,1,0,0
1977,4491,1,8327300,8399036,7,255,0,0,0,2,1,0,0
1978,4492,1,8327300,8399036,7,255,0,0,0,2,1,0,0
1979,4493,1,8327300,8399036,7,255,0,0,0,2,1,0,0
1980,4494,1,8327300,8399036,7,255,0,0,0,2,1,0,0
1981,4495,1,8327300,8399036,7,255,0,0,0,2,1,0,0
1982,4496,1,8327300,8399036,7,255,0,0,0,2,1,0,0
1983,4497,1,8327300,8399036,7,255,0,0,0,2,1,0,0
1984,4498,1,8327300,8399036,7,255,0,0,0,2,1,0,0
1985,4499,1,8327300,8399036,7,255,0,0,0,2,1,0,0
1986,4500,1,8327300,8399036,7,255,0,0,0,2,1,0,0
1987,4501,1,8327300,8399036,7,255,0,0,0,2,1,0,0
1988,4502,1,8327300,8399036,7,255,0,0,0,2,1,0,0
1989,4503,1,8327300,8399036,7,255,0,0,0,2,1,0,0
1990,4504,1,8327300,8399036,7,255,0,0,0,2,1,0,0
1991,4505,1,8327300,8399036,7,255,0,0,0,2,1,0,0
1992,4506,1,8327300,8399036,7,255,0,0,0,2,1,0,0
1993,4507,1,8327300,8399036,7,255,0,0,0,2,1,0,0
1994,4508,1,8327300,8399036,7,255,0,0,0,2,1,0,0
1995,4509,1,8327300,8399036,7,255,0,0,0,2,1,0,0
1996,4510,1,8327300,8399036,7,255,0,0,0,2,1,0,0
1997,4511,1,8327300,8399036,7,255,0,0,0,2,1,0,0
1998,4512,1,8327300,8399036,7,255,0,0,0,2,1,0,0
1999,4513,1,8327300,8399036,7,255,0,0,0,2,1,0,0
2000,4514,1,8327300,8399036,7,255,0,0,0,2,1,0,0
2001,4515,1,8327300,8399036,7,255,0,0,0,2,1,0,0
2002,4516,1,8327300,8399036,7,255,0,0,0,2,1,0,0
2003,4517,1,8327300,8399036,7,255,0,0,0,2,1,0,0
2004,4518,1,8327300,8399036,7,255,0,0,0,2,1,0,0
2005,4519,1,8327300,8399036,7,255,0,0,0,2,1,0,0
2006,4520,1,8327300,8399036,7,255,0,0,0,2,1,0,0
2007,4521,1,8327300,8399036,7,255,0,0,0,2,1,0,0
2008,4522,1,8327300,8399036,7,255,0,0,0,2,1,0,0
2009,4523,1,8327300,8399036,7,255,0,0,0,2,1,0,0
2010,4524,1,8327300,8399036,7,255,0,0,0,2,1,0,0
2011,4525,1,8327300,8399036,7,255,0,0,0,2,1,0,0
2012,4526,1,8327300,8399036,7,255,0,0,0,2,1,0,0
2013,4527,1,8327300,8399036,7,255,0,0,0,2,1,0,0
2014,4528,1,8327300,8399036,7,255,0,0,0,2,1,0,0
2015,4529,1,8327300,8399036,7,255,0,0,0,2,1,0,0
2016,4530,1,8327300,8399036,7,255,0,0,0,2,1,0,0
2017,4531,1,8327300,8399036,7,255,0,0,0,2,1,0,0
2018,4532,1,8327300,8399036,7,255,0,0,0,2,1,0,0
2019,4533,1,8327300,8399036,7,255,0,0,0,2,1,0,0
2020,4534,1,8327300,8399036,7,255,0,0,0,2,1,0,0
2021,4535,1,8327300,8399036,7,255,0,0,0,2,1,0,0
2022,4536,1,8327300,8399036,7,255,0,0,0,2,1,0,0
2023,4537,1,8327300,8399036,7,255,0,0,0,2,1,0,0
2024,4538,1,8327300,8399036,7,255,0,0,0,2,1,0,0
2025,4539,1,8327300,8399036,7,255,0,0,0,2,1,0,0
2026,4540,1,8327300,8399036,7,255,0,0,0,2,1,0,0
2027,4541,1,8327300,8399036,7,255,0,0,0,2,1,0,0
2028,4542,1,8327300,8399036,7,255,0,0,0,2,1,0,0
2029,4543,1,8327300,8399036,7,255,0,0,0,2,1,0,0
2030,4544,1,8327300,8399036,7,255,0,0,0,2,1,0,0
2031,4545,1,8327300,8399036,7,255,0,0,0,2,1,0,0
2032,4546,1,8327300,8399036,7,255,0,0,0,2,1,0,0
2033,4547,1,8327300,8399036,7,255,0,0,0,2,1,0,0
2034,4548,1,8327300,8399036,7,255,0,0,0,2,1,0,0
2035,4549,1,8327300,8399036,7,255,0,0,0,2,1,0,0
2036,4550,1,8327300,8399036,7,255,0,0,0,2,1,0,0
2037,4551,1,8327300,8399036,7,255,0,0,0,2,1,0,0
2038,4552,1,8327300,8399036,7,255,0,0,0,2,1,0,0
2039,4553,1,8327300,8399036,7,255,0,0,0,2,1,0,0
2040,4554,1,8327300,8399036,7,255,0,0,0,2,1,0,0
2041,4555,1,8327300,8399036,7,255,0,0,0,2,1,0,0
2042,4556,1,8327300,8399036,7,255,0,0,0,2,1,0,0
2043,4557,1,8327300,8399036,7,255,0,0,0,2,1,0,0
2044,4558,1,8327300,8399036,7,255,0,0,0,2,1,0,0
2045,4559,1,8327300,8399036,7,255,0,0,0,2,1,0,0
2046,4560,1,8327300,8399036,7,255,0,0,0,2,1,0,0
2047,4561,1,8327300,8399036,7,255,0,0,0,2,1,0,0
2048,4562,1,8327300,8399036,7,255,0,0,0,2,1,0,0
2049,4563,1,8327300,8399036,7,255,0,0,0,2,1,0,0
2050,4564,1,8327300,8399036,7,255,0,0,0,2,1,0,0
2051,4565,1,8327300,8399036,7,255,0,0,0,2,1,0,0
2052,4566,1,8327300,8399036,7,255,0,0,0,2,1,0,0
2053,4567,1,8327300,8399036,7,255,0,0,0,2,1,0,0
2054,4568,1,8327300,8399036,7,255,0,0,0,2,1,0,0
2055,4569,1,8327300,8399036,7,255,0,0,0,2,1,0,0
2056,4570,1,8327300,8399036,7,255,0,0,0,2,1,0,0
2057,4571,1,8327300,8399036,7,255,0,0,0,2,1,0,0
2058,4572,1,8327300,8399036,7,255,0,0,0,2,1,0,0
2059,4573,1,8327300,8399036,7,255,0,0,0,2,1,0,0
2060,4574,1,8327300,8399036,7,255,0,0,0,2,1,0,0
2061,4575,1,8327300,8399036,7,255,0,0,0,2,1,0,0
2062,4576,1,8327300,8399036,7,255,0,0,0,2,1,0,0
2063,4577,1,8327300,8399036,7,255,0,0,0,2,1,0,0
2064,4578,1,8327300,8399036,7,255,0,0,0,2,1,0,0
2065,4579,1,8327300,8399036,7,255,0,0,0,2,1,0,0
2066,4580,1,8327300,8399036,7,255,0,0,0,2,1,0,0
2067,4581,1,8327300,8399036,7,255,0,0,0,2,1,0,0
2068,4582,1,8327300,8399036,7,255,0,0,0,2,1,0,0
2069,4583,1,8327300,8399036,7,255,0,0,0,2,1,0,0
2070,4584,1,8327300,8399036,7,255,0,0,0,2,1,0,0
2071,4585,1,8327300,8399036,7,255,0,0,0,2,1,0,0
2072,4586,1,8327300,8399036,7,255,0,0,0,2,1,0,0
2073,4587,1,8327300,8399036,7,255,0,0,0,2,1,0,0
2074,4588,1,8327300,8399036,7,255,0,0,0,2,1,0,0
2075,4589,1,8327300,8399036,7,255,0,0,0,2,1,0,0
2076,4590,1,8327300,8399036,7,255,0,0,0,2,1,0,0
2077,4591,1,8327300,8399036,7,255,0,0,0,2,1,0,0
2078,4592,1,8327300,8399036,7,255,0,0,0,2,1,0,0
2079,4593,1,8327300,8399036,7,255,0,0,0,2,1,0,0
2080,4594,1,8327300,8399036,7,255,0,0,0,2,1,0,0
2081,4595,1,8327300,8399036,7,255,0,0,0,2,1,0,0
2082,4596,1,8327300,8399036,7,255,0,0,0,2,1,0,0
2083,4597,1,8327300,8399036,7,255,0,0,0,2,1,0,0
2084,4598,1,8327300,8399036,7,255,0,0,0,2,1,0,0
2085,4599,1,8327300,8399036,7,255,0,0,0,2,1,0,0
2086,4600,1,8327300,8399036,7,255,0,0,0,2,1,0,0
2087,4601,1,8327300,8399036,7,255,0,0,0,2,1,0,0
2088,4602,1,8327300,8399036,7,255,0,0,0,2,1,0,0
2089,4603,1,8327300,8399036,7,255,0,0,0,2,1,0,0
2090,4604,1,8327300,8399036,7,255,0,0,0,2,1,0,0
2091,4605,1,8327300,8399036,7,255,0,0,0,2,1,0,0
2092,4606,1,8327300,8399036,7,255,0,0,0,2,1,0,0
2093,4607,1,8327300,8399036,7,255,0,0,0,2,1,0,0
2094,4608,1,8327300,8399036,7,255,0,0,0,2,1,0,0
2095,4609,1,8327300,8399036,7,255,0,0,0,2,1,0,0
2096,4610,1,8327300,8399036,7,255,0,0,0,2,1,0,0
2097,4611,1,8327300,8399036,7,255,0,0,0,2,1,0,0
2098,4612,1,8327300,8399036,7,255,0,0,0,2,1,0,0
2099,4613,1,8327300,8399036,7,255,0,0,0,2,1,0,0
2100,4614,1,8327300,8399036,7,255,0,0,0,2,1,0,0
2101,4615,1,8327300,8399036,7,255,0,0,0,2,1,0,0
2102,4616,1,8327300,8399036,7,255,0,0,0,2,1,0,0
2103,4617,1,8327300,8399036,7,255,0,0,0,2,1,0,0
2104,4618,1,8327300,8399036,7,255,0,0,0,2,1,0,0
2105,4619,1,8327300,8399036,7,255,0,0,0,2,1,0,0
2106,4620,1,8327300,8399036,7,255,0,0,0,2,1,0,0
2107,4621,1,8327300,8399036,7,255,0,0,0,2,1,0,0
2108,4622,1,8327300,8399036,7,255,0,0,0,2,1,0,0
2109,4623,1,8327300,8399036,7,255,0,0,0,2,1,0,0
2110,4624,1,8327300,8399036,7,255,0,0,0,2,1,0,0
2111,4625,1,8327300,8399036,7,255,0,0,0,2,1,0,0
2112,4626,1,8327300,8399036,7,255,0,0,0,2,1,0,0
2113,4627,1,8327300,8399036,7,255,0,0,0,2,1,0,0
2114,4628,1,8327300,8399036,7,255,0,0,0,2,1,0,0
2115,4629,1,8327300,8399036,7,255,0,0,0,2,1,0,0
2116,4630,1,8327300,8399036,7,255,0,0,0,2,1,0,0
2117,4631,1,8327300,8399036,7,255,0,0,0,2,1,0,0
2118,4632,1,8327300,8399036,7,255,0,0,0,2,1,0,0
2119,4633,1,8327300,8399036,7,255,0,0,0,2,1,0,0
2120,4634,1,8327300,8399036,7,255,0,0,0,2,1,0,0
2121,4635,1,8327300,8399036,7,255,0,0,0,2,1,0,0
2122,4636,1,8327300,8399036,7,255,0,0,0,2,1,0,0
2123,4637,1,8327300,8399036,7,255,0,0,0,2,1,0,0
2124,4638,1,8327300,8399036,7,255,0,0,0,2,1,0,0
2125,4639,1,8327300,8399036,7,255,0,0,0,2,1,0,0
2126,4640,1,8327300,8399036,7,255,0,0,0,2,1,0,0
2127,4641,1,8327300,8399036,7,255,0,0,0,2,1,0,0
2128,4642,1,8327300,8399036,7,255,0,0,0,2,1,0,0
2129,4643,1,8327300,8399036,7,255,0,0,0,2,1,0,0
2130,4644,1,8327300,8399036,7,255,0,0,0,2,1,0,0
2131,4645,1,8327300,8399036,7,255,0,0,0,2,1,0,0
2132,4646,1,8327300,8399036,7,255,0,0,0,2,1,0,0
2133,4647,1,8327300,8399036,7,255,0,0,0,2,1,0,0
2134,4648,1,8327300,8399036,7,255,0,0,0,2,1,0,0
2135,4649,1,8327300,8399036,7,255,0,0,0,2,1,0,0
2136,4650,1,8327300,8399036,7,255,0,0,0,2,1,0,0
2137,4651,1,8327300,8399036,7,255,0,0,0,2,1,0,0
2138,4652,1,8327300,8399036,7,255,0,0,0,2,1,0,0
2139,4653,1,8327300,8399036,7,255,0,0,0,2,1,0,0
2140,4654,1,8327300,8399036,7,255,0,0,0,2,1,0,0
2141,4655,1,8327300,8399036,7,255,0,0,0,2,1,0,0
2142,4656,1,8327300,8399036,7,255,0,0,0,2,1,0,0
2143,4657,1,8327300,8399036,7,255,0,0,0,2,1,0,0
2144,4658,1,8327300,8399036,7,255,0,0,0,2,1,0,0
2145,4659,1,8327300,8399036,7,255,0,0,0,2,1,0,0
2146,4660,1,8327300,8399036,7,255,0,0,0,2,1,0,0
2147,4661,1,8327300,8399036,7,255,0,0,0,2,1,0,0
2148,4662,1,8327300,8399036,7,255,0,0,0,2,1,0,0
2149,4663,1,8327300,8399036,7,255,0,0,0,2,1,0,0
2150,4664,1,8327300,8399036,7,255,0,0,0,2,1,0,0
2151,4665,1,8327300,8399036,7,255,0,0,0,2,1,0,0
2152,4666,1,8327300,8399036,7,255,0,0,0,2,1,0,0
2153,4667,1,8327300,8399036,7,255,0,0,0,2,1,0,0
2154,4668,1,8327300,8399036,7,255,0,0,0,2,1,0,0
2155,4669,1,8327300,8399036,7,255,0,0,0,2,1,0,0
2156,4670,1,8327300,8399036,7,255,0,0,0,2,1,0,0
2157,4671,1,8327300,8399036,7,255,0,0,0,2,1,0,0
2158,4672,1,8327300,8399036,7,255,0,0,0,2,1,0,0
2159,4673,1,8327300,8399036,7,255,0,0,0,2,1,0,0
2160,4674,1,8327300,8399036,7,255,0,0,0,2,1,0,0
2161,4675,1,8327300,8399036,7,255,0,0,0,2,1,0,0
2162,4676,1,8327300,8399036,7,255,0,0,0,2,1,0,0
2163,4677,1,8327300,8399036,7,255,0,0,0,2,1,0,0
2164,4678,1,8327300,8399036,7,255,0,0,0,2,1,0,0
2165,4679,1,8327300,8399036,7,255,0,0,0,2,1,0,0
2166,4680,1,8327300,8399036,7,255,0,0,0,2,1,0,0
2167,4681,1,8327300,8399036,7,255,0,0,0,2,1,0,0
2168,4682,1,8327300,8399036,7,255,0,0,0,2,1,0,0
2169,4683,1,8327300,8399036,7,255,0,0,0,2,1,0,0
2170,4684,1,8327300,8399036,7,255,0,0,0,2,1,0,0
2171,4685,1,8327300,8399036,7,255,0,0,0,2,1,0,0
2172,4686,1,8327300,8399036,7,255,0,0,0,2,1,0,0
2173,4687,1,8327300,8399036,7,255,0,0,0,2,1,0,0
2174,4688,1,8327300,8399036,7,255,0,0,0,2,1,0,0
2175,4689,1,8327300,8399036,7,255,0,0,0,2,1,0,0
2176,4690,1,8327300,8399036,7,255,0,0,0,2,1,0,0
2177,4691,1,8327300,8399036,7,255,0,0,0,2,1,0,0
2178,4692,1,8327300,8399036,7,255,0,0,0,2,1,0,0
2179,4693,1,8327300,8399036,7,255,0,0,0,2,1,0,0
2180,4694,1,8327300,8399036,7,255,0,0,0,2,1,0,0
2181,4695,1,8327300,8399036,7,255,0,0,0,2,1,0,0
2182,4696,1,8327300,8399036,7,255,0,0,0,2,1,0,0
2183,4697,1,8327300,8399036,7,255,0,0,0,2,1,0,0
2184,4698,1,8327300,8399036,7,255,0,0,0,2,1,0,0
2185,4699,1,8327300,8399036,7,255,0,0,0,2,1,0,0
2186,4700,1,8327300,8399036,7,255,0,0,0,2,1,0,0
2187,4701,1,8327300,8399036,7,255,0,0,0,2,1,0,0
2188,4702,1,8327300,8399036,7,255,0,0,0,2,1,0,0
2189,4703,1,8327300,8399036,7,255,0,0,0,2,1,0,0
2190,4704,1,8327300,8399036,7,255,0,0,0,2,1,0,0
2191,4705,1,8327300,8399036,7,255,0,0,0,2,1,0,0
2192,4706,1,8327300,8399036,7,255,0,0,0,2,1,0,0
2193,4707,1,8327300,8399036,7,255,0,0,0,2,1,0,0
2194,4708,1,8327300,8399036,7,255,0,0,0,2,1,0,0
2195,4709,1,8327300,8399036,7,255,0,0,0,2,1,0,0
2196,4710,1,8327300,8399036,7,255,0,0,0,2,1,0,0
2197,4711,1,8327300,8399036,7,255,0,0,0,2,1,0,0
2198,4712,1,8327300,8399036,7,255,0,0,0,2,1,0,0
2199,4713,1,8327300,8399036,7,255,0,0,0,2,1,0,0
2200,4714,1,8327300,8399036,7,255,0,0,0,2,1,0,0
2201,4715,1,8327300,8399036,7,255,0,0,0,2,1,0,0
2202,4716,1,8327300,8399036,7,255,0,0,0,2,1,0,0
2203,4717,1,8327300,8399036,7,255,0,0,0,2,1,0,0
2204,4718,1,8327300,8399036,7,255,0,0,0,2,1,0,0
2205,4719,1,8327300,8399036,7,255,0,0,0,2,1,0,0
2206,4720,1,8327300,8399036,7,255,0,0,0,2,1,0,0
2207,4721,1,8327300,8399036,7,255,0,0,0,2,1,0,0
2208,4722,1,8327300,8399036,7,255,0,0,0,2,1,0,0
2209,4723,1,8327300,8399036,7,255,0,0,0,2,1,0,0
2210,4724,1,8327300,8399036,7,255,0,0,0,2,1,0,0
2211,4725,1,8327300,8399036,7,255,0,0,0,2,1,0,0
2212,4726,1,8327300,8399036,7,255,0,0,0,2,1,0,0
2213,4727,1,8327300,8399036,7,255,0,0,0,2,1,0,0
2214,4728,1,8327300,8399036,7,255,0,0,0,2,1,0,0
2215,4729,1,8327300,8399036,7,255,0,0,0,2,1,0,0
2216,4730,1,8327300,8399036,7,255,0,0,0,2,1,0,0
2217,4731,1,8327300,8399036,7,255,0,0,0,2,1,0,0
2218,4732,1,8327300,8399036,7,255,0,0,0,2,1,0,0
2219,4733,1,8327300,8399036,7,255,0,0,0,2,1,0,0
2220,4734,1,8327300,8399036,7,255,0,0,0,2,1,0,0
2221,4735,1,8327300,8399036,7,255,0,0,0,2,1,0,0
2222,4736,1,8327300,8399036,7,255,0,0,0,2,1,0,0
2223,4737,1,8327300,8399036,7,255,0,0,0,2,1,0,0
2224,4738,1,8327300,8399036,7,255,0,0,0,2,1,0,0
2225,4739,1,8327300,8399036,7,255,0,0,0,2,1,0,0
2226,4740,1,8327300,8399036,7,255,0,0,0,2,1,0,0
2227,4741,1,8327300,8399036,7,255,0,0,0,2,1,0,0
2228,4742,1,8327300,8399036,7,255,0,0,0,2,1,0,0
2229,4743,1,8327300,8399036,7,255,0,0,0,2,1,0,0
2230,4744,1,8327300,8399036,7,255,0,0,0,2,1,0,0
2231,4745,1,8327300,8399036,7,255,0,0,0,2,1,0,0
2232,4746,1,8327300,8399036,7,255,0,0,0,2,1,0,0
2233,4747,1,8327300,8399036,7,255,0,0,0,2,1,0,0
2234,4748,1,8327300,8399036,7,255,0,0,0,2,1,0,0
2235,4749,1,8327300,8399036,7,255,0,0,0,2,1,0,0
2236,4750,1,8327300,8399036,7,255,0,0,0,2,1,0,0
2237,4751,1,8327300,8399036,7,255,0,0,0,2,1,0,0
2238,4752,1,8327300,8399036,7,255,0,0,0,2,1,0,0
2239,4753,1,8327300,8399036,7,255,0,0,0,2,1,0,0
2240,4754,1,8327300,8399036,7,255,0,0,0,2,1,0,0
2241,4755,1,8327300,8399036,7,255,0,0,0,2,1,0,0
2242,4756,1,8327300,8399036,7,255,0,0,0,2,1,0,0
2243,4757,1,8327300,8399036,7,255,0,0,0,2,1,0,0
2244,4758,1,8327300,8399036,7,255,0,0,0,2,1,0,0
2245,4759,1,8327300,8399036,7,255,0,0,0,2,1,0,0
2246,4760,1,8327300,8399036,7,255,0,0,0,2,1,0,0
2247,4761,1,8327300,8399036,7,255,0,0,0,2,1,0,0
2248,4762,1,8327300,8399036,7,255,0,0,0,2,1,0,0
2249,4763,1,8327300,8399036,7,255,0,0,0,2,1,0,0
2250,4764,1,8327300,8399036,7,255,0,0,0,2,1,0,0
2251,4765,1,8327300,8399036,7,255,0,0,0,2,1,0,0
2252,4766,1,8327300,8399036,7,255,0,0,0,2,1,0,0
2253,4767,1,8327300,8399036,7,255,0,0,0,2,1,0,0
2254,4768,1,8327300,8399036,7,255,0,0,0,2,1,0,0
2255,4769,1,8327300,8399036,7,255,0,0,0,2,1,0,0
2256,4770,1,8327300,8399036,7,255,0,0,0,2,1,0,0
2257,4771,1,8327300,8399036,7,255,0,0,0,2,1,0,0
2258,4772,1,8327300,8399036,7,255,0,0,0,2,1,0,0
2259,4773,1,8327300,8399036,7,255,0,0,0,2,1,0,0
2260,4774,1,8327300,8399036,7,255,0,0,0,2,1,0,0
2261,4775,1,8327300,8399036,7,255,0,0,0,2,1,0,0
2262,4776,1,8327300,8399036,7,255,0,0,0,2,1,0,0
2263,4777,1,8327300,8399036,7,255,0,0,0,2,1,0,0
2264,4778,1,8327300,8399036,7,255,0,0,0,2,1,0,0
2265,4779,1,8327300,8399036,7,255,0,0,0,2,1,0,0
2266,4780,1,8327300,8399036,7,255,0,0,0,2,1,0,0
2267,4781,1,8327300,8399036,7,255,0,0,0,2,1,0,0
2268,4782,1,8327300,8399036,7,255,0,0,0,2,1,0,0
2269,4783,1,8327300,8399036,7,255,0,0,0,2,1,0,0
2270,4784,1,8327300,8399036,7,255,0,0,0,2,1,0,0
2271,4785,1,8327300,8399036,7,255,0,0,0,2,1,0,0
2272,4786,1,8327300,8399036,7,255,0,0,0,2,1,0,0
2273,4787,1,8327300,8399036,7,255,0,0,0,2,1,0,0
2274,4788,1,8327300,8399036,7,255,0,0,0,2,1,0,0
2275,4789,1,8327300,8399036,7,255,0,0,0,2,1,0,0
2276,4790,1,8327300,8399036,7,255,0,0,0,2,1,0,0
2277,4791,1,8327300,8399036,7,255,0,0,0,2,1,0,0
2278,4792,1,8327300,8399036,7,255,0,0,0,2,1,0,0
2279,4793,1,8327300,8399036,7,255,0,0,0,2,1,0,0
2280,4794,1,8327300,8399036,7,255,0,0,0,2,1,0,0
2281,4795,1,8327300,8399036,7,255,0,0,0,2,1,0,0
2282,4796,1,8327300,8399036,7,255,0,0,0,2,1,0,0
2283,4797,1,8327300,8399036,7,255,0,0,0,2,1,0,0
2284,4798,1,8327300,8399036,7,255,0,0,0,2,1,0,0
2285,4799,1,8327300,8399036,7,255,0,0,0,2,1,0,0
2286,4800,1,8327300,8399036,7,255,0,0,0,2,1,0,0
2287,4801,1,8327300,8399036,7,255,0,0,0,2,1,0,0
2288,4802,1,8327300,8399036,7,255,0,0,0,2,1,0,0
2289,4803,1,8327300,8399036,7,255,0,0,0,2,1,0,0
2290,4804,1,8327300,8399036,7,255,0,0,0,2,1,0,0
2291,4805,1,8327300,8399036,7,255,0,0,0,2,1,0,0
2292,4806,1,8327300,8399036,7,255,0,0,0,2,1,0,0
2293,4807,1,8327300,8399036,7,255,0,0,0,2,1,0,0
2294,4808,1,8327300,8399036,7,255,0,0,0,2,1,0,0
2295,4809,1,8327300,8399036,7,255,0,0,0,2,1,0,0
2296,4810,1,8327300,8399036,7,255,0,0,0,2,1,0,0
2297,4811,1,8327300,8399036,7,255,0,0,0,2,1,0,0
2298,4812,1,8327300,8399036,7,255,0,0,0,2,1,0,0
2299,4813,1,8327300,8399036,7,255,0,0,0,2,1,0,0
2300,4814,1,8327300,8399036,7,255,0,0,0,2,1,0,0
2301,4815,1,8327300,8399036,7,255,0,0,0,2,1,0,0
2302,4816,1,8327300,8399036,7,255,0,0,0,2,1,0,0
2303,4817,1,8327300,8399036,7,255,0,0,0,2,1,0,0
2304,4818,1,8327300,8399036,7,255,0,0,0,2,1,0,0
2305,4819,1,8327300,8399036,7,255,0,0,0,2,1,0,0
2306,4820,1,8327300,8399036,7,255,0,0,0,2,1,0,0
2307,4821,1,8327300,8399036,7,255,0,0,0,2,1,0,0
2308,4822,1,8327300,8399036,7,255,0,0,0,2,1,0,0
2309,4823,1,8327300,8399036,7,255,0,0,0,2,1,0,0
2310,4824,1,8327300,8399036,7,255,0,0,0,2,1,0,0
2311,4825,1,8327300,8399036,7,255,0,0,0,2,1,0,0
2312,4826,1,8327300,8399036,7,255,0,0,0,2,1,0,0
2313,4827,1,8327300,8399036,7,255,0,0,0,2,1,0,0
2314,4828,1,8327300,8399036,7,255,0,0,0,2,1,0,0
2315,4829,1,8327300,8399036,7,255,0,0,0,2,1,0,0
2316,4830,1,8327300,8399036,7,255,0,0,0,2,1,0,0
2317,4831,1,8327300,8399036,7,255,0,0,0,2,1,0,0
2318,4832,1,8327300,8399036,7,255,0,0,0,2,1,0,0
2319,4833,1,8327300,8399036,7,255,0,0,0,2,1,0,0
2320,4834,1,8327300,8399036,7,255,0,0,0,2,1,0,0
2321,4835,1,8327300,8399036,7,255,0,0,0,2,1,0,0
2322,4836,1,8327300,8399036,7,255,0,0,0,2,1,0,0
2323,4837,1,8327300,8399036,7,255,0,0,0,2,1,0,0
2324,4838,1,8327300,8399036,7,255,0,0,0,2,1,0,0
2325,4839,1,8327300,8399036,7,255,0,0,0,2,1,0,0
2326,4840,1,8327300,8399036,7,255,0,0,0,2,1,0,0
2327,4841,1,8327300,8399036,7,255,0,0,0,2,1,0,0
2328,4842,1,8327300,8399036,7,255,0,0,0,2,1,0,0
2329,4843,1,8327300,8399036,7,255,0,0,0,2,1,0,0
2330,4844,1,8327300,8399036,7,255,0,0,0,2,1,0,0
2331,4845,1,8327300,8399036,7,255,0,0,0,2,1,0,0
2332,4846,1,8327300,8399036,7,255,0,0,0,2,1,0,0
2333,4847,1,8327300,8399036,7,255,0,0,0,2,1,0,0
2334,4848,1,8327300,8399036,7,255,0,0,0,2,1,0,0
2335,4849,1,8327300,8399036,7,255,0,0,0,2,1,0,0
2336,4850,1,8327300,8399036,7,255,0,0,0,2,1,0,0
2337,4851,1,8327300,8399036,7,255,0,0,0,2,1,0,0
2338,4852,1,8327300,8399036,7,255,0,0,0,2,1,0,0
2339,4853,1,8327300,8399036,7,255,0,0,0,2,1,0,0
2340,4854,1,8327300,8399036,7,255,0,0,0,2,1,0,0
2341,4855,1,8327300,8399036,7,255,0,0,0,2,1,0,0
2342,4856,1,8327300,8399036,7,255,0,0,0,2,1,0,0
2343,4857,1,8327300,8399036,7,255,0,0,0,2,1,0,0
2344,4858,1,8327300,8399036,7,255,0,0,0,2,1,0,0
2345,4859,1,8327300,8399036,7,255,0,0,0,2,1,0,0
2346,4860,1,8327300,8399036,7,255,0,0,0,2,1,0,0
2347,4861,1,8327300,8399036,7,255,0,0,0,2,1,0,0
2348,4862,1,8327300,8399036,7,255,0,0,0,2,1,0,0
2349,4863,1,8327300,8399036,7,255,0,0,0,2,1,0,0
2350,4864,1,8327300,8399036,7,255,0,0,0,2,1,0,0
2351,4865,1,8327300,8399036,7,255,0,0,0,2,1,0,0
2352,4866,1,8327300,8399036,7,255,0,0,0,2,1,0,0
2353,4867,1,8327300,8399036,7,255,0,0,0,2,1,0,0
2354,4868,1,8327300,8399036,7,255,0,0,0,2,1,0,0
2355,4869,1,8327300,8399036,7,255,0,0,0,2,1,0,0
2356,4870,1,8327300,8399036,7,255,0,0,0,2,1,0,0
2357,4871,1,8327300,8399036,7,255,0,0,0,2,1,0,0
2358,4872,1,8327300,8399036,7,255,0,0,0,2,1,0,0
2359,4873,1,8327300,8399036,7,255,0,0,0,2,1,0,0
2360,4874,1,8327300,8399036,7,255,0,0,0,2,1,0,0
2361,4875,1,8327300,8399036,7,255,0,0,0,2,1,0,0
2362,4876,1,8327300,8399036,7,255,0,0,0,2,1,0,0
2363,4877,1,8327300,8399036,7,255,0,0,0,2,1,0,0
2364,4878,1,8327300,8399036,7,255,0,0,0,2,1,0,0
2365,4879,1,8327300,8399036,7,255,0,0,0,2,1,0,0
2366,4880,1,8327300,8399036,7,255,0,0,0,2,1,0,0
2367,4881,1,8327300,8399036,7,255,0,0,0,2,1,0,0
2368,4882,1,8327300,8399036,7,255,0,0,0,2,1,0,0
2369,4883,1,8327300,8399036,7,255,0,0,0,2,1,0,0
2370,4884,1,8327300,8399036,7,255,0,0,0,2,1,0,0
2371,4885,1,8327300,8399036,7,255,0,0,0,2,1,0,0
2372,4886,1,8327300,8399036,7,255,0,0,0,2,1,0,0
2373,4887,1,8327300,8399036,7,255,0,0,0,2,1,0,0
2374,4888,1,8327300,8399036,7,255,0,0,0,2,1,0,0
2375,4889,1,8327300,8399036,7,255,0,0,0,2,1,0,0
2376,4890,1,8327300,8399036,7,255,0,0,0,2,1,0,0
2377,4891,1,8327300,8399036,7,255,0,0,0,2,1,0,0
2378,4892,1,8327300,8399036,7,255,0,0,0,2,1,0,0
2379,4893,1,8327300,8399036,7,255,0,0,0,2,1,0,0
2380,4894,1,8327300,8399036,7,255,0,0,0,2,1,0,0
2381,4895,1,8327300,8399036,7,255,0,0,0,2,1,0,0
2382,4896,1,8327300,8399036,7,255,0,0,0,2,1,0,0
2383,4897,1,8327300,8399036,7,255,0,0,0,2,1,0,0
2384,4898,1,8327300,8399036,7,255,0,0,0,2,1,0,0
2385,4899,1,8327300,8399036,7,255,0,0,0,2,1,0,0
2386,4900,1,8327300,8399036,7,255,0,0,0,2,1,0,0
2387,4901,1,8327300,8399036,7,255,0,0,0,2,1,0,0
2388,4902,1,8327300,8399036,7,255,0,0,0,2,1,0,0
2389,4903,1,8327300,8399036,7,255,0,0,0,2,1,0,0
2390,4904,1,8327300,8399036,7,255,0,0,0,2,1,0,0
2391,4905,1,8327300,8399036,7,255,0,0,0,2,1,0,0
2392,4906,1,8327300,8399036,7,255,0,0,0,2,1,0,0
2393,4907,1,8327300,8399036,7,255,0,0,0,2,1,0,0
2394,4908,1,8327300,8399036,7,255,0,0,0,2,1,0,0
2395,4909,1,8327300,8399036,7,255,0,0,0,2,1,0,0
2396,4910,1,8327300,8399036,7,255,0,0,0,2,1,0,0
2397,4911,1,8327300,8399036,7,255,0,0,0,2,1,0,0
2398,4912,1,8327300,8399036,7,255,0,0,0,2,1,0,0
2399,4913,1,8327300,8399036,7,255,0,0,0,2,1,0,0
2400,4914,1,8327300,8399036,7,255,0,0,0,2,1,0,0
2401,4915,1,8327300,8399036,7,255,0,0,0,2,1,0,0
2402,4916,1,8327300,8399036,7,255,0,0,0,2,1,0,0
2403,4917,1,8327300,8399036,7,255,0,0,0,2,1,0,0
2404,4918,1,8327300,8399036,7,255,0,0,0,2,1,0,0
2405,4919,1,8327300,8399036,7,255,0,0,0,2,1,0,0
2406,4920,1,8327300,8399036,7,255,0,0,0,2,1,0,0
2407,4921,1,8327300,8399036,7,255,0,0,0,2,1,0,0
2408,4922,1,8327300,8399036,7,255,0,0,0,2,1,0,0
2409,4923,1,8327300,8399036,7,255,0,0,0,2,1,0,0
2410,4924,1,8327300,8399036,7,255,0,0,0,2,1,0,0
2411,4925,1,8327300,8399036,7,255,0,0,0,2,1,0,0
2412,4926,1,8327300,8399036,7,255,0,0,0,2,1,0,0
2413,4927,1,8327300,8399036,7,255,0,0,0,2,1,0,0
2414,4928,1,8327300,8399036,7,255,0,0,0,2,1,0,0
2415,4929,1,8327300,8399036,7,255,0,0,0,2,1,0,0
2416,4930,1,8327300,8399036,7,255,0,0,0,2,1,0,0
2417,4931,1,8327300,8399036,7,255,0,0,0,2,1,0,0
2418,4932,1,8327300,8399036,7,255,0,0,0,2,1,0,0
2419,4933,1,8327300,8399036,7,255,0,0,0,2,1,0,0
2420,4934,1,8327300,8399036,7,255,0,0,0,2,1,0,0
2421,4935,1,8327300,8399036,7,255,0,0,0,2,1,0,0
2422,4936,1,8327300,8399036,7,255,0,0,0,2,1,0,0
2423,4937,1,8327300,8399036,7,255,0,0,0,2,1,0,0
2424,4938,1,8327300,8399036,7,255,0,0,0,2,1,0,0
2425,4939,1,8327300,8399036,7,255,0,0,0,2,1,0,0
2426,4940,1,8327300,8399036,7,255,0,0,0,2,1,0,0
2427,4941,1,8327300,8399036,7,255,0,0,0,2,1,0,0
2428,4942,1,8327300,8399036,7,255,0,0,0,2,1,0,0
2429,4943,1,8327300,8399036,7,255,0,0,0,2,1,0,0
2430,4944,1,8327300,8399036,7,255,0,0,0,2,1,0,0
2431,4945,1,8327300,8399036,7,255,0,0,0,2,1,0,0
2432,4946,1,8327300,8399036,7,255,0,0,0,2,1,0,0
2433,4947,1,8327300,8399036,7,255,0,0,0,2,1,0,0
2434,4948,1,8327300,8399036,7,255,0,0,0,2,1,0,0
2435,4949,1,8327300,8399036,7,255,0,0,0,2,1,0,0
2436,4950,1,8327300,8399036,7,255,0,0,0,2,1,0,0
2437,4951,1,8327300,8399036,7,255,0,0,0,2,1,0,0
2438,4952,1,8327300,8399036,7,255,0,0,0,2,1,0,0
2439,4953,1,8327300,8399036,7,255,0,0,0,2,1,0,0
2440,4954,1,8327300,8399036,7,255,0,0,0,2,1,0,0
2441,4955,1,8327300,8399036,7,255,0,0,0,2,1,0,0
2442,4956,1,8327300,8399036,7,255,0,0,0,2,1,0,0
2443,4957,1,8327300,8399036,7,255,0,0,0,2,1,0,0
2444,4958,1,8327300,8399036,7,255,0,0,0,2,1,0,0
2445,4959,1,8327300,8399036,7,255,0,0,0,2,1,0,0
2446,4960,1,8327300,8399036,7,255,0,0,0,2,1,0,0
2447,4961,1,8327300,8399036,7,255,0,0,0,2,1,0,0
2448,4962,1,8327300,8399036,7,255,0,0,0,2,1,0,0
2449,4963,1,8327300,8399036,7,255,0,0,0,2,1,0,0
2450,4964,1,8327300,8399036,7,255,0,0,0,2,1,0,0
2451,4965,1,8327300,8399036,7,255,0,0,0,2,1,0,0
2452,4966,1,8327300,8399036,7,255,0,0,0,2,1,0,0
2453,4967,1,8327300,8399036,7,255,0,0,0,2,1,0,0
2454,4968,1,8327300,8399036,7,255,0,0,0,2,1,0,0
2455,4969,1,8327300,8399036,7,255,0,0,0,2,1,0,0
2456,4970,1,8327300,8399036,7,255,0,0,0,2,1,0,0
2457,4971,1,8327300,8399036,7,255,0,0,0,2,1,0,0
2458,4972,1,8327300,8399036,7,255,0,0,0,2,1,0,0
2459,4973,1,8327300,8399036,7,255,0,0,0,2,1,0,0
2460,4974,1,8327300,8399036,7,255,0,0,0,2,1,0,0
2461,4975,1,8327300,8399036,7,255,0,0,0,2,1,0,0
2462,4976,1,8327300,8399036,7,255,0,0,0,2,1,0,0
2463,4977,1,8327300,8399036,7,255,0,0,0,2,1,0,0
2464,4978,1,8327300,8399036,7,255,0,0,0,2,1,0,0
2465,4979,1,8327300,8399036,7,255,0,0,0,2,1,0,0
2466,4980,1,8327300,8399036,7,255,0,0,0,2,1,0,0
2467,4981,1,8327300,8399036,7,255,0,0,0,2,1,0,0
2468,4982,1,8327300,8399036,7,255,0,0,0,2,1,0,0
2469,4983,1,8327300,8399036,7,255,0,0,0,2,1,0,0
2470,4984,1,8327300,8399036,7,255,0,0,0,2,1,0,0
2471,4985,1,8327300,8399036,7,255,0,0,0,2,1,0,0
2472,4986,1,8327300,8399036,7,255,0,0,0,2,1,0,0
2473,4987,1,8327300,8399036,7,255,0,0,0,2,1,0,0
2474,4988,1,8327300,8399036,7,255,0,0,0,2,1,0,0
2475,4989,1,8327300,8399036,7,255,0,0,0,2,1,0,0
2476,4990,1,8327300,8399036,7,255,0,0,0,2,1,0,0
2477,4991,1,8327300,8399036,7,255,0,0,0,2,1,0,0
2478,4992,1,8327300,8399036,7,255,0,0,0,2,1,0,0
2479,4993,1,8327300,8399036,7,255,0,0,0,2,1,0,0
2480,4994,1,8327300,8399036,7,255,0,0,0,2,1,0,0
2481,4995,1,8327300,8399036,7,255,0,0,0,2,1,0,0
2482,4996,1,8327300,8399036,7,255,0,0,0,2,1,0,0
2483,4997,1,8327300,8399036,7,255,0,0,0,2,1,0,0
2484,4998,1,8327300,8399036,7,255,0,0,0,2,1,0,0
2485,4999,1,8327300,8399036,7,255,0,0,0,2,1,0,0
2486,5000,1,8327300,8399036,7,255,0,0,0,2,1,0,0
2487,5001,1,8327300,8399036,7,255,0,0,0,2,1,0,0
2488,5002,1,8327300,8399036,7,255,0,0,0,2,1,0,0
2489,5003,1,8327300,8399036,7,255,0,0,0,2,1,0,0
2490,5004,1,8327300,8399036,7,255,0,0,0,2,1,0,0
2491,5005,1,8327300,8399036,7,255,0,0,0,2,1,0,0
2492,5006,1,8327300,8399036,7,255,0,0,0,2,1,0,0
2493,5007,1,8327300,8399036,7,255,0,0,0,2,1,0,0
2494,5008,1,8327300,8399036,7,255,0,0,0,2,1,0,0
2495,5009,1,8327300,8399036,7,255,0,0,0,2,1,0,0
2496,5010,1,8327300,8399036,7,255,0,0,0,2,1,0,0
2497,5011,1,8327300,8399036,7,255,0,0,0,2,1,0,0
2498,5012,1,8327300,8399036,7,255,0,0,0,2,1,0,0
2499,5013,1,8327300,8399036,7,255,0,0,0,2,1,0,0
2500,5014,1,8327300,8399036,7,255,0,0,0,2,1,0,0
2501,5015,1,8327300,8399036,7,255,0,0,0,2,1,0,0
2502,5016,1,8327300,8399036,7,255,0,0,0,2,1,0,0
2503,5017,1,8327300,8399036,7,255,0,0,0,2,1,0,0
2504,5018,1,8327300,8399036,7,255,0,0,0,2,1,0,0
2505,5019,1,8327300,8399036,7,255,0,0,0,2,1,0,0
2506,5020,1,8327300,8399036,7,255,0,0,0,2,1,0,0
2507,5021,1,8327300,8399036,7,255,0,0,0,2,1,0,0
2508,5022,1,8327300,8399036,7,255,0,0,0,2,1,0,0
2509,5023,1,8327300,8399036,7,255,0,0,0,2,1,0,0
2510,5024,1,8327300,8399036,7,255,0,0,0,2,1,0,0
2511,5025,1,8327300,8399036,7,255,0,0,0,2,1,0,0
2512,5026,1,8327300,8399036,7,255,0,0,0,2,1,0,0
2513,5027,1,8327300,8399036,7,255,0,0,0,2,1,0,0
2514,5028,1,8327300,8399036,7,255,0,0,0,2,1,0,0
2515,5029,1,8327300,8399036,7,255,0,0,0,2,1,0,0
2516,5030,1,8327300,8399036,7,255,0,0,0,2,1,0,0
2517,5031,1,8327300,8399036,7,255,0,0,0,2,1,0,0
2518,5032,1,8327300,8399036,7,255,0,0,0,2,1,0,0
2519,5033,1,8327300,8399036,7,255,0,0,0,2,1,0,0
2520,5034,1,8327300,8399036,7,255,0,0,0,2,1,0,0
2521,5035,1,8327300,8399036,7,255,0,0,0,2,1,0,0
2522,5036,1,8327300,8399036,7,255,0,0,0,2,1,0,0
2523,5037,1,8327300,8399036,7,255,0,0,0,2,1,0,0
2524,5038,1,8327300,8399036,7,255,0,0,0,2,1,0,0
2525,5039,1,8327300,8399036,7,255,0,0,0,2,1,0,0
2526,5040,1,8327300,8399036,7,255,0,0,0,2,1,0,0
2527,5041,1,8327300,8399036,7,255,0,0,0,2,1,0,0
2528,5042,1,8327300,8399036,7,255,0,0,0,2,1,0,0
2529,5043,1,8327300,8399036,7,255,0,0,0,2,1,0,0
2530,5044,1,8327300,8399036,7,255,0,0,0,2,1,0,0
2531,5045,1,8327300,8399036,7,255,0,0,0,2,1,0,0
2532,5046,1,8327300,8399036,7,255,0,0,0,2,1,0,0
2533,5047,1,8327300,8399036,7,255,0,0,0,2,1,0,0
2534,5048,1,8327300,8399036,7,255,0,0,0,2,1,0,0
2535,5049,1,8327300,8399036,7,255,0,0,0,2,1,0,0
2536,5050,1,8327300,8399036,7,255,0,0,0,2,1,0,0
2537,5051,1,8327300,8399036,7,255,0,0,0,2,1,0,0
2538,5052,1,8327300,8399036,7,255,0,0,0,2,1,0,0
2539,5053,1,8327300,8399036,7,255,0,0,0,2,1,0,0
2540,5054,1,8327300,8399036,7,255,0,0,0,2,1,0,0
2541,5055,1,8327300,8399036,7,255,0,0,0,2,1,0,0
2542,5056,1,8327300,8399036,7,255,0,0,0,2,1,0,0
2543,5057,1,8327300,8399036,7,255,0,0,0,2,1,0,0
2544,5058,1,8327300,8399036,7,255,0,0,0,2,1,0,0
2545,5059,1,8327300,8399036,7,255,0,0,0,2,1,0,0
2546,5060,1,8327300,8399036,7,255,0,0,0,2,1,0,0
2547,5061,1,8327300,8399036,7,255,0,0,0,2,1,0,0
2548,5062,1,8327300,8399036,7,255,0,0,0,2,1,0,0
2549,5063,1,8327300,8399036,7,255,0,0,0,2,1,0,0
2550,5064,1,8327300,8399036,7,255,0,0,0,2,1,0,0
2551,5065,1,8327300,8399036,7,255,0,0,0,2,1,0,0
2552,5066,1,8327300,8399036,7,255,0,0,0,2,1,0,0
2553,5067,1,8327300,8399036,7,255,0,0,0,2,1,0,0
2554,5068,1,8327300,8399036,7,255,0,0,0,2,1,0,0
2555,5069,1,8327300,8399036,7,255,0,0,0,2,1,0,0
2556,5070,1,8327300,8399036,7,255,0,0,0,2,1,0,0
2557,5071,1,8327300,8399036,7,255,0,0,0,2,1,0,0
2558,5072,1,8327300,8399036,7,255,0,0,0,2,1,0,0
2559,5073,1,8327300,8399036,7,255,0,0,0,2,1,0,0
2560,5074,1,8327300,8399036,7,255,0,0,0,2,1,0,0
2561,5075,1,8327300,8399036,7,255,0,0,0,2,1,0,0
2562,5076,1,8327300,8399036,7,255,0,0,0,2,1,0,0
2563,5077,1,8327300,8399036,7,255,0,0,0,2,1,0,0
2564,5078,1,8327300,8399036,7,255,0,0,0,2,1,0,0
2565,5079,1,8327300,8399036,7,255,0,0,0,2,1,0,0
2566,5080,1,8327300,8399036,7,255,0,0,0,2,1,0,0
2567,5081,1,8327300,8399036,7,255,0,0,0,2,1,0,0
2568,5082,1,8327300,8399036,7,255,0,0,0,2,1,0,0
2569,5083,1,8327300,8399036,7,255,0,0,0,2,1,0,0
2570,5084,1,8327300,8399036,7,255,0,0,0,2,1,0,0
2571,5085,1,8327300,8399036,7,255,0,0,0,2,1,0,0
2572,5086,1,8327300,8399036,7,255,0,0,0,2,1,0,0
2573,5087,1,8327300,8399036,7,255,0,0,0,2,1,0,0
2574,5088,1,8327300,8399036,7,255,0,0,0,2,1,0,0
2575,5089,1,8327300,8399036,7,255,0,0,0,2,1,0,0
2576,5090,1,8327300,8399036,7,255,0,0,0,2,1,0,0
2577,5091,1,8327300,8399036,7,255,0,0,0,2,1,0,0
2578,5092,1,8327300,8399036,7,255,0,0,0,2,1,0,0
2579,5093,1,8327300,8399036,7,255,0,0,0,2,1,0,0
2580,5094,1,8327300,8399036,7,255,0,0,0,2,1,0,0
2581,5095,1,8327300,8399036,7,255,0,0,0,2,1,0,0
2582,5096,1,8327300,8399036,7,255,0,0,0,2,1,0,0
2583,5097,1,8327300,8399036,7,255,0,0,0,2,1,0,0
2584,5098,1,8327300,8399036,7,255,0,0,0,2,1,0,0
2585,5099,1,8327300,8399036,7,255,0,0,0,2,1,0,0
2586,5100,1,8327300,8399036,7,255,0,0,0,2,1,0,0
2587,5101,1,8327300,8399036,7,255,0,0,0,2,1,0,0
2588,5102,1,8327300,8399036,7,255,0,0,0,2,1,0,0
2589,5103,1,8327300,8399036,7,255,0,0,0,2,1,0,0
2590,5104,1,8327300,8399036,7,255,0,0,0,2,1,0,0
2591,5105,1,8327300,8399036,7,255,0,0,0,2,1,0,0
2592,5106,1,8327300,8399036,7,255,0,0,0,2,1,0,0
2593,5107,1,8327300,8399036,7,255,0,0,0,2,1,0,0
2594,5108,1,8327300,8399036,7,255,0,0,0,2,1,0,0
2595,5109,1,8327300,8399036,7,255,0,0,0,2,1,0,0
2596,5110,1,8327300,8399036,7,255,0,0,0,2,1,0,0
2597,5111,1,8327300,8399036,7,255,0,0,0,2,1,0,0
2598,5112,1,8327300,8399036,7,255,0,0,0,2,1,0,0
2599,5113,1,8327300,8399036,7,255,0,0,0,2,1,0,0
2600,5114,1,8327300,8399036,7,255,0,0,0,2,1,0,0
2601,5115,1,8327300,8399036,7,255,0,0,0,2,1,0,0
2602,5116,1,8327300,8399036,7,255,0,0,0,2,1,0,0
2603,5117,1,8327300,8399036,7,255,0,0,0,2,1,0,0
2604,5118,1,8327300,8399036,7,255,0,0,0,2,1,0,0
2605,5119,1,8327300,8399036,7,255,0,0,0,2,1,0,0
2606,5120,1,8327300,8399036,7,255,0,0,0,2,1,0,0
2607,5121,1,8327300,8399036,7,255,0,0,0,2,1,0,0
2608,5122,1,8327300,8399036,7,255,0,0,0,2,1,0,0
2609,5123,1,8327300,8399036,7,255,0,0,0,2,1,0,0
2610,5124,1,8327300,8399036,7,255,0,0,0,2,1,0,0
2611,5125,1,8327300,8399036,7,255,0,0,0,2,1,0,0
2612,5126,1,8327300,8399036,7,255,0,0,0,2,1,0,0
2613,5127,1,8327300,8399036,7,255,0,0,0,2,1,0,0
2614,5128,1,8327300,8399036,7,255,0,0,0,2,1,0,0
2615,5129,1,8327300,8399036,7,255,0,0,0,2,1,0,0
2616,5130,1,8327300,8399036,7,255,0,0,0,2,1,0,0
2617,5131,1,8327300,8399036,7,255,0,0,0,2,1,0,0
2618,5132,1,8327300,8399036,7,255,0,0,0,2,1,0,0
2619,5133,1,8327300,8399036,7,255,0,0,0,2,1,0,0
2620,5134,1,8327300,8399036,7,255,0,0,0,2,1,0,0
2621,5135,1,8327300,8399036,7,255,0,0,0,2,1,0,0
2622,5136,1,8327300,8399036,7,255,0,0,0,2,1,0,0
2623,5137,1,8327300,8399036,7,255,0,0,0,2,1,0,0
2624,5138,1,8327300,8399036,7,255,0,0,0,2,1,0,0
2625,5139,1,8327300,8399036,7,255,0,0,0,2,1,0,0
2626,5140,1,8327300,8399036,7,255,0,0,0,2,1,0,0
2627,5141,1,8327300,8399036,7,255,0,0,0,2,1,0,0
2628,5142,1,8327300,8399036,7,255,0,0,0,2,1,0,0
2629,5143,1,8327300,8399036,7,255,0,0,0,2,1,0,0
2630,5144,1,8327300,8399036,7,255,0,0,0,2,1,0,0
2631,5145,1,8327300,8399036,7,255,0,0,0,2,1,0,0
2632,5146,1,8327300,8399036,7,255,0,0,0,2,1,0,0
2633,5147,1,8327300,8399036,7,255,0,0,0,2,1,0,0
2634,5148,1,8327300,8399036,7,255,0,0,0,2,1,0,0
2635,5149,1,8327300,8399036,7,255,0,0,0,2,1,0,0
2636,5150,1,8327300,8399036,7,255,0,0,0,2,1,0,0
2637,5151,1,8327300,8399036,7,255,0,0,0,2,1,0,0
2638,5152,1,8327300,8399036,7,255,0,0,0,2,1,0,0
2639,5153,1,8327300,8399036,7,255,0,0,0,2,1,0,0
2640,5154,1,8327300,8399036,7,255,0,0,0,2,1,0,0
2641,5155,1,8327300,8399036,7,255,0,0,0,2,1,0,0
2642,5156,1,8327300,8399036,7,255,0,0,0,2,1,0,0
2643,5157,1,8327300,8399036,7,255,0,0,0,2,1,0,0
2644,5158,1,8327300,8399036,7,255,0,0,0,2,1,0,0
2645,5159,1,8327300,8399036,7,255,0,0,0,2,1,0,0
2646,5160,1,8327300,8399036,7,255,0,0,0,2,1,0,0
2647,5161,1,8327300,8399036,7,255,0,0,0,2,1,0,0
2648,5162,1,8327300,8399036,7,255,0,0,0,2,1,0,0
2649,5163,1,8327300,8399036,7,255,0,0,0,2,1,0,0
2650,5164,1,8327300,8399036,7,255,0,0,0,2,1,0,0
2651,5165,1,8327300,8399036,7,255,0,0,0,2,1,0,0
2652,5166,1,8327300,8399036,7,255,0,0,0,2,1,0,0
2653,5167,1,8327300,8399036,7,255,0,0,0,2,1,0,0
2654,5168,1,8327300,8399036,7,255,0,0,0,2,1,0,0
2655,5169,1,8327300,8399036,7,255,0,0,0,2,1,0,0
2656,5170,1,8327300,8399036,7,255,0,0,0,2,1,0,0
2657,5171,1,8327300,8399036,7,255,0,0,0,2,1,0,0
2658,5172,1,8327300,8399036,7,255,0,0,0,2,1,0,0
2659,5173,1,8327300,8399036,7,255,0,0,0,2,1,0,0
2660,5174,1,8327300,8399036,7,255,0,0,0,2,1,0,0
2661,5175,1,8327300,8399036,7,255,0,0,0,2,1,0,0
2662,5176,1,8327300,8399036,7,255,0,0,0,2,1,0,0
2663,5177,1,8327300,8399036,7,255,0,0,0,2,1,0,0
2664,5178,1,8327300,8399036,7,255,0,0,0,2,1,0,0
2665,5179,1,8327300,8399036,7,255,0,0,0,2,1,0,0
2666,5180,1,8327300,8399036,7,255,0,0,0,2,1,0,0
2667,5181,1,8327300,8399036,7,255,0,0,0,2,1,0,0
2668,5182,1,8327300,8399036,7,255,0,0,0,2,1,0,0
2669,5183,1,8327300,8399036,7,255,0,0,0,2,1,0,0
2670,5184,1,8327300,8399036,7,255,0,0,0,2,1,0,0
2671,5185,1,8327300,8399036,7,255,0,0,0,2,1,0,0
2672,5186,1,8327300,8399036,7,255,0,0,0,2,1,0,0
2673,5187,1,8327300,8399036,7,255,0,0,0,2,1,0,0
2674,5188,1,8327300,8399036,7,255,0,0,0,2,1,0,0
2675,5189,1,8327300,8399036,7,255,0,0,0,2,1,0,0
2676,5190,1,8327300,8399036,7,255,0,0,0,2,1,0,0
2677,5191,1,8327300,8399036,7,255,0,0,0,2,1,0,0
2678,5192,1,8327300,8399036,7,255,0,0,0,2,1,0,0
2679,5193,1,8327300,8399036,7,255,0,0,0,2,1,0,0
2680,5194,1,8327300,8399036,7,255,0,0,0,2,1,0,0
2681,5195,1,8327300,8399036,7,255,0,0,0,2,1,0,0
2682,5196,1,8327300,8399036,7,255,0,0,0,2,1,0,0
2683,5197,1,8327300,8399036,7,255,0,0,0,2,1,0,0
2684,5198,1,8327300,8399036,7,255,0,0,0,2,1,0,0
2685,5199,1,8327300,8399036,7,255,0,0,0,2,1,0,0
2686,5200,1,8327300,8399036,7,255,0,0,0,2,1,0,0
2687,5201,1,8327300,8399036,7,255,0,0,0,2,1,0,0
2688,5202,1,8327300,8399036,7,255,0,0,0,2,1,0,0
2689,5203,1,8327300,8399036,7,255,0,0,0,2,1,0,0
2690,5204,1,8327300,8399036,7,255,0,0,0,2,1,0,0
2691,5205,1,8327300,8399036,7,255,0,0,0,2,1,0,0
2692,5206,1,8327300,8399036,7,255,0,0,0,2,1,0,0
2693,5207,1,8327300,8399036,7,255,0,0,0,2,1,0,0
2694,5208,1,8327300,8399036,7,255,0,0,0,2,1,0,0
2695,5209,1,8327300,8399036,7,255,0,0,0,2,1,0,0
2696,5210,1,8327300,8399036,7,255,0,0,0,2,1,0,0
2697,5211,1,8327300,8399036,7,255,0,0,0,2,1,0,0
2698,5212,1,8327300,8399036,7,255,0,0,0,2,1,0,0
2699,5213,1,8327300,8399036,7,255,0,0,0,2,1,0,0
2700,5214,1,8327300,8399036,7,255,0,0,0,2,1,0,0
2701,5215,1,8327300,8399036,7,255,0,0,0,2,1,0,0
2702,5216,1,8327300,8399036,7,255,0,0,0,2,1,0,0
2703,5217,1,8327300,8399036,7,255,0,0,0,2,1,0,0
2704,5218,1,8327300,8399036,7,255,0,0,0,2,1,0,0
2705,5219,1,8327300,8399036,7,255,0,0,0,2,1,0,0
2706,5220,1,8327300,8399036,7,255,0,0,0,2,1,0,0
2707,5221,1,8327300,8399036,7,255,0,0,0,2,1,0,0
2708,5222,1,8327300,8399036,7,255,0,0,0,2,1,0,0
2709,5223,1,8327300,8399036,7,255,0,0,0,2,1,0,0
2710,5224,1,8327300,8399036,7,255,0,0,0,2,1,0,0
2711,5225,1,8327300,8399036,7,255,0,0,0,2,1,0,0
2712,5226,1,8327300,8399036,7,255,0,0,0,2,1,0,0
2713,5227,1,8327300,8399036,7,255,0,0,0,2,1,0,0
2714,5228,1,8327300,8399036,7,255,0,0,0,2,1,0,0
2715,5229,1,8327300,8399036,7,255,0,0,0,2,1,0,0
2716,5230,1,8327300,8399036,7,255,0,0,0,2,1,0,0
2717,5231,1,8327300,8399036,7,255,0,0,0,2,1,0,0
2718,5232,1,8327300,8399036,7,255,0,0,0,2,1,0,0
2719,5233,1,8327300,8399036,7,255,0,0,0,2,1,0,0
2720,5234,1,8327300,8399036,7,255,0,0,0,2,1,0,0
2721,5235,1,8327300,8399036,7,255,0,0,0,2,1,0,0
2722,5236,1,8327300,8399036,7,255,0,0,0,2,1,0,0
2723,5237,1,8327300,8399036,7,255,0,0,0,2,1,0,0
2724,5238,1,8327300,8399036,7,255,0,0,0,2,1,0,0
2725,5239,1,8327300,8399036,7,255,0,0,0,2,1,0,0
2726,5240,1,8327300,8399036,7,255,0,0,0,2,1,0,0
2727,5241,1,8327300,8399036,7,255,0,0,0,2,1,0,0
2728,5242,1,8327300,8399036,7,255,0,0,0,2,1,0,0
2729,5243,1,8327300,8399036,7,255,0,0,0,2,1,0,0
2730,5244,1,8327300,8399036,7,255,0,0,0,2,1,0,0
2731,5245,1,8327300,8399036,7,255,0,0,0,2,1,0,0
2732,5246,1,8327300,8399036,7,255,0,0,0,2,1,0,0
2733,5247,1,8327300,8399036,7,255,0,0,0,2,1,0,0
2734,5248,1,8327300,8399036,7,255,0,0,0,2,1,0,0
2735,5249,1,8327300,8399036,7,255,0,0,0,2,1,0,0
2736,5250,1,8327300,8399036,7,255,0,0,0,2,1,0,0
2737,5251,1,8327300,8399036,7,255,0,0,0,2,1,0,0
2738,5252,1,8327300,8399036,7,255,0,0,0,2,1,0,0
2739,5253,1,8327300,8399036,7,255,0,0,0,2,1,0,0
2740,5254,1,8327300,8399036,7,255,0,0,0,2,1,0,0
2741,5255,1,8327300,8399036,7,255,0,0,0,2,1,0,0
2742,5256,1,8327300,8399036,7,255,0,0,0,2,1,0,0
2743,5257,1,8327300,8399036,7,255,0,0,0,2,1,0,0
2744,5258,1,8327300,8399036,7,255,0,0,0,2,1,0,0
2745,5259,1,8327300,8399036,7,255,0,0,0,2,1,0,0
2746,5260,1,8327300,8399036,7,255,0,0,0,2,1,0,0
2747,5261,1,8327300,8399036,7,255,0,0,0,2,1,0,0
2748,5262,1,8327300,8399036,7,255,0,0,0,2,1,0,0
2749,5263,1,8327300,8399036,7,255,0,0,0,2,1,0,0
2750,5264,1,8327300,8399036,7,255,0,0,0,2,1,0,0
2751,5265,1,8327300,8399036,7,255,0,0,0,2,1,0,0
2752,5266,1,8327300,8399036,7,255,0,0,0,2,1,0,0
2753,5267,1,8327300,8399036,7,255,0,0,0,2,1,0,0
2754,5268,1,8327300,8399036,7,255,0,0,0,2,1,0,0
2755,5269,1,8327300,8399036,7,255,0,0,0,2,1,0,0
2756,5270,1,8327300,8399036,7,255,0,0,0,2,1,0,0
2757,5271,1,8327300,8399036,7,255,0,0,0,2,1,0,0
2758,5272,1,8327300,8399036,7,255,0,0,0,2,1,0,0
2759,5273,1,8327300,8399036,7,255,0,0,0,2,1,0,0
2760,5274,1,8327300,8399036,7,255,0,0,0,2,1,0,0
2761,5275,1,8327300,8399036,7,255,0,0,0,2,1,0,0
2762,5276,1,8327300,8399036,7,255,0,0,0,2,1,0,0
2763,5277,1,8327300,8399036,7,255,0,0,0,2,1,0,0
2764,5278,1,8327300,8399036,7,255,0,0,0,2,1,0,0
2765,5279,1,8327300,8399036,7,255,0,0,0,2,1,0,0
2766,5280,1,8327300,8399036,7,255,0,0,0,2,1,0,0
2767,5281,1,8327300,8399036,7,255,0,0,0,2,1,0,0
2768,5282,1,8327300,8399036,7,255,0,0,0,2,1,0,0
2769,5283,1,8327300,8399036,7,255,0,0,0,2,1,0,0
2770,5284,1,8327300,8399036,7,255,0,0,0,2,1,0,0
2771,5285,1,8327300,8399036,7,255,0,0,0,2,1,0,0
2772,5286,1,8327300,8399036,7,255,0,0,0,2,1,0,0
2773,5287,1,8327300,8399036,7,255,0,0,0,2,1,0,0
2774,5288,1,8327300,8399036,7,255,0,0,0,2,1,0,0
2775,5289,1,8327300,8399036,7,255,0,0,0,2,1,0,0
2776,5290,1,8327300,8399036,7,255,0,0,0,2,1,0,0
2777,5291,1,8327300,8399036,7,255,0,0,0,2,1,0,0
2778,5292,1,8327300,8399036,7,255,0,0,0,2,1,0,0
2779,5293,1,8327300,8399036,7,255,0,0,0,2,1,0,0
2780,5294,1,8327300,8399036,7,255,0,0,0,2,1,0,0
2781,5295,1,8327300,8399036,7,255,0,0,0,2,1,0,0
2782,5296,1,8327300,8399036,7,255,0,0,0,2,1,0,0
2783,5297,1,8327300,8399036,7,255,0,0,0,2,1,0,0
2784,5298,1,8327300,8399036,7,255,0,0,0,2,1,0,0
2785,5299,1,8327300,8399036,7,255,0,0,0,2,1,0,0
2786,5300,1,8327300,8399036,7,255,0,0,0,2,1,0,0
2787,5301,1,8327300,8399036,7,255,0,0,0,2,1,0,0
2788,5302,1,8327300,8399036,7,255,0,0,0,2,1,0,0
2789,5303,1,8327300,8399036,7,255,0,0,0,2,1,0,0
2790,5304,1,8327300,8399036,7,255,0,0,0,2,1,0,0
2791,5305,1,8327300,8399036,7,255,0,0,0,2,1,0,0
2792,5306,1,8327300,8399036,7,255,0,0,0,2,1,0,0
2793,5307,1,8327300,8399036,7,255,0,0,0,2,1,0,0
2794,5308,1,8327300,8399036,7,255,0,0,0,2,1,0,0
2795,5309,1,8327300,8399036,7,255,0,0,0,2,1,0,0
2796,5310,1,8327300,8399036,7,255,0,0,0,2,1,0,0
2797,5311,1,8327300,8399036,7,255,0,0,0,2,1,0,0
2798,5312,1,8327300,8399036,7,255,0,0,0,2,1,0,0
2799,5313,1,8327300,8399036,7,255,0,0,0,2,1,0,0
2800,5314,1,8327300,8399036,7,255,0,0,0,2,1,0,0
2801,5315,1,8327300,8399036,7,255,0,0,0,2,1,0,0
2802,5316,1,8327300,8399036,7,255,0,0,0,2,1,0,0
2803,5317,1,8327300,8399036,7,255,0,0,0,2,1,0,0
2804,5318,1,8327300,8399036,7,255,0,0,0,2,1,0,0
2805,5319,1,8327300,8399036,7,255,0,0,0,2,1,0,0
2806,5320,1,8327300,8399036,7,255,0,0,0,2,1,0,0
2807,5321,1,8327300,8399036,7,255,0,0,0,2,1,0,0
2808,5322,1,8327300,8399036,7,255,0,0,0,2,1,0,0
2809,5323,1,8327300,8399036,7,255,0,0,0,2,1,0,0
2810,5324,1,8327300,8399036,7,255,0,0,0,2,1,0,0
2811,5325,1,8327300,8399036,7,255,0,0,0,2,1,0,0
2812,5326,1,8327300,8399036,7,255,0,0,0,2,1,0,0
2813,5327,1,8327300,8399036,7,255,0,0,0,2,1,0,0
2814,5328,1,8327300,8399036,7,255,0,0,0,2,1,0,0
2815,5329,1,8327300,8399036,7,255,0,0,0,2,1,0,0
2816,5330,1,8327300,8399036,7,255,0,0,0,2,1,0,0
2817,5331,1,8327300,8399036,7,255,0,0,0,2,1,0,0
2818,5332,1,8327300,8399036,7,255,0,0,0,2,1,0,0
2819,5333,1,8327300,8399036,7,255,0,0,0,2,1,0,0
2820,5334,1,8327300,8399036,7,255,0,0,0,2,1,0,0
2821,5335,1,8327300,8399036,7,255,0,0,0,2,1,0,0
2822,5336,1,8327300,8399036,7,255,0,0,0,2,1,0,0
2823,5337,1,8327300,8399036,7,255,0,0,0,2,1,0,0
2824,5338,1,8327300,8399036,7,255,0,0,0,2,1,0,0
2825,5339,1,8327300,8399036,7,255,0,0,0,2,1,0,0
2826,5340,1,8327300,8399036,7,255,0,0,0,2,1,0,0
2827,5341,1,8327300,8399036,7,255,0,0,0,2,1,0,0
2828,5342,1,8327300,8399036,7,255,0,0,0,2,1,0,0
2829,5343,1,8327300,8399036,7,255,0,0,0,2,1,0,0
2830,5344,1,8327300,8399036,7,255,0,0,0,2,1,0,0
2831,5345,1,8327300,8399036,7,255,0,0,0,2,1,0,0
2832,5346,1,8327300,8399036,7,255,0,0,0,2,1,0,0
2833,5347,1,8327300,8399036,7,255,0,0,0,2,1,0,0
2834,5348,1,8327300,8399036,7,255,0,0,0,2,1,0,0
2835,5349,1,8327300,8399036,7,255,0,0,0,2,1,0,0
2836,5350,1,8327300,8399036,7,255,0,0,0,2,1,0,0
2837,5351,1,8327300,8399036,7,255,0,0,0,2,1,0,0
2838,5352,1,8327300,8399036,7,255,0,0,0,2,1,0,0
2839,5353,1,8327300,8399036,7,255,0,0,0,2,1,0,0
2840,5354,1,8327300,8399036,7,255,0,0,0,2,1,0,0
2841,5355,1,8327300,8399036,7,255,0,0,0,2,1,0,0
2842,5356,1,8327300,8399036,7,255,0,0,0,2,1,0,0
2843,5357,1,8327300,8399036,7,255,0,0,0,2,1,0,0
2844,5358,1,8327300,8399036,7,255,0,0,0,2,1,0,0
2845,5359,1,8327300,8399036,7,255,0,0,0,2,1,0,0
2846,5360,1,8327300,8399036,7,255,0,0,0,2,1,0,0
2847,5361,1,8327300,8399036,7,255,0,0,0,2,1,0,0
2848,5362,1,8327300,8399036,7,255,0,0,0,2,1,0,0
2849,5363,1,8327300,8399036,7,255,0,0,0,2,1,0,0
2850,5364,1,8327300,8399036,7,255,0,0,0,2,1,0,0
2851,5365,1,8327300,8399036,7,255,0,0,0,2,1,0,0
2852,5366,1,8327300,8399036,7,255,0,0,0,2,1,0,0
2853,5367,1,8327300,8399036,7,255,0,0,0,2,1,0,0
2854,5368,1,8327300,8399036,7,255,0,0,0,2,1,0,0
2855,5369,1,8327300,8399036,7,255,0,0,0,2,1,0,0
2856,5370,1,8327300,8399036,7,255,0,0,0,2,1,0,0
2857,5371,1,8327300,8399036,7,255,0,0,0,2,1,0,0
2858,5372,1,8327300,8399036,7,255,0,0,0,2,1,0,0
2859,5373,1,8327300,8399036,7,255,0,0,0,2,1,0,0
2860,5374,1,8327300,8399036,7,255,0,0,0,2,1,0,0
2861,5375,1,8327300,8399036,7,255,0,0,0,2,1,0,0
2862,5376,1,8327300,8399036,7,255,0,0,0,2,1,0,0
2863,5377,1,8327300,8399036,7,255,0,0,0,2,1,0,0
2864,5378,1,8327300,8399036,7,255,0,0,0,2,1,0,0
2865,5379,1,8327300,8399036,7,255,0,0,0,2,1,0,0
2866,5380,1,8327300,8399036,7,255,0,0,0,2,1,0,0
2867,5381,1,8327300,8399036,7,255,0,0,0,2,1,0,0
2868,5382,1,8327300,8399036,7,255,0,0,0,2,1,0,0
2869,5383,1,8327300,8399036,7,255,0,0,0,2,1,0,0
2870,5384,1,8327300,8399036,7,255,0,0,0,2,1,0,0
2871,5385,1,8327300,8399036,7,255,0,0,0,2,1,0,0
2872,5386,1,8327300,8399036,7,255,0,0,0,2,1,0,0
2873,5387,1,8327300,8399036,7,255,0,0,0,2,1,0,0
2874,5388,1,8327300,8399036,7,255,0,0,0,2,1,0,0
2875,5389,1,8327300,8399036,7,255,0,0,0,2,1,0,0
2876,5390,1,8327300,8399036,7,255,0,0,0,2,1,0,0
2877,5391,1,8327300,8399036,7,255,0,0,0,2,1,0,0
2878,5392,1,8327300,8399036,7,255,0,0,0,2,1,0,0
2879,5393,1,8327300,8399036,7,255,0,0,0,2,1,0,0
2880,5394,1,8327300,8399036,7,255,0,0,0,2,1,0,0
2881,5395,1,8327300,8399036,7,255,0,0,0,2,1,0,0
2882,5396,1,8327300,8399036,7,255,0,0,0,2,1,0,0
2883,5397,1,8327300,8399036,7,255,0,0,0,2,1,0,0
2884,5398,1,8327300,8399036,7,255,0,0,0,2,1,0,0
2885,5399,1,8327300,8399036,7,255,0,0,0,2,1,0,0
2886,5400,1,8327300,8399036,7,255,0,0,0,2,1,0,0
2887,5401,1,8327300,8399036,7,255,0,0,0,2,1,0,0
2888,5402,1,8327300,8399036,7,255,0,0,0,2,1,0,0
2889,5403,1,8327300,8399036,7,255,0,0,0,2,1,0,0
2890,5404,1,8327300,8399036,7,255,0,0,0,2,1,0,0
2891,5405,1,8327300,8399036,7,255,0,0,0,2,1,0,0
2892,5406,1,8327300,8399036,7,255,0,0,0,2,1,0,0
2893,5407,1,8327300,8399036,7,255,0,0,0,2,1,0,0
2894,5408,1,8327300,8399036,7,255,0,0,0,2,1,0,0
2895,5409,1,8327300,8399036,7,255,0,0,0,2,1,0,0
2896,5410,1,8327300,8399036,7,255,0,0,0,2,1,0,0
2897,5411,1,8327300,8399036,7,255,0,0,0,2,1,0,0
2898,5412,1,8327300,8399036,7,255,0,0,0,2,1,0,0
2899,5413,1,8327300,8399036,7,255,0,0,0,2,1,0,0
2900,5414,1,8327300,8399036,7,255,0,0,0,2,1,0,0
2901,5415,1,8327300,8399036,7,255,0,0,0,2,1,0,0
2902,5416,1,8327300,8399036,7,255,0,0,0,2,1,0,0
2903,5417,1,8327300,8399036,7,255,0,0,0,2,1,0,0
2904,5418,1,8327300,8399036,7,255,0,0,0,2,1,0,0
2905,5419,1,8327300,8399036,7,255,0,0,0,2,1,0,0
2906,5420,1,8327300,8399036,7,255,0,0,0,2,1,0,0
2907,5421,1,8327300,8399036,7,255,0,0,0,2,1,0,0
2908,5422,1,8327300,8399036,7,255,0,0,0,2,1,0,0
2909,5423,1,8327300,8399036,7,255,0,0,0,2,1,0,0
2910,5424,1,8327300,8399036,7,255,0,0,0,2,1,0,0
2911,5425,1,8327300,8399036,7,255,0,0,0,2,1,0,0
2912,5426,1,8327300,8399036,7,255,0,0,0,2,1,0,0
2913,5427,1,8327300,8399036,7,255,0,0,0,2,1,0,0
2914,5428,1,8327300,8399036,7,255,0,0,0,2,1,0,0
2915,5429,1,8327300,8399036,7,255,0,0,0,2,1,0,0
2916,5430,1,8327300,8399036,7,255,0,0,0,2,1,0,0
2917,5431,1,8327300,8399036,7,255,0,0,0,2,1,0,0
2918,5432,1,8327300,8399036,7,255,0,0,0,2,1,0,0
2919,5433,1,8327300,8399036,7,255,0,0,0,2,1,0,0
2920,5434,1,8327300,8399036,7,255,0,0,0,2,1,0,0
2921,5435,1,8327300,8399036,7,255,0,0,0,2,1,0,0
2922,5436,1,8327300,8399036,7,255,0,0,0,2,1,0,0
2923,5437,1,8327300,8399036,7,255,0,0,0,2,1,0,0
2924,5438,1,8327300,8399036,7,255,0,0,0,2,1,0,0
2925,5439,1,8327300,8399036,7,255,0,0,0,2,1,0,0
2926,5440,1,8327300,8399036,7,255,0,0,0,2,1,0,0
2927,5441,1,8327300,8399036,7,255,0,0,0,2,1,0,0
2928,5442,1,8327300,8399036,7,255,0,0,0,2,1,0,0
2929,5443,1,8327300,8399036,7,255,0,0,0,2,1,0,0
2930,5444,1,8327300,8399036,7,255,0,0,0,2,1,0,0
2931,5445,1,8327300,8399036,7,255,0,0,0,2,1,0,0
2932,5446,1,8327300,8399036,7,255,0,0,0,2,1,0,0
2933,5447,1,8327300,8399036,7,255,0,0,0,2,1,0,0
2934,5448,1,8327300,8399036,7,255,0,0,0,2,1,0,0
2935,5449,1,8327300,8399036,7,255,0,0,0,2,1,0,0
2936,5450,1,8327300,8399036,7,255,0,0,0,2,1,0,0
2937,5451,1,8327300,8399036,7,255,0,0,0,2,1,0,0
2938,5452,1,8327300,8399036,7,255,0,0,0,2,1,0,0
2939,5453,1,8327300,8399036,7,255,0,0,0,2,1,0,0
2940,5454,1,8327300,8399036,7,255,0,0,0,2,1,0,0
2941,5455,1,8327300,8399036,7,255,0,0,0,2,1,0,0
2942,5456,1,8327300,8399036,7,255,0,0,0,2,1,0,0
2943,5457,1,8327300,8399036,7,255,0,0,0,2,1,0,0
2944,5458,1,8327300,8399036,7,255,0,0,0,2,1,0,0
2945,5459,1,8327300,8399036,7,255,0,0,0,2,1,0,0
2946,5460,1,8327300,8399036,7,255,0,0,0,2,1,0,0
2947,5461,1,8327300,8399036,7,255,0,0,0,2,1,0,0
2948,5462,1,8327300,8399036,7,255,0,0,0,2,1,0,0
2949,5463,1,8327300,8399036,7,255,0,0,0,2,1,0,0
2950,5464,1,8327300,8399036,7,255,0,0,0,2,1,0,0
2951,5465,1,8327300,8399036,7,255,0,0,0,2,1,0,0
2952,5466,1,8327300,8399036,7,255,0,0,0,2,1,0,0
2953,5467,1,8327300,8399036,7,255,0,0,0,2,1,0,0
2954,5468,1,8327300,8399036,7,255,0,0,0,2,1,0,0
2955,5469,1,8327300,8399036,7,255,0,0,0,2,1,0,0
2956,5470,1,8327300,8399036,7,255,0,0,0,2,1,0,0
2957,5471,1,8327300,8399036,7,255,0,0,0,2,1,0,0
2958,5472,1,8327300,8399036,7,255,0,0,0,2,1,0,0
2959,5473,1,8327300,8399036,7,255,0,0,0,2,1,0,0
2960,5474,1,8327300,8399036,7,255,0,0,0,2,1,0,0
2961,5475,1,8327300,8399036,7,255,0,0,0,2,1,0,0
2962,5476,1,8327300,8399036,7,255,0,0,0,2,1,0,0
2963,5477,1,8327300,8399036,7,255,0,0,0,2,1,0,0
2964,5478,1,8327300,8399036,7,255,0,0,0,2,1,0,0
2965,5479,1,8327300,8399036,7,255,0,0,0,2,1,0,0
2966,5480,1,8327300,8399036,7,255,0,0,0,2,1,0,0
2967,5481,1,8327300,8399036,7,255,0,0,0,2,1,0,0
2968,5482,1,8327300,8399036,7,255,0,0,0,2,1,0,0
2969,5483,1,8327300,8399036,7,255,0,0,0,2,1,0,0
2970,5484,1,8327300,8399036,7,255,0,0,0,2,1,0,0
2971,5485,1,8327300,8399036,7,255,0,0,0,2,1,0,0
2972,5486,1,8327300,8399036,7,255,0,0,0,2,1,0,0
2973,5487,1,8327300,8399036,7,255,0,0,0,2,1,0,0
2974,5488,1,8327300,8399036,7,255,0,0,0,2,1,0,0
2975,5489,1,8327300,8399036,7,255,0,0,0,2,1,0,0
2976,5490,1,8327300,8399036,7,255,0,0,0,2,1,0,0
2977,5491,1,8327300,8399036,7,255,0,0,0,2,1,0,0
2978,5492,1,8327300,8399036,7,255,0,0,0,2,1,0,0
2979,5493,1,8327300,8399036,7,255,0,0,0,2,1,0,0
2980,5494,1,8327300,8399036,7,255,0,0,0,2,1,0,0
2981,5495,1,8327300,8399036,7,255,0,0,0,2,1,0,0
2982,5496,1,8327300,8399036,7,255,0,0,0,2,1,0,0
2983,5497,1,8327300,8399036,7,255,0,0,0,2,1,0,0
2984,5498,1,8327300,8399036,7,255,0,0,0,2,1,0,0
2985,5499,1,8327300,8399036,7,255,0,0,0,2,1,0,0
2986,5500,1,8327300,8399036,7,255,0,0,0,2,1,0,0
2987,5501,1,8327300,8399036,7,255,0,0,0,2,1,0,0
2988,5502,1,8327300,8399036,7,255,0,0,0,2,1,0,0
2989,5503,1,8327300,8399036,7,255,0,0,0,2,1,0,0
2990,5504,1,8327300,8399036,7,255,0,0,0,2,1,0,0
2991,5505,1,8327300,8399036,7,255,0,0,0,2,1,0,0
2992,5506,1,8327300,8399036,7,255,0,0,0,2,1,0,0
2993,5507,1,8327300,8399036,7,255,0,0,0,2,1,0,0
2994,5508,1,8327300,8399036,7,255,0,0,0,2,1,0,0
2995,5509,1,8327300,8399036,7,255,0,0,0,2,1,0,0
2996,5510,1,8327300,8399036,7,255,0,0,0,2,1,0,0
2997,5511,1,8327300,8399036,7,255,0,0,0,2,1,0,0
2998,5512,1,8327300,8399036,7,255,0,0,0,2,1,0,0
2999,5513,1,8327300,8399036,7,255,0,0,0,2,1,0,0
3000,5514,1,8327300,8399036,7,255,0,0,0,2,1,0,0
3001,5515,1,8327300,8399036,7,255,0,0,0,2,1,0,0
3002,5516,1,8327300,8399036,7,255,0,0,0,2,1,0,0
3003,5517,1,8327300,8399036,7,255,0,0,0,2,1,0,0
3004,5518,1,8327300,8399036,7,255,0,0,0,2,1,0,0
3005,5519,1,8327300,8399036,7,255,0,0,0,2,1,0,0
3006,5520,1,8327300,8399036,7,255,0,0,0,2,1,0,0
3007,5521,1,8327300,8399036,7,255,0,0,0,2,1,0,0
3008,5522,1,8327300,8399036,7,255,0,0,0,2,1,0,0
3009,5523,1,8327300,8399036,7,255,0,0,0,2,1,0,0
3010,5524,1,8327300,8399036,7,255,0,0,0,2,1,0,0
3011,5525,1,8327300,8399036,7,255,0,0,0,2,1,0,0
3012,5526,1,8327300,8399036,7,255,0,0,0,2,1,0,0
3013,5527,1,8327300,8399036,7,255,0,0,0,2,1,0,0
3014,5528,1,8327300,8399036,7,255,0,0,0,2,1,0,0
3015,5529,1,8327300,8399036,7,255,0,0,0,2,1,0,0
3016,5530,1,8327300,8399036,7,255,0,0,0,2,1,0,0
3017,5531,1,8327300,8399036,7,255,0,0,0,2,1,0,0
3018,5532,1,8327300,8399036,7,255,0,0,0,2,1,0,0
3019,5533,1,8327300,8399036,7,255,0,0,0,2,1,0,0
3020,5534,1,8327300,8399036,7,255,0,0,0,2,1,0,0
3021,5535,1,8327300,8399036,7,255,0,0,0,2,1,0,0
3022,5536,1,8327300,8399036,7,255,0,0,0,2,1,0,0
3023,5537,1,8327300,8399036,7,255,0,0,0,2,1,0,0
3024,5538,1,8327300,8399036,7,255,0,0,0,2,1,0,0
3025,5539,1,8327300,8399036,7,255,0,0,0,2,1,0,0
3026,5540,1,8327300,8399036,7,255,0,0,0,2,1,0,0
3027,5541,1,8327300,8399036,7,255,0,0,0,2,1,0,0
3028,5542,1,8327300,8399036,7,255,0,0,0,2,1,0,0
3029,5543,1,8327300,8399036,7,255,0,0,0,2,1,0,0
3030,5544,1,8327300,8399036,7,255,0,0,0,2,1,0,0
3031,5545,1,8327300,8399036,7,255,0,0,0,2,1,0,0
3032,5546,1,8327300,8399036,7,255,0,0,0,2,1,0,0
3033,5547,1,8327300,8399036,7,255,0,0,0,2,1,0,0
3034,5548,1,8327300,8399036,7,255,0,0,0,2,1,0,0
3035,5549,1,8327300,8399036,7,255,0,0,0,2,1,0,0
3036,5550,1,8327300,8399036,7,255,0,0,0,2,1,0,0
3037,5551,1,8327300,8399036,7,255,0,0,0,2,1,0,0
3038,5552,1,8327300,8399036,7,255,0,0,0,2,1,0,0
3039,5553,1,8327300,8399036,7,255,0,0,0,2,1,0,0
3040,5554,1,8327300,8399036,7,255,0,0,0,2,1,0,0
3041,5555,1,8327300,8399036,7,255,0,0,0,2,1,0,0
3042,5556,1,8327300,8399036,7,255,0,0,0,2,1,0,0
3043,5557,1,8327300,8399036,7,255,0,0,0,2,1,0,0
3044,5558,1,8327300,8399036,7,255,0,0,0,2,1,0,0
3045,5559,1,8327300,8399036,7,255,0,0,0,2,1,0,0
3046,5560,1,8327300,8399036,7,255,0,0,0,2,1,0,0
3047,5561,1,8327300,8399036,7,255,0,0,0,2,1,0,0
3048,5562,1,8327300,8399036,7,255,0,0,0,2,1,0,0
3049,5563,1,8327300,8399036,7,255,0,0,0,2,1,0,0
3050,5564,1,8327300,8399036,7,255,0,0,0,2,1,0,0
3051,5565,1,8327300,8399036,7,255,0,0,0,2,1,0,0
3052,5566,1,8327300,8399036,7,255,0,0,0,2,1,0,0
3053,5567,1,8327300,8399036,7,255,0,0,0,2,1,0,0
3054,5568,1,8327300,8399036,7,255,0,0,0,2,1,0,0
3055,5569,1,8327300,8399036,7,255,0,0,0,2,1,0,0
3056,5570,1,8327300,8399036,7,255,0,0,0,2,1,0,0
3057,5571,1,8327300,8399036,7,255,0,0,0,2,1,0,0
3058,5572,1,8327300,8399036,7,255,0,0,0,2,1,0,0
3059,5573,1,8327300,8399036,7,255,0,0,0,2,1,0,0
3060,5574,1,8327300,8399036,7,255,0,0,0,2,1,0,0
3061,5575,1,8327300,8399036,7,255,0,0,0,2,1,0,0
3062,5576,1,8327300,8399036,7,255,0,0,0,2,1,0,0
3063,5577,1,8327300,8399036,7,255,0,0,0,2,1,0,0
3064,5578,1,8327300,8399036,7,255,0,0,0,2,1,0,0
3065,5579,1,8327300,8399036,7,255,0,0,0,2,1,0,0
3066,5580,1,8327300,8399036,7,255,0,0,0,2,1,0,0
3067,5581,1,8327300,8399036,7,255,0,0,0,2,1,0,0
3068,5582,1,8327300,8399036,7,255,0,0,0,2,1,0,0
3069,5583,1,8327300,8399036,7,255,0,0,0,2,1,0,0
3070,5584,1,8327300,8399036,7,255,0,0,0,2,1,0,0
3071,5585,1,8327300,8399036,7,255,0,0,0,2,1,0,0
3072,5586,1,8327300,8399036,7,255,0,0,0,2,1,0,0
3073,5587,1,8327300,8399036,7,255,0,0,0,2,1,0,0
3074,5588,1,8327300,8399036,7,255,0,0,0,2,1,0,0
3075,5589,1,8327300,8399036,7,255,0,0,0,2,1,0,0
3076,5590,1,8327300,8399036,7,255,0,0,0,2,1,0,0
3077,5591,1,8327300,8399036,7,255,0,0,0,2,1,0,0
3078,5592,1,8327300,8399036,7,255,0,0,0,2,1,0,0
3079,5593,1,8327300,8399036,7,255,0,0,0,2,1,0,0
3080,5594,1,8327300,8399036,7,255,0,0,0,2,1,0,0
3081,5595,1,8327300,8399036,7,255,0,0,0,2,1,0,0
3082,5596,1,8327300,8399036,7,255,0,0,0,2,1,0,0
3083,5597,1,8327300,8399036,7,255,0,0,0,2,1,0,0
3084,5598,1,8327300,8399036,7,255,0,0,0,2,1,0,0
3085,5599,1,8327300,8399036,7,255,0,0,0,2,1,0,0
3086,5600,1,8327300,8399036,7,255,0,0,0,2,1,0,0
3087,5601,1,8327300,8399036,7,255,0,0,0,2,1,0,0
3088,5602,1,8327300,8399036,7,255,0,0,0,2,1,0,0
3089,5603,1,8327300,8399036,7,255,0,0,0,2,1,0,0
3090,5604,1,8327300,8399036,7,255,0,0,0,2,1,0,0
3091,5605,1,8327300,8399036,7,255,0,0,0,2,1,0,0
3092,5606,1,8327300,8399036,7,255,0,0,0,2,1,0,0
3093,5607,1,8327300,8399036,7,255,0,0,0,2,1,0,0
3094,5608,1,8327300,8399036,7,255,0,0,0,2,1,0,0
3095,5609,1,8327300,8399036,7,255,0,0,0,2,1,0,0
3096,5610,1,8327300,8399036,7,255,0,0,0,2,1,0,0
3097,5611,1,8327300,8399036,7,255,0,0,0,2,1,0,0
3098,5612,1,8327300,8399036,7,255,0,0,0,2,1,0,0
3099,5613,1,8327300,8399036,7,255,0,0,0,2,1,0,0
3100,5614,1,8327300,8399036,7,255,0,0,0,2,1,0,0
3101,5615,1,8327300,8399036,7,255,0,0,0,2,1,0,0
3102,5616,1,8327300,8399036,7,255,0,0,0,2,1,0,0
3103,5617,1,8327300,8399036,7,255,0,0,0,2,1,0,0
3104,5618,1,8327300,8399036,7,255,0,0,0,2,1,0,0
3105,5619,1,8327300,8399036,7,255,0,0,0,2,1,0,0
3106,5620,1,8327300,8399036,7,255,0,0,0,2,1,0,0
3107,5621,1,8327300,8399036,7,255,0,0,0,2,1,0,0
3108,5622,1,8327300,8399036,7,255,0,0,0,2,1,0,0
3109,5623,1,8327300,8399036,7,255,0,0,0,2,1,0,0
3110,5624,1,8327300,8399036,7,255,0,0,0,2,1,0,0
3111,5625,1,8327300,8399036,7,255,0,0,0,2,1,0,0
3112,5626,1,8327300,8399036,7,255,0,0,0,2,1,0,0
3113,5627,1,8327300,8399036,7,255,0,0,0,2,1,0,0
3114,5628,1,8327300,8399036,7,255,0,0,0,2,1,0,0
3115,5629,1,8327300,8399036,7,255,0,0,0,2,1,0,0
3116,5630,1,8327300,8399036,7,255,0,0,0,2,1,0,0
3117,5631,1,8327300,8399036,7,255,0,0,0,2,1,0,0
3118,5632,1,8327300,8399036,7,255,0,0,0,2,1,0,0
3119,5633,1,8327300,8399036,7,255,0,0,0,2,1,0,0
3120,5634,1,8327300,8399036,7,255,0,0,0,2,1,0,0
3121,5635,1,8327300,8399036,7,255,0,0,0,2,1,0,0
3122,5636,1,8327300,8399036,7,255,0,0,0,2,1,0,0
3123,5637,1,8327300,8399036,7,255,0,0,0,2,1,0,0
3124,5638,1,8327300,8399036,7,255,0,0,0,2,1,0,0
3125,5639,1,8327300,8399036,7,255,0,0,0,2,1,0,0
3126,5640,1,8327300,8399036,7,255,0,0,0,2,1,0,0
3127,5641,1,8327300,8399036,7,255,0,0,0,2,1,0,0
3128,5642,1,8327300,8399036,7,255,0,0,0,2,1,0,0
3129,5643,1,8327300,8399036,7,255,0,0,0,2,1,0,0
3130,5644,1,8327300,8399036,7,255,0,0,0,2,1,0,0
3131,5645,1,8327300,8399036,7,255,0,0,0,2,1,0,0
3132,5646,1,8327300,8399036,7,255,0,0,0,2,1,0,0
3133,5647,1,8327300,8399036,7,255,0,0,0,2,1,0,0
3134,5648,1,8327300,8399036,7,255,0,0,0,2,1,0,0
3135,5649,1,8327300,8399036,7,255,0,0,0,2,1,0,0
3136,5650,1,8327300,8399036,7,255,0,0,0,2,1,0,0
3137,5651,1,8327300,8399036,7,255,0,0,0,2,1,0,0
3138,5652,1,8327300,8399036,7,255,0,0,0,2,1,0,0
3139,5653,1,8327300,8399036,7,255,0,0,0,2,1,0,0
3140,5654,1,8327300,8399036,7,255,0,0,0,2,1,0,0
3141,5655,1,8327300,8399036,7,255,0,0,0,2,1,0,0
3142,5656,1,8327300,8399036,7,255,0,0,0,2,1,0,0
3143,5657,1,8327300,8399036,7,255,0,0,0,2,1,0,0
3144,5658,1,8327300,8399036,7,255,0,0,0,2,1,0,0
3145,5659,1,8327300,8399036,7,255,0,0,0,2,1,0,0
3146,5660,1,8327300,8399036,7,255,0,0,0,2,1,0,0
3147,5661,1,8327300,8399036,7,255,0,0,0,2,1,0,0
3148,5662,1,8327300,8399036,7,255,0,0,0,2,1,0,0
3149,5663,1,8327300,8399036,7,255,0,0,0,2,1,0,0
3150,5664,1,8327300,8399036,7,255,0,0,0,2,1,0,0
3151,5665,1,8327300,8399036,7,255,0,0,0,2,1,0,0
3152,5666,1,8327300,8399036,7,255,0,0,0,2,1,0,0
3153,5667,1,8327300,8399036,7,255,0,0,0,2,1,0,0
3154,5668,1,8327300,8399036,7,255,0,0,0,2,1,0,0
3155,5669,1,8327300,8399036,7,255,0,0,0,2,1,0,0
3156,5670,1,8327300,8399036,7,255,0,0,0,2,1,0,0
3157,5671,1,8327300,8399036,7,255,0,0,0,2,1,0,0
3158,5672,1,8327300,8399036,7,255,0,0,0,2,1,0,0
3159,5673,1,8327300,8399036,7,255,0,0,0,2,1,0,0
3160,5674,1,8327300,8399036,7,255,0,0,0,2,1,0,0
3161,5675,1,8327300,8399036,7,255,0,0,0,2,1,0,0
3162,5676,1,8327300,8399036,7,255,0,0,0,2,1,0,0
3163,5677,1,8327300,8399036,7,255,0,0,0,2,1,0,0
3164,5678,1,8327300,8399036,7,255,0,0,0,2,1,0,0
3165,5679,1,8327300,8399036,7,255,0,0,0,2,1,0,0
3166,5680,1,8327300,8399036,7,255,0,0,0,2,1,0,0
3167,5681,1,8327300,8399036,7,255,0,0,0,2,1,0,0
3168,5682,1,8327300,8399036,7,255,0,0,0,2,1,0,0
3169,5683,1,8327300,8399036,7,255,0,0,0,2,1,0,0
3170,5684,1,8327300,8399036,7,255,0,0,0,2,1,0,0
3171,5685,1,8327300,8399036,7,255,0,0,0,2,1,0,0
3172,5686,1,8327300,8399036,7,255,0,0,0,2,1,0,0
3173,5687,1,8327300,8399036,7,255,0,0,0,2,1,0,0
3174,5688,1,8327300,8399036,7,255,0,0,0,2,1,0,0
3175,5689,1,8327300,8399036,7,255,0,0,0,2,1,0,0
3176,5690,1,8327300,8399036,7,255,0,0,0,2,1,0,0
3177,5691,1,8327300,8399036,7,255,0,0,0,2,1,0,0
3178,5692,1,8327300,8399036,7,255,0,0,0,2,1,0,0
3179,5693,1,8327300,8399036,7,255,0,0,0,2,1,0,0
3180,5694,1,8327300,8399036,7,255,0,0,0,2,1,0,0
3181,5695,1,8327300,8399036,7,255,0,0,0,2,1,0,0
3182,5696,1,8327300,8399036,7,255,0,0,0,2,1,0,0
3183,5697,1,8327300,8399036,7,255,0,0,0,2,1,0,0
3184,5698,1,8327300,8399036,7,255,0,0,0,2,1,0,0
3185,5699,1,8327300,8399036,7,255,0,0,0,2,1,0,0
3186,5700,1,8327300,8399036,7,255,0,0,0,2,1,0,0
3187,5701,1,8327300,8399036,7,255,0,0,0,2,1,0,0
3188,5702,1,8327300,8399036,7,255,0,0,0,2,1,0,0
3189,5703,1,8327300,8399036,7,255,0,0,0,2,1,0,0
3190,5704,1,8327300,8399036,7,255,0,0,0,2,1,0,0
3191,5705,1,8327300,8399036,7,255,0,0,0,2,1,0,0
3192,5706,1,8327300,8399036,7,255,0,0,0,2,1,0,0
3193,5707,1,8327300,8399036,7,255,0,0,0,2,1,0,0
3194,5708,1,8327300,8399036,7,255,0,0,0,2,1,0,0
3195,5709,1,8327300,8399036,7,255,0,0,0,2,1,0,0
3196,5710,1,8327300,8399036,7,255,0,0,0,2,1,0,0
3197,5711,1,8327300,8399036,7,255,0,0,0,2,1,0,0
3198,5712,1,8327300,8399036,7,255,0,0,0,2,1,0,0
3199,5713,1,8327300,8399036,7,255,0,0,0,2,1,0,0
3200,5714,1,8327300,8399036,7,255,0,0,0,2,1,0,0
3201,5715,1,8327300,8399036,7,255,0,0,0,2,1,0,0
3202,5716,1,8327300,8399036,7,255,0,0,0,2,1,0,0
3203,5717,1,8327300,8399036,7,255,0,0,0,2,1,0,0
3204,5718,1,8327300,8399036,7,255,0,0,0,2,1,0,0
3205,5719,1,8327300,8399036,7,255,0,0,0,2,1,0,0
3206,5720,1,8327300,8399036,7,255,0,0,0,2,1,0,0
3207,5721,1,8327300,8399036,7,255,0,0,0,2,1,0,0
3208,5722,1,8327300,8399036,7,255,0,0,0,2,1,0,0
3209,5723,1,8327300,8399036,7,255,0,0,0,2,1,0,0
3210,5724,1,8327300,8399036,7,255,0,0,0,2,1,0,0
3211,5725,1,8327300,8399036,7,255,0,0,0,2,1,0,0
3212,5726,1,8327300,8399036,7,255,0,0,0,2,1,0,0
3213,5727,1,8327300,8399036,7,255,0,0,0,2,1,0,0
3214,5728,1,8327300,8399036,7,255,0,0,0,2,1,0,0
3215,5729,1,8327300,8399036,7,255,0,0,0,2,1,0,0
3216,5730,1,8327300,8399036,7,255,0,0,0,2,1,0,0
3217,5731,1,8327300,8399036,7,255,0,0,0,2,1,0,0
3218,5732,1,8327300,8399036,7,255,0,0,0,2,1,0,0
3219,5733,1,8327300,8399036,7,255,0,0,0,2,1,0,0
3220,5734,1,8327300,8399036,7,255,0,0,0,2,1,0,0
3221,5735,1,8327300,8399036,7,255,0,0,0,2,1,0,0
3222,5736,1,8327300,8399036,7,255,0,0,0,2,1,0,0
3223,5737,1,8327300,8399036,7,255,0,0,0,2,1,0,0
3224,5738,1,8327300,8399036,7,255,0,0,0,2,1,0,0
3225,5739,1,8327300,8399036,7,255,0,0,0,2,1,0,0
3226,5740,1,8327300,8399036,7,255,0,0,0,2,1,0,0
3227,5741,1,8327300,8399036,7,255,0,0,0,2,1,0,0
3228,5742,1,8327300,8399036,7,255,0,0,0,2,1,0,0
3229,5743,1,8327300,8399036,7,255,0,0,0,2,1,0,0
3230,5744,1,8327300,8399036,7,255,0,0,0,2,1,0,0
3231,5745,1,8327300,8399036,7,255,0,0,0,2,1,0,0
3232,5746,1,8327300,8399036,7,255,0,0,0,2,1,0,0
3233,5747,1,8327300,8399036,7,255,0,0,0,2,1,0,0
3234,5748,1,8327300,8399036,7,255,0,0,0,2,1,0,0
3235,5749,1,8327300,8399036,7,255,0,0,0,2,1,0,0
3236,5750,1,8327300,8399036,7,255,0,0,0,2,1,0,0
3237,5751,1,8327300,8399036,7,255,0,0,0,2,1,0,0
3238,5752,1,8327300,8399036,7,255,0,0,0,2,1,0,0
3239,5753,1,8327300,8399036,7,255,0,0,0,2,1,0,0
3240,5754,1,8327300,8399036,7,255,0,0,0,2,1,0,0
3241,5755,1,8327300,8399036,7,255,0,0,0,2,1,0,0
3242,5756,1,8327300,8399036,7,255,0,0,0,2,1,0,0
3243,5757,1,8327300,8399036,7,255,0,0,0,2,1,0,0
3244,5758,1,8327300,8399036,7,255,0,0,0,2,1,0,0
3245,5759,1,8327300,8399036,7,255,0,0,0,2,1,0,0
3246,5760,1,8327300,8399036,7,255,0,0,0,2,1,0,0
3247,5761,1,8327300,8399036,7,255,0,0,0,2,1,0,0
3248,5762,1,8327300,8399036,7,255,0,0,0,2,1,0,0
3249,5763,1,8327300,8399036,7,255,0,0,0,2,1,0,0
3250,5764,1,8327300,8399036,7,255,0,0,0,2,1,0,0
3251,5765,1,8327300,8399036,7,255,0,0,0,2,1,0,0
3252,5766,1,8327300,8399036,7,255,0,0,0,2,1,0,0
3253,5767,1,8327300,8399036,7,255,0,0,0,2,1,0,0
3254,5768,1,8327300,8399036,7,255,0,0,0,2,1,0,0
3255,5769,1,8327300,8399036,7,255,0,0,0,2,1,0,0
3256,5770,1,8327300,8399036,7,255,0,0,0,2,1,0,0
3257,5771,1,8327300,8399036,7,255,0,0,0,2,1,0,0
3258,5772,1,8327300,8399036,7,255,0,0,0,2,1,0,0
3259,5773,1,8327300,8399036,7,255,0,0,0,2,1,0,0
3260,5774,1,8327300,8399036,7,255,0,0,0,2,1,0,0
3261,5775,1,8327300,8399036,7,255,0,0,0,2,1,0,0
3262,5776,1,8327300,8399036,7,255,0,0,0,2,1,0,0
3263,5777,1,8327300,8399036,7,255,0,0,0,2,1,0,0
3264,5778,1,8327300,8399036,7,255,0,0,0,2,1,0,0
3265,5779,1,8327300,8399036,7,255,0,0,0,2,1,0,0
3266,5780,1,8327300,8399036,7,255,0,0,0,2,1,0,0
3267,5781,1,8327300,8399036,7,255,0,0,0,2,1,0,0
3268,5782,1,8327300,8399036,7,255,0,0,0,2,1,0,0
3269,5783,1,8327300,8399036,7,255,0,0,0,2,1,0,0
3270,5784,1,8327300,8399036,7,255,0,0,0,2,1,0,0
3271,5785,1,8327300,8399036,7,255,0,0,0,2,1,0,0
3272,5786,1,8327300,8399036,7,255,0,0,0,2,1,0,0
3273,5787,1,8327300,8399036,7,255,0,0,0,2,1,0,0
3274,5788,1,8327300,8399036,7,255,0,0,0,2,1,0,0
3275,5789,1,8327300,8399036,7,255,0,0,0,2,1,0,0
3276,5790,1,8327300,8399036,7,255,0,0,0,2,1,0,0
3277,5791,1,8327300,8399036,7,255,0,0,0,2,1,0,0
3278,5792,1,8327300,8399036,7,255,0,0,0,2,1,0,0
3279,5793,1,8327300,8399036,7,255,0,0,0,2,1,0,0
3280,5794,1,8327300,8399036,7,255,0,0,0,2,1,0,0
3281,5795,1,8327300,8399036,7,255,0,0,0,2,1,0,0
3282,5796,1,8327300,8399036,7,255,0,0,0,2,1,0,0
3283,5797,1,8327300,8399036,7,255,0,0,0,2,1,0,0
3284,5798,1,8327300,8399036,7,255,0,0,0,2,1,0,0
3285,5799,1,8327300,8399036,7,255,0,0,0,2,1,0,0
3286,5800,1,8327300,8399036,7,255,0,0,0,2,1,0,0
3287,5801,1,8327300,8399036,7,255,0,0,0,2,1,0,0
3288,5802,1,8327300,8399036,7,255,0,0,0,2,1,0,0
3289,5803,1,8327300,8399036,7,255,0,0,0,2,1,0,0
3290,5804,1,8327300,8399036,7,255,0,0,0,2,1,0,0
3291,5805,1,8327300,8399036,7,255,0,0,0,2,1,0,0
3292,5806,1,8327300,8399036,7,255,0,0,0,2,1,0,0
3293,5807,1,8327300,8399036,7,255,0,0,0,2,1,0,0
3294,5808,1,8327300,8399036,7,255,0,0,0,2,1,0,0
3295,5809,1,8327300,8399036,7,255,0,0,0,2,1,0,0
3296,5810,1,8327300,8399036,7,255,0,0,0,2,1,0,0
3297,5811,1,8327300,8399036,7,255,0,0,0,2,1,0,0
3298,5812,1,8327300,8399036,7,255,0,0,0,2,1,0,0
3299,5813,1,8327300,8399036,7,255,0,0,0,2,1,0,0
3300,5814,1,8327300,8399036,7,255,0,0,0,2,1,0,0
3301,5815,1,8327300,8399036,7,255,0,0,0,2,1,0,0
3302,5816,1,8327300,8399036,7,255,0,0,0,2,1,0,0
3303,5817,1,8327300,8399036,7,255,0,0,0,2,1,0,0
3304,5818,1,8327300,8399036,7,255,0,0,0,2,1,0,0
3305,5819,1,8327300,8399036,7,255,0,0,0,2,1,0,0
3306,5820,1,8327300,8399036,7,255,0,0,0,2,1,0,0
3307,5821,1,8327300,8399036,7,255,0,0,0,2,1,0,0
3308,5822,1,8327300,8399036,7,255,0,0,0,2,1,0,0
3309,5823,1,8327300,8399036,7,255,0,0,0,2,1,0,0
3310,5824,1,8327300,8399036,7,255,0,0,0,2,1,0,0
3311,5825,1,8327300,8399036,7,255,0,0,0,2,1,0,0
3312,5826,1,8327300,8399036,7,255,0,0,0,2,1,0,0
3313,5827,1,8327300,8399036,7,255,0,0,0,2,1,0,0
3314,5828,1,8327300,8399036,7,255,0,0,0,2,1,0,0
3315,5829,1,8327300,8399036,7,255,0,0,0,2,1,0,0
3316,5830,1,8327300,8399036,7,255,0,0,0,2,1,0,0
3317,5831,1,8327300,8399036,7,255,0,0,0,2,1,0,0
3318,5832,1,8327300,8399036,7,255,0,0,0,2,1,0,0
3319,5833,1,8327300,8399036,7,255,0,0,0,2,1,0,0
3320,5834,1,8327300,8399036,7,255,0,0,0,2,1,0,0
3321,5835,1,8327300,8399036,7,255,0,0,0,2,1,0,0
3322,5836,1,8327300,8399036,7,255,0,0,0,2,1,0,0
3323,5837,1,8327300,8399036,7,255,0,0,0,2,1,0,0
3324,5838,1,8327300,8399036,7,255,0,0,0,2,1,0,0
3325,5839,1,8327300,8399036,7,255,0,0,0,2,1,0,0
3326,5840,1,8327300,8399036,7,255,0,0,0,2,1,0,0
3327,5841,1,8327300,8399036,7,255,0,0,0,2,1,0,0
3328,5842,1,8327300,8399036,7,255,0,0,0,2,1,0,0
3329,5843,1,8327300,8399036,7,255,0,0,0,2,1,0,0
3330,5844,1,8327300,8399036,7,255,0,0,0,2,1,0,0
3331,5845,1,8327300,8399036,7,255,0,0,0,2,1,0,0
3332,5846,1,8327300,8399036,7,255,0,0,0,2,1,0,0
3333,5847,1,8327300,8399036,7,255,0,0,0,2,1,0,0
3334,5848,1,8327300,8399036,7,255,0,0,0,2,1,0,0
3335,5849,1,8327300,8399036,7,255,0,0,0,2,1,0,0
3336,5850,1,8327300,8399036,7,255,0,0,0,2,1,0,0
3337,5851,1,8327300,8399036,7,255,0,0,0,2,1,0,0
3338,5852,1,8327300,8399036,7,255,0,0,0,2,1,0,0
3339,5853,1,8327300,8399036,7,255,0,0,0,2,1,0,0
3340,5854,1,8327300,8399036,7,255,0,0,0,2,1,0,0
3341,5855,1,8327300,8399036,7,255,0,0,0,2,1,0,0
3342,5856,1,8327300,8399036,7,255,0,0,0,2,1,0,0
3343,5857,1,8327300,8399036,7,255,0,0,0,2,1,0,0
3344,5858,1,8327300,8399036,7,255,0,0,0,2,1,0,0
3345,5859,1,8327300,8399036,7,255,0,0,0,2,1,0,0
3346,5860,1,8327300,8399036,7,255,0,0,0,2,1,0,0
3347,5861,1,8327300,8399036,7,255,0,0,0,2,1,0,0
3348,5862,1,8327300,8399036,7,255,0,0,0,2,1,0,0
3349,5863,1,8327300,8399036,7,255,0,0,0,2,1,0,0
3350,5864,1,8327300,8399036,7,255,0,0,0,2,1,0,0
3351,5865,1,8327300,8399036,7,255,0,0,0,2,1,0,0
3352,5866,1,8327300,8399036,7,255,0,0,0,2,1,0,0
3353,5867,1,8327300,8399036,7,255,0,0,0,2,1,0,0
3354,5868,1,8327300,8399036,7,255,0,0,0,2,1,0,0
3355,5869,1,8327300,8399036,7,255,0,0,0,2,1,0,0
3356,5870,1,8327300,8399036,7,255,0,0,0,2,1,0,0
3357,5871,1,8327300,8399036,7,255,0,0,0,2,1,0,0
3358,5872,1,8327300,8399036,7,255,0,0,0,2,1,0,0
3359,5873,1,8327300,8399036,7,255,0,0,0,2,1,0,0
3360,5874,1,8327300,8399036,7,255,0,0,0,2,1,0,0
3361,5875,1,8327300,8399036,7,255,0,0,0,2,1,0,0
3362,5876,1,8327300,8399036,7,255,0,0,0,2,1,0,0
3363,5877,1,8327300,8399036,7,255,0,0,0,2,1,0,0
3364,5878,1,8327300,8399036,7,255,0,0,0,2,1,0,0
3365,5879,1,8327300,8399036,7,255,0,0,0,2,1,0,0
3366,5880,1,8327300,8399036,7,255,0,0,0,2,1,0,0
3367,5881,1,8327300,8399036,7,255,0,0,0,2,1,0,0
3368,5882,1,8327300,8399036,7,255,0,0,0,2,1,0,0
3369,5883,1,8327300,8399036,7,255,0,0,0,2,1,0,0
3370,5884,1,8327300,8399036,7,255,0,0,0,2,1,0,0
3371,5885,1,8327300,8399036,7,255,0,0,0,2,1,0,0
3372,5886,1,8327300,8399036,7,255,0,0,0,2,1,0,0
3373,5887,1,8327300,8399036,7,255,0,0,0,2,1,0,0
3374,5888,1,8327300,8399036,7,255,0,0,0,2,1,0,0
3375,5889,1,8327300,8399036,7,255,0,0,0,2,1,0,0
3376,5890,1,8327300,8399036,7,255,0,0,0,2,1,0,0
3377,5891,1,8327300,8399036,7,255,0,0,0,2,1,0,0
3378,5892,1,8327300,8399036,7,255,0,0,0,2,1,0,0
3379,5893,1,8327300,8399036,7,255,0,0,0,2,1,0,0
3380,5894,1,8327300,8399036,7,255,0,0,0,2,1,0,0
3381,5895,1,8327300,8399036,7,255,0,0,0,2,1,0,0
3382,5896,1,8327300,8399036,7,255,0,0,0,2,1,0,0
3383,5897,1,8327300,8399036,7,255,0,0,0,2,1,0,0
3384,5898,1,8327300,8399036,7,255,0,0,0,2,1,0,0
3385,5899,1,8327300,8399036,7,255,0,0,0,2,1,0,0
3386,5900,1,8327300,8399036,7,255,0,0,0,2,1,0,0
3387,5901,1,8327300,8399036,7,255,0,0,0,2,1,0,0
3388,5902,1,8327300,8399036,7,255,0,0,0,2,1,0,0
3389,5903,1,8327300,8399036,7,255,0,0,0,2,1,0,0
3390,5904,1,8327300,8399036,7,255,0,0,0,2,1,0,0
3391,5905,1,8327300,8399036,7,255,0,0,0,2,1,0,0
3392,5906,1,8327300,8399036,7,255,0,0,0,2,1,0,0
3393,5907,1,8327300,8399036,7,255,0,0,0,2,1,0,0
3394,5908,1,8327300,8399036,7,255,0,0,0,2,1,0,0
3395,5909,1,8327300,8399036,7,255,0,0,0,2,1,0,0
3396,5910,1,8327300,8399036,7,255,0,0,0,2,1,0,0
3397,5911,1,8327300,8399036,7,255,0,0,0,2,1,0,0
3398,5912,1,8327300,8399036,7,255,0,0,0,2,1,0,0
3399,5913,1,8327300,8399036,7,255,0,0,0,2,1,0,0
3400,5914,1,8327300,8399036,7,255,0,0,0,2,1,0,0
3401,5915,1,8327300,8399036,7,255,0,0,0,2,1,0,0
3402,5916,1,8327300,8399036,7,255,0,0,0,2,1,0,0
3403,5917,1,8327300,8399036,7,255,0,0,0,2,1,0,0
3404,5918,1,8327300,8399036,7,255,0,0,0,2,1,0,0
3405,5919,1,8327300,8399036,7,255,0,0,0,2,1,0,0
3406,5920,1,8327300,8399036,7,255,0,0,0,2,1,0,0
3407,5921,1,8327300,8399036,7,255,0,0,0,2,1,0,0
3408,5922,1,8327300,8399036,7,255,0,0,0,2,1,0,0
3409,5923,1,8327300,8399036,7,255,0,0,0,2,1,0,0
3410,5924,1,8327300,8399036,7,255,0,0,0,2,1,0,0
3411,5925,1,8327300,8399036,7,255,0,0,0,2,1,0,0
3412,5926,1,8327300,8399036,7,255,0,0,0,2,1,0,0
3413,5927,1,8327300,8399036,7,255,0,0,0,2,1,0,0
3414,5928,1,8327300,8399036,7,255,0,0,0,2,1,0,0
3415,5929,1,8327300,8399036,7,255,0,0,0,2,1,0,0
3416,5930,1,8327300,8399036,7,255,0,0,0,2,1,0,0
3417,5931,1,8327300,8399036,7,255,0,0,0,2,1,0,0
3418,5932,1,8327300,8399036,7,255,0,0,0,2,1,0,0
3419,5933,1,8327300,8399036,7,255,0,0,0,2,1,0,0
3420,5934,1,8327300,8399036,7,255,0,0,0,2,1,0,0
3421,5935,1,8327300,8399036,7,255,0,0,0,2,1,0,0
3422,5936,1,8327300,8399036,7,255,0,0,0,2,1,0,0
3423,5937,1,8327300,8399036,7,255,0,0,0,2,1,0,0
3424,5938,1,8327300,8399036,7,255,0,0,0,2,1,0,0
3425,5939,1,8327300,8399036,7,255,0,0,0,2,1,0,0
3426,5940,1,8327300,8399036,7,255,0,0,0,2,1,0,0
3427,5941,1,8327300,8399036,7,255,0,0,0,2,1,0,0
3428,5942,1,8327300,8399036,7,255,0,0,0,2,1,0,0
3429,5943,1,8327300,8399036,7,255,0,0,0,2,1,0,0
3430,5944,1,8327300,8399036,7,255,0,0,0,2,1,0,0
3431,5945,1,8327300,8399036,7,255,0,0,0,2,1,0,0
3432,5946,1,8327300,8399036,7,255,0,0,0,2,1,0,0
3433,5947,1,8327300,8399036,7,255,0,0,0,2,1,0,0
3434,5948,1,8327300,8399036,7,255,0,0,0,2,1,0,0
3435,5949,1,8327300,8399036,7,255,0,0,0,2,1,0,0
3436,5950,1,8327300,8399036,7,255,0,0,0,2,1,0,0
3437,5951,1,8327300,8399036,7,255,0,0,0,2,1,0,0
3438,5952,1,8327300,8399036,7,255,0,0,0,2,1,0,0
3439,5953,1,8327300,8399036,7,255,0,0,0,2,1,0,0
3440,5954,1,8327300,8399036,7,255,0,0,0,2,1,0,0
3441,5955,1,8327300,8399036,7,255,0,0,0,2,1,0,0
3442,5956,1,8327300,8399036,7,255,0,0,0,2,1,0,0
3443,5957,1,8327300,8399036,7,255,0,0,0,2,1,0,0
3444,5958,1,8327300,8399036,7,255,0,0,0,2,1,0,0
3445,5959,1,8327300,8399036,7,255,0,0,0,2,1,0,0
3446,5960,1,8327300,8399036,7,255,0,0,0,2,1,0,0
3447,5961,1,8327300,8399036,7,255,0,0,0,2,1,0,0
3448,5962,1,8327300,8399036,7,255,0,0,0,2,1,0,0
3449,5963,1,8327300,8399036,7,255,0,0,0,2,1,0,0
3450,5964,1,8327300,8399036,7,255,0,0,0,2,1,0,0
3451,5965,1,8327300,8399036,7,255,0,0,0,2,1,0,0
3452,5966,1,8327300,8399036,7,255,0,0,0,2,1,0,0
3453,5967,1,8327300,8399036,7,255,0,0,0,2,1,0,0
3454,5968,1,8327300,8399036,7,255,0,0,0,2,1,0,0
3455,5969,1,8327300,8399036,7,255,0,0,0,2,1,0,0
3456,5970,1,8327300,8399036,7,255,0,0,0,2,1,0,0
3457,5971,1,8327300,8399036,7,255,0,0,0,2,1,0,0
3458,5972,1,8327300,8399036,7,255,0,0,0,2,1,0,0
3459,5973,1,8327300,8399036,7,255,0,0,0,2,1,0,0
3460,5974,1,8327300,8399036,7,255,0,0,0,2,1,0,0
3461,5975,1,8327300,8399036,7,255,0,0,0,2,1,0,0
3462,5976,1,8327300,8399036,7,255,0,0,0,2,1,0,0
3463,5977,1,8327300,8399036,7,255,0,0,0,2,1,0,0
3464,5978,1,8327300,8399036,7,255,0,0,0,2,1,0,0
3465,5979,1,8327300,8399036,7,255,0,0,0,2,1,0,0
3466,5980,1,8327300,8399036,7,255,0,0,0,2,1,0,0
3467,5981,1,8327300,8399036,7,255,0,0,0,2,1,0,0
3468,5982,1,8327300,8399036,7,255,0,0,0,2,1,0,0
3469,5983,1,8327300,8399036,7,255,0,0,0,2,1,0,0
3470,5984,1,8327300,8399036,7,255,0,0,0,2,1,0,0
3471,5985,1,8327300,8399036,7,255,0,0,0,2,1,0,0
3472,5986,1,8327300,8399036,7,255,0,0,0,2,1,0,0
3473,5987,1,8327300,8399036,7,255,0,0,0,2,1,0,0
3474,5988,1,8327300,8399036,7,255,0,0,0,2,1,0,0
3475,5989,1,8327300,8399036,7,255,0,0,0,2,1,0,0
3476,5990,1,8327300,8399036,7,255,0,0,0,2,1,0,0
3477,5991,1,8327300,8399036,7,255,0,0,0,2,1,0,0
3478,5992,1,8327300,8399036,7,255,0,0,0,2,1,0,0
3479,5993,1,8327300,8399036,7,255,0,0,0,2,1,0,0
3480,5994,1,8327300,8399036,7,255,0,0,0,2,1,0,0
3481,5995,1,8327300,8399036,7,255,0,0,0,2,1,0,0
3482,5996,1,8327300,8399036,7,255,0,0,0,2,1,0,0
3483,5997,1,8327300,8399036,7,255,0,0,0,2,1,0,0
3484,5998,1,8327300,8399036,7,255,0,0,0,2,1,0,0
3485,5999,1,8327300,8399036,7,255,0,0,0,2,1,0,0
3486,6000,1,8327300,8399036,7,255,0,0,0,2,1,0,0
3487,6001,1,8327300,8399036,7,255,0,0,0,2,1,0,0
3488,6002,1,8327300,8399036,7,255,0,0,0,2,1,0,0
3489,6003,1,8327300,8399036,7,255,0,0,0,2,1,0,0
3490,6004,1,8327300,8399036,7,255,0,0,0,2,1,0,0
3491,6005,1,8327300,8399036,7,255,0,0,0,2,1,0,0
3492,6006,1,8327300,8399036,7,255,0,0,0,2,1,0,0
3493,6007,1,8327300,8399036,7,255,0,0,0,2,1,0,0
3494,6008,1,8327300,8399036,7,255,0,0,0,2,1,0,0
3495,6009,1,8327300,8399036,7,255,0,0,0,2,1,0,0
3496,6010,1,8327300,8399036,7,255,0,0,0,2,1,0,0
3497,6011,1,8327300,8399036,7,255,0,0,0,2,1,0,0
3498,6012,1,8327300,8399036,7,255,0,0,0,2,1,0,0
3499,6013,1,8327300,8399036,7,255,0,0,0,2,1,0,0
3500,6014,1,8327300,8399036,7,255,0,0,0,2,1,0,0
3501,6015,1,8327300,8399036,7,255,0,0,0,2,1,0,0
3502,6016,1,8327300,8399036,7,255,0,0,0,2,1,0,0
3503,6017,1,8327300,8399036,7,255,0,0,0,2,1,0,0
3504,6018,1,8327300,8399036,7,255,0,0,0,2,1,0,0
3505,6019,1,8327300,8399036,7,255,0,0,0,2,1,0,0
3506,6020,1,8327300,8399036,7,255,0,0,0,2,1,0,0
3507,6021,1,8327300,8399036,7,255,0,0,0,2,1,0,0
3508,6022,1,8327300,8399036,7,255,0,0,0,2,1,0,0
3509,6023,1,8327300,8399036,7,255,0,0,0,2,1,0,0
3510,6024,1,8327300,8399036,7,255,0,0,0,2,1,0,0
3511,6025,1,8327300,8399036,7,255,0,0,0,2,1,0,0
3512,6026,1,8327300,8399036,7,255,0,0,0,2,1,0,0
3513,6027,1,8327300,8399036,7,255,0,0,0,2,1,0,0
3514,6028,1,8327300,8399036,7,255,0,0,0,2,1,0,0
3515,6029,1,8327300,8399036,7,255,0,0,0,2,1,0,0
3516,6030,1,8327300,8399036,7,255,0,0,0,2,1,0,0
3517,6031,1,8327300,8399036,7,255,0,0,0,2,1,0,0
3518,6032,1,8327300,8399036,7,255,0,0,0,2,1,0,0
3519,6033,1,8327300,8399036,7,255,0,0,0,2,1,0,0
3520,6034,1,8327300,8399036,7,255,0,0,0,2,1,0,0
3521,6035,1,8327300,8399036,7,255,0,0,0,2,1,0,0
3522,6036,1,8327300,8399036,7,255,0,0,0,2,1,0,0
3523,6037,1,8327300,8399036,7,255,0,0,0,2,1,0,0
3524,6038,1,8327300,8399036,7,255,0,0,0,2,1,0,0
3525,6039,1,8327300,8399036,7,255,0,0,0,2,1,0,0
3526,6040,1,8327300,8399036,7,255,0,0,0,2,1,0,0
3527,6041,1,8327300,8399036,7,255,0,0,0,2,1,0,0
3528,6042,1,8327300,8399036,7,255,0,0,0,2,1,0,0
3529,6043,1,8327300,8399036,7,255,0,0,0,2,1,0,0
3530,6044,1,8327300,8399036,7,255,0,0,0,2,1,0,0
3531,6045,1,8327300,8399036,7,255,0,0,0,2,1,0,0
3532,6046,1,8327300,8399036,7,255,0,0,0,2,1,0,0
3533,6047,1,8327300,8399036,7,255,0,0,0,2,1,0,0
3534,6048,1,8327300,8399036,7,255,0,0,0,2,1,0,0
3535,6049,1,8327300,8399036,7,255,0,0,0,2,1,0,0
3536,6050,1,8327300,8399036,7,255,0,0,0,2,1,0,0
3537,6051,1,8327300,8399036,7,255,0,0,0,2,1,0,0
3538,6052,1,8327300,8399036,7,255,0,0,0,2,1,0,0
3539,6053,1,8327300,8399036,7,255,0,0,0,2,1,0,0
3540,6054,1,8327300,8399036,7,255,0,0,0,2,1,0,0
3541,6055,1,8327300,8399036,7,255,0,0,0,2,1,0,0
3542,6056,1,8327300,8399036,7,255,0,0,0,2,1,0,0
3543,6057,1,8327300,8399036,7,255,0,0,0,2,1,0,0
3544,6058,1,8327300,8399036,7,255,0,0,0,2,1,0,0
3545,6059,1,8327300,8399036,7,255,0,0,0,2,1,0,0
3546,6060,1,8327300,8399036,7,255,0,0,0,2,1,0,0
3547,6061,1,8327300,8399036,7,255,0,0,0,2,1,0,0
3548,6062,1,8327300,8399036,7,255,0,0,0,2,1,0,0
3549,6063,1,8327300,8399036,7,255,0,0,0,2,1,0,0
3550,6064,1,8327300,8399036,7,255,0,0,0,2,1,0,0
3551,6065,1,8327300,8399036,7,255,0,0,0,2,1,0,0
3552,6066,1,8327300,8399036,7,255,0,0,0,2,1,0,0
3553,6067,1,8327300,8399036,7,255,0,0,0,2,1,0,0
3554,6068,1,8327300,8399036,7,255,0,0,0,2,1,0,0
3555,6069,1,8327300,8399036,7,255,0,0,0,2,1,0,0
3556,6070,1,8327300,8399036,7,255,0,0,0,2,1,0,0
3557,6071,1,8327300,8399036,7,255,0,0,0,2,1,0,0
3558,6072,1,8327300,8399036,7,255,0,0,0,2,1,0,0
3559,6073,1,8327300,8399036,7,255,0,0,0,2,1,0,0
3560,6074,1,8327300,8399036,7,255,0,0,0,2,1,0,0
3561,6075,1,8327300,8399036,7,255,0,0,0,2,1,0,0
3562,6076,1,8327300,8399036,7,255,0,0,0,2,1,0,0
3563,6077,1,8327300,8399036,7,255,0,0,0,2,1,0,0
3564,6078,1,8327300,8399036,7,255,0,0,0,2,1,0,0
3565,6079,1,8327300,8399036,7,255,0,0,0,2,1,0,0
3566,6080,1,8327300,8399036,7,255,0,0,0,2,1,0,0
3567,6081,1,8327300,8399036,7,255,0,0,0,2,1,0,0
3568,6082,1,8327300,8399036,7,255,0,0,0,2,1,0,0
3569,6083,1,8327300,8399036,7,255,0,0,0,2,1,0,0
3570,6084,1,8327300,8399036,7,255,0,0,0,2,1,0,0
3571,6085,1,8327300,8399036,7,255,0,0,0,2,1,0,0
3572,6086,1,8327300,8399036,7,255,0,0,0,2,1,0,0
3573,6087,1,8327300,8399036,7,255,0,0,0,2,1,0,0
3574,6088,1,8327300,8399036,7,255,0,0,0,2,1,0,0
3575,6089,1,8327300,8399036,7,255,0,0,0,2,1,0,0
3576,6090,1,8327300,8399036,7,255,0,0,0,2,1,0,0
3577,6091,1,8327300,8399036,7,255,0,0,0,2,1,0,0
3578,6092,1,8327300,8399036,7,255,0,0,0,2,1,0,0
3579,6093,1,8327300,8399036,7,255,0,0,0,2,1,0,0
3580,6094,1,8327300,8399036,7,255,0,0,0,2,1,0,0
3581,6095,1,8327300,8399036,7,255,0,0,0,2,1,0,0
3582,6096,1,8327300,8399036,7,255,0,0,0,2,1,0,0
3583,6097,1,8327300,8399036,7,255,0,0,0,2,1,0,0
3584,6098,1,8327300,8399036,7,255,0,0,0,2,1,0,0
3585,6099,1,8327300,8399036,7,255,0,0,0,2,1,0,0
3586,6100,1,8327300,8399036,7,255,0,0,0,2,1,0,0
3587,6101,1,8327300,8399036,7,255,0,0,0,2,1,0,0
3588,6102,1,8327300,8399036,7,255,0,0,0,2,1,0,0
3589,6103,1,8327300,8399036,7,255,0,0,0,2,1,0,0
3590,6104,1,8327300,8399036,7,255,0,0,0,2,1,0,0
3591,6105,1,8327300,8399036,7,255,0,0,0,2,1,0,0
3592,6106,1,8327300,8399036,7,255,0,0,0,2,1,0,0
3593,6107,1,8327300,8399036,7,255,0,0,0,2,1,0,0
3594,6108,1,8327300,8399036,7,255,0,0,0,2,1,0,0
3595,6109,1,8327300,8399036,7,255,0,0,0,2,1,0,0
3596,6110,1,8327300,8399036,7,255,0,0,0,2,1,0,0
3597,6111,1,8327300,8399036,7,255,0,0,0,2,1,0,0
3598,6112,1,8327300,8399036,7,255,0,0,0,2,1,0,0
3599,6113,1,8327300,8399036,7,255,0,0,0,2,1,0,0
3600,6114,1,8327300,8399036,7,255,0,0,0,2,1,0,0
3601,6115,1,8327300,8399036,7,255,0,0,0,2,1,0,0
3602,6116,1,8327300,8399036,7,255,0,0,0,2,1,0,0
3603,6117,1,8327300,8399036,7,255,0,0,0,2,1,0,0
3604,6118,1,8327300,8399036,7,255,0,0,0,2,1,0,0
3605,6119,1,8327300,8399036,7,255,0,0,0,2,1,0,0
3606,6120,1,8327300,8399036,7,255,0,0,0,2,1,0,0
3607,6121,1,8327300,8399036,7,255,0,0,0,2,1,0,0
3608,6122,1,8327300,8399036,7,255,0,0,0,2,1,0,0
3609,6123,1,8327300,8399036,7,255,0,0,0,2,1,0,0
3610,6124,1,8327300,8399036,7,255,0,0,0,2,1,0,0
3611,6125,1,8327300,8399036,7,255,0,0,0,2,1,0,0
3612,6126,1,8327300,8399036,7,255,0,0,0,2,1,0,0
3613,6127,1,8327300,8399036,7,255,0,0,0,2,1,0,0
3614,6128,1,8327300,8399036,7,255,0,0,0,2,1,0,0
3615,6129,1,8327300,8399036,7,255,0,0,0,2,1,0,0
3616,6130,1,8327300,8399036,7,255,0,0,0,2,1,0,0
3617,6131,1,8327300,8399036,7,255,0,0,0,2,1,0,0
3618,6132,1,8327300,8399036,7,255,0,0,0,2,1,0,0
3619,6133,1,8327300,8399036,7,255,0,0,0,2,1,0,0
3620,6134,1,8327300,8399036,7,255,0,0,0,2,1,0,0
3621,6135,1,8327300,8399036,7,255,0,0,0,2,1,0,0
3622,6136,1,8327300,8399036,7,255,0,0,0,2,1,0,0
3623,6137,1,8327300,8399036,7,255,0,0,0,2,1,0,0
3624,6138,1,8327300,8399036,7,255,0,0,0,2,1,0,0
3625,6139,1,8327300,8399036,7,255,0,0,0,2,1,0,0
3626,6140,1,8327300,8399036,7,255,0,0,0,2,1,0,0
3627,6141,1,8327300,8399036,7,255,0,0,0,2,1,0,0
3628,6142,1,8327300,8399036,7,255,0,0,0,2,1,0,0
3629,6143,1,8327300,8399036,7,255,0,0,0,2,1,0,0
