frame,seq,v,block,spline,c0,c1,c3,c4,c5,ai_type,ai_spline_idx,ai_override,ai_mode
2,0,1,8327224,8395424,0,255,0,0,0,0,0,0,0
2,1,2,8327224,8395424,0,0,0,0,0,0,0,0,0
2,2,3,8327224,8395424,0,0,0,0,0,0,0,0,0
3,3,1,8327224,8395940,0,0,0,0,0,0,1,0,0
3,4,2,8327224,8395424,0,0,0,0,0,0,0,0,0
3,5,3,8327224,8395424,0,0,0,0,0,0,0,0,0
4,6,1,8327224,8395940,0,0,0,0,0,0,1,0,0
4,7,2,8327224,8395424,0,0,0,0,0,0,0,0,0
4,8,3,8327224,8395424,0,0,0,0,0,0,0,0,0
5,9,1,8327224,8395940,0,0,0,0,0,0,1,0,0
5,10,2,8327224,8395424,0,0,0,0,0,0,0,0,0
5,11,3,8327224,8395424,0,0,0,0,0,0,0,0,0
6,12,1,8327224,8395940,0,0,0,0,0,0,1,0,0
6,13,2,8327224,8395424,0,0,0,0,0,0,0,0,0
6,14,3,8327224,8395424,0,0,0,0,0,0,0,0,0
7,15,1,8327224,8395940,0,0,0,0,0,0,1,0,0
7,16,2,8327224,8395424,0,0,0,0,0,0,0,0,0
7,17,3,8327224,8395424,0,0,0,0,0,0,0,0,0
8,18,1,8327224,8395940,0,0,0,0,0,0,1,0,0
8,19,2,8327224,8395424,0,0,0,0,0,0,0,0,0
8,20,3,8327224,8395424,0,0,0,0,0,0,0,0,0
9,21,1,8327224,8395940,0,0,0,0,0,0,1,0,0
9,22,2,8327224,8395424,0,0,0,0,0,0,0,0,0
9,23,3,8327224,8395424,0,0,0,0,0,0,0,0,0
10,24,1,8327224,8395940,0,0,0,0,0,0,1,0,0
10,25,2,8327224,8395424,0,0,0,0,0,0,0,0,0
10,26,3,8327224,8395424,0,0,0,0,0,0,0,0,0
11,27,1,8327300,8395940,0,0,0,0,0,0,1,0,0
11,28,2,8327376,8395424,0,0,0,0,0,0,0,0,0
11,29,3,8327452,8395424,0,0,0,0,0,0,0,0,0
12,30,1,8327300,8395940,0,0,0,0,0,0,1,0,0
12,31,2,8327376,8395424,0,0,0,0,0,0,0,0,0
12,32,3,8327452,8395424,0,0,0,0,0,0,0,0,0
13,33,1,8327300,8395940,0,0,0,0,0,0,1,0,0
13,34,2,8327376,8395424,0,0,0,0,0,0,0,0,0
13,35,3,8327452,8395424,0,0,0,0,0,0,0,0,0
14,36,1,8327300,8395940,0,0,0,0,0,0,1,0,0
14,37,2,8327376,8395424,0,0,0,0,0,0,0,0,0
14,38,3,8327452,8395424,0,0,0,0,0,0,0,0,0
15,39,1,8327300,8395940,0,0,0,0,0,0,1,0,0
15,40,2,8327376,8395424,0,0,0,0,0,0,0,0,0
15,41,3,8327452,8395424,0,0,0,0,0,0,0,0,0
16,42,1,8327300,8395940,0,0,0,0,0,0,1,0,0
16,43,2,8327376,8395424,0,0,0,0,0,0,0,0,0
16,44,3,8327452,8395424,0,0,0,0,0,0,0,0,0
17,45,1,8327300,8395940,0,0,0,0,0,0,1,0,0
17,46,2,8327376,8395424,0,0,0,0,0,0,0,0,0
17,47,3,8327452,8395424,0,0,0,0,0,0,0,0,0
18,48,1,8327300,8395940,0,0,0,0,0,0,1,0,0
18,49,2,8327376,8395424,0,0,0,0,0,0,0,0,0
18,50,3,8327452,8395424,0,0,0,0,0,0,0,0,0
19,51,1,8327300,8395940,0,0,0,0,0,0,1,0,0
19,52,2,8327376,8395424,0,0,0,0,0,0,0,0,0
19,53,3,8327452,8395424,0,0,0,0,0,0,0,0,0
20,54,1,8327300,8395940,0,0,0,0,0,0,1,0,0
20,55,2,8327376,8395424,0,0,0,0,0,0,0,0,0
20,56,3,8327452,8395424,0,0,0,0,0,0,0,0,0
21,57,1,8327300,8395940,0,0,0,0,0,0,1,0,0
21,58,2,8327376,8395424,0,0,0,0,0,0,0,0,0
21,59,3,8327452,8395424,0,0,0,0,0,0,0,0,0
22,60,1,8327300,8395940,0,0,0,0,0,0,1,0,0
22,61,2,8327376,8395424,0,0,0,0,0,0,0,0,0
22,62,3,8327452,8395424,0,0,0,0,0,0,0,0,0
23,63,1,8327300,8395940,0,0,0,0,0,0,1,0,0
23,64,2,8327376,8395424,0,0,0,0,0,0,0,0,0
23,65,3,8327452,8395424,0,0,0,0,0,0,0,0,0
24,66,1,8327300,8395940,0,0,0,0,0,0,1,0,0
24,67,2,8327376,8395424,0,0,0,0,0,0,0,0,0
24,68,3,8327452,8395424,0,0,0,0,0,0,0,0,0
25,69,1,8327300,8395940,0,0,0,0,0,0,1,0,0
25,70,2,8327376,8395424,0,0,0,0,0,0,0,0,0
25,71,3,8327452,8395424,0,0,0,0,0,0,0,0,0
26,72,1,8327300,8395940,0,0,0,0,0,0,1,0,0
26,73,2,8327376,8395424,0,0,0,0,0,0,0,0,0
26,74,3,8327452,8395424,0,0,0,0,0,0,0,0,0
27,75,1,8327300,8395940,0,0,0,0,0,0,1,0,0
27,76,2,8327376,8395424,0,0,0,0,0,0,0,0,0
27,77,3,8327452,8395424,0,0,0,0,0,0,0,0,0
28,78,1,8327300,8395940,0,0,0,0,0,0,1,0,0
28,79,2,8327376,8395424,0,0,0,0,0,0,0,0,0
28,80,3,8327452,8395424,0,0,0,0,0,0,0,0,0
29,81,1,8327300,8395940,0,0,0,0,0,0,1,0,0
29,82,2,8327376,8395424,0,0,0,0,0,0,0,0,0
29,83,3,8327452,8395424,0,0,0,0,0,0,0,0,0
30,84,1,8327300,8395940,0,0,0,0,0,0,1,0,0
30,85,2,8327376,8395424,0,0,0,0,0,0,0,0,0
30,86,3,8327452,8395424,0,0,0,0,0,0,0,0,0
31,87,1,8327300,8395940,0,0,0,0,0,0,1,0,0
31,88,2,8327376,8395424,0,0,0,0,0,0,0,0,0
31,89,3,8327452,8395424,0,0,0,0,0,0,0,0,0
32,90,1,8327300,8395940,0,0,0,0,0,0,1,0,0
32,91,2,8327376,8395424,0,0,0,0,0,0,0,0,0
32,92,3,8327452,8395424,0,0,0,0,0,0,0,0,0
33,93,1,8327300,8395940,0,0,0,0,0,0,1,0,0
33,94,2,8327376,8395424,0,0,0,0,0,0,0,0,0
33,95,3,8327452,8395424,0,0,0,0,0,0,0,0,0
34,96,1,8327300,8395940,0,0,0,0,0,0,1,0,0
34,97,2,8327376,8395424,0,0,0,0,0,0,0,0,0
34,98,3,8327452,8395424,0,0,0,0,0,0,0,0,0
35,99,1,8327300,8395940,0,0,0,0,0,0,1,0,0
35,100,2,8327376,8395424,0,0,0,0,0,0,0,0,0
35,101,3,8327452,8395424,0,0,0,0,0,0,0,0,0
36,102,1,8327300,8395940,0,0,0,0,0,0,1,0,0
36,103,2,8327376,8395424,0,0,0,0,0,0,0,0,0
36,104,3,8327452,8395424,0,0,0,0,0,0,0,0,0
37,105,1,8327300,8395940,0,0,0,0,0,0,1,0,0
37,106,2,8327376,8395424,0,0,0,0,0,0,0,0,0
37,107,3,8327452,8395424,0,0,0,0,0,0,0,0,0
38,108,1,8327300,8395940,0,0,0,0,0,0,1,0,0
38,109,2,8327376,8395424,0,0,0,0,0,0,0,0,0
38,110,3,8327452,8395424,0,0,0,0,0,0,0,0,0
39,111,1,8327300,8395940,0,0,0,0,0,0,1,0,0
39,112,2,8327376,8395424,0,0,0,0,0,0,0,0,0
39,113,3,8327452,8395424,0,0,0,0,0,0,0,0,0
40,114,1,8327300,8395940,0,0,0,0,0,0,1,0,0
40,115,2,8327376,8395424,0,0,0,0,0,0,0,0,0
40,116,3,8327452,8395424,0,0,0,0,0,0,0,0,0
41,117,1,8327300,8395940,0,0,0,0,0,0,1,0,0
41,118,2,8327376,8395424,0,0,0,0,0,0,0,0,0
41,119,3,8327452,8395424,0,0,0,0,0,0,0,0,0
42,120,1,8327300,8395940,0,0,0,0,0,0,1,0,0
42,121,2,8327376,8395424,0,0,0,0,0,0,0,0,0
42,122,3,8327452,8395424,0,0,0,0,0,0,0,0,0
43,123,1,8327300,8395940,0,0,0,0,0,0,1,0,0
43,124,2,8327376,8395424,0,0,0,0,0,0,0,0,0
43,125,3,8327452,8395424,0,0,0,0,0,0,0,0,0
44,126,1,8327300,8395940,0,0,0,0,0,0,1,0,0
44,127,2,8327376,8395424,0,0,0,0,0,0,0,0,0
44,128,3,8327452,8395424,0,0,0,0,0,0,0,0,0
45,129,1,8327300,8395940,0,0,0,0,0,0,1,0,0
45,130,2,8327376,8395424,0,0,0,0,0,0,0,0,0
45,131,3,8327452,8395424,0,0,0,0,0,0,0,0,0
46,132,1,8327300,8395940,0,0,0,0,0,0,1,0,0
46,133,2,8327376,8395424,0,0,0,0,0,0,0,0,0
46,134,3,8327452,8395424,0,0,0,0,0,0,0,0,0
47,135,1,8327300,8395940,0,0,0,0,0,0,1,0,0
47,136,2,8327376,8395424,0,0,0,0,0,0,0,0,0
47,137,3,8327452,8395424,0,0,0,0,0,0,0,0,0
48,138,1,8327300,8395940,0,0,0,0,0,0,1,0,0
48,139,2,8327376,8395424,0,0,0,0,0,0,0,0,0
48,140,3,8327452,8395424,0,0,0,0,0,0,0,0,0
49,141,1,8327300,8395940,0,0,0,0,0,0,1,0,0
49,142,2,8327376,8395424,0,0,0,0,0,0,0,0,0
49,143,3,8327452,8395424,0,0,0,0,0,0,0,0,0
50,144,1,8327300,8395940,0,0,0,0,0,0,1,0,0
50,145,2,8327376,8395424,0,0,0,0,0,0,0,0,0
50,146,3,8327452,8395424,0,0,0,0,0,0,0,0,0
51,147,1,8327300,8395940,0,0,0,0,0,0,1,0,0
51,148,2,8327376,8395424,0,0,0,0,0,0,0,0,0
51,149,3,8327452,8395424,0,0,0,0,0,0,0,0,0
52,150,1,8327300,8395940,0,0,0,0,0,0,1,0,0
52,151,2,8327376,8395424,0,0,0,0,0,0,0,0,0
52,152,3,8327452,8395424,0,0,0,0,0,0,0,0,0
53,153,1,8327300,8395940,0,0,0,0,0,0,1,0,0
53,154,2,8327376,8395424,0,0,0,0,0,0,0,0,0
53,155,3,8327452,8395424,0,0,0,0,0,0,0,0,0
54,156,1,8327300,8395940,0,0,0,0,0,0,1,0,0
54,157,2,8327376,8395424,0,0,0,0,0,0,0,0,0
54,158,3,8327452,8395424,0,0,0,0,0,0,0,0,0
55,159,1,8327300,8395940,0,0,0,0,0,0,1,0,0
55,160,2,8327376,8395424,0,0,0,0,0,0,0,0,0
55,161,3,8327452,8395424,0,0,0,0,0,0,0,0,0
56,162,1,8327300,8395940,0,0,0,0,0,0,1,0,0
56,163,2,8327376,8395424,0,0,0,0,0,0,0,0,0
56,164,3,8327452,8395424,0,0,0,0,0,0,0,0,0
57,165,1,8327300,8395940,0,0,0,0,0,0,1,0,0
57,166,2,8327376,8395424,0,0,0,0,0,0,0,0,0
57,167,3,8327452,8395424,0,0,0,0,0,0,0,0,0
58,168,1,8327300,8395940,0,0,0,0,0,0,1,0,0
58,169,2,8327376,8395424,0,0,0,0,0,0,0,0,0
58,170,3,8327452,8395424,0,0,0,0,0,0,0,0,0
59,171,1,8327300,8395940,0,0,0,0,0,0,1,0,0
59,172,2,8327376,8395424,0,0,0,0,0,0,0,0,0
59,173,3,8327452,8395424,0,0,0,0,0,0,0,0,0
60,174,1,8327300,8395940,0,0,0,0,0,0,1,0,0
60,175,2,8327376,8395424,0,0,0,0,0,0,0,0,0
60,176,3,8327452,8395424,0,0,0,0,0,0,0,0,0
61,177,1,8327300,8395940,0,0,0,0,0,0,1,0,0
61,178,2,8327376,8395424,0,0,0,0,0,0,0,0,0
61,179,3,8327452,8395424,0,0,0,0,0,0,0,0,0
62,180,1,8327300,8395940,0,0,0,0,0,0,1,0,0
62,181,2,8327376,8395424,0,0,0,0,0,0,0,0,0
62,182,3,8327452,8395424,0,0,0,0,0,0,0,0,0
63,183,1,8327300,8395940,0,0,0,0,0,0,1,0,0
63,184,2,8327376,8395424,0,0,0,0,0,0,0,0,0
63,185,3,8327452,8395424,0,0,0,0,0,0,0,0,0
64,186,1,8327300,8395940,0,0,0,0,0,0,1,0,0
64,187,2,8327376,8395424,0,0,0,0,0,0,0,0,0
64,188,3,8327452,8395424,0,0,0,0,0,0,0,0,0
65,189,1,8327300,8395940,0,0,0,0,0,0,1,0,0
65,190,2,8327376,8395424,0,0,0,0,0,0,0,0,0
65,191,3,8327452,8395424,0,0,0,0,0,0,0,0,0
66,192,1,8327300,8395940,0,0,0,0,0,0,1,0,0
66,193,2,8327376,8395424,0,0,0,0,0,0,0,0,0
66,194,3,8327452,8395424,0,0,0,0,0,0,0,0,0
67,195,1,8327300,8395940,0,0,0,0,0,0,1,0,0
67,196,2,8327376,8395424,0,0,0,0,0,0,0,0,0
67,197,3,8327452,8395424,0,0,0,0,0,0,0,0,0
68,198,1,8327300,8395940,0,0,0,0,0,0,1,0,0
68,199,2,8327376,8395424,0,0,0,0,0,0,0,0,0
68,200,3,8327452,8395424,0,0,0,0,0,0,0,0,0
69,201,1,8327300,8395940,0,0,0,0,0,0,1,0,0
69,202,2,8327376,8395424,0,0,0,0,0,0,0,0,0
69,203,3,8327452,8395424,0,0,0,0,0,0,0,0,0
70,204,1,8327300,8395940,0,0,0,0,0,0,1,0,0
70,205,2,8327376,8395424,0,0,0,0,0,0,0,0,0
70,206,3,8327452,8395424,0,0,0,0,0,0,0,0,0
71,207,1,8327300,8395940,0,0,0,0,0,0,1,0,0
71,208,2,8327376,8395424,0,0,0,0,0,0,0,0,0
71,209,3,8327452,8395424,0,0,0,0,0,0,0,0,0
72,210,1,8327300,8395940,0,0,0,0,0,0,1,0,0
72,211,2,8327376,8395424,0,0,0,0,0,0,0,0,0
72,212,3,8327452,8395424,0,0,0,0,0,0,0,0,0
73,213,1,8327300,8395940,0,0,0,0,0,0,1,0,0
73,214,2,8327376,8395424,0,0,0,0,0,0,0,0,0
73,215,3,8327452,8395424,0,0,0,0,0,0,0,0,0
74,216,1,8327300,8395940,0,0,0,0,0,0,1,0,0
74,217,2,8327376,8395424,0,0,0,0,0,0,0,0,0
74,218,3,8327452,8395424,0,0,0,0,0,0,0,0,0
75,219,1,8327300,8395940,0,0,0,0,0,0,1,0,0
75,220,2,8327376,8395424,0,0,0,0,0,0,0,0,0
75,221,3,8327452,8395424,0,0,0,0,0,0,0,0,0
76,222,1,8327300,8395940,0,0,0,0,0,0,1,0,0
76,223,2,8327376,8395424,0,0,0,0,0,0,0,0,0
76,224,3,8327452,8395424,0,0,0,0,0,0,0,0,0
77,225,1,8327300,8395940,0,0,0,0,0,0,1,0,0
77,226,2,8327376,8395424,0,0,0,0,0,0,0,0,0
77,227,3,8327452,8395424,0,0,0,0,0,0,0,0,0
78,228,1,8327300,8395940,0,0,0,0,0,0,1,0,0
78,229,2,8327376,8395424,0,0,0,0,0,0,0,0,0
78,230,3,8327452,8395424,0,0,0,0,0,0,0,0,0
79,231,1,8327300,8395940,0,0,0,0,0,0,1,0,0
79,232,2,8327376,8395424,0,0,0,0,0,0,0,0,0
79,233,3,8327452,8395424,0,0,0,0,0,0,0,0,0
80,234,1,8327300,8395940,0,0,0,0,0,0,1,0,0
80,235,2,8327376,8395424,0,0,0,0,0,0,0,0,0
80,236,3,8327452,8395424,0,0,0,0,0,0,0,0,0
81,237,1,8327300,8395940,0,0,0,0,0,0,1,0,0
81,238,2,8327376,8395424,0,0,0,0,0,0,0,0,0
81,239,3,8327452,8395424,0,0,0,0,0,0,0,0,0
82,240,1,8327300,8395940,0,0,0,0,0,0,1,0,0
82,241,2,8327376,8395424,0,0,0,0,0,0,0,0,0
82,242,3,8327452,8395424,0,0,0,0,0,0,0,0,0
83,243,1,8327300,8395940,0,0,0,0,0,0,1,0,0
83,244,2,8327376,8395424,0,0,0,0,0,0,0,0,0
83,245,3,8327452,8395424,0,0,0,0,0,0,0,0,0
84,246,1,8327300,8395940,0,0,0,0,0,0,1,0,0
84,247,2,8327376,8395424,0,0,0,0,0,0,0,0,0
84,248,3,8327452,8395424,0,0,0,0,0,0,0,0,0
85,249,1,8327300,8395940,0,0,0,0,0,0,1,0,0
85,250,2,8327376,8395424,0,0,0,0,0,0,0,0,0
85,251,3,8327452,8395424,0,0,0,0,0,0,0,0,0
86,252,1,8327300,8395940,0,0,0,0,0,0,1,0,0
86,253,2,8327376,8395424,0,0,0,0,0,0,0,0,0
86,254,3,8327452,8395424,0,0,0,0,0,0,0,0,0
87,255,1,8327300,8395940,0,0,0,0,0,0,1,0,0
87,256,2,8327376,8395424,0,0,0,0,0,0,0,0,0
87,257,3,8327452,8395424,0,0,0,0,0,0,0,0,0
88,258,1,8327300,8395940,0,0,0,0,0,0,1,0,0
88,259,2,8327376,8395424,0,0,0,0,0,0,0,0,0
88,260,3,8327452,8395424,0,0,0,0,0,0,0,0,0
89,261,1,8327300,8395940,0,0,0,0,0,0,1,0,0
89,262,2,8327376,8395424,0,0,0,0,0,0,0,0,0
89,263,3,8327452,8395424,0,0,0,0,0,0,0,0,0
90,264,1,8327300,8395940,0,0,0,0,0,0,1,0,0
90,265,2,8327376,8395424,0,0,0,0,0,0,0,0,0
90,266,3,8327452,8395424,0,0,0,0,0,0,0,0,0
91,267,1,8327300,8395940,0,0,0,0,0,0,1,0,0
91,268,2,8327376,8395424,0,0,0,0,0,0,0,0,0
91,269,3,8327452,8395424,0,0,0,0,0,0,0,0,0
92,270,1,8327300,8395940,0,0,0,0,0,0,1,0,0
92,271,2,8327376,8395424,0,0,0,0,0,0,0,0,0
92,272,3,8327452,8395424,0,0,0,0,0,0,0,0,0
93,273,1,8327300,8395940,0,0,0,0,0,0,1,0,0
93,274,2,8327376,8395424,0,0,0,0,0,0,0,0,0
93,275,3,8327452,8395424,0,0,0,0,0,0,0,0,0
94,276,1,8327300,8395940,0,0,0,0,0,0,1,0,0
94,277,2,8327376,8395424,0,0,0,0,0,0,0,0,0
94,278,3,8327452,8395424,0,0,0,0,0,0,0,0,0
95,279,1,8327300,8395940,0,0,0,0,0,0,1,0,0
95,280,2,8327376,8395424,0,0,0,0,0,0,0,0,0
95,281,3,8327452,8395424,0,0,0,0,0,0,0,0,0
96,282,1,8327300,8395940,0,0,0,0,0,0,1,0,0
96,283,2,8327376,8395424,0,0,0,0,0,0,0,0,0
96,284,3,8327452,8395424,0,0,0,0,0,0,0,0,0
97,285,1,8327300,8395940,0,0,0,0,0,0,1,0,0
97,286,2,8327376,8395424,0,0,0,0,0,0,0,0,0
97,287,3,8327452,8395424,0,0,0,0,0,0,0,0,0
98,288,1,8327300,8395940,0,0,0,0,0,0,1,0,0
98,289,2,8327376,8395424,0,0,0,0,0,0,0,0,0
98,290,3,8327452,8395424,0,0,0,0,0,0,0,0,0
99,291,1,8327300,8395940,0,0,0,0,0,0,1,0,0
99,292,2,8327376,8395424,0,0,0,0,0,0,0,0,0
99,293,3,8327452,8395424,0,0,0,0,0,0,0,0,0
100,294,1,8327300,8395940,0,0,0,0,0,0,1,0,0
100,295,2,8327376,8395424,0,0,0,0,0,0,0,0,0
100,296,3,8327452,8395424,0,0,0,0,0,0,0,0,0
101,297,1,8327300,8395940,0,0,0,0,0,0,1,0,0
101,298,2,8327376,8395424,0,0,0,0,0,0,0,0,0
101,299,3,8327452,8395424,0,0,0,0,0,0,0,0,0
102,300,1,8327300,8395940,0,0,0,0,0,0,1,0,0
102,301,2,8327376,8395424,0,0,0,0,0,0,0,0,0
102,302,3,8327452,8395424,0,0,0,0,0,0,0,0,0
103,303,1,8327300,8395940,0,0,0,0,0,0,1,0,0
103,304,2,8327376,8395424,0,0,0,0,0,0,0,0,0
103,305,3,8327452,8395424,0,0,0,0,0,0,0,0,0
104,306,1,8327300,8395940,0,0,0,0,0,0,1,0,0
104,307,2,8327376,8395424,0,0,0,0,0,0,0,0,0
104,308,3,8327452,8395424,0,0,0,0,0,0,0,0,0
105,309,1,8327300,8395940,0,0,0,0,0,0,1,0,0
105,310,2,8327376,8395424,0,0,0,0,0,0,0,0,0
105,311,3,8327452,8395424,0,0,0,0,0,0,0,0,0
106,312,1,8327300,8395940,0,0,0,0,0,0,1,0,0
106,313,2,8327376,8395424,0,0,0,0,0,0,0,0,0
106,314,3,8327452,8395424,0,0,0,0,0,0,0,0,0
107,315,1,8327300,8395940,0,0,0,0,0,0,1,0,0
107,316,2,8327376,8395424,0,0,0,0,0,0,0,0,0
107,317,3,8327452,8395424,0,0,0,0,0,0,0,0,0
108,318,1,8327300,8395940,0,0,0,0,0,0,1,0,0
108,319,2,8327376,8395424,0,0,0,0,0,0,0,0,0
108,320,3,8327452,8395424,0,0,0,0,0,0,0,0,0
109,321,1,8327300,8395940,0,0,0,0,0,0,1,0,0
109,322,2,8327376,8395424,0,0,0,0,0,0,0,0,0
109,323,3,8327452,8395424,0,0,0,0,0,0,0,0,0
110,324,1,8327300,8395940,0,0,0,0,0,0,1,0,0
110,325,2,8327376,8395424,0,0,0,0,0,0,0,0,0
110,326,3,8327452,8395424,0,0,0,0,0,0,0,0,0
111,327,1,8327300,8395940,0,0,0,0,0,0,1,0,0
111,328,2,8327376,8395424,0,0,0,0,0,0,0,0,0
111,329,3,8327452,8395424,0,0,0,0,0,0,0,0,0
112,330,1,8327300,8395940,0,0,0,0,0,0,1,0,0
112,331,2,8327376,8395424,0,0,0,0,0,0,0,0,0
112,332,3,8327452,8395424,0,0,0,0,0,0,0,0,0
113,333,1,8327300,8395940,0,0,0,0,0,0,1,0,0
113,334,2,8327376,8395424,0,0,0,0,0,0,0,0,0
113,335,3,8327452,8395424,0,0,0,0,0,0,0,0,0
114,336,1,8327300,8395940,0,0,0,0,0,0,1,0,0
114,337,2,8327376,8395424,0,0,0,0,0,0,0,0,0
114,338,3,8327452,8395424,0,0,0,0,0,0,0,0,0
115,339,1,8327300,8395940,0,0,0,0,0,0,1,0,0
115,340,2,8327376,8395424,0,0,0,0,0,0,0,0,0
115,341,3,8327452,8395424,0,0,0,0,0,0,0,0,0
116,342,1,8327300,8395940,0,0,0,0,0,0,1,0,0
116,343,2,8327376,8395424,0,0,0,0,0,0,0,0,0
116,344,3,8327452,8395424,0,0,0,0,0,0,0,0,0
117,345,1,8327300,8395940,0,0,0,0,0,0,1,0,0
117,346,2,8327376,8395424,0,0,0,0,0,0,0,0,0
117,347,3,8327452,8395424,0,0,0,0,0,0,0,0,0
118,348,1,8327300,8395940,0,0,0,0,0,0,1,0,0
118,349,2,8327376,8395424,0,0,0,0,0,0,0,0,0
118,350,3,8327452,8395424,0,0,0,0,0,0,0,0,0
119,351,1,8327300,8395940,0,0,0,0,0,0,1,0,0
119,352,2,8327376,8395424,0,0,0,0,0,0,0,0,0
119,353,3,8327452,8395424,0,0,0,0,0,0,0,0,0
120,354,1,8327300,8395940,0,0,0,0,0,0,1,0,0
120,355,2,8327376,8395424,0,0,0,0,0,0,0,0,0
120,356,3,8327452,8395424,0,0,0,0,0,0,0,0,0
121,357,1,8327300,8395940,0,0,0,0,0,0,1,0,0
121,358,2,8327376,8395424,0,0,0,0,0,0,0,0,0
121,359,3,8327452,8395424,0,0,0,0,0,0,0,0,0
122,360,1,8327300,8395940,0,0,0,0,0,0,1,0,0
122,361,2,8327376,8395424,0,0,0,0,0,0,0,0,0
122,362,3,8327452,8395424,0,0,0,0,0,0,0,0,0
123,363,1,8327300,8395940,0,0,0,0,0,0,1,0,0
123,364,2,8327376,8395424,0,0,0,0,0,0,0,0,0
123,365,3,8327452,8395424,0,0,0,0,0,0,0,0,0
124,366,1,8327300,8395940,0,0,0,0,0,0,1,0,0
124,367,2,8327376,8395424,0,0,0,0,0,0,0,0,0
124,368,3,8327452,8395424,0,0,0,0,0,0,0,0,0
125,369,1,8327300,8395940,0,0,0,0,0,0,1,0,0
125,370,2,8327376,8395424,0,0,0,0,0,0,0,0,0
125,371,3,8327452,8395424,0,0,0,0,0,0,0,0,0
126,372,1,8327300,8395940,0,0,0,0,0,0,1,0,0
126,373,2,8327376,8395424,0,0,0,0,0,0,0,0,0
126,374,3,8327452,8395424,0,0,0,0,0,0,0,0,0
127,375,1,8327300,8395940,0,0,0,0,0,0,1,0,0
127,376,2,8327376,8395424,0,0,0,0,0,0,0,0,0
127,377,3,8327452,8395424,0,0,0,0,0,0,0,0,0
128,378,1,8327300,8395940,0,0,0,0,0,0,1,0,0
128,379,2,8327376,8395424,0,0,0,0,0,0,0,0,0
128,380,3,8327452,8395424,0,0,0,0,0,0,0,0,0
129,381,1,8327300,8395940,0,0,0,0,0,0,1,0,0
129,382,2,8327376,8395424,0,0,0,0,0,0,0,0,0
129,383,3,8327452,8395424,0,0,0,0,0,0,0,0,0
130,384,1,8327300,8395940,0,0,0,0,0,0,1,0,0
130,385,2,8327376,8395424,0,0,0,0,0,0,0,0,0
130,386,3,8327452,8395424,0,0,0,0,0,0,0,0,0
131,387,1,8327300,8395940,0,0,0,0,0,0,1,0,0
131,388,2,8327376,8395424,0,0,0,0,0,0,0,0,0
131,389,3,8327452,8395424,0,0,0,0,0,0,0,0,0
132,390,1,8327300,8395940,0,0,0,0,0,0,1,0,0
132,391,2,8327376,8395424,0,0,0,0,0,0,0,0,0
132,392,3,8327452,8395424,0,0,0,0,0,0,0,0,0
133,393,1,8327300,8395940,0,0,0,0,0,0,1,0,0
133,394,2,8327376,8395424,0,0,0,0,0,0,0,0,0
133,395,3,8327452,8395424,0,0,0,0,0,0,0,0,0
134,396,1,8327300,8395940,0,0,0,0,0,0,1,0,0
134,397,2,8327376,8395424,0,0,0,0,0,0,0,0,0
134,398,3,8327452,8395424,0,0,0,0,0,0,0,0,0
135,399,1,8327300,8395940,0,0,0,0,0,0,1,0,0
135,400,2,8327376,8395424,0,0,0,0,0,0,0,0,0
135,401,3,8327452,8395424,0,0,0,0,0,0,0,0,0
136,402,1,8327300,8395940,0,0,0,0,0,0,1,0,0
136,403,2,8327376,8395424,0,0,0,0,0,0,0,0,0
136,404,3,8327452,8395424,0,0,0,0,0,0,0,0,0
137,405,1,8327300,8395940,0,0,0,0,0,0,1,0,0
137,406,2,8327376,8395424,0,0,0,0,0,0,0,0,0
137,407,3,8327452,8395424,0,0,0,0,0,0,0,0,0
138,408,1,8327300,8395940,0,0,0,0,0,0,1,0,0
138,409,2,8327376,8395424,0,0,0,0,0,0,0,0,0
138,410,3,8327452,8395424,0,0,0,0,0,0,0,0,0
139,411,1,8327300,8395940,0,0,0,0,0,0,1,0,0
139,412,2,8327376,8395424,0,0,0,0,0,0,0,0,0
139,413,3,8327452,8395424,0,0,0,0,0,0,0,0,0
140,414,1,8327300,8395940,0,0,0,0,0,0,1,0,0
140,415,2,8327376,8395424,0,0,0,0,0,0,0,0,0
140,416,3,8327452,8395424,0,0,0,0,0,0,0,0,0
141,417,1,8327300,8395940,0,0,0,0,0,0,1,0,0
141,418,2,8327376,8395424,0,0,0,0,0,0,0,0,0
141,419,3,8327452,8395424,0,0,0,0,0,0,0,0,0
142,420,1,8327300,8395940,0,0,0,0,0,0,1,0,0
142,421,2,8327376,8395424,0,0,0,0,0,0,0,0,0
142,422,3,8327452,8395424,0,0,0,0,0,0,0,0,0
143,423,1,8327300,8395940,0,0,0,0,0,0,1,0,0
143,424,2,8327376,8395424,0,0,0,0,0,0,0,0,0
143,425,3,8327452,8395424,0,0,0,0,0,0,0,0,0
144,426,1,8327300,8395940,0,0,0,0,0,0,1,0,0
144,427,2,8327376,8395424,0,0,0,0,0,0,0,0,0
144,428,3,8327452,8395424,0,0,0,0,0,0,0,0,0
145,429,1,8327300,8395940,0,0,0,0,0,0,1,0,0
145,430,2,8327376,8395424,0,0,0,0,0,0,0,0,0
145,431,3,8327452,8395424,0,0,0,0,0,0,0,0,0
146,432,1,8327300,8395940,0,0,0,0,0,0,1,0,0
146,433,2,8327376,8395424,0,0,0,0,0,0,0,0,0
146,434,3,8327452,8395424,0,0,0,0,0,0,0,0,0
147,435,1,8327300,8395940,0,0,0,0,0,0,1,0,0
147,436,2,8327376,8395424,0,0,0,0,0,0,0,0,0
147,437,3,8327452,8395424,0,0,0,0,0,0,0,0,0
148,438,1,8327300,8395940,0,0,0,0,0,0,1,0,0
148,439,2,8327376,8395424,0,0,0,0,0,0,0,0,0
148,440,3,8327452,8395424,0,0,0,0,0,0,0,0,0
149,441,1,8327300,8395940,0,0,0,0,0,0,1,0,0
149,442,2,8327376,8395424,0,0,0,0,0,0,0,0,0
149,443,3,8327452,8395424,0,0,0,0,0,0,0,0,0
150,444,1,8327300,8395940,0,0,0,0,0,0,1,0,0
150,445,2,8327376,8395424,0,0,0,0,0,0,0,0,0
150,446,3,8327452,8395424,0,0,0,0,0,0,0,0,0
151,447,1,8327300,8395940,0,0,0,0,0,0,1,0,0
151,448,2,8327376,8395424,0,0,0,0,0,0,0,0,0
151,449,3,8327452,8395424,0,0,0,0,0,0,0,0,0
152,450,1,8327300,8395940,0,0,0,0,0,0,1,0,0
152,451,2,8327376,8395424,0,0,0,0,0,0,0,0,0
152,452,3,8327452,8395424,0,0,0,0,0,0,0,0,0
153,453,1,8327300,8395940,0,0,0,0,0,0,1,0,0
153,454,2,8327376,8395424,0,0,0,0,0,0,0,0,0
153,455,3,8327452,8395424,0,0,0,0,0,0,0,0,0
154,456,1,8327300,8395940,0,0,0,0,0,0,1,0,0
154,457,2,8327376,8395424,0,0,0,0,0,0,0,0,0
154,458,3,8327452,8395424,0,0,0,0,0,0,0,0,0
155,459,1,8327300,8395940,0,0,0,0,0,0,1,0,0
155,460,2,8327376,8395424,0,0,0,0,0,0,0,0,0
155,461,3,8327452,8395424,0,0,0,0,0,0,0,0,0
156,462,1,8327300,8395940,0,0,0,0,0,0,1,0,0
156,463,2,8327376,8395424,0,0,0,0,0,0,0,0,0
156,464,3,8327452,8395424,0,0,0,0,0,0,0,0,0
157,465,1,8327300,8395940,0,0,0,0,0,0,1,0,0
157,466,2,8327376,8395424,0,0,0,0,0,0,0,0,0
157,467,3,8327452,8395424,0,0,0,0,0,0,0,0,0
158,468,1,8327300,8395940,0,0,0,0,0,0,1,0,0
158,469,2,8327376,8395424,0,0,0,0,0,0,0,0,0
158,470,3,8327452,8395424,0,0,0,0,0,0,0,0,0
159,471,1,8327300,8395940,0,0,0,0,0,0,1,0,0
159,472,2,8327376,8395424,0,0,0,0,0,0,0,0,0
159,473,3,8327452,8395424,0,0,0,0,0,0,0,0,0
160,474,1,8327300,8395940,0,0,0,0,0,0,1,0,0
160,475,2,8327376,8395424,0,0,0,0,0,0,0,0,0
160,476,3,8327452,8395424,0,0,0,0,0,0,0,0,0
161,477,1,8327300,8395940,0,0,0,0,0,0,1,0,0
161,478,2,8327376,8395424,0,0,0,0,0,0,0,0,0
161,479,3,8327452,8395424,0,0,0,0,0,0,0,0,0
162,480,1,8327300,8395940,0,0,0,0,0,0,1,0,0
162,481,2,8327376,8395424,0,0,0,0,0,0,0,0,0
162,482,3,8327452,8395424,0,0,0,0,0,0,0,0,0
163,483,1,8327300,8395940,0,0,0,0,0,0,1,0,0
163,484,2,8327376,8395424,0,0,0,0,0,0,0,0,0
163,485,3,8327452,8395424,0,0,0,0,0,0,0,0,0
164,486,1,8327300,8395940,0,0,0,0,0,0,1,0,0
164,487,2,8327376,8395424,0,0,0,0,0,0,0,0,0
164,488,3,8327452,8395424,0,0,0,0,0,0,0,0,0
165,489,1,8327300,8395940,0,0,0,0,0,0,1,0,0
165,490,2,8327376,8395424,0,0,0,0,0,0,0,0,0
165,491,3,8327452,8395424,0,0,0,0,0,0,0,0,0
166,492,1,8327300,8395940,0,0,0,0,0,0,1,0,0
166,493,2,8327376,8395424,0,0,0,0,0,0,0,0,0
166,494,3,8327452,8395424,0,0,0,0,0,0,0,0,0
167,495,1,8327300,8395940,0,0,0,0,0,0,1,0,0
167,496,2,8327376,8395424,0,0,0,0,0,0,0,0,0
167,497,3,8327452,8395424,0,0,0,0,0,0,0,0,0
168,498,1,8327300,8395940,0,0,0,0,0,0,1,0,0
168,499,2,8327376,8395424,0,0,0,0,0,0,0,0,0
168,500,3,8327452,8395424,0,0,0,0,0,0,0,0,0
169,501,1,8327300,8395940,0,0,0,0,0,0,1,0,0
169,502,2,8327376,8395424,0,0,0,0,0,0,0,0,0
169,503,3,8327452,8395424,0,0,0,0,0,0,0,0,0
170,504,1,8327300,8395940,0,0,0,0,0,0,1,0,0
170,505,2,8327376,8395424,0,0,0,0,0,0,0,0,0
170,506,3,8327452,8395424,0,0,0,0,0,0,0,0,0
171,507,1,8327300,8395940,0,0,0,0,0,0,1,0,0
171,508,2,8327376,8395424,0,0,0,0,0,0,0,0,0
171,509,3,8327452,8395424,0,0,0,0,0,0,0,0,0
172,510,1,8327300,8395940,0,0,0,0,0,0,1,0,0
172,511,2,8327376,8395424,0,0,0,0,0,0,0,0,0
172,512,3,8327452,8395424,0,0,0,0,0,0,0,0,0
173,513,1,8327300,8395940,0,0,0,0,0,0,1,0,0
173,514,2,8327376,8395424,0,0,0,0,0,0,0,0,0
173,515,3,8327452,8395424,0,0,0,0,0,0,0,0,0
174,516,1,8327300,8395940,0,0,0,0,0,0,1,0,0
174,517,2,8327376,8395424,0,0,0,0,0,0,0,0,0
174,518,3,8327452,8395424,0,0,0,0,0,0,0,0,0
175,519,1,8327300,8395940,0,0,0,0,0,0,1,0,0
175,520,2,8327376,8395424,0,0,0,0,0,0,0,0,0
175,521,3,8327452,8395424,0,0,0,0,0,0,0,0,0
176,522,1,8327300,8395940,0,0,0,0,0,0,1,0,0
176,523,2,8327376,8395424,0,0,0,0,0,0,0,0,0
176,524,3,8327452,8395424,0,0,0,0,0,0,0,0,0
177,525,1,8327300,8395940,0,0,0,0,0,0,1,0,0
177,526,2,8327376,8395424,0,0,0,0,0,0,0,0,0
177,527,3,8327452,8395424,0,0,0,0,0,0,0,0,0
178,528,1,8327300,8395940,0,0,0,0,0,0,1,0,0
178,529,2,8327376,8395424,0,0,0,0,0,0,0,0,0
178,530,3,8327452,8395424,0,0,0,0,0,0,0,0,0
179,531,1,8327300,8395940,0,0,0,0,0,0,1,0,0
179,532,2,8327376,8395424,0,0,0,0,0,0,0,0,0
179,533,3,8327452,8395424,0,0,0,0,0,0,0,0,0
180,534,1,8327300,8395940,0,0,0,0,0,0,1,0,0
180,535,2,8327376,8395424,0,0,0,0,0,0,0,0,0
180,536,3,8327452,8395424,0,0,0,0,0,0,0,0,0
181,537,1,8327300,8395940,0,0,0,0,0,0,1,0,0
181,538,2,8327376,8395424,0,0,0,0,0,0,0,0,0
181,539,3,8327452,8395424,0,0,0,0,0,0,0,0,0
182,540,1,8327300,8395940,0,0,0,0,0,0,1,0,0
182,541,2,8327376,8395424,0,0,0,0,0,0,0,0,0
182,542,3,8327452,8395424,0,0,0,0,0,0,0,0,0
183,543,1,8327300,8395940,0,0,0,0,0,0,1,0,0
183,544,2,8327376,8395424,0,0,0,0,0,0,0,0,0
183,545,3,8327452,8395424,0,0,0,0,0,0,0,0,0
184,546,1,8327300,8395940,0,0,0,0,0,0,1,0,0
184,547,2,8327376,8395424,0,0,0,0,0,0,0,0,0
184,548,3,8327452,8395424,0,0,0,0,0,0,0,0,0
185,549,1,8327300,8395940,0,0,0,0,0,0,1,0,0
185,550,2,8327376,8395424,0,0,0,0,0,0,0,0,0
185,551,3,8327452,8395424,0,0,0,0,0,0,0,0,0
186,552,1,8327300,8395940,0,0,0,0,0,0,1,0,0
186,553,2,8327376,8395424,0,0,0,0,0,0,0,0,0
186,554,3,8327452,8395424,0,0,0,0,0,0,0,0,0
187,555,1,8327300,8395940,0,0,0,0,0,0,1,0,0
187,556,2,8327376,8395424,0,0,0,0,0,0,0,0,0
187,557,3,8327452,8395424,0,0,0,0,0,0,0,0,0
188,558,1,8327300,8395940,0,0,0,0,0,0,1,0,0
188,559,2,8327376,8395424,0,0,0,0,0,0,0,0,0
188,560,3,8327452,8395424,0,0,0,0,0,0,0,0,0
189,561,1,8327300,8395940,0,0,0,0,0,0,1,0,0
189,562,2,8327376,8395424,0,0,0,0,0,0,0,0,0
189,563,3,8327452,8395424,0,0,0,0,0,0,0,0,0
190,564,1,8327300,8395940,0,0,0,0,0,0,1,0,0
190,565,2,8327376,8395424,0,0,0,0,0,0,0,0,0
190,566,3,8327452,8395424,0,0,0,0,0,0,0,0,0
191,567,1,8327300,8395940,0,0,0,0,0,0,1,0,0
191,568,2,8327376,8395424,0,0,0,0,0,0,0,0,0
191,569,3,8327452,8395424,0,0,0,0,0,0,0,0,0
192,570,1,8327300,8395940,0,0,0,0,0,0,1,0,0
192,571,2,8327376,8395424,0,0,0,0,0,0,0,0,0
192,572,3,8327452,8395424,0,0,0,0,0,0,0,0,0
193,573,1,8327300,8395940,0,0,0,0,0,0,1,0,0
193,574,2,8327376,8395424,0,0,0,0,0,0,0,0,0
193,575,3,8327452,8395424,0,0,0,0,0,0,0,0,0
194,576,1,8327300,8395940,0,0,0,0,0,0,1,0,0
194,577,2,8327376,8395424,0,0,0,0,0,0,0,0,0
194,578,3,8327452,8395424,0,0,0,0,0,0,0,0,0
195,579,1,8327300,8395940,0,0,0,0,0,0,1,0,0
195,580,2,8327376,8395424,0,0,0,0,0,0,0,0,0
195,581,3,8327452,8395424,0,0,0,0,0,0,0,0,0
196,582,1,8327300,8395940,0,0,0,0,0,0,1,0,0
196,583,2,8327376,8395424,0,0,0,0,0,0,0,0,0
196,584,3,8327452,8395424,0,0,0,0,0,0,0,0,0
197,585,1,8327300,8395940,0,0,0,0,0,0,1,0,0
197,586,2,8327376,8395424,0,0,0,0,0,0,0,0,0
197,587,3,8327452,8395424,0,0,0,0,0,0,0,0,0
198,588,1,8327300,8395940,0,0,0,0,0,0,1,0,0
198,589,2,8327376,8395424,0,0,0,0,0,0,0,0,0
198,590,3,8327452,8395424,0,0,0,0,0,0,0,0,0
199,591,1,8327300,8395940,0,0,0,0,0,0,1,0,0
199,592,2,8327376,8395424,0,0,0,0,0,0,0,0,0
199,593,3,8327452,8395424,0,0,0,0,0,0,0,0,0
200,594,1,8327300,8395940,0,0,0,0,0,0,1,0,0
200,595,2,8327376,8395424,0,0,0,0,0,0,0,0,0
200,596,3,8327452,8395424,0,0,0,0,0,0,0,0,0
201,597,1,8327300,8395940,0,0,0,0,0,0,1,0,0
201,598,2,8327376,8395424,0,0,0,0,0,0,0,0,0
201,599,3,8327452,8395424,0,0,0,0,0,0,0,0,0
202,600,1,8327300,8395940,0,0,0,0,0,0,1,0,0
202,601,2,8327376,8395424,0,0,0,0,0,0,0,0,0
202,602,3,8327452,8395424,0,0,0,0,0,0,0,0,0
203,603,1,8327300,8395940,0,0,0,0,0,0,1,0,0
203,604,2,8327376,8395424,0,0,0,0,0,0,0,0,0
203,605,3,8327452,8395424,0,0,0,0,0,0,0,0,0
204,606,1,8327300,8395940,0,0,0,0,0,0,1,0,0
204,607,2,8327376,8395424,0,0,0,0,0,0,0,0,0
204,608,3,8327452,8395424,0,0,0,0,0,0,0,0,0
205,609,1,8327300,8395940,0,0,0,0,0,0,1,0,0
205,610,2,8327376,8395424,0,0,0,0,0,0,0,0,0
205,611,3,8327452,8395424,0,0,0,0,0,0,0,0,0
206,612,1,8327300,8395940,0,0,0,0,0,0,1,0,0
206,613,2,8327376,8395424,0,0,0,0,0,0,0,0,0
206,614,3,8327452,8395424,0,0,0,0,0,0,0,0,0
207,615,1,8327300,8395940,0,0,0,0,0,0,1,0,0
207,616,2,8327376,8395424,0,0,0,0,0,0,0,0,0
207,617,3,8327452,8395424,0,0,0,0,0,0,0,0,0
208,618,1,8327300,8395940,0,0,0,0,0,0,1,0,0
208,619,2,8327376,8395424,0,0,0,0,0,0,0,0,0
208,620,3,8327452,8395424,0,0,0,0,0,0,0,0,0
209,621,1,8327300,8395940,0,0,0,0,0,0,1,0,0
209,622,2,8327376,8395424,0,0,0,0,0,0,0,0,0
209,623,3,8327452,8395424,0,0,0,0,0,0,0,0,0
210,624,1,8327300,8395940,0,0,0,0,0,0,1,0,0
210,625,2,8327376,8395424,0,0,0,0,0,0,0,0,0
210,626,3,8327452,8395424,0,0,0,0,0,0,0,0,0
211,627,1,8327300,8395940,0,0,0,0,0,0,1,0,0
211,628,2,8327376,8395424,0,0,0,0,0,0,0,0,0
211,629,3,8327452,8395424,0,0,0,0,0,0,0,0,0
212,630,1,8327300,8395940,0,0,0,0,0,0,1,0,0
212,631,2,8327376,8395424,0,0,0,0,0,0,0,0,0
212,632,3,8327452,8395424,0,0,0,0,0,0,0,0,0
213,633,1,8327300,8395940,0,0,0,0,0,0,1,0,0
213,634,2,8327376,8395424,0,0,0,0,0,0,0,0,0
213,635,3,8327452,8395424,0,0,0,0,0,0,0,0,0
214,636,1,8327300,8395940,0,0,0,0,0,0,1,0,0
214,637,2,8327376,8395424,0,0,0,0,0,0,0,0,0
214,638,3,8327452,8395424,0,0,0,0,0,0,0,0,0
215,639,1,8327300,8395940,0,0,0,0,0,0,1,0,0
215,640,2,8327376,8395424,0,0,0,0,0,0,0,0,0
215,641,3,8327452,8395424,0,0,0,0,0,0,0,0,0
216,642,1,8327300,8395940,0,0,0,0,0,0,1,0,0
216,643,2,8327376,8395424,0,0,0,0,0,0,0,0,0
216,644,3,8327452,8395424,0,0,0,0,0,0,0,0,0
217,645,1,8327300,8395940,0,0,0,0,0,0,1,0,0
217,646,2,8327376,8395424,0,0,0,0,0,0,0,0,0
217,647,3,8327452,8395424,0,0,0,0,0,0,0,0,0
218,648,1,8327300,8395940,0,0,0,0,0,0,1,0,0
218,649,2,8327376,8395424,0,0,0,0,0,0,0,0,0
218,650,3,8327452,8395424,0,0,0,0,0,0,0,0,0
219,651,1,8327300,8395940,0,0,0,0,0,0,1,0,0
219,652,2,8327376,8395424,0,0,0,0,0,0,0,0,0
219,653,3,8327452,8395424,0,0,0,0,0,0,0,0,0
220,654,1,8327300,8395940,0,0,0,0,0,0,1,0,0
220,655,2,8327376,8395424,0,0,0,0,0,0,0,0,0
220,656,3,8327452,8395424,0,0,0,0,0,0,0,0,0
221,657,1,8327300,8395940,0,0,0,0,0,0,1,0,0
221,658,2,8327376,8395424,0,0,0,0,0,0,0,0,0
221,659,3,8327452,8395424,0,0,0,0,0,0,0,0,0
222,660,1,8327300,8395940,0,0,0,0,0,0,1,0,0
222,661,2,8327376,8395424,0,0,0,0,0,0,0,0,0
222,662,3,8327452,8395424,0,0,0,0,0,0,0,0,0
223,663,1,8327300,8395940,0,0,0,0,0,0,1,0,0
223,664,2,8327376,8395424,0,0,0,0,0,0,0,0,0
223,665,3,8327452,8395424,0,0,0,0,0,0,0,0,0
224,666,1,8327300,8395940,0,0,0,0,0,0,1,0,0
224,667,2,8327376,8395424,0,0,0,0,0,0,0,0,0
224,668,3,8327452,8395424,0,0,0,0,0,0,0,0,0
225,669,1,8327300,8395940,0,0,0,0,0,0,1,0,0
225,670,2,8327376,8395424,0,0,0,0,0,0,0,0,0
225,671,3,8327452,8395424,0,0,0,0,0,0,0,0,0
226,672,1,8327300,8395940,0,0,0,0,0,0,1,0,0
226,673,2,8327376,8395424,0,0,0,0,0,0,0,0,0
226,674,3,8327452,8395424,0,0,0,0,0,0,0,0,0
227,675,1,8327300,8395940,0,0,0,0,0,0,1,0,0
227,676,2,8327376,8395424,0,0,0,0,0,0,0,0,0
227,677,3,8327452,8395424,0,0,0,0,0,0,0,0,0
228,678,1,8327300,8395940,0,0,0,0,0,0,1,0,0
228,679,2,8327376,8395424,0,0,0,0,0,0,0,0,0
228,680,3,8327452,8395424,0,0,0,0,0,0,0,0,0
229,681,1,8327300,8395940,0,0,0,0,0,0,1,0,0
229,682,2,8327376,8395424,0,0,0,0,0,0,0,0,0
229,683,3,8327452,8395424,0,0,0,0,0,0,0,0,0
230,684,1,8327300,8395940,0,0,0,0,0,0,1,0,0
230,685,2,8327376,8395424,0,0,0,0,0,0,0,0,0
230,686,3,8327452,8395424,0,0,0,0,0,0,0,0,0
231,687,1,8327300,8395940,0,0,0,0,0,0,1,0,0
231,688,2,8327376,8395424,0,0,0,0,0,0,0,0,0
231,689,3,8327452,8395424,0,0,0,0,0,0,0,0,0
232,690,1,8327300,8395940,0,0,0,0,0,0,1,0,0
232,691,2,8327376,8395424,0,0,0,0,0,0,0,0,0
232,692,3,8327452,8395424,0,0,0,0,0,0,0,0,0
233,693,1,8327300,8395940,0,0,0,0,0,0,1,0,0
233,694,2,8327376,8395424,0,0,0,0,0,0,0,0,0
233,695,3,8327452,8395424,0,0,0,0,0,0,0,0,0
234,696,1,8327300,8395940,0,0,0,0,0,0,1,0,0
234,697,2,8327376,8395424,0,0,0,0,0,0,0,0,0
234,698,3,8327452,8395424,0,0,0,0,0,0,0,0,0
235,699,1,8327300,8395940,0,0,0,0,0,0,1,0,0
235,700,2,8327376,8395424,0,0,0,0,0,0,0,0,0
235,701,3,8327452,8395424,0,0,0,0,0,0,0,0,0
236,702,1,8327300,8395940,0,0,0,0,0,0,1,0,0
236,703,2,8327376,8395424,0,0,0,0,0,0,0,0,0
236,704,3,8327452,8395424,0,0,0,0,0,0,0,0,0
237,705,1,8327300,8395940,0,0,0,0,0,0,1,0,0
237,706,2,8327376,8395424,0,0,0,0,0,0,0,0,0
237,707,3,8327452,8395424,0,0,0,0,0,0,0,0,0
238,708,1,8327300,8395940,0,0,0,0,0,0,1,0,0
238,709,2,8327376,8395424,0,0,0,0,0,0,0,0,0
238,710,3,8327452,8395424,0,0,0,0,0,0,0,0,0
239,711,1,8327300,8395940,0,0,0,0,0,0,1,0,0
239,712,2,8327376,8395424,0,0,0,0,0,0,0,0,0
239,713,3,8327452,8395424,0,0,0,0,0,0,0,0,0
240,714,1,8327300,8395940,0,0,0,0,0,0,1,0,0
240,715,2,8327376,8395424,0,0,0,0,0,0,0,0,0
240,716,3,8327452,8395424,0,0,0,0,0,0,0,0,0
241,717,1,8327300,8395940,0,0,0,0,0,0,1,0,0
241,718,2,8327376,8395424,0,0,0,0,0,0,0,0,0
241,719,3,8327452,8395424,0,0,0,0,0,0,0,0,0
242,720,1,8327300,8395940,0,0,0,0,0,0,1,0,0
242,721,2,8327376,8395424,0,0,0,0,0,0,0,0,0
242,722,3,8327452,8395424,0,0,0,0,0,0,0,0,0
243,723,1,8327300,8395940,0,0,0,0,0,0,1,0,0
243,724,2,8327376,8395424,0,0,0,0,0,0,0,0,0
243,725,3,8327452,8395424,0,0,0,0,0,0,0,0,0
244,726,1,8327300,8395940,0,0,0,0,0,0,1,0,0
244,727,2,8327376,8395424,0,0,0,0,0,0,0,0,0
244,728,3,8327452,8395424,0,0,0,0,0,0,0,0,0
245,729,1,8327300,8395940,0,0,0,0,0,0,1,0,0
245,730,2,8327376,8395424,0,0,0,0,0,0,0,0,0
245,731,3,8327452,8395424,0,0,0,0,0,0,0,0,0
246,732,1,8327300,8395940,0,0,0,0,0,0,1,0,0
246,733,2,8327376,8395424,0,0,0,0,0,0,0,0,0
246,734,3,8327452,8395424,0,0,0,0,0,0,0,0,0
247,735,1,8327300,8395940,0,0,0,0,0,0,1,0,0
247,736,2,8327376,8395424,0,0,0,0,0,0,0,0,0
247,737,3,8327452,8395424,0,0,0,0,0,0,0,0,0
248,738,1,8327300,8395940,0,0,0,0,0,0,1,0,0
248,739,2,8327376,8395424,0,0,0,0,0,0,0,0,0
248,740,3,8327452,8395424,0,0,0,0,0,0,0,0,0
249,741,1,8327300,8395940,0,0,0,0,0,0,1,0,0
249,742,2,8327376,8395424,0,0,0,0,0,0,0,0,0
249,743,3,8327452,8395424,0,0,0,0,0,0,0,0,0
250,744,1,8327300,8395940,0,0,0,0,0,0,1,0,0
250,745,2,8327376,8395424,0,0,0,0,0,0,0,0,0
250,746,3,8327452,8395424,0,0,0,0,0,0,0,0,0
251,747,1,8327300,8395940,0,0,0,0,0,0,1,0,0
251,748,2,8327376,8395424,0,0,0,0,0,0,0,0,0
251,749,3,8327452,8395424,0,0,0,0,0,0,0,0,0
252,750,1,8327300,8395940,0,0,0,0,0,0,1,0,0
252,751,2,8327376,8395424,0,0,0,0,0,0,0,0,0
252,752,3,8327452,8395424,0,0,0,0,0,0,0,0,0
253,753,1,8327300,8395940,0,0,0,0,0,0,1,0,0
253,754,2,8327376,8395424,0,0,0,0,0,0,0,0,0
253,755,3,8327452,8395424,0,0,0,0,0,0,0,0,0
254,756,1,8327300,8395940,0,0,0,0,0,0,1,0,0
254,757,2,8327376,8395424,0,0,0,0,0,0,0,0,0
254,758,3,8327452,8395424,0,0,0,0,0,0,0,0,0
255,759,1,8327300,8395940,0,0,0,0,0,0,1,0,0
255,760,2,8327376,8395424,0,0,0,0,0,0,0,0,0
255,761,3,8327452,8395424,0,0,0,0,0,0,0,0,0
256,762,1,8327300,8395940,0,0,0,0,0,0,1,0,0
256,763,2,8327376,8395424,0,0,0,0,0,0,0,0,0
256,764,3,8327452,8395424,0,0,0,0,0,0,0,0,0
257,765,1,8327300,8395940,0,0,0,0,0,0,1,0,0
257,766,2,8327376,8395424,0,0,0,0,0,0,0,0,0
257,767,3,8327452,8395424,0,0,0,0,0,0,0,0,0
258,768,1,8327300,8395940,0,0,0,0,0,0,1,0,0
258,769,2,8327376,8395424,0,0,0,0,0,0,0,0,0
258,770,3,8327452,8395424,0,0,0,0,0,0,0,0,0
259,771,1,8327300,8395940,0,0,0,0,0,0,1,0,0
259,772,2,8327376,8395424,0,0,0,0,0,0,0,0,0
259,773,3,8327452,8395424,0,0,0,0,0,0,0,0,0
260,774,1,8327300,8395940,0,0,0,0,0,0,1,0,0
260,775,2,8327376,8395424,0,0,0,0,0,0,0,0,0
260,776,3,8327452,8395424,0,0,0,0,0,0,0,0,0
261,777,1,8327300,8395940,0,0,0,0,0,0,1,0,0
261,778,2,8327376,8395424,0,0,0,0,0,0,0,0,0
261,779,3,8327452,8395424,0,0,0,0,0,0,0,0,0
262,780,1,8327300,8395940,0,0,0,0,0,0,1,0,0
262,781,2,8327376,8395424,0,0,0,0,0,0,0,0,0
262,782,3,8327452,8395424,0,0,0,0,0,0,0,0,0
263,783,1,8327300,8395940,0,0,0,0,0,0,1,0,0
263,784,2,8327376,8395424,0,0,0,0,0,0,0,0,0
263,785,3,8327452,8395424,0,0,0,0,0,0,0,0,0
264,786,1,8327300,8395940,0,0,0,0,0,0,1,0,0
264,787,2,8327376,8395424,0,0,0,0,0,0,0,0,0
264,788,3,8327452,8395424,0,0,0,0,0,0,0,0,0
265,789,1,8327300,8395940,0,0,0,0,0,0,1,0,0
265,790,2,8327376,8395424,0,0,0,0,0,0,0,0,0
265,791,3,8327452,8395424,0,0,0,0,0,0,0,0,0
266,792,1,8327300,8395940,0,0,0,0,0,0,1,0,0
266,793,2,8327376,8395424,0,0,0,0,0,0,0,0,0
266,794,3,8327452,8395424,0,0,0,0,0,0,0,0,0
267,795,1,8327300,8395940,0,0,0,0,0,0,1,0,0
267,796,2,8327376,8395424,0,0,0,0,0,0,0,0,0
267,797,3,8327452,8395424,0,0,0,0,0,0,0,0,0
268,798,1,8327300,8395940,0,0,0,0,0,0,1,0,0
268,799,2,8327376,8395424,0,0,0,0,0,0,0,0,0
268,800,3,8327452,8395424,0,0,0,0,0,0,0,0,0
269,801,1,8327300,8395940,0,0,0,0,0,0,1,0,0
269,802,2,8327376,8395424,0,0,0,0,0,0,0,0,0
269,803,3,8327452,8395424,0,0,0,0,0,0,0,0,0
270,804,1,8327300,8395940,0,0,0,0,0,0,1,0,0
270,805,2,8327376,8395424,0,0,0,0,0,0,0,0,0
270,806,3,8327452,8395424,0,0,0,0,0,0,0,0,0
271,807,1,8327300,8395940,0,0,0,0,0,0,1,0,0
271,808,2,8327376,8395424,0,0,0,0,0,0,0,0,0
271,809,3,8327452,8395424,0,0,0,0,0,0,0,0,0
272,810,1,8327300,8395940,0,0,0,0,0,0,1,0,0
272,811,2,8327376,8395424,0,0,0,0,0,0,0,0,0
272,812,3,8327452,8395424,0,0,0,0,0,0,0,0,0
273,813,1,8327300,8395940,0,0,0,0,0,0,1,0,0
273,814,2,8327376,8395424,0,0,0,0,0,0,0,0,0
273,815,3,8327452,8395424,0,0,0,0,0,0,0,0,0
274,816,1,8327300,8395940,0,0,0,0,0,0,1,0,0
274,817,2,8327376,8395424,0,0,0,0,0,0,0,0,0
274,818,3,8327452,8395424,0,0,0,0,0,0,0,0,0
275,819,1,8327300,8395940,0,0,0,0,0,0,1,0,0
275,820,2,8327376,8395424,0,0,0,0,0,0,0,0,0
275,821,3,8327452,8395424,0,0,0,0,0,0,0,0,0
276,822,1,8327300,8395940,0,0,0,0,0,0,1,0,0
276,823,2,8327376,8395424,0,0,0,0,0,0,0,0,0
276,824,3,8327452,8395424,0,0,0,0,0,0,0,0,0
277,825,1,8327300,8395940,0,0,0,0,0,0,1,0,0
277,826,2,8327376,8395424,0,0,0,0,0,0,0,0,0
277,827,3,8327452,8395424,0,0,0,0,0,0,0,0,0
278,828,1,8327300,8395940,0,0,0,0,0,0,1,0,0
278,829,2,8327376,8395424,0,0,0,0,0,0,0,0,0
278,830,3,8327452,8395424,0,0,0,0,0,0,0,0,0
279,831,1,8327300,8395940,0,0,0,0,0,0,1,0,0
279,832,2,8327376,8395424,0,0,0,0,0,0,0,0,0
279,833,3,8327452,8395424,0,0,0,0,0,0,0,0,0
280,834,1,8327300,8395940,0,0,0,0,0,0,1,0,0
280,835,2,8327376,8395424,0,0,0,0,0,0,0,0,0
280,836,3,8327452,8395424,0,0,0,0,0,0,0,0,0
281,837,1,8327300,8395940,0,0,0,0,0,0,1,0,0
281,838,2,8327376,8395424,0,0,0,0,0,0,0,0,0
281,839,3,8327452,8395424,0,0,0,0,0,0,0,0,0
282,840,1,8327300,8395940,0,0,0,0,0,0,1,0,0
282,841,2,8327376,8395424,0,0,0,0,0,0,0,0,0
282,842,3,8327452,8395424,0,0,0,0,0,0,0,0,0
283,843,1,8327300,8395940,0,0,0,0,0,0,1,0,0
283,844,2,8327376,8395424,0,0,0,0,0,0,0,0,0
283,845,3,8327452,8395424,0,0,0,0,0,0,0,0,0
284,846,1,8327300,8395940,0,0,0,0,0,0,1,0,0
284,847,2,8327376,8395424,0,0,0,0,0,0,0,0,0
284,848,3,8327452,8395424,0,0,0,0,0,0,0,0,0
285,849,1,8327300,8395940,0,0,0,0,0,0,1,0,0
285,850,2,8327376,8395424,0,0,0,0,0,0,0,0,0
285,851,3,8327452,8395424,0,0,0,0,0,0,0,0,0
286,852,1,8327300,8395940,0,0,0,0,0,0,1,0,0
286,853,2,8327376,8395424,0,0,0,0,0,0,0,0,0
286,854,3,8327452,8395424,0,0,0,0,0,0,0,0,0
287,855,1,8327300,8395940,0,0,0,0,0,0,1,0,0
287,856,2,8327376,8395424,0,0,0,0,0,0,0,0,0
287,857,3,8327452,8395424,0,0,0,0,0,0,0,0,0
288,858,1,8327300,8395940,0,0,0,0,0,0,1,0,0
288,859,2,8327376,8395424,0,0,0,0,0,0,0,0,0
288,860,3,8327452,8395424,0,0,0,0,0,0,0,0,0
289,861,1,8327300,8395940,0,0,0,0,0,0,1,0,0
289,862,2,8327376,8395424,0,0,0,0,0,0,0,0,0
289,863,3,8327452,8395424,0,0,0,0,0,0,0,0,0
290,864,1,8327300,8395940,0,0,0,0,0,0,1,0,0
290,865,2,8327376,8395424,0,0,0,0,0,0,0,0,0
290,866,3,8327452,8395424,0,0,0,0,0,0,0,0,0
291,867,1,8327300,8395940,0,0,0,0,0,0,1,0,0
291,868,2,8327376,8395424,0,0,0,0,0,0,0,0,0
291,869,3,8327452,8395424,0,0,0,0,0,0,0,0,0
292,870,1,8327300,8395940,0,0,0,0,0,0,1,0,0
292,871,2,8327376,8395424,0,0,0,0,0,0,0,0,0
292,872,3,8327452,8395424,0,0,0,0,0,0,0,0,0
293,873,1,8327300,8395940,0,0,0,0,0,0,1,0,0
293,874,2,8327376,8395424,0,0,0,0,0,0,0,0,0
293,875,3,8327452,8395424,0,0,0,0,0,0,0,0,0
294,876,1,8327300,8395940,0,0,0,0,0,0,1,0,0
294,877,2,8327376,8395424,0,0,0,0,0,0,0,0,0
294,878,3,8327452,8395424,0,0,0,0,0,0,0,0,0
295,879,1,8327300,8395940,0,0,0,0,0,0,1,0,0
295,880,2,8327376,8395424,0,0,0,0,0,0,0,0,0
295,881,3,8327452,8395424,0,0,0,0,0,0,0,0,0
296,882,1,8327300,8395940,0,0,0,0,0,0,1,0,0
296,883,2,8327376,8395424,0,0,0,0,0,0,0,0,0
296,884,3,8327452,8395424,0,0,0,0,0,0,0,0,0
297,885,1,8327300,8395940,0,0,0,0,0,0,1,0,0
297,886,2,8327376,8395424,0,0,0,0,0,0,0,0,0
297,887,3,8327452,8395424,0,0,0,0,0,0,0,0,0
298,888,1,8327300,8395940,0,0,0,0,0,0,1,0,0
298,889,2,8327376,8395424,0,0,0,0,0,0,0,0,0
298,890,3,8327452,8395424,0,0,0,0,0,0,0,0,0
299,891,1,8327300,8395940,0,0,0,0,0,0,1,0,0
299,892,2,8327376,8395424,0,0,0,0,0,0,0,0,0
299,893,3,8327452,8395424,0,0,0,0,0,0,0,0,0
300,894,1,8327300,8395940,0,0,0,0,0,0,1,0,0
300,895,2,8327376,8395424,0,0,0,0,0,0,0,0,0
300,896,3,8327452,8395424,0,0,0,0,0,0,0,0,0
301,897,1,8327300,8395940,0,0,0,0,0,0,1,0,0
301,898,2,8327376,8395424,0,0,0,0,0,0,0,0,0
301,899,3,8327452,8395424,0,0,0,0,0,0,0,0,0
302,900,1,8327300,8395940,0,0,0,0,0,0,1,0,0
302,901,2,8327376,8395424,0,0,0,0,0,0,0,0,0
302,902,3,8327452,8395424,0,0,0,0,0,0,0,0,0
303,903,1,8327300,8395940,0,0,0,0,0,0,1,0,0
303,904,2,8327376,8395424,0,0,0,0,0,0,0,0,0
303,905,3,8327452,8395424,0,0,0,0,0,0,0,0,0
304,906,1,8327300,8395940,0,0,0,0,0,0,1,0,0
304,907,2,8327376,8395424,0,0,0,0,0,0,0,0,0
304,908,3,8327452,8395424,0,0,0,0,0,0,0,0,0
305,909,1,8327300,8395940,0,0,0,0,0,0,1,0,0
305,910,2,8327376,8395424,0,0,0,0,0,0,0,0,0
305,911,3,8327452,8395424,0,0,0,0,0,0,0,0,0
306,912,1,8327300,8395940,0,0,0,0,0,0,1,0,0
306,913,2,8327376,8395424,0,0,0,0,0,0,0,0,0
306,914,3,8327452,8395424,0,0,0,0,0,0,0,0,0
307,915,1,8327300,8395940,0,0,0,0,0,0,1,0,0
307,916,2,8327376,8395424,0,0,0,0,0,0,0,0,0
307,917,3,8327452,8395424,0,0,0,0,0,0,0,0,0
308,918,1,8327300,8395940,0,0,0,0,0,0,1,0,0
308,919,2,8327376,8395424,0,0,0,0,0,0,0,0,0
308,920,3,8327452,8395424,0,0,0,0,0,0,0,0,0
309,921,1,8327300,8395940,0,0,0,0,0,0,1,0,0
309,922,2,8327376,8395424,0,0,0,0,0,0,0,0,0
309,923,3,8327452,8395424,0,0,0,0,0,0,0,0,0
310,924,1,8327300,8395940,0,0,0,0,0,0,1,0,0
310,925,2,8327376,8395424,0,0,0,0,0,0,0,0,0
310,926,3,8327452,8395424,0,0,0,0,0,0,0,0,0
311,927,1,8327300,8395940,0,0,0,0,0,0,1,0,0
311,928,2,8327376,8395424,0,0,0,0,0,0,0,0,0
311,929,3,8327452,8395424,0,0,0,0,0,0,0,0,0
312,930,1,8327300,8395940,0,0,0,0,0,0,1,0,0
312,931,2,8327376,8395424,0,0,0,0,0,0,0,0,0
312,932,3,8327452,8395424,0,0,0,0,0,0,0,0,0
313,933,1,8327300,8395940,0,0,0,0,0,0,1,0,0
313,934,2,8327376,8395424,0,0,0,0,0,0,0,0,0
313,935,3,8327452,8395424,0,0,0,0,0,0,0,0,0
314,936,1,8327300,8395940,0,0,0,0,0,0,1,0,0
314,937,2,8327376,8395424,0,0,0,0,0,0,0,0,0
314,938,3,8327452,8395424,0,0,0,0,0,0,0,0,0
315,939,1,8327300,8395940,0,0,0,0,0,0,1,0,0
315,940,2,8327376,8395424,0,0,0,0,0,0,0,0,0
315,941,3,8327452,8395424,0,0,0,0,0,0,0,0,0
316,942,1,8327300,8395940,0,0,0,0,0,0,1,0,0
316,943,2,8327376,8395424,0,0,0,0,0,0,0,0,0
316,944,3,8327452,8395424,0,0,0,0,0,0,0,0,0
317,945,1,8327300,8395940,0,0,0,0,0,0,1,0,0
317,946,2,8327376,8395424,0,0,0,0,0,0,0,0,0
317,947,3,8327452,8395424,0,0,0,0,0,0,0,0,0
318,948,1,8327300,8395940,0,0,0,0,0,0,1,0,0
318,949,2,8327376,8395424,0,0,0,0,0,0,0,0,0
318,950,3,8327452,8395424,0,0,0,0,0,0,0,0,0
319,951,1,8327300,8395940,0,0,0,0,0,0,1,0,0
319,952,2,8327376,8395424,0,0,0,0,0,0,0,0,0
319,953,3,8327452,8395424,0,0,0,0,0,0,0,0,0
320,954,1,8327300,8395940,0,0,0,0,0,0,1,0,0
320,955,2,8327376,8395424,0,0,0,0,0,0,0,0,0
320,956,3,8327452,8395424,0,0,0,0,0,0,0,0,0
321,957,1,8327300,8395940,0,0,0,0,0,0,1,0,0
321,958,2,8327376,8395424,0,0,0,0,0,0,0,0,0
321,959,3,8327452,8395424,0,0,0,0,0,0,0,0,0
322,960,1,8327300,8395940,0,0,0,0,0,0,1,0,0
322,961,2,8327376,8395424,0,0,0,0,0,0,0,0,0
322,962,3,8327452,8395424,0,0,0,0,0,0,0,0,0
323,963,1,8327300,8395940,0,0,0,0,0,0,1,0,0
323,964,2,8327376,8395424,0,0,0,0,0,0,0,0,0
323,965,3,8327452,8395424,0,0,0,0,0,0,0,0,0
324,966,1,8327300,8395940,0,0,0,0,0,0,1,0,0
324,967,2,8327376,8395424,0,0,0,0,0,0,0,0,0
324,968,3,8327452,8395424,0,0,0,0,0,0,0,0,0
325,969,1,8327300,8395940,0,0,0,0,0,0,1,0,0
325,970,2,8327376,8395424,0,0,0,0,0,0,0,0,0
325,971,3,8327452,8395424,0,0,0,0,0,0,0,0,0
326,972,1,8327300,8395940,0,0,0,0,0,0,1,0,0
326,973,2,8327376,8395424,0,0,0,0,0,0,0,0,0
326,974,3,8327452,8395424,0,0,0,0,0,0,0,0,0
327,975,1,8327300,8395940,0,0,0,0,0,0,1,0,0
327,976,2,8327376,8395424,0,0,0,0,0,0,0,0,0
327,977,3,8327452,8395424,0,0,0,0,0,0,0,0,0
328,978,1,8327300,8395940,0,0,0,0,0,0,1,0,0
328,979,2,8327376,8395424,0,0,0,0,0,0,0,0,0
328,980,3,8327452,8395424,0,0,0,0,0,0,0,0,0
329,981,1,8327300,8395940,0,0,0,0,0,0,1,0,0
329,982,2,8327376,8395424,0,0,0,0,0,0,0,0,0
329,983,3,8327452,8395424,0,0,0,0,0,0,0,0,0
330,984,1,8327300,8395940,0,0,0,0,0,0,1,0,0
330,985,2,8327376,8395424,0,0,0,0,0,0,0,0,0
330,986,3,8327452,8395424,0,0,0,0,0,0,0,0,0
331,987,1,8327300,8395940,0,0,0,0,0,0,1,0,0
331,988,2,8327376,8395424,0,0,0,0,0,0,0,0,0
331,989,3,8327452,8395424,0,0,0,0,0,0,0,0,0
332,990,1,8327300,8395940,0,0,0,0,0,0,1,0,0
332,991,2,8327376,8395424,0,0,0,0,0,0,0,0,0
332,992,3,8327452,8395424,0,0,0,0,0,0,0,0,0
333,993,1,8327300,8395940,0,0,0,0,0,0,1,0,0
333,994,2,8327376,8395424,0,0,0,0,0,0,0,0,0
333,995,3,8327452,8395424,0,0,0,0,0,0,0,0,0
334,996,1,8327300,8395940,0,0,0,0,0,0,1,0,0
334,997,2,8327376,8395424,0,0,0,0,0,0,0,0,0
334,998,3,8327452,8395424,0,0,0,0,0,0,0,0,0
335,999,1,8327300,8395940,0,0,0,0,0,0,1,0,0
335,1000,2,8327376,8395424,0,0,0,0,0,0,0,0,0
335,1001,3,8327452,8395424,0,0,0,0,0,0,0,0,0
336,1002,1,8327300,8395940,0,0,0,0,0,0,1,0,0
336,1003,2,8327376,8395424,0,0,0,0,0,0,0,0,0
336,1004,3,8327452,8395424,0,0,0,0,0,0,0,0,0
337,1005,1,8327300,8395940,0,0,0,0,0,0,1,0,0
337,1006,2,8327376,8395424,0,0,0,0,0,0,0,0,0
337,1007,3,8327452,8395424,0,0,0,0,0,0,0,0,0
338,1008,1,8327300,8395940,0,0,0,0,0,0,1,0,0
338,1009,2,8327376,8395424,0,0,0,0,0,0,0,0,0
338,1010,3,8327452,8395424,0,0,0,0,0,0,0,0,0
339,1011,1,8327300,8395940,0,0,0,0,0,0,1,0,0
339,1012,2,8327376,8395424,0,0,0,0,0,0,0,0,0
339,1013,3,8327452,8395424,0,0,0,0,0,0,0,0,0
340,1014,1,8327300,8395940,0,0,0,0,0,0,1,0,0
340,1015,2,8327376,8395424,0,0,0,0,0,0,0,0,0
340,1016,3,8327452,8395424,0,0,0,0,0,0,0,0,0
341,1017,1,8327300,8395940,0,0,0,0,0,0,1,0,0
341,1018,2,8327376,8395424,0,0,0,0,0,0,0,0,0
341,1019,3,8327452,8395424,0,0,0,0,0,0,0,0,0
342,1020,1,8327300,8395940,0,0,0,0,0,0,1,0,0
342,1021,2,8327376,8395424,0,0,0,0,0,0,0,0,0
342,1022,3,8327452,8395424,0,0,0,0,0,0,0,0,0
343,1023,1,8327300,8395940,0,0,0,0,0,0,1,0,0
343,1024,2,8327376,8395424,0,0,0,0,0,0,0,0,0
343,1025,3,8327452,8395424,0,0,0,0,0,0,0,0,0
344,1026,1,8327300,8395940,0,0,0,0,0,0,1,0,0
344,1027,2,8327376,8395424,0,0,0,0,0,0,0,0,0
344,1028,3,8327452,8395424,0,0,0,0,0,0,0,0,0
345,1029,1,8327300,8395940,0,0,0,0,0,0,1,0,0
345,1030,2,8327376,8395424,0,0,0,0,0,0,0,0,0
345,1031,3,8327452,8395424,0,0,0,0,0,0,0,0,0
346,1032,1,8327300,8395940,0,0,0,0,0,0,1,0,0
346,1033,2,8327376,8395424,0,0,0,0,0,0,0,0,0
346,1034,3,8327452,8395424,0,0,0,0,0,0,0,0,0
347,1035,1,8327300,8395940,0,0,0,0,0,0,1,0,0
347,1036,2,8327376,8395424,0,0,0,0,0,0,0,0,0
347,1037,3,8327452,8395424,0,0,0,0,0,0,0,0,0
348,1038,1,8327300,8395940,0,0,0,0,0,0,1,0,0
348,1039,2,8327376,8395424,0,0,0,0,0,0,0,0,0
348,1040,3,8327452,8395424,0,0,0,0,0,0,0,0,0
349,1041,1,8327300,8395940,0,0,0,0,0,0,1,0,0
349,1042,2,8327376,8395424,0,0,0,0,0,0,0,0,0
349,1043,3,8327452,8395424,0,0,0,0,0,0,0,0,0
350,1044,1,8327300,8395940,0,0,0,0,0,0,1,0,0
350,1045,2,8327376,8395424,0,0,0,0,0,0,0,0,0
350,1046,3,8327452,8395424,0,0,0,0,0,0,0,0,0
351,1047,1,8327300,8395940,0,0,0,0,0,0,1,0,0
351,1048,2,8327376,8395424,0,0,0,0,0,0,0,0,0
351,1049,3,8327452,8395424,0,0,0,0,0,0,0,0,0
352,1050,1,8327300,8395940,0,0,0,0,0,0,1,0,0
352,1051,2,8327376,8395424,0,0,0,0,0,0,0,0,0
352,1052,3,8327452,8395424,0,0,0,0,0,0,0,0,0
353,1053,1,8327300,8395940,0,0,0,0,0,0,1,0,0
353,1054,2,8327376,8395424,0,0,0,0,0,0,0,0,0
353,1055,3,8327452,8395424,0,0,0,0,0,0,0,0,0
354,1056,1,8327300,8395940,0,0,0,0,0,0,1,0,0
354,1057,2,8327376,8395424,0,0,0,0,0,0,0,0,0
354,1058,3,8327452,8395424,0,0,0,0,0,0,0,0,0
355,1059,1,8327300,8395940,0,0,0,0,0,0,1,0,0
355,1060,2,8327376,8395424,0,0,0,0,0,0,0,0,0
355,1061,3,8327452,8395424,0,0,0,0,0,0,0,0,0
356,1062,1,8327300,8395940,0,0,0,0,0,0,1,0,0
356,1063,2,8327376,8395424,0,0,0,0,0,0,0,0,0
356,1064,3,8327452,8395424,0,0,0,0,0,0,0,0,0
357,1065,1,8327300,8395940,0,0,0,0,0,0,1,0,0
357,1066,2,8327376,8395424,0,0,0,0,0,0,0,0,0
357,1067,3,8327452,8395424,0,0,0,0,0,0,0,0,0
358,1068,1,8327300,8395940,0,0,0,0,0,0,1,0,0
358,1069,2,8327376,8395424,0,0,0,0,0,0,0,0,0
358,1070,3,8327452,8395424,0,0,0,0,0,0,0,0,0
359,1071,1,8327300,8395940,0,0,0,0,0,0,1,0,0
359,1072,2,8327376,8395424,0,0,0,0,0,0,0,0,0
359,1073,3,8327452,8395424,0,0,0,0,0,0,0,0,0
360,1074,1,8327300,8395940,0,0,0,0,0,0,1,0,0
360,1075,2,8327376,8395424,0,0,0,0,0,0,0,0,0
360,1076,3,8327452,8395424,0,0,0,0,0,0,0,0,0
361,1077,1,8327300,8395940,0,0,0,0,0,0,1,0,0
361,1078,2,8327376,8395424,0,0,0,0,0,0,0,0,0
361,1079,3,8327452,8395424,0,0,0,0,0,0,0,0,0
362,1080,1,8327300,8395940,0,0,0,0,0,0,1,0,0
362,1081,2,8327376,8395424,0,0,0,0,0,0,0,0,0
362,1082,3,8327452,8395424,0,0,0,0,0,0,0,0,0
363,1083,1,8327300,8395940,0,0,0,0,0,0,1,0,0
363,1084,2,8327376,8395424,0,0,0,0,0,0,0,0,0
363,1085,3,8327452,8395424,0,0,0,0,0,0,0,0,0
364,1086,1,8327300,8395940,0,0,0,0,0,0,1,0,0
364,1087,2,8327376,8395424,0,0,0,0,0,0,0,0,0
364,1088,3,8327452,8395424,0,0,0,0,0,0,0,0,0
365,1089,1,8327300,8395940,0,0,0,0,0,0,1,0,0
365,1090,2,8327376,8395424,0,0,0,0,0,0,0,0,0
365,1091,3,8327452,8395424,0,0,0,0,0,0,0,0,0
366,1092,1,8327300,8395940,0,0,0,0,0,0,1,0,0
366,1093,2,8327376,8395424,0,0,0,0,0,0,0,0,0
366,1094,3,8327452,8395424,0,0,0,0,0,0,0,0,0
367,1095,1,8327300,8395940,0,0,0,0,0,0,1,0,0
367,1096,2,8327376,8395424,0,0,0,0,0,0,0,0,0
367,1097,3,8327452,8395424,0,0,0,0,0,0,0,0,0
368,1098,1,8327300,8395940,0,0,0,0,0,0,1,0,0
368,1099,2,8327376,8395424,0,0,0,0,0,0,0,0,0
368,1100,3,8327452,8395424,0,0,0,0,0,0,0,0,0
369,1101,1,8327300,8395940,0,0,0,0,0,0,1,0,0
369,1102,2,8327376,8395424,0,0,0,0,0,0,0,0,0
369,1103,3,8327452,8395424,0,0,0,0,0,0,0,0,0
370,1104,1,8327300,8395940,0,0,0,0,0,0,1,0,0
370,1105,2,8327376,8395424,0,0,0,0,0,0,0,0,0
370,1106,3,8327452,8395424,0,0,0,0,0,0,0,0,0
371,1107,1,8327300,8395940,0,0,0,0,0,0,1,0,0
371,1108,2,8327376,8395424,0,0,0,0,0,0,0,0,0
371,1109,3,8327452,8395424,0,0,0,0,0,0,0,0,0
372,1110,1,8327300,8395940,0,0,0,0,0,0,1,0,0
372,1111,2,8327376,8395424,0,0,0,0,0,0,0,0,0
372,1112,3,8327452,8395424,0,0,0,0,0,0,0,0,0
373,1113,1,8327300,8395940,0,0,0,0,0,0,1,0,0
373,1114,2,8327376,8395424,0,0,0,0,0,0,0,0,0
373,1115,3,8327452,8395424,0,0,0,0,0,0,0,0,0
374,1116,1,8327300,8395940,0,0,0,0,0,0,1,0,0
374,1117,2,8327376,8395424,0,0,0,0,0,0,0,0,0
374,1118,3,8327452,8395424,0,0,0,0,0,0,0,0,0
375,1119,1,8327300,8395940,0,0,0,0,0,0,1,0,0
375,1120,2,8327376,8395424,0,0,0,0,0,0,0,0,0
375,1121,3,8327452,8395424,0,0,0,0,0,0,0,0,0
376,1122,1,8327300,8395940,0,0,0,0,0,0,1,0,0
376,1123,2,8327376,8395424,0,0,0,0,0,0,0,0,0
376,1124,3,8327452,8395424,0,0,0,0,0,0,0,0,0
377,1125,1,8327300,8395940,0,0,0,0,0,0,1,0,0
377,1126,2,8327376,8395424,0,0,0,0,0,0,0,0,0
377,1127,3,8327452,8395424,0,0,0,0,0,0,0,0,0
378,1128,1,8327300,8395940,0,0,0,0,0,0,1,0,0
378,1129,2,8327376,8395424,0,0,0,0,0,0,0,0,0
378,1130,3,8327452,8395424,0,0,0,0,0,0,0,0,0
379,1131,1,8327300,8395940,0,0,0,0,0,0,1,0,0
379,1132,2,8327376,8395424,0,0,0,0,0,0,0,0,0
379,1133,3,8327452,8395424,0,0,0,0,0,0,0,0,0
380,1134,1,8327300,8395940,0,0,0,0,0,0,1,0,0
380,1135,2,8327376,8395424,0,0,0,0,0,0,0,0,0
380,1136,3,8327452,8395424,0,0,0,0,0,0,0,0,0
381,1137,1,8327300,8395940,0,0,0,0,0,0,1,0,0
381,1138,2,8327376,8395424,0,0,0,0,0,0,0,0,0
381,1139,3,8327452,8395424,0,0,0,0,0,0,0,0,0
382,1140,1,8327300,8395940,0,0,0,0,0,0,1,0,0
382,1141,2,8327376,8395424,0,0,0,0,0,0,0,0,0
382,1142,3,8327452,8395424,0,0,0,0,0,0,0,0,0
383,1143,1,8327300,8395940,0,0,0,0,0,0,1,0,0
383,1144,2,8327376,8395424,0,0,0,0,0,0,0,0,0
383,1145,3,8327452,8395424,0,0,0,0,0,0,0,0,0
384,1146,1,8327300,8395940,0,0,0,0,0,0,1,0,0
384,1147,2,8327376,8395424,0,0,0,0,0,0,0,0,0
384,1148,3,8327452,8395424,0,0,0,0,0,0,0,0,0
385,1149,1,8327300,8395940,0,0,0,0,0,0,1,0,0
385,1150,2,8327376,8395424,0,0,0,0,0,0,0,0,0
385,1151,3,8327452,8395424,0,0,0,0,0,0,0,0,0
386,1152,1,8327300,8395940,0,0,0,0,0,0,1,0,0
386,1153,2,8327376,8395424,0,0,0,0,0,0,0,0,0
386,1154,3,8327452,8395424,0,0,0,0,0,0,0,0,0
387,1155,1,8327300,8395940,0,0,0,0,0,0,1,0,0
387,1156,2,8327376,8395424,0,0,0,0,0,0,0,0,0
387,1157,3,8327452,8395424,0,0,0,0,0,0,0,0,0
388,1158,1,8327300,8395940,0,0,0,0,0,0,1,0,0
388,1159,2,8327376,8395424,0,0,0,0,0,0,0,0,0
388,1160,3,8327452,8395424,0,0,0,0,0,0,0,0,0
389,1161,1,8327300,8395940,0,0,0,0,0,0,1,0,0
389,1162,2,8327376,8395424,0,0,0,0,0,0,0,0,0
389,1163,3,8327452,8395424,0,0,0,0,0,0,0,0,0
390,1164,1,8327300,8395940,0,0,0,0,0,0,1,0,0
390,1165,2,8327376,8395424,0,0,0,0,0,0,0,0,0
390,1166,3,8327452,8395424,0,0,0,0,0,0,0,0,0
391,1167,1,8327300,8395940,0,0,0,0,0,0,1,0,0
391,1168,2,8327376,8395424,0,0,0,0,0,0,0,0,0
391,1169,3,8327452,8395424,0,0,0,0,0,0,0,0,0
392,1170,1,8327300,8395940,0,0,0,0,0,0,1,0,0
392,1171,2,8327376,8395424,0,0,0,0,0,0,0,0,0
392,1172,3,8327452,8395424,0,0,0,0,0,0,0,0,0
393,1173,1,8327300,8395940,0,0,0,0,0,0,1,0,0
393,1174,2,8327376,8395424,0,0,0,0,0,0,0,0,0
393,1175,3,8327452,8395424,0,0,0,0,0,0,0,0,0
394,1176,1,8327300,8395940,0,0,0,0,0,0,1,0,0
394,1177,2,8327376,8395424,0,0,0,0,0,0,0,0,0
394,1178,3,8327452,8395424,0,0,0,0,0,0,0,0,0
395,1179,1,8327300,8395940,0,0,0,0,0,0,1,0,0
395,1180,2,8327376,8395424,0,0,0,0,0,0,0,0,0
395,1181,3,8327452,8395424,0,0,0,0,0,0,0,0,0
396,1182,1,8327300,8395940,0,0,0,0,0,0,1,0,0
396,1183,2,8327376,8395424,0,0,0,0,0,0,0,0,0
396,1184,3,8327452,8395424,0,0,0,0,0,0,0,0,0
397,1185,1,8327300,8395940,0,0,0,0,0,0,1,0,0
397,1186,2,8327376,8395424,0,0,0,0,0,0,0,0,0
397,1187,3,8327452,8395424,0,0,0,0,0,0,0,0,0
398,1188,1,8327300,8395940,0,0,0,0,0,0,1,0,0
398,1189,2,8327376,8395424,0,0,0,0,0,0,0,0,0
398,1190,3,8327452,8395424,0,0,0,0,0,0,0,0,0
399,1191,1,8327300,8395940,0,0,0,0,0,0,1,0,0
399,1192,2,8327376,8395424,0,0,0,0,0,0,0,0,0
399,1193,3,8327452,8395424,0,0,0,0,0,0,0,0,0
400,1194,1,8327300,8395940,0,0,0,0,0,0,1,0,0
400,1195,2,8327376,8395424,0,0,0,0,0,0,0,0,0
400,1196,3,8327452,8395424,0,0,0,0,0,0,0,0,0
401,1197,1,8327300,8395940,0,0,0,0,0,0,1,0,0
401,1198,2,8327376,8395424,0,0,0,0,0,0,0,0,0
401,1199,3,8327452,8395424,0,0,0,0,0,0,0,0,0
402,1200,1,8327300,8395940,0,0,0,0,0,0,1,0,0
402,1201,2,8327376,8395424,0,0,0,0,0,0,0,0,0
402,1202,3,8327452,8395424,0,0,0,0,0,0,0,0,0
403,1203,1,8327300,8395940,0,0,0,0,0,0,1,0,0
403,1204,2,8327376,8395424,0,0,0,0,0,0,0,0,0
403,1205,3,8327452,8395424,0,0,0,0,0,0,0,0,0
404,1206,1,8327300,8395940,0,0,0,0,0,0,1,0,0
404,1207,2,8327376,8395424,0,0,0,0,0,0,0,0,0
404,1208,3,8327452,8395424,0,0,0,0,0,0,0,0,0
405,1209,1,8327300,8395940,0,0,0,0,0,0,1,0,0
405,1210,2,8327376,8395424,0,0,0,0,0,0,0,0,0
405,1211,3,8327452,8395424,0,0,0,0,0,0,0,0,0
406,1212,1,8327300,8395940,0,0,0,0,0,0,1,0,0
406,1213,2,8327376,8395424,0,0,0,0,0,0,0,0,0
406,1214,3,8327452,8395424,0,0,0,0,0,0,0,0,0
407,1215,1,8327300,8395940,0,0,0,0,0,0,1,0,0
407,1216,2,8327376,8395424,0,0,0,0,0,0,0,0,0
407,1217,3,8327452,8395424,0,0,0,0,0,0,0,0,0
408,1218,1,8327300,8395940,0,0,0,0,0,0,1,0,0
408,1219,2,8327376,8395424,0,0,0,0,0,0,0,0,0
408,1220,3,8327452,8395424,0,0,0,0,0,0,0,0,0
409,1221,1,8327300,8395940,0,0,0,0,0,0,1,0,0
409,1222,2,8327376,8395424,0,0,0,0,0,0,0,0,0
409,1223,3,8327452,8395424,0,0,0,0,0,0,0,0,0
410,1224,1,8327300,8395940,0,0,0,0,0,0,1,0,0
410,1225,2,8327376,8395424,0,0,0,0,0,0,0,0,0
410,1226,3,8327452,8395424,0,0,0,0,0,0,0,0,0
411,1227,1,8327300,8395940,0,0,0,0,0,0,1,0,0
411,1228,2,8327376,8395424,0,0,0,0,0,0,0,0,0
411,1229,3,8327452,8395424,0,0,0,0,0,0,0,0,0
412,1230,1,8327300,8395940,0,0,0,0,0,0,1,0,0
412,1231,2,8327376,8395424,0,0,0,0,0,0,0,0,0
412,1232,3,8327452,8395424,0,0,0,0,0,0,0,0,0
413,1233,1,8327300,8395940,0,0,0,0,0,0,1,0,0
413,1234,2,8327376,8395424,0,0,0,0,0,0,0,0,0
413,1235,3,8327452,8395424,0,0,0,0,0,0,0,0,0
414,1236,1,8327300,8395940,0,0,0,0,0,0,1,0,0
414,1237,2,8327376,8395424,0,0,0,0,0,0,0,0,0
414,1238,3,8327452,8395424,0,0,0,0,0,0,0,0,0
415,1239,1,8327300,8395940,0,0,0,0,0,0,1,0,0
415,1240,2,8327376,8395424,0,0,0,0,0,0,0,0,0
415,1241,3,8327452,8395424,0,0,0,0,0,0,0,0,0
416,1242,1,8327300,8395940,0,0,0,0,0,0,1,0,0
416,1243,2,8327376,8395424,0,0,0,0,0,0,0,0,0
416,1244,3,8327452,8395424,0,0,0,0,0,0,0,0,0
417,1245,1,8327300,8395940,0,0,0,0,0,0,1,0,0
417,1246,2,8327376,8395424,0,0,0,0,0,0,0,0,0
417,1247,3,8327452,8395424,0,0,0,0,0,0,0,0,0
418,1248,1,8327300,8395940,0,0,0,0,0,0,1,0,0
418,1249,2,8327376,8395424,0,0,0,0,0,0,0,0,0
418,1250,3,8327452,8395424,0,0,0,0,0,0,0,0,0
419,1251,1,8327300,8395940,0,0,0,0,0,0,1,0,0
419,1252,2,8327376,8395424,0,0,0,0,0,0,0,0,0
419,1253,3,8327452,8395424,0,0,0,0,0,0,0,0,0
420,1254,1,8327300,8395940,0,0,0,0,0,0,1,0,0
420,1255,2,8327376,8395424,0,0,0,0,0,0,0,0,0
420,1256,3,8327452,8395424,0,0,0,0,0,0,0,0,0
421,1257,1,8327300,8395940,0,0,0,0,0,0,1,0,0
421,1258,2,8327376,8395424,0,0,0,0,0,0,0,0,0
421,1259,3,8327452,8395424,0,0,0,0,0,0,0,0,0
422,1260,1,8327300,8395940,0,0,0,0,0,0,1,0,0
422,1261,2,8327376,8395424,0,0,0,0,0,0,0,0,0
422,1262,3,8327452,8395424,0,0,0,0,0,0,0,0,0
423,1263,1,8327300,8395940,0,0,0,0,0,0,1,0,0
423,1264,2,8327376,8395424,0,0,0,0,0,0,0,0,0
423,1265,3,8327452,8395424,0,0,0,0,0,0,0,0,0
424,1266,1,8327300,8395940,0,0,0,0,0,0,1,0,0
424,1267,2,8327376,8395424,0,0,0,0,0,0,0,0,0
424,1268,3,8327452,8395424,0,0,0,0,0,0,0,0,0
425,1269,1,8327300,8395940,0,0,0,0,0,0,1,0,0
425,1270,2,8327376,8395424,0,0,0,0,0,0,0,0,0
425,1271,3,8327452,8395424,0,0,0,0,0,0,0,0,0
426,1272,1,8327300,8395940,0,0,0,0,0,0,1,0,0
426,1273,2,8327376,8395424,0,0,0,0,0,0,0,0,0
426,1274,3,8327452,8395424,0,0,0,0,0,0,0,0,0
427,1275,1,8327300,8395940,0,0,0,0,0,0,1,0,0
427,1276,2,8327376,8395424,0,0,0,0,0,0,0,0,0
427,1277,3,8327452,8395424,0,0,0,0,0,0,0,0,0
428,1278,1,8327300,8395940,0,0,0,0,0,0,1,0,0
428,1279,2,8327376,8395424,0,0,0,0,0,0,0,0,0
428,1280,3,8327452,8395424,0,0,0,0,0,0,0,0,0
429,1281,1,8327300,8395940,0,0,0,0,0,0,1,0,0
429,1282,2,8327376,8395424,0,0,0,0,0,0,0,0,0
429,1283,3,8327452,8395424,0,0,0,0,0,0,0,0,0
430,1284,1,8327300,8395940,0,0,0,0,0,0,1,0,0
430,1285,2,8327376,8395424,0,0,0,0,0,0,0,0,0
430,1286,3,8327452,8395424,0,0,0,0,0,0,0,0,0
431,1287,1,8327300,8395940,0,0,0,0,0,0,1,0,0
431,1288,2,8327376,8395424,0,0,0,0,0,0,0,0,0
431,1289,3,8327452,8395424,0,0,0,0,0,0,0,0,0
432,1290,1,8327300,8395940,0,0,0,0,0,0,1,0,0
432,1291,2,8327376,8395424,0,0,0,0,0,0,0,0,0
432,1292,3,8327452,8395424,0,0,0,0,0,0,0,0,0
433,1293,1,8327300,8395940,0,0,0,0,0,0,1,0,0
433,1294,2,8327376,8395424,0,0,0,0,0,0,0,0,0
433,1295,3,8327452,8395424,0,0,0,0,0,0,0,0,0
434,1296,1,8327300,8395940,0,0,0,0,0,0,1,0,0
434,1297,2,8327376,8395424,0,0,0,0,0,0,0,0,0
434,1298,3,8327452,8395424,0,0,0,0,0,0,0,0,0
435,1299,1,8327300,8395940,0,0,0,0,0,0,1,0,0
435,1300,2,8327376,8395424,0,0,0,0,0,0,0,0,0
435,1301,3,8327452,8395424,0,0,0,0,0,0,0,0,0
436,1302,1,8327300,8395940,0,0,0,0,0,0,1,0,0
436,1303,2,8327376,8395424,0,0,0,0,0,0,0,0,0
436,1304,3,8327452,8395424,0,0,0,0,0,0,0,0,0
437,1305,1,8327300,8395940,0,0,0,0,0,0,1,0,0
437,1306,2,8327376,8395424,0,0,0,0,0,0,0,0,0
437,1307,3,8327452,8395424,0,0,0,0,0,0,0,0,0
438,1308,1,8327300,8395940,0,0,0,0,0,0,1,0,0
438,1309,2,8327376,8395424,0,0,0,0,0,0,0,0,0
438,1310,3,8327452,8395424,0,0,0,0,0,0,0,0,0
439,1311,1,8327300,8395940,0,0,0,0,0,0,1,0,0
439,1312,2,8327376,8395424,0,0,0,0,0,0,0,0,0
439,1313,3,8327452,8395424,0,0,0,0,0,0,0,0,0
440,1314,1,8327300,8395940,0,0,0,0,0,0,1,0,0
440,1315,2,8327376,8395424,0,0,0,0,0,0,0,0,0
440,1316,3,8327452,8395424,0,0,0,0,0,0,0,0,0
441,1317,1,8327300,8395940,0,0,0,0,0,0,1,0,0
441,1318,2,8327376,8395424,0,0,0,0,0,0,0,0,0
441,1319,3,8327452,8395424,0,0,0,0,0,0,0,0,0
442,1320,1,8327300,8395940,0,0,0,0,0,0,1,0,0
442,1321,2,8327376,8395424,0,0,0,0,0,0,0,0,0
442,1322,3,8327452,8395424,0,0,0,0,0,0,0,0,0
443,1323,1,8327300,8395940,0,0,0,0,0,0,1,0,0
443,1324,2,8327376,8395424,0,0,0,0,0,0,0,0,0
443,1325,3,8327452,8395424,0,0,0,0,0,0,0,0,0
444,1326,1,8327300,8395940,0,0,0,0,0,0,1,0,0
444,1327,2,8327376,8395424,0,0,0,0,0,0,0,0,0
444,1328,3,8327452,8395424,0,0,0,0,0,0,0,0,0
445,1329,1,8327300,8395940,0,0,0,0,0,0,1,0,0
445,1330,2,8327376,8395424,0,0,0,0,0,0,0,0,0
445,1331,3,8327452,8395424,0,0,0,0,0,0,0,0,0
446,1332,1,8327300,8395940,0,0,0,0,0,0,1,0,0
446,1333,2,8327376,8395424,0,0,0,0,0,0,0,0,0
446,1334,3,8327452,8395424,0,0,0,0,0,0,0,0,0
447,1335,1,8327300,8395940,0,0,0,0,0,0,1,0,0
447,1336,2,8327376,8395424,0,0,0,0,0,0,0,0,0
447,1337,3,8327452,8395424,0,0,0,0,0,0,0,0,0
448,1338,1,8327300,8395940,0,0,0,0,0,0,1,0,0
448,1339,2,8327376,8395424,0,0,0,0,0,0,0,0,0
448,1340,3,8327452,8395424,0,0,0,0,0,0,0,0,0
449,1341,1,8327300,8395940,0,0,0,0,0,0,1,0,0
449,1342,2,8327376,8395424,0,0,0,0,0,0,0,0,0
449,1343,3,8327452,8395424,0,0,0,0,0,0,0,0,0
450,1344,1,8327300,8395940,0,0,0,0,0,0,1,0,0
450,1345,2,8327376,8395424,0,0,0,0,0,0,0,0,0
450,1346,3,8327452,8395424,0,0,0,0,0,0,0,0,0
451,1347,1,8327300,8395940,0,0,0,0,0,0,1,0,0
451,1348,2,8327376,8395424,0,0,0,0,0,0,0,0,0
451,1349,3,8327452,8395424,0,0,0,0,0,0,0,0,0
452,1350,1,8327300,8395940,0,0,0,0,0,0,1,0,0
452,1351,2,8327376,8395424,0,0,0,0,0,0,0,0,0
452,1352,3,8327452,8395424,0,0,0,0,0,0,0,0,0
453,1353,1,8327300,8395940,0,0,0,0,0,0,1,0,0
453,1354,2,8327376,8395424,0,0,0,0,0,0,0,0,0
453,1355,3,8327452,8395424,0,0,0,0,0,0,0,0,0
454,1356,1,8327300,8395940,0,0,0,0,0,0,1,0,0
454,1357,2,8327376,8395424,0,0,0,0,0,0,0,0,0
454,1358,3,8327452,8395424,0,0,0,0,0,0,0,0,0
455,1359,1,8327300,8395940,0,0,0,0,0,0,1,0,0
455,1360,2,8327376,8395424,0,0,0,0,0,0,0,0,0
455,1361,3,8327452,8395424,0,0,0,0,0,0,0,0,0
456,1362,1,8327300,8395940,0,0,0,0,0,0,1,0,0
456,1363,2,8327376,8395424,0,0,0,0,0,0,0,0,0
456,1364,3,8327452,8395424,0,0,0,0,0,0,0,0,0
457,1365,1,8327300,8395940,0,0,0,0,0,0,1,0,0
457,1366,2,8327376,8395424,0,0,0,0,0,0,0,0,0
457,1367,3,8327452,8395424,0,0,0,0,0,0,0,0,0
458,1368,1,8327300,8395940,0,0,0,0,0,0,1,0,0
458,1369,2,8327376,8395424,0,0,0,0,0,0,0,0,0
458,1370,3,8327452,8395424,0,0,0,0,0,0,0,0,0
459,1371,1,8327300,8395940,0,0,0,0,0,0,1,0,0
459,1372,2,8327376,8395424,0,0,0,0,0,0,0,0,0
459,1373,3,8327452,8395424,0,0,0,0,0,0,0,0,0
460,1374,1,8327300,8395940,0,0,0,0,0,0,1,0,0
460,1375,2,8327376,8395424,0,0,0,0,0,0,0,0,0
460,1376,3,8327452,8395424,0,0,0,0,0,0,0,0,0
461,1377,1,8327300,8395940,0,0,0,0,0,0,1,0,0
461,1378,2,8327376,8395424,0,0,0,0,0,0,0,0,0
461,1379,3,8327452,8395424,0,0,0,0,0,0,0,0,0
462,1380,1,8327300,8395940,0,0,0,0,0,0,1,0,0
462,1381,2,8327376,8395424,0,0,0,0,0,0,0,0,0
462,1382,3,8327452,8395424,0,0,0,0,0,0,0,0,0
463,1383,1,8327300,8395940,0,0,0,0,0,0,1,0,0
463,1384,2,8327376,8395424,0,0,0,0,0,0,0,0,0
463,1385,3,8327452,8395424,0,0,0,0,0,0,0,0,0
464,1386,1,8327300,8395940,0,0,0,0,0,0,1,0,0
464,1387,2,8327376,8395424,0,0,0,0,0,0,0,0,0
464,1388,3,8327452,8395424,0,0,0,0,0,0,0,0,0
465,1389,1,8327300,8395940,0,0,0,0,0,0,1,0,0
465,1390,2,8327376,8395424,0,0,0,0,0,0,0,0,0
465,1391,3,8327452,8395424,0,0,0,0,0,0,0,0,0
466,1392,1,8327300,8395940,0,0,0,0,0,0,1,0,0
466,1393,2,8327376,8395424,0,0,0,0,0,0,0,0,0
466,1394,3,8327452,8395424,0,0,0,0,0,0,0,0,0
467,1395,1,8327300,8395940,0,0,0,0,0,0,1,0,0
467,1396,2,8327376,8395424,0,0,0,0,0,0,0,0,0
467,1397,3,8327452,8395424,0,0,0,0,0,0,0,0,0
468,1398,1,8327300,8395940,0,0,0,0,0,0,1,0,0
468,1399,2,8327376,8395424,0,0,0,0,0,0,0,0,0
468,1400,3,8327452,8395424,0,0,0,0,0,0,0,0,0
469,1401,1,8327300,8395940,0,0,0,0,0,0,1,0,0
469,1402,2,8327376,8395424,0,0,0,0,0,0,0,0,0
469,1403,3,8327452,8395424,0,0,0,0,0,0,0,0,0
470,1404,1,8327300,8395940,0,0,0,0,0,0,1,0,0
470,1405,2,8327376,8395424,0,0,0,0,0,0,0,0,0
470,1406,3,8327452,8395424,0,0,0,0,0,0,0,0,0
471,1407,1,8327300,8395940,0,0,0,0,0,0,1,0,0
471,1408,2,8327376,8395424,0,0,0,0,0,0,0,0,0
471,1409,3,8327452,8395424,0,0,0,0,0,0,0,0,0
472,1410,1,8327300,8395940,0,0,0,0,0,0,1,0,0
472,1411,2,8327376,8395424,0,0,0,0,0,0,0,0,0
472,1412,3,8327452,8395424,0,0,0,0,0,0,0,0,0
473,1413,1,8327300,8395940,0,0,0,0,0,0,1,0,0
473,1414,2,8327376,8395424,0,0,0,0,0,0,0,0,0
473,1415,3,8327452,8395424,0,0,0,0,0,0,0,0,0
474,1416,1,8327300,8395940,0,0,0,0,0,0,1,0,0
474,1417,2,8327376,8395424,0,0,0,0,0,0,0,0,0
474,1418,3,8327452,8395424,0,0,0,0,0,0,0,0,0
475,1419,1,8327300,8395940,0,0,0,0,0,0,1,0,0
475,1420,2,8327376,8395424,0,0,0,0,0,0,0,0,0
475,1421,3,8327452,8395424,0,0,0,0,0,0,0,0,0
476,1422,1,8327300,8395940,0,0,0,0,0,0,1,0,0
476,1423,2,8327376,8395424,0,0,0,0,0,0,0,0,0
476,1424,3,8327452,8395424,0,0,0,0,0,0,0,0,0
477,1425,1,8327300,8395940,0,0,0,0,0,0,1,0,0
477,1426,2,8327376,8395424,0,0,0,0,0,0,0,0,0
477,1427,3,8327452,8395424,0,0,0,0,0,0,0,0,0
478,1428,1,8327300,8395940,0,0,0,0,0,0,1,0,0
478,1429,2,8327376,8395424,0,0,0,0,0,0,0,0,0
478,1430,3,8327452,8395424,0,0,0,0,0,0,0,0,0
479,1431,1,8327300,8395940,0,0,0,0,0,0,1,0,0
479,1432,2,8327376,8395424,0,0,0,0,0,0,0,0,0
479,1433,3,8327452,8395424,0,0,0,0,0,0,0,0,0
480,1434,1,8327300,8395940,0,0,0,0,0,0,1,0,0
480,1435,2,8327376,8395424,0,0,0,0,0,0,0,0,0
480,1436,3,8327452,8395424,0,0,0,0,0,0,0,0,0
481,1437,1,8327300,8395940,0,0,0,0,0,0,1,0,0
481,1438,2,8327376,8395424,0,0,0,0,0,0,0,0,0
481,1439,3,8327452,8395424,0,0,0,0,0,0,0,0,0
482,1440,1,8327300,8395940,0,0,0,0,0,0,1,0,0
482,1441,2,8327376,8395424,0,0,0,0,0,0,0,0,0
482,1442,3,8327452,8395424,0,0,0,0,0,0,0,0,0
483,1443,1,8327300,8395940,0,0,0,0,0,0,1,0,0
483,1444,2,8327376,8395424,0,0,0,0,0,0,0,0,0
483,1445,3,8327452,8395424,0,0,0,0,0,0,0,0,0
484,1446,1,8327300,8395940,0,0,0,0,0,0,1,0,0
484,1447,2,8327376,8395424,0,0,0,0,0,0,0,0,0
484,1448,3,8327452,8395424,0,0,0,0,0,0,0,0,0
485,1449,1,8327300,8395940,0,0,0,0,0,0,1,0,0
485,1450,2,8327376,8395424,0,0,0,0,0,0,0,0,0
485,1451,3,8327452,8395424,0,0,0,0,0,0,0,0,0
486,1452,1,8327300,8395940,0,0,0,0,0,0,1,0,0
486,1453,2,8327376,8395424,0,0,0,0,0,0,0,0,0
486,1454,3,8327452,8395424,0,0,0,0,0,0,0,0,0
487,1455,1,8327300,8395940,0,0,0,0,0,0,1,0,0
487,1456,2,8327376,8395424,0,0,0,0,0,0,0,0,0
487,1457,3,8327452,8395424,0,0,0,0,0,0,0,0,0
488,1458,1,8327300,8395940,0,0,0,0,0,0,1,0,0
488,1459,2,8327376,8395424,0,0,0,0,0,0,0,0,0
488,1460,3,8327452,8395424,0,0,0,0,0,0,0,0,0
489,1461,1,8327300,8395940,0,0,0,0,0,0,1,0,0
489,1462,2,8327376,8395424,0,0,0,0,0,0,0,0,0
489,1463,3,8327452,8395424,0,0,0,0,0,0,0,0,0
490,1464,1,8327300,8395940,0,0,0,0,0,0,1,0,0
490,1465,2,8327376,8395424,0,0,0,0,0,0,0,0,0
490,1466,3,8327452,8395424,0,0,0,0,0,0,0,0,0
491,1467,1,8327300,8395940,0,0,0,0,0,0,1,0,0
491,1468,2,8327376,8395424,0,0,0,0,0,0,0,0,0
491,1469,3,8327452,8395424,0,0,0,0,0,0,0,0,0
492,1470,1,8327300,8395940,0,0,0,0,0,0,1,0,0
492,1471,2,8327376,8395424,0,0,0,0,0,0,0,0,0
492,1472,3,8327452,8395424,0,0,0,0,0,0,0,0,0
493,1473,1,8327300,8395940,0,0,0,0,0,0,1,0,0
493,1474,2,8327376,8395424,0,0,0,0,0,0,0,0,0
493,1475,3,8327452,8395424,0,0,0,0,0,0,0,0,0
494,1476,1,8327300,8395940,0,0,0,0,0,0,1,0,0
494,1477,2,8327376,8395424,0,0,0,0,0,0,0,0,0
494,1478,3,8327452,8395424,0,0,0,0,0,0,0,0,0
495,1479,1,8327300,8395940,0,0,0,0,0,0,1,0,0
495,1480,2,8327376,8395424,0,0,0,0,0,0,0,0,0
495,1481,3,8327452,8395424,0,0,0,0,0,0,0,0,0
496,1482,1,8327300,8395940,0,0,0,0,0,0,1,0,0
496,1483,2,8327376,8395424,0,0,0,0,0,0,0,0,0
496,1484,3,8327452,8395424,0,0,0,0,0,0,0,0,0
497,1485,1,8327300,8395940,0,0,0,0,0,0,1,0,0
497,1486,2,8327376,8395424,0,0,0,0,0,0,0,0,0
497,1487,3,8327452,8395424,0,0,0,0,0,0,0,0,0
498,1488,1,8327300,8395940,0,0,0,0,0,0,1,0,0
498,1489,2,8327376,8395424,0,0,0,0,0,0,0,0,0
498,1490,3,8327452,8395424,0,0,0,0,0,0,0,0,0
499,1491,1,8327300,8395940,0,0,0,0,0,0,1,0,0
499,1492,2,8327376,8395424,0,0,0,0,0,0,0,0,0
499,1493,3,8327452,8395424,0,0,0,0,0,0,0,0,0
500,1494,1,8327300,8395940,0,0,0,0,0,0,1,0,0
500,1495,2,8327376,8395424,0,0,0,0,0,0,0,0,0
500,1496,3,8327452,8395424,0,0,0,0,0,0,0,0,0
501,1497,1,8327300,8395940,0,0,0,0,0,0,1,0,0
501,1498,2,8327376,8395424,0,0,0,0,0,0,0,0,0
501,1499,3,8327452,8395424,0,0,0,0,0,0,0,0,0
502,1500,1,8327300,8395940,0,0,0,0,0,0,1,0,0
502,1501,2,8327376,8395424,0,0,0,0,0,0,0,0,0
502,1502,3,8327452,8395424,0,0,0,0,0,0,0,0,0
503,1503,1,8327300,8395940,0,0,0,0,0,0,1,0,0
503,1504,2,8327376,8395424,0,0,0,0,0,0,0,0,0
503,1505,3,8327452,8395424,0,0,0,0,0,0,0,0,0
504,1506,1,8327300,8395940,0,0,0,0,0,0,1,0,0
504,1507,2,8327376,8395424,0,0,0,0,0,0,0,0,0
504,1508,3,8327452,8395424,0,0,0,0,0,0,0,0,0
505,1509,1,8327300,8395940,0,0,0,0,0,0,1,0,0
505,1510,2,8327376,8395424,0,0,0,0,0,0,0,0,0
505,1511,3,8327452,8395424,0,0,0,0,0,0,0,0,0
506,1512,1,8327300,8395940,0,0,0,0,0,0,1,0,0
506,1513,2,8327376,8395424,0,0,0,0,0,0,0,0,0
506,1514,3,8327452,8395424,0,0,0,0,0,0,0,0,0
507,1515,1,8327300,8395940,0,0,0,0,0,0,1,0,0
507,1516,2,8327376,8395424,0,0,0,0,0,0,0,0,0
507,1517,3,8327452,8395424,0,0,0,0,0,0,0,0,0
508,1518,1,8327300,8395940,0,0,0,0,0,0,1,0,0
508,1519,2,8327376,8395424,0,0,0,0,0,0,0,0,0
508,1520,3,8327452,8395424,0,0,0,0,0,0,0,0,0
509,1521,1,8327300,8395940,0,0,0,0,0,0,1,0,0
509,1522,2,8327376,8395424,0,0,0,0,0,0,0,0,0
509,1523,3,8327452,8395424,0,0,0,0,0,0,0,0,0
510,1524,1,8327300,8395940,0,0,0,0,0,0,1,0,0
510,1525,2,8327376,8395424,0,0,0,0,0,0,0,0,0
510,1526,3,8327452,8395424,0,0,0,0,0,0,0,0,0
511,1527,1,8327300,8395940,0,0,0,0,0,0,1,0,0
511,1528,2,8327376,8395424,0,0,0,0,0,0,0,0,0
511,1529,3,8327452,8395424,0,0,0,0,0,0,0,0,0
512,1530,1,8327300,8395940,0,0,0,0,0,0,1,0,0
512,1531,2,8327376,8395424,0,0,0,0,0,0,0,0,0
512,1532,3,8327452,8395424,0,0,0,0,0,0,0,0,0
513,1533,1,8327300,8395940,0,0,0,0,0,0,1,0,0
513,1534,2,8327376,8395424,0,0,0,0,0,0,0,0,0
513,1535,3,8327452,8395424,0,0,0,0,0,0,0,0,0
514,1536,1,8327300,8395940,0,0,0,0,0,0,1,0,0
514,1537,2,8327376,8395424,0,0,0,0,0,0,0,0,0
514,1538,3,8327452,8395424,0,0,0,0,0,0,0,0,0
515,1539,1,8327300,8395940,0,0,0,0,0,0,1,0,0
515,1540,2,8327376,8395424,0,0,0,0,0,0,0,0,0
515,1541,3,8327452,8395424,0,0,0,0,0,0,0,0,0
516,1542,1,8327300,8395940,0,0,0,0,0,0,1,0,0
516,1543,2,8327376,8395424,0,0,0,0,0,0,0,0,0
516,1544,3,8327452,8395424,0,0,0,0,0,0,0,0,0
517,1545,1,8327300,8395940,0,0,0,0,0,0,1,0,0
517,1546,2,8327376,8395424,0,0,0,0,0,0,0,0,0
517,1547,3,8327452,8395424,0,0,0,0,0,0,0,0,0
518,1548,1,8327300,8395940,0,0,0,0,0,0,1,0,0
518,1549,2,8327376,8395424,0,0,0,0,0,0,0,0,0
518,1550,3,8327452,8395424,0,0,0,0,0,0,0,0,0
519,1551,1,8327300,8395940,0,0,0,0,0,0,1,0,0
519,1552,2,8327376,8395424,0,0,0,0,0,0,0,0,0
519,1553,3,8327452,8395424,0,0,0,0,0,0,0,0,0
520,1554,1,8327300,8395940,0,0,0,0,0,0,1,0,0
520,1555,2,8327376,8395424,0,0,0,0,0,0,0,0,0
520,1556,3,8327452,8395424,0,0,0,0,0,0,0,0,0
521,1557,1,8327300,8395940,0,0,0,0,0,0,1,0,0
521,1558,2,8327376,8395424,0,0,0,0,0,0,0,0,0
521,1559,3,8327452,8395424,0,0,0,0,0,0,0,0,0
522,1560,1,8327300,8395940,0,0,0,0,0,0,1,0,0
522,1561,2,8327376,8395424,0,0,0,0,0,0,0,0,0
522,1562,3,8327452,8395424,0,0,0,0,0,0,0,0,0
523,1563,1,8327300,8395940,0,0,0,0,0,0,1,0,0
523,1564,2,8327376,8395424,0,0,0,0,0,0,0,0,0
523,1565,3,8327452,8395424,0,0,0,0,0,0,0,0,0
524,1566,1,8327300,8395940,0,0,0,0,0,0,1,0,0
524,1567,2,8327376,8395424,0,0,0,0,0,0,0,0,0
524,1568,3,8327452,8395424,0,0,0,0,0,0,0,0,0
525,1569,1,8327300,8395940,0,0,0,0,0,0,1,0,0
525,1570,2,8327376,8395424,0,0,0,0,0,0,0,0,0
525,1571,3,8327452,8395424,0,0,0,0,0,0,0,0,0
526,1572,1,8327300,8395940,0,0,0,0,0,0,1,0,0
526,1573,2,8327376,8395424,0,0,0,0,0,0,0,0,0
526,1574,3,8327452,8395424,0,0,0,0,0,0,0,0,0
527,1575,1,8327300,8395940,0,0,0,0,0,0,1,0,0
527,1576,2,8327376,8395424,0,0,0,0,0,0,0,0,0
527,1577,3,8327452,8395424,0,0,0,0,0,0,0,0,0
528,1578,1,8327300,8395940,0,0,0,0,0,0,1,0,0
528,1579,2,8327376,8395424,0,0,0,0,0,0,0,0,0
528,1580,3,8327452,8395424,0,0,0,0,0,0,0,0,0
529,1581,1,8327300,8395940,0,0,0,0,0,0,1,0,0
529,1582,2,8327376,8395424,0,0,0,0,0,0,0,0,0
529,1583,3,8327452,8395424,0,0,0,0,0,0,0,0,0
530,1584,1,8327300,8395940,0,0,0,0,0,0,1,0,0
530,1585,2,8327376,8395424,0,0,0,0,0,0,0,0,0
530,1586,3,8327452,8395424,0,0,0,0,0,0,0,0,0
531,1587,1,8327300,8395940,0,0,0,0,0,0,1,0,0
531,1588,2,8327376,8395424,0,0,0,0,0,0,0,0,0
531,1589,3,8327452,8395424,0,0,0,0,0,0,0,0,0
532,1590,1,8327300,8395940,0,0,0,0,0,0,1,0,0
532,1591,2,8327376,8395424,0,0,0,0,0,0,0,0,0
532,1592,3,8327452,8395424,0,0,0,0,0,0,0,0,0
533,1593,1,8327300,8395940,0,0,0,0,0,0,1,0,0
533,1594,2,8327376,8395424,0,0,0,0,0,0,0,0,0
533,1595,3,8327452,8395424,0,0,0,0,0,0,0,0,0
534,1596,1,8327300,8395940,0,0,0,0,0,0,1,0,0
534,1597,2,8327376,8395424,0,0,0,0,0,0,0,0,0
534,1598,3,8327452,8395424,0,0,0,0,0,0,0,0,0
535,1599,1,8327300,8395940,0,0,0,0,0,0,1,0,0
535,1600,2,8327376,8395424,0,0,0,0,0,0,0,0,0
535,1601,3,8327452,8395424,0,0,0,0,0,0,0,0,0
536,1602,1,8327300,8395940,0,0,0,0,0,0,1,0,0
536,1603,2,8327376,8395424,0,0,0,0,0,0,0,0,0
536,1604,3,8327452,8395424,0,0,0,0,0,0,0,0,0
537,1605,1,8327300,8395940,0,0,0,0,0,0,1,0,0
537,1606,2,8327376,8395424,0,0,0,0,0,0,0,0,0
537,1607,3,8327452,8395424,0,0,0,0,0,0,0,0,0
538,1608,1,8327300,8395940,0,0,0,0,0,0,1,0,0
538,1609,2,8327376,8395424,0,0,0,0,0,0,0,0,0
538,1610,3,8327452,8395424,0,0,0,0,0,0,0,0,0
539,1611,1,8327300,8395940,0,0,0,0,0,0,1,0,0
539,1612,2,8327376,8395424,0,0,0,0,0,0,0,0,0
539,1613,3,8327452,8395424,0,0,0,0,0,0,0,0,0
540,1614,1,8327300,8395940,0,0,0,0,0,0,1,0,0
540,1615,2,8327376,8395424,0,0,0,0,0,0,0,0,0
540,1616,3,8327452,8395424,0,0,0,0,0,0,0,0,0
541,1617,1,8327300,8395940,0,0,0,0,0,0,1,0,0
541,1618,2,8327376,8395424,0,0,0,0,0,0,0,0,0
541,1619,3,8327452,8395424,0,0,0,0,0,0,0,0,0
542,1620,1,8327300,8395940,0,0,0,0,0,0,1,0,0
542,1621,2,8327376,8395424,0,0,0,0,0,0,0,0,0
542,1622,3,8327452,8395424,0,0,0,0,0,0,0,0,0
543,1623,1,8327300,8395940,0,0,0,0,0,0,1,0,0
543,1624,2,8327376,8395424,0,0,0,0,0,0,0,0,0
543,1625,3,8327452,8395424,0,0,0,0,0,0,0,0,0
544,1626,1,8327300,8395940,0,0,0,0,0,0,1,0,0
544,1627,2,8327376,8395424,0,0,0,0,0,0,0,0,0
544,1628,3,8327452,8395424,0,0,0,0,0,0,0,0,0
545,1629,1,8327300,8395940,0,0,0,0,0,0,1,0,0
545,1630,2,8327376,8395424,0,0,0,0,0,0,0,0,0
545,1631,3,8327452,8395424,0,0,0,0,0,0,0,0,0
546,1632,1,8327300,8395940,0,0,0,0,0,0,1,0,0
546,1633,2,8327376,8395424,0,0,0,0,0,0,0,0,0
546,1634,3,8327452,8395424,0,0,0,0,0,0,0,0,0
547,1635,1,8327300,8395940,0,0,0,0,0,0,1,0,0
547,1636,2,8327376,8395424,0,0,0,0,0,0,0,0,0
547,1637,3,8327452,8395424,0,0,0,0,0,0,0,0,0
548,1638,1,8327300,8395940,0,0,0,0,0,0,1,0,0
548,1639,2,8327376,8395424,0,0,0,0,0,0,0,0,0
548,1640,3,8327452,8395424,0,0,0,0,0,0,0,0,0
549,1641,1,8327300,8395940,0,0,0,0,0,0,1,0,0
549,1642,2,8327376,8395424,0,0,0,0,0,0,0,0,0
549,1643,3,8327452,8395424,0,0,0,0,0,0,0,0,0
550,1644,1,8327300,8395940,0,0,0,0,0,0,1,0,0
550,1645,2,8327376,8395424,0,0,0,0,0,0,0,0,0
550,1646,3,8327452,8395424,0,0,0,0,0,0,0,0,0
551,1647,1,8327300,8395940,0,0,0,0,0,0,1,0,0
551,1648,2,8327376,8395424,0,0,0,0,0,0,0,0,0
551,1649,3,8327452,8395424,0,0,0,0,0,0,0,0,0
552,1650,1,8327300,8395940,0,0,0,0,0,0,1,0,0
552,1651,2,8327376,8395424,0,0,0,0,0,0,0,0,0
552,1652,3,8327452,8395424,0,0,0,0,0,0,0,0,0
553,1653,1,8327300,8395940,0,0,0,0,0,0,1,0,0
553,1654,2,8327376,8395424,0,0,0,0,0,0,0,0,0
553,1655,3,8327452,8395424,0,0,0,0,0,0,0,0,0
554,1656,1,8327300,8395940,0,0,0,0,0,0,1,0,0
554,1657,2,8327376,8395424,0,0,0,0,0,0,0,0,0
554,1658,3,8327452,8395424,0,0,0,0,0,0,0,0,0
555,1659,1,8327300,8395940,0,0,0,0,0,0,1,0,0
555,1660,2,8327376,8395424,0,0,0,0,0,0,0,0,0
555,1661,3,8327452,8395424,0,0,0,0,0,0,0,0,0
556,1662,1,8327300,8395940,0,0,0,0,0,0,1,0,0
556,1663,2,8327376,8395424,0,0,0,0,0,0,0,0,0
556,1664,3,8327452,8395424,0,0,0,0,0,0,0,0,0
557,1665,1,8327300,8395940,0,0,0,0,0,0,1,0,0
557,1666,2,8327376,8395424,0,0,0,0,0,0,0,0,0
557,1667,3,8327452,8395424,0,0,0,0,0,0,0,0,0
558,1668,1,8327300,8395940,0,0,0,0,0,0,1,0,0
558,1669,2,8327376,8395424,0,0,0,0,0,0,0,0,0
558,1670,3,8327452,8395424,0,0,0,0,0,0,0,0,0
559,1671,1,8327300,8395940,0,0,0,0,0,0,1,0,0
559,1672,2,8327376,8395424,0,0,0,0,0,0,0,0,0
559,1673,3,8327452,8395424,0,0,0,0,0,0,0,0,0
560,1674,1,8327300,8395940,0,0,0,0,0,0,1,0,0
560,1675,2,8327376,8395424,0,0,0,0,0,0,0,0,0
560,1676,3,8327452,8395424,0,0,0,0,0,0,0,0,0
561,1677,1,8327300,8395940,0,0,0,0,0,0,1,0,0
561,1678,2,8327376,8395424,0,0,0,0,0,0,0,0,0
561,1679,3,8327452,8395424,0,0,0,0,0,0,0,0,0
562,1680,1,8327300,8395940,0,0,0,0,0,0,1,0,0
562,1681,2,8327376,8395424,0,0,0,0,0,0,0,0,0
562,1682,3,8327452,8395424,0,0,0,0,0,0,0,0,0
563,1683,1,8327300,8395940,0,0,0,0,0,0,1,0,0
563,1684,2,8327376,8395424,0,0,0,0,0,0,0,0,0
563,1685,3,8327452,8395424,0,0,0,0,0,0,0,0,0
564,1686,1,8327300,8395940,0,0,0,0,0,0,1,0,0
564,1687,2,8327376,8395424,0,0,0,0,0,0,0,0,0
564,1688,3,8327452,8395424,0,0,0,0,0,0,0,0,0
565,1689,1,8327300,8395940,0,0,0,0,0,0,1,0,0
565,1690,2,8327376,8395424,0,0,0,0,0,0,0,0,0
565,1691,3,8327452,8395424,0,0,0,0,0,0,0,0,0
566,1692,1,8327300,8395940,0,0,0,0,0,0,1,0,0
566,1693,2,8327376,8395424,0,0,0,0,0,0,0,0,0
566,1694,3,8327452,8395424,0,0,0,0,0,0,0,0,0
567,1695,1,8327300,8395940,0,0,0,0,0,0,1,0,0
567,1696,2,8327376,8395424,0,0,0,0,0,0,0,0,0
567,1697,3,8327452,8395424,0,0,0,0,0,0,0,0,0
568,1698,1,8327300,8395940,0,0,0,0,0,0,1,0,0
568,1699,2,8327376,8395424,0,0,0,0,0,0,0,0,0
568,1700,3,8327452,8395424,0,0,0,0,0,0,0,0,0
569,1701,1,8327300,8395940,0,0,0,0,0,0,1,0,0
569,1702,2,8327376,8395424,0,0,0,0,0,0,0,0,0
569,1703,3,8327452,8395424,0,0,0,0,0,0,0,0,0
570,1704,1,8327300,8395940,0,0,0,0,0,0,1,0,0
570,1705,2,8327376,8395424,0,0,0,0,0,0,0,0,0
570,1706,3,8327452,8395424,0,0,0,0,0,0,0,0,0
571,1707,1,8327300,8395940,0,0,0,0,0,0,1,0,0
571,1708,2,8327376,8395424,0,0,0,0,0,0,0,0,0
571,1709,3,8327452,8395424,0,0,0,0,0,0,0,0,0
572,1710,1,8327300,8395940,0,0,0,0,0,0,1,0,0
572,1711,2,8327376,8395424,0,0,0,0,0,0,0,0,0
572,1712,3,8327452,8395424,0,0,0,0,0,0,0,0,0
573,1713,1,8327300,8395940,0,0,0,0,0,0,1,0,0
573,1714,2,8327376,8395424,0,0,0,0,0,0,0,0,0
573,1715,3,8327452,8395424,0,0,0,0,0,0,0,0,0
574,1716,1,8327300,8395940,0,0,0,0,0,0,1,0,0
574,1717,2,8327376,8395424,0,0,0,0,0,0,0,0,0
574,1718,3,8327452,8395424,0,0,0,0,0,0,0,0,0
575,1719,1,8327300,8395940,0,0,0,0,0,0,1,0,0
575,1720,2,8327376,8395424,0,0,0,0,0,0,0,0,0
575,1721,3,8327452,8395424,0,0,0,0,0,0,0,0,0
576,1722,1,8327300,8395940,0,0,0,0,0,0,1,0,0
576,1723,2,8327376,8395424,0,0,0,0,0,0,0,0,0
576,1724,3,8327452,8395424,0,0,0,0,0,0,0,0,0
577,1725,1,8327300,8395940,0,0,0,0,0,0,1,0,0
577,1726,2,8327376,8395424,0,0,0,0,0,0,0,0,0
577,1727,3,8327452,8395424,0,0,0,0,0,0,0,0,0
578,1728,1,8327300,8395940,0,0,0,0,0,0,1,0,0
578,1729,2,8327376,8395424,0,0,0,0,0,0,0,0,0
578,1730,3,8327452,8395424,0,0,0,0,0,0,0,0,0
579,1731,1,8327300,8395940,0,0,0,0,0,0,1,0,0
579,1732,2,8327376,8395424,0,0,0,0,0,0,0,0,0
579,1733,3,8327452,8395424,0,0,0,0,0,0,0,0,0
580,1734,1,8327300,8395940,0,0,0,0,0,0,1,0,0
580,1735,2,8327376,8395424,0,0,0,0,0,0,0,0,0
580,1736,3,8327452,8395424,0,0,0,0,0,0,0,0,0
581,1737,1,8327300,8395940,0,0,0,0,0,0,1,0,0
581,1738,2,8327376,8395424,0,0,0,0,0,0,0,0,0
581,1739,3,8327452,8395424,0,0,0,0,0,0,0,0,0
582,1740,1,8327300,8395940,0,0,0,0,0,0,1,0,0
582,1741,2,8327376,8395424,0,0,0,0,0,0,0,0,0
582,1742,3,8327452,8395424,0,0,0,0,0,0,0,0,0
583,1743,1,8327300,8395940,0,0,0,0,0,0,1,0,0
583,1744,2,8327376,8395424,0,0,0,0,0,0,0,0,0
583,1745,3,8327452,8395424,0,0,0,0,0,0,0,0,0
584,1746,1,8327300,8395940,0,0,0,0,0,0,1,0,0
584,1747,2,8327376,8395424,0,0,0,0,0,0,0,0,0
584,1748,3,8327452,8395424,0,0,0,0,0,0,0,0,0
585,1749,1,8327300,8395940,0,0,0,0,0,0,1,0,0
585,1750,2,8327376,8395424,0,0,0,0,0,0,0,0,0
585,1751,3,8327452,8395424,0,0,0,0,0,0,0,0,0
586,1752,1,8327300,8395940,0,0,0,0,0,0,1,0,0
586,1753,2,8327376,8395424,0,0,0,0,0,0,0,0,0
586,1754,3,8327452,8395424,0,0,0,0,0,0,0,0,0
587,1755,1,8327300,8395940,0,0,0,0,0,0,1,0,0
587,1756,2,8327376,8395424,0,0,0,0,0,0,0,0,0
587,1757,3,8327452,8395424,0,0,0,0,0,0,0,0,0
588,1758,1,8327300,8395940,0,0,0,0,0,0,1,0,0
588,1759,2,8327376,8395424,0,0,0,0,0,0,0,0,0
588,1760,3,8327452,8395424,0,0,0,0,0,0,0,0,0
589,1761,1,8327300,8395940,0,0,0,0,0,0,1,0,0
589,1762,2,8327376,8395424,0,0,0,0,0,0,0,0,0
589,1763,3,8327452,8395424,0,0,0,0,0,0,0,0,0
590,1764,1,8327300,8395940,0,0,0,0,0,0,1,0,0
590,1765,2,8327376,8395424,0,0,0,0,0,0,0,0,0
590,1766,3,8327452,8395424,0,0,0,0,0,0,0,0,0
591,1767,1,8327300,8395940,0,0,0,0,0,0,1,0,0
591,1768,2,8327376,8395424,0,0,0,0,0,0,0,0,0
591,1769,3,8327452,8395424,0,0,0,0,0,0,0,0,0
592,1770,1,8327300,8395940,0,0,0,0,0,0,1,0,0
592,1771,2,8327376,8395424,0,0,0,0,0,0,0,0,0
592,1772,3,8327452,8395424,0,0,0,0,0,0,0,0,0
593,1773,1,8327300,8395940,0,0,0,0,0,0,1,0,0
593,1774,2,8327376,8395424,0,0,0,0,0,0,0,0,0
593,1775,3,8327452,8395424,0,0,0,0,0,0,0,0,0
594,1776,1,8327300,8395940,0,0,0,0,0,0,1,0,0
594,1777,2,8327376,8395424,0,0,0,0,0,0,0,0,0
594,1778,3,8327452,8395424,0,0,0,0,0,0,0,0,0
595,1779,1,8327300,8395940,0,0,0,0,0,0,1,0,0
595,1780,2,8327376,8395424,0,0,0,0,0,0,0,0,0
595,1781,3,8327452,8395424,0,0,0,0,0,0,0,0,0
596,1782,1,8327300,8395940,0,0,0,0,0,0,1,0,0
596,1783,2,8327376,8395424,0,0,0,0,0,0,0,0,0
596,1784,3,8327452,8395424,0,0,0,0,0,0,0,0,0
597,1785,1,8327300,8395940,0,0,0,0,0,0,1,0,0
597,1786,2,8327376,8395424,0,0,0,0,0,0,0,0,0
597,1787,3,8327452,8395424,0,0,0,0,0,0,0,0,0
598,1788,1,8327300,8395940,0,0,0,0,0,0,1,0,0
598,1789,2,8327376,8395424,0,0,0,0,0,0,0,0,0
598,1790,3,8327452,8395424,0,0,0,0,0,0,0,0,0
599,1791,1,8327300,8395940,0,0,0,0,0,0,1,0,0
599,1792,2,8327376,8395424,0,0,0,0,0,0,0,0,0
599,1793,3,8327452,8395424,0,0,0,0,0,0,0,0,0
600,1794,1,8327300,8395940,0,0,0,0,0,0,1,0,0
600,1795,2,8327376,8395424,0,0,0,0,0,0,0,0,0
600,1796,3,8327452,8395424,0,0,0,0,0,0,0,0,0
601,1797,1,8327300,8395940,0,0,0,0,0,0,1,0,0
601,1798,2,8327376,8395424,0,0,0,0,0,0,0,0,0
601,1799,3,8327452,8395424,0,0,0,0,0,0,0,0,0
602,1800,1,8327300,8395940,0,0,0,0,0,0,1,0,0
602,1801,2,8327376,8395424,0,0,0,0,0,0,0,0,0
602,1802,3,8327452,8395424,0,0,0,0,0,0,0,0,0
603,1803,1,8327300,8395940,0,0,0,0,0,0,1,0,0
603,1804,2,8327376,8395424,0,0,0,0,0,0,0,0,0
603,1805,3,8327452,8395424,0,0,0,0,0,0,0,0,0
604,1806,1,8327300,8395940,0,0,0,0,0,0,1,0,0
604,1807,2,8327376,8395424,0,0,0,0,0,0,0,0,0
604,1808,3,8327452,8395424,0,0,0,0,0,0,0,0,0
605,1809,1,8327300,8395940,0,0,0,0,0,0,1,0,0
605,1810,2,8327376,8395424,0,0,0,0,0,0,0,0,0
605,1811,3,8327452,8395424,0,0,0,0,0,0,0,0,0
606,1812,1,8327300,8395940,0,0,0,0,0,0,1,0,0
606,1813,2,8327376,8395424,0,0,0,0,0,0,0,0,0
606,1814,3,8327452,8395424,0,0,0,0,0,0,0,0,0
607,1815,1,8327300,8395940,0,0,0,0,0,0,1,0,0
607,1816,2,8327376,8395424,0,0,0,0,0,0,0,0,0
607,1817,3,8327452,8395424,0,0,0,0,0,0,0,0,0
608,1818,1,8327300,8395940,0,0,0,0,0,0,1,0,0
608,1819,2,8327376,8395424,0,0,0,0,0,0,0,0,0
608,1820,3,8327452,8395424,0,0,0,0,0,0,0,0,0
609,1821,1,8327300,8395940,0,0,0,0,0,0,1,0,0
609,1822,2,8327376,8395424,0,0,0,0,0,0,0,0,0
609,1823,3,8327452,8395424,0,0,0,0,0,0,0,0,0
610,1824,1,8327300,8395940,0,0,0,0,0,0,1,0,0
610,1825,2,8327376,8395424,0,0,0,0,0,0,0,0,0
610,1826,3,8327452,8395424,0,0,0,0,0,0,0,0,0
611,1827,1,8327300,8395940,0,0,0,0,0,0,1,0,0
611,1828,2,8327376,8395424,0,0,0,0,0,0,0,0,0
611,1829,3,8327452,8395424,0,0,0,0,0,0,0,0,0
612,1830,1,8327300,8395940,0,0,0,0,0,0,1,0,0
612,1831,2,8327376,8395424,0,0,0,0,0,0,0,0,0
612,1832,3,8327452,8395424,0,0,0,0,0,0,0,0,0
613,1833,1,8327300,8395940,0,0,0,0,0,0,1,0,0
613,1834,2,8327376,8395424,0,0,0,0,0,0,0,0,0
613,1835,3,8327452,8395424,0,0,0,0,0,0,0,0,0
614,1836,1,8327300,8395940,0,0,0,0,0,0,1,0,0
614,1837,2,8327376,8395424,0,0,0,0,0,0,0,0,0
614,1838,3,8327452,8395424,0,0,0,0,0,0,0,0,0
615,1839,1,8327300,8395940,0,0,0,0,0,0,1,0,0
615,1840,2,8327376,8395424,0,0,0,0,0,0,0,0,0
615,1841,3,8327452,8395424,0,0,0,0,0,0,0,0,0
616,1842,1,8327300,8395940,0,0,0,0,0,0,1,0,0
616,1843,2,8327376,8395424,0,0,0,0,0,0,0,0,0
616,1844,3,8327452,8395424,0,0,0,0,0,0,0,0,0
617,1845,1,8327300,8395940,0,0,0,0,0,0,1,0,0
617,1846,2,8327376,8395424,0,0,0,0,0,0,0,0,0
617,1847,3,8327452,8395424,0,0,0,0,0,0,0,0,0
618,1848,1,8327300,8395940,0,0,0,0,0,0,1,0,0
618,1849,2,8327376,8395424,0,0,0,0,0,0,0,0,0
618,1850,3,8327452,8395424,0,0,0,0,0,0,0,0,0
619,1851,1,8327300,8395940,0,0,0,0,0,0,1,0,0
619,1852,2,8327376,8395424,0,0,0,0,0,0,0,0,0
619,1853,3,8327452,8395424,0,0,0,0,0,0,0,0,0
620,1854,1,8327300,8395940,0,0,0,0,0,0,1,0,0
620,1855,2,8327376,8395424,0,0,0,0,0,0,0,0,0
620,1856,3,8327452,8395424,0,0,0,0,0,0,0,0,0
621,1857,1,8327300,8395940,0,0,0,0,0,0,1,0,0
621,1858,2,8327376,8395424,0,0,0,0,0,0,0,0,0
621,1859,3,8327452,8395424,0,0,0,0,0,0,0,0,0
622,1860,1,8327300,8395940,0,0,0,0,0,0,1,0,0
622,1861,2,8327376,8395424,0,0,0,0,0,0,0,0,0
622,1862,3,8327452,8395424,0,0,0,0,0,0,0,0,0
623,1863,1,8327300,8395940,0,0,0,0,0,0,1,0,0
623,1864,2,8327376,8395424,0,0,0,0,0,0,0,0,0
623,1865,3,8327452,8395424,0,0,0,0,0,0,0,0,0
624,1866,1,8327300,8395940,0,0,0,0,0,0,1,0,0
624,1867,2,8327376,8395424,0,0,0,0,0,0,0,0,0
624,1868,3,8327452,8395424,0,0,0,0,0,0,0,0,0
625,1869,1,8327300,8395940,0,0,0,0,0,0,1,0,0
625,1870,2,8327376,8395424,0,0,0,0,0,0,0,0,0
625,1871,3,8327452,8395424,0,0,0,0,0,0,0,0,0
626,1872,1,8327300,8395940,0,0,0,0,0,0,1,0,0
626,1873,2,8327376,8395424,0,0,0,0,0,0,0,0,0
626,1874,3,8327452,8395424,0,0,0,0,0,0,0,0,0
627,1875,1,8327300,8395940,0,0,0,0,0,0,1,0,0
627,1876,2,8327376,8395424,0,0,0,0,0,0,0,0,0
627,1877,3,8327452,8395424,0,0,0,0,0,0,0,0,0
628,1878,1,8327300,8395940,0,0,0,0,0,0,1,0,0
628,1879,2,8327376,8395424,0,0,0,0,0,0,0,0,0
628,1880,3,8327452,8395424,0,0,0,0,0,0,0,0,0
629,1881,1,8327300,8395940,0,0,0,0,0,0,1,0,0
629,1882,2,8327376,8395424,0,0,0,0,0,0,0,0,0
629,1883,3,8327452,8395424,0,0,0,0,0,0,0,0,0
630,1884,1,8327300,8395940,0,0,0,0,0,0,1,0,0
630,1885,2,8327376,8395424,0,0,0,0,0,0,0,0,0
630,1886,3,8327452,8395424,0,0,0,0,0,0,0,0,0
631,1887,1,8327300,8395940,0,0,0,0,0,0,1,0,0
631,1888,2,8327376,8395424,0,0,0,0,0,0,0,0,0
631,1889,3,8327452,8395424,0,0,0,0,0,0,0,0,0
632,1890,1,8327300,8395940,0,0,0,0,0,0,1,0,0
632,1891,2,8327376,8395424,0,0,0,0,0,0,0,0,0
632,1892,3,8327452,8395424,0,0,0,0,0,0,0,0,0
633,1893,1,8327300,8395940,0,0,0,0,0,0,1,0,0
633,1894,2,8327376,8395424,0,0,0,0,0,0,0,0,0
633,1895,3,8327452,8395424,0,0,0,0,0,0,0,0,0
634,1896,1,8327300,8395940,0,0,0,0,0,0,1,0,0
634,1897,2,8327376,8395424,0,0,0,0,0,0,0,0,0
634,1898,3,8327452,8395424,0,0,0,0,0,0,0,0,0
635,1899,1,8327300,8395940,0,0,0,0,0,0,1,0,0
635,1900,2,8327376,8395424,0,0,0,0,0,0,0,0,0
635,1901,3,8327452,8395424,0,0,0,0,0,0,0,0,0
636,1902,1,8327300,8395940,0,0,0,0,0,0,1,0,0
636,1903,2,8327376,8395424,0,0,0,0,0,0,0,0,0
636,1904,3,8327452,8395424,0,0,0,0,0,0,0,0,0
637,1905,1,8327300,8395940,0,0,0,0,0,0,1,0,0
637,1906,2,8327376,8395424,0,0,0,0,0,0,0,0,0
637,1907,3,8327452,8395424,0,0,0,0,0,0,0,0,0
638,1908,1,8327300,8395940,0,0,0,0,0,0,1,0,0
638,1909,2,8327376,8395424,0,0,0,0,0,0,0,0,0
638,1910,3,8327452,8395424,0,0,0,0,0,0,0,0,0
639,1911,1,8327300,8395940,0,0,0,0,0,0,1,0,0
639,1912,2,8327376,8395424,0,0,0,0,0,0,0,0,0
639,1913,3,8327452,8395424,0,0,0,0,0,0,0,0,0
640,1914,1,8327300,8395940,0,0,0,0,0,0,1,0,0
640,1915,2,8327376,8395424,0,0,0,0,0,0,0,0,0
640,1916,3,8327452,8395424,0,0,0,0,0,0,0,0,0
641,1917,1,8327300,8395940,0,0,0,0,0,0,1,0,0
641,1918,2,8327376,8395424,0,0,0,0,0,0,0,0,0
641,1919,3,8327452,8395424,0,0,0,0,0,0,0,0,0
642,1920,1,8327300,8395940,0,0,0,0,0,0,1,0,0
642,1921,2,8327376,8395424,0,0,0,0,0,0,0,0,0
642,1922,3,8327452,8395424,0,0,0,0,0,0,0,0,0
643,1923,1,8327300,8395940,0,0,0,0,0,0,1,0,0
643,1924,2,8327376,8395424,0,0,0,0,0,0,0,0,0
643,1925,3,8327452,8395424,0,0,0,0,0,0,0,0,0
644,1926,1,8327300,8395940,0,0,0,0,0,0,1,0,0
644,1927,2,8327376,8395424,0,0,0,0,0,0,0,0,0
644,1928,3,8327452,8395424,0,0,0,0,0,0,0,0,0
645,1929,1,8327300,8395940,0,0,0,0,0,0,1,0,0
645,1930,2,8327376,8395424,0,0,0,0,0,0,0,0,0
645,1931,3,8327452,8395424,0,0,0,0,0,0,0,0,0
646,1932,1,8327300,8395940,0,0,0,0,0,0,1,0,0
646,1933,2,8327376,8395424,0,0,0,0,0,0,0,0,0
646,1934,3,8327452,8395424,0,0,0,0,0,0,0,0,0
647,1935,1,8327300,8395940,0,0,0,0,0,0,1,0,0
647,1936,2,8327376,8395424,0,0,0,0,0,0,0,0,0
647,1937,3,8327452,8395424,0,0,0,0,0,0,0,0,0
648,1938,1,8327300,8395940,0,0,0,0,0,0,1,0,0
648,1939,2,8327376,8395424,0,0,0,0,0,0,0,0,0
648,1940,3,8327452,8395424,0,0,0,0,0,0,0,0,0
649,1941,1,8327300,8395940,0,0,0,0,0,0,1,0,0
649,1942,2,8327376,8395424,0,0,0,0,0,0,0,0,0
649,1943,3,8327452,8395424,0,0,0,0,0,0,0,0,0
650,1944,1,8327300,8395940,0,0,0,0,0,0,1,0,0
650,1945,2,8327376,8395424,0,0,0,0,0,0,0,0,0
650,1946,3,8327452,8395424,0,0,0,0,0,0,0,0,0
651,1947,1,8327300,8395940,0,0,0,0,0,0,1,0,0
651,1948,2,8327376,8395424,0,0,0,0,0,0,0,0,0
651,1949,3,8327452,8395424,0,0,0,0,0,0,0,0,0
652,1950,1,8327300,8395940,0,0,0,0,0,0,1,0,0
652,1951,2,8327376,8395424,0,0,0,0,0,0,0,0,0
652,1952,3,8327452,8395424,0,0,0,0,0,0,0,0,0
653,1953,1,8327300,8395940,0,0,0,0,0,0,1,0,0
653,1954,2,8327376,8395424,0,0,0,0,0,0,0,0,0
653,1955,3,8327452,8395424,0,0,0,0,0,0,0,0,0
654,1956,1,8327300,8395940,0,0,0,0,0,0,1,0,0
654,1957,2,8327376,8395424,0,0,0,0,0,0,0,0,0
654,1958,3,8327452,8395424,0,0,0,0,0,0,0,0,0
655,1959,1,8327300,8395940,0,0,0,0,0,0,1,0,0
655,1960,2,8327376,8395424,0,0,0,0,0,0,0,0,0
655,1961,3,8327452,8395424,0,0,0,0,0,0,0,0,0
656,1962,1,8327300,8395940,0,0,0,0,0,0,1,0,0
656,1963,2,8327376,8395424,0,0,0,0,0,0,0,0,0
656,1964,3,8327452,8395424,0,0,0,0,0,0,0,0,0
657,1965,1,8327300,8395940,0,0,0,0,0,0,1,0,0
657,1966,2,8327376,8395424,0,0,0,0,0,0,0,0,0
657,1967,3,8327452,8395424,0,0,0,0,0,0,0,0,0
658,1968,1,8327300,8395940,0,0,0,0,0,0,1,0,0
658,1969,2,8327376,8395424,0,0,0,0,0,0,0,0,0
658,1970,3,8327452,8395424,0,0,0,0,0,0,0,0,0
659,1971,1,8327300,8395940,0,0,0,0,0,0,1,0,0
659,1972,2,8327376,8395424,0,0,0,0,0,0,0,0,0
659,1973,3,8327452,8395424,0,0,0,0,0,0,0,0,0
660,1974,1,8327300,8395940,0,0,0,0,0,0,1,0,0
660,1975,2,8327376,8395424,0,0,0,0,0,0,0,0,0
660,1976,3,8327452,8395424,0,0,0,0,0,0,0,0,0
661,1977,1,8327300,8395940,0,0,0,0,0,0,1,0,0
661,1978,2,8327376,8395424,0,0,0,0,0,0,0,0,0
661,1979,3,8327452,8395424,0,0,0,0,0,0,0,0,0
662,1980,1,8327300,8395940,0,0,0,0,0,0,1,0,0
662,1981,2,8327376,8395424,0,0,0,0,0,0,0,0,0
662,1982,3,8327452,8395424,0,0,0,0,0,0,0,0,0
663,1983,1,8327300,8395940,0,0,0,0,0,0,1,0,0
663,1984,2,8327376,8395424,0,0,0,0,0,0,0,0,0
663,1985,3,8327452,8395424,0,0,0,0,0,0,0,0,0
664,1986,1,8327300,8395940,0,0,0,0,0,0,1,0,0
664,1987,2,8327376,8395424,0,0,0,0,0,0,0,0,0
664,1988,3,8327452,8395424,0,0,0,0,0,0,0,0,0
665,1989,1,8327300,8395940,0,0,0,0,0,0,1,0,0
665,1990,2,8327376,8395424,0,0,0,0,0,0,0,0,0
665,1991,3,8327452,8395424,0,0,0,0,0,0,0,0,0
666,1992,1,8327300,8395940,0,0,0,0,0,0,1,0,0
666,1993,2,8327376,8395424,0,0,0,0,0,0,0,0,0
666,1994,3,8327452,8395424,0,0,0,0,0,0,0,0,0
667,1995,1,8327300,8395940,0,0,0,0,0,0,1,0,0
667,1996,2,8327376,8395424,0,0,0,0,0,0,0,0,0
667,1997,3,8327452,8395424,0,0,0,0,0,0,0,0,0
668,1998,1,8327300,8395940,0,0,0,0,0,0,1,0,0
668,1999,2,8327376,8395424,0,0,0,0,0,0,0,0,0
668,2000,3,8327452,8395424,0,0,0,0,0,0,0,0,0
669,2001,1,8327300,8395940,0,0,0,0,0,0,1,0,0
669,2002,2,8327376,8395424,0,0,0,0,0,0,0,0,0
669,2003,3,8327452,8395424,0,0,0,0,0,0,0,0,0
670,2004,1,8327300,8395940,0,0,0,0,0,0,1,0,0
670,2005,2,8327376,8395424,0,0,0,0,0,0,0,0,0
670,2006,3,8327452,8395424,0,0,0,0,0,0,0,0,0
671,2007,1,8327300,8395940,0,0,0,0,0,0,1,0,0
671,2008,2,8327376,8395424,0,0,0,0,0,0,0,0,0
671,2009,3,8327452,8395424,0,0,0,0,0,0,0,0,0
672,2010,1,8327300,8395940,0,0,0,0,0,0,1,0,0
672,2011,2,8327376,8395424,0,0,0,0,0,0,0,0,0
672,2012,3,8327452,8395424,0,0,0,0,0,0,0,0,0
673,2013,1,8327300,8395940,0,0,0,0,0,0,1,0,0
673,2014,2,8327376,8395424,0,0,0,0,0,0,0,0,0
673,2015,3,8327452,8395424,0,0,0,0,0,0,0,0,0
674,2016,1,8327300,8395940,0,0,0,0,0,0,1,0,0
674,2017,2,8327376,8395424,0,0,0,0,0,0,0,0,0
674,2018,3,8327452,8395424,0,0,0,0,0,0,0,0,0
675,2019,1,8327300,8395940,0,0,0,0,0,0,1,0,0
675,2020,2,8327376,8395424,0,0,0,0,0,0,0,0,0
675,2021,3,8327452,8395424,0,0,0,0,0,0,0,0,0
676,2022,1,8327300,8395940,0,0,0,0,0,0,1,0,0
676,2023,2,8327376,8395424,0,0,0,0,0,0,0,0,0
676,2024,3,8327452,8395424,0,0,0,0,0,0,0,0,0
677,2025,1,8327300,8395940,0,0,0,0,0,0,1,0,0
677,2026,2,8327376,8395424,0,0,0,0,0,0,0,0,0
677,2027,3,8327452,8395424,0,0,0,0,0,0,0,0,0
678,2028,1,8327300,8395940,0,0,0,0,0,0,1,0,0
678,2029,2,8327376,8395424,0,0,0,0,0,0,0,0,0
678,2030,3,8327452,8395424,0,0,0,0,0,0,0,0,0
679,2031,1,8327300,8395940,0,0,0,0,0,0,1,0,0
679,2032,2,8327376,8395424,0,0,0,0,0,0,0,0,0
679,2033,3,8327452,8395424,0,0,0,0,0,0,0,0,0
680,2034,1,8327300,8395940,0,0,0,0,0,0,1,0,0
680,2035,2,8327376,8395424,0,0,0,0,0,0,0,0,0
680,2036,3,8327452,8395424,0,0,0,0,0,0,0,0,0
681,2037,1,8327300,8395940,0,0,0,0,0,0,1,0,0
681,2038,2,8327376,8395424,0,0,0,0,0,0,0,0,0
681,2039,3,8327452,8395424,0,0,0,0,0,0,0,0,0
682,2040,1,8327300,8395940,0,0,0,0,0,0,1,0,0
682,2041,2,8327376,8395424,0,0,0,0,0,0,0,0,0
682,2042,3,8327452,8395424,0,0,0,0,0,0,0,0,0
683,2043,1,8327300,8395940,0,0,0,0,0,0,1,0,0
683,2044,2,8327376,8395424,0,0,0,0,0,0,0,0,0
683,2045,3,8327452,8395424,0,0,0,0,0,0,0,0,0
684,2046,1,8327300,8395940,0,0,0,0,0,0,1,0,0
684,2047,2,8327376,8395424,0,0,0,0,0,0,0,0,0
684,2048,3,8327452,8395424,0,0,0,0,0,0,0,0,0
685,2049,1,8327300,8395940,0,0,0,0,0,0,1,0,0
685,2050,2,8327376,8395424,0,0,0,0,0,0,0,0,0
685,2051,3,8327452,8395424,0,0,0,0,0,0,0,0,0
686,2052,1,8327300,8395940,0,0,0,0,0,0,1,0,0
686,2053,2,8327376,8395424,0,0,0,0,0,0,0,0,0
686,2054,3,8327452,8395424,0,0,0,0,0,0,0,0,0
687,2055,1,8327300,8395940,0,0,0,0,0,0,1,0,0
687,2056,2,8327376,8395424,0,0,0,0,0,0,0,0,0
687,2057,3,8327452,8395424,0,0,0,0,0,0,0,0,0
688,2058,1,8327300,8395940,0,0,0,0,0,0,1,0,0
688,2059,2,8327376,8395424,0,0,0,0,0,0,0,0,0
688,2060,3,8327452,8395424,0,0,0,0,0,0,0,0,0
689,2061,1,8327300,8395940,0,0,0,0,0,0,1,0,0
689,2062,2,8327376,8395424,0,0,0,0,0,0,0,0,0
689,2063,3,8327452,8395424,0,0,0,0,0,0,0,0,0
690,2064,1,8327300,8395940,0,0,0,0,0,0,1,0,0
690,2065,2,8327376,8395424,0,0,0,0,0,0,0,0,0
690,2066,3,8327452,8395424,0,0,0,0,0,0,0,0,0
691,2067,1,8327300,8395940,0,0,0,0,0,0,1,0,0
691,2068,2,8327376,8395424,0,0,0,0,0,0,0,0,0
691,2069,3,8327452,8395424,0,0,0,0,0,0,0,0,0
692,2070,1,8327300,8395940,0,0,0,0,0,0,1,0,0
692,2071,2,8327376,8395424,0,0,0,0,0,0,0,0,0
692,2072,3,8327452,8395424,0,0,0,0,0,0,0,0,0
693,2073,1,8327300,8395940,0,0,0,0,0,0,1,0,0
693,2074,2,8327376,8395424,0,0,0,0,0,0,0,0,0
693,2075,3,8327452,8395424,0,0,0,0,0,0,0,0,0
694,2076,1,8327300,8395940,0,0,0,0,0,0,1,0,0
694,2077,2,8327376,8395424,0,0,0,0,0,0,0,0,0
694,2078,3,8327452,8395424,0,0,0,0,0,0,0,0,0
695,2079,1,8327300,8395940,0,0,0,0,0,0,1,0,0
695,2080,2,8327376,8395424,0,0,0,0,0,0,0,0,0
695,2081,3,8327452,8395424,0,0,0,0,0,0,0,0,0
696,2082,1,8327300,8395940,0,0,0,0,0,0,1,0,0
696,2083,2,8327376,8395424,0,0,0,0,0,0,0,0,0
696,2084,3,8327452,8395424,0,0,0,0,0,0,0,0,0
697,2085,1,8327300,8395940,0,0,0,0,0,0,1,0,0
697,2086,2,8327376,8395424,0,0,0,0,0,0,0,0,0
697,2087,3,8327452,8395424,0,0,0,0,0,0,0,0,0
698,2088,1,8327300,8395940,0,0,0,0,0,0,1,0,0
698,2089,2,8327376,8395424,0,0,0,0,0,0,0,0,0
698,2090,3,8327452,8395424,0,0,0,0,0,0,0,0,0
699,2091,1,8327300,8395940,0,0,0,0,0,0,1,0,0
699,2092,2,8327376,8395424,0,0,0,0,0,0,0,0,0
699,2093,3,8327452,8395424,0,0,0,0,0,0,0,0,0
700,2094,1,8327300,8395940,0,0,0,0,0,0,1,0,0
700,2095,2,8327376,8395424,0,0,0,0,0,0,0,0,0
700,2096,3,8327452,8395424,0,0,0,0,0,0,0,0,0
701,2097,1,8327300,8395940,0,0,0,0,0,0,1,0,0
701,2098,2,8327376,8395424,0,0,0,0,0,0,0,0,0
701,2099,3,8327452,8395424,0,0,0,0,0,0,0,0,0
702,2100,1,8327300,8395940,0,0,0,0,0,0,1,0,0
702,2101,2,8327376,8395424,0,0,0,0,0,0,0,0,0
702,2102,3,8327452,8395424,0,0,0,0,0,0,0,0,0
703,2103,1,8327300,8395940,0,0,0,0,0,0,1,0,0
703,2104,2,8327376,8395424,0,0,0,0,0,0,0,0,0
703,2105,3,8327452,8395424,0,0,0,0,0,0,0,0,0
704,2106,1,8327300,8395940,0,0,0,0,0,0,1,0,0
704,2107,2,8327376,8395424,0,0,0,0,0,0,0,0,0
704,2108,3,8327452,8395424,0,0,0,0,0,0,0,0,0
705,2109,1,8327300,8395940,0,0,0,0,0,0,1,0,0
705,2110,2,8327376,8395424,0,0,0,0,0,0,0,0,0
705,2111,3,8327452,8395424,0,0,0,0,0,0,0,0,0
706,2112,1,8327300,8395940,0,0,0,0,0,0,1,0,0
706,2113,2,8327376,8395424,0,0,0,0,0,0,0,0,0
706,2114,3,8327452,8395424,0,0,0,0,0,0,0,0,0
707,2115,1,8327300,8395940,0,0,0,0,0,0,1,0,0
707,2116,2,8327376,8395424,0,0,0,0,0,0,0,0,0
707,2117,3,8327452,8395424,0,0,0,0,0,0,0,0,0
708,2118,1,8327300,8395940,0,0,0,0,0,0,1,0,0
708,2119,2,8327376,8395424,0,0,0,0,0,0,0,0,0
708,2120,3,8327452,8395424,0,0,0,0,0,0,0,0,0
709,2121,1,8327300,8395940,0,0,0,0,0,0,1,0,0
709,2122,2,8327376,8395424,0,0,0,0,0,0,0,0,0
709,2123,3,8327452,8395424,0,0,0,0,0,0,0,0,0
710,2124,1,8327300,8395940,0,0,0,0,0,0,1,0,0
710,2125,2,8327376,8395424,0,0,0,0,0,0,0,0,0
710,2126,3,8327452,8395424,0,0,0,0,0,0,0,0,0
711,2127,1,8327300,8395940,0,0,0,0,0,0,1,0,0
711,2128,2,8327376,8395424,0,0,0,0,0,0,0,0,0
711,2129,3,8327452,8395424,0,0,0,0,0,0,0,0,0
712,2130,1,8327300,8395940,0,0,0,0,0,0,1,0,0
712,2131,2,8327376,8395424,0,0,0,0,0,0,0,0,0
712,2132,3,8327452,8395424,0,0,0,0,0,0,0,0,0
713,2133,1,8327300,8395940,0,0,0,0,0,0,1,0,0
713,2134,2,8327376,8395424,0,0,0,0,0,0,0,0,0
713,2135,3,8327452,8395424,0,0,0,0,0,0,0,0,0
714,2136,1,8327300,8395940,0,0,0,0,0,0,1,0,0
714,2137,2,8327376,8395424,0,0,0,0,0,0,0,0,0
714,2138,3,8327452,8395424,0,0,0,0,0,0,0,0,0
715,2139,1,8327300,8395940,0,0,0,0,0,0,1,0,0
715,2140,2,8327376,8395424,0,0,0,0,0,0,0,0,0
715,2141,3,8327452,8395424,0,0,0,0,0,0,0,0,0
716,2142,1,8327300,8395940,0,0,0,0,0,0,1,0,0
716,2143,2,8327376,8395424,0,0,0,0,0,0,0,0,0
716,2144,3,8327452,8395424,0,0,0,0,0,0,0,0,0
717,2145,1,8327300,8395940,0,0,0,0,0,0,1,0,0
717,2146,2,8327376,8395424,0,0,0,0,0,0,0,0,0
717,2147,3,8327452,8395424,0,0,0,0,0,0,0,0,0
718,2148,1,8327300,8395940,0,0,0,0,0,0,1,0,0
718,2149,2,8327376,8395424,0,0,0,0,0,0,0,0,0
718,2150,3,8327452,8395424,0,0,0,0,0,0,0,0,0
719,2151,1,8327300,8395940,0,0,0,0,0,0,1,0,0
719,2152,2,8327376,8395424,0,0,0,0,0,0,0,0,0
719,2153,3,8327452,8395424,0,0,0,0,0,0,0,0,0
720,2154,1,8327300,8395940,0,0,0,0,0,0,1,0,0
720,2155,2,8327376,8395424,0,0,0,0,0,0,0,0,0
720,2156,3,8327452,8395424,0,0,0,0,0,0,0,0,0
721,2157,1,8327300,8395940,0,0,0,0,0,0,1,0,0
721,2158,2,8327376,8395424,0,0,0,0,0,0,0,0,0
721,2159,3,8327452,8395424,0,0,0,0,0,0,0,0,0
722,2160,1,8327300,8395940,0,0,0,0,0,0,1,0,0
722,2161,2,8327376,8395424,0,0,0,0,0,0,0,0,0
722,2162,3,8327452,8395424,0,0,0,0,0,0,0,0,0
723,2163,1,8327300,8395940,0,0,0,0,0,0,1,0,0
723,2164,2,8327376,8395424,0,0,0,0,0,0,0,0,0
723,2165,3,8327452,8395424,0,0,0,0,0,0,0,0,0
724,2166,1,8327300,8395940,0,0,0,0,0,0,1,0,0
724,2167,2,8327376,8395424,0,0,0,0,0,0,0,0,0
724,2168,3,8327452,8395424,0,0,0,0,0,0,0,0,0
837,2169,1,8327300,8395424,0,0,0,255,0,0,0,0,0
837,2170,2,8327376,8395424,0,0,0,255,0,0,0,0,0
837,2171,3,8327452,8395424,0,0,0,255,0,0,0,0,0
838,2172,1,8327300,8395424,1,0,0,255,0,0,0,0,0
838,2173,2,8327376,8395424,11,0,0,255,0,0,0,0,0
838,2174,3,8327452,8395424,4,0,0,255,0,0,0,0,0
839,2175,1,8327300,8395424,2,0,0,255,0,0,0,0,0
839,2176,2,8327376,8395424,23,0,0,255,0,0,0,0,0
839,2177,3,8327452,8395424,9,0,0,255,0,0,0,0,0
840,2178,1,8327300,8395424,4,0,0,255,0,0,0,0,0
840,2179,2,8327376,8395424,35,0,0,255,0,0,0,0,0
840,2180,3,8327452,8395424,14,0,0,255,0,0,0,0,0
841,2181,1,8327300,8395424,4,0,0,255,0,0,0,0,0
841,2182,2,8327376,8395424,46,0,0,255,0,0,0,0,0
841,2183,3,8327452,8395424,19,0,0,255,0,0,0,0,0
842,2184,1,8327300,8395424,6,0,0,255,0,0,0,0,0
842,2185,2,8327376,8395424,56,0,0,255,0,0,0,0,0
842,2186,3,8327452,8395424,23,0,0,255,0,0,0,0,0
843,2187,1,8327300,8395424,8,0,0,255,0,0,0,0,0
843,2188,2,8327376,8395424,64,0,0,255,0,0,0,0,0
843,2189,3,8327452,8395424,26,0,0,255,0,0,0,0,0
844,2190,1,8327300,8395424,8,0,0,255,0,0,0,0,0
844,2191,2,8327376,8395424,66,0,0,255,0,0,0,0,0
844,2192,3,8327452,8395424,27,0,0,255,0,0,0,0,0
845,2193,1,8327300,8395424,9,0,0,255,0,0,0,0,0
845,2194,2,8327376,8395424,63,0,0,255,0,0,0,0,0
845,2195,3,8327452,8395424,26,0,0,255,0,0,0,0,0
846,2196,1,8327300,8395424,8,0,0,255,0,0,0,0,0
846,2197,2,8327376,8395424,59,0,0,255,0,0,0,0,0
846,2198,3,8327452,8395424,24,0,0,255,0,0,0,0,0
847,2199,1,8327300,8395424,9,0,0,255,0,0,0,0,0
847,2200,2,8327376,8395424,56,0,0,255,0,0,0,0,0
847,2201,3,8327452,8395424,23,0,0,255,0,0,0,0,0
848,2202,1,8327300,8395424,9,0,0,255,0,0,0,0,0
848,2203,2,8327376,8395424,53,0,0,255,0,0,0,0,0
848,2204,3,8327452,8395424,21,0,0,255,0,0,0,0,0
849,2205,1,8327300,8395424,7,0,0,255,0,0,0,0,0
849,2206,2,8327376,8395424,49,0,0,255,0,0,0,0,0
849,2207,3,8327452,8395424,20,0,0,255,0,0,0,0,0
850,2208,1,8327300,8395424,8,0,0,255,0,0,0,0,0
850,2209,2,8327376,8395424,46,0,0,255,0,0,0,0,0
850,2210,3,8327452,8395424,19,0,0,255,0,0,0,0,0
851,2211,1,8327300,8395424,8,0,0,255,0,0,0,0,0
851,2212,2,8327376,8395424,43,0,0,255,0,0,0,0,0
851,2213,3,8327452,8395424,17,0,0,255,0,0,0,0,0
852,2214,1,8327300,8395424,7,0,0,255,0,0,0,0,0
852,2215,2,8327376,8395424,40,0,0,255,0,0,0,0,0
852,2216,3,8327452,8395424,19,0,0,255,0,0,0,0,0
853,2217,1,8327300,8395424,8,0,0,255,0,0,0,0,0
853,2218,2,8327376,8395424,37,0,0,255,0,0,0,0,0
853,2219,3,8327452,8395424,17,0,0,255,0,0,0,0,0
854,2220,1,8327300,8395424,7,0,0,255,0,0,0,0,0
854,2221,2,8327376,8395424,34,0,0,255,0,0,0,0,0
854,2222,3,8327452,8395424,13,0,0,255,0,0,0,0,0
855,2223,1,8327300,8395424,7,0,0,255,0,0,0,0,0
855,2224,2,8327376,8395424,31,0,0,255,0,0,0,0,0
855,2225,3,8327452,8395424,15,0,0,255,0,0,0,0,0
856,2226,1,8327300,8395424,7,0,0,255,0,0,0,0,0
856,2227,2,8327376,8395424,29,0,0,255,0,0,0,0,0
856,2228,3,8327452,8395424,13,0,0,255,0,0,0,0,0
857,2229,1,8327300,8395424,6,0,0,255,0,0,0,0,0
857,2230,2,8327376,8395424,26,0,0,255,0,0,0,0,0
857,2231,3,8327452,8395424,15,0,0,255,0,0,0,0,0
858,2232,1,8327300,8395424,8,0,0,255,0,0,0,0,0
858,2233,2,8327376,8395424,23,0,0,255,0,0,0,0,0
858,2234,3,8327452,8395424,11,0,0,255,0,0,0,0,0
859,2235,1,8327300,8395424,8,0,0,255,0,0,0,0,0
859,2236,2,8327376,8395424,21,0,0,255,0,0,0,0,0
859,2237,3,8327452,8395424,12,0,0,255,0,0,0,0,0
860,2238,1,8327300,8395424,7,0,0,255,0,0,0,0,0
860,2239,2,8327376,8395424,15,255,0,255,255,0,0,1440,3
860,2240,3,8327452,8395424,11,0,0,255,0,0,0,0,0
861,2241,1,8327300,8395424,7,0,0,255,0,0,0,0,0
861,2242,2,8327376,8395424,10,255,0,255,255,0,0,1390,3
861,2243,3,8327452,8395424,13,0,0,255,0,0,0,0,0
862,2244,1,8327300,8395424,5,0,0,255,0,0,0,0,0
862,2245,2,8327376,8395424,5,255,0,255,255,0,0,1340,3
862,2246,3,8327452,8395424,8,0,0,255,0,0,0,0,0
863,2247,1,8327300,8395424,8,0,0,255,0,0,0,0,0
863,2248,2,8327376,8395424,0,255,0,255,255,0,0,1290,3
863,2249,3,8327452,8395424,7,0,0,255,0,0,0,0,0
864,2250,1,8327300,8395424,0,0,0,255,0,0,0,0,0
864,2251,2,8327376,8395424,0,255,0,255,255,0,0,1240,3
864,2252,3,8327452,8395424,10,0,0,255,0,0,0,0,0
865,2253,1,8327300,8395424,0,0,0,255,0,0,0,0,0
865,2254,2,8327376,8395424,0,255,0,255,255,0,0,1190,3
865,2255,3,8327452,8395424,8,0,0,255,0,0,0,0,0
866,2256,1,8327300,8395424,0,0,0,255,0,0,0,0,0
866,2257,2,8327376,8395424,0,255,0,255,255,0,0,1140,3
866,2258,3,8327452,8395424,7,0,0,255,0,0,0,0,0
867,2259,1,8327300,8395424,9,0,0,255,0,0,0,0,0
867,2260,2,8327376,8395424,0,255,0,255,255,0,0,1090,3
867,2261,3,8327452,8395424,10,0,0,255,0,0,0,0,0
868,2262,1,8327300,8395424,10,0,0,255,0,0,0,0,0
868,2263,2,8327376,8395424,0,255,0,255,255,0,0,1040,3
868,2264,3,8327452,8395424,0,0,0,255,0,0,0,0,0
869,2265,1,8327300,8395424,8,0,0,255,0,0,0,0,0
869,2266,2,8327376,8395424,0,255,0,255,255,0,0,990,3
869,2267,3,8327452,8395424,9,0,0,255,0,0,0,0,0
870,2268,1,8327300,8395424,7,0,0,255,0,0,0,0,0
870,2269,2,8327376,8395424,0,255,0,255,255,0,0,940,3
870,2270,3,8327452,8395424,0,0,0,255,0,0,0,0,0
871,2271,1,8327300,8395424,0,0,0,255,0,0,0,0,0
871,2272,2,8327376,8395424,0,255,0,255,255,0,0,890,3
871,2273,3,8327452,8395424,0,0,0,255,0,0,0,0,0
872,2274,1,8327300,8395424,8,0,0,255,0,0,0,0,0
872,2275,2,8327376,8395424,0,255,0,255,255,0,0,840,3
872,2276,3,8327452,8395424,10,0,0,255,0,0,0,0,0
873,2277,1,8327300,8395424,9,0,0,255,0,0,0,0,0
873,2278,2,8327376,8395424,0,255,0,255,255,0,0,790,3
873,2279,3,8327452,8395424,12,0,0,255,0,0,0,0,0
874,2280,1,8327300,8395424,9,0,0,255,0,0,0,0,0
874,2281,2,8327376,8395424,0,255,0,255,255,0,0,740,3
874,2282,3,8327452,8395424,11,0,0,255,0,0,0,0,0
875,2283,1,8327300,8395424,0,0,0,255,0,0,0,0,0
875,2284,2,8327376,8395424,0,255,0,255,255,0,0,690,3
875,2285,3,8327452,8395424,0,0,0,255,0,0,0,0,0
876,2286,1,8327300,8395424,10,0,0,255,0,0,0,0,0
876,2287,2,8327376,8395424,0,0,0,255,0,0,0,640,0
876,2288,3,8327452,8395424,178,0,0,255,0,0,0,0,3
877,2289,1,8327300,8395424,9,0,0,255,0,0,0,0,0
877,2290,2,8327376,8395424,0,0,0,255,0,0,0,590,0
877,2291,3,8327452,8395424,227,0,0,0,255,0,0,0,3
878,2292,1,8327300,8395424,8,0,0,255,0,0,0,0,0
878,2293,2,8327376,8395424,0,0,0,255,0,0,0,540,0
878,2294,3,8327452,8395424,255,0,0,255,255,0,0,0,3
879,2295,1,8327300,8395424,0,0,0,255,0,0,0,0,0
879,2296,2,8327376,8395424,0,0,0,255,0,0,0,490,0
879,2297,3,8327452,8395424,191,0,0,255,0,0,0,0,0
880,2298,1,8327300,8395424,11,0,0,255,0,0,0,0,0
880,2299,2,8327376,8395424,0,0,0,255,0,0,0,440,0
880,2300,3,8327452,8395424,127,0,0,255,0,0,0,0,0
881,2301,1,8327300,8395424,0,0,0,255,0,0,0,0,0
881,2302,2,8327376,8395424,0,255,0,255,255,0,0,390,3
881,2303,3,8327452,8395424,0,0,0,0,255,0,0,0,0
882,2304,1,8327300,8395424,12,0,0,255,0,0,0,0,0
882,2305,2,8327376,8395424,0,255,0,255,255,0,0,340,3
882,2306,3,8327452,8395424,0,0,0,0,255,0,0,0,0
883,2307,1,8327300,8395424,0,0,0,255,0,0,0,0,0
883,2308,2,8327376,8395424,0,0,0,255,0,0,0,290,0
883,2309,3,8327452,8395424,0,0,0,0,255,0,0,0,0
884,2310,1,8327300,8395424,13,0,0,255,0,0,0,0,0
884,2311,2,8327376,8395424,0,0,0,255,0,0,0,240,0
884,2312,3,8327452,8395424,0,0,0,0,255,0,0,0,0
885,2313,1,8327300,8395424,0,0,0,255,0,0,0,0,0
885,2314,2,8327376,8395424,0,0,0,255,0,0,0,190,0
885,2315,3,8327452,8395424,0,0,0,0,255,0,0,0,0
886,2316,1,8327300,8395424,10,0,0,255,0,0,0,0,0
886,2317,2,8327376,8395424,0,6,0,255,0,0,0,140,0
886,2318,3,8327452,8395424,0,0,0,0,255,0,0,0,0
887,2319,1,8327300,8395424,12,0,0,255,0,0,0,0,0
887,2320,2,8327376,8395424,0,8,0,255,0,0,0,90,0
887,2321,3,8327452,8395424,0,0,0,0,255,0,0,0,0
888,2322,1,8327300,8395424,8,0,0,255,0,0,0,0,0
888,2323,2,8327376,8395424,0,9,0,255,0,0,0,40,0
888,2324,3,8327452,8395424,0,0,0,0,255,0,0,0,0
889,2325,1,8327300,8395424,7,0,0,255,0,0,0,0,0
889,2326,2,8327376,8395424,0,11,0,255,0,0,0,0,0
889,2327,3,8327452,8395424,0,0,0,0,255,0,0,0,0
890,2328,1,8327300,8395424,10,0,0,255,0,0,0,0,0
890,2329,2,8327376,8395424,0,12,0,255,0,0,0,0,0
890,2330,3,8327452,8395424,0,0,0,0,255,0,0,0,0
891,2331,1,8327300,8395424,9,0,0,255,0,0,0,0,0
891,2332,2,8327376,8395424,0,6,0,255,0,0,0,0,0
891,2333,3,8327452,8395424,0,0,0,0,255,0,0,0,0
892,2334,1,8327300,8395424,0,0,0,255,0,0,0,0,0
892,2335,2,8327376,8395424,0,7,0,255,0,0,0,0,0
892,2336,3,8327452,8395424,0,0,0,0,255,0,0,0,0
893,2337,1,8327300,8395424,10,0,0,255,0,0,0,0,0
893,2338,2,8327376,8395424,0,7,0,255,0,0,0,0,0
893,2339,3,8327452,8395424,0,0,0,0,255,0,0,0,0
894,2340,1,8327300,8395424,9,0,0,255,0,0,0,0,0
894,2341,2,8327376,8395424,0,8,0,255,0,0,0,0,0
894,2342,3,8327452,8395424,0,0,0,0,255,0,0,0,0
895,2343,1,8327300,8395424,0,0,0,255,0,0,0,0,0
895,2344,2,8327376,8395424,0,9,0,255,0,0,0,0,0
895,2345,3,8327452,8395424,0,87,0,255,0,0,0,0,0
896,2346,1,8327300,8395424,8,0,0,255,0,0,0,0,0
896,2347,2,8327376,8395424,0,9,0,255,0,0,0,0,0
896,2348,3,8327452,8395424,0,83,0,255,0,0,0,0,0
897,2349,1,8327300,8395424,0,0,0,255,0,0,0,0,0
897,2350,2,8327376,8395424,0,9,0,255,0,0,0,1440,0
897,2351,3,8327452,8395424,0,85,0,255,0,0,0,0,0
898,2352,1,8327300,8395424,0,0,0,255,0,0,0,0,0
898,2353,2,8327376,8395424,0,6,0,255,0,0,0,1390,0
898,2354,3,8327452,8395424,0,83,0,255,0,0,0,0,0
899,2355,1,8327300,8395424,0,0,0,255,0,0,0,0,0
899,2356,2,8327376,8395424,0,6,0,255,0,0,0,1340,0
899,2357,3,8327452,8395424,0,80,0,255,0,0,0,0,0
900,2358,1,8327300,8395424,0,0,0,255,0,0,0,0,0
900,2359,2,8327376,8395424,0,6,0,255,0,0,0,1290,0
900,2360,3,8327452,8395424,0,79,0,255,0,0,0,0,0
901,2361,1,8327300,8395424,10,0,0,255,0,0,0,0,0
901,2362,2,8327376,8395424,0,6,0,255,0,0,0,1240,0
901,2363,3,8327452,8395424,0,78,0,255,0,0,0,0,0
902,2364,1,8327300,8395424,9,0,0,255,0,0,0,0,0
902,2365,2,8327376,8395424,0,6,0,255,0,0,0,1190,0
902,2366,3,8327452,8395424,0,73,0,255,0,0,0,0,0
903,2367,1,8327300,8395424,0,0,0,255,0,0,0,0,0
903,2368,2,8327376,8395424,0,5,0,255,0,0,0,1140,0
903,2369,3,8327452,8395424,0,72,0,255,0,0,0,0,0
904,2370,1,8327300,8395424,13,0,0,255,0,0,0,0,0
904,2371,2,8327376,8395424,0,0,0,255,0,0,0,1090,0
904,2372,3,8327452,8395424,0,72,0,255,0,0,0,0,0
905,2373,1,8327300,8395424,0,0,0,255,0,0,0,0,0
905,2374,2,8327376,8395424,0,0,0,255,0,0,0,1040,0
905,2375,3,8327452,8395424,0,70,0,255,0,0,0,0,0
906,2376,1,8327300,8395424,0,0,0,255,0,0,0,0,0
906,2377,2,8327376,8395424,0,0,0,255,0,0,0,990,0
906,2378,3,8327452,8395424,0,70,0,255,0,0,0,0,0
907,2379,1,8327300,8395424,0,0,0,255,0,0,0,0,0
907,2380,2,8327376,8395424,0,0,0,255,0,0,0,940,0
907,2381,3,8327452,8395424,0,69,0,255,0,0,0,0,0
908,2382,1,8327300,8395424,12,0,0,255,0,0,0,0,0
908,2383,2,8327376,8395424,0,0,0,255,0,0,0,890,0
908,2384,3,8327452,8395424,0,69,0,255,0,0,0,0,0
909,2385,1,8327300,8395424,0,0,0,255,0,0,0,0,0
909,2386,2,8327376,8395424,0,0,0,255,0,0,0,840,0
909,2387,3,8327452,8395424,0,67,0,255,0,0,0,0,0
910,2388,1,8327300,8395424,11,0,0,255,0,0,0,0,0
910,2389,2,8327376,8395424,0,0,0,255,0,0,0,790,0
910,2390,3,8327452,8395424,0,66,0,255,0,0,0,0,0
911,2391,1,8327300,8395424,9,0,0,255,0,0,0,0,0
911,2392,2,8327376,8395424,0,0,0,255,0,0,0,740,0
911,2393,3,8327452,8395424,0,64,0,255,0,0,0,0,0
912,2394,1,8327300,8395424,0,0,0,255,0,0,0,0,0
912,2395,2,8327376,8395424,0,0,0,255,0,0,0,690,0
912,2396,3,8327452,8395424,0,62,0,255,0,0,0,0,0
913,2397,1,8327300,8395424,0,0,0,255,0,0,0,0,0
913,2398,2,8327376,8395424,0,0,0,255,0,0,0,640,0
913,2399,3,8327452,8395424,0,61,0,255,0,0,0,0,0
914,2400,1,8327300,8395424,0,0,0,255,0,0,0,0,0
914,2401,2,8327376,8395424,0,0,0,255,0,0,0,590,0
914,2402,3,8327452,8395424,0,59,0,255,0,0,0,0,0
915,2403,1,8327300,8395424,0,0,0,255,0,0,0,0,0
915,2404,2,8327376,8395424,0,0,0,255,0,0,0,540,0
915,2405,3,8327452,8395424,0,56,0,255,0,0,0,0,0
916,2406,1,8327300,8395424,0,0,0,255,0,0,0,0,0
916,2407,2,8327376,8395424,0,0,0,255,0,0,0,490,0
916,2408,3,8327452,8395424,0,55,0,255,0,0,0,0,0
917,2409,1,8327300,8395424,0,0,0,255,0,0,0,0,0
917,2410,2,8327376,8395424,0,0,0,255,0,0,0,440,0
917,2411,3,8327452,8395424,0,53,0,255,0,0,0,0,0
918,2412,1,8327300,8395424,0,0,0,255,0,0,0,0,0
918,2413,2,8327376,8395424,0,0,0,255,0,0,0,390,0
918,2414,3,8327452,8395424,0,51,0,255,0,0,0,0,0
919,2415,1,8327300,8395424,0,0,0,255,0,0,0,0,0
919,2416,2,8327376,8395424,0,0,0,255,0,0,0,340,0
919,2417,3,8327452,8395424,0,49,0,255,0,0,0,0,0
920,2418,1,8327300,8395424,0,0,0,255,0,0,0,0,0
920,2419,2,8327376,8395424,0,0,0,255,0,0,0,290,0
920,2420,3,8327452,8395424,0,46,0,255,0,0,0,0,0
921,2421,1,8327300,8395424,0,0,0,255,0,0,0,0,0
921,2422,2,8327376,8395424,0,0,0,255,0,0,0,240,0
921,2423,3,8327452,8395424,0,45,0,255,0,0,0,0,0
922,2424,1,8327300,8395424,0,0,0,255,0,0,0,0,0
922,2425,2,8327376,8395424,0,0,0,255,0,0,0,190,0
922,2426,3,8327452,8395424,0,42,0,255,0,0,0,0,0
923,2427,1,8327300,8395424,0,0,0,255,0,0,0,0,0
923,2428,2,8327376,8395424,0,0,0,255,0,0,0,140,0
923,2429,3,8327452,8395424,0,41,0,255,0,0,0,0,0
924,2430,1,8327300,8395424,0,0,0,255,0,0,0,0,0
924,2431,2,8327376,8395424,0,0,0,255,0,0,0,90,0
924,2432,3,8327452,8395424,0,39,0,255,0,0,0,0,0
925,2433,1,8327300,8395424,0,0,0,255,0,0,0,0,0
925,2434,2,8327376,8395424,0,0,0,255,0,0,0,40,0
925,2435,3,8327452,8395424,0,37,0,255,0,0,0,0,0
926,2436,1,8327300,8395424,0,0,0,255,0,0,0,0,0
926,2437,2,8327376,8395424,0,0,0,255,0,0,0,0,0
926,2438,3,8327452,8395424,0,36,0,255,0,0,0,0,0
927,2439,1,8327300,8395424,0,0,0,255,0,0,0,0,0
927,2440,2,8327376,8395424,0,0,0,255,0,0,0,0,0
927,2441,3,8327452,8395424,0,34,0,255,0,0,0,0,0
928,2442,1,8327300,8395424,0,0,0,255,0,0,0,0,0
928,2443,2,8327376,8395424,0,0,0,255,0,0,0,0,0
928,2444,3,8327452,8395424,0,32,0,255,0,0,0,0,0
929,2445,1,8327300,8395424,0,0,0,255,0,0,0,0,0
929,2446,2,8327376,8395424,0,0,0,255,0,0,0,0,0
929,2447,3,8327452,8395424,0,31,0,255,0,0,0,0,0
930,2448,1,8327300,8395424,0,26,0,255,0,0,0,0,0
930,2449,2,8327376,8395424,0,0,0,255,0,0,0,0,0
930,2450,3,8327452,8395424,0,29,0,255,0,0,0,0,0
931,2451,1,8327300,8395424,0,26,0,255,0,0,0,0,0
931,2452,2,8327376,8395424,15,0,0,255,0,0,0,0,0
931,2453,3,8327452,8395424,0,29,0,255,0,0,0,0,0
932,2454,1,8327300,8395424,0,32,0,255,0,0,0,0,0
932,2455,2,8327376,8395424,13,0,0,255,0,0,0,0,0
932,2456,3,8327452,8395424,0,27,0,255,0,0,0,0,0
933,2457,1,8327300,8395424,0,33,0,255,0,0,0,0,0
933,2458,2,8327376,8395424,11,0,0,255,0,0,0,0,0
933,2459,3,8327452,8395424,0,26,0,255,0,0,0,0,0
934,2460,1,8327300,8395424,0,38,0,255,0,0,0,0,0
934,2461,2,8327376,8395424,9,0,0,255,0,0,0,0,0
934,2462,3,8327452,8395424,0,25,0,255,0,0,0,0,0
935,2463,1,8327300,8395424,0,37,0,255,0,0,0,0,0
935,2464,2,8327376,8395424,8,0,0,255,0,0,0,0,0
935,2465,3,8327452,8395424,0,24,0,255,0,0,0,0,0
936,2466,1,8327300,8395424,0,41,0,255,0,0,0,0,0
936,2467,2,8327376,8395424,0,0,0,255,0,0,0,0,0
936,2468,3,8327452,8395424,0,23,0,255,0,0,0,0,0
937,2469,1,8327300,8395424,0,0,0,64,0,0,0,0,7
937,2470,2,8327376,8395424,0,0,0,255,0,0,0,0,0
937,2471,3,8327452,8395424,0,26,0,255,0,0,0,0,0
938,2472,1,8327300,8395424,0,0,0,64,0,0,0,0,7
938,2473,2,8327376,8395424,7,0,0,255,0,0,0,0,0
938,2474,3,8327452,8395424,0,24,0,255,0,0,0,0,0
939,2475,1,8327300,8395424,0,0,0,64,0,0,0,0,7
939,2476,2,8327376,8395424,0,0,0,255,0,0,0,0,0
939,2477,3,8327452,8395424,0,23,0,255,0,0,0,0,0
940,2478,1,8327300,8395424,0,0,0,64,0,0,0,0,7
940,2479,2,8327376,8395424,0,0,0,255,0,0,0,0,0
940,2480,3,8327452,8395424,0,22,0,255,0,0,0,0,0
941,2481,1,8327300,8395424,0,0,0,64,0,0,0,0,7
941,2482,2,8327376,8395424,17,0,0,255,0,0,0,0,0
941,2483,3,8327452,8395424,0,22,0,255,0,0,0,0,0
942,2484,1,8327300,8395424,0,0,0,64,0,0,0,0,7
942,2485,2,8327376,8395424,14,0,0,255,0,0,0,0,0
942,2486,3,8327452,8395424,0,25,0,255,0,0,0,0,0
943,2487,1,8327300,8395424,0,0,0,64,0,0,0,0,7
943,2488,2,8327376,8395424,11,0,0,255,0,0,0,0,0
943,2489,3,8327452,8395424,0,24,0,255,0,0,0,0,0
944,2490,1,8327300,8395424,0,0,0,64,0,0,0,0,7
944,2491,2,8327376,8395424,9,0,0,255,0,0,0,0,0
944,2492,3,8327452,8395424,0,23,0,255,0,0,0,0,0
945,2493,1,8327300,8395424,0,0,0,64,0,0,0,0,7
945,2494,2,8327376,8395424,0,0,0,255,0,0,0,0,0
945,2495,3,8327452,8395424,0,23,0,255,0,0,0,0,0
946,2496,1,8327300,8395424,0,0,0,64,0,0,0,0,7
946,2497,2,8327376,8395424,0,0,0,255,0,0,0,0,0
946,2498,3,8327452,8395424,0,21,0,255,0,0,0,0,0
947,2499,1,8327300,8395424,0,0,0,64,0,0,0,0,7
947,2500,2,8327376,8395424,0,0,0,255,0,0,0,0,0
947,2501,3,8327452,8395424,0,0,0,255,0,0,0,0,0
948,2502,1,8327300,8395424,0,0,0,64,0,0,0,0,7
948,2503,2,8327376,8395424,0,0,0,255,0,0,0,0,0
948,2504,3,8327452,8395424,0,0,0,255,0,0,0,0,0
949,2505,1,8327300,8395424,0,0,0,64,0,0,0,0,7
949,2506,2,8327376,8395424,0,0,0,255,0,0,0,0,0
949,2507,3,8327452,8395424,0,0,0,255,0,0,0,0,0
950,2508,1,8327300,8395424,0,0,0,64,0,0,0,0,7
950,2509,2,8327376,8395424,0,0,0,255,0,0,0,0,0
950,2510,3,8327452,8395424,0,0,0,255,0,0,0,0,0
951,2511,1,8327300,8395424,0,0,0,64,0,0,0,0,7
951,2512,2,8327376,8395424,19,0,0,255,0,0,0,0,0
951,2513,3,8327452,8395424,0,0,0,255,0,0,0,0,0
952,2514,1,8327300,8395424,0,0,0,64,0,0,0,0,7
952,2515,2,8327376,8395424,15,0,0,255,0,0,0,0,0
952,2516,3,8327452,8395424,0,0,0,255,0,0,0,0,0
953,2517,1,8327300,8395424,0,0,0,64,0,0,0,0,7
953,2518,2,8327376,8395424,12,0,0,255,0,0,0,0,0
953,2519,3,8327452,8395424,0,0,0,255,0,0,0,0,0
954,2520,1,8327300,8395424,0,0,0,64,0,0,0,0,7
954,2521,2,8327376,8395424,8,0,0,255,0,0,0,0,0
954,2522,3,8327452,8395424,0,0,0,255,0,0,0,0,0
955,2523,1,8327300,8395424,0,0,0,64,0,0,0,0,7
955,2524,2,8327376,8395424,0,0,0,255,0,0,0,0,0
955,2525,3,8327452,8395424,42,0,0,255,0,0,0,0,0
956,2526,1,8327300,8395424,0,0,0,64,0,0,0,0,7
956,2527,2,8327376,8395424,0,0,0,255,0,0,0,0,0
956,2528,3,8327452,8395424,0,0,0,255,0,0,0,0,0
957,2529,1,8327300,8395424,0,0,0,64,0,0,0,0,7
957,2530,2,8327376,8395424,0,0,0,255,0,0,0,0,0
957,2531,3,8327452,8395424,0,0,0,255,0,0,0,0,0
958,2532,1,8327300,8395424,0,0,0,64,0,0,0,0,7
958,2533,2,8327376,8395424,0,0,0,255,0,0,0,0,0
958,2534,3,8327452,8395424,49,0,0,255,0,0,0,0,0
959,2535,1,8327300,8395424,0,0,0,64,0,0,0,0,7
959,2536,2,8327376,8395424,0,0,0,255,0,0,0,0,0
959,2537,3,8327452,8395424,0,0,0,255,0,0,0,0,0
960,2538,1,8327300,8395424,0,0,0,64,0,0,0,0,7
960,2539,2,8327376,8395424,23,0,0,255,0,0,0,0,0
960,2540,3,8327452,8395424,0,0,0,255,0,0,0,0,0
961,2541,1,8327300,8395424,0,0,0,64,0,0,0,0,7
961,2542,2,8327376,8395424,16,0,0,255,0,0,0,0,0
961,2543,3,8327452,8395424,54,0,0,255,0,0,0,0,0
962,2544,1,8327300,8395424,9,0,0,64,0,0,0,0,7
962,2545,2,8327376,8395424,0,0,0,255,0,0,0,0,0
962,2546,3,8327452,8395424,0,0,0,255,0,0,0,0,0
963,2547,1,8327300,8395424,0,0,0,64,0,0,0,0,7
963,2548,2,8327376,8395424,0,0,0,255,0,0,0,0,0
963,2549,3,8327452,8395424,0,0,0,255,0,0,0,0,0
964,2550,1,8327300,8395424,9,0,0,64,0,0,0,0,7
964,2551,2,8327376,8395424,0,0,0,255,0,0,0,0,0
964,2552,3,8327452,8395424,0,0,0,255,0,0,0,0,0
965,2553,1,8327300,8395424,0,0,0,64,0,0,0,0,7
965,2554,2,8327376,8395424,0,0,0,255,0,0,0,0,0
965,2555,3,8327452,8395424,0,0,0,255,0,0,0,0,0
966,2556,1,8327300,8395424,9,0,0,64,0,0,0,0,7
966,2557,2,8327376,8395424,0,23,0,255,0,0,0,0,0
966,2558,3,8327452,8395424,0,0,0,255,0,0,0,0,0
967,2559,1,8327300,8395424,0,0,0,64,0,0,0,0,7
967,2560,2,8327376,8395424,0,31,0,255,0,0,0,0,0
967,2561,3,8327452,8395424,0,95,0,255,0,0,0,0,0
968,2562,1,8327300,8395424,9,0,0,64,0,0,0,0,7
968,2563,2,8327376,8395424,0,35,0,255,0,0,0,0,0
968,2564,3,8327452,8395424,0,88,0,255,0,0,0,0,0
969,2565,1,8327300,8395424,0,0,0,64,0,0,0,0,7
969,2566,2,8327376,8395424,0,44,0,255,0,0,0,0,0
969,2567,3,8327452,8395424,0,107,0,255,0,0,0,0,0
970,2568,1,8327300,8395424,9,0,0,64,0,0,0,0,7
970,2569,2,8327376,8395424,0,0,0,255,0,0,0,0,0
970,2570,3,8327452,8395424,0,110,0,255,0,0,0,0,0
971,2571,1,8327300,8395424,0,0,0,64,0,0,0,0,7
971,2572,2,8327376,8395424,0,119,0,255,0,0,0,0,0
971,2573,3,8327452,8395424,0,123,0,255,0,0,0,0,0
972,2574,1,8327300,8395424,9,0,0,64,0,0,0,0,7
972,2575,2,8327376,8395424,0,102,0,255,0,0,0,0,0
972,2576,3,8327452,8395424,0,141,0,255,0,0,0,0,0
973,2577,1,8327300,8395424,8,0,0,64,0,0,0,0,7
973,2578,2,8327376,8395424,0,100,0,255,0,0,0,0,0
973,2579,3,8327452,8395424,0,144,0,255,0,0,0,0,0
974,2580,1,8327300,8395424,0,0,0,64,0,0,0,0,7
974,2581,2,8327376,8395424,0,87,0,255,0,0,0,0,0
974,2582,3,8327452,8395424,0,246,0,255,0,0,0,0,3
975,2583,1,8327300,8395424,8,0,0,64,0,0,0,0,7
975,2584,2,8327376,8395424,0,87,0,255,0,0,0,0,0
975,2585,3,8327452,8395424,0,224,0,255,0,0,0,0,3
976,2586,1,8327300,8395424,8,0,0,64,0,0,0,0,7
976,2587,2,8327376,8395424,0,75,0,255,0,0,0,0,0
976,2588,3,8327452,8395424,0,203,0,255,0,0,0,0,3
977,2589,1,8327300,8395424,8,0,0,64,0,0,0,0,7
977,2590,2,8327376,8395424,0,77,0,255,0,0,0,0,0
977,2591,3,8327452,8395424,0,182,0,255,0,0,0,0,3
978,2592,1,8327300,8395424,8,0,0,64,0,0,0,0,7
978,2593,2,8327376,8395424,0,69,0,255,0,0,0,0,0
978,2594,3,8327452,8395424,0,161,0,255,0,0,0,0,3
979,2595,1,8327300,8395424,8,0,0,64,0,0,0,0,7
979,2596,2,8327376,8395424,0,71,0,255,0,0,0,0,0
979,2597,3,8327452,8395424,0,141,0,255,0,0,0,0,3
980,2598,1,8327300,8395424,8,0,0,64,0,0,0,0,7
980,2599,2,8327376,8395424,0,0,0,255,0,0,0,0,0
980,2600,3,8327452,8395424,0,119,0,255,0,0,0,0,3
981,2601,1,8327300,8395424,9,0,0,64,0,0,0,0,7
981,2602,2,8327376,8395424,0,0,0,255,0,0,0,0,0
981,2603,3,8327452,8395424,0,96,0,255,0,0,0,0,3
982,2604,1,8327300,8395424,9,0,0,64,0,0,0,0,7
982,2605,2,8327376,8395424,0,0,0,255,0,0,0,0,0
982,2606,3,8327452,8395424,0,70,0,255,0,0,0,0,3
983,2607,1,8327300,8395424,9,0,0,64,0,0,0,0,7
983,2608,2,8327376,8395424,0,0,0,255,0,0,0,0,0
983,2609,3,8327452,8395424,0,0,0,0,255,0,0,0,3
984,2610,1,8327300,8395424,10,0,0,64,0,0,0,0,7
984,2611,2,8327376,8395424,0,0,0,255,0,0,0,0,0
984,2612,3,8327452,8395424,0,0,0,0,255,0,0,0,3
985,2613,1,8327300,8395424,10,0,0,64,0,0,0,0,7
985,2614,2,8327376,8395424,0,0,0,255,0,0,0,0,0
985,2615,3,8327452,8395424,0,0,0,0,255,0,0,0,3
986,2616,1,8327300,8395424,0,0,0,0,255,0,0,0,7
986,2617,2,8327376,8395424,0,0,0,255,0,0,0,0,0
986,2618,3,8327452,8395424,0,0,0,0,255,0,0,0,3
987,2619,1,8327300,8395424,0,0,0,0,255,0,0,0,7
987,2620,2,8327376,8395424,0,0,0,255,0,0,0,0,0
987,2621,3,8327452,8395424,0,0,0,0,255,0,0,0,3
988,2622,1,8327300,8395424,0,0,0,0,255,0,0,0,7
988,2623,2,8327376,8395424,0,65,0,255,0,0,0,0,0
988,2624,3,8327452,8395424,0,0,0,0,255,0,0,0,3
989,2625,1,8327300,8395424,0,0,0,0,255,0,0,0,7
989,2626,2,8327376,8395424,0,72,0,255,0,0,0,0,0
989,2627,3,8327452,8395424,0,0,0,0,255,0,0,0,3
990,2628,1,8327300,8395424,0,0,0,0,255,0,0,0,7
990,2629,2,8327376,8395424,0,80,0,255,0,0,0,0,0
990,2630,3,8327452,8395424,0,0,0,0,255,0,0,0,3
991,2631,1,8327300,8395424,0,0,0,0,255,0,0,0,7
991,2632,2,8327376,8395424,0,84,0,255,0,0,0,0,0
991,2633,3,8327452,8395424,0,0,0,0,255,0,0,0,3
992,2634,1,8327300,8395424,0,0,0,0,255,0,0,0,7
992,2635,2,8327376,8395424,0,88,0,255,0,0,0,0,0
992,2636,3,8327452,8395424,0,0,0,0,255,0,0,0,3
993,2637,1,8327300,8395424,0,0,0,0,255,0,0,0,7
993,2638,2,8327376,8395424,0,95,0,255,0,0,0,0,0
993,2639,3,8327452,8395424,0,0,0,0,255,0,0,0,3
994,2640,1,8327300,8395424,0,0,0,0,255,0,0,0,7
994,2641,2,8327376,8395424,0,101,0,255,0,0,0,0,0
994,2642,3,8327452,8395424,0,0,0,0,255,0,0,0,3
995,2643,1,8327300,8395424,0,0,0,0,255,0,0,0,7
995,2644,2,8327376,8395424,0,104,0,255,0,0,0,0,0
995,2645,3,8327452,8395424,0,255,0,255,0,0,0,0,0
996,2646,1,8327300,8395424,0,0,0,0,255,0,0,0,7
996,2647,2,8327376,8395424,0,109,0,255,0,0,0,0,0
996,2648,3,8327452,8395424,0,255,0,255,0,0,0,0,0
997,2649,1,8327300,8395424,0,0,0,0,255,0,0,0,7
997,2650,2,8327376,8395424,0,106,0,255,0,0,0,0,0
997,2651,3,8327452,8395424,0,255,0,0,255,0,0,0,0
998,2652,1,8327300,8395424,0,0,0,0,255,0,0,0,7
998,2653,2,8327376,8395424,0,0,0,255,0,0,0,0,0
998,2654,3,8327452,8395424,0,234,0,0,255,0,0,0,0
999,2655,1,8327300,8395424,0,0,0,0,255,0,0,0,7
999,2656,2,8327376,8395424,0,0,0,255,0,0,0,0,0
999,2657,3,8327452,8395424,0,184,0,0,255,0,0,0,0
1000,2658,1,8327300,8395424,0,0,0,0,255,0,0,0,7
1000,2659,2,8327376,8395424,0,0,0,255,0,0,0,0,0
1000,2660,3,8327452,8395424,0,172,0,0,255,0,0,0,0
1001,2661,1,8327300,8395424,0,0,0,0,255,0,0,0,7
1001,2662,2,8327376,8395424,0,0,0,255,0,0,0,0,0
1001,2663,3,8327452,8395424,0,153,0,255,0,0,0,0,0
1002,2664,1,8327300,8395424,0,0,0,0,255,0,0,0,7
1002,2665,2,8327376,8395424,0,106,0,255,0,0,0,0,0
1002,2666,3,8327452,8395424,0,145,0,255,0,0,0,0,0
1003,2667,1,8327300,8395424,0,0,0,0,255,0,0,0,7
1003,2668,2,8327376,8395424,0,133,0,255,0,0,0,0,0
1003,2669,3,8327452,8395424,0,139,0,255,0,0,0,0,0
1004,2670,1,8327300,8395424,0,0,0,0,255,0,0,0,7
1004,2671,2,8327376,8395424,0,137,0,255,0,0,0,0,0
1004,2672,3,8327452,8395424,0,132,0,255,0,0,0,0,0
1005,2673,1,8327300,8395424,0,0,0,0,255,0,0,0,7
1005,2674,2,8327376,8395424,0,144,0,255,0,0,0,0,0
1005,2675,3,8327452,8395424,0,125,0,255,0,0,0,0,0
1006,2676,1,8327300,8395424,0,0,0,0,255,0,0,0,7
1006,2677,2,8327376,8395424,0,151,0,255,0,0,0,0,0
1006,2678,3,8327452,8395424,0,119,0,255,0,0,0,0,0
1007,2679,1,8327300,8395424,0,0,0,0,255,0,0,0,7
1007,2680,2,8327376,8395424,0,0,0,255,0,0,0,0,0
1007,2681,3,8327452,8395424,0,109,0,255,0,0,0,0,0
1008,2682,1,8327300,8395424,0,0,0,0,255,0,0,0,7
1008,2683,2,8327376,8395424,0,0,0,255,0,0,0,0,0
1008,2684,3,8327452,8395424,0,104,0,255,0,0,0,0,0
1009,2685,1,8327300,8395424,0,0,0,0,255,0,0,0,7
1009,2686,2,8327376,8395424,0,82,0,255,0,0,0,0,0
1009,2687,3,8327452,8395424,0,100,0,255,0,0,0,0,0
1010,2688,1,8327300,8395424,0,0,0,0,255,0,0,0,7
1010,2689,2,8327376,8395424,0,155,0,255,0,0,0,0,0
1010,2690,3,8327452,8395424,0,97,0,255,0,0,0,0,0
1011,2691,1,8327300,8395424,0,0,0,0,255,0,0,0,7
1011,2692,2,8327376,8395424,0,171,0,255,0,0,0,0,0
1011,2693,3,8327452,8395424,0,94,0,255,0,0,0,0,0
1012,2694,1,8327300,8395424,0,0,0,0,255,0,0,0,7
1012,2695,2,8327376,8395424,0,179,0,255,0,0,0,0,0
1012,2696,3,8327452,8395424,0,96,0,255,0,0,0,0,0
1013,2697,1,8327300,8395424,0,0,0,0,255,0,0,0,7
1013,2698,2,8327376,8395424,0,0,0,255,0,0,0,0,0
1013,2699,3,8327452,8395424,0,72,0,255,0,0,0,0,0
1014,2700,1,8327300,8395424,0,0,0,0,255,0,0,0,7
1014,2701,2,8327376,8395424,0,89,0,255,0,0,0,0,0
1014,2702,3,8327452,8395424,0,77,0,255,0,0,0,0,0
1015,2703,1,8327300,8395424,0,0,0,0,255,0,0,0,7
1015,2704,2,8327376,8395424,0,187,0,255,0,0,0,0,0
1015,2705,3,8327452,8395424,0,80,0,255,0,0,0,0,0
1016,2706,1,8327300,8395424,0,0,0,0,255,0,0,0,7
1016,2707,2,8327376,8395424,0,0,0,255,0,0,0,0,0
1016,2708,3,8327452,8395424,0,82,0,255,0,0,0,0,0
1017,2709,1,8327300,8395424,0,255,0,255,255,0,0,0,0
1017,2710,2,8327376,8395424,0,157,0,255,0,0,0,0,0
1017,2711,3,8327452,8395424,0,0,0,0,255,0,0,0,0
1018,2712,1,8327300,8395424,0,255,0,255,255,0,0,0,0
1018,2713,2,8327376,8395424,0,106,0,255,0,0,0,0,0
1018,2714,3,8327452,8395424,0,0,0,0,255,0,0,0,0
1019,2715,1,8327300,8395424,0,255,0,255,255,0,0,0,3
1019,2716,2,8327376,8395424,0,255,0,255,0,0,0,0,0
1019,2717,3,8327452,8395424,0,0,0,0,255,0,0,0,0
1020,2718,1,8327300,8395424,0,255,0,255,255,0,0,0,3
1020,2719,2,8327376,8395424,0,255,0,255,0,0,0,0,0
1020,2720,3,8327452,8395424,0,0,0,0,255,0,0,0,0
1021,2721,1,8327300,8395424,0,255,0,255,255,0,0,0,3
1021,2722,2,8327376,8395424,0,255,0,255,0,0,0,0,0
1021,2723,3,8327452,8395424,0,0,0,0,255,0,0,0,0
1022,2724,1,8327300,8395424,0,255,0,255,255,0,0,0,3
1022,2725,2,8327376,8395424,0,255,0,255,0,0,0,0,0
1022,2726,3,8327452,8395424,0,0,0,0,255,0,0,0,0
1023,2727,1,8327300,8395424,0,255,0,255,255,0,0,0,3
1023,2728,2,8327376,8395424,0,255,0,255,0,0,0,0,0
1023,2729,3,8327452,8395424,0,0,0,0,255,0,0,0,0
1024,2730,1,8327300,8395424,0,255,0,255,255,0,0,0,3
1024,2731,2,8327376,8395424,0,255,0,255,0,0,0,0,0
1024,2732,3,8327452,8395424,0,0,0,0,255,0,0,0,0
1025,2733,1,8327300,8395424,0,255,0,255,255,0,0,0,3
1025,2734,2,8327376,8395424,0,255,0,255,0,0,0,0,0
1025,2735,3,8327452,8395424,0,0,0,0,255,0,0,0,0
1026,2736,1,8327300,8395424,0,255,0,255,255,0,0,0,0
1026,2737,2,8327376,8395424,0,70,0,0,255,0,0,0,3
1026,2738,3,8327452,8395424,0,0,0,0,255,0,0,0,0
1027,2739,1,8327300,8395424,0,255,0,255,255,0,0,0,0
1027,2740,2,8327376,8395424,0,89,0,0,255,0,0,0,3
1027,2741,3,8327452,8395424,0,0,0,0,255,0,0,0,0
1028,2742,1,8327300,8395424,0,255,0,255,255,0,0,0,0
1028,2743,2,8327376,8395424,0,255,0,255,255,0,0,0,3
1028,2744,3,8327452,8395424,0,0,0,0,255,0,0,0,0
1029,2745,1,8327300,8395424,0,255,0,255,255,0,0,0,0
1029,2746,2,8327376,8395424,0,255,0,255,255,0,0,0,3
1029,2747,3,8327452,8395424,0,0,0,0,255,0,0,0,0
1030,2748,1,8327300,8395424,0,255,0,255,255,0,0,0,3
1030,2749,2,8327376,8395424,0,255,0,255,255,0,0,0,3
1030,2750,3,8327452,8395424,0,0,0,0,255,0,0,0,0
1031,2751,1,8327300,8395424,0,255,0,255,255,0,0,0,3
1031,2752,2,8327376,8395424,0,255,0,255,255,0,0,0,3
1031,2753,3,8327452,8395424,0,0,0,0,255,0,0,0,0
1032,2754,1,8327300,8395424,0,255,0,255,255,0,0,0,3
1032,2755,2,8327376,8395424,0,255,0,255,255,0,0,0,3
1032,2756,3,8327452,8395424,0,0,0,0,255,0,0,0,0
1033,2757,1,8327300,8395424,0,101,0,255,0,0,0,0,3
1033,2758,2,8327376,8395424,0,22,0,0,255,0,0,0,3
1033,2759,3,8327452,8395424,0,0,0,0,255,0,0,0,0
1034,2760,1,8327300,8395424,0,95,0,255,0,0,0,0,3
1034,2761,2,8327376,8395424,0,43,0,0,255,0,0,0,3
1034,2762,3,8327452,8395424,0,0,0,0,255,0,0,0,0
1035,2763,1,8327300,8395424,0,90,0,255,0,0,0,0,3
1035,2764,2,8327376,8395424,0,60,0,255,0,0,0,0,3
1035,2765,3,8327452,8395424,0,0,0,0,255,0,0,0,0
1036,2766,1,8327300,8395424,0,86,0,255,0,0,0,0,3
1036,2767,2,8327376,8395424,0,73,0,255,0,0,0,0,3
1036,2768,3,8327452,8395424,0,0,0,0,255,0,0,0,0
1037,2769,1,8327300,8395424,0,82,0,255,0,0,0,0,3
1037,2770,2,8327376,8395424,0,54,0,255,0,0,0,0,3
1037,2771,3,8327452,8395424,0,0,0,0,255,0,0,0,0
1038,2772,1,8327300,8395424,0,78,0,255,0,0,0,0,3
1038,2773,2,8327376,8395424,0,36,0,255,0,0,0,0,3
1038,2774,3,8327452,8395424,0,0,0,0,255,0,0,0,0
1039,2775,1,8327300,8395424,0,255,0,255,0,0,0,0,0
1039,2776,2,8327376,8395424,0,18,0,255,0,0,0,0,3
1039,2777,3,8327452,8395424,0,0,0,0,255,0,0,0,0
1040,2778,1,8327300,8395424,0,255,0,255,0,0,0,0,0
1040,2779,2,8327376,8395424,255,0,0,255,0,0,0,0,3
1040,2780,3,8327452,8395424,0,0,0,0,255,0,0,0,0
1041,2781,1,8327300,8395424,0,255,0,255,0,0,0,0,0
1041,2782,2,8327376,8395424,234,0,0,255,0,0,0,0,3
1041,2783,3,8327452,8395424,0,0,0,0,255,0,0,0,0
1042,2784,1,8327300,8395424,0,255,0,255,0,0,0,0,0
1042,2785,2,8327376,8395424,201,0,0,255,0,0,0,1440,3
1042,2786,3,8327452,8395424,0,0,0,0,255,0,0,1440,0
1043,2787,1,8327300,8395424,0,255,0,255,0,0,0,0,0
1043,2788,2,8327376,8395424,0,0,0,0,255,0,0,1440,3
1043,2789,3,8327452,8395424,0,0,0,0,255,0,0,1440,0
1044,2790,1,8327300,8395424,0,255,0,255,0,0,0,0,0
1044,2791,2,8327376,8395424,0,0,0,0,255,0,0,1390,3
1044,2792,3,8327452,8395424,0,0,0,0,255,0,0,1390,0
1045,2793,1,8327300,8395424,0,255,0,255,0,0,0,0,0
1045,2794,2,8327376,8395424,0,0,0,0,255,0,0,1340,3
1045,2795,3,8327452,8395424,0,0,0,0,255,0,0,1340,0
1046,2796,1,8327300,8395424,0,255,0,255,0,0,0,0,0
1046,2797,2,8327376,8395424,0,0,0,0,255,0,0,1290,3
1046,2798,3,8327452,8395424,0,255,0,255,0,0,0,1290,0
1047,2799,1,8327300,8395424,0,255,0,255,0,0,0,0,0
1047,2800,2,8327376,8395424,0,0,0,0,255,0,0,1240,3
1047,2801,3,8327452,8395424,0,255,0,255,0,0,0,1240,0
1048,2802,1,8327300,8395424,0,255,0,255,0,0,0,0,0
1048,2803,2,8327376,8395424,0,0,0,0,255,0,0,1190,3
1048,2804,3,8327452,8395424,0,255,0,255,0,0,0,1190,0
1049,2805,1,8327300,8395424,0,200,0,255,0,0,0,0,0
1049,2806,2,8327376,8395424,0,0,0,0,255,0,0,1140,3
1049,2807,3,8327452,8395424,0,255,0,255,0,0,0,1140,0
1050,2808,1,8327300,8395424,0,146,0,255,0,0,0,0,0
1050,2809,2,8327376,8395424,0,0,0,0,255,0,0,1090,3
1050,2810,3,8327452,8395424,0,255,0,255,0,0,0,1090,0
1051,2811,1,8327300,8395424,0,106,0,255,0,0,0,0,0
1051,2812,2,8327376,8395424,0,0,0,0,255,0,0,1040,3
1051,2813,3,8327452,8395424,0,255,0,255,0,0,0,1040,0
1052,2814,1,8327300,8395424,0,79,0,255,0,0,0,0,0
1052,2815,2,8327376,8395424,0,0,0,0,255,0,0,990,3
1052,2816,3,8327452,8395424,0,255,0,0,255,0,0,990,0
1053,2817,1,8327300,8395424,0,59,0,255,0,0,0,0,0
1053,2818,2,8327376,8395424,0,0,0,0,255,0,0,940,3
1053,2819,3,8327452,8395424,0,255,0,0,255,0,0,940,0
1054,2820,1,8327300,8395424,0,46,0,255,0,0,0,0,0
1054,2821,2,8327376,8395424,0,0,0,0,255,0,0,890,3
1054,2822,3,8327452,8395424,0,255,0,0,255,0,0,890,0
1055,2823,1,8327300,8395424,0,34,0,255,0,0,0,0,0
1055,2824,2,8327376,8395424,0,0,0,0,255,0,0,840,3
1055,2825,3,8327452,8395424,0,255,0,0,255,0,0,840,0
1056,2826,1,8327300,8395424,0,0,0,255,0,0,0,0,0
1056,2827,2,8327376,8395424,0,0,0,0,255,0,0,790,3
1056,2828,3,8327452,8395424,0,255,0,255,255,0,0,790,0
1057,2829,3,8327452,8395424,0,255,0,0,0,0,0,740,0
1058,2830,3,8327452,8395424,0,255,0,0,0,0,0,690,0
1059,2831,3,8327452,8395424,0,255,0,0,0,0,0,640,0
1060,2832,3,8327452,8395424,0,255,0,0,0,0,0,590,0
1061,2833,3,8327452,8395424,0,255,0,0,0,0,0,540,0
1062,2834,3,8327452,8395424,0,255,0,0,0,0,0,490,0
1063,2835,3,8327452,8395424,0,255,0,0,0,0,0,440,0
1064,2836,3,8327452,8395424,0,255,0,0,0,0,0,390,0
1065,2837,3,8327452,8395424,0,255,0,0,0,0,0,340,0
1066,2838,3,8327452,8395424,0,255,0,0,0,0,0,290,0
1067,2839,3,8327452,8395424,0,255,0,0,0,0,0,240,0
1068,2840,3,8327452,8395424,0,255,0,0,0,0,0,190,0
1069,2841,3,8327452,8395424,0,255,0,0,0,0,0,140,0
1070,2842,3,8327452,8395424,0,255,0,0,0,0,0,90,0
1071,2843,3,8327452,8395424,0,255,0,0,0,0,0,40,0
1072,2844,3,8327452,8395424,0,255,0,0,0,0,0,0,0
1073,2845,3,8327452,8395424,0,255,0,0,0,0,0,0,0
1074,2846,3,8327452,8395424,0,255,0,0,0,0,0,0,0
1075,2847,3,8327452,8395424,0,255,0,0,0,0,0,0,0
1076,2848,3,8327452,8395424,0,255,0,0,0,0,0,0,0
1077,2849,3,8327452,8395424,0,255,0,0,0,0,0,0,0
1078,2850,3,8327452,8395424,0,255,0,0,0,0,0,0,0
1079,2851,3,8327452,8395424,0,255,0,0,0,0,0,0,0
1080,2852,3,8327452,8395424,0,255,0,0,0,0,0,0,0
1081,2853,3,8327452,8395424,0,255,0,0,0,0,0,0,0
1082,2854,3,8327452,8395424,0,255,0,0,0,0,0,0,0
1083,2855,3,8327452,8395424,0,255,0,0,0,0,0,0,0
1084,2856,3,8327452,8395424,0,255,0,0,0,0,0,0,0
1085,2857,3,8327452,8395424,0,255,0,0,0,0,0,0,0
1086,2858,3,8327452,8395424,0,255,0,0,0,0,0,0,0
1087,2859,3,8327452,8395424,0,255,0,0,0,0,0,0,0
1088,2860,3,8327452,8395424,0,255,0,0,0,0,0,0,0
1089,2861,3,8327452,8395424,0,255,0,0,0,0,0,0,0
1090,2862,3,8327452,8395424,0,255,0,0,0,0,0,0,0
1091,2863,3,8327452,8395424,0,255,0,0,0,0,0,0,0
1092,2864,3,8327452,8395424,0,255,0,0,0,0,0,0,0
1093,2865,3,8327452,8395424,0,255,0,0,0,0,0,0,0
1094,2866,3,8327452,8395424,0,255,0,0,0,0,0,0,0
1095,2867,3,8327452,8395424,0,255,0,0,0,0,0,0,0
1096,2868,3,8327452,8395424,0,255,0,0,0,0,0,0,0
1097,2869,3,8327452,8395424,0,255,0,0,0,0,0,0,0
1098,2870,3,8327452,8395424,0,255,0,0,0,0,0,0,0
1099,2871,3,8327452,8395424,0,255,0,0,0,0,0,0,0
1100,2872,3,8327452,8395424,0,255,0,0,0,0,0,0,0
1101,2873,3,8327452,8395424,0,255,0,0,0,0,0,0,0
1102,2874,3,8327452,8395424,0,255,0,0,0,0,0,0,0
1103,2875,3,8327452,8395424,0,255,0,0,0,0,0,0,0
1104,2876,3,8327452,8395424,0,255,0,0,0,0,0,0,0
1105,2877,3,8327452,8395424,0,255,0,0,0,0,0,0,0
1106,2878,3,8327452,8395424,0,255,0,0,0,0,0,0,0
1107,2879,3,8327452,8395424,0,255,0,0,0,0,0,0,0
1108,2880,3,8327452,8395424,0,255,0,0,0,0,0,0,0
1109,2881,3,8327452,8395424,0,255,0,0,0,0,0,0,0
1110,2882,3,8327452,8395424,0,255,0,0,0,0,0,0,0
1111,2883,3,8327452,8395424,0,255,0,0,0,0,0,0,0
1112,2884,3,8327452,8395424,0,255,0,0,0,0,0,0,0
1113,2885,3,8327452,8395424,0,255,0,0,0,0,0,0,0
1114,2886,3,8327452,8395424,0,255,0,0,0,0,0,0,0
1115,2887,3,8327452,8395424,0,255,0,0,0,0,0,0,0
1116,2888,3,8327452,8395424,0,255,0,0,0,0,0,0,0
1117,2889,3,8327452,8395424,0,255,0,0,0,0,0,0,0
1118,2890,3,8327452,8395424,0,255,0,0,0,0,0,0,0
1119,2891,3,8327452,8395424,0,255,0,0,0,0,0,0,0
1120,2892,3,8327452,8395424,0,255,0,0,0,0,0,0,0
1121,2893,3,8327452,8395424,0,255,0,0,0,0,0,0,0
1122,2894,3,8327452,8395424,0,255,0,0,0,0,0,0,0
1123,2895,3,8327452,8395424,0,255,0,0,0,0,0,0,0
1124,2896,3,8327452,8395424,0,255,0,0,0,0,0,0,0
1125,2897,3,8327452,8395424,0,255,0,0,0,0,0,0,0
1126,2898,3,8327452,8395424,0,255,0,0,0,0,0,0,0
1127,2899,3,8327452,8395424,0,255,0,0,0,0,0,0,0
1128,2900,3,8327452,8395424,0,255,0,0,0,0,0,0,0
1129,2901,3,8327452,8395424,0,255,0,0,0,0,0,0,0
1130,2902,3,8327452,8395424,0,255,0,0,0,0,0,0,0
1131,2903,3,8327452,8395424,0,255,0,0,0,0,0,0,0
1132,2904,3,8327452,8395424,0,255,0,0,0,0,0,0,0
1133,2905,3,8327452,8395424,0,255,0,0,0,0,0,0,0
1134,2906,3,8327452,8395424,0,255,0,0,0,0,0,0,0
1135,2907,3,8327452,8395424,0,255,0,0,0,0,0,0,0
1136,2908,3,8327452,8395424,0,255,0,0,0,0,0,0,0
1137,2909,3,8327452,8395424,0,255,0,0,0,0,0,0,0
1138,2910,3,8327452,8395424,0,255,0,0,0,0,0,0,0
1139,2911,3,8327452,8395424,0,255,0,0,0,0,0,0,0
1140,2912,3,8327452,8395424,0,255,0,0,0,0,0,0,0
1141,2913,3,8327452,8395424,0,255,0,0,0,0,0,0,0
1142,2914,3,8327452,8395424,0,255,0,0,0,0,0,0,0
1143,2915,3,8327452,8395424,0,255,0,0,0,0,0,0,0
1144,2916,3,8327452,8395424,0,255,0,0,0,0,0,0,0
1145,2917,3,8327452,8395424,0,255,0,0,0,0,0,0,0
1146,2918,3,8327452,8395424,0,255,0,0,0,0,0,0,0
1147,2919,3,8327452,8395424,0,255,0,0,0,0,0,0,0
1148,2920,3,8327452,8395424,0,255,0,0,0,0,0,0,0
1149,2921,3,8327452,8395424,0,255,0,0,0,0,0,0,0
1150,2922,3,8327452,8395424,0,255,0,0,0,0,0,0,0
1151,2923,3,8327452,8395424,0,255,0,0,0,0,0,0,0
1152,2924,3,8327452,8395424,0,255,0,0,0,0,0,0,0
1153,2925,3,8327452,8395424,0,255,0,0,0,0,0,0,0
1154,2926,3,8327452,8395424,0,255,0,0,0,0,0,0,0
1155,2927,3,8327452,8395424,0,255,0,0,0,0,0,0,0
1156,2928,3,8327452,8395424,0,255,0,0,0,0,0,0,0
1157,2929,3,8327452,8395424,0,255,0,0,0,0,0,0,0
1158,2930,3,8327452,8395424,0,255,0,0,0,0,0,0,0
1159,2931,3,8327452,8395424,0,255,0,0,0,0,0,0,0
1160,2932,3,8327452,8395424,0,255,0,0,0,0,0,0,0
1161,2933,3,8327452,8395424,0,255,0,0,0,0,0,0,0
1162,2934,3,8327452,8395424,0,255,0,0,0,0,0,0,0
1163,2935,3,8327452,8395424,0,255,0,0,0,0,0,0,0
1164,2936,3,8327452,8395424,0,255,0,0,0,0,0,0,0
1165,2937,3,8327452,8395424,0,255,0,0,0,0,0,0,0
1166,2938,3,8327452,8395424,0,255,0,0,0,0,0,0,0
1167,2939,3,8327452,8395424,0,255,0,0,0,0,0,0,0
1168,2940,3,8327452,8395424,0,255,0,0,0,0,0,0,0
1169,2941,3,8327452,8395424,0,255,0,0,0,0,0,0,0
1170,2942,3,8327452,8395424,0,255,0,0,0,0,0,0,0
1171,2943,3,8327452,8395424,0,255,0,0,0,0,0,0,0
1172,2944,3,8327452,8395424,0,255,0,0,0,0,0,0,0
1173,2945,3,8327452,8395424,0,255,0,0,0,0,0,0,0
1174,2946,3,8327452,8395424,0,255,0,0,0,0,0,0,0
1175,2947,3,8327452,8395424,0,255,0,0,0,0,0,0,0
1176,2948,3,8327452,8395424,0,255,0,0,0,0,0,0,0
1177,2949,3,8327452,8395424,0,255,0,0,0,0,0,0,0
1178,2950,3,8327452,8395424,0,255,0,0,0,0,0,0,0
1179,2951,3,8327452,8395424,0,255,0,0,0,0,0,0,0
1180,2952,3,8327452,8395424,0,255,0,0,0,0,0,0,0
1181,2953,3,8327452,8395424,0,255,0,0,0,0,0,0,0
1182,2954,3,8327452,8395424,0,255,0,0,0,0,0,0,0
1183,2955,3,8327452,8395424,0,255,0,0,0,0,0,0,0
1184,2956,3,8327452,8395424,0,255,0,0,0,0,0,0,0
1185,2957,3,8327452,8395424,0,255,0,0,0,0,0,0,0
1186,2958,3,8327452,8395424,0,255,0,0,0,0,0,0,0
1187,2959,3,8327452,8395424,0,255,0,0,0,0,0,0,0
1188,2960,3,8327452,8395424,0,255,0,0,0,0,0,0,0
1189,2961,3,8327452,8395424,0,255,0,0,0,0,0,0,0
1190,2962,3,8327452,8395424,0,255,0,0,0,0,0,0,0
1191,2963,3,8327452,8395424,0,255,0,0,0,0,0,0,0
1192,2964,3,8327452,8395424,0,255,0,0,0,0,0,0,0
1193,2965,3,8327452,8395424,0,255,0,0,0,0,0,0,0
1194,2966,3,8327452,8395424,0,255,0,0,0,0,0,0,0
1195,2967,3,8327452,8395424,0,255,0,0,0,0,0,0,0
1196,2968,3,8327452,8395424,0,255,0,0,0,0,0,0,0
1197,2969,3,8327452,8395424,0,255,0,0,0,0,0,0,0
1198,2970,3,8327452,8395424,0,255,0,0,0,0,0,0,0
1199,2971,3,8327452,8395424,0,255,0,0,0,0,0,0,0
1200,2972,3,8327452,8395424,0,255,0,0,0,0,0,0,0
1201,2973,3,8327452,8395424,0,255,0,0,0,0,0,0,0
1202,2974,3,8327452,8395424,0,255,0,0,0,0,0,0,0
1203,2975,3,8327452,8395424,0,255,0,0,0,0,0,0,0
1204,2976,3,8327452,8395424,0,255,0,0,0,0,0,0,0
1205,2977,3,8327452,8395424,0,255,0,0,0,0,0,0,0
1206,2978,3,8327452,8395424,0,255,0,0,0,0,0,0,0
1207,2979,3,8327452,8395424,0,255,0,0,0,0,0,0,0
1208,2980,3,8327452,8395424,0,255,0,0,0,0,0,0,0
1209,2981,3,8327452,8395424,0,255,0,0,0,0,0,0,0
1210,2982,3,8327452,8395424,0,255,0,0,0,0,0,0,0
1211,2983,3,8327452,8395424,0,255,0,0,0,0,0,0,0
1212,2984,3,8327452,8395424,0,255,0,0,0,0,0,0,0
1213,2985,3,8327452,8395424,0,255,0,0,0,0,0,0,0
1214,2986,3,8327452,8395424,0,255,0,0,0,0,0,0,0
1215,2987,3,8327452,8395424,0,255,0,0,0,0,0,0,0
1216,2988,3,8327452,8395424,0,255,0,0,0,0,0,0,0
1217,2989,3,8327452,8395424,0,255,0,0,0,0,0,0,0
1218,2990,3,8327452,8395424,0,255,0,0,0,0,0,0,0
1219,2991,3,8327452,8395424,0,255,0,0,0,0,0,0,0
1220,2992,3,8327452,8395424,0,255,0,0,0,0,0,0,0
1221,2993,3,8327452,8395424,0,255,0,0,0,0,0,0,0
1222,2994,3,8327452,8395424,0,255,0,0,0,0,0,0,0
1223,2995,3,8327452,8395424,0,255,0,0,0,0,0,0,0
1224,2996,3,8327452,8395424,0,255,0,0,0,0,0,0,0
1225,2997,3,8327452,8395424,0,255,0,0,0,0,0,0,0
1226,2998,3,8327452,8395424,0,255,0,0,0,0,0,0,0
1227,2999,3,8327452,8395424,0,255,0,0,0,0,0,0,0
1228,3000,3,8327452,8395424,0,255,0,0,0,0,0,0,0
1229,3001,3,8327452,8395424,0,255,0,0,0,0,0,0,0
1230,3002,3,8327452,8395424,0,255,0,0,0,0,0,0,0
1231,3003,3,8327452,8395424,0,255,0,0,0,0,0,0,0
1232,3004,3,8327452,8395424,0,255,0,0,0,0,0,0,0
1233,3005,3,8327452,8395424,0,255,0,0,0,0,0,0,0
1234,3006,3,8327452,8395424,0,255,0,0,0,0,0,0,0
1235,3007,3,8327452,8395424,0,255,0,0,0,0,0,0,0
1236,3008,3,8327452,8395424,0,255,0,0,0,0,0,0,0
1237,3009,3,8327452,8395424,0,255,0,0,0,0,0,0,0
1238,3010,3,8327452,8395424,0,255,0,0,0,0,0,0,0
1239,3011,3,8327452,8395424,0,255,0,0,0,0,0,0,0
1240,3012,3,8327452,8395424,0,255,0,0,0,0,0,0,0
1241,3013,3,8327452,8395424,0,255,0,0,0,0,0,0,0
1242,3014,3,8327452,8395424,0,255,0,0,0,0,0,0,0
1243,3015,3,8327452,8395424,0,255,0,0,0,0,0,0,0
1244,3016,3,8327452,8395424,0,255,0,0,0,0,0,0,0
1245,3017,3,8327452,8395424,0,255,0,0,0,0,0,0,0
1246,3018,3,8327452,8395424,0,255,0,0,0,0,0,0,0
1247,3019,3,8327452,8395424,0,255,0,0,0,0,0,0,0
1248,3020,3,8327452,8395424,0,255,0,0,0,0,0,0,0
1249,3021,3,8327452,8395424,0,255,0,0,0,0,0,0,0
1250,3022,3,8327452,8395424,0,255,0,0,0,0,0,0,0
1251,3023,3,8327452,8395424,0,255,0,0,0,0,0,0,0
1252,3024,3,8327452,8395424,0,255,0,0,0,0,0,0,0
1253,3025,3,8327452,8395424,0,255,0,0,0,0,0,0,0
1254,3026,3,8327452,8395424,0,255,0,0,0,0,0,0,0
1255,3027,3,8327452,8395424,0,255,0,0,0,0,0,0,0
1256,3028,3,8327452,8395424,0,255,0,0,0,0,0,0,0
1257,3029,3,8327452,8395424,0,255,0,0,0,0,0,0,0
1258,3030,3,8327452,8395424,0,255,0,0,0,0,0,0,0
1259,3031,3,8327452,8395424,0,255,0,0,0,0,0,0,0
1260,3032,3,8327452,8395424,0,255,0,0,0,0,0,0,0
1261,3033,3,8327452,8395424,0,255,0,0,0,0,0,0,0
1262,3034,3,8327452,8395424,0,255,0,0,0,0,0,0,0
1263,3035,3,8327452,8395424,0,255,0,0,0,0,0,0,0
1264,3036,3,8327452,8395424,0,255,0,0,0,0,0,0,0
1265,3037,3,8327452,8395424,0,255,0,0,0,0,0,0,0
1266,3038,3,8327452,8395424,0,255,0,0,0,0,0,0,0
1267,3039,3,8327452,8395424,0,255,0,0,0,0,0,0,0
1268,3040,3,8327452,8395424,0,255,0,0,0,0,0,0,0
1269,3041,3,8327452,8395424,0,255,0,0,0,0,0,0,0
1270,3042,3,8327452,8395424,0,255,0,0,0,0,0,0,0
1271,3043,3,8327452,8395424,0,255,0,0,0,0,0,0,0
1272,3044,3,8327452,8395424,0,255,0,0,0,0,0,0,0
1273,3045,3,8327452,8395424,0,255,0,0,0,0,0,0,0
1274,3046,3,8327452,8395424,0,255,0,0,0,0,0,0,0
1275,3047,3,8327452,8395424,0,255,0,0,0,0,0,0,0
1276,3048,3,8327452,8395424,0,255,0,0,0,0,0,0,0
1277,3049,3,8327452,8395424,0,255,0,0,0,0,0,0,0
1278,3050,3,8327452,8395424,0,255,0,0,0,0,0,0,0
1279,3051,3,8327452,8395424,0,255,0,0,0,0,0,0,0
1280,3052,3,8327452,8395424,0,255,0,0,0,0,0,0,0
1281,3053,3,8327452,8395424,0,255,0,0,0,0,0,0,0
1282,3054,3,8327452,8395424,0,255,0,0,0,0,0,0,0
1283,3055,3,8327452,8395424,0,255,0,0,0,0,0,0,0
1284,3056,3,8327452,8395424,0,255,0,0,0,0,0,0,0
1285,3057,3,8327452,8395424,0,255,0,0,0,0,0,0,0
1286,3058,3,8327452,8395424,0,255,0,0,0,0,0,0,0
1287,3059,3,8327452,8395424,0,255,0,0,0,0,0,0,0
1288,3060,3,8327452,8395424,0,255,0,0,0,0,0,0,0
1289,3061,3,8327452,8395424,0,255,0,0,0,0,0,0,0
1290,3062,3,8327452,8395424,0,255,0,0,0,0,0,0,0
1291,3063,3,8327452,8395424,0,255,0,0,0,0,0,0,0
1292,3064,3,8327452,8395424,0,255,0,0,0,0,0,0,0
1293,3065,3,8327452,8395424,0,255,0,0,0,0,0,0,0
1294,3066,3,8327452,8395424,0,255,0,0,0,0,0,0,0
1295,3067,3,8327452,8395424,0,255,0,0,0,0,0,0,0
1296,3068,3,8327452,8395424,0,255,0,0,0,0,0,0,0
1297,3069,3,8327452,8395424,0,255,0,0,0,0,0,0,0
1298,3070,3,8327452,8395424,0,255,0,0,0,0,0,0,0
1299,3071,3,8327452,8395424,0,255,0,0,0,0,0,0,0
1300,3072,3,8327452,8395424,0,255,0,0,0,0,0,0,0
1301,3073,3,8327452,8395424,0,255,0,0,0,0,0,0,0
1302,3074,3,8327452,8395424,0,255,0,0,0,0,0,0,0
1303,3075,3,8327452,8395424,0,255,0,0,0,0,0,0,0
1304,3076,3,8327452,8395424,0,255,0,0,0,0,0,0,0
1305,3077,3,8327452,8395424,0,255,0,0,0,0,0,0,0
1306,3078,3,8327452,8395424,0,255,0,0,0,0,0,0,0
1307,3079,3,8327452,8395424,0,255,0,0,0,0,0,0,0
1308,3080,3,8327452,8395424,0,255,0,0,0,0,0,0,0
1309,3081,3,8327452,8395424,0,255,0,0,0,0,0,0,0
1310,3082,3,8327452,8395424,0,255,0,0,0,0,0,0,0
1311,3083,3,8327452,8395424,0,255,0,0,0,0,0,0,0
1312,3084,3,8327452,8395424,0,255,0,0,0,0,0,0,0
1313,3085,3,8327452,8395424,0,255,0,0,0,0,0,0,0
1314,3086,3,8327452,8395424,0,255,0,0,0,0,0,0,0
1315,3087,3,8327452,8395424,0,255,0,0,0,0,0,0,0
1316,3088,3,8327452,8395424,0,255,0,0,0,0,0,0,0
1317,3089,3,8327452,8395424,0,255,0,0,0,0,0,0,0
1318,3090,3,8327452,8395424,0,255,0,0,0,0,0,0,0
1319,3091,3,8327452,8395424,0,255,0,0,0,0,0,0,0
1320,3092,3,8327452,8395424,0,255,0,0,0,0,0,0,0
1321,3093,3,8327452,8395424,0,255,0,0,0,0,0,0,0
1322,3094,3,8327452,8395424,0,255,0,0,0,0,0,0,0
1323,3095,3,8327452,8395424,0,255,0,0,0,0,0,0,0
1324,3096,3,8327452,8395424,0,255,0,0,0,0,0,0,0
1325,3097,3,8327452,8395424,0,255,0,0,0,0,0,0,0
1326,3098,3,8327452,8395424,0,255,0,0,0,0,0,0,0
1327,3099,3,8327452,8395424,0,255,0,0,0,0,0,0,0
1328,3100,3,8327452,8395424,0,255,0,0,0,0,0,0,0
1329,3101,3,8327452,8395424,0,255,0,0,0,0,0,0,0
1330,3102,3,8327452,8395424,0,255,0,0,0,0,0,0,0
1331,3103,3,8327452,8395424,0,255,0,0,0,0,0,0,0
1332,3104,3,8327452,8395424,0,255,0,0,0,0,0,0,0
1333,3105,3,8327452,8395424,0,255,0,0,0,0,0,0,0
1334,3106,3,8327452,8395424,0,255,0,0,0,0,0,0,0
1335,3107,3,8327452,8395424,0,255,0,0,0,0,0,0,0
1336,3108,3,8327452,8395424,0,255,0,0,0,0,0,0,0
1337,3109,3,8327452,8395424,0,255,0,0,0,0,0,0,0
1338,3110,3,8327452,8395424,0,255,0,0,0,0,0,0,0
1339,3111,3,8327452,8395424,0,255,0,0,0,0,0,0,0
1340,3112,3,8327452,8395424,0,255,0,0,0,0,0,0,0
1341,3113,3,8327452,8395424,0,255,0,0,0,0,0,0,0
1342,3114,3,8327452,8395424,0,255,0,0,0,0,0,0,0
1343,3115,3,8327452,8395424,0,255,0,0,0,0,0,0,0
1344,3116,3,8327452,8395424,0,255,0,0,0,0,0,0,0
1345,3117,3,8327452,8395424,0,255,0,0,0,0,0,0,0
1346,3118,3,8327452,8395424,0,255,0,0,0,0,0,0,0
1347,3119,3,8327452,8395424,0,255,0,0,0,0,0,0,0
1348,3120,3,8327452,8395424,0,255,0,0,0,0,0,0,0
1349,3121,3,8327452,8395424,0,255,0,0,0,0,0,0,0
1350,3122,3,8327452,8395424,0,255,0,0,0,0,0,0,0
1351,3123,3,8327452,8395424,0,255,0,0,0,0,0,0,0
1352,3124,3,8327452,8395424,0,255,0,0,0,0,0,0,0
1353,3125,3,8327452,8395424,0,255,0,0,0,0,0,0,0
1354,3126,3,8327452,8395424,0,255,0,0,0,0,0,0,0
1355,3127,3,8327452,8395424,0,255,0,0,0,0,0,0,0
1356,3128,3,8327452,8395424,0,255,0,0,0,0,0,0,0
1357,3129,3,8327452,8395424,0,255,0,0,0,0,0,0,0
1358,3130,3,8327452,8395424,0,255,0,0,0,0,0,0,0
1359,3131,3,8327452,8395424,0,255,0,0,0,0,0,0,0
1360,3132,3,8327452,8395424,0,255,0,0,0,0,0,0,0
1361,3133,3,8327452,8395424,0,255,0,0,0,0,0,0,0
1362,3134,3,8327452,8395424,0,255,0,0,0,0,0,0,0
1363,3135,3,8327452,8395424,0,255,0,0,0,0,0,0,0
1364,3136,3,8327452,8395424,0,255,0,0,0,0,0,0,0
1365,3137,3,8327452,8395424,0,255,0,0,0,0,0,0,0
1366,3138,3,8327452,8395424,0,255,0,0,0,0,0,0,0
1367,3139,3,8327452,8395424,0,255,0,0,0,0,0,0,0
1368,3140,3,8327452,8395424,0,255,0,0,0,0,0,0,0
1369,3141,3,8327452,8395424,0,255,0,0,0,0,0,0,0
1370,3142,3,8327452,8395424,0,255,0,0,0,0,0,0,0
1371,3143,3,8327452,8395424,0,255,0,0,0,0,0,0,0
1372,3144,3,8327452,8395424,0,255,0,0,0,0,0,0,0
1373,3145,3,8327452,8395424,0,255,0,0,0,0,0,0,0
1374,3146,3,8327452,8395424,0,255,0,0,0,0,0,0,0
1375,3147,3,8327452,8395424,0,255,0,0,0,0,0,0,0
1376,3148,3,8327452,8395424,0,255,0,0,0,0,0,0,0
1377,3149,3,8327452,8395424,0,255,0,0,0,0,0,0,0
1378,3150,3,8327452,8395424,0,255,0,0,0,0,0,0,0
1379,3151,3,8327452,8395424,0,255,0,0,0,0,0,0,0
1380,3152,3,8327452,8395424,0,255,0,0,0,0,0,0,0
1381,3153,3,8327452,8395424,0,255,0,0,0,0,0,0,0
1382,3154,3,8327452,8395424,0,255,0,0,0,0,0,0,0
1383,3155,3,8327452,8395424,0,255,0,0,0,0,0,0,0
1384,3156,3,8327452,8395424,0,255,0,0,0,0,0,0,0
1385,3157,3,8327452,8395424,0,255,0,0,0,0,0,0,0
1386,3158,3,8327452,8395424,0,255,0,0,0,0,0,0,0
1387,3159,3,8327452,8395424,0,255,0,0,0,0,0,0,0
1388,3160,3,8327452,8395424,0,255,0,0,0,0,0,0,0
1389,3161,3,8327452,8395424,0,255,0,0,0,0,0,0,0
1390,3162,3,8327452,8395424,0,255,0,0,0,0,0,0,0
1391,3163,3,8327452,8395424,0,255,0,0,0,0,0,0,0
1392,3164,3,8327452,8395424,0,255,0,0,0,0,0,0,0
1393,3165,3,8327452,8395424,0,255,0,0,0,0,0,0,0
1394,3166,3,8327452,8395424,0,255,0,0,0,0,0,0,0
1395,3167,3,8327452,8395424,0,255,0,0,0,0,0,0,0
1396,3168,3,8327452,8395424,0,255,0,0,0,0,0,0,0
1397,3169,3,8327452,8395424,0,255,0,0,0,0,0,0,0
1398,3170,3,8327452,8395424,0,255,0,0,0,0,0,0,0
1399,3171,3,8327452,8395424,0,255,0,0,0,0,0,0,0
1400,3172,3,8327452,8395424,0,255,0,0,0,0,0,0,0
1401,3173,3,8327452,8395424,0,255,0,0,0,0,0,0,0
1402,3174,3,8327452,8395424,0,255,0,0,0,0,0,0,0
1403,3175,3,8327452,8395424,0,255,0,0,0,0,0,0,0
1404,3176,3,8327452,8395424,0,255,0,0,0,0,0,0,0
1405,3177,3,8327452,8395424,0,255,0,0,0,0,0,0,0
1406,3178,3,8327452,8395424,0,255,0,0,0,0,0,0,0
1407,3179,3,8327452,8395424,0,255,0,0,0,0,0,0,0
1408,3180,3,8327452,8395424,0,255,0,0,0,0,0,0,0
1409,3181,3,8327452,8395424,0,255,0,0,0,0,0,0,0
1410,3182,3,8327452,8395424,0,255,0,0,0,0,0,0,0
1411,3183,3,8327452,8395424,0,255,0,0,0,0,0,0,0
1412,3184,3,8327452,8395424,0,255,0,0,0,0,0,0,0
1413,3185,3,8327452,8395424,0,255,0,0,0,0,0,0,0
1414,3186,3,8327452,8395424,0,255,0,0,0,0,0,0,0
1415,3187,3,8327452,8395424,0,255,0,0,0,0,0,0,0
1416,3188,3,8327452,8395424,0,255,0,0,0,0,0,0,0
1417,3189,3,8327452,8395424,0,255,0,0,0,0,0,0,0
1418,3190,3,8327452,8395424,0,255,0,0,0,0,0,0,0
1419,3191,3,8327452,8395424,0,255,0,0,0,0,0,0,0
1420,3192,3,8327452,8395424,0,255,0,0,0,0,0,0,0
1421,3193,3,8327452,8395424,0,255,0,0,0,0,0,0,0
1422,3194,3,8327452,8395424,0,255,0,0,0,0,0,0,0
1423,3195,3,8327452,8395424,0,255,0,0,0,0,0,0,0
1424,3196,3,8327452,8395424,0,255,0,0,0,0,0,0,0
1425,3197,3,8327452,8395424,0,255,0,0,0,0,0,0,0
1426,3198,3,8327452,8395424,0,255,0,0,0,0,0,0,0
1427,3199,3,8327452,8395424,0,255,0,0,0,0,0,0,0
1428,3200,3,8327452,8395424,0,255,0,0,0,0,0,0,0
1429,3201,3,8327452,8395424,0,255,0,0,0,0,0,0,0
1430,3202,3,8327452,8395424,0,255,0,0,0,0,0,0,0
1431,3203,3,8327452,8395424,0,255,0,0,0,0,0,0,0
1432,3204,3,8327452,8395424,0,255,0,0,0,0,0,0,0
1433,3205,3,8327452,8395424,0,255,0,0,0,0,0,0,0
1434,3206,3,8327452,8395424,0,255,0,0,0,0,0,0,0
1435,3207,3,8327452,8395424,0,255,0,0,0,0,0,0,0
1436,3208,3,8327452,8395424,0,255,0,0,0,0,0,0,0
1437,3209,3,8327452,8395424,0,255,0,0,0,0,0,0,0
1438,3210,3,8327452,8395424,0,255,0,0,0,0,0,0,0
1439,3211,3,8327452,8395424,0,255,0,0,0,0,0,0,0
1440,3212,3,8327452,8395424,0,255,0,0,0,0,0,0,0
1441,3213,3,8327452,8395424,0,255,0,0,0,0,0,0,0
1442,3214,3,8327452,8395424,0,255,0,0,0,0,0,0,0
1443,3215,3,8327452,8395424,0,255,0,0,0,0,0,0,0
1444,3216,3,8327452,8395424,0,255,0,0,0,0,0,0,0
1445,3217,3,8327452,8395424,0,255,0,0,0,0,0,0,0
1446,3218,3,8327452,8395424,0,255,0,0,0,0,0,0,0
1447,3219,3,8327452,8395424,0,255,0,0,0,0,0,0,0
1448,3220,3,8327452,8395424,0,255,0,0,0,0,0,0,0
1449,3221,3,8327452,8395424,0,255,0,0,0,0,0,0,0
1450,3222,3,8327452,8395424,0,255,0,0,0,0,0,0,0
1451,3223,3,8327452,8395424,0,255,0,0,0,0,0,0,0
1452,3224,3,8327452,8395424,0,255,0,0,0,0,0,0,0
1453,3225,3,8327452,8395424,0,255,0,0,0,0,0,0,0
1454,3226,3,8327452,8395424,0,255,0,0,0,0,0,0,0
1455,3227,3,8327452,8395424,0,255,0,0,0,0,0,0,0
1456,3228,3,8327452,8395424,0,255,0,0,0,0,0,0,0
1457,3229,3,8327452,8395424,0,255,0,0,0,0,0,0,0
1458,3230,3,8327452,8395424,0,255,0,0,0,0,0,0,0
1459,3231,3,8327452,8395424,0,255,0,0,0,0,0,0,0
1460,3232,3,8327452,8395424,0,255,0,0,0,0,0,0,0
1461,3233,3,8327452,8395424,0,255,0,0,0,0,0,0,0
1462,3234,3,8327452,8395424,0,255,0,0,0,0,0,0,0
1463,3235,3,8327452,8395424,0,255,0,0,0,0,0,0,0
1464,3236,3,8327452,8395424,0,255,0,0,0,0,0,0,0
1465,3237,3,8327452,8395424,0,255,0,0,0,0,0,0,0
1466,3238,3,8327452,8395424,0,255,0,0,0,0,0,0,0
1467,3239,3,8327452,8395424,0,255,0,0,0,0,0,0,0
1468,3240,3,8327452,8395424,0,255,0,0,0,0,0,0,0
1469,3241,3,8327452,8395424,0,255,0,0,0,0,0,0,0
1470,3242,3,8327452,8395424,0,255,0,0,0,0,0,0,0
1471,3243,3,8327452,8395424,0,255,0,0,0,0,0,0,0
1472,3244,3,8327452,8395424,0,255,0,0,0,0,0,0,0
1473,3245,3,8327452,8395424,0,255,0,0,0,0,0,0,0
1474,3246,3,8327452,8395424,0,255,0,0,0,0,0,0,0
1475,3247,3,8327452,8395424,0,255,0,0,0,0,0,0,0
1476,3248,3,8327452,8395424,0,255,0,0,0,0,0,0,0
1477,3249,3,8327452,8395424,0,255,0,0,0,0,0,0,0
1478,3250,3,8327452,8395424,0,255,0,0,0,0,0,0,0
1479,3251,3,8327452,8395424,0,255,0,0,0,0,0,0,0
1480,3252,3,8327452,8395424,0,255,0,0,0,0,0,0,0
1481,3253,3,8327452,8395424,0,255,0,0,0,0,0,0,0
1482,3254,3,8327452,8395424,0,255,0,0,0,0,0,0,0
1483,3255,3,8327452,8395424,0,255,0,0,0,0,0,0,0
1484,3256,3,8327452,8395424,0,255,0,0,0,0,0,0,0
1485,3257,3,8327452,8395424,0,255,0,0,0,0,0,0,0
1486,3258,3,8327452,8395424,0,255,0,0,0,0,0,0,0
1487,3259,3,8327452,8395424,0,255,0,0,0,0,0,0,0
1488,3260,3,8327452,8395424,0,255,0,0,0,0,0,0,0
1489,3261,3,8327452,8395424,0,255,0,0,0,0,0,0,0
1490,3262,3,8327452,8395424,0,255,0,0,0,0,0,0,0
1491,3263,3,8327452,8395424,0,255,0,0,0,0,0,0,0
1492,3264,3,8327452,8395424,0,255,0,0,0,0,0,0,0
1493,3265,3,8327452,8395424,0,255,0,0,0,0,0,0,0
1494,3266,3,8327452,8395424,0,255,0,0,0,0,0,0,0
1495,3267,3,8327452,8395424,0,255,0,0,0,0,0,0,0
1496,3268,3,8327452,8395424,0,255,0,0,0,0,0,0,0
1497,3269,3,8327452,8395424,0,255,0,0,0,0,0,0,0
1498,3270,3,8327452,8395424,0,255,0,0,0,0,0,0,0
1499,3271,3,8327452,8395424,0,255,0,0,0,0,0,0,0
1500,3272,3,8327452,8395424,0,255,0,0,0,0,0,0,0
1501,3273,3,8327452,8395424,0,255,0,0,0,0,0,0,0
1502,3274,3,8327452,8395424,0,255,0,0,0,0,0,0,0
1503,3275,3,8327452,8395424,0,255,0,0,0,0,0,0,0
1504,3276,3,8327452,8395424,0,255,0,0,0,0,0,0,0
1505,3277,3,8327452,8395424,0,255,0,0,0,0,0,0,0
1506,3278,3,8327452,8395424,0,255,0,0,0,0,0,0,0
1507,3279,3,8327452,8395424,0,255,0,0,0,0,0,0,0
1508,3280,3,8327452,8395424,0,255,0,0,0,0,0,0,0
1509,3281,3,8327452,8395424,0,255,0,0,0,0,0,0,0
1510,3282,3,8327452,8395424,0,255,0,0,0,0,0,0,0
1511,3283,3,8327452,8395424,0,255,0,0,0,0,0,0,0
1512,3284,3,8327452,8395424,0,255,0,0,0,0,0,0,0
1513,3285,3,8327452,8395424,0,255,0,0,0,0,0,0,0
1514,3286,3,8327452,8395424,0,255,0,0,0,0,0,0,0
1515,3287,3,8327452,8395424,0,255,0,0,0,0,0,0,0
1516,3288,3,8327452,8395424,0,255,0,0,0,0,0,0,0
1517,3289,3,8327452,8395424,0,255,0,0,0,0,0,0,0
1518,3290,3,8327452,8395424,0,255,0,0,0,0,0,0,0
1519,3291,3,8327452,8395424,0,255,0,0,0,0,0,0,0
1520,3292,3,8327452,8395424,0,255,0,0,0,0,0,0,0
1521,3293,3,8327452,8395424,0,255,0,0,0,0,0,0,0
1522,3294,3,8327452,8395424,0,255,0,0,0,0,0,0,0
1523,3295,3,8327452,8395424,0,255,0,0,0,0,0,0,0
1524,3296,3,8327452,8395424,0,255,0,0,0,0,0,0,0
1525,3297,3,8327452,8395424,0,255,0,0,0,0,0,0,0
1526,3298,3,8327452,8395424,0,255,0,0,0,0,0,0,0
1527,3299,3,8327452,8395424,0,255,0,0,0,0,0,0,0
1528,3300,3,8327452,8395424,0,255,0,0,0,0,0,0,0
1529,3301,3,8327452,8395424,0,255,0,0,0,0,0,0,0
1530,3302,3,8327452,8395424,0,255,0,0,0,0,0,0,0
1531,3303,3,8327452,8395424,0,255,0,0,0,0,0,0,0
1532,3304,3,8327452,8395424,0,255,0,0,0,0,0,0,0
1533,3305,3,8327452,8395424,0,255,0,0,0,0,0,0,0
1534,3306,3,8327452,8395424,0,255,0,0,0,0,0,0,0
1535,3307,3,8327452,8395424,0,255,0,0,0,0,0,0,0
1536,3308,3,8327452,8395424,0,255,0,0,0,0,0,0,0
1537,3309,3,8327452,8395424,0,255,0,0,0,0,0,0,0
1538,3310,3,8327452,8395424,0,255,0,0,0,0,0,0,0
1539,3311,3,8327452,8395424,0,255,0,0,0,0,0,0,0
1540,3312,3,8327452,8395424,0,255,0,0,0,0,0,0,0
1541,3313,3,8327452,8395424,0,255,0,0,0,0,0,0,0
1542,3314,3,8327452,8395424,0,255,0,0,0,0,0,0,0
1543,3315,3,8327452,8395424,0,255,0,0,0,0,0,0,0
1544,3316,3,8327452,8395424,0,255,0,0,0,0,0,0,0
1545,3317,3,8327452,8395424,0,255,0,0,0,0,0,0,0
1546,3318,3,8327452,8395424,0,255,0,0,0,0,0,0,0
1547,3319,3,8327452,8395424,0,255,0,0,0,0,0,0,0
1548,3320,3,8327452,8395424,0,255,0,0,0,0,0,0,0
1549,3321,3,8327452,8395424,0,255,0,0,0,0,0,0,0
1550,3322,3,8327452,8395424,0,255,0,0,0,0,0,0,0
1551,3323,3,8327452,8395424,0,255,0,0,0,0,0,0,0
1552,3324,3,8327452,8395424,0,255,0,0,0,0,0,0,0
1553,3325,3,8327452,8395424,0,255,0,0,0,0,0,0,0
1554,3326,3,8327452,8395424,0,255,0,0,0,0,0,0,0
1555,3327,3,8327452,8395424,0,255,0,0,0,0,0,0,0
1556,3328,3,8327452,8395424,0,255,0,0,0,0,0,0,0
1557,3329,3,8327452,8395424,0,255,0,0,0,0,0,0,0
1558,3330,3,8327452,8395424,0,255,0,0,0,0,0,0,0
1559,3331,3,8327452,8395424,0,255,0,0,0,0,0,0,0
1560,3332,3,8327452,8395424,0,255,0,0,0,0,0,0,0
1561,3333,3,8327452,8395424,0,255,0,0,0,0,0,0,0
1562,3334,3,8327452,8395424,0,255,0,0,0,0,0,0,0
1563,3335,3,8327452,8395424,0,255,0,0,0,0,0,0,0
1564,3336,3,8327452,8395424,0,255,0,0,0,0,0,0,0
1565,3337,3,8327452,8395424,0,255,0,0,0,0,0,0,0
1566,3338,3,8327452,8395424,0,255,0,0,0,0,0,0,0
1567,3339,3,8327452,8395424,0,255,0,0,0,0,0,0,0
1568,3340,3,8327452,8395424,0,255,0,0,0,0,0,0,0
1569,3341,3,8327452,8395424,0,255,0,0,0,0,0,0,0
1570,3342,3,8327452,8395424,0,255,0,0,0,0,0,0,0
1571,3343,3,8327452,8395424,0,255,0,0,0,0,0,0,0
1572,3344,3,8327452,8395424,0,255,0,0,0,0,0,0,0
1573,3345,3,8327452,8395424,0,255,0,0,0,0,0,0,0
1574,3346,3,8327452,8395424,0,255,0,0,0,0,0,0,0
1575,3347,3,8327452,8395424,0,255,0,0,0,0,0,0,0
1576,3348,3,8327452,8395424,0,255,0,0,0,0,0,0,0
1577,3349,3,8327452,8395424,0,255,0,0,0,0,0,0,0
1578,3350,3,8327452,8395424,0,255,0,0,0,0,0,0,0
1579,3351,3,8327452,8395424,0,255,0,0,0,0,0,0,0
1580,3352,3,8327452,8395424,0,255,0,0,0,0,0,0,0
1581,3353,3,8327452,8395424,0,255,0,0,0,0,0,0,0
1582,3354,3,8327452,8395424,0,255,0,0,0,0,0,0,0
1583,3355,3,8327452,8395424,0,255,0,0,0,0,0,0,0
1584,3356,3,8327452,8395424,0,255,0,0,0,0,0,0,0
1585,3357,3,8327452,8395424,0,255,0,0,0,0,0,0,0
1586,3358,3,8327452,8395424,0,255,0,0,0,0,0,0,0
1587,3359,3,8327452,8395424,0,255,0,0,0,0,0,0,0
1588,3360,3,8327452,8395424,0,255,0,0,0,0,0,0,0
1589,3361,3,8327452,8395424,0,255,0,0,0,0,0,0,0
1590,3362,3,8327452,8395424,0,255,0,0,0,0,0,0,0
1591,3363,3,8327452,8395424,0,255,0,0,0,0,0,0,0
1592,3364,3,8327452,8395424,0,255,0,0,0,0,0,0,0
1593,3365,3,8327452,8395424,0,255,0,0,0,0,0,0,0
1594,3366,3,8327452,8395424,0,255,0,0,0,0,0,0,0
1595,3367,3,8327452,8395424,0,255,0,0,0,0,0,0,0
1596,3368,3,8327452,8395424,0,255,0,0,0,0,0,0,0
1597,3369,3,8327452,8395424,0,255,0,0,0,0,0,0,0
1598,3370,3,8327452,8395424,0,255,0,0,0,0,0,0,0
1599,3371,3,8327452,8395424,0,255,0,0,0,0,0,0,0
1600,3372,3,8327452,8395424,0,255,0,0,0,0,0,0,0
1601,3373,3,8327452,8395424,0,255,0,0,0,0,0,0,0
1602,3374,3,8327452,8395424,0,255,0,0,0,0,0,0,0
1603,3375,3,8327452,8395424,0,255,0,0,0,0,0,0,0
1604,3376,3,8327452,8395424,0,255,0,0,0,0,0,0,0
1605,3377,3,8327452,8395424,0,255,0,0,0,0,0,0,0
1606,3378,3,8327452,8395424,0,255,0,0,0,0,0,0,0
1607,3379,3,8327452,8395424,0,255,0,0,0,0,0,0,0
1608,3380,3,8327452,8395424,0,255,0,0,0,0,0,0,0
1609,3381,3,8327452,8395424,0,255,0,0,0,0,0,0,0
1610,3382,3,8327452,8395424,0,255,0,0,0,0,0,0,0
1611,3383,3,8327452,8395424,0,255,0,0,0,0,0,0,0
1612,3384,3,8327452,8395424,0,255,0,0,0,0,0,0,0
1613,3385,3,8327452,8395424,0,255,0,0,0,0,0,0,0
1614,3386,3,8327452,8395424,0,255,0,0,0,0,0,0,0
1615,3387,3,8327452,8395424,0,255,0,0,0,0,0,0,0
1616,3388,3,8327452,8395424,0,255,0,0,0,0,0,0,0
1617,3389,3,8327452,8395424,0,255,0,0,0,0,0,0,0
1618,3390,3,8327452,8395424,0,255,0,0,0,0,0,0,0
1619,3391,3,8327452,8395424,0,255,0,0,0,0,0,0,0
1620,3392,3,8327452,8395424,0,255,0,0,0,0,0,0,0
1621,3393,3,8327452,8395424,0,255,0,0,0,0,0,0,0
1622,3394,3,8327452,8395424,0,255,0,0,0,0,0,0,0
1623,3395,3,8327452,8395424,0,255,0,0,0,0,0,0,0
1624,3396,3,8327452,8395424,0,255,0,0,0,0,0,0,0
1625,3397,3,8327452,8395424,0,255,0,0,0,0,0,0,0
1626,3398,3,8327452,8395424,0,255,0,0,0,0,0,0,0
1627,3399,3,8327452,8395424,0,255,0,0,0,0,0,0,0
1628,3400,3,8327452,8395424,0,255,0,0,0,0,0,0,0
1629,3401,3,8327452,8395424,0,255,0,0,0,0,0,0,0
1630,3402,3,8327452,8395424,0,255,0,0,0,0,0,0,0
1631,3403,3,8327452,8395424,0,255,0,0,0,0,0,0,0
1632,3404,3,8327452,8395424,0,255,0,0,0,0,0,0,0
1633,3405,3,8327452,8395424,0,255,0,0,0,0,0,0,0
1634,3406,3,8327452,8395424,0,255,0,0,0,0,0,0,0
1635,3407,3,8327452,8395424,0,255,0,0,0,0,0,0,0
1636,3408,3,8327452,8395424,0,255,0,0,0,0,0,0,0
1637,3409,3,8327452,8395424,0,255,0,0,0,0,0,0,0
1638,3410,3,8327452,8395424,0,255,0,0,0,0,0,0,0
1639,3411,3,8327452,8395424,0,255,0,0,0,0,0,0,0
1640,3412,3,8327452,8395424,0,255,0,0,0,0,0,0,0
1641,3413,3,8327452,8395424,0,255,0,0,0,0,0,0,0
1642,3414,3,8327452,8395424,0,255,0,0,0,0,0,0,0
1643,3415,3,8327452,8395424,0,255,0,0,0,0,0,0,0
1644,3416,3,8327452,8395424,0,255,0,0,0,0,0,0,0
1645,3417,3,8327452,8395424,0,255,0,0,0,0,0,0,0
1646,3418,3,8327452,8395424,0,255,0,0,0,0,0,0,0
1647,3419,3,8327452,8395424,0,255,0,0,0,0,0,0,0
1648,3420,3,8327452,8395424,0,255,0,0,0,0,0,0,0
1649,3421,3,8327452,8395424,0,255,0,0,0,0,0,0,0
1650,3422,3,8327452,8395424,0,255,0,0,0,0,0,0,0
1651,3423,3,8327452,8395424,0,255,0,0,0,0,0,0,0
1652,3424,3,8327452,8395424,0,255,0,0,0,0,0,0,0
1653,3425,3,8327452,8395424,0,255,0,0,0,0,0,0,0
1654,3426,3,8327452,8395424,0,255,0,0,0,0,0,0,0
1655,3427,3,8327452,8395424,0,255,0,0,0,0,0,0,0
1656,3428,3,8327452,8395424,0,255,0,0,0,0,0,0,0
1657,3429,3,8327452,8395424,0,255,0,0,0,0,0,0,0
1658,3430,3,8327452,8395424,0,255,0,0,0,0,0,0,0
1659,3431,3,8327452,8395424,0,255,0,0,0,0,0,0,0
1660,3432,3,8327452,8395424,0,255,0,0,0,0,0,0,0
1661,3433,3,8327452,8395424,0,255,0,0,0,0,0,0,0
1662,3434,3,8327452,8395424,0,255,0,0,0,0,0,0,0
1663,3435,3,8327452,8395424,0,255,0,0,0,0,0,0,0
1664,3436,3,8327452,8395424,0,255,0,0,0,0,0,0,0
1665,3437,3,8327452,8395424,0,255,0,0,0,0,0,0,0
1666,3438,3,8327452,8395424,0,255,0,0,0,0,0,0,0
1667,3439,3,8327452,8395424,0,255,0,0,0,0,0,0,0
1668,3440,3,8327452,8395424,0,255,0,0,0,0,0,0,0
1669,3441,3,8327452,8395424,0,255,0,0,0,0,0,0,0
1670,3442,3,8327452,8395424,0,255,0,0,0,0,0,0,0
1671,3443,3,8327452,8395424,0,255,0,0,0,0,0,0,0
1672,3444,3,8327452,8395424,0,255,0,0,0,0,0,0,0
1673,3445,3,8327452,8395424,0,255,0,0,0,0,0,0,0
1674,3446,3,8327452,8395424,0,255,0,0,0,0,0,0,0
1675,3447,3,8327452,8395424,0,255,0,0,0,0,0,0,0
1676,3448,3,8327452,8395424,0,255,0,0,0,0,0,0,0
1677,3449,3,8327452,8395424,0,255,0,0,0,0,0,0,0
1678,3450,3,8327452,8395424,0,255,0,0,0,0,0,0,0
1679,3451,3,8327452,8395424,0,255,0,0,0,0,0,0,0
1680,3452,3,8327452,8395424,0,255,0,0,0,0,0,0,0
1681,3453,3,8327452,8395424,0,255,0,0,0,0,0,0,0
1682,3454,3,8327452,8395424,0,255,0,0,0,0,0,0,0
1683,3455,3,8327452,8395424,0,255,0,0,0,0,0,0,0
1684,3456,3,8327452,8395424,0,255,0,0,0,0,0,0,0
1685,3457,3,8327452,8395424,0,255,0,0,0,0,0,0,0
1686,3458,3,8327452,8395424,0,255,0,0,0,0,0,0,0
1687,3459,3,8327452,8395424,0,255,0,0,0,0,0,0,0
1688,3460,3,8327452,8395424,0,255,0,0,0,0,0,0,0
1689,3461,3,8327452,8395424,0,255,0,0,0,0,0,0,0
1690,3462,3,8327452,8395424,0,255,0,0,0,0,0,0,0
1691,3463,3,8327452,8395424,0,255,0,0,0,0,0,0,0
1692,3464,3,8327452,8395424,0,255,0,0,0,0,0,0,0
1693,3465,3,8327452,8395424,0,255,0,0,0,0,0,0,0
1694,3466,3,8327452,8395424,0,255,0,0,0,0,0,0,0
1695,3467,3,8327452,8395424,0,255,0,0,0,0,0,0,0
1696,3468,3,8327452,8395424,0,255,0,0,0,0,0,0,0
1697,3469,3,8327452,8395424,0,255,0,0,0,0,0,0,0
1698,3470,3,8327452,8395424,0,255,0,0,0,0,0,0,0
1699,3471,3,8327452,8395424,0,255,0,0,0,0,0,0,0
1700,3472,3,8327452,8395424,0,255,0,0,0,0,0,0,0
1701,3473,3,8327452,8395424,0,255,0,0,0,0,0,0,0
1702,3474,3,8327452,8395424,0,255,0,0,0,0,0,0,0
1703,3475,3,8327452,8395424,0,255,0,0,0,0,0,0,0
1704,3476,3,8327452,8395424,0,255,0,0,0,0,0,0,0
1705,3477,3,8327452,8395424,0,255,0,0,0,0,0,0,0
1706,3478,3,8327452,8395424,0,255,0,0,0,0,0,0,0
1707,3479,3,8327452,8395424,0,255,0,0,0,0,0,0,0
1708,3480,3,8327452,8395424,0,255,0,0,0,0,0,0,0
1709,3481,3,8327452,8395424,0,255,0,0,0,0,0,0,0
1710,3482,3,8327452,8395424,0,255,0,0,0,0,0,0,0
1711,3483,3,8327452,8395424,0,255,0,0,0,0,0,0,0
1712,3484,3,8327452,8395424,0,255,0,0,0,0,0,0,0
1713,3485,3,8327452,8395424,0,255,0,0,0,0,0,0,0
1714,3486,3,8327452,8395424,0,255,0,0,0,0,0,0,0
1715,3487,3,8327452,8395424,0,255,0,0,0,0,0,0,0
1716,3488,3,8327452,8395424,0,255,0,0,0,0,0,0,0
1717,3489,3,8327452,8395424,0,255,0,0,0,0,0,0,0
1718,3490,3,8327452,8395424,0,255,0,0,0,0,0,0,0
1719,3491,3,8327452,8395424,0,255,0,0,0,0,0,0,0
1720,3492,3,8327452,8395424,0,255,0,0,0,0,0,0,0
1721,3493,3,8327452,8395424,0,255,0,0,0,0,0,0,0
1722,3494,3,8327452,8395424,0,255,0,0,0,0,0,0,0
1723,3495,3,8327452,8395424,0,255,0,0,0,0,0,0,0
1724,3496,3,8327452,8395424,0,255,0,0,0,0,0,0,0
1725,3497,3,8327452,8395424,0,255,0,0,0,0,0,0,0
1726,3498,3,8327452,8395424,0,255,0,0,0,0,0,0,0
1727,3499,3,8327452,8395424,0,255,0,0,0,0,0,0,0
1728,3500,3,8327452,8395424,0,255,0,0,0,0,0,0,0
1729,3501,3,8327452,8395424,0,255,0,0,0,0,0,0,0
1730,3502,3,8327452,8395424,0,255,0,0,0,0,0,0,0
1731,3503,3,8327452,8395424,0,255,0,0,0,0,0,0,0
1732,3504,3,8327452,8395424,0,255,0,0,0,0,0,0,0
1733,3505,3,8327452,8395424,0,255,0,0,0,0,0,0,0
1734,3506,3,8327452,8395424,0,255,0,0,0,0,0,0,0
1735,3507,3,8327452,8395424,0,255,0,0,0,0,0,0,0
1736,3508,3,8327452,8395424,0,255,0,0,0,0,0,0,0
1737,3509,3,8327452,8395424,0,255,0,0,0,0,0,0,0
1738,3510,3,8327452,8395424,0,255,0,0,0,0,0,0,0
1739,3511,3,8327452,8395424,0,255,0,0,0,0,0,0,0
1740,3512,3,8327452,8395424,0,255,0,0,0,0,0,0,0
1741,3513,3,8327452,8395424,0,255,0,0,0,0,0,0,0
1742,3514,3,8327452,8395424,0,255,0,0,0,0,0,0,0
1743,3515,3,8327452,8395424,0,255,0,0,0,0,0,0,0
1744,3516,3,8327452,8395424,0,255,0,0,0,0,0,0,0
1745,3517,3,8327452,8395424,0,255,0,0,0,0,0,0,0
1746,3518,3,8327452,8395424,0,255,0,0,0,0,0,0,0
1747,3519,3,8327452,8395424,0,255,0,0,0,0,0,0,0
1748,3520,3,8327452,8395424,0,255,0,0,0,0,0,0,0
1749,3521,3,8327452,8395424,0,255,0,0,0,0,0,0,0
1750,3522,3,8327452,8395424,0,255,0,0,0,0,0,0,0
1751,3523,3,8327452,8395424,0,255,0,0,0,0,0,0,0
1752,3524,3,8327452,8395424,0,255,0,0,0,0,0,0,0
1753,3525,3,8327452,8395424,0,255,0,0,0,0,0,0,0
1754,3526,3,8327452,8395424,0,255,0,0,0,0,0,0,0
1755,3527,3,8327452,8395424,0,255,0,0,0,0,0,0,0
1756,3528,3,8327452,8395424,0,255,0,0,0,0,0,0,0
1757,3529,3,8327452,8395424,0,255,0,0,0,0,0,0,0
1758,3530,3,8327452,8395424,0,255,0,0,0,0,0,0,0
1759,3531,3,8327452,8395424,0,255,0,0,0,0,0,0,0
1760,3532,3,8327452,8395424,0,255,0,0,0,0,0,0,0
1761,3533,3,8327452,8395424,0,255,0,0,0,0,0,0,0
1762,3534,3,8327452,8395424,0,255,0,0,0,0,0,0,0
1763,3535,3,8327452,8395424,0,255,0,0,0,0,0,0,0
1764,3536,3,8327452,8395424,0,255,0,0,0,0,0,0,0
1765,3537,3,8327452,8395424,0,255,0,0,0,0,0,0,0
1766,3538,3,8327452,8395424,0,255,0,0,0,0,0,0,0
1767,3539,3,8327452,8395424,0,255,0,0,0,0,0,0,0
1768,3540,3,8327452,8395424,0,255,0,0,0,0,0,0,0
1769,3541,3,8327452,8395424,0,255,0,0,0,0,0,0,0
1770,3542,3,8327452,8395424,0,255,0,0,0,0,0,0,0
1771,3543,3,8327452,8395424,0,255,0,0,0,0,0,0,0
1772,3544,3,8327452,8395424,0,255,0,0,0,0,0,0,0
1773,3545,3,8327452,8395424,0,255,0,0,0,0,0,0,0
1774,3546,3,8327452,8395424,0,255,0,0,0,0,0,0,0
1775,3547,3,8327452,8395424,0,255,0,0,0,0,0,0,0
1776,3548,3,8327452,8395424,0,255,0,0,0,0,0,0,0
1777,3549,3,8327452,8395424,0,255,0,0,0,0,0,0,0
1778,3550,3,8327452,8395424,0,255,0,0,0,0,0,0,0
1779,3551,3,8327452,8395424,0,255,0,0,0,0,0,0,0
1780,3552,3,8327452,8395424,0,255,0,0,0,0,0,0,0
1781,3553,3,8327452,8395424,0,255,0,0,0,0,0,0,0
1782,3554,3,8327452,8395424,0,255,0,0,0,0,0,0,0
1783,3555,3,8327452,8395424,0,255,0,0,0,0,0,0,0
1784,3556,3,8327452,8395424,0,255,0,0,0,0,0,0,0
1785,3557,3,8327452,8395424,0,255,0,0,0,0,0,0,0
1786,3558,3,8327452,8395424,0,255,0,0,0,0,0,0,0
1787,3559,3,8327452,8395424,0,255,0,0,0,0,0,0,0
1788,3560,3,8327452,8395424,0,255,0,0,0,0,0,0,0
1789,3561,3,8327452,8395424,0,255,0,0,0,0,0,0,0
1790,3562,3,8327452,8395424,0,255,0,0,0,0,0,0,0
1791,3563,3,8327452,8395424,0,255,0,0,0,0,0,0,0
1792,3564,3,8327452,8395424,0,255,0,0,0,0,0,0,0
1793,3565,3,8327452,8395424,0,255,0,0,0,0,0,0,0
1794,3566,3,8327452,8395424,0,255,0,0,0,0,0,0,0
1795,3567,3,8327452,8395424,0,255,0,0,0,0,0,0,0
1796,3568,3,8327452,8395424,0,255,0,0,0,0,0,0,0
1797,3569,3,8327452,8395424,0,255,0,0,0,0,0,0,0
1798,3570,3,8327452,8395424,0,255,0,0,0,0,0,0,0
1799,3571,3,8327452,8395424,0,255,0,0,0,0,0,0,0
1800,3572,3,8327452,8395424,0,255,0,0,0,0,0,0,0
1801,3573,3,8327452,8395424,0,255,0,0,0,0,0,0,0
1802,3574,3,8327452,8395424,0,255,0,0,0,0,0,0,0
1803,3575,3,8327452,8395424,0,255,0,0,0,0,0,0,0
1804,3576,3,8327452,8395424,0,255,0,0,0,0,0,0,0
1805,3577,3,8327452,8395424,0,255,0,0,0,0,0,0,0
1806,3578,3,8327452,8395424,0,255,0,0,0,0,0,0,0
1807,3579,3,8327452,8395424,0,255,0,0,0,0,0,0,0
1808,3580,3,8327452,8395424,0,255,0,0,0,0,0,0,0
1809,3581,3,8327452,8395424,0,255,0,0,0,0,0,0,0
1810,3582,3,8327452,8395424,0,255,0,0,0,0,0,0,0
1811,3583,3,8327452,8395424,0,255,0,0,0,0,0,0,0
1812,3584,3,8327452,8395424,0,255,0,0,0,0,0,0,0
1813,3585,3,8327452,8395424,0,255,0,0,0,0,0,0,0
1814,3586,3,8327452,8395424,0,255,0,0,0,0,0,0,0
1815,3587,3,8327452,8395424,0,255,0,0,0,0,0,0,0
1816,3588,3,8327452,8395424,0,255,0,0,0,0,0,0,0
1817,3589,3,8327452,8395424,0,255,0,0,0,0,0,0,0
1818,3590,3,8327452,8395424,0,255,0,0,0,0,0,0,0
1819,3591,3,8327452,8395424,0,255,0,0,0,0,0,0,0
1820,3592,3,8327452,8395424,0,255,0,0,0,0,0,0,0
1821,3593,3,8327452,8395424,0,255,0,0,0,0,0,0,0
1822,3594,3,8327452,8395424,0,255,0,0,0,0,0,0,0
1823,3595,3,8327452,8395424,0,255,0,0,0,0,0,0,0
1824,3596,3,8327452,8395424,0,255,0,0,0,0,0,0,0
1825,3597,3,8327452,8395424,0,255,0,0,0,0,0,0,0
1826,3598,3,8327452,8395424,0,255,0,0,0,0,0,0,0
1827,3599,3,8327452,8395424,0,255,0,0,0,0,0,0,0
1828,3600,3,8327452,8395424,0,255,0,0,0,0,0,0,0
1829,3601,3,8327452,8395424,0,255,0,0,0,0,0,0,0
1830,3602,3,8327452,8395424,0,255,0,0,0,0,0,0,0
1831,3603,3,8327452,8395424,0,255,0,0,0,0,0,0,0
1832,3604,3,8327452,8395424,0,255,0,0,0,0,0,0,0
1833,3605,3,8327452,8395424,0,255,0,0,0,0,0,0,0
1834,3606,3,8327452,8395424,0,255,0,0,0,0,0,0,0
1835,3607,3,8327452,8395424,0,255,0,0,0,0,0,0,0
1836,3608,3,8327452,8395424,0,255,0,0,0,0,0,0,0
1837,3609,3,8327452,8395424,0,255,0,0,0,0,0,0,0
1838,3610,3,8327452,8395424,0,255,0,0,0,0,0,0,0
1839,3611,3,8327452,8395424,0,255,0,0,0,0,0,0,0
1840,3612,3,8327452,8395424,0,255,0,0,0,0,0,0,0
1841,3613,3,8327452,8395424,0,255,0,0,0,0,0,0,0
1842,3614,3,8327452,8395424,0,255,0,0,0,0,0,0,0
1843,3615,3,8327452,8395424,0,255,0,0,0,0,0,0,0
1844,3616,3,8327452,8395424,0,255,0,0,0,0,0,0,0
1845,3617,3,8327452,8395424,0,255,0,0,0,0,0,0,0
1846,3618,3,8327452,8395424,0,255,0,0,0,0,0,0,0
1847,3619,3,8327452,8395424,0,255,0,0,0,0,0,0,0
1848,3620,3,8327452,8395424,0,255,0,0,0,0,0,0,0
1849,3621,3,8327452,8395424,0,255,0,0,0,0,0,0,0
1850,3622,3,8327452,8395424,0,255,0,0,0,0,0,0,0
1851,3623,3,8327452,8395424,0,255,0,0,0,0,0,0,0
1852,3624,3,8327452,8395424,0,255,0,0,0,0,0,0,0
1853,3625,3,8327452,8395424,0,255,0,0,0,0,0,0,0
1854,3626,3,8327452,8395424,0,255,0,0,0,0,0,0,0
1855,3627,3,8327452,8395424,0,255,0,0,0,0,0,0,0
1856,3628,3,8327452,8395424,0,255,0,0,0,0,0,0,0
1857,3629,3,8327452,8395424,0,255,0,0,0,0,0,0,0
1858,3630,3,8327452,8395424,0,255,0,0,0,0,0,0,0
1859,3631,3,8327452,8395424,0,255,0,0,0,0,0,0,0
1860,3632,3,8327452,8395424,0,255,0,0,0,0,0,0,0
1861,3633,3,8327452,8395424,0,255,0,0,0,0,0,0,0
1862,3634,3,8327452,8395424,0,255,0,0,0,0,0,0,0
1863,3635,3,8327452,8395424,0,255,0,0,0,0,0,0,0
1864,3636,3,8327452,8395424,0,255,0,0,0,0,0,0,0
1865,3637,3,8327452,8395424,0,255,0,0,0,0,0,0,0
1866,3638,3,8327452,8395424,0,255,0,0,0,0,0,0,0
1867,3639,3,8327452,8395424,0,255,0,0,0,0,0,0,0
1868,3640,3,8327452,8395424,0,255,0,0,0,0,0,0,0
1869,3641,3,8327452,8395424,0,255,0,0,0,0,0,0,0
1870,3642,3,8327452,8395424,0,255,0,0,0,0,0,0,0
1871,3643,3,8327452,8395424,0,255,0,0,0,0,0,0,0
1872,3644,3,8327452,8395424,0,255,0,0,0,0,0,0,0
1873,3645,3,8327452,8395424,0,255,0,0,0,0,0,0,0
1874,3646,3,8327452,8395424,0,255,0,0,0,0,0,0,0
1875,3647,3,8327452,8395424,0,255,0,0,0,0,0,0,0
1876,3648,3,8327452,8395424,0,255,0,0,0,0,0,0,0
1877,3649,3,8327452,8395424,0,255,0,0,0,0,0,0,0
1878,3650,3,8327452,8395424,0,255,0,0,0,0,0,0,0
1879,3651,3,8327452,8395424,0,255,0,0,0,0,0,0,0
1880,3652,3,8327452,8395424,0,255,0,0,0,0,0,0,0
1881,3653,3,8327452,8395424,0,255,0,0,0,0,0,0,0
1882,3654,3,8327452,8395424,0,255,0,0,0,0,0,0,0
1883,3655,3,8327452,8395424,0,255,0,0,0,0,0,0,0
1884,3656,3,8327452,8395424,0,255,0,0,0,0,0,0,0
1885,3657,3,8327452,8395424,0,255,0,0,0,0,0,0,0
1886,3658,3,8327452,8395424,0,255,0,0,0,0,0,0,0
1887,3659,3,8327452,8395424,0,255,0,0,0,0,0,0,0
1888,3660,3,8327452,8395424,0,255,0,0,0,0,0,0,0
1889,3661,3,8327452,8395424,0,255,0,0,0,0,0,0,0
1890,3662,3,8327452,8395424,0,255,0,0,0,0,0,0,0
1891,3663,3,8327452,8395424,0,255,0,0,0,0,0,0,0
1892,3664,3,8327452,8395424,0,255,0,0,0,0,0,0,0
1893,3665,3,8327452,8395424,0,255,0,0,0,0,0,0,0
1894,3666,3,8327452,8395424,0,255,0,0,0,0,0,0,0
1895,3667,3,8327452,8395424,0,255,0,0,0,0,0,0,0
1896,3668,3,8327452,8395424,0,255,0,0,0,0,0,0,0
1897,3669,3,8327452,8395424,0,255,0,0,0,0,0,0,0
1898,3670,3,8327452,8395424,0,255,0,0,0,0,0,0,0
1899,3671,3,8327452,8395424,0,255,0,0,0,0,0,0,0
1900,3672,3,8327452,8395424,0,255,0,0,0,0,0,0,0
1901,3673,3,8327452,8395424,0,255,0,0,0,0,0,0,0
1902,3674,3,8327452,8395424,0,255,0,0,0,0,0,0,0
1903,3675,3,8327452,8395424,0,255,0,0,0,0,0,0,0
1904,3676,3,8327452,8395424,0,255,0,0,0,0,0,0,0
1905,3677,3,8327452,8395424,0,255,0,0,0,0,0,0,0
1906,3678,3,8327452,8395424,0,255,0,0,0,0,0,0,0
1907,3679,3,8327452,8395424,0,255,0,0,0,0,0,0,0
1908,3680,3,8327452,8395424,0,255,0,0,0,0,0,0,0
1909,3681,3,8327452,8395424,0,255,0,0,0,0,0,0,0
1910,3682,3,8327452,8395424,0,255,0,0,0,0,0,0,0
1911,3683,3,8327452,8395424,0,255,0,0,0,0,0,0,0
1912,3684,3,8327452,8395424,0,255,0,0,0,0,0,0,0
1913,3685,3,8327452,8395424,0,255,0,0,0,0,0,0,0
1914,3686,3,8327452,8395424,0,255,0,0,0,0,0,0,0
1915,3687,3,8327452,8395424,0,255,0,0,0,0,0,0,0
1916,3688,3,8327452,8395424,0,255,0,0,0,0,0,0,0
1917,3689,3,8327452,8395424,0,255,0,0,0,0,0,0,0
1918,3690,3,8327452,8395424,0,255,0,0,0,0,0,0,0
1919,3691,3,8327452,8395424,0,255,0,0,0,0,0,0,0
1920,3692,3,8327452,8395424,0,255,0,0,0,0,0,0,0
1921,3693,3,8327452,8395424,0,255,0,0,0,0,0,0,0
1922,3694,3,8327452,8395424,0,255,0,0,0,0,0,0,0
1923,3695,3,8327452,8395424,0,255,0,0,0,0,0,0,0
1924,3696,3,8327452,8395424,0,255,0,0,0,0,0,0,0
1925,3697,3,8327452,8395424,0,255,0,0,0,0,0,0,0
1926,3698,3,8327452,8395424,0,255,0,0,0,0,0,0,0
1927,3699,3,8327452,8395424,0,255,0,0,0,0,0,0,0
1928,3700,3,8327452,8395424,0,255,0,0,0,0,0,0,0
1929,3701,3,8327452,8395424,0,255,0,0,0,0,0,0,0
1930,3702,3,8327452,8395424,0,255,0,0,0,0,0,0,0
1931,3703,3,8327452,8395424,0,255,0,0,0,0,0,0,0
1932,3704,3,8327452,8395424,0,255,0,0,0,0,0,0,0
1933,3705,3,8327452,8395424,0,255,0,0,0,0,0,0,0
1934,3706,3,8327452,8395424,0,255,0,0,0,0,0,0,0
1935,3707,3,8327452,8395424,0,255,0,0,0,0,0,0,0
1936,3708,3,8327452,8395424,0,255,0,0,0,0,0,0,0
1937,3709,3,8327452,8395424,0,255,0,0,0,0,0,0,0
1938,3710,3,8327452,8395424,0,255,0,0,0,0,0,0,0
1939,3711,3,8327452,8395424,0,255,0,0,0,0,0,0,0
1940,3712,3,8327452,8395424,0,255,0,0,0,0,0,0,0
1941,3713,3,8327452,8395424,0,255,0,0,0,0,0,0,0
1942,3714,3,8327452,8395424,0,255,0,0,0,0,0,0,0
1943,3715,3,8327452,8395424,0,255,0,0,0,0,0,0,0
1944,3716,3,8327452,8395424,0,255,0,0,0,0,0,0,0
1945,3717,3,8327452,8395424,0,255,0,0,0,0,0,0,0
1946,3718,3,8327452,8395424,0,255,0,0,0,0,0,0,0
1947,3719,3,8327452,8395424,0,255,0,0,0,0,0,0,0
1948,3720,3,8327452,8395424,0,255,0,0,0,0,0,0,0
1949,3721,3,8327452,8395424,0,255,0,0,0,0,0,0,0
1950,3722,3,8327452,8395424,0,255,0,0,0,0,0,0,0
1951,3723,3,8327452,8395424,0,255,0,0,0,0,0,0,0
1952,3724,3,8327452,8395424,0,255,0,0,0,0,0,0,0
1953,3725,3,8327452,8395424,0,255,0,0,0,0,0,0,0
1954,3726,3,8327452,8395424,0,255,0,0,0,0,0,0,0
1955,3727,3,8327452,8395424,0,255,0,0,0,0,0,0,0
1956,3728,3,8327452,8395424,0,255,0,0,0,0,0,0,0
1957,3729,3,8327452,8395424,0,255,0,0,0,0,0,0,0
1958,3730,3,8327452,8395424,0,255,0,0,0,0,0,0,0
1959,3731,3,8327452,8395424,0,255,0,0,0,0,0,0,0
1960,3732,3,8327452,8395424,0,255,0,0,0,0,0,0,0
1961,3733,3,8327452,8395424,0,255,0,0,0,0,0,0,0
1962,3734,3,8327452,8395424,0,255,0,0,0,0,0,0,0
1963,3735,3,8327452,8395424,0,255,0,0,0,0,0,0,0
1964,3736,3,8327452,8395424,0,255,0,0,0,0,0,0,0
1965,3737,3,8327452,8395424,0,255,0,0,0,0,0,0,0
1966,3738,3,8327452,8395424,0,255,0,0,0,0,0,0,0
1967,3739,3,8327452,8395424,0,255,0,0,0,0,0,0,0
1968,3740,3,8327452,8395424,0,255,0,0,0,0,0,0,0
1969,3741,3,8327452,8395424,0,255,0,0,0,0,0,0,0
1970,3742,3,8327452,8395424,0,255,0,0,0,0,0,0,0
1971,3743,3,8327452,8395424,0,255,0,0,0,0,0,0,0
1972,3744,3,8327452,8395424,0,255,0,0,0,0,0,0,0
1973,3745,3,8327452,8395424,0,255,0,0,0,0,0,0,0
1974,3746,3,8327452,8395424,0,255,0,0,0,0,0,0,0
1975,3747,3,8327452,8395424,0,255,0,0,0,0,0,0,0
1976,3748,3,8327452,8395424,0,255,0,0,0,0,0,0,0
1977,3749,3,8327452,8395424,0,255,0,0,0,0,0,0,0
1978,3750,3,8327452,8395424,0,255,0,0,0,0,0,0,0
1979,3751,3,8327452,8395424,0,255,0,0,0,0,0,0,0
1980,3752,3,8327452,8395424,0,255,0,0,0,0,0,0,0
1981,3753,3,8327452,8395424,0,255,0,0,0,0,0,0,0
1982,3754,3,8327452,8395424,0,255,0,0,0,0,0,0,0
1983,3755,3,8327452,8395424,0,255,0,0,0,0,0,0,0
1984,3756,3,8327452,8395424,0,255,0,0,0,0,0,0,0
1985,3757,3,8327452,8395424,0,255,0,0,0,0,0,0,0
1986,3758,3,8327452,8395424,0,255,0,0,0,0,0,0,0
1987,3759,3,8327452,8395424,0,255,0,0,0,0,0,0,0
1988,3760,3,8327452,8395424,0,255,0,0,0,0,0,0,0
1989,3761,3,8327452,8395424,0,255,0,0,0,0,0,0,0
1990,3762,3,8327452,8395424,0,255,0,0,0,0,0,0,0
1991,3763,3,8327452,8395424,0,255,0,0,0,0,0,0,0
1992,3764,3,8327452,8395424,0,255,0,0,0,0,0,0,0
1993,3765,3,8327452,8395424,0,255,0,0,0,0,0,0,0
1994,3766,3,8327452,8395424,0,255,0,0,0,0,0,0,0
1995,3767,3,8327452,8395424,0,255,0,0,0,0,0,0,0
1996,3768,3,8327452,8395424,0,255,0,0,0,0,0,0,0
1997,3769,3,8327452,8395424,0,255,0,0,0,0,0,0,0
1998,3770,3,8327452,8395424,0,255,0,0,0,0,0,0,0
1999,3771,3,8327452,8395424,0,255,0,0,0,0,0,0,0
2000,3772,3,8327452,8395424,0,255,0,0,0,0,0,0,0
2001,3773,3,8327452,8395424,0,255,0,0,0,0,0,0,0
2002,3774,3,8327452,8395424,0,255,0,0,0,0,0,0,0
2003,3775,3,8327452,8395424,0,255,0,0,0,0,0,0,0
2004,3776,3,8327452,8395424,0,255,0,0,0,0,0,0,0
2005,3777,3,8327452,8395424,0,255,0,0,0,0,0,0,0
2006,3778,3,8327452,8395424,0,255,0,0,0,0,0,0,0
2007,3779,3,8327452,8395424,0,255,0,0,0,0,0,0,0
2008,3780,3,8327452,8395424,0,255,0,0,0,0,0,0,0
2009,3781,3,8327452,8395424,0,255,0,0,0,0,0,0,0
2010,3782,3,8327452,8395424,0,255,0,0,0,0,0,0,0
2011,3783,3,8327452,8395424,0,255,0,0,0,0,0,0,0
2012,3784,3,8327452,8395424,0,255,0,0,0,0,0,0,0
2013,3785,3,8327452,8395424,0,255,0,0,0,0,0,0,0
2014,3786,3,8327452,8395424,0,255,0,0,0,0,0,0,0
2015,3787,3,8327452,8395424,0,255,0,0,0,0,0,0,0
2016,3788,3,8327452,8395424,0,255,0,0,0,0,0,0,0
2017,3789,3,8327452,8395424,0,255,0,0,0,0,0,0,0
2018,3790,3,8327452,8395424,0,255,0,0,0,0,0,0,0
2019,3791,3,8327452,8395424,0,255,0,0,0,0,0,0,0
2020,3792,3,8327452,8395424,0,255,0,0,0,0,0,0,0
2021,3793,3,8327452,8395424,0,255,0,0,0,0,0,0,0
2022,3794,3,8327452,8395424,0,255,0,0,0,0,0,0,0
2023,3795,3,8327452,8395424,0,255,0,0,0,0,0,0,0
2024,3796,3,8327452,8395424,0,255,0,0,0,0,0,0,0
2025,3797,3,8327452,8395424,0,255,0,0,0,0,0,0,0
2026,3798,3,8327452,8395424,0,255,0,0,0,0,0,0,0
2027,3799,3,8327452,8395424,0,255,0,0,0,0,0,0,0
2028,3800,3,8327452,8395424,0,255,0,0,0,0,0,0,0
2029,3801,3,8327452,8395424,0,255,0,0,0,0,0,0,0
2030,3802,3,8327452,8395424,0,255,0,0,0,0,0,0,0
2031,3803,3,8327452,8395424,0,255,0,0,0,0,0,0,0
2032,3804,3,8327452,8395424,0,255,0,0,0,0,0,0,0
2033,3805,3,8327452,8395424,0,255,0,0,0,0,0,0,0
2034,3806,3,8327452,8395424,0,255,0,0,0,0,0,0,0
2035,3807,3,8327452,8395424,0,255,0,0,0,0,0,0,0
2036,3808,3,8327452,8395424,0,255,0,0,0,0,0,0,0
2037,3809,3,8327452,8395424,0,255,0,0,0,0,0,0,0
2038,3810,3,8327452,8395424,0,255,0,0,0,0,0,0,0
2039,3811,3,8327452,8395424,0,255,0,0,0,0,0,0,0
2040,3812,3,8327452,8395424,0,255,0,0,0,0,0,0,0
2041,3813,3,8327452,8395424,0,255,0,0,0,0,0,0,0
2042,3814,3,8327452,8395424,0,255,0,0,0,0,0,0,0
2043,3815,3,8327452,8395424,0,255,0,0,0,0,0,0,0
2044,3816,3,8327452,8395424,0,255,0,0,0,0,0,0,0
2045,3817,3,8327452,8395424,0,255,0,0,0,0,0,0,0
2046,3818,3,8327452,8395424,0,255,0,0,0,0,0,0,0
2047,3819,3,8327452,8395424,0,255,0,0,0,0,0,0,0
2048,3820,3,8327452,8395424,0,255,0,0,0,0,0,0,0
2049,3821,3,8327452,8395424,0,255,0,0,0,0,0,0,0
2050,3822,3,8327452,8395424,0,255,0,0,0,0,0,0,0
2051,3823,3,8327452,8395424,0,255,0,0,0,0,0,0,0
2052,3824,3,8327452,8395424,0,255,0,0,0,0,0,0,0
2053,3825,3,8327452,8395424,0,255,0,0,0,0,0,0,0
2054,3826,3,8327452,8395424,0,255,0,0,0,0,0,0,0
2055,3827,3,8327452,8395424,0,255,0,0,0,0,0,0,0
2056,3828,3,8327452,8395424,0,255,0,0,0,0,0,0,0
2057,3829,3,8327452,8395424,0,255,0,0,0,0,0,0,0
2058,3830,3,8327452,8395424,0,255,0,0,0,0,0,0,0
2059,3831,3,8327452,8395424,0,255,0,0,0,0,0,0,0
2060,3832,3,8327452,8395424,0,255,0,0,0,0,0,0,0
2061,3833,3,8327452,8395424,0,255,0,0,0,0,0,0,0
2062,3834,3,8327452,8395424,0,255,0,0,0,0,0,0,0
2063,3835,3,8327452,8395424,0,255,0,0,0,0,0,0,0
2064,3836,3,8327452,8395424,0,255,0,0,0,0,0,0,0
2065,3837,3,8327452,8395424,0,255,0,0,0,0,0,0,0
2066,3838,3,8327452,8395424,0,255,0,0,0,0,0,0,0
2067,3839,3,8327452,8395424,0,255,0,0,0,0,0,0,0
2068,3840,3,8327452,8395424,0,255,0,0,0,0,0,0,0
2069,3841,3,8327452,8395424,0,255,0,0,0,0,0,0,0
2070,3842,3,8327452,8395424,0,255,0,0,0,0,0,0,0
2071,3843,3,8327452,8395424,0,255,0,0,0,0,0,0,0
2072,3844,3,8327452,8395424,0,255,0,0,0,0,0,0,0
2073,3845,3,8327452,8395424,0,255,0,0,0,0,0,0,0
2074,3846,3,8327452,8395424,0,255,0,0,0,0,0,0,0
2075,3847,3,8327452,8395424,0,255,0,0,0,0,0,0,0
2076,3848,3,8327452,8395424,0,255,0,0,0,0,0,0,0
2077,3849,3,8327452,8395424,0,255,0,0,0,0,0,0,0
2078,3850,3,8327452,8395424,0,255,0,0,0,0,0,0,0
2079,3851,3,8327452,8395424,0,255,0,0,0,0,0,0,0
2080,3852,3,8327452,8395424,0,255,0,0,0,0,0,0,0
2081,3853,3,8327452,8395424,0,255,0,0,0,0,0,0,0
2082,3854,3,8327452,8395424,0,255,0,0,0,0,0,0,0
2083,3855,3,8327452,8395424,0,255,0,0,0,0,0,0,0
2084,3856,3,8327452,8395424,0,255,0,0,0,0,0,0,0
2085,3857,3,8327452,8395424,0,255,0,0,0,0,0,0,0
2086,3858,3,8327452,8395424,0,255,0,0,0,0,0,0,0
2087,3859,3,8327452,8395424,0,255,0,0,0,0,0,0,0
2088,3860,3,8327452,8395424,0,255,0,0,0,0,0,0,0
2089,3861,3,8327452,8395424,0,255,0,0,0,0,0,0,0
2090,3862,3,8327452,8395424,0,255,0,0,0,0,0,0,0
2091,3863,3,8327452,8395424,0,255,0,0,0,0,0,0,0
2092,3864,3,8327452,8395424,0,255,0,0,0,0,0,0,0
2093,3865,3,8327452,8395424,0,255,0,0,0,0,0,0,0
2094,3866,3,8327452,8395424,0,255,0,0,0,0,0,0,0
2095,3867,3,8327452,8395424,0,255,0,0,0,0,0,0,0
2096,3868,3,8327452,8395424,0,255,0,0,0,0,0,0,0
2097,3869,3,8327452,8395424,0,255,0,0,0,0,0,0,0
2098,3870,3,8327452,8395424,0,255,0,0,0,0,0,0,0
2099,3871,3,8327452,8395424,0,255,0,0,0,0,0,0,0
2100,3872,3,8327452,8395424,0,255,0,0,0,0,0,0,0
2101,3873,3,8327452,8395424,0,255,0,0,0,0,0,0,0
2102,3874,3,8327452,8395424,0,255,0,0,0,0,0,0,0
2103,3875,3,8327452,8395424,0,255,0,0,0,0,0,0,0
2104,3876,3,8327452,8395424,0,255,0,0,0,0,0,0,0
2105,3877,3,8327452,8395424,0,255,0,0,0,0,0,0,0
2106,3878,3,8327452,8395424,0,255,0,0,0,0,0,0,0
2107,3879,3,8327452,8395424,0,255,0,0,0,0,0,0,0
2108,3880,3,8327452,8395424,0,255,0,0,0,0,0,0,0
2109,3881,3,8327452,8395424,0,255,0,0,0,0,0,0,0
2110,3882,3,8327452,8395424,0,255,0,0,0,0,0,0,0
2111,3883,3,8327452,8395424,0,255,0,0,0,0,0,0,0
2112,3884,3,8327452,8395424,0,255,0,0,0,0,0,0,0
2113,3885,3,8327452,8395424,0,255,0,0,0,0,0,0,0
2114,3886,3,8327452,8395424,0,255,0,0,0,0,0,0,0
2115,3887,3,8327452,8395424,0,255,0,0,0,0,0,0,0
2116,3888,3,8327452,8395424,0,255,0,0,0,0,0,0,0
2117,3889,3,8327452,8395424,0,255,0,0,0,0,0,0,0
2118,3890,3,8327452,8395424,0,255,0,0,0,0,0,0,0
2119,3891,3,8327452,8395424,0,255,0,0,0,0,0,0,0
2120,3892,3,8327452,8395424,0,255,0,0,0,0,0,0,0
2121,3893,3,8327452,8395424,0,255,0,0,0,0,0,0,0
2122,3894,3,8327452,8395424,0,255,0,0,0,0,0,0,0
2123,3895,3,8327452,8395424,0,255,0,0,0,0,0,0,0
2124,3896,3,8327452,8395424,0,255,0,0,0,0,0,0,0
2125,3897,3,8327452,8395424,0,255,0,0,0,0,0,0,0
2126,3898,3,8327452,8395424,0,255,0,0,0,0,0,0,0
2127,3899,3,8327452,8395424,0,255,0,0,0,0,0,0,0
2128,3900,3,8327452,8395424,0,255,0,0,0,0,0,0,0
2129,3901,3,8327452,8395424,0,255,0,0,0,0,0,0,0
2130,3902,3,8327452,8395424,0,255,0,0,0,0,0,0,0
2131,3903,3,8327452,8395424,0,255,0,0,0,0,0,0,0
2132,3904,3,8327452,8395424,0,255,0,0,0,0,0,0,0
2133,3905,3,8327452,8395424,0,255,0,0,0,0,0,0,0
2134,3906,3,8327452,8395424,0,255,0,0,0,0,0,0,0
2135,3907,3,8327452,8395424,0,255,0,0,0,0,0,0,0
2136,3908,3,8327452,8395424,0,255,0,0,0,0,0,0,0
2137,3909,3,8327452,8395424,0,255,0,0,0,0,0,0,0
2138,3910,3,8327452,8395424,0,255,0,0,0,0,0,0,0
2139,3911,3,8327452,8395424,0,255,0,0,0,0,0,0,0
2140,3912,3,8327452,8395424,0,255,0,0,0,0,0,0,0
2141,3913,3,8327452,8395424,0,255,0,0,0,0,0,0,0
2142,3914,3,8327452,8395424,0,255,0,0,0,0,0,0,0
2143,3915,3,8327452,8395424,0,255,0,0,0,0,0,0,0
2144,3916,3,8327452,8395424,0,255,0,0,0,0,0,0,0
2145,3917,3,8327452,8395424,0,255,0,0,0,0,0,0,0
2146,3918,3,8327452,8395424,0,255,0,0,0,0,0,0,0
2147,3919,3,8327452,8395424,0,255,0,0,0,0,0,0,0
2148,3920,3,8327452,8395424,0,255,0,0,0,0,0,0,0
2149,3921,3,8327452,8395424,0,255,0,0,0,0,0,0,0
2150,3922,3,8327452,8395424,0,255,0,0,0,0,0,0,0
2151,3923,3,8327452,8395424,0,255,0,0,0,0,0,0,0
2152,3924,3,8327452,8395424,0,255,0,0,0,0,0,0,0
2153,3925,3,8327452,8395424,0,255,0,0,0,0,0,0,0
2154,3926,3,8327452,8395424,0,255,0,0,0,0,0,0,0
2155,3927,3,8327452,8395424,0,255,0,0,0,0,0,0,0
2156,3928,3,8327452,8395424,0,255,0,0,0,0,0,0,0
2157,3929,3,8327452,8395424,0,255,0,0,0,0,0,0,0
2158,3930,3,8327452,8395424,0,255,0,0,0,0,0,0,0
2159,3931,3,8327452,8395424,0,255,0,0,0,0,0,0,0
2160,3932,3,8327452,8395424,0,255,0,0,0,0,0,0,0
2161,3933,3,8327452,8395424,0,255,0,0,0,0,0,0,0
2162,3934,3,8327452,8395424,0,255,0,0,0,0,0,0,0
2163,3935,3,8327452,8395424,0,255,0,0,0,0,0,0,0
2164,3936,3,8327452,8395424,0,255,0,0,0,0,0,0,0
2165,3937,3,8327452,8395424,0,255,0,0,0,0,0,0,0
2166,3938,3,8327452,8395424,0,255,0,0,0,0,0,0,0
2167,3939,3,8327452,8395424,0,255,0,0,0,0,0,0,0
2168,3940,3,8327452,8395424,0,255,0,0,0,0,0,0,0
2169,3941,3,8327452,8395424,0,255,0,0,0,0,0,0,0
2170,3942,3,8327452,8395424,0,255,0,0,0,0,0,0,0
2171,3943,3,8327452,8395424,0,255,0,0,0,0,0,0,0
2172,3944,3,8327452,8395424,0,255,0,0,0,0,0,0,0
2173,3945,3,8327452,8395424,0,255,0,0,0,0,0,0,0
2174,3946,3,8327452,8395424,0,255,0,0,0,0,0,0,0
2175,3947,3,8327452,8395424,0,255,0,0,0,0,0,0,0
2176,3948,3,8327452,8395424,0,255,0,0,0,0,0,0,0
2177,3949,3,8327452,8395424,0,255,0,0,0,0,0,0,0
2178,3950,3,8327452,8395424,0,255,0,0,0,0,0,0,0
2179,3951,3,8327452,8395424,0,255,0,0,0,0,0,0,0
2180,3952,3,8327452,8395424,0,255,0,0,0,0,0,0,0
2181,3953,3,8327452,8395424,0,255,0,0,0,0,0,0,0
2182,3954,3,8327452,8395424,0,255,0,0,0,0,0,0,0
2183,3955,3,8327452,8395424,0,255,0,0,0,0,0,0,0
2184,3956,3,8327452,8395424,0,255,0,0,0,0,0,0,0
2185,3957,3,8327452,8395424,0,255,0,0,0,0,0,0,0
2186,3958,3,8327452,8395424,0,255,0,0,0,0,0,0,0
2187,3959,3,8327452,8395424,0,255,0,0,0,0,0,0,0
2188,3960,3,8327452,8395424,0,255,0,0,0,0,0,0,0
2189,3961,3,8327452,8395424,0,255,0,0,0,0,0,0,0
2190,3962,3,8327452,8395424,0,255,0,0,0,0,0,0,0
2191,3963,3,8327452,8395424,0,255,0,0,0,0,0,0,0
2192,3964,3,8327452,8395424,0,255,0,0,0,0,0,0,0
2193,3965,3,8327452,8395424,0,255,0,0,0,0,0,0,0
2194,3966,3,8327452,8395424,0,255,0,0,0,0,0,0,0
2195,3967,3,8327452,8395424,0,255,0,0,0,0,0,0,0
2196,3968,3,8327452,8395424,0,255,0,0,0,0,0,0,0
2197,3969,3,8327452,8395424,0,255,0,0,0,0,0,0,0
2198,3970,3,8327452,8395424,0,255,0,0,0,0,0,0,0
2199,3971,3,8327452,8395424,0,255,0,0,0,0,0,0,0
2200,3972,3,8327452,8395424,0,255,0,0,0,0,0,0,0
2201,3973,3,8327452,8395424,0,255,0,0,0,0,0,0,0
2202,3974,3,8327452,8395424,0,255,0,0,0,0,0,0,0
2203,3975,3,8327452,8395424,0,255,0,0,0,0,0,0,0
2204,3976,3,8327452,8395424,0,255,0,0,0,0,0,0,0
2205,3977,3,8327452,8395424,0,255,0,0,0,0,0,0,0
2206,3978,3,8327452,8395424,0,255,0,0,0,0,0,0,0
2207,3979,3,8327452,8395424,0,255,0,0,0,0,0,0,0
2208,3980,3,8327452,8395424,0,255,0,0,0,0,0,0,0
2209,3981,3,8327452,8395424,0,255,0,0,0,0,0,0,0
2210,3982,3,8327452,8395424,0,255,0,0,0,0,0,0,0
2211,3983,3,8327452,8395424,0,255,0,0,0,0,0,0,0
2212,3984,3,8327452,8395424,0,255,0,0,0,0,0,0,0
2213,3985,3,8327452,8395424,0,255,0,0,0,0,0,0,0
2214,3986,3,8327452,8395424,0,255,0,0,0,0,0,0,0
2215,3987,3,8327452,8395424,0,255,0,0,0,0,0,0,0
2216,3988,3,8327452,8395424,0,255,0,0,0,0,0,0,0
2217,3989,3,8327452,8395424,0,255,0,0,0,0,0,0,0
2218,3990,3,8327452,8395424,0,255,0,0,0,0,0,0,0
2219,3991,3,8327452,8395424,0,255,0,0,0,0,0,0,0
2220,3992,3,8327452,8395424,0,255,0,0,0,0,0,0,0
2221,3993,3,8327452,8395424,0,255,0,0,0,0,0,0,0
2222,3994,3,8327452,8395424,0,255,0,0,0,0,0,0,0
2223,3995,3,8327452,8395424,0,255,0,0,0,0,0,0,0
2224,3996,3,8327452,8395424,0,255,0,0,0,0,0,0,0
2225,3997,3,8327452,8395424,0,255,0,0,0,0,0,0,0
2226,3998,3,8327452,8395424,0,255,0,0,0,0,0,0,0
2227,3999,3,8327452,8395424,0,255,0,0,0,0,0,0,0
2228,4000,3,8327452,8395424,0,255,0,0,0,0,0,0,0
2229,4001,3,8327452,8395424,0,255,0,0,0,0,0,0,0
2230,4002,3,8327452,8395424,0,255,0,0,0,0,0,0,0
2231,4003,3,8327452,8395424,0,255,0,0,0,0,0,0,0
2232,4004,3,8327452,8395424,0,255,0,0,0,0,0,0,0
2233,4005,3,8327452,8395424,0,255,0,0,0,0,0,0,0
2234,4006,3,8327452,8395424,0,255,0,0,0,0,0,0,0
2235,4007,3,8327452,8395424,0,255,0,0,0,0,0,0,0
2236,4008,3,8327452,8395424,0,255,0,0,0,0,0,0,0
2237,4009,3,8327452,8395424,0,255,0,0,0,0,0,0,0
2238,4010,3,8327452,8395424,0,255,0,0,0,0,0,0,0
2239,4011,3,8327452,8395424,0,255,0,0,0,0,0,0,0
2240,4012,3,8327452,8395424,0,255,0,0,0,0,0,0,0
2241,4013,3,8327452,8395424,0,255,0,0,0,0,0,0,0
2242,4014,3,8327452,8395424,0,255,0,0,0,0,0,0,0
2243,4015,3,8327452,8395424,0,255,0,0,0,0,0,0,0
2244,4016,3,8327452,8395424,0,255,0,0,0,0,0,0,0
2245,4017,3,8327452,8395424,0,255,0,0,0,0,0,0,0
2246,4018,3,8327452,8395424,0,255,0,0,0,0,0,0,0
2247,4019,3,8327452,8395424,0,255,0,0,0,0,0,0,0
2248,4020,3,8327452,8395424,0,255,0,0,0,0,0,0,0
2249,4021,3,8327452,8395424,0,255,0,0,0,0,0,0,0
2250,4022,3,8327452,8395424,0,255,0,0,0,0,0,0,0
2251,4023,3,8327452,8395424,0,255,0,0,0,0,0,0,0
2252,4024,3,8327452,8395424,0,255,0,0,0,0,0,0,0
2253,4025,3,8327452,8395424,0,255,0,0,0,0,0,0,0
2254,4026,3,8327452,8395424,0,255,0,0,0,0,0,0,0
2255,4027,3,8327452,8395424,0,255,0,0,0,0,0,0,0
2256,4028,3,8327452,8395424,0,255,0,0,0,0,0,0,0
2257,4029,3,8327452,8395424,0,255,0,0,0,0,0,0,0
2258,4030,3,8327452,8395424,0,255,0,0,0,0,0,0,0
2259,4031,3,8327452,8395424,0,255,0,0,0,0,0,0,0
2260,4032,3,8327452,8395424,0,255,0,0,0,0,0,0,0
2261,4033,3,8327452,8395424,0,255,0,0,0,0,0,0,0
2262,4034,3,8327452,8395424,0,255,0,0,0,0,0,0,0
2263,4035,3,8327452,8395424,0,255,0,0,0,0,0,0,0
2264,4036,3,8327452,8395424,0,255,0,0,0,0,0,0,0
2265,4037,3,8327452,8395424,0,255,0,0,0,0,0,0,0
2266,4038,3,8327452,8395424,0,255,0,0,0,0,0,0,0
2267,4039,3,8327452,8395424,0,255,0,0,0,0,0,0,0
2268,4040,3,8327452,8395424,0,255,0,0,0,0,0,0,0
2269,4041,3,8327452,8395424,0,255,0,0,0,0,0,0,0
2270,4042,3,8327452,8395424,0,255,0,0,0,0,0,0,0
2271,4043,3,8327452,8395424,0,255,0,0,0,0,0,0,0
2272,4044,3,8327452,8395424,0,255,0,0,0,0,0,0,0
2273,4045,3,8327452,8395424,0,255,0,0,0,0,0,0,0
2274,4046,3,8327452,8395424,0,255,0,0,0,0,0,0,0
2275,4047,3,8327452,8395424,0,255,0,0,0,0,0,0,0
2276,4048,3,8327452,8395424,0,255,0,0,0,0,0,0,0
2277,4049,3,8327452,8395424,0,255,0,0,0,0,0,0,0
2278,4050,3,8327452,8395424,0,255,0,0,0,0,0,0,0
2279,4051,3,8327452,8395424,0,255,0,0,0,0,0,0,0
2280,4052,3,8327452,8395424,0,255,0,0,0,0,0,0,0
2281,4053,3,8327452,8395424,0,255,0,0,0,0,0,0,0
2282,4054,3,8327452,8395424,0,255,0,0,0,0,0,0,0
2283,4055,3,8327452,8395424,0,255,0,0,0,0,0,0,0
2284,4056,3,8327452,8395424,0,255,0,0,0,0,0,0,0
2285,4057,3,8327452,8395424,0,255,0,0,0,0,0,0,0
2286,4058,3,8327452,8395424,0,255,0,0,0,0,0,0,0
2287,4059,3,8327452,8395424,0,255,0,0,0,0,0,0,0
2288,4060,3,8327452,8395424,0,255,0,0,0,0,0,0,0
2289,4061,3,8327452,8395424,0,255,0,0,0,0,0,0,0
2290,4062,3,8327452,8395424,0,255,0,0,0,0,0,0,0
2291,4063,3,8327452,8395424,0,255,0,0,0,0,0,0,0
2292,4064,3,8327452,8395424,0,255,0,0,0,0,0,0,0
2293,4065,3,8327452,8395424,0,255,0,0,0,0,0,0,0
2294,4066,3,8327452,8395424,0,255,0,0,0,0,0,0,0
2295,4067,3,8327452,8395424,0,255,0,0,0,0,0,0,0
2296,4068,3,8327452,8395424,0,255,0,0,0,0,0,0,0
2297,4069,3,8327452,8395424,0,255,0,0,0,0,0,0,0
2298,4070,3,8327452,8395424,0,255,0,0,0,0,0,0,0
2299,4071,3,8327452,8395424,0,255,0,0,0,0,0,0,0
2300,4072,3,8327452,8395424,0,255,0,0,0,0,0,0,0
2301,4073,3,8327452,8395424,0,255,0,0,0,0,0,0,0
2302,4074,3,8327452,8395424,0,255,0,0,0,0,0,0,0
2303,4075,3,8327452,8395424,0,255,0,0,0,0,0,0,0
2304,4076,3,8327452,8395424,0,255,0,0,0,0,0,0,0
2305,4077,3,8327452,8395424,0,255,0,0,0,0,0,0,0
2306,4078,3,8327452,8395424,0,255,0,0,0,0,0,0,0
2307,4079,3,8327452,8395424,0,255,0,0,0,0,0,0,0
2308,4080,3,8327452,8395424,0,255,0,0,0,0,0,0,0
2309,4081,3,8327452,8395424,0,255,0,0,0,0,0,0,0
2310,4082,3,8327452,8395424,0,255,0,0,0,0,0,0,0
2311,4083,3,8327452,8395424,0,255,0,0,0,0,0,0,0
2312,4084,3,8327452,8395424,0,255,0,0,0,0,0,0,0
2313,4085,3,8327452,8395424,0,255,0,0,0,0,0,0,0
2314,4086,3,8327452,8395424,0,255,0,0,0,0,0,0,0
2315,4087,3,8327452,8395424,0,255,0,0,0,0,0,0,0
2316,4088,3,8327452,8395424,0,255,0,0,0,0,0,0,0
2317,4089,3,8327452,8395424,0,255,0,0,0,0,0,0,0
2318,4090,3,8327452,8395424,0,255,0,0,0,0,0,0,0
2319,4091,3,8327452,8395424,0,255,0,0,0,0,0,0,0
2320,4092,3,8327452,8395424,0,255,0,0,0,0,0,0,0
2321,4093,3,8327452,8395424,0,255,0,0,0,0,0,0,0
2322,4094,3,8327452,8395424,0,255,0,0,0,0,0,0,0
2323,4095,3,8327452,8395424,0,255,0,0,0,0,0,0,0
2324,4096,3,8327452,8395424,0,255,0,0,0,0,0,0,0
2325,4097,3,8327452,8395424,0,255,0,0,0,0,0,0,0
2326,4098,3,8327452,8395424,0,255,0,0,0,0,0,0,0
2327,4099,3,8327452,8395424,0,255,0,0,0,0,0,0,0
2328,4100,3,8327452,8395424,0,255,0,0,0,0,0,0,0
2329,4101,3,8327452,8395424,0,255,0,0,0,0,0,0,0
2330,4102,3,8327452,8395424,0,255,0,0,0,0,0,0,0
2331,4103,3,8327452,8395424,0,255,0,0,0,0,0,0,0
2332,4104,3,8327452,8395424,0,255,0,0,0,0,0,0,0
2333,4105,3,8327452,8395424,0,255,0,0,0,0,0,0,0
2334,4106,3,8327452,8395424,0,255,0,0,0,0,0,0,0
2335,4107,3,8327452,8395424,0,255,0,0,0,0,0,0,0
2336,4108,3,8327452,8395424,0,255,0,0,0,0,0,0,0
2337,4109,3,8327452,8395424,0,255,0,0,0,0,0,0,0
2338,4110,3,8327452,8395424,0,255,0,0,0,0,0,0,0
2339,4111,3,8327452,8395424,0,255,0,0,0,0,0,0,0
2340,4112,3,8327452,8395424,0,255,0,0,0,0,0,0,0
2341,4113,3,8327452,8395424,0,255,0,0,0,0,0,0,0
2342,4114,3,8327452,8395424,0,255,0,0,0,0,0,0,0
2343,4115,3,8327452,8395424,0,255,0,0,0,0,0,0,0
2344,4116,3,8327452,8395424,0,255,0,0,0,0,0,0,0
2345,4117,3,8327452,8395424,0,255,0,0,0,0,0,0,0
2346,4118,3,8327452,8395424,0,255,0,0,0,0,0,0,0
2347,4119,3,8327452,8395424,0,255,0,0,0,0,0,0,0
2348,4120,3,8327452,8395424,0,255,0,0,0,0,0,0,0
2349,4121,3,8327452,8395424,0,255,0,0,0,0,0,0,0
2350,4122,3,8327452,8395424,0,255,0,0,0,0,0,0,0
2351,4123,3,8327452,8395424,0,255,0,0,0,0,0,0,0
2352,4124,3,8327452,8395424,0,255,0,0,0,0,0,0,0
2353,4125,3,8327452,8395424,0,255,0,0,0,0,0,0,0
2354,4126,3,8327452,8395424,0,255,0,0,0,0,0,0,0
2355,4127,3,8327452,8395424,0,255,0,0,0,0,0,0,0
2356,4128,3,8327452,8395424,0,255,0,0,0,0,0,0,0
2357,4129,3,8327452,8395424,0,255,0,0,0,0,0,0,0
2358,4130,3,8327452,8395424,0,255,0,0,0,0,0,0,0
2359,4131,3,8327452,8395424,0,255,0,0,0,0,0,0,0
2360,4132,3,8327452,8395424,0,255,0,0,0,0,0,0,0
2361,4133,3,8327452,8395424,0,255,0,0,0,0,0,0,0
2362,4134,3,8327452,8395424,0,255,0,0,0,0,0,0,0
2363,4135,3,8327452,8395424,0,255,0,0,0,0,0,0,0
2364,4136,3,8327452,8395424,0,255,0,0,0,0,0,0,0
2365,4137,3,8327452,8395424,0,255,0,0,0,0,0,0,0
2366,4138,3,8327452,8395424,0,255,0,0,0,0,0,0,0
2367,4139,3,8327452,8395424,0,255,0,0,0,0,0,0,0
2368,4140,3,8327452,8395424,0,255,0,0,0,0,0,0,0
2369,4141,3,8327452,8395424,0,255,0,0,0,0,0,0,0
2370,4142,3,8327452,8395424,0,255,0,0,0,0,0,0,0
2371,4143,3,8327452,8395424,0,255,0,0,0,0,0,0,0
2372,4144,3,8327452,8395424,0,255,0,0,0,0,0,0,0
2373,4145,3,8327452,8395424,0,255,0,0,0,0,0,0,0
2374,4146,3,8327452,8395424,0,255,0,0,0,0,0,0,0
2375,4147,3,8327452,8395424,0,255,0,0,0,0,0,0,0
2376,4148,3,8327452,8395424,0,255,0,0,0,0,0,0,0
2377,4149,3,8327452,8395424,0,255,0,0,0,0,0,0,0
2378,4150,3,8327452,8395424,0,255,0,0,0,0,0,0,0
2379,4151,3,8327452,8395424,0,255,0,0,0,0,0,0,0
2380,4152,3,8327452,8395424,0,255,0,0,0,0,0,0,0
2381,4153,3,8327452,8395424,0,255,0,0,0,0,0,0,0
2382,4154,3,8327452,8395424,0,255,0,0,0,0,0,0,0
2383,4155,3,8327452,8395424,0,255,0,0,0,0,0,0,0
2384,4156,3,8327452,8395424,0,255,0,0,0,0,0,0,0
2385,4157,3,8327452,8395424,0,255,0,0,0,0,0,0,0
2386,4158,3,8327452,8395424,0,255,0,0,0,0,0,0,0
2387,4159,3,8327452,8395424,0,255,0,0,0,0,0,0,0
2388,4160,3,8327452,8395424,0,255,0,0,0,0,0,0,0
2389,4161,3,8327452,8395424,0,255,0,0,0,0,0,0,0
2390,4162,3,8327452,8395424,0,255,0,0,0,0,0,0,0
2391,4163,3,8327452,8395424,0,255,0,0,0,0,0,0,0
2392,4164,3,8327452,8395424,0,255,0,0,0,0,0,0,0
2393,4165,3,8327452,8395424,0,255,0,0,0,0,0,0,0
2394,4166,3,8327452,8395424,0,255,0,0,0,0,0,0,0
2395,4167,3,8327452,8395424,0,255,0,0,0,0,0,0,0
2396,4168,3,8327452,8395424,0,255,0,0,0,0,0,0,0
2397,4169,3,8327452,8395424,0,255,0,0,0,0,0,0,0
2398,4170,3,8327452,8395424,0,255,0,0,0,0,0,0,0
2399,4171,3,8327452,8395424,0,255,0,0,0,0,0,0,0
2400,4172,3,8327452,8395424,0,255,0,0,0,0,0,0,0
2401,4173,3,8327452,8395424,0,255,0,0,0,0,0,0,0
2402,4174,3,8327452,8395424,0,255,0,0,0,0,0,0,0
2403,4175,3,8327452,8395424,0,255,0,0,0,0,0,0,0
2404,4176,3,8327452,8395424,0,255,0,0,0,0,0,0,0
2405,4177,3,8327452,8395424,0,255,0,0,0,0,0,0,0
2406,4178,3,8327452,8395424,0,255,0,0,0,0,0,0,0
2407,4179,3,8327452,8395424,0,255,0,0,0,0,0,0,0
2408,4180,3,8327452,8395424,0,255,0,0,0,0,0,0,0
2409,4181,3,8327452,8395424,0,255,0,0,0,0,0,0,0
2410,4182,3,8327452,8395424,0,255,0,0,0,0,0,0,0
2411,4183,3,8327452,8395424,0,255,0,0,0,0,0,0,0
2412,4184,3,8327452,8395424,0,255,0,0,0,0,0,0,0
2413,4185,3,8327452,8395424,0,255,0,0,0,0,0,0,0
2414,4186,3,8327452,8395424,0,255,0,0,0,0,0,0,0
2415,4187,3,8327452,8395424,0,255,0,0,0,0,0,0,0
2416,4188,3,8327452,8395424,0,255,0,0,0,0,0,0,0
2417,4189,3,8327452,8395424,0,255,0,0,0,0,0,0,0
2418,4190,3,8327452,8395424,0,255,0,0,0,0,0,0,0
2419,4191,3,8327452,8395424,0,255,0,0,0,0,0,0,0
2420,4192,3,8327452,8395424,0,255,0,0,0,0,0,0,0
2421,4193,3,8327452,8395424,0,255,0,0,0,0,0,0,0
2422,4194,3,8327452,8395424,0,255,0,0,0,0,0,0,0
2423,4195,3,8327452,8395424,0,255,0,0,0,0,0,0,0
2424,4196,3,8327452,8395424,0,255,0,0,0,0,0,0,0
2425,4197,3,8327452,8395424,0,255,0,0,0,0,0,0,0
2426,4198,3,8327452,8395424,0,255,0,0,0,0,0,0,0
2427,4199,3,8327452,8395424,0,255,0,0,0,0,0,0,0
2428,4200,3,8327452,8395424,0,255,0,0,0,0,0,0,0
2429,4201,3,8327452,8395424,0,255,0,0,0,0,0,0,0
2430,4202,3,8327452,8395424,0,255,0,0,0,0,0,0,0
2431,4203,3,8327452,8395424,0,255,0,0,0,0,0,0,0
2432,4204,3,8327452,8395424,0,255,0,0,0,0,0,0,0
2433,4205,3,8327452,8395424,0,255,0,0,0,0,0,0,0
2434,4206,3,8327452,8395424,0,255,0,0,0,0,0,0,0
2435,4207,3,8327452,8395424,0,255,0,0,0,0,0,0,0
2436,4208,3,8327452,8395424,0,255,0,0,0,0,0,0,0
2437,4209,3,8327452,8395424,0,255,0,0,0,0,0,0,0
2438,4210,3,8327452,8395424,0,255,0,0,0,0,0,0,0
2439,4211,3,8327452,8395424,0,255,0,0,0,0,0,0,0
2440,4212,3,8327452,8395424,0,255,0,0,0,0,0,0,0
2441,4213,3,8327452,8395424,0,255,0,0,0,0,0,0,0
2442,4214,3,8327452,8395424,0,255,0,0,0,0,0,0,0
2443,4215,3,8327452,8395424,0,255,0,0,0,0,0,0,0
2444,4216,3,8327452,8395424,0,255,0,0,0,0,0,0,0
2445,4217,3,8327452,8395424,0,255,0,0,0,0,0,0,0
2446,4218,3,8327452,8395424,0,255,0,0,0,0,0,0,0
2447,4219,3,8327452,8395424,0,255,0,0,0,0,0,0,0
2448,4220,3,8327452,8395424,0,255,0,0,0,0,0,0,0
2449,4221,3,8327452,8395424,0,255,0,0,0,0,0,0,0
2450,4222,3,8327452,8395424,0,255,0,0,0,0,0,0,0
2451,4223,3,8327452,8395424,0,255,0,0,0,0,0,0,0
2452,4224,3,8327452,8395424,0,255,0,0,0,0,0,0,0
2453,4225,3,8327452,8395424,0,255,0,0,0,0,0,0,0
2454,4226,3,8327452,8395424,0,255,0,0,0,0,0,0,0
2455,4227,3,8327452,8395424,0,255,0,0,0,0,0,0,0
2456,4228,3,8327452,8395424,0,255,0,0,0,0,0,0,0
2457,4229,3,8327452,8395424,0,255,0,0,0,0,0,0,0
2458,4230,3,8327452,8395424,0,255,0,0,0,0,0,0,0
2459,4231,3,8327452,8395424,0,255,0,0,0,0,0,0,0
2460,4232,3,8327452,8395424,0,255,0,0,0,0,0,0,0
2461,4233,3,8327452,8395424,0,255,0,0,0,0,0,0,0
2462,4234,3,8327452,8395424,0,255,0,0,0,0,0,0,0
2463,4235,3,8327452,8395424,0,255,0,0,0,0,0,0,0
2464,4236,3,8327452,8395424,0,255,0,0,0,0,0,0,0
2465,4237,3,8327452,8395424,0,255,0,0,0,0,0,0,0
2466,4238,3,8327452,8395424,0,255,0,0,0,0,0,0,0
2467,4239,3,8327452,8395424,0,255,0,0,0,0,0,0,0
2468,4240,3,8327452,8395424,0,255,0,0,0,0,0,0,0
2469,4241,3,8327452,8395424,0,255,0,0,0,0,0,0,0
2470,4242,3,8327452,8395424,0,255,0,0,0,0,0,0,0
2471,4243,3,8327452,8395424,0,255,0,0,0,0,0,0,0
2472,4244,3,8327452,8395424,0,255,0,0,0,0,0,0,0
2473,4245,3,8327452,8395424,0,255,0,0,0,0,0,0,0
2474,4246,3,8327452,8395424,0,255,0,0,0,0,0,0,0
2475,4247,3,8327452,8395424,0,255,0,0,0,0,0,0,0
2476,4248,3,8327452,8395424,0,255,0,0,0,0,0,0,0
2477,4249,3,8327452,8395424,0,255,0,0,0,0,0,0,0
2478,4250,3,8327452,8395424,0,255,0,0,0,0,0,0,0
2479,4251,3,8327452,8395424,0,255,0,0,0,0,0,0,0
2480,4252,3,8327452,8395424,0,255,0,0,0,0,0,0,0
2481,4253,3,8327452,8395424,0,255,0,0,0,0,0,0,0
2482,4254,3,8327452,8395424,0,255,0,0,0,0,0,0,0
2483,4255,3,8327452,8395424,0,255,0,0,0,0,0,0,0
2484,4256,3,8327452,8395424,0,255,0,0,0,0,0,0,0
2485,4257,3,8327452,8395424,0,255,0,0,0,0,0,0,0
2486,4258,3,8327452,8395424,0,255,0,0,0,0,0,0,0
2487,4259,3,8327452,8395424,0,255,0,0,0,0,0,0,0
2488,4260,3,8327452,8395424,0,255,0,0,0,0,0,0,0
2489,4261,3,8327452,8395424,0,255,0,0,0,0,0,0,0
2490,4262,3,8327452,8395424,0,255,0,0,0,0,0,0,0
2491,4263,3,8327452,8395424,0,255,0,0,0,0,0,0,0
2492,4264,3,8327452,8395424,0,255,0,0,0,0,0,0,0
2493,4265,3,8327452,8395424,0,255,0,0,0,0,0,0,0
2494,4266,3,8327452,8395424,0,255,0,0,0,0,0,0,0
2495,4267,3,8327452,8395424,0,255,0,0,0,0,0,0,0
2496,4268,3,8327452,8395424,0,255,0,0,0,0,0,0,0
2497,4269,3,8327452,8395424,0,255,0,0,0,0,0,0,0
2498,4270,3,8327452,8395424,0,255,0,0,0,0,0,0,0
2499,4271,3,8327452,8395424,0,255,0,0,0,0,0,0,0
2500,4272,3,8327452,8395424,0,255,0,0,0,0,0,0,0
2501,4273,3,8327452,8395424,0,255,0,0,0,0,0,0,0
2502,4274,3,8327452,8395424,0,255,0,0,0,0,0,0,0
2503,4275,3,8327452,8395424,0,255,0,0,0,0,0,0,0
2504,4276,3,8327452,8395424,0,255,0,0,0,0,0,0,0
2505,4277,3,8327452,8395424,0,255,0,0,0,0,0,0,0
2506,4278,3,8327452,8395424,0,255,0,0,0,0,0,0,0
2507,4279,3,8327452,8395424,0,255,0,0,0,0,0,0,0
2508,4280,3,8327452,8395424,0,255,0,0,0,0,0,0,0
2509,4281,3,8327452,8395424,0,255,0,0,0,0,0,0,0
2510,4282,3,8327452,8395424,0,255,0,0,0,0,0,0,0
2511,4283,3,8327452,8395424,0,255,0,0,0,0,0,0,0
2512,4284,3,8327452,8395424,0,255,0,0,0,0,0,0,0
2513,4285,3,8327452,8395424,0,255,0,0,0,0,0,0,0
2514,4286,3,8327452,8395424,0,255,0,0,0,0,0,0,0
2515,4287,3,8327452,8395424,0,255,0,0,0,0,0,0,0
2516,4288,3,8327452,8395424,0,255,0,0,0,0,0,0,0
2517,4289,3,8327452,8395424,0,255,0,0,0,0,0,0,0
2518,4290,3,8327452,8395424,0,255,0,0,0,0,0,0,0
2519,4291,3,8327452,8395424,0,255,0,0,0,0,0,0,0
2520,4292,3,8327452,8395424,0,255,0,0,0,0,0,0,0
2521,4293,3,8327452,8395424,0,255,0,0,0,0,0,0,0
2522,4294,3,8327452,8395424,0,255,0,0,0,0,0,0,0
2523,4295,3,8327452,8395424,0,255,0,0,0,0,0,0,0
2524,4296,3,8327452,8395424,0,255,0,0,0,0,0,0,0
2525,4297,3,8327452,8395424,0,255,0,0,0,0,0,0,0
2526,4298,3,8327452,8395424,0,255,0,0,0,0,0,0,0
2527,4299,3,8327452,8395424,0,255,0,0,0,0,0,0,0
2528,4300,3,8327452,8395424,0,255,0,0,0,0,0,0,0
2529,4301,3,8327452,8395424,0,255,0,0,0,0,0,0,0
2530,4302,3,8327452,8395424,0,255,0,0,0,0,0,0,0
2531,4303,3,8327452,8395424,0,255,0,0,0,0,0,0,0
2532,4304,3,8327452,8395424,0,255,0,0,0,0,0,0,0
2533,4305,3,8327452,8395424,0,255,0,0,0,0,0,0,0
2534,4306,3,8327452,8395424,0,255,0,0,0,0,0,0,0
2535,4307,3,8327452,8395424,0,255,0,0,0,0,0,0,0
2536,4308,3,8327452,8395424,0,255,0,0,0,0,0,0,0
2537,4309,3,8327452,8395424,0,255,0,0,0,0,0,0,0
2538,4310,3,8327452,8395424,0,255,0,0,0,0,0,0,0
2539,4311,3,8327452,8395424,0,255,0,0,0,0,0,0,0
2540,4312,3,8327452,8395424,0,255,0,0,0,0,0,0,0
2541,4313,3,8327452,8395424,0,255,0,0,0,0,0,0,0
2542,4314,3,8327452,8395424,0,255,0,0,0,0,0,0,0
2543,4315,3,8327452,8395424,0,255,0,0,0,0,0,0,0
2544,4316,3,8327452,8395424,0,255,0,0,0,0,0,0,0
2545,4317,3,8327452,8395424,0,255,0,0,0,0,0,0,0
2546,4318,3,8327452,8395424,0,255,0,0,0,0,0,0,0
2547,4319,3,8327452,8395424,0,255,0,0,0,0,0,0,0
2548,4320,3,8327452,8395424,0,255,0,0,0,0,0,0,0
2549,4321,3,8327452,8395424,0,255,0,0,0,0,0,0,0
2550,4322,3,8327452,8395424,0,255,0,0,0,0,0,0,0
2551,4323,3,8327452,8395424,0,255,0,0,0,0,0,0,0
2552,4324,3,8327452,8395424,0,255,0,0,0,0,0,0,0
2553,4325,3,8327452,8395424,0,255,0,0,0,0,0,0,0
2554,4326,3,8327452,8395424,0,255,0,0,0,0,0,0,0
2555,4327,3,8327452,8395424,0,255,0,0,0,0,0,0,0
2556,4328,3,8327452,8395424,0,255,0,0,0,0,0,0,0
2557,4329,3,8327452,8395424,0,255,0,0,0,0,0,0,0
2558,4330,3,8327452,8395424,0,255,0,0,0,0,0,0,0
2559,4331,3,8327452,8395424,0,255,0,0,0,0,0,0,0
2560,4332,3,8327452,8395424,0,255,0,0,0,0,0,0,0
2561,4333,3,8327452,8395424,0,255,0,0,0,0,0,0,0
2562,4334,3,8327452,8395424,0,255,0,0,0,0,0,0,0
2563,4335,3,8327452,8395424,0,255,0,0,0,0,0,0,0
2564,4336,3,8327452,8395424,0,255,0,0,0,0,0,0,0
2565,4337,3,8327452,8395424,0,255,0,0,0,0,0,0,0
2566,4338,3,8327452,8395424,0,255,0,0,0,0,0,0,0
2567,4339,3,8327452,8395424,0,255,0,0,0,0,0,0,0
2568,4340,3,8327452,8395424,0,255,0,0,0,0,0,0,0
2569,4341,3,8327452,8395424,0,255,0,0,0,0,0,0,0
2570,4342,3,8327452,8395424,0,255,0,0,0,0,0,0,0
2571,4343,3,8327452,8395424,0,255,0,0,0,0,0,0,0
2572,4344,3,8327452,8395424,0,255,0,0,0,0,0,0,0
2573,4345,3,8327452,8395424,0,255,0,0,0,0,0,0,0
2574,4346,3,8327452,8395424,0,255,0,0,0,0,0,0,0
2575,4347,3,8327452,8395424,0,255,0,0,0,0,0,0,0
2576,4348,3,8327452,8395424,0,255,0,0,0,0,0,0,0
2577,4349,3,8327452,8395424,0,255,0,0,0,0,0,0,0
2578,4350,3,8327452,8395424,0,255,0,0,0,0,0,0,0
2579,4351,3,8327452,8395424,0,255,0,0,0,0,0,0,0
2580,4352,3,8327452,8395424,0,255,0,0,0,0,0,0,0
2581,4353,3,8327452,8395424,0,255,0,0,0,0,0,0,0
2582,4354,3,8327452,8395424,0,255,0,0,0,0,0,0,0
2583,4355,3,8327452,8395424,0,255,0,0,0,0,0,0,0
2584,4356,3,8327452,8395424,0,255,0,0,0,0,0,0,0
2585,4357,3,8327452,8395424,0,255,0,0,0,0,0,0,0
2586,4358,3,8327452,8395424,0,255,0,0,0,0,0,0,0
2587,4359,3,8327452,8395424,0,255,0,0,0,0,0,0,0
2588,4360,3,8327452,8395424,0,255,0,0,0,0,0,0,0
2589,4361,3,8327452,8395424,0,255,0,0,0,0,0,0,0
2590,4362,3,8327452,8395424,0,255,0,0,0,0,0,0,0
2591,4363,3,8327452,8395424,0,255,0,0,0,0,0,0,0
2592,4364,3,8327452,8395424,0,255,0,0,0,0,0,0,0
2593,4365,3,8327452,8395424,0,255,0,0,0,0,0,0,0
2594,4366,3,8327452,8395424,0,255,0,0,0,0,0,0,0
2595,4367,3,8327452,8395424,0,255,0,0,0,0,0,0,0
2596,4368,3,8327452,8395424,0,255,0,0,0,0,0,0,0
2597,4369,3,8327452,8395424,0,255,0,0,0,0,0,0,0
2598,4370,3,8327452,8395424,0,255,0,0,0,0,0,0,0
2599,4371,3,8327452,8395424,0,255,0,0,0,0,0,0,0
2600,4372,3,8327452,8395424,0,255,0,0,0,0,0,0,0
2601,4373,3,8327452,8395424,0,255,0,0,0,0,0,0,0
2602,4374,3,8327452,8395424,0,255,0,0,0,0,0,0,0
2603,4375,3,8327452,8395424,0,255,0,0,0,0,0,0,0
2604,4376,3,8327452,8395424,0,255,0,0,0,0,0,0,0
2605,4377,3,8327452,8395424,0,255,0,0,0,0,0,0,0
2606,4378,3,8327452,8395424,0,255,0,0,0,0,0,0,0
2607,4379,3,8327452,8395424,0,255,0,0,0,0,0,0,0
2608,4380,3,8327452,8395424,0,255,0,0,0,0,0,0,0
2609,4381,3,8327452,8395424,0,255,0,0,0,0,0,0,0
2610,4382,3,8327452,8395424,0,255,0,0,0,0,0,0,0
2611,4383,3,8327452,8395424,0,255,0,0,0,0,0,0,0
2612,4384,3,8327452,8395424,0,255,0,0,0,0,0,0,0
2613,4385,3,8327452,8395424,0,255,0,0,0,0,0,0,0
2614,4386,3,8327452,8395424,0,255,0,0,0,0,0,0,0
2615,4387,3,8327452,8395424,0,255,0,0,0,0,0,0,0
2616,4388,3,8327452,8395424,0,255,0,0,0,0,0,0,0
2617,4389,3,8327452,8395424,0,255,0,0,0,0,0,0,0
2618,4390,3,8327452,8395424,0,255,0,0,0,0,0,0,0
2619,4391,3,8327452,8395424,0,255,0,0,0,0,0,0,0
2620,4392,3,8327452,8395424,0,255,0,0,0,0,0,0,0
2621,4393,3,8327452,8395424,0,255,0,0,0,0,0,0,0
2622,4394,3,8327452,8395424,0,255,0,0,0,0,0,0,0
2623,4395,3,8327452,8395424,0,255,0,0,0,0,0,0,0
2624,4396,3,8327452,8395424,0,255,0,0,0,0,0,0,0
2625,4397,3,8327452,8395424,0,255,0,0,0,0,0,0,0
2626,4398,3,8327452,8395424,0,255,0,0,0,0,0,0,0
2627,4399,3,8327452,8395424,0,255,0,0,0,0,0,0,0
2628,4400,3,8327452,8395424,0,255,0,0,0,0,0,0,0
2629,4401,3,8327452,8395424,0,255,0,0,0,0,0,0,0
2630,4402,3,8327452,8395424,0,255,0,0,0,0,0,0,0
2631,4403,3,8327452,8395424,0,255,0,0,0,0,0,0,0
2632,4404,3,8327452,8395424,0,255,0,0,0,0,0,0,0
2633,4405,3,8327452,8395424,0,255,0,0,0,0,0,0,0
2634,4406,3,8327452,8395424,0,255,0,0,0,0,0,0,0
2635,4407,3,8327452,8395424,0,255,0,0,0,0,0,0,0
2636,4408,3,8327452,8395424,0,255,0,0,0,0,0,0,0
2637,4409,3,8327452,8395424,0,255,0,0,0,0,0,0,0
2638,4410,3,8327452,8395424,0,255,0,0,0,0,0,0,0
2639,4411,3,8327452,8395424,0,255,0,0,0,0,0,0,0
2640,4412,3,8327452,8395424,0,255,0,0,0,0,0,0,0
2641,4413,3,8327452,8395424,0,255,0,0,0,0,0,0,0
2642,4414,3,8327452,8395424,0,255,0,0,0,0,0,0,0
2643,4415,3,8327452,8395424,0,255,0,0,0,0,0,0,0
2644,4416,3,8327452,8395424,0,255,0,0,0,0,0,0,0
2645,4417,3,8327452,8395424,0,255,0,0,0,0,0,0,0
2646,4418,3,8327452,8395424,0,255,0,0,0,0,0,0,0
2647,4419,3,8327452,8395424,0,255,0,0,0,0,0,0,0
2648,4420,3,8327452,8395424,0,255,0,0,0,0,0,0,0
2649,4421,3,8327452,8395424,0,255,0,0,0,0,0,0,0
2650,4422,3,8327452,8395424,0,255,0,0,0,0,0,0,0
2651,4423,3,8327452,8395424,0,255,0,0,0,0,0,0,0
2652,4424,3,8327452,8395424,0,255,0,0,0,0,0,0,0
2653,4425,3,8327452,8395424,0,255,0,0,0,0,0,0,0
2654,4426,3,8327452,8395424,0,255,0,0,0,0,0,0,0
2655,4427,3,8327452,8395424,0,255,0,0,0,0,0,0,0
2656,4428,3,8327452,8395424,0,255,0,0,0,0,0,0,0
2657,4429,3,8327452,8395424,0,255,0,0,0,0,0,0,0
2658,4430,3,8327452,8395424,0,255,0,0,0,0,0,0,0
2659,4431,3,8327452,8395424,0,255,0,0,0,0,0,0,0
2660,4432,3,8327452,8395424,0,255,0,0,0,0,0,0,0
2661,4433,3,8327452,8395424,0,255,0,0,0,0,0,0,0
2662,4434,3,8327452,8395424,0,255,0,0,0,0,0,0,0
2663,4435,3,8327452,8395424,0,255,0,0,0,0,0,0,0
2664,4436,3,8327452,8395424,0,255,0,0,0,0,0,0,0
2665,4437,3,8327452,8395424,0,255,0,0,0,0,0,0,0
2666,4438,3,8327452,8395424,0,255,0,0,0,0,0,0,0
2667,4439,3,8327452,8395424,0,255,0,0,0,0,0,0,0
2668,4440,3,8327452,8395424,0,255,0,0,0,0,0,0,0
2669,4441,3,8327452,8395424,0,255,0,0,0,0,0,0,0
2670,4442,3,8327452,8395424,0,255,0,0,0,0,0,0,0
2671,4443,3,8327452,8395424,0,255,0,0,0,0,0,0,0
2672,4444,3,8327452,8395424,0,255,0,0,0,0,0,0,0
2673,4445,3,8327452,8395424,0,255,0,0,0,0,0,0,0
2674,4446,3,8327452,8395424,0,255,0,0,0,0,0,0,0
2675,4447,3,8327452,8395424,0,255,0,0,0,0,0,0,0
2676,4448,3,8327452,8395424,0,255,0,0,0,0,0,0,0
2677,4449,3,8327452,8395424,0,255,0,0,0,0,0,0,0
2678,4450,3,8327452,8395424,0,255,0,0,0,0,0,0,0
2679,4451,3,8327452,8395424,0,255,0,0,0,0,0,0,0
2680,4452,3,8327452,8395424,0,255,0,0,0,0,0,0,0
2681,4453,3,8327452,8395424,0,255,0,0,0,0,0,0,0
2682,4454,3,8327452,8395424,0,255,0,0,0,0,0,0,0
2683,4455,3,8327452,8395424,0,255,0,0,0,0,0,0,0
2684,4456,3,8327452,8395424,0,255,0,0,0,0,0,0,0
2685,4457,3,8327452,8395424,0,255,0,0,0,0,0,0,0
2686,4458,3,8327452,8395424,0,255,0,0,0,0,0,0,0
2687,4459,3,8327452,8395424,0,255,0,0,0,0,0,0,0
2688,4460,3,8327452,8395424,0,255,0,0,0,0,0,0,0
2689,4461,3,8327452,8395424,0,255,0,0,0,0,0,0,0
2690,4462,3,8327452,8395424,0,255,0,0,0,0,0,0,0
2691,4463,3,8327452,8395424,0,255,0,0,0,0,0,0,0
2692,4464,3,8327452,8395424,0,255,0,0,0,0,0,0,0
2693,4465,3,8327452,8395424,0,255,0,0,0,0,0,0,0
2694,4466,3,8327452,8395424,0,255,0,0,0,0,0,0,0
2695,4467,3,8327452,8395424,0,255,0,0,0,0,0,0,0
2696,4468,3,8327452,8395424,0,255,0,0,0,0,0,0,0
2697,4469,3,8327452,8395424,0,255,0,0,0,0,0,0,0
2698,4470,3,8327452,8395424,0,255,0,0,0,0,0,0,0
2699,4471,3,8327452,8395424,0,255,0,0,0,0,0,0,0
2700,4472,3,8327452,8395424,0,255,0,0,0,0,0,0,0
2701,4473,3,8327452,8395424,0,255,0,0,0,0,0,0,0
2702,4474,3,8327452,8395424,0,255,0,0,0,0,0,0,0
2703,4475,3,8327452,8395424,0,255,0,0,0,0,0,0,0
2704,4476,3,8327452,8395424,0,255,0,0,0,0,0,0,0
2705,4477,3,8327452,8395424,0,255,0,0,0,0,0,0,0
2706,4478,3,8327452,8395424,0,255,0,0,0,0,0,0,0
2707,4479,3,8327452,8395424,0,255,0,0,0,0,0,0,0
2708,4480,3,8327452,8395424,0,255,0,0,0,0,0,0,0
2709,4481,3,8327452,8395424,0,255,0,0,0,0,0,0,0
2710,4482,3,8327452,8395424,0,255,0,0,0,0,0,0,0
2711,4483,3,8327452,8395424,0,255,0,0,0,0,0,0,0
2712,4484,3,8327452,8395424,0,255,0,0,0,0,0,0,0
2713,4485,3,8327452,8395424,0,255,0,0,0,0,0,0,0
2714,4486,3,8327452,8395424,0,255,0,0,0,0,0,0,0
2715,4487,3,8327452,8395424,0,255,0,0,0,0,0,0,0
2716,4488,3,8327452,8395424,0,255,0,0,0,0,0,0,0
2717,4489,3,8327452,8395424,0,255,0,0,0,0,0,0,0
2718,4490,3,8327452,8395424,0,255,0,0,0,0,0,0,0
2719,4491,3,8327452,8395424,0,255,0,0,0,0,0,0,0
2720,4492,3,8327452,8395424,0,255,0,0,0,0,0,0,0
2721,4493,3,8327452,8395424,0,255,0,0,0,0,0,0,0
2722,4494,3,8327452,8395424,0,255,0,0,0,0,0,0,0
2723,4495,3,8327452,8395424,0,255,0,0,0,0,0,0,0
2724,4496,3,8327452,8395424,0,255,0,0,0,0,0,0,0
2725,4497,3,8327452,8395424,0,255,0,0,0,0,0,0,0
2726,4498,3,8327452,8395424,0,255,0,0,0,0,0,0,0
2727,4499,3,8327452,8395424,0,255,0,0,0,0,0,0,0
2728,4500,3,8327452,8395424,0,255,0,0,0,0,0,0,0
2729,4501,3,8327452,8395424,0,255,0,0,0,0,0,0,0
2730,4502,3,8327452,8395424,0,255,0,0,0,0,0,0,0
2731,4503,3,8327452,8395424,0,255,0,0,0,0,0,0,0
2732,4504,3,8327452,8395424,0,255,0,0,0,0,0,0,0
2733,4505,3,8327452,8395424,0,255,0,0,0,0,0,0,0
2734,4506,3,8327452,8395424,0,255,0,0,0,0,0,0,0
2735,4507,3,8327452,8395424,0,255,0,0,0,0,0,0,0
2736,4508,3,8327452,8395424,0,255,0,0,0,0,0,0,0
2737,4509,3,8327452,8395424,0,255,0,0,0,0,0,0,0
2738,4510,3,8327452,8395424,0,255,0,0,0,0,0,0,0
2739,4511,3,8327452,8395424,0,255,0,0,0,0,0,0,0
2740,4512,3,8327452,8395424,0,255,0,0,0,0,0,0,0
2741,4513,3,8327452,8395424,0,255,0,0,0,0,0,0,0
2742,4514,3,8327452,8395424,0,255,0,0,0,0,0,0,0
2743,4515,3,8327452,8395424,0,255,0,0,0,0,0,0,0
2744,4516,3,8327452,8395424,0,255,0,0,0,0,0,0,0
2745,4517,3,8327452,8395424,0,255,0,0,0,0,0,0,0
2746,4518,3,8327452,8395424,0,255,0,0,0,0,0,0,0
2747,4519,3,8327452,8395424,0,255,0,0,0,0,0,0,0
2748,4520,3,8327452,8395424,0,255,0,0,0,0,0,0,0
2749,4521,3,8327452,8395424,0,255,0,0,0,0,0,0,0
2750,4522,3,8327452,8395424,0,255,0,0,0,0,0,0,0
2751,4523,3,8327452,8395424,0,255,0,0,0,0,0,0,0
2752,4524,3,8327452,8395424,0,255,0,0,0,0,0,0,0
2753,4525,3,8327452,8395424,0,255,0,0,0,0,0,0,0
2754,4526,3,8327452,8395424,0,255,0,0,0,0,0,0,0
2755,4527,3,8327452,8395424,0,255,0,0,0,0,0,0,0
2756,4528,3,8327452,8395424,0,255,0,0,0,0,0,0,0
2757,4529,3,8327452,8395424,0,255,0,0,0,0,0,0,0
2758,4530,3,8327452,8395424,0,255,0,0,0,0,0,0,0
2759,4531,3,8327452,8395424,0,255,0,0,0,0,0,0,0
2760,4532,3,8327452,8395424,0,255,0,0,0,0,0,0,0
2761,4533,3,8327452,8395424,0,255,0,0,0,0,0,0,0
2762,4534,3,8327452,8395424,0,255,0,0,0,0,0,0,0
2763,4535,3,8327452,8395424,0,255,0,0,0,0,0,0,0
2764,4536,3,8327452,8395424,0,255,0,0,0,0,0,0,0
2765,4537,3,8327452,8395424,0,255,0,0,0,0,0,0,0
2766,4538,3,8327452,8395424,0,255,0,0,0,0,0,0,0
2767,4539,3,8327452,8395424,0,255,0,0,0,0,0,0,0
2768,4540,3,8327452,8395424,0,255,0,0,0,0,0,0,0
2769,4541,3,8327452,8395424,0,255,0,0,0,0,0,0,0
2770,4542,3,8327452,8395424,0,255,0,0,0,0,0,0,0
2771,4543,3,8327452,8395424,0,255,0,0,0,0,0,0,0
2772,4544,3,8327452,8395424,0,255,0,0,0,0,0,0,0
2773,4545,3,8327452,8395424,0,255,0,0,0,0,0,0,0
2774,4546,3,8327452,8395424,0,255,0,0,0,0,0,0,0
2775,4547,3,8327452,8395424,0,255,0,0,0,0,0,0,0
2776,4548,3,8327452,8395424,0,255,0,0,0,0,0,0,0
2777,4549,3,8327452,8395424,0,255,0,0,0,0,0,0,0
2778,4550,3,8327452,8395424,0,255,0,0,0,0,0,0,0
2779,4551,3,8327452,8395424,0,255,0,0,0,0,0,0,0
2780,4552,3,8327452,8395424,0,255,0,0,0,0,0,0,0
2781,4553,3,8327452,8395424,0,255,0,0,0,0,0,0,0
2782,4554,3,8327452,8395424,0,255,0,0,0,0,0,0,0
2783,4555,3,8327452,8395424,0,255,0,0,0,0,0,0,0
2784,4556,3,8327452,8395424,0,255,0,0,0,0,0,0,0
2785,4557,3,8327452,8395424,0,255,0,0,0,0,0,0,0
2786,4558,3,8327452,8395424,0,255,0,0,0,0,0,0,0
2787,4559,3,8327452,8395424,0,255,0,0,0,0,0,0,0
2788,4560,3,8327452,8395424,0,255,0,0,0,0,0,0,0
2789,4561,3,8327452,8395424,0,255,0,0,0,0,0,0,0
2790,4562,3,8327452,8395424,0,255,0,0,0,0,0,0,0
2791,4563,3,8327452,8395424,0,255,0,0,0,0,0,0,0
2792,4564,3,8327452,8395424,0,255,0,0,0,0,0,0,0
2793,4565,3,8327452,8395424,0,255,0,0,0,0,0,0,0
2794,4566,3,8327452,8395424,0,255,0,0,0,0,0,0,0
2795,4567,3,8327452,8395424,0,255,0,0,0,0,0,0,0
2796,4568,3,8327452,8395424,0,255,0,0,0,0,0,0,0
2797,4569,3,8327452,8395424,0,255,0,0,0,0,0,0,0
2798,4570,3,8327452,8395424,0,255,0,0,0,0,0,0,0
2799,4571,3,8327452,8395424,0,255,0,0,0,0,0,0,0
2800,4572,3,8327452,8395424,0,255,0,0,0,0,0,0,0
2801,4573,3,8327452,8395424,0,255,0,0,0,0,0,0,0
2802,4574,3,8327452,8395424,0,255,0,0,0,0,0,0,0
2803,4575,3,8327452,8395424,0,255,0,0,0,0,0,0,0
2804,4576,3,8327452,8395424,0,255,0,0,0,0,0,0,0
2805,4577,3,8327452,8395424,0,255,0,0,0,0,0,0,0
2806,4578,3,8327452,8395424,0,255,0,0,0,0,0,0,0
2807,4579,3,8327452,8395424,0,255,0,0,0,0,0,0,0
2808,4580,3,8327452,8395424,0,255,0,0,0,0,0,0,0
2809,4581,3,8327452,8395424,0,255,0,0,0,0,0,0,0
2810,4582,3,8327452,8395424,0,255,0,0,0,0,0,0,0
2811,4583,3,8327452,8395424,0,255,0,0,0,0,0,0,0
2812,4584,3,8327452,8395424,0,255,0,0,0,0,0,0,0
2813,4585,3,8327452,8395424,0,255,0,0,0,0,0,0,0
2814,4586,3,8327452,8395424,0,255,0,0,0,0,0,0,0
2815,4587,3,8327452,8395424,0,255,0,0,0,0,0,0,0
2816,4588,3,8327452,8395424,0,255,0,0,0,0,0,0,0
2817,4589,3,8327452,8395424,0,255,0,0,0,0,0,0,0
2818,4590,3,8327452,8395424,0,255,0,0,0,0,0,0,0
2819,4591,3,8327452,8395424,0,255,0,0,0,0,0,0,0
2820,4592,3,8327452,8395424,0,255,0,0,0,0,0,0,0
2821,4593,3,8327452,8395424,0,255,0,0,0,0,0,0,0
2822,4594,3,8327452,8395424,0,255,0,0,0,0,0,0,0
2823,4595,3,8327452,8395424,0,255,0,0,0,0,0,0,0
2824,4596,3,8327452,8395424,0,255,0,0,0,0,0,0,0
2825,4597,3,8327452,8395424,0,255,0,0,0,0,0,0,0
2826,4598,3,8327452,8395424,0,255,0,0,0,0,0,0,0
2827,4599,3,8327452,8395424,0,255,0,0,0,0,0,0,0
2828,4600,3,8327452,8395424,0,255,0,0,0,0,0,0,0
2829,4601,3,8327452,8395424,0,255,0,0,0,0,0,0,0
2830,4602,3,8327452,8395424,0,255,0,0,0,0,0,0,0
2831,4603,3,8327452,8395424,0,255,0,0,0,0,0,0,0
2832,4604,3,8327452,8395424,0,255,0,0,0,0,0,0,0
2833,4605,3,8327452,8395424,0,255,0,0,0,0,0,0,0
2834,4606,3,8327452,8395424,0,255,0,0,0,0,0,0,0
2835,4607,3,8327452,8395424,0,255,0,0,0,0,0,0,0
2836,4608,3,8327452,8395424,0,255,0,0,0,0,0,0,0
2837,4609,3,8327452,8395424,0,255,0,0,0,0,0,0,0
2838,4610,3,8327452,8395424,0,255,0,0,0,0,0,0,0
2839,4611,3,8327452,8395424,0,255,0,0,0,0,0,0,0
2840,4612,3,8327452,8395424,0,255,0,0,0,0,0,0,0
2841,4613,3,8327452,8395424,0,255,0,0,0,0,0,0,0
2842,4614,3,8327452,8395424,0,255,0,0,0,0,0,0,0
2843,4615,3,8327452,8395424,0,255,0,0,0,0,0,0,0
2844,4616,3,8327452,8395424,0,255,0,0,0,0,0,0,0
2845,4617,3,8327452,8395424,0,255,0,0,0,0,0,0,0
2846,4618,3,8327452,8395424,0,255,0,0,0,0,0,0,0
2847,4619,3,8327452,8395424,0,255,0,0,0,0,0,0,0
2848,4620,3,8327452,8395424,0,255,0,0,0,0,0,0,0
2849,4621,3,8327452,8395424,0,255,0,0,0,0,0,0,0
2850,4622,3,8327452,8395424,0,255,0,0,0,0,0,0,0
2851,4623,3,8327452,8395424,0,255,0,0,0,0,0,0,0
2852,4624,3,8327452,8395424,0,255,0,0,0,0,0,0,0
2853,4625,3,8327452,8395424,0,255,0,0,0,0,0,0,0
2854,4626,3,8327452,8395424,0,255,0,0,0,0,0,0,0
2855,4627,3,8327452,8395424,0,255,0,0,0,0,0,0,0
2856,4628,3,8327452,8395424,0,255,0,0,0,0,0,0,0
2857,4629,3,8327452,8395424,0,255,0,0,0,0,0,0,0
2858,4630,3,8327452,8395424,0,255,0,0,0,0,0,0,0
2859,4631,3,8327452,8395424,0,255,0,0,0,0,0,0,0
2860,4632,3,8327452,8395424,0,255,0,0,0,0,0,0,0
2861,4633,3,8327452,8395424,0,255,0,0,0,0,0,0,0
2862,4634,3,8327452,8395424,0,255,0,0,0,0,0,0,0
2863,4635,3,8327452,8395424,0,255,0,0,0,0,0,0,0
2864,4636,3,8327452,8395424,0,255,0,0,0,0,0,0,0
2865,4637,3,8327452,8395424,0,255,0,0,0,0,0,0,0
2866,4638,3,8327452,8395424,0,255,0,0,0,0,0,0,0
2867,4639,3,8327452,8395424,0,255,0,0,0,0,0,0,0
2868,4640,3,8327452,8395424,0,255,0,0,0,0,0,0,0
2869,4641,3,8327452,8395424,0,255,0,0,0,0,0,0,0
2870,4642,3,8327452,8395424,0,255,0,0,0,0,0,0,0
2871,4643,3,8327452,8395424,0,255,0,0,0,0,0,0,0
2872,4644,3,8327452,8395424,0,255,0,0,0,0,0,0,0
2873,4645,3,8327452,8395424,0,255,0,0,0,0,0,0,0
2874,4646,3,8327452,8395424,0,255,0,0,0,0,0,0,0
2875,4647,3,8327452,8395424,0,255,0,0,0,0,0,0,0
2876,4648,3,8327452,8395424,0,255,0,0,0,0,0,0,0
2877,4649,3,8327452,8395424,0,255,0,0,0,0,0,0,0
2878,4650,3,8327452,8395424,0,255,0,0,0,0,0,0,0
2879,4651,3,8327452,8395424,0,255,0,0,0,0,0,0,0
2880,4652,3,8327452,8395424,0,255,0,0,0,0,0,0,0
2881,4653,3,8327452,8395424,0,255,0,0,0,0,0,0,0
2882,4654,3,8327452,8395424,0,255,0,0,0,0,0,0,0
2883,4655,3,8327452,8395424,0,255,0,0,0,0,0,0,0
2884,4656,3,8327452,8395424,0,255,0,0,0,0,0,0,0
2885,4657,3,8327452,8395424,0,255,0,0,0,0,0,0,0
2886,4658,3,8327452,8395424,0,255,0,0,0,0,0,0,0
2887,4659,3,8327452,8395424,0,255,0,0,0,0,0,0,0
2888,4660,3,8327452,8395424,0,255,0,0,0,0,0,0,0
2889,4661,3,8327452,8395424,0,255,0,0,0,0,0,0,0
2890,4662,3,8327452,8395424,0,255,0,0,0,0,0,0,0
2891,4663,3,8327452,8395424,0,255,0,0,0,0,0,0,0
2892,4664,3,8327452,8395424,0,255,0,0,0,0,0,0,0
2893,4665,3,8327452,8395424,0,255,0,0,0,0,0,0,0
2894,4666,3,8327452,8395424,0,255,0,0,0,0,0,0,0
2895,4667,3,8327452,8395424,0,255,0,0,0,0,0,0,0
2896,4668,3,8327452,8395424,0,255,0,0,0,0,0,0,0
2897,4669,3,8327452,8395424,0,255,0,0,0,0,0,0,0
2898,4670,3,8327452,8395424,0,255,0,0,0,0,0,0,0
2899,4671,3,8327452,8395424,0,255,0,0,0,0,0,0,0
2900,4672,3,8327452,8395424,0,255,0,0,0,0,0,0,0
2901,4673,3,8327452,8395424,0,255,0,0,0,0,0,0,0
2902,4674,3,8327452,8395424,0,255,0,0,0,0,0,0,0
2903,4675,3,8327452,8395424,0,255,0,0,0,0,0,0,0
2904,4676,3,8327452,8395424,0,255,0,0,0,0,0,0,0
2905,4677,3,8327452,8395424,0,255,0,0,0,0,0,0,0
2906,4678,3,8327452,8395424,0,255,0,0,0,0,0,0,0
2907,4679,3,8327452,8395424,0,255,0,0,0,0,0,0,0
2908,4680,3,8327452,8395424,0,255,0,0,0,0,0,0,0
2909,4681,3,8327452,8395424,0,255,0,0,0,0,0,0,0
2910,4682,3,8327452,8395424,0,255,0,0,0,0,0,0,0
2911,4683,3,8327452,8395424,0,255,0,0,0,0,0,0,0
2912,4684,3,8327452,8395424,0,255,0,0,0,0,0,0,0
2913,4685,3,8327452,8395424,0,255,0,0,0,0,0,0,0
2914,4686,3,8327452,8395424,0,255,0,0,0,0,0,0,0
2915,4687,3,8327452,8395424,0,255,0,0,0,0,0,0,0
2916,4688,3,8327452,8395424,0,255,0,0,0,0,0,0,0
2917,4689,3,8327452,8395424,0,255,0,0,0,0,0,0,0
2918,4690,3,8327452,8395424,0,255,0,0,0,0,0,0,0
2919,4691,3,8327452,8395424,0,255,0,0,0,0,0,0,0
2920,4692,3,8327452,8395424,0,255,0,0,0,0,0,0,0
2921,4693,3,8327452,8395424,0,255,0,0,0,0,0,0,0
2922,4694,3,8327452,8395424,0,255,0,0,0,0,0,0,0
2923,4695,3,8327452,8395424,0,255,0,0,0,0,0,0,0
2924,4696,3,8327452,8395424,0,255,0,0,0,0,0,0,0
2925,4697,3,8327452,8395424,0,255,0,0,0,0,0,0,0
2926,4698,3,8327452,8395424,0,255,0,0,0,0,0,0,0
2927,4699,3,8327452,8395424,0,255,0,0,0,0,0,0,0
2928,4700,3,8327452,8395424,0,255,0,0,0,0,0,0,0
2929,4701,3,8327452,8395424,0,255,0,0,0,0,0,0,0
2930,4702,3,8327452,8395424,0,255,0,0,0,0,0,0,0
2931,4703,3,8327452,8395424,0,255,0,0,0,0,0,0,0
2932,4704,3,8327452,8395424,0,255,0,0,0,0,0,0,0
2933,4705,3,8327452,8395424,0,255,0,0,0,0,0,0,0
2934,4706,3,8327452,8395424,0,255,0,0,0,0,0,0,0
2935,4707,3,8327452,8395424,0,255,0,0,0,0,0,0,0
2936,4708,3,8327452,8395424,0,255,0,0,0,0,0,0,0
2937,4709,3,8327452,8395424,0,255,0,0,0,0,0,0,0
2938,4710,3,8327452,8395424,0,255,0,0,0,0,0,0,0
2939,4711,3,8327452,8395424,0,255,0,0,0,0,0,0,0
2940,4712,3,8327452,8395424,0,255,0,0,0,0,0,0,0
2941,4713,3,8327452,8395424,0,255,0,0,0,0,0,0,0
2942,4714,3,8327452,8395424,0,255,0,0,0,0,0,0,0
2943,4715,3,8327452,8395424,0,255,0,0,0,0,0,0,0
2944,4716,3,8327452,8395424,0,255,0,0,0,0,0,0,0
2945,4717,3,8327452,8395424,0,255,0,0,0,0,0,0,0
2946,4718,3,8327452,8395424,0,255,0,0,0,0,0,0,0
2947,4719,3,8327452,8395424,0,255,0,0,0,0,0,0,0
2948,4720,3,8327452,8395424,0,255,0,0,0,0,0,0,0
2949,4721,3,8327452,8395424,0,255,0,0,0,0,0,0,0
2950,4722,3,8327452,8395424,0,255,0,0,0,0,0,0,0
2951,4723,3,8327452,8395424,0,255,0,0,0,0,0,0,0
2952,4724,3,8327452,8395424,0,255,0,0,0,0,0,0,0
2953,4725,3,8327452,8395424,0,255,0,0,0,0,0,0,0
2954,4726,3,8327452,8395424,0,255,0,0,0,0,0,0,0
2955,4727,3,8327452,8395424,0,255,0,0,0,0,0,0,0
2956,4728,3,8327452,8395424,0,255,0,0,0,0,0,0,0
2957,4729,3,8327452,8395424,0,255,0,0,0,0,0,0,0
2958,4730,3,8327452,8395424,0,255,0,0,0,0,0,0,0
2959,4731,3,8327452,8395424,0,255,0,0,0,0,0,0,0
2960,4732,3,8327452,8395424,0,255,0,0,0,0,0,0,0
2961,4733,3,8327452,8395424,0,255,0,0,0,0,0,0,0
2962,4734,3,8327452,8395424,0,255,0,0,0,0,0,0,0
2963,4735,3,8327452,8395424,0,255,0,0,0,0,0,0,0
2964,4736,3,8327452,8395424,0,255,0,0,0,0,0,0,0
2965,4737,3,8327452,8395424,0,255,0,0,0,0,0,0,0
2966,4738,3,8327452,8395424,0,255,0,0,0,0,0,0,0
2967,4739,3,8327452,8395424,0,255,0,0,0,0,0,0,0
2968,4740,3,8327452,8395424,0,255,0,0,0,0,0,0,0
2969,4741,3,8327452,8395424,0,255,0,0,0,0,0,0,0
2970,4742,3,8327452,8395424,0,255,0,0,0,0,0,0,0
2971,4743,3,8327452,8395424,0,255,0,0,0,0,0,0,0
2972,4744,3,8327452,8395424,0,255,0,0,0,0,0,0,0
2973,4745,3,8327452,8395424,0,255,0,0,0,0,0,0,0
2974,4746,3,8327452,8395424,0,255,0,0,0,0,0,0,0
2975,4747,3,8327452,8395424,0,255,0,0,0,0,0,0,0
2976,4748,3,8327452,8395424,0,255,0,0,0,0,0,0,0
2977,4749,3,8327452,8395424,0,255,0,0,0,0,0,0,0
2978,4750,3,8327452,8395424,0,255,0,0,0,0,0,0,0
2979,4751,3,8327452,8395424,0,255,0,0,0,0,0,0,0
2980,4752,3,8327452,8395424,0,255,0,0,0,0,0,0,0
2981,4753,3,8327452,8395424,0,255,0,0,0,0,0,0,0
2982,4754,3,8327452,8395424,0,255,0,0,0,0,0,0,0
2983,4755,3,8327452,8395424,0,255,0,0,0,0,0,0,0
2984,4756,3,8327452,8395424,0,255,0,0,0,0,0,0,0
2985,4757,3,8327452,8395424,0,255,0,0,0,0,0,0,0
2986,4758,3,8327452,8395424,0,255,0,0,0,0,0,0,0
2987,4759,3,8327452,8395424,0,255,0,0,0,0,0,0,0
2988,4760,3,8327452,8395424,0,255,0,0,0,0,0,0,0
2989,4761,3,8327452,8395424,0,255,0,0,0,0,0,0,0
2990,4762,3,8327452,8395424,0,255,0,0,0,0,0,0,0
2991,4763,3,8327452,8395424,0,255,0,0,0,0,0,0,0
2992,4764,3,8327452,8395424,0,255,0,0,0,0,0,0,0
2993,4765,3,8327452,8395424,0,255,0,0,0,0,0,0,0
2994,4766,3,8327452,8395424,0,255,0,0,0,0,0,0,0
2995,4767,3,8327452,8395424,0,255,0,0,0,0,0,0,0
2996,4768,3,8327452,8395424,0,255,0,0,0,0,0,0,0
2997,4769,3,8327452,8395424,0,255,0,0,0,0,0,0,0
2998,4770,3,8327452,8395424,0,255,0,0,0,0,0,0,0
2999,4771,3,8327452,8395424,0,255,0,0,0,0,0,0,0
3000,4772,3,8327452,8395424,0,255,0,0,0,0,0,0,0
3001,4773,3,8327452,8395424,0,255,0,0,0,0,0,0,0
3002,4774,3,8327452,8395424,0,255,0,0,0,0,0,0,0
3003,4775,3,8327452,8395424,0,255,0,0,0,0,0,0,0
3004,4776,3,8327452,8395424,0,255,0,0,0,0,0,0,0
3005,4777,3,8327452,8395424,0,255,0,0,0,0,0,0,0
3006,4778,3,8327452,8395424,0,255,0,0,0,0,0,0,0
3007,4779,3,8327452,8395424,0,255,0,0,0,0,0,0,0
3008,4780,3,8327452,8395424,0,255,0,0,0,0,0,0,0
3009,4781,3,8327452,8395424,0,255,0,0,0,0,0,0,0
3010,4782,3,8327452,8395424,0,255,0,0,0,0,0,0,0
3011,4783,3,8327452,8395424,0,255,0,0,0,0,0,0,0
3012,4784,3,8327452,8395424,0,255,0,0,0,0,0,0,0
3013,4785,3,8327452,8395424,0,255,0,0,0,0,0,0,0
3014,4786,3,8327452,8395424,0,255,0,0,0,0,0,0,0
3015,4787,3,8327452,8395424,0,255,0,0,0,0,0,0,0
3016,4788,3,8327452,8395424,0,255,0,0,0,0,0,0,0
3017,4789,3,8327452,8395424,0,255,0,0,0,0,0,0,0
3018,4790,3,8327452,8395424,0,255,0,0,0,0,0,0,0
3019,4791,3,8327452,8395424,0,255,0,0,0,0,0,0,0
3020,4792,3,8327452,8395424,0,255,0,0,0,0,0,0,0
3021,4793,3,8327452,8395424,0,255,0,0,0,0,0,0,0
3022,4794,3,8327452,8395424,0,255,0,0,0,0,0,0,0
3023,4795,3,8327452,8395424,0,255,0,0,0,0,0,0,0
3024,4796,3,8327452,8395424,0,255,0,0,0,0,0,0,0
3025,4797,3,8327452,8395424,0,255,0,0,0,0,0,0,0
3026,4798,3,8327452,8395424,0,255,0,0,0,0,0,0,0
3027,4799,3,8327452,8395424,0,255,0,0,0,0,0,0,0
3028,4800,3,8327452,8395424,0,255,0,0,0,0,0,0,0
3029,4801,3,8327452,8395424,0,255,0,0,0,0,0,0,0
3030,4802,3,8327452,8395424,0,255,0,0,0,0,0,0,0
3031,4803,3,8327452,8395424,0,255,0,0,0,0,0,0,0
3032,4804,3,8327452,8395424,0,255,0,0,0,0,0,0,0
3033,4805,3,8327452,8395424,0,255,0,0,0,0,0,0,0
3034,4806,3,8327452,8395424,0,255,0,0,0,0,0,0,0
3035,4807,3,8327452,8395424,0,255,0,0,0,0,0,0,0
3036,4808,3,8327452,8395424,0,255,0,0,0,0,0,0,0
3037,4809,3,8327452,8395424,0,255,0,0,0,0,0,0,0
3038,4810,3,8327452,8395424,0,255,0,0,0,0,0,0,0
3039,4811,3,8327452,8395424,0,255,0,0,0,0,0,0,0
3040,4812,3,8327452,8395424,0,255,0,0,0,0,0,0,0
3041,4813,3,8327452,8395424,0,255,0,0,0,0,0,0,0
3042,4814,3,8327452,8395424,0,255,0,0,0,0,0,0,0
3043,4815,3,8327452,8395424,0,255,0,0,0,0,0,0,0
3044,4816,3,8327452,8395424,0,255,0,0,0,0,0,0,0
3045,4817,3,8327452,8395424,0,255,0,0,0,0,0,0,0
3046,4818,3,8327452,8395424,0,255,0,0,0,0,0,0,0
3047,4819,3,8327452,8395424,0,255,0,0,0,0,0,0,0
3048,4820,3,8327452,8395424,0,255,0,0,0,0,0,0,0
3049,4821,3,8327452,8395424,0,255,0,0,0,0,0,0,0
3050,4822,3,8327452,8395424,0,255,0,0,0,0,0,0,0
3051,4823,3,8327452,8395424,0,255,0,0,0,0,0,0,0
3052,4824,3,8327452,8395424,0,255,0,0,0,0,0,0,0
3053,4825,3,8327452,8395424,0,255,0,0,0,0,0,0,0
3054,4826,3,8327452,8395424,0,255,0,0,0,0,0,0,0
3055,4827,3,8327452,8395424,0,255,0,0,0,0,0,0,0
3056,4828,3,8327452,8395424,0,255,0,0,0,0,0,0,0
3057,4829,3,8327452,8395424,0,255,0,0,0,0,0,0,0
3058,4830,3,8327452,8395424,0,255,0,0,0,0,0,0,0
3059,4831,3,8327452,8395424,0,255,0,0,0,0,0,0,0
3060,4832,3,8327452,8395424,0,255,0,0,0,0,0,0,0
3061,4833,3,8327452,8395424,0,255,0,0,0,0,0,0,0
3062,4834,3,8327452,8395424,0,255,0,0,0,0,0,0,0
3063,4835,3,8327452,8395424,0,255,0,0,0,0,0,0,0
3064,4836,3,8327452,8395424,0,255,0,0,0,0,0,0,0
3065,4837,3,8327452,8395424,0,255,0,0,0,0,0,0,0
3066,4838,3,8327452,8395424,0,255,0,0,0,0,0,0,0
3067,4839,3,8327452,8395424,0,255,0,0,0,0,0,0,0
3068,4840,3,8327452,8395424,0,255,0,0,0,0,0,0,0
3069,4841,3,8327452,8395424,0,255,0,0,0,0,0,0,0
3070,4842,3,8327452,8395424,0,255,0,0,0,0,0,0,0
3071,4843,3,8327452,8395424,0,255,0,0,0,0,0,0,0
3072,4844,3,8327452,8395424,0,255,0,0,0,0,0,0,0
3073,4845,3,8327452,8395424,0,255,0,0,0,0,0,0,0
3074,4846,3,8327452,8395424,0,255,0,0,0,0,0,0,0
3075,4847,3,8327452,8395424,0,255,0,0,0,0,0,0,0
3076,4848,3,8327452,8395424,0,255,0,0,0,0,0,0,0
3077,4849,3,8327452,8395424,0,255,0,0,0,0,0,0,0
3078,4850,3,8327452,8395424,0,255,0,0,0,0,0,0,0
3079,4851,3,8327452,8395424,0,255,0,0,0,0,0,0,0
3080,4852,3,8327452,8395424,0,255,0,0,0,0,0,0,0
3081,4853,3,8327452,8395424,0,255,0,0,0,0,0,0,0
3082,4854,3,8327452,8395424,0,255,0,0,0,0,0,0,0
3083,4855,3,8327452,8395424,0,255,0,0,0,0,0,0,0
3084,4856,3,8327452,8395424,0,255,0,0,0,0,0,0,0
3085,4857,3,8327452,8395424,0,255,0,0,0,0,0,0,0
3086,4858,3,8327452,8395424,0,255,0,0,0,0,0,0,0
3087,4859,3,8327452,8395424,0,255,0,0,0,0,0,0,0
3088,4860,3,8327452,8395424,0,255,0,0,0,0,0,0,0
3089,4861,3,8327452,8395424,0,255,0,0,0,0,0,0,0
3090,4862,3,8327452,8395424,0,255,0,0,0,0,0,0,0
3091,4863,3,8327452,8395424,0,255,0,0,0,0,0,0,0
3092,4864,3,8327452,8395424,0,255,0,0,0,0,0,0,0
3093,4865,3,8327452,8395424,0,255,0,0,0,0,0,0,0
3094,4866,3,8327452,8395424,0,255,0,0,0,0,0,0,0
3095,4867,3,8327452,8395424,0,255,0,0,0,0,0,0,0
3096,4868,3,8327452,8395424,0,255,0,0,0,0,0,0,0
3097,4869,3,8327452,8395424,0,255,0,0,0,0,0,0,0
3098,4870,3,8327452,8395424,0,255,0,0,0,0,0,0,0
3099,4871,3,8327452,8395424,0,255,0,0,0,0,0,0,0
3100,4872,3,8327452,8395424,0,255,0,0,0,0,0,0,0
3101,4873,3,8327452,8395424,0,255,0,0,0,0,0,0,0
3102,4874,3,8327452,8395424,0,255,0,0,0,0,0,0,0
3103,4875,3,8327452,8395424,0,255,0,0,0,0,0,0,0
3104,4876,3,8327452,8395424,0,255,0,0,0,0,0,0,0
3105,4877,3,8327452,8395424,0,255,0,0,0,0,0,0,0
3106,4878,3,8327452,8395424,0,255,0,0,0,0,0,0,0
3107,4879,3,8327452,8395424,0,255,0,0,0,0,0,0,0
3108,4880,3,8327452,8395424,0,255,0,0,0,0,0,0,0
3109,4881,3,8327452,8395424,0,255,0,0,0,0,0,0,0
3110,4882,3,8327452,8395424,0,255,0,0,0,0,0,0,0
3111,4883,3,8327452,8395424,0,255,0,0,0,0,0,0,0
3112,4884,3,8327452,8395424,0,255,0,0,0,0,0,0,0
3113,4885,3,8327452,8395424,0,255,0,0,0,0,0,0,0
3114,4886,3,8327452,8395424,0,255,0,0,0,0,0,0,0
3115,4887,3,8327452,8395424,0,255,0,0,0,0,0,0,0
3116,4888,3,8327452,8395424,0,255,0,0,0,0,0,0,0
3117,4889,3,8327452,8395424,0,255,0,0,0,0,0,0,0
3118,4890,3,8327452,8395424,0,255,0,0,0,0,0,0,0
3119,4891,3,8327452,8395424,0,255,0,0,0,0,0,0,0
3120,4892,3,8327452,8395424,0,255,0,0,0,0,0,0,0
3121,4893,3,8327452,8395424,0,255,0,0,0,0,0,0,0
3122,4894,3,8327452,8395424,0,255,0,0,0,0,0,0,0
3123,4895,3,8327452,8395424,0,255,0,0,0,0,0,0,0
3124,4896,3,8327452,8395424,0,255,0,0,0,0,0,0,0
3125,4897,3,8327452,8395424,0,255,0,0,0,0,0,0,0
3126,4898,3,8327452,8395424,0,255,0,0,0,0,0,0,0
3127,4899,3,8327452,8395424,0,255,0,0,0,0,0,0,0
3128,4900,3,8327452,8395424,0,255,0,0,0,0,0,0,0
3129,4901,3,8327452,8395424,0,255,0,0,0,0,0,0,0
3130,4902,3,8327452,8395424,0,255,0,0,0,0,0,0,0
3131,4903,3,8327452,8395424,0,255,0,0,0,0,0,0,0
3132,4904,3,8327452,8395424,0,255,0,0,0,0,0,0,0
3133,4905,3,8327452,8395424,0,255,0,0,0,0,0,0,0
3134,4906,3,8327452,8395424,0,255,0,0,0,0,0,0,0
3135,4907,3,8327452,8395424,0,255,0,0,0,0,0,0,0
3136,4908,3,8327452,8395424,0,255,0,0,0,0,0,0,0
3137,4909,3,8327452,8395424,0,255,0,0,0,0,0,0,0
3138,4910,3,8327452,8395424,0,255,0,0,0,0,0,0,0
3139,4911,3,8327452,8395424,0,255,0,0,0,0,0,0,0
3140,4912,3,8327452,8395424,0,255,0,0,0,0,0,0,0
3141,4913,3,8327452,8395424,0,255,0,0,0,0,0,0,0
3142,4914,3,8327452,8395424,0,255,0,0,0,0,0,0,0
3143,4915,3,8327452,8395424,0,255,0,0,0,0,0,0,0
3144,4916,3,8327452,8395424,0,255,0,0,0,0,0,0,0
3145,4917,3,8327452,8395424,0,255,0,0,0,0,0,0,0
3146,4918,3,8327452,8395424,0,255,0,0,0,0,0,0,0
3147,4919,3,8327452,8395424,0,255,0,0,0,0,0,0,0
3148,4920,3,8327452,8395424,0,255,0,0,0,0,0,0,0
3149,4921,3,8327452,8395424,0,255,0,0,0,0,0,0,0
3150,4922,3,8327452,8395424,0,255,0,0,0,0,0,0,0
3151,4923,3,8327452,8395424,0,255,0,0,0,0,0,0,0
3152,4924,3,8327452,8395424,0,255,0,0,0,0,0,0,0
3153,4925,3,8327452,8395424,0,255,0,0,0,0,0,0,0
3154,4926,3,8327452,8395424,0,255,0,0,0,0,0,0,0
3155,4927,3,8327452,8395424,0,255,0,0,0,0,0,0,0
3156,4928,3,8327452,8395424,0,255,0,0,0,0,0,0,0
3157,4929,3,8327452,8395424,0,255,0,0,0,0,0,0,0
3158,4930,3,8327452,8395424,0,255,0,0,0,0,0,0,0
3159,4931,3,8327452,8395424,0,255,0,0,0,0,0,0,0
3160,4932,3,8327452,8395424,0,255,0,0,0,0,0,0,0
3161,4933,3,8327452,8395424,0,255,0,0,0,0,0,0,0
3162,4934,3,8327452,8395424,0,255,0,0,0,0,0,0,0
3163,4935,3,8327452,8395424,0,255,0,0,0,0,0,0,0
3164,4936,3,8327452,8395424,0,255,0,0,0,0,0,0,0
3165,4937,3,8327452,8395424,0,255,0,0,0,0,0,0,0
3166,4938,3,8327452,8395424,0,255,0,0,0,0,0,0,0
3167,4939,3,8327452,8395424,0,255,0,0,0,0,0,0,0
3168,4940,3,8327452,8395424,0,255,0,0,0,0,0,0,0
3169,4941,3,8327452,8395424,0,255,0,0,0,0,0,0,0
3170,4942,3,8327452,8395424,0,255,0,0,0,0,0,0,0
3171,4943,3,8327452,8395424,0,255,0,0,0,0,0,0,0
3172,4944,3,8327452,8395424,0,255,0,0,0,0,0,0,0
3173,4945,3,8327452,8395424,0,255,0,0,0,0,0,0,0
3174,4946,3,8327452,8395424,0,255,0,0,0,0,0,0,0
3175,4947,3,8327452,8395424,0,255,0,0,0,0,0,0,0
3176,4948,3,8327452,8395424,0,255,0,0,0,0,0,0,0
3177,4949,3,8327452,8395424,0,255,0,0,0,0,0,0,0
3178,4950,3,8327452,8395424,0,255,0,0,0,0,0,0,0
3179,4951,3,8327452,8395424,0,255,0,0,0,0,0,0,0
3180,4952,3,8327452,8395424,0,255,0,0,0,0,0,0,0
3181,4953,3,8327452,8395424,0,255,0,0,0,0,0,0,0
3182,4954,3,8327452,8395424,0,255,0,0,0,0,0,0,0
3183,4955,3,8327452,8395424,0,255,0,0,0,0,0,0,0
3184,4956,3,8327452,8395424,0,255,0,0,0,0,0,0,0
3185,4957,3,8327452,8395424,0,255,0,0,0,0,0,0,0
3186,4958,3,8327452,8395424,0,255,0,0,0,0,0,0,0
3187,4959,3,8327452,8395424,0,255,0,0,0,0,0,0,0
3188,4960,3,8327452,8395424,0,255,0,0,0,0,0,0,0
3189,4961,3,8327452,8395424,0,255,0,0,0,0,0,0,0
3190,4962,3,8327452,8395424,0,255,0,0,0,0,0,0,0
3191,4963,3,8327452,8395424,0,255,0,0,0,0,0,0,0
3192,4964,3,8327452,8395424,0,255,0,0,0,0,0,0,0
3193,4965,3,8327452,8395424,0,255,0,0,0,0,0,0,0
3194,4966,3,8327452,8395424,0,255,0,0,0,0,0,0,0
3195,4967,3,8327452,8395424,0,255,0,0,0,0,0,0,0
3196,4968,3,8327452,8395424,0,255,0,0,0,0,0,0,0
3197,4969,3,8327452,8395424,0,255,0,0,0,0,0,0,0
3198,4970,3,8327452,8395424,0,255,0,0,0,0,0,0,0
3199,4971,3,8327452,8395424,0,255,0,0,0,0,0,0,0
3200,4972,3,8327452,8395424,0,255,0,0,0,0,0,0,0
3201,4973,3,8327452,8395424,0,255,0,0,0,0,0,0,0
3202,4974,3,8327452,8395424,0,255,0,0,0,0,0,0,0
3203,4975,3,8327452,8395424,0,255,0,0,0,0,0,0,0
3204,4976,3,8327452,8395424,0,255,0,0,0,0,0,0,0
3205,4977,3,8327452,8395424,0,255,0,0,0,0,0,0,0
3206,4978,3,8327452,8395424,0,255,0,0,0,0,0,0,0
3207,4979,3,8327452,8395424,0,255,0,0,0,0,0,0,0
3208,4980,3,8327452,8395424,0,255,0,0,0,0,0,0,0
3209,4981,3,8327452,8395424,0,255,0,0,0,0,0,0,0
3210,4982,3,8327452,8395424,0,255,0,0,0,0,0,0,0
3211,4983,3,8327452,8395424,0,255,0,0,0,0,0,0,0
3212,4984,3,8327452,8395424,0,255,0,0,0,0,0,0,0
3213,4985,3,8327452,8395424,0,255,0,0,0,0,0,0,0
3214,4986,3,8327452,8395424,0,255,0,0,0,0,0,0,0
3215,4987,3,8327452,8395424,0,255,0,0,0,0,0,0,0
3216,4988,3,8327452,8395424,0,255,0,0,0,0,0,0,0
3217,4989,3,8327452,8395424,0,255,0,0,0,0,0,0,0
3218,4990,3,8327452,8395424,0,255,0,0,0,0,0,0,0
3219,4991,3,8327452,8395424,0,255,0,0,0,0,0,0,0
3220,4992,3,8327452,8395424,0,255,0,0,0,0,0,0,0
3221,4993,3,8327452,8395424,0,255,0,0,0,0,0,0,0
3222,4994,3,8327452,8395424,0,255,0,0,0,0,0,0,0
3223,4995,3,8327452,8395424,0,255,0,0,0,0,0,0,0
3224,4996,3,8327452,8395424,0,255,0,0,0,0,0,0,0
3225,4997,3,8327452,8395424,0,255,0,0,0,0,0,0,0
3226,4998,3,8327452,8395424,0,255,0,0,0,0,0,0,0
3227,4999,3,8327452,8395424,0,255,0,0,0,0,0,0,0
3228,5000,3,8327452,8395424,0,255,0,0,0,0,0,0,0
3229,5001,3,8327452,8395424,0,255,0,0,0,0,0,0,0
3230,5002,3,8327452,8395424,0,255,0,0,0,0,0,0,0
3231,5003,3,8327452,8395424,0,255,0,0,0,0,0,0,0
3232,5004,3,8327452,8395424,0,255,0,0,0,0,0,0,0
3233,5005,3,8327452,8395424,0,255,0,0,0,0,0,0,0
3234,5006,3,8327452,8395424,0,255,0,0,0,0,0,0,0
3235,5007,3,8327452,8395424,0,255,0,0,0,0,0,0,0
3236,5008,3,8327452,8395424,0,255,0,0,0,0,0,0,0
3237,5009,3,8327452,8395424,0,255,0,0,0,0,0,0,0
3238,5010,3,8327452,8395424,0,255,0,0,0,0,0,0,0
3239,5011,3,8327452,8395424,0,255,0,0,0,0,0,0,0
3240,5012,3,8327452,8395424,0,255,0,0,0,0,0,0,0
3241,5013,3,8327452,8395424,0,255,0,0,0,0,0,0,0
3242,5014,3,8327452,8395424,0,255,0,0,0,0,0,0,0
3243,5015,3,8327452,8395424,0,255,0,0,0,0,0,0,0
3244,5016,3,8327452,8395424,0,255,0,0,0,0,0,0,0
3245,5017,3,8327452,8395424,0,255,0,0,0,0,0,0,0
3246,5018,3,8327452,8395424,0,255,0,0,0,0,0,0,0
3247,5019,3,8327452,8395424,0,255,0,0,0,0,0,0,0
3248,5020,3,8327452,8395424,0,255,0,0,0,0,0,0,0
3249,5021,3,8327452,8395424,0,255,0,0,0,0,0,0,0
3250,5022,3,8327452,8395424,0,255,0,0,0,0,0,0,0
3251,5023,3,8327452,8395424,0,255,0,0,0,0,0,0,0
3252,5024,3,8327452,8395424,0,255,0,0,0,0,0,0,0
3253,5025,3,8327452,8395424,0,255,0,0,0,0,0,0,0
3254,5026,3,8327452,8395424,0,255,0,0,0,0,0,0,0
3255,5027,3,8327452,8395424,0,255,0,0,0,0,0,0,0
3256,5028,3,8327452,8395424,0,255,0,0,0,0,0,0,0
3257,5029,3,8327452,8395424,0,255,0,0,0,0,0,0,0
3258,5030,3,8327452,8395424,0,255,0,0,0,0,0,0,0
3259,5031,3,8327452,8395424,0,255,0,0,0,0,0,0,0
3260,5032,3,8327452,8395424,0,255,0,0,0,0,0,0,0
3261,5033,3,8327452,8395424,0,255,0,0,0,0,0,0,0
3262,5034,3,8327452,8395424,0,255,0,0,0,0,0,0,0
3263,5035,3,8327452,8395424,0,255,0,0,0,0,0,0,0
3264,5036,3,8327452,8395424,0,255,0,0,0,0,0,0,0
3265,5037,3,8327452,8395424,0,255,0,0,0,0,0,0,0
3266,5038,3,8327452,8395424,0,255,0,0,0,0,0,0,0
3267,5039,3,8327452,8395424,0,255,0,0,0,0,0,0,0
3268,5040,3,8327452,8395424,0,255,0,0,0,0,0,0,0
3269,5041,3,8327452,8395424,0,255,0,0,0,0,0,0,0
3270,5042,3,8327452,8395424,0,255,0,0,0,0,0,0,0
3271,5043,3,8327452,8395424,0,255,0,0,0,0,0,0,0
3272,5044,3,8327452,8395424,0,255,0,0,0,0,0,0,0
3273,5045,3,8327452,8395424,0,255,0,0,0,0,0,0,0
3274,5046,3,8327452,8395424,0,255,0,0,0,0,0,0,0
3275,5047,3,8327452,8395424,0,255,0,0,0,0,0,0,0
3276,5048,3,8327452,8395424,0,255,0,0,0,0,0,0,0
3277,5049,3,8327452,8395424,0,255,0,0,0,0,0,0,0
3278,5050,3,8327452,8395424,0,255,0,0,0,0,0,0,0
3279,5051,3,8327452,8395424,0,255,0,0,0,0,0,0,0
3280,5052,3,8327452,8395424,0,255,0,0,0,0,0,0,0
3281,5053,3,8327452,8395424,0,255,0,0,0,0,0,0,0
3282,5054,3,8327452,8395424,0,255,0,0,0,0,0,0,0
3283,5055,3,8327452,8395424,0,255,0,0,0,0,0,0,0
3284,5056,3,8327452,8395424,0,255,0,0,0,0,0,0,0
3285,5057,3,8327452,8395424,0,255,0,0,0,0,0,0,0
3286,5058,3,8327452,8395424,0,255,0,0,0,0,0,0,0
3287,5059,3,8327452,8395424,0,255,0,0,0,0,0,0,0
3288,5060,3,8327452,8395424,0,255,0,0,0,0,0,0,0
3289,5061,3,8327452,8395424,0,255,0,0,0,0,0,0,0
3290,5062,3,8327452,8395424,0,255,0,0,0,0,0,0,0
3291,5063,3,8327452,8395424,0,255,0,0,0,0,0,0,0
3292,5064,3,8327452,8395424,0,255,0,0,0,0,0,0,0
3293,5065,3,8327452,8395424,0,255,0,0,0,0,0,0,0
3294,5066,3,8327452,8395424,0,255,0,0,0,0,0,0,0
3295,5067,3,8327452,8395424,0,255,0,0,0,0,0,0,0
3296,5068,3,8327452,8395424,0,255,0,0,0,0,0,0,0
3297,5069,3,8327452,8395424,0,255,0,0,0,0,0,0,0
3298,5070,3,8327452,8395424,0,255,0,0,0,0,0,0,0
3299,5071,3,8327452,8395424,0,255,0,0,0,0,0,0,0
3300,5072,3,8327452,8395424,0,255,0,0,0,0,0,0,0
3301,5073,3,8327452,8395424,0,255,0,0,0,0,0,0,0
3302,5074,3,8327452,8395424,0,255,0,0,0,0,0,0,0
3303,5075,3,8327452,8395424,0,255,0,0,0,0,0,0,0
3304,5076,3,8327452,8395424,0,255,0,0,0,0,0,0,0
3305,5077,3,8327452,8395424,0,255,0,0,0,0,0,0,0
3306,5078,3,8327452,8395424,0,255,0,0,0,0,0,0,0
3307,5079,3,8327452,8395424,0,255,0,0,0,0,0,0,0
3308,5080,3,8327452,8395424,0,255,0,0,0,0,0,0,0
3309,5081,3,8327452,8395424,0,255,0,0,0,0,0,0,0
3310,5082,3,8327452,8395424,0,255,0,0,0,0,0,0,0
3311,5083,3,8327452,8395424,0,255,0,0,0,0,0,0,0
3312,5084,3,8327452,8395424,0,255,0,0,0,0,0,0,0
3313,5085,3,8327452,8395424,0,255,0,0,0,0,0,0,0
3314,5086,3,8327452,8395424,0,255,0,0,0,0,0,0,0
3315,5087,3,8327452,8395424,0,255,0,0,0,0,0,0,0
3316,5088,3,8327452,8395424,0,255,0,0,0,0,0,0,0
3317,5089,3,8327452,8395424,0,255,0,0,0,0,0,0,0
3318,5090,3,8327452,8395424,0,255,0,0,0,0,0,0,0
3319,5091,3,8327452,8395424,0,255,0,0,0,0,0,0,0
3320,5092,3,8327452,8395424,0,255,0,0,0,0,0,0,0
3321,5093,3,8327452,8395424,0,255,0,0,0,0,0,0,0
3322,5094,3,8327452,8395424,0,255,0,0,0,0,0,0,0
3323,5095,3,8327452,8395424,0,255,0,0,0,0,0,0,0
3324,5096,3,8327452,8395424,0,255,0,0,0,0,0,0,0
3325,5097,3,8327452,8395424,0,255,0,0,0,0,0,0,0
3326,5098,3,8327452,8395424,0,255,0,0,0,0,0,0,0
3327,5099,3,8327452,8395424,0,255,0,0,0,0,0,0,0
3328,5100,3,8327452,8395424,0,255,0,0,0,0,0,0,0
3329,5101,3,8327452,8395424,0,255,0,0,0,0,0,0,0
3330,5102,3,8327452,8395424,0,255,0,0,0,0,0,0,0
3331,5103,3,8327452,8395424,0,255,0,0,0,0,0,0,0
3332,5104,3,8327452,8395424,0,255,0,0,0,0,0,0,0
3333,5105,3,8327452,8395424,0,255,0,0,0,0,0,0,0
3334,5106,3,8327452,8395424,0,255,0,0,0,0,0,0,0
3335,5107,3,8327452,8395424,0,255,0,0,0,0,0,0,0
3336,5108,3,8327452,8395424,0,255,0,0,0,0,0,0,0
3337,5109,3,8327452,8395424,0,255,0,0,0,0,0,0,0
3338,5110,3,8327452,8395424,0,255,0,0,0,0,0,0,0
3339,5111,3,8327452,8395424,0,255,0,0,0,0,0,0,0
3340,5112,3,8327452,8395424,0,255,0,0,0,0,0,0,0
3341,5113,3,8327452,8395424,0,255,0,0,0,0,0,0,0
3342,5114,3,8327452,8395424,0,255,0,0,0,0,0,0,0
3343,5115,3,8327452,8395424,0,255,0,0,0,0,0,0,0
3344,5116,3,8327452,8395424,0,255,0,0,0,0,0,0,0
3345,5117,3,8327452,8395424,0,255,0,0,0,0,0,0,0
3346,5118,3,8327452,8395424,0,255,0,0,0,0,0,0,0
3347,5119,3,8327452,8395424,0,255,0,0,0,0,0,0,0
3348,5120,3,8327452,8395424,0,255,0,0,0,0,0,0,0
3349,5121,3,8327452,8395424,0,255,0,0,0,0,0,0,0
3350,5122,3,8327452,8395424,0,255,0,0,0,0,0,0,0
3351,5123,3,8327452,8395424,0,255,0,0,0,0,0,0,0
3352,5124,3,8327452,8395424,0,255,0,0,0,0,0,0,0
3353,5125,3,8327452,8395424,0,255,0,0,0,0,0,0,0
3354,5126,3,8327452,8395424,0,255,0,0,0,0,0,0,0
3355,5127,3,8327452,8395424,0,255,0,0,0,0,0,0,0
3356,5128,3,8327452,8395424,0,255,0,0,0,0,0,0,0
3357,5129,3,8327452,8395424,0,255,0,0,0,0,0,0,0
3358,5130,3,8327452,8395424,0,255,0,0,0,0,0,0,0
3359,5131,3,8327452,8395424,0,255,0,0,0,0,0,0,0
3360,5132,3,8327452,8395424,0,255,0,0,0,0,0,0,0
3361,5133,3,8327452,8395424,0,255,0,0,0,0,0,0,0
3362,5134,3,8327452,8395424,0,255,0,0,0,0,0,0,0
3363,5135,3,8327452,8395424,0,255,0,0,0,0,0,0,0
3364,5136,3,8327452,8395424,0,255,0,0,0,0,0,0,0
3365,5137,3,8327452,8395424,0,255,0,0,0,0,0,0,0
3366,5138,3,8327452,8395424,0,255,0,0,0,0,0,0,0
3367,5139,3,8327452,8395424,0,255,0,0,0,0,0,0,0
3368,5140,3,8327452,8395424,0,255,0,0,0,0,0,0,0
3369,5141,3,8327452,8395424,0,255,0,0,0,0,0,0,0
3370,5142,3,8327452,8395424,0,255,0,0,0,0,0,0,0
3371,5143,3,8327452,8395424,0,255,0,0,0,0,0,0,0
3372,5144,3,8327452,8395424,0,255,0,0,0,0,0,0,0
3373,5145,3,8327452,8395424,0,255,0,0,0,0,0,0,0
3374,5146,3,8327452,8395424,0,255,0,0,0,0,0,0,0
3375,5147,3,8327452,8395424,0,255,0,0,0,0,0,0,0
3376,5148,3,8327452,8395424,0,255,0,0,0,0,0,0,0
3377,5149,3,8327452,8395424,0,255,0,0,0,0,0,0,0
3378,5150,3,8327452,8395424,0,255,0,0,0,0,0,0,0
3379,5151,3,8327452,8395424,0,255,0,0,0,0,0,0,0
3380,5152,3,8327452,8395424,0,255,0,0,0,0,0,0,0
3381,5153,3,8327452,8395424,0,255,0,0,0,0,0,0,0
3382,5154,3,8327452,8395424,0,255,0,0,0,0,0,0,0
3383,5155,3,8327452,8395424,0,255,0,0,0,0,0,0,0
3384,5156,3,8327452,8395424,0,255,0,0,0,0,0,0,0
3385,5157,3,8327452,8395424,0,255,0,0,0,0,0,0,0
3386,5158,3,8327452,8395424,0,255,0,0,0,0,0,0,0
3387,5159,3,8327452,8395424,0,255,0,0,0,0,0,0,0
3388,5160,3,8327452,8395424,0,255,0,0,0,0,0,0,0
3389,5161,3,8327452,8395424,0,255,0,0,0,0,0,0,0
3390,5162,3,8327452,8395424,0,255,0,0,0,0,0,0,0
3391,5163,3,8327452,8395424,0,255,0,0,0,0,0,0,0
3392,5164,3,8327452,8395424,0,255,0,0,0,0,0,0,0
3393,5165,3,8327452,8395424,0,255,0,0,0,0,0,0,0
3394,5166,3,8327452,8395424,0,255,0,0,0,0,0,0,0
3395,5167,3,8327452,8395424,0,255,0,0,0,0,0,0,0
3396,5168,3,8327452,8395424,0,255,0,0,0,0,0,0,0
3397,5169,3,8327452,8395424,0,255,0,0,0,0,0,0,0
3398,5170,3,8327452,8395424,0,255,0,0,0,0,0,0,0
3399,5171,3,8327452,8395424,0,255,0,0,0,0,0,0,0
3400,5172,3,8327452,8395424,0,255,0,0,0,0,0,0,0
3401,5173,3,8327452,8395424,0,255,0,0,0,0,0,0,0
3402,5174,3,8327452,8395424,0,255,0,0,0,0,0,0,0
3403,5175,3,8327452,8395424,0,255,0,0,0,0,0,0,0
3404,5176,3,8327452,8395424,0,255,0,0,0,0,0,0,0
3405,5177,3,8327452,8395424,0,255,0,0,0,0,0,0,0
3406,5178,3,8327452,8395424,0,255,0,0,0,0,0,0,0
3407,5179,3,8327452,8395424,0,255,0,0,0,0,0,0,0
3408,5180,3,8327452,8395424,0,255,0,0,0,0,0,0,0
3409,5181,3,8327452,8395424,0,255,0,0,0,0,0,0,0
3410,5182,3,8327452,8395424,0,255,0,0,0,0,0,0,0
3411,5183,3,8327452,8395424,0,255,0,0,0,0,0,0,0
3412,5184,3,8327452,8395424,0,255,0,0,0,0,0,0,0
3413,5185,3,8327452,8395424,0,255,0,0,0,0,0,0,0
3414,5186,3,8327452,8395424,0,255,0,0,0,0,0,0,0
3415,5187,3,8327452,8395424,0,255,0,0,0,0,0,0,0
3416,5188,3,8327452,8395424,0,255,0,0,0,0,0,0,0
3417,5189,3,8327452,8395424,0,255,0,0,0,0,0,0,0
3418,5190,3,8327452,8395424,0,255,0,0,0,0,0,0,0
3419,5191,3,8327452,8395424,0,255,0,0,0,0,0,0,0
3420,5192,3,8327452,8395424,0,255,0,0,0,0,0,0,0
3421,5193,3,8327452,8395424,0,255,0,0,0,0,0,0,0
3422,5194,3,8327452,8395424,0,255,0,0,0,0,0,0,0
3423,5195,3,8327452,8395424,0,255,0,0,0,0,0,0,0
3424,5196,3,8327452,8395424,0,255,0,0,0,0,0,0,0
3425,5197,3,8327452,8395424,0,255,0,0,0,0,0,0,0
3426,5198,3,8327452,8395424,0,255,0,0,0,0,0,0,0
3427,5199,3,8327452,8395424,0,255,0,0,0,0,0,0,0
3428,5200,3,8327452,8395424,0,255,0,0,0,0,0,0,0
3429,5201,3,8327452,8395424,0,255,0,0,0,0,0,0,0
3430,5202,3,8327452,8395424,0,255,0,0,0,0,0,0,0
3431,5203,3,8327452,8395424,0,255,0,0,0,0,0,0,0
3432,5204,3,8327452,8395424,0,255,0,0,0,0,0,0,0
3433,5205,3,8327452,8395424,0,255,0,0,0,0,0,0,0
3434,5206,3,8327452,8395424,0,255,0,0,0,0,0,0,0
3435,5207,3,8327452,8395424,0,255,0,0,0,0,0,0,0
3436,5208,3,8327452,8395424,0,255,0,0,0,0,0,0,0
3437,5209,3,8327452,8395424,0,255,0,0,0,0,0,0,0
3438,5210,3,8327452,8395424,0,255,0,0,0,0,0,0,0
3439,5211,3,8327452,8395424,0,255,0,0,0,0,0,0,0
3440,5212,3,8327452,8395424,0,255,0,0,0,0,0,0,0
3441,5213,3,8327452,8395424,0,255,0,0,0,0,0,0,0
3442,5214,3,8327452,8395424,0,255,0,0,0,0,0,0,0
3443,5215,3,8327452,8395424,0,255,0,0,0,0,0,0,0
3444,5216,3,8327452,8395424,0,255,0,0,0,0,0,0,0
3445,5217,3,8327452,8395424,0,255,0,0,0,0,0,0,0
3446,5218,3,8327452,8395424,0,255,0,0,0,0,0,0,0
3447,5219,3,8327452,8395424,0,255,0,0,0,0,0,0,0
3448,5220,3,8327452,8395424,0,255,0,0,0,0,0,0,0
3449,5221,3,8327452,8395424,0,255,0,0,0,0,0,0,0
3450,5222,3,8327452,8395424,0,255,0,0,0,0,0,0,0
3451,5223,3,8327452,8395424,0,255,0,0,0,0,0,0,0
3452,5224,3,8327452,8395424,0,255,0,0,0,0,0,0,0
3453,5225,3,8327452,8395424,0,255,0,0,0,0,0,0,0
3454,5226,3,8327452,8395424,0,255,0,0,0,0,0,0,0
3455,5227,3,8327452,8395424,0,255,0,0,0,0,0,0,0
3456,5228,3,8327452,8395424,0,255,0,0,0,0,0,0,0
3457,5229,3,8327452,8395424,0,255,0,0,0,0,0,0,0
3458,5230,3,8327452,8395424,0,255,0,0,0,0,0,0,0
3459,5231,3,8327452,8395424,0,255,0,0,0,0,0,0,0
3460,5232,3,8327452,8395424,0,255,0,0,0,0,0,0,0
3461,5233,3,8327452,8395424,0,255,0,0,0,0,0,0,0
3462,5234,3,8327452,8395424,0,255,0,0,0,0,0,0,0
3463,5235,3,8327452,8395424,0,255,0,0,0,0,0,0,0
3464,5236,3,8327452,8395424,0,255,0,0,0,0,0,0,0
3465,5237,3,8327452,8395424,0,255,0,0,0,0,0,0,0
3466,5238,3,8327452,8395424,0,255,0,0,0,0,0,0,0
