frame,call,state,slot,ctrl,cur3,prev3,cur4,prev4,boxstate,dt,act,code_pre,h_pre,code_post,h_post,fire_modes,canfire_rets,deact_ra,rec_pre,rec_post
162,162,6,1,1,0,0,0,0,0,0.0166666675,AOIL,19,0,19,0,,0,,0|0|1|0|0|0|0,0|0|1|0|0|0|0
163,163,6,1,1,0,0,0,0,0,0.0166666675,,19,0,19,0,,0,,0|0|1|0|0|0|0,0|0|1|0|0|0|0
164,164,6,1,1,0,0,0,0,0,0.0166666675,,19,0,19,0,,0,,0|0|1|0|0|0|0,0|0|1|0|0|0|0
165,165,6,1,1,0,0,0,0,0,0.0166666675,,19,0,19,0,,0,,0|0|1|0|0|0|0,0|0|1|0|0|0|0
166,166,6,1,1,0,0,0,0,0,0.0166666675,,19,0,19,0,,0,,0|0|1|0|0|0|0,0|0|1|0|0|0|0
167,167,6,1,1,0,0,0,0,0,0.0166666675,,19,0,19,0,,0,,0|0|1|0|0|0|0,0|0|1|0|0|0|0
168,168,6,1,1,0,0,0,0,0,0.0166666675,,19,0,19,0,,0,,0|0|1|0|0|0|0,0|0|1|0|0|0|0
169,169,6,1,1,0,0,0,0,0,0.0166666675,,19,0,19,0,,0,,0|0|1|0|0|0|0,0|0|1|0|0|0|0
170,170,6,1,1,0,0,0,0,0,0.0166666675,,19,0,19,0,,0,,0|0|1|0|0|0|0,0|0|1|0|0|0|0
171,171,6,1,1,0,0,0,0,0,0.0166666675,,19,0,19,0,,0,,0|0|1|0|0|0|0,0|0|1|0|0|0|0
172,172,6,1,1,0,0,0,0,0,0.0166666675,,19,0,19,0,,0,,0|0|1|0|0|0|0,0|0|1|0|0|0|0
173,173,6,1,1,0,0,0,0,0,0.0166666675,,19,0,19,0,,0,,0|0|1|0|0|0|0,0|0|1|0|0|0|0
174,174,6,1,1,0,0,0,0,0,0.0166666675,,19,0,19,0,,0,,0|0|1|0|0|0|0,0|0|1|0|0|0|0
175,175,6,1,1,0,0,0,0,0,0.0166666675,,19,0,19,0,,0,,0|0|1|0|0|0|0,0|0|1|0|0|0|0
176,176,6,1,1,0,0,0,0,0,0.0166666675,,19,0,19,0,,0,,0|0|1|0|0|0|0,0|0|1|0|0|0|0
177,177,6,1,1,0,0,0,0,0,0.0166666675,,19,0,19,0,,0,,0|0|1|0|0|0|0,0|0|1|0|0|0|0
178,178,6,1,1,0,0,0,0,0,0.0166666675,,19,0,19,0,,0,,0|0|1|0|0|0|0,0|0|1|0|0|0|0
179,179,6,1,1,0,0,0,0,0,0.0166666675,,19,0,19,0,,0,,0|0|1|0|0|0|0,0|0|1|0|0|0|0
180,180,6,1,1,0,0,0,0,0,0.0166666675,,19,0,19,0,,0,,0|0|1|0|0|0|0,0|0|1|0|0|0|0
181,181,6,1,1,0,0,0,0,0,0.0166666675,,19,0,19,0,,0,,0|0|1|0|0|0|0,0|0|1|0|0|0|0
182,182,6,1,1,0,0,0,0,0,0.0166666675,,19,0,19,0,,0,,0|0|1|0|0|0|0,0|0|1|0|0|0|0
183,183,6,1,1,0,0,0,0,0,0.0166666675,,19,0,19,0,,0,,0|0|1|0|0|0|0,0|0|1|0|0|0|0
184,184,6,1,1,0,0,0,0,0,0.0166666675,,19,0,19,0,,0,,0|0|1|0|0|0|0,0|0|1|0|0|0|0
185,185,6,1,1,0,0,0,0,0,0.0166666675,,19,0,19,0,,0,,0|0|1|0|0|0|0,0|0|1|0|0|0|0
186,186,6,1,1,0,0,0,0,0,0.0166666675,,19,0,19,0,,0,,0|0|1|0|0|0|0,0|0|1|0|0|0|0
187,187,6,1,1,0,0,0,0,0,0.0166666675,,19,0,19,0,,0,,0|0|1|0|0|0|0,0|0|1|0|0|0|0
188,188,6,1,1,0,0,0,0,0,0.0166666675,,19,0,19,0,,0,,0|0|1|0|0|0|0,0|0|1|0|0|0|0
189,189,6,1,1,0,0,0,0,0,0.0166666675,,19,0,19,0,,0,,0|0|1|0|0|0|0,0|0|1|0|0|0|0
190,190,6,1,1,0,0,0,0,0,0.0166666675,,19,0,19,0,,0,,0|0|1|0|0|0|0,0|0|1|0|0|0|0
191,191,6,1,1,0,0,0,0,0,0.0166666675,,19,0,19,0,,0,,0|0|1|0|0|0|0,0|0|1|0|0|0|0
192,192,6,1,1,0,0,0,0,0,0.0166666675,,19,0,19,0,,0,,0|0|1|0|0|0|0,0|0|1|0|0|0|0
193,193,6,1,1,0,0,0,0,0,0.0166666675,,19,0,19,0,,0,,0|0|1|0|0|0|0,0|0|1|0|0|0|0
194,194,6,1,1,0,0,0,0,0,0.0166666675,,19,0,19,0,,0,,0|0|1|0|0|0|0,0|0|1|0|0|0|0
195,195,6,1,1,0,0,0,0,0,0.0166666675,,19,0,19,0,,0,,0|0|1|0|0|0|0,0|0|1|0|0|0|0
196,196,6,1,1,0,0,0,0,0,0.0166666675,,19,0,19,0,,0,,0|0|1|0|0|0|0,0|0|1|0|0|0|0
197,197,6,1,1,0,0,0,0,0,0.0166666675,,19,0,19,0,,0,,0|0|1|0|0|0|0,0|0|1|0|0|0|0
198,198,6,1,1,0,0,0,0,0,0.0166666675,,19,0,19,0,,0,,0|0|1|0|0|0|0,0|0|1|0|0|0|0
199,199,6,1,1,0,0,0,0,0,0.0166666675,,19,0,19,0,,0,,0|0|1|0|0|0|0,0|0|1|0|0|0|0
200,200,6,1,1,0,0,0,0,0,0.0166666675,,19,0,19,0,,0,,0|0|1|0|0|0|0,0|0|1|0|0|0|0
201,201,6,1,1,0,0,0,0,0,0.0166666675,,19,0,19,0,,0,,0|0|1|0|0|0|0,0|0|1|0|0|0|0
202,202,6,1,1,0,0,0,0,0,0.0166666675,,19,0,19,0,,0,,0|0|1|0|0|0|0,0|0|1|0|0|0|0
203,203,6,1,1,0,0,0,0,0,0.0166666675,,19,0,19,0,,0,,0|0|1|0|0|0|0,0|0|1|0|0|0|0
204,204,6,1,1,0,0,0,0,0,0.0166666675,,19,0,19,0,,0,,0|0|1|0|0|0|0,0|0|1|0|0|0|0
205,205,6,1,1,0,0,0,0,0,0.0166666675,,19,0,19,0,,0,,0|0|1|0|0|0|0,0|0|1|0|0|0|0
206,206,6,1,1,0,0,0,0,0,0.0166666675,,19,0,19,0,,0,,0|0|1|0|0|0|0,0|0|1|0|0|0|0
207,207,6,1,1,0,0,0,0,0,0.0166666675,,19,0,19,0,,0,,0|0|1|0|0|0|0,0|0|1|0|0|0|0
208,208,6,1,1,0,0,0,0,0,0.0166666675,,19,0,19,0,,0,,0|0|1|0|0|0|0,0|0|1|0|0|0|0
209,209,6,1,1,0,0,0,0,0,0.0166666675,,19,0,19,0,,0,,0|0|1|0|0|0|0,0|0|1|0|0|0|0
210,210,6,1,1,0,0,0,0,0,0.0166666675,,19,0,19,0,,0,,0|0|1|0|0|0|0,0|0|1|0|0|0|0
211,211,6,1,1,0,0,0,0,0,0.0166666675,,19,0,19,0,,0,,0|0|1|0|0|0|0,0|0|1|0|0|0|0
212,212,6,1,1,0,0,0,0,0,0.0166666675,,19,0,19,0,,0,,0|0|1|0|0|0|0,0|0|1|0|0|0|0
213,213,6,1,1,0,0,0,0,0,0.0166666675,,19,0,19,0,,0,,0|0|1|0|0|0|0,0|0|1|0|0|0|0
214,214,6,1,1,0,0,0,0,0,0.0166666675,,19,0,19,0,,0,,0|0|1|0|0|0|0,0|0|1|0|0|0|0
215,215,6,1,1,0,0,0,0,0,0.0166666675,,19,0,19,0,,0,,0|0|1|0|0|0|0,0|0|1|0|0|0|0
216,216,6,1,1,0,0,0,0,0,0.0166666675,,19,0,19,0,,0,,0|0|1|0|0|0|0,0|0|1|0|0|0|0
217,217,6,1,1,0,0,0,0,0,0.0166666675,,19,0,19,0,,0,,0|0|1|0|0|0|0,0|0|1|0|0|0|0
218,218,6,1,1,0,0,0,0,0,0.0166666675,,19,0,19,0,,0,,0|0|1|0|0|0|0,0|0|1|0|0|0|0
219,219,6,1,1,0,0,0,0,0,0.0166666675,,19,0,19,0,,0,,0|0|1|0|0|0|0,0|0|1|0|0|0|0
220,220,6,1,1,0,0,0,0,0,0.0166666675,,19,0,19,0,,0,,0|0|1|0|0|0|0,0|0|1|0|0|0|0
221,221,6,1,1,0,0,0,0,0,0.0166666675,,19,0,19,0,,0,,0|0|1|0|0|0|0,0|0|1|0|0|0|0
222,222,6,1,1,0,0,0,0,0,0.0166666675,,19,0,19,0,,0,,0|0|1|0|0|0|0,0|0|1|0|0|0|0
223,223,6,1,1,0,0,0,0,0,0.0166666675,,19,0,19,0,,0,,0|0|1|0|0|0|0,0|0|1|0|0|0|0
224,224,6,1,1,0,0,0,0,0,0.0166666675,,19,0,19,0,,0,,0|0|1|0|0|0|0,0|0|1|0|0|0|0
225,225,6,1,1,0,0,0,0,0,0.0166666675,,19,0,19,0,,0,,0|0|1|0|0|0|0,0|0|1|0|0|0|0
226,226,6,1,1,0,0,0,0,0,0.0166666675,,19,0,19,0,,0,,0|0|1|0|0|0|0,0|0|1|0|0|0|0
227,227,6,1,1,0,0,0,0,0,0.0166666675,,19,0,19,0,,0,,0|0|1|0|0|0|0,0|0|1|0|0|0|0
228,228,6,1,1,0,0,0,0,0,0.0166666675,,19,0,19,0,,0,,0|0|1|0|0|0|0,0|0|1|0|0|0|0
229,229,6,1,1,0,0,0,0,0,0.0166666675,,19,0,19,0,,0,,0|0|1|0|0|0|0,0|0|1|0|0|0|0
230,230,6,1,1,0,0,0,0,0,0.0166666675,,19,0,19,0,,0,,0|0|1|0|0|0|0,0|0|1|0|0|0|0
231,231,6,1,1,0,0,0,0,0,0.0166666675,,19,0,19,0,,0,,0|0|1|0|0|0|0,0|0|1|0|0|0|0
232,232,6,1,1,0,0,0,0,0,0.0166666675,,19,0,19,0,,0,,0|0|1|0|0|0|0,0|0|1|0|0|0|0
233,233,6,1,1,0,0,0,0,0,0.0166666675,,19,0,19,0,,0,,0|0|1|0|0|0|0,0|0|1|0|0|0|0
234,234,6,1,1,0,0,0,0,0,0.0166666675,,19,0,19,0,,0,,0|0|1|0|0|0|0,0|0|1|0|0|0|0
235,235,6,1,1,0,0,0,0,0,0.0166666675,,19,0,19,0,,0,,0|0|1|0|0|0|0,0|0|1|0|0|0|0
236,236,6,1,1,0,0,0,0,0,0.0166666675,,19,0,19,0,,0,,0|0|1|0|0|0|0,0|0|1|0|0|0|0
237,237,6,1,1,0,0,0,0,0,0.0166666675,,19,0,19,0,,0,,0|0|1|0|0|0|0,0|0|1|0|0|0|0
238,238,6,1,1,0,0,0,0,0,0.0166666675,,19,0,19,0,,0,,0|0|1|0|0|0|0,0|0|1|0|0|0|0
239,239,6,1,1,0,0,0,0,0,0.0166666675,,19,0,19,0,,0,,0|0|1|0|0|0|0,0|0|1|0|0|0|0
240,240,6,1,1,0,0,0,0,0,0.0166666675,,19,0,19,0,,0,,0|0|1|0|0|0|0,0|0|1|0|0|0|0
241,241,6,1,1,0,0,0,0,0,0.0166666675,,19,0,19,0,,0,,0|0|1|0|0|0|0,0|0|1|0|0|0|0
242,242,6,1,1,0,0,0,0,0,0.0166666675,,19,0,19,0,,0,,0|0|1|0|0|0|0,0|0|1|0|0|0|0
243,243,6,1,1,0,0,0,0,0,0.0166666675,,19,0,19,0,,0,,0|0|1|0|0|0|0,0|0|1|0|0|0|0
244,244,6,1,1,0,0,0,0,0,0.0166666675,,19,0,19,0,,0,,0|0|1|0|0|0|0,0|0|1|0|0|0|0
245,245,6,1,1,0,0,0,0,0,0.0166666675,,19,0,19,0,,0,,0|0|1|0|0|0|0,0|0|1|0|0|0|0
246,246,6,1,1,0,0,0,0,0,0.0166666675,,19,0,19,0,,0,,0|0|1|0|0|0|0,0|0|1|0|0|0|0
247,247,6,1,1,0,0,0,0,0,0.0166666675,,19,0,19,0,,0,,0|0|1|0|0|0|0,0|0|1|0|0|0|0
248,248,6,1,1,0,0,0,0,0,0.0166666675,,19,0,19,0,,0,,0|0|1|0|0|0|0,0|0|1|0|0|0|0
249,249,6,1,1,0,0,0,0,0,0.0166666675,,19,0,19,0,,0,,0|0|1|0|0|0|0,0|0|1|0|0|0|0
250,250,6,1,1,0,0,0,0,0,0.0166666675,,19,0,19,0,,0,,0|0|1|0|0|0|0,0|0|1|0|0|0|0
251,251,6,1,1,0,0,0,0,0,0.0166666675,,19,0,19,0,,0,,0|0|1|0|0|0|0,0|0|1|0|0|0|0
252,252,6,1,1,0,0,0,0,0,0.0166666675,,19,0,19,0,,0,,0|0|1|0|0|0|0,0|0|1|0|0|0|0
253,253,6,1,1,0,0,0,0,0,0.0166666675,,19,0,19,0,,0,,0|0|1|0|0|0|0,0|0|1|0|0|0|0
254,254,6,1,1,0,0,0,0,0,0.0166666675,,19,0,19,0,,0,,0|0|1|0|0|0|0,0|0|1|0|0|0|0
255,255,6,1,1,0,0,0,0,0,0.0166666675,,19,0,19,0,,0,,0|0|1|0|0|0|0,0|0|1|0|0|0|0
256,256,6,1,1,0,0,0,0,0,0.0166666675,,19,0,19,0,,0,,0|0|1|0|0|0|0,0|0|1|0|0|0|0
257,257,6,1,1,0,0,0,0,0,0.0166666675,,19,0,19,0,,0,,0|0|1|0|0|0|0,0|0|1|0|0|0|0
258,258,6,1,1,0,0,0,0,0,0.0166666675,,19,0,19,0,,0,,0|0|1|0|0|0|0,0|0|1|0|0|0|0
259,259,6,1,1,0,0,0,0,0,0.0166666675,,19,0,19,0,,0,,0|0|1|0|0|0|0,0|0|1|0|0|0|0
260,260,6,1,1,0,0,0,0,0,0.0166666675,,19,0,19,0,,0,,0|0|1|0|0|0|0,0|0|1|0|0|0|0
261,261,6,1,1,0,0,0,0,0,0.0166666675,,19,0,19,0,,0,,0|0|1|0|0|0|0,0|0|1|0|0|0|0
262,262,6,1,1,0,0,0,0,0,0.0166666675,,19,0,19,0,,0,,0|0|1|0|0|0|0,0|0|1|0|0|0|0
263,263,6,1,1,0,0,0,0,0,0.0166666675,,19,0,19,0,,0,,0|0|1|0|0|0|0,0|0|1|0|0|0|0
264,264,6,1,1,0,0,0,0,0,0.0166666675,,19,0,19,0,,0,,0|0|1|0|0|0|0,0|0|1|0|0|0|0
265,265,6,1,1,0,0,0,0,0,0.0166666675,,19,0,19,0,,0,,0|0|1|0|0|0|0,0|0|1|0|0|0|0
266,266,6,1,1,0,0,0,0,0,0.0166666675,,19,0,19,0,,0,,0|0|1|0|0|0|0,0|0|1|0|0|0|0
267,267,6,1,1,0,0,0,0,0,0.0166666675,,19,0,19,0,,0,,0|0|1|0|0|0|0,0|0|1|0|0|0|0
268,268,6,1,1,0,0,0,0,0,0.0166666675,,19,0,19,0,,0,,0|0|1|0|0|0|0,0|0|1|0|0|0|0
269,269,6,1,1,0,0,0,0,0,0.0166666675,,19,0,19,0,,0,,0|0|1|0|0|0|0,0|0|1|0|0|0|0
270,270,6,1,1,0,0,0,0,0,0.0166666675,,19,0,19,0,,0,,0|0|1|0|0|0|0,0|0|1|0|0|0|0
271,271,6,1,1,0,0,0,0,0,0.0166666675,,19,0,19,0,,0,,0|0|1|0|0|0|0,0|0|1|0|0|0|0
272,272,6,1,1,0,0,0,0,0,0.0166666675,,19,0,19,0,,0,,0|0|1|0|0|0|0,0|0|1|0|0|0|0
273,273,6,1,1,0,0,0,0,0,0.0166666675,,19,0,19,0,,0,,0|0|1|0|0|0|0,0|0|1|0|0|0|0
274,274,6,1,1,0,0,0,0,0,0.0166666675,,19,0,19,0,,0,,0|0|1|0|0|0|0,0|0|1|0|0|0|0
275,275,6,1,1,0,0,0,0,0,0.0166666675,,19,0,19,0,,0,,0|0|1|0|0|0|0,0|0|1|0|0|0|0
276,276,6,1,1,0,0,0,0,0,0.0166666675,,19,0,19,0,,0,,0|0|1|0|0|0|0,0|0|1|0|0|0|0
277,277,6,1,1,0,0,0,0,0,0.0166666675,,19,0,19,0,,0,,0|0|1|0|0|0|0,0|0|1|0|0|0|0
278,278,6,1,1,0,0,0,0,0,0.0166666675,,19,0,19,0,,0,,0|0|1|0|0|0|0,0|0|1|0|0|0|0
279,279,6,1,1,0,0,0,0,0,0.0166666675,,19,0,19,0,,0,,0|0|1|0|0|0|0,0|0|1|0|0|0|0
280,280,6,1,1,0,0,0,0,0,0.0166666675,,19,0,19,0,,0,,0|0|1|0|0|0|0,0|0|1|0|0|0|0
281,281,6,1,1,0,0,0,0,0,0.0166666675,,19,0,19,0,,0,,0|0|1|0|0|0|0,0|0|1|0|0|0|0
282,282,6,1,1,0,0,0,0,0,0.0166666675,,19,0,19,0,,0,,0|0|1|0|0|0|0,0|0|1|0|0|0|0
283,283,6,1,1,0,0,0,0,0,0.0166666675,,19,0,19,0,,0,,0|0|1|0|0|0|0,0|0|1|0|0|0|0
284,284,6,1,1,0,0,0,0,0,0.0166666675,,19,0,19,0,,0,,0|0|1|0|0|0|0,0|0|1|0|0|0|0
285,285,6,1,1,0,0,0,0,0,0.0166666675,,19,0,19,0,,0,,0|0|1|0|0|0|0,0|0|1|0|0|0|0
286,286,6,1,1,0,0,0,0,0,0.0166666675,,19,0,19,0,,0,,0|0|1|0|0|0|0,0|0|1|0|0|0|0
287,287,6,1,1,0,0,0,0,0,0.0166666675,,19,0,19,0,,0,,0|0|1|0|0|0|0,0|0|1|0|0|0|0
288,288,6,1,1,0,0,0,0,0,0.0166666675,,19,0,19,0,,0,,0|0|1|0|0|0|0,0|0|1|0|0|0|0
289,289,6,1,1,0,0,0,0,0,0.0166666675,,19,0,19,0,,0,,0|0|1|0|0|0|0,0|0|1|0|0|0|0
290,290,6,1,1,0,0,0,0,0,0.0166666675,,19,0,19,0,,0,,0|0|1|0|0|0|0,0|0|1|0|0|0|0
291,291,6,1,1,0,0,0,0,0,0.0166666675,,19,0,19,0,,0,,0|0|1|0|0|0|0,0|0|1|0|0|0|0
292,292,6,1,1,0,0,0,0,0,0.0166666675,,19,0,19,0,,0,,0|0|1|0|0|0|0,0|0|1|0|0|0|0
293,293,6,1,1,0,0,0,0,0,0.0166666675,,19,0,19,0,,0,,0|0|1|0|0|0|0,0|0|1|0|0|0|0
294,294,6,1,1,0,0,0,0,0,0.0166666675,,19,0,19,0,,0,,0|0|1|0|0|0|0,0|0|1|0|0|0|0
295,295,6,1,1,0,0,0,0,0,0.0166666675,,19,0,19,0,,0,,0|0|1|0|0|0|0,0|0|1|0|0|0|0
296,296,6,1,1,0,0,0,0,0,0.0166666675,,19,0,19,0,,0,,0|0|1|0|0|0|0,0|0|1|0|0|0|0
297,297,6,1,1,0,0,0,0,0,0.0166666675,,19,0,19,0,,0,,0|0|1|0|0|0|0,0|0|1|0|0|0|0
298,298,6,1,1,0,0,0,0,0,0.0166666675,,19,0,19,0,,0,,0|0|1|0|0|0|0,0|0|1|0|0|0|0
299,299,6,1,1,0,0,0,0,0,0.0166666675,,19,0,19,0,,0,,0|0|1|0|0|0|0,0|0|1|0|0|0|0
300,300,6,1,1,0,0,0,0,0,0.0166666675,,19,0,19,0,,0,,0|0|1|0|0|0|0,0|0|1|0|0|0|0
301,301,6,1,1,0,0,0,0,0,0.0166666675,,19,0,19,0,,0,,0|0|1|0|0|0|0,0|0|1|0|0|0|0
302,302,6,1,1,0,0,0,0,0,0.0166666675,,19,0,19,0,,0,,0|0|1|0|0|0|0,0|0|1|0|0|0|0
303,303,6,1,1,0,0,0,0,0,0.0166666675,,19,0,19,0,,0,,0|0|1|0|0|0|0,0|0|1|0|0|0|0
304,304,6,1,1,0,0,0,0,0,0.0166666675,,19,0,19,0,,0,,0|0|1|0|0|0|0,0|0|1|0|0|0|0
305,305,6,1,1,0,0,0,0,0,0.0166666675,,19,0,19,0,,0,,0|0|1|0|0|0|0,0|0|1|0|0|0|0
306,306,6,1,1,0,0,0,0,0,0.0166666675,,19,0,19,0,,0,,0|0|1|0|0|0|0,0|0|1|0|0|0|0
307,307,6,1,1,0,0,0,0,0,0.0166666675,,19,0,19,0,,0,,0|0|1|0|0|0|0,0|0|1|0|0|0|0
308,308,6,1,1,0,0,0,0,0,0.0166666675,,19,0,19,0,,0,,0|0|1|0|0|0|0,0|0|1|0|0|0|0
309,309,6,1,1,0,0,0,0,0,0.0166666675,,19,0,19,0,,0,,0|0|1|0|0|0|0,0|0|1|0|0|0|0
310,310,6,1,1,0,0,0,0,0,0.0166666675,,19,0,19,0,,0,,0|0|1|0|0|0|0,0|0|1|0|0|0|0
311,311,6,1,1,0,0,0,0,0,0.0166666675,,19,0,19,0,,0,,0|0|1|0|0|0|0,0|0|1|0|0|0|0
312,312,6,1,1,0,0,0,0,0,0.0166666675,,19,0,19,0,,0,,0|0|1|0|0|0|0,0|0|1|0|0|0|0
313,313,6,1,1,0,0,0,0,0,0.0166666675,,19,0,19,0,,0,,0|0|1|0|0|0|0,0|0|1|0|0|0|0
314,314,6,1,1,0,0,0,0,0,0.0166666675,,19,0,19,0,,0,,0|0|1|0|0|0|0,0|0|1|0|0|0|0
315,315,6,1,1,0,0,0,0,0,0.0166666675,,19,0,19,0,,0,,0|0|1|0|0|0|0,0|0|1|0|0|0|0
316,316,6,1,1,0,0,0,0,0,0.0166666675,,19,0,19,0,,0,,0|0|1|0|0|0|0,0|0|1|0|0|0|0
317,317,6,1,1,0,0,0,0,0,0.0166666675,,19,0,19,0,,0,,0|0|1|0|0|0|0,0|0|1|0|0|0|0
318,318,6,1,1,0,0,0,0,0,0.0166666675,,19,0,19,0,,0,,0|0|1|0|0|0|0,0|0|1|0|0|0|0
319,319,6,1,1,0,0,0,0,0,0.0166666675,,19,0,19,0,,0,,0|0|1|0|0|0|0,0|0|1|0|0|0|0
320,320,6,1,1,0,0,0,0,0,0.0166666675,,19,0,19,0,,0,,0|0|1|0|0|0|0,0|0|1|0|0|0|0
321,321,6,1,1,0,0,0,0,0,0.0166666675,,19,0,19,0,,0,,0|0|1|0|0|0|0,0|0|1|0|0|0|0
322,322,6,1,1,0,0,0,0,0,0.0166666675,,19,0,19,0,,0,,0|0|1|0|0|0|0,0|0|1|0|0|0|0
323,323,6,1,1,0,0,0,0,0,0.0166666675,,19,0,19,0,,0,,0|0|1|0|0|0|0,0|0|1|0|0|0|0
324,324,6,1,1,0,0,0,0,0,0.0166666675,,19,0,19,0,,0,,0|0|1|0|0|0|0,0|0|1|0|0|0|0
325,325,6,1,1,0,0,0,0,0,0.0166666675,,19,0,19,0,,0,,0|0|1|0|0|0|0,0|0|1|0|0|0|0
326,326,6,1,1,0,0,0,0,0,0.0166666675,,19,0,19,0,,0,,0|0|1|0|0|0|0,0|0|1|0|0|0|0
327,327,6,1,1,0,0,0,0,0,0.0166666675,,19,0,19,0,,0,,0|0|1|0|0|0|0,0|0|1|0|0|0|0
328,328,6,1,1,0,0,0,0,0,0.0166666675,,19,0,19,0,,0,,0|0|1|0|0|0|0,0|0|1|0|0|0|0
329,329,6,1,1,0,0,0,0,0,0.0166666675,,19,0,19,0,,0,,0|0|1|0|0|0|0,0|0|1|0|0|0|0
330,330,6,1,1,0,0,0,0,0,0.0166666675,,19,0,19,0,,0,,0|0|1|0|0|0|0,0|0|1|0|0|0|0
331,331,6,1,1,0,0,0,0,0,0.0166666675,,19,0,19,0,,0,,0|0|1|0|0|0|0,0|0|1|0|0|0|0
332,332,6,1,1,0,0,0,0,0,0.0166666675,,19,0,19,0,,0,,0|0|1|0|0|0|0,0|0|1|0|0|0|0
333,333,6,1,1,0,0,0,0,0,0.0166666675,,19,0,19,0,,0,,0|0|1|0|0|0|0,0|0|1|0|0|0|0
334,334,6,1,1,0,0,0,0,0,0.0166666675,,19,0,19,0,,0,,0|0|1|0|0|0|0,0|0|1|0|0|0|0
335,335,6,1,1,0,0,0,0,0,0.0166666675,,19,0,19,0,,0,,0|0|1|0|0|0|0,0|0|1|0|0|0|0
336,336,6,1,1,0,0,0,0,0,0.0166666675,,19,0,19,0,,0,,0|0|1|0|0|0|0,0|0|1|0|0|0|0
337,337,6,1,1,0,0,0,0,0,0.0166666675,,19,0,19,0,,0,,0|0|1|0|0|0|0,0|0|1|0|0|0|0
338,338,6,1,1,0,0,0,0,0,0.0166666675,,19,0,19,0,,0,,0|0|1|0|0|0|0,0|0|1|0|0|0|0
339,339,6,1,1,0,0,0,0,0,0.0166666675,,19,0,19,0,,0,,0|0|1|0|0|0|0,0|0|1|0|0|0|0
340,340,6,1,1,0,0,0,0,0,0.0166666675,,19,0,19,0,,0,,0|0|1|0|0|0|0,0|0|1|0|0|0|0
341,341,6,1,1,0,0,0,0,0,0.0166666675,,19,0,19,0,,0,,0|0|1|0|0|0|0,0|0|1|0|0|0|0
342,342,6,1,1,0,0,0,0,0,0.0166666675,,19,0,19,0,,0,,0|0|1|0|0|0|0,0|0|1|0|0|0|0
343,343,6,1,1,0,0,0,0,0,0.0166666675,,19,0,19,0,,0,,0|0|1|0|0|0|0,0|0|1|0|0|0|0
344,344,6,1,1,0,0,0,0,0,0.0166666675,,19,0,19,0,,0,,0|0|1|0|0|0|0,0|0|1|0|0|0|0
345,345,6,1,1,0,0,0,0,0,0.0166666675,,19,0,19,0,,0,,0|0|1|0|0|0|0,0|0|1|0|0|0|0
346,346,6,1,1,0,0,0,0,0,0.0166666675,,19,0,19,0,,0,,0|0|1|0|0|0|0,0|0|1|0|0|0|0
347,347,6,1,1,0,0,0,0,0,0.0166666675,,19,0,19,0,,0,,0|0|1|0|0|0|0,0|0|1|0|0|0|0
348,348,6,1,1,0,0,0,0,0,0.0166666675,,19,0,19,0,,0,,0|0|1|0|0|0|0,0|0|1|0|0|0|0
349,349,6,1,1,0,0,0,0,0,0.0166666675,,19,0,19,0,,0,,0|0|1|0|0|0|0,0|0|1|0|0|0|0
350,350,6,1,1,0,0,0,0,0,0.0166666675,,19,0,19,0,,0,,0|0|1|0|0|0|0,0|0|1|0|0|0|0
351,351,6,1,1,0,0,0,0,0,0.0166666675,,19,0,19,0,,0,,0|0|1|0|0|0|0,0|0|1|0|0|0|0
352,352,6,1,1,0,0,0,0,0,0.0166666675,,19,0,19,0,,0,,0|0|1|0|0|0|0,0|0|1|0|0|0|0
353,353,6,1,1,0,0,0,0,0,0.0166666675,,19,0,19,0,,0,,0|0|1|0|0|0|0,0|0|1|0|0|0|0
354,354,6,1,1,0,0,0,0,0,0.0166666675,,19,0,19,0,,0,,0|0|1|0|0|0|0,0|0|1|0|0|0|0
355,355,6,1,1,0,0,0,0,0,0.0166666675,,19,0,19,0,,0,,0|0|1|0|0|0|0,0|0|1|0|0|0|0
356,356,6,1,1,0,0,0,0,0,0.0166666675,,19,0,19,0,,0,,0|0|1|0|0|0|0,0|0|1|0|0|0|0
357,357,6,1,1,0,0,0,0,0,0.0166666675,,19,0,19,0,,0,,0|0|1|0|0|0|0,0|0|1|0|0|0|0
358,358,6,1,1,0,0,0,0,0,0.0166666675,,19,0,19,0,,0,,0|0|1|0|0|0|0,0|0|1|0|0|0|0
359,359,6,1,1,0,0,0,0,0,0.0166666675,,19,0,19,0,,0,,0|0|1|0|0|0|0,0|0|1|0|0|0|0
360,360,6,1,1,0,0,0,0,0,0.0166666675,,19,0,19,0,,0,,0|0|1|0|0|0|0,0|0|1|0|0|0|0
361,361,6,1,1,0,0,0,0,0,0.0166666675,,19,0,19,0,,0,,0|0|1|0|0|0|0,0|0|1|0|0|0|0
362,362,6,1,1,0,0,0,0,0,0.0166666675,,19,0,19,0,,0,,0|0|1|0|0|0|0,0|0|1|0|0|0|0
363,363,6,1,1,0,0,0,0,0,0.0166666675,,19,0,19,0,,0,,0|0|1|0|0|0|0,0|0|1|0|0|0|0
364,364,6,1,1,0,0,0,0,0,0.0166666675,,19,0,19,0,,0,,0|0|1|0|0|0|0,0|0|1|0|0|0|0
365,365,6,1,1,0,0,0,0,0,0.0166666675,,19,0,19,0,,0,,0|0|1|0|0|0|0,0|0|1|0|0|0|0
366,366,6,1,1,0,0,0,0,0,0.0166666675,,19,0,19,0,,0,,0|0|1|0|0|0|0,0|0|1|0|0|0|0
367,367,6,1,1,0,0,0,0,0,0.0166666675,,19,0,19,0,,0,,0|0|1|0|0|0|0,0|0|1|0|0|0|0
368,368,6,1,1,0,0,0,0,0,0.0166666675,,19,0,19,0,,0,,0|0|1|0|0|0|0,0|0|1|0|0|0|0
369,369,6,1,1,0,0,0,0,0,0.0166666675,,19,0,19,0,,0,,0|0|1|0|0|0|0,0|0|1|0|0|0|0
370,370,6,1,1,0,0,0,0,0,0.0166666675,,19,0,19,0,,0,,0|0|1|0|0|0|0,0|0|1|0|0|0|0
371,371,6,1,1,0,0,0,0,0,0.0166666675,,19,0,19,0,,0,,0|0|1|0|0|0|0,0|0|1|0|0|0|0
372,372,6,1,1,0,0,0,0,0,0.0166666675,,19,0,19,0,,0,,0|0|1|0|0|0|0,0|0|1|0|0|0|0
373,373,6,1,1,0,0,0,0,0,0.0166666675,,19,0,19,0,,0,,0|0|1|0|0|0|0,0|0|1|0|0|0|0
374,374,6,1,1,0,0,0,0,0,0.0166666675,,19,0,19,0,,0,,0|0|1|0|0|0|0,0|0|1|0|0|0|0
375,375,6,1,1,0,0,0,0,0,0.0166666675,,19,0,19,0,,0,,0|0|1|0|0|0|0,0|0|1|0|0|0|0
376,376,6,1,1,0,0,0,0,0,0.0166666675,,19,0,19,0,,0,,0|0|1|0|0|0|0,0|0|1|0|0|0|0
377,377,6,1,1,0,0,0,0,0,0.0166666675,,19,0,19,0,,0,,0|0|1|0|0|0|0,0|0|1|0|0|0|0
378,378,6,1,1,0,0,0,0,0,0.0166666675,,19,0,19,0,,0,,0|0|1|0|0|0|0,0|0|1|0|0|0|0
379,379,6,1,1,0,0,0,0,0,0.0166666675,,19,0,19,0,,0,,0|0|1|0|0|0|0,0|0|1|0|0|0|0
380,380,6,1,1,0,0,0,0,0,0.0166666675,,19,0,19,0,,0,,0|0|1|0|0|0|0,0|0|1|0|0|0|0
381,381,6,1,1,0,0,0,0,0,0.0166666675,,19,0,19,0,,0,,0|0|1|0|0|0|0,0|0|1|0|0|0|0
382,382,6,1,1,0,0,0,0,0,0.0166666675,,19,0,19,0,,0,,0|0|1|0|0|0|0,0|0|1|0|0|0|0
383,383,6,1,1,0,0,0,0,0,0.0166666675,,19,0,19,0,,0,,0|0|1|0|0|0|0,0|0|1|0|0|0|0
384,384,6,1,1,0,0,0,0,0,0.0166666675,,19,0,19,0,,0,,0|0|1|0|0|0|0,0|0|1|0|0|0|0
385,385,6,1,1,0,0,0,0,0,0.0166666675,,19,0,19,0,,0,,0|0|1|0|0|0|0,0|0|1|0|0|0|0
386,386,6,1,1,0,0,0,0,0,0.0166666675,,19,0,19,0,,0,,0|0|1|0|0|0|0,0|0|1|0|0|0|0
387,387,6,1,1,0,0,0,0,0,0.0166666675,,19,0,19,0,,0,,0|0|1|0|0|0|0,0|0|1|0|0|0|0
388,388,6,1,1,0,0,0,0,0,0.0166666675,,19,0,19,0,,0,,0|0|1|0|0|0|0,0|0|1|0|0|0|0
389,389,6,1,1,0,0,0,0,0,0.0166666675,,19,0,19,0,,0,,0|0|1|0|0|0|0,0|0|1|0|0|0|0
390,390,6,1,1,0,0,0,0,0,0.0166666675,,19,0,19,0,,0,,0|0|1|0|0|0|0,0|0|1|0|0|0|0
391,391,6,1,1,0,0,0,0,0,0.0166666675,,19,0,19,0,,0,,0|0|1|0|0|0|0,0|0|1|0|0|0|0
392,392,6,1,1,0,0,0,0,0,0.0166666675,,19,0,19,0,,0,,0|0|1|0|0|0|0,0|0|1|0|0|0|0
393,393,6,1,1,0,0,0,0,0,0.0166666675,,19,0,19,0,,0,,0|0|1|0|0|0|0,0|0|1|0|0|0|0
394,394,6,1,1,0,0,0,0,0,0.0166666675,,19,0,19,0,,0,,0|0|1|0|0|0|0,0|0|1|0|0|0|0
395,395,6,1,1,0,0,0,0,0,0.0166666675,,19,0,19,0,,0,,0|0|1|0|0|0|0,0|0|1|0|0|0|0
396,396,6,1,1,0,0,0,0,0,0.0166666675,,19,0,19,0,,0,,0|0|1|0|0|0|0,0|0|1|0|0|0|0
397,397,6,1,1,0,0,0,0,0,0.0166666675,,19,0,19,0,,0,,0|0|1|0|0|0|0,0|0|1|0|0|0|0
398,398,6,1,1,0,0,0,0,0,0.0166666675,,19,0,19,0,,0,,0|0|1|0|0|0|0,0|0|1|0|0|0|0
399,399,6,1,1,0,0,0,0,0,0.0166666675,,19,0,19,0,,0,,0|0|1|0|0|0|0,0|0|1|0|0|0|0
400,400,6,1,1,0,0,0,0,0,0.0166666675,,19,0,19,0,,0,,0|0|1|0|0|0|0,0|0|1|0|0|0|0
401,401,6,1,1,0,0,0,0,0,0.0166666675,,19,0,19,0,,0,,0|0|1|0|0|0|0,0|0|1|0|0|0|0
402,402,6,1,1,0,0,0,0,0,0.0166666675,,19,0,19,0,,0,,0|0|1|0|0|0|0,0|0|1|0|0|0|0
403,403,6,1,1,0,0,0,0,0,0.0166666675,,19,0,19,0,,0,,0|0|1|0|0|0|0,0|0|1|0|0|0|0
404,404,6,1,1,0,0,0,0,0,0.0166666675,,19,0,19,0,,0,,0|0|1|0|0|0|0,0|0|1|0|0|0|0
405,405,6,1,1,0,0,0,0,0,0.0166666675,,19,0,19,0,,0,,0|0|1|0|0|0|0,0|0|1|0|0|0|0
406,406,6,1,1,0,0,0,0,0,0.0166666675,,19,0,19,0,,0,,0|0|1|0|0|0|0,0|0|1|0|0|0|0
407,407,6,1,1,0,0,0,0,0,0.0166666675,,19,0,19,0,,0,,0|0|1|0|0|0|0,0|0|1|0|0|0|0
408,408,6,1,1,0,0,0,0,0,0.0166666675,,19,0,19,0,,0,,0|0|1|0|0|0|0,0|0|1|0|0|0|0
409,409,6,1,1,0,0,0,0,0,0.0166666675,,19,0,19,0,,0,,0|0|1|0|0|0|0,0|0|1|0|0|0|0
410,410,6,1,1,0,0,0,0,0,0.0166666675,,19,0,19,0,,0,,0|0|1|0|0|0|0,0|0|1|0|0|0|0
411,411,6,1,1,0,0,0,0,0,0.0166666675,,19,0,19,0,,0,,0|0|1|0|0|0|0,0|0|1|0|0|0|0
412,412,6,1,1,0,0,0,0,0,0.0166666675,,19,0,19,0,,0,,0|0|1|0|0|0|0,0|0|1|0|0|0|0
413,413,6,1,1,0,0,0,0,0,0.0166666675,,19,0,19,0,,0,,0|0|1|0|0|0|0,0|0|1|0|0|0|0
414,414,6,1,1,0,0,0,0,0,0.0166666675,,19,0,19,0,,0,,0|0|1|0|0|0|0,0|0|1|0|0|0|0
415,415,6,1,1,0,0,0,0,0,0.0166666675,,19,0,19,0,,0,,0|0|1|0|0|0|0,0|0|1|0|0|0|0
416,416,6,1,1,0,0,0,0,0,0.0166666675,,19,0,19,0,,0,,0|0|1|0|0|0|0,0|0|1|0|0|0|0
417,417,6,1,1,0,0,0,0,0,0.0166666675,,19,0,19,0,,0,,0|0|1|0|0|0|0,0|0|1|0|0|0|0
418,418,6,1,1,0,0,0,0,0,0.0166666675,,19,0,19,0,,0,,0|0|1|0|0|0|0,0|0|1|0|0|0|0
419,419,6,1,1,0,0,0,0,0,0.0166666675,,19,0,19,0,,0,,0|0|1|0|0|0|0,0|0|1|0|0|0|0
420,420,6,1,1,0,0,0,0,0,0.0166666675,,19,0,19,0,,0,,0|0|1|0|0|0|0,0|0|1|0|0|0|0
421,421,6,1,1,0,0,0,0,0,0.0166666675,,19,0,19,0,,0,,0|0|1|0|0|0|0,0|0|1|0|0|0|0
422,422,6,1,1,0,0,0,0,0,0.0166666675,,19,0,19,0,,0,,0|0|1|0|0|0|0,0|0|1|0|0|0|0
423,423,6,1,1,0,0,0,0,0,0.0166666675,,19,0,19,0,,0,,0|0|1|0|0|0|0,0|0|1|0|0|0|0
424,424,6,1,1,0,0,0,0,0,0.0166666675,,19,0,19,0,,0,,0|0|1|0|0|0|0,0|0|1|0|0|0|0
425,425,6,1,1,0,0,0,0,0,0.0166666675,,19,0,19,0,,0,,0|0|1|0|0|0|0,0|0|1|0|0|0|0
426,426,6,1,1,0,0,0,0,0,0.0166666675,,19,0,19,0,,0,,0|0|1|0|0|0|0,0|0|1|0|0|0|0
427,427,6,1,1,0,0,0,0,0,0.0166666675,,19,0,19,0,,0,,0|0|1|0|0|0|0,0|0|1|0|0|0|0
428,428,6,1,1,0,0,0,0,0,0.0166666675,,19,0,19,0,,0,,0|0|1|0|0|0|0,0|0|1|0|0|0|0
429,429,6,1,1,0,0,0,0,0,0.0166666675,,19,0,19,0,,0,,0|0|1|0|0|0|0,0|0|1|0|0|0|0
430,430,6,1,1,0,0,0,0,0,0.0166666675,,19,0,19,0,,0,,0|0|1|0|0|0|0,0|0|1|0|0|0|0
431,431,6,1,1,0,0,0,0,0,0.0166666675,,19,0,19,0,,0,,0|0|1|0|0|0|0,0|0|1|0|0|0|0
432,432,6,1,1,0,0,0,0,0,0.0166666675,,19,0,19,0,,0,,0|0|1|0|0|0|0,0|0|1|0|0|0|0
433,433,6,1,1,0,0,0,0,0,0.0166666675,,19,0,19,0,,0,,0|0|1|0|0|0|0,0|0|1|0|0|0|0
434,434,6,1,1,0,0,0,0,0,0.0166666675,,19,0,19,0,,0,,0|0|1|0|0|0|0,0|0|1|0|0|0|0
435,435,6,1,1,0,0,0,0,0,0.0166666675,,19,0,19,0,,0,,0|0|1|0|0|0|0,0|0|1|0|0|0|0
436,436,6,1,1,0,0,0,0,0,0.0166666675,,19,0,19,0,,0,,0|0|1|0|0|0|0,0|0|1|0|0|0|0
437,437,6,1,1,0,0,0,0,0,0.0166666675,,19,0,19,0,,0,,0|0|1|0|0|0|0,0|0|1|0|0|0|0
438,438,6,1,1,0,0,0,0,0,0.0166666675,,19,0,19,0,,0,,0|0|1|0|0|0|0,0|0|1|0|0|0|0
439,439,6,1,1,0,0,0,0,0,0.0166666675,,19,0,19,0,,0,,0|0|1|0|0|0|0,0|0|1|0|0|0|0
440,440,6,1,1,0,0,0,0,0,0.0166666675,,19,0,19,0,,0,,0|0|1|0|0|0|0,0|0|1|0|0|0|0
441,441,6,1,1,255,0,0,0,0,0.0166666675,,19,0,19,0,2,0,,0|0|1|0|0|0|0,0|0|0.899999976|0|0|0|0
442,442,6,1,1,255,255,0,0,0,0.0166666675,,19,0,19,0,3,0,,0|0|0.899999976|0|0|0|0,0|0|0.899999976|0|0|0|0
443,443,6,1,1,255,255,0,0,0,0.0166666675,,19,0,19,0,3,0,,0|0|0.899999976|0|0|0|0,0|0|0.899999976|0|0|0|0
444,444,6,1,1,255,255,0,0,0,0.0166666675,,19,0,19,0,3,0,,0|0|0.899999976|0|0|0|0,0|0|0.899999976|0|0|0|0
445,445,6,1,1,255,255,0,0,0,0.0166666675,,19,0,19,0,3,0,,0|0|0.899999976|0|0|0|0,0|0|0.899999976|0|0|0|0
446,446,6,1,1,255,255,0,0,0,0.0166666675,,19,0,19,0,3,0,,0|0|0.899999976|0|0|0|0,0|0|0.899999976|0|0|0|0
447,447,6,1,1,255,255,0,0,0,0.0166666675,,19,0,19,0,3,0,,0|0|0.899999976|0|0|0|0,0|0|0.899999976|0|0|0|0
448,448,6,1,1,255,255,0,0,0,0.0166666675,,19,0,19,0,3,0,,0|0|0.899999976|0|0|0|0,0|0|0.899999976|0|0|0|0
449,449,6,1,1,255,255,0,0,0,0.0166666675,,19,0,19,0,3,0,,0|0|0.899999976|0|0|0|0,0|0|0.899999976|0|0|0|0
450,450,6,1,1,255,255,0,0,0,0.0166666675,,19,0,19,0,3,0,,0|0|0.899999976|0|0|0|0,0|0|0.899999976|0|0|0|0
451,451,6,1,1,255,255,0,0,0,0.0166666675,,19,0,19,0,3,0,,0|0|0.899999976|0|0|0|0,0|0|0.899999976|0|0|0|0
452,452,6,1,1,255,255,0,0,0,0.0166666675,,19,0,19,0,3,0,,0|0|0.899999976|0|0|0|0,0|0|0.899999976|0|0|0|0
453,453,6,1,1,255,255,0,0,0,0.0166666675,,19,0,19,0,3,0,,0|0|0.899999976|0|0|0|0,0|0|0.899999976|0|0|0|0
454,454,6,1,1,255,255,0,0,0,0.0166666675,,19,0,19,0,3,0,,0|0|0.899999976|0|0|0|0,0|0|0.899999976|0|0|0|0
455,455,6,1,1,255,255,0,0,0,0.0166666675,,19,0,19,0,3,0,,0|0|0.899999976|0|0|0|0,0|0|0.899999976|0|0|0|0
456,456,6,1,1,255,255,0,0,0,0.0166666675,,19,0,19,0,3,0,,0|0|0.899999976|0|0|0|0,0|0|0.899999976|0|0|0|0
457,457,6,1,1,255,255,0,0,0,0.0166666675,,19,0,19,0,3,0,,0|0|0.899999976|0|0|0|0,0|0|0.899999976|0|0|0|0
458,458,6,1,1,255,255,0,0,0,0.0166666675,,19,0,19,0,3,0,,0|0|0.899999976|0|0|0|0,0|0|0.899999976|0|0|0|0
459,459,6,1,1,255,255,0,0,0,0.0166666675,,19,0,19,0,3,0,,0|0|0.899999976|0|0|0|0,0|0|0.899999976|0|0|0|0
460,460,6,1,1,255,255,0,0,0,0.0166666675,,19,0,19,0,3,0,,0|0|0.899999976|0|0|0|0,0|0|0.899999976|0|0|0|0
461,461,6,1,1,255,255,0,0,0,0.0166666675,,19,0,19,0,3,0,,0|0|0.899999976|0|0|0|0,0|0|0.899999976|0|0|0|0
462,462,6,1,1,255,255,0,0,0,0.0166666675,,19,0,19,0,3,0,,0|0|0.899999976|0|0|0|0,0|0|0.899999976|0|0|0|0
463,463,6,1,1,255,255,0,0,0,0.0166666675,,19,0,19,0,3,0,,0|0|0.899999976|0|0|0|0,0|0|0.899999976|0|0|0|0
464,464,6,1,1,255,255,0,0,0,0.0166666675,,19,0,19,0,3,0,,0|0|0.899999976|0|0|0|0,0|0|0.899999976|0|0|0|0
465,465,6,1,1,255,255,0,0,0,0.0166666675,,19,0,19,0,3,0,,0|0|0.899999976|0|0|0|0,0|0|0.899999976|0|0|0|0
466,466,6,1,1,255,255,0,0,0,0.0166666675,,19,0,19,0,3,0,,0|0|0.899999976|0|0|0|0,0|0|0.899999976|0|0|0|0
467,467,6,1,1,255,255,0,0,0,0.0166666675,,19,0,19,0,3,0,,0|0|0.899999976|0|0|0|0,0|0|0.899999976|0|0|0|0
468,468,6,1,1,255,255,0,0,0,0.0166666675,,19,0,19,0,3,0,,0|0|0.899999976|0|0|0|0,0|0|0.899999976|0|0|0|0
469,469,6,1,1,255,255,0,0,0,0.0166666675,,19,0,19,0,3,0,,0|0|0.899999976|0|0|0|0,0|0|0.899999976|0|0|0|0
470,470,6,1,1,255,255,0,0,0,0.0166666675,,19,0,19,0,3,0,,0|0|0.899999976|0|0|0|0,0|0|0.899999976|0|0|0|0
471,471,6,1,1,255,255,0,0,0,0.0166666675,,19,0,19,0,3,0,,0|0|0.899999976|0|0|0|0,0|0|0.899999976|0|0|0|0
472,472,6,1,1,255,255,0,0,0,0.0166666675,,19,0,19,0,3,0,,0|0|0.899999976|0|0|0|0,0|0|0.899999976|0|0|0|0
473,473,6,1,1,255,255,0,0,0,0.0166666675,,19,0,19,0,3,0,,0|0|0.899999976|0|0|0|0,0|0|0.899999976|0|0|0|0
474,474,6,1,1,255,255,0,0,0,0.0166666675,,19,0,19,0,3,0,,0|0|0.899999976|0|0|0|0,0|0|0.899999976|0|0|0|0
475,475,6,1,1,255,255,0,0,0,0.0166666675,,19,0,19,0,3,0,,0|0|0.899999976|0|0|0|0,0|0|0.899999976|0|0|0|0
476,476,6,1,1,255,255,0,0,0,0.0166666675,,19,0,19,0,3,0,,0|0|0.899999976|0|0|0|0,0|0|0.899999976|0|0|0|0
477,477,6,1,1,255,255,0,0,0,0.0166666675,,19,0,19,0,3,0,,0|0|0.899999976|0|0|0|0,0|0|0.899999976|0|0|0|0
478,478,6,1,1,255,255,0,0,0,0.0166666675,,19,0,19,0,3,0,,0|0|0.899999976|0|0|0|0,0|0|0.899999976|0|0|0|0
479,479,6,1,1,255,255,0,0,0,0.0166666675,,19,0,19,0,3,0,,0|0|0.899999976|0|0|0|0,0|0|0.899999976|0|0|0|0
480,480,6,1,1,255,255,0,0,0,0.0166666675,,19,0,19,0,3,0,,0|0|0.899999976|0|0|0|0,0|0|0.899999976|0|0|0|0
481,481,6,1,1,255,255,0,0,0,0.0166666675,,19,0,19,0,3,0,,0|0|0.899999976|0|0|0|0,0|0|0.899999976|0|0|0|0
482,482,6,1,1,255,255,0,0,0,0.0166666675,,19,0,19,0,3,0,,0|0|0.899999976|0|0|0|0,0|0|0.899999976|0|0|0|0
483,483,6,1,1,255,255,0,0,0,0.0166666675,,19,0,19,0,3,0,,0|0|0.899999976|0|0|0|0,0|0|0.899999976|0|0|0|0
484,484,6,1,1,255,255,0,0,0,0.0166666675,,19,0,19,0,3,0,,0|0|0.899999976|0|0|0|0,0|0|0.899999976|0|0|0|0
485,485,6,1,1,255,255,0,0,0,0.0166666675,,19,0,19,0,3,0,,0|0|0.899999976|0|0|0|0,0|0|0.899999976|0|0|0|0
486,486,6,1,1,255,255,0,0,0,0.0166666675,,19,0,19,0,3,0,,0|0|0.899999976|0|0|0|0,0|0|0.899999976|0|0|0|0
487,487,6,1,1,255,255,0,0,0,0.0166666675,,19,0,19,0,3,0,,0|0|0.899999976|0|0|0|0,0|0|0.899999976|0|0|0|0
488,488,6,1,1,255,255,0,0,0,0.0166666675,,19,0,19,0,3,0,,0|0|0.899999976|0|0|0|0,0|0|0.899999976|0|0|0|0
489,489,6,1,1,255,255,0,0,0,0.0166666675,,19,0,19,0,3,0,,0|0|0.899999976|0|0|0|0,0|0|0.899999976|0|0|0|0
490,490,6,1,1,255,255,0,0,0,0.0166666675,,19,0,19,0,3,0,,0|0|0.899999976|0|0|0|0,0|0|0.899999976|0|0|0|0
491,491,6,1,1,255,255,0,0,0,0.0166666675,,19,0,19,0,3,0,,0|0|0.899999976|0|0|0|0,0|0|0.899999976|0|0|0|0
492,492,6,1,1,255,255,0,0,0,0.0166666675,,19,0,19,0,3,0,,0|0|0.899999976|0|0|0|0,0|0|0.899999976|0|0|0|0
493,493,6,1,1,255,255,0,0,0,0.0166666675,,19,0,19,0,3,0,,0|0|0.899999976|0|0|0|0,0|0|0.899999976|0|0|0|0
494,494,6,1,1,255,255,0,0,0,0.0166666675,,19,0,19,0,3,0,,0|0|0.899999976|0|0|0|0,0|0|0.899999976|0|0|0|0
495,495,6,1,1,255,255,0,0,0,0.0166666675,,19,0,19,0,3,0,,0|0|0.899999976|0|0|0|0,0|0|0.899999976|0|0|0|0
496,496,6,1,1,255,255,0,0,0,0.0166666675,,19,0,19,0,3,0,,0|0|0.899999976|0|0|0|0,0|0|0.899999976|0|0|0|0
497,497,6,1,1,255,255,0,0,0,0.0166666675,,19,0,19,0,3,0,,0|0|0.899999976|0|0|0|0,0|0|0.899999976|0|0|0|0
498,498,6,1,1,255,255,0,0,0,0.0166666675,,19,0,19,0,3,0,,0|0|0.899999976|0|0|0|0,0|0|0.899999976|0|0|0|0
499,499,6,1,1,255,255,0,0,0,0.0166666675,,19,0,19,0,3,0,,0|0|0.899999976|0|0|0|0,0|0|0.899999976|0|0|0|0
500,500,6,1,1,255,255,0,0,0,0.0166666675,,19,0,19,0,3,0,,0|0|0.899999976|0|0|0|0,0|0|0.899999976|0|0|0|0
501,501,6,1,1,255,255,0,0,0,0.0166666675,,19,0,19,0,3,0,,0|0|0.899999976|0|0|0|0,0|0|0.899999976|0|0|0|0
502,502,6,1,1,255,255,0,0,0,0.0166666675,,19,0,19,0,3,0,,0|0|0.899999976|0|0|0|0,0|0|0.899999976|0|0|0|0
503,503,6,1,1,255,255,0,0,0,0.0166666675,,19,0,19,0,3,0,,0|0|0.899999976|0|0|0|0,0|0|0.899999976|0|0|0|0
504,504,6,1,1,255,255,0,0,0,0.0166666675,,19,0,19,0,3,0,,0|0|0.899999976|0|0|0|0,0|0|0.899999976|0|0|0|0
505,505,6,1,1,255,255,0,0,0,0.0166666675,,19,0,19,0,3,0,,0|0|0.899999976|0|0|0|0,0|0|0.899999976|0|0|0|0
506,506,6,1,1,255,255,0,0,0,0.0166666675,,19,0,19,0,3,0,,0|0|0.899999976|0|0|0|0,0|0|0.899999976|0|0|0|0
507,507,6,1,1,255,255,0,0,0,0.0166666675,,19,0,19,0,3,0,,0|0|0.899999976|0|0|0|0,0|0|0.899999976|0|0|0|0
508,508,6,1,1,255,255,0,0,0,0.0166666675,,19,0,19,0,3,0,,0|0|0.899999976|0|0|0|0,0|0|0.899999976|0|0|0|0
509,509,6,1,1,255,255,0,0,0,0.0166666675,,19,0,19,0,3,0,,0|0|0.899999976|0|0|0|0,0|0|0.899999976|0|0|0|0
510,510,6,1,1,255,255,0,0,0,0.0166666675,,19,0,19,0,3,0,,0|0|0.899999976|0|0|0|0,0|0|0.899999976|0|0|0|0
511,511,6,1,1,255,255,0,0,0,0.0166666675,,19,0,19,0,3,0,,0|0|0.899999976|0|0|0|0,0|0|0.899999976|0|0|0|0
512,512,6,1,1,255,255,0,0,0,0.0166666675,,19,0,19,0,3,0,,0|0|0.899999976|0|0|0|0,0|0|0.899999976|0|0|0|0
513,513,6,1,1,255,255,0,0,0,0.0166666675,,19,0,19,0,3,0,,0|0|0.899999976|0|0|0|0,0|0|0.899999976|0|0|0|0
514,514,6,1,1,255,255,0,0,0,0.0166666675,,19,0,19,0,3,0,,0|0|0.899999976|0|0|0|0,0|0|0.899999976|0|0|0|0
515,515,6,1,1,255,255,0,0,0,0.0166666675,,19,0,19,0,3,0,,0|0|0.899999976|0|0|0|0,0|0|0.899999976|0|0|0|0
516,516,6,1,1,255,255,0,0,0,0.0166666675,,19,0,19,0,3,0,,0|0|0.899999976|0|0|0|0,0|0|0.899999976|0|0|0|0
517,517,6,1,1,255,255,0,0,0,0.0166666675,,19,0,19,0,3,0,,0|0|0.899999976|0|0|0|0,0|0|0.899999976|0|0|0|0
518,518,6,1,1,255,255,0,0,0,0.0166666675,,19,0,19,0,3,0,,0|0|0.899999976|0|0|0|0,0|0|0.899999976|0|0|0|0
519,519,6,1,1,255,255,0,0,0,0.0166666675,,19,0,19,0,3,0,,0|0|0.899999976|0|0|0|0,0|0|0.899999976|0|0|0|0
520,520,6,1,1,255,255,0,0,0,0.0166666675,,19,0,19,0,3,0,,0|0|0.899999976|0|0|0|0,0|0|0.899999976|0|0|0|0
521,521,6,1,1,255,255,0,0,0,0.0166666675,,19,0,19,0,3,0,,0|0|0.899999976|0|0|0|0,0|0|0.899999976|0|0|0|0
522,522,6,1,1,255,255,0,0,0,0.0166666675,,19,0,19,0,3,0,,0|0|0.899999976|0|0|0|0,0|0|0.899999976|0|0|0|0
523,523,6,1,1,255,255,0,0,0,0.0166666675,,19,0,19,0,3,0,,0|0|0.899999976|0|0|0|0,0|0|0.899999976|0|0|0|0
524,524,6,1,1,255,255,0,0,0,0.0166666675,,19,0,19,0,3,0,,0|0|0.899999976|0|0|0|0,0|0|0.899999976|0|0|0|0
525,525,6,1,1,255,255,0,0,0,0.0166666675,,19,0,19,0,3,0,,0|0|0.899999976|0|0|0|0,0|0|0.899999976|0|0|0|0
526,526,6,1,1,255,255,0,0,0,0.0166666675,,19,0,19,0,3,0,,0|0|0.899999976|0|0|0|0,0|0|0.899999976|0|0|0|0
527,527,6,1,1,255,255,0,0,0,0.0166666675,,19,0,19,0,3,0,,0|0|0.899999976|0|0|0|0,0|0|0.899999976|0|0|0|0
528,528,6,1,1,255,255,0,0,0,0.0166666675,,19,0,19,0,3,0,,0|0|0.899999976|0|0|0|0,0|0|0.899999976|0|0|0|0
529,529,6,1,1,255,255,0,0,0,0.0166666675,,19,0,19,0,3,0,,0|0|0.899999976|0|0|0|0,0|0|0.899999976|0|0|0|0
530,530,6,1,1,255,255,0,0,0,0.0166666675,,19,0,19,0,3,0,,0|0|0.899999976|0|0|0|0,0|0|0.899999976|0|0|0|0
531,531,6,1,1,255,255,0,0,0,0.0166666675,,19,0,19,0,3,0,,0|0|0.899999976|0|0|0|0,0|0|0.899999976|0|0|0|0
532,532,6,1,1,255,255,0,0,0,0.0166666675,,19,0,19,0,3,0,,0|0|0.899999976|0|0|0|0,0|0|0.899999976|0|0|0|0
533,533,6,1,1,255,255,0,0,0,0.0166666675,,19,0,19,0,3,0,,0|0|0.899999976|0|0|0|0,0|0|0.899999976|0|0|0|0
534,534,6,1,1,255,255,0,0,0,0.0166666675,,19,0,19,0,3,0,,0|0|0.899999976|0|0|0|0,0|0|0.899999976|0|0|0|0
535,535,6,1,1,255,255,0,0,0,0.0166666675,,19,0,19,0,3,0,,0|0|0.899999976|0|0|0|0,0|0|0.899999976|0|0|0|0
536,536,6,1,1,255,255,0,0,0,0.0166666675,,19,0,19,0,3,0,,0|0|0.899999976|0|0|0|0,0|0|0.899999976|0|0|0|0
537,537,6,1,1,255,255,0,0,0,0.0166666675,,19,0,19,0,3,0,,0|0|0.899999976|0|0|0|0,0|0|0.899999976|0|0|0|0
538,538,6,1,1,255,255,0,0,0,0.0166666675,,19,0,19,0,3,0,,0|0|0.899999976|0|0|0|0,0|0|0.899999976|0|0|0|0
539,539,6,1,1,255,255,0,0,0,0.0166666675,,19,0,19,0,3,0,,0|0|0.899999976|0|0|0|0,0|0|0.899999976|0|0|0|0
540,540,6,1,1,255,255,0,0,0,0.0166666675,,19,0,19,0,3,0,,0|0|0.899999976|0|0|0|0,0|0|0.899999976|0|0|0|0
541,541,6,1,1,255,255,0,0,0,0.0166666675,,19,0,19,0,3,0,,0|0|0.899999976|0|0|0|0,0|0|0.899999976|0|0|0|0
542,542,6,1,1,255,255,0,0,0,0.0166666675,,19,0,19,0,3,0,,0|0|0.899999976|0|0|0|0,0|0|0.899999976|0|0|0|0
543,543,6,1,1,255,255,0,0,0,0.0166666675,,19,0,19,0,3,0,,0|0|0.899999976|0|0|0|0,0|0|0.899999976|0|0|0|0
544,544,6,1,1,255,255,0,0,0,0.0166666675,,19,0,19,0,3,0,,0|0|0.899999976|0|0|0|0,0|0|0.899999976|0|0|0|0
545,545,6,1,1,255,255,0,0,0,0.0166666675,,19,0,19,0,3,0,,0|0|0.899999976|0|0|0|0,0|0|0.899999976|0|0|0|0
546,546,6,1,1,255,255,0,0,0,0.0166666675,,19,0,19,0,3,0,,0|0|0.899999976|0|0|0|0,0|0|0.899999976|0|0|0|0
547,547,6,1,1,255,255,0,0,0,0.0166666675,,19,0,19,0,3,0,,0|0|0.899999976|0|0|0|0,0|0|0.899999976|0|0|0|0
548,548,6,1,1,255,255,0,0,0,0.0166666675,,19,0,19,0,3,0,,0|0|0.899999976|0|0|0|0,0|0|0.899999976|0|0|0|0
549,549,6,1,1,255,255,0,0,0,0.0166666675,,19,0,19,0,3,0,,0|0|0.899999976|0|0|0|0,0|0|0.899999976|0|0|0|0
550,550,6,1,1,255,255,0,0,0,0.0166666675,,19,0,19,0,3,0,,0|0|0.899999976|0|0|0|0,0|0|0.899999976|0|0|0|0
551,551,6,1,1,255,255,0,0,0,0.0166666675,,19,0,19,0,3,0,,0|0|0.899999976|0|0|0|0,0|0|0.899999976|0|0|0|0
552,552,6,1,1,255,255,0,0,0,0.0166666675,,19,0,19,0,3,0,,0|0|0.899999976|0|0|0|0,0|0|0.899999976|0|0|0|0
553,553,6,1,1,255,255,0,0,0,0.0166666675,,19,0,19,0,3,0,,0|0|0.899999976|0|0|0|0,0|0|0.899999976|0|0|0|0
554,554,6,1,1,255,255,0,0,0,0.0166666675,,19,0,19,0,3,0,,0|0|0.899999976|0|0|0|0,0|0|0.899999976|0|0|0|0
555,555,6,1,1,255,255,0,0,0,0.0166666675,,19,0,19,0,3,0,,0|0|0.899999976|0|0|0|0,0|0|0.899999976|0|0|0|0
556,556,6,1,1,255,255,0,0,0,0.0166666675,,19,0,19,0,3,0,,0|0|0.899999976|0|0|0|0,0|0|0.899999976|0|0|0|0
557,557,6,1,1,255,255,0,0,0,0.0166666675,,19,0,19,0,3,0,,0|0|0.899999976|0|0|0|0,0|0|0.899999976|0|0|0|0
558,558,6,1,1,255,255,0,0,0,0.0166666675,,19,0,19,0,3,0,,0|0|0.899999976|0|0|0|0,0|0|0.899999976|0|0|0|0
559,559,6,1,1,255,255,0,0,0,0.0166666675,,19,0,19,0,3,0,,0|0|0.899999976|0|0|0|0,0|0|0.899999976|0|0|0|0
560,560,6,1,1,255,255,0,0,0,0.0166666675,,19,0,19,0,3,0,,0|0|0.899999976|0|0|0|0,0|0|0.899999976|0|0|0|0
561,561,6,1,1,255,255,0,0,0,0.0166666675,,19,0,19,0,3,0,,0|0|0.899999976|0|0|0|0,0|0|0.899999976|0|0|0|0
562,562,6,1,1,255,255,0,0,0,0.0166666675,,19,0,19,0,3,0,,0|0|0.899999976|0|0|0|0,0|0|0.899999976|0|0|0|0
563,563,6,1,1,255,255,0,0,0,0.0166666675,,19,0,19,0,3,0,,0|0|0.899999976|0|0|0|0,0|0|0.899999976|0|0|0|0
564,564,6,1,1,255,255,0,0,0,0.0166666675,,19,0,19,0,3,0,,0|0|0.899999976|0|0|0|0,0|0|0.899999976|0|0|0|0
565,565,6,1,1,255,255,0,0,0,0.0166666675,,19,0,19,0,3,0,,0|0|0.899999976|0|0|0|0,0|0|0.899999976|0|0|0|0
566,566,6,1,1,255,255,0,0,0,0.0166666675,,19,0,19,0,3,0,,0|0|0.899999976|0|0|0|0,0|0|0.899999976|0|0|0|0
567,567,6,1,1,255,255,0,0,0,0.0166666675,,19,0,19,0,3,0,,0|0|0.899999976|0|0|0|0,0|0|0.899999976|0|0|0|0
568,568,6,1,1,255,255,0,0,0,0.0166666675,,19,0,19,0,3,0,,0|0|0.899999976|0|0|0|0,0|0|0.899999976|0|0|0|0
569,569,6,1,1,255,255,0,0,0,0.0166666675,,19,0,19,0,3,0,,0|0|0.899999976|0|0|0|0,0|0|0.899999976|0|0|0|0
570,570,6,1,1,255,255,0,0,0,0.0166666675,,19,0,19,0,3,0,,0|0|0.899999976|0|0|0|0,0|0|0.899999976|0|0|0|0
571,571,6,1,1,255,255,0,0,0,0.0166666675,,19,0,19,0,3,0,,0|0|0.899999976|0|0|0|0,0|0|0.899999976|0|0|0|0
572,572,6,1,1,255,255,0,0,0,0.0166666675,,19,0,19,0,3,0,,0|0|0.899999976|0|0|0|0,0|0|0.899999976|0|0|0|0
573,573,6,1,1,255,255,0,0,0,0.0166666675,,19,0,19,0,3,0,,0|0|0.899999976|0|0|0|0,0|0|0.899999976|0|0|0|0
574,574,6,1,1,255,255,0,0,0,0.0166666675,,19,0,19,0,3,0,,0|0|0.899999976|0|0|0|0,0|0|0.899999976|0|0|0|0
575,575,6,1,1,255,255,0,0,0,0.0166666675,,19,0,19,0,3,0,,0|0|0.899999976|0|0|0|0,0|0|0.899999976|0|0|0|0
576,576,6,1,1,255,255,0,0,0,0.0166666675,,19,0,19,0,3,0,,0|0|0.899999976|0|0|0|0,0|0|0.899999976|0|0|0|0
577,577,6,1,1,255,255,0,0,0,0.0166666675,,19,0,19,0,3,0,,0|0|0.899999976|0|0|0|0,0|0|0.899999976|0|0|0|0
578,578,6,1,1,255,255,0,0,0,0.0166666675,,19,0,19,0,3,0,,0|0|0.899999976|0|0|0|0,0|0|0.899999976|0|0|0|0
579,579,6,1,1,255,255,0,0,0,0.0166666675,,19,0,19,0,3,0,,0|0|0.899999976|0|0|0|0,0|0|0.899999976|0|0|0|0
580,580,6,1,1,255,255,0,0,0,0.0166666675,,19,0,19,0,3,0,,0|0|0.899999976|0|0|0|0,0|0|0.899999976|0|0|0|0
581,581,6,1,1,255,255,0,0,0,0.0166666675,,19,0,19,0,3,0,,0|0|0.899999976|0|0|0|0,0|0|0.899999976|0|0|0|0
582,582,6,1,1,255,255,0,0,0,0.0166666675,,19,0,19,0,3,0,,0|0|0.899999976|0|0|0|0,0|0|0.899999976|0|0|0|0
583,583,6,1,1,255,255,0,0,0,0.0166666675,,19,0,19,0,3,0,,0|0|0.899999976|0|0|0|0,0|0|0.899999976|0|0|0|0
584,584,6,1,1,255,255,0,0,0,0.0166666675,,19,0,19,0,3,0,,0|0|0.899999976|0|0|0|0,0|0|0.899999976|0|0|0|0
585,585,6,1,1,255,255,0,0,0,0.0166666675,,19,0,19,0,3,0,,0|0|0.899999976|0|0|0|0,0|0|0.899999976|0|0|0|0
586,586,6,1,1,255,255,0,0,0,0.0166666675,,19,0,19,0,3,0,,0|0|0.899999976|0|0|0|0,0|0|0.899999976|0|0|0|0
587,587,6,1,1,255,255,0,0,0,0.0166666675,,19,0,19,0,3,0,,0|0|0.899999976|0|0|0|0,0|0|0.899999976|0|0|0|0
588,588,6,1,1,255,255,0,0,0,0.0166666675,,19,0,19,0,3,0,,0|0|0.899999976|0|0|0|0,0|0|0.899999976|0|0|0|0
589,589,6,1,1,255,255,0,0,0,0.0166666675,,19,0,19,0,3,0,,0|0|0.899999976|0|0|0|0,0|0|0.899999976|0|0|0|0
590,590,6,1,1,255,255,0,0,0,0.0166666675,,19,0,19,0,3,0,,0|0|0.899999976|0|0|0|0,0|0|0.899999976|0|0|0|0
591,591,6,1,1,255,255,0,0,0,0.0166666675,,19,0,19,0,3,0,,0|0|0.899999976|0|0|0|0,0|0|0.899999976|0|0|0|0
592,592,6,1,1,255,255,0,0,0,0.0166666675,,19,0,19,0,3,0,,0|0|0.899999976|0|0|0|0,0|0|0.899999976|0|0|0|0
593,593,6,1,1,255,255,0,0,0,0.0166666675,,19,0,19,0,3,0,,0|0|0.899999976|0|0|0|0,0|0|0.899999976|0|0|0|0
594,594,6,1,1,255,255,0,0,0,0.0166666675,,19,0,19,0,3,0,,0|0|0.899999976|0|0|0|0,0|0|0.899999976|0|0|0|0
595,595,6,1,1,255,255,0,0,0,0.0166666675,,19,0,19,0,3,0,,0|0|0.899999976|0|0|0|0,0|0|0.899999976|0|0|0|0
596,596,6,1,1,255,255,0,0,0,0.0166666675,,19,0,19,0,3,0,,0|0|0.899999976|0|0|0|0,0|0|0.899999976|0|0|0|0
597,597,6,1,1,255,255,0,0,0,0.0166666675,,19,0,19,0,3,0,,0|0|0.899999976|0|0|0|0,0|0|0.899999976|0|0|0|0
598,598,6,1,1,255,255,0,0,0,0.0166666675,,19,0,19,0,3,0,,0|0|0.899999976|0|0|0|0,0|0|0.899999976|0|0|0|0
599,599,6,1,1,255,255,0,0,0,0.0166666675,,19,0,19,0,3,0,,0|0|0.899999976|0|0|0|0,0|0|0.899999976|0|0|0|0
600,600,6,1,1,255,255,0,0,0,0.0166666675,,19,0,19,0,3,0,,0|0|0.899999976|0|0|0|0,0|0|0.899999976|0|0|0|0
601,601,6,1,1,255,255,0,0,0,0.0166666675,,19,0,19,0,3,0,,0|0|0.899999976|0|0|0|0,0|0|0.899999976|0|0|0|0
602,602,6,1,1,255,255,0,0,0,0.0166666675,,19,0,19,0,3,0,,0|0|0.899999976|0|0|0|0,0|0|0.899999976|0|0|0|0
603,603,6,1,1,255,255,0,0,0,0.0166666675,,19,0,19,0,3,0,,0|0|0.899999976|0|0|0|0,0|0|0.899999976|0|0|0|0
604,604,6,1,1,255,255,0,0,0,0.0166666675,,19,0,19,0,3,0,,0|0|0.899999976|0|0|0|0,0|0|0.899999976|0|0|0|0
605,605,6,1,1,255,255,0,0,0,0.0166666675,,19,0,19,0,3,0,,0|0|0.899999976|0|0|0|0,0|0|0.899999976|0|0|0|0
606,606,6,1,1,255,255,0,0,0,0.0166666675,,19,0,19,0,3,0,,0|0|0.899999976|0|0|0|0,0|0|0.899999976|0|0|0|0
607,607,6,1,1,255,255,0,0,0,0.0166666675,,19,0,19,0,3,0,,0|0|0.899999976|0|0|0|0,0|0|0.899999976|0|0|0|0
608,608,6,1,1,255,255,0,0,0,0.0166666675,,19,0,19,0,3,0,,0|0|0.899999976|0|0|0|0,0|0|0.899999976|0|0|0|0
609,609,6,1,1,255,255,0,0,0,0.0166666675,,19,0,19,0,3,0,,0|0|0.899999976|0|0|0|0,0|0|0.899999976|0|0|0|0
610,610,6,1,1,255,255,0,0,0,0.0166666675,,19,0,19,0,3,0,,0|0|0.899999976|0|0|0|0,0|0|0.899999976|0|0|0|0
611,611,6,1,1,255,255,0,0,0,0.0166666675,,19,0,19,0,3,0,,0|0|0.899999976|0|0|0|0,0|0|0.899999976|0|0|0|0
612,612,6,1,1,255,255,0,0,0,0.0166666675,,19,0,19,0,3,0,,0|0|0.899999976|0|0|0|0,0|0|0.899999976|0|0|0|0
613,613,6,1,1,255,255,0,0,0,0.0166666675,,19,0,19,0,3,0,,0|0|0.899999976|0|0|0|0,0|0|0.899999976|0|0|0|0
614,614,6,1,1,255,255,0,0,0,0.0166666675,,19,0,19,0,3,0,,0|0|0.899999976|0|0|0|0,0|0|0.899999976|0|0|0|0
615,615,6,1,1,255,255,0,0,0,0.0166666675,,19,0,19,0,3,0,,0|0|0.899999976|0|0|0|0,0|0|0.899999976|0|0|0|0
616,616,6,1,1,255,255,0,0,0,0.0166666675,,19,0,19,0,3,0,,0|0|0.899999976|0|0|0|0,0|0|0.899999976|0|0|0|0
617,617,6,1,1,255,255,0,0,0,0.0166666675,,19,0,19,0,3,0,,0|0|0.899999976|0|0|0|0,0|0|0.899999976|0|0|0|0
618,618,6,1,1,255,255,0,0,0,0.0166666675,,19,0,19,0,3,0,,0|0|0.899999976|0|0|0|0,0|0|0.899999976|0|0|0|0
619,619,6,1,1,255,255,0,0,0,0.0166666675,,19,0,19,0,3,0,,0|0|0.899999976|0|0|0|0,0|0|0.899999976|0|0|0|0
620,620,6,1,1,255,255,0,0,0,0.0166666675,,19,0,19,0,3,0,,0|0|0.899999976|0|0|0|0,0|0|0.899999976|0|0|0|0
621,621,6,1,1,255,255,0,0,0,0.0166666675,,19,0,19,0,3,0,,0|0|0.899999976|0|0|0|0,0|0|0.899999976|0|0|0|0
622,622,6,1,1,255,255,0,0,0,0.0166666675,,19,0,19,0,3,0,,0|0|0.899999976|0|0|0|0,0|0|0.899999976|0|0|0|0
623,623,6,1,1,255,255,0,0,0,0.0166666675,,19,0,19,0,3,0,,0|0|0.899999976|0|0|0|0,0|0|0.899999976|0|0|0|0
624,624,6,1,1,255,255,0,0,0,0.0166666675,,19,0,19,0,3,0,,0|0|0.899999976|0|0|0|0,0|0|0.899999976|0|0|0|0
625,625,6,1,1,255,255,0,0,0,0.0166666675,,19,0,19,0,3,0,,0|0|0.899999976|0|0|0|0,0|0|0.899999976|0|0|0|0
626,626,6,1,1,255,255,0,0,0,0.0166666675,,19,0,19,0,3,0,,0|0|0.899999976|0|0|0|0,0|0|0.899999976|0|0|0|0
627,627,6,1,1,255,255,0,0,0,0.0166666675,,19,0,19,0,3,0,,0|0|0.899999976|0|0|0|0,0|0|0.899999976|0|0|0|0
628,628,6,1,1,255,255,0,0,0,0.0166666675,,19,0,19,0,3,0,,0|0|0.899999976|0|0|0|0,0|0|0.899999976|0|0|0|0
629,629,6,1,1,255,255,0,0,0,0.0166666675,,19,0,19,0,3,0,,0|0|0.899999976|0|0|0|0,0|0|0.899999976|0|0|0|0
630,630,6,1,1,255,255,0,0,0,0.0166666675,,19,0,19,0,3,0,,0|0|0.899999976|0|0|0|0,0|0|0.899999976|0|0|0|0
631,631,6,1,1,255,255,0,0,0,0.0166666675,,19,0,19,0,3,0,,0|0|0.899999976|0|0|0|0,0|0|0.899999976|0|0|0|0
632,632,6,1,1,255,255,0,0,0,0.0166666675,,19,0,19,0,3,0,,0|0|0.899999976|0|0|0|0,0|0|0.899999976|0|0|0|0
633,633,6,1,1,255,255,0,0,0,0.0166666675,,19,0,19,0,3,0,,0|0|0.899999976|0|0|0|0,0|0|0.899999976|0|0|0|0
634,634,6,1,1,255,255,0,0,0,0.0166666675,,19,0,19,0,3,0,,0|0|0.899999976|0|0|0|0,0|0|0.899999976|0|0|0|0
635,635,6,1,1,255,255,0,0,0,0.0166666675,,19,0,19,0,3,0,,0|0|0.899999976|0|0|0|0,0|0|0.899999976|0|0|0|0
636,636,6,1,1,255,255,0,0,0,0.0166666675,,19,0,19,0,3,0,,0|0|0.899999976|0|0|0|0,0|0|0.899999976|0|0|0|0
637,637,6,1,1,255,255,0,0,0,0.0166666675,,19,0,19,0,3,0,,0|0|0.899999976|0|0|0|0,0|0|0.899999976|0|0|0|0
638,638,6,1,1,255,255,0,0,0,0.0166666675,,19,0,19,0,3,0,,0|0|0.899999976|0|0|0|0,0|0|0.899999976|0|0|0|0
639,639,6,1,1,255,255,0,0,0,0.0166666675,,19,0,19,0,3,0,,0|0|0.899999976|0|0|0|0,0|0|0.899999976|0|0|0|0
640,640,6,1,1,255,255,0,0,0,0.0166666675,,19,0,19,0,3,0,,0|0|0.899999976|0|0|0|0,0|0|0.899999976|0|0|0|0
641,641,6,1,1,255,255,0,0,0,0.0166666675,,19,0,19,0,3,0,,0|0|0.899999976|0|0|0|0,0|0|0.899999976|0|0|0|0
642,642,6,1,1,255,255,0,0,0,0.0166666675,,19,0,19,0,3,0,,0|0|0.899999976|0|0|0|0,0|0|0.899999976|0|0|0|0
643,643,6,1,1,255,255,0,0,0,0.0166666675,,19,0,19,0,3,0,,0|0|0.899999976|0|0|0|0,0|0|0.899999976|0|0|0|0
644,644,6,1,1,255,255,0,0,0,0.0166666675,,19,0,19,0,3,0,,0|0|0.899999976|0|0|0|0,0|0|0.899999976|0|0|0|0
645,645,6,1,1,255,255,0,0,0,0.0166666675,,19,0,19,0,3,0,,0|0|0.899999976|0|0|0|0,0|0|0.899999976|0|0|0|0
646,646,6,1,1,255,255,0,0,0,0.0166666675,,19,0,19,0,3,0,,0|0|0.899999976|0|0|0|0,0|0|0.899999976|0|0|0|0
647,647,6,1,1,255,255,0,0,0,0.0166666675,,19,0,19,0,3,0,,0|0|0.899999976|0|0|0|0,0|0|0.899999976|0|0|0|0
648,648,6,1,1,255,255,0,0,0,0.0166666675,,19,0,19,0,3,0,,0|0|0.899999976|0|0|0|0,0|0|0.899999976|0|0|0|0
649,649,6,1,1,255,255,0,0,0,0.0166666675,,19,0,19,0,3,0,,0|0|0.899999976|0|0|0|0,0|0|0.899999976|0|0|0|0
650,650,6,1,1,255,255,0,0,0,0.0166666675,,19,0,19,0,3,0,,0|0|0.899999976|0|0|0|0,0|0|0.899999976|0|0|0|0
651,651,6,1,1,255,255,0,0,0,0.0166666675,,19,0,19,0,3,0,,0|0|0.899999976|0|0|0|0,0|0|0.899999976|0|0|0|0
652,652,6,1,1,255,255,0,0,0,0.0166666675,,19,0,19,0,3,0,,0|0|0.899999976|0|0|0|0,0|0|0.899999976|0|0|0|0
653,653,6,1,1,255,255,0,0,0,0.0166666675,,19,0,19,0,3,0,,0|0|0.899999976|0|0|0|0,0|0|0.899999976|0|0|0|0
654,654,6,1,1,255,255,0,0,0,0.0166666675,,19,0,19,0,3,0,,0|0|0.899999976|0|0|0|0,0|0|0.899999976|0|0|0|0
655,655,6,1,1,255,255,0,0,0,0.0166666675,,19,0,19,0,3,0,,0|0|0.899999976|0|0|0|0,0|0|0.899999976|0|0|0|0
656,656,6,1,1,255,255,0,0,0,0.0166666675,,19,0,19,0,3,0,,0|0|0.899999976|0|0|0|0,0|0|0.899999976|0|0|0|0
657,657,6,1,1,255,255,0,0,0,0.0166666675,,19,0,19,0,3,0,,0|0|0.899999976|0|0|0|0,0|0|0.899999976|0|0|0|0
658,658,6,1,1,255,255,0,0,0,0.0166666675,,19,0,19,0,3,0,,0|0|0.899999976|0|0|0|0,0|0|0.899999976|0|0|0|0
659,659,6,1,1,255,255,0,0,0,0.0166666675,,19,0,19,0,3,0,,0|0|0.899999976|0|0|0|0,0|0|0.899999976|0|0|0|0
660,660,6,1,1,255,255,0,0,0,0.0166666675,,19,0,19,0,3,0,,0|0|0.899999976|0|0|0|0,0|0|0.899999976|0|0|0|0
661,661,6,1,1,255,255,0,0,0,0.0166666675,,19,0,19,0,3,0,,0|0|0.899999976|0|0|0|0,0|0|0.899999976|0|0|0|0
662,662,6,1,1,255,255,0,0,0,0.0166666675,,19,0,19,0,3,0,,0|0|0.899999976|0|0|0|0,0|0|0.899999976|0|0|0|0
663,663,6,1,1,255,255,0,0,0,0.0166666675,,19,0,19,0,3,0,,0|0|0.899999976|0|0|0|0,0|0|0.899999976|0|0|0|0
664,664,6,1,1,255,255,0,0,0,0.0166666675,,19,0,19,0,3,0,,0|0|0.899999976|0|0|0|0,0|0|0.899999976|0|0|0|0
665,665,6,1,1,255,255,0,0,0,0.0166666675,,19,0,19,0,3,0,,0|0|0.899999976|0|0|0|0,0|0|0.899999976|0|0|0|0
666,666,6,1,1,255,255,0,0,0,0.0166666675,,19,0,19,0,3,0,,0|0|0.899999976|0|0|0|0,0|0|0.899999976|0|0|0|0
667,667,6,1,1,255,255,0,0,0,0.0166666675,,19,0,19,0,3,0,,0|0|0.899999976|0|0|0|0,0|0|0.899999976|0|0|0|0
668,668,6,1,1,255,255,0,0,0,0.0166666675,,19,0,19,0,3,0,,0|0|0.899999976|0|0|0|0,0|0|0.899999976|0|0|0|0
669,669,6,1,1,255,255,0,0,0,0.0166666675,,19,0,19,0,3,0,,0|0|0.899999976|0|0|0|0,0|0|0.899999976|0|0|0|0
670,670,6,1,1,255,255,0,0,0,0.0166666675,,19,0,19,0,3,0,,0|0|0.899999976|0|0|0|0,0|0|0.899999976|0|0|0|0
671,671,6,1,1,255,255,0,0,0,0.0166666675,,19,0,19,0,3,0,,0|0|0.899999976|0|0|0|0,0|0|0.899999976|0|0|0|0
672,672,6,1,1,255,255,0,0,0,0.0166666675,,19,0,19,0,3,0,,0|0|0.899999976|0|0|0|0,0|0|0.899999976|0|0|0|0
673,673,6,1,1,255,255,0,0,0,0.0166666675,,19,0,19,0,3,0,,0|0|0.899999976|0|0|0|0,0|0|0.899999976|0|0|0|0
674,674,6,1,1,255,255,0,0,0,0.0166666675,,19,0,19,0,3,0,,0|0|0.899999976|0|0|0|0,0|0|0.899999976|0|0|0|0
675,675,6,1,1,255,255,0,0,0,0.0166666675,,19,0,19,0,3,0,,0|0|0.899999976|0|0|0|0,0|0|0.899999976|0|0|0|0
676,676,6,1,1,255,255,0,0,0,0.0166666675,,19,0,19,0,3,0,,0|0|0.899999976|0|0|0|0,0|0|0.899999976|0|0|0|0
677,677,6,1,1,255,255,0,0,0,0.0166666675,,19,0,19,0,3,0,,0|0|0.899999976|0|0|0|0,0|0|0.899999976|0|0|0|0
678,678,6,1,1,255,255,0,0,0,0.0166666675,,19,0,19,0,3,0,,0|0|0.899999976|0|0|0|0,0|0|0.899999976|0|0|0|0
679,679,6,1,1,255,255,0,0,0,0.0166666675,,19,0,19,0,3,0,,0|0|0.899999976|0|0|0|0,0|0|0.899999976|0|0|0|0
680,680,6,1,1,255,255,0,0,0,0.0166666675,,19,0,19,0,3,0,,0|0|0.899999976|0|0|0|0,0|0|0.899999976|0|0|0|0
681,681,6,1,1,255,255,0,0,0,0.0166666675,,19,0,19,0,3,0,,0|0|0.899999976|0|0|0|0,0|0|0.899999976|0|0|0|0
682,682,6,1,1,255,255,0,0,0,0.0166666675,,19,0,19,0,3,0,,0|0|0.899999976|0|0|0|0,0|0|0.899999976|0|0|0|0
683,683,6,1,1,255,255,0,0,0,0.0166666675,,19,0,19,0,3,0,,0|0|0.899999976|0|0|0|0,0|0|0.899999976|0|0|0|0
684,684,6,1,1,255,255,0,0,0,0.0166666675,,19,0,19,0,3,0,,0|0|0.899999976|0|0|0|0,0|0|0.899999976|0|0|0|0
685,685,6,1,1,255,255,0,0,0,0.0166666675,,19,0,19,0,3,0,,0|0|0.899999976|0|0|0|0,0|0|0.899999976|0|0|0|0
686,686,6,1,1,255,255,0,0,0,0.0166666675,,19,0,19,0,3,0,,0|0|0.899999976|0|0|0|0,0|0|0.899999976|0|0|0|0
687,687,6,1,1,255,255,0,0,0,0.0166666675,,19,0,19,0,3,0,,0|0|0.899999976|0|0|0|0,0|0|0.899999976|0|0|0|0
688,688,6,1,1,255,255,0,0,0,0.0166666675,,19,0,19,0,3,0,,0|0|0.899999976|0|0|0|0,0|0|0.899999976|0|0|0|0
689,689,6,1,1,255,255,0,0,0,0.0166666675,,19,0,19,0,3,0,,0|0|0.899999976|0|0|0|0,0|0|0.899999976|0|0|0|0
690,690,6,1,1,255,255,0,0,0,0.0166666675,,19,0,19,0,3,0,,0|0|0.899999976|0|0|0|0,0|0|0.899999976|0|0|0|0
691,691,6,1,1,255,255,0,0,0,0.0166666675,,19,0,19,0,3,0,,0|0|0.899999976|0|0|0|0,0|0|0.899999976|0|0|0|0
692,692,6,1,1,255,255,0,0,0,0.0166666675,,19,0,19,0,3,0,,0|0|0.899999976|0|0|0|0,0|0|0.899999976|0|0|0|0
693,693,6,1,1,255,255,0,0,0,0.0166666675,,19,0,19,0,3,0,,0|0|0.899999976|0|0|0|0,0|0|0.899999976|0|0|0|0
694,694,6,1,1,255,255,0,0,0,0.0166666675,,19,0,19,0,3,0,,0|0|0.899999976|0|0|0|0,0|0|0.899999976|0|0|0|0
695,695,6,1,1,255,255,0,0,0,0.0166666675,,19,0,19,0,3,0,,0|0|0.899999976|0|0|0|0,0|0|0.899999976|0|0|0|0
696,696,6,1,1,255,255,0,0,0,0.0166666675,,19,0,19,0,3,0,,0|0|0.899999976|0|0|0|0,0|0|0.899999976|0|0|0|0
697,697,6,1,1,255,255,0,0,0,0.0166666675,,19,0,19,0,3,0,,0|0|0.899999976|0|0|0|0,0|0|0.899999976|0|0|0|0
698,698,6,1,1,255,255,0,0,0,0.0166666675,,19,0,19,0,3,0,,0|0|0.899999976|0|0|0|0,0|0|0.899999976|0|0|0|0
699,699,6,1,1,255,255,0,0,0,0.0166666675,,19,0,19,0,3,0,,0|0|0.899999976|0|0|0|0,0|0|0.899999976|0|0|0|0
700,700,6,1,1,255,255,0,0,0,0.0166666675,,19,0,19,0,3,0,,0|0|0.899999976|0|0|0|0,0|0|0.899999976|0|0|0|0
701,701,6,1,1,255,255,0,0,0,0.0166666675,,19,0,19,0,3,0,,0|0|0.899999976|0|0|0|0,0|0|0.899999976|0|0|0|0
702,702,6,1,1,255,255,0,0,0,0.0166666675,,19,0,19,0,3,0,,0|0|0.899999976|0|0|0|0,0|0|0.899999976|0|0|0|0
703,703,6,1,1,255,255,0,0,0,0.0166666675,,19,0,19,0,3,0,,0|0|0.899999976|0|0|0|0,0|0|0.899999976|0|0|0|0
704,704,6,1,1,255,255,0,0,0,0.0166666675,,19,0,19,0,3,0,,0|0|0.899999976|0|0|0|0,0|0|0.899999976|0|0|0|0
705,705,6,1,1,255,255,0,0,0,0.0166666675,,19,0,19,0,3,0,,0|0|0.899999976|0|0|0|0,0|0|0.899999976|0|0|0|0
706,706,6,1,1,255,255,0,0,0,0.0166666675,,19,0,19,0,3,0,,0|0|0.899999976|0|0|0|0,0|0|0.899999976|0|0|0|0
707,707,6,1,1,255,255,0,0,0,0.0166666675,,19,0,19,0,3,0,,0|0|0.899999976|0|0|0|0,0|0|0.899999976|0|0|0|0
708,708,6,1,1,255,255,0,0,0,0.0166666675,,19,0,19,0,3,0,,0|0|0.899999976|0|0|0|0,0|0|0.899999976|0|0|0|0
709,709,6,1,1,255,255,0,0,0,0.0166666675,,19,0,19,0,3,0,,0|0|0.899999976|0|0|0|0,0|0|0.899999976|0|0|0|0
710,710,6,1,1,255,255,0,0,0,0.0166666675,,19,0,19,0,3,0,,0|0|0.899999976|0|0|0|0,0|0|0.899999976|0|0|0|0
711,711,6,1,1,255,255,0,0,0,0.0166666675,,19,0,19,0,3,0,,0|0|0.899999976|0|0|0|0,0|0|0.899999976|0|0|0|0
712,712,6,1,1,255,255,0,0,0,0.0166666675,,19,0,19,0,3,0,,0|0|0.899999976|0|0|0|0,0|0|0.899999976|0|0|0|0
713,713,6,1,1,255,255,0,0,0,0.0166666675,,19,0,19,0,3,0,,0|0|0.899999976|0|0|0|0,0|0|0.899999976|0|0|0|0
714,714,6,1,1,255,255,0,0,0,0.0166666675,,19,0,19,0,3,0,,0|0|0.899999976|0|0|0|0,0|0|0.899999976|0|0|0|0
715,715,6,1,1,255,255,0,0,0,0.0166666675,,19,0,19,0,3,0,,0|0|0.899999976|0|0|0|0,0|0|0.899999976|0|0|0|0
716,716,6,1,1,255,255,0,0,0,0.0166666675,,19,0,19,0,3,0,,0|0|0.899999976|0|0|0|0,0|0|0.899999976|0|0|0|0
717,717,6,1,1,255,255,0,0,0,0.0166666675,,19,0,19,0,3,0,,0|0|0.899999976|0|0|0|0,0|0|0.899999976|0|0|0|0
718,718,6,1,1,255,255,0,0,0,0.0166666675,,19,0,19,0,3,0,,0|0|0.899999976|0|0|0|0,0|0|0.899999976|0|0|0|0
719,719,6,1,1,255,255,0,0,0,0.0166666675,,19,0,19,0,3,0,,0|0|0.899999976|0|0|0|0,0|0|0.899999976|0|0|0|0
720,720,6,1,1,255,255,0,0,0,0.0166666675,,19,0,19,0,3,0,,0|0|0.899999976|0|0|0|0,0|0|0.899999976|0|0|0|0
721,721,6,1,1,255,255,0,0,0,0.0166666675,,19,0,19,0,3,0,,0|0|0.899999976|0|0|0|0,0|0|0.899999976|0|0|0|0
722,722,6,1,1,255,255,0,0,0,0.0166666675,,19,0,19,0,3,0,,0|0|0.899999976|0|0|0|0,0|0|0.899999976|0|0|0|0
723,723,6,1,1,255,255,0,0,0,0.0166666675,,19,0,19,0,3,0,,0|0|0.899999976|0|0|0|0,0|0|0.899999976|0|0|0|0
724,724,6,1,1,255,255,0,0,0,0.0166666675,,19,0,19,0,3,0,,0|0|0.899999976|0|0|0|0,0|0|0.899999976|0|0|0|0
725,725,6,1,1,255,255,0,0,0,0.0166666675,,19,0,19,0,3,0,,0|0|0.899999976|0|0|0|0,0|0|0.899999976|0|0|0|0
726,726,6,1,1,255,255,0,0,0,0.0166666675,,19,0,19,0,3,0,,0|0|0.899999976|0|0|0|0,0|0|0.899999976|0|0|0|0
727,727,6,1,1,255,255,0,0,0,0.0166666675,,19,0,19,0,3,0,,0|0|0.899999976|0|0|0|0,0|0|0.899999976|0|0|0|0
728,728,6,1,1,255,255,0,0,0,0.0166666675,,19,0,19,0,3,0,,0|0|0.899999976|0|0|0|0,0|0|0.899999976|0|0|0|0
729,729,6,1,1,255,255,0,0,0,0.0166666675,,19,0,19,0,3,0,,0|0|0.899999976|0|0|0|0,0|0|0.899999976|0|0|0|0
730,730,6,1,1,255,255,0,0,0,0.0166666675,,19,0,19,0,3,0,,0|0|0.899999976|0|0|0|0,0|0|0.899999976|0|0|0|0
731,731,6,1,1,255,255,0,0,0,0.0166666675,,19,0,19,0,3,0,,0|0|0.899999976|0|0|0|0,0|0|0.899999976|0|0|0|0
732,732,6,1,1,255,255,0,0,0,0.0166666675,,19,0,19,0,3,0,,0|0|0.899999976|0|0|0|0,0|0|0.899999976|0|0|0|0
733,733,6,1,1,255,255,0,0,0,0.0166666675,,19,0,19,0,3,0,,0|0|0.899999976|0|0|0|0,0|0|0.899999976|0|0|0|0
734,734,6,1,1,255,255,0,0,0,0.0166666675,,19,0,19,0,3,0,,0|0|0.899999976|0|0|0|0,0|0|0.899999976|0|0|0|0
735,735,6,1,1,255,255,0,0,0,0.0166666675,,19,0,19,0,3,0,,0|0|0.899999976|0|0|0|0,0|0|0.899999976|0|0|0|0
736,736,6,1,1,255,255,0,0,0,0.0166666675,,19,0,19,0,3,0,,0|0|0.899999976|0|0|0|0,0|0|0.899999976|0|0|0|0
737,737,6,1,1,255,255,0,0,0,0.0166666675,,19,0,19,0,3,0,,0|0|0.899999976|0|0|0|0,0|0|0.899999976|0|0|0|0
738,738,6,1,1,255,255,0,0,0,0.0166666675,,19,0,19,0,3,0,,0|0|0.899999976|0|0|0|0,0|0|0.899999976|0|0|0|0
739,739,6,1,1,255,255,0,0,0,0.0166666675,,19,0,19,0,3,0,,0|0|0.899999976|0|0|0|0,0|0|0.899999976|0|0|0|0
740,740,6,1,1,255,255,0,0,0,0.0166666675,,19,0,19,0,3,0,,0|0|0.899999976|0|0|0|0,0|0|0.899999976|0|0|0|0
741,741,6,1,1,255,255,0,0,0,0.0166666675,,19,0,19,0,3,0,,0|0|0.899999976|0|0|0|0,0|0|0.899999976|0|0|0|0
742,742,6,1,1,255,255,0,0,0,0.0166666675,,19,0,19,0,3,0,,0|0|0.899999976|0|0|0|0,0|0|0.899999976|0|0|0|0
743,743,6,1,1,255,255,0,0,0,0.0166666675,,19,0,19,0,3,0,,0|0|0.899999976|0|0|0|0,0|0|0.899999976|0|0|0|0
744,744,6,1,1,255,255,0,0,0,0.0166666675,,19,0,19,0,3,0,,0|0|0.899999976|0|0|0|0,0|0|0.899999976|0|0|0|0
745,745,6,1,1,255,255,0,0,0,0.0166666675,,19,0,19,0,3,0,,0|0|0.899999976|0|0|0|0,0|0|0.899999976|0|0|0|0
746,746,6,1,1,255,255,0,0,0,0.0166666675,,19,0,19,0,3,0,,0|0|0.899999976|0|0|0|0,0|0|0.899999976|0|0|0|0
747,747,6,1,1,255,255,0,0,0,0.0166666675,,19,0,19,0,3,0,,0|0|0.899999976|0|0|0|0,0|0|0.899999976|0|0|0|0
748,748,6,1,1,255,255,0,0,0,0.0166666675,,19,0,19,0,3,0,,0|0|0.899999976|0|0|0|0,0|0|0.899999976|0|0|0|0
749,749,6,1,1,255,255,0,0,0,0.0166666675,,19,0,19,0,3,0,,0|0|0.899999976|0|0|0|0,0|0|0.899999976|0|0|0|0
750,750,6,1,1,255,255,0,0,0,0.0166666675,,19,0,19,0,3,0,,0|0|0.899999976|0|0|0|0,0|0|0.899999976|0|0|0|0
751,751,6,1,1,255,255,0,0,0,0.0166666675,,19,0,19,0,3,0,,0|0|0.899999976|0|0|0|0,0|0|0.899999976|0|0|0|0
752,752,6,1,1,255,255,0,0,0,0.0166666675,,19,0,19,0,3,0,,0|0|0.899999976|0|0|0|0,0|0|0.899999976|0|0|0|0
753,753,6,1,1,255,255,0,0,0,0.0166666675,,19,0,19,0,3,0,,0|0|0.899999976|0|0|0|0,0|0|0.899999976|0|0|0|0
754,754,6,1,1,255,255,0,0,0,0.0166666675,,19,0,19,0,3,0,,0|0|0.899999976|0|0|0|0,0|0|0.899999976|0|0|0|0
755,755,6,1,1,255,255,0,0,0,0.0166666675,,19,0,19,0,3,0,,0|0|0.899999976|0|0|0|0,0|0|0.899999976|0|0|0|0
756,756,6,1,1,255,255,0,0,0,0.0166666675,,19,0,19,0,3,0,,0|0|0.899999976|0|0|0|0,0|0|0.899999976|0|0|0|0
757,757,6,1,1,255,255,0,0,0,0.0166666675,,19,0,19,0,3,0,,0|0|0.899999976|0|0|0|0,0|0|0.899999976|0|0|0|0
758,758,6,1,1,255,255,0,0,0,0.0166666675,,19,0,19,0,3,0,,0|0|0.899999976|0|0|0|0,0|0|0.899999976|0|0|0|0
759,759,6,1,1,255,255,0,0,0,0.0166666675,,19,0,19,0,3,0,,0|0|0.899999976|0|0|0|0,0|0|0.899999976|0|0|0|0
760,760,6,1,1,255,255,0,0,0,0.0166666675,,19,0,19,0,3,0,,0|0|0.899999976|0|0|0|0,0|0|0.899999976|0|0|0|0
761,761,6,1,1,255,255,0,0,0,0.0166666675,,19,0,19,0,3,0,,0|0|0.899999976|0|0|0|0,0|0|0.899999976|0|0|0|0
762,762,6,1,1,255,255,0,0,0,0.0166666675,,19,0,19,0,3,0,,0|0|0.899999976|0|0|0|0,0|0|0.899999976|0|0|0|0
763,763,6,1,1,255,255,0,0,0,0.0166666675,,19,0,19,0,3,0,,0|0|0.899999976|0|0|0|0,0|0|0.899999976|0|0|0|0
764,764,6,1,1,255,255,0,0,0,0.0166666675,,19,0,19,0,3,0,,0|0|0.899999976|0|0|0|0,0|0|0.899999976|0|0|0|0
765,765,6,1,1,255,255,0,0,0,0.0166666675,,19,0,19,0,3,0,,0|0|0.899999976|0|0|0|0,0|0|0.899999976|0|0|0|0
766,766,6,1,1,255,255,0,0,0,0.0166666675,,19,0,19,0,3,0,,0|0|0.899999976|0|0|0|0,0|0|0.899999976|0|0|0|0
767,767,6,1,1,255,255,0,0,0,0.0166666675,,19,0,19,0,3,0,,0|0|0.899999976|0|0|0|0,0|0|0.899999976|0|0|0|0
768,768,6,1,1,255,255,0,0,0,0.0166666675,,19,0,19,0,3,0,,0|0|0.899999976|0|0|0|0,0|0|0.899999976|0|0|0|0
769,769,6,1,1,255,255,0,0,0,0.0166666675,,19,0,19,0,3,0,,0|0|0.899999976|0|0|0|0,0|0|0.899999976|0|0|0|0
770,770,6,1,1,255,255,0,0,0,0.0166666675,,19,0,19,0,3,0,,0|0|0.899999976|0|0|0|0,0|0|0.899999976|0|0|0|0
771,771,6,1,1,255,255,0,0,0,0.0166666675,,19,0,19,0,3,0,,0|0|0.899999976|0|0|0|0,0|0|0.899999976|0|0|0|0
772,772,6,1,1,255,255,0,0,0,0.0166666675,,19,0,19,0,3,0,,0|0|0.899999976|0|0|0|0,0|0|0.899999976|0|0|0|0
773,773,6,1,1,255,255,0,0,0,0.0166666675,,19,0,19,0,3,0,,0|0|0.899999976|0|0|0|0,0|0|0.899999976|0|0|0|0
774,774,6,1,1,255,255,0,0,0,0.0166666675,,19,0,19,0,3,0,,0|0|0.899999976|0|0|0|0,0|0|0.899999976|0|0|0|0
775,775,6,1,1,255,255,0,0,0,0.0166666675,,19,0,19,0,3,0,,0|0|0.899999976|0|0|0|0,0|0|0.899999976|0|0|0|0
776,776,6,1,1,255,255,0,0,0,0.0166666675,,19,0,19,0,3,0,,0|0|0.899999976|0|0|0|0,0|0|0.899999976|0|0|0|0
777,777,6,1,1,255,255,0,0,0,0.0166666675,,19,0,19,0,3,0,,0|0|0.899999976|0|0|0|0,0|0|0.899999976|0|0|0|0
778,778,6,1,1,255,255,0,0,0,0.0166666675,,19,0,19,0,3,0,,0|0|0.899999976|0|0|0|0,0|0|0.899999976|0|0|0|0
779,779,6,1,1,255,255,0,0,0,0.0166666675,,19,0,19,0,3,0,,0|0|0.899999976|0|0|0|0,0|0|0.899999976|0|0|0|0
780,780,6,1,1,255,255,0,0,0,0.0166666675,,19,0,19,0,3,0,,0|0|0.899999976|0|0|0|0,0|0|0.899999976|0|0|0|0
781,781,6,1,1,255,255,0,0,0,0.0166666675,,19,0,19,0,3,0,,0|0|0.899999976|0|0|0|0,0|0|0.899999976|0|0|0|0
782,782,6,1,1,255,255,0,0,0,0.0166666675,,19,0,19,0,3,0,,0|0|0.899999976|0|0|0|0,0|0|0.899999976|0|0|0|0
783,783,6,1,1,255,255,0,0,0,0.0166666675,,19,0,19,0,3,0,,0|0|0.899999976|0|0|0|0,0|0|0.899999976|0|0|0|0
784,784,6,1,1,255,255,0,0,0,0.0166666675,,19,0,19,0,3,0,,0|0|0.899999976|0|0|0|0,0|0|0.899999976|0|0|0|0
785,785,6,1,1,255,255,0,0,0,0.0166666675,,19,0,19,0,3,0,,0|0|0.899999976|0|0|0|0,0|0|0.899999976|0|0|0|0
786,786,6,1,1,255,255,0,0,0,0.0166666675,,19,0,19,0,3,0,,0|0|0.899999976|0|0|0|0,0|0|0.899999976|0|0|0|0
787,787,6,1,1,255,255,0,0,0,0.0166666675,,19,0,19,0,3,0,,0|0|0.899999976|0|0|0|0,0|0|0.899999976|0|0|0|0
788,788,6,1,1,255,255,0,0,0,0.0166666675,,19,0,19,0,3,0,,0|0|0.899999976|0|0|0|0,0|0|0.899999976|0|0|0|0
789,789,6,1,1,255,255,0,0,0,0.0166666675,,19,0,19,0,3,0,,0|0|0.899999976|0|0|0|0,0|0|0.899999976|0|0|0|0
790,790,6,1,1,255,255,0,0,0,0.0166666675,,19,0,19,0,3,0,,0|0|0.899999976|0|0|0|0,0|0|0.899999976|0|0|0|0
791,791,6,1,1,255,255,0,0,0,0.0166666675,,19,0,19,0,3,0,,0|0|0.899999976|0|0|0|0,0|0|0.899999976|0|0|0|0
792,792,6,1,1,255,255,0,0,0,0.0166666675,,19,0,19,0,3,0,,0|0|0.899999976|0|0|0|0,0|0|0.899999976|0|0|0|0
793,793,6,1,1,255,255,0,0,0,0.0166666675,,19,0,19,0,3,0,,0|0|0.899999976|0|0|0|0,0|0|0.899999976|0|0|0|0
794,794,6,1,1,255,255,0,0,0,0.0166666675,,19,0,19,0,3,0,,0|0|0.899999976|0|0|0|0,0|0|0.899999976|0|0|0|0
795,795,6,1,1,255,255,0,0,0,0.0166666675,,19,0,19,0,3,0,,0|0|0.899999976|0|0|0|0,0|0|0.899999976|0|0|0|0
796,796,6,1,1,255,255,0,0,0,0.0166666675,,19,0,19,0,3,0,,0|0|0.899999976|0|0|0|0,0|0|0.899999976|0|0|0|0
797,797,6,1,1,255,255,0,0,0,0.0166666675,,19,0,19,0,3,0,,0|0|0.899999976|0|0|0|0,0|0|0.899999976|0|0|0|0
798,798,6,1,1,255,255,0,0,0,0.0166666675,,19,0,19,0,3,0,,0|0|0.899999976|0|0|0|0,0|0|0.899999976|0|0|0|0
799,799,6,1,1,255,255,0,0,0,0.0166666675,,19,0,19,0,3,0,,0|0|0.899999976|0|0|0|0,0|0|0.899999976|0|0|0|0
800,800,6,1,1,255,255,0,0,0,0.0166666675,,19,0,19,0,3,0,,0|0|0.899999976|0|0|0|0,0|0|0.899999976|0|0|0|0
801,801,6,1,1,255,255,0,0,0,0.0166666675,,19,0,19,0,3,0,,0|0|0.899999976|0|0|0|0,0|0|0.899999976|0|0|0|0
802,802,6,1,1,255,255,0,0,0,0.0166666675,,19,0,19,0,3,0,,0|0|0.899999976|0|0|0|0,0|0|0.899999976|0|0|0|0
803,803,6,1,1,255,255,0,0,0,0.0166666675,,19,0,19,0,3,0,,0|0|0.899999976|0|0|0|0,0|0|0.899999976|0|0|0|0
804,804,6,1,1,255,255,0,0,0,0.0166666675,,19,0,19,0,3,0,,0|0|0.899999976|0|0|0|0,0|0|0.899999976|0|0|0|0
805,805,6,1,1,255,255,0,0,0,0.0166666675,,19,0,19,0,3,0,,0|0|0.899999976|0|0|0|0,0|0|0.899999976|0|0|0|0
806,806,6,1,1,255,255,0,0,0,0.0166666675,,19,0,19,0,3,0,,0|0|0.899999976|0|0|0|0,0|0|0.899999976|0|0|0|0
807,807,6,1,1,255,255,0,0,0,0.0166666675,,19,0,19,0,3,0,,0|0|0.899999976|0|0|0|0,0|0|0.899999976|0|0|0|0
808,808,6,1,1,255,255,0,0,0,0.0166666675,,19,0,19,0,3,0,,0|0|0.899999976|0|0|0|0,0|0|0.899999976|0|0|0|0
809,809,6,1,1,255,255,0,0,0,0.0166666675,,19,0,19,0,3,0,,0|0|0.899999976|0|0|0|0,0|0|0.899999976|0|0|0|0
810,810,6,1,1,255,255,0,0,0,0.0166666675,,19,0,19,0,3,0,,0|0|0.899999976|0|0|0|0,0|0|0.899999976|0|0|0|0
811,811,6,1,1,255,255,0,0,0,0.0166666675,,19,0,19,0,3,0,,0|0|0.899999976|0|0|0|0,0|0|0.899999976|0|0|0|0
812,812,6,1,1,255,255,0,0,0,0.0166666675,,19,0,19,0,3,0,,0|0|0.899999976|0|0|0|0,0|0|0.899999976|0|0|0|0
813,813,6,1,1,255,255,0,0,0,0.0166666675,,19,0,19,0,3,0,,0|0|0.899999976|0|0|0|0,0|0|0.899999976|0|0|0|0
814,814,6,1,1,255,255,0,0,0,0.0166666675,,19,0,19,0,3,0,,0|0|0.899999976|0|0|0|0,0|0|0.899999976|0|0|0|0
815,815,6,1,1,255,255,0,0,0,0.0166666675,,19,0,19,0,3,0,,0|0|0.899999976|0|0|0|0,0|0|0.899999976|0|0|0|0
816,816,6,1,1,255,255,0,0,0,0.0166666675,,19,0,19,0,3,0,,0|0|0.899999976|0|0|0|0,0|0|0.899999976|0|0|0|0
817,817,6,1,1,255,255,0,0,0,0.0166666675,,19,0,19,0,3,0,,0|0|0.899999976|0|0|0|0,0|0|0.899999976|0|0|0|0
817,817,6,2,2,0,0,0,0,0,0.0166666675,AOIL,19,0,19,0,,0,,0|0|1|0|0|0|0,0|0|1|0|0|0|0
818,818,6,1,1,255,255,0,0,0,0.0166666675,,19,0,19,0,3,0,,0|0|0.899999976|0|0|0|0,0|0|0.899999976|0|0|0|0
818,818,6,2,2,0,0,0,0,0,0.0166666675,,19,0,19,0,,0,,0|0|1|0|0|0|0,0|0|1|0|0|0|0
819,819,6,1,1,255,255,0,0,0,0.0166666675,,19,0,19,0,3,0,,0|0|0.899999976|0|0|0|0,0|0|0.899999976|0|0|0|0
819,819,6,2,2,0,0,0,0,0,0.0166666675,,19,0,19,0,,0,,0|0|1|0|0|0|0,0|0|1|0|0|0|0
820,820,6,1,1,255,255,0,0,0,0.0166666675,,19,0,19,0,3,0,,0|0|0.899999976|0|0|0|0,0|0|0.899999976|0|0|0|0
820,820,6,2,2,0,0,0,0,0,0.0166666675,,19,0,19,0,,0,,0|0|1|0|0|0|0,0|0|1|0|0|0|0
821,821,6,1,1,255,255,0,0,0,0.0166666675,,19,0,19,0,3,0,,0|0|0.899999976|0|0|0|0,0|0|0.899999976|0|0|0|0
821,821,6,2,2,0,0,0,0,0,0.0166666675,,19,0,19,0,,0,,0|0|1|0|0|0|0,0|0|1|0|0|0|0
822,822,6,1,1,255,255,0,0,0,0.0166666675,,19,0,19,0,3,0,,0|0|0.899999976|0|0|0|0,0|0|0.899999976|0|0|0|0
822,822,6,2,2,0,0,0,0,0,0.0166666675,,19,0,19,0,,0,,0|0|1|0|0|0|0,0|0|1|0|0|0|0
823,823,6,1,1,255,255,0,0,0,0.0166666675,,19,0,19,0,3,0,,0|0|0.899999976|0|0|0|0,0|0|0.899999976|0|0|0|0
823,823,6,2,2,0,0,0,0,0,0.0166666675,,19,0,19,0,,0,,0|0|1|0|0|0|0,0|0|1|0|0|0|0
824,824,6,1,1,255,255,0,0,0,0.0166666675,,19,0,19,0,3,0,,0|0|0.899999976|0|0|0|0,0|0|0.899999976|0|0|0|0
824,824,6,2,2,0,0,0,0,0,0.0166666675,,19,0,19,0,,0,,0|0|1|0|0|0|0,0|0|1|0|0|0|0
825,825,6,1,1,255,255,0,0,0,0.0166666675,,19,0,19,0,3,0,,0|0|0.899999976|0|0|0|0,0|0|0.899999976|0|0|0|0
825,825,6,2,2,0,0,0,0,0,0.0166666675,,19,0,19,0,,0,,0|0|1|0|0|0|0,0|0|1|0|0|0|0
826,826,6,1,1,255,255,0,0,0,0.0166666675,,19,0,19,0,3,0,,0|0|0.899999976|0|0|0|0,0|0|0.899999976|0|0|0|0
826,826,6,2,2,0,0,0,0,0,0.0166666675,,19,0,19,0,,0,,0|0|1|0|0|0|0,0|0|1|0|0|0|0
827,827,6,1,1,255,255,0,0,0,0.0166666675,,19,0,19,0,3,0,,0|0|0.899999976|0|0|0|0,0|0|0.899999976|0|0|0|0
827,827,6,2,2,0,0,0,0,0,0.0166666675,,19,0,19,0,,0,,0|0|1|0|0|0|0,0|0|1|0|0|0|0
828,828,6,1,1,255,255,0,0,0,0.0166666675,,19,0,19,0,3,0,,0|0|0.899999976|0|0|0|0,0|0|0.899999976|0|0|0|0
828,828,6,2,2,0,0,0,0,0,0.0166666675,,19,0,19,0,,0,,0|0|1|0|0|0|0,0|0|1|0|0|0|0
829,829,6,1,1,255,255,0,0,0,0.0166666675,,19,0,19,0,3,0,,0|0|0.899999976|0|0|0|0,0|0|0.899999976|0|0|0|0
829,829,6,2,2,0,0,0,0,0,0.0166666675,,19,0,19,0,,0,,0|0|1|0|0|0|0,0|0|1|0|0|0|0
830,830,6,1,1,255,255,0,0,0,0.0166666675,,19,0,19,0,3,0,,0|0|0.899999976|0|0|0|0,0|0|0.899999976|0|0|0|0
830,830,6,2,2,0,0,0,0,0,0.0166666675,,19,0,19,0,,0,,0|0|1|0|0|0|0,0|0|1|0|0|0|0
831,831,6,1,1,255,255,0,0,0,0.0166666675,,19,0,19,0,3,0,,0|0|0.899999976|0|0|0|0,0|0|0.899999976|0|0|0|0
831,831,6,2,2,0,0,0,0,0,0.0166666675,,19,0,19,0,,0,,0|0|1|0|0|0|0,0|0|1|0|0|0|0
832,832,6,1,1,255,255,0,0,0,0.0166666675,,19,0,19,0,3,0,,0|0|0.899999976|0|0|0|0,0|0|0.899999976|0|0|0|0
832,832,6,2,2,0,0,0,0,0,0.0166666675,,19,0,19,0,,0,,0|0|1|0|0|0|0,0|0|1|0|0|0|0
833,833,6,1,1,255,255,0,0,0,0.0166666675,,19,0,19,0,3,0,,0|0|0.899999976|0|0|0|0,0|0|0.899999976|0|0|0|0
833,833,6,2,2,0,0,0,0,0,0.0166666675,,19,0,19,0,,0,,0|0|1|0|0|0|0,0|0|1|0|0|0|0
834,834,6,1,1,255,255,0,0,0,0.0166666675,,19,0,19,0,3,0,,0|0|0.899999976|0|0|0|0,0|0|0.899999976|0|0|0|0
834,834,6,2,2,0,0,0,0,0,0.0166666675,,19,0,19,0,,0,,0|0|1|0|0|0|0,0|0|1|0|0|0|0
835,835,6,1,1,255,255,0,0,0,0.0166666675,,19,0,19,0,3,0,,0|0|0.899999976|0|0|0|0,0|0|0.899999976|0|0|0|0
835,835,6,2,2,0,0,0,0,0,0.0166666675,,19,0,19,0,,0,,0|0|1|0|0|0|0,0|0|1|0|0|0|0
836,836,6,1,1,255,255,0,0,0,0.0166666675,,19,0,19,0,3,0,,0|0|0.899999976|0|0|0|0,0|0|0.899999976|0|0|0|0
836,836,6,2,2,0,0,0,0,0,0.0166666675,,19,0,19,0,,0,,0|0|1|0|0|0|0,0|0|1|0|0|0|0
837,837,6,1,1,255,255,0,0,0,0.0166666675,,19,0,19,0,3,0,,0|0|0.899999976|0|0|0|0,0|0|0.899999976|0|0|0|0
837,837,6,2,2,0,0,0,0,0,0.0166666675,,19,0,19,0,,0,,0|0|1|0|0|0|0,0|0|1|0|0|0|0
838,838,6,1,1,255,255,0,0,0,0.0166666675,,19,0,19,0,3,0,,0|0|0.899999976|0|0|0|0,0|0|0.899999976|0|0|0|0
838,838,6,2,2,0,0,0,0,0,0.0166666675,,19,0,19,0,,0,,0|0|1|0|0|0|0,0|0|1|0|0|0|0
839,839,6,1,1,255,255,0,0,0,0.0166666675,,19,0,19,0,3,0,,0|0|0.899999976|0|0|0|0,0|0|0.899999976|0|0|0|0
839,839,6,2,2,0,0,0,0,0,0.0166666675,,19,0,19,0,,0,,0|0|1|0|0|0|0,0|0|1|0|0|0|0
840,840,6,1,1,255,255,0,0,0,0.0166666675,,19,0,19,0,3,0,,0|0|0.899999976|0|0|0|0,0|0|0.899999976|0|0|0|0
840,840,6,2,2,0,0,0,0,0,0.0166666675,,19,0,19,0,,0,,0|0|1|0|0|0|0,0|0|1|0|0|0|0
841,841,6,1,1,255,255,0,0,0,0.0166666675,,19,0,19,0,3,0,,0|0|0.899999976|0|0|0|0,0|0|0.899999976|0|0|0|0
841,841,6,2,2,0,0,0,0,0,0.0166666675,,19,0,19,0,,0,,0|0|1|0|0|0|0,0|0|1|0|0|0|0
842,842,6,1,1,255,255,0,0,0,0.0166666675,,19,0,19,0,3,0,,0|0|0.899999976|0|0|0|0,0|0|0.899999976|0|0|0|0
842,842,6,2,2,0,0,0,0,0,0.0166666675,,19,0,19,0,,0,,0|0|1|0|0|0|0,0|0|1|0|0|0|0
843,843,6,1,1,255,255,0,0,0,0.0166666675,,19,0,19,0,3,0,,0|0|0.899999976|0|0|0|0,0|0|0.899999976|0|0|0|0
843,843,6,2,2,0,0,0,0,0,0.0166666675,,19,0,19,0,,0,,0|0|1|0|0|0|0,0|0|1|0|0|0|0
844,844,6,1,1,255,255,0,0,0,0.0166666675,,19,0,19,0,3,0,,0|0|0.899999976|0|0|0|0,0|0|0.899999976|0|0|0|0
844,844,6,2,2,0,0,0,0,0,0.0166666675,,19,0,19,0,,0,,0|0|1|0|0|0|0,0|0|1|0|0|0|0
845,845,6,1,1,255,255,0,0,0,0.0166666675,,19,0,19,0,3,0,,0|0|0.899999976|0|0|0|0,0|0|0.899999976|0|0|0|0
845,845,6,2,2,0,0,0,0,0,0.0166666675,,19,0,19,0,,0,,0|0|1|0|0|0|0,0|0|1|0|0|0|0
846,846,6,1,1,255,255,0,0,0,0.0166666675,,19,0,19,0,3,0,,0|0|0.899999976|0|0|0|0,0|0|0.899999976|0|0|0|0
846,846,6,2,2,0,0,0,0,0,0.0166666675,,19,0,19,0,,0,,0|0|1|0|0|0|0,0|0|1|0|0|0|0
847,847,6,1,1,255,255,0,0,0,0.0166666675,,19,0,19,0,3,0,,0|0|0.899999976|0|0|0|0,0|0|0.899999976|0|0|0|0
847,847,6,2,2,0,0,0,0,0,0.0166666675,,19,0,19,0,,0,,0|0|1|0|0|0|0,0|0|1|0|0|0|0
848,848,6,1,1,255,255,0,0,0,0.0166666675,,19,0,19,0,3,0,,0|0|0.899999976|0|0|0|0,0|0|0.899999976|0|0|0|0
848,848,6,2,2,0,0,0,0,0,0.0166666675,,19,0,19,0,,0,,0|0|1|0|0|0|0,0|0|1|0|0|0|0
849,849,6,1,1,255,255,0,0,0,0.0166666675,,19,0,19,0,3,0,,0|0|0.899999976|0|0|0|0,0|0|0.899999976|0|0|0|0
849,849,6,2,2,0,0,0,0,0,0.0166666675,,19,0,19,0,,0,,0|0|1|0|0|0|0,0|0|1|0|0|0|0
850,850,6,1,1,255,255,0,0,0,0.0166666675,,19,0,19,0,3,0,,0|0|0.899999976|0|0|0|0,0|0|0.899999976|0|0|0|0
850,850,6,2,2,0,0,0,0,0,0.0166666675,,19,0,19,0,,0,,0|0|1|0|0|0|0,0|0|1|0|0|0|0
851,851,6,1,1,255,255,0,0,0,0.0166666675,,19,0,19,0,3,0,,0|0|0.899999976|0|0|0|0,0|0|0.899999976|0|0|0|0
851,851,6,2,2,0,0,0,0,0,0.0166666675,,19,0,19,0,,0,,0|0|1|0|0|0|0,0|0|1|0|0|0|0
852,852,6,1,1,255,255,0,0,0,0.0166666675,,19,0,19,0,3,0,,0|0|0.899999976|0|0|0|0,0|0|0.899999976|0|0|0|0
852,852,6,2,2,0,0,0,0,0,0.0166666675,,19,0,19,0,,0,,0|0|1|0|0|0|0,0|0|1|0|0|0|0
853,853,6,1,1,255,255,0,0,0,0.0166666675,,19,0,19,0,3,0,,0|0|0.899999976|0|0|0|0,0|0|0.899999976|0|0|0|0
853,853,6,2,2,0,0,0,0,0,0.0166666675,,19,0,19,0,,0,,0|0|1|0|0|0|0,0|0|1|0|0|0|0
854,854,6,1,1,255,255,0,0,0,0.0166666675,,19,0,19,0,3,0,,0|0|0.899999976|0|0|0|0,0|0|0.899999976|0|0|0|0
854,854,6,2,2,0,0,0,0,0,0.0166666675,,19,0,19,0,,0,,0|0|1|0|0|0|0,0|0|1|0|0|0|0
855,855,6,1,1,255,255,0,0,0,0.0166666675,,19,0,19,0,3,0,,0|0|0.899999976|0|0|0|0,0|0|0.899999976|0|0|0|0
855,855,6,2,2,0,0,0,0,0,0.0166666675,,19,0,19,0,,0,,0|0|1|0|0|0|0,0|0|1|0|0|0|0
856,856,6,1,1,255,255,0,0,0,0.0166666675,,19,0,19,0,3,0,,0|0|0.899999976|0|0|0|0,0|0|0.899999976|0|0|0|0
856,856,6,2,2,0,0,0,0,0,0.0166666675,,19,0,19,0,,0,,0|0|1|0|0|0|0,0|0|1|0|0|0|0
857,857,6,1,1,255,255,0,0,0,0.0166666675,,19,0,19,0,3,0,,0|0|0.899999976|0|0|0|0,0|0|0.899999976|0|0|0|0
857,857,6,2,2,0,0,0,0,0,0.0166666675,,19,0,19,0,,0,,0|0|1|0|0|0|0,0|0|1|0|0|0|0
858,858,6,1,1,255,255,0,0,0,0.0166666675,,19,0,19,0,3,0,,0|0|0.899999976|0|0|0|0,0|0|0.899999976|0|0|0|0
858,858,6,2,2,0,0,0,0,0,0.0166666675,,19,0,19,0,,0,,0|0|1|0|0|0|0,0|0|1|0|0|0|0
859,859,6,1,1,255,255,0,0,0,0.0166666675,,19,0,19,0,3,0,,0|0|0.899999976|0|0|0|0,0|0|0.899999976|0|0|0|0
859,859,6,2,2,0,0,0,0,0,0.0166666675,,19,0,19,0,,0,,0|0|1|0|0|0|0,0|0|1|0|0|0|0
860,860,6,1,1,255,255,0,0,0,0.0166666675,,19,0,19,0,3,0,,0|0|0.899999976|0|0|0|0,0|0|0.899999976|0|0|0|0
860,860,6,2,2,0,0,0,0,0,0.0166666675,,19,0,19,0,,0,,0|0|1|0|0|0|0,0|0|1|0|0|0|0
861,861,6,1,1,255,255,0,0,0,0.0166666675,,19,0,19,0,3,0,,0|0|0.899999976|0|0|0|0,0|0|0.899999976|0|0|0|0
861,861,6,2,2,0,0,0,0,0,0.0166666675,,19,0,19,0,,0,,0|0|1|0|0|0|0,0|0|1|0|0|0|0
862,862,6,1,1,255,255,0,0,0,0.0166666675,,19,0,19,0,3,0,,0|0|0.899999976|0|0|0|0,0|0|0.899999976|0|0|0|0
862,862,6,2,2,0,0,0,0,0,0.0166666675,,19,0,19,0,,0,,0|0|1|0|0|0|0,0|0|1|0|0|0|0
863,863,6,1,1,255,255,0,0,0,0.0166666675,,19,0,19,0,3,0,,0|0|0.899999976|0|0|0|0,0|0|0.899999976|0|0|0|0
863,863,6,2,2,0,0,0,0,0,0.0166666675,,19,0,19,0,,0,,0|0|1|0|0|0|0,0|0|1|0|0|0|0
864,864,6,1,1,255,255,0,0,0,0.0166666675,,19,0,19,0,3,0,,0|0|0.899999976|0|0|0|0,0|0|0.899999976|0|0|0|0
864,864,6,2,2,0,0,0,0,0,0.0166666675,,19,0,19,0,,0,,0|0|1|0|0|0|0,0|0|1|0|0|0|0
865,865,6,1,1,255,255,0,0,0,0.0166666675,,19,0,19,0,3,0,,0|0|0.899999976|0|0|0|0,0|0|0.899999976|0|0|0|0
865,865,6,2,2,0,0,0,0,0,0.0166666675,,19,0,19,0,,0,,0|0|1|0|0|0|0,0|0|1|0|0|0|0
866,866,6,1,1,255,255,0,0,0,0.0166666675,,19,0,19,0,3,0,,0|0|0.899999976|0|0|0|0,0|0|0.899999976|0|0|0|0
866,866,6,2,2,0,0,0,0,0,0.0166666675,,19,0,19,0,,0,,0|0|1|0|0|0|0,0|0|1|0|0|0|0
867,867,6,1,1,255,255,0,0,0,0.0166666675,,19,0,19,0,3,0,,0|0|0.899999976|0|0|0|0,0|0|0.899999976|0|0|0|0
867,867,6,2,2,0,0,0,0,0,0.0166666675,,19,0,19,0,,0,,0|0|1|0|0|0|0,0|0|1|0|0|0|0
868,868,6,1,1,255,255,0,0,0,0.0166666675,,19,0,19,0,3,0,,0|0|0.899999976|0|0|0|0,0|0|0.899999976|0|0|0|0
868,868,6,2,2,0,0,0,0,0,0.0166666675,,19,0,19,0,,0,,0|0|1|0|0|0|0,0|0|1|0|0|0|0
869,869,6,1,1,255,255,0,0,0,0.0166666675,,19,0,19,0,3,0,,0|0|0.899999976|0|0|0|0,0|0|0.899999976|0|0|0|0
869,869,6,2,2,0,0,0,0,0,0.0166666675,,19,0,19,0,,0,,0|0|1|0|0|0|0,0|0|1|0|0|0|0
870,870,6,1,1,255,255,0,0,0,0.0166666675,,19,0,19,0,3,0,,0|0|0.899999976|0|0|0|0,0|0|0.899999976|0|0|0|0
870,870,6,2,2,0,0,0,0,0,0.0166666675,,19,0,19,0,,0,,0|0|1|0|0|0|0,0|0|1|0|0|0|0
871,871,6,1,1,255,255,0,0,0,0.0166666675,,19,0,19,0,3,0,,0|0|0.899999976|0|0|0|0,0|0|0.899999976|0|0|0|0
871,871,6,2,2,0,0,0,0,0,0.0166666675,,19,0,19,0,,0,,0|0|1|0|0|0|0,0|0|1|0|0|0|0
872,872,6,1,1,255,255,0,0,0,0.0166666675,,19,0,19,0,3,0,,0|0|0.899999976|0|0|0|0,0|0|0.899999976|0|0|0|0
872,872,6,2,2,0,0,0,0,0,0.0166666675,,19,0,19,0,,0,,0|0|1|0|0|0|0,0|0|1|0|0|0|0
873,873,6,1,1,255,255,0,0,0,0.0166666675,,19,0,19,0,3,0,,0|0|0.899999976|0|0|0|0,0|0|0.899999976|0|0|0|0
873,873,6,2,2,0,0,0,0,0,0.0166666675,,19,0,19,0,,0,,0|0|1|0|0|0|0,0|0|1|0|0|0|0
874,874,6,1,1,255,255,0,0,0,0.0166666675,,19,0,19,0,3,0,,0|0|0.899999976|0|0|0|0,0|0|0.899999976|0|0|0|0
874,874,6,2,2,0,0,0,0,0,0.0166666675,,19,0,19,0,,0,,0|0|1|0|0|0|0,0|0|1|0|0|0|0
875,875,6,1,1,255,255,0,0,0,0.0166666675,,19,0,19,0,3,0,,0|0|0.899999976|0|0|0|0,0|0|0.899999976|0|0|0|0
875,875,6,2,2,0,0,0,0,0,0.0166666675,,19,0,19,0,,0,,0|0|1|0|0|0|0,0|0|1|0|0|0|0
876,876,6,1,1,255,255,0,0,0,0.0166666675,,19,0,19,0,3,0,,0|0|0.899999976|0|0|0|0,0|0|0.899999976|0|0|0|0
876,876,6,2,2,0,0,0,0,0,0.0166666675,,19,0,19,0,,0,,0|0|1|0|0|0|0,0|0|1|0|0|0|0
877,877,6,1,1,255,255,0,0,0,0.0166666675,,19,0,19,0,3,0,,0|0|0.899999976|0|0|0|0,0|0|0.899999976|0|0|0|0
877,877,6,2,2,0,0,0,0,0,0.0166666675,,19,0,19,0,,0,,0|0|1|0|0|0|0,0|0|1|0|0|0|0
878,878,6,1,1,255,255,0,0,0,0.0166666675,,19,0,19,0,3,0,,0|0|0.899999976|0|0|0|0,0|0|0.899999976|0|0|0|0
878,878,6,2,2,0,0,0,0,0,0.0166666675,,19,0,19,0,,0,,0|0|1|0|0|0|0,0|0|1|0|0|0|0
879,879,6,1,1,255,255,0,0,0,0.0166666675,,19,0,19,0,3,0,,0|0|0.899999976|0|0|0|0,0|0|0.899999976|0|0|0|0
879,879,6,2,2,0,0,0,0,0,0.0166666675,,19,0,19,0,,0,,0|0|1|0|0|0|0,0|0|1|0|0|0|0
880,880,6,1,1,255,255,0,0,0,0.0166666675,,19,0,19,0,3,0,,0|0|0.899999976|0|0|0|0,0|0|0.899999976|0|0|0|0
880,880,6,2,2,0,0,0,0,0,0.0166666675,,19,0,19,0,,0,,0|0|1|0|0|0|0,0|0|1|0|0|0|0
881,881,6,1,1,255,255,0,0,0,0.0166666675,,19,0,19,0,3,0,,0|0|0.899999976|0|0|0|0,0|0|0.899999976|0|0|0|0
881,881,6,2,2,0,0,0,0,0,0.0166666675,,19,0,19,0,,0,,0|0|1|0|0|0|0,0|0|1|0|0|0|0
882,882,6,1,1,255,255,0,0,0,0.0166666675,,19,0,19,0,3,0,,0|0|0.899999976|0|0|0|0,0|0|0.899999976|0|0|0|0
882,882,6,2,2,0,0,0,0,0,0.0166666675,,19,0,19,0,,0,,0|0|1|0|0|0|0,0|0|1|0|0|0|0
883,883,6,1,1,255,255,0,0,0,0.0166666675,,19,0,19,0,3,0,,0|0|0.899999976|0|0|0|0,0|0|0.899999976|0|0|0|0
883,883,6,2,2,0,0,0,0,0,0.0166666675,,19,0,19,0,,0,,0|0|1|0|0|0|0,0|0|1|0|0|0|0
884,884,6,1,1,255,255,0,0,0,0.0166666675,,19,0,19,0,3,0,,0|0|0.899999976|0|0|0|0,0|0|0.899999976|0|0|0|0
884,884,6,2,2,0,0,0,0,0,0.0166666675,,19,0,19,0,,0,,0|0|1|0|0|0|0,0|0|1|0|0|0|0
885,885,6,1,1,255,255,0,0,0,0.0166666675,,19,0,19,0,3,0,,0|0|0.899999976|0|0|0|0,0|0|0.899999976|0|0|0|0
885,885,6,2,2,0,0,0,0,0,0.0166666675,,19,0,19,0,,0,,0|0|1|0|0|0|0,0|0|1|0|0|0|0
886,886,6,1,1,255,255,0,0,0,0.0166666675,,19,0,19,0,3,0,,0|0|0.899999976|0|0|0|0,0|0|0.899999976|0|0|0|0
886,886,6,2,2,0,0,0,0,0,0.0166666675,,19,0,19,0,,0,,0|0|1|0|0|0|0,0|0|1|0|0|0|0
887,887,6,1,1,255,255,0,0,0,0.0166666675,,19,0,19,0,3,0,,0|0|0.899999976|0|0|0|0,0|0|0.899999976|0|0|0|0
887,887,6,2,2,0,0,0,0,0,0.0166666675,,19,0,19,0,,0,,0|0|1|0|0|0|0,0|0|1|0|0|0|0
888,888,6,1,1,255,255,0,0,0,0.0166666675,,19,0,19,0,3,0,,0|0|0.899999976|0|0|0|0,0|0|0.899999976|0|0|0|0
888,888,6,2,2,0,0,0,0,0,0.0166666675,,19,0,19,0,,0,,0|0|1|0|0|0|0,0|0|1|0|0|0|0
889,889,6,1,1,255,255,0,0,0,0.0166666675,,19,0,19,0,3,0,,0|0|0.899999976|0|0|0|0,0|0|0.899999976|0|0|0|0
889,889,6,2,2,0,0,0,0,0,0.0166666675,,19,0,19,0,,0,,0|0|1|0|0|0|0,0|0|1|0|0|0|0
890,890,6,1,1,255,255,0,0,0,0.0166666675,,19,0,19,0,3,0,,0|0|0.899999976|0|0|0|0,0|0|0.899999976|0|0|0|0
890,890,6,2,2,0,0,0,0,0,0.0166666675,,19,0,19,0,,0,,0|0|1|0|0|0|0,0|0|1|0|0|0|0
891,891,6,1,1,255,255,0,0,0,0.0166666675,,19,0,19,0,3,0,,0|0|0.899999976|0|0|0|0,0|0|0.899999976|0|0|0|0
891,891,6,2,2,0,0,0,0,0,0.0166666675,,19,0,19,0,,0,,0|0|1|0|0|0|0,0|0|1|0|0|0|0
892,892,6,1,1,255,255,0,0,0,0.0166666675,,19,0,19,0,3,0,,0|0|0.899999976|0|0|0|0,0|0|0.899999976|0|0|0|0
892,892,6,2,2,0,0,0,0,0,0.0166666675,,19,0,19,0,,0,,0|0|1|0|0|0|0,0|0|1|0|0|0|0
893,893,6,1,1,255,255,0,0,0,0.0166666675,,19,0,19,0,3,0,,0|0|0.899999976|0|0|0|0,0|0|0.899999976|0|0|0|0
893,893,6,2,2,0,0,0,0,0,0.0166666675,,19,0,19,0,,0,,0|0|1|0|0|0|0,0|0|1|0|0|0|0
894,894,6,1,1,255,255,0,0,0,0.0166666675,,19,0,19,0,3,0,,0|0|0.899999976|0|0|0|0,0|0|0.899999976|0|0|0|0
894,894,6,2,2,0,0,0,0,0,0.0166666675,,19,0,19,0,,0,,0|0|1|0|0|0|0,0|0|1|0|0|0|0
895,895,6,1,1,255,255,0,0,0,0.0166666675,,19,0,19,0,3,0,,0|0|0.899999976|0|0|0|0,0|0|0.899999976|0|0|0|0
895,895,6,2,2,0,0,0,0,0,0.0166666675,,19,0,19,0,,0,,0|0|1|0|0|0|0,0|0|1|0|0|0|0
896,896,6,1,1,255,255,0,0,0,0.0166666675,,19,0,19,0,3,0,,0|0|0.899999976|0|0|0|0,0|0|0.899999976|0|0|0|0
896,896,6,2,2,0,0,0,0,0,0.0166666675,,19,0,19,0,,0,,0|0|1|0|0|0|0,0|0|1|0|0|0|0
897,897,6,1,1,255,255,0,0,0,0.0166666675,,19,0,19,0,3,0,,0|0|0.899999976|0|0|0|0,0|0|0.899999976|0|0|0|0
897,897,6,2,2,0,0,0,0,0,0.0166666675,,19,0,19,0,,0,,0|0|1|0|0|0|0,0|0|1|0|0|0|0
898,898,6,1,1,255,255,0,0,0,0.0166666675,,19,0,19,0,3,0,,0|0|0.899999976|0|0|0|0,0|0|0.899999976|0|0|0|0
898,898,6,2,2,0,0,0,0,0,0.0166666675,,19,0,19,0,,0,,0|0|1|0|0|0|0,0|0|1|0|0|0|0
899,899,6,1,1,255,255,0,0,0,0.0166666675,,19,0,19,0,3,0,,0|0|0.899999976|0|0|0|0,0|0|0.899999976|0|0|0|0
899,899,6,2,2,0,0,0,0,0,0.0166666675,,19,0,19,0,,0,,0|0|1|0|0|0|0,0|0|1|0|0|0|0
900,900,6,1,1,255,255,0,0,0,0.0166666675,,19,0,19,0,3,0,,0|0|0.899999976|0|0|0|0,0|0|0.899999976|0|0|0|0
900,900,6,2,2,0,0,0,0,0,0.0166666675,,19,0,19,0,,0,,0|0|1|0|0|0|0,0|0|1|0|0|0|0
901,901,6,1,1,255,255,0,0,0,0.0166666675,,19,0,19,0,3,0,,0|0|0.899999976|0|0|0|0,0|0|0.899999976|0|0|0|0
901,901,6,2,2,0,0,0,0,0,0.0166666675,,19,0,19,0,,0,,0|0|1|0|0|0|0,0|0|1|0|0|0|0
902,902,6,1,1,255,255,0,0,0,0.0166666675,,19,0,19,0,3,0,,0|0|0.899999976|0|0|0|0,0|0|0.899999976|0|0|0|0
902,902,6,2,2,0,0,0,0,0,0.0166666675,,19,0,19,0,,0,,0|0|1|0|0|0|0,0|0|1|0|0|0|0
903,903,6,1,1,255,255,0,0,0,0.0166666675,,19,0,19,0,3,0,,0|0|0.899999976|0|0|0|0,0|0|0.899999976|0|0|0|0
903,903,6,2,2,0,0,0,0,0,0.0166666675,,19,0,19,0,,0,,0|0|1|0|0|0|0,0|0|1|0|0|0|0
904,904,6,1,1,255,255,0,0,0,0.0166666675,,19,0,19,0,3,0,,0|0|0.899999976|0|0|0|0,0|0|0.899999976|0|0|0|0
904,904,6,2,2,0,0,0,0,0,0.0166666675,,19,0,19,0,,0,,0|0|1|0|0|0|0,0|0|1|0|0|0|0
905,905,6,1,1,255,255,0,0,0,0.0166666675,,19,0,19,0,3,0,,0|0|0.899999976|0|0|0|0,0|0|0.899999976|0|0|0|0
905,905,6,2,2,0,0,0,0,0,0.0166666675,,19,0,19,0,,0,,0|0|1|0|0|0|0,0|0|1|0|0|0|0
906,906,6,1,1,255,255,0,0,0,0.0166666675,,19,0,19,0,3,0,,0|0|0.899999976|0|0|0|0,0|0|0.899999976|0|0|0|0
906,906,6,2,2,0,0,0,0,0,0.0166666675,,19,0,19,0,,0,,0|0|1|0|0|0|0,0|0|1|0|0|0|0
907,907,6,1,1,255,255,0,0,0,0.0166666675,,19,0,19,0,3,0,,0|0|0.899999976|0|0|0|0,0|0|0.899999976|0|0|0|0
907,907,6,2,2,0,0,0,0,0,0.0166666675,,19,0,19,0,,0,,0|0|1|0|0|0|0,0|0|1|0|0|0|0
908,908,6,1,1,255,255,0,0,0,0.0166666675,,19,0,19,0,3,0,,0|0|0.899999976|0|0|0|0,0|0|0.899999976|0|0|0|0
908,908,6,2,2,0,0,0,0,0,0.0166666675,,19,0,19,0,,0,,0|0|1|0|0|0|0,0|0|1|0|0|0|0
909,909,6,1,1,255,255,0,0,0,0.0166666675,,19,0,19,0,3,0,,0|0|0.899999976|0|0|0|0,0|0|0.899999976|0|0|0|0
909,909,6,2,2,0,0,0,0,0,0.0166666675,,19,0,19,0,,0,,0|0|1|0|0|0|0,0|0|1|0|0|0|0
910,910,6,1,1,255,255,0,0,0,0.0166666675,,19,0,19,0,3,0,,0|0|0.899999976|0|0|0|0,0|0|0.899999976|0|0|0|0
910,910,6,2,2,0,0,0,0,0,0.0166666675,,19,0,19,0,,0,,0|0|1|0|0|0|0,0|0|1|0|0|0|0
911,911,6,1,1,255,255,0,0,0,0.0166666675,,19,0,19,0,3,0,,0|0|0.899999976|0|0|0|0,0|0|0.899999976|0|0|0|0
911,911,6,2,2,0,0,0,0,0,0.0166666675,,19,0,19,0,,0,,0|0|1|0|0|0|0,0|0|1|0|0|0|0
912,912,6,1,1,255,255,0,0,0,0.0166666675,,19,0,19,0,3,0,,0|0|0.899999976|0|0|0|0,0|0|0.899999976|0|0|0|0
912,912,6,2,2,0,0,0,0,0,0.0166666675,,19,0,19,0,,0,,0|0|1|0|0|0|0,0|0|1|0|0|0|0
913,913,6,1,1,255,255,0,0,0,0.0166666675,,19,0,19,0,3,0,,0|0|0.899999976|0|0|0|0,0|0|0.899999976|0|0|0|0
913,913,6,2,2,0,0,0,0,0,0.0166666675,,19,0,19,0,,0,,0|0|1|0|0|0|0,0|0|1|0|0|0|0
914,914,6,1,1,255,255,0,0,0,0.0166666675,,19,0,19,0,3,0,,0|0|0.899999976|0|0|0|0,0|0|0.899999976|0|0|0|0
914,914,6,2,2,0,0,0,0,0,0.0166666675,,19,0,19,0,,0,,0|0|1|0|0|0|0,0|0|1|0|0|0|0
915,915,6,1,1,255,255,0,0,0,0.0166666675,,19,0,19,0,3,0,,0|0|0.899999976|0|0|0|0,0|0|0.899999976|0|0|0|0
915,915,6,2,2,0,0,0,0,0,0.0166666675,,19,0,19,0,,0,,0|0|1|0|0|0|0,0|0|1|0|0|0|0
916,916,6,1,1,255,255,0,0,0,0.0166666675,,19,0,19,0,3,0,,0|0|0.899999976|0|0|0|0,0|0|0.899999976|0|0|0|0
916,916,6,2,2,0,0,0,0,0,0.0166666675,,19,0,19,0,,0,,0|0|1|0|0|0|0,0|0|1|0|0|0|0
917,917,6,1,1,255,255,0,0,0,0.0166666675,,19,0,19,0,3,0,,0|0|0.899999976|0|0|0|0,0|0|0.899999976|0|0|0|0
917,917,6,2,2,0,0,0,0,0,0.0166666675,,19,0,19,0,,0,,0|0|1|0|0|0|0,0|0|1|0|0|0|0
918,918,6,1,1,255,255,0,0,0,0.0166666675,,19,0,19,0,3,0,,0|0|0.899999976|0|0|0|0,0|0|0.899999976|0|0|0|0
918,918,6,2,2,0,0,0,0,0,0.0166666675,,19,0,19,0,,0,,0|0|1|0|0|0|0,0|0|1|0|0|0|0
919,919,6,1,1,255,255,0,0,0,0.0166666675,,19,0,19,0,3,0,,0|0|0.899999976|0|0|0|0,0|0|0.899999976|0|0|0|0
919,919,6,2,2,0,0,0,0,0,0.0166666675,,19,0,19,0,,0,,0|0|1|0|0|0|0,0|0|1|0|0|0|0
920,920,6,1,1,255,255,0,0,0,0.0166666675,,19,0,19,0,3,0,,0|0|0.899999976|0|0|0|0,0|0|0.899999976|0|0|0|0
920,920,6,2,2,0,0,0,0,0,0.0166666675,,19,0,19,0,,0,,0|0|1|0|0|0|0,0|0|1|0|0|0|0
921,921,6,1,1,255,255,0,0,0,0.0166666675,,19,0,19,0,3,0,,0|0|0.899999976|0|0|0|0,0|0|0.899999976|0|0|0|0
921,921,6,2,2,0,0,0,0,0,0.0166666675,,19,0,19,0,,0,,0|0|1|0|0|0|0,0|0|1|0|0|0|0
922,922,6,1,1,255,255,0,0,0,0.0166666675,,19,0,19,0,3,0,,0|0|0.899999976|0|0|0|0,0|0|0.899999976|0|0|0|0
922,922,6,2,2,0,0,0,0,0,0.0166666675,,19,0,19,0,,0,,0|0|1|0|0|0|0,0|0|1|0|0|0|0
923,923,6,1,1,255,255,0,0,0,0.0166666675,,19,0,19,0,3,0,,0|0|0.899999976|0|0|0|0,0|0|0.899999976|0|0|0|0
923,923,6,2,2,0,0,0,0,0,0.0166666675,,19,0,19,0,,0,,0|0|1|0|0|0|0,0|0|1|0|0|0|0
924,924,6,1,1,255,255,0,0,0,0.0166666675,,19,0,19,0,3,0,,0|0|0.899999976|0|0|0|0,0|0|0.899999976|0|0|0|0
924,924,6,2,2,0,0,0,0,0,0.0166666675,,19,0,19,0,,0,,0|0|1|0|0|0|0,0|0|1|0|0|0|0
925,925,6,1,1,255,255,0,0,0,0.0166666675,,19,0,19,0,3,0,,0|0|0.899999976|0|0|0|0,0|0|0.899999976|0|0|0|0
925,925,6,2,2,0,0,0,0,0,0.0166666675,,19,0,19,0,,0,,0|0|1|0|0|0|0,0|0|1|0|0|0|0
926,926,6,1,1,255,255,0,0,0,0.0166666675,,19,0,19,0,3,0,,0|0|0.899999976|0|0|0|0,0|0|0.899999976|0|0|0|0
926,926,6,2,2,0,0,0,0,0,0.0166666675,,19,0,19,0,,0,,0|0|1|0|0|0|0,0|0|1|0|0|0|0
927,927,6,1,1,255,255,0,0,0,0.0166666675,,19,0,19,0,3,0,,0|0|0.899999976|0|0|0|0,0|0|0.899999976|0|0|0|0
927,927,6,2,2,0,0,0,0,0,0.0166666675,,19,0,19,0,,0,,0|0|1|0|0|0|0,0|0|1|0|0|0|0
928,928,6,1,1,255,255,0,0,0,0.0166666675,,19,0,19,0,3,0,,0|0|0.899999976|0|0|0|0,0|0|0.899999976|0|0|0|0
928,928,6,2,2,0,0,0,0,0,0.0166666675,,19,0,19,0,,0,,0|0|1|0|0|0|0,0|0|1|0|0|0|0
929,929,6,1,1,255,255,0,0,0,0.0166666675,,19,0,19,0,3,0,,0|0|0.899999976|0|0|0|0,0|0|0.899999976|0|0|0|0
929,929,6,2,2,0,0,0,0,0,0.0166666675,,19,0,19,0,,0,,0|0|1|0|0|0|0,0|0|1|0|0|0|0
930,930,6,1,1,255,255,0,0,0,0.0166666675,,19,0,19,0,3,0,,0|0|0.899999976|0|0|0|0,0|0|0.899999976|0|0|0|0
930,930,6,2,2,0,0,0,0,0,0.0166666675,,19,0,19,0,,0,,0|0|1|0|0|0|0,0|0|1|0|0|0|0
931,931,6,1,1,255,255,0,0,0,0.0166666675,,19,0,19,0,3,0,,0|0|0.899999976|0|0|0|0,0|0|0.899999976|0|0|0|0
931,931,6,2,2,0,0,0,0,0,0.0166666675,,19,0,19,0,,0,,0|0|1|0|0|0|0,0|0|1|0|0|0|0
932,932,6,1,1,255,255,0,0,0,0.0166666675,,19,0,19,0,3,0,,0|0|0.899999976|0|0|0|0,0|0|0.899999976|0|0|0|0
932,932,6,2,2,0,0,0,0,0,0.0166666675,,19,0,19,0,,0,,0|0|1|0|0|0|0,0|0|1|0|0|0|0
933,933,6,1,1,255,255,0,0,0,0.0166666675,,19,0,19,0,3,0,,0|0|0.899999976|0|0|0|0,0|0|0.899999976|0|0|0|0
933,933,6,2,2,0,0,0,0,0,0.0166666675,,19,0,19,0,,0,,0|0|1|0|0|0|0,0|0|1|0|0|0|0
934,934,6,1,1,255,255,0,0,0,0.0166666675,,19,0,19,0,3,0,,0|0|0.899999976|0|0|0|0,0|0|0.899999976|0|0|0|0
934,934,6,2,2,0,0,0,0,0,0.0166666675,,19,0,19,0,,0,,0|0|1|0|0|0|0,0|0|1|0|0|0|0
935,935,6,1,1,255,255,0,0,0,0.0166666675,,19,0,19,0,3,0,,0|0|0.899999976|0|0|0|0,0|0|0.899999976|0|0|0|0
935,935,6,2,2,0,0,0,0,0,0.0166666675,,19,0,19,0,,0,,0|0|1|0|0|0|0,0|0|1|0|0|0|0
936,936,6,1,1,255,255,0,0,0,0.0166666675,,19,0,19,0,3,0,,0|0|0.899999976|0|0|0|0,0|0|0.899999976|0|0|0|0
936,936,6,2,2,0,0,0,0,0,0.0166666675,,19,0,19,0,,0,,0|0|1|0|0|0|0,0|0|1|0|0|0|0
937,937,6,1,1,255,255,0,0,0,0.0166666675,,19,0,19,0,3,0,,0|0|0.899999976|0|0|0|0,0|0|0.899999976|0|0|0|0
937,937,6,2,2,0,0,0,0,0,0.0166666675,,19,0,19,0,,0,,0|0|1|0|0|0|0,0|0|1|0|0|0|0
938,938,6,1,1,255,255,0,0,0,0.0166666675,,19,0,19,0,3,0,,0|0|0.899999976|0|0|0|0,0|0|0.899999976|0|0|0|0
938,938,6,2,2,0,0,0,0,0,0.0166666675,,19,0,19,0,,0,,0|0|1|0|0|0|0,0|0|1|0|0|0|0
939,939,6,1,1,255,255,0,0,0,0.0166666675,,19,0,19,0,3,0,,0|0|0.899999976|0|0|0|0,0|0|0.899999976|0|0|0|0
939,939,6,2,2,0,0,0,0,0,0.0166666675,,19,0,19,0,,0,,0|0|1|0|0|0|0,0|0|1|0|0|0|0
940,940,6,1,1,255,255,0,0,0,0.0166666675,,19,0,19,0,3,0,,0|0|0.899999976|0|0|0|0,0|0|0.899999976|0|0|0|0
940,940,6,2,2,0,0,0,0,0,0.0166666675,,19,0,19,0,,0,,0|0|1|0|0|0|0,0|0|1|0|0|0|0
941,941,6,1,1,255,255,0,0,0,0.0166666675,,19,0,19,0,3,0,,0|0|0.899999976|0|0|0|0,0|0|0.899999976|0|0|0|0
941,941,6,2,2,0,0,0,0,0,0.0166666675,,19,0,19,0,,0,,0|0|1|0|0|0|0,0|0|1|0|0|0|0
942,942,6,1,1,255,255,0,0,0,0.0166666675,,19,0,19,0,3,0,,0|0|0.899999976|0|0|0|0,0|0|0.899999976|0|0|0|0
942,942,6,2,2,0,0,0,0,0,0.0166666675,,19,0,19,0,,0,,0|0|1|0|0|0|0,0|0|1|0|0|0|0
943,943,6,1,1,255,255,0,0,0,0.0166666675,,19,0,19,0,3,0,,0|0|0.899999976|0|0|0|0,0|0|0.899999976|0|0|0|0
943,943,6,2,2,0,0,0,0,0,0.0166666675,,19,0,19,0,,0,,0|0|1|0|0|0|0,0|0|1|0|0|0|0
944,944,6,1,1,255,255,0,0,0,0.0166666675,,19,0,19,0,3,0,,0|0|0.899999976|0|0|0|0,0|0|0.899999976|0|0|0|0
944,944,6,2,2,0,0,0,0,0,0.0166666675,,19,0,19,0,,0,,0|0|1|0|0|0|0,0|0|1|0|0|0|0
945,945,6,1,1,255,255,0,0,0,0.0166666675,,19,0,19,0,3,0,,0|0|0.899999976|0|0|0|0,0|0|0.899999976|0|0|0|0
945,945,6,2,2,0,0,0,0,0,0.0166666675,,19,0,19,0,,0,,0|0|1|0|0|0|0,0|0|1|0|0|0|0
946,946,6,1,1,255,255,0,0,0,0.0166666675,,19,0,19,0,3,0,,0|0|0.899999976|0|0|0|0,0|0|0.899999976|0|0|0|0
946,946,6,2,2,0,0,0,0,0,0.0166666675,,19,0,19,0,,0,,0|0|1|0|0|0|0,0|0|1|0|0|0|0
947,947,6,1,1,255,255,0,0,0,0.0166666675,,19,0,19,0,3,0,,0|0|0.899999976|0|0|0|0,0|0|0.899999976|0|0|0|0
947,947,6,2,2,0,0,0,0,0,0.0166666675,,19,0,19,0,,0,,0|0|1|0|0|0|0,0|0|1|0|0|0|0
948,948,6,1,1,255,255,0,0,0,0.0166666675,,19,0,19,0,3,0,,0|0|0.899999976|0|0|0|0,0|0|0.899999976|0|0|0|0
948,948,6,2,2,0,0,0,0,0,0.0166666675,,19,0,19,0,,0,,0|0|1|0|0|0|0,0|0|1|0|0|0|0
949,949,6,1,1,255,255,0,0,0,0.0166666675,,19,0,19,0,3,0,,0|0|0.899999976|0|0|0|0,0|0|0.899999976|0|0|0|0
949,949,6,2,2,0,0,0,0,0,0.0166666675,,19,0,19,0,,0,,0|0|1|0|0|0|0,0|0|1|0|0|0|0
950,950,6,1,1,255,255,0,0,0,0.0166666675,,19,0,19,0,3,0,,0|0|0.899999976|0|0|0|0,0|0|0.899999976|0|0|0|0
950,950,6,2,2,0,0,0,0,0,0.0166666675,,19,0,19,0,,0,,0|0|1|0|0|0|0,0|0|1|0|0|0|0
951,951,6,1,1,255,255,0,0,0,0.0166666675,,19,0,19,0,3,0,,0|0|0.899999976|0|0|0|0,0|0|0.899999976|0|0|0|0
951,951,6,2,2,0,0,0,0,0,0.0166666675,,19,0,19,0,,0,,0|0|1|0|0|0|0,0|0|1|0|0|0|0
952,952,6,1,1,255,255,0,0,0,0.0166666675,,19,0,19,0,3,0,,0|0|0.899999976|0|0|0|0,0|0|0.899999976|0|0|0|0
952,952,6,2,2,0,0,0,0,0,0.0166666675,,19,0,19,0,,0,,0|0|1|0|0|0|0,0|0|1|0|0|0|0
953,953,6,1,1,255,255,0,0,0,0.0166666675,,19,0,19,0,3,0,,0|0|0.899999976|0|0|0|0,0|0|0.899999976|0|0|0|0
953,953,6,2,2,0,0,0,0,0,0.0166666675,,19,0,19,0,,0,,0|0|1|0|0|0|0,0|0|1|0|0|0|0
954,954,6,1,1,255,255,0,0,0,0.0166666675,,19,0,19,0,3,0,,0|0|0.899999976|0|0|0|0,0|0|0.899999976|0|0|0|0
954,954,6,2,2,0,0,0,0,0,0.0166666675,,19,0,19,0,,0,,0|0|1|0|0|0|0,0|0|1|0|0|0|0
955,955,6,1,1,255,255,0,0,0,0.0166666675,,19,0,19,0,3,0,,0|0|0.899999976|0|0|0|0,0|0|0.899999976|0|0|0|0
955,955,6,2,2,0,0,0,0,0,0.0166666675,,19,0,19,0,,0,,0|0|1|0|0|0|0,0|0|1|0|0|0|0
956,956,6,1,1,255,255,0,0,0,0.0166666675,,19,0,19,0,3,0,,0|0|0.899999976|0|0|0|0,0|0|0.899999976|0|0|0|0
956,956,6,2,2,0,0,0,0,0,0.0166666675,,19,0,19,0,,0,,0|0|1|0|0|0|0,0|0|1|0|0|0|0
957,957,6,1,1,255,255,0,0,0,0.0166666675,,19,0,19,0,3,0,,0|0|0.899999976|0|0|0|0,0|0|0.899999976|0|0|0|0
957,957,6,2,2,0,0,0,0,0,0.0166666675,,19,0,19,0,,0,,0|0|1|0|0|0|0,0|0|1|0|0|0|0
958,958,6,1,1,255,255,0,0,0,0.0166666675,,19,0,19,0,3,0,,0|0|0.899999976|0|0|0|0,0|0|0.899999976|0|0|0|0
958,958,6,2,2,0,0,0,0,0,0.0166666675,,19,0,19,0,,0,,0|0|1|0|0|0|0,0|0|1|0|0|0|0
959,959,6,1,1,255,255,0,0,0,0.0166666675,,19,0,19,0,3,0,,0|0|0.899999976|0|0|0|0,0|0|0.899999976|0|0|0|0
959,959,6,2,2,0,0,0,0,0,0.0166666675,,19,0,19,0,,0,,0|0|1|0|0|0|0,0|0|1|0|0|0|0
960,960,6,1,1,255,255,0,0,0,0.0166666675,,19,0,19,0,3,0,,0|0|0.899999976|0|0|0|0,0|0|0.899999976|0|0|0|0
960,960,6,2,2,0,0,0,0,0,0.0166666675,,19,0,19,0,,0,,0|0|1|0|0|0|0,0|0|1|0|0|0|0
961,961,6,1,1,255,255,0,0,0,0.0166666675,,19,0,19,0,3,0,,0|0|0.899999976|0|0|0|0,0|0|0.899999976|0|0|0|0
961,961,6,2,2,0,0,0,0,0,0.0166666675,,19,0,19,0,,0,,0|0|1|0|0|0|0,0|0|1|0|0|0|0
962,962,6,1,1,255,255,0,0,0,0.0166666675,,19,0,19,0,3,0,,0|0|0.899999976|0|0|0|0,0|0|0.899999976|0|0|0|0
962,962,6,2,2,0,0,0,0,0,0.0166666675,,19,0,19,0,,0,,0|0|1|0|0|0|0,0|0|1|0|0|0|0
963,963,6,1,1,255,255,0,0,0,0.0166666675,,19,0,19,0,3,0,,0|0|0.899999976|0|0|0|0,0|0|0.899999976|0|0|0|0
963,963,6,2,2,0,0,0,0,0,0.0166666675,,19,0,19,0,,0,,0|0|1|0|0|0|0,0|0|1|0|0|0|0
964,964,6,1,1,255,255,0,0,0,0.0166666675,,19,0,19,0,3,0,,0|0|0.899999976|0|0|0|0,0|0|0.899999976|0|0|0|0
964,964,6,2,2,0,0,0,0,0,0.0166666675,,19,0,19,0,,0,,0|0|1|0|0|0|0,0|0|1|0|0|0|0
965,965,6,1,1,255,255,0,0,0,0.0166666675,,19,0,19,0,3,0,,0|0|0.899999976|0|0|0|0,0|0|0.899999976|0|0|0|0
965,965,6,2,2,0,0,0,0,0,0.0166666675,,19,0,19,0,,0,,0|0|1|0|0|0|0,0|0|1|0|0|0|0
966,966,6,1,1,255,255,0,0,0,0.0166666675,,19,0,19,0,3,0,,0|0|0.899999976|0|0|0|0,0|0|0.899999976|0|0|0|0
966,966,6,2,2,0,0,0,0,0,0.0166666675,,19,0,19,0,,0,,0|0|1|0|0|0|0,0|0|1|0|0|0|0
967,967,6,1,1,255,255,0,0,0,0.0166666675,,19,0,19,0,3,0,,0|0|0.899999976|0|0|0|0,0|0|0.899999976|0|0|0|0
967,967,6,2,2,0,0,0,0,0,0.0166666675,,19,0,19,0,,0,,0|0|1|0|0|0|0,0|0|1|0|0|0|0
968,968,6,1,1,255,255,0,0,0,0.0166666675,,19,0,19,0,3,0,,0|0|0.899999976|0|0|0|0,0|0|0.899999976|0|0|0|0
968,968,6,2,2,0,0,0,0,0,0.0166666675,,19,0,19,0,,0,,0|0|1|0|0|0|0,0|0|1|0|0|0|0
969,969,6,1,1,255,255,0,0,0,0.0166666675,,19,0,19,0,3,0,,0|0|0.899999976|0|0|0|0,0|0|0.899999976|0|0|0|0
969,969,6,2,2,0,0,0,0,0,0.0166666675,,19,0,19,0,,0,,0|0|1|0|0|0|0,0|0|1|0|0|0|0
970,970,6,1,1,255,255,0,0,0,0.0166666675,,19,0,19,0,3,0,,0|0|0.899999976|0|0|0|0,0|0|0.899999976|0|0|0|0
970,970,6,2,2,0,0,0,0,0,0.0166666675,,19,0,19,0,,0,,0|0|1|0|0|0|0,0|0|1|0|0|0|0
971,971,6,1,1,255,255,0,0,0,0.0166666675,,19,0,19,0,3,0,,0|0|0.899999976|0|0|0|0,0|0|0.899999976|0|0|0|0
971,971,6,2,2,0,0,0,0,0,0.0166666675,,19,0,19,0,,0,,0|0|1|0|0|0|0,0|0|1|0|0|0|0
972,972,6,1,1,255,255,0,0,0,0.0166666675,,19,0,19,0,3,0,,0|0|0.899999976|0|0|0|0,0|0|0.899999976|0|0|0|0
972,972,6,2,2,0,0,0,0,0,0.0166666675,,19,0,19,0,,0,,0|0|1|0|0|0|0,0|0|1|0|0|0|0
973,973,6,1,1,255,255,0,0,0,0.0166666675,,19,0,19,0,3,0,,0|0|0.899999976|0|0|0|0,0|0|0.899999976|0|0|0|0
973,973,6,2,2,0,0,0,0,0,0.0166666675,,19,0,19,0,,0,,0|0|1|0|0|0|0,0|0|1|0|0|0|0
974,974,6,1,1,255,255,0,0,0,0.0166666675,,19,0,19,0,3,0,,0|0|0.899999976|0|0|0|0,0|0|0.899999976|0|0|0|0
974,974,6,2,2,0,0,0,0,0,0.0166666675,,19,0,19,0,,0,,0|0|1|0|0|0|0,0|0|1|0|0|0|0
975,975,6,1,1,255,255,0,0,0,0.0166666675,,19,0,19,0,3,0,,0|0|0.899999976|0|0|0|0,0|0|0.899999976|0|0|0|0
975,975,6,2,2,0,0,0,0,0,0.0166666675,,19,0,19,0,,0,,0|0|1|0|0|0|0,0|0|1|0|0|0|0
976,976,6,1,1,255,255,0,0,0,0.0166666675,,19,0,19,0,3,0,,0|0|0.899999976|0|0|0|0,0|0|0.899999976|0|0|0|0
976,976,6,2,2,0,0,0,0,0,0.0166666675,,19,0,19,0,,0,,0|0|1|0|0|0|0,0|0|1|0|0|0|0
977,977,6,1,1,255,255,0,0,0,0.0166666675,,19,0,19,0,3,0,,0|0|0.899999976|0|0|0|0,0|0|0.899999976|0|0|0|0
977,977,6,2,2,0,0,0,0,0,0.0166666675,,19,0,19,0,,0,,0|0|1|0|0|0|0,0|0|1|0|0|0|0
978,978,6,1,1,255,255,0,0,0,0.0166666675,,19,0,19,0,3,0,,0|0|0.899999976|0|0|0|0,0|0|0.899999976|0|0|0|0
978,978,6,2,2,0,0,0,0,0,0.0166666675,,19,0,19,0,,0,,0|0|1|0|0|0|0,0|0|1|0|0|0|0
979,979,6,1,1,255,255,0,0,0,0.0166666675,,19,0,19,0,3,0,,0|0|0.899999976|0|0|0|0,0|0|0.899999976|0|0|0|0
979,979,6,2,2,0,0,0,0,0,0.0166666675,,19,0,19,0,,0,,0|0|1|0|0|0|0,0|0|1|0|0|0|0
980,980,6,1,1,255,255,0,0,0,0.0166666675,,19,0,19,0,3,0,,0|0|0.899999976|0|0|0|0,0|0|0.899999976|0|0|0|0
980,980,6,2,2,0,0,0,0,0,0.0166666675,,19,0,19,0,,0,,0|0|1|0|0|0|0,0|0|1|0|0|0|0
981,981,6,1,1,255,255,0,0,0,0.0166666675,,19,0,19,0,3,0,,0|0|0.899999976|0|0|0|0,0|0|0.899999976|0|0|0|0
981,981,6,2,2,0,0,0,0,0,0.0166666675,,19,0,19,0,,0,,0|0|1|0|0|0|0,0|0|1|0|0|0|0
982,982,6,1,1,255,255,0,0,0,0.0166666675,,19,0,19,0,3,0,,0|0|0.899999976|0|0|0|0,0|0|0.899999976|0|0|0|0
982,982,6,2,2,0,0,0,0,0,0.0166666675,,19,0,19,0,,0,,0|0|1|0|0|0|0,0|0|1|0|0|0|0
983,983,6,1,1,255,255,0,0,0,0.0166666675,,19,0,19,0,3,0,,0|0|0.899999976|0|0|0|0,0|0|0.899999976|0|0|0|0
983,983,6,2,2,0,0,0,0,0,0.0166666675,,19,0,19,0,,0,,0|0|1|0|0|0|0,0|0|1|0|0|0|0
984,984,6,1,1,255,255,0,0,0,0.0166666675,,19,0,19,0,3,0,,0|0|0.899999976|0|0|0|0,0|0|0.899999976|0|0|0|0
984,984,6,2,2,0,0,0,0,0,0.0166666675,,19,0,19,0,,0,,0|0|1|0|0|0|0,0|0|1|0|0|0|0
985,985,6,1,1,255,255,0,0,0,0.0166666675,,19,0,19,0,3,0,,0|0|0.899999976|0|0|0|0,0|0|0.899999976|0|0|0|0
985,985,6,2,2,0,0,0,0,0,0.0166666675,,19,0,19,0,,0,,0|0|1|0|0|0|0,0|0|1|0|0|0|0
986,986,6,1,1,255,255,0,0,0,0.0166666675,,19,0,19,0,3,0,,0|0|0.899999976|0|0|0|0,0|0|0.899999976|0|0|0|0
986,986,6,2,2,0,0,0,0,0,0.0166666675,,19,0,19,0,,0,,0|0|1|0|0|0|0,0|0|1|0|0|0|0
987,987,6,1,1,255,255,0,0,0,0.0166666675,,19,0,19,0,3,0,,0|0|0.899999976|0|0|0|0,0|0|0.899999976|0|0|0|0
987,987,6,2,2,0,0,0,0,0,0.0166666675,,19,0,19,0,,0,,0|0|1|0|0|0|0,0|0|1|0|0|0|0
988,988,6,1,1,255,255,0,0,0,0.0166666675,,19,0,19,0,3,0,,0|0|0.899999976|0|0|0|0,0|0|0.899999976|0|0|0|0
988,988,6,2,2,0,0,0,0,0,0.0166666675,,19,0,19,0,,0,,0|0|1|0|0|0|0,0|0|1|0|0|0|0
989,989,6,1,1,255,255,0,0,0,0.0166666675,,19,0,19,0,3,0,,0|0|0.899999976|0|0|0|0,0|0|0.899999976|0|0|0|0
989,989,6,2,2,0,0,0,0,0,0.0166666675,,19,0,19,0,,0,,0|0|1|0|0|0|0,0|0|1|0|0|0|0
990,990,6,1,1,255,255,0,0,0,0.0166666675,,19,0,19,0,3,0,,0|0|0.899999976|0|0|0|0,0|0|0.899999976|0|0|0|0
990,990,6,2,2,0,0,0,0,0,0.0166666675,,19,0,19,0,,0,,0|0|1|0|0|0|0,0|0|1|0|0|0|0
991,991,6,1,1,255,255,0,0,0,0.0166666675,,19,0,19,0,3,0,,0|0|0.899999976|0|0|0|0,0|0|0.899999976|0|0|0|0
991,991,6,2,2,0,0,0,0,0,0.0166666675,,19,0,19,0,,0,,0|0|1|0|0|0|0,0|0|1|0|0|0|0
992,992,6,1,1,255,255,0,0,0,0.0166666675,,19,0,19,0,3,0,,0|0|0.899999976|0|0|0|0,0|0|0.899999976|0|0|0|0
992,992,6,2,2,0,0,0,0,0,0.0166666675,,19,0,19,0,,0,,0|0|1|0|0|0|0,0|0|1|0|0|0|0
993,993,6,1,1,255,255,0,0,0,0.0166666675,,19,0,19,0,3,0,,0|0|0.899999976|0|0|0|0,0|0|0.899999976|0|0|0|0
993,993,6,2,2,0,0,0,0,0,0.0166666675,,19,0,19,0,,0,,0|0|1|0|0|0|0,0|0|1|0|0|0|0
994,994,6,1,1,255,255,0,0,0,0.0166666675,,19,0,19,0,3,0,,0|0|0.899999976|0|0|0|0,0|0|0.899999976|0|0|0|0
994,994,6,2,2,0,0,0,0,0,0.0166666675,,19,0,19,0,,0,,0|0|1|0|0|0|0,0|0|1|0|0|0|0
995,995,6,1,1,255,255,0,0,0,0.0166666675,,19,0,19,0,3,0,,0|0|0.899999976|0|0|0|0,0|0|0.899999976|0|0|0|0
995,995,6,2,2,0,0,0,0,0,0.0166666675,,19,0,19,0,,0,,0|0|1|0|0|0|0,0|0|1|0|0|0|0
996,996,6,1,1,255,255,0,0,0,0.0166666675,,19,0,19,0,3,0,,0|0|0.899999976|0|0|0|0,0|0|0.899999976|0|0|0|0
996,996,6,2,2,0,0,0,0,0,0.0166666675,,19,0,19,0,,0,,0|0|1|0|0|0|0,0|0|1|0|0|0|0
997,997,6,1,1,255,255,0,0,0,0.0166666675,,19,0,19,0,3,0,,0|0|0.899999976|0|0|0|0,0|0|0.899999976|0|0|0|0
997,997,6,2,2,0,0,0,0,0,0.0166666675,,19,0,19,0,,0,,0|0|1|0|0|0|0,0|0|1|0|0|0|0
998,998,6,1,1,255,255,0,0,0,0.0166666675,,19,0,19,0,3,0,,0|0|0.899999976|0|0|0|0,0|0|0.899999976|0|0|0|0
998,998,6,2,2,0,0,0,0,0,0.0166666675,,19,0,19,0,,0,,0|0|1|0|0|0|0,0|0|1|0|0|0|0
999,999,6,1,1,255,255,0,0,0,0.0166666675,,19,0,19,0,3,0,,0|0|0.899999976|0|0|0|0,0|0|0.899999976|0|0|0|0
999,999,6,2,2,0,0,0,0,0,0.0166666675,,19,0,19,0,,0,,0|0|1|0|0|0|0,0|0|1|0|0|0|0
1000,1000,6,1,1,255,255,0,0,0,0.0166666675,,19,0,19,0,3,0,,0|0|0.899999976|0|0|0|0,0|0|0.899999976|0|0|0|0
1000,1000,6,2,2,0,0,0,0,0,0.0166666675,,19,0,19,0,,0,,0|0|1|0|0|0|0,0|0|1|0|0|0|0
1001,1001,6,1,1,255,255,0,0,0,0.0166666675,,19,0,19,0,3,0,,0|0|0.899999976|0|0|0|0,0|0|0.899999976|0|0|0|0
1001,1001,6,2,2,0,0,0,0,0,0.0166666675,,19,0,19,0,,0,,0|0|1|0|0|0|0,0|0|1|0|0|0|0
1002,1002,6,1,1,255,255,0,0,0,0.0166666675,,19,0,19,0,3,0,,0|0|0.899999976|0|0|0|0,0|0|0.899999976|0|0|0|0
1002,1002,6,2,2,0,0,0,0,0,0.0166666675,,19,0,19,0,,0,,0|0|1|0|0|0|0,0|0|1|0|0|0|0
1003,1003,6,1,1,255,255,0,0,0,0.0166666675,,19,0,19,0,3,0,,0|0|0.899999976|0|0|0|0,0|0|0.899999976|0|0|0|0
1003,1003,6,2,2,0,0,0,0,0,0.0166666675,,19,0,19,0,,0,,0|0|1|0|0|0|0,0|0|1|0|0|0|0
1004,1004,6,1,1,255,255,0,0,0,0.0166666675,,19,0,19,0,3,0,,0|0|0.899999976|0|0|0|0,0|0|0.899999976|0|0|0|0
1004,1004,6,2,2,0,0,0,0,0,0.0166666675,,19,0,19,0,,0,,0|0|1|0|0|0|0,0|0|1|0|0|0|0
1005,1005,6,1,1,255,255,0,0,0,0.0166666675,,19,0,19,0,3,0,,0|0|0.899999976|0|0|0|0,0|0|0.899999976|0|0|0|0
1005,1005,6,2,2,0,0,0,0,0,0.0166666675,,19,0,19,0,,0,,0|0|1|0|0|0|0,0|0|1|0|0|0|0
1006,1006,6,1,1,255,255,0,0,0,0.0166666675,,19,0,19,0,3,0,,0|0|0.899999976|0|0|0|0,0|0|0.899999976|0|0|0|0
1006,1006,6,2,2,0,0,0,0,0,0.0166666675,,19,0,19,0,,0,,0|0|1|0|0|0|0,0|0|1|0|0|0|0
1007,1007,6,1,1,255,255,0,0,0,0.0166666675,,19,0,19,0,3,0,,0|0|0.899999976|0|0|0|0,0|0|0.899999976|0|0|0|0
1007,1007,6,2,2,0,0,0,0,0,0.0166666675,,19,0,19,0,,0,,0|0|1|0|0|0|0,0|0|1|0|0|0|0
1008,1008,6,1,1,255,255,0,0,0,0.0166666675,,19,0,19,0,3,0,,0|0|0.899999976|0|0|0|0,0|0|0.899999976|0|0|0|0
1008,1008,6,2,2,0,0,0,0,0,0.0166666675,,19,0,19,0,,0,,0|0|1|0|0|0|0,0|0|1|0|0|0|0
1009,1009,6,1,1,255,255,0,0,0,0.0166666675,,19,0,19,0,3,0,,0|0|0.899999976|0|0|0|0,0|0|0.899999976|0|0|0|0
1009,1009,6,2,2,0,0,0,0,0,0.0166666675,,19,0,19,0,,0,,0|0|1|0|0|0|0,0|0|1|0|0|0|0
1010,1010,6,1,1,255,255,0,0,0,0.0166666675,,19,0,19,0,3,0,,0|0|0.899999976|0|0|0|0,0|0|0.899999976|0|0|0|0
1010,1010,6,2,2,0,0,0,0,0,0.0166666675,,19,0,19,0,,0,,0|0|1|0|0|0|0,0|0|1|0|0|0|0
1011,1011,6,1,1,255,255,0,0,0,0.0166666675,,19,0,19,0,3,0,,0|0|0.899999976|0|0|0|0,0|0|0.899999976|0|0|0|0
1011,1011,6,2,2,0,0,0,0,0,0.0166666675,,19,0,19,0,,0,,0|0|1|0|0|0|0,0|0|1|0|0|0|0
1012,1012,6,1,1,255,255,0,0,0,0.0166666675,,19,0,19,0,3,0,,0|0|0.899999976|0|0|0|0,0|0|0.899999976|0|0|0|0
1012,1012,6,2,2,0,0,0,0,0,0.0166666675,,19,0,19,0,,0,,0|0|1|0|0|0|0,0|0|1|0|0|0|0
1013,1013,6,1,1,255,255,0,0,0,0.0166666675,,19,0,19,0,3,0,,0|0|0.899999976|0|0|0|0,0|0|0.899999976|0|0|0|0
1013,1013,6,2,2,0,0,0,0,0,0.0166666675,,19,0,19,0,,0,,0|0|1|0|0|0|0,0|0|1|0|0|0|0
1014,1014,6,1,1,255,255,0,0,0,0.0166666675,,19,0,19,0,3,0,,0|0|0.899999976|0|0|0|0,0|0|0.899999976|0|0|0|0
1014,1014,6,2,2,0,0,0,0,0,0.0166666675,,19,0,19,0,,0,,0|0|1|0|0|0|0,0|0|1|0|0|0|0
1015,1015,6,1,1,255,255,0,0,0,0.0166666675,,19,0,19,0,3,0,,0|0|0.899999976|0|0|0|0,0|0|0.899999976|0|0|0|0
1015,1015,6,2,2,0,0,0,0,0,0.0166666675,,19,0,19,0,,0,,0|0|1|0|0|0|0,0|0|1|0|0|0|0
1016,1016,6,1,1,255,255,0,0,0,0.0166666675,,19,0,19,0,3,0,,0|0|0.899999976|0|0|0|0,0|0|0.899999976|0|0|0|0
1016,1016,6,2,2,0,0,0,0,0,0.0166666675,,19,0,19,0,,0,,0|0|1|0|0|0|0,0|0|1|0|0|0|0
1017,1017,6,1,1,255,255,0,0,0,0.0166666675,,19,0,19,0,3,0,,0|0|0.899999976|0|0|0|0,0|0|0.899999976|0|0|0|0
1017,1017,6,2,2,0,0,0,0,0,0.0166666675,,19,0,19,0,,0,,0|0|1|0|0|0|0,0|0|1|0|0|0|0
1018,1018,6,1,1,255,255,0,0,0,0.0166666675,,19,0,19,0,3,0,,0|0|0.899999976|0|0|0|0,0|0|0.899999976|0|0|0|0
1018,1018,6,2,2,0,0,0,0,0,0.0166666675,,19,0,19,0,,0,,0|0|1|0|0|0|0,0|0|1|0|0|0|0
1019,1019,6,1,1,255,255,0,0,0,0.0166666675,,19,0,19,0,3,0,,0|0|0.899999976|0|0|0|0,0|0|0.899999976|0|0|0|0
1019,1019,6,2,2,0,0,0,0,0,0.0166666675,,19,0,19,0,,0,,0|0|1|0|0|0|0,0|0|1|0|0|0|0
1020,1020,6,1,1,255,255,0,0,0,0.0166666675,,19,0,19,0,3,0,,0|0|0.899999976|0|0|0|0,0|0|0.899999976|0|0|0|0
1020,1020,6,2,2,0,0,0,0,0,0.0166666675,,19,0,19,0,,0,,0|0|1|0|0|0|0,0|0|1|0|0|0|0
1021,1021,6,1,1,255,255,0,0,0,0.0166666675,,19,0,19,0,3,0,,0|0|0.899999976|0|0|0|0,0|0|0.899999976|0|0|0|0
1021,1021,6,2,2,0,0,0,0,0,0.0166666675,,19,0,19,0,,0,,0|0|1|0|0|0|0,0|0|1|0|0|0|0
1022,1022,6,1,1,255,255,0,0,0,0.0166666675,,19,0,19,0,3,0,,0|0|0.899999976|0|0|0|0,0|0|0.899999976|0|0|0|0
1022,1022,6,2,2,0,0,0,0,0,0.0166666675,,19,0,19,0,,0,,0|0|1|0|0|0|0,0|0|1|0|0|0|0
1023,1023,6,1,1,255,255,0,0,0,0.0166666675,,19,0,19,0,3,0,,0|0|0.899999976|0|0|0|0,0|0|0.899999976|0|0|0|0
1023,1023,6,2,2,0,0,0,0,0,0.0166666675,,19,0,19,0,,0,,0|0|1|0|0|0|0,0|0|1|0|0|0|0
1024,1024,6,1,1,255,255,0,0,0,0.0166666675,,19,0,19,0,3,0,,0|0|0.899999976|0|0|0|0,0|0|0.899999976|0|0|0|0
1024,1024,6,2,2,0,0,0,0,0,0.0166666675,,19,0,19,0,,0,,0|0|1|0|0|0|0,0|0|1|0|0|0|0
1025,1025,6,1,1,255,255,0,0,0,0.0166666675,,19,0,19,0,3,0,,0|0|0.899999976|0|0|0|0,0|0|0.899999976|0|0|0|0
1025,1025,6,2,2,0,0,0,0,0,0.0166666675,,19,0,19,0,,0,,0|0|1|0|0|0|0,0|0|1|0|0|0|0
1026,1026,6,1,1,255,255,0,0,0,0.0166666675,,19,0,19,0,3,0,,0|0|0.899999976|0|0|0|0,0|0|0.899999976|0|0|0|0
1026,1026,6,2,2,0,0,0,0,0,0.0166666675,,19,0,19,0,,0,,0|0|1|0|0|0|0,0|0|1|0|0|0|0
1027,1027,6,1,1,255,255,0,0,0,0.0166666675,,19,0,19,0,3,0,,0|0|0.899999976|0|0|0|0,0|0|0.899999976|0|0|0|0
1027,1027,6,2,2,0,0,0,0,0,0.0166666675,,19,0,19,0,,0,,0|0|1|0|0|0|0,0|0|1|0|0|0|0
1028,1028,6,1,1,255,255,0,0,0,0.0166666675,,19,0,19,0,3,0,,0|0|0.899999976|0|0|0|0,0|0|0.899999976|0|0|0|0
1028,1028,6,2,2,0,0,0,0,0,0.0166666675,,19,0,19,0,,0,,0|0|1|0|0|0|0,0|0|1|0|0|0|0
1029,1029,6,1,1,255,255,0,0,0,0.0166666675,,19,0,19,0,3,0,,0|0|0.899999976|0|0|0|0,0|0|0.899999976|0|0|0|0
1029,1029,6,2,2,0,0,0,0,0,0.0166666675,,19,0,19,0,,0,,0|0|1|0|0|0|0,0|0|1|0|0|0|0
1030,1030,6,1,1,255,255,0,0,0,0.0166666675,,19,0,19,0,3,0,,0|0|0.899999976|0|0|0|0,0|0|0.899999976|0|0|0|0
1030,1030,6,2,2,0,0,0,0,0,0.0166666675,,19,0,19,0,,0,,0|0|1|0|0|0|0,0|0|1|0|0|0|0
1031,1031,6,1,1,255,255,0,0,0,0.0166666675,,19,0,19,0,3,0,,0|0|0.899999976|0|0|0|0,0|0|0.899999976|0|0|0|0
1031,1031,6,2,2,0,0,0,0,0,0.0166666675,,19,0,19,0,,0,,0|0|1|0|0|0|0,0|0|1|0|0|0|0
1032,1032,6,1,1,255,255,0,0,0,0.0166666675,,19,0,19,0,3,0,,0|0|0.899999976|0|0|0|0,0|0|0.899999976|0|0|0|0
1032,1032,6,2,2,0,0,0,0,0,0.0166666675,,19,0,19,0,,0,,0|0|1|0|0|0|0,0|0|1|0|0|0|0
1033,1033,6,1,1,255,255,0,0,0,0.0166666675,,19,0,19,0,3,0,,0|0|0.899999976|0|0|0|0,0|0|0.899999976|0|0|0|0
1033,1033,6,2,2,0,0,0,0,0,0.0166666675,,19,0,19,0,,0,,0|0|1|0|0|0|0,0|0|1|0|0|0|0
1034,1034,6,1,1,255,255,0,0,0,0.0166666675,,19,0,19,0,3,0,,0|0|0.899999976|0|0|0|0,0|0|0.899999976|0|0|0|0
1034,1034,6,2,2,0,0,0,0,0,0.0166666675,,19,0,19,0,,0,,0|0|1|0|0|0|0,0|0|1|0|0|0|0
1035,1035,6,1,1,255,255,0,0,0,0.0166666675,,19,0,19,0,3,0,,0|0|0.899999976|0|0|0|0,0|0|0.899999976|0|0|0|0
1035,1035,6,2,2,0,0,0,0,0,0.0166666675,,19,0,19,0,,0,,0|0|1|0|0|0|0,0|0|1|0|0|0|0
1036,1036,6,1,1,255,255,0,0,0,0.0166666675,,19,0,19,0,3,0,,0|0|0.899999976|0|0|0|0,0|0|0.899999976|0|0|0|0
1036,1036,6,2,2,0,0,0,0,0,0.0166666675,,19,0,19,0,,0,,0|0|1|0|0|0|0,0|0|1|0|0|0|0
1037,1037,6,1,1,255,255,0,0,0,0.0166666675,,19,0,19,0,3,0,,0|0|0.899999976|0|0|0|0,0|0|0.899999976|0|0|0|0
1037,1037,6,2,2,0,0,0,0,0,0.0166666675,,19,0,19,0,,0,,0|0|1|0|0|0|0,0|0|1|0|0|0|0
1038,1038,6,1,1,255,255,0,0,0,0.0166666675,,19,0,19,0,3,0,,0|0|0.899999976|0|0|0|0,0|0|0.899999976|0|0|0|0
1038,1038,6,2,2,0,0,0,0,0,0.0166666675,,19,0,19,0,,0,,0|0|1|0|0|0|0,0|0|1|0|0|0|0
1039,1039,6,1,1,255,255,0,0,0,0.0166666675,,19,0,19,0,3,0,,0|0|0.899999976|0|0|0|0,0|0|0.899999976|0|0|0|0
1039,1039,6,2,2,0,0,0,0,0,0.0166666675,,19,0,19,0,,0,,0|0|1|0|0|0|0,0|0|1|0|0|0|0
1040,1040,6,1,1,255,255,0,0,0,0.0166666675,,19,0,19,0,3,0,,0|0|0.899999976|0|0|0|0,0|0|0.899999976|0|0|0|0
1040,1040,6,2,2,0,0,0,0,0,0.0166666675,,19,0,19,0,,0,,0|0|1|0|0|0|0,0|0|1|0|0|0|0
1041,1041,6,1,1,255,255,0,0,0,0.0166666675,,19,0,19,0,3,0,,0|0|0.899999976|0|0|0|0,0|0|0.899999976|0|0|0|0
1041,1041,6,2,2,0,0,0,0,0,0.0166666675,,19,0,19,0,,0,,0|0|1|0|0|0|0,0|0|1|0|0|0|0
1042,1042,6,1,1,255,255,0,0,0,0.0166666675,,19,0,19,0,3,0,,0|0|0.899999976|0|0|0|0,0|0|0.899999976|0|0|0|0
1042,1042,6,2,2,0,0,0,0,0,0.0166666675,,19,0,19,0,,0,,0|0|1|0|0|0|0,0|0|1|0|0|0|0
1043,1043,6,1,1,255,255,0,0,0,0.0166666675,,19,0,19,0,3,0,,0|0|0.899999976|0|0|0|0,0|0|0.899999976|0|0|0|0
1043,1043,6,2,2,0,0,0,0,0,0.0166666675,,19,0,19,0,,0,,0|0|1|0|0|0|0,0|0|1|0|0|0|0
1044,1044,6,1,1,255,255,0,0,0,0.0166666675,,19,0,19,0,3,0,,0|0|0.899999976|0|0|0|0,0|0|0.899999976|0|0|0|0
1044,1044,6,2,2,0,0,0,0,0,0.0166666675,,19,0,19,0,,0,,0|0|1|0|0|0|0,0|0|1|0|0|0|0
1045,1045,6,1,1,255,255,0,0,0,0.0166666675,,19,0,19,0,3,0,,0|0|0.899999976|0|0|0|0,0|0|0.899999976|0|0|0|0
1045,1045,6,2,2,0,0,0,0,0,0.0166666675,,19,0,19,0,,0,,0|0|1|0|0|0|0,0|0|1|0|0|0|0
1046,1046,6,1,1,255,255,0,0,0,0.0166666675,,19,0,19,0,3,0,,0|0|0.899999976|0|0|0|0,0|0|0.899999976|0|0|0|0
1046,1046,6,2,2,0,0,0,0,0,0.0166666675,,19,0,19,0,,0,,0|0|1|0|0|0|0,0|0|1|0|0|0|0
1047,1047,6,1,1,255,255,0,0,0,0.0166666675,,19,0,19,0,3,0,,0|0|0.899999976|0|0|0|0,0|0|0.899999976|0|0|0|0
1047,1047,6,2,2,0,0,0,0,0,0.0166666675,,19,0,19,0,,0,,0|0|1|0|0|0|0,0|0|1|0|0|0|0
1048,1048,6,1,1,255,255,0,0,0,0.0166666675,,19,0,19,0,3,0,,0|0|0.899999976|0|0|0|0,0|0|0.899999976|0|0|0|0
1048,1048,6,2,2,0,0,0,0,0,0.0166666675,,19,0,19,0,,0,,0|0|1|0|0|0|0,0|0|1|0|0|0|0
1049,1049,6,1,1,255,255,0,0,0,0.0166666675,,19,0,19,0,3,0,,0|0|0.899999976|0|0|0|0,0|0|0.899999976|0|0|0|0
1049,1049,6,2,2,0,0,0,0,0,0.0166666675,,19,0,19,0,,0,,0|0|1|0|0|0|0,0|0|1|0|0|0|0
1050,1050,6,1,1,255,255,0,0,0,0.0166666675,,19,0,19,0,3,0,,0|0|0.899999976|0|0|0|0,0|0|0.899999976|0|0|0|0
1050,1050,6,2,2,0,0,0,0,0,0.0166666675,,19,0,19,0,,0,,0|0|1|0|0|0|0,0|0|1|0|0|0|0
1051,1051,6,1,1,255,255,0,0,0,0.0166666675,,19,0,19,0,3,0,,0|0|0.899999976|0|0|0|0,0|0|0.899999976|0|0|0|0
1051,1051,6,2,2,0,0,0,0,0,0.0166666675,,19,0,19,0,,0,,0|0|1|0|0|0|0,0|0|1|0|0|0|0
1052,1052,6,1,1,255,255,0,0,0,0.0166666675,,19,0,19,0,3,0,,0|0|0.899999976|0|0|0|0,0|0|0.899999976|0|0|0|0
1052,1052,6,2,2,0,0,0,0,0,0.0166666675,,19,0,19,0,,0,,0|0|1|0|0|0|0,0|0|1|0|0|0|0
1053,1053,6,1,1,255,255,0,0,0,0.0166666675,,19,0,19,0,3,0,,0|0|0.899999976|0|0|0|0,0|0|0.899999976|0|0|0|0
1053,1053,6,2,2,0,0,0,0,0,0.0166666675,,19,0,19,0,,0,,0|0|1|0|0|0|0,0|0|1|0|0|0|0
1054,1054,6,1,1,255,255,0,0,0,0.0166666675,,19,0,19,0,3,0,,0|0|0.899999976|0|0|0|0,0|0|0.899999976|0|0|0|0
1054,1054,6,2,2,0,0,0,0,0,0.0166666675,,19,0,19,0,,0,,0|0|1|0|0|0|0,0|0|1|0|0|0|0
1055,1055,6,1,1,255,255,0,0,0,0.0166666675,,19,0,19,0,3,0,,0|0|0.899999976|0|0|0|0,0|0|0.899999976|0|0|0|0
1055,1055,6,2,2,0,0,0,0,0,0.0166666675,,19,0,19,0,,0,,0|0|1|0|0|0|0,0|0|1|0|0|0|0
1056,1056,6,1,1,255,255,0,0,0,0.0166666675,,19,0,19,0,3,0,,0|0|0.899999976|0|0|0|0,0|0|0.899999976|0|0|0|0
1056,1056,6,2,2,0,0,0,0,0,0.0166666675,,19,0,19,0,,0,,0|0|1|0|0|0|0,0|0|1|0|0|0|0
1057,1057,6,1,1,255,255,0,0,0,0.0166666675,,19,0,19,0,3,0,,0|0|0.899999976|0|0|0|0,0|0|0.899999976|0|0|0|0
1057,1057,6,2,2,0,0,0,0,0,0.0166666675,,19,0,19,0,,0,,0|0|1|0|0|0|0,0|0|1|0|0|0|0
1058,1058,6,1,1,255,255,0,0,0,0.0166666675,,19,0,19,0,3,0,,0|0|0.899999976|0|0|0|0,0|0|0.899999976|0|0|0|0
1058,1058,6,2,2,0,0,0,0,0,0.0166666675,,19,0,19,0,,0,,0|0|1|0|0|0|0,0|0|1|0|0|0|0
1059,1059,6,1,1,255,255,0,0,0,0.0166666675,,19,0,19,0,3,0,,0|0|0.899999976|0|0|0|0,0|0|0.899999976|0|0|0|0
1059,1059,6,2,2,0,0,0,0,0,0.0166666675,,19,0,19,0,,0,,0|0|1|0|0|0|0,0|0|1|0|0|0|0
1060,1060,6,1,1,255,255,0,0,0,0.0166666675,,19,0,19,0,3,0,,0|0|0.899999976|0|0|0|0,0|0|0.899999976|0|0|0|0
1060,1060,6,2,2,0,0,0,0,0,0.0166666675,,19,0,19,0,,0,,0|0|1|0|0|0|0,0|0|1|0|0|0|0
1061,1061,6,1,1,255,255,0,0,0,0.0166666675,,19,0,19,0,3,0,,0|0|0.899999976|0|0|0|0,0|0|0.899999976|0|0|0|0
1061,1061,6,2,2,0,0,0,0,0,0.0166666675,,19,0,19,0,,0,,0|0|1|0|0|0|0,0|0|1|0|0|0|0
1062,1062,6,1,1,255,255,0,0,0,0.0166666675,,19,0,19,0,3,0,,0|0|0.899999976|0|0|0|0,0|0|0.899999976|0|0|0|0
1062,1062,6,2,2,0,0,0,0,0,0.0166666675,,19,0,19,0,,0,,0|0|1|0|0|0|0,0|0|1|0|0|0|0
1063,1063,6,1,1,255,255,0,0,0,0.0166666675,,19,0,19,0,3,0,,0|0|0.899999976|0|0|0|0,0|0|0.899999976|0|0|0|0
1063,1063,6,2,2,0,0,0,0,0,0.0166666675,,19,0,19,0,,0,,0|0|1|0|0|0|0,0|0|1|0|0|0|0
1064,1064,6,1,1,255,255,0,0,0,0.0166666675,,19,0,19,0,3,0,,0|0|0.899999976|0|0|0|0,0|0|0.899999976|0|0|0|0
1064,1064,6,2,2,0,0,0,0,0,0.0166666675,,19,0,19,0,,0,,0|0|1|0|0|0|0,0|0|1|0|0|0|0
1065,1065,6,1,1,255,255,0,0,0,0.0166666675,,19,0,19,0,3,0,,0|0|0.899999976|0|0|0|0,0|0|0.899999976|0|0|0|0
1065,1065,6,2,2,0,0,0,0,0,0.0166666675,,19,0,19,0,,0,,0|0|1|0|0|0|0,0|0|1|0|0|0|0
1066,1066,6,1,1,255,255,0,0,0,0.0166666675,,19,0,19,0,3,0,,0|0|0.899999976|0|0|0|0,0|0|0.899999976|0|0|0|0
1066,1066,6,2,2,0,0,0,0,0,0.0166666675,,19,0,19,0,,0,,0|0|1|0|0|0|0,0|0|1|0|0|0|0
1067,1067,6,1,1,255,255,0,0,0,0.0166666675,,19,0,19,0,3,0,,0|0|0.899999976|0|0|0|0,0|0|0.899999976|0|0|0|0
1067,1067,6,2,2,0,0,0,0,0,0.0166666675,,19,0,19,0,,0,,0|0|1|0|0|0|0,0|0|1|0|0|0|0
1068,1068,6,1,1,255,255,0,0,0,0.0166666675,,19,0,19,0,3,0,,0|0|0.899999976|0|0|0|0,0|0|0.899999976|0|0|0|0
1068,1068,6,2,2,0,0,0,0,0,0.0166666675,,19,0,19,0,,0,,0|0|1|0|0|0|0,0|0|1|0|0|0|0
1069,1069,6,1,1,255,255,0,0,0,0.0166666675,,19,0,19,0,3,0,,0|0|0.899999976|0|0|0|0,0|0|0.899999976|0|0|0|0
1069,1069,6,2,2,0,0,0,0,0,0.0166666675,,19,0,19,0,,0,,0|0|1|0|0|0|0,0|0|1|0|0|0|0
1070,1070,6,1,1,255,255,0,0,0,0.0166666675,,19,0,19,0,3,0,,0|0|0.899999976|0|0|0|0,0|0|0.899999976|0|0|0|0
1070,1070,6,2,2,0,0,0,0,0,0.0166666675,,19,0,19,0,,0,,0|0|1|0|0|0|0,0|0|1|0|0|0|0
1071,1071,6,1,1,255,255,0,0,0,0.0166666675,,19,0,19,0,3,0,,0|0|0.899999976|0|0|0|0,0|0|0.899999976|0|0|0|0
1071,1071,6,2,2,0,0,0,0,0,0.0166666675,,19,0,19,0,,0,,0|0|1|0|0|0|0,0|0|1|0|0|0|0
1072,1072,6,1,1,255,255,0,0,0,0.0166666675,,19,0,19,0,3,0,,0|0|0.899999976|0|0|0|0,0|0|0.899999976|0|0|0|0
1072,1072,6,2,2,0,0,0,0,0,0.0166666675,,19,0,19,0,,0,,0|0|1|0|0|0|0,0|0|1|0|0|0|0
1073,1073,6,1,1,255,255,0,0,0,0.0166666675,,19,0,19,0,3,0,,0|0|0.899999976|0|0|0|0,0|0|0.899999976|0|0|0|0
1073,1073,6,2,2,0,0,0,0,0,0.0166666675,,19,0,19,0,,0,,0|0|1|0|0|0|0,0|0|1|0|0|0|0
1074,1074,6,1,1,255,255,0,0,0,0.0166666675,,19,0,19,0,3,0,,0|0|0.899999976|0|0|0|0,0|0|0.899999976|0|0|0|0
1074,1074,6,2,2,0,0,0,0,0,0.0166666675,,19,0,19,0,,0,,0|0|1|0|0|0|0,0|0|1|0|0|0|0
1075,1075,6,1,1,255,255,0,0,0,0.0166666675,,19,0,19,0,3,0,,0|0|0.899999976|0|0|0|0,0|0|0.899999976|0|0|0|0
1075,1075,6,2,2,0,0,0,0,0,0.0166666675,,19,0,19,0,,0,,0|0|1|0|0|0|0,0|0|1|0|0|0|0
1076,1076,6,1,1,255,255,0,0,0,0.0166666675,,19,0,19,0,3,0,,0|0|0.899999976|0|0|0|0,0|0|0.899999976|0|0|0|0
1076,1076,6,2,2,0,0,0,0,0,0.0166666675,,19,0,19,0,,0,,0|0|1|0|0|0|0,0|0|1|0|0|0|0
1077,1077,6,1,1,255,255,0,0,0,0.0166666675,,19,0,19,0,3,0,,0|0|0.899999976|0|0|0|0,0|0|0.899999976|0|0|0|0
1077,1077,6,2,2,0,0,0,0,0,0.0166666675,,19,0,19,0,,0,,0|0|1|0|0|0|0,0|0|1|0|0|0|0
1078,1078,6,1,1,255,255,0,0,0,0.0166666675,,19,0,19,0,3,0,,0|0|0.899999976|0|0|0|0,0|0|0.899999976|0|0|0|0
1078,1078,6,2,2,0,0,0,0,0,0.0166666675,,19,0,19,0,,0,,0|0|1|0|0|0|0,0|0|1|0|0|0|0
1079,1079,6,1,1,255,255,0,0,0,0.0166666675,,19,0,19,0,3,0,,0|0|0.899999976|0|0|0|0,0|0|0.899999976|0|0|0|0
1079,1079,6,2,2,0,0,0,0,0,0.0166666675,,19,0,19,0,,0,,0|0|1|0|0|0|0,0|0|1|0|0|0|0
1080,1080,6,1,1,255,255,0,0,0,0.0166666675,,19,0,19,0,3,0,,0|0|0.899999976|0|0|0|0,0|0|0.899999976|0|0|0|0
1080,1080,6,2,2,0,0,0,0,0,0.0166666675,,19,0,19,0,,0,,0|0|1|0|0|0|0,0|0|1|0|0|0|0
1081,1081,6,1,1,255,255,0,0,0,0.0166666675,,19,0,19,0,3,0,,0|0|0.899999976|0|0|0|0,0|0|0.899999976|0|0|0|0
1081,1081,6,2,2,0,0,0,0,0,0.0166666675,,19,0,19,0,,0,,0|0|1|0|0|0|0,0|0|1|0|0|0|0
1082,1082,6,1,1,255,255,0,0,0,0.0166666675,,19,0,19,0,3,0,,0|0|0.899999976|0|0|0|0,0|0|0.899999976|0|0|0|0
1082,1082,6,2,2,0,0,0,0,0,0.0166666675,,19,0,19,0,,0,,0|0|1|0|0|0|0,0|0|1|0|0|0|0
1083,1083,6,1,1,255,255,0,0,0,0.0166666675,,19,0,19,0,3,0,,0|0|0.899999976|0|0|0|0,0|0|0.899999976|0|0|0|0
1083,1083,6,2,2,0,0,0,0,0,0.0166666675,,19,0,19,0,,0,,0|0|1|0|0|0|0,0|0|1|0|0|0|0
1084,1084,6,1,1,255,255,0,0,0,0.0166666675,,19,0,19,0,3,0,,0|0|0.899999976|0|0|0|0,0|0|0.899999976|0|0|0|0
1084,1084,6,2,2,0,0,0,0,0,0.0166666675,,19,0,19,0,,0,,0|0|1|0|0|0|0,0|0|1|0|0|0|0
1085,1085,6,1,1,255,255,0,0,0,0.0166666675,,19,0,19,0,3,0,,0|0|0.899999976|0|0|0|0,0|0|0.899999976|0|0|0|0
1085,1085,6,2,2,0,0,0,0,0,0.0166666675,,19,0,19,0,,0,,0|0|1|0|0|0|0,0|0|1|0|0|0|0
1086,1086,6,1,1,255,255,0,0,0,0.0166666675,,19,0,19,0,3,0,,0|0|0.899999976|0|0|0|0,0|0|0.899999976|0|0|0|0
1086,1086,6,2,2,0,0,0,0,0,0.0166666675,,19,0,19,0,,0,,0|0|1|0|0|0|0,0|0|1|0|0|0|0
1087,1087,6,1,1,255,255,0,0,0,0.0166666675,,19,0,19,0,3,0,,0|0|0.899999976|0|0|0|0,0|0|0.899999976|0|0|0|0
1087,1087,6,2,2,0,0,0,0,0,0.0166666675,,19,0,19,0,,0,,0|0|1|0|0|0|0,0|0|1|0|0|0|0
1088,1088,6,1,1,255,255,0,0,0,0.0166666675,,19,0,19,0,3,0,,0|0|0.899999976|0|0|0|0,0|0|0.899999976|0|0|0|0
1088,1088,6,2,2,0,0,0,0,0,0.0166666675,,19,0,19,0,,0,,0|0|1|0|0|0|0,0|0|1|0|0|0|0
1089,1089,6,1,1,255,255,0,0,0,0.0166666675,,19,0,19,0,3,0,,0|0|0.899999976|0|0|0|0,0|0|0.899999976|0|0|0|0
1089,1089,6,2,2,0,0,0,0,0,0.0166666675,,19,0,19,0,,0,,0|0|1|0|0|0|0,0|0|1|0|0|0|0
1090,1090,6,1,1,255,255,0,0,0,0.0166666675,,19,0,19,0,3,0,,0|0|0.899999976|0|0|0|0,0|0|0.899999976|0|0|0|0
1090,1090,6,2,2,0,0,0,0,0,0.0166666675,,19,0,19,0,,0,,0|0|1|0|0|0|0,0|0|1|0|0|0|0
1091,1091,6,1,1,255,255,0,0,0,0.0166666675,,19,0,19,0,3,0,,0|0|0.899999976|0|0|0|0,0|0|0.899999976|0|0|0|0
1091,1091,6,2,2,0,0,0,0,0,0.0166666675,,19,0,19,0,,0,,0|0|1|0|0|0|0,0|0|1|0|0|0|0
1092,1092,6,1,1,255,255,0,0,0,0.0166666675,,19,0,19,0,3,0,,0|0|0.899999976|0|0|0|0,0|0|0.899999976|0|0|0|0
1092,1092,6,2,2,0,0,0,0,0,0.0166666675,,19,0,19,0,,0,,0|0|1|0|0|0|0,0|0|1|0|0|0|0
1093,1093,6,1,1,255,255,0,0,0,0.0166666675,,19,0,19,0,3,0,,0|0|0.899999976|0|0|0|0,0|0|0.899999976|0|0|0|0
1093,1093,6,2,2,0,0,0,0,0,0.0166666675,,19,0,19,0,,0,,0|0|1|0|0|0|0,0|0|1|0|0|0|0
1094,1094,6,1,1,255,255,0,0,0,0.0166666675,,19,0,19,0,3,0,,0|0|0.899999976|0|0|0|0,0|0|0.899999976|0|0|0|0
1094,1094,6,2,2,0,0,0,0,0,0.0166666675,,19,0,19,0,,0,,0|0|1|0|0|0|0,0|0|1|0|0|0|0
1095,1095,6,1,1,255,255,0,0,0,0.0166666675,,19,0,19,0,3,0,,0|0|0.899999976|0|0|0|0,0|0|0.899999976|0|0|0|0
1095,1095,6,2,2,0,0,0,0,0,0.0166666675,,19,0,19,0,,0,,0|0|1|0|0|0|0,0|0|1|0|0|0|0
1096,1096,6,1,1,255,255,0,0,0,0.0166666675,,19,0,19,0,3,0,,0|0|0.899999976|0|0|0|0,0|0|0.899999976|0|0|0|0
1096,1096,6,2,2,0,0,0,0,0,0.0166666675,,19,0,19,0,,0,,0|0|1|0|0|0|0,0|0|1|0|0|0|0
1097,1097,6,1,1,255,255,0,0,0,0.0166666675,,19,0,19,0,3,0,,0|0|0.899999976|0|0|0|0,0|0|0.899999976|0|0|0|0
1097,1097,6,2,2,0,0,0,0,0,0.0166666675,,19,0,19,0,,0,,0|0|1|0|0|0|0,0|0|1|0|0|0|0
1098,1098,6,1,1,255,255,0,0,0,0.0166666675,,19,0,19,0,3,0,,0|0|0.899999976|0|0|0|0,0|0|0.899999976|0|0|0|0
1098,1098,6,2,2,0,0,0,0,0,0.0166666675,,19,0,19,0,,0,,0|0|1|0|0|0|0,0|0|1|0|0|0|0
1099,1099,6,1,1,255,255,0,0,0,0.0166666675,,19,0,19,0,3,0,,0|0|0.899999976|0|0|0|0,0|0|0.899999976|0|0|0|0
1099,1099,6,2,2,0,0,0,0,0,0.0166666675,,19,0,19,0,,0,,0|0|1|0|0|0|0,0|0|1|0|0|0|0
1100,1100,6,1,1,255,255,0,0,0,0.0166666675,,19,0,19,0,3,0,,0|0|0.899999976|0|0|0|0,0|0|0.899999976|0|0|0|0
1100,1100,6,2,2,0,0,0,0,0,0.0166666675,,19,0,19,0,,0,,0|0|1|0|0|0|0,0|0|1|0|0|0|0
1101,1101,6,1,1,255,255,0,0,0,0.0166666675,,19,0,19,0,3,0,,0|0|0.899999976|0|0|0|0,0|0|0.899999976|0|0|0|0
1101,1101,6,2,2,0,0,0,0,0,0.0166666675,,19,0,19,0,,0,,0|0|1|0|0|0|0,0|0|1|0|0|0|0
1102,1102,6,1,1,255,255,0,0,0,0.0166666675,,19,0,19,0,3,0,,0|0|0.899999976|0|0|0|0,0|0|0.899999976|0|0|0|0
1102,1102,6,2,2,0,0,0,0,0,0.0166666675,,19,0,19,0,,0,,0|0|1|0|0|0|0,0|0|1|0|0|0|0
1103,1103,6,1,1,255,255,0,0,0,0.0166666675,,19,0,19,0,3,0,,0|0|0.899999976|0|0|0|0,0|0|0.899999976|0|0|0|0
1103,1103,6,2,2,0,0,0,0,0,0.0166666675,,19,0,19,0,,0,,0|0|1|0|0|0|0,0|0|1|0|0|0|0
1104,1104,6,1,1,255,255,0,0,0,0.0166666675,,19,0,19,0,3,0,,0|0|0.899999976|0|0|0|0,0|0|0.899999976|0|0|0|0
1104,1104,6,2,2,0,0,0,0,0,0.0166666675,,19,0,19,0,,0,,0|0|1|0|0|0|0,0|0|1|0|0|0|0
1105,1105,6,1,1,255,255,0,0,0,0.0166666675,,19,0,19,0,3,0,,0|0|0.899999976|0|0|0|0,0|0|0.899999976|0|0|0|0
1105,1105,6,2,2,0,0,0,0,0,0.0166666675,,19,0,19,0,,0,,0|0|1|0|0|0|0,0|0|1|0|0|0|0
1106,1106,6,1,1,255,255,0,0,0,0.0166666675,,19,0,19,0,3,0,,0|0|0.899999976|0|0|0|0,0|0|0.899999976|0|0|0|0
1106,1106,6,2,2,0,0,0,0,0,0.0166666675,,19,0,19,0,,0,,0|0|1|0|0|0|0,0|0|1|0|0|0|0
1107,1107,6,1,1,255,255,0,0,0,0.0166666675,,19,0,19,0,3,0,,0|0|0.899999976|0|0|0|0,0|0|0.899999976|0|0|0|0
1107,1107,6,2,2,0,0,0,0,0,0.0166666675,,19,0,19,0,,0,,0|0|1|0|0|0|0,0|0|1|0|0|0|0
1108,1108,6,1,1,255,255,0,0,0,0.0166666675,,19,0,19,0,3,0,,0|0|0.899999976|0|0|0|0,0|0|0.899999976|0|0|0|0
1108,1108,6,2,2,0,0,0,0,0,0.0166666675,,19,0,19,0,,0,,0|0|1|0|0|0|0,0|0|1|0|0|0|0
1109,1109,6,1,1,255,255,0,0,0,0.0166666675,,19,0,19,0,3,0,,0|0|0.899999976|0|0|0|0,0|0|0.899999976|0|0|0|0
1109,1109,6,2,2,0,0,0,0,0,0.0166666675,,19,0,19,0,,0,,0|0|1|0|0|0|0,0|0|1|0|0|0|0
1110,1110,6,1,1,255,255,0,0,0,0.0166666675,,19,0,19,0,3,0,,0|0|0.899999976|0|0|0|0,0|0|0.899999976|0|0|0|0
1110,1110,6,2,2,0,0,0,0,0,0.0166666675,,19,0,19,0,,0,,0|0|1|0|0|0|0,0|0|1|0|0|0|0
1111,1111,6,1,1,255,255,0,0,0,0.0166666675,,19,0,19,0,3,0,,0|0|0.899999976|0|0|0|0,0|0|0.899999976|0|0|0|0
1111,1111,6,2,2,0,0,0,0,0,0.0166666675,,19,0,19,0,,0,,0|0|1|0|0|0|0,0|0|1|0|0|0|0
1112,1112,6,1,1,255,255,0,0,0,0.0166666675,,19,0,19,0,3,0,,0|0|0.899999976|0|0|0|0,0|0|0.899999976|0|0|0|0
1112,1112,6,2,2,0,0,0,0,0,0.0166666675,,19,0,19,0,,0,,0|0|1|0|0|0|0,0|0|1|0|0|0|0
1113,1113,6,1,1,255,255,0,0,0,0.0166666675,,19,0,19,0,3,0,,0|0|0.899999976|0|0|0|0,0|0|0.899999976|0|0|0|0
1113,1113,6,2,2,0,0,0,0,0,0.0166666675,,19,0,19,0,,0,,0|0|1|0|0|0|0,0|0|1|0|0|0|0
1114,1114,6,1,1,255,255,0,0,0,0.0166666675,,19,0,19,0,3,0,,0|0|0.899999976|0|0|0|0,0|0|0.899999976|0|0|0|0
1114,1114,6,2,2,0,0,0,0,0,0.0166666675,,19,0,19,0,,0,,0|0|1|0|0|0|0,0|0|1|0|0|0|0
1115,1115,6,1,1,255,255,0,0,0,0.0166666675,,19,0,19,0,3,0,,0|0|0.899999976|0|0|0|0,0|0|0.899999976|0|0|0|0
1115,1115,6,2,2,0,0,0,0,0,0.0166666675,,19,0,19,0,,0,,0|0|1|0|0|0|0,0|0|1|0|0|0|0
1116,1116,6,1,1,255,255,0,0,0,0.0166666675,,19,0,19,0,3,0,,0|0|0.899999976|0|0|0|0,0|0|0.899999976|0|0|0|0
1116,1116,6,2,2,0,0,0,0,0,0.0166666675,,19,0,19,0,,0,,0|0|1|0|0|0|0,0|0|1|0|0|0|0
1117,1117,6,1,1,255,255,0,0,0,0.0166666675,,19,0,19,0,3,0,,0|0|0.899999976|0|0|0|0,0|0|0.899999976|0|0|0|0
1117,1117,6,2,2,0,0,0,0,0,0.0166666675,,19,0,19,0,,0,,0|0|1|0|0|0|0,0|0|1|0|0|0|0
1118,1118,6,1,1,255,255,0,0,0,0.0166666675,,19,0,19,0,3,0,,0|0|0.899999976|0|0|0|0,0|0|0.899999976|0|0|0|0
1118,1118,6,2,2,0,0,0,0,0,0.0166666675,,19,0,19,0,,0,,0|0|1|0|0|0|0,0|0|1|0|0|0|0
1119,1119,6,1,1,255,255,0,0,0,0.0166666675,,19,0,19,0,3,0,,0|0|0.899999976|0|0|0|0,0|0|0.899999976|0|0|0|0
1119,1119,6,2,2,0,0,0,0,0,0.0166666675,,19,0,19,0,,0,,0|0|1|0|0|0|0,0|0|1|0|0|0|0
1120,1120,6,1,1,255,255,0,0,0,0.0166666675,,19,0,19,0,3,0,,0|0|0.899999976|0|0|0|0,0|0|0.899999976|0|0|0|0
1120,1120,6,2,2,0,0,0,0,0,0.0166666675,,19,0,19,0,,0,,0|0|1|0|0|0|0,0|0|1|0|0|0|0
1121,1121,6,1,1,255,255,0,0,0,0.0166666675,,19,0,19,0,3,0,,0|0|0.899999976|0|0|0|0,0|0|0.899999976|0|0|0|0
1121,1121,6,2,2,0,0,0,0,0,0.0166666675,,19,0,19,0,,0,,0|0|1|0|0|0|0,0|0|1|0|0|0|0
1122,1122,6,1,1,255,255,0,0,0,0.0166666675,,19,0,19,0,3,0,,0|0|0.899999976|0|0|0|0,0|0|0.899999976|0|0|0|0
1122,1122,6,2,2,0,0,0,0,0,0.0166666675,,19,0,19,0,,0,,0|0|1|0|0|0|0,0|0|1|0|0|0|0
1123,1123,6,1,1,255,255,0,0,0,0.0166666675,,19,0,19,0,3,0,,0|0|0.899999976|0|0|0|0,0|0|0.899999976|0|0|0|0
1123,1123,6,2,2,0,0,0,0,0,0.0166666675,,19,0,19,0,,0,,0|0|1|0|0|0|0,0|0|1|0|0|0|0
1124,1124,6,1,1,255,255,0,0,0,0.0166666675,,19,0,19,0,3,0,,0|0|0.899999976|0|0|0|0,0|0|0.899999976|0|0|0|0
1124,1124,6,2,2,0,0,0,0,0,0.0166666675,,19,0,19,0,,0,,0|0|1|0|0|0|0,0|0|1|0|0|0|0
1125,1125,6,1,1,255,255,0,0,0,0.0166666675,,19,0,19,0,3,0,,0|0|0.899999976|0|0|0|0,0|0|0.899999976|0|0|0|0
1125,1125,6,2,2,0,0,0,0,0,0.0166666675,,19,0,19,0,,0,,0|0|1|0|0|0|0,0|0|1|0|0|0|0
1126,1126,6,1,1,255,255,0,0,0,0.0166666675,,19,0,19,0,3,0,,0|0|0.899999976|0|0|0|0,0|0|0.899999976|0|0|0|0
1126,1126,6,2,2,0,0,0,0,0,0.0166666675,,19,0,19,0,,0,,0|0|1|0|0|0|0,0|0|1|0|0|0|0
1127,1127,6,1,1,255,255,0,0,0,0.0166666675,,19,0,19,0,3,0,,0|0|0.899999976|0|0|0|0,0|0|0.899999976|0|0|0|0
1127,1127,6,2,2,0,0,0,0,0,0.0166666675,,19,0,19,0,,0,,0|0|1|0|0|0|0,0|0|1|0|0|0|0
1128,1128,6,1,1,255,255,0,0,0,0.0166666675,,19,0,19,0,3,0,,0|0|0.899999976|0|0|0|0,0|0|0.899999976|0|0|0|0
1128,1128,6,2,2,0,0,0,0,0,0.0166666675,,19,0,19,0,,0,,0|0|1|0|0|0|0,0|0|1|0|0|0|0
1129,1129,6,1,1,255,255,0,0,0,0.0166666675,,19,0,19,0,3,0,,0|0|0.899999976|0|0|0|0,0|0|0.899999976|0|0|0|0
1129,1129,6,2,2,0,0,0,0,0,0.0166666675,,19,0,19,0,,0,,0|0|1|0|0|0|0,0|0|1|0|0|0|0
1130,1130,6,1,1,255,255,0,0,0,0.0166666675,,19,0,19,0,3,0,,0|0|0.899999976|0|0|0|0,0|0|0.899999976|0|0|0|0
1130,1130,6,2,2,0,0,0,0,0,0.0166666675,,19,0,19,0,,0,,0|0|1|0|0|0|0,0|0|1|0|0|0|0
1131,1131,6,1,1,255,255,0,0,0,0.0166666675,,19,0,19,0,3,0,,0|0|0.899999976|0|0|0|0,0|0|0.899999976|0|0|0|0
1131,1131,6,2,2,0,0,0,0,0,0.0166666675,,19,0,19,0,,0,,0|0|1|0|0|0|0,0|0|1|0|0|0|0
1132,1132,6,1,1,255,255,0,0,0,0.0166666675,,19,0,19,0,3,0,,0|0|0.899999976|0|0|0|0,0|0|0.899999976|0|0|0|0
1132,1132,6,2,2,0,0,0,0,0,0.0166666675,,19,0,19,0,,0,,0|0|1|0|0|0|0,0|0|1|0|0|0|0
1133,1133,6,1,1,255,255,0,0,0,0.0166666675,,19,0,19,0,3,0,,0|0|0.899999976|0|0|0|0,0|0|0.899999976|0|0|0|0
1133,1133,6,2,2,0,0,0,0,0,0.0166666675,,19,0,19,0,,0,,0|0|1|0|0|0|0,0|0|1|0|0|0|0
1134,1134,6,1,1,255,255,0,0,0,0.0166666675,,19,0,19,0,3,0,,0|0|0.899999976|0|0|0|0,0|0|0.899999976|0|0|0|0
1134,1134,6,2,2,0,0,0,0,0,0.0166666675,,19,0,19,0,,0,,0|0|1|0|0|0|0,0|0|1|0|0|0|0
1135,1135,6,1,1,255,255,0,0,0,0.0166666675,,19,0,19,0,3,0,,0|0|0.899999976|0|0|0|0,0|0|0.899999976|0|0|0|0
1135,1135,6,2,2,0,0,0,0,0,0.0166666675,,19,0,19,0,,0,,0|0|1|0|0|0|0,0|0|1|0|0|0|0
1136,1136,6,1,1,255,255,0,0,0,0.0166666675,,19,0,19,0,3,0,,0|0|0.899999976|0|0|0|0,0|0|0.899999976|0|0|0|0
1136,1136,6,2,2,0,0,0,0,0,0.0166666675,,19,0,19,0,,0,,0|0|1|0|0|0|0,0|0|1|0|0|0|0
1137,1137,6,1,1,255,255,0,0,0,0.0166666675,,19,0,19,0,3,0,,0|0|0.899999976|0|0|0|0,0|0|0.899999976|0|0|0|0
1137,1137,6,2,2,0,0,0,0,0,0.0166666675,,19,0,19,0,,0,,0|0|1|0|0|0|0,0|0|1|0|0|0|0
1138,1138,6,1,1,255,255,0,0,0,0.0166666675,,19,0,19,0,3,0,,0|0|0.899999976|0|0|0|0,0|0|0.899999976|0|0|0|0
1138,1138,6,2,2,0,0,0,0,0,0.0166666675,,19,0,19,0,,0,,0|0|1|0|0|0|0,0|0|1|0|0|0|0
1139,1139,6,1,1,255,255,0,0,0,0.0166666675,,19,0,19,0,3,0,,0|0|0.899999976|0|0|0|0,0|0|0.899999976|0|0|0|0
1139,1139,6,2,2,0,0,0,0,0,0.0166666675,,19,0,19,0,,0,,0|0|1|0|0|0|0,0|0|1|0|0|0|0
1140,1140,6,1,1,255,255,0,0,0,0.0166666675,,19,0,19,0,3,0,,0|0|0.899999976|0|0|0|0,0|0|0.899999976|0|0|0|0
1140,1140,6,2,2,0,0,0,0,0,0.0166666675,,19,0,19,0,,0,,0|0|1|0|0|0|0,0|0|1|0|0|0|0
1141,1141,6,1,1,255,255,0,0,0,0.0166666675,,19,0,19,0,3,0,,0|0|0.899999976|0|0|0|0,0|0|0.899999976|0|0|0|0
1141,1141,6,2,2,0,0,0,0,0,0.0166666675,,19,0,19,0,,0,,0|0|1|0|0|0|0,0|0|1|0|0|0|0
1142,1142,6,1,1,255,255,0,0,0,0.0166666675,,19,0,19,0,3,0,,0|0|0.899999976|0|0|0|0,0|0|0.899999976|0|0|0|0
1142,1142,6,2,2,0,0,0,0,0,0.0166666675,,19,0,19,0,,0,,0|0|1|0|0|0|0,0|0|1|0|0|0|0
1143,1143,6,1,1,255,255,0,0,0,0.0166666675,,19,0,19,0,3,0,,0|0|0.899999976|0|0|0|0,0|0|0.899999976|0|0|0|0
1143,1143,6,2,2,0,0,0,0,0,0.0166666675,,19,0,19,0,,0,,0|0|1|0|0|0|0,0|0|1|0|0|0|0
1144,1144,6,1,1,255,255,0,0,0,0.0166666675,,19,0,19,0,3,0,,0|0|0.899999976|0|0|0|0,0|0|0.899999976|0|0|0|0
1144,1144,6,2,2,0,0,0,0,0,0.0166666675,,19,0,19,0,,0,,0|0|1|0|0|0|0,0|0|1|0|0|0|0
1145,1145,6,1,1,255,255,0,0,0,0.0166666675,,19,0,19,0,3,0,,0|0|0.899999976|0|0|0|0,0|0|0.899999976|0|0|0|0
1145,1145,6,2,2,0,0,0,0,0,0.0166666675,,19,0,19,0,,0,,0|0|1|0|0|0|0,0|0|1|0|0|0|0
1146,1146,6,1,1,255,255,0,0,0,0.0166666675,,19,0,19,0,3,0,,0|0|0.899999976|0|0|0|0,0|0|0.899999976|0|0|0|0
1146,1146,6,2,2,0,0,0,0,0,0.0166666675,,19,0,19,0,,0,,0|0|1|0|0|0|0,0|0|1|0|0|0|0
1147,1147,6,1,1,255,255,0,0,0,0.0166666675,,19,0,19,0,3,0,,0|0|0.899999976|0|0|0|0,0|0|0.899999976|0|0|0|0
1147,1147,6,2,2,0,0,0,0,0,0.0166666675,,19,0,19,0,,0,,0|0|1|0|0|0|0,0|0|1|0|0|0|0
1148,1148,6,1,1,255,255,0,0,0,0.0166666675,,19,0,19,0,3,0,,0|0|0.899999976|0|0|0|0,0|0|0.899999976|0|0|0|0
1148,1148,6,2,2,0,0,0,0,0,0.0166666675,,19,0,19,0,,0,,0|0|1|0|0|0|0,0|0|1|0|0|0|0
1149,1149,6,1,1,255,255,0,0,0,0.0166666675,,19,0,19,0,3,0,,0|0|0.899999976|0|0|0|0,0|0|0.899999976|0|0|0|0
1149,1149,6,2,2,0,0,0,0,0,0.0166666675,,19,0,19,0,,0,,0|0|1|0|0|0|0,0|0|1|0|0|0|0
1150,1150,6,1,1,255,255,0,0,0,0.0166666675,,19,0,19,0,3,0,,0|0|0.899999976|0|0|0|0,0|0|0.899999976|0|0|0|0
1150,1150,6,2,2,0,0,0,0,0,0.0166666675,,19,0,19,0,,0,,0|0|1|0|0|0|0,0|0|1|0|0|0|0
1151,1151,6,1,1,255,255,0,0,0,0.0166666675,,19,0,19,0,3,0,,0|0|0.899999976|0|0|0|0,0|0|0.899999976|0|0|0|0
1151,1151,6,2,2,0,0,0,0,0,0.0166666675,,19,0,19,0,,0,,0|0|1|0|0|0|0,0|0|1|0|0|0|0
1152,1152,6,1,1,255,255,0,0,0,0.0166666675,,19,0,19,0,3,0,,0|0|0.899999976|0|0|0|0,0|0|0.899999976|0|0|0|0
1152,1152,6,2,2,0,0,0,0,0,0.0166666675,,19,0,19,0,,0,,0|0|1|0|0|0|0,0|0|1|0|0|0|0
1153,1153,6,1,1,255,255,0,0,0,0.0166666675,,19,0,19,0,3,0,,0|0|0.899999976|0|0|0|0,0|0|0.899999976|0|0|0|0
1153,1153,6,2,2,0,0,0,0,0,0.0166666675,,19,0,19,0,,0,,0|0|1|0|0|0|0,0|0|1|0|0|0|0
1154,1154,6,1,1,255,255,0,0,0,0.0166666675,,19,0,19,0,3,0,,0|0|0.899999976|0|0|0|0,0|0|0.899999976|0|0|0|0
1154,1154,6,2,2,0,0,0,0,0,0.0166666675,,19,0,19,0,,0,,0|0|1|0|0|0|0,0|0|1|0|0|0|0
1155,1155,6,1,1,255,255,0,0,0,0.0166666675,,19,0,19,0,3,0,,0|0|0.899999976|0|0|0|0,0|0|0.899999976|0|0|0|0
1155,1155,6,2,2,0,0,0,0,0,0.0166666675,,19,0,19,0,,0,,0|0|1|0|0|0|0,0|0|1|0|0|0|0
1156,1156,6,1,1,255,255,0,0,0,0.0166666675,,19,0,19,0,3,0,,0|0|0.899999976|0|0|0|0,0|0|0.899999976|0|0|0|0
1156,1156,6,2,2,0,0,0,0,0,0.0166666675,,19,0,19,0,,0,,0|0|1|0|0|0|0,0|0|1|0|0|0|0
1157,1157,6,1,1,255,255,0,0,0,0.0166666675,,19,0,19,0,3,0,,0|0|0.899999976|0|0|0|0,0|0|0.899999976|0|0|0|0
1157,1157,6,2,2,0,0,0,0,0,0.0166666675,,19,0,19,0,,0,,0|0|1|0|0|0|0,0|0|1|0|0|0|0
1158,1158,6,1,1,255,255,0,0,0,0.0166666675,,19,0,19,0,3,0,,0|0|0.899999976|0|0|0|0,0|0|0.899999976|0|0|0|0
1158,1158,6,2,2,0,0,0,0,0,0.0166666675,,19,0,19,0,,0,,0|0|1|0|0|0|0,0|0|1|0|0|0|0
1159,1159,6,1,1,255,255,0,0,0,0.0166666675,,19,0,19,0,3,0,,0|0|0.899999976|0|0|0|0,0|0|0.899999976|0|0|0|0
1159,1159,6,2,2,0,0,0,0,0,0.0166666675,,19,0,19,0,,0,,0|0|1|0|0|0|0,0|0|1|0|0|0|0
1160,1160,6,1,1,255,255,0,0,0,0.0166666675,,19,0,19,0,3,0,,0|0|0.899999976|0|0|0|0,0|0|0.899999976|0|0|0|0
1160,1160,6,2,2,0,0,0,0,0,0.0166666675,,19,0,19,0,,0,,0|0|1|0|0|0|0,0|0|1|0|0|0|0
1161,1161,6,1,1,255,255,0,0,0,0.0166666675,,19,0,19,0,3,0,,0|0|0.899999976|0|0|0|0,0|0|0.899999976|0|0|0|0
1161,1161,6,2,2,0,0,0,0,0,0.0166666675,,19,0,19,0,,0,,0|0|1|0|0|0|0,0|0|1|0|0|0|0
1162,1162,6,1,1,255,255,0,0,0,0.0166666675,,19,0,19,0,3,0,,0|0|0.899999976|0|0|0|0,0|0|0.899999976|0|0|0|0
1162,1162,6,2,2,0,0,0,0,0,0.0166666675,,19,0,19,0,,0,,0|0|1|0|0|0|0,0|0|1|0|0|0|0
1163,1163,6,1,1,255,255,0,0,0,0.0166666675,,19,0,19,0,3,0,,0|0|0.899999976|0|0|0|0,0|0|0.899999976|0|0|0|0
1163,1163,6,2,2,0,0,0,0,0,0.0166666675,,19,0,19,0,,0,,0|0|1|0|0|0|0,0|0|1|0|0|0|0
1164,1164,6,1,1,255,255,0,0,0,0.0166666675,,19,0,19,0,3,0,,0|0|0.899999976|0|0|0|0,0|0|0.899999976|0|0|0|0
1164,1164,6,2,2,0,0,0,0,0,0.0166666675,,19,0,19,0,,0,,0|0|1|0|0|0|0,0|0|1|0|0|0|0
1165,1165,6,1,1,255,255,0,0,0,0.0166666675,,19,0,19,0,3,0,,0|0|0.899999976|0|0|0|0,0|0|0.899999976|0|0|0|0
1165,1165,6,2,2,0,0,0,0,0,0.0166666675,,19,0,19,0,,0,,0|0|1|0|0|0|0,0|0|1|0|0|0|0
1166,1166,6,1,1,255,255,0,0,0,0.0166666675,,19,0,19,0,3,0,,0|0|0.899999976|0|0|0|0,0|0|0.899999976|0|0|0|0
1166,1166,6,2,2,0,0,0,0,0,0.0166666675,,19,0,19,0,,0,,0|0|1|0|0|0|0,0|0|1|0|0|0|0
1167,1167,6,1,1,255,255,0,0,0,0.0166666675,,19,0,19,0,3,0,,0|0|0.899999976|0|0|0|0,0|0|0.899999976|0|0|0|0
1167,1167,6,2,2,0,0,0,0,0,0.0166666675,,19,0,19,0,,0,,0|0|1|0|0|0|0,0|0|1|0|0|0|0
1168,1168,6,1,1,255,255,0,0,0,0.0166666675,,19,0,19,0,3,0,,0|0|0.899999976|0|0|0|0,0|0|0.899999976|0|0|0|0
1168,1168,6,2,2,0,0,0,0,0,0.0166666675,,19,0,19,0,,0,,0|0|1|0|0|0|0,0|0|1|0|0|0|0
1169,1169,6,1,1,255,255,0,0,0,0.0166666675,,19,0,19,0,3,0,,0|0|0.899999976|0|0|0|0,0|0|0.899999976|0|0|0|0
1169,1169,6,2,2,0,0,0,0,0,0.0166666675,,19,0,19,0,,0,,0|0|1|0|0|0|0,0|0|1|0|0|0|0
1170,1170,6,1,1,255,255,0,0,0,0.0166666675,,19,0,19,0,3,0,,0|0|0.899999976|0|0|0|0,0|0|0.899999976|0|0|0|0
1170,1170,6,2,2,0,0,0,0,0,0.0166666675,,19,0,19,0,,0,,0|0|1|0|0|0|0,0|0|1|0|0|0|0
1171,1171,6,1,1,255,255,0,0,0,0.0166666675,,19,0,19,0,3,0,,0|0|0.899999976|0|0|0|0,0|0|0.899999976|0|0|0|0
1171,1171,6,2,2,0,0,0,0,0,0.0166666675,,19,0,19,0,,0,,0|0|1|0|0|0|0,0|0|1|0|0|0|0
1172,1172,6,1,1,255,255,0,0,0,0.0166666675,,19,0,19,0,3,0,,0|0|0.899999976|0|0|0|0,0|0|0.899999976|0|0|0|0
1172,1172,6,2,2,0,0,0,0,0,0.0166666675,,19,0,19,0,,0,,0|0|1|0|0|0|0,0|0|1|0|0|0|0
1173,1173,6,1,1,255,255,0,0,0,0.0166666675,,19,0,19,0,3,0,,0|0|0.899999976|0|0|0|0,0|0|0.899999976|0|0|0|0
1173,1173,6,2,2,0,0,0,0,0,0.0166666675,,19,0,19,0,,0,,0|0|1|0|0|0|0,0|0|1|0|0|0|0
1174,1174,6,1,1,255,255,0,0,0,0.0166666675,,19,0,19,0,3,0,,0|0|0.899999976|0|0|0|0,0|0|0.899999976|0|0|0|0
1174,1174,6,2,2,0,0,0,0,0,0.0166666675,,19,0,19,0,,0,,0|0|1|0|0|0|0,0|0|1|0|0|0|0
1175,1175,6,1,1,255,255,0,0,0,0.0166666675,,19,0,19,0,3,0,,0|0|0.899999976|0|0|0|0,0|0|0.899999976|0|0|0|0
1175,1175,6,2,2,0,0,0,0,0,0.0166666675,,19,0,19,0,,0,,0|0|1|0|0|0|0,0|0|1|0|0|0|0
1176,1176,6,1,1,255,255,0,0,0,0.0166666675,,19,0,19,0,3,0,,0|0|0.899999976|0|0|0|0,0|0|0.899999976|0|0|0|0
1176,1176,6,2,2,0,0,0,0,0,0.0166666675,,19,0,19,0,,0,,0|0|1|0|0|0|0,0|0|1|0|0|0|0
1177,1177,6,1,1,255,255,0,0,0,0.0166666675,,19,0,19,0,3,0,,0|0|0.899999976|0|0|0|0,0|0|0.899999976|0|0|0|0
1177,1177,6,2,2,0,0,0,0,0,0.0166666675,,19,0,19,0,,0,,0|0|1|0|0|0|0,0|0|1|0|0|0|0
1178,1178,6,1,1,255,255,0,0,0,0.0166666675,,19,0,19,0,3,0,,0|0|0.899999976|0|0|0|0,0|0|0.899999976|0|0|0|0
1178,1178,6,2,2,0,0,0,0,0,0.0166666675,,19,0,19,0,,0,,0|0|1|0|0|0|0,0|0|1|0|0|0|0
1179,1179,6,1,1,255,255,0,0,0,0.0166666675,,19,0,19,0,3,0,,0|0|0.899999976|0|0|0|0,0|0|0.899999976|0|0|0|0
1179,1179,6,2,2,0,0,0,0,0,0.0166666675,,19,0,19,0,,0,,0|0|1|0|0|0|0,0|0|1|0|0|0|0
1180,1180,6,1,1,255,255,0,0,0,0.0166666675,,19,0,19,0,3,0,,0|0|0.899999976|0|0|0|0,0|0|0.899999976|0|0|0|0
1180,1180,6,2,2,0,0,0,0,0,0.0166666675,,19,0,19,0,,0,,0|0|1|0|0|0|0,0|0|1|0|0|0|0
1181,1181,6,1,1,255,255,0,0,0,0.0166666675,,19,0,19,0,3,0,,0|0|0.899999976|0|0|0|0,0|0|0.899999976|0|0|0|0
1181,1181,6,2,2,0,0,0,0,0,0.0166666675,,19,0,19,0,,0,,0|0|1|0|0|0|0,0|0|1|0|0|0|0
1182,1182,6,1,1,255,255,0,0,0,0.0166666675,,19,0,19,0,3,0,,0|0|0.899999976|0|0|0|0,0|0|0.899999976|0|0|0|0
1182,1182,6,2,2,0,0,0,0,0,0.0166666675,,19,0,19,0,,0,,0|0|1|0|0|0|0,0|0|1|0|0|0|0
1183,1183,6,1,1,255,255,0,0,0,0.0166666675,,19,0,19,0,3,0,,0|0|0.899999976|0|0|0|0,0|0|0.899999976|0|0|0|0
1183,1183,6,2,2,0,0,0,0,0,0.0166666675,,19,0,19,0,,0,,0|0|1|0|0|0|0,0|0|1|0|0|0|0
1184,1184,6,1,1,255,255,0,0,0,0.0166666675,,19,0,19,0,3,0,,0|0|0.899999976|0|0|0|0,0|0|0.899999976|0|0|0|0
1184,1184,6,2,2,0,0,0,0,0,0.0166666675,,19,0,19,0,,0,,0|0|1|0|0|0|0,0|0|1|0|0|0|0
1185,1185,6,1,1,255,255,0,0,0,0.0166666675,,19,0,19,0,3,0,,0|0|0.899999976|0|0|0|0,0|0|0.899999976|0|0|0|0
1185,1185,6,2,2,0,0,0,0,0,0.0166666675,,19,0,19,0,,0,,0|0|1|0|0|0|0,0|0|1|0|0|0|0
1186,1186,6,1,1,255,255,0,0,0,0.0166666675,,19,0,19,0,3,0,,0|0|0.899999976|0|0|0|0,0|0|0.899999976|0|0|0|0
1186,1186,6,2,2,0,0,0,0,0,0.0166666675,,19,0,19,0,,0,,0|0|1|0|0|0|0,0|0|1|0|0|0|0
1187,1187,6,1,1,255,255,0,0,0,0.0166666675,,19,0,19,0,3,0,,0|0|0.899999976|0|0|0|0,0|0|0.899999976|0|0|0|0
1187,1187,6,2,2,0,0,0,0,0,0.0166666675,,19,0,19,0,,0,,0|0|1|0|0|0|0,0|0|1|0|0|0|0
1188,1188,6,1,1,255,255,0,0,0,0.0166666675,,19,0,19,0,3,0,,0|0|0.899999976|0|0|0|0,0|0|0.899999976|0|0|0|0
1188,1188,6,2,2,0,0,0,0,0,0.0166666675,,19,0,19,0,,0,,0|0|1|0|0|0|0,0|0|1|0|0|0|0
1189,1189,6,1,1,255,255,0,0,0,0.0166666675,,19,0,19,0,3,0,,0|0|0.899999976|0|0|0|0,0|0|0.899999976|0|0|0|0
1189,1189,6,2,2,0,0,0,0,0,0.0166666675,,19,0,19,0,,0,,0|0|1|0|0|0|0,0|0|1|0|0|0|0
1190,1190,6,1,1,255,255,0,0,0,0.0166666675,,19,0,19,0,3,0,,0|0|0.899999976|0|0|0|0,0|0|0.899999976|0|0|0|0
1190,1190,6,2,2,0,0,0,0,0,0.0166666675,,19,0,19,0,,0,,0|0|1|0|0|0|0,0|0|1|0|0|0|0
1191,1191,6,1,1,255,255,0,0,0,0.0166666675,,19,0,19,0,3,0,,0|0|0.899999976|0|0|0|0,0|0|0.899999976|0|0|0|0
1191,1191,6,2,2,0,0,0,0,0,0.0166666675,,19,0,19,0,,0,,0|0|1|0|0|0|0,0|0|1|0|0|0|0
1192,1192,6,1,1,255,255,0,0,0,0.0166666675,,19,0,19,0,3,0,,0|0|0.899999976|0|0|0|0,0|0|0.899999976|0|0|0|0
1192,1192,6,2,2,0,0,0,0,0,0.0166666675,,19,0,19,0,,0,,0|0|1|0|0|0|0,0|0|1|0|0|0|0
1193,1193,6,1,1,255,255,0,0,0,0.0166666675,,19,0,19,0,3,0,,0|0|0.899999976|0|0|0|0,0|0|0.899999976|0|0|0|0
1193,1193,6,2,2,0,0,0,0,0,0.0166666675,,19,0,19,0,,0,,0|0|1|0|0|0|0,0|0|1|0|0|0|0
1194,1194,6,1,1,255,255,0,0,0,0.0166666675,,19,0,19,0,3,0,,0|0|0.899999976|0|0|0|0,0|0|0.899999976|0|0|0|0
1194,1194,6,2,2,0,0,0,0,0,0.0166666675,,19,0,19,0,,0,,0|0|1|0|0|0|0,0|0|1|0|0|0|0
1195,1195,6,1,1,255,255,0,0,0,0.0166666675,,19,0,19,0,3,0,,0|0|0.899999976|0|0|0|0,0|0|0.899999976|0|0|0|0
1195,1195,6,2,2,0,0,0,0,0,0.0166666675,,19,0,19,0,,0,,0|0|1|0|0|0|0,0|0|1|0|0|0|0
1196,1196,6,1,1,255,255,0,0,0,0.0166666675,,19,0,19,0,3,0,,0|0|0.899999976|0|0|0|0,0|0|0.899999976|0|0|0|0
1196,1196,6,2,2,0,0,0,0,0,0.0166666675,,19,0,19,0,,0,,0|0|1|0|0|0|0,0|0|1|0|0|0|0
1197,1197,6,1,1,255,255,0,0,0,0.0166666675,,19,0,19,0,3,0,,0|0|0.899999976|0|0|0|0,0|0|0.899999976|0|0|0|0
1197,1197,6,2,2,0,0,0,0,0,0.0166666675,,19,0,19,0,,0,,0|0|1|0|0|0|0,0|0|1|0|0|0|0
1198,1198,6,1,1,255,255,0,0,0,0.0166666675,,19,0,19,0,3,0,,0|0|0.899999976|0|0|0|0,0|0|0.899999976|0|0|0|0
1198,1198,6,2,2,0,0,0,0,0,0.0166666675,,19,0,19,0,,0,,0|0|1|0|0|0|0,0|0|1|0|0|0|0
1199,1199,6,1,1,255,255,0,0,0,0.0166666675,,19,0,19,0,3,0,,0|0|0.899999976|0|0|0|0,0|0|0.899999976|0|0|0|0
1199,1199,6,2,2,0,0,0,0,0,0.0166666675,,19,0,19,0,,0,,0|0|1|0|0|0|0,0|0|1|0|0|0|0
1200,1200,6,1,1,255,255,0,0,0,0.0166666675,,19,0,19,0,3,0,,0|0|0.899999976|0|0|0|0,0|0|0.899999976|0|0|0|0
1200,1200,6,2,2,0,0,0,0,0,0.0166666675,,19,0,19,0,,0,,0|0|1|0|0|0|0,0|0|1|0|0|0|0
1201,1201,6,1,1,255,255,0,0,0,0.0166666675,,19,0,19,0,3,0,,0|0|0.899999976|0|0|0|0,0|0|0.899999976|0|0|0|0
1201,1201,6,2,2,0,0,0,0,0,0.0166666675,,19,0,19,0,,0,,0|0|1|0|0|0|0,0|0|1|0|0|0|0
1202,1202,6,1,1,255,255,0,0,0,0.0166666675,,19,0,19,0,3,0,,0|0|0.899999976|0|0|0|0,0|0|0.899999976|0|0|0|0
1202,1202,6,2,2,0,0,0,0,0,0.0166666675,,19,0,19,0,,0,,0|0|1|0|0|0|0,0|0|1|0|0|0|0
1203,1203,6,1,1,255,255,0,0,0,0.0166666675,,19,0,19,0,3,0,,0|0|0.899999976|0|0|0|0,0|0|0.899999976|0|0|0|0
1203,1203,6,2,2,0,0,0,0,0,0.0166666675,,19,0,19,0,,0,,0|0|1|0|0|0|0,0|0|1|0|0|0|0
1204,1204,6,1,1,255,255,0,0,0,0.0166666675,,19,0,19,0,3,0,,0|0|0.899999976|0|0|0|0,0|0|0.899999976|0|0|0|0
1204,1204,6,2,2,0,0,0,0,0,0.0166666675,,19,0,19,0,,0,,0|0|1|0|0|0|0,0|0|1|0|0|0|0
1205,1205,6,1,1,255,255,0,0,0,0.0166666675,,19,0,19,0,3,0,,0|0|0.899999976|0|0|0|0,0|0|0.899999976|0|0|0|0
1205,1205,6,2,2,0,0,0,0,0,0.0166666675,,19,0,19,0,,0,,0|0|1|0|0|0|0,0|0|1|0|0|0|0
1206,1206,6,1,1,255,255,0,0,0,0.0166666675,,19,0,19,0,3,0,,0|0|0.899999976|0|0|0|0,0|0|0.899999976|0|0|0|0
1206,1206,6,2,2,0,0,0,0,0,0.0166666675,,19,0,19,0,,0,,0|0|1|0|0|0|0,0|0|1|0|0|0|0
1207,1207,6,1,1,255,255,0,0,0,0.0166666675,,19,0,19,0,3,0,,0|0|0.899999976|0|0|0|0,0|0|0.899999976|0|0|0|0
1207,1207,6,2,2,0,0,0,0,0,0.0166666675,,19,0,19,0,,0,,0|0|1|0|0|0|0,0|0|1|0|0|0|0
1208,1208,6,1,1,255,255,0,0,0,0.0166666675,,19,0,19,0,3,0,,0|0|0.899999976|0|0|0|0,0|0|0.899999976|0|0|0|0
1208,1208,6,2,2,0,0,0,0,0,0.0166666675,,19,0,19,0,,0,,0|0|1|0|0|0|0,0|0|1|0|0|0|0
1209,1209,6,1,1,255,255,0,0,0,0.0166666675,,19,0,19,0,3,0,,0|0|0.899999976|0|0|0|0,0|0|0.899999976|0|0|0|0
1209,1209,6,2,2,0,0,0,0,0,0.0166666675,,19,0,19,0,,0,,0|0|1|0|0|0|0,0|0|1|0|0|0|0
1210,1210,6,1,1,255,255,0,0,0,0.0166666675,,19,0,19,0,3,0,,0|0|0.899999976|0|0|0|0,0|0|0.899999976|0|0|0|0
1210,1210,6,2,2,0,0,0,0,0,0.0166666675,,19,0,19,0,,0,,0|0|1|0|0|0|0,0|0|1|0|0|0|0
1211,1211,6,1,1,255,255,0,0,0,0.0166666675,,19,0,19,0,3,0,,0|0|0.899999976|0|0|0|0,0|0|0.899999976|0|0|0|0
1211,1211,6,2,2,0,0,0,0,0,0.0166666675,,19,0,19,0,,0,,0|0|1|0|0|0|0,0|0|1|0|0|0|0
1212,1212,6,1,1,255,255,0,0,0,0.0166666675,,19,0,19,0,3,0,,0|0|0.899999976|0|0|0|0,0|0|0.899999976|0|0|0|0
1212,1212,6,2,2,0,0,0,0,0,0.0166666675,,19,0,19,0,,0,,0|0|1|0|0|0|0,0|0|1|0|0|0|0
1213,1213,6,1,1,255,255,0,0,0,0.0166666675,,19,0,19,0,3,0,,0|0|0.899999976|0|0|0|0,0|0|0.899999976|0|0|0|0
1213,1213,6,2,2,0,0,0,0,0,0.0166666675,,19,0,19,0,,0,,0|0|1|0|0|0|0,0|0|1|0|0|0|0
1214,1214,6,1,1,255,255,0,0,0,0.0166666675,,19,0,19,0,3,0,,0|0|0.899999976|0|0|0|0,0|0|0.899999976|0|0|0|0
1214,1214,6,2,2,0,0,0,0,0,0.0166666675,,19,0,19,0,,0,,0|0|1|0|0|0|0,0|0|1|0|0|0|0
1215,1215,6,1,1,255,255,0,0,0,0.0166666675,,19,0,19,0,3,0,,0|0|0.899999976|0|0|0|0,0|0|0.899999976|0|0|0|0
1215,1215,6,2,2,0,0,0,0,0,0.0166666675,,19,0,19,0,,0,,0|0|1|0|0|0|0,0|0|1|0|0|0|0
1216,1216,6,1,1,255,255,0,0,0,0.0166666675,,19,0,19,0,3,0,,0|0|0.899999976|0|0|0|0,0|0|0.899999976|0|0|0|0
1216,1216,6,2,2,0,0,0,0,0,0.0166666675,,19,0,19,0,,0,,0|0|1|0|0|0|0,0|0|1|0|0|0|0
1217,1217,6,1,1,255,255,0,0,0,0.0166666675,,19,0,19,0,3,0,,0|0|0.899999976|0|0|0|0,0|0|0.899999976|0|0|0|0
1217,1217,6,2,2,0,0,0,0,0,0.0166666675,,19,0,19,0,,0,,0|0|1|0|0|0|0,0|0|1|0|0|0|0
1218,1218,6,1,1,255,255,0,0,0,0.0166666675,,19,0,19,0,3,0,,0|0|0.899999976|0|0|0|0,0|0|0.899999976|0|0|0|0
1218,1218,6,2,2,0,0,0,0,0,0.0166666675,,19,0,19,0,,0,,0|0|1|0|0|0|0,0|0|1|0|0|0|0
1219,1219,6,1,1,255,255,0,0,0,0.0166666675,,19,0,19,0,3,0,,0|0|0.899999976|0|0|0|0,0|0|0.899999976|0|0|0|0
1219,1219,6,2,2,0,0,0,0,0,0.0166666675,,19,0,19,0,,0,,0|0|1|0|0|0|0,0|0|1|0|0|0|0
1220,1220,6,1,1,255,255,0,0,0,0.0166666675,,19,0,19,0,3,0,,0|0|0.899999976|0|0|0|0,0|0|0.899999976|0|0|0|0
1220,1220,6,2,2,0,0,0,0,0,0.0166666675,,19,0,19,0,,0,,0|0|1|0|0|0|0,0|0|1|0|0|0|0
1221,1221,6,1,1,255,255,0,0,0,0.0166666675,,19,0,19,0,3,0,,0|0|0.899999976|0|0|0|0,0|0|0.899999976|0|0|0|0
1221,1221,6,2,2,0,0,0,0,0,0.0166666675,,19,0,19,0,,0,,0|0|1|0|0|0|0,0|0|1|0|0|0|0
1222,1222,6,1,1,255,255,0,0,0,0.0166666675,,19,0,19,0,3,0,,0|0|0.899999976|0|0|0|0,0|0|0.899999976|0|0|0|0
1222,1222,6,2,2,0,0,0,0,0,0.0166666675,,19,0,19,0,,0,,0|0|1|0|0|0|0,0|0|1|0|0|0|0
1223,1223,6,1,1,255,255,0,0,0,0.0166666675,,19,0,19,0,3,0,,0|0|0.899999976|0|0|0|0,0|0|0.899999976|0|0|0|0
1223,1223,6,2,2,0,0,0,0,0,0.0166666675,,19,0,19,0,,0,,0|0|1|0|0|0|0,0|0|1|0|0|0|0
1224,1224,6,1,1,255,255,0,0,0,0.0166666675,,19,0,19,0,3,0,,0|0|0.899999976|0|0|0|0,0|0|0.899999976|0|0|0|0
1224,1224,6,2,2,0,0,0,0,0,0.0166666675,,19,0,19,0,,0,,0|0|1|0|0|0|0,0|0|1|0|0|0|0
1225,1225,6,1,1,255,255,0,0,0,0.0166666675,,19,0,19,0,3,0,,0|0|0.899999976|0|0|0|0,0|0|0.899999976|0|0|0|0
1225,1225,6,2,2,0,0,0,0,0,0.0166666675,,19,0,19,0,,0,,0|0|1|0|0|0|0,0|0|1|0|0|0|0
1226,1226,6,1,1,255,255,0,0,0,0.0166666675,,19,0,19,0,3,0,,0|0|0.899999976|0|0|0|0,0|0|0.899999976|0|0|0|0
1226,1226,6,2,2,0,0,0,0,0,0.0166666675,,19,0,19,0,,0,,0|0|1|0|0|0|0,0|0|1|0|0|0|0
1227,1227,6,1,1,255,255,0,0,0,0.0166666675,,19,0,19,0,3,0,,0|0|0.899999976|0|0|0|0,0|0|0.899999976|0|0|0|0
1227,1227,6,2,2,0,0,0,0,0,0.0166666675,,19,0,19,0,,0,,0|0|1|0|0|0|0,0|0|1|0|0|0|0
1228,1228,6,1,1,255,255,0,0,0,0.0166666675,,19,0,19,0,3,0,,0|0|0.899999976|0|0|0|0,0|0|0.899999976|0|0|0|0
1228,1228,6,2,2,0,0,0,0,0,0.0166666675,,19,0,19,0,,0,,0|0|1|0|0|0|0,0|0|1|0|0|0|0
1229,1229,6,1,1,255,255,0,0,0,0.0166666675,,19,0,19,0,3,0,,0|0|0.899999976|0|0|0|0,0|0|0.899999976|0|0|0|0
1229,1229,6,2,2,0,0,0,0,0,0.0166666675,,19,0,19,0,,0,,0|0|1|0|0|0|0,0|0|1|0|0|0|0
1230,1230,6,1,1,255,255,0,0,0,0.0166666675,,19,0,19,0,3,0,,0|0|0.899999976|0|0|0|0,0|0|0.899999976|0|0|0|0
1230,1230,6,2,2,0,0,0,0,0,0.0166666675,,19,0,19,0,,0,,0|0|1|0|0|0|0,0|0|1|0|0|0|0
1231,1231,6,1,1,255,255,0,0,0,0.0166666675,,19,0,19,0,3,0,,0|0|0.899999976|0|0|0|0,0|0|0.899999976|0|0|0|0
1231,1231,6,2,2,0,0,0,0,0,0.0166666675,,19,0,19,0,,0,,0|0|1|0|0|0|0,0|0|1|0|0|0|0
1232,1232,6,1,1,255,255,0,0,0,0.0166666675,,19,0,19,0,3,0,,0|0|0.899999976|0|0|0|0,0|0|0.899999976|0|0|0|0
1232,1232,6,2,2,0,0,0,0,0,0.0166666675,,19,0,19,0,,0,,0|0|1|0|0|0|0,0|0|1|0|0|0|0
1233,1233,6,1,1,255,255,0,0,0,0.0166666675,,19,0,19,0,3,0,,0|0|0.899999976|0|0|0|0,0|0|0.899999976|0|0|0|0
1233,1233,6,2,2,0,0,0,0,0,0.0166666675,,19,0,19,0,,0,,0|0|1|0|0|0|0,0|0|1|0|0|0|0
1234,1234,6,1,1,255,255,0,0,0,0.0166666675,,19,0,19,0,3,0,,0|0|0.899999976|0|0|0|0,0|0|0.899999976|0|0|0|0
1234,1234,6,2,2,0,0,0,0,0,0.0166666675,,19,0,19,0,,0,,0|0|1|0|0|0|0,0|0|1|0|0|0|0
1235,1235,6,1,1,255,255,0,0,0,0.0166666675,,19,0,19,0,3,0,,0|0|0.899999976|0|0|0|0,0|0|0.899999976|0|0|0|0
1235,1235,6,2,2,0,0,0,0,0,0.0166666675,,19,0,19,0,,0,,0|0|1|0|0|0|0,0|0|1|0|0|0|0
1236,1236,6,1,1,255,255,0,0,0,0.0166666675,,19,0,19,0,3,0,,0|0|0.899999976|0|0|0|0,0|0|0.899999976|0|0|0|0
1236,1236,6,2,2,0,0,0,0,0,0.0166666675,,19,0,19,0,,0,,0|0|1|0|0|0|0,0|0|1|0|0|0|0
1237,1237,6,1,1,255,255,0,0,0,0.0166666675,,19,0,19,0,3,0,,0|0|0.899999976|0|0|0|0,0|0|0.899999976|0|0|0|0
1237,1237,6,2,2,0,0,0,0,0,0.0166666675,,19,0,19,0,,0,,0|0|1|0|0|0|0,0|0|1|0|0|0|0
1238,1238,6,1,1,255,255,0,0,0,0.0166666675,,19,0,19,0,3,0,,0|0|0.899999976|0|0|0|0,0|0|0.899999976|0|0|0|0
1238,1238,6,2,2,0,0,0,0,0,0.0166666675,,19,0,19,0,,0,,0|0|1|0|0|0|0,0|0|1|0|0|0|0
1239,1239,6,1,1,255,255,0,0,0,0.0166666675,,19,0,19,0,3,0,,0|0|0.899999976|0|0|0|0,0|0|0.899999976|0|0|0|0
1239,1239,6,2,2,0,0,0,0,0,0.0166666675,,19,0,19,0,,0,,0|0|1|0|0|0|0,0|0|1|0|0|0|0
1240,1240,6,1,1,255,255,0,0,0,0.0166666675,,19,0,19,0,3,0,,0|0|0.899999976|0|0|0|0,0|0|0.899999976|0|0|0|0
1240,1240,6,2,2,0,0,0,0,0,0.0166666675,,19,0,19,0,,0,,0|0|1|0|0|0|0,0|0|1|0|0|0|0
1241,1241,6,1,1,255,255,0,0,0,0.0166666675,,19,0,19,0,3,0,,0|0|0.899999976|0|0|0|0,0|0|0.899999976|0|0|0|0
1241,1241,6,2,2,0,0,0,0,0,0.0166666675,,19,0,19,0,,0,,0|0|1|0|0|0|0,0|0|1|0|0|0|0
1242,1242,6,1,1,255,255,0,0,0,0.0166666675,,19,0,19,0,3,0,,0|0|0.899999976|0|0|0|0,0|0|0.899999976|0|0|0|0
1242,1242,6,2,2,0,0,0,0,0,0.0166666675,,19,0,19,0,,0,,0|0|1|0|0|0|0,0|0|1|0|0|0|0
1243,1243,6,1,1,255,255,0,0,0,0.0166666675,,19,0,19,0,3,0,,0|0|0.899999976|0|0|0|0,0|0|0.899999976|0|0|0|0
1243,1243,6,2,2,0,0,0,0,0,0.0166666675,,19,0,19,0,,0,,0|0|1|0|0|0|0,0|0|1|0|0|0|0
1244,1244,6,1,1,255,255,0,0,0,0.0166666675,,19,0,19,0,3,0,,0|0|0.899999976|0|0|0|0,0|0|0.899999976|0|0|0|0
1244,1244,6,2,2,0,0,0,0,0,0.0166666675,,19,0,19,0,,0,,0|0|1|0|0|0|0,0|0|1|0|0|0|0
1245,1245,6,1,1,255,255,0,0,0,0.0166666675,,19,0,19,0,3,0,,0|0|0.899999976|0|0|0|0,0|0|0.899999976|0|0|0|0
1245,1245,6,2,2,0,0,0,0,0,0.0166666675,,19,0,19,0,,0,,0|0|1|0|0|0|0,0|0|1|0|0|0|0
1246,1246,6,1,1,255,255,0,0,0,0.0166666675,,19,0,19,0,3,0,,0|0|0.899999976|0|0|0|0,0|0|0.899999976|0|0|0|0
1246,1246,6,2,2,0,0,0,0,0,0.0166666675,,19,0,19,0,,0,,0|0|1|0|0|0|0,0|0|1|0|0|0|0
1247,1247,6,1,1,255,255,0,0,0,0.0166666675,,19,0,19,0,3,0,,0|0|0.899999976|0|0|0|0,0|0|0.899999976|0|0|0|0
1247,1247,6,2,2,0,0,0,0,0,0.0166666675,,19,0,19,0,,0,,0|0|1|0|0|0|0,0|0|1|0|0|0|0
1248,1248,6,1,1,255,255,0,0,0,0.0166666675,,19,0,19,0,3,0,,0|0|0.899999976|0|0|0|0,0|0|0.899999976|0|0|0|0
1248,1248,6,2,2,0,0,0,0,0,0.0166666675,,19,0,19,0,,0,,0|0|1|0|0|0|0,0|0|1|0|0|0|0
1249,1249,6,1,1,255,255,0,0,0,0.0166666675,,19,0,19,0,3,0,,0|0|0.899999976|0|0|0|0,0|0|0.899999976|0|0|0|0
1249,1249,6,2,2,0,0,0,0,0,0.0166666675,,19,0,19,0,,0,,0|0|1|0|0|0|0,0|0|1|0|0|0|0
1250,1250,6,1,1,255,255,0,0,0,0.0166666675,,19,0,19,0,3,0,,0|0|0.899999976|0|0|0|0,0|0|0.899999976|0|0|0|0
1250,1250,6,2,2,0,0,0,0,0,0.0166666675,,19,0,19,0,,0,,0|0|1|0|0|0|0,0|0|1|0|0|0|0
1251,1251,6,1,1,255,255,0,0,0,0.0166666675,,19,0,19,0,3,0,,0|0|0.899999976|0|0|0|0,0|0|0.899999976|0|0|0|0
1251,1251,6,2,2,0,0,0,0,0,0.0166666675,,19,0,19,0,,0,,0|0|1|0|0|0|0,0|0|1|0|0|0|0
1252,1252,6,1,1,255,255,0,0,0,0.0166666675,,19,0,19,0,3,0,,0|0|0.899999976|0|0|0|0,0|0|0.899999976|0|0|0|0
1252,1252,6,2,2,0,0,0,0,0,0.0166666675,,19,0,19,0,,0,,0|0|1|0|0|0|0,0|0|1|0|0|0|0
1253,1253,6,1,1,255,255,0,0,0,0.0166666675,,19,0,19,0,3,0,,0|0|0.899999976|0|0|0|0,0|0|0.899999976|0|0|0|0
1253,1253,6,2,2,0,0,0,0,0,0.0166666675,,19,0,19,0,,0,,0|0|1|0|0|0|0,0|0|1|0|0|0|0
1254,1254,6,1,1,255,255,0,0,0,0.0166666675,,19,0,19,0,3,0,,0|0|0.899999976|0|0|0|0,0|0|0.899999976|0|0|0|0
1254,1254,6,2,2,0,0,0,0,0,0.0166666675,,19,0,19,0,,0,,0|0|1|0|0|0|0,0|0|1|0|0|0|0
1255,1255,6,1,1,255,255,0,0,0,0.0166666675,,19,0,19,0,3,0,,0|0|0.899999976|0|0|0|0,0|0|0.899999976|0|0|0|0
1255,1255,6,2,2,0,0,0,0,0,0.0166666675,,19,0,19,0,,0,,0|0|1|0|0|0|0,0|0|1|0|0|0|0
1256,1256,6,1,1,255,255,0,0,0,0.0166666675,,19,0,19,0,3,0,,0|0|0.899999976|0|0|0|0,0|0|0.899999976|0|0|0|0
1256,1256,6,2,2,0,0,0,0,0,0.0166666675,,19,0,19,0,,0,,0|0|1|0|0|0|0,0|0|1|0|0|0|0
1257,1257,6,1,1,255,255,0,0,0,0.0166666675,,19,0,19,0,3,0,,0|0|0.899999976|0|0|0|0,0|0|0.899999976|0|0|0|0
1257,1257,6,2,2,0,0,0,0,0,0.0166666675,,19,0,19,0,,0,,0|0|1|0|0|0|0,0|0|1|0|0|0|0
1258,1258,6,1,1,255,255,0,0,0,0.0166666675,,19,0,19,0,3,0,,0|0|0.899999976|0|0|0|0,0|0|0.899999976|0|0|0|0
1258,1258,6,2,2,0,0,0,0,0,0.0166666675,,19,0,19,0,,0,,0|0|1|0|0|0|0,0|0|1|0|0|0|0
1259,1259,6,1,1,255,255,0,0,0,0.0166666675,,19,0,19,0,3,0,,0|0|0.899999976|0|0|0|0,0|0|0.899999976|0|0|0|0
1259,1259,6,2,2,0,0,0,0,0,0.0166666675,,19,0,19,0,,0,,0|0|1|0|0|0|0,0|0|1|0|0|0|0
1260,1260,6,1,1,255,255,0,0,0,0.0166666675,,19,0,19,0,3,0,,0|0|0.899999976|0|0|0|0,0|0|0.899999976|0|0|0|0
1260,1260,6,2,2,0,0,0,0,0,0.0166666675,,19,0,19,0,,0,,0|0|1|0|0|0|0,0|0|1|0|0|0|0
1261,1261,6,1,1,255,255,0,0,0,0.0166666675,,19,0,19,0,3,0,,0|0|0.899999976|0|0|0|0,0|0|0.899999976|0|0|0|0
1261,1261,6,2,2,0,0,0,0,0,0.0166666675,,19,0,19,0,,0,,0|0|1|0|0|0|0,0|0|1|0|0|0|0
1262,1262,6,1,1,255,255,0,0,0,0.0166666675,,19,0,19,0,3,0,,0|0|0.899999976|0|0|0|0,0|0|0.899999976|0|0|0|0
1262,1262,6,2,2,0,0,0,0,0,0.0166666675,,19,0,19,0,,0,,0|0|1|0|0|0|0,0|0|1|0|0|0|0
1263,1263,6,1,1,255,255,0,0,0,0.0166666675,,19,0,19,0,3,0,,0|0|0.899999976|0|0|0|0,0|0|0.899999976|0|0|0|0
1263,1263,6,2,2,0,0,0,0,0,0.0166666675,,19,0,19,0,,0,,0|0|1|0|0|0|0,0|0|1|0|0|0|0
1264,1264,6,1,1,255,255,0,0,0,0.0166666675,,19,0,19,0,3,0,,0|0|0.899999976|0|0|0|0,0|0|0.899999976|0|0|0|0
1264,1264,6,2,2,0,0,0,0,0,0.0166666675,,19,0,19,0,,0,,0|0|1|0|0|0|0,0|0|1|0|0|0|0
1265,1265,6,1,1,255,255,0,0,0,0.0166666675,,19,0,19,0,3,0,,0|0|0.899999976|0|0|0|0,0|0|0.899999976|0|0|0|0
1265,1265,6,2,2,0,0,0,0,0,0.0166666675,,19,0,19,0,,0,,0|0|1|0|0|0|0,0|0|1|0|0|0|0
1266,1266,6,1,1,255,255,0,0,0,0.0166666675,,19,0,19,0,3,0,,0|0|0.899999976|0|0|0|0,0|0|0.899999976|0|0|0|0
1266,1266,6,2,2,0,0,0,0,0,0.0166666675,,19,0,19,0,,0,,0|0|1|0|0|0|0,0|0|1|0|0|0|0
1267,1267,6,1,1,255,255,0,0,0,0.0166666675,,19,0,19,0,3,0,,0|0|0.899999976|0|0|0|0,0|0|0.899999976|0|0|0|0
1267,1267,6,2,2,0,0,0,0,0,0.0166666675,,19,0,19,0,,0,,0|0|1|0|0|0|0,0|0|1|0|0|0|0
1268,1268,6,1,1,255,255,0,0,0,0.0166666675,,19,0,19,0,3,0,,0|0|0.899999976|0|0|0|0,0|0|0.899999976|0|0|0|0
1268,1268,6,2,2,0,0,0,0,0,0.0166666675,,19,0,19,0,,0,,0|0|1|0|0|0|0,0|0|1|0|0|0|0
1269,1269,6,1,1,255,255,0,0,0,0.0166666675,,19,0,19,0,3,0,,0|0|0.899999976|0|0|0|0,0|0|0.899999976|0|0|0|0
1269,1269,6,2,2,0,0,0,0,0,0.0166666675,,19,0,19,0,,0,,0|0|1|0|0|0|0,0|0|1|0|0|0|0
1270,1270,6,1,1,255,255,0,0,0,0.0166666675,,19,0,19,0,3,0,,0|0|0.899999976|0|0|0|0,0|0|0.899999976|0|0|0|0
1270,1270,6,2,2,0,0,0,0,0,0.0166666675,,19,0,19,0,,0,,0|0|1|0|0|0|0,0|0|1|0|0|0|0
1271,1271,6,1,1,255,255,0,0,0,0.0166666675,,19,0,19,0,3,0,,0|0|0.899999976|0|0|0|0,0|0|0.899999976|0|0|0|0
1271,1271,6,2,2,0,0,0,0,0,0.0166666675,,19,0,19,0,,0,,0|0|1|0|0|0|0,0|0|1|0|0|0|0
1272,1272,6,1,1,255,255,0,0,0,0.0166666675,,19,0,19,0,3,0,,0|0|0.899999976|0|0|0|0,0|0|0.899999976|0|0|0|0
1272,1272,6,2,2,0,0,0,0,0,0.0166666675,,19,0,19,0,,0,,0|0|1|0|0|0|0,0|0|1|0|0|0|0
1273,1273,6,1,1,255,255,0,0,0,0.0166666675,,19,0,19,0,3,0,,0|0|0.899999976|0|0|0|0,0|0|0.899999976|0|0|0|0
1273,1273,6,2,2,0,0,0,0,0,0.0166666675,,19,0,19,0,,0,,0|0|1|0|0|0|0,0|0|1|0|0|0|0
1274,1274,6,1,1,255,255,0,0,0,0.0166666675,,19,0,19,0,3,0,,0|0|0.899999976|0|0|0|0,0|0|0.899999976|0|0|0|0
1274,1274,6,2,2,0,0,0,0,0,0.0166666675,,19,0,19,0,,0,,0|0|1|0|0|0|0,0|0|1|0|0|0|0
1275,1275,6,1,1,255,255,0,0,0,0.0166666675,,19,0,19,0,3,0,,0|0|0.899999976|0|0|0|0,0|0|0.899999976|0|0|0|0
1275,1275,6,2,2,0,0,0,0,0,0.0166666675,,19,0,19,0,,0,,0|0|1|0|0|0|0,0|0|1|0|0|0|0
1276,1276,6,1,1,255,255,0,0,0,0.0166666675,,19,0,19,0,3,0,,0|0|0.899999976|0|0|0|0,0|0|0.899999976|0|0|0|0
1276,1276,6,2,2,0,0,0,0,0,0.0166666675,,19,0,19,0,,0,,0|0|1|0|0|0|0,0|0|1|0|0|0|0
1277,1277,6,1,1,255,255,0,0,0,0.0166666675,,19,0,19,0,3,0,,0|0|0.899999976|0|0|0|0,0|0|0.899999976|0|0|0|0
1277,1277,6,2,2,0,0,0,0,0,0.0166666675,,19,0,19,0,,0,,0|0|1|0|0|0|0,0|0|1|0|0|0|0
1278,1278,6,1,1,255,255,0,0,0,0.0166666675,,19,0,19,0,3,0,,0|0|0.899999976|0|0|0|0,0|0|0.899999976|0|0|0|0
1278,1278,6,2,2,0,0,0,0,0,0.0166666675,,19,0,19,0,,0,,0|0|1|0|0|0|0,0|0|1|0|0|0|0
1279,1279,6,1,1,255,255,0,0,0,0.0166666675,,19,0,19,0,3,0,,0|0|0.899999976|0|0|0|0,0|0|0.899999976|0|0|0|0
1279,1279,6,2,2,0,0,0,0,0,0.0166666675,,19,0,19,0,,0,,0|0|1|0|0|0|0,0|0|1|0|0|0|0
1280,1280,6,1,1,255,255,0,0,0,0.0166666675,,19,0,19,0,3,0,,0|0|0.899999976|0|0|0|0,0|0|0.899999976|0|0|0|0
1280,1280,6,2,2,0,0,0,0,0,0.0166666675,,19,0,19,0,,0,,0|0|1|0|0|0|0,0|0|1|0|0|0|0
1281,1281,6,1,1,255,255,0,0,0,0.0166666675,,19,0,19,0,3,0,,0|0|0.899999976|0|0|0|0,0|0|0.899999976|0|0|0|0
1281,1281,6,2,2,0,0,0,0,0,0.0166666675,,19,0,19,0,,0,,0|0|1|0|0|0|0,0|0|1|0|0|0|0
1282,1282,6,1,1,255,255,0,0,0,0.0166666675,,19,0,19,0,3,0,,0|0|0.899999976|0|0|0|0,0|0|0.899999976|0|0|0|0
1282,1282,6,2,2,0,0,0,0,0,0.0166666675,,19,0,19,0,,0,,0|0|1|0|0|0|0,0|0|1|0|0|0|0
1283,1283,6,1,1,255,255,0,0,0,0.0166666675,,19,0,19,0,3,0,,0|0|0.899999976|0|0|0|0,0|0|0.899999976|0|0|0|0
1283,1283,6,2,2,0,0,0,0,0,0.0166666675,,19,0,19,0,,0,,0|0|1|0|0|0|0,0|0|1|0|0|0|0
1284,1284,6,1,1,255,255,0,0,0,0.0166666675,,19,0,19,0,3,0,,0|0|0.899999976|0|0|0|0,0|0|0.899999976|0|0|0|0
1284,1284,6,2,2,0,0,0,0,0,0.0166666675,,19,0,19,0,,0,,0|0|1|0|0|0|0,0|0|1|0|0|0|0
1285,1285,6,1,1,255,255,0,0,0,0.0166666675,,19,0,19,0,3,0,,0|0|0.899999976|0|0|0|0,0|0|0.899999976|0|0|0|0
1285,1285,6,2,2,0,0,0,0,0,0.0166666675,,19,0,19,0,,0,,0|0|1|0|0|0|0,0|0|1|0|0|0|0
1286,1286,6,1,1,255,255,0,0,0,0.0166666675,,19,0,19,0,3,0,,0|0|0.899999976|0|0|0|0,0|0|0.899999976|0|0|0|0
1286,1286,6,2,2,0,0,0,0,0,0.0166666675,,19,0,19,0,,0,,0|0|1|0|0|0|0,0|0|1|0|0|0|0
1287,1287,6,1,1,255,255,0,0,0,0.0166666675,,19,0,19,0,3,0,,0|0|0.899999976|0|0|0|0,0|0|0.899999976|0|0|0|0
1287,1287,6,2,2,0,0,0,0,0,0.0166666675,,19,0,19,0,,0,,0|0|1|0|0|0|0,0|0|1|0|0|0|0
1288,1288,6,1,1,255,255,0,0,0,0.0166666675,,19,0,19,0,3,0,,0|0|0.899999976|0|0|0|0,0|0|0.899999976|0|0|0|0
1288,1288,6,2,2,0,0,0,0,0,0.0166666675,,19,0,19,0,,0,,0|0|1|0|0|0|0,0|0|1|0|0|0|0
1289,1289,6,1,1,255,255,0,0,0,0.0166666675,,19,0,19,0,3,0,,0|0|0.899999976|0|0|0|0,0|0|0.899999976|0|0|0|0
1289,1289,6,2,2,0,0,0,0,0,0.0166666675,,19,0,19,0,,0,,0|0|1|0|0|0|0,0|0|1|0|0|0|0
1290,1290,6,1,1,255,255,0,0,0,0.0166666675,,19,0,19,0,3,0,,0|0|0.899999976|0|0|0|0,0|0|0.899999976|0|0|0|0
1290,1290,6,2,2,0,0,0,0,0,0.0166666675,,19,0,19,0,,0,,0|0|1|0|0|0|0,0|0|1|0|0|0|0
1291,1291,6,1,1,255,255,0,0,0,0.0166666675,,19,0,19,0,3,0,,0|0|0.899999976|0|0|0|0,0|0|0.899999976|0|0|0|0
1291,1291,6,2,2,0,0,0,0,0,0.0166666675,,19,0,19,0,,0,,0|0|1|0|0|0|0,0|0|1|0|0|0|0
1292,1292,6,1,1,255,255,0,0,0,0.0166666675,,19,0,19,0,3,0,,0|0|0.899999976|0|0|0|0,0|0|0.899999976|0|0|0|0
1292,1292,6,2,2,0,0,0,0,0,0.0166666675,,19,0,19,0,,0,,0|0|1|0|0|0|0,0|0|1|0|0|0|0
1293,1293,6,1,1,255,255,0,0,0,0.0166666675,,19,0,19,0,3,0,,0|0|0.899999976|0|0|0|0,0|0|0.899999976|0|0|0|0
1293,1293,6,2,2,0,0,0,0,0,0.0166666675,,19,0,19,0,,0,,0|0|1|0|0|0|0,0|0|1|0|0|0|0
1294,1294,6,1,1,255,255,0,0,0,0.0166666675,,19,0,19,0,3,0,,0|0|0.899999976|0|0|0|0,0|0|0.899999976|0|0|0|0
1294,1294,6,2,2,0,0,0,0,0,0.0166666675,,19,0,19,0,,0,,0|0|1|0|0|0|0,0|0|1|0|0|0|0
1295,1295,6,1,1,255,255,0,0,0,0.0166666675,,19,0,19,0,3,0,,0|0|0.899999976|0|0|0|0,0|0|0.899999976|0|0|0|0
1295,1295,6,2,2,0,0,0,0,0,0.0166666675,,19,0,19,0,,0,,0|0|1|0|0|0|0,0|0|1|0|0|0|0
1296,1296,6,1,1,255,255,0,0,0,0.0166666675,,19,0,19,0,3,0,,0|0|0.899999976|0|0|0|0,0|0|0.899999976|0|0|0|0
1296,1296,6,2,2,0,0,0,0,0,0.0166666675,,19,0,19,0,,0,,0|0|1|0|0|0|0,0|0|1|0|0|0|0
1297,1297,6,1,1,255,255,0,0,0,0.0166666675,,19,0,19,0,3,0,,0|0|0.899999976|0|0|0|0,0|0|0.899999976|0|0|0|0
1297,1297,6,2,2,0,0,0,0,0,0.0166666675,,19,0,19,0,,0,,0|0|1|0|0|0|0,0|0|1|0|0|0|0
1298,1298,6,1,1,255,255,0,0,0,0.0166666675,,19,0,19,0,3,0,,0|0|0.899999976|0|0|0|0,0|0|0.899999976|0|0|0|0
1298,1298,6,2,2,0,0,0,0,0,0.0166666675,,19,0,19,0,,0,,0|0|1|0|0|0|0,0|0|1|0|0|0|0
1299,1299,6,1,1,255,255,0,0,0,0.0166666675,,19,0,19,0,3,0,,0|0|0.899999976|0|0|0|0,0|0|0.899999976|0|0|0|0
1299,1299,6,2,2,0,0,0,0,0,0.0166666675,,19,0,19,0,,0,,0|0|1|0|0|0|0,0|0|1|0|0|0|0
1300,1300,6,1,1,255,255,0,0,0,0.0166666675,,19,0,19,0,3,0,,0|0|0.899999976|0|0|0|0,0|0|0.899999976|0|0|0|0
1300,1300,6,2,2,0,0,0,0,0,0.0166666675,,19,0,19,0,,0,,0|0|1|0|0|0|0,0|0|1|0|0|0|0
1301,1301,6,1,1,255,255,0,0,0,0.0166666675,,19,0,19,0,3,0,,0|0|0.899999976|0|0|0|0,0|0|0.899999976|0|0|0|0
1301,1301,6,2,2,0,0,0,0,0,0.0166666675,,19,0,19,0,,0,,0|0|1|0|0|0|0,0|0|1|0|0|0|0
1302,1302,6,1,1,255,255,0,0,0,0.0166666675,,19,0,19,0,3,0,,0|0|0.899999976|0|0|0|0,0|0|0.899999976|0|0|0|0
1302,1302,6,2,2,0,0,0,0,0,0.0166666675,,19,0,19,0,,0,,0|0|1|0|0|0|0,0|0|1|0|0|0|0
1303,1303,6,1,1,255,255,0,0,0,0.0166666675,,19,0,19,0,3,0,,0|0|0.899999976|0|0|0|0,0|0|0.899999976|0|0|0|0
1303,1303,6,2,2,0,0,0,0,0,0.0166666675,,19,0,19,0,,0,,0|0|1|0|0|0|0,0|0|1|0|0|0|0
1304,1304,6,1,1,255,255,0,0,0,0.0166666675,,19,0,19,0,3,0,,0|0|0.899999976|0|0|0|0,0|0|0.899999976|0|0|0|0
1304,1304,6,2,2,0,0,0,0,0,0.0166666675,,19,0,19,0,,0,,0|0|1|0|0|0|0,0|0|1|0|0|0|0
1305,1305,6,1,1,255,255,0,0,0,0.0166666675,,19,0,19,0,3,0,,0|0|0.899999976|0|0|0|0,0|0|0.899999976|0|0|0|0
1305,1305,6,2,2,0,0,0,0,0,0.0166666675,,19,0,19,0,,0,,0|0|1|0|0|0|0,0|0|1|0|0|0|0
1306,1306,6,1,1,255,255,0,0,0,0.0166666675,,19,0,19,0,3,0,,0|0|0.899999976|0|0|0|0,0|0|0.899999976|0|0|0|0
1306,1306,6,2,2,0,0,0,0,0,0.0166666675,,19,0,19,0,,0,,0|0|1|0|0|0|0,0|0|1|0|0|0|0
1307,1307,6,1,1,255,255,0,0,0,0.0166666675,,19,0,19,0,3,0,,0|0|0.899999976|0|0|0|0,0|0|0.899999976|0|0|0|0
1307,1307,6,2,2,0,0,0,0,0,0.0166666675,,19,0,19,0,,0,,0|0|1|0|0|0|0,0|0|1|0|0|0|0
1308,1308,6,1,1,255,255,0,0,0,0.0166666675,,19,0,19,0,3,0,,0|0|0.899999976|0|0|0|0,0|0|0.899999976|0|0|0|0
1308,1308,6,2,2,0,0,0,0,0,0.0166666675,,19,0,19,0,,0,,0|0|1|0|0|0|0,0|0|1|0|0|0|0
1309,1309,6,1,1,255,255,0,0,0,0.0166666675,,19,0,19,0,3,0,,0|0|0.899999976|0|0|0|0,0|0|0.899999976|0|0|0|0
1309,1309,6,2,2,0,0,0,0,0,0.0166666675,,19,0,19,0,,0,,0|0|1|0|0|0|0,0|0|1|0|0|0|0
1310,1310,6,1,1,255,255,0,0,0,0.0166666675,,19,0,19,0,3,0,,0|0|0.899999976|0|0|0|0,0|0|0.899999976|0|0|0|0
1310,1310,6,2,2,0,0,0,0,0,0.0166666675,,19,0,19,0,,0,,0|0|1|0|0|0|0,0|0|1|0|0|0|0
1311,1311,6,1,1,255,255,0,0,0,0.0166666675,,19,0,19,0,3,0,,0|0|0.899999976|0|0|0|0,0|0|0.899999976|0|0|0|0
1311,1311,6,2,2,0,0,0,0,0,0.0166666675,,19,0,19,0,,0,,0|0|1|0|0|0|0,0|0|1|0|0|0|0
1312,1312,6,1,1,255,255,0,0,0,0.0166666675,,19,0,19,0,3,0,,0|0|0.899999976|0|0|0|0,0|0|0.899999976|0|0|0|0
1312,1312,6,2,2,0,0,0,0,0,0.0166666675,,19,0,19,0,,0,,0|0|1|0|0|0|0,0|0|1|0|0|0|0
1313,1313,6,1,1,255,255,0,0,0,0.0166666675,,19,0,19,0,3,0,,0|0|0.899999976|0|0|0|0,0|0|0.899999976|0|0|0|0
1313,1313,6,2,2,0,0,0,0,0,0.0166666675,,19,0,19,0,,0,,0|0|1|0|0|0|0,0|0|1|0|0|0|0
1314,1314,6,1,1,255,255,0,0,0,0.0166666675,,19,0,19,0,3,0,,0|0|0.899999976|0|0|0|0,0|0|0.899999976|0|0|0|0
1314,1314,6,2,2,0,0,0,0,0,0.0166666675,,19,0,19,0,,0,,0|0|1|0|0|0|0,0|0|1|0|0|0|0
1315,1315,6,1,1,255,255,0,0,0,0.0166666675,,19,0,19,0,3,0,,0|0|0.899999976|0|0|0|0,0|0|0.899999976|0|0|0|0
1315,1315,6,2,2,0,0,0,0,0,0.0166666675,,19,0,19,0,,0,,0|0|1|0|0|0|0,0|0|1|0|0|0|0
1316,1316,6,1,1,255,255,0,0,0,0.0166666675,,19,0,19,0,3,0,,0|0|0.899999976|0|0|0|0,0|0|0.899999976|0|0|0|0
1316,1316,6,2,2,0,0,0,0,0,0.0166666675,,19,0,19,0,,0,,0|0|1|0|0|0|0,0|0|1|0|0|0|0
1317,1317,6,1,1,255,255,0,0,0,0.0166666675,,19,0,19,0,3,0,,0|0|0.899999976|0|0|0|0,0|0|0.899999976|0|0|0|0
1317,1317,6,2,2,0,0,0,0,0,0.0166666675,,19,0,19,0,,0,,0|0|1|0|0|0|0,0|0|1|0|0|0|0
1318,1318,6,1,1,255,255,0,0,0,0.0166666675,,19,0,19,0,3,0,,0|0|0.899999976|0|0|0|0,0|0|0.899999976|0|0|0|0
1318,1318,6,2,2,0,0,0,0,0,0.0166666675,,19,0,19,0,,0,,0|0|1|0|0|0|0,0|0|1|0|0|0|0
1319,1319,6,1,1,255,255,0,0,0,0.0166666675,,19,0,19,0,3,0,,0|0|0.899999976|0|0|0|0,0|0|0.899999976|0|0|0|0
1319,1319,6,2,2,0,0,0,0,0,0.0166666675,,19,0,19,0,,0,,0|0|1|0|0|0|0,0|0|1|0|0|0|0
1320,1320,6,1,1,255,255,0,0,0,0.0166666675,,19,0,19,0,3,0,,0|0|0.899999976|0|0|0|0,0|0|0.899999976|0|0|0|0
1320,1320,6,2,2,0,0,0,0,0,0.0166666675,,19,0,19,0,,0,,0|0|1|0|0|0|0,0|0|1|0|0|0|0
1321,1321,6,1,1,255,255,0,0,0,0.0166666675,,19,0,19,0,3,0,,0|0|0.899999976|0|0|0|0,0|0|0.899999976|0|0|0|0
1321,1321,6,2,2,0,0,0,0,0,0.0166666675,,19,0,19,0,,0,,0|0|1|0|0|0|0,0|0|1|0|0|0|0
1322,1322,6,1,1,255,255,0,0,0,0.0166666675,,19,0,19,0,3,0,,0|0|0.899999976|0|0|0|0,0|0|0.899999976|0|0|0|0
1322,1322,6,2,2,0,0,0,0,0,0.0166666675,,19,0,19,0,,0,,0|0|1|0|0|0|0,0|0|1|0|0|0|0
1323,1323,6,1,1,255,255,0,0,0,0.0166666675,,19,0,19,0,3,0,,0|0|0.899999976|0|0|0|0,0|0|0.899999976|0|0|0|0
1323,1323,6,2,2,0,0,0,0,0,0.0166666675,,19,0,19,0,,0,,0|0|1|0|0|0|0,0|0|1|0|0|0|0
1324,1324,6,1,1,255,255,0,0,0,0.0166666675,,19,0,19,0,3,0,,0|0|0.899999976|0|0|0|0,0|0|0.899999976|0|0|0|0
1324,1324,6,2,2,0,0,0,0,0,0.0166666675,,19,0,19,0,,0,,0|0|1|0|0|0|0,0|0|1|0|0|0|0
1325,1325,6,1,1,255,255,0,0,0,0.0166666675,,19,0,19,0,3,0,,0|0|0.899999976|0|0|0|0,0|0|0.899999976|0|0|0|0
1325,1325,6,2,2,0,0,0,0,0,0.0166666675,,19,0,19,0,,0,,0|0|1|0|0|0|0,0|0|1|0|0|0|0
1326,1326,6,1,1,255,255,0,0,0,0.0166666675,,19,0,19,0,3,0,,0|0|0.899999976|0|0|0|0,0|0|0.899999976|0|0|0|0
1326,1326,6,2,2,0,0,0,0,0,0.0166666675,,19,0,19,0,,0,,0|0|1|0|0|0|0,0|0|1|0|0|0|0
1327,1327,6,1,1,255,255,0,0,0,0.0166666675,,19,0,19,0,3,0,,0|0|0.899999976|0|0|0|0,0|0|0.899999976|0|0|0|0
1327,1327,6,2,2,0,0,0,0,0,0.0166666675,,19,0,19,0,,0,,0|0|1|0|0|0|0,0|0|1|0|0|0|0
1328,1328,6,1,1,255,255,0,0,0,0.0166666675,,19,0,19,0,3,0,,0|0|0.899999976|0|0|0|0,0|0|0.899999976|0|0|0|0
1328,1328,6,2,2,0,0,0,0,0,0.0166666675,,19,0,19,0,,0,,0|0|1|0|0|0|0,0|0|1|0|0|0|0
1329,1329,6,1,1,255,255,0,0,0,0.0166666675,,19,0,19,0,3,0,,0|0|0.899999976|0|0|0|0,0|0|0.899999976|0|0|0|0
1329,1329,6,2,2,0,0,0,0,0,0.0166666675,,19,0,19,0,,0,,0|0|1|0|0|0|0,0|0|1|0|0|0|0
1330,1330,6,1,1,255,255,0,0,0,0.0166666675,,19,0,19,0,3,0,,0|0|0.899999976|0|0|0|0,0|0|0.899999976|0|0|0|0
1330,1330,6,2,2,0,0,0,0,0,0.0166666675,,19,0,19,0,,0,,0|0|1|0|0|0|0,0|0|1|0|0|0|0
1331,1331,6,1,1,255,255,0,0,0,0.0166666675,,19,0,19,0,3,0,,0|0|0.899999976|0|0|0|0,0|0|0.899999976|0|0|0|0
1331,1331,6,2,2,0,0,0,0,0,0.0166666675,,19,0,19,0,,0,,0|0|1|0|0|0|0,0|0|1|0|0|0|0
1332,1332,6,1,1,255,255,0,0,0,0.0166666675,,19,0,19,0,3,0,,0|0|0.899999976|0|0|0|0,0|0|0.899999976|0|0|0|0
1332,1332,6,2,2,0,0,0,0,0,0.0166666675,,19,0,19,0,,0,,0|0|1|0|0|0|0,0|0|1|0|0|0|0
1333,1333,6,1,1,255,255,0,0,0,0.0166666675,,19,0,19,0,3,0,,0|0|0.899999976|0|0|0|0,0|0|0.899999976|0|0|0|0
1333,1333,6,2,2,0,0,0,0,0,0.0166666675,,19,0,19,0,,0,,0|0|1|0|0|0|0,0|0|1|0|0|0|0
1334,1334,6,1,1,255,255,0,0,0,0.0166666675,,19,0,19,0,3,0,,0|0|0.899999976|0|0|0|0,0|0|0.899999976|0|0|0|0
1334,1334,6,2,2,0,0,0,0,0,0.0166666675,,19,0,19,0,,0,,0|0|1|0|0|0|0,0|0|1|0|0|0|0
1335,1335,6,1,1,255,255,0,0,0,0.0166666675,,19,0,19,0,3,0,,0|0|0.899999976|0|0|0|0,0|0|0.899999976|0|0|0|0
1335,1335,6,2,2,0,0,0,0,0,0.0166666675,,19,0,19,0,,0,,0|0|1|0|0|0|0,0|0|1|0|0|0|0
1336,1336,6,1,1,255,255,0,0,0,0.0166666675,,19,0,19,0,3,0,,0|0|0.899999976|0|0|0|0,0|0|0.899999976|0|0|0|0
1336,1336,6,2,2,0,0,0,0,0,0.0166666675,,19,0,19,0,,0,,0|0|1|0|0|0|0,0|0|1|0|0|0|0
1337,1337,6,1,1,255,255,0,0,0,0.0166666675,,19,0,19,0,3,0,,0|0|0.899999976|0|0|0|0,0|0|0.899999976|0|0|0|0
1337,1337,6,2,2,0,0,0,0,0,0.0166666675,,19,0,19,0,,0,,0|0|1|0|0|0|0,0|0|1|0|0|0|0
1338,1338,6,1,1,255,255,0,0,0,0.0166666675,,19,0,19,0,3,0,,0|0|0.899999976|0|0|0|0,0|0|0.899999976|0|0|0|0
1338,1338,6,2,2,0,0,0,0,0,0.0166666675,,19,0,19,0,,0,,0|0|1|0|0|0|0,0|0|1|0|0|0|0
1339,1339,6,1,1,255,255,0,0,0,0.0166666675,,19,0,19,0,3,0,,0|0|0.899999976|0|0|0|0,0|0|0.899999976|0|0|0|0
1339,1339,6,2,2,0,0,0,0,0,0.0166666675,,19,0,19,0,,0,,0|0|1|0|0|0|0,0|0|1|0|0|0|0
1340,1340,6,1,1,255,255,0,0,0,0.0166666675,,19,0,19,0,3,0,,0|0|0.899999976|0|0|0|0,0|0|0.899999976|0|0|0|0
1340,1340,6,2,2,0,0,0,0,0,0.0166666675,,19,0,19,0,,0,,0|0|1|0|0|0|0,0|0|1|0|0|0|0
1341,1341,6,1,1,255,255,0,0,0,0.0166666675,,19,0,19,0,3,0,,0|0|0.899999976|0|0|0|0,0|0|0.899999976|0|0|0|0
1341,1341,6,2,2,0,0,0,0,0,0.0166666675,,19,0,19,0,,0,,0|0|1|0|0|0|0,0|0|1|0|0|0|0
1342,1342,6,1,1,255,255,0,0,0,0.0166666675,,19,0,19,0,3,0,,0|0|0.899999976|0|0|0|0,0|0|0.899999976|0|0|0|0
1342,1342,6,2,2,0,0,0,0,0,0.0166666675,,19,0,19,0,,0,,0|0|1|0|0|0|0,0|0|1|0|0|0|0
1343,1343,6,1,1,255,255,0,0,0,0.0166666675,,19,0,19,0,3,0,,0|0|0.899999976|0|0|0|0,0|0|0.899999976|0|0|0|0
1343,1343,6,2,2,0,0,0,0,0,0.0166666675,,19,0,19,0,,0,,0|0|1|0|0|0|0,0|0|1|0|0|0|0
1344,1344,6,1,1,255,255,0,0,0,0.0166666675,,19,0,19,0,3,0,,0|0|0.899999976|0|0|0|0,0|0|0.899999976|0|0|0|0
1344,1344,6,2,2,0,0,0,0,0,0.0166666675,,19,0,19,0,,0,,0|0|1|0|0|0|0,0|0|1|0|0|0|0
1345,1345,6,1,1,255,255,0,0,0,0.0166666675,,19,0,19,0,3,0,,0|0|0.899999976|0|0|0|0,0|0|0.899999976|0|0|0|0
1345,1345,6,2,2,0,0,0,0,0,0.0166666675,,19,0,19,0,,0,,0|0|1|0|0|0|0,0|0|1|0|0|0|0
1346,1346,6,1,1,255,255,0,0,0,0.0166666675,,19,0,19,0,3,0,,0|0|0.899999976|0|0|0|0,0|0|0.899999976|0|0|0|0
1346,1346,6,2,2,0,0,0,0,0,0.0166666675,,19,0,19,0,,0,,0|0|1|0|0|0|0,0|0|1|0|0|0|0
1347,1347,6,1,1,255,255,0,0,0,0.0166666675,,19,0,19,0,3,0,,0|0|0.899999976|0|0|0|0,0|0|0.899999976|0|0|0|0
1347,1347,6,2,2,0,0,0,0,0,0.0166666675,,19,0,19,0,,0,,0|0|1|0|0|0|0,0|0|1|0|0|0|0
1348,1348,6,1,1,255,255,0,0,0,0.0166666675,,19,0,19,0,3,0,,0|0|0.899999976|0|0|0|0,0|0|0.899999976|0|0|0|0
1348,1348,6,2,2,0,0,0,0,0,0.0166666675,,19,0,19,0,,0,,0|0|1|0|0|0|0,0|0|1|0|0|0|0
1349,1349,6,1,1,255,255,0,0,0,0.0166666675,,19,0,19,0,3,0,,0|0|0.899999976|0|0|0|0,0|0|0.899999976|0|0|0|0
1349,1349,6,2,2,0,0,0,0,0,0.0166666675,,19,0,19,0,,0,,0|0|1|0|0|0|0,0|0|1|0|0|0|0
1350,1350,6,1,1,255,255,0,0,0,0.0166666675,,19,0,19,0,3,0,,0|0|0.899999976|0|0|0|0,0|0|0.899999976|0|0|0|0
1350,1350,6,2,2,0,0,0,0,0,0.0166666675,,19,0,19,0,,0,,0|0|1|0|0|0|0,0|0|1|0|0|0|0
1351,1351,6,1,1,255,255,0,0,0,0.0166666675,,19,0,19,0,3,0,,0|0|0.899999976|0|0|0|0,0|0|0.899999976|0|0|0|0
1351,1351,6,2,2,0,0,0,0,0,0.0166666675,,19,0,19,0,,0,,0|0|1|0|0|0|0,0|0|1|0|0|0|0
1352,1352,6,1,1,255,255,0,0,0,0.0166666675,,19,0,19,0,3,0,,0|0|0.899999976|0|0|0|0,0|0|0.899999976|0|0|0|0
1352,1352,6,2,2,0,0,0,0,0,0.0166666675,,19,0,19,0,,0,,0|0|1|0|0|0|0,0|0|1|0|0|0|0
1353,1353,6,1,1,255,255,0,0,0,0.0166666675,,19,0,19,0,3,0,,0|0|0.899999976|0|0|0|0,0|0|0.899999976|0|0|0|0
1353,1353,6,2,2,0,0,0,0,0,0.0166666675,,19,0,19,0,,0,,0|0|1|0|0|0|0,0|0|1|0|0|0|0
1354,1354,6,1,1,255,255,0,0,0,0.0166666675,,19,0,19,0,3,0,,0|0|0.899999976|0|0|0|0,0|0|0.899999976|0|0|0|0
1354,1354,6,2,2,0,0,0,0,0,0.0166666675,,19,0,19,0,,0,,0|0|1|0|0|0|0,0|0|1|0|0|0|0
1355,1355,6,1,1,255,255,0,0,0,0.0166666675,,19,0,19,0,3,0,,0|0|0.899999976|0|0|0|0,0|0|0.899999976|0|0|0|0
1355,1355,6,2,2,0,0,0,0,0,0.0166666675,,19,0,19,0,,0,,0|0|1|0|0|0|0,0|0|1|0|0|0|0
1356,1356,6,1,1,255,255,0,0,0,0.0166666675,,19,0,19,0,3,0,,0|0|0.899999976|0|0|0|0,0|0|0.899999976|0|0|0|0
1356,1356,6,2,2,0,0,0,0,0,0.0166666675,,19,0,19,0,,0,,0|0|1|0|0|0|0,0|0|1|0|0|0|0
1357,1357,6,1,1,255,255,0,0,0,0.0166666675,,19,0,19,0,3,0,,0|0|0.899999976|0|0|0|0,0|0|0.899999976|0|0|0|0
1357,1357,6,2,2,0,0,0,0,0,0.0166666675,,19,0,19,0,,0,,0|0|1|0|0|0|0,0|0|1|0|0|0|0
1358,1358,6,1,1,255,255,0,0,0,0.0166666675,,19,0,19,0,3,0,,0|0|0.899999976|0|0|0|0,0|0|0.899999976|0|0|0|0
1358,1358,6,2,2,0,0,0,0,0,0.0166666675,,19,0,19,0,,0,,0|0|1|0|0|0|0,0|0|1|0|0|0|0
1359,1359,6,1,1,255,255,0,0,0,0.0166666675,,19,0,19,0,3,0,,0|0|0.899999976|0|0|0|0,0|0|0.899999976|0|0|0|0
1359,1359,6,2,2,0,0,0,0,0,0.0166666675,,19,0,19,0,,0,,0|0|1|0|0|0|0,0|0|1|0|0|0|0
1360,1360,6,1,1,255,255,0,0,0,0.0166666675,,19,0,19,0,3,0,,0|0|0.899999976|0|0|0|0,0|0|0.899999976|0|0|0|0
1360,1360,6,2,2,0,0,0,0,0,0.0166666675,,19,0,19,0,,0,,0|0|1|0|0|0|0,0|0|1|0|0|0|0
1361,1361,6,1,1,255,255,0,0,0,0.0166666675,,19,0,19,0,3,0,,0|0|0.899999976|0|0|0|0,0|0|0.899999976|0|0|0|0
1361,1361,6,2,2,0,0,0,0,0,0.0166666675,,19,0,19,0,,0,,0|0|1|0|0|0|0,0|0|1|0|0|0|0
1362,1362,6,1,1,255,255,0,0,0,0.0166666675,,19,0,19,0,3,0,,0|0|0.899999976|0|0|0|0,0|0|0.899999976|0|0|0|0
1362,1362,6,2,2,0,0,0,0,0,0.0166666675,,19,0,19,0,,0,,0|0|1|0|0|0|0,0|0|1|0|0|0|0
1363,1363,6,1,1,255,255,0,0,0,0.0166666675,,19,0,19,0,3,0,,0|0|0.899999976|0|0|0|0,0|0|0.899999976|0|0|0|0
1363,1363,6,2,2,0,0,0,0,0,0.0166666675,,19,0,19,0,,0,,0|0|1|0|0|0|0,0|0|1|0|0|0|0
1364,1364,6,1,1,255,255,0,0,0,0.0166666675,,19,0,19,0,3,0,,0|0|0.899999976|0|0|0|0,0|0|0.899999976|0|0|0|0
1364,1364,6,2,2,0,0,0,0,0,0.0166666675,,19,0,19,0,,0,,0|0|1|0|0|0|0,0|0|1|0|0|0|0
1365,1365,6,1,1,255,255,0,0,0,0.0166666675,,19,0,19,0,3,0,,0|0|0.899999976|0|0|0|0,0|0|0.899999976|0|0|0|0
1365,1365,6,2,2,0,0,0,0,0,0.0166666675,,19,0,19,0,,0,,0|0|1|0|0|0|0,0|0|1|0|0|0|0
1366,1366,6,1,1,255,255,0,0,0,0.0166666675,,19,0,19,0,3,0,,0|0|0.899999976|0|0|0|0,0|0|0.899999976|0|0|0|0
1366,1366,6,2,2,0,0,0,0,0,0.0166666675,,19,0,19,0,,0,,0|0|1|0|0|0|0,0|0|1|0|0|0|0
1367,1367,6,1,1,255,255,0,0,0,0.0166666675,,19,0,19,0,3,0,,0|0|0.899999976|0|0|0|0,0|0|0.899999976|0|0|0|0
1367,1367,6,2,2,0,0,0,0,0,0.0166666675,,19,0,19,0,,0,,0|0|1|0|0|0|0,0|0|1|0|0|0|0
1368,1368,6,1,1,255,255,0,0,0,0.0166666675,,19,0,19,0,3,0,,0|0|0.899999976|0|0|0|0,0|0|0.899999976|0|0|0|0
1368,1368,6,2,2,0,0,0,0,0,0.0166666675,,19,0,19,0,,0,,0|0|1|0|0|0|0,0|0|1|0|0|0|0
1369,1369,6,1,1,255,255,0,0,0,0.0166666675,,19,0,19,0,3,0,,0|0|0.899999976|0|0|0|0,0|0|0.899999976|0|0|0|0
1369,1369,6,2,2,0,0,0,0,0,0.0166666675,,19,0,19,0,,0,,0|0|1|0|0|0|0,0|0|1|0|0|0|0
1370,1370,6,1,1,255,255,0,0,0,0.0166666675,,19,0,19,0,3,0,,0|0|0.899999976|0|0|0|0,0|0|0.899999976|0|0|0|0
1370,1370,6,2,2,0,0,0,0,0,0.0166666675,,19,0,19,0,,0,,0|0|1|0|0|0|0,0|0|1|0|0|0|0
1371,1371,6,1,1,255,255,0,0,0,0.0166666675,,19,0,19,0,3,0,,0|0|0.899999976|0|0|0|0,0|0|0.899999976|0|0|0|0
1371,1371,6,2,2,0,0,0,0,0,0.0166666675,,19,0,19,0,,0,,0|0|1|0|0|0|0,0|0|1|0|0|0|0
1372,1372,6,1,1,255,255,0,0,0,0.0166666675,,19,0,19,0,3,0,,0|0|0.899999976|0|0|0|0,0|0|0.899999976|0|0|0|0
1372,1372,6,2,2,0,0,0,0,0,0.0166666675,,19,0,19,0,,0,,0|0|1|0|0|0|0,0|0|1|0|0|0|0
1373,1373,6,1,1,255,255,0,0,0,0.0166666675,,19,0,19,0,3,0,,0|0|0.899999976|0|0|0|0,0|0|0.899999976|0|0|0|0
1373,1373,6,2,2,0,0,0,0,0,0.0166666675,,19,0,19,0,,0,,0|0|1|0|0|0|0,0|0|1|0|0|0|0
1374,1374,6,1,1,255,255,0,0,0,0.0166666675,,19,0,19,0,3,0,,0|0|0.899999976|0|0|0|0,0|0|0.899999976|0|0|0|0
1374,1374,6,2,2,0,0,0,0,0,0.0166666675,,19,0,19,0,,0,,0|0|1|0|0|0|0,0|0|1|0|0|0|0
1375,1375,6,1,1,255,255,0,0,0,0.0166666675,,19,0,19,0,3,0,,0|0|0.899999976|0|0|0|0,0|0|0.899999976|0|0|0|0
1375,1375,6,2,2,0,0,0,0,0,0.0166666675,,19,0,19,0,,0,,0|0|1|0|0|0|0,0|0|1|0|0|0|0
1376,1376,6,1,1,255,255,0,0,0,0.0166666675,,19,0,19,0,3,0,,0|0|0.899999976|0|0|0|0,0|0|0.899999976|0|0|0|0
1376,1376,6,2,2,0,0,0,0,0,0.0166666675,,19,0,19,0,,0,,0|0|1|0|0|0|0,0|0|1|0|0|0|0
1377,1377,6,1,1,255,255,0,0,0,0.0166666675,,19,0,19,0,3,0,,0|0|0.899999976|0|0|0|0,0|0|0.899999976|0|0|0|0
1377,1377,6,2,2,0,0,0,0,0,0.0166666675,,19,0,19,0,,0,,0|0|1|0|0|0|0,0|0|1|0|0|0|0
1378,1378,6,1,1,255,255,0,0,0,0.0166666675,,19,0,19,0,3,0,,0|0|0.899999976|0|0|0|0,0|0|0.899999976|0|0|0|0
1378,1378,6,2,2,0,0,0,0,0,0.0166666675,,19,0,19,0,,0,,0|0|1|0|0|0|0,0|0|1|0|0|0|0
1379,1379,6,1,1,255,255,0,0,0,0.0166666675,,19,0,19,0,3,0,,0|0|0.899999976|0|0|0|0,0|0|0.899999976|0|0|0|0
1379,1379,6,2,2,0,0,0,0,0,0.0166666675,,19,0,19,0,,0,,0|0|1|0|0|0|0,0|0|1|0|0|0|0
1380,1380,6,1,1,255,255,0,0,0,0.0166666675,,19,0,19,0,3,0,,0|0|0.899999976|0|0|0|0,0|0|0.899999976|0|0|0|0
1380,1380,6,2,2,0,0,0,0,0,0.0166666675,,19,0,19,0,,0,,0|0|1|0|0|0|0,0|0|1|0|0|0|0
1381,1381,6,1,1,255,255,0,0,0,0.0166666675,,19,0,19,0,3,0,,0|0|0.899999976|0|0|0|0,0|0|0.899999976|0|0|0|0
1381,1381,6,2,2,0,0,0,0,0,0.0166666675,,19,0,19,0,,0,,0|0|1|0|0|0|0,0|0|1|0|0|0|0
1382,1382,6,1,1,255,255,0,0,0,0.0166666675,,19,0,19,0,3,0,,0|0|0.899999976|0|0|0|0,0|0|0.899999976|0|0|0|0
1382,1382,6,2,2,0,0,0,0,0,0.0166666675,,19,0,19,0,,0,,0|0|1|0|0|0|0,0|0|1|0|0|0|0
1383,1383,6,1,1,255,255,0,0,0,0.0166666675,,19,0,19,0,3,0,,0|0|0.899999976|0|0|0|0,0|0|0.899999976|0|0|0|0
1383,1383,6,2,2,0,0,0,0,0,0.0166666675,,19,0,19,0,,0,,0|0|1|0|0|0|0,0|0|1|0|0|0|0
1384,1384,6,1,1,255,255,0,0,0,0.0166666675,,19,0,19,0,3,0,,0|0|0.899999976|0|0|0|0,0|0|0.899999976|0|0|0|0
1384,1384,6,2,2,0,0,0,0,0,0.0166666675,,19,0,19,0,,0,,0|0|1|0|0|0|0,0|0|1|0|0|0|0
1385,1385,6,1,1,255,255,0,0,0,0.0166666675,,19,0,19,0,3,0,,0|0|0.899999976|0|0|0|0,0|0|0.899999976|0|0|0|0
1385,1385,6,2,2,0,0,0,0,0,0.0166666675,,19,0,19,0,,0,,0|0|1|0|0|0|0,0|0|1|0|0|0|0
1386,1386,6,1,1,255,255,0,0,0,0.0166666675,,19,0,19,0,3,0,,0|0|0.899999976|0|0|0|0,0|0|0.899999976|0|0|0|0
1386,1386,6,2,2,0,0,0,0,0,0.0166666675,,19,0,19,0,,0,,0|0|1|0|0|0|0,0|0|1|0|0|0|0
1387,1387,6,1,1,255,255,0,0,0,0.0166666675,,19,0,19,0,3,0,,0|0|0.899999976|0|0|0|0,0|0|0.899999976|0|0|0|0
1387,1387,6,2,2,0,0,0,0,0,0.0166666675,,19,0,19,0,,0,,0|0|1|0|0|0|0,0|0|1|0|0|0|0
1388,1388,6,1,1,255,255,0,0,0,0.0166666675,,19,0,19,0,3,0,,0|0|0.899999976|0|0|0|0,0|0|0.899999976|0|0|0|0
1388,1388,6,2,2,0,0,0,0,0,0.0166666675,,19,0,19,0,,0,,0|0|1|0|0|0|0,0|0|1|0|0|0|0
1389,1389,6,1,1,255,255,0,0,0,0.0166666675,,19,0,19,0,3,0,,0|0|0.899999976|0|0|0|0,0|0|0.899999976|0|0|0|0
1389,1389,6,2,2,0,0,0,0,0,0.0166666675,,19,0,19,0,,0,,0|0|1|0|0|0|0,0|0|1|0|0|0|0
1390,1390,6,1,1,255,255,0,0,0,0.0166666675,,19,0,19,0,3,0,,0|0|0.899999976|0|0|0|0,0|0|0.899999976|0|0|0|0
1390,1390,6,2,2,0,0,0,0,0,0.0166666675,,19,0,19,0,,0,,0|0|1|0|0|0|0,0|0|1|0|0|0|0
1391,1391,6,1,1,255,255,0,0,0,0.0166666675,,19,0,19,0,3,0,,0|0|0.899999976|0|0|0|0,0|0|0.899999976|0|0|0|0
1391,1391,6,2,2,0,0,0,0,0,0.0166666675,,19,0,19,0,,0,,0|0|1|0|0|0|0,0|0|1|0|0|0|0
1392,1392,6,1,1,255,255,0,0,0,0.0166666675,,19,0,19,0,3,0,,0|0|0.899999976|0|0|0|0,0|0|0.899999976|0|0|0|0
1392,1392,6,2,2,0,0,0,0,0,0.0166666675,,19,0,19,0,,0,,0|0|1|0|0|0|0,0|0|1|0|0|0|0
1393,1393,6,1,1,255,255,0,0,0,0.0166666675,,19,0,19,0,3,0,,0|0|0.899999976|0|0|0|0,0|0|0.899999976|0|0|0|0
1393,1393,6,2,2,0,0,0,0,0,0.0166666675,,19,0,19,0,,0,,0|0|1|0|0|0|0,0|0|1|0|0|0|0
1394,1394,6,1,1,255,255,0,0,0,0.0166666675,,19,0,19,0,3,0,,0|0|0.899999976|0|0|0|0,0|0|0.899999976|0|0|0|0
1394,1394,6,2,2,0,0,0,0,0,0.0166666675,,19,0,19,0,,0,,0|0|1|0|0|0|0,0|0|1|0|0|0|0
1395,1395,6,1,1,255,255,0,0,0,0.0166666675,,19,0,19,0,3,0,,0|0|0.899999976|0|0|0|0,0|0|0.899999976|0|0|0|0
1395,1395,6,2,2,0,0,0,0,0,0.0166666675,,19,0,19,0,,0,,0|0|1|0|0|0|0,0|0|1|0|0|0|0
1396,1396,6,1,1,255,255,0,0,0,0.0166666675,,19,0,19,0,3,0,,0|0|0.899999976|0|0|0|0,0|0|0.899999976|0|0|0|0
1396,1396,6,2,2,0,0,0,0,0,0.0166666675,,19,0,19,0,,0,,0|0|1|0|0|0|0,0|0|1|0|0|0|0
1397,1397,6,1,1,255,255,0,0,0,0.0166666675,,19,0,19,0,3,0,,0|0|0.899999976|0|0|0|0,0|0|0.899999976|0|0|0|0
1397,1397,6,2,2,0,0,0,0,0,0.0166666675,,19,0,19,0,,0,,0|0|1|0|0|0|0,0|0|1|0|0|0|0
1398,1398,6,1,1,255,255,0,0,0,0.0166666675,,19,0,19,0,3,0,,0|0|0.899999976|0|0|0|0,0|0|0.899999976|0|0|0|0
1398,1398,6,2,2,0,0,0,0,0,0.0166666675,,19,0,19,0,,0,,0|0|1|0|0|0|0,0|0|1|0|0|0|0
1399,1399,6,1,1,255,255,0,0,0,0.0166666675,,19,0,19,0,3,0,,0|0|0.899999976|0|0|0|0,0|0|0.899999976|0|0|0|0
1399,1399,6,2,2,0,0,0,0,0,0.0166666675,,19,0,19,0,,0,,0|0|1|0|0|0|0,0|0|1|0|0|0|0
1400,1400,6,1,1,255,255,0,0,0,0.0166666675,,19,0,19,0,3,0,,0|0|0.899999976|0|0|0|0,0|0|0.899999976|0|0|0|0
1400,1400,6,2,2,0,0,0,0,0,0.0166666675,,19,0,19,0,,0,,0|0|1|0|0|0|0,0|0|1|0|0|0|0
1401,1401,6,1,1,255,255,0,0,0,0.0166666675,,19,0,19,0,3,0,,0|0|0.899999976|0|0|0|0,0|0|0.899999976|0|0|0|0
1401,1401,6,2,2,0,0,0,0,0,0.0166666675,,19,0,19,0,,0,,0|0|1|0|0|0|0,0|0|1|0|0|0|0
1402,1402,6,1,1,255,255,0,0,0,0.0166666675,,19,0,19,0,3,0,,0|0|0.899999976|0|0|0|0,0|0|0.899999976|0|0|0|0
1402,1402,6,2,2,0,0,0,0,0,0.0166666675,,19,0,19,0,,0,,0|0|1|0|0|0|0,0|0|1|0|0|0|0
1403,1403,6,1,1,255,255,0,0,0,0.0166666675,,19,0,19,0,3,0,,0|0|0.899999976|0|0|0|0,0|0|0.899999976|0|0|0|0
1403,1403,6,2,2,0,0,0,0,0,0.0166666675,,19,0,19,0,,0,,0|0|1|0|0|0|0,0|0|1|0|0|0|0
1404,1404,6,1,1,255,255,0,0,0,0.0166666675,,19,0,19,0,3,0,,0|0|0.899999976|0|0|0|0,0|0|0.899999976|0|0|0|0
1404,1404,6,2,2,0,0,0,0,0,0.0166666675,,19,0,19,0,,0,,0|0|1|0|0|0|0,0|0|1|0|0|0|0
1405,1405,6,1,1,255,255,0,0,0,0.0166666675,,19,0,19,0,3,0,,0|0|0.899999976|0|0|0|0,0|0|0.899999976|0|0|0|0
1405,1405,6,2,2,0,0,0,0,0,0.0166666675,,19,0,19,0,,0,,0|0|1|0|0|0|0,0|0|1|0|0|0|0
1406,1406,6,1,1,255,255,0,0,0,0.0166666675,,19,0,19,0,3,0,,0|0|0.899999976|0|0|0|0,0|0|0.899999976|0|0|0|0
1406,1406,6,2,2,0,0,0,0,0,0.0166666675,,19,0,19,0,,0,,0|0|1|0|0|0|0,0|0|1|0|0|0|0
1407,1407,6,1,1,255,255,0,0,0,0.0166666675,,19,0,19,0,3,0,,0|0|0.899999976|0|0|0|0,0|0|0.899999976|0|0|0|0
1407,1407,6,2,2,0,0,0,0,0,0.0166666675,,19,0,19,0,,0,,0|0|1|0|0|0|0,0|0|1|0|0|0|0
1408,1408,6,1,1,255,255,0,0,0,0.0166666675,,19,0,19,0,3,0,,0|0|0.899999976|0|0|0|0,0|0|0.899999976|0|0|0|0
1408,1408,6,2,2,0,0,0,0,0,0.0166666675,,19,0,19,0,,0,,0|0|1|0|0|0|0,0|0|1|0|0|0|0
1409,1409,6,1,1,255,255,0,0,0,0.0166666675,,19,0,19,0,3,0,,0|0|0.899999976|0|0|0|0,0|0|0.899999976|0|0|0|0
1409,1409,6,2,2,0,0,0,0,0,0.0166666675,,19,0,19,0,,0,,0|0|1|0|0|0|0,0|0|1|0|0|0|0
1410,1410,6,1,1,255,255,0,0,0,0.0166666675,,19,0,19,0,3,0,,0|0|0.899999976|0|0|0|0,0|0|0.899999976|0|0|0|0
1410,1410,6,2,2,0,0,0,0,0,0.0166666675,,19,0,19,0,,0,,0|0|1|0|0|0|0,0|0|1|0|0|0|0
1411,1411,6,1,1,255,255,0,0,0,0.0166666675,,19,0,19,0,3,0,,0|0|0.899999976|0|0|0|0,0|0|0.899999976|0|0|0|0
1411,1411,6,2,2,0,0,0,0,0,0.0166666675,,19,0,19,0,,0,,0|0|1|0|0|0|0,0|0|1|0|0|0|0
1412,1412,6,1,1,255,255,0,0,0,0.0166666675,,19,0,19,0,3,0,,0|0|0.899999976|0|0|0|0,0|0|0.899999976|0|0|0|0
1412,1412,6,2,2,0,0,0,0,0,0.0166666675,,19,0,19,0,,0,,0|0|1|0|0|0|0,0|0|1|0|0|0|0
1413,1413,6,1,1,255,255,0,0,0,0.0166666675,,19,0,19,0,3,0,,0|0|0.899999976|0|0|0|0,0|0|0.899999976|0|0|0|0
1413,1413,6,2,2,0,0,0,0,0,0.0166666675,,19,0,19,0,,0,,0|0|1|0|0|0|0,0|0|1|0|0|0|0
1414,1414,6,1,1,255,255,0,0,0,0.0166666675,,19,0,19,0,3,0,,0|0|0.899999976|0|0|0|0,0|0|0.899999976|0|0|0|0
1414,1414,6,2,2,0,0,0,0,0,0.0166666675,,19,0,19,0,,0,,0|0|1|0|0|0|0,0|0|1|0|0|0|0
1415,1415,6,1,1,255,255,0,0,0,0.0166666675,,19,0,19,0,3,0,,0|0|0.899999976|0|0|0|0,0|0|0.899999976|0|0|0|0
1415,1415,6,2,2,0,0,0,0,0,0.0166666675,,19,0,19,0,,0,,0|0|1|0|0|0|0,0|0|1|0|0|0|0
1416,1416,6,1,1,255,255,0,0,0,0.0166666675,,19,0,19,0,3,0,,0|0|0.899999976|0|0|0|0,0|0|0.899999976|0|0|0|0
1416,1416,6,2,2,0,0,0,0,0,0.0166666675,,19,0,19,0,,0,,0|0|1|0|0|0|0,0|0|1|0|0|0|0
1417,1417,6,1,1,255,255,0,0,0,0.0166666675,,19,0,19,0,3,0,,0|0|0.899999976|0|0|0|0,0|0|0.899999976|0|0|0|0
1417,1417,6,2,2,0,0,0,0,0,0.0166666675,,19,0,19,0,,0,,0|0|1|0|0|0|0,0|0|1|0|0|0|0
1418,1418,6,1,1,255,255,0,0,0,0.0166666675,,19,0,19,0,3,0,,0|0|0.899999976|0|0|0|0,0|0|0.899999976|0|0|0|0
1418,1418,6,2,2,0,0,0,0,0,0.0166666675,,19,0,19,0,,0,,0|0|1|0|0|0|0,0|0|1|0|0|0|0
1419,1419,6,1,1,255,255,0,0,0,0.0166666675,,19,0,19,0,3,0,,0|0|0.899999976|0|0|0|0,0|0|0.899999976|0|0|0|0
1419,1419,6,2,2,0,0,0,0,0,0.0166666675,,19,0,19,0,,0,,0|0|1|0|0|0|0,0|0|1|0|0|0|0
1420,1420,6,1,1,255,255,0,0,0,0.0166666675,,19,0,19,0,3,0,,0|0|0.899999976|0|0|0|0,0|0|0.899999976|0|0|0|0
1420,1420,6,2,2,0,0,0,0,0,0.0166666675,,19,0,19,0,,0,,0|0|1|0|0|0|0,0|0|1|0|0|0|0
1421,1421,6,1,1,255,255,0,0,0,0.0166666675,,19,0,19,0,3,0,,0|0|0.899999976|0|0|0|0,0|0|0.899999976|0|0|0|0
1421,1421,6,2,2,0,0,0,0,0,0.0166666675,,19,0,19,0,,0,,0|0|1|0|0|0|0,0|0|1|0|0|0|0
1422,1422,6,1,1,255,255,0,0,0,0.0166666675,,19,0,19,0,3,0,,0|0|0.899999976|0|0|0|0,0|0|0.899999976|0|0|0|0
1422,1422,6,2,2,0,0,0,0,0,0.0166666675,,19,0,19,0,,0,,0|0|1|0|0|0|0,0|0|1|0|0|0|0
1423,1423,6,1,1,255,255,0,0,0,0.0166666675,,19,0,19,0,3,0,,0|0|0.899999976|0|0|0|0,0|0|0.899999976|0|0|0|0
1423,1423,6,2,2,0,0,0,0,0,0.0166666675,,19,0,19,0,,0,,0|0|1|0|0|0|0,0|0|1|0|0|0|0
1424,1424,6,1,1,255,255,0,0,0,0.0166666675,,19,0,19,0,3,0,,0|0|0.899999976|0|0|0|0,0|0|0.899999976|0|0|0|0
1424,1424,6,2,2,0,0,0,0,0,0.0166666675,,19,0,19,0,,0,,0|0|1|0|0|0|0,0|0|1|0|0|0|0
1425,1425,6,1,1,255,255,0,0,0,0.0166666675,,19,0,19,0,3,0,,0|0|0.899999976|0|0|0|0,0|0|0.899999976|0|0|0|0
1425,1425,6,2,2,0,0,0,0,0,0.0166666675,,19,0,19,0,,0,,0|0|1|0|0|0|0,0|0|1|0|0|0|0
1426,1426,6,1,1,255,255,0,0,0,0.0166666675,,19,0,19,0,3,0,,0|0|0.899999976|0|0|0|0,0|0|0.899999976|0|0|0|0
1426,1426,6,2,2,0,0,0,0,0,0.0166666675,,19,0,19,0,,0,,0|0|1|0|0|0|0,0|0|1|0|0|0|0
1427,1427,6,1,1,255,255,0,0,0,0.0166666675,,19,0,19,0,3,0,,0|0|0.899999976|0|0|0|0,0|0|0.899999976|0|0|0|0
1427,1427,6,2,2,0,0,0,0,0,0.0166666675,,19,0,19,0,,0,,0|0|1|0|0|0|0,0|0|1|0|0|0|0
1428,1428,6,1,1,255,255,0,0,0,0.0166666675,,19,0,19,0,3,0,,0|0|0.899999976|0|0|0|0,0|0|0.899999976|0|0|0|0
1428,1428,6,2,2,0,0,0,0,0,0.0166666675,,19,0,19,0,,0,,0|0|1|0|0|0|0,0|0|1|0|0|0|0
1429,1429,6,1,1,255,255,0,0,0,0.0166666675,,19,0,19,0,3,0,,0|0|0.899999976|0|0|0|0,0|0|0.899999976|0|0|0|0
1429,1429,6,2,2,0,0,0,0,0,0.0166666675,,19,0,19,0,,0,,0|0|1|0|0|0|0,0|0|1|0|0|0|0
1430,1430,6,1,1,255,255,0,0,0,0.0166666675,,19,0,19,0,3,0,,0|0|0.899999976|0|0|0|0,0|0|0.899999976|0|0|0|0
1430,1430,6,2,2,0,0,0,0,0,0.0166666675,,19,0,19,0,,0,,0|0|1|0|0|0|0,0|0|1|0|0|0|0
1431,1431,6,1,1,255,255,0,0,0,0.0166666675,,19,0,19,0,3,0,,0|0|0.899999976|0|0|0|0,0|0|0.899999976|0|0|0|0
1431,1431,6,2,2,0,0,0,0,0,0.0166666675,,19,0,19,0,,0,,0|0|1|0|0|0|0,0|0|1|0|0|0|0
1432,1432,6,1,1,255,255,0,0,0,0.0166666675,,19,0,19,0,3,0,,0|0|0.899999976|0|0|0|0,0|0|0.899999976|0|0|0|0
1432,1432,6,2,2,0,0,0,0,0,0.0166666675,,19,0,19,0,,0,,0|0|1|0|0|0|0,0|0|1|0|0|0|0
1433,1433,6,1,1,255,255,0,0,0,0.0166666675,,19,0,19,0,3,0,,0|0|0.899999976|0|0|0|0,0|0|0.899999976|0|0|0|0
1433,1433,6,2,2,0,0,0,0,0,0.0166666675,,19,0,19,0,,0,,0|0|1|0|0|0|0,0|0|1|0|0|0|0
1434,1434,6,1,1,255,255,0,0,0,0.0166666675,,19,0,19,0,3,0,,0|0|0.899999976|0|0|0|0,0|0|0.899999976|0|0|0|0
1434,1434,6,2,2,0,0,0,0,0,0.0166666675,,19,0,19,0,,0,,0|0|1|0|0|0|0,0|0|1|0|0|0|0
1435,1435,6,1,1,255,255,0,0,0,0.0166666675,,19,0,19,0,3,0,,0|0|0.899999976|0|0|0|0,0|0|0.899999976|0|0|0|0
1435,1435,6,2,2,0,0,0,0,0,0.0166666675,,19,0,19,0,,0,,0|0|1|0|0|0|0,0|0|1|0|0|0|0
1436,1436,6,1,1,255,255,0,0,0,0.0166666675,,19,0,19,0,3,0,,0|0|0.899999976|0|0|0|0,0|0|0.899999976|0|0|0|0
1436,1436,6,2,2,0,0,0,0,0,0.0166666675,,19,0,19,0,,0,,0|0|1|0|0|0|0,0|0|1|0|0|0|0
1437,1437,6,1,1,255,255,0,0,0,0.0166666675,,19,0,19,0,3,0,,0|0|0.899999976|0|0|0|0,0|0|0.899999976|0|0|0|0
1437,1437,6,2,2,0,0,0,0,0,0.0166666675,,19,0,19,0,,0,,0|0|1|0|0|0|0,0|0|1|0|0|0|0
1438,1438,6,1,1,255,255,0,0,0,0.0166666675,,19,0,19,0,3,0,,0|0|0.899999976|0|0|0|0,0|0|0.899999976|0|0|0|0
1438,1438,6,2,2,0,0,0,0,0,0.0166666675,,19,0,19,0,,0,,0|0|1|0|0|0|0,0|0|1|0|0|0|0
1439,1439,6,1,1,255,255,0,0,0,0.0166666675,,19,0,19,0,3,0,,0|0|0.899999976|0|0|0|0,0|0|0.899999976|0|0|0|0
1439,1439,6,2,2,0,0,0,0,0,0.0166666675,,19,0,19,0,,0,,0|0|1|0|0|0|0,0|0|1|0|0|0|0
1440,1440,6,1,1,255,255,0,0,0,0.0166666675,,19,0,19,0,3,0,,0|0|0.899999976|0|0|0|0,0|0|0.899999976|0|0|0|0
1440,1440,6,2,2,0,0,0,0,0,0.0166666675,,19,0,19,0,,0,,0|0|1|0|0|0|0,0|0|1|0|0|0|0
1441,1441,6,1,1,255,255,0,0,0,0.0166666675,,19,0,19,0,3,0,,0|0|0.899999976|0|0|0|0,0|0|0.899999976|0|0|0|0
1441,1441,6,2,2,0,0,0,0,0,0.0166666675,,19,0,19,0,,0,,0|0|1|0|0|0|0,0|0|1|0|0|0|0
1442,1442,6,1,1,255,255,0,0,0,0.0166666675,,19,0,19,0,3,0,,0|0|0.899999976|0|0|0|0,0|0|0.899999976|0|0|0|0
1442,1442,6,2,2,0,0,0,0,0,0.0166666675,,19,0,19,0,,0,,0|0|1|0|0|0|0,0|0|1|0|0|0|0
1443,1443,6,1,1,255,255,0,0,0,0.0166666675,,19,0,19,0,3,0,,0|0|0.899999976|0|0|0|0,0|0|0.899999976|0|0|0|0
1443,1443,6,2,2,0,0,0,0,0,0.0166666675,,19,0,19,0,,0,,0|0|1|0|0|0|0,0|0|1|0|0|0|0
1444,1444,6,1,1,255,255,0,0,0,0.0166666675,,19,0,19,0,3,0,,0|0|0.899999976|0|0|0|0,0|0|0.899999976|0|0|0|0
1444,1444,6,2,2,0,0,0,0,0,0.0166666675,,19,0,19,0,,0,,0|0|1|0|0|0|0,0|0|1|0|0|0|0
1445,1445,6,1,1,255,255,0,0,0,0.0166666675,,19,0,19,0,3,0,,0|0|0.899999976|0|0|0|0,0|0|0.899999976|0|0|0|0
1445,1445,6,2,2,0,0,0,0,0,0.0166666675,,19,0,19,0,,0,,0|0|1|0|0|0|0,0|0|1|0|0|0|0
1446,1446,6,1,1,255,255,0,0,0,0.0166666675,,19,0,19,0,3,0,,0|0|0.899999976|0|0|0|0,0|0|0.899999976|0|0|0|0
1446,1446,6,2,2,0,0,0,0,0,0.0166666675,,19,0,19,0,,0,,0|0|1|0|0|0|0,0|0|1|0|0|0|0
1447,1447,6,1,1,255,255,0,0,0,0.0166666675,,19,0,19,0,3,0,,0|0|0.899999976|0|0|0|0,0|0|0.899999976|0|0|0|0
1447,1447,6,2,2,0,0,0,0,0,0.0166666675,,19,0,19,0,,0,,0|0|1|0|0|0|0,0|0|1|0|0|0|0
1448,1448,6,1,1,255,255,0,0,0,0.0166666675,,19,0,19,0,3,0,,0|0|0.899999976|0|0|0|0,0|0|0.899999976|0|0|0|0
1448,1448,6,2,2,0,0,0,0,0,0.0166666675,,19,0,19,0,,0,,0|0|1|0|0|0|0,0|0|1|0|0|0|0
1449,1449,6,1,1,255,255,0,0,0,0.0166666675,,19,0,19,0,3,0,,0|0|0.899999976|0|0|0|0,0|0|0.899999976|0|0|0|0
1449,1449,6,2,2,0,0,0,0,0,0.0166666675,,19,0,19,0,,0,,0|0|1|0|0|0|0,0|0|1|0|0|0|0
1450,1450,6,1,1,255,255,0,0,0,0.0166666675,,19,0,19,0,3,0,,0|0|0.899999976|0|0|0|0,0|0|0.899999976|0|0|0|0
1450,1450,6,2,2,0,0,0,0,0,0.0166666675,,19,0,19,0,,0,,0|0|1|0|0|0|0,0|0|1|0|0|0|0
1451,1451,6,1,1,255,255,0,0,0,0.0166666675,,19,0,19,0,3,0,,0|0|0.899999976|0|0|0|0,0|0|0.899999976|0|0|0|0
1451,1451,6,2,2,0,0,0,0,0,0.0166666675,,19,0,19,0,,0,,0|0|1|0|0|0|0,0|0|1|0|0|0|0
1452,1452,6,1,1,255,255,0,0,0,0.0166666675,,19,0,19,0,3,0,,0|0|0.899999976|0|0|0|0,0|0|0.899999976|0|0|0|0
1452,1452,6,2,2,0,0,0,0,0,0.0166666675,,19,0,19,0,,0,,0|0|1|0|0|0|0,0|0|1|0|0|0|0
1453,1453,6,1,1,255,255,0,0,0,0.0166666675,,19,0,19,0,3,0,,0|0|0.899999976|0|0|0|0,0|0|0.899999976|0|0|0|0
1453,1453,6,2,2,0,0,0,0,0,0.0166666675,,19,0,19,0,,0,,0|0|1|0|0|0|0,0|0|1|0|0|0|0
1454,1454,6,1,1,255,255,0,0,0,0.0166666675,,19,0,19,0,3,0,,0|0|0.899999976|0|0|0|0,0|0|0.899999976|0|0|0|0
1454,1454,6,2,2,0,0,0,0,0,0.0166666675,,19,0,19,0,,0,,0|0|1|0|0|0|0,0|0|1|0|0|0|0
1455,1455,6,1,1,255,255,0,0,0,0.0166666675,,19,0,19,0,3,0,,0|0|0.899999976|0|0|0|0,0|0|0.899999976|0|0|0|0
1455,1455,6,2,2,0,0,0,0,0,0.0166666675,,19,0,19,0,,0,,0|0|1|0|0|0|0,0|0|1|0|0|0|0
1456,1456,6,1,1,255,255,0,0,0,0.0166666675,,19,0,19,0,3,0,,0|0|0.899999976|0|0|0|0,0|0|0.899999976|0|0|0|0
1456,1456,6,2,2,0,0,0,0,0,0.0166666675,,19,0,19,0,,0,,0|0|1|0|0|0|0,0|0|1|0|0|0|0
1457,1457,6,1,1,255,255,0,0,0,0.0166666675,,19,0,19,0,3,0,,0|0|0.899999976|0|0|0|0,0|0|0.899999976|0|0|0|0
1457,1457,6,2,2,0,0,0,0,0,0.0166666675,,19,0,19,0,,0,,0|0|1|0|0|0|0,0|0|1|0|0|0|0
1458,1458,6,1,1,255,255,0,0,0,0.0166666675,,19,0,19,0,3,0,,0|0|0.899999976|0|0|0|0,0|0|0.899999976|0|0|0|0
1458,1458,6,2,2,0,0,0,0,0,0.0166666675,,19,0,19,0,,0,,0|0|1|0|0|0|0,0|0|1|0|0|0|0
1459,1459,6,1,1,255,255,0,0,0,0.0166666675,,19,0,19,0,3,0,,0|0|0.899999976|0|0|0|0,0|0|0.899999976|0|0|0|0
1459,1459,6,2,2,0,0,0,0,0,0.0166666675,,19,0,19,0,,0,,0|0|1|0|0|0|0,0|0|1|0|0|0|0
1460,1460,6,1,1,255,255,0,0,0,0.0166666675,,19,0,19,0,3,0,,0|0|0.899999976|0|0|0|0,0|0|0.899999976|0|0|0|0
1460,1460,6,2,2,0,0,0,0,0,0.0166666675,,19,0,19,0,,0,,0|0|1|0|0|0|0,0|0|1|0|0|0|0
1461,1461,6,1,1,255,255,0,0,0,0.0166666675,,19,0,19,0,3,0,,0|0|0.899999976|0|0|0|0,0|0|0.899999976|0|0|0|0
1461,1461,6,2,2,0,0,0,0,0,0.0166666675,,19,0,19,0,,0,,0|0|1|0|0|0|0,0|0|1|0|0|0|0
1462,1462,6,1,1,255,255,0,0,0,0.0166666675,,19,0,19,0,3,0,,0|0|0.899999976|0|0|0|0,0|0|0.899999976|0|0|0|0
1462,1462,6,2,2,0,0,0,0,0,0.0166666675,,19,0,19,0,,0,,0|0|1|0|0|0|0,0|0|1|0|0|0|0
1463,1463,6,1,1,255,255,0,0,0,0.0166666675,,19,0,19,0,3,0,,0|0|0.899999976|0|0|0|0,0|0|0.899999976|0|0|0|0
1463,1463,6,2,2,0,0,0,0,0,0.0166666675,,19,0,19,0,,0,,0|0|1|0|0|0|0,0|0|1|0|0|0|0
1464,1464,6,1,1,255,255,0,0,0,0.0166666675,,19,0,19,0,3,0,,0|0|0.899999976|0|0|0|0,0|0|0.899999976|0|0|0|0
1464,1464,6,2,2,0,0,0,0,0,0.0166666675,,19,0,19,0,,0,,0|0|1|0|0|0|0,0|0|1|0|0|0|0
1465,1465,6,1,1,255,255,0,0,0,0.0166666675,,19,0,19,0,3,0,,0|0|0.899999976|0|0|0|0,0|0|0.899999976|0|0|0|0
1465,1465,6,2,2,0,0,0,0,0,0.0166666675,,19,0,19,0,,0,,0|0|1|0|0|0|0,0|0|1|0|0|0|0
1466,1466,6,1,1,255,255,0,0,0,0.0166666675,,19,0,19,0,3,0,,0|0|0.899999976|0|0|0|0,0|0|0.899999976|0|0|0|0
1466,1466,6,2,2,0,0,0,0,0,0.0166666675,,19,0,19,0,,0,,0|0|1|0|0|0|0,0|0|1|0|0|0|0
1467,1467,6,1,1,255,255,0,0,0,0.0166666675,,19,0,19,0,3,0,,0|0|0.899999976|0|0|0|0,0|0|0.899999976|0|0|0|0
1467,1467,6,2,2,0,0,0,0,0,0.0166666675,,19,0,19,0,,0,,0|0|1|0|0|0|0,0|0|1|0|0|0|0
1468,1468,6,1,1,255,255,0,0,0,0.0166666675,,19,0,19,0,3,0,,0|0|0.899999976|0|0|0|0,0|0|0.899999976|0|0|0|0
1468,1468,6,2,2,0,0,0,0,0,0.0166666675,,19,0,19,0,,0,,0|0|1|0|0|0|0,0|0|1|0|0|0|0
1469,1469,6,1,1,255,255,0,0,0,0.0166666675,,19,0,19,0,3,0,,0|0|0.899999976|0|0|0|0,0|0|0.899999976|0|0|0|0
1469,1469,6,2,2,0,0,0,0,0,0.0166666675,,19,0,19,0,,0,,0|0|1|0|0|0|0,0|0|1|0|0|0|0
1470,1470,6,1,1,255,255,0,0,0,0.0166666675,,19,0,19,0,3,0,,0|0|0.899999976|0|0|0|0,0|0|0.899999976|0|0|0|0
1470,1470,6,2,2,0,0,0,0,0,0.0166666675,,19,0,19,0,,0,,0|0|1|0|0|0|0,0|0|1|0|0|0|0
1471,1471,6,1,1,255,255,0,0,0,0.0166666675,,19,0,19,0,3,0,,0|0|0.899999976|0|0|0|0,0|0|0.899999976|0|0|0|0
1471,1471,6,2,2,0,0,0,0,0,0.0166666675,,19,0,19,0,,0,,0|0|1|0|0|0|0,0|0|1|0|0|0|0
1472,1472,6,1,1,255,255,0,0,0,0.0166666675,,19,0,19,0,3,0,,0|0|0.899999976|0|0|0|0,0|0|0.899999976|0|0|0|0
1472,1472,6,2,2,0,0,0,0,0,0.0166666675,,19,0,19,0,,0,,0|0|1|0|0|0|0,0|0|1|0|0|0|0
1473,1473,6,1,1,255,255,0,0,0,0.0166666675,,19,0,19,0,3,0,,0|0|0.899999976|0|0|0|0,0|0|0.899999976|0|0|0|0
1473,1473,6,2,2,0,0,0,0,0,0.0166666675,,19,0,19,0,,0,,0|0|1|0|0|0|0,0|0|1|0|0|0|0
1474,1474,6,1,1,255,255,0,0,0,0.0166666675,,19,0,19,0,3,0,,0|0|0.899999976|0|0|0|0,0|0|0.899999976|0|0|0|0
1474,1474,6,2,2,0,0,0,0,0,0.0166666675,,19,0,19,0,,0,,0|0|1|0|0|0|0,0|0|1|0|0|0|0
1475,1475,6,1,1,255,255,0,0,0,0.0166666675,,19,0,19,0,3,0,,0|0|0.899999976|0|0|0|0,0|0|0.899999976|0|0|0|0
1475,1475,6,2,2,0,0,0,0,0,0.0166666675,,19,0,19,0,,0,,0|0|1|0|0|0|0,0|0|1|0|0|0|0
1476,1476,6,1,1,255,255,0,0,0,0.0166666675,,19,0,19,0,3,0,,0|0|0.899999976|0|0|0|0,0|0|0.899999976|0|0|0|0
1476,1476,6,2,2,0,0,0,0,0,0.0166666675,,19,0,19,0,,0,,0|0|1|0|0|0|0,0|0|1|0|0|0|0
1477,1477,6,1,1,255,255,0,0,0,0.0166666675,,19,0,19,0,3,0,,0|0|0.899999976|0|0|0|0,0|0|0.899999976|0|0|0|0
1477,1477,6,2,2,0,0,0,0,0,0.0166666675,,19,0,19,0,,0,,0|0|1|0|0|0|0,0|0|1|0|0|0|0
1478,1478,6,1,1,255,255,0,0,0,0.0166666675,,19,0,19,0,3,0,,0|0|0.899999976|0|0|0|0,0|0|0.899999976|0|0|0|0
1478,1478,6,2,2,0,0,0,0,0,0.0166666675,,19,0,19,0,,0,,0|0|1|0|0|0|0,0|0|1|0|0|0|0
1479,1479,6,1,1,255,255,0,0,0,0.0166666675,,19,0,19,0,3,0,,0|0|0.899999976|0|0|0|0,0|0|0.899999976|0|0|0|0
1479,1479,6,2,2,0,0,0,0,0,0.0166666675,,19,0,19,0,,0,,0|0|1|0|0|0|0,0|0|1|0|0|0|0
1480,1480,6,1,1,255,255,0,0,0,0.0166666675,,19,0,19,0,3,0,,0|0|0.899999976|0|0|0|0,0|0|0.899999976|0|0|0|0
1480,1480,6,2,2,0,0,0,0,0,0.0166666675,,19,0,19,0,,0,,0|0|1|0|0|0|0,0|0|1|0|0|0|0
1481,1481,6,1,1,255,255,0,0,0,0.0166666675,,19,0,19,0,3,0,,0|0|0.899999976|0|0|0|0,0|0|0.899999976|0|0|0|0
1481,1481,6,2,2,0,0,0,0,0,0.0166666675,,19,0,19,0,,0,,0|0|1|0|0|0|0,0|0|1|0|0|0|0
1482,1482,6,1,1,255,255,0,0,0,0.0166666675,,19,0,19,0,3,0,,0|0|0.899999976|0|0|0|0,0|0|0.899999976|0|0|0|0
1482,1482,6,2,2,0,0,0,0,0,0.0166666675,,19,0,19,0,,0,,0|0|1|0|0|0|0,0|0|1|0|0|0|0
1483,1483,6,1,1,255,255,0,0,0,0.0166666675,,19,0,19,0,3,0,,0|0|0.899999976|0|0|0|0,0|0|0.899999976|0|0|0|0
1483,1483,6,2,2,0,0,0,0,0,0.0166666675,,19,0,19,0,,0,,0|0|1|0|0|0|0,0|0|1|0|0|0|0
1484,1484,6,1,1,255,255,0,0,0,0.0166666675,,19,0,19,0,3,0,,0|0|0.899999976|0|0|0|0,0|0|0.899999976|0|0|0|0
1484,1484,6,2,2,0,0,0,0,0,0.0166666675,,19,0,19,0,,0,,0|0|1|0|0|0|0,0|0|1|0|0|0|0
1485,1485,6,1,1,255,255,0,0,0,0.0166666675,,19,0,19,0,3,0,,0|0|0.899999976|0|0|0|0,0|0|0.899999976|0|0|0|0
1485,1485,6,2,2,0,0,0,0,0,0.0166666675,,19,0,19,0,,0,,0|0|1|0|0|0|0,0|0|1|0|0|0|0
1486,1486,6,1,1,255,255,0,0,0,0.0166666675,,19,0,19,0,3,0,,0|0|0.899999976|0|0|0|0,0|0|0.899999976|0|0|0|0
1486,1486,6,2,2,0,0,0,0,0,0.0166666675,,19,0,19,0,,0,,0|0|1|0|0|0|0,0|0|1|0|0|0|0
1487,1487,6,1,1,255,255,0,0,0,0.0166666675,,19,0,19,0,3,0,,0|0|0.899999976|0|0|0|0,0|0|0.899999976|0|0|0|0
1487,1487,6,2,2,0,0,0,0,0,0.0166666675,,19,0,19,0,,0,,0|0|1|0|0|0|0,0|0|1|0|0|0|0
1488,1488,6,1,1,255,255,0,0,0,0.0166666675,,19,0,19,0,3,0,,0|0|0.899999976|0|0|0|0,0|0|0.899999976|0|0|0|0
1488,1488,6,2,2,0,0,0,0,0,0.0166666675,,19,0,19,0,,0,,0|0|1|0|0|0|0,0|0|1|0|0|0|0
1489,1489,6,1,1,255,255,0,0,0,0.0166666675,,19,0,19,0,3,0,,0|0|0.899999976|0|0|0|0,0|0|0.899999976|0|0|0|0
1489,1489,6,2,2,0,0,0,0,0,0.0166666675,,19,0,19,0,,0,,0|0|1|0|0|0|0,0|0|1|0|0|0|0
1490,1490,6,1,1,255,255,0,0,0,0.0166666675,,19,0,19,0,3,0,,0|0|0.899999976|0|0|0|0,0|0|0.899999976|0|0|0|0
1490,1490,6,2,2,0,0,0,0,0,0.0166666675,,19,0,19,0,,0,,0|0|1|0|0|0|0,0|0|1|0|0|0|0
1491,1491,6,1,1,255,255,0,0,0,0.0166666675,,19,0,19,0,3,0,,0|0|0.899999976|0|0|0|0,0|0|0.899999976|0|0|0|0
1491,1491,6,2,2,0,0,0,0,0,0.0166666675,,19,0,19,0,,0,,0|0|1|0|0|0|0,0|0|1|0|0|0|0
1492,1492,6,1,1,255,255,0,0,0,0.0166666675,,19,0,19,0,3,0,,0|0|0.899999976|0|0|0|0,0|0|0.899999976|0|0|0|0
1492,1492,6,2,2,0,0,0,0,0,0.0166666675,,19,0,19,0,,0,,0|0|1|0|0|0|0,0|0|1|0|0|0|0
1493,1493,6,1,1,255,255,0,0,0,0.0166666675,,19,0,19,0,3,0,,0|0|0.899999976|0|0|0|0,0|0|0.899999976|0|0|0|0
1493,1493,6,2,2,0,0,0,0,0,0.0166666675,,19,0,19,0,,0,,0|0|1|0|0|0|0,0|0|1|0|0|0|0
1494,1494,6,1,1,255,255,0,0,0,0.0166666675,,19,0,19,0,3,0,,0|0|0.899999976|0|0|0|0,0|0|0.899999976|0|0|0|0
1494,1494,6,2,2,0,0,0,0,0,0.0166666675,,19,0,19,0,,0,,0|0|1|0|0|0|0,0|0|1|0|0|0|0
1495,1495,6,1,1,255,255,0,0,0,0.0166666675,,19,0,19,0,3,0,,0|0|0.899999976|0|0|0|0,0|0|0.899999976|0|0|0|0
1495,1495,6,2,2,0,0,0,0,0,0.0166666675,,19,0,19,0,,0,,0|0|1|0|0|0|0,0|0|1|0|0|0|0
1496,1496,6,1,1,255,255,0,0,0,0.0166666675,,19,0,19,0,3,0,,0|0|0.899999976|0|0|0|0,0|0|0.899999976|0|0|0|0
1496,1496,6,2,2,0,0,0,0,0,0.0166666675,,19,0,19,0,,0,,0|0|1|0|0|0|0,0|0|1|0|0|0|0
1497,1497,6,1,1,255,255,0,0,0,0.0166666675,,19,0,19,0,3,0,,0|0|0.899999976|0|0|0|0,0|0|0.899999976|0|0|0|0
1497,1497,6,2,2,0,0,0,0,0,0.0166666675,,19,0,19,0,,0,,0|0|1|0|0|0|0,0|0|1|0|0|0|0
1498,1498,6,1,1,255,255,0,0,0,0.0166666675,,19,0,19,0,3,0,,0|0|0.899999976|0|0|0|0,0|0|0.899999976|0|0|0|0
1498,1498,6,2,2,0,0,0,0,0,0.0166666675,,19,0,19,0,,0,,0|0|1|0|0|0|0,0|0|1|0|0|0|0
1499,1499,6,1,1,255,255,0,0,0,0.0166666675,,19,0,19,0,3,0,,0|0|0.899999976|0|0|0|0,0|0|0.899999976|0|0|0|0
1499,1499,6,2,2,0,0,0,0,0,0.0166666675,,19,0,19,0,,0,,0|0|1|0|0|0|0,0|0|1|0|0|0|0
1500,1500,6,1,1,255,255,0,0,0,0.0166666675,,19,0,19,0,3,0,,0|0|0.899999976|0|0|0|0,0|0|0.899999976|0|0|0|0
1500,1500,6,2,2,0,0,0,0,0,0.0166666675,,19,0,19,0,,0,,0|0|1|0|0|0|0,0|0|1|0|0|0|0
1501,1501,6,1,1,255,255,0,0,0,0.0166666675,,19,0,19,0,3,0,,0|0|0.899999976|0|0|0|0,0|0|0.899999976|0|0|0|0
1501,1501,6,2,2,0,0,0,0,0,0.0166666675,,19,0,19,0,,0,,0|0|1|0|0|0|0,0|0|1|0|0|0|0
1502,1502,6,1,1,255,255,0,0,0,0.0166666675,,19,0,19,0,3,0,,0|0|0.899999976|0|0|0|0,0|0|0.899999976|0|0|0|0
1502,1502,6,2,2,0,0,0,0,0,0.0166666675,,19,0,19,0,,0,,0|0|1|0|0|0|0,0|0|1|0|0|0|0
1503,1503,6,1,1,255,255,0,0,0,0.0166666675,,19,0,19,0,3,0,,0|0|0.899999976|0|0|0|0,0|0|0.899999976|0|0|0|0
1503,1503,6,2,2,0,0,0,0,0,0.0166666675,,19,0,19,0,,0,,0|0|1|0|0|0|0,0|0|1|0|0|0|0
1504,1504,6,1,1,255,255,0,0,0,0.0166666675,,19,0,19,0,3,0,,0|0|0.899999976|0|0|0|0,0|0|0.899999976|0|0|0|0
1504,1504,6,2,2,0,0,0,0,0,0.0166666675,,19,0,19,0,,0,,0|0|1|0|0|0|0,0|0|1|0|0|0|0
1505,1505,6,1,1,255,255,0,0,0,0.0166666675,,19,0,19,0,3,0,,0|0|0.899999976|0|0|0|0,0|0|0.899999976|0|0|0|0
1505,1505,6,2,2,0,0,0,0,0,0.0166666675,,19,0,19,0,,0,,0|0|1|0|0|0|0,0|0|1|0|0|0|0
1506,1506,6,1,1,255,255,0,0,0,0.0166666675,,19,0,19,0,3,0,,0|0|0.899999976|0|0|0|0,0|0|0.899999976|0|0|0|0
1506,1506,6,2,2,0,0,0,0,0,0.0166666675,,19,0,19,0,,0,,0|0|1|0|0|0|0,0|0|1|0|0|0|0
1507,1507,6,1,1,255,255,0,0,0,0.0166666675,,19,0,19,0,3,0,,0|0|0.899999976|0|0|0|0,0|0|0.899999976|0|0|0|0
1507,1507,6,2,2,0,0,0,0,0,0.0166666675,,19,0,19,0,,0,,0|0|1|0|0|0|0,0|0|1|0|0|0|0
1508,1508,6,1,1,255,255,0,0,0,0.0166666675,,19,0,19,0,3,0,,0|0|0.899999976|0|0|0|0,0|0|0.899999976|0|0|0|0
1508,1508,6,2,2,0,0,0,0,0,0.0166666675,,19,0,19,0,,0,,0|0|1|0|0|0|0,0|0|1|0|0|0|0
1509,1509,6,1,1,255,255,0,0,0,0.0166666675,,19,0,19,0,3,0,,0|0|0.899999976|0|0|0|0,0|0|0.899999976|0|0|0|0
1509,1509,6,2,2,0,0,0,0,0,0.0166666675,,19,0,19,0,,0,,0|0|1|0|0|0|0,0|0|1|0|0|0|0
1510,1510,6,1,1,255,255,0,0,0,0.0166666675,,19,0,19,0,3,0,,0|0|0.899999976|0|0|0|0,0|0|0.899999976|0|0|0|0
1510,1510,6,2,2,0,0,0,0,0,0.0166666675,,19,0,19,0,,0,,0|0|1|0|0|0|0,0|0|1|0|0|0|0
1511,1511,6,1,1,255,255,0,0,0,0.0166666675,,19,0,19,0,3,0,,0|0|0.899999976|0|0|0|0,0|0|0.899999976|0|0|0|0
1511,1511,6,2,2,0,0,0,0,0,0.0166666675,,19,0,19,0,,0,,0|0|1|0|0|0|0,0|0|1|0|0|0|0
1512,1512,6,1,1,255,255,0,0,0,0.0166666675,,19,0,19,0,3,0,,0|0|0.899999976|0|0|0|0,0|0|0.899999976|0|0|0|0
1512,1512,6,2,2,0,0,0,0,0,0.0166666675,,19,0,19,0,,0,,0|0|1|0|0|0|0,0|0|1|0|0|0|0
1513,1513,6,1,1,255,255,0,0,0,0.0166666675,,19,0,19,0,3,0,,0|0|0.899999976|0|0|0|0,0|0|0.899999976|0|0|0|0
1513,1513,6,2,2,0,0,0,0,0,0.0166666675,,19,0,19,0,,0,,0|0|1|0|0|0|0,0|0|1|0|0|0|0
1514,1514,6,1,1,255,255,0,0,0,0.0166666675,,19,0,19,0,3,0,,0|0|0.899999976|0|0|0|0,0|0|0.899999976|0|0|0|0
1514,1514,6,2,2,0,0,0,0,0,0.0166666675,,19,0,19,0,,0,,0|0|1|0|0|0|0,0|0|1|0|0|0|0
1515,1515,6,1,1,255,255,0,0,0,0.0166666675,,19,0,19,0,3,0,,0|0|0.899999976|0|0|0|0,0|0|0.899999976|0|0|0|0
1515,1515,6,2,2,0,0,0,0,0,0.0166666675,,19,0,19,0,,0,,0|0|1|0|0|0|0,0|0|1|0|0|0|0
1516,1516,6,1,1,255,255,0,0,0,0.0166666675,,19,0,19,0,3,0,,0|0|0.899999976|0|0|0|0,0|0|0.899999976|0|0|0|0
1516,1516,6,2,2,0,0,0,0,0,0.0166666675,,19,0,19,0,,0,,0|0|1|0|0|0|0,0|0|1|0|0|0|0
1517,1517,6,1,1,255,255,0,0,0,0.0166666675,,19,0,19,0,3,0,,0|0|0.899999976|0|0|0|0,0|0|0.899999976|0|0|0|0
1517,1517,6,2,2,0,0,0,0,0,0.0166666675,,19,0,19,0,,0,,0|0|1|0|0|0|0,0|0|1|0|0|0|0
1518,1518,6,1,1,255,255,0,0,0,0.0166666675,,19,0,19,0,3,0,,0|0|0.899999976|0|0|0|0,0|0|0.899999976|0|0|0|0
1518,1518,6,2,2,0,0,0,0,0,0.0166666675,,19,0,19,0,,0,,0|0|1|0|0|0|0,0|0|1|0|0|0|0
1519,1519,6,1,1,255,255,0,0,0,0.0166666675,,19,0,19,0,3,0,,0|0|0.899999976|0|0|0|0,0|0|0.899999976|0|0|0|0
1519,1519,6,2,2,0,0,0,0,0,0.0166666675,,19,0,19,0,,0,,0|0|1|0|0|0|0,0|0|1|0|0|0|0
1520,1520,6,1,1,255,255,0,0,0,0.0166666675,,19,0,19,0,3,0,,0|0|0.899999976|0|0|0|0,0|0|0.899999976|0|0|0|0
1520,1520,6,2,2,0,0,0,0,0,0.0166666675,,19,0,19,0,,0,,0|0|1|0|0|0|0,0|0|1|0|0|0|0
1521,1521,6,1,1,255,255,0,0,0,0.0166666675,,19,0,19,0,3,0,,0|0|0.899999976|0|0|0|0,0|0|0.899999976|0|0|0|0
1521,1521,6,2,2,0,0,0,0,0,0.0166666675,,19,0,19,0,,0,,0|0|1|0|0|0|0,0|0|1|0|0|0|0
1522,1522,6,1,1,255,255,0,0,0,0.0166666675,,19,0,19,0,3,0,,0|0|0.899999976|0|0|0|0,0|0|0.899999976|0|0|0|0
1522,1522,6,2,2,0,0,0,0,0,0.0166666675,,19,0,19,0,,0,,0|0|1|0|0|0|0,0|0|1|0|0|0|0
1523,1523,6,1,1,255,255,0,0,0,0.0166666675,,19,0,19,0,3,0,,0|0|0.899999976|0|0|0|0,0|0|0.899999976|0|0|0|0
1523,1523,6,2,2,0,0,0,0,0,0.0166666675,,19,0,19,0,,0,,0|0|1|0|0|0|0,0|0|1|0|0|0|0
1524,1524,6,1,1,255,255,0,0,0,0.0166666675,,19,0,19,0,3,0,,0|0|0.899999976|0|0|0|0,0|0|0.899999976|0|0|0|0
1524,1524,6,2,2,0,0,0,0,0,0.0166666675,,19,0,19,0,,0,,0|0|1|0|0|0|0,0|0|1|0|0|0|0
1525,1525,6,1,1,255,255,0,0,0,0.0166666675,,19,0,19,0,3,0,,0|0|0.899999976|0|0|0|0,0|0|0.899999976|0|0|0|0
1525,1525,6,2,2,0,0,0,0,0,0.0166666675,,19,0,19,0,,0,,0|0|1|0|0|0|0,0|0|1|0|0|0|0
1526,1526,6,1,1,255,255,0,0,0,0.0166666675,,19,0,19,0,3,0,,0|0|0.899999976|0|0|0|0,0|0|0.899999976|0|0|0|0
1526,1526,6,2,2,0,0,0,0,0,0.0166666675,,19,0,19,0,,0,,0|0|1|0|0|0|0,0|0|1|0|0|0|0
1527,1527,6,1,1,255,255,0,0,0,0.0166666675,,19,0,19,0,3,0,,0|0|0.899999976|0|0|0|0,0|0|0.899999976|0|0|0|0
1527,1527,6,2,2,0,0,0,0,0,0.0166666675,,19,0,19,0,,0,,0|0|1|0|0|0|0,0|0|1|0|0|0|0
1528,1528,6,1,1,255,255,0,0,0,0.0166666675,,19,0,19,0,3,0,,0|0|0.899999976|0|0|0|0,0|0|0.899999976|0|0|0|0
1528,1528,6,2,2,0,0,0,0,0,0.0166666675,,19,0,19,0,,0,,0|0|1|0|0|0|0,0|0|1|0|0|0|0
1529,1529,6,1,1,255,255,0,0,0,0.0166666675,,19,0,19,0,3,0,,0|0|0.899999976|0|0|0|0,0|0|0.899999976|0|0|0|0
1529,1529,6,2,2,0,0,0,0,0,0.0166666675,,19,0,19,0,,0,,0|0|1|0|0|0|0,0|0|1|0|0|0|0
1530,1530,6,1,1,255,255,0,0,0,0.0166666675,,19,0,19,0,3,0,,0|0|0.899999976|0|0|0|0,0|0|0.899999976|0|0|0|0
1530,1530,6,2,2,0,0,0,0,0,0.0166666675,,19,0,19,0,,0,,0|0|1|0|0|0|0,0|0|1|0|0|0|0
1531,1531,6,1,1,255,255,0,0,0,0.0166666675,,19,0,19,0,3,0,,0|0|0.899999976|0|0|0|0,0|0|0.899999976|0|0|0|0
1531,1531,6,2,2,0,0,0,0,0,0.0166666675,,19,0,19,0,,0,,0|0|1|0|0|0|0,0|0|1|0|0|0|0
1532,1532,6,1,1,255,255,0,0,0,0.0166666675,,19,0,19,0,3,0,,0|0|0.899999976|0|0|0|0,0|0|0.899999976|0|0|0|0
1532,1532,6,2,2,0,0,0,0,0,0.0166666675,,19,0,19,0,,0,,0|0|1|0|0|0|0,0|0|1|0|0|0|0
1533,1533,6,1,1,255,255,0,0,0,0.0166666675,,19,0,19,0,3,0,,0|0|0.899999976|0|0|0|0,0|0|0.899999976|0|0|0|0
1533,1533,6,2,2,0,0,0,0,0,0.0166666675,,19,0,19,0,,0,,0|0|1|0|0|0|0,0|0|1|0|0|0|0
1534,1534,6,1,1,255,255,0,0,0,0.0166666675,,19,0,19,0,3,0,,0|0|0.899999976|0|0|0|0,0|0|0.899999976|0|0|0|0
1534,1534,6,2,2,0,0,0,0,0,0.0166666675,,19,0,19,0,,0,,0|0|1|0|0|0|0,0|0|1|0|0|0|0
1535,1535,6,1,1,255,255,0,0,0,0.0166666675,,19,0,19,0,3,0,,0|0|0.899999976|0|0|0|0,0|0|0.899999976|0|0|0|0
1535,1535,6,2,2,0,0,0,0,0,0.0166666675,,19,0,19,0,,0,,0|0|1|0|0|0|0,0|0|1|0|0|0|0
1536,1536,6,1,1,255,255,0,0,0,0.0166666675,,19,0,19,0,3,0,,0|0|0.899999976|0|0|0|0,0|0|0.899999976|0|0|0|0
1536,1536,6,2,2,0,0,0,0,0,0.0166666675,,19,0,19,0,,0,,0|0|1|0|0|0|0,0|0|1|0|0|0|0
1537,1537,6,1,1,255,255,0,0,0,0.0166666675,,19,0,19,0,3,0,,0|0|0.899999976|0|0|0|0,0|0|0.899999976|0|0|0|0
1537,1537,6,2,2,0,0,0,0,0,0.0166666675,,19,0,19,0,,0,,0|0|1|0|0|0|0,0|0|1|0|0|0|0
1538,1538,6,1,1,255,255,0,0,0,0.0166666675,,19,0,19,0,3,0,,0|0|0.899999976|0|0|0|0,0|0|0.899999976|0|0|0|0
1538,1538,6,2,2,0,0,0,0,0,0.0166666675,,19,0,19,0,,0,,0|0|1|0|0|0|0,0|0|1|0|0|0|0
1539,1539,6,1,1,255,255,0,0,0,0.0166666675,,19,0,19,0,3,0,,0|0|0.899999976|0|0|0|0,0|0|0.899999976|0|0|0|0
1539,1539,6,2,2,0,0,0,0,0,0.0166666675,,19,0,19,0,,0,,0|0|1|0|0|0|0,0|0|1|0|0|0|0
1540,1540,6,1,1,255,255,0,0,0,0.0166666675,,19,0,19,0,3,0,,0|0|0.899999976|0|0|0|0,0|0|0.899999976|0|0|0|0
1540,1540,6,2,2,0,0,0,0,0,0.0166666675,,19,0,19,0,,0,,0|0|1|0|0|0|0,0|0|1|0|0|0|0
1541,1541,6,1,1,255,255,0,0,0,0.0166666675,,19,0,19,0,3,0,,0|0|0.899999976|0|0|0|0,0|0|0.899999976|0|0|0|0
1541,1541,6,2,2,0,0,0,0,0,0.0166666675,,19,0,19,0,,0,,0|0|1|0|0|0|0,0|0|1|0|0|0|0
1542,1542,6,1,1,255,255,0,0,0,0.0166666675,,19,0,19,0,3,0,,0|0|0.899999976|0|0|0|0,0|0|0.899999976|0|0|0|0
1542,1542,6,2,2,0,0,0,0,0,0.0166666675,,19,0,19,0,,0,,0|0|1|0|0|0|0,0|0|1|0|0|0|0
1543,1543,6,1,1,255,255,0,0,0,0.0166666675,,19,0,19,0,3,0,,0|0|0.899999976|0|0|0|0,0|0|0.899999976|0|0|0|0
1543,1543,6,2,2,0,0,0,0,0,0.0166666675,,19,0,19,0,,0,,0|0|1|0|0|0|0,0|0|1|0|0|0|0
1544,1544,6,1,1,255,255,0,0,0,0.0166666675,,19,0,19,0,3,0,,0|0|0.899999976|0|0|0|0,0|0|0.899999976|0|0|0|0
1544,1544,6,2,2,0,0,0,0,0,0.0166666675,,19,0,19,0,,0,,0|0|1|0|0|0|0,0|0|1|0|0|0|0
1545,1545,6,1,1,255,255,0,0,0,0.0166666675,,19,0,19,0,3,0,,0|0|0.899999976|0|0|0|0,0|0|0.899999976|0|0|0|0
1545,1545,6,2,2,0,0,0,0,0,0.0166666675,,19,0,19,0,,0,,0|0|1|0|0|0|0,0|0|1|0|0|0|0
1546,1546,6,1,1,255,255,0,0,0,0.0166666675,,19,0,19,0,3,0,,0|0|0.899999976|0|0|0|0,0|0|0.899999976|0|0|0|0
1546,1546,6,2,2,0,0,0,0,0,0.0166666675,,19,0,19,0,,0,,0|0|1|0|0|0|0,0|0|1|0|0|0|0
1547,1547,6,1,1,255,255,0,0,0,0.0166666675,,19,0,19,0,3,0,,0|0|0.899999976|0|0|0|0,0|0|0.899999976|0|0|0|0
1547,1547,6,2,2,0,0,0,0,0,0.0166666675,,19,0,19,0,,0,,0|0|1|0|0|0|0,0|0|1|0|0|0|0
1548,1548,6,1,1,255,255,0,0,0,0.0166666675,,19,0,19,0,3,0,,0|0|0.899999976|0|0|0|0,0|0|0.899999976|0|0|0|0
1548,1548,6,2,2,0,0,0,0,0,0.0166666675,,19,0,19,0,,0,,0|0|1|0|0|0|0,0|0|1|0|0|0|0
1549,1549,6,1,1,255,255,0,0,0,0.0166666675,,19,0,19,0,3,0,,0|0|0.899999976|0|0|0|0,0|0|0.899999976|0|0|0|0
1549,1549,6,2,2,0,0,0,0,0,0.0166666675,,19,0,19,0,,0,,0|0|1|0|0|0|0,0|0|1|0|0|0|0
1550,1550,6,1,1,255,255,0,0,0,0.0166666675,,19,0,19,0,3,0,,0|0|0.899999976|0|0|0|0,0|0|0.899999976|0|0|0|0
1550,1550,6,2,2,0,0,0,0,0,0.0166666675,,19,0,19,0,,0,,0|0|1|0|0|0|0,0|0|1|0|0|0|0
1551,1551,6,1,1,255,255,0,0,0,0.0166666675,,19,0,19,0,3,0,,0|0|0.899999976|0|0|0|0,0|0|0.899999976|0|0|0|0
1551,1551,6,2,2,0,0,0,0,0,0.0166666675,,19,0,19,0,,0,,0|0|1|0|0|0|0,0|0|1|0|0|0|0
1552,1552,6,1,1,255,255,0,0,0,0.0166666675,,19,0,19,0,3,0,,0|0|0.899999976|0|0|0|0,0|0|0.899999976|0|0|0|0
1552,1552,6,2,2,0,0,0,0,0,0.0166666675,,19,0,19,0,,0,,0|0|1|0|0|0|0,0|0|1|0|0|0|0
1553,1553,6,1,1,255,255,0,0,0,0.0166666675,,19,0,19,0,3,0,,0|0|0.899999976|0|0|0|0,0|0|0.899999976|0|0|0|0
1553,1553,6,2,2,0,0,0,0,0,0.0166666675,,19,0,19,0,,0,,0|0|1|0|0|0|0,0|0|1|0|0|0|0
1554,1554,6,1,1,255,255,0,0,0,0.0166666675,,19,0,19,0,3,0,,0|0|0.899999976|0|0|0|0,0|0|0.899999976|0|0|0|0
1554,1554,6,2,2,0,0,0,0,0,0.0166666675,,19,0,19,0,,0,,0|0|1|0|0|0|0,0|0|1|0|0|0|0
1555,1555,6,1,1,255,255,0,0,0,0.0166666675,,19,0,19,0,3,0,,0|0|0.899999976|0|0|0|0,0|0|0.899999976|0|0|0|0
1555,1555,6,2,2,0,0,0,0,0,0.0166666675,,19,0,19,0,,0,,0|0|1|0|0|0|0,0|0|1|0|0|0|0
1556,1556,6,1,1,255,255,0,0,0,0.0166666675,,19,0,19,0,3,0,,0|0|0.899999976|0|0|0|0,0|0|0.899999976|0|0|0|0
1556,1556,6,2,2,0,0,0,0,0,0.0166666675,,19,0,19,0,,0,,0|0|1|0|0|0|0,0|0|1|0|0|0|0
1557,1557,6,1,1,255,255,0,0,0,0.0166666675,,19,0,19,0,3,0,,0|0|0.899999976|0|0|0|0,0|0|0.899999976|0|0|0|0
1557,1557,6,2,2,0,0,0,0,0,0.0166666675,,19,0,19,0,,0,,0|0|1|0|0|0|0,0|0|1|0|0|0|0
1558,1558,6,1,1,255,255,0,0,0,0.0166666675,,19,0,19,0,3,0,,0|0|0.899999976|0|0|0|0,0|0|0.899999976|0|0|0|0
1558,1558,6,2,2,0,0,0,0,0,0.0166666675,,19,0,19,0,,0,,0|0|1|0|0|0|0,0|0|1|0|0|0|0
1559,1559,6,1,1,255,255,0,0,0,0.0166666675,,19,0,19,0,3,0,,0|0|0.899999976|0|0|0|0,0|0|0.899999976|0|0|0|0
1559,1559,6,2,2,0,0,0,0,0,0.0166666675,,19,0,19,0,,0,,0|0|1|0|0|0|0,0|0|1|0|0|0|0
1560,1560,6,1,1,255,255,0,0,0,0.0166666675,,19,0,19,0,3,0,,0|0|0.899999976|0|0|0|0,0|0|0.899999976|0|0|0|0
1560,1560,6,2,2,0,0,0,0,0,0.0166666675,,19,0,19,0,,0,,0|0|1|0|0|0|0,0|0|1|0|0|0|0
1561,1561,6,1,1,255,255,0,0,0,0.0166666675,,19,0,19,0,3,0,,0|0|0.899999976|0|0|0|0,0|0|0.899999976|0|0|0|0
1561,1561,6,2,2,0,0,0,0,0,0.0166666675,,19,0,19,0,,0,,0|0|1|0|0|0|0,0|0|1|0|0|0|0
1562,1562,6,1,1,255,255,0,0,0,0.0166666675,,19,0,19,0,3,0,,0|0|0.899999976|0|0|0|0,0|0|0.899999976|0|0|0|0
1562,1562,6,2,2,0,0,0,0,0,0.0166666675,,19,0,19,0,,0,,0|0|1|0|0|0|0,0|0|1|0|0|0|0
1563,1563,6,1,1,255,255,0,0,0,0.0166666675,,19,0,19,0,3,0,,0|0|0.899999976|0|0|0|0,0|0|0.899999976|0|0|0|0
1563,1563,6,2,2,0,0,0,0,0,0.0166666675,,19,0,19,0,,0,,0|0|1|0|0|0|0,0|0|1|0|0|0|0
1564,1564,6,1,1,255,255,0,0,0,0.0166666675,,19,0,19,0,3,0,,0|0|0.899999976|0|0|0|0,0|0|0.899999976|0|0|0|0
1564,1564,6,2,2,0,0,0,0,0,0.0166666675,,19,0,19,0,,0,,0|0|1|0|0|0|0,0|0|1|0|0|0|0
1565,1565,6,1,1,255,255,0,0,0,0.0166666675,,19,0,19,0,3,0,,0|0|0.899999976|0|0|0|0,0|0|0.899999976|0|0|0|0
1565,1565,6,2,2,0,0,0,0,0,0.0166666675,,19,0,19,0,,0,,0|0|1|0|0|0|0,0|0|1|0|0|0|0
1566,1566,6,1,1,255,255,0,0,0,0.0166666675,,19,0,19,0,3,0,,0|0|0.899999976|0|0|0|0,0|0|0.899999976|0|0|0|0
1566,1566,6,2,2,0,0,0,0,0,0.0166666675,,19,0,19,0,,0,,0|0|1|0|0|0|0,0|0|1|0|0|0|0
1567,1567,6,1,1,255,255,0,0,0,0.0166666675,,19,0,19,0,3,0,,0|0|0.899999976|0|0|0|0,0|0|0.899999976|0|0|0|0
1567,1567,6,2,2,0,0,0,0,0,0.0166666675,,19,0,19,0,,0,,0|0|1|0|0|0|0,0|0|1|0|0|0|0
1568,1568,6,1,1,255,255,0,0,0,0.0166666675,,19,0,19,0,3,0,,0|0|0.899999976|0|0|0|0,0|0|0.899999976|0|0|0|0
1568,1568,6,2,2,0,0,0,0,0,0.0166666675,,19,0,19,0,,0,,0|0|1|0|0|0|0,0|0|1|0|0|0|0
1569,1569,6,1,1,255,255,0,0,0,0.0166666675,,19,0,19,0,3,0,,0|0|0.899999976|0|0|0|0,0|0|0.899999976|0|0|0|0
1569,1569,6,2,2,0,0,0,0,0,0.0166666675,,19,0,19,0,,0,,0|0|1|0|0|0|0,0|0|1|0|0|0|0
1570,1570,6,1,1,255,255,0,0,0,0.0166666675,,19,0,19,0,3,0,,0|0|0.899999976|0|0|0|0,0|0|0.899999976|0|0|0|0
1570,1570,6,2,2,0,0,0,0,0,0.0166666675,,19,0,19,0,,0,,0|0|1|0|0|0|0,0|0|1|0|0|0|0
1571,1571,6,1,1,255,255,0,0,0,0.0166666675,,19,0,19,0,3,0,,0|0|0.899999976|0|0|0|0,0|0|0.899999976|0|0|0|0
1571,1571,6,2,2,0,0,0,0,0,0.0166666675,,19,0,19,0,,0,,0|0|1|0|0|0|0,0|0|1|0|0|0|0
1572,1572,6,1,1,255,255,0,0,0,0.0166666675,,19,0,19,0,3,0,,0|0|0.899999976|0|0|0|0,0|0|0.899999976|0|0|0|0
1572,1572,6,2,2,0,0,0,0,0,0.0166666675,,19,0,19,0,,0,,0|0|1|0|0|0|0,0|0|1|0|0|0|0
1573,1573,6,1,1,255,255,0,0,0,0.0166666675,,19,0,19,0,3,0,,0|0|0.899999976|0|0|0|0,0|0|0.899999976|0|0|0|0
1573,1573,6,2,2,0,0,0,0,0,0.0166666675,,19,0,19,0,,0,,0|0|1|0|0|0|0,0|0|1|0|0|0|0
1574,1574,6,1,1,255,255,0,0,0,0.0166666675,,19,0,19,0,3,0,,0|0|0.899999976|0|0|0|0,0|0|0.899999976|0|0|0|0
1574,1574,6,2,2,0,0,0,0,0,0.0166666675,,19,0,19,0,,0,,0|0|1|0|0|0|0,0|0|1|0|0|0|0
1575,1575,6,1,1,255,255,0,0,0,0.0166666675,,19,0,19,0,3,0,,0|0|0.899999976|0|0|0|0,0|0|0.899999976|0|0|0|0
1575,1575,6,2,2,0,0,0,0,0,0.0166666675,,19,0,19,0,,0,,0|0|1|0|0|0|0,0|0|1|0|0|0|0
1576,1576,6,1,1,255,255,0,0,0,0.0166666675,,19,0,19,0,3,0,,0|0|0.899999976|0|0|0|0,0|0|0.899999976|0|0|0|0
1576,1576,6,2,2,0,0,0,0,0,0.0166666675,,19,0,19,0,,0,,0|0|1|0|0|0|0,0|0|1|0|0|0|0
1577,1577,6,1,1,255,255,0,0,0,0.0166666675,,19,0,19,0,3,0,,0|0|0.899999976|0|0|0|0,0|0|0.899999976|0|0|0|0
1577,1577,6,2,2,0,0,0,0,0,0.0166666675,,19,0,19,0,,0,,0|0|1|0|0|0|0,0|0|1|0|0|0|0
1578,1578,6,1,1,255,255,0,0,0,0.0166666675,,19,0,19,0,3,0,,0|0|0.899999976|0|0|0|0,0|0|0.899999976|0|0|0|0
1578,1578,6,2,2,0,0,0,0,0,0.0166666675,,19,0,19,0,,0,,0|0|1|0|0|0|0,0|0|1|0|0|0|0
1579,1579,6,1,1,255,255,0,0,0,0.0166666675,,19,0,19,0,3,0,,0|0|0.899999976|0|0|0|0,0|0|0.899999976|0|0|0|0
1579,1579,6,2,2,0,0,0,0,0,0.0166666675,,19,0,19,0,,0,,0|0|1|0|0|0|0,0|0|1|0|0|0|0
1580,1580,6,1,1,255,255,0,0,0,0.0166666675,,19,0,19,0,3,0,,0|0|0.899999976|0|0|0|0,0|0|0.899999976|0|0|0|0
1580,1580,6,2,2,0,0,0,0,0,0.0166666675,,19,0,19,0,,0,,0|0|1|0|0|0|0,0|0|1|0|0|0|0
1581,1581,6,1,1,255,255,0,0,0,0.0166666675,,19,0,19,0,3,0,,0|0|0.899999976|0|0|0|0,0|0|0.899999976|0|0|0|0
1581,1581,6,2,2,0,0,0,0,0,0.0166666675,,19,0,19,0,,0,,0|0|1|0|0|0|0,0|0|1|0|0|0|0
1582,1582,6,1,1,255,255,0,0,0,0.0166666675,,19,0,19,0,3,0,,0|0|0.899999976|0|0|0|0,0|0|0.899999976|0|0|0|0
1582,1582,6,2,2,0,0,0,0,0,0.0166666675,,19,0,19,0,,0,,0|0|1|0|0|0|0,0|0|1|0|0|0|0
1583,1583,6,1,1,255,255,0,0,0,0.0166666675,,19,0,19,0,3,0,,0|0|0.899999976|0|0|0|0,0|0|0.899999976|0|0|0|0
1583,1583,6,2,2,0,0,0,0,0,0.0166666675,,19,0,19,0,,0,,0|0|1|0|0|0|0,0|0|1|0|0|0|0
1584,1584,6,1,1,255,255,0,0,0,0.0166666675,,19,0,19,0,3,0,,0|0|0.899999976|0|0|0|0,0|0|0.899999976|0|0|0|0
1584,1584,6,2,2,0,0,0,0,0,0.0166666675,,19,0,19,0,,0,,0|0|1|0|0|0|0,0|0|1|0|0|0|0
1585,1585,6,1,1,255,255,0,0,0,0.0166666675,,19,0,19,0,3,0,,0|0|0.899999976|0|0|0|0,0|0|0.899999976|0|0|0|0
1585,1585,6,2,2,0,0,0,0,0,0.0166666675,,19,0,19,0,,0,,0|0|1|0|0|0|0,0|0|1|0|0|0|0
1586,1586,6,1,1,255,255,0,0,0,0.0166666675,,19,0,19,0,3,0,,0|0|0.899999976|0|0|0|0,0|0|0.899999976|0|0|0|0
1586,1586,6,2,2,0,0,0,0,0,0.0166666675,,19,0,19,0,,0,,0|0|1|0|0|0|0,0|0|1|0|0|0|0
1587,1587,6,1,1,255,255,0,0,0,0.0166666675,,19,0,19,0,3,0,,0|0|0.899999976|0|0|0|0,0|0|0.899999976|0|0|0|0
1587,1587,6,2,2,0,0,0,0,0,0.0166666675,,19,0,19,0,,0,,0|0|1|0|0|0|0,0|0|1|0|0|0|0
1588,1588,6,1,1,255,255,0,0,0,0.0166666675,,19,0,19,0,3,0,,0|0|0.899999976|0|0|0|0,0|0|0.899999976|0|0|0|0
1588,1588,6,2,2,0,0,0,0,0,0.0166666675,,19,0,19,0,,0,,0|0|1|0|0|0|0,0|0|1|0|0|0|0
1589,1589,6,1,1,255,255,0,0,0,0.0166666675,,19,0,19,0,3,0,,0|0|0.899999976|0|0|0|0,0|0|0.899999976|0|0|0|0
1589,1589,6,2,2,0,0,0,0,0,0.0166666675,,19,0,19,0,,0,,0|0|1|0|0|0|0,0|0|1|0|0|0|0
1590,1590,6,1,1,255,255,0,0,0,0.0166666675,,19,0,19,0,3,0,,0|0|0.899999976|0|0|0|0,0|0|0.899999976|0|0|0|0
1590,1590,6,2,2,0,0,0,0,0,0.0166666675,,19,0,19,0,,0,,0|0|1|0|0|0|0,0|0|1|0|0|0|0
1591,1591,6,1,1,255,255,0,0,0,0.0166666675,,19,0,19,0,3,0,,0|0|0.899999976|0|0|0|0,0|0|0.899999976|0|0|0|0
1591,1591,6,2,2,0,0,0,0,0,0.0166666675,,19,0,19,0,,0,,0|0|1|0|0|0|0,0|0|1|0|0|0|0
1592,1592,6,1,1,255,255,0,0,0,0.0166666675,,19,0,19,0,3,0,,0|0|0.899999976|0|0|0|0,0|0|0.899999976|0|0|0|0
1592,1592,6,2,2,0,0,0,0,0,0.0166666675,,19,0,19,0,,0,,0|0|1|0|0|0|0,0|0|1|0|0|0|0
1593,1593,6,1,1,255,255,0,0,0,0.0166666675,,19,0,19,0,3,0,,0|0|0.899999976|0|0|0|0,0|0|0.899999976|0|0|0|0
1593,1593,6,2,2,0,0,0,0,0,0.0166666675,,19,0,19,0,,0,,0|0|1|0|0|0|0,0|0|1|0|0|0|0
1594,1594,6,1,1,255,255,0,0,0,0.0166666675,,19,0,19,0,3,0,,0|0|0.899999976|0|0|0|0,0|0|0.899999976|0|0|0|0
1594,1594,6,2,2,0,0,0,0,0,0.0166666675,,19,0,19,0,,0,,0|0|1|0|0|0|0,0|0|1|0|0|0|0
1595,1595,6,1,1,255,255,0,0,0,0.0166666675,,19,0,19,0,3,0,,0|0|0.899999976|0|0|0|0,0|0|0.899999976|0|0|0|0
1595,1595,6,2,2,0,0,0,0,0,0.0166666675,,19,0,19,0,,0,,0|0|1|0|0|0|0,0|0|1|0|0|0|0
1596,1596,6,1,1,255,255,0,0,0,0.0166666675,,19,0,19,0,3,0,,0|0|0.899999976|0|0|0|0,0|0|0.899999976|0|0|0|0
1596,1596,6,2,2,0,0,0,0,0,0.0166666675,,19,0,19,0,,0,,0|0|1|0|0|0|0,0|0|1|0|0|0|0
1597,1597,6,1,1,255,255,0,0,0,0.0166666675,,19,0,19,0,3,0,,0|0|0.899999976|0|0|0|0,0|0|0.899999976|0|0|0|0
1597,1597,6,2,2,0,0,0,0,0,0.0166666675,,19,0,19,0,,0,,0|0|1|0|0|0|0,0|0|1|0|0|0|0
1598,1598,6,1,1,255,255,0,0,0,0.0166666675,,19,0,19,0,3,0,,0|0|0.899999976|0|0|0|0,0|0|0.899999976|0|0|0|0
1598,1598,6,2,2,0,0,0,0,0,0.0166666675,,19,0,19,0,,0,,0|0|1|0|0|0|0,0|0|1|0|0|0|0
1599,1599,6,1,1,255,255,0,0,0,0.0166666675,,19,0,19,0,3,0,,0|0|0.899999976|0|0|0|0,0|0|0.899999976|0|0|0|0
1599,1599,6,2,2,0,0,0,0,0,0.0166666675,,19,0,19,0,,0,,0|0|1|0|0|0|0,0|0|1|0|0|0|0
1600,1600,6,1,1,255,255,0,0,0,0.0166666675,,19,0,19,0,3,0,,0|0|0.899999976|0|0|0|0,0|0|0.899999976|0|0|0|0
1600,1600,6,2,2,0,0,0,0,0,0.0166666675,,19,0,19,0,,0,,0|0|1|0|0|0|0,0|0|1|0|0|0|0
1601,1601,6,1,1,255,255,0,0,0,0.0166666675,,19,0,19,0,3,0,,0|0|0.899999976|0|0|0|0,0|0|0.899999976|0|0|0|0
1601,1601,6,2,2,0,0,0,0,0,0.0166666675,,19,0,19,0,,0,,0|0|1|0|0|0|0,0|0|1|0|0|0|0
1602,1602,6,1,1,255,255,0,0,0,0.0166666675,,19,0,19,0,3,0,,0|0|0.899999976|0|0|0|0,0|0|0.899999976|0|0|0|0
1602,1602,6,2,2,0,0,0,0,0,0.0166666675,,19,0,19,0,,0,,0|0|1|0|0|0|0,0|0|1|0|0|0|0
1603,1603,6,1,1,255,255,0,0,0,0.0166666675,,19,0,19,0,3,0,,0|0|0.899999976|0|0|0|0,0|0|0.899999976|0|0|0|0
1603,1603,6,2,2,0,0,0,0,0,0.0166666675,,19,0,19,0,,0,,0|0|1|0|0|0|0,0|0|1|0|0|0|0
1604,1604,6,1,1,255,255,0,0,0,0.0166666675,,19,0,19,0,3,0,,0|0|0.899999976|0|0|0|0,0|0|0.899999976|0|0|0|0
1604,1604,6,2,2,0,0,0,0,0,0.0166666675,,19,0,19,0,,0,,0|0|1|0|0|0|0,0|0|1|0|0|0|0
1605,1605,6,1,1,255,255,0,0,0,0.0166666675,,19,0,19,0,3,0,,0|0|0.899999976|0|0|0|0,0|0|0.899999976|0|0|0|0
1605,1605,6,2,2,0,0,0,0,0,0.0166666675,,19,0,19,0,,0,,0|0|1|0|0|0|0,0|0|1|0|0|0|0
1606,1606,6,1,1,255,255,0,0,0,0.0166666675,,19,0,19,0,3,0,,0|0|0.899999976|0|0|0|0,0|0|0.899999976|0|0|0|0
1606,1606,6,2,2,0,0,0,0,0,0.0166666675,,19,0,19,0,,0,,0|0|1|0|0|0|0,0|0|1|0|0|0|0
1607,1607,6,1,1,255,255,0,0,0,0.0166666675,,19,0,19,0,3,0,,0|0|0.899999976|0|0|0|0,0|0|0.899999976|0|0|0|0
1607,1607,6,2,2,0,0,0,0,0,0.0166666675,,19,0,19,0,,0,,0|0|1|0|0|0|0,0|0|1|0|0|0|0
1608,1608,6,1,1,255,255,0,0,0,0.0166666675,,19,0,19,0,3,0,,0|0|0.899999976|0|0|0|0,0|0|0.899999976|0|0|0|0
1608,1608,6,2,2,0,0,0,0,0,0.0166666675,,19,0,19,0,,0,,0|0|1|0|0|0|0,0|0|1|0|0|0|0
1609,1609,6,1,1,255,255,0,0,0,0.0166666675,,19,0,19,0,3,0,,0|0|0.899999976|0|0|0|0,0|0|0.899999976|0|0|0|0
1609,1609,6,2,2,0,0,0,0,0,0.0166666675,,19,0,19,0,,0,,0|0|1|0|0|0|0,0|0|1|0|0|0|0
1610,1610,6,1,1,255,255,0,0,0,0.0166666675,,19,0,19,0,3,0,,0|0|0.899999976|0|0|0|0,0|0|0.899999976|0|0|0|0
1610,1610,6,2,2,0,0,0,0,0,0.0166666675,,19,0,19,0,,0,,0|0|1|0|0|0|0,0|0|1|0|0|0|0
1611,1611,6,1,1,255,255,0,0,0,0.0166666675,,19,0,19,0,3,0,,0|0|0.899999976|0|0|0|0,0|0|0.899999976|0|0|0|0
1611,1611,6,2,2,0,0,0,0,0,0.0166666675,,19,0,19,0,,0,,0|0|1|0|0|0|0,0|0|1|0|0|0|0
1612,1612,6,1,1,255,255,0,0,0,0.0166666675,,19,0,19,0,3,0,,0|0|0.899999976|0|0|0|0,0|0|0.899999976|0|0|0|0
1612,1612,6,2,2,0,0,0,0,0,0.0166666675,,19,0,19,0,,0,,0|0|1|0|0|0|0,0|0|1|0|0|0|0
1613,1613,6,1,1,255,255,0,0,0,0.0166666675,,19,0,19,0,3,0,,0|0|0.899999976|0|0|0|0,0|0|0.899999976|0|0|0|0
1613,1613,6,2,2,0,0,0,0,0,0.0166666675,,19,0,19,0,,0,,0|0|1|0|0|0|0,0|0|1|0|0|0|0
1614,1614,6,1,1,255,255,0,0,0,0.0166666675,,19,0,19,0,3,0,,0|0|0.899999976|0|0|0|0,0|0|0.899999976|0|0|0|0
1614,1614,6,2,2,0,0,0,0,0,0.0166666675,,19,0,19,0,,0,,0|0|1|0|0|0|0,0|0|1|0|0|0|0
1615,1615,6,1,1,255,255,0,0,0,0.0166666675,,19,0,19,0,3,0,,0|0|0.899999976|0|0|0|0,0|0|0.899999976|0|0|0|0
1615,1615,6,2,2,0,0,0,0,0,0.0166666675,,19,0,19,0,,0,,0|0|1|0|0|0|0,0|0|1|0|0|0|0
1616,1616,6,1,1,255,255,0,0,0,0.0166666675,,19,0,19,0,3,0,,0|0|0.899999976|0|0|0|0,0|0|0.899999976|0|0|0|0
1616,1616,6,2,2,0,0,0,0,0,0.0166666675,,19,0,19,0,,0,,0|0|1|0|0|0|0,0|0|1|0|0|0|0
1617,1617,6,1,1,255,255,0,0,0,0.0166666675,,19,0,19,0,3,0,,0|0|0.899999976|0|0|0|0,0|0|0.899999976|0|0|0|0
1617,1617,6,2,2,0,0,0,0,0,0.0166666675,,19,0,19,0,,0,,0|0|1|0|0|0|0,0|0|1|0|0|0|0
1618,1618,6,1,1,255,255,0,0,0,0.0166666675,,19,0,19,0,3,0,,0|0|0.899999976|0|0|0|0,0|0|0.899999976|0|0|0|0
1618,1618,6,2,2,0,0,0,0,0,0.0166666675,,19,0,19,0,,0,,0|0|1|0|0|0|0,0|0|1|0|0|0|0
1619,1619,6,1,1,255,255,0,0,0,0.0166666675,,19,0,19,0,3,0,,0|0|0.899999976|0|0|0|0,0|0|0.899999976|0|0|0|0
1619,1619,6,2,2,0,0,0,0,0,0.0166666675,,19,0,19,0,,0,,0|0|1|0|0|0|0,0|0|1|0|0|0|0
1620,1620,6,1,1,255,255,0,0,0,0.0166666675,,19,0,19,0,3,0,,0|0|0.899999976|0|0|0|0,0|0|0.899999976|0|0|0|0
1620,1620,6,2,2,0,0,0,0,0,0.0166666675,,19,0,19,0,,0,,0|0|1|0|0|0|0,0|0|1|0|0|0|0
1621,1621,6,1,1,255,255,0,0,0,0.0166666675,,19,0,19,0,3,0,,0|0|0.899999976|0|0|0|0,0|0|0.899999976|0|0|0|0
1621,1621,6,2,2,0,0,0,0,0,0.0166666675,,19,0,19,0,,0,,0|0|1|0|0|0|0,0|0|1|0|0|0|0
1622,1622,6,1,1,255,255,0,0,0,0.0166666675,,19,0,19,0,3,0,,0|0|0.899999976|0|0|0|0,0|0|0.899999976|0|0|0|0
1622,1622,6,2,2,0,0,0,0,0,0.0166666675,,19,0,19,0,,0,,0|0|1|0|0|0|0,0|0|1|0|0|0|0
1623,1623,6,1,1,255,255,0,0,0,0.0166666675,,19,0,19,0,3,0,,0|0|0.899999976|0|0|0|0,0|0|0.899999976|0|0|0|0
1623,1623,6,2,2,0,0,0,0,0,0.0166666675,,19,0,19,0,,0,,0|0|1|0|0|0|0,0|0|1|0|0|0|0
1624,1624,6,1,1,255,255,0,0,0,0.0166666675,,19,0,19,0,3,0,,0|0|0.899999976|0|0|0|0,0|0|0.899999976|0|0|0|0
1624,1624,6,2,2,0,0,0,0,0,0.0166666675,,19,0,19,0,,0,,0|0|1|0|0|0|0,0|0|1|0|0|0|0
1625,1625,6,1,1,255,255,0,0,0,0.0166666675,,19,0,19,0,3,0,,0|0|0.899999976|0|0|0|0,0|0|0.899999976|0|0|0|0
1625,1625,6,2,2,0,0,0,0,0,0.0166666675,,19,0,19,0,,0,,0|0|1|0|0|0|0,0|0|1|0|0|0|0
1626,1626,6,1,1,255,255,0,0,0,0.0166666675,,19,0,19,0,3,0,,0|0|0.899999976|0|0|0|0,0|0|0.899999976|0|0|0|0
1626,1626,6,2,2,0,0,0,0,0,0.0166666675,,19,0,19,0,,0,,0|0|1|0|0|0|0,0|0|1|0|0|0|0
1627,1627,6,1,1,255,255,0,0,0,0.0166666675,,19,0,19,0,3,0,,0|0|0.899999976|0|0|0|0,0|0|0.899999976|0|0|0|0
1627,1627,6,2,2,0,0,0,0,0,0.0166666675,,19,0,19,0,,0,,0|0|1|0|0|0|0,0|0|1|0|0|0|0
1628,1628,6,1,1,255,255,0,0,0,0.0166666675,,19,0,19,0,3,0,,0|0|0.899999976|0|0|0|0,0|0|0.899999976|0|0|0|0
1628,1628,6,2,2,0,0,0,0,0,0.0166666675,,19,0,19,0,,0,,0|0|1|0|0|0|0,0|0|1|0|0|0|0
1629,1629,6,1,1,255,255,0,0,0,0.0166666675,,19,0,19,0,3,0,,0|0|0.899999976|0|0|0|0,0|0|0.899999976|0|0|0|0
1629,1629,6,2,2,0,0,0,0,0,0.0166666675,,19,0,19,0,,0,,0|0|1|0|0|0|0,0|0|1|0|0|0|0
1630,1630,6,1,1,255,255,0,0,0,0.0166666675,,19,0,19,0,3,0,,0|0|0.899999976|0|0|0|0,0|0|0.899999976|0|0|0|0
1630,1630,6,2,2,0,0,0,0,0,0.0166666675,,19,0,19,0,,0,,0|0|1|0|0|0|0,0|0|1|0|0|0|0
1631,1631,6,1,1,255,255,0,0,0,0.0166666675,,19,0,19,0,3,0,,0|0|0.899999976|0|0|0|0,0|0|0.899999976|0|0|0|0
1631,1631,6,2,2,0,0,0,0,0,0.0166666675,,19,0,19,0,,0,,0|0|1|0|0|0|0,0|0|1|0|0|0|0
1632,1632,6,1,1,255,255,0,0,0,0.0166666675,,19,0,19,0,3,0,,0|0|0.899999976|0|0|0|0,0|0|0.899999976|0|0|0|0
1632,1632,6,2,2,0,0,0,0,0,0.0166666675,,19,0,19,0,,0,,0|0|1|0|0|0|0,0|0|1|0|0|0|0
1633,1633,6,1,1,255,255,0,0,0,0.0166666675,,19,0,19,0,3,0,,0|0|0.899999976|0|0|0|0,0|0|0.899999976|0|0|0|0
1633,1633,6,2,2,0,0,0,0,0,0.0166666675,,19,0,19,0,,0,,0|0|1|0|0|0|0,0|0|1|0|0|0|0
1634,1634,6,1,1,255,255,0,0,0,0.0166666675,,19,0,19,0,3,0,,0|0|0.899999976|0|0|0|0,0|0|0.899999976|0|0|0|0
1634,1634,6,2,2,0,0,0,0,0,0.0166666675,,19,0,19,0,,0,,0|0|1|0|0|0|0,0|0|1|0|0|0|0
1635,1635,6,1,1,255,255,0,0,0,0.0166666675,,19,0,19,0,3,0,,0|0|0.899999976|0|0|0|0,0|0|0.899999976|0|0|0|0
1635,1635,6,2,2,0,0,0,0,0,0.0166666675,,19,0,19,0,,0,,0|0|1|0|0|0|0,0|0|1|0|0|0|0
1636,1636,6,1,1,255,255,0,0,0,0.0166666675,,19,0,19,0,3,0,,0|0|0.899999976|0|0|0|0,0|0|0.899999976|0|0|0|0
1636,1636,6,2,2,0,0,0,0,0,0.0166666675,,19,0,19,0,,0,,0|0|1|0|0|0|0,0|0|1|0|0|0|0
1637,1637,6,1,1,255,255,0,0,0,0.0166666675,,19,0,19,0,3,0,,0|0|0.899999976|0|0|0|0,0|0|0.899999976|0|0|0|0
1637,1637,6,2,2,0,0,0,0,0,0.0166666675,,19,0,19,0,,0,,0|0|1|0|0|0|0,0|0|1|0|0|0|0
1638,1638,6,1,1,255,255,0,0,0,0.0166666675,,19,0,19,0,3,0,,0|0|0.899999976|0|0|0|0,0|0|0.899999976|0|0|0|0
1638,1638,6,2,2,0,0,0,0,0,0.0166666675,,19,0,19,0,,0,,0|0|1|0|0|0|0,0|0|1|0|0|0|0
1639,1639,6,1,1,255,255,0,0,0,0.0166666675,,19,0,19,0,3,0,,0|0|0.899999976|0|0|0|0,0|0|0.899999976|0|0|0|0
1639,1639,6,2,2,0,0,0,0,0,0.0166666675,,19,0,19,0,,0,,0|0|1|0|0|0|0,0|0|1|0|0|0|0
1640,1640,6,1,1,255,255,0,0,0,0.0166666675,,19,0,19,0,3,0,,0|0|0.899999976|0|0|0|0,0|0|0.899999976|0|0|0|0
1640,1640,6,2,2,0,0,0,0,0,0.0166666675,,19,0,19,0,,0,,0|0|1|0|0|0|0,0|0|1|0|0|0|0
1641,1641,6,1,1,255,255,0,0,0,0.0166666675,,19,0,19,0,3,0,,0|0|0.899999976|0|0|0|0,0|0|0.899999976|0|0|0|0
1641,1641,6,2,2,0,0,0,0,0,0.0166666675,,19,0,19,0,,0,,0|0|1|0|0|0|0,0|0|1|0|0|0|0
1642,1642,6,1,1,255,255,0,0,0,0.0166666675,,19,0,19,0,3,0,,0|0|0.899999976|0|0|0|0,0|0|0.899999976|0|0|0|0
1642,1642,6,2,2,0,0,0,0,0,0.0166666675,,19,0,19,0,,0,,0|0|1|0|0|0|0,0|0|1|0|0|0|0
1643,1643,6,1,1,255,255,0,0,0,0.0166666675,,19,0,19,0,3,0,,0|0|0.899999976|0|0|0|0,0|0|0.899999976|0|0|0|0
1643,1643,6,2,2,0,0,0,0,0,0.0166666675,,19,0,19,0,,0,,0|0|1|0|0|0|0,0|0|1|0|0|0|0
1644,1644,6,1,1,255,255,0,0,0,0.0166666675,,19,0,19,0,3,0,,0|0|0.899999976|0|0|0|0,0|0|0.899999976|0|0|0|0
1644,1644,6,2,2,0,0,0,0,0,0.0166666675,,19,0,19,0,,0,,0|0|1|0|0|0|0,0|0|1|0|0|0|0
1645,1645,6,1,1,255,255,0,0,0,0.0166666675,,19,0,19,0,3,0,,0|0|0.899999976|0|0|0|0,0|0|0.899999976|0|0|0|0
1645,1645,6,2,2,0,0,0,0,0,0.0166666675,,19,0,19,0,,0,,0|0|1|0|0|0|0,0|0|1|0|0|0|0
1646,1646,6,1,1,255,255,0,0,0,0.0166666675,,19,0,19,0,3,0,,0|0|0.899999976|0|0|0|0,0|0|0.899999976|0|0|0|0
1646,1646,6,2,2,0,0,0,0,0,0.0166666675,,19,0,19,0,,0,,0|0|1|0|0|0|0,0|0|1|0|0|0|0
1647,1647,6,1,1,255,255,0,0,0,0.0166666675,,19,0,19,0,3,0,,0|0|0.899999976|0|0|0|0,0|0|0.899999976|0|0|0|0
1647,1647,6,2,2,0,0,0,0,0,0.0166666675,,19,0,19,0,,0,,0|0|1|0|0|0|0,0|0|1|0|0|0|0
1648,1648,6,1,1,255,255,0,0,0,0.0166666675,,19,0,19,0,3,0,,0|0|0.899999976|0|0|0|0,0|0|0.899999976|0|0|0|0
1648,1648,6,2,2,0,0,0,0,0,0.0166666675,,19,0,19,0,,0,,0|0|1|0|0|0|0,0|0|1|0|0|0|0
1649,1649,6,1,1,255,255,0,0,0,0.0166666675,,19,0,19,0,3,0,,0|0|0.899999976|0|0|0|0,0|0|0.899999976|0|0|0|0
1649,1649,6,2,2,0,0,0,0,0,0.0166666675,,19,0,19,0,,0,,0|0|1|0|0|0|0,0|0|1|0|0|0|0
1650,1650,6,1,1,255,255,0,0,0,0.0166666675,,19,0,19,0,3,0,,0|0|0.899999976|0|0|0|0,0|0|0.899999976|0|0|0|0
1650,1650,6,2,2,0,0,0,0,0,0.0166666675,,19,0,19,0,,0,,0|0|1|0|0|0|0,0|0|1|0|0|0|0
1651,1651,6,1,1,255,255,0,0,0,0.0166666675,,19,0,19,0,3,0,,0|0|0.899999976|0|0|0|0,0|0|0.899999976|0|0|0|0
1651,1651,6,2,2,0,0,0,0,0,0.0166666675,,19,0,19,0,,0,,0|0|1|0|0|0|0,0|0|1|0|0|0|0
1652,1652,6,1,1,255,255,0,0,0,0.0166666675,,19,0,19,0,3,0,,0|0|0.899999976|0|0|0|0,0|0|0.899999976|0|0|0|0
1652,1652,6,2,2,0,0,0,0,0,0.0166666675,,19,0,19,0,,0,,0|0|1|0|0|0|0,0|0|1|0|0|0|0
1653,1653,6,1,1,255,255,0,0,0,0.0166666675,,19,0,19,0,3,0,,0|0|0.899999976|0|0|0|0,0|0|0.899999976|0|0|0|0
1653,1653,6,2,2,0,0,0,0,0,0.0166666675,,19,0,19,0,,0,,0|0|1|0|0|0|0,0|0|1|0|0|0|0
1654,1654,6,1,1,255,255,0,0,0,0.0166666675,,19,0,19,0,3,0,,0|0|0.899999976|0|0|0|0,0|0|0.899999976|0|0|0|0
1654,1654,6,2,2,0,0,0,0,0,0.0166666675,,19,0,19,0,,0,,0|0|1|0|0|0|0,0|0|1|0|0|0|0
1655,1655,6,1,1,255,255,0,0,0,0.0166666675,,19,0,19,0,3,0,,0|0|0.899999976|0|0|0|0,0|0|0.899999976|0|0|0|0
1655,1655,6,2,2,0,0,0,0,0,0.0166666675,,19,0,19,0,,0,,0|0|1|0|0|0|0,0|0|1|0|0|0|0
1656,1656,6,1,1,255,255,0,0,0,0.0166666675,,19,0,19,0,3,0,,0|0|0.899999976|0|0|0|0,0|0|0.899999976|0|0|0|0
1656,1656,6,2,2,0,0,0,0,0,0.0166666675,,19,0,19,0,,0,,0|0|1|0|0|0|0,0|0|1|0|0|0|0
1657,1657,6,1,1,255,255,0,0,0,0.0166666675,,19,0,19,0,3,0,,0|0|0.899999976|0|0|0|0,0|0|0.899999976|0|0|0|0
1657,1657,6,2,2,0,0,0,0,0,0.0166666675,,19,0,19,0,,0,,0|0|1|0|0|0|0,0|0|1|0|0|0|0
1658,1658,6,1,1,255,255,0,0,0,0.0166666675,,19,0,19,0,3,0,,0|0|0.899999976|0|0|0|0,0|0|0.899999976|0|0|0|0
1658,1658,6,2,2,0,0,0,0,0,0.0166666675,,19,0,19,0,,0,,0|0|1|0|0|0|0,0|0|1|0|0|0|0
1659,1659,6,1,1,255,255,0,0,0,0.0166666675,,19,0,19,0,3,0,,0|0|0.899999976|0|0|0|0,0|0|0.899999976|0|0|0|0
1659,1659,6,2,2,0,0,0,0,0,0.0166666675,,19,0,19,0,,0,,0|0|1|0|0|0|0,0|0|1|0|0|0|0
1660,1660,6,1,1,255,255,0,0,0,0.0166666675,,19,0,19,0,3,0,,0|0|0.899999976|0|0|0|0,0|0|0.899999976|0|0|0|0
1660,1660,6,2,2,0,0,0,0,0,0.0166666675,,19,0,19,0,,0,,0|0|1|0|0|0|0,0|0|1|0|0|0|0
1661,1661,6,1,1,255,255,0,0,0,0.0166666675,,19,0,19,0,3,0,,0|0|0.899999976|0|0|0|0,0|0|0.899999976|0|0|0|0
1661,1661,6,2,2,0,0,0,0,0,0.0166666675,,19,0,19,0,,0,,0|0|1|0|0|0|0,0|0|1|0|0|0|0
1662,1662,6,1,1,255,255,0,0,0,0.0166666675,,19,0,19,0,3,0,,0|0|0.899999976|0|0|0|0,0|0|0.899999976|0|0|0|0
1662,1662,6,2,2,0,0,0,0,0,0.0166666675,,19,0,19,0,,0,,0|0|1|0|0|0|0,0|0|1|0|0|0|0
1663,1663,6,1,1,255,255,0,0,0,0.0166666675,,19,0,19,0,3,0,,0|0|0.899999976|0|0|0|0,0|0|0.899999976|0|0|0|0
1663,1663,6,2,2,0,0,0,0,0,0.0166666675,,19,0,19,0,,0,,0|0|1|0|0|0|0,0|0|1|0|0|0|0
1664,1664,6,1,1,255,255,0,0,0,0.0166666675,,19,0,19,0,3,0,,0|0|0.899999976|0|0|0|0,0|0|0.899999976|0|0|0|0
1664,1664,6,2,2,0,0,0,0,0,0.0166666675,,19,0,19,0,,0,,0|0|1|0|0|0|0,0|0|1|0|0|0|0
1665,1665,6,1,1,255,255,0,0,0,0.0166666675,,19,0,19,0,3,0,,0|0|0.899999976|0|0|0|0,0|0|0.899999976|0|0|0|0
1665,1665,6,2,2,0,0,0,0,0,0.0166666675,,19,0,19,0,,0,,0|0|1|0|0|0|0,0|0|1|0|0|0|0
1666,1666,6,1,1,255,255,0,0,0,0.0166666675,,19,0,19,0,3,0,,0|0|0.899999976|0|0|0|0,0|0|0.899999976|0|0|0|0
1666,1666,6,2,2,0,0,0,0,0,0.0166666675,,19,0,19,0,,0,,0|0|1|0|0|0|0,0|0|1|0|0|0|0
1667,1667,6,1,1,255,255,0,0,0,0.0166666675,,19,0,19,0,3,0,,0|0|0.899999976|0|0|0|0,0|0|0.899999976|0|0|0|0
1667,1667,6,2,2,0,0,0,0,0,0.0166666675,,19,0,19,0,,0,,0|0|1|0|0|0|0,0|0|1|0|0|0|0
1668,1668,6,1,1,255,255,0,0,0,0.0166666675,,19,0,19,0,3,0,,0|0|0.899999976|0|0|0|0,0|0|0.899999976|0|0|0|0
1668,1668,6,2,2,0,0,0,0,0,0.0166666675,,19,0,19,0,,0,,0|0|1|0|0|0|0,0|0|1|0|0|0|0
1669,1669,6,1,1,255,255,0,0,0,0.0166666675,,19,0,19,0,3,0,,0|0|0.899999976|0|0|0|0,0|0|0.899999976|0|0|0|0
1669,1669,6,2,2,0,0,0,0,0,0.0166666675,,19,0,19,0,,0,,0|0|1|0|0|0|0,0|0|1|0|0|0|0
1670,1670,6,1,1,255,255,0,0,0,0.0166666675,,19,0,19,0,3,0,,0|0|0.899999976|0|0|0|0,0|0|0.899999976|0|0|0|0
1670,1670,6,2,2,0,0,0,0,0,0.0166666675,,19,0,19,0,,0,,0|0|1|0|0|0|0,0|0|1|0|0|0|0
1671,1671,6,1,1,255,255,0,0,0,0.0166666675,,19,0,19,0,3,0,,0|0|0.899999976|0|0|0|0,0|0|0.899999976|0|0|0|0
1671,1671,6,2,2,0,0,0,0,0,0.0166666675,,19,0,19,0,,0,,0|0|1|0|0|0|0,0|0|1|0|0|0|0
1672,1672,6,1,1,255,255,0,0,0,0.0166666675,,19,0,19,0,3,0,,0|0|0.899999976|0|0|0|0,0|0|0.899999976|0|0|0|0
1672,1672,6,2,2,0,0,0,0,0,0.0166666675,,19,0,19,0,,0,,0|0|1|0|0|0|0,0|0|1|0|0|0|0
1673,1673,6,1,1,255,255,0,0,0,0.0166666675,,19,0,19,0,3,0,,0|0|0.899999976|0|0|0|0,0|0|0.899999976|0|0|0|0
1673,1673,6,2,2,0,0,0,0,0,0.0166666675,,19,0,19,0,,0,,0|0|1|0|0|0|0,0|0|1|0|0|0|0
1674,1674,6,1,1,255,255,0,0,0,0.0166666675,,19,0,19,0,3,0,,0|0|0.899999976|0|0|0|0,0|0|0.899999976|0|0|0|0
1674,1674,6,2,2,0,0,0,0,0,0.0166666675,,19,0,19,0,,0,,0|0|1|0|0|0|0,0|0|1|0|0|0|0
1675,1675,6,1,1,255,255,0,0,0,0.0166666675,,19,0,19,0,3,0,,0|0|0.899999976|0|0|0|0,0|0|0.899999976|0|0|0|0
1675,1675,6,2,2,0,0,0,0,0,0.0166666675,,19,0,19,0,,0,,0|0|1|0|0|0|0,0|0|1|0|0|0|0
1676,1676,6,1,1,255,255,0,0,0,0.0166666675,,19,0,19,0,3,0,,0|0|0.899999976|0|0|0|0,0|0|0.899999976|0|0|0|0
1676,1676,6,2,2,0,0,0,0,0,0.0166666675,,19,0,19,0,,0,,0|0|1|0|0|0|0,0|0|1|0|0|0|0
1677,1677,6,1,1,255,255,0,0,0,0.0166666675,,19,0,19,0,3,0,,0|0|0.899999976|0|0|0|0,0|0|0.899999976|0|0|0|0
1677,1677,6,2,2,0,0,0,0,0,0.0166666675,,19,0,19,0,,0,,0|0|1|0|0|0|0,0|0|1|0|0|0|0
1678,1678,6,1,1,255,255,0,0,0,0.0166666675,,19,0,19,0,3,0,,0|0|0.899999976|0|0|0|0,0|0|0.899999976|0|0|0|0
1678,1678,6,2,2,0,0,0,0,0,0.0166666675,,19,0,19,0,,0,,0|0|1|0|0|0|0,0|0|1|0|0|0|0
1679,1679,6,1,1,255,255,0,0,0,0.0166666675,,19,0,19,0,3,0,,0|0|0.899999976|0|0|0|0,0|0|0.899999976|0|0|0|0
1679,1679,6,2,2,0,0,0,0,0,0.0166666675,,19,0,19,0,,0,,0|0|1|0|0|0|0,0|0|1|0|0|0|0
1680,1680,6,1,1,255,255,0,0,0,0.0166666675,,19,0,19,0,3,0,,0|0|0.899999976|0|0|0|0,0|0|0.899999976|0|0|0|0
1680,1680,6,2,2,0,0,0,0,0,0.0166666675,,19,0,19,0,,0,,0|0|1|0|0|0|0,0|0|1|0|0|0|0
1681,1681,6,1,1,255,255,0,0,0,0.0166666675,,19,0,19,0,3,0,,0|0|0.899999976|0|0|0|0,0|0|0.899999976|0|0|0|0
1681,1681,6,2,2,0,0,0,0,0,0.0166666675,,19,0,19,0,,0,,0|0|1|0|0|0|0,0|0|1|0|0|0|0
1682,1682,6,1,1,255,255,0,0,0,0.0166666675,,19,0,19,0,3,0,,0|0|0.899999976|0|0|0|0,0|0|0.899999976|0|0|0|0
1682,1682,6,2,2,0,0,0,0,0,0.0166666675,,19,0,19,0,,0,,0|0|1|0|0|0|0,0|0|1|0|0|0|0
1683,1683,6,1,1,255,255,0,0,0,0.0166666675,,19,0,19,0,3,0,,0|0|0.899999976|0|0|0|0,0|0|0.899999976|0|0|0|0
1683,1683,6,2,2,0,0,0,0,0,0.0166666675,,19,0,19,0,,0,,0|0|1|0|0|0|0,0|0|1|0|0|0|0
1684,1684,6,1,1,255,255,0,0,0,0.0166666675,,19,0,19,0,3,0,,0|0|0.899999976|0|0|0|0,0|0|0.899999976|0|0|0|0
1684,1684,6,2,2,0,0,0,0,0,0.0166666675,,19,0,19,0,,0,,0|0|1|0|0|0|0,0|0|1|0|0|0|0
1685,1685,6,1,1,255,255,0,0,0,0.0166666675,,19,0,19,0,3,0,,0|0|0.899999976|0|0|0|0,0|0|0.899999976|0|0|0|0
1685,1685,6,2,2,0,0,0,0,0,0.0166666675,,19,0,19,0,,0,,0|0|1|0|0|0|0,0|0|1|0|0|0|0
1686,1686,6,1,1,255,255,0,0,0,0.0166666675,,19,0,19,0,3,0,,0|0|0.899999976|0|0|0|0,0|0|0.899999976|0|0|0|0
1686,1686,6,2,2,0,0,0,0,0,0.0166666675,,19,0,19,0,,0,,0|0|1|0|0|0|0,0|0|1|0|0|0|0
1687,1687,6,1,1,255,255,0,0,0,0.0166666675,,19,0,19,0,3,0,,0|0|0.899999976|0|0|0|0,0|0|0.899999976|0|0|0|0
1687,1687,6,2,2,0,0,0,0,0,0.0166666675,,19,0,19,0,,0,,0|0|1|0|0|0|0,0|0|1|0|0|0|0
1688,1688,6,1,1,255,255,0,0,0,0.0166666675,,19,0,19,0,3,0,,0|0|0.899999976|0|0|0|0,0|0|0.899999976|0|0|0|0
1688,1688,6,2,2,0,0,0,0,0,0.0166666675,,19,0,19,0,,0,,0|0|1|0|0|0|0,0|0|1|0|0|0|0
1689,1689,6,1,1,255,255,0,0,0,0.0166666675,,19,0,19,0,3,0,,0|0|0.899999976|0|0|0|0,0|0|0.899999976|0|0|0|0
1689,1689,6,2,2,0,0,0,0,0,0.0166666675,,19,0,19,0,,0,,0|0|1|0|0|0|0,0|0|1|0|0|0|0
1690,1690,6,1,1,255,255,0,0,0,0.0166666675,,19,0,19,0,3,0,,0|0|0.899999976|0|0|0|0,0|0|0.899999976|0|0|0|0
1690,1690,6,2,2,0,0,0,0,0,0.0166666675,,19,0,19,0,,0,,0|0|1|0|0|0|0,0|0|1|0|0|0|0
1691,1691,6,1,1,255,255,0,0,0,0.0166666675,,19,0,19,0,3,0,,0|0|0.899999976|0|0|0|0,0|0|0.899999976|0|0|0|0
1691,1691,6,2,2,0,0,0,0,0,0.0166666675,,19,0,19,0,,0,,0|0|1|0|0|0|0,0|0|1|0|0|0|0
1692,1692,6,1,1,255,255,0,0,0,0.0166666675,,19,0,19,0,3,0,,0|0|0.899999976|0|0|0|0,0|0|0.899999976|0|0|0|0
1692,1692,6,2,2,0,0,0,0,0,0.0166666675,,19,0,19,0,,0,,0|0|1|0|0|0|0,0|0|1|0|0|0|0
1693,1693,6,1,1,255,255,0,0,0,0.0166666675,,19,0,19,0,3,0,,0|0|0.899999976|0|0|0|0,0|0|0.899999976|0|0|0|0
1693,1693,6,2,2,0,0,0,0,0,0.0166666675,,19,0,19,0,,0,,0|0|1|0|0|0|0,0|0|1|0|0|0|0
1694,1694,6,1,1,255,255,0,0,0,0.0166666675,,19,0,19,0,3,0,,0|0|0.899999976|0|0|0|0,0|0|0.899999976|0|0|0|0
1694,1694,6,2,2,0,0,0,0,0,0.0166666675,,19,0,19,0,,0,,0|0|1|0|0|0|0,0|0|1|0|0|0|0
1695,1695,6,1,1,255,255,0,0,0,0.0166666675,,19,0,19,0,3,0,,0|0|0.899999976|0|0|0|0,0|0|0.899999976|0|0|0|0
1695,1695,6,2,2,0,0,0,0,0,0.0166666675,,19,0,19,0,,0,,0|0|1|0|0|0|0,0|0|1|0|0|0|0
1696,1696,6,1,1,255,255,0,0,0,0.0166666675,,19,0,19,0,3,0,,0|0|0.899999976|0|0|0|0,0|0|0.899999976|0|0|0|0
1696,1696,6,2,2,0,0,0,0,0,0.0166666675,,19,0,19,0,,0,,0|0|1|0|0|0|0,0|0|1|0|0|0|0
1697,1697,6,1,1,255,255,0,0,0,0.0166666675,,19,0,19,0,3,0,,0|0|0.899999976|0|0|0|0,0|0|0.899999976|0|0|0|0
1697,1697,6,2,2,0,0,0,0,0,0.0166666675,,19,0,19,0,,0,,0|0|1|0|0|0|0,0|0|1|0|0|0|0
1698,1698,6,1,1,255,255,0,0,0,0.0166666675,,19,0,19,0,3,0,,0|0|0.899999976|0|0|0|0,0|0|0.899999976|0|0|0|0
1698,1698,6,2,2,0,0,0,0,0,0.0166666675,,19,0,19,0,,0,,0|0|1|0|0|0|0,0|0|1|0|0|0|0
1699,1699,6,1,1,255,255,0,0,0,0.0166666675,,19,0,19,0,3,0,,0|0|0.899999976|0|0|0|0,0|0|0.899999976|0|0|0|0
1699,1699,6,2,2,0,0,0,0,0,0.0166666675,,19,0,19,0,,0,,0|0|1|0|0|0|0,0|0|1|0|0|0|0
1700,1700,6,1,1,255,255,0,0,0,0.0166666675,,19,0,19,0,3,0,,0|0|0.899999976|0|0|0|0,0|0|0.899999976|0|0|0|0
1700,1700,6,2,2,0,0,0,0,0,0.0166666675,,19,0,19,0,,0,,0|0|1|0|0|0|0,0|0|1|0|0|0|0
1701,1701,6,1,1,255,255,0,0,0,0.0166666675,,19,0,19,0,3,0,,0|0|0.899999976|0|0|0|0,0|0|0.899999976|0|0|0|0
1701,1701,6,2,2,0,0,0,0,0,0.0166666675,,19,0,19,0,,0,,0|0|1|0|0|0|0,0|0|1|0|0|0|0
1702,1702,6,1,1,255,255,0,0,0,0.0166666675,,19,0,19,0,3,0,,0|0|0.899999976|0|0|0|0,0|0|0.899999976|0|0|0|0
1702,1702,6,2,2,0,0,0,0,0,0.0166666675,,19,0,19,0,,0,,0|0|1|0|0|0|0,0|0|1|0|0|0|0
1703,1703,6,1,1,255,255,0,0,0,0.0166666675,,19,0,19,0,3,0,,0|0|0.899999976|0|0|0|0,0|0|0.899999976|0|0|0|0
1703,1703,6,2,2,0,0,0,0,0,0.0166666675,,19,0,19,0,,0,,0|0|1|0|0|0|0,0|0|1|0|0|0|0
1704,1704,6,1,1,255,255,0,0,0,0.0166666675,,19,0,19,0,3,0,,0|0|0.899999976|0|0|0|0,0|0|0.899999976|0|0|0|0
1704,1704,6,2,2,0,0,0,0,0,0.0166666675,,19,0,19,0,,0,,0|0|1|0|0|0|0,0|0|1|0|0|0|0
1705,1705,6,1,1,255,255,0,0,0,0.0166666675,,19,0,19,0,3,0,,0|0|0.899999976|0|0|0|0,0|0|0.899999976|0|0|0|0
1705,1705,6,2,2,0,0,0,0,0,0.0166666675,,19,0,19,0,,0,,0|0|1|0|0|0|0,0|0|1|0|0|0|0
1706,1706,6,1,1,255,255,0,0,0,0.0166666675,,19,0,19,0,3,0,,0|0|0.899999976|0|0|0|0,0|0|0.899999976|0|0|0|0
1706,1706,6,2,2,0,0,0,0,0,0.0166666675,,19,0,19,0,,0,,0|0|1|0|0|0|0,0|0|1|0|0|0|0
1707,1707,6,1,1,255,255,0,0,0,0.0166666675,,19,0,19,0,3,0,,0|0|0.899999976|0|0|0|0,0|0|0.899999976|0|0|0|0
1707,1707,6,2,2,0,0,0,0,0,0.0166666675,,19,0,19,0,,0,,0|0|1|0|0|0|0,0|0|1|0|0|0|0
1708,1708,6,1,1,255,255,0,0,0,0.0166666675,,19,0,19,0,3,0,,0|0|0.899999976|0|0|0|0,0|0|0.899999976|0|0|0|0
1708,1708,6,2,2,0,0,0,0,0,0.0166666675,,19,0,19,0,,0,,0|0|1|0|0|0|0,0|0|1|0|0|0|0
1709,1709,6,1,1,255,255,0,0,0,0.0166666675,,19,0,19,0,3,0,,0|0|0.899999976|0|0|0|0,0|0|0.899999976|0|0|0|0
1709,1709,6,2,2,0,0,0,0,0,0.0166666675,,19,0,19,0,,0,,0|0|1|0|0|0|0,0|0|1|0|0|0|0
1710,1710,6,1,1,255,255,0,0,0,0.0166666675,,19,0,19,0,3,0,,0|0|0.899999976|0|0|0|0,0|0|0.899999976|0|0|0|0
1710,1710,6,2,2,0,0,0,0,0,0.0166666675,,19,0,19,0,,0,,0|0|1|0|0|0|0,0|0|1|0|0|0|0
1711,1711,6,1,1,255,255,0,0,0,0.0166666675,,19,0,19,0,3,0,,0|0|0.899999976|0|0|0|0,0|0|0.899999976|0|0|0|0
1711,1711,6,2,2,0,0,0,0,0,0.0166666675,,19,0,19,0,,0,,0|0|1|0|0|0|0,0|0|1|0|0|0|0
1712,1712,6,1,1,255,255,0,0,0,0.0166666675,,19,0,19,0,3,0,,0|0|0.899999976|0|0|0|0,0|0|0.899999976|0|0|0|0
1712,1712,6,2,2,0,0,0,0,0,0.0166666675,,19,0,19,0,,0,,0|0|1|0|0|0|0,0|0|1|0|0|0|0
1713,1713,6,1,1,255,255,0,0,0,0.0166666675,,19,0,19,0,3,0,,0|0|0.899999976|0|0|0|0,0|0|0.899999976|0|0|0|0
1713,1713,6,2,2,0,0,0,0,0,0.0166666675,,19,0,19,0,,0,,0|0|1|0|0|0|0,0|0|1|0|0|0|0
1714,1714,6,1,1,255,255,0,0,0,0.0166666675,,19,0,19,0,3,0,,0|0|0.899999976|0|0|0|0,0|0|0.899999976|0|0|0|0
1714,1714,6,2,2,0,0,0,0,0,0.0166666675,,19,0,19,0,,0,,0|0|1|0|0|0|0,0|0|1|0|0|0|0
1715,1715,6,1,1,255,255,0,0,0,0.0166666675,,19,0,19,0,3,0,,0|0|0.899999976|0|0|0|0,0|0|0.899999976|0|0|0|0
1715,1715,6,2,2,0,0,0,0,0,0.0166666675,,19,0,19,0,,0,,0|0|1|0|0|0|0,0|0|1|0|0|0|0
1716,1716,6,1,1,255,255,0,0,0,0.0166666675,,19,0,19,0,3,0,,0|0|0.899999976|0|0|0|0,0|0|0.899999976|0|0|0|0
1716,1716,6,2,2,0,0,0,0,0,0.0166666675,,19,0,19,0,,0,,0|0|1|0|0|0|0,0|0|1|0|0|0|0
1717,1717,6,1,1,255,255,0,0,0,0.0166666675,,19,0,19,0,3,0,,0|0|0.899999976|0|0|0|0,0|0|0.899999976|0|0|0|0
1717,1717,6,2,2,0,0,0,0,0,0.0166666675,,19,0,19,0,,0,,0|0|1|0|0|0|0,0|0|1|0|0|0|0
1718,1718,6,1,1,255,255,0,0,0,0.0166666675,,19,0,19,0,3,0,,0|0|0.899999976|0|0|0|0,0|0|0.899999976|0|0|0|0
1718,1718,6,2,2,0,0,0,0,0,0.0166666675,,19,0,19,0,,0,,0|0|1|0|0|0|0,0|0|1|0|0|0|0
1719,1719,6,1,1,255,255,0,0,0,0.0166666675,,19,0,19,0,3,0,,0|0|0.899999976|0|0|0|0,0|0|0.899999976|0|0|0|0
1719,1719,6,2,2,0,0,0,0,0,0.0166666675,,19,0,19,0,,0,,0|0|1|0|0|0|0,0|0|1|0|0|0|0
1720,1720,6,1,1,255,255,0,0,0,0.0166666675,,19,0,19,0,3,0,,0|0|0.899999976|0|0|0|0,0|0|0.899999976|0|0|0|0
1720,1720,6,2,2,0,0,0,0,0,0.0166666675,,19,0,19,0,,0,,0|0|1|0|0|0|0,0|0|1|0|0|0|0
1721,1721,6,1,1,255,255,0,0,0,0.0166666675,,19,0,19,0,3,0,,0|0|0.899999976|0|0|0|0,0|0|0.899999976|0|0|0|0
1721,1721,6,2,2,0,0,0,0,0,0.0166666675,,19,0,19,0,,0,,0|0|1|0|0|0|0,0|0|1|0|0|0|0
1722,1722,6,1,1,255,255,0,0,0,0.0166666675,,19,0,19,0,3,0,,0|0|0.899999976|0|0|0|0,0|0|0.899999976|0|0|0|0
1722,1722,6,2,2,0,0,0,0,0,0.0166666675,,19,0,19,0,,0,,0|0|1|0|0|0|0,0|0|1|0|0|0|0
1723,1723,6,1,1,255,255,0,0,0,0.0166666675,,19,0,19,0,3,0,,0|0|0.899999976|0|0|0|0,0|0|0.899999976|0|0|0|0
1723,1723,6,2,2,0,0,0,0,0,0.0166666675,,19,0,19,0,,0,,0|0|1|0|0|0|0,0|0|1|0|0|0|0
1724,1724,6,1,1,255,255,0,0,0,0.0166666675,,19,0,19,0,3,0,,0|0|0.899999976|0|0|0|0,0|0|0.899999976|0|0|0|0
1724,1724,6,2,2,0,0,0,0,0,0.0166666675,,19,0,19,0,,0,,0|0|1|0|0|0|0,0|0|1|0|0|0|0
1725,1725,6,1,1,255,255,0,0,0,0.0166666675,,19,0,19,0,3,0,,0|0|0.899999976|0|0|0|0,0|0|0.899999976|0|0|0|0
1725,1725,6,2,2,0,0,0,0,0,0.0166666675,,19,0,19,0,,0,,0|0|1|0|0|0|0,0|0|1|0|0|0|0
1726,1726,6,1,1,255,255,0,0,0,0.0166666675,,19,0,19,0,3,0,,0|0|0.899999976|0|0|0|0,0|0|0.899999976|0|0|0|0
1726,1726,6,2,2,0,0,0,0,0,0.0166666675,,19,0,19,0,,0,,0|0|1|0|0|0|0,0|0|1|0|0|0|0
1727,1727,6,1,1,255,255,0,0,0,0.0166666675,,19,0,19,0,3,0,,0|0|0.899999976|0|0|0|0,0|0|0.899999976|0|0|0|0
1727,1727,6,2,2,0,0,0,0,0,0.0166666675,,19,0,19,0,,0,,0|0|1|0|0|0|0,0|0|1|0|0|0|0
1728,1728,6,1,1,255,255,0,0,0,0.0166666675,,19,0,19,0,3,0,,0|0|0.899999976|0|0|0|0,0|0|0.899999976|0|0|0|0
1728,1728,6,2,2,0,0,0,0,0,0.0166666675,,19,0,19,0,,0,,0|0|1|0|0|0|0,0|0|1|0|0|0|0
1729,1729,6,1,1,255,255,0,0,0,0.0166666675,,19,0,19,0,3,0,,0|0|0.899999976|0|0|0|0,0|0|0.899999976|0|0|0|0
1729,1729,6,2,2,0,0,0,0,0,0.0166666675,,19,0,19,0,,0,,0|0|1|0|0|0|0,0|0|1|0|0|0|0
1730,1730,6,1,1,255,255,0,0,0,0.0166666675,,19,0,19,0,3,0,,0|0|0.899999976|0|0|0|0,0|0|0.899999976|0|0|0|0
1730,1730,6,2,2,0,0,0,0,0,0.0166666675,,19,0,19,0,,0,,0|0|1|0|0|0|0,0|0|1|0|0|0|0
1731,1731,6,1,1,255,255,0,0,0,0.0166666675,,19,0,19,0,3,0,,0|0|0.899999976|0|0|0|0,0|0|0.899999976|0|0|0|0
1731,1731,6,2,2,0,0,0,0,0,0.0166666675,,19,0,19,0,,0,,0|0|1|0|0|0|0,0|0|1|0|0|0|0
1732,1732,6,1,1,255,255,0,0,0,0.0166666675,,19,0,19,0,3,0,,0|0|0.899999976|0|0|0|0,0|0|0.899999976|0|0|0|0
1732,1732,6,2,2,0,0,0,0,0,0.0166666675,,19,0,19,0,,0,,0|0|1|0|0|0|0,0|0|1|0|0|0|0
1733,1733,6,1,1,255,255,0,0,0,0.0166666675,,19,0,19,0,3,0,,0|0|0.899999976|0|0|0|0,0|0|0.899999976|0|0|0|0
1733,1733,6,2,2,0,0,0,0,0,0.0166666675,,19,0,19,0,,0,,0|0|1|0|0|0|0,0|0|1|0|0|0|0
1734,1734,6,1,1,255,255,0,0,0,0.0166666675,,19,0,19,0,3,0,,0|0|0.899999976|0|0|0|0,0|0|0.899999976|0|0|0|0
1734,1734,6,2,2,0,0,0,0,0,0.0166666675,,19,0,19,0,,0,,0|0|1|0|0|0|0,0|0|1|0|0|0|0
1735,1735,6,1,1,255,255,0,0,0,0.0166666675,,19,0,19,0,3,0,,0|0|0.899999976|0|0|0|0,0|0|0.899999976|0|0|0|0
1735,1735,6,2,2,0,0,0,0,0,0.0166666675,,19,0,19,0,,0,,0|0|1|0|0|0|0,0|0|1|0|0|0|0
1736,1736,6,1,1,255,255,0,0,0,0.0166666675,,19,0,19,0,3,0,,0|0|0.899999976|0|0|0|0,0|0|0.899999976|0|0|0|0
1736,1736,6,2,2,0,0,0,0,0,0.0166666675,,19,0,19,0,,0,,0|0|1|0|0|0|0,0|0|1|0|0|0|0
1737,1737,6,1,1,255,255,0,0,0,0.0166666675,,19,0,19,0,3,0,,0|0|0.899999976|0|0|0|0,0|0|0.899999976|0|0|0|0
1737,1737,6,2,2,0,0,0,0,0,0.0166666675,,19,0,19,0,,0,,0|0|1|0|0|0|0,0|0|1|0|0|0|0
1738,1738,6,1,1,255,255,0,0,0,0.0166666675,,19,0,19,0,3,0,,0|0|0.899999976|0|0|0|0,0|0|0.899999976|0|0|0|0
1738,1738,6,2,2,0,0,0,0,0,0.0166666675,,19,0,19,0,,0,,0|0|1|0|0|0|0,0|0|1|0|0|0|0
1739,1739,6,1,1,255,255,0,0,0,0.0166666675,,19,0,19,0,3,0,,0|0|0.899999976|0|0|0|0,0|0|0.899999976|0|0|0|0
1739,1739,6,2,2,0,0,0,0,0,0.0166666675,,19,0,19,0,,0,,0|0|1|0|0|0|0,0|0|1|0|0|0|0
1740,1740,6,1,1,255,255,0,0,0,0.0166666675,,19,0,19,0,3,0,,0|0|0.899999976|0|0|0|0,0|0|0.899999976|0|0|0|0
1740,1740,6,2,2,0,0,0,0,0,0.0166666675,,19,0,19,0,,0,,0|0|1|0|0|0|0,0|0|1|0|0|0|0
1741,1741,6,1,1,255,255,0,0,0,0.0166666675,,19,0,19,0,3,0,,0|0|0.899999976|0|0|0|0,0|0|0.899999976|0|0|0|0
1741,1741,6,2,2,0,0,0,0,0,0.0166666675,,19,0,19,0,,0,,0|0|1|0|0|0|0,0|0|1|0|0|0|0
1742,1742,6,1,1,255,255,0,0,0,0.0166666675,,19,0,19,0,3,0,,0|0|0.899999976|0|0|0|0,0|0|0.899999976|0|0|0|0
1742,1742,6,2,2,0,0,0,0,0,0.0166666675,,19,0,19,0,,0,,0|0|1|0|0|0|0,0|0|1|0|0|0|0
1743,1743,6,1,1,255,255,0,0,0,0.0166666675,,19,0,19,0,3,0,,0|0|0.899999976|0|0|0|0,0|0|0.899999976|0|0|0|0
1743,1743,6,2,2,0,0,0,0,0,0.0166666675,,19,0,19,0,,0,,0|0|1|0|0|0|0,0|0|1|0|0|0|0
1744,1744,6,1,1,255,255,0,0,0,0.0166666675,,19,0,19,0,3,0,,0|0|0.899999976|0|0|0|0,0|0|0.899999976|0|0|0|0
1744,1744,6,2,2,0,0,0,0,0,0.0166666675,,19,0,19,0,,0,,0|0|1|0|0|0|0,0|0|1|0|0|0|0
1745,1745,6,1,1,255,255,0,0,0,0.0166666675,,19,0,19,0,3,0,,0|0|0.899999976|0|0|0|0,0|0|0.899999976|0|0|0|0
1745,1745,6,2,2,0,0,0,0,0,0.0166666675,,19,0,19,0,,0,,0|0|1|0|0|0|0,0|0|1|0|0|0|0
1746,1746,6,1,1,255,255,0,0,0,0.0166666675,,19,0,19,0,3,0,,0|0|0.899999976|0|0|0|0,0|0|0.899999976|0|0|0|0
1746,1746,6,2,2,0,0,0,0,0,0.0166666675,,19,0,19,0,,0,,0|0|1|0|0|0|0,0|0|1|0|0|0|0
1747,1747,6,1,1,255,255,0,0,0,0.0166666675,,19,0,19,0,3,0,,0|0|0.899999976|0|0|0|0,0|0|0.899999976|0|0|0|0
1747,1747,6,2,2,0,0,0,0,0,0.0166666675,,19,0,19,0,,0,,0|0|1|0|0|0|0,0|0|1|0|0|0|0
1748,1748,6,1,1,255,255,0,0,0,0.0166666675,,19,0,19,0,3,0,,0|0|0.899999976|0|0|0|0,0|0|0.899999976|0|0|0|0
1748,1748,6,2,2,0,0,0,0,0,0.0166666675,,19,0,19,0,,0,,0|0|1|0|0|0|0,0|0|1|0|0|0|0
1749,1749,6,1,1,255,255,0,0,0,0.0166666675,,19,0,19,0,3,0,,0|0|0.899999976|0|0|0|0,0|0|0.899999976|0|0|0|0
1749,1749,6,2,2,0,0,0,0,0,0.0166666675,,19,0,19,0,,0,,0|0|1|0|0|0|0,0|0|1|0|0|0|0
1750,1750,6,1,1,255,255,0,0,0,0.0166666675,,19,0,19,0,3,0,,0|0|0.899999976|0|0|0|0,0|0|0.899999976|0|0|0|0
1750,1750,6,2,2,0,0,0,0,0,0.0166666675,,19,0,19,0,,0,,0|0|1|0|0|0|0,0|0|1|0|0|0|0
1751,1751,6,1,1,255,255,0,0,0,0.0166666675,,19,0,19,0,3,0,,0|0|0.899999976|0|0|0|0,0|0|0.899999976|0|0|0|0
1751,1751,6,2,2,0,0,0,0,0,0.0166666675,,19,0,19,0,,0,,0|0|1|0|0|0|0,0|0|1|0|0|0|0
1752,1752,6,1,1,255,255,0,0,0,0.0166666675,,19,0,19,0,3,0,,0|0|0.899999976|0|0|0|0,0|0|0.899999976|0|0|0|0
1752,1752,6,2,2,0,0,0,0,0,0.0166666675,,19,0,19,0,,0,,0|0|1|0|0|0|0,0|0|1|0|0|0|0
1753,1753,6,1,1,255,255,0,0,0,0.0166666675,,19,0,19,0,3,0,,0|0|0.899999976|0|0|0|0,0|0|0.899999976|0|0|0|0
1753,1753,6,2,2,0,0,0,0,0,0.0166666675,,19,0,19,0,,0,,0|0|1|0|0|0|0,0|0|1|0|0|0|0
1754,1754,6,1,1,255,255,0,0,0,0.0166666675,,19,0,19,0,3,0,,0|0|0.899999976|0|0|0|0,0|0|0.899999976|0|0|0|0
1754,1754,6,2,2,0,0,0,0,0,0.0166666675,,19,0,19,0,,0,,0|0|1|0|0|0|0,0|0|1|0|0|0|0
1755,1755,6,1,1,255,255,0,0,0,0.0166666675,,19,0,19,0,3,0,,0|0|0.899999976|0|0|0|0,0|0|0.899999976|0|0|0|0
1755,1755,6,2,2,0,0,0,0,0,0.0166666675,,19,0,19,0,,0,,0|0|1|0|0|0|0,0|0|1|0|0|0|0
1756,1756,6,1,1,255,255,0,0,0,0.0166666675,,19,0,19,0,3,0,,0|0|0.899999976|0|0|0|0,0|0|0.899999976|0|0|0|0
1756,1756,6,2,2,0,0,0,0,0,0.0166666675,,19,0,19,0,,0,,0|0|1|0|0|0|0,0|0|1|0|0|0|0
1757,1757,6,1,1,255,255,0,0,0,0.0166666675,,19,0,19,0,3,0,,0|0|0.899999976|0|0|0|0,0|0|0.899999976|0|0|0|0
1757,1757,6,2,2,0,0,0,0,0,0.0166666675,,19,0,19,0,,0,,0|0|1|0|0|0|0,0|0|1|0|0|0|0
1758,1758,6,1,1,255,255,0,0,0,0.0166666675,,19,0,19,0,3,0,,0|0|0.899999976|0|0|0|0,0|0|0.899999976|0|0|0|0
1758,1758,6,2,2,0,0,0,0,0,0.0166666675,,19,0,19,0,,0,,0|0|1|0|0|0|0,0|0|1|0|0|0|0
1759,1759,6,1,1,255,255,0,0,0,0.0166666675,,19,0,19,0,3,0,,0|0|0.899999976|0|0|0|0,0|0|0.899999976|0|0|0|0
1759,1759,6,2,2,0,0,0,0,0,0.0166666675,,19,0,19,0,,0,,0|0|1|0|0|0|0,0|0|1|0|0|0|0
1760,1760,6,1,1,255,255,0,0,0,0.0166666675,,19,0,19,0,3,0,,0|0|0.899999976|0|0|0|0,0|0|0.899999976|0|0|0|0
1760,1760,6,2,2,0,0,0,0,0,0.0166666675,,19,0,19,0,,0,,0|0|1|0|0|0|0,0|0|1|0|0|0|0
1761,1761,6,1,1,255,255,0,0,0,0.0166666675,,19,0,19,0,3,0,,0|0|0.899999976|0|0|0|0,0|0|0.899999976|0|0|0|0
1761,1761,6,2,2,0,0,0,0,0,0.0166666675,,19,0,19,0,,0,,0|0|1|0|0|0|0,0|0|1|0|0|0|0
1762,1762,6,1,1,255,255,0,0,0,0.0166666675,,19,0,19,0,3,0,,0|0|0.899999976|0|0|0|0,0|0|0.899999976|0|0|0|0
1762,1762,6,2,2,0,0,0,0,0,0.0166666675,,19,0,19,0,,0,,0|0|1|0|0|0|0,0|0|1|0|0|0|0
1763,1763,6,1,1,255,255,0,0,0,0.0166666675,,19,0,19,0,3,0,,0|0|0.899999976|0|0|0|0,0|0|0.899999976|0|0|0|0
1763,1763,6,2,2,0,0,0,0,0,0.0166666675,,19,0,19,0,,0,,0|0|1|0|0|0|0,0|0|1|0|0|0|0
1764,1764,6,1,1,255,255,0,0,0,0.0166666675,,19,0,19,0,3,0,,0|0|0.899999976|0|0|0|0,0|0|0.899999976|0|0|0|0
1764,1764,6,2,2,0,0,0,0,0,0.0166666675,,19,0,19,0,,0,,0|0|1|0|0|0|0,0|0|1|0|0|0|0
1765,1765,6,1,1,255,255,0,0,0,0.0166666675,,19,0,19,0,3,0,,0|0|0.899999976|0|0|0|0,0|0|0.899999976|0|0|0|0
1765,1765,6,2,2,0,0,0,0,0,0.0166666675,,19,0,19,0,,0,,0|0|1|0|0|0|0,0|0|1|0|0|0|0
1766,1766,6,1,1,255,255,0,0,0,0.0166666675,,19,0,19,0,3,0,,0|0|0.899999976|0|0|0|0,0|0|0.899999976|0|0|0|0
1766,1766,6,2,2,0,0,0,0,0,0.0166666675,,19,0,19,0,,0,,0|0|1|0|0|0|0,0|0|1|0|0|0|0
1767,1767,6,1,1,255,255,0,0,0,0.0166666675,,19,0,19,0,3,0,,0|0|0.899999976|0|0|0|0,0|0|0.899999976|0|0|0|0
1767,1767,6,2,2,0,0,0,0,0,0.0166666675,,19,0,19,0,,0,,0|0|1|0|0|0|0,0|0|1|0|0|0|0
1768,1768,6,1,1,255,255,0,0,0,0.0166666675,,19,0,19,0,3,0,,0|0|0.899999976|0|0|0|0,0|0|0.899999976|0|0|0|0
1768,1768,6,2,2,0,0,0,0,0,0.0166666675,,19,0,19,0,,0,,0|0|1|0|0|0|0,0|0|1|0|0|0|0
1769,1769,6,1,1,255,255,0,0,0,0.0166666675,,19,0,19,0,3,0,,0|0|0.899999976|0|0|0|0,0|0|0.899999976|0|0|0|0
1769,1769,6,2,2,0,0,0,0,0,0.0166666675,,19,0,19,0,,0,,0|0|1|0|0|0|0,0|0|1|0|0|0|0
1770,1770,6,1,1,255,255,0,0,0,0.0166666675,,19,0,19,0,3,0,,0|0|0.899999976|0|0|0|0,0|0|0.899999976|0|0|0|0
1770,1770,6,2,2,0,0,0,0,0,0.0166666675,,19,0,19,0,,0,,0|0|1|0|0|0|0,0|0|1|0|0|0|0
1771,1771,6,1,1,255,255,0,0,0,0.0166666675,,19,0,19,0,3,0,,0|0|0.899999976|0|0|0|0,0|0|0.899999976|0|0|0|0
1771,1771,6,2,2,0,0,0,0,0,0.0166666675,,19,0,19,0,,0,,0|0|1|0|0|0|0,0|0|1|0|0|0|0
1772,1772,6,1,1,255,255,0,0,0,0.0166666675,,19,0,19,0,3,0,,0|0|0.899999976|0|0|0|0,0|0|0.899999976|0|0|0|0
1772,1772,6,2,2,0,0,0,0,0,0.0166666675,,19,0,19,0,,0,,0|0|1|0|0|0|0,0|0|1|0|0|0|0
1773,1773,6,1,1,255,255,0,0,0,0.0166666675,,19,0,19,0,3,0,,0|0|0.899999976|0|0|0|0,0|0|0.899999976|0|0|0|0
1773,1773,6,2,2,0,0,0,0,0,0.0166666675,,19,0,19,0,,0,,0|0|1|0|0|0|0,0|0|1|0|0|0|0
1774,1774,6,1,1,255,255,0,0,0,0.0166666675,,19,0,19,0,3,0,,0|0|0.899999976|0|0|0|0,0|0|0.899999976|0|0|0|0
1774,1774,6,2,2,0,0,0,0,0,0.0166666675,,19,0,19,0,,0,,0|0|1|0|0|0|0,0|0|1|0|0|0|0
1775,1775,6,1,1,255,255,0,0,0,0.0166666675,,19,0,19,0,3,0,,0|0|0.899999976|0|0|0|0,0|0|0.899999976|0|0|0|0
1775,1775,6,2,2,0,0,0,0,0,0.0166666675,,19,0,19,0,,0,,0|0|1|0|0|0|0,0|0|1|0|0|0|0
1776,1776,6,1,1,255,255,0,0,0,0.0166666675,,19,0,19,0,3,0,,0|0|0.899999976|0|0|0|0,0|0|0.899999976|0|0|0|0
1776,1776,6,2,2,0,0,0,0,0,0.0166666675,,19,0,19,0,,0,,0|0|1|0|0|0|0,0|0|1|0|0|0|0
1777,1777,6,1,1,255,255,0,0,0,0.0166666675,,19,0,19,0,3,0,,0|0|0.899999976|0|0|0|0,0|0|0.899999976|0|0|0|0
1777,1777,6,2,2,0,0,0,0,0,0.0166666675,,19,0,19,0,,0,,0|0|1|0|0|0|0,0|0|1|0|0|0|0
1778,1778,6,1,1,255,255,0,0,0,0.0166666675,,19,0,19,0,3,0,,0|0|0.899999976|0|0|0|0,0|0|0.899999976|0|0|0|0
1778,1778,6,2,2,0,0,0,0,0,0.0166666675,,19,0,19,0,,0,,0|0|1|0|0|0|0,0|0|1|0|0|0|0
1779,1779,6,1,1,255,255,0,0,0,0.0166666675,,19,0,19,0,3,0,,0|0|0.899999976|0|0|0|0,0|0|0.899999976|0|0|0|0
1779,1779,6,2,2,0,0,0,0,0,0.0166666675,,19,0,19,0,,0,,0|0|1|0|0|0|0,0|0|1|0|0|0|0
1780,1780,6,1,1,255,255,0,0,0,0.0166666675,,19,0,19,0,3,0,,0|0|0.899999976|0|0|0|0,0|0|0.899999976|0|0|0|0
1780,1780,6,2,2,0,0,0,0,0,0.0166666675,,19,0,19,0,,0,,0|0|1|0|0|0|0,0|0|1|0|0|0|0
1781,1781,6,1,1,255,255,0,0,0,0.0166666675,,19,0,19,0,3,0,,0|0|0.899999976|0|0|0|0,0|0|0.899999976|0|0|0|0
1781,1781,6,2,2,0,0,0,0,0,0.0166666675,,19,0,19,0,,0,,0|0|1|0|0|0|0,0|0|1|0|0|0|0
1782,1782,6,1,1,255,255,0,0,0,0.0166666675,,19,0,19,0,3,0,,0|0|0.899999976|0|0|0|0,0|0|0.899999976|0|0|0|0
1782,1782,6,2,2,0,0,0,0,0,0.0166666675,,19,0,19,0,,0,,0|0|1|0|0|0|0,0|0|1|0|0|0|0
1783,1783,6,1,1,255,255,0,0,0,0.0166666675,,19,0,19,0,3,0,,0|0|0.899999976|0|0|0|0,0|0|0.899999976|0|0|0|0
1783,1783,6,2,2,0,0,0,0,0,0.0166666675,,19,0,19,0,,0,,0|0|1|0|0|0|0,0|0|1|0|0|0|0
1784,1784,6,1,1,255,255,0,0,0,0.0166666675,,19,0,19,0,3,0,,0|0|0.899999976|0|0|0|0,0|0|0.899999976|0|0|0|0
1784,1784,6,2,2,0,0,0,0,0,0.0166666675,,19,0,19,0,,0,,0|0|1|0|0|0|0,0|0|1|0|0|0|0
1785,1785,6,1,1,255,255,0,0,0,0.0166666675,,19,0,19,0,3,0,,0|0|0.899999976|0|0|0|0,0|0|0.899999976|0|0|0|0
1785,1785,6,2,2,0,0,0,0,0,0.0166666675,,19,0,19,0,,0,,0|0|1|0|0|0|0,0|0|1|0|0|0|0
1786,1786,6,1,1,255,255,0,0,0,0.0166666675,,19,0,19,0,3,0,,0|0|0.899999976|0|0|0|0,0|0|0.899999976|0|0|0|0
1786,1786,6,2,2,0,0,0,0,0,0.0166666675,,19,0,19,0,,0,,0|0|1|0|0|0|0,0|0|1|0|0|0|0
1787,1787,6,1,1,255,255,0,0,0,0.0166666675,,19,0,19,0,3,0,,0|0|0.899999976|0|0|0|0,0|0|0.899999976|0|0|0|0
1787,1787,6,2,2,0,0,0,0,0,0.0166666675,,19,0,19,0,,0,,0|0|1|0|0|0|0,0|0|1|0|0|0|0
1788,1788,6,1,1,255,255,0,0,0,0.0166666675,,19,0,19,0,3,0,,0|0|0.899999976|0|0|0|0,0|0|0.899999976|0|0|0|0
1788,1788,6,2,2,0,0,0,0,0,0.0166666675,,19,0,19,0,,0,,0|0|1|0|0|0|0,0|0|1|0|0|0|0
1789,1789,6,1,1,255,255,0,0,0,0.0166666675,,19,0,19,0,3,0,,0|0|0.899999976|0|0|0|0,0|0|0.899999976|0|0|0|0
1789,1789,6,2,2,0,0,0,0,0,0.0166666675,,19,0,19,0,,0,,0|0|1|0|0|0|0,0|0|1|0|0|0|0
1790,1790,6,1,1,255,255,0,0,0,0.0166666675,,19,0,19,0,3,0,,0|0|0.899999976|0|0|0|0,0|0|0.899999976|0|0|0|0
1790,1790,6,2,2,0,0,0,0,0,0.0166666675,,19,0,19,0,,0,,0|0|1|0|0|0|0,0|0|1|0|0|0|0
1791,1791,6,1,1,255,255,0,0,0,0.0166666675,,19,0,19,0,3,0,,0|0|0.899999976|0|0|0|0,0|0|0.899999976|0|0|0|0
1791,1791,6,2,2,0,0,0,0,0,0.0166666675,,19,0,19,0,,0,,0|0|1|0|0|0|0,0|0|1|0|0|0|0
1792,1792,6,1,1,255,255,0,0,0,0.0166666675,,19,0,19,0,3,0,,0|0|0.899999976|0|0|0|0,0|0|0.899999976|0|0|0|0
1792,1792,6,2,2,0,0,0,0,0,0.0166666675,,19,0,19,0,,0,,0|0|1|0|0|0|0,0|0|1|0|0|0|0
1793,1793,6,1,1,255,255,0,0,0,0.0166666675,,19,0,19,0,3,0,,0|0|0.899999976|0|0|0|0,0|0|0.899999976|0|0|0|0
1793,1793,6,2,2,0,0,0,0,0,0.0166666675,,19,0,19,0,,0,,0|0|1|0|0|0|0,0|0|1|0|0|0|0
1794,1794,6,1,1,255,255,0,0,0,0.0166666675,,19,0,19,0,3,0,,0|0|0.899999976|0|0|0|0,0|0|0.899999976|0|0|0|0
1794,1794,6,2,2,0,0,0,0,0,0.0166666675,,19,0,19,0,,0,,0|0|1|0|0|0|0,0|0|1|0|0|0|0
1795,1795,6,1,1,255,255,0,0,0,0.0166666675,,19,0,19,0,3,0,,0|0|0.899999976|0|0|0|0,0|0|0.899999976|0|0|0|0
1795,1795,6,2,2,0,0,0,0,0,0.0166666675,,19,0,19,0,,0,,0|0|1|0|0|0|0,0|0|1|0|0|0|0
1796,1796,6,1,1,255,255,0,0,0,0.0166666675,,19,0,19,0,3,0,,0|0|0.899999976|0|0|0|0,0|0|0.899999976|0|0|0|0
1796,1796,6,2,2,0,0,0,0,0,0.0166666675,,19,0,19,0,,0,,0|0|1|0|0|0|0,0|0|1|0|0|0|0
1797,1797,6,1,1,255,255,0,0,0,0.0166666675,,19,0,19,0,3,0,,0|0|0.899999976|0|0|0|0,0|0|0.899999976|0|0|0|0
1797,1797,6,2,2,0,0,0,0,0,0.0166666675,,19,0,19,0,,0,,0|0|1|0|0|0|0,0|0|1|0|0|0|0
1798,1798,6,1,1,255,255,0,0,0,0.0166666675,,19,0,19,0,3,0,,0|0|0.899999976|0|0|0|0,0|0|0.899999976|0|0|0|0
1798,1798,6,2,2,0,0,0,0,0,0.0166666675,,19,0,19,0,,0,,0|0|1|0|0|0|0,0|0|1|0|0|0|0
1799,1799,6,1,1,255,255,0,0,0,0.0166666675,,19,0,19,0,3,0,,0|0|0.899999976|0|0|0|0,0|0|0.899999976|0|0|0|0
1799,1799,6,2,2,0,0,0,0,0,0.0166666675,,19,0,19,0,,0,,0|0|1|0|0|0|0,0|0|1|0|0|0|0
1800,1800,6,1,1,255,255,0,0,0,0.0166666675,,19,0,19,0,3,0,,0|0|0.899999976|0|0|0|0,0|0|0.899999976|0|0|0|0
1800,1800,6,2,2,0,0,0,0,0,0.0166666675,,19,0,19,0,,0,,0|0|1|0|0|0|0,0|0|1|0|0|0|0
1801,1801,6,1,1,255,255,0,0,0,0.0166666675,,19,0,19,0,3,0,,0|0|0.899999976|0|0|0|0,0|0|0.899999976|0|0|0|0
1801,1801,6,2,2,0,0,0,0,0,0.0166666675,,19,0,19,0,,0,,0|0|1|0|0|0|0,0|0|1|0|0|0|0
1802,1802,6,1,1,255,255,0,0,0,0.0166666675,,19,0,19,0,3,0,,0|0|0.899999976|0|0|0|0,0|0|0.899999976|0|0|0|0
1802,1802,6,2,2,0,0,0,0,0,0.0166666675,,19,0,19,0,,0,,0|0|1|0|0|0|0,0|0|1|0|0|0|0
1803,1803,6,1,1,255,255,0,0,0,0.0166666675,,19,0,19,0,3,0,,0|0|0.899999976|0|0|0|0,0|0|0.899999976|0|0|0|0
1803,1803,6,2,2,0,0,0,0,0,0.0166666675,,19,0,19,0,,0,,0|0|1|0|0|0|0,0|0|1|0|0|0|0
1804,1804,6,1,1,255,255,0,0,0,0.0166666675,,19,0,19,0,3,0,,0|0|0.899999976|0|0|0|0,0|0|0.899999976|0|0|0|0
1804,1804,6,2,2,0,0,0,0,0,0.0166666675,,19,0,19,0,,0,,0|0|1|0|0|0|0,0|0|1|0|0|0|0
1805,1805,6,1,1,255,255,0,0,0,0.0166666675,,19,0,19,0,3,0,,0|0|0.899999976|0|0|0|0,0|0|0.899999976|0|0|0|0
1805,1805,6,2,2,0,0,0,0,0,0.0166666675,,19,0,19,0,,0,,0|0|1|0|0|0|0,0|0|1|0|0|0|0
1806,1806,6,1,1,255,255,0,0,0,0.0166666675,,19,0,19,0,3,0,,0|0|0.899999976|0|0|0|0,0|0|0.899999976|0|0|0|0
1806,1806,6,2,2,0,0,0,0,0,0.0166666675,,19,0,19,0,,0,,0|0|1|0|0|0|0,0|0|1|0|0|0|0
1807,1807,6,1,1,255,255,0,0,0,0.0166666675,,19,0,19,0,3,0,,0|0|0.899999976|0|0|0|0,0|0|0.899999976|0|0|0|0
1807,1807,6,2,2,0,0,0,0,0,0.0166666675,,19,0,19,0,,0,,0|0|1|0|0|0|0,0|0|1|0|0|0|0
1808,1808,6,1,1,255,255,0,0,0,0.0166666675,,19,0,19,0,3,0,,0|0|0.899999976|0|0|0|0,0|0|0.899999976|0|0|0|0
1808,1808,6,2,2,0,0,0,0,0,0.0166666675,,19,0,19,0,,0,,0|0|1|0|0|0|0,0|0|1|0|0|0|0
1809,1809,6,1,1,255,255,0,0,0,0.0166666675,,19,0,19,0,3,0,,0|0|0.899999976|0|0|0|0,0|0|0.899999976|0|0|0|0
1809,1809,6,2,2,0,0,0,0,0,0.0166666675,,19,0,19,0,,0,,0|0|1|0|0|0|0,0|0|1|0|0|0|0
1810,1810,6,1,1,255,255,0,0,0,0.0166666675,,19,0,19,0,3,0,,0|0|0.899999976|0|0|0|0,0|0|0.899999976|0|0|0|0
1810,1810,6,2,2,0,0,0,0,0,0.0166666675,,19,0,19,0,,0,,0|0|1|0|0|0|0,0|0|1|0|0|0|0
1811,1811,6,1,1,255,255,0,0,0,0.0166666675,,19,0,19,0,3,0,,0|0|0.899999976|0|0|0|0,0|0|0.899999976|0|0|0|0
1811,1811,6,2,2,0,0,0,0,0,0.0166666675,,19,0,19,0,,0,,0|0|1|0|0|0|0,0|0|1|0|0|0|0
1812,1812,6,1,1,255,255,0,0,0,0.0166666675,,19,0,19,0,3,0,,0|0|0.899999976|0|0|0|0,0|0|0.899999976|0|0|0|0
1812,1812,6,2,2,0,0,0,0,0,0.0166666675,,19,0,19,0,,0,,0|0|1|0|0|0|0,0|0|1|0|0|0|0
1813,1813,6,1,1,255,255,0,0,0,0.0166666675,,19,0,19,0,3,0,,0|0|0.899999976|0|0|0|0,0|0|0.899999976|0|0|0|0
1813,1813,6,2,2,0,0,0,0,0,0.0166666675,,19,0,19,0,,0,,0|0|1|0|0|0|0,0|0|1|0|0|0|0
1814,1814,6,1,1,255,255,0,0,0,0.0166666675,,19,0,19,0,3,0,,0|0|0.899999976|0|0|0|0,0|0|0.899999976|0|0|0|0
1814,1814,6,2,2,0,0,0,0,0,0.0166666675,,19,0,19,0,,0,,0|0|1|0|0|0|0,0|0|1|0|0|0|0
1815,1815,6,1,1,255,255,0,0,0,0.0166666675,,19,0,19,0,3,0,,0|0|0.899999976|0|0|0|0,0|0|0.899999976|0|0|0|0
1815,1815,6,2,2,0,0,0,0,0,0.0166666675,,19,0,19,0,,0,,0|0|1|0|0|0|0,0|0|1|0|0|0|0
1816,1816,6,1,1,255,255,0,0,0,0.0166666675,,19,0,19,0,3,0,,0|0|0.899999976|0|0|0|0,0|0|0.899999976|0|0|0|0
1816,1816,6,2,2,0,0,0,0,0,0.0166666675,,19,0,19,0,,0,,0|0|1|0|0|0|0,0|0|1|0|0|0|0
1817,1817,6,1,1,255,255,0,0,0,0.0166666675,,19,0,19,0,3,0,,0|0|0.899999976|0|0|0|0,0|0|0.899999976|0|0|0|0
1817,1817,6,2,2,0,0,0,0,0,0.0166666675,,19,0,19,0,,0,,0|0|1|0|0|0|0,0|0|1|0|0|0|0
1818,1818,6,1,1,255,255,0,0,0,0.0166666675,,19,0,19,0,3,0,,0|0|0.899999976|0|0|0|0,0|0|0.899999976|0|0|0|0
1818,1818,6,2,2,0,0,0,0,0,0.0166666675,,19,0,19,0,,0,,0|0|1|0|0|0|0,0|0|1|0|0|0|0
1819,1819,6,1,1,255,255,0,0,0,0.0166666675,,19,0,19,0,3,0,,0|0|0.899999976|0|0|0|0,0|0|0.899999976|0|0|0|0
1819,1819,6,2,2,0,0,0,0,0,0.0166666675,,19,0,19,0,,0,,0|0|1|0|0|0|0,0|0|1|0|0|0|0
1820,1820,6,1,1,255,255,0,0,0,0.0166666675,,19,0,19,0,3,0,,0|0|0.899999976|0|0|0|0,0|0|0.899999976|0|0|0|0
1820,1820,6,2,2,0,0,0,0,0,0.0166666675,,19,0,19,0,,0,,0|0|1|0|0|0|0,0|0|1|0|0|0|0
1821,1821,6,1,1,255,255,0,0,0,0.0166666675,,19,0,19,0,3,0,,0|0|0.899999976|0|0|0|0,0|0|0.899999976|0|0|0|0
1821,1821,6,2,2,0,0,0,0,0,0.0166666675,,19,0,19,0,,0,,0|0|1|0|0|0|0,0|0|1|0|0|0|0
1822,1822,6,1,1,255,255,0,0,0,0.0166666675,,19,0,19,0,3,0,,0|0|0.899999976|0|0|0|0,0|0|0.899999976|0|0|0|0
1822,1822,6,2,2,0,0,0,0,0,0.0166666675,,19,0,19,0,,0,,0|0|1|0|0|0|0,0|0|1|0|0|0|0
1823,1823,6,1,1,255,255,0,0,0,0.0166666675,,19,0,19,0,3,0,,0|0|0.899999976|0|0|0|0,0|0|0.899999976|0|0|0|0
1823,1823,6,2,2,0,0,0,0,0,0.0166666675,,19,0,19,0,,0,,0|0|1|0|0|0|0,0|0|1|0|0|0|0
1824,1824,6,1,1,255,255,0,0,0,0.0166666675,,19,0,19,0,3,0,,0|0|0.899999976|0|0|0|0,0|0|0.899999976|0|0|0|0
1824,1824,6,2,2,0,0,0,0,0,0.0166666675,,19,0,19,0,,0,,0|0|1|0|0|0|0,0|0|1|0|0|0|0
1825,1825,6,1,1,255,255,0,0,0,0.0166666675,,19,0,19,0,3,0,,0|0|0.899999976|0|0|0|0,0|0|0.899999976|0|0|0|0
1825,1825,6,2,2,0,0,0,0,0,0.0166666675,,19,0,19,0,,0,,0|0|1|0|0|0|0,0|0|1|0|0|0|0
1826,1826,6,1,1,255,255,0,0,0,0.0166666675,,19,0,19,0,3,0,,0|0|0.899999976|0|0|0|0,0|0|0.899999976|0|0|0|0
1826,1826,6,2,2,0,0,0,0,0,0.0166666675,,19,0,19,0,,0,,0|0|1|0|0|0|0,0|0|1|0|0|0|0
1827,1827,6,1,1,255,255,0,0,0,0.0166666675,,19,0,19,0,3,0,,0|0|0.899999976|0|0|0|0,0|0|0.899999976|0|0|0|0
1827,1827,6,2,2,0,0,0,0,0,0.0166666675,,19,0,19,0,,0,,0|0|1|0|0|0|0,0|0|1|0|0|0|0
1828,1828,6,1,1,255,255,0,0,0,0.0166666675,,19,0,19,0,3,0,,0|0|0.899999976|0|0|0|0,0|0|0.899999976|0|0|0|0
1828,1828,6,2,2,0,0,0,0,0,0.0166666675,,19,0,19,0,,0,,0|0|1|0|0|0|0,0|0|1|0|0|0|0
1829,1829,6,1,1,255,255,0,0,0,0.0166666675,,19,0,19,0,3,0,,0|0|0.899999976|0|0|0|0,0|0|0.899999976|0|0|0|0
1829,1829,6,2,2,0,0,0,0,0,0.0166666675,,19,0,19,0,,0,,0|0|1|0|0|0|0,0|0|1|0|0|0|0
1830,1830,6,1,1,255,255,0,0,0,0.0166666675,,19,0,19,0,3,0,,0|0|0.899999976|0|0|0|0,0|0|0.899999976|0|0|0|0
1830,1830,6,2,2,0,0,0,0,0,0.0166666675,,19,0,19,0,,0,,0|0|1|0|0|0|0,0|0|1|0|0|0|0
1831,1831,6,1,1,255,255,0,0,0,0.0166666675,,19,0,19,0,3,0,,0|0|0.899999976|0|0|0|0,0|0|0.899999976|0|0|0|0
1831,1831,6,2,2,0,0,0,0,0,0.0166666675,,19,0,19,0,,0,,0|0|1|0|0|0|0,0|0|1|0|0|0|0
1832,1832,6,1,1,255,255,0,0,0,0.0166666675,,19,0,19,0,3,0,,0|0|0.899999976|0|0|0|0,0|0|0.899999976|0|0|0|0
1832,1832,6,2,2,0,0,0,0,0,0.0166666675,,19,0,19,0,,0,,0|0|1|0|0|0|0,0|0|1|0|0|0|0
1833,1833,6,1,1,255,255,0,0,0,0.0166666675,,19,0,19,0,3,0,,0|0|0.899999976|0|0|0|0,0|0|0.899999976|0|0|0|0
1833,1833,6,2,2,0,0,0,0,0,0.0166666675,,19,0,19,0,,0,,0|0|1|0|0|0|0,0|0|1|0|0|0|0
1834,1834,6,1,1,255,255,0,0,0,0.0166666675,,19,0,19,0,3,0,,0|0|0.899999976|0|0|0|0,0|0|0.899999976|0|0|0|0
1834,1834,6,2,2,0,0,0,0,0,0.0166666675,,19,0,19,0,,0,,0|0|1|0|0|0|0,0|0|1|0|0|0|0
1835,1835,6,1,1,255,255,0,0,0,0.0166666675,,19,0,19,0,3,0,,0|0|0.899999976|0|0|0|0,0|0|0.899999976|0|0|0|0
1835,1835,6,2,2,0,0,0,0,0,0.0166666675,,19,0,19,0,,0,,0|0|1|0|0|0|0,0|0|1|0|0|0|0
1836,1836,6,1,1,255,255,0,0,0,0.0166666675,,19,0,19,0,3,0,,0|0|0.899999976|0|0|0|0,0|0|0.899999976|0|0|0|0
1836,1836,6,2,2,0,0,0,0,0,0.0166666675,,19,0,19,0,,0,,0|0|1|0|0|0|0,0|0|1|0|0|0|0
1837,1837,6,1,1,255,255,0,0,0,0.0166666675,,19,0,19,0,3,0,,0|0|0.899999976|0|0|0|0,0|0|0.899999976|0|0|0|0
1837,1837,6,2,2,0,0,0,0,0,0.0166666675,,19,0,19,0,,0,,0|0|1|0|0|0|0,0|0|1|0|0|0|0
1838,1838,6,1,1,255,255,0,0,0,0.0166666675,,19,0,19,0,3,0,,0|0|0.899999976|0|0|0|0,0|0|0.899999976|0|0|0|0
1838,1838,6,2,2,0,0,0,0,0,0.0166666675,,19,0,19,0,,0,,0|0|1|0|0|0|0,0|0|1|0|0|0|0
1839,1839,6,1,1,255,255,0,0,0,0.0166666675,,19,0,19,0,3,0,,0|0|0.899999976|0|0|0|0,0|0|0.899999976|0|0|0|0
1839,1839,6,2,2,0,0,0,0,0,0.0166666675,,19,0,19,0,,0,,0|0|1|0|0|0|0,0|0|1|0|0|0|0
1840,1840,6,1,1,255,255,0,0,0,0.0166666675,,19,0,19,0,3,0,,0|0|0.899999976|0|0|0|0,0|0|0.899999976|0|0|0|0
1840,1840,6,2,2,0,0,0,0,0,0.0166666675,,19,0,19,0,,0,,0|0|1|0|0|0|0,0|0|1|0|0|0|0
1841,1841,6,1,1,255,255,0,0,0,0.0166666675,,19,0,19,0,3,0,,0|0|0.899999976|0|0|0|0,0|0|0.899999976|0|0|0|0
1841,1841,6,2,2,0,0,0,0,0,0.0166666675,,19,0,19,0,,0,,0|0|1|0|0|0|0,0|0|1|0|0|0|0
1842,1842,6,1,1,255,255,0,0,0,0.0166666675,,19,0,19,0,3,0,,0|0|0.899999976|0|0|0|0,0|0|0.899999976|0|0|0|0
1842,1842,6,2,2,0,0,0,0,0,0.0166666675,,19,0,19,0,,0,,0|0|1|0|0|0|0,0|0|1|0|0|0|0
1843,1843,6,1,1,255,255,0,0,0,0.0166666675,,19,0,19,0,3,0,,0|0|0.899999976|0|0|0|0,0|0|0.899999976|0|0|0|0
1843,1843,6,2,2,0,0,0,0,0,0.0166666675,,19,0,19,0,,0,,0|0|1|0|0|0|0,0|0|1|0|0|0|0
1844,1844,6,1,1,255,255,0,0,0,0.0166666675,,19,0,19,0,3,0,,0|0|0.899999976|0|0|0|0,0|0|0.899999976|0|0|0|0
1844,1844,6,2,2,0,0,0,0,0,0.0166666675,,19,0,19,0,,0,,0|0|1|0|0|0|0,0|0|1|0|0|0|0
1845,1845,6,1,1,255,255,0,0,0,0.0166666675,,19,0,19,0,3,0,,0|0|0.899999976|0|0|0|0,0|0|0.899999976|0|0|0|0
1845,1845,6,2,2,0,0,0,0,0,0.0166666675,,19,0,19,0,,0,,0|0|1|0|0|0|0,0|0|1|0|0|0|0
1846,1846,6,1,1,255,255,0,0,0,0.0166666675,,19,0,19,0,3,0,,0|0|0.899999976|0|0|0|0,0|0|0.899999976|0|0|0|0
1846,1846,6,2,2,0,0,0,0,0,0.0166666675,,19,0,19,0,,0,,0|0|1|0|0|0|0,0|0|1|0|0|0|0
1847,1847,6,1,1,255,255,0,0,0,0.0166666675,,19,0,19,0,3,0,,0|0|0.899999976|0|0|0|0,0|0|0.899999976|0|0|0|0
1847,1847,6,2,2,0,0,0,0,0,0.0166666675,,19,0,19,0,,0,,0|0|1|0|0|0|0,0|0|1|0|0|0|0
1848,1848,6,1,1,255,255,0,0,0,0.0166666675,,19,0,19,0,3,0,,0|0|0.899999976|0|0|0|0,0|0|0.899999976|0|0|0|0
1848,1848,6,2,2,0,0,0,0,0,0.0166666675,,19,0,19,0,,0,,0|0|1|0|0|0|0,0|0|1|0|0|0|0
1849,1849,6,1,1,255,255,0,0,0,0.0166666675,,19,0,19,0,3,0,,0|0|0.899999976|0|0|0|0,0|0|0.899999976|0|0|0|0
1849,1849,6,2,2,0,0,0,0,0,0.0166666675,,19,0,19,0,,0,,0|0|1|0|0|0|0,0|0|1|0|0|0|0
1850,1850,6,1,1,255,255,0,0,0,0.0166666675,,19,0,19,0,3,0,,0|0|0.899999976|0|0|0|0,0|0|0.899999976|0|0|0|0
1850,1850,6,2,2,0,0,0,0,0,0.0166666675,,19,0,19,0,,0,,0|0|1|0|0|0|0,0|0|1|0|0|0|0
1851,1851,6,1,1,255,255,0,0,0,0.0166666675,,19,0,19,0,3,0,,0|0|0.899999976|0|0|0|0,0|0|0.899999976|0|0|0|0
1851,1851,6,2,2,0,0,0,0,0,0.0166666675,,19,0,19,0,,0,,0|0|1|0|0|0|0,0|0|1|0|0|0|0
1852,1852,6,1,1,255,255,0,0,0,0.0166666675,,19,0,19,0,3,0,,0|0|0.899999976|0|0|0|0,0|0|0.899999976|0|0|0|0
1852,1852,6,2,2,0,0,0,0,0,0.0166666675,,19,0,19,0,,0,,0|0|1|0|0|0|0,0|0|1|0|0|0|0
1853,1853,6,1,1,255,255,0,0,0,0.0166666675,,19,0,19,0,3,0,,0|0|0.899999976|0|0|0|0,0|0|0.899999976|0|0|0|0
1853,1853,6,2,2,0,0,0,0,0,0.0166666675,,19,0,19,0,,0,,0|0|1|0|0|0|0,0|0|1|0|0|0|0
1854,1854,6,1,1,255,255,0,0,0,0.0166666675,,19,0,19,0,3,0,,0|0|0.899999976|0|0|0|0,0|0|0.899999976|0|0|0|0
1854,1854,6,2,2,0,0,0,0,0,0.0166666675,,19,0,19,0,,0,,0|0|1|0|0|0|0,0|0|1|0|0|0|0
1855,1855,6,1,1,255,255,0,0,0,0.0166666675,,19,0,19,0,3,0,,0|0|0.899999976|0|0|0|0,0|0|0.899999976|0|0|0|0
1855,1855,6,2,2,0,0,0,0,0,0.0166666675,,19,0,19,0,,0,,0|0|1|0|0|0|0,0|0|1|0|0|0|0
1856,1856,6,1,1,255,255,0,0,0,0.0166666675,,19,0,19,0,3,0,,0|0|0.899999976|0|0|0|0,0|0|0.899999976|0|0|0|0
1856,1856,6,2,2,0,0,0,0,0,0.0166666675,,19,0,19,0,,0,,0|0|1|0|0|0|0,0|0|1|0|0|0|0
1857,1857,6,1,1,255,255,0,0,0,0.0166666675,,19,0,19,0,3,0,,0|0|0.899999976|0|0|0|0,0|0|0.899999976|0|0|0|0
1857,1857,6,2,2,0,0,0,0,0,0.0166666675,,19,0,19,0,,0,,0|0|1|0|0|0|0,0|0|1|0|0|0|0
1858,1858,6,1,1,255,255,0,0,0,0.0166666675,,19,0,19,0,3,0,,0|0|0.899999976|0|0|0|0,0|0|0.899999976|0|0|0|0
1858,1858,6,2,2,0,0,0,0,0,0.0166666675,,19,0,19,0,,0,,0|0|1|0|0|0|0,0|0|1|0|0|0|0
1859,1859,6,1,1,255,255,0,0,0,0.0166666675,,19,0,19,0,3,0,,0|0|0.899999976|0|0|0|0,0|0|0.899999976|0|0|0|0
1859,1859,6,2,2,0,0,0,0,0,0.0166666675,,19,0,19,0,,0,,0|0|1|0|0|0|0,0|0|1|0|0|0|0
1860,1860,6,1,1,255,255,0,0,0,0.0166666675,,19,0,19,0,3,0,,0|0|0.899999976|0|0|0|0,0|0|0.899999976|0|0|0|0
1860,1860,6,2,2,0,0,0,0,0,0.0166666675,,19,0,19,0,,0,,0|0|1|0|0|0|0,0|0|1|0|0|0|0
1861,1861,6,1,1,255,255,0,0,0,0.0166666675,,19,0,19,0,3,0,,0|0|0.899999976|0|0|0|0,0|0|0.899999976|0|0|0|0
1861,1861,6,2,2,0,0,0,0,0,0.0166666675,,19,0,19,0,,0,,0|0|1|0|0|0|0,0|0|1|0|0|0|0
1862,1862,6,1,1,255,255,0,0,0,0.0166666675,,19,0,19,0,3,0,,0|0|0.899999976|0|0|0|0,0|0|0.899999976|0|0|0|0
1862,1862,6,2,2,0,0,0,0,0,0.0166666675,,19,0,19,0,,0,,0|0|1|0|0|0|0,0|0|1|0|0|0|0
1863,1863,6,1,1,255,255,0,0,0,0.0166666675,,19,0,19,0,3,0,,0|0|0.899999976|0|0|0|0,0|0|0.899999976|0|0|0|0
1863,1863,6,2,2,0,0,0,0,0,0.0166666675,,19,0,19,0,,0,,0|0|1|0|0|0|0,0|0|1|0|0|0|0
1864,1864,6,1,1,255,255,0,0,0,0.0166666675,,19,0,19,0,3,0,,0|0|0.899999976|0|0|0|0,0|0|0.899999976|0|0|0|0
1864,1864,6,2,2,0,0,0,0,0,0.0166666675,,19,0,19,0,,0,,0|0|1|0|0|0|0,0|0|1|0|0|0|0
1865,1865,6,1,1,255,255,0,0,0,0.0166666675,,19,0,19,0,3,0,,0|0|0.899999976|0|0|0|0,0|0|0.899999976|0|0|0|0
1865,1865,6,2,2,0,0,0,0,0,0.0166666675,,19,0,19,0,,0,,0|0|1|0|0|0|0,0|0|1|0|0|0|0
1866,1866,6,1,1,255,255,0,0,0,0.0166666675,,19,0,19,0,3,0,,0|0|0.899999976|0|0|0|0,0|0|0.899999976|0|0|0|0
1866,1866,6,2,2,0,0,0,0,0,0.0166666675,,19,0,19,0,,0,,0|0|1|0|0|0|0,0|0|1|0|0|0|0
1867,1867,6,1,1,255,255,0,0,0,0.0166666675,,19,0,19,0,3,0,,0|0|0.899999976|0|0|0|0,0|0|0.899999976|0|0|0|0
1867,1867,6,2,2,0,0,0,0,0,0.0166666675,,19,0,19,0,,0,,0|0|1|0|0|0|0,0|0|1|0|0|0|0
1868,1868,6,1,1,255,255,0,0,0,0.0166666675,,19,0,19,0,3,0,,0|0|0.899999976|0|0|0|0,0|0|0.899999976|0|0|0|0
1868,1868,6,2,2,0,0,0,0,0,0.0166666675,,19,0,19,0,,0,,0|0|1|0|0|0|0,0|0|1|0|0|0|0
1869,1869,6,1,1,255,255,0,0,0,0.0166666675,,19,0,19,0,3,0,,0|0|0.899999976|0|0|0|0,0|0|0.899999976|0|0|0|0
1869,1869,6,2,2,0,0,0,0,0,0.0166666675,,19,0,19,0,,0,,0|0|1|0|0|0|0,0|0|1|0|0|0|0
1870,1870,6,1,1,255,255,0,0,0,0.0166666675,,19,0,19,0,3,0,,0|0|0.899999976|0|0|0|0,0|0|0.899999976|0|0|0|0
1870,1870,6,2,2,0,0,0,0,0,0.0166666675,,19,0,19,0,,0,,0|0|1|0|0|0|0,0|0|1|0|0|0|0
1871,1871,6,1,1,255,255,0,0,0,0.0166666675,,19,0,19,0,3,0,,0|0|0.899999976|0|0|0|0,0|0|0.899999976|0|0|0|0
1871,1871,6,2,2,0,0,0,0,0,0.0166666675,,19,0,19,0,,0,,0|0|1|0|0|0|0,0|0|1|0|0|0|0
1872,1872,6,1,1,255,255,0,0,0,0.0166666675,,19,0,19,0,3,0,,0|0|0.899999976|0|0|0|0,0|0|0.899999976|0|0|0|0
1872,1872,6,2,2,0,0,0,0,0,0.0166666675,,19,0,19,0,,0,,0|0|1|0|0|0|0,0|0|1|0|0|0|0
1873,1873,6,1,1,255,255,0,0,0,0.0166666675,,19,0,19,0,3,0,,0|0|0.899999976|0|0|0|0,0|0|0.899999976|0|0|0|0
1873,1873,6,2,2,0,0,0,0,0,0.0166666675,,19,0,19,0,,0,,0|0|1|0|0|0|0,0|0|1|0|0|0|0
1874,1874,6,1,1,255,255,0,0,0,0.0166666675,,19,0,19,0,3,0,,0|0|0.899999976|0|0|0|0,0|0|0.899999976|0|0|0|0
1874,1874,6,2,2,0,0,0,0,0,0.0166666675,,19,0,19,0,,0,,0|0|1|0|0|0|0,0|0|1|0|0|0|0
1875,1875,6,1,1,255,255,0,0,0,0.0166666675,,19,0,19,0,3,0,,0|0|0.899999976|0|0|0|0,0|0|0.899999976|0|0|0|0
1875,1875,6,2,2,0,0,0,0,0,0.0166666675,,19,0,19,0,,0,,0|0|1|0|0|0|0,0|0|1|0|0|0|0
1876,1876,6,1,1,255,255,0,0,0,0.0166666675,,19,0,19,0,3,0,,0|0|0.899999976|0|0|0|0,0|0|0.899999976|0|0|0|0
1876,1876,6,2,2,0,0,0,0,0,0.0166666675,,19,0,19,0,,0,,0|0|1|0|0|0|0,0|0|1|0|0|0|0
1877,1877,6,1,1,255,255,0,0,0,0.0166666675,,19,0,19,0,3,0,,0|0|0.899999976|0|0|0|0,0|0|0.899999976|0|0|0|0
1877,1877,6,2,2,0,0,0,0,0,0.0166666675,,19,0,19,0,,0,,0|0|1|0|0|0|0,0|0|1|0|0|0|0
1878,1878,6,1,1,255,255,0,0,0,0.0166666675,,19,0,19,0,3,0,,0|0|0.899999976|0|0|0|0,0|0|0.899999976|0|0|0|0
1878,1878,6,2,2,0,0,0,0,0,0.0166666675,,19,0,19,0,,0,,0|0|1|0|0|0|0,0|0|1|0|0|0|0
1879,1879,6,1,1,255,255,0,0,0,0.0166666675,,19,0,19,0,3,0,,0|0|0.899999976|0|0|0|0,0|0|0.899999976|0|0|0|0
1879,1879,6,2,2,0,0,0,0,0,0.0166666675,,19,0,19,0,,0,,0|0|1|0|0|0|0,0|0|1|0|0|0|0
1880,1880,6,1,1,255,255,0,0,0,0.0166666675,,19,0,19,0,3,0,,0|0|0.899999976|0|0|0|0,0|0|0.899999976|0|0|0|0
1880,1880,6,2,2,0,0,0,0,0,0.0166666675,,19,0,19,0,,0,,0|0|1|0|0|0|0,0|0|1|0|0|0|0
1881,1881,6,1,1,255,255,0,0,0,0.0166666675,,19,0,19,0,3,0,,0|0|0.899999976|0|0|0|0,0|0|0.899999976|0|0|0|0
1881,1881,6,2,2,0,0,0,0,0,0.0166666675,,19,0,19,0,,0,,0|0|1|0|0|0|0,0|0|1|0|0|0|0
1882,1882,6,1,1,255,255,0,0,0,0.0166666675,,19,0,19,0,3,0,,0|0|0.899999976|0|0|0|0,0|0|0.899999976|0|0|0|0
1882,1882,6,2,2,0,0,0,0,0,0.0166666675,,19,0,19,0,,0,,0|0|1|0|0|0|0,0|0|1|0|0|0|0
1883,1883,6,1,1,255,255,0,0,0,0.0166666675,,19,0,19,0,3,0,,0|0|0.899999976|0|0|0|0,0|0|0.899999976|0|0|0|0
1883,1883,6,2,2,0,0,0,0,0,0.0166666675,,19,0,19,0,,0,,0|0|1|0|0|0|0,0|0|1|0|0|0|0
1884,1884,6,1,1,255,255,0,0,0,0.0166666675,,19,0,19,0,3,0,,0|0|0.899999976|0|0|0|0,0|0|0.899999976|0|0|0|0
1884,1884,6,2,2,0,0,0,0,0,0.0166666675,,19,0,19,0,,0,,0|0|1|0|0|0|0,0|0|1|0|0|0|0
1885,1885,6,1,1,255,255,0,0,0,0.0166666675,,19,0,19,0,3,0,,0|0|0.899999976|0|0|0|0,0|0|0.899999976|0|0|0|0
1885,1885,6,2,2,0,0,0,0,0,0.0166666675,,19,0,19,0,,0,,0|0|1|0|0|0|0,0|0|1|0|0|0|0
1886,1886,6,1,1,255,255,0,0,0,0.0166666675,,19,0,19,0,3,0,,0|0|0.899999976|0|0|0|0,0|0|0.899999976|0|0|0|0
1886,1886,6,2,2,0,0,0,0,0,0.0166666675,,19,0,19,0,,0,,0|0|1|0|0|0|0,0|0|1|0|0|0|0
1887,1887,6,1,1,255,255,0,0,0,0.0166666675,,19,0,19,0,3,0,,0|0|0.899999976|0|0|0|0,0|0|0.899999976|0|0|0|0
1887,1887,6,2,2,0,0,0,0,0,0.0166666675,,19,0,19,0,,0,,0|0|1|0|0|0|0,0|0|1|0|0|0|0
1888,1888,6,1,1,255,255,0,0,0,0.0166666675,,19,0,19,0,3,0,,0|0|0.899999976|0|0|0|0,0|0|0.899999976|0|0|0|0
1888,1888,6,2,2,0,0,0,0,0,0.0166666675,,19,0,19,0,,0,,0|0|1|0|0|0|0,0|0|1|0|0|0|0
1889,1889,6,1,1,255,255,0,0,0,0.0166666675,,19,0,19,0,3,0,,0|0|0.899999976|0|0|0|0,0|0|0.899999976|0|0|0|0
1889,1889,6,2,2,0,0,0,0,0,0.0166666675,,19,0,19,0,,0,,0|0|1|0|0|0|0,0|0|1|0|0|0|0
1890,1890,6,1,1,255,255,0,0,0,0.0166666675,,19,0,19,0,3,0,,0|0|0.899999976|0|0|0|0,0|0|0.899999976|0|0|0|0
1890,1890,6,2,2,0,0,0,0,0,0.0166666675,,19,0,19,0,,0,,0|0|1|0|0|0|0,0|0|1|0|0|0|0
1891,1891,6,1,1,255,255,0,0,0,0.0166666675,,19,0,19,0,3,0,,0|0|0.899999976|0|0|0|0,0|0|0.899999976|0|0|0|0
1891,1891,6,2,2,0,0,0,0,0,0.0166666675,,19,0,19,0,,0,,0|0|1|0|0|0|0,0|0|1|0|0|0|0
1892,1892,6,1,1,255,255,0,0,0,0.0166666675,,19,0,19,0,3,0,,0|0|0.899999976|0|0|0|0,0|0|0.899999976|0|0|0|0
1892,1892,6,2,2,0,0,0,0,0,0.0166666675,,19,0,19,0,,0,,0|0|1|0|0|0|0,0|0|1|0|0|0|0
1893,1893,6,1,1,255,255,0,0,0,0.0166666675,,19,0,19,0,3,0,,0|0|0.899999976|0|0|0|0,0|0|0.899999976|0|0|0|0
1893,1893,6,2,2,0,0,0,0,0,0.0166666675,,19,0,19,0,,0,,0|0|1|0|0|0|0,0|0|1|0|0|0|0
1894,1894,6,1,1,255,255,0,0,0,0.0166666675,,19,0,19,0,3,0,,0|0|0.899999976|0|0|0|0,0|0|0.899999976|0|0|0|0
1894,1894,6,2,2,0,0,0,0,0,0.0166666675,,19,0,19,0,,0,,0|0|1|0|0|0|0,0|0|1|0|0|0|0
1895,1895,6,1,1,255,255,0,0,0,0.0166666675,,19,0,19,0,3,0,,0|0|0.899999976|0|0|0|0,0|0|0.899999976|0|0|0|0
1895,1895,6,2,2,0,0,0,0,0,0.0166666675,,19,0,19,0,,0,,0|0|1|0|0|0|0,0|0|1|0|0|0|0
1896,1896,6,1,1,255,255,0,0,0,0.0166666675,,19,0,19,0,3,0,,0|0|0.899999976|0|0|0|0,0|0|0.899999976|0|0|0|0
1896,1896,6,2,2,0,0,0,0,0,0.0166666675,,19,0,19,0,,0,,0|0|1|0|0|0|0,0|0|1|0|0|0|0
1897,1897,6,1,1,255,255,0,0,0,0.0166666675,,19,0,19,0,3,0,,0|0|0.899999976|0|0|0|0,0|0|0.899999976|0|0|0|0
1897,1897,6,2,2,0,0,0,0,0,0.0166666675,,19,0,19,0,,0,,0|0|1|0|0|0|0,0|0|1|0|0|0|0
1898,1898,6,1,1,255,255,0,0,0,0.0166666675,,19,0,19,0,3,0,,0|0|0.899999976|0|0|0|0,0|0|0.899999976|0|0|0|0
1898,1898,6,2,2,0,0,0,0,0,0.0166666675,,19,0,19,0,,0,,0|0|1|0|0|0|0,0|0|1|0|0|0|0
1899,1899,6,1,1,255,255,0,0,0,0.0166666675,,19,0,19,0,3,0,,0|0|0.899999976|0|0|0|0,0|0|0.899999976|0|0|0|0
1899,1899,6,2,2,0,0,0,0,0,0.0166666675,,19,0,19,0,,0,,0|0|1|0|0|0|0,0|0|1|0|0|0|0
1900,1900,6,1,1,255,255,0,0,0,0.0166666675,,19,0,19,0,3,0,,0|0|0.899999976|0|0|0|0,0|0|0.899999976|0|0|0|0
1900,1900,6,2,2,0,0,0,0,0,0.0166666675,,19,0,19,0,,0,,0|0|1|0|0|0|0,0|0|1|0|0|0|0
1901,1901,6,1,1,255,255,0,0,0,0.0166666675,,19,0,19,0,3,0,,0|0|0.899999976|0|0|0|0,0|0|0.899999976|0|0|0|0
1901,1901,6,2,2,0,0,0,0,0,0.0166666675,,19,0,19,0,,0,,0|0|1|0|0|0|0,0|0|1|0|0|0|0
1902,1902,6,1,1,255,255,0,0,0,0.0166666675,,19,0,19,0,3,0,,0|0|0.899999976|0|0|0|0,0|0|0.899999976|0|0|0|0
1902,1902,6,2,2,0,0,0,0,0,0.0166666675,,19,0,19,0,,0,,0|0|1|0|0|0|0,0|0|1|0|0|0|0
1903,1903,6,1,1,255,255,0,0,0,0.0166666675,,19,0,19,0,3,0,,0|0|0.899999976|0|0|0|0,0|0|0.899999976|0|0|0|0
1903,1903,6,2,2,0,0,0,0,0,0.0166666675,,19,0,19,0,,0,,0|0|1|0|0|0|0,0|0|1|0|0|0|0
1904,1904,6,1,1,255,255,0,0,0,0.0166666675,,19,0,19,0,3,0,,0|0|0.899999976|0|0|0|0,0|0|0.899999976|0|0|0|0
1904,1904,6,2,2,0,0,0,0,0,0.0166666675,,19,0,19,0,,0,,0|0|1|0|0|0|0,0|0|1|0|0|0|0
1905,1905,6,1,1,255,255,0,0,0,0.0166666675,,19,0,19,0,3,0,,0|0|0.899999976|0|0|0|0,0|0|0.899999976|0|0|0|0
1905,1905,6,2,2,0,0,0,0,0,0.0166666675,,19,0,19,0,,0,,0|0|1|0|0|0|0,0|0|1|0|0|0|0
1906,1906,6,1,1,255,255,0,0,0,0.0166666675,,19,0,19,0,3,0,,0|0|0.899999976|0|0|0|0,0|0|0.899999976|0|0|0|0
1906,1906,6,2,2,0,0,0,0,0,0.0166666675,,19,0,19,0,,0,,0|0|1|0|0|0|0,0|0|1|0|0|0|0
1907,1907,6,1,1,255,255,0,0,0,0.0166666675,,19,0,19,0,3,0,,0|0|0.899999976|0|0|0|0,0|0|0.899999976|0|0|0|0
1907,1907,6,2,2,0,0,0,0,0,0.0166666675,,19,0,19,0,,0,,0|0|1|0|0|0|0,0|0|1|0|0|0|0
1908,1908,6,1,1,255,255,0,0,0,0.0166666675,,19,0,19,0,3,0,,0|0|0.899999976|0|0|0|0,0|0|0.899999976|0|0|0|0
1908,1908,6,2,2,0,0,0,0,0,0.0166666675,,19,0,19,0,,0,,0|0|1|0|0|0|0,0|0|1|0|0|0|0
1909,1909,6,1,1,255,255,0,0,0,0.0166666675,,19,0,19,0,3,0,,0|0|0.899999976|0|0|0|0,0|0|0.899999976|0|0|0|0
1909,1909,6,2,2,0,0,0,0,0,0.0166666675,,19,0,19,0,,0,,0|0|1|0|0|0|0,0|0|1|0|0|0|0
1910,1910,6,1,1,255,255,0,0,0,0.0166666675,,19,0,19,0,3,0,,0|0|0.899999976|0|0|0|0,0|0|0.899999976|0|0|0|0
1910,1910,6,2,2,0,0,0,0,0,0.0166666675,,19,0,19,0,,0,,0|0|1|0|0|0|0,0|0|1|0|0|0|0
1911,1911,6,1,1,255,255,0,0,0,0.0166666675,,19,0,19,0,3,0,,0|0|0.899999976|0|0|0|0,0|0|0.899999976|0|0|0|0
1911,1911,6,2,2,0,0,0,0,0,0.0166666675,,19,0,19,0,,0,,0|0|1|0|0|0|0,0|0|1|0|0|0|0
1912,1912,6,1,1,255,255,0,0,0,0.0166666675,,19,0,19,0,3,0,,0|0|0.899999976|0|0|0|0,0|0|0.899999976|0|0|0|0
1912,1912,6,2,2,0,0,0,0,0,0.0166666675,,19,0,19,0,,0,,0|0|1|0|0|0|0,0|0|1|0|0|0|0
1913,1913,6,1,1,255,255,0,0,0,0.0166666675,,19,0,19,0,3,0,,0|0|0.899999976|0|0|0|0,0|0|0.899999976|0|0|0|0
1913,1913,6,2,2,0,0,0,0,0,0.0166666675,,19,0,19,0,,0,,0|0|1|0|0|0|0,0|0|1|0|0|0|0
1914,1914,6,1,1,255,255,0,0,0,0.0166666675,,19,0,19,0,3,0,,0|0|0.899999976|0|0|0|0,0|0|0.899999976|0|0|0|0
1914,1914,6,2,2,0,0,0,0,0,0.0166666675,,19,0,19,0,,0,,0|0|1|0|0|0|0,0|0|1|0|0|0|0
1915,1915,6,1,1,255,255,0,0,0,0.0166666675,,19,0,19,0,3,0,,0|0|0.899999976|0|0|0|0,0|0|0.899999976|0|0|0|0
1915,1915,6,2,2,0,0,0,0,0,0.0166666675,,19,0,19,0,,0,,0|0|1|0|0|0|0,0|0|1|0|0|0|0
1916,1916,6,1,1,255,255,0,0,0,0.0166666675,,19,0,19,0,3,0,,0|0|0.899999976|0|0|0|0,0|0|0.899999976|0|0|0|0
1916,1916,6,2,2,0,0,0,0,0,0.0166666675,,19,0,19,0,,0,,0|0|1|0|0|0|0,0|0|1|0|0|0|0
1917,1917,6,1,1,255,255,0,0,0,0.0166666675,,19,0,19,0,3,0,,0|0|0.899999976|0|0|0|0,0|0|0.899999976|0|0|0|0
1917,1917,6,2,2,0,0,0,0,0,0.0166666675,,19,0,19,0,,0,,0|0|1|0|0|0|0,0|0|1|0|0|0|0
1918,1918,6,1,1,255,255,0,0,0,0.0166666675,,19,0,19,0,3,0,,0|0|0.899999976|0|0|0|0,0|0|0.899999976|0|0|0|0
1918,1918,6,2,2,0,0,0,0,0,0.0166666675,,19,0,19,0,,0,,0|0|1|0|0|0|0,0|0|1|0|0|0|0
1919,1919,6,1,1,255,255,0,0,0,0.0166666675,,19,0,19,0,3,0,,0|0|0.899999976|0|0|0|0,0|0|0.899999976|0|0|0|0
1919,1919,6,2,2,0,0,0,0,0,0.0166666675,,19,0,19,0,,0,,0|0|1|0|0|0|0,0|0|1|0|0|0|0
1920,1920,6,1,1,255,255,0,0,0,0.0166666675,,19,0,19,0,3,0,,0|0|0.899999976|0|0|0|0,0|0|0.899999976|0|0|0|0
1920,1920,6,2,2,0,0,0,0,0,0.0166666675,,19,0,19,0,,0,,0|0|1|0|0|0|0,0|0|1|0|0|0|0
1921,1921,6,1,1,255,255,0,0,0,0.0166666675,,19,0,19,0,3,0,,0|0|0.899999976|0|0|0|0,0|0|0.899999976|0|0|0|0
1921,1921,6,2,2,0,0,0,0,0,0.0166666675,,19,0,19,0,,0,,0|0|1|0|0|0|0,0|0|1|0|0|0|0
1922,1922,6,1,1,255,255,0,0,0,0.0166666675,,19,0,19,0,3,0,,0|0|0.899999976|0|0|0|0,0|0|0.899999976|0|0|0|0
1922,1922,6,2,2,0,0,0,0,0,0.0166666675,,19,0,19,0,,0,,0|0|1|0|0|0|0,0|0|1|0|0|0|0
1923,1923,6,1,1,255,255,0,0,0,0.0166666675,,19,0,19,0,3,0,,0|0|0.899999976|0|0|0|0,0|0|0.899999976|0|0|0|0
1923,1923,6,2,2,0,0,0,0,0,0.0166666675,,19,0,19,0,,0,,0|0|1|0|0|0|0,0|0|1|0|0|0|0
1924,1924,6,1,1,255,255,0,0,0,0.0166666675,,19,0,19,0,3,0,,0|0|0.899999976|0|0|0|0,0|0|0.899999976|0|0|0|0
1924,1924,6,2,2,0,0,0,0,0,0.0166666675,,19,0,19,0,,0,,0|0|1|0|0|0|0,0|0|1|0|0|0|0
1925,1925,6,1,1,255,255,0,0,0,0.0166666675,,19,0,19,0,3,0,,0|0|0.899999976|0|0|0|0,0|0|0.899999976|0|0|0|0
1925,1925,6,2,2,0,0,0,0,0,0.0166666675,,19,0,19,0,,0,,0|0|1|0|0|0|0,0|0|1|0|0|0|0
1926,1926,6,1,1,255,255,0,0,0,0.0166666675,,19,0,19,0,3,0,,0|0|0.899999976|0|0|0|0,0|0|0.899999976|0|0|0|0
1926,1926,6,2,2,0,0,0,0,0,0.0166666675,,19,0,19,0,,0,,0|0|1|0|0|0|0,0|0|1|0|0|0|0
1927,1927,6,1,1,255,255,0,0,0,0.0166666675,,19,0,19,0,3,0,,0|0|0.899999976|0|0|0|0,0|0|0.899999976|0|0|0|0
1927,1927,6,2,2,0,0,0,0,0,0.0166666675,,19,0,19,0,,0,,0|0|1|0|0|0|0,0|0|1|0|0|0|0
1928,1928,6,1,1,255,255,0,0,0,0.0166666675,,19,0,19,0,3,0,,0|0|0.899999976|0|0|0|0,0|0|0.899999976|0|0|0|0
1928,1928,6,2,2,0,0,0,0,0,0.0166666675,,19,0,19,0,,0,,0|0|1|0|0|0|0,0|0|1|0|0|0|0
1929,1929,6,1,1,255,255,0,0,0,0.0166666675,,19,0,19,0,3,0,,0|0|0.899999976|0|0|0|0,0|0|0.899999976|0|0|0|0
1929,1929,6,2,2,0,0,0,0,0,0.0166666675,,19,0,19,0,,0,,0|0|1|0|0|0|0,0|0|1|0|0|0|0
1930,1930,6,1,1,255,255,0,0,0,0.0166666675,,19,0,19,0,3,0,,0|0|0.899999976|0|0|0|0,0|0|0.899999976|0|0|0|0
1930,1930,6,2,2,0,0,0,0,0,0.0166666675,,19,0,19,0,,0,,0|0|1|0|0|0|0,0|0|1|0|0|0|0
1931,1931,6,1,1,255,255,0,0,0,0.0166666675,,19,0,19,0,3,0,,0|0|0.899999976|0|0|0|0,0|0|0.899999976|0|0|0|0
1931,1931,6,2,2,0,0,0,0,0,0.0166666675,,19,0,19,0,,0,,0|0|1|0|0|0|0,0|0|1|0|0|0|0
1932,1932,6,1,1,255,255,0,0,0,0.0166666675,,19,0,19,0,3,0,,0|0|0.899999976|0|0|0|0,0|0|0.899999976|0|0|0|0
1932,1932,6,2,2,0,0,0,0,0,0.0166666675,,19,0,19,0,,0,,0|0|1|0|0|0|0,0|0|1|0|0|0|0
1933,1933,6,1,1,255,255,0,0,0,0.0166666675,,19,0,19,0,3,0,,0|0|0.899999976|0|0|0|0,0|0|0.899999976|0|0|0|0
1933,1933,6,2,2,0,0,0,0,0,0.0166666675,,19,0,19,0,,0,,0|0|1|0|0|0|0,0|0|1|0|0|0|0
1934,1934,6,1,1,255,255,0,0,0,0.0166666675,,19,0,19,0,3,0,,0|0|0.899999976|0|0|0|0,0|0|0.899999976|0|0|0|0
1934,1934,6,2,2,0,0,0,0,0,0.0166666675,,19,0,19,0,,0,,0|0|1|0|0|0|0,0|0|1|0|0|0|0
1935,1935,6,1,1,255,255,0,0,0,0.0166666675,,19,0,19,0,3,0,,0|0|0.899999976|0|0|0|0,0|0|0.899999976|0|0|0|0
1935,1935,6,2,2,0,0,0,0,0,0.0166666675,,19,0,19,0,,0,,0|0|1|0|0|0|0,0|0|1|0|0|0|0
1936,1936,6,1,1,255,255,0,0,0,0.0166666675,,19,0,19,0,3,0,,0|0|0.899999976|0|0|0|0,0|0|0.899999976|0|0|0|0
1936,1936,6,2,2,0,0,0,0,0,0.0166666675,,19,0,19,0,,0,,0|0|1|0|0|0|0,0|0|1|0|0|0|0
1937,1937,6,1,1,255,255,0,0,0,0.0166666675,,19,0,19,0,3,0,,0|0|0.899999976|0|0|0|0,0|0|0.899999976|0|0|0|0
1937,1937,6,2,2,0,0,0,0,0,0.0166666675,,19,0,19,0,,0,,0|0|1|0|0|0|0,0|0|1|0|0|0|0
1938,1938,6,1,1,255,255,0,0,0,0.0166666675,,19,0,19,0,3,0,,0|0|0.899999976|0|0|0|0,0|0|0.899999976|0|0|0|0
1938,1938,6,2,2,0,0,0,0,0,0.0166666675,,19,0,19,0,,0,,0|0|1|0|0|0|0,0|0|1|0|0|0|0
1939,1939,6,1,1,255,255,0,0,0,0.0166666675,,19,0,19,0,3,0,,0|0|0.899999976|0|0|0|0,0|0|0.899999976|0|0|0|0
1939,1939,6,2,2,0,0,0,0,0,0.0166666675,,19,0,19,0,,0,,0|0|1|0|0|0|0,0|0|1|0|0|0|0
1940,1940,6,1,1,255,255,0,0,0,0.0166666675,,19,0,19,0,3,0,,0|0|0.899999976|0|0|0|0,0|0|0.899999976|0|0|0|0
1940,1940,6,2,2,0,0,0,0,0,0.0166666675,,19,0,19,0,,0,,0|0|1|0|0|0|0,0|0|1|0|0|0|0
1941,1941,6,1,1,255,255,0,0,0,0.0166666675,,19,0,19,0,3,0,,0|0|0.899999976|0|0|0|0,0|0|0.899999976|0|0|0|0
1941,1941,6,2,2,0,0,0,0,0,0.0166666675,,19,0,19,0,,0,,0|0|1|0|0|0|0,0|0|1|0|0|0|0
1942,1942,6,1,1,255,255,0,0,0,0.0166666675,,19,0,19,0,3,0,,0|0|0.899999976|0|0|0|0,0|0|0.899999976|0|0|0|0
1942,1942,6,2,2,0,0,0,0,0,0.0166666675,,19,0,19,0,,0,,0|0|1|0|0|0|0,0|0|1|0|0|0|0
1943,1943,6,1,1,255,255,0,0,0,0.0166666675,,19,0,19,0,3,0,,0|0|0.899999976|0|0|0|0,0|0|0.899999976|0|0|0|0
1943,1943,6,2,2,0,0,0,0,0,0.0166666675,,19,0,19,0,,0,,0|0|1|0|0|0|0,0|0|1|0|0|0|0
1944,1944,6,1,1,255,255,0,0,0,0.0166666675,,19,0,19,0,3,0,,0|0|0.899999976|0|0|0|0,0|0|0.899999976|0|0|0|0
1944,1944,6,2,2,0,0,0,0,0,0.0166666675,,19,0,19,0,,0,,0|0|1|0|0|0|0,0|0|1|0|0|0|0
1945,1945,6,1,1,255,255,0,0,0,0.0166666675,,19,0,19,0,3,0,,0|0|0.899999976|0|0|0|0,0|0|0.899999976|0|0|0|0
1945,1945,6,2,2,0,0,0,0,0,0.0166666675,,19,0,19,0,,0,,0|0|1|0|0|0|0,0|0|1|0|0|0|0
1946,1946,6,1,1,255,255,0,0,0,0.0166666675,,19,0,19,0,3,0,,0|0|0.899999976|0|0|0|0,0|0|0.899999976|0|0|0|0
1946,1946,6,2,2,0,0,0,0,0,0.0166666675,,19,0,19,0,,0,,0|0|1|0|0|0|0,0|0|1|0|0|0|0
1947,1947,6,1,1,255,255,0,0,0,0.0166666675,,19,0,19,0,3,0,,0|0|0.899999976|0|0|0|0,0|0|0.899999976|0|0|0|0
1947,1947,6,2,2,0,0,0,0,0,0.0166666675,,19,0,19,0,,0,,0|0|1|0|0|0|0,0|0|1|0|0|0|0
1948,1948,6,1,1,255,255,0,0,0,0.0166666675,,19,0,19,0,3,0,,0|0|0.899999976|0|0|0|0,0|0|0.899999976|0|0|0|0
1948,1948,6,2,2,0,0,0,0,0,0.0166666675,,19,0,19,0,,0,,0|0|1|0|0|0|0,0|0|1|0|0|0|0
1949,1949,6,1,1,255,255,0,0,0,0.0166666675,,19,0,19,0,3,0,,0|0|0.899999976|0|0|0|0,0|0|0.899999976|0|0|0|0
1949,1949,6,2,2,0,0,0,0,0,0.0166666675,,19,0,19,0,,0,,0|0|1|0|0|0|0,0|0|1|0|0|0|0
1950,1950,6,1,1,255,255,0,0,0,0.0166666675,,19,0,19,0,3,0,,0|0|0.899999976|0|0|0|0,0|0|0.899999976|0|0|0|0
1950,1950,6,2,2,0,0,0,0,0,0.0166666675,,19,0,19,0,,0,,0|0|1|0|0|0|0,0|0|1|0|0|0|0
1951,1951,6,1,1,255,255,0,0,0,0.0166666675,,19,0,19,0,3,0,,0|0|0.899999976|0|0|0|0,0|0|0.899999976|0|0|0|0
1951,1951,6,2,2,0,0,0,0,0,0.0166666675,,19,0,19,0,,0,,0|0|1|0|0|0|0,0|0|1|0|0|0|0
1952,1952,6,1,1,255,255,0,0,0,0.0166666675,,19,0,19,0,3,0,,0|0|0.899999976|0|0|0|0,0|0|0.899999976|0|0|0|0
1952,1952,6,2,2,0,0,0,0,0,0.0166666675,,19,0,19,0,,0,,0|0|1|0|0|0|0,0|0|1|0|0|0|0
1953,1953,6,1,1,255,255,0,0,0,0.0166666675,,19,0,19,0,3,0,,0|0|0.899999976|0|0|0|0,0|0|0.899999976|0|0|0|0
1953,1953,6,2,2,0,0,0,0,0,0.0166666675,,19,0,19,0,,0,,0|0|1|0|0|0|0,0|0|1|0|0|0|0
1954,1954,6,1,1,255,255,0,0,0,0.0166666675,,19,0,19,0,3,0,,0|0|0.899999976|0|0|0|0,0|0|0.899999976|0|0|0|0
1954,1954,6,2,2,0,0,0,0,0,0.0166666675,,19,0,19,0,,0,,0|0|1|0|0|0|0,0|0|1|0|0|0|0
1955,1955,6,1,1,255,255,0,0,0,0.0166666675,,19,0,19,0,3,0,,0|0|0.899999976|0|0|0|0,0|0|0.899999976|0|0|0|0
1955,1955,6,2,2,0,0,0,0,0,0.0166666675,,19,0,19,0,,0,,0|0|1|0|0|0|0,0|0|1|0|0|0|0
1956,1956,6,1,1,255,255,0,0,0,0.0166666675,,19,0,19,0,3,0,,0|0|0.899999976|0|0|0|0,0|0|0.899999976|0|0|0|0
1956,1956,6,2,2,0,0,0,0,0,0.0166666675,,19,0,19,0,,0,,0|0|1|0|0|0|0,0|0|1|0|0|0|0
1957,1957,6,1,1,255,255,0,0,0,0.0166666675,,19,0,19,0,3,0,,0|0|0.899999976|0|0|0|0,0|0|0.899999976|0|0|0|0
1957,1957,6,2,2,0,0,0,0,0,0.0166666675,,19,0,19,0,,0,,0|0|1|0|0|0|0,0|0|1|0|0|0|0
1958,1958,6,1,1,255,255,0,0,0,0.0166666675,,19,0,19,0,3,0,,0|0|0.899999976|0|0|0|0,0|0|0.899999976|0|0|0|0
1958,1958,6,2,2,0,0,0,0,0,0.0166666675,,19,0,19,0,,0,,0|0|1|0|0|0|0,0|0|1|0|0|0|0
1959,1959,6,1,1,255,255,0,0,0,0.0166666675,,19,0,19,0,3,0,,0|0|0.899999976|0|0|0|0,0|0|0.899999976|0|0|0|0
1959,1959,6,2,2,0,0,0,0,0,0.0166666675,,19,0,19,0,,0,,0|0|1|0|0|0|0,0|0|1|0|0|0|0
1960,1960,6,1,1,255,255,0,0,0,0.0166666675,,19,0,19,0,3,0,,0|0|0.899999976|0|0|0|0,0|0|0.899999976|0|0|0|0
1960,1960,6,2,2,0,0,0,0,0,0.0166666675,,19,0,19,0,,0,,0|0|1|0|0|0|0,0|0|1|0|0|0|0
1961,1961,6,1,1,255,255,0,0,0,0.0166666675,,19,0,19,0,3,0,,0|0|0.899999976|0|0|0|0,0|0|0.899999976|0|0|0|0
1961,1961,6,2,2,0,0,0,0,0,0.0166666675,,19,0,19,0,,0,,0|0|1|0|0|0|0,0|0|1|0|0|0|0
1962,1962,6,1,1,255,255,0,0,0,0.0166666675,,19,0,19,0,3,0,,0|0|0.899999976|0|0|0|0,0|0|0.899999976|0|0|0|0
1962,1962,6,2,2,0,0,0,0,0,0.0166666675,,19,0,19,0,,0,,0|0|1|0|0|0|0,0|0|1|0|0|0|0
1963,1963,6,1,1,255,255,0,0,0,0.0166666675,,19,0,19,0,3,0,,0|0|0.899999976|0|0|0|0,0|0|0.899999976|0|0|0|0
1963,1963,6,2,2,0,0,0,0,0,0.0166666675,,19,0,19,0,,0,,0|0|1|0|0|0|0,0|0|1|0|0|0|0
1964,1964,6,1,1,255,255,0,0,0,0.0166666675,,19,0,19,0,3,0,,0|0|0.899999976|0|0|0|0,0|0|0.899999976|0|0|0|0
1964,1964,6,2,2,0,0,0,0,0,0.0166666675,,19,0,19,0,,0,,0|0|1|0|0|0|0,0|0|1|0|0|0|0
1965,1965,6,1,1,255,255,0,0,0,0.0166666675,,19,0,19,0,3,0,,0|0|0.899999976|0|0|0|0,0|0|0.899999976|0|0|0|0
1965,1965,6,2,2,0,0,0,0,0,0.0166666675,,19,0,19,0,,0,,0|0|1|0|0|0|0,0|0|1|0|0|0|0
1966,1966,6,1,1,255,255,0,0,0,0.0166666675,,19,0,19,0,3,0,,0|0|0.899999976|0|0|0|0,0|0|0.899999976|0|0|0|0
1966,1966,6,2,2,0,0,0,0,0,0.0166666675,,19,0,19,0,,0,,0|0|1|0|0|0|0,0|0|1|0|0|0|0
1967,1967,6,1,1,255,255,0,0,0,0.0166666675,,19,0,19,0,3,0,,0|0|0.899999976|0|0|0|0,0|0|0.899999976|0|0|0|0
1967,1967,6,2,2,0,0,0,0,0,0.0166666675,,19,0,19,0,,0,,0|0|1|0|0|0|0,0|0|1|0|0|0|0
1968,1968,6,1,1,255,255,0,0,0,0.0166666675,,19,0,19,0,3,0,,0|0|0.899999976|0|0|0|0,0|0|0.899999976|0|0|0|0
1968,1968,6,2,2,0,0,0,0,0,0.0166666675,,19,0,19,0,,0,,0|0|1|0|0|0|0,0|0|1|0|0|0|0
1969,1969,6,1,1,255,255,0,0,0,0.0166666675,,19,0,19,0,3,0,,0|0|0.899999976|0|0|0|0,0|0|0.899999976|0|0|0|0
1969,1969,6,2,2,0,0,0,0,0,0.0166666675,,19,0,19,0,,0,,0|0|1|0|0|0|0,0|0|1|0|0|0|0
1970,1970,6,1,1,255,255,0,0,0,0.0166666675,,19,0,19,0,3,0,,0|0|0.899999976|0|0|0|0,0|0|0.899999976|0|0|0|0
1970,1970,6,2,2,0,0,0,0,0,0.0166666675,,19,0,19,0,,0,,0|0|1|0|0|0|0,0|0|1|0|0|0|0
1971,1971,6,1,1,255,255,0,0,0,0.0166666675,,19,0,19,0,3,0,,0|0|0.899999976|0|0|0|0,0|0|0.899999976|0|0|0|0
1971,1971,6,2,2,0,0,0,0,0,0.0166666675,,19,0,19,0,,0,,0|0|1|0|0|0|0,0|0|1|0|0|0|0
1972,1972,6,1,1,255,255,0,0,0,0.0166666675,,19,0,19,0,3,0,,0|0|0.899999976|0|0|0|0,0|0|0.899999976|0|0|0|0
1972,1972,6,2,2,0,0,0,0,0,0.0166666675,,19,0,19,0,,0,,0|0|1|0|0|0|0,0|0|1|0|0|0|0
1973,1973,6,1,1,255,255,0,0,0,0.0166666675,,19,0,19,0,3,0,,0|0|0.899999976|0|0|0|0,0|0|0.899999976|0|0|0|0
1973,1973,6,2,2,0,0,0,0,0,0.0166666675,,19,0,19,0,,0,,0|0|1|0|0|0|0,0|0|1|0|0|0|0
1974,1974,6,1,1,255,255,0,0,0,0.0166666675,,19,0,19,0,3,0,,0|0|0.899999976|0|0|0|0,0|0|0.899999976|0|0|0|0
1974,1974,6,2,2,0,0,0,0,0,0.0166666675,,19,0,19,0,,0,,0|0|1|0|0|0|0,0|0|1|0|0|0|0
1975,1975,6,1,1,255,255,0,0,0,0.0166666675,,19,0,19,0,3,0,,0|0|0.899999976|0|0|0|0,0|0|0.899999976|0|0|0|0
1975,1975,6,2,2,0,0,0,0,0,0.0166666675,,19,0,19,0,,0,,0|0|1|0|0|0|0,0|0|1|0|0|0|0
1976,1976,6,1,1,255,255,0,0,0,0.0166666675,,19,0,19,0,3,0,,0|0|0.899999976|0|0|0|0,0|0|0.899999976|0|0|0|0
1976,1976,6,2,2,0,0,0,0,0,0.0166666675,,19,0,19,0,,0,,0|0|1|0|0|0|0,0|0|1|0|0|0|0
1977,1977,6,1,1,255,255,0,0,0,0.0166666675,,19,0,19,0,3,0,,0|0|0.899999976|0|0|0|0,0|0|0.899999976|0|0|0|0
1977,1977,6,2,2,0,0,0,0,0,0.0166666675,,19,0,19,0,,0,,0|0|1|0|0|0|0,0|0|1|0|0|0|0
1978,1978,6,1,1,255,255,0,0,0,0.0166666675,,19,0,19,0,3,0,,0|0|0.899999976|0|0|0|0,0|0|0.899999976|0|0|0|0
1978,1978,6,2,2,0,0,0,0,0,0.0166666675,,19,0,19,0,,0,,0|0|1|0|0|0|0,0|0|1|0|0|0|0
1979,1979,6,1,1,255,255,0,0,0,0.0166666675,,19,0,19,0,3,0,,0|0|0.899999976|0|0|0|0,0|0|0.899999976|0|0|0|0
1979,1979,6,2,2,0,0,0,0,0,0.0166666675,,19,0,19,0,,0,,0|0|1|0|0|0|0,0|0|1|0|0|0|0
1980,1980,6,1,1,255,255,0,0,0,0.0166666675,,19,0,19,0,3,0,,0|0|0.899999976|0|0|0|0,0|0|0.899999976|0|0|0|0
1980,1980,6,2,2,0,0,0,0,0,0.0166666675,,19,0,19,0,,0,,0|0|1|0|0|0|0,0|0|1|0|0|0|0
1981,1981,6,1,1,255,255,0,0,0,0.0166666675,,19,0,19,0,3,0,,0|0|0.899999976|0|0|0|0,0|0|0.899999976|0|0|0|0
1981,1981,6,2,2,0,0,0,0,0,0.0166666675,,19,0,19,0,,0,,0|0|1|0|0|0|0,0|0|1|0|0|0|0
1982,1982,6,1,1,255,255,0,0,0,0.0166666675,,19,0,19,0,3,0,,0|0|0.899999976|0|0|0|0,0|0|0.899999976|0|0|0|0
1982,1982,6,2,2,0,0,0,0,0,0.0166666675,,19,0,19,0,,0,,0|0|1|0|0|0|0,0|0|1|0|0|0|0
1983,1983,6,1,1,255,255,0,0,0,0.0166666675,,19,0,19,0,3,0,,0|0|0.899999976|0|0|0|0,0|0|0.899999976|0|0|0|0
1983,1983,6,2,2,0,0,0,0,0,0.0166666675,,19,0,19,0,,0,,0|0|1|0|0|0|0,0|0|1|0|0|0|0
1984,1984,6,1,1,255,255,0,0,0,0.0166666675,,19,0,19,0,3,0,,0|0|0.899999976|0|0|0|0,0|0|0.899999976|0|0|0|0
1984,1984,6,2,2,0,0,0,0,0,0.0166666675,,19,0,19,0,,0,,0|0|1|0|0|0|0,0|0|1|0|0|0|0
1985,1985,6,1,1,255,255,0,0,0,0.0166666675,,19,0,19,0,3,0,,0|0|0.899999976|0|0|0|0,0|0|0.899999976|0|0|0|0
1985,1985,6,2,2,0,0,0,0,0,0.0166666675,,19,0,19,0,,0,,0|0|1|0|0|0|0,0|0|1|0|0|0|0
1986,1986,6,1,1,255,255,0,0,0,0.0166666675,,19,0,19,0,3,0,,0|0|0.899999976|0|0|0|0,0|0|0.899999976|0|0|0|0
1986,1986,6,2,2,0,0,0,0,0,0.0166666675,,19,0,19,0,,0,,0|0|1|0|0|0|0,0|0|1|0|0|0|0
1987,1987,6,1,1,255,255,0,0,0,0.0166666675,,19,0,19,0,3,0,,0|0|0.899999976|0|0|0|0,0|0|0.899999976|0|0|0|0
1987,1987,6,2,2,0,0,0,0,0,0.0166666675,,19,0,19,0,,0,,0|0|1|0|0|0|0,0|0|1|0|0|0|0
1988,1988,6,1,1,255,255,0,0,0,0.0166666675,,19,0,19,0,3,0,,0|0|0.899999976|0|0|0|0,0|0|0.899999976|0|0|0|0
1988,1988,6,2,2,0,0,0,0,0,0.0166666675,,19,0,19,0,,0,,0|0|1|0|0|0|0,0|0|1|0|0|0|0
1989,1989,6,1,1,255,255,0,0,0,0.0166666675,,19,0,19,0,3,0,,0|0|0.899999976|0|0|0|0,0|0|0.899999976|0|0|0|0
1989,1989,6,2,2,0,0,0,0,0,0.0166666675,,19,0,19,0,,0,,0|0|1|0|0|0|0,0|0|1|0|0|0|0
1990,1990,6,1,1,255,255,0,0,0,0.0166666675,,19,0,19,0,3,0,,0|0|0.899999976|0|0|0|0,0|0|0.899999976|0|0|0|0
1990,1990,6,2,2,0,0,0,0,0,0.0166666675,,19,0,19,0,,0,,0|0|1|0|0|0|0,0|0|1|0|0|0|0
1991,1991,6,1,1,255,255,0,0,0,0.0166666675,,19,0,19,0,3,0,,0|0|0.899999976|0|0|0|0,0|0|0.899999976|0|0|0|0
1991,1991,6,2,2,0,0,0,0,0,0.0166666675,,19,0,19,0,,0,,0|0|1|0|0|0|0,0|0|1|0|0|0|0
1992,1992,6,1,1,255,255,0,0,0,0.0166666675,,19,0,19,0,3,0,,0|0|0.899999976|0|0|0|0,0|0|0.899999976|0|0|0|0
1992,1992,6,2,2,0,0,0,0,0,0.0166666675,,19,0,19,0,,0,,0|0|1|0|0|0|0,0|0|1|0|0|0|0
1993,1993,6,1,1,255,255,0,0,0,0.0166666675,,19,0,19,0,3,0,,0|0|0.899999976|0|0|0|0,0|0|0.899999976|0|0|0|0
1993,1993,6,2,2,0,0,0,0,0,0.0166666675,,19,0,19,0,,0,,0|0|1|0|0|0|0,0|0|1|0|0|0|0
1994,1994,6,1,1,255,255,0,0,0,0.0166666675,,19,0,19,0,3,0,,0|0|0.899999976|0|0|0|0,0|0|0.899999976|0|0|0|0
1994,1994,6,2,2,0,0,0,0,0,0.0166666675,,19,0,19,0,,0,,0|0|1|0|0|0|0,0|0|1|0|0|0|0
1995,1995,6,1,1,255,255,0,0,0,0.0166666675,,19,0,19,0,3,0,,0|0|0.899999976|0|0|0|0,0|0|0.899999976|0|0|0|0
1995,1995,6,2,2,0,0,0,0,0,0.0166666675,,19,0,19,0,,0,,0|0|1|0|0|0|0,0|0|1|0|0|0|0
1996,1996,6,1,1,255,255,0,0,0,0.0166666675,,19,0,19,0,3,0,,0|0|0.899999976|0|0|0|0,0|0|0.899999976|0|0|0|0
1996,1996,6,2,2,0,0,0,0,0,0.0166666675,,19,0,19,0,,0,,0|0|1|0|0|0|0,0|0|1|0|0|0|0
1997,1997,6,1,1,255,255,0,0,0,0.0166666675,,19,0,19,0,3,0,,0|0|0.899999976|0|0|0|0,0|0|0.899999976|0|0|0|0
1997,1997,6,2,2,0,0,0,0,0,0.0166666675,,19,0,19,0,,0,,0|0|1|0|0|0|0,0|0|1|0|0|0|0
1998,1998,6,1,1,255,255,0,0,0,0.0166666675,,19,0,19,0,3,0,,0|0|0.899999976|0|0|0|0,0|0|0.899999976|0|0|0|0
1998,1998,6,2,2,0,0,0,0,0,0.0166666675,,19,0,19,0,,0,,0|0|1|0|0|0|0,0|0|1|0|0|0|0
1999,1999,6,1,1,255,255,0,0,0,0.0166666675,,19,0,19,0,3,0,,0|0|0.899999976|0|0|0|0,0|0|0.899999976|0|0|0|0
1999,1999,6,2,2,0,0,0,0,0,0.0166666675,,19,0,19,0,,0,,0|0|1|0|0|0|0,0|0|1|0|0|0|0
2000,2000,6,1,1,255,255,0,0,0,0.0166666675,,19,0,19,0,3,0,,0|0|0.899999976|0|0|0|0,0|0|0.899999976|0|0|0|0
2000,2000,6,2,2,0,0,0,0,0,0.0166666675,,19,0,19,0,,0,,0|0|1|0|0|0|0,0|0|1|0|0|0|0
2001,2001,6,1,1,255,255,0,0,0,0.0166666675,,19,0,19,0,3,0,,0|0|0.899999976|0|0|0|0,0|0|0.899999976|0|0|0|0
2001,2001,6,2,2,0,0,0,0,0,0.0166666675,,19,0,19,0,,0,,0|0|1|0|0|0|0,0|0|1|0|0|0|0
2002,2002,6,1,1,255,255,0,0,0,0.0166666675,,19,0,19,0,3,0,,0|0|0.899999976|0|0|0|0,0|0|0.899999976|0|0|0|0
2002,2002,6,2,2,0,0,0,0,0,0.0166666675,,19,0,19,0,,0,,0|0|1|0|0|0|0,0|0|1|0|0|0|0
2003,2003,6,1,1,255,255,0,0,0,0.0166666675,,19,0,19,0,3,0,,0|0|0.899999976|0|0|0|0,0|0|0.899999976|0|0|0|0
2003,2003,6,2,2,0,0,0,0,0,0.0166666675,,19,0,19,0,,0,,0|0|1|0|0|0|0,0|0|1|0|0|0|0
2004,2004,6,1,1,255,255,0,0,0,0.0166666675,,19,0,19,0,3,0,,0|0|0.899999976|0|0|0|0,0|0|0.899999976|0|0|0|0
2004,2004,6,2,2,0,0,0,0,0,0.0166666675,,19,0,19,0,,0,,0|0|1|0|0|0|0,0|0|1|0|0|0|0
2005,2005,6,1,1,255,255,0,0,0,0.0166666675,,19,0,19,0,3,0,,0|0|0.899999976|0|0|0|0,0|0|0.899999976|0|0|0|0
2005,2005,6,2,2,0,0,0,0,0,0.0166666675,,19,0,19,0,,0,,0|0|1|0|0|0|0,0|0|1|0|0|0|0
2006,2006,6,1,1,255,255,0,0,0,0.0166666675,,19,0,19,0,3,0,,0|0|0.899999976|0|0|0|0,0|0|0.899999976|0|0|0|0
2006,2006,6,2,2,0,0,0,0,0,0.0166666675,,19,0,19,0,,0,,0|0|1|0|0|0|0,0|0|1|0|0|0|0
2007,2007,6,1,1,255,255,0,0,0,0.0166666675,,19,0,19,0,3,0,,0|0|0.899999976|0|0|0|0,0|0|0.899999976|0|0|0|0
2007,2007,6,2,2,0,0,0,0,0,0.0166666675,,19,0,19,0,,0,,0|0|1|0|0|0|0,0|0|1|0|0|0|0
2008,2008,6,1,1,255,255,0,0,0,0.0166666675,,19,0,19,0,3,0,,0|0|0.899999976|0|0|0|0,0|0|0.899999976|0|0|0|0
2008,2008,6,2,2,0,0,0,0,0,0.0166666675,,19,0,19,0,,0,,0|0|1|0|0|0|0,0|0|1|0|0|0|0
2009,2009,6,1,1,255,255,0,0,0,0.0166666675,,19,0,19,0,3,0,,0|0|0.899999976|0|0|0|0,0|0|0.899999976|0|0|0|0
2009,2009,6,2,2,0,0,0,0,0,0.0166666675,,19,0,19,0,,0,,0|0|1|0|0|0|0,0|0|1|0|0|0|0
2010,2010,6,1,1,255,255,0,0,0,0.0166666675,,19,0,19,0,3,0,,0|0|0.899999976|0|0|0|0,0|0|0.899999976|0|0|0|0
2010,2010,6,2,2,0,0,0,0,0,0.0166666675,,19,0,19,0,,0,,0|0|1|0|0|0|0,0|0|1|0|0|0|0
2011,2011,6,1,1,255,255,0,0,0,0.0166666675,,19,0,19,0,3,0,,0|0|0.899999976|0|0|0|0,0|0|0.899999976|0|0|0|0
2011,2011,6,2,2,0,0,0,0,0,0.0166666675,,19,0,19,0,,0,,0|0|1|0|0|0|0,0|0|1|0|0|0|0
2012,2012,6,1,1,255,255,0,0,0,0.0166666675,,19,0,19,0,3,0,,0|0|0.899999976|0|0|0|0,0|0|0.899999976|0|0|0|0
2012,2012,6,2,2,0,0,0,0,0,0.0166666675,,19,0,19,0,,0,,0|0|1|0|0|0|0,0|0|1|0|0|0|0
2013,2013,6,1,1,255,255,0,0,0,0.0166666675,,19,0,19,0,3,0,,0|0|0.899999976|0|0|0|0,0|0|0.899999976|0|0|0|0
2013,2013,6,2,2,0,0,0,0,0,0.0166666675,,19,0,19,0,,0,,0|0|1|0|0|0|0,0|0|1|0|0|0|0
2014,2014,6,1,1,255,255,0,0,0,0.0166666675,,19,0,19,0,3,0,,0|0|0.899999976|0|0|0|0,0|0|0.899999976|0|0|0|0
2014,2014,6,2,2,0,0,0,0,0,0.0166666675,,19,0,19,0,,0,,0|0|1|0|0|0|0,0|0|1|0|0|0|0
2015,2015,6,1,1,255,255,0,0,0,0.0166666675,,19,0,19,0,3,0,,0|0|0.899999976|0|0|0|0,0|0|0.899999976|0|0|0|0
2015,2015,6,2,2,0,0,0,0,0,0.0166666675,,19,0,19,0,,0,,0|0|1|0|0|0|0,0|0|1|0|0|0|0
2016,2016,6,1,1,255,255,0,0,0,0.0166666675,,19,0,19,0,3,0,,0|0|0.899999976|0|0|0|0,0|0|0.899999976|0|0|0|0
2016,2016,6,2,2,0,0,0,0,0,0.0166666675,,19,0,19,0,,0,,0|0|1|0|0|0|0,0|0|1|0|0|0|0
2017,2017,6,1,1,255,255,0,0,0,0.0166666675,,19,0,19,0,3,0,,0|0|0.899999976|0|0|0|0,0|0|0.899999976|0|0|0|0
2017,2017,6,2,2,0,0,0,0,0,0.0166666675,,19,0,19,0,,0,,0|0|1|0|0|0|0,0|0|1|0|0|0|0
2018,2018,6,1,1,255,255,0,0,0,0.0166666675,,19,0,19,0,3,0,,0|0|0.899999976|0|0|0|0,0|0|0.899999976|0|0|0|0
2018,2018,6,2,2,0,0,0,0,0,0.0166666675,,19,0,19,0,,0,,0|0|1|0|0|0|0,0|0|1|0|0|0|0
2019,2019,6,1,1,255,255,0,0,0,0.0166666675,,19,0,19,0,3,0,,0|0|0.899999976|0|0|0|0,0|0|0.899999976|0|0|0|0
2019,2019,6,2,2,255,0,0,0,0,0.0166666675,,19,0,19,0,2,0,,0|0|1|0|0|0|0,0|0|0.899999976|0|0|0|0
2020,2020,6,1,1,255,255,0,0,0,0.0166666675,,19,0,19,0,3,0,,0|0|0.899999976|0|0|0|0,0|0|0.799999952|0|0|0|0
2020,2020,6,2,2,255,255,0,0,0,0.0166666675,,19,0,19,0,3,0,,0|0|0.899999976|0|0|0|0,0|0|0.799999952|0|0|0|0
2021,2021,6,1,1,255,255,0,0,0,0.0166666675,,19,0,19,0,3,0,,0|0|0.799999952|0|0|0|0,0|0|0.699999928|0|0|0|0
2021,2021,6,2,2,255,255,0,0,0,0.0166666675,,19,0,19,0,3,0,,0|0|0.799999952|0|0|0|0,0|0|0.699999928|0|0|0|0
2022,2022,6,1,1,255,255,0,0,0,0.0166666675,,19,0,19,0,3,0,,0|0|0.699999928|0|0|0|0,0|0|0.599999905|0|0|0|0
2022,2022,6,2,2,255,255,0,0,0,0.0166666675,,19,0,19,0,3,0,,0|0|0.699999928|0|0|0|0,0|0|0.599999905|0|0|0|0
2023,2023,6,1,1,255,255,0,0,0,0.0166666675,,19,0,19,0,3,0,,0|0|0.599999905|0|0|0|0,0|0|0.499999911|0|0|0|0
2023,2023,6,2,2,255,255,0,0,0,0.0166666675,,19,0,19,0,3,0,,0|0|0.599999905|0|0|0|0,0|0|0.499999911|0|0|0|0
2024,2024,6,1,1,255,255,0,0,0,0.0166666675,,19,0,19,0,3,0,,0|0|0.499999911|0|0|0|0,0|0|0.399999917|0|0|0|0
2024,2024,6,2,2,255,255,0,0,0,0.0166666675,,19,0,19,0,3,0,,0|0|0.499999911|0|0|0|0,0|0|0.399999917|0|0|0|0
2025,2025,6,1,1,255,255,0,0,0,0.0166666675,,19,0,19,0,3,0,,0|0|0.399999917|0|0|0|0,0|0|0.299999923|0|0|0|0
2025,2025,6,2,2,255,255,0,0,0,0.0166666675,,19,0,19,0,3,0,,0|0|0.399999917|0|0|0|0,0|0|0.299999923|0|0|0|0
2026,2026,6,1,1,255,255,0,0,0,0.0166666675,,19,0,19,0,3,0,,0|0|0.299999923|0|0|0|0,0|0|0.199999928|0|0|0|0
2026,2026,6,2,2,255,255,0,0,0,0.0166666675,,19,0,19,0,3,0,,0|0|0.299999923|0|0|0|0,0|0|0.199999928|0|0|0|0
2027,2027,6,1,1,255,255,0,0,0,0.0166666675,,19,0,19,0,3,0,,0|0|0.199999928|0|0|0|0,0|0|0.099999927|0|0|0|0
2027,2027,6,2,2,255,255,0,0,0,0.0166666675,,19,0,19,0,3,0,,0|0|0.199999928|0|0|0|0,0|0|0.099999927|0|0|0|0
2028,2028,6,1,1,255,255,0,0,0,0.0166666675,,19,0,19,0,3,0,,0|0|0.099999927|0|0|0|0,0|0|-7.4505806e-08|0|0|0|0
2028,2028,6,2,2,255,255,0,0,0,0.0166666675,,19,0,19,0,3,0,,0|0|0.099999927|0|0|0|0,0|0|-7.4505806e-08|0|0|0|0
2029,2029,6,1,1,255,255,0,0,0,0.0166666675,,19,0,-1,0,,1,0x45bd67,0|0|-7.4505806e-08|0|0|0|0,0|0|0|0|0|0|0
2029,2029,6,2,2,255,255,0,0,0,0.0166666675,,19,0,-1,0,,1,0x45bd67,0|0|-7.4505806e-08|0|0|0|0,0|0|0|0|0|0|0
2491,2491,6,1,1,0,0,0,0,0,0.0166666675,AOIL,19,0,19,0,,0,,0|0|1|0|0|0|0,0|0|1|0|0|0|0
2492,2492,6,1,1,255,0,0,0,0,0.0166666675,,19,0,19,0,2,0,,0|0|1|0|0|0|0,0|0|0.899999976|0|0|0|0
2493,2493,6,1,1,255,255,0,0,0,0.0166666675,,19,0,19,0,3,0,,0|0|0.899999976|0|0|0|0,0|0|0.899999976|0|0|0|0
2494,2494,6,1,1,255,255,0,0,0,0.0166666675,,19,0,19,0,3,0,,0|0|0.899999976|0|0|0|0,0|0|0.899999976|0|0|0|0
2495,2495,6,1,1,255,255,0,0,0,0.0166666675,,19,0,19,0,3,0,,0|0|0.899999976|0|0|0|0,0|0|0.899999976|0|0|0|0
2496,2496,6,1,1,255,255,0,0,0,0.0166666675,,19,0,19,0,3,0,,0|0|0.899999976|0|0|0|0,0|0|0.899999976|0|0|0|0
2497,2497,6,1,1,255,255,0,0,0,0.0166666675,,19,0,19,0,3,0,,0|0|0.899999976|0|0|0|0,0|0|0.899999976|0|0|0|0
2498,2498,6,1,1,255,255,0,0,0,0.0166666675,,19,0,19,0,3,0,,0|0|0.899999976|0|0|0|0,0|0|0.899999976|0|0|0|0
2499,2499,6,1,1,255,255,0,0,0,0.0166666675,,19,0,19,0,3,0,,0|0|0.899999976|0|0|0|0,0|0|0.899999976|0|0|0|0
2500,2500,6,1,1,255,255,0,0,0,0.0166666675,,19,0,19,0,3,0,,0|0|0.899999976|0|0|0|0,0|0|0.899999976|0|0|0|0
2501,2501,6,1,1,255,255,0,0,0,0.0166666675,,19,0,19,0,3,0,,0|0|0.899999976|0|0|0|0,0|0|0.899999976|0|0|0|0
2502,2502,6,1,1,255,255,0,0,0,0.0166666675,,19,0,19,0,3,0,,0|0|0.899999976|0|0|0|0,0|0|0.899999976|0|0|0|0
2503,2503,6,1,1,255,255,0,0,0,0.0166666675,,19,0,19,0,3,0,,0|0|0.899999976|0|0|0|0,0|0|0.899999976|0|0|0|0
2504,2504,6,1,1,255,255,0,0,0,0.0166666675,,19,0,19,0,3,0,,0|0|0.899999976|0|0|0|0,0|0|0.899999976|0|0|0|0
2505,2505,6,1,1,255,255,0,0,0,0.0166666675,,19,0,19,0,3,0,,0|0|0.899999976|0|0|0|0,0|0|0.899999976|0|0|0|0
2506,2506,6,1,1,255,255,0,0,0,0.0166666675,,19,0,19,0,3,0,,0|0|0.899999976|0|0|0|0,0|0|0.899999976|0|0|0|0
2507,2507,6,1,1,255,255,0,0,0,0.0166666675,,19,0,19,0,3,0,,0|0|0.899999976|0|0|0|0,0|0|0.899999976|0|0|0|0
2508,2508,6,1,1,255,255,0,0,0,0.0166666675,,19,0,19,0,3,0,,0|0|0.899999976|0|0|0|0,0|0|0.899999976|0|0|0|0
2509,2509,6,1,1,255,255,0,0,0,0.0166666675,,19,0,19,0,3,0,,0|0|0.899999976|0|0|0|0,0|0|0.899999976|0|0|0|0
2510,2510,6,1,1,255,255,0,0,0,0.0166666675,,19,0,19,0,3,0,,0|0|0.899999976|0|0|0|0,0|0|0.899999976|0|0|0|0
2511,2511,6,1,1,255,255,0,0,0,0.0166666675,,19,0,19,0,3,0,,0|0|0.899999976|0|0|0|0,0|0|0.899999976|0|0|0|0
2512,2512,6,1,1,255,255,0,0,0,0.0166666675,,19,0,19,0,3,0,,0|0|0.899999976|0|0|0|0,0|0|0.899999976|0|0|0|0
2513,2513,6,1,1,255,255,0,0,0,0.0166666675,,19,0,19,0,3,0,,0|0|0.899999976|0|0|0|0,0|0|0.899999976|0|0|0|0
2514,2514,6,1,1,255,255,0,0,0,0.0166666675,,19,0,19,0,3,0,,0|0|0.899999976|0|0|0|0,0|0|0.899999976|0|0|0|0
2515,2515,6,1,1,255,255,0,0,0,0.0166666675,,19,0,19,0,3,0,,0|0|0.899999976|0|0|0|0,0|0|0.899999976|0|0|0|0
2516,2516,6,1,1,255,255,0,0,0,0.0166666675,,19,0,19,0,3,0,,0|0|0.899999976|0|0|0|0,0|0|0.899999976|0|0|0|0
2517,2517,6,1,1,255,255,0,0,0,0.0166666675,,19,0,19,0,3,0,,0|0|0.899999976|0|0|0|0,0|0|0.899999976|0|0|0|0
2518,2518,6,1,1,255,255,0,0,0,0.0166666675,,19,0,19,0,3,0,,0|0|0.899999976|0|0|0|0,0|0|0.899999976|0|0|0|0
2519,2519,6,1,1,255,255,0,0,0,0.0166666675,,19,0,19,0,3,0,,0|0|0.899999976|0|0|0|0,0|0|0.899999976|0|0|0|0
2520,2520,6,1,1,255,255,0,0,0,0.0166666675,,19,0,19,0,3,0,,0|0|0.899999976|0|0|0|0,0|0|0.899999976|0|0|0|0
2521,2521,6,1,1,255,255,0,0,0,0.0166666675,,19,0,19,0,3,0,,0|0|0.899999976|0|0|0|0,0|0|0.899999976|0|0|0|0
2522,2522,6,1,1,255,255,0,0,0,0.0166666675,,19,0,19,0,3,0,,0|0|0.899999976|0|0|0|0,0|0|0.899999976|0|0|0|0
2523,2523,6,1,1,255,255,0,0,0,0.0166666675,,19,0,19,0,3,0,,0|0|0.899999976|0|0|0|0,0|0|0.899999976|0|0|0|0
2524,2524,6,1,1,255,255,0,0,0,0.0166666675,,19,0,19,0,3,0,,0|0|0.899999976|0|0|0|0,0|0|0.899999976|0|0|0|0
2525,2525,6,1,1,255,255,0,0,0,0.0166666675,,19,0,19,0,3,0,,0|0|0.899999976|0|0|0|0,0|0|0.899999976|0|0|0|0
2526,2526,6,1,1,255,255,0,0,0,0.0166666675,,19,0,19,0,3,0,,0|0|0.899999976|0|0|0|0,0|0|0.899999976|0|0|0|0
2527,2527,6,1,1,255,255,0,0,0,0.0166666675,,19,0,19,0,3,0,,0|0|0.899999976|0|0|0|0,0|0|0.899999976|0|0|0|0
2528,2528,6,1,1,255,255,0,0,0,0.0166666675,,19,0,19,0,3,0,,0|0|0.899999976|0|0|0|0,0|0|0.899999976|0|0|0|0
2529,2529,6,1,1,255,255,0,0,0,0.0166666675,,19,0,19,0,3,0,,0|0|0.899999976|0|0|0|0,0|0|0.899999976|0|0|0|0
2530,2530,6,1,1,255,255,0,0,0,0.0166666675,,19,0,19,0,3,0,,0|0|0.899999976|0|0|0|0,0|0|0.899999976|0|0|0|0
2531,2531,6,1,1,255,255,0,0,0,0.0166666675,,19,0,19,0,3,0,,0|0|0.899999976|0|0|0|0,0|0|0.899999976|0|0|0|0
2532,2532,6,1,1,255,255,0,0,0,0.0166666675,,19,0,19,0,3,0,,0|0|0.899999976|0|0|0|0,0|0|0.899999976|0|0|0|0
2533,2533,6,1,1,255,255,0,0,0,0.0166666675,,19,0,19,0,3,0,,0|0|0.899999976|0|0|0|0,0|0|0.899999976|0|0|0|0
2534,2534,6,1,1,255,255,0,0,0,0.0166666675,,19,0,19,0,3,0,,0|0|0.899999976|0|0|0|0,0|0|0.899999976|0|0|0|0
2535,2535,6,1,1,255,255,0,0,0,0.0166666675,,19,0,19,0,3,0,,0|0|0.899999976|0|0|0|0,0|0|0.899999976|0|0|0|0
2536,2536,6,1,1,255,255,0,0,0,0.0166666675,,19,0,19,0,3,0,,0|0|0.899999976|0|0|0|0,0|0|0.899999976|0|0|0|0
2537,2537,6,1,1,255,255,0,0,0,0.0166666675,,19,0,19,0,3,0,,0|0|0.899999976|0|0|0|0,0|0|0.899999976|0|0|0|0
2538,2538,6,1,1,255,255,0,0,0,0.0166666675,,19,0,19,0,3,0,,0|0|0.899999976|0|0|0|0,0|0|0.899999976|0|0|0|0
2539,2539,6,1,1,255,255,0,0,0,0.0166666675,,19,0,19,0,3,0,,0|0|0.899999976|0|0|0|0,0|0|0.899999976|0|0|0|0
2540,2540,6,1,1,255,255,0,0,0,0.0166666675,,19,0,19,0,3,0,,0|0|0.899999976|0|0|0|0,0|0|0.899999976|0|0|0|0
2541,2541,6,1,1,255,255,0,0,0,0.0166666675,,19,0,19,0,3,0,,0|0|0.899999976|0|0|0|0,0|0|0.899999976|0|0|0|0
2542,2542,6,1,1,255,255,0,0,0,0.0166666675,,19,0,19,0,3,0,,0|0|0.899999976|0|0|0|0,0|0|0.899999976|0|0|0|0
2543,2543,6,1,1,255,255,0,0,0,0.0166666675,,19,0,19,0,3,0,,0|0|0.899999976|0|0|0|0,0|0|0.899999976|0|0|0|0
2544,2544,6,1,1,255,255,0,0,0,0.0166666675,,19,0,19,0,3,0,,0|0|0.899999976|0|0|0|0,0|0|0.899999976|0|0|0|0
2545,2545,6,1,1,255,255,0,0,0,0.0166666675,,19,0,19,0,3,0,,0|0|0.899999976|0|0|0|0,0|0|0.899999976|0|0|0|0
2546,2546,6,1,1,255,255,0,0,0,0.0166666675,,19,0,19,0,3,0,,0|0|0.899999976|0|0|0|0,0|0|0.899999976|0|0|0|0
2547,2547,6,1,1,255,255,0,0,0,0.0166666675,,19,0,19,0,3,0,,0|0|0.899999976|0|0|0|0,0|0|0.899999976|0|0|0|0
2548,2548,6,1,1,255,255,0,0,0,0.0166666675,,19,0,19,0,3,0,,0|0|0.899999976|0|0|0|0,0|0|0.899999976|0|0|0|0
2549,2549,6,1,1,255,255,0,0,0,0.0166666675,,19,0,19,0,3,0,,0|0|0.899999976|0|0|0|0,0|0|0.899999976|0|0|0|0
2550,2550,6,1,1,255,255,0,0,0,0.0166666675,,19,0,19,0,3,0,,0|0|0.899999976|0|0|0|0,0|0|0.899999976|0|0|0|0
2551,2551,6,1,1,255,255,0,0,0,0.0166666675,,19,0,19,0,3,0,,0|0|0.899999976|0|0|0|0,0|0|0.899999976|0|0|0|0
2552,2552,6,1,1,255,255,0,0,0,0.0166666675,,19,0,19,0,3,0,,0|0|0.899999976|0|0|0|0,0|0|0.899999976|0|0|0|0
2553,2553,6,1,1,255,255,0,0,0,0.0166666675,,19,0,19,0,3,0,,0|0|0.899999976|0|0|0|0,0|0|0.899999976|0|0|0|0
2554,2554,6,1,1,255,255,0,0,0,0.0166666675,,19,0,19,0,3,0,,0|0|0.899999976|0|0|0|0,0|0|0.899999976|0|0|0|0
2555,2555,6,1,1,255,255,0,0,0,0.0166666675,,19,0,19,0,3,0,,0|0|0.899999976|0|0|0|0,0|0|0.899999976|0|0|0|0
2556,2556,6,1,1,255,255,0,0,0,0.0166666675,,19,0,19,0,3,0,,0|0|0.899999976|0|0|0|0,0|0|0.899999976|0|0|0|0
2557,2557,6,1,1,255,255,0,0,0,0.0166666675,,19,0,19,0,3,0,,0|0|0.899999976|0|0|0|0,0|0|0.899999976|0|0|0|0
2558,2558,6,1,1,255,255,0,0,0,0.0166666675,,19,0,19,0,3,0,,0|0|0.899999976|0|0|0|0,0|0|0.899999976|0|0|0|0
2559,2559,6,1,1,255,255,0,0,0,0.0166666675,,19,0,19,0,3,0,,0|0|0.899999976|0|0|0|0,0|0|0.899999976|0|0|0|0
2560,2560,6,1,1,255,255,0,0,0,0.0166666675,,19,0,19,0,3,0,,0|0|0.899999976|0|0|0|0,0|0|0.899999976|0|0|0|0
2561,2561,6,1,1,255,255,0,0,0,0.0166666675,,19,0,19,0,3,0,,0|0|0.899999976|0|0|0|0,0|0|0.899999976|0|0|0|0
2562,2562,6,1,1,255,255,0,0,0,0.0166666675,,19,0,19,0,3,0,,0|0|0.899999976|0|0|0|0,0|0|0.899999976|0|0|0|0
2563,2563,6,1,1,255,255,0,0,0,0.0166666675,,19,0,19,0,3,0,,0|0|0.899999976|0|0|0|0,0|0|0.899999976|0|0|0|0
2564,2564,6,1,1,255,255,0,0,0,0.0166666675,,19,0,19,0,3,0,,0|0|0.899999976|0|0|0|0,0|0|0.899999976|0|0|0|0
2565,2565,6,1,1,255,255,0,0,0,0.0166666675,,19,0,19,0,3,0,,0|0|0.899999976|0|0|0|0,0|0|0.899999976|0|0|0|0
2566,2566,6,1,1,255,255,0,0,0,0.0166666675,,19,0,19,0,3,0,,0|0|0.899999976|0|0|0|0,0|0|0.899999976|0|0|0|0
2567,2567,6,1,1,255,255,0,0,0,0.0166666675,,19,0,19,0,3,0,,0|0|0.899999976|0|0|0|0,0|0|0.899999976|0|0|0|0
2568,2568,6,1,1,255,255,0,0,0,0.0166666675,,19,0,19,0,3,0,,0|0|0.899999976|0|0|0|0,0|0|0.899999976|0|0|0|0
2569,2569,6,1,1,255,255,0,0,0,0.0166666675,,19,0,19,0,3,0,,0|0|0.899999976|0|0|0|0,0|0|0.899999976|0|0|0|0
2570,2570,6,1,1,255,255,0,0,0,0.0166666675,,19,0,19,0,3,0,,0|0|0.899999976|0|0|0|0,0|0|0.899999976|0|0|0|0
2571,2571,6,1,1,255,255,0,0,0,0.0166666675,,19,0,19,0,3,0,,0|0|0.899999976|0|0|0|0,0|0|0.899999976|0|0|0|0
2572,2572,6,1,1,255,255,0,0,0,0.0166666675,,19,0,19,0,3,0,,0|0|0.899999976|0|0|0|0,0|0|0.899999976|0|0|0|0
2573,2573,6,1,1,255,255,0,0,0,0.0166666675,,19,0,19,0,3,0,,0|0|0.899999976|0|0|0|0,0|0|0.899999976|0|0|0|0
2574,2574,6,1,1,255,255,0,0,0,0.0166666675,,19,0,19,0,3,0,,0|0|0.899999976|0|0|0|0,0|0|0.899999976|0|0|0|0
2575,2575,6,1,1,255,255,0,0,0,0.0166666675,,19,0,19,0,3,0,,0|0|0.899999976|0|0|0|0,0|0|0.899999976|0|0|0|0
2576,2576,6,1,1,255,255,0,0,0,0.0166666675,,19,0,19,0,3,0,,0|0|0.899999976|0|0|0|0,0|0|0.899999976|0|0|0|0
2577,2577,6,1,1,255,255,0,0,0,0.0166666675,,19,0,19,0,3,0,,0|0|0.899999976|0|0|0|0,0|0|0.899999976|0|0|0|0
2578,2578,6,1,1,255,255,0,0,0,0.0166666675,,19,0,19,0,3,0,,0|0|0.899999976|0|0|0|0,0|0|0.899999976|0|0|0|0
2579,2579,6,1,1,255,255,0,0,0,0.0166666675,,19,0,19,0,3,0,,0|0|0.899999976|0|0|0|0,0|0|0.899999976|0|0|0|0
2580,2580,6,1,1,255,255,0,0,0,0.0166666675,,19,0,19,0,3,0,,0|0|0.899999976|0|0|0|0,0|0|0.899999976|0|0|0|0
2581,2581,6,1,1,255,255,0,0,0,0.0166666675,,19,0,19,0,3,0,,0|0|0.899999976|0|0|0|0,0|0|0.899999976|0|0|0|0
2582,2582,6,1,1,255,255,0,0,0,0.0166666675,,19,0,19,0,3,0,,0|0|0.899999976|0|0|0|0,0|0|0.899999976|0|0|0|0
2583,2583,6,1,1,255,255,0,0,0,0.0166666675,,19,0,19,0,3,0,,0|0|0.899999976|0|0|0|0,0|0|0.899999976|0|0|0|0
2584,2584,6,1,1,255,255,0,0,0,0.0166666675,,19,0,19,0,3,0,,0|0|0.899999976|0|0|0|0,0|0|0.899999976|0|0|0|0
2585,2585,6,1,1,255,255,0,0,0,0.0166666675,,19,0,19,0,3,0,,0|0|0.899999976|0|0|0|0,0|0|0.899999976|0|0|0|0
2586,2586,6,1,1,255,255,0,0,0,0.0166666675,,19,0,19,0,3,0,,0|0|0.899999976|0|0|0|0,0|0|0.899999976|0|0|0|0
2587,2587,6,1,1,255,255,0,0,0,0.0166666675,,19,0,19,0,3,0,,0|0|0.899999976|0|0|0|0,0|0|0.899999976|0|0|0|0
2588,2588,6,1,1,255,255,0,0,0,0.0166666675,,19,0,19,0,3,0,,0|0|0.899999976|0|0|0|0,0|0|0.899999976|0|0|0|0
2589,2589,6,1,1,255,255,0,0,0,0.0166666675,,19,0,19,0,3,0,,0|0|0.899999976|0|0|0|0,0|0|0.899999976|0|0|0|0
2590,2590,6,1,1,255,255,0,0,0,0.0166666675,,19,0,19,0,3,0,,0|0|0.899999976|0|0|0|0,0|0|0.899999976|0|0|0|0
2591,2591,6,1,1,255,255,0,0,0,0.0166666675,,19,0,19,0,3,0,,0|0|0.899999976|0|0|0|0,0|0|0.899999976|0|0|0|0
2592,2592,6,1,1,255,255,0,0,0,0.0166666675,,19,0,19,0,3,0,,0|0|0.899999976|0|0|0|0,0|0|0.899999976|0|0|0|0
2593,2593,6,1,1,255,255,0,0,0,0.0166666675,,19,0,19,0,3,0,,0|0|0.899999976|0|0|0|0,0|0|0.899999976|0|0|0|0
2594,2594,6,1,1,255,255,0,0,0,0.0166666675,,19,0,19,0,3,0,,0|0|0.899999976|0|0|0|0,0|0|0.899999976|0|0|0|0
2595,2595,6,1,1,255,255,0,0,0,0.0166666675,,19,0,19,0,3,0,,0|0|0.899999976|0|0|0|0,0|0|0.899999976|0|0|0|0
2596,2596,6,1,1,255,255,0,0,0,0.0166666675,,19,0,19,0,3,0,,0|0|0.899999976|0|0|0|0,0|0|0.899999976|0|0|0|0
2597,2597,6,1,1,255,255,0,0,0,0.0166666675,,19,0,19,0,3,0,,0|0|0.899999976|0|0|0|0,0|0|0.899999976|0|0|0|0
2598,2598,6,1,1,255,255,0,0,0,0.0166666675,,19,0,19,0,3,0,,0|0|0.899999976|0|0|0|0,0|0|0.899999976|0|0|0|0
2599,2599,6,1,1,255,255,0,0,0,0.0166666675,,19,0,19,0,3,0,,0|0|0.899999976|0|0|0|0,0|0|0.899999976|0|0|0|0
2600,2600,6,1,1,255,255,0,0,0,0.0166666675,,19,0,19,0,3,0,,0|0|0.899999976|0|0|0|0,0|0|0.899999976|0|0|0|0
2601,2601,6,1,1,255,255,0,0,0,0.0166666675,,19,0,19,0,3,0,,0|0|0.899999976|0|0|0|0,0|0|0.899999976|0|0|0|0
2602,2602,6,1,1,255,255,0,0,0,0.0166666675,,19,0,19,0,3,0,,0|0|0.899999976|0|0|0|0,0|0|0.899999976|0|0|0|0
2603,2603,6,1,1,255,255,0,0,0,0.0166666675,,19,0,19,0,3,0,,0|0|0.899999976|0|0|0|0,0|0|0.899999976|0|0|0|0
2604,2604,6,1,1,255,255,0,0,0,0.0166666675,,19,0,19,0,3,0,,0|0|0.899999976|0|0|0|0,0|0|0.899999976|0|0|0|0
2605,2605,6,1,1,255,255,0,0,0,0.0166666675,,19,0,19,0,3,0,,0|0|0.899999976|0|0|0|0,0|0|0.899999976|0|0|0|0
2606,2606,6,1,1,255,255,0,0,0,0.0166666675,,19,0,19,0,3,0,,0|0|0.899999976|0|0|0|0,0|0|0.899999976|0|0|0|0
2607,2607,6,1,1,255,255,0,0,0,0.0166666675,,19,0,19,0,3,0,,0|0|0.899999976|0|0|0|0,0|0|0.899999976|0|0|0|0
2608,2608,6,1,1,255,255,0,0,0,0.0166666675,,19,0,19,0,3,0,,0|0|0.899999976|0|0|0|0,0|0|0.899999976|0|0|0|0
2609,2609,6,1,1,255,255,0,0,0,0.0166666675,,19,0,19,0,3,0,,0|0|0.899999976|0|0|0|0,0|0|0.899999976|0|0|0|0
2610,2610,6,1,1,255,255,0,0,0,0.0166666675,,19,0,19,0,3,0,,0|0|0.899999976|0|0|0|0,0|0|0.899999976|0|0|0|0
2611,2611,6,1,1,255,255,0,0,0,0.0166666675,,19,0,19,0,3,0,,0|0|0.899999976|0|0|0|0,0|0|0.899999976|0|0|0|0
2612,2612,6,1,1,255,255,0,0,0,0.0166666675,,19,0,19,0,3,0,,0|0|0.899999976|0|0|0|0,0|0|0.899999976|0|0|0|0
2613,2613,6,1,1,255,255,0,0,0,0.0166666675,,19,0,19,0,3,0,,0|0|0.899999976|0|0|0|0,0|0|0.899999976|0|0|0|0
2614,2614,6,1,1,255,255,0,0,0,0.0166666675,,19,0,19,0,3,0,,0|0|0.899999976|0|0|0|0,0|0|0.899999976|0|0|0|0
2615,2615,6,1,1,255,255,0,0,0,0.0166666675,,19,0,19,0,3,0,,0|0|0.899999976|0|0|0|0,0|0|0.899999976|0|0|0|0
2616,2616,6,1,1,255,255,0,0,0,0.0166666675,,19,0,19,0,3,0,,0|0|0.899999976|0|0|0|0,0|0|0.899999976|0|0|0|0
2617,2617,6,1,1,255,255,0,0,0,0.0166666675,,19,0,19,0,3,0,,0|0|0.899999976|0|0|0|0,0|0|0.899999976|0|0|0|0
2618,2618,6,1,1,255,255,0,0,0,0.0166666675,,19,0,19,0,3,0,,0|0|0.899999976|0|0|0|0,0|0|0.899999976|0|0|0|0
2619,2619,6,1,1,255,255,0,0,0,0.0166666675,,19,0,19,0,3,0,,0|0|0.899999976|0|0|0|0,0|0|0.899999976|0|0|0|0
2620,2620,6,1,1,255,255,0,0,0,0.0166666675,,19,0,19,0,3,0,,0|0|0.899999976|0|0|0|0,0|0|0.899999976|0|0|0|0
2621,2621,6,1,1,255,255,0,0,0,0.0166666675,,19,0,19,0,3,0,,0|0|0.899999976|0|0|0|0,0|0|0.899999976|0|0|0|0
2622,2622,6,1,1,255,255,0,0,0,0.0166666675,,19,0,19,0,3,0,,0|0|0.899999976|0|0|0|0,0|0|0.899999976|0|0|0|0
2623,2623,6,1,1,255,255,0,0,0,0.0166666675,,19,0,19,0,3,0,,0|0|0.899999976|0|0|0|0,0|0|0.899999976|0|0|0|0
2624,2624,6,1,1,255,255,0,0,0,0.0166666675,,19,0,19,0,3,0,,0|0|0.899999976|0|0|0|0,0|0|0.899999976|0|0|0|0
2625,2625,6,1,1,255,255,0,0,0,0.0166666675,,19,0,19,0,3,0,,0|0|0.899999976|0|0|0|0,0|0|0.899999976|0|0|0|0
2626,2626,6,1,1,255,255,0,0,0,0.0166666675,,19,0,19,0,3,0,,0|0|0.899999976|0|0|0|0,0|0|0.899999976|0|0|0|0
2627,2627,6,1,1,255,255,0,0,0,0.0166666675,,19,0,19,0,3,0,,0|0|0.899999976|0|0|0|0,0|0|0.899999976|0|0|0|0
2628,2628,6,1,1,255,255,0,0,0,0.0166666675,,19,0,19,0,3,0,,0|0|0.899999976|0|0|0|0,0|0|0.899999976|0|0|0|0
2629,2629,6,1,1,255,255,0,0,0,0.0166666675,,19,0,19,0,3,0,,0|0|0.899999976|0|0|0|0,0|0|0.899999976|0|0|0|0
2630,2630,6,1,1,255,255,0,0,0,0.0166666675,,19,0,19,0,3,0,,0|0|0.899999976|0|0|0|0,0|0|0.899999976|0|0|0|0
2631,2631,6,1,1,255,255,0,0,0,0.0166666675,,19,0,19,0,3,0,,0|0|0.899999976|0|0|0|0,0|0|0.899999976|0|0|0|0
2632,2632,6,1,1,255,255,0,0,0,0.0166666675,,19,0,19,0,3,0,,0|0|0.899999976|0|0|0|0,0|0|0.899999976|0|0|0|0
2633,2633,6,1,1,255,255,0,0,0,0.0166666675,,19,0,19,0,3,0,,0|0|0.899999976|0|0|0|0,0|0|0.899999976|0|0|0|0
2634,2634,6,1,1,255,255,0,0,0,0.0166666675,,19,0,19,0,3,0,,0|0|0.899999976|0|0|0|0,0|0|0.899999976|0|0|0|0
2635,2635,6,1,1,255,255,0,0,0,0.0166666675,,19,0,19,0,3,0,,0|0|0.899999976|0|0|0|0,0|0|0.899999976|0|0|0|0
2636,2636,6,1,1,255,255,0,0,0,0.0166666675,,19,0,19,0,3,0,,0|0|0.899999976|0|0|0|0,0|0|0.899999976|0|0|0|0
2637,2637,6,1,1,255,255,0,0,0,0.0166666675,,19,0,19,0,3,0,,0|0|0.899999976|0|0|0|0,0|0|0.899999976|0|0|0|0
2638,2638,6,1,1,255,255,0,0,0,0.0166666675,,19,0,19,0,3,0,,0|0|0.899999976|0|0|0|0,0|0|0.899999976|0|0|0|0
2639,2639,6,1,1,255,255,0,0,0,0.0166666675,,19,0,19,0,3,0,,0|0|0.899999976|0|0|0|0,0|0|0.899999976|0|0|0|0
2640,2640,6,1,1,255,255,0,0,0,0.0166666675,,19,0,19,0,3,0,,0|0|0.899999976|0|0|0|0,0|0|0.899999976|0|0|0|0
2641,2641,6,1,1,255,255,0,0,0,0.0166666675,,19,0,19,0,3,0,,0|0|0.899999976|0|0|0|0,0|0|0.899999976|0|0|0|0
2642,2642,6,1,1,255,255,0,0,0,0.0166666675,,19,0,19,0,3,0,,0|0|0.899999976|0|0|0|0,0|0|0.899999976|0|0|0|0
2643,2643,6,1,1,255,255,0,0,0,0.0166666675,,19,0,19,0,3,0,,0|0|0.899999976|0|0|0|0,0|0|0.899999976|0|0|0|0
2644,2644,6,1,1,255,255,0,0,0,0.0166666675,,19,0,19,0,3,0,,0|0|0.899999976|0|0|0|0,0|0|0.899999976|0|0|0|0
2645,2645,6,1,1,255,255,0,0,0,0.0166666675,,19,0,19,0,3,0,,0|0|0.899999976|0|0|0|0,0|0|0.899999976|0|0|0|0
2646,2646,6,1,1,255,255,0,0,0,0.0166666675,,19,0,19,0,3,0,,0|0|0.899999976|0|0|0|0,0|0|0.899999976|0|0|0|0
2647,2647,6,1,1,255,255,0,0,0,0.0166666675,,19,0,19,0,3,0,,0|0|0.899999976|0|0|0|0,0|0|0.899999976|0|0|0|0
2648,2648,6,1,1,255,255,0,0,0,0.0166666675,,19,0,19,0,3,0,,0|0|0.899999976|0|0|0|0,0|0|0.899999976|0|0|0|0
2649,2649,6,1,1,255,255,0,0,0,0.0166666675,,19,0,19,0,3,0,,0|0|0.899999976|0|0|0|0,0|0|0.899999976|0|0|0|0
2650,2650,6,1,1,255,255,0,0,0,0.0166666675,,19,0,19,0,3,0,,0|0|0.899999976|0|0|0|0,0|0|0.899999976|0|0|0|0
2651,2651,6,1,1,255,255,0,0,0,0.0166666675,,19,0,19,0,3,0,,0|0|0.899999976|0|0|0|0,0|0|0.899999976|0|0|0|0
2652,2652,6,1,1,255,255,0,0,0,0.0166666675,,19,0,19,0,3,0,,0|0|0.899999976|0|0|0|0,0|0|0.899999976|0|0|0|0
2653,2653,6,1,1,255,255,0,0,0,0.0166666675,,19,0,19,0,3,0,,0|0|0.899999976|0|0|0|0,0|0|0.899999976|0|0|0|0
2654,2654,6,1,1,255,255,0,0,0,0.0166666675,,19,0,19,0,3,0,,0|0|0.899999976|0|0|0|0,0|0|0.899999976|0|0|0|0
2655,2655,6,1,1,255,255,0,0,0,0.0166666675,,19,0,19,0,3,0,,0|0|0.899999976|0|0|0|0,0|0|0.899999976|0|0|0|0
2656,2656,6,1,1,255,255,0,0,0,0.0166666675,,19,0,19,0,3,0,,0|0|0.899999976|0|0|0|0,0|0|0.899999976|0|0|0|0
2657,2657,6,1,1,255,255,0,0,0,0.0166666675,,19,0,19,0,3,0,,0|0|0.899999976|0|0|0|0,0|0|0.899999976|0|0|0|0
2658,2658,6,1,1,255,255,0,0,0,0.0166666675,,19,0,19,0,3,0,,0|0|0.899999976|0|0|0|0,0|0|0.899999976|0|0|0|0
2659,2659,6,1,1,255,255,0,0,0,0.0166666675,,19,0,19,0,3,0,,0|0|0.899999976|0|0|0|0,0|0|0.899999976|0|0|0|0
2660,2660,6,1,1,255,255,0,0,0,0.0166666675,,19,0,19,0,3,0,,0|0|0.899999976|0|0|0|0,0|0|0.899999976|0|0|0|0
2661,2661,6,1,1,255,255,0,0,0,0.0166666675,,19,0,19,0,3,0,,0|0|0.899999976|0|0|0|0,0|0|0.899999976|0|0|0|0
2662,2662,6,1,1,255,255,0,0,0,0.0166666675,,19,0,19,0,3,0,,0|0|0.899999976|0|0|0|0,0|0|0.899999976|0|0|0|0
2663,2663,6,1,1,255,255,0,0,0,0.0166666675,,19,0,19,0,3,0,,0|0|0.899999976|0|0|0|0,0|0|0.899999976|0|0|0|0
2664,2664,6,1,1,255,255,0,0,0,0.0166666675,,19,0,19,0,3,0,,0|0|0.899999976|0|0|0|0,0|0|0.899999976|0|0|0|0
2665,2665,6,1,1,255,255,0,0,0,0.0166666675,,19,0,19,0,3,0,,0|0|0.899999976|0|0|0|0,0|0|0.899999976|0|0|0|0
2666,2666,6,1,1,255,255,0,0,0,0.0166666675,,19,0,19,0,3,0,,0|0|0.899999976|0|0|0|0,0|0|0.899999976|0|0|0|0
2667,2667,6,1,1,255,255,0,0,0,0.0166666675,,19,0,19,0,3,0,,0|0|0.899999976|0|0|0|0,0|0|0.899999976|0|0|0|0
2668,2668,6,1,1,255,255,0,0,0,0.0166666675,,19,0,19,0,3,0,,0|0|0.899999976|0|0|0|0,0|0|0.899999976|0|0|0|0
2669,2669,6,1,1,255,255,0,0,0,0.0166666675,,19,0,19,0,3,0,,0|0|0.899999976|0|0|0|0,0|0|0.899999976|0|0|0|0
2670,2670,6,1,1,255,255,0,0,0,0.0166666675,,19,0,19,0,3,0,,0|0|0.899999976|0|0|0|0,0|0|0.899999976|0|0|0|0
2671,2671,6,1,1,255,255,0,0,0,0.0166666675,,19,0,19,0,3,0,,0|0|0.899999976|0|0|0|0,0|0|0.899999976|0|0|0|0
2672,2672,6,1,1,255,255,0,0,0,0.0166666675,,19,0,19,0,3,0,,0|0|0.899999976|0|0|0|0,0|0|0.899999976|0|0|0|0
2673,2673,6,1,1,255,255,0,0,0,0.0166666675,,19,0,19,0,3,0,,0|0|0.899999976|0|0|0|0,0|0|0.899999976|0|0|0|0
2674,2674,6,1,1,255,255,0,0,0,0.0166666675,,19,0,19,0,3,0,,0|0|0.899999976|0|0|0|0,0|0|0.899999976|0|0|0|0
2675,2675,6,1,1,255,255,0,0,0,0.0166666675,,19,0,19,0,3,0,,0|0|0.899999976|0|0|0|0,0|0|0.899999976|0|0|0|0
2676,2676,6,1,1,255,255,0,0,0,0.0166666675,,19,0,19,0,3,0,,0|0|0.899999976|0|0|0|0,0|0|0.899999976|0|0|0|0
2677,2677,6,1,1,255,255,0,0,0,0.0166666675,,19,0,19,0,3,0,,0|0|0.899999976|0|0|0|0,0|0|0.899999976|0|0|0|0
2678,2678,6,1,1,255,255,0,0,0,0.0166666675,,19,0,19,0,3,0,,0|0|0.899999976|0|0|0|0,0|0|0.899999976|0|0|0|0
2679,2679,6,1,1,255,255,0,0,0,0.0166666675,,19,0,19,0,3,0,,0|0|0.899999976|0|0|0|0,0|0|0.899999976|0|0|0|0
2680,2680,6,1,1,255,255,0,0,0,0.0166666675,,19,0,19,0,3,0,,0|0|0.899999976|0|0|0|0,0|0|0.899999976|0|0|0|0
2681,2681,6,1,1,255,255,0,0,0,0.0166666675,,19,0,19,0,3,0,,0|0|0.899999976|0|0|0|0,0|0|0.899999976|0|0|0|0
2682,2682,6,1,1,255,255,0,0,0,0.0166666675,,19,0,19,0,3,0,,0|0|0.899999976|0|0|0|0,0|0|0.899999976|0|0|0|0
2683,2683,6,1,1,255,255,0,0,0,0.0166666675,,19,0,19,0,3,0,,0|0|0.899999976|0|0|0|0,0|0|0.899999976|0|0|0|0
2684,2684,6,1,1,255,255,0,0,0,0.0166666675,,19,0,19,0,3,0,,0|0|0.899999976|0|0|0|0,0|0|0.899999976|0|0|0|0
2685,2685,6,1,1,255,255,0,0,0,0.0166666675,,19,0,19,0,3,0,,0|0|0.899999976|0|0|0|0,0|0|0.899999976|0|0|0|0
2686,2686,6,1,1,255,255,0,0,0,0.0166666675,,19,0,19,0,3,0,,0|0|0.899999976|0|0|0|0,0|0|0.899999976|0|0|0|0
2687,2687,6,1,1,255,255,0,0,0,0.0166666675,,19,0,19,0,3,0,,0|0|0.899999976|0|0|0|0,0|0|0.899999976|0|0|0|0
2688,2688,6,1,1,255,255,0,0,0,0.0166666675,,19,0,19,0,3,0,,0|0|0.899999976|0|0|0|0,0|0|0.899999976|0|0|0|0
2689,2689,6,1,1,255,255,0,0,0,0.0166666675,,19,0,19,0,3,0,,0|0|0.899999976|0|0|0|0,0|0|0.899999976|0|0|0|0
2690,2690,6,1,1,255,255,0,0,0,0.0166666675,,19,0,19,0,3,0,,0|0|0.899999976|0|0|0|0,0|0|0.899999976|0|0|0|0
2691,2691,6,1,1,255,255,0,0,0,0.0166666675,,19,0,19,0,3,0,,0|0|0.899999976|0|0|0|0,0|0|0.899999976|0|0|0|0
2692,2692,6,1,1,255,255,0,0,0,0.0166666675,,19,0,19,0,3,0,,0|0|0.899999976|0|0|0|0,0|0|0.899999976|0|0|0|0
2693,2693,6,1,1,255,255,0,0,0,0.0166666675,,19,0,19,0,3,0,,0|0|0.899999976|0|0|0|0,0|0|0.899999976|0|0|0|0
2694,2694,6,1,1,255,255,0,0,0,0.0166666675,,19,0,19,0,3,0,,0|0|0.899999976|0|0|0|0,0|0|0.899999976|0|0|0|0
2695,2695,6,1,1,255,255,0,0,0,0.0166666675,,19,0,19,0,3,0,,0|0|0.899999976|0|0|0|0,0|0|0.899999976|0|0|0|0
2696,2696,6,1,1,255,255,0,0,0,0.0166666675,,19,0,19,0,3,0,,0|0|0.899999976|0|0|0|0,0|0|0.899999976|0|0|0|0
2697,2697,6,1,1,255,255,0,0,0,0.0166666675,,19,0,19,0,3,0,,0|0|0.899999976|0|0|0|0,0|0|0.899999976|0|0|0|0
2698,2698,6,1,1,255,255,0,0,0,0.0166666675,,19,0,19,0,3,0,,0|0|0.899999976|0|0|0|0,0|0|0.899999976|0|0|0|0
2699,2699,6,1,1,255,255,0,0,0,0.0166666675,,19,0,19,0,3,0,,0|0|0.899999976|0|0|0|0,0|0|0.899999976|0|0|0|0
2700,2700,6,1,1,255,255,0,0,0,0.0166666675,,19,0,19,0,3,0,,0|0|0.899999976|0|0|0|0,0|0|0.899999976|0|0|0|0
2701,2701,6,1,1,255,255,0,0,0,0.0166666675,,19,0,19,0,3,0,,0|0|0.899999976|0|0|0|0,0|0|0.899999976|0|0|0|0
2702,2702,6,1,1,255,255,0,0,0,0.0166666675,,19,0,19,0,3,0,,0|0|0.899999976|0|0|0|0,0|0|0.899999976|0|0|0|0
2703,2703,6,1,1,255,255,0,0,0,0.0166666675,,19,0,19,0,3,0,,0|0|0.899999976|0|0|0|0,0|0|0.899999976|0|0|0|0
2704,2704,6,1,1,255,255,0,0,0,0.0166666675,,19,0,19,0,3,0,,0|0|0.899999976|0|0|0|0,0|0|0.899999976|0|0|0|0
2705,2705,6,1,1,255,255,0,0,0,0.0166666675,,19,0,19,0,3,0,,0|0|0.899999976|0|0|0|0,0|0|0.899999976|0|0|0|0
2706,2706,6,1,1,255,255,0,0,0,0.0166666675,,19,0,19,0,3,0,,0|0|0.899999976|0|0|0|0,0|0|0.899999976|0|0|0|0
2707,2707,6,1,1,255,255,0,0,0,0.0166666675,,19,0,19,0,3,0,,0|0|0.899999976|0|0|0|0,0|0|0.899999976|0|0|0|0
2708,2708,6,1,1,255,255,0,0,0,0.0166666675,,19,0,19,0,3,0,,0|0|0.899999976|0|0|0|0,0|0|0.899999976|0|0|0|0
2709,2709,6,1,1,255,255,0,0,0,0.0166666675,,19,0,19,0,3,0,,0|0|0.899999976|0|0|0|0,0|0|0.899999976|0|0|0|0
2710,2710,6,1,1,255,255,0,0,0,0.0166666675,,19,0,19,0,3,0,,0|0|0.899999976|0|0|0|0,0|0|0.899999976|0|0|0|0
2711,2711,6,1,1,255,255,0,0,0,0.0166666675,,19,0,19,0,3,0,,0|0|0.899999976|0|0|0|0,0|0|0.899999976|0|0|0|0
2712,2712,6,1,1,255,255,0,0,0,0.0166666675,,19,0,19,0,3,0,,0|0|0.899999976|0|0|0|0,0|0|0.899999976|0|0|0|0
2713,2713,6,1,1,255,255,0,0,0,0.0166666675,,19,0,19,0,3,0,,0|0|0.899999976|0|0|0|0,0|0|0.899999976|0|0|0|0
2714,2714,6,1,1,255,255,0,0,0,0.0166666675,,19,0,19,0,3,0,,0|0|0.899999976|0|0|0|0,0|0|0.899999976|0|0|0|0
2715,2715,6,1,1,255,255,0,0,0,0.0166666675,,19,0,19,0,3,0,,0|0|0.899999976|0|0|0|0,0|0|0.899999976|0|0|0|0
2716,2716,6,1,1,255,255,0,0,0,0.0166666675,,19,0,19,0,3,0,,0|0|0.899999976|0|0|0|0,0|0|0.899999976|0|0|0|0
2717,2717,6,1,1,255,255,0,0,0,0.0166666675,,19,0,19,0,3,0,,0|0|0.899999976|0|0|0|0,0|0|0.899999976|0|0|0|0
2718,2718,6,1,1,255,255,0,0,0,0.0166666675,,19,0,19,0,3,0,,0|0|0.899999976|0|0|0|0,0|0|0.899999976|0|0|0|0
2719,2719,6,1,1,255,255,0,0,0,0.0166666675,,19,0,19,0,3,0,,0|0|0.899999976|0|0|0|0,0|0|0.899999976|0|0|0|0
2720,2720,6,1,1,255,255,0,0,0,0.0166666675,,19,0,19,0,3,0,,0|0|0.899999976|0|0|0|0,0|0|0.899999976|0|0|0|0
2721,2721,6,1,1,255,255,0,0,0,0.0166666675,,19,0,19,0,3,0,,0|0|0.899999976|0|0|0|0,0|0|0.899999976|0|0|0|0
2722,2722,6,1,1,255,255,0,0,0,0.0166666675,,19,0,19,0,3,0,,0|0|0.899999976|0|0|0|0,0|0|0.899999976|0|0|0|0
2723,2723,6,1,1,255,255,0,0,0,0.0166666675,,19,0,19,0,3,0,,0|0|0.899999976|0|0|0|0,0|0|0.899999976|0|0|0|0
2724,2724,6,1,1,255,255,0,0,0,0.0166666675,,19,0,19,0,3,0,,0|0|0.899999976|0|0|0|0,0|0|0.899999976|0|0|0|0
2725,2725,6,1,1,255,255,0,0,0,0.0166666675,,19,0,19,0,3,0,,0|0|0.899999976|0|0|0|0,0|0|0.899999976|0|0|0|0
2726,2726,6,1,1,255,255,0,0,0,0.0166666675,,19,0,19,0,3,0,,0|0|0.899999976|0|0|0|0,0|0|0.899999976|0|0|0|0
2727,2727,6,1,1,255,255,0,0,0,0.0166666675,,19,0,19,0,3,0,,0|0|0.899999976|0|0|0|0,0|0|0.899999976|0|0|0|0
2728,2728,6,1,1,255,255,0,0,0,0.0166666675,,19,0,19,0,3,0,,0|0|0.899999976|0|0|0|0,0|0|0.899999976|0|0|0|0
2729,2729,6,1,1,255,255,0,0,0,0.0166666675,,19,0,19,0,3,0,,0|0|0.899999976|0|0|0|0,0|0|0.899999976|0|0|0|0
2730,2730,6,1,1,255,255,0,0,0,0.0166666675,,19,0,19,0,3,0,,0|0|0.899999976|0|0|0|0,0|0|0.899999976|0|0|0|0
2731,2731,6,1,1,255,255,0,0,0,0.0166666675,,19,0,19,0,3,0,,0|0|0.899999976|0|0|0|0,0|0|0.899999976|0|0|0|0
2732,2732,6,1,1,255,255,0,0,0,0.0166666675,,19,0,19,0,3,0,,0|0|0.899999976|0|0|0|0,0|0|0.899999976|0|0|0|0
2733,2733,6,1,1,255,255,0,0,0,0.0166666675,,19,0,19,0,3,0,,0|0|0.899999976|0|0|0|0,0|0|0.899999976|0|0|0|0
2734,2734,6,1,1,255,255,0,0,0,0.0166666675,,19,0,19,0,3,0,,0|0|0.899999976|0|0|0|0,0|0|0.899999976|0|0|0|0
2735,2735,6,1,1,255,255,0,0,0,0.0166666675,,19,0,19,0,3,0,,0|0|0.899999976|0|0|0|0,0|0|0.899999976|0|0|0|0
2736,2736,6,1,1,255,255,0,0,0,0.0166666675,,19,0,19,0,3,0,,0|0|0.899999976|0|0|0|0,0|0|0.899999976|0|0|0|0
2737,2737,6,1,1,255,255,0,0,0,0.0166666675,,19,0,19,0,3,0,,0|0|0.899999976|0|0|0|0,0|0|0.899999976|0|0|0|0
2738,2738,6,1,1,255,255,0,0,0,0.0166666675,,19,0,19,0,3,0,,0|0|0.899999976|0|0|0|0,0|0|0.899999976|0|0|0|0
2739,2739,6,1,1,255,255,0,0,0,0.0166666675,,19,0,19,0,3,0,,0|0|0.899999976|0|0|0|0,0|0|0.899999976|0|0|0|0
2740,2740,6,1,1,255,255,0,0,0,0.0166666675,,19,0,19,0,3,0,,0|0|0.899999976|0|0|0|0,0|0|0.899999976|0|0|0|0
2741,2741,6,1,1,255,255,0,0,0,0.0166666675,,19,0,19,0,3,0,,0|0|0.899999976|0|0|0|0,0|0|0.899999976|0|0|0|0
2742,2742,6,1,1,255,255,0,0,0,0.0166666675,,19,0,19,0,3,0,,0|0|0.899999976|0|0|0|0,0|0|0.899999976|0|0|0|0
2743,2743,6,1,1,255,255,0,0,0,0.0166666675,,19,0,19,0,3,0,,0|0|0.899999976|0|0|0|0,0|0|0.899999976|0|0|0|0
2744,2744,6,1,1,255,255,0,0,0,0.0166666675,,19,0,19,0,3,0,,0|0|0.899999976|0|0|0|0,0|0|0.899999976|0|0|0|0
2745,2745,6,1,1,255,255,0,0,0,0.0166666675,,19,0,19,0,3,0,,0|0|0.899999976|0|0|0|0,0|0|0.899999976|0|0|0|0
2746,2746,6,1,1,255,255,0,0,0,0.0166666675,,19,0,19,0,3,0,,0|0|0.899999976|0|0|0|0,0|0|0.899999976|0|0|0|0
2747,2747,6,1,1,255,255,0,0,0,0.0166666675,,19,0,19,0,3,0,,0|0|0.899999976|0|0|0|0,0|0|0.899999976|0|0|0|0
2748,2748,6,1,1,255,255,0,0,0,0.0166666675,,19,0,19,0,3,0,,0|0|0.899999976|0|0|0|0,0|0|0.899999976|0|0|0|0
2749,2749,6,1,1,255,255,0,0,0,0.0166666675,,19,0,19,0,3,0,,0|0|0.899999976|0|0|0|0,0|0|0.899999976|0|0|0|0
2750,2750,6,1,1,255,255,0,0,0,0.0166666675,,19,0,19,0,3,0,,0|0|0.899999976|0|0|0|0,0|0|0.899999976|0|0|0|0
2751,2751,6,1,1,255,255,0,0,0,0.0166666675,,19,0,19,0,3,0,,0|0|0.899999976|0|0|0|0,0|0|0.899999976|0|0|0|0
2752,2752,6,1,1,255,255,0,0,0,0.0166666675,,19,0,19,0,3,0,,0|0|0.899999976|0|0|0|0,0|0|0.899999976|0|0|0|0
2753,2753,6,1,1,255,255,0,0,0,0.0166666675,,19,0,19,0,3,0,,0|0|0.899999976|0|0|0|0,0|0|0.899999976|0|0|0|0
2754,2754,6,1,1,255,255,0,0,0,0.0166666675,,19,0,19,0,3,0,,0|0|0.899999976|0|0|0|0,0|0|0.899999976|0|0|0|0
2755,2755,6,1,1,255,255,0,0,0,0.0166666675,,19,0,19,0,3,0,,0|0|0.899999976|0|0|0|0,0|0|0.899999976|0|0|0|0
2756,2756,6,1,1,255,255,0,0,0,0.0166666675,,19,0,19,0,3,0,,0|0|0.899999976|0|0|0|0,0|0|0.899999976|0|0|0|0
2757,2757,6,1,1,255,255,0,0,0,0.0166666675,,19,0,19,0,3,0,,0|0|0.899999976|0|0|0|0,0|0|0.899999976|0|0|0|0
2758,2758,6,1,1,255,255,0,0,0,0.0166666675,,19,0,19,0,3,0,,0|0|0.899999976|0|0|0|0,0|0|0.899999976|0|0|0|0
2759,2759,6,1,1,255,255,0,0,0,0.0166666675,,19,0,19,0,3,0,,0|0|0.899999976|0|0|0|0,0|0|0.899999976|0|0|0|0
2760,2760,6,1,1,255,255,0,0,0,0.0166666675,,19,0,19,0,3,0,,0|0|0.899999976|0|0|0|0,0|0|0.899999976|0|0|0|0
2761,2761,6,1,1,255,255,0,0,0,0.0166666675,,19,0,19,0,3,0,,0|0|0.899999976|0|0|0|0,0|0|0.899999976|0|0|0|0
2762,2762,6,1,1,255,255,0,0,0,0.0166666675,,19,0,19,0,3,0,,0|0|0.899999976|0|0|0|0,0|0|0.899999976|0|0|0|0
2763,2763,6,1,1,255,255,0,0,0,0.0166666675,,19,0,19,0,3,0,,0|0|0.899999976|0|0|0|0,0|0|0.899999976|0|0|0|0
2764,2764,6,1,1,255,255,0,0,0,0.0166666675,,19,0,19,0,3,0,,0|0|0.899999976|0|0|0|0,0|0|0.899999976|0|0|0|0
2765,2765,6,1,1,255,255,0,0,0,0.0166666675,,19,0,19,0,3,0,,0|0|0.899999976|0|0|0|0,0|0|0.899999976|0|0|0|0
2766,2766,6,1,1,255,255,0,0,0,0.0166666675,,19,0,19,0,3,0,,0|0|0.899999976|0|0|0|0,0|0|0.899999976|0|0|0|0
2767,2767,6,1,1,255,255,0,0,0,0.0166666675,,19,0,19,0,3,0,,0|0|0.899999976|0|0|0|0,0|0|0.899999976|0|0|0|0
2768,2768,6,1,1,255,255,0,0,0,0.0166666675,,19,0,19,0,3,0,,0|0|0.899999976|0|0|0|0,0|0|0.899999976|0|0|0|0
2769,2769,6,1,1,255,255,0,0,0,0.0166666675,,19,0,19,0,3,0,,0|0|0.899999976|0|0|0|0,0|0|0.899999976|0|0|0|0
2770,2770,6,1,1,255,255,0,0,0,0.0166666675,,19,0,19,0,3,0,,0|0|0.899999976|0|0|0|0,0|0|0.899999976|0|0|0|0
2771,2771,6,1,1,255,255,0,0,0,0.0166666675,,19,0,19,0,3,0,,0|0|0.899999976|0|0|0|0,0|0|0.899999976|0|0|0|0
2772,2772,6,1,1,255,255,0,0,0,0.0166666675,,19,0,19,0,3,0,,0|0|0.899999976|0|0|0|0,0|0|0.899999976|0|0|0|0
2773,2773,6,1,1,255,255,0,0,0,0.0166666675,,19,0,19,0,3,0,,0|0|0.899999976|0|0|0|0,0|0|0.899999976|0|0|0|0
2774,2774,6,1,1,255,255,0,0,0,0.0166666675,,19,0,19,0,3,0,,0|0|0.899999976|0|0|0|0,0|0|0.899999976|0|0|0|0
2775,2775,6,1,1,255,255,0,0,0,0.0166666675,,19,0,19,0,3,0,,0|0|0.899999976|0|0|0|0,0|0|0.899999976|0|0|0|0
2776,2776,6,1,1,255,255,0,0,0,0.0166666675,,19,0,19,0,3,0,,0|0|0.899999976|0|0|0|0,0|0|0.899999976|0|0|0|0
2777,2777,6,1,1,255,255,0,0,0,0.0166666675,,19,0,19,0,3,0,,0|0|0.899999976|0|0|0|0,0|0|0.899999976|0|0|0|0
2778,2778,6,1,1,255,255,0,0,0,0.0166666675,,19,0,19,0,3,0,,0|0|0.899999976|0|0|0|0,0|0|0.899999976|0|0|0|0
2779,2779,6,1,1,255,255,0,0,0,0.0166666675,,19,0,19,0,3,0,,0|0|0.899999976|0|0|0|0,0|0|0.899999976|0|0|0|0
2780,2780,6,1,1,255,255,0,0,0,0.0166666675,,19,0,19,0,3,0,,0|0|0.899999976|0|0|0|0,0|0|0.899999976|0|0|0|0
2781,2781,6,1,1,255,255,0,0,0,0.0166666675,,19,0,19,0,3,0,,0|0|0.899999976|0|0|0|0,0|0|0.899999976|0|0|0|0
2782,2782,6,1,1,255,255,0,0,0,0.0166666675,,19,0,19,0,3,0,,0|0|0.899999976|0|0|0|0,0|0|0.899999976|0|0|0|0
2783,2783,6,1,1,255,255,0,0,0,0.0166666675,,19,0,19,0,3,0,,0|0|0.899999976|0|0|0|0,0|0|0.899999976|0|0|0|0
2784,2784,6,1,1,255,255,0,0,0,0.0166666675,,19,0,19,0,3,0,,0|0|0.899999976|0|0|0|0,0|0|0.899999976|0|0|0|0
2785,2785,6,1,1,255,255,0,0,0,0.0166666675,,19,0,19,0,3,0,,0|0|0.899999976|0|0|0|0,0|0|0.899999976|0|0|0|0
2786,2786,6,1,1,255,255,0,0,0,0.0166666675,,19,0,19,0,3,0,,0|0|0.899999976|0|0|0|0,0|0|0.899999976|0|0|0|0
2787,2787,6,1,1,255,255,0,0,0,0.0166666675,,19,0,19,0,3,0,,0|0|0.899999976|0|0|0|0,0|0|0.899999976|0|0|0|0
2788,2788,6,1,1,255,255,0,0,0,0.0166666675,,19,0,19,0,3,0,,0|0|0.899999976|0|0|0|0,0|0|0.899999976|0|0|0|0
2789,2789,6,1,1,255,255,0,0,0,0.0166666675,,19,0,19,0,3,0,,0|0|0.899999976|0|0|0|0,0|0|0.899999976|0|0|0|0
2790,2790,6,1,1,255,255,0,0,0,0.0166666675,,19,0,19,0,3,0,,0|0|0.899999976|0|0|0|0,0|0|0.899999976|0|0|0|0
2791,2791,6,1,1,255,255,0,0,0,0.0166666675,,19,0,19,0,3,0,,0|0|0.899999976|0|0|0|0,0|0|0.899999976|0|0|0|0
2792,2792,6,1,1,255,255,0,0,0,0.0166666675,,19,0,19,0,3,0,,0|0|0.899999976|0|0|0|0,0|0|0.899999976|0|0|0|0
2793,2793,6,1,1,255,255,0,0,0,0.0166666675,,19,0,19,0,3,0,,0|0|0.899999976|0|0|0|0,0|0|0.899999976|0|0|0|0
2794,2794,6,1,1,255,255,0,0,0,0.0166666675,,19,0,19,0,3,0,,0|0|0.899999976|0|0|0|0,0|0|0.899999976|0|0|0|0
2795,2795,6,1,1,255,255,0,0,0,0.0166666675,,19,0,19,0,3,0,,0|0|0.899999976|0|0|0|0,0|0|0.899999976|0|0|0|0
2796,2796,6,1,1,255,255,0,0,0,0.0166666675,,19,0,19,0,3,0,,0|0|0.899999976|0|0|0|0,0|0|0.899999976|0|0|0|0
2797,2797,6,1,1,255,255,0,0,0,0.0166666675,,19,0,19,0,3,0,,0|0|0.899999976|0|0|0|0,0|0|0.899999976|0|0|0|0
2798,2798,6,1,1,255,255,0,0,0,0.0166666675,,19,0,19,0,3,0,,0|0|0.899999976|0|0|0|0,0|0|0.899999976|0|0|0|0
2799,2799,6,1,1,255,255,0,0,0,0.0166666675,,19,0,19,0,3,0,,0|0|0.899999976|0|0|0|0,0|0|0.899999976|0|0|0|0
2800,2800,6,1,1,255,255,0,0,0,0.0166666675,,19,0,19,0,3,0,,0|0|0.899999976|0|0|0|0,0|0|0.899999976|0|0|0|0
2801,2801,6,1,1,255,255,0,0,0,0.0166666675,,19,0,19,0,3,0,,0|0|0.899999976|0|0|0|0,0|0|0.899999976|0|0|0|0
2802,2802,6,1,1,255,255,0,0,0,0.0166666675,,19,0,19,0,3,0,,0|0|0.899999976|0|0|0|0,0|0|0.899999976|0|0|0|0
2803,2803,6,1,1,255,255,0,0,0,0.0166666675,,19,0,19,0,3,0,,0|0|0.899999976|0|0|0|0,0|0|0.899999976|0|0|0|0
2804,2804,6,1,1,255,255,0,0,0,0.0166666675,,19,0,19,0,3,0,,0|0|0.899999976|0|0|0|0,0|0|0.899999976|0|0|0|0
2805,2805,6,1,1,255,255,0,0,0,0.0166666675,,19,0,19,0,3,0,,0|0|0.899999976|0|0|0|0,0|0|0.899999976|0|0|0|0
2806,2806,6,1,1,255,255,0,0,0,0.0166666675,,19,0,19,0,3,0,,0|0|0.899999976|0|0|0|0,0|0|0.899999976|0|0|0|0
2807,2807,6,1,1,255,255,0,0,0,0.0166666675,,19,0,19,0,3,0,,0|0|0.899999976|0|0|0|0,0|0|0.899999976|0|0|0|0
2808,2808,6,1,1,255,255,0,0,0,0.0166666675,,19,0,19,0,3,0,,0|0|0.899999976|0|0|0|0,0|0|0.899999976|0|0|0|0
2809,2809,6,1,1,255,255,0,0,0,0.0166666675,,19,0,19,0,3,0,,0|0|0.899999976|0|0|0|0,0|0|0.899999976|0|0|0|0
2810,2810,6,1,1,255,255,0,0,0,0.0166666675,,19,0,19,0,3,0,,0|0|0.899999976|0|0|0|0,0|0|0.899999976|0|0|0|0
2811,2811,6,1,1,255,255,0,0,0,0.0166666675,,19,0,19,0,3,0,,0|0|0.899999976|0|0|0|0,0|0|0.899999976|0|0|0|0
2812,2812,6,1,1,255,255,0,0,0,0.0166666675,,19,0,19,0,3,0,,0|0|0.899999976|0|0|0|0,0|0|0.899999976|0|0|0|0
2813,2813,6,1,1,255,255,0,0,0,0.0166666675,,19,0,19,0,3,0,,0|0|0.899999976|0|0|0|0,0|0|0.899999976|0|0|0|0
2814,2814,6,1,1,255,255,0,0,0,0.0166666675,,19,0,19,0,3,0,,0|0|0.899999976|0|0|0|0,0|0|0.899999976|0|0|0|0
2815,2815,6,1,1,255,255,0,0,0,0.0166666675,,19,0,19,0,3,0,,0|0|0.899999976|0|0|0|0,0|0|0.899999976|0|0|0|0
2816,2816,6,1,1,255,255,0,0,0,0.0166666675,,19,0,19,0,3,0,,0|0|0.899999976|0|0|0|0,0|0|0.899999976|0|0|0|0
2817,2817,6,1,1,255,255,0,0,0,0.0166666675,,19,0,19,0,3,0,,0|0|0.899999976|0|0|0|0,0|0|0.899999976|0|0|0|0
2818,2818,6,1,1,255,255,0,0,0,0.0166666675,,19,0,19,0,3,0,,0|0|0.899999976|0|0|0|0,0|0|0.899999976|0|0|0|0
2819,2819,6,1,1,255,255,0,0,0,0.0166666675,,19,0,19,0,3,0,,0|0|0.899999976|0|0|0|0,0|0|0.899999976|0|0|0|0
2820,2820,6,1,1,255,255,0,0,0,0.0166666675,,19,0,19,0,3,0,,0|0|0.899999976|0|0|0|0,0|0|0.899999976|0|0|0|0
2821,2821,6,1,1,255,255,0,0,0,0.0166666675,,19,0,19,0,3,0,,0|0|0.899999976|0|0|0|0,0|0|0.899999976|0|0|0|0
2822,2822,6,1,1,255,255,0,0,0,0.0166666675,,19,0,19,0,3,0,,0|0|0.899999976|0|0|0|0,0|0|0.899999976|0|0|0|0
2823,2823,6,1,1,255,255,0,0,0,0.0166666675,,19,0,19,0,3,0,,0|0|0.899999976|0|0|0|0,0|0|0.899999976|0|0|0|0
2824,2824,6,1,1,255,255,0,0,0,0.0166666675,,19,0,19,0,3,0,,0|0|0.899999976|0|0|0|0,0|0|0.899999976|0|0|0|0
2825,2825,6,1,1,255,255,0,0,0,0.0166666675,,19,0,19,0,3,0,,0|0|0.899999976|0|0|0|0,0|0|0.899999976|0|0|0|0
2826,2826,6,1,1,255,255,0,0,0,0.0166666675,,19,0,19,0,3,0,,0|0|0.899999976|0|0|0|0,0|0|0.899999976|0|0|0|0
2827,2827,6,1,1,255,255,0,0,0,0.0166666675,,19,0,19,0,3,0,,0|0|0.899999976|0|0|0|0,0|0|0.899999976|0|0|0|0
2828,2828,6,1,1,255,255,0,0,0,0.0166666675,,19,0,19,0,3,0,,0|0|0.899999976|0|0|0|0,0|0|0.899999976|0|0|0|0
2829,2829,6,1,1,255,255,0,0,0,0.0166666675,,19,0,19,0,3,0,,0|0|0.899999976|0|0|0|0,0|0|0.899999976|0|0|0|0
2830,2830,6,1,1,255,255,0,0,0,0.0166666675,,19,0,19,0,3,0,,0|0|0.899999976|0|0|0|0,0|0|0.899999976|0|0|0|0
2831,2831,6,1,1,255,255,0,0,0,0.0166666675,,19,0,19,0,3,0,,0|0|0.899999976|0|0|0|0,0|0|0.899999976|0|0|0|0
2832,2832,6,1,1,255,255,0,0,0,0.0166666675,,19,0,19,0,3,0,,0|0|0.899999976|0|0|0|0,0|0|0.899999976|0|0|0|0
2833,2833,6,1,1,255,255,0,0,0,0.0166666675,,19,0,19,0,3,0,,0|0|0.899999976|0|0|0|0,0|0|0.899999976|0|0|0|0
2834,2834,6,1,1,255,255,0,0,0,0.0166666675,,19,0,19,0,3,0,,0|0|0.899999976|0|0|0|0,0|0|0.899999976|0|0|0|0
2835,2835,6,1,1,255,255,0,0,0,0.0166666675,,19,0,19,0,3,0,,0|0|0.899999976|0|0|0|0,0|0|0.899999976|0|0|0|0
2836,2836,6,1,1,255,255,0,0,0,0.0166666675,,19,0,19,0,3,0,,0|0|0.899999976|0|0|0|0,0|0|0.899999976|0|0|0|0
2837,2837,6,1,1,255,255,0,0,0,0.0166666675,,19,0,19,0,3,0,,0|0|0.899999976|0|0|0|0,0|0|0.899999976|0|0|0|0
2838,2838,6,1,1,255,255,0,0,0,0.0166666675,,19,0,19,0,3,0,,0|0|0.899999976|0|0|0|0,0|0|0.899999976|0|0|0|0
2839,2839,6,1,1,255,255,0,0,0,0.0166666675,,19,0,19,0,3,0,,0|0|0.899999976|0|0|0|0,0|0|0.899999976|0|0|0|0
2840,2840,6,1,1,255,255,0,0,0,0.0166666675,,19,0,19,0,3,0,,0|0|0.899999976|0|0|0|0,0|0|0.899999976|0|0|0|0
2841,2841,6,1,1,255,255,0,0,0,0.0166666675,,19,0,19,0,3,0,,0|0|0.899999976|0|0|0|0,0|0|0.899999976|0|0|0|0
2842,2842,6,1,1,255,255,0,0,0,0.0166666675,,19,0,19,0,3,0,,0|0|0.899999976|0|0|0|0,0|0|0.899999976|0|0|0|0
2843,2843,6,1,1,255,255,0,0,0,0.0166666675,,19,0,19,0,3,0,,0|0|0.899999976|0|0|0|0,0|0|0.899999976|0|0|0|0
2844,2844,6,1,1,255,255,0,0,0,0.0166666675,,19,0,19,0,3,0,,0|0|0.899999976|0|0|0|0,0|0|0.899999976|0|0|0|0
2845,2845,6,1,1,255,255,0,0,0,0.0166666675,,19,0,19,0,3,0,,0|0|0.899999976|0|0|0|0,0|0|0.899999976|0|0|0|0
2846,2846,6,1,1,255,255,0,0,0,0.0166666675,,19,0,19,0,3,0,,0|0|0.899999976|0|0|0|0,0|0|0.899999976|0|0|0|0
2847,2847,6,1,1,255,255,0,0,0,0.0166666675,,19,0,19,0,3,0,,0|0|0.899999976|0|0|0|0,0|0|0.899999976|0|0|0|0
2848,2848,6,1,1,255,255,0,0,0,0.0166666675,,19,0,19,0,3,0,,0|0|0.899999976|0|0|0|0,0|0|0.899999976|0|0|0|0
2849,2849,6,1,1,255,255,0,0,0,0.0166666675,,19,0,19,0,3,0,,0|0|0.899999976|0|0|0|0,0|0|0.899999976|0|0|0|0
2850,2850,6,1,1,255,255,0,0,0,0.0166666675,,19,0,19,0,3,0,,0|0|0.899999976|0|0|0|0,0|0|0.899999976|0|0|0|0
2851,2851,6,1,1,255,255,0,0,0,0.0166666675,,19,0,19,0,3,0,,0|0|0.899999976|0|0|0|0,0|0|0.899999976|0|0|0|0
2852,2852,6,1,1,255,255,0,0,0,0.0166666675,,19,0,19,0,3,0,,0|0|0.899999976|0|0|0|0,0|0|0.899999976|0|0|0|0
2853,2853,6,1,1,255,255,0,0,0,0.0166666675,,19,0,19,0,3,0,,0|0|0.899999976|0|0|0|0,0|0|0.899999976|0|0|0|0
2854,2854,6,1,1,255,255,0,0,0,0.0166666675,,19,0,19,0,3,0,,0|0|0.899999976|0|0|0|0,0|0|0.899999976|0|0|0|0
2855,2855,6,1,1,255,255,0,0,0,0.0166666675,,19,0,19,0,3,0,,0|0|0.899999976|0|0|0|0,0|0|0.899999976|0|0|0|0
2856,2856,6,1,1,255,255,0,0,0,0.0166666675,,19,0,19,0,3,0,,0|0|0.899999976|0|0|0|0,0|0|0.899999976|0|0|0|0
2857,2857,6,1,1,255,255,0,0,0,0.0166666675,,19,0,19,0,3,0,,0|0|0.899999976|0|0|0|0,0|0|0.899999976|0|0|0|0
2858,2858,6,1,1,255,255,0,0,0,0.0166666675,,19,0,19,0,3,0,,0|0|0.899999976|0|0|0|0,0|0|0.899999976|0|0|0|0
2859,2859,6,1,1,255,255,0,0,0,0.0166666675,,19,0,19,0,3,0,,0|0|0.899999976|0|0|0|0,0|0|0.899999976|0|0|0|0
2860,2860,6,1,1,255,255,0,0,0,0.0166666675,,19,0,19,0,3,0,,0|0|0.899999976|0|0|0|0,0|0|0.899999976|0|0|0|0
2861,2861,6,1,1,255,255,0,0,0,0.0166666675,,19,0,19,0,3,0,,0|0|0.899999976|0|0|0|0,0|0|0.899999976|0|0|0|0
2862,2862,6,1,1,255,255,0,0,0,0.0166666675,,19,0,19,0,3,0,,0|0|0.899999976|0|0|0|0,0|0|0.899999976|0|0|0|0
2863,2863,6,1,1,255,255,0,0,0,0.0166666675,,19,0,19,0,3,0,,0|0|0.899999976|0|0|0|0,0|0|0.899999976|0|0|0|0
2864,2864,6,1,1,255,255,0,0,0,0.0166666675,,19,0,19,0,3,0,,0|0|0.899999976|0|0|0|0,0|0|0.899999976|0|0|0|0
2865,2865,6,1,1,255,255,0,0,0,0.0166666675,,19,0,19,0,3,0,,0|0|0.899999976|0|0|0|0,0|0|0.899999976|0|0|0|0
2866,2866,6,1,1,255,255,0,0,0,0.0166666675,,19,0,19,0,3,0,,0|0|0.899999976|0|0|0|0,0|0|0.899999976|0|0|0|0
2867,2867,6,1,1,255,255,0,0,0,0.0166666675,,19,0,19,0,3,0,,0|0|0.899999976|0|0|0|0,0|0|0.899999976|0|0|0|0
2868,2868,6,1,1,255,255,0,0,0,0.0166666675,,19,0,19,0,3,0,,0|0|0.899999976|0|0|0|0,0|0|0.899999976|0|0|0|0
2869,2869,6,1,1,255,255,0,0,0,0.0166666675,,19,0,19,0,3,0,,0|0|0.899999976|0|0|0|0,0|0|0.899999976|0|0|0|0
2870,2870,6,1,1,255,255,0,0,0,0.0166666675,,19,0,19,0,3,0,,0|0|0.899999976|0|0|0|0,0|0|0.899999976|0|0|0|0
2871,2871,6,1,1,255,255,0,0,0,0.0166666675,,19,0,19,0,3,0,,0|0|0.899999976|0|0|0|0,0|0|0.899999976|0|0|0|0
2872,2872,6,1,1,255,255,0,0,0,0.0166666675,,19,0,19,0,3,0,,0|0|0.899999976|0|0|0|0,0|0|0.899999976|0|0|0|0
2873,2873,6,1,1,255,255,0,0,0,0.0166666675,,19,0,19,0,3,0,,0|0|0.899999976|0|0|0|0,0|0|0.899999976|0|0|0|0
2874,2874,6,1,1,255,255,0,0,0,0.0166666675,,19,0,19,0,3,0,,0|0|0.899999976|0|0|0|0,0|0|0.899999976|0|0|0|0
2875,2875,6,1,1,255,255,0,0,0,0.0166666675,,19,0,19,0,3,0,,0|0|0.899999976|0|0|0|0,0|0|0.899999976|0|0|0|0
2876,2876,6,1,1,255,255,0,0,0,0.0166666675,,19,0,19,0,3,0,,0|0|0.899999976|0|0|0|0,0|0|0.899999976|0|0|0|0
2877,2877,6,1,1,255,255,0,0,0,0.0166666675,,19,0,19,0,3,0,,0|0|0.899999976|0|0|0|0,0|0|0.899999976|0|0|0|0
2878,2878,6,1,1,255,255,0,0,0,0.0166666675,,19,0,19,0,3,0,,0|0|0.899999976|0|0|0|0,0|0|0.899999976|0|0|0|0
2879,2879,6,1,1,255,255,0,0,0,0.0166666675,,19,0,19,0,3,0,,0|0|0.899999976|0|0|0|0,0|0|0.899999976|0|0|0|0
2880,2880,6,1,1,255,255,0,0,0,0.0166666675,,19,0,19,0,3,0,,0|0|0.899999976|0|0|0|0,0|0|0.899999976|0|0|0|0
2881,2881,6,1,1,255,255,0,0,0,0.0166666675,,19,0,19,0,3,0,,0|0|0.899999976|0|0|0|0,0|0|0.899999976|0|0|0|0
2882,2882,6,1,1,255,255,0,0,0,0.0166666675,,19,0,19,0,3,0,,0|0|0.899999976|0|0|0|0,0|0|0.899999976|0|0|0|0
2883,2883,6,1,1,255,255,0,0,0,0.0166666675,,19,0,19,0,3,0,,0|0|0.899999976|0|0|0|0,0|0|0.899999976|0|0|0|0
2884,2884,6,1,1,255,255,0,0,0,0.0166666675,,19,0,19,0,3,0,,0|0|0.899999976|0|0|0|0,0|0|0.899999976|0|0|0|0
2885,2885,6,1,1,255,255,0,0,0,0.0166666675,,19,0,19,0,3,0,,0|0|0.899999976|0|0|0|0,0|0|0.899999976|0|0|0|0
2886,2886,6,1,1,255,255,0,0,0,0.0166666675,,19,0,19,0,3,0,,0|0|0.899999976|0|0|0|0,0|0|0.899999976|0|0|0|0
2887,2887,6,1,1,255,255,0,0,0,0.0166666675,,19,0,19,0,3,0,,0|0|0.899999976|0|0|0|0,0|0|0.899999976|0|0|0|0
2888,2888,6,1,1,255,255,0,0,0,0.0166666675,,19,0,19,0,3,0,,0|0|0.899999976|0|0|0|0,0|0|0.899999976|0|0|0|0
2889,2889,6,1,1,255,255,0,0,0,0.0166666675,,19,0,19,0,3,0,,0|0|0.899999976|0|0|0|0,0|0|0.899999976|0|0|0|0
2890,2890,6,1,1,255,255,0,0,0,0.0166666675,,19,0,19,0,3,0,,0|0|0.899999976|0|0|0|0,0|0|0.899999976|0|0|0|0
2891,2891,6,1,1,255,255,0,0,0,0.0166666675,,19,0,19,0,3,0,,0|0|0.899999976|0|0|0|0,0|0|0.899999976|0|0|0|0
2892,2892,6,1,1,255,255,0,0,0,0.0166666675,,19,0,19,0,3,0,,0|0|0.899999976|0|0|0|0,0|0|0.899999976|0|0|0|0
2893,2893,6,1,1,255,255,0,0,0,0.0166666675,,19,0,19,0,3,0,,0|0|0.899999976|0|0|0|0,0|0|0.899999976|0|0|0|0
2894,2894,6,1,1,255,255,0,0,0,0.0166666675,,19,0,19,0,3,0,,0|0|0.899999976|0|0|0|0,0|0|0.899999976|0|0|0|0
2895,2895,6,1,1,255,255,0,0,0,0.0166666675,,19,0,19,0,3,0,,0|0|0.899999976|0|0|0|0,0|0|0.899999976|0|0|0|0
2896,2896,6,1,1,255,255,0,0,0,0.0166666675,,19,0,19,0,3,0,,0|0|0.899999976|0|0|0|0,0|0|0.899999976|0|0|0|0
2897,2897,6,1,1,255,255,0,0,0,0.0166666675,,19,0,19,0,3,0,,0|0|0.899999976|0|0|0|0,0|0|0.899999976|0|0|0|0
2898,2898,6,1,1,255,255,0,0,0,0.0166666675,,19,0,19,0,3,0,,0|0|0.899999976|0|0|0|0,0|0|0.899999976|0|0|0|0
2899,2899,6,1,1,255,255,0,0,0,0.0166666675,,19,0,19,0,3,0,,0|0|0.899999976|0|0|0|0,0|0|0.899999976|0|0|0|0
2900,2900,6,1,1,255,255,0,0,0,0.0166666675,,19,0,19,0,3,0,,0|0|0.899999976|0|0|0|0,0|0|0.899999976|0|0|0|0
2901,2901,6,1,1,255,255,0,0,0,0.0166666675,,19,0,19,0,3,0,,0|0|0.899999976|0|0|0|0,0|0|0.899999976|0|0|0|0
2902,2902,6,1,1,255,255,0,0,0,0.0166666675,,19,0,19,0,3,0,,0|0|0.899999976|0|0|0|0,0|0|0.899999976|0|0|0|0
2903,2903,6,1,1,255,255,0,0,0,0.0166666675,,19,0,19,0,3,0,,0|0|0.899999976|0|0|0|0,0|0|0.899999976|0|0|0|0
2904,2904,6,1,1,255,255,0,0,0,0.0166666675,,19,0,19,0,3,0,,0|0|0.899999976|0|0|0|0,0|0|0.899999976|0|0|0|0
2905,2905,6,1,1,255,255,0,0,0,0.0166666675,,19,0,19,0,3,0,,0|0|0.899999976|0|0|0|0,0|0|0.899999976|0|0|0|0
2906,2906,6,1,1,255,255,0,0,0,0.0166666675,,19,0,19,0,3,0,,0|0|0.899999976|0|0|0|0,0|0|0.899999976|0|0|0|0
2907,2907,6,1,1,255,255,0,0,0,0.0166666675,,19,0,19,0,3,0,,0|0|0.899999976|0|0|0|0,0|0|0.899999976|0|0|0|0
2908,2908,6,1,1,255,255,0,0,0,0.0166666675,,19,0,19,0,3,0,,0|0|0.899999976|0|0|0|0,0|0|0.899999976|0|0|0|0
2909,2909,6,1,1,255,255,0,0,0,0.0166666675,,19,0,19,0,3,0,,0|0|0.899999976|0|0|0|0,0|0|0.899999976|0|0|0|0
2910,2910,6,1,1,255,255,0,0,0,0.0166666675,,19,0,19,0,3,0,,0|0|0.899999976|0|0|0|0,0|0|0.899999976|0|0|0|0
2911,2911,6,1,1,255,255,0,0,0,0.0166666675,,19,0,19,0,3,0,,0|0|0.899999976|0|0|0|0,0|0|0.899999976|0|0|0|0
2912,2912,6,1,1,255,255,0,0,0,0.0166666675,,19,0,19,0,3,0,,0|0|0.899999976|0|0|0|0,0|0|0.899999976|0|0|0|0
2913,2913,6,1,1,255,255,0,0,0,0.0166666675,,19,0,19,0,3,0,,0|0|0.899999976|0|0|0|0,0|0|0.899999976|0|0|0|0
2914,2914,6,1,1,255,255,0,0,0,0.0166666675,,19,0,19,0,3,0,,0|0|0.899999976|0|0|0|0,0|0|0.899999976|0|0|0|0
2915,2915,6,1,1,255,255,0,0,0,0.0166666675,,19,0,19,0,3,0,,0|0|0.899999976|0|0|0|0,0|0|0.899999976|0|0|0|0
2916,2916,6,1,1,255,255,0,0,0,0.0166666675,,19,0,19,0,3,0,,0|0|0.899999976|0|0|0|0,0|0|0.899999976|0|0|0|0
2917,2917,6,1,1,255,255,0,0,0,0.0166666675,,19,0,19,0,3,0,,0|0|0.899999976|0|0|0|0,0|0|0.899999976|0|0|0|0
2918,2918,6,1,1,255,255,0,0,0,0.0166666675,,19,0,19,0,3,0,,0|0|0.899999976|0|0|0|0,0|0|0.899999976|0|0|0|0
2919,2919,6,1,1,255,255,0,0,0,0.0166666675,,19,0,19,0,3,0,,0|0|0.899999976|0|0|0|0,0|0|0.899999976|0|0|0|0
2920,2920,6,1,1,255,255,0,0,0,0.0166666675,,19,0,19,0,3,0,,0|0|0.899999976|0|0|0|0,0|0|0.899999976|0|0|0|0
2921,2921,6,1,1,255,255,0,0,0,0.0166666675,,19,0,19,0,3,0,,0|0|0.899999976|0|0|0|0,0|0|0.899999976|0|0|0|0
2922,2922,6,1,1,255,255,0,0,0,0.0166666675,,19,0,19,0,3,0,,0|0|0.899999976|0|0|0|0,0|0|0.899999976|0|0|0|0
2923,2923,6,1,1,255,255,0,0,0,0.0166666675,,19,0,19,0,3,0,,0|0|0.899999976|0|0|0|0,0|0|0.899999976|0|0|0|0
2924,2924,6,1,1,255,255,0,0,0,0.0166666675,,19,0,19,0,3,0,,0|0|0.899999976|0|0|0|0,0|0|0.899999976|0|0|0|0
2925,2925,6,1,1,255,255,0,0,0,0.0166666675,,19,0,19,0,3,0,,0|0|0.899999976|0|0|0|0,0|0|0.899999976|0|0|0|0
2926,2926,6,1,1,255,255,0,0,0,0.0166666675,,19,0,19,0,3,0,,0|0|0.899999976|0|0|0|0,0|0|0.899999976|0|0|0|0
2927,2927,6,1,1,255,255,0,0,0,0.0166666675,,19,0,19,0,3,0,,0|0|0.899999976|0|0|0|0,0|0|0.899999976|0|0|0|0
2928,2928,6,1,1,255,255,0,0,0,0.0166666675,,19,0,19,0,3,0,,0|0|0.899999976|0|0|0|0,0|0|0.899999976|0|0|0|0
2929,2929,6,1,1,255,255,0,0,0,0.0166666675,,19,0,19,0,3,0,,0|0|0.899999976|0|0|0|0,0|0|0.899999976|0|0|0|0
2930,2930,6,1,1,255,255,0,0,0,0.0166666675,,19,0,19,0,3,0,,0|0|0.899999976|0|0|0|0,0|0|0.899999976|0|0|0|0
2931,2931,6,1,1,255,255,0,0,0,0.0166666675,,19,0,19,0,3,0,,0|0|0.899999976|0|0|0|0,0|0|0.899999976|0|0|0|0
2932,2932,6,1,1,255,255,0,0,0,0.0166666675,,19,0,19,0,3,0,,0|0|0.899999976|0|0|0|0,0|0|0.899999976|0|0|0|0
2933,2933,6,1,1,255,255,0,0,0,0.0166666675,,19,0,19,0,3,0,,0|0|0.899999976|0|0|0|0,0|0|0.899999976|0|0|0|0
2934,2934,6,1,1,255,255,0,0,0,0.0166666675,,19,0,19,0,3,0,,0|0|0.899999976|0|0|0|0,0|0|0.899999976|0|0|0|0
2935,2935,6,1,1,255,255,0,0,0,0.0166666675,,19,0,19,0,3,0,,0|0|0.899999976|0|0|0|0,0|0|0.899999976|0|0|0|0
2936,2936,6,1,1,255,255,0,0,0,0.0166666675,,19,0,19,0,3,0,,0|0|0.899999976|0|0|0|0,0|0|0.899999976|0|0|0|0
2937,2937,6,1,1,255,255,0,0,0,0.0166666675,,19,0,19,0,3,0,,0|0|0.899999976|0|0|0|0,0|0|0.899999976|0|0|0|0
2938,2938,6,1,1,255,255,0,0,0,0.0166666675,,19,0,19,0,3,0,,0|0|0.899999976|0|0|0|0,0|0|0.899999976|0|0|0|0
2939,2939,6,1,1,255,255,0,0,0,0.0166666675,,19,0,19,0,3,0,,0|0|0.899999976|0|0|0|0,0|0|0.899999976|0|0|0|0
2940,2940,6,1,1,255,255,0,0,0,0.0166666675,,19,0,19,0,3,0,,0|0|0.899999976|0|0|0|0,0|0|0.899999976|0|0|0|0
2941,2941,6,1,1,255,255,0,0,0,0.0166666675,,19,0,19,0,3,0,,0|0|0.899999976|0|0|0|0,0|0|0.899999976|0|0|0|0
2942,2942,6,1,1,255,255,0,0,0,0.0166666675,,19,0,19,0,3,0,,0|0|0.899999976|0|0|0|0,0|0|0.899999976|0|0|0|0
2943,2943,6,1,1,255,255,0,0,0,0.0166666675,,19,0,19,0,3,0,,0|0|0.899999976|0|0|0|0,0|0|0.899999976|0|0|0|0
2944,2944,6,1,1,255,255,0,0,0,0.0166666675,,19,0,19,0,3,0,,0|0|0.899999976|0|0|0|0,0|0|0.899999976|0|0|0|0
2945,2945,6,1,1,255,255,0,0,0,0.0166666675,,19,0,19,0,3,0,,0|0|0.899999976|0|0|0|0,0|0|0.899999976|0|0|0|0
2946,2946,6,1,1,255,255,0,0,0,0.0166666675,,19,0,19,0,3,0,,0|0|0.899999976|0|0|0|0,0|0|0.899999976|0|0|0|0
2947,2947,6,1,1,255,255,0,0,0,0.0166666675,,19,0,19,0,3,0,,0|0|0.899999976|0|0|0|0,0|0|0.899999976|0|0|0|0
2948,2948,6,1,1,255,255,0,0,0,0.0166666675,,19,0,19,0,3,0,,0|0|0.899999976|0|0|0|0,0|0|0.899999976|0|0|0|0
2949,2949,6,1,1,255,255,0,0,0,0.0166666675,,19,0,19,0,3,0,,0|0|0.899999976|0|0|0|0,0|0|0.899999976|0|0|0|0
2950,2950,6,1,1,255,255,0,0,0,0.0166666675,,19,0,19,0,3,0,,0|0|0.899999976|0|0|0|0,0|0|0.899999976|0|0|0|0
2951,2951,6,1,1,255,255,0,0,0,0.0166666675,,19,0,19,0,3,0,,0|0|0.899999976|0|0|0|0,0|0|0.899999976|0|0|0|0
2952,2952,6,1,1,255,255,0,0,0,0.0166666675,,19,0,19,0,3,0,,0|0|0.899999976|0|0|0|0,0|0|0.899999976|0|0|0|0
2953,2953,6,1,1,255,255,0,0,0,0.0166666675,,19,0,19,0,3,0,,0|0|0.899999976|0|0|0|0,0|0|0.899999976|0|0|0|0
2954,2954,6,1,1,255,255,0,0,0,0.0166666675,,19,0,19,0,3,0,,0|0|0.899999976|0|0|0|0,0|0|0.899999976|0|0|0|0
2955,2955,6,1,1,255,255,0,0,0,0.0166666675,,19,0,19,0,3,0,,0|0|0.899999976|0|0|0|0,0|0|0.899999976|0|0|0|0
2956,2956,6,1,1,255,255,0,0,0,0.0166666675,,19,0,19,0,3,0,,0|0|0.899999976|0|0|0|0,0|0|0.899999976|0|0|0|0
2957,2957,6,1,1,255,255,0,0,0,0.0166666675,,19,0,19,0,3,0,,0|0|0.899999976|0|0|0|0,0|0|0.899999976|0|0|0|0
2958,2958,6,1,1,255,255,0,0,0,0.0166666675,,19,0,19,0,3,0,,0|0|0.899999976|0|0|0|0,0|0|0.899999976|0|0|0|0
2959,2959,6,1,1,255,255,0,0,0,0.0166666675,,19,0,19,0,3,0,,0|0|0.899999976|0|0|0|0,0|0|0.899999976|0|0|0|0
2960,2960,6,1,1,255,255,0,0,0,0.0166666675,,19,0,19,0,3,0,,0|0|0.899999976|0|0|0|0,0|0|0.899999976|0|0|0|0
2961,2961,6,1,1,255,255,0,0,0,0.0166666675,,19,0,19,0,3,0,,0|0|0.899999976|0|0|0|0,0|0|0.899999976|0|0|0|0
2962,2962,6,1,1,255,255,0,0,0,0.0166666675,,19,0,19,0,3,0,,0|0|0.899999976|0|0|0|0,0|0|0.899999976|0|0|0|0
2963,2963,6,1,1,255,255,0,0,0,0.0166666675,,19,0,19,0,3,0,,0|0|0.899999976|0|0|0|0,0|0|0.899999976|0|0|0|0
2964,2964,6,1,1,255,255,0,0,0,0.0166666675,,19,0,19,0,3,0,,0|0|0.899999976|0|0|0|0,0|0|0.899999976|0|0|0|0
2965,2965,6,1,1,255,255,0,0,0,0.0166666675,,19,0,19,0,3,0,,0|0|0.899999976|0|0|0|0,0|0|0.899999976|0|0|0|0
2966,2966,6,1,1,255,255,0,0,0,0.0166666675,,19,0,19,0,3,0,,0|0|0.899999976|0|0|0|0,0|0|0.899999976|0|0|0|0
2967,2967,6,1,1,255,255,0,0,0,0.0166666675,,19,0,19,0,3,0,,0|0|0.899999976|0|0|0|0,0|0|0.899999976|0|0|0|0
2968,2968,6,1,1,255,255,0,0,0,0.0166666675,,19,0,19,0,3,0,,0|0|0.899999976|0|0|0|0,0|0|0.899999976|0|0|0|0
2969,2969,6,1,1,255,255,0,0,0,0.0166666675,,19,0,19,0,3,0,,0|0|0.899999976|0|0|0|0,0|0|0.899999976|0|0|0|0
2970,2970,6,1,1,255,255,0,0,0,0.0166666675,,19,0,19,0,3,0,,0|0|0.899999976|0|0|0|0,0|0|0.899999976|0|0|0|0
2971,2971,6,1,1,255,255,0,0,0,0.0166666675,,19,0,19,0,3,0,,0|0|0.899999976|0|0|0|0,0|0|0.899999976|0|0|0|0
2972,2972,6,1,1,255,255,0,0,0,0.0166666675,,19,0,19,0,3,0,,0|0|0.899999976|0|0|0|0,0|0|0.899999976|0|0|0|0
2973,2973,6,1,1,255,255,0,0,0,0.0166666675,,19,0,19,0,3,0,,0|0|0.899999976|0|0|0|0,0|0|0.899999976|0|0|0|0
2974,2974,6,1,1,255,255,0,0,0,0.0166666675,,19,0,19,0,3,0,,0|0|0.899999976|0|0|0|0,0|0|0.899999976|0|0|0|0
2975,2975,6,1,1,255,255,0,0,0,0.0166666675,,19,0,19,0,3,0,,0|0|0.899999976|0|0|0|0,0|0|0.899999976|0|0|0|0
2976,2976,6,1,1,255,255,0,0,0,0.0166666675,,19,0,19,0,3,0,,0|0|0.899999976|0|0|0|0,0|0|0.899999976|0|0|0|0
2977,2977,6,1,1,255,255,0,0,0,0.0166666675,,19,0,19,0,3,0,,0|0|0.899999976|0|0|0|0,0|0|0.899999976|0|0|0|0
2978,2978,6,1,1,255,255,0,0,0,0.0166666675,,19,0,19,0,3,0,,0|0|0.899999976|0|0|0|0,0|0|0.899999976|0|0|0|0
2979,2979,6,1,1,255,255,0,0,0,0.0166666675,,19,0,19,0,3,0,,0|0|0.899999976|0|0|0|0,0|0|0.899999976|0|0|0|0
2980,2980,6,1,1,255,255,0,0,0,0.0166666675,,19,0,19,0,3,0,,0|0|0.899999976|0|0|0|0,0|0|0.899999976|0|0|0|0
2981,2981,6,1,1,255,255,0,0,0,0.0166666675,,19,0,19,0,3,0,,0|0|0.899999976|0|0|0|0,0|0|0.899999976|0|0|0|0
2982,2982,6,1,1,255,255,0,0,0,0.0166666675,,19,0,19,0,3,0,,0|0|0.899999976|0|0|0|0,0|0|0.899999976|0|0|0|0
2983,2983,6,1,1,255,255,0,0,0,0.0166666675,,19,0,19,0,3,0,,0|0|0.899999976|0|0|0|0,0|0|0.899999976|0|0|0|0
2984,2984,6,1,1,255,255,0,0,0,0.0166666675,,19,0,19,0,3,0,,0|0|0.899999976|0|0|0|0,0|0|0.899999976|0|0|0|0
2985,2985,6,1,1,255,255,0,0,0,0.0166666675,,19,0,19,0,3,0,,0|0|0.899999976|0|0|0|0,0|0|0.899999976|0|0|0|0
2986,2986,6,1,1,255,255,0,0,0,0.0166666675,,19,0,19,0,3,0,,0|0|0.899999976|0|0|0|0,0|0|0.899999976|0|0|0|0
2987,2987,6,1,1,255,255,0,0,0,0.0166666675,,19,0,19,0,3,0,,0|0|0.899999976|0|0|0|0,0|0|0.899999976|0|0|0|0
2988,2988,6,1,1,255,255,0,0,0,0.0166666675,,19,0,19,0,3,0,,0|0|0.899999976|0|0|0|0,0|0|0.899999976|0|0|0|0
2989,2989,6,1,1,255,255,0,0,0,0.0166666675,,19,0,19,0,3,0,,0|0|0.899999976|0|0|0|0,0|0|0.899999976|0|0|0|0
2990,2990,6,1,1,255,255,0,0,0,0.0166666675,,19,0,19,0,3,0,,0|0|0.899999976|0|0|0|0,0|0|0.899999976|0|0|0|0
2991,2991,6,1,1,255,255,0,0,0,0.0166666675,,19,0,19,0,3,0,,0|0|0.899999976|0|0|0|0,0|0|0.899999976|0|0|0|0
2992,2992,6,1,1,255,255,0,0,0,0.0166666675,,19,0,19,0,3,0,,0|0|0.899999976|0|0|0|0,0|0|0.899999976|0|0|0|0
2993,2993,6,1,1,255,255,0,0,0,0.0166666675,,19,0,19,0,3,0,,0|0|0.899999976|0|0|0|0,0|0|0.899999976|0|0|0|0
2994,2994,6,1,1,255,255,0,0,0,0.0166666675,,19,0,19,0,3,0,,0|0|0.899999976|0|0|0|0,0|0|0.899999976|0|0|0|0
2995,2995,6,1,1,255,255,0,0,0,0.0166666675,,19,0,19,0,3,0,,0|0|0.899999976|0|0|0|0,0|0|0.899999976|0|0|0|0
2996,2996,6,1,1,255,255,0,0,0,0.0166666675,,19,0,19,0,3,0,,0|0|0.899999976|0|0|0|0,0|0|0.899999976|0|0|0|0
2997,2997,6,1,1,255,255,0,0,0,0.0166666675,,19,0,19,0,3,0,,0|0|0.899999976|0|0|0|0,0|0|0.899999976|0|0|0|0
2998,2998,6,1,1,255,255,0,0,0,0.0166666675,,19,0,19,0,3,0,,0|0|0.899999976|0|0|0|0,0|0|0.899999976|0|0|0|0
2999,2999,6,1,1,255,255,0,0,0,0.0166666675,,19,0,19,0,3,0,,0|0|0.899999976|0|0|0|0,0|0|0.899999976|0|0|0|0
3000,3000,6,1,1,255,255,0,0,0,0.0166666675,,19,0,19,0,3,0,,0|0|0.899999976|0|0|0|0,0|0|0.899999976|0|0|0|0
3001,3001,6,1,1,255,255,0,0,0,0.0166666675,,19,0,19,0,3,0,,0|0|0.899999976|0|0|0|0,0|0|0.899999976|0|0|0|0
3002,3002,6,1,1,255,255,0,0,0,0.0166666675,,19,0,19,0,3,0,,0|0|0.899999976|0|0|0|0,0|0|0.899999976|0|0|0|0
3003,3003,6,1,1,255,255,0,0,0,0.0166666675,,19,0,19,0,3,0,,0|0|0.899999976|0|0|0|0,0|0|0.899999976|0|0|0|0
3004,3004,6,1,1,255,255,0,0,0,0.0166666675,,19,0,19,0,3,0,,0|0|0.899999976|0|0|0|0,0|0|0.899999976|0|0|0|0
3005,3005,6,1,1,255,255,0,0,0,0.0166666675,,19,0,19,0,3,0,,0|0|0.899999976|0|0|0|0,0|0|0.899999976|0|0|0|0
3006,3006,6,1,1,255,255,0,0,0,0.0166666675,,19,0,19,0,3,0,,0|0|0.899999976|0|0|0|0,0|0|0.899999976|0|0|0|0
3007,3007,6,1,1,255,255,0,0,0,0.0166666675,,19,0,19,0,3,0,,0|0|0.899999976|0|0|0|0,0|0|0.899999976|0|0|0|0
3008,3008,6,1,1,255,255,0,0,0,0.0166666675,,19,0,19,0,3,0,,0|0|0.899999976|0|0|0|0,0|0|0.899999976|0|0|0|0
3009,3009,6,1,1,255,255,0,0,0,0.0166666675,,19,0,19,0,3,0,,0|0|0.899999976|0|0|0|0,0|0|0.899999976|0|0|0|0
3010,3010,6,1,1,255,255,0,0,0,0.0166666675,,19,0,19,0,3,0,,0|0|0.899999976|0|0|0|0,0|0|0.899999976|0|0|0|0
3011,3011,6,1,1,255,255,0,0,0,0.0166666675,,19,0,19,0,3,0,,0|0|0.899999976|0|0|0|0,0|0|0.899999976|0|0|0|0
3012,3012,6,1,1,255,255,0,0,0,0.0166666675,,19,0,19,0,3,0,,0|0|0.899999976|0|0|0|0,0|0|0.899999976|0|0|0|0
3013,3013,6,1,1,255,255,0,0,0,0.0166666675,,19,0,19,0,3,0,,0|0|0.899999976|0|0|0|0,0|0|0.899999976|0|0|0|0
3014,3014,6,1,1,255,255,0,0,0,0.0166666675,,19,0,19,0,3,0,,0|0|0.899999976|0|0|0|0,0|0|0.899999976|0|0|0|0
3015,3015,6,1,1,255,255,0,0,0,0.0166666675,,19,0,19,0,3,0,,0|0|0.899999976|0|0|0|0,0|0|0.899999976|0|0|0|0
3016,3016,6,1,1,255,255,0,0,0,0.0166666675,,19,0,19,0,3,0,,0|0|0.899999976|0|0|0|0,0|0|0.899999976|0|0|0|0
3017,3017,6,1,1,255,255,0,0,0,0.0166666675,,19,0,19,0,3,0,,0|0|0.899999976|0|0|0|0,0|0|0.899999976|0|0|0|0
3018,3018,6,1,1,255,255,0,0,0,0.0166666675,,19,0,19,0,3,0,,0|0|0.899999976|0|0|0|0,0|0|0.899999976|0|0|0|0
3019,3019,6,1,1,255,255,0,0,0,0.0166666675,,19,0,19,0,3,0,,0|0|0.899999976|0|0|0|0,0|0|0.899999976|0|0|0|0
3020,3020,6,1,1,255,255,0,0,0,0.0166666675,,19,0,19,0,3,0,,0|0|0.899999976|0|0|0|0,0|0|0.899999976|0|0|0|0
3021,3021,6,1,1,255,255,0,0,0,0.0166666675,,19,0,19,0,3,0,,0|0|0.899999976|0|0|0|0,0|0|0.899999976|0|0|0|0
3022,3022,6,1,1,255,255,0,0,0,0.0166666675,,19,0,19,0,3,0,,0|0|0.899999976|0|0|0|0,0|0|0.899999976|0|0|0|0
3023,3023,6,1,1,255,255,0,0,0,0.0166666675,,19,0,19,0,3,0,,0|0|0.899999976|0|0|0|0,0|0|0.899999976|0|0|0|0
3024,3024,6,1,1,255,255,0,0,0,0.0166666675,,19,0,19,0,3,0,,0|0|0.899999976|0|0|0|0,0|0|0.899999976|0|0|0|0
3025,3025,6,1,1,255,255,0,0,0,0.0166666675,,19,0,19,0,3,0,,0|0|0.899999976|0|0|0|0,0|0|0.899999976|0|0|0|0
3026,3026,6,1,1,255,255,0,0,0,0.0166666675,,19,0,19,0,3,0,,0|0|0.899999976|0|0|0|0,0|0|0.899999976|0|0|0|0
3027,3027,6,1,1,255,255,0,0,0,0.0166666675,,19,0,19,0,3,0,,0|0|0.899999976|0|0|0|0,0|0|0.899999976|0|0|0|0
3028,3028,6,1,1,255,255,0,0,0,0.0166666675,,19,0,19,0,3,0,,0|0|0.899999976|0|0|0|0,0|0|0.899999976|0|0|0|0
3029,3029,6,1,1,255,255,0,0,0,0.0166666675,,19,0,19,0,3,0,,0|0|0.899999976|0|0|0|0,0|0|0.899999976|0|0|0|0
3030,3030,6,1,1,255,255,0,0,0,0.0166666675,,19,0,19,0,3,0,,0|0|0.899999976|0|0|0|0,0|0|0.899999976|0|0|0|0
3031,3031,6,1,1,255,255,0,0,0,0.0166666675,,19,0,19,0,3,0,,0|0|0.899999976|0|0|0|0,0|0|0.899999976|0|0|0|0
3032,3032,6,1,1,255,255,0,0,0,0.0166666675,,19,0,19,0,3,0,,0|0|0.899999976|0|0|0|0,0|0|0.899999976|0|0|0|0
3033,3033,6,1,1,255,255,0,0,0,0.0166666675,,19,0,19,0,3,0,,0|0|0.899999976|0|0|0|0,0|0|0.899999976|0|0|0|0
3034,3034,6,1,1,255,255,0,0,0,0.0166666675,,19,0,19,0,3,0,,0|0|0.899999976|0|0|0|0,0|0|0.899999976|0|0|0|0
3035,3035,6,1,1,255,255,0,0,0,0.0166666675,,19,0,19,0,3,0,,0|0|0.899999976|0|0|0|0,0|0|0.899999976|0|0|0|0
3036,3036,6,1,1,255,255,0,0,0,0.0166666675,,19,0,19,0,3,0,,0|0|0.899999976|0|0|0|0,0|0|0.899999976|0|0|0|0
3037,3037,6,1,1,255,255,0,0,0,0.0166666675,,19,0,19,0,3,0,,0|0|0.899999976|0|0|0|0,0|0|0.899999976|0|0|0|0
3038,3038,6,1,1,255,255,0,0,0,0.0166666675,,19,0,19,0,3,0,,0|0|0.899999976|0|0|0|0,0|0|0.899999976|0|0|0|0
3039,3039,6,1,1,255,255,0,0,0,0.0166666675,,19,0,19,0,3,0,,0|0|0.899999976|0|0|0|0,0|0|0.899999976|0|0|0|0
3040,3040,6,1,1,255,255,0,0,0,0.0166666675,,19,0,19,0,3,0,,0|0|0.899999976|0|0|0|0,0|0|0.899999976|0|0|0|0
3041,3041,6,1,1,255,255,0,0,0,0.0166666675,,19,0,19,0,3,0,,0|0|0.899999976|0|0|0|0,0|0|0.899999976|0|0|0|0
3042,3042,6,1,1,255,255,0,0,0,0.0166666675,,19,0,19,0,3,0,,0|0|0.899999976|0|0|0|0,0|0|0.899999976|0|0|0|0
3043,3043,6,1,1,255,255,0,0,0,0.0166666675,,19,0,19,0,3,0,,0|0|0.899999976|0|0|0|0,0|0|0.899999976|0|0|0|0
3044,3044,6,1,1,255,255,0,0,0,0.0166666675,,19,0,19,0,3,0,,0|0|0.899999976|0|0|0|0,0|0|0.899999976|0|0|0|0
3045,3045,6,1,1,255,255,0,0,0,0.0166666675,,19,0,19,0,3,0,,0|0|0.899999976|0|0|0|0,0|0|0.899999976|0|0|0|0
3046,3046,6,1,1,255,255,0,0,0,0.0166666675,,19,0,19,0,3,0,,0|0|0.899999976|0|0|0|0,0|0|0.899999976|0|0|0|0
3047,3047,6,1,1,255,255,0,0,0,0.0166666675,,19,0,19,0,3,0,,0|0|0.899999976|0|0|0|0,0|0|0.899999976|0|0|0|0
3048,3048,6,1,1,255,255,0,0,0,0.0166666675,,19,0,19,0,3,0,,0|0|0.899999976|0|0|0|0,0|0|0.899999976|0|0|0|0
3049,3049,6,1,1,255,255,0,0,0,0.0166666675,,19,0,19,0,3,0,,0|0|0.899999976|0|0|0|0,0|0|0.899999976|0|0|0|0
3050,3050,6,1,1,255,255,0,0,0,0.0166666675,,19,0,19,0,3,0,,0|0|0.899999976|0|0|0|0,0|0|0.899999976|0|0|0|0
3051,3051,6,1,1,255,255,0,0,0,0.0166666675,,19,0,19,0,3,0,,0|0|0.899999976|0|0|0|0,0|0|0.899999976|0|0|0|0
3052,3052,6,1,1,255,255,0,0,0,0.0166666675,,19,0,19,0,3,0,,0|0|0.899999976|0|0|0|0,0|0|0.899999976|0|0|0|0
3053,3053,6,1,1,255,255,0,0,0,0.0166666675,,19,0,19,0,3,0,,0|0|0.899999976|0|0|0|0,0|0|0.899999976|0|0|0|0
3054,3054,6,1,1,255,255,0,0,0,0.0166666675,,19,0,19,0,3,0,,0|0|0.899999976|0|0|0|0,0|0|0.899999976|0|0|0|0
3055,3055,6,1,1,255,255,0,0,0,0.0166666675,,19,0,19,0,3,0,,0|0|0.899999976|0|0|0|0,0|0|0.899999976|0|0|0|0
3056,3056,6,1,1,255,255,0,0,0,0.0166666675,,19,0,19,0,3,0,,0|0|0.899999976|0|0|0|0,0|0|0.899999976|0|0|0|0
3057,3057,6,1,1,255,255,0,0,0,0.0166666675,,19,0,19,0,3,0,,0|0|0.899999976|0|0|0|0,0|0|0.899999976|0|0|0|0
3058,3058,6,1,1,255,255,0,0,0,0.0166666675,,19,0,19,0,3,0,,0|0|0.899999976|0|0|0|0,0|0|0.899999976|0|0|0|0
3059,3059,6,1,1,255,255,0,0,0,0.0166666675,,19,0,19,0,3,0,,0|0|0.899999976|0|0|0|0,0|0|0.899999976|0|0|0|0
3060,3060,6,1,1,255,255,0,0,0,0.0166666675,,19,0,19,0,3,0,,0|0|0.899999976|0|0|0|0,0|0|0.899999976|0|0|0|0
3061,3061,6,1,1,255,255,0,0,0,0.0166666675,,19,0,19,0,3,0,,0|0|0.899999976|0|0|0|0,0|0|0.899999976|0|0|0|0
3062,3062,6,1,1,255,255,0,0,0,0.0166666675,,19,0,19,0,3,0,,0|0|0.899999976|0|0|0|0,0|0|0.899999976|0|0|0|0
3063,3063,6,1,1,255,255,0,0,0,0.0166666675,,19,0,19,0,3,0,,0|0|0.899999976|0|0|0|0,0|0|0.899999976|0|0|0|0
3064,3064,6,1,1,255,255,0,0,0,0.0166666675,,19,0,19,0,3,0,,0|0|0.899999976|0|0|0|0,0|0|0.899999976|0|0|0|0
3065,3065,6,1,1,255,255,0,0,0,0.0166666675,,19,0,19,0,3,0,,0|0|0.899999976|0|0|0|0,0|0|0.899999976|0|0|0|0
3066,3066,6,1,1,255,255,0,0,0,0.0166666675,,19,0,19,0,3,0,,0|0|0.899999976|0|0|0|0,0|0|0.899999976|0|0|0|0
3067,3067,6,1,1,255,255,0,0,0,0.0166666675,,19,0,19,0,3,0,,0|0|0.899999976|0|0|0|0,0|0|0.899999976|0|0|0|0
3068,3068,6,1,1,255,255,0,0,0,0.0166666675,,19,0,19,0,3,0,,0|0|0.899999976|0|0|0|0,0|0|0.899999976|0|0|0|0
3069,3069,6,1,1,255,255,0,0,0,0.0166666675,,19,0,19,0,3,0,,0|0|0.899999976|0|0|0|0,0|0|0.899999976|0|0|0|0
3070,3070,6,1,1,255,255,0,0,0,0.0166666675,,19,0,19,0,3,0,,0|0|0.899999976|0|0|0|0,0|0|0.899999976|0|0|0|0
3071,3071,6,1,1,255,255,0,0,0,0.0166666675,,19,0,19,0,3,0,,0|0|0.899999976|0|0|0|0,0|0|0.899999976|0|0|0|0
3072,3072,6,1,1,255,255,0,0,0,0.0166666675,,19,0,19,0,3,0,,0|0|0.899999976|0|0|0|0,0|0|0.899999976|0|0|0|0
3073,3073,6,1,1,255,255,0,0,0,0.0166666675,,19,0,19,0,3,0,,0|0|0.899999976|0|0|0|0,0|0|0.899999976|0|0|0|0
3074,3074,6,1,1,255,255,0,0,0,0.0166666675,,19,0,19,0,3,0,,0|0|0.899999976|0|0|0|0,0|0|0.899999976|0|0|0|0
3075,3075,6,1,1,255,255,0,0,0,0.0166666675,,19,0,19,0,3,0,,0|0|0.899999976|0|0|0|0,0|0|0.899999976|0|0|0|0
3076,3076,6,1,1,255,255,0,0,0,0.0166666675,,19,0,19,0,3,0,,0|0|0.899999976|0|0|0|0,0|0|0.899999976|0|0|0|0
3077,3077,6,1,1,255,255,0,0,0,0.0166666675,,19,0,19,0,3,0,,0|0|0.899999976|0|0|0|0,0|0|0.899999976|0|0|0|0
3078,3078,6,1,1,255,255,0,0,0,0.0166666675,,19,0,19,0,3,0,,0|0|0.899999976|0|0|0|0,0|0|0.899999976|0|0|0|0
3079,3079,6,1,1,255,255,0,0,0,0.0166666675,,19,0,19,0,3,0,,0|0|0.899999976|0|0|0|0,0|0|0.899999976|0|0|0|0
3080,3080,6,1,1,255,255,0,0,0,0.0166666675,,19,0,19,0,3,0,,0|0|0.899999976|0|0|0|0,0|0|0.899999976|0|0|0|0
3081,3081,6,1,1,255,255,0,0,0,0.0166666675,,19,0,19,0,3,0,,0|0|0.899999976|0|0|0|0,0|0|0.899999976|0|0|0|0
3082,3082,6,1,1,255,255,0,0,0,0.0166666675,,19,0,19,0,3,0,,0|0|0.899999976|0|0|0|0,0|0|0.899999976|0|0|0|0
3083,3083,6,1,1,255,255,0,0,0,0.0166666675,,19,0,19,0,3,0,,0|0|0.899999976|0|0|0|0,0|0|0.899999976|0|0|0|0
3084,3084,6,1,1,255,255,0,0,0,0.0166666675,,19,0,19,0,3,0,,0|0|0.899999976|0|0|0|0,0|0|0.899999976|0|0|0|0
3085,3085,6,1,1,255,255,0,0,0,0.0166666675,,19,0,19,0,3,0,,0|0|0.899999976|0|0|0|0,0|0|0.899999976|0|0|0|0
3086,3086,6,1,1,255,255,0,0,0,0.0166666675,,19,0,19,0,3,0,,0|0|0.899999976|0|0|0|0,0|0|0.899999976|0|0|0|0
3087,3087,6,1,1,255,255,0,0,0,0.0166666675,,19,0,19,0,3,0,,0|0|0.899999976|0|0|0|0,0|0|0.899999976|0|0|0|0
3088,3088,6,1,1,255,255,0,0,0,0.0166666675,,19,0,19,0,3,0,,0|0|0.899999976|0|0|0|0,0|0|0.899999976|0|0|0|0
3089,3089,6,1,1,255,255,0,0,0,0.0166666675,,19,0,19,0,3,0,,0|0|0.899999976|0|0|0|0,0|0|0.899999976|0|0|0|0
3090,3090,6,1,1,255,255,0,0,0,0.0166666675,,19,0,19,0,3,0,,0|0|0.899999976|0|0|0|0,0|0|0.899999976|0|0|0|0
3091,3091,6,1,1,255,255,0,0,0,0.0166666675,,19,0,19,0,3,0,,0|0|0.899999976|0|0|0|0,0|0|0.899999976|0|0|0|0
3092,3092,6,1,1,255,255,0,0,0,0.0166666675,,19,0,19,0,3,0,,0|0|0.899999976|0|0|0|0,0|0|0.899999976|0|0|0|0
3093,3093,6,1,1,255,255,0,0,0,0.0166666675,,19,0,19,0,3,0,,0|0|0.899999976|0|0|0|0,0|0|0.899999976|0|0|0|0
3094,3094,6,1,1,255,255,0,0,0,0.0166666675,,19,0,19,0,3,0,,0|0|0.899999976|0|0|0|0,0|0|0.899999976|0|0|0|0
3095,3095,6,1,1,255,255,0,0,0,0.0166666675,,19,0,19,0,3,0,,0|0|0.899999976|0|0|0|0,0|0|0.899999976|0|0|0|0
3096,3096,6,1,1,255,255,0,0,0,0.0166666675,,19,0,19,0,3,0,,0|0|0.899999976|0|0|0|0,0|0|0.899999976|0|0|0|0
3097,3097,6,1,1,255,255,0,0,0,0.0166666675,,19,0,19,0,3,0,,0|0|0.899999976|0|0|0|0,0|0|0.899999976|0|0|0|0
3098,3098,6,1,1,255,255,0,0,0,0.0166666675,,19,0,19,0,3,0,,0|0|0.899999976|0|0|0|0,0|0|0.899999976|0|0|0|0
3099,3099,6,1,1,255,255,0,0,0,0.0166666675,,19,0,19,0,3,0,,0|0|0.899999976|0|0|0|0,0|0|0.899999976|0|0|0|0
3100,3100,6,1,1,255,255,0,0,0,0.0166666675,,19,0,19,0,3,0,,0|0|0.899999976|0|0|0|0,0|0|0.899999976|0|0|0|0
3101,3101,6,1,1,255,255,0,0,0,0.0166666675,,19,0,19,0,3,0,,0|0|0.899999976|0|0|0|0,0|0|0.899999976|0|0|0|0
3102,3102,6,1,1,255,255,0,0,0,0.0166666675,,19,0,19,0,3,0,,0|0|0.899999976|0|0|0|0,0|0|0.899999976|0|0|0|0
3103,3103,6,1,1,255,255,0,0,0,0.0166666675,,19,0,19,0,3,0,,0|0|0.899999976|0|0|0|0,0|0|0.899999976|0|0|0|0
3104,3104,6,1,1,255,255,0,0,0,0.0166666675,,19,0,19,0,3,0,,0|0|0.899999976|0|0|0|0,0|0|0.899999976|0|0|0|0
3105,3105,6,1,1,255,255,0,0,0,0.0166666675,,19,0,19,0,3,0,,0|0|0.899999976|0|0|0|0,0|0|0.899999976|0|0|0|0
3106,3106,6,1,1,255,255,0,0,0,0.0166666675,,19,0,19,0,3,0,,0|0|0.899999976|0|0|0|0,0|0|0.899999976|0|0|0|0
3107,3107,6,1,1,255,255,0,0,0,0.0166666675,,19,0,19,0,3,0,,0|0|0.899999976|0|0|0|0,0|0|0.899999976|0|0|0|0
3108,3108,6,1,1,255,255,0,0,0,0.0166666675,,19,0,19,0,3,0,,0|0|0.899999976|0|0|0|0,0|0|0.899999976|0|0|0|0
3109,3109,6,1,1,255,255,0,0,0,0.0166666675,,19,0,19,0,3,0,,0|0|0.899999976|0|0|0|0,0|0|0.899999976|0|0|0|0
3110,3110,6,1,1,255,255,0,0,0,0.0166666675,,19,0,19,0,3,0,,0|0|0.899999976|0|0|0|0,0|0|0.899999976|0|0|0|0
3111,3111,6,1,1,255,255,0,0,0,0.0166666675,,19,0,19,0,3,0,,0|0|0.899999976|0|0|0|0,0|0|0.899999976|0|0|0|0
3112,3112,6,1,1,255,255,0,0,0,0.0166666675,,19,0,19,0,3,0,,0|0|0.899999976|0|0|0|0,0|0|0.899999976|0|0|0|0
3113,3113,6,1,1,255,255,0,0,0,0.0166666675,,19,0,19,0,3,0,,0|0|0.899999976|0|0|0|0,0|0|0.899999976|0|0|0|0
3114,3114,6,1,1,255,255,0,0,0,0.0166666675,,19,0,19,0,3,0,,0|0|0.899999976|0|0|0|0,0|0|0.899999976|0|0|0|0
3115,3115,6,1,1,255,255,0,0,0,0.0166666675,,19,0,19,0,3,0,,0|0|0.899999976|0|0|0|0,0|0|0.899999976|0|0|0|0
3116,3116,6,1,1,255,255,0,0,0,0.0166666675,,19,0,19,0,3,0,,0|0|0.899999976|0|0|0|0,0|0|0.899999976|0|0|0|0
3117,3117,6,1,1,255,255,0,0,0,0.0166666675,,19,0,19,0,3,0,,0|0|0.899999976|0|0|0|0,0|0|0.899999976|0|0|0|0
3118,3118,6,1,1,255,255,0,0,0,0.0166666675,,19,0,19,0,3,0,,0|0|0.899999976|0|0|0|0,0|0|0.899999976|0|0|0|0
3119,3119,6,1,1,255,255,0,0,0,0.0166666675,,19,0,19,0,3,0,,0|0|0.899999976|0|0|0|0,0|0|0.899999976|0|0|0|0
3120,3120,6,1,1,255,255,0,0,0,0.0166666675,,19,0,19,0,3,0,,0|0|0.899999976|0|0|0|0,0|0|0.899999976|0|0|0|0
3121,3121,6,1,1,255,255,0,0,0,0.0166666675,,19,0,19,0,3,0,,0|0|0.899999976|0|0|0|0,0|0|0.899999976|0|0|0|0
3122,3122,6,1,1,255,255,0,0,0,0.0166666675,,19,0,19,0,3,0,,0|0|0.899999976|0|0|0|0,0|0|0.899999976|0|0|0|0
3123,3123,6,1,1,255,255,0,0,0,0.0166666675,,19,0,19,0,3,0,,0|0|0.899999976|0|0|0|0,0|0|0.899999976|0|0|0|0
3124,3124,6,1,1,255,255,0,0,0,0.0166666675,,19,0,19,0,3,0,,0|0|0.899999976|0|0|0|0,0|0|0.899999976|0|0|0|0
3125,3125,6,1,1,255,255,0,0,0,0.0166666675,,19,0,19,0,3,0,,0|0|0.899999976|0|0|0|0,0|0|0.899999976|0|0|0|0
3126,3126,6,1,1,255,255,0,0,0,0.0166666675,,19,0,19,0,3,0,,0|0|0.899999976|0|0|0|0,0|0|0.899999976|0|0|0|0
3127,3127,6,1,1,255,255,0,0,0,0.0166666675,,19,0,19,0,3,0,,0|0|0.899999976|0|0|0|0,0|0|0.899999976|0|0|0|0
3128,3128,6,1,1,255,255,0,0,0,0.0166666675,,19,0,19,0,3,0,,0|0|0.899999976|0|0|0|0,0|0|0.899999976|0|0|0|0
3129,3129,6,1,1,255,255,0,0,0,0.0166666675,,19,0,19,0,3,0,,0|0|0.899999976|0|0|0|0,0|0|0.899999976|0|0|0|0
3130,3130,6,1,1,255,255,0,0,0,0.0166666675,,19,0,19,0,3,0,,0|0|0.899999976|0|0|0|0,0|0|0.899999976|0|0|0|0
3131,3131,6,1,1,255,255,0,0,0,0.0166666675,,19,0,19,0,3,0,,0|0|0.899999976|0|0|0|0,0|0|0.899999976|0|0|0|0
3132,3132,6,1,1,255,255,0,0,0,0.0166666675,,19,0,19,0,3,0,,0|0|0.899999976|0|0|0|0,0|0|0.899999976|0|0|0|0
3133,3133,6,1,1,255,255,0,0,0,0.0166666675,,19,0,19,0,3,0,,0|0|0.899999976|0|0|0|0,0|0|0.899999976|0|0|0|0
3134,3134,6,1,1,255,255,0,0,0,0.0166666675,,19,0,19,0,3,0,,0|0|0.899999976|0|0|0|0,0|0|0.899999976|0|0|0|0
3135,3135,6,1,1,255,255,0,0,0,0.0166666675,,19,0,19,0,3,0,,0|0|0.899999976|0|0|0|0,0|0|0.899999976|0|0|0|0
3136,3136,6,1,1,255,255,0,0,0,0.0166666675,,19,0,19,0,3,0,,0|0|0.899999976|0|0|0|0,0|0|0.899999976|0|0|0|0
3137,3137,6,1,1,255,255,0,0,0,0.0166666675,,19,0,19,0,3,0,,0|0|0.899999976|0|0|0|0,0|0|0.899999976|0|0|0|0
3138,3138,6,1,1,255,255,0,0,0,0.0166666675,,19,0,19,0,3,0,,0|0|0.899999976|0|0|0|0,0|0|0.899999976|0|0|0|0
3139,3139,6,1,1,255,255,0,0,0,0.0166666675,,19,0,19,0,3,0,,0|0|0.899999976|0|0|0|0,0|0|0.899999976|0|0|0|0
3140,3140,6,1,1,255,255,0,0,0,0.0166666675,,19,0,19,0,3,0,,0|0|0.899999976|0|0|0|0,0|0|0.899999976|0|0|0|0
3141,3141,6,1,1,255,255,0,0,0,0.0166666675,,19,0,19,0,3,0,,0|0|0.899999976|0|0|0|0,0|0|0.899999976|0|0|0|0
3142,3142,6,1,1,255,255,0,0,0,0.0166666675,,19,0,19,0,3,0,,0|0|0.899999976|0|0|0|0,0|0|0.899999976|0|0|0|0
3143,3143,6,1,1,255,255,0,0,0,0.0166666675,,19,0,19,0,3,0,,0|0|0.899999976|0|0|0|0,0|0|0.899999976|0|0|0|0
3144,3144,6,1,1,255,255,0,0,0,0.0166666675,,19,0,19,0,3,0,,0|0|0.899999976|0|0|0|0,0|0|0.899999976|0|0|0|0
3145,3145,6,1,1,255,255,0,0,0,0.0166666675,,19,0,19,0,3,0,,0|0|0.899999976|0|0|0|0,0|0|0.899999976|0|0|0|0
3146,3146,6,1,1,255,255,0,0,0,0.0166666675,,19,0,19,0,3,0,,0|0|0.899999976|0|0|0|0,0|0|0.899999976|0|0|0|0
3147,3147,6,1,1,255,255,0,0,0,0.0166666675,,19,0,19,0,3,0,,0|0|0.899999976|0|0|0|0,0|0|0.899999976|0|0|0|0
3148,3148,6,1,1,255,255,0,0,0,0.0166666675,,19,0,19,0,3,0,,0|0|0.899999976|0|0|0|0,0|0|0.899999976|0|0|0|0
3149,3149,6,1,1,255,255,0,0,0,0.0166666675,,19,0,19,0,3,0,,0|0|0.899999976|0|0|0|0,0|0|0.899999976|0|0|0|0
3150,3150,6,1,1,255,255,0,0,0,0.0166666675,,19,0,19,0,3,0,,0|0|0.899999976|0|0|0|0,0|0|0.899999976|0|0|0|0
3151,3151,6,1,1,255,255,0,0,0,0.0166666675,,19,0,19,0,3,0,,0|0|0.899999976|0|0|0|0,0|0|0.899999976|0|0|0|0
3152,3152,6,1,1,255,255,0,0,0,0.0166666675,,19,0,19,0,3,0,,0|0|0.899999976|0|0|0|0,0|0|0.899999976|0|0|0|0
3153,3153,6,1,1,255,255,0,0,0,0.0166666675,,19,0,19,0,3,0,,0|0|0.899999976|0|0|0|0,0|0|0.899999976|0|0|0|0
3154,3154,6,1,1,255,255,0,0,0,0.0166666675,,19,0,19,0,3,0,,0|0|0.899999976|0|0|0|0,0|0|0.899999976|0|0|0|0
3155,3155,6,1,1,255,255,0,0,0,0.0166666675,,19,0,19,0,3,0,,0|0|0.899999976|0|0|0|0,0|0|0.899999976|0|0|0|0
3156,3156,6,1,1,255,255,0,0,0,0.0166666675,,19,0,19,0,3,0,,0|0|0.899999976|0|0|0|0,0|0|0.899999976|0|0|0|0
3157,3157,6,1,1,255,255,0,0,0,0.0166666675,,19,0,19,0,3,0,,0|0|0.899999976|0|0|0|0,0|0|0.899999976|0|0|0|0
3158,3158,6,1,1,255,255,0,0,0,0.0166666675,,19,0,19,0,3,0,,0|0|0.899999976|0|0|0|0,0|0|0.899999976|0|0|0|0
3159,3159,6,1,1,255,255,0,0,0,0.0166666675,,19,0,19,0,3,0,,0|0|0.899999976|0|0|0|0,0|0|0.899999976|0|0|0|0
3160,3160,6,1,1,255,255,0,0,0,0.0166666675,,19,0,19,0,3,0,,0|0|0.899999976|0|0|0|0,0|0|0.899999976|0|0|0|0
3161,3161,6,1,1,255,255,0,0,0,0.0166666675,,19,0,19,0,3,0,,0|0|0.899999976|0|0|0|0,0|0|0.899999976|0|0|0|0
3162,3162,6,1,1,255,255,0,0,0,0.0166666675,,19,0,19,0,3,0,,0|0|0.899999976|0|0|0|0,0|0|0.899999976|0|0|0|0
3163,3163,6,1,1,255,255,0,0,0,0.0166666675,,19,0,19,0,3,0,,0|0|0.899999976|0|0|0|0,0|0|0.899999976|0|0|0|0
3164,3164,6,1,1,255,255,0,0,0,0.0166666675,,19,0,19,0,3,0,,0|0|0.899999976|0|0|0|0,0|0|0.899999976|0|0|0|0
3165,3165,6,1,1,255,255,0,0,0,0.0166666675,,19,0,19,0,3,0,,0|0|0.899999976|0|0|0|0,0|0|0.899999976|0|0|0|0
3166,3166,6,1,1,255,255,0,0,0,0.0166666675,,19,0,19,0,3,0,,0|0|0.899999976|0|0|0|0,0|0|0.899999976|0|0|0|0
3167,3167,6,1,1,255,255,0,0,0,0.0166666675,,19,0,19,0,3,0,,0|0|0.899999976|0|0|0|0,0|0|0.899999976|0|0|0|0
3168,3168,6,1,1,255,255,0,0,0,0.0166666675,,19,0,19,0,3,0,,0|0|0.899999976|0|0|0|0,0|0|0.899999976|0|0|0|0
3169,3169,6,1,1,255,255,0,0,0,0.0166666675,,19,0,19,0,3,0,,0|0|0.899999976|0|0|0|0,0|0|0.899999976|0|0|0|0
3170,3170,6,1,1,255,255,0,0,0,0.0166666675,,19,0,19,0,3,0,,0|0|0.899999976|0|0|0|0,0|0|0.899999976|0|0|0|0
3171,3171,6,1,1,255,255,0,0,0,0.0166666675,,19,0,19,0,3,0,,0|0|0.899999976|0|0|0|0,0|0|0.899999976|0|0|0|0
3172,3172,6,1,1,255,255,0,0,0,0.0166666675,,19,0,19,0,3,0,,0|0|0.899999976|0|0|0|0,0|0|0.899999976|0|0|0|0
3173,3173,6,1,1,255,255,0,0,0,0.0166666675,,19,0,19,0,3,0,,0|0|0.899999976|0|0|0|0,0|0|0.899999976|0|0|0|0
3174,3174,6,1,1,255,255,0,0,0,0.0166666675,,19,0,19,0,3,0,,0|0|0.899999976|0|0|0|0,0|0|0.899999976|0|0|0|0
3175,3175,6,1,1,255,255,0,0,0,0.0166666675,,19,0,19,0,3,0,,0|0|0.899999976|0|0|0|0,0|0|0.899999976|0|0|0|0
3176,3176,6,1,1,255,255,0,0,0,0.0166666675,,19,0,19,0,3,0,,0|0|0.899999976|0|0|0|0,0|0|0.899999976|0|0|0|0
3177,3177,6,1,1,255,255,0,0,0,0.0166666675,,19,0,19,0,3,0,,0|0|0.899999976|0|0|0|0,0|0|0.899999976|0|0|0|0
3178,3178,6,1,1,255,255,0,0,0,0.0166666675,,19,0,19,0,3,0,,0|0|0.899999976|0|0|0|0,0|0|0.899999976|0|0|0|0
3179,3179,6,1,1,255,255,0,0,0,0.0166666675,,19,0,19,0,3,0,,0|0|0.899999976|0|0|0|0,0|0|0.899999976|0|0|0|0
3180,3180,6,1,1,255,255,0,0,0,0.0166666675,,19,0,19,0,3,0,,0|0|0.899999976|0|0|0|0,0|0|0.899999976|0|0|0|0
3181,3181,6,1,1,255,255,0,0,0,0.0166666675,,19,0,19,0,3,0,,0|0|0.899999976|0|0|0|0,0|0|0.899999976|0|0|0|0
3182,3182,6,1,1,255,255,0,0,0,0.0166666675,,19,0,19,0,3,0,,0|0|0.899999976|0|0|0|0,0|0|0.899999976|0|0|0|0
3183,3183,6,1,1,255,255,0,0,0,0.0166666675,,19,0,19,0,3,0,,0|0|0.899999976|0|0|0|0,0|0|0.899999976|0|0|0|0
3184,3184,6,1,1,255,255,0,0,0,0.0166666675,,19,0,19,0,3,0,,0|0|0.899999976|0|0|0|0,0|0|0.899999976|0|0|0|0
3185,3185,6,1,1,255,255,0,0,0,0.0166666675,,19,0,19,0,3,0,,0|0|0.899999976|0|0|0|0,0|0|0.899999976|0|0|0|0
3186,3186,6,1,1,255,255,0,0,0,0.0166666675,,19,0,19,0,3,0,,0|0|0.899999976|0|0|0|0,0|0|0.899999976|0|0|0|0
3187,3187,6,1,1,255,255,0,0,0,0.0166666675,,19,0,19,0,3,0,,0|0|0.899999976|0|0|0|0,0|0|0.899999976|0|0|0|0
3188,3188,6,1,1,255,255,0,0,0,0.0166666675,,19,0,19,0,3,0,,0|0|0.899999976|0|0|0|0,0|0|0.899999976|0|0|0|0
3189,3189,6,1,1,255,255,0,0,0,0.0166666675,,19,0,19,0,3,0,,0|0|0.899999976|0|0|0|0,0|0|0.899999976|0|0|0|0
3190,3190,6,1,1,255,255,0,0,0,0.0166666675,,19,0,19,0,3,0,,0|0|0.899999976|0|0|0|0,0|0|0.899999976|0|0|0|0
3191,3191,6,1,1,255,255,0,0,0,0.0166666675,,19,0,19,0,3,0,,0|0|0.899999976|0|0|0|0,0|0|0.899999976|0|0|0|0
3192,3192,6,1,1,255,255,0,0,0,0.0166666675,,19,0,19,0,3,0,,0|0|0.899999976|0|0|0|0,0|0|0.899999976|0|0|0|0
3193,3193,6,1,1,255,255,0,0,0,0.0166666675,,19,0,19,0,3,0,,0|0|0.899999976|0|0|0|0,0|0|0.899999976|0|0|0|0
3194,3194,6,1,1,255,255,0,0,0,0.0166666675,,19,0,19,0,3,0,,0|0|0.899999976|0|0|0|0,0|0|0.899999976|0|0|0|0
3195,3195,6,1,1,255,255,0,0,0,0.0166666675,,19,0,19,0,3,0,,0|0|0.899999976|0|0|0|0,0|0|0.899999976|0|0|0|0
3196,3196,6,1,1,255,255,0,0,0,0.0166666675,,19,0,19,0,3,0,,0|0|0.899999976|0|0|0|0,0|0|0.899999976|0|0|0|0
3197,3197,6,1,1,255,255,0,0,0,0.0166666675,,19,0,19,0,3,0,,0|0|0.899999976|0|0|0|0,0|0|0.899999976|0|0|0|0
3198,3198,6,1,1,255,255,0,0,0,0.0166666675,,19,0,19,0,3,0,,0|0|0.899999976|0|0|0|0,0|0|0.899999976|0|0|0|0
3199,3199,6,1,1,255,255,0,0,0,0.0166666675,,19,0,19,0,3,0,,0|0|0.899999976|0|0|0|0,0|0|0.899999976|0|0|0|0
3200,3200,6,1,1,255,255,0,0,0,0.0166666675,,19,0,19,0,3,0,,0|0|0.899999976|0|0|0|0,0|0|0.899999976|0|0|0|0
3201,3201,6,1,1,255,255,0,0,0,0.0166666675,,19,0,19,0,3,0,,0|0|0.899999976|0|0|0|0,0|0|0.899999976|0|0|0|0
3202,3202,6,1,1,255,255,0,0,0,0.0166666675,,19,0,19,0,3,0,,0|0|0.899999976|0|0|0|0,0|0|0.899999976|0|0|0|0
3203,3203,6,1,1,255,255,0,0,0,0.0166666675,,19,0,19,0,3,0,,0|0|0.899999976|0|0|0|0,0|0|0.899999976|0|0|0|0
3204,3204,6,1,1,255,255,0,0,0,0.0166666675,,19,0,19,0,3,0,,0|0|0.899999976|0|0|0|0,0|0|0.899999976|0|0|0|0
3205,3205,6,1,1,255,255,0,0,0,0.0166666675,,19,0,19,0,3,0,,0|0|0.899999976|0|0|0|0,0|0|0.899999976|0|0|0|0
3206,3206,6,1,1,255,255,0,0,0,0.0166666675,,19,0,19,0,3,0,,0|0|0.899999976|0|0|0|0,0|0|0.899999976|0|0|0|0
3207,3207,6,1,1,255,255,0,0,0,0.0166666675,,19,0,19,0,3,0,,0|0|0.899999976|0|0|0|0,0|0|0.899999976|0|0|0|0
3208,3208,6,1,1,255,255,0,0,0,0.0166666675,,19,0,19,0,3,0,,0|0|0.899999976|0|0|0|0,0|0|0.899999976|0|0|0|0
3209,3209,6,1,1,255,255,0,0,0,0.0166666675,,19,0,19,0,3,0,,0|0|0.899999976|0|0|0|0,0|0|0.899999976|0|0|0|0
3210,3210,6,1,1,255,255,0,0,0,0.0166666675,,19,0,19,0,3,0,,0|0|0.899999976|0|0|0|0,0|0|0.899999976|0|0|0|0
3211,3211,6,1,1,255,255,0,0,0,0.0166666675,,19,0,19,0,3,0,,0|0|0.899999976|0|0|0|0,0|0|0.899999976|0|0|0|0
3212,3212,6,1,1,255,255,0,0,0,0.0166666675,,19,0,19,0,3,0,,0|0|0.899999976|0|0|0|0,0|0|0.899999976|0|0|0|0
3213,3213,6,1,1,255,255,0,0,0,0.0166666675,,19,0,19,0,3,0,,0|0|0.899999976|0|0|0|0,0|0|0.899999976|0|0|0|0
3214,3214,6,1,1,255,255,0,0,0,0.0166666675,,19,0,19,0,3,0,,0|0|0.899999976|0|0|0|0,0|0|0.899999976|0|0|0|0
3215,3215,6,1,1,255,255,0,0,0,0.0166666675,,19,0,19,0,3,0,,0|0|0.899999976|0|0|0|0,0|0|0.899999976|0|0|0|0
3216,3216,6,1,1,255,255,0,0,0,0.0166666675,,19,0,19,0,3,0,,0|0|0.899999976|0|0|0|0,0|0|0.899999976|0|0|0|0
3217,3217,6,1,1,255,255,0,0,0,0.0166666675,,19,0,19,0,3,0,,0|0|0.899999976|0|0|0|0,0|0|0.899999976|0|0|0|0
3218,3218,6,1,1,255,255,0,0,0,0.0166666675,,19,0,19,0,3,0,,0|0|0.899999976|0|0|0|0,0|0|0.899999976|0|0|0|0
3219,3219,6,1,1,255,255,0,0,0,0.0166666675,,19,0,19,0,3,0,,0|0|0.899999976|0|0|0|0,0|0|0.899999976|0|0|0|0
3220,3220,6,1,1,255,255,0,0,0,0.0166666675,,19,0,19,0,3,0,,0|0|0.899999976|0|0|0|0,0|0|0.899999976|0|0|0|0
3221,3221,6,1,1,255,255,0,0,0,0.0166666675,,19,0,19,0,3,0,,0|0|0.899999976|0|0|0|0,0|0|0.899999976|0|0|0|0
3222,3222,6,1,1,255,255,0,0,0,0.0166666675,,19,0,19,0,3,0,,0|0|0.899999976|0|0|0|0,0|0|0.899999976|0|0|0|0
3223,3223,6,1,1,255,255,0,0,0,0.0166666675,,19,0,19,0,3,0,,0|0|0.899999976|0|0|0|0,0|0|0.899999976|0|0|0|0
3224,3224,6,1,1,255,255,0,0,0,0.0166666675,,19,0,19,0,3,0,,0|0|0.899999976|0|0|0|0,0|0|0.899999976|0|0|0|0
3225,3225,6,1,1,255,255,0,0,0,0.0166666675,,19,0,19,0,3,0,,0|0|0.899999976|0|0|0|0,0|0|0.899999976|0|0|0|0
3226,3226,6,1,1,255,255,0,0,0,0.0166666675,,19,0,19,0,3,0,,0|0|0.899999976|0|0|0|0,0|0|0.899999976|0|0|0|0
3227,3227,6,1,1,255,255,0,0,0,0.0166666675,,19,0,19,0,3,0,,0|0|0.899999976|0|0|0|0,0|0|0.899999976|0|0|0|0
3228,3228,6,1,1,255,255,0,0,0,0.0166666675,,19,0,19,0,3,0,,0|0|0.899999976|0|0|0|0,0|0|0.899999976|0|0|0|0
3229,3229,6,1,1,255,255,0,0,0,0.0166666675,,19,0,19,0,3,0,,0|0|0.899999976|0|0|0|0,0|0|0.899999976|0|0|0|0
3230,3230,6,1,1,255,255,0,0,0,0.0166666675,,19,0,19,0,3,0,,0|0|0.899999976|0|0|0|0,0|0|0.899999976|0|0|0|0
3231,3231,6,1,1,255,255,0,0,0,0.0166666675,,19,0,19,0,3,0,,0|0|0.899999976|0|0|0|0,0|0|0.899999976|0|0|0|0
3232,3232,6,1,1,255,255,0,0,0,0.0166666675,,19,0,19,0,3,0,,0|0|0.899999976|0|0|0|0,0|0|0.899999976|0|0|0|0
3233,3233,6,1,1,255,255,0,0,0,0.0166666675,,19,0,19,0,3,0,,0|0|0.899999976|0|0|0|0,0|0|0.899999976|0|0|0|0
3234,3234,6,1,1,255,255,0,0,0,0.0166666675,,19,0,19,0,3,0,,0|0|0.899999976|0|0|0|0,0|0|0.899999976|0|0|0|0
3235,3235,6,1,1,255,255,0,0,0,0.0166666675,,19,0,19,0,3,0,,0|0|0.899999976|0|0|0|0,0|0|0.899999976|0|0|0|0
3236,3236,6,1,1,255,255,0,0,0,0.0166666675,,19,0,19,0,3,0,,0|0|0.899999976|0|0|0|0,0|0|0.899999976|0|0|0|0
3237,3237,6,1,1,255,255,0,0,0,0.0166666675,,19,0,19,0,3,0,,0|0|0.899999976|0|0|0|0,0|0|0.899999976|0|0|0|0
3238,3238,6,1,1,255,255,0,0,0,0.0166666675,,19,0,19,0,3,0,,0|0|0.899999976|0|0|0|0,0|0|0.899999976|0|0|0|0
3239,3239,6,1,1,255,255,0,0,0,0.0166666675,,19,0,19,0,3,0,,0|0|0.899999976|0|0|0|0,0|0|0.899999976|0|0|0|0
3240,3240,6,1,1,255,255,0,0,0,0.0166666675,,19,0,19,0,3,0,,0|0|0.899999976|0|0|0|0,0|0|0.899999976|0|0|0|0
3241,3241,6,1,1,255,255,0,0,0,0.0166666675,,19,0,19,0,3,0,,0|0|0.899999976|0|0|0|0,0|0|0.899999976|0|0|0|0
3242,3242,6,1,1,255,255,0,0,0,0.0166666675,,19,0,19,0,3,0,,0|0|0.899999976|0|0|0|0,0|0|0.899999976|0|0|0|0
3243,3243,6,1,1,255,255,0,0,0,0.0166666675,,19,0,19,0,3,0,,0|0|0.899999976|0|0|0|0,0|0|0.899999976|0|0|0|0
3244,3244,6,1,1,255,255,0,0,0,0.0166666675,,19,0,19,0,3,0,,0|0|0.899999976|0|0|0|0,0|0|0.899999976|0|0|0|0
3245,3245,6,1,1,255,255,0,0,0,0.0166666675,,19,0,19,0,3,0,,0|0|0.899999976|0|0|0|0,0|0|0.899999976|0|0|0|0
3246,3246,6,1,1,255,255,0,0,0,0.0166666675,,19,0,19,0,3,0,,0|0|0.899999976|0|0|0|0,0|0|0.899999976|0|0|0|0
3247,3247,6,1,1,255,255,0,0,0,0.0166666675,,19,0,19,0,3,0,,0|0|0.899999976|0|0|0|0,0|0|0.899999976|0|0|0|0
3248,3248,6,1,1,255,255,0,0,0,0.0166666675,,19,0,19,0,3,0,,0|0|0.899999976|0|0|0|0,0|0|0.899999976|0|0|0|0
3249,3249,6,1,1,255,255,0,0,0,0.0166666675,,19,0,19,0,3,0,,0|0|0.899999976|0|0|0|0,0|0|0.899999976|0|0|0|0
3250,3250,6,1,1,255,255,0,0,0,0.0166666675,,19,0,19,0,3,0,,0|0|0.899999976|0|0|0|0,0|0|0.899999976|0|0|0|0
3251,3251,6,1,1,255,255,0,0,0,0.0166666675,,19,0,19,0,3,0,,0|0|0.899999976|0|0|0|0,0|0|0.899999976|0|0|0|0
3252,3252,6,1,1,255,255,0,0,0,0.0166666675,,19,0,19,0,3,0,,0|0|0.899999976|0|0|0|0,0|0|0.899999976|0|0|0|0
3253,3253,6,1,1,255,255,0,0,0,0.0166666675,,19,0,19,0,3,0,,0|0|0.899999976|0|0|0|0,0|0|0.899999976|0|0|0|0
3254,3254,6,1,1,255,255,0,0,0,0.0166666675,,19,0,19,0,3,0,,0|0|0.899999976|0|0|0|0,0|0|0.899999976|0|0|0|0
3255,3255,6,1,1,255,255,0,0,0,0.0166666675,,19,0,19,0,3,0,,0|0|0.899999976|0|0|0|0,0|0|0.899999976|0|0|0|0
3256,3256,6,1,1,255,255,0,0,0,0.0166666675,,19,0,19,0,3,0,,0|0|0.899999976|0|0|0|0,0|0|0.899999976|0|0|0|0
3257,3257,6,1,1,255,255,0,0,0,0.0166666675,,19,0,19,0,3,0,,0|0|0.899999976|0|0|0|0,0|0|0.899999976|0|0|0|0
3258,3258,6,1,1,255,255,0,0,0,0.0166666675,,19,0,19,0,3,0,,0|0|0.899999976|0|0|0|0,0|0|0.899999976|0|0|0|0
3259,3259,6,1,1,255,255,0,0,0,0.0166666675,,19,0,19,0,3,0,,0|0|0.899999976|0|0|0|0,0|0|0.899999976|0|0|0|0
3260,3260,6,1,1,255,255,0,0,0,0.0166666675,,19,0,19,0,3,0,,0|0|0.899999976|0|0|0|0,0|0|0.899999976|0|0|0|0
3261,3261,6,1,1,255,255,0,0,0,0.0166666675,,19,0,19,0,3,0,,0|0|0.899999976|0|0|0|0,0|0|0.899999976|0|0|0|0
3262,3262,6,1,1,255,255,0,0,0,0.0166666675,,19,0,19,0,3,0,,0|0|0.899999976|0|0|0|0,0|0|0.899999976|0|0|0|0
3263,3263,6,1,1,255,255,0,0,0,0.0166666675,,19,0,19,0,3,0,,0|0|0.899999976|0|0|0|0,0|0|0.899999976|0|0|0|0
3264,3264,6,1,1,255,255,0,0,0,0.0166666675,,19,0,19,0,3,0,,0|0|0.899999976|0|0|0|0,0|0|0.899999976|0|0|0|0
3265,3265,6,1,1,255,255,0,0,0,0.0166666675,,19,0,19,0,3,0,,0|0|0.899999976|0|0|0|0,0|0|0.899999976|0|0|0|0
3266,3266,6,1,1,255,255,0,0,0,0.0166666675,,19,0,19,0,3,0,,0|0|0.899999976|0|0|0|0,0|0|0.899999976|0|0|0|0
3267,3267,6,1,1,255,255,0,0,0,0.0166666675,,19,0,19,0,3,0,,0|0|0.899999976|0|0|0|0,0|0|0.899999976|0|0|0|0
3268,3268,6,1,1,255,255,0,0,0,0.0166666675,,19,0,19,0,3,0,,0|0|0.899999976|0|0|0|0,0|0|0.899999976|0|0|0|0
3269,3269,6,1,1,255,255,0,0,0,0.0166666675,,19,0,19,0,3,0,,0|0|0.899999976|0|0|0|0,0|0|0.899999976|0|0|0|0
3270,3270,6,1,1,255,255,0,0,0,0.0166666675,,19,0,19,0,3,0,,0|0|0.899999976|0|0|0|0,0|0|0.899999976|0|0|0|0
3271,3271,6,1,1,255,255,0,0,0,0.0166666675,,19,0,19,0,3,0,,0|0|0.899999976|0|0|0|0,0|0|0.899999976|0|0|0|0
3272,3272,6,1,1,255,255,0,0,0,0.0166666675,,19,0,19,0,3,0,,0|0|0.899999976|0|0|0|0,0|0|0.899999976|0|0|0|0
3273,3273,6,1,1,255,255,0,0,0,0.0166666675,,19,0,19,0,3,0,,0|0|0.899999976|0|0|0|0,0|0|0.899999976|0|0|0|0
3274,3274,6,1,1,255,255,0,0,0,0.0166666675,,19,0,19,0,3,0,,0|0|0.899999976|0|0|0|0,0|0|0.899999976|0|0|0|0
3275,3275,6,1,1,255,255,0,0,0,0.0166666675,,19,0,19,0,3,0,,0|0|0.899999976|0|0|0|0,0|0|0.899999976|0|0|0|0
3276,3276,6,1,1,255,255,0,0,0,0.0166666675,,19,0,19,0,3,0,,0|0|0.899999976|0|0|0|0,0|0|0.899999976|0|0|0|0
3277,3277,6,1,1,255,255,0,0,0,0.0166666675,,19,0,19,0,3,0,,0|0|0.899999976|0|0|0|0,0|0|0.899999976|0|0|0|0
3278,3278,6,1,1,255,255,0,0,0,0.0166666675,,19,0,19,0,3,0,,0|0|0.899999976|0|0|0|0,0|0|0.899999976|0|0|0|0
3279,3279,6,1,1,255,255,0,0,0,0.0166666675,,19,0,19,0,3,0,,0|0|0.899999976|0|0|0|0,0|0|0.899999976|0|0|0|0
3280,3280,6,1,1,255,255,0,0,0,0.0166666675,,19,0,19,0,3,0,,0|0|0.899999976|0|0|0|0,0|0|0.899999976|0|0|0|0
3281,3281,6,1,1,255,255,0,0,0,0.0166666675,,19,0,19,0,3,0,,0|0|0.899999976|0|0|0|0,0|0|0.899999976|0|0|0|0
3282,3282,6,1,1,255,255,0,0,0,0.0166666675,,19,0,19,0,3,0,,0|0|0.899999976|0|0|0|0,0|0|0.899999976|0|0|0|0
3283,3283,6,1,1,255,255,0,0,0,0.0166666675,,19,0,19,0,3,0,,0|0|0.899999976|0|0|0|0,0|0|0.899999976|0|0|0|0
3284,3284,6,1,1,255,255,0,0,0,0.0166666675,,19,0,19,0,3,0,,0|0|0.899999976|0|0|0|0,0|0|0.899999976|0|0|0|0
3285,3285,6,1,1,255,255,0,0,0,0.0166666675,,19,0,19,0,3,0,,0|0|0.899999976|0|0|0|0,0|0|0.899999976|0|0|0|0
3286,3286,6,1,1,255,255,0,0,0,0.0166666675,,19,0,19,0,3,0,,0|0|0.899999976|0|0|0|0,0|0|0.899999976|0|0|0|0
3287,3287,6,1,1,255,255,0,0,0,0.0166666675,,19,0,19,0,3,0,,0|0|0.899999976|0|0|0|0,0|0|0.899999976|0|0|0|0
3288,3288,6,1,1,255,255,0,0,0,0.0166666675,,19,0,19,0,3,0,,0|0|0.899999976|0|0|0|0,0|0|0.899999976|0|0|0|0
3289,3289,6,1,1,255,255,0,0,0,0.0166666675,,19,0,19,0,3,0,,0|0|0.899999976|0|0|0|0,0|0|0.899999976|0|0|0|0
3290,3290,6,1,1,255,255,0,0,0,0.0166666675,,19,0,19,0,3,0,,0|0|0.899999976|0|0|0|0,0|0|0.899999976|0|0|0|0
3291,3291,6,1,1,255,255,0,0,0,0.0166666675,,19,0,19,0,3,0,,0|0|0.899999976|0|0|0|0,0|0|0.899999976|0|0|0|0
3292,3292,6,1,1,255,255,0,0,0,0.0166666675,,19,0,19,0,3,0,,0|0|0.899999976|0|0|0|0,0|0|0.899999976|0|0|0|0
3293,3293,6,1,1,255,255,0,0,0,0.0166666675,,19,0,19,0,3,0,,0|0|0.899999976|0|0|0|0,0|0|0.899999976|0|0|0|0
3294,3294,6,1,1,255,255,0,0,0,0.0166666675,,19,0,19,0,3,0,,0|0|0.899999976|0|0|0|0,0|0|0.899999976|0|0|0|0
3295,3295,6,1,1,255,255,0,0,0,0.0166666675,,19,0,19,0,3,0,,0|0|0.899999976|0|0|0|0,0|0|0.899999976|0|0|0|0
3296,3296,6,1,1,255,255,0,0,0,0.0166666675,,19,0,19,0,3,0,,0|0|0.899999976|0|0|0|0,0|0|0.899999976|0|0|0|0
3297,3297,6,1,1,255,255,0,0,0,0.0166666675,,19,0,19,0,3,0,,0|0|0.899999976|0|0|0|0,0|0|0.899999976|0|0|0|0
3298,3298,6,1,1,255,255,0,0,0,0.0166666675,,19,0,19,0,3,0,,0|0|0.899999976|0|0|0|0,0|0|0.899999976|0|0|0|0
3299,3299,6,1,1,255,255,0,0,0,0.0166666675,,19,0,19,0,3,0,,0|0|0.899999976|0|0|0|0,0|0|0.899999976|0|0|0|0
3300,3300,6,1,1,255,255,0,0,0,0.0166666675,,19,0,19,0,3,0,,0|0|0.899999976|0|0|0|0,0|0|0.899999976|0|0|0|0
3301,3301,6,1,1,255,255,0,0,0,0.0166666675,,19,0,19,0,3,0,,0|0|0.899999976|0|0|0|0,0|0|0.899999976|0|0|0|0
3302,3302,6,1,1,255,255,0,0,0,0.0166666675,,19,0,19,0,3,0,,0|0|0.899999976|0|0|0|0,0|0|0.899999976|0|0|0|0
3303,3303,6,1,1,255,255,0,0,0,0.0166666675,,19,0,19,0,3,0,,0|0|0.899999976|0|0|0|0,0|0|0.899999976|0|0|0|0
3304,3304,6,1,1,255,255,0,0,0,0.0166666675,,19,0,19,0,3,0,,0|0|0.899999976|0|0|0|0,0|0|0.899999976|0|0|0|0
3305,3305,6,1,1,255,255,0,0,0,0.0166666675,,19,0,19,0,3,0,,0|0|0.899999976|0|0|0|0,0|0|0.899999976|0|0|0|0
3306,3306,6,1,1,255,255,0,0,0,0.0166666675,,19,0,19,0,3,0,,0|0|0.899999976|0|0|0|0,0|0|0.899999976|0|0|0|0
3307,3307,6,1,1,255,255,0,0,0,0.0166666675,,19,0,19,0,3,0,,0|0|0.899999976|0|0|0|0,0|0|0.899999976|0|0|0|0
3308,3308,6,1,1,255,255,0,0,0,0.0166666675,,19,0,19,0,3,0,,0|0|0.899999976|0|0|0|0,0|0|0.899999976|0|0|0|0
3309,3309,6,1,1,255,255,0,0,0,0.0166666675,,19,0,19,0,3,0,,0|0|0.899999976|0|0|0|0,0|0|0.899999976|0|0|0|0
3310,3310,6,1,1,255,255,0,0,0,0.0166666675,,19,0,19,0,3,0,,0|0|0.899999976|0|0|0|0,0|0|0.899999976|0|0|0|0
3311,3311,6,1,1,255,255,0,0,0,0.0166666675,,19,0,19,0,3,0,,0|0|0.899999976|0|0|0|0,0|0|0.899999976|0|0|0|0
3312,3312,6,1,1,255,255,0,0,0,0.0166666675,,19,0,19,0,3,0,,0|0|0.899999976|0|0|0|0,0|0|0.899999976|0|0|0|0
3313,3313,6,1,1,255,255,0,0,0,0.0166666675,,19,0,19,0,3,0,,0|0|0.899999976|0|0|0|0,0|0|0.899999976|0|0|0|0
3314,3314,6,1,1,255,255,0,0,0,0.0166666675,,19,0,19,0,3,0,,0|0|0.899999976|0|0|0|0,0|0|0.899999976|0|0|0|0
3315,3315,6,1,1,255,255,0,0,0,0.0166666675,,19,0,19,0,3,0,,0|0|0.899999976|0|0|0|0,0|0|0.899999976|0|0|0|0
3316,3316,6,1,1,255,255,0,0,0,0.0166666675,,19,0,19,0,3,0,,0|0|0.899999976|0|0|0|0,0|0|0.899999976|0|0|0|0
3317,3317,6,1,1,255,255,0,0,0,0.0166666675,,19,0,19,0,3,0,,0|0|0.899999976|0|0|0|0,0|0|0.899999976|0|0|0|0
3318,3318,6,1,1,255,255,0,0,0,0.0166666675,,19,0,19,0,3,0,,0|0|0.899999976|0|0|0|0,0|0|0.899999976|0|0|0|0
3319,3319,6,1,1,255,255,0,0,0,0.0166666675,,19,0,19,0,3,0,,0|0|0.899999976|0|0|0|0,0|0|0.899999976|0|0|0|0
3320,3320,6,1,1,255,255,0,0,0,0.0166666675,,19,0,19,0,3,0,,0|0|0.899999976|0|0|0|0,0|0|0.899999976|0|0|0|0
3321,3321,6,1,1,255,255,0,0,0,0.0166666675,,19,0,19,0,3,0,,0|0|0.899999976|0|0|0|0,0|0|0.899999976|0|0|0|0
3322,3322,6,1,1,255,255,0,0,0,0.0166666675,,19,0,19,0,3,0,,0|0|0.899999976|0|0|0|0,0|0|0.899999976|0|0|0|0
3323,3323,6,1,1,255,255,0,0,0,0.0166666675,,19,0,19,0,3,0,,0|0|0.899999976|0|0|0|0,0|0|0.899999976|0|0|0|0
3324,3324,6,1,1,255,255,0,0,0,0.0166666675,,19,0,19,0,3,0,,0|0|0.899999976|0|0|0|0,0|0|0.899999976|0|0|0|0
3325,3325,6,1,1,255,255,0,0,0,0.0166666675,,19,0,19,0,3,0,,0|0|0.899999976|0|0|0|0,0|0|0.899999976|0|0|0|0
3326,3326,6,1,1,255,255,0,0,0,0.0166666675,,19,0,19,0,3,0,,0|0|0.899999976|0|0|0|0,0|0|0.899999976|0|0|0|0
3327,3327,6,1,1,255,255,0,0,0,0.0166666675,,19,0,19,0,3,0,,0|0|0.899999976|0|0|0|0,0|0|0.899999976|0|0|0|0
3328,3328,6,1,1,255,255,0,0,0,0.0166666675,,19,0,19,0,3,0,,0|0|0.899999976|0|0|0|0,0|0|0.899999976|0|0|0|0
3329,3329,6,1,1,255,255,0,0,0,0.0166666675,,19,0,19,0,3,0,,0|0|0.899999976|0|0|0|0,0|0|0.899999976|0|0|0|0
3330,3330,6,1,1,255,255,0,0,0,0.0166666675,,19,0,19,0,3,0,,0|0|0.899999976|0|0|0|0,0|0|0.899999976|0|0|0|0
3330,3330,6,2,2,0,0,0,0,0,0.0166666675,AOIL,19,0,19,0,,0,,0|0|1|0|0|0|0,0|0|1|0|0|0|0
3331,3331,6,1,1,255,255,0,0,0,0.0166666675,,19,0,19,0,3,0,,0|0|0.899999976|0|0|0|0,0|0|0.899999976|0|0|0|0
3331,3331,6,2,2,255,0,0,0,0,0.0166666675,,19,0,19,0,2,0,,0|0|1|0|0|0|0,0|0|1|0|0|0|0
3332,3332,6,1,1,255,255,0,0,0,0.0166666675,,19,0,19,0,3,0,,0|0|0.899999976|0|0|0|0,0|0|0.899999976|0|0|0|0
3332,3332,6,2,2,255,255,0,0,0,0.0166666675,,19,0,19,0,3,0,,0|0|1|0|0|0|0,0|0|1|0|0|0|0
3333,3333,6,1,1,255,255,0,0,0,0.0166666675,,19,0,19,0,3,0,,0|0|0.899999976|0|0|0|0,0|0|0.899999976|0|0|0|0
3333,3333,6,2,2,255,255,0,0,0,0.0166666675,,19,0,19,0,3,0,,0|0|1|0|0|0|0,0|0|1|0|0|0|0
3334,3334,6,1,1,255,255,0,0,0,0.0166666675,,19,0,19,0,3,0,,0|0|0.899999976|0|0|0|0,0|0|0.899999976|0|0|0|0
3334,3334,6,2,2,255,255,0,0,0,0.0166666675,,19,0,19,0,3,0,,0|0|1|0|0|0|0,0|0|1|0|0|0|0
3335,3335,6,1,1,255,255,0,0,0,0.0166666675,,19,0,19,0,3,0,,0|0|0.899999976|0|0|0|0,0|0|0.899999976|0|0|0|0
3335,3335,6,2,2,255,255,0,0,0,0.0166666675,,19,0,19,0,3,0,,0|0|1|0|0|0|0,0|0|1|0|0|0|0
3336,3336,6,1,1,255,255,0,0,0,0.0166666675,,19,0,19,0,3,0,,0|0|0.899999976|0|0|0|0,0|0|0.899999976|0|0|0|0
3336,3336,6,2,2,255,255,0,0,0,0.0166666675,,19,0,19,0,3,0,,0|0|1|0|0|0|0,0|0|1|0|0|0|0
3337,3337,6,1,1,255,255,0,0,0,0.0166666675,,19,0,19,0,3,0,,0|0|0.899999976|0|0|0|0,0|0|0.899999976|0|0|0|0
3337,3337,6,2,2,255,255,0,0,0,0.0166666675,,19,0,19,0,3,0,,0|0|1|0|0|0|0,0|0|1|0|0|0|0
3338,3338,6,1,1,255,255,0,0,0,0.0166666675,,19,0,19,0,3,0,,0|0|0.899999976|0|0|0|0,0|0|0.899999976|0|0|0|0
3338,3338,6,2,2,255,255,0,0,0,0.0166666675,,19,0,19,0,3,0,,0|0|1|0|0|0|0,0|0|1|0|0|0|0
3339,3339,6,1,1,255,255,0,0,0,0.0166666675,,19,0,19,0,3,0,,0|0|0.899999976|0|0|0|0,0|0|0.899999976|0|0|0|0
3339,3339,6,2,2,255,255,0,0,0,0.0166666675,,19,0,19,0,3,0,,0|0|1|0|0|0|0,0|0|1|0|0|0|0
3340,3340,6,1,1,255,255,0,0,0,0.0166666675,,19,0,19,0,3,0,,0|0|0.899999976|0|0|0|0,0|0|0.899999976|0|0|0|0
3340,3340,6,2,2,255,255,0,0,0,0.0166666675,,19,0,19,0,3,0,,0|0|1|0|0|0|0,0|0|1|0|0|0|0
3341,3341,6,1,1,255,255,0,0,0,0.0166666675,,19,0,19,0,3,0,,0|0|0.899999976|0|0|0|0,0|0|0.899999976|0|0|0|0
3341,3341,6,2,2,255,255,0,0,0,0.0166666675,,19,0,19,0,3,0,,0|0|1|0|0|0|0,0|0|1|0|0|0|0
3342,3342,6,1,1,255,255,0,0,0,0.0166666675,,19,0,19,0,3,0,,0|0|0.899999976|0|0|0|0,0|0|0.899999976|0|0|0|0
3342,3342,6,2,2,255,255,0,0,0,0.0166666675,,19,0,19,0,3,0,,0|0|1|0|0|0|0,0|0|0.899999976|0|0|0|0
3343,3343,6,1,1,255,255,0,0,0,0.0166666675,,19,0,19,0,3,0,,0|0|0.899999976|0|0|0|0,0|0|0.799999952|0|0|0|0
3343,3343,6,2,2,255,255,0,0,0,0.0166666675,,19,0,19,0,3,0,,0|0|0.899999976|0|0|0|0,0|0|0.799999952|0|0|0|0
3344,3344,6,1,1,255,255,0,0,0,0.0166666675,,19,0,19,0,3,0,,0|0|0.799999952|0|0|0|0,0|0|0.699999928|0|0|0|0
3344,3344,6,2,2,255,255,0,0,0,0.0166666675,,19,0,19,0,3,0,,0|0|0.799999952|0|0|0|0,0|0|0.699999928|0|0|0|0
3345,3345,6,1,1,255,255,0,0,0,0.0166666675,,19,0,19,0,3,0,,0|0|0.699999928|0|0|0|0,0|0|0.599999905|0|0|0|0
3345,3345,6,2,2,255,255,0,0,0,0.0166666675,,19,0,19,0,3,0,,0|0|0.699999928|0|0|0|0,0|0|0.599999905|0|0|0|0
3346,3346,6,1,1,255,255,0,0,0,0.0166666675,,19,0,19,0,3,0,,0|0|0.599999905|0|0|0|0,0|0|0.499999911|0|0|0|0
3346,3346,6,2,2,255,255,0,0,0,0.0166666675,,19,0,19,0,3,0,,0|0|0.599999905|0|0|0|0,0|0|0.499999911|0|0|0|0
3347,3347,6,1,1,255,255,0,0,0,0.0166666675,,19,0,19,0,3,0,,0|0|0.499999911|0|0|0|0,0|0|0.399999917|0|0|0|0
3347,3347,6,2,2,255,255,0,0,0,0.0166666675,,19,0,19,0,3,0,,0|0|0.499999911|0|0|0|0,0|0|0.399999917|0|0|0|0
3348,3348,6,1,1,255,255,0,0,0,0.0166666675,,19,0,19,0,3,0,,0|0|0.399999917|0|0|0|0,0|0|0.299999923|0|0|0|0
3348,3348,6,2,2,255,255,0,0,0,0.0166666675,,19,0,19,0,3,0,,0|0|0.399999917|0|0|0|0,0|0|0.299999923|0|0|0|0
3349,3349,6,1,1,255,255,0,0,0,0.0166666675,,19,0,19,0,3,0,,0|0|0.299999923|0|0|0|0,0|0|0.199999928|0|0|0|0
3349,3349,6,2,2,255,255,0,0,0,0.0166666675,,19,0,19,0,3,0,,0|0|0.299999923|0|0|0|0,0|0|0.199999928|0|0|0|0
3350,3350,6,1,1,255,255,0,0,0,0.0166666675,,19,0,19,0,3,0,,0|0|0.199999928|0|0|0|0,0|0|0.099999927|0|0|0|0
3350,3350,6,2,2,255,255,0,0,0,0.0166666675,,19,0,19,0,3,0,,0|0|0.199999928|0|0|0|0,0|0|0.099999927|0|0|0|0
3351,3351,6,1,1,255,255,0,0,0,0.0166666675,,19,0,19,0,3,0,,0|0|0.099999927|0|0|0|0,0|0|-7.4505806e-08|0|0|0|0
3351,3351,6,2,2,255,255,0,0,0,0.0166666675,,19,0,19,0,3,0,,0|0|0.099999927|0|0|0|0,0|0|-7.4505806e-08|0|0|0|0
3352,3352,6,1,1,255,255,0,0,0,0.0166666675,,19,0,-1,0,,1,0x45bd67,0|0|-7.4505806e-08|0|0|0|0,0|0|0|0|0|0|0
3352,3352,6,2,2,255,255,0,0,0,0.0166666675,,19,0,-1,0,,1,0x45bd67,0|0|-7.4505806e-08|0|0|0|0,0|0|0|0|0|0|0
3891,3891,6,2,2,0,0,0,0,0,0.0166666675,AOIL,19,0,19,0,,0,,0|0|1|0|0|0|0,0|0|1|0|0|0|0
3892,3892,6,2,2,255,0,0,0,0,0.0166666675,,19,0,19,0,2,0,,0|0|1|0|0|0|0,0|0|0.899999976|0|0|0|0
3893,3893,6,2,2,255,255,0,0,0,0.0166666675,,19,0,19,0,3,0,,0|0|0.899999976|0|0|0|0,0|0|0.899999976|0|0|0|0
3894,3894,6,2,2,255,255,0,0,0,0.0166666675,,19,0,19,0,3,0,,0|0|0.899999976|0|0|0|0,0|0|0.899999976|0|0|0|0
3895,3895,6,2,2,255,255,0,0,0,0.0166666675,,19,0,19,0,3,0,,0|0|0.899999976|0|0|0|0,0|0|0.899999976|0|0|0|0
3896,3896,6,2,2,255,255,0,0,0,0.0166666675,,19,0,19,0,3,0,,0|0|0.899999976|0|0|0|0,0|0|0.899999976|0|0|0|0
3897,3897,6,2,2,255,255,0,0,0,0.0166666675,,19,0,19,0,3,0,,0|0|0.899999976|0|0|0|0,0|0|0.899999976|0|0|0|0
3898,3898,6,2,2,255,255,0,0,0,0.0166666675,,19,0,19,0,3,0,,0|0|0.899999976|0|0|0|0,0|0|0.899999976|0|0|0|0
3899,3899,6,2,2,255,255,0,0,0,0.0166666675,,19,0,19,0,3,0,,0|0|0.899999976|0|0|0|0,0|0|0.899999976|0|0|0|0
3900,3900,6,2,2,255,255,0,0,0,0.0166666675,,19,0,19,0,3,0,,0|0|0.899999976|0|0|0|0,0|0|0.899999976|0|0|0|0
3901,3901,6,2,2,255,255,0,0,0,0.0166666675,,19,0,19,0,3,0,,0|0|0.899999976|0|0|0|0,0|0|0.899999976|0|0|0|0
3902,3902,6,2,2,255,255,0,0,0,0.0166666675,,19,0,19,0,3,0,,0|0|0.899999976|0|0|0|0,0|0|0.899999976|0|0|0|0
3903,3903,6,2,2,255,255,0,0,0,0.0166666675,,19,0,19,0,3,0,,0|0|0.899999976|0|0|0|0,0|0|0.899999976|0|0|0|0
3904,3904,6,2,2,255,255,0,0,0,0.0166666675,,19,0,19,0,3,0,,0|0|0.899999976|0|0|0|0,0|0|0.799999952|0|0|0|0
3905,3905,6,2,2,255,255,0,0,0,0.0166666675,,19,0,19,0,3,0,,0|0|0.799999952|0|0|0|0,0|0|0.799999952|0|0|0|0
3906,3906,6,2,2,255,255,0,0,0,0.0166666675,,19,0,19,0,3,0,,0|0|0.799999952|0|0|0|0,0|0|0.799999952|0|0|0|0
3907,3907,6,2,2,255,255,0,0,0,0.0166666675,,19,0,19,0,3,0,,0|0|0.799999952|0|0|0|0,0|0|0.799999952|0|0|0|0
3908,3908,6,2,2,255,255,0,0,0,0.0166666675,,19,0,19,0,3,0,,0|0|0.799999952|0|0|0|0,0|0|0.799999952|0|0|0|0
3909,3909,6,2,2,255,255,0,0,0,0.0166666675,,19,0,19,0,3,0,,0|0|0.799999952|0|0|0|0,0|0|0.799999952|0|0|0|0
3910,3910,6,2,2,255,255,0,0,0,0.0166666675,,19,0,19,0,3,0,,0|0|0.799999952|0|0|0|0,0|0|0.799999952|0|0|0|0
3911,3911,6,2,2,255,255,0,0,0,0.0166666675,,19,0,19,0,3,0,,0|0|0.799999952|0|0|0|0,0|0|0.799999952|0|0|0|0
3912,3912,6,2,2,255,255,0,0,0,0.0166666675,,19,0,19,0,3,0,,0|0|0.799999952|0|0|0|0,0|0|0.799999952|0|0|0|0
3913,3913,6,2,2,255,255,0,0,0,0.0166666675,,19,0,19,0,3,0,,0|0|0.799999952|0|0|0|0,0|0|0.799999952|0|0|0|0
3914,3914,6,2,2,255,255,0,0,0,0.0166666675,,19,0,19,0,3,0,,0|0|0.799999952|0|0|0|0,0|0|0.799999952|0|0|0|0
3915,3915,6,2,2,255,255,0,0,0,0.0166666675,,19,0,19,0,3,0,,0|0|0.799999952|0|0|0|0,0|0|0.799999952|0|0|0|0
3916,3916,6,2,2,255,255,0,0,0,0.0166666675,,19,0,19,0,3,0,,0|0|0.799999952|0|0|0|0,0|0|0.699999928|0|0|0|0
3917,3917,6,2,2,255,255,0,0,0,0.0166666675,,19,0,19,0,3,0,,0|0|0.699999928|0|0|0|0,0|0|0.699999928|0|0|0|0
3918,3918,6,2,2,255,255,0,0,0,0.0166666675,,19,0,19,0,3,0,,0|0|0.699999928|0|0|0|0,0|0|0.699999928|0|0|0|0
3919,3919,6,2,2,255,255,0,0,0,0.0166666675,,19,0,19,0,3,0,,0|0|0.699999928|0|0|0|0,0|0|0.699999928|0|0|0|0
3920,3920,6,2,2,255,255,0,0,0,0.0166666675,,19,0,19,0,3,0,,0|0|0.699999928|0|0|0|0,0|0|0.699999928|0|0|0|0
3921,3921,6,2,2,255,255,0,0,0,0.0166666675,,19,0,19,0,3,0,,0|0|0.699999928|0|0|0|0,0|0|0.699999928|0|0|0|0
3922,3922,6,2,2,255,255,0,0,0,0.0166666675,,19,0,19,0,3,0,,0|0|0.699999928|0|0|0|0,0|0|0.699999928|0|0|0|0
3923,3923,6,2,2,255,255,0,0,0,0.0166666675,,19,0,19,0,3,0,,0|0|0.699999928|0|0|0|0,0|0|0.699999928|0|0|0|0
3924,3924,6,2,2,255,255,0,0,0,0.0166666675,,19,0,19,0,3,0,,0|0|0.699999928|0|0|0|0,0|0|0.699999928|0|0|0|0
3925,3925,6,2,2,255,255,0,0,0,0.0166666675,,19,0,19,0,3,0,,0|0|0.699999928|0|0|0|0,0|0|0.699999928|0|0|0|0
3926,3926,6,2,2,255,255,0,0,0,0.0166666675,,19,0,19,0,3,0,,0|0|0.699999928|0|0|0|0,0|0|0.699999928|0|0|0|0
3927,3927,6,2,2,255,255,0,0,0,0.0166666675,,19,0,19,0,3,0,,0|0|0.699999928|0|0|0|0,0|0|0.699999928|0|0|0|0
3928,3928,6,2,2,255,255,0,0,0,0.0166666675,,19,0,19,0,3,0,,0|0|0.699999928|0|0|0|0,0|0|0.699999928|0|0|0|0
3929,3929,6,2,2,255,255,0,0,0,0.0166666675,,19,0,19,0,3,0,,0|0|0.699999928|0|0|0|0,0|0|0.699999928|0|0|0|0
3930,3930,6,2,2,255,255,0,0,0,0.0166666675,,19,0,19,0,3,0,,0|0|0.699999928|0|0|0|0,0|0|0.699999928|0|0|0|0
3931,3931,6,2,2,255,255,0,0,0,0.0166666675,,19,0,19,0,3,0,,0|0|0.699999928|0|0|0|0,0|0|0.699999928|0|0|0|0
3932,3932,6,2,2,255,255,0,0,0,0.0166666675,,19,0,19,0,3,0,,0|0|0.699999928|0|0|0|0,0|0|0.699999928|0|0|0|0
3933,3933,6,2,2,255,255,0,0,0,0.0166666675,,19,0,19,0,3,0,,0|0|0.699999928|0|0|0|0,0|0|0.699999928|0|0|0|0
3934,3934,6,2,2,255,255,0,0,0,0.0166666675,,19,0,19,0,3,0,,0|0|0.699999928|0|0|0|0,0|0|0.699999928|0|0|0|0
3935,3935,6,2,2,255,255,0,0,0,0.0166666675,,19,0,19,0,3,0,,0|0|0.699999928|0|0|0|0,0|0|0.699999928|0|0|0|0
3936,3936,6,2,2,255,255,0,0,0,0.0166666675,,19,0,19,0,3,0,,0|0|0.699999928|0|0|0|0,0|0|0.699999928|0|0|0|0
3937,3937,6,2,2,255,255,0,0,0,0.0166666675,,19,0,19,0,3,0,,0|0|0.699999928|0|0|0|0,0|0|0.699999928|0|0|0|0
3938,3938,6,2,2,255,255,0,0,0,0.0166666675,,19,0,19,0,3,0,,0|0|0.699999928|0|0|0|0,0|0|0.699999928|0|0|0|0
3939,3939,6,2,2,255,255,0,0,0,0.0166666675,,19,0,19,0,3,0,,0|0|0.699999928|0|0|0|0,0|0|0.699999928|0|0|0|0
3940,3940,6,2,2,255,255,0,0,0,0.0166666675,,19,0,19,0,3,0,,0|0|0.699999928|0|0|0|0,0|0|0.699999928|0|0|0|0
3941,3941,6,2,2,255,255,0,0,0,0.0166666675,,19,0,19,0,3,0,,0|0|0.699999928|0|0|0|0,0|0|0.699999928|0|0|0|0
3942,3942,6,2,2,255,255,0,0,0,0.0166666675,,19,0,19,0,3,0,,0|0|0.699999928|0|0|0|0,0|0|0.699999928|0|0|0|0
3943,3943,6,2,2,255,255,0,0,0,0.0166666675,,19,0,19,0,3,0,,0|0|0.699999928|0|0|0|0,0|0|0.699999928|0|0|0|0
3944,3944,6,2,2,255,255,0,0,0,0.0166666675,,19,0,19,0,3,0,,0|0|0.699999928|0|0|0|0,0|0|0.699999928|0|0|0|0
3945,3945,6,2,2,255,255,0,0,0,0.0166666675,,19,0,19,0,3,0,,0|0|0.699999928|0|0|0|0,0|0|0.699999928|0|0|0|0
3946,3946,6,2,2,255,255,0,0,0,0.0166666675,,19,0,19,0,3,0,,0|0|0.699999928|0|0|0|0,0|0|0.699999928|0|0|0|0
3947,3947,6,2,2,255,255,0,0,0,0.0166666675,,19,0,19,0,3,0,,0|0|0.699999928|0|0|0|0,0|0|0.699999928|0|0|0|0
3948,3948,6,2,2,255,255,0,0,0,0.0166666675,,19,0,19,0,3,0,,0|0|0.699999928|0|0|0|0,0|0|0.699999928|0|0|0|0
3949,3949,6,2,2,255,255,0,0,0,0.0166666675,,19,0,19,0,3,0,,0|0|0.699999928|0|0|0|0,0|0|0.699999928|0|0|0|0
3950,3950,6,2,2,255,255,0,0,0,0.0166666675,,19,0,19,0,3,0,,0|0|0.699999928|0|0|0|0,0|0|0.699999928|0|0|0|0
3951,3951,6,2,2,255,255,0,0,0,0.0166666675,,19,0,19,0,3,0,,0|0|0.699999928|0|0|0|0,0|0|0.699999928|0|0|0|0
3952,3952,6,2,2,255,255,0,0,0,0.0166666675,,19,0,19,0,3,0,,0|0|0.699999928|0|0|0|0,0|0|0.699999928|0|0|0|0
3953,3953,6,2,2,255,255,0,0,0,0.0166666675,,19,0,19,0,3,0,,0|0|0.699999928|0|0|0|0,0|0|0.699999928|0|0|0|0
3954,3954,6,2,2,255,255,0,0,0,0.0166666675,,19,0,19,0,3,0,,0|0|0.699999928|0|0|0|0,0|0|0.699999928|0|0|0|0
3955,3955,6,2,2,255,255,0,0,0,0.0166666675,,19,0,19,0,3,0,,0|0|0.699999928|0|0|0|0,0|0|0.699999928|0|0|0|0
3956,3956,6,2,2,255,255,0,0,0,0.0166666675,,19,0,19,0,3,0,,0|0|0.699999928|0|0|0|0,0|0|0.699999928|0|0|0|0
3957,3957,6,2,2,255,255,0,0,0,0.0166666675,,19,0,19,0,3,0,,0|0|0.699999928|0|0|0|0,0|0|0.699999928|0|0|0|0
3958,3958,6,2,2,255,255,0,0,0,0.0166666675,,19,0,19,0,3,0,,0|0|0.699999928|0|0|0|0,0|0|0.699999928|0|0|0|0
3959,3959,6,2,2,255,255,0,0,0,0.0166666675,,19,0,19,0,3,0,,0|0|0.699999928|0|0|0|0,0|0|0.699999928|0|0|0|0
3960,3960,6,2,2,255,255,0,0,0,0.0166666675,,19,0,19,0,3,0,,0|0|0.699999928|0|0|0|0,0|0|0.699999928|0|0|0|0
3961,3961,6,2,2,255,255,0,0,0,0.0166666675,,19,0,19,0,3,0,,0|0|0.699999928|0|0|0|0,0|0|0.699999928|0|0|0|0
3962,3962,6,2,2,255,255,0,0,0,0.0166666675,,19,0,19,0,3,0,,0|0|0.699999928|0|0|0|0,0|0|0.699999928|0|0|0|0
3963,3963,6,2,2,255,255,0,0,0,0.0166666675,,19,0,19,0,3,0,,0|0|0.699999928|0|0|0|0,0|0|0.699999928|0|0|0|0
3964,3964,6,2,2,255,255,0,0,0,0.0166666675,,19,0,19,0,3,0,,0|0|0.699999928|0|0|0|0,0|0|0.699999928|0|0|0|0
3965,3965,6,2,2,255,255,0,0,0,0.0166666675,,19,0,19,0,3,0,,0|0|0.699999928|0|0|0|0,0|0|0.699999928|0|0|0|0
3966,3966,6,2,2,255,255,0,0,0,0.0166666675,,19,0,19,0,3,0,,0|0|0.699999928|0|0|0|0,0|0|0.699999928|0|0|0|0
3967,3967,6,2,2,255,255,0,0,0,0.0166666675,,19,0,19,0,3,0,,0|0|0.699999928|0|0|0|0,0|0|0.699999928|0|0|0|0
3968,3968,6,2,2,255,255,0,0,0,0.0166666675,,19,0,19,0,3,0,,0|0|0.699999928|0|0|0|0,0|0|0.699999928|0|0|0|0
3969,3969,6,2,2,255,255,0,0,0,0.0166666675,,19,0,19,0,3,0,,0|0|0.699999928|0|0|0|0,0|0|0.699999928|0|0|0|0
3970,3970,6,2,2,255,255,0,0,0,0.0166666675,,19,0,19,0,3,0,,0|0|0.699999928|0|0|0|0,0|0|0.699999928|0|0|0|0
3971,3971,6,2,2,255,255,0,0,0,0.0166666675,,19,0,19,0,3,0,,0|0|0.699999928|0|0|0|0,0|0|0.699999928|0|0|0|0
3972,3972,6,2,2,255,255,0,0,0,0.0166666675,,19,0,19,0,3,0,,0|0|0.699999928|0|0|0|0,0|0|0.699999928|0|0|0|0
3973,3973,6,2,2,255,255,0,0,0,0.0166666675,,19,0,19,0,3,0,,0|0|0.699999928|0|0|0|0,0|0|0.699999928|0|0|0|0
3974,3974,6,2,2,255,255,0,0,0,0.0166666675,,19,0,19,0,3,0,,0|0|0.699999928|0|0|0|0,0|0|0.699999928|0|0|0|0
3975,3975,6,2,2,255,255,0,0,0,0.0166666675,,19,0,19,0,3,0,,0|0|0.699999928|0|0|0|0,0|0|0.699999928|0|0|0|0
3976,3976,6,2,2,255,255,0,0,0,0.0166666675,,19,0,19,0,3,0,,0|0|0.699999928|0|0|0|0,0|0|0.699999928|0|0|0|0
3977,3977,6,2,2,255,255,0,0,0,0.0166666675,,19,0,19,0,3,0,,0|0|0.699999928|0|0|0|0,0|0|0.699999928|0|0|0|0
3978,3978,6,2,2,255,255,0,0,0,0.0166666675,,19,0,19,0,3,0,,0|0|0.699999928|0|0|0|0,0|0|0.699999928|0|0|0|0
3979,3979,6,2,2,255,255,0,0,0,0.0166666675,,19,0,19,0,3,0,,0|0|0.699999928|0|0|0|0,0|0|0.699999928|0|0|0|0
3980,3980,6,2,2,255,255,0,0,0,0.0166666675,,19,0,19,0,3,0,,0|0|0.699999928|0|0|0|0,0|0|0.699999928|0|0|0|0
3981,3981,6,2,2,255,255,0,0,0,0.0166666675,,19,0,19,0,3,0,,0|0|0.699999928|0|0|0|0,0|0|0.699999928|0|0|0|0
3982,3982,6,2,2,255,255,0,0,0,0.0166666675,,19,0,19,0,3,0,,0|0|0.699999928|0|0|0|0,0|0|0.699999928|0|0|0|0
3983,3983,6,2,2,255,255,0,0,0,0.0166666675,,19,0,19,0,3,0,,0|0|0.699999928|0|0|0|0,0|0|0.699999928|0|0|0|0
3984,3984,6,2,2,255,255,0,0,0,0.0166666675,,19,0,19,0,3,0,,0|0|0.699999928|0|0|0|0,0|0|0.699999928|0|0|0|0
3985,3985,6,2,2,255,255,0,0,0,0.0166666675,,19,0,19,0,3,0,,0|0|0.699999928|0|0|0|0,0|0|0.699999928|0|0|0|0
3986,3986,6,2,2,255,255,0,0,0,0.0166666675,,19,0,19,0,3,0,,0|0|0.699999928|0|0|0|0,0|0|0.699999928|0|0|0|0
3987,3987,6,2,2,255,255,0,0,0,0.0166666675,,19,0,19,0,3,0,,0|0|0.699999928|0|0|0|0,0|0|0.699999928|0|0|0|0
3988,3988,6,2,2,255,255,0,0,0,0.0166666675,,19,0,19,0,3,0,,0|0|0.699999928|0|0|0|0,0|0|0.699999928|0|0|0|0
3989,3989,6,2,2,255,255,0,0,0,0.0166666675,,19,0,19,0,3,0,,0|0|0.699999928|0|0|0|0,0|0|0.699999928|0|0|0|0
3990,3990,6,2,2,255,255,0,0,0,0.0166666675,,19,0,19,0,3,0,,0|0|0.699999928|0|0|0|0,0|0|0.699999928|0|0|0|0
3991,3991,6,2,2,255,255,0,0,0,0.0166666675,,19,0,19,0,3,0,,0|0|0.699999928|0|0|0|0,0|0|0.699999928|0|0|0|0
3992,3992,6,2,2,255,255,0,0,0,0.0166666675,,19,0,19,0,3,0,,0|0|0.699999928|0|0|0|0,0|0|0.699999928|0|0|0|0
3993,3993,6,2,2,255,255,0,0,0,0.0166666675,,19,0,19,0,3,0,,0|0|0.699999928|0|0|0|0,0|0|0.699999928|0|0|0|0
3994,3994,6,2,2,255,255,0,0,0,0.0166666675,,19,0,19,0,3,0,,0|0|0.699999928|0|0|0|0,0|0|0.699999928|0|0|0|0
3995,3995,6,2,2,255,255,0,0,0,0.0166666675,,19,0,19,0,3,0,,0|0|0.699999928|0|0|0|0,0|0|0.699999928|0|0|0|0
3996,3996,6,2,2,255,255,0,0,0,0.0166666675,,19,0,19,0,3,0,,0|0|0.699999928|0|0|0|0,0|0|0.699999928|0|0|0|0
3997,3997,6,2,2,255,255,0,0,0,0.0166666675,,19,0,19,0,3,0,,0|0|0.699999928|0|0|0|0,0|0|0.699999928|0|0|0|0
3998,3998,6,2,2,255,255,0,0,0,0.0166666675,,19,0,19,0,3,0,,0|0|0.699999928|0|0|0|0,0|0|0.699999928|0|0|0|0
3999,3999,6,2,2,255,255,0,0,0,0.0166666675,,19,0,19,0,3,0,,0|0|0.699999928|0|0|0|0,0|0|0.699999928|0|0|0|0
4000,4000,6,2,2,255,255,0,0,0,0.0166666675,,19,0,19,0,3,0,,0|0|0.699999928|0|0|0|0,0|0|0.699999928|0|0|0|0
4001,4001,6,2,2,255,255,0,0,0,0.0166666675,,19,0,19,0,3,0,,0|0|0.699999928|0|0|0|0,0|0|0.699999928|0|0|0|0
4002,4002,6,2,2,255,255,0,0,0,0.0166666675,,19,0,19,0,3,0,,0|0|0.699999928|0|0|0|0,0|0|0.699999928|0|0|0|0
4003,4003,6,2,2,255,255,0,0,0,0.0166666675,,19,0,19,0,3,0,,0|0|0.699999928|0|0|0|0,0|0|0.699999928|0|0|0|0
4004,4004,6,2,2,255,255,0,0,0,0.0166666675,,19,0,19,0,3,0,,0|0|0.699999928|0|0|0|0,0|0|0.699999928|0|0|0|0
4005,4005,6,2,2,255,255,0,0,0,0.0166666675,,19,0,19,0,3,0,,0|0|0.699999928|0|0|0|0,0|0|0.699999928|0|0|0|0
4006,4006,6,2,2,255,255,0,0,0,0.0166666675,,19,0,19,0,3,0,,0|0|0.699999928|0|0|0|0,0|0|0.699999928|0|0|0|0
4007,4007,6,2,2,255,255,0,0,0,0.0166666675,,19,0,19,0,3,0,,0|0|0.699999928|0|0|0|0,0|0|0.699999928|0|0|0|0
4008,4008,6,2,2,255,255,0,0,0,0.0166666675,,19,0,19,0,3,0,,0|0|0.699999928|0|0|0|0,0|0|0.699999928|0|0|0|0
4009,4009,6,2,2,255,255,0,0,0,0.0166666675,,19,0,19,0,3,0,,0|0|0.699999928|0|0|0|0,0|0|0.699999928|0|0|0|0
4010,4010,6,2,2,255,255,0,0,0,0.0166666675,,19,0,19,0,3,0,,0|0|0.699999928|0|0|0|0,0|0|0.699999928|0|0|0|0
4011,4011,6,2,2,255,255,0,0,0,0.0166666675,,19,0,19,0,3,0,,0|0|0.699999928|0|0|0|0,0|0|0.699999928|0|0|0|0
4012,4012,6,2,2,255,255,0,0,0,0.0166666675,,19,0,19,0,3,0,,0|0|0.699999928|0|0|0|0,0|0|0.699999928|0|0|0|0
4013,4013,6,2,2,255,255,0,0,0,0.0166666675,,19,0,19,0,3,0,,0|0|0.699999928|0|0|0|0,0|0|0.699999928|0|0|0|0
4014,4014,6,2,2,255,255,0,0,0,0.0166666675,,19,0,19,0,3,0,,0|0|0.699999928|0|0|0|0,0|0|0.699999928|0|0|0|0
4015,4015,6,2,2,255,255,0,0,0,0.0166666675,,19,0,19,0,3,0,,0|0|0.699999928|0|0|0|0,0|0|0.699999928|0|0|0|0
4016,4016,6,2,2,255,255,0,0,0,0.0166666675,,19,0,19,0,3,0,,0|0|0.699999928|0|0|0|0,0|0|0.699999928|0|0|0|0
4017,4017,6,2,2,255,255,0,0,0,0.0166666675,,19,0,19,0,3,0,,0|0|0.699999928|0|0|0|0,0|0|0.699999928|0|0|0|0
4018,4018,6,2,2,255,255,0,0,0,0.0166666675,,19,0,19,0,3,0,,0|0|0.699999928|0|0|0|0,0|0|0.699999928|0|0|0|0
4019,4019,6,2,2,255,255,0,0,0,0.0166666675,,19,0,19,0,3,0,,0|0|0.699999928|0|0|0|0,0|0|0.699999928|0|0|0|0
4020,4020,6,2,2,255,255,0,0,0,0.0166666675,,19,0,19,0,3,0,,0|0|0.699999928|0|0|0|0,0|0|0.699999928|0|0|0|0
4021,4021,6,2,2,255,255,0,0,0,0.0166666675,,19,0,19,0,3,0,,0|0|0.699999928|0|0|0|0,0|0|0.699999928|0|0|0|0
4022,4022,6,2,2,255,255,0,0,0,0.0166666675,,19,0,19,0,3,0,,0|0|0.699999928|0|0|0|0,0|0|0.699999928|0|0|0|0
4023,4023,6,2,2,255,255,0,0,0,0.0166666675,,19,0,19,0,3,0,,0|0|0.699999928|0|0|0|0,0|0|0.699999928|0|0|0|0
4024,4024,6,2,2,255,255,0,0,0,0.0166666675,,19,0,19,0,3,0,,0|0|0.699999928|0|0|0|0,0|0|0.699999928|0|0|0|0
4025,4025,6,2,2,255,255,0,0,0,0.0166666675,,19,0,19,0,3,0,,0|0|0.699999928|0|0|0|0,0|0|0.699999928|0|0|0|0
4026,4026,6,2,2,255,255,0,0,0,0.0166666675,,19,0,19,0,3,0,,0|0|0.699999928|0|0|0|0,0|0|0.699999928|0|0|0|0
4027,4027,6,2,2,255,255,0,0,0,0.0166666675,,19,0,19,0,3,0,,0|0|0.699999928|0|0|0|0,0|0|0.699999928|0|0|0|0
4028,4028,6,2,2,255,255,0,0,0,0.0166666675,,19,0,19,0,3,0,,0|0|0.699999928|0|0|0|0,0|0|0.699999928|0|0|0|0
4029,4029,6,2,2,255,255,0,0,0,0.0166666675,,19,0,19,0,3,0,,0|0|0.699999928|0|0|0|0,0|0|0.699999928|0|0|0|0
4030,4030,6,2,2,255,255,0,0,0,0.0166666675,,19,0,19,0,3,0,,0|0|0.699999928|0|0|0|0,0|0|0.699999928|0|0|0|0
4031,4031,6,2,2,255,255,0,0,0,0.0166666675,,19,0,19,0,3,0,,0|0|0.699999928|0|0|0|0,0|0|0.699999928|0|0|0|0
4032,4032,6,2,2,255,255,0,0,0,0.0166666675,,19,0,19,0,3,0,,0|0|0.699999928|0|0|0|0,0|0|0.699999928|0|0|0|0
4033,4033,6,2,2,255,255,0,0,0,0.0166666675,,19,0,19,0,3,0,,0|0|0.699999928|0|0|0|0,0|0|0.699999928|0|0|0|0
4034,4034,6,2,2,255,255,0,0,0,0.0166666675,,19,0,19,0,3,0,,0|0|0.699999928|0|0|0|0,0|0|0.699999928|0|0|0|0
4035,4035,6,2,2,255,255,0,0,0,0.0166666675,,19,0,19,0,3,0,,0|0|0.699999928|0|0|0|0,0|0|0.699999928|0|0|0|0
4036,4036,6,2,2,255,255,0,0,0,0.0166666675,,19,0,19,0,3,0,,0|0|0.699999928|0|0|0|0,0|0|0.699999928|0|0|0|0
4037,4037,6,2,2,255,255,0,0,0,0.0166666675,,19,0,19,0,3,0,,0|0|0.699999928|0|0|0|0,0|0|0.699999928|0|0|0|0
4038,4038,6,2,2,255,255,0,0,0,0.0166666675,,19,0,19,0,3,0,,0|0|0.699999928|0|0|0|0,0|0|0.699999928|0|0|0|0
4039,4039,6,2,2,255,255,0,0,0,0.0166666675,,19,0,19,0,3,0,,0|0|0.699999928|0|0|0|0,0|0|0.699999928|0|0|0|0
4040,4040,6,2,2,255,255,0,0,0,0.0166666675,,19,0,19,0,3,0,,0|0|0.699999928|0|0|0|0,0|0|0.699999928|0|0|0|0
4041,4041,6,2,2,255,255,0,0,0,0.0166666675,,19,0,19,0,3,0,,0|0|0.699999928|0|0|0|0,0|0|0.699999928|0|0|0|0
4042,4042,6,2,2,255,255,0,0,0,0.0166666675,,19,0,19,0,3,0,,0|0|0.699999928|0|0|0|0,0|0|0.699999928|0|0|0|0
4043,4043,6,2,2,255,255,0,0,0,0.0166666675,,19,0,19,0,3,0,,0|0|0.699999928|0|0|0|0,0|0|0.699999928|0|0|0|0
4044,4044,6,2,2,255,255,0,0,0,0.0166666675,,19,0,19,0,3,0,,0|0|0.699999928|0|0|0|0,0|0|0.699999928|0|0|0|0
4045,4045,6,2,2,255,255,0,0,0,0.0166666675,,19,0,19,0,3,0,,0|0|0.699999928|0|0|0|0,0|0|0.699999928|0|0|0|0
4046,4046,6,2,2,255,255,0,0,0,0.0166666675,,19,0,19,0,3,0,,0|0|0.699999928|0|0|0|0,0|0|0.699999928|0|0|0|0
4047,4047,6,2,2,255,255,0,0,0,0.0166666675,,19,0,19,0,3,0,,0|0|0.699999928|0|0|0|0,0|0|0.699999928|0|0|0|0
4048,4048,6,2,2,255,255,0,0,0,0.0166666675,,19,0,19,0,3,0,,0|0|0.699999928|0|0|0|0,0|0|0.699999928|0|0|0|0
4049,4049,6,2,2,255,255,0,0,0,0.0166666675,,19,0,19,0,3,0,,0|0|0.699999928|0|0|0|0,0|0|0.699999928|0|0|0|0
4050,4050,6,2,2,255,255,0,0,0,0.0166666675,,19,0,19,0,3,0,,0|0|0.699999928|0|0|0|0,0|0|0.699999928|0|0|0|0
4051,4051,6,2,2,255,255,0,0,0,0.0166666675,,19,0,19,0,3,0,,0|0|0.699999928|0|0|0|0,0|0|0.699999928|0|0|0|0
4052,4052,6,2,2,255,255,0,0,0,0.0166666675,,19,0,19,0,3,0,,0|0|0.699999928|0|0|0|0,0|0|0.699999928|0|0|0|0
4053,4053,6,2,2,255,255,0,0,0,0.0166666675,,19,0,19,0,3,0,,0|0|0.699999928|0|0|0|0,0|0|0.699999928|0|0|0|0
4054,4054,6,2,2,255,255,0,0,0,0.0166666675,,19,0,19,0,3,0,,0|0|0.699999928|0|0|0|0,0|0|0.699999928|0|0|0|0
4055,4055,6,2,2,255,255,0,0,0,0.0166666675,,19,0,19,0,3,0,,0|0|0.699999928|0|0|0|0,0|0|0.699999928|0|0|0|0
4056,4056,6,2,2,255,255,0,0,0,0.0166666675,,19,0,19,0,3,0,,0|0|0.699999928|0|0|0|0,0|0|0.699999928|0|0|0|0
4057,4057,6,2,2,255,255,0,0,0,0.0166666675,,19,0,19,0,3,0,,0|0|0.699999928|0|0|0|0,0|0|0.699999928|0|0|0|0
4058,4058,6,2,2,255,255,0,0,0,0.0166666675,,19,0,19,0,3,0,,0|0|0.699999928|0|0|0|0,0|0|0.699999928|0|0|0|0
4059,4059,6,2,2,255,255,0,0,0,0.0166666675,,19,0,19,0,3,0,,0|0|0.699999928|0|0|0|0,0|0|0.699999928|0|0|0|0
4060,4060,6,2,2,255,255,0,0,0,0.0166666675,,19,0,19,0,3,0,,0|0|0.699999928|0|0|0|0,0|0|0.699999928|0|0|0|0
4061,4061,6,2,2,255,255,0,0,0,0.0166666675,,19,0,19,0,3,0,,0|0|0.699999928|0|0|0|0,0|0|0.699999928|0|0|0|0
4062,4062,6,2,2,255,255,0,0,0,0.0166666675,,19,0,19,0,3,0,,0|0|0.699999928|0|0|0|0,0|0|0.699999928|0|0|0|0
4063,4063,6,2,2,255,255,0,0,0,0.0166666675,,19,0,19,0,3,0,,0|0|0.699999928|0|0|0|0,0|0|0.699999928|0|0|0|0
4064,4064,6,2,2,255,255,0,0,0,0.0166666675,,19,0,19,0,3,0,,0|0|0.699999928|0|0|0|0,0|0|0.699999928|0|0|0|0
4065,4065,6,2,2,255,255,0,0,0,0.0166666675,,19,0,19,0,3,0,,0|0|0.699999928|0|0|0|0,0|0|0.699999928|0|0|0|0
4066,4066,6,2,2,255,255,0,0,0,0.0166666675,,19,0,19,0,3,0,,0|0|0.699999928|0|0|0|0,0|0|0.699999928|0|0|0|0
4067,4067,6,2,2,255,255,0,0,0,0.0166666675,,19,0,19,0,3,0,,0|0|0.699999928|0|0|0|0,0|0|0.699999928|0|0|0|0
4068,4068,6,2,2,255,255,0,0,0,0.0166666675,,19,0,19,0,3,0,,0|0|0.699999928|0|0|0|0,0|0|0.699999928|0|0|0|0
4069,4069,6,2,2,255,255,0,0,0,0.0166666675,,19,0,19,0,3,0,,0|0|0.699999928|0|0|0|0,0|0|0.699999928|0|0|0|0
4070,4070,6,2,2,255,255,0,0,0,0.0166666675,,19,0,19,0,3,0,,0|0|0.699999928|0|0|0|0,0|0|0.699999928|0|0|0|0
4071,4071,6,2,2,255,255,0,0,0,0.0166666675,,19,0,19,0,3,0,,0|0|0.699999928|0|0|0|0,0|0|0.699999928|0|0|0|0
4072,4072,6,2,2,255,255,0,0,0,0.0166666675,,19,0,19,0,3,0,,0|0|0.699999928|0|0|0|0,0|0|0.699999928|0|0|0|0
4073,4073,6,2,2,255,255,0,0,0,0.0166666675,,19,0,19,0,3,0,,0|0|0.699999928|0|0|0|0,0|0|0.699999928|0|0|0|0
4074,4074,6,2,2,255,255,0,0,0,0.0166666675,,19,0,19,0,3,0,,0|0|0.699999928|0|0|0|0,0|0|0.699999928|0|0|0|0
4075,4075,6,2,2,255,255,0,0,0,0.0166666675,,19,0,19,0,3,0,,0|0|0.699999928|0|0|0|0,0|0|0.699999928|0|0|0|0
4076,4076,6,2,2,255,255,0,0,0,0.0166666675,,19,0,19,0,3,0,,0|0|0.699999928|0|0|0|0,0|0|0.699999928|0|0|0|0
4077,4077,6,2,2,255,255,0,0,0,0.0166666675,,19,0,19,0,3,0,,0|0|0.699999928|0|0|0|0,0|0|0.699999928|0|0|0|0
4078,4078,6,2,2,255,255,0,0,0,0.0166666675,,19,0,19,0,3,0,,0|0|0.699999928|0|0|0|0,0|0|0.699999928|0|0|0|0
4079,4079,6,2,2,255,255,0,0,0,0.0166666675,,19,0,19,0,3,0,,0|0|0.699999928|0|0|0|0,0|0|0.699999928|0|0|0|0
4080,4080,6,2,2,255,255,0,0,0,0.0166666675,,19,0,19,0,3,0,,0|0|0.699999928|0|0|0|0,0|0|0.699999928|0|0|0|0
4081,4081,6,2,2,255,255,0,0,0,0.0166666675,,19,0,19,0,3,0,,0|0|0.699999928|0|0|0|0,0|0|0.699999928|0|0|0|0
4082,4082,6,2,2,255,255,0,0,0,0.0166666675,,19,0,19,0,3,0,,0|0|0.699999928|0|0|0|0,0|0|0.699999928|0|0|0|0
4083,4083,6,2,2,255,255,0,0,0,0.0166666675,,19,0,19,0,3,0,,0|0|0.699999928|0|0|0|0,0|0|0.699999928|0|0|0|0
4084,4084,6,2,2,255,255,0,0,0,0.0166666675,,19,0,19,0,3,0,,0|0|0.699999928|0|0|0|0,0|0|0.699999928|0|0|0|0
4085,4085,6,2,2,255,255,0,0,0,0.0166666675,,19,0,19,0,3,0,,0|0|0.699999928|0|0|0|0,0|0|0.599999905|0|0|0|0
4086,4086,6,2,2,255,255,0,0,0,0.0166666675,,19,0,19,0,3,0,,0|0|0.599999905|0|0|0|0,0|0|0.599999905|0|0|0|0
4087,4087,6,2,2,255,255,0,0,0,0.0166666675,,19,0,19,0,3,0,,0|0|0.599999905|0|0|0|0,0|0|0.599999905|0|0|0|0
4088,4088,6,2,2,255,255,0,0,0,0.0166666675,,19,0,19,0,3,0,,0|0|0.599999905|0|0|0|0,0|0|0.599999905|0|0|0|0
4089,4089,6,2,2,255,255,0,0,0,0.0166666675,,19,0,19,0,3,0,,0|0|0.599999905|0|0|0|0,0|0|0.599999905|0|0|0|0
4090,4090,6,2,2,255,255,0,0,0,0.0166666675,,19,0,19,0,3,0,,0|0|0.599999905|0|0|0|0,0|0|0.599999905|0|0|0|0
4091,4091,6,2,2,255,255,0,0,0,0.0166666675,,19,0,19,0,3,0,,0|0|0.599999905|0|0|0|0,0|0|0.599999905|0|0|0|0
4092,4092,6,2,2,255,255,0,0,0,0.0166666675,,19,0,19,0,3,0,,0|0|0.599999905|0|0|0|0,0|0|0.599999905|0|0|0|0
4093,4093,6,2,2,255,255,0,0,0,0.0166666675,,19,0,19,0,3,0,,0|0|0.599999905|0|0|0|0,0|0|0.599999905|0|0|0|0
4094,4094,6,2,2,255,255,0,0,0,0.0166666675,,19,0,19,0,3,0,,0|0|0.599999905|0|0|0|0,0|0|0.599999905|0|0|0|0
4095,4095,6,2,2,255,255,0,0,0,0.0166666675,,19,0,19,0,3,0,,0|0|0.599999905|0|0|0|0,0|0|0.599999905|0|0|0|0
4096,4096,6,2,2,255,255,0,0,0,0.0166666675,,19,0,19,0,3,0,,0|0|0.599999905|0|0|0|0,0|0|0.599999905|0|0|0|0
4097,4097,6,2,2,255,255,0,0,0,0.0166666675,,19,0,19,0,3,0,,0|0|0.599999905|0|0|0|0,0|0|0.599999905|0|0|0|0
4098,4098,6,2,2,255,255,0,0,0,0.0166666675,,19,0,19,0,3,0,,0|0|0.599999905|0|0|0|0,0|0|0.599999905|0|0|0|0
4099,4099,6,2,2,255,255,0,0,0,0.0166666675,,19,0,19,0,3,0,,0|0|0.599999905|0|0|0|0,0|0|0.599999905|0|0|0|0
4100,4100,6,2,2,255,255,0,0,0,0.0166666675,,19,0,19,0,3,0,,0|0|0.599999905|0|0|0|0,0|0|0.599999905|0|0|0|0
4101,4101,6,2,2,255,255,0,0,0,0.0166666675,,19,0,19,0,3,0,,0|0|0.599999905|0|0|0|0,0|0|0.599999905|0|0|0|0
4102,4102,6,2,2,255,255,0,0,0,0.0166666675,,19,0,19,0,3,0,,0|0|0.599999905|0|0|0|0,0|0|0.599999905|0|0|0|0
4103,4103,6,2,2,255,255,0,0,0,0.0166666675,,19,0,19,0,3,0,,0|0|0.599999905|0|0|0|0,0|0|0.599999905|0|0|0|0
4104,4104,6,2,2,255,255,0,0,0,0.0166666675,,19,0,19,0,3,0,,0|0|0.599999905|0|0|0|0,0|0|0.599999905|0|0|0|0
4105,4105,6,2,2,255,255,0,0,0,0.0166666675,,19,0,19,0,3,0,,0|0|0.599999905|0|0|0|0,0|0|0.599999905|0|0|0|0
4106,4106,6,2,2,255,255,0,0,0,0.0166666675,,19,0,19,0,3,0,,0|0|0.599999905|0|0|0|0,0|0|0.599999905|0|0|0|0
4107,4107,6,2,2,255,255,0,0,0,0.0166666675,,19,0,19,0,3,0,,0|0|0.599999905|0|0|0|0,0|0|0.599999905|0|0|0|0
4108,4108,6,2,2,255,255,0,0,0,0.0166666675,,19,0,19,0,3,0,,0|0|0.599999905|0|0|0|0,0|0|0.599999905|0|0|0|0
4109,4109,6,2,2,255,255,0,0,0,0.0166666675,,19,0,19,0,3,0,,0|0|0.599999905|0|0|0|0,0|0|0.599999905|0|0|0|0
4110,4110,6,2,2,255,255,0,0,0,0.0166666675,,19,0,19,0,3,0,,0|0|0.599999905|0|0|0|0,0|0|0.599999905|0|0|0|0
4111,4111,6,2,2,255,255,0,0,0,0.0166666675,,19,0,19,0,3,0,,0|0|0.599999905|0|0|0|0,0|0|0.599999905|0|0|0|0
4112,4112,6,2,2,255,255,0,0,0,0.0166666675,,19,0,19,0,3,0,,0|0|0.599999905|0|0|0|0,0|0|0.599999905|0|0|0|0
4113,4113,6,2,2,255,255,0,0,0,0.0166666675,,19,0,19,0,3,0,,0|0|0.599999905|0|0|0|0,0|0|0.599999905|0|0|0|0
4114,4114,6,2,2,255,255,0,0,0,0.0166666675,,19,0,19,0,3,0,,0|0|0.599999905|0|0|0|0,0|0|0.599999905|0|0|0|0
4115,4115,6,2,2,255,255,0,0,0,0.0166666675,,19,0,19,0,3,0,,0|0|0.599999905|0|0|0|0,0|0|0.599999905|0|0|0|0
4116,4116,6,2,2,255,255,0,0,0,0.0166666675,,19,0,19,0,3,0,,0|0|0.599999905|0|0|0|0,0|0|0.599999905|0|0|0|0
4117,4117,6,2,2,255,255,0,0,0,0.0166666675,,19,0,19,0,3,0,,0|0|0.599999905|0|0|0|0,0|0|0.599999905|0|0|0|0
4118,4118,6,2,2,255,255,0,0,0,0.0166666675,,19,0,19,0,3,0,,0|0|0.599999905|0|0|0|0,0|0|0.599999905|0|0|0|0
4119,4119,6,2,2,255,255,0,0,0,0.0166666675,,19,0,19,0,3,0,,0|0|0.599999905|0|0|0|0,0|0|0.599999905|0|0|0|0
4120,4120,6,2,2,255,255,0,0,0,0.0166666675,,19,0,19,0,3,0,,0|0|0.599999905|0|0|0|0,0|0|0.599999905|0|0|0|0
4121,4121,6,2,2,255,255,0,0,0,0.0166666675,,19,0,19,0,3,0,,0|0|0.599999905|0|0|0|0,0|0|0.599999905|0|0|0|0
4122,4122,6,2,2,255,255,0,0,0,0.0166666675,,19,0,19,0,3,0,,0|0|0.599999905|0|0|0|0,0|0|0.599999905|0|0|0|0
4123,4123,6,2,2,255,255,0,0,0,0.0166666675,,19,0,19,0,3,0,,0|0|0.599999905|0|0|0|0,0|0|0.599999905|0|0|0|0
4124,4124,6,2,2,255,255,0,0,0,0.0166666675,,19,0,19,0,3,0,,0|0|0.599999905|0|0|0|0,0|0|0.599999905|0|0|0|0
4125,4125,6,2,2,255,255,0,0,0,0.0166666675,,19,0,19,0,3,0,,0|0|0.599999905|0|0|0|0,0|0|0.599999905|0|0|0|0
4126,4126,6,2,2,255,255,0,0,0,0.0166666675,,19,0,19,0,3,0,,0|0|0.599999905|0|0|0|0,0|0|0.599999905|0|0|0|0
4127,4127,6,2,2,255,255,0,0,0,0.0166666675,,19,0,19,0,3,0,,0|0|0.599999905|0|0|0|0,0|0|0.599999905|0|0|0|0
4128,4128,6,2,2,255,255,0,0,0,0.0166666675,,19,0,19,0,3,0,,0|0|0.599999905|0|0|0|0,0|0|0.599999905|0|0|0|0
4129,4129,6,2,2,255,255,0,0,0,0.0166666675,,19,0,19,0,3,0,,0|0|0.599999905|0|0|0|0,0|0|0.599999905|0|0|0|0
4130,4130,6,2,2,255,255,0,0,0,0.0166666675,,19,0,19,0,3,0,,0|0|0.599999905|0|0|0|0,0|0|0.599999905|0|0|0|0
4131,4131,6,2,2,255,255,0,0,0,0.0166666675,,19,0,19,0,3,0,,0|0|0.599999905|0|0|0|0,0|0|0.599999905|0|0|0|0
4132,4132,6,2,2,255,255,0,0,0,0.0166666675,,19,0,19,0,3,0,,0|0|0.599999905|0|0|0|0,0|0|0.599999905|0|0|0|0
4133,4133,6,2,2,255,255,0,0,0,0.0166666675,,19,0,19,0,3,0,,0|0|0.599999905|0|0|0|0,0|0|0.599999905|0|0|0|0
4134,4134,6,2,2,255,255,0,0,0,0.0166666675,,19,0,19,0,3,0,,0|0|0.599999905|0|0|0|0,0|0|0.599999905|0|0|0|0
4135,4135,6,2,2,255,255,0,0,0,0.0166666675,,19,0,19,0,3,0,,0|0|0.599999905|0|0|0|0,0|0|0.599999905|0|0|0|0
4136,4136,6,2,2,255,255,0,0,0,0.0166666675,,19,0,19,0,3,0,,0|0|0.599999905|0|0|0|0,0|0|0.599999905|0|0|0|0
4137,4137,6,2,2,255,255,0,0,0,0.0166666675,,19,0,19,0,3,0,,0|0|0.599999905|0|0|0|0,0|0|0.599999905|0|0|0|0
4138,4138,6,2,2,255,255,0,0,0,0.0166666675,,19,0,19,0,3,0,,0|0|0.599999905|0|0|0|0,0|0|0.599999905|0|0|0|0
4139,4139,6,2,2,255,255,0,0,0,0.0166666675,,19,0,19,0,3,0,,0|0|0.599999905|0|0|0|0,0|0|0.599999905|0|0|0|0
4140,4140,6,2,2,255,255,0,0,0,0.0166666675,,19,0,19,0,3,0,,0|0|0.599999905|0|0|0|0,0|0|0.599999905|0|0|0|0
4141,4141,6,2,2,255,255,0,0,0,0.0166666675,,19,0,19,0,3,0,,0|0|0.599999905|0|0|0|0,0|0|0.599999905|0|0|0|0
4142,4142,6,2,2,255,255,0,0,0,0.0166666675,,19,0,19,0,3,0,,0|0|0.599999905|0|0|0|0,0|0|0.599999905|0|0|0|0
4143,4143,6,2,2,255,255,0,0,0,0.0166666675,,19,0,19,0,3,0,,0|0|0.599999905|0|0|0|0,0|0|0.599999905|0|0|0|0
4144,4144,6,2,2,255,255,0,0,0,0.0166666675,,19,0,19,0,3,0,,0|0|0.599999905|0|0|0|0,0|0|0.599999905|0|0|0|0
4145,4145,6,2,2,255,255,0,0,0,0.0166666675,,19,0,19,0,3,0,,0|0|0.599999905|0|0|0|0,0|0|0.599999905|0|0|0|0
4146,4146,6,2,2,255,255,0,0,0,0.0166666675,,19,0,19,0,3,0,,0|0|0.599999905|0|0|0|0,0|0|0.599999905|0|0|0|0
4147,4147,6,2,2,255,255,0,0,0,0.0166666675,,19,0,19,0,3,0,,0|0|0.599999905|0|0|0|0,0|0|0.599999905|0|0|0|0
4148,4148,6,2,2,255,255,0,0,0,0.0166666675,,19,0,19,0,3,0,,0|0|0.599999905|0|0|0|0,0|0|0.599999905|0|0|0|0
4149,4149,6,2,2,255,255,0,0,0,0.0166666675,,19,0,19,0,3,0,,0|0|0.599999905|0|0|0|0,0|0|0.599999905|0|0|0|0
4150,4150,6,2,2,255,255,0,0,0,0.0166666675,,19,0,19,0,3,0,,0|0|0.599999905|0|0|0|0,0|0|0.599999905|0|0|0|0
4151,4151,6,2,2,255,255,0,0,0,0.0166666675,,19,0,19,0,3,0,,0|0|0.599999905|0|0|0|0,0|0|0.599999905|0|0|0|0
4152,4152,6,2,2,255,255,0,0,0,0.0166666675,,19,0,19,0,3,0,,0|0|0.599999905|0|0|0|0,0|0|0.599999905|0|0|0|0
4153,4153,6,2,2,255,255,0,0,0,0.0166666675,,19,0,19,0,3,0,,0|0|0.599999905|0|0|0|0,0|0|0.599999905|0|0|0|0
4154,4154,6,2,2,255,255,0,0,0,0.0166666675,,19,0,19,0,3,0,,0|0|0.599999905|0|0|0|0,0|0|0.599999905|0|0|0|0
4155,4155,6,2,2,255,255,0,0,0,0.0166666675,,19,0,19,0,3,0,,0|0|0.599999905|0|0|0|0,0|0|0.599999905|0|0|0|0
4156,4156,6,2,2,255,255,0,0,0,0.0166666675,,19,0,19,0,3,0,,0|0|0.599999905|0|0|0|0,0|0|0.599999905|0|0|0|0
4157,4157,6,2,2,255,255,0,0,0,0.0166666675,,19,0,19,0,3,0,,0|0|0.599999905|0|0|0|0,0|0|0.599999905|0|0|0|0
4158,4158,6,2,2,255,255,0,0,0,0.0166666675,,19,0,19,0,3,0,,0|0|0.599999905|0|0|0|0,0|0|0.599999905|0|0|0|0
4159,4159,6,2,2,255,255,0,0,0,0.0166666675,,19,0,19,0,3,0,,0|0|0.599999905|0|0|0|0,0|0|0.599999905|0|0|0|0
4160,4160,6,2,2,255,255,0,0,0,0.0166666675,,19,0,19,0,3,0,,0|0|0.599999905|0|0|0|0,0|0|0.599999905|0|0|0|0
4161,4161,6,2,2,255,255,0,0,0,0.0166666675,,19,0,19,0,3,0,,0|0|0.599999905|0|0|0|0,0|0|0.599999905|0|0|0|0
4162,4162,6,2,2,255,255,0,0,0,0.0166666675,,19,0,19,0,3,0,,0|0|0.599999905|0|0|0|0,0|0|0.599999905|0|0|0|0
4163,4163,6,2,2,255,255,0,0,0,0.0166666675,,19,0,19,0,3,0,,0|0|0.599999905|0|0|0|0,0|0|0.599999905|0|0|0|0
4164,4164,6,2,2,255,255,0,0,0,0.0166666675,,19,0,19,0,3,0,,0|0|0.599999905|0|0|0|0,0|0|0.599999905|0|0|0|0
4165,4165,6,2,2,255,255,0,0,0,0.0166666675,,19,0,19,0,3,0,,0|0|0.599999905|0|0|0|0,0|0|0.599999905|0|0|0|0
4166,4166,6,2,2,255,255,0,0,0,0.0166666675,,19,0,19,0,3,0,,0|0|0.599999905|0|0|0|0,0|0|0.599999905|0|0|0|0
4167,4167,6,2,2,255,255,0,0,0,0.0166666675,,19,0,19,0,3,0,,0|0|0.599999905|0|0|0|0,0|0|0.599999905|0|0|0|0
4168,4168,6,2,2,255,255,0,0,0,0.0166666675,,19,0,19,0,3,0,,0|0|0.599999905|0|0|0|0,0|0|0.599999905|0|0|0|0
4169,4169,6,2,2,255,255,0,0,0,0.0166666675,,19,0,19,0,3,0,,0|0|0.599999905|0|0|0|0,0|0|0.599999905|0|0|0|0
4170,4170,6,2,2,255,255,0,0,0,0.0166666675,,19,0,19,0,3,0,,0|0|0.599999905|0|0|0|0,0|0|0.599999905|0|0|0|0
4171,4171,6,2,2,255,255,0,0,0,0.0166666675,,19,0,19,0,3,0,,0|0|0.599999905|0|0|0|0,0|0|0.599999905|0|0|0|0
4172,4172,6,2,2,255,255,0,0,0,0.0166666675,,19,0,19,0,3,0,,0|0|0.599999905|0|0|0|0,0|0|0.599999905|0|0|0|0
4173,4173,6,2,2,255,255,0,0,0,0.0166666675,,19,0,19,0,3,0,,0|0|0.599999905|0|0|0|0,0|0|0.599999905|0|0|0|0
4174,4174,6,2,2,255,255,0,0,0,0.0166666675,,19,0,19,0,3,0,,0|0|0.599999905|0|0|0|0,0|0|0.599999905|0|0|0|0
4175,4175,6,2,2,255,255,0,0,0,0.0166666675,,19,0,19,0,3,0,,0|0|0.599999905|0|0|0|0,0|0|0.599999905|0|0|0|0
4176,4176,6,2,2,255,255,0,0,0,0.0166666675,,19,0,19,0,3,0,,0|0|0.599999905|0|0|0|0,0|0|0.599999905|0|0|0|0
4177,4177,6,2,2,255,255,0,0,0,0.0166666675,,19,0,19,0,3,0,,0|0|0.599999905|0|0|0|0,0|0|0.599999905|0|0|0|0
4178,4178,6,2,2,255,255,0,0,0,0.0166666675,,19,0,19,0,3,0,,0|0|0.599999905|0|0|0|0,0|0|0.599999905|0|0|0|0
4179,4179,6,2,2,255,255,0,0,0,0.0166666675,,19,0,19,0,3,0,,0|0|0.599999905|0|0|0|0,0|0|0.599999905|0|0|0|0
4180,4180,6,2,2,255,255,0,0,0,0.0166666675,,19,0,19,0,3,0,,0|0|0.599999905|0|0|0|0,0|0|0.599999905|0|0|0|0
4181,4181,6,2,2,255,255,0,0,0,0.0166666675,,19,0,19,0,3,0,,0|0|0.599999905|0|0|0|0,0|0|0.599999905|0|0|0|0
4182,4182,6,2,2,255,255,0,0,0,0.0166666675,,19,0,19,0,3,0,,0|0|0.599999905|0|0|0|0,0|0|0.599999905|0|0|0|0
4183,4183,6,2,2,255,255,0,0,0,0.0166666675,,19,0,19,0,3,0,,0|0|0.599999905|0|0|0|0,0|0|0.599999905|0|0|0|0
4184,4184,6,2,2,255,255,0,0,0,0.0166666675,,19,0,19,0,3,0,,0|0|0.599999905|0|0|0|0,0|0|0.599999905|0|0|0|0
4185,4185,6,2,2,255,255,0,0,0,0.0166666675,,19,0,19,0,3,0,,0|0|0.599999905|0|0|0|0,0|0|0.599999905|0|0|0|0
4186,4186,6,2,2,255,255,0,0,0,0.0166666675,,19,0,19,0,3,0,,0|0|0.599999905|0|0|0|0,0|0|0.599999905|0|0|0|0
4187,4187,6,2,2,255,255,0,0,0,0.0166666675,,19,0,19,0,3,0,,0|0|0.599999905|0|0|0|0,0|0|0.599999905|0|0|0|0
4188,4188,6,2,2,255,255,0,0,0,0.0166666675,,19,0,19,0,3,0,,0|0|0.599999905|0|0|0|0,0|0|0.599999905|0|0|0|0
4189,4189,6,2,2,255,255,0,0,0,0.0166666675,,19,0,19,0,3,0,,0|0|0.599999905|0|0|0|0,0|0|0.599999905|0|0|0|0
4190,4190,6,2,2,255,255,0,0,0,0.0166666675,,19,0,19,0,3,0,,0|0|0.599999905|0|0|0|0,0|0|0.599999905|0|0|0|0
4191,4191,6,2,2,255,255,0,0,0,0.0166666675,,19,0,19,0,3,0,,0|0|0.599999905|0|0|0|0,0|0|0.599999905|0|0|0|0
4192,4192,6,2,2,255,255,0,0,0,0.0166666675,,19,0,19,0,3,0,,0|0|0.599999905|0|0|0|0,0|0|0.599999905|0|0|0|0
4193,4193,6,2,2,255,255,0,0,0,0.0166666675,,19,0,19,0,3,0,,0|0|0.599999905|0|0|0|0,0|0|0.599999905|0|0|0|0
4194,4194,6,2,2,255,255,0,0,0,0.0166666675,,19,0,19,0,3,0,,0|0|0.599999905|0|0|0|0,0|0|0.599999905|0|0|0|0
4195,4195,6,2,2,255,255,0,0,0,0.0166666675,,19,0,19,0,3,0,,0|0|0.599999905|0|0|0|0,0|0|0.599999905|0|0|0|0
4196,4196,6,2,2,255,255,0,0,0,0.0166666675,,19,0,19,0,3,0,,0|0|0.599999905|0|0|0|0,0|0|0.599999905|0|0|0|0
4197,4197,6,2,2,255,255,0,0,0,0.0166666675,,19,0,19,0,3,0,,0|0|0.599999905|0|0|0|0,0|0|0.599999905|0|0|0|0
4198,4198,6,2,2,255,255,0,0,0,0.0166666675,,19,0,19,0,3,0,,0|0|0.599999905|0|0|0|0,0|0|0.599999905|0|0|0|0
4199,4199,6,2,2,255,255,0,0,0,0.0166666675,,19,0,19,0,3,0,,0|0|0.599999905|0|0|0|0,0|0|0.599999905|0|0|0|0
4200,4200,6,2,2,255,255,0,0,0,0.0166666675,,19,0,19,0,3,0,,0|0|0.599999905|0|0|0|0,0|0|0.599999905|0|0|0|0
4201,4201,6,2,2,255,255,0,0,0,0.0166666675,,19,0,19,0,3,0,,0|0|0.599999905|0|0|0|0,0|0|0.599999905|0|0|0|0
4202,4202,6,2,2,255,255,0,0,0,0.0166666675,,19,0,19,0,3,0,,0|0|0.599999905|0|0|0|0,0|0|0.599999905|0|0|0|0
4203,4203,6,2,2,255,255,0,0,0,0.0166666675,,19,0,19,0,3,0,,0|0|0.599999905|0|0|0|0,0|0|0.599999905|0|0|0|0
4204,4204,6,2,2,255,255,0,0,0,0.0166666675,,19,0,19,0,3,0,,0|0|0.599999905|0|0|0|0,0|0|0.599999905|0|0|0|0
4205,4205,6,2,2,255,255,0,0,0,0.0166666675,,19,0,19,0,3,0,,0|0|0.599999905|0|0|0|0,0|0|0.599999905|0|0|0|0
4206,4206,6,2,2,255,255,0,0,0,0.0166666675,,19,0,19,0,3,0,,0|0|0.599999905|0|0|0|0,0|0|0.599999905|0|0|0|0
4207,4207,6,2,2,255,255,0,0,0,0.0166666675,,19,0,19,0,3,0,,0|0|0.599999905|0|0|0|0,0|0|0.599999905|0|0|0|0
4208,4208,6,2,2,255,255,0,0,0,0.0166666675,,19,0,19,0,3,0,,0|0|0.599999905|0|0|0|0,0|0|0.599999905|0|0|0|0
4209,4209,6,2,2,255,255,0,0,0,0.0166666675,,19,0,19,0,3,0,,0|0|0.599999905|0|0|0|0,0|0|0.599999905|0|0|0|0
4210,4210,6,2,2,255,255,0,0,0,0.0166666675,,19,0,19,0,3,0,,0|0|0.599999905|0|0|0|0,0|0|0.599999905|0|0|0|0
4211,4211,6,2,2,255,255,0,0,0,0.0166666675,,19,0,19,0,3,0,,0|0|0.599999905|0|0|0|0,0|0|0.599999905|0|0|0|0
4212,4212,6,2,2,255,255,0,0,0,0.0166666675,,19,0,19,0,3,0,,0|0|0.599999905|0|0|0|0,0|0|0.599999905|0|0|0|0
4213,4213,6,2,2,255,255,0,0,0,0.0166666675,,19,0,19,0,3,0,,0|0|0.599999905|0|0|0|0,0|0|0.599999905|0|0|0|0
4214,4214,6,2,2,255,255,0,0,0,0.0166666675,,19,0,19,0,3,0,,0|0|0.599999905|0|0|0|0,0|0|0.599999905|0|0|0|0
4215,4215,6,2,2,255,255,0,0,0,0.0166666675,,19,0,19,0,3,0,,0|0|0.599999905|0|0|0|0,0|0|0.599999905|0|0|0|0
4216,4216,6,2,2,255,255,0,0,0,0.0166666675,,19,0,19,0,3,0,,0|0|0.599999905|0|0|0|0,0|0|0.599999905|0|0|0|0
4217,4217,6,2,2,255,255,0,0,0,0.0166666675,,19,0,19,0,3,0,,0|0|0.599999905|0|0|0|0,0|0|0.599999905|0|0|0|0
4218,4218,6,2,2,255,255,0,0,0,0.0166666675,,19,0,19,0,3,0,,0|0|0.599999905|0|0|0|0,0|0|0.599999905|0|0|0|0
4219,4219,6,2,2,255,255,0,0,0,0.0166666675,,19,0,19,0,3,0,,0|0|0.599999905|0|0|0|0,0|0|0.599999905|0|0|0|0
4220,4220,6,2,2,255,255,0,0,0,0.0166666675,,19,0,19,0,3,0,,0|0|0.599999905|0|0|0|0,0|0|0.599999905|0|0|0|0
4221,4221,6,2,2,255,255,0,0,0,0.0166666675,,19,0,19,0,3,0,,0|0|0.599999905|0|0|0|0,0|0|0.599999905|0|0|0|0
4222,4222,6,2,2,255,255,0,0,0,0.0166666675,,19,0,19,0,3,0,,0|0|0.599999905|0|0|0|0,0|0|0.599999905|0|0|0|0
4223,4223,6,2,2,255,255,0,0,0,0.0166666675,,19,0,19,0,3,0,,0|0|0.599999905|0|0|0|0,0|0|0.599999905|0|0|0|0
4224,4224,6,2,2,255,255,0,0,0,0.0166666675,,19,0,19,0,3,0,,0|0|0.599999905|0|0|0|0,0|0|0.599999905|0|0|0|0
4225,4225,6,2,2,255,255,0,0,0,0.0166666675,,19,0,19,0,3,0,,0|0|0.599999905|0|0|0|0,0|0|0.599999905|0|0|0|0
4226,4226,6,2,2,255,255,0,0,0,0.0166666675,,19,0,19,0,3,0,,0|0|0.599999905|0|0|0|0,0|0|0.599999905|0|0|0|0
4227,4227,6,2,2,255,255,0,0,0,0.0166666675,,19,0,19,0,3,0,,0|0|0.599999905|0|0|0|0,0|0|0.599999905|0|0|0|0
4228,4228,6,2,2,255,255,0,0,0,0.0166666675,,19,0,19,0,3,0,,0|0|0.599999905|0|0|0|0,0|0|0.599999905|0|0|0|0
4229,4229,6,2,2,255,255,0,0,0,0.0166666675,,19,0,19,0,3,0,,0|0|0.599999905|0|0|0|0,0|0|0.599999905|0|0|0|0
4230,4230,6,2,2,255,255,0,0,0,0.0166666675,,19,0,19,0,3,0,,0|0|0.599999905|0|0|0|0,0|0|0.599999905|0|0|0|0
4231,4231,6,2,2,255,255,0,0,0,0.0166666675,,19,0,19,0,3,0,,0|0|0.599999905|0|0|0|0,0|0|0.599999905|0|0|0|0
4232,4232,6,2,2,255,255,0,0,0,0.0166666675,,19,0,19,0,3,0,,0|0|0.599999905|0|0|0|0,0|0|0.599999905|0|0|0|0
4233,4233,6,2,2,255,255,0,0,0,0.0166666675,,19,0,19,0,3,0,,0|0|0.599999905|0|0|0|0,0|0|0.599999905|0|0|0|0
4234,4234,6,2,2,255,255,0,0,0,0.0166666675,,19,0,19,0,3,0,,0|0|0.599999905|0|0|0|0,0|0|0.599999905|0|0|0|0
4235,4235,6,2,2,255,255,0,0,0,0.0166666675,,19,0,19,0,3,0,,0|0|0.599999905|0|0|0|0,0|0|0.599999905|0|0|0|0
4236,4236,6,2,2,255,255,0,0,0,0.0166666675,,19,0,19,0,3,0,,0|0|0.599999905|0|0|0|0,0|0|0.599999905|0|0|0|0
4237,4237,6,2,2,255,255,0,0,0,0.0166666675,,19,0,19,0,3,0,,0|0|0.599999905|0|0|0|0,0|0|0.599999905|0|0|0|0
4238,4238,6,2,2,255,255,0,0,0,0.0166666675,,19,0,19,0,3,0,,0|0|0.599999905|0|0|0|0,0|0|0.599999905|0|0|0|0
4239,4239,6,2,2,255,255,0,0,0,0.0166666675,,19,0,19,0,3,0,,0|0|0.599999905|0|0|0|0,0|0|0.599999905|0|0|0|0
4240,4240,6,2,2,255,255,0,0,0,0.0166666675,,19,0,19,0,3,0,,0|0|0.599999905|0|0|0|0,0|0|0.599999905|0|0|0|0
4241,4241,6,2,2,255,255,0,0,0,0.0166666675,,19,0,19,0,3,0,,0|0|0.599999905|0|0|0|0,0|0|0.599999905|0|0|0|0
4242,4242,6,2,2,255,255,0,0,0,0.0166666675,,19,0,19,0,3,0,,0|0|0.599999905|0|0|0|0,0|0|0.599999905|0|0|0|0
4243,4243,6,2,2,255,255,0,0,0,0.0166666675,,19,0,19,0,3,0,,0|0|0.599999905|0|0|0|0,0|0|0.599999905|0|0|0|0
4244,4244,6,2,2,255,255,0,0,0,0.0166666675,,19,0,19,0,3,0,,0|0|0.599999905|0|0|0|0,0|0|0.599999905|0|0|0|0
4245,4245,6,2,2,255,255,0,0,0,0.0166666675,,19,0,19,0,3,0,,0|0|0.599999905|0|0|0|0,0|0|0.599999905|0|0|0|0
4246,4246,6,2,2,255,255,0,0,0,0.0166666675,,19,0,19,0,3,0,,0|0|0.599999905|0|0|0|0,0|0|0.599999905|0|0|0|0
4247,4247,6,2,2,255,255,0,0,0,0.0166666675,,19,0,19,0,3,0,,0|0|0.599999905|0|0|0|0,0|0|0.599999905|0|0|0|0
4248,4248,6,2,2,255,255,0,0,0,0.0166666675,,19,0,19,0,3,0,,0|0|0.599999905|0|0|0|0,0|0|0.599999905|0|0|0|0
4249,4249,6,2,2,255,255,0,0,0,0.0166666675,,19,0,19,0,3,0,,0|0|0.599999905|0|0|0|0,0|0|0.599999905|0|0|0|0
4250,4250,6,2,2,255,255,0,0,0,0.0166666675,,19,0,19,0,3,0,,0|0|0.599999905|0|0|0|0,0|0|0.599999905|0|0|0|0
4251,4251,6,2,2,255,255,0,0,0,0.0166666675,,19,0,19,0,3,0,,0|0|0.599999905|0|0|0|0,0|0|0.599999905|0|0|0|0
4252,4252,6,2,2,255,255,0,0,0,0.0166666675,,19,0,19,0,3,0,,0|0|0.599999905|0|0|0|0,0|0|0.599999905|0|0|0|0
4253,4253,6,2,2,255,255,0,0,0,0.0166666675,,19,0,19,0,3,0,,0|0|0.599999905|0|0|0|0,0|0|0.599999905|0|0|0|0
4254,4254,6,2,2,255,255,0,0,0,0.0166666675,,19,0,19,0,3,0,,0|0|0.599999905|0|0|0|0,0|0|0.599999905|0|0|0|0
4255,4255,6,2,2,255,255,0,0,0,0.0166666675,,19,0,19,0,3,0,,0|0|0.599999905|0|0|0|0,0|0|0.599999905|0|0|0|0
4256,4256,6,2,2,255,255,0,0,0,0.0166666675,,19,0,19,0,3,0,,0|0|0.599999905|0|0|0|0,0|0|0.599999905|0|0|0|0
4257,4257,6,2,2,255,255,0,0,0,0.0166666675,,19,0,19,0,3,0,,0|0|0.599999905|0|0|0|0,0|0|0.599999905|0|0|0|0
4258,4258,6,2,2,255,255,0,0,0,0.0166666675,,19,0,19,0,3,0,,0|0|0.599999905|0|0|0|0,0|0|0.599999905|0|0|0|0
4259,4259,6,2,2,255,255,0,0,0,0.0166666675,,19,0,19,0,3,0,,0|0|0.599999905|0|0|0|0,0|0|0.599999905|0|0|0|0
4260,4260,6,2,2,255,255,0,0,0,0.0166666675,,19,0,19,0,3,0,,0|0|0.599999905|0|0|0|0,0|0|0.599999905|0|0|0|0
4261,4261,6,2,2,255,255,0,0,0,0.0166666675,,19,0,19,0,3,0,,0|0|0.599999905|0|0|0|0,0|0|0.599999905|0|0|0|0
4262,4262,6,2,2,255,255,0,0,0,0.0166666675,,19,0,19,0,3,0,,0|0|0.599999905|0|0|0|0,0|0|0.599999905|0|0|0|0
4263,4263,6,2,2,255,255,0,0,0,0.0166666675,,19,0,19,0,3,0,,0|0|0.599999905|0|0|0|0,0|0|0.599999905|0|0|0|0
4264,4264,6,2,2,255,255,0,0,0,0.0166666675,,19,0,19,0,3,0,,0|0|0.599999905|0|0|0|0,0|0|0.599999905|0|0|0|0
4265,4265,6,2,2,255,255,0,0,0,0.0166666675,,19,0,19,0,3,0,,0|0|0.599999905|0|0|0|0,0|0|0.599999905|0|0|0|0
4266,4266,6,2,2,255,255,0,0,0,0.0166666675,,19,0,19,0,3,0,,0|0|0.599999905|0|0|0|0,0|0|0.599999905|0|0|0|0
4267,4267,6,2,2,255,255,0,0,0,0.0166666675,,19,0,19,0,3,0,,0|0|0.599999905|0|0|0|0,0|0|0.599999905|0|0|0|0
4268,4268,6,2,2,255,255,0,0,0,0.0166666675,,19,0,19,0,3,0,,0|0|0.599999905|0|0|0|0,0|0|0.599999905|0|0|0|0
4269,4269,6,2,2,255,255,0,0,0,0.0166666675,,19,0,19,0,3,0,,0|0|0.599999905|0|0|0|0,0|0|0.599999905|0|0|0|0
4270,4270,6,2,2,255,255,0,0,0,0.0166666675,,19,0,19,0,3,0,,0|0|0.599999905|0|0|0|0,0|0|0.599999905|0|0|0|0
4271,4271,6,2,2,255,255,0,0,0,0.0166666675,,19,0,19,0,3,0,,0|0|0.599999905|0|0|0|0,0|0|0.599999905|0|0|0|0
4272,4272,6,2,2,255,255,0,0,0,0.0166666675,,19,0,19,0,3,0,,0|0|0.599999905|0|0|0|0,0|0|0.599999905|0|0|0|0
4273,4273,6,2,2,255,255,0,0,0,0.0166666675,,19,0,19,0,3,0,,0|0|0.599999905|0|0|0|0,0|0|0.599999905|0|0|0|0
4274,4274,6,2,2,255,255,0,0,0,0.0166666675,,19,0,19,0,3,0,,0|0|0.599999905|0|0|0|0,0|0|0.599999905|0|0|0|0
4275,4275,6,2,2,255,255,0,0,0,0.0166666675,,19,0,19,0,3,0,,0|0|0.599999905|0|0|0|0,0|0|0.599999905|0|0|0|0
4276,4276,6,2,2,255,255,0,0,0,0.0166666675,,19,0,19,0,3,0,,0|0|0.599999905|0|0|0|0,0|0|0.599999905|0|0|0|0
4277,4277,6,2,2,255,255,0,0,0,0.0166666675,,19,0,19,0,3,0,,0|0|0.599999905|0|0|0|0,0|0|0.599999905|0|0|0|0
4278,4278,6,2,2,255,255,0,0,0,0.0166666675,,19,0,19,0,3,0,,0|0|0.599999905|0|0|0|0,0|0|0.599999905|0|0|0|0
4279,4279,6,2,2,255,255,0,0,0,0.0166666675,,19,0,19,0,3,0,,0|0|0.599999905|0|0|0|0,0|0|0.499999911|0|0|0|0
4280,4280,6,2,2,255,255,0,0,0,0.0166666675,,19,0,19,0,3,0,,0|0|0.499999911|0|0|0|0,0|0|0.499999911|0|0|0|0
4281,4281,6,2,2,255,255,0,0,0,0.0166666675,,19,0,19,0,3,0,,0|0|0.499999911|0|0|0|0,0|0|0.499999911|0|0|0|0
4282,4282,6,2,2,255,255,0,0,0,0.0166666675,,19,0,19,0,3,0,,0|0|0.499999911|0|0|0|0,0|0|0.499999911|0|0|0|0
4283,4283,6,2,2,255,255,0,0,0,0.0166666675,,19,0,19,0,3,0,,0|0|0.499999911|0|0|0|0,0|0|0.499999911|0|0|0|0
4284,4284,6,2,2,255,255,0,0,0,0.0166666675,,19,0,19,0,3,0,,0|0|0.499999911|0|0|0|0,0|0|0.499999911|0|0|0|0
4285,4285,6,2,2,255,255,0,0,0,0.0166666675,,19,0,19,0,3,0,,0|0|0.499999911|0|0|0|0,0|0|0.499999911|0|0|0|0
4286,4286,6,2,2,255,255,0,0,0,0.0166666675,,19,0,19,0,3,0,,0|0|0.499999911|0|0|0|0,0|0|0.499999911|0|0|0|0
4287,4287,6,2,2,255,255,0,0,0,0.0166666675,,19,0,19,0,3,0,,0|0|0.499999911|0|0|0|0,0|0|0.499999911|0|0|0|0
4288,4288,6,2,2,255,255,0,0,0,0.0166666675,,19,0,19,0,3,0,,0|0|0.499999911|0|0|0|0,0|0|0.499999911|0|0|0|0
4289,4289,6,2,2,255,255,0,0,0,0.0166666675,,19,0,19,0,3,0,,0|0|0.499999911|0|0|0|0,0|0|0.499999911|0|0|0|0
4290,4290,6,2,2,255,255,0,0,0,0.0166666675,,19,0,19,0,3,0,,0|0|0.499999911|0|0|0|0,0|0|0.499999911|0|0|0|0
4291,4291,6,2,2,255,255,0,0,0,0.0166666675,,19,0,19,0,3,0,,0|0|0.499999911|0|0|0|0,0|0|0.499999911|0|0|0|0
4292,4292,6,2,2,255,255,0,0,0,0.0166666675,,19,0,19,0,3,0,,0|0|0.499999911|0|0|0|0,0|0|0.499999911|0|0|0|0
4293,4293,6,2,2,255,255,0,0,0,0.0166666675,,19,0,19,0,3,0,,0|0|0.499999911|0|0|0|0,0|0|0.499999911|0|0|0|0
4294,4294,6,2,2,255,255,0,0,0,0.0166666675,,19,0,19,0,3,0,,0|0|0.499999911|0|0|0|0,0|0|0.499999911|0|0|0|0
4295,4295,6,2,2,255,255,0,0,0,0.0166666675,,19,0,19,0,3,0,,0|0|0.499999911|0|0|0|0,0|0|0.499999911|0|0|0|0
4296,4296,6,2,2,255,255,0,0,0,0.0166666675,,19,0,19,0,3,0,,0|0|0.499999911|0|0|0|0,0|0|0.499999911|0|0|0|0
4297,4297,6,2,2,255,255,0,0,0,0.0166666675,,19,0,19,0,3,0,,0|0|0.499999911|0|0|0|0,0|0|0.499999911|0|0|0|0
4298,4298,6,2,2,255,255,0,0,0,0.0166666675,,19,0,19,0,3,0,,0|0|0.499999911|0|0|0|0,0|0|0.499999911|0|0|0|0
4299,4299,6,2,2,255,255,0,0,0,0.0166666675,,19,0,19,0,3,0,,0|0|0.499999911|0|0|0|0,0|0|0.499999911|0|0|0|0
4300,4300,6,2,2,255,255,0,0,0,0.0166666675,,19,0,19,0,3,0,,0|0|0.499999911|0|0|0|0,0|0|0.499999911|0|0|0|0
4301,4301,6,2,2,255,255,0,0,0,0.0166666675,,19,0,19,0,3,0,,0|0|0.499999911|0|0|0|0,0|0|0.499999911|0|0|0|0
4302,4302,6,2,2,255,255,0,0,0,0.0166666675,,19,0,19,0,3,0,,0|0|0.499999911|0|0|0|0,0|0|0.499999911|0|0|0|0
4303,4303,6,2,2,255,255,0,0,0,0.0166666675,,19,0,19,0,3,0,,0|0|0.499999911|0|0|0|0,0|0|0.499999911|0|0|0|0
4304,4304,6,2,2,255,255,0,0,0,0.0166666675,,19,0,19,0,3,0,,0|0|0.499999911|0|0|0|0,0|0|0.499999911|0|0|0|0
4305,4305,6,2,2,255,255,0,0,0,0.0166666675,,19,0,19,0,3,0,,0|0|0.499999911|0|0|0|0,0|0|0.499999911|0|0|0|0
4306,4306,6,2,2,255,255,0,0,0,0.0166666675,,19,0,19,0,3,0,,0|0|0.499999911|0|0|0|0,0|0|0.499999911|0|0|0|0
4307,4307,6,2,2,255,255,0,0,0,0.0166666675,,19,0,19,0,3,0,,0|0|0.499999911|0|0|0|0,0|0|0.499999911|0|0|0|0
4308,4308,6,2,2,255,255,0,0,0,0.0166666675,,19,0,19,0,3,0,,0|0|0.499999911|0|0|0|0,0|0|0.499999911|0|0|0|0
4309,4309,6,2,2,255,255,0,0,0,0.0166666675,,19,0,19,0,3,0,,0|0|0.499999911|0|0|0|0,0|0|0.499999911|0|0|0|0
4310,4310,6,2,2,255,255,0,0,0,0.0166666675,,19,0,19,0,3,0,,0|0|0.499999911|0|0|0|0,0|0|0.499999911|0|0|0|0
4311,4311,6,2,2,255,255,0,0,0,0.0166666675,,19,0,19,0,3,0,,0|0|0.499999911|0|0|0|0,0|0|0.499999911|0|0|0|0
4312,4312,6,2,2,255,255,0,0,0,0.0166666675,,19,0,19,0,3,0,,0|0|0.499999911|0|0|0|0,0|0|0.499999911|0|0|0|0
4313,4313,6,2,2,255,255,0,0,0,0.0166666675,,19,0,19,0,3,0,,0|0|0.499999911|0|0|0|0,0|0|0.499999911|0|0|0|0
4314,4314,6,2,2,255,255,0,0,0,0.0166666675,,19,0,19,0,3,0,,0|0|0.499999911|0|0|0|0,0|0|0.499999911|0|0|0|0
4315,4315,6,2,2,255,255,0,0,0,0.0166666675,,19,0,19,0,3,0,,0|0|0.499999911|0|0|0|0,0|0|0.499999911|0|0|0|0
4316,4316,6,2,2,255,255,0,0,0,0.0166666675,,19,0,19,0,3,0,,0|0|0.499999911|0|0|0|0,0|0|0.499999911|0|0|0|0
4317,4317,6,2,2,255,255,0,0,0,0.0166666675,,19,0,19,0,3,0,,0|0|0.499999911|0|0|0|0,0|0|0.499999911|0|0|0|0
4318,4318,6,2,2,255,255,0,0,0,0.0166666675,,19,0,19,0,3,0,,0|0|0.499999911|0|0|0|0,0|0|0.499999911|0|0|0|0
4319,4319,6,2,2,255,255,0,0,0,0.0166666675,,19,0,19,0,3,0,,0|0|0.499999911|0|0|0|0,0|0|0.499999911|0|0|0|0
4320,4320,6,2,2,255,255,0,0,0,0.0166666675,,19,0,19,0,3,0,,0|0|0.499999911|0|0|0|0,0|0|0.499999911|0|0|0|0
4321,4321,6,2,2,255,255,0,0,0,0.0166666675,,19,0,19,0,3,0,,0|0|0.499999911|0|0|0|0,0|0|0.499999911|0|0|0|0
4322,4322,6,2,2,255,255,0,0,0,0.0166666675,,19,0,19,0,3,0,,0|0|0.499999911|0|0|0|0,0|0|0.499999911|0|0|0|0
4323,4323,6,2,2,255,255,0,0,0,0.0166666675,,19,0,19,0,3,0,,0|0|0.499999911|0|0|0|0,0|0|0.499999911|0|0|0|0
4324,4324,6,2,2,255,255,0,0,0,0.0166666675,,19,0,19,0,3,0,,0|0|0.499999911|0|0|0|0,0|0|0.499999911|0|0|0|0
4325,4325,6,2,2,255,255,0,0,0,0.0166666675,,19,0,19,0,3,0,,0|0|0.499999911|0|0|0|0,0|0|0.499999911|0|0|0|0
4326,4326,6,2,2,255,255,0,0,0,0.0166666675,,19,0,19,0,3,0,,0|0|0.499999911|0|0|0|0,0|0|0.499999911|0|0|0|0
4327,4327,6,2,2,255,255,0,0,0,0.0166666675,,19,0,19,0,3,0,,0|0|0.499999911|0|0|0|0,0|0|0.499999911|0|0|0|0
4328,4328,6,2,2,255,255,0,0,0,0.0166666675,,19,0,19,0,3,0,,0|0|0.499999911|0|0|0|0,0|0|0.499999911|0|0|0|0
4329,4329,6,2,2,255,255,0,0,0,0.0166666675,,19,0,19,0,3,0,,0|0|0.499999911|0|0|0|0,0|0|0.499999911|0|0|0|0
4330,4330,6,2,2,255,255,0,0,0,0.0166666675,,19,0,19,0,3,0,,0|0|0.499999911|0|0|0|0,0|0|0.499999911|0|0|0|0
4331,4331,6,2,2,255,255,0,0,0,0.0166666675,,19,0,19,0,3,0,,0|0|0.499999911|0|0|0|0,0|0|0.499999911|0|0|0|0
4332,4332,6,2,2,255,255,0,0,0,0.0166666675,,19,0,19,0,3,0,,0|0|0.499999911|0|0|0|0,0|0|0.499999911|0|0|0|0
4333,4333,6,2,2,255,255,0,0,0,0.0166666675,,19,0,19,0,3,0,,0|0|0.499999911|0|0|0|0,0|0|0.499999911|0|0|0|0
4334,4334,6,2,2,255,255,0,0,0,0.0166666675,,19,0,19,0,3,0,,0|0|0.499999911|0|0|0|0,0|0|0.499999911|0|0|0|0
4335,4335,6,2,2,255,255,0,0,0,0.0166666675,,19,0,19,0,3,0,,0|0|0.499999911|0|0|0|0,0|0|0.499999911|0|0|0|0
4336,4336,6,2,2,255,255,0,0,0,0.0166666675,,19,0,19,0,3,0,,0|0|0.499999911|0|0|0|0,0|0|0.499999911|0|0|0|0
4337,4337,6,2,2,255,255,0,0,0,0.0166666675,,19,0,19,0,3,0,,0|0|0.499999911|0|0|0|0,0|0|0.499999911|0|0|0|0
4338,4338,6,2,2,255,255,0,0,0,0.0166666675,,19,0,19,0,3,0,,0|0|0.499999911|0|0|0|0,0|0|0.499999911|0|0|0|0
4339,4339,6,2,2,255,255,0,0,0,0.0166666675,,19,0,19,0,3,0,,0|0|0.499999911|0|0|0|0,0|0|0.499999911|0|0|0|0
4340,4340,6,2,2,255,255,0,0,0,0.0166666675,,19,0,19,0,3,0,,0|0|0.499999911|0|0|0|0,0|0|0.499999911|0|0|0|0
4341,4341,6,2,2,255,255,0,0,0,0.0166666675,,19,0,19,0,3,0,,0|0|0.499999911|0|0|0|0,0|0|0.499999911|0|0|0|0
4342,4342,6,2,2,255,255,0,0,0,0.0166666675,,19,0,19,0,3,0,,0|0|0.499999911|0|0|0|0,0|0|0.499999911|0|0|0|0
4343,4343,6,2,2,255,255,0,0,0,0.0166666675,,19,0,19,0,3,0,,0|0|0.499999911|0|0|0|0,0|0|0.499999911|0|0|0|0
4344,4344,6,2,2,255,255,0,0,0,0.0166666675,,19,0,19,0,3,0,,0|0|0.499999911|0|0|0|0,0|0|0.499999911|0|0|0|0
4345,4345,6,2,2,255,255,0,0,0,0.0166666675,,19,0,19,0,3,0,,0|0|0.499999911|0|0|0|0,0|0|0.499999911|0|0|0|0
4346,4346,6,2,2,255,255,0,0,0,0.0166666675,,19,0,19,0,3,0,,0|0|0.499999911|0|0|0|0,0|0|0.499999911|0|0|0|0
4347,4347,6,2,2,255,255,0,0,0,0.0166666675,,19,0,19,0,3,0,,0|0|0.499999911|0|0|0|0,0|0|0.499999911|0|0|0|0
4348,4348,6,2,2,255,255,0,0,0,0.0166666675,,19,0,19,0,3,0,,0|0|0.499999911|0|0|0|0,0|0|0.499999911|0|0|0|0
4349,4349,6,2,2,255,255,0,0,0,0.0166666675,,19,0,19,0,3,0,,0|0|0.499999911|0|0|0|0,0|0|0.499999911|0|0|0|0
4350,4350,6,2,2,255,255,0,0,0,0.0166666675,,19,0,19,0,3,0,,0|0|0.499999911|0|0|0|0,0|0|0.499999911|0|0|0|0
4351,4351,6,2,2,255,255,0,0,0,0.0166666675,,19,0,19,0,3,0,,0|0|0.499999911|0|0|0|0,0|0|0.499999911|0|0|0|0
4352,4352,6,2,2,255,255,0,0,0,0.0166666675,,19,0,19,0,3,0,,0|0|0.499999911|0|0|0|0,0|0|0.499999911|0|0|0|0
4353,4353,6,2,2,255,255,0,0,0,0.0166666675,,19,0,19,0,3,0,,0|0|0.499999911|0|0|0|0,0|0|0.499999911|0|0|0|0
4354,4354,6,2,2,255,255,0,0,0,0.0166666675,,19,0,19,0,3,0,,0|0|0.499999911|0|0|0|0,0|0|0.499999911|0|0|0|0
4355,4355,6,2,2,255,255,0,0,0,0.0166666675,,19,0,19,0,3,0,,0|0|0.499999911|0|0|0|0,0|0|0.499999911|0|0|0|0
4356,4356,6,2,2,255,255,0,0,0,0.0166666675,,19,0,19,0,3,0,,0|0|0.499999911|0|0|0|0,0|0|0.499999911|0|0|0|0
4357,4357,6,2,2,255,255,0,0,0,0.0166666675,,19,0,19,0,3,0,,0|0|0.499999911|0|0|0|0,0|0|0.499999911|0|0|0|0
4358,4358,6,2,2,255,255,0,0,0,0.0166666675,,19,0,19,0,3,0,,0|0|0.499999911|0|0|0|0,0|0|0.499999911|0|0|0|0
4359,4359,6,2,2,255,255,0,0,0,0.0166666675,,19,0,19,0,3,0,,0|0|0.499999911|0|0|0|0,0|0|0.499999911|0|0|0|0
4360,4360,6,2,2,255,255,0,0,0,0.0166666675,,19,0,19,0,3,0,,0|0|0.499999911|0|0|0|0,0|0|0.499999911|0|0|0|0
4361,4361,6,2,2,255,255,0,0,0,0.0166666675,,19,0,19,0,3,0,,0|0|0.499999911|0|0|0|0,0|0|0.499999911|0|0|0|0
4362,4362,6,2,2,255,255,0,0,0,0.0166666675,,19,0,19,0,3,0,,0|0|0.499999911|0|0|0|0,0|0|0.499999911|0|0|0|0
4363,4363,6,2,2,255,255,0,0,0,0.0166666675,,19,0,19,0,3,0,,0|0|0.499999911|0|0|0|0,0|0|0.499999911|0|0|0|0
4364,4364,6,2,2,255,255,0,0,0,0.0166666675,,19,0,19,0,3,0,,0|0|0.499999911|0|0|0|0,0|0|0.499999911|0|0|0|0
4365,4365,6,2,2,255,255,0,0,0,0.0166666675,,19,0,19,0,3,0,,0|0|0.499999911|0|0|0|0,0|0|0.499999911|0|0|0|0
4366,4366,6,2,2,255,255,0,0,0,0.0166666675,,19,0,19,0,3,0,,0|0|0.499999911|0|0|0|0,0|0|0.499999911|0|0|0|0
4367,4367,6,2,2,255,255,0,0,0,0.0166666675,,19,0,19,0,3,0,,0|0|0.499999911|0|0|0|0,0|0|0.499999911|0|0|0|0
4368,4368,6,2,2,255,255,0,0,0,0.0166666675,,19,0,19,0,3,0,,0|0|0.499999911|0|0|0|0,0|0|0.499999911|0|0|0|0
4369,4369,6,2,2,255,255,0,0,0,0.0166666675,,19,0,19,0,3,0,,0|0|0.499999911|0|0|0|0,0|0|0.499999911|0|0|0|0
4370,4370,6,2,2,255,255,0,0,0,0.0166666675,,19,0,19,0,3,0,,0|0|0.499999911|0|0|0|0,0|0|0.499999911|0|0|0|0
4371,4371,6,2,2,255,255,0,0,0,0.0166666675,,19,0,19,0,3,0,,0|0|0.499999911|0|0|0|0,0|0|0.499999911|0|0|0|0
4372,4372,6,2,2,255,255,0,0,0,0.0166666675,,19,0,19,0,3,0,,0|0|0.499999911|0|0|0|0,0|0|0.499999911|0|0|0|0
4373,4373,6,2,2,255,255,0,0,0,0.0166666675,,19,0,19,0,3,0,,0|0|0.499999911|0|0|0|0,0|0|0.499999911|0|0|0|0
4374,4374,6,2,2,255,255,0,0,0,0.0166666675,,19,0,19,0,3,0,,0|0|0.499999911|0|0|0|0,0|0|0.499999911|0|0|0|0
4375,4375,6,2,2,255,255,0,0,0,0.0166666675,,19,0,19,0,3,0,,0|0|0.499999911|0|0|0|0,0|0|0.499999911|0|0|0|0
4376,4376,6,2,2,255,255,0,0,0,0.0166666675,,19,0,19,0,3,0,,0|0|0.499999911|0|0|0|0,0|0|0.499999911|0|0|0|0
4377,4377,6,2,2,255,255,0,0,0,0.0166666675,,19,0,19,0,3,0,,0|0|0.499999911|0|0|0|0,0|0|0.499999911|0|0|0|0
4378,4378,6,2,2,255,255,0,0,0,0.0166666675,,19,0,19,0,3,0,,0|0|0.499999911|0|0|0|0,0|0|0.499999911|0|0|0|0
4379,4379,6,2,2,255,255,0,0,0,0.0166666675,,19,0,19,0,3,0,,0|0|0.499999911|0|0|0|0,0|0|0.499999911|0|0|0|0
4380,4380,6,2,2,255,255,0,0,0,0.0166666675,,19,0,19,0,3,0,,0|0|0.499999911|0|0|0|0,0|0|0.499999911|0|0|0|0
4381,4381,6,2,2,255,255,0,0,0,0.0166666675,,19,0,19,0,3,0,,0|0|0.499999911|0|0|0|0,0|0|0.499999911|0|0|0|0
4382,4382,6,2,2,255,255,0,0,0,0.0166666675,,19,0,19,0,3,0,,0|0|0.499999911|0|0|0|0,0|0|0.499999911|0|0|0|0
4383,4383,6,2,2,255,255,0,0,0,0.0166666675,,19,0,19,0,3,0,,0|0|0.499999911|0|0|0|0,0|0|0.499999911|0|0|0|0
4384,4384,6,2,2,255,255,0,0,0,0.0166666675,,19,0,19,0,3,0,,0|0|0.499999911|0|0|0|0,0|0|0.499999911|0|0|0|0
4385,4385,6,2,2,255,255,0,0,0,0.0166666675,,19,0,19,0,3,0,,0|0|0.499999911|0|0|0|0,0|0|0.499999911|0|0|0|0
4386,4386,6,2,2,255,255,0,0,0,0.0166666675,,19,0,19,0,3,0,,0|0|0.499999911|0|0|0|0,0|0|0.499999911|0|0|0|0
4387,4387,6,2,2,255,255,0,0,0,0.0166666675,,19,0,19,0,3,0,,0|0|0.499999911|0|0|0|0,0|0|0.499999911|0|0|0|0
4388,4388,6,2,2,255,255,0,0,0,0.0166666675,,19,0,19,0,3,0,,0|0|0.499999911|0|0|0|0,0|0|0.499999911|0|0|0|0
4389,4389,6,2,2,255,255,0,0,0,0.0166666675,,19,0,19,0,3,0,,0|0|0.499999911|0|0|0|0,0|0|0.499999911|0|0|0|0
4390,4390,6,2,2,255,255,0,0,0,0.0166666675,,19,0,19,0,3,0,,0|0|0.499999911|0|0|0|0,0|0|0.499999911|0|0|0|0
4391,4391,6,2,2,255,255,0,0,0,0.0166666675,,19,0,19,0,3,0,,0|0|0.499999911|0|0|0|0,0|0|0.499999911|0|0|0|0
4392,4392,6,2,2,255,255,0,0,0,0.0166666675,,19,0,19,0,3,0,,0|0|0.499999911|0|0|0|0,0|0|0.499999911|0|0|0|0
4393,4393,6,2,2,255,255,0,0,0,0.0166666675,,19,0,19,0,3,0,,0|0|0.499999911|0|0|0|0,0|0|0.499999911|0|0|0|0
4394,4394,6,2,2,255,255,0,0,0,0.0166666675,,19,0,19,0,3,0,,0|0|0.499999911|0|0|0|0,0|0|0.499999911|0|0|0|0
4395,4395,6,2,2,255,255,0,0,0,0.0166666675,,19,0,19,0,3,0,,0|0|0.499999911|0|0|0|0,0|0|0.499999911|0|0|0|0
4396,4396,6,2,2,255,255,0,0,0,0.0166666675,,19,0,19,0,3,0,,0|0|0.499999911|0|0|0|0,0|0|0.499999911|0|0|0|0
4397,4397,6,2,2,255,255,0,0,0,0.0166666675,,19,0,19,0,3,0,,0|0|0.499999911|0|0|0|0,0|0|0.499999911|0|0|0|0
4398,4398,6,2,2,255,255,0,0,0,0.0166666675,,19,0,19,0,3,0,,0|0|0.499999911|0|0|0|0,0|0|0.499999911|0|0|0|0
4399,4399,6,2,2,255,255,0,0,0,0.0166666675,,19,0,19,0,3,0,,0|0|0.499999911|0|0|0|0,0|0|0.499999911|0|0|0|0
4400,4400,6,2,2,255,255,0,0,0,0.0166666675,,19,0,19,0,3,0,,0|0|0.499999911|0|0|0|0,0|0|0.499999911|0|0|0|0
4401,4401,6,2,2,255,255,0,0,0,0.0166666675,,19,0,19,0,3,0,,0|0|0.499999911|0|0|0|0,0|0|0.499999911|0|0|0|0
4402,4402,6,2,2,255,255,0,0,0,0.0166666675,,19,0,19,0,3,0,,0|0|0.499999911|0|0|0|0,0|0|0.499999911|0|0|0|0
4403,4403,6,2,2,255,255,0,0,0,0.0166666675,,19,0,19,0,3,0,,0|0|0.499999911|0|0|0|0,0|0|0.499999911|0|0|0|0
4404,4404,6,2,2,255,255,0,0,0,0.0166666675,,19,0,19,0,3,0,,0|0|0.499999911|0|0|0|0,0|0|0.499999911|0|0|0|0
4405,4405,6,2,2,255,255,0,0,0,0.0166666675,,19,0,19,0,3,0,,0|0|0.499999911|0|0|0|0,0|0|0.499999911|0|0|0|0
4406,4406,6,2,2,255,255,0,0,0,0.0166666675,,19,0,19,0,3,0,,0|0|0.499999911|0|0|0|0,0|0|0.499999911|0|0|0|0
4407,4407,6,2,2,255,255,0,0,0,0.0166666675,,19,0,19,0,3,0,,0|0|0.499999911|0|0|0|0,0|0|0.499999911|0|0|0|0
4408,4408,6,2,2,255,255,0,0,0,0.0166666675,,19,0,19,0,3,0,,0|0|0.499999911|0|0|0|0,0|0|0.499999911|0|0|0|0
4409,4409,6,2,2,255,255,0,0,0,0.0166666675,,19,0,19,0,3,0,,0|0|0.499999911|0|0|0|0,0|0|0.499999911|0|0|0|0
4410,4410,6,2,2,255,255,0,0,0,0.0166666675,,19,0,19,0,3,0,,0|0|0.499999911|0|0|0|0,0|0|0.499999911|0|0|0|0
4411,4411,6,2,2,255,255,0,0,0,0.0166666675,,19,0,19,0,3,0,,0|0|0.499999911|0|0|0|0,0|0|0.499999911|0|0|0|0
4412,4412,6,2,2,255,255,0,0,0,0.0166666675,,19,0,19,0,3,0,,0|0|0.499999911|0|0|0|0,0|0|0.499999911|0|0|0|0
4413,4413,6,2,2,255,255,0,0,0,0.0166666675,,19,0,19,0,3,0,,0|0|0.499999911|0|0|0|0,0|0|0.499999911|0|0|0|0
4414,4414,6,2,2,255,255,0,0,0,0.0166666675,,19,0,19,0,3,0,,0|0|0.499999911|0|0|0|0,0|0|0.499999911|0|0|0|0
4415,4415,6,2,2,255,255,0,0,0,0.0166666675,,19,0,19,0,3,0,,0|0|0.499999911|0|0|0|0,0|0|0.499999911|0|0|0|0
4416,4416,6,2,2,255,255,0,0,0,0.0166666675,,19,0,19,0,3,0,,0|0|0.499999911|0|0|0|0,0|0|0.499999911|0|0|0|0
4417,4417,6,2,2,255,255,0,0,0,0.0166666675,,19,0,19,0,3,0,,0|0|0.499999911|0|0|0|0,0|0|0.499999911|0|0|0|0
4418,4418,6,2,2,255,255,0,0,0,0.0166666675,,19,0,19,0,3,0,,0|0|0.499999911|0|0|0|0,0|0|0.499999911|0|0|0|0
4419,4419,6,2,2,255,255,0,0,0,0.0166666675,,19,0,19,0,3,0,,0|0|0.499999911|0|0|0|0,0|0|0.499999911|0|0|0|0
4420,4420,6,2,2,255,255,0,0,0,0.0166666675,,19,0,19,0,3,0,,0|0|0.499999911|0|0|0|0,0|0|0.499999911|0|0|0|0
4421,4421,6,2,2,255,255,0,0,0,0.0166666675,,19,0,19,0,3,0,,0|0|0.499999911|0|0|0|0,0|0|0.499999911|0|0|0|0
4422,4422,6,2,2,255,255,0,0,0,0.0166666675,,19,0,19,0,3,0,,0|0|0.499999911|0|0|0|0,0|0|0.499999911|0|0|0|0
4423,4423,6,2,2,255,255,0,0,0,0.0166666675,,19,0,19,0,3,0,,0|0|0.499999911|0|0|0|0,0|0|0.499999911|0|0|0|0
4424,4424,6,2,2,255,255,0,0,0,0.0166666675,,19,0,19,0,3,0,,0|0|0.499999911|0|0|0|0,0|0|0.499999911|0|0|0|0
4425,4425,6,2,2,255,255,0,0,0,0.0166666675,,19,0,19,0,3,0,,0|0|0.499999911|0|0|0|0,0|0|0.499999911|0|0|0|0
4426,4426,6,2,2,255,255,0,0,0,0.0166666675,,19,0,19,0,3,0,,0|0|0.499999911|0|0|0|0,0|0|0.499999911|0|0|0|0
4427,4427,6,2,2,255,255,0,0,0,0.0166666675,,19,0,19,0,3,0,,0|0|0.499999911|0|0|0|0,0|0|0.499999911|0|0|0|0
4428,4428,6,2,2,255,255,0,0,0,0.0166666675,,19,0,19,0,3,0,,0|0|0.499999911|0|0|0|0,0|0|0.499999911|0|0|0|0
4429,4429,6,2,2,255,255,0,0,0,0.0166666675,,19,0,19,0,3,0,,0|0|0.499999911|0|0|0|0,0|0|0.499999911|0|0|0|0
4430,4430,6,2,2,255,255,0,0,0,0.0166666675,,19,0,19,0,3,0,,0|0|0.499999911|0|0|0|0,0|0|0.499999911|0|0|0|0
4431,4431,6,2,2,255,255,0,0,0,0.0166666675,,19,0,19,0,3,0,,0|0|0.499999911|0|0|0|0,0|0|0.499999911|0|0|0|0
4432,4432,6,2,2,255,255,0,0,0,0.0166666675,,19,0,19,0,3,0,,0|0|0.499999911|0|0|0|0,0|0|0.499999911|0|0|0|0
4433,4433,6,2,2,255,255,0,0,0,0.0166666675,,19,0,19,0,3,0,,0|0|0.499999911|0|0|0|0,0|0|0.499999911|0|0|0|0
4434,4434,6,2,2,255,255,0,0,0,0.0166666675,,19,0,19,0,3,0,,0|0|0.499999911|0|0|0|0,0|0|0.499999911|0|0|0|0
4435,4435,6,2,2,255,255,0,0,0,0.0166666675,,19,0,19,0,3,0,,0|0|0.499999911|0|0|0|0,0|0|0.499999911|0|0|0|0
4436,4436,6,2,2,255,255,0,0,0,0.0166666675,,19,0,19,0,3,0,,0|0|0.499999911|0|0|0|0,0|0|0.499999911|0|0|0|0
4437,4437,6,2,2,255,255,0,0,0,0.0166666675,,19,0,19,0,3,0,,0|0|0.499999911|0|0|0|0,0|0|0.499999911|0|0|0|0
4438,4438,6,2,2,255,255,0,0,0,0.0166666675,,19,0,19,0,3,0,,0|0|0.499999911|0|0|0|0,0|0|0.499999911|0|0|0|0
4439,4439,6,2,2,255,255,0,0,0,0.0166666675,,19,0,19,0,3,0,,0|0|0.499999911|0|0|0|0,0|0|0.499999911|0|0|0|0
4440,4440,6,2,2,255,255,0,0,0,0.0166666675,,19,0,19,0,3,0,,0|0|0.499999911|0|0|0|0,0|0|0.499999911|0|0|0|0
4441,4441,6,2,2,255,255,0,0,0,0.0166666675,,19,0,19,0,3,0,,0|0|0.499999911|0|0|0|0,0|0|0.499999911|0|0|0|0
4442,4442,6,2,2,255,255,0,0,0,0.0166666675,,19,0,19,0,3,0,,0|0|0.499999911|0|0|0|0,0|0|0.499999911|0|0|0|0
4443,4443,6,2,2,255,255,0,0,0,0.0166666675,,19,0,19,0,3,0,,0|0|0.499999911|0|0|0|0,0|0|0.499999911|0|0|0|0
4444,4444,6,2,2,255,255,0,0,0,0.0166666675,,19,0,19,0,3,0,,0|0|0.499999911|0|0|0|0,0|0|0.499999911|0|0|0|0
4445,4445,6,2,2,255,255,0,0,0,0.0166666675,,19,0,19,0,3,0,,0|0|0.499999911|0|0|0|0,0|0|0.499999911|0|0|0|0
4446,4446,6,2,2,255,255,0,0,0,0.0166666675,,19,0,19,0,3,0,,0|0|0.499999911|0|0|0|0,0|0|0.499999911|0|0|0|0
4447,4447,6,2,2,255,255,0,0,0,0.0166666675,,19,0,19,0,3,0,,0|0|0.499999911|0|0|0|0,0|0|0.499999911|0|0|0|0
4448,4448,6,2,2,255,255,0,0,0,0.0166666675,,19,0,19,0,3,0,,0|0|0.499999911|0|0|0|0,0|0|0.499999911|0|0|0|0
4449,4449,6,2,2,255,255,0,0,0,0.0166666675,,19,0,19,0,3,0,,0|0|0.499999911|0|0|0|0,0|0|0.499999911|0|0|0|0
4450,4450,6,2,2,255,255,0,0,0,0.0166666675,,19,0,19,0,3,0,,0|0|0.499999911|0|0|0|0,0|0|0.499999911|0|0|0|0
4451,4451,6,2,2,255,255,0,0,0,0.0166666675,,19,0,19,0,3,0,,0|0|0.499999911|0|0|0|0,0|0|0.499999911|0|0|0|0
4452,4452,6,2,2,255,255,0,0,0,0.0166666675,,19,0,19,0,3,0,,0|0|0.499999911|0|0|0|0,0|0|0.499999911|0|0|0|0
4453,4453,6,2,2,255,255,0,0,0,0.0166666675,,19,0,19,0,3,0,,0|0|0.499999911|0|0|0|0,0|0|0.499999911|0|0|0|0
4454,4454,6,2,2,255,255,0,0,0,0.0166666675,,19,0,19,0,3,0,,0|0|0.499999911|0|0|0|0,0|0|0.499999911|0|0|0|0
4455,4455,6,2,2,255,255,0,0,0,0.0166666675,,19,0,19,0,3,0,,0|0|0.499999911|0|0|0|0,0|0|0.499999911|0|0|0|0
4456,4456,6,2,2,255,255,0,0,0,0.0166666675,,19,0,19,0,3,0,,0|0|0.499999911|0|0|0|0,0|0|0.499999911|0|0|0|0
4457,4457,6,2,2,255,255,0,0,0,0.0166666675,,19,0,19,0,3,0,,0|0|0.499999911|0|0|0|0,0|0|0.499999911|0|0|0|0
4458,4458,6,2,2,255,255,0,0,0,0.0166666675,,19,0,19,0,3,0,,0|0|0.499999911|0|0|0|0,0|0|0.499999911|0|0|0|0
4459,4459,6,2,2,255,255,0,0,0,0.0166666675,,19,0,19,0,3,0,,0|0|0.499999911|0|0|0|0,0|0|0.499999911|0|0|0|0
4460,4460,6,2,2,255,255,0,0,0,0.0166666675,,19,0,19,0,3,0,,0|0|0.499999911|0|0|0|0,0|0|0.499999911|0|0|0|0
4461,4461,6,2,2,255,255,0,0,0,0.0166666675,,19,0,19,0,3,0,,0|0|0.499999911|0|0|0|0,0|0|0.499999911|0|0|0|0
4462,4462,6,2,2,255,255,0,0,0,0.0166666675,,19,0,19,0,3,0,,0|0|0.499999911|0|0|0|0,0|0|0.499999911|0|0|0|0
4463,4463,6,2,2,255,255,0,0,0,0.0166666675,,19,0,19,0,3,0,,0|0|0.499999911|0|0|0|0,0|0|0.499999911|0|0|0|0
4464,4464,6,2,2,255,255,0,0,0,0.0166666675,,19,0,19,0,3,0,,0|0|0.499999911|0|0|0|0,0|0|0.499999911|0|0|0|0
4465,4465,6,2,2,255,255,0,0,0,0.0166666675,,19,0,19,0,3,0,,0|0|0.499999911|0|0|0|0,0|0|0.499999911|0|0|0|0
4466,4466,6,2,2,255,255,0,0,0,0.0166666675,,19,0,19,0,3,0,,0|0|0.499999911|0|0|0|0,0|0|0.499999911|0|0|0|0
4467,4467,6,2,2,255,255,0,0,0,0.0166666675,,19,0,19,0,3,0,,0|0|0.499999911|0|0|0|0,0|0|0.499999911|0|0|0|0
4468,4468,6,2,2,255,255,0,0,0,0.0166666675,,19,0,19,0,3,0,,0|0|0.499999911|0|0|0|0,0|0|0.499999911|0|0|0|0
4469,4469,6,2,2,255,255,0,0,0,0.0166666675,,19,0,19,0,3,0,,0|0|0.499999911|0|0|0|0,0|0|0.499999911|0|0|0|0
4470,4470,6,2,2,255,255,0,0,0,0.0166666675,,19,0,19,0,3,0,,0|0|0.499999911|0|0|0|0,0|0|0.499999911|0|0|0|0
4471,4471,6,2,2,255,255,0,0,0,0.0166666675,,19,0,19,0,3,0,,0|0|0.499999911|0|0|0|0,0|0|0.499999911|0|0|0|0
4472,4472,6,2,2,255,255,0,0,0,0.0166666675,,19,0,19,0,3,0,,0|0|0.499999911|0|0|0|0,0|0|0.499999911|0|0|0|0
4473,4473,6,2,2,255,255,0,0,0,0.0166666675,,19,0,19,0,3,0,,0|0|0.499999911|0|0|0|0,0|0|0.499999911|0|0|0|0
4474,4474,6,2,2,255,255,0,0,0,0.0166666675,,19,0,19,0,3,0,,0|0|0.499999911|0|0|0|0,0|0|0.499999911|0|0|0|0
4475,4475,6,2,2,255,255,0,0,0,0.0166666675,,19,0,19,0,3,0,,0|0|0.499999911|0|0|0|0,0|0|0.499999911|0|0|0|0
4476,4476,6,2,2,255,255,0,0,0,0.0166666675,,19,0,19,0,3,0,,0|0|0.499999911|0|0|0|0,0|0|0.499999911|0|0|0|0
4477,4477,6,2,2,255,255,0,0,0,0.0166666675,,19,0,19,0,3,0,,0|0|0.499999911|0|0|0|0,0|0|0.499999911|0|0|0|0
4478,4478,6,2,2,255,255,0,0,0,0.0166666675,,19,0,19,0,3,0,,0|0|0.499999911|0|0|0|0,0|0|0.499999911|0|0|0|0
4479,4479,6,2,2,255,255,0,0,0,0.0166666675,,19,0,19,0,3,0,,0|0|0.499999911|0|0|0|0,0|0|0.499999911|0|0|0|0
4480,4480,6,2,2,255,255,0,0,0,0.0166666675,,19,0,19,0,3,0,,0|0|0.499999911|0|0|0|0,0|0|0.499999911|0|0|0|0
4481,4481,6,2,2,255,255,0,0,0,0.0166666675,,19,0,19,0,3,0,,0|0|0.499999911|0|0|0|0,0|0|0.499999911|0|0|0|0
4482,4482,6,2,2,255,255,0,0,0,0.0166666675,,19,0,19,0,3,0,,0|0|0.499999911|0|0|0|0,0|0|0.499999911|0|0|0|0
4483,4483,6,2,2,255,255,0,0,0,0.0166666675,,19,0,19,0,3,0,,0|0|0.499999911|0|0|0|0,0|0|0.499999911|0|0|0|0
4484,4484,6,2,2,255,255,0,0,0,0.0166666675,,19,0,19,0,3,0,,0|0|0.499999911|0|0|0|0,0|0|0.499999911|0|0|0|0
4485,4485,6,2,2,255,255,0,0,0,0.0166666675,,19,0,19,0,3,0,,0|0|0.499999911|0|0|0|0,0|0|0.499999911|0|0|0|0
4486,4486,6,2,2,255,255,0,0,0,0.0166666675,,19,0,19,0,3,0,,0|0|0.499999911|0|0|0|0,0|0|0.499999911|0|0|0|0
4487,4487,6,2,2,255,255,0,0,0,0.0166666675,,19,0,19,0,3,0,,0|0|0.499999911|0|0|0|0,0|0|0.499999911|0|0|0|0
4488,4488,6,2,2,255,255,0,0,0,0.0166666675,,19,0,19,0,3,0,,0|0|0.499999911|0|0|0|0,0|0|0.499999911|0|0|0|0
4489,4489,6,2,2,255,255,0,0,0,0.0166666675,,19,0,19,0,3,0,,0|0|0.499999911|0|0|0|0,0|0|0.499999911|0|0|0|0
4490,4490,6,2,2,255,255,0,0,0,0.0166666675,,19,0,19,0,3,0,,0|0|0.499999911|0|0|0|0,0|0|0.499999911|0|0|0|0
4491,4491,6,2,2,255,255,0,0,0,0.0166666675,,19,0,19,0,3,0,,0|0|0.499999911|0|0|0|0,0|0|0.499999911|0|0|0|0
4492,4492,6,2,2,255,255,0,0,0,0.0166666675,,19,0,19,0,3,0,,0|0|0.499999911|0|0|0|0,0|0|0.499999911|0|0|0|0
4493,4493,6,2,2,255,255,0,0,0,0.0166666675,,19,0,19,0,3,0,,0|0|0.499999911|0|0|0|0,0|0|0.499999911|0|0|0|0
4494,4494,6,2,2,255,255,0,0,0,0.0166666675,,19,0,19,0,3,0,,0|0|0.499999911|0|0|0|0,0|0|0.499999911|0|0|0|0
4495,4495,6,2,2,255,255,0,0,0,0.0166666675,,19,0,19,0,3,0,,0|0|0.499999911|0|0|0|0,0|0|0.499999911|0|0|0|0
4496,4496,6,2,2,255,255,0,0,0,0.0166666675,,19,0,19,0,3,0,,0|0|0.499999911|0|0|0|0,0|0|0.499999911|0|0|0|0
4497,4497,6,2,2,255,255,0,0,0,0.0166666675,,19,0,19,0,3,0,,0|0|0.499999911|0|0|0|0,0|0|0.499999911|0|0|0|0
4498,4498,6,2,2,255,255,0,0,0,0.0166666675,,19,0,19,0,3,0,,0|0|0.499999911|0|0|0|0,0|0|0.499999911|0|0|0|0
4499,4499,6,2,2,255,255,0,0,0,0.0166666675,,19,0,19,0,3,0,,0|0|0.499999911|0|0|0|0,0|0|0.499999911|0|0|0|0
4500,4500,6,2,2,255,255,0,0,0,0.0166666675,,19,0,19,0,3,0,,0|0|0.499999911|0|0|0|0,0|0|0.499999911|0|0|0|0
4501,4501,6,2,2,255,255,0,0,0,0.0166666675,,19,0,19,0,3,0,,0|0|0.499999911|0|0|0|0,0|0|0.499999911|0|0|0|0
4502,4502,6,2,2,255,255,0,0,0,0.0166666675,,19,0,19,0,3,0,,0|0|0.499999911|0|0|0|0,0|0|0.499999911|0|0|0|0
4503,4503,6,2,2,255,255,0,0,0,0.0166666675,,19,0,19,0,3,0,,0|0|0.499999911|0|0|0|0,0|0|0.499999911|0|0|0|0
4504,4504,6,2,2,255,255,0,0,0,0.0166666675,,19,0,19,0,3,0,,0|0|0.499999911|0|0|0|0,0|0|0.499999911|0|0|0|0
4505,4505,6,2,2,255,255,0,0,0,0.0166666675,,19,0,19,0,3,0,,0|0|0.499999911|0|0|0|0,0|0|0.499999911|0|0|0|0
4506,4506,6,2,2,255,255,0,0,0,0.0166666675,,19,0,19,0,3,0,,0|0|0.499999911|0|0|0|0,0|0|0.499999911|0|0|0|0
4507,4507,6,2,2,255,255,0,0,0,0.0166666675,,19,0,19,0,3,0,,0|0|0.499999911|0|0|0|0,0|0|0.499999911|0|0|0|0
4508,4508,6,2,2,255,255,0,0,0,0.0166666675,,19,0,19,0,3,0,,0|0|0.499999911|0|0|0|0,0|0|0.499999911|0|0|0|0
4509,4509,6,2,2,255,255,0,0,0,0.0166666675,,19,0,19,0,3,0,,0|0|0.499999911|0|0|0|0,0|0|0.499999911|0|0|0|0
4510,4510,6,2,2,255,255,0,0,0,0.0166666675,,19,0,19,0,3,0,,0|0|0.499999911|0|0|0|0,0|0|0.499999911|0|0|0|0
4511,4511,6,2,2,255,255,0,0,0,0.0166666675,,19,0,19,0,3,0,,0|0|0.499999911|0|0|0|0,0|0|0.499999911|0|0|0|0
4512,4512,6,2,2,255,255,0,0,0,0.0166666675,,19,0,19,0,3,0,,0|0|0.499999911|0|0|0|0,0|0|0.499999911|0|0|0|0
4513,4513,6,2,2,255,255,0,0,0,0.0166666675,,19,0,19,0,3,0,,0|0|0.499999911|0|0|0|0,0|0|0.499999911|0|0|0|0
4514,4514,6,2,2,255,255,0,0,0,0.0166666675,,19,0,19,0,3,0,,0|0|0.499999911|0|0|0|0,0|0|0.499999911|0|0|0|0
4515,4515,6,2,2,255,255,0,0,0,0.0166666675,,19,0,19,0,3,0,,0|0|0.499999911|0|0|0|0,0|0|0.499999911|0|0|0|0
4516,4516,6,2,2,255,255,0,0,0,0.0166666675,,19,0,19,0,3,0,,0|0|0.499999911|0|0|0|0,0|0|0.499999911|0|0|0|0
4517,4517,6,2,2,255,255,0,0,0,0.0166666675,,19,0,19,0,3,0,,0|0|0.499999911|0|0|0|0,0|0|0.499999911|0|0|0|0
4518,4518,6,2,2,255,255,0,0,0,0.0166666675,,19,0,19,0,3,0,,0|0|0.499999911|0|0|0|0,0|0|0.499999911|0|0|0|0
4519,4519,6,2,2,255,255,0,0,0,0.0166666675,,19,0,19,0,3,0,,0|0|0.499999911|0|0|0|0,0|0|0.499999911|0|0|0|0
4520,4520,6,2,2,255,255,0,0,0,0.0166666675,,19,0,19,0,3,0,,0|0|0.499999911|0|0|0|0,0|0|0.499999911|0|0|0|0
4521,4521,6,2,2,255,255,0,0,0,0.0166666675,,19,0,19,0,3,0,,0|0|0.499999911|0|0|0|0,0|0|0.499999911|0|0|0|0
4522,4522,6,2,2,255,255,0,0,0,0.0166666675,,19,0,19,0,3,0,,0|0|0.499999911|0|0|0|0,0|0|0.499999911|0|0|0|0
4523,4523,6,2,2,255,255,0,0,0,0.0166666675,,19,0,19,0,3,0,,0|0|0.499999911|0|0|0|0,0|0|0.499999911|0|0|0|0
4524,4524,6,2,2,255,255,0,0,0,0.0166666675,,19,0,19,0,3,0,,0|0|0.499999911|0|0|0|0,0|0|0.499999911|0|0|0|0
4525,4525,6,2,2,255,255,0,0,0,0.0166666675,,19,0,19,0,3,0,,0|0|0.499999911|0|0|0|0,0|0|0.499999911|0|0|0|0
4526,4526,6,2,2,255,255,0,0,0,0.0166666675,,19,0,19,0,3,0,,0|0|0.499999911|0|0|0|0,0|0|0.499999911|0|0|0|0
4527,4527,6,2,2,255,255,0,0,0,0.0166666675,,19,0,19,0,3,0,,0|0|0.499999911|0|0|0|0,0|0|0.499999911|0|0|0|0
4528,4528,6,2,2,255,255,0,0,0,0.0166666675,,19,0,19,0,3,0,,0|0|0.499999911|0|0|0|0,0|0|0.499999911|0|0|0|0
4529,4529,6,2,2,255,255,0,0,0,0.0166666675,,19,0,19,0,3,0,,0|0|0.499999911|0|0|0|0,0|0|0.499999911|0|0|0|0
4530,4530,6,2,2,255,255,0,0,0,0.0166666675,,19,0,19,0,3,0,,0|0|0.499999911|0|0|0|0,0|0|0.499999911|0|0|0|0
4531,4531,6,2,2,255,255,0,0,0,0.0166666675,,19,0,19,0,3,0,,0|0|0.499999911|0|0|0|0,0|0|0.499999911|0|0|0|0
4532,4532,6,2,2,255,255,0,0,0,0.0166666675,,19,0,19,0,3,0,,0|0|0.499999911|0|0|0|0,0|0|0.499999911|0|0|0|0
4533,4533,6,2,2,255,255,0,0,0,0.0166666675,,19,0,19,0,3,0,,0|0|0.499999911|0|0|0|0,0|0|0.499999911|0|0|0|0
4534,4534,6,2,2,255,255,0,0,0,0.0166666675,,19,0,19,0,3,0,,0|0|0.499999911|0|0|0|0,0|0|0.499999911|0|0|0|0
4535,4535,6,2,2,255,255,0,0,0,0.0166666675,,19,0,19,0,3,0,,0|0|0.499999911|0|0|0|0,0|0|0.499999911|0|0|0|0
4536,4536,6,2,2,255,255,0,0,0,0.0166666675,,19,0,19,0,3,0,,0|0|0.499999911|0|0|0|0,0|0|0.499999911|0|0|0|0
4537,4537,6,2,2,255,255,0,0,0,0.0166666675,,19,0,19,0,3,0,,0|0|0.499999911|0|0|0|0,0|0|0.499999911|0|0|0|0
4538,4538,6,2,2,255,255,0,0,0,0.0166666675,,19,0,19,0,3,0,,0|0|0.499999911|0|0|0|0,0|0|0.499999911|0|0|0|0
4539,4539,6,2,2,255,255,0,0,0,0.0166666675,,19,0,19,0,3,0,,0|0|0.499999911|0|0|0|0,0|0|0.499999911|0|0|0|0
4540,4540,6,2,2,255,255,0,0,0,0.0166666675,,19,0,19,0,3,0,,0|0|0.499999911|0|0|0|0,0|0|0.499999911|0|0|0|0
4541,4541,6,2,2,255,255,0,0,0,0.0166666675,,19,0,19,0,3,0,,0|0|0.499999911|0|0|0|0,0|0|0.499999911|0|0|0|0
4542,4542,6,2,2,255,255,0,0,0,0.0166666675,,19,0,19,0,3,0,,0|0|0.499999911|0|0|0|0,0|0|0.499999911|0|0|0|0
4543,4543,6,2,2,255,255,0,0,0,0.0166666675,,19,0,19,0,3,0,,0|0|0.499999911|0|0|0|0,0|0|0.499999911|0|0|0|0
4544,4544,6,2,2,255,255,0,0,0,0.0166666675,,19,0,19,0,3,0,,0|0|0.499999911|0|0|0|0,0|0|0.499999911|0|0|0|0
4545,4545,6,2,2,255,255,0,0,0,0.0166666675,,19,0,19,0,3,0,,0|0|0.499999911|0|0|0|0,0|0|0.499999911|0|0|0|0
4546,4546,6,2,2,255,255,0,0,0,0.0166666675,,19,0,19,0,3,0,,0|0|0.499999911|0|0|0|0,0|0|0.499999911|0|0|0|0
4547,4547,6,2,2,255,255,0,0,0,0.0166666675,,19,0,19,0,3,0,,0|0|0.499999911|0|0|0|0,0|0|0.499999911|0|0|0|0
4548,4548,6,2,2,255,255,0,0,0,0.0166666675,,19,0,19,0,3,0,,0|0|0.499999911|0|0|0|0,0|0|0.499999911|0|0|0|0
4549,4549,6,2,2,255,255,0,0,0,0.0166666675,,19,0,19,0,3,0,,0|0|0.499999911|0|0|0|0,0|0|0.499999911|0|0|0|0
4550,4550,6,2,2,255,255,0,0,0,0.0166666675,,19,0,19,0,3,0,,0|0|0.499999911|0|0|0|0,0|0|0.499999911|0|0|0|0
4551,4551,6,2,2,255,255,0,0,0,0.0166666675,,19,0,19,0,3,0,,0|0|0.499999911|0|0|0|0,0|0|0.499999911|0|0|0|0
4552,4552,6,2,2,255,255,0,0,0,0.0166666675,,19,0,19,0,3,0,,0|0|0.499999911|0|0|0|0,0|0|0.499999911|0|0|0|0
4553,4553,6,2,2,255,255,0,0,0,0.0166666675,,19,0,19,0,3,0,,0|0|0.499999911|0|0|0|0,0|0|0.499999911|0|0|0|0
4554,4554,6,2,2,255,255,0,0,0,0.0166666675,,19,0,19,0,3,0,,0|0|0.499999911|0|0|0|0,0|0|0.499999911|0|0|0|0
4555,4555,6,2,2,255,255,0,0,0,0.0166666675,,19,0,19,0,3,0,,0|0|0.499999911|0|0|0|0,0|0|0.499999911|0|0|0|0
4556,4556,6,2,2,255,255,0,0,0,0.0166666675,,19,0,19,0,3,0,,0|0|0.499999911|0|0|0|0,0|0|0.499999911|0|0|0|0
4557,4557,6,2,2,255,255,0,0,0,0.0166666675,,19,0,19,0,3,0,,0|0|0.499999911|0|0|0|0,0|0|0.499999911|0|0|0|0
4558,4558,6,2,2,255,255,0,0,0,0.0166666675,,19,0,19,0,3,0,,0|0|0.499999911|0|0|0|0,0|0|0.499999911|0|0|0|0
4559,4559,6,2,2,255,255,0,0,0,0.0166666675,,19,0,19,0,3,0,,0|0|0.499999911|0|0|0|0,0|0|0.499999911|0|0|0|0
4560,4560,6,2,2,255,255,0,0,0,0.0166666675,,19,0,19,0,3,0,,0|0|0.499999911|0|0|0|0,0|0|0.499999911|0|0|0|0
4561,4561,6,2,2,255,255,0,0,0,0.0166666675,,19,0,19,0,3,0,,0|0|0.499999911|0|0|0|0,0|0|0.499999911|0|0|0|0
4562,4562,6,2,2,255,255,0,0,0,0.0166666675,,19,0,19,0,3,0,,0|0|0.499999911|0|0|0|0,0|0|0.499999911|0|0|0|0
4563,4563,6,2,2,255,255,0,0,0,0.0166666675,,19,0,19,0,3,0,,0|0|0.499999911|0|0|0|0,0|0|0.499999911|0|0|0|0
4564,4564,6,2,2,255,255,0,0,0,0.0166666675,,19,0,19,0,3,0,,0|0|0.499999911|0|0|0|0,0|0|0.499999911|0|0|0|0
4565,4565,6,2,2,255,255,0,0,0,0.0166666675,,19,0,19,0,3,0,,0|0|0.499999911|0|0|0|0,0|0|0.499999911|0|0|0|0
4566,4566,6,2,2,255,255,0,0,0,0.0166666675,,19,0,19,0,3,0,,0|0|0.499999911|0|0|0|0,0|0|0.499999911|0|0|0|0
4567,4567,6,2,2,255,255,0,0,0,0.0166666675,,19,0,19,0,3,0,,0|0|0.499999911|0|0|0|0,0|0|0.499999911|0|0|0|0
4568,4568,6,2,2,255,255,0,0,0,0.0166666675,,19,0,19,0,3,0,,0|0|0.499999911|0|0|0|0,0|0|0.499999911|0|0|0|0
4569,4569,6,2,2,255,255,0,0,0,0.0166666675,,19,0,19,0,3,0,,0|0|0.499999911|0|0|0|0,0|0|0.499999911|0|0|0|0
4570,4570,6,2,2,255,255,0,0,0,0.0166666675,,19,0,19,0,3,0,,0|0|0.499999911|0|0|0|0,0|0|0.499999911|0|0|0|0
4571,4571,6,2,2,255,255,0,0,0,0.0166666675,,19,0,19,0,3,0,,0|0|0.499999911|0|0|0|0,0|0|0.499999911|0|0|0|0
4572,4572,6,2,2,255,255,0,0,0,0.0166666675,,19,0,19,0,3,0,,0|0|0.499999911|0|0|0|0,0|0|0.499999911|0|0|0|0
4573,4573,6,2,2,255,255,0,0,0,0.0166666675,,19,0,19,0,3,0,,0|0|0.499999911|0|0|0|0,0|0|0.499999911|0|0|0|0
4574,4574,6,2,2,255,255,0,0,0,0.0166666675,,19,0,19,0,3,0,,0|0|0.499999911|0|0|0|0,0|0|0.499999911|0|0|0|0
4575,4575,6,2,2,255,255,0,0,0,0.0166666675,,19,0,19,0,3,0,,0|0|0.499999911|0|0|0|0,0|0|0.499999911|0|0|0|0
4576,4576,6,2,2,255,255,0,0,0,0.0166666675,,19,0,19,0,3,0,,0|0|0.499999911|0|0|0|0,0|0|0.499999911|0|0|0|0
4577,4577,6,2,2,255,255,0,0,0,0.0166666675,,19,0,19,0,3,0,,0|0|0.499999911|0|0|0|0,0|0|0.499999911|0|0|0|0
4578,4578,6,2,2,255,255,0,0,0,0.0166666675,,19,0,19,0,3,0,,0|0|0.499999911|0|0|0|0,0|0|0.499999911|0|0|0|0
4579,4579,6,2,2,255,255,0,0,0,0.0166666675,,19,0,19,0,3,0,,0|0|0.499999911|0|0|0|0,0|0|0.499999911|0|0|0|0
4580,4580,6,2,2,255,255,0,0,0,0.0166666675,,19,0,19,0,3,0,,0|0|0.499999911|0|0|0|0,0|0|0.499999911|0|0|0|0
4581,4581,6,2,2,255,255,0,0,0,0.0166666675,,19,0,19,0,3,0,,0|0|0.499999911|0|0|0|0,0|0|0.499999911|0|0|0|0
4582,4582,6,2,2,255,255,0,0,0,0.0166666675,,19,0,19,0,3,0,,0|0|0.499999911|0|0|0|0,0|0|0.499999911|0|0|0|0
4583,4583,6,2,2,255,255,0,0,0,0.0166666675,,19,0,19,0,3,0,,0|0|0.499999911|0|0|0|0,0|0|0.499999911|0|0|0|0
4584,4584,6,2,2,255,255,0,0,0,0.0166666675,,19,0,19,0,3,0,,0|0|0.499999911|0|0|0|0,0|0|0.499999911|0|0|0|0
4585,4585,6,2,2,255,255,0,0,0,0.0166666675,,19,0,19,0,3,0,,0|0|0.499999911|0|0|0|0,0|0|0.499999911|0|0|0|0
4586,4586,6,2,2,255,255,0,0,0,0.0166666675,,19,0,19,0,3,0,,0|0|0.499999911|0|0|0|0,0|0|0.499999911|0|0|0|0
4587,4587,6,2,2,255,255,0,0,0,0.0166666675,,19,0,19,0,3,0,,0|0|0.499999911|0|0|0|0,0|0|0.499999911|0|0|0|0
4588,4588,6,2,2,255,255,0,0,0,0.0166666675,,19,0,19,0,3,0,,0|0|0.499999911|0|0|0|0,0|0|0.499999911|0|0|0|0
4589,4589,6,2,2,255,255,0,0,0,0.0166666675,,19,0,19,0,3,0,,0|0|0.499999911|0|0|0|0,0|0|0.499999911|0|0|0|0
4590,4590,6,2,2,255,255,0,0,0,0.0166666675,,19,0,19,0,3,0,,0|0|0.499999911|0|0|0|0,0|0|0.499999911|0|0|0|0
4591,4591,6,2,2,255,255,0,0,0,0.0166666675,,19,0,19,0,3,0,,0|0|0.499999911|0|0|0|0,0|0|0.499999911|0|0|0|0
4592,4592,6,2,2,255,255,0,0,0,0.0166666675,,19,0,19,0,3,0,,0|0|0.499999911|0|0|0|0,0|0|0.499999911|0|0|0|0
4593,4593,6,2,2,255,255,0,0,0,0.0166666675,,19,0,19,0,3,0,,0|0|0.499999911|0|0|0|0,0|0|0.499999911|0|0|0|0
4594,4594,6,2,2,255,255,0,0,0,0.0166666675,,19,0,19,0,3,0,,0|0|0.499999911|0|0|0|0,0|0|0.499999911|0|0|0|0
4595,4595,6,2,2,255,255,0,0,0,0.0166666675,,19,0,19,0,3,0,,0|0|0.499999911|0|0|0|0,0|0|0.499999911|0|0|0|0
4596,4596,6,2,2,255,255,0,0,0,0.0166666675,,19,0,19,0,3,0,,0|0|0.499999911|0|0|0|0,0|0|0.499999911|0|0|0|0
4597,4597,6,2,2,255,255,0,0,0,0.0166666675,,19,0,19,0,3,0,,0|0|0.499999911|0|0|0|0,0|0|0.499999911|0|0|0|0
4598,4598,6,2,2,255,255,0,0,0,0.0166666675,,19,0,19,0,3,0,,0|0|0.499999911|0|0|0|0,0|0|0.499999911|0|0|0|0
4599,4599,6,2,2,255,255,0,0,0,0.0166666675,,19,0,19,0,3,0,,0|0|0.499999911|0|0|0|0,0|0|0.499999911|0|0|0|0
4600,4600,6,2,2,255,255,0,0,0,0.0166666675,,19,0,19,0,3,0,,0|0|0.499999911|0|0|0|0,0|0|0.499999911|0|0|0|0
4601,4601,6,2,2,255,255,0,0,0,0.0166666675,,19,0,19,0,3,0,,0|0|0.499999911|0|0|0|0,0|0|0.499999911|0|0|0|0
4602,4602,6,2,2,255,255,0,0,0,0.0166666675,,19,0,19,0,3,0,,0|0|0.499999911|0|0|0|0,0|0|0.499999911|0|0|0|0
4603,4603,6,2,2,255,255,0,0,0,0.0166666675,,19,0,19,0,3,0,,0|0|0.499999911|0|0|0|0,0|0|0.499999911|0|0|0|0
4604,4604,6,2,2,255,255,0,0,0,0.0166666675,,19,0,19,0,3,0,,0|0|0.499999911|0|0|0|0,0|0|0.499999911|0|0|0|0
4605,4605,6,2,2,255,255,0,0,0,0.0166666675,,19,0,19,0,3,0,,0|0|0.499999911|0|0|0|0,0|0|0.499999911|0|0|0|0
4606,4606,6,2,2,255,255,0,0,0,0.0166666675,,19,0,19,0,3,0,,0|0|0.499999911|0|0|0|0,0|0|0.499999911|0|0|0|0
4607,4607,6,2,2,255,255,0,0,0,0.0166666675,,19,0,19,0,3,0,,0|0|0.499999911|0|0|0|0,0|0|0.499999911|0|0|0|0
4608,4608,6,2,2,255,255,0,0,0,0.0166666675,,19,0,19,0,3,0,,0|0|0.499999911|0|0|0|0,0|0|0.499999911|0|0|0|0
4609,4609,6,2,2,255,255,0,0,0,0.0166666675,,19,0,19,0,3,0,,0|0|0.499999911|0|0|0|0,0|0|0.499999911|0|0|0|0
4610,4610,6,2,2,255,255,0,0,0,0.0166666675,,19,0,19,0,3,0,,0|0|0.499999911|0|0|0|0,0|0|0.499999911|0|0|0|0
4611,4611,6,2,2,255,255,0,0,0,0.0166666675,,19,0,19,0,3,0,,0|0|0.499999911|0|0|0|0,0|0|0.499999911|0|0|0|0
4612,4612,6,2,2,255,255,0,0,0,0.0166666675,,19,0,19,0,3,0,,0|0|0.499999911|0|0|0|0,0|0|0.499999911|0|0|0|0
4613,4613,6,2,2,255,255,0,0,0,0.0166666675,,19,0,19,0,3,0,,0|0|0.499999911|0|0|0|0,0|0|0.499999911|0|0|0|0
4614,4614,6,2,2,255,255,0,0,0,0.0166666675,,19,0,19,0,3,0,,0|0|0.499999911|0|0|0|0,0|0|0.499999911|0|0|0|0
4615,4615,6,2,2,255,255,0,0,0,0.0166666675,,19,0,19,0,3,0,,0|0|0.499999911|0|0|0|0,0|0|0.499999911|0|0|0|0
4616,4616,6,2,2,255,255,0,0,0,0.0166666675,,19,0,19,0,3,0,,0|0|0.499999911|0|0|0|0,0|0|0.499999911|0|0|0|0
4617,4617,6,2,2,255,255,0,0,0,0.0166666675,,19,0,19,0,3,0,,0|0|0.499999911|0|0|0|0,0|0|0.499999911|0|0|0|0
4618,4618,6,2,2,255,255,0,0,0,0.0166666675,,19,0,19,0,3,0,,0|0|0.499999911|0|0|0|0,0|0|0.499999911|0|0|0|0
4619,4619,6,2,2,255,255,0,0,0,0.0166666675,,19,0,19,0,3,0,,0|0|0.499999911|0|0|0|0,0|0|0.499999911|0|0|0|0
4620,4620,6,2,2,255,255,0,0,0,0.0166666675,,19,0,19,0,3,0,,0|0|0.499999911|0|0|0|0,0|0|0.499999911|0|0|0|0
4621,4621,6,2,2,255,255,0,0,0,0.0166666675,,19,0,19,0,3,0,,0|0|0.499999911|0|0|0|0,0|0|0.499999911|0|0|0|0
4622,4622,6,2,2,255,255,0,0,0,0.0166666675,,19,0,19,0,3,0,,0|0|0.499999911|0|0|0|0,0|0|0.499999911|0|0|0|0
4623,4623,6,2,2,255,255,0,0,0,0.0166666675,,19,0,19,0,3,0,,0|0|0.499999911|0|0|0|0,0|0|0.499999911|0|0|0|0
4624,4624,6,2,2,255,255,0,0,0,0.0166666675,,19,0,19,0,3,0,,0|0|0.499999911|0|0|0|0,0|0|0.499999911|0|0|0|0
4625,4625,6,2,2,255,255,0,0,0,0.0166666675,,19,0,19,0,3,0,,0|0|0.499999911|0|0|0|0,0|0|0.499999911|0|0|0|0
4626,4626,6,2,2,255,255,0,0,0,0.0166666675,,19,0,19,0,3,0,,0|0|0.499999911|0|0|0|0,0|0|0.499999911|0|0|0|0
4627,4627,6,2,2,255,255,0,0,0,0.0166666675,,19,0,19,0,3,0,,0|0|0.499999911|0|0|0|0,0|0|0.499999911|0|0|0|0
4628,4628,6,2,2,255,255,0,0,0,0.0166666675,,19,0,19,0,3,0,,0|0|0.499999911|0|0|0|0,0|0|0.499999911|0|0|0|0
4629,4629,6,2,2,255,255,0,0,0,0.0166666675,,19,0,19,0,3,0,,0|0|0.499999911|0|0|0|0,0|0|0.499999911|0|0|0|0
4630,4630,6,2,2,255,255,0,0,0,0.0166666675,,19,0,19,0,3,0,,0|0|0.499999911|0|0|0|0,0|0|0.499999911|0|0|0|0
4631,4631,6,2,2,255,255,0,0,0,0.0166666675,,19,0,19,0,3,0,,0|0|0.499999911|0|0|0|0,0|0|0.499999911|0|0|0|0
4632,4632,6,2,2,255,255,0,0,0,0.0166666675,,19,0,19,0,3,0,,0|0|0.499999911|0|0|0|0,0|0|0.499999911|0|0|0|0
4633,4633,6,2,2,255,255,0,0,0,0.0166666675,,19,0,19,0,3,0,,0|0|0.499999911|0|0|0|0,0|0|0.499999911|0|0|0|0
4634,4634,6,2,2,255,255,0,0,0,0.0166666675,,19,0,19,0,3,0,,0|0|0.499999911|0|0|0|0,0|0|0.499999911|0|0|0|0
4635,4635,6,2,2,255,255,0,0,0,0.0166666675,,19,0,19,0,3,0,,0|0|0.499999911|0|0|0|0,0|0|0.499999911|0|0|0|0
4636,4636,6,2,2,255,255,0,0,0,0.0166666675,,19,0,19,0,3,0,,0|0|0.499999911|0|0|0|0,0|0|0.499999911|0|0|0|0
4637,4637,6,2,2,255,255,0,0,0,0.0166666675,,19,0,19,0,3,0,,0|0|0.499999911|0|0|0|0,0|0|0.499999911|0|0|0|0
4638,4638,6,2,2,255,255,0,0,0,0.0166666675,,19,0,19,0,3,0,,0|0|0.499999911|0|0|0|0,0|0|0.499999911|0|0|0|0
4639,4639,6,2,2,255,255,0,0,0,0.0166666675,,19,0,19,0,3,0,,0|0|0.499999911|0|0|0|0,0|0|0.499999911|0|0|0|0
4640,4640,6,2,2,255,255,0,0,0,0.0166666675,,19,0,19,0,3,0,,0|0|0.499999911|0|0|0|0,0|0|0.499999911|0|0|0|0
4641,4641,6,2,2,255,255,0,0,0,0.0166666675,,19,0,19,0,3,0,,0|0|0.499999911|0|0|0|0,0|0|0.499999911|0|0|0|0
4642,4642,6,2,2,255,255,0,0,0,0.0166666675,,19,0,19,0,3,0,,0|0|0.499999911|0|0|0|0,0|0|0.499999911|0|0|0|0
4643,4643,6,2,2,255,255,0,0,0,0.0166666675,,19,0,19,0,3,0,,0|0|0.499999911|0|0|0|0,0|0|0.499999911|0|0|0|0
4644,4644,6,2,2,255,255,0,0,0,0.0166666675,,19,0,19,0,3,0,,0|0|0.499999911|0|0|0|0,0|0|0.499999911|0|0|0|0
4645,4645,6,2,2,255,255,0,0,0,0.0166666675,,19,0,19,0,3,0,,0|0|0.499999911|0|0|0|0,0|0|0.499999911|0|0|0|0
4646,4646,6,2,2,255,255,0,0,0,0.0166666675,,19,0,19,0,3,0,,0|0|0.499999911|0|0|0|0,0|0|0.499999911|0|0|0|0
4647,4647,6,2,2,255,255,0,0,0,0.0166666675,,19,0,19,0,3,0,,0|0|0.499999911|0|0|0|0,0|0|0.499999911|0|0|0|0
4648,4648,6,2,2,255,255,0,0,0,0.0166666675,,19,0,19,0,3,0,,0|0|0.499999911|0|0|0|0,0|0|0.499999911|0|0|0|0
4649,4649,6,2,2,255,255,0,0,0,0.0166666675,,19,0,19,0,3,0,,0|0|0.499999911|0|0|0|0,0|0|0.499999911|0|0|0|0
4650,4650,6,2,2,255,255,0,0,0,0.0166666675,,19,0,19,0,3,0,,0|0|0.499999911|0|0|0|0,0|0|0.499999911|0|0|0|0
4651,4651,6,2,2,255,255,0,0,0,0.0166666675,,19,0,19,0,3,0,,0|0|0.499999911|0|0|0|0,0|0|0.499999911|0|0|0|0
4652,4652,6,2,2,255,255,0,0,0,0.0166666675,,19,0,19,0,3,0,,0|0|0.499999911|0|0|0|0,0|0|0.499999911|0|0|0|0
4653,4653,6,2,2,255,255,0,0,0,0.0166666675,,19,0,19,0,3,0,,0|0|0.499999911|0|0|0|0,0|0|0.499999911|0|0|0|0
4654,4654,6,2,2,255,255,0,0,0,0.0166666675,,19,0,19,0,3,0,,0|0|0.499999911|0|0|0|0,0|0|0.499999911|0|0|0|0
4655,4655,6,2,2,255,255,0,0,0,0.0166666675,,19,0,19,0,3,0,,0|0|0.499999911|0|0|0|0,0|0|0.499999911|0|0|0|0
4656,4656,6,2,2,255,255,0,0,0,0.0166666675,,19,0,19,0,3,0,,0|0|0.499999911|0|0|0|0,0|0|0.499999911|0|0|0|0
4657,4657,6,2,2,255,255,0,0,0,0.0166666675,,19,0,19,0,3,0,,0|0|0.499999911|0|0|0|0,0|0|0.499999911|0|0|0|0
4658,4658,6,2,2,255,255,0,0,0,0.0166666675,,19,0,19,0,3,0,,0|0|0.499999911|0|0|0|0,0|0|0.499999911|0|0|0|0
4659,4659,6,2,2,255,255,0,0,0,0.0166666675,,19,0,19,0,3,0,,0|0|0.499999911|0|0|0|0,0|0|0.499999911|0|0|0|0
4660,4660,6,2,2,255,255,0,0,0,0.0166666675,,19,0,19,0,3,0,,0|0|0.499999911|0|0|0|0,0|0|0.499999911|0|0|0|0
4661,4661,6,2,2,255,255,0,0,0,0.0166666675,,19,0,19,0,3,0,,0|0|0.499999911|0|0|0|0,0|0|0.499999911|0|0|0|0
4662,4662,6,2,2,255,255,0,0,0,0.0166666675,,19,0,19,0,3,0,,0|0|0.499999911|0|0|0|0,0|0|0.499999911|0|0|0|0
4663,4663,6,2,2,255,255,0,0,0,0.0166666675,,19,0,19,0,3,0,,0|0|0.499999911|0|0|0|0,0|0|0.499999911|0|0|0|0
4664,4664,6,2,2,255,255,0,0,0,0.0166666675,,19,0,19,0,3,0,,0|0|0.499999911|0|0|0|0,0|0|0.499999911|0|0|0|0
4665,4665,6,2,2,255,255,0,0,0,0.0166666675,,19,0,19,0,3,0,,0|0|0.499999911|0|0|0|0,0|0|0.499999911|0|0|0|0
4666,4666,6,2,2,255,255,0,0,0,0.0166666675,,19,0,19,0,3,0,,0|0|0.499999911|0|0|0|0,0|0|0.499999911|0|0|0|0
4667,4667,6,2,2,255,255,0,0,0,0.0166666675,,19,0,19,0,3,0,,0|0|0.499999911|0|0|0|0,0|0|0.499999911|0|0|0|0
4668,4668,6,2,2,255,255,0,0,0,0.0166666675,,19,0,19,0,3,0,,0|0|0.499999911|0|0|0|0,0|0|0.499999911|0|0|0|0
4669,4669,6,2,2,255,255,0,0,0,0.0166666675,,19,0,19,0,3,0,,0|0|0.499999911|0|0|0|0,0|0|0.499999911|0|0|0|0
4670,4670,6,2,2,255,255,0,0,0,0.0166666675,,19,0,19,0,3,0,,0|0|0.499999911|0|0|0|0,0|0|0.499999911|0|0|0|0
4671,4671,6,2,2,255,255,0,0,0,0.0166666675,,19,0,19,0,3,0,,0|0|0.499999911|0|0|0|0,0|0|0.499999911|0|0|0|0
4672,4672,6,2,2,255,255,0,0,0,0.0166666675,,19,0,19,0,3,0,,0|0|0.499999911|0|0|0|0,0|0|0.499999911|0|0|0|0
4673,4673,6,2,2,255,255,0,0,0,0.0166666675,,19,0,19,0,3,0,,0|0|0.499999911|0|0|0|0,0|0|0.499999911|0|0|0|0
4674,4674,6,2,2,255,255,0,0,0,0.0166666675,,19,0,19,0,3,0,,0|0|0.499999911|0|0|0|0,0|0|0.499999911|0|0|0|0
4675,4675,6,2,2,255,255,0,0,0,0.0166666675,,19,0,19,0,3,0,,0|0|0.499999911|0|0|0|0,0|0|0.499999911|0|0|0|0
4676,4676,6,2,2,255,255,0,0,0,0.0166666675,,19,0,19,0,3,0,,0|0|0.499999911|0|0|0|0,0|0|0.499999911|0|0|0|0
4677,4677,6,2,2,255,255,0,0,0,0.0166666675,,19,0,19,0,3,0,,0|0|0.499999911|0|0|0|0,0|0|0.499999911|0|0|0|0
4678,4678,6,2,2,255,255,0,0,0,0.0166666675,,19,0,19,0,3,0,,0|0|0.499999911|0|0|0|0,0|0|0.499999911|0|0|0|0
4679,4679,6,2,2,255,255,0,0,0,0.0166666675,,19,0,19,0,3,0,,0|0|0.499999911|0|0|0|0,0|0|0.499999911|0|0|0|0
4680,4680,6,2,2,255,255,0,0,0,0.0166666675,,19,0,19,0,3,0,,0|0|0.499999911|0|0|0|0,0|0|0.499999911|0|0|0|0
4681,4681,6,2,2,255,255,0,0,0,0.0166666675,,19,0,19,0,3,0,,0|0|0.499999911|0|0|0|0,0|0|0.499999911|0|0|0|0
4682,4682,6,2,2,255,255,0,0,0,0.0166666675,,19,0,19,0,3,0,,0|0|0.499999911|0|0|0|0,0|0|0.499999911|0|0|0|0
4683,4683,6,2,2,255,255,0,0,0,0.0166666675,,19,0,19,0,3,0,,0|0|0.499999911|0|0|0|0,0|0|0.499999911|0|0|0|0
4684,4684,6,2,2,255,255,0,0,0,0.0166666675,,19,0,19,0,3,0,,0|0|0.499999911|0|0|0|0,0|0|0.499999911|0|0|0|0
4685,4685,6,2,2,255,255,0,0,0,0.0166666675,,19,0,19,0,3,0,,0|0|0.499999911|0|0|0|0,0|0|0.499999911|0|0|0|0
4686,4686,6,2,2,255,255,0,0,0,0.0166666675,,19,0,19,0,3,0,,0|0|0.499999911|0|0|0|0,0|0|0.499999911|0|0|0|0
4687,4687,6,2,2,255,255,0,0,0,0.0166666675,,19,0,19,0,3,0,,0|0|0.499999911|0|0|0|0,0|0|0.499999911|0|0|0|0
4688,4688,6,2,2,255,255,0,0,0,0.0166666675,,19,0,19,0,3,0,,0|0|0.499999911|0|0|0|0,0|0|0.499999911|0|0|0|0
4689,4689,6,2,2,255,255,0,0,0,0.0166666675,,19,0,19,0,3,0,,0|0|0.499999911|0|0|0|0,0|0|0.499999911|0|0|0|0
4690,4690,6,2,2,255,255,0,0,0,0.0166666675,,19,0,19,0,3,0,,0|0|0.499999911|0|0|0|0,0|0|0.499999911|0|0|0|0
4691,4691,6,2,2,255,255,0,0,0,0.0166666675,,19,0,19,0,3,0,,0|0|0.499999911|0|0|0|0,0|0|0.499999911|0|0|0|0
4692,4692,6,2,2,255,255,0,0,0,0.0166666675,,19,0,19,0,3,0,,0|0|0.499999911|0|0|0|0,0|0|0.499999911|0|0|0|0
4693,4693,6,2,2,255,255,0,0,0,0.0166666675,,19,0,19,0,3,0,,0|0|0.499999911|0|0|0|0,0|0|0.499999911|0|0|0|0
4694,4694,6,2,2,255,255,0,0,0,0.0166666675,,19,0,19,0,3,0,,0|0|0.499999911|0|0|0|0,0|0|0.499999911|0|0|0|0
4695,4695,6,2,2,255,255,0,0,0,0.0166666675,,19,0,19,0,3,0,,0|0|0.499999911|0|0|0|0,0|0|0.499999911|0|0|0|0
4696,4696,6,2,2,255,255,0,0,0,0.0166666675,,19,0,19,0,3,0,,0|0|0.499999911|0|0|0|0,0|0|0.499999911|0|0|0|0
4697,4697,6,2,2,255,255,0,0,0,0.0166666675,,19,0,19,0,3,0,,0|0|0.499999911|0|0|0|0,0|0|0.499999911|0|0|0|0
4698,4698,6,2,2,255,255,0,0,0,0.0166666675,,19,0,19,0,3,0,,0|0|0.499999911|0|0|0|0,0|0|0.499999911|0|0|0|0
4699,4699,6,2,2,255,255,0,0,0,0.0166666675,,19,0,19,0,3,0,,0|0|0.499999911|0|0|0|0,0|0|0.499999911|0|0|0|0
4700,4700,6,2,2,255,255,0,0,0,0.0166666675,,19,0,19,0,3,0,,0|0|0.499999911|0|0|0|0,0|0|0.499999911|0|0|0|0
4701,4701,6,2,2,255,255,0,0,0,0.0166666675,,19,0,19,0,3,0,,0|0|0.499999911|0|0|0|0,0|0|0.499999911|0|0|0|0
4702,4702,6,2,2,255,255,0,0,0,0.0166666675,,19,0,19,0,3,0,,0|0|0.499999911|0|0|0|0,0|0|0.499999911|0|0|0|0
4703,4703,6,2,2,255,255,0,0,0,0.0166666675,,19,0,19,0,3,0,,0|0|0.499999911|0|0|0|0,0|0|0.499999911|0|0|0|0
4704,4704,6,2,2,255,255,0,0,0,0.0166666675,,19,0,19,0,3,0,,0|0|0.499999911|0|0|0|0,0|0|0.499999911|0|0|0|0
4705,4705,6,2,2,255,255,0,0,0,0.0166666675,,19,0,19,0,3,0,,0|0|0.499999911|0|0|0|0,0|0|0.499999911|0|0|0|0
4706,4706,6,2,2,255,255,0,0,0,0.0166666675,,19,0,19,0,3,0,,0|0|0.499999911|0|0|0|0,0|0|0.499999911|0|0|0|0
4707,4707,6,2,2,255,255,0,0,0,0.0166666675,,19,0,19,0,3,0,,0|0|0.499999911|0|0|0|0,0|0|0.499999911|0|0|0|0
4708,4708,6,2,2,255,255,0,0,0,0.0166666675,,19,0,19,0,3,0,,0|0|0.499999911|0|0|0|0,0|0|0.499999911|0|0|0|0
4709,4709,6,2,2,255,255,0,0,0,0.0166666675,,19,0,19,0,3,0,,0|0|0.499999911|0|0|0|0,0|0|0.499999911|0|0|0|0
4710,4710,6,2,2,255,255,0,0,0,0.0166666675,,19,0,19,0,3,0,,0|0|0.499999911|0|0|0|0,0|0|0.499999911|0|0|0|0
4711,4711,6,2,2,255,255,0,0,0,0.0166666675,,19,0,19,0,3,0,,0|0|0.499999911|0|0|0|0,0|0|0.499999911|0|0|0|0
4712,4712,6,2,2,255,255,0,0,0,0.0166666675,,19,0,19,0,3,0,,0|0|0.499999911|0|0|0|0,0|0|0.499999911|0|0|0|0
4713,4713,6,2,2,255,255,0,0,0,0.0166666675,,19,0,19,0,3,0,,0|0|0.499999911|0|0|0|0,0|0|0.499999911|0|0|0|0
4714,4714,6,2,2,255,255,0,0,0,0.0166666675,,19,0,19,0,3,0,,0|0|0.499999911|0|0|0|0,0|0|0.499999911|0|0|0|0
4715,4715,6,2,2,255,255,0,0,0,0.0166666675,,19,0,19,0,3,0,,0|0|0.499999911|0|0|0|0,0|0|0.499999911|0|0|0|0
4716,4716,6,2,2,255,255,0,0,0,0.0166666675,,19,0,19,0,3,0,,0|0|0.499999911|0|0|0|0,0|0|0.499999911|0|0|0|0
4717,4717,6,2,2,255,255,0,0,0,0.0166666675,,19,0,19,0,3,0,,0|0|0.499999911|0|0|0|0,0|0|0.499999911|0|0|0|0
4718,4718,6,2,2,255,255,0,0,0,0.0166666675,,19,0,19,0,3,0,,0|0|0.499999911|0|0|0|0,0|0|0.499999911|0|0|0|0
4719,4719,6,2,2,255,255,0,0,0,0.0166666675,,19,0,19,0,3,0,,0|0|0.499999911|0|0|0|0,0|0|0.499999911|0|0|0|0
4720,4720,6,2,2,255,255,0,0,0,0.0166666675,,19,0,19,0,3,0,,0|0|0.499999911|0|0|0|0,0|0|0.499999911|0|0|0|0
4721,4721,6,2,2,255,255,0,0,0,0.0166666675,,19,0,19,0,3,0,,0|0|0.499999911|0|0|0|0,0|0|0.499999911|0|0|0|0
4722,4722,6,2,2,255,255,0,0,0,0.0166666675,,19,0,19,0,3,0,,0|0|0.499999911|0|0|0|0,0|0|0.499999911|0|0|0|0
4723,4723,6,2,2,255,255,0,0,0,0.0166666675,,19,0,19,0,3,0,,0|0|0.499999911|0|0|0|0,0|0|0.499999911|0|0|0|0
4724,4724,6,2,2,255,255,0,0,0,0.0166666675,,19,0,19,0,3,0,,0|0|0.499999911|0|0|0|0,0|0|0.499999911|0|0|0|0
4725,4725,6,2,2,255,255,0,0,0,0.0166666675,,19,0,19,0,3,0,,0|0|0.499999911|0|0|0|0,0|0|0.499999911|0|0|0|0
4726,4726,6,2,2,255,255,0,0,0,0.0166666675,,19,0,19,0,3,0,,0|0|0.499999911|0|0|0|0,0|0|0.499999911|0|0|0|0
4727,4727,6,2,2,255,255,0,0,0,0.0166666675,,19,0,19,0,3,0,,0|0|0.499999911|0|0|0|0,0|0|0.499999911|0|0|0|0
4728,4728,6,2,2,255,255,0,0,0,0.0166666675,,19,0,19,0,3,0,,0|0|0.499999911|0|0|0|0,0|0|0.499999911|0|0|0|0
4729,4729,6,2,2,255,255,0,0,0,0.0166666675,,19,0,19,0,3,0,,0|0|0.499999911|0|0|0|0,0|0|0.499999911|0|0|0|0
4730,4730,6,2,2,255,255,0,0,0,0.0166666675,,19,0,19,0,3,0,,0|0|0.499999911|0|0|0|0,0|0|0.499999911|0|0|0|0
4731,4731,6,2,2,255,255,0,0,0,0.0166666675,,19,0,19,0,3,0,,0|0|0.499999911|0|0|0|0,0|0|0.499999911|0|0|0|0
4732,4732,6,2,2,255,255,0,0,0,0.0166666675,,19,0,19,0,3,0,,0|0|0.499999911|0|0|0|0,0|0|0.499999911|0|0|0|0
4733,4733,6,2,2,255,255,0,0,0,0.0166666675,,19,0,19,0,3,0,,0|0|0.499999911|0|0|0|0,0|0|0.499999911|0|0|0|0
4734,4734,6,2,2,255,255,0,0,0,0.0166666675,,19,0,19,0,3,0,,0|0|0.499999911|0|0|0|0,0|0|0.499999911|0|0|0|0
4735,4735,6,2,2,255,255,0,0,0,0.0166666675,,19,0,19,0,3,0,,0|0|0.499999911|0|0|0|0,0|0|0.499999911|0|0|0|0
4736,4736,6,2,2,255,255,0,0,0,0.0166666675,,19,0,19,0,3,0,,0|0|0.499999911|0|0|0|0,0|0|0.499999911|0|0|0|0
4737,4737,6,2,2,255,255,0,0,0,0.0166666675,,19,0,19,0,3,0,,0|0|0.499999911|0|0|0|0,0|0|0.499999911|0|0|0|0
4738,4738,6,2,2,255,255,0,0,0,0.0166666675,,19,0,19,0,3,0,,0|0|0.499999911|0|0|0|0,0|0|0.499999911|0|0|0|0
4739,4739,6,2,2,255,255,0,0,0,0.0166666675,,19,0,19,0,3,0,,0|0|0.499999911|0|0|0|0,0|0|0.499999911|0|0|0|0
4740,4740,6,2,2,255,255,0,0,0,0.0166666675,,19,0,19,0,3,0,,0|0|0.499999911|0|0|0|0,0|0|0.499999911|0|0|0|0
4741,4741,6,2,2,255,255,0,0,0,0.0166666675,,19,0,19,0,3,0,,0|0|0.499999911|0|0|0|0,0|0|0.499999911|0|0|0|0
4742,4742,6,2,2,255,255,0,0,0,0.0166666675,,19,0,19,0,3,0,,0|0|0.499999911|0|0|0|0,0|0|0.499999911|0|0|0|0
4743,4743,6,2,2,255,255,0,0,0,0.0166666675,,19,0,19,0,3,0,,0|0|0.499999911|0|0|0|0,0|0|0.499999911|0|0|0|0
4744,4744,6,2,2,255,255,0,0,0,0.0166666675,,19,0,19,0,3,0,,0|0|0.499999911|0|0|0|0,0|0|0.499999911|0|0|0|0
4745,4745,6,2,2,255,255,0,0,0,0.0166666675,,19,0,19,0,3,0,,0|0|0.499999911|0|0|0|0,0|0|0.499999911|0|0|0|0
4746,4746,6,2,2,255,255,0,0,0,0.0166666675,,19,0,19,0,3,0,,0|0|0.499999911|0|0|0|0,0|0|0.499999911|0|0|0|0
4747,4747,6,2,2,255,255,0,0,0,0.0166666675,,19,0,19,0,3,0,,0|0|0.499999911|0|0|0|0,0|0|0.499999911|0|0|0|0
4748,4748,6,2,2,255,255,0,0,0,0.0166666675,,19,0,19,0,3,0,,0|0|0.499999911|0|0|0|0,0|0|0.499999911|0|0|0|0
4749,4749,6,2,2,255,255,0,0,0,0.0166666675,,19,0,19,0,3,0,,0|0|0.499999911|0|0|0|0,0|0|0.499999911|0|0|0|0
4750,4750,6,2,2,255,255,0,0,0,0.0166666675,,19,0,19,0,3,0,,0|0|0.499999911|0|0|0|0,0|0|0.499999911|0|0|0|0
4751,4751,6,2,2,255,255,0,0,0,0.0166666675,,19,0,19,0,3,0,,0|0|0.499999911|0|0|0|0,0|0|0.499999911|0|0|0|0
4752,4752,6,2,2,255,255,0,0,0,0.0166666675,,19,0,19,0,3,0,,0|0|0.499999911|0|0|0|0,0|0|0.499999911|0|0|0|0
4753,4753,6,2,2,255,255,0,0,0,0.0166666675,,19,0,19,0,3,0,,0|0|0.499999911|0|0|0|0,0|0|0.499999911|0|0|0|0
4754,4754,6,2,2,255,255,0,0,0,0.0166666675,,19,0,19,0,3,0,,0|0|0.499999911|0|0|0|0,0|0|0.499999911|0|0|0|0
4755,4755,6,2,2,255,255,0,0,0,0.0166666675,,19,0,19,0,3,0,,0|0|0.499999911|0|0|0|0,0|0|0.499999911|0|0|0|0
4756,4756,6,2,2,255,255,0,0,0,0.0166666675,,19,0,19,0,3,0,,0|0|0.499999911|0|0|0|0,0|0|0.499999911|0|0|0|0
4757,4757,6,2,2,255,255,0,0,0,0.0166666675,,19,0,19,0,3,0,,0|0|0.499999911|0|0|0|0,0|0|0.499999911|0|0|0|0
4758,4758,6,2,2,255,255,0,0,0,0.0166666675,,19,0,19,0,3,0,,0|0|0.499999911|0|0|0|0,0|0|0.499999911|0|0|0|0
4759,4759,6,2,2,255,255,0,0,0,0.0166666675,,19,0,19,0,3,0,,0|0|0.499999911|0|0|0|0,0|0|0.499999911|0|0|0|0
4760,4760,6,2,2,255,255,0,0,0,0.0166666675,,19,0,19,0,3,0,,0|0|0.499999911|0|0|0|0,0|0|0.499999911|0|0|0|0
4761,4761,6,2,2,255,255,0,0,0,0.0166666675,,19,0,19,0,3,0,,0|0|0.499999911|0|0|0|0,0|0|0.499999911|0|0|0|0
4762,4762,6,2,2,255,255,0,0,0,0.0166666675,,19,0,19,0,3,0,,0|0|0.499999911|0|0|0|0,0|0|0.499999911|0|0|0|0
4763,4763,6,2,2,255,255,0,0,0,0.0166666675,,19,0,19,0,3,0,,0|0|0.499999911|0|0|0|0,0|0|0.499999911|0|0|0|0
4764,4764,6,2,2,255,255,0,0,0,0.0166666675,,19,0,19,0,3,0,,0|0|0.499999911|0|0|0|0,0|0|0.499999911|0|0|0|0
4765,4765,6,2,2,255,255,0,0,0,0.0166666675,,19,0,19,0,3,0,,0|0|0.499999911|0|0|0|0,0|0|0.499999911|0|0|0|0
4766,4766,6,2,2,255,255,0,0,0,0.0166666675,,19,0,19,0,3,0,,0|0|0.499999911|0|0|0|0,0|0|0.499999911|0|0|0|0
4767,4767,6,2,2,255,255,0,0,0,0.0166666675,,19,0,19,0,3,0,,0|0|0.499999911|0|0|0|0,0|0|0.499999911|0|0|0|0
4768,4768,6,2,2,255,255,0,0,0,0.0166666675,,19,0,19,0,3,0,,0|0|0.499999911|0|0|0|0,0|0|0.499999911|0|0|0|0
4769,4769,6,2,2,255,255,0,0,0,0.0166666675,,19,0,19,0,3,0,,0|0|0.499999911|0|0|0|0,0|0|0.499999911|0|0|0|0
4770,4770,6,2,2,255,255,0,0,0,0.0166666675,,19,0,19,0,3,0,,0|0|0.499999911|0|0|0|0,0|0|0.499999911|0|0|0|0
4771,4771,6,2,2,255,255,0,0,0,0.0166666675,,19,0,19,0,3,0,,0|0|0.499999911|0|0|0|0,0|0|0.499999911|0|0|0|0
4772,4772,6,2,2,255,255,0,0,0,0.0166666675,,19,0,19,0,3,0,,0|0|0.499999911|0|0|0|0,0|0|0.499999911|0|0|0|0
4773,4773,6,2,2,255,255,0,0,0,0.0166666675,,19,0,19,0,3,0,,0|0|0.499999911|0|0|0|0,0|0|0.499999911|0|0|0|0
4774,4774,6,2,2,255,255,0,0,0,0.0166666675,,19,0,19,0,3,0,,0|0|0.499999911|0|0|0|0,0|0|0.499999911|0|0|0|0
4775,4775,6,2,2,255,255,0,0,0,0.0166666675,,19,0,19,0,3,0,,0|0|0.499999911|0|0|0|0,0|0|0.499999911|0|0|0|0
4776,4776,6,2,2,255,255,0,0,0,0.0166666675,,19,0,19,0,3,0,,0|0|0.499999911|0|0|0|0,0|0|0.499999911|0|0|0|0
4777,4777,6,2,2,255,255,0,0,0,0.0166666675,,19,0,19,0,3,0,,0|0|0.499999911|0|0|0|0,0|0|0.499999911|0|0|0|0
4778,4778,6,2,2,255,255,0,0,0,0.0166666675,,19,0,19,0,3,0,,0|0|0.499999911|0|0|0|0,0|0|0.499999911|0|0|0|0
4779,4779,6,2,2,255,255,0,0,0,0.0166666675,,19,0,19,0,3,0,,0|0|0.499999911|0|0|0|0,0|0|0.499999911|0|0|0|0
4780,4780,6,2,2,255,255,0,0,0,0.0166666675,,19,0,19,0,3,0,,0|0|0.499999911|0|0|0|0,0|0|0.499999911|0|0|0|0
4781,4781,6,2,2,255,255,0,0,0,0.0166666675,,19,0,19,0,3,0,,0|0|0.499999911|0|0|0|0,0|0|0.499999911|0|0|0|0
4782,4782,6,2,2,255,255,0,0,0,0.0166666675,,19,0,19,0,3,0,,0|0|0.499999911|0|0|0|0,0|0|0.499999911|0|0|0|0
4783,4783,6,2,2,255,255,0,0,0,0.0166666675,,19,0,19,0,3,0,,0|0|0.499999911|0|0|0|0,0|0|0.499999911|0|0|0|0
4784,4784,6,2,2,255,255,0,0,0,0.0166666675,,19,0,19,0,3,0,,0|0|0.499999911|0|0|0|0,0|0|0.499999911|0|0|0|0
4785,4785,6,2,2,255,255,0,0,0,0.0166666675,,19,0,19,0,3,0,,0|0|0.499999911|0|0|0|0,0|0|0.499999911|0|0|0|0
4786,4786,6,2,2,255,255,0,0,0,0.0166666675,,19,0,19,0,3,0,,0|0|0.499999911|0|0|0|0,0|0|0.499999911|0|0|0|0
4787,4787,6,2,2,255,255,0,0,0,0.0166666675,,19,0,19,0,3,0,,0|0|0.499999911|0|0|0|0,0|0|0.499999911|0|0|0|0
4788,4788,6,2,2,255,255,0,0,0,0.0166666675,,19,0,19,0,3,0,,0|0|0.499999911|0|0|0|0,0|0|0.499999911|0|0|0|0
4789,4789,6,2,2,255,255,0,0,0,0.0166666675,,19,0,19,0,3,0,,0|0|0.499999911|0|0|0|0,0|0|0.499999911|0|0|0|0
4790,4790,6,2,2,255,255,0,0,0,0.0166666675,,19,0,19,0,3,0,,0|0|0.499999911|0|0|0|0,0|0|0.499999911|0|0|0|0
4791,4791,6,2,2,255,255,0,0,0,0.0166666675,,19,0,19,0,3,0,,0|0|0.499999911|0|0|0|0,0|0|0.499999911|0|0|0|0
4792,4792,6,2,2,255,255,0,0,0,0.0166666675,,19,0,19,0,3,0,,0|0|0.499999911|0|0|0|0,0|0|0.499999911|0|0|0|0
4793,4793,6,2,2,255,255,0,0,0,0.0166666675,,19,0,19,0,3,0,,0|0|0.499999911|0|0|0|0,0|0|0.499999911|0|0|0|0
4794,4794,6,2,2,255,255,0,0,0,0.0166666675,,19,0,19,0,3,0,,0|0|0.499999911|0|0|0|0,0|0|0.499999911|0|0|0|0
4795,4795,6,2,2,255,255,0,0,0,0.0166666675,,19,0,19,0,3,0,,0|0|0.499999911|0|0|0|0,0|0|0.499999911|0|0|0|0
4796,4796,6,2,2,255,255,0,0,0,0.0166666675,,19,0,19,0,3,0,,0|0|0.499999911|0|0|0|0,0|0|0.499999911|0|0|0|0
4797,4797,6,2,2,255,255,0,0,0,0.0166666675,,19,0,19,0,3,0,,0|0|0.499999911|0|0|0|0,0|0|0.499999911|0|0|0|0
4798,4798,6,2,2,255,255,0,0,0,0.0166666675,,19,0,19,0,3,0,,0|0|0.499999911|0|0|0|0,0|0|0.499999911|0|0|0|0
4799,4799,6,2,2,255,255,0,0,0,0.0166666675,,19,0,19,0,3,0,,0|0|0.499999911|0|0|0|0,0|0|0.499999911|0|0|0|0
4800,4800,6,2,2,255,255,0,0,0,0.0166666675,,19,0,19,0,3,0,,0|0|0.499999911|0|0|0|0,0|0|0.499999911|0|0|0|0
4801,4801,6,2,2,255,255,0,0,0,0.0166666675,,19,0,19,0,3,0,,0|0|0.499999911|0|0|0|0,0|0|0.499999911|0|0|0|0
4802,4802,6,2,2,255,255,0,0,0,0.0166666675,,19,0,19,0,3,0,,0|0|0.499999911|0|0|0|0,0|0|0.499999911|0|0|0|0
4803,4803,6,2,2,255,255,0,0,0,0.0166666675,,19,0,19,0,3,0,,0|0|0.499999911|0|0|0|0,0|0|0.499999911|0|0|0|0
4804,4804,6,2,2,255,255,0,0,0,0.0166666675,,19,0,19,0,3,0,,0|0|0.499999911|0|0|0|0,0|0|0.499999911|0|0|0|0
4805,4805,6,2,2,255,255,0,0,0,0.0166666675,,19,0,19,0,3,0,,0|0|0.499999911|0|0|0|0,0|0|0.499999911|0|0|0|0
4806,4806,6,2,2,255,255,0,0,0,0.0166666675,,19,0,19,0,3,0,,0|0|0.499999911|0|0|0|0,0|0|0.499999911|0|0|0|0
4807,4807,6,2,2,255,255,0,0,0,0.0166666675,,19,0,19,0,3,0,,0|0|0.499999911|0|0|0|0,0|0|0.499999911|0|0|0|0
4808,4808,6,2,2,255,255,0,0,0,0.0166666675,,19,0,19,0,3,0,,0|0|0.499999911|0|0|0|0,0|0|0.499999911|0|0|0|0
4809,4809,6,2,2,255,255,0,0,0,0.0166666675,,19,0,19,0,3,0,,0|0|0.499999911|0|0|0|0,0|0|0.499999911|0|0|0|0
4810,4810,6,2,2,255,255,0,0,0,0.0166666675,,19,0,19,0,3,0,,0|0|0.499999911|0|0|0|0,0|0|0.499999911|0|0|0|0
4811,4811,6,2,2,255,255,0,0,0,0.0166666675,,19,0,19,0,3,0,,0|0|0.499999911|0|0|0|0,0|0|0.499999911|0|0|0|0
4812,4812,6,2,2,255,255,0,0,0,0.0166666675,,19,0,19,0,3,0,,0|0|0.499999911|0|0|0|0,0|0|0.499999911|0|0|0|0
4813,4813,6,2,2,255,255,0,0,0,0.0166666675,,19,0,19,0,3,0,,0|0|0.499999911|0|0|0|0,0|0|0.499999911|0|0|0|0
4814,4814,6,2,2,255,255,0,0,0,0.0166666675,,19,0,19,0,3,0,,0|0|0.499999911|0|0|0|0,0|0|0.499999911|0|0|0|0
4815,4815,6,2,2,255,255,0,0,0,0.0166666675,,19,0,19,0,3,0,,0|0|0.499999911|0|0|0|0,0|0|0.499999911|0|0|0|0
4816,4816,6,2,2,255,255,0,0,0,0.0166666675,,19,0,19,0,3,0,,0|0|0.499999911|0|0|0|0,0|0|0.499999911|0|0|0|0
4817,4817,6,2,2,255,255,0,0,0,0.0166666675,,19,0,19,0,3,0,,0|0|0.499999911|0|0|0|0,0|0|0.499999911|0|0|0|0
4818,4818,6,2,2,255,255,0,0,0,0.0166666675,,19,0,19,0,3,0,,0|0|0.499999911|0|0|0|0,0|0|0.499999911|0|0|0|0
4819,4819,6,2,2,255,255,0,0,0,0.0166666675,,19,0,19,0,3,0,,0|0|0.499999911|0|0|0|0,0|0|0.499999911|0|0|0|0
4820,4820,6,2,2,255,255,0,0,0,0.0166666675,,19,0,19,0,3,0,,0|0|0.499999911|0|0|0|0,0|0|0.499999911|0|0|0|0
4821,4821,6,2,2,255,255,0,0,0,0.0166666675,,19,0,19,0,3,0,,0|0|0.499999911|0|0|0|0,0|0|0.499999911|0|0|0|0
4822,4822,6,2,2,255,255,0,0,0,0.0166666675,,19,0,19,0,3,0,,0|0|0.499999911|0|0|0|0,0|0|0.499999911|0|0|0|0
4823,4823,6,2,2,255,255,0,0,0,0.0166666675,,19,0,19,0,3,0,,0|0|0.499999911|0|0|0|0,0|0|0.499999911|0|0|0|0
4824,4824,6,2,2,255,255,0,0,0,0.0166666675,,19,0,19,0,3,0,,0|0|0.499999911|0|0|0|0,0|0|0.499999911|0|0|0|0
4825,4825,6,2,2,255,255,0,0,0,0.0166666675,,19,0,19,0,3,0,,0|0|0.499999911|0|0|0|0,0|0|0.499999911|0|0|0|0
4826,4826,6,2,2,255,255,0,0,0,0.0166666675,,19,0,19,0,3,0,,0|0|0.499999911|0|0|0|0,0|0|0.499999911|0|0|0|0
4827,4827,6,2,2,255,255,0,0,0,0.0166666675,,19,0,19,0,3,0,,0|0|0.499999911|0|0|0|0,0|0|0.499999911|0|0|0|0
4828,4828,6,2,2,255,255,0,0,0,0.0166666675,,19,0,19,0,3,0,,0|0|0.499999911|0|0|0|0,0|0|0.499999911|0|0|0|0
4829,4829,6,2,2,255,255,0,0,0,0.0166666675,,19,0,19,0,3,0,,0|0|0.499999911|0|0|0|0,0|0|0.499999911|0|0|0|0
4830,4830,6,2,2,255,255,0,0,0,0.0166666675,,19,0,19,0,3,0,,0|0|0.499999911|0|0|0|0,0|0|0.499999911|0|0|0|0
4831,4831,6,2,2,255,255,0,0,0,0.0166666675,,19,0,19,0,3,0,,0|0|0.499999911|0|0|0|0,0|0|0.499999911|0|0|0|0
4832,4832,6,2,2,255,255,0,0,0,0.0166666675,,19,0,19,0,3,0,,0|0|0.499999911|0|0|0|0,0|0|0.499999911|0|0|0|0
4833,4833,6,2,2,255,255,0,0,0,0.0166666675,,19,0,19,0,3,0,,0|0|0.499999911|0|0|0|0,0|0|0.499999911|0|0|0|0
4834,4834,6,2,2,255,255,0,0,0,0.0166666675,,19,0,19,0,3,0,,0|0|0.499999911|0|0|0|0,0|0|0.499999911|0|0|0|0
4835,4835,6,2,2,255,255,0,0,0,0.0166666675,,19,0,19,0,3,0,,0|0|0.499999911|0|0|0|0,0|0|0.499999911|0|0|0|0
4836,4836,6,2,2,255,255,0,0,0,0.0166666675,,19,0,19,0,3,0,,0|0|0.499999911|0|0|0|0,0|0|0.499999911|0|0|0|0
4837,4837,6,2,2,255,255,0,0,0,0.0166666675,,19,0,19,0,3,0,,0|0|0.499999911|0|0|0|0,0|0|0.499999911|0|0|0|0
4838,4838,6,2,2,255,255,0,0,0,0.0166666675,,19,0,19,0,3,0,,0|0|0.499999911|0|0|0|0,0|0|0.499999911|0|0|0|0
4839,4839,6,2,2,255,255,0,0,0,0.0166666675,,19,0,19,0,3,0,,0|0|0.499999911|0|0|0|0,0|0|0.499999911|0|0|0|0
4840,4840,6,2,2,255,255,0,0,0,0.0166666675,,19,0,19,0,3,0,,0|0|0.499999911|0|0|0|0,0|0|0.499999911|0|0|0|0
4841,4841,6,2,2,255,255,0,0,0,0.0166666675,,19,0,19,0,3,0,,0|0|0.499999911|0|0|0|0,0|0|0.499999911|0|0|0|0
4842,4842,6,2,2,255,255,0,0,0,0.0166666675,,19,0,19,0,3,0,,0|0|0.499999911|0|0|0|0,0|0|0.499999911|0|0|0|0
4843,4843,6,2,2,255,255,0,0,0,0.0166666675,,19,0,19,0,3,0,,0|0|0.499999911|0|0|0|0,0|0|0.499999911|0|0|0|0
4844,4844,6,2,2,255,255,0,0,0,0.0166666675,,19,0,19,0,3,0,,0|0|0.499999911|0|0|0|0,0|0|0.499999911|0|0|0|0
4845,4845,6,2,2,255,255,0,0,0,0.0166666675,,19,0,19,0,3,0,,0|0|0.499999911|0|0|0|0,0|0|0.499999911|0|0|0|0
4846,4846,6,2,2,255,255,0,0,0,0.0166666675,,19,0,19,0,3,0,,0|0|0.499999911|0|0|0|0,0|0|0.499999911|0|0|0|0
4847,4847,6,2,2,255,255,0,0,0,0.0166666675,,19,0,19,0,3,0,,0|0|0.499999911|0|0|0|0,0|0|0.499999911|0|0|0|0
4848,4848,6,2,2,255,255,0,0,0,0.0166666675,,19,0,19,0,3,0,,0|0|0.499999911|0|0|0|0,0|0|0.499999911|0|0|0|0
4849,4849,6,2,2,255,255,0,0,0,0.0166666675,,19,0,19,0,3,0,,0|0|0.499999911|0|0|0|0,0|0|0.499999911|0|0|0|0
4850,4850,6,2,2,255,255,0,0,0,0.0166666675,,19,0,19,0,3,0,,0|0|0.499999911|0|0|0|0,0|0|0.499999911|0|0|0|0
4851,4851,6,2,2,255,255,0,0,0,0.0166666675,,19,0,19,0,3,0,,0|0|0.499999911|0|0|0|0,0|0|0.499999911|0|0|0|0
4852,4852,6,2,2,255,255,0,0,0,0.0166666675,,19,0,19,0,3,0,,0|0|0.499999911|0|0|0|0,0|0|0.499999911|0|0|0|0
4853,4853,6,2,2,255,255,0,0,0,0.0166666675,,19,0,19,0,3,0,,0|0|0.499999911|0|0|0|0,0|0|0.499999911|0|0|0|0
4854,4854,6,2,2,255,255,0,0,0,0.0166666675,,19,0,19,0,3,0,,0|0|0.499999911|0|0|0|0,0|0|0.499999911|0|0|0|0
4855,4855,6,2,2,255,255,0,0,0,0.0166666675,,19,0,19,0,3,0,,0|0|0.499999911|0|0|0|0,0|0|0.499999911|0|0|0|0
4856,4856,6,2,2,255,255,0,0,0,0.0166666675,,19,0,19,0,3,0,,0|0|0.499999911|0|0|0|0,0|0|0.499999911|0|0|0|0
4857,4857,6,2,2,255,255,0,0,0,0.0166666675,,19,0,19,0,3,0,,0|0|0.499999911|0|0|0|0,0|0|0.499999911|0|0|0|0
4858,4858,6,2,2,255,255,0,0,0,0.0166666675,,19,0,19,0,3,0,,0|0|0.499999911|0|0|0|0,0|0|0.499999911|0|0|0|0
4859,4859,6,2,2,255,255,0,0,0,0.0166666675,,19,0,19,0,3,0,,0|0|0.499999911|0|0|0|0,0|0|0.499999911|0|0|0|0
4860,4860,6,2,2,255,255,0,0,0,0.0166666675,,19,0,19,0,3,0,,0|0|0.499999911|0|0|0|0,0|0|0.499999911|0|0|0|0
4861,4861,6,2,2,255,255,0,0,0,0.0166666675,,19,0,19,0,3,0,,0|0|0.499999911|0|0|0|0,0|0|0.499999911|0|0|0|0
4862,4862,6,2,2,255,255,0,0,0,0.0166666675,,19,0,19,0,3,0,,0|0|0.499999911|0|0|0|0,0|0|0.499999911|0|0|0|0
4863,4863,6,2,2,255,255,0,0,0,0.0166666675,,19,0,19,0,3,0,,0|0|0.499999911|0|0|0|0,0|0|0.499999911|0|0|0|0
4864,4864,6,2,2,255,255,0,0,0,0.0166666675,,19,0,19,0,3,0,,0|0|0.499999911|0|0|0|0,0|0|0.499999911|0|0|0|0
4865,4865,6,2,2,255,255,0,0,0,0.0166666675,,19,0,19,0,3,0,,0|0|0.499999911|0|0|0|0,0|0|0.499999911|0|0|0|0
4866,4866,6,2,2,255,255,0,0,0,0.0166666675,,19,0,19,0,3,0,,0|0|0.499999911|0|0|0|0,0|0|0.499999911|0|0|0|0
4867,4867,6,2,2,255,255,0,0,0,0.0166666675,,19,0,19,0,3,0,,0|0|0.499999911|0|0|0|0,0|0|0.499999911|0|0|0|0
4868,4868,6,2,2,255,255,0,0,0,0.0166666675,,19,0,19,0,3,0,,0|0|0.499999911|0|0|0|0,0|0|0.499999911|0|0|0|0
4869,4869,6,2,2,255,255,0,0,0,0.0166666675,,19,0,19,0,3,0,,0|0|0.499999911|0|0|0|0,0|0|0.499999911|0|0|0|0
4870,4870,6,2,2,255,255,0,0,0,0.0166666675,,19,0,19,0,3,0,,0|0|0.499999911|0|0|0|0,0|0|0.499999911|0|0|0|0
4871,4871,6,2,2,255,255,0,0,0,0.0166666675,,19,0,19,0,3,0,,0|0|0.499999911|0|0|0|0,0|0|0.499999911|0|0|0|0
4872,4872,6,2,2,255,255,0,0,0,0.0166666675,,19,0,19,0,3,0,,0|0|0.499999911|0|0|0|0,0|0|0.499999911|0|0|0|0
4873,4873,6,2,2,255,255,0,0,0,0.0166666675,,19,0,19,0,3,0,,0|0|0.499999911|0|0|0|0,0|0|0.499999911|0|0|0|0
4874,4874,6,2,2,255,255,0,0,0,0.0166666675,,19,0,19,0,3,0,,0|0|0.499999911|0|0|0|0,0|0|0.499999911|0|0|0|0
4875,4875,6,2,2,255,255,0,0,0,0.0166666675,,19,0,19,0,3,0,,0|0|0.499999911|0|0|0|0,0|0|0.499999911|0|0|0|0
4876,4876,6,2,2,255,255,0,0,0,0.0166666675,,19,0,19,0,3,0,,0|0|0.499999911|0|0|0|0,0|0|0.499999911|0|0|0|0
4877,4877,6,2,2,255,255,0,0,0,0.0166666675,,19,0,19,0,3,0,,0|0|0.499999911|0|0|0|0,0|0|0.499999911|0|0|0|0
4878,4878,6,2,2,255,255,0,0,0,0.0166666675,,19,0,19,0,3,0,,0|0|0.499999911|0|0|0|0,0|0|0.499999911|0|0|0|0
4879,4879,6,2,2,255,255,0,0,0,0.0166666675,,19,0,19,0,3,0,,0|0|0.499999911|0|0|0|0,0|0|0.499999911|0|0|0|0
4880,4880,6,2,2,255,255,0,0,0,0.0166666675,,19,0,19,0,3,0,,0|0|0.499999911|0|0|0|0,0|0|0.499999911|0|0|0|0
4881,4881,6,2,2,255,255,0,0,0,0.0166666675,,19,0,19,0,3,0,,0|0|0.499999911|0|0|0|0,0|0|0.499999911|0|0|0|0
4882,4882,6,2,2,255,255,0,0,0,0.0166666675,,19,0,19,0,3,0,,0|0|0.499999911|0|0|0|0,0|0|0.499999911|0|0|0|0
4883,4883,6,2,2,255,255,0,0,0,0.0166666675,,19,0,19,0,3,0,,0|0|0.499999911|0|0|0|0,0|0|0.499999911|0|0|0|0
4884,4884,6,2,2,255,255,0,0,0,0.0166666675,,19,0,19,0,3,0,,0|0|0.499999911|0|0|0|0,0|0|0.499999911|0|0|0|0
4885,4885,6,2,2,255,255,0,0,0,0.0166666675,,19,0,19,0,3,0,,0|0|0.499999911|0|0|0|0,0|0|0.499999911|0|0|0|0
4886,4886,6,2,2,255,255,0,0,0,0.0166666675,,19,0,19,0,3,0,,0|0|0.499999911|0|0|0|0,0|0|0.499999911|0|0|0|0
4887,4887,6,2,2,255,255,0,0,0,0.0166666675,,19,0,19,0,3,0,,0|0|0.499999911|0|0|0|0,0|0|0.499999911|0|0|0|0
4888,4888,6,2,2,255,255,0,0,0,0.0166666675,,19,0,19,0,3,0,,0|0|0.499999911|0|0|0|0,0|0|0.499999911|0|0|0|0
4889,4889,6,2,2,255,255,0,0,0,0.0166666675,,19,0,19,0,3,0,,0|0|0.499999911|0|0|0|0,0|0|0.499999911|0|0|0|0
4890,4890,6,2,2,255,255,0,0,0,0.0166666675,,19,0,19,0,3,0,,0|0|0.499999911|0|0|0|0,0|0|0.499999911|0|0|0|0
4891,4891,6,2,2,255,255,0,0,0,0.0166666675,,19,0,19,0,3,0,,0|0|0.499999911|0|0|0|0,0|0|0.499999911|0|0|0|0
4892,4892,6,2,2,255,255,0,0,0,0.0166666675,,19,0,19,0,3,0,,0|0|0.499999911|0|0|0|0,0|0|0.499999911|0|0|0|0
4893,4893,6,2,2,255,255,0,0,0,0.0166666675,,19,0,19,0,3,0,,0|0|0.499999911|0|0|0|0,0|0|0.499999911|0|0|0|0
4894,4894,6,2,2,255,255,0,0,0,0.0166666675,,19,0,19,0,3,0,,0|0|0.499999911|0|0|0|0,0|0|0.499999911|0|0|0|0
4895,4895,6,2,2,255,255,0,0,0,0.0166666675,,19,0,19,0,3,0,,0|0|0.499999911|0|0|0|0,0|0|0.499999911|0|0|0|0
4896,4896,6,2,2,255,255,0,0,0,0.0166666675,,19,0,19,0,3,0,,0|0|0.499999911|0|0|0|0,0|0|0.499999911|0|0|0|0
4897,4897,6,2,2,255,255,0,0,0,0.0166666675,,19,0,19,0,3,0,,0|0|0.499999911|0|0|0|0,0|0|0.499999911|0|0|0|0
4898,4898,6,2,2,255,255,0,0,0,0.0166666675,,19,0,19,0,3,0,,0|0|0.499999911|0|0|0|0,0|0|0.499999911|0|0|0|0
4899,4899,6,2,2,255,255,0,0,0,0.0166666675,,19,0,19,0,3,0,,0|0|0.499999911|0|0|0|0,0|0|0.499999911|0|0|0|0
4900,4900,6,2,2,255,255,0,0,0,0.0166666675,,19,0,19,0,3,0,,0|0|0.499999911|0|0|0|0,0|0|0.499999911|0|0|0|0
4901,4901,6,2,2,255,255,0,0,0,0.0166666675,,19,0,19,0,3,0,,0|0|0.499999911|0|0|0|0,0|0|0.499999911|0|0|0|0
4902,4902,6,2,2,255,255,0,0,0,0.0166666675,,19,0,19,0,3,0,,0|0|0.499999911|0|0|0|0,0|0|0.499999911|0|0|0|0
4903,4903,6,2,2,255,255,0,0,0,0.0166666675,,19,0,19,0,3,0,,0|0|0.499999911|0|0|0|0,0|0|0.499999911|0|0|0|0
4904,4904,6,2,2,255,255,0,0,0,0.0166666675,,19,0,19,0,3,0,,0|0|0.499999911|0|0|0|0,0|0|0.499999911|0|0|0|0
4905,4905,6,2,2,255,255,0,0,0,0.0166666675,,19,0,19,0,3,0,,0|0|0.499999911|0|0|0|0,0|0|0.499999911|0|0|0|0
4906,4906,6,2,2,255,255,0,0,0,0.0166666675,,19,0,19,0,3,0,,0|0|0.499999911|0|0|0|0,0|0|0.499999911|0|0|0|0
4907,4907,6,2,2,255,255,0,0,0,0.0166666675,,19,0,19,0,3,0,,0|0|0.499999911|0|0|0|0,0|0|0.499999911|0|0|0|0
4908,4908,6,2,2,255,255,0,0,0,0.0166666675,,19,0,19,0,3,0,,0|0|0.499999911|0|0|0|0,0|0|0.499999911|0|0|0|0
4909,4909,6,2,2,255,255,0,0,0,0.0166666675,,19,0,19,0,3,0,,0|0|0.499999911|0|0|0|0,0|0|0.499999911|0|0|0|0
4910,4910,6,2,2,255,255,0,0,0,0.0166666675,,19,0,19,0,3,0,,0|0|0.499999911|0|0|0|0,0|0|0.499999911|0|0|0|0
4911,4911,6,2,2,255,255,0,0,0,0.0166666675,,19,0,19,0,3,0,,0|0|0.499999911|0|0|0|0,0|0|0.499999911|0|0|0|0
4912,4912,6,2,2,255,255,0,0,0,0.0166666675,,19,0,19,0,3,0,,0|0|0.499999911|0|0|0|0,0|0|0.499999911|0|0|0|0
4913,4913,6,2,2,255,255,0,0,0,0.0166666675,,19,0,19,0,3,0,,0|0|0.499999911|0|0|0|0,0|0|0.499999911|0|0|0|0
4914,4914,6,2,2,255,255,0,0,0,0.0166666675,,19,0,19,0,3,0,,0|0|0.499999911|0|0|0|0,0|0|0.499999911|0|0|0|0
4915,4915,6,2,2,255,255,0,0,0,0.0166666675,,19,0,19,0,3,0,,0|0|0.499999911|0|0|0|0,0|0|0.499999911|0|0|0|0
4916,4916,6,2,2,255,255,0,0,0,0.0166666675,,19,0,19,0,3,0,,0|0|0.499999911|0|0|0|0,0|0|0.499999911|0|0|0|0
4917,4917,6,2,2,255,255,0,0,0,0.0166666675,,19,0,19,0,3,0,,0|0|0.499999911|0|0|0|0,0|0|0.499999911|0|0|0|0
4918,4918,6,2,2,255,255,0,0,0,0.0166666675,,19,0,19,0,3,0,,0|0|0.499999911|0|0|0|0,0|0|0.499999911|0|0|0|0
4919,4919,6,2,2,255,255,0,0,0,0.0166666675,,19,0,19,0,3,0,,0|0|0.499999911|0|0|0|0,0|0|0.499999911|0|0|0|0
4920,4920,6,2,2,255,255,0,0,0,0.0166666675,,19,0,19,0,3,0,,0|0|0.499999911|0|0|0|0,0|0|0.499999911|0|0|0|0
4921,4921,6,2,2,255,255,0,0,0,0.0166666675,,19,0,19,0,3,0,,0|0|0.499999911|0|0|0|0,0|0|0.499999911|0|0|0|0
4922,4922,6,2,2,255,255,0,0,0,0.0166666675,,19,0,19,0,3,0,,0|0|0.499999911|0|0|0|0,0|0|0.499999911|0|0|0|0
4923,4923,6,2,2,255,255,0,0,0,0.0166666675,,19,0,19,0,3,0,,0|0|0.499999911|0|0|0|0,0|0|0.499999911|0|0|0|0
4924,4924,6,2,2,255,255,0,0,0,0.0166666675,,19,0,19,0,3,0,,0|0|0.499999911|0|0|0|0,0|0|0.499999911|0|0|0|0
4925,4925,6,2,2,255,255,0,0,0,0.0166666675,,19,0,19,0,3,0,,0|0|0.499999911|0|0|0|0,0|0|0.499999911|0|0|0|0
4926,4926,6,2,2,255,255,0,0,0,0.0166666675,,19,0,19,0,3,0,,0|0|0.499999911|0|0|0|0,0|0|0.499999911|0|0|0|0
4927,4927,6,2,2,255,255,0,0,0,0.0166666675,,19,0,19,0,3,0,,0|0|0.499999911|0|0|0|0,0|0|0.499999911|0|0|0|0
4928,4928,6,2,2,255,255,0,0,0,0.0166666675,,19,0,19,0,3,0,,0|0|0.499999911|0|0|0|0,0|0|0.499999911|0|0|0|0
4929,4929,6,2,2,255,255,0,0,0,0.0166666675,,19,0,19,0,3,0,,0|0|0.499999911|0|0|0|0,0|0|0.499999911|0|0|0|0
4930,4930,6,2,2,255,255,0,0,0,0.0166666675,,19,0,19,0,3,0,,0|0|0.499999911|0|0|0|0,0|0|0.499999911|0|0|0|0
4931,4931,6,2,2,255,255,0,0,0,0.0166666675,,19,0,19,0,3,0,,0|0|0.499999911|0|0|0|0,0|0|0.499999911|0|0|0|0
4932,4932,6,2,2,255,255,0,0,0,0.0166666675,,19,0,19,0,3,0,,0|0|0.499999911|0|0|0|0,0|0|0.499999911|0|0|0|0
4933,4933,6,2,2,255,255,0,0,0,0.0166666675,,19,0,19,0,3,0,,0|0|0.499999911|0|0|0|0,0|0|0.499999911|0|0|0|0
4934,4934,6,2,2,255,255,0,0,0,0.0166666675,,19,0,19,0,3,0,,0|0|0.499999911|0|0|0|0,0|0|0.499999911|0|0|0|0
4935,4935,6,2,2,255,255,0,0,0,0.0166666675,,19,0,19,0,3,0,,0|0|0.499999911|0|0|0|0,0|0|0.499999911|0|0|0|0
4936,4936,6,2,2,255,255,0,0,0,0.0166666675,,19,0,19,0,3,0,,0|0|0.499999911|0|0|0|0,0|0|0.499999911|0|0|0|0
4937,4937,6,2,2,255,255,0,0,0,0.0166666675,,19,0,19,0,3,0,,0|0|0.499999911|0|0|0|0,0|0|0.499999911|0|0|0|0
4938,4938,6,2,2,255,255,0,0,0,0.0166666675,,19,0,19,0,3,0,,0|0|0.499999911|0|0|0|0,0|0|0.499999911|0|0|0|0
4939,4939,6,2,2,255,255,0,0,0,0.0166666675,,19,0,19,0,3,0,,0|0|0.499999911|0|0|0|0,0|0|0.499999911|0|0|0|0
4940,4940,6,2,2,255,255,0,0,0,0.0166666675,,19,0,19,0,3,0,,0|0|0.499999911|0|0|0|0,0|0|0.499999911|0|0|0|0
4941,4941,6,2,2,255,255,0,0,0,0.0166666675,,19,0,19,0,3,0,,0|0|0.499999911|0|0|0|0,0|0|0.499999911|0|0|0|0
4942,4942,6,2,2,255,255,0,0,0,0.0166666675,,19,0,19,0,3,0,,0|0|0.499999911|0|0|0|0,0|0|0.499999911|0|0|0|0
4943,4943,6,2,2,255,255,0,0,0,0.0166666675,,19,0,19,0,3,0,,0|0|0.499999911|0|0|0|0,0|0|0.499999911|0|0|0|0
4944,4944,6,2,2,255,255,0,0,0,0.0166666675,,19,0,19,0,3,0,,0|0|0.499999911|0|0|0|0,0|0|0.499999911|0|0|0|0
4945,4945,6,2,2,255,255,0,0,0,0.0166666675,,19,0,19,0,3,0,,0|0|0.499999911|0|0|0|0,0|0|0.499999911|0|0|0|0
4946,4946,6,2,2,255,255,0,0,0,0.0166666675,,19,0,19,0,3,0,,0|0|0.499999911|0|0|0|0,0|0|0.499999911|0|0|0|0
4947,4947,6,2,2,255,255,0,0,0,0.0166666675,,19,0,19,0,3,0,,0|0|0.499999911|0|0|0|0,0|0|0.499999911|0|0|0|0
4948,4948,6,2,2,255,255,0,0,0,0.0166666675,,19,0,19,0,3,0,,0|0|0.499999911|0|0|0|0,0|0|0.499999911|0|0|0|0
4949,4949,6,2,2,255,255,0,0,0,0.0166666675,,19,0,19,0,3,0,,0|0|0.499999911|0|0|0|0,0|0|0.499999911|0|0|0|0
4950,4950,6,2,2,255,255,0,0,0,0.0166666675,,19,0,19,0,3,0,,0|0|0.499999911|0|0|0|0,0|0|0.499999911|0|0|0|0
4951,4951,6,2,2,255,255,0,0,0,0.0166666675,,19,0,19,0,3,0,,0|0|0.499999911|0|0|0|0,0|0|0.499999911|0|0|0|0
4952,4952,6,2,2,255,255,0,0,0,0.0166666675,,19,0,19,0,3,0,,0|0|0.499999911|0|0|0|0,0|0|0.499999911|0|0|0|0
4953,4953,6,2,2,255,255,0,0,0,0.0166666675,,19,0,19,0,3,0,,0|0|0.499999911|0|0|0|0,0|0|0.499999911|0|0|0|0
4954,4954,6,2,2,255,255,0,0,0,0.0166666675,,19,0,19,0,3,0,,0|0|0.499999911|0|0|0|0,0|0|0.499999911|0|0|0|0
4955,4955,6,2,2,255,255,0,0,0,0.0166666675,,19,0,19,0,3,0,,0|0|0.499999911|0|0|0|0,0|0|0.499999911|0|0|0|0
4956,4956,6,2,2,255,255,0,0,0,0.0166666675,,19,0,19,0,3,0,,0|0|0.499999911|0|0|0|0,0|0|0.499999911|0|0|0|0
4957,4957,6,2,2,255,255,0,0,0,0.0166666675,,19,0,19,0,3,0,,0|0|0.499999911|0|0|0|0,0|0|0.499999911|0|0|0|0
4958,4958,6,2,2,255,255,0,0,0,0.0166666675,,19,0,19,0,3,0,,0|0|0.499999911|0|0|0|0,0|0|0.499999911|0|0|0|0
4959,4959,6,2,2,255,255,0,0,0,0.0166666675,,19,0,19,0,3,0,,0|0|0.499999911|0|0|0|0,0|0|0.499999911|0|0|0|0
4960,4960,6,2,2,255,255,0,0,0,0.0166666675,,19,0,19,0,3,0,,0|0|0.499999911|0|0|0|0,0|0|0.499999911|0|0|0|0
4961,4961,6,2,2,255,255,0,0,0,0.0166666675,,19,0,19,0,3,0,,0|0|0.499999911|0|0|0|0,0|0|0.499999911|0|0|0|0
4962,4962,6,2,2,255,255,0,0,0,0.0166666675,,19,0,19,0,3,0,,0|0|0.499999911|0|0|0|0,0|0|0.499999911|0|0|0|0
4963,4963,6,2,2,255,255,0,0,0,0.0166666675,,19,0,19,0,3,0,,0|0|0.499999911|0|0|0|0,0|0|0.499999911|0|0|0|0
4964,4964,6,2,2,255,255,0,0,0,0.0166666675,,19,0,19,0,3,0,,0|0|0.499999911|0|0|0|0,0|0|0.499999911|0|0|0|0
4965,4965,6,2,2,255,255,0,0,0,0.0166666675,,19,0,19,0,3,0,,0|0|0.499999911|0|0|0|0,0|0|0.499999911|0|0|0|0
4966,4966,6,2,2,255,255,0,0,0,0.0166666675,,19,0,19,0,3,0,,0|0|0.499999911|0|0|0|0,0|0|0.499999911|0|0|0|0
4967,4967,6,2,2,255,255,0,0,0,0.0166666675,,19,0,19,0,3,0,,0|0|0.499999911|0|0|0|0,0|0|0.499999911|0|0|0|0
4968,4968,6,2,2,255,255,0,0,0,0.0166666675,,19,0,19,0,3,0,,0|0|0.499999911|0|0|0|0,0|0|0.499999911|0|0|0|0
4969,4969,6,2,2,255,255,0,0,0,0.0166666675,,19,0,19,0,3,0,,0|0|0.499999911|0|0|0|0,0|0|0.499999911|0|0|0|0
4970,4970,6,2,2,255,255,0,0,0,0.0166666675,,19,0,19,0,3,0,,0|0|0.499999911|0|0|0|0,0|0|0.499999911|0|0|0|0
4971,4971,6,2,2,255,255,0,0,0,0.0166666675,,19,0,19,0,3,0,,0|0|0.499999911|0|0|0|0,0|0|0.499999911|0|0|0|0
4972,4972,6,2,2,255,255,0,0,0,0.0166666675,,19,0,19,0,3,0,,0|0|0.499999911|0|0|0|0,0|0|0.499999911|0|0|0|0
4973,4973,6,2,2,255,255,0,0,0,0.0166666675,,19,0,19,0,3,0,,0|0|0.499999911|0|0|0|0,0|0|0.499999911|0|0|0|0
4974,4974,6,2,2,255,255,0,0,0,0.0166666675,,19,0,19,0,3,0,,0|0|0.499999911|0|0|0|0,0|0|0.499999911|0|0|0|0
4975,4975,6,2,2,255,255,0,0,0,0.0166666675,,19,0,19,0,3,0,,0|0|0.499999911|0|0|0|0,0|0|0.499999911|0|0|0|0
4976,4976,6,2,2,255,255,0,0,0,0.0166666675,,19,0,19,0,3,0,,0|0|0.499999911|0|0|0|0,0|0|0.499999911|0|0|0|0
4977,4977,6,2,2,255,255,0,0,0,0.0166666675,,19,0,19,0,3,0,,0|0|0.499999911|0|0|0|0,0|0|0.499999911|0|0|0|0
4978,4978,6,2,2,255,255,0,0,0,0.0166666675,,19,0,19,0,3,0,,0|0|0.499999911|0|0|0|0,0|0|0.499999911|0|0|0|0
4979,4979,6,2,2,255,255,0,0,0,0.0166666675,,19,0,19,0,3,0,,0|0|0.499999911|0|0|0|0,0|0|0.499999911|0|0|0|0
4980,4980,6,2,2,255,255,0,0,0,0.0166666675,,19,0,19,0,3,0,,0|0|0.499999911|0|0|0|0,0|0|0.499999911|0|0|0|0
4981,4981,6,2,2,255,255,0,0,0,0.0166666675,,19,0,19,0,3,0,,0|0|0.499999911|0|0|0|0,0|0|0.499999911|0|0|0|0
4982,4982,6,2,2,255,255,0,0,0,0.0166666675,,19,0,19,0,3,0,,0|0|0.499999911|0|0|0|0,0|0|0.499999911|0|0|0|0
4983,4983,6,2,2,255,255,0,0,0,0.0166666675,,19,0,19,0,3,0,,0|0|0.499999911|0|0|0|0,0|0|0.499999911|0|0|0|0
4984,4984,6,2,2,255,255,0,0,0,0.0166666675,,19,0,19,0,3,0,,0|0|0.499999911|0|0|0|0,0|0|0.499999911|0|0|0|0
4985,4985,6,2,2,255,255,0,0,0,0.0166666675,,19,0,19,0,3,0,,0|0|0.499999911|0|0|0|0,0|0|0.499999911|0|0|0|0
4986,4986,6,2,2,255,255,0,0,0,0.0166666675,,19,0,19,0,3,0,,0|0|0.499999911|0|0|0|0,0|0|0.499999911|0|0|0|0
4987,4987,6,2,2,255,255,0,0,0,0.0166666675,,19,0,19,0,3,0,,0|0|0.499999911|0|0|0|0,0|0|0.499999911|0|0|0|0
4988,4988,6,2,2,255,255,0,0,0,0.0166666675,,19,0,19,0,3,0,,0|0|0.499999911|0|0|0|0,0|0|0.499999911|0|0|0|0
4989,4989,6,2,2,255,255,0,0,0,0.0166666675,,19,0,19,0,3,0,,0|0|0.499999911|0|0|0|0,0|0|0.499999911|0|0|0|0
4990,4990,6,2,2,255,255,0,0,0,0.0166666675,,19,0,19,0,3,0,,0|0|0.499999911|0|0|0|0,0|0|0.499999911|0|0|0|0
4991,4991,6,2,2,255,255,0,0,0,0.0166666675,,19,0,19,0,3,0,,0|0|0.499999911|0|0|0|0,0|0|0.499999911|0|0|0|0
4992,4992,6,2,2,255,255,0,0,0,0.0166666675,,19,0,19,0,3,0,,0|0|0.499999911|0|0|0|0,0|0|0.499999911|0|0|0|0
4993,4993,6,2,2,255,255,0,0,0,0.0166666675,,19,0,19,0,3,0,,0|0|0.499999911|0|0|0|0,0|0|0.499999911|0|0|0|0
4994,4994,6,2,2,255,255,0,0,0,0.0166666675,,19,0,19,0,3,0,,0|0|0.499999911|0|0|0|0,0|0|0.499999911|0|0|0|0
4995,4995,6,2,2,255,255,0,0,0,0.0166666675,,19,0,19,0,3,0,,0|0|0.499999911|0|0|0|0,0|0|0.499999911|0|0|0|0
4996,4996,6,2,2,255,255,0,0,0,0.0166666675,,19,0,19,0,3,0,,0|0|0.499999911|0|0|0|0,0|0|0.499999911|0|0|0|0
4997,4997,6,2,2,255,255,0,0,0,0.0166666675,,19,0,19,0,3,0,,0|0|0.499999911|0|0|0|0,0|0|0.499999911|0|0|0|0
4998,4998,6,2,2,255,255,0,0,0,0.0166666675,,19,0,19,0,3,0,,0|0|0.499999911|0|0|0|0,0|0|0.499999911|0|0|0|0
4999,4999,6,2,2,255,255,0,0,0,0.0166666675,,19,0,19,0,3,0,,0|0|0.499999911|0|0|0|0,0|0|0.499999911|0|0|0|0
5000,5000,6,2,2,255,255,0,0,0,0.0166666675,,19,0,19,0,3,0,,0|0|0.499999911|0|0|0|0,0|0|0.499999911|0|0|0|0
5001,5001,6,2,2,255,255,0,0,0,0.0166666675,,19,0,19,0,3,0,,0|0|0.499999911|0|0|0|0,0|0|0.499999911|0|0|0|0
5002,5002,6,2,2,255,255,0,0,0,0.0166666675,,19,0,19,0,3,0,,0|0|0.499999911|0|0|0|0,0|0|0.499999911|0|0|0|0
5003,5003,6,2,2,255,255,0,0,0,0.0166666675,,19,0,19,0,3,0,,0|0|0.499999911|0|0|0|0,0|0|0.499999911|0|0|0|0
5004,5004,6,2,2,255,255,0,0,0,0.0166666675,,19,0,19,0,3,0,,0|0|0.499999911|0|0|0|0,0|0|0.499999911|0|0|0|0
5005,5005,6,2,2,255,255,0,0,0,0.0166666675,,19,0,19,0,3,0,,0|0|0.499999911|0|0|0|0,0|0|0.499999911|0|0|0|0
5006,5006,6,2,2,255,255,0,0,0,0.0166666675,,19,0,19,0,3,0,,0|0|0.499999911|0|0|0|0,0|0|0.499999911|0|0|0|0
5007,5007,6,2,2,255,255,0,0,0,0.0166666675,,19,0,19,0,3,0,,0|0|0.499999911|0|0|0|0,0|0|0.499999911|0|0|0|0
5008,5008,6,2,2,255,255,0,0,0,0.0166666675,,19,0,19,0,3,0,,0|0|0.499999911|0|0|0|0,0|0|0.499999911|0|0|0|0
5009,5009,6,2,2,255,255,0,0,0,0.0166666675,,19,0,19,0,3,0,,0|0|0.499999911|0|0|0|0,0|0|0.499999911|0|0|0|0
5010,5010,6,2,2,255,255,0,0,0,0.0166666675,,19,0,19,0,3,0,,0|0|0.499999911|0|0|0|0,0|0|0.499999911|0|0|0|0
5011,5011,6,2,2,255,255,0,0,0,0.0166666675,,19,0,19,0,3,0,,0|0|0.499999911|0|0|0|0,0|0|0.499999911|0|0|0|0
5012,5012,6,2,2,255,255,0,0,0,0.0166666675,,19,0,19,0,3,0,,0|0|0.499999911|0|0|0|0,0|0|0.499999911|0|0|0|0
5013,5013,6,2,2,255,255,0,0,0,0.0166666675,,19,0,19,0,3,0,,0|0|0.499999911|0|0|0|0,0|0|0.499999911|0|0|0|0
5014,5014,6,2,2,255,255,0,0,0,0.0166666675,,19,0,19,0,3,0,,0|0|0.499999911|0|0|0|0,0|0|0.499999911|0|0|0|0
5015,5015,6,2,2,255,255,0,0,0,0.0166666675,,19,0,19,0,3,0,,0|0|0.499999911|0|0|0|0,0|0|0.499999911|0|0|0|0
5016,5016,6,2,2,255,255,0,0,0,0.0166666675,,19,0,19,0,3,0,,0|0|0.499999911|0|0|0|0,0|0|0.499999911|0|0|0|0
5017,5017,6,2,2,255,255,0,0,0,0.0166666675,,19,0,19,0,3,0,,0|0|0.499999911|0|0|0|0,0|0|0.499999911|0|0|0|0
5018,5018,6,2,2,255,255,0,0,0,0.0166666675,,19,0,19,0,3,0,,0|0|0.499999911|0|0|0|0,0|0|0.499999911|0|0|0|0
5019,5019,6,2,2,255,255,0,0,0,0.0166666675,,19,0,19,0,3,0,,0|0|0.499999911|0|0|0|0,0|0|0.499999911|0|0|0|0
5020,5020,6,2,2,255,255,0,0,0,0.0166666675,,19,0,19,0,3,0,,0|0|0.499999911|0|0|0|0,0|0|0.499999911|0|0|0|0
5021,5021,6,2,2,255,255,0,0,0,0.0166666675,,19,0,19,0,3,0,,0|0|0.499999911|0|0|0|0,0|0|0.499999911|0|0|0|0
5022,5022,6,2,2,255,255,0,0,0,0.0166666675,,19,0,19,0,3,0,,0|0|0.499999911|0|0|0|0,0|0|0.499999911|0|0|0|0
5023,5023,6,2,2,255,255,0,0,0,0.0166666675,,19,0,19,0,3,0,,0|0|0.499999911|0|0|0|0,0|0|0.499999911|0|0|0|0
5024,5024,6,2,2,255,255,0,0,0,0.0166666675,,19,0,19,0,3,0,,0|0|0.499999911|0|0|0|0,0|0|0.499999911|0|0|0|0
5025,5025,6,2,2,255,255,0,0,0,0.0166666675,,19,0,19,0,3,0,,0|0|0.499999911|0|0|0|0,0|0|0.499999911|0|0|0|0
5026,5026,6,2,2,255,255,0,0,0,0.0166666675,,19,0,19,0,3,0,,0|0|0.499999911|0|0|0|0,0|0|0.499999911|0|0|0|0
5027,5027,6,2,2,255,255,0,0,0,0.0166666675,,19,0,19,0,3,0,,0|0|0.499999911|0|0|0|0,0|0|0.499999911|0|0|0|0
5028,5028,6,2,2,255,255,0,0,0,0.0166666675,,19,0,19,0,3,0,,0|0|0.499999911|0|0|0|0,0|0|0.499999911|0|0|0|0
5029,5029,6,2,2,255,255,0,0,0,0.0166666675,,19,0,19,0,3,0,,0|0|0.499999911|0|0|0|0,0|0|0.499999911|0|0|0|0
5030,5030,6,2,2,255,255,0,0,0,0.0166666675,,19,0,19,0,3,0,,0|0|0.499999911|0|0|0|0,0|0|0.499999911|0|0|0|0
5031,5031,6,2,2,255,255,0,0,0,0.0166666675,,19,0,19,0,3,0,,0|0|0.499999911|0|0|0|0,0|0|0.499999911|0|0|0|0
5032,5032,6,2,2,255,255,0,0,0,0.0166666675,,19,0,19,0,3,0,,0|0|0.499999911|0|0|0|0,0|0|0.499999911|0|0|0|0
5033,5033,6,2,2,255,255,0,0,0,0.0166666675,,19,0,19,0,3,0,,0|0|0.499999911|0|0|0|0,0|0|0.499999911|0|0|0|0
5034,5034,6,2,2,255,255,0,0,0,0.0166666675,,19,0,19,0,3,0,,0|0|0.499999911|0|0|0|0,0|0|0.499999911|0|0|0|0
5035,5035,6,2,2,255,255,0,0,0,0.0166666675,,19,0,19,0,3,0,,0|0|0.499999911|0|0|0|0,0|0|0.499999911|0|0|0|0
5036,5036,6,2,2,255,255,0,0,0,0.0166666675,,19,0,19,0,3,0,,0|0|0.499999911|0|0|0|0,0|0|0.499999911|0|0|0|0
5037,5037,6,2,2,255,255,0,0,0,0.0166666675,,19,0,19,0,3,0,,0|0|0.499999911|0|0|0|0,0|0|0.499999911|0|0|0|0
5038,5038,6,2,2,255,255,0,0,0,0.0166666675,,19,0,19,0,3,0,,0|0|0.499999911|0|0|0|0,0|0|0.499999911|0|0|0|0
5039,5039,6,2,2,255,255,0,0,0,0.0166666675,,19,0,19,0,3,0,,0|0|0.499999911|0|0|0|0,0|0|0.499999911|0|0|0|0
5040,5040,6,2,2,255,255,0,0,0,0.0166666675,,19,0,19,0,3,0,,0|0|0.499999911|0|0|0|0,0|0|0.499999911|0|0|0|0
5041,5041,6,2,2,255,255,0,0,0,0.0166666675,,19,0,19,0,3,0,,0|0|0.499999911|0|0|0|0,0|0|0.499999911|0|0|0|0
5042,5042,6,2,2,255,255,0,0,0,0.0166666675,,19,0,19,0,3,0,,0|0|0.499999911|0|0|0|0,0|0|0.499999911|0|0|0|0
5043,5043,6,2,2,255,255,0,0,0,0.0166666675,,19,0,19,0,3,0,,0|0|0.499999911|0|0|0|0,0|0|0.499999911|0|0|0|0
5044,5044,6,2,2,255,255,0,0,0,0.0166666675,,19,0,19,0,3,0,,0|0|0.499999911|0|0|0|0,0|0|0.499999911|0|0|0|0
5045,5045,6,2,2,255,255,0,0,0,0.0166666675,,19,0,19,0,3,0,,0|0|0.499999911|0|0|0|0,0|0|0.499999911|0|0|0|0
5046,5046,6,2,2,255,255,0,0,0,0.0166666675,,19,0,19,0,3,0,,0|0|0.499999911|0|0|0|0,0|0|0.499999911|0|0|0|0
5047,5047,6,2,2,255,255,0,0,0,0.0166666675,,19,0,19,0,3,0,,0|0|0.499999911|0|0|0|0,0|0|0.499999911|0|0|0|0
5048,5048,6,2,2,255,255,0,0,0,0.0166666675,,19,0,19,0,3,0,,0|0|0.499999911|0|0|0|0,0|0|0.499999911|0|0|0|0
5049,5049,6,2,2,255,255,0,0,0,0.0166666675,,19,0,19,0,3,0,,0|0|0.499999911|0|0|0|0,0|0|0.499999911|0|0|0|0
5050,5050,6,2,2,255,255,0,0,0,0.0166666675,,19,0,19,0,3,0,,0|0|0.499999911|0|0|0|0,0|0|0.499999911|0|0|0|0
5051,5051,6,2,2,255,255,0,0,0,0.0166666675,,19,0,19,0,3,0,,0|0|0.499999911|0|0|0|0,0|0|0.499999911|0|0|0|0
5052,5052,6,2,2,255,255,0,0,0,0.0166666675,,19,0,19,0,3,0,,0|0|0.499999911|0|0|0|0,0|0|0.499999911|0|0|0|0
5053,5053,6,2,2,255,255,0,0,0,0.0166666675,,19,0,19,0,3,0,,0|0|0.499999911|0|0|0|0,0|0|0.499999911|0|0|0|0
5054,5054,6,2,2,255,255,0,0,0,0.0166666675,,19,0,19,0,3,0,,0|0|0.499999911|0|0|0|0,0|0|0.499999911|0|0|0|0
5055,5055,6,2,2,255,255,0,0,0,0.0166666675,,19,0,19,0,3,0,,0|0|0.499999911|0|0|0|0,0|0|0.499999911|0|0|0|0
5056,5056,6,2,2,255,255,0,0,0,0.0166666675,,19,0,19,0,3,0,,0|0|0.499999911|0|0|0|0,0|0|0.499999911|0|0|0|0
5057,5057,6,2,2,255,255,0,0,0,0.0166666675,,19,0,19,0,3,0,,0|0|0.499999911|0|0|0|0,0|0|0.499999911|0|0|0|0
5058,5058,6,2,2,255,255,0,0,0,0.0166666675,,19,0,19,0,3,0,,0|0|0.499999911|0|0|0|0,0|0|0.499999911|0|0|0|0
5059,5059,6,2,2,255,255,0,0,0,0.0166666675,,19,0,19,0,3,0,,0|0|0.499999911|0|0|0|0,0|0|0.499999911|0|0|0|0
5060,5060,6,2,2,255,255,0,0,0,0.0166666675,,19,0,19,0,3,0,,0|0|0.499999911|0|0|0|0,0|0|0.499999911|0|0|0|0
5061,5061,6,2,2,255,255,0,0,0,0.0166666675,,19,0,19,0,3,0,,0|0|0.499999911|0|0|0|0,0|0|0.499999911|0|0|0|0
5062,5062,6,2,2,255,255,0,0,0,0.0166666675,,19,0,19,0,3,0,,0|0|0.499999911|0|0|0|0,0|0|0.499999911|0|0|0|0
5063,5063,6,2,2,255,255,0,0,0,0.0166666675,,19,0,19,0,3,0,,0|0|0.499999911|0|0|0|0,0|0|0.499999911|0|0|0|0
5064,5064,6,2,2,255,255,0,0,0,0.0166666675,,19,0,19,0,3,0,,0|0|0.499999911|0|0|0|0,0|0|0.499999911|0|0|0|0
5065,5065,6,2,2,255,255,0,0,0,0.0166666675,,19,0,19,0,3,0,,0|0|0.499999911|0|0|0|0,0|0|0.499999911|0|0|0|0
5066,5066,6,2,2,255,255,0,0,0,0.0166666675,,19,0,19,0,3,0,,0|0|0.499999911|0|0|0|0,0|0|0.499999911|0|0|0|0
5067,5067,6,2,2,255,255,0,0,0,0.0166666675,,19,0,19,0,3,0,,0|0|0.499999911|0|0|0|0,0|0|0.499999911|0|0|0|0
5068,5068,6,2,2,255,255,0,0,0,0.0166666675,,19,0,19,0,3,0,,0|0|0.499999911|0|0|0|0,0|0|0.499999911|0|0|0|0
5069,5069,6,2,2,255,255,0,0,0,0.0166666675,,19,0,19,0,3,0,,0|0|0.499999911|0|0|0|0,0|0|0.499999911|0|0|0|0
5070,5070,6,2,2,255,255,0,0,0,0.0166666675,,19,0,19,0,3,0,,0|0|0.499999911|0|0|0|0,0|0|0.499999911|0|0|0|0
5071,5071,6,2,2,255,255,0,0,0,0.0166666675,,19,0,19,0,3,0,,0|0|0.499999911|0|0|0|0,0|0|0.499999911|0|0|0|0
5072,5072,6,2,2,255,255,0,0,0,0.0166666675,,19,0,19,0,3,0,,0|0|0.499999911|0|0|0|0,0|0|0.499999911|0|0|0|0
5073,5073,6,2,2,255,255,0,0,0,0.0166666675,,19,0,19,0,3,0,,0|0|0.499999911|0|0|0|0,0|0|0.499999911|0|0|0|0
5074,5074,6,2,2,255,255,0,0,0,0.0166666675,,19,0,19,0,3,0,,0|0|0.499999911|0|0|0|0,0|0|0.499999911|0|0|0|0
5075,5075,6,2,2,255,255,0,0,0,0.0166666675,,19,0,19,0,3,0,,0|0|0.499999911|0|0|0|0,0|0|0.499999911|0|0|0|0
5076,5076,6,2,2,255,255,0,0,0,0.0166666675,,19,0,19,0,3,0,,0|0|0.499999911|0|0|0|0,0|0|0.499999911|0|0|0|0
5077,5077,6,2,2,255,255,0,0,0,0.0166666675,,19,0,19,0,3,0,,0|0|0.499999911|0|0|0|0,0|0|0.499999911|0|0|0|0
5078,5078,6,2,2,255,255,0,0,0,0.0166666675,,19,0,19,0,3,0,,0|0|0.499999911|0|0|0|0,0|0|0.499999911|0|0|0|0
5079,5079,6,2,2,255,255,0,0,0,0.0166666675,,19,0,19,0,3,0,,0|0|0.499999911|0|0|0|0,0|0|0.499999911|0|0|0|0
5080,5080,6,2,2,255,255,0,0,0,0.0166666675,,19,0,19,0,3,0,,0|0|0.499999911|0|0|0|0,0|0|0.499999911|0|0|0|0
5081,5081,6,2,2,255,255,0,0,0,0.0166666675,,19,0,19,0,3,0,,0|0|0.499999911|0|0|0|0,0|0|0.499999911|0|0|0|0
5082,5082,6,2,2,255,255,0,0,0,0.0166666675,,19,0,19,0,3,0,,0|0|0.499999911|0|0|0|0,0|0|0.499999911|0|0|0|0
5083,5083,6,2,2,255,255,0,0,0,0.0166666675,,19,0,19,0,3,0,,0|0|0.499999911|0|0|0|0,0|0|0.499999911|0|0|0|0
5084,5084,6,2,2,255,255,0,0,0,0.0166666675,,19,0,19,0,3,0,,0|0|0.499999911|0|0|0|0,0|0|0.499999911|0|0|0|0
5085,5085,6,2,2,255,255,0,0,0,0.0166666675,,19,0,19,0,3,0,,0|0|0.499999911|0|0|0|0,0|0|0.499999911|0|0|0|0
5086,5086,6,2,2,255,255,0,0,0,0.0166666675,,19,0,19,0,3,0,,0|0|0.499999911|0|0|0|0,0|0|0.499999911|0|0|0|0
5087,5087,6,2,2,255,255,0,0,0,0.0166666675,,19,0,19,0,3,0,,0|0|0.499999911|0|0|0|0,0|0|0.499999911|0|0|0|0
5088,5088,6,2,2,255,255,0,0,0,0.0166666675,,19,0,19,0,3,0,,0|0|0.499999911|0|0|0|0,0|0|0.499999911|0|0|0|0
5089,5089,6,2,2,255,255,0,0,0,0.0166666675,,19,0,19,0,3,0,,0|0|0.499999911|0|0|0|0,0|0|0.499999911|0|0|0|0
5090,5090,6,2,2,255,255,0,0,0,0.0166666675,,19,0,19,0,3,0,,0|0|0.499999911|0|0|0|0,0|0|0.499999911|0|0|0|0
5091,5091,6,2,2,255,255,0,0,0,0.0166666675,,19,0,19,0,3,0,,0|0|0.499999911|0|0|0|0,0|0|0.499999911|0|0|0|0
5092,5092,6,2,2,255,255,0,0,0,0.0166666675,,19,0,19,0,3,0,,0|0|0.499999911|0|0|0|0,0|0|0.499999911|0|0|0|0
5093,5093,6,2,2,255,255,0,0,0,0.0166666675,,19,0,19,0,3,0,,0|0|0.499999911|0|0|0|0,0|0|0.499999911|0|0|0|0
5094,5094,6,2,2,255,255,0,0,0,0.0166666675,,19,0,19,0,3,0,,0|0|0.499999911|0|0|0|0,0|0|0.499999911|0|0|0|0
5095,5095,6,2,2,255,255,0,0,0,0.0166666675,,19,0,19,0,3,0,,0|0|0.499999911|0|0|0|0,0|0|0.499999911|0|0|0|0
5096,5096,6,2,2,255,255,0,0,0,0.0166666675,,19,0,19,0,3,0,,0|0|0.499999911|0|0|0|0,0|0|0.499999911|0|0|0|0
5097,5097,6,2,2,255,255,0,0,0,0.0166666675,,19,0,19,0,3,0,,0|0|0.499999911|0|0|0|0,0|0|0.499999911|0|0|0|0
5098,5098,6,2,2,255,255,0,0,0,0.0166666675,,19,0,19,0,3,0,,0|0|0.499999911|0|0|0|0,0|0|0.499999911|0|0|0|0
5099,5099,6,2,2,255,255,0,0,0,0.0166666675,,19,0,19,0,3,0,,0|0|0.499999911|0|0|0|0,0|0|0.499999911|0|0|0|0
5100,5100,6,2,2,255,255,0,0,0,0.0166666675,,19,0,19,0,3,0,,0|0|0.499999911|0|0|0|0,0|0|0.499999911|0|0|0|0
5101,5101,6,2,2,255,255,0,0,0,0.0166666675,,19,0,19,0,3,0,,0|0|0.499999911|0|0|0|0,0|0|0.499999911|0|0|0|0
5102,5102,6,2,2,255,255,0,0,0,0.0166666675,,19,0,19,0,3,0,,0|0|0.499999911|0|0|0|0,0|0|0.499999911|0|0|0|0
5103,5103,6,2,2,255,255,0,0,0,0.0166666675,,19,0,19,0,3,0,,0|0|0.499999911|0|0|0|0,0|0|0.499999911|0|0|0|0
5104,5104,6,2,2,255,255,0,0,0,0.0166666675,,19,0,19,0,3,0,,0|0|0.499999911|0|0|0|0,0|0|0.499999911|0|0|0|0
5105,5105,6,2,2,255,255,0,0,0,0.0166666675,,19,0,19,0,3,0,,0|0|0.499999911|0|0|0|0,0|0|0.499999911|0|0|0|0
5106,5106,6,2,2,255,255,0,0,0,0.0166666675,,19,0,19,0,3,0,,0|0|0.499999911|0|0|0|0,0|0|0.499999911|0|0|0|0
5107,5107,6,2,2,255,255,0,0,0,0.0166666675,,19,0,19,0,3,0,,0|0|0.499999911|0|0|0|0,0|0|0.499999911|0|0|0|0
5108,5108,6,2,2,255,255,0,0,0,0.0166666675,,19,0,19,0,3,0,,0|0|0.499999911|0|0|0|0,0|0|0.499999911|0|0|0|0
5109,5109,6,2,2,255,255,0,0,0,0.0166666675,,19,0,19,0,3,0,,0|0|0.499999911|0|0|0|0,0|0|0.499999911|0|0|0|0
5110,5110,6,2,2,255,255,0,0,0,0.0166666675,,19,0,19,0,3,0,,0|0|0.499999911|0|0|0|0,0|0|0.499999911|0|0|0|0
5111,5111,6,2,2,255,255,0,0,0,0.0166666675,,19,0,19,0,3,0,,0|0|0.499999911|0|0|0|0,0|0|0.499999911|0|0|0|0
5112,5112,6,2,2,255,255,0,0,0,0.0166666675,,19,0,19,0,3,0,,0|0|0.499999911|0|0|0|0,0|0|0.499999911|0|0|0|0
5113,5113,6,2,2,255,255,0,0,0,0.0166666675,,19,0,19,0,3,0,,0|0|0.499999911|0|0|0|0,0|0|0.499999911|0|0|0|0
5114,5114,6,2,2,255,255,0,0,0,0.0166666675,,19,0,19,0,3,0,,0|0|0.499999911|0|0|0|0,0|0|0.499999911|0|0|0|0
5115,5115,6,2,2,255,255,0,0,0,0.0166666675,,19,0,19,0,3,0,,0|0|0.499999911|0|0|0|0,0|0|0.499999911|0|0|0|0
5116,5116,6,2,2,255,255,0,0,0,0.0166666675,,19,0,19,0,3,0,,0|0|0.499999911|0|0|0|0,0|0|0.499999911|0|0|0|0
5117,5117,6,2,2,255,255,0,0,0,0.0166666675,,19,0,19,0,3,0,,0|0|0.499999911|0|0|0|0,0|0|0.499999911|0|0|0|0
5118,5118,6,2,2,255,255,0,0,0,0.0166666675,,19,0,19,0,3,0,,0|0|0.499999911|0|0|0|0,0|0|0.499999911|0|0|0|0
5119,5119,6,2,2,255,255,0,0,0,0.0166666675,,19,0,19,0,3,0,,0|0|0.499999911|0|0|0|0,0|0|0.499999911|0|0|0|0
5120,5120,6,2,2,255,255,0,0,0,0.0166666675,,19,0,19,0,3,0,,0|0|0.499999911|0|0|0|0,0|0|0.499999911|0|0|0|0
5121,5121,6,2,2,255,255,0,0,0,0.0166666675,,19,0,19,0,3,0,,0|0|0.499999911|0|0|0|0,0|0|0.499999911|0|0|0|0
5122,5122,6,2,2,255,255,0,0,0,0.0166666675,,19,0,19,0,3,0,,0|0|0.499999911|0|0|0|0,0|0|0.499999911|0|0|0|0
5123,5123,6,2,2,255,255,0,0,0,0.0166666675,,19,0,19,0,3,0,,0|0|0.499999911|0|0|0|0,0|0|0.499999911|0|0|0|0
5124,5124,6,2,2,255,255,0,0,0,0.0166666675,,19,0,19,0,3,0,,0|0|0.499999911|0|0|0|0,0|0|0.499999911|0|0|0|0
5125,5125,6,2,2,255,255,0,0,0,0.0166666675,,19,0,19,0,3,0,,0|0|0.499999911|0|0|0|0,0|0|0.499999911|0|0|0|0
5126,5126,6,2,2,255,255,0,0,0,0.0166666675,,19,0,19,0,3,0,,0|0|0.499999911|0|0|0|0,0|0|0.499999911|0|0|0|0
5127,5127,6,2,2,255,255,0,0,0,0.0166666675,,19,0,19,0,3,0,,0|0|0.499999911|0|0|0|0,0|0|0.499999911|0|0|0|0
5128,5128,6,2,2,255,255,0,0,0,0.0166666675,,19,0,19,0,3,0,,0|0|0.499999911|0|0|0|0,0|0|0.499999911|0|0|0|0
5129,5129,6,2,2,255,255,0,0,0,0.0166666675,,19,0,19,0,3,0,,0|0|0.499999911|0|0|0|0,0|0|0.499999911|0|0|0|0
5130,5130,6,2,2,255,255,0,0,0,0.0166666675,,19,0,19,0,3,0,,0|0|0.499999911|0|0|0|0,0|0|0.499999911|0|0|0|0
5131,5131,6,2,2,255,255,0,0,0,0.0166666675,,19,0,19,0,3,0,,0|0|0.499999911|0|0|0|0,0|0|0.499999911|0|0|0|0
5132,5132,6,2,2,255,255,0,0,0,0.0166666675,,19,0,19,0,3,0,,0|0|0.499999911|0|0|0|0,0|0|0.499999911|0|0|0|0
5133,5133,6,2,2,255,255,0,0,0,0.0166666675,,19,0,19,0,3,0,,0|0|0.499999911|0|0|0|0,0|0|0.499999911|0|0|0|0
5134,5134,6,2,2,255,255,0,0,0,0.0166666675,,19,0,19,0,3,0,,0|0|0.499999911|0|0|0|0,0|0|0.499999911|0|0|0|0
5135,5135,6,2,2,255,255,0,0,0,0.0166666675,,19,0,19,0,3,0,,0|0|0.499999911|0|0|0|0,0|0|0.499999911|0|0|0|0
5136,5136,6,2,2,255,255,0,0,0,0.0166666675,,19,0,19,0,3,0,,0|0|0.499999911|0|0|0|0,0|0|0.499999911|0|0|0|0
5137,5137,6,2,2,255,255,0,0,0,0.0166666675,,19,0,19,0,3,0,,0|0|0.499999911|0|0|0|0,0|0|0.499999911|0|0|0|0
5138,5138,6,2,2,255,255,0,0,0,0.0166666675,,19,0,19,0,3,0,,0|0|0.499999911|0|0|0|0,0|0|0.499999911|0|0|0|0
5139,5139,6,2,2,255,255,0,0,0,0.0166666675,,19,0,19,0,3,0,,0|0|0.499999911|0|0|0|0,0|0|0.499999911|0|0|0|0
5140,5140,6,2,2,255,255,0,0,0,0.0166666675,,19,0,19,0,3,0,,0|0|0.499999911|0|0|0|0,0|0|0.499999911|0|0|0|0
5141,5141,6,2,2,255,255,0,0,0,0.0166666675,,19,0,19,0,3,0,,0|0|0.499999911|0|0|0|0,0|0|0.499999911|0|0|0|0
5142,5142,6,2,2,255,255,0,0,0,0.0166666675,,19,0,19,0,3,0,,0|0|0.499999911|0|0|0|0,0|0|0.499999911|0|0|0|0
5143,5143,6,2,2,255,255,0,0,0,0.0166666675,,19,0,19,0,3,0,,0|0|0.499999911|0|0|0|0,0|0|0.499999911|0|0|0|0
5144,5144,6,2,2,255,255,0,0,0,0.0166666675,,19,0,19,0,3,0,,0|0|0.499999911|0|0|0|0,0|0|0.499999911|0|0|0|0
5145,5145,6,2,2,255,255,0,0,0,0.0166666675,,19,0,19,0,3,0,,0|0|0.499999911|0|0|0|0,0|0|0.499999911|0|0|0|0
5146,5146,6,2,2,255,255,0,0,0,0.0166666675,,19,0,19,0,3,0,,0|0|0.499999911|0|0|0|0,0|0|0.499999911|0|0|0|0
5147,5147,6,2,2,255,255,0,0,0,0.0166666675,,19,0,19,0,3,0,,0|0|0.499999911|0|0|0|0,0|0|0.499999911|0|0|0|0
5148,5148,6,2,2,255,255,0,0,0,0.0166666675,,19,0,19,0,3,0,,0|0|0.499999911|0|0|0|0,0|0|0.499999911|0|0|0|0
5149,5149,6,2,2,255,255,0,0,0,0.0166666675,,19,0,19,0,3,0,,0|0|0.499999911|0|0|0|0,0|0|0.499999911|0|0|0|0
5150,5150,6,2,2,255,255,0,0,0,0.0166666675,,19,0,19,0,3,0,,0|0|0.499999911|0|0|0|0,0|0|0.499999911|0|0|0|0
5151,5151,6,2,2,255,255,0,0,0,0.0166666675,,19,0,19,0,3,0,,0|0|0.499999911|0|0|0|0,0|0|0.499999911|0|0|0|0
5152,5152,6,2,2,255,255,0,0,0,0.0166666675,,19,0,19,0,3,0,,0|0|0.499999911|0|0|0|0,0|0|0.499999911|0|0|0|0
5153,5153,6,2,2,255,255,0,0,0,0.0166666675,,19,0,19,0,3,0,,0|0|0.499999911|0|0|0|0,0|0|0.499999911|0|0|0|0
5154,5154,6,2,2,255,255,0,0,0,0.0166666675,,19,0,19,0,3,0,,0|0|0.499999911|0|0|0|0,0|0|0.499999911|0|0|0|0
5155,5155,6,2,2,255,255,0,0,0,0.0166666675,,19,0,19,0,3,0,,0|0|0.499999911|0|0|0|0,0|0|0.499999911|0|0|0|0
5156,5156,6,2,2,255,255,0,0,0,0.0166666675,,19,0,19,0,3,0,,0|0|0.499999911|0|0|0|0,0|0|0.499999911|0|0|0|0
5157,5157,6,2,2,255,255,0,0,0,0.0166666675,,19,0,19,0,3,0,,0|0|0.499999911|0|0|0|0,0|0|0.499999911|0|0|0|0
5158,5158,6,2,2,255,255,0,0,0,0.0166666675,,19,0,19,0,3,0,,0|0|0.499999911|0|0|0|0,0|0|0.499999911|0|0|0|0
5159,5159,6,2,2,255,255,0,0,0,0.0166666675,,19,0,19,0,3,0,,0|0|0.499999911|0|0|0|0,0|0|0.499999911|0|0|0|0
5160,5160,6,2,2,255,255,0,0,0,0.0166666675,,19,0,19,0,3,0,,0|0|0.499999911|0|0|0|0,0|0|0.499999911|0|0|0|0
5161,5161,6,2,2,255,255,0,0,0,0.0166666675,,19,0,19,0,3,0,,0|0|0.499999911|0|0|0|0,0|0|0.499999911|0|0|0|0
5162,5162,6,2,2,255,255,0,0,0,0.0166666675,,19,0,19,0,3,0,,0|0|0.499999911|0|0|0|0,0|0|0.499999911|0|0|0|0
5163,5163,6,2,2,255,255,0,0,0,0.0166666675,,19,0,19,0,3,0,,0|0|0.499999911|0|0|0|0,0|0|0.499999911|0|0|0|0
5164,5164,6,2,2,255,255,0,0,0,0.0166666675,,19,0,19,0,3,0,,0|0|0.499999911|0|0|0|0,0|0|0.499999911|0|0|0|0
5165,5165,6,2,2,255,255,0,0,0,0.0166666675,,19,0,19,0,3,0,,0|0|0.499999911|0|0|0|0,0|0|0.499999911|0|0|0|0
5166,5166,6,2,2,255,255,0,0,0,0.0166666675,,19,0,19,0,3,0,,0|0|0.499999911|0|0|0|0,0|0|0.499999911|0|0|0|0
5167,5167,6,2,2,255,255,0,0,0,0.0166666675,,19,0,19,0,3,0,,0|0|0.499999911|0|0|0|0,0|0|0.499999911|0|0|0|0
5168,5168,6,2,2,255,255,0,0,0,0.0166666675,,19,0,19,0,3,0,,0|0|0.499999911|0|0|0|0,0|0|0.499999911|0|0|0|0
5169,5169,6,2,2,255,255,0,0,0,0.0166666675,,19,0,19,0,3,0,,0|0|0.499999911|0|0|0|0,0|0|0.499999911|0|0|0|0
5170,5170,6,2,2,255,255,0,0,0,0.0166666675,,19,0,19,0,3,0,,0|0|0.499999911|0|0|0|0,0|0|0.499999911|0|0|0|0
5171,5171,6,2,2,255,255,0,0,0,0.0166666675,,19,0,19,0,3,0,,0|0|0.499999911|0|0|0|0,0|0|0.499999911|0|0|0|0
5172,5172,6,2,2,255,255,0,0,0,0.0166666675,,19,0,19,0,3,0,,0|0|0.499999911|0|0|0|0,0|0|0.499999911|0|0|0|0
5173,5173,6,2,2,255,255,0,0,0,0.0166666675,,19,0,19,0,3,0,,0|0|0.499999911|0|0|0|0,0|0|0.499999911|0|0|0|0
5174,5174,6,2,2,255,255,0,0,0,0.0166666675,,19,0,19,0,3,0,,0|0|0.499999911|0|0|0|0,0|0|0.499999911|0|0|0|0
5175,5175,6,2,2,255,255,0,0,0,0.0166666675,,19,0,19,0,3,0,,0|0|0.499999911|0|0|0|0,0|0|0.499999911|0|0|0|0
5176,5176,6,2,2,255,255,0,0,0,0.0166666675,,19,0,19,0,3,0,,0|0|0.499999911|0|0|0|0,0|0|0.499999911|0|0|0|0
5177,5177,6,2,2,255,255,0,0,0,0.0166666675,,19,0,19,0,3,0,,0|0|0.499999911|0|0|0|0,0|0|0.499999911|0|0|0|0
5178,5178,6,2,2,255,255,0,0,0,0.0166666675,,19,0,19,0,3,0,,0|0|0.499999911|0|0|0|0,0|0|0.499999911|0|0|0|0
5179,5179,6,2,2,255,255,0,0,0,0.0166666675,,19,0,19,0,3,0,,0|0|0.499999911|0|0|0|0,0|0|0.499999911|0|0|0|0
5180,5180,6,2,2,255,255,0,0,0,0.0166666675,,19,0,19,0,3,0,,0|0|0.499999911|0|0|0|0,0|0|0.499999911|0|0|0|0
5181,5181,6,2,2,255,255,0,0,0,0.0166666675,,19,0,19,0,3,0,,0|0|0.499999911|0|0|0|0,0|0|0.499999911|0|0|0|0
5182,5182,6,2,2,255,255,0,0,0,0.0166666675,,19,0,19,0,3,0,,0|0|0.499999911|0|0|0|0,0|0|0.499999911|0|0|0|0
5183,5183,6,2,2,255,255,0,0,0,0.0166666675,,19,0,19,0,3,0,,0|0|0.499999911|0|0|0|0,0|0|0.499999911|0|0|0|0
5184,5184,6,2,2,255,255,0,0,0,0.0166666675,,19,0,19,0,3,0,,0|0|0.499999911|0|0|0|0,0|0|0.499999911|0|0|0|0
5185,5185,6,2,2,255,255,0,0,0,0.0166666675,,19,0,19,0,3,0,,0|0|0.499999911|0|0|0|0,0|0|0.499999911|0|0|0|0
5186,5186,6,2,2,255,255,0,0,0,0.0166666675,,19,0,19,0,3,0,,0|0|0.499999911|0|0|0|0,0|0|0.499999911|0|0|0|0
5187,5187,6,2,2,255,255,0,0,0,0.0166666675,,19,0,19,0,3,0,,0|0|0.499999911|0|0|0|0,0|0|0.499999911|0|0|0|0
5188,5188,6,2,2,255,255,0,0,0,0.0166666675,,19,0,19,0,3,0,,0|0|0.499999911|0|0|0|0,0|0|0.499999911|0|0|0|0
5189,5189,6,2,2,255,255,0,0,0,0.0166666675,,19,0,19,0,3,0,,0|0|0.499999911|0|0|0|0,0|0|0.499999911|0|0|0|0
5190,5190,6,2,2,255,255,0,0,0,0.0166666675,,19,0,19,0,3,0,,0|0|0.499999911|0|0|0|0,0|0|0.499999911|0|0|0|0
5191,5191,6,2,2,255,255,0,0,0,0.0166666675,,19,0,19,0,3,0,,0|0|0.499999911|0|0|0|0,0|0|0.499999911|0|0|0|0
5192,5192,6,2,2,255,255,0,0,0,0.0166666675,,19,0,19,0,3,0,,0|0|0.499999911|0|0|0|0,0|0|0.499999911|0|0|0|0
5193,5193,6,2,2,255,255,0,0,0,0.0166666675,,19,0,19,0,3,0,,0|0|0.499999911|0|0|0|0,0|0|0.499999911|0|0|0|0
5194,5194,6,2,2,255,255,0,0,0,0.0166666675,,19,0,19,0,3,0,,0|0|0.499999911|0|0|0|0,0|0|0.499999911|0|0|0|0
5195,5195,6,2,2,255,255,0,0,0,0.0166666675,,19,0,19,0,3,0,,0|0|0.499999911|0|0|0|0,0|0|0.499999911|0|0|0|0
5196,5196,6,2,2,255,255,0,0,0,0.0166666675,,19,0,19,0,3,0,,0|0|0.499999911|0|0|0|0,0|0|0.499999911|0|0|0|0
5197,5197,6,2,2,255,255,0,0,0,0.0166666675,,19,0,19,0,3,0,,0|0|0.499999911|0|0|0|0,0|0|0.499999911|0|0|0|0
5198,5198,6,2,2,255,255,0,0,0,0.0166666675,,19,0,19,0,3,0,,0|0|0.499999911|0|0|0|0,0|0|0.499999911|0|0|0|0
5199,5199,6,2,2,255,255,0,0,0,0.0166666675,,19,0,19,0,3,0,,0|0|0.499999911|0|0|0|0,0|0|0.499999911|0|0|0|0
5200,5200,6,2,2,255,255,0,0,0,0.0166666675,,19,0,19,0,3,0,,0|0|0.499999911|0|0|0|0,0|0|0.499999911|0|0|0|0
5201,5201,6,2,2,255,255,0,0,0,0.0166666675,,19,0,19,0,3,0,,0|0|0.499999911|0|0|0|0,0|0|0.499999911|0|0|0|0
5202,5202,6,2,2,255,255,0,0,0,0.0166666675,,19,0,19,0,3,0,,0|0|0.499999911|0|0|0|0,0|0|0.499999911|0|0|0|0
5203,5203,6,2,2,255,255,0,0,0,0.0166666675,,19,0,19,0,3,0,,0|0|0.499999911|0|0|0|0,0|0|0.499999911|0|0|0|0
5204,5204,6,2,2,255,255,0,0,0,0.0166666675,,19,0,19,0,3,0,,0|0|0.499999911|0|0|0|0,0|0|0.499999911|0|0|0|0
5205,5205,6,2,2,255,255,0,0,0,0.0166666675,,19,0,19,0,3,0,,0|0|0.499999911|0|0|0|0,0|0|0.499999911|0|0|0|0
5206,5206,6,2,2,255,255,0,0,0,0.0166666675,,19,0,19,0,3,0,,0|0|0.499999911|0|0|0|0,0|0|0.499999911|0|0|0|0
5207,5207,6,2,2,255,255,0,0,0,0.0166666675,,19,0,19,0,3,0,,0|0|0.499999911|0|0|0|0,0|0|0.499999911|0|0|0|0
5208,5208,6,2,2,255,255,0,0,0,0.0166666675,,19,0,19,0,3,0,,0|0|0.499999911|0|0|0|0,0|0|0.499999911|0|0|0|0
5209,5209,6,2,2,255,255,0,0,0,0.0166666675,,19,0,19,0,3,0,,0|0|0.499999911|0|0|0|0,0|0|0.499999911|0|0|0|0
5210,5210,6,2,2,255,255,0,0,0,0.0166666675,,19,0,19,0,3,0,,0|0|0.499999911|0|0|0|0,0|0|0.499999911|0|0|0|0
5211,5211,6,2,2,255,255,0,0,0,0.0166666675,,19,0,19,0,3,0,,0|0|0.499999911|0|0|0|0,0|0|0.499999911|0|0|0|0
5212,5212,6,2,2,255,255,0,0,0,0.0166666675,,19,0,19,0,3,0,,0|0|0.499999911|0|0|0|0,0|0|0.499999911|0|0|0|0
5213,5213,6,2,2,255,255,0,0,0,0.0166666675,,19,0,19,0,3,0,,0|0|0.499999911|0|0|0|0,0|0|0.499999911|0|0|0|0
5214,5214,6,2,2,255,255,0,0,0,0.0166666675,,19,0,19,0,3,0,,0|0|0.499999911|0|0|0|0,0|0|0.499999911|0|0|0|0
5215,5215,6,2,2,255,255,0,0,0,0.0166666675,,19,0,19,0,3,0,,0|0|0.499999911|0|0|0|0,0|0|0.499999911|0|0|0|0
5216,5216,6,2,2,255,255,0,0,0,0.0166666675,,19,0,19,0,3,0,,0|0|0.499999911|0|0|0|0,0|0|0.499999911|0|0|0|0
5217,5217,6,2,2,255,255,0,0,0,0.0166666675,,19,0,19,0,3,0,,0|0|0.499999911|0|0|0|0,0|0|0.499999911|0|0|0|0
5218,5218,6,2,2,255,255,0,0,0,0.0166666675,,19,0,19,0,3,0,,0|0|0.499999911|0|0|0|0,0|0|0.499999911|0|0|0|0
5219,5219,6,2,2,255,255,0,0,0,0.0166666675,,19,0,19,0,3,0,,0|0|0.499999911|0|0|0|0,0|0|0.499999911|0|0|0|0
5220,5220,6,2,2,255,255,0,0,0,0.0166666675,,19,0,19,0,3,0,,0|0|0.499999911|0|0|0|0,0|0|0.499999911|0|0|0|0
5221,5221,6,2,2,255,255,0,0,0,0.0166666675,,19,0,19,0,3,0,,0|0|0.499999911|0|0|0|0,0|0|0.499999911|0|0|0|0
5222,5222,6,2,2,255,255,0,0,0,0.0166666675,,19,0,19,0,3,0,,0|0|0.499999911|0|0|0|0,0|0|0.499999911|0|0|0|0
5223,5223,6,2,2,255,255,0,0,0,0.0166666675,,19,0,19,0,3,0,,0|0|0.499999911|0|0|0|0,0|0|0.499999911|0|0|0|0
5224,5224,6,2,2,255,255,0,0,0,0.0166666675,,19,0,19,0,3,0,,0|0|0.499999911|0|0|0|0,0|0|0.499999911|0|0|0|0
5225,5225,6,2,2,255,255,0,0,0,0.0166666675,,19,0,19,0,3,0,,0|0|0.499999911|0|0|0|0,0|0|0.499999911|0|0|0|0
5226,5226,6,2,2,255,255,0,0,0,0.0166666675,,19,0,19,0,3,0,,0|0|0.499999911|0|0|0|0,0|0|0.499999911|0|0|0|0
5227,5227,6,2,2,255,255,0,0,0,0.0166666675,,19,0,19,0,3,0,,0|0|0.499999911|0|0|0|0,0|0|0.499999911|0|0|0|0
5228,5228,6,2,2,255,255,0,0,0,0.0166666675,,19,0,19,0,3,0,,0|0|0.499999911|0|0|0|0,0|0|0.499999911|0|0|0|0
5229,5229,6,2,2,255,255,0,0,0,0.0166666675,,19,0,19,0,3,0,,0|0|0.499999911|0|0|0|0,0|0|0.499999911|0|0|0|0
5230,5230,6,2,2,255,255,0,0,0,0.0166666675,,19,0,19,0,3,0,,0|0|0.499999911|0|0|0|0,0|0|0.499999911|0|0|0|0
5231,5231,6,2,2,255,255,0,0,0,0.0166666675,,19,0,19,0,3,0,,0|0|0.499999911|0|0|0|0,0|0|0.499999911|0|0|0|0
5232,5232,6,2,2,255,255,0,0,0,0.0166666675,,19,0,19,0,3,0,,0|0|0.499999911|0|0|0|0,0|0|0.499999911|0|0|0|0
5233,5233,6,2,2,255,255,0,0,0,0.0166666675,,19,0,19,0,3,0,,0|0|0.499999911|0|0|0|0,0|0|0.499999911|0|0|0|0
5234,5234,6,2,2,255,255,0,0,0,0.0166666675,,19,0,19,0,3,0,,0|0|0.499999911|0|0|0|0,0|0|0.499999911|0|0|0|0
5235,5235,6,2,2,255,255,0,0,0,0.0166666675,,19,0,19,0,3,0,,0|0|0.499999911|0|0|0|0,0|0|0.499999911|0|0|0|0
5236,5236,6,2,2,255,255,0,0,0,0.0166666675,,19,0,19,0,3,0,,0|0|0.499999911|0|0|0|0,0|0|0.499999911|0|0|0|0
5237,5237,6,2,2,255,255,0,0,0,0.0166666675,,19,0,19,0,3,0,,0|0|0.499999911|0|0|0|0,0|0|0.499999911|0|0|0|0
5238,5238,6,2,2,255,255,0,0,0,0.0166666675,,19,0,19,0,3,0,,0|0|0.499999911|0|0|0|0,0|0|0.499999911|0|0|0|0
5239,5239,6,2,2,255,255,0,0,0,0.0166666675,,19,0,19,0,3,0,,0|0|0.499999911|0|0|0|0,0|0|0.499999911|0|0|0|0
5240,5240,6,2,2,255,255,0,0,0,0.0166666675,,19,0,19,0,3,0,,0|0|0.499999911|0|0|0|0,0|0|0.499999911|0|0|0|0
5241,5241,6,2,2,255,255,0,0,0,0.0166666675,,19,0,19,0,3,0,,0|0|0.499999911|0|0|0|0,0|0|0.499999911|0|0|0|0
5242,5242,6,2,2,255,255,0,0,0,0.0166666675,,19,0,19,0,3,0,,0|0|0.499999911|0|0|0|0,0|0|0.499999911|0|0|0|0
5243,5243,6,2,2,255,255,0,0,0,0.0166666675,,19,0,19,0,3,0,,0|0|0.499999911|0|0|0|0,0|0|0.499999911|0|0|0|0
5244,5244,6,2,2,255,255,0,0,0,0.0166666675,,19,0,19,0,3,0,,0|0|0.499999911|0|0|0|0,0|0|0.499999911|0|0|0|0
5245,5245,6,2,2,255,255,0,0,0,0.0166666675,,19,0,19,0,3,0,,0|0|0.499999911|0|0|0|0,0|0|0.499999911|0|0|0|0
5246,5246,6,2,2,255,255,0,0,0,0.0166666675,,19,0,19,0,3,0,,0|0|0.499999911|0|0|0|0,0|0|0.499999911|0|0|0|0
5247,5247,6,2,2,255,255,0,0,0,0.0166666675,,19,0,19,0,3,0,,0|0|0.499999911|0|0|0|0,0|0|0.499999911|0|0|0|0
5248,5248,6,2,2,255,255,0,0,0,0.0166666675,,19,0,19,0,3,0,,0|0|0.499999911|0|0|0|0,0|0|0.499999911|0|0|0|0
5249,5249,6,2,2,255,255,0,0,0,0.0166666675,,19,0,19,0,3,0,,0|0|0.499999911|0|0|0|0,0|0|0.499999911|0|0|0|0
5250,5250,6,2,2,255,255,0,0,0,0.0166666675,,19,0,19,0,3,0,,0|0|0.499999911|0|0|0|0,0|0|0.499999911|0|0|0|0
5251,5251,6,2,2,255,255,0,0,0,0.0166666675,,19,0,19,0,3,0,,0|0|0.499999911|0|0|0|0,0|0|0.499999911|0|0|0|0
5252,5252,6,2,2,255,255,0,0,0,0.0166666675,,19,0,19,0,3,0,,0|0|0.499999911|0|0|0|0,0|0|0.499999911|0|0|0|0
5253,5253,6,2,2,255,255,0,0,0,0.0166666675,,19,0,19,0,3,0,,0|0|0.499999911|0|0|0|0,0|0|0.499999911|0|0|0|0
5254,5254,6,2,2,255,255,0,0,0,0.0166666675,,19,0,19,0,3,0,,0|0|0.499999911|0|0|0|0,0|0|0.499999911|0|0|0|0
5255,5255,6,2,2,255,255,0,0,0,0.0166666675,,19,0,19,0,3,0,,0|0|0.499999911|0|0|0|0,0|0|0.499999911|0|0|0|0
5256,5256,6,2,2,255,255,0,0,0,0.0166666675,,19,0,19,0,3,0,,0|0|0.499999911|0|0|0|0,0|0|0.499999911|0|0|0|0
5257,5257,6,2,2,255,255,0,0,0,0.0166666675,,19,0,19,0,3,0,,0|0|0.499999911|0|0|0|0,0|0|0.499999911|0|0|0|0
5258,5258,6,2,2,255,255,0,0,0,0.0166666675,,19,0,19,0,3,0,,0|0|0.499999911|0|0|0|0,0|0|0.499999911|0|0|0|0
5259,5259,6,2,2,255,255,0,0,0,0.0166666675,,19,0,19,0,3,0,,0|0|0.499999911|0|0|0|0,0|0|0.499999911|0|0|0|0
5260,5260,6,2,2,255,255,0,0,0,0.0166666675,,19,0,19,0,3,0,,0|0|0.499999911|0|0|0|0,0|0|0.499999911|0|0|0|0
5261,5261,6,2,2,255,255,0,0,0,0.0166666675,,19,0,19,0,3,0,,0|0|0.499999911|0|0|0|0,0|0|0.499999911|0|0|0|0
5262,5262,6,2,2,255,255,0,0,0,0.0166666675,,19,0,19,0,3,0,,0|0|0.499999911|0|0|0|0,0|0|0.499999911|0|0|0|0
5263,5263,6,2,2,255,255,0,0,0,0.0166666675,,19,0,19,0,3,0,,0|0|0.499999911|0|0|0|0,0|0|0.499999911|0|0|0|0
5264,5264,6,2,2,255,255,0,0,0,0.0166666675,,19,0,19,0,3,0,,0|0|0.499999911|0|0|0|0,0|0|0.499999911|0|0|0|0
5265,5265,6,2,2,255,255,0,0,0,0.0166666675,,19,0,19,0,3,0,,0|0|0.499999911|0|0|0|0,0|0|0.499999911|0|0|0|0
5266,5266,6,2,2,255,255,0,0,0,0.0166666675,,19,0,19,0,3,0,,0|0|0.499999911|0|0|0|0,0|0|0.499999911|0|0|0|0
5267,5267,6,2,2,255,255,0,0,0,0.0166666675,,19,0,19,0,3,0,,0|0|0.499999911|0|0|0|0,0|0|0.499999911|0|0|0|0
5268,5268,6,2,2,255,255,0,0,0,0.0166666675,,19,0,19,0,3,0,,0|0|0.499999911|0|0|0|0,0|0|0.499999911|0|0|0|0
5269,5269,6,2,2,255,255,0,0,0,0.0166666675,,19,0,19,0,3,0,,0|0|0.499999911|0|0|0|0,0|0|0.499999911|0|0|0|0
5270,5270,6,2,2,255,255,0,0,0,0.0166666675,,19,0,19,0,3,0,,0|0|0.499999911|0|0|0|0,0|0|0.499999911|0|0|0|0
5271,5271,6,2,2,255,255,0,0,0,0.0166666675,,19,0,19,0,3,0,,0|0|0.499999911|0|0|0|0,0|0|0.499999911|0|0|0|0
5272,5272,6,2,2,255,255,0,0,0,0.0166666675,,19,0,19,0,3,0,,0|0|0.499999911|0|0|0|0,0|0|0.499999911|0|0|0|0
5273,5273,6,2,2,255,255,0,0,0,0.0166666675,,19,0,19,0,3,0,,0|0|0.499999911|0|0|0|0,0|0|0.499999911|0|0|0|0
5274,5274,6,2,2,255,255,0,0,0,0.0166666675,,19,0,19,0,3,0,,0|0|0.499999911|0|0|0|0,0|0|0.499999911|0|0|0|0
5275,5275,6,2,2,255,255,0,0,0,0.0166666675,,19,0,19,0,3,0,,0|0|0.499999911|0|0|0|0,0|0|0.499999911|0|0|0|0
5276,5276,6,2,2,255,255,0,0,0,0.0166666675,,19,0,19,0,3,0,,0|0|0.499999911|0|0|0|0,0|0|0.499999911|0|0|0|0
5277,5277,6,2,2,255,255,0,0,0,0.0166666675,,19,0,19,0,3,0,,0|0|0.499999911|0|0|0|0,0|0|0.499999911|0|0|0|0
5278,5278,6,2,2,255,255,0,0,0,0.0166666675,,19,0,19,0,3,0,,0|0|0.499999911|0|0|0|0,0|0|0.499999911|0|0|0|0
5279,5279,6,2,2,255,255,0,0,0,0.0166666675,,19,0,19,0,3,0,,0|0|0.499999911|0|0|0|0,0|0|0.499999911|0|0|0|0
5280,5280,6,2,2,255,255,0,0,0,0.0166666675,,19,0,19,0,3,0,,0|0|0.499999911|0|0|0|0,0|0|0.499999911|0|0|0|0
5281,5281,6,2,2,255,255,0,0,0,0.0166666675,,19,0,19,0,3,0,,0|0|0.499999911|0|0|0|0,0|0|0.499999911|0|0|0|0
5282,5282,6,2,2,255,255,0,0,0,0.0166666675,,19,0,19,0,3,0,,0|0|0.499999911|0|0|0|0,0|0|0.499999911|0|0|0|0
5283,5283,6,2,2,255,255,0,0,0,0.0166666675,,19,0,19,0,3,0,,0|0|0.499999911|0|0|0|0,0|0|0.499999911|0|0|0|0
5284,5284,6,2,2,255,255,0,0,0,0.0166666675,,19,0,19,0,3,0,,0|0|0.499999911|0|0|0|0,0|0|0.499999911|0|0|0|0
5285,5285,6,2,2,255,255,0,0,0,0.0166666675,,19,0,19,0,3,0,,0|0|0.499999911|0|0|0|0,0|0|0.499999911|0|0|0|0
5286,5286,6,2,2,255,255,0,0,0,0.0166666675,,19,0,19,0,3,0,,0|0|0.499999911|0|0|0|0,0|0|0.499999911|0|0|0|0
5287,5287,6,2,2,255,255,0,0,0,0.0166666675,,19,0,19,0,3,0,,0|0|0.499999911|0|0|0|0,0|0|0.499999911|0|0|0|0
5288,5288,6,2,2,255,255,0,0,0,0.0166666675,,19,0,19,0,3,0,,0|0|0.499999911|0|0|0|0,0|0|0.499999911|0|0|0|0
5289,5289,6,2,2,255,255,0,0,0,0.0166666675,,19,0,19,0,3,0,,0|0|0.499999911|0|0|0|0,0|0|0.499999911|0|0|0|0
5290,5290,6,2,2,255,255,0,0,0,0.0166666675,,19,0,19,0,3,0,,0|0|0.499999911|0|0|0|0,0|0|0.499999911|0|0|0|0
5291,5291,6,2,2,255,255,0,0,0,0.0166666675,,19,0,19,0,3,0,,0|0|0.499999911|0|0|0|0,0|0|0.499999911|0|0|0|0
5292,5292,6,2,2,255,255,0,0,0,0.0166666675,,19,0,19,0,3,0,,0|0|0.499999911|0|0|0|0,0|0|0.499999911|0|0|0|0
5293,5293,6,2,2,255,255,0,0,0,0.0166666675,,19,0,19,0,3,0,,0|0|0.499999911|0|0|0|0,0|0|0.499999911|0|0|0|0
5294,5294,6,2,2,255,255,0,0,0,0.0166666675,,19,0,19,0,3,0,,0|0|0.499999911|0|0|0|0,0|0|0.499999911|0|0|0|0
5295,5295,6,2,2,255,255,0,0,0,0.0166666675,,19,0,19,0,3,0,,0|0|0.499999911|0|0|0|0,0|0|0.499999911|0|0|0|0
5296,5296,6,2,2,255,255,0,0,0,0.0166666675,,19,0,19,0,3,0,,0|0|0.499999911|0|0|0|0,0|0|0.499999911|0|0|0|0
5297,5297,6,2,2,255,255,0,0,0,0.0166666675,,19,0,19,0,3,0,,0|0|0.499999911|0|0|0|0,0|0|0.499999911|0|0|0|0
5298,5298,6,2,2,255,255,0,0,0,0.0166666675,,19,0,19,0,3,0,,0|0|0.499999911|0|0|0|0,0|0|0.499999911|0|0|0|0
5299,5299,6,2,2,255,255,0,0,0,0.0166666675,,19,0,19,0,3,0,,0|0|0.499999911|0|0|0|0,0|0|0.499999911|0|0|0|0
5300,5300,6,2,2,255,255,0,0,0,0.0166666675,,19,0,19,0,3,0,,0|0|0.499999911|0|0|0|0,0|0|0.499999911|0|0|0|0
5301,5301,6,2,2,255,255,0,0,0,0.0166666675,,19,0,19,0,3,0,,0|0|0.499999911|0|0|0|0,0|0|0.499999911|0|0|0|0
5302,5302,6,2,2,255,255,0,0,0,0.0166666675,,19,0,19,0,3,0,,0|0|0.499999911|0|0|0|0,0|0|0.499999911|0|0|0|0
5303,5303,6,2,2,255,255,0,0,0,0.0166666675,,19,0,19,0,3,0,,0|0|0.499999911|0|0|0|0,0|0|0.499999911|0|0|0|0
5304,5304,6,2,2,255,255,0,0,0,0.0166666675,,19,0,19,0,3,0,,0|0|0.499999911|0|0|0|0,0|0|0.499999911|0|0|0|0
5305,5305,6,2,2,255,255,0,0,0,0.0166666675,,19,0,19,0,3,0,,0|0|0.499999911|0|0|0|0,0|0|0.499999911|0|0|0|0
5306,5306,6,2,2,255,255,0,0,0,0.0166666675,,19,0,19,0,3,0,,0|0|0.499999911|0|0|0|0,0|0|0.499999911|0|0|0|0
5307,5307,6,2,2,255,255,0,0,0,0.0166666675,,19,0,19,0,3,0,,0|0|0.499999911|0|0|0|0,0|0|0.499999911|0|0|0|0
5308,5308,6,2,2,255,255,0,0,0,0.0166666675,,19,0,19,0,3,0,,0|0|0.499999911|0|0|0|0,0|0|0.499999911|0|0|0|0
5309,5309,6,2,2,255,255,0,0,0,0.0166666675,,19,0,19,0,3,0,,0|0|0.499999911|0|0|0|0,0|0|0.499999911|0|0|0|0
5310,5310,6,2,2,255,255,0,0,0,0.0166666675,,19,0,19,0,3,0,,0|0|0.499999911|0|0|0|0,0|0|0.499999911|0|0|0|0
5311,5311,6,2,2,255,255,0,0,0,0.0166666675,,19,0,19,0,3,0,,0|0|0.499999911|0|0|0|0,0|0|0.499999911|0|0|0|0
5312,5312,6,2,2,255,255,0,0,0,0.0166666675,,19,0,19,0,3,0,,0|0|0.499999911|0|0|0|0,0|0|0.499999911|0|0|0|0
5313,5313,6,2,2,255,255,0,0,0,0.0166666675,,19,0,19,0,3,0,,0|0|0.499999911|0|0|0|0,0|0|0.499999911|0|0|0|0
5314,5314,6,2,2,255,255,0,0,0,0.0166666675,,19,0,19,0,3,0,,0|0|0.499999911|0|0|0|0,0|0|0.499999911|0|0|0|0
5315,5315,6,2,2,255,255,0,0,0,0.0166666675,,19,0,19,0,3,0,,0|0|0.499999911|0|0|0|0,0|0|0.499999911|0|0|0|0
5316,5316,6,2,2,255,255,0,0,0,0.0166666675,,19,0,19,0,3,0,,0|0|0.499999911|0|0|0|0,0|0|0.499999911|0|0|0|0
5317,5317,6,2,2,255,255,0,0,0,0.0166666675,,19,0,19,0,3,0,,0|0|0.499999911|0|0|0|0,0|0|0.499999911|0|0|0|0
5318,5318,6,2,2,255,255,0,0,0,0.0166666675,,19,0,19,0,3,0,,0|0|0.499999911|0|0|0|0,0|0|0.499999911|0|0|0|0
5319,5319,6,2,2,255,255,0,0,0,0.0166666675,,19,0,19,0,3,0,,0|0|0.499999911|0|0|0|0,0|0|0.499999911|0|0|0|0
5320,5320,6,2,2,255,255,0,0,0,0.0166666675,,19,0,19,0,3,0,,0|0|0.499999911|0|0|0|0,0|0|0.499999911|0|0|0|0
5321,5321,6,2,2,255,255,0,0,0,0.0166666675,,19,0,19,0,3,0,,0|0|0.499999911|0|0|0|0,0|0|0.499999911|0|0|0|0
5322,5322,6,2,2,255,255,0,0,0,0.0166666675,,19,0,19,0,3,0,,0|0|0.499999911|0|0|0|0,0|0|0.499999911|0|0|0|0
5323,5323,6,2,2,255,255,0,0,0,0.0166666675,,19,0,19,0,3,0,,0|0|0.499999911|0|0|0|0,0|0|0.499999911|0|0|0|0
5324,5324,6,2,2,255,255,0,0,0,0.0166666675,,19,0,19,0,3,0,,0|0|0.499999911|0|0|0|0,0|0|0.499999911|0|0|0|0
5325,5325,6,2,2,255,255,0,0,0,0.0166666675,,19,0,19,0,3,0,,0|0|0.499999911|0|0|0|0,0|0|0.499999911|0|0|0|0
5326,5326,6,2,2,255,255,0,0,0,0.0166666675,,19,0,19,0,3,0,,0|0|0.499999911|0|0|0|0,0|0|0.499999911|0|0|0|0
5327,5327,6,2,2,255,255,0,0,0,0.0166666675,,19,0,19,0,3,0,,0|0|0.499999911|0|0|0|0,0|0|0.499999911|0|0|0|0
5328,5328,6,2,2,255,255,0,0,0,0.0166666675,,19,0,19,0,3,0,,0|0|0.499999911|0|0|0|0,0|0|0.499999911|0|0|0|0
5329,5329,6,2,2,255,255,0,0,0,0.0166666675,,19,0,19,0,3,0,,0|0|0.499999911|0|0|0|0,0|0|0.499999911|0|0|0|0
5330,5330,6,2,2,255,255,0,0,0,0.0166666675,,19,0,19,0,3,0,,0|0|0.499999911|0|0|0|0,0|0|0.499999911|0|0|0|0
5331,5331,6,2,2,255,255,0,0,0,0.0166666675,,19,0,19,0,3,0,,0|0|0.499999911|0|0|0|0,0|0|0.499999911|0|0|0|0
5332,5332,6,2,2,255,255,0,0,0,0.0166666675,,19,0,19,0,3,0,,0|0|0.499999911|0|0|0|0,0|0|0.499999911|0|0|0|0
5333,5333,6,2,2,255,255,0,0,0,0.0166666675,,19,0,19,0,3,0,,0|0|0.499999911|0|0|0|0,0|0|0.499999911|0|0|0|0
5334,5334,6,2,2,255,255,0,0,0,0.0166666675,,19,0,19,0,3,0,,0|0|0.499999911|0|0|0|0,0|0|0.499999911|0|0|0|0
5335,5335,6,2,2,255,255,0,0,0,0.0166666675,,19,0,19,0,3,0,,0|0|0.499999911|0|0|0|0,0|0|0.499999911|0|0|0|0
5336,5336,6,2,2,255,255,0,0,0,0.0166666675,,19,0,19,0,3,0,,0|0|0.499999911|0|0|0|0,0|0|0.499999911|0|0|0|0
5337,5337,6,2,2,255,255,0,0,0,0.0166666675,,19,0,19,0,3,0,,0|0|0.499999911|0|0|0|0,0|0|0.499999911|0|0|0|0
5338,5338,6,2,2,255,255,0,0,0,0.0166666675,,19,0,19,0,3,0,,0|0|0.499999911|0|0|0|0,0|0|0.499999911|0|0|0|0
5339,5339,6,2,2,255,255,0,0,0,0.0166666675,,19,0,19,0,3,0,,0|0|0.499999911|0|0|0|0,0|0|0.499999911|0|0|0|0
5340,5340,6,2,2,255,255,0,0,0,0.0166666675,,19,0,19,0,3,0,,0|0|0.499999911|0|0|0|0,0|0|0.499999911|0|0|0|0
5341,5341,6,2,2,255,255,0,0,0,0.0166666675,,19,0,19,0,3,0,,0|0|0.499999911|0|0|0|0,0|0|0.499999911|0|0|0|0
5342,5342,6,2,2,255,255,0,0,0,0.0166666675,,19,0,19,0,3,0,,0|0|0.499999911|0|0|0|0,0|0|0.499999911|0|0|0|0
5343,5343,6,2,2,255,255,0,0,0,0.0166666675,,19,0,19,0,3,0,,0|0|0.499999911|0|0|0|0,0|0|0.499999911|0|0|0|0
5344,5344,6,2,2,255,255,0,0,0,0.0166666675,,19,0,19,0,3,0,,0|0|0.499999911|0|0|0|0,0|0|0.499999911|0|0|0|0
5345,5345,6,2,2,255,255,0,0,0,0.0166666675,,19,0,19,0,3,0,,0|0|0.499999911|0|0|0|0,0|0|0.499999911|0|0|0|0
5346,5346,6,2,2,255,255,0,0,0,0.0166666675,,19,0,19,0,3,0,,0|0|0.499999911|0|0|0|0,0|0|0.499999911|0|0|0|0
5347,5347,6,2,2,255,255,0,0,0,0.0166666675,,19,0,19,0,3,0,,0|0|0.499999911|0|0|0|0,0|0|0.499999911|0|0|0|0
5348,5348,6,2,2,255,255,0,0,0,0.0166666675,,19,0,19,0,3,0,,0|0|0.499999911|0|0|0|0,0|0|0.499999911|0|0|0|0
5349,5349,6,2,2,255,255,0,0,0,0.0166666675,,19,0,19,0,3,0,,0|0|0.499999911|0|0|0|0,0|0|0.499999911|0|0|0|0
5350,5350,6,2,2,255,255,0,0,0,0.0166666675,,19,0,19,0,3,0,,0|0|0.499999911|0|0|0|0,0|0|0.499999911|0|0|0|0
5351,5351,6,2,2,255,255,0,0,0,0.0166666675,,19,0,19,0,3,0,,0|0|0.499999911|0|0|0|0,0|0|0.499999911|0|0|0|0
5352,5352,6,2,2,255,255,0,0,0,0.0166666675,,19,0,19,0,3,0,,0|0|0.499999911|0|0|0|0,0|0|0.499999911|0|0|0|0
5353,5353,6,2,2,255,255,0,0,0,0.0166666675,,19,0,19,0,3,0,,0|0|0.499999911|0|0|0|0,0|0|0.499999911|0|0|0|0
5354,5354,6,2,2,255,255,0,0,0,0.0166666675,,19,0,19,0,3,0,,0|0|0.499999911|0|0|0|0,0|0|0.499999911|0|0|0|0
5355,5355,6,2,2,255,255,0,0,0,0.0166666675,,19,0,19,0,3,0,,0|0|0.499999911|0|0|0|0,0|0|0.499999911|0|0|0|0
5356,5356,6,2,2,255,255,0,0,0,0.0166666675,,19,0,19,0,3,0,,0|0|0.499999911|0|0|0|0,0|0|0.499999911|0|0|0|0
5357,5357,6,2,2,255,255,0,0,0,0.0166666675,,19,0,19,0,3,0,,0|0|0.499999911|0|0|0|0,0|0|0.499999911|0|0|0|0
5358,5358,6,2,2,255,255,0,0,0,0.0166666675,,19,0,19,0,3,0,,0|0|0.499999911|0|0|0|0,0|0|0.499999911|0|0|0|0
5359,5359,6,2,2,255,255,0,0,0,0.0166666675,,19,0,19,0,3,0,,0|0|0.499999911|0|0|0|0,0|0|0.499999911|0|0|0|0
5360,5360,6,2,2,255,255,0,0,0,0.0166666675,,19,0,19,0,3,0,,0|0|0.499999911|0|0|0|0,0|0|0.499999911|0|0|0|0
5361,5361,6,2,2,255,255,0,0,0,0.0166666675,,19,0,19,0,3,0,,0|0|0.499999911|0|0|0|0,0|0|0.499999911|0|0|0|0
5362,5362,6,2,2,255,255,0,0,0,0.0166666675,,19,0,19,0,3,0,,0|0|0.499999911|0|0|0|0,0|0|0.499999911|0|0|0|0
5363,5363,6,2,2,255,255,0,0,0,0.0166666675,,19,0,19,0,3,0,,0|0|0.499999911|0|0|0|0,0|0|0.499999911|0|0|0|0
5364,5364,6,2,2,255,255,0,0,0,0.0166666675,,19,0,19,0,3,0,,0|0|0.499999911|0|0|0|0,0|0|0.499999911|0|0|0|0
5365,5365,6,2,2,255,255,0,0,0,0.0166666675,,19,0,19,0,3,0,,0|0|0.499999911|0|0|0|0,0|0|0.499999911|0|0|0|0
5366,5366,6,2,2,255,255,0,0,0,0.0166666675,,19,0,19,0,3,0,,0|0|0.499999911|0|0|0|0,0|0|0.499999911|0|0|0|0
5367,5367,6,2,2,255,255,0,0,0,0.0166666675,,19,0,19,0,3,0,,0|0|0.499999911|0|0|0|0,0|0|0.499999911|0|0|0|0
5368,5368,6,2,2,255,255,0,0,0,0.0166666675,,19,0,19,0,3,0,,0|0|0.499999911|0|0|0|0,0|0|0.499999911|0|0|0|0
5369,5369,6,2,2,255,255,0,0,0,0.0166666675,,19,0,19,0,3,0,,0|0|0.499999911|0|0|0|0,0|0|0.499999911|0|0|0|0
5370,5370,6,2,2,255,255,0,0,0,0.0166666675,,19,0,19,0,3,0,,0|0|0.499999911|0|0|0|0,0|0|0.499999911|0|0|0|0
5371,5371,6,2,2,255,255,0,0,0,0.0166666675,,19,0,19,0,3,0,,0|0|0.499999911|0|0|0|0,0|0|0.499999911|0|0|0|0
5372,5372,6,2,2,255,255,0,0,0,0.0166666675,,19,0,19,0,3,0,,0|0|0.499999911|0|0|0|0,0|0|0.499999911|0|0|0|0
5373,5373,6,2,2,255,255,0,0,0,0.0166666675,,19,0,19,0,3,0,,0|0|0.499999911|0|0|0|0,0|0|0.499999911|0|0|0|0
5374,5374,6,2,2,255,255,0,0,0,0.0166666675,,19,0,19,0,3,0,,0|0|0.499999911|0|0|0|0,0|0|0.499999911|0|0|0|0
5375,5375,6,2,2,255,255,0,0,0,0.0166666675,,19,0,19,0,3,0,,0|0|0.499999911|0|0|0|0,0|0|0.499999911|0|0|0|0
5376,5376,6,2,2,255,255,0,0,0,0.0166666675,,19,0,19,0,3,0,,0|0|0.499999911|0|0|0|0,0|0|0.499999911|0|0|0|0
5377,5377,6,2,2,255,255,0,0,0,0.0166666675,,19,0,19,0,3,0,,0|0|0.499999911|0|0|0|0,0|0|0.499999911|0|0|0|0
5377,5377,6,3,3,0,0,0,0,0,0.0166666675,AOIL,19,0,19,0,,0,,0|0|1|0|0|0|0,0|0|1|0|0|0|0
5378,5378,6,2,2,255,255,0,0,0,0.0166666675,,19,0,19,0,3,0,,0|0|0.499999911|0|0|0|0,0|0|0.499999911|0|0|0|0
5378,5378,6,3,3,0,0,0,0,0,0.0166666675,,19,0,19,0,,0,,0|0|1|0|0|0|0,0|0|1|0|0|0|0
5379,5379,6,2,2,255,255,0,0,0,0.0166666675,,19,0,19,0,3,0,,0|0|0.499999911|0|0|0|0,0|0|0.499999911|0|0|0|0
5379,5379,6,3,3,0,0,0,0,0,0.0166666675,,19,0,19,0,,0,,0|0|1|0|0|0|0,0|0|1|0|0|0|0
5380,5380,6,2,2,255,255,0,0,0,0.0166666675,,19,0,19,0,3,0,,0|0|0.499999911|0|0|0|0,0|0|0.499999911|0|0|0|0
5380,5380,6,3,3,0,0,0,0,0,0.0166666675,,19,0,19,0,,0,,0|0|1|0|0|0|0,0|0|1|0|0|0|0
5381,5381,6,2,2,255,255,0,0,0,0.0166666675,,19,0,19,0,3,0,,0|0|0.499999911|0|0|0|0,0|0|0.499999911|0|0|0|0
5381,5381,6,3,3,0,0,0,0,0,0.0166666675,,19,0,19,0,,0,,0|0|1|0|0|0|0,0|0|1|0|0|0|0
5382,5382,6,2,2,255,255,0,0,0,0.0166666675,,19,0,19,0,3,0,,0|0|0.499999911|0|0|0|0,0|0|0.499999911|0|0|0|0
5382,5382,6,3,3,0,0,0,0,0,0.0166666675,,19,0,19,0,,0,,0|0|1|0|0|0|0,0|0|1|0|0|0|0
5383,5383,6,2,2,255,255,0,0,0,0.0166666675,,19,0,19,0,3,0,,0|0|0.499999911|0|0|0|0,0|0|0.499999911|0|0|0|0
5383,5383,6,3,3,0,0,0,0,0,0.0166666675,,19,0,19,0,,0,,0|0|1|0|0|0|0,0|0|1|0|0|0|0
5384,5384,6,2,2,255,255,0,0,0,0.0166666675,,19,0,19,0,3,0,,0|0|0.499999911|0|0|0|0,0|0|0.499999911|0|0|0|0
5384,5384,6,3,3,0,0,0,0,0,0.0166666675,,19,0,19,0,,0,,0|0|1|0|0|0|0,0|0|1|0|0|0|0
5385,5385,6,2,2,255,255,0,0,0,0.0166666675,,19,0,19,0,3,0,,0|0|0.499999911|0|0|0|0,0|0|0.499999911|0|0|0|0
5385,5385,6,3,3,0,0,0,0,0,0.0166666675,,19,0,19,0,,0,,0|0|1|0|0|0|0,0|0|1|0|0|0|0
5386,5386,6,2,2,255,255,0,0,0,0.0166666675,,19,0,19,0,3,0,,0|0|0.499999911|0|0|0|0,0|0|0.499999911|0|0|0|0
5386,5386,6,3,3,0,0,0,0,0,0.0166666675,,19,0,19,0,,0,,0|0|1|0|0|0|0,0|0|1|0|0|0|0
5387,5387,6,2,2,255,255,0,0,0,0.0166666675,,19,0,19,0,3,0,,0|0|0.499999911|0|0|0|0,0|0|0.499999911|0|0|0|0
5387,5387,6,3,3,0,0,0,0,0,0.0166666675,,19,0,19,0,,0,,0|0|1|0|0|0|0,0|0|1|0|0|0|0
5388,5388,6,2,2,255,255,0,0,0,0.0166666675,,19,0,19,0,3,0,,0|0|0.499999911|0|0|0|0,0|0|0.499999911|0|0|0|0
5388,5388,6,3,3,0,0,0,0,0,0.0166666675,,19,0,19,0,,0,,0|0|1|0|0|0|0,0|0|1|0|0|0|0
5389,5389,6,2,2,255,255,0,0,0,0.0166666675,,19,0,19,0,3,0,,0|0|0.499999911|0|0|0|0,0|0|0.499999911|0|0|0|0
5389,5389,6,3,3,0,0,0,0,0,0.0166666675,,19,0,19,0,,0,,0|0|1|0|0|0|0,0|0|1|0|0|0|0
5390,5390,6,2,2,255,255,0,0,0,0.0166666675,,19,0,19,0,3,0,,0|0|0.499999911|0|0|0|0,0|0|0.499999911|0|0|0|0
5390,5390,6,3,3,0,0,0,0,0,0.0166666675,,19,0,19,0,,0,,0|0|1|0|0|0|0,0|0|1|0|0|0|0
5391,5391,6,2,2,255,255,0,0,0,0.0166666675,,19,0,19,0,3,0,,0|0|0.499999911|0|0|0|0,0|0|0.499999911|0|0|0|0
5391,5391,6,3,3,0,0,0,0,0,0.0166666675,,19,0,19,0,,0,,0|0|1|0|0|0|0,0|0|1|0|0|0|0
5392,5392,6,2,2,255,255,0,0,0,0.0166666675,,19,0,19,0,3,0,,0|0|0.499999911|0|0|0|0,0|0|0.499999911|0|0|0|0
5392,5392,6,3,3,0,0,0,0,0,0.0166666675,,19,0,19,0,,0,,0|0|1|0|0|0|0,0|0|1|0|0|0|0
5393,5393,6,2,2,255,255,0,0,0,0.0166666675,,19,0,19,0,3,0,,0|0|0.499999911|0|0|0|0,0|0|0.499999911|0|0|0|0
5393,5393,6,3,3,0,0,0,0,0,0.0166666675,,19,0,19,0,,0,,0|0|1|0|0|0|0,0|0|1|0|0|0|0
5394,5394,6,2,2,255,255,0,0,0,0.0166666675,,19,0,19,0,3,0,,0|0|0.499999911|0|0|0|0,0|0|0.499999911|0|0|0|0
5394,5394,6,3,3,0,0,0,0,0,0.0166666675,,19,0,19,0,,0,,0|0|1|0|0|0|0,0|0|1|0|0|0|0
5395,5395,6,2,2,255,255,0,0,0,0.0166666675,,19,0,19,0,3,0,,0|0|0.499999911|0|0|0|0,0|0|0.499999911|0|0|0|0
5395,5395,6,3,3,0,0,0,0,0,0.0166666675,,19,0,19,0,,0,,0|0|1|0|0|0|0,0|0|1|0|0|0|0
5396,5396,6,2,2,255,255,0,0,0,0.0166666675,,19,0,19,0,3,0,,0|0|0.499999911|0|0|0|0,0|0|0.499999911|0|0|0|0
5396,5396,6,3,3,0,0,0,0,0,0.0166666675,,19,0,19,0,,0,,0|0|1|0|0|0|0,0|0|1|0|0|0|0
5397,5397,6,2,2,255,255,0,0,0,0.0166666675,,19,0,19,0,3,0,,0|0|0.499999911|0|0|0|0,0|0|0.499999911|0|0|0|0
5397,5397,6,3,3,0,0,0,0,0,0.0166666675,,19,0,19,0,,0,,0|0|1|0|0|0|0,0|0|1|0|0|0|0
5398,5398,6,2,2,255,255,0,0,0,0.0166666675,,19,0,19,0,3,0,,0|0|0.499999911|0|0|0|0,0|0|0.499999911|0|0|0|0
5398,5398,6,3,3,0,0,0,0,0,0.0166666675,,19,0,19,0,,0,,0|0|1|0|0|0|0,0|0|1|0|0|0|0
5399,5399,6,2,2,255,255,0,0,0,0.0166666675,,19,0,19,0,3,0,,0|0|0.499999911|0|0|0|0,0|0|0.499999911|0|0|0|0
5399,5399,6,3,3,0,0,0,0,0,0.0166666675,,19,0,19,0,,0,,0|0|1|0|0|0|0,0|0|1|0|0|0|0
5400,5400,6,2,2,255,255,0,0,0,0.0166666675,,19,0,19,0,3,0,,0|0|0.499999911|0|0|0|0,0|0|0.499999911|0|0|0|0
5400,5400,6,3,3,0,0,0,0,0,0.0166666675,,19,0,19,0,,0,,0|0|1|0|0|0|0,0|0|1|0|0|0|0
5401,5401,6,2,2,255,255,0,0,0,0.0166666675,,19,0,19,0,3,0,,0|0|0.499999911|0|0|0|0,0|0|0.499999911|0|0|0|0
5401,5401,6,3,3,0,0,0,0,0,0.0166666675,,19,0,19,0,,0,,0|0|1|0|0|0|0,0|0|1|0|0|0|0
5402,5402,6,2,2,255,255,0,0,0,0.0166666675,,19,0,19,0,3,0,,0|0|0.499999911|0|0|0|0,0|0|0.499999911|0|0|0|0
5402,5402,6,3,3,0,0,0,0,0,0.0166666675,,19,0,19,0,,0,,0|0|1|0|0|0|0,0|0|1|0|0|0|0
5403,5403,6,2,2,255,255,0,0,0,0.0166666675,,19,0,19,0,3,0,,0|0|0.499999911|0|0|0|0,0|0|0.499999911|0|0|0|0
5403,5403,6,3,3,0,0,0,0,0,0.0166666675,,19,0,19,0,,0,,0|0|1|0|0|0|0,0|0|1|0|0|0|0
5404,5404,6,2,2,255,255,0,0,0,0.0166666675,,19,0,19,0,3,0,,0|0|0.499999911|0|0|0|0,0|0|0.499999911|0|0|0|0
5404,5404,6,3,3,0,0,0,0,0,0.0166666675,,19,0,19,0,,0,,0|0|1|0|0|0|0,0|0|1|0|0|0|0
5405,5405,6,2,2,255,255,0,0,0,0.0166666675,,19,0,19,0,3,0,,0|0|0.499999911|0|0|0|0,0|0|0.499999911|0|0|0|0
5405,5405,6,3,3,0,0,0,0,0,0.0166666675,,19,0,19,0,,0,,0|0|1|0|0|0|0,0|0|1|0|0|0|0
5406,5406,6,2,2,255,255,0,0,0,0.0166666675,,19,0,19,0,3,0,,0|0|0.499999911|0|0|0|0,0|0|0.499999911|0|0|0|0
5406,5406,6,3,3,0,0,0,0,0,0.0166666675,,19,0,19,0,,0,,0|0|1|0|0|0|0,0|0|1|0|0|0|0
5407,5407,6,2,2,255,255,0,0,0,0.0166666675,,19,0,19,0,3,0,,0|0|0.499999911|0|0|0|0,0|0|0.499999911|0|0|0|0
5407,5407,6,3,3,0,0,0,0,0,0.0166666675,,19,0,19,0,,0,,0|0|1|0|0|0|0,0|0|1|0|0|0|0
5408,5408,6,2,2,255,255,0,0,0,0.0166666675,,19,0,19,0,3,0,,0|0|0.499999911|0|0|0|0,0|0|0.499999911|0|0|0|0
5408,5408,6,3,3,0,0,0,0,0,0.0166666675,,19,0,19,0,,0,,0|0|1|0|0|0|0,0|0|1|0|0|0|0
5409,5409,6,2,2,255,255,0,0,0,0.0166666675,,19,0,19,0,3,0,,0|0|0.499999911|0|0|0|0,0|0|0.499999911|0|0|0|0
5409,5409,6,3,3,0,0,0,0,0,0.0166666675,,19,0,19,0,,0,,0|0|1|0|0|0|0,0|0|1|0|0|0|0
5410,5410,6,2,2,255,255,0,0,0,0.0166666675,,19,0,19,0,3,0,,0|0|0.499999911|0|0|0|0,0|0|0.499999911|0|0|0|0
5410,5410,6,3,3,0,0,0,0,0,0.0166666675,,19,0,19,0,,0,,0|0|1|0|0|0|0,0|0|1|0|0|0|0
5411,5411,6,2,2,255,255,0,0,0,0.0166666675,,19,0,19,0,3,0,,0|0|0.499999911|0|0|0|0,0|0|0.499999911|0|0|0|0
5411,5411,6,3,3,0,0,0,0,0,0.0166666675,,19,0,19,0,,0,,0|0|1|0|0|0|0,0|0|1|0|0|0|0
5412,5412,6,2,2,255,255,0,0,0,0.0166666675,,19,0,19,0,3,0,,0|0|0.499999911|0|0|0|0,0|0|0.499999911|0|0|0|0
5412,5412,6,3,3,0,0,0,0,0,0.0166666675,,19,0,19,0,,0,,0|0|1|0|0|0|0,0|0|1|0|0|0|0
5413,5413,6,2,2,255,255,0,0,0,0.0166666675,,19,0,19,0,3,0,,0|0|0.499999911|0|0|0|0,0|0|0.499999911|0|0|0|0
5413,5413,6,3,3,0,0,0,0,0,0.0166666675,,19,0,19,0,,0,,0|0|1|0|0|0|0,0|0|1|0|0|0|0
5414,5414,6,2,2,255,255,0,0,0,0.0166666675,,19,0,19,0,3,0,,0|0|0.499999911|0|0|0|0,0|0|0.499999911|0|0|0|0
5414,5414,6,3,3,0,0,0,0,0,0.0166666675,,19,0,19,0,,0,,0|0|1|0|0|0|0,0|0|1|0|0|0|0
5415,5415,6,2,2,255,255,0,0,0,0.0166666675,,19,0,19,0,3,0,,0|0|0.499999911|0|0|0|0,0|0|0.499999911|0|0|0|0
5415,5415,6,3,3,0,0,0,0,0,0.0166666675,,19,0,19,0,,0,,0|0|1|0|0|0|0,0|0|1|0|0|0|0
5416,5416,6,2,2,255,255,0,0,0,0.0166666675,,19,0,19,0,3,0,,0|0|0.499999911|0|0|0|0,0|0|0.499999911|0|0|0|0
5416,5416,6,3,3,0,0,0,0,0,0.0166666675,,19,0,19,0,,0,,0|0|1|0|0|0|0,0|0|1|0|0|0|0
5417,5417,6,2,2,255,255,0,0,0,0.0166666675,,19,0,19,0,3,0,,0|0|0.499999911|0|0|0|0,0|0|0.499999911|0|0|0|0
5417,5417,6,3,3,0,0,0,0,0,0.0166666675,,19,0,19,0,,0,,0|0|1|0|0|0|0,0|0|1|0|0|0|0
5418,5418,6,2,2,255,255,0,0,0,0.0166666675,,19,0,19,0,3,0,,0|0|0.499999911|0|0|0|0,0|0|0.499999911|0|0|0|0
5418,5418,6,3,3,0,0,0,0,0,0.0166666675,,19,0,19,0,,0,,0|0|1|0|0|0|0,0|0|1|0|0|0|0
5419,5419,6,2,2,255,255,0,0,0,0.0166666675,,19,0,19,0,3,0,,0|0|0.499999911|0|0|0|0,0|0|0.499999911|0|0|0|0
5419,5419,6,3,3,0,0,0,0,0,0.0166666675,,19,0,19,0,,0,,0|0|1|0|0|0|0,0|0|1|0|0|0|0
5420,5420,6,2,2,255,255,0,0,0,0.0166666675,,19,0,19,0,3,0,,0|0|0.499999911|0|0|0|0,0|0|0.499999911|0|0|0|0
5420,5420,6,3,3,0,0,0,0,0,0.0166666675,,19,0,19,0,,0,,0|0|1|0|0|0|0,0|0|1|0|0|0|0
5421,5421,6,2,2,255,255,0,0,0,0.0166666675,,19,0,19,0,3,0,,0|0|0.499999911|0|0|0|0,0|0|0.499999911|0|0|0|0
5421,5421,6,3,3,0,0,0,0,0,0.0166666675,,19,0,19,0,,0,,0|0|1|0|0|0|0,0|0|1|0|0|0|0
5422,5422,6,2,2,255,255,0,0,0,0.0166666675,,19,0,19,0,3,0,,0|0|0.499999911|0|0|0|0,0|0|0.499999911|0|0|0|0
5422,5422,6,3,3,0,0,0,0,0,0.0166666675,,19,0,19,0,,0,,0|0|1|0|0|0|0,0|0|1|0|0|0|0
5423,5423,6,2,2,255,255,0,0,0,0.0166666675,,19,0,19,0,3,0,,0|0|0.499999911|0|0|0|0,0|0|0.499999911|0|0|0|0
5423,5423,6,3,3,0,0,0,0,0,0.0166666675,,19,0,19,0,,0,,0|0|1|0|0|0|0,0|0|1|0|0|0|0
5424,5424,6,2,2,255,255,0,0,0,0.0166666675,,19,0,19,0,3,0,,0|0|0.499999911|0|0|0|0,0|0|0.499999911|0|0|0|0
5424,5424,6,3,3,0,0,0,0,0,0.0166666675,,19,0,19,0,,0,,0|0|1|0|0|0|0,0|0|1|0|0|0|0
5425,5425,6,2,2,255,255,0,0,0,0.0166666675,,19,0,19,0,3,0,,0|0|0.499999911|0|0|0|0,0|0|0.499999911|0|0|0|0
5425,5425,6,3,3,0,0,0,0,0,0.0166666675,,19,0,19,0,,0,,0|0|1|0|0|0|0,0|0|1|0|0|0|0
5426,5426,6,2,2,255,255,0,0,0,0.0166666675,,19,0,19,0,3,0,,0|0|0.499999911|0|0|0|0,0|0|0.499999911|0|0|0|0
5426,5426,6,3,3,0,0,0,0,0,0.0166666675,,19,0,19,0,,0,,0|0|1|0|0|0|0,0|0|1|0|0|0|0
5427,5427,6,2,2,255,255,0,0,0,0.0166666675,,19,0,19,0,3,0,,0|0|0.499999911|0|0|0|0,0|0|0.499999911|0|0|0|0
5427,5427,6,3,3,0,0,0,0,0,0.0166666675,,19,0,19,0,,0,,0|0|1|0|0|0|0,0|0|1|0|0|0|0
5428,5428,6,2,2,255,255,0,0,0,0.0166666675,,19,0,19,0,3,0,,0|0|0.499999911|0|0|0|0,0|0|0.499999911|0|0|0|0
5428,5428,6,3,3,0,0,0,0,0,0.0166666675,,19,0,19,0,,0,,0|0|1|0|0|0|0,0|0|1|0|0|0|0
5429,5429,6,2,2,255,255,0,0,0,0.0166666675,,19,0,19,0,3,0,,0|0|0.499999911|0|0|0|0,0|0|0.499999911|0|0|0|0
5429,5429,6,3,3,0,0,0,0,0,0.0166666675,,19,0,19,0,,0,,0|0|1|0|0|0|0,0|0|1|0|0|0|0
5430,5430,6,2,2,255,255,0,0,0,0.0166666675,,19,0,19,0,3,0,,0|0|0.499999911|0|0|0|0,0|0|0.499999911|0|0|0|0
5430,5430,6,3,3,0,0,0,0,0,0.0166666675,,19,0,19,0,,0,,0|0|1|0|0|0|0,0|0|1|0|0|0|0
5431,5431,6,2,2,255,255,0,0,0,0.0166666675,,19,0,19,0,3,0,,0|0|0.499999911|0|0|0|0,0|0|0.499999911|0|0|0|0
5431,5431,6,3,3,0,0,0,0,0,0.0166666675,,19,0,19,0,,0,,0|0|1|0|0|0|0,0|0|1|0|0|0|0
5432,5432,6,2,2,255,255,0,0,0,0.0166666675,,19,0,19,0,3,0,,0|0|0.499999911|0|0|0|0,0|0|0.499999911|0|0|0|0
5432,5432,6,3,3,0,0,0,0,0,0.0166666675,,19,0,19,0,,0,,0|0|1|0|0|0|0,0|0|1|0|0|0|0
5433,5433,6,2,2,255,255,0,0,0,0.0166666675,,19,0,19,0,3,0,,0|0|0.499999911|0|0|0|0,0|0|0.499999911|0|0|0|0
5433,5433,6,3,3,0,0,0,0,0,0.0166666675,,19,0,19,0,,0,,0|0|1|0|0|0|0,0|0|1|0|0|0|0
5434,5434,6,2,2,255,255,0,0,0,0.0166666675,,19,0,19,0,3,0,,0|0|0.499999911|0|0|0|0,0|0|0.499999911|0|0|0|0
5434,5434,6,3,3,0,0,0,0,0,0.0166666675,,19,0,19,0,,0,,0|0|1|0|0|0|0,0|0|1|0|0|0|0
5435,5435,6,2,2,255,255,0,0,0,0.0166666675,,19,0,19,0,3,0,,0|0|0.499999911|0|0|0|0,0|0|0.499999911|0|0|0|0
5435,5435,6,3,3,0,0,0,0,0,0.0166666675,,19,0,19,0,,0,,0|0|1|0|0|0|0,0|0|1|0|0|0|0
5436,5436,6,2,2,255,255,0,0,0,0.0166666675,,19,0,19,0,3,0,,0|0|0.499999911|0|0|0|0,0|0|0.499999911|0|0|0|0
5436,5436,6,3,3,0,0,0,0,0,0.0166666675,,19,0,19,0,,0,,0|0|1|0|0|0|0,0|0|1|0|0|0|0
5437,5437,6,2,2,255,255,0,0,0,0.0166666675,,19,0,19,0,3,0,,0|0|0.499999911|0|0|0|0,0|0|0.499999911|0|0|0|0
5437,5437,6,3,3,0,0,0,0,0,0.0166666675,,19,0,19,0,,0,,0|0|1|0|0|0|0,0|0|1|0|0|0|0
5438,5438,6,2,2,255,255,0,0,0,0.0166666675,,19,0,19,0,3,0,,0|0|0.499999911|0|0|0|0,0|0|0.499999911|0|0|0|0
5438,5438,6,3,3,0,0,0,0,0,0.0166666675,,19,0,19,0,,0,,0|0|1|0|0|0|0,0|0|1|0|0|0|0
5439,5439,6,2,2,255,255,0,0,0,0.0166666675,,19,0,19,0,3,0,,0|0|0.499999911|0|0|0|0,0|0|0.499999911|0|0|0|0
5439,5439,6,3,3,0,0,0,0,0,0.0166666675,,19,0,19,0,,0,,0|0|1|0|0|0|0,0|0|1|0|0|0|0
5440,5440,6,2,2,255,255,0,0,0,0.0166666675,,19,0,19,0,3,0,,0|0|0.499999911|0|0|0|0,0|0|0.499999911|0|0|0|0
5440,5440,6,3,3,0,0,0,0,0,0.0166666675,,19,0,19,0,,0,,0|0|1|0|0|0|0,0|0|1|0|0|0|0
5441,5441,6,2,2,255,255,0,0,0,0.0166666675,,19,0,19,0,3,0,,0|0|0.499999911|0|0|0|0,0|0|0.499999911|0|0|0|0
5441,5441,6,3,3,0,0,0,0,0,0.0166666675,,19,0,19,0,,0,,0|0|1|0|0|0|0,0|0|1|0|0|0|0
5442,5442,6,2,2,255,255,0,0,0,0.0166666675,,19,0,19,0,3,0,,0|0|0.499999911|0|0|0|0,0|0|0.499999911|0|0|0|0
5442,5442,6,3,3,0,0,0,0,0,0.0166666675,,19,0,19,0,,0,,0|0|1|0|0|0|0,0|0|1|0|0|0|0
5443,5443,6,2,2,255,255,0,0,0,0.0166666675,,19,0,19,0,3,0,,0|0|0.499999911|0|0|0|0,0|0|0.499999911|0|0|0|0
5443,5443,6,3,3,0,0,0,0,0,0.0166666675,,19,0,19,0,,0,,0|0|1|0|0|0|0,0|0|1|0|0|0|0
5444,5444,6,2,2,255,255,0,0,0,0.0166666675,,19,0,19,0,3,0,,0|0|0.499999911|0|0|0|0,0|0|0.499999911|0|0|0|0
5444,5444,6,3,3,0,0,0,0,0,0.0166666675,,19,0,19,0,,0,,0|0|1|0|0|0|0,0|0|1|0|0|0|0
5445,5445,6,2,2,255,255,0,0,0,0.0166666675,,19,0,19,0,3,0,,0|0|0.499999911|0|0|0|0,0|0|0.499999911|0|0|0|0
5445,5445,6,3,3,0,0,0,0,0,0.0166666675,,19,0,19,0,,0,,0|0|1|0|0|0|0,0|0|1|0|0|0|0
5446,5446,6,2,2,255,255,0,0,0,0.0166666675,,19,0,19,0,3,0,,0|0|0.499999911|0|0|0|0,0|0|0.499999911|0|0|0|0
5446,5446,6,3,3,0,0,0,0,0,0.0166666675,,19,0,19,0,,0,,0|0|1|0|0|0|0,0|0|1|0|0|0|0
5447,5447,6,2,2,255,255,0,0,0,0.0166666675,,19,0,19,0,3,0,,0|0|0.499999911|0|0|0|0,0|0|0.499999911|0|0|0|0
5447,5447,6,3,3,0,0,0,0,0,0.0166666675,,19,0,19,0,,0,,0|0|1|0|0|0|0,0|0|1|0|0|0|0
5448,5448,6,2,2,255,255,0,0,0,0.0166666675,,19,0,19,0,3,0,,0|0|0.499999911|0|0|0|0,0|0|0.499999911|0|0|0|0
5448,5448,6,3,3,0,0,0,0,0,0.0166666675,,19,0,19,0,,0,,0|0|1|0|0|0|0,0|0|1|0|0|0|0
5449,5449,6,2,2,255,255,0,0,0,0.0166666675,,19,0,19,0,3,0,,0|0|0.499999911|0|0|0|0,0|0|0.499999911|0|0|0|0
5449,5449,6,3,3,0,0,0,0,0,0.0166666675,,19,0,19,0,,0,,0|0|1|0|0|0|0,0|0|1|0|0|0|0
5450,5450,6,2,2,255,255,0,0,0,0.0166666675,,19,0,19,0,3,0,,0|0|0.499999911|0|0|0|0,0|0|0.499999911|0|0|0|0
5450,5450,6,3,3,0,0,0,0,0,0.0166666675,,19,0,19,0,,0,,0|0|1|0|0|0|0,0|0|1|0|0|0|0
5451,5451,6,2,2,255,255,0,0,0,0.0166666675,,19,0,19,0,3,0,,0|0|0.499999911|0|0|0|0,0|0|0.499999911|0|0|0|0
5451,5451,6,3,3,0,0,0,0,0,0.0166666675,,19,0,19,0,,0,,0|0|1|0|0|0|0,0|0|1|0|0|0|0
5452,5452,6,2,2,255,255,0,0,0,0.0166666675,,19,0,19,0,3,0,,0|0|0.499999911|0|0|0|0,0|0|0.499999911|0|0|0|0
5452,5452,6,3,3,0,0,0,0,0,0.0166666675,,19,0,19,0,,0,,0|0|1|0|0|0|0,0|0|1|0|0|0|0
5453,5453,6,2,2,255,255,0,0,0,0.0166666675,,19,0,19,0,3,0,,0|0|0.499999911|0|0|0|0,0|0|0.499999911|0|0|0|0
5453,5453,6,3,3,0,0,0,0,0,0.0166666675,,19,0,19,0,,0,,0|0|1|0|0|0|0,0|0|1|0|0|0|0
5454,5454,6,2,2,255,255,0,0,0,0.0166666675,,19,0,19,0,3,0,,0|0|0.499999911|0|0|0|0,0|0|0.499999911|0|0|0|0
5454,5454,6,3,3,0,0,0,0,0,0.0166666675,,19,0,19,0,,0,,0|0|1|0|0|0|0,0|0|1|0|0|0|0
5455,5455,6,2,2,255,255,0,0,0,0.0166666675,,19,0,19,0,3,0,,0|0|0.499999911|0|0|0|0,0|0|0.499999911|0|0|0|0
5455,5455,6,3,3,0,0,0,0,0,0.0166666675,,19,0,19,0,,0,,0|0|1|0|0|0|0,0|0|1|0|0|0|0
5456,5456,6,2,2,255,255,0,0,0,0.0166666675,,19,0,19,0,3,0,,0|0|0.499999911|0|0|0|0,0|0|0.499999911|0|0|0|0
5456,5456,6,3,3,0,0,0,0,0,0.0166666675,,19,0,19,0,,0,,0|0|1|0|0|0|0,0|0|1|0|0|0|0
5457,5457,6,2,2,255,255,0,0,0,0.0166666675,,19,0,19,0,3,0,,0|0|0.499999911|0|0|0|0,0|0|0.499999911|0|0|0|0
5457,5457,6,3,3,0,0,0,0,0,0.0166666675,,19,0,19,0,,0,,0|0|1|0|0|0|0,0|0|1|0|0|0|0
5458,5458,6,2,2,255,255,0,0,0,0.0166666675,,19,0,19,0,3,0,,0|0|0.499999911|0|0|0|0,0|0|0.499999911|0|0|0|0
5458,5458,6,3,3,0,0,0,0,0,0.0166666675,,19,0,19,0,,0,,0|0|1|0|0|0|0,0|0|1|0|0|0|0
5459,5459,6,2,2,255,255,0,0,0,0.0166666675,,19,0,19,0,3,0,,0|0|0.499999911|0|0|0|0,0|0|0.499999911|0|0|0|0
5459,5459,6,3,3,0,0,0,0,0,0.0166666675,,19,0,19,0,,0,,0|0|1|0|0|0|0,0|0|1|0|0|0|0
5460,5460,6,2,2,255,255,0,0,0,0.0166666675,,19,0,19,0,3,0,,0|0|0.499999911|0|0|0|0,0|0|0.499999911|0|0|0|0
5460,5460,6,3,3,0,0,0,0,0,0.0166666675,,19,0,19,0,,0,,0|0|1|0|0|0|0,0|0|1|0|0|0|0
5461,5461,6,2,2,255,255,0,0,0,0.0166666675,,19,0,19,0,3,0,,0|0|0.499999911|0|0|0|0,0|0|0.499999911|0|0|0|0
5461,5461,6,3,3,0,0,0,0,0,0.0166666675,,19,0,19,0,,0,,0|0|1|0|0|0|0,0|0|1|0|0|0|0
5462,5462,6,2,2,255,255,0,0,0,0.0166666675,,19,0,19,0,3,0,,0|0|0.499999911|0|0|0|0,0|0|0.499999911|0|0|0|0
5462,5462,6,3,3,0,0,0,0,0,0.0166666675,,19,0,19,0,,0,,0|0|1|0|0|0|0,0|0|1|0|0|0|0
5463,5463,6,2,2,255,255,0,0,0,0.0166666675,,19,0,19,0,3,0,,0|0|0.499999911|0|0|0|0,0|0|0.499999911|0|0|0|0
5463,5463,6,3,3,0,0,0,0,0,0.0166666675,,19,0,19,0,,0,,0|0|1|0|0|0|0,0|0|1|0|0|0|0
5464,5464,6,2,2,255,255,0,0,0,0.0166666675,,19,0,19,0,3,0,,0|0|0.499999911|0|0|0|0,0|0|0.499999911|0|0|0|0
5464,5464,6,3,3,0,0,0,0,0,0.0166666675,,19,0,19,0,,0,,0|0|1|0|0|0|0,0|0|1|0|0|0|0
5465,5465,6,2,2,255,255,0,0,0,0.0166666675,,19,0,19,0,3,0,,0|0|0.499999911|0|0|0|0,0|0|0.499999911|0|0|0|0
5465,5465,6,3,3,0,0,0,0,0,0.0166666675,,19,0,19,0,,0,,0|0|1|0|0|0|0,0|0|1|0|0|0|0
5466,5466,6,2,2,255,255,0,0,0,0.0166666675,,19,0,19,0,3,0,,0|0|0.499999911|0|0|0|0,0|0|0.499999911|0|0|0|0
5466,5466,6,3,3,0,0,0,0,0,0.0166666675,,19,0,19,0,,0,,0|0|1|0|0|0|0,0|0|1|0|0|0|0
5467,5467,6,2,2,255,255,0,0,0,0.0166666675,,19,0,19,0,3,0,,0|0|0.499999911|0|0|0|0,0|0|0.499999911|0|0|0|0
5467,5467,6,3,3,0,0,0,0,0,0.0166666675,,19,0,19,0,,0,,0|0|1|0|0|0|0,0|0|1|0|0|0|0
5468,5468,6,2,2,255,255,0,0,0,0.0166666675,,19,0,19,0,3,0,,0|0|0.499999911|0|0|0|0,0|0|0.499999911|0|0|0|0
5468,5468,6,3,3,0,0,0,0,0,0.0166666675,,19,0,19,0,,0,,0|0|1|0|0|0|0,0|0|1|0|0|0|0
5469,5469,6,2,2,255,255,0,0,0,0.0166666675,,19,0,19,0,3,0,,0|0|0.499999911|0|0|0|0,0|0|0.499999911|0|0|0|0
5469,5469,6,3,3,0,0,0,0,0,0.0166666675,,19,0,19,0,,0,,0|0|1|0|0|0|0,0|0|1|0|0|0|0
5470,5470,6,2,2,255,255,0,0,0,0.0166666675,,19,0,19,0,3,0,,0|0|0.499999911|0|0|0|0,0|0|0.499999911|0|0|0|0
5470,5470,6,3,3,0,0,0,0,0,0.0166666675,,19,0,19,0,,0,,0|0|1|0|0|0|0,0|0|1|0|0|0|0
5471,5471,6,2,2,255,255,0,0,0,0.0166666675,,19,0,19,0,3,0,,0|0|0.499999911|0|0|0|0,0|0|0.499999911|0|0|0|0
5471,5471,6,3,3,0,0,0,0,0,0.0166666675,,19,0,19,0,,0,,0|0|1|0|0|0|0,0|0|1|0|0|0|0
5472,5472,6,2,2,255,255,0,0,0,0.0166666675,,19,0,19,0,3,0,,0|0|0.499999911|0|0|0|0,0|0|0.499999911|0|0|0|0
5472,5472,6,3,3,0,0,0,0,0,0.0166666675,,19,0,19,0,,0,,0|0|1|0|0|0|0,0|0|1|0|0|0|0
5473,5473,6,2,2,255,255,0,0,0,0.0166666675,,19,0,19,0,3,0,,0|0|0.499999911|0|0|0|0,0|0|0.499999911|0|0|0|0
5473,5473,6,3,3,0,0,0,0,0,0.0166666675,,19,0,19,0,,0,,0|0|1|0|0|0|0,0|0|1|0|0|0|0
5474,5474,6,2,2,255,255,0,0,0,0.0166666675,,19,0,19,0,3,0,,0|0|0.499999911|0|0|0|0,0|0|0.499999911|0|0|0|0
5474,5474,6,3,3,0,0,0,0,0,0.0166666675,,19,0,19,0,,0,,0|0|1|0|0|0|0,0|0|1|0|0|0|0
5475,5475,6,2,2,255,255,0,0,0,0.0166666675,,19,0,19,0,3,0,,0|0|0.499999911|0|0|0|0,0|0|0.499999911|0|0|0|0
5475,5475,6,3,3,0,0,0,0,0,0.0166666675,,19,0,19,0,,0,,0|0|1|0|0|0|0,0|0|1|0|0|0|0
5476,5476,6,2,2,255,255,0,0,0,0.0166666675,,19,0,19,0,3,0,,0|0|0.499999911|0|0|0|0,0|0|0.499999911|0|0|0|0
5476,5476,6,3,3,0,0,0,0,0,0.0166666675,,19,0,19,0,,0,,0|0|1|0|0|0|0,0|0|1|0|0|0|0
5477,5477,6,2,2,255,255,0,0,0,0.0166666675,,19,0,19,0,3,0,,0|0|0.499999911|0|0|0|0,0|0|0.499999911|0|0|0|0
5477,5477,6,3,3,0,0,0,0,0,0.0166666675,,19,0,19,0,,0,,0|0|1|0|0|0|0,0|0|1|0|0|0|0
5478,5478,6,2,2,255,255,0,0,0,0.0166666675,,19,0,19,0,3,0,,0|0|0.499999911|0|0|0|0,0|0|0.499999911|0|0|0|0
5478,5478,6,3,3,0,0,0,0,0,0.0166666675,,19,0,19,0,,0,,0|0|1|0|0|0|0,0|0|1|0|0|0|0
5479,5479,6,2,2,255,255,0,0,0,0.0166666675,,19,0,19,0,3,0,,0|0|0.499999911|0|0|0|0,0|0|0.499999911|0|0|0|0
5479,5479,6,3,3,0,0,0,0,0,0.0166666675,,19,0,19,0,,0,,0|0|1|0|0|0|0,0|0|1|0|0|0|0
5480,5480,6,2,2,255,255,0,0,0,0.0166666675,,19,0,19,0,3,0,,0|0|0.499999911|0|0|0|0,0|0|0.499999911|0|0|0|0
5480,5480,6,3,3,0,0,0,0,0,0.0166666675,,19,0,19,0,,0,,0|0|1|0|0|0|0,0|0|1|0|0|0|0
5481,5481,6,2,2,255,255,0,0,0,0.0166666675,,19,0,19,0,3,0,,0|0|0.499999911|0|0|0|0,0|0|0.499999911|0|0|0|0
5481,5481,6,3,3,0,0,0,0,0,0.0166666675,,19,0,19,0,,0,,0|0|1|0|0|0|0,0|0|1|0|0|0|0
5482,5482,6,2,2,255,255,0,0,0,0.0166666675,,19,0,19,0,3,0,,0|0|0.499999911|0|0|0|0,0|0|0.499999911|0|0|0|0
5482,5482,6,3,3,0,0,0,0,0,0.0166666675,,19,0,19,0,,0,,0|0|1|0|0|0|0,0|0|1|0|0|0|0
5483,5483,6,2,2,255,255,0,0,0,0.0166666675,,19,0,19,0,3,0,,0|0|0.499999911|0|0|0|0,0|0|0.499999911|0|0|0|0
5483,5483,6,3,3,0,0,0,0,0,0.0166666675,,19,0,19,0,,0,,0|0|1|0|0|0|0,0|0|1|0|0|0|0
5484,5484,6,2,2,255,255,0,0,0,0.0166666675,,19,0,19,0,3,0,,0|0|0.499999911|0|0|0|0,0|0|0.499999911|0|0|0|0
5484,5484,6,3,3,0,0,0,0,0,0.0166666675,,19,0,19,0,,0,,0|0|1|0|0|0|0,0|0|1|0|0|0|0
5485,5485,6,2,2,255,255,0,0,0,0.0166666675,,19,0,19,0,3,0,,0|0|0.499999911|0|0|0|0,0|0|0.499999911|0|0|0|0
5485,5485,6,3,3,0,0,0,0,0,0.0166666675,,19,0,19,0,,0,,0|0|1|0|0|0|0,0|0|1|0|0|0|0
5486,5486,6,2,2,255,255,0,0,0,0.0166666675,,19,0,19,0,3,0,,0|0|0.499999911|0|0|0|0,0|0|0.499999911|0|0|0|0
5486,5486,6,3,3,0,0,0,0,0,0.0166666675,,19,0,19,0,,0,,0|0|1|0|0|0|0,0|0|1|0|0|0|0
5487,5487,6,2,2,255,255,0,0,0,0.0166666675,,19,0,19,0,3,0,,0|0|0.499999911|0|0|0|0,0|0|0.499999911|0|0|0|0
5487,5487,6,3,3,0,0,0,0,0,0.0166666675,,19,0,19,0,,0,,0|0|1|0|0|0|0,0|0|1|0|0|0|0
5488,5488,6,2,2,255,255,0,0,0,0.0166666675,,19,0,19,0,3,0,,0|0|0.499999911|0|0|0|0,0|0|0.499999911|0|0|0|0
5488,5488,6,3,3,0,0,0,0,0,0.0166666675,,19,0,19,0,,0,,0|0|1|0|0|0|0,0|0|1|0|0|0|0
5489,5489,6,2,2,255,255,0,0,0,0.0166666675,,19,0,19,0,3,0,,0|0|0.499999911|0|0|0|0,0|0|0.499999911|0|0|0|0
5489,5489,6,3,3,0,0,0,0,0,0.0166666675,,19,0,19,0,,0,,0|0|1|0|0|0|0,0|0|1|0|0|0|0
5490,5490,6,2,2,255,255,0,0,0,0.0166666675,,19,0,19,0,3,0,,0|0|0.499999911|0|0|0|0,0|0|0.499999911|0|0|0|0
5490,5490,6,3,3,0,0,0,0,0,0.0166666675,,19,0,19,0,,0,,0|0|1|0|0|0|0,0|0|1|0|0|0|0
5491,5491,6,2,2,255,255,0,0,0,0.0166666675,,19,0,19,0,3,0,,0|0|0.499999911|0|0|0|0,0|0|0.499999911|0|0|0|0
5491,5491,6,3,3,0,0,0,0,0,0.0166666675,,19,0,19,0,,0,,0|0|1|0|0|0|0,0|0|1|0|0|0|0
5492,5492,6,2,2,255,255,0,0,0,0.0166666675,,19,0,19,0,3,0,,0|0|0.499999911|0|0|0|0,0|0|0.499999911|0|0|0|0
5492,5492,6,3,3,0,0,0,0,0,0.0166666675,,19,0,19,0,,0,,0|0|1|0|0|0|0,0|0|1|0|0|0|0
5493,5493,6,2,2,255,255,0,0,0,0.0166666675,,19,0,19,0,3,0,,0|0|0.499999911|0|0|0|0,0|0|0.499999911|0|0|0|0
5493,5493,6,3,3,0,0,0,0,0,0.0166666675,,19,0,19,0,,0,,0|0|1|0|0|0|0,0|0|1|0|0|0|0
5494,5494,6,2,2,255,255,0,0,0,0.0166666675,,19,0,19,0,3,0,,0|0|0.499999911|0|0|0|0,0|0|0.499999911|0|0|0|0
5494,5494,6,3,3,0,0,0,0,0,0.0166666675,,19,0,19,0,,0,,0|0|1|0|0|0|0,0|0|1|0|0|0|0
5495,5495,6,2,2,255,255,0,0,0,0.0166666675,,19,0,19,0,3,0,,0|0|0.499999911|0|0|0|0,0|0|0.499999911|0|0|0|0
5495,5495,6,3,3,0,0,0,0,0,0.0166666675,,19,0,19,0,,0,,0|0|1|0|0|0|0,0|0|1|0|0|0|0
5496,5496,6,2,2,255,255,0,0,0,0.0166666675,,19,0,19,0,3,0,,0|0|0.499999911|0|0|0|0,0|0|0.499999911|0|0|0|0
5496,5496,6,3,3,0,0,0,0,0,0.0166666675,,19,0,19,0,,0,,0|0|1|0|0|0|0,0|0|1|0|0|0|0
5497,5497,6,2,2,255,255,0,0,0,0.0166666675,,19,0,19,0,3,0,,0|0|0.499999911|0|0|0|0,0|0|0.499999911|0|0|0|0
5497,5497,6,3,3,0,0,0,0,0,0.0166666675,,19,0,19,0,,0,,0|0|1|0|0|0|0,0|0|1|0|0|0|0
5498,5498,6,2,2,255,255,0,0,0,0.0166666675,,19,0,19,0,3,0,,0|0|0.499999911|0|0|0|0,0|0|0.499999911|0|0|0|0
5498,5498,6,3,3,0,0,0,0,0,0.0166666675,,19,0,19,0,,0,,0|0|1|0|0|0|0,0|0|1|0|0|0|0
5499,5499,6,2,2,255,255,0,0,0,0.0166666675,,19,0,19,0,3,0,,0|0|0.499999911|0|0|0|0,0|0|0.499999911|0|0|0|0
5499,5499,6,3,3,0,0,0,0,0,0.0166666675,,19,0,19,0,,0,,0|0|1|0|0|0|0,0|0|1|0|0|0|0
5500,5500,6,2,2,255,255,0,0,0,0.0166666675,,19,0,19,0,3,0,,0|0|0.499999911|0|0|0|0,0|0|0.499999911|0|0|0|0
5500,5500,6,3,3,0,0,0,0,0,0.0166666675,,19,0,19,0,,0,,0|0|1|0|0|0|0,0|0|1|0|0|0|0
5501,5501,6,2,2,255,255,0,0,0,0.0166666675,,19,0,19,0,3,0,,0|0|0.499999911|0|0|0|0,0|0|0.499999911|0|0|0|0
5501,5501,6,3,3,0,0,0,0,0,0.0166666675,,19,0,19,0,,0,,0|0|1|0|0|0|0,0|0|1|0|0|0|0
5502,5502,6,2,2,255,255,0,0,0,0.0166666675,,19,0,19,0,3,0,,0|0|0.499999911|0|0|0|0,0|0|0.499999911|0|0|0|0
5502,5502,6,3,3,0,0,0,0,0,0.0166666675,,19,0,19,0,,0,,0|0|1|0|0|0|0,0|0|1|0|0|0|0
5503,5503,6,2,2,255,255,0,0,0,0.0166666675,,19,0,19,0,3,0,,0|0|0.499999911|0|0|0|0,0|0|0.499999911|0|0|0|0
5503,5503,6,3,3,0,0,0,0,0,0.0166666675,,19,0,19,0,,0,,0|0|1|0|0|0|0,0|0|1|0|0|0|0
5504,5504,6,2,2,255,255,0,0,0,0.0166666675,,19,0,19,0,3,0,,0|0|0.499999911|0|0|0|0,0|0|0.499999911|0|0|0|0
5504,5504,6,3,3,0,0,0,0,0,0.0166666675,,19,0,19,0,,0,,0|0|1|0|0|0|0,0|0|1|0|0|0|0
5505,5505,6,2,2,255,255,0,0,0,0.0166666675,,19,0,19,0,3,0,,0|0|0.499999911|0|0|0|0,0|0|0.499999911|0|0|0|0
5505,5505,6,3,3,0,0,0,0,0,0.0166666675,,19,0,19,0,,0,,0|0|1|0|0|0|0,0|0|1|0|0|0|0
5506,5506,6,2,2,255,255,0,0,0,0.0166666675,,19,0,19,0,3,0,,0|0|0.499999911|0|0|0|0,0|0|0.499999911|0|0|0|0
5506,5506,6,3,3,0,0,0,0,0,0.0166666675,,19,0,19,0,,0,,0|0|1|0|0|0|0,0|0|1|0|0|0|0
5507,5507,6,2,2,255,255,0,0,0,0.0166666675,,19,0,19,0,3,0,,0|0|0.499999911|0|0|0|0,0|0|0.499999911|0|0|0|0
5507,5507,6,3,3,0,0,0,0,0,0.0166666675,,19,0,19,0,,0,,0|0|1|0|0|0|0,0|0|1|0|0|0|0
5508,5508,6,2,2,255,255,0,0,0,0.0166666675,,19,0,19,0,3,0,,0|0|0.499999911|0|0|0|0,0|0|0.499999911|0|0|0|0
5508,5508,6,3,3,0,0,0,0,0,0.0166666675,,19,0,19,0,,0,,0|0|1|0|0|0|0,0|0|1|0|0|0|0
5509,5509,6,2,2,255,255,0,0,0,0.0166666675,,19,0,19,0,3,0,,0|0|0.499999911|0|0|0|0,0|0|0.499999911|0|0|0|0
5509,5509,6,3,3,0,0,0,0,0,0.0166666675,,19,0,19,0,,0,,0|0|1|0|0|0|0,0|0|1|0|0|0|0
5510,5510,6,2,2,255,255,0,0,0,0.0166666675,,19,0,19,0,3,0,,0|0|0.499999911|0|0|0|0,0|0|0.499999911|0|0|0|0
5510,5510,6,3,3,0,0,0,0,0,0.0166666675,,19,0,19,0,,0,,0|0|1|0|0|0|0,0|0|1|0|0|0|0
5511,5511,6,2,2,255,255,0,0,0,0.0166666675,,19,0,19,0,3,0,,0|0|0.499999911|0|0|0|0,0|0|0.499999911|0|0|0|0
5511,5511,6,3,3,0,0,0,0,0,0.0166666675,,19,0,19,0,,0,,0|0|1|0|0|0|0,0|0|1|0|0|0|0
5512,5512,6,2,2,255,255,0,0,0,0.0166666675,,19,0,19,0,3,0,,0|0|0.499999911|0|0|0|0,0|0|0.499999911|0|0|0|0
5512,5512,6,3,3,0,0,0,0,0,0.0166666675,,19,0,19,0,,0,,0|0|1|0|0|0|0,0|0|1|0|0|0|0
5513,5513,6,2,2,255,255,0,0,0,0.0166666675,,19,0,19,0,3,0,,0|0|0.499999911|0|0|0|0,0|0|0.499999911|0|0|0|0
5513,5513,6,3,3,0,0,0,0,0,0.0166666675,,19,0,19,0,,0,,0|0|1|0|0|0|0,0|0|1|0|0|0|0
5514,5514,6,2,2,255,255,0,0,0,0.0166666675,,19,0,19,0,3,0,,0|0|0.499999911|0|0|0|0,0|0|0.499999911|0|0|0|0
5514,5514,6,3,3,0,0,0,0,0,0.0166666675,,19,0,19,0,,0,,0|0|1|0|0|0|0,0|0|1|0|0|0|0
5515,5515,6,2,2,255,255,0,0,0,0.0166666675,,19,0,19,0,3,0,,0|0|0.499999911|0|0|0|0,0|0|0.499999911|0|0|0|0
5515,5515,6,3,3,0,0,0,0,0,0.0166666675,,19,0,19,0,,0,,0|0|1|0|0|0|0,0|0|1|0|0|0|0
5516,5516,6,2,2,255,255,0,0,0,0.0166666675,,19,0,19,0,3,0,,0|0|0.499999911|0|0|0|0,0|0|0.499999911|0|0|0|0
5516,5516,6,3,3,0,0,0,0,0,0.0166666675,,19,0,19,0,,0,,0|0|1|0|0|0|0,0|0|1|0|0|0|0
5517,5517,6,2,2,255,255,0,0,0,0.0166666675,,19,0,19,0,3,0,,0|0|0.499999911|0|0|0|0,0|0|0.499999911|0|0|0|0
5517,5517,6,3,3,0,0,0,0,0,0.0166666675,,19,0,19,0,,0,,0|0|1|0|0|0|0,0|0|1|0|0|0|0
5518,5518,6,2,2,255,255,0,0,0,0.0166666675,,19,0,19,0,3,0,,0|0|0.499999911|0|0|0|0,0|0|0.499999911|0|0|0|0
5518,5518,6,3,3,0,0,0,0,0,0.0166666675,,19,0,19,0,,0,,0|0|1|0|0|0|0,0|0|1|0|0|0|0
5519,5519,6,2,2,255,255,0,0,0,0.0166666675,,19,0,19,0,3,0,,0|0|0.499999911|0|0|0|0,0|0|0.499999911|0|0|0|0
5519,5519,6,3,3,0,0,0,0,0,0.0166666675,,19,0,19,0,,0,,0|0|1|0|0|0|0,0|0|1|0|0|0|0
5520,5520,6,2,2,255,255,0,0,0,0.0166666675,,19,0,19,0,3,0,,0|0|0.499999911|0|0|0|0,0|0|0.499999911|0|0|0|0
5520,5520,6,3,3,0,0,0,0,0,0.0166666675,,19,0,19,0,,0,,0|0|1|0|0|0|0,0|0|1|0|0|0|0
5521,5521,6,2,2,255,255,0,0,0,0.0166666675,,19,0,19,0,3,0,,0|0|0.499999911|0|0|0|0,0|0|0.499999911|0|0|0|0
5521,5521,6,3,3,0,0,0,0,0,0.0166666675,,19,0,19,0,,0,,0|0|1|0|0|0|0,0|0|1|0|0|0|0
5522,5522,6,2,2,255,255,0,0,0,0.0166666675,,19,0,19,0,3,0,,0|0|0.499999911|0|0|0|0,0|0|0.499999911|0|0|0|0
5522,5522,6,3,3,0,0,0,0,0,0.0166666675,,19,0,19,0,,0,,0|0|1|0|0|0|0,0|0|1|0|0|0|0
5523,5523,6,2,2,255,255,0,0,0,0.0166666675,,19,0,19,0,3,0,,0|0|0.499999911|0|0|0|0,0|0|0.499999911|0|0|0|0
5523,5523,6,3,3,0,0,0,0,0,0.0166666675,,19,0,19,0,,0,,0|0|1|0|0|0|0,0|0|1|0|0|0|0
5524,5524,6,2,2,255,255,0,0,0,0.0166666675,,19,0,19,0,3,0,,0|0|0.499999911|0|0|0|0,0|0|0.499999911|0|0|0|0
5524,5524,6,3,3,0,0,0,0,0,0.0166666675,,19,0,19,0,,0,,0|0|1|0|0|0|0,0|0|1|0|0|0|0
5525,5525,6,2,2,255,255,0,0,0,0.0166666675,,19,0,19,0,3,0,,0|0|0.499999911|0|0|0|0,0|0|0.499999911|0|0|0|0
5525,5525,6,3,3,0,0,0,0,0,0.0166666675,,19,0,19,0,,0,,0|0|1|0|0|0|0,0|0|1|0|0|0|0
5526,5526,6,2,2,255,255,0,0,0,0.0166666675,,19,0,19,0,3,0,,0|0|0.499999911|0|0|0|0,0|0|0.499999911|0|0|0|0
5526,5526,6,3,3,0,0,0,0,0,0.0166666675,,19,0,19,0,,0,,0|0|1|0|0|0|0,0|0|1|0|0|0|0
5527,5527,6,2,2,255,255,0,0,0,0.0166666675,,19,0,19,0,3,0,,0|0|0.499999911|0|0|0|0,0|0|0.499999911|0|0|0|0
5527,5527,6,3,3,0,0,0,0,0,0.0166666675,,19,0,19,0,,0,,0|0|1|0|0|0|0,0|0|1|0|0|0|0
5528,5528,6,2,2,255,255,0,0,0,0.0166666675,,19,0,19,0,3,0,,0|0|0.499999911|0|0|0|0,0|0|0.499999911|0|0|0|0
5528,5528,6,3,3,0,0,0,0,0,0.0166666675,,19,0,19,0,,0,,0|0|1|0|0|0|0,0|0|1|0|0|0|0
5529,5529,6,2,2,255,255,0,0,0,0.0166666675,,19,0,19,0,3,0,,0|0|0.499999911|0|0|0|0,0|0|0.499999911|0|0|0|0
5529,5529,6,3,3,0,0,0,0,0,0.0166666675,,19,0,19,0,,0,,0|0|1|0|0|0|0,0|0|1|0|0|0|0
5530,5530,6,2,2,255,255,0,0,0,0.0166666675,,19,0,19,0,3,0,,0|0|0.499999911|0|0|0|0,0|0|0.499999911|0|0|0|0
5530,5530,6,3,3,0,0,0,0,0,0.0166666675,,19,0,19,0,,0,,0|0|1|0|0|0|0,0|0|1|0|0|0|0
5531,5531,6,2,2,255,255,0,0,0,0.0166666675,,19,0,19,0,3,0,,0|0|0.499999911|0|0|0|0,0|0|0.499999911|0|0|0|0
5531,5531,6,3,3,0,0,0,0,0,0.0166666675,,19,0,19,0,,0,,0|0|1|0|0|0|0,0|0|1|0|0|0|0
5532,5532,6,2,2,255,255,0,0,0,0.0166666675,,19,0,19,0,3,0,,0|0|0.499999911|0|0|0|0,0|0|0.499999911|0|0|0|0
5532,5532,6,3,3,0,0,0,0,0,0.0166666675,,19,0,19,0,,0,,0|0|1|0|0|0|0,0|0|1|0|0|0|0
5533,5533,6,2,2,255,255,0,0,0,0.0166666675,,19,0,19,0,3,0,,0|0|0.499999911|0|0|0|0,0|0|0.499999911|0|0|0|0
5533,5533,6,3,3,0,0,0,0,0,0.0166666675,,19,0,19,0,,0,,0|0|1|0|0|0|0,0|0|1|0|0|0|0
5534,5534,6,2,2,255,255,0,0,0,0.0166666675,,19,0,19,0,3,0,,0|0|0.499999911|0|0|0|0,0|0|0.499999911|0|0|0|0
5534,5534,6,3,3,0,0,0,0,0,0.0166666675,,19,0,19,0,,0,,0|0|1|0|0|0|0,0|0|1|0|0|0|0
5535,5535,6,2,2,255,255,0,0,0,0.0166666675,,19,0,19,0,3,0,,0|0|0.499999911|0|0|0|0,0|0|0.499999911|0|0|0|0
5535,5535,6,3,3,0,0,0,0,0,0.0166666675,,19,0,19,0,,0,,0|0|1|0|0|0|0,0|0|1|0|0|0|0
5536,5536,6,2,2,255,255,0,0,0,0.0166666675,,19,0,19,0,3,0,,0|0|0.499999911|0|0|0|0,0|0|0.499999911|0|0|0|0
5536,5536,6,3,3,0,0,0,0,0,0.0166666675,,19,0,19,0,,0,,0|0|1|0|0|0|0,0|0|1|0|0|0|0
5537,5537,6,2,2,255,255,0,0,0,0.0166666675,,19,0,19,0,3,0,,0|0|0.499999911|0|0|0|0,0|0|0.499999911|0|0|0|0
5537,5537,6,3,3,0,0,0,0,0,0.0166666675,,19,0,19,0,,0,,0|0|1|0|0|0|0,0|0|1|0|0|0|0
5538,5538,6,2,2,255,255,0,0,0,0.0166666675,,19,0,19,0,3,0,,0|0|0.499999911|0|0|0|0,0|0|0.499999911|0|0|0|0
5538,5538,6,3,3,0,0,0,0,0,0.0166666675,,19,0,19,0,,0,,0|0|1|0|0|0|0,0|0|1|0|0|0|0
5539,5539,6,2,2,255,255,0,0,0,0.0166666675,,19,0,19,0,3,0,,0|0|0.499999911|0|0|0|0,0|0|0.499999911|0|0|0|0
5539,5539,6,3,3,0,0,0,0,0,0.0166666675,,19,0,19,0,,0,,0|0|1|0|0|0|0,0|0|1|0|0|0|0
5540,5540,6,2,2,255,255,0,0,0,0.0166666675,,19,0,19,0,3,0,,0|0|0.499999911|0|0|0|0,0|0|0.499999911|0|0|0|0
5540,5540,6,3,3,0,0,0,0,0,0.0166666675,,19,0,19,0,,0,,0|0|1|0|0|0|0,0|0|1|0|0|0|0
5541,5541,6,2,2,255,255,0,0,0,0.0166666675,,19,0,19,0,3,0,,0|0|0.499999911|0|0|0|0,0|0|0.499999911|0|0|0|0
5541,5541,6,3,3,0,0,0,0,0,0.0166666675,,19,0,19,0,,0,,0|0|1|0|0|0|0,0|0|1|0|0|0|0
5542,5542,6,2,2,255,255,0,0,0,0.0166666675,,19,0,19,0,3,0,,0|0|0.499999911|0|0|0|0,0|0|0.499999911|0|0|0|0
5542,5542,6,3,3,0,0,0,0,0,0.0166666675,,19,0,19,0,,0,,0|0|1|0|0|0|0,0|0|1|0|0|0|0
5543,5543,6,2,2,255,255,0,0,0,0.0166666675,,19,0,19,0,3,0,,0|0|0.499999911|0|0|0|0,0|0|0.499999911|0|0|0|0
5543,5543,6,3,3,0,0,0,0,0,0.0166666675,,19,0,19,0,,0,,0|0|1|0|0|0|0,0|0|1|0|0|0|0
5544,5544,6,2,2,255,255,0,0,0,0.0166666675,,19,0,19,0,3,0,,0|0|0.499999911|0|0|0|0,0|0|0.499999911|0|0|0|0
5544,5544,6,3,3,0,0,0,0,0,0.0166666675,,19,0,19,0,,0,,0|0|1|0|0|0|0,0|0|1|0|0|0|0
5545,5545,6,2,2,255,255,0,0,0,0.0166666675,,19,0,19,0,3,0,,0|0|0.499999911|0|0|0|0,0|0|0.499999911|0|0|0|0
5545,5545,6,3,3,0,0,0,0,0,0.0166666675,,19,0,19,0,,0,,0|0|1|0|0|0|0,0|0|1|0|0|0|0
5546,5546,6,2,2,255,255,0,0,0,0.0166666675,,19,0,19,0,3,0,,0|0|0.499999911|0|0|0|0,0|0|0.499999911|0|0|0|0
5546,5546,6,3,3,0,0,0,0,0,0.0166666675,,19,0,19,0,,0,,0|0|1|0|0|0|0,0|0|1|0|0|0|0
5547,5547,6,2,2,255,255,0,0,0,0.0166666675,,19,0,19,0,3,0,,0|0|0.499999911|0|0|0|0,0|0|0.499999911|0|0|0|0
5547,5547,6,3,3,0,0,0,0,0,0.0166666675,,19,0,19,0,,0,,0|0|1|0|0|0|0,0|0|1|0|0|0|0
5548,5548,6,2,2,255,255,0,0,0,0.0166666675,,19,0,19,0,3,0,,0|0|0.499999911|0|0|0|0,0|0|0.499999911|0|0|0|0
5548,5548,6,3,3,0,0,0,0,0,0.0166666675,,19,0,19,0,,0,,0|0|1|0|0|0|0,0|0|1|0|0|0|0
5549,5549,6,2,2,255,255,0,0,0,0.0166666675,,19,0,19,0,3,0,,0|0|0.499999911|0|0|0|0,0|0|0.499999911|0|0|0|0
5549,5549,6,3,3,0,0,0,0,0,0.0166666675,,19,0,19,0,,0,,0|0|1|0|0|0|0,0|0|1|0|0|0|0
5550,5550,6,2,2,255,255,0,0,0,0.0166666675,,19,0,19,0,3,0,,0|0|0.499999911|0|0|0|0,0|0|0.499999911|0|0|0|0
5550,5550,6,3,3,0,0,0,0,0,0.0166666675,,19,0,19,0,,0,,0|0|1|0|0|0|0,0|0|1|0|0|0|0
5551,5551,6,2,2,255,255,0,0,0,0.0166666675,,19,0,19,0,3,0,,0|0|0.499999911|0|0|0|0,0|0|0.499999911|0|0|0|0
5551,5551,6,3,3,0,0,0,0,0,0.0166666675,,19,0,19,0,,0,,0|0|1|0|0|0|0,0|0|1|0|0|0|0
5552,5552,6,2,2,255,255,0,0,0,0.0166666675,,19,0,19,0,3,0,,0|0|0.499999911|0|0|0|0,0|0|0.499999911|0|0|0|0
5552,5552,6,3,3,0,0,0,0,0,0.0166666675,,19,0,19,0,,0,,0|0|1|0|0|0|0,0|0|1|0|0|0|0
5553,5553,6,2,2,255,255,0,0,0,0.0166666675,,19,0,19,0,3,0,,0|0|0.499999911|0|0|0|0,0|0|0.499999911|0|0|0|0
5553,5553,6,3,3,0,0,0,0,0,0.0166666675,,19,0,19,0,,0,,0|0|1|0|0|0|0,0|0|1|0|0|0|0
5554,5554,6,2,2,255,255,0,0,0,0.0166666675,,19,0,19,0,3,0,,0|0|0.499999911|0|0|0|0,0|0|0.499999911|0|0|0|0
5554,5554,6,3,3,0,0,0,0,0,0.0166666675,,19,0,19,0,,0,,0|0|1|0|0|0|0,0|0|1|0|0|0|0
5555,5555,6,2,2,255,255,0,0,0,0.0166666675,,19,0,19,0,3,0,,0|0|0.499999911|0|0|0|0,0|0|0.499999911|0|0|0|0
5555,5555,6,3,3,0,0,0,0,0,0.0166666675,,19,0,19,0,,0,,0|0|1|0|0|0|0,0|0|1|0|0|0|0
5556,5556,6,2,2,255,255,0,0,0,0.0166666675,,19,0,19,0,3,0,,0|0|0.499999911|0|0|0|0,0|0|0.499999911|0|0|0|0
5556,5556,6,3,3,0,0,0,0,0,0.0166666675,,19,0,19,0,,0,,0|0|1|0|0|0|0,0|0|1|0|0|0|0
5557,5557,6,2,2,255,255,0,0,0,0.0166666675,,19,0,19,0,3,0,,0|0|0.499999911|0|0|0|0,0|0|0.499999911|0|0|0|0
5557,5557,6,3,3,0,0,0,0,0,0.0166666675,,19,0,19,0,,0,,0|0|1|0|0|0|0,0|0|1|0|0|0|0
5558,5558,6,2,2,255,255,0,0,0,0.0166666675,,19,0,19,0,3,0,,0|0|0.499999911|0|0|0|0,0|0|0.499999911|0|0|0|0
5558,5558,6,3,3,0,0,0,0,0,0.0166666675,,19,0,19,0,,0,,0|0|1|0|0|0|0,0|0|1|0|0|0|0
5559,5559,6,2,2,255,255,0,0,0,0.0166666675,,19,0,19,0,3,0,,0|0|0.499999911|0|0|0|0,0|0|0.499999911|0|0|0|0
5559,5559,6,3,3,0,0,0,0,0,0.0166666675,,19,0,19,0,,0,,0|0|1|0|0|0|0,0|0|1|0|0|0|0
5560,5560,6,2,2,255,255,0,0,0,0.0166666675,,19,0,19,0,3,0,,0|0|0.499999911|0|0|0|0,0|0|0.499999911|0|0|0|0
5560,5560,6,3,3,0,0,0,0,0,0.0166666675,,19,0,19,0,,0,,0|0|1|0|0|0|0,0|0|1|0|0|0|0
5561,5561,6,2,2,255,255,0,0,0,0.0166666675,,19,0,19,0,3,0,,0|0|0.499999911|0|0|0|0,0|0|0.499999911|0|0|0|0
5561,5561,6,3,3,0,0,0,0,0,0.0166666675,,19,0,19,0,,0,,0|0|1|0|0|0|0,0|0|1|0|0|0|0
5562,5562,6,2,2,255,255,0,0,0,0.0166666675,,19,0,19,0,3,0,,0|0|0.499999911|0|0|0|0,0|0|0.499999911|0|0|0|0
5562,5562,6,3,3,0,0,0,0,0,0.0166666675,,19,0,19,0,,0,,0|0|1|0|0|0|0,0|0|1|0|0|0|0
5563,5563,6,2,2,255,255,0,0,0,0.0166666675,,19,0,19,0,3,0,,0|0|0.499999911|0|0|0|0,0|0|0.499999911|0|0|0|0
5563,5563,6,3,3,0,0,0,0,0,0.0166666675,,19,0,19,0,,0,,0|0|1|0|0|0|0,0|0|1|0|0|0|0
5564,5564,6,2,2,255,255,0,0,0,0.0166666675,,19,0,19,0,3,0,,0|0|0.499999911|0|0|0|0,0|0|0.499999911|0|0|0|0
5564,5564,6,3,3,0,0,0,0,0,0.0166666675,,19,0,19,0,,0,,0|0|1|0|0|0|0,0|0|1|0|0|0|0
5565,5565,6,2,2,255,255,0,0,0,0.0166666675,,19,0,19,0,3,0,,0|0|0.499999911|0|0|0|0,0|0|0.499999911|0|0|0|0
5565,5565,6,3,3,0,0,0,0,0,0.0166666675,,19,0,19,0,,0,,0|0|1|0|0|0|0,0|0|1|0|0|0|0
5566,5566,6,2,2,255,255,0,0,0,0.0166666675,,19,0,19,0,3,0,,0|0|0.499999911|0|0|0|0,0|0|0.499999911|0|0|0|0
5566,5566,6,3,3,0,0,0,0,0,0.0166666675,,19,0,19,0,,0,,0|0|1|0|0|0|0,0|0|1|0|0|0|0
5567,5567,6,2,2,255,255,0,0,0,0.0166666675,,19,0,19,0,3,0,,0|0|0.499999911|0|0|0|0,0|0|0.499999911|0|0|0|0
5567,5567,6,3,3,0,0,0,0,0,0.0166666675,,19,0,19,0,,0,,0|0|1|0|0|0|0,0|0|1|0|0|0|0
5568,5568,6,2,2,255,255,0,0,0,0.0166666675,,19,0,19,0,3,0,,0|0|0.499999911|0|0|0|0,0|0|0.499999911|0|0|0|0
5568,5568,6,3,3,0,0,0,0,0,0.0166666675,,19,0,19,0,,0,,0|0|1|0|0|0|0,0|0|1|0|0|0|0
5569,5569,6,2,2,255,255,0,0,0,0.0166666675,,19,0,19,0,3,0,,0|0|0.499999911|0|0|0|0,0|0|0.499999911|0|0|0|0
5569,5569,6,3,3,0,0,0,0,0,0.0166666675,,19,0,19,0,,0,,0|0|1|0|0|0|0,0|0|1|0|0|0|0
5570,5570,6,2,2,255,255,0,0,0,0.0166666675,,19,0,19,0,3,0,,0|0|0.499999911|0|0|0|0,0|0|0.499999911|0|0|0|0
5570,5570,6,3,3,0,0,0,0,0,0.0166666675,,19,0,19,0,,0,,0|0|1|0|0|0|0,0|0|1|0|0|0|0
5571,5571,6,2,2,255,255,0,0,0,0.0166666675,,19,0,19,0,3,0,,0|0|0.499999911|0|0|0|0,0|0|0.499999911|0|0|0|0
5571,5571,6,3,3,0,0,0,0,0,0.0166666675,,19,0,19,0,,0,,0|0|1|0|0|0|0,0|0|1|0|0|0|0
5572,5572,6,2,2,255,255,0,0,0,0.0166666675,,19,0,19,0,3,0,,0|0|0.499999911|0|0|0|0,0|0|0.499999911|0|0|0|0
5572,5572,6,3,3,0,0,0,0,0,0.0166666675,,19,0,19,0,,0,,0|0|1|0|0|0|0,0|0|1|0|0|0|0
5573,5573,6,2,2,255,255,0,0,0,0.0166666675,,19,0,19,0,3,0,,0|0|0.499999911|0|0|0|0,0|0|0.499999911|0|0|0|0
5573,5573,6,3,3,0,0,0,0,0,0.0166666675,,19,0,19,0,,0,,0|0|1|0|0|0|0,0|0|1|0|0|0|0
5574,5574,6,2,2,255,255,0,0,0,0.0166666675,,19,0,19,0,3,0,,0|0|0.499999911|0|0|0|0,0|0|0.499999911|0|0|0|0
5574,5574,6,3,3,0,0,0,0,0,0.0166666675,,19,0,19,0,,0,,0|0|1|0|0|0|0,0|0|1|0|0|0|0
5575,5575,6,2,2,255,255,0,0,0,0.0166666675,,19,0,19,0,3,0,,0|0|0.499999911|0|0|0|0,0|0|0.499999911|0|0|0|0
5575,5575,6,3,3,0,0,0,0,0,0.0166666675,,19,0,19,0,,0,,0|0|1|0|0|0|0,0|0|1|0|0|0|0
5576,5576,6,2,2,255,255,0,0,0,0.0166666675,,19,0,19,0,3,0,,0|0|0.499999911|0|0|0|0,0|0|0.499999911|0|0|0|0
5576,5576,6,3,3,0,0,0,0,0,0.0166666675,,19,0,19,0,,0,,0|0|1|0|0|0|0,0|0|1|0|0|0|0
5577,5577,6,2,2,255,255,0,0,0,0.0166666675,,19,0,19,0,3,0,,0|0|0.499999911|0|0|0|0,0|0|0.499999911|0|0|0|0
5577,5577,6,3,3,0,0,0,0,0,0.0166666675,,19,0,19,0,,0,,0|0|1|0|0|0|0,0|0|1|0|0|0|0
5578,5578,6,2,2,255,255,0,0,0,0.0166666675,,19,0,19,0,3,0,,0|0|0.499999911|0|0|0|0,0|0|0.499999911|0|0|0|0
5578,5578,6,3,3,0,0,0,0,0,0.0166666675,,19,0,19,0,,0,,0|0|1|0|0|0|0,0|0|1|0|0|0|0
5579,5579,6,2,2,255,255,0,0,0,0.0166666675,,19,0,19,0,3,0,,0|0|0.499999911|0|0|0|0,0|0|0.499999911|0|0|0|0
5579,5579,6,3,3,0,0,0,0,0,0.0166666675,,19,0,19,0,,0,,0|0|1|0|0|0|0,0|0|1|0|0|0|0
5580,5580,6,2,2,255,255,0,0,0,0.0166666675,,19,0,19,0,3,0,,0|0|0.499999911|0|0|0|0,0|0|0.499999911|0|0|0|0
5580,5580,6,3,3,0,0,0,0,0,0.0166666675,,19,0,19,0,,0,,0|0|1|0|0|0|0,0|0|1|0|0|0|0
5581,5581,6,2,2,255,255,0,0,0,0.0166666675,,19,0,19,0,3,0,,0|0|0.499999911|0|0|0|0,0|0|0.499999911|0|0|0|0
5581,5581,6,3,3,0,0,0,0,0,0.0166666675,,19,0,19,0,,0,,0|0|1|0|0|0|0,0|0|1|0|0|0|0
5582,5582,6,2,2,255,255,0,0,0,0.0166666675,,19,0,19,0,3,0,,0|0|0.499999911|0|0|0|0,0|0|0.499999911|0|0|0|0
5582,5582,6,3,3,0,0,0,0,0,0.0166666675,,19,0,19,0,,0,,0|0|1|0|0|0|0,0|0|1|0|0|0|0
5583,5583,6,2,2,255,255,0,0,0,0.0166666675,,19,0,19,0,3,0,,0|0|0.499999911|0|0|0|0,0|0|0.499999911|0|0|0|0
5583,5583,6,3,3,0,0,0,0,0,0.0166666675,,19,0,19,0,,0,,0|0|1|0|0|0|0,0|0|1|0|0|0|0
5584,5584,6,2,2,255,255,0,0,0,0.0166666675,,19,0,19,0,3,0,,0|0|0.499999911|0|0|0|0,0|0|0.499999911|0|0|0|0
5584,5584,6,3,3,0,0,0,0,0,0.0166666675,,19,0,19,0,,0,,0|0|1|0|0|0|0,0|0|1|0|0|0|0
5585,5585,6,2,2,255,255,0,0,0,0.0166666675,,19,0,19,0,3,0,,0|0|0.499999911|0|0|0|0,0|0|0.499999911|0|0|0|0
5585,5585,6,3,3,0,0,0,0,0,0.0166666675,,19,0,19,0,,0,,0|0|1|0|0|0|0,0|0|1|0|0|0|0
5586,5586,6,2,2,255,255,0,0,0,0.0166666675,,19,0,19,0,3,0,,0|0|0.499999911|0|0|0|0,0|0|0.499999911|0|0|0|0
5586,5586,6,3,3,0,0,0,0,0,0.0166666675,,19,0,19,0,,0,,0|0|1|0|0|0|0,0|0|1|0|0|0|0
5587,5587,6,2,2,255,255,0,0,0,0.0166666675,,19,0,19,0,3,0,,0|0|0.499999911|0|0|0|0,0|0|0.499999911|0|0|0|0
5587,5587,6,3,3,0,0,0,0,0,0.0166666675,,19,0,19,0,,0,,0|0|1|0|0|0|0,0|0|1|0|0|0|0
5588,5588,6,2,2,255,255,0,0,0,0.0166666675,,19,0,19,0,3,0,,0|0|0.499999911|0|0|0|0,0|0|0.499999911|0|0|0|0
5588,5588,6,3,3,0,0,0,0,0,0.0166666675,,19,0,19,0,,0,,0|0|1|0|0|0|0,0|0|1|0|0|0|0
5589,5589,6,2,2,255,255,0,0,0,0.0166666675,,19,0,19,0,3,0,,0|0|0.499999911|0|0|0|0,0|0|0.499999911|0|0|0|0
5589,5589,6,3,3,0,0,0,0,0,0.0166666675,,19,0,19,0,,0,,0|0|1|0|0|0|0,0|0|1|0|0|0|0
5590,5590,6,2,2,255,255,0,0,0,0.0166666675,,19,0,19,0,3,0,,0|0|0.499999911|0|0|0|0,0|0|0.499999911|0|0|0|0
5590,5590,6,3,3,0,0,0,0,0,0.0166666675,,19,0,19,0,,0,,0|0|1|0|0|0|0,0|0|1|0|0|0|0
5591,5591,6,2,2,255,255,0,0,0,0.0166666675,,19,0,19,0,3,0,,0|0|0.499999911|0|0|0|0,0|0|0.499999911|0|0|0|0
5591,5591,6,3,3,0,0,0,0,0,0.0166666675,,19,0,19,0,,0,,0|0|1|0|0|0|0,0|0|1|0|0|0|0
5592,5592,6,2,2,255,255,0,0,0,0.0166666675,,19,0,19,0,3,0,,0|0|0.499999911|0|0|0|0,0|0|0.499999911|0|0|0|0
5592,5592,6,3,3,0,0,0,0,0,0.0166666675,,19,0,19,0,,0,,0|0|1|0|0|0|0,0|0|1|0|0|0|0
5593,5593,6,2,2,255,255,0,0,0,0.0166666675,,19,0,19,0,3,0,,0|0|0.499999911|0|0|0|0,0|0|0.499999911|0|0|0|0
5593,5593,6,3,3,0,0,0,0,0,0.0166666675,,19,0,19,0,,0,,0|0|1|0|0|0|0,0|0|1|0|0|0|0
5594,5594,6,2,2,255,255,0,0,0,0.0166666675,,19,0,19,0,3,0,,0|0|0.499999911|0|0|0|0,0|0|0.499999911|0|0|0|0
5594,5594,6,3,3,0,0,0,0,0,0.0166666675,,19,0,19,0,,0,,0|0|1|0|0|0|0,0|0|1|0|0|0|0
5595,5595,6,2,2,255,255,0,0,0,0.0166666675,,19,0,19,0,3,0,,0|0|0.499999911|0|0|0|0,0|0|0.499999911|0|0|0|0
5595,5595,6,3,3,0,0,0,0,0,0.0166666675,,19,0,19,0,,0,,0|0|1|0|0|0|0,0|0|1|0|0|0|0
5596,5596,6,2,2,255,255,0,0,0,0.0166666675,,19,0,19,0,3,0,,0|0|0.499999911|0|0|0|0,0|0|0.499999911|0|0|0|0
5596,5596,6,3,3,0,0,0,0,0,0.0166666675,,19,0,19,0,,0,,0|0|1|0|0|0|0,0|0|1|0|0|0|0
5597,5597,6,2,2,255,255,0,0,0,0.0166666675,,19,0,19,0,3,0,,0|0|0.499999911|0|0|0|0,0|0|0.499999911|0|0|0|0
5597,5597,6,3,3,0,0,0,0,0,0.0166666675,,19,0,19,0,,0,,0|0|1|0|0|0|0,0|0|1|0|0|0|0
5598,5598,6,2,2,255,255,0,0,0,0.0166666675,,19,0,19,0,3,0,,0|0|0.499999911|0|0|0|0,0|0|0.499999911|0|0|0|0
5598,5598,6,3,3,0,0,0,0,0,0.0166666675,,19,0,19,0,,0,,0|0|1|0|0|0|0,0|0|1|0|0|0|0
5599,5599,6,2,2,255,255,0,0,0,0.0166666675,,19,0,19,0,3,0,,0|0|0.499999911|0|0|0|0,0|0|0.499999911|0|0|0|0
5599,5599,6,3,3,0,0,0,0,0,0.0166666675,,19,0,19,0,,0,,0|0|1|0|0|0|0,0|0|1|0|0|0|0
5600,5600,6,2,2,255,255,0,0,0,0.0166666675,,19,0,19,0,3,0,,0|0|0.499999911|0|0|0|0,0|0|0.499999911|0|0|0|0
5600,5600,6,3,3,0,0,0,0,0,0.0166666675,,19,0,19,0,,0,,0|0|1|0|0|0|0,0|0|1|0|0|0|0
5601,5601,6,2,2,255,255,0,0,0,0.0166666675,,19,0,19,0,3,0,,0|0|0.499999911|0|0|0|0,0|0|0.499999911|0|0|0|0
5601,5601,6,3,3,0,0,0,0,0,0.0166666675,,19,0,19,0,,0,,0|0|1|0|0|0|0,0|0|1|0|0|0|0
5602,5602,6,2,2,255,255,0,0,0,0.0166666675,,19,0,19,0,3,0,,0|0|0.499999911|0|0|0|0,0|0|0.499999911|0|0|0|0
5602,5602,6,3,3,0,0,0,0,0,0.0166666675,,19,0,19,0,,0,,0|0|1|0|0|0|0,0|0|1|0|0|0|0
5603,5603,6,2,2,255,255,0,0,0,0.0166666675,,19,0,19,0,3,0,,0|0|0.499999911|0|0|0|0,0|0|0.499999911|0|0|0|0
5603,5603,6,3,3,0,0,0,0,0,0.0166666675,,19,0,19,0,,0,,0|0|1|0|0|0|0,0|0|1|0|0|0|0
5604,5604,6,2,2,255,255,0,0,0,0.0166666675,,19,0,19,0,3,0,,0|0|0.499999911|0|0|0|0,0|0|0.499999911|0|0|0|0
5604,5604,6,3,3,0,0,0,0,0,0.0166666675,,19,0,19,0,,0,,0|0|1|0|0|0|0,0|0|1|0|0|0|0
5605,5605,6,2,2,255,255,0,0,0,0.0166666675,,19,0,19,0,3,0,,0|0|0.499999911|0|0|0|0,0|0|0.499999911|0|0|0|0
5605,5605,6,3,3,0,0,0,0,0,0.0166666675,,19,0,19,0,,0,,0|0|1|0|0|0|0,0|0|1|0|0|0|0
5606,5606,6,2,2,255,255,0,0,0,0.0166666675,,19,0,19,0,3,0,,0|0|0.499999911|0|0|0|0,0|0|0.499999911|0|0|0|0
5606,5606,6,3,3,0,0,0,0,0,0.0166666675,,19,0,19,0,,0,,0|0|1|0|0|0|0,0|0|1|0|0|0|0
5607,5607,6,2,2,255,255,0,0,0,0.0166666675,,19,0,19,0,3,0,,0|0|0.499999911|0|0|0|0,0|0|0.499999911|0|0|0|0
5607,5607,6,3,3,0,0,0,0,0,0.0166666675,,19,0,19,0,,0,,0|0|1|0|0|0|0,0|0|1|0|0|0|0
5608,5608,6,2,2,255,255,0,0,0,0.0166666675,,19,0,19,0,3,0,,0|0|0.499999911|0|0|0|0,0|0|0.499999911|0|0|0|0
5608,5608,6,3,3,0,0,0,0,0,0.0166666675,,19,0,19,0,,0,,0|0|1|0|0|0|0,0|0|1|0|0|0|0
5609,5609,6,2,2,255,255,0,0,0,0.0166666675,,19,0,19,0,3,0,,0|0|0.499999911|0|0|0|0,0|0|0.499999911|0|0|0|0
5609,5609,6,3,3,0,0,0,0,0,0.0166666675,,19,0,19,0,,0,,0|0|1|0|0|0|0,0|0|1|0|0|0|0
5610,5610,6,2,2,255,255,0,0,0,0.0166666675,,19,0,19,0,3,0,,0|0|0.499999911|0|0|0|0,0|0|0.499999911|0|0|0|0
5610,5610,6,3,3,0,0,0,0,0,0.0166666675,,19,0,19,0,,0,,0|0|1|0|0|0|0,0|0|1|0|0|0|0
5611,5611,6,2,2,255,255,0,0,0,0.0166666675,,19,0,19,0,3,0,,0|0|0.499999911|0|0|0|0,0|0|0.499999911|0|0|0|0
5611,5611,6,3,3,0,0,0,0,0,0.0166666675,,19,0,19,0,,0,,0|0|1|0|0|0|0,0|0|1|0|0|0|0
5612,5612,6,2,2,255,255,0,0,0,0.0166666675,,19,0,19,0,3,0,,0|0|0.499999911|0|0|0|0,0|0|0.499999911|0|0|0|0
5612,5612,6,3,3,0,0,0,0,0,0.0166666675,,19,0,19,0,,0,,0|0|1|0|0|0|0,0|0|1|0|0|0|0
5613,5613,6,2,2,255,255,0,0,0,0.0166666675,,19,0,19,0,3,0,,0|0|0.499999911|0|0|0|0,0|0|0.499999911|0|0|0|0
5613,5613,6,3,3,0,0,0,0,0,0.0166666675,,19,0,19,0,,0,,0|0|1|0|0|0|0,0|0|1|0|0|0|0
5614,5614,6,2,2,255,255,0,0,0,0.0166666675,,19,0,19,0,3,0,,0|0|0.499999911|0|0|0|0,0|0|0.499999911|0|0|0|0
5614,5614,6,3,3,0,0,0,0,0,0.0166666675,,19,0,19,0,,0,,0|0|1|0|0|0|0,0|0|1|0|0|0|0
5615,5615,6,2,2,255,255,0,0,0,0.0166666675,,19,0,19,0,3,0,,0|0|0.499999911|0|0|0|0,0|0|0.499999911|0|0|0|0
5615,5615,6,3,3,0,0,0,0,0,0.0166666675,,19,0,19,0,,0,,0|0|1|0|0|0|0,0|0|1|0|0|0|0
5616,5616,6,2,2,255,255,0,0,0,0.0166666675,,19,0,19,0,3,0,,0|0|0.499999911|0|0|0|0,0|0|0.499999911|0|0|0|0
5616,5616,6,3,3,0,0,0,0,0,0.0166666675,,19,0,19,0,,0,,0|0|1|0|0|0|0,0|0|1|0|0|0|0
5617,5617,6,2,2,255,255,0,0,0,0.0166666675,,19,0,19,0,3,0,,0|0|0.499999911|0|0|0|0,0|0|0.499999911|0|0|0|0
5617,5617,6,3,3,0,0,0,0,0,0.0166666675,,19,0,19,0,,0,,0|0|1|0|0|0|0,0|0|1|0|0|0|0
5618,5618,6,2,2,255,255,0,0,0,0.0166666675,,19,0,19,0,3,0,,0|0|0.499999911|0|0|0|0,0|0|0.499999911|0|0|0|0
5618,5618,6,3,3,0,0,0,0,0,0.0166666675,,19,0,19,0,,0,,0|0|1|0|0|0|0,0|0|1|0|0|0|0
5619,5619,6,2,2,255,255,0,0,0,0.0166666675,,19,0,19,0,3,0,,0|0|0.499999911|0|0|0|0,0|0|0.499999911|0|0|0|0
5619,5619,6,3,3,0,0,0,0,0,0.0166666675,,19,0,19,0,,0,,0|0|1|0|0|0|0,0|0|1|0|0|0|0
5620,5620,6,2,2,255,255,0,0,0,0.0166666675,,19,0,19,0,3,0,,0|0|0.499999911|0|0|0|0,0|0|0.499999911|0|0|0|0
5620,5620,6,3,3,0,0,0,0,0,0.0166666675,,19,0,19,0,,0,,0|0|1|0|0|0|0,0|0|1|0|0|0|0
5621,5621,6,2,2,255,255,0,0,0,0.0166666675,,19,0,19,0,3,0,,0|0|0.499999911|0|0|0|0,0|0|0.499999911|0|0|0|0
5621,5621,6,3,3,0,0,0,0,0,0.0166666675,,19,0,19,0,,0,,0|0|1|0|0|0|0,0|0|1|0|0|0|0
5622,5622,6,2,2,255,255,0,0,0,0.0166666675,,19,0,19,0,3,0,,0|0|0.499999911|0|0|0|0,0|0|0.499999911|0|0|0|0
5622,5622,6,3,3,0,0,0,0,0,0.0166666675,,19,0,19,0,,0,,0|0|1|0|0|0|0,0|0|1|0|0|0|0
5623,5623,6,2,2,255,255,0,0,0,0.0166666675,,19,0,19,0,3,0,,0|0|0.499999911|0|0|0|0,0|0|0.499999911|0|0|0|0
5623,5623,6,3,3,0,0,0,0,0,0.0166666675,,19,0,19,0,,0,,0|0|1|0|0|0|0,0|0|1|0|0|0|0
5624,5624,6,2,2,255,255,0,0,0,0.0166666675,,19,0,19,0,3,0,,0|0|0.499999911|0|0|0|0,0|0|0.499999911|0|0|0|0
5624,5624,6,3,3,0,0,0,0,0,0.0166666675,,19,0,19,0,,0,,0|0|1|0|0|0|0,0|0|1|0|0|0|0
5625,5625,6,2,2,255,255,0,0,0,0.0166666675,,19,0,19,0,3,0,,0|0|0.499999911|0|0|0|0,0|0|0.499999911|0|0|0|0
5625,5625,6,3,3,0,0,0,0,0,0.0166666675,,19,0,19,0,,0,,0|0|1|0|0|0|0,0|0|1|0|0|0|0
5626,5626,6,2,2,255,255,0,0,0,0.0166666675,,19,0,19,0,3,0,,0|0|0.499999911|0|0|0|0,0|0|0.499999911|0|0|0|0
5626,5626,6,3,3,0,0,0,0,0,0.0166666675,,19,0,19,0,,0,,0|0|1|0|0|0|0,0|0|1|0|0|0|0
5627,5627,6,2,2,255,255,0,0,0,0.0166666675,,19,0,19,0,3,0,,0|0|0.499999911|0|0|0|0,0|0|0.499999911|0|0|0|0
5627,5627,6,3,3,0,0,0,0,0,0.0166666675,,19,0,19,0,,0,,0|0|1|0|0|0|0,0|0|1|0|0|0|0
5628,5628,6,2,2,255,255,0,0,0,0.0166666675,,19,0,19,0,3,0,,0|0|0.499999911|0|0|0|0,0|0|0.499999911|0|0|0|0
5628,5628,6,3,3,0,0,0,0,0,0.0166666675,,19,0,19,0,,0,,0|0|1|0|0|0|0,0|0|1|0|0|0|0
5629,5629,6,2,2,255,255,0,0,0,0.0166666675,,19,0,19,0,3,0,,0|0|0.499999911|0|0|0|0,0|0|0.499999911|0|0|0|0
5629,5629,6,3,3,0,0,0,0,0,0.0166666675,,19,0,19,0,,0,,0|0|1|0|0|0|0,0|0|1|0|0|0|0
5630,5630,6,2,2,255,255,0,0,0,0.0166666675,,19,0,19,0,3,0,,0|0|0.499999911|0|0|0|0,0|0|0.499999911|0|0|0|0
5630,5630,6,3,3,0,0,0,0,0,0.0166666675,,19,0,19,0,,0,,0|0|1|0|0|0|0,0|0|1|0|0|0|0
5631,5631,6,2,2,255,255,0,0,0,0.0166666675,,19,0,19,0,3,0,,0|0|0.499999911|0|0|0|0,0|0|0.499999911|0|0|0|0
5631,5631,6,3,3,0,0,0,0,0,0.0166666675,,19,0,19,0,,0,,0|0|1|0|0|0|0,0|0|1|0|0|0|0
5632,5632,6,2,2,255,255,0,0,0,0.0166666675,,19,0,19,0,3,0,,0|0|0.499999911|0|0|0|0,0|0|0.499999911|0|0|0|0
5632,5632,6,3,3,0,0,0,0,0,0.0166666675,,19,0,19,0,,0,,0|0|1|0|0|0|0,0|0|1|0|0|0|0
5633,5633,6,2,2,255,255,0,0,0,0.0166666675,,19,0,19,0,3,0,,0|0|0.499999911|0|0|0|0,0|0|0.499999911|0|0|0|0
5633,5633,6,3,3,0,0,0,0,0,0.0166666675,,19,0,19,0,,0,,0|0|1|0|0|0|0,0|0|1|0|0|0|0
5634,5634,6,2,2,255,255,0,0,0,0.0166666675,,19,0,19,0,3,0,,0|0|0.499999911|0|0|0|0,0|0|0.499999911|0|0|0|0
5634,5634,6,3,3,0,0,0,0,0,0.0166666675,,19,0,19,0,,0,,0|0|1|0|0|0|0,0|0|1|0|0|0|0
5635,5635,6,2,2,255,255,0,0,0,0.0166666675,,19,0,19,0,3,0,,0|0|0.499999911|0|0|0|0,0|0|0.499999911|0|0|0|0
5635,5635,6,3,3,0,0,0,0,0,0.0166666675,,19,0,19,0,,0,,0|0|1|0|0|0|0,0|0|1|0|0|0|0
5636,5636,6,2,2,255,255,0,0,0,0.0166666675,,19,0,19,0,3,0,,0|0|0.499999911|0|0|0|0,0|0|0.499999911|0|0|0|0
5636,5636,6,3,3,0,0,0,0,0,0.0166666675,,19,0,19,0,,0,,0|0|1|0|0|0|0,0|0|1|0|0|0|0
5637,5637,6,2,2,255,255,0,0,0,0.0166666675,,19,0,19,0,3,0,,0|0|0.499999911|0|0|0|0,0|0|0.499999911|0|0|0|0
5637,5637,6,3,3,0,0,0,0,0,0.0166666675,,19,0,19,0,,0,,0|0|1|0|0|0|0,0|0|1|0|0|0|0
5638,5638,6,2,2,255,255,0,0,0,0.0166666675,,19,0,19,0,3,0,,0|0|0.499999911|0|0|0|0,0|0|0.499999911|0|0|0|0
5638,5638,6,3,3,0,0,0,0,0,0.0166666675,,19,0,19,0,,0,,0|0|1|0|0|0|0,0|0|1|0|0|0|0
5639,5639,6,2,2,255,255,0,0,0,0.0166666675,,19,0,19,0,3,0,,0|0|0.499999911|0|0|0|0,0|0|0.499999911|0|0|0|0
5639,5639,6,3,3,0,0,0,0,0,0.0166666675,,19,0,19,0,,0,,0|0|1|0|0|0|0,0|0|1|0|0|0|0
5640,5640,6,2,2,255,255,0,0,0,0.0166666675,,19,0,19,0,3,0,,0|0|0.499999911|0|0|0|0,0|0|0.499999911|0|0|0|0
5640,5640,6,3,3,0,0,0,0,0,0.0166666675,,19,0,19,0,,0,,0|0|1|0|0|0|0,0|0|1|0|0|0|0
5641,5641,6,2,2,255,255,0,0,0,0.0166666675,,19,0,19,0,3,0,,0|0|0.499999911|0|0|0|0,0|0|0.499999911|0|0|0|0
5641,5641,6,3,3,0,0,0,0,0,0.0166666675,,19,0,19,0,,0,,0|0|1|0|0|0|0,0|0|1|0|0|0|0
5642,5642,6,2,2,255,255,0,0,0,0.0166666675,,19,0,19,0,3,0,,0|0|0.499999911|0|0|0|0,0|0|0.499999911|0|0|0|0
5642,5642,6,3,3,0,0,0,0,0,0.0166666675,,19,0,19,0,,0,,0|0|1|0|0|0|0,0|0|1|0|0|0|0
5643,5643,6,2,2,255,255,0,0,0,0.0166666675,,19,0,19,0,3,0,,0|0|0.499999911|0|0|0|0,0|0|0.499999911|0|0|0|0
5643,5643,6,3,3,0,0,0,0,0,0.0166666675,,19,0,19,0,,0,,0|0|1|0|0|0|0,0|0|1|0|0|0|0
5644,5644,6,2,2,255,255,0,0,0,0.0166666675,,19,0,19,0,3,0,,0|0|0.499999911|0|0|0|0,0|0|0.499999911|0|0|0|0
5644,5644,6,3,3,0,0,0,0,0,0.0166666675,,19,0,19,0,,0,,0|0|1|0|0|0|0,0|0|1|0|0|0|0
5645,5645,6,2,2,255,255,0,0,0,0.0166666675,,19,0,19,0,3,0,,0|0|0.499999911|0|0|0|0,0|0|0.499999911|0|0|0|0
5645,5645,6,3,3,0,0,0,0,0,0.0166666675,,19,0,19,0,,0,,0|0|1|0|0|0|0,0|0|1|0|0|0|0
5646,5646,6,2,2,255,255,0,0,0,0.0166666675,,19,0,19,0,3,0,,0|0|0.499999911|0|0|0|0,0|0|0.499999911|0|0|0|0
5646,5646,6,3,3,0,0,0,0,0,0.0166666675,,19,0,19,0,,0,,0|0|1|0|0|0|0,0|0|1|0|0|0|0
5647,5647,6,2,2,255,255,0,0,0,0.0166666675,,19,0,19,0,3,0,,0|0|0.499999911|0|0|0|0,0|0|0.499999911|0|0|0|0
5647,5647,6,3,3,0,0,0,0,0,0.0166666675,,19,0,19,0,,0,,0|0|1|0|0|0|0,0|0|1|0|0|0|0
5648,5648,6,2,2,255,255,0,0,0,0.0166666675,,19,0,19,0,3,0,,0|0|0.499999911|0|0|0|0,0|0|0.499999911|0|0|0|0
5648,5648,6,3,3,0,0,0,0,0,0.0166666675,,19,0,19,0,,0,,0|0|1|0|0|0|0,0|0|1|0|0|0|0
5649,5649,6,2,2,255,255,0,0,0,0.0166666675,,19,0,19,0,3,0,,0|0|0.499999911|0|0|0|0,0|0|0.499999911|0|0|0|0
5649,5649,6,3,3,0,0,0,0,0,0.0166666675,,19,0,19,0,,0,,0|0|1|0|0|0|0,0|0|1|0|0|0|0
5650,5650,6,2,2,255,255,0,0,0,0.0166666675,,19,0,19,0,3,0,,0|0|0.499999911|0|0|0|0,0|0|0.499999911|0|0|0|0
5650,5650,6,3,3,0,0,0,0,0,0.0166666675,,19,0,19,0,,0,,0|0|1|0|0|0|0,0|0|1|0|0|0|0
5651,5651,6,2,2,255,255,0,0,0,0.0166666675,,19,0,19,0,3,0,,0|0|0.499999911|0|0|0|0,0|0|0.499999911|0|0|0|0
5651,5651,6,3,3,0,0,0,0,0,0.0166666675,,19,0,19,0,,0,,0|0|1|0|0|0|0,0|0|1|0|0|0|0
5652,5652,6,2,2,255,255,0,0,0,0.0166666675,,19,0,19,0,3,0,,0|0|0.499999911|0|0|0|0,0|0|0.499999911|0|0|0|0
5652,5652,6,3,3,0,0,0,0,0,0.0166666675,,19,0,19,0,,0,,0|0|1|0|0|0|0,0|0|1|0|0|0|0
5653,5653,6,2,2,255,255,0,0,0,0.0166666675,,19,0,19,0,3,0,,0|0|0.499999911|0|0|0|0,0|0|0.499999911|0|0|0|0
5653,5653,6,3,3,0,0,0,0,0,0.0166666675,,19,0,19,0,,0,,0|0|1|0|0|0|0,0|0|1|0|0|0|0
5654,5654,6,2,2,255,255,0,0,0,0.0166666675,,19,0,19,0,3,0,,0|0|0.499999911|0|0|0|0,0|0|0.499999911|0|0|0|0
5654,5654,6,3,3,0,0,0,0,0,0.0166666675,,19,0,19,0,,0,,0|0|1|0|0|0|0,0|0|1|0|0|0|0
5655,5655,6,2,2,255,255,0,0,0,0.0166666675,,19,0,19,0,3,0,,0|0|0.499999911|0|0|0|0,0|0|0.499999911|0|0|0|0
5655,5655,6,3,3,0,0,0,0,0,0.0166666675,,19,0,19,0,,0,,0|0|1|0|0|0|0,0|0|1|0|0|0|0
5656,5656,6,2,2,255,255,0,0,0,0.0166666675,,19,0,19,0,3,0,,0|0|0.499999911|0|0|0|0,0|0|0.499999911|0|0|0|0
5656,5656,6,3,3,0,0,0,0,0,0.0166666675,,19,0,19,0,,0,,0|0|1|0|0|0|0,0|0|1|0|0|0|0
5657,5657,6,2,2,255,255,0,0,0,0.0166666675,,19,0,19,0,3,0,,0|0|0.499999911|0|0|0|0,0|0|0.499999911|0|0|0|0
5657,5657,6,3,3,0,0,0,0,0,0.0166666675,,19,0,19,0,,0,,0|0|1|0|0|0|0,0|0|1|0|0|0|0
5658,5658,6,2,2,255,255,0,0,0,0.0166666675,,19,0,19,0,3,0,,0|0|0.499999911|0|0|0|0,0|0|0.499999911|0|0|0|0
5658,5658,6,3,3,0,0,0,0,0,0.0166666675,,19,0,19,0,,0,,0|0|1|0|0|0|0,0|0|1|0|0|0|0
5659,5659,6,2,2,255,255,0,0,0,0.0166666675,,19,0,19,0,3,0,,0|0|0.499999911|0|0|0|0,0|0|0.499999911|0|0|0|0
5659,5659,6,3,3,0,0,0,0,0,0.0166666675,,19,0,19,0,,0,,0|0|1|0|0|0|0,0|0|1|0|0|0|0
5660,5660,6,2,2,255,255,0,0,0,0.0166666675,,19,0,19,0,3,0,,0|0|0.499999911|0|0|0|0,0|0|0.499999911|0|0|0|0
5660,5660,6,3,3,0,0,0,0,0,0.0166666675,,19,0,19,0,,0,,0|0|1|0|0|0|0,0|0|1|0|0|0|0
5661,5661,6,2,2,255,255,0,0,0,0.0166666675,,19,0,19,0,3,0,,0|0|0.499999911|0|0|0|0,0|0|0.499999911|0|0|0|0
5661,5661,6,3,3,0,0,0,0,0,0.0166666675,,19,0,19,0,,0,,0|0|1|0|0|0|0,0|0|1|0|0|0|0
5662,5662,6,2,2,255,255,0,0,0,0.0166666675,,19,0,19,0,3,0,,0|0|0.499999911|0|0|0|0,0|0|0.499999911|0|0|0|0
5662,5662,6,3,3,0,0,0,0,0,0.0166666675,,19,0,19,0,,0,,0|0|1|0|0|0|0,0|0|1|0|0|0|0
5663,5663,6,2,2,255,255,0,0,0,0.0166666675,,19,0,19,0,3,0,,0|0|0.499999911|0|0|0|0,0|0|0.499999911|0|0|0|0
5663,5663,6,3,3,0,0,0,0,0,0.0166666675,,19,0,19,0,,0,,0|0|1|0|0|0|0,0|0|1|0|0|0|0
5664,5664,6,2,2,255,255,0,0,0,0.0166666675,,19,0,19,0,3,0,,0|0|0.499999911|0|0|0|0,0|0|0.499999911|0|0|0|0
5664,5664,6,3,3,0,0,0,0,0,0.0166666675,,19,0,19,0,,0,,0|0|1|0|0|0|0,0|0|1|0|0|0|0
5665,5665,6,2,2,255,255,0,0,0,0.0166666675,,19,0,19,0,3,0,,0|0|0.499999911|0|0|0|0,0|0|0.499999911|0|0|0|0
5665,5665,6,3,3,0,0,0,0,0,0.0166666675,,19,0,19,0,,0,,0|0|1|0|0|0|0,0|0|1|0|0|0|0
5666,5666,6,2,2,255,255,0,0,0,0.0166666675,,19,0,19,0,3,0,,0|0|0.499999911|0|0|0|0,0|0|0.499999911|0|0|0|0
5666,5666,6,3,3,0,0,0,0,0,0.0166666675,,19,0,19,0,,0,,0|0|1|0|0|0|0,0|0|1|0|0|0|0
5667,5667,6,2,2,255,255,0,0,0,0.0166666675,,19,0,19,0,3,0,,0|0|0.499999911|0|0|0|0,0|0|0.499999911|0|0|0|0
5667,5667,6,3,3,0,0,0,0,0,0.0166666675,,19,0,19,0,,0,,0|0|1|0|0|0|0,0|0|1|0|0|0|0
5668,5668,6,2,2,255,255,0,0,0,0.0166666675,,19,0,19,0,3,0,,0|0|0.499999911|0|0|0|0,0|0|0.499999911|0|0|0|0
5668,5668,6,3,3,0,0,0,0,0,0.0166666675,,19,0,19,0,,0,,0|0|1|0|0|0|0,0|0|1|0|0|0|0
5669,5669,6,2,2,255,255,0,0,0,0.0166666675,,19,0,19,0,3,0,,0|0|0.499999911|0|0|0|0,0|0|0.499999911|0|0|0|0
5669,5669,6,3,3,0,0,0,0,0,0.0166666675,,19,0,19,0,,0,,0|0|1|0|0|0|0,0|0|1|0|0|0|0
5670,5670,6,2,2,255,255,0,0,0,0.0166666675,,19,0,19,0,3,0,,0|0|0.499999911|0|0|0|0,0|0|0.499999911|0|0|0|0
5670,5670,6,3,3,0,0,0,0,0,0.0166666675,,19,0,19,0,,0,,0|0|1|0|0|0|0,0|0|1|0|0|0|0
5671,5671,6,2,2,255,255,0,0,0,0.0166666675,,19,0,19,0,3,0,,0|0|0.499999911|0|0|0|0,0|0|0.499999911|0|0|0|0
5671,5671,6,3,3,0,0,0,0,0,0.0166666675,,19,0,19,0,,0,,0|0|1|0|0|0|0,0|0|1|0|0|0|0
5672,5672,6,2,2,255,255,0,0,0,0.0166666675,,19,0,19,0,3,0,,0|0|0.499999911|0|0|0|0,0|0|0.499999911|0|0|0|0
5672,5672,6,3,3,0,0,0,0,0,0.0166666675,,19,0,19,0,,0,,0|0|1|0|0|0|0,0|0|1|0|0|0|0
5673,5673,6,2,2,255,255,0,0,0,0.0166666675,,19,0,19,0,3,0,,0|0|0.499999911|0|0|0|0,0|0|0.499999911|0|0|0|0
5673,5673,6,3,3,0,0,0,0,0,0.0166666675,,19,0,19,0,,0,,0|0|1|0|0|0|0,0|0|1|0|0|0|0
5674,5674,6,2,2,255,255,0,0,0,0.0166666675,,19,0,19,0,3,0,,0|0|0.499999911|0|0|0|0,0|0|0.499999911|0|0|0|0
5674,5674,6,3,3,0,0,0,0,0,0.0166666675,,19,0,19,0,,0,,0|0|1|0|0|0|0,0|0|1|0|0|0|0
5675,5675,6,2,2,255,255,0,0,0,0.0166666675,,19,0,19,0,3,0,,0|0|0.499999911|0|0|0|0,0|0|0.499999911|0|0|0|0
5675,5675,6,3,3,0,0,0,0,0,0.0166666675,,19,0,19,0,,0,,0|0|1|0|0|0|0,0|0|1|0|0|0|0
5676,5676,6,2,2,255,255,0,0,0,0.0166666675,,19,0,19,0,3,0,,0|0|0.499999911|0|0|0|0,0|0|0.499999911|0|0|0|0
5676,5676,6,3,3,0,0,0,0,0,0.0166666675,,19,0,19,0,,0,,0|0|1|0|0|0|0,0|0|1|0|0|0|0
5677,5677,6,2,2,255,255,0,0,0,0.0166666675,,19,0,19,0,3,0,,0|0|0.499999911|0|0|0|0,0|0|0.499999911|0|0|0|0
5677,5677,6,3,3,0,0,0,0,0,0.0166666675,,19,0,19,0,,0,,0|0|1|0|0|0|0,0|0|1|0|0|0|0
5678,5678,6,2,2,255,255,0,0,0,0.0166666675,,19,0,19,0,3,0,,0|0|0.499999911|0|0|0|0,0|0|0.499999911|0|0|0|0
5678,5678,6,3,3,0,0,0,0,0,0.0166666675,,19,0,19,0,,0,,0|0|1|0|0|0|0,0|0|1|0|0|0|0
5679,5679,6,2,2,255,255,0,0,0,0.0166666675,,19,0,19,0,3,0,,0|0|0.499999911|0|0|0|0,0|0|0.499999911|0|0|0|0
5679,5679,6,3,3,0,0,0,0,0,0.0166666675,,19,0,19,0,,0,,0|0|1|0|0|0|0,0|0|1|0|0|0|0
5680,5680,6,2,2,255,255,0,0,0,0.0166666675,,19,0,19,0,3,0,,0|0|0.499999911|0|0|0|0,0|0|0.499999911|0|0|0|0
5680,5680,6,3,3,0,0,0,0,0,0.0166666675,,19,0,19,0,,0,,0|0|1|0|0|0|0,0|0|1|0|0|0|0
5681,5681,6,2,2,255,255,0,0,0,0.0166666675,,19,0,19,0,3,0,,0|0|0.499999911|0|0|0|0,0|0|0.499999911|0|0|0|0
5681,5681,6,3,3,0,0,0,0,0,0.0166666675,,19,0,19,0,,0,,0|0|1|0|0|0|0,0|0|1|0|0|0|0
5682,5682,6,2,2,255,255,0,0,0,0.0166666675,,19,0,19,0,3,0,,0|0|0.499999911|0|0|0|0,0|0|0.499999911|0|0|0|0
5682,5682,6,3,3,0,0,0,0,0,0.0166666675,,19,0,19,0,,0,,0|0|1|0|0|0|0,0|0|1|0|0|0|0
5683,5683,6,2,2,255,255,0,0,0,0.0166666675,,19,0,19,0,3,0,,0|0|0.499999911|0|0|0|0,0|0|0.499999911|0|0|0|0
5683,5683,6,3,3,0,0,0,0,0,0.0166666675,,19,0,19,0,,0,,0|0|1|0|0|0|0,0|0|1|0|0|0|0
5684,5684,6,2,2,255,255,0,0,0,0.0166666675,,19,0,19,0,3,0,,0|0|0.499999911|0|0|0|0,0|0|0.499999911|0|0|0|0
5684,5684,6,3,3,0,0,0,0,0,0.0166666675,,19,0,19,0,,0,,0|0|1|0|0|0|0,0|0|1|0|0|0|0
5685,5685,6,2,2,255,255,0,0,0,0.0166666675,,19,0,19,0,3,0,,0|0|0.499999911|0|0|0|0,0|0|0.499999911|0|0|0|0
5685,5685,6,3,3,0,0,0,0,0,0.0166666675,,19,0,19,0,,0,,0|0|1|0|0|0|0,0|0|1|0|0|0|0
5686,5686,6,2,2,255,255,0,0,0,0.0166666675,,19,0,19,0,3,0,,0|0|0.499999911|0|0|0|0,0|0|0.499999911|0|0|0|0
5686,5686,6,3,3,0,0,0,0,0,0.0166666675,,19,0,19,0,,0,,0|0|1|0|0|0|0,0|0|1|0|0|0|0
5687,5687,6,2,2,255,255,0,0,0,0.0166666675,,19,0,19,0,3,0,,0|0|0.499999911|0|0|0|0,0|0|0.499999911|0|0|0|0
5687,5687,6,3,3,0,0,0,0,0,0.0166666675,,19,0,19,0,,0,,0|0|1|0|0|0|0,0|0|1|0|0|0|0
5688,5688,6,2,2,255,255,0,0,0,0.0166666675,,19,0,19,0,3,0,,0|0|0.499999911|0|0|0|0,0|0|0.499999911|0|0|0|0
5688,5688,6,3,3,0,0,0,0,0,0.0166666675,,19,0,19,0,,0,,0|0|1|0|0|0|0,0|0|1|0|0|0|0
5689,5689,6,2,2,255,255,0,0,0,0.0166666675,,19,0,19,0,3,0,,0|0|0.499999911|0|0|0|0,0|0|0.499999911|0|0|0|0
5689,5689,6,3,3,0,0,0,0,0,0.0166666675,,19,0,19,0,,0,,0|0|1|0|0|0|0,0|0|1|0|0|0|0
5690,5690,6,2,2,255,255,0,0,0,0.0166666675,,19,0,19,0,3,0,,0|0|0.499999911|0|0|0|0,0|0|0.499999911|0|0|0|0
5690,5690,6,3,3,0,0,0,0,0,0.0166666675,,19,0,19,0,,0,,0|0|1|0|0|0|0,0|0|1|0|0|0|0
5691,5691,6,2,2,255,255,0,0,0,0.0166666675,,19,0,19,0,3,0,,0|0|0.499999911|0|0|0|0,0|0|0.499999911|0|0|0|0
5691,5691,6,3,3,0,0,0,0,0,0.0166666675,,19,0,19,0,,0,,0|0|1|0|0|0|0,0|0|1|0|0|0|0
5692,5692,6,2,2,255,255,0,0,0,0.0166666675,,19,0,19,0,3,0,,0|0|0.499999911|0|0|0|0,0|0|0.499999911|0|0|0|0
5692,5692,6,3,3,0,0,0,0,0,0.0166666675,,19,0,19,0,,0,,0|0|1|0|0|0|0,0|0|1|0|0|0|0
5693,5693,6,2,2,255,255,0,0,0,0.0166666675,,19,0,19,0,3,0,,0|0|0.499999911|0|0|0|0,0|0|0.499999911|0|0|0|0
5693,5693,6,3,3,0,0,0,0,0,0.0166666675,,19,0,19,0,,0,,0|0|1|0|0|0|0,0|0|1|0|0|0|0
5694,5694,6,2,2,255,255,0,0,0,0.0166666675,,19,0,19,0,3,0,,0|0|0.499999911|0|0|0|0,0|0|0.499999911|0|0|0|0
5694,5694,6,3,3,0,0,0,0,0,0.0166666675,,19,0,19,0,,0,,0|0|1|0|0|0|0,0|0|1|0|0|0|0
5695,5695,6,2,2,255,255,0,0,0,0.0166666675,,19,0,19,0,3,0,,0|0|0.499999911|0|0|0|0,0|0|0.499999911|0|0|0|0
5695,5695,6,3,3,0,0,0,0,0,0.0166666675,,19,0,19,0,,0,,0|0|1|0|0|0|0,0|0|1|0|0|0|0
5696,5696,6,2,2,255,255,0,0,0,0.0166666675,,19,0,19,0,3,0,,0|0|0.499999911|0|0|0|0,0|0|0.499999911|0|0|0|0
5696,5696,6,3,3,0,0,0,0,0,0.0166666675,,19,0,19,0,,0,,0|0|1|0|0|0|0,0|0|1|0|0|0|0
5697,5697,6,2,2,255,255,0,0,0,0.0166666675,,19,0,19,0,3,0,,0|0|0.499999911|0|0|0|0,0|0|0.499999911|0|0|0|0
5697,5697,6,3,3,0,0,0,0,0,0.0166666675,,19,0,19,0,,0,,0|0|1|0|0|0|0,0|0|1|0|0|0|0
5698,5698,6,2,2,255,255,0,0,0,0.0166666675,,19,0,19,0,3,0,,0|0|0.499999911|0|0|0|0,0|0|0.499999911|0|0|0|0
5698,5698,6,3,3,0,0,0,0,0,0.0166666675,,19,0,19,0,,0,,0|0|1|0|0|0|0,0|0|1|0|0|0|0
5699,5699,6,2,2,255,255,0,0,0,0.0166666675,,19,0,19,0,3,0,,0|0|0.499999911|0|0|0|0,0|0|0.499999911|0|0|0|0
5699,5699,6,3,3,0,0,0,0,0,0.0166666675,,19,0,19,0,,0,,0|0|1|0|0|0|0,0|0|1|0|0|0|0
5700,5700,6,2,2,255,255,0,0,0,0.0166666675,,19,0,19,0,3,0,,0|0|0.499999911|0|0|0|0,0|0|0.499999911|0|0|0|0
5700,5700,6,3,3,0,0,0,0,0,0.0166666675,,19,0,19,0,,0,,0|0|1|0|0|0|0,0|0|1|0|0|0|0
5701,5701,6,2,2,255,255,0,0,0,0.0166666675,,19,0,19,0,3,0,,0|0|0.499999911|0|0|0|0,0|0|0.499999911|0|0|0|0
5701,5701,6,3,3,0,0,0,0,0,0.0166666675,,19,0,19,0,,0,,0|0|1|0|0|0|0,0|0|1|0|0|0|0
5702,5702,6,2,2,255,255,0,0,0,0.0166666675,,19,0,19,0,3,0,,0|0|0.499999911|0|0|0|0,0|0|0.499999911|0|0|0|0
5702,5702,6,3,3,0,0,0,0,0,0.0166666675,,19,0,19,0,,0,,0|0|1|0|0|0|0,0|0|1|0|0|0|0
5703,5703,6,2,2,255,255,0,0,0,0.0166666675,,19,0,19,0,3,0,,0|0|0.499999911|0|0|0|0,0|0|0.499999911|0|0|0|0
5703,5703,6,3,3,0,0,0,0,0,0.0166666675,,19,0,19,0,,0,,0|0|1|0|0|0|0,0|0|1|0|0|0|0
5704,5704,6,2,2,255,255,0,0,0,0.0166666675,,19,0,19,0,3,0,,0|0|0.499999911|0|0|0|0,0|0|0.499999911|0|0|0|0
5704,5704,6,3,3,0,0,0,0,0,0.0166666675,,19,0,19,0,,0,,0|0|1|0|0|0|0,0|0|1|0|0|0|0
5705,5705,6,2,2,255,255,0,0,0,0.0166666675,,19,0,19,0,3,0,,0|0|0.499999911|0|0|0|0,0|0|0.499999911|0|0|0|0
5705,5705,6,3,3,0,0,0,0,0,0.0166666675,,19,0,19,0,,0,,0|0|1|0|0|0|0,0|0|1|0|0|0|0
5706,5706,6,2,2,255,255,0,0,0,0.0166666675,,19,0,19,0,3,0,,0|0|0.499999911|0|0|0|0,0|0|0.499999911|0|0|0|0
5706,5706,6,3,3,0,0,0,0,0,0.0166666675,,19,0,19,0,,0,,0|0|1|0|0|0|0,0|0|1|0|0|0|0
5707,5707,6,2,2,255,255,0,0,0,0.0166666675,,19,0,19,0,3,0,,0|0|0.499999911|0|0|0|0,0|0|0.499999911|0|0|0|0
5707,5707,6,3,3,0,0,0,0,0,0.0166666675,,19,0,19,0,,0,,0|0|1|0|0|0|0,0|0|1|0|0|0|0
5708,5708,6,2,2,255,255,0,0,0,0.0166666675,,19,0,19,0,3,0,,0|0|0.499999911|0|0|0|0,0|0|0.499999911|0|0|0|0
5708,5708,6,3,3,0,0,0,0,0,0.0166666675,,19,0,19,0,,0,,0|0|1|0|0|0|0,0|0|1|0|0|0|0
5709,5709,6,2,2,255,255,0,0,0,0.0166666675,,19,0,19,0,3,0,,0|0|0.499999911|0|0|0|0,0|0|0.499999911|0|0|0|0
5709,5709,6,3,3,0,0,0,0,0,0.0166666675,,19,0,19,0,,0,,0|0|1|0|0|0|0,0|0|1|0|0|0|0
5710,5710,6,2,2,255,255,0,0,0,0.0166666675,,19,0,19,0,3,0,,0|0|0.499999911|0|0|0|0,0|0|0.499999911|0|0|0|0
5710,5710,6,3,3,0,0,0,0,0,0.0166666675,,19,0,19,0,,0,,0|0|1|0|0|0|0,0|0|1|0|0|0|0
5711,5711,6,2,2,255,255,0,0,0,0.0166666675,,19,0,19,0,3,0,,0|0|0.499999911|0|0|0|0,0|0|0.499999911|0|0|0|0
5711,5711,6,3,3,0,0,0,0,0,0.0166666675,,19,0,19,0,,0,,0|0|1|0|0|0|0,0|0|1|0|0|0|0
5712,5712,6,2,2,255,255,0,0,0,0.0166666675,,19,0,19,0,3,0,,0|0|0.499999911|0|0|0|0,0|0|0.499999911|0|0|0|0
5712,5712,6,3,3,0,0,0,0,0,0.0166666675,,19,0,19,0,,0,,0|0|1|0|0|0|0,0|0|1|0|0|0|0
5713,5713,6,2,2,255,255,0,0,0,0.0166666675,,19,0,19,0,3,0,,0|0|0.499999911|0|0|0|0,0|0|0.499999911|0|0|0|0
5713,5713,6,3,3,0,0,0,0,0,0.0166666675,,19,0,19,0,,0,,0|0|1|0|0|0|0,0|0|1|0|0|0|0
5714,5714,6,2,2,255,255,0,0,0,0.0166666675,,19,0,19,0,3,0,,0|0|0.499999911|0|0|0|0,0|0|0.499999911|0|0|0|0
5714,5714,6,3,3,0,0,0,0,0,0.0166666675,,19,0,19,0,,0,,0|0|1|0|0|0|0,0|0|1|0|0|0|0
5715,5715,6,2,2,255,255,0,0,0,0.0166666675,,19,0,19,0,3,0,,0|0|0.499999911|0|0|0|0,0|0|0.499999911|0|0|0|0
5715,5715,6,3,3,0,0,0,0,0,0.0166666675,,19,0,19,0,,0,,0|0|1|0|0|0|0,0|0|1|0|0|0|0
5716,5716,6,2,2,255,255,0,0,0,0.0166666675,,19,0,19,0,3,0,,0|0|0.499999911|0|0|0|0,0|0|0.499999911|0|0|0|0
5716,5716,6,3,3,0,0,0,0,0,0.0166666675,,19,0,19,0,,0,,0|0|1|0|0|0|0,0|0|1|0|0|0|0
5717,5717,6,2,2,255,255,0,0,0,0.0166666675,,19,0,19,0,3,0,,0|0|0.499999911|0|0|0|0,0|0|0.499999911|0|0|0|0
5717,5717,6,3,3,0,0,0,0,0,0.0166666675,,19,0,19,0,,0,,0|0|1|0|0|0|0,0|0|1|0|0|0|0
5718,5718,6,2,2,255,255,0,0,0,0.0166666675,,19,0,19,0,3,0,,0|0|0.499999911|0|0|0|0,0|0|0.499999911|0|0|0|0
5718,5718,6,3,3,0,0,0,0,0,0.0166666675,,19,0,19,0,,0,,0|0|1|0|0|0|0,0|0|1|0|0|0|0
5719,5719,6,2,2,255,255,0,0,0,0.0166666675,,19,0,19,0,3,0,,0|0|0.499999911|0|0|0|0,0|0|0.499999911|0|0|0|0
5719,5719,6,3,3,0,0,0,0,0,0.0166666675,,19,0,19,0,,0,,0|0|1|0|0|0|0,0|0|1|0|0|0|0
5720,5720,6,2,2,255,255,0,0,0,0.0166666675,,19,0,19,0,3,0,,0|0|0.499999911|0|0|0|0,0|0|0.499999911|0|0|0|0
5720,5720,6,3,3,0,0,0,0,0,0.0166666675,,19,0,19,0,,0,,0|0|1|0|0|0|0,0|0|1|0|0|0|0
5721,5721,6,2,2,255,255,0,0,0,0.0166666675,,19,0,19,0,3,0,,0|0|0.499999911|0|0|0|0,0|0|0.499999911|0|0|0|0
5721,5721,6,3,3,0,0,0,0,0,0.0166666675,,19,0,19,0,,0,,0|0|1|0|0|0|0,0|0|1|0|0|0|0
5722,5722,6,2,2,255,255,0,0,0,0.0166666675,,19,0,19,0,3,0,,0|0|0.499999911|0|0|0|0,0|0|0.499999911|0|0|0|0
5722,5722,6,3,3,0,0,0,0,0,0.0166666675,,19,0,19,0,,0,,0|0|1|0|0|0|0,0|0|1|0|0|0|0
5723,5723,6,2,2,255,255,0,0,0,0.0166666675,,19,0,19,0,3,0,,0|0|0.499999911|0|0|0|0,0|0|0.499999911|0|0|0|0
5723,5723,6,3,3,0,0,0,0,0,0.0166666675,,19,0,19,0,,0,,0|0|1|0|0|0|0,0|0|1|0|0|0|0
5724,5724,6,2,2,255,255,0,0,0,0.0166666675,,19,0,19,0,3,0,,0|0|0.499999911|0|0|0|0,0|0|0.499999911|0|0|0|0
5724,5724,6,3,3,0,0,0,0,0,0.0166666675,,19,0,19,0,,0,,0|0|1|0|0|0|0,0|0|1|0|0|0|0
5725,5725,6,2,2,255,255,0,0,0,0.0166666675,,19,0,19,0,3,0,,0|0|0.499999911|0|0|0|0,0|0|0.499999911|0|0|0|0
5725,5725,6,3,3,0,0,0,0,0,0.0166666675,,19,0,19,0,,0,,0|0|1|0|0|0|0,0|0|1|0|0|0|0
5726,5726,6,2,2,255,255,0,0,0,0.0166666675,,19,0,19,0,3,0,,0|0|0.499999911|0|0|0|0,0|0|0.499999911|0|0|0|0
5726,5726,6,3,3,0,0,0,0,0,0.0166666675,,19,0,19,0,,0,,0|0|1|0|0|0|0,0|0|1|0|0|0|0
5727,5727,6,2,2,255,255,0,0,0,0.0166666675,,19,0,19,0,3,0,,0|0|0.499999911|0|0|0|0,0|0|0.499999911|0|0|0|0
5727,5727,6,3,3,0,0,0,0,0,0.0166666675,,19,0,19,0,,0,,0|0|1|0|0|0|0,0|0|1|0|0|0|0
5728,5728,6,2,2,255,255,0,0,0,0.0166666675,,19,0,19,0,3,0,,0|0|0.499999911|0|0|0|0,0|0|0.499999911|0|0|0|0
5728,5728,6,3,3,0,0,0,0,0,0.0166666675,,19,0,19,0,,0,,0|0|1|0|0|0|0,0|0|1|0|0|0|0
5729,5729,6,2,2,255,255,0,0,0,0.0166666675,,19,0,19,0,3,0,,0|0|0.499999911|0|0|0|0,0|0|0.499999911|0|0|0|0
5729,5729,6,3,3,0,0,0,0,0,0.0166666675,,19,0,19,0,,0,,0|0|1|0|0|0|0,0|0|1|0|0|0|0
5730,5730,6,2,2,255,255,0,0,0,0.0166666675,,19,0,19,0,3,0,,0|0|0.499999911|0|0|0|0,0|0|0.499999911|0|0|0|0
5730,5730,6,3,3,0,0,0,0,0,0.0166666675,,19,0,19,0,,0,,0|0|1|0|0|0|0,0|0|1|0|0|0|0
5731,5731,6,2,2,255,255,0,0,0,0.0166666675,,19,0,19,0,3,0,,0|0|0.499999911|0|0|0|0,0|0|0.499999911|0|0|0|0
5731,5731,6,3,3,0,0,0,0,0,0.0166666675,,19,0,19,0,,0,,0|0|1|0|0|0|0,0|0|1|0|0|0|0
5732,5732,6,2,2,255,255,0,0,0,0.0166666675,,19,0,19,0,3,0,,0|0|0.499999911|0|0|0|0,0|0|0.499999911|0|0|0|0
5732,5732,6,3,3,0,0,0,0,0,0.0166666675,,19,0,19,0,,0,,0|0|1|0|0|0|0,0|0|1|0|0|0|0
5733,5733,6,2,2,255,255,0,0,0,0.0166666675,,19,0,19,0,3,0,,0|0|0.499999911|0|0|0|0,0|0|0.499999911|0|0|0|0
5733,5733,6,3,3,0,0,0,0,0,0.0166666675,,19,0,19,0,,0,,0|0|1|0|0|0|0,0|0|1|0|0|0|0
5734,5734,6,2,2,255,255,0,0,0,0.0166666675,,19,0,19,0,3,0,,0|0|0.499999911|0|0|0|0,0|0|0.499999911|0|0|0|0
5734,5734,6,3,3,0,0,0,0,0,0.0166666675,,19,0,19,0,,0,,0|0|1|0|0|0|0,0|0|1|0|0|0|0
5735,5735,6,2,2,255,255,0,0,0,0.0166666675,,19,0,19,0,3,0,,0|0|0.499999911|0|0|0|0,0|0|0.499999911|0|0|0|0
5735,5735,6,3,3,0,0,0,0,0,0.0166666675,,19,0,19,0,,0,,0|0|1|0|0|0|0,0|0|1|0|0|0|0
5736,5736,6,2,2,255,255,0,0,0,0.0166666675,,19,0,19,0,3,0,,0|0|0.499999911|0|0|0|0,0|0|0.499999911|0|0|0|0
5736,5736,6,3,3,0,0,0,0,0,0.0166666675,,19,0,19,0,,0,,0|0|1|0|0|0|0,0|0|1|0|0|0|0
5737,5737,6,2,2,255,255,0,0,0,0.0166666675,,19,0,19,0,3,0,,0|0|0.499999911|0|0|0|0,0|0|0.499999911|0|0|0|0
5737,5737,6,3,3,0,0,0,0,0,0.0166666675,,19,0,19,0,,0,,0|0|1|0|0|0|0,0|0|1|0|0|0|0
5738,5738,6,2,2,255,255,0,0,0,0.0166666675,,19,0,19,0,3,0,,0|0|0.499999911|0|0|0|0,0|0|0.499999911|0|0|0|0
5738,5738,6,3,3,0,0,0,0,0,0.0166666675,,19,0,19,0,,0,,0|0|1|0|0|0|0,0|0|1|0|0|0|0
5739,5739,6,2,2,255,255,0,0,0,0.0166666675,,19,0,19,0,3,0,,0|0|0.499999911|0|0|0|0,0|0|0.499999911|0|0|0|0
5739,5739,6,3,3,0,0,0,0,0,0.0166666675,,19,0,19,0,,0,,0|0|1|0|0|0|0,0|0|1|0|0|0|0
5740,5740,6,2,2,255,255,0,0,0,0.0166666675,,19,0,19,0,3,0,,0|0|0.499999911|0|0|0|0,0|0|0.499999911|0|0|0|0
5740,5740,6,3,3,0,0,0,0,0,0.0166666675,,19,0,19,0,,0,,0|0|1|0|0|0|0,0|0|1|0|0|0|0
5741,5741,6,2,2,255,255,0,0,0,0.0166666675,,19,0,19,0,3,0,,0|0|0.499999911|0|0|0|0,0|0|0.499999911|0|0|0|0
5741,5741,6,3,3,0,0,0,0,0,0.0166666675,,19,0,19,0,,0,,0|0|1|0|0|0|0,0|0|1|0|0|0|0
5742,5742,6,2,2,255,255,0,0,0,0.0166666675,,19,0,19,0,3,0,,0|0|0.499999911|0|0|0|0,0|0|0.499999911|0|0|0|0
5742,5742,6,3,3,0,0,0,0,0,0.0166666675,,19,0,19,0,,0,,0|0|1|0|0|0|0,0|0|1|0|0|0|0
5743,5743,6,2,2,255,255,0,0,0,0.0166666675,,19,0,19,0,3,0,,0|0|0.499999911|0|0|0|0,0|0|0.499999911|0|0|0|0
5743,5743,6,3,3,0,0,0,0,0,0.0166666675,,19,0,19,0,,0,,0|0|1|0|0|0|0,0|0|1|0|0|0|0
5744,5744,6,2,2,255,255,0,0,0,0.0166666675,,19,0,19,0,3,0,,0|0|0.499999911|0|0|0|0,0|0|0.499999911|0|0|0|0
5744,5744,6,3,3,0,0,0,0,0,0.0166666675,,19,0,19,0,,0,,0|0|1|0|0|0|0,0|0|1|0|0|0|0
5745,5745,6,2,2,255,255,0,0,0,0.0166666675,,19,0,19,0,3,0,,0|0|0.499999911|0|0|0|0,0|0|0.499999911|0|0|0|0
5745,5745,6,3,3,0,0,0,0,0,0.0166666675,,19,0,19,0,,0,,0|0|1|0|0|0|0,0|0|1|0|0|0|0
5746,5746,6,2,2,255,255,0,0,0,0.0166666675,,19,0,19,0,3,0,,0|0|0.499999911|0|0|0|0,0|0|0.499999911|0|0|0|0
5746,5746,6,3,3,0,0,0,0,0,0.0166666675,,19,0,19,0,,0,,0|0|1|0|0|0|0,0|0|1|0|0|0|0
5747,5747,6,2,2,255,255,0,0,0,0.0166666675,,19,0,19,0,3,0,,0|0|0.499999911|0|0|0|0,0|0|0.499999911|0|0|0|0
5747,5747,6,3,3,0,0,0,0,0,0.0166666675,,19,0,19,0,,0,,0|0|1|0|0|0|0,0|0|1|0|0|0|0
5748,5748,6,2,2,255,255,0,0,0,0.0166666675,,19,0,19,0,3,0,,0|0|0.499999911|0|0|0|0,0|0|0.499999911|0|0|0|0
5748,5748,6,3,3,0,0,0,0,0,0.0166666675,,19,0,19,0,,0,,0|0|1|0|0|0|0,0|0|1|0|0|0|0
5749,5749,6,2,2,255,255,0,0,0,0.0166666675,,19,0,19,0,3,0,,0|0|0.499999911|0|0|0|0,0|0|0.499999911|0|0|0|0
5749,5749,6,3,3,0,0,0,0,0,0.0166666675,,19,0,19,0,,0,,0|0|1|0|0|0|0,0|0|1|0|0|0|0
5750,5750,6,2,2,255,255,0,0,0,0.0166666675,,19,0,19,0,3,0,,0|0|0.499999911|0|0|0|0,0|0|0.499999911|0|0|0|0
5750,5750,6,3,3,0,0,0,0,0,0.0166666675,,19,0,19,0,,0,,0|0|1|0|0|0|0,0|0|1|0|0|0|0
5751,5751,6,2,2,255,255,0,0,0,0.0166666675,,19,0,19,0,3,0,,0|0|0.499999911|0|0|0|0,0|0|0.499999911|0|0|0|0
5751,5751,6,3,3,0,0,0,0,0,0.0166666675,,19,0,19,0,,0,,0|0|1|0|0|0|0,0|0|1|0|0|0|0
5752,5752,6,2,2,255,255,0,0,0,0.0166666675,,19,0,19,0,3,0,,0|0|0.499999911|0|0|0|0,0|0|0.499999911|0|0|0|0
5752,5752,6,3,3,0,0,0,0,0,0.0166666675,,19,0,19,0,,0,,0|0|1|0|0|0|0,0|0|1|0|0|0|0
5753,5753,6,2,2,255,255,0,0,0,0.0166666675,,19,0,19,0,3,0,,0|0|0.499999911|0|0|0|0,0|0|0.499999911|0|0|0|0
5753,5753,6,3,3,0,0,0,0,0,0.0166666675,,19,0,19,0,,0,,0|0|1|0|0|0|0,0|0|1|0|0|0|0
5754,5754,6,2,2,255,255,0,0,0,0.0166666675,,19,0,19,0,3,0,,0|0|0.499999911|0|0|0|0,0|0|0.499999911|0|0|0|0
5754,5754,6,3,3,0,0,0,0,0,0.0166666675,,19,0,19,0,,0,,0|0|1|0|0|0|0,0|0|1|0|0|0|0
5755,5755,6,2,2,255,255,0,0,0,0.0166666675,,19,0,19,0,3,0,,0|0|0.499999911|0|0|0|0,0|0|0.499999911|0|0|0|0
5755,5755,6,3,3,0,0,0,0,0,0.0166666675,,19,0,19,0,,0,,0|0|1|0|0|0|0,0|0|1|0|0|0|0
5756,5756,6,2,2,255,255,0,0,0,0.0166666675,,19,0,19,0,3,0,,0|0|0.499999911|0|0|0|0,0|0|0.499999911|0|0|0|0
5756,5756,6,3,3,0,0,0,0,0,0.0166666675,,19,0,19,0,,0,,0|0|1|0|0|0|0,0|0|1|0|0|0|0
5757,5757,6,2,2,255,255,0,0,0,0.0166666675,,19,0,19,0,3,0,,0|0|0.499999911|0|0|0|0,0|0|0.499999911|0|0|0|0
5757,5757,6,3,3,0,0,0,0,0,0.0166666675,,19,0,19,0,,0,,0|0|1|0|0|0|0,0|0|1|0|0|0|0
5758,5758,6,2,2,255,255,0,0,0,0.0166666675,,19,0,19,0,3,0,,0|0|0.499999911|0|0|0|0,0|0|0.499999911|0|0|0|0
5758,5758,6,3,3,0,0,0,0,0,0.0166666675,,19,0,19,0,,0,,0|0|1|0|0|0|0,0|0|1|0|0|0|0
5759,5759,6,2,2,255,255,0,0,0,0.0166666675,,19,0,19,0,3,0,,0|0|0.499999911|0|0|0|0,0|0|0.499999911|0|0|0|0
5759,5759,6,3,3,0,0,0,0,0,0.0166666675,,19,0,19,0,,0,,0|0|1|0|0|0|0,0|0|1|0|0|0|0
5760,5760,6,2,2,255,255,0,0,0,0.0166666675,,19,0,19,0,3,0,,0|0|0.499999911|0|0|0|0,0|0|0.499999911|0|0|0|0
5760,5760,6,3,3,0,0,0,0,0,0.0166666675,,19,0,19,0,,0,,0|0|1|0|0|0|0,0|0|1|0|0|0|0
5761,5761,6,2,2,255,255,0,0,0,0.0166666675,,19,0,19,0,3,0,,0|0|0.499999911|0|0|0|0,0|0|0.499999911|0|0|0|0
5761,5761,6,3,3,0,0,0,0,0,0.0166666675,,19,0,19,0,,0,,0|0|1|0|0|0|0,0|0|1|0|0|0|0
5762,5762,6,2,2,255,255,0,0,0,0.0166666675,,19,0,19,0,3,0,,0|0|0.499999911|0|0|0|0,0|0|0.499999911|0|0|0|0
5762,5762,6,3,3,0,0,0,0,0,0.0166666675,,19,0,19,0,,0,,0|0|1|0|0|0|0,0|0|1|0|0|0|0
5763,5763,6,2,2,255,255,0,0,0,0.0166666675,,19,0,19,0,3,0,,0|0|0.499999911|0|0|0|0,0|0|0.499999911|0|0|0|0
5763,5763,6,3,3,0,0,0,0,0,0.0166666675,,19,0,19,0,,0,,0|0|1|0|0|0|0,0|0|1|0|0|0|0
5764,5764,6,2,2,255,255,0,0,0,0.0166666675,,19,0,19,0,3,0,,0|0|0.499999911|0|0|0|0,0|0|0.499999911|0|0|0|0
5764,5764,6,3,3,0,0,0,0,0,0.0166666675,,19,0,19,0,,0,,0|0|1|0|0|0|0,0|0|1|0|0|0|0
5765,5765,6,2,2,255,255,0,0,0,0.0166666675,,19,0,19,0,3,0,,0|0|0.499999911|0|0|0|0,0|0|0.499999911|0|0|0|0
5765,5765,6,3,3,0,0,0,0,0,0.0166666675,,19,0,19,0,,0,,0|0|1|0|0|0|0,0|0|1|0|0|0|0
5766,5766,6,2,2,255,255,0,0,0,0.0166666675,,19,0,19,0,3,0,,0|0|0.499999911|0|0|0|0,0|0|0.499999911|0|0|0|0
5766,5766,6,3,3,0,0,0,0,0,0.0166666675,,19,0,19,0,,0,,0|0|1|0|0|0|0,0|0|1|0|0|0|0
5767,5767,6,2,2,255,255,0,0,0,0.0166666675,,19,0,19,0,3,0,,0|0|0.499999911|0|0|0|0,0|0|0.499999911|0|0|0|0
5767,5767,6,3,3,0,0,0,0,0,0.0166666675,,19,0,19,0,,0,,0|0|1|0|0|0|0,0|0|1|0|0|0|0
5768,5768,6,2,2,255,255,0,0,0,0.0166666675,,19,0,19,0,3,0,,0|0|0.499999911|0|0|0|0,0|0|0.499999911|0|0|0|0
5768,5768,6,3,3,0,0,0,0,0,0.0166666675,,19,0,19,0,,0,,0|0|1|0|0|0|0,0|0|1|0|0|0|0
5769,5769,6,2,2,255,255,0,0,0,0.0166666675,,19,0,19,0,3,0,,0|0|0.499999911|0|0|0|0,0|0|0.499999911|0|0|0|0
5769,5769,6,3,3,0,0,0,0,0,0.0166666675,,19,0,19,0,,0,,0|0|1|0|0|0|0,0|0|1|0|0|0|0
5770,5770,6,2,2,255,255,0,0,0,0.0166666675,,19,0,19,0,3,0,,0|0|0.499999911|0|0|0|0,0|0|0.499999911|0|0|0|0
5770,5770,6,3,3,0,0,0,0,0,0.0166666675,,19,0,19,0,,0,,0|0|1|0|0|0|0,0|0|1|0|0|0|0
5771,5771,6,2,2,255,255,0,0,0,0.0166666675,,19,0,19,0,3,0,,0|0|0.499999911|0|0|0|0,0|0|0.499999911|0|0|0|0
5771,5771,6,3,3,0,0,0,0,0,0.0166666675,,19,0,19,0,,0,,0|0|1|0|0|0|0,0|0|1|0|0|0|0
5772,5772,6,2,2,255,255,0,0,0,0.0166666675,,19,0,19,0,3,0,,0|0|0.499999911|0|0|0|0,0|0|0.499999911|0|0|0|0
5772,5772,6,3,3,0,0,0,0,0,0.0166666675,,19,0,19,0,,0,,0|0|1|0|0|0|0,0|0|1|0|0|0|0
5773,5773,6,2,2,255,255,0,0,0,0.0166666675,,19,0,19,0,3,0,,0|0|0.499999911|0|0|0|0,0|0|0.499999911|0|0|0|0
5773,5773,6,3,3,0,0,0,0,0,0.0166666675,,19,0,19,0,,0,,0|0|1|0|0|0|0,0|0|1|0|0|0|0
5774,5774,6,2,2,255,255,0,0,0,0.0166666675,,19,0,19,0,3,0,,0|0|0.499999911|0|0|0|0,0|0|0.499999911|0|0|0|0
5774,5774,6,3,3,0,0,0,0,0,0.0166666675,,19,0,19,0,,0,,0|0|1|0|0|0|0,0|0|1|0|0|0|0
5775,5775,6,2,2,255,255,0,0,0,0.0166666675,,19,0,19,0,3,0,,0|0|0.499999911|0|0|0|0,0|0|0.499999911|0|0|0|0
5775,5775,6,3,3,0,0,0,0,0,0.0166666675,,19,0,19,0,,0,,0|0|1|0|0|0|0,0|0|1|0|0|0|0
5776,5776,6,2,2,255,255,0,0,0,0.0166666675,,19,0,19,0,3,0,,0|0|0.499999911|0|0|0|0,0|0|0.499999911|0|0|0|0
5776,5776,6,3,3,0,0,0,0,0,0.0166666675,,19,0,19,0,,0,,0|0|1|0|0|0|0,0|0|1|0|0|0|0
5777,5777,6,2,2,255,255,0,0,0,0.0166666675,,19,0,19,0,3,0,,0|0|0.499999911|0|0|0|0,0|0|0.499999911|0|0|0|0
5777,5777,6,3,3,0,0,0,0,0,0.0166666675,,19,0,19,0,,0,,0|0|1|0|0|0|0,0|0|1|0|0|0|0
5778,5778,6,2,2,255,255,0,0,0,0.0166666675,,19,0,19,0,3,0,,0|0|0.499999911|0|0|0|0,0|0|0.499999911|0|0|0|0
5778,5778,6,3,3,0,0,0,0,0,0.0166666675,,19,0,19,0,,0,,0|0|1|0|0|0|0,0|0|1|0|0|0|0
5779,5779,6,2,2,255,255,0,0,0,0.0166666675,,19,0,19,0,3,0,,0|0|0.499999911|0|0|0|0,0|0|0.499999911|0|0|0|0
5779,5779,6,3,3,0,0,0,0,0,0.0166666675,,19,0,19,0,,0,,0|0|1|0|0|0|0,0|0|1|0|0|0|0
5780,5780,6,2,2,255,255,0,0,0,0.0166666675,,19,0,19,0,3,0,,0|0|0.499999911|0|0|0|0,0|0|0.499999911|0|0|0|0
5780,5780,6,3,3,0,0,0,0,0,0.0166666675,,19,0,19,0,,0,,0|0|1|0|0|0|0,0|0|1|0|0|0|0
5781,5781,6,2,2,255,255,0,0,0,0.0166666675,,19,0,19,0,3,0,,0|0|0.499999911|0|0|0|0,0|0|0.499999911|0|0|0|0
5781,5781,6,3,3,0,0,0,0,0,0.0166666675,,19,0,19,0,,0,,0|0|1|0|0|0|0,0|0|1|0|0|0|0
5782,5782,6,2,2,255,255,0,0,0,0.0166666675,,19,0,19,0,3,0,,0|0|0.499999911|0|0|0|0,0|0|0.499999911|0|0|0|0
5782,5782,6,3,3,0,0,0,0,0,0.0166666675,,19,0,19,0,,0,,0|0|1|0|0|0|0,0|0|1|0|0|0|0
5783,5783,6,2,2,255,255,0,0,0,0.0166666675,,19,0,19,0,3,0,,0|0|0.499999911|0|0|0|0,0|0|0.499999911|0|0|0|0
5783,5783,6,3,3,0,0,0,0,0,0.0166666675,,19,0,19,0,,0,,0|0|1|0|0|0|0,0|0|1|0|0|0|0
5784,5784,6,2,2,255,255,0,0,0,0.0166666675,,19,0,19,0,3,0,,0|0|0.499999911|0|0|0|0,0|0|0.499999911|0|0|0|0
5784,5784,6,3,3,0,0,0,0,0,0.0166666675,,19,0,19,0,,0,,0|0|1|0|0|0|0,0|0|1|0|0|0|0
5785,5785,6,2,2,255,255,0,0,0,0.0166666675,,19,0,19,0,3,0,,0|0|0.499999911|0|0|0|0,0|0|0.499999911|0|0|0|0
5785,5785,6,3,3,0,0,0,0,0,0.0166666675,,19,0,19,0,,0,,0|0|1|0|0|0|0,0|0|1|0|0|0|0
5786,5786,6,2,2,255,255,0,0,0,0.0166666675,,19,0,19,0,3,0,,0|0|0.499999911|0|0|0|0,0|0|0.499999911|0|0|0|0
5786,5786,6,3,3,0,0,0,0,0,0.0166666675,,19,0,19,0,,0,,0|0|1|0|0|0|0,0|0|1|0|0|0|0
5787,5787,6,2,2,255,255,0,0,0,0.0166666675,,19,0,19,0,3,0,,0|0|0.499999911|0|0|0|0,0|0|0.499999911|0|0|0|0
5787,5787,6,3,3,0,0,0,0,0,0.0166666675,,19,0,19,0,,0,,0|0|1|0|0|0|0,0|0|1|0|0|0|0
5788,5788,6,2,2,255,255,0,0,0,0.0166666675,,19,0,19,0,3,0,,0|0|0.499999911|0|0|0|0,0|0|0.499999911|0|0|0|0
5788,5788,6,3,3,0,0,0,0,0,0.0166666675,,19,0,19,0,,0,,0|0|1|0|0|0|0,0|0|1|0|0|0|0
5789,5789,6,2,2,255,255,0,0,0,0.0166666675,,19,0,19,0,3,0,,0|0|0.499999911|0|0|0|0,0|0|0.499999911|0|0|0|0
5789,5789,6,3,3,0,0,0,0,0,0.0166666675,,19,0,19,0,,0,,0|0|1|0|0|0|0,0|0|1|0|0|0|0
5790,5790,6,2,2,255,255,0,0,0,0.0166666675,,19,0,19,0,3,0,,0|0|0.499999911|0|0|0|0,0|0|0.499999911|0|0|0|0
5790,5790,6,3,3,0,0,0,0,0,0.0166666675,,19,0,19,0,,0,,0|0|1|0|0|0|0,0|0|1|0|0|0|0
5791,5791,6,2,2,255,255,0,0,0,0.0166666675,,19,0,19,0,3,0,,0|0|0.499999911|0|0|0|0,0|0|0.499999911|0|0|0|0
5791,5791,6,3,3,0,0,0,0,0,0.0166666675,,19,0,19,0,,0,,0|0|1|0|0|0|0,0|0|1|0|0|0|0
5792,5792,6,2,2,255,255,0,0,0,0.0166666675,,19,0,19,0,3,0,,0|0|0.499999911|0|0|0|0,0|0|0.499999911|0|0|0|0
5792,5792,6,3,3,0,0,0,0,0,0.0166666675,,19,0,19,0,,0,,0|0|1|0|0|0|0,0|0|1|0|0|0|0
5793,5793,6,2,2,255,255,0,0,0,0.0166666675,,19,0,19,0,3,0,,0|0|0.499999911|0|0|0|0,0|0|0.499999911|0|0|0|0
5793,5793,6,3,3,0,0,0,0,0,0.0166666675,,19,0,19,0,,0,,0|0|1|0|0|0|0,0|0|1|0|0|0|0
5794,5794,6,2,2,255,255,0,0,0,0.0166666675,,19,0,19,0,3,0,,0|0|0.499999911|0|0|0|0,0|0|0.499999911|0|0|0|0
5794,5794,6,3,3,0,0,0,0,0,0.0166666675,,19,0,19,0,,0,,0|0|1|0|0|0|0,0|0|1|0|0|0|0
5795,5795,6,2,2,255,255,0,0,0,0.0166666675,,19,0,19,0,3,0,,0|0|0.499999911|0|0|0|0,0|0|0.499999911|0|0|0|0
5795,5795,6,3,3,0,0,0,0,0,0.0166666675,,19,0,19,0,,0,,0|0|1|0|0|0|0,0|0|1|0|0|0|0
5796,5796,6,2,2,255,255,0,0,0,0.0166666675,,19,0,19,0,3,0,,0|0|0.499999911|0|0|0|0,0|0|0.499999911|0|0|0|0
5796,5796,6,3,3,0,0,0,0,0,0.0166666675,,19,0,19,0,,0,,0|0|1|0|0|0|0,0|0|1|0|0|0|0
5797,5797,6,2,2,255,255,0,0,0,0.0166666675,,19,0,19,0,3,0,,0|0|0.499999911|0|0|0|0,0|0|0.499999911|0|0|0|0
5797,5797,6,3,3,0,0,0,0,0,0.0166666675,,19,0,19,0,,0,,0|0|1|0|0|0|0,0|0|1|0|0|0|0
5798,5798,6,2,2,255,255,0,0,0,0.0166666675,,19,0,19,0,3,0,,0|0|0.499999911|0|0|0|0,0|0|0.499999911|0|0|0|0
5798,5798,6,3,3,0,0,0,0,0,0.0166666675,,19,0,19,0,,0,,0|0|1|0|0|0|0,0|0|1|0|0|0|0
5799,5799,6,2,2,255,255,0,0,0,0.0166666675,,19,0,19,0,3,0,,0|0|0.499999911|0|0|0|0,0|0|0.499999911|0|0|0|0
5799,5799,6,3,3,0,0,0,0,0,0.0166666675,,19,0,19,0,,0,,0|0|1|0|0|0|0,0|0|1|0|0|0|0
5800,5800,6,2,2,255,255,0,0,0,0.0166666675,,19,0,19,0,3,0,,0|0|0.499999911|0|0|0|0,0|0|0.499999911|0|0|0|0
5800,5800,6,3,3,0,0,0,0,0,0.0166666675,,19,0,19,0,,0,,0|0|1|0|0|0|0,0|0|1|0|0|0|0
5801,5801,6,2,2,255,255,0,0,0,0.0166666675,,19,0,19,0,3,0,,0|0|0.499999911|0|0|0|0,0|0|0.499999911|0|0|0|0
5801,5801,6,3,3,0,0,0,0,0,0.0166666675,,19,0,19,0,,0,,0|0|1|0|0|0|0,0|0|1|0|0|0|0
5802,5802,6,2,2,255,255,0,0,0,0.0166666675,,19,0,19,0,3,0,,0|0|0.499999911|0|0|0|0,0|0|0.499999911|0|0|0|0
5802,5802,6,3,3,0,0,0,0,0,0.0166666675,,19,0,19,0,,0,,0|0|1|0|0|0|0,0|0|1|0|0|0|0
5803,5803,6,2,2,255,255,0,0,0,0.0166666675,,19,0,19,0,3,0,,0|0|0.499999911|0|0|0|0,0|0|0.499999911|0|0|0|0
5803,5803,6,3,3,0,0,0,0,0,0.0166666675,,19,0,19,0,,0,,0|0|1|0|0|0|0,0|0|1|0|0|0|0
5804,5804,6,2,2,255,255,0,0,0,0.0166666675,,19,0,19,0,3,0,,0|0|0.499999911|0|0|0|0,0|0|0.499999911|0|0|0|0
5804,5804,6,3,3,0,0,0,0,0,0.0166666675,,19,0,19,0,,0,,0|0|1|0|0|0|0,0|0|1|0|0|0|0
5805,5805,6,2,2,255,255,0,0,0,0.0166666675,,19,0,19,0,3,0,,0|0|0.499999911|0|0|0|0,0|0|0.499999911|0|0|0|0
5805,5805,6,3,3,0,0,0,0,0,0.0166666675,,19,0,19,0,,0,,0|0|1|0|0|0|0,0|0|1|0|0|0|0
5806,5806,6,2,2,255,255,0,0,0,0.0166666675,,19,0,19,0,3,0,,0|0|0.499999911|0|0|0|0,0|0|0.499999911|0|0|0|0
5806,5806,6,3,3,0,0,0,0,0,0.0166666675,,19,0,19,0,,0,,0|0|1|0|0|0|0,0|0|1|0|0|0|0
5807,5807,6,2,2,255,255,0,0,0,0.0166666675,,19,0,19,0,3,0,,0|0|0.499999911|0|0|0|0,0|0|0.499999911|0|0|0|0
5807,5807,6,3,3,0,0,0,0,0,0.0166666675,,19,0,19,0,,0,,0|0|1|0|0|0|0,0|0|1|0|0|0|0
5808,5808,6,2,2,255,255,0,0,0,0.0166666675,,19,0,19,0,3,0,,0|0|0.499999911|0|0|0|0,0|0|0.499999911|0|0|0|0
5808,5808,6,3,3,0,0,0,0,0,0.0166666675,,19,0,19,0,,0,,0|0|1|0|0|0|0,0|0|1|0|0|0|0
5809,5809,6,2,2,255,255,0,0,0,0.0166666675,,19,0,19,0,3,0,,0|0|0.499999911|0|0|0|0,0|0|0.499999911|0|0|0|0
5809,5809,6,3,3,0,0,0,0,0,0.0166666675,,19,0,19,0,,0,,0|0|1|0|0|0|0,0|0|1|0|0|0|0
5810,5810,6,2,2,255,255,0,0,0,0.0166666675,,19,0,19,0,3,0,,0|0|0.499999911|0|0|0|0,0|0|0.499999911|0|0|0|0
5810,5810,6,3,3,0,0,0,0,0,0.0166666675,,19,0,19,0,,0,,0|0|1|0|0|0|0,0|0|1|0|0|0|0
5811,5811,6,2,2,255,255,0,0,0,0.0166666675,,19,0,19,0,3,0,,0|0|0.499999911|0|0|0|0,0|0|0.499999911|0|0|0|0
5811,5811,6,3,3,0,0,0,0,0,0.0166666675,,19,0,19,0,,0,,0|0|1|0|0|0|0,0|0|1|0|0|0|0
5812,5812,6,2,2,255,255,0,0,0,0.0166666675,,19,0,19,0,3,0,,0|0|0.499999911|0|0|0|0,0|0|0.499999911|0|0|0|0
5812,5812,6,3,3,0,0,0,0,0,0.0166666675,,19,0,19,0,,0,,0|0|1|0|0|0|0,0|0|1|0|0|0|0
5813,5813,6,2,2,255,255,0,0,0,0.0166666675,,19,0,19,0,3,0,,0|0|0.499999911|0|0|0|0,0|0|0.499999911|0|0|0|0
5813,5813,6,3,3,0,0,0,0,0,0.0166666675,,19,0,19,0,,0,,0|0|1|0|0|0|0,0|0|1|0|0|0|0
5814,5814,6,2,2,255,255,0,0,0,0.0166666675,,19,0,19,0,3,0,,0|0|0.499999911|0|0|0|0,0|0|0.499999911|0|0|0|0
5814,5814,6,3,3,0,0,0,0,0,0.0166666675,,19,0,19,0,,0,,0|0|1|0|0|0|0,0|0|1|0|0|0|0
5815,5815,6,2,2,255,255,0,0,0,0.0166666675,,19,0,19,0,3,0,,0|0|0.499999911|0|0|0|0,0|0|0.499999911|0|0|0|0
5815,5815,6,3,3,0,0,0,0,0,0.0166666675,,19,0,19,0,,0,,0|0|1|0|0|0|0,0|0|1|0|0|0|0
5816,5816,6,2,2,255,255,0,0,0,0.0166666675,,19,0,19,0,3,0,,0|0|0.499999911|0|0|0|0,0|0|0.499999911|0|0|0|0
5816,5816,6,3,3,0,0,0,0,0,0.0166666675,,19,0,19,0,,0,,0|0|1|0|0|0|0,0|0|1|0|0|0|0
5817,5817,6,2,2,255,255,0,0,0,0.0166666675,,19,0,19,0,3,0,,0|0|0.499999911|0|0|0|0,0|0|0.499999911|0|0|0|0
5817,5817,6,3,3,0,0,0,0,0,0.0166666675,,19,0,19,0,,0,,0|0|1|0|0|0|0,0|0|1|0|0|0|0
5818,5818,6,2,2,255,255,0,0,0,0.0166666675,,19,0,19,0,3,0,,0|0|0.499999911|0|0|0|0,0|0|0.499999911|0|0|0|0
5818,5818,6,3,3,0,0,0,0,0,0.0166666675,,19,0,19,0,,0,,0|0|1|0|0|0|0,0|0|1|0|0|0|0
5819,5819,6,2,2,255,255,0,0,0,0.0166666675,,19,0,19,0,3,0,,0|0|0.499999911|0|0|0|0,0|0|0.499999911|0|0|0|0
5819,5819,6,3,3,0,0,0,0,0,0.0166666675,,19,0,19,0,,0,,0|0|1|0|0|0|0,0|0|1|0|0|0|0
5820,5820,6,2,2,255,255,0,0,0,0.0166666675,,19,0,19,0,3,0,,0|0|0.499999911|0|0|0|0,0|0|0.499999911|0|0|0|0
5820,5820,6,3,3,0,0,0,0,0,0.0166666675,,19,0,19,0,,0,,0|0|1|0|0|0|0,0|0|1|0|0|0|0
5821,5821,6,2,2,255,255,0,0,0,0.0166666675,,19,0,19,0,3,0,,0|0|0.499999911|0|0|0|0,0|0|0.499999911|0|0|0|0
5821,5821,6,3,3,0,0,0,0,0,0.0166666675,,19,0,19,0,,0,,0|0|1|0|0|0|0,0|0|1|0|0|0|0
5822,5822,6,2,2,255,255,0,0,0,0.0166666675,,19,0,19,0,3,0,,0|0|0.499999911|0|0|0|0,0|0|0.499999911|0|0|0|0
5822,5822,6,3,3,0,0,0,0,0,0.0166666675,,19,0,19,0,,0,,0|0|1|0|0|0|0,0|0|1|0|0|0|0
5823,5823,6,2,2,255,255,0,0,0,0.0166666675,,19,0,19,0,3,0,,0|0|0.499999911|0|0|0|0,0|0|0.499999911|0|0|0|0
5823,5823,6,3,3,0,0,0,0,0,0.0166666675,,19,0,19,0,,0,,0|0|1|0|0|0|0,0|0|1|0|0|0|0
5824,5824,6,2,2,255,255,0,0,0,0.0166666675,,19,0,19,0,3,0,,0|0|0.499999911|0|0|0|0,0|0|0.499999911|0|0|0|0
5824,5824,6,3,3,0,0,0,0,0,0.0166666675,,19,0,19,0,,0,,0|0|1|0|0|0|0,0|0|1|0|0|0|0
5825,5825,6,2,2,255,255,0,0,0,0.0166666675,,19,0,19,0,3,0,,0|0|0.499999911|0|0|0|0,0|0|0.499999911|0|0|0|0
5825,5825,6,3,3,0,0,0,0,0,0.0166666675,,19,0,19,0,,0,,0|0|1|0|0|0|0,0|0|1|0|0|0|0
5826,5826,6,2,2,255,255,0,0,0,0.0166666675,,19,0,19,0,3,0,,0|0|0.499999911|0|0|0|0,0|0|0.499999911|0|0|0|0
5826,5826,6,3,3,0,0,0,0,0,0.0166666675,,19,0,19,0,,0,,0|0|1|0|0|0|0,0|0|1|0|0|0|0
5827,5827,6,2,2,255,255,0,0,0,0.0166666675,,19,0,19,0,3,0,,0|0|0.499999911|0|0|0|0,0|0|0.499999911|0|0|0|0
5827,5827,6,3,3,0,0,0,0,0,0.0166666675,,19,0,19,0,,0,,0|0|1|0|0|0|0,0|0|1|0|0|0|0
5828,5828,6,2,2,255,255,0,0,0,0.0166666675,,19,0,19,0,3,0,,0|0|0.499999911|0|0|0|0,0|0|0.499999911|0|0|0|0
5828,5828,6,3,3,0,0,0,0,0,0.0166666675,,19,0,19,0,,0,,0|0|1|0|0|0|0,0|0|1|0|0|0|0
5829,5829,6,2,2,255,255,0,0,0,0.0166666675,,19,0,19,0,3,0,,0|0|0.499999911|0|0|0|0,0|0|0.499999911|0|0|0|0
5829,5829,6,3,3,0,0,0,0,0,0.0166666675,,19,0,19,0,,0,,0|0|1|0|0|0|0,0|0|1|0|0|0|0
5830,5830,6,2,2,255,255,0,0,0,0.0166666675,,19,0,19,0,3,0,,0|0|0.499999911|0|0|0|0,0|0|0.499999911|0|0|0|0
5830,5830,6,3,3,0,0,0,0,0,0.0166666675,,19,0,19,0,,0,,0|0|1|0|0|0|0,0|0|1|0|0|0|0
5831,5831,6,2,2,255,255,0,0,0,0.0166666675,,19,0,19,0,3,0,,0|0|0.499999911|0|0|0|0,0|0|0.499999911|0|0|0|0
5831,5831,6,3,3,0,0,0,0,0,0.0166666675,,19,0,19,0,,0,,0|0|1|0|0|0|0,0|0|1|0|0|0|0
5832,5832,6,2,2,255,255,0,0,0,0.0166666675,,19,0,19,0,3,0,,0|0|0.499999911|0|0|0|0,0|0|0.499999911|0|0|0|0
5832,5832,6,3,3,0,0,0,0,0,0.0166666675,,19,0,19,0,,0,,0|0|1|0|0|0|0,0|0|1|0|0|0|0
5833,5833,6,2,2,255,255,0,0,0,0.0166666675,,19,0,19,0,3,0,,0|0|0.499999911|0|0|0|0,0|0|0.499999911|0|0|0|0
5833,5833,6,3,3,0,0,0,0,0,0.0166666675,,19,0,19,0,,0,,0|0|1|0|0|0|0,0|0|1|0|0|0|0
5834,5834,6,2,2,255,255,0,0,0,0.0166666675,,19,0,19,0,3,0,,0|0|0.499999911|0|0|0|0,0|0|0.499999911|0|0|0|0
5834,5834,6,3,3,0,0,0,0,0,0.0166666675,,19,0,19,0,,0,,0|0|1|0|0|0|0,0|0|1|0|0|0|0
5835,5835,6,2,2,255,255,0,0,0,0.0166666675,,19,0,19,0,3,0,,0|0|0.499999911|0|0|0|0,0|0|0.499999911|0|0|0|0
5835,5835,6,3,3,0,0,0,0,0,0.0166666675,,19,0,19,0,,0,,0|0|1|0|0|0|0,0|0|1|0|0|0|0
5836,5836,6,2,2,255,255,0,0,0,0.0166666675,,19,0,19,0,3,0,,0|0|0.499999911|0|0|0|0,0|0|0.499999911|0|0|0|0
5836,5836,6,3,3,0,0,0,0,0,0.0166666675,,19,0,19,0,,0,,0|0|1|0|0|0|0,0|0|1|0|0|0|0
5837,5837,6,2,2,255,255,0,0,0,0.0166666675,,19,0,19,0,3,0,,0|0|0.499999911|0|0|0|0,0|0|0.499999911|0|0|0|0
5837,5837,6,3,3,0,0,0,0,0,0.0166666675,,19,0,19,0,,0,,0|0|1|0|0|0|0,0|0|1|0|0|0|0
5838,5838,6,2,2,255,255,0,0,0,0.0166666675,,19,0,19,0,3,0,,0|0|0.499999911|0|0|0|0,0|0|0.499999911|0|0|0|0
5838,5838,6,3,3,0,0,0,0,0,0.0166666675,,19,0,19,0,,0,,0|0|1|0|0|0|0,0|0|1|0|0|0|0
5839,5839,6,2,2,255,255,0,0,0,0.0166666675,,19,0,19,0,3,0,,0|0|0.499999911|0|0|0|0,0|0|0.499999911|0|0|0|0
5839,5839,6,3,3,0,0,0,0,0,0.0166666675,,19,0,19,0,,0,,0|0|1|0|0|0|0,0|0|1|0|0|0|0
5840,5840,6,2,2,255,255,0,0,0,0.0166666675,,19,0,19,0,3,0,,0|0|0.499999911|0|0|0|0,0|0|0.499999911|0|0|0|0
5840,5840,6,3,3,0,0,0,0,0,0.0166666675,,19,0,19,0,,0,,0|0|1|0|0|0|0,0|0|1|0|0|0|0
5841,5841,6,2,2,255,255,0,0,0,0.0166666675,,19,0,19,0,3,0,,0|0|0.499999911|0|0|0|0,0|0|0.499999911|0|0|0|0
5841,5841,6,3,3,0,0,0,0,0,0.0166666675,,19,0,19,0,,0,,0|0|1|0|0|0|0,0|0|1|0|0|0|0
5842,5842,6,2,2,255,255,0,0,0,0.0166666675,,19,0,19,0,3,0,,0|0|0.499999911|0|0|0|0,0|0|0.499999911|0|0|0|0
5842,5842,6,3,3,0,0,0,0,0,0.0166666675,,19,0,19,0,,0,,0|0|1|0|0|0|0,0|0|1|0|0|0|0
5843,5843,6,2,2,255,255,0,0,0,0.0166666675,,19,0,19,0,3,0,,0|0|0.499999911|0|0|0|0,0|0|0.499999911|0|0|0|0
5843,5843,6,3,3,0,0,0,0,0,0.0166666675,,19,0,19,0,,0,,0|0|1|0|0|0|0,0|0|1|0|0|0|0
5844,5844,6,2,2,255,255,0,0,0,0.0166666675,,19,0,19,0,3,0,,0|0|0.499999911|0|0|0|0,0|0|0.499999911|0|0|0|0
5844,5844,6,3,3,0,0,0,0,0,0.0166666675,,19,0,19,0,,0,,0|0|1|0|0|0|0,0|0|1|0|0|0|0
5845,5845,6,2,2,255,255,0,0,0,0.0166666675,,19,0,19,0,3,0,,0|0|0.499999911|0|0|0|0,0|0|0.499999911|0|0|0|0
5845,5845,6,3,3,0,0,0,0,0,0.0166666675,,19,0,19,0,,0,,0|0|1|0|0|0|0,0|0|1|0|0|0|0
5846,5846,6,2,2,255,255,0,0,0,0.0166666675,,19,0,19,0,3,0,,0|0|0.499999911|0|0|0|0,0|0|0.499999911|0|0|0|0
5846,5846,6,3,3,0,0,0,0,0,0.0166666675,,19,0,19,0,,0,,0|0|1|0|0|0|0,0|0|1|0|0|0|0
5847,5847,6,2,2,255,255,0,0,0,0.0166666675,,19,0,19,0,3,0,,0|0|0.499999911|0|0|0|0,0|0|0.499999911|0|0|0|0
5847,5847,6,3,3,0,0,0,0,0,0.0166666675,,19,0,19,0,,0,,0|0|1|0|0|0|0,0|0|1|0|0|0|0
5848,5848,6,2,2,255,255,0,0,0,0.0166666675,,19,0,19,0,3,0,,0|0|0.499999911|0|0|0|0,0|0|0.499999911|0|0|0|0
5848,5848,6,3,3,0,0,0,0,0,0.0166666675,,19,0,19,0,,0,,0|0|1|0|0|0|0,0|0|1|0|0|0|0
5849,5849,6,2,2,255,255,0,0,0,0.0166666675,,19,0,19,0,3,0,,0|0|0.499999911|0|0|0|0,0|0|0.499999911|0|0|0|0
5849,5849,6,3,3,0,0,0,0,0,0.0166666675,,19,0,19,0,,0,,0|0|1|0|0|0|0,0|0|1|0|0|0|0
5850,5850,6,2,2,255,255,0,0,0,0.0166666675,,19,0,19,0,3,0,,0|0|0.499999911|0|0|0|0,0|0|0.499999911|0|0|0|0
5850,5850,6,3,3,0,0,0,0,0,0.0166666675,,19,0,19,0,,0,,0|0|1|0|0|0|0,0|0|1|0|0|0|0
5851,5851,6,2,2,255,255,0,0,0,0.0166666675,,19,0,19,0,3,0,,0|0|0.499999911|0|0|0|0,0|0|0.499999911|0|0|0|0
5851,5851,6,3,3,0,0,0,0,0,0.0166666675,,19,0,19,0,,0,,0|0|1|0|0|0|0,0|0|1|0|0|0|0
5852,5852,6,2,2,255,255,0,0,0,0.0166666675,,19,0,19,0,3,0,,0|0|0.499999911|0|0|0|0,0|0|0.499999911|0|0|0|0
5852,5852,6,3,3,0,0,0,0,0,0.0166666675,,19,0,19,0,,0,,0|0|1|0|0|0|0,0|0|1|0|0|0|0
5853,5853,6,2,2,255,255,0,0,0,0.0166666675,,19,0,19,0,3,0,,0|0|0.499999911|0|0|0|0,0|0|0.499999911|0|0|0|0
5853,5853,6,3,3,0,0,0,0,0,0.0166666675,,19,0,19,0,,0,,0|0|1|0|0|0|0,0|0|1|0|0|0|0
5854,5854,6,2,2,255,255,0,0,0,0.0166666675,,19,0,19,0,3,0,,0|0|0.499999911|0|0|0|0,0|0|0.499999911|0|0|0|0
5854,5854,6,3,3,0,0,0,0,0,0.0166666675,,19,0,19,0,,0,,0|0|1|0|0|0|0,0|0|1|0|0|0|0
5855,5855,6,2,2,255,255,0,0,0,0.0166666675,,19,0,19,0,3,0,,0|0|0.499999911|0|0|0|0,0|0|0.499999911|0|0|0|0
5855,5855,6,3,3,0,0,0,0,0,0.0166666675,,19,0,19,0,,0,,0|0|1|0|0|0|0,0|0|1|0|0|0|0
5856,5856,6,2,2,255,255,0,0,0,0.0166666675,,19,0,19,0,3,0,,0|0|0.499999911|0|0|0|0,0|0|0.499999911|0|0|0|0
5856,5856,6,3,3,0,0,0,0,0,0.0166666675,,19,0,19,0,,0,,0|0|1|0|0|0|0,0|0|1|0|0|0|0
5857,5857,6,2,2,255,255,0,0,0,0.0166666675,,19,0,19,0,3,0,,0|0|0.499999911|0|0|0|0,0|0|0.499999911|0|0|0|0
5857,5857,6,3,3,0,0,0,0,0,0.0166666675,,19,0,19,0,,0,,0|0|1|0|0|0|0,0|0|1|0|0|0|0
5858,5858,6,2,2,255,255,0,0,0,0.0166666675,,19,0,19,0,3,0,,0|0|0.499999911|0|0|0|0,0|0|0.499999911|0|0|0|0
5858,5858,6,3,3,0,0,0,0,0,0.0166666675,,19,0,19,0,,0,,0|0|1|0|0|0|0,0|0|1|0|0|0|0
5859,5859,6,2,2,255,255,0,0,0,0.0166666675,,19,0,19,0,3,0,,0|0|0.499999911|0|0|0|0,0|0|0.499999911|0|0|0|0
5859,5859,6,3,3,0,0,0,0,0,0.0166666675,,19,0,19,0,,0,,0|0|1|0|0|0|0,0|0|1|0|0|0|0
5860,5860,6,2,2,255,255,0,0,0,0.0166666675,,19,0,19,0,3,0,,0|0|0.499999911|0|0|0|0,0|0|0.499999911|0|0|0|0
5860,5860,6,3,3,0,0,0,0,0,0.0166666675,,19,0,19,0,,0,,0|0|1|0|0|0|0,0|0|1|0|0|0|0
5861,5861,6,2,2,255,255,0,0,0,0.0166666675,,19,0,19,0,3,0,,0|0|0.499999911|0|0|0|0,0|0|0.499999911|0|0|0|0
5861,5861,6,3,3,0,0,0,0,0,0.0166666675,,19,0,19,0,,0,,0|0|1|0|0|0|0,0|0|1|0|0|0|0
5862,5862,6,2,2,255,255,0,0,0,0.0166666675,,19,0,19,0,3,0,,0|0|0.499999911|0|0|0|0,0|0|0.499999911|0|0|0|0
5862,5862,6,3,3,0,0,0,0,0,0.0166666675,,19,0,19,0,,0,,0|0|1|0|0|0|0,0|0|1|0|0|0|0
5863,5863,6,2,2,255,255,0,0,0,0.0166666675,,19,0,19,0,3,0,,0|0|0.499999911|0|0|0|0,0|0|0.499999911|0|0|0|0
5863,5863,6,3,3,0,0,0,0,0,0.0166666675,,19,0,19,0,,0,,0|0|1|0|0|0|0,0|0|1|0|0|0|0
5864,5864,6,2,2,255,255,0,0,0,0.0166666675,,19,0,19,0,3,0,,0|0|0.499999911|0|0|0|0,0|0|0.499999911|0|0|0|0
5864,5864,6,3,3,0,0,0,0,0,0.0166666675,,19,0,19,0,,0,,0|0|1|0|0|0|0,0|0|1|0|0|0|0
5865,5865,6,2,2,255,255,0,0,0,0.0166666675,,19,0,19,0,3,0,,0|0|0.499999911|0|0|0|0,0|0|0.499999911|0|0|0|0
5865,5865,6,3,3,0,0,0,0,0,0.0166666675,,19,0,19,0,,0,,0|0|1|0|0|0|0,0|0|1|0|0|0|0
5866,5866,6,2,2,255,255,0,0,0,0.0166666675,,19,0,19,0,3,0,,0|0|0.499999911|0|0|0|0,0|0|0.499999911|0|0|0|0
5866,5866,6,3,3,0,0,0,0,0,0.0166666675,,19,0,19,0,,0,,0|0|1|0|0|0|0,0|0|1|0|0|0|0
5867,5867,6,2,2,255,255,0,0,0,0.0166666675,,19,0,19,0,3,0,,0|0|0.499999911|0|0|0|0,0|0|0.499999911|0|0|0|0
5867,5867,6,3,3,0,0,0,0,0,0.0166666675,,19,0,19,0,,0,,0|0|1|0|0|0|0,0|0|1|0|0|0|0
5868,5868,6,2,2,255,255,0,0,0,0.0166666675,,19,0,19,0,3,0,,0|0|0.499999911|0|0|0|0,0|0|0.499999911|0|0|0|0
5868,5868,6,3,3,0,0,0,0,0,0.0166666675,,19,0,19,0,,0,,0|0|1|0|0|0|0,0|0|1|0|0|0|0
5869,5869,6,2,2,255,255,0,0,0,0.0166666675,,19,0,19,0,3,0,,0|0|0.499999911|0|0|0|0,0|0|0.499999911|0|0|0|0
5869,5869,6,3,3,0,0,0,0,0,0.0166666675,,19,0,19,0,,0,,0|0|1|0|0|0|0,0|0|1|0|0|0|0
5870,5870,6,2,2,255,255,0,0,0,0.0166666675,,19,0,19,0,3,0,,0|0|0.499999911|0|0|0|0,0|0|0.499999911|0|0|0|0
5870,5870,6,3,3,0,0,0,0,0,0.0166666675,,19,0,19,0,,0,,0|0|1|0|0|0|0,0|0|1|0|0|0|0
5871,5871,6,2,2,255,255,0,0,0,0.0166666675,,19,0,19,0,3,0,,0|0|0.499999911|0|0|0|0,0|0|0.499999911|0|0|0|0
5871,5871,6,3,3,0,0,0,0,0,0.0166666675,,19,0,19,0,,0,,0|0|1|0|0|0|0,0|0|1|0|0|0|0
5872,5872,6,2,2,255,255,0,0,0,0.0166666675,,19,0,19,0,3,0,,0|0|0.499999911|0|0|0|0,0|0|0.499999911|0|0|0|0
5872,5872,6,3,3,0,0,0,0,0,0.0166666675,,19,0,19,0,,0,,0|0|1|0|0|0|0,0|0|1|0|0|0|0
5873,5873,6,2,2,255,255,0,0,0,0.0166666675,,19,0,19,0,3,0,,0|0|0.499999911|0|0|0|0,0|0|0.499999911|0|0|0|0
5873,5873,6,3,3,0,0,0,0,0,0.0166666675,,19,0,19,0,,0,,0|0|1|0|0|0|0,0|0|1|0|0|0|0
5874,5874,6,2,2,255,255,0,0,0,0.0166666675,,19,0,19,0,3,0,,0|0|0.499999911|0|0|0|0,0|0|0.499999911|0|0|0|0
5874,5874,6,3,3,0,0,0,0,0,0.0166666675,,19,0,19,0,,0,,0|0|1|0|0|0|0,0|0|1|0|0|0|0
5875,5875,6,2,2,255,255,0,0,0,0.0166666675,,19,0,19,0,3,0,,0|0|0.499999911|0|0|0|0,0|0|0.499999911|0|0|0|0
5875,5875,6,3,3,0,0,0,0,0,0.0166666675,,19,0,19,0,,0,,0|0|1|0|0|0|0,0|0|1|0|0|0|0
5876,5876,6,2,2,255,255,0,0,0,0.0166666675,,19,0,19,0,3,0,,0|0|0.499999911|0|0|0|0,0|0|0.499999911|0|0|0|0
5876,5876,6,3,3,0,0,0,0,0,0.0166666675,,19,0,19,0,,0,,0|0|1|0|0|0|0,0|0|1|0|0|0|0
5877,5877,6,2,2,255,255,0,0,0,0.0166666675,,19,0,19,0,3,0,,0|0|0.499999911|0|0|0|0,0|0|0.499999911|0|0|0|0
5877,5877,6,3,3,0,0,0,0,0,0.0166666675,,19,0,19,0,,0,,0|0|1|0|0|0|0,0|0|1|0|0|0|0
5878,5878,6,2,2,255,255,0,0,0,0.0166666675,,19,0,19,0,3,0,,0|0|0.499999911|0|0|0|0,0|0|0.499999911|0|0|0|0
5878,5878,6,3,3,0,0,0,0,0,0.0166666675,,19,0,19,0,,0,,0|0|1|0|0|0|0,0|0|1|0|0|0|0
5879,5879,6,2,2,255,255,0,0,0,0.0166666675,,19,0,19,0,3,0,,0|0|0.499999911|0|0|0|0,0|0|0.499999911|0|0|0|0
5879,5879,6,3,3,0,0,0,0,0,0.0166666675,,19,0,19,0,,0,,0|0|1|0|0|0|0,0|0|1|0|0|0|0
5880,5880,6,2,2,255,255,0,0,0,0.0166666675,,19,0,19,0,3,0,,0|0|0.499999911|0|0|0|0,0|0|0.499999911|0|0|0|0
5880,5880,6,3,3,0,0,0,0,0,0.0166666675,,19,0,19,0,,0,,0|0|1|0|0|0|0,0|0|1|0|0|0|0
5881,5881,6,2,2,255,255,0,0,0,0.0166666675,,19,0,19,0,3,0,,0|0|0.499999911|0|0|0|0,0|0|0.499999911|0|0|0|0
5881,5881,6,3,3,0,0,0,0,0,0.0166666675,,19,0,19,0,,0,,0|0|1|0|0|0|0,0|0|1|0|0|0|0
5882,5882,6,2,2,255,255,0,0,0,0.0166666675,,19,0,19,0,3,0,,0|0|0.499999911|0|0|0|0,0|0|0.499999911|0|0|0|0
5882,5882,6,3,3,0,0,0,0,0,0.0166666675,,19,0,19,0,,0,,0|0|1|0|0|0|0,0|0|1|0|0|0|0
5883,5883,6,2,2,255,255,0,0,0,0.0166666675,,19,0,19,0,3,0,,0|0|0.499999911|0|0|0|0,0|0|0.499999911|0|0|0|0
5883,5883,6,3,3,0,0,0,0,0,0.0166666675,,19,0,19,0,,0,,0|0|1|0|0|0|0,0|0|1|0|0|0|0
5884,5884,6,2,2,255,255,0,0,0,0.0166666675,,19,0,19,0,3,0,,0|0|0.499999911|0|0|0|0,0|0|0.499999911|0|0|0|0
5884,5884,6,3,3,0,0,0,0,0,0.0166666675,,19,0,19,0,,0,,0|0|1|0|0|0|0,0|0|1|0|0|0|0
5885,5885,6,2,2,255,255,0,0,0,0.0166666675,,19,0,19,0,3,0,,0|0|0.499999911|0|0|0|0,0|0|0.499999911|0|0|0|0
5885,5885,6,3,3,0,0,0,0,0,0.0166666675,,19,0,19,0,,0,,0|0|1|0|0|0|0,0|0|1|0|0|0|0
5886,5886,6,2,2,255,255,0,0,0,0.0166666675,,19,0,19,0,3,0,,0|0|0.499999911|0|0|0|0,0|0|0.499999911|0|0|0|0
5886,5886,6,3,3,0,0,0,0,0,0.0166666675,,19,0,19,0,,0,,0|0|1|0|0|0|0,0|0|1|0|0|0|0
5887,5887,6,2,2,255,255,0,0,0,0.0166666675,,19,0,19,0,3,0,,0|0|0.499999911|0|0|0|0,0|0|0.499999911|0|0|0|0
5887,5887,6,3,3,0,0,0,0,0,0.0166666675,,19,0,19,0,,0,,0|0|1|0|0|0|0,0|0|1|0|0|0|0
5888,5888,6,2,2,255,255,0,0,0,0.0166666675,,19,0,19,0,3,0,,0|0|0.499999911|0|0|0|0,0|0|0.499999911|0|0|0|0
5888,5888,6,3,3,0,0,0,0,0,0.0166666675,,19,0,19,0,,0,,0|0|1|0|0|0|0,0|0|1|0|0|0|0
5889,5889,6,2,2,255,255,0,0,0,0.0166666675,,19,0,19,0,3,0,,0|0|0.499999911|0|0|0|0,0|0|0.499999911|0|0|0|0
5889,5889,6,3,3,0,0,0,0,0,0.0166666675,,19,0,19,0,,0,,0|0|1|0|0|0|0,0|0|1|0|0|0|0
5890,5890,6,2,2,255,255,0,0,0,0.0166666675,,19,0,19,0,3,0,,0|0|0.499999911|0|0|0|0,0|0|0.499999911|0|0|0|0
5890,5890,6,3,3,0,0,0,0,0,0.0166666675,,19,0,19,0,,0,,0|0|1|0|0|0|0,0|0|1|0|0|0|0
5891,5891,6,2,2,255,255,0,0,0,0.0166666675,,19,0,19,0,3,0,,0|0|0.499999911|0|0|0|0,0|0|0.499999911|0|0|0|0
5891,5891,6,3,3,0,0,0,0,0,0.0166666675,,19,0,19,0,,0,,0|0|1|0|0|0|0,0|0|1|0|0|0|0
5892,5892,6,2,2,255,255,0,0,0,0.0166666675,,19,0,19,0,3,0,,0|0|0.499999911|0|0|0|0,0|0|0.499999911|0|0|0|0
5892,5892,6,3,3,0,0,0,0,0,0.0166666675,,19,0,19,0,,0,,0|0|1|0|0|0|0,0|0|1|0|0|0|0
5893,5893,6,2,2,255,255,0,0,0,0.0166666675,,19,0,19,0,3,0,,0|0|0.499999911|0|0|0|0,0|0|0.499999911|0|0|0|0
5893,5893,6,3,3,0,0,0,0,0,0.0166666675,,19,0,19,0,,0,,0|0|1|0|0|0|0,0|0|1|0|0|0|0
5894,5894,6,2,2,255,255,0,0,0,0.0166666675,,19,0,19,0,3,0,,0|0|0.499999911|0|0|0|0,0|0|0.499999911|0|0|0|0
5894,5894,6,3,3,0,0,0,0,0,0.0166666675,,19,0,19,0,,0,,0|0|1|0|0|0|0,0|0|1|0|0|0|0
5895,5895,6,2,2,255,255,0,0,0,0.0166666675,,19,0,19,0,3,0,,0|0|0.499999911|0|0|0|0,0|0|0.499999911|0|0|0|0
5895,5895,6,3,3,0,0,0,0,0,0.0166666675,,19,0,19,0,,0,,0|0|1|0|0|0|0,0|0|1|0|0|0|0
5896,5896,6,2,2,255,255,0,0,0,0.0166666675,,19,0,19,0,3,0,,0|0|0.499999911|0|0|0|0,0|0|0.499999911|0|0|0|0
5896,5896,6,3,3,0,0,0,0,0,0.0166666675,,19,0,19,0,,0,,0|0|1|0|0|0|0,0|0|1|0|0|0|0
5897,5897,6,2,2,255,255,0,0,0,0.0166666675,,19,0,19,0,3,0,,0|0|0.499999911|0|0|0|0,0|0|0.499999911|0|0|0|0
5897,5897,6,3,3,0,0,0,0,0,0.0166666675,,19,0,19,0,,0,,0|0|1|0|0|0|0,0|0|1|0|0|0|0
5898,5898,6,2,2,255,255,0,0,0,0.0166666675,,19,0,19,0,3,0,,0|0|0.499999911|0|0|0|0,0|0|0.499999911|0|0|0|0
5898,5898,6,3,3,0,0,0,0,0,0.0166666675,,19,0,19,0,,0,,0|0|1|0|0|0|0,0|0|1|0|0|0|0
5899,5899,6,2,2,255,255,0,0,0,0.0166666675,,19,0,19,0,3,0,,0|0|0.499999911|0|0|0|0,0|0|0.499999911|0|0|0|0
5899,5899,6,3,3,0,0,0,0,0,0.0166666675,,19,0,19,0,,0,,0|0|1|0|0|0|0,0|0|1|0|0|0|0
5900,5900,6,2,2,255,255,0,0,0,0.0166666675,,19,0,19,0,3,0,,0|0|0.499999911|0|0|0|0,0|0|0.499999911|0|0|0|0
5900,5900,6,3,3,0,0,0,0,0,0.0166666675,,19,0,19,0,,0,,0|0|1|0|0|0|0,0|0|1|0|0|0|0
5901,5901,6,2,2,255,255,0,0,0,0.0166666675,,19,0,19,0,3,0,,0|0|0.499999911|0|0|0|0,0|0|0.499999911|0|0|0|0
5901,5901,6,3,3,0,0,0,0,0,0.0166666675,,19,0,19,0,,0,,0|0|1|0|0|0|0,0|0|1|0|0|0|0
5902,5902,6,2,2,255,255,0,0,0,0.0166666675,,19,0,19,0,3,0,,0|0|0.499999911|0|0|0|0,0|0|0.499999911|0|0|0|0
5902,5902,6,3,3,0,0,0,0,0,0.0166666675,,19,0,19,0,,0,,0|0|1|0|0|0|0,0|0|1|0|0|0|0
5903,5903,6,2,2,255,255,0,0,0,0.0166666675,,19,0,19,0,3,0,,0|0|0.499999911|0|0|0|0,0|0|0.499999911|0|0|0|0
5903,5903,6,3,3,0,0,0,0,0,0.0166666675,,19,0,19,0,,0,,0|0|1|0|0|0|0,0|0|1|0|0|0|0
5904,5904,6,2,2,255,255,0,0,0,0.0166666675,,19,0,19,0,3,0,,0|0|0.499999911|0|0|0|0,0|0|0.499999911|0|0|0|0
5904,5904,6,3,3,0,0,0,0,0,0.0166666675,,19,0,19,0,,0,,0|0|1|0|0|0|0,0|0|1|0|0|0|0
5905,5905,6,2,2,255,255,0,0,0,0.0166666675,,19,0,19,0,3,0,,0|0|0.499999911|0|0|0|0,0|0|0.499999911|0|0|0|0
5905,5905,6,3,3,0,0,0,0,0,0.0166666675,,19,0,19,0,,0,,0|0|1|0|0|0|0,0|0|1|0|0|0|0
5906,5906,6,2,2,255,255,0,0,0,0.0166666675,,19,0,19,0,3,0,,0|0|0.499999911|0|0|0|0,0|0|0.499999911|0|0|0|0
5906,5906,6,3,3,0,0,0,0,0,0.0166666675,,19,0,19,0,,0,,0|0|1|0|0|0|0,0|0|1|0|0|0|0
5907,5907,6,2,2,255,255,0,0,0,0.0166666675,,19,0,19,0,3,0,,0|0|0.499999911|0|0|0|0,0|0|0.499999911|0|0|0|0
5907,5907,6,3,3,0,0,0,0,0,0.0166666675,,19,0,19,0,,0,,0|0|1|0|0|0|0,0|0|1|0|0|0|0
5908,5908,6,2,2,255,255,0,0,0,0.0166666675,,19,0,19,0,3,0,,0|0|0.499999911|0|0|0|0,0|0|0.499999911|0|0|0|0
5908,5908,6,3,3,0,0,0,0,0,0.0166666675,,19,0,19,0,,0,,0|0|1|0|0|0|0,0|0|1|0|0|0|0
5909,5909,6,2,2,255,255,0,0,0,0.0166666675,,19,0,19,0,3,0,,0|0|0.499999911|0|0|0|0,0|0|0.499999911|0|0|0|0
5909,5909,6,3,3,0,0,0,0,0,0.0166666675,,19,0,19,0,,0,,0|0|1|0|0|0|0,0|0|1|0|0|0|0
5910,5910,6,2,2,255,255,0,0,0,0.0166666675,,19,0,19,0,3,0,,0|0|0.499999911|0|0|0|0,0|0|0.499999911|0|0|0|0
5910,5910,6,3,3,0,0,0,0,0,0.0166666675,,19,0,19,0,,0,,0|0|1|0|0|0|0,0|0|1|0|0|0|0
5911,5911,6,2,2,255,255,0,0,0,0.0166666675,,19,0,19,0,3,0,,0|0|0.499999911|0|0|0|0,0|0|0.499999911|0|0|0|0
5911,5911,6,3,3,0,0,0,0,0,0.0166666675,,19,0,19,0,,0,,0|0|1|0|0|0|0,0|0|1|0|0|0|0
5912,5912,6,2,2,255,255,0,0,0,0.0166666675,,19,0,19,0,3,0,,0|0|0.499999911|0|0|0|0,0|0|0.499999911|0|0|0|0
5912,5912,6,3,3,0,0,0,0,0,0.0166666675,,19,0,19,0,,0,,0|0|1|0|0|0|0,0|0|1|0|0|0|0
5913,5913,6,2,2,255,255,0,0,0,0.0166666675,,19,0,19,0,3,0,,0|0|0.499999911|0|0|0|0,0|0|0.499999911|0|0|0|0
5913,5913,6,3,3,0,0,0,0,0,0.0166666675,,19,0,19,0,,0,,0|0|1|0|0|0|0,0|0|1|0|0|0|0
5914,5914,6,2,2,255,255,0,0,0,0.0166666675,,19,0,19,0,3,0,,0|0|0.499999911|0|0|0|0,0|0|0.499999911|0|0|0|0
5914,5914,6,3,3,0,0,0,0,0,0.0166666675,,19,0,19,0,,0,,0|0|1|0|0|0|0,0|0|1|0|0|0|0
5915,5915,6,2,2,255,255,0,0,0,0.0166666675,,19,0,19,0,3,0,,0|0|0.499999911|0|0|0|0,0|0|0.499999911|0|0|0|0
5915,5915,6,3,3,0,0,0,0,0,0.0166666675,,19,0,19,0,,0,,0|0|1|0|0|0|0,0|0|1|0|0|0|0
5916,5916,6,2,2,255,255,0,0,0,0.0166666675,,19,0,19,0,3,0,,0|0|0.499999911|0|0|0|0,0|0|0.499999911|0|0|0|0
5916,5916,6,3,3,0,0,0,0,0,0.0166666675,,19,0,19,0,,0,,0|0|1|0|0|0|0,0|0|1|0|0|0|0
5917,5917,6,2,2,255,255,0,0,0,0.0166666675,,19,0,19,0,3,0,,0|0|0.499999911|0|0|0|0,0|0|0.499999911|0|0|0|0
5917,5917,6,3,3,0,0,0,0,0,0.0166666675,,19,0,19,0,,0,,0|0|1|0|0|0|0,0|0|1|0|0|0|0
5918,5918,6,2,2,255,255,0,0,0,0.0166666675,,19,0,19,0,3,0,,0|0|0.499999911|0|0|0|0,0|0|0.499999911|0|0|0|0
5918,5918,6,3,3,0,0,0,0,0,0.0166666675,,19,0,19,0,,0,,0|0|1|0|0|0|0,0|0|1|0|0|0|0
5919,5919,6,2,2,255,255,0,0,0,0.0166666675,,19,0,19,0,3,0,,0|0|0.499999911|0|0|0|0,0|0|0.499999911|0|0|0|0
5919,5919,6,3,3,0,0,0,0,0,0.0166666675,,19,0,19,0,,0,,0|0|1|0|0|0|0,0|0|1|0|0|0|0
5920,5920,6,2,2,255,255,0,0,0,0.0166666675,,19,0,19,0,3,0,,0|0|0.499999911|0|0|0|0,0|0|0.499999911|0|0|0|0
5920,5920,6,3,3,0,0,0,0,0,0.0166666675,,19,0,19,0,,0,,0|0|1|0|0|0|0,0|0|1|0|0|0|0
5921,5921,6,2,2,255,255,0,0,0,0.0166666675,,19,0,19,0,3,0,,0|0|0.499999911|0|0|0|0,0|0|0.499999911|0|0|0|0
5921,5921,6,3,3,0,0,0,0,0,0.0166666675,,19,0,19,0,,0,,0|0|1|0|0|0|0,0|0|1|0|0|0|0
5922,5922,6,2,2,255,255,0,0,0,0.0166666675,,19,0,19,0,3,0,,0|0|0.499999911|0|0|0|0,0|0|0.499999911|0|0|0|0
5922,5922,6,3,3,0,0,0,0,0,0.0166666675,,19,0,19,0,,0,,0|0|1|0|0|0|0,0|0|1|0|0|0|0
5923,5923,6,2,2,255,255,0,0,0,0.0166666675,,19,0,19,0,3,0,,0|0|0.499999911|0|0|0|0,0|0|0.499999911|0|0|0|0
5923,5923,6,3,3,0,0,0,0,0,0.0166666675,,19,0,19,0,,0,,0|0|1|0|0|0|0,0|0|1|0|0|0|0
5924,5924,6,2,2,255,255,0,0,0,0.0166666675,,19,0,19,0,3,0,,0|0|0.499999911|0|0|0|0,0|0|0.499999911|0|0|0|0
5924,5924,6,3,3,0,0,0,0,0,0.0166666675,,19,0,19,0,,0,,0|0|1|0|0|0|0,0|0|1|0|0|0|0
5925,5925,6,2,2,255,255,0,0,0,0.0166666675,,19,0,19,0,3,0,,0|0|0.499999911|0|0|0|0,0|0|0.399999917|0|0|0|0
5925,5925,6,3,3,0,0,0,0,0,0.0166666675,,19,0,19,0,,0,,0|0|1|0|0|0|0,0|0|1|0|0|0|0
5926,5926,6,2,2,255,255,0,0,0,0.0166666675,,19,0,19,0,3,0,,0|0|0.399999917|0|0|0|0,0|0|0.399999917|0|0|0|0
5926,5926,6,3,3,0,0,0,0,0,0.0166666675,,19,0,19,0,,0,,0|0|1|0|0|0|0,0|0|1|0|0|0|0
5927,5927,6,2,2,255,255,0,0,0,0.0166666675,,19,0,19,0,3,0,,0|0|0.399999917|0|0|0|0,0|0|0.399999917|0|0|0|0
5927,5927,6,3,3,0,0,0,0,0,0.0166666675,,19,0,19,0,,0,,0|0|1|0|0|0|0,0|0|1|0|0|0|0
5928,5928,6,2,2,255,255,0,0,0,0.0166666675,,19,0,19,0,3,0,,0|0|0.399999917|0|0|0|0,0|0|0.399999917|0|0|0|0
5928,5928,6,3,3,0,0,0,0,0,0.0166666675,,19,0,19,0,,0,,0|0|1|0|0|0|0,0|0|1|0|0|0|0
5929,5929,6,2,2,255,255,0,0,0,0.0166666675,,19,0,19,0,3,0,,0|0|0.399999917|0|0|0|0,0|0|0.399999917|0|0|0|0
5929,5929,6,3,3,0,0,0,0,0,0.0166666675,,19,0,19,0,,0,,0|0|1|0|0|0|0,0|0|1|0|0|0|0
5930,5930,6,2,2,255,255,0,0,0,0.0166666675,,19,0,19,0,3,0,,0|0|0.399999917|0|0|0|0,0|0|0.399999917|0|0|0|0
5930,5930,6,3,3,0,0,0,0,0,0.0166666675,,19,0,19,0,,0,,0|0|1|0|0|0|0,0|0|1|0|0|0|0
5931,5931,6,2,2,255,255,0,0,0,0.0166666675,,19,0,19,0,3,0,,0|0|0.399999917|0|0|0|0,0|0|0.399999917|0|0|0|0
5931,5931,6,3,3,0,0,0,0,0,0.0166666675,,19,0,19,0,,0,,0|0|1|0|0|0|0,0|0|1|0|0|0|0
5932,5932,6,2,2,255,255,0,0,0,0.0166666675,,19,0,19,0,3,0,,0|0|0.399999917|0|0|0|0,0|0|0.399999917|0|0|0|0
5932,5932,6,3,3,0,0,0,0,0,0.0166666675,,19,0,19,0,,0,,0|0|1|0|0|0|0,0|0|1|0|0|0|0
5933,5933,6,2,2,255,255,0,0,0,0.0166666675,,19,0,19,0,3,0,,0|0|0.399999917|0|0|0|0,0|0|0.399999917|0|0|0|0
5933,5933,6,3,3,0,0,0,0,0,0.0166666675,,19,0,19,0,,0,,0|0|1|0|0|0|0,0|0|1|0|0|0|0
5934,5934,6,2,2,255,255,0,0,0,0.0166666675,,19,0,19,0,3,0,,0|0|0.399999917|0|0|0|0,0|0|0.399999917|0|0|0|0
5934,5934,6,3,3,0,0,0,0,0,0.0166666675,,19,0,19,0,,0,,0|0|1|0|0|0|0,0|0|1|0|0|0|0
5935,5935,6,2,2,255,255,0,0,0,0.0166666675,,19,0,19,0,3,0,,0|0|0.399999917|0|0|0|0,0|0|0.399999917|0|0|0|0
5935,5935,6,3,3,0,0,0,0,0,0.0166666675,,19,0,19,0,,0,,0|0|1|0|0|0|0,0|0|1|0|0|0|0
5936,5936,6,2,2,255,255,0,0,0,0.0166666675,,19,0,19,0,3,0,,0|0|0.399999917|0|0|0|0,0|0|0.399999917|0|0|0|0
5936,5936,6,3,3,0,0,0,0,0,0.0166666675,,19,0,19,0,,0,,0|0|1|0|0|0|0,0|0|1|0|0|0|0
5937,5937,6,2,2,255,255,0,0,0,0.0166666675,,19,0,19,0,3,0,,0|0|0.399999917|0|0|0|0,0|0|0.399999917|0|0|0|0
5937,5937,6,3,3,0,0,0,0,0,0.0166666675,,19,0,19,0,,0,,0|0|1|0|0|0|0,0|0|1|0|0|0|0
5938,5938,6,2,2,255,255,0,0,0,0.0166666675,,19,0,19,0,3,0,,0|0|0.399999917|0|0|0|0,0|0|0.399999917|0|0|0|0
5938,5938,6,3,3,0,0,0,0,0,0.0166666675,,19,0,19,0,,0,,0|0|1|0|0|0|0,0|0|1|0|0|0|0
5939,5939,6,2,2,255,255,0,0,0,0.0166666675,,19,0,19,0,3,0,,0|0|0.399999917|0|0|0|0,0|0|0.399999917|0|0|0|0
5939,5939,6,3,3,0,0,0,0,0,0.0166666675,,19,0,19,0,,0,,0|0|1|0|0|0|0,0|0|1|0|0|0|0
5940,5940,6,2,2,255,255,0,0,0,0.0166666675,,19,0,19,0,3,0,,0|0|0.399999917|0|0|0|0,0|0|0.399999917|0|0|0|0
5940,5940,6,3,3,0,0,0,0,0,0.0166666675,,19,0,19,0,,0,,0|0|1|0|0|0|0,0|0|1|0|0|0|0
5941,5941,6,2,2,255,255,0,0,0,0.0166666675,,19,0,19,0,3,0,,0|0|0.399999917|0|0|0|0,0|0|0.399999917|0|0|0|0
5941,5941,6,3,3,0,0,0,0,0,0.0166666675,,19,0,19,0,,0,,0|0|1|0|0|0|0,0|0|1|0|0|0|0
5942,5942,6,2,2,255,255,0,0,0,0.0166666675,,19,0,19,0,3,0,,0|0|0.399999917|0|0|0|0,0|0|0.399999917|0|0|0|0
5942,5942,6,3,3,0,0,0,0,0,0.0166666675,,19,0,19,0,,0,,0|0|1|0|0|0|0,0|0|1|0|0|0|0
5943,5943,6,2,2,255,255,0,0,0,0.0166666675,,19,0,19,0,3,0,,0|0|0.399999917|0|0|0|0,0|0|0.399999917|0|0|0|0
5943,5943,6,3,3,0,0,0,0,0,0.0166666675,,19,0,19,0,,0,,0|0|1|0|0|0|0,0|0|1|0|0|0|0
5944,5944,6,2,2,255,255,0,0,0,0.0166666675,,19,0,19,0,3,0,,0|0|0.399999917|0|0|0|0,0|0|0.399999917|0|0|0|0
5944,5944,6,3,3,0,0,0,0,0,0.0166666675,,19,0,19,0,,0,,0|0|1|0|0|0|0,0|0|1|0|0|0|0
5945,5945,6,2,2,255,255,0,0,0,0.0166666675,,19,0,19,0,3,0,,0|0|0.399999917|0|0|0|0,0|0|0.399999917|0|0|0|0
5945,5945,6,3,3,0,0,0,0,0,0.0166666675,,19,0,19,0,,0,,0|0|1|0|0|0|0,0|0|1|0|0|0|0
5946,5946,6,2,2,255,255,0,0,0,0.0166666675,,19,0,19,0,3,0,,0|0|0.399999917|0|0|0|0,0|0|0.399999917|0|0|0|0
5946,5946,6,3,3,0,0,0,0,0,0.0166666675,,19,0,19,0,,0,,0|0|1|0|0|0|0,0|0|1|0|0|0|0
5947,5947,6,2,2,255,255,0,0,0,0.0166666675,,19,0,19,0,3,0,,0|0|0.399999917|0|0|0|0,0|0|0.399999917|0|0|0|0
5947,5947,6,3,3,0,0,0,0,0,0.0166666675,,19,0,19,0,,0,,0|0|1|0|0|0|0,0|0|1|0|0|0|0
5948,5948,6,2,2,255,255,0,0,0,0.0166666675,,19,0,19,0,3,0,,0|0|0.399999917|0|0|0|0,0|0|0.399999917|0|0|0|0
5948,5948,6,3,3,0,0,0,0,0,0.0166666675,,19,0,19,0,,0,,0|0|1|0|0|0|0,0|0|1|0|0|0|0
5949,5949,6,2,2,255,255,0,0,0,0.0166666675,,19,0,19,0,3,0,,0|0|0.399999917|0|0|0|0,0|0|0.399999917|0|0|0|0
5949,5949,6,3,3,0,0,0,0,0,0.0166666675,,19,0,19,0,,0,,0|0|1|0|0|0|0,0|0|1|0|0|0|0
5950,5950,6,2,2,255,255,0,0,0,0.0166666675,,19,0,19,0,3,0,,0|0|0.399999917|0|0|0|0,0|0|0.299999923|0|0|0|0
5950,5950,6,3,3,0,0,0,0,0,0.0166666675,,19,0,19,0,,0,,0|0|1|0|0|0|0,0|0|1|0|0|0|0
5951,5951,6,2,2,255,255,0,0,0,0.0166666675,,19,0,19,0,3,0,,0|0|0.299999923|0|0|0|0,0|0|0.299999923|0|0|0|0
5951,5951,6,3,3,0,0,0,0,0,0.0166666675,,19,0,19,0,,0,,0|0|1|0|0|0|0,0|0|1|0|0|0|0
5952,5952,6,2,2,255,255,0,0,0,0.0166666675,,19,0,19,0,3,0,,0|0|0.299999923|0|0|0|0,0|0|0.299999923|0|0|0|0
5952,5952,6,3,3,0,0,0,0,0,0.0166666675,,19,0,19,0,,0,,0|0|1|0|0|0|0,0|0|1|0|0|0|0
5953,5953,6,2,2,255,255,0,0,0,0.0166666675,,19,0,19,0,3,0,,0|0|0.299999923|0|0|0|0,0|0|0.299999923|0|0|0|0
5953,5953,6,3,3,0,0,0,0,0,0.0166666675,,19,0,19,0,,0,,0|0|1|0|0|0|0,0|0|1|0|0|0|0
5954,5954,6,2,2,255,255,0,0,0,0.0166666675,,19,0,19,0,3,0,,0|0|0.299999923|0|0|0|0,0|0|0.299999923|0|0|0|0
5954,5954,6,3,3,0,0,0,0,0,0.0166666675,,19,0,19,0,,0,,0|0|1|0|0|0|0,0|0|1|0|0|0|0
5955,5955,6,2,2,255,255,0,0,0,0.0166666675,,19,0,19,0,3,0,,0|0|0.299999923|0|0|0|0,0|0|0.299999923|0|0|0|0
5955,5955,6,3,3,0,0,0,0,0,0.0166666675,,19,0,19,0,,0,,0|0|1|0|0|0|0,0|0|1|0|0|0|0
5956,5956,6,2,2,255,255,0,0,0,0.0166666675,,19,0,19,0,3,0,,0|0|0.299999923|0|0|0|0,0|0|0.299999923|0|0|0|0
5956,5956,6,3,3,0,0,0,0,0,0.0166666675,,19,0,19,0,,0,,0|0|1|0|0|0|0,0|0|1|0|0|0|0
5957,5957,6,2,2,255,255,0,0,0,0.0166666675,,19,0,19,0,3,0,,0|0|0.299999923|0|0|0|0,0|0|0.299999923|0|0|0|0
5957,5957,6,3,3,0,0,0,0,0,0.0166666675,,19,0,19,0,,0,,0|0|1|0|0|0|0,0|0|1|0|0|0|0
5958,5958,6,2,2,255,255,0,0,0,0.0166666675,,19,0,19,0,3,0,,0|0|0.299999923|0|0|0|0,0|0|0.299999923|0|0|0|0
5958,5958,6,3,3,0,0,0,0,0,0.0166666675,,19,0,19,0,,0,,0|0|1|0|0|0|0,0|0|1|0|0|0|0
5959,5959,6,2,2,255,255,0,0,0,0.0166666675,,19,0,19,0,3,0,,0|0|0.299999923|0|0|0|0,0|0|0.299999923|0|0|0|0
5959,5959,6,3,3,0,0,0,0,0,0.0166666675,,19,0,19,0,,0,,0|0|1|0|0|0|0,0|0|1|0|0|0|0
5960,5960,6,2,2,255,255,0,0,0,0.0166666675,,19,0,19,0,3,0,,0|0|0.299999923|0|0|0|0,0|0|0.299999923|0|0|0|0
5960,5960,6,3,3,0,0,0,0,0,0.0166666675,,19,0,19,0,,0,,0|0|1|0|0|0|0,0|0|1|0|0|0|0
5961,5961,6,2,2,255,255,0,0,0,0.0166666675,,19,0,19,0,3,0,,0|0|0.299999923|0|0|0|0,0|0|0.299999923|0|0|0|0
5961,5961,6,3,3,0,0,0,0,0,0.0166666675,,19,0,19,0,,0,,0|0|1|0|0|0|0,0|0|1|0|0|0|0
5962,5962,6,2,2,255,255,0,0,0,0.0166666675,,19,0,19,0,3,0,,0|0|0.299999923|0|0|0|0,0|0|0.299999923|0|0|0|0
5962,5962,6,3,3,0,0,0,0,0,0.0166666675,,19,0,19,0,,0,,0|0|1|0|0|0|0,0|0|1|0|0|0|0
5963,5963,6,2,2,255,255,0,0,0,0.0166666675,,19,0,19,0,3,0,,0|0|0.299999923|0|0|0|0,0|0|0.299999923|0|0|0|0
5963,5963,6,3,3,0,0,0,0,0,0.0166666675,,19,0,19,0,,0,,0|0|1|0|0|0|0,0|0|1|0|0|0|0
5964,5964,6,2,2,255,255,0,0,0,0.0166666675,,19,0,19,0,3,0,,0|0|0.299999923|0|0|0|0,0|0|0.299999923|0|0|0|0
5964,5964,6,3,3,0,0,0,0,0,0.0166666675,,19,0,19,0,,0,,0|0|1|0|0|0|0,0|0|1|0|0|0|0
5965,5965,6,2,2,255,255,0,0,0,0.0166666675,,19,0,19,0,3,0,,0|0|0.299999923|0|0|0|0,0|0|0.299999923|0|0|0|0
5965,5965,6,3,3,0,0,0,0,0,0.0166666675,,19,0,19,0,,0,,0|0|1|0|0|0|0,0|0|1|0|0|0|0
5966,5966,6,2,2,255,255,0,0,0,0.0166666675,,19,0,19,0,3,0,,0|0|0.299999923|0|0|0|0,0|0|0.299999923|0|0|0|0
5966,5966,6,3,3,0,0,0,0,0,0.0166666675,,19,0,19,0,,0,,0|0|1|0|0|0|0,0|0|1|0|0|0|0
5967,5967,6,2,2,255,255,0,0,0,0.0166666675,,19,0,19,0,3,0,,0|0|0.299999923|0|0|0|0,0|0|0.299999923|0|0|0|0
5967,5967,6,3,3,0,0,0,0,0,0.0166666675,,19,0,19,0,,0,,0|0|1|0|0|0|0,0|0|1|0|0|0|0
5968,5968,6,2,2,255,255,0,0,0,0.0166666675,,19,0,19,0,3,0,,0|0|0.299999923|0|0|0|0,0|0|0.299999923|0|0|0|0
5968,5968,6,3,3,0,0,0,0,0,0.0166666675,,19,0,19,0,,0,,0|0|1|0|0|0|0,0|0|1|0|0|0|0
5969,5969,6,2,2,255,255,0,0,0,0.0166666675,,19,0,19,0,3,0,,0|0|0.299999923|0|0|0|0,0|0|0.299999923|0|0|0|0
5969,5969,6,3,3,0,0,0,0,0,0.0166666675,,19,0,19,0,,0,,0|0|1|0|0|0|0,0|0|1|0|0|0|0
5970,5970,6,2,2,255,255,0,0,0,0.0166666675,,19,0,19,0,3,0,,0|0|0.299999923|0|0|0|0,0|0|0.299999923|0|0|0|0
5970,5970,6,3,3,0,0,0,0,0,0.0166666675,,19,0,19,0,,0,,0|0|1|0|0|0|0,0|0|1|0|0|0|0
5971,5971,6,2,2,255,255,0,0,0,0.0166666675,,19,0,19,0,3,0,,0|0|0.299999923|0|0|0|0,0|0|0.299999923|0|0|0|0
5971,5971,6,3,3,0,0,0,0,0,0.0166666675,,19,0,19,0,,0,,0|0|1|0|0|0|0,0|0|1|0|0|0|0
5972,5972,6,2,2,255,255,0,0,0,0.0166666675,,19,0,19,0,3,0,,0|0|0.299999923|0|0|0|0,0|0|0.299999923|0|0|0|0
5972,5972,6,3,3,0,0,0,0,0,0.0166666675,,19,0,19,0,,0,,0|0|1|0|0|0|0,0|0|1|0|0|0|0
5973,5973,6,2,2,255,255,0,0,0,0.0166666675,,19,0,19,0,3,0,,0|0|0.299999923|0|0|0|0,0|0|0.299999923|0|0|0|0
5973,5973,6,3,3,0,0,0,0,0,0.0166666675,,19,0,19,0,,0,,0|0|1|0|0|0|0,0|0|1|0|0|0|0
5974,5974,6,2,2,255,255,0,0,0,0.0166666675,,19,0,19,0,3,0,,0|0|0.299999923|0|0|0|0,0|0|0.299999923|0|0|0|0
5974,5974,6,3,3,0,0,0,0,0,0.0166666675,,19,0,19,0,,0,,0|0|1|0|0|0|0,0|0|1|0|0|0|0
5975,5975,6,2,2,255,255,0,0,0,0.0166666675,,19,0,19,0,3,0,,0|0|0.299999923|0|0|0|0,0|0|0.299999923|0|0|0|0
5975,5975,6,3,3,0,0,0,0,0,0.0166666675,,19,0,19,0,,0,,0|0|1|0|0|0|0,0|0|1|0|0|0|0
5976,5976,6,2,2,255,255,0,0,0,0.0166666675,,19,0,19,0,3,0,,0|0|0.299999923|0|0|0|0,0|0|0.299999923|0|0|0|0
5976,5976,6,3,3,0,0,0,0,0,0.0166666675,,19,0,19,0,,0,,0|0|1|0|0|0|0,0|0|1|0|0|0|0
5977,5977,6,2,2,255,255,0,0,0,0.0166666675,,19,0,19,0,3,0,,0|0|0.299999923|0|0|0|0,0|0|0.299999923|0|0|0|0
5977,5977,6,3,3,0,0,0,0,0,0.0166666675,,19,0,19,0,,0,,0|0|1|0|0|0|0,0|0|1|0|0|0|0
5978,5978,6,2,2,255,255,0,0,0,0.0166666675,,19,0,19,0,3,0,,0|0|0.299999923|0|0|0|0,0|0|0.299999923|0|0|0|0
5978,5978,6,3,3,0,0,0,0,0,0.0166666675,,19,0,19,0,,0,,0|0|1|0|0|0|0,0|0|1|0|0|0|0
5979,5979,6,2,2,255,255,0,0,0,0.0166666675,,19,0,19,0,3,0,,0|0|0.299999923|0|0|0|0,0|0|0.299999923|0|0|0|0
5979,5979,6,3,3,0,0,0,0,0,0.0166666675,,19,0,19,0,,0,,0|0|1|0|0|0|0,0|0|1|0|0|0|0
5980,5980,6,2,2,255,255,0,0,0,0.0166666675,,19,0,19,0,3,0,,0|0|0.299999923|0|0|0|0,0|0|0.299999923|0|0|0|0
5980,5980,6,3,3,0,0,0,0,0,0.0166666675,,19,0,19,0,,0,,0|0|1|0|0|0|0,0|0|1|0|0|0|0
5981,5981,6,2,2,255,255,0,0,0,0.0166666675,,19,0,19,0,3,0,,0|0|0.299999923|0|0|0|0,0|0|0.299999923|0|0|0|0
5981,5981,6,3,3,0,0,0,0,0,0.0166666675,,19,0,19,0,,0,,0|0|1|0|0|0|0,0|0|1|0|0|0|0
5982,5982,6,2,2,255,255,0,0,0,0.0166666675,,19,0,19,0,3,0,,0|0|0.299999923|0|0|0|0,0|0|0.299999923|0|0|0|0
5982,5982,6,3,3,0,0,0,0,0,0.0166666675,,19,0,19,0,,0,,0|0|1|0|0|0|0,0|0|1|0|0|0|0
5983,5983,6,2,2,255,255,0,0,0,0.0166666675,,19,0,19,0,3,0,,0|0|0.299999923|0|0|0|0,0|0|0.299999923|0|0|0|0
5983,5983,6,3,3,0,0,0,0,0,0.0166666675,,19,0,19,0,,0,,0|0|1|0|0|0|0,0|0|1|0|0|0|0
5984,5984,6,2,2,255,255,0,0,0,0.0166666675,,19,0,19,0,3,0,,0|0|0.299999923|0|0|0|0,0|0|0.299999923|0|0|0|0
5984,5984,6,3,3,0,0,0,0,0,0.0166666675,,19,0,19,0,,0,,0|0|1|0|0|0|0,0|0|1|0|0|0|0
5985,5985,6,2,2,255,255,0,0,0,0.0166666675,,19,0,19,0,3,0,,0|0|0.299999923|0|0|0|0,0|0|0.299999923|0|0|0|0
5985,5985,6,3,3,0,0,0,0,0,0.0166666675,,19,0,19,0,,0,,0|0|1|0|0|0|0,0|0|1|0|0|0|0
5986,5986,6,2,2,255,255,0,0,0,0.0166666675,,19,0,19,0,3,0,,0|0|0.299999923|0|0|0|0,0|0|0.299999923|0|0|0|0
5986,5986,6,3,3,0,0,0,0,0,0.0166666675,,19,0,19,0,,0,,0|0|1|0|0|0|0,0|0|1|0|0|0|0
5987,5987,6,2,2,255,255,0,0,0,0.0166666675,,19,0,19,0,3,0,,0|0|0.299999923|0|0|0|0,0|0|0.299999923|0|0|0|0
5987,5987,6,3,3,0,0,0,0,0,0.0166666675,,19,0,19,0,,0,,0|0|1|0|0|0|0,0|0|1|0|0|0|0
5988,5988,6,2,2,255,255,0,0,0,0.0166666675,,19,0,19,0,3,0,,0|0|0.299999923|0|0|0|0,0|0|0.299999923|0|0|0|0
5988,5988,6,3,3,0,0,0,0,0,0.0166666675,,19,0,19,0,,0,,0|0|1|0|0|0|0,0|0|1|0|0|0|0
5989,5989,6,2,2,255,255,0,0,0,0.0166666675,,19,0,19,0,3,0,,0|0|0.299999923|0|0|0|0,0|0|0.299999923|0|0|0|0
5989,5989,6,3,3,0,0,0,0,0,0.0166666675,,19,0,19,0,,0,,0|0|1|0|0|0|0,0|0|1|0|0|0|0
5990,5990,6,2,2,255,255,0,0,0,0.0166666675,,19,0,19,0,3,0,,0|0|0.299999923|0|0|0|0,0|0|0.299999923|0|0|0|0
5990,5990,6,3,3,0,0,0,0,0,0.0166666675,,19,0,19,0,,0,,0|0|1|0|0|0|0,0|0|1|0|0|0|0
5991,5991,6,2,2,255,255,0,0,0,0.0166666675,,19,0,19,0,3,0,,0|0|0.299999923|0|0|0|0,0|0|0.299999923|0|0|0|0
5991,5991,6,3,3,0,0,0,0,0,0.0166666675,,19,0,19,0,,0,,0|0|1|0|0|0|0,0|0|1|0|0|0|0
5992,5992,6,2,2,255,255,0,0,0,0.0166666675,,19,0,19,0,3,0,,0|0|0.299999923|0|0|0|0,0|0|0.299999923|0|0|0|0
5992,5992,6,3,3,0,0,0,0,0,0.0166666675,,19,0,19,0,,0,,0|0|1|0|0|0|0,0|0|1|0|0|0|0
5993,5993,6,2,2,255,255,0,0,0,0.0166666675,,19,0,19,0,3,0,,0|0|0.299999923|0|0|0|0,0|0|0.299999923|0|0|0|0
5993,5993,6,3,3,0,0,0,0,0,0.0166666675,,19,0,19,0,,0,,0|0|1|0|0|0|0,0|0|1|0|0|0|0
5994,5994,6,2,2,255,255,0,0,0,0.0166666675,,19,0,19,0,3,0,,0|0|0.299999923|0|0|0|0,0|0|0.299999923|0|0|0|0
5994,5994,6,3,3,0,0,0,0,0,0.0166666675,,19,0,19,0,,0,,0|0|1|0|0|0|0,0|0|1|0|0|0|0
5995,5995,6,2,2,255,255,0,0,0,0.0166666675,,19,0,19,0,3,0,,0|0|0.299999923|0|0|0|0,0|0|0.299999923|0|0|0|0
5995,5995,6,3,3,0,0,0,0,0,0.0166666675,,19,0,19,0,,0,,0|0|1|0|0|0|0,0|0|1|0|0|0|0
5996,5996,6,2,2,255,255,0,0,0,0.0166666675,,19,0,19,0,3,0,,0|0|0.299999923|0|0|0|0,0|0|0.299999923|0|0|0|0
5996,5996,6,3,3,0,0,0,0,0,0.0166666675,,19,0,19,0,,0,,0|0|1|0|0|0|0,0|0|1|0|0|0|0
5997,5997,6,2,2,255,255,0,0,0,0.0166666675,,19,0,19,0,3,0,,0|0|0.299999923|0|0|0|0,0|0|0.299999923|0|0|0|0
5997,5997,6,3,3,0,0,0,0,0,0.0166666675,,19,0,19,0,,0,,0|0|1|0|0|0|0,0|0|1|0|0|0|0
5998,5998,6,2,2,255,255,0,0,0,0.0166666675,,19,0,19,0,3,0,,0|0|0.299999923|0|0|0|0,0|0|0.299999923|0|0|0|0
5998,5998,6,3,3,0,0,0,0,0,0.0166666675,,19,0,19,0,,0,,0|0|1|0|0|0|0,0|0|1|0|0|0|0
5999,5999,6,2,2,255,255,0,0,0,0.0166666675,,19,0,19,0,3,0,,0|0|0.299999923|0|0|0|0,0|0|0.299999923|0|0|0|0
5999,5999,6,3,3,0,0,0,0,0,0.0166666675,,19,0,19,0,,0,,0|0|1|0|0|0|0,0|0|1|0|0|0|0
6000,6000,6,2,2,255,255,0,0,0,0.0166666675,,19,0,19,0,3,0,,0|0|0.299999923|0|0|0|0,0|0|0.299999923|0|0|0|0
6000,6000,6,3,3,0,0,0,0,0,0.0166666675,,19,0,19,0,,0,,0|0|1|0|0|0|0,0|0|1|0|0|0|0
6001,6001,6,2,2,255,255,0,0,0,0.0166666675,,19,0,19,0,3,0,,0|0|0.299999923|0|0|0|0,0|0|0.299999923|0|0|0|0
6001,6001,6,3,3,0,0,0,0,0,0.0166666675,,19,0,19,0,,0,,0|0|1|0|0|0|0,0|0|1|0|0|0|0
6002,6002,6,2,2,255,255,0,0,0,0.0166666675,,19,0,19,0,3,0,,0|0|0.299999923|0|0|0|0,0|0|0.299999923|0|0|0|0
6002,6002,6,3,3,0,0,0,0,0,0.0166666675,,19,0,19,0,,0,,0|0|1|0|0|0|0,0|0|1|0|0|0|0
6003,6003,6,2,2,255,255,0,0,0,0.0166666675,,19,0,19,0,3,0,,0|0|0.299999923|0|0|0|0,0|0|0.299999923|0|0|0|0
6003,6003,6,3,3,0,0,0,0,0,0.0166666675,,19,0,19,0,,0,,0|0|1|0|0|0|0,0|0|1|0|0|0|0
6004,6004,6,2,2,255,255,0,0,0,0.0166666675,,19,0,19,0,3,0,,0|0|0.299999923|0|0|0|0,0|0|0.299999923|0|0|0|0
6004,6004,6,3,3,0,0,0,0,0,0.0166666675,,19,0,19,0,,0,,0|0|1|0|0|0|0,0|0|1|0|0|0|0
6005,6005,6,2,2,255,255,0,0,0,0.0166666675,,19,0,19,0,3,0,,0|0|0.299999923|0|0|0|0,0|0|0.299999923|0|0|0|0
6005,6005,6,3,3,0,0,0,0,0,0.0166666675,,19,0,19,0,,0,,0|0|1|0|0|0|0,0|0|1|0|0|0|0
6006,6006,6,2,2,255,255,0,0,0,0.0166666675,,19,0,19,0,3,0,,0|0|0.299999923|0|0|0|0,0|0|0.299999923|0|0|0|0
6006,6006,6,3,3,0,0,0,0,0,0.0166666675,,19,0,19,0,,0,,0|0|1|0|0|0|0,0|0|1|0|0|0|0
6007,6007,6,2,2,255,255,0,0,0,0.0166666675,,19,0,19,0,3,0,,0|0|0.299999923|0|0|0|0,0|0|0.299999923|0|0|0|0
6007,6007,6,3,3,0,0,0,0,0,0.0166666675,,19,0,19,0,,0,,0|0|1|0|0|0|0,0|0|1|0|0|0|0
6008,6008,6,2,2,255,255,0,0,0,0.0166666675,,19,0,19,0,3,0,,0|0|0.299999923|0|0|0|0,0|0|0.299999923|0|0|0|0
6008,6008,6,3,3,0,0,0,0,0,0.0166666675,,19,0,19,0,,0,,0|0|1|0|0|0|0,0|0|1|0|0|0|0
6009,6009,6,2,2,255,255,0,0,0,0.0166666675,,19,0,19,0,3,0,,0|0|0.299999923|0|0|0|0,0|0|0.299999923|0|0|0|0
6009,6009,6,3,3,0,0,0,0,0,0.0166666675,,19,0,19,0,,0,,0|0|1|0|0|0|0,0|0|1|0|0|0|0
6010,6010,6,2,2,255,255,0,0,0,0.0166666675,,19,0,19,0,3,0,,0|0|0.299999923|0|0|0|0,0|0|0.299999923|0|0|0|0
6010,6010,6,3,3,0,0,0,0,0,0.0166666675,,19,0,19,0,,0,,0|0|1|0|0|0|0,0|0|1|0|0|0|0
6011,6011,6,2,2,255,255,0,0,0,0.0166666675,,19,0,19,0,3,0,,0|0|0.299999923|0|0|0|0,0|0|0.299999923|0|0|0|0
6011,6011,6,3,3,0,0,0,0,0,0.0166666675,,19,0,19,0,,0,,0|0|1|0|0|0|0,0|0|1|0|0|0|0
6012,6012,6,2,2,255,255,0,0,0,0.0166666675,,19,0,19,0,3,0,,0|0|0.299999923|0|0|0|0,0|0|0.299999923|0|0|0|0
6012,6012,6,3,3,0,0,0,0,0,0.0166666675,,19,0,19,0,,0,,0|0|1|0|0|0|0,0|0|1|0|0|0|0
6013,6013,6,2,2,255,255,0,0,0,0.0166666675,,19,0,19,0,3,0,,0|0|0.299999923|0|0|0|0,0|0|0.299999923|0|0|0|0
6013,6013,6,3,3,0,0,0,0,0,0.0166666675,,19,0,19,0,,0,,0|0|1|0|0|0|0,0|0|1|0|0|0|0
6014,6014,6,2,2,255,255,0,0,0,0.0166666675,,19,0,19,0,3,0,,0|0|0.299999923|0|0|0|0,0|0|0.299999923|0|0|0|0
6014,6014,6,3,3,0,0,0,0,0,0.0166666675,,19,0,19,0,,0,,0|0|1|0|0|0|0,0|0|1|0|0|0|0
6015,6015,6,2,2,255,255,0,0,0,0.0166666675,,19,0,19,0,3,0,,0|0|0.299999923|0|0|0|0,0|0|0.299999923|0|0|0|0
6015,6015,6,3,3,0,0,0,0,0,0.0166666675,,19,0,19,0,,0,,0|0|1|0|0|0|0,0|0|1|0|0|0|0
6016,6016,6,2,2,255,255,0,0,0,0.0166666675,,19,0,19,0,3,0,,0|0|0.299999923|0|0|0|0,0|0|0.299999923|0|0|0|0
6016,6016,6,3,3,0,0,0,0,0,0.0166666675,,19,0,19,0,,0,,0|0|1|0|0|0|0,0|0|1|0|0|0|0
6017,6017,6,2,2,255,255,0,0,0,0.0166666675,,19,0,19,0,3,0,,0|0|0.299999923|0|0|0|0,0|0|0.299999923|0|0|0|0
6017,6017,6,3,3,0,0,0,0,0,0.0166666675,,19,0,19,0,,0,,0|0|1|0|0|0|0,0|0|1|0|0|0|0
6018,6018,6,2,2,255,255,0,0,0,0.0166666675,,19,0,19,0,3,0,,0|0|0.299999923|0|0|0|0,0|0|0.299999923|0|0|0|0
6018,6018,6,3,3,0,0,0,0,0,0.0166666675,,19,0,19,0,,0,,0|0|1|0|0|0|0,0|0|1|0|0|0|0
6019,6019,6,2,2,255,255,0,0,0,0.0166666675,,19,0,19,0,3,0,,0|0|0.299999923|0|0|0|0,0|0|0.299999923|0|0|0|0
6019,6019,6,3,3,0,0,0,0,0,0.0166666675,,19,0,19,0,,0,,0|0|1|0|0|0|0,0|0|1|0|0|0|0
6020,6020,6,2,2,255,255,0,0,0,0.0166666675,,19,0,19,0,3,0,,0|0|0.299999923|0|0|0|0,0|0|0.299999923|0|0|0|0
6020,6020,6,3,3,0,0,0,0,0,0.0166666675,,19,0,19,0,,0,,0|0|1|0|0|0|0,0|0|1|0|0|0|0
6021,6021,6,2,2,255,255,0,0,0,0.0166666675,,19,0,19,0,3,0,,0|0|0.299999923|0|0|0|0,0|0|0.299999923|0|0|0|0
6021,6021,6,3,3,0,0,0,0,0,0.0166666675,,19,0,19,0,,0,,0|0|1|0|0|0|0,0|0|1|0|0|0|0
6022,6022,6,2,2,255,255,0,0,0,0.0166666675,,19,0,19,0,3,0,,0|0|0.299999923|0|0|0|0,0|0|0.299999923|0|0|0|0
6022,6022,6,3,3,0,0,0,0,0,0.0166666675,,19,0,19,0,,0,,0|0|1|0|0|0|0,0|0|1|0|0|0|0
6023,6023,6,2,2,255,255,0,0,0,0.0166666675,,19,0,19,0,3,0,,0|0|0.299999923|0|0|0|0,0|0|0.299999923|0|0|0|0
6023,6023,6,3,3,0,0,0,0,0,0.0166666675,,19,0,19,0,,0,,0|0|1|0|0|0|0,0|0|1|0|0|0|0
6024,6024,6,2,2,255,255,0,0,0,0.0166666675,,19,0,19,0,3,0,,0|0|0.299999923|0|0|0|0,0|0|0.299999923|0|0|0|0
6024,6024,6,3,3,0,0,0,0,0,0.0166666675,,19,0,19,0,,0,,0|0|1|0|0|0|0,0|0|1|0|0|0|0
6025,6025,6,2,2,255,255,0,0,0,0.0166666675,,19,0,19,0,3,0,,0|0|0.299999923|0|0|0|0,0|0|0.299999923|0|0|0|0
6025,6025,6,3,3,0,0,0,0,0,0.0166666675,,19,0,19,0,,0,,0|0|1|0|0|0|0,0|0|1|0|0|0|0
6026,6026,6,2,2,255,255,0,0,0,0.0166666675,,19,0,19,0,3,0,,0|0|0.299999923|0|0|0|0,0|0|0.299999923|0|0|0|0
6026,6026,6,3,3,0,0,0,0,0,0.0166666675,,19,0,19,0,,0,,0|0|1|0|0|0|0,0|0|1|0|0|0|0
6027,6027,6,2,2,255,255,0,0,0,0.0166666675,,19,0,19,0,3,0,,0|0|0.299999923|0|0|0|0,0|0|0.299999923|0|0|0|0
6027,6027,6,3,3,0,0,0,0,0,0.0166666675,,19,0,19,0,,0,,0|0|1|0|0|0|0,0|0|1|0|0|0|0
6028,6028,6,2,2,255,255,0,0,0,0.0166666675,,19,0,19,0,3,0,,0|0|0.299999923|0|0|0|0,0|0|0.299999923|0|0|0|0
6028,6028,6,3,3,0,0,0,0,0,0.0166666675,,19,0,19,0,,0,,0|0|1|0|0|0|0,0|0|1|0|0|0|0
6029,6029,6,2,2,255,255,0,0,0,0.0166666675,,19,0,19,0,3,0,,0|0|0.299999923|0|0|0|0,0|0|0.299999923|0|0|0|0
6029,6029,6,3,3,0,0,0,0,0,0.0166666675,,19,0,19,0,,0,,0|0|1|0|0|0|0,0|0|1|0|0|0|0
6030,6030,6,2,2,255,255,0,0,0,0.0166666675,,19,0,19,0,3,0,,0|0|0.299999923|0|0|0|0,0|0|0.299999923|0|0|0|0
6030,6030,6,3,3,0,0,0,0,0,0.0166666675,,19,0,19,0,,0,,0|0|1|0|0|0|0,0|0|1|0|0|0|0
6031,6031,6,2,2,255,255,0,0,0,0.0166666675,,19,0,19,0,3,0,,0|0|0.299999923|0|0|0|0,0|0|0.299999923|0|0|0|0
6031,6031,6,3,3,0,0,0,0,0,0.0166666675,,19,0,19,0,,0,,0|0|1|0|0|0|0,0|0|1|0|0|0|0
6032,6032,6,2,2,255,255,0,0,0,0.0166666675,,19,0,19,0,3,0,,0|0|0.299999923|0|0|0|0,0|0|0.299999923|0|0|0|0
6032,6032,6,3,3,0,0,0,0,0,0.0166666675,,19,0,19,0,,0,,0|0|1|0|0|0|0,0|0|1|0|0|0|0
6033,6033,6,2,2,255,255,0,0,0,0.0166666675,,19,0,19,0,3,0,,0|0|0.299999923|0|0|0|0,0|0|0.299999923|0|0|0|0
6033,6033,6,3,3,0,0,0,0,0,0.0166666675,,19,0,19,0,,0,,0|0|1|0|0|0|0,0|0|1|0|0|0|0
6034,6034,6,2,2,255,255,0,0,0,0.0166666675,,19,0,19,0,3,0,,0|0|0.299999923|0|0|0|0,0|0|0.299999923|0|0|0|0
6034,6034,6,3,3,0,0,0,0,0,0.0166666675,,19,0,19,0,,0,,0|0|1|0|0|0|0,0|0|1|0|0|0|0
6035,6035,6,2,2,255,255,0,0,0,0.0166666675,,19,0,19,0,3,0,,0|0|0.299999923|0|0|0|0,0|0|0.299999923|0|0|0|0
6035,6035,6,3,3,0,0,0,0,0,0.0166666675,,19,0,19,0,,0,,0|0|1|0|0|0|0,0|0|1|0|0|0|0
6036,6036,6,2,2,255,255,0,0,0,0.0166666675,,19,0,19,0,3,0,,0|0|0.299999923|0|0|0|0,0|0|0.299999923|0|0|0|0
6036,6036,6,3,3,0,0,0,0,0,0.0166666675,,19,0,19,0,,0,,0|0|1|0|0|0|0,0|0|1|0|0|0|0
6037,6037,6,2,2,255,255,0,0,0,0.0166666675,,19,0,19,0,3,0,,0|0|0.299999923|0|0|0|0,0|0|0.299999923|0|0|0|0
6037,6037,6,3,3,0,0,0,0,0,0.0166666675,,19,0,19,0,,0,,0|0|1|0|0|0|0,0|0|1|0|0|0|0
6038,6038,6,2,2,255,255,0,0,0,0.0166666675,,19,0,19,0,3,0,,0|0|0.299999923|0|0|0|0,0|0|0.299999923|0|0|0|0
6038,6038,6,3,3,0,0,0,0,0,0.0166666675,,19,0,19,0,,0,,0|0|1|0|0|0|0,0|0|1|0|0|0|0
6039,6039,6,2,2,255,255,0,0,0,0.0166666675,,19,0,19,0,3,0,,0|0|0.299999923|0|0|0|0,0|0|0.299999923|0|0|0|0
6039,6039,6,3,3,0,0,0,0,0,0.0166666675,,19,0,19,0,,0,,0|0|1|0|0|0|0,0|0|1|0|0|0|0
6040,6040,6,2,2,255,255,0,0,0,0.0166666675,,19,0,19,0,3,0,,0|0|0.299999923|0|0|0|0,0|0|0.299999923|0|0|0|0
6040,6040,6,3,3,0,0,0,0,0,0.0166666675,,19,0,19,0,,0,,0|0|1|0|0|0|0,0|0|1|0|0|0|0
6041,6041,6,2,2,255,255,0,0,0,0.0166666675,,19,0,19,0,3,0,,0|0|0.299999923|0|0|0|0,0|0|0.299999923|0|0|0|0
6041,6041,6,3,3,0,0,0,0,0,0.0166666675,,19,0,19,0,,0,,0|0|1|0|0|0|0,0|0|1|0|0|0|0
6042,6042,6,2,2,255,255,0,0,0,0.0166666675,,19,0,19,0,3,0,,0|0|0.299999923|0|0|0|0,0|0|0.299999923|0|0|0|0
6042,6042,6,3,3,0,0,0,0,0,0.0166666675,,19,0,19,0,,0,,0|0|1|0|0|0|0,0|0|1|0|0|0|0
6043,6043,6,2,2,255,255,0,0,0,0.0166666675,,19,0,19,0,3,0,,0|0|0.299999923|0|0|0|0,0|0|0.299999923|0|0|0|0
6043,6043,6,3,3,0,0,0,0,0,0.0166666675,,19,0,19,0,,0,,0|0|1|0|0|0|0,0|0|1|0|0|0|0
6044,6044,6,2,2,255,255,0,0,0,0.0166666675,,19,0,19,0,3,0,,0|0|0.299999923|0|0|0|0,0|0|0.299999923|0|0|0|0
6044,6044,6,3,3,0,0,0,0,0,0.0166666675,,19,0,19,0,,0,,0|0|1|0|0|0|0,0|0|1|0|0|0|0
6045,6045,6,2,2,255,255,0,0,0,0.0166666675,,19,0,19,0,3,0,,0|0|0.299999923|0|0|0|0,0|0|0.299999923|0|0|0|0
6045,6045,6,3,3,0,0,0,0,0,0.0166666675,,19,0,19,0,,0,,0|0|1|0|0|0|0,0|0|1|0|0|0|0
6046,6046,6,2,2,255,255,0,0,0,0.0166666675,,19,0,19,0,3,0,,0|0|0.299999923|0|0|0|0,0|0|0.299999923|0|0|0|0
6046,6046,6,3,3,0,0,0,0,0,0.0166666675,,19,0,19,0,,0,,0|0|1|0|0|0|0,0|0|1|0|0|0|0
6047,6047,6,2,2,255,255,0,0,0,0.0166666675,,19,0,19,0,3,0,,0|0|0.299999923|0|0|0|0,0|0|0.299999923|0|0|0|0
6047,6047,6,3,3,0,0,0,0,0,0.0166666675,,19,0,19,0,,0,,0|0|1|0|0|0|0,0|0|1|0|0|0|0
6048,6048,6,2,2,255,255,0,0,0,0.0166666675,,19,0,19,0,3,0,,0|0|0.299999923|0|0|0|0,0|0|0.299999923|0|0|0|0
6048,6048,6,3,3,0,0,0,0,0,0.0166666675,,19,0,19,0,,0,,0|0|1|0|0|0|0,0|0|1|0|0|0|0
6049,6049,6,2,2,255,255,0,0,0,0.0166666675,,19,0,19,0,3,0,,0|0|0.299999923|0|0|0|0,0|0|0.299999923|0|0|0|0
6049,6049,6,3,3,0,0,0,0,0,0.0166666675,,19,0,19,0,,0,,0|0|1|0|0|0|0,0|0|1|0|0|0|0
6050,6050,6,2,2,255,255,0,0,0,0.0166666675,,19,0,19,0,3,0,,0|0|0.299999923|0|0|0|0,0|0|0.299999923|0|0|0|0
6050,6050,6,3,3,0,0,0,0,0,0.0166666675,,19,0,19,0,,0,,0|0|1|0|0|0|0,0|0|1|0|0|0|0
6051,6051,6,2,2,255,255,0,0,0,0.0166666675,,19,0,19,0,3,0,,0|0|0.299999923|0|0|0|0,0|0|0.299999923|0|0|0|0
6051,6051,6,3,3,0,0,0,0,0,0.0166666675,,19,0,19,0,,0,,0|0|1|0|0|0|0,0|0|1|0|0|0|0
6052,6052,6,2,2,255,255,0,0,0,0.0166666675,,19,0,19,0,3,0,,0|0|0.299999923|0|0|0|0,0|0|0.299999923|0|0|0|0
6052,6052,6,3,3,0,0,0,0,0,0.0166666675,,19,0,19,0,,0,,0|0|1|0|0|0|0,0|0|1|0|0|0|0
6053,6053,6,2,2,255,255,0,0,0,0.0166666675,,19,0,19,0,3,0,,0|0|0.299999923|0|0|0|0,0|0|0.299999923|0|0|0|0
6053,6053,6,3,3,0,0,0,0,0,0.0166666675,,19,0,19,0,,0,,0|0|1|0|0|0|0,0|0|1|0|0|0|0
6054,6054,6,2,2,255,255,0,0,0,0.0166666675,,19,0,19,0,3,0,,0|0|0.299999923|0|0|0|0,0|0|0.299999923|0|0|0|0
6054,6054,6,3,3,0,0,0,0,0,0.0166666675,,19,0,19,0,,0,,0|0|1|0|0|0|0,0|0|1|0|0|0|0
6055,6055,6,1,1,0,0,0,0,0,0.0166666675,AOIL,19,0,19,0,,0,,0|0|1|0|0|0|0,0|0|1|0|0|0|0
6055,6055,6,2,2,255,255,0,0,0,0.0166666675,,19,0,19,0,3,0,,0|0|0.299999923|0|0|0|0,0|0|0.299999923|0|0|0|0
6055,6055,6,3,3,0,0,0,0,0,0.0166666675,,19,0,19,0,,0,,0|0|1|0|0|0|0,0|0|1|0|0|0|0
6056,6056,6,1,1,255,0,0,0,0,0.0166666675,,19,0,19,0,2,0,,0|0|1|0|0|0|0,0|0|0.899999976|0|0|0|0
6056,6056,6,2,2,255,255,0,0,0,0.0166666675,,19,0,19,0,3,0,,0|0|0.299999923|0|0|0|0,0|0|0.199999928|0|0|0|0
6056,6056,6,3,3,0,0,0,0,0,0.0166666675,,19,0,19,0,,0,,0|0|1|0|0|0|0,0|0|1|0|0|0|0
6057,6057,6,1,1,255,255,0,0,0,0.0166666675,,19,0,19,0,3,0,,0|0|0.899999976|0|0|0|0,0|0|0.799999952|0|0|0|0
6057,6057,6,2,2,255,255,0,0,0,0.0166666675,,19,0,19,0,3,0,,0|0|0.199999928|0|0|0|0,0|0|0.099999927|0|0|0|0
6057,6057,6,3,3,0,0,0,0,0,0.0166666675,,19,0,19,0,,0,,0|0|1|0|0|0|0,0|0|1|0|0|0|0
6058,6058,6,1,1,255,255,0,0,0,0.0166666675,,19,0,19,0,3,0,,0|0|0.799999952|0|0|0|0,0|0|0.699999928|0|0|0|0
6058,6058,6,2,2,255,255,0,0,0,0.0166666675,,19,0,19,0,3,0,,0|0|0.099999927|0|0|0|0,0|0|-7.4505806e-08|0|0|0|0
6058,6058,6,3,3,0,0,0,0,0,0.0166666675,,19,0,19,0,,0,,0|0|1|0|0|0|0,0|0|1|0|0|0|0
6059,6059,6,1,1,255,255,0,0,0,0.0166666675,,19,0,19,0,3,0,,0|0|0.699999928|0|0|0|0,0|0|0.599999905|0|0|0|0
6059,6059,6,2,2,255,255,0,0,0,0.0166666675,,19,0,-1,0,,1,0x45bd67,0|0|-7.4505806e-08|0|0|0|0,0|0|0|0|0|0|0
6059,6059,6,3,3,0,0,0,0,0,0.0166666675,,19,0,19,0,,0,,0|0|1|0|0|0|0,0|0|1|0|0|0|0
6060,6060,6,1,1,255,255,0,0,0,0.0166666675,,19,0,19,0,3,0,,0|0|0.599999905|0|0|0|0,0|0|0.499999911|0|0|0|0
6060,6060,6,3,3,0,0,0,0,0,0.0166666675,,19,0,19,0,,0,,0|0|1|0|0|0|0,0|0|1|0|0|0|0
6061,6061,6,1,1,255,255,0,0,0,0.0166666675,,19,0,19,0,3,0,,0|0|0.499999911|0|0|0|0,0|0|0.499999911|0|0|0|0
6061,6061,6,3,3,0,0,0,0,0,0.0166666675,,19,0,19,0,,0,,0|0|1|0|0|0|0,0|0|1|0|0|0|0
6062,6062,6,1,1,255,255,0,0,0,0.0166666675,,19,0,19,0,3,0,,0|0|0.499999911|0|0|0|0,0|0|0.499999911|0|0|0|0
6062,6062,6,3,3,0,0,0,0,0,0.0166666675,,19,0,19,0,,0,,0|0|1|0|0|0|0,0|0|1|0|0|0|0
6063,6063,6,1,1,255,255,0,0,0,0.0166666675,,19,0,19,0,3,0,,0|0|0.499999911|0|0|0|0,0|0|0.499999911|0|0|0|0
6063,6063,6,3,3,0,0,0,0,0,0.0166666675,,19,0,19,0,,0,,0|0|1|0|0|0|0,0|0|1|0|0|0|0
6064,6064,6,1,1,255,255,0,0,0,0.0166666675,,19,0,19,0,3,0,,0|0|0.499999911|0|0|0|0,0|0|0.499999911|0|0|0|0
6064,6064,6,3,3,0,0,0,0,0,0.0166666675,,19,0,19,0,,0,,0|0|1|0|0|0|0,0|0|1|0|0|0|0
6065,6065,6,1,1,255,255,0,0,0,0.0166666675,,19,0,19,0,3,0,,0|0|0.499999911|0|0|0|0,0|0|0.499999911|0|0|0|0
6065,6065,6,3,3,0,0,0,0,0,0.0166666675,,19,0,19,0,,0,,0|0|1|0|0|0|0,0|0|1|0|0|0|0
6066,6066,6,1,1,255,255,0,0,0,0.0166666675,,19,0,19,0,3,0,,0|0|0.499999911|0|0|0|0,0|0|0.499999911|0|0|0|0
6066,6066,6,3,3,0,0,0,0,0,0.0166666675,,19,0,19,0,,0,,0|0|1|0|0|0|0,0|0|1|0|0|0|0
6067,6067,6,1,1,255,255,0,0,0,0.0166666675,,19,0,19,0,3,0,,0|0|0.499999911|0|0|0|0,0|0|0.499999911|0|0|0|0
6067,6067,6,3,3,0,0,0,0,0,0.0166666675,,19,0,19,0,,0,,0|0|1|0|0|0|0,0|0|1|0|0|0|0
6068,6068,6,1,1,255,255,0,0,0,0.0166666675,,19,0,19,0,3,0,,0|0|0.499999911|0|0|0|0,0|0|0.499999911|0|0|0|0
6068,6068,6,3,3,0,0,0,0,0,0.0166666675,,19,0,19,0,,0,,0|0|1|0|0|0|0,0|0|1|0|0|0|0
6069,6069,6,1,1,255,255,0,0,0,0.0166666675,,19,0,19,0,3,0,,0|0|0.499999911|0|0|0|0,0|0|0.499999911|0|0|0|0
6069,6069,6,3,3,0,0,0,0,0,0.0166666675,,19,0,19,0,,0,,0|0|1|0|0|0|0,0|0|1|0|0|0|0
6070,6070,6,1,1,255,255,0,0,0,0.0166666675,,19,0,19,0,3,0,,0|0|0.499999911|0|0|0|0,0|0|0.499999911|0|0|0|0
6070,6070,6,3,3,0,0,0,0,0,0.0166666675,,19,0,19,0,,0,,0|0|1|0|0|0|0,0|0|1|0|0|0|0
6071,6071,6,1,1,255,255,0,0,0,0.0166666675,,19,0,19,0,3,0,,0|0|0.499999911|0|0|0|0,0|0|0.499999911|0|0|0|0
6071,6071,6,3,3,0,0,0,0,0,0.0166666675,,19,0,19,0,,0,,0|0|1|0|0|0|0,0|0|1|0|0|0|0
6072,6072,6,1,1,255,255,0,0,0,0.0166666675,,19,0,19,0,3,0,,0|0|0.499999911|0|0|0|0,0|0|0.499999911|0|0|0|0
6072,6072,6,3,3,0,0,0,0,0,0.0166666675,,19,0,19,0,,0,,0|0|1|0|0|0|0,0|0|1|0|0|0|0
6073,6073,6,1,1,255,255,0,0,0,0.0166666675,,19,0,19,0,3,0,,0|0|0.499999911|0|0|0|0,0|0|0.499999911|0|0|0|0
6073,6073,6,3,3,0,0,0,0,0,0.0166666675,,19,0,19,0,,0,,0|0|1|0|0|0|0,0|0|1|0|0|0|0
6074,6074,6,1,1,255,255,0,0,0,0.0166666675,,19,0,19,0,3,0,,0|0|0.499999911|0|0|0|0,0|0|0.499999911|0|0|0|0
6074,6074,6,3,3,0,0,0,0,0,0.0166666675,,19,0,19,0,,0,,0|0|1|0|0|0|0,0|0|1|0|0|0|0
6075,6075,6,1,1,255,255,0,0,0,0.0166666675,,19,0,19,0,3,0,,0|0|0.499999911|0|0|0|0,0|0|0.499999911|0|0|0|0
6075,6075,6,3,3,0,0,0,0,0,0.0166666675,,19,0,19,0,,0,,0|0|1|0|0|0|0,0|0|1|0|0|0|0
6076,6076,6,1,1,255,255,0,0,0,0.0166666675,,19,0,19,0,3,0,,0|0|0.499999911|0|0|0|0,0|0|0.499999911|0|0|0|0
6076,6076,6,3,3,0,0,0,0,0,0.0166666675,,19,0,19,0,,0,,0|0|1|0|0|0|0,0|0|1|0|0|0|0
6077,6077,6,1,1,255,255,0,0,0,0.0166666675,,19,0,19,0,3,0,,0|0|0.499999911|0|0|0|0,0|0|0.499999911|0|0|0|0
6077,6077,6,3,3,0,0,0,0,0,0.0166666675,,19,0,19,0,,0,,0|0|1|0|0|0|0,0|0|1|0|0|0|0
6078,6078,6,1,1,255,255,0,0,0,0.0166666675,,19,0,19,0,3,0,,0|0|0.499999911|0|0|0|0,0|0|0.499999911|0|0|0|0
6078,6078,6,3,3,0,0,0,0,0,0.0166666675,,19,0,19,0,,0,,0|0|1|0|0|0|0,0|0|1|0|0|0|0
6079,6079,6,1,1,255,255,0,0,0,0.0166666675,,19,0,19,0,3,0,,0|0|0.499999911|0|0|0|0,0|0|0.499999911|0|0|0|0
6079,6079,6,3,3,0,0,0,0,0,0.0166666675,,19,0,19,0,,0,,0|0|1|0|0|0|0,0|0|1|0|0|0|0
6080,6080,6,1,1,255,255,0,0,0,0.0166666675,,19,0,19,0,3,0,,0|0|0.499999911|0|0|0|0,0|0|0.499999911|0|0|0|0
6080,6080,6,3,3,0,0,0,0,0,0.0166666675,,19,0,19,0,,0,,0|0|1|0|0|0|0,0|0|1|0|0|0|0
6081,6081,6,1,1,255,255,0,0,0,0.0166666675,,19,0,19,0,3,0,,0|0|0.499999911|0|0|0|0,0|0|0.499999911|0|0|0|0
6081,6081,6,3,3,0,0,0,0,0,0.0166666675,,19,0,19,0,,0,,0|0|1|0|0|0|0,0|0|1|0|0|0|0
6082,6082,6,1,1,255,255,0,0,0,0.0166666675,,19,0,19,0,3,0,,0|0|0.499999911|0|0|0|0,0|0|0.499999911|0|0|0|0
6082,6082,6,3,3,0,0,0,0,0,0.0166666675,,19,0,19,0,,0,,0|0|1|0|0|0|0,0|0|1|0|0|0|0
6083,6083,6,1,1,255,255,0,0,0,0.0166666675,,19,0,19,0,3,0,,0|0|0.499999911|0|0|0|0,0|0|0.499999911|0|0|0|0
6083,6083,6,3,3,0,0,0,0,0,0.0166666675,,19,0,19,0,,0,,0|0|1|0|0|0|0,0|0|1|0|0|0|0
6084,6084,6,1,1,255,255,0,0,0,0.0166666675,,19,0,19,0,3,0,,0|0|0.499999911|0|0|0|0,0|0|0.499999911|0|0|0|0
6084,6084,6,3,3,0,0,0,0,0,0.0166666675,,19,0,19,0,,0,,0|0|1|0|0|0|0,0|0|1|0|0|0|0
6085,6085,6,1,1,255,255,0,0,0,0.0166666675,,19,0,19,0,3,0,,0|0|0.499999911|0|0|0|0,0|0|0.499999911|0|0|0|0
6085,6085,6,3,3,0,0,0,0,0,0.0166666675,,19,0,19,0,,0,,0|0|1|0|0|0|0,0|0|1|0|0|0|0
6086,6086,6,1,1,255,255,0,0,0,0.0166666675,,19,0,19,0,3,0,,0|0|0.499999911|0|0|0|0,0|0|0.499999911|0|0|0|0
6086,6086,6,3,3,0,0,0,0,0,0.0166666675,,19,0,19,0,,0,,0|0|1|0|0|0|0,0|0|1|0|0|0|0
6087,6087,6,1,1,255,255,0,0,0,0.0166666675,,19,0,19,0,3,0,,0|0|0.499999911|0|0|0|0,0|0|0.499999911|0|0|0|0
6087,6087,6,3,3,0,0,0,0,0,0.0166666675,,19,0,19,0,,0,,0|0|1|0|0|0|0,0|0|1|0|0|0|0
6088,6088,6,1,1,255,255,0,0,0,0.0166666675,,19,0,19,0,3,0,,0|0|0.499999911|0|0|0|0,0|0|0.499999911|0|0|0|0
6088,6088,6,3,3,0,0,0,0,0,0.0166666675,,19,0,19,0,,0,,0|0|1|0|0|0|0,0|0|1|0|0|0|0
6089,6089,6,1,1,255,255,0,0,0,0.0166666675,,19,0,19,0,3,0,,0|0|0.499999911|0|0|0|0,0|0|0.499999911|0|0|0|0
6089,6089,6,3,3,0,0,0,0,0,0.0166666675,,19,0,19,0,,0,,0|0|1|0|0|0|0,0|0|1|0|0|0|0
6090,6090,6,1,1,255,255,0,0,0,0.0166666675,,19,0,19,0,3,0,,0|0|0.499999911|0|0|0|0,0|0|0.499999911|0|0|0|0
6090,6090,6,3,3,0,0,0,0,0,0.0166666675,,19,0,19,0,,0,,0|0|1|0|0|0|0,0|0|1|0|0|0|0
6091,6091,6,1,1,255,255,0,0,0,0.0166666675,,19,0,19,0,3,0,,0|0|0.499999911|0|0|0|0,0|0|0.499999911|0|0|0|0
6091,6091,6,3,3,0,0,0,0,0,0.0166666675,,19,0,19,0,,0,,0|0|1|0|0|0|0,0|0|1|0|0|0|0
6092,6092,6,1,1,255,255,0,0,0,0.0166666675,,19,0,19,0,3,0,,0|0|0.499999911|0|0|0|0,0|0|0.499999911|0|0|0|0
6092,6092,6,3,3,0,0,0,0,0,0.0166666675,,19,0,19,0,,0,,0|0|1|0|0|0|0,0|0|1|0|0|0|0
6093,6093,6,1,1,255,255,0,0,0,0.0166666675,,19,0,19,0,3,0,,0|0|0.499999911|0|0|0|0,0|0|0.499999911|0|0|0|0
6093,6093,6,3,3,0,0,0,0,0,0.0166666675,,19,0,19,0,,0,,0|0|1|0|0|0|0,0|0|1|0|0|0|0
6094,6094,6,1,1,255,255,0,0,0,0.0166666675,,19,0,19,0,3,0,,0|0|0.499999911|0|0|0|0,0|0|0.499999911|0|0|0|0
6094,6094,6,3,3,0,0,0,0,0,0.0166666675,,19,0,19,0,,0,,0|0|1|0|0|0|0,0|0|1|0|0|0|0
6095,6095,6,1,1,255,255,0,0,0,0.0166666675,,19,0,19,0,3,0,,0|0|0.499999911|0|0|0|0,0|0|0.499999911|0|0|0|0
6095,6095,6,3,3,0,0,0,0,0,0.0166666675,,19,0,19,0,,0,,0|0|1|0|0|0|0,0|0|1|0|0|0|0
6096,6096,6,1,1,255,255,0,0,0,0.0166666675,,19,0,19,0,3,0,,0|0|0.499999911|0|0|0|0,0|0|0.499999911|0|0|0|0
6096,6096,6,3,3,0,0,0,0,0,0.0166666675,,19,0,19,0,,0,,0|0|1|0|0|0|0,0|0|1|0|0|0|0
6097,6097,6,1,1,255,255,0,0,0,0.0166666675,,19,0,19,0,3,0,,0|0|0.499999911|0|0|0|0,0|0|0.499999911|0|0|0|0
6097,6097,6,3,3,0,0,0,0,0,0.0166666675,,19,0,19,0,,0,,0|0|1|0|0|0|0,0|0|1|0|0|0|0
6098,6098,6,1,1,255,255,0,0,0,0.0166666675,,19,0,19,0,3,0,,0|0|0.499999911|0|0|0|0,0|0|0.499999911|0|0|0|0
6098,6098,6,3,3,0,0,0,0,0,0.0166666675,,19,0,19,0,,0,,0|0|1|0|0|0|0,0|0|1|0|0|0|0
6099,6099,6,1,1,255,255,0,0,0,0.0166666675,,19,0,19,0,3,0,,0|0|0.499999911|0|0|0|0,0|0|0.499999911|0|0|0|0
6099,6099,6,3,3,0,0,0,0,0,0.0166666675,,19,0,19,0,,0,,0|0|1|0|0|0|0,0|0|1|0|0|0|0
6100,6100,6,1,1,255,255,0,0,0,0.0166666675,,19,0,19,0,3,0,,0|0|0.499999911|0|0|0|0,0|0|0.499999911|0|0|0|0
6100,6100,6,3,3,0,0,0,0,0,0.0166666675,,19,0,19,0,,0,,0|0|1|0|0|0|0,0|0|1|0|0|0|0
6101,6101,6,1,1,255,255,0,0,0,0.0166666675,,19,0,19,0,3,0,,0|0|0.499999911|0|0|0|0,0|0|0.499999911|0|0|0|0
6101,6101,6,3,3,0,0,0,0,0,0.0166666675,,19,0,19,0,,0,,0|0|1|0|0|0|0,0|0|1|0|0|0|0
6102,6102,6,1,1,255,255,0,0,0,0.0166666675,,19,0,19,0,3,0,,0|0|0.499999911|0|0|0|0,0|0|0.499999911|0|0|0|0
6102,6102,6,3,3,0,0,0,0,0,0.0166666675,,19,0,19,0,,0,,0|0|1|0|0|0|0,0|0|1|0|0|0|0
6103,6103,6,1,1,255,255,0,0,0,0.0166666675,,19,0,19,0,3,0,,0|0|0.499999911|0|0|0|0,0|0|0.499999911|0|0|0|0
6103,6103,6,3,3,0,0,0,0,0,0.0166666675,,19,0,19,0,,0,,0|0|1|0|0|0|0,0|0|1|0|0|0|0
6104,6104,6,1,1,255,255,0,0,0,0.0166666675,,19,0,19,0,3,0,,0|0|0.499999911|0|0|0|0,0|0|0.499999911|0|0|0|0
6104,6104,6,3,3,0,0,0,0,0,0.0166666675,,19,0,19,0,,0,,0|0|1|0|0|0|0,0|0|1|0|0|0|0
6105,6105,6,1,1,255,255,0,0,0,0.0166666675,,19,0,19,0,3,0,,0|0|0.499999911|0|0|0|0,0|0|0.499999911|0|0|0|0
6105,6105,6,3,3,0,0,0,0,0,0.0166666675,,19,0,19,0,,0,,0|0|1|0|0|0|0,0|0|1|0|0|0|0
6106,6106,6,1,1,255,255,0,0,0,0.0166666675,,19,0,19,0,3,0,,0|0|0.499999911|0|0|0|0,0|0|0.499999911|0|0|0|0
6106,6106,6,3,3,0,0,0,0,0,0.0166666675,,19,0,19,0,,0,,0|0|1|0|0|0|0,0|0|1|0|0|0|0
6107,6107,6,1,1,255,255,0,0,0,0.0166666675,,19,0,19,0,3,0,,0|0|0.499999911|0|0|0|0,0|0|0.499999911|0|0|0|0
6107,6107,6,3,3,0,0,0,0,0,0.0166666675,,19,0,19,0,,0,,0|0|1|0|0|0|0,0|0|1|0|0|0|0
6108,6108,6,1,1,255,255,0,0,0,0.0166666675,,19,0,19,0,3,0,,0|0|0.499999911|0|0|0|0,0|0|0.499999911|0|0|0|0
6108,6108,6,3,3,0,0,0,0,0,0.0166666675,,19,0,19,0,,0,,0|0|1|0|0|0|0,0|0|1|0|0|0|0
6109,6109,6,1,1,255,255,0,0,0,0.0166666675,,19,0,19,0,3,0,,0|0|0.499999911|0|0|0|0,0|0|0.499999911|0|0|0|0
6109,6109,6,3,3,0,0,0,0,0,0.0166666675,,19,0,19,0,,0,,0|0|1|0|0|0|0,0|0|1|0|0|0|0
6110,6110,6,1,1,255,255,0,0,0,0.0166666675,,19,0,19,0,3,0,,0|0|0.499999911|0|0|0|0,0|0|0.499999911|0|0|0|0
6110,6110,6,3,3,0,0,0,0,0,0.0166666675,,19,0,19,0,,0,,0|0|1|0|0|0|0,0|0|1|0|0|0|0
6111,6111,6,1,1,255,255,0,0,0,0.0166666675,,19,0,19,0,3,0,,0|0|0.499999911|0|0|0|0,0|0|0.499999911|0|0|0|0
6111,6111,6,3,3,0,0,0,0,0,0.0166666675,,19,0,19,0,,0,,0|0|1|0|0|0|0,0|0|1|0|0|0|0
6112,6112,6,1,1,255,255,0,0,0,0.0166666675,,19,0,19,0,3,0,,0|0|0.499999911|0|0|0|0,0|0|0.499999911|0|0|0|0
6112,6112,6,3,3,0,0,0,0,0,0.0166666675,,19,0,19,0,,0,,0|0|1|0|0|0|0,0|0|1|0|0|0|0
6113,6113,6,1,1,255,255,0,0,0,0.0166666675,,19,0,19,0,3,0,,0|0|0.499999911|0|0|0|0,0|0|0.499999911|0|0|0|0
6113,6113,6,3,3,0,0,0,0,0,0.0166666675,,19,0,19,0,,0,,0|0|1|0|0|0|0,0|0|1|0|0|0|0
6114,6114,6,1,1,255,255,0,0,0,0.0166666675,,19,0,19,0,3,0,,0|0|0.499999911|0|0|0|0,0|0|0.499999911|0|0|0|0
6114,6114,6,3,3,0,0,0,0,0,0.0166666675,,19,0,19,0,,0,,0|0|1|0|0|0|0,0|0|1|0|0|0|0
6115,6115,6,1,1,255,255,0,0,0,0.0166666675,,19,0,19,0,3,0,,0|0|0.499999911|0|0|0|0,0|0|0.499999911|0|0|0|0
6115,6115,6,3,3,0,0,0,0,0,0.0166666675,,19,0,19,0,,0,,0|0|1|0|0|0|0,0|0|1|0|0|0|0
6116,6116,6,1,1,255,255,0,0,0,0.0166666675,,19,0,19,0,3,0,,0|0|0.499999911|0|0|0|0,0|0|0.499999911|0|0|0|0
6116,6116,6,3,3,0,0,0,0,0,0.0166666675,,19,0,19,0,,0,,0|0|1|0|0|0|0,0|0|1|0|0|0|0
6117,6117,6,1,1,255,255,0,0,0,0.0166666675,,19,0,19,0,3,0,,0|0|0.499999911|0|0|0|0,0|0|0.499999911|0|0|0|0
6117,6117,6,3,3,0,0,0,0,0,0.0166666675,,19,0,19,0,,0,,0|0|1|0|0|0|0,0|0|1|0|0|0|0
6118,6118,6,1,1,255,255,0,0,0,0.0166666675,,19,0,19,0,3,0,,0|0|0.499999911|0|0|0|0,0|0|0.499999911|0|0|0|0
6118,6118,6,3,3,0,0,0,0,0,0.0166666675,,19,0,19,0,,0,,0|0|1|0|0|0|0,0|0|1|0|0|0|0
6119,6119,6,1,1,255,255,0,0,0,0.0166666675,,19,0,19,0,3,0,,0|0|0.499999911|0|0|0|0,0|0|0.499999911|0|0|0|0
6119,6119,6,3,3,0,0,0,0,0,0.0166666675,,19,0,19,0,,0,,0|0|1|0|0|0|0,0|0|1|0|0|0|0
6120,6120,6,1,1,255,255,0,0,0,0.0166666675,,19,0,19,0,3,0,,0|0|0.499999911|0|0|0|0,0|0|0.499999911|0|0|0|0
6120,6120,6,3,3,0,0,0,0,0,0.0166666675,,19,0,19,0,,0,,0|0|1|0|0|0|0,0|0|1|0|0|0|0
6121,6121,6,1,1,255,255,0,0,0,0.0166666675,,19,0,19,0,3,0,,0|0|0.499999911|0|0|0|0,0|0|0.499999911|0|0|0|0
6121,6121,6,3,3,0,0,0,0,0,0.0166666675,,19,0,19,0,,0,,0|0|1|0|0|0|0,0|0|1|0|0|0|0
6122,6122,6,1,1,255,255,0,0,0,0.0166666675,,19,0,19,0,3,0,,0|0|0.499999911|0|0|0|0,0|0|0.499999911|0|0|0|0
6122,6122,6,3,3,0,0,0,0,0,0.0166666675,,19,0,19,0,,0,,0|0|1|0|0|0|0,0|0|1|0|0|0|0
6123,6123,6,1,1,255,255,0,0,0,0.0166666675,,19,0,19,0,3,0,,0|0|0.499999911|0|0|0|0,0|0|0.499999911|0|0|0|0
6123,6123,6,3,3,0,0,0,0,0,0.0166666675,,19,0,19,0,,0,,0|0|1|0|0|0|0,0|0|1|0|0|0|0
6124,6124,6,1,1,255,255,0,0,0,0.0166666675,,19,0,19,0,3,0,,0|0|0.499999911|0|0|0|0,0|0|0.499999911|0|0|0|0
6124,6124,6,3,3,0,0,0,0,0,0.0166666675,,19,0,19,0,,0,,0|0|1|0|0|0|0,0|0|1|0|0|0|0
6125,6125,6,1,1,255,255,0,0,0,0.0166666675,,19,0,19,0,3,0,,0|0|0.499999911|0|0|0|0,0|0|0.499999911|0|0|0|0
6125,6125,6,3,3,0,0,0,0,0,0.0166666675,,19,0,19,0,,0,,0|0|1|0|0|0|0,0|0|1|0|0|0|0
6126,6126,6,1,1,255,255,0,0,0,0.0166666675,,19,0,19,0,3,0,,0|0|0.499999911|0|0|0|0,0|0|0.499999911|0|0|0|0
6126,6126,6,3,3,0,0,0,0,0,0.0166666675,,19,0,19,0,,0,,0|0|1|0|0|0|0,0|0|1|0|0|0|0
6127,6127,6,1,1,255,255,0,0,0,0.0166666675,,19,0,19,0,3,0,,0|0|0.499999911|0|0|0|0,0|0|0.499999911|0|0|0|0
6127,6127,6,3,3,0,0,0,0,0,0.0166666675,,19,0,19,0,,0,,0|0|1|0|0|0|0,0|0|1|0|0|0|0
6128,6128,6,1,1,255,255,0,0,0,0.0166666675,,19,0,19,0,3,0,,0|0|0.499999911|0|0|0|0,0|0|0.499999911|0|0|0|0
6128,6128,6,3,3,0,0,0,0,0,0.0166666675,,19,0,19,0,,0,,0|0|1|0|0|0|0,0|0|1|0|0|0|0
6129,6129,6,1,1,255,255,0,0,0,0.0166666675,,19,0,19,0,3,0,,0|0|0.499999911|0|0|0|0,0|0|0.499999911|0|0|0|0
6129,6129,6,3,3,0,0,0,0,0,0.0166666675,,19,0,19,0,,0,,0|0|1|0|0|0|0,0|0|1|0|0|0|0
6130,6130,6,1,1,255,255,0,0,0,0.0166666675,,19,0,19,0,3,0,,0|0|0.499999911|0|0|0|0,0|0|0.499999911|0|0|0|0
6130,6130,6,3,3,0,0,0,0,0,0.0166666675,,19,0,19,0,,0,,0|0|1|0|0|0|0,0|0|1|0|0|0|0
6131,6131,6,1,1,255,255,0,0,0,0.0166666675,,19,0,19,0,3,0,,0|0|0.499999911|0|0|0|0,0|0|0.499999911|0|0|0|0
6131,6131,6,3,3,0,0,0,0,0,0.0166666675,,19,0,19,0,,0,,0|0|1|0|0|0|0,0|0|1|0|0|0|0
6132,6132,6,1,1,255,255,0,0,0,0.0166666675,,19,0,19,0,3,0,,0|0|0.499999911|0|0|0|0,0|0|0.499999911|0|0|0|0
6132,6132,6,3,3,0,0,0,0,0,0.0166666675,,19,0,19,0,,0,,0|0|1|0|0|0|0,0|0|1|0|0|0|0
6133,6133,6,1,1,255,255,0,0,0,0.0166666675,,19,0,19,0,3,0,,0|0|0.499999911|0|0|0|0,0|0|0.499999911|0|0|0|0
6133,6133,6,3,3,0,0,0,0,0,0.0166666675,,19,0,19,0,,0,,0|0|1|0|0|0|0,0|0|1|0|0|0|0
6134,6134,6,1,1,255,255,0,0,0,0.0166666675,,19,0,19,0,3,0,,0|0|0.499999911|0|0|0|0,0|0|0.499999911|0|0|0|0
6134,6134,6,3,3,0,0,0,0,0,0.0166666675,,19,0,19,0,,0,,0|0|1|0|0|0|0,0|0|1|0|0|0|0
6135,6135,6,1,1,255,255,0,0,0,0.0166666675,,19,0,19,0,3,0,,0|0|0.499999911|0|0|0|0,0|0|0.499999911|0|0|0|0
6135,6135,6,3,3,0,0,0,0,0,0.0166666675,,19,0,19,0,,0,,0|0|1|0|0|0|0,0|0|1|0|0|0|0
6136,6136,6,1,1,255,255,0,0,0,0.0166666675,,19,0,19,0,3,0,,0|0|0.499999911|0|0|0|0,0|0|0.499999911|0|0|0|0
6136,6136,6,3,3,0,0,0,0,0,0.0166666675,,19,0,19,0,,0,,0|0|1|0|0|0|0,0|0|1|0|0|0|0
6137,6137,6,1,1,255,255,0,0,0,0.0166666675,,19,0,19,0,3,0,,0|0|0.499999911|0|0|0|0,0|0|0.499999911|0|0|0|0
6137,6137,6,3,3,0,0,0,0,0,0.0166666675,,19,0,19,0,,0,,0|0|1|0|0|0|0,0|0|1|0|0|0|0
6138,6138,6,1,1,255,255,0,0,0,0.0166666675,,19,0,19,0,3,0,,0|0|0.499999911|0|0|0|0,0|0|0.499999911|0|0|0|0
6138,6138,6,3,3,0,0,0,0,0,0.0166666675,,19,0,19,0,,0,,0|0|1|0|0|0|0,0|0|1|0|0|0|0
6139,6139,6,1,1,255,255,0,0,0,0.0166666675,,19,0,19,0,3,0,,0|0|0.499999911|0|0|0|0,0|0|0.499999911|0|0|0|0
6139,6139,6,3,3,0,0,0,0,0,0.0166666675,,19,0,19,0,,0,,0|0|1|0|0|0|0,0|0|1|0|0|0|0
6140,6140,6,1,1,255,255,0,0,0,0.0166666675,,19,0,19,0,3,0,,0|0|0.499999911|0|0|0|0,0|0|0.499999911|0|0|0|0
6140,6140,6,3,3,0,0,0,0,0,0.0166666675,,19,0,19,0,,0,,0|0|1|0|0|0|0,0|0|1|0|0|0|0
6141,6141,6,1,1,255,255,0,0,0,0.0166666675,,19,0,19,0,3,0,,0|0|0.499999911|0|0|0|0,0|0|0.499999911|0|0|0|0
6141,6141,6,3,3,0,0,0,0,0,0.0166666675,,19,0,19,0,,0,,0|0|1|0|0|0|0,0|0|1|0|0|0|0
6142,6142,6,1,1,255,255,0,0,0,0.0166666675,,19,0,19,0,3,0,,0|0|0.499999911|0|0|0|0,0|0|0.499999911|0|0|0|0
6142,6142,6,3,3,0,0,0,0,0,0.0166666675,,19,0,19,0,,0,,0|0|1|0|0|0|0,0|0|1|0|0|0|0
6143,6143,6,1,1,255,255,0,0,0,0.0166666675,,19,0,19,0,3,0,,0|0|0.499999911|0|0|0|0,0|0|0.499999911|0|0|0|0
6143,6143,6,3,3,0,0,0,0,0,0.0166666675,,19,0,19,0,,0,,0|0|1|0|0|0|0,0|0|1|0|0|0|0
6144,6144,6,1,1,255,255,0,0,0,0.0166666675,,19,0,19,0,3,0,,0|0|0.499999911|0|0|0|0,0|0|0.499999911|0|0|0|0
6144,6144,6,3,3,0,0,0,0,0,0.0166666675,,19,0,19,0,,0,,0|0|1|0|0|0|0,0|0|1|0|0|0|0
6145,6145,6,1,1,255,255,0,0,0,0.0166666675,,19,0,19,0,3,0,,0|0|0.499999911|0|0|0|0,0|0|0.499999911|0|0|0|0
6145,6145,6,3,3,0,0,0,0,0,0.0166666675,,19,0,19,0,,0,,0|0|1|0|0|0|0,0|0|1|0|0|0|0
6146,6146,6,1,1,255,255,0,0,0,0.0166666675,,19,0,19,0,3,0,,0|0|0.499999911|0|0|0|0,0|0|0.499999911|0|0|0|0
6146,6146,6,3,3,0,0,0,0,0,0.0166666675,,19,0,19,0,,0,,0|0|1|0|0|0|0,0|0|1|0|0|0|0
6147,6147,6,1,1,255,255,0,0,0,0.0166666675,,19,0,19,0,3,0,,0|0|0.499999911|0|0|0|0,0|0|0.499999911|0|0|0|0
6147,6147,6,3,3,0,0,0,0,0,0.0166666675,,19,0,19,0,,0,,0|0|1|0|0|0|0,0|0|1|0|0|0|0
6148,6148,6,1,1,255,255,0,0,0,0.0166666675,,19,0,19,0,3,0,,0|0|0.499999911|0|0|0|0,0|0|0.499999911|0|0|0|0
6148,6148,6,3,3,0,0,0,0,0,0.0166666675,,19,0,19,0,,0,,0|0|1|0|0|0|0,0|0|1|0|0|0|0
6149,6149,6,1,1,255,255,0,0,0,0.0166666675,,19,0,19,0,3,0,,0|0|0.499999911|0|0|0|0,0|0|0.499999911|0|0|0|0
6149,6149,6,3,3,0,0,0,0,0,0.0166666675,,19,0,19,0,,0,,0|0|1|0|0|0|0,0|0|1|0|0|0|0
6150,6150,6,1,1,255,255,0,0,0,0.0166666675,,19,0,19,0,3,0,,0|0|0.499999911|0|0|0|0,0|0|0.499999911|0|0|0|0
6150,6150,6,3,3,0,0,0,0,0,0.0166666675,,19,0,19,0,,0,,0|0|1|0|0|0|0,0|0|1|0|0|0|0
6151,6151,6,1,1,255,255,0,0,0,0.0166666675,,19,0,19,0,3,0,,0|0|0.499999911|0|0|0|0,0|0|0.499999911|0|0|0|0
6151,6151,6,3,3,0,0,0,0,0,0.0166666675,,19,0,19,0,,0,,0|0|1|0|0|0|0,0|0|1|0|0|0|0
6152,6152,6,1,1,255,255,0,0,0,0.0166666675,,19,0,19,0,3,0,,0|0|0.499999911|0|0|0|0,0|0|0.499999911|0|0|0|0
6152,6152,6,3,3,0,0,0,0,0,0.0166666675,,19,0,19,0,,0,,0|0|1|0|0|0|0,0|0|1|0|0|0|0
6153,6153,6,1,1,255,255,0,0,0,0.0166666675,,19,0,19,0,3,0,,0|0|0.499999911|0|0|0|0,0|0|0.499999911|0|0|0|0
6153,6153,6,3,3,0,0,0,0,0,0.0166666675,,19,0,19,0,,0,,0|0|1|0|0|0|0,0|0|1|0|0|0|0
6154,6154,6,1,1,255,255,0,0,0,0.0166666675,,19,0,19,0,3,0,,0|0|0.499999911|0|0|0|0,0|0|0.499999911|0|0|0|0
6154,6154,6,3,3,0,0,0,0,0,0.0166666675,,19,0,19,0,,0,,0|0|1|0|0|0|0,0|0|1|0|0|0|0
6155,6155,6,1,1,255,255,0,0,0,0.0166666675,,19,0,19,0,3,0,,0|0|0.499999911|0|0|0|0,0|0|0.499999911|0|0|0|0
6155,6155,6,3,3,0,0,0,0,0,0.0166666675,,19,0,19,0,,0,,0|0|1|0|0|0|0,0|0|1|0|0|0|0
6156,6156,6,1,1,255,255,0,0,0,0.0166666675,,19,0,19,0,3,0,,0|0|0.499999911|0|0|0|0,0|0|0.499999911|0|0|0|0
6156,6156,6,3,3,0,0,0,0,0,0.0166666675,,19,0,19,0,,0,,0|0|1|0|0|0|0,0|0|1|0|0|0|0
6157,6157,6,1,1,255,255,0,0,0,0.0166666675,,19,0,19,0,3,0,,0|0|0.499999911|0|0|0|0,0|0|0.499999911|0|0|0|0
6157,6157,6,3,3,0,0,0,0,0,0.0166666675,,19,0,19,0,,0,,0|0|1|0|0|0|0,0|0|1|0|0|0|0
6158,6158,6,1,1,255,255,0,0,0,0.0166666675,,19,0,19,0,3,0,,0|0|0.499999911|0|0|0|0,0|0|0.499999911|0|0|0|0
6158,6158,6,3,3,0,0,0,0,0,0.0166666675,,19,0,19,0,,0,,0|0|1|0|0|0|0,0|0|1|0|0|0|0
6159,6159,6,1,1,255,255,0,0,0,0.0166666675,,19,0,19,0,3,0,,0|0|0.499999911|0|0|0|0,0|0|0.499999911|0|0|0|0
6159,6159,6,3,3,0,0,0,0,0,0.0166666675,,19,0,19,0,,0,,0|0|1|0|0|0|0,0|0|1|0|0|0|0
6160,6160,6,1,1,255,255,0,0,0,0.0166666675,,19,0,19,0,3,0,,0|0|0.499999911|0|0|0|0,0|0|0.499999911|0|0|0|0
6160,6160,6,3,3,0,0,0,0,0,0.0166666675,,19,0,19,0,,0,,0|0|1|0|0|0|0,0|0|1|0|0|0|0
6161,6161,6,1,1,255,255,0,0,0,0.0166666675,,19,0,19,0,3,0,,0|0|0.499999911|0|0|0|0,0|0|0.499999911|0|0|0|0
6161,6161,6,3,3,0,0,0,0,0,0.0166666675,,19,0,19,0,,0,,0|0|1|0|0|0|0,0|0|1|0|0|0|0
6162,6162,6,1,1,255,255,0,0,0,0.0166666675,,19,0,19,0,3,0,,0|0|0.499999911|0|0|0|0,0|0|0.499999911|0|0|0|0
6162,6162,6,3,3,0,0,0,0,0,0.0166666675,,19,0,19,0,,0,,0|0|1|0|0|0|0,0|0|1|0|0|0|0
6163,6163,6,1,1,255,255,0,0,0,0.0166666675,,19,0,19,0,3,0,,0|0|0.499999911|0|0|0|0,0|0|0.499999911|0|0|0|0
6163,6163,6,3,3,0,0,0,0,0,0.0166666675,,19,0,19,0,,0,,0|0|1|0|0|0|0,0|0|1|0|0|0|0
6164,6164,6,1,1,255,255,0,0,0,0.0166666675,,19,0,19,0,3,0,,0|0|0.499999911|0|0|0|0,0|0|0.499999911|0|0|0|0
6164,6164,6,3,3,0,0,0,0,0,0.0166666675,,19,0,19,0,,0,,0|0|1|0|0|0|0,0|0|1|0|0|0|0
6165,6165,6,1,1,255,255,0,0,0,0.0166666675,,19,0,19,0,3,0,,0|0|0.499999911|0|0|0|0,0|0|0.499999911|0|0|0|0
6165,6165,6,3,3,0,0,0,0,0,0.0166666675,,19,0,19,0,,0,,0|0|1|0|0|0|0,0|0|1|0|0|0|0
6166,6166,6,1,1,255,255,0,0,0,0.0166666675,,19,0,19,0,3,0,,0|0|0.499999911|0|0|0|0,0|0|0.499999911|0|0|0|0
6166,6166,6,3,3,0,0,0,0,0,0.0166666675,,19,0,19,0,,0,,0|0|1|0|0|0|0,0|0|1|0|0|0|0
6167,6167,6,1,1,255,255,0,0,0,0.0166666675,,19,0,19,0,3,0,,0|0|0.499999911|0|0|0|0,0|0|0.499999911|0|0|0|0
6167,6167,6,3,3,0,0,0,0,0,0.0166666675,,19,0,19,0,,0,,0|0|1|0|0|0|0,0|0|1|0|0|0|0
6168,6168,6,1,1,255,255,0,0,0,0.0166666675,,19,0,19,0,3,0,,0|0|0.499999911|0|0|0|0,0|0|0.499999911|0|0|0|0
6168,6168,6,3,3,0,0,0,0,0,0.0166666675,,19,0,19,0,,0,,0|0|1|0|0|0|0,0|0|1|0|0|0|0
6169,6169,6,1,1,255,255,0,0,0,0.0166666675,,19,0,19,0,3,0,,0|0|0.499999911|0|0|0|0,0|0|0.499999911|0|0|0|0
6169,6169,6,3,3,0,0,0,0,0,0.0166666675,,19,0,19,0,,0,,0|0|1|0|0|0|0,0|0|1|0|0|0|0
6170,6170,6,1,1,255,255,0,0,0,0.0166666675,,19,0,19,0,3,0,,0|0|0.499999911|0|0|0|0,0|0|0.499999911|0|0|0|0
6170,6170,6,3,3,0,0,0,0,0,0.0166666675,,19,0,19,0,,0,,0|0|1|0|0|0|0,0|0|1|0|0|0|0
6171,6171,6,1,1,255,255,0,0,0,0.0166666675,,19,0,19,0,3,0,,0|0|0.499999911|0|0|0|0,0|0|0.499999911|0|0|0|0
6171,6171,6,3,3,0,0,0,0,0,0.0166666675,,19,0,19,0,,0,,0|0|1|0|0|0|0,0|0|1|0|0|0|0
6172,6172,6,1,1,255,255,0,0,0,0.0166666675,,19,0,19,0,3,0,,0|0|0.499999911|0|0|0|0,0|0|0.499999911|0|0|0|0
6172,6172,6,3,3,0,0,0,0,0,0.0166666675,,19,0,19,0,,0,,0|0|1|0|0|0|0,0|0|1|0|0|0|0
6173,6173,6,1,1,255,255,0,0,0,0.0166666675,,19,0,19,0,3,0,,0|0|0.499999911|0|0|0|0,0|0|0.499999911|0|0|0|0
6173,6173,6,3,3,0,0,0,0,0,0.0166666675,,19,0,19,0,,0,,0|0|1|0|0|0|0,0|0|1|0|0|0|0
6174,6174,6,1,1,255,255,0,0,0,0.0166666675,,19,0,19,0,3,0,,0|0|0.499999911|0|0|0|0,0|0|0.499999911|0|0|0|0
6174,6174,6,3,3,0,0,0,0,0,0.0166666675,,19,0,19,0,,0,,0|0|1|0|0|0|0,0|0|1|0|0|0|0
6175,6175,6,1,1,255,255,0,0,0,0.0166666675,,19,0,19,0,3,0,,0|0|0.499999911|0|0|0|0,0|0|0.499999911|0|0|0|0
6175,6175,6,3,3,0,0,0,0,0,0.0166666675,,19,0,19,0,,0,,0|0|1|0|0|0|0,0|0|1|0|0|0|0
6176,6176,6,1,1,255,255,0,0,0,0.0166666675,,19,0,19,0,3,0,,0|0|0.499999911|0|0|0|0,0|0|0.499999911|0|0|0|0
6176,6176,6,3,3,0,0,0,0,0,0.0166666675,,19,0,19,0,,0,,0|0|1|0|0|0|0,0|0|1|0|0|0|0
6177,6177,6,1,1,255,255,0,0,0,0.0166666675,,19,0,19,0,3,0,,0|0|0.499999911|0|0|0|0,0|0|0.499999911|0|0|0|0
6177,6177,6,3,3,0,0,0,0,0,0.0166666675,,19,0,19,0,,0,,0|0|1|0|0|0|0,0|0|1|0|0|0|0
6178,6178,6,1,1,255,255,0,0,0,0.0166666675,,19,0,19,0,3,0,,0|0|0.499999911|0|0|0|0,0|0|0.499999911|0|0|0|0
6178,6178,6,3,3,0,0,0,0,0,0.0166666675,,19,0,19,0,,0,,0|0|1|0|0|0|0,0|0|1|0|0|0|0
6179,6179,6,1,1,255,255,0,0,0,0.0166666675,,19,0,19,0,3,0,,0|0|0.499999911|0|0|0|0,0|0|0.499999911|0|0|0|0
6179,6179,6,3,3,0,0,0,0,0,0.0166666675,,19,0,19,0,,0,,0|0|1|0|0|0|0,0|0|1|0|0|0|0
6180,6180,6,1,1,255,255,0,0,0,0.0166666675,,19,0,19,0,3,0,,0|0|0.499999911|0|0|0|0,0|0|0.499999911|0|0|0|0
6180,6180,6,3,3,0,0,0,0,0,0.0166666675,,19,0,19,0,,0,,0|0|1|0|0|0|0,0|0|1|0|0|0|0
6181,6181,6,1,1,255,255,0,0,0,0.0166666675,,19,0,19,0,3,0,,0|0|0.499999911|0|0|0|0,0|0|0.499999911|0|0|0|0
6181,6181,6,3,3,0,0,0,0,0,0.0166666675,,19,0,19,0,,0,,0|0|1|0|0|0|0,0|0|1|0|0|0|0
6182,6182,6,1,1,255,255,0,0,0,0.0166666675,,19,0,19,0,3,0,,0|0|0.499999911|0|0|0|0,0|0|0.499999911|0|0|0|0
6182,6182,6,3,3,0,0,0,0,0,0.0166666675,,19,0,19,0,,0,,0|0|1|0|0|0|0,0|0|1|0|0|0|0
6183,6183,6,1,1,255,255,0,0,0,0.0166666675,,19,0,19,0,3,0,,0|0|0.499999911|0|0|0|0,0|0|0.499999911|0|0|0|0
6183,6183,6,3,3,0,0,0,0,0,0.0166666675,,19,0,19,0,,0,,0|0|1|0|0|0|0,0|0|1|0|0|0|0
6184,6184,6,1,1,255,255,0,0,0,0.0166666675,,19,0,19,0,3,0,,0|0|0.499999911|0|0|0|0,0|0|0.499999911|0|0|0|0
6184,6184,6,3,3,0,0,0,0,0,0.0166666675,,19,0,19,0,,0,,0|0|1|0|0|0|0,0|0|1|0|0|0|0
6185,6185,6,1,1,255,255,0,0,0,0.0166666675,,19,0,19,0,3,0,,0|0|0.499999911|0|0|0|0,0|0|0.499999911|0|0|0|0
6185,6185,6,3,3,0,0,0,0,0,0.0166666675,,19,0,19,0,,0,,0|0|1|0|0|0|0,0|0|1|0|0|0|0
6186,6186,6,1,1,255,255,0,0,0,0.0166666675,,19,0,19,0,3,0,,0|0|0.499999911|0|0|0|0,0|0|0.499999911|0|0|0|0
6186,6186,6,3,3,0,0,0,0,0,0.0166666675,,19,0,19,0,,0,,0|0|1|0|0|0|0,0|0|1|0|0|0|0
6187,6187,6,1,1,255,255,0,0,0,0.0166666675,,19,0,19,0,3,0,,0|0|0.499999911|0|0|0|0,0|0|0.499999911|0|0|0|0
6187,6187,6,3,3,0,0,0,0,0,0.0166666675,,19,0,19,0,,0,,0|0|1|0|0|0|0,0|0|1|0|0|0|0
6188,6188,6,1,1,255,255,0,0,0,0.0166666675,,19,0,19,0,3,0,,0|0|0.499999911|0|0|0|0,0|0|0.499999911|0|0|0|0
6188,6188,6,3,3,255,0,0,0,0,0.0166666675,,19,0,19,0,2,0,,0|0|1|0|0|0|0,0|0|0.899999976|0|0|0|0
6189,6189,6,1,1,255,255,0,0,0,0.0166666675,,19,0,19,0,3,0,,0|0|0.499999911|0|0|0|0,0|0|0.399999917|0|0|0|0
6189,6189,6,3,3,255,255,0,0,0,0.0166666675,,19,0,19,0,3,0,,0|0|0.899999976|0|0|0|0,0|0|0.799999952|0|0|0|0
6190,6190,6,1,1,255,255,0,0,0,0.0166666675,,19,0,19,0,3,0,,0|0|0.399999917|0|0|0|0,0|0|0.299999923|0|0|0|0
6190,6190,6,3,3,255,255,0,0,0,0.0166666675,,19,0,19,0,3,0,,0|0|0.799999952|0|0|0|0,0|0|0.699999928|0|0|0|0
6191,6191,6,1,1,255,255,0,0,0,0.0166666675,,19,0,19,0,3,0,,0|0|0.299999923|0|0|0|0,0|0|0.199999928|0|0|0|0
6191,6191,6,3,3,255,255,0,0,0,0.0166666675,,19,0,19,0,3,0,,0|0|0.699999928|0|0|0|0,0|0|0.599999905|0|0|0|0
6192,6192,6,1,1,255,255,0,0,0,0.0166666675,,19,0,19,0,3,0,,0|0|0.199999928|0|0|0|0,0|0|0.099999927|0|0|0|0
6192,6192,6,3,3,255,255,0,0,0,0.0166666675,,19,0,19,0,3,0,,0|0|0.599999905|0|0|0|0,0|0|0.499999911|0|0|0|0
6193,6193,6,1,1,255,255,0,0,0,0.0166666675,,19,0,19,0,3,0,,0|0|0.099999927|0|0|0|0,0|0|-7.4505806e-08|0|0|0|0
6193,6193,6,3,3,255,255,0,0,0,0.0166666675,,19,0,19,0,3,0,,0|0|0.499999911|0|0|0|0,0|0|0.399999917|0|0|0|0
6194,6194,6,1,1,255,255,0,0,0,0.0166666675,,19,0,-1,0,,1,0x45bd67,0|0|-7.4505806e-08|0|0|0|0,0|0|0|0|0|0|0
6194,6194,6,3,3,255,255,0,0,0,0.0166666675,,19,0,19,0,3,0,,0|0|0.399999917|0|0|0|0,0|0|0.299999923|0|0|0|0
6195,6195,6,3,3,255,255,0,0,0,0.0166666675,,19,0,19,0,3,0,,0|0|0.299999923|0|0|0|0,0|0|0.299999923|0|0|0|0
6196,6196,6,3,3,255,255,0,0,0,0.0166666675,,19,0,19,0,3,0,,0|0|0.299999923|0|0|0|0,0|0|0.299999923|0|0|0|0
6197,6197,6,3,3,255,255,0,0,0,0.0166666675,,19,0,19,0,3,0,,0|0|0.299999923|0|0|0|0,0|0|0.299999923|0|0|0|0
6198,6198,6,3,3,255,255,0,0,0,0.0166666675,,19,0,19,0,3,0,,0|0|0.299999923|0|0|0|0,0|0|0.299999923|0|0|0|0
6199,6199,6,3,3,255,255,0,0,0,0.0166666675,,19,0,19,0,3,0,,0|0|0.299999923|0|0|0|0,0|0|0.299999923|0|0|0|0
6200,6200,6,3,3,255,255,0,0,0,0.0166666675,,19,0,19,0,3,0,,0|0|0.299999923|0|0|0|0,0|0|0.299999923|0|0|0|0
6201,6201,6,3,3,255,255,0,0,0,0.0166666675,,19,0,19,0,3,0,,0|0|0.299999923|0|0|0|0,0|0|0.299999923|0|0|0|0
6202,6202,6,3,3,255,255,0,0,0,0.0166666675,,19,0,19,0,3,0,,0|0|0.299999923|0|0|0|0,0|0|0.299999923|0|0|0|0
6203,6203,6,3,3,255,255,0,0,0,0.0166666675,,19,0,19,0,3,0,,0|0|0.299999923|0|0|0|0,0|0|0.299999923|0|0|0|0
6204,6204,6,3,3,255,255,0,0,0,0.0166666675,,19,0,19,0,3,0,,0|0|0.299999923|0|0|0|0,0|0|0.299999923|0|0|0|0
6205,6205,6,3,3,255,255,0,0,0,0.0166666675,,19,0,19,0,3,0,,0|0|0.299999923|0|0|0|0,0|0|0.299999923|0|0|0|0
6206,6206,6,3,3,255,255,0,0,0,0.0166666675,,19,0,19,0,3,0,,0|0|0.299999923|0|0|0|0,0|0|0.299999923|0|0|0|0
6207,6207,6,3,3,255,255,0,0,0,0.0166666675,,19,0,19,0,3,0,,0|0|0.299999923|0|0|0|0,0|0|0.299999923|0|0|0|0
6208,6208,6,3,3,255,255,0,0,0,0.0166666675,,19,0,19,0,3,0,,0|0|0.299999923|0|0|0|0,0|0|0.299999923|0|0|0|0
6209,6209,6,3,3,255,255,0,0,0,0.0166666675,,19,0,19,0,3,0,,0|0|0.299999923|0|0|0|0,0|0|0.299999923|0|0|0|0
6210,6210,6,3,3,255,255,0,0,0,0.0166666675,,19,0,19,0,3,0,,0|0|0.299999923|0|0|0|0,0|0|0.299999923|0|0|0|0
6211,6211,6,3,3,255,255,0,0,0,0.0166666675,,19,0,19,0,3,0,,0|0|0.299999923|0|0|0|0,0|0|0.299999923|0|0|0|0
6212,6212,6,3,3,255,255,0,0,0,0.0166666675,,19,0,19,0,3,0,,0|0|0.299999923|0|0|0|0,0|0|0.299999923|0|0|0|0
6213,6213,6,3,3,255,255,0,0,0,0.0166666675,,19,0,19,0,3,0,,0|0|0.299999923|0|0|0|0,0|0|0.299999923|0|0|0|0
6214,6214,6,3,3,255,255,0,0,0,0.0166666675,,19,0,19,0,3,0,,0|0|0.299999923|0|0|0|0,0|0|0.299999923|0|0|0|0
6215,6215,6,3,3,255,255,0,0,0,0.0166666675,,19,0,19,0,3,0,,0|0|0.299999923|0|0|0|0,0|0|0.299999923|0|0|0|0
6216,6216,6,3,3,255,255,0,0,0,0.0166666675,,19,0,19,0,3,0,,0|0|0.299999923|0|0|0|0,0|0|0.299999923|0|0|0|0
6217,6217,6,3,3,255,255,0,0,0,0.0166666675,,19,0,19,0,3,0,,0|0|0.299999923|0|0|0|0,0|0|0.299999923|0|0|0|0
6218,6218,6,3,3,255,255,0,0,0,0.0166666675,,19,0,19,0,3,0,,0|0|0.299999923|0|0|0|0,0|0|0.299999923|0|0|0|0
6219,6219,6,3,3,255,255,0,0,0,0.0166666675,,19,0,19,0,3,0,,0|0|0.299999923|0|0|0|0,0|0|0.299999923|0|0|0|0
6220,6220,6,3,3,255,255,0,0,0,0.0166666675,,19,0,19,0,3,0,,0|0|0.299999923|0|0|0|0,0|0|0.299999923|0|0|0|0
6221,6221,6,3,3,255,255,0,0,0,0.0166666675,,19,0,19,0,3,0,,0|0|0.299999923|0|0|0|0,0|0|0.299999923|0|0|0|0
6222,6222,6,3,3,255,255,0,0,0,0.0166666675,,19,0,19,0,3,0,,0|0|0.299999923|0|0|0|0,0|0|0.299999923|0|0|0|0
6223,6223,6,3,3,255,255,0,0,0,0.0166666675,,19,0,19,0,3,0,,0|0|0.299999923|0|0|0|0,0|0|0.299999923|0|0|0|0
6224,6224,6,3,3,255,255,0,0,0,0.0166666675,,19,0,19,0,3,0,,0|0|0.299999923|0|0|0|0,0|0|0.299999923|0|0|0|0
6225,6225,6,3,3,255,255,0,0,0,0.0166666675,,19,0,19,0,3,0,,0|0|0.299999923|0|0|0|0,0|0|0.299999923|0|0|0|0
6226,6226,6,3,3,255,255,0,0,0,0.0166666675,,19,0,19,0,3,0,,0|0|0.299999923|0|0|0|0,0|0|0.299999923|0|0|0|0
6227,6227,6,3,3,255,255,0,0,0,0.0166666675,,19,0,19,0,3,0,,0|0|0.299999923|0|0|0|0,0|0|0.299999923|0|0|0|0
6228,6228,6,3,3,255,255,0,0,0,0.0166666675,,19,0,19,0,3,0,,0|0|0.299999923|0|0|0|0,0|0|0.299999923|0|0|0|0
6229,6229,6,3,3,255,255,0,0,0,0.0166666675,,19,0,19,0,3,0,,0|0|0.299999923|0|0|0|0,0|0|0.299999923|0|0|0|0
6230,6230,6,3,3,255,255,0,0,0,0.0166666675,,19,0,19,0,3,0,,0|0|0.299999923|0|0|0|0,0|0|0.299999923|0|0|0|0
6231,6231,6,3,3,255,255,0,0,0,0.0166666675,,19,0,19,0,3,0,,0|0|0.299999923|0|0|0|0,0|0|0.299999923|0|0|0|0
6232,6232,6,3,3,255,255,0,0,0,0.0166666675,,19,0,19,0,3,0,,0|0|0.299999923|0|0|0|0,0|0|0.299999923|0|0|0|0
6233,6233,6,3,3,255,255,0,0,0,0.0166666675,,19,0,19,0,3,0,,0|0|0.299999923|0|0|0|0,0|0|0.299999923|0|0|0|0
6234,6234,6,3,3,255,255,0,0,0,0.0166666675,,19,0,19,0,3,0,,0|0|0.299999923|0|0|0|0,0|0|0.299999923|0|0|0|0
6235,6235,6,3,3,255,255,0,0,0,0.0166666675,,19,0,19,0,3,0,,0|0|0.299999923|0|0|0|0,0|0|0.299999923|0|0|0|0
6236,6236,6,3,3,255,255,0,0,0,0.0166666675,,19,0,19,0,3,0,,0|0|0.299999923|0|0|0|0,0|0|0.299999923|0|0|0|0
6237,6237,6,3,3,255,255,0,0,0,0.0166666675,,19,0,19,0,3,0,,0|0|0.299999923|0|0|0|0,0|0|0.299999923|0|0|0|0
6238,6238,6,3,3,255,255,0,0,0,0.0166666675,,19,0,19,0,3,0,,0|0|0.299999923|0|0|0|0,0|0|0.299999923|0|0|0|0
6239,6239,6,3,3,255,255,0,0,0,0.0166666675,,19,0,19,0,3,0,,0|0|0.299999923|0|0|0|0,0|0|0.299999923|0|0|0|0
6240,6240,6,3,3,255,255,0,0,0,0.0166666675,,19,0,19,0,3,0,,0|0|0.299999923|0|0|0|0,0|0|0.299999923|0|0|0|0
6241,6241,6,3,3,255,255,0,0,0,0.0166666675,,19,0,19,0,3,0,,0|0|0.299999923|0|0|0|0,0|0|0.299999923|0|0|0|0
6242,6242,6,3,3,255,255,0,0,0,0.0166666675,,19,0,19,0,3,0,,0|0|0.299999923|0|0|0|0,0|0|0.299999923|0|0|0|0
6243,6243,6,3,3,255,255,0,0,0,0.0166666675,,19,0,19,0,3,0,,0|0|0.299999923|0|0|0|0,0|0|0.299999923|0|0|0|0
6244,6244,6,3,3,255,255,0,0,0,0.0166666675,,19,0,19,0,3,0,,0|0|0.299999923|0|0|0|0,0|0|0.299999923|0|0|0|0
6245,6245,6,3,3,255,255,0,0,0,0.0166666675,,19,0,19,0,3,0,,0|0|0.299999923|0|0|0|0,0|0|0.299999923|0|0|0|0
6246,6246,6,3,3,255,255,0,0,0,0.0166666675,,19,0,19,0,3,0,,0|0|0.299999923|0|0|0|0,0|0|0.299999923|0|0|0|0
6247,6247,6,3,3,255,255,0,0,0,0.0166666675,,19,0,19,0,3,0,,0|0|0.299999923|0|0|0|0,0|0|0.299999923|0|0|0|0
6248,6248,6,3,3,255,255,0,0,0,0.0166666675,,19,0,19,0,3,0,,0|0|0.299999923|0|0|0|0,0|0|0.299999923|0|0|0|0
6249,6249,6,3,3,255,255,0,0,0,0.0166666675,,19,0,19,0,3,0,,0|0|0.299999923|0|0|0|0,0|0|0.299999923|0|0|0|0
6250,6250,6,3,3,255,255,0,0,0,0.0166666675,,19,0,19,0,3,0,,0|0|0.299999923|0|0|0|0,0|0|0.299999923|0|0|0|0
6251,6251,6,3,3,255,255,0,0,0,0.0166666675,,19,0,19,0,3,0,,0|0|0.299999923|0|0|0|0,0|0|0.299999923|0|0|0|0
6252,6252,6,3,3,255,255,0,0,0,0.0166666675,,19,0,19,0,3,0,,0|0|0.299999923|0|0|0|0,0|0|0.299999923|0|0|0|0
6253,6253,6,3,3,255,255,0,0,0,0.0166666675,,19,0,19,0,3,0,,0|0|0.299999923|0|0|0|0,0|0|0.299999923|0|0|0|0
6254,6254,6,3,3,255,255,0,0,0,0.0166666675,,19,0,19,0,3,0,,0|0|0.299999923|0|0|0|0,0|0|0.299999923|0|0|0|0
6255,6255,6,3,3,255,255,0,0,0,0.0166666675,,19,0,19,0,3,0,,0|0|0.299999923|0|0|0|0,0|0|0.299999923|0|0|0|0
6256,6256,6,3,3,255,255,0,0,0,0.0166666675,,19,0,19,0,3,0,,0|0|0.299999923|0|0|0|0,0|0|0.299999923|0|0|0|0
6257,6257,6,3,3,255,255,0,0,0,0.0166666675,,19,0,19,0,3,0,,0|0|0.299999923|0|0|0|0,0|0|0.299999923|0|0|0|0
6258,6258,6,3,3,255,255,0,0,0,0.0166666675,,19,0,19,0,3,0,,0|0|0.299999923|0|0|0|0,0|0|0.299999923|0|0|0|0
6259,6259,6,3,3,255,255,0,0,0,0.0166666675,,19,0,19,0,3,0,,0|0|0.299999923|0|0|0|0,0|0|0.299999923|0|0|0|0
6260,6260,6,3,3,255,255,0,0,0,0.0166666675,,19,0,19,0,3,0,,0|0|0.299999923|0|0|0|0,0|0|0.299999923|0|0|0|0
6261,6261,6,3,3,255,255,0,0,0,0.0166666675,,19,0,19,0,3,0,,0|0|0.299999923|0|0|0|0,0|0|0.299999923|0|0|0|0
6262,6262,6,3,3,255,255,0,0,0,0.0166666675,,19,0,19,0,3,0,,0|0|0.299999923|0|0|0|0,0|0|0.299999923|0|0|0|0
6263,6263,6,3,3,255,255,0,0,0,0.0166666675,,19,0,19,0,3,0,,0|0|0.299999923|0|0|0|0,0|0|0.299999923|0|0|0|0
6264,6264,6,3,3,255,255,0,0,0,0.0166666675,,19,0,19,0,3,0,,0|0|0.299999923|0|0|0|0,0|0|0.299999923|0|0|0|0
6265,6265,6,3,3,255,255,0,0,0,0.0166666675,,19,0,19,0,3,0,,0|0|0.299999923|0|0|0|0,0|0|0.299999923|0|0|0|0
6266,6266,6,3,3,255,255,0,0,0,0.0166666675,,19,0,19,0,3,0,,0|0|0.299999923|0|0|0|0,0|0|0.299999923|0|0|0|0
6267,6267,6,3,3,255,255,0,0,0,0.0166666675,,19,0,19,0,3,0,,0|0|0.299999923|0|0|0|0,0|0|0.299999923|0|0|0|0
6268,6268,6,3,3,255,255,0,0,0,0.0166666675,,19,0,19,0,3,0,,0|0|0.299999923|0|0|0|0,0|0|0.299999923|0|0|0|0
6269,6269,6,3,3,255,255,0,0,0,0.0166666675,,19,0,19,0,3,0,,0|0|0.299999923|0|0|0|0,0|0|0.299999923|0|0|0|0
6270,6270,6,3,3,255,255,0,0,0,0.0166666675,,19,0,19,0,3,0,,0|0|0.299999923|0|0|0|0,0|0|0.299999923|0|0|0|0
6271,6271,6,3,3,255,255,0,0,0,0.0166666675,,19,0,19,0,3,0,,0|0|0.299999923|0|0|0|0,0|0|0.299999923|0|0|0|0
6272,6272,6,3,3,255,255,0,0,0,0.0166666675,,19,0,19,0,3,0,,0|0|0.299999923|0|0|0|0,0|0|0.299999923|0|0|0|0
6273,6273,6,3,3,255,255,0,0,0,0.0166666675,,19,0,19,0,3,0,,0|0|0.299999923|0|0|0|0,0|0|0.299999923|0|0|0|0
6274,6274,6,3,3,255,255,0,0,0,0.0166666675,,19,0,19,0,3,0,,0|0|0.299999923|0|0|0|0,0|0|0.299999923|0|0|0|0
6275,6275,6,3,3,255,255,0,0,0,0.0166666675,,19,0,19,0,3,0,,0|0|0.299999923|0|0|0|0,0|0|0.299999923|0|0|0|0
6276,6276,6,3,3,255,255,0,0,0,0.0166666675,,19,0,19,0,3,0,,0|0|0.299999923|0|0|0|0,0|0|0.299999923|0|0|0|0
6277,6277,6,3,3,255,255,0,0,0,0.0166666675,,19,0,19,0,3,0,,0|0|0.299999923|0|0|0|0,0|0|0.299999923|0|0|0|0
6278,6278,6,3,3,255,255,0,0,0,0.0166666675,,19,0,19,0,3,0,,0|0|0.299999923|0|0|0|0,0|0|0.299999923|0|0|0|0
6279,6279,6,3,3,255,255,0,0,0,0.0166666675,,19,0,19,0,3,0,,0|0|0.299999923|0|0|0|0,0|0|0.299999923|0|0|0|0
6280,6280,6,3,3,255,255,0,0,0,0.0166666675,,19,0,19,0,3,0,,0|0|0.299999923|0|0|0|0,0|0|0.299999923|0|0|0|0
6281,6281,6,3,3,255,255,0,0,0,0.0166666675,,19,0,19,0,3,0,,0|0|0.299999923|0|0|0|0,0|0|0.299999923|0|0|0|0
6282,6282,6,3,3,255,255,0,0,0,0.0166666675,,19,0,19,0,3,0,,0|0|0.299999923|0|0|0|0,0|0|0.299999923|0|0|0|0
6283,6283,6,3,3,255,255,0,0,0,0.0166666675,,19,0,19,0,3,0,,0|0|0.299999923|0|0|0|0,0|0|0.299999923|0|0|0|0
6284,6284,6,3,3,255,255,0,0,0,0.0166666675,,19,0,19,0,3,0,,0|0|0.299999923|0|0|0|0,0|0|0.299999923|0|0|0|0
6285,6285,6,3,3,255,255,0,0,0,0.0166666675,,19,0,19,0,3,0,,0|0|0.299999923|0|0|0|0,0|0|0.299999923|0|0|0|0
6286,6286,6,3,3,255,255,0,0,0,0.0166666675,,19,0,19,0,3,0,,0|0|0.299999923|0|0|0|0,0|0|0.299999923|0|0|0|0
6287,6287,6,3,3,255,255,0,0,0,0.0166666675,,19,0,19,0,3,0,,0|0|0.299999923|0|0|0|0,0|0|0.299999923|0|0|0|0
6288,6288,6,3,3,255,255,0,0,0,0.0166666675,,19,0,19,0,3,0,,0|0|0.299999923|0|0|0|0,0|0|0.299999923|0|0|0|0
6289,6289,6,3,3,255,255,0,0,0,0.0166666675,,19,0,19,0,3,0,,0|0|0.299999923|0|0|0|0,0|0|0.299999923|0|0|0|0
6290,6290,6,3,3,255,255,0,0,0,0.0166666675,,19,0,19,0,3,0,,0|0|0.299999923|0|0|0|0,0|0|0.299999923|0|0|0|0
6291,6291,6,3,3,255,255,0,0,0,0.0166666675,,19,0,19,0,3,0,,0|0|0.299999923|0|0|0|0,0|0|0.299999923|0|0|0|0
6292,6292,6,3,3,255,255,0,0,0,0.0166666675,,19,0,19,0,3,0,,0|0|0.299999923|0|0|0|0,0|0|0.299999923|0|0|0|0
6293,6293,6,3,3,255,255,0,0,0,0.0166666675,,19,0,19,0,3,0,,0|0|0.299999923|0|0|0|0,0|0|0.299999923|0|0|0|0
6294,6294,6,3,3,255,255,0,0,0,0.0166666675,,19,0,19,0,3,0,,0|0|0.299999923|0|0|0|0,0|0|0.299999923|0|0|0|0
6295,6295,6,3,3,255,255,0,0,0,0.0166666675,,19,0,19,0,3,0,,0|0|0.299999923|0|0|0|0,0|0|0.299999923|0|0|0|0
6296,6296,6,3,3,255,255,0,0,0,0.0166666675,,19,0,19,0,3,0,,0|0|0.299999923|0|0|0|0,0|0|0.299999923|0|0|0|0
6297,6297,6,3,3,255,255,0,0,0,0.0166666675,,19,0,19,0,3,0,,0|0|0.299999923|0|0|0|0,0|0|0.299999923|0|0|0|0
6298,6298,6,3,3,255,255,0,0,0,0.0166666675,,19,0,19,0,3,0,,0|0|0.299999923|0|0|0|0,0|0|0.299999923|0|0|0|0
6299,6299,6,3,3,255,255,0,0,0,0.0166666675,,19,0,19,0,3,0,,0|0|0.299999923|0|0|0|0,0|0|0.299999923|0|0|0|0
6300,6300,6,3,3,255,255,0,0,0,0.0166666675,,19,0,19,0,3,0,,0|0|0.299999923|0|0|0|0,0|0|0.299999923|0|0|0|0
6301,6301,6,3,3,255,255,0,0,0,0.0166666675,,19,0,19,0,3,0,,0|0|0.299999923|0|0|0|0,0|0|0.299999923|0|0|0|0
6302,6302,6,3,3,255,255,0,0,0,0.0166666675,,19,0,19,0,3,0,,0|0|0.299999923|0|0|0|0,0|0|0.299999923|0|0|0|0
6303,6303,6,3,3,255,255,0,0,0,0.0166666675,,19,0,19,0,3,0,,0|0|0.299999923|0|0|0|0,0|0|0.299999923|0|0|0|0
6304,6304,6,3,3,255,255,0,0,0,0.0166666675,,19,0,19,0,3,0,,0|0|0.299999923|0|0|0|0,0|0|0.299999923|0|0|0|0
6305,6305,6,3,3,255,255,0,0,0,0.0166666675,,19,0,19,0,3,0,,0|0|0.299999923|0|0|0|0,0|0|0.299999923|0|0|0|0
6306,6306,6,3,3,255,255,0,0,0,0.0166666675,,19,0,19,0,3,0,,0|0|0.299999923|0|0|0|0,0|0|0.299999923|0|0|0|0
6307,6307,6,3,3,255,255,0,0,0,0.0166666675,,19,0,19,0,3,0,,0|0|0.299999923|0|0|0|0,0|0|0.299999923|0|0|0|0
6308,6308,6,3,3,255,255,0,0,0,0.0166666675,,19,0,19,0,3,0,,0|0|0.299999923|0|0|0|0,0|0|0.299999923|0|0|0|0
6309,6309,6,3,3,255,255,0,0,0,0.0166666675,,19,0,19,0,3,0,,0|0|0.299999923|0|0|0|0,0|0|0.299999923|0|0|0|0
6310,6310,6,3,3,255,255,0,0,0,0.0166666675,,19,0,19,0,3,0,,0|0|0.299999923|0|0|0|0,0|0|0.299999923|0|0|0|0
6311,6311,6,3,3,255,255,0,0,0,0.0166666675,,19,0,19,0,3,0,,0|0|0.299999923|0|0|0|0,0|0|0.299999923|0|0|0|0
6312,6312,6,3,3,255,255,0,0,0,0.0166666675,,19,0,19,0,3,0,,0|0|0.299999923|0|0|0|0,0|0|0.299999923|0|0|0|0
6313,6313,6,3,3,255,255,0,0,0,0.0166666675,,19,0,19,0,3,0,,0|0|0.299999923|0|0|0|0,0|0|0.299999923|0|0|0|0
6314,6314,6,3,3,255,255,0,0,0,0.0166666675,,19,0,19,0,3,0,,0|0|0.299999923|0|0|0|0,0|0|0.299999923|0|0|0|0
6315,6315,6,3,3,255,255,0,0,0,0.0166666675,,19,0,19,0,3,0,,0|0|0.299999923|0|0|0|0,0|0|0.299999923|0|0|0|0
6316,6316,6,3,3,255,255,0,0,0,0.0166666675,,19,0,19,0,3,0,,0|0|0.299999923|0|0|0|0,0|0|0.299999923|0|0|0|0
6317,6317,6,3,3,255,255,0,0,0,0.0166666675,,19,0,19,0,3,0,,0|0|0.299999923|0|0|0|0,0|0|0.299999923|0|0|0|0
6318,6318,6,3,3,255,255,0,0,0,0.0166666675,,19,0,19,0,3,0,,0|0|0.299999923|0|0|0|0,0|0|0.299999923|0|0|0|0
6319,6319,6,3,3,255,255,0,0,0,0.0166666675,,19,0,19,0,3,0,,0|0|0.299999923|0|0|0|0,0|0|0.299999923|0|0|0|0
6320,6320,6,3,3,255,255,0,0,0,0.0166666675,,19,0,19,0,3,0,,0|0|0.299999923|0|0|0|0,0|0|0.299999923|0|0|0|0
6321,6321,6,3,3,255,255,0,0,0,0.0166666675,,19,0,19,0,3,0,,0|0|0.299999923|0|0|0|0,0|0|0.299999923|0|0|0|0
6322,6322,6,3,3,255,255,0,0,0,0.0166666675,,19,0,19,0,3,0,,0|0|0.299999923|0|0|0|0,0|0|0.299999923|0|0|0|0
6323,6323,6,3,3,255,255,0,0,0,0.0166666675,,19,0,19,0,3,0,,0|0|0.299999923|0|0|0|0,0|0|0.299999923|0|0|0|0
6324,6324,6,3,3,255,255,0,0,0,0.0166666675,,19,0,19,0,3,0,,0|0|0.299999923|0|0|0|0,0|0|0.299999923|0|0|0|0
6325,6325,6,3,3,255,255,0,0,0,0.0166666675,,19,0,19,0,3,0,,0|0|0.299999923|0|0|0|0,0|0|0.299999923|0|0|0|0
6326,6326,6,3,3,255,255,0,0,0,0.0166666675,,19,0,19,0,3,0,,0|0|0.299999923|0|0|0|0,0|0|0.299999923|0|0|0|0
6327,6327,6,3,3,255,255,0,0,0,0.0166666675,,19,0,19,0,3,0,,0|0|0.299999923|0|0|0|0,0|0|0.299999923|0|0|0|0
6328,6328,6,3,3,255,255,0,0,0,0.0166666675,,19,0,19,0,3,0,,0|0|0.299999923|0|0|0|0,0|0|0.299999923|0|0|0|0
6329,6329,6,3,3,255,255,0,0,0,0.0166666675,,19,0,19,0,3,0,,0|0|0.299999923|0|0|0|0,0|0|0.299999923|0|0|0|0
6330,6330,6,3,3,255,255,0,0,0,0.0166666675,,19,0,19,0,3,0,,0|0|0.299999923|0|0|0|0,0|0|0.299999923|0|0|0|0
6331,6331,6,3,3,255,255,0,0,0,0.0166666675,,19,0,19,0,3,0,,0|0|0.299999923|0|0|0|0,0|0|0.299999923|0|0|0|0
6332,6332,6,3,3,255,255,0,0,0,0.0166666675,,19,0,19,0,3,0,,0|0|0.299999923|0|0|0|0,0|0|0.299999923|0|0|0|0
6333,6333,6,3,3,255,255,0,0,0,0.0166666675,,19,0,19,0,3,0,,0|0|0.299999923|0|0|0|0,0|0|0.299999923|0|0|0|0
6334,6334,6,3,3,255,255,0,0,0,0.0166666675,,19,0,19,0,3,0,,0|0|0.299999923|0|0|0|0,0|0|0.299999923|0|0|0|0
6335,6335,6,3,3,255,255,0,0,0,0.0166666675,,19,0,19,0,3,0,,0|0|0.299999923|0|0|0|0,0|0|0.299999923|0|0|0|0
6336,6336,6,3,3,255,255,0,0,0,0.0166666675,,19,0,19,0,3,0,,0|0|0.299999923|0|0|0|0,0|0|0.299999923|0|0|0|0
6337,6337,6,3,3,255,255,0,0,0,0.0166666675,,19,0,19,0,3,0,,0|0|0.299999923|0|0|0|0,0|0|0.299999923|0|0|0|0
6338,6338,6,3,3,255,255,0,0,0,0.0166666675,,19,0,19,0,3,0,,0|0|0.299999923|0|0|0|0,0|0|0.299999923|0|0|0|0
6339,6339,6,3,3,255,255,0,0,0,0.0166666675,,19,0,19,0,3,0,,0|0|0.299999923|0|0|0|0,0|0|0.299999923|0|0|0|0
6340,6340,6,3,3,255,255,0,0,0,0.0166666675,,19,0,19,0,3,0,,0|0|0.299999923|0|0|0|0,0|0|0.299999923|0|0|0|0
6341,6341,6,3,3,255,255,0,0,0,0.0166666675,,19,0,19,0,3,0,,0|0|0.299999923|0|0|0|0,0|0|0.299999923|0|0|0|0
6342,6342,6,3,3,255,255,0,0,0,0.0166666675,,19,0,19,0,3,0,,0|0|0.299999923|0|0|0|0,0|0|0.299999923|0|0|0|0
6343,6343,6,3,3,255,255,0,0,0,0.0166666675,,19,0,19,0,3,0,,0|0|0.299999923|0|0|0|0,0|0|0.299999923|0|0|0|0
6344,6344,6,3,3,255,255,0,0,0,0.0166666675,,19,0,19,0,3,0,,0|0|0.299999923|0|0|0|0,0|0|0.299999923|0|0|0|0
6345,6345,6,3,3,255,255,0,0,0,0.0166666675,,19,0,19,0,3,0,,0|0|0.299999923|0|0|0|0,0|0|0.299999923|0|0|0|0
6346,6346,6,3,3,255,255,0,0,0,0.0166666675,,19,0,19,0,3,0,,0|0|0.299999923|0|0|0|0,0|0|0.299999923|0|0|0|0
6347,6347,6,3,3,255,255,0,0,0,0.0166666675,,19,0,19,0,3,0,,0|0|0.299999923|0|0|0|0,0|0|0.299999923|0|0|0|0
6348,6348,6,3,3,255,255,0,0,0,0.0166666675,,19,0,19,0,3,0,,0|0|0.299999923|0|0|0|0,0|0|0.299999923|0|0|0|0
6349,6349,6,3,3,255,255,0,0,0,0.0166666675,,19,0,19,0,3,0,,0|0|0.299999923|0|0|0|0,0|0|0.299999923|0|0|0|0
6350,6350,6,3,3,255,255,0,0,0,0.0166666675,,19,0,19,0,3,0,,0|0|0.299999923|0|0|0|0,0|0|0.299999923|0|0|0|0
6351,6351,6,3,3,255,255,0,0,0,0.0166666675,,19,0,19,0,3,0,,0|0|0.299999923|0|0|0|0,0|0|0.299999923|0|0|0|0
6352,6352,6,3,3,255,255,0,0,0,0.0166666675,,19,0,19,0,3,0,,0|0|0.299999923|0|0|0|0,0|0|0.299999923|0|0|0|0
6353,6353,6,3,3,255,255,0,0,0,0.0166666675,,19,0,19,0,3,0,,0|0|0.299999923|0|0|0|0,0|0|0.299999923|0|0|0|0
6354,6354,6,3,3,255,255,0,0,0,0.0166666675,,19,0,19,0,3,0,,0|0|0.299999923|0|0|0|0,0|0|0.299999923|0|0|0|0
6355,6355,6,3,3,255,255,0,0,0,0.0166666675,,19,0,19,0,3,0,,0|0|0.299999923|0|0|0|0,0|0|0.299999923|0|0|0|0
6356,6356,6,3,3,255,255,0,0,0,0.0166666675,,19,0,19,0,3,0,,0|0|0.299999923|0|0|0|0,0|0|0.299999923|0|0|0|0
6357,6357,6,3,3,255,255,0,0,0,0.0166666675,,19,0,19,0,3,0,,0|0|0.299999923|0|0|0|0,0|0|0.299999923|0|0|0|0
6358,6358,6,3,3,255,255,0,0,0,0.0166666675,,19,0,19,0,3,0,,0|0|0.299999923|0|0|0|0,0|0|0.299999923|0|0|0|0
6359,6359,6,3,3,255,255,0,0,0,0.0166666675,,19,0,19,0,3,0,,0|0|0.299999923|0|0|0|0,0|0|0.299999923|0|0|0|0
6360,6360,6,3,3,255,255,0,0,0,0.0166666675,,19,0,19,0,3,0,,0|0|0.299999923|0|0|0|0,0|0|0.299999923|0|0|0|0
6361,6361,6,3,3,255,255,0,0,0,0.0166666675,,19,0,19,0,3,0,,0|0|0.299999923|0|0|0|0,0|0|0.299999923|0|0|0|0
6362,6362,6,3,3,255,255,0,0,0,0.0166666675,,19,0,19,0,3,0,,0|0|0.299999923|0|0|0|0,0|0|0.299999923|0|0|0|0
6363,6363,6,3,3,255,255,0,0,0,0.0166666675,,19,0,19,0,3,0,,0|0|0.299999923|0|0|0|0,0|0|0.299999923|0|0|0|0
6364,6364,6,3,3,255,255,0,0,0,0.0166666675,,19,0,19,0,3,0,,0|0|0.299999923|0|0|0|0,0|0|0.299999923|0|0|0|0
6365,6365,6,3,3,255,255,0,0,0,0.0166666675,,19,0,19,0,3,0,,0|0|0.299999923|0|0|0|0,0|0|0.199999928|0|0|0|0
6366,6366,6,3,3,255,255,0,0,0,0.0166666675,,19,0,19,0,3,0,,0|0|0.199999928|0|0|0|0,0|0|0.199999928|0|0|0|0
6367,6367,6,3,3,255,255,0,0,0,0.0166666675,,19,0,19,0,3,0,,0|0|0.199999928|0|0|0|0,0|0|0.199999928|0|0|0|0
6368,6368,6,3,3,255,255,0,0,0,0.0166666675,,19,0,19,0,3,0,,0|0|0.199999928|0|0|0|0,0|0|0.199999928|0|0|0|0
6369,6369,6,3,3,255,255,0,0,0,0.0166666675,,19,0,19,0,3,0,,0|0|0.199999928|0|0|0|0,0|0|0.199999928|0|0|0|0
6370,6370,6,3,3,255,255,0,0,0,0.0166666675,,19,0,19,0,3,0,,0|0|0.199999928|0|0|0|0,0|0|0.199999928|0|0|0|0
6371,6371,6,3,3,255,255,0,0,0,0.0166666675,,19,0,19,0,3,0,,0|0|0.199999928|0|0|0|0,0|0|0.199999928|0|0|0|0
6372,6372,6,3,3,255,255,0,0,0,0.0166666675,,19,0,19,0,3,0,,0|0|0.199999928|0|0|0|0,0|0|0.199999928|0|0|0|0
6373,6373,6,3,3,255,255,0,0,0,0.0166666675,,19,0,19,0,3,0,,0|0|0.199999928|0|0|0|0,0|0|0.199999928|0|0|0|0
6374,6374,6,3,3,255,255,0,0,0,0.0166666675,,19,0,19,0,3,0,,0|0|0.199999928|0|0|0|0,0|0|0.199999928|0|0|0|0
6375,6375,6,3,3,255,255,0,0,0,0.0166666675,,19,0,19,0,3,0,,0|0|0.199999928|0|0|0|0,0|0|0.199999928|0|0|0|0
6376,6376,6,3,3,255,255,0,0,0,0.0166666675,,19,0,19,0,3,0,,0|0|0.199999928|0|0|0|0,0|0|0.199999928|0|0|0|0
6377,6377,6,3,3,255,255,0,0,0,0.0166666675,,19,0,19,0,3,0,,0|0|0.199999928|0|0|0|0,0|0|0.199999928|0|0|0|0
6378,6378,6,3,3,255,255,0,0,0,0.0166666675,,19,0,19,0,3,0,,0|0|0.199999928|0|0|0|0,0|0|0.199999928|0|0|0|0
6379,6379,6,3,3,255,255,0,0,0,0.0166666675,,19,0,19,0,3,0,,0|0|0.199999928|0|0|0|0,0|0|0.199999928|0|0|0|0
6380,6380,6,3,3,255,255,0,0,0,0.0166666675,,19,0,19,0,3,0,,0|0|0.199999928|0|0|0|0,0|0|0.199999928|0|0|0|0
6381,6381,6,3,3,255,255,0,0,0,0.0166666675,,19,0,19,0,3,0,,0|0|0.199999928|0|0|0|0,0|0|0.199999928|0|0|0|0
6382,6382,6,3,3,255,255,0,0,0,0.0166666675,,19,0,19,0,3,0,,0|0|0.199999928|0|0|0|0,0|0|0.199999928|0|0|0|0
6383,6383,6,3,3,255,255,0,0,0,0.0166666675,,19,0,19,0,3,0,,0|0|0.199999928|0|0|0|0,0|0|0.199999928|0|0|0|0
6384,6384,6,3,3,255,255,0,0,0,0.0166666675,,19,0,19,0,3,0,,0|0|0.199999928|0|0|0|0,0|0|0.199999928|0|0|0|0
6385,6385,6,3,3,255,255,0,0,0,0.0166666675,,19,0,19,0,3,0,,0|0|0.199999928|0|0|0|0,0|0|0.199999928|0|0|0|0
6386,6386,6,3,3,255,255,0,0,0,0.0166666675,,19,0,19,0,3,0,,0|0|0.199999928|0|0|0|0,0|0|0.199999928|0|0|0|0
6387,6387,6,3,3,255,255,0,0,0,0.0166666675,,19,0,19,0,3,0,,0|0|0.199999928|0|0|0|0,0|0|0.199999928|0|0|0|0
6388,6388,6,3,3,255,255,0,0,0,0.0166666675,,19,0,19,0,3,0,,0|0|0.199999928|0|0|0|0,0|0|0.199999928|0|0|0|0
6389,6389,6,3,3,255,255,0,0,0,0.0166666675,,19,0,19,0,3,0,,0|0|0.199999928|0|0|0|0,0|0|0.199999928|0|0|0|0
6390,6390,6,3,3,255,255,0,0,0,0.0166666675,,19,0,19,0,3,0,,0|0|0.199999928|0|0|0|0,0|0|0.199999928|0|0|0|0
6391,6391,6,3,3,255,255,0,0,0,0.0166666675,,19,0,19,0,3,0,,0|0|0.199999928|0|0|0|0,0|0|0.199999928|0|0|0|0
6392,6392,6,3,3,255,255,0,0,0,0.0166666675,,19,0,19,0,3,0,,0|0|0.199999928|0|0|0|0,0|0|0.199999928|0|0|0|0
6393,6393,6,3,3,255,255,0,0,0,0.0166666675,,19,0,19,0,3,0,,0|0|0.199999928|0|0|0|0,0|0|0.199999928|0|0|0|0
6394,6394,6,3,3,255,255,0,0,0,0.0166666675,,19,0,19,0,3,0,,0|0|0.199999928|0|0|0|0,0|0|0.199999928|0|0|0|0
6395,6395,6,3,3,255,255,0,0,0,0.0166666675,,19,0,19,0,3,0,,0|0|0.199999928|0|0|0|0,0|0|0.199999928|0|0|0|0
6396,6396,6,3,3,255,255,0,0,0,0.0166666675,,19,0,19,0,3,0,,0|0|0.199999928|0|0|0|0,0|0|0.199999928|0|0|0|0
6397,6397,6,3,3,255,255,0,0,0,0.0166666675,,19,0,19,0,3,0,,0|0|0.199999928|0|0|0|0,0|0|0.199999928|0|0|0|0
6398,6398,6,3,3,255,255,0,0,0,0.0166666675,,19,0,19,0,3,0,,0|0|0.199999928|0|0|0|0,0|0|0.199999928|0|0|0|0
6399,6399,6,3,3,255,255,0,0,0,0.0166666675,,19,0,19,0,3,0,,0|0|0.199999928|0|0|0|0,0|0|0.199999928|0|0|0|0
6400,6400,6,3,3,255,255,0,0,0,0.0166666675,,19,0,19,0,3,0,,0|0|0.199999928|0|0|0|0,0|0|0.199999928|0|0|0|0
6401,6401,6,3,3,255,255,0,0,0,0.0166666675,,19,0,19,0,3,0,,0|0|0.199999928|0|0|0|0,0|0|0.199999928|0|0|0|0
6402,6402,6,3,3,255,255,0,0,0,0.0166666675,,19,0,19,0,3,0,,0|0|0.199999928|0|0|0|0,0|0|0.199999928|0|0|0|0
6403,6403,6,3,3,255,255,0,0,0,0.0166666675,,19,0,19,0,3,0,,0|0|0.199999928|0|0|0|0,0|0|0.199999928|0|0|0|0
6404,6404,6,3,3,255,255,0,0,0,0.0166666675,,19,0,19,0,3,0,,0|0|0.199999928|0|0|0|0,0|0|0.199999928|0|0|0|0
6405,6405,6,3,3,255,255,0,0,0,0.0166666675,,19,0,19,0,3,0,,0|0|0.199999928|0|0|0|0,0|0|0.199999928|0|0|0|0
6406,6406,6,3,3,255,255,0,0,0,0.0166666675,,19,0,19,0,3,0,,0|0|0.199999928|0|0|0|0,0|0|0.199999928|0|0|0|0
6407,6407,6,3,3,255,255,0,0,0,0.0166666675,,19,0,19,0,3,0,,0|0|0.199999928|0|0|0|0,0|0|0.199999928|0|0|0|0
6408,6408,6,3,3,255,255,0,0,0,0.0166666675,,19,0,19,0,3,0,,0|0|0.199999928|0|0|0|0,0|0|0.199999928|0|0|0|0
6409,6409,6,3,3,255,255,0,0,0,0.0166666675,,19,0,19,0,3,0,,0|0|0.199999928|0|0|0|0,0|0|0.199999928|0|0|0|0
6410,6410,6,3,3,255,255,0,0,0,0.0166666675,,19,0,19,0,3,0,,0|0|0.199999928|0|0|0|0,0|0|0.199999928|0|0|0|0
6411,6411,6,3,3,255,255,0,0,0,0.0166666675,,19,0,19,0,3,0,,0|0|0.199999928|0|0|0|0,0|0|0.199999928|0|0|0|0
6412,6412,6,3,3,255,255,0,0,0,0.0166666675,,19,0,19,0,3,0,,0|0|0.199999928|0|0|0|0,0|0|0.199999928|0|0|0|0
6413,6413,6,3,3,255,255,0,0,0,0.0166666675,,19,0,19,0,3,0,,0|0|0.199999928|0|0|0|0,0|0|0.199999928|0|0|0|0
6414,6414,6,3,3,255,255,0,0,0,0.0166666675,,19,0,19,0,3,0,,0|0|0.199999928|0|0|0|0,0|0|0.199999928|0|0|0|0
6415,6415,6,3,3,255,255,0,0,0,0.0166666675,,19,0,19,0,3,0,,0|0|0.199999928|0|0|0|0,0|0|0.199999928|0|0|0|0
6416,6416,6,3,3,255,255,0,0,0,0.0166666675,,19,0,19,0,3,0,,0|0|0.199999928|0|0|0|0,0|0|0.199999928|0|0|0|0
6417,6417,6,3,3,255,255,0,0,0,0.0166666675,,19,0,19,0,3,0,,0|0|0.199999928|0|0|0|0,0|0|0.199999928|0|0|0|0
6418,6418,6,3,3,255,255,0,0,0,0.0166666675,,19,0,19,0,3,0,,0|0|0.199999928|0|0|0|0,0|0|0.199999928|0|0|0|0
6419,6419,6,3,3,255,255,0,0,0,0.0166666675,,19,0,19,0,3,0,,0|0|0.199999928|0|0|0|0,0|0|0.199999928|0|0|0|0
6420,6420,6,3,3,255,255,0,0,0,0.0166666675,,19,0,19,0,3,0,,0|0|0.199999928|0|0|0|0,0|0|0.199999928|0|0|0|0
6421,6421,6,3,3,255,255,0,0,0,0.0166666675,,19,0,19,0,3,0,,0|0|0.199999928|0|0|0|0,0|0|0.199999928|0|0|0|0
6422,6422,6,3,3,255,255,0,0,0,0.0166666675,,19,0,19,0,3,0,,0|0|0.199999928|0|0|0|0,0|0|0.199999928|0|0|0|0
6423,6423,6,3,3,255,255,0,0,0,0.0166666675,,19,0,19,0,3,0,,0|0|0.199999928|0|0|0|0,0|0|0.199999928|0|0|0|0
6424,6424,6,3,3,255,255,0,0,0,0.0166666675,,19,0,19,0,3,0,,0|0|0.199999928|0|0|0|0,0|0|0.199999928|0|0|0|0
6425,6425,6,3,3,255,255,0,0,0,0.0166666675,,19,0,19,0,3,0,,0|0|0.199999928|0|0|0|0,0|0|0.199999928|0|0|0|0
6426,6426,6,3,3,255,255,0,0,0,0.0166666675,,19,0,19,0,3,0,,0|0|0.199999928|0|0|0|0,0|0|0.199999928|0|0|0|0
6427,6427,6,3,3,255,255,0,0,0,0.0166666675,,19,0,19,0,3,0,,0|0|0.199999928|0|0|0|0,0|0|0.199999928|0|0|0|0
6428,6428,6,3,3,255,255,0,0,0,0.0166666675,,19,0,19,0,3,0,,0|0|0.199999928|0|0|0|0,0|0|0.199999928|0|0|0|0
6429,6429,6,3,3,255,255,0,0,0,0.0166666675,,19,0,19,0,3,0,,0|0|0.199999928|0|0|0|0,0|0|0.199999928|0|0|0|0
6430,6430,6,3,3,255,255,0,0,0,0.0166666675,,19,0,19,0,3,0,,0|0|0.199999928|0|0|0|0,0|0|0.199999928|0|0|0|0
6431,6431,6,3,3,255,255,0,0,0,0.0166666675,,19,0,19,0,3,0,,0|0|0.199999928|0|0|0|0,0|0|0.199999928|0|0|0|0
6432,6432,6,3,3,255,255,0,0,0,0.0166666675,,19,0,19,0,3,0,,0|0|0.199999928|0|0|0|0,0|0|0.199999928|0|0|0|0
6433,6433,6,3,3,255,255,0,0,0,0.0166666675,,19,0,19,0,3,0,,0|0|0.199999928|0|0|0|0,0|0|0.199999928|0|0|0|0
6434,6434,6,3,3,255,255,0,0,0,0.0166666675,,19,0,19,0,3,0,,0|0|0.199999928|0|0|0|0,0|0|0.199999928|0|0|0|0
6435,6435,6,3,3,255,255,0,0,0,0.0166666675,,19,0,19,0,3,0,,0|0|0.199999928|0|0|0|0,0|0|0.199999928|0|0|0|0
6436,6436,6,3,3,255,255,0,0,0,0.0166666675,,19,0,19,0,3,0,,0|0|0.199999928|0|0|0|0,0|0|0.199999928|0|0|0|0
6437,6437,6,3,3,255,255,0,0,0,0.0166666675,,19,0,19,0,3,0,,0|0|0.199999928|0|0|0|0,0|0|0.199999928|0|0|0|0
6438,6438,6,3,3,255,255,0,0,0,0.0166666675,,19,0,19,0,3,0,,0|0|0.199999928|0|0|0|0,0|0|0.199999928|0|0|0|0
6439,6439,6,3,3,255,255,0,0,0,0.0166666675,,19,0,19,0,3,0,,0|0|0.199999928|0|0|0|0,0|0|0.199999928|0|0|0|0
6440,6440,6,3,3,255,255,0,0,0,0.0166666675,,19,0,19,0,3,0,,0|0|0.199999928|0|0|0|0,0|0|0.199999928|0|0|0|0
6441,6441,6,3,3,255,255,0,0,0,0.0166666675,,19,0,19,0,3,0,,0|0|0.199999928|0|0|0|0,0|0|0.199999928|0|0|0|0
6442,6442,6,3,3,255,255,0,0,0,0.0166666675,,19,0,19,0,3,0,,0|0|0.199999928|0|0|0|0,0|0|0.199999928|0|0|0|0
6443,6443,6,3,3,255,255,0,0,0,0.0166666675,,19,0,19,0,3,0,,0|0|0.199999928|0|0|0|0,0|0|0.199999928|0|0|0|0
6444,6444,6,3,3,255,255,0,0,0,0.0166666675,,19,0,19,0,3,0,,0|0|0.199999928|0|0|0|0,0|0|0.199999928|0|0|0|0
6445,6445,6,3,3,255,255,0,0,0,0.0166666675,,19,0,19,0,3,0,,0|0|0.199999928|0|0|0|0,0|0|0.199999928|0|0|0|0
6446,6446,6,3,3,255,255,0,0,0,0.0166666675,,19,0,19,0,3,0,,0|0|0.199999928|0|0|0|0,0|0|0.199999928|0|0|0|0
6447,6447,6,3,3,255,255,0,0,0,0.0166666675,,19,0,19,0,3,0,,0|0|0.199999928|0|0|0|0,0|0|0.199999928|0|0|0|0
6448,6448,6,3,3,255,255,0,0,0,0.0166666675,,19,0,19,0,3,0,,0|0|0.199999928|0|0|0|0,0|0|0.199999928|0|0|0|0
6449,6449,6,3,3,255,255,0,0,0,0.0166666675,,19,0,19,0,3,0,,0|0|0.199999928|0|0|0|0,0|0|0.199999928|0|0|0|0
6450,6450,6,3,3,255,255,0,0,0,0.0166666675,,19,0,19,0,3,0,,0|0|0.199999928|0|0|0|0,0|0|0.199999928|0|0|0|0
6451,6451,6,3,3,255,255,0,0,0,0.0166666675,,19,0,19,0,3,0,,0|0|0.199999928|0|0|0|0,0|0|0.199999928|0|0|0|0
6452,6452,6,3,3,255,255,0,0,0,0.0166666675,,19,0,19,0,3,0,,0|0|0.199999928|0|0|0|0,0|0|0.199999928|0|0|0|0
6453,6453,6,3,3,255,255,0,0,0,0.0166666675,,19,0,19,0,3,0,,0|0|0.199999928|0|0|0|0,0|0|0.199999928|0|0|0|0
6454,6454,6,3,3,255,255,0,0,0,0.0166666675,,19,0,19,0,3,0,,0|0|0.199999928|0|0|0|0,0|0|0.199999928|0|0|0|0
6455,6455,6,3,3,255,255,0,0,0,0.0166666675,,19,0,19,0,3,0,,0|0|0.199999928|0|0|0|0,0|0|0.199999928|0|0|0|0
6456,6456,6,3,3,255,255,0,0,0,0.0166666675,,19,0,19,0,3,0,,0|0|0.199999928|0|0|0|0,0|0|0.199999928|0|0|0|0
6457,6457,6,3,3,255,255,0,0,0,0.0166666675,,19,0,19,0,3,0,,0|0|0.199999928|0|0|0|0,0|0|0.199999928|0|0|0|0
6458,6458,6,3,3,255,255,0,0,0,0.0166666675,,19,0,19,0,3,0,,0|0|0.199999928|0|0|0|0,0|0|0.199999928|0|0|0|0
6459,6459,6,3,3,255,255,0,0,0,0.0166666675,,19,0,19,0,3,0,,0|0|0.199999928|0|0|0|0,0|0|0.199999928|0|0|0|0
6460,6460,6,3,3,255,255,0,0,0,0.0166666675,,19,0,19,0,3,0,,0|0|0.199999928|0|0|0|0,0|0|0.199999928|0|0|0|0
6461,6461,6,3,3,255,255,0,0,0,0.0166666675,,19,0,19,0,3,0,,0|0|0.199999928|0|0|0|0,0|0|0.199999928|0|0|0|0
6462,6462,6,3,3,255,255,0,0,0,0.0166666675,,19,0,19,0,3,0,,0|0|0.199999928|0|0|0|0,0|0|0.199999928|0|0|0|0
6463,6463,6,3,3,255,255,0,0,0,0.0166666675,,19,0,19,0,3,0,,0|0|0.199999928|0|0|0|0,0|0|0.199999928|0|0|0|0
6464,6464,6,3,3,255,255,0,0,0,0.0166666675,,19,0,19,0,3,0,,0|0|0.199999928|0|0|0|0,0|0|0.199999928|0|0|0|0
6465,6465,6,3,3,255,255,0,0,0,0.0166666675,,19,0,19,0,3,0,,0|0|0.199999928|0|0|0|0,0|0|0.199999928|0|0|0|0
6466,6466,6,3,3,255,255,0,0,0,0.0166666675,,19,0,19,0,3,0,,0|0|0.199999928|0|0|0|0,0|0|0.199999928|0|0|0|0
6467,6467,6,3,3,255,255,0,0,0,0.0166666675,,19,0,19,0,3,0,,0|0|0.199999928|0|0|0|0,0|0|0.199999928|0|0|0|0
6468,6468,6,3,3,255,255,0,0,0,0.0166666675,,19,0,19,0,3,0,,0|0|0.199999928|0|0|0|0,0|0|0.199999928|0|0|0|0
6469,6469,6,3,3,255,255,0,0,0,0.0166666675,,19,0,19,0,3,0,,0|0|0.199999928|0|0|0|0,0|0|0.199999928|0|0|0|0
6470,6470,6,3,3,255,255,0,0,0,0.0166666675,,19,0,19,0,3,0,,0|0|0.199999928|0|0|0|0,0|0|0.199999928|0|0|0|0
6471,6471,6,3,3,255,255,0,0,0,0.0166666675,,19,0,19,0,3,0,,0|0|0.199999928|0|0|0|0,0|0|0.199999928|0|0|0|0
6472,6472,6,3,3,255,255,0,0,0,0.0166666675,,19,0,19,0,3,0,,0|0|0.199999928|0|0|0|0,0|0|0.199999928|0|0|0|0
6473,6473,6,3,3,255,255,0,0,0,0.0166666675,,19,0,19,0,3,0,,0|0|0.199999928|0|0|0|0,0|0|0.199999928|0|0|0|0
6474,6474,6,3,3,255,255,0,0,0,0.0166666675,,19,0,19,0,3,0,,0|0|0.199999928|0|0|0|0,0|0|0.199999928|0|0|0|0
6475,6475,6,3,3,255,255,0,0,0,0.0166666675,,19,0,19,0,3,0,,0|0|0.199999928|0|0|0|0,0|0|0.199999928|0|0|0|0
6476,6476,6,3,3,255,255,0,0,0,0.0166666675,,19,0,19,0,3,0,,0|0|0.199999928|0|0|0|0,0|0|0.199999928|0|0|0|0
6477,6477,6,3,3,255,255,0,0,0,0.0166666675,,19,0,19,0,3,0,,0|0|0.199999928|0|0|0|0,0|0|0.199999928|0|0|0|0
6478,6478,6,3,3,255,255,0,0,0,0.0166666675,,19,0,19,0,3,0,,0|0|0.199999928|0|0|0|0,0|0|0.199999928|0|0|0|0
6479,6479,6,3,3,255,255,0,0,0,0.0166666675,,19,0,19,0,3,0,,0|0|0.199999928|0|0|0|0,0|0|0.199999928|0|0|0|0
6480,6480,6,3,3,255,255,0,0,0,0.0166666675,,19,0,19,0,3,0,,0|0|0.199999928|0|0|0|0,0|0|0.199999928|0|0|0|0
6481,6481,6,3,3,255,255,0,0,0,0.0166666675,,19,0,19,0,3,0,,0|0|0.199999928|0|0|0|0,0|0|0.199999928|0|0|0|0
6482,6482,6,3,3,255,255,0,0,0,0.0166666675,,19,0,19,0,3,0,,0|0|0.199999928|0|0|0|0,0|0|0.199999928|0|0|0|0
6483,6483,6,3,3,255,255,0,0,0,0.0166666675,,19,0,19,0,3,0,,0|0|0.199999928|0|0|0|0,0|0|0.199999928|0|0|0|0
6484,6484,6,3,3,255,255,0,0,0,0.0166666675,,19,0,19,0,3,0,,0|0|0.199999928|0|0|0|0,0|0|0.199999928|0|0|0|0
6485,6485,6,3,3,255,255,0,0,0,0.0166666675,,19,0,19,0,3,0,,0|0|0.199999928|0|0|0|0,0|0|0.199999928|0|0|0|0
6486,6486,6,3,3,255,255,0,0,0,0.0166666675,,19,0,19,0,3,0,,0|0|0.199999928|0|0|0|0,0|0|0.199999928|0|0|0|0
6487,6487,6,3,3,255,255,0,0,0,0.0166666675,,19,0,19,0,3,0,,0|0|0.199999928|0|0|0|0,0|0|0.199999928|0|0|0|0
6488,6488,6,3,3,255,255,0,0,0,0.0166666675,,19,0,19,0,3,0,,0|0|0.199999928|0|0|0|0,0|0|0.199999928|0|0|0|0
6489,6489,6,3,3,255,255,0,0,0,0.0166666675,,19,0,19,0,3,0,,0|0|0.199999928|0|0|0|0,0|0|0.199999928|0|0|0|0
6490,6490,6,3,3,255,255,0,0,0,0.0166666675,,19,0,19,0,3,0,,0|0|0.199999928|0|0|0|0,0|0|0.199999928|0|0|0|0
6491,6491,6,3,3,255,255,0,0,0,0.0166666675,,19,0,19,0,3,0,,0|0|0.199999928|0|0|0|0,0|0|0.199999928|0|0|0|0
6492,6492,6,3,3,255,255,0,0,0,0.0166666675,,19,0,19,0,3,0,,0|0|0.199999928|0|0|0|0,0|0|0.199999928|0|0|0|0
6493,6493,6,3,3,255,255,0,0,0,0.0166666675,,19,0,19,0,3,0,,0|0|0.199999928|0|0|0|0,0|0|0.199999928|0|0|0|0
6494,6494,6,3,3,255,255,0,0,0,0.0166666675,,19,0,19,0,3,0,,0|0|0.199999928|0|0|0|0,0|0|0.199999928|0|0|0|0
6495,6495,6,3,3,255,255,0,0,0,0.0166666675,,19,0,19,0,3,0,,0|0|0.199999928|0|0|0|0,0|0|0.199999928|0|0|0|0
6496,6496,6,3,3,255,255,0,0,0,0.0166666675,,19,0,19,0,3,0,,0|0|0.199999928|0|0|0|0,0|0|0.199999928|0|0|0|0
6497,6497,6,3,3,255,255,0,0,0,0.0166666675,,19,0,19,0,3,0,,0|0|0.199999928|0|0|0|0,0|0|0.199999928|0|0|0|0
6498,6498,6,3,3,255,255,0,0,0,0.0166666675,,19,0,19,0,3,0,,0|0|0.199999928|0|0|0|0,0|0|0.199999928|0|0|0|0
6499,6499,6,3,3,255,255,0,0,0,0.0166666675,,19,0,19,0,3,0,,0|0|0.199999928|0|0|0|0,0|0|0.199999928|0|0|0|0
6500,6500,6,3,3,255,255,0,0,0,0.0166666675,,19,0,19,0,3,0,,0|0|0.199999928|0|0|0|0,0|0|0.199999928|0|0|0|0
6501,6501,6,3,3,255,255,0,0,0,0.0166666675,,19,0,19,0,3,0,,0|0|0.199999928|0|0|0|0,0|0|0.199999928|0|0|0|0
6502,6502,6,3,3,255,255,0,0,0,0.0166666675,,19,0,19,0,3,0,,0|0|0.199999928|0|0|0|0,0|0|0.199999928|0|0|0|0
6503,6503,6,3,3,255,255,0,0,0,0.0166666675,,19,0,19,0,3,0,,0|0|0.199999928|0|0|0|0,0|0|0.199999928|0|0|0|0
6504,6504,6,3,3,255,255,0,0,0,0.0166666675,,19,0,19,0,3,0,,0|0|0.199999928|0|0|0|0,0|0|0.199999928|0|0|0|0
6505,6505,6,3,3,255,255,0,0,0,0.0166666675,,19,0,19,0,3,0,,0|0|0.199999928|0|0|0|0,0|0|0.199999928|0|0|0|0
6506,6506,6,3,3,255,255,0,0,0,0.0166666675,,19,0,19,0,3,0,,0|0|0.199999928|0|0|0|0,0|0|0.199999928|0|0|0|0
6507,6507,6,3,3,255,255,0,0,0,0.0166666675,,19,0,19,0,3,0,,0|0|0.199999928|0|0|0|0,0|0|0.199999928|0|0|0|0
6508,6508,6,3,3,255,255,0,0,0,0.0166666675,,19,0,19,0,3,0,,0|0|0.199999928|0|0|0|0,0|0|0.199999928|0|0|0|0
6509,6509,6,3,3,255,255,0,0,0,0.0166666675,,19,0,19,0,3,0,,0|0|0.199999928|0|0|0|0,0|0|0.199999928|0|0|0|0
6510,6510,6,3,3,255,255,0,0,0,0.0166666675,,19,0,19,0,3,0,,0|0|0.199999928|0|0|0|0,0|0|0.199999928|0|0|0|0
6511,6511,6,3,3,255,255,0,0,0,0.0166666675,,19,0,19,0,3,0,,0|0|0.199999928|0|0|0|0,0|0|0.199999928|0|0|0|0
6512,6512,6,3,3,255,255,0,0,0,0.0166666675,,19,0,19,0,3,0,,0|0|0.199999928|0|0|0|0,0|0|0.199999928|0|0|0|0
6513,6513,6,3,3,255,255,0,0,0,0.0166666675,,19,0,19,0,3,0,,0|0|0.199999928|0|0|0|0,0|0|0.199999928|0|0|0|0
6514,6514,6,3,3,255,255,0,0,0,0.0166666675,,19,0,19,0,3,0,,0|0|0.199999928|0|0|0|0,0|0|0.199999928|0|0|0|0
6515,6515,6,3,3,255,255,0,0,0,0.0166666675,,19,0,19,0,3,0,,0|0|0.199999928|0|0|0|0,0|0|0.199999928|0|0|0|0
6516,6516,6,3,3,255,255,0,0,0,0.0166666675,,19,0,19,0,3,0,,0|0|0.199999928|0|0|0|0,0|0|0.199999928|0|0|0|0
6517,6517,6,3,3,255,255,0,0,0,0.0166666675,,19,0,19,0,3,0,,0|0|0.199999928|0|0|0|0,0|0|0.199999928|0|0|0|0
6518,6518,6,3,3,255,255,0,0,0,0.0166666675,,19,0,19,0,3,0,,0|0|0.199999928|0|0|0|0,0|0|0.199999928|0|0|0|0
6519,6519,6,3,3,255,255,0,0,0,0.0166666675,,19,0,19,0,3,0,,0|0|0.199999928|0|0|0|0,0|0|0.199999928|0|0|0|0
6520,6520,6,3,3,255,255,0,0,0,0.0166666675,,19,0,19,0,3,0,,0|0|0.199999928|0|0|0|0,0|0|0.199999928|0|0|0|0
6521,6521,6,3,3,255,255,0,0,0,0.0166666675,,19,0,19,0,3,0,,0|0|0.199999928|0|0|0|0,0|0|0.199999928|0|0|0|0
6522,6522,6,3,3,255,255,0,0,0,0.0166666675,,19,0,19,0,3,0,,0|0|0.199999928|0|0|0|0,0|0|0.199999928|0|0|0|0
6523,6523,6,3,3,255,255,0,0,0,0.0166666675,,19,0,19,0,3,0,,0|0|0.199999928|0|0|0|0,0|0|0.199999928|0|0|0|0
6524,6524,6,3,3,255,255,0,0,0,0.0166666675,,19,0,19,0,3,0,,0|0|0.199999928|0|0|0|0,0|0|0.199999928|0|0|0|0
6525,6525,6,3,3,255,255,0,0,0,0.0166666675,,19,0,19,0,3,0,,0|0|0.199999928|0|0|0|0,0|0|0.199999928|0|0|0|0
6526,6526,6,3,3,255,255,0,0,0,0.0166666675,,19,0,19,0,3,0,,0|0|0.199999928|0|0|0|0,0|0|0.199999928|0|0|0|0
6527,6527,6,3,3,255,255,0,0,0,0.0166666675,,19,0,19,0,3,0,,0|0|0.199999928|0|0|0|0,0|0|0.199999928|0|0|0|0
6528,6528,6,3,3,255,255,0,0,0,0.0166666675,,19,0,19,0,3,0,,0|0|0.199999928|0|0|0|0,0|0|0.199999928|0|0|0|0
6529,6529,6,3,3,255,255,0,0,0,0.0166666675,,19,0,19,0,3,0,,0|0|0.199999928|0|0|0|0,0|0|0.199999928|0|0|0|0
6530,6530,6,3,3,255,255,0,0,0,0.0166666675,,19,0,19,0,3,0,,0|0|0.199999928|0|0|0|0,0|0|0.199999928|0|0|0|0
6531,6531,6,3,3,255,255,0,0,0,0.0166666675,,19,0,19,0,3,0,,0|0|0.199999928|0|0|0|0,0|0|0.099999927|0|0|0|0
6532,6532,6,3,3,255,255,0,0,0,0.0166666675,,19,0,19,0,3,0,,0|0|0.099999927|0|0|0|0,0|0|0.099999927|0|0|0|0
6533,6533,6,3,3,255,255,0,0,0,0.0166666675,,19,0,19,0,3,0,,0|0|0.099999927|0|0|0|0,0|0|0.099999927|0|0|0|0
6534,6534,6,3,3,255,255,0,0,0,0.0166666675,,19,0,19,0,3,0,,0|0|0.099999927|0|0|0|0,0|0|0.099999927|0|0|0|0
6535,6535,6,3,3,255,255,0,0,0,0.0166666675,,19,0,19,0,3,0,,0|0|0.099999927|0|0|0|0,0|0|0.099999927|0|0|0|0
6536,6536,6,3,3,255,255,0,0,0,0.0166666675,,19,0,19,0,3,0,,0|0|0.099999927|0|0|0|0,0|0|0.099999927|0|0|0|0
6537,6537,6,3,3,255,255,0,0,0,0.0166666675,,19,0,19,0,3,0,,0|0|0.099999927|0|0|0|0,0|0|0.099999927|0|0|0|0
6538,6538,6,3,3,255,255,0,0,0,0.0166666675,,19,0,19,0,3,0,,0|0|0.099999927|0|0|0|0,0|0|0.099999927|0|0|0|0
6539,6539,6,3,3,255,255,0,0,0,0.0166666675,,19,0,19,0,3,0,,0|0|0.099999927|0|0|0|0,0|0|0.099999927|0|0|0|0
6540,6540,6,3,3,255,255,0,0,0,0.0166666675,,19,0,19,0,3,0,,0|0|0.099999927|0|0|0|0,0|0|0.099999927|0|0|0|0
6541,6541,6,3,3,255,255,0,0,0,0.0166666675,,19,0,19,0,3,0,,0|0|0.099999927|0|0|0|0,0|0|0.099999927|0|0|0|0
6542,6542,6,3,3,255,255,0,0,0,0.0166666675,,19,0,19,0,3,0,,0|0|0.099999927|0|0|0|0,0|0|0.099999927|0|0|0|0
6543,6543,6,3,3,255,255,0,0,0,0.0166666675,,19,0,19,0,3,0,,0|0|0.099999927|0|0|0|0,0|0|0.099999927|0|0|0|0
6544,6544,6,3,3,255,255,0,0,0,0.0166666675,,19,0,19,0,3,0,,0|0|0.099999927|0|0|0|0,0|0|0.099999927|0|0|0|0
6545,6545,6,3,3,255,255,0,0,0,0.0166666675,,19,0,19,0,3,0,,0|0|0.099999927|0|0|0|0,0|0|0.099999927|0|0|0|0
6546,6546,6,3,3,255,255,0,0,0,0.0166666675,,19,0,19,0,3,0,,0|0|0.099999927|0|0|0|0,0|0|0.099999927|0|0|0|0
6547,6547,6,3,3,255,255,0,0,0,0.0166666675,,19,0,19,0,3,0,,0|0|0.099999927|0|0|0|0,0|0|0.099999927|0|0|0|0
6548,6548,6,3,3,255,255,0,0,0,0.0166666675,,19,0,19,0,3,0,,0|0|0.099999927|0|0|0|0,0|0|0.099999927|0|0|0|0
6549,6549,6,3,3,255,255,0,0,0,0.0166666675,,19,0,19,0,3,0,,0|0|0.099999927|0|0|0|0,0|0|0.099999927|0|0|0|0
6550,6550,6,3,3,255,255,0,0,0,0.0166666675,,19,0,19,0,3,0,,0|0|0.099999927|0|0|0|0,0|0|0.099999927|0|0|0|0
6551,6551,6,3,3,255,255,0,0,0,0.0166666675,,19,0,19,0,3,0,,0|0|0.099999927|0|0|0|0,0|0|0.099999927|0|0|0|0
6552,6552,6,3,3,255,255,0,0,0,0.0166666675,,19,0,19,0,3,0,,0|0|0.099999927|0|0|0|0,0|0|0.099999927|0|0|0|0
6553,6553,6,3,3,255,255,0,0,0,0.0166666675,,19,0,19,0,3,0,,0|0|0.099999927|0|0|0|0,0|0|0.099999927|0|0|0|0
6554,6554,6,3,3,255,255,0,0,0,0.0166666675,,19,0,19,0,3,0,,0|0|0.099999927|0|0|0|0,0|0|0.099999927|0|0|0|0
6555,6555,6,3,3,255,255,0,0,0,0.0166666675,,19,0,19,0,3,0,,0|0|0.099999927|0|0|0|0,0|0|0.099999927|0|0|0|0
6556,6556,6,3,3,255,255,0,0,0,0.0166666675,,19,0,19,0,3,0,,0|0|0.099999927|0|0|0|0,0|0|0.099999927|0|0|0|0
6557,6557,6,3,3,255,255,0,0,0,0.0166666675,,19,0,19,0,3,0,,0|0|0.099999927|0|0|0|0,0|0|0.099999927|0|0|0|0
6558,6558,6,3,3,255,255,0,0,0,0.0166666675,,19,0,19,0,3,0,,0|0|0.099999927|0|0|0|0,0|0|0.099999927|0|0|0|0
6559,6559,6,3,3,255,255,0,0,0,0.0166666675,,19,0,19,0,3,0,,0|0|0.099999927|0|0|0|0,0|0|0.099999927|0|0|0|0
6560,6560,6,3,3,255,255,0,0,0,0.0166666675,,19,0,19,0,3,0,,0|0|0.099999927|0|0|0|0,0|0|0.099999927|0|0|0|0
6561,6561,6,3,3,255,255,0,0,0,0.0166666675,,19,0,19,0,3,0,,0|0|0.099999927|0|0|0|0,0|0|0.099999927|0|0|0|0
6562,6562,6,3,3,255,255,0,0,0,0.0166666675,,19,0,19,0,3,0,,0|0|0.099999927|0|0|0|0,0|0|0.099999927|0|0|0|0
6563,6563,6,3,3,255,255,0,0,0,0.0166666675,,19,0,19,0,3,0,,0|0|0.099999927|0|0|0|0,0|0|0.099999927|0|0|0|0
6564,6564,6,3,3,255,255,0,0,0,0.0166666675,,19,0,19,0,3,0,,0|0|0.099999927|0|0|0|0,0|0|0.099999927|0|0|0|0
6565,6565,6,3,3,255,255,0,0,0,0.0166666675,,19,0,19,0,3,0,,0|0|0.099999927|0|0|0|0,0|0|0.099999927|0|0|0|0
6566,6566,6,3,3,255,255,0,0,0,0.0166666675,,19,0,19,0,3,0,,0|0|0.099999927|0|0|0|0,0|0|0.099999927|0|0|0|0
6567,6567,6,3,3,255,255,0,0,0,0.0166666675,,19,0,19,0,3,0,,0|0|0.099999927|0|0|0|0,0|0|0.099999927|0|0|0|0
6568,6568,6,3,3,255,255,0,0,0,0.0166666675,,19,0,19,0,3,0,,0|0|0.099999927|0|0|0|0,0|0|0.099999927|0|0|0|0
6569,6569,6,3,3,255,255,0,0,0,0.0166666675,,19,0,19,0,3,0,,0|0|0.099999927|0|0|0|0,0|0|0.099999927|0|0|0|0
6570,6570,6,3,3,255,255,0,0,0,0.0166666675,,19,0,19,0,3,0,,0|0|0.099999927|0|0|0|0,0|0|0.099999927|0|0|0|0
6571,6571,6,3,3,255,255,0,0,0,0.0166666675,,19,0,19,0,3,0,,0|0|0.099999927|0|0|0|0,0|0|0.099999927|0|0|0|0
6572,6572,6,3,3,255,255,0,0,0,0.0166666675,,19,0,19,0,3,0,,0|0|0.099999927|0|0|0|0,0|0|0.099999927|0|0|0|0
6573,6573,6,3,3,255,255,0,0,0,0.0166666675,,19,0,19,0,3,0,,0|0|0.099999927|0|0|0|0,0|0|0.099999927|0|0|0|0
6574,6574,6,3,3,255,255,0,0,0,0.0166666675,,19,0,19,0,3,0,,0|0|0.099999927|0|0|0|0,0|0|0.099999927|0|0|0|0
6575,6575,6,3,3,255,255,0,0,0,0.0166666675,,19,0,19,0,3,0,,0|0|0.099999927|0|0|0|0,0|0|0.099999927|0|0|0|0
6576,6576,6,3,3,255,255,0,0,0,0.0166666675,,19,0,19,0,3,0,,0|0|0.099999927|0|0|0|0,0|0|0.099999927|0|0|0|0
6577,6577,6,3,3,255,255,0,0,0,0.0166666675,,19,0,19,0,3,0,,0|0|0.099999927|0|0|0|0,0|0|0.099999927|0|0|0|0
6578,6578,6,3,3,255,255,0,0,0,0.0166666675,,19,0,19,0,3,0,,0|0|0.099999927|0|0|0|0,0|0|0.099999927|0|0|0|0
6579,6579,6,3,3,255,255,0,0,0,0.0166666675,,19,0,19,0,3,0,,0|0|0.099999927|0|0|0|0,0|0|0.099999927|0|0|0|0
6580,6580,6,3,3,255,255,0,0,0,0.0166666675,,19,0,19,0,3,0,,0|0|0.099999927|0|0|0|0,0|0|0.099999927|0|0|0|0
6581,6581,6,3,3,255,255,0,0,0,0.0166666675,,19,0,19,0,3,0,,0|0|0.099999927|0|0|0|0,0|0|0.099999927|0|0|0|0
6582,6582,6,3,3,255,255,0,0,0,0.0166666675,,19,0,19,0,3,0,,0|0|0.099999927|0|0|0|0,0|0|0.099999927|0|0|0|0
6583,6583,6,3,3,255,255,0,0,0,0.0166666675,,19,0,19,0,3,0,,0|0|0.099999927|0|0|0|0,0|0|0.099999927|0|0|0|0
6584,6584,6,3,3,255,255,0,0,0,0.0166666675,,19,0,19,0,3,0,,0|0|0.099999927|0|0|0|0,0|0|0.099999927|0|0|0|0
6585,6585,6,3,3,255,255,0,0,0,0.0166666675,,19,0,19,0,3,0,,0|0|0.099999927|0|0|0|0,0|0|0.099999927|0|0|0|0
6586,6586,6,3,3,255,255,0,0,0,0.0166666675,,19,0,19,0,3,0,,0|0|0.099999927|0|0|0|0,0|0|0.099999927|0|0|0|0
6587,6587,6,3,3,255,255,0,0,0,0.0166666675,,19,0,19,0,3,0,,0|0|0.099999927|0|0|0|0,0|0|0.099999927|0|0|0|0
6588,6588,6,3,3,255,255,0,0,0,0.0166666675,,19,0,19,0,3,0,,0|0|0.099999927|0|0|0|0,0|0|0.099999927|0|0|0|0
6589,6589,6,3,3,255,255,0,0,0,0.0166666675,,19,0,19,0,3,0,,0|0|0.099999927|0|0|0|0,0|0|0.099999927|0|0|0|0
6590,6590,6,3,3,255,255,0,0,0,0.0166666675,,19,0,19,0,3,0,,0|0|0.099999927|0|0|0|0,0|0|0.099999927|0|0|0|0
6591,6591,6,3,3,255,255,0,0,0,0.0166666675,,19,0,19,0,3,0,,0|0|0.099999927|0|0|0|0,0|0|0.099999927|0|0|0|0
6592,6592,6,3,3,255,255,0,0,0,0.0166666675,,19,0,19,0,3,0,,0|0|0.099999927|0|0|0|0,0|0|0.099999927|0|0|0|0
6593,6593,6,3,3,255,255,0,0,0,0.0166666675,,19,0,19,0,3,0,,0|0|0.099999927|0|0|0|0,0|0|0.099999927|0|0|0|0
6594,6594,6,3,3,255,255,0,0,0,0.0166666675,,19,0,19,0,3,0,,0|0|0.099999927|0|0|0|0,0|0|0.099999927|0|0|0|0
6595,6595,6,3,3,255,255,0,0,0,0.0166666675,,19,0,19,0,3,0,,0|0|0.099999927|0|0|0|0,0|0|0.099999927|0|0|0|0
6596,6596,6,3,3,255,255,0,0,0,0.0166666675,,19,0,19,0,3,0,,0|0|0.099999927|0|0|0|0,0|0|0.099999927|0|0|0|0
6597,6597,6,3,3,255,255,0,0,0,0.0166666675,,19,0,19,0,3,0,,0|0|0.099999927|0|0|0|0,0|0|0.099999927|0|0|0|0
6598,6598,6,3,3,255,255,0,0,0,0.0166666675,,19,0,19,0,3,0,,0|0|0.099999927|0|0|0|0,0|0|0.099999927|0|0|0|0
6599,6599,6,3,3,255,255,0,0,0,0.0166666675,,19,0,19,0,3,0,,0|0|0.099999927|0|0|0|0,0|0|0.099999927|0|0|0|0
6600,6600,6,3,3,255,255,0,0,0,0.0166666675,,19,0,19,0,3,0,,0|0|0.099999927|0|0|0|0,0|0|0.099999927|0|0|0|0
6601,6601,6,3,3,255,255,0,0,0,0.0166666675,,19,0,19,0,3,0,,0|0|0.099999927|0|0|0|0,0|0|0.099999927|0|0|0|0
6602,6602,6,3,3,255,255,0,0,0,0.0166666675,,19,0,19,0,3,0,,0|0|0.099999927|0|0|0|0,0|0|0.099999927|0|0|0|0
6603,6603,6,3,3,255,255,0,0,0,0.0166666675,,19,0,19,0,3,0,,0|0|0.099999927|0|0|0|0,0|0|0.099999927|0|0|0|0
6604,6604,6,3,3,255,255,0,0,0,0.0166666675,,19,0,19,0,3,0,,0|0|0.099999927|0|0|0|0,0|0|0.099999927|0|0|0|0
6605,6605,6,3,3,255,255,0,0,0,0.0166666675,,19,0,19,0,3,0,,0|0|0.099999927|0|0|0|0,0|0|0.099999927|0|0|0|0
6606,6606,6,3,3,255,255,0,0,0,0.0166666675,,19,0,19,0,3,0,,0|0|0.099999927|0|0|0|0,0|0|0.099999927|0|0|0|0
6607,6607,6,3,3,255,255,0,0,0,0.0166666675,,19,0,19,0,3,0,,0|0|0.099999927|0|0|0|0,0|0|0.099999927|0|0|0|0
6608,6608,6,3,3,255,255,0,0,0,0.0166666675,,19,0,19,0,3,0,,0|0|0.099999927|0|0|0|0,0|0|0.099999927|0|0|0|0
6609,6609,6,3,3,255,255,0,0,0,0.0166666675,,19,0,19,0,3,0,,0|0|0.099999927|0|0|0|0,0|0|0.099999927|0|0|0|0
6610,6610,6,3,3,255,255,0,0,0,0.0166666675,,19,0,19,0,3,0,,0|0|0.099999927|0|0|0|0,0|0|0.099999927|0|0|0|0
6611,6611,6,3,3,255,255,0,0,0,0.0166666675,,19,0,19,0,3,0,,0|0|0.099999927|0|0|0|0,0|0|0.099999927|0|0|0|0
6612,6612,6,3,3,255,255,0,0,0,0.0166666675,,19,0,19,0,3,0,,0|0|0.099999927|0|0|0|0,0|0|0.099999927|0|0|0|0
6613,6613,6,3,3,255,255,0,0,0,0.0166666675,,19,0,19,0,3,0,,0|0|0.099999927|0|0|0|0,0|0|0.099999927|0|0|0|0
6614,6614,6,3,3,255,255,0,0,0,0.0166666675,,19,0,19,0,3,0,,0|0|0.099999927|0|0|0|0,0|0|0.099999927|0|0|0|0
6615,6615,6,3,3,255,255,0,0,0,0.0166666675,,19,0,19,0,3,0,,0|0|0.099999927|0|0|0|0,0|0|0.099999927|0|0|0|0
6616,6616,6,3,3,255,255,0,0,0,0.0166666675,,19,0,19,0,3,0,,0|0|0.099999927|0|0|0|0,0|0|0.099999927|0|0|0|0
6617,6617,6,3,3,255,255,0,0,0,0.0166666675,,19,0,19,0,3,0,,0|0|0.099999927|0|0|0|0,0|0|0.099999927|0|0|0|0
6618,6618,6,3,3,255,255,0,0,0,0.0166666675,,19,0,19,0,3,0,,0|0|0.099999927|0|0|0|0,0|0|0.099999927|0|0|0|0
6619,6619,6,3,3,255,255,0,0,0,0.0166666675,,19,0,19,0,3,0,,0|0|0.099999927|0|0|0|0,0|0|0.099999927|0|0|0|0
6620,6620,6,3,3,255,255,0,0,0,0.0166666675,,19,0,19,0,3,0,,0|0|0.099999927|0|0|0|0,0|0|0.099999927|0|0|0|0
6621,6621,6,3,3,255,255,0,0,0,0.0166666675,,19,0,19,0,3,0,,0|0|0.099999927|0|0|0|0,0|0|0.099999927|0|0|0|0
6622,6622,6,3,3,255,255,0,0,0,0.0166666675,,19,0,19,0,3,0,,0|0|0.099999927|0|0|0|0,0|0|0.099999927|0|0|0|0
6623,6623,6,3,3,255,255,0,0,0,0.0166666675,,19,0,19,0,3,0,,0|0|0.099999927|0|0|0|0,0|0|0.099999927|0|0|0|0
6624,6624,6,3,3,255,255,0,0,0,0.0166666675,,19,0,19,0,3,0,,0|0|0.099999927|0|0|0|0,0|0|0.099999927|0|0|0|0
6625,6625,6,3,3,255,255,0,0,0,0.0166666675,,19,0,19,0,3,0,,0|0|0.099999927|0|0|0|0,0|0|0.099999927|0|0|0|0
6626,6626,6,3,3,255,255,0,0,0,0.0166666675,,19,0,19,0,3,0,,0|0|0.099999927|0|0|0|0,0|0|0.099999927|0|0|0|0
6627,6627,6,3,3,255,255,0,0,0,0.0166666675,,19,0,19,0,3,0,,0|0|0.099999927|0|0|0|0,0|0|0.099999927|0|0|0|0
6628,6628,6,3,3,255,255,0,0,0,0.0166666675,,19,0,19,0,3,0,,0|0|0.099999927|0|0|0|0,0|0|0.099999927|0|0|0|0
6629,6629,6,3,3,255,255,0,0,0,0.0166666675,,19,0,19,0,3,0,,0|0|0.099999927|0|0|0|0,0|0|0.099999927|0|0|0|0
6630,6630,6,3,3,255,255,0,0,0,0.0166666675,,19,0,19,0,3,0,,0|0|0.099999927|0|0|0|0,0|0|0.099999927|0|0|0|0
6631,6631,6,3,3,255,255,0,0,0,0.0166666675,,19,0,19,0,3,0,,0|0|0.099999927|0|0|0|0,0|0|0.099999927|0|0|0|0
6632,6632,6,3,3,255,255,0,0,0,0.0166666675,,19,0,19,0,3,0,,0|0|0.099999927|0|0|0|0,0|0|0.099999927|0|0|0|0
6633,6633,6,3,3,255,255,0,0,0,0.0166666675,,19,0,19,0,3,0,,0|0|0.099999927|0|0|0|0,0|0|0.099999927|0|0|0|0
6634,6634,6,3,3,255,255,0,0,0,0.0166666675,,19,0,19,0,3,0,,0|0|0.099999927|0|0|0|0,0|0|0.099999927|0|0|0|0
6635,6635,6,3,3,255,255,0,0,0,0.0166666675,,19,0,19,0,3,0,,0|0|0.099999927|0|0|0|0,0|0|0.099999927|0|0|0|0
6636,6636,6,3,3,255,255,0,0,0,0.0166666675,,19,0,19,0,3,0,,0|0|0.099999927|0|0|0|0,0|0|0.099999927|0|0|0|0
6637,6637,6,3,3,255,255,0,0,0,0.0166666675,,19,0,19,0,3,0,,0|0|0.099999927|0|0|0|0,0|0|0.099999927|0|0|0|0
6638,6638,6,3,3,255,255,0,0,0,0.0166666675,,19,0,19,0,3,0,,0|0|0.099999927|0|0|0|0,0|0|0.099999927|0|0|0|0
6639,6639,6,3,3,255,255,0,0,0,0.0166666675,,19,0,19,0,3,0,,0|0|0.099999927|0|0|0|0,0|0|0.099999927|0|0|0|0
6640,6640,6,3,3,255,255,0,0,0,0.0166666675,,19,0,19,0,3,0,,0|0|0.099999927|0|0|0|0,0|0|0.099999927|0|0|0|0
6641,6641,6,3,3,255,255,0,0,0,0.0166666675,,19,0,19,0,3,0,,0|0|0.099999927|0|0|0|0,0|0|0.099999927|0|0|0|0
6642,6642,6,3,3,255,255,0,0,0,0.0166666675,,19,0,19,0,3,0,,0|0|0.099999927|0|0|0|0,0|0|0.099999927|0|0|0|0
6643,6643,6,3,3,255,255,0,0,0,0.0166666675,,19,0,19,0,3,0,,0|0|0.099999927|0|0|0|0,0|0|0.099999927|0|0|0|0
6644,6644,6,3,3,255,255,0,0,0,0.0166666675,,19,0,19,0,3,0,,0|0|0.099999927|0|0|0|0,0|0|0.099999927|0|0|0|0
6645,6645,6,3,3,255,255,0,0,0,0.0166666675,,19,0,19,0,3,0,,0|0|0.099999927|0|0|0|0,0|0|0.099999927|0|0|0|0
6646,6646,6,3,3,255,255,0,0,0,0.0166666675,,19,0,19,0,3,0,,0|0|0.099999927|0|0|0|0,0|0|0.099999927|0|0|0|0
6647,6647,6,3,3,255,255,0,0,0,0.0166666675,,19,0,19,0,3,0,,0|0|0.099999927|0|0|0|0,0|0|0.099999927|0|0|0|0
6648,6648,6,3,3,255,255,0,0,0,0.0166666675,,19,0,19,0,3,0,,0|0|0.099999927|0|0|0|0,0|0|0.099999927|0|0|0|0
6649,6649,6,3,3,255,255,0,0,0,0.0166666675,,19,0,19,0,3,0,,0|0|0.099999927|0|0|0|0,0|0|0.099999927|0|0|0|0
6650,6650,6,3,3,255,255,0,0,0,0.0166666675,,19,0,19,0,3,0,,0|0|0.099999927|0|0|0|0,0|0|0.099999927|0|0|0|0
6651,6651,6,3,3,255,255,0,0,0,0.0166666675,,19,0,19,0,3,0,,0|0|0.099999927|0|0|0|0,0|0|0.099999927|0|0|0|0
6652,6652,6,3,3,255,255,0,0,0,0.0166666675,,19,0,19,0,3,0,,0|0|0.099999927|0|0|0|0,0|0|0.099999927|0|0|0|0
6653,6653,6,3,3,255,255,0,0,0,0.0166666675,,19,0,19,0,3,0,,0|0|0.099999927|0|0|0|0,0|0|0.099999927|0|0|0|0
6654,6654,6,3,3,255,255,0,0,0,0.0166666675,,19,0,19,0,3,0,,0|0|0.099999927|0|0|0|0,0|0|0.099999927|0|0|0|0
6655,6655,6,3,3,255,255,0,0,0,0.0166666675,,19,0,19,0,3,0,,0|0|0.099999927|0|0|0|0,0|0|0.099999927|0|0|0|0
6656,6656,6,3,3,255,255,0,0,0,0.0166666675,,19,0,19,0,3,0,,0|0|0.099999927|0|0|0|0,0|0|0.099999927|0|0|0|0
6657,6657,6,3,3,255,255,0,0,0,0.0166666675,,19,0,19,0,3,0,,0|0|0.099999927|0|0|0|0,0|0|0.099999927|0|0|0|0
6658,6658,6,3,3,255,255,0,0,0,0.0166666675,,19,0,19,0,3,0,,0|0|0.099999927|0|0|0|0,0|0|0.099999927|0|0|0|0
6659,6659,6,3,3,255,255,0,0,0,0.0166666675,,19,0,19,0,3,0,,0|0|0.099999927|0|0|0|0,0|0|0.099999927|0|0|0|0
6660,6660,6,3,3,255,255,0,0,0,0.0166666675,,19,0,19,0,3,0,,0|0|0.099999927|0|0|0|0,0|0|0.099999927|0|0|0|0
6661,6661,6,3,3,255,255,0,0,0,0.0166666675,,19,0,19,0,3,0,,0|0|0.099999927|0|0|0|0,0|0|0.099999927|0|0|0|0
6662,6662,6,3,3,255,255,0,0,0,0.0166666675,,19,0,19,0,3,0,,0|0|0.099999927|0|0|0|0,0|0|0.099999927|0|0|0|0
6663,6663,6,3,3,255,255,0,0,0,0.0166666675,,19,0,19,0,3,0,,0|0|0.099999927|0|0|0|0,0|0|0.099999927|0|0|0|0
6664,6664,6,3,3,255,255,0,0,0,0.0166666675,,19,0,19,0,3,0,,0|0|0.099999927|0|0|0|0,0|0|0.099999927|0|0|0|0
6665,6665,6,3,3,255,255,0,0,0,0.0166666675,,19,0,19,0,3,0,,0|0|0.099999927|0|0|0|0,0|0|0.099999927|0|0|0|0
6666,6666,6,3,3,255,255,0,0,0,0.0166666675,,19,0,19,0,3,0,,0|0|0.099999927|0|0|0|0,0|0|0.099999927|0|0|0|0
6667,6667,6,3,3,255,255,0,0,0,0.0166666675,,19,0,19,0,3,0,,0|0|0.099999927|0|0|0|0,0|0|0.099999927|0|0|0|0
6668,6668,6,3,3,255,255,0,0,0,0.0166666675,,19,0,19,0,3,0,,0|0|0.099999927|0|0|0|0,0|0|0.099999927|0|0|0|0
6669,6669,6,3,3,255,255,0,0,0,0.0166666675,,19,0,19,0,3,0,,0|0|0.099999927|0|0|0|0,0|0|0.099999927|0|0|0|0
6670,6670,6,3,3,255,255,0,0,0,0.0166666675,,19,0,19,0,3,0,,0|0|0.099999927|0|0|0|0,0|0|0.099999927|0|0|0|0
6671,6671,6,3,3,255,255,0,0,0,0.0166666675,,19,0,19,0,3,0,,0|0|0.099999927|0|0|0|0,0|0|0.099999927|0|0|0|0
6672,6672,6,3,3,255,255,0,0,0,0.0166666675,,19,0,19,0,3,0,,0|0|0.099999927|0|0|0|0,0|0|0.099999927|0|0|0|0
6673,6673,6,3,3,255,255,0,0,0,0.0166666675,,19,0,19,0,3,0,,0|0|0.099999927|0|0|0|0,0|0|0.099999927|0|0|0|0
6674,6674,6,3,3,255,255,0,0,0,0.0166666675,,19,0,19,0,3,0,,0|0|0.099999927|0|0|0|0,0|0|0.099999927|0|0|0|0
6675,6675,6,3,3,255,255,0,0,0,0.0166666675,,19,0,19,0,3,0,,0|0|0.099999927|0|0|0|0,0|0|0.099999927|0|0|0|0
6676,6676,6,3,3,255,255,0,0,0,0.0166666675,,19,0,19,0,3,0,,0|0|0.099999927|0|0|0|0,0|0|0.099999927|0|0|0|0
6677,6677,6,3,3,255,255,0,0,0,0.0166666675,,19,0,19,0,3,0,,0|0|0.099999927|0|0|0|0,0|0|0.099999927|0|0|0|0
6678,6678,6,3,3,255,255,0,0,0,0.0166666675,,19,0,19,0,3,0,,0|0|0.099999927|0|0|0|0,0|0|0.099999927|0|0|0|0
6679,6679,6,3,3,255,255,0,0,0,0.0166666675,,19,0,19,0,3,0,,0|0|0.099999927|0|0|0|0,0|0|0.099999927|0|0|0|0
6680,6680,6,3,3,255,255,0,0,0,0.0166666675,,19,0,19,0,3,0,,0|0|0.099999927|0|0|0|0,0|0|0.099999927|0|0|0|0
6681,6681,6,3,3,255,255,0,0,0,0.0166666675,,19,0,19,0,3,0,,0|0|0.099999927|0|0|0|0,0|0|0.099999927|0|0|0|0
6682,6682,6,3,3,255,255,0,0,0,0.0166666675,,19,0,19,0,3,0,,0|0|0.099999927|0|0|0|0,0|0|0.099999927|0|0|0|0
6683,6683,6,3,3,255,255,0,0,0,0.0166666675,,19,0,19,0,3,0,,0|0|0.099999927|0|0|0|0,0|0|0.099999927|0|0|0|0
6684,6684,6,3,3,255,255,0,0,0,0.0166666675,,19,0,19,0,3,0,,0|0|0.099999927|0|0|0|0,0|0|0.099999927|0|0|0|0
6685,6685,6,3,3,255,255,0,0,0,0.0166666675,,19,0,19,0,3,0,,0|0|0.099999927|0|0|0|0,0|0|0.099999927|0|0|0|0
6686,6686,6,3,3,255,255,0,0,0,0.0166666675,,19,0,19,0,3,0,,0|0|0.099999927|0|0|0|0,0|0|0.099999927|0|0|0|0
6687,6687,6,3,3,255,255,0,0,0,0.0166666675,,19,0,19,0,3,0,,0|0|0.099999927|0|0|0|0,0|0|0.099999927|0|0|0|0
6688,6688,6,3,3,255,255,0,0,0,0.0166666675,,19,0,19,0,3,0,,0|0|0.099999927|0|0|0|0,0|0|0.099999927|0|0|0|0
6689,6689,6,3,3,255,255,0,0,0,0.0166666675,,19,0,19,0,3,0,,0|0|0.099999927|0|0|0|0,0|0|0.099999927|0|0|0|0
6690,6690,6,3,3,255,255,0,0,0,0.0166666675,,19,0,19,0,3,0,,0|0|0.099999927|0|0|0|0,0|0|0.099999927|0|0|0|0
6691,6691,6,3,3,255,255,0,0,0,0.0166666675,,19,0,19,0,3,0,,0|0|0.099999927|0|0|0|0,0|0|0.099999927|0|0|0|0
6692,6692,6,3,3,255,255,0,0,0,0.0166666675,,19,0,19,0,3,0,,0|0|0.099999927|0|0|0|0,0|0|0.099999927|0|0|0|0
6693,6693,6,3,3,255,255,0,0,0,0.0166666675,,19,0,19,0,3,0,,0|0|0.099999927|0|0|0|0,0|0|0.099999927|0|0|0|0
6694,6694,6,3,3,255,255,0,0,0,0.0166666675,,19,0,19,0,3,0,,0|0|0.099999927|0|0|0|0,0|0|0.099999927|0|0|0|0
6695,6695,6,3,3,255,255,0,0,0,0.0166666675,,19,0,19,0,3,0,,0|0|0.099999927|0|0|0|0,0|0|0.099999927|0|0|0|0
6696,6696,6,3,3,255,255,0,0,0,0.0166666675,,19,0,19,0,3,0,,0|0|0.099999927|0|0|0|0,0|0|0.099999927|0|0|0|0
6697,6697,6,3,3,255,255,0,0,0,0.0166666675,,19,0,19,0,3,0,,0|0|0.099999927|0|0|0|0,0|0|0.099999927|0|0|0|0
6698,6698,6,3,3,255,255,0,0,0,0.0166666675,,19,0,19,0,3,0,,0|0|0.099999927|0|0|0|0,0|0|0.099999927|0|0|0|0
6699,6699,6,3,3,255,255,0,0,0,0.0166666675,,19,0,19,0,3,0,,0|0|0.099999927|0|0|0|0,0|0|0.099999927|0|0|0|0
6700,6700,6,3,3,255,255,0,0,0,0.0166666675,,19,0,19,0,3,0,,0|0|0.099999927|0|0|0|0,0|0|0.099999927|0|0|0|0
6701,6701,6,3,3,255,255,0,0,0,0.0166666675,,19,0,19,0,3,0,,0|0|0.099999927|0|0|0|0,0|0|0.099999927|0|0|0|0
6702,6702,6,3,3,255,255,0,0,0,0.0166666675,,19,0,19,0,3,0,,0|0|0.099999927|0|0|0|0,0|0|0.099999927|0|0|0|0
6703,6703,6,3,3,255,255,0,0,0,0.0166666675,,19,0,19,0,3,0,,0|0|0.099999927|0|0|0|0,0|0|0.099999927|0|0|0|0
6704,6704,6,3,3,255,255,0,0,0,0.0166666675,,19,0,19,0,3,0,,0|0|0.099999927|0|0|0|0,0|0|0.099999927|0|0|0|0
6705,6705,6,3,3,255,255,0,0,0,0.0166666675,,19,0,19,0,3,0,,0|0|0.099999927|0|0|0|0,0|0|0.099999927|0|0|0|0
6706,6706,6,3,3,255,255,0,0,0,0.0166666675,,19,0,19,0,3,0,,0|0|0.099999927|0|0|0|0,0|0|0.099999927|0|0|0|0
6707,6707,6,3,3,255,255,0,0,0,0.0166666675,,19,0,19,0,3,0,,0|0|0.099999927|0|0|0|0,0|0|0.099999927|0|0|0|0
6708,6708,6,3,3,255,255,0,0,0,0.0166666675,,19,0,19,0,3,0,,0|0|0.099999927|0|0|0|0,0|0|0.099999927|0|0|0|0
6709,6709,6,3,3,255,255,0,0,0,0.0166666675,,19,0,19,0,3,0,,0|0|0.099999927|0|0|0|0,0|0|0.099999927|0|0|0|0
6710,6710,6,3,3,255,255,0,0,0,0.0166666675,,19,0,19,0,3,0,,0|0|0.099999927|0|0|0|0,0|0|0.099999927|0|0|0|0
6711,6711,6,3,3,255,255,0,0,0,0.0166666675,,19,0,19,0,3,0,,0|0|0.099999927|0|0|0|0,0|0|0.099999927|0|0|0|0
6712,6712,6,3,3,255,255,0,0,0,0.0166666675,,19,0,19,0,3,0,,0|0|0.099999927|0|0|0|0,0|0|0.099999927|0|0|0|0
6713,6713,6,3,3,255,255,0,0,0,0.0166666675,,19,0,19,0,3,0,,0|0|0.099999927|0|0|0|0,0|0|0.099999927|0|0|0|0
6714,6714,6,3,3,255,255,0,0,0,0.0166666675,,19,0,19,0,3,0,,0|0|0.099999927|0|0|0|0,0|0|0.099999927|0|0|0|0
6715,6715,6,3,3,255,255,0,0,0,0.0166666675,,19,0,19,0,3,0,,0|0|0.099999927|0|0|0|0,0|0|0.099999927|0|0|0|0
6716,6716,6,3,3,255,255,0,0,0,0.0166666675,,19,0,19,0,3,0,,0|0|0.099999927|0|0|0|0,0|0|0.099999927|0|0|0|0
6717,6717,6,3,3,255,255,0,0,0,0.0166666675,,19,0,19,0,3,0,,0|0|0.099999927|0|0|0|0,0|0|0.099999927|0|0|0|0
6718,6718,6,3,3,255,255,0,0,0,0.0166666675,,19,0,19,0,3,0,,0|0|0.099999927|0|0|0|0,0|0|0.099999927|0|0|0|0
6719,6719,6,3,3,255,255,0,0,0,0.0166666675,,19,0,19,0,3,0,,0|0|0.099999927|0|0|0|0,0|0|0.099999927|0|0|0|0
6720,6720,6,3,3,255,255,0,0,0,0.0166666675,,19,0,19,0,3,0,,0|0|0.099999927|0|0|0|0,0|0|0.099999927|0|0|0|0
6721,6721,6,3,3,255,255,0,0,0,0.0166666675,,19,0,19,0,3,0,,0|0|0.099999927|0|0|0|0,0|0|0.099999927|0|0|0|0
6722,6722,6,3,3,255,255,0,0,0,0.0166666675,,19,0,19,0,3,0,,0|0|0.099999927|0|0|0|0,0|0|0.099999927|0|0|0|0
6723,6723,6,3,3,255,255,0,0,0,0.0166666675,,19,0,19,0,3,0,,0|0|0.099999927|0|0|0|0,0|0|0.099999927|0|0|0|0
6724,6724,6,3,3,255,255,0,0,0,0.0166666675,,19,0,19,0,3,0,,0|0|0.099999927|0|0|0|0,0|0|0.099999927|0|0|0|0
6725,6725,6,3,3,255,255,0,0,0,0.0166666675,,19,0,19,0,3,0,,0|0|0.099999927|0|0|0|0,0|0|0.099999927|0|0|0|0
6726,6726,6,3,3,255,255,0,0,0,0.0166666675,,19,0,19,0,3,0,,0|0|0.099999927|0|0|0|0,0|0|0.099999927|0|0|0|0
6727,6727,6,3,3,255,255,0,0,0,0.0166666675,,19,0,19,0,3,0,,0|0|0.099999927|0|0|0|0,0|0|0.099999927|0|0|0|0
6728,6728,6,3,3,255,255,0,0,0,0.0166666675,,19,0,19,0,3,0,,0|0|0.099999927|0|0|0|0,0|0|0.099999927|0|0|0|0
6729,6729,6,3,3,255,255,0,0,0,0.0166666675,,19,0,19,0,3,0,,0|0|0.099999927|0|0|0|0,0|0|0.099999927|0|0|0|0
6730,6730,6,3,3,255,255,0,0,0,0.0166666675,,19,0,19,0,3,0,,0|0|0.099999927|0|0|0|0,0|0|0.099999927|0|0|0|0
6731,6731,6,3,3,255,255,0,0,0,0.0166666675,,19,0,19,0,3,0,,0|0|0.099999927|0|0|0|0,0|0|0.099999927|0|0|0|0
6732,6732,6,3,3,255,255,0,0,0,0.0166666675,,19,0,19,0,3,0,,0|0|0.099999927|0|0|0|0,0|0|0.099999927|0|0|0|0
6733,6733,6,3,3,255,255,0,0,0,0.0166666675,,19,0,19,0,3,0,,0|0|0.099999927|0|0|0|0,0|0|0.099999927|0|0|0|0
6734,6734,6,3,3,255,255,0,0,0,0.0166666675,,19,0,19,0,3,0,,0|0|0.099999927|0|0|0|0,0|0|0.099999927|0|0|0|0
6735,6735,6,3,3,255,255,0,0,0,0.0166666675,,19,0,19,0,3,0,,0|0|0.099999927|0|0|0|0,0|0|0.099999927|0|0|0|0
6736,6736,6,3,3,255,255,0,0,0,0.0166666675,,19,0,19,0,3,0,,0|0|0.099999927|0|0|0|0,0|0|0.099999927|0|0|0|0
6737,6737,6,3,3,255,255,0,0,0,0.0166666675,,19,0,19,0,3,0,,0|0|0.099999927|0|0|0|0,0|0|0.099999927|0|0|0|0
6738,6738,6,3,3,255,255,0,0,0,0.0166666675,,19,0,19,0,3,0,,0|0|0.099999927|0|0|0|0,0|0|0.099999927|0|0|0|0
6739,6739,6,3,3,255,255,0,0,0,0.0166666675,,19,0,19,0,3,0,,0|0|0.099999927|0|0|0|0,0|0|0.099999927|0|0|0|0
6740,6740,6,3,3,255,255,0,0,0,0.0166666675,,19,0,19,0,3,0,,0|0|0.099999927|0|0|0|0,0|0|0.099999927|0|0|0|0
6741,6741,6,3,3,255,255,0,0,0,0.0166666675,,19,0,19,0,3,0,,0|0|0.099999927|0|0|0|0,0|0|0.099999927|0|0|0|0
6742,6742,6,3,3,255,255,0,0,0,0.0166666675,,19,0,19,0,3,0,,0|0|0.099999927|0|0|0|0,0|0|0.099999927|0|0|0|0
6743,6743,6,3,3,255,255,0,0,0,0.0166666675,,19,0,19,0,3,0,,0|0|0.099999927|0|0|0|0,0|0|0.099999927|0|0|0|0
6744,6744,6,3,3,255,255,0,0,0,0.0166666675,,19,0,19,0,3,0,,0|0|0.099999927|0|0|0|0,0|0|0.099999927|0|0|0|0
6745,6745,6,3,3,255,255,0,0,0,0.0166666675,,19,0,19,0,3,0,,0|0|0.099999927|0|0|0|0,0|0|0.099999927|0|0|0|0
6746,6746,6,3,3,255,255,0,0,0,0.0166666675,,19,0,19,0,3,0,,0|0|0.099999927|0|0|0|0,0|0|0.099999927|0|0|0|0
6747,6747,6,3,3,255,255,0,0,0,0.0166666675,,19,0,19,0,3,0,,0|0|0.099999927|0|0|0|0,0|0|0.099999927|0|0|0|0
6748,6748,6,3,3,255,255,0,0,0,0.0166666675,,19,0,19,0,3,0,,0|0|0.099999927|0|0|0|0,0|0|0.099999927|0|0|0|0
6749,6749,6,3,3,255,255,0,0,0,0.0166666675,,19,0,19,0,3,0,,0|0|0.099999927|0|0|0|0,0|0|0.099999927|0|0|0|0
6750,6750,6,3,3,255,255,0,0,0,0.0166666675,,19,0,19,0,3,0,,0|0|0.099999927|0|0|0|0,0|0|0.099999927|0|0|0|0
6751,6751,6,3,3,255,255,0,0,0,0.0166666675,,19,0,19,0,3,0,,0|0|0.099999927|0|0|0|0,0|0|0.099999927|0|0|0|0
6752,6752,6,3,3,255,255,0,0,0,0.0166666675,,19,0,19,0,3,0,,0|0|0.099999927|0|0|0|0,0|0|0.099999927|0|0|0|0
6753,6753,6,3,3,255,255,0,0,0,0.0166666675,,19,0,19,0,3,0,,0|0|0.099999927|0|0|0|0,0|0|0.099999927|0|0|0|0
6754,6754,6,3,3,255,255,0,0,0,0.0166666675,,19,0,19,0,3,0,,0|0|0.099999927|0|0|0|0,0|0|0.099999927|0|0|0|0
6755,6755,6,3,3,255,255,0,0,0,0.0166666675,,19,0,19,0,3,0,,0|0|0.099999927|0|0|0|0,0|0|0.099999927|0|0|0|0
6756,6756,6,3,3,255,255,0,0,0,0.0166666675,,19,0,19,0,3,0,,0|0|0.099999927|0|0|0|0,0|0|0.099999927|0|0|0|0
6757,6757,6,3,3,255,255,0,0,0,0.0166666675,,19,0,19,0,3,0,,0|0|0.099999927|0|0|0|0,0|0|0.099999927|0|0|0|0
6758,6758,6,3,3,255,255,0,0,0,0.0166666675,,19,0,19,0,3,0,,0|0|0.099999927|0|0|0|0,0|0|0.099999927|0|0|0|0
6759,6759,6,3,3,255,255,0,0,0,0.0166666675,,19,0,19,0,3,0,,0|0|0.099999927|0|0|0|0,0|0|0.099999927|0|0|0|0
6760,6760,6,3,3,255,255,0,0,0,0.0166666675,,19,0,19,0,3,0,,0|0|0.099999927|0|0|0|0,0|0|0.099999927|0|0|0|0
6761,6761,6,3,3,255,255,0,0,0,0.0166666675,,19,0,19,0,3,0,,0|0|0.099999927|0|0|0|0,0|0|0.099999927|0|0|0|0
6762,6762,6,3,3,255,255,0,0,0,0.0166666675,,19,0,19,0,3,0,,0|0|0.099999927|0|0|0|0,0|0|0.099999927|0|0|0|0
6763,6763,6,3,3,255,255,0,0,0,0.0166666675,,19,0,19,0,3,0,,0|0|0.099999927|0|0|0|0,0|0|0.099999927|0|0|0|0
6764,6764,6,3,3,255,255,0,0,0,0.0166666675,,19,0,19,0,3,0,,0|0|0.099999927|0|0|0|0,0|0|0.099999927|0|0|0|0
6765,6765,6,3,3,255,255,0,0,0,0.0166666675,,19,0,19,0,3,0,,0|0|0.099999927|0|0|0|0,0|0|0.099999927|0|0|0|0
6766,6766,6,3,3,255,255,0,0,0,0.0166666675,,19,0,19,0,3,0,,0|0|0.099999927|0|0|0|0,0|0|0.099999927|0|0|0|0
6767,6767,6,3,3,255,255,0,0,0,0.0166666675,,19,0,19,0,3,0,,0|0|0.099999927|0|0|0|0,0|0|0.099999927|0|0|0|0
6768,6768,6,3,3,255,255,0,0,0,0.0166666675,,19,0,19,0,3,0,,0|0|0.099999927|0|0|0|0,0|0|0.099999927|0|0|0|0
6769,6769,6,3,3,255,255,0,0,0,0.0166666675,,19,0,19,0,3,0,,0|0|0.099999927|0|0|0|0,0|0|0.099999927|0|0|0|0
6770,6770,6,3,3,255,255,0,0,0,0.0166666675,,19,0,19,0,3,0,,0|0|0.099999927|0|0|0|0,0|0|0.099999927|0|0|0|0
6771,6771,6,3,3,255,255,0,0,0,0.0166666675,,19,0,19,0,3,0,,0|0|0.099999927|0|0|0|0,0|0|0.099999927|0|0|0|0
6772,6772,6,3,3,255,255,0,0,0,0.0166666675,,19,0,19,0,3,0,,0|0|0.099999927|0|0|0|0,0|0|0.099999927|0|0|0|0
6773,6773,6,3,3,255,255,0,0,0,0.0166666675,,19,0,19,0,3,0,,0|0|0.099999927|0|0|0|0,0|0|0.099999927|0|0|0|0
6774,6774,6,3,3,255,255,0,0,0,0.0166666675,,19,0,19,0,3,0,,0|0|0.099999927|0|0|0|0,0|0|0.099999927|0|0|0|0
6775,6775,6,3,3,255,255,0,0,0,0.0166666675,,19,0,19,0,3,0,,0|0|0.099999927|0|0|0|0,0|0|0.099999927|0|0|0|0
6776,6776,6,3,3,255,255,0,0,0,0.0166666675,,19,0,19,0,3,0,,0|0|0.099999927|0|0|0|0,0|0|0.099999927|0|0|0|0
6777,6777,6,3,3,255,255,0,0,0,0.0166666675,,19,0,19,0,3,0,,0|0|0.099999927|0|0|0|0,0|0|0.099999927|0|0|0|0
6778,6778,6,3,3,255,255,0,0,0,0.0166666675,,19,0,19,0,3,0,,0|0|0.099999927|0|0|0|0,0|0|-7.4505806e-08|0|0|0|0
6779,6779,6,3,3,255,255,0,0,0,0.0166666675,,19,0,-1,0,,1,0x45bd67,0|0|-7.4505806e-08|0|0|0|0,0|0|0|0|0|0|0
6992,6992,6,1,1,0,0,0,0,0,0.0166666675,AOIL,19,0,19,0,,0,,0|0|1|0|0|0|0,0|0|1|0|0|0|0
6993,6993,6,1,1,255,0,0,0,0,0.0166666675,,19,0,19,0,2,0,,0|0|1|0|0|0|0,0|0|0.899999976|0|0|0|0
6994,6994,6,1,1,255,255,0,0,0,0.0166666675,,19,0,19,0,3,0,,0|0|0.899999976|0|0|0|0,0|0|0.899999976|0|0|0|0
6995,6995,6,1,1,255,255,0,0,0,0.0166666675,,19,0,19,0,3,0,,0|0|0.899999976|0|0|0|0,0|0|0.899999976|0|0|0|0
6996,6996,6,1,1,255,255,0,0,0,0.0166666675,,19,0,19,0,3,0,,0|0|0.899999976|0|0|0|0,0|0|0.899999976|0|0|0|0
6997,6997,6,1,1,255,255,0,0,0,0.0166666675,,19,0,19,0,3,0,,0|0|0.899999976|0|0|0|0,0|0|0.899999976|0|0|0|0
6998,6998,6,1,1,255,255,0,0,0,0.0166666675,,19,0,19,0,3,0,,0|0|0.899999976|0|0|0|0,0|0|0.899999976|0|0|0|0
6999,6999,6,1,1,255,255,0,0,0,0.0166666675,,19,0,19,0,3,0,,0|0|0.899999976|0|0|0|0,0|0|0.899999976|0|0|0|0
7000,7000,6,1,1,255,255,0,0,0,0.0166666675,,19,0,19,0,3,0,,0|0|0.899999976|0|0|0|0,0|0|0.899999976|0|0|0|0
7001,7001,6,1,1,255,255,0,0,0,0.0166666675,,19,0,19,0,3,0,,0|0|0.899999976|0|0|0|0,0|0|0.899999976|0|0|0|0
7002,7002,6,1,1,255,255,0,0,0,0.0166666675,,19,0,19,0,3,0,,0|0|0.899999976|0|0|0|0,0|0|0.899999976|0|0|0|0
7003,7003,6,1,1,255,255,0,0,0,0.0166666675,,19,0,19,0,3,0,,0|0|0.899999976|0|0|0|0,0|0|0.899999976|0|0|0|0
7004,7004,6,1,1,255,255,0,0,0,0.0166666675,,19,0,19,0,3,0,,0|0|0.899999976|0|0|0|0,0|0|0.899999976|0|0|0|0
7005,7005,6,1,1,255,255,0,0,0,0.0166666675,,19,0,19,0,3,0,,0|0|0.899999976|0|0|0|0,0|0|0.899999976|0|0|0|0
7006,7006,6,1,1,255,255,0,0,0,0.0166666675,,19,0,19,0,3,0,,0|0|0.899999976|0|0|0|0,0|0|0.899999976|0|0|0|0
7007,7007,6,1,1,255,255,0,0,0,0.0166666675,,19,0,19,0,3,0,,0|0|0.899999976|0|0|0|0,0|0|0.899999976|0|0|0|0
7008,7008,6,1,1,255,255,0,0,0,0.0166666675,,19,0,19,0,3,0,,0|0|0.899999976|0|0|0|0,0|0|0.899999976|0|0|0|0
7009,7009,6,1,1,255,255,0,0,0,0.0166666675,,19,0,19,0,3,0,,0|0|0.899999976|0|0|0|0,0|0|0.899999976|0|0|0|0
7010,7010,6,1,1,255,255,0,0,0,0.0166666675,,19,0,19,0,3,0,,0|0|0.899999976|0|0|0|0,0|0|0.899999976|0|0|0|0
7011,7011,6,1,1,255,255,0,0,0,0.0166666675,,19,0,19,0,3,0,,0|0|0.899999976|0|0|0|0,0|0|0.899999976|0|0|0|0
7012,7012,6,1,1,255,255,0,0,0,0.0166666675,,19,0,19,0,3,0,,0|0|0.899999976|0|0|0|0,0|0|0.899999976|0|0|0|0
7013,7013,6,1,1,255,255,0,0,0,0.0166666675,,19,0,19,0,3,0,,0|0|0.899999976|0|0|0|0,0|0|0.899999976|0|0|0|0
7014,7014,6,1,1,255,255,0,0,0,0.0166666675,,19,0,19,0,3,0,,0|0|0.899999976|0|0|0|0,0|0|0.899999976|0|0|0|0
7015,7015,6,1,1,255,255,0,0,0,0.0166666675,,19,0,19,0,3,0,,0|0|0.899999976|0|0|0|0,0|0|0.899999976|0|0|0|0
7016,7016,6,1,1,255,255,0,0,0,0.0166666675,,19,0,19,0,3,0,,0|0|0.899999976|0|0|0|0,0|0|0.899999976|0|0|0|0
7017,7017,6,1,1,255,255,0,0,0,0.0166666675,,19,0,19,0,3,0,,0|0|0.899999976|0|0|0|0,0|0|0.899999976|0|0|0|0
7018,7018,6,1,1,255,255,0,0,0,0.0166666675,,19,0,19,0,3,0,,0|0|0.899999976|0|0|0|0,0|0|0.899999976|0|0|0|0
7019,7019,6,1,1,255,255,0,0,0,0.0166666675,,19,0,19,0,3,0,,0|0|0.899999976|0|0|0|0,0|0|0.899999976|0|0|0|0
7020,7020,6,1,1,255,255,0,0,0,0.0166666675,,19,0,19,0,3,0,,0|0|0.899999976|0|0|0|0,0|0|0.899999976|0|0|0|0
7021,7021,6,1,1,255,255,0,0,0,0.0166666675,,19,0,19,0,3,0,,0|0|0.899999976|0|0|0|0,0|0|0.899999976|0|0|0|0
7022,7022,6,1,1,255,255,0,0,0,0.0166666675,,19,0,19,0,3,0,,0|0|0.899999976|0|0|0|0,0|0|0.899999976|0|0|0|0
7023,7023,6,1,1,255,255,0,0,0,0.0166666675,,19,0,19,0,3,0,,0|0|0.899999976|0|0|0|0,0|0|0.899999976|0|0|0|0
7024,7024,6,1,1,255,255,0,0,0,0.0166666675,,19,0,19,0,3,0,,0|0|0.899999976|0|0|0|0,0|0|0.899999976|0|0|0|0
7025,7025,6,1,1,255,255,0,0,0,0.0166666675,,19,0,19,0,3,0,,0|0|0.899999976|0|0|0|0,0|0|0.899999976|0|0|0|0
7026,7026,6,1,1,255,255,0,0,0,0.0166666675,,19,0,19,0,3,0,,0|0|0.899999976|0|0|0|0,0|0|0.899999976|0|0|0|0
7027,7027,6,1,1,255,255,0,0,0,0.0166666675,,19,0,19,0,3,0,,0|0|0.899999976|0|0|0|0,0|0|0.899999976|0|0|0|0
7028,7028,6,1,1,255,255,0,0,0,0.0166666675,,19,0,19,0,3,0,,0|0|0.899999976|0|0|0|0,0|0|0.899999976|0|0|0|0
7029,7029,6,1,1,255,255,0,0,0,0.0166666675,,19,0,19,0,3,0,,0|0|0.899999976|0|0|0|0,0|0|0.899999976|0|0|0|0
7030,7030,6,1,1,255,255,0,0,0,0.0166666675,,19,0,19,0,3,0,,0|0|0.899999976|0|0|0|0,0|0|0.899999976|0|0|0|0
7031,7031,6,1,1,255,255,0,0,0,0.0166666675,,19,0,19,0,3,0,,0|0|0.899999976|0|0|0|0,0|0|0.899999976|0|0|0|0
7032,7032,6,1,1,255,255,0,0,0,0.0166666675,,19,0,19,0,3,0,,0|0|0.899999976|0|0|0|0,0|0|0.899999976|0|0|0|0
7033,7033,6,1,1,255,255,0,0,0,0.0166666675,,19,0,19,0,3,0,,0|0|0.899999976|0|0|0|0,0|0|0.899999976|0|0|0|0
7034,7034,6,1,1,255,255,0,0,0,0.0166666675,,19,0,19,0,3,0,,0|0|0.899999976|0|0|0|0,0|0|0.899999976|0|0|0|0
7035,7035,6,1,1,255,255,0,0,0,0.0166666675,,19,0,19,0,3,0,,0|0|0.899999976|0|0|0|0,0|0|0.899999976|0|0|0|0
7036,7036,6,1,1,255,255,0,0,0,0.0166666675,,19,0,19,0,3,0,,0|0|0.899999976|0|0|0|0,0|0|0.899999976|0|0|0|0
7037,7037,6,1,1,255,255,0,0,0,0.0166666675,,19,0,19,0,3,0,,0|0|0.899999976|0|0|0|0,0|0|0.899999976|0|0|0|0
7038,7038,6,1,1,255,255,0,0,0,0.0166666675,,19,0,19,0,3,0,,0|0|0.899999976|0|0|0|0,0|0|0.899999976|0|0|0|0
7039,7039,6,1,1,255,255,0,0,0,0.0166666675,,19,0,19,0,3,0,,0|0|0.899999976|0|0|0|0,0|0|0.899999976|0|0|0|0
7040,7040,6,1,1,255,255,0,0,0,0.0166666675,,19,0,19,0,3,0,,0|0|0.899999976|0|0|0|0,0|0|0.899999976|0|0|0|0
7041,7041,6,1,1,255,255,0,0,0,0.0166666675,,19,0,19,0,3,0,,0|0|0.899999976|0|0|0|0,0|0|0.899999976|0|0|0|0
7042,7042,6,1,1,255,255,0,0,0,0.0166666675,,19,0,19,0,3,0,,0|0|0.899999976|0|0|0|0,0|0|0.899999976|0|0|0|0
7043,7043,6,1,1,255,255,0,0,0,0.0166666675,,19,0,19,0,3,0,,0|0|0.899999976|0|0|0|0,0|0|0.899999976|0|0|0|0
7044,7044,6,1,1,255,255,0,0,0,0.0166666675,,19,0,19,0,3,0,,0|0|0.899999976|0|0|0|0,0|0|0.899999976|0|0|0|0
7045,7045,6,1,1,255,255,0,0,0,0.0166666675,,19,0,19,0,3,0,,0|0|0.899999976|0|0|0|0,0|0|0.899999976|0|0|0|0
7046,7046,6,1,1,255,255,0,0,0,0.0166666675,,19,0,19,0,3,0,,0|0|0.899999976|0|0|0|0,0|0|0.899999976|0|0|0|0
7047,7047,6,1,1,255,255,0,0,0,0.0166666675,,19,0,19,0,3,0,,0|0|0.899999976|0|0|0|0,0|0|0.899999976|0|0|0|0
7048,7048,6,1,1,255,255,0,0,0,0.0166666675,,19,0,19,0,3,0,,0|0|0.899999976|0|0|0|0,0|0|0.899999976|0|0|0|0
7049,7049,6,1,1,255,255,0,0,0,0.0166666675,,19,0,19,0,3,0,,0|0|0.899999976|0|0|0|0,0|0|0.899999976|0|0|0|0
7050,7050,6,1,1,255,255,0,0,0,0.0166666675,,19,0,19,0,3,0,,0|0|0.899999976|0|0|0|0,0|0|0.899999976|0|0|0|0
7051,7051,6,1,1,255,255,0,0,0,0.0166666675,,19,0,19,0,3,0,,0|0|0.899999976|0|0|0|0,0|0|0.899999976|0|0|0|0
7052,7052,6,1,1,255,255,0,0,0,0.0166666675,,19,0,19,0,3,0,,0|0|0.899999976|0|0|0|0,0|0|0.899999976|0|0|0|0
7053,7053,6,1,1,255,255,0,0,0,0.0166666675,,19,0,19,0,3,0,,0|0|0.899999976|0|0|0|0,0|0|0.899999976|0|0|0|0
7054,7054,6,1,1,255,255,0,0,0,0.0166666675,,19,0,19,0,3,0,,0|0|0.899999976|0|0|0|0,0|0|0.899999976|0|0|0|0
7055,7055,6,1,1,255,255,0,0,0,0.0166666675,,19,0,19,0,3,0,,0|0|0.899999976|0|0|0|0,0|0|0.899999976|0|0|0|0
7056,7056,6,1,1,255,255,0,0,0,0.0166666675,,19,0,19,0,3,0,,0|0|0.899999976|0|0|0|0,0|0|0.899999976|0|0|0|0
7057,7057,6,1,1,255,255,0,0,0,0.0166666675,,19,0,19,0,3,0,,0|0|0.899999976|0|0|0|0,0|0|0.899999976|0|0|0|0
7058,7058,6,1,1,255,255,0,0,0,0.0166666675,,19,0,19,0,3,0,,0|0|0.899999976|0|0|0|0,0|0|0.899999976|0|0|0|0
7059,7059,6,1,1,255,255,0,0,0,0.0166666675,,19,0,19,0,3,0,,0|0|0.899999976|0|0|0|0,0|0|0.899999976|0|0|0|0
7060,7060,6,1,1,255,255,0,0,0,0.0166666675,,19,0,19,0,3,0,,0|0|0.899999976|0|0|0|0,0|0|0.899999976|0|0|0|0
7061,7061,6,1,1,255,255,0,0,0,0.0166666675,,19,0,19,0,3,0,,0|0|0.899999976|0|0|0|0,0|0|0.899999976|0|0|0|0
7062,7062,6,1,1,255,255,0,0,0,0.0166666675,,19,0,19,0,3,0,,0|0|0.899999976|0|0|0|0,0|0|0.899999976|0|0|0|0
7063,7063,6,1,1,255,255,0,0,0,0.0166666675,,19,0,19,0,3,0,,0|0|0.899999976|0|0|0|0,0|0|0.899999976|0|0|0|0
7064,7064,6,1,1,255,255,0,0,0,0.0166666675,,19,0,19,0,3,0,,0|0|0.899999976|0|0|0|0,0|0|0.899999976|0|0|0|0
7065,7065,6,1,1,255,255,0,0,0,0.0166666675,,19,0,19,0,3,0,,0|0|0.899999976|0|0|0|0,0|0|0.899999976|0|0|0|0
7066,7066,6,1,1,255,255,0,0,0,0.0166666675,,19,0,19,0,3,0,,0|0|0.899999976|0|0|0|0,0|0|0.899999976|0|0|0|0
7067,7067,6,1,1,255,255,0,0,0,0.0166666675,,19,0,19,0,3,0,,0|0|0.899999976|0|0|0|0,0|0|0.899999976|0|0|0|0
7068,7068,6,1,1,255,255,0,0,0,0.0166666675,,19,0,19,0,3,0,,0|0|0.899999976|0|0|0|0,0|0|0.899999976|0|0|0|0
7069,7069,6,1,1,255,255,0,0,0,0.0166666675,,19,0,19,0,3,0,,0|0|0.899999976|0|0|0|0,0|0|0.899999976|0|0|0|0
7070,7070,6,1,1,255,255,0,0,0,0.0166666675,,19,0,19,0,3,0,,0|0|0.899999976|0|0|0|0,0|0|0.899999976|0|0|0|0
7071,7071,6,1,1,255,255,0,0,0,0.0166666675,,19,0,19,0,3,0,,0|0|0.899999976|0|0|0|0,0|0|0.899999976|0|0|0|0
7072,7072,6,1,1,255,255,0,0,0,0.0166666675,,19,0,19,0,3,0,,0|0|0.899999976|0|0|0|0,0|0|0.899999976|0|0|0|0
7073,7073,6,1,1,255,255,0,0,0,0.0166666675,,19,0,19,0,3,0,,0|0|0.899999976|0|0|0|0,0|0|0.899999976|0|0|0|0
7074,7074,6,1,1,255,255,0,0,0,0.0166666675,,19,0,19,0,3,0,,0|0|0.899999976|0|0|0|0,0|0|0.899999976|0|0|0|0
7075,7075,6,1,1,255,255,0,0,0,0.0166666675,,19,0,19,0,3,0,,0|0|0.899999976|0|0|0|0,0|0|0.899999976|0|0|0|0
7076,7076,6,1,1,255,255,0,0,0,0.0166666675,,19,0,19,0,3,0,,0|0|0.899999976|0|0|0|0,0|0|0.899999976|0|0|0|0
7077,7077,6,1,1,255,255,0,0,0,0.0166666675,,19,0,19,0,3,0,,0|0|0.899999976|0|0|0|0,0|0|0.899999976|0|0|0|0
7078,7078,6,1,1,255,255,0,0,0,0.0166666675,,19,0,19,0,3,0,,0|0|0.899999976|0|0|0|0,0|0|0.899999976|0|0|0|0
7079,7079,6,1,1,255,255,0,0,0,0.0166666675,,19,0,19,0,3,0,,0|0|0.899999976|0|0|0|0,0|0|0.899999976|0|0|0|0
7080,7080,6,1,1,255,255,0,0,0,0.0166666675,,19,0,19,0,3,0,,0|0|0.899999976|0|0|0|0,0|0|0.899999976|0|0|0|0
7081,7081,6,1,1,255,255,0,0,0,0.0166666675,,19,0,19,0,3,0,,0|0|0.899999976|0|0|0|0,0|0|0.899999976|0|0|0|0
7082,7082,6,1,1,255,255,0,0,0,0.0166666675,,19,0,19,0,3,0,,0|0|0.899999976|0|0|0|0,0|0|0.899999976|0|0|0|0
7083,7083,6,1,1,255,255,0,0,0,0.0166666675,,19,0,19,0,3,0,,0|0|0.899999976|0|0|0|0,0|0|0.899999976|0|0|0|0
7084,7084,6,1,1,255,255,0,0,0,0.0166666675,,19,0,19,0,3,0,,0|0|0.899999976|0|0|0|0,0|0|0.899999976|0|0|0|0
7085,7085,6,1,1,255,255,0,0,0,0.0166666675,,19,0,19,0,3,0,,0|0|0.899999976|0|0|0|0,0|0|0.899999976|0|0|0|0
7086,7086,6,1,1,255,255,0,0,0,0.0166666675,,19,0,19,0,3,0,,0|0|0.899999976|0|0|0|0,0|0|0.899999976|0|0|0|0
7087,7087,6,1,1,255,255,0,0,0,0.0166666675,,19,0,19,0,3,0,,0|0|0.899999976|0|0|0|0,0|0|0.899999976|0|0|0|0
7088,7088,6,1,1,255,255,0,0,0,0.0166666675,,19,0,19,0,3,0,,0|0|0.899999976|0|0|0|0,0|0|0.899999976|0|0|0|0
7089,7089,6,1,1,255,255,0,0,0,0.0166666675,,19,0,19,0,3,0,,0|0|0.899999976|0|0|0|0,0|0|0.899999976|0|0|0|0
7090,7090,6,1,1,255,255,0,0,0,0.0166666675,,19,0,19,0,3,0,,0|0|0.899999976|0|0|0|0,0|0|0.899999976|0|0|0|0
7091,7091,6,1,1,255,255,0,0,0,0.0166666675,,19,0,19,0,3,0,,0|0|0.899999976|0|0|0|0,0|0|0.899999976|0|0|0|0
7092,7092,6,1,1,255,255,0,0,0,0.0166666675,,19,0,19,0,3,0,,0|0|0.899999976|0|0|0|0,0|0|0.899999976|0|0|0|0
7093,7093,6,1,1,255,255,0,0,0,0.0166666675,,19,0,19,0,3,0,,0|0|0.899999976|0|0|0|0,0|0|0.899999976|0|0|0|0
7094,7094,6,1,1,255,255,0,0,0,0.0166666675,,19,0,19,0,3,0,,0|0|0.899999976|0|0|0|0,0|0|0.899999976|0|0|0|0
7095,7095,6,1,1,255,255,0,0,0,0.0166666675,,19,0,19,0,3,0,,0|0|0.899999976|0|0|0|0,0|0|0.899999976|0|0|0|0
7096,7096,6,1,1,255,255,0,0,0,0.0166666675,,19,0,19,0,3,0,,0|0|0.899999976|0|0|0|0,0|0|0.899999976|0|0|0|0
7097,7097,6,1,1,255,255,0,0,0,0.0166666675,,19,0,19,0,3,0,,0|0|0.899999976|0|0|0|0,0|0|0.899999976|0|0|0|0
7098,7098,6,1,1,255,255,0,0,0,0.0166666675,,19,0,19,0,3,0,,0|0|0.899999976|0|0|0|0,0|0|0.899999976|0|0|0|0
7099,7099,6,1,1,255,255,0,0,0,0.0166666675,,19,0,19,0,3,0,,0|0|0.899999976|0|0|0|0,0|0|0.899999976|0|0|0|0
7100,7100,6,1,1,255,255,0,0,0,0.0166666675,,19,0,19,0,3,0,,0|0|0.899999976|0|0|0|0,0|0|0.899999976|0|0|0|0
7101,7101,6,1,1,255,255,0,0,0,0.0166666675,,19,0,19,0,3,0,,0|0|0.899999976|0|0|0|0,0|0|0.899999976|0|0|0|0
7102,7102,6,1,1,255,255,0,0,0,0.0166666675,,19,0,19,0,3,0,,0|0|0.899999976|0|0|0|0,0|0|0.899999976|0|0|0|0
7103,7103,6,1,1,255,255,0,0,0,0.0166666675,,19,0,19,0,3,0,,0|0|0.899999976|0|0|0|0,0|0|0.899999976|0|0|0|0
7104,7104,6,1,1,255,255,0,0,0,0.0166666675,,19,0,19,0,3,0,,0|0|0.899999976|0|0|0|0,0|0|0.899999976|0|0|0|0
7105,7105,6,1,1,255,255,0,0,0,0.0166666675,,19,0,19,0,3,0,,0|0|0.899999976|0|0|0|0,0|0|0.899999976|0|0|0|0
7106,7106,6,1,1,255,255,0,0,0,0.0166666675,,19,0,19,0,3,0,,0|0|0.899999976|0|0|0|0,0|0|0.899999976|0|0|0|0
7107,7107,6,1,1,255,255,0,0,0,0.0166666675,,19,0,19,0,3,0,,0|0|0.899999976|0|0|0|0,0|0|0.899999976|0|0|0|0
7108,7108,6,1,1,255,255,0,0,0,0.0166666675,,19,0,19,0,3,0,,0|0|0.899999976|0|0|0|0,0|0|0.899999976|0|0|0|0
7109,7109,6,1,1,255,255,0,0,0,0.0166666675,,19,0,19,0,3,0,,0|0|0.899999976|0|0|0|0,0|0|0.899999976|0|0|0|0
7110,7110,6,1,1,255,255,0,0,0,0.0166666675,,19,0,19,0,3,0,,0|0|0.899999976|0|0|0|0,0|0|0.899999976|0|0|0|0
7111,7111,6,1,1,255,255,0,0,0,0.0166666675,,19,0,19,0,3,0,,0|0|0.899999976|0|0|0|0,0|0|0.899999976|0|0|0|0
7112,7112,6,1,1,255,255,0,0,0,0.0166666675,,19,0,19,0,3,0,,0|0|0.899999976|0|0|0|0,0|0|0.899999976|0|0|0|0
7113,7113,6,1,1,255,255,0,0,0,0.0166666675,,19,0,19,0,3,0,,0|0|0.899999976|0|0|0|0,0|0|0.899999976|0|0|0|0
7114,7114,6,1,1,255,255,0,0,0,0.0166666675,,19,0,19,0,3,0,,0|0|0.899999976|0|0|0|0,0|0|0.899999976|0|0|0|0
7115,7115,6,1,1,255,255,0,0,0,0.0166666675,,19,0,19,0,3,0,,0|0|0.899999976|0|0|0|0,0|0|0.899999976|0|0|0|0
7116,7116,6,1,1,255,255,0,0,0,0.0166666675,,19,0,19,0,3,0,,0|0|0.899999976|0|0|0|0,0|0|0.899999976|0|0|0|0
7117,7117,6,1,1,255,255,0,0,0,0.0166666675,,19,0,19,0,3,0,,0|0|0.899999976|0|0|0|0,0|0|0.899999976|0|0|0|0
7118,7118,6,1,1,255,255,0,0,0,0.0166666675,,19,0,19,0,3,0,,0|0|0.899999976|0|0|0|0,0|0|0.899999976|0|0|0|0
7119,7119,6,1,1,255,255,0,0,0,0.0166666675,,19,0,19,0,3,0,,0|0|0.899999976|0|0|0|0,0|0|0.899999976|0|0|0|0
7120,7120,6,1,1,255,255,0,0,0,0.0166666675,,19,0,19,0,3,0,,0|0|0.899999976|0|0|0|0,0|0|0.899999976|0|0|0|0
7121,7121,6,1,1,255,255,0,0,0,0.0166666675,,19,0,19,0,3,0,,0|0|0.899999976|0|0|0|0,0|0|0.899999976|0|0|0|0
7122,7122,6,1,1,255,255,0,0,0,0.0166666675,,19,0,19,0,3,0,,0|0|0.899999976|0|0|0|0,0|0|0.899999976|0|0|0|0
7123,7123,6,1,1,255,255,0,0,0,0.0166666675,,19,0,19,0,3,0,,0|0|0.899999976|0|0|0|0,0|0|0.899999976|0|0|0|0
7124,7124,6,1,1,255,255,0,0,0,0.0166666675,,19,0,19,0,3,0,,0|0|0.899999976|0|0|0|0,0|0|0.899999976|0|0|0|0
7125,7125,6,1,1,255,255,0,0,0,0.0166666675,,19,0,19,0,3,0,,0|0|0.899999976|0|0|0|0,0|0|0.899999976|0|0|0|0
7126,7126,6,1,1,255,255,0,0,0,0.0166666675,,19,0,19,0,3,0,,0|0|0.899999976|0|0|0|0,0|0|0.899999976|0|0|0|0
7127,7127,6,1,1,255,255,0,0,0,0.0166666675,,19,0,19,0,3,0,,0|0|0.899999976|0|0|0|0,0|0|0.899999976|0|0|0|0
7128,7128,6,1,1,255,255,0,0,0,0.0166666675,,19,0,19,0,3,0,,0|0|0.899999976|0|0|0|0,0|0|0.899999976|0|0|0|0
7129,7129,6,1,1,255,255,0,0,0,0.0166666675,,19,0,19,0,3,0,,0|0|0.899999976|0|0|0|0,0|0|0.899999976|0|0|0|0
7130,7130,6,1,1,255,255,0,0,0,0.0166666675,,19,0,19,0,3,0,,0|0|0.899999976|0|0|0|0,0|0|0.899999976|0|0|0|0
7131,7131,6,1,1,255,255,0,0,0,0.0166666675,,19,0,19,0,3,0,,0|0|0.899999976|0|0|0|0,0|0|0.899999976|0|0|0|0
7132,7132,6,1,1,255,255,0,0,0,0.0166666675,,19,0,19,0,3,0,,0|0|0.899999976|0|0|0|0,0|0|0.899999976|0|0|0|0
7133,7133,6,1,1,255,255,0,0,0,0.0166666675,,19,0,19,0,3,0,,0|0|0.899999976|0|0|0|0,0|0|0.899999976|0|0|0|0
7134,7134,6,1,1,255,255,0,0,0,0.0166666675,,19,0,19,0,3,0,,0|0|0.899999976|0|0|0|0,0|0|0.899999976|0|0|0|0
7135,7135,6,1,1,255,255,0,0,0,0.0166666675,,19,0,19,0,3,0,,0|0|0.899999976|0|0|0|0,0|0|0.899999976|0|0|0|0
7136,7136,6,1,1,255,255,0,0,0,0.0166666675,,19,0,19,0,3,0,,0|0|0.899999976|0|0|0|0,0|0|0.899999976|0|0|0|0
7137,7137,6,1,1,255,255,0,0,0,0.0166666675,,19,0,19,0,3,0,,0|0|0.899999976|0|0|0|0,0|0|0.899999976|0|0|0|0
7138,7138,6,1,1,255,255,0,0,0,0.0166666675,,19,0,19,0,3,0,,0|0|0.899999976|0|0|0|0,0|0|0.899999976|0|0|0|0
7139,7139,6,1,1,255,255,0,0,0,0.0166666675,,19,0,19,0,3,0,,0|0|0.899999976|0|0|0|0,0|0|0.899999976|0|0|0|0
7140,7140,6,1,1,255,255,0,0,0,0.0166666675,,19,0,19,0,3,0,,0|0|0.899999976|0|0|0|0,0|0|0.899999976|0|0|0|0
7141,7141,6,1,1,255,255,0,0,0,0.0166666675,,19,0,19,0,3,0,,0|0|0.899999976|0|0|0|0,0|0|0.899999976|0|0|0|0
7142,7142,6,1,1,255,255,0,0,0,0.0166666675,,19,0,19,0,3,0,,0|0|0.899999976|0|0|0|0,0|0|0.899999976|0|0|0|0
7143,7143,6,1,1,255,255,0,0,0,0.0166666675,,19,0,19,0,3,0,,0|0|0.899999976|0|0|0|0,0|0|0.899999976|0|0|0|0
7144,7144,6,1,1,255,255,0,0,0,0.0166666675,,19,0,19,0,3,0,,0|0|0.899999976|0|0|0|0,0|0|0.899999976|0|0|0|0
7145,7145,6,1,1,255,255,0,0,0,0.0166666675,,19,0,19,0,3,0,,0|0|0.899999976|0|0|0|0,0|0|0.899999976|0|0|0|0
7146,7146,6,1,1,255,255,0,0,0,0.0166666675,,19,0,19,0,3,0,,0|0|0.899999976|0|0|0|0,0|0|0.899999976|0|0|0|0
7147,7147,6,1,1,255,255,0,0,0,0.0166666675,,19,0,19,0,3,0,,0|0|0.899999976|0|0|0|0,0|0|0.899999976|0|0|0|0
7148,7148,6,1,1,255,255,0,0,0,0.0166666675,,19,0,19,0,3,0,,0|0|0.899999976|0|0|0|0,0|0|0.899999976|0|0|0|0
7149,7149,6,1,1,255,255,0,0,0,0.0166666675,,19,0,19,0,3,0,,0|0|0.899999976|0|0|0|0,0|0|0.899999976|0|0|0|0
7150,7150,6,1,1,255,255,0,0,0,0.0166666675,,19,0,19,0,3,0,,0|0|0.899999976|0|0|0|0,0|0|0.899999976|0|0|0|0
7151,7151,6,1,1,255,255,0,0,0,0.0166666675,,19,0,19,0,3,0,,0|0|0.899999976|0|0|0|0,0|0|0.899999976|0|0|0|0
7152,7152,6,1,1,255,255,0,0,0,0.0166666675,,19,0,19,0,3,0,,0|0|0.899999976|0|0|0|0,0|0|0.899999976|0|0|0|0
7153,7153,6,1,1,255,255,0,0,0,0.0166666675,,19,0,19,0,3,0,,0|0|0.899999976|0|0|0|0,0|0|0.899999976|0|0|0|0
7154,7154,6,1,1,255,255,0,0,0,0.0166666675,,19,0,19,0,3,0,,0|0|0.899999976|0|0|0|0,0|0|0.899999976|0|0|0|0
7155,7155,6,1,1,255,255,0,0,0,0.0166666675,,19,0,19,0,3,0,,0|0|0.899999976|0|0|0|0,0|0|0.899999976|0|0|0|0
7156,7156,6,1,1,255,255,0,0,0,0.0166666675,,19,0,19,0,3,0,,0|0|0.899999976|0|0|0|0,0|0|0.899999976|0|0|0|0
7157,7157,6,1,1,255,255,0,0,0,0.0166666675,,19,0,19,0,3,0,,0|0|0.899999976|0|0|0|0,0|0|0.899999976|0|0|0|0
7158,7158,6,1,1,255,255,0,0,0,0.0166666675,,19,0,19,0,3,0,,0|0|0.899999976|0|0|0|0,0|0|0.899999976|0|0|0|0
7159,7159,6,1,1,255,255,0,0,0,0.0166666675,,19,0,19,0,3,0,,0|0|0.899999976|0|0|0|0,0|0|0.899999976|0|0|0|0
7160,7160,6,1,1,255,255,0,0,0,0.0166666675,,19,0,19,0,3,0,,0|0|0.899999976|0|0|0|0,0|0|0.899999976|0|0|0|0
7161,7161,6,1,1,255,255,0,0,0,0.0166666675,,19,0,19,0,3,0,,0|0|0.899999976|0|0|0|0,0|0|0.899999976|0|0|0|0
7162,7162,6,1,1,255,255,0,0,0,0.0166666675,,19,0,19,0,3,0,,0|0|0.899999976|0|0|0|0,0|0|0.899999976|0|0|0|0
7163,7163,6,1,1,255,255,0,0,0,0.0166666675,,19,0,19,0,3,0,,0|0|0.899999976|0|0|0|0,0|0|0.899999976|0|0|0|0
7164,7164,6,1,1,255,255,0,0,0,0.0166666675,,19,0,19,0,3,0,,0|0|0.899999976|0|0|0|0,0|0|0.899999976|0|0|0|0
7165,7165,6,1,1,255,255,0,0,0,0.0166666675,,19,0,19,0,3,0,,0|0|0.899999976|0|0|0|0,0|0|0.899999976|0|0|0|0
7166,7166,6,1,1,255,255,0,0,0,0.0166666675,,19,0,19,0,3,0,,0|0|0.899999976|0|0|0|0,0|0|0.899999976|0|0|0|0
7167,7167,6,1,1,255,255,0,0,0,0.0166666675,,19,0,19,0,3,0,,0|0|0.899999976|0|0|0|0,0|0|0.899999976|0|0|0|0
7168,7168,6,1,1,255,255,0,0,0,0.0166666675,,19,0,19,0,3,0,,0|0|0.899999976|0|0|0|0,0|0|0.899999976|0|0|0|0
7169,7169,6,1,1,255,255,0,0,0,0.0166666675,,19,0,19,0,3,0,,0|0|0.899999976|0|0|0|0,0|0|0.899999976|0|0|0|0
7170,7170,6,1,1,255,255,0,0,0,0.0166666675,,19,0,19,0,3,0,,0|0|0.899999976|0|0|0|0,0|0|0.899999976|0|0|0|0
7171,7171,6,1,1,255,255,0,0,0,0.0166666675,,19,0,19,0,3,0,,0|0|0.899999976|0|0|0|0,0|0|0.899999976|0|0|0|0
7172,7172,6,1,1,255,255,0,0,0,0.0166666675,,19,0,19,0,3,0,,0|0|0.899999976|0|0|0|0,0|0|0.899999976|0|0|0|0
7173,7173,6,1,1,255,255,0,0,0,0.0166666675,,19,0,19,0,3,0,,0|0|0.899999976|0|0|0|0,0|0|0.899999976|0|0|0|0
7174,7174,6,1,1,255,255,0,0,0,0.0166666675,,19,0,19,0,3,0,,0|0|0.899999976|0|0|0|0,0|0|0.899999976|0|0|0|0
7175,7175,6,1,1,255,255,0,0,0,0.0166666675,,19,0,19,0,3,0,,0|0|0.899999976|0|0|0|0,0|0|0.899999976|0|0|0|0
7176,7176,6,1,1,255,255,0,0,0,0.0166666675,,19,0,19,0,3,0,,0|0|0.899999976|0|0|0|0,0|0|0.899999976|0|0|0|0
7177,7177,6,1,1,255,255,0,0,0,0.0166666675,,19,0,19,0,3,0,,0|0|0.899999976|0|0|0|0,0|0|0.899999976|0|0|0|0
7178,7178,6,1,1,255,255,0,0,0,0.0166666675,,19,0,19,0,3,0,,0|0|0.899999976|0|0|0|0,0|0|0.899999976|0|0|0|0
7179,7179,6,1,1,255,255,0,0,0,0.0166666675,,19,0,19,0,3,0,,0|0|0.899999976|0|0|0|0,0|0|0.899999976|0|0|0|0
7180,7180,6,1,1,255,255,0,0,0,0.0166666675,,19,0,19,0,3,0,,0|0|0.899999976|0|0|0|0,0|0|0.899999976|0|0|0|0
7181,7181,6,1,1,255,255,0,0,0,0.0166666675,,19,0,19,0,3,0,,0|0|0.899999976|0|0|0|0,0|0|0.899999976|0|0|0|0
7182,7182,6,1,1,255,255,0,0,0,0.0166666675,,19,0,19,0,3,0,,0|0|0.899999976|0|0|0|0,0|0|0.899999976|0|0|0|0
7183,7183,6,1,1,255,255,0,0,0,0.0166666675,,19,0,19,0,3,0,,0|0|0.899999976|0|0|0|0,0|0|0.899999976|0|0|0|0
7184,7184,6,1,1,255,255,0,0,0,0.0166666675,,19,0,19,0,3,0,,0|0|0.899999976|0|0|0|0,0|0|0.899999976|0|0|0|0
7185,7185,6,1,1,255,255,0,0,0,0.0166666675,,19,0,19,0,3,0,,0|0|0.899999976|0|0|0|0,0|0|0.899999976|0|0|0|0
7186,7186,6,1,1,255,255,0,0,0,0.0166666675,,19,0,19,0,3,0,,0|0|0.899999976|0|0|0|0,0|0|0.899999976|0|0|0|0
7187,7187,6,1,1,255,255,0,0,0,0.0166666675,,19,0,19,0,3,0,,0|0|0.899999976|0|0|0|0,0|0|0.899999976|0|0|0|0
7188,7188,6,1,1,255,255,0,0,0,0.0166666675,,19,0,19,0,3,0,,0|0|0.899999976|0|0|0|0,0|0|0.899999976|0|0|0|0
7189,7189,6,1,1,255,255,0,0,0,0.0166666675,,19,0,19,0,3,0,,0|0|0.899999976|0|0|0|0,0|0|0.899999976|0|0|0|0
7190,7190,6,1,1,255,255,0,0,0,0.0166666675,,19,0,19,0,3,0,,0|0|0.899999976|0|0|0|0,0|0|0.899999976|0|0|0|0
7191,7191,6,1,1,255,255,0,0,0,0.0166666675,,19,0,19,0,3,0,,0|0|0.899999976|0|0|0|0,0|0|0.899999976|0|0|0|0
7192,7192,6,1,1,255,255,0,0,0,0.0166666675,,19,0,19,0,3,0,,0|0|0.899999976|0|0|0|0,0|0|0.899999976|0|0|0|0
7193,7193,6,1,1,255,255,0,0,0,0.0166666675,,19,0,19,0,3,0,,0|0|0.899999976|0|0|0|0,0|0|0.899999976|0|0|0|0
7194,7194,6,1,1,255,255,0,0,0,0.0166666675,,19,0,19,0,3,0,,0|0|0.899999976|0|0|0|0,0|0|0.899999976|0|0|0|0
7195,7195,6,1,1,255,255,0,0,0,0.0166666675,,19,0,19,0,3,0,,0|0|0.899999976|0|0|0|0,0|0|0.899999976|0|0|0|0
7196,7196,6,1,1,255,255,0,0,0,0.0166666675,,19,0,19,0,3,0,,0|0|0.899999976|0|0|0|0,0|0|0.899999976|0|0|0|0
7197,7197,6,1,1,255,255,0,0,0,0.0166666675,,19,0,19,0,3,0,,0|0|0.899999976|0|0|0|0,0|0|0.899999976|0|0|0|0
7198,7198,6,1,1,255,255,0,0,0,0.0166666675,,19,0,19,0,3,0,,0|0|0.899999976|0|0|0|0,0|0|0.899999976|0|0|0|0
7199,7199,6,1,1,255,255,0,0,0,0.0166666675,,19,0,19,0,3,0,,0|0|0.899999976|0|0|0|0,0|0|0.899999976|0|0|0|0
7200,7200,6,1,1,255,255,0,0,0,0.0166666675,,19,0,19,0,3,0,,0|0|0.899999976|0|0|0|0,0|0|0.899999976|0|0|0|0
7201,7201,6,1,1,255,255,0,0,0,0.0166666675,,19,0,19,0,3,0,,0|0|0.899999976|0|0|0|0,0|0|0.899999976|0|0|0|0
7202,7202,6,1,1,255,255,0,0,0,0.0166666675,,19,0,19,0,3,0,,0|0|0.899999976|0|0|0|0,0|0|0.899999976|0|0|0|0
7203,7203,6,1,1,255,255,0,0,0,0.0166666675,,19,0,19,0,3,0,,0|0|0.899999976|0|0|0|0,0|0|0.899999976|0|0|0|0
7204,7204,6,1,1,255,255,0,0,0,0.0166666675,,19,0,19,0,3,0,,0|0|0.899999976|0|0|0|0,0|0|0.899999976|0|0|0|0
7205,7205,6,1,1,255,255,0,0,0,0.0166666675,,19,0,19,0,3,0,,0|0|0.899999976|0|0|0|0,0|0|0.899999976|0|0|0|0
7206,7206,6,1,1,255,255,0,0,0,0.0166666675,,19,0,19,0,3,0,,0|0|0.899999976|0|0|0|0,0|0|0.899999976|0|0|0|0
7207,7207,6,1,1,255,255,0,0,0,0.0166666675,,19,0,19,0,3,0,,0|0|0.899999976|0|0|0|0,0|0|0.899999976|0|0|0|0
7208,7208,6,1,1,255,255,0,0,0,0.0166666675,,19,0,19,0,3,0,,0|0|0.899999976|0|0|0|0,0|0|0.899999976|0|0|0|0
7209,7209,6,1,1,255,255,0,0,0,0.0166666675,,19,0,19,0,3,0,,0|0|0.899999976|0|0|0|0,0|0|0.899999976|0|0|0|0
7210,7210,6,1,1,255,255,0,0,0,0.0166666675,,19,0,19,0,3,0,,0|0|0.899999976|0|0|0|0,0|0|0.899999976|0|0|0|0
7211,7211,6,1,1,255,255,0,0,0,0.0166666675,,19,0,19,0,3,0,,0|0|0.899999976|0|0|0|0,0|0|0.899999976|0|0|0|0
7212,7212,6,1,1,255,255,0,0,0,0.0166666675,,19,0,19,0,3,0,,0|0|0.899999976|0|0|0|0,0|0|0.899999976|0|0|0|0
7213,7213,6,1,1,255,255,0,0,0,0.0166666675,,19,0,19,0,3,0,,0|0|0.899999976|0|0|0|0,0|0|0.899999976|0|0|0|0
7214,7214,6,1,1,255,255,0,0,0,0.0166666675,,19,0,19,0,3,0,,0|0|0.899999976|0|0|0|0,0|0|0.899999976|0|0|0|0
7215,7215,6,1,1,255,255,0,0,0,0.0166666675,,19,0,19,0,3,0,,0|0|0.899999976|0|0|0|0,0|0|0.899999976|0|0|0|0
7216,7216,6,1,1,255,255,0,0,0,0.0166666675,,19,0,19,0,3,0,,0|0|0.899999976|0|0|0|0,0|0|0.899999976|0|0|0|0
7217,7217,6,1,1,255,255,0,0,0,0.0166666675,,19,0,19,0,3,0,,0|0|0.899999976|0|0|0|0,0|0|0.899999976|0|0|0|0
7218,7218,6,1,1,255,255,0,0,0,0.0166666675,,19,0,19,0,3,0,,0|0|0.899999976|0|0|0|0,0|0|0.899999976|0|0|0|0
7219,7219,6,1,1,255,255,0,0,0,0.0166666675,,19,0,19,0,3,0,,0|0|0.899999976|0|0|0|0,0|0|0.899999976|0|0|0|0
7220,7220,6,1,1,255,255,0,0,0,0.0166666675,,19,0,19,0,3,0,,0|0|0.899999976|0|0|0|0,0|0|0.899999976|0|0|0|0
7221,7221,6,1,1,255,255,0,0,0,0.0166666675,,19,0,19,0,3,0,,0|0|0.899999976|0|0|0|0,0|0|0.899999976|0|0|0|0
7222,7222,6,1,1,255,255,0,0,0,0.0166666675,,19,0,19,0,3,0,,0|0|0.899999976|0|0|0|0,0|0|0.899999976|0|0|0|0
7223,7223,6,1,1,255,255,0,0,0,0.0166666675,,19,0,19,0,3,0,,0|0|0.899999976|0|0|0|0,0|0|0.899999976|0|0|0|0
7224,7224,6,1,1,255,255,0,0,0,0.0166666675,,19,0,19,0,3,0,,0|0|0.899999976|0|0|0|0,0|0|0.899999976|0|0|0|0
7225,7225,6,1,1,255,255,0,0,0,0.0166666675,,19,0,19,0,3,0,,0|0|0.899999976|0|0|0|0,0|0|0.899999976|0|0|0|0
7226,7226,6,1,1,255,255,0,0,0,0.0166666675,,19,0,19,0,3,0,,0|0|0.899999976|0|0|0|0,0|0|0.899999976|0|0|0|0
7227,7227,6,1,1,255,255,0,0,0,0.0166666675,,19,0,19,0,3,0,,0|0|0.899999976|0|0|0|0,0|0|0.899999976|0|0|0|0
7228,7228,6,1,1,255,255,0,0,0,0.0166666675,,19,0,19,0,3,0,,0|0|0.899999976|0|0|0|0,0|0|0.899999976|0|0|0|0
7229,7229,6,1,1,255,255,0,0,0,0.0166666675,,19,0,19,0,3,0,,0|0|0.899999976|0|0|0|0,0|0|0.899999976|0|0|0|0
7230,7230,6,1,1,255,255,0,0,0,0.0166666675,,19,0,19,0,3,0,,0|0|0.899999976|0|0|0|0,0|0|0.899999976|0|0|0|0
7231,7231,6,1,1,255,255,0,0,0,0.0166666675,,19,0,19,0,3,0,,0|0|0.899999976|0|0|0|0,0|0|0.899999976|0|0|0|0
7232,7232,6,1,1,255,255,0,0,0,0.0166666675,,19,0,19,0,3,0,,0|0|0.899999976|0|0|0|0,0|0|0.899999976|0|0|0|0
7233,7233,6,1,1,255,255,0,0,0,0.0166666675,,19,0,19,0,3,0,,0|0|0.899999976|0|0|0|0,0|0|0.899999976|0|0|0|0
7234,7234,6,1,1,255,255,0,0,0,0.0166666675,,19,0,19,0,3,0,,0|0|0.899999976|0|0|0|0,0|0|0.899999976|0|0|0|0
7235,7235,6,1,1,255,255,0,0,0,0.0166666675,,19,0,19,0,3,0,,0|0|0.899999976|0|0|0|0,0|0|0.899999976|0|0|0|0
7236,7236,6,1,1,255,255,0,0,0,0.0166666675,,19,0,19,0,3,0,,0|0|0.899999976|0|0|0|0,0|0|0.899999976|0|0|0|0
7237,7237,6,1,1,255,255,0,0,0,0.0166666675,,19,0,19,0,3,0,,0|0|0.899999976|0|0|0|0,0|0|0.899999976|0|0|0|0
7238,7238,6,1,1,255,255,0,0,0,0.0166666675,,19,0,19,0,3,0,,0|0|0.899999976|0|0|0|0,0|0|0.899999976|0|0|0|0
7239,7239,6,1,1,255,255,0,0,0,0.0166666675,,19,0,19,0,3,0,,0|0|0.899999976|0|0|0|0,0|0|0.899999976|0|0|0|0
7240,7240,6,1,1,255,255,0,0,0,0.0166666675,,19,0,19,0,3,0,,0|0|0.899999976|0|0|0|0,0|0|0.899999976|0|0|0|0
7241,7241,6,1,1,255,255,0,0,0,0.0166666675,,19,0,19,0,3,0,,0|0|0.899999976|0|0|0|0,0|0|0.899999976|0|0|0|0
7242,7242,6,1,1,255,255,0,0,0,0.0166666675,,19,0,19,0,3,0,,0|0|0.899999976|0|0|0|0,0|0|0.899999976|0|0|0|0
7243,7243,6,1,1,255,255,0,0,0,0.0166666675,,19,0,19,0,3,0,,0|0|0.899999976|0|0|0|0,0|0|0.899999976|0|0|0|0
7244,7244,6,1,1,255,255,0,0,0,0.0166666675,,19,0,19,0,3,0,,0|0|0.899999976|0|0|0|0,0|0|0.899999976|0|0|0|0
7245,7245,6,1,1,255,255,0,0,0,0.0166666675,,19,0,19,0,3,0,,0|0|0.899999976|0|0|0|0,0|0|0.899999976|0|0|0|0
7246,7246,6,1,1,255,255,0,0,0,0.0166666675,,19,0,19,0,3,0,,0|0|0.899999976|0|0|0|0,0|0|0.899999976|0|0|0|0
7247,7247,6,1,1,255,255,0,0,0,0.0166666675,,19,0,19,0,3,0,,0|0|0.899999976|0|0|0|0,0|0|0.899999976|0|0|0|0
7248,7248,6,1,1,255,255,0,0,0,0.0166666675,,19,0,19,0,3,0,,0|0|0.899999976|0|0|0|0,0|0|0.899999976|0|0|0|0
7249,7249,6,1,1,255,255,0,0,0,0.0166666675,,19,0,19,0,3,0,,0|0|0.899999976|0|0|0|0,0|0|0.899999976|0|0|0|0
7250,7250,6,1,1,255,255,0,0,0,0.0166666675,,19,0,19,0,3,0,,0|0|0.899999976|0|0|0|0,0|0|0.899999976|0|0|0|0
7251,7251,6,1,1,255,255,0,0,0,0.0166666675,,19,0,19,0,3,0,,0|0|0.899999976|0|0|0|0,0|0|0.899999976|0|0|0|0
7252,7252,6,1,1,255,255,0,0,0,0.0166666675,,19,0,19,0,3,0,,0|0|0.899999976|0|0|0|0,0|0|0.899999976|0|0|0|0
7253,7253,6,1,1,255,255,0,0,0,0.0166666675,,19,0,19,0,3,0,,0|0|0.899999976|0|0|0|0,0|0|0.899999976|0|0|0|0
7254,7254,6,1,1,255,255,0,0,0,0.0166666675,,19,0,19,0,3,0,,0|0|0.899999976|0|0|0|0,0|0|0.899999976|0|0|0|0
7255,7255,6,1,1,255,255,0,0,0,0.0166666675,,19,0,19,0,3,0,,0|0|0.899999976|0|0|0|0,0|0|0.899999976|0|0|0|0
7256,7256,6,1,1,255,255,0,0,0,0.0166666675,,19,0,19,0,3,0,,0|0|0.899999976|0|0|0|0,0|0|0.899999976|0|0|0|0
7257,7257,6,1,1,255,255,0,0,0,0.0166666675,,19,0,19,0,3,0,,0|0|0.899999976|0|0|0|0,0|0|0.899999976|0|0|0|0
7258,7258,6,1,1,255,255,0,0,0,0.0166666675,,19,0,19,0,3,0,,0|0|0.899999976|0|0|0|0,0|0|0.899999976|0|0|0|0
7259,7259,6,1,1,255,255,0,0,0,0.0166666675,,19,0,19,0,3,0,,0|0|0.899999976|0|0|0|0,0|0|0.899999976|0|0|0|0
7260,7260,6,1,1,255,255,0,0,0,0.0166666675,,19,0,19,0,3,0,,0|0|0.899999976|0|0|0|0,0|0|0.899999976|0|0|0|0
7261,7261,6,1,1,255,255,0,0,0,0.0166666675,,19,0,19,0,3,0,,0|0|0.899999976|0|0|0|0,0|0|0.899999976|0|0|0|0
7262,7262,6,1,1,255,255,0,0,0,0.0166666675,,19,0,19,0,3,0,,0|0|0.899999976|0|0|0|0,0|0|0.899999976|0|0|0|0
7263,7263,6,1,1,255,255,0,0,0,0.0166666675,,19,0,19,0,3,0,,0|0|0.899999976|0|0|0|0,0|0|0.899999976|0|0|0|0
7264,7264,6,1,1,255,255,0,0,0,0.0166666675,,19,0,19,0,3,0,,0|0|0.899999976|0|0|0|0,0|0|0.899999976|0|0|0|0
7265,7265,6,1,1,255,255,0,0,0,0.0166666675,,19,0,19,0,3,0,,0|0|0.899999976|0|0|0|0,0|0|0.899999976|0|0|0|0
7266,7266,6,1,1,255,255,0,0,0,0.0166666675,,19,0,19,0,3,0,,0|0|0.899999976|0|0|0|0,0|0|0.899999976|0|0|0|0
7267,7267,6,1,1,255,255,0,0,0,0.0166666675,,19,0,19,0,3,0,,0|0|0.899999976|0|0|0|0,0|0|0.899999976|0|0|0|0
7268,7268,6,1,1,255,255,0,0,0,0.0166666675,,19,0,19,0,3,0,,0|0|0.899999976|0|0|0|0,0|0|0.899999976|0|0|0|0
7269,7269,6,1,1,255,255,0,0,0,0.0166666675,,19,0,19,0,3,0,,0|0|0.899999976|0|0|0|0,0|0|0.899999976|0|0|0|0
7270,7270,6,1,1,255,255,0,0,0,0.0166666675,,19,0,19,0,3,0,,0|0|0.899999976|0|0|0|0,0|0|0.899999976|0|0|0|0
7271,7271,6,1,1,255,255,0,0,0,0.0166666675,,19,0,19,0,3,0,,0|0|0.899999976|0|0|0|0,0|0|0.899999976|0|0|0|0
7272,7272,6,1,1,255,255,0,0,0,0.0166666675,,19,0,19,0,3,0,,0|0|0.899999976|0|0|0|0,0|0|0.899999976|0|0|0|0
7273,7273,6,1,1,255,255,0,0,0,0.0166666675,,19,0,19,0,3,0,,0|0|0.899999976|0|0|0|0,0|0|0.899999976|0|0|0|0
7274,7274,6,1,1,255,255,0,0,0,0.0166666675,,19,0,19,0,3,0,,0|0|0.899999976|0|0|0|0,0|0|0.899999976|0|0|0|0
7275,7275,6,1,1,255,255,0,0,0,0.0166666675,,19,0,19,0,3,0,,0|0|0.899999976|0|0|0|0,0|0|0.899999976|0|0|0|0
7276,7276,6,1,1,255,255,0,0,0,0.0166666675,,19,0,19,0,3,0,,0|0|0.899999976|0|0|0|0,0|0|0.899999976|0|0|0|0
7277,7277,6,1,1,255,255,0,0,0,0.0166666675,,19,0,19,0,3,0,,0|0|0.899999976|0|0|0|0,0|0|0.899999976|0|0|0|0
7278,7278,6,1,1,255,255,0,0,0,0.0166666675,,19,0,19,0,3,0,,0|0|0.899999976|0|0|0|0,0|0|0.899999976|0|0|0|0
7279,7279,6,1,1,255,255,0,0,0,0.0166666675,,19,0,19,0,3,0,,0|0|0.899999976|0|0|0|0,0|0|0.899999976|0|0|0|0
7280,7280,6,1,1,255,255,0,0,0,0.0166666675,,19,0,19,0,3,0,,0|0|0.899999976|0|0|0|0,0|0|0.899999976|0|0|0|0
7281,7281,6,1,1,255,255,0,0,0,0.0166666675,,19,0,19,0,3,0,,0|0|0.899999976|0|0|0|0,0|0|0.899999976|0|0|0|0
7282,7282,6,1,1,255,255,0,0,0,0.0166666675,,19,0,19,0,3,0,,0|0|0.899999976|0|0|0|0,0|0|0.899999976|0|0|0|0
7283,7283,6,1,1,255,255,0,0,0,0.0166666675,,19,0,19,0,3,0,,0|0|0.899999976|0|0|0|0,0|0|0.899999976|0|0|0|0
7284,7284,6,1,1,255,255,0,0,0,0.0166666675,,19,0,19,0,3,0,,0|0|0.899999976|0|0|0|0,0|0|0.899999976|0|0|0|0
7285,7285,6,1,1,255,255,0,0,0,0.0166666675,,19,0,19,0,3,0,,0|0|0.899999976|0|0|0|0,0|0|0.899999976|0|0|0|0
7286,7286,6,1,1,255,255,0,0,0,0.0166666675,,19,0,19,0,3,0,,0|0|0.899999976|0|0|0|0,0|0|0.899999976|0|0|0|0
7287,7287,6,1,1,255,255,0,0,0,0.0166666675,,19,0,19,0,3,0,,0|0|0.899999976|0|0|0|0,0|0|0.899999976|0|0|0|0
7288,7288,6,1,1,255,255,0,0,0,0.0166666675,,19,0,19,0,3,0,,0|0|0.899999976|0|0|0|0,0|0|0.899999976|0|0|0|0
7289,7289,6,1,1,255,255,0,0,0,0.0166666675,,19,0,19,0,3,0,,0|0|0.899999976|0|0|0|0,0|0|0.899999976|0|0|0|0
7290,7290,6,1,1,255,255,0,0,0,0.0166666675,,19,0,19,0,3,0,,0|0|0.899999976|0|0|0|0,0|0|0.899999976|0|0|0|0
7291,7291,6,1,1,255,255,0,0,0,0.0166666675,,19,0,19,0,3,0,,0|0|0.899999976|0|0|0|0,0|0|0.899999976|0|0|0|0
7292,7292,6,1,1,255,255,0,0,0,0.0166666675,,19,0,19,0,3,0,,0|0|0.899999976|0|0|0|0,0|0|0.899999976|0|0|0|0
7293,7293,6,1,1,255,255,0,0,0,0.0166666675,,19,0,19,0,3,0,,0|0|0.899999976|0|0|0|0,0|0|0.899999976|0|0|0|0
7294,7294,6,1,1,255,255,0,0,0,0.0166666675,,19,0,19,0,3,0,,0|0|0.899999976|0|0|0|0,0|0|0.899999976|0|0|0|0
7295,7295,6,1,1,255,255,0,0,0,0.0166666675,,19,0,19,0,3,0,,0|0|0.899999976|0|0|0|0,0|0|0.899999976|0|0|0|0
7296,7296,6,1,1,255,255,0,0,0,0.0166666675,,19,0,19,0,3,0,,0|0|0.899999976|0|0|0|0,0|0|0.899999976|0|0|0|0
7297,7297,6,1,1,255,255,0,0,0,0.0166666675,,19,0,19,0,3,0,,0|0|0.899999976|0|0|0|0,0|0|0.899999976|0|0|0|0
7298,7298,6,1,1,255,255,0,0,0,0.0166666675,,19,0,19,0,3,0,,0|0|0.899999976|0|0|0|0,0|0|0.899999976|0|0|0|0
7299,7299,6,1,1,255,255,0,0,0,0.0166666675,,19,0,19,0,3,0,,0|0|0.899999976|0|0|0|0,0|0|0.899999976|0|0|0|0
7300,7300,6,1,1,255,255,0,0,0,0.0166666675,,19,0,19,0,3,0,,0|0|0.899999976|0|0|0|0,0|0|0.899999976|0|0|0|0
7301,7301,6,1,1,255,255,0,0,0,0.0166666675,,19,0,19,0,3,0,,0|0|0.899999976|0|0|0|0,0|0|0.899999976|0|0|0|0
7302,7302,6,1,1,255,255,0,0,0,0.0166666675,,19,0,19,0,3,0,,0|0|0.899999976|0|0|0|0,0|0|0.899999976|0|0|0|0
7303,7303,6,1,1,255,255,0,0,0,0.0166666675,,19,0,19,0,3,0,,0|0|0.899999976|0|0|0|0,0|0|0.899999976|0|0|0|0
7304,7304,6,1,1,255,255,0,0,0,0.0166666675,,19,0,19,0,3,0,,0|0|0.899999976|0|0|0|0,0|0|0.899999976|0|0|0|0
7305,7305,6,1,1,255,255,0,0,0,0.0166666675,,19,0,19,0,3,0,,0|0|0.899999976|0|0|0|0,0|0|0.799999952|0|0|0|0
7306,7306,6,1,1,255,255,0,0,0,0.0166666675,,19,0,19,0,3,0,,0|0|0.799999952|0|0|0|0,0|0|0.799999952|0|0|0|0
7307,7307,6,1,1,255,255,0,0,0,0.0166666675,,19,0,19,0,3,0,,0|0|0.799999952|0|0|0|0,0|0|0.799999952|0|0|0|0
7308,7308,6,1,1,255,255,0,0,0,0.0166666675,,19,0,19,0,3,0,,0|0|0.799999952|0|0|0|0,0|0|0.799999952|0|0|0|0
7309,7309,6,1,1,255,255,0,0,0,0.0166666675,,19,0,19,0,3,0,,0|0|0.799999952|0|0|0|0,0|0|0.799999952|0|0|0|0
7310,7310,6,1,1,255,255,0,0,0,0.0166666675,,19,0,19,0,3,0,,0|0|0.799999952|0|0|0|0,0|0|0.799999952|0|0|0|0
7311,7311,6,1,1,255,255,0,0,0,0.0166666675,,19,0,19,0,3,0,,0|0|0.799999952|0|0|0|0,0|0|0.799999952|0|0|0|0
7312,7312,6,1,1,255,255,0,0,0,0.0166666675,,19,0,19,0,3,0,,0|0|0.799999952|0|0|0|0,0|0|0.799999952|0|0|0|0
7313,7313,6,1,1,255,255,0,0,0,0.0166666675,,19,0,19,0,3,0,,0|0|0.799999952|0|0|0|0,0|0|0.799999952|0|0|0|0
7314,7314,6,1,1,255,255,0,0,0,0.0166666675,,19,0,19,0,3,0,,0|0|0.799999952|0|0|0|0,0|0|0.799999952|0|0|0|0
7315,7315,6,1,1,255,255,0,0,0,0.0166666675,,19,0,19,0,3,0,,0|0|0.799999952|0|0|0|0,0|0|0.799999952|0|0|0|0
7316,7316,6,1,1,255,255,0,0,0,0.0166666675,,19,0,19,0,3,0,,0|0|0.799999952|0|0|0|0,0|0|0.799999952|0|0|0|0
7317,7317,6,1,1,255,255,0,0,0,0.0166666675,,19,0,19,0,3,0,,0|0|0.799999952|0|0|0|0,0|0|0.799999952|0|0|0|0
7318,7318,6,1,1,255,255,0,0,0,0.0166666675,,19,0,19,0,3,0,,0|0|0.799999952|0|0|0|0,0|0|0.799999952|0|0|0|0
7319,7319,6,1,1,255,255,0,0,0,0.0166666675,,19,0,19,0,3,0,,0|0|0.799999952|0|0|0|0,0|0|0.799999952|0|0|0|0
7320,7320,6,1,1,255,255,0,0,0,0.0166666675,,19,0,19,0,3,0,,0|0|0.799999952|0|0|0|0,0|0|0.799999952|0|0|0|0
7321,7321,6,1,1,255,255,0,0,0,0.0166666675,,19,0,19,0,3,0,,0|0|0.799999952|0|0|0|0,0|0|0.799999952|0|0|0|0
7322,7322,6,1,1,255,255,0,0,0,0.0166666675,,19,0,19,0,3,0,,0|0|0.799999952|0|0|0|0,0|0|0.799999952|0|0|0|0
7323,7323,6,1,1,255,255,0,0,0,0.0166666675,,19,0,19,0,3,0,,0|0|0.799999952|0|0|0|0,0|0|0.799999952|0|0|0|0
7324,7324,6,1,1,255,255,0,0,0,0.0166666675,,19,0,19,0,3,0,,0|0|0.799999952|0|0|0|0,0|0|0.799999952|0|0|0|0
7325,7325,6,1,1,255,255,0,0,0,0.0166666675,,19,0,19,0,3,0,,0|0|0.799999952|0|0|0|0,0|0|0.799999952|0|0|0|0
7326,7326,6,1,1,255,255,0,0,0,0.0166666675,,19,0,19,0,3,0,,0|0|0.799999952|0|0|0|0,0|0|0.799999952|0|0|0|0
7327,7327,6,1,1,255,255,0,0,0,0.0166666675,,19,0,19,0,3,0,,0|0|0.799999952|0|0|0|0,0|0|0.799999952|0|0|0|0
7328,7328,6,1,1,255,255,0,0,0,0.0166666675,,19,0,19,0,3,0,,0|0|0.799999952|0|0|0|0,0|0|0.799999952|0|0|0|0
7329,7329,6,1,1,255,255,0,0,0,0.0166666675,,19,0,19,0,3,0,,0|0|0.799999952|0|0|0|0,0|0|0.799999952|0|0|0|0
7330,7330,6,1,1,255,255,0,0,0,0.0166666675,,19,0,19,0,3,0,,0|0|0.799999952|0|0|0|0,0|0|0.799999952|0|0|0|0
7331,7331,6,1,1,255,255,0,0,0,0.0166666675,,19,0,19,0,3,0,,0|0|0.799999952|0|0|0|0,0|0|0.799999952|0|0|0|0
7332,7332,6,1,1,255,255,0,0,0,0.0166666675,,19,0,19,0,3,0,,0|0|0.799999952|0|0|0|0,0|0|0.799999952|0|0|0|0
7333,7333,6,1,1,255,255,0,0,0,0.0166666675,,19,0,19,0,3,0,,0|0|0.799999952|0|0|0|0,0|0|0.799999952|0|0|0|0
7334,7334,6,1,1,255,255,0,0,0,0.0166666675,,19,0,19,0,3,0,,0|0|0.799999952|0|0|0|0,0|0|0.799999952|0|0|0|0
7335,7335,6,1,1,255,255,0,0,0,0.0166666675,,19,0,19,0,3,0,,0|0|0.799999952|0|0|0|0,0|0|0.799999952|0|0|0|0
7336,7336,6,1,1,255,255,0,0,0,0.0166666675,,19,0,19,0,3,0,,0|0|0.799999952|0|0|0|0,0|0|0.799999952|0|0|0|0
7337,7337,6,1,1,255,255,0,0,0,0.0166666675,,19,0,19,0,3,0,,0|0|0.799999952|0|0|0|0,0|0|0.799999952|0|0|0|0
7338,7338,6,1,1,255,255,0,0,0,0.0166666675,,19,0,19,0,3,0,,0|0|0.799999952|0|0|0|0,0|0|0.799999952|0|0|0|0
7339,7339,6,1,1,255,255,0,0,0,0.0166666675,,19,0,19,0,3,0,,0|0|0.799999952|0|0|0|0,0|0|0.799999952|0|0|0|0
7340,7340,6,1,1,255,255,0,0,0,0.0166666675,,19,0,19,0,3,0,,0|0|0.799999952|0|0|0|0,0|0|0.799999952|0|0|0|0
7341,7341,6,1,1,255,255,0,0,0,0.0166666675,,19,0,19,0,3,0,,0|0|0.799999952|0|0|0|0,0|0|0.799999952|0|0|0|0
7342,7342,6,1,1,255,255,0,0,0,0.0166666675,,19,0,19,0,3,0,,0|0|0.799999952|0|0|0|0,0|0|0.799999952|0|0|0|0
7343,7343,6,1,1,255,255,0,0,0,0.0166666675,,19,0,19,0,3,0,,0|0|0.799999952|0|0|0|0,0|0|0.799999952|0|0|0|0
7344,7344,6,1,1,255,255,0,0,0,0.0166666675,,19,0,19,0,3,0,,0|0|0.799999952|0|0|0|0,0|0|0.799999952|0|0|0|0
7345,7345,6,1,1,255,255,0,0,0,0.0166666675,,19,0,19,0,3,0,,0|0|0.799999952|0|0|0|0,0|0|0.799999952|0|0|0|0
7346,7346,6,1,1,255,255,0,0,0,0.0166666675,,19,0,19,0,3,0,,0|0|0.799999952|0|0|0|0,0|0|0.799999952|0|0|0|0
7347,7347,6,1,1,255,255,0,0,0,0.0166666675,,19,0,19,0,3,0,,0|0|0.799999952|0|0|0|0,0|0|0.799999952|0|0|0|0
7348,7348,6,1,1,255,255,0,0,0,0.0166666675,,19,0,19,0,3,0,,0|0|0.799999952|0|0|0|0,0|0|0.799999952|0|0|0|0
7349,7349,6,1,1,255,255,0,0,0,0.0166666675,,19,0,19,0,3,0,,0|0|0.799999952|0|0|0|0,0|0|0.799999952|0|0|0|0
7350,7350,6,1,1,255,255,0,0,0,0.0166666675,,19,0,19,0,3,0,,0|0|0.799999952|0|0|0|0,0|0|0.799999952|0|0|0|0
7351,7351,6,1,1,255,255,0,0,0,0.0166666675,,19,0,19,0,3,0,,0|0|0.799999952|0|0|0|0,0|0|0.799999952|0|0|0|0
7352,7352,6,1,1,255,255,0,0,0,0.0166666675,,19,0,19,0,3,0,,0|0|0.799999952|0|0|0|0,0|0|0.799999952|0|0|0|0
7353,7353,6,1,1,255,255,0,0,0,0.0166666675,,19,0,19,0,3,0,,0|0|0.799999952|0|0|0|0,0|0|0.799999952|0|0|0|0
7354,7354,6,1,1,255,255,0,0,0,0.0166666675,,19,0,19,0,3,0,,0|0|0.799999952|0|0|0|0,0|0|0.799999952|0|0|0|0
7355,7355,6,1,1,255,255,0,0,0,0.0166666675,,19,0,19,0,3,0,,0|0|0.799999952|0|0|0|0,0|0|0.799999952|0|0|0|0
7356,7356,6,1,1,255,255,0,0,0,0.0166666675,,19,0,19,0,3,0,,0|0|0.799999952|0|0|0|0,0|0|0.799999952|0|0|0|0
7357,7357,6,1,1,255,255,0,0,0,0.0166666675,,19,0,19,0,3,0,,0|0|0.799999952|0|0|0|0,0|0|0.799999952|0|0|0|0
7358,7358,6,1,1,255,255,0,0,0,0.0166666675,,19,0,19,0,3,0,,0|0|0.799999952|0|0|0|0,0|0|0.799999952|0|0|0|0
7359,7359,6,1,1,255,255,0,0,0,0.0166666675,,19,0,19,0,3,0,,0|0|0.799999952|0|0|0|0,0|0|0.799999952|0|0|0|0
7360,7360,6,1,1,255,255,0,0,0,0.0166666675,,19,0,19,0,3,0,,0|0|0.799999952|0|0|0|0,0|0|0.799999952|0|0|0|0
7361,7361,6,1,1,255,255,0,0,0,0.0166666675,,19,0,19,0,3,0,,0|0|0.799999952|0|0|0|0,0|0|0.799999952|0|0|0|0
7362,7362,6,1,1,255,255,0,0,0,0.0166666675,,19,0,19,0,3,0,,0|0|0.799999952|0|0|0|0,0|0|0.799999952|0|0|0|0
7363,7363,6,1,1,255,255,0,0,0,0.0166666675,,19,0,19,0,3,0,,0|0|0.799999952|0|0|0|0,0|0|0.799999952|0|0|0|0
7364,7364,6,1,1,255,255,0,0,0,0.0166666675,,19,0,19,0,3,0,,0|0|0.799999952|0|0|0|0,0|0|0.799999952|0|0|0|0
7365,7365,6,1,1,255,255,0,0,0,0.0166666675,,19,0,19,0,3,0,,0|0|0.799999952|0|0|0|0,0|0|0.799999952|0|0|0|0
7366,7366,6,1,1,255,255,0,0,0,0.0166666675,,19,0,19,0,3,0,,0|0|0.799999952|0|0|0|0,0|0|0.799999952|0|0|0|0
7367,7367,6,1,1,255,255,0,0,0,0.0166666675,,19,0,19,0,3,0,,0|0|0.799999952|0|0|0|0,0|0|0.799999952|0|0|0|0
7368,7368,6,1,1,255,255,0,0,0,0.0166666675,,19,0,19,0,3,0,,0|0|0.799999952|0|0|0|0,0|0|0.799999952|0|0|0|0
7369,7369,6,1,1,255,255,0,0,0,0.0166666675,,19,0,19,0,3,0,,0|0|0.799999952|0|0|0|0,0|0|0.799999952|0|0|0|0
7370,7370,6,1,1,255,255,0,0,0,0.0166666675,,19,0,19,0,3,0,,0|0|0.799999952|0|0|0|0,0|0|0.799999952|0|0|0|0
7371,7371,6,1,1,255,255,0,0,0,0.0166666675,,19,0,19,0,3,0,,0|0|0.799999952|0|0|0|0,0|0|0.799999952|0|0|0|0
7372,7372,6,1,1,255,255,0,0,0,0.0166666675,,19,0,19,0,3,0,,0|0|0.799999952|0|0|0|0,0|0|0.799999952|0|0|0|0
7373,7373,6,1,1,255,255,0,0,0,0.0166666675,,19,0,19,0,3,0,,0|0|0.799999952|0|0|0|0,0|0|0.799999952|0|0|0|0
7374,7374,6,1,1,255,255,0,0,0,0.0166666675,,19,0,19,0,3,0,,0|0|0.799999952|0|0|0|0,0|0|0.799999952|0|0|0|0
7375,7375,6,1,1,255,255,0,0,0,0.0166666675,,19,0,19,0,3,0,,0|0|0.799999952|0|0|0|0,0|0|0.799999952|0|0|0|0
7376,7376,6,1,1,255,255,0,0,0,0.0166666675,,19,0,19,0,3,0,,0|0|0.799999952|0|0|0|0,0|0|0.799999952|0|0|0|0
7377,7377,6,1,1,255,255,0,0,0,0.0166666675,,19,0,19,0,3,0,,0|0|0.799999952|0|0|0|0,0|0|0.799999952|0|0|0|0
7378,7378,6,1,1,255,255,0,0,0,0.0166666675,,19,0,19,0,3,0,,0|0|0.799999952|0|0|0|0,0|0|0.799999952|0|0|0|0
7379,7379,6,1,1,255,255,0,0,0,0.0166666675,,19,0,19,0,3,0,,0|0|0.799999952|0|0|0|0,0|0|0.799999952|0|0|0|0
7380,7380,6,1,1,255,255,0,0,0,0.0166666675,,19,0,19,0,3,0,,0|0|0.799999952|0|0|0|0,0|0|0.799999952|0|0|0|0
7381,7381,6,1,1,255,255,0,0,0,0.0166666675,,19,0,19,0,3,0,,0|0|0.799999952|0|0|0|0,0|0|0.799999952|0|0|0|0
7382,7382,6,1,1,255,255,0,0,0,0.0166666675,,19,0,19,0,3,0,,0|0|0.799999952|0|0|0|0,0|0|0.799999952|0|0|0|0
7383,7383,6,1,1,255,255,0,0,0,0.0166666675,,19,0,19,0,3,0,,0|0|0.799999952|0|0|0|0,0|0|0.799999952|0|0|0|0
7384,7384,6,1,1,255,255,0,0,0,0.0166666675,,19,0,19,0,3,0,,0|0|0.799999952|0|0|0|0,0|0|0.799999952|0|0|0|0
7385,7385,6,1,1,255,255,0,0,0,0.0166666675,,19,0,19,0,3,0,,0|0|0.799999952|0|0|0|0,0|0|0.799999952|0|0|0|0
7386,7386,6,1,1,255,255,0,0,0,0.0166666675,,19,0,19,0,3,0,,0|0|0.799999952|0|0|0|0,0|0|0.799999952|0|0|0|0
7387,7387,6,1,1,255,255,0,0,0,0.0166666675,,19,0,19,0,3,0,,0|0|0.799999952|0|0|0|0,0|0|0.799999952|0|0|0|0
7388,7388,6,1,1,255,255,0,0,0,0.0166666675,,19,0,19,0,3,0,,0|0|0.799999952|0|0|0|0,0|0|0.799999952|0|0|0|0
7389,7389,6,1,1,255,255,0,0,0,0.0166666675,,19,0,19,0,3,0,,0|0|0.799999952|0|0|0|0,0|0|0.799999952|0|0|0|0
7390,7390,6,1,1,255,255,0,0,0,0.0166666675,,19,0,19,0,3,0,,0|0|0.799999952|0|0|0|0,0|0|0.799999952|0|0|0|0
7391,7391,6,1,1,255,255,0,0,0,0.0166666675,,19,0,19,0,3,0,,0|0|0.799999952|0|0|0|0,0|0|0.799999952|0|0|0|0
7392,7392,6,1,1,255,255,0,0,0,0.0166666675,,19,0,19,0,3,0,,0|0|0.799999952|0|0|0|0,0|0|0.799999952|0|0|0|0
7393,7393,6,1,1,255,255,0,0,0,0.0166666675,,19,0,19,0,3,0,,0|0|0.799999952|0|0|0|0,0|0|0.799999952|0|0|0|0
7394,7394,6,1,1,255,255,0,0,0,0.0166666675,,19,0,19,0,3,0,,0|0|0.799999952|0|0|0|0,0|0|0.799999952|0|0|0|0
7395,7395,6,1,1,255,255,0,0,0,0.0166666675,,19,0,19,0,3,0,,0|0|0.799999952|0|0|0|0,0|0|0.799999952|0|0|0|0
7396,7396,6,1,1,255,255,0,0,0,0.0166666675,,19,0,19,0,3,0,,0|0|0.799999952|0|0|0|0,0|0|0.799999952|0|0|0|0
7397,7397,6,1,1,255,255,0,0,0,0.0166666675,,19,0,19,0,3,0,,0|0|0.799999952|0|0|0|0,0|0|0.799999952|0|0|0|0
7398,7398,6,1,1,255,255,0,0,0,0.0166666675,,19,0,19,0,3,0,,0|0|0.799999952|0|0|0|0,0|0|0.799999952|0|0|0|0
7399,7399,6,1,1,255,255,0,0,0,0.0166666675,,19,0,19,0,3,0,,0|0|0.799999952|0|0|0|0,0|0|0.799999952|0|0|0|0
7400,7400,6,1,1,255,255,0,0,0,0.0166666675,,19,0,19,0,3,0,,0|0|0.799999952|0|0|0|0,0|0|0.799999952|0|0|0|0
7401,7401,6,1,1,255,255,0,0,0,0.0166666675,,19,0,19,0,3,0,,0|0|0.799999952|0|0|0|0,0|0|0.799999952|0|0|0|0
7402,7402,6,1,1,255,255,0,0,0,0.0166666675,,19,0,19,0,3,0,,0|0|0.799999952|0|0|0|0,0|0|0.799999952|0|0|0|0
7403,7403,6,1,1,255,255,0,0,0,0.0166666675,,19,0,19,0,3,0,,0|0|0.799999952|0|0|0|0,0|0|0.799999952|0|0|0|0
7404,7404,6,1,1,255,255,0,0,0,0.0166666675,,19,0,19,0,3,0,,0|0|0.799999952|0|0|0|0,0|0|0.799999952|0|0|0|0
7405,7405,6,1,1,255,255,0,0,0,0.0166666675,,19,0,19,0,3,0,,0|0|0.799999952|0|0|0|0,0|0|0.799999952|0|0|0|0
7406,7406,6,1,1,255,255,0,0,0,0.0166666675,,19,0,19,0,3,0,,0|0|0.799999952|0|0|0|0,0|0|0.799999952|0|0|0|0
7407,7407,6,1,1,255,255,0,0,0,0.0166666675,,19,0,19,0,3,0,,0|0|0.799999952|0|0|0|0,0|0|0.799999952|0|0|0|0
7408,7408,6,1,1,255,255,0,0,0,0.0166666675,,19,0,19,0,3,0,,0|0|0.799999952|0|0|0|0,0|0|0.799999952|0|0|0|0
7409,7409,6,1,1,255,255,0,0,0,0.0166666675,,19,0,19,0,3,0,,0|0|0.799999952|0|0|0|0,0|0|0.799999952|0|0|0|0
7410,7410,6,1,1,255,255,0,0,0,0.0166666675,,19,0,19,0,3,0,,0|0|0.799999952|0|0|0|0,0|0|0.799999952|0|0|0|0
7411,7411,6,1,1,255,255,0,0,0,0.0166666675,,19,0,19,0,3,0,,0|0|0.799999952|0|0|0|0,0|0|0.799999952|0|0|0|0
7412,7412,6,1,1,255,255,0,0,0,0.0166666675,,19,0,19,0,3,0,,0|0|0.799999952|0|0|0|0,0|0|0.799999952|0|0|0|0
7413,7413,6,1,1,255,255,0,0,0,0.0166666675,,19,0,19,0,3,0,,0|0|0.799999952|0|0|0|0,0|0|0.799999952|0|0|0|0
7414,7414,6,1,1,255,255,0,0,0,0.0166666675,,19,0,19,0,3,0,,0|0|0.799999952|0|0|0|0,0|0|0.799999952|0|0|0|0
7415,7415,6,1,1,255,255,0,0,0,0.0166666675,,19,0,19,0,3,0,,0|0|0.799999952|0|0|0|0,0|0|0.799999952|0|0|0|0
7416,7416,6,1,1,255,255,0,0,0,0.0166666675,,19,0,19,0,3,0,,0|0|0.799999952|0|0|0|0,0|0|0.799999952|0|0|0|0
7417,7417,6,1,1,255,255,0,0,0,0.0166666675,,19,0,19,0,3,0,,0|0|0.799999952|0|0|0|0,0|0|0.799999952|0|0|0|0
7418,7418,6,1,1,255,255,0,0,0,0.0166666675,,19,0,19,0,3,0,,0|0|0.799999952|0|0|0|0,0|0|0.799999952|0|0|0|0
7419,7419,6,1,1,255,255,0,0,0,0.0166666675,,19,0,19,0,3,0,,0|0|0.799999952|0|0|0|0,0|0|0.799999952|0|0|0|0
7420,7420,6,1,1,255,255,0,0,0,0.0166666675,,19,0,19,0,3,0,,0|0|0.799999952|0|0|0|0,0|0|0.799999952|0|0|0|0
7421,7421,6,1,1,255,255,0,0,0,0.0166666675,,19,0,19,0,3,0,,0|0|0.799999952|0|0|0|0,0|0|0.799999952|0|0|0|0
7422,7422,6,1,1,255,255,0,0,0,0.0166666675,,19,0,19,0,3,0,,0|0|0.799999952|0|0|0|0,0|0|0.799999952|0|0|0|0
7423,7423,6,1,1,255,255,0,0,0,0.0166666675,,19,0,19,0,3,0,,0|0|0.799999952|0|0|0|0,0|0|0.799999952|0|0|0|0
7424,7424,6,1,1,255,255,0,0,0,0.0166666675,,19,0,19,0,3,0,,0|0|0.799999952|0|0|0|0,0|0|0.799999952|0|0|0|0
7425,7425,6,1,1,255,255,0,0,0,0.0166666675,,19,0,19,0,3,0,,0|0|0.799999952|0|0|0|0,0|0|0.799999952|0|0|0|0
7426,7426,6,1,1,255,255,0,0,0,0.0166666675,,19,0,19,0,3,0,,0|0|0.799999952|0|0|0|0,0|0|0.799999952|0|0|0|0
7427,7427,6,1,1,255,255,0,0,0,0.0166666675,,19,0,19,0,3,0,,0|0|0.799999952|0|0|0|0,0|0|0.799999952|0|0|0|0
7428,7428,6,1,1,255,255,0,0,0,0.0166666675,,19,0,19,0,3,0,,0|0|0.799999952|0|0|0|0,0|0|0.799999952|0|0|0|0
7429,7429,6,1,1,255,255,0,0,0,0.0166666675,,19,0,19,0,3,0,,0|0|0.799999952|0|0|0|0,0|0|0.799999952|0|0|0|0
7430,7430,6,1,1,255,255,0,0,0,0.0166666675,,19,0,19,0,3,0,,0|0|0.799999952|0|0|0|0,0|0|0.799999952|0|0|0|0
7431,7431,6,1,1,255,255,0,0,0,0.0166666675,,19,0,19,0,3,0,,0|0|0.799999952|0|0|0|0,0|0|0.799999952|0|0|0|0
7432,7432,6,1,1,255,255,0,0,0,0.0166666675,,19,0,19,0,3,0,,0|0|0.799999952|0|0|0|0,0|0|0.799999952|0|0|0|0
7433,7433,6,1,1,255,255,0,0,0,0.0166666675,,19,0,19,0,3,0,,0|0|0.799999952|0|0|0|0,0|0|0.799999952|0|0|0|0
7434,7434,6,1,1,255,255,0,0,0,0.0166666675,,19,0,19,0,3,0,,0|0|0.799999952|0|0|0|0,0|0|0.799999952|0|0|0|0
7435,7435,6,1,1,255,255,0,0,0,0.0166666675,,19,0,19,0,3,0,,0|0|0.799999952|0|0|0|0,0|0|0.799999952|0|0|0|0
7436,7436,6,1,1,255,255,0,0,0,0.0166666675,,19,0,19,0,3,0,,0|0|0.799999952|0|0|0|0,0|0|0.799999952|0|0|0|0
7437,7437,6,1,1,255,255,0,0,0,0.0166666675,,19,0,19,0,3,0,,0|0|0.799999952|0|0|0|0,0|0|0.799999952|0|0|0|0
7438,7438,6,1,1,255,255,0,0,0,0.0166666675,,19,0,19,0,3,0,,0|0|0.799999952|0|0|0|0,0|0|0.799999952|0|0|0|0
7439,7439,6,1,1,255,255,0,0,0,0.0166666675,,19,0,19,0,3,0,,0|0|0.799999952|0|0|0|0,0|0|0.799999952|0|0|0|0
7440,7440,6,1,1,255,255,0,0,0,0.0166666675,,19,0,19,0,3,0,,0|0|0.799999952|0|0|0|0,0|0|0.799999952|0|0|0|0
7441,7441,6,1,1,255,255,0,0,0,0.0166666675,,19,0,19,0,3,0,,0|0|0.799999952|0|0|0|0,0|0|0.799999952|0|0|0|0
7442,7442,6,1,1,255,255,0,0,0,0.0166666675,,19,0,19,0,3,0,,0|0|0.799999952|0|0|0|0,0|0|0.799999952|0|0|0|0
7443,7443,6,1,1,255,255,0,0,0,0.0166666675,,19,0,19,0,3,0,,0|0|0.799999952|0|0|0|0,0|0|0.799999952|0|0|0|0
7444,7444,6,1,1,255,255,0,0,0,0.0166666675,,19,0,19,0,3,0,,0|0|0.799999952|0|0|0|0,0|0|0.799999952|0|0|0|0
7445,7445,6,1,1,255,255,0,0,0,0.0166666675,,19,0,19,0,3,0,,0|0|0.799999952|0|0|0|0,0|0|0.799999952|0|0|0|0
7446,7446,6,1,1,255,255,0,0,0,0.0166666675,,19,0,19,0,3,0,,0|0|0.799999952|0|0|0|0,0|0|0.799999952|0|0|0|0
7447,7447,6,1,1,255,255,0,0,0,0.0166666675,,19,0,19,0,3,0,,0|0|0.799999952|0|0|0|0,0|0|0.799999952|0|0|0|0
7448,7448,6,1,1,255,255,0,0,0,0.0166666675,,19,0,19,0,3,0,,0|0|0.799999952|0|0|0|0,0|0|0.799999952|0|0|0|0
7449,7449,6,1,1,255,255,0,0,0,0.0166666675,,19,0,19,0,3,0,,0|0|0.799999952|0|0|0|0,0|0|0.799999952|0|0|0|0
7450,7450,6,1,1,255,255,0,0,0,0.0166666675,,19,0,19,0,3,0,,0|0|0.799999952|0|0|0|0,0|0|0.799999952|0|0|0|0
7451,7451,6,1,1,255,255,0,0,0,0.0166666675,,19,0,19,0,3,0,,0|0|0.799999952|0|0|0|0,0|0|0.799999952|0|0|0|0
7452,7452,6,1,1,255,255,0,0,0,0.0166666675,,19,0,19,0,3,0,,0|0|0.799999952|0|0|0|0,0|0|0.799999952|0|0|0|0
7453,7453,6,1,1,255,255,0,0,0,0.0166666675,,19,0,19,0,3,0,,0|0|0.799999952|0|0|0|0,0|0|0.799999952|0|0|0|0
7454,7454,6,1,1,255,255,0,0,0,0.0166666675,,19,0,19,0,3,0,,0|0|0.799999952|0|0|0|0,0|0|0.799999952|0|0|0|0
7455,7455,6,1,1,255,255,0,0,0,0.0166666675,,19,0,19,0,3,0,,0|0|0.799999952|0|0|0|0,0|0|0.799999952|0|0|0|0
7456,7456,6,1,1,255,255,0,0,0,0.0166666675,,19,0,19,0,3,0,,0|0|0.799999952|0|0|0|0,0|0|0.799999952|0|0|0|0
7457,7457,6,1,1,255,255,0,0,0,0.0166666675,,19,0,19,0,3,0,,0|0|0.799999952|0|0|0|0,0|0|0.799999952|0|0|0|0
7458,7458,6,1,1,255,255,0,0,0,0.0166666675,,19,0,19,0,3,0,,0|0|0.799999952|0|0|0|0,0|0|0.799999952|0|0|0|0
7459,7459,6,1,1,255,255,0,0,0,0.0166666675,,19,0,19,0,3,0,,0|0|0.799999952|0|0|0|0,0|0|0.799999952|0|0|0|0
7460,7460,6,1,1,255,255,0,0,0,0.0166666675,,19,0,19,0,3,0,,0|0|0.799999952|0|0|0|0,0|0|0.799999952|0|0|0|0
7461,7461,6,1,1,255,255,0,0,0,0.0166666675,,19,0,19,0,3,0,,0|0|0.799999952|0|0|0|0,0|0|0.799999952|0|0|0|0
7462,7462,6,1,1,255,255,0,0,0,0.0166666675,,19,0,19,0,3,0,,0|0|0.799999952|0|0|0|0,0|0|0.799999952|0|0|0|0
7463,7463,6,1,1,255,255,0,0,0,0.0166666675,,19,0,19,0,3,0,,0|0|0.799999952|0|0|0|0,0|0|0.799999952|0|0|0|0
7464,7464,6,1,1,255,255,0,0,0,0.0166666675,,19,0,19,0,3,0,,0|0|0.799999952|0|0|0|0,0|0|0.799999952|0|0|0|0
7465,7465,6,1,1,255,255,0,0,0,0.0166666675,,19,0,19,0,3,0,,0|0|0.799999952|0|0|0|0,0|0|0.799999952|0|0|0|0
7466,7466,6,1,1,255,255,0,0,0,0.0166666675,,19,0,19,0,3,0,,0|0|0.799999952|0|0|0|0,0|0|0.799999952|0|0|0|0
7467,7467,6,1,1,255,255,0,0,0,0.0166666675,,19,0,19,0,3,0,,0|0|0.799999952|0|0|0|0,0|0|0.799999952|0|0|0|0
7468,7468,6,1,1,255,255,0,0,0,0.0166666675,,19,0,19,0,3,0,,0|0|0.799999952|0|0|0|0,0|0|0.799999952|0|0|0|0
7469,7469,6,1,1,255,255,0,0,0,0.0166666675,,19,0,19,0,3,0,,0|0|0.799999952|0|0|0|0,0|0|0.799999952|0|0|0|0
7470,7470,6,1,1,255,255,0,0,0,0.0166666675,,19,0,19,0,3,0,,0|0|0.799999952|0|0|0|0,0|0|0.799999952|0|0|0|0
7471,7471,6,1,1,255,255,0,0,0,0.0166666675,,19,0,19,0,3,0,,0|0|0.799999952|0|0|0|0,0|0|0.699999928|0|0|0|0
7472,7472,6,1,1,255,255,0,0,0,0.0166666675,,19,0,19,0,3,0,,0|0|0.699999928|0|0|0|0,0|0|0.699999928|0|0|0|0
7473,7473,6,1,1,255,255,0,0,0,0.0166666675,,19,0,19,0,3,0,,0|0|0.699999928|0|0|0|0,0|0|0.699999928|0|0|0|0
7474,7474,6,1,1,255,255,0,0,0,0.0166666675,,19,0,19,0,3,0,,0|0|0.699999928|0|0|0|0,0|0|0.699999928|0|0|0|0
7475,7475,6,1,1,255,255,0,0,0,0.0166666675,,19,0,19,0,3,0,,0|0|0.699999928|0|0|0|0,0|0|0.699999928|0|0|0|0
7476,7476,6,1,1,255,255,0,0,0,0.0166666675,,19,0,19,0,3,0,,0|0|0.699999928|0|0|0|0,0|0|0.699999928|0|0|0|0
7477,7477,6,1,1,255,255,0,0,0,0.0166666675,,19,0,19,0,3,0,,0|0|0.699999928|0|0|0|0,0|0|0.699999928|0|0|0|0
7478,7478,6,1,1,255,255,0,0,0,0.0166666675,,19,0,19,0,3,0,,0|0|0.699999928|0|0|0|0,0|0|0.699999928|0|0|0|0
7479,7479,6,1,1,255,255,0,0,0,0.0166666675,,19,0,19,0,3,0,,0|0|0.699999928|0|0|0|0,0|0|0.699999928|0|0|0|0
7480,7480,6,1,1,255,255,0,0,0,0.0166666675,,19,0,19,0,3,0,,0|0|0.699999928|0|0|0|0,0|0|0.699999928|0|0|0|0
7481,7481,6,1,1,255,255,0,0,0,0.0166666675,,19,0,19,0,3,0,,0|0|0.699999928|0|0|0|0,0|0|0.699999928|0|0|0|0
7482,7482,6,1,1,255,255,0,0,0,0.0166666675,,19,0,19,0,3,0,,0|0|0.699999928|0|0|0|0,0|0|0.699999928|0|0|0|0
7483,7483,6,1,1,255,255,0,0,0,0.0166666675,,19,0,19,0,3,0,,0|0|0.699999928|0|0|0|0,0|0|0.699999928|0|0|0|0
7484,7484,6,1,1,255,255,0,0,0,0.0166666675,,19,0,19,0,3,0,,0|0|0.699999928|0|0|0|0,0|0|0.699999928|0|0|0|0
7485,7485,6,1,1,255,255,0,0,0,0.0166666675,,19,0,19,0,3,0,,0|0|0.699999928|0|0|0|0,0|0|0.699999928|0|0|0|0
7486,7486,6,1,1,255,255,0,0,0,0.0166666675,,19,0,19,0,3,0,,0|0|0.699999928|0|0|0|0,0|0|0.699999928|0|0|0|0
7487,7487,6,1,1,255,255,0,0,0,0.0166666675,,19,0,19,0,3,0,,0|0|0.699999928|0|0|0|0,0|0|0.699999928|0|0|0|0
7488,7488,6,1,1,255,255,0,0,0,0.0166666675,,19,0,19,0,3,0,,0|0|0.699999928|0|0|0|0,0|0|0.699999928|0|0|0|0
7489,7489,6,1,1,255,255,0,0,0,0.0166666675,,19,0,19,0,3,0,,0|0|0.699999928|0|0|0|0,0|0|0.699999928|0|0|0|0
7490,7490,6,1,1,255,255,0,0,0,0.0166666675,,19,0,19,0,3,0,,0|0|0.699999928|0|0|0|0,0|0|0.699999928|0|0|0|0
7491,7491,6,1,1,255,255,0,0,0,0.0166666675,,19,0,19,0,3,0,,0|0|0.699999928|0|0|0|0,0|0|0.699999928|0|0|0|0
7492,7492,6,1,1,255,255,0,0,0,0.0166666675,,19,0,19,0,3,0,,0|0|0.699999928|0|0|0|0,0|0|0.699999928|0|0|0|0
7493,7493,6,1,1,255,255,0,0,0,0.0166666675,,19,0,19,0,3,0,,0|0|0.699999928|0|0|0|0,0|0|0.699999928|0|0|0|0
7494,7494,6,1,1,255,255,0,0,0,0.0166666675,,19,0,19,0,3,0,,0|0|0.699999928|0|0|0|0,0|0|0.699999928|0|0|0|0
7495,7495,6,1,1,255,255,0,0,0,0.0166666675,,19,0,19,0,3,0,,0|0|0.699999928|0|0|0|0,0|0|0.699999928|0|0|0|0
7496,7496,6,1,1,255,255,0,0,0,0.0166666675,,19,0,19,0,3,0,,0|0|0.699999928|0|0|0|0,0|0|0.599999905|0|0|0|0
7497,7497,6,1,1,255,255,0,0,0,0.0166666675,,19,0,19,0,3,0,,0|0|0.599999905|0|0|0|0,0|0|0.599999905|0|0|0|0
7498,7498,6,1,1,255,255,0,0,0,0.0166666675,,19,0,19,0,3,0,,0|0|0.599999905|0|0|0|0,0|0|0.599999905|0|0|0|0
7499,7499,6,1,1,255,255,0,0,0,0.0166666675,,19,0,19,0,3,0,,0|0|0.599999905|0|0|0|0,0|0|0.599999905|0|0|0|0
7500,7500,6,1,1,255,255,0,0,0,0.0166666675,,19,0,19,0,3,0,,0|0|0.599999905|0|0|0|0,0|0|0.599999905|0|0|0|0
7501,7501,6,1,1,255,255,0,0,0,0.0166666675,,19,0,19,0,3,0,,0|0|0.599999905|0|0|0|0,0|0|0.599999905|0|0|0|0
7502,7502,6,1,1,255,255,0,0,0,0.0166666675,,19,0,19,0,3,0,,0|0|0.599999905|0|0|0|0,0|0|0.599999905|0|0|0|0
7503,7503,6,1,1,255,255,0,0,0,0.0166666675,,19,0,19,0,3,0,,0|0|0.599999905|0|0|0|0,0|0|0.599999905|0|0|0|0
7504,7504,6,1,1,255,255,0,0,0,0.0166666675,,19,0,19,0,3,0,,0|0|0.599999905|0|0|0|0,0|0|0.599999905|0|0|0|0
7505,7505,6,1,1,255,255,0,0,0,0.0166666675,,19,0,19,0,3,0,,0|0|0.599999905|0|0|0|0,0|0|0.599999905|0|0|0|0
7506,7506,6,1,1,255,255,0,0,0,0.0166666675,,19,0,19,0,3,0,,0|0|0.599999905|0|0|0|0,0|0|0.599999905|0|0|0|0
7507,7507,6,1,1,255,255,0,0,0,0.0166666675,,19,0,19,0,3,0,,0|0|0.599999905|0|0|0|0,0|0|0.599999905|0|0|0|0
7508,7508,6,1,1,255,255,0,0,0,0.0166666675,,19,0,19,0,3,0,,0|0|0.599999905|0|0|0|0,0|0|0.599999905|0|0|0|0
7509,7509,6,1,1,255,255,0,0,0,0.0166666675,,19,0,19,0,3,0,,0|0|0.599999905|0|0|0|0,0|0|0.599999905|0|0|0|0
7510,7510,6,1,1,255,255,0,0,0,0.0166666675,,19,0,19,0,3,0,,0|0|0.599999905|0|0|0|0,0|0|0.599999905|0|0|0|0
7511,7511,6,1,1,255,255,0,0,0,0.0166666675,,19,0,19,0,3,0,,0|0|0.599999905|0|0|0|0,0|0|0.599999905|0|0|0|0
7512,7512,6,1,1,255,255,0,0,0,0.0166666675,,19,0,19,0,3,0,,0|0|0.599999905|0|0|0|0,0|0|0.599999905|0|0|0|0
7513,7513,6,1,1,255,255,0,0,0,0.0166666675,,19,0,19,0,3,0,,0|0|0.599999905|0|0|0|0,0|0|0.599999905|0|0|0|0
7514,7514,6,1,1,255,255,0,0,0,0.0166666675,,19,0,19,0,3,0,,0|0|0.599999905|0|0|0|0,0|0|0.599999905|0|0|0|0
7515,7515,6,1,1,255,255,0,0,0,0.0166666675,,19,0,19,0,3,0,,0|0|0.599999905|0|0|0|0,0|0|0.599999905|0|0|0|0
7516,7516,6,1,1,255,255,0,0,0,0.0166666675,,19,0,19,0,3,0,,0|0|0.599999905|0|0|0|0,0|0|0.599999905|0|0|0|0
7517,7517,6,1,1,255,255,0,0,0,0.0166666675,,19,0,19,0,3,0,,0|0|0.599999905|0|0|0|0,0|0|0.599999905|0|0|0|0
7518,7518,6,1,1,255,255,0,0,0,0.0166666675,,19,0,19,0,3,0,,0|0|0.599999905|0|0|0|0,0|0|0.599999905|0|0|0|0
7519,7519,6,1,1,255,255,0,0,0,0.0166666675,,19,0,19,0,3,0,,0|0|0.599999905|0|0|0|0,0|0|0.599999905|0|0|0|0
7520,7520,6,1,1,255,255,0,0,0,0.0166666675,,19,0,19,0,3,0,,0|0|0.599999905|0|0|0|0,0|0|0.599999905|0|0|0|0
7521,7521,6,1,1,255,255,0,0,0,0.0166666675,,19,0,19,0,3,0,,0|0|0.599999905|0|0|0|0,0|0|0.599999905|0|0|0|0
7522,7522,6,1,1,255,255,0,0,0,0.0166666675,,19,0,19,0,3,0,,0|0|0.599999905|0|0|0|0,0|0|0.599999905|0|0|0|0
7523,7523,6,1,1,255,255,0,0,0,0.0166666675,,19,0,19,0,3,0,,0|0|0.599999905|0|0|0|0,0|0|0.599999905|0|0|0|0
7524,7524,6,1,1,255,255,0,0,0,0.0166666675,,19,0,19,0,3,0,,0|0|0.599999905|0|0|0|0,0|0|0.599999905|0|0|0|0
7525,7525,6,1,1,255,255,0,0,0,0.0166666675,,19,0,19,0,3,0,,0|0|0.599999905|0|0|0|0,0|0|0.599999905|0|0|0|0
7526,7526,6,1,1,255,255,0,0,0,0.0166666675,,19,0,19,0,3,0,,0|0|0.599999905|0|0|0|0,0|0|0.599999905|0|0|0|0
7527,7527,6,1,1,255,255,0,0,0,0.0166666675,,19,0,19,0,3,0,,0|0|0.599999905|0|0|0|0,0|0|0.599999905|0|0|0|0
7528,7528,6,1,1,255,255,0,0,0,0.0166666675,,19,0,19,0,3,0,,0|0|0.599999905|0|0|0|0,0|0|0.599999905|0|0|0|0
7529,7529,6,1,1,255,255,0,0,0,0.0166666675,,19,0,19,0,3,0,,0|0|0.599999905|0|0|0|0,0|0|0.599999905|0|0|0|0
7530,7530,6,1,1,255,255,0,0,0,0.0166666675,,19,0,19,0,3,0,,0|0|0.599999905|0|0|0|0,0|0|0.599999905|0|0|0|0
7531,7531,6,1,1,255,255,0,0,0,0.0166666675,,19,0,19,0,3,0,,0|0|0.599999905|0|0|0|0,0|0|0.599999905|0|0|0|0
7532,7532,6,1,1,255,255,0,0,0,0.0166666675,,19,0,19,0,3,0,,0|0|0.599999905|0|0|0|0,0|0|0.599999905|0|0|0|0
7533,7533,6,1,1,255,255,0,0,0,0.0166666675,,19,0,19,0,3,0,,0|0|0.599999905|0|0|0|0,0|0|0.599999905|0|0|0|0
7534,7534,6,1,1,255,255,0,0,0,0.0166666675,,19,0,19,0,3,0,,0|0|0.599999905|0|0|0|0,0|0|0.599999905|0|0|0|0
7535,7535,6,1,1,255,255,0,0,0,0.0166666675,,19,0,19,0,3,0,,0|0|0.599999905|0|0|0|0,0|0|0.599999905|0|0|0|0
7536,7536,6,1,1,255,255,0,0,0,0.0166666675,,19,0,19,0,3,0,,0|0|0.599999905|0|0|0|0,0|0|0.599999905|0|0|0|0
7537,7537,6,1,1,255,255,0,0,0,0.0166666675,,19,0,19,0,3,0,,0|0|0.599999905|0|0|0|0,0|0|0.599999905|0|0|0|0
7538,7538,6,1,1,255,255,0,0,0,0.0166666675,,19,0,19,0,3,0,,0|0|0.599999905|0|0|0|0,0|0|0.599999905|0|0|0|0
7539,7539,6,1,1,255,255,0,0,0,0.0166666675,,19,0,19,0,3,0,,0|0|0.599999905|0|0|0|0,0|0|0.599999905|0|0|0|0
7540,7540,6,1,1,255,255,0,0,0,0.0166666675,,19,0,19,0,3,0,,0|0|0.599999905|0|0|0|0,0|0|0.599999905|0|0|0|0
7541,7541,6,1,1,255,255,0,0,0,0.0166666675,,19,0,19,0,3,0,,0|0|0.599999905|0|0|0|0,0|0|0.599999905|0|0|0|0
7542,7542,6,1,1,255,255,0,0,0,0.0166666675,,19,0,19,0,3,0,,0|0|0.599999905|0|0|0|0,0|0|0.599999905|0|0|0|0
7543,7543,6,1,1,255,255,0,0,0,0.0166666675,,19,0,19,0,3,0,,0|0|0.599999905|0|0|0|0,0|0|0.599999905|0|0|0|0
7544,7544,6,1,1,255,255,0,0,0,0.0166666675,,19,0,19,0,3,0,,0|0|0.599999905|0|0|0|0,0|0|0.599999905|0|0|0|0
7545,7545,6,1,1,255,255,0,0,0,0.0166666675,,19,0,19,0,3,0,,0|0|0.599999905|0|0|0|0,0|0|0.599999905|0|0|0|0
7546,7546,6,1,1,255,255,0,0,0,0.0166666675,,19,0,19,0,3,0,,0|0|0.599999905|0|0|0|0,0|0|0.599999905|0|0|0|0
7547,7547,6,1,1,255,255,0,0,0,0.0166666675,,19,0,19,0,3,0,,0|0|0.599999905|0|0|0|0,0|0|0.599999905|0|0|0|0
7548,7548,6,1,1,255,255,0,0,0,0.0166666675,,19,0,19,0,3,0,,0|0|0.599999905|0|0|0|0,0|0|0.599999905|0|0|0|0
7549,7549,6,1,1,255,255,0,0,0,0.0166666675,,19,0,19,0,3,0,,0|0|0.599999905|0|0|0|0,0|0|0.599999905|0|0|0|0
7550,7550,6,1,1,255,255,0,0,0,0.0166666675,,19,0,19,0,3,0,,0|0|0.599999905|0|0|0|0,0|0|0.599999905|0|0|0|0
7551,7551,6,1,1,255,255,0,0,0,0.0166666675,,19,0,19,0,3,0,,0|0|0.599999905|0|0|0|0,0|0|0.599999905|0|0|0|0
7552,7552,6,1,1,255,255,0,0,0,0.0166666675,,19,0,19,0,3,0,,0|0|0.599999905|0|0|0|0,0|0|0.599999905|0|0|0|0
7553,7553,6,1,1,255,255,0,0,0,0.0166666675,,19,0,19,0,3,0,,0|0|0.599999905|0|0|0|0,0|0|0.599999905|0|0|0|0
7554,7554,6,1,1,255,255,0,0,0,0.0166666675,,19,0,19,0,3,0,,0|0|0.599999905|0|0|0|0,0|0|0.599999905|0|0|0|0
7555,7555,6,1,1,255,255,0,0,0,0.0166666675,,19,0,19,0,3,0,,0|0|0.599999905|0|0|0|0,0|0|0.599999905|0|0|0|0
7556,7556,6,1,1,255,255,0,0,0,0.0166666675,,19,0,19,0,3,0,,0|0|0.599999905|0|0|0|0,0|0|0.599999905|0|0|0|0
7557,7557,6,1,1,255,255,0,0,0,0.0166666675,,19,0,19,0,3,0,,0|0|0.599999905|0|0|0|0,0|0|0.599999905|0|0|0|0
7558,7558,6,1,1,255,255,0,0,0,0.0166666675,,19,0,19,0,3,0,,0|0|0.599999905|0|0|0|0,0|0|0.599999905|0|0|0|0
7559,7559,6,1,1,255,255,0,0,0,0.0166666675,,19,0,19,0,3,0,,0|0|0.599999905|0|0|0|0,0|0|0.599999905|0|0|0|0
7560,7560,6,1,1,255,255,0,0,0,0.0166666675,,19,0,19,0,3,0,,0|0|0.599999905|0|0|0|0,0|0|0.599999905|0|0|0|0
7561,7561,6,1,1,255,255,0,0,0,0.0166666675,,19,0,19,0,3,0,,0|0|0.599999905|0|0|0|0,0|0|0.599999905|0|0|0|0
7562,7562,6,1,1,255,255,0,0,0,0.0166666675,,19,0,19,0,3,0,,0|0|0.599999905|0|0|0|0,0|0|0.599999905|0|0|0|0
7563,7563,6,1,1,255,255,0,0,0,0.0166666675,,19,0,19,0,3,0,,0|0|0.599999905|0|0|0|0,0|0|0.599999905|0|0|0|0
7564,7564,6,1,1,255,255,0,0,0,0.0166666675,,19,0,19,0,3,0,,0|0|0.599999905|0|0|0|0,0|0|0.599999905|0|0|0|0
7565,7565,6,1,1,255,255,0,0,0,0.0166666675,,19,0,19,0,3,0,,0|0|0.599999905|0|0|0|0,0|0|0.599999905|0|0|0|0
7566,7566,6,1,1,255,255,0,0,0,0.0166666675,,19,0,19,0,3,0,,0|0|0.599999905|0|0|0|0,0|0|0.599999905|0|0|0|0
7567,7567,6,1,1,255,255,0,0,0,0.0166666675,,19,0,19,0,3,0,,0|0|0.599999905|0|0|0|0,0|0|0.599999905|0|0|0|0
7568,7568,6,1,1,255,255,0,0,0,0.0166666675,,19,0,19,0,3,0,,0|0|0.599999905|0|0|0|0,0|0|0.599999905|0|0|0|0
7569,7569,6,1,1,255,255,0,0,0,0.0166666675,,19,0,19,0,3,0,,0|0|0.599999905|0|0|0|0,0|0|0.599999905|0|0|0|0
7570,7570,6,1,1,255,255,0,0,0,0.0166666675,,19,0,19,0,3,0,,0|0|0.599999905|0|0|0|0,0|0|0.599999905|0|0|0|0
7571,7571,6,1,1,255,255,0,0,0,0.0166666675,,19,0,19,0,3,0,,0|0|0.599999905|0|0|0|0,0|0|0.599999905|0|0|0|0
7572,7572,6,1,1,255,255,0,0,0,0.0166666675,,19,0,19,0,3,0,,0|0|0.599999905|0|0|0|0,0|0|0.599999905|0|0|0|0
7573,7573,6,1,1,255,255,0,0,0,0.0166666675,,19,0,19,0,3,0,,0|0|0.599999905|0|0|0|0,0|0|0.599999905|0|0|0|0
7574,7574,6,1,1,255,255,0,0,0,0.0166666675,,19,0,19,0,3,0,,0|0|0.599999905|0|0|0|0,0|0|0.599999905|0|0|0|0
7575,7575,6,1,1,255,255,0,0,0,0.0166666675,,19,0,19,0,3,0,,0|0|0.599999905|0|0|0|0,0|0|0.599999905|0|0|0|0
7576,7576,6,1,1,255,255,0,0,0,0.0166666675,,19,0,19,0,3,0,,0|0|0.599999905|0|0|0|0,0|0|0.599999905|0|0|0|0
7577,7577,6,1,1,255,255,0,0,0,0.0166666675,,19,0,19,0,3,0,,0|0|0.599999905|0|0|0|0,0|0|0.599999905|0|0|0|0
7578,7578,6,1,1,255,255,0,0,0,0.0166666675,,19,0,19,0,3,0,,0|0|0.599999905|0|0|0|0,0|0|0.599999905|0|0|0|0
7579,7579,6,1,1,255,255,0,0,0,0.0166666675,,19,0,19,0,3,0,,0|0|0.599999905|0|0|0|0,0|0|0.599999905|0|0|0|0
7580,7580,6,1,1,255,255,0,0,0,0.0166666675,,19,0,19,0,3,0,,0|0|0.599999905|0|0|0|0,0|0|0.599999905|0|0|0|0
7581,7581,6,1,1,255,255,0,0,0,0.0166666675,,19,0,19,0,3,0,,0|0|0.599999905|0|0|0|0,0|0|0.599999905|0|0|0|0
7582,7582,6,1,1,255,255,0,0,0,0.0166666675,,19,0,19,0,3,0,,0|0|0.599999905|0|0|0|0,0|0|0.599999905|0|0|0|0
7583,7583,6,1,1,255,255,0,0,0,0.0166666675,,19,0,19,0,3,0,,0|0|0.599999905|0|0|0|0,0|0|0.599999905|0|0|0|0
7584,7584,6,1,1,255,255,0,0,0,0.0166666675,,19,0,19,0,3,0,,0|0|0.599999905|0|0|0|0,0|0|0.599999905|0|0|0|0
7585,7585,6,1,1,255,255,0,0,0,0.0166666675,,19,0,19,0,3,0,,0|0|0.599999905|0|0|0|0,0|0|0.599999905|0|0|0|0
7586,7586,6,1,1,255,255,0,0,0,0.0166666675,,19,0,19,0,3,0,,0|0|0.599999905|0|0|0|0,0|0|0.599999905|0|0|0|0
7587,7587,6,1,1,255,255,0,0,0,0.0166666675,,19,0,19,0,3,0,,0|0|0.599999905|0|0|0|0,0|0|0.599999905|0|0|0|0
7588,7588,6,1,1,255,255,0,0,0,0.0166666675,,19,0,19,0,3,0,,0|0|0.599999905|0|0|0|0,0|0|0.599999905|0|0|0|0
7589,7589,6,1,1,255,255,0,0,0,0.0166666675,,19,0,19,0,3,0,,0|0|0.599999905|0|0|0|0,0|0|0.599999905|0|0|0|0
7590,7590,6,1,1,255,255,0,0,0,0.0166666675,,19,0,19,0,3,0,,0|0|0.599999905|0|0|0|0,0|0|0.599999905|0|0|0|0
7591,7591,6,1,1,255,255,0,0,0,0.0166666675,,19,0,19,0,3,0,,0|0|0.599999905|0|0|0|0,0|0|0.599999905|0|0|0|0
7592,7592,6,1,1,255,255,0,0,0,0.0166666675,,19,0,19,0,3,0,,0|0|0.599999905|0|0|0|0,0|0|0.599999905|0|0|0|0
7593,7593,6,1,1,255,255,0,0,0,0.0166666675,,19,0,19,0,3,0,,0|0|0.599999905|0|0|0|0,0|0|0.599999905|0|0|0|0
7594,7594,6,1,1,255,255,0,0,0,0.0166666675,,19,0,19,0,3,0,,0|0|0.599999905|0|0|0|0,0|0|0.599999905|0|0|0|0
7595,7595,6,1,1,255,255,0,0,0,0.0166666675,,19,0,19,0,3,0,,0|0|0.599999905|0|0|0|0,0|0|0.599999905|0|0|0|0
7596,7596,6,1,1,255,255,0,0,0,0.0166666675,,19,0,19,0,3,0,,0|0|0.599999905|0|0|0|0,0|0|0.599999905|0|0|0|0
7597,7597,6,1,1,255,255,0,0,0,0.0166666675,,19,0,19,0,3,0,,0|0|0.599999905|0|0|0|0,0|0|0.599999905|0|0|0|0
7598,7598,6,1,1,255,255,0,0,0,0.0166666675,,19,0,19,0,3,0,,0|0|0.599999905|0|0|0|0,0|0|0.599999905|0|0|0|0
7599,7599,6,1,1,255,255,0,0,0,0.0166666675,,19,0,19,0,3,0,,0|0|0.599999905|0|0|0|0,0|0|0.599999905|0|0|0|0
7600,7600,6,1,1,255,255,0,0,0,0.0166666675,,19,0,19,0,3,0,,0|0|0.599999905|0|0|0|0,0|0|0.599999905|0|0|0|0
7601,7601,6,1,1,255,255,0,0,0,0.0166666675,,19,0,19,0,3,0,,0|0|0.599999905|0|0|0|0,0|0|0.599999905|0|0|0|0
7602,7602,6,1,1,255,255,0,0,0,0.0166666675,,19,0,19,0,3,0,,0|0|0.599999905|0|0|0|0,0|0|0.599999905|0|0|0|0
7603,7603,6,1,1,255,255,0,0,0,0.0166666675,,19,0,19,0,3,0,,0|0|0.599999905|0|0|0|0,0|0|0.599999905|0|0|0|0
7604,7604,6,1,1,255,255,0,0,0,0.0166666675,,19,0,19,0,3,0,,0|0|0.599999905|0|0|0|0,0|0|0.599999905|0|0|0|0
7605,7605,6,1,1,255,255,0,0,0,0.0166666675,,19,0,19,0,3,0,,0|0|0.599999905|0|0|0|0,0|0|0.599999905|0|0|0|0
7606,7606,6,1,1,255,255,0,0,0,0.0166666675,,19,0,19,0,3,0,,0|0|0.599999905|0|0|0|0,0|0|0.599999905|0|0|0|0
7607,7607,6,1,1,255,255,0,0,0,0.0166666675,,19,0,19,0,3,0,,0|0|0.599999905|0|0|0|0,0|0|0.599999905|0|0|0|0
7608,7608,6,1,1,255,255,0,0,0,0.0166666675,,19,0,19,0,3,0,,0|0|0.599999905|0|0|0|0,0|0|0.599999905|0|0|0|0
7609,7609,6,1,1,255,255,0,0,0,0.0166666675,,19,0,19,0,3,0,,0|0|0.599999905|0|0|0|0,0|0|0.599999905|0|0|0|0
7610,7610,6,1,1,255,255,0,0,0,0.0166666675,,19,0,19,0,3,0,,0|0|0.599999905|0|0|0|0,0|0|0.599999905|0|0|0|0
7611,7611,6,1,1,255,255,0,0,0,0.0166666675,,19,0,19,0,3,0,,0|0|0.599999905|0|0|0|0,0|0|0.599999905|0|0|0|0
7612,7612,6,1,1,255,255,0,0,0,0.0166666675,,19,0,19,0,3,0,,0|0|0.599999905|0|0|0|0,0|0|0.599999905|0|0|0|0
7613,7613,6,1,1,255,255,0,0,0,0.0166666675,,19,0,19,0,3,0,,0|0|0.599999905|0|0|0|0,0|0|0.599999905|0|0|0|0
7614,7614,6,1,1,255,255,0,0,0,0.0166666675,,19,0,19,0,3,0,,0|0|0.599999905|0|0|0|0,0|0|0.599999905|0|0|0|0
7615,7615,6,1,1,255,255,0,0,0,0.0166666675,,19,0,19,0,3,0,,0|0|0.599999905|0|0|0|0,0|0|0.599999905|0|0|0|0
7616,7616,6,1,1,255,255,0,0,0,0.0166666675,,19,0,19,0,3,0,,0|0|0.599999905|0|0|0|0,0|0|0.599999905|0|0|0|0
7617,7617,6,1,1,255,255,0,0,0,0.0166666675,,19,0,19,0,3,0,,0|0|0.599999905|0|0|0|0,0|0|0.599999905|0|0|0|0
7618,7618,6,1,1,255,255,0,0,0,0.0166666675,,19,0,19,0,3,0,,0|0|0.599999905|0|0|0|0,0|0|0.599999905|0|0|0|0
7619,7619,6,1,1,255,255,0,0,0,0.0166666675,,19,0,19,0,3,0,,0|0|0.599999905|0|0|0|0,0|0|0.599999905|0|0|0|0
7620,7620,6,1,1,255,255,0,0,0,0.0166666675,,19,0,19,0,3,0,,0|0|0.599999905|0|0|0|0,0|0|0.599999905|0|0|0|0
7621,7621,6,1,1,255,255,0,0,0,0.0166666675,,19,0,19,0,3,0,,0|0|0.599999905|0|0|0|0,0|0|0.599999905|0|0|0|0
7622,7622,6,1,1,255,255,0,0,0,0.0166666675,,19,0,19,0,3,0,,0|0|0.599999905|0|0|0|0,0|0|0.599999905|0|0|0|0
7623,7623,6,1,1,255,255,0,0,0,0.0166666675,,19,0,19,0,3,0,,0|0|0.599999905|0|0|0|0,0|0|0.599999905|0|0|0|0
7624,7624,6,1,1,255,255,0,0,0,0.0166666675,,19,0,19,0,3,0,,0|0|0.599999905|0|0|0|0,0|0|0.599999905|0|0|0|0
7625,7625,6,1,1,255,255,0,0,0,0.0166666675,,19,0,19,0,3,0,,0|0|0.599999905|0|0|0|0,0|0|0.599999905|0|0|0|0
7626,7626,6,1,1,255,255,0,0,0,0.0166666675,,19,0,19,0,3,0,,0|0|0.599999905|0|0|0|0,0|0|0.599999905|0|0|0|0
7627,7627,6,1,1,255,255,0,0,0,0.0166666675,,19,0,19,0,3,0,,0|0|0.599999905|0|0|0|0,0|0|0.599999905|0|0|0|0
7628,7628,6,1,1,255,255,0,0,0,0.0166666675,,19,0,19,0,3,0,,0|0|0.599999905|0|0|0|0,0|0|0.599999905|0|0|0|0
7629,7629,6,1,1,255,255,0,0,0,0.0166666675,,19,0,19,0,3,0,,0|0|0.599999905|0|0|0|0,0|0|0.599999905|0|0|0|0
7630,7630,6,1,1,255,255,0,0,0,0.0166666675,,19,0,19,0,3,0,,0|0|0.599999905|0|0|0|0,0|0|0.599999905|0|0|0|0
7631,7631,6,1,1,255,255,0,0,0,0.0166666675,,19,0,19,0,3,0,,0|0|0.599999905|0|0|0|0,0|0|0.599999905|0|0|0|0
7632,7632,6,1,1,255,255,0,0,0,0.0166666675,,19,0,19,0,3,0,,0|0|0.599999905|0|0|0|0,0|0|0.599999905|0|0|0|0
7633,7633,6,1,1,255,255,0,0,0,0.0166666675,,19,0,19,0,3,0,,0|0|0.599999905|0|0|0|0,0|0|0.599999905|0|0|0|0
7634,7634,6,1,1,255,255,0,0,0,0.0166666675,,19,0,19,0,3,0,,0|0|0.599999905|0|0|0|0,0|0|0.599999905|0|0|0|0
7635,7635,6,1,1,255,255,0,0,0,0.0166666675,,19,0,19,0,3,0,,0|0|0.599999905|0|0|0|0,0|0|0.599999905|0|0|0|0
7636,7636,6,1,1,255,255,0,0,0,0.0166666675,,19,0,19,0,3,0,,0|0|0.599999905|0|0|0|0,0|0|0.599999905|0|0|0|0
7637,7637,6,1,1,255,255,0,0,0,0.0166666675,,19,0,19,0,3,0,,0|0|0.599999905|0|0|0|0,0|0|0.599999905|0|0|0|0
7638,7638,6,1,1,255,255,0,0,0,0.0166666675,,19,0,19,0,3,0,,0|0|0.599999905|0|0|0|0,0|0|0.599999905|0|0|0|0
7639,7639,6,1,1,255,255,0,0,0,0.0166666675,,19,0,19,0,3,0,,0|0|0.599999905|0|0|0|0,0|0|0.599999905|0|0|0|0
7640,7640,6,1,1,255,255,0,0,0,0.0166666675,,19,0,19,0,3,0,,0|0|0.599999905|0|0|0|0,0|0|0.599999905|0|0|0|0
7641,7641,6,1,1,255,255,0,0,0,0.0166666675,,19,0,19,0,3,0,,0|0|0.599999905|0|0|0|0,0|0|0.599999905|0|0|0|0
7642,7642,6,1,1,255,255,0,0,0,0.0166666675,,19,0,19,0,3,0,,0|0|0.599999905|0|0|0|0,0|0|0.599999905|0|0|0|0
7643,7643,6,1,1,255,255,0,0,0,0.0166666675,,19,0,19,0,3,0,,0|0|0.599999905|0|0|0|0,0|0|0.599999905|0|0|0|0
7644,7644,6,1,1,255,255,0,0,0,0.0166666675,,19,0,19,0,3,0,,0|0|0.599999905|0|0|0|0,0|0|0.599999905|0|0|0|0
7645,7645,6,1,1,255,255,0,0,0,0.0166666675,,19,0,19,0,3,0,,0|0|0.599999905|0|0|0|0,0|0|0.599999905|0|0|0|0
7646,7646,6,1,1,255,255,0,0,0,0.0166666675,,19,0,19,0,3,0,,0|0|0.599999905|0|0|0|0,0|0|0.599999905|0|0|0|0
7647,7647,6,1,1,255,255,0,0,0,0.0166666675,,19,0,19,0,3,0,,0|0|0.599999905|0|0|0|0,0|0|0.599999905|0|0|0|0
7648,7648,6,1,1,255,255,0,0,0,0.0166666675,,19,0,19,0,3,0,,0|0|0.599999905|0|0|0|0,0|0|0.599999905|0|0|0|0
7649,7649,6,1,1,255,255,0,0,0,0.0166666675,,19,0,19,0,3,0,,0|0|0.599999905|0|0|0|0,0|0|0.599999905|0|0|0|0
7650,7650,6,1,1,255,255,0,0,0,0.0166666675,,19,0,19,0,3,0,,0|0|0.599999905|0|0|0|0,0|0|0.599999905|0|0|0|0
7651,7651,6,1,1,255,255,0,0,0,0.0166666675,,19,0,19,0,3,0,,0|0|0.599999905|0|0|0|0,0|0|0.599999905|0|0|0|0
7652,7652,6,1,1,255,255,0,0,0,0.0166666675,,19,0,19,0,3,0,,0|0|0.599999905|0|0|0|0,0|0|0.599999905|0|0|0|0
7653,7653,6,1,1,255,255,0,0,0,0.0166666675,,19,0,19,0,3,0,,0|0|0.599999905|0|0|0|0,0|0|0.599999905|0|0|0|0
7654,7654,6,1,1,255,255,0,0,0,0.0166666675,,19,0,19,0,3,0,,0|0|0.599999905|0|0|0|0,0|0|0.599999905|0|0|0|0
7655,7655,6,1,1,255,255,0,0,0,0.0166666675,,19,0,19,0,3,0,,0|0|0.599999905|0|0|0|0,0|0|0.599999905|0|0|0|0
7656,7656,6,1,1,255,255,0,0,0,0.0166666675,,19,0,19,0,3,0,,0|0|0.599999905|0|0|0|0,0|0|0.599999905|0|0|0|0
7657,7657,6,1,1,255,255,0,0,0,0.0166666675,,19,0,19,0,3,0,,0|0|0.599999905|0|0|0|0,0|0|0.599999905|0|0|0|0
7658,7658,6,1,1,255,255,0,0,0,0.0166666675,,19,0,19,0,3,0,,0|0|0.599999905|0|0|0|0,0|0|0.599999905|0|0|0|0
7659,7659,6,1,1,255,255,0,0,0,0.0166666675,,19,0,19,0,3,0,,0|0|0.599999905|0|0|0|0,0|0|0.599999905|0|0|0|0
7660,7660,6,1,1,255,255,0,0,0,0.0166666675,,19,0,19,0,3,0,,0|0|0.599999905|0|0|0|0,0|0|0.599999905|0|0|0|0
7661,7661,6,1,1,255,255,0,0,0,0.0166666675,,19,0,19,0,3,0,,0|0|0.599999905|0|0|0|0,0|0|0.599999905|0|0|0|0
7662,7662,6,1,1,255,255,0,0,0,0.0166666675,,19,0,19,0,3,0,,0|0|0.599999905|0|0|0|0,0|0|0.599999905|0|0|0|0
7663,7663,6,1,1,255,255,0,0,0,0.0166666675,,19,0,19,0,3,0,,0|0|0.599999905|0|0|0|0,0|0|0.599999905|0|0|0|0
7664,7664,6,1,1,255,255,0,0,0,0.0166666675,,19,0,19,0,3,0,,0|0|0.599999905|0|0|0|0,0|0|0.599999905|0|0|0|0
7665,7665,6,1,1,255,255,0,0,0,0.0166666675,,19,0,19,0,3,0,,0|0|0.599999905|0|0|0|0,0|0|0.599999905|0|0|0|0
7666,7666,6,1,1,255,255,0,0,0,0.0166666675,,19,0,19,0,3,0,,0|0|0.599999905|0|0|0|0,0|0|0.599999905|0|0|0|0
7667,7667,6,1,1,255,255,0,0,0,0.0166666675,,19,0,19,0,3,0,,0|0|0.599999905|0|0|0|0,0|0|0.599999905|0|0|0|0
7668,7668,6,1,1,255,255,0,0,0,0.0166666675,,19,0,19,0,3,0,,0|0|0.599999905|0|0|0|0,0|0|0.599999905|0|0|0|0
7669,7669,6,1,1,255,255,0,0,0,0.0166666675,,19,0,19,0,3,0,,0|0|0.599999905|0|0|0|0,0|0|0.599999905|0|0|0|0
7670,7670,6,1,1,255,255,0,0,0,0.0166666675,,19,0,19,0,3,0,,0|0|0.599999905|0|0|0|0,0|0|0.599999905|0|0|0|0
7671,7671,6,1,1,255,255,0,0,0,0.0166666675,,19,0,19,0,3,0,,0|0|0.599999905|0|0|0|0,0|0|0.599999905|0|0|0|0
7672,7672,6,1,1,255,255,0,0,0,0.0166666675,,19,0,19,0,3,0,,0|0|0.599999905|0|0|0|0,0|0|0.599999905|0|0|0|0
7673,7673,6,1,1,255,255,0,0,0,0.0166666675,,19,0,19,0,3,0,,0|0|0.599999905|0|0|0|0,0|0|0.599999905|0|0|0|0
7674,7674,6,1,1,255,255,0,0,0,0.0166666675,,19,0,19,0,3,0,,0|0|0.599999905|0|0|0|0,0|0|0.599999905|0|0|0|0
7675,7675,6,1,1,255,255,0,0,0,0.0166666675,,19,0,19,0,3,0,,0|0|0.599999905|0|0|0|0,0|0|0.599999905|0|0|0|0
7676,7676,6,1,1,255,255,0,0,0,0.0166666675,,19,0,19,0,3,0,,0|0|0.599999905|0|0|0|0,0|0|0.599999905|0|0|0|0
7677,7677,6,1,1,255,255,0,0,0,0.0166666675,,19,0,19,0,3,0,,0|0|0.599999905|0|0|0|0,0|0|0.599999905|0|0|0|0
7678,7678,6,1,1,255,255,0,0,0,0.0166666675,,19,0,19,0,3,0,,0|0|0.599999905|0|0|0|0,0|0|0.599999905|0|0|0|0
7679,7679,6,1,1,255,255,0,0,0,0.0166666675,,19,0,19,0,3,0,,0|0|0.599999905|0|0|0|0,0|0|0.599999905|0|0|0|0
7680,7680,6,1,1,255,255,0,0,0,0.0166666675,,19,0,19,0,3,0,,0|0|0.599999905|0|0|0|0,0|0|0.599999905|0|0|0|0
7681,7681,6,1,1,255,255,0,0,0,0.0166666675,,19,0,19,0,3,0,,0|0|0.599999905|0|0|0|0,0|0|0.599999905|0|0|0|0
7682,7682,6,1,1,255,255,0,0,0,0.0166666675,,19,0,19,0,3,0,,0|0|0.599999905|0|0|0|0,0|0|0.599999905|0|0|0|0
7683,7683,6,1,1,255,255,0,0,0,0.0166666675,,19,0,19,0,3,0,,0|0|0.599999905|0|0|0|0,0|0|0.599999905|0|0|0|0
7684,7684,6,1,1,255,255,0,0,0,0.0166666675,,19,0,19,0,3,0,,0|0|0.599999905|0|0|0|0,0|0|0.599999905|0|0|0|0
7685,7685,6,1,1,255,255,0,0,0,0.0166666675,,19,0,19,0,3,0,,0|0|0.599999905|0|0|0|0,0|0|0.599999905|0|0|0|0
7686,7686,6,1,1,255,255,0,0,0,0.0166666675,,19,0,19,0,3,0,,0|0|0.599999905|0|0|0|0,0|0|0.599999905|0|0|0|0
7687,7687,6,1,1,255,255,0,0,0,0.0166666675,,19,0,19,0,3,0,,0|0|0.599999905|0|0|0|0,0|0|0.599999905|0|0|0|0
7688,7688,6,1,1,255,255,0,0,0,0.0166666675,,19,0,19,0,3,0,,0|0|0.599999905|0|0|0|0,0|0|0.599999905|0|0|0|0
7689,7689,6,1,1,255,255,0,0,0,0.0166666675,,19,0,19,0,3,0,,0|0|0.599999905|0|0|0|0,0|0|0.599999905|0|0|0|0
7690,7690,6,1,1,255,255,0,0,0,0.0166666675,,19,0,19,0,3,0,,0|0|0.599999905|0|0|0|0,0|0|0.599999905|0|0|0|0
7691,7691,6,1,1,255,255,0,0,0,0.0166666675,,19,0,19,0,3,0,,0|0|0.599999905|0|0|0|0,0|0|0.599999905|0|0|0|0
7692,7692,6,1,1,255,255,0,0,0,0.0166666675,,19,0,19,0,3,0,,0|0|0.599999905|0|0|0|0,0|0|0.599999905|0|0|0|0
7693,7693,6,1,1,255,255,0,0,0,0.0166666675,,19,0,19,0,3,0,,0|0|0.599999905|0|0|0|0,0|0|0.599999905|0|0|0|0
7694,7694,6,1,1,255,255,0,0,0,0.0166666675,,19,0,19,0,3,0,,0|0|0.599999905|0|0|0|0,0|0|0.599999905|0|0|0|0
7695,7695,6,1,1,255,255,0,0,0,0.0166666675,,19,0,19,0,3,0,,0|0|0.599999905|0|0|0|0,0|0|0.599999905|0|0|0|0
7696,7696,6,1,1,255,255,0,0,0,0.0166666675,,19,0,19,0,3,0,,0|0|0.599999905|0|0|0|0,0|0|0.599999905|0|0|0|0
7697,7697,6,1,1,255,255,0,0,0,0.0166666675,,19,0,19,0,3,0,,0|0|0.599999905|0|0|0|0,0|0|0.599999905|0|0|0|0
7698,7698,6,1,1,255,255,0,0,0,0.0166666675,,19,0,19,0,3,0,,0|0|0.599999905|0|0|0|0,0|0|0.599999905|0|0|0|0
7699,7699,6,1,1,255,255,0,0,0,0.0166666675,,19,0,19,0,3,0,,0|0|0.599999905|0|0|0|0,0|0|0.599999905|0|0|0|0
7700,7700,6,1,1,255,255,0,0,0,0.0166666675,,19,0,19,0,3,0,,0|0|0.599999905|0|0|0|0,0|0|0.599999905|0|0|0|0
7701,7701,6,1,1,255,255,0,0,0,0.0166666675,,19,0,19,0,3,0,,0|0|0.599999905|0|0|0|0,0|0|0.599999905|0|0|0|0
7702,7702,6,1,1,255,255,0,0,0,0.0166666675,,19,0,19,0,3,0,,0|0|0.599999905|0|0|0|0,0|0|0.599999905|0|0|0|0
7703,7703,6,1,1,255,255,0,0,0,0.0166666675,,19,0,19,0,3,0,,0|0|0.599999905|0|0|0|0,0|0|0.599999905|0|0|0|0
7704,7704,6,1,1,255,255,0,0,0,0.0166666675,,19,0,19,0,3,0,,0|0|0.599999905|0|0|0|0,0|0|0.599999905|0|0|0|0
7705,7705,6,1,1,255,255,0,0,0,0.0166666675,,19,0,19,0,3,0,,0|0|0.599999905|0|0|0|0,0|0|0.599999905|0|0|0|0
7706,7706,6,1,1,255,255,0,0,0,0.0166666675,,19,0,19,0,3,0,,0|0|0.599999905|0|0|0|0,0|0|0.599999905|0|0|0|0
7707,7707,6,1,1,255,255,0,0,0,0.0166666675,,19,0,19,0,3,0,,0|0|0.599999905|0|0|0|0,0|0|0.599999905|0|0|0|0
7708,7708,6,1,1,255,255,0,0,0,0.0166666675,,19,0,19,0,3,0,,0|0|0.599999905|0|0|0|0,0|0|0.599999905|0|0|0|0
7709,7709,6,1,1,255,255,0,0,0,0.0166666675,,19,0,19,0,3,0,,0|0|0.599999905|0|0|0|0,0|0|0.599999905|0|0|0|0
7710,7710,6,1,1,255,255,0,0,0,0.0166666675,,19,0,19,0,3,0,,0|0|0.599999905|0|0|0|0,0|0|0.599999905|0|0|0|0
7711,7711,6,1,1,255,255,0,0,0,0.0166666675,,19,0,19,0,3,0,,0|0|0.599999905|0|0|0|0,0|0|0.599999905|0|0|0|0
7712,7712,6,1,1,255,255,0,0,0,0.0166666675,,19,0,19,0,3,0,,0|0|0.599999905|0|0|0|0,0|0|0.599999905|0|0|0|0
7713,7713,6,1,1,255,255,0,0,0,0.0166666675,,19,0,19,0,3,0,,0|0|0.599999905|0|0|0|0,0|0|0.599999905|0|0|0|0
7714,7714,6,1,1,255,255,0,0,0,0.0166666675,,19,0,19,0,3,0,,0|0|0.599999905|0|0|0|0,0|0|0.599999905|0|0|0|0
7715,7715,6,1,1,255,255,0,0,0,0.0166666675,,19,0,19,0,3,0,,0|0|0.599999905|0|0|0|0,0|0|0.599999905|0|0|0|0
7716,7716,6,1,1,255,255,0,0,0,0.0166666675,,19,0,19,0,3,0,,0|0|0.599999905|0|0|0|0,0|0|0.599999905|0|0|0|0
7717,7717,6,1,1,255,255,0,0,0,0.0166666675,,19,0,19,0,3,0,,0|0|0.599999905|0|0|0|0,0|0|0.599999905|0|0|0|0
7718,7718,6,1,1,255,255,0,0,0,0.0166666675,,19,0,19,0,3,0,,0|0|0.599999905|0|0|0|0,0|0|0.599999905|0|0|0|0
7719,7719,6,1,1,255,255,0,0,0,0.0166666675,,19,0,19,0,3,0,,0|0|0.599999905|0|0|0|0,0|0|0.599999905|0|0|0|0
7720,7720,6,1,1,255,255,0,0,0,0.0166666675,,19,0,19,0,3,0,,0|0|0.599999905|0|0|0|0,0|0|0.599999905|0|0|0|0
7721,7721,6,1,1,255,255,0,0,0,0.0166666675,,19,0,19,0,3,0,,0|0|0.599999905|0|0|0|0,0|0|0.599999905|0|0|0|0
7722,7722,6,1,1,255,255,0,0,0,0.0166666675,,19,0,19,0,3,0,,0|0|0.599999905|0|0|0|0,0|0|0.599999905|0|0|0|0
7723,7723,6,1,1,255,255,0,0,0,0.0166666675,,19,0,19,0,3,0,,0|0|0.599999905|0|0|0|0,0|0|0.599999905|0|0|0|0
7724,7724,6,1,1,255,255,0,0,0,0.0166666675,,19,0,19,0,3,0,,0|0|0.599999905|0|0|0|0,0|0|0.599999905|0|0|0|0
7725,7725,6,1,1,255,255,0,0,0,0.0166666675,,19,0,19,0,3,0,,0|0|0.599999905|0|0|0|0,0|0|0.599999905|0|0|0|0
7726,7726,6,1,1,255,255,0,0,0,0.0166666675,,19,0,19,0,3,0,,0|0|0.599999905|0|0|0|0,0|0|0.599999905|0|0|0|0
7727,7727,6,1,1,255,255,0,0,0,0.0166666675,,19,0,19,0,3,0,,0|0|0.599999905|0|0|0|0,0|0|0.599999905|0|0|0|0
7728,7728,6,1,1,255,255,0,0,0,0.0166666675,,19,0,19,0,3,0,,0|0|0.599999905|0|0|0|0,0|0|0.599999905|0|0|0|0
7729,7729,6,1,1,255,255,0,0,0,0.0166666675,,19,0,19,0,3,0,,0|0|0.599999905|0|0|0|0,0|0|0.599999905|0|0|0|0
7730,7730,6,1,1,255,255,0,0,0,0.0166666675,,19,0,19,0,3,0,,0|0|0.599999905|0|0|0|0,0|0|0.599999905|0|0|0|0
7731,7731,6,1,1,255,255,0,0,0,0.0166666675,,19,0,19,0,3,0,,0|0|0.599999905|0|0|0|0,0|0|0.599999905|0|0|0|0
7732,7732,6,1,1,255,255,0,0,0,0.0166666675,,19,0,19,0,3,0,,0|0|0.599999905|0|0|0|0,0|0|0.599999905|0|0|0|0
7733,7733,6,1,1,255,255,0,0,0,0.0166666675,,19,0,19,0,3,0,,0|0|0.599999905|0|0|0|0,0|0|0.599999905|0|0|0|0
7734,7734,6,1,1,255,255,0,0,0,0.0166666675,,19,0,19,0,3,0,,0|0|0.599999905|0|0|0|0,0|0|0.599999905|0|0|0|0
7735,7735,6,1,1,255,255,0,0,0,0.0166666675,,19,0,19,0,3,0,,0|0|0.599999905|0|0|0|0,0|0|0.599999905|0|0|0|0
7736,7736,6,1,1,255,255,0,0,0,0.0166666675,,19,0,19,0,3,0,,0|0|0.599999905|0|0|0|0,0|0|0.599999905|0|0|0|0
7737,7737,6,1,1,255,255,0,0,0,0.0166666675,,19,0,19,0,3,0,,0|0|0.599999905|0|0|0|0,0|0|0.599999905|0|0|0|0
7738,7738,6,1,1,255,255,0,0,0,0.0166666675,,19,0,19,0,3,0,,0|0|0.599999905|0|0|0|0,0|0|0.599999905|0|0|0|0
7739,7739,6,1,1,255,255,0,0,0,0.0166666675,,19,0,19,0,3,0,,0|0|0.599999905|0|0|0|0,0|0|0.599999905|0|0|0|0
7740,7740,6,1,1,255,255,0,0,0,0.0166666675,,19,0,19,0,3,0,,0|0|0.599999905|0|0|0|0,0|0|0.599999905|0|0|0|0
7741,7741,6,1,1,255,255,0,0,0,0.0166666675,,19,0,19,0,3,0,,0|0|0.599999905|0|0|0|0,0|0|0.599999905|0|0|0|0
7742,7742,6,1,1,255,255,0,0,0,0.0166666675,,19,0,19,0,3,0,,0|0|0.599999905|0|0|0|0,0|0|0.599999905|0|0|0|0
7743,7743,6,1,1,255,255,0,0,0,0.0166666675,,19,0,19,0,3,0,,0|0|0.599999905|0|0|0|0,0|0|0.599999905|0|0|0|0
7744,7744,6,1,1,255,255,0,0,0,0.0166666675,,19,0,19,0,3,0,,0|0|0.599999905|0|0|0|0,0|0|0.599999905|0|0|0|0
7745,7745,6,1,1,255,255,0,0,0,0.0166666675,,19,0,19,0,3,0,,0|0|0.599999905|0|0|0|0,0|0|0.599999905|0|0|0|0
7746,7746,6,1,1,255,255,0,0,0,0.0166666675,,19,0,19,0,3,0,,0|0|0.599999905|0|0|0|0,0|0|0.599999905|0|0|0|0
7747,7747,6,1,1,255,255,0,0,0,0.0166666675,,19,0,19,0,3,0,,0|0|0.599999905|0|0|0|0,0|0|0.599999905|0|0|0|0
7748,7748,6,1,1,255,255,0,0,0,0.0166666675,,19,0,19,0,3,0,,0|0|0.599999905|0|0|0|0,0|0|0.599999905|0|0|0|0
7749,7749,6,1,1,255,255,0,0,0,0.0166666675,,19,0,19,0,3,0,,0|0|0.599999905|0|0|0|0,0|0|0.599999905|0|0|0|0
7750,7750,6,1,1,255,255,0,0,0,0.0166666675,,19,0,19,0,3,0,,0|0|0.599999905|0|0|0|0,0|0|0.599999905|0|0|0|0
7751,7751,6,1,1,255,255,0,0,0,0.0166666675,,19,0,19,0,3,0,,0|0|0.599999905|0|0|0|0,0|0|0.599999905|0|0|0|0
7752,7752,6,1,1,255,255,0,0,0,0.0166666675,,19,0,19,0,3,0,,0|0|0.599999905|0|0|0|0,0|0|0.599999905|0|0|0|0
7753,7753,6,1,1,255,255,0,0,0,0.0166666675,,19,0,19,0,3,0,,0|0|0.599999905|0|0|0|0,0|0|0.599999905|0|0|0|0
7754,7754,6,1,1,255,255,0,0,0,0.0166666675,,19,0,19,0,3,0,,0|0|0.599999905|0|0|0|0,0|0|0.599999905|0|0|0|0
7755,7755,6,1,1,255,255,0,0,0,0.0166666675,,19,0,19,0,3,0,,0|0|0.599999905|0|0|0|0,0|0|0.599999905|0|0|0|0
7756,7756,6,1,1,255,255,0,0,0,0.0166666675,,19,0,19,0,3,0,,0|0|0.599999905|0|0|0|0,0|0|0.599999905|0|0|0|0
7757,7757,6,1,1,255,255,0,0,0,0.0166666675,,19,0,19,0,3,0,,0|0|0.599999905|0|0|0|0,0|0|0.599999905|0|0|0|0
7758,7758,6,1,1,255,255,0,0,0,0.0166666675,,19,0,19,0,3,0,,0|0|0.599999905|0|0|0|0,0|0|0.599999905|0|0|0|0
7759,7759,6,1,1,255,255,0,0,0,0.0166666675,,19,0,19,0,3,0,,0|0|0.599999905|0|0|0|0,0|0|0.599999905|0|0|0|0
7760,7760,6,1,1,255,255,0,0,0,0.0166666675,,19,0,19,0,3,0,,0|0|0.599999905|0|0|0|0,0|0|0.599999905|0|0|0|0
7761,7761,6,1,1,255,255,0,0,0,0.0166666675,,19,0,19,0,3,0,,0|0|0.599999905|0|0|0|0,0|0|0.599999905|0|0|0|0
7762,7762,6,1,1,255,255,0,0,0,0.0166666675,,19,0,19,0,3,0,,0|0|0.599999905|0|0|0|0,0|0|0.599999905|0|0|0|0
7763,7763,6,1,1,255,255,0,0,0,0.0166666675,,19,0,19,0,3,0,,0|0|0.599999905|0|0|0|0,0|0|0.599999905|0|0|0|0
7764,7764,6,1,1,255,255,0,0,0,0.0166666675,,19,0,19,0,3,0,,0|0|0.599999905|0|0|0|0,0|0|0.599999905|0|0|0|0
7765,7765,6,1,1,255,255,0,0,0,0.0166666675,,19,0,19,0,3,0,,0|0|0.599999905|0|0|0|0,0|0|0.599999905|0|0|0|0
7766,7766,6,1,1,255,255,0,0,0,0.0166666675,,19,0,19,0,3,0,,0|0|0.599999905|0|0|0|0,0|0|0.599999905|0|0|0|0
7767,7767,6,1,1,255,255,0,0,0,0.0166666675,,19,0,19,0,3,0,,0|0|0.599999905|0|0|0|0,0|0|0.599999905|0|0|0|0
7768,7768,6,1,1,255,255,0,0,0,0.0166666675,,19,0,19,0,3,0,,0|0|0.599999905|0|0|0|0,0|0|0.599999905|0|0|0|0
7769,7769,6,1,1,255,255,0,0,0,0.0166666675,,19,0,19,0,3,0,,0|0|0.599999905|0|0|0|0,0|0|0.599999905|0|0|0|0
7770,7770,6,1,1,255,255,0,0,0,0.0166666675,,19,0,19,0,3,0,,0|0|0.599999905|0|0|0|0,0|0|0.599999905|0|0|0|0
7771,7771,6,1,1,255,255,0,0,0,0.0166666675,,19,0,19,0,3,0,,0|0|0.599999905|0|0|0|0,0|0|0.599999905|0|0|0|0
7772,7772,6,1,1,255,255,0,0,0,0.0166666675,,19,0,19,0,3,0,,0|0|0.599999905|0|0|0|0,0|0|0.599999905|0|0|0|0
7773,7773,6,1,1,255,255,0,0,0,0.0166666675,,19,0,19,0,3,0,,0|0|0.599999905|0|0|0|0,0|0|0.599999905|0|0|0|0
7774,7774,6,1,1,255,255,0,0,0,0.0166666675,,19,0,19,0,3,0,,0|0|0.599999905|0|0|0|0,0|0|0.599999905|0|0|0|0
7775,7775,6,1,1,255,255,0,0,0,0.0166666675,,19,0,19,0,3,0,,0|0|0.599999905|0|0|0|0,0|0|0.599999905|0|0|0|0
7776,7776,6,1,1,255,255,0,0,0,0.0166666675,,19,0,19,0,3,0,,0|0|0.599999905|0|0|0|0,0|0|0.599999905|0|0|0|0
7777,7777,6,1,1,255,255,0,0,0,0.0166666675,,19,0,19,0,3,0,,0|0|0.599999905|0|0|0|0,0|0|0.599999905|0|0|0|0
7778,7778,6,1,1,255,255,0,0,0,0.0166666675,,19,0,19,0,3,0,,0|0|0.599999905|0|0|0|0,0|0|0.599999905|0|0|0|0
7779,7779,6,1,1,255,255,0,0,0,0.0166666675,,19,0,19,0,3,0,,0|0|0.599999905|0|0|0|0,0|0|0.599999905|0|0|0|0
7780,7780,6,1,1,255,255,0,0,0,0.0166666675,,19,0,19,0,3,0,,0|0|0.599999905|0|0|0|0,0|0|0.599999905|0|0|0|0
7781,7781,6,1,1,255,255,0,0,0,0.0166666675,,19,0,19,0,3,0,,0|0|0.599999905|0|0|0|0,0|0|0.599999905|0|0|0|0
7782,7782,6,1,1,255,255,0,0,0,0.0166666675,,19,0,19,0,3,0,,0|0|0.599999905|0|0|0|0,0|0|0.599999905|0|0|0|0
7783,7783,6,1,1,255,255,0,0,0,0.0166666675,,19,0,19,0,3,0,,0|0|0.599999905|0|0|0|0,0|0|0.599999905|0|0|0|0
7784,7784,6,1,1,255,255,0,0,0,0.0166666675,,19,0,19,0,3,0,,0|0|0.599999905|0|0|0|0,0|0|0.599999905|0|0|0|0
7785,7785,6,1,1,255,255,0,0,0,0.0166666675,,19,0,19,0,3,0,,0|0|0.599999905|0|0|0|0,0|0|0.599999905|0|0|0|0
7786,7786,6,1,1,255,255,0,0,0,0.0166666675,,19,0,19,0,3,0,,0|0|0.599999905|0|0|0|0,0|0|0.599999905|0|0|0|0
7787,7787,6,1,1,255,255,0,0,0,0.0166666675,,19,0,19,0,3,0,,0|0|0.599999905|0|0|0|0,0|0|0.599999905|0|0|0|0
7788,7788,6,1,1,255,255,0,0,0,0.0166666675,,19,0,19,0,3,0,,0|0|0.599999905|0|0|0|0,0|0|0.599999905|0|0|0|0
7789,7789,6,1,1,255,255,0,0,0,0.0166666675,,19,0,19,0,3,0,,0|0|0.599999905|0|0|0|0,0|0|0.599999905|0|0|0|0
7790,7790,6,1,1,255,255,0,0,0,0.0166666675,,19,0,19,0,3,0,,0|0|0.599999905|0|0|0|0,0|0|0.599999905|0|0|0|0
7791,7791,6,1,1,255,255,0,0,0,0.0166666675,,19,0,19,0,3,0,,0|0|0.599999905|0|0|0|0,0|0|0.599999905|0|0|0|0
7792,7792,6,1,1,255,255,0,0,0,0.0166666675,,19,0,19,0,3,0,,0|0|0.599999905|0|0|0|0,0|0|0.599999905|0|0|0|0
7793,7793,6,1,1,255,255,0,0,0,0.0166666675,,19,0,19,0,3,0,,0|0|0.599999905|0|0|0|0,0|0|0.599999905|0|0|0|0
7794,7794,6,1,1,255,255,0,0,0,0.0166666675,,19,0,19,0,3,0,,0|0|0.599999905|0|0|0|0,0|0|0.599999905|0|0|0|0
7795,7795,6,1,1,255,255,0,0,0,0.0166666675,,19,0,19,0,3,0,,0|0|0.599999905|0|0|0|0,0|0|0.599999905|0|0|0|0
7796,7796,6,1,1,255,255,0,0,0,0.0166666675,,19,0,19,0,3,0,,0|0|0.599999905|0|0|0|0,0|0|0.599999905|0|0|0|0
7797,7797,6,1,1,255,255,0,0,0,0.0166666675,,19,0,19,0,3,0,,0|0|0.599999905|0|0|0|0,0|0|0.599999905|0|0|0|0
7798,7798,6,1,1,255,255,0,0,0,0.0166666675,,19,0,19,0,3,0,,0|0|0.599999905|0|0|0|0,0|0|0.599999905|0|0|0|0
7799,7799,6,1,1,255,255,0,0,0,0.0166666675,,19,0,19,0,3,0,,0|0|0.599999905|0|0|0|0,0|0|0.599999905|0|0|0|0
7800,7800,6,1,1,255,255,0,0,0,0.0166666675,,19,0,19,0,3,0,,0|0|0.599999905|0|0|0|0,0|0|0.599999905|0|0|0|0
7801,7801,6,1,1,255,255,0,0,0,0.0166666675,,19,0,19,0,3,0,,0|0|0.599999905|0|0|0|0,0|0|0.599999905|0|0|0|0
7802,7802,6,1,1,255,255,0,0,0,0.0166666675,,19,0,19,0,3,0,,0|0|0.599999905|0|0|0|0,0|0|0.599999905|0|0|0|0
7803,7803,6,1,1,255,255,0,0,0,0.0166666675,,19,0,19,0,3,0,,0|0|0.599999905|0|0|0|0,0|0|0.599999905|0|0|0|0
7804,7804,6,1,1,255,255,0,0,0,0.0166666675,,19,0,19,0,3,0,,0|0|0.599999905|0|0|0|0,0|0|0.599999905|0|0|0|0
7805,7805,6,1,1,255,255,0,0,0,0.0166666675,,19,0,19,0,3,0,,0|0|0.599999905|0|0|0|0,0|0|0.599999905|0|0|0|0
7806,7806,6,1,1,255,255,0,0,0,0.0166666675,,19,0,19,0,3,0,,0|0|0.599999905|0|0|0|0,0|0|0.599999905|0|0|0|0
7807,7807,6,1,1,255,255,0,0,0,0.0166666675,,19,0,19,0,3,0,,0|0|0.599999905|0|0|0|0,0|0|0.599999905|0|0|0|0
7808,7808,6,1,1,255,255,0,0,0,0.0166666675,,19,0,19,0,3,0,,0|0|0.599999905|0|0|0|0,0|0|0.599999905|0|0|0|0
7809,7809,6,1,1,255,255,0,0,0,0.0166666675,,19,0,19,0,3,0,,0|0|0.599999905|0|0|0|0,0|0|0.599999905|0|0|0|0
7810,7810,6,1,1,255,255,0,0,0,0.0166666675,,19,0,19,0,3,0,,0|0|0.599999905|0|0|0|0,0|0|0.599999905|0|0|0|0
7811,7811,6,1,1,255,255,0,0,0,0.0166666675,,19,0,19,0,3,0,,0|0|0.599999905|0|0|0|0,0|0|0.599999905|0|0|0|0
7812,7812,6,1,1,255,255,0,0,0,0.0166666675,,19,0,19,0,3,0,,0|0|0.599999905|0|0|0|0,0|0|0.599999905|0|0|0|0
7813,7813,6,1,1,255,255,0,0,0,0.0166666675,,19,0,19,0,3,0,,0|0|0.599999905|0|0|0|0,0|0|0.599999905|0|0|0|0
7814,7814,6,1,1,255,255,0,0,0,0.0166666675,,19,0,19,0,3,0,,0|0|0.599999905|0|0|0|0,0|0|0.599999905|0|0|0|0
7815,7815,6,1,1,255,255,0,0,0,0.0166666675,,19,0,19,0,3,0,,0|0|0.599999905|0|0|0|0,0|0|0.599999905|0|0|0|0
7816,7816,6,1,1,255,255,0,0,0,0.0166666675,,19,0,19,0,3,0,,0|0|0.599999905|0|0|0|0,0|0|0.599999905|0|0|0|0
7817,7817,6,1,1,255,255,0,0,0,0.0166666675,,19,0,19,0,3,0,,0|0|0.599999905|0|0|0|0,0|0|0.599999905|0|0|0|0
7818,7818,6,1,1,255,255,0,0,0,0.0166666675,,19,0,19,0,3,0,,0|0|0.599999905|0|0|0|0,0|0|0.599999905|0|0|0|0
7819,7819,6,1,1,255,255,0,0,0,0.0166666675,,19,0,19,0,3,0,,0|0|0.599999905|0|0|0|0,0|0|0.599999905|0|0|0|0
7820,7820,6,1,1,255,255,0,0,0,0.0166666675,,19,0,19,0,3,0,,0|0|0.599999905|0|0|0|0,0|0|0.599999905|0|0|0|0
7821,7821,6,1,1,255,255,0,0,0,0.0166666675,,19,0,19,0,3,0,,0|0|0.599999905|0|0|0|0,0|0|0.599999905|0|0|0|0
7822,7822,6,1,1,255,255,0,0,0,0.0166666675,,19,0,19,0,3,0,,0|0|0.599999905|0|0|0|0,0|0|0.599999905|0|0|0|0
7823,7823,6,1,1,255,255,0,0,0,0.0166666675,,19,0,19,0,3,0,,0|0|0.599999905|0|0|0|0,0|0|0.599999905|0|0|0|0
7824,7824,6,1,1,255,255,0,0,0,0.0166666675,,19,0,19,0,3,0,,0|0|0.599999905|0|0|0|0,0|0|0.599999905|0|0|0|0
7825,7825,6,1,1,255,255,0,0,0,0.0166666675,,19,0,19,0,3,0,,0|0|0.599999905|0|0|0|0,0|0|0.599999905|0|0|0|0
7826,7826,6,1,1,255,255,0,0,0,0.0166666675,,19,0,19,0,3,0,,0|0|0.599999905|0|0|0|0,0|0|0.599999905|0|0|0|0
7827,7827,6,1,1,255,255,0,0,0,0.0166666675,,19,0,19,0,3,0,,0|0|0.599999905|0|0|0|0,0|0|0.599999905|0|0|0|0
7828,7828,6,1,1,255,255,0,0,0,0.0166666675,,19,0,19,0,3,0,,0|0|0.599999905|0|0|0|0,0|0|0.599999905|0|0|0|0
7829,7829,6,1,1,255,255,0,0,0,0.0166666675,,19,0,19,0,3,0,,0|0|0.599999905|0|0|0|0,0|0|0.599999905|0|0|0|0
7830,7830,6,1,1,255,255,0,0,0,0.0166666675,,19,0,19,0,3,0,,0|0|0.599999905|0|0|0|0,0|0|0.599999905|0|0|0|0
7831,7831,6,1,1,255,255,0,0,0,0.0166666675,,19,0,19,0,3,0,,0|0|0.599999905|0|0|0|0,0|0|0.599999905|0|0|0|0
7832,7832,6,1,1,255,255,0,0,0,0.0166666675,,19,0,19,0,3,0,,0|0|0.599999905|0|0|0|0,0|0|0.599999905|0|0|0|0
7833,7833,6,1,1,255,255,0,0,0,0.0166666675,,19,0,19,0,3,0,,0|0|0.599999905|0|0|0|0,0|0|0.599999905|0|0|0|0
7834,7834,6,1,1,255,255,0,0,0,0.0166666675,,19,0,19,0,3,0,,0|0|0.599999905|0|0|0|0,0|0|0.599999905|0|0|0|0
7835,7835,6,1,1,255,255,0,0,0,0.0166666675,,19,0,19,0,3,0,,0|0|0.599999905|0|0|0|0,0|0|0.599999905|0|0|0|0
7836,7836,6,1,1,255,255,0,0,0,0.0166666675,,19,0,19,0,3,0,,0|0|0.599999905|0|0|0|0,0|0|0.599999905|0|0|0|0
7837,7837,6,1,1,255,255,0,0,0,0.0166666675,,19,0,19,0,3,0,,0|0|0.599999905|0|0|0|0,0|0|0.599999905|0|0|0|0
7838,7838,6,1,1,255,255,0,0,0,0.0166666675,,19,0,19,0,3,0,,0|0|0.599999905|0|0|0|0,0|0|0.599999905|0|0|0|0
7839,7839,6,1,1,255,255,0,0,0,0.0166666675,,19,0,19,0,3,0,,0|0|0.599999905|0|0|0|0,0|0|0.599999905|0|0|0|0
7840,7840,6,1,1,255,255,0,0,0,0.0166666675,,19,0,19,0,3,0,,0|0|0.599999905|0|0|0|0,0|0|0.599999905|0|0|0|0
7841,7841,6,1,1,255,255,0,0,0,0.0166666675,,19,0,19,0,3,0,,0|0|0.599999905|0|0|0|0,0|0|0.599999905|0|0|0|0
7842,7842,6,1,1,255,255,0,0,0,0.0166666675,,19,0,19,0,3,0,,0|0|0.599999905|0|0|0|0,0|0|0.599999905|0|0|0|0
7843,7843,6,1,1,255,255,0,0,0,0.0166666675,,19,0,19,0,3,0,,0|0|0.599999905|0|0|0|0,0|0|0.599999905|0|0|0|0
7844,7844,6,1,1,255,255,0,0,0,0.0166666675,,19,0,19,0,3,0,,0|0|0.599999905|0|0|0|0,0|0|0.599999905|0|0|0|0
7845,7845,6,1,1,255,255,0,0,0,0.0166666675,,19,0,19,0,3,0,,0|0|0.599999905|0|0|0|0,0|0|0.599999905|0|0|0|0
7846,7846,6,1,1,255,255,0,0,0,0.0166666675,,19,0,19,0,3,0,,0|0|0.599999905|0|0|0|0,0|0|0.599999905|0|0|0|0
7847,7847,6,1,1,255,255,0,0,0,0.0166666675,,19,0,19,0,3,0,,0|0|0.599999905|0|0|0|0,0|0|0.599999905|0|0|0|0
7848,7848,6,1,1,255,255,0,0,0,0.0166666675,,19,0,19,0,3,0,,0|0|0.599999905|0|0|0|0,0|0|0.599999905|0|0|0|0
7849,7849,6,1,1,255,255,0,0,0,0.0166666675,,19,0,19,0,3,0,,0|0|0.599999905|0|0|0|0,0|0|0.599999905|0|0|0|0
7850,7850,6,1,1,255,255,0,0,0,0.0166666675,,19,0,19,0,3,0,,0|0|0.599999905|0|0|0|0,0|0|0.599999905|0|0|0|0
7851,7851,6,1,1,255,255,0,0,0,0.0166666675,,19,0,19,0,3,0,,0|0|0.599999905|0|0|0|0,0|0|0.599999905|0|0|0|0
7852,7852,6,1,1,255,255,0,0,0,0.0166666675,,19,0,19,0,3,0,,0|0|0.599999905|0|0|0|0,0|0|0.599999905|0|0|0|0
7853,7853,6,1,1,255,255,0,0,0,0.0166666675,,19,0,19,0,3,0,,0|0|0.599999905|0|0|0|0,0|0|0.599999905|0|0|0|0
7854,7854,6,1,1,255,255,0,0,0,0.0166666675,,19,0,19,0,3,0,,0|0|0.599999905|0|0|0|0,0|0|0.599999905|0|0|0|0
7855,7855,6,1,1,255,255,0,0,0,0.0166666675,,19,0,19,0,3,0,,0|0|0.599999905|0|0|0|0,0|0|0.599999905|0|0|0|0
7856,7856,6,1,1,255,255,0,0,0,0.0166666675,,19,0,19,0,3,0,,0|0|0.599999905|0|0|0|0,0|0|0.599999905|0|0|0|0
7857,7857,6,1,1,255,255,0,0,0,0.0166666675,,19,0,19,0,3,0,,0|0|0.599999905|0|0|0|0,0|0|0.599999905|0|0|0|0
7858,7858,6,1,1,255,255,0,0,0,0.0166666675,,19,0,19,0,3,0,,0|0|0.599999905|0|0|0|0,0|0|0.599999905|0|0|0|0
7859,7859,6,1,1,255,255,0,0,0,0.0166666675,,19,0,19,0,3,0,,0|0|0.599999905|0|0|0|0,0|0|0.599999905|0|0|0|0
7860,7860,6,1,1,255,255,0,0,0,0.0166666675,,19,0,19,0,3,0,,0|0|0.599999905|0|0|0|0,0|0|0.599999905|0|0|0|0
7861,7861,6,1,1,255,255,0,0,0,0.0166666675,,19,0,19,0,3,0,,0|0|0.599999905|0|0|0|0,0|0|0.599999905|0|0|0|0
7862,7862,6,1,1,255,255,0,0,0,0.0166666675,,19,0,19,0,3,0,,0|0|0.599999905|0|0|0|0,0|0|0.599999905|0|0|0|0
7863,7863,6,1,1,255,255,0,0,0,0.0166666675,,19,0,19,0,3,0,,0|0|0.599999905|0|0|0|0,0|0|0.599999905|0|0|0|0
7864,7864,6,1,1,255,255,0,0,0,0.0166666675,,19,0,19,0,3,0,,0|0|0.599999905|0|0|0|0,0|0|0.599999905|0|0|0|0
7865,7865,6,1,1,255,255,0,0,0,0.0166666675,,19,0,19,0,3,0,,0|0|0.599999905|0|0|0|0,0|0|0.599999905|0|0|0|0
7866,7866,6,1,1,255,255,0,0,0,0.0166666675,,19,0,19,0,3,0,,0|0|0.599999905|0|0|0|0,0|0|0.599999905|0|0|0|0
7867,7867,6,1,1,255,255,0,0,0,0.0166666675,,19,0,19,0,3,0,,0|0|0.599999905|0|0|0|0,0|0|0.599999905|0|0|0|0
7868,7868,6,1,1,255,255,0,0,0,0.0166666675,,19,0,19,0,3,0,,0|0|0.599999905|0|0|0|0,0|0|0.599999905|0|0|0|0
7869,7869,6,1,1,255,255,0,0,0,0.0166666675,,19,0,19,0,3,0,,0|0|0.599999905|0|0|0|0,0|0|0.599999905|0|0|0|0
7870,7870,6,1,1,255,255,0,0,0,0.0166666675,,19,0,19,0,3,0,,0|0|0.599999905|0|0|0|0,0|0|0.599999905|0|0|0|0
7871,7871,6,1,1,255,255,0,0,0,0.0166666675,,19,0,19,0,3,0,,0|0|0.599999905|0|0|0|0,0|0|0.599999905|0|0|0|0
7872,7872,6,1,1,255,255,0,0,0,0.0166666675,,19,0,19,0,3,0,,0|0|0.599999905|0|0|0|0,0|0|0.599999905|0|0|0|0
7873,7873,6,1,1,255,255,0,0,0,0.0166666675,,19,0,19,0,3,0,,0|0|0.599999905|0|0|0|0,0|0|0.599999905|0|0|0|0
7874,7874,6,1,1,255,255,0,0,0,0.0166666675,,19,0,19,0,3,0,,0|0|0.599999905|0|0|0|0,0|0|0.599999905|0|0|0|0
7875,7875,6,1,1,255,255,0,0,0,0.0166666675,,19,0,19,0,3,0,,0|0|0.599999905|0|0|0|0,0|0|0.599999905|0|0|0|0
7876,7876,6,1,1,255,255,0,0,0,0.0166666675,,19,0,19,0,3,0,,0|0|0.599999905|0|0|0|0,0|0|0.599999905|0|0|0|0
7877,7877,6,1,1,255,255,0,0,0,0.0166666675,,19,0,19,0,3,0,,0|0|0.599999905|0|0|0|0,0|0|0.599999905|0|0|0|0
7878,7878,6,1,1,255,255,0,0,0,0.0166666675,,19,0,19,0,3,0,,0|0|0.599999905|0|0|0|0,0|0|0.599999905|0|0|0|0
7879,7879,6,1,1,255,255,0,0,0,0.0166666675,,19,0,19,0,3,0,,0|0|0.599999905|0|0|0|0,0|0|0.599999905|0|0|0|0
7880,7880,6,1,1,255,255,0,0,0,0.0166666675,,19,0,19,0,3,0,,0|0|0.599999905|0|0|0|0,0|0|0.599999905|0|0|0|0
7881,7881,6,1,1,255,255,0,0,0,0.0166666675,,19,0,19,0,3,0,,0|0|0.599999905|0|0|0|0,0|0|0.599999905|0|0|0|0
7882,7882,6,1,1,255,255,0,0,0,0.0166666675,,19,0,19,0,3,0,,0|0|0.599999905|0|0|0|0,0|0|0.599999905|0|0|0|0
7883,7883,6,1,1,255,255,0,0,0,0.0166666675,,19,0,19,0,3,0,,0|0|0.599999905|0|0|0|0,0|0|0.599999905|0|0|0|0
7884,7884,6,1,1,255,255,0,0,0,0.0166666675,,19,0,19,0,3,0,,0|0|0.599999905|0|0|0|0,0|0|0.599999905|0|0|0|0
7885,7885,6,1,1,255,255,0,0,0,0.0166666675,,19,0,19,0,3,0,,0|0|0.599999905|0|0|0|0,0|0|0.599999905|0|0|0|0
7886,7886,6,1,1,255,255,0,0,0,0.0166666675,,19,0,19,0,3,0,,0|0|0.599999905|0|0|0|0,0|0|0.599999905|0|0|0|0
7887,7887,6,1,1,255,255,0,0,0,0.0166666675,,19,0,19,0,3,0,,0|0|0.599999905|0|0|0|0,0|0|0.599999905|0|0|0|0
7888,7888,6,1,1,255,255,0,0,0,0.0166666675,,19,0,19,0,3,0,,0|0|0.599999905|0|0|0|0,0|0|0.599999905|0|0|0|0
7889,7889,6,1,1,255,255,0,0,0,0.0166666675,,19,0,19,0,3,0,,0|0|0.599999905|0|0|0|0,0|0|0.599999905|0|0|0|0
7890,7890,6,1,1,255,255,0,0,0,0.0166666675,,19,0,19,0,3,0,,0|0|0.599999905|0|0|0|0,0|0|0.599999905|0|0|0|0
7891,7891,6,1,1,255,255,0,0,0,0.0166666675,,19,0,19,0,3,0,,0|0|0.599999905|0|0|0|0,0|0|0.599999905|0|0|0|0
7892,7892,6,1,1,255,255,0,0,0,0.0166666675,,19,0,19,0,3,0,,0|0|0.599999905|0|0|0|0,0|0|0.599999905|0|0|0|0
7893,7893,6,1,1,255,255,0,0,0,0.0166666675,,19,0,19,0,3,0,,0|0|0.599999905|0|0|0|0,0|0|0.599999905|0|0|0|0
7894,7894,6,1,1,255,255,0,0,0,0.0166666675,,19,0,19,0,3,0,,0|0|0.599999905|0|0|0|0,0|0|0.599999905|0|0|0|0
7895,7895,6,1,1,255,255,0,0,0,0.0166666675,,19,0,19,0,3,0,,0|0|0.599999905|0|0|0|0,0|0|0.599999905|0|0|0|0
7896,7896,6,1,1,255,255,0,0,0,0.0166666675,,19,0,19,0,3,0,,0|0|0.599999905|0|0|0|0,0|0|0.599999905|0|0|0|0
7897,7897,6,1,1,255,255,0,0,0,0.0166666675,,19,0,19,0,3,0,,0|0|0.599999905|0|0|0|0,0|0|0.599999905|0|0|0|0
7898,7898,6,1,1,255,255,0,0,0,0.0166666675,,19,0,19,0,3,0,,0|0|0.599999905|0|0|0|0,0|0|0.599999905|0|0|0|0
7899,7899,6,1,1,255,255,0,0,0,0.0166666675,,19,0,19,0,3,0,,0|0|0.599999905|0|0|0|0,0|0|0.599999905|0|0|0|0
7900,7900,6,1,1,255,255,0,0,0,0.0166666675,,19,0,19,0,3,0,,0|0|0.599999905|0|0|0|0,0|0|0.599999905|0|0|0|0
7901,7901,6,1,1,255,255,0,0,0,0.0166666675,,19,0,19,0,3,0,,0|0|0.599999905|0|0|0|0,0|0|0.599999905|0|0|0|0
7902,7902,6,1,1,255,255,0,0,0,0.0166666675,,19,0,19,0,3,0,,0|0|0.599999905|0|0|0|0,0|0|0.599999905|0|0|0|0
7903,7903,6,1,1,255,255,0,0,0,0.0166666675,,19,0,19,0,3,0,,0|0|0.599999905|0|0|0|0,0|0|0.599999905|0|0|0|0
7904,7904,6,1,1,255,255,0,0,0,0.0166666675,,19,0,19,0,3,0,,0|0|0.599999905|0|0|0|0,0|0|0.599999905|0|0|0|0
7905,7905,6,1,1,255,255,0,0,0,0.0166666675,,19,0,19,0,3,0,,0|0|0.599999905|0|0|0|0,0|0|0.599999905|0|0|0|0
7906,7906,6,1,1,255,255,0,0,0,0.0166666675,,19,0,19,0,3,0,,0|0|0.599999905|0|0|0|0,0|0|0.599999905|0|0|0|0
7907,7907,6,1,1,255,255,0,0,0,0.0166666675,,19,0,19,0,3,0,,0|0|0.599999905|0|0|0|0,0|0|0.599999905|0|0|0|0
7908,7908,6,1,1,255,255,0,0,0,0.0166666675,,19,0,19,0,3,0,,0|0|0.599999905|0|0|0|0,0|0|0.599999905|0|0|0|0
7909,7909,6,1,1,255,255,0,0,0,0.0166666675,,19,0,19,0,3,0,,0|0|0.599999905|0|0|0|0,0|0|0.599999905|0|0|0|0
7910,7910,6,1,1,255,255,0,0,0,0.0166666675,,19,0,19,0,3,0,,0|0|0.599999905|0|0|0|0,0|0|0.599999905|0|0|0|0
7911,7911,6,1,1,255,255,0,0,0,0.0166666675,,19,0,19,0,3,0,,0|0|0.599999905|0|0|0|0,0|0|0.599999905|0|0|0|0
7912,7912,6,1,1,255,255,0,0,0,0.0166666675,,19,0,19,0,3,0,,0|0|0.599999905|0|0|0|0,0|0|0.599999905|0|0|0|0
7913,7913,6,1,1,255,255,0,0,0,0.0166666675,,19,0,19,0,3,0,,0|0|0.599999905|0|0|0|0,0|0|0.599999905|0|0|0|0
7914,7914,6,1,1,255,255,0,0,0,0.0166666675,,19,0,19,0,3,0,,0|0|0.599999905|0|0|0|0,0|0|0.599999905|0|0|0|0
7915,7915,6,1,1,255,255,0,0,0,0.0166666675,,19,0,19,0,3,0,,0|0|0.599999905|0|0|0|0,0|0|0.599999905|0|0|0|0
7916,7916,6,1,1,255,255,0,0,0,0.0166666675,,19,0,19,0,3,0,,0|0|0.599999905|0|0|0|0,0|0|0.599999905|0|0|0|0
7917,7917,6,1,1,255,255,0,0,0,0.0166666675,,19,0,19,0,3,0,,0|0|0.599999905|0|0|0|0,0|0|0.599999905|0|0|0|0
7918,7918,6,1,1,255,255,0,0,0,0.0166666675,,19,0,19,0,3,0,,0|0|0.599999905|0|0|0|0,0|0|0.599999905|0|0|0|0
7919,7919,6,1,1,255,255,0,0,0,0.0166666675,,19,0,19,0,3,0,,0|0|0.599999905|0|0|0|0,0|0|0.599999905|0|0|0|0
7920,7920,6,1,1,255,255,0,0,0,0.0166666675,,19,0,19,0,3,0,,0|0|0.599999905|0|0|0|0,0|0|0.599999905|0|0|0|0
7921,7921,6,1,1,255,255,0,0,0,0.0166666675,,19,0,19,0,3,0,,0|0|0.599999905|0|0|0|0,0|0|0.599999905|0|0|0|0
7922,7922,6,1,1,255,255,0,0,0,0.0166666675,,19,0,19,0,3,0,,0|0|0.599999905|0|0|0|0,0|0|0.599999905|0|0|0|0
7923,7923,6,1,1,255,255,0,0,0,0.0166666675,,19,0,19,0,3,0,,0|0|0.599999905|0|0|0|0,0|0|0.599999905|0|0|0|0
7924,7924,6,1,1,255,255,0,0,0,0.0166666675,,19,0,19,0,3,0,,0|0|0.599999905|0|0|0|0,0|0|0.599999905|0|0|0|0
7925,7925,6,1,1,255,255,0,0,0,0.0166666675,,19,0,19,0,3,0,,0|0|0.599999905|0|0|0|0,0|0|0.599999905|0|0|0|0
7926,7926,6,1,1,255,255,0,0,0,0.0166666675,,19,0,19,0,3,0,,0|0|0.599999905|0|0|0|0,0|0|0.599999905|0|0|0|0
7927,7927,6,1,1,255,255,0,0,0,0.0166666675,,19,0,19,0,3,0,,0|0|0.599999905|0|0|0|0,0|0|0.599999905|0|0|0|0
7928,7928,6,1,1,255,255,0,0,0,0.0166666675,,19,0,19,0,3,0,,0|0|0.599999905|0|0|0|0,0|0|0.599999905|0|0|0|0
7929,7929,6,1,1,255,255,0,0,0,0.0166666675,,19,0,19,0,3,0,,0|0|0.599999905|0|0|0|0,0|0|0.599999905|0|0|0|0
7930,7930,6,1,1,255,255,0,0,0,0.0166666675,,19,0,19,0,3,0,,0|0|0.599999905|0|0|0|0,0|0|0.599999905|0|0|0|0
7931,7931,6,1,1,255,255,0,0,0,0.0166666675,,19,0,19,0,3,0,,0|0|0.599999905|0|0|0|0,0|0|0.599999905|0|0|0|0
7932,7932,6,1,1,255,255,0,0,0,0.0166666675,,19,0,19,0,3,0,,0|0|0.599999905|0|0|0|0,0|0|0.599999905|0|0|0|0
7933,7933,6,1,1,255,255,0,0,0,0.0166666675,,19,0,19,0,3,0,,0|0|0.599999905|0|0|0|0,0|0|0.599999905|0|0|0|0
7934,7934,6,1,1,255,255,0,0,0,0.0166666675,,19,0,19,0,3,0,,0|0|0.599999905|0|0|0|0,0|0|0.599999905|0|0|0|0
7935,7935,6,1,1,255,255,0,0,0,0.0166666675,,19,0,19,0,3,0,,0|0|0.599999905|0|0|0|0,0|0|0.599999905|0|0|0|0
7936,7936,6,1,1,255,255,0,0,0,0.0166666675,,19,0,19,0,3,0,,0|0|0.599999905|0|0|0|0,0|0|0.599999905|0|0|0|0
7937,7937,6,1,1,255,255,0,0,0,0.0166666675,,19,0,19,0,3,0,,0|0|0.599999905|0|0|0|0,0|0|0.599999905|0|0|0|0
7938,7938,6,1,1,255,255,0,0,0,0.0166666675,,19,0,19,0,3,0,,0|0|0.599999905|0|0|0|0,0|0|0.599999905|0|0|0|0
7939,7939,6,1,1,255,255,0,0,0,0.0166666675,,19,0,19,0,3,0,,0|0|0.599999905|0|0|0|0,0|0|0.599999905|0|0|0|0
7940,7940,6,1,1,255,255,0,0,0,0.0166666675,,19,0,19,0,3,0,,0|0|0.599999905|0|0|0|0,0|0|0.599999905|0|0|0|0
7941,7941,6,1,1,255,255,0,0,0,0.0166666675,,19,0,19,0,3,0,,0|0|0.599999905|0|0|0|0,0|0|0.599999905|0|0|0|0
7942,7942,6,1,1,255,255,0,0,0,0.0166666675,,19,0,19,0,3,0,,0|0|0.599999905|0|0|0|0,0|0|0.599999905|0|0|0|0
7943,7943,6,1,1,255,255,0,0,0,0.0166666675,,19,0,19,0,3,0,,0|0|0.599999905|0|0|0|0,0|0|0.599999905|0|0|0|0
7944,7944,6,1,1,255,255,0,0,0,0.0166666675,,19,0,19,0,3,0,,0|0|0.599999905|0|0|0|0,0|0|0.599999905|0|0|0|0
7945,7945,6,1,1,255,255,0,0,0,0.0166666675,,19,0,19,0,3,0,,0|0|0.599999905|0|0|0|0,0|0|0.599999905|0|0|0|0
7946,7946,6,1,1,255,255,0,0,0,0.0166666675,,19,0,19,0,3,0,,0|0|0.599999905|0|0|0|0,0|0|0.599999905|0|0|0|0
7947,7947,6,1,1,255,255,0,0,0,0.0166666675,,19,0,19,0,3,0,,0|0|0.599999905|0|0|0|0,0|0|0.599999905|0|0|0|0
7948,7948,6,1,1,255,255,0,0,0,0.0166666675,,19,0,19,0,3,0,,0|0|0.599999905|0|0|0|0,0|0|0.599999905|0|0|0|0
7949,7949,6,1,1,255,255,0,0,0,0.0166666675,,19,0,19,0,3,0,,0|0|0.599999905|0|0|0|0,0|0|0.599999905|0|0|0|0
7950,7950,6,1,1,255,255,0,0,0,0.0166666675,,19,0,19,0,3,0,,0|0|0.599999905|0|0|0|0,0|0|0.599999905|0|0|0|0
7951,7951,6,1,1,255,255,0,0,0,0.0166666675,,19,0,19,0,3,0,,0|0|0.599999905|0|0|0|0,0|0|0.599999905|0|0|0|0
7952,7952,6,1,1,255,255,0,0,0,0.0166666675,,19,0,19,0,3,0,,0|0|0.599999905|0|0|0|0,0|0|0.599999905|0|0|0|0
7953,7953,6,1,1,255,255,0,0,0,0.0166666675,,19,0,19,0,3,0,,0|0|0.599999905|0|0|0|0,0|0|0.599999905|0|0|0|0
7954,7954,6,1,1,255,255,0,0,0,0.0166666675,,19,0,19,0,3,0,,0|0|0.599999905|0|0|0|0,0|0|0.599999905|0|0|0|0
7955,7955,6,1,1,255,255,0,0,0,0.0166666675,,19,0,19,0,3,0,,0|0|0.599999905|0|0|0|0,0|0|0.599999905|0|0|0|0
7956,7956,6,1,1,255,255,0,0,0,0.0166666675,,19,0,19,0,3,0,,0|0|0.599999905|0|0|0|0,0|0|0.599999905|0|0|0|0
7957,7957,6,1,1,255,255,0,0,0,0.0166666675,,19,0,19,0,3,0,,0|0|0.599999905|0|0|0|0,0|0|0.599999905|0|0|0|0
7958,7958,6,1,1,255,255,0,0,0,0.0166666675,,19,0,19,0,3,0,,0|0|0.599999905|0|0|0|0,0|0|0.599999905|0|0|0|0
7959,7959,6,1,1,255,255,0,0,0,0.0166666675,,19,0,19,0,3,0,,0|0|0.599999905|0|0|0|0,0|0|0.599999905|0|0|0|0
7960,7960,6,1,1,255,255,0,0,0,0.0166666675,,19,0,19,0,3,0,,0|0|0.599999905|0|0|0|0,0|0|0.599999905|0|0|0|0
7961,7961,6,1,1,255,255,0,0,0,0.0166666675,,19,0,19,0,3,0,,0|0|0.599999905|0|0|0|0,0|0|0.599999905|0|0|0|0
7962,7962,6,1,1,255,255,0,0,0,0.0166666675,,19,0,19,0,3,0,,0|0|0.599999905|0|0|0|0,0|0|0.599999905|0|0|0|0
7963,7963,6,1,1,255,255,0,0,0,0.0166666675,,19,0,19,0,3,0,,0|0|0.599999905|0|0|0|0,0|0|0.599999905|0|0|0|0
7964,7964,6,1,1,255,255,0,0,0,0.0166666675,,19,0,19,0,3,0,,0|0|0.599999905|0|0|0|0,0|0|0.599999905|0|0|0|0
7965,7965,6,1,1,255,255,0,0,0,0.0166666675,,19,0,19,0,3,0,,0|0|0.599999905|0|0|0|0,0|0|0.599999905|0|0|0|0
7966,7966,6,1,1,255,255,0,0,0,0.0166666675,,19,0,19,0,3,0,,0|0|0.599999905|0|0|0|0,0|0|0.599999905|0|0|0|0
7967,7967,6,1,1,255,255,0,0,0,0.0166666675,,19,0,19,0,3,0,,0|0|0.599999905|0|0|0|0,0|0|0.599999905|0|0|0|0
7968,7968,6,1,1,255,255,0,0,0,0.0166666675,,19,0,19,0,3,0,,0|0|0.599999905|0|0|0|0,0|0|0.599999905|0|0|0|0
7969,7969,6,1,1,255,255,0,0,0,0.0166666675,,19,0,19,0,3,0,,0|0|0.599999905|0|0|0|0,0|0|0.599999905|0|0|0|0
7970,7970,6,1,1,255,255,0,0,0,0.0166666675,,19,0,19,0,3,0,,0|0|0.599999905|0|0|0|0,0|0|0.599999905|0|0|0|0
7971,7971,6,1,1,255,255,0,0,0,0.0166666675,,19,0,19,0,3,0,,0|0|0.599999905|0|0|0|0,0|0|0.599999905|0|0|0|0
7972,7972,6,1,1,255,255,0,0,0,0.0166666675,,19,0,19,0,3,0,,0|0|0.599999905|0|0|0|0,0|0|0.599999905|0|0|0|0
7973,7973,6,1,1,255,255,0,0,0,0.0166666675,,19,0,19,0,3,0,,0|0|0.599999905|0|0|0|0,0|0|0.599999905|0|0|0|0
7974,7974,6,1,1,255,255,0,0,0,0.0166666675,,19,0,19,0,3,0,,0|0|0.599999905|0|0|0|0,0|0|0.599999905|0|0|0|0
7975,7975,6,1,1,255,255,0,0,0,0.0166666675,,19,0,19,0,3,0,,0|0|0.599999905|0|0|0|0,0|0|0.599999905|0|0|0|0
7976,7976,6,1,1,255,255,0,0,0,0.0166666675,,19,0,19,0,3,0,,0|0|0.599999905|0|0|0|0,0|0|0.599999905|0|0|0|0
7977,7977,6,1,1,255,255,0,0,0,0.0166666675,,19,0,19,0,3,0,,0|0|0.599999905|0|0|0|0,0|0|0.599999905|0|0|0|0
7978,7978,6,1,1,255,255,0,0,0,0.0166666675,,19,0,19,0,3,0,,0|0|0.599999905|0|0|0|0,0|0|0.599999905|0|0|0|0
7979,7979,6,1,1,255,255,0,0,0,0.0166666675,,19,0,19,0,3,0,,0|0|0.599999905|0|0|0|0,0|0|0.599999905|0|0|0|0
7980,7980,6,1,1,255,255,0,0,0,0.0166666675,,19,0,19,0,3,0,,0|0|0.599999905|0|0|0|0,0|0|0.599999905|0|0|0|0
7981,7981,6,1,1,255,255,0,0,0,0.0166666675,,19,0,19,0,3,0,,0|0|0.599999905|0|0|0|0,0|0|0.599999905|0|0|0|0
7982,7982,6,1,1,255,255,0,0,0,0.0166666675,,19,0,19,0,3,0,,0|0|0.599999905|0|0|0|0,0|0|0.599999905|0|0|0|0
7983,7983,6,1,1,255,255,0,0,0,0.0166666675,,19,0,19,0,3,0,,0|0|0.599999905|0|0|0|0,0|0|0.599999905|0|0|0|0
7984,7984,6,1,1,255,255,0,0,0,0.0166666675,,19,0,19,0,3,0,,0|0|0.599999905|0|0|0|0,0|0|0.599999905|0|0|0|0
7985,7985,6,1,1,255,255,0,0,0,0.0166666675,,19,0,19,0,3,0,,0|0|0.599999905|0|0|0|0,0|0|0.599999905|0|0|0|0
7986,7986,6,1,1,255,255,0,0,0,0.0166666675,,19,0,19,0,3,0,,0|0|0.599999905|0|0|0|0,0|0|0.599999905|0|0|0|0
7987,7987,6,1,1,255,255,0,0,0,0.0166666675,,19,0,19,0,3,0,,0|0|0.599999905|0|0|0|0,0|0|0.599999905|0|0|0|0
7988,7988,6,1,1,255,255,0,0,0,0.0166666675,,19,0,19,0,3,0,,0|0|0.599999905|0|0|0|0,0|0|0.599999905|0|0|0|0
7989,7989,6,1,1,255,255,0,0,0,0.0166666675,,19,0,19,0,3,0,,0|0|0.599999905|0|0|0|0,0|0|0.599999905|0|0|0|0
7990,7990,6,1,1,255,255,0,0,0,0.0166666675,,19,0,19,0,3,0,,0|0|0.599999905|0|0|0|0,0|0|0.599999905|0|0|0|0
7991,7991,6,1,1,255,255,0,0,0,0.0166666675,,19,0,19,0,3,0,,0|0|0.599999905|0|0|0|0,0|0|0.599999905|0|0|0|0
7992,7992,6,1,1,255,255,0,0,0,0.0166666675,,19,0,19,0,3,0,,0|0|0.599999905|0|0|0|0,0|0|0.599999905|0|0|0|0
7993,7993,6,1,1,255,255,0,0,0,0.0166666675,,19,0,19,0,3,0,,0|0|0.599999905|0|0|0|0,0|0|0.599999905|0|0|0|0
7994,7994,6,1,1,255,255,0,0,0,0.0166666675,,19,0,19,0,3,0,,0|0|0.599999905|0|0|0|0,0|0|0.599999905|0|0|0|0
7995,7995,6,1,1,255,255,0,0,0,0.0166666675,,19,0,19,0,3,0,,0|0|0.599999905|0|0|0|0,0|0|0.599999905|0|0|0|0
7996,7996,6,1,1,255,255,0,0,0,0.0166666675,,19,0,19,0,3,0,,0|0|0.599999905|0|0|0|0,0|0|0.599999905|0|0|0|0
7997,7997,6,1,1,255,255,0,0,0,0.0166666675,,19,0,19,0,3,0,,0|0|0.599999905|0|0|0|0,0|0|0.599999905|0|0|0|0
7998,7998,6,1,1,255,255,0,0,0,0.0166666675,,19,0,19,0,3,0,,0|0|0.599999905|0|0|0|0,0|0|0.599999905|0|0|0|0
7999,7999,6,1,1,255,255,0,0,0,0.0166666675,,19,0,19,0,3,0,,0|0|0.599999905|0|0|0|0,0|0|0.599999905|0|0|0|0
8000,8000,6,1,1,255,255,0,0,0,0.0166666675,,19,0,19,0,3,0,,0|0|0.599999905|0|0|0|0,0|0|0.599999905|0|0|0|0
8001,8001,6,1,1,255,255,0,0,0,0.0166666675,,19,0,19,0,3,0,,0|0|0.599999905|0|0|0|0,0|0|0.599999905|0|0|0|0
8002,8002,6,1,1,255,255,0,0,0,0.0166666675,,19,0,19,0,3,0,,0|0|0.599999905|0|0|0|0,0|0|0.599999905|0|0|0|0
8003,8003,6,1,1,255,255,0,0,0,0.0166666675,,19,0,19,0,3,0,,0|0|0.599999905|0|0|0|0,0|0|0.599999905|0|0|0|0
8004,8004,6,1,1,255,255,0,0,0,0.0166666675,,19,0,19,0,3,0,,0|0|0.599999905|0|0|0|0,0|0|0.599999905|0|0|0|0
8005,8005,6,1,1,255,255,0,0,0,0.0166666675,,19,0,19,0,3,0,,0|0|0.599999905|0|0|0|0,0|0|0.599999905|0|0|0|0
8006,8006,6,1,1,255,255,0,0,0,0.0166666675,,19,0,19,0,3,0,,0|0|0.599999905|0|0|0|0,0|0|0.599999905|0|0|0|0
8007,8007,6,1,1,255,255,0,0,0,0.0166666675,,19,0,19,0,3,0,,0|0|0.599999905|0|0|0|0,0|0|0.599999905|0|0|0|0
8008,8008,6,1,1,255,255,0,0,0,0.0166666675,,19,0,19,0,3,0,,0|0|0.599999905|0|0|0|0,0|0|0.599999905|0|0|0|0
8009,8009,6,1,1,255,255,0,0,0,0.0166666675,,19,0,19,0,3,0,,0|0|0.599999905|0|0|0|0,0|0|0.599999905|0|0|0|0
8010,8010,6,1,1,255,255,0,0,0,0.0166666675,,19,0,19,0,3,0,,0|0|0.599999905|0|0|0|0,0|0|0.599999905|0|0|0|0
8011,8011,6,1,1,255,255,0,0,0,0.0166666675,,19,0,19,0,3,0,,0|0|0.599999905|0|0|0|0,0|0|0.599999905|0|0|0|0
8012,8012,6,1,1,255,255,0,0,0,0.0166666675,,19,0,19,0,3,0,,0|0|0.599999905|0|0|0|0,0|0|0.599999905|0|0|0|0
8013,8013,6,1,1,255,255,0,0,0,0.0166666675,,19,0,19,0,3,0,,0|0|0.599999905|0|0|0|0,0|0|0.599999905|0|0|0|0
8014,8014,6,1,1,255,255,0,0,0,0.0166666675,,19,0,19,0,3,0,,0|0|0.599999905|0|0|0|0,0|0|0.599999905|0|0|0|0
8015,8015,6,1,1,255,255,0,0,0,0.0166666675,,19,0,19,0,3,0,,0|0|0.599999905|0|0|0|0,0|0|0.599999905|0|0|0|0
8016,8016,6,1,1,255,255,0,0,0,0.0166666675,,19,0,19,0,3,0,,0|0|0.599999905|0|0|0|0,0|0|0.599999905|0|0|0|0
8017,8017,6,1,1,255,255,0,0,0,0.0166666675,,19,0,19,0,3,0,,0|0|0.599999905|0|0|0|0,0|0|0.599999905|0|0|0|0
8018,8018,6,1,1,255,255,0,0,0,0.0166666675,,19,0,19,0,3,0,,0|0|0.599999905|0|0|0|0,0|0|0.599999905|0|0|0|0
8019,8019,6,1,1,255,255,0,0,0,0.0166666675,,19,0,19,0,3,0,,0|0|0.599999905|0|0|0|0,0|0|0.599999905|0|0|0|0
8020,8020,6,1,1,255,255,0,0,0,0.0166666675,,19,0,19,0,3,0,,0|0|0.599999905|0|0|0|0,0|0|0.599999905|0|0|0|0
8021,8021,6,1,1,255,255,0,0,0,0.0166666675,,19,0,19,0,3,0,,0|0|0.599999905|0|0|0|0,0|0|0.599999905|0|0|0|0
8022,8022,6,1,1,255,255,0,0,0,0.0166666675,,19,0,19,0,3,0,,0|0|0.599999905|0|0|0|0,0|0|0.599999905|0|0|0|0
8023,8023,6,1,1,255,255,0,0,0,0.0166666675,,19,0,19,0,3,0,,0|0|0.599999905|0|0|0|0,0|0|0.599999905|0|0|0|0
8024,8024,6,1,1,255,255,0,0,0,0.0166666675,,19,0,19,0,3,0,,0|0|0.599999905|0|0|0|0,0|0|0.599999905|0|0|0|0
8025,8025,6,1,1,255,255,0,0,0,0.0166666675,,19,0,19,0,3,0,,0|0|0.599999905|0|0|0|0,0|0|0.599999905|0|0|0|0
8026,8026,6,1,1,255,255,0,0,0,0.0166666675,,19,0,19,0,3,0,,0|0|0.599999905|0|0|0|0,0|0|0.599999905|0|0|0|0
8027,8027,6,1,1,255,255,0,0,0,0.0166666675,,19,0,19,0,3,0,,0|0|0.599999905|0|0|0|0,0|0|0.599999905|0|0|0|0
8028,8028,6,1,1,255,255,0,0,0,0.0166666675,,19,0,19,0,3,0,,0|0|0.599999905|0|0|0|0,0|0|0.599999905|0|0|0|0
8029,8029,6,1,1,255,255,0,0,0,0.0166666675,,19,0,19,0,3,0,,0|0|0.599999905|0|0|0|0,0|0|0.599999905|0|0|0|0
8030,8030,6,1,1,255,255,0,0,0,0.0166666675,,19,0,19,0,3,0,,0|0|0.599999905|0|0|0|0,0|0|0.599999905|0|0|0|0
8031,8031,6,1,1,255,255,0,0,0,0.0166666675,,19,0,19,0,3,0,,0|0|0.599999905|0|0|0|0,0|0|0.599999905|0|0|0|0
8032,8032,6,1,1,255,255,0,0,0,0.0166666675,,19,0,19,0,3,0,,0|0|0.599999905|0|0|0|0,0|0|0.599999905|0|0|0|0
8033,8033,6,1,1,255,255,0,0,0,0.0166666675,,19,0,19,0,3,0,,0|0|0.599999905|0|0|0|0,0|0|0.599999905|0|0|0|0
8034,8034,6,1,1,255,255,0,0,0,0.0166666675,,19,0,19,0,3,0,,0|0|0.599999905|0|0|0|0,0|0|0.599999905|0|0|0|0
8035,8035,6,1,1,255,255,0,0,0,0.0166666675,,19,0,19,0,3,0,,0|0|0.599999905|0|0|0|0,0|0|0.599999905|0|0|0|0
8036,8036,6,1,1,255,255,0,0,0,0.0166666675,,19,0,19,0,3,0,,0|0|0.599999905|0|0|0|0,0|0|0.599999905|0|0|0|0
8037,8037,6,1,1,255,255,0,0,0,0.0166666675,,19,0,19,0,3,0,,0|0|0.599999905|0|0|0|0,0|0|0.599999905|0|0|0|0
8038,8038,6,1,1,255,255,0,0,0,0.0166666675,,19,0,19,0,3,0,,0|0|0.599999905|0|0|0|0,0|0|0.599999905|0|0|0|0
8039,8039,6,1,1,255,255,0,0,0,0.0166666675,,19,0,19,0,3,0,,0|0|0.599999905|0|0|0|0,0|0|0.599999905|0|0|0|0
8040,8040,6,1,1,255,255,0,0,0,0.0166666675,,19,0,19,0,3,0,,0|0|0.599999905|0|0|0|0,0|0|0.599999905|0|0|0|0
8041,8041,6,1,1,255,255,0,0,0,0.0166666675,,19,0,19,0,3,0,,0|0|0.599999905|0|0|0|0,0|0|0.599999905|0|0|0|0
8042,8042,6,1,1,255,255,0,0,0,0.0166666675,,19,0,19,0,3,0,,0|0|0.599999905|0|0|0|0,0|0|0.599999905|0|0|0|0
8043,8043,6,1,1,255,255,0,0,0,0.0166666675,,19,0,19,0,3,0,,0|0|0.599999905|0|0|0|0,0|0|0.599999905|0|0|0|0
8044,8044,6,1,1,255,255,0,0,0,0.0166666675,,19,0,19,0,3,0,,0|0|0.599999905|0|0|0|0,0|0|0.599999905|0|0|0|0
8045,8045,6,1,1,255,255,0,0,0,0.0166666675,,19,0,19,0,3,0,,0|0|0.599999905|0|0|0|0,0|0|0.599999905|0|0|0|0
8046,8046,6,1,1,255,255,0,0,0,0.0166666675,,19,0,19,0,3,0,,0|0|0.599999905|0|0|0|0,0|0|0.599999905|0|0|0|0
8047,8047,6,1,1,255,255,0,0,0,0.0166666675,,19,0,19,0,3,0,,0|0|0.599999905|0|0|0|0,0|0|0.599999905|0|0|0|0
8048,8048,6,1,1,255,255,0,0,0,0.0166666675,,19,0,19,0,3,0,,0|0|0.599999905|0|0|0|0,0|0|0.599999905|0|0|0|0
8049,8049,6,1,1,255,255,0,0,0,0.0166666675,,19,0,19,0,3,0,,0|0|0.599999905|0|0|0|0,0|0|0.599999905|0|0|0|0
8050,8050,6,1,1,255,255,0,0,0,0.0166666675,,19,0,19,0,3,0,,0|0|0.599999905|0|0|0|0,0|0|0.599999905|0|0|0|0
8051,8051,6,1,1,255,255,0,0,0,0.0166666675,,19,0,19,0,3,0,,0|0|0.599999905|0|0|0|0,0|0|0.599999905|0|0|0|0
8052,8052,6,1,1,255,255,0,0,0,0.0166666675,,19,0,19,0,3,0,,0|0|0.599999905|0|0|0|0,0|0|0.599999905|0|0|0|0
8053,8053,6,1,1,255,255,0,0,0,0.0166666675,,19,0,19,0,3,0,,0|0|0.599999905|0|0|0|0,0|0|0.599999905|0|0|0|0
8054,8054,6,1,1,255,255,0,0,0,0.0166666675,,19,0,19,0,3,0,,0|0|0.599999905|0|0|0|0,0|0|0.599999905|0|0|0|0
8055,8055,6,1,1,255,255,0,0,0,0.0166666675,,19,0,19,0,3,0,,0|0|0.599999905|0|0|0|0,0|0|0.599999905|0|0|0|0
8056,8056,6,1,1,255,255,0,0,0,0.0166666675,,19,0,19,0,3,0,,0|0|0.599999905|0|0|0|0,0|0|0.599999905|0|0|0|0
8057,8057,6,1,1,255,255,0,0,0,0.0166666675,,19,0,19,0,3,0,,0|0|0.599999905|0|0|0|0,0|0|0.599999905|0|0|0|0
8058,8058,6,1,1,255,255,0,0,0,0.0166666675,,19,0,19,0,3,0,,0|0|0.599999905|0|0|0|0,0|0|0.599999905|0|0|0|0
8059,8059,6,1,1,255,255,0,0,0,0.0166666675,,19,0,19,0,3,0,,0|0|0.599999905|0|0|0|0,0|0|0.599999905|0|0|0|0
8060,8060,6,1,1,255,255,0,0,0,0.0166666675,,19,0,19,0,3,0,,0|0|0.599999905|0|0|0|0,0|0|0.599999905|0|0|0|0
8061,8061,6,1,1,255,255,0,0,0,0.0166666675,,19,0,19,0,3,0,,0|0|0.599999905|0|0|0|0,0|0|0.599999905|0|0|0|0
8062,8062,6,1,1,255,255,0,0,0,0.0166666675,,19,0,19,0,3,0,,0|0|0.599999905|0|0|0|0,0|0|0.599999905|0|0|0|0
8063,8063,6,1,1,255,255,0,0,0,0.0166666675,,19,0,19,0,3,0,,0|0|0.599999905|0|0|0|0,0|0|0.599999905|0|0|0|0
8064,8064,6,1,1,255,255,0,0,0,0.0166666675,,19,0,19,0,3,0,,0|0|0.599999905|0|0|0|0,0|0|0.599999905|0|0|0|0
8065,8065,6,1,1,255,255,0,0,0,0.0166666675,,19,0,19,0,3,0,,0|0|0.599999905|0|0|0|0,0|0|0.599999905|0|0|0|0
8066,8066,6,1,1,255,255,0,0,0,0.0166666675,,19,0,19,0,3,0,,0|0|0.599999905|0|0|0|0,0|0|0.599999905|0|0|0|0
8067,8067,6,1,1,255,255,0,0,0,0.0166666675,,19,0,19,0,3,0,,0|0|0.599999905|0|0|0|0,0|0|0.599999905|0|0|0|0
8068,8068,6,1,1,255,255,0,0,0,0.0166666675,,19,0,19,0,3,0,,0|0|0.599999905|0|0|0|0,0|0|0.599999905|0|0|0|0
8069,8069,6,1,1,255,255,0,0,0,0.0166666675,,19,0,19,0,3,0,,0|0|0.599999905|0|0|0|0,0|0|0.599999905|0|0|0|0
8070,8070,6,1,1,255,255,0,0,0,0.0166666675,,19,0,19,0,3,0,,0|0|0.599999905|0|0|0|0,0|0|0.599999905|0|0|0|0
8071,8071,6,1,1,255,255,0,0,0,0.0166666675,,19,0,19,0,3,0,,0|0|0.599999905|0|0|0|0,0|0|0.599999905|0|0|0|0
8072,8072,6,1,1,255,255,0,0,0,0.0166666675,,19,0,19,0,3,0,,0|0|0.599999905|0|0|0|0,0|0|0.599999905|0|0|0|0
8073,8073,6,1,1,255,255,0,0,0,0.0166666675,,19,0,19,0,3,0,,0|0|0.599999905|0|0|0|0,0|0|0.599999905|0|0|0|0
8074,8074,6,1,1,255,255,0,0,0,0.0166666675,,19,0,19,0,3,0,,0|0|0.599999905|0|0|0|0,0|0|0.599999905|0|0|0|0
8075,8075,6,1,1,255,255,0,0,0,0.0166666675,,19,0,19,0,3,0,,0|0|0.599999905|0|0|0|0,0|0|0.599999905|0|0|0|0
8076,8076,6,1,1,255,255,0,0,0,0.0166666675,,19,0,19,0,3,0,,0|0|0.599999905|0|0|0|0,0|0|0.599999905|0|0|0|0
8077,8077,6,1,1,255,255,0,0,0,0.0166666675,,19,0,19,0,3,0,,0|0|0.599999905|0|0|0|0,0|0|0.599999905|0|0|0|0
8078,8078,6,1,1,255,255,0,0,0,0.0166666675,,19,0,19,0,3,0,,0|0|0.599999905|0|0|0|0,0|0|0.599999905|0|0|0|0
8079,8079,6,1,1,255,255,0,0,0,0.0166666675,,19,0,19,0,3,0,,0|0|0.599999905|0|0|0|0,0|0|0.599999905|0|0|0|0
8080,8080,6,1,1,255,255,0,0,0,0.0166666675,,19,0,19,0,3,0,,0|0|0.599999905|0|0|0|0,0|0|0.599999905|0|0|0|0
8081,8081,6,1,1,255,255,0,0,0,0.0166666675,,19,0,19,0,3,0,,0|0|0.599999905|0|0|0|0,0|0|0.599999905|0|0|0|0
8082,8082,6,1,1,255,255,0,0,0,0.0166666675,,19,0,19,0,3,0,,0|0|0.599999905|0|0|0|0,0|0|0.599999905|0|0|0|0
8083,8083,6,1,1,255,255,0,0,0,0.0166666675,,19,0,19,0,3,0,,0|0|0.599999905|0|0|0|0,0|0|0.599999905|0|0|0|0
8084,8084,6,1,1,255,255,0,0,0,0.0166666675,,19,0,19,0,3,0,,0|0|0.599999905|0|0|0|0,0|0|0.599999905|0|0|0|0
8085,8085,6,1,1,255,255,0,0,0,0.0166666675,,19,0,19,0,3,0,,0|0|0.599999905|0|0|0|0,0|0|0.599999905|0|0|0|0
8086,8086,6,1,1,255,255,0,0,0,0.0166666675,,19,0,19,0,3,0,,0|0|0.599999905|0|0|0|0,0|0|0.599999905|0|0|0|0
8087,8087,6,1,1,255,255,0,0,0,0.0166666675,,19,0,19,0,3,0,,0|0|0.599999905|0|0|0|0,0|0|0.599999905|0|0|0|0
8088,8088,6,1,1,255,255,0,0,0,0.0166666675,,19,0,19,0,3,0,,0|0|0.599999905|0|0|0|0,0|0|0.599999905|0|0|0|0
8089,8089,6,1,1,255,255,0,0,0,0.0166666675,,19,0,19,0,3,0,,0|0|0.599999905|0|0|0|0,0|0|0.599999905|0|0|0|0
8090,8090,6,1,1,255,255,0,0,0,0.0166666675,,19,0,19,0,3,0,,0|0|0.599999905|0|0|0|0,0|0|0.599999905|0|0|0|0
8091,8091,6,1,1,255,255,0,0,0,0.0166666675,,19,0,19,0,3,0,,0|0|0.599999905|0|0|0|0,0|0|0.599999905|0|0|0|0
8092,8092,6,1,1,255,255,0,0,0,0.0166666675,,19,0,19,0,3,0,,0|0|0.599999905|0|0|0|0,0|0|0.599999905|0|0|0|0
8093,8093,6,1,1,255,255,0,0,0,0.0166666675,,19,0,19,0,3,0,,0|0|0.599999905|0|0|0|0,0|0|0.599999905|0|0|0|0
8094,8094,6,1,1,255,255,0,0,0,0.0166666675,,19,0,19,0,3,0,,0|0|0.599999905|0|0|0|0,0|0|0.599999905|0|0|0|0
8095,8095,6,1,1,255,255,0,0,0,0.0166666675,,19,0,19,0,3,0,,0|0|0.599999905|0|0|0|0,0|0|0.599999905|0|0|0|0
8096,8096,6,1,1,255,255,0,0,0,0.0166666675,,19,0,19,0,3,0,,0|0|0.599999905|0|0|0|0,0|0|0.599999905|0|0|0|0
8097,8097,6,1,1,255,255,0,0,0,0.0166666675,,19,0,19,0,3,0,,0|0|0.599999905|0|0|0|0,0|0|0.599999905|0|0|0|0
8098,8098,6,1,1,255,255,0,0,0,0.0166666675,,19,0,19,0,3,0,,0|0|0.599999905|0|0|0|0,0|0|0.599999905|0|0|0|0
8099,8099,6,1,1,255,255,0,0,0,0.0166666675,,19,0,19,0,3,0,,0|0|0.599999905|0|0|0|0,0|0|0.599999905|0|0|0|0
8100,8100,6,1,1,255,255,0,0,0,0.0166666675,,19,0,19,0,3,0,,0|0|0.599999905|0|0|0|0,0|0|0.599999905|0|0|0|0
8101,8101,6,1,1,255,255,0,0,0,0.0166666675,,19,0,19,0,3,0,,0|0|0.599999905|0|0|0|0,0|0|0.599999905|0|0|0|0
8102,8102,6,1,1,255,255,0,0,0,0.0166666675,,19,0,19,0,3,0,,0|0|0.599999905|0|0|0|0,0|0|0.599999905|0|0|0|0
8103,8103,6,1,1,255,255,0,0,0,0.0166666675,,19,0,19,0,3,0,,0|0|0.599999905|0|0|0|0,0|0|0.599999905|0|0|0|0
8104,8104,6,1,1,255,255,0,0,0,0.0166666675,,19,0,19,0,3,0,,0|0|0.599999905|0|0|0|0,0|0|0.599999905|0|0|0|0
8105,8105,6,1,1,255,255,0,0,0,0.0166666675,,19,0,19,0,3,0,,0|0|0.599999905|0|0|0|0,0|0|0.599999905|0|0|0|0
8106,8106,6,1,1,255,255,0,0,0,0.0166666675,,19,0,19,0,3,0,,0|0|0.599999905|0|0|0|0,0|0|0.599999905|0|0|0|0
8107,8107,6,1,1,255,255,0,0,0,0.0166666675,,19,0,19,0,3,0,,0|0|0.599999905|0|0|0|0,0|0|0.599999905|0|0|0|0
8108,8108,6,1,1,255,255,0,0,0,0.0166666675,,19,0,19,0,3,0,,0|0|0.599999905|0|0|0|0,0|0|0.599999905|0|0|0|0
8109,8109,6,1,1,255,255,0,0,0,0.0166666675,,19,0,19,0,3,0,,0|0|0.599999905|0|0|0|0,0|0|0.599999905|0|0|0|0
8110,8110,6,1,1,255,255,0,0,0,0.0166666675,,19,0,19,0,3,0,,0|0|0.599999905|0|0|0|0,0|0|0.599999905|0|0|0|0
8111,8111,6,1,1,255,255,0,0,0,0.0166666675,,19,0,19,0,3,0,,0|0|0.599999905|0|0|0|0,0|0|0.599999905|0|0|0|0
8112,8112,6,1,1,255,255,0,0,0,0.0166666675,,19,0,19,0,3,0,,0|0|0.599999905|0|0|0|0,0|0|0.599999905|0|0|0|0
8113,8113,6,1,1,255,255,0,0,0,0.0166666675,,19,0,19,0,3,0,,0|0|0.599999905|0|0|0|0,0|0|0.599999905|0|0|0|0
8114,8114,6,1,1,255,255,0,0,0,0.0166666675,,19,0,19,0,3,0,,0|0|0.599999905|0|0|0|0,0|0|0.599999905|0|0|0|0
8115,8115,6,1,1,255,255,0,0,0,0.0166666675,,19,0,19,0,3,0,,0|0|0.599999905|0|0|0|0,0|0|0.599999905|0|0|0|0
8116,8116,6,1,1,255,255,0,0,0,0.0166666675,,19,0,19,0,3,0,,0|0|0.599999905|0|0|0|0,0|0|0.599999905|0|0|0|0
8117,8117,6,1,1,255,255,0,0,0,0.0166666675,,19,0,19,0,3,0,,0|0|0.599999905|0|0|0|0,0|0|0.599999905|0|0|0|0
8118,8118,6,1,1,255,255,0,0,0,0.0166666675,,19,0,19,0,3,0,,0|0|0.599999905|0|0|0|0,0|0|0.599999905|0|0|0|0
8119,8119,6,1,1,255,255,0,0,0,0.0166666675,,19,0,19,0,3,0,,0|0|0.599999905|0|0|0|0,0|0|0.599999905|0|0|0|0
8120,8120,6,1,1,255,255,0,0,0,0.0166666675,,19,0,19,0,3,0,,0|0|0.599999905|0|0|0|0,0|0|0.599999905|0|0|0|0
8121,8121,6,1,1,255,255,0,0,0,0.0166666675,,19,0,19,0,3,0,,0|0|0.599999905|0|0|0|0,0|0|0.599999905|0|0|0|0
8122,8122,6,1,1,255,255,0,0,0,0.0166666675,,19,0,19,0,3,0,,0|0|0.599999905|0|0|0|0,0|0|0.599999905|0|0|0|0
8123,8123,6,1,1,255,255,0,0,0,0.0166666675,,19,0,19,0,3,0,,0|0|0.599999905|0|0|0|0,0|0|0.599999905|0|0|0|0
8124,8124,6,1,1,255,255,0,0,0,0.0166666675,,19,0,19,0,3,0,,0|0|0.599999905|0|0|0|0,0|0|0.599999905|0|0|0|0
8125,8125,6,1,1,255,255,0,0,0,0.0166666675,,19,0,19,0,3,0,,0|0|0.599999905|0|0|0|0,0|0|0.599999905|0|0|0|0
8126,8126,6,1,1,255,255,0,0,0,0.0166666675,,19,0,19,0,3,0,,0|0|0.599999905|0|0|0|0,0|0|0.599999905|0|0|0|0
8127,8127,6,1,1,255,255,0,0,0,0.0166666675,,19,0,19,0,3,0,,0|0|0.599999905|0|0|0|0,0|0|0.599999905|0|0|0|0
8128,8128,6,1,1,255,255,0,0,0,0.0166666675,,19,0,19,0,3,0,,0|0|0.599999905|0|0|0|0,0|0|0.599999905|0|0|0|0
8129,8129,6,1,1,255,255,0,0,0,0.0166666675,,19,0,19,0,3,0,,0|0|0.599999905|0|0|0|0,0|0|0.599999905|0|0|0|0
8130,8130,6,1,1,255,255,0,0,0,0.0166666675,,19,0,19,0,3,0,,0|0|0.599999905|0|0|0|0,0|0|0.599999905|0|0|0|0
8131,8131,6,1,1,255,255,0,0,0,0.0166666675,,19,0,19,0,3,0,,0|0|0.599999905|0|0|0|0,0|0|0.599999905|0|0|0|0
8132,8132,6,1,1,255,255,0,0,0,0.0166666675,,19,0,19,0,3,0,,0|0|0.599999905|0|0|0|0,0|0|0.599999905|0|0|0|0
8133,8133,6,1,1,255,255,0,0,0,0.0166666675,,19,0,19,0,3,0,,0|0|0.599999905|0|0|0|0,0|0|0.599999905|0|0|0|0
8134,8134,6,1,1,255,255,0,0,0,0.0166666675,,19,0,19,0,3,0,,0|0|0.599999905|0|0|0|0,0|0|0.599999905|0|0|0|0
8135,8135,6,1,1,255,255,0,0,0,0.0166666675,,19,0,19,0,3,0,,0|0|0.599999905|0|0|0|0,0|0|0.599999905|0|0|0|0
8136,8136,6,1,1,255,255,0,0,0,0.0166666675,,19,0,19,0,3,0,,0|0|0.599999905|0|0|0|0,0|0|0.599999905|0|0|0|0
8137,8137,6,1,1,255,255,0,0,0,0.0166666675,,19,0,19,0,3,0,,0|0|0.599999905|0|0|0|0,0|0|0.599999905|0|0|0|0
8138,8138,6,1,1,255,255,0,0,0,0.0166666675,,19,0,19,0,3,0,,0|0|0.599999905|0|0|0|0,0|0|0.599999905|0|0|0|0
8139,8139,6,1,1,255,255,0,0,0,0.0166666675,,19,0,19,0,3,0,,0|0|0.599999905|0|0|0|0,0|0|0.599999905|0|0|0|0
8140,8140,6,1,1,255,255,0,0,0,0.0166666675,,19,0,19,0,3,0,,0|0|0.599999905|0|0|0|0,0|0|0.599999905|0|0|0|0
8141,8141,6,1,1,255,255,0,0,0,0.0166666675,,19,0,19,0,3,0,,0|0|0.599999905|0|0|0|0,0|0|0.599999905|0|0|0|0
8142,8142,6,1,1,255,255,0,0,0,0.0166666675,,19,0,19,0,3,0,,0|0|0.599999905|0|0|0|0,0|0|0.599999905|0|0|0|0
8143,8143,6,1,1,255,255,0,0,0,0.0166666675,,19,0,19,0,3,0,,0|0|0.599999905|0|0|0|0,0|0|0.599999905|0|0|0|0
8144,8144,6,1,1,255,255,0,0,0,0.0166666675,,19,0,19,0,3,0,,0|0|0.599999905|0|0|0|0,0|0|0.599999905|0|0|0|0
8145,8145,6,1,1,255,255,0,0,0,0.0166666675,,19,0,19,0,3,0,,0|0|0.599999905|0|0|0|0,0|0|0.599999905|0|0|0|0
8146,8146,6,1,1,255,255,0,0,0,0.0166666675,,19,0,19,0,3,0,,0|0|0.599999905|0|0|0|0,0|0|0.599999905|0|0|0|0
8147,8147,6,1,1,255,255,0,0,0,0.0166666675,,19,0,19,0,3,0,,0|0|0.599999905|0|0|0|0,0|0|0.599999905|0|0|0|0
8148,8148,6,1,1,255,255,0,0,0,0.0166666675,,19,0,19,0,3,0,,0|0|0.599999905|0|0|0|0,0|0|0.599999905|0|0|0|0
8149,8149,6,1,1,255,255,0,0,0,0.0166666675,,19,0,19,0,3,0,,0|0|0.599999905|0|0|0|0,0|0|0.599999905|0|0|0|0
8150,8150,6,1,1,255,255,0,0,0,0.0166666675,,19,0,19,0,3,0,,0|0|0.599999905|0|0|0|0,0|0|0.599999905|0|0|0|0
8151,8151,6,1,1,255,255,0,0,0,0.0166666675,,19,0,19,0,3,0,,0|0|0.599999905|0|0|0|0,0|0|0.599999905|0|0|0|0
8152,8152,6,1,1,255,255,0,0,0,0.0166666675,,19,0,19,0,3,0,,0|0|0.599999905|0|0|0|0,0|0|0.599999905|0|0|0|0
8153,8153,6,1,1,255,255,0,0,0,0.0166666675,,19,0,19,0,3,0,,0|0|0.599999905|0|0|0|0,0|0|0.599999905|0|0|0|0
8154,8154,6,1,1,255,255,0,0,0,0.0166666675,,19,0,19,0,3,0,,0|0|0.599999905|0|0|0|0,0|0|0.599999905|0|0|0|0
8155,8155,6,1,1,255,255,0,0,0,0.0166666675,,19,0,19,0,3,0,,0|0|0.599999905|0|0|0|0,0|0|0.599999905|0|0|0|0
8156,8156,6,1,1,255,255,0,0,0,0.0166666675,,19,0,19,0,3,0,,0|0|0.599999905|0|0|0|0,0|0|0.599999905|0|0|0|0
8157,8157,6,1,1,255,255,0,0,0,0.0166666675,,19,0,19,0,3,0,,0|0|0.599999905|0|0|0|0,0|0|0.599999905|0|0|0|0
8158,8158,6,1,1,255,255,0,0,0,0.0166666675,,19,0,19,0,3,0,,0|0|0.599999905|0|0|0|0,0|0|0.599999905|0|0|0|0
8159,8159,6,1,1,255,255,0,0,0,0.0166666675,,19,0,19,0,3,0,,0|0|0.599999905|0|0|0|0,0|0|0.599999905|0|0|0|0
8160,8160,6,1,1,255,255,0,0,0,0.0166666675,,19,0,19,0,3,0,,0|0|0.599999905|0|0|0|0,0|0|0.599999905|0|0|0|0
8161,8161,6,1,1,255,255,0,0,0,0.0166666675,,19,0,19,0,3,0,,0|0|0.599999905|0|0|0|0,0|0|0.599999905|0|0|0|0
8162,8162,6,1,1,255,255,0,0,0,0.0166666675,,19,0,19,0,3,0,,0|0|0.599999905|0|0|0|0,0|0|0.599999905|0|0|0|0
8163,8163,6,1,1,255,255,0,0,0,0.0166666675,,19,0,19,0,3,0,,0|0|0.599999905|0|0|0|0,0|0|0.599999905|0|0|0|0
8164,8164,6,1,1,255,255,0,0,0,0.0166666675,,19,0,19,0,3,0,,0|0|0.599999905|0|0|0|0,0|0|0.599999905|0|0|0|0
8165,8165,6,1,1,255,255,0,0,0,0.0166666675,,19,0,19,0,3,0,,0|0|0.599999905|0|0|0|0,0|0|0.599999905|0|0|0|0
8166,8166,6,1,1,255,255,0,0,0,0.0166666675,,19,0,19,0,3,0,,0|0|0.599999905|0|0|0|0,0|0|0.599999905|0|0|0|0
8167,8167,6,1,1,255,255,0,0,0,0.0166666675,,19,0,19,0,3,0,,0|0|0.599999905|0|0|0|0,0|0|0.599999905|0|0|0|0
8168,8168,6,1,1,255,255,0,0,0,0.0166666675,,19,0,19,0,3,0,,0|0|0.599999905|0|0|0|0,0|0|0.599999905|0|0|0|0
8169,8169,6,1,1,255,255,0,0,0,0.0166666675,,19,0,19,0,3,0,,0|0|0.599999905|0|0|0|0,0|0|0.599999905|0|0|0|0
8170,8170,6,1,1,255,255,0,0,0,0.0166666675,,19,0,19,0,3,0,,0|0|0.599999905|0|0|0|0,0|0|0.599999905|0|0|0|0
8171,8171,6,1,1,255,255,0,0,0,0.0166666675,,19,0,19,0,3,0,,0|0|0.599999905|0|0|0|0,0|0|0.599999905|0|0|0|0
8172,8172,6,1,1,255,255,0,0,0,0.0166666675,,19,0,19,0,3,0,,0|0|0.599999905|0|0|0|0,0|0|0.599999905|0|0|0|0
8173,8173,6,1,1,255,255,0,0,0,0.0166666675,,19,0,19,0,3,0,,0|0|0.599999905|0|0|0|0,0|0|0.599999905|0|0|0|0
8174,8174,6,1,1,255,255,0,0,0,0.0166666675,,19,0,19,0,3,0,,0|0|0.599999905|0|0|0|0,0|0|0.599999905|0|0|0|0
8175,8175,6,1,1,255,255,0,0,0,0.0166666675,,19,0,19,0,3,0,,0|0|0.599999905|0|0|0|0,0|0|0.599999905|0|0|0|0
8176,8176,6,1,1,255,255,0,0,0,0.0166666675,,19,0,19,0,3,0,,0|0|0.599999905|0|0|0|0,0|0|0.599999905|0|0|0|0
8177,8177,6,1,1,255,255,0,0,0,0.0166666675,,19,0,19,0,3,0,,0|0|0.599999905|0|0|0|0,0|0|0.599999905|0|0|0|0
8178,8178,6,1,1,255,255,0,0,0,0.0166666675,,19,0,19,0,3,0,,0|0|0.599999905|0|0|0|0,0|0|0.599999905|0|0|0|0
8179,8179,6,1,1,255,255,0,0,0,0.0166666675,,19,0,19,0,3,0,,0|0|0.599999905|0|0|0|0,0|0|0.599999905|0|0|0|0
8180,8180,6,1,1,255,255,0,0,0,0.0166666675,,19,0,19,0,3,0,,0|0|0.599999905|0|0|0|0,0|0|0.599999905|0|0|0|0
8181,8181,6,1,1,255,255,0,0,0,0.0166666675,,19,0,19,0,3,0,,0|0|0.599999905|0|0|0|0,0|0|0.599999905|0|0|0|0
8182,8182,6,1,1,255,255,0,0,0,0.0166666675,,19,0,19,0,3,0,,0|0|0.599999905|0|0|0|0,0|0|0.599999905|0|0|0|0
8183,8183,6,1,1,255,255,0,0,0,0.0166666675,,19,0,19,0,3,0,,0|0|0.599999905|0|0|0|0,0|0|0.599999905|0|0|0|0
8184,8184,6,1,1,255,255,0,0,0,0.0166666675,,19,0,19,0,3,0,,0|0|0.599999905|0|0|0|0,0|0|0.599999905|0|0|0|0
8185,8185,6,1,1,255,255,0,0,0,0.0166666675,,19,0,19,0,3,0,,0|0|0.599999905|0|0|0|0,0|0|0.599999905|0|0|0|0
8186,8186,6,1,1,255,255,0,0,0,0.0166666675,,19,0,19,0,3,0,,0|0|0.599999905|0|0|0|0,0|0|0.599999905|0|0|0|0
8187,8187,6,1,1,255,255,0,0,0,0.0166666675,,19,0,19,0,3,0,,0|0|0.599999905|0|0|0|0,0|0|0.599999905|0|0|0|0
8188,8188,6,1,1,255,255,0,0,0,0.0166666675,,19,0,19,0,3,0,,0|0|0.599999905|0|0|0|0,0|0|0.599999905|0|0|0|0
8189,8189,6,1,1,255,255,0,0,0,0.0166666675,,19,0,19,0,3,0,,0|0|0.599999905|0|0|0|0,0|0|0.599999905|0|0|0|0
8190,8190,6,1,1,255,255,0,0,0,0.0166666675,,19,0,19,0,3,0,,0|0|0.599999905|0|0|0|0,0|0|0.599999905|0|0|0|0
8191,8191,6,1,1,255,255,0,0,0,0.0166666675,,19,0,19,0,3,0,,0|0|0.599999905|0|0|0|0,0|0|0.599999905|0|0|0|0
8192,8192,6,1,1,255,255,0,0,0,0.0166666675,,19,0,19,0,3,0,,0|0|0.599999905|0|0|0|0,0|0|0.599999905|0|0|0|0
8193,8193,6,1,1,255,255,0,0,0,0.0166666675,,19,0,19,0,3,0,,0|0|0.599999905|0|0|0|0,0|0|0.599999905|0|0|0|0
8194,8194,6,1,1,255,255,0,0,0,0.0166666675,,19,0,19,0,3,0,,0|0|0.599999905|0|0|0|0,0|0|0.599999905|0|0|0|0
8195,8195,6,1,1,255,255,0,0,0,0.0166666675,,19,0,19,0,3,0,,0|0|0.599999905|0|0|0|0,0|0|0.599999905|0|0|0|0
8196,8196,6,1,1,255,255,0,0,0,0.0166666675,,19,0,19,0,3,0,,0|0|0.599999905|0|0|0|0,0|0|0.599999905|0|0|0|0
8197,8197,6,1,1,255,255,0,0,0,0.0166666675,,19,0,19,0,3,0,,0|0|0.599999905|0|0|0|0,0|0|0.599999905|0|0|0|0
8198,8198,6,1,1,255,255,0,0,0,0.0166666675,,19,0,19,0,3,0,,0|0|0.599999905|0|0|0|0,0|0|0.599999905|0|0|0|0
8199,8199,6,1,1,255,255,0,0,0,0.0166666675,,19,0,19,0,3,0,,0|0|0.599999905|0|0|0|0,0|0|0.599999905|0|0|0|0
8200,8200,6,1,1,255,255,0,0,0,0.0166666675,,19,0,19,0,3,0,,0|0|0.599999905|0|0|0|0,0|0|0.599999905|0|0|0|0
8201,8201,6,1,1,255,255,0,0,0,0.0166666675,,19,0,19,0,3,0,,0|0|0.599999905|0|0|0|0,0|0|0.599999905|0|0|0|0
8202,8202,6,1,1,255,255,0,0,0,0.0166666675,,19,0,19,0,3,0,,0|0|0.599999905|0|0|0|0,0|0|0.599999905|0|0|0|0
8203,8203,6,1,1,255,255,0,0,0,0.0166666675,,19,0,19,0,3,0,,0|0|0.599999905|0|0|0|0,0|0|0.599999905|0|0|0|0
8204,8204,6,1,1,255,255,0,0,0,0.0166666675,,19,0,19,0,3,0,,0|0|0.599999905|0|0|0|0,0|0|0.599999905|0|0|0|0
8205,8205,6,1,1,255,255,0,0,0,0.0166666675,,19,0,19,0,3,0,,0|0|0.599999905|0|0|0|0,0|0|0.599999905|0|0|0|0
8206,8206,6,1,1,255,255,0,0,0,0.0166666675,,19,0,19,0,3,0,,0|0|0.599999905|0|0|0|0,0|0|0.599999905|0|0|0|0
8207,8207,6,1,1,255,255,0,0,0,0.0166666675,,19,0,19,0,3,0,,0|0|0.599999905|0|0|0|0,0|0|0.599999905|0|0|0|0
8208,8208,6,1,1,255,255,0,0,0,0.0166666675,,19,0,19,0,3,0,,0|0|0.599999905|0|0|0|0,0|0|0.599999905|0|0|0|0
8209,8209,6,1,1,255,255,0,0,0,0.0166666675,,19,0,19,0,3,0,,0|0|0.599999905|0|0|0|0,0|0|0.599999905|0|0|0|0
8210,8210,6,1,1,255,255,0,0,0,0.0166666675,,19,0,19,0,3,0,,0|0|0.599999905|0|0|0|0,0|0|0.599999905|0|0|0|0
8211,8211,6,1,1,255,255,0,0,0,0.0166666675,,19,0,19,0,3,0,,0|0|0.599999905|0|0|0|0,0|0|0.599999905|0|0|0|0
8212,8212,6,1,1,255,255,0,0,0,0.0166666675,,19,0,19,0,3,0,,0|0|0.599999905|0|0|0|0,0|0|0.599999905|0|0|0|0
8213,8213,6,1,1,255,255,0,0,0,0.0166666675,,19,0,19,0,3,0,,0|0|0.599999905|0|0|0|0,0|0|0.599999905|0|0|0|0
8214,8214,6,1,1,255,255,0,0,0,0.0166666675,,19,0,19,0,3,0,,0|0|0.599999905|0|0|0|0,0|0|0.599999905|0|0|0|0
8215,8215,6,1,1,255,255,0,0,0,0.0166666675,,19,0,19,0,3,0,,0|0|0.599999905|0|0|0|0,0|0|0.599999905|0|0|0|0
8216,8216,6,1,1,255,255,0,0,0,0.0166666675,,19,0,19,0,3,0,,0|0|0.599999905|0|0|0|0,0|0|0.599999905|0|0|0|0
8217,8217,6,1,1,255,255,0,0,0,0.0166666675,,19,0,19,0,3,0,,0|0|0.599999905|0|0|0|0,0|0|0.599999905|0|0|0|0
8218,8218,6,1,1,255,255,0,0,0,0.0166666675,,19,0,19,0,3,0,,0|0|0.599999905|0|0|0|0,0|0|0.599999905|0|0|0|0
8219,8219,6,1,1,255,255,0,0,0,0.0166666675,,19,0,19,0,3,0,,0|0|0.599999905|0|0|0|0,0|0|0.599999905|0|0|0|0
8220,8220,6,1,1,255,255,0,0,0,0.0166666675,,19,0,19,0,3,0,,0|0|0.599999905|0|0|0|0,0|0|0.599999905|0|0|0|0
8221,8221,6,1,1,255,255,0,0,0,0.0166666675,,19,0,19,0,3,0,,0|0|0.599999905|0|0|0|0,0|0|0.599999905|0|0|0|0
8222,8222,6,1,1,255,255,0,0,0,0.0166666675,,19,0,19,0,3,0,,0|0|0.599999905|0|0|0|0,0|0|0.599999905|0|0|0|0
8223,8223,6,1,1,255,255,0,0,0,0.0166666675,,19,0,19,0,3,0,,0|0|0.599999905|0|0|0|0,0|0|0.599999905|0|0|0|0
8224,8224,6,1,1,255,255,0,0,0,0.0166666675,,19,0,19,0,3,0,,0|0|0.599999905|0|0|0|0,0|0|0.599999905|0|0|0|0
8225,8225,6,1,1,255,255,0,0,0,0.0166666675,,19,0,19,0,3,0,,0|0|0.599999905|0|0|0|0,0|0|0.599999905|0|0|0|0
8226,8226,6,1,1,255,255,0,0,0,0.0166666675,,19,0,19,0,3,0,,0|0|0.599999905|0|0|0|0,0|0|0.599999905|0|0|0|0
8227,8227,6,1,1,255,255,0,0,0,0.0166666675,,19,0,19,0,3,0,,0|0|0.599999905|0|0|0|0,0|0|0.599999905|0|0|0|0
8228,8228,6,1,1,255,255,0,0,0,0.0166666675,,19,0,19,0,3,0,,0|0|0.599999905|0|0|0|0,0|0|0.599999905|0|0|0|0
8229,8229,6,1,1,255,255,0,0,0,0.0166666675,,19,0,19,0,3,0,,0|0|0.599999905|0|0|0|0,0|0|0.599999905|0|0|0|0
8230,8230,6,1,1,255,255,0,0,0,0.0166666675,,19,0,19,0,3,0,,0|0|0.599999905|0|0|0|0,0|0|0.599999905|0|0|0|0
8231,8231,6,1,1,255,255,0,0,0,0.0166666675,,19,0,19,0,3,0,,0|0|0.599999905|0|0|0|0,0|0|0.599999905|0|0|0|0
8232,8232,6,1,1,255,255,0,0,0,0.0166666675,,19,0,19,0,3,0,,0|0|0.599999905|0|0|0|0,0|0|0.599999905|0|0|0|0
8233,8233,6,1,1,255,255,0,0,0,0.0166666675,,19,0,19,0,3,0,,0|0|0.599999905|0|0|0|0,0|0|0.599999905|0|0|0|0
8234,8234,6,1,1,255,255,0,0,0,0.0166666675,,19,0,19,0,3,0,,0|0|0.599999905|0|0|0|0,0|0|0.599999905|0|0|0|0
8235,8235,6,1,1,255,255,0,0,0,0.0166666675,,19,0,19,0,3,0,,0|0|0.599999905|0|0|0|0,0|0|0.599999905|0|0|0|0
8236,8236,6,1,1,255,255,0,0,0,0.0166666675,,19,0,19,0,3,0,,0|0|0.599999905|0|0|0|0,0|0|0.599999905|0|0|0|0
8237,8237,6,1,1,255,255,0,0,0,0.0166666675,,19,0,19,0,3,0,,0|0|0.599999905|0|0|0|0,0|0|0.599999905|0|0|0|0
8238,8238,6,1,1,255,255,0,0,0,0.0166666675,,19,0,19,0,3,0,,0|0|0.599999905|0|0|0|0,0|0|0.599999905|0|0|0|0
8239,8239,6,1,1,255,255,0,0,0,0.0166666675,,19,0,19,0,3,0,,0|0|0.599999905|0|0|0|0,0|0|0.599999905|0|0|0|0
8240,8240,6,1,1,255,255,0,0,0,0.0166666675,,19,0,19,0,3,0,,0|0|0.599999905|0|0|0|0,0|0|0.599999905|0|0|0|0
8241,8241,6,1,1,255,255,0,0,0,0.0166666675,,19,0,19,0,3,0,,0|0|0.599999905|0|0|0|0,0|0|0.599999905|0|0|0|0
8242,8242,6,1,1,255,255,0,0,0,0.0166666675,,19,0,19,0,3,0,,0|0|0.599999905|0|0|0|0,0|0|0.599999905|0|0|0|0
8243,8243,6,1,1,255,255,0,0,0,0.0166666675,,19,0,19,0,3,0,,0|0|0.599999905|0|0|0|0,0|0|0.599999905|0|0|0|0
8244,8244,6,1,1,255,255,0,0,0,0.0166666675,,19,0,19,0,3,0,,0|0|0.599999905|0|0|0|0,0|0|0.599999905|0|0|0|0
8245,8245,6,1,1,255,255,0,0,0,0.0166666675,,19,0,19,0,3,0,,0|0|0.599999905|0|0|0|0,0|0|0.599999905|0|0|0|0
8246,8246,6,1,1,255,255,0,0,0,0.0166666675,,19,0,19,0,3,0,,0|0|0.599999905|0|0|0|0,0|0|0.599999905|0|0|0|0
8247,8247,6,1,1,255,255,0,0,0,0.0166666675,,19,0,19,0,3,0,,0|0|0.599999905|0|0|0|0,0|0|0.599999905|0|0|0|0
8248,8248,6,1,1,255,255,0,0,0,0.0166666675,,19,0,19,0,3,0,,0|0|0.599999905|0|0|0|0,0|0|0.599999905|0|0|0|0
8249,8249,6,1,1,255,255,0,0,0,0.0166666675,,19,0,19,0,3,0,,0|0|0.599999905|0|0|0|0,0|0|0.599999905|0|0|0|0
8250,8250,6,1,1,255,255,0,0,0,0.0166666675,,19,0,19,0,3,0,,0|0|0.599999905|0|0|0|0,0|0|0.599999905|0|0|0|0
8251,8251,6,1,1,255,255,0,0,0,0.0166666675,,19,0,19,0,3,0,,0|0|0.599999905|0|0|0|0,0|0|0.599999905|0|0|0|0
8252,8252,6,1,1,255,255,0,0,0,0.0166666675,,19,0,19,0,3,0,,0|0|0.599999905|0|0|0|0,0|0|0.599999905|0|0|0|0
8253,8253,6,1,1,255,255,0,0,0,0.0166666675,,19,0,19,0,3,0,,0|0|0.599999905|0|0|0|0,0|0|0.599999905|0|0|0|0
8254,8254,6,1,1,255,255,0,0,0,0.0166666675,,19,0,19,0,3,0,,0|0|0.599999905|0|0|0|0,0|0|0.599999905|0|0|0|0
8255,8255,6,1,1,255,255,0,0,0,0.0166666675,,19,0,19,0,3,0,,0|0|0.599999905|0|0|0|0,0|0|0.599999905|0|0|0|0
8256,8256,6,1,1,255,255,0,0,0,0.0166666675,,19,0,19,0,3,0,,0|0|0.599999905|0|0|0|0,0|0|0.599999905|0|0|0|0
8257,8257,6,1,1,255,255,0,0,0,0.0166666675,,19,0,19,0,3,0,,0|0|0.599999905|0|0|0|0,0|0|0.599999905|0|0|0|0
8258,8258,6,1,1,255,255,0,0,0,0.0166666675,,19,0,19,0,3,0,,0|0|0.599999905|0|0|0|0,0|0|0.599999905|0|0|0|0
8259,8259,6,1,1,255,255,0,0,0,0.0166666675,,19,0,19,0,3,0,,0|0|0.599999905|0|0|0|0,0|0|0.599999905|0|0|0|0
8260,8260,6,1,1,255,255,0,0,0,0.0166666675,,19,0,19,0,3,0,,0|0|0.599999905|0|0|0|0,0|0|0.599999905|0|0|0|0
8261,8261,6,1,1,255,255,0,0,0,0.0166666675,,19,0,19,0,3,0,,0|0|0.599999905|0|0|0|0,0|0|0.599999905|0|0|0|0
8262,8262,6,1,1,255,255,0,0,0,0.0166666675,,19,0,19,0,3,0,,0|0|0.599999905|0|0|0|0,0|0|0.599999905|0|0|0|0
8263,8263,6,1,1,255,255,0,0,0,0.0166666675,,19,0,19,0,3,0,,0|0|0.599999905|0|0|0|0,0|0|0.599999905|0|0|0|0
8264,8264,6,1,1,255,255,0,0,0,0.0166666675,,19,0,19,0,3,0,,0|0|0.599999905|0|0|0|0,0|0|0.599999905|0|0|0|0
8265,8265,6,1,1,255,255,0,0,0,0.0166666675,,19,0,19,0,3,0,,0|0|0.599999905|0|0|0|0,0|0|0.599999905|0|0|0|0
8266,8266,6,1,1,255,255,0,0,0,0.0166666675,,19,0,19,0,3,0,,0|0|0.599999905|0|0|0|0,0|0|0.599999905|0|0|0|0
8267,8267,6,1,1,255,255,0,0,0,0.0166666675,,19,0,19,0,3,0,,0|0|0.599999905|0|0|0|0,0|0|0.599999905|0|0|0|0
8268,8268,6,1,1,255,255,0,0,0,0.0166666675,,19,0,19,0,3,0,,0|0|0.599999905|0|0|0|0,0|0|0.599999905|0|0|0|0
8269,8269,6,1,1,255,255,0,0,0,0.0166666675,,19,0,19,0,3,0,,0|0|0.599999905|0|0|0|0,0|0|0.599999905|0|0|0|0
8270,8270,6,1,1,255,255,0,0,0,0.0166666675,,19,0,19,0,3,0,,0|0|0.599999905|0|0|0|0,0|0|0.599999905|0|0|0|0
8271,8271,6,1,1,255,255,0,0,0,0.0166666675,,19,0,19,0,3,0,,0|0|0.599999905|0|0|0|0,0|0|0.599999905|0|0|0|0
8272,8272,6,1,1,255,255,0,0,0,0.0166666675,,19,0,19,0,3,0,,0|0|0.599999905|0|0|0|0,0|0|0.599999905|0|0|0|0
8273,8273,6,1,1,255,255,0,0,0,0.0166666675,,19,0,19,0,3,0,,0|0|0.599999905|0|0|0|0,0|0|0.599999905|0|0|0|0
8274,8274,6,1,1,255,255,0,0,0,0.0166666675,,19,0,19,0,3,0,,0|0|0.599999905|0|0|0|0,0|0|0.599999905|0|0|0|0
8275,8275,6,1,1,255,255,0,0,0,0.0166666675,,19,0,19,0,3,0,,0|0|0.599999905|0|0|0|0,0|0|0.599999905|0|0|0|0
8276,8276,6,1,1,255,255,0,0,0,0.0166666675,,19,0,19,0,3,0,,0|0|0.599999905|0|0|0|0,0|0|0.599999905|0|0|0|0
8277,8277,6,1,1,255,255,0,0,0,0.0166666675,,19,0,19,0,3,0,,0|0|0.599999905|0|0|0|0,0|0|0.599999905|0|0|0|0
8278,8278,6,1,1,255,255,0,0,0,0.0166666675,,19,0,19,0,3,0,,0|0|0.599999905|0|0|0|0,0|0|0.599999905|0|0|0|0
8279,8279,6,1,1,255,255,0,0,0,0.0166666675,,19,0,19,0,3,0,,0|0|0.599999905|0|0|0|0,0|0|0.599999905|0|0|0|0
8280,8280,6,1,1,255,255,0,0,0,0.0166666675,,19,0,19,0,3,0,,0|0|0.599999905|0|0|0|0,0|0|0.599999905|0|0|0|0
8281,8281,6,1,1,255,255,0,0,0,0.0166666675,,19,0,19,0,3,0,,0|0|0.599999905|0|0|0|0,0|0|0.599999905|0|0|0|0
8282,8282,6,1,1,255,255,0,0,0,0.0166666675,,19,0,19,0,3,0,,0|0|0.599999905|0|0|0|0,0|0|0.599999905|0|0|0|0
8283,8283,6,1,1,255,255,0,0,0,0.0166666675,,19,0,19,0,3,0,,0|0|0.599999905|0|0|0|0,0|0|0.599999905|0|0|0|0
8284,8284,6,1,1,255,255,0,0,0,0.0166666675,,19,0,19,0,3,0,,0|0|0.599999905|0|0|0|0,0|0|0.599999905|0|0|0|0
8285,8285,6,1,1,255,255,0,0,0,0.0166666675,,19,0,19,0,3,0,,0|0|0.599999905|0|0|0|0,0|0|0.599999905|0|0|0|0
8286,8286,6,1,1,255,255,0,0,0,0.0166666675,,19,0,19,0,3,0,,0|0|0.599999905|0|0|0|0,0|0|0.599999905|0|0|0|0
8287,8287,6,1,1,255,255,0,0,0,0.0166666675,,19,0,19,0,3,0,,0|0|0.599999905|0|0|0|0,0|0|0.599999905|0|0|0|0
8288,8288,6,1,1,255,255,0,0,0,0.0166666675,,19,0,19,0,3,0,,0|0|0.599999905|0|0|0|0,0|0|0.599999905|0|0|0|0
8289,8289,6,1,1,255,255,0,0,0,0.0166666675,,19,0,19,0,3,0,,0|0|0.599999905|0|0|0|0,0|0|0.599999905|0|0|0|0
8290,8290,6,1,1,255,255,0,0,0,0.0166666675,,19,0,19,0,3,0,,0|0|0.599999905|0|0|0|0,0|0|0.599999905|0|0|0|0
8291,8291,6,1,1,255,255,0,0,0,0.0166666675,,19,0,19,0,3,0,,0|0|0.599999905|0|0|0|0,0|0|0.599999905|0|0|0|0
8292,8292,6,1,1,255,255,0,0,0,0.0166666675,,19,0,19,0,3,0,,0|0|0.599999905|0|0|0|0,0|0|0.599999905|0|0|0|0
8293,8293,6,1,1,255,255,0,0,0,0.0166666675,,19,0,19,0,3,0,,0|0|0.599999905|0|0|0|0,0|0|0.599999905|0|0|0|0
8294,8294,6,1,1,255,255,0,0,0,0.0166666675,,19,0,19,0,3,0,,0|0|0.599999905|0|0|0|0,0|0|0.599999905|0|0|0|0
8295,8295,6,1,1,255,255,0,0,0,0.0166666675,,19,0,19,0,3,0,,0|0|0.599999905|0|0|0|0,0|0|0.599999905|0|0|0|0
8296,8296,6,1,1,255,255,0,0,0,0.0166666675,,19,0,19,0,3,0,,0|0|0.599999905|0|0|0|0,0|0|0.599999905|0|0|0|0
8297,8297,6,1,1,255,255,0,0,0,0.0166666675,,19,0,19,0,3,0,,0|0|0.599999905|0|0|0|0,0|0|0.599999905|0|0|0|0
8298,8298,6,1,1,255,255,0,0,0,0.0166666675,,19,0,19,0,3,0,,0|0|0.599999905|0|0|0|0,0|0|0.599999905|0|0|0|0
8299,8299,6,1,1,255,255,0,0,0,0.0166666675,,19,0,19,0,3,0,,0|0|0.599999905|0|0|0|0,0|0|0.599999905|0|0|0|0
8300,8300,6,1,1,255,255,0,0,0,0.0166666675,,19,0,19,0,3,0,,0|0|0.599999905|0|0|0|0,0|0|0.599999905|0|0|0|0
8301,8301,6,1,1,255,255,0,0,0,0.0166666675,,19,0,19,0,3,0,,0|0|0.599999905|0|0|0|0,0|0|0.599999905|0|0|0|0
8302,8302,6,1,1,255,255,0,0,0,0.0166666675,,19,0,19,0,3,0,,0|0|0.599999905|0|0|0|0,0|0|0.599999905|0|0|0|0
8303,8303,6,1,1,255,255,0,0,0,0.0166666675,,19,0,19,0,3,0,,0|0|0.599999905|0|0|0|0,0|0|0.599999905|0|0|0|0
8304,8304,6,1,1,255,255,0,0,0,0.0166666675,,19,0,19,0,3,0,,0|0|0.599999905|0|0|0|0,0|0|0.599999905|0|0|0|0
8305,8305,6,1,1,255,255,0,0,0,0.0166666675,,19,0,19,0,3,0,,0|0|0.599999905|0|0|0|0,0|0|0.599999905|0|0|0|0
8306,8306,6,1,1,255,255,0,0,0,0.0166666675,,19,0,19,0,3,0,,0|0|0.599999905|0|0|0|0,0|0|0.599999905|0|0|0|0
8307,8307,6,1,1,255,255,0,0,0,0.0166666675,,19,0,19,0,3,0,,0|0|0.599999905|0|0|0|0,0|0|0.599999905|0|0|0|0
8308,8308,6,1,1,255,255,0,0,0,0.0166666675,,19,0,19,0,3,0,,0|0|0.599999905|0|0|0|0,0|0|0.599999905|0|0|0|0
8309,8309,6,1,1,255,255,0,0,0,0.0166666675,,19,0,19,0,3,0,,0|0|0.599999905|0|0|0|0,0|0|0.599999905|0|0|0|0
8310,8310,6,1,1,255,255,0,0,0,0.0166666675,,19,0,19,0,3,0,,0|0|0.599999905|0|0|0|0,0|0|0.599999905|0|0|0|0
8311,8311,6,1,1,255,255,0,0,0,0.0166666675,,19,0,19,0,3,0,,0|0|0.599999905|0|0|0|0,0|0|0.599999905|0|0|0|0
8312,8312,6,1,1,255,255,0,0,0,0.0166666675,,19,0,19,0,3,0,,0|0|0.599999905|0|0|0|0,0|0|0.599999905|0|0|0|0
8313,8313,6,1,1,255,255,0,0,0,0.0166666675,,19,0,19,0,3,0,,0|0|0.599999905|0|0|0|0,0|0|0.599999905|0|0|0|0
8314,8314,6,1,1,255,255,0,0,0,0.0166666675,,19,0,19,0,3,0,,0|0|0.599999905|0|0|0|0,0|0|0.599999905|0|0|0|0
8315,8315,6,1,1,255,255,0,0,0,0.0166666675,,19,0,19,0,3,0,,0|0|0.599999905|0|0|0|0,0|0|0.599999905|0|0|0|0
8315,8315,6,2,2,0,0,0,0,0,0.0166666675,AOIL,19,0,19,0,,0,,0|0|1|0|0|0|0,0|0|1|0|0|0|0
8316,8316,6,1,1,255,255,0,0,0,0.0166666675,,19,0,19,0,3,0,,0|0|0.599999905|0|0|0|0,0|0|0.599999905|0|0|0|0
8316,8316,6,2,2,255,0,0,0,0,0.0166666675,,19,0,19,0,2,0,,0|0|1|0|0|0|0,0|0|0.899999976|0|0|0|0
8317,8317,6,1,1,255,255,0,0,0,0.0166666675,,19,0,19,0,3,0,,0|0|0.599999905|0|0|0|0,0|0|0.499999911|0|0|0|0
8317,8317,6,2,2,255,255,0,0,0,0.0166666675,,19,0,19,0,3,0,,0|0|0.899999976|0|0|0|0,0|0|0.799999952|0|0|0|0
8318,8318,6,1,1,255,255,0,0,0,0.0166666675,,19,0,19,0,3,0,,0|0|0.499999911|0|0|0|0,0|0|0.399999917|0|0|0|0
8318,8318,6,2,2,255,255,0,0,0,0.0166666675,,19,0,19,0,3,0,,0|0|0.799999952|0|0|0|0,0|0|0.699999928|0|0|0|0
8319,8319,6,1,1,255,255,0,0,0,0.0166666675,,19,0,19,0,3,0,,0|0|0.399999917|0|0|0|0,0|0|0.299999923|0|0|0|0
8319,8319,6,2,2,255,255,0,0,0,0.0166666675,,19,0,19,0,3,0,,0|0|0.699999928|0|0|0|0,0|0|0.599999905|0|0|0|0
8320,8320,6,1,1,255,255,0,0,0,0.0166666675,,19,0,19,0,3,0,,0|0|0.299999923|0|0|0|0,0|0|0.199999928|0|0|0|0
8320,8320,6,2,2,255,255,0,0,0,0.0166666675,,19,0,19,0,3,0,,0|0|0.599999905|0|0|0|0,0|0|0.499999911|0|0|0|0
8321,8321,6,1,1,255,255,0,0,0,0.0166666675,,19,0,19,0,3,0,,0|0|0.199999928|0|0|0|0,0|0|0.099999927|0|0|0|0
8321,8321,6,2,2,255,255,0,0,0,0.0166666675,,19,0,19,0,3,0,,0|0|0.499999911|0|0|0|0,0|0|0.399999917|0|0|0|0
8322,8322,6,1,1,255,255,0,0,0,0.0166666675,,19,0,19,0,3,0,,0|0|0.099999927|0|0|0|0,0|0|-7.4505806e-08|0|0|0|0
8322,8322,6,2,2,255,255,0,0,0,0.0166666675,,19,0,19,0,3,0,,0|0|0.399999917|0|0|0|0,0|0|0.299999923|0|0|0|0
8323,8323,6,1,1,255,255,0,0,0,0.0166666675,,19,0,-1,0,,1,0x45bd67,0|0|-7.4505806e-08|0|0|0|0,0|0|0|0|0|0|0
8323,8323,6,2,2,255,255,0,0,0,0.0166666675,,19,0,19,0,3,0,,0|0|0.299999923|0|0|0|0,0|0|0.199999928|0|0|0|0
8324,8324,6,2,2,255,255,0,0,0,0.0166666675,,19,0,19,0,3,0,,0|0|0.199999928|0|0|0|0,0|0|0.199999928|0|0|0|0
8325,8325,6,2,2,255,255,0,0,0,0.0166666675,,19,0,19,0,3,0,,0|0|0.199999928|0|0|0|0,0|0|0.199999928|0|0|0|0
8326,8326,6,2,2,255,255,0,0,0,0.0166666675,,19,0,19,0,3,0,,0|0|0.199999928|0|0|0|0,0|0|0.199999928|0|0|0|0
8327,8327,6,2,2,255,255,0,0,0,0.0166666675,,19,0,19,0,3,0,,0|0|0.199999928|0|0|0|0,0|0|0.199999928|0|0|0|0
8328,8328,6,2,2,255,255,0,0,0,0.0166666675,,19,0,19,0,3,0,,0|0|0.199999928|0|0|0|0,0|0|0.199999928|0|0|0|0
8329,8329,6,2,2,255,255,0,0,0,0.0166666675,,19,0,19,0,3,0,,0|0|0.199999928|0|0|0|0,0|0|0.199999928|0|0|0|0
8330,8330,6,2,2,255,255,0,0,0,0.0166666675,,19,0,19,0,3,0,,0|0|0.199999928|0|0|0|0,0|0|0.199999928|0|0|0|0
8331,8331,6,2,2,255,255,0,0,0,0.0166666675,,19,0,19,0,3,0,,0|0|0.199999928|0|0|0|0,0|0|0.199999928|0|0|0|0
8332,8332,6,2,2,255,255,0,0,0,0.0166666675,,19,0,19,0,3,0,,0|0|0.199999928|0|0|0|0,0|0|0.199999928|0|0|0|0
8333,8333,6,2,2,255,255,0,0,0,0.0166666675,,19,0,19,0,3,0,,0|0|0.199999928|0|0|0|0,0|0|0.199999928|0|0|0|0
8334,8334,6,2,2,255,255,0,0,0,0.0166666675,,19,0,19,0,3,0,,0|0|0.199999928|0|0|0|0,0|0|0.199999928|0|0|0|0
8335,8335,6,2,2,255,255,0,0,0,0.0166666675,,19,0,19,0,3,0,,0|0|0.199999928|0|0|0|0,0|0|0.199999928|0|0|0|0
8336,8336,6,2,2,255,255,0,0,0,0.0166666675,,19,0,19,0,3,0,,0|0|0.199999928|0|0|0|0,0|0|0.199999928|0|0|0|0
8337,8337,6,2,2,255,255,0,0,0,0.0166666675,,19,0,19,0,3,0,,0|0|0.199999928|0|0|0|0,0|0|0.199999928|0|0|0|0
8338,8338,6,2,2,255,255,0,0,0,0.0166666675,,19,0,19,0,3,0,,0|0|0.199999928|0|0|0|0,0|0|0.199999928|0|0|0|0
8339,8339,6,2,2,255,255,0,0,0,0.0166666675,,19,0,19,0,3,0,,0|0|0.199999928|0|0|0|0,0|0|0.199999928|0|0|0|0
8340,8340,6,2,2,255,255,0,0,0,0.0166666675,,19,0,19,0,3,0,,0|0|0.199999928|0|0|0|0,0|0|0.199999928|0|0|0|0
8341,8341,6,2,2,255,255,0,0,0,0.0166666675,,19,0,19,0,3,0,,0|0|0.199999928|0|0|0|0,0|0|0.199999928|0|0|0|0
8342,8342,6,2,2,255,255,0,0,0,0.0166666675,,19,0,19,0,3,0,,0|0|0.199999928|0|0|0|0,0|0|0.199999928|0|0|0|0
8343,8343,6,2,2,255,255,0,0,0,0.0166666675,,19,0,19,0,3,0,,0|0|0.199999928|0|0|0|0,0|0|0.199999928|0|0|0|0
8344,8344,6,2,2,255,255,0,0,0,0.0166666675,,19,0,19,0,3,0,,0|0|0.199999928|0|0|0|0,0|0|0.199999928|0|0|0|0
8345,8345,6,2,2,255,255,0,0,0,0.0166666675,,19,0,19,0,3,0,,0|0|0.199999928|0|0|0|0,0|0|0.199999928|0|0|0|0
8346,8346,6,2,2,255,255,0,0,0,0.0166666675,,19,0,19,0,3,0,,0|0|0.199999928|0|0|0|0,0|0|0.199999928|0|0|0|0
8347,8347,6,2,2,255,255,0,0,0,0.0166666675,,19,0,19,0,3,0,,0|0|0.199999928|0|0|0|0,0|0|0.199999928|0|0|0|0
8348,8348,6,2,2,255,255,0,0,0,0.0166666675,,19,0,19,0,3,0,,0|0|0.199999928|0|0|0|0,0|0|0.199999928|0|0|0|0
8349,8349,6,2,2,255,255,0,0,0,0.0166666675,,19,0,19,0,3,0,,0|0|0.199999928|0|0|0|0,0|0|0.199999928|0|0|0|0
8350,8350,6,2,2,255,255,0,0,0,0.0166666675,,19,0,19,0,3,0,,0|0|0.199999928|0|0|0|0,0|0|0.199999928|0|0|0|0
8351,8351,6,2,2,255,255,0,0,0,0.0166666675,,19,0,19,0,3,0,,0|0|0.199999928|0|0|0|0,0|0|0.199999928|0|0|0|0
8352,8352,6,2,2,255,255,0,0,0,0.0166666675,,19,0,19,0,3,0,,0|0|0.199999928|0|0|0|0,0|0|0.199999928|0|0|0|0
8353,8353,6,2,2,255,255,0,0,0,0.0166666675,,19,0,19,0,3,0,,0|0|0.199999928|0|0|0|0,0|0|0.199999928|0|0|0|0
8354,8354,6,2,2,255,255,0,0,0,0.0166666675,,19,0,19,0,3,0,,0|0|0.199999928|0|0|0|0,0|0|0.199999928|0|0|0|0
8355,8355,6,2,2,255,255,0,0,0,0.0166666675,,19,0,19,0,3,0,,0|0|0.199999928|0|0|0|0,0|0|0.199999928|0|0|0|0
8356,8356,6,2,2,255,255,0,0,0,0.0166666675,,19,0,19,0,3,0,,0|0|0.199999928|0|0|0|0,0|0|0.199999928|0|0|0|0
8357,8357,6,2,2,255,255,0,0,0,0.0166666675,,19,0,19,0,3,0,,0|0|0.199999928|0|0|0|0,0|0|0.199999928|0|0|0|0
8358,8358,6,2,2,255,255,0,0,0,0.0166666675,,19,0,19,0,3,0,,0|0|0.199999928|0|0|0|0,0|0|0.199999928|0|0|0|0
8359,8359,6,2,2,255,255,0,0,0,0.0166666675,,19,0,19,0,3,0,,0|0|0.199999928|0|0|0|0,0|0|0.199999928|0|0|0|0
8360,8360,6,2,2,255,255,0,0,0,0.0166666675,,19,0,19,0,3,0,,0|0|0.199999928|0|0|0|0,0|0|0.199999928|0|0|0|0
8361,8361,6,2,2,255,255,0,0,0,0.0166666675,,19,0,19,0,3,0,,0|0|0.199999928|0|0|0|0,0|0|0.199999928|0|0|0|0
8362,8362,6,2,2,255,255,0,0,0,0.0166666675,,19,0,19,0,3,0,,0|0|0.199999928|0|0|0|0,0|0|0.199999928|0|0|0|0
8363,8363,6,2,2,255,255,0,0,0,0.0166666675,,19,0,19,0,3,0,,0|0|0.199999928|0|0|0|0,0|0|0.199999928|0|0|0|0
8364,8364,6,2,2,255,255,0,0,0,0.0166666675,,19,0,19,0,3,0,,0|0|0.199999928|0|0|0|0,0|0|0.199999928|0|0|0|0
8365,8365,6,2,2,255,255,0,0,0,0.0166666675,,19,0,19,0,3,0,,0|0|0.199999928|0|0|0|0,0|0|0.199999928|0|0|0|0
8366,8366,6,2,2,255,255,0,0,0,0.0166666675,,19,0,19,0,3,0,,0|0|0.199999928|0|0|0|0,0|0|0.199999928|0|0|0|0
8367,8367,6,2,2,255,255,0,0,0,0.0166666675,,19,0,19,0,3,0,,0|0|0.199999928|0|0|0|0,0|0|0.199999928|0|0|0|0
8368,8368,6,2,2,255,255,0,0,0,0.0166666675,,19,0,19,0,3,0,,0|0|0.199999928|0|0|0|0,0|0|0.199999928|0|0|0|0
8369,8369,6,2,2,255,255,0,0,0,0.0166666675,,19,0,19,0,3,0,,0|0|0.199999928|0|0|0|0,0|0|0.199999928|0|0|0|0
8370,8370,6,2,2,255,255,0,0,0,0.0166666675,,19,0,19,0,3,0,,0|0|0.199999928|0|0|0|0,0|0|0.199999928|0|0|0|0
8371,8371,6,2,2,255,255,0,0,0,0.0166666675,,19,0,19,0,3,0,,0|0|0.199999928|0|0|0|0,0|0|0.199999928|0|0|0|0
8372,8372,6,2,2,255,255,0,0,0,0.0166666675,,19,0,19,0,3,0,,0|0|0.199999928|0|0|0|0,0|0|0.199999928|0|0|0|0
8373,8373,6,2,2,255,255,0,0,0,0.0166666675,,19,0,19,0,3,0,,0|0|0.199999928|0|0|0|0,0|0|0.199999928|0|0|0|0
8374,8374,6,2,2,255,255,0,0,0,0.0166666675,,19,0,19,0,3,0,,0|0|0.199999928|0|0|0|0,0|0|0.199999928|0|0|0|0
8375,8375,6,2,2,255,255,0,0,0,0.0166666675,,19,0,19,0,3,0,,0|0|0.199999928|0|0|0|0,0|0|0.199999928|0|0|0|0
8376,8376,6,2,2,255,255,0,0,0,0.0166666675,,19,0,19,0,3,0,,0|0|0.199999928|0|0|0|0,0|0|0.199999928|0|0|0|0
8377,8377,6,2,2,255,255,0,0,0,0.0166666675,,19,0,19,0,3,0,,0|0|0.199999928|0|0|0|0,0|0|0.199999928|0|0|0|0
8378,8378,6,2,2,255,255,0,0,0,0.0166666675,,19,0,19,0,3,0,,0|0|0.199999928|0|0|0|0,0|0|0.199999928|0|0|0|0
8379,8379,6,2,2,255,255,0,0,0,0.0166666675,,19,0,19,0,3,0,,0|0|0.199999928|0|0|0|0,0|0|0.199999928|0|0|0|0
8380,8380,6,2,2,255,255,0,0,0,0.0166666675,,19,0,19,0,3,0,,0|0|0.199999928|0|0|0|0,0|0|0.199999928|0|0|0|0
8381,8381,6,2,2,255,255,0,0,0,0.0166666675,,19,0,19,0,3,0,,0|0|0.199999928|0|0|0|0,0|0|0.199999928|0|0|0|0
8382,8382,6,2,2,255,255,0,0,0,0.0166666675,,19,0,19,0,3,0,,0|0|0.199999928|0|0|0|0,0|0|0.199999928|0|0|0|0
8383,8383,6,2,2,255,255,0,0,0,0.0166666675,,19,0,19,0,3,0,,0|0|0.199999928|0|0|0|0,0|0|0.199999928|0|0|0|0
8384,8384,6,2,2,255,255,0,0,0,0.0166666675,,19,0,19,0,3,0,,0|0|0.199999928|0|0|0|0,0|0|0.199999928|0|0|0|0
8385,8385,6,2,2,255,255,0,0,0,0.0166666675,,19,0,19,0,3,0,,0|0|0.199999928|0|0|0|0,0|0|0.199999928|0|0|0|0
8386,8386,6,2,2,255,255,0,0,0,0.0166666675,,19,0,19,0,3,0,,0|0|0.199999928|0|0|0|0,0|0|0.199999928|0|0|0|0
8387,8387,6,2,2,255,255,0,0,0,0.0166666675,,19,0,19,0,3,0,,0|0|0.199999928|0|0|0|0,0|0|0.199999928|0|0|0|0
8388,8388,6,2,2,255,255,0,0,0,0.0166666675,,19,0,19,0,3,0,,0|0|0.199999928|0|0|0|0,0|0|0.199999928|0|0|0|0
8389,8389,6,2,2,255,255,0,0,0,0.0166666675,,19,0,19,0,3,0,,0|0|0.199999928|0|0|0|0,0|0|0.199999928|0|0|0|0
8390,8390,6,2,2,255,255,0,0,0,0.0166666675,,19,0,19,0,3,0,,0|0|0.199999928|0|0|0|0,0|0|0.199999928|0|0|0|0
8391,8391,6,2,2,255,255,0,0,0,0.0166666675,,19,0,19,0,3,0,,0|0|0.199999928|0|0|0|0,0|0|0.199999928|0|0|0|0
8392,8392,6,2,2,255,255,0,0,0,0.0166666675,,19,0,19,0,3,0,,0|0|0.199999928|0|0|0|0,0|0|0.199999928|0|0|0|0
8393,8393,6,2,2,255,255,0,0,0,0.0166666675,,19,0,19,0,3,0,,0|0|0.199999928|0|0|0|0,0|0|0.199999928|0|0|0|0
8394,8394,6,2,2,255,255,0,0,0,0.0166666675,,19,0,19,0,3,0,,0|0|0.199999928|0|0|0|0,0|0|0.199999928|0|0|0|0
8395,8395,6,2,2,255,255,0,0,0,0.0166666675,,19,0,19,0,3,0,,0|0|0.199999928|0|0|0|0,0|0|0.199999928|0|0|0|0
8396,8396,6,2,2,255,255,0,0,0,0.0166666675,,19,0,19,0,3,0,,0|0|0.199999928|0|0|0|0,0|0|0.199999928|0|0|0|0
8397,8397,6,2,2,255,255,0,0,0,0.0166666675,,19,0,19,0,3,0,,0|0|0.199999928|0|0|0|0,0|0|0.199999928|0|0|0|0
8398,8398,6,2,2,255,255,0,0,0,0.0166666675,,19,0,19,0,3,0,,0|0|0.199999928|0|0|0|0,0|0|0.199999928|0|0|0|0
8399,8399,6,2,2,255,255,0,0,0,0.0166666675,,19,0,19,0,3,0,,0|0|0.199999928|0|0|0|0,0|0|0.199999928|0|0|0|0
8400,8400,6,2,2,255,255,0,0,0,0.0166666675,,19,0,19,0,3,0,,0|0|0.199999928|0|0|0|0,0|0|0.199999928|0|0|0|0
8401,8401,6,2,2,255,255,0,0,0,0.0166666675,,19,0,19,0,3,0,,0|0|0.199999928|0|0|0|0,0|0|0.199999928|0|0|0|0
8402,8402,6,2,2,255,255,0,0,0,0.0166666675,,19,0,19,0,3,0,,0|0|0.199999928|0|0|0|0,0|0|0.199999928|0|0|0|0
8403,8403,6,2,2,255,255,0,0,0,0.0166666675,,19,0,19,0,3,0,,0|0|0.199999928|0|0|0|0,0|0|0.199999928|0|0|0|0
8404,8404,6,2,2,255,255,0,0,0,0.0166666675,,19,0,19,0,3,0,,0|0|0.199999928|0|0|0|0,0|0|0.199999928|0|0|0|0
8405,8405,6,2,2,255,255,0,0,0,0.0166666675,,19,0,19,0,3,0,,0|0|0.199999928|0|0|0|0,0|0|0.199999928|0|0|0|0
8406,8406,6,2,2,255,255,0,0,0,0.0166666675,,19,0,19,0,3,0,,0|0|0.199999928|0|0|0|0,0|0|0.199999928|0|0|0|0
8407,8407,6,2,2,255,255,0,0,0,0.0166666675,,19,0,19,0,3,0,,0|0|0.199999928|0|0|0|0,0|0|0.199999928|0|0|0|0
8408,8408,6,2,2,255,255,0,0,0,0.0166666675,,19,0,19,0,3,0,,0|0|0.199999928|0|0|0|0,0|0|0.199999928|0|0|0|0
8409,8409,6,2,2,255,255,0,0,0,0.0166666675,,19,0,19,0,3,0,,0|0|0.199999928|0|0|0|0,0|0|0.199999928|0|0|0|0
8410,8410,6,2,2,255,255,0,0,0,0.0166666675,,19,0,19,0,3,0,,0|0|0.199999928|0|0|0|0,0|0|0.199999928|0|0|0|0
8411,8411,6,2,2,255,255,0,0,0,0.0166666675,,19,0,19,0,3,0,,0|0|0.199999928|0|0|0|0,0|0|0.199999928|0|0|0|0
8412,8412,6,2,2,255,255,0,0,0,0.0166666675,,19,0,19,0,3,0,,0|0|0.199999928|0|0|0|0,0|0|0.199999928|0|0|0|0
8413,8413,6,2,2,255,255,0,0,0,0.0166666675,,19,0,19,0,3,0,,0|0|0.199999928|0|0|0|0,0|0|0.199999928|0|0|0|0
8414,8414,6,2,2,255,255,0,0,0,0.0166666675,,19,0,19,0,3,0,,0|0|0.199999928|0|0|0|0,0|0|0.199999928|0|0|0|0
8415,8415,6,2,2,255,255,0,0,0,0.0166666675,,19,0,19,0,3,0,,0|0|0.199999928|0|0|0|0,0|0|0.199999928|0|0|0|0
8416,8416,6,2,2,255,255,0,0,0,0.0166666675,,19,0,19,0,3,0,,0|0|0.199999928|0|0|0|0,0|0|0.199999928|0|0|0|0
8417,8417,6,2,2,255,255,0,0,0,0.0166666675,,19,0,19,0,3,0,,0|0|0.199999928|0|0|0|0,0|0|0.199999928|0|0|0|0
8418,8418,6,2,2,255,255,0,0,0,0.0166666675,,19,0,19,0,3,0,,0|0|0.199999928|0|0|0|0,0|0|0.199999928|0|0|0|0
8419,8419,6,2,2,255,255,0,0,0,0.0166666675,,19,0,19,0,3,0,,0|0|0.199999928|0|0|0|0,0|0|0.199999928|0|0|0|0
8420,8420,6,2,2,255,255,0,0,0,0.0166666675,,19,0,19,0,3,0,,0|0|0.199999928|0|0|0|0,0|0|0.199999928|0|0|0|0
8421,8421,6,2,2,255,255,0,0,0,0.0166666675,,19,0,19,0,3,0,,0|0|0.199999928|0|0|0|0,0|0|0.199999928|0|0|0|0
8422,8422,6,2,2,255,255,0,0,0,0.0166666675,,19,0,19,0,3,0,,0|0|0.199999928|0|0|0|0,0|0|0.199999928|0|0|0|0
8423,8423,6,2,2,255,255,0,0,0,0.0166666675,,19,0,19,0,3,0,,0|0|0.199999928|0|0|0|0,0|0|0.199999928|0|0|0|0
8424,8424,6,2,2,255,255,0,0,0,0.0166666675,,19,0,19,0,3,0,,0|0|0.199999928|0|0|0|0,0|0|0.199999928|0|0|0|0
8425,8425,6,2,2,255,255,0,0,0,0.0166666675,,19,0,19,0,3,0,,0|0|0.199999928|0|0|0|0,0|0|0.199999928|0|0|0|0
8426,8426,6,2,2,255,255,0,0,0,0.0166666675,,19,0,19,0,3,0,,0|0|0.199999928|0|0|0|0,0|0|0.199999928|0|0|0|0
8427,8427,6,2,2,255,255,0,0,0,0.0166666675,,19,0,19,0,3,0,,0|0|0.199999928|0|0|0|0,0|0|0.199999928|0|0|0|0
8428,8428,6,2,2,255,255,0,0,0,0.0166666675,,19,0,19,0,3,0,,0|0|0.199999928|0|0|0|0,0|0|0.199999928|0|0|0|0
8429,8429,6,2,2,255,255,0,0,0,0.0166666675,,19,0,19,0,3,0,,0|0|0.199999928|0|0|0|0,0|0|0.199999928|0|0|0|0
8430,8430,6,2,2,255,255,0,0,0,0.0166666675,,19,0,19,0,3,0,,0|0|0.199999928|0|0|0|0,0|0|0.199999928|0|0|0|0
8431,8431,6,2,2,255,255,0,0,0,0.0166666675,,19,0,19,0,3,0,,0|0|0.199999928|0|0|0|0,0|0|0.199999928|0|0|0|0
8432,8432,6,2,2,255,255,0,0,0,0.0166666675,,19,0,19,0,3,0,,0|0|0.199999928|0|0|0|0,0|0|0.199999928|0|0|0|0
8433,8433,6,2,2,255,255,0,0,0,0.0166666675,,19,0,19,0,3,0,,0|0|0.199999928|0|0|0|0,0|0|0.199999928|0|0|0|0
8434,8434,6,2,2,255,255,0,0,0,0.0166666675,,19,0,19,0,3,0,,0|0|0.199999928|0|0|0|0,0|0|0.199999928|0|0|0|0
8435,8435,6,2,2,255,255,0,0,0,0.0166666675,,19,0,19,0,3,0,,0|0|0.199999928|0|0|0|0,0|0|0.199999928|0|0|0|0
8436,8436,6,2,2,255,255,0,0,0,0.0166666675,,19,0,19,0,3,0,,0|0|0.199999928|0|0|0|0,0|0|0.199999928|0|0|0|0
8437,8437,6,2,2,255,255,0,0,0,0.0166666675,,19,0,19,0,3,0,,0|0|0.199999928|0|0|0|0,0|0|0.199999928|0|0|0|0
8438,8438,6,2,2,255,255,0,0,0,0.0166666675,,19,0,19,0,3,0,,0|0|0.199999928|0|0|0|0,0|0|0.199999928|0|0|0|0
8439,8439,6,2,2,255,255,0,0,0,0.0166666675,,19,0,19,0,3,0,,0|0|0.199999928|0|0|0|0,0|0|0.199999928|0|0|0|0
8440,8440,6,2,2,255,255,0,0,0,0.0166666675,,19,0,19,0,3,0,,0|0|0.199999928|0|0|0|0,0|0|0.199999928|0|0|0|0
8441,8441,6,2,2,255,255,0,0,0,0.0166666675,,19,0,19,0,3,0,,0|0|0.199999928|0|0|0|0,0|0|0.199999928|0|0|0|0
8442,8442,6,2,2,255,255,0,0,0,0.0166666675,,19,0,19,0,3,0,,0|0|0.199999928|0|0|0|0,0|0|0.199999928|0|0|0|0
8443,8443,6,2,2,255,255,0,0,0,0.0166666675,,19,0,19,0,3,0,,0|0|0.199999928|0|0|0|0,0|0|0.199999928|0|0|0|0
8444,8444,6,2,2,255,255,0,0,0,0.0166666675,,19,0,19,0,3,0,,0|0|0.199999928|0|0|0|0,0|0|0.199999928|0|0|0|0
8445,8445,6,2,2,255,255,0,0,0,0.0166666675,,19,0,19,0,3,0,,0|0|0.199999928|0|0|0|0,0|0|0.199999928|0|0|0|0
8446,8446,6,2,2,255,255,0,0,0,0.0166666675,,19,0,19,0,3,0,,0|0|0.199999928|0|0|0|0,0|0|0.199999928|0|0|0|0
8447,8447,6,2,2,255,255,0,0,0,0.0166666675,,19,0,19,0,3,0,,0|0|0.199999928|0|0|0|0,0|0|0.199999928|0|0|0|0
8448,8448,6,2,2,255,255,0,0,0,0.0166666675,,19,0,19,0,3,0,,0|0|0.199999928|0|0|0|0,0|0|0.199999928|0|0|0|0
8449,8449,6,2,2,255,255,0,0,0,0.0166666675,,19,0,19,0,3,0,,0|0|0.199999928|0|0|0|0,0|0|0.199999928|0|0|0|0
8450,8450,6,2,2,255,255,0,0,0,0.0166666675,,19,0,19,0,3,0,,0|0|0.199999928|0|0|0|0,0|0|0.199999928|0|0|0|0
8451,8451,6,2,2,255,255,0,0,0,0.0166666675,,19,0,19,0,3,0,,0|0|0.199999928|0|0|0|0,0|0|0.199999928|0|0|0|0
8452,8452,6,2,2,255,255,0,0,0,0.0166666675,,19,0,19,0,3,0,,0|0|0.199999928|0|0|0|0,0|0|0.199999928|0|0|0|0
8453,8453,6,2,2,255,255,0,0,0,0.0166666675,,19,0,19,0,3,0,,0|0|0.199999928|0|0|0|0,0|0|0.199999928|0|0|0|0
8454,8454,6,2,2,255,255,0,0,0,0.0166666675,,19,0,19,0,3,0,,0|0|0.199999928|0|0|0|0,0|0|0.199999928|0|0|0|0
8455,8455,6,2,2,255,255,0,0,0,0.0166666675,,19,0,19,0,3,0,,0|0|0.199999928|0|0|0|0,0|0|0.199999928|0|0|0|0
8456,8456,6,2,2,255,255,0,0,0,0.0166666675,,19,0,19,0,3,0,,0|0|0.199999928|0|0|0|0,0|0|0.199999928|0|0|0|0
8457,8457,6,2,2,255,255,0,0,0,0.0166666675,,19,0,19,0,3,0,,0|0|0.199999928|0|0|0|0,0|0|0.199999928|0|0|0|0
8458,8458,6,2,2,255,255,0,0,0,0.0166666675,,19,0,19,0,3,0,,0|0|0.199999928|0|0|0|0,0|0|0.199999928|0|0|0|0
8459,8459,6,2,2,255,255,0,0,0,0.0166666675,,19,0,19,0,3,0,,0|0|0.199999928|0|0|0|0,0|0|0.199999928|0|0|0|0
8460,8460,6,2,2,255,255,0,0,0,0.0166666675,,19,0,19,0,3,0,,0|0|0.199999928|0|0|0|0,0|0|0.199999928|0|0|0|0
8461,8461,6,2,2,255,255,0,0,0,0.0166666675,,19,0,19,0,3,0,,0|0|0.199999928|0|0|0|0,0|0|0.199999928|0|0|0|0
8462,8462,6,2,2,255,255,0,0,0,0.0166666675,,19,0,19,0,3,0,,0|0|0.199999928|0|0|0|0,0|0|0.199999928|0|0|0|0
8463,8463,6,2,2,255,255,0,0,0,0.0166666675,,19,0,19,0,3,0,,0|0|0.199999928|0|0|0|0,0|0|0.199999928|0|0|0|0
8464,8464,6,2,2,255,255,0,0,0,0.0166666675,,19,0,19,0,3,0,,0|0|0.199999928|0|0|0|0,0|0|0.199999928|0|0|0|0
8465,8465,6,2,2,255,255,0,0,0,0.0166666675,,19,0,19,0,3,0,,0|0|0.199999928|0|0|0|0,0|0|0.199999928|0|0|0|0
8466,8466,6,2,2,255,255,0,0,0,0.0166666675,,19,0,19,0,3,0,,0|0|0.199999928|0|0|0|0,0|0|0.199999928|0|0|0|0
8467,8467,6,2,2,255,255,0,0,0,0.0166666675,,19,0,19,0,3,0,,0|0|0.199999928|0|0|0|0,0|0|0.199999928|0|0|0|0
8468,8468,6,2,2,255,255,0,0,0,0.0166666675,,19,0,19,0,3,0,,0|0|0.199999928|0|0|0|0,0|0|0.199999928|0|0|0|0
8469,8469,6,2,2,255,255,0,0,0,0.0166666675,,19,0,19,0,3,0,,0|0|0.199999928|0|0|0|0,0|0|0.199999928|0|0|0|0
8470,8470,6,2,2,255,255,0,0,0,0.0166666675,,19,0,19,0,3,0,,0|0|0.199999928|0|0|0|0,0|0|0.199999928|0|0|0|0
8471,8471,6,2,2,255,255,0,0,0,0.0166666675,,19,0,19,0,3,0,,0|0|0.199999928|0|0|0|0,0|0|0.199999928|0|0|0|0
8472,8472,6,2,2,255,255,0,0,0,0.0166666675,,19,0,19,0,3,0,,0|0|0.199999928|0|0|0|0,0|0|0.199999928|0|0|0|0
8473,8473,6,2,2,255,255,0,0,0,0.0166666675,,19,0,19,0,3,0,,0|0|0.199999928|0|0|0|0,0|0|0.199999928|0|0|0|0
8474,8474,6,2,2,255,255,0,0,0,0.0166666675,,19,0,19,0,3,0,,0|0|0.199999928|0|0|0|0,0|0|0.199999928|0|0|0|0
8475,8475,6,2,2,255,255,0,0,0,0.0166666675,,19,0,19,0,3,0,,0|0|0.199999928|0|0|0|0,0|0|0.199999928|0|0|0|0
8476,8476,6,2,2,255,255,0,0,0,0.0166666675,,19,0,19,0,3,0,,0|0|0.199999928|0|0|0|0,0|0|0.199999928|0|0|0|0
8477,8477,6,2,2,255,255,0,0,0,0.0166666675,,19,0,19,0,3,0,,0|0|0.199999928|0|0|0|0,0|0|0.199999928|0|0|0|0
8478,8478,6,2,2,255,255,0,0,0,0.0166666675,,19,0,19,0,3,0,,0|0|0.199999928|0|0|0|0,0|0|0.199999928|0|0|0|0
8479,8479,6,2,2,255,255,0,0,0,0.0166666675,,19,0,19,0,3,0,,0|0|0.199999928|0|0|0|0,0|0|0.199999928|0|0|0|0
8480,8480,6,2,2,255,255,0,0,0,0.0166666675,,19,0,19,0,3,0,,0|0|0.199999928|0|0|0|0,0|0|0.199999928|0|0|0|0
8481,8481,6,2,2,255,255,0,0,0,0.0166666675,,19,0,19,0,3,0,,0|0|0.199999928|0|0|0|0,0|0|0.199999928|0|0|0|0
8482,8482,6,2,2,255,255,0,0,0,0.0166666675,,19,0,19,0,3,0,,0|0|0.199999928|0|0|0|0,0|0|0.199999928|0|0|0|0
8483,8483,6,2,2,255,255,0,0,0,0.0166666675,,19,0,19,0,3,0,,0|0|0.199999928|0|0|0|0,0|0|0.199999928|0|0|0|0
8484,8484,6,2,2,255,255,0,0,0,0.0166666675,,19,0,19,0,3,0,,0|0|0.199999928|0|0|0|0,0|0|0.199999928|0|0|0|0
8485,8485,6,2,2,255,255,0,0,0,0.0166666675,,19,0,19,0,3,0,,0|0|0.199999928|0|0|0|0,0|0|0.199999928|0|0|0|0
8486,8486,6,2,2,255,255,0,0,0,0.0166666675,,19,0,19,0,3,0,,0|0|0.199999928|0|0|0|0,0|0|0.199999928|0|0|0|0
8487,8487,6,2,2,255,255,0,0,0,0.0166666675,,19,0,19,0,3,0,,0|0|0.199999928|0|0|0|0,0|0|0.199999928|0|0|0|0
8488,8488,6,2,2,255,255,0,0,0,0.0166666675,,19,0,19,0,3,0,,0|0|0.199999928|0|0|0|0,0|0|0.199999928|0|0|0|0
8489,8489,6,2,2,255,255,0,0,0,0.0166666675,,19,0,19,0,3,0,,0|0|0.199999928|0|0|0|0,0|0|0.199999928|0|0|0|0
8490,8490,6,2,2,255,255,0,0,0,0.0166666675,,19,0,19,0,3,0,,0|0|0.199999928|0|0|0|0,0|0|0.199999928|0|0|0|0
8491,8491,6,2,2,255,255,0,0,0,0.0166666675,,19,0,19,0,3,0,,0|0|0.199999928|0|0|0|0,0|0|0.199999928|0|0|0|0
8492,8492,6,2,2,255,255,0,0,0,0.0166666675,,19,0,19,0,3,0,,0|0|0.199999928|0|0|0|0,0|0|0.199999928|0|0|0|0
8493,8493,6,2,2,255,255,0,0,0,0.0166666675,,19,0,19,0,3,0,,0|0|0.199999928|0|0|0|0,0|0|0.199999928|0|0|0|0
8494,8494,6,2,2,255,255,0,0,0,0.0166666675,,19,0,19,0,3,0,,0|0|0.199999928|0|0|0|0,0|0|0.099999927|0|0|0|0
8495,8495,6,2,2,255,255,0,0,0,0.0166666675,,19,0,19,0,3,0,,0|0|0.099999927|0|0|0|0,0|0|0.099999927|0|0|0|0
8496,8496,6,2,2,255,255,0,0,0,0.0166666675,,19,0,19,0,3,0,,0|0|0.099999927|0|0|0|0,0|0|0.099999927|0|0|0|0
8497,8497,6,2,2,255,255,0,0,0,0.0166666675,,19,0,19,0,3,0,,0|0|0.099999927|0|0|0|0,0|0|0.099999927|0|0|0|0
8498,8498,6,2,2,255,255,0,0,0,0.0166666675,,19,0,19,0,3,0,,0|0|0.099999927|0|0|0|0,0|0|0.099999927|0|0|0|0
8499,8499,6,2,2,255,255,0,0,0,0.0166666675,,19,0,19,0,3,0,,0|0|0.099999927|0|0|0|0,0|0|0.099999927|0|0|0|0
8500,8500,6,2,2,255,255,0,0,0,0.0166666675,,19,0,19,0,3,0,,0|0|0.099999927|0|0|0|0,0|0|0.099999927|0|0|0|0
8501,8501,6,2,2,255,255,0,0,0,0.0166666675,,19,0,19,0,3,0,,0|0|0.099999927|0|0|0|0,0|0|0.099999927|0|0|0|0
8502,8502,6,2,2,255,255,0,0,0,0.0166666675,,19,0,19,0,3,0,,0|0|0.099999927|0|0|0|0,0|0|0.099999927|0|0|0|0
8503,8503,6,2,2,255,255,0,0,0,0.0166666675,,19,0,19,0,3,0,,0|0|0.099999927|0|0|0|0,0|0|0.099999927|0|0|0|0
8504,8504,6,2,2,255,255,0,0,0,0.0166666675,,19,0,19,0,3,0,,0|0|0.099999927|0|0|0|0,0|0|0.099999927|0|0|0|0
8505,8505,6,2,2,255,255,0,0,0,0.0166666675,,19,0,19,0,3,0,,0|0|0.099999927|0|0|0|0,0|0|0.099999927|0|0|0|0
8506,8506,6,2,2,255,255,0,0,0,0.0166666675,,19,0,19,0,3,0,,0|0|0.099999927|0|0|0|0,0|0|0.099999927|0|0|0|0
8507,8507,6,2,2,255,255,0,0,0,0.0166666675,,19,0,19,0,3,0,,0|0|0.099999927|0|0|0|0,0|0|0.099999927|0|0|0|0
8508,8508,6,2,2,255,255,0,0,0,0.0166666675,,19,0,19,0,3,0,,0|0|0.099999927|0|0|0|0,0|0|0.099999927|0|0|0|0
8509,8509,6,2,2,255,255,0,0,0,0.0166666675,,19,0,19,0,3,0,,0|0|0.099999927|0|0|0|0,0|0|0.099999927|0|0|0|0
8510,8510,6,2,2,255,255,0,0,0,0.0166666675,,19,0,19,0,3,0,,0|0|0.099999927|0|0|0|0,0|0|0.099999927|0|0|0|0
8511,8511,6,2,2,255,255,0,0,0,0.0166666675,,19,0,19,0,3,0,,0|0|0.099999927|0|0|0|0,0|0|0.099999927|0|0|0|0
8512,8512,6,2,2,255,255,0,0,0,0.0166666675,,19,0,19,0,3,0,,0|0|0.099999927|0|0|0|0,0|0|0.099999927|0|0|0|0
8513,8513,6,2,2,255,255,0,0,0,0.0166666675,,19,0,19,0,3,0,,0|0|0.099999927|0|0|0|0,0|0|0.099999927|0|0|0|0
8514,8514,6,2,2,255,255,0,0,0,0.0166666675,,19,0,19,0,3,0,,0|0|0.099999927|0|0|0|0,0|0|0.099999927|0|0|0|0
8515,8515,6,2,2,255,255,0,0,0,0.0166666675,,19,0,19,0,3,0,,0|0|0.099999927|0|0|0|0,0|0|0.099999927|0|0|0|0
8516,8516,6,2,2,255,255,0,0,0,0.0166666675,,19,0,19,0,3,0,,0|0|0.099999927|0|0|0|0,0|0|0.099999927|0|0|0|0
8517,8517,6,2,2,255,255,0,0,0,0.0166666675,,19,0,19,0,3,0,,0|0|0.099999927|0|0|0|0,0|0|0.099999927|0|0|0|0
8518,8518,6,2,2,255,255,0,0,0,0.0166666675,,19,0,19,0,3,0,,0|0|0.099999927|0|0|0|0,0|0|0.099999927|0|0|0|0
8519,8519,6,2,2,255,255,0,0,0,0.0166666675,,19,0,19,0,3,0,,0|0|0.099999927|0|0|0|0,0|0|0.099999927|0|0|0|0
8520,8520,6,2,2,255,255,0,0,0,0.0166666675,,19,0,19,0,3,0,,0|0|0.099999927|0|0|0|0,0|0|0.099999927|0|0|0|0
8521,8521,6,2,2,255,255,0,0,0,0.0166666675,,19,0,19,0,3,0,,0|0|0.099999927|0|0|0|0,0|0|0.099999927|0|0|0|0
8522,8522,6,2,2,255,255,0,0,0,0.0166666675,,19,0,19,0,3,0,,0|0|0.099999927|0|0|0|0,0|0|0.099999927|0|0|0|0
8523,8523,6,2,2,255,255,0,0,0,0.0166666675,,19,0,19,0,3,0,,0|0|0.099999927|0|0|0|0,0|0|0.099999927|0|0|0|0
8524,8524,6,2,2,255,255,0,0,0,0.0166666675,,19,0,19,0,3,0,,0|0|0.099999927|0|0|0|0,0|0|0.099999927|0|0|0|0
8525,8525,6,2,2,255,255,0,0,0,0.0166666675,,19,0,19,0,3,0,,0|0|0.099999927|0|0|0|0,0|0|0.099999927|0|0|0|0
8526,8526,6,2,2,255,255,0,0,0,0.0166666675,,19,0,19,0,3,0,,0|0|0.099999927|0|0|0|0,0|0|0.099999927|0|0|0|0
8527,8527,6,2,2,255,255,0,0,0,0.0166666675,,19,0,19,0,3,0,,0|0|0.099999927|0|0|0|0,0|0|0.099999927|0|0|0|0
8528,8528,6,2,2,255,255,0,0,0,0.0166666675,,19,0,19,0,3,0,,0|0|0.099999927|0|0|0|0,0|0|0.099999927|0|0|0|0
8529,8529,6,2,2,255,255,0,0,0,0.0166666675,,19,0,19,0,3,0,,0|0|0.099999927|0|0|0|0,0|0|0.099999927|0|0|0|0
8530,8530,6,2,2,255,255,0,0,0,0.0166666675,,19,0,19,0,3,0,,0|0|0.099999927|0|0|0|0,0|0|0.099999927|0|0|0|0
8531,8531,6,2,2,255,255,0,0,0,0.0166666675,,19,0,19,0,3,0,,0|0|0.099999927|0|0|0|0,0|0|0.099999927|0|0|0|0
8532,8532,6,2,2,255,255,0,0,0,0.0166666675,,19,0,19,0,3,0,,0|0|0.099999927|0|0|0|0,0|0|0.099999927|0|0|0|0
8533,8533,6,2,2,255,255,0,0,0,0.0166666675,,19,0,19,0,3,0,,0|0|0.099999927|0|0|0|0,0|0|0.099999927|0|0|0|0
8534,8534,6,2,2,255,255,0,0,0,0.0166666675,,19,0,19,0,3,0,,0|0|0.099999927|0|0|0|0,0|0|0.099999927|0|0|0|0
8535,8535,6,2,2,255,255,0,0,0,0.0166666675,,19,0,19,0,3,0,,0|0|0.099999927|0|0|0|0,0|0|0.099999927|0|0|0|0
8536,8536,6,2,2,255,255,0,0,0,0.0166666675,,19,0,19,0,3,0,,0|0|0.099999927|0|0|0|0,0|0|0.099999927|0|0|0|0
8537,8537,6,2,2,255,255,0,0,0,0.0166666675,,19,0,19,0,3,0,,0|0|0.099999927|0|0|0|0,0|0|0.099999927|0|0|0|0
8538,8538,6,2,2,255,255,0,0,0,0.0166666675,,19,0,19,0,3,0,,0|0|0.099999927|0|0|0|0,0|0|0.099999927|0|0|0|0
8539,8539,6,2,2,255,255,0,0,0,0.0166666675,,19,0,19,0,3,0,,0|0|0.099999927|0|0|0|0,0|0|0.099999927|0|0|0|0
8540,8540,6,2,2,255,255,0,0,0,0.0166666675,,19,0,19,0,3,0,,0|0|0.099999927|0|0|0|0,0|0|0.099999927|0|0|0|0
8541,8541,6,2,2,255,255,0,0,0,0.0166666675,,19,0,19,0,3,0,,0|0|0.099999927|0|0|0|0,0|0|0.099999927|0|0|0|0
8542,8542,6,2,2,255,255,0,0,0,0.0166666675,,19,0,19,0,3,0,,0|0|0.099999927|0|0|0|0,0|0|0.099999927|0|0|0|0
8543,8543,6,2,2,255,255,0,0,0,0.0166666675,,19,0,19,0,3,0,,0|0|0.099999927|0|0|0|0,0|0|0.099999927|0|0|0|0
8544,8544,6,2,2,255,255,0,0,0,0.0166666675,,19,0,19,0,3,0,,0|0|0.099999927|0|0|0|0,0|0|0.099999927|0|0|0|0
8545,8545,6,2,2,255,255,0,0,0,0.0166666675,,19,0,19,0,3,0,,0|0|0.099999927|0|0|0|0,0|0|0.099999927|0|0|0|0
8546,8546,6,2,2,255,255,0,0,0,0.0166666675,,19,0,19,0,3,0,,0|0|0.099999927|0|0|0|0,0|0|0.099999927|0|0|0|0
8547,8547,6,2,2,255,255,0,0,0,0.0166666675,,19,0,19,0,3,0,,0|0|0.099999927|0|0|0|0,0|0|0.099999927|0|0|0|0
8548,8548,6,2,2,255,255,0,0,0,0.0166666675,,19,0,19,0,3,0,,0|0|0.099999927|0|0|0|0,0|0|0.099999927|0|0|0|0
8549,8549,6,2,2,255,255,0,0,0,0.0166666675,,19,0,19,0,3,0,,0|0|0.099999927|0|0|0|0,0|0|0.099999927|0|0|0|0
8550,8550,6,2,2,255,255,0,0,0,0.0166666675,,19,0,19,0,3,0,,0|0|0.099999927|0|0|0|0,0|0|0.099999927|0|0|0|0
8551,8551,6,2,2,255,255,0,0,0,0.0166666675,,19,0,19,0,3,0,,0|0|0.099999927|0|0|0|0,0|0|0.099999927|0|0|0|0
8552,8552,6,2,2,255,255,0,0,0,0.0166666675,,19,0,19,0,3,0,,0|0|0.099999927|0|0|0|0,0|0|0.099999927|0|0|0|0
8553,8553,6,2,2,255,255,0,0,0,0.0166666675,,19,0,19,0,3,0,,0|0|0.099999927|0|0|0|0,0|0|0.099999927|0|0|0|0
8554,8554,6,2,2,255,255,0,0,0,0.0166666675,,19,0,19,0,3,0,,0|0|0.099999927|0|0|0|0,0|0|0.099999927|0|0|0|0
8555,8555,6,2,2,255,255,0,0,0,0.0166666675,,19,0,19,0,3,0,,0|0|0.099999927|0|0|0|0,0|0|0.099999927|0|0|0|0
8556,8556,6,2,2,255,255,0,0,0,0.0166666675,,19,0,19,0,3,0,,0|0|0.099999927|0|0|0|0,0|0|0.099999927|0|0|0|0
8557,8557,6,2,2,255,255,0,0,0,0.0166666675,,19,0,19,0,3,0,,0|0|0.099999927|0|0|0|0,0|0|0.099999927|0|0|0|0
8558,8558,6,2,2,255,255,0,0,0,0.0166666675,,19,0,19,0,3,0,,0|0|0.099999927|0|0|0|0,0|0|0.099999927|0|0|0|0
8559,8559,6,2,2,255,255,0,0,0,0.0166666675,,19,0,19,0,3,0,,0|0|0.099999927|0|0|0|0,0|0|0.099999927|0|0|0|0
8560,8560,6,2,2,255,255,0,0,0,0.0166666675,,19,0,19,0,3,0,,0|0|0.099999927|0|0|0|0,0|0|0.099999927|0|0|0|0
8561,8561,6,2,2,255,255,0,0,0,0.0166666675,,19,0,19,0,3,0,,0|0|0.099999927|0|0|0|0,0|0|0.099999927|0|0|0|0
8562,8562,6,2,2,255,255,0,0,0,0.0166666675,,19,0,19,0,3,0,,0|0|0.099999927|0|0|0|0,0|0|0.099999927|0|0|0|0
8563,8563,6,2,2,255,255,0,0,0,0.0166666675,,19,0,19,0,3,0,,0|0|0.099999927|0|0|0|0,0|0|0.099999927|0|0|0|0
8564,8564,6,2,2,255,255,0,0,0,0.0166666675,,19,0,19,0,3,0,,0|0|0.099999927|0|0|0|0,0|0|0.099999927|0|0|0|0
8565,8565,6,2,2,255,255,0,0,0,0.0166666675,,19,0,19,0,3,0,,0|0|0.099999927|0|0|0|0,0|0|0.099999927|0|0|0|0
8566,8566,6,2,2,255,255,0,0,0,0.0166666675,,19,0,19,0,3,0,,0|0|0.099999927|0|0|0|0,0|0|0.099999927|0|0|0|0
8567,8567,6,2,2,255,255,0,0,0,0.0166666675,,19,0,19,0,3,0,,0|0|0.099999927|0|0|0|0,0|0|0.099999927|0|0|0|0
8568,8568,6,2,2,255,255,0,0,0,0.0166666675,,19,0,19,0,3,0,,0|0|0.099999927|0|0|0|0,0|0|0.099999927|0|0|0|0
8569,8569,6,2,2,255,255,0,0,0,0.0166666675,,19,0,19,0,3,0,,0|0|0.099999927|0|0|0|0,0|0|0.099999927|0|0|0|0
8570,8570,6,2,2,255,255,0,0,0,0.0166666675,,19,0,19,0,3,0,,0|0|0.099999927|0|0|0|0,0|0|0.099999927|0|0|0|0
8571,8571,6,2,2,255,255,0,0,0,0.0166666675,,19,0,19,0,3,0,,0|0|0.099999927|0|0|0|0,0|0|0.099999927|0|0|0|0
8572,8572,6,2,2,255,255,0,0,0,0.0166666675,,19,0,19,0,3,0,,0|0|0.099999927|0|0|0|0,0|0|0.099999927|0|0|0|0
8573,8573,6,2,2,255,255,0,0,0,0.0166666675,,19,0,19,0,3,0,,0|0|0.099999927|0|0|0|0,0|0|0.099999927|0|0|0|0
8574,8574,6,2,2,255,255,0,0,0,0.0166666675,,19,0,19,0,3,0,,0|0|0.099999927|0|0|0|0,0|0|0.099999927|0|0|0|0
8575,8575,6,2,2,255,255,0,0,0,0.0166666675,,19,0,19,0,3,0,,0|0|0.099999927|0|0|0|0,0|0|0.099999927|0|0|0|0
8576,8576,6,2,2,255,255,0,0,0,0.0166666675,,19,0,19,0,3,0,,0|0|0.099999927|0|0|0|0,0|0|0.099999927|0|0|0|0
8577,8577,6,2,2,255,255,0,0,0,0.0166666675,,19,0,19,0,3,0,,0|0|0.099999927|0|0|0|0,0|0|0.099999927|0|0|0|0
8578,8578,6,2,2,255,255,0,0,0,0.0166666675,,19,0,19,0,3,0,,0|0|0.099999927|0|0|0|0,0|0|0.099999927|0|0|0|0
8579,8579,6,2,2,255,255,0,0,0,0.0166666675,,19,0,19,0,3,0,,0|0|0.099999927|0|0|0|0,0|0|0.099999927|0|0|0|0
8580,8580,6,2,2,255,255,0,0,0,0.0166666675,,19,0,19,0,3,0,,0|0|0.099999927|0|0|0|0,0|0|0.099999927|0|0|0|0
8581,8581,6,2,2,255,255,0,0,0,0.0166666675,,19,0,19,0,3,0,,0|0|0.099999927|0|0|0|0,0|0|0.099999927|0|0|0|0
8582,8582,6,2,2,255,255,0,0,0,0.0166666675,,19,0,19,0,3,0,,0|0|0.099999927|0|0|0|0,0|0|0.099999927|0|0|0|0
8583,8583,6,2,2,255,255,0,0,0,0.0166666675,,19,0,19,0,3,0,,0|0|0.099999927|0|0|0|0,0|0|0.099999927|0|0|0|0
8584,8584,6,2,2,255,255,0,0,0,0.0166666675,,19,0,19,0,3,0,,0|0|0.099999927|0|0|0|0,0|0|0.099999927|0|0|0|0
8585,8585,6,2,2,255,255,0,0,0,0.0166666675,,19,0,19,0,3,0,,0|0|0.099999927|0|0|0|0,0|0|0.099999927|0|0|0|0
8586,8586,6,2,2,255,255,0,0,0,0.0166666675,,19,0,19,0,3,0,,0|0|0.099999927|0|0|0|0,0|0|0.099999927|0|0|0|0
8587,8587,6,2,2,255,255,0,0,0,0.0166666675,,19,0,19,0,3,0,,0|0|0.099999927|0|0|0|0,0|0|0.099999927|0|0|0|0
8588,8588,6,2,2,255,255,0,0,0,0.0166666675,,19,0,19,0,3,0,,0|0|0.099999927|0|0|0|0,0|0|0.099999927|0|0|0|0
8589,8589,6,2,2,255,255,0,0,0,0.0166666675,,19,0,19,0,3,0,,0|0|0.099999927|0|0|0|0,0|0|0.099999927|0|0|0|0
8590,8590,6,2,2,255,255,0,0,0,0.0166666675,,19,0,19,0,3,0,,0|0|0.099999927|0|0|0|0,0|0|0.099999927|0|0|0|0
8591,8591,6,2,2,255,255,0,0,0,0.0166666675,,19,0,19,0,3,0,,0|0|0.099999927|0|0|0|0,0|0|0.099999927|0|0|0|0
8592,8592,6,2,2,255,255,0,0,0,0.0166666675,,19,0,19,0,3,0,,0|0|0.099999927|0|0|0|0,0|0|0.099999927|0|0|0|0
8593,8593,6,2,2,255,255,0,0,0,0.0166666675,,19,0,19,0,3,0,,0|0|0.099999927|0|0|0|0,0|0|0.099999927|0|0|0|0
8594,8594,6,2,2,255,255,0,0,0,0.0166666675,,19,0,19,0,3,0,,0|0|0.099999927|0|0|0|0,0|0|0.099999927|0|0|0|0
8595,8595,6,2,2,255,255,0,0,0,0.0166666675,,19,0,19,0,3,0,,0|0|0.099999927|0|0|0|0,0|0|0.099999927|0|0|0|0
8596,8596,6,2,2,255,255,0,0,0,0.0166666675,,19,0,19,0,3,0,,0|0|0.099999927|0|0|0|0,0|0|0.099999927|0|0|0|0
8597,8597,6,2,2,255,255,0,0,0,0.0166666675,,19,0,19,0,3,0,,0|0|0.099999927|0|0|0|0,0|0|0.099999927|0|0|0|0
8598,8598,6,2,2,255,255,0,0,0,0.0166666675,,19,0,19,0,3,0,,0|0|0.099999927|0|0|0|0,0|0|0.099999927|0|0|0|0
8599,8599,6,2,2,255,255,0,0,0,0.0166666675,,19,0,19,0,3,0,,0|0|0.099999927|0|0|0|0,0|0|0.099999927|0|0|0|0
8600,8600,6,2,2,255,255,0,0,0,0.0166666675,,19,0,19,0,3,0,,0|0|0.099999927|0|0|0|0,0|0|0.099999927|0|0|0|0
8601,8601,6,2,2,255,255,0,0,0,0.0166666675,,19,0,19,0,3,0,,0|0|0.099999927|0|0|0|0,0|0|0.099999927|0|0|0|0
8602,8602,6,2,2,255,255,0,0,0,0.0166666675,,19,0,19,0,3,0,,0|0|0.099999927|0|0|0|0,0|0|0.099999927|0|0|0|0
8603,8603,6,2,2,255,255,0,0,0,0.0166666675,,19,0,19,0,3,0,,0|0|0.099999927|0|0|0|0,0|0|0.099999927|0|0|0|0
8604,8604,6,2,2,255,255,0,0,0,0.0166666675,,19,0,19,0,3,0,,0|0|0.099999927|0|0|0|0,0|0|0.099999927|0|0|0|0
8605,8605,6,2,2,255,255,0,0,0,0.0166666675,,19,0,19,0,3,0,,0|0|0.099999927|0|0|0|0,0|0|0.099999927|0|0|0|0
8606,8606,6,2,2,255,255,0,0,0,0.0166666675,,19,0,19,0,3,0,,0|0|0.099999927|0|0|0|0,0|0|0.099999927|0|0|0|0
8607,8607,6,2,2,255,255,0,0,0,0.0166666675,,19,0,19,0,3,0,,0|0|0.099999927|0|0|0|0,0|0|0.099999927|0|0|0|0
8608,8608,6,2,2,255,255,0,0,0,0.0166666675,,19,0,19,0,3,0,,0|0|0.099999927|0|0|0|0,0|0|0.099999927|0|0|0|0
8609,8609,6,2,2,255,255,0,0,0,0.0166666675,,19,0,19,0,3,0,,0|0|0.099999927|0|0|0|0,0|0|0.099999927|0|0|0|0
8610,8610,6,2,2,255,255,0,0,0,0.0166666675,,19,0,19,0,3,0,,0|0|0.099999927|0|0|0|0,0|0|0.099999927|0|0|0|0
8611,8611,6,2,2,255,255,0,0,0,0.0166666675,,19,0,19,0,3,0,,0|0|0.099999927|0|0|0|0,0|0|0.099999927|0|0|0|0
8612,8612,6,2,2,255,255,0,0,0,0.0166666675,,19,0,19,0,3,0,,0|0|0.099999927|0|0|0|0,0|0|0.099999927|0|0|0|0
8613,8613,6,2,2,255,255,0,0,0,0.0166666675,,19,0,19,0,3,0,,0|0|0.099999927|0|0|0|0,0|0|0.099999927|0|0|0|0
8614,8614,6,2,2,255,255,0,0,0,0.0166666675,,19,0,19,0,3,0,,0|0|0.099999927|0|0|0|0,0|0|0.099999927|0|0|0|0
8615,8615,6,2,2,255,255,0,0,0,0.0166666675,,19,0,19,0,3,0,,0|0|0.099999927|0|0|0|0,0|0|0.099999927|0|0|0|0
8616,8616,6,2,2,255,255,0,0,0,0.0166666675,,19,0,19,0,3,0,,0|0|0.099999927|0|0|0|0,0|0|0.099999927|0|0|0|0
8617,8617,6,2,2,255,255,0,0,0,0.0166666675,,19,0,19,0,3,0,,0|0|0.099999927|0|0|0|0,0|0|0.099999927|0|0|0|0
8618,8618,6,2,2,255,255,0,0,0,0.0166666675,,19,0,19,0,3,0,,0|0|0.099999927|0|0|0|0,0|0|0.099999927|0|0|0|0
8619,8619,6,2,2,255,255,0,0,0,0.0166666675,,19,0,19,0,3,0,,0|0|0.099999927|0|0|0|0,0|0|0.099999927|0|0|0|0
8620,8620,6,2,2,255,255,0,0,0,0.0166666675,,19,0,19,0,3,0,,0|0|0.099999927|0|0|0|0,0|0|0.099999927|0|0|0|0
8621,8621,6,2,2,255,255,0,0,0,0.0166666675,,19,0,19,0,3,0,,0|0|0.099999927|0|0|0|0,0|0|0.099999927|0|0|0|0
8622,8622,6,2,2,255,255,0,0,0,0.0166666675,,19,0,19,0,3,0,,0|0|0.099999927|0|0|0|0,0|0|0.099999927|0|0|0|0
8623,8623,6,2,2,255,255,0,0,0,0.0166666675,,19,0,19,0,3,0,,0|0|0.099999927|0|0|0|0,0|0|0.099999927|0|0|0|0
8624,8624,6,2,2,255,255,0,0,0,0.0166666675,,19,0,19,0,3,0,,0|0|0.099999927|0|0|0|0,0|0|0.099999927|0|0|0|0
8625,8625,6,2,2,255,255,0,0,0,0.0166666675,,19,0,19,0,3,0,,0|0|0.099999927|0|0|0|0,0|0|0.099999927|0|0|0|0
8626,8626,6,2,2,255,255,0,0,0,0.0166666675,,19,0,19,0,3,0,,0|0|0.099999927|0|0|0|0,0|0|0.099999927|0|0|0|0
8627,8627,6,2,2,255,255,0,0,0,0.0166666675,,19,0,19,0,3,0,,0|0|0.099999927|0|0|0|0,0|0|0.099999927|0|0|0|0
8628,8628,6,2,2,255,255,0,0,0,0.0166666675,,19,0,19,0,3,0,,0|0|0.099999927|0|0|0|0,0|0|0.099999927|0|0|0|0
8629,8629,6,2,2,255,255,0,0,0,0.0166666675,,19,0,19,0,3,0,,0|0|0.099999927|0|0|0|0,0|0|0.099999927|0|0|0|0
8630,8630,6,2,2,255,255,0,0,0,0.0166666675,,19,0,19,0,3,0,,0|0|0.099999927|0|0|0|0,0|0|0.099999927|0|0|0|0
8631,8631,6,2,2,255,255,0,0,0,0.0166666675,,19,0,19,0,3,0,,0|0|0.099999927|0|0|0|0,0|0|0.099999927|0|0|0|0
8632,8632,6,2,2,255,255,0,0,0,0.0166666675,,19,0,19,0,3,0,,0|0|0.099999927|0|0|0|0,0|0|0.099999927|0|0|0|0
8633,8633,6,2,2,255,255,0,0,0,0.0166666675,,19,0,19,0,3,0,,0|0|0.099999927|0|0|0|0,0|0|0.099999927|0|0|0|0
8634,8634,6,2,2,255,255,0,0,0,0.0166666675,,19,0,19,0,3,0,,0|0|0.099999927|0|0|0|0,0|0|0.099999927|0|0|0|0
8635,8635,6,2,2,255,255,0,0,0,0.0166666675,,19,0,19,0,3,0,,0|0|0.099999927|0|0|0|0,0|0|0.099999927|0|0|0|0
8636,8636,6,2,2,255,255,0,0,0,0.0166666675,,19,0,19,0,3,0,,0|0|0.099999927|0|0|0|0,0|0|0.099999927|0|0|0|0
8637,8637,6,2,2,255,255,0,0,0,0.0166666675,,19,0,19,0,3,0,,0|0|0.099999927|0|0|0|0,0|0|0.099999927|0|0|0|0
8638,8638,6,2,2,255,255,0,0,0,0.0166666675,,19,0,19,0,3,0,,0|0|0.099999927|0|0|0|0,0|0|0.099999927|0|0|0|0
8639,8639,6,2,2,255,255,0,0,0,0.0166666675,,19,0,19,0,3,0,,0|0|0.099999927|0|0|0|0,0|0|0.099999927|0|0|0|0
8640,8640,6,2,2,255,255,0,0,0,0.0166666675,,19,0,19,0,3,0,,0|0|0.099999927|0|0|0|0,0|0|0.099999927|0|0|0|0
8641,8641,6,2,2,255,255,0,0,0,0.0166666675,,19,0,19,0,3,0,,0|0|0.099999927|0|0|0|0,0|0|0.099999927|0|0|0|0
8642,8642,6,2,2,255,255,0,0,0,0.0166666675,,19,0,19,0,3,0,,0|0|0.099999927|0|0|0|0,0|0|0.099999927|0|0|0|0
8643,8643,6,2,2,255,255,0,0,0,0.0166666675,,19,0,19,0,3,0,,0|0|0.099999927|0|0|0|0,0|0|0.099999927|0|0|0|0
8644,8644,6,2,2,255,255,0,0,0,0.0166666675,,19,0,19,0,3,0,,0|0|0.099999927|0|0|0|0,0|0|0.099999927|0|0|0|0
8645,8645,6,2,2,255,255,0,0,0,0.0166666675,,19,0,19,0,3,0,,0|0|0.099999927|0|0|0|0,0|0|0.099999927|0|0|0|0
8646,8646,6,2,2,255,255,0,0,0,0.0166666675,,19,0,19,0,3,0,,0|0|0.099999927|0|0|0|0,0|0|0.099999927|0|0|0|0
8647,8647,6,2,2,255,255,0,0,0,0.0166666675,,19,0,19,0,3,0,,0|0|0.099999927|0|0|0|0,0|0|0.099999927|0|0|0|0
8648,8648,6,2,2,255,255,0,0,0,0.0166666675,,19,0,19,0,3,0,,0|0|0.099999927|0|0|0|0,0|0|0.099999927|0|0|0|0
8649,8649,6,2,2,255,255,0,0,0,0.0166666675,,19,0,19,0,3,0,,0|0|0.099999927|0|0|0|0,0|0|0.099999927|0|0|0|0
8650,8650,6,2,2,255,255,0,0,0,0.0166666675,,19,0,19,0,3,0,,0|0|0.099999927|0|0|0|0,0|0|0.099999927|0|0|0|0
8651,8651,6,2,2,255,255,0,0,0,0.0166666675,,19,0,19,0,3,0,,0|0|0.099999927|0|0|0|0,0|0|0.099999927|0|0|0|0
8652,8652,6,2,2,255,255,0,0,0,0.0166666675,,19,0,19,0,3,0,,0|0|0.099999927|0|0|0|0,0|0|0.099999927|0|0|0|0
8653,8653,6,2,2,255,255,0,0,0,0.0166666675,,19,0,19,0,3,0,,0|0|0.099999927|0|0|0|0,0|0|0.099999927|0|0|0|0
8654,8654,6,2,2,255,255,0,0,0,0.0166666675,,19,0,19,0,3,0,,0|0|0.099999927|0|0|0|0,0|0|0.099999927|0|0|0|0
8655,8655,6,2,2,255,255,0,0,0,0.0166666675,,19,0,19,0,3,0,,0|0|0.099999927|0|0|0|0,0|0|0.099999927|0|0|0|0
8656,8656,6,2,2,255,255,0,0,0,0.0166666675,,19,0,19,0,3,0,,0|0|0.099999927|0|0|0|0,0|0|0.099999927|0|0|0|0
8657,8657,6,2,2,255,255,0,0,0,0.0166666675,,19,0,19,0,3,0,,0|0|0.099999927|0|0|0|0,0|0|0.099999927|0|0|0|0
8658,8658,6,2,2,255,255,0,0,0,0.0166666675,,19,0,19,0,3,0,,0|0|0.099999927|0|0|0|0,0|0|0.099999927|0|0|0|0
8659,8659,6,2,2,255,255,0,0,0,0.0166666675,,19,0,19,0,3,0,,0|0|0.099999927|0|0|0|0,0|0|0.099999927|0|0|0|0
8660,8660,6,2,2,255,255,0,0,0,0.0166666675,,19,0,19,0,3,0,,0|0|0.099999927|0|0|0|0,0|0|0.099999927|0|0|0|0
8661,8661,6,2,2,255,255,0,0,0,0.0166666675,,19,0,19,0,3,0,,0|0|0.099999927|0|0|0|0,0|0|0.099999927|0|0|0|0
8662,8662,6,2,2,255,255,0,0,0,0.0166666675,,19,0,19,0,3,0,,0|0|0.099999927|0|0|0|0,0|0|0.099999927|0|0|0|0
8663,8663,6,2,2,255,255,0,0,0,0.0166666675,,19,0,19,0,3,0,,0|0|0.099999927|0|0|0|0,0|0|0.099999927|0|0|0|0
8664,8664,6,2,2,255,255,0,0,0,0.0166666675,,19,0,19,0,3,0,,0|0|0.099999927|0|0|0|0,0|0|0.099999927|0|0|0|0
8665,8665,6,2,2,255,255,0,0,0,0.0166666675,,19,0,19,0,3,0,,0|0|0.099999927|0|0|0|0,0|0|0.099999927|0|0|0|0
8666,8666,6,2,2,255,255,0,0,0,0.0166666675,,19,0,19,0,3,0,,0|0|0.099999927|0|0|0|0,0|0|0.099999927|0|0|0|0
8667,8667,6,2,2,255,255,0,0,0,0.0166666675,,19,0,19,0,3,0,,0|0|0.099999927|0|0|0|0,0|0|0.099999927|0|0|0|0
8668,8668,6,2,2,255,255,0,0,0,0.0166666675,,19,0,19,0,3,0,,0|0|0.099999927|0|0|0|0,0|0|0.099999927|0|0|0|0
8669,8669,6,2,2,255,255,0,0,0,0.0166666675,,19,0,19,0,3,0,,0|0|0.099999927|0|0|0|0,0|0|0.099999927|0|0|0|0
8670,8670,6,2,2,255,255,0,0,0,0.0166666675,,19,0,19,0,3,0,,0|0|0.099999927|0|0|0|0,0|0|0.099999927|0|0|0|0
8671,8671,6,2,2,255,255,0,0,0,0.0166666675,,19,0,19,0,3,0,,0|0|0.099999927|0|0|0|0,0|0|0.099999927|0|0|0|0
8672,8672,6,2,2,255,255,0,0,0,0.0166666675,,19,0,19,0,3,0,,0|0|0.099999927|0|0|0|0,0|0|0.099999927|0|0|0|0
8673,8673,6,2,2,255,255,0,0,0,0.0166666675,,19,0,19,0,3,0,,0|0|0.099999927|0|0|0|0,0|0|0.099999927|0|0|0|0
8674,8674,6,2,2,255,255,0,0,0,0.0166666675,,19,0,19,0,3,0,,0|0|0.099999927|0|0|0|0,0|0|0.099999927|0|0|0|0
8675,8675,6,2,2,255,255,0,0,0,0.0166666675,,19,0,19,0,3,0,,0|0|0.099999927|0|0|0|0,0|0|0.099999927|0|0|0|0
8676,8676,6,2,2,255,255,0,0,0,0.0166666675,,19,0,19,0,3,0,,0|0|0.099999927|0|0|0|0,0|0|0.099999927|0|0|0|0
8677,8677,6,2,2,255,255,0,0,0,0.0166666675,,19,0,19,0,3,0,,0|0|0.099999927|0|0|0|0,0|0|0.099999927|0|0|0|0
8678,8678,6,2,2,255,255,0,0,0,0.0166666675,,19,0,19,0,3,0,,0|0|0.099999927|0|0|0|0,0|0|0.099999927|0|0|0|0
8679,8679,6,2,2,255,255,0,0,0,0.0166666675,,19,0,19,0,3,0,,0|0|0.099999927|0|0|0|0,0|0|0.099999927|0|0|0|0
8680,8680,6,2,2,255,255,0,0,0,0.0166666675,,19,0,19,0,3,0,,0|0|0.099999927|0|0|0|0,0|0|0.099999927|0|0|0|0
8681,8681,6,2,2,255,255,0,0,0,0.0166666675,,19,0,19,0,3,0,,0|0|0.099999927|0|0|0|0,0|0|0.099999927|0|0|0|0
8682,8682,6,2,2,255,255,0,0,0,0.0166666675,,19,0,19,0,3,0,,0|0|0.099999927|0|0|0|0,0|0|0.099999927|0|0|0|0
8683,8683,6,2,2,255,255,0,0,0,0.0166666675,,19,0,19,0,3,0,,0|0|0.099999927|0|0|0|0,0|0|0.099999927|0|0|0|0
8684,8684,6,2,2,255,255,0,0,0,0.0166666675,,19,0,19,0,3,0,,0|0|0.099999927|0|0|0|0,0|0|0.099999927|0|0|0|0
8685,8685,6,2,2,255,255,0,0,0,0.0166666675,,19,0,19,0,3,0,,0|0|0.099999927|0|0|0|0,0|0|0.099999927|0|0|0|0
8686,8686,6,2,2,255,255,0,0,0,0.0166666675,,19,0,19,0,3,0,,0|0|0.099999927|0|0|0|0,0|0|0.099999927|0|0|0|0
8687,8687,6,2,2,255,255,0,0,0,0.0166666675,,19,0,19,0,3,0,,0|0|0.099999927|0|0|0|0,0|0|0.099999927|0|0|0|0
8688,8688,6,2,2,255,255,0,0,0,0.0166666675,,19,0,19,0,3,0,,0|0|0.099999927|0|0|0|0,0|0|0.099999927|0|0|0|0
8689,8689,6,2,2,255,255,0,0,0,0.0166666675,,19,0,19,0,3,0,,0|0|0.099999927|0|0|0|0,0|0|0.099999927|0|0|0|0
8690,8690,6,2,2,255,255,0,0,0,0.0166666675,,19,0,19,0,3,0,,0|0|0.099999927|0|0|0|0,0|0|0.099999927|0|0|0|0
8691,8691,6,2,2,255,255,0,0,0,0.0166666675,,19,0,19,0,3,0,,0|0|0.099999927|0|0|0|0,0|0|0.099999927|0|0|0|0
8692,8692,6,2,2,255,255,0,0,0,0.0166666675,,19,0,19,0,3,0,,0|0|0.099999927|0|0|0|0,0|0|0.099999927|0|0|0|0
8693,8693,6,2,2,255,255,0,0,0,0.0166666675,,19,0,19,0,3,0,,0|0|0.099999927|0|0|0|0,0|0|0.099999927|0|0|0|0
8694,8694,6,2,2,255,255,0,0,0,0.0166666675,,19,0,19,0,3,0,,0|0|0.099999927|0|0|0|0,0|0|0.099999927|0|0|0|0
8695,8695,6,2,2,255,255,0,0,0,0.0166666675,,19,0,19,0,3,0,,0|0|0.099999927|0|0|0|0,0|0|0.099999927|0|0|0|0
8696,8696,6,2,2,255,255,0,0,0,0.0166666675,,19,0,19,0,3,0,,0|0|0.099999927|0|0|0|0,0|0|0.099999927|0|0|0|0
8697,8697,6,2,2,255,255,0,0,0,0.0166666675,,19,0,19,0,3,0,,0|0|0.099999927|0|0|0|0,0|0|0.099999927|0|0|0|0
8698,8698,6,2,2,255,255,0,0,0,0.0166666675,,19,0,19,0,3,0,,0|0|0.099999927|0|0|0|0,0|0|0.099999927|0|0|0|0
8699,8699,6,2,2,255,255,0,0,0,0.0166666675,,19,0,19,0,3,0,,0|0|0.099999927|0|0|0|0,0|0|0.099999927|0|0|0|0
8700,8700,6,2,2,255,255,0,0,0,0.0166666675,,19,0,19,0,3,0,,0|0|0.099999927|0|0|0|0,0|0|0.099999927|0|0|0|0
8701,8701,6,2,2,255,255,0,0,0,0.0166666675,,19,0,19,0,3,0,,0|0|0.099999927|0|0|0|0,0|0|0.099999927|0|0|0|0
8702,8702,6,2,2,255,255,0,0,0,0.0166666675,,19,0,19,0,3,0,,0|0|0.099999927|0|0|0|0,0|0|0.099999927|0|0|0|0
8703,8703,6,2,2,255,255,0,0,0,0.0166666675,,19,0,19,0,3,0,,0|0|0.099999927|0|0|0|0,0|0|0.099999927|0|0|0|0
8704,8704,6,2,2,255,255,0,0,0,0.0166666675,,19,0,19,0,3,0,,0|0|0.099999927|0|0|0|0,0|0|0.099999927|0|0|0|0
8705,8705,6,2,2,255,255,0,0,0,0.0166666675,,19,0,19,0,3,0,,0|0|0.099999927|0|0|0|0,0|0|0.099999927|0|0|0|0
8706,8706,6,2,2,255,255,0,0,0,0.0166666675,,19,0,19,0,3,0,,0|0|0.099999927|0|0|0|0,0|0|0.099999927|0|0|0|0
8707,8707,6,2,2,255,255,0,0,0,0.0166666675,,19,0,19,0,3,0,,0|0|0.099999927|0|0|0|0,0|0|0.099999927|0|0|0|0
8708,8708,6,2,2,255,255,0,0,0,0.0166666675,,19,0,19,0,3,0,,0|0|0.099999927|0|0|0|0,0|0|0.099999927|0|0|0|0
8709,8709,6,2,2,255,255,0,0,0,0.0166666675,,19,0,19,0,3,0,,0|0|0.099999927|0|0|0|0,0|0|0.099999927|0|0|0|0
8710,8710,6,2,2,255,255,0,0,0,0.0166666675,,19,0,19,0,3,0,,0|0|0.099999927|0|0|0|0,0|0|-7.4505806e-08|0|0|0|0
8711,8711,6,2,2,255,255,0,0,0,0.0166666675,,19,0,-1,0,,1,0x45bd67,0|0|-7.4505806e-08|0|0|0|0,0|0|0|0|0|0|0
8922,8922,6,1,1,0,0,0,0,0,0.0166666675,AOIL,19,0,19,0,,0,,0|0|1|0|0|0|0,0|0|1|0|0|0|0
8923,8923,6,1,1,255,0,0,0,0,0.0166666675,,19,0,19,0,2,0,,0|0|1|0|0|0|0,0|0|0.899999976|0|0|0|0
8924,8924,6,1,1,255,255,0,0,0,0.0166666675,,19,0,19,0,3,0,,0|0|0.899999976|0|0|0|0,0|0|0.899999976|0|0|0|0
8925,8925,6,1,1,255,255,0,0,0,0.0166666675,,19,0,19,0,3,0,,0|0|0.899999976|0|0|0|0,0|0|0.899999976|0|0|0|0
8926,8926,6,1,1,255,255,0,0,0,0.0166666675,,19,0,19,0,3,0,,0|0|0.899999976|0|0|0|0,0|0|0.899999976|0|0|0|0
8927,8927,6,1,1,255,255,0,0,0,0.0166666675,,19,0,19,0,3,0,,0|0|0.899999976|0|0|0|0,0|0|0.899999976|0|0|0|0
8928,8928,6,1,1,255,255,0,0,0,0.0166666675,,19,0,19,0,3,0,,0|0|0.899999976|0|0|0|0,0|0|0.899999976|0|0|0|0
8929,8929,6,1,1,255,255,0,0,0,0.0166666675,,19,0,19,0,3,0,,0|0|0.899999976|0|0|0|0,0|0|0.899999976|0|0|0|0
8930,8930,6,1,1,255,255,0,0,0,0.0166666675,,19,0,19,0,3,0,,0|0|0.899999976|0|0|0|0,0|0|0.899999976|0|0|0|0
8931,8931,6,1,1,255,255,0,0,0,0.0166666675,,19,0,19,0,3,0,,0|0|0.899999976|0|0|0|0,0|0|0.899999976|0|0|0|0
8932,8932,6,1,1,255,255,0,0,0,0.0166666675,,19,0,19,0,3,0,,0|0|0.899999976|0|0|0|0,0|0|0.899999976|0|0|0|0
8933,8933,6,1,1,255,255,0,0,0,0.0166666675,,19,0,19,0,3,0,,0|0|0.899999976|0|0|0|0,0|0|0.899999976|0|0|0|0
8934,8934,6,1,1,255,255,0,0,0,0.0166666675,,19,0,19,0,3,0,,0|0|0.899999976|0|0|0|0,0|0|0.899999976|0|0|0|0
8935,8935,6,1,1,255,255,0,0,0,0.0166666675,,19,0,19,0,3,0,,0|0|0.899999976|0|0|0|0,0|0|0.899999976|0|0|0|0
8936,8936,6,1,1,255,255,0,0,0,0.0166666675,,19,0,19,0,3,0,,0|0|0.899999976|0|0|0|0,0|0|0.899999976|0|0|0|0
8937,8937,6,1,1,255,255,0,0,0,0.0166666675,,19,0,19,0,3,0,,0|0|0.899999976|0|0|0|0,0|0|0.899999976|0|0|0|0
8938,8938,6,1,1,255,255,0,0,0,0.0166666675,,19,0,19,0,3,0,,0|0|0.899999976|0|0|0|0,0|0|0.899999976|0|0|0|0
8939,8939,6,1,1,255,255,0,0,0,0.0166666675,,19,0,19,0,3,0,,0|0|0.899999976|0|0|0|0,0|0|0.899999976|0|0|0|0
8940,8940,6,1,1,255,255,0,0,0,0.0166666675,,19,0,19,0,3,0,,0|0|0.899999976|0|0|0|0,0|0|0.899999976|0|0|0|0
8941,8941,6,1,1,255,255,0,0,0,0.0166666675,,19,0,19,0,3,0,,0|0|0.899999976|0|0|0|0,0|0|0.899999976|0|0|0|0
8942,8942,6,1,1,255,255,0,0,0,0.0166666675,,19,0,19,0,3,0,,0|0|0.899999976|0|0|0|0,0|0|0.899999976|0|0|0|0
8943,8943,6,1,1,255,255,0,0,0,0.0166666675,,19,0,19,0,3,0,,0|0|0.899999976|0|0|0|0,0|0|0.899999976|0|0|0|0
8944,8944,6,1,1,255,255,0,0,0,0.0166666675,,19,0,19,0,3,0,,0|0|0.899999976|0|0|0|0,0|0|0.899999976|0|0|0|0
8945,8945,6,1,1,255,255,0,0,0,0.0166666675,,19,0,19,0,3,0,,0|0|0.899999976|0|0|0|0,0|0|0.899999976|0|0|0|0
8946,8946,6,1,1,255,255,0,0,0,0.0166666675,,19,0,19,0,3,0,,0|0|0.899999976|0|0|0|0,0|0|0.899999976|0|0|0|0
8947,8947,6,1,1,255,255,0,0,0,0.0166666675,,19,0,19,0,3,0,,0|0|0.899999976|0|0|0|0,0|0|0.899999976|0|0|0|0
8948,8948,6,1,1,255,255,0,0,0,0.0166666675,,19,0,19,0,3,0,,0|0|0.899999976|0|0|0|0,0|0|0.899999976|0|0|0|0
8949,8949,6,1,1,255,255,0,0,0,0.0166666675,,19,0,19,0,3,0,,0|0|0.899999976|0|0|0|0,0|0|0.899999976|0|0|0|0
8950,8950,6,1,1,255,255,0,0,0,0.0166666675,,19,0,19,0,3,0,,0|0|0.899999976|0|0|0|0,0|0|0.899999976|0|0|0|0
8951,8951,6,1,1,255,255,0,0,0,0.0166666675,,19,0,19,0,3,0,,0|0|0.899999976|0|0|0|0,0|0|0.899999976|0|0|0|0
8952,8952,6,1,1,255,255,0,0,0,0.0166666675,,19,0,19,0,3,0,,0|0|0.899999976|0|0|0|0,0|0|0.899999976|0|0|0|0
8953,8953,6,1,1,255,255,0,0,0,0.0166666675,,19,0,19,0,3,0,,0|0|0.899999976|0|0|0|0,0|0|0.899999976|0|0|0|0
8954,8954,6,1,1,255,255,0,0,0,0.0166666675,,19,0,19,0,3,0,,0|0|0.899999976|0|0|0|0,0|0|0.899999976|0|0|0|0
8955,8955,6,1,1,255,255,0,0,0,0.0166666675,,19,0,19,0,3,0,,0|0|0.899999976|0|0|0|0,0|0|0.899999976|0|0|0|0
8956,8956,6,1,1,255,255,0,0,0,0.0166666675,,19,0,19,0,3,0,,0|0|0.899999976|0|0|0|0,0|0|0.899999976|0|0|0|0
8957,8957,6,1,1,255,255,0,0,0,0.0166666675,,19,0,19,0,3,0,,0|0|0.899999976|0|0|0|0,0|0|0.899999976|0|0|0|0
8958,8958,6,1,1,255,255,0,0,0,0.0166666675,,19,0,19,0,3,0,,0|0|0.899999976|0|0|0|0,0|0|0.899999976|0|0|0|0
8959,8959,6,1,1,255,255,0,0,0,0.0166666675,,19,0,19,0,3,0,,0|0|0.899999976|0|0|0|0,0|0|0.899999976|0|0|0|0
8960,8960,6,1,1,255,255,0,0,0,0.0166666675,,19,0,19,0,3,0,,0|0|0.899999976|0|0|0|0,0|0|0.899999976|0|0|0|0
8961,8961,6,1,1,255,255,0,0,0,0.0166666675,,19,0,19,0,3,0,,0|0|0.899999976|0|0|0|0,0|0|0.899999976|0|0|0|0
8962,8962,6,1,1,255,255,0,0,0,0.0166666675,,19,0,19,0,3,0,,0|0|0.899999976|0|0|0|0,0|0|0.899999976|0|0|0|0
8963,8963,6,1,1,255,255,0,0,0,0.0166666675,,19,0,19,0,3,0,,0|0|0.899999976|0|0|0|0,0|0|0.899999976|0|0|0|0
8964,8964,6,1,1,255,255,0,0,0,0.0166666675,,19,0,19,0,3,0,,0|0|0.899999976|0|0|0|0,0|0|0.899999976|0|0|0|0
8965,8965,6,1,1,255,255,0,0,0,0.0166666675,,19,0,19,0,3,0,,0|0|0.899999976|0|0|0|0,0|0|0.899999976|0|0|0|0
8966,8966,6,1,1,255,255,0,0,0,0.0166666675,,19,0,19,0,3,0,,0|0|0.899999976|0|0|0|0,0|0|0.899999976|0|0|0|0
8967,8967,6,1,1,255,255,0,0,0,0.0166666675,,19,0,19,0,3,0,,0|0|0.899999976|0|0|0|0,0|0|0.899999976|0|0|0|0
8968,8968,6,1,1,255,255,0,0,0,0.0166666675,,19,0,19,0,3,0,,0|0|0.899999976|0|0|0|0,0|0|0.899999976|0|0|0|0
8969,8969,6,1,1,255,255,0,0,0,0.0166666675,,19,0,19,0,3,0,,0|0|0.899999976|0|0|0|0,0|0|0.899999976|0|0|0|0
8970,8970,6,1,1,255,255,0,0,0,0.0166666675,,19,0,19,0,3,0,,0|0|0.899999976|0|0|0|0,0|0|0.899999976|0|0|0|0
8971,8971,6,1,1,255,255,0,0,0,0.0166666675,,19,0,19,0,3,0,,0|0|0.899999976|0|0|0|0,0|0|0.899999976|0|0|0|0
8972,8972,6,1,1,255,255,0,0,0,0.0166666675,,19,0,19,0,3,0,,0|0|0.899999976|0|0|0|0,0|0|0.899999976|0|0|0|0
8973,8973,6,1,1,255,255,0,0,0,0.0166666675,,19,0,19,0,3,0,,0|0|0.899999976|0|0|0|0,0|0|0.899999976|0|0|0|0
8974,8974,6,1,1,255,255,0,0,0,0.0166666675,,19,0,19,0,3,0,,0|0|0.899999976|0|0|0|0,0|0|0.899999976|0|0|0|0
8975,8975,6,1,1,255,255,0,0,0,0.0166666675,,19,0,19,0,3,0,,0|0|0.899999976|0|0|0|0,0|0|0.899999976|0|0|0|0
8976,8976,6,1,1,255,255,0,0,0,0.0166666675,,19,0,19,0,3,0,,0|0|0.899999976|0|0|0|0,0|0|0.899999976|0|0|0|0
8977,8977,6,1,1,255,255,0,0,0,0.0166666675,,19,0,19,0,3,0,,0|0|0.899999976|0|0|0|0,0|0|0.899999976|0|0|0|0
8978,8978,6,1,1,255,255,0,0,0,0.0166666675,,19,0,19,0,3,0,,0|0|0.899999976|0|0|0|0,0|0|0.899999976|0|0|0|0
8979,8979,6,1,1,255,255,0,0,0,0.0166666675,,19,0,19,0,3,0,,0|0|0.899999976|0|0|0|0,0|0|0.899999976|0|0|0|0
8980,8980,6,1,1,255,255,0,0,0,0.0166666675,,19,0,19,0,3,0,,0|0|0.899999976|0|0|0|0,0|0|0.899999976|0|0|0|0
8981,8981,6,1,1,255,255,0,0,0,0.0166666675,,19,0,19,0,3,0,,0|0|0.899999976|0|0|0|0,0|0|0.899999976|0|0|0|0
8982,8982,6,1,1,255,255,0,0,0,0.0166666675,,19,0,19,0,3,0,,0|0|0.899999976|0|0|0|0,0|0|0.899999976|0|0|0|0
8983,8983,6,1,1,255,255,0,0,0,0.0166666675,,19,0,19,0,3,0,,0|0|0.899999976|0|0|0|0,0|0|0.899999976|0|0|0|0
8984,8984,6,1,1,255,255,0,0,0,0.0166666675,,19,0,19,0,3,0,,0|0|0.899999976|0|0|0|0,0|0|0.899999976|0|0|0|0
8985,8985,6,1,1,255,255,0,0,0,0.0166666675,,19,0,19,0,3,0,,0|0|0.899999976|0|0|0|0,0|0|0.899999976|0|0|0|0
8986,8986,6,1,1,255,255,0,0,0,0.0166666675,,19,0,19,0,3,0,,0|0|0.899999976|0|0|0|0,0|0|0.899999976|0|0|0|0
8987,8987,6,1,1,255,255,0,0,0,0.0166666675,,19,0,19,0,3,0,,0|0|0.899999976|0|0|0|0,0|0|0.899999976|0|0|0|0
8988,8988,6,1,1,255,255,0,0,0,0.0166666675,,19,0,19,0,3,0,,0|0|0.899999976|0|0|0|0,0|0|0.899999976|0|0|0|0
8989,8989,6,1,1,255,255,0,0,0,0.0166666675,,19,0,19,0,3,0,,0|0|0.899999976|0|0|0|0,0|0|0.899999976|0|0|0|0
8990,8990,6,1,1,255,255,0,0,0,0.0166666675,,19,0,19,0,3,0,,0|0|0.899999976|0|0|0|0,0|0|0.899999976|0|0|0|0
8991,8991,6,1,1,255,255,0,0,0,0.0166666675,,19,0,19,0,3,0,,0|0|0.899999976|0|0|0|0,0|0|0.899999976|0|0|0|0
8992,8992,6,1,1,255,255,0,0,0,0.0166666675,,19,0,19,0,3,0,,0|0|0.899999976|0|0|0|0,0|0|0.899999976|0|0|0|0
8993,8993,6,1,1,255,255,0,0,0,0.0166666675,,19,0,19,0,3,0,,0|0|0.899999976|0|0|0|0,0|0|0.899999976|0|0|0|0
8994,8994,6,1,1,255,255,0,0,0,0.0166666675,,19,0,19,0,3,0,,0|0|0.899999976|0|0|0|0,0|0|0.899999976|0|0|0|0
8995,8995,6,1,1,255,255,0,0,0,0.0166666675,,19,0,19,0,3,0,,0|0|0.899999976|0|0|0|0,0|0|0.899999976|0|0|0|0
8996,8996,6,1,1,255,255,0,0,0,0.0166666675,,19,0,19,0,3,0,,0|0|0.899999976|0|0|0|0,0|0|0.899999976|0|0|0|0
8997,8997,6,1,1,255,255,0,0,0,0.0166666675,,19,0,19,0,3,0,,0|0|0.899999976|0|0|0|0,0|0|0.899999976|0|0|0|0
8998,8998,6,1,1,255,255,0,0,0,0.0166666675,,19,0,19,0,3,0,,0|0|0.899999976|0|0|0|0,0|0|0.899999976|0|0|0|0
8999,8999,6,1,1,255,255,0,0,0,0.0166666675,,19,0,19,0,3,0,,0|0|0.899999976|0|0|0|0,0|0|0.899999976|0|0|0|0
9000,9000,6,1,1,255,255,0,0,0,0.0166666675,,19,0,19,0,3,0,,0|0|0.899999976|0|0|0|0,0|0|0.899999976|0|0|0|0
9001,9001,6,1,1,255,255,0,0,0,0.0166666675,,19,0,19,0,3,0,,0|0|0.899999976|0|0|0|0,0|0|0.899999976|0|0|0|0
9002,9002,6,1,1,255,255,0,0,0,0.0166666675,,19,0,19,0,3,0,,0|0|0.899999976|0|0|0|0,0|0|0.899999976|0|0|0|0
9003,9003,6,1,1,255,255,0,0,0,0.0166666675,,19,0,19,0,3,0,,0|0|0.899999976|0|0|0|0,0|0|0.899999976|0|0|0|0
9004,9004,6,1,1,255,255,0,0,0,0.0166666675,,19,0,19,0,3,0,,0|0|0.899999976|0|0|0|0,0|0|0.899999976|0|0|0|0
9005,9005,6,1,1,255,255,0,0,0,0.0166666675,,19,0,19,0,3,0,,0|0|0.899999976|0|0|0|0,0|0|0.899999976|0|0|0|0
9006,9006,6,1,1,255,255,0,0,0,0.0166666675,,19,0,19,0,3,0,,0|0|0.899999976|0|0|0|0,0|0|0.899999976|0|0|0|0
9007,9007,6,1,1,255,255,0,0,0,0.0166666675,,19,0,19,0,3,0,,0|0|0.899999976|0|0|0|0,0|0|0.899999976|0|0|0|0
9008,9008,6,1,1,255,255,0,0,0,0.0166666675,,19,0,19,0,3,0,,0|0|0.899999976|0|0|0|0,0|0|0.899999976|0|0|0|0
9009,9009,6,1,1,255,255,0,0,0,0.0166666675,,19,0,19,0,3,0,,0|0|0.899999976|0|0|0|0,0|0|0.899999976|0|0|0|0
9010,9010,6,1,1,255,255,0,0,0,0.0166666675,,19,0,19,0,3,0,,0|0|0.899999976|0|0|0|0,0|0|0.899999976|0|0|0|0
9011,9011,6,1,1,255,255,0,0,0,0.0166666675,,19,0,19,0,3,0,,0|0|0.899999976|0|0|0|0,0|0|0.899999976|0|0|0|0
9012,9012,6,1,1,255,255,0,0,0,0.0166666675,,19,0,19,0,3,0,,0|0|0.899999976|0|0|0|0,0|0|0.899999976|0|0|0|0
9013,9013,6,1,1,255,255,0,0,0,0.0166666675,,19,0,19,0,3,0,,0|0|0.899999976|0|0|0|0,0|0|0.899999976|0|0|0|0
9014,9014,6,1,1,255,255,0,0,0,0.0166666675,,19,0,19,0,3,0,,0|0|0.899999976|0|0|0|0,0|0|0.899999976|0|0|0|0
9015,9015,6,1,1,255,255,0,0,0,0.0166666675,,19,0,19,0,3,0,,0|0|0.899999976|0|0|0|0,0|0|0.899999976|0|0|0|0
9016,9016,6,1,1,255,255,0,0,0,0.0166666675,,19,0,19,0,3,0,,0|0|0.899999976|0|0|0|0,0|0|0.899999976|0|0|0|0
9017,9017,6,1,1,255,255,0,0,0,0.0166666675,,19,0,19,0,3,0,,0|0|0.899999976|0|0|0|0,0|0|0.899999976|0|0|0|0
9018,9018,6,1,1,255,255,0,0,0,0.0166666675,,19,0,19,0,3,0,,0|0|0.899999976|0|0|0|0,0|0|0.899999976|0|0|0|0
9019,9019,6,1,1,255,255,0,0,0,0.0166666675,,19,0,19,0,3,0,,0|0|0.899999976|0|0|0|0,0|0|0.899999976|0|0|0|0
9020,9020,6,1,1,255,255,0,0,0,0.0166666675,,19,0,19,0,3,0,,0|0|0.899999976|0|0|0|0,0|0|0.899999976|0|0|0|0
9021,9021,6,1,1,255,255,0,0,0,0.0166666675,,19,0,19,0,3,0,,0|0|0.899999976|0|0|0|0,0|0|0.899999976|0|0|0|0
9022,9022,6,1,1,255,255,0,0,0,0.0166666675,,19,0,19,0,3,0,,0|0|0.899999976|0|0|0|0,0|0|0.899999976|0|0|0|0
9023,9023,6,1,1,255,255,0,0,0,0.0166666675,,19,0,19,0,3,0,,0|0|0.899999976|0|0|0|0,0|0|0.899999976|0|0|0|0
9024,9024,6,1,1,255,255,0,0,0,0.0166666675,,19,0,19,0,3,0,,0|0|0.899999976|0|0|0|0,0|0|0.899999976|0|0|0|0
9025,9025,6,1,1,255,255,0,0,0,0.0166666675,,19,0,19,0,3,0,,0|0|0.899999976|0|0|0|0,0|0|0.899999976|0|0|0|0
9026,9026,6,1,1,255,255,0,0,0,0.0166666675,,19,0,19,0,3,0,,0|0|0.899999976|0|0|0|0,0|0|0.899999976|0|0|0|0
9027,9027,6,1,1,255,255,0,0,0,0.0166666675,,19,0,19,0,3,0,,0|0|0.899999976|0|0|0|0,0|0|0.899999976|0|0|0|0
9028,9028,6,1,1,255,255,0,0,0,0.0166666675,,19,0,19,0,3,0,,0|0|0.899999976|0|0|0|0,0|0|0.899999976|0|0|0|0
9029,9029,6,1,1,255,255,0,0,0,0.0166666675,,19,0,19,0,3,0,,0|0|0.899999976|0|0|0|0,0|0|0.899999976|0|0|0|0
9030,9030,6,1,1,255,255,0,0,0,0.0166666675,,19,0,19,0,3,0,,0|0|0.899999976|0|0|0|0,0|0|0.899999976|0|0|0|0
9031,9031,6,1,1,255,255,0,0,0,0.0166666675,,19,0,19,0,3,0,,0|0|0.899999976|0|0|0|0,0|0|0.899999976|0|0|0|0
9032,9032,6,1,1,255,255,0,0,0,0.0166666675,,19,0,19,0,3,0,,0|0|0.899999976|0|0|0|0,0|0|0.899999976|0|0|0|0
9033,9033,6,1,1,255,255,0,0,0,0.0166666675,,19,0,19,0,3,0,,0|0|0.899999976|0|0|0|0,0|0|0.899999976|0|0|0|0
9034,9034,6,1,1,255,255,0,0,0,0.0166666675,,19,0,19,0,3,0,,0|0|0.899999976|0|0|0|0,0|0|0.899999976|0|0|0|0
9035,9035,6,1,1,255,255,0,0,0,0.0166666675,,19,0,19,0,3,0,,0|0|0.899999976|0|0|0|0,0|0|0.899999976|0|0|0|0
9036,9036,6,1,1,255,255,0,0,0,0.0166666675,,19,0,19,0,3,0,,0|0|0.899999976|0|0|0|0,0|0|0.899999976|0|0|0|0
9037,9037,6,1,1,255,255,0,0,0,0.0166666675,,19,0,19,0,3,0,,0|0|0.899999976|0|0|0|0,0|0|0.899999976|0|0|0|0
9038,9038,6,1,1,255,255,0,0,0,0.0166666675,,19,0,19,0,3,0,,0|0|0.899999976|0|0|0|0,0|0|0.899999976|0|0|0|0
9039,9039,6,1,1,255,255,0,0,0,0.0166666675,,19,0,19,0,3,0,,0|0|0.899999976|0|0|0|0,0|0|0.899999976|0|0|0|0
9040,9040,6,1,1,255,255,0,0,0,0.0166666675,,19,0,19,0,3,0,,0|0|0.899999976|0|0|0|0,0|0|0.899999976|0|0|0|0
9041,9041,6,1,1,255,255,0,0,0,0.0166666675,,19,0,19,0,3,0,,0|0|0.899999976|0|0|0|0,0|0|0.899999976|0|0|0|0
9042,9042,6,1,1,255,255,0,0,0,0.0166666675,,19,0,19,0,3,0,,0|0|0.899999976|0|0|0|0,0|0|0.899999976|0|0|0|0
9043,9043,6,1,1,255,255,0,0,0,0.0166666675,,19,0,19,0,3,0,,0|0|0.899999976|0|0|0|0,0|0|0.899999976|0|0|0|0
9044,9044,6,1,1,255,255,0,0,0,0.0166666675,,19,0,19,0,3,0,,0|0|0.899999976|0|0|0|0,0|0|0.899999976|0|0|0|0
9045,9045,6,1,1,255,255,0,0,0,0.0166666675,,19,0,19,0,3,0,,0|0|0.899999976|0|0|0|0,0|0|0.899999976|0|0|0|0
9046,9046,6,1,1,255,255,0,0,0,0.0166666675,,19,0,19,0,3,0,,0|0|0.899999976|0|0|0|0,0|0|0.899999976|0|0|0|0
9047,9047,6,1,1,255,255,0,0,0,0.0166666675,,19,0,19,0,3,0,,0|0|0.899999976|0|0|0|0,0|0|0.899999976|0|0|0|0
9048,9048,6,1,1,255,255,0,0,0,0.0166666675,,19,0,19,0,3,0,,0|0|0.899999976|0|0|0|0,0|0|0.899999976|0|0|0|0
9049,9049,6,1,1,255,255,0,0,0,0.0166666675,,19,0,19,0,3,0,,0|0|0.899999976|0|0|0|0,0|0|0.899999976|0|0|0|0
9050,9050,6,1,1,255,255,0,0,0,0.0166666675,,19,0,19,0,3,0,,0|0|0.899999976|0|0|0|0,0|0|0.899999976|0|0|0|0
9051,9051,6,1,1,255,255,0,0,0,0.0166666675,,19,0,19,0,3,0,,0|0|0.899999976|0|0|0|0,0|0|0.899999976|0|0|0|0
9052,9052,6,1,1,255,255,0,0,0,0.0166666675,,19,0,19,0,3,0,,0|0|0.899999976|0|0|0|0,0|0|0.899999976|0|0|0|0
9053,9053,6,1,1,255,255,0,0,0,0.0166666675,,19,0,19,0,3,0,,0|0|0.899999976|0|0|0|0,0|0|0.899999976|0|0|0|0
9054,9054,6,1,1,255,255,0,0,0,0.0166666675,,19,0,19,0,3,0,,0|0|0.899999976|0|0|0|0,0|0|0.899999976|0|0|0|0
9055,9055,6,1,1,255,255,0,0,0,0.0166666675,,19,0,19,0,3,0,,0|0|0.899999976|0|0|0|0,0|0|0.899999976|0|0|0|0
9056,9056,6,1,1,255,255,0,0,0,0.0166666675,,19,0,19,0,3,0,,0|0|0.899999976|0|0|0|0,0|0|0.899999976|0|0|0|0
9057,9057,6,1,1,255,255,0,0,0,0.0166666675,,19,0,19,0,3,0,,0|0|0.899999976|0|0|0|0,0|0|0.899999976|0|0|0|0
9058,9058,6,1,1,255,255,0,0,0,0.0166666675,,19,0,19,0,3,0,,0|0|0.899999976|0|0|0|0,0|0|0.899999976|0|0|0|0
9059,9059,6,1,1,255,255,0,0,0,0.0166666675,,19,0,19,0,3,0,,0|0|0.899999976|0|0|0|0,0|0|0.899999976|0|0|0|0
9060,9060,6,1,1,255,255,0,0,0,0.0166666675,,19,0,19,0,3,0,,0|0|0.899999976|0|0|0|0,0|0|0.899999976|0|0|0|0
9061,9061,6,1,1,255,255,0,0,0,0.0166666675,,19,0,19,0,3,0,,0|0|0.899999976|0|0|0|0,0|0|0.899999976|0|0|0|0
9062,9062,6,1,1,255,255,0,0,0,0.0166666675,,19,0,19,0,3,0,,0|0|0.899999976|0|0|0|0,0|0|0.899999976|0|0|0|0
9063,9063,6,1,1,255,255,0,0,0,0.0166666675,,19,0,19,0,3,0,,0|0|0.899999976|0|0|0|0,0|0|0.899999976|0|0|0|0
9064,9064,6,1,1,255,255,0,0,0,0.0166666675,,19,0,19,0,3,0,,0|0|0.899999976|0|0|0|0,0|0|0.899999976|0|0|0|0
9065,9065,6,1,1,255,255,0,0,0,0.0166666675,,19,0,19,0,3,0,,0|0|0.899999976|0|0|0|0,0|0|0.899999976|0|0|0|0
9066,9066,6,1,1,255,255,0,0,0,0.0166666675,,19,0,19,0,3,0,,0|0|0.899999976|0|0|0|0,0|0|0.899999976|0|0|0|0
9067,9067,6,1,1,255,255,0,0,0,0.0166666675,,19,0,19,0,3,0,,0|0|0.899999976|0|0|0|0,0|0|0.899999976|0|0|0|0
9068,9068,6,1,1,255,255,0,0,0,0.0166666675,,19,0,19,0,3,0,,0|0|0.899999976|0|0|0|0,0|0|0.899999976|0|0|0|0
9069,9069,6,1,1,255,255,0,0,0,0.0166666675,,19,0,19,0,3,0,,0|0|0.899999976|0|0|0|0,0|0|0.899999976|0|0|0|0
9070,9070,6,1,1,255,255,0,0,0,0.0166666675,,19,0,19,0,3,0,,0|0|0.899999976|0|0|0|0,0|0|0.899999976|0|0|0|0
9071,9071,6,1,1,255,255,0,0,0,0.0166666675,,19,0,19,0,3,0,,0|0|0.899999976|0|0|0|0,0|0|0.899999976|0|0|0|0
9072,9072,6,1,1,255,255,0,0,0,0.0166666675,,19,0,19,0,3,0,,0|0|0.899999976|0|0|0|0,0|0|0.899999976|0|0|0|0
9073,9073,6,1,1,255,255,0,0,0,0.0166666675,,19,0,19,0,3,0,,0|0|0.899999976|0|0|0|0,0|0|0.899999976|0|0|0|0
9074,9074,6,1,1,255,255,0,0,0,0.0166666675,,19,0,19,0,3,0,,0|0|0.899999976|0|0|0|0,0|0|0.899999976|0|0|0|0
9075,9075,6,1,1,255,255,0,0,0,0.0166666675,,19,0,19,0,3,0,,0|0|0.899999976|0|0|0|0,0|0|0.899999976|0|0|0|0
9076,9076,6,1,1,255,255,0,0,0,0.0166666675,,19,0,19,0,3,0,,0|0|0.899999976|0|0|0|0,0|0|0.899999976|0|0|0|0
9077,9077,6,1,1,255,255,0,0,0,0.0166666675,,19,0,19,0,3,0,,0|0|0.899999976|0|0|0|0,0|0|0.899999976|0|0|0|0
9078,9078,6,1,1,255,255,0,0,0,0.0166666675,,19,0,19,0,3,0,,0|0|0.899999976|0|0|0|0,0|0|0.899999976|0|0|0|0
9079,9079,6,1,1,255,255,0,0,0,0.0166666675,,19,0,19,0,3,0,,0|0|0.899999976|0|0|0|0,0|0|0.899999976|0|0|0|0
9080,9080,6,1,1,255,255,0,0,0,0.0166666675,,19,0,19,0,3,0,,0|0|0.899999976|0|0|0|0,0|0|0.899999976|0|0|0|0
9081,9081,6,1,1,255,255,0,0,0,0.0166666675,,19,0,19,0,3,0,,0|0|0.899999976|0|0|0|0,0|0|0.899999976|0|0|0|0
9082,9082,6,1,1,255,255,0,0,0,0.0166666675,,19,0,19,0,3,0,,0|0|0.899999976|0|0|0|0,0|0|0.899999976|0|0|0|0
9083,9083,6,1,1,255,255,0,0,0,0.0166666675,,19,0,19,0,3,0,,0|0|0.899999976|0|0|0|0,0|0|0.899999976|0|0|0|0
9084,9084,6,1,1,255,255,0,0,0,0.0166666675,,19,0,19,0,3,0,,0|0|0.899999976|0|0|0|0,0|0|0.899999976|0|0|0|0
9085,9085,6,1,1,255,255,0,0,0,0.0166666675,,19,0,19,0,3,0,,0|0|0.899999976|0|0|0|0,0|0|0.899999976|0|0|0|0
9086,9086,6,1,1,255,255,0,0,0,0.0166666675,,19,0,19,0,3,0,,0|0|0.899999976|0|0|0|0,0|0|0.899999976|0|0|0|0
9087,9087,6,1,1,255,255,0,0,0,0.0166666675,,19,0,19,0,3,0,,0|0|0.899999976|0|0|0|0,0|0|0.899999976|0|0|0|0
9088,9088,6,1,1,255,255,0,0,0,0.0166666675,,19,0,19,0,3,0,,0|0|0.899999976|0|0|0|0,0|0|0.899999976|0|0|0|0
9089,9089,6,1,1,255,255,0,0,0,0.0166666675,,19,0,19,0,3,0,,0|0|0.899999976|0|0|0|0,0|0|0.899999976|0|0|0|0
9090,9090,6,1,1,255,255,0,0,0,0.0166666675,,19,0,19,0,3,0,,0|0|0.899999976|0|0|0|0,0|0|0.799999952|0|0|0|0
9091,9091,6,1,1,255,255,0,0,0,0.0166666675,,19,0,19,0,3,0,,0|0|0.799999952|0|0|0|0,0|0|0.799999952|0|0|0|0
9092,9092,6,1,1,255,255,0,0,0,0.0166666675,,19,0,19,0,3,0,,0|0|0.799999952|0|0|0|0,0|0|0.799999952|0|0|0|0
9093,9093,6,1,1,255,255,0,0,0,0.0166666675,,19,0,19,0,3,0,,0|0|0.799999952|0|0|0|0,0|0|0.799999952|0|0|0|0
9094,9094,6,1,1,255,255,0,0,0,0.0166666675,,19,0,19,0,3,0,,0|0|0.799999952|0|0|0|0,0|0|0.799999952|0|0|0|0
9095,9095,6,1,1,255,255,0,0,0,0.0166666675,,19,0,19,0,3,0,,0|0|0.799999952|0|0|0|0,0|0|0.799999952|0|0|0|0
9096,9096,6,1,1,255,255,0,0,0,0.0166666675,,19,0,19,0,3,0,,0|0|0.799999952|0|0|0|0,0|0|0.799999952|0|0|0|0
9097,9097,6,1,1,255,255,0,0,0,0.0166666675,,19,0,19,0,3,0,,0|0|0.799999952|0|0|0|0,0|0|0.799999952|0|0|0|0
9098,9098,6,1,1,255,255,0,0,0,0.0166666675,,19,0,19,0,3,0,,0|0|0.799999952|0|0|0|0,0|0|0.799999952|0|0|0|0
9099,9099,6,1,1,255,255,0,0,0,0.0166666675,,19,0,19,0,3,0,,0|0|0.799999952|0|0|0|0,0|0|0.799999952|0|0|0|0
9100,9100,6,1,1,255,255,0,0,0,0.0166666675,,19,0,19,0,3,0,,0|0|0.799999952|0|0|0|0,0|0|0.799999952|0|0|0|0
9101,9101,6,1,1,255,255,0,0,0,0.0166666675,,19,0,19,0,3,0,,0|0|0.799999952|0|0|0|0,0|0|0.799999952|0|0|0|0
9102,9102,6,1,1,255,255,0,0,0,0.0166666675,,19,0,19,0,3,0,,0|0|0.799999952|0|0|0|0,0|0|0.799999952|0|0|0|0
9103,9103,6,1,1,255,255,0,0,0,0.0166666675,,19,0,19,0,3,0,,0|0|0.799999952|0|0|0|0,0|0|0.799999952|0|0|0|0
9104,9104,6,1,1,255,255,0,0,0,0.0166666675,,19,0,19,0,3,0,,0|0|0.799999952|0|0|0|0,0|0|0.799999952|0|0|0|0
9105,9105,6,1,1,255,255,0,0,0,0.0166666675,,19,0,19,0,3,0,,0|0|0.799999952|0|0|0|0,0|0|0.799999952|0|0|0|0
9106,9106,6,1,1,255,255,0,0,0,0.0166666675,,19,0,19,0,3,0,,0|0|0.799999952|0|0|0|0,0|0|0.799999952|0|0|0|0
9107,9107,6,1,1,255,255,0,0,0,0.0166666675,,19,0,19,0,3,0,,0|0|0.799999952|0|0|0|0,0|0|0.799999952|0|0|0|0
9108,9108,6,1,1,255,255,0,0,0,0.0166666675,,19,0,19,0,3,0,,0|0|0.799999952|0|0|0|0,0|0|0.799999952|0|0|0|0
9109,9109,6,1,1,255,255,0,0,0,0.0166666675,,19,0,19,0,3,0,,0|0|0.799999952|0|0|0|0,0|0|0.799999952|0|0|0|0
9110,9110,6,1,1,255,255,0,0,0,0.0166666675,,19,0,19,0,3,0,,0|0|0.799999952|0|0|0|0,0|0|0.799999952|0|0|0|0
9111,9111,6,1,1,255,255,0,0,0,0.0166666675,,19,0,19,0,3,0,,0|0|0.799999952|0|0|0|0,0|0|0.799999952|0|0|0|0
9112,9112,6,1,1,255,255,0,0,0,0.0166666675,,19,0,19,0,3,0,,0|0|0.799999952|0|0|0|0,0|0|0.799999952|0|0|0|0
9113,9113,6,1,1,255,255,0,0,0,0.0166666675,,19,0,19,0,3,0,,0|0|0.799999952|0|0|0|0,0|0|0.799999952|0|0|0|0
9114,9114,6,1,1,255,255,0,0,0,0.0166666675,,19,0,19,0,3,0,,0|0|0.799999952|0|0|0|0,0|0|0.799999952|0|0|0|0
9115,9115,6,1,1,255,255,0,0,0,0.0166666675,,19,0,19,0,3,0,,0|0|0.799999952|0|0|0|0,0|0|0.799999952|0|0|0|0
9116,9116,6,1,1,255,255,0,0,0,0.0166666675,,19,0,19,0,3,0,,0|0|0.799999952|0|0|0|0,0|0|0.799999952|0|0|0|0
9117,9117,6,1,1,255,255,0,0,0,0.0166666675,,19,0,19,0,3,0,,0|0|0.799999952|0|0|0|0,0|0|0.799999952|0|0|0|0
9118,9118,6,1,1,255,255,0,0,0,0.0166666675,,19,0,19,0,3,0,,0|0|0.799999952|0|0|0|0,0|0|0.799999952|0|0|0|0
9119,9119,6,1,1,255,255,0,0,0,0.0166666675,,19,0,19,0,3,0,,0|0|0.799999952|0|0|0|0,0|0|0.799999952|0|0|0|0
9120,9120,6,1,1,255,255,0,0,0,0.0166666675,,19,0,19,0,3,0,,0|0|0.799999952|0|0|0|0,0|0|0.799999952|0|0|0|0
9121,9121,6,1,1,255,255,0,0,0,0.0166666675,,19,0,19,0,3,0,,0|0|0.799999952|0|0|0|0,0|0|0.799999952|0|0|0|0
9122,9122,6,1,1,255,255,0,0,0,0.0166666675,,19,0,19,0,3,0,,0|0|0.799999952|0|0|0|0,0|0|0.799999952|0|0|0|0
9123,9123,6,1,1,255,255,0,0,0,0.0166666675,,19,0,19,0,3,0,,0|0|0.799999952|0|0|0|0,0|0|0.799999952|0|0|0|0
9124,9124,6,1,1,255,255,0,0,0,0.0166666675,,19,0,19,0,3,0,,0|0|0.799999952|0|0|0|0,0|0|0.799999952|0|0|0|0
9125,9125,6,1,1,255,255,0,0,0,0.0166666675,,19,0,19,0,3,0,,0|0|0.799999952|0|0|0|0,0|0|0.799999952|0|0|0|0
9126,9126,6,1,1,255,255,0,0,0,0.0166666675,,19,0,19,0,3,0,,0|0|0.799999952|0|0|0|0,0|0|0.799999952|0|0|0|0
9127,9127,6,1,1,255,255,0,0,0,0.0166666675,,19,0,19,0,3,0,,0|0|0.799999952|0|0|0|0,0|0|0.799999952|0|0|0|0
9128,9128,6,1,1,255,255,0,0,0,0.0166666675,,19,0,19,0,3,0,,0|0|0.799999952|0|0|0|0,0|0|0.799999952|0|0|0|0
9129,9129,6,1,1,255,255,0,0,0,0.0166666675,,19,0,19,0,3,0,,0|0|0.799999952|0|0|0|0,0|0|0.799999952|0|0|0|0
9130,9130,6,1,1,255,255,0,0,0,0.0166666675,,19,0,19,0,3,0,,0|0|0.799999952|0|0|0|0,0|0|0.799999952|0|0|0|0
9131,9131,6,1,1,255,255,0,0,0,0.0166666675,,19,0,19,0,3,0,,0|0|0.799999952|0|0|0|0,0|0|0.799999952|0|0|0|0
9132,9132,6,1,1,255,255,0,0,0,0.0166666675,,19,0,19,0,3,0,,0|0|0.799999952|0|0|0|0,0|0|0.799999952|0|0|0|0
9133,9133,6,1,1,255,255,0,0,0,0.0166666675,,19,0,19,0,3,0,,0|0|0.799999952|0|0|0|0,0|0|0.799999952|0|0|0|0
9134,9134,6,1,1,255,255,0,0,0,0.0166666675,,19,0,19,0,3,0,,0|0|0.799999952|0|0|0|0,0|0|0.799999952|0|0|0|0
9135,9135,6,1,1,255,255,0,0,0,0.0166666675,,19,0,19,0,3,0,,0|0|0.799999952|0|0|0|0,0|0|0.799999952|0|0|0|0
9136,9136,6,1,1,255,255,0,0,0,0.0166666675,,19,0,19,0,3,0,,0|0|0.799999952|0|0|0|0,0|0|0.799999952|0|0|0|0
9137,9137,6,1,1,255,255,0,0,0,0.0166666675,,19,0,19,0,3,0,,0|0|0.799999952|0|0|0|0,0|0|0.799999952|0|0|0|0
9138,9138,6,1,1,255,255,0,0,0,0.0166666675,,19,0,19,0,3,0,,0|0|0.799999952|0|0|0|0,0|0|0.799999952|0|0|0|0
9139,9139,6,1,1,255,255,0,0,0,0.0166666675,,19,0,19,0,3,0,,0|0|0.799999952|0|0|0|0,0|0|0.799999952|0|0|0|0
9140,9140,6,1,1,255,255,0,0,0,0.0166666675,,19,0,19,0,3,0,,0|0|0.799999952|0|0|0|0,0|0|0.799999952|0|0|0|0
9141,9141,6,1,1,255,255,0,0,0,0.0166666675,,19,0,19,0,3,0,,0|0|0.799999952|0|0|0|0,0|0|0.799999952|0|0|0|0
9142,9142,6,1,1,255,255,0,0,0,0.0166666675,,19,0,19,0,3,0,,0|0|0.799999952|0|0|0|0,0|0|0.799999952|0|0|0|0
9143,9143,6,1,1,255,255,0,0,0,0.0166666675,,19,0,19,0,3,0,,0|0|0.799999952|0|0|0|0,0|0|0.799999952|0|0|0|0
9144,9144,6,1,1,255,255,0,0,0,0.0166666675,,19,0,19,0,3,0,,0|0|0.799999952|0|0|0|0,0|0|0.799999952|0|0|0|0
9145,9145,6,1,1,255,255,0,0,0,0.0166666675,,19,0,19,0,3,0,,0|0|0.799999952|0|0|0|0,0|0|0.799999952|0|0|0|0
9146,9146,6,1,1,255,255,0,0,0,0.0166666675,,19,0,19,0,3,0,,0|0|0.799999952|0|0|0|0,0|0|0.799999952|0|0|0|0
9147,9147,6,1,1,255,255,0,0,0,0.0166666675,,19,0,19,0,3,0,,0|0|0.799999952|0|0|0|0,0|0|0.799999952|0|0|0|0
9148,9148,6,1,1,255,255,0,0,0,0.0166666675,,19,0,19,0,3,0,,0|0|0.799999952|0|0|0|0,0|0|0.799999952|0|0|0|0
9149,9149,6,1,1,255,255,0,0,0,0.0166666675,,19,0,19,0,3,0,,0|0|0.799999952|0|0|0|0,0|0|0.799999952|0|0|0|0
9150,9150,6,1,1,255,255,0,0,0,0.0166666675,,19,0,19,0,3,0,,0|0|0.799999952|0|0|0|0,0|0|0.799999952|0|0|0|0
9151,9151,6,1,1,255,255,0,0,0,0.0166666675,,19,0,19,0,3,0,,0|0|0.799999952|0|0|0|0,0|0|0.799999952|0|0|0|0
9152,9152,6,1,1,255,255,0,0,0,0.0166666675,,19,0,19,0,3,0,,0|0|0.799999952|0|0|0|0,0|0|0.799999952|0|0|0|0
9153,9153,6,1,1,255,255,0,0,0,0.0166666675,,19,0,19,0,3,0,,0|0|0.799999952|0|0|0|0,0|0|0.799999952|0|0|0|0
9154,9154,6,1,1,255,255,0,0,0,0.0166666675,,19,0,19,0,3,0,,0|0|0.799999952|0|0|0|0,0|0|0.799999952|0|0|0|0
9155,9155,6,1,1,255,255,0,0,0,0.0166666675,,19,0,19,0,3,0,,0|0|0.799999952|0|0|0|0,0|0|0.799999952|0|0|0|0
9156,9156,6,1,1,255,255,0,0,0,0.0166666675,,19,0,19,0,3,0,,0|0|0.799999952|0|0|0|0,0|0|0.799999952|0|0|0|0
9157,9157,6,1,1,255,255,0,0,0,0.0166666675,,19,0,19,0,3,0,,0|0|0.799999952|0|0|0|0,0|0|0.799999952|0|0|0|0
9158,9158,6,1,1,255,255,0,0,0,0.0166666675,,19,0,19,0,3,0,,0|0|0.799999952|0|0|0|0,0|0|0.799999952|0|0|0|0
9159,9159,6,1,1,255,255,0,0,0,0.0166666675,,19,0,19,0,3,0,,0|0|0.799999952|0|0|0|0,0|0|0.799999952|0|0|0|0
9160,9160,6,1,1,255,255,0,0,0,0.0166666675,,19,0,19,0,3,0,,0|0|0.799999952|0|0|0|0,0|0|0.799999952|0|0|0|0
9161,9161,6,1,1,255,255,0,0,0,0.0166666675,,19,0,19,0,3,0,,0|0|0.799999952|0|0|0|0,0|0|0.799999952|0|0|0|0
9162,9162,6,1,1,255,255,0,0,0,0.0166666675,,19,0,19,0,3,0,,0|0|0.799999952|0|0|0|0,0|0|0.799999952|0|0|0|0
9163,9163,6,1,1,255,255,0,0,0,0.0166666675,,19,0,19,0,3,0,,0|0|0.799999952|0|0|0|0,0|0|0.799999952|0|0|0|0
9164,9164,6,1,1,255,255,0,0,0,0.0166666675,,19,0,19,0,3,0,,0|0|0.799999952|0|0|0|0,0|0|0.799999952|0|0|0|0
9165,9165,6,1,1,255,255,0,0,0,0.0166666675,,19,0,19,0,3,0,,0|0|0.799999952|0|0|0|0,0|0|0.799999952|0|0|0|0
9166,9166,6,1,1,255,255,0,0,0,0.0166666675,,19,0,19,0,3,0,,0|0|0.799999952|0|0|0|0,0|0|0.799999952|0|0|0|0
9167,9167,6,1,1,255,255,0,0,0,0.0166666675,,19,0,19,0,3,0,,0|0|0.799999952|0|0|0|0,0|0|0.799999952|0|0|0|0
9168,9168,6,1,1,255,255,0,0,0,0.0166666675,,19,0,19,0,3,0,,0|0|0.799999952|0|0|0|0,0|0|0.799999952|0|0|0|0
9169,9169,6,1,1,255,255,0,0,0,0.0166666675,,19,0,19,0,3,0,,0|0|0.799999952|0|0|0|0,0|0|0.799999952|0|0|0|0
9170,9170,6,1,1,255,255,0,0,0,0.0166666675,,19,0,19,0,3,0,,0|0|0.799999952|0|0|0|0,0|0|0.799999952|0|0|0|0
9171,9171,6,1,1,255,255,0,0,0,0.0166666675,,19,0,19,0,3,0,,0|0|0.799999952|0|0|0|0,0|0|0.799999952|0|0|0|0
9172,9172,6,1,1,255,255,0,0,0,0.0166666675,,19,0,19,0,3,0,,0|0|0.799999952|0|0|0|0,0|0|0.799999952|0|0|0|0
9173,9173,6,1,1,255,255,0,0,0,0.0166666675,,19,0,19,0,3,0,,0|0|0.799999952|0|0|0|0,0|0|0.799999952|0|0|0|0
9174,9174,6,1,1,255,255,0,0,0,0.0166666675,,19,0,19,0,3,0,,0|0|0.799999952|0|0|0|0,0|0|0.799999952|0|0|0|0
9175,9175,6,1,1,255,255,0,0,0,0.0166666675,,19,0,19,0,3,0,,0|0|0.799999952|0|0|0|0,0|0|0.799999952|0|0|0|0
9176,9176,6,1,1,255,255,0,0,0,0.0166666675,,19,0,19,0,3,0,,0|0|0.799999952|0|0|0|0,0|0|0.799999952|0|0|0|0
9177,9177,6,1,1,255,255,0,0,0,0.0166666675,,19,0,19,0,3,0,,0|0|0.799999952|0|0|0|0,0|0|0.799999952|0|0|0|0
9178,9178,6,1,1,255,255,0,0,0,0.0166666675,,19,0,19,0,3,0,,0|0|0.799999952|0|0|0|0,0|0|0.799999952|0|0|0|0
9179,9179,6,1,1,255,255,0,0,0,0.0166666675,,19,0,19,0,3,0,,0|0|0.799999952|0|0|0|0,0|0|0.799999952|0|0|0|0
9180,9180,6,1,1,255,255,0,0,0,0.0166666675,,19,0,19,0,3,0,,0|0|0.799999952|0|0|0|0,0|0|0.799999952|0|0|0|0
9181,9181,6,1,1,255,255,0,0,0,0.0166666675,,19,0,19,0,3,0,,0|0|0.799999952|0|0|0|0,0|0|0.799999952|0|0|0|0
9182,9182,6,1,1,255,255,0,0,0,0.0166666675,,19,0,19,0,3,0,,0|0|0.799999952|0|0|0|0,0|0|0.799999952|0|0|0|0
9183,9183,6,1,1,255,255,0,0,0,0.0166666675,,19,0,19,0,3,0,,0|0|0.799999952|0|0|0|0,0|0|0.799999952|0|0|0|0
9184,9184,6,1,1,255,255,0,0,0,0.0166666675,,19,0,19,0,3,0,,0|0|0.799999952|0|0|0|0,0|0|0.799999952|0|0|0|0
9185,9185,6,1,1,255,255,0,0,0,0.0166666675,,19,0,19,0,3,0,,0|0|0.799999952|0|0|0|0,0|0|0.799999952|0|0|0|0
9186,9186,6,1,1,255,255,0,0,0,0.0166666675,,19,0,19,0,3,0,,0|0|0.799999952|0|0|0|0,0|0|0.799999952|0|0|0|0
9187,9187,6,1,1,255,255,0,0,0,0.0166666675,,19,0,19,0,3,0,,0|0|0.799999952|0|0|0|0,0|0|0.799999952|0|0|0|0
9188,9188,6,1,1,255,255,0,0,0,0.0166666675,,19,0,19,0,3,0,,0|0|0.799999952|0|0|0|0,0|0|0.799999952|0|0|0|0
9189,9189,6,1,1,255,255,0,0,0,0.0166666675,,19,0,19,0,3,0,,0|0|0.799999952|0|0|0|0,0|0|0.799999952|0|0|0|0
9190,9190,6,1,1,255,255,0,0,0,0.0166666675,,19,0,19,0,3,0,,0|0|0.799999952|0|0|0|0,0|0|0.799999952|0|0|0|0
9191,9191,6,1,1,255,255,0,0,0,0.0166666675,,19,0,19,0,3,0,,0|0|0.799999952|0|0|0|0,0|0|0.799999952|0|0|0|0
9192,9192,6,1,1,255,255,0,0,0,0.0166666675,,19,0,19,0,3,0,,0|0|0.799999952|0|0|0|0,0|0|0.799999952|0|0|0|0
9193,9193,6,1,1,255,255,0,0,0,0.0166666675,,19,0,19,0,3,0,,0|0|0.799999952|0|0|0|0,0|0|0.799999952|0|0|0|0
9194,9194,6,1,1,255,255,0,0,0,0.0166666675,,19,0,19,0,3,0,,0|0|0.799999952|0|0|0|0,0|0|0.799999952|0|0|0|0
9195,9195,6,1,1,255,255,0,0,0,0.0166666675,,19,0,19,0,3,0,,0|0|0.799999952|0|0|0|0,0|0|0.799999952|0|0|0|0
9196,9196,6,1,1,255,255,0,0,0,0.0166666675,,19,0,19,0,3,0,,0|0|0.799999952|0|0|0|0,0|0|0.799999952|0|0|0|0
9197,9197,6,1,1,255,255,0,0,0,0.0166666675,,19,0,19,0,3,0,,0|0|0.799999952|0|0|0|0,0|0|0.799999952|0|0|0|0
9198,9198,6,1,1,255,255,0,0,0,0.0166666675,,19,0,19,0,3,0,,0|0|0.799999952|0|0|0|0,0|0|0.799999952|0|0|0|0
9199,9199,6,1,1,255,255,0,0,0,0.0166666675,,19,0,19,0,3,0,,0|0|0.799999952|0|0|0|0,0|0|0.799999952|0|0|0|0
9200,9200,6,1,1,255,255,0,0,0,0.0166666675,,19,0,19,0,3,0,,0|0|0.799999952|0|0|0|0,0|0|0.799999952|0|0|0|0
9201,9201,6,1,1,255,255,0,0,0,0.0166666675,,19,0,19,0,3,0,,0|0|0.799999952|0|0|0|0,0|0|0.799999952|0|0|0|0
9202,9202,6,1,1,255,255,0,0,0,0.0166666675,,19,0,19,0,3,0,,0|0|0.799999952|0|0|0|0,0|0|0.799999952|0|0|0|0
9203,9203,6,1,1,255,255,0,0,0,0.0166666675,,19,0,19,0,3,0,,0|0|0.799999952|0|0|0|0,0|0|0.799999952|0|0|0|0
9204,9204,6,1,1,255,255,0,0,0,0.0166666675,,19,0,19,0,3,0,,0|0|0.799999952|0|0|0|0,0|0|0.799999952|0|0|0|0
9205,9205,6,1,1,255,255,0,0,0,0.0166666675,,19,0,19,0,3,0,,0|0|0.799999952|0|0|0|0,0|0|0.799999952|0|0|0|0
9206,9206,6,1,1,255,255,0,0,0,0.0166666675,,19,0,19,0,3,0,,0|0|0.799999952|0|0|0|0,0|0|0.799999952|0|0|0|0
9207,9207,6,1,1,255,255,0,0,0,0.0166666675,,19,0,19,0,3,0,,0|0|0.799999952|0|0|0|0,0|0|0.799999952|0|0|0|0
9208,9208,6,1,1,255,255,0,0,0,0.0166666675,,19,0,19,0,3,0,,0|0|0.799999952|0|0|0|0,0|0|0.799999952|0|0|0|0
9209,9209,6,1,1,255,255,0,0,0,0.0166666675,,19,0,19,0,3,0,,0|0|0.799999952|0|0|0|0,0|0|0.799999952|0|0|0|0
9210,9210,6,1,1,255,255,0,0,0,0.0166666675,,19,0,19,0,3,0,,0|0|0.799999952|0|0|0|0,0|0|0.799999952|0|0|0|0
9211,9211,6,1,1,255,255,0,0,0,0.0166666675,,19,0,19,0,3,0,,0|0|0.799999952|0|0|0|0,0|0|0.799999952|0|0|0|0
9212,9212,6,1,1,255,255,0,0,0,0.0166666675,,19,0,19,0,3,0,,0|0|0.799999952|0|0|0|0,0|0|0.799999952|0|0|0|0
9213,9213,6,1,1,255,255,0,0,0,0.0166666675,,19,0,19,0,3,0,,0|0|0.799999952|0|0|0|0,0|0|0.799999952|0|0|0|0
9214,9214,6,1,1,255,255,0,0,0,0.0166666675,,19,0,19,0,3,0,,0|0|0.799999952|0|0|0|0,0|0|0.799999952|0|0|0|0
9215,9215,6,1,1,255,255,0,0,0,0.0166666675,,19,0,19,0,3,0,,0|0|0.799999952|0|0|0|0,0|0|0.799999952|0|0|0|0
9216,9216,6,1,1,255,255,0,0,0,0.0166666675,,19,0,19,0,3,0,,0|0|0.799999952|0|0|0|0,0|0|0.799999952|0|0|0|0
9217,9217,6,1,1,255,255,0,0,0,0.0166666675,,19,0,19,0,3,0,,0|0|0.799999952|0|0|0|0,0|0|0.799999952|0|0|0|0
9218,9218,6,1,1,255,255,0,0,0,0.0166666675,,19,0,19,0,3,0,,0|0|0.799999952|0|0|0|0,0|0|0.799999952|0|0|0|0
9219,9219,6,1,1,255,255,0,0,0,0.0166666675,,19,0,19,0,3,0,,0|0|0.799999952|0|0|0|0,0|0|0.799999952|0|0|0|0
9220,9220,6,1,1,255,255,0,0,0,0.0166666675,,19,0,19,0,3,0,,0|0|0.799999952|0|0|0|0,0|0|0.799999952|0|0|0|0
9221,9221,6,1,1,255,255,0,0,0,0.0166666675,,19,0,19,0,3,0,,0|0|0.799999952|0|0|0|0,0|0|0.799999952|0|0|0|0
9222,9222,6,1,1,255,255,0,0,0,0.0166666675,,19,0,19,0,3,0,,0|0|0.799999952|0|0|0|0,0|0|0.799999952|0|0|0|0
9223,9223,6,1,1,255,255,0,0,0,0.0166666675,,19,0,19,0,3,0,,0|0|0.799999952|0|0|0|0,0|0|0.799999952|0|0|0|0
9224,9224,6,1,1,255,255,0,0,0,0.0166666675,,19,0,19,0,3,0,,0|0|0.799999952|0|0|0|0,0|0|0.799999952|0|0|0|0
9225,9225,6,1,1,255,255,0,0,0,0.0166666675,,19,0,19,0,3,0,,0|0|0.799999952|0|0|0|0,0|0|0.799999952|0|0|0|0
9226,9226,6,1,1,255,255,0,0,0,0.0166666675,,19,0,19,0,3,0,,0|0|0.799999952|0|0|0|0,0|0|0.799999952|0|0|0|0
