frame,seq,v,block,spline,c0,c1,c3,c4,c5,ai_type,ai_spline_idx,ai_override,ai_mode,clk_0ff4,step_1008,diff_a360,flag_a368,tgt_7ffc,substate,rec_9e4,rec_b0c,c7,look_x,look_z,curv,own_x,own_z,hist_d8,hist_dc,march_n,march_idx0,look_best,look_idx,look_blk
0,0,1,8327300,0,0,0,0,255,0,0,0,0,0,50,50,2.5,0,0,6,0,0,0,-1.37220991,-7.29541492,1.15390015,-1.09330535,-0.894116163,360,2.19506836,1,0,9,9,0
0,1,2,8327376,0,0,0,0,255,0,0,0,0,0,50,50,2.5,0,0,6,0,0,0,-1.41217029,-10.0075054,1.06637573,1.15241814,0.194150925,360,13.8114166,1,0,15,15,0
0,2,3,8327452,0,0,0,0,255,0,0,0,0,0,50,50,2.5,0,0,6,0,0,0,-1.38293552,-7.78714466,1.03375244,-0.441805571,1.30250561,360,5.61153412,1,0,15,15,0
1,3,1,8327300,0,0,0,0,255,0,0,0,0,0,100,50,2.5,0,0,6,13.9713516,0,0,-1.37220991,-7.29541492,1.15390015,-1.09330869,-0.894762993,360,2.19529724,1,0,9,9,0
1,4,2,8327376,0,0,0,0,255,0,0,0,0,0,100,50,2.5,0,0,6,13.9713516,0,0,-1.41217029,-10.0075054,1.06637573,1.1524148,0.19350411,360,13.8122559,1,0,15,15,0
1,5,3,8327452,0,0,0,0,255,0,0,0,0,0,100,50,2.5,0,0,6,13.9713497,0,0,-1.38293552,-7.78714466,1.03375244,-0.441808969,1.30185878,360,5.61193085,1,0,15,15,0
2,6,1,8327300,0,0,0,0,255,0,0,0,0,0,150,50,2.5,0,0,6,28.2511444,4.16378725e-06,0,-1.37181032,-7.27792645,1.16009521,-1.09331548,-0.896070898,360,2.19898987,1,0,9,9,0
2,7,2,8327376,0,0,0,0,255,0,0,0,0,0,150,50,2.5,0,0,6,28.2511425,4.16378725e-06,0,-1.41217029,-10.0075054,1.06637573,1.152408,0.19219619,360,13.8139572,1,0,15,15,0
2,8,3,8327452,0,0,0,0,255,0,0,0,0,0,150,50,2.5,0,0,6,28.2511425,2.4982719e-06,0,-1.3826921,-7.77540779,1.03607178,-0.441815823,1.30055082,360,5.61880493,1,0,15,15,0
3,9,1,8327300,0,0,0,0,255,0,0,0,0,0,200,50,2.5,0,0,6,43.3660698,-3.36779885e-06,0,-1.37234282,-7.30124044,1.15203857,-1.09332597,-0.898078561,360,2.19535065,1,0,9,9,0
3,10,2,8327376,0,1,0,0,255,0,0,0,0,0,200,50,2.5,0,0,6,43.3660622,-3.36779863e-06,0,-1.41224527,-10.0308485,1.05969238,1.15239751,0.190188512,360,13.7860107,1,0,15,15,0
3,11,3,8327452,0,0,0,0,255,0,0,0,0,0,200,50,2.5,0,0,6,43.3660622,-3.36779863e-06,0,-1.38311768,-7.79594612,1.03192139,-0.441826314,1.2985431,360,5.60942078,1,0,15,15,0
4,12,1,8327300,0,0,0,0,255,0,0,0,0,0,250,50,2.5,0,0,6,59.363018,7.75445733e-06,0,-1.37205172,-7.28848696,1.15637207,-1.0933404,-0.900826812,360,2.1986618,1,0,9,9,0
4,13,2,8327376,0,2,0,0,255,0,0,0,0,0,250,50,2.5,0,0,6,59.3630486,2.58481873e-06,0,-1.41226315,-10.0366783,1.0579834,1.15238309,0.187440231,360,13.7815781,1,0,15,15,0
4,14,3,8327452,0,1,0,0,255,0,0,0,0,0,250,50,2.5,0,0,6,59.3630142,2.58481873e-06,0,-1.38287461,-7.78420925,1.03436279,-0.441840678,1.29579484,360,5.61717224,1,0,15,15,0
5,15,1,8327300,0,0,0,0,255,0,0,0,0,0,300,50,2.5,0,0,6,76.2913284,-1.41532464e-05,0,-1.37258351,-7.31181812,1.14822388,-1.09335887,-0.904358804,360,2.19553375,1,0,9,9,0
5,16,2,8327376,0,3,0,0,255,0,0,0,0,0,300,50,2.5,0,0,6,76.2914047,-1.41532537e-05,0,-1.41228485,-10.0439692,1.05596924,1.15236461,0.183908239,360,13.7756577,1,0,15,15,0
5,17,3,8327452,0,1,0,0,255,0,0,0,0,0,300,50,2.5,0,0,6,76.2913666,-1.41532455e-05,0,-1.38310242,-7.79521227,1.03210449,-0.441859156,1.29226291,360,5.61316681,1,0,15,15,0
6,18,1,8327300,0,0,0,0,255,0,0,0,0,0,350,50,2.5,0,0,6,94.2027588,0,0,-1.37271607,-7.31764507,1.14627075,-1.09338164,-0.908720016,360,2.19594574,1,0,9,9,0
6,19,2,8327376,0,3,0,0,255,0,0,0,0,0,350,50,2.5,0,0,6,94.2028732,9.09464416e-06,0,-1.41230178,-10.0497971,1.05426025,1.15234172,0.179547027,360,13.7718887,1,0,15,15,0
6,20,3,8327452,0,1,0,0,255,0,0,0,0,0,350,50,2.5,0,0,6,94.2028198,9.09463961e-06,0,-1.38328421,-7.80401611,1.03042603,-0.441882014,1.28790164,360,5.61068726,1,0,15,15,0
7,21,1,8327300,0,0,0,0,255,0,0,0,0,0,400,50,2.5,0,0,6,113.151718,-1.12298439e-05,0,-1.37248397,-7.30744123,1.14978027,-1.09340906,-0.91395849,360,2.19963837,1,0,9,9,0
7,22,2,8327376,0,4,0,0,255,0,0,0,0,0,400,50,2.5,0,0,6,113.151833,2.24597152e-05,0,-1.41233146,-10.0603695,1.05108643,1.15231407,0.174308553,360,13.7626953,1,0,15,15,0
7,23,3,8327452,0,1,0,0,255,0,0,0,0,0,400,50,2.5,0,0,6,113.151817,-1.12298512e-05,0,-1.38385367,-7.83170986,1.0246582,-0.441909522,1.28266311,360,5.59887695,1,0,15,15,0
8,24,1,8327300,0,0,0,0,255,0,0,0,0,0,450,50,2.5,0,0,6,133.195236,0,0,-1.37274897,-7.31909513,1.1456604,-1.09344137,-0.920124888,360,2.19957733,1,0,9,9,0
8,25,2,8327376,0,5,0,0,255,0,0,0,0,0,450,50,2.5,0,0,6,133.195343,6.74437479e-06,0,-1.41236639,-10.0734825,1.04730225,1.15228117,0.16814214,360,13.7501602,1,0,15,15,0
8,26,3,8327452,0,2,0,0,255,0,0,0,0,0,450,50,2.5,0,0,6,133.195404,-2.69774955e-05,0,-1.38379347,-7.8287735,1.02526855,-0.441941977,1.27649665,360,5.60330963,1,0,15,15,0
9,27,1,8327300,0,1,0,0,255,0,0,0,0,0,500,50,2.5,0,0,6,154.393158,0,0,-1.37342072,-7.3487339,1.13525391,-1.0934788,-0.927272677,360,2.19648743,1,0,9,9,0
9,28,2,8327376,0,6,0,0,255,0,0,0,0,0,500,50,2.5,0,0,6,154.393112,4.76343666e-05,0,-1.41235113,-10.0676479,1.04898071,1.15224266,0.160994351,360,13.762085,1,0,15,15,0
9,29,3,8327452,0,2,0,0,255,0,0,0,0,0,500,50,2.5,0,0,6,154.393372,1.58781295e-05,0,-1.3840189,-7.83978128,1.02288818,-0.441979706,1.26934886,360,5.60002899,1,0,15,15,0
10,30,1,8327300,0,1,0,0,255,0,0,0,0,0,550,50,2.5,0,0,6,176.808167,2.7607648e-05,0,-1.37371743,-7.36186218,1.1305542,-1.0935216,-0.935458183,360,2.1957016,1,0,9,9,0
10,31,2,8327376,0,7,0,0,255,0,0,0,0,0,550,50,2.5,0,0,6,176.807877,1.84050932e-05,0,-1.41242909,-10.0989761,1.03985596,1.15219784,0.15280886,360,13.7249985,1,0,15,15,0
10,32,3,8327452,0,2,0,0,255,0,0,0,0,0,550,50,2.5,0,0,6,176.808411,1.84051241e-05,0,-1.3847959,-7.87794924,1.01489258,-0.442023188,1.26116335,360,5.58309937,1,0,15,15,0
11,33,1,8327300,0,1,0,0,255,0,0,0,0,0,600,50,2.5,0,0,6,200.505966,-4.21543518e-05,0,-1.37408733,-7.37828064,1.12466431,-1.09357035,-0.944740832,360,2.19451904,1,0,9,9,0
11,34,2,8327376,0,8,0,0,255,0,0,0,0,0,600,50,2.5,0,0,6,200.505112,6.32314259e-05,0,-1.41247451,-10.1196651,1.03363037,1.15214586,0.143526286,360,13.7010498,1,0,15,15,0
11,35,3,8327452,0,3,0,0,255,0,0,0,0,0,600,50,2.5,0,0,6,200.50618,0,0,-1.38516593,-7.8962512,1.01104736,-0.442072868,1.25188076,360,5.57675934,1,0,15,15,0
12,36,1,8327300,0,1,0,0,255,0,0,0,0,0,650,50,2.5,0,0,6,225.555115,-4.78043476e-05,0,-1.37398875,-7.37390327,1.1262207,-1.09362543,-0.955183148,360,2.19747162,1,0,9,9,0
12,37,2,8327376,0,9,0,0,255,0,0,0,0,0,650,50,2.5,0,0,6,225.553421,9.56082877e-05,0,-1.41247523,-10.1200275,1.03338623,1.15208566,0.133084089,360,13.7024994,1,0,15,15,0
12,38,3,8327452,0,3,0,0,255,0,0,0,0,0,650,50,2.5,0,0,6,225.555267,0,0,-1.38556457,-7.91607523,1.00671387,-0.442129254,1.24143851,360,5.56859589,1,0,15,15,0
13,39,1,8327300,0,1,0,0,255,0,0,0,0,0,700,50,2.5,0,0,6,252.027359,-5.377653e-05,0,-1.37444794,-7.39432907,1.11895752,-1.0936873,-0.966850996,360,2.19600677,1,0,9,9,0
13,40,2,8327376,0,10,0,0,255,0,0,0,0,0,700,50,2.5,0,0,6,252.024506,8.0664191e-05,0,-1.41251242,-10.138958,1.02770996,1.15201581,0.121416405,360,13.6783524,1,0,15,15,0
13,41,3,8327452,0,4,0,0,255,0,0,0,0,0,700,50,2.5,0,0,6,252.02742,0,0,-1.38606024,-7.94086075,1.00146484,-0.442193151,1.22977066,360,5.55809021,1,0,15,15,0
14,42,1,8327300,0,1,0,0,255,0,0,0,0,0,750,50,2.5,0,0,6,266.664307,-6.00880048e-05,0,-1.37489605,-7.41434002,1.11154175,-1.0937531,-0.979196489,360,2.19472504,1,0,9,9,0
14,43,2,8327376,0,10,0,0,255,0,0,0,0,0,750,50,2.5,0,0,6,266.660767,0.000120174649,0,-1.41255331,-10.1626987,1.02044678,1.15193903,0.109071143,360,13.6462326,1,0,15,15,0
14,44,3,8327452,0,4,0,0,255,0,0,0,0,0,750,50,2.5,0,0,6,266.664368,-3.00440097e-05,0,-1.38622117,-7.94894028,0.999603271,-0.442261785,1.21742523,360,5.55458832,1,0,15,15,0
15,45,1,8327300,0,1,0,0,255,0,0,0,0,0,800,50,2.5,0,0,6,282.126831,3.17888625e-05,0,-1.37570989,-7.45085382,1.09820557,-1.09382308,-0.992257833,360,2.19043732,1,0,9,9,0
15,46,2,8327376,0,11,0,0,255,0,0,0,0,0,800,50,2.5,0,0,6,282.122681,3.17884405e-05,0,-1.41258717,-10.1863346,1.01312256,1.15185392,0.0960100815,360,13.6141586,1,0,15,15,0
15,47,3,8327452,0,4,0,0,255,0,0,0,0,0,800,50,2.5,0,0,6,282.126984,-6.35777396e-05,0,-1.38681054,-7.97869205,0.992950439,-0.442335933,1.20436394,360,5.53997803,1,0,15,15,0
16,48,1,8327300,0,1,0,0,255,0,0,0,0,0,850,50,2.5,0,0,6,298.459625,-6.72642782e-05,0,-1.37584782,-7.45706654,1.09588623,-1.09389746,-1.00607526,360,2.19203949,1,0,9,9,0
16,49,2,8327376,0,12,0,0,255,0,0,0,0,0,850,50,2.5,0,0,6,298.45459,6.72632887e-05,0,-1.41263163,-10.2284966,0.99987793,1.15175939,0.0821929574,360,13.5560303,1,0,15,15,0
16,50,3,8327452,0,4,0,0,255,0,0,0,0,0,850,50,2.5,0,0,6,298.459717,3.36321573e-05,0,-1.38741696,-8.00955009,0.986022949,-0.442416131,1.19054651,360,5.52481842,1,0,15,15,0
17,51,1,8327300,0,2,0,0,255,0,0,0,0,0,900,50,2.5,0,0,6,315.709351,-0.000106737483,0,-1.37637556,-7.48090553,1.08691406,-1.09397674,-1.02069139,360,2.19043732,1,0,9,9,0
17,52,2,8327376,0,12,0,0,255,0,0,0,0,0,900,50,2.5,0,0,6,315.703217,3.55785596e-05,0,-1.41264963,-10.2568312,0.990844727,1.15165389,0.0675773323,360,13.5136261,1,0,15,15,0
17,53,3,8327452,0,5,0,0,255,0,0,0,0,0,900,50,2.5,0,0,6,315.709442,-3.55791708e-05,0,-1.38791323,-8.03500652,0.979949951,-0.442502886,1.1759305,360,5.5124588,1,0,15,15,0
18,54,1,8327300,0,2,0,0,255,0,0,0,0,0,950,50,2.5,0,0,6,333.924957,-7.52709748e-05,0,-1.376899,-7.50465536,1.07791138,-1.09406114,-1.03615081,360,2.18686676,1,0,9,9,0
18,55,2,8327376,0,13,0,0,255,0,0,0,0,0,950,50,2.5,0,0,6,333.917542,9.40868922e-05,0,-1.41265464,-10.269722,0.986633301,1.15153575,0.0521185137,360,13.4908676,1,0,15,15,0
18,56,3,8327452,0,5,0,0,255,0,0,0,0,0,950,50,2.5,0,0,6,333.924957,0,0,-1.38894069,-8.08829689,0.967285156,-0.442596912,1.1604712,360,5.48374939,1,0,15,15,0
19,57,1,8327300,0,2,0,0,255,0,0,0,0,0,1000,50,2.5,0,0,6,353.157715,-7.96139138e-05,0,-1.37757218,-7.53535938,1.06622314,-1.09415162,-1.05250061,360,2.18197632,1,0,9,9,0
19,58,2,8327376,0,14,0,0,255,0,0,0,0,0,1000,50,2.5,0,0,6,353.148834,0,0,-1.41265559,-10.3183613,0.970733643,1.15140319,0.0357694402,360,13.4191589,1,0,15,15,0
19,59,3,8327452,0,5,0,0,255,0,0,0,0,0,1000,50,2.5,0,0,6,353.157593,3.98069569e-05,0,-1.38960421,-8.12316227,0.95892334,-0.442699373,1.14412153,360,5.46435547,1,0,15,15,0
20,60,1,8327300,0,2,0,0,255,0,0,0,0,0,1050,50,2.5,0,0,6,373.461304,-4.20996803e-05,0,-1.37844849,-7.57559586,1.05053711,-1.09424865,-1.06979036,360,2.17525482,1,0,9,9,0
20,61,2,8327376,0,14,0,0,255,0,0,0,0,0,1050,50,2.5,0,0,6,373.450531,6.31479343e-05,0,-1.4126426,-10.3473263,0.96081543,1.15125382,0.018480571,360,13.3699799,1,0,15,15,0
20,62,3,8327452,0,6,0,0,255,0,0,0,0,0,1050,50,2.5,0,0,6,373.46106,0,0,-1.39030659,-8.16046143,0.949615479,-0.442811131,1.12683189,360,5.44358826,1,0,15,15,0
21,63,1,8327300,0,2,0,0,255,0,0,0,0,0,1100,50,2.5,0,0,6,394.891785,-4.45200567e-05,0,-1.37872982,-7.58858681,1.04547119,-1.09435272,-1.0880723,360,2.1738205,1,0,9,9,0
21,64,2,8327376,0,15,0,0,255,0,0,0,0,0,1100,50,2.5,0,0,6,394.879059,2.22593862e-05,0,-1.41261506,-10.3804865,0.949523926,1.15108514,0.00019976683,360,13.3146362,1,0,15,15,0
21,65,3,8327452,0,6,0,0,255,0,0,0,0,0,1100,50,2.5,0,0,6,394.891418,-4.45200276e-05,0,-1.39063501,-8.17806244,0.945373535,-0.442933232,1.10855019,360,5.43019867,1,0,15,15,0
22,66,1,8327300,0,2,0,0,255,0,0,0,0,0,1150,50,2.5,0,0,6,417.507874,-4.70747691e-05,0,-1.37978578,-7.63763857,1.02581787,-1.09446442,-1.10740125,360,2.16539764,1,0,9,9,0
22,67,2,8327376,0,16,0,0,255,0,0,0,0,0,1150,50,2.5,0,0,6,417.492798,9.41465041e-05,0,-1.41256797,-10.4174366,0.936767578,1.15089428,-0.0191278141,360,13.2509537,1,0,15,15,0
22,68,3,8327452,0,6,0,0,255,0,0,0,0,0,1150,50,2.5,0,0,6,417.507294,2.35373627e-05,0,-1.3916769,-8.23453426,0.931030273,-0.443067402,1.08922148,360,5.39672852,1,0,15,15,0
23,69,1,8327300,0,2,0,0,255,0,0,0,0,0,1200,50,2.5,0,0,6,441.370789,0,0,-1.38043296,-7.66796303,1.01367188,-1.09458447,-1.12783492,360,2.16060638,1,0,9,9,0
23,70,2,8327376,0,17,0,0,255,0,0,0,0,0,1200,50,2.5,0,0,6,441.352966,9.95380396e-05,0,-1.41253686,-10.4366255,0.929962158,1.15067744,-0.0395598337,360,13.2063217,1,0,15,15,0
23,71,3,8327452,0,7,0,0,255,0,0,0,0,0,1200,50,2.5,0,0,6,441.370026,2.48853739e-05,0,-1.39216578,-8.26139736,0.923828125,-0.443214953,1.06878805,360,5.37797546,1,0,15,15,0
24,72,1,8327300,0,3,0,0,255,0,0,0,0,0,1250,50,2.5,0,0,6,466.544525,-5.26154981e-05,0,-1.38121903,-7.70505476,0.998321533,-1.09471345,-1.14943397,360,2.15450287,1,0,9,9,0
24,73,2,8327376,0,18,0,0,255,0,0,0,0,0,1250,50,2.5,0,0,6,466.523438,0.000184146804,0,-1.41241241,-10.4954758,0.908874512,1.15043032,-0.0611568987,360,13.1063843,1,0,15,15,0
24,74,3,8327452,0,7,0,0,255,0,0,0,0,0,1250,50,2.5,0,0,6,466.543518,-5.26154072e-05,0,-1.39329517,-8.32441044,0.906921387,-0.443377584,1.04718924,360,5.33756256,1,0,15,15,0
25,75,1,8327300,0,3,0,0,255,0,0,0,0,0,1300,50,2.5,0,0,6,493.095581,0,0,-1.38159716,-7.72300529,0.990966797,-1.09485221,-1.17226219,360,2.14903259,1,0,9,9,0
25,76,2,8327376,0,19,0,0,255,0,0,0,0,0,1300,50,2.5,0,0,6,493.070953,0.000111227855,0,-1.41230309,-10.5352287,0.894226074,1.1501478,-0.0839826837,360,13.0263901,1,0,15,15,0
25,77,3,8327452,0,7,0,0,255,0,0,0,0,0,1300,50,2.5,0,0,6,493.094391,-5.56163213e-05,0,-1.39408207,-8.36913395,0.894714355,-0.44355768,1.02436137,360,5.3058548,1,0,15,15,0
26,78,1,8327300,0,3,0,0,255,0,0,0,0,0,1350,50,2.5,0,0,6,521.093445,-5.87815739e-05,0,-1.38235545,-7.75922966,0.975708008,-1.09500277,-1.19638658,360,2.13977051,1,0,9,9,0
26,79,2,8327376,0,20,0,0,255,0,0,0,0,0,1350,50,2.5,0,0,6,521.064758,0.000235114552,0,-1.41216087,-10.5784941,0.877960205,1.14982367,-0.108104065,360,12.9367447,1,0,15,15,0
26,80,3,8327452,0,8,0,0,255,0,0,0,0,0,1350,50,2.5,0,0,6,521.09198,2.9390716e-05,0,-1.39469397,-8.4044323,0.884857178,-0.443757296,1.00023735,360,5.27832031,1,0,15,15,0
27,81,1,8327300,0,3,0,0,255,0,0,0,0,0,1400,50,2.5,0,0,6,550.610291,0,0,-1.3835777,-7.81826925,0.950317383,-1.09516633,-1.22187746,360,2.12569427,1,0,9,9,0
27,82,2,8327376,0,21,0,0,255,0,0,0,0,0,1400,50,2.5,0,0,6,550.575928,0.000248463039,0,-1.4119916,-10.6223106,0.86138916,1.14945078,-0.13359116,360,12.8407745,1,0,15,15,0
27,83,3,8327452,0,8,0,0,255,0,0,0,0,0,1400,50,2.5,0,0,6,550.608459,0,0,-1.39560735,-8.45800591,0.869506836,-0.443979084,0.974746943,360,5.23737335,1,0,15,15,0
28,84,1,8327300,0,3,0,0,255,0,0,0,0,0,1450,50,2.5,0,0,6,581.721069,-6.56378616e-05,0,-1.384076,-7.84257555,0.939788818,-1.09534407,-1.24880862,360,2.11837006,1,0,9,9,0
28,85,2,8327376,0,22,0,0,255,0,0,0,0,0,1450,50,2.5,0,0,6,581.676453,0.000229718178,0,-1.4118582,-10.6529474,0.84942627,1.14902079,-0.160517395,360,12.7554703,1,0,15,15,0
28,86,3,8327452,0,9,0,0,255,0,0,0,0,0,1450,50,2.5,0,0,6,581.718933,0,0,-1.39681435,-8.53055573,0.848144531,-0.444226444,0.947816432,360,5.18596649,1,0,15,15,0
29,87,1,8327300,0,3,0,0,255,0,0,0,0,0,1500,50,2.5,0,0,6,614.503784,-6.93465554e-05,0,-1.38534129,-7.90496445,0.912078857,-1.0955373,-1.27725744,360,2.10306549,1,0,9,9,0
29,88,2,8327376,0,23,0,0,255,0,0,0,0,0,1500,50,2.5,0,0,6,614.443115,0.000381376798,0,-1.41159606,-10.7061577,0.828308105,1.14852357,-0.188959718,360,12.6344681,1,0,15,15,0
29,89,3,8327452,0,9,0,0,255,0,0,0,0,0,1500,50,2.5,0,0,6,614.501282,0,0,-1.39742672,-8.56821823,0.836639404,-0.444503248,0.919368386,360,5.14723969,1,0,15,15,0
30,90,1,8327300,0,4,0,0,255,0,0,0,0,0,1550,50,2.5,0,0,6,649.039062,0,0,-1.3859998,-7.93782663,0.897399902,-1.09574759,-1.3073051,360,2.09347534,1,0,9,9,0
30,91,2,8327376,0,24,0,0,255,0,0,0,0,0,1550,50,2.5,0,0,6,648.955994,0.000256365631,0,-1.41129518,-10.7593985,1.4453125,1.14794707,-0.218998685,360,12.5059967,1,0,15,15,0
30,92,3,8327452,0,9,0,0,255,0,0,0,0,0,1550,50,2.5,0,0,6,649.036377,-7.32542612e-05,0,-1.39838195,-8.62819099,1.31726074,-0.444813788,0.889321744,360,5.09599304,1,0,15,15,0
31,93,1,8327300,0,4,0,0,255,0,0,0,0,0,1600,50,2.5,0,0,6,685.410461,0,0,-1.38688755,-7.98259258,0.876708984,-1.09597683,-1.33903646,360,2.07679749,1,0,9,9,0
31,94,2,8327376,0,25,0,0,255,0,0,0,0,0,1600,50,2.5,0,0,6,685.298157,0.000232084742,0,-1.41083431,-10.8301182,1.43292236,1.14727926,-0.250718683,360,12.3471375,1,0,15,15,0
31,95,3,8327452,0,10,0,0,255,0,0,0,0,0,1600,50,2.5,0,0,6,685.407593,0.000116056748,0,-1.39942122,-8.69531822,1.31112671,-0.445162147,0.857591569,360,5.03979492,1,0,15,15,0
32,96,1,8327300,0,4,0,0,255,0,0,0,0,0,1650,50,2.5,0,0,6,722.807861,0,0,-1.38797641,-8.03825569,0.850769043,-1.09622848,-1.37249911,360,2.05723572,1,0,9,9,0
32,97,2,8327376,0,26,0,0,255,0,0,0,0,0,1650,50,2.5,0,0,6,722.660706,0.000245081726,0,-1.41054165,-10.8702049,1.42565918,1.14651585,-0.284166753,360,12.2185593,1,0,15,15,0
32,98,3,8327452,0,10,0,0,255,0,0,0,0,0,1650,50,2.5,0,0,6,722.804932,0.000245120842,0,-1.40047538,-8.76566124,1.30413818,-0.445553422,0.824130416,360,4.97592163,1,0,15,15,0
33,99,1,8327300,0,4,0,0,255,0,0,0,0,0,1700,50,2.5,0,0,6,760.187073,4.30827058e-05,0,-1.38897502,-8.09009171,0.825866699,-1.09650409,-1.40769219,360,2.03784943,1,0,9,9,0
33,100,2,8327376,0,27,0,0,255,0,0,0,0,0,1700,50,2.5,0,0,6,759.999084,0.000559961132,0,-1.41001606,-10.9354477,1.41320801,1.14564872,-0.319341481,360,12.0486755,1,0,15,15,0
33,101,3,8327452,0,11,0,0,255,0,0,0,0,0,1700,50,2.5,0,0,6,760.18457,0.000172330125,0,-1.40145826,-8.83355713,1.29669189,-0.445991486,0.788939118,360,4.91156006,1,0,15,15,0
34,102,1,8327300,0,4,0,0,255,0,0,0,0,0,1750,50,2.5,0,0,6,797.536621,4.53106804e-05,0,-1.39038444,-8.16462803,0.789489746,-1.09680545,-1.44461429,360,2.01296234,1,0,9,9,0
34,103,2,8327376,0,28,0,0,255,0,0,0,0,0,1750,50,2.5,0,0,6,797.301392,0.000815390551,0,-1.40927875,-11.0162029,1.39678955,1.14466822,-0.356240839,360,11.8493195,1,0,15,15,0
34,104,3,8327452,0,11,0,0,255,0,0,0,0,0,1750,50,2.5,0,0,6,797.535095,0.000226552656,0,-1.4024961,-8.90803528,1.28771973,-0.446481735,0.752019167,360,4.83705139,1,0,15,15,0
35,105,1,8327300,0,4,0,0,255,0,0,0,0,0,1800,50,2.5,0,0,6,834.845032,0,0,-1.39120305,-8.20872593,0.76751709,-1.09713423,-1.48326349,360,1.99385834,1,0,9,9,0
35,106,2,8327376,0,29,0,0,255,0,0,0,0,0,1800,50,2.5,0,0,6,834.555664,0.00133064028,0,-1.40880632,-11.0630512,1.38677979,1.14356327,-0.394862175,360,11.6826019,1,0,15,15,0
35,107,3,8327452,0,11,0,0,255,0,0,0,0,0,1800,50,2.5,0,0,6,834.84491,0.000427831168,0,-1.40351772,-8.98455143,1.27783203,-0.44702813,0.713372469,360,4.75946808,1,0,15,15,0
36,108,1,8327300,0,5,0,0,255,0,0,0,0,0,1850,50,2.5,0,0,6,872.100708,4.97606416e-05,0,-1.39259303,-8.28507328,0.728515625,-1.09749222,-1.52363729,360,1.96708679,1,0,9,9,0
36,109,2,8327376,0,30,0,0,255,0,0,0,0,0,1850,50,2.5,0,0,6,871.750183,0.00233793957,0,-1.4080261,-11.1340828,1.37097168,1.14232135,-0.435202181,360,11.4742889,1,0,15,15,0
36,110,3,8327452,0,12,0,0,255,0,0,0,0,0,1850,50,2.5,0,0,6,872.102722,0.00049760635,0,-1.40482926,-9.0884304,1.26318359,-0.447633833,0.673001587,360,4.66611481,1,0,15,15,0
37,111,1,8327300,0,5,0,0,255,0,0,0,0,0,1900,50,2.5,0,0,6,909.292664,5.19812529e-05,0,-1.39346552,-8.33403015,0.702911377,-1.09788179,-1.56573272,360,1.9397049,1,0,9,9,0
37,112,2,8327376,0,30,0,0,255,0,0,0,0,0,1900,50,2.5,0,0,6,908.873291,0.00384506653,0,-1.40718412,-11.2038021,1.35461426,1.14092875,-0.477256924,360,11.2561646,1,0,15,15,0
37,113,3,8327452,0,12,0,0,255,0,0,0,0,0,1900,50,2.5,0,0,6,909.293152,0.000779720605,0,-1.4055655,-9.15006161,1.25372314,-0.44830358,0.630909681,360,4.58596039,1,0,15,15,0
38,114,1,8327300,0,5,0,0,255,0,0,0,0,0,1950,50,2.5,0,0,6,946.409241,0.000108396132,0,-1.39463687,-8.40112305,0.667175293,-1.09830689,-1.6095463,360,1.90731812,1,0,9,9,0
38,115,2,8327376,0,31,0,0,255,0,0,0,0,0,1950,50,2.5,0,0,6,945.917053,0.00622990308,0,-1.40599537,-11.2929039,1.33251953,1.13937235,-0.521022081,360,11.0075378,1,0,15,15,0
38,116,3,8327452,0,12,0,0,255,0,0,0,0,0,1950,50,2.5,0,0,6,946.406372,0.00124655617,0,-1.40673852,-9.2544136,1.23651123,-0.449044675,0.587100506,360,4.48200989,1,0,15,15,0
39,117,1,8327300,0,6,0,0,255,0,0,0,0,0,2000,50,2.5,0,0,6,983.43927,0.000169231163,0,-1.38100398,-7.69487953,0.630981445,-1.09877026,-1.65507388,360,2.05310822,1,0,8,8,0
39,118,2,8327376,0,31,0,0,255,0,0,0,0,0,2000,50,2.5,0,0,6,982.866272,0.00947201625,0,-1.40513384,-11.3521309,1.31710815,1.13763618,-0.566492319,360,10.7842255,1,0,15,15,0
39,119,3,8327452,0,12,0,0,255,0,0,0,0,0,2000,50,2.5,0,0,6,983.431091,0.00174871669,0,-1.40767837,-9.34486485,1.22052002,-0.449862421,0.541578293,360,4.38251495,1,0,15,15,0
40,120,1,8327300,0,6,0,0,255,0,0,0,0,0,2050,50,2.5,0,0,6,1020.37225,0.000175852649,0,-1.38289404,-7.7851429,0.579956055,-1.09927464,-1.70231104,360,2.00827789,1,0,8,8,0
40,121,2,8327376,0,32,0,0,255,0,0,0,0,0,2050,50,2.5,0,0,6,1019.71332,0.013942848,0,-1.40392637,-11.4291401,1.29614258,1.13570523,-0.613662064,360,10.5320129,1,0,15,15,0
40,122,3,8327452,0,13,0,0,255,0,0,0,0,0,2050,50,2.5,0,0,6,1020.35608,0.00240329956,0,-1.40840983,-9.4207201,1.20614624,-0.450762421,0.494347811,360,4.28775787,1,0,15,15,0
41,123,1,8327300,0,6,0,0,255,0,0,0,0,0,2100,50,2.5,0,0,6,1057.19653,0.000304094632,0,-1.38433754,-7.85538864,1.41531372,-1.09982312,-1.75125265,360,1.96699524,1,0,8,8,0
41,124,2,8327376,0,32,0,0,255,0,0,0,0,0,2100,50,2.5,0,0,6,1056.4436,0.0193887092,0,-1.40256226,-11.509306,1.27304077,1.13356137,-0.66252476,360,10.2625275,1,0,15,15,0
41,125,3,8327452,0,13,0,0,255,0,0,0,0,0,2100,50,2.5,0,0,6,1057.16687,0.0032233519,0,-1.40925646,-9.51641655,1.18676758,-0.45175299,0.445414543,360,4.17375946,1,0,15,15,0
42,126,1,8327300,0,6,0,0,255,0,0,0,0,0,2150,50,2.5,0,0,6,1093.90125,0.000504110591,0,-1.38587761,-7.93170786,1.39038086,-1.10041833,-1.80189312,360,1.92288971,1,0,8,8,0
42,127,2,8327376,0,32,0,0,255,0,0,0,0,0,2150,50,2.5,0,0,6,1093.05029,0.0265099257,0,-1.40097654,-11.5951872,1.24700928,1.13118756,-0.713073432,360,9.97894287,1,0,15,15,0
42,128,3,8327452,0,13,0,0,255,0,0,0,0,0,2150,50,2.5,0,0,6,1093.85632,0.00441084383,0,-1.41016841,-9.63278866,1.16146851,-0.452841192,0.394784361,360,4.04650116,1,0,15,15,0
43,129,1,8327300,0,6,0,0,255,0,0,0,0,0,2200,50,2.5,0,0,6,1130.47559,0.000847620715,0,-1.38700294,-7.98845291,1.37121582,-1.10106194,-1.85422635,360,1.88230896,1,0,8,8,0
43,130,2,8327376,0,32,0,0,255,0,0,0,0,0,2200,50,2.5,0,0,6,1129.52246,0.0349208675,0,-1.39904416,-11.6913567,1.21636963,1.12856627,-0.765300572,360,9.67540741,1,0,15,15,0
43,131,3,8327452,0,13,0,0,255,0,0,0,0,0,2200,50,2.5,0,0,6,1130.4093,0.00573750492,0,-1.41071999,-9.71309853,1.14282227,-0.45403415,0.342463821,360,3.9342804,1,0,15,15,0
44,132,1,8327300,0,6,0,0,255,0,0,0,0,0,2250,50,2.5,0,0,6,1166.90869,0.00148239511,0,-1.38890266,-8.08630562,1.33706665,-1.10175443,-1.90824592,360,1.83000946,1,0,8,8,0
44,133,2,8327376,0,32,0,0,255,0,0,0,0,0,2250,50,2.5,0,0,6,1165.84888,0.0447709821,0,-1.39714217,-11.7786827,1.18688965,1.12567925,-0.819197834,360,9.37586212,1,0,15,15,0
44,134,3,8327452,0,13,0,0,255,0,0,0,0,0,2250,50,2.5,0,0,6,1166.81982,0.00754629634,0,-1.41141617,-9.83201981,1.11346436,-0.455339342,0.288459778,360,3.79968262,1,0,15,15,0
45,135,1,8327300,0,6,0,0,255,0,0,0,0,0,2300,50,2.5,0,0,6,1203.19067,0.00194748899,0,-1.3904016,-8.16554642,1.3081665,-1.10249698,-1.96394467,360,1.78096008,1,0,8,8,0
45,136,2,8327376,0,32,0,0,255,0,0,0,0,0,2300,50,2.5,0,0,6,1202.01892,0.0561479256,0,-1.39549661,-11.8493824,1.16192627,1.12250793,-0.874756396,360,9.08994293,1,0,15,15,0
45,137,3,8327452,0,13,0,0,255,0,0,0,0,0,2300,50,2.5,0,0,6,1203.07715,0.00952805951,0,-1.41185737,-9.92500591,1.08908081,-0.45676446,0.232779637,360,3.6749649,1,0,15,15,0
46,138,1,8327300,0,6,0,0,255,0,0,0,0,0,2350,50,2.5,0,0,6,1239.31079,0.00265348284,0,-1.39188838,-8.24613094,1.25323486,-1.103302,-2.02131486,360,1.73001099,1,0,8,8,0
46,139,2,8327376,0,32,0,0,255,0,0,0,0,0,2350,50,2.5,0,0,6,1238.02185,0.0688517168,0,-1.39283848,-11.9557371,1.12261963,1.11903322,-0.931966662,360,8.75187683,1,0,15,15,0
46,140,3,8327452,0,13,0,0,255,0,0,0,0,0,2350,50,2.5,0,0,6,1239.1709,0.0116168559,0,-1.41230178,-10.0497971,1.05426025,-0.458317369,0.175431281,360,3.53108978,1,0,15,15,0
47,141,1,8327300,0,6,0,0,255,0,0,0,0,0,2400,50,2.5,0,0,6,1275.25891,0.0033240905,0,-1.39329195,-8.32422447,1.14846802,-1.10417318,-2.08034873,360,1.67810822,1,0,8,8,0
47,142,2,8327376,0,32,0,0,255,0,0,0,0,0,2400,50,2.5,0,0,6,1273.84741,0.0830158368,0,-1.39038658,-12.0466709,1.08709717,1.11523545,-0.990818381,360,8.42567444,1,0,15,15,0
47,143,3,8327452,0,13,0,0,255,0,0,0,0,0,2400,50,2.5,0,0,6,1275.09106,0.0138857439,0,-1.41251242,-10.138958,1.02770996,-0.460006148,0.1164231,360,3.40183258,1,0,15,15,0
48,144,1,8327300,0,6,0,0,255,0,0,0,0,0,2450,50,2.5,0,0,6,1311.02527,0.00380056771,0,-1.39465678,-8.40226936,1.02020264,-1.10511422,-2.14103746,360,1.62458801,1,0,8,8,0
48,145,2,8327376,0,31,0,0,255,0,0,0,0,0,2450,50,2.5,0,0,6,1309.48499,0.0987813175,0,-1.38781142,-12.1360273,1.05053711,1.11109447,-1.05130064,360,8.09382629,1,0,15,15,0
48,146,3,8327452,0,12,0,0,255,0,0,0,0,0,2450,50,2.5,0,0,6,1310.82776,0.0163402911,0,-1.41264677,-10.2510281,0.992706299,-0.46183905,0.0557639785,360,3.25772095,1,0,15,15,0
49,147,1,8327300,0,6,0,0,255,0,0,0,0,0,2500,50,2.5,0,0,6,1346.60022,0.00437601889,0,-1.39636874,-8.50353241,0.856567383,-1.10612881,-2.20337224,360,1.56316376,1,0,8,8,0
49,148,2,8327376,0,31,0,0,255,0,0,0,0,0,2500,50,2.5,0,0,6,1344.92969,0.115750208,0,-1.38490427,-12.2305098,1.00994873,1.10659242,-1.11340237,360,7.75637817,1,0,15,15,0
49,149,3,8327452,0,14,0,0,255,0,0,0,0,0,2500,50,2.5,0,0,6,1346.37524,0.0190640669,0,-1.4100306,-9.61406708,0.949523926,-0.463821918,-0.00653696805,360,3.50896454,1,0,14,14,0
50,150,1,8327300,0,6,0,0,255,0,0,0,0,0,2550,50,2.5,0,0,6,1381.97437,0.00489608152,0,-1.39754462,-8.57553387,0.742248535,-1.10722089,-2.26734376,360,1.5078125,1,0,8,8,0
50,151,2,8327376,0,30,0,0,255,0,0,0,0,0,2550,50,2.5,0,0,6,1380.16687,0.133072332,0,-1.38240302,-12.3071537,0.975708008,1.10170984,-1.17711139,360,7.43371582,1,0,15,15,0
50,152,3,8327452,0,13,0,0,255,0,0,0,0,0,2550,50,2.5,0,0,6,1381.71191,0.0217478089,0,-1.4108305,-9.73045063,0.908874512,-0.46596694,-0.0704694539,360,3.34763336,1,0,14,14,0
51,153,1,8327300,0,6,0,0,255,0,0,0,0,0,2600,50,2.5,0,0,6,1417.13818,0.00584841846,0,-1.39923,-8.68280792,0.57434082,-1.10839438,-2.33294201,360,1.44104004,1,0,8,8,0
51,154,2,8327376,0,30,0,0,255,0,0,0,0,0,2600,50,2.5,0,0,6,1415.1925,0.15111962,0,-1.37835383,-12.4234905,0.921020508,1.09642959,-1.24241543,360,7.06239319,1,0,15,15,0
51,155,3,8327452,0,13,0,0,255,0,0,0,0,0,2600,50,2.5,0,0,6,1416.84094,0.0255304985,0,-1.41150975,-9.85019493,0.864624023,-0.468282282,-0.136023343,360,3.18990326,1,0,14,14,0
52,156,1,8327300,0,6,0,0,255,0,0,0,0,0,2650,50,2.5,0,0,6,1452.08289,0.00650403742,0,-1.4003588,-8.75776291,0.458831787,-1.10965347,-2.40015674,360,1.38124847,1,0,8,8,0
52,157,2,8327376,0,29,0,0,255,0,0,0,0,0,2650,50,2.5,0,0,6,1449.99268,0.168704093,0,-1.37492275,-12.5156612,0.875396729,1.09073293,-1.30930138,360,6.71382141,1,0,15,15,0
52,158,3,8327452,0,13,0,0,255,0,0,0,0,0,2650,50,2.5,0,0,6,1451.74817,0.0295576062,0,-1.41204929,-9.97320557,0.816711426,-0.470776826,-0.203187853,360,3.02694702,1,0,14,14,0
53,159,1,8327300,0,5,0,0,255,0,0,0,0,0,2700,50,2.5,0,0,6,1486.79956,0.00735682528,0,-1.40168548,-8.84960747,0.319091797,-1.11100233,-2.46897721,360,1.31484985,1,0,8,8,0
53,160,2,8327376,0,28,0,0,255,0,0,0,0,0,2700,50,2.5,0,0,6,1484.56384,0.187372208,0,-1.37164247,-12.5990601,0.832366943,1.08460319,-1.37775588,360,6.37802124,1,0,15,15,0
53,161,3,8327452,0,12,0,0,255,0,0,0,0,0,2700,50,2.5,0,0,6,1486.42578,0.0333144106,0,-1.41237772,-10.0778627,1.431427,-0.473459572,-0.271951765,360,2.87033844,1,0,14,14,0
54,162,1,8327300,0,6,0,0,255,0,0,0,0,0,2750,50,2.5,0,0,6,1521.27844,0.00833029486,0,-1.39082766,-8.18842983,0.149993896,-1.11244237,-2.53939247,360,1.47995758,1,0,7,7,0
54,163,2,8327376,0,27,0,0,255,0,0,0,0,0,2750,50,2.5,0,0,6,1518.89746,0.205201119,0,-1.36689138,-12.7127934,0.770721436,1.0780251,-1.44776535,360,6.0092926,1,0,15,15,0
54,164,3,8327452,0,12,0,0,255,0,0,0,0,0,2750,50,2.5,0,0,6,1520.86914,0.0374769047,0,-1.41262364,-10.2190599,1.40490723,-0.476337016,-0.342303723,360,2.70168304,1,0,14,14,0
55,165,1,8327300,0,6,0,0,255,0,0,0,0,0,2800,50,2.5,0,0,6,1555.51282,0.00852347445,0,-1.39223552,-8.26525497,0.0361328125,-1.11397839,-2.61139107,360,1.41898346,1,0,7,7,0
55,166,2,8327376,0,26,0,0,255,0,0,0,0,0,2800,50,2.5,0,0,6,1552.98596,0.21999602,0,-1.36328554,-12.7942495,0.724700928,1.07098579,-1.51931572,360,5.68948364,1,0,15,15,0
55,167,3,8327452,0,11,0,0,255,0,0,0,0,0,2800,50,2.5,0,0,6,1555.0658,0.040430285,0,-1.41265309,-10.3263035,1.38262939,-0.479415864,-0.414231807,360,2.55049133,1,0,14,14,0
56,168,1,8327300,0,6,0,0,255,0,0,0,0,0,2850,50,2.5,0,0,6,1589.49402,0.00917886291,0,-1.39397919,-8.36325264,0.107254028,-1.11561453,-2.68496108,360,1.35070038,1,0,7,7,0
56,169,2,8327376,0,25,0,0,255,0,0,0,0,0,2850,50,2.5,0,0,6,1586.82361,0.22983934,0,-1.35785031,-12.9101715,0.655822754,1.06347513,-1.59239304,360,5.33391571,1,0,15,15,0
56,170,3,8327452,0,11,0,0,255,0,0,0,0,0,2850,50,2.5,0,0,6,1589.01294,0.0426370054,0,-1.4125123,-10.4500961,1.35461426,-0.482699841,-0.487724036,360,2.39897156,1,0,14,14,0
57,171,1,8327300,0,6,0,0,255,0,0,0,0,0,2900,50,2.5,0,0,6,1623.21399,0.0100425696,0,-1.39590478,-8.47569084,0.269851685,-1.11735463,-2.76009011,360,1.27700043,1,0,7,7,0
57,172,2,8327376,0,24,0,0,255,0,0,0,0,0,2900,50,2.5,0,0,6,1620.40344,0.236076817,0,-1.35286403,-13.0101948,0.59362793,1.05548537,-1.66698313,360,5.00630951,1,0,15,15,0
57,173,3,8327452,0,10,0,0,255,0,0,0,0,0,2900,50,2.5,0,0,6,1622.69873,0.0436624847,0,-1.4121058,-10.5934744,1.31903076,-0.486193001,-0.562767863,360,2.23579407,1,0,14,14,0
58,174,1,8327300,0,6,0,0,255,0,0,0,0,0,2950,50,2.5,0,0,6,1656.66528,0.0108361226,0,-1.39723778,-8.55652905,0.385406494,-1.11920238,-2.83676577,360,1.21256256,1,0,7,7,0
58,175,2,8327376,0,23,0,0,255,0,0,0,0,0,2950,50,2.5,0,0,6,1653.71985,0.238271669,0,-1.34833741,-13.0964108,1.41436768,1.0470109,-1.74307191,360,4.70406342,1,0,15,15,0
58,176,3,8327452,0,12,0,0,255,0,0,0,0,0,2950,50,2.5,0,0,6,1656.12048,0.0442979336,0,-1.41201138,-9.96315575,1.2835083,-0.489896715,-0.639350772,360,2.51455688,1,0,13,13,0
59,177,1,8327300,0,5,0,0,255,0,0,0,0,0,3000,50,2.5,0,0,6,1689.84094,0.011553159,0,-1.39911044,-8.67502403,0.55329895,-1.1211611,-2.91497517,360,1.13500977,1,0,7,7,0
59,178,2,8327376,0,22,0,0,255,0,0,0,0,0,3000,50,2.5,0,0,6,1686.76648,0.23745364,0,-1.34280002,-13.1966343,1.37695312,1.03804791,-1.82064497,360,4.39154053,1,0,15,15,0
59,179,3,8327452,0,11,0,0,255,0,0,0,0,0,3000,50,2.5,0,0,6,1689.25818,0.0435322002,0,-1.41242278,-10.096242,1.24511719,-0.493818671,-0.717458963,360,2.34588623,1,0,13,13,0
60,180,1,8327300,0,5,0,0,255,0,0,0,0,0,3050,50,2.5,0,0,6,1722.73694,0.0120866839,0,-1.40062308,-8.77571487,0.694473267,-1.12323129,-2.9947052,360,1.07176208,1,0,7,7,0
60,181,2,8327376,0,25,0,0,255,0,0,0,0,0,3050,50,2.5,0,0,6,1719.53748,0.23415561,0,-1.3711859,-12.6103382,1.33605957,1.02859426,-1.89968801,360,4.98977661,1,0,14,14,0
60,182,3,8327452,0,11,0,0,255,0,0,0,0,0,3050,50,2.5,0,0,6,1722.11853,0.0455108099,0,-1.41262949,-10.2258406,1.20495605,-0.497963101,-0.797079027,360,2.18772125,1,0,13,13,0
61,183,1,8327300,0,5,0,0,255,0,0,0,0,0,3100,50,2.5,0,0,6,1755.34424,0.0122192921,0,-1.40202403,-8.87377167,0.831008911,-1.12541366,-3.07594228,360,1.00837708,1,0,7,7,0
61,184,2,8327376,0,24,0,0,255,0,0,0,0,0,3100,50,2.5,0,0,6,1752.00732,0.228353113,0,-1.36594403,-12.7345781,1.27191162,1.01863861,-1.98018444,360,4.62428284,1,0,14,14,0
61,185,3,8327452,0,10,0,0,255,0,0,0,0,0,3100,50,2.5,0,0,6,1754.68909,0.047114633,0,-1.41264582,-10.3417702,1.16650391,-0.502334356,-0.878197074,360,2.03635406,1,0,13,13,0
62,186,1,8327300,0,0,0,0,255,0,0,0,0,0,3150,50,2.5,0,0,6,1787.6571,0.0118228141,0,-1.40347898,-8.98158646,0.980041504,-1.12770903,-3.15867281,360,0.940658569,1,0,7,7,0
62,187,2,8327376,0,23,0,0,255,0,0,0,0,0,3150,50,2.5,0,0,6,1784.19055,0.232769504,0,-1.36197948,-12.8228207,1.14846802,1.00817204,-2.06211829,360,4.31484985,1,0,14,14,0
62,188,3,8327452,0,10,0,0,255,0,0,0,0,0,3150,50,2.5,0,0,6,1786.96912,0.0480057187,0,-1.41245794,-10.4762096,1.11895752,-0.506933808,-0.960799336,360,1.88259125,1,0,13,13,0
63,189,1,8327300,0,0,0,0,255,0,0,0,0,0,3200,50,2.5,0,0,6,1819.66321,0.0117207933,0,-1.40476608,-9.08326626,1.11993408,-1.13012481,-3.24288225,360,0.861686707,1,0,7,7,0
63,190,2,8327376,0,21,0,0,255,0,0,0,0,0,3200,50,2.5,0,0,6,1816.07629,0.238534182,0,-1.35654914,-12.9368219,0.940124512,0.997188687,-2.14547348,360,3.97797394,1,0,14,14,0
63,191,3,8327452,0,9,0,0,255,0,0,0,0,0,3200,50,2.5,0,0,6,1818.94788,0.0477172248,0,-1.41197133,-10.6271448,1.06170654,-0.511763275,-1.04487145,360,1.71792603,1,0,13,13,0
64,192,1,8327300,0,0,0,0,255,0,0,0,0,0,3250,50,2.5,0,0,6,1851.36145,0.0138829285,0,-1.40580463,-9.17067528,1.23956299,-1.1326561,-3.32855654,360,0.790359497,1,0,7,7,0
64,193,2,8327376,0,20,0,0,255,0,0,0,0,0,3250,50,2.5,0,0,6,1847.66516,0.240090922,0,-1.35225034,-13.0221252,0.786499023,0.985687971,-2.2302351,360,3.69684601,1,0,14,14,0
64,194,3,8327452,0,8,0,0,255,0,0,0,0,0,3250,50,2.5,0,0,6,1850.625,0.0469448827,0,-1.41140509,-10.7407436,1.01580811,-0.51682204,-1.13039923,360,1.58320618,1,0,13,13,0
65,195,1,8327300,0,0,0,0,255,0,0,0,0,0,3300,50,2.5,0,0,6,1882.7478,0.0147868656,0,-1.40694356,-9.2735672,1.37989807,-1.13529599,-3.41568136,360,0.716278076,1,0,7,7,0
65,196,2,8327376,0,19,0,0,255,0,0,0,0,0,3300,50,2.5,0,0,6,1878.94824,0.234906062,0,-1.34616303,-13.1364155,0.583465576,0.973671138,-2.31638765,360,3.38349152,1,0,14,14,0
65,197,3,8327452,0,10,0,0,255,0,0,0,0,0,3300,50,2.5,0,0,6,1881.99463,0.0455563143,0,-1.41250288,-10.1339025,0.950317383,-0.522107005,-1.21736836,360,1.89135742,1,0,12,12,0
66,198,1,8327300,0,0,0,0,255,0,0,0,0,0,3350,50,2.5,0,0,6,1913.81763,0.015598651,0,-1.40804362,-9.3820591,1.52755737,-1.13803351,-3.50424218,360,0.642532349,1,0,7,7,0
66,199,2,8327376,0,17,0,0,255,0,0,0,0,0,3350,50,2.5,0,0,6,1909.92249,0.226339966,0,-1.34152222,-13.2190075,0.438537598,0.96114099,-2.40391588,360,3.12051392,1,0,14,14,0
66,200,3,8327452,0,9,0,0,255,0,0,0,0,0,3350,50,2.5,0,0,6,1913.0387,0.0424023867,0,-1.41265559,-10.2726727,0.887756348,-0.527622283,-1.30576336,360,1.73015594,1,0,12,12,0
67,201,1,8327300,0,0,0,0,255,0,0,0,0,0,3400,50,2.5,0,0,6,1944.56604,0.0169967897,0,-1.409042,-9.49123955,1.67588806,-1.14085639,-3.59422469,360,0.570671082,1,0,7,7,0
67,202,2,8327376,0,16,0,0,255,0,0,0,0,0,3400,50,2.5,0,0,6,1940.58801,0.216068804,0,-1.33480334,-13.3324699,0.241455078,0.948104441,-2.49280548,360,2.83184052,1,0,14,14,0
67,203,3,8327452,0,9,0,0,255,0,0,0,0,0,3400,50,2.5,0,0,6,1943.76672,0.0421896167,0,-1.41257489,-10.4127827,0.820983887,-0.533369064,-1.39556921,360,1.57632446,1,0,12,12,0
68,204,1,8327300,0,0,0,0,255,0,0,0,0,0,3450,50,2.5,0,0,6,1974.98877,0.0191243533,0,-1.40157771,-8.84197807,1.84371948,-1.14380574,-3.6856122,360,0.786018372,1,0,6,6,0
68,205,2,8327376,0,15,0,0,255,0,0,0,0,0,3450,50,2.5,0,0,6,1970.93579,0.201956436,0,-1.32846928,-13.4335518,0.0676269531,0.934569538,-2.58304167,360,2.56707001,1,0,14,14,0
68,206,3,8327452,0,8,0,0,255,0,0,0,0,0,3450,50,2.5,0,0,6,1974.16797,0.0422879979,0,-1.412256,-10.5503883,0.751464844,-0.539348662,-1.48677039,360,1.4226532,1,0,12,12,0
69,207,1,8327300,0,0,0,0,255,0,0,0,0,0,3500,50,2.5,0,0,6,2005.07764,0.0210716128,0,-1.40287113,-8.93572903,1.97042847,-1.14684451,-3.77839065,360,0.726303101,1,0,6,6,0
69,208,2,8327376,0,14,0,0,255,0,0,0,0,0,3500,50,2.5,0,0,6,2000.96338,0.186435878,0,-1.32314563,-13.5145874,0.0708007812,0.920544982,-2.6746099,360,2.33700562,1,0,14,14,0
69,209,3,8327452,0,7,0,0,255,0,0,0,0,0,3500,50,2.5,0,0,6,2004.24365,0.0417727008,0,-1.41179192,-10.6671371,0.689422607,-0.545559704,-1.57935166,360,1.29004669,1,0,12,12,0
70,210,1,8327300,0,0,0,0,255,0,0,0,0,0,3550,50,2.5,0,0,6,2034.80481,0.0203170292,0,-1.40451062,-9.06254673,2.14225769,-1.15001416,-3.87254167,360,0.65436554,1,0,6,6,0
70,211,2,8327376,0,18,0,0,255,0,0,0,0,0,3550,50,2.5,0,0,6,2030.66638,0.171147734,0,-1.35548699,-12.9582787,0.269851685,0.906040251,-2.76749539,360,3.02150726,1,0,13,13,0
70,212,3,8327452,0,6,0,0,255,0,0,0,0,0,3550,50,2.5,0,0,6,2033.98914,0.0403782353,0,-1.41087294,-10.8245869,0.601165771,-0.551998138,-1.67329776,360,1.14001465,1,0,12,12,0
71,213,1,8327300,0,0,0,0,255,0,0,0,0,0,3600,50,2.5,0,0,6,2064.22144,0.0217098035,0,-1.40578079,-9.1686039,2.28625488,-1.15331113,-3.9680512,360,0.59161377,1,0,6,6,0
71,214,2,8327376,0,17,0,0,255,0,0,0,0,0,3600,50,2.5,0,0,6,2060.0188,0.156622067,0,-1.35107422,-13.0447741,0.408950806,0.891050577,-2.86168051,360,2.75476837,1,0,13,13,0
71,215,3,8327452,0,6,0,0,255,0,0,0,0,0,3600,50,2.5,0,0,6,2063.40576,0.0375829116,0,-1.4097631,-10.9643717,1.40374756,-0.558657825,-1.76859379,360,1.00896454,1,0,12,12,0
72,216,1,8327300,0,0,0,0,255,0,0,0,0,0,3650,50,2.5,0,0,6,2093.29712,0.0195629131,0,-1.40705323,-9.28392315,2.44352722,-1.15669739,-4.06490469,360,0.526145935,1,0,6,6,0
72,217,2,8327376,0,15,0,0,255,0,0,0,0,0,3650,50,2.5,0,0,6,2089.04028,0.154834017,0,-1.34550691,-13.1483202,0.574981689,0.875572801,-2.95714784,360,2.47007751,1,0,13,13,0
72,218,3,8327452,0,0,0,0,255,0,0,0,0,0,3650,50,2.5,0,0,6,2092.48218,0.0332069136,0,-1.40859485,-11.0830154,1.36273193,-0.565533936,-1.865224,360,0.889556885,1,0,12,12,0
73,219,1,8327300,0,0,0,0,255,0,0,0,0,0,3700,50,2.5,0,0,6,2122.03052,0.0180916842,0,-1.40818131,-9.3964386,2.59757996,-1.16021121,-4.16308451,360,0.462203979,1,0,6,6,0
73,220,2,8327376,0,13,0,0,255,0,0,0,0,0,3700,50,2.5,0,0,6,2117.72583,0.156268209,0,-1.33849072,-13.2710533,0.771087646,0.859610021,-3.05388165,360,2.17346954,1,0,13,13,0
73,221,3,8327452,0,7,0,0,255,0,0,0,0,0,3700,50,2.5,0,0,6,2121.21777,0.0303073619,0,-1.41248167,-10.4653292,1.3125,-0.572603166,-1.96317422,360,1.19003296,1,0,11,11,0
74,222,1,8327300,0,0,0,0,255,0,0,0,0,0,3750,50,2.5,0,0,6,2159.30322,0.0183400176,0,-1.40902495,-9.48927307,2.72557068,-1.16382992,-4.26298761,360,0.40712738,1,0,6,6,0
74,223,2,8327376,0,12,0,0,255,0,0,0,0,0,3750,50,2.5,0,0,6,2154.9563,0.151850238,0,-1.33336282,-13.3559322,0.906417847,0.843091846,-3.15227032,360,1.94878387,1,0,13,13,0
74,224,3,8327452,0,6,0,0,255,0,0,0,0,0,3750,50,2.5,0,0,6,2158.49512,0.0419762321,0,-1.41204381,-10.6094685,1.1852417,-0.579937875,-2.06283522,360,1.04242706,1,0,11,11,0
75,225,1,8327300,0,0,0,0,255,0,0,0,0,0,3800,50,2.5,0,0,6,2196.11816,0.0160880629,0,-1.40995347,-9.60380077,2.88430786,-1.16755497,-4.36459208,360,0.343475342,1,0,6,6,0
75,226,2,8327376,0,11,0,0,255,0,0,0,0,0,3800,50,2.5,0,0,6,2191.73486,0.138464153,0,-1.3265903,-13.4625416,1.07640076,0.826030552,-3.2522943,360,1.69871521,1,0,13,13,0
75,227,3,8327452,0,0,0,0,255,0,0,0,0,0,3800,50,2.5,0,0,6,2195.3125,0.0419419669,0,-1.41126561,-10.7642832,0.928161621,-0.587533057,-2.16418624,360,0.89553833,1,0,11,11,0
76,228,1,8327300,0,0,0,0,255,0,0,0,0,0,3850,50,2.5,0,0,6,2232.44775,0.0166241527,0,-1.41074479,-9.7169323,3.0425415,-1.1714232,-4.46787453,360,0.280220032,1,0,6,6,0
76,229,2,8327376,0,9,0,0,255,0,0,0,0,0,3850,50,2.5,0,0,6,2228.05786,0.123844422,0,-1.31974483,-13.5646362,1.23956299,0.808439136,-3.35393357,360,1.46185303,1,0,13,13,0
76,230,3,8327452,0,0,0,0,255,0,0,0,0,0,3850,50,2.5,0,0,6,2231.6604,0.0380775891,0,-1.41030335,-10.9007473,0.70501709,-0.595368445,-2.26720667,360,0.711631775,1,0,11,11,0
77,231,1,8327300,0,0,0,0,255,0,0,0,0,0,3900,50,2.5,0,0,6,2268.323,0.0163669027,0,-1.41151595,-9.85145569,3.23283386,-1.17539525,-4.57281494,360,0.207771301,1,0,6,6,0
77,232,2,8327376,0,8,0,0,255,0,0,0,0,0,3900,50,2.5,0,0,6,2263.92358,0.110358961,0,-1.31111145,-13.6862373,1.43447876,0.79033494,-3.45716906,360,1.21178436,1,0,13,13,0
77,233,3,8327452,0,0,0,0,255,0,0,0,0,0,3900,50,2.5,0,0,6,2267.53735,0.047088135,0,-1.40906072,-11.0382357,0.484802246,-0.603462517,-2.3718729,360,0.532043457,1,0,11,11,0
78,234,1,8327300,0,0,0,0,255,0,0,0,0,0,3950,50,2.5,0,0,6,2303.72461,0.014196272,0,-1.41196752,-9.95192623,3.37634277,-1.17947149,-4.67939186,360,0.149787903,1,0,6,6,0
78,235,2,8327376,0,14,0,0,255,0,0,0,0,0,3950,50,2.5,0,0,6,2299.32349,0.0956727192,0,-1.34778523,-13.1066551,1.57444763,0.771735489,-3.56198168,360,2.0463028,1,0,12,12,0
78,236,3,8327452,0,0,0,0,255,0,0,0,0,0,3950,50,2.5,0,0,6,2302.9353,0.0569005758,0,-1.40754485,-11.1747046,0.270263672,-0.61182785,-2.47816181,360,0.357505798,1,0,11,11,0
79,237,1,8327300,0,0,0,0,255,0,0,0,0,0,4000,50,2.5,0,0,6,2338.64648,0.0138685815,0,-1.41236234,-10.0719194,3.54983521,-1.18365216,-4.7875824,360,0.0829620361,1,0,6,6,0
79,238,2,8327376,0,12,0,0,255,0,0,0,0,0,4000,50,2.5,0,0,6,2334.22095,0.0808597133,0,-1.34078574,-13.2317867,1.76733398,0.752631545,-3.66834545,360,1.73973083,1,0,12,12,0
79,239,3,8327452,0,0,0,0,255,0,0,0,0,0,4000,50,2.5,0,0,6,2337.85059,0.0634167269,0,-1.40597582,-11.2942924,0.0850219727,-0.620472491,-2.58605003,360,0.19821167,1,0,11,11,0
80,240,1,8327300,0,0,0,0,255,0,0,0,0,0,4050,50,2.5,0,0,6,2373.08374,0.0142182074,0,-1.4126122,-10.2074776,3.74900818,-1.1879369,-4.89736462,360,0.00859832764,1,0,6,6,0
80,241,2,8327376,0,10,0,0,255,0,0,0,0,0,4050,50,2.5,0,0,6,2368.64941,0.0812521577,0,-1.33425593,-13.3414211,1.9375,0.733023167,-3.77623773,360,1.47351837,1,0,12,12,0
80,242,3,8327452,0,0,0,0,255,0,0,0,0,0,4050,50,2.5,0,0,6,2372.28125,0.066607751,0,-1.41173244,-10.6794176,0.120040894,-0.629400969,-2.69551444,360,0.560386658,1,0,10,10,0
81,243,1,8327300,0,0,0,0,255,0,0,0,0,0,4100,50,2.5,0,0,6,2407.03442,0.013720341,0,-1.40961385,-9.5600481,3.92747498,-1.19232523,-5.00871563,360,0.301475525,1,0,5,5,0
81,244,2,8327376,0,8,0,0,255,0,0,0,0,0,4100,50,2.5,0,0,6,2402.57349,0.0830153152,0,-1.32731867,-13.4513569,2.10971069,0.712918103,-3.88563585,360,1.2225647,1,0,12,12,0
81,245,3,8327452,0,0,0,0,255,0,0,0,0,0,4100,50,2.5,0,0,6,2406.22437,0.0675887167,0,-1.41089547,-10.8213272,0.329711914,-0.638615012,-2.80653214,360,0.392982483,1,0,10,10,0
82,246,1,8327300,0,0,0,0,255,0,0,0,0,0,4150,50,2.5,0,0,6,2440.49561,0.0134862205,0,-1.41037548,-9.66184044,4.07992554,-1.19681633,-5.12161303,360,0.244689941,1,0,5,5,0
82,247,2,8327376,0,7,0,0,255,0,0,0,0,0,4150,50,2.5,0,0,6,2436.01758,0.0790489092,0,-1.32120085,-13.5433636,2.25535583,0.692330182,-3.99651933,360,1.01596069,1,0,12,12,0
82,248,3,8327452,0,0,0,0,255,0,0,0,0,0,4150,50,2.5,0,0,6,2439.67822,0.0666913018,0,-1.40967178,-10.9744654,0.55329895,-0.648114085,-2.91908026,360,0.219947815,1,0,10,10,0
83,249,1,8327300,0,0,0,0,255,0,0,0,0,0,4200,50,2.5,0,0,6,2473.46484,0.0126554444,0,-1.41116309,-9.78583145,4.26864624,-1.20140934,-5.23603392,360,0.175804138,1,0,5,5,0
83,250,2,8327376,0,0,0,0,255,0,0,0,0,0,4200,50,2.5,0,0,6,2468.97778,0.0710018054,0,-1.31366301,-13.6510735,2.42732239,0.671274543,-4.10886812,360,0.790298462,1,0,12,12,0
83,251,3,8327452,0,0,0,0,255,0,0,0,0,0,4200,50,2.5,0,0,6,2472.64111,0.0642739385,0,-1.40846324,-11.0951653,0.72795105,-0.657896101,-3.03313589,360,0.0727844238,1,0,10,10,0
84,252,1,8327300,0,0,0,0,255,0,0,0,0,0,4250,50,2.5,0,0,6,2505.94067,0.0122366892,0,-1.41185522,-9.92455578,4.48399353,-1.20610297,-5.35195541,360,0.0982055664,1,0,5,5,0
84,253,2,8327376,0,0,0,0,255,0,0,0,0,0,4250,50,2.5,0,0,6,2501.49121,0.0610724539,0,-1.30435646,-13.7764263,2.63075256,0.649792135,-4.22266817,360,0.402679443,1,0,12,12,0
84,254,3,8327452,0,0,0,0,255,0,0,0,0,0,4250,50,2.5,0,0,6,2505.11157,0.060720928,0,-1.40677977,-11.2351942,0.929336548,-0.667957604,-3.14867616,359.913208,0,1,0,10,10,0
85,255,1,8327300,0,0,0,0,255,0,0,0,0,0,4300,50,2.5,0,0,6,2537.92139,0.011650525,0,-1.41224694,-10.0313892,4.65310669,-1.21090162,-5.46935463,360,0.0354690552,1,0,5,5,0
85,256,2,8327376,0,0,0,0,255,0,0,0,0,0,4300,50,2.5,0,0,6,2533.50879,0.0988536254,0,-1.29708695,-13.8691416,2.78329468,0.627830803,-4.33788538,360,0.076713562,1,0,12,12,0
85,257,3,8327452,0,0,0,0,255,0,0,0,0,0,4300,50,2.5,0,0,6,2537.08789,0.0571881384,0,-1.40482581,-11.3723888,1.1257019,-0.678294241,-3.26567841,359.757111,0,1,0,10,10,0
86,258,1,8327300,0,0,0,0,255,0,0,0,0,0,4350,50,2.5,0,0,6,2569.41357,0.0107403053,0,-1.41254091,-10.1551228,4.85287476,-1.21581411,-5.5882082,359.962341,0,1,0,5,5,0
86,259,2,8327376,0,0,0,0,255,0,0,0,0,0,4350,50,2.5,0,0,6,2565.00537,0.145572573,0,-1.33463407,-13.3352432,2.98622131,0.60535413,-4.45448828,360,0.809791565,1,0,11,11,0
86,260,3,8327452,0,0,0,0,255,0,0,0,0,0,4350,50,2.5,0,0,6,2568.56982,0.0524741113,0,-1.4025476,-11.5101318,1.32240295,-0.688900888,-3.38411999,359.601562,0,1,0,10,10,0
87,261,1,8327300,0,0,0,0,255,0,0,0,0,0,4400,50,2.5,0,0,6,2600.41284,0.00980153494,0,-1.41265821,-10.2857189,5.06854248,-1.22085488,-5.70849276,359.883545,0,1,0,5,5,0
87,262,2,8327376,0,0,0,0,255,0,0,0,0,0,4400,50,2.5,0,0,6,2595.98633,0.181934625,0,-1.32749641,-13.448616,3.16966248,0.582337379,-4.57244682,360,0.469558716,1,0,11,11,0
87,263,3,8327452,0,0,0,0,255,0,0,0,0,0,4400,50,2.5,0,0,6,2599.5564,0.0483791865,0,-1.39958978,-11.6650314,1.54348755,-0.699771881,-3.50397825,359.43399,0,1,0,10,10,0
88,264,1,8327300,0,0,0,0,255,0,0,0,0,0,4450,50,2.5,0,0,6,2630.90283,0.00805982761,0,-1.4125793,-10.4096107,5.27828979,-1.22604072,-5.83018398,359.805634,0,1,0,5,5,0
88,265,2,8327376,0,0,0,0,255,0,0,0,0,0,4450,50,2.5,0,0,6,2626.46216,0.207032546,0,-1.32086444,-13.5483017,3.33392334,0.558765531,-4.69173431,360,0.158828735,1,0,11,11,0
88,266,3,8327452,0,0,0,0,255,0,0,0,0,0,4450,50,2.5,0,0,6,2630.04761,0.0441595055,0,-1.40904748,-11.0395432,1.70857239,-0.710901141,-3.62523055,359.865479,0,1,0,9,9,0
89,267,1,8327300,0,0,0,0,255,0,0,0,0,0,4500,50,2.5,0,0,6,2660.896,0.00564530492,0,-1.4122467,-10.5532961,5.52789307,-1.23138046,-5.95325851,359.714386,0,1,0,5,5,0
89,268,2,8327376,0,0,0,0,255,0,0,0,0,0,4500,50,2.5,0,0,6,2656.44775,0.221204221,0,-1.31183755,-13.6762924,3.54927063,0.534630716,-4.812325,359.803711,0,1,0,11,11,0
89,269,3,8327452,0,0,0,0,255,0,0,0,0,0,4500,50,2.5,0,0,6,2660.04346,0.0402881056,0,-1.40746677,-11.1810989,1.90673828,-0.722282469,-3.74785423,359.709351,0,1,0,9,9,0
90,270,1,8327300,0,0,0,0,255,0,0,0,0,0,4550,50,2.5,0,0,6,2690.39844,0.00285483175,0,-1.41173315,-10.6792898,5.7532196,-1.23685956,-6.07769442,359.629547,0,1,0,5,5,0
90,271,2,8327376,0,0,0,0,255,0,0,0,0,0,4550,50,2.5,0,0,6,2685.95117,0.226579711,0,-1.3046186,-13.7730026,3.71548462,0.509930968,-4.93419504,359.506897,0,1,0,11,11,0
90,272,3,8327452,0,0,0,0,255,0,0,0,0,0,4550,50,2.5,0,0,6,2689.51465,0.0361496173,0,-1.40534174,-11.3381939,2.12780762,-0.733909249,-3.87182546,359.540833,0,1,0,9,9,0
91,273,1,8327300,0,0,0,0,255,0,0,0,0,0,4600,50,2.5,0,0,6,2719.40723,0.00128288195,0,-1.41100216,-10.8055916,5.98573303,-1.24244559,-6.20346975,359.541779,0,1,0,5,5,0
91,274,2,8327376,0,0,0,0,255,0,0,0,0,0,4600,50,2.5,0,0,6,2714.96387,0.224613518,0,-1.29583108,-13.8847332,3.91221619,0.484668702,-5.05732107,359.18692,0,1,0,11,11,0
91,275,3,8327452,0,0,0,0,255,0,0,0,0,0,4600,50,2.5,0,0,6,2718.49219,0.0330233574,0,-1.40312266,-11.477149,2.32470703,-0.745774984,-3.99712157,359.386475,0,1,0,9,9,0
92,276,1,8327300,0,0,0,0,255,0,0,0,0,0,4650,50,2.5,0,0,6,2747.92578,0,0,-1.41017425,-10.9165897,6.19551086,-1.24811649,-6.33056307,359.459686,0,1,0,5,5,0
92,277,2,8327376,0,0,9,0,255,0,0,0,0,0,4650,50,2.5,0,0,6,2743.48511,0.217330247,0,-1.28538501,-14.0099583,4.13864136,0.458849639,-5.18168068,358.845154,0,1,0,11,11,0
92,278,3,8327452,0,0,0,0,255,0,0,0,0,0,4650,50,2.5,0,0,6,2747.00806,0.0293282922,0,-1.40095258,-11.5964346,2.49517822,-0.757873297,-4.1237216,359.247314,0,1,0,9,9,0
93,279,1,8327300,0,0,0,0,255,0,0,0,0,0,4700,50,2.5,0,0,6,2775.94409,0,0,-1.41265762,-10.3097267,6.48742676,-1.25386488,-6.45895147,359.789368,0,1,0,4,4,0
93,280,2,8327376,0,0,10,0,255,0,0,0,0,0,4700,50,2.5,0,0,6,2771.50977,0.207021967,0,-1.27540803,-14.1227436,4.3487854,0.432504028,-5.30725574,358.719482,0,1,0,11,11,0
93,281,3,8327452,0,0,0,0,255,0,0,0,0,0,4700,50,2.5,0,0,6,2775.03271,0.0261975098,0,-1.39774466,-11.7517223,2.71965027,-0.77019769,-4.2516036,359.078491,0,1,0,9,9,0
94,282,1,8327300,0,0,0,0,255,0,0,0,0,0,4750,50,2.5,0,0,6,2803.47241,0,0,-1.41256595,-10.4188404,6.70352173,-1.25968826,-6.58861208,359.70636,0,1,0,4,4,0
94,283,2,8327376,0,0,0,0,255,0,0,0,0,0,4750,50,2.5,0,0,6,2799.05469,0.121583417,0,-1.31793761,-13.5907221,4.5581665,0.405732393,-5.43404579,359.782501,0,1,0,10,10,0
94,284,3,8327452,0,0,8,0,255,0,0,0,0,0,4750,50,2.5,0,0,6,2802.56836,0.0231566783,0,-1.3948946,-11.8742714,2.89915466,-0.782741725,-4.38074493,358.934784,0,1,0,9,9,0
95,285,1,8327300,0,0,0,0,255,0,0,0,0,0,4800,50,2.5,0,0,6,2830.51318,-0.000334199955,0,-1.41218686,-10.5711107,7.01527405,-1.26558459,-6.71952248,359.593658,0,1,0,4,4,0
95,286,2,8327376,0,0,0,0,255,0,0,0,0,0,4800,50,2.5,0,0,6,2826.15112,0.0473816097,0,-1.30975425,-13.704689,4.77104187,0.378591835,-5.56204081,359.486938,0,1,0,10,10,0
95,287,3,8327452,0,0,0,0,255,0,0,0,0,0,4800,50,2.5,0,0,6,2829.59204,0.0207137149,0,-1.40598333,-11.2937584,3.12785339,-0.795478106,-4.51112461,359.484314,0,1,0,8,8,0
96,288,1,8327300,0,0,0,0,255,0,0,0,0,0,4850,50,2.5,0,0,6,2857.06787,0,0,-1.41170025,-10.6859331,7.25865173,-1.27155221,-6.85166073,359.500793,0,1,0,4,4,0
96,289,2,8327376,0,0,0,0,255,0,0,0,0,0,4850,50,2.5,0,0,6,2852.7793,0.0360486694,0,-1.30084968,-13.8216887,4.99624634,0.351071239,-5.69121552,359.185333,0,1,0,10,10,0
96,290,3,8327452,0,0,0,0,255,0,0,0,0,0,4850,50,2.5,0,0,6,2856.15625,0.00860149786,0,-1.40385723,-11.433363,3.33332825,-0.808428884,-4.64271927,359.331909,0,1,0,8,8,0
97,291,1,8327300,0,0,0,0,255,0,0,0,0,0,4900,50,2.5,0,0,6,2883.14062,-0.000340589031,0,-1.41091573,-10.8183784,7.54917908,-1.2775892,-6.98500395,359.393494,0,1,0,4,4,0
97,292,2,8327376,0,0,9,0,255,0,0,0,0,0,4900,50,2.5,0,0,6,2878.91699,0.0425097235,0,-1.29167545,-13.9354839,5.22271729,0.323164731,-5.82154512,358.888855,0,1,0,10,10,0
97,293,3,8327452,0,0,0,0,255,0,0,0,0,0,4900,50,2.5,0,0,6,2882.24097,0.00374528393,0,-1.40173411,-11.5550289,3.51533508,-0.821585059,-4.77550745,359.193085,0,1,0,8,8,0
98,294,1,8327300,0,0,0,0,255,0,0,0,0,0,4950,50,2.5,0,0,6,2908.73315,0,0,-1.4097178,-10.9694014,7.89390564,-1.28369391,-7.1195302,359.270813,0,1,0,4,4,0
98,295,2,8327376,0,0,10,0,255,0,0,0,0,0,4950,50,2.5,0,0,6,2904.56323,0.0461595468,0,-1.28309512,-14.0364037,5.43029785,0.294893593,-5.95301056,358.764832,0,1,0,10,10,0
98,296,3,8327452,0,0,0,0,255,0,0,0,0,0,4950,50,2.5,0,0,6,2907.84741,0.00171794952,0,-1.39892554,-11.6970034,3.73171997,-0.834928274,-4.90946817,359.034363,0,1,0,8,8,0
99,297,1,8327300,0,0,0,0,255,0,0,0,0,0,5000,50,2.5,0,0,6,2933.84937,0.000520122005,0,-1.40857697,-11.0846767,8.16772461,-1.28986454,-7.25521755,359.166321,0,1,0,4,4,0
99,298,2,8327376,0,0,12,0,255,0,0,0,0,0,5000,50,2.5,0,0,6,2929.72681,0.0230256859,0,-1.27316737,-14.1472397,5.66603088,0.266331464,-6.08560562,358.625641,0,1,0,10,10,0
99,299,3,8327452,0,0,10,0,255,0,0,0,0,0,5000,50,2.5,0,0,6,2932.97852,0.000693284848,0,-1.39545965,-11.8509293,3.97184753,-0.848440349,-5.04458141,358.862885,0,1,0,8,8,0
100,300,1,8327300,0,0,0,0,255,0,0,0,0,0,5050,50,2.5,0,0,6,2958.49341,0.000174871049,0,-1.4070456,-11.2146959,8.48809814,-1.29609954,-7.39204407,359.048309,0,1,0,4,4,0
100,301,2,8327376,0,0,13,0,255,0,0,0,0,0,5050,50,2.5,0,0,6,2954.41504,0.00488950917,0,-1.26100779,-14.2752628,5.9495697,0.237545773,-6.21932173,358.466431,0,1,0,10,10,0
100,302,3,8327452,0,0,10,0,255,0,0,0,0,0,5050,50,2.5,0,0,6,2957.61914,0.000174819143,0,-1.39238262,-11.9731283,4.16665649,-0.862050116,-5.18083143,358.827911,0,1,0,8,8,0
101,303,1,8327300,0,0,9,0,255,0,0,0,0,0,5100,50,2.5,0,0,6,2982.66919,-0.000352679897,0,-1.40492678,-11.365797,8.87760925,-1.30239725,-7.52998829,358.912445,0,1,0,4,4,0
101,304,2,8327376,0,0,14,0,255,0,0,0,0,0,5100,50,2.5,0,0,6,2978.63013,0.00369803398,0,-1.25004756,-14.3841753,6.20111084,0.20859842,-6.35414982,358.348328,0,1,0,10,10,0
101,305,3,8327452,0,0,11,0,255,0,0,0,0,0,5100,50,2.5,0,0,6,2981.78662,0.00246802974,0,-1.38807678,-12.1270809,4.41882324,-0.875709236,-5.31820059,358.762238,0,1,0,8,8,0
102,306,1,8327300,0,0,10,0,255,0,0,0,0,0,5150,50,2.5,0,0,6,3006.36377,-0.000355561875,0,-1.40299344,-11.4846516,9.19772339,-1.30872321,-7.66902924,358.882507,0,1,0,4,4,0
102,307,2,8327376,0,0,0,0,255,0,0,0,0,0,5150,50,2.5,0,0,6,3002.37231,0.0143807558,0,-1.29789424,-13.8590546,6.44204712,0.179544836,-6.4900794,359.523651,0,1,0,9,9,0
102,308,3,8327452,0,0,11,0,255,0,0,0,0,0,5150,50,2.5,0,0,6,3005.4856,0.00906414539,0,-1.38442886,-12.245388,4.61758423,-0.889375687,-5.45667171,358.734619,0,1,0,8,8,0
103,309,1,8327300,0,0,10,0,255,0,0,0,0,0,5200,50,2.5,0,0,6,3029.59106,0.00215031905,0,-1.40013111,-11.6382942,9.63143921,-1.31503296,-7.80914736,358.835785,0,1,0,4,4,0
103,310,2,8327376,0,0,0,0,255,0,0,0,0,0,5200,50,2.5,0,0,6,3025.68481,0.0329277813,0,-1.28834021,-13.9753122,6.7151947,0.150395155,-6.62709141,359.264038,0,1,0,9,9,0
103,311,3,8327452,0,0,0,0,255,0,0,0,0,0,5200,50,2.5,0,0,6,3028.72559,0.0207803454,0,-1.39973545,-11.6579018,4.85287476,-0.903012991,-5.59622669,359.353455,0,1,0,7,7,0
104,312,1,8327300,0,0,0,0,255,0,0,0,0,0,5250,50,2.5,0,0,6,3052.35522,0.00975119602,0,-1.4093051,-11.0134811,9.97685242,-1.32128811,-7.95032263,359.303986,0,1,0,3,3,0
104,313,2,8327376,0,0,9,0,255,0,0,0,0,0,5250,50,2.5,0,0,6,3048.53394,0.0288551785,0,-1.27681708,-14.1071911,7.03933716,0.121127449,-6.76516008,358.96582,0,1,0,9,9,0
104,314,3,8327452,0,0,0,0,255,0,0,0,0,0,5250,50,2.5,0,0,6,3051.54248,0.0344804861,0,-1.39620733,-11.8193512,5.13186646,-0.91662091,-5.73684549,359.198303,0,1,0,7,7,0
105,315,1,8327300,0,0,0,0,255,0,0,0,0,0,5300,50,2.5,0,0,6,3074.69678,0.0201947354,0,-1.40786219,-11.1481657,10.3833923,-1.32748485,-8.09253597,359.184875,0,1,0,3,3,0
105,316,2,8327376,0,0,11,0,255,0,0,0,0,0,5300,50,2.5,0,0,6,3070.91431,0.0178072639,0,-1.26603186,-14.2233353,7.33900452,0.0917488113,-6.90426445,358.781097,0,1,0,9,9,0
105,317,3,8327452,0,0,0,0,255,0,0,0,0,0,5300,50,2.5,0,0,6,3073.89111,0.0316481814,0,-1.39314461,-11.9439287,5.35397339,-0.930212736,-5.87850571,359.074371,0,1,0,7,7,0
106,318,1,8327300,0,0,0,0,255,0,0,0,0,0,5350,50,2.5,0,0,6,3096.58789,0.0203425493,0,-1.40580606,-11.3062572,10.8865204,-1.33363247,-8.23576546,359.043304,0,1,0,3,3,0
106,319,2,8327376,0,0,12,0,255,0,0,0,0,0,5350,50,2.5,0,0,6,3092.84155,0.0219648909,0,-1.2564888,-14.3208733,7.60185242,0.0622929037,-7.04438972,358.6492,0,1,0,9,9,0
106,320,3,8327452,0,0,9,0,255,0,0,0,0,0,5350,50,2.5,0,0,6,3095.79956,0.0247344561,0,-1.38945699,-12.0795956,5.60353088,-0.943799376,-6.0211854,358.935486,0,1,0,7,7,0
107,321,1,8327300,0,0,10,0,255,0,0,0,0,0,5400,50,2.5,0,0,6,3118.03857,0.0160576794,0,-1.40393376,-11.4286861,11.2966003,-1.33973897,-8.37999058,358.920502,0,1,0,3,3,0
107,322,2,8327376,0,0,14,0,255,0,0,0,0,0,5400,50,2.5,0,0,6,3114.32202,0.0346573703,0,-1.24428678,-14.4391804,7.93539429,0.0327951983,-7.18552256,358.476196,0,1,0,9,9,0
107,323,3,8327452,0,0,10,0,255,0,0,0,0,0,5400,50,2.5,0,0,6,3117.24536,0.0190059748,0,-1.38468361,-12.2374334,5.90463257,-0.957365572,-6.16486406,358.839447,0,1,0,7,7,0
108,324,1,8327300,0,0,10,0,255,0,0,0,0,0,5450,50,2.5,0,0,6,3139.02856,0.01319532,0,-1.4015156,-11.5667706,11.7830505,-1.34578407,-8.52519131,358.859406,0,1,0,3,3,0
108,325,2,8327376,0,0,15,0,255,0,0,0,0,0,5450,50,2.5,0,0,6,3135.35742,0.0510477163,0,-1.23188877,-14.5527725,8.27281189,0.00329291075,-7.32764864,358.325928,0,1,0,9,9,0
108,326,3,8327452,0,0,11,0,255,0,0,0,0,0,5450,50,2.5,0,0,6,3138.25195,0.0243401024,0,-1.38068676,-12.3575506,6.14234924,-0.970883369,-6.30952406,358.786041,0,1,0,7,7,0
109,327,1,8327300,0,0,11,0,255,0,0,0,0,0,5500,50,2.5,0,0,6,3159.58374,0.0202068742,0,-1.3983655,-11.7232761,16.7723389,-1.35173559,-8.67134857,358.780457,0,1,0,3,3,0
109,328,2,8327376,0,0,17,0,255,0,0,0,0,0,5500,50,2.5,0,0,6,3155.95459,0.0719495192,0,-1.21893132,-14.6651096,8.6244812,-0.026175404,-7.47075558,358.181274,0,1,0,9,9,0
109,329,3,8327452,0,0,12,0,255,0,0,0,0,0,5500,50,2.5,0,0,6,3158.81787,0.0357273892,0,-1.374933,-12.5153923,6.46676636,-0.984324634,-6.45514727,358.702545,0,1,0,7,7,0
110,330,1,8327300,0,0,12,0,255,0,0,0,0,0,5550,50,2.5,0,0,6,3179.70703,0.0322037227,0,-1.39563382,-11.8436413,17.0717621,-1.35756469,-8.81844234,358.731079,0,1,0,3,3,0
110,331,2,8327376,0,0,0,0,255,0,0,0,0,0,5550,50,2.5,0,0,6,3176.11475,0.0966883078,0,-1.26974118,-14.1841316,9.03485107,-0.0555698313,-7.61483002,359.401581,0,1,0,8,8,0
110,332,3,8327452,0,0,12,0,255,0,0,0,0,0,5550,50,2.5,0,0,6,3178.94922,0.0487645753,0,-1.36943793,-12.6528082,6.7618103,-0.997660995,-6.60171604,358.64505,0,1,0,7,7,0
111,333,1,8327300,0,0,12,0,255,0,0,0,0,0,5600,50,2.5,0,0,6,3199.40454,0.0460546501,0,-1.39174438,-11.9970846,17.4560547,-1.36324251,-8.96645451,358.663483,0,1,0,3,3,0
111,334,2,8327376,0,0,0,0,255,0,0,0,0,0,5600,50,2.5,0,0,6,3195.89819,0.12702781,0,-1.25990105,-14.2865295,9.3692627,-0.0848972797,-7.75985193,359.19397,0,1,0,8,8,0
111,335,3,8327452,0,0,0,0,255,0,0,0,0,0,5600,50,2.5,0,0,6,3198.65649,0.0646127239,0,-1.39001656,-12.0598717,7.02398682,-1.0108664,-6.74921227,359.327423,0,1,0,6,6,0
112,336,1,8327300,0,0,13,0,255,0,0,0,0,0,5650,50,2.5,0,0,6,3218.68408,0.0615958981,0,-1.38822258,-12.122139,17.7714081,-1.36874282,-9.11536694,358.610382,0,1,0,3,3,0
112,337,2,8327376,0,0,10,0,255,0,0,0,0,0,5650,50,2.5,0,0,6,3215.25391,0.122104332,0,-1.24780786,-14.4057369,9.7800293,-0.114172921,-7.90579891,358.935974,0,1,0,8,8,0
112,338,3,8327452,0,0,0,0,255,0,0,0,0,0,5650,50,2.5,0,0,6,3217.98315,0.0793123916,0,-1.38527107,-12.2189255,7.3812561,-1.02395189,-6.89761734,359.181793,0,1,0,6,6,0
113,339,1,8327300,0,0,0,0,255,0,0,0,0,0,5700,50,2.5,0,0,6,3237.54834,0.0767394081,0,-1.40184164,-11.5492134,18.1620026,-1.37404144,-9.26515961,359.060608,0,1,0,2,2,0
113,340,2,8327376,0,0,12,0,255,0,0,0,0,0,5700,50,2.5,0,0,6,3234.1731,0.103296153,0,-1.23406482,-14.5332851,10.2469025,-0.14338395,-8.05265236,358.691406,0,1,0,8,8,0
113,341,3,8327452,0,0,0,0,255,0,0,0,0,0,5700,50,2.5,0,0,6,3236.89478,0.0771063119,0,-1.38120782,-12.3424263,7.67144775,-1.03692651,-7.04691124,359.0672,0,1,0,6,6,0
114,342,1,8327300,0,0,10,0,255,0,0,0,0,0,5750,50,2.5,0,0,6,3256.04736,0.0935918689,0,-1.39901543,-11.6927261,18.517334,-1.37915123,-9.41581631,358.924347,0,1,0,2,2,0
114,343,2,8327376,0,0,14,0,255,0,0,0,0,0,5750,50,2.5,0,0,6,3252.69238,0.0979280397,0,-1.22227561,-14.6367016,10.64888,-0.172517121,-8.20039463,358.516022,0,1,0,8,8,0
114,344,3,8327452,0,0,10,0,255,0,0,0,0,0,5750,50,2.5,0,0,6,3255.40503,0.0677198246,0,-1.37624037,-12.4808989,8.01089478,-1.04979885,-7.19707394,358.929535,0,1,0,6,6,0
115,345,1,8327300,0,0,13,0,255,0,0,0,0,0,5800,50,2.5,0,0,6,3274.10718,0.0925740376,0,-1.39572096,-11.8399868,23.5943298,-1.38405538,-9.56731606,358.814056,0,1,0,2,2,0
115,346,2,8327376,0,0,16,0,255,0,0,0,0,0,5800,50,2.5,0,0,6,3270.80884,0.106437691,0,-1.20849133,-14.7513227,11.1214294,-0.201550171,-8.34901142,358.324402,0,1,0,8,8,0
115,347,3,8327452,0,0,11,0,255,0,0,0,0,0,5800,50,2.5,0,0,6,3273.48682,0.0595694408,0,-1.37072349,-12.6216793,8.3727417,-1.06255031,-7.34808731,358.834045,0,1,0,6,6,0
116,348,1,8327300,0,0,14,0,255,0,0,0,0,0,5850,50,2.5,0,0,6,3291.77393,0.0911359787,0,-1.3926363,-11.9634743,23.9348297,-1.38873899,-9.71964169,358.743561,0,1,0,2,2,0
116,349,2,8327376,0,0,18,0,255,0,0,0,0,0,5850,50,2.5,0,0,6,3288.52612,0.122237034,0,-1.19404912,-14.8648548,11.6207886,-0.230453566,-8.49848938,358.145813,0,1,0,8,8,0
116,350,3,8327452,0,0,12,0,255,0,0,0,0,0,5850,50,2.5,0,0,6,3291.17896,0.0630221516,0,-1.36407661,-12.7767105,8.79272461,-1.07516205,-7.4999342,358.728577,0,1,0,6,6,0
117,351,1,8327300,0,0,16,0,255,0,0,0,0,0,5900,50,2.5,0,0,6,3309.05225,0.103988655,0,-1.38816166,-12.1242104,24.3811493,-1.3931787,-9.87277412,358.649994,0,1,0,2,2,0
117,352,2,8327376,0,0,20,0,255,0,0,0,0,0,5900,50,2.5,0,0,6,3305.84717,0.147008568,0,-1.17733848,-14.9887028,16.6665344,-0.25919193,-8.64881516,357.951111,0,1,0,8,8,0
117,353,3,8327452,0,0,13,0,255,0,0,0,0,0,5900,50,2.5,0,0,6,3308.48047,0.0745444298,0,-1.35828638,-12.9011497,9.14761353,-1.08761275,-7.6525979,358.661377,0,1,0,6,6,0
118,354,1,8327300,0,0,17,0,255,0,0,0,0,0,5950,50,2.5,0,0,6,3325.94141,0.122285627,0,-1.38371849,-12.2673388,24.7801819,-1.39734709,-10.0266962,358.581879,0,1,0,2,2,0
118,355,2,8327376,0,0,0,0,255,0,0,0,0,0,5950,50,2.5,0,0,6,3322.77515,0.179703981,0,-1.23536038,-14.5215969,17.0350342,-0.287725151,-8.7999773,359.305847,0,1,0,7,7,0
118,356,3,8327452,0,0,14,0,255,0,0,0,0,0,5950,50,2.5,0,0,6,3325.39697,0.0879515558,0,-1.35155642,-13.0355244,9.55062866,-1.09987938,-7.80606222,358.588593,0,1,0,6,6,0
119,357,1,8327300,0,0,0,0,255,0,0,0,0,0,6000,50,2.5,0,0,6,3342.44946,0.147293478,0,-1.39943671,-11.6724873,30.3497314,-1.40121353,-10.1813908,359.024353,0,1,0,1,1,0
119,358,2,8327376,0,0,0,0,255,0,0,0,0,0,6000,50,2.5,0,0,6,3339.38159,0.221026957,0,-1.22199333,-14.6391144,17.391983,-0.316066772,-8.95195675,359.054016,0,1,0,7,7,0
119,359,3,8327452,0,0,0,0,255,0,0,0,0,0,6000,50,2.5,0,0,6,3341.93359,0.103663363,0,-1.37622225,-12.4813824,9.99488831,-1.11193752,-7.96031094,359.312378,0,1,0,5,5,0
120,360,1,8327300,0,0,17,0,255,0,0,0,0,0,6050,50,2.5,0,0,6,3358.63721,0.176314577,0,-1.39610195,-11.8238468,30.7961884,-1.40479529,-10.3368406,358.852264,0,1,0,1,1,0
120,361,2,8327376,0,0,12,0,255,0,0,0,0,0,6050,50,2.5,0,0,6,3355.60132,0.224321067,0,-1.20793438,-14.7558212,17.7521667,-0.344224185,-9.10473442,358.787933,0,1,0,7,7,0
120,362,3,8327452,0,0,0,0,255,0,0,0,0,0,6050,50,2.5,0,0,6,3358.14258,0.122703977,0,-1.37083101,-12.6190491,10.4374695,-1.12380183,-8.11532688,359.183472,0,1,0,5,5,0
121,363,1,8327300,0,0,20,0,255,0,0,0,0,0,6100,50,2.5,0,0,6,3374.39771,0.179770961,0,-1.39192367,-11.9903965,31.2888641,-1.40805566,-10.4930277,358.732239,0,1,0,1,1,0
121,364,2,8327376,0,0,14,0,255,0,0,0,0,0,6100,50,2.5,0,0,6,3371.42554,0.206009701,0,-1.1943028,-14.8629141,18.0871429,-0.372175634,-9.25829506,358.557709,0,1,0,7,7,0
121,365,3,8327452,0,0,0,0,255,0,0,0,0,0,6100,50,2.5,0,0,6,3373.98047,0.123699434,0,-1.36458039,-12.7654467,10.9363708,-1.13547802,-8.27109241,359.034119,0,1,0,5,5,0
122,366,1,8327300,0,0,21,0,255,0,0,0,0,0,6150,50,2.5,0,0,6,3389.80151,0.193285719,0,-1.38827348,-12.1204071,31.6737061,-1.41096151,-10.6499348,358.656433,0,1,0,1,1,0
122,367,2,8327376,0,0,17,0,255,0,0,0,0,0,6150,50,2.5,0,0,6,3386.89819,0.19190976,0,-1.17870319,-14.9788704,18.4558563,-0.3999165,-9.4126215,358.310944,0,1,0,7,7,0
122,368,3,8327452,0,0,11,0,255,0,0,0,0,0,6150,50,2.5,0,0,6,3389.46387,0.114227585,0,-1.35742533,-12.9189205,11.4929657,-1.14697289,-8.42759037,358.865997,0,1,0,5,5,0
123,369,1,8327300,0,0,27,0,255,0,0,0,0,0,6200,50,2.5,0,0,6,3404.8457,0.233567387,0,-1.38350797,-12.2737846,37.7342682,-1.41347456,-10.8075447,358.569977,0,1,0,1,1,0
123,370,2,8327376,0,0,23,0,255,0,0,0,0,0,6200,50,2.5,0,0,6,3402.01611,0.194405496,0,-1.16061866,-15.105382,23.5733337,-0.427428603,-9.56769943,358.050629,0,1,0,7,7,0
123,371,3,8327452,0,0,12,0,255,0,0,0,0,0,6200,50,2.5,0,0,6,3404.56372,0.104650393,0,-1.35029292,-13.0596647,16.5567017,-1.15826511,-8.58480453,358.745422,0,1,0,5,5,0
124,372,1,8327300,0,0,28,0,255,0,0,0,0,0,6250,50,2.5,0,0,6,3419.5144,0.279251784,0,-1.37837517,-12.4229012,38.2020264,-1.41554534,-10.9658403,358.537201,0,1,0,1,1,0
124,373,2,8327376,0,0,25,0,255,0,0,0,0,0,6250,50,2.5,0,0,6,3416.77148,0.214131415,0,-1.14552152,-15.2051249,23.9348297,-0.454672247,-9.72351837,357.911194,0,1,0,7,7,0
124,374,3,8327452,0,0,14,0,255,0,0,0,0,0,6250,50,2.5,0,0,6,3419.32251,0.105725393,0,-1.34263015,-13.199626,16.9298401,-1.16934144,-8.7427187,358.629333,0,1,0,5,5,0
125,375,1,8327300,0,0,34,0,255,0,0,0,0,0,6300,50,2.5,0,0,6,3433.82739,0.358109891,0,-1.37277031,-12.5708694,44.4619141,-1.41711378,-11.1248035,358.509338,0,1,0,1,1,0
125,376,2,8327376,0,0,28,0,255,0,0,0,0,0,6300,50,2.5,0,0,6,3431.17505,0.267806917,0,-1.12750518,-15.3178406,24.3500671,-0.481592417,-9.88006973,357.740662,0,1,0,7,7,0
125,377,3,8327452,0,0,15,0,255,0,0,0,0,0,6300,50,2.5,0,0,6,3433.73779,0.114947431,0,-1.33455741,-13.3364964,17.2988129,-1.18018234,-8.9013176,358.529877,0,1,0,5,5,0
126,378,1,8327300,0,0,34,0,255,0,0,0,0,0,6350,50,2.5,0,0,6,3447.76001,0.449255168,0,-1.36580312,-12.7377939,44.9918365,-1.41811275,-11.2844152,358.528992,0,1,0,1,1,0
126,379,2,8327376,0,0,0,0,255,0,0,0,0,0,6350,50,2.5,0,0,6,3445.21729,0.339697719,0,-1.19098127,-14.8881702,24.8108215,-0.50813061,-10.0373449,359.246765,0,1,0,6,6,0
126,380,3,8327452,0,0,16,0,255,0,0,0,0,0,6350,50,2.5,0,0,6,3447.81616,0.132010043,0,-1.32682192,-13.4589939,17.6322632,-1.19076324,-9.06058788,358.451355,0,1,0,5,5,0
127,381,1,8327300,0,0,38,0,255,0,0,0,0,0,6400,50,2.5,0,0,6,3461.34009,0.580133617,0,-1.3588469,-12.8894854,51.2874298,-1.41847098,-11.4446564,358.551697,0,1,0,1,1,0
127,382,2,8327376,0,0,0,0,255,0,0,0,0,0,6400,50,2.5,0,0,6,3459.00122,0.428772777,0,-1.17686939,-14.9920712,30.3875732,-0.534300983,-10.1953268,359.012939,0,1,0,6,6,0
127,383,3,8327452,0,0,0,0,255,0,0,0,0,0,6400,50,2.5,0,0,6,3461.56104,0.153718382,0,-1.35645604,-12.9387131,18.0568237,-1.20105815,-9.2205143,359.225464,0,1,0,4,4,0
128,384,1,8327300,0,0,37,0,255,0,0,0,0,0,6450,50,2.5,0,0,6,3474.53906,0.715077221,0,-1.35229063,-13.0213451,51.6941376,-1.41812062,-11.6055079,358.615417,0,1,0,1,1,0
128,385,2,8327376,0,0,20,0,255,0,0,0,0,0,6450,50,2.5,0,0,6,3472.43164,0.446363539,0,-1.15946686,-15.1131725,30.8522797,-0.560110331,-10.3539982,358.700378,0,1,0,6,6,0
128,386,3,8327452,0,0,0,0,255,0,0,0,0,0,6450,50,2.5,0,0,6,3475.03198,0.177645922,0,-1.34996748,-13.065836,18.3932648,-1.21108568,-9.38108158,359.087646,0,1,0,4,4,0
129,387,1,8327300,0,0,40,0,255,0,0,0,0,0,6500,50,2.5,0,0,6,3487.3938,0.873749256,0,-1.34332192,-13.1874161,57.8603134,-1.41699708,-11.7669487,358.66156,0,1,0,1,1,0
129,388,2,8327376,0,0,25,0,255,0,0,0,0,0,6500,50,2.5,0,0,6,3485.4978,0.418292552,0,-1.14206541,-15.2272606,31.2954865,-0.585520387,-10.5133476,358.446777,0,1,0,6,6,0
129,389,3,8327452,0,0,13,0,255,0,0,0,0,0,6500,50,2.5,0,0,6,3488.17651,0.18185842,0,-1.34120095,-13.224596,23.5213623,-1.22085023,-9.54227448,358.891663,0,1,0,4,4,0
130,390,1,8327300,0,0,38,0,255,0,0,0,0,0,6550,50,2.5,0,0,6,3499.87817,1.01708281,0,-1.33539057,-13.3228207,58.2500153,-1.41504335,-11.9289589,358.741791,0,1,0,1,1,0
130,391,2,8327376,0,0,35,0,255,0,0,0,0,0,6550,50,2.5,0,0,6,3498.25659,0.414049447,0,-1.12111068,-15.3563137,37.3953705,-0.610505581,-10.6733618,358.174652,0,1,0,6,6,0
130,392,3,8327452,0,0,15,0,255,0,0,0,0,0,6550,50,2.5,0,0,6,3500.97363,0.171526998,0,-1.33361673,-13.351819,23.9011841,-1.23032486,-9.70407867,358.765778,0,1,0,4,4,0
131,393,1,8327300,0,0,40,0,255,0,0,0,0,0,6600,50,2.5,0,0,6,3512.03882,1.17154813,0,-1.32503557,-13.4862032,64.6368561,-1.41220856,-12.0915165,358.798584,0,1,0,1,1,0
131,394,2,8327376,0,0,39,0,255,0,0,0,0,0,6600,50,2.5,0,0,6,3510.67163,0.462480366,0,-1.10112309,-15.4717875,37.8819122,-0.635004222,-10.8340321,358.025299,0,1,0,6,6,0
131,395,3,8327452,0,0,17,0,255,0,0,0,0,0,6600,50,2.5,0,0,6,3513.4707,0.170695573,0,-1.32362533,-13.5074224,24.3683929,-1.23949587,-9.86647987,358.610626,0,1,0,4,4,0
132,396,1,8327300,0,0,48,0,255,0,0,0,0,0,6650,50,2.5,0,0,6,3523.85034,1.29305506,0,-1.26245081,-14.2604847,65.3837738,-1.4084518,-12.2546015,358.593903,0,1,0,2,2,0
132,397,2,8327376,0,0,41,0,255,0,0,0,0,0,6650,50,2.5,0,0,6,3522.75244,0.596369147,0,-1.08303702,-15.5704813,38.3036804,-0.658926666,-10.9953527,357.954407,0,1,0,6,6,0
132,398,3,8327452,0,0,19,0,255,0,0,0,0,0,6650,50,2.5,0,0,6,3525.66479,0.185335964,0,-1.31495214,-13.6330643,24.7502289,-1.24834049,-10.0294647,358.508179,0,1,0,4,4,0
133,399,1,8327300,0,0,0,0,255,0,0,0,0,0,6700,50,2.5,0,0,6,3535.29224,1.41229451,0,-1.3033638,-13.7893438,74.0929565,-1.40371454,-12.41819,359.029205,0,1,0,1,1,0
133,400,2,8327376,0,0,0,0,255,0,0,0,0,0,6700,50,2.5,0,0,6,3534.48413,0.786136687,0,-1.15132034,-15.1674099,44.6464081,-0.682183146,-11.1573172,359.72226,0,1,0,5,5,0
133,401,3,8327452,0,0,25,0,255,0,0,0,0,0,6700,50,2.5,0,0,6,3537.55884,0.210145995,0,-1.30471826,-13.7717009,30.3875732,-1.25682855,-10.1930199,358.397247,0,1,0,4,4,0
134,402,1,8327300,0,0,0,0,255,0,0,0,0,0,6750,50,2.5,0,0,6,3553.01392,1.62949646,0,-1.29277956,-13.922123,74.6056747,-1.39801943,-12.5825644,359.02594,0,1,0,1,1,0
134,403,2,8327376,0,0,0,0,255,0,0,0,0,0,6750,50,2.5,0,0,6,3552.38672,0.992684901,0,-1.13237536,-15.2880135,45.1347961,-0.704825103,-11.3202019,359.416473,0,1,0,5,5,0
134,404,3,8327452,0,0,27,0,255,0,0,0,0,0,6750,50,2.5,0,0,6,3555.48438,0.246278569,0,-1.29371762,-13.9107037,30.8522797,-1.26491868,-10.3574257,358.333557,0,1,0,4,4,0
135,405,1,8327300,0,0,44,0,255,0,0,0,0,0,6800,50,2.5,0,0,6,3570.198,1.70882165,0,-1.2784884,-14.0885859,81.4270401,-1.39137185,-12.7476988,358.989044,0,1,0,1,1,0
135,406,2,8327376,0,0,0,0,255,0,0,0,0,0,6800,50,2.5,0,0,6,3569.78027,1.02375686,0,-1.11242127,-15.4073811,51.4366989,-0.726866484,-11.4839821,359.081268,0,1,0,5,5,0
135,407,3,8327452,0,0,29,0,255,0,0,0,0,0,6800,50,2.5,0,0,6,3572.95972,0.313222766,0,-1.28045118,-14.066515,31.3771667,-1.27254903,-10.5226622,358.254639,0,1,0,4,4,0
136,408,1,8327300,0,0,0,0,255,0,0,0,0,0,6850,50,2.5,0,0,6,3586.77271,1.64218056,0,-1.26483631,-14.2358141,81.8445511,-1.38368237,-12.9135599,359.085114,0,1,0,1,1,0
136,409,2,8327376,0,0,35,0,255,0,0,0,0,0,6850,50,2.5,0,0,6,3586.77344,0.95259583,0,-1.09146667,-15.5251331,51.9110489,-0.748325348,-11.648634,358.716553,0,1,0,5,5,0
136,410,3,8327452,0,0,0,0,255,0,0,0,0,0,6850,50,2.5,0,0,6,3589.97925,0.3990964,0,-1.320997,-13.5463572,37.387085,-1.27965772,-10.6887093,359.232483,0,1,0,3,3,0
137,411,1,8327300,0,0,0,0,255,0,0,0,0,0,6900,50,2.5,0,0,6,3603.21167,1.70303774,0,-1.24966228,-14.3879013,87.6569977,-1.37500632,-13.0801296,359.031525,0,1,0,1,1,0
137,412,2,8327376,0,0,46,0,255,0,0,0,0,0,6900,50,2.5,0,0,6,3603.24341,0.877387404,0,-1.0716902,-15.6298037,57.9810715,-0.769132912,-11.8141403,358.525757,0,1,0,5,5,0
137,413,3,8327452,0,0,0,0,255,0,0,0,0,0,6900,50,2.5,0,0,6,3606.66455,0.496004343,0,-1.30986166,-13.7032356,37.9217529,-1.28627074,-10.8555489,359.037781,0,1,0,3,3,0
138,414,1,8327300,0,0,50,0,255,0,0,0,0,0,6950,50,2.5,0,0,6,3619.16504,1.72329962,0,-1.23544717,-14.5208092,87.968277,-1.36536157,-13.2473869,358.947662,0,1,0,1,1,0
138,415,2,8327376,0,0,52,0,255,0,0,0,0,0,6950,50,2.5,0,0,6,3619.28271,0.928450882,0,-1.04787922,-15.7483063,58.4358826,-0.789207935,-11.980484,358.358459,0,1,0,5,5,0
138,416,3,8327452,0,0,23,0,255,0,0,0,0,0,6950,50,2.5,0,0,6,3622.90503,0.516797423,0,-1.29982054,-13.8347797,38.3707123,-1.29239595,-11.023159,358.863464,0,1,0,3,3,0
139,417,1,8327300,0,0,0,0,255,0,0,0,0,0,7000,50,2.5,0,0,6,3634.50415,1.6215601,0,-1.21837163,-14.6698246,88.3039093,-1.35465419,-13.4152946,359.050171,0,1,0,1,1,0
139,418,2,8327376,0,0,62,0,255,0,0,0,0,0,7000,50,2.5,0,0,6,3634.84302,1.16384208,0,-1.02373922,-15.8609352,64.9451447,-0.808435917,-12.1476507,358.24585,0,1,0,5,5,0
139,419,3,8327452,0,0,31,0,255,0,0,0,0,0,7000,50,2.5,0,0,6,3638.67651,0.487165064,0,-1.28674006,-13.9941463,44.7190552,-1.29798341,-11.1915197,358.701813,0,1,0,3,3,0
140,420,1,8327300,0,0,52,0,255,0,0,0,0,0,7050,50,2.5,0,0,6,3649.78027,1.76902771,0,-1.20018482,-14.8173971,88.6220551,-1.3429203,-13.5838375,358.925476,0,1,0,1,1,0
140,421,2,8327376,0,0,74,0,255,0,0,0,0,0,7050,50,2.5,0,0,6,3649.84814,1.50097561,0,-0.995406806,-15.986968,73.7909012,-0.82668072,-12.3156223,358.150513,0,1,0,5,5,0
140,422,3,8327452,0,0,33,0,255,0,0,0,0,0,7050,50,2.5,0,0,6,3654.04492,0.494491011,0,-1.27529299,-14.1240101,45.1751709,-1.30298889,-11.36061,358.65332,0,1,0,3,3,0
141,423,1,8327300,0,0,52,0,255,0,0,0,0,0,7100,50,2.5,0,0,6,3664.28735,1.79756486,0,-1.1781801,-14.982645,94.1553955,-1.3300674,-13.7529764,358.980713,0,1,0,1,1,0
141,424,2,8327376,0,0,151,0,255,0,0,0,0,0,7100,50,2.5,0,0,6,3664.24512,1.98730004,0,-0.849591374,-16.5637722,74.3981781,-0.843773484,-12.4843807,356.30719,0,1,0,6,6,0
141,425,3,8327452,0,0,40,0,255,0,0,0,0,0,7100,50,2.5,0,0,6,3669.00903,0.589361548,0,-1.26048756,-14.2805672,51.5341034,-1.30734682,-11.5304108,358.566376,0,1,0,3,3,0
142,426,1,8327300,0,0,0,0,255,0,0,0,0,0,7150,50,2.5,0,0,6,3678.49658,1.95497489,0,-1.15913701,-15.1153965,94.4288483,-1.31601357,-13.9226761,359.025482,0,1,0,1,1,0
142,427,2,8327376,0,0,128,0,255,0,0,0,0,0,7150,50,2.5,0,0,6,3676.95947,2.70474029,0,-0.821509957,-16.6634998,81.1938629,-0.859363079,-12.6538725,357.125763,0,1,0,6,6,0
142,428,3,8327452,0,0,41,0,255,0,0,0,0,0,7150,50,2.5,0,0,6,3683.52417,0.715116262,0,-1.24575174,-14.4253311,52.0304871,-1.31097889,-11.7008991,358.552826,0,1,0,3,3,0
143,429,1,8327300,0,0,61,0,255,0,0,0,0,0,7200,50,2.5,0,0,6,3692.54492,2.24232578,0,-1.13637817,-15.2631493,94.72229,-1.30080771,-14.0929232,358.83197,0,1,0,1,1,0
143,430,2,8327376,0,0,104,0,255,0,0,0,0,0,7200,50,2.5,0,0,6,3689.37036,5.29872465,0,-0.789927959,-16.7720165,81.638855,-0.87303102,-12.8240747,357.682434,0,1,0,6,6,0
143,431,3,8327452,0,0,47,0,255,0,0,0,0,0,7200,50,2.5,0,0,6,3697.62622,0.903030336,0,-1.2303071,-14.5668201,58.1536942,-1.31379759,-11.8720541,358.541046,0,1,0,3,3,0
144,432,1,8327300,0,0,63,0,255,0,0,0,0,0,7250,50,2.5,0,0,6,3705.75439,2.26761651,0,-1.11211801,-15.4091396,100.643463,-1.284343,-14.2636728,358.861908,0,1,0,1,1,0
144,433,2,8327376,0,0,92,0,255,0,0,0,0,0,7250,50,2.5,0,0,6,3700.96558,8.00119305,0,-0.7540766,-16.8908577,82.1115265,-0.884532392,-12.9949474,357.963074,0,1,0,6,6,0
144,434,3,8327452,0,0,0,0,255,0,0,0,0,0,7250,50,2.5,0,0,6,3711.26636,1.10947192,0,-1.27783275,-14.0959034,64.4114609,-1.31571305,-12.0438509,359.706696,0,1,0,2,2,0
145,435,1,8327300,0,0,64,0,255,0,0,0,0,0,7300,50,2.5,0,0,6,3718.68604,2.52797365,0,-1.08566928,-15.5564404,100.993256,-1.26650965,-14.4348822,358.854248,0,1,0,1,1,0
145,436,2,8327376,0,0,87,0,255,0,0,0,0,0,7300,50,2.5,0,0,6,3711.75342,9.63425446,0,-0.723173201,-16.9898529,87.8557739,-0.893748403,-13.1664448,358.204559,0,1,0,6,6,0
145,437,3,8327452,0,0,0,0,255,0,0,0,0,0,7300,50,2.5,0,0,6,3724.73608,1.37193644,0,-1.26500809,-14.234025,65.2316437,-1.31675267,-12.2162733,359.549377,0,1,0,2,2,0
146,438,1,8327300,0,0,68,0,255,0,0,0,0,0,7350,50,2.5,0,0,6,3731.13208,3.00625205,0,-1.05810571,-15.6983681,101.320206,-1.24721026,-14.6065073,358.798798,0,1,0,1,1,0
146,439,2,8327376,0,0,83,0,255,0,0,0,0,0,7350,50,2.5,0,0,6,3721.97559,10.4114485,0,-0.684416533,-17.1098251,88.2378387,-0.900621951,-13.3385191,358.308289,0,1,0,6,6,0
146,440,3,8327452,0,0,0,0,255,0,0,0,0,0,7350,50,2.5,0,0,6,3737.74951,1.4279784,0,-1.24887836,-14.3954592,73.99617,-1.31693447,-12.3893023,359.312927,0,1,0,2,2,0
147,441,1,8327300,0,0,75,0,255,0,0,0,0,0,7400,50,2.5,0,0,6,3743.07422,3.46376801,0,-1.02507043,-15.8548803,101.6689,-1.22635388,-14.7785025,358.681641,0,1,0,1,1,0
147,442,2,8327376,0,0,76,0,255,0,0,0,0,0,7400,50,2.5,0,0,6,3731.83203,10.7544785,0,-0.650828779,-17.2102852,88.5444336,-0.905124903,-13.5111246,358.449036,0,1,0,6,6,0
147,443,3,8327452,0,0,0,0,255,0,0,0,0,0,7400,50,2.5,0,0,6,3750.45337,1.33939683,0,-1.23283851,-14.5442886,74.6086044,-1.31628191,-12.5629196,359.066223,0,1,0,2,2,0
148,444,1,8327300,0,0,86,0,255,0,0,0,0,0,7450,50,2.5,0,0,6,3754.4939,3.95966053,0,-0.992543399,-15.9994144,108.970657,-1.20384014,-14.9508171,358.59671,0,1,0,1,1,0
148,445,2,8327376,0,0,0,0,255,0,0,0,0,0,7450,50,2.5,0,0,6,3741.46436,10.8401241,0,-0.749273002,-16.9064503,94.080368,-0.907254338,-13.6842203,360,0.300079346,1,0,5,5,0
148,446,3,8327452,0,0,54,0,255,0,0,0,0,0,7450,50,2.5,0,0,6,3762.8584,1.24111879,0,-1.21750128,-14.6771355,81.3540878,-1.31482291,-12.7371073,358.813263,0,1,0,2,2,0
149,447,1,8327300,0,0,87,0,255,0,0,0,0,0,7500,50,2.5,0,0,6,3765.323,4.59140253,0,-0.958732963,-16.1425991,109.432709,-1.1795454,-15.1233902,358.58606,0,1,0,1,1,0
149,448,2,8327376,0,0,0,0,255,0,0,0,0,0,7500,50,2.5,0,0,6,3751.63696,10.6123133,0,-0.715182602,-17.0149593,94.3766937,-0.90712887,-13.8577881,360,0.332221985,1,0,5,5,0
149,449,3,8327452,0,0,56,0,255,0,0,0,0,0,7500,50,2.5,0,0,6,3774.71167,1.13846481,0,-1.19765711,-14.8370829,81.8445511,-1.31245327,-12.9118366,358.788208,0,1,0,2,2,0
150,450,1,8327300,0,0,90,0,255,0,0,0,0,0,7550,50,2.5,0,0,6,3775.64746,5.4958601,0,-0.921709538,-16.2920151,109.899887,-1.1533345,-15.2961569,358.547119,0,1,0,1,1,0
150,451,2,8327376,0,0,0,0,255,0,0,0,0,0,7550,50,2.5,0,0,6,3761.29077,10.7129469,0,-0.673786879,-17.1419582,94.7079468,-0.904759228,-14.0317888,360,0.222366333,1,0,5,5,0
150,452,3,8327452,0,0,59,0,255,0,0,0,0,0,7550,50,2.5,0,0,6,3786.27808,1.4021399,0,-1.17945051,-14.9734669,87.6465607,-1.30903351,-13.08708,358.805328,0,1,0,2,2,0
151,453,1,8327300,0,0,92,0,255,0,0,0,0,0,7600,50,2.5,0,0,6,3785.36743,6.44239521,0,-0.886045575,-16.4293766,110.308838,-1.12508953,-15.4690495,358.521698,0,1,0,1,1,0
151,454,2,8327376,0,0,0,0,255,0,0,0,0,0,7600,50,2.5,0,0,6,3770.76294,10.3421278,0,-0.637570143,-17.249094,100.603973,-0.900178134,-14.2061892,360,0.152114868,1,0,5,5,0
151,455,3,8327452,0,0,61,0,255,0,0,0,0,0,7600,50,2.5,0,0,6,3797.38428,1.84177256,0,-1.1568085,-15.1310368,88.0388336,-1.30443764,-13.2628059,358.779968,0,1,0,2,2,0
152,456,1,8327300,0,0,104,0,255,0,0,0,0,0,7650,50,2.5,0,0,6,3794.52905,7.39036274,0,-0.844924152,-16.5805683,120.28241,-1.09470224,-15.6420002,358.475189,0,1,0,1,1,0
152,457,2,8327376,0,0,0,0,255,0,0,0,0,0,7650,50,2.5,0,0,6,3780.11377,9.80875683,0,-0.592976868,-17.3762875,100.984528,-0.893435121,-14.3809586,359.931244,0,1,0,5,5,0
152,458,3,8327452,0,0,60,0,255,0,0,0,0,0,7650,50,2.5,0,0,6,3808.04492,2.3050642,0,-1.13677919,-15.2606392,88.3525696,-1.29854965,-13.438983,358.805573,0,1,0,2,2,0
153,459,1,8327300,0,0,102,0,255,0,0,0,0,0,7700,50,2.5,0,0,6,3802.9751,8.33193398,0,-0.7980299,-16.7445297,120.983078,-1.06206179,-15.81493,358.514313,0,1,0,1,1,0
153,460,2,8327376,0,0,0,0,255,0,0,0,0,0,7700,50,2.5,0,0,6,3789.38379,9.17088795,0,-0.548915744,-17.4972172,101.335464,-0.884592175,-14.5560703,359.685364,0,1,0,5,5,0
153,461,3,8327452,0,0,0,0,255,0,0,0,0,0,7700,50,2.5,0,0,6,3818.29102,2.77751946,0,-1.19440603,-14.8621235,93.8996277,-1.29127073,-13.6155777,360,0.00971221924,1,0,1,1,0
154,462,1,8327300,0,0,134,0,255,0,0,0,0,0,7750,50,2.5,0,0,6,3810.9585,9.60467243,0,-0.611855924,-17.3230476,121.901138,-1.02704465,-15.9877577,358.071503,0,1,0,2,2,0
154,463,2,8327376,0,0,0,0,255,0,0,0,0,0,7750,50,2.5,0,0,6,3798.59863,8.47286892,0,-0.50701344,-17.60816,101.639313,-0.873720288,-14.7315035,359.433563,0,1,0,5,5,0
154,464,3,8327452,0,0,0,0,255,0,0,0,0,0,7750,50,2.5,0,0,6,3828.52734,3.19009924,0,-1.17316139,-15.0184994,94.2304993,-1.28264868,-13.7925768,359.707764,0,1,0,1,1,0
155,465,1,8327300,0,0,111,0,255,0,0,0,0,0,7800,50,2.5,0,0,6,3817.69702,10.8285074,0,-0.558238268,-17.4720039,122.784882,-0.989522278,-16.1603737,358.421051,0,1,0,2,2,0
155,466,2,8327376,0,0,0,0,255,0,0,0,0,0,7800,50,2.5,0,0,6,3807.77344,7.75038195,0,-0.459557146,-17.7293644,108.940262,-0.860896885,-14.907238,359.073364,0,1,0,5,5,0
155,467,3,8327452,0,0,0,0,255,0,0,0,0,0,7800,50,2.5,0,0,6,3838.30518,3.22124314,0,-1.15054929,-15.1724672,94.54599,-1.27272022,-13.9699631,359.344971,0,1,0,1,1,0
156,468,1,8327300,0,0,108,0,255,0,0,0,0,0,7850,50,2.5,0,0,6,3824.40381,13.188714,0,-0.507174373,-17.6077423,131.140839,-0.94931823,-16.3326721,358.557556,0,1,0,2,2,0
156,469,2,8327376,0,0,88,0,255,0,0,0,0,0,7850,50,2.5,0,0,6,3816.9126,7.03057051,0,-0.405592263,-17.861866,109.466385,-0.846203625,-15.0832586,358.59491,0,1,0,5,5,0
156,470,3,8327452,0,0,59,0,255,0,0,0,0,0,7850,50,2.5,0,0,6,3847.88647,2.99039412,0,-1.12636995,-15.324728,94.8422699,-1.26152849,-14.1477213,358.908295,0,1,0,1,1,0
157,471,1,8327300,0,0,104,0,255,0,0,0,0,0,7900,50,2.5,0,0,6,3830.22046,14.8376389,0,-0.445562273,-17.7642555,131.627625,-0.906360149,-16.50457,358.620117,0,1,0,2,2,0
157,472,2,8327376,0,0,90,0,255,0,0,0,0,0,7900,50,2.5,0,0,6,3825.25635,6.33307648,0,-0.356635481,-17.9775162,109.910126,-0.829583585,-15.2595139,358.574371,0,1,0,5,5,0
157,473,3,8327452,0,0,76,0,255,0,0,0,0,0,7900,50,2.5,0,0,6,3856.93164,2.74717712,0,-1.10254812,-15.4637842,100.773651,-1.24899602,-14.3258171,358.688904,0,1,0,1,1,0
158,474,1,8327300,0,0,101,0,255,0,0,0,0,0,7950,50,2.5,0,0,6,3835.62231,15.8302479,0,-0.389270127,-17.9008884,131.996689,-0.860601306,-16.675993,358.659027,0,1,0,2,2,0
158,475,2,8327376,0,0,95,0,255,0,0,0,0,0,7950,50,2.5,0,0,6,3833.67261,6.72472191,0,-0.301891178,-18.1020775,110.366653,-0.810912848,-15.4359465,358.495422,0,1,0,5,5,0
158,476,3,8327452,0,0,86,0,255,0,0,0,0,0,7950,50,2.5,0,0,6,3865.68433,2.92513371,0,-1.07447267,-15.6154346,101.128052,-1.23500216,-14.5042076,358.527344,0,1,0,1,1,0
159,477,1,8327300,0,0,104,0,255,0,0,0,0,0,8000,50,2.5,0,0,6,3840.68408,16.4744225,0,-0.322738051,-18.0552139,132.354614,-0.81201905,-16.8468761,358.625275,0,1,0,2,2,0
159,478,2,8327376,0,0,109,0,255,0,0,0,0,0,8000,50,2.5,0,0,6,3841.50635,7.69786596,0,-0.243790403,-18.2291546,120.406921,-0.790076733,-15.6124926,358.41864,0,1,0,5,5,0
159,479,3,8327452,0,0,97,0,255,0,0,0,0,0,8000,50,2.5,0,0,6,3873.9458,3.66287136,0,-1.04163182,-15.7781315,101.499847,-1.21937537,-14.6828384,358.350739,0,1,0,1,1,0
160,480,1,8327300,0,0,106,0,255,0,0,0,0,0,8050,50,2.5,0,0,6,3845.38794,16.8319931,0,-0.257641912,-18.199316,132.626953,-0.760604858,-17.0171547,358.614044,0,1,0,2,2,0
160,481,2,8327376,0,0,110,0,255,0,0,0,0,0,8050,50,2.5,0,0,6,3848.63062,8.75175285,0,-0.181664467,-18.359621,121.123932,-0.766947448,-15.7890778,358.424438,0,1,0,5,5,0
160,482,3,8327452,0,0,103,0,255,0,0,0,0,0,8050,50,2.5,0,0,6,3881.57031,4.71323633,0,-1.01195347,-15.9140139,101.794907,-1.20192647,-14.8616447,358.261322,0,1,0,1,1,0
161,483,1,8327300,0,0,107,0,255,0,0,0,0,0,8100,50,2.5,0,0,6,3849.84058,17.2305641,0,-0.190778956,-18.3408146,132.836823,-0.706343353,-17.1867599,358.601196,0,1,0,2,2,0
161,484,2,8327376,0,0,114,0,255,0,0,0,0,0,8100,50,2.5,0,0,6,3855.229,10.2583714,0,-0.114064187,-18.4956951,122.117905,-0.741375744,-15.9656181,358.376038,0,1,0,5,5,0
161,485,3,8327452,0,0,119,0,255,0,0,0,0,0,8100,50,2.5,0,0,6,3888.55493,6.0787425,0,-0.975157917,-16.0738888,109.211105,-1.18245947,-15.040554,358.133423,0,1,0,1,1,0
162,486,1,8327300,0,0,109,0,255,0,0,0,0,0,8150,50,2.5,0,0,6,3854.02588,17.7291851,0,-0.124267429,-18.4755325,132.979156,-0.649217606,-17.3556213,358.5802,0,1,0,2,2,0
162,487,2,8327376,0,0,0,0,255,0,0,0,0,0,8150,50,2.5,0,0,6,3861.11084,11.847949,0,-0.226614907,-18.2657661,122.954834,-0.713233232,-16.1420288,360,0.483680725,1,0,4,4,0
162,488,3,8327452,0,0,117,0,255,0,0,0,0,0,8150,50,2.5,0,0,6,3894.64941,7.64791059,0,-0.940510333,-16.2170525,109.668304,-1.16077542,-15.2194796,358.161774,0,1,0,1,1,0
163,489,1,8327300,0,0,116,0,255,0,0,0,0,0,8200,50,2.5,0,0,6,3857.90576,18.2513123,0,-0.0509905815,-18.6175137,137.526443,-0.589212656,-17.5236683,358.535645,0,1,0,2,2,0
163,490,2,8327376,0,0,0,0,255,0,0,0,0,0,8200,50,2.5,0,0,6,3867.8606,13.4668808,0,-0.161063313,-18.4017181,131.289642,-0.68249172,-16.3182793,360,0.0600357056,1,0,4,4,0
163,491,3,8327452,0,0,120,0,255,0,0,0,0,0,8200,50,2.5,0,0,6,3900.13477,9.73963165,0,-0.902104437,-16.3682785,110.128662,-1.13666809,-15.3983297,358.134735,0,1,0,1,1,0
164,492,1,8327300,0,0,118,0,255,0,0,0,0,0,8250,50,2.5,0,0,6,3861.37012,18.8261623,0,0.0291471779,-18.7656612,137.336533,-0.526311278,-17.6908207,358.512878,0,1,0,2,2,0
164,493,2,8327376,0,0,0,0,255,0,0,0,0,0,8250,50,2.5,0,0,6,3873.5188,13.8572159,0,-0.0938933492,-18.5351734,131.737,-0.649206161,-16.4943409,359.56369,0,1,0,4,4,0
164,494,3,8327452,0,0,132,0,255,0,0,0,0,0,8250,50,2.5,0,0,6,3904.77661,11.8202066,0,-0.860855758,-16.5228596,120.002243,-1.10997403,-15.5770111,358.119415,0,1,0,1,1,0
165,495,1,8327300,0,0,119,0,255,0,0,0,0,0,8300,50,2.5,0,0,6,3864.15259,19.7190399,0,0.103217155,-18.8964729,137.11496,-0.460483193,-17.8569736,358.497864,0,1,0,2,2,0
165,496,2,8327376,0,0,82,0,255,0,0,0,0,0,8300,50,2.5,0,0,6,3879.21729,13.048398,0,-0.019936204,-18.6757736,132.142227,-0.613447011,-16.6701965,358.930542,0,1,0,4,4,0
165,497,3,8327452,0,0,154,0,255,0,0,0,0,0,8300,50,2.5,0,0,6,3908.48145,13.8435431,0,-0.682623506,-17.1152687,120.694977,-1.08054292,-15.7554207,357.824188,0,1,0,2,2,0
166,498,1,8327300,0,0,123,0,255,0,0,0,0,0,8350,50,2.5,0,0,6,3866.24487,20.7351494,0,0.184991345,-19.0345726,136.820557,-0.3917135,-18.0220261,358.43927,0,1,0,2,2,0
166,499,2,8327376,0,0,116,0,255,0,0,0,0,0,8350,50,2.5,0,0,6,3884.19043,12.1260681,0,0.0494796932,-18.8021355,132.448883,-0.575220942,-16.8457947,358.488861,0,1,0,4,4,0
166,500,3,8327452,0,0,126,0,255,0,0,0,0,0,8350,50,2.5,0,0,6,3911.01147,16.3002338,0,-0.628046334,-17.2766838,121.617142,-1.04820561,-15.9334278,358.235229,0,1,0,2,2,0
167,501,1,8327300,0,0,129,0,255,0,0,0,0,0,8400,50,2.5,0,0,6,3867.90796,21.7504292,0,0.27425009,-19.1783028,136.447266,-0.31997931,-18.1858883,358.364899,0,1,0,2,2,0
167,502,2,8327376,0,0,136,0,255,0,0,0,0,0,8400,50,2.5,0,0,6,3889.06934,11.5477762,0,0.12933293,-18.9412746,132.721466,-0.534501016,-17.0210705,358.234558,0,1,0,4,4,0
167,503,3,8327452,0,0,114,0,255,0,0,0,0,0,8400,50,2.5,0,0,6,3913.4502,19.9086742,0,-0.577676535,-17.4187965,122.47403,-1.012766,-16.1109161,358.406403,0,1,0,2,2,0
168,504,1,8327300,0,0,133,0,255,0,0,0,0,0,8450,50,2.5,0,0,6,3868.67896,22.8873825,0,0.36223188,-19.3133488,136.035355,-0.245255977,-18.3484402,358.313995,0,1,0,2,2,0
168,505,2,8327376,0,0,138,0,255,0,0,0,0,0,8450,50,2.5,0,0,6,3893.43384,12.9028187,0,0.203229442,-19.064518,132.90271,-0.491140962,-17.1959057,358.218384,0,1,0,4,4,0
168,506,3,8327452,0,0,119,0,255,0,0,0,0,0,8450,50,2.5,0,0,6,3915.0293,22.1540833,0,-0.519001961,-17.576807,131.037567,-0.974155426,-16.2877979,358.446716,0,1,0,2,2,0
169,507,1,8327300,0,0,137,0,255,0,0,0,0,0,8500,50,2.5,0,0,6,3869.04419,24.2948627,0,0.452787936,-19.4459686,135.564682,-0.167512357,-18.5095768,358.2547,0,1,0,2,2,0
169,508,2,8327376,0,0,154,0,255,0,0,0,0,0,8500,50,2.5,0,0,6,3897.11401,15.5524168,0,0.288271844,-19.2002544,137.591263,-0.444963008,-17.3701687,358.086548,0,1,0,4,4,0
169,509,3,8327452,0,0,112,0,255,0,0,0,0,0,8500,50,2.5,0,0,6,3915.99707,22.9858284,0,-0.460628301,-17.7266808,131.515381,-0.93236053,-16.4639988,358.545288,0,1,0,2,2,0
170,510,1,8327300,0,0,142,0,255,0,0,0,0,0,8550,50,2.5,0,0,6,3868.87012,25.9195175,0,0.545986235,-19.5761852,135.041122,-0.0867232159,-18.6691856,358.184998,0,1,0,2,2,0
170,511,2,8327376,0,0,0,0,255,0,0,0,0,0,8550,50,2.5,0,0,6,3899.53784,18.441658,0,0.171799868,-19.012722,137.44696,-0.395817041,-17.5437145,360,0.263786316,1,0,3,3,0
170,512,3,8327452,0,0,109,0,255,0,0,0,0,0,8550,50,2.5,0,0,6,3916.96191,23.7500992,0,-0.403879166,-17.865984,131.906891,-0.887354493,-16.6394424,358.586426,0,1,0,2,2,0
171,513,1,8327300,0,0,147,0,255,0,0,0,0,0,8600,50,2.5,0,0,6,3868.2854,27.7258148,0,0.644008577,-19.7067413,134.44548,-0.00286096334,-18.827158,358.107544,0,1,0,2,2,0
171,514,2,8327376,0,0,0,0,255,0,0,0,0,0,8600,50,2.5,0,0,6,3903.69434,22.0388336,0,0.255246371,-19.1482868,137.234039,-0.343534231,-17.7164497,359.597351,0,1,0,3,3,0
171,515,3,8327452,0,0,110,0,255,0,0,0,0,0,8600,50,2.5,0,0,6,3917.71558,24.1365051,0,-0.336982071,-18.0227947,132.283936,-0.839142263,-16.8140659,358.579742,0,1,0,2,2,0
172,516,1,8327300,0,0,153,0,255,0,0,0,0,0,8650,50,2.5,0,0,6,3867.11255,29.7755222,0,0.743486464,-19.8329906,133.805481,0.0840995237,-18.9833679,358.027466,0,1,0,2,2,0
172,517,2,8327376,0,0,98,0,255,0,0,0,0,0,8650,50,2.5,0,0,6,3905.45508,23.1203136,0,0.345940173,-19.2888165,136.945129,-0.288195431,-17.8883266,358.773132,0,1,0,3,3,0
172,518,3,8327452,0,0,109,0,255,0,0,0,0,0,8650,50,2.5,0,0,6,3918.34692,24.1546936,0,-0.275823832,-18.1597195,132.559143,-0.787742078,-16.9878082,358.592926,0,1,0,2,2,0
173,519,1,8327300,0,0,158,0,255,0,0,0,0,0,8700,50,2.5,0,0,6,3865.27344,32.0866852,0,0.847249925,-19.9584293,133.098206,0.174179107,-19.1376839,357.948425,0,1,0,2,2,0
173,520,2,8327376,0,0,153,0,255,0,0,0,0,0,8700,50,2.5,0,0,6,3905.82886,21.862072,0,0.429654002,-19.4126797,136.632004,-0.229878053,-18.0592823,358.088257,0,1,0,3,3,0
173,521,3,8327452,0,0,111,0,255,0,0,0,0,0,8700,50,2.5,0,0,6,3918.98462,24.1602211,0,-0.203081354,-18.3152523,132.804245,-0.733169079,-17.1606121,358.570496,0,1,0,2,2,0
174,522,1,8327300,0,0,160,0,255,0,0,0,0,0,8750,50,2.5,0,0,6,3862.77612,34.7370186,0,0.948029637,-20.074543,129.794098,0.267398983,-19.2899685,357.868774,0,1,0,2,2,0
174,523,2,8327376,0,0,174,0,255,0,0,0,0,0,8750,50,2.5,0,0,6,3906.16357,20.5525379,0,0.521142125,-19.5420704,136.241379,-0.168612301,-18.2292423,357.811432,0,1,0,3,3,0
174,524,3,8327452,0,0,112,0,255,0,0,0,0,0,8750,50,2.5,0,0,6,3919.52954,24.131916,0,-0.135810032,-18.4525642,132.957443,-0.675443709,-17.3324165,358.566833,0,1,0,2,2,0
175,525,1,8327300,0,0,168,0,255,0,0,0,0,0,8800,50,2.5,0,0,6,3859.646,37.6858139,0,1.06303573,-20.2006168,129.080765,0.363775522,-19.4400787,357.741974,0,1,0,2,2,0
175,526,2,8327376,0,0,0,0,255,0,0,0,0,0,8800,50,2.5,0,0,6,3905.71216,23.1742859,0,0.412110537,-19.387167,135.781448,-0.104258388,-18.3980103,359.622925,0,1,0,2,2,0
175,527,3,8327452,0,0,118,0,255,0,0,0,0,0,8800,50,2.5,0,0,6,3920.0376,24.1967144,0,-0.058075279,-18.6040668,137.539566,-0.614580274,-17.5031586,358.54184,0,1,0,2,2,0
176,528,1,8327300,0,0,205,0,255,0,0,0,0,0,8850,50,2.5,0,0,6,3855.60425,40.7039375,0,1.40212345,-20.53652,128.366623,0.463304073,-19.5878754,357.240295,0,1,0,3,3,0
176,529,2,8327376,0,0,114,0,255,0,0,0,0,0,8850,50,2.5,0,0,6,3907.51953,28.0208015,0,0.509627938,-19.5261135,135.248672,-0.0365902558,-18.5654392,358.556519,0,1,0,2,2,0
176,530,3,8327452,0,0,116,0,255,0,0,0,0,0,8850,50,2.5,0,0,6,3920.34155,24.3542957,0,0.0186650157,-18.7466869,137.365097,-0.550593138,-17.6727715,358.557343,0,1,0,2,2,0
177,531,1,8327300,0,0,183,0,255,0,0,0,0,0,8900,50,2.5,0,0,6,3849.7002,44.1774368,0,1.51957154,-20.6416416,127.577774,0.565931499,-19.7332058,357.508514,0,1,0,3,3,0
177,532,2,8327376,0,0,191,0,255,0,0,0,0,0,8900,50,2.5,0,0,6,3904.96753,29.4987488,0,0.603587031,-19.6536674,134.695908,0.0342769623,-18.7314777,357.577148,0,1,0,2,2,0
177,533,3,8327452,0,0,118,0,255,0,0,0,0,0,8900,50,2.5,0,0,6,3920.25659,24.8539028,0,0.0927844048,-18.8783855,137.146973,-0.483480513,-17.8411617,358.535431,0,1,0,2,2,0
178,534,1,8327300,0,0,181,0,255,0,0,0,0,0,8950,50,2.5,0,0,6,3844.3623,50.7097435,0,1.64290869,-20.7464161,126.715332,0.671736121,-19.8758526,357.51947,0,1,0,3,3,0
178,535,2,8327376,0,0,101,0,255,0,0,0,0,0,8950,50,2.5,0,0,6,3902.24194,28.0252361,0,0.493906915,-19.5041771,134.074371,0.108278975,-18.89604,358.709595,0,1,0,1,1,0
178,536,3,8327452,0,0,121,0,255,0,0,0,0,0,8950,50,2.5,0,0,6,3919.62524,25.2994308,0,0.180165872,-19.0265999,136.838547,-0.413265318,-18.0082474,358.486206,0,1,0,2,2,0
179,537,1,8327300,0,0,183,0,255,0,0,0,0,0,9000,50,2.5,0,0,6,3837.43701,56.2628021,0,1.77272439,-20.8508396,125.769257,0.780703962,-20.0156517,357.468597,0,1,0,3,3,0
179,538,2,8327376,0,0,234,0,255,0,0,0,0,0,9000,50,2.5,0,0,6,3901.88843,32.8919601,0,0.594972074,-19.6422195,133.376587,0.185646325,-19.0589256,356.993683,0,1,0,1,1,0
179,539,3,8327452,0,0,125,0,255,0,0,0,0,0,9000,50,2.5,0,0,6,3918.83374,25.7820034,0,0.265157342,-19.1639805,136.488663,-0.339953929,-18.173954,358.437988,0,1,0,2,2,0
180,540,1,8327300,0,0,184,0,255,0,0,0,0,0,9050,50,2.5,0,0,6,3829.73047,60.6825066,0,1.89345574,-20.9428711,124.864166,0.892798424,-20.1524658,357.426331,0,1,0,3,3,0
180,541,2,8327376,0,0,255,0,255,0,0,0,0,0,9050,50,2.5,0,0,6,3896.20312,33.053875,0,0.702467561,-19.7816658,129.971466,0.266177356,-19.2200661,356.443665,0,1,0,1,1,0
180,542,3,8327452,0,0,129,0,255,0,0,0,0,0,9050,50,2.5,0,0,6,3917.39722,26.4259186,0,0.35420686,-19.3012905,136.073334,-0.263550013,-18.3381805,358.38736,0,1,0,2,2,0
181,543,1,8327300,0,0,188,0,255,0,0,0,0,0,9100,50,2.5,0,0,6,3821.34619,65.0107574,0,2.02442169,-21.0374718,123.85405,1.00797558,-20.2861538,357.348938,0,1,0,3,3,0
181,544,2,8327376,0,0,255,0,255,0,0,0,0,0,9100,50,2.5,0,0,6,3890.83496,40.5223579,0,1.0267787,-20.1615849,129.310822,0.350033045,-19.3791542,355.862793,0,1,0,2,2,0
181,545,3,8327452,0,0,132,0,255,0,0,0,0,0,9100,50,2.5,0,0,6,3915.74341,27.2747917,0,0.439789534,-19.4273129,135.635345,-0.18405202,-18.5008411,358.340576,0,1,0,2,2,0
182,546,1,8327300,0,0,190,0,255,0,0,0,0,0,9150,50,2.5,0,0,6,3812.1228,69.2860336,0,2.15592623,-21.1272736,122.820786,1.1261698,-20.4165802,357.2854,0,1,0,3,3,0
182,547,2,8327376,0,0,255,0,255,0,0,0,0,0,9150,50,2.5,0,0,6,3883.21216,53.467968,0,1.13393867,-20.2751217,128.617569,0.43734467,-19.5358772,355.855621,0,1,0,2,2,0
182,548,3,8327452,0,0,138,0,255,0,0,0,0,0,9150,50,2.5,0,0,6,3913.78833,28.3656101,0,0.540093541,-19.5681305,135.073837,-0.101458795,-18.6618423,358.260437,0,1,0,2,2,0
183,549,1,8327300,0,0,193,0,255,0,0,0,0,0,9200,50,2.5,0,0,6,3802.25146,73.790451,0,2.29163647,-21.2147903,121.728104,1.24731278,-20.5436115,357.216431,0,1,0,3,3,0
183,550,2,8327376,0,0,255,0,255,0,0,0,0,0,9200,50,2.5,0,0,6,3873.08716,67.3707886,0,1.48795176,-20.6138687,127.793701,0.52817452,-19.6899586,355.497589,0,1,0,3,3,0
183,551,3,8327452,0,0,142,0,255,0,0,0,0,0,9200,50,2.5,0,0,6,3911.57422,29.6340199,0,0.632139385,-19.6912651,134.519897,-0.0157664344,-18.8210907,358.201538,0,1,0,2,2,0
184,552,1,8327300,0,0,192,0,255,0,0,0,0,0,9250,50,2.5,0,0,6,3791.61938,78.4574509,0,2.42961788,-21.298687,118.767532,1.37132394,-20.66712,357.158569,0,1,0,3,3,0
184,553,2,8327376,0,0,255,0,255,0,0,0,0,0,9250,50,2.5,0,0,6,3860.61694,81.5999603,0,1.60221839,-20.7124672,127.002563,0.622532785,-19.8411446,355.672302,0,1,0,3,3,0
184,554,3,8327452,0,0,147,0,255,0,0,0,0,0,9250,50,2.5,0,0,6,3908.99609,31.2371674,0,0.733326554,-19.8203735,133.872879,0.0730346665,-18.9784775,358.12027,0,1,0,2,2,0
185,555,1,8327300,0,0,210,0,255,0,0,0,0,0,9300,50,2.5,0,0,6,3780.46997,83.3252869,0,2.82749367,-21.5141792,117.723862,1.49812603,-20.786974,356.844055,0,1,0,4,4,0
185,556,2,8327376,0,0,255,0,255,0,0,0,0,0,9300,50,2.5,0,0,6,3845.90332,96.0652313,0,1.73075378,-20.8177128,126.078018,0.720381439,-19.9892044,355.809021,0,1,0,3,3,0
185,557,3,8327452,0,0,154,0,255,0,0,0,0,0,9300,50,2.5,0,0,6,3905.92725,33.1001053,0,0.842599869,-19.9529381,133.130676,0.164950907,-19.1338863,358.027252,0,1,0,2,2,0
186,558,1,8327300,0,0,196,0,255,0,0,0,0,0,9350,50,2.5,0,0,6,3767.71021,88.0168686,0,2.96990275,-21.5825157,116.653976,1.62757325,-20.9030914,357.015564,0,1,0,4,4,0
186,559,2,8327376,0,0,255,0,255,0,0,0,0,0,9350,50,2.5,0,0,6,3829.29053,110.756096,0,2.102386,-21.09132,125.150452,0.821649671,-20.1339397,355.670654,0,1,0,4,4,0
186,560,3,8327452,0,0,155,0,255,0,0,0,0,0,9350,50,2.5,0,0,6,3902.28345,35.2399635,0,0.950023174,-20.076786,129.782715,0.259987086,-19.2871952,357.949554,0,1,0,2,2,0
187,561,1,8327300,0,0,196,0,255,0,0,0,0,0,9400,50,2.5,0,0,6,3755.57349,94.5086365,0,3.12416744,-21.6498146,115.500954,1.75961447,-21.0153027,356.978912,0,1,0,4,4,0
187,562,2,8327376,0,0,255,0,255,0,0,0,0,0,9400,50,2.5,0,0,6,3810.8252,125.695068,0,2.23257399,-21.1773281,124.174606,0.926239669,-20.2751675,355.955536,0,1,0,4,4,0
187,563,3,8327452,0,0,195,0,255,0,0,0,0,0,9400,50,2.5,0,0,6,3898.21338,37.8214493,0,1.28217626,-20.4234371,129.130524,0.358154058,-19.4382706,357.414246,0,1,0,3,3,0
188,564,1,8327300,0,0,202,0,255,0,0,0,0,0,9450,50,2.5,0,0,6,3742.16309,100.042648,0,3.27963328,-21.7096519,114.367317,1.8941437,-21.123497,356.843781,0,1,0,4,4,0
188,565,2,8327376,0,0,255,0,0,255,0,0,0,0,9450,50,2.5,0,0,6,3790.64258,140.869705,0,2.36371303,-21.2592392,123.167343,1.03402829,-20.4127274,356.242981,0,1,0,4,4,0
188,566,3,8327452,0,0,175,0,255,0,0,0,0,0,9450,50,2.5,0,0,6,3892.08496,40.4684486,0,1.39878976,-20.5334568,128.386078,0.459389538,-19.586977,357.656464,0,1,0,3,3,0
189,567,1,8327300,0,0,210,0,255,0,0,0,0,0,9500,50,2.5,0,0,6,3727.9209,104.71096,0,3.44045258,-21.7642117,113.224815,2.03103089,-21.2275925,356.684631,0,1,0,4,4,0
189,568,2,8327376,0,0,235,0,0,255,0,0,0,0,9500,50,2.5,0,0,6,3666.46265,156.324661,0,2.48649931,-21.3318386,122.204803,1.13972664,-20.5446758,356.501251,0,1,0,4,4,0
189,569,3,8327452,0,0,175,0,255,0,0,0,0,0,9500,50,2.5,0,0,6,3886.80786,46.0768967,0,1.52497637,-20.6463509,127.541153,0.563782156,-19.7331123,357.646576,0,1,0,3,3,0
190,570,1,8327300,0,0,215,0,255,0,0,0,0,0,9550,50,2.5,0,0,6,3712.94409,109.930588,0,3.60070205,-21.8120289,112.112373,2.1701324,-21.3275146,356.556641,0,1,0,4,4,0
190,571,2,8327376,0,0,227,0,0,255,0,0,0,0,9550,50,2.5,0,0,6,3545.84253,183.715668,0,2.87819123,-21.5390129,119.261322,1.24342489,-20.6708069,356.411865,0,1,0,5,5,0
190,572,3,8327452,0,0,175,0,255,0,0,0,0,0,9550,50,2.5,0,0,6,3880.04272,50.9812317,0,1.64290869,-20.7464161,126.715332,0.671322942,-19.8765221,357.62204,0,1,0,3,3,0
191,573,1,8327300,0,0,218,0,255,0,0,0,0,0,9600,50,2.5,0,0,6,3697.36182,116.302818,0,3.78143048,-21.8589535,109.39431,2.31130552,-21.4231815,356.40976,0,1,0,4,4,0
191,574,2,8327376,0,0,209,0,0,255,0,0,0,0,9600,50,2.5,0,0,6,3424.13184,211.321625,0,3.00362372,-21.5979652,118.357559,1.34522092,-20.7909317,356.556091,0,1,0,5,5,0
191,575,3,8327452,0,0,179,0,255,0,0,0,0,0,9600,50,2.5,0,0,6,3872.54419,55.0206413,0,1.76764965,-20.8468647,125.806458,0.781989515,-20.0170612,357.546906,0,1,0,3,3,0
192,576,1,8327300,0,0,221,0,255,0,0,0,0,0,9650,50,2.5,0,0,6,3681.06567,123.615738,0,3.95844054,-21.8984165,108.314079,2.45440555,-21.5145111,356.2995,0,1,0,4,4,0
192,577,2,8327376,0,0,201,0,0,255,0,0,0,0,9650,50,2.5,0,0,6,3301.56372,234.927887,0,3.12756133,-21.6512032,117.468445,1.44530082,-20.904686,356.532257,0,1,0,5,5,0
192,578,3,8327452,0,0,184,0,255,0,0,0,0,0,9650,50,2.5,0,0,6,3864.37817,58.832737,0,1.90325356,-20.9501343,124.789139,0.895739555,-20.1546021,357.457336,0,1,0,3,3,0
193,579,1,8327300,0,0,222,0,255,0,0,0,0,0,9700,50,2.5,0,0,6,3663.93677,131.498596,0,4.14091969,-21.93297,107.220764,2.59928036,-21.6014309,356.2276,0,1,0,4,4,0
193,580,2,8327376,0,0,197,0,0,255,0,0,0,0,9700,50,2.5,0,0,6,3176.58765,251.665771,0,3.25154209,-21.6993828,116.593201,1.54381001,-21.0117397,356.454742,0,1,0,5,5,0
193,581,3,8327452,0,0,186,0,255,0,0,0,0,0,9700,50,2.5,0,0,6,3855.49414,62.8127861,0,2.02795815,-21.0399513,123.827866,1.01252079,-20.289011,357.403503,0,1,0,3,3,0
194,582,1,8327300,0,0,220,0,255,0,0,0,0,0,9750,50,2.5,0,0,6,3652.35645,139.88472,0,4.32027578,-21.96134,106.168015,2.74612713,-21.683857,356.207458,0,1,0,4,4,0
194,583,2,8327376,0,0,191,0,255,0,0,0,0,0,9750,50,2.5,0,0,6,3049.76709,261.04657,0,3.3703196,-21.7412758,115.765709,1.64064908,-21.1122303,356.388184,0,1,0,5,5,0
194,584,3,8327452,0,0,190,0,255,0,0,0,0,0,9750,50,2.5,0,0,6,3853.26904,67.1966934,0,2.16816854,-21.1353779,122.720901,1.13261282,-20.4203072,357.321533,0,1,0,3,3,0
195,585,1,8327300,0,0,217,0,255,0,0,0,0,0,9800,50,2.5,0,0,6,3640.19189,147.545074,0,4.51220608,-21.9859791,104.81517,2.89478922,-21.7617016,356.205505,0,1,0,4,4,0
195,586,2,8327376,0,0,192,0,255,0,0,0,0,0,9800,50,2.5,0,0,6,3027.75537,264.072205,0,3.50324106,-21.7836857,114.851196,1.74089885,-21.2080498,356.315308,0,1,0,5,5,0
195,587,3,8327452,0,0,192,0,255,0,0,0,0,0,9800,50,2.5,0,0,6,3850.10938,71.2258759,0,2.29948092,-21.219696,121.664062,1.25593853,-20.5483456,357.264648,0,1,0,3,3,0
196,588,1,8327300,0,0,210,0,255,0,0,0,0,0,9850,50,2.5,0,0,6,3627.35034,155.048874,0,4.70565748,-22.0051842,102.611824,3.0451107,-21.8348866,356.238403,0,1,0,4,4,0
196,589,2,8327376,0,0,188,0,255,0,0,0,0,0,9850,50,2.5,0,0,6,3009.90796,249.131775,0,3.63409257,-21.8212357,113.96357,1.84462035,-21.298666,356.33905,0,1,0,5,5,0
196,590,3,8327452,0,0,192,0,255,0,0,0,0,0,9850,50,2.5,0,0,6,3846.14331,75.5933075,0,2.445333,-21.3079262,118.648727,1.38241804,-20.6729794,357.195801,0,1,0,3,3,0
197,591,1,8327300,0,0,200,0,255,0,0,0,0,0,9900,50,2.5,0,0,6,3614.1731,161.97467,0,4.89037657,-22.0185242,99.3883133,3.1969471,-21.9033184,356.279968,0,1,0,4,4,0
197,592,2,8327376,0,0,181,0,255,0,0,0,0,0,9900,50,2.5,0,0,6,2990.80664,236.338867,0,3.76615953,-21.855257,113.082436,1.95171523,-21.3838787,356.418152,0,1,0,5,5,0
197,593,3,8327452,0,0,214,0,255,0,0,0,0,0,9900,50,2.5,0,0,6,3841.41504,80.1678009,0,2.8465426,-21.5235767,117.582275,1.51196766,-20.7940655,356.838654,0,1,0,4,4,0
198,594,1,8327300,0,0,207,0,255,0,0,0,0,0,9950,50,2.5,0,0,6,3600.79321,167.63649,0,5.4224267,-22.0313225,97.761467,3.35016441,-21.9668961,356.078583,0,1,0,5,5,0
198,595,2,8327376,0,0,174,0,255,0,0,0,0,0,9950,50,2.5,0,0,6,2973.74878,219.409225,0,3.8955431,-21.8850918,112.231186,2.06197596,-21.4638367,356.522339,0,1,0,5,5,0
198,596,3,8327452,0,0,198,0,255,0,0,0,0,0,9950,50,2.5,0,0,6,3834.61597,84.667572,0,2.99186873,-21.5926266,116.485245,1.64442801,-20.9115047,357.036133,0,1,0,4,4,0
199,597,1,8327300,0,0,190,0,255,0,0,0,0,0,10000,50,2.5,0,0,6,3586.02002,171.255997,0,5.60371256,-22.0273685,96.1883011,3.50459099,-22.0256176,356.322723,0,1,0,5,5,0
199,598,2,8327376,0,0,163,0,255,0,0,0,0,0,10000,50,2.5,0,0,6,2961.23804,201.120819,0,4.0357275,-21.9137821,109.793358,2.1752305,-21.5386429,356.644745,0,1,0,5,5,0
199,599,3,8327452,0,0,199,0,255,0,0,0,0,0,10000,50,2.5,0,0,6,3828.52319,91.4433365,0,3.14401555,-21.657877,115.354332,1.7797488,-21.0251102,356.993042,0,1,0,4,4,0
200,600,1,8327300,0,0,179,0,255,0,0,0,0,0,10050,50,2.5,0,0,6,3572.729,175.064651,0,5.78486967,-22.0193081,94.7016296,3.66010785,-22.0793476,356.469879,0,1,0,5,5,0
200,601,2,8327376,0,0,157,0,255,0,0,0,0,0,10050,50,2.5,0,0,6,2952.84058,184.105194,0,4.18510151,-21.9404564,108.914101,2.29133105,-21.608366,356.747498,0,1,0,5,5,0
200,602,3,8327452,0,0,205,0,255,0,0,0,0,0,10050,50,2.5,0,0,6,3820.79346,97.2818451,0,3.29573393,-21.715435,114.250412,1.91781473,-21.134758,356.861938,0,1,0,4,4,0
201,603,1,8327300,0,0,170,0,255,0,0,0,0,0,10100,50,2.5,0,0,6,3559.05566,176.749954,0,5.96652889,-22.0071239,93.2767334,3.81658912,-22.1279926,356.580536,0,1,0,5,5,0
201,604,2,8327376,0,0,149,0,255,0,0,0,0,0,10100,50,2.5,0,0,6,2947.79883,167.471619,0,4.33169079,-21.9629669,108.058846,2.41013646,-21.6730804,356.879395,0,1,0,5,5,0
201,605,3,8327452,0,0,215,0,255,0,0,0,0,0,10100,50,2.5,0,0,6,3812.00806,102.340469,0,3.46362948,-21.7715149,113.062233,2.05848956,-21.2403469,356.675507,0,1,0,4,4,0
202,606,1,8327300,0,0,162,0,255,0,0,0,0,0,10150,50,2.5,0,0,6,3545.61475,175.400192,0,6.13139915,-21.9925156,92.0389328,3.97391272,-22.1714764,356.679169,0,1,0,5,5,0
202,607,2,8327376,0,0,141,0,255,0,0,0,0,0,10150,50,2.5,0,0,6,2946.26562,151.48613,0,4.47178316,-21.9812622,107.252403,2.53151751,-21.7328568,357.01889,0,1,0,5,5,0
202,608,3,8327452,0,0,221,0,255,0,0,0,0,0,10150,50,2.5,0,0,6,3802.06445,108.042694,0,3.634408,-21.8213215,111.881386,2.2016151,-21.3417892,356.525452,0,1,0,4,4,0
203,609,1,8327300,0,0,157,0,255,0,0,0,0,0,10200,50,2.5,0,0,6,3532.75879,171.786285,0,6.3003149,-21.9740181,91.4633484,4.13196182,-22.2097397,356.76355,0,1,0,5,5,0
203,610,2,8327376,0,0,133,0,255,0,0,0,0,0,10200,50,2.5,0,0,6,2947.97656,136.169388,0,4.63165331,-21.9984837,106.340149,2.65535235,-21.787775,357.155365,0,1,0,5,5,0
203,611,3,8327452,0,0,224,0,255,0,0,0,0,0,10200,50,2.5,0,0,6,3791.2312,115.193565,0,3.81338811,-21.8665352,109.198441,2.34703445,-21.4389915,356.386108,0,1,0,4,4,0
204,612,1,8327300,0,0,151,0,255,0,0,0,0,0,10250,50,2.5,0,0,6,3520.6167,166.299469,0,6.47511482,-21.9510784,91.1800613,4.29062033,-22.2427483,356.861938,0,1,0,5,5,0
204,613,2,8327376,0,0,126,0,255,0,0,0,0,0,10250,50,2.5,0,0,6,2952.83154,121.450958,0,4.77693176,-22.0108967,105.522751,2.78152585,-21.8379269,357.293823,0,1,0,5,5,0
204,614,3,8327452,0,0,230,0,255,0,0,0,0,0,10250,50,2.5,0,0,6,3779.41235,123.60041,0,4.0062542,-21.9080524,108.023926,2.49459028,-21.5318584,356.244629,0,1,0,4,4,0
205,615,1,8327300,0,0,139,0,255,0,0,0,0,0,10300,50,2.5,0,0,6,3509.66968,159.55867,0,6.6402154,-21.9258022,87.4121857,4.44977856,-22.2704754,356.966492,0,1,0,5,5,0
205,616,2,8327376,0,0,118,0,255,0,0,0,0,0,10300,50,2.5,0,0,6,2960.69116,107.423813,0,4.93048,-22.0207958,104.005402,2.9099288,-21.8834267,357.432098,0,1,0,5,5,0
205,617,3,8327452,0,0,230,0,255,0,0,0,0,0,10300,50,2.5,0,0,6,3766.23218,132.74382,0,4.19515562,-21.9421158,106.899933,2.64410615,-21.6203232,356.186646,0,1,0,4,4,0
206,618,1,8327300,0,0,135,0,255,0,0,0,0,0,10350,50,2.5,0,0,6,3500.40942,151.797272,0,6.7930212,-21.8992119,86.4336777,4.60933781,-22.2928791,357.016815,0,1,0,5,5,0
206,619,2,8327376,0,0,111,0,255,0,0,0,0,0,10350,50,2.5,0,0,6,2971.5061,94.2797775,0,5.09073973,-22.02771,102.25898,3.04045916,-21.9244003,357.554138,0,1,0,5,5,0
206,620,3,8327452,0,0,229,0,255,0,0,0,0,0,10350,50,2.5,0,0,6,3752.23926,142.949539,0,4.38901854,-21.9708233,105.770531,2.79541659,-21.7043037,356.156494,0,1,0,4,4,0
207,621,1,8327300,0,0,131,0,255,0,0,0,0,0,10400,50,2.5,0,0,6,3492.22583,142.359695,0,6.95199871,-21.868206,85.6620483,4.76920366,-22.3099804,357.083771,0,1,0,5,5,0
207,622,2,8327376,0,0,103,0,255,0,0,0,0,0,10400,50,2.5,0,0,6,2985.0481,82.0494919,0,5.24198055,-22.0311184,99.4265137,3.1730206,-21.9609947,357.670685,0,1,0,5,5,0
207,623,3,8327452,0,0,223,0,255,0,0,0,0,0,10400,50,2.5,0,0,6,3737.22412,153.643234,0,4.58268356,-21.9936104,103.990631,2.94835448,-21.7837334,356.166229,0,1,0,4,4,0
208,624,1,8327300,0,0,127,0,255,0,0,0,0,0,10450,50,2.5,0,0,6,3485.87817,132.065506,0,7.11504745,-21.8327522,85.5784073,4.92928839,-22.3218174,357.16391,0,1,0,5,5,0
208,625,2,8327376,0,0,98,0,255,0,0,0,0,0,10450,50,2.5,0,0,6,3001.21021,70.8321075,0,5.38852596,-22.031601,98.0662918,3.30752492,-21.993372,357.765625,0,1,0,5,5,0
208,626,3,8327452,0,0,214,0,255,0,0,0,0,0,10450,50,2.5,0,0,6,3721.59058,164.347977,0,4.7757597,-22.0108089,100.521942,3.10276699,-21.8585281,356.17868,0,1,0,4,4,0
209,627,1,8327300,0,0,122,0,255,0,0,0,0,0,10500,50,2.5,0,0,6,3481.44922,121.697906,0,7.26119089,-21.7977123,85.4355316,5.08951092,-22.3284435,357.255707,0,1,0,5,5,0
209,628,2,8327376,0,0,94,0,255,0,0,0,0,0,10500,50,2.5,0,0,6,3019.65601,60.6223412,0,5.54928732,-22.0289917,96.6528549,3.44388866,-22.0217113,357.847717,0,1,0,5,5,0
209,629,3,8327452,0,0,210,0,255,0,0,0,0,0,10500,50,2.5,0,0,6,3705.40405,174.228836,0,4.96477222,-22.0225658,98.6775513,3.2585113,-21.9285946,356.173462,0,1,0,4,4,0
210,630,1,8327300,0,0,118,0,255,0,0,0,0,0,10550,50,2.5,0,0,6,3479.05078,111.411163,0,7.41781616,-21.7565937,85.2177048,5.24979687,-22.3299255,357.341095,0,1,0,5,5,0
210,631,2,8327376,0,0,89,0,255,0,0,0,0,0,10550,50,2.5,0,0,6,3040.19092,51.5887108,0,5.69129658,-22.0239811,95.4586792,3.58203435,-22.046196,357.942932,0,1,0,5,5,0
210,632,3,8327452,0,0,213,0,255,0,0,0,0,0,10550,50,2.5,0,0,6,3688.30127,182.389145,0,5.50067139,-22.0301228,97.0727234,3.41543579,-21.9938755,356.022064,0,1,0,5,5,0
211,633,1,8327300,0,0,114,0,255,0,0,0,0,0,10600,50,2.5,0,0,6,3478.61401,101.247223,0,7.55901289,-21.7162228,84.9638367,5.41007996,-22.3263531,357.430206,0,1,0,5,5,0
211,634,2,8327376,0,0,86,0,255,0,0,0,0,0,10600,50,2.5,0,0,6,3062.56323,43.8137398,0,5.85513878,-22.0150833,94.1417389,3.72188997,-22.067009,358.002167,0,1,0,5,5,0
211,635,3,8327452,0,0,198,0,255,0,0,0,0,0,10600,50,2.5,0,0,6,3670.25439,189.270706,0,5.69458103,-22.0238361,95.4323273,3.57337379,-22.0543633,356.235535,0,1,0,5,5,0
212,636,1,8327300,0,0,110,0,255,0,0,0,0,0,10650,50,2.5,0,0,6,3480.20093,91.3891068,0,7.71343327,-21.6682968,84.6225281,5.57030249,-22.317831,357.508362,0,1,0,5,5,0
212,637,2,8327376,0,0,71,0,255,0,0,0,0,0,10650,50,2.5,0,0,6,3086.39648,37.1347198,0,5.63556051,-22.026247,93.0245361,3.86338854,-22.0843296,358.340515,0,1,0,4,4,0
212,638,3,8327452,0,0,186,0,255,0,0,0,0,0,10650,50,2.5,0,0,6,3653.1228,196.301285,0,5.87590981,-22.0137138,93.9770508,3.73219943,-22.1099358,356.380768,0,1,0,5,5,0
213,639,1,8327300,0,0,106,0,255,0,0,0,0,0,10700,50,2.5,0,0,6,3483.77075,82.0088425,0,7.84786987,-21.6231861,84.2654724,5.73041391,-22.3044777,357.584045,0,1,0,5,5,0
213,640,2,8327376,0,0,70,0,255,0,0,0,0,0,10700,50,2.5,0,0,6,3111.76953,31.4949303,0,5.79493666,-22.0187397,91.8362427,4.00647449,-22.0983467,358.346802,0,1,0,4,4,0
213,641,3,8327452,0,0,178,0,255,0,0,0,0,0,10700,50,2.5,0,0,6,3635.5332,201.108597,0,6.0450201,-22.0005913,92.6794968,3.89178562,-22.16049,356.479645,0,1,0,5,5,0
214,642,1,8327300,0,0,103,0,255,0,0,0,0,0,10750,50,2.5,0,0,6,3489.25342,73.1875229,0,7.99175167,-21.5711937,83.8236694,5.89037275,-22.2864246,357.635162,0,1,0,5,5,0
214,643,2,8327376,0,0,70,0,255,0,0,0,0,0,10750,50,2.5,0,0,6,3137.94238,26.2502213,0,5.94701195,-22.0086308,91.4508057,4.15109491,-22.1092663,358.35672,0,1,0,4,4,0
214,644,3,8327452,0,0,171,0,255,0,0,0,0,0,10750,50,2.5,0,0,6,3617.70581,202.621857,0,6.22762585,-21.9824181,91.5671539,4.05200624,-22.2059479,356.560089,0,1,0,5,5,0
215,645,1,8327300,0,0,97,0,255,0,0,0,0,0,10800,50,2.5,0,0,6,3496.50415,64.9822159,0,8.13043118,-21.5172138,79.9580688,6.0501442,-22.2638149,357.672668,0,1,0,5,5,0
215,646,2,8327376,0,0,70,0,255,0,0,0,0,0,10800,50,2.5,0,0,6,3164.97998,21.7646236,0,6.09282255,-21.9962368,91.2135773,4.2972002,-22.1172676,358.376282,0,1,0,4,4,0
215,647,3,8327452,0,0,175,0,255,0,0,0,0,0,10800,50,2.5,0,0,6,3600.12305,201.639053,0,6.75290203,-21.9064941,91.3243942,4.21273851,-22.2462406,356.44104,0,1,0,6,6,0
216,648,1,8327300,0,0,98,0,255,0,0,0,0,0,10850,50,2.5,0,0,6,3505.57153,57.499527,0,8.2662487,-21.4603996,79.6906738,6.20970201,-22.2367935,357.658966,0,1,0,5,5,0
216,649,2,8327376,0,0,68,0,255,0,0,0,0,0,10850,50,2.5,0,0,6,3192.58521,18.2623997,0,6.25470686,-21.9793663,87.5577087,4.44474077,-22.122509,358.379059,0,1,0,4,4,0
216,650,3,8327452,0,0,158,0,255,0,0,0,0,0,10850,50,2.5,0,0,6,3582.30054,198.649902,0,6.92567348,-21.873579,87.8996582,4.37385035,-22.2813778,356.650635,0,1,0,6,6,0
217,651,1,8327300,0,0,86,0,255,0,0,0,0,0,10900,50,2.5,0,0,6,3515.91211,50.568634,0,8.08201885,-21.5365067,79.3526611,6.36902475,-22.2055244,357.944061,0,1,0,4,4,0
217,652,2,8327376,0,0,68,0,255,0,0,0,0,0,10900,50,2.5,0,0,6,3220.5437,15.5461693,0,6.3983264,-21.9616356,86.6404648,4.59366989,-22.1251278,358.373657,0,1,0,4,4,0
217,653,3,8327452,0,0,150,0,255,0,0,0,0,0,10900,50,2.5,0,0,6,3566.62988,195.473404,0,7.07822037,-21.8410912,86.8956375,4.53522968,-22.3112297,356.764435,0,1,0,6,6,0
218,654,1,8327300,0,0,87,0,255,0,0,0,0,0,10950,50,2.5,0,0,6,3528.1394,44.5415077,0,8.22088337,-21.4798298,78.9414368,6.52810192,-22.1701546,357.912781,0,1,0,4,4,0
218,655,2,8327376,0,0,53,0,255,0,0,0,0,0,10950,50,2.5,0,0,6,3248.5979,13.3736172,0,6.1963582,-21.9858284,85.7044296,4.74394131,-22.1252422,358.716675,0,1,0,3,3,0
218,656,3,8327452,0,0,144,0,255,0,0,0,0,0,10950,50,2.5,0,0,6,3551.05298,189.893539,0,7.24543858,-21.8016415,85.8219757,4.69676495,-22.335741,356.835541,0,1,0,6,6,0
219,657,1,8327300,0,0,88,0,255,0,0,0,0,0,11000,50,2.5,0,0,6,3541.21118,38.8067207,0,8.35971451,-21.4188728,78.4483337,6.68693018,-22.1308613,357.873352,0,1,0,4,4,0
219,658,2,8327376,0,0,58,0,255,0,0,0,0,0,11000,50,2.5,0,0,6,3276.91187,11.6562309,0,6.35065174,-21.9678135,85.6081924,4.89551878,-22.1229858,358.618805,0,1,0,3,3,0
219,659,3,8327452,0,0,140,0,255,0,0,0,0,0,11000,50,2.5,0,0,6,3536.53271,181.615067,0,7.39238358,-21.7635288,85.6265564,4.85835218,-22.3548775,356.910522,0,1,0,6,6,0
220,660,1,8327300,0,0,90,0,255,0,0,0,0,0,11050,50,2.5,0,0,6,3555.3772,33.7169533,0,8.4931345,-21.3559055,77.8959961,6.84550285,-22.0878086,357.818268,0,1,0,4,4,0
220,661,2,8327376,0,0,61,0,255,0,0,0,0,0,11050,50,2.5,0,0,6,3304.93213,9.89799404,0,6.4957757,-21.9481087,85.4905548,5.04836464,-22.1184883,358.545929,0,1,0,3,3,0
220,662,3,8327452,0,0,136,0,255,0,0,0,0,0,11050,50,2.5,0,0,6,3523.34912,171.892838,0,7.54370403,-21.7207565,85.5075912,5.01989269,-22.3686314,356.985748,0,1,0,6,6,0
221,663,1,8327300,0,0,93,0,255,0,0,0,0,0,11100,50,2.5,0,0,6,3570.31494,29.6139164,0,8.62583351,-21.2886181,77.2596436,7.00380564,-22.0411377,357.740845,0,1,0,4,4,0
221,664,2,8327376,0,0,65,0,255,0,0,0,0,0,11100,50,2.5,0,0,6,3332.82812,8.48275375,0,6.64974213,-21.9242344,85.305191,5.20243788,-22.1118374,358.456421,0,1,0,3,3,0
221,665,3,8327452,0,0,132,0,255,0,0,0,0,0,11100,50,2.5,0,0,6,3511.84155,161.37265,0,7.69968224,-21.6727295,85.3121338,5.18129349,-22.3770123,357.057678,0,1,0,6,6,0
222,666,1,8327300,0,0,81,0,255,0,0,0,0,0,11150,50,2.5,0,0,6,3585.75342,26.3691711,0,8.4638052,-21.3701344,76.5077209,7.16181517,-21.9909725,358.023682,0,1,0,3,3,0
222,667,2,8327376,0,0,71,0,255,0,0,0,0,0,11150,50,2.5,0,0,6,3360.38843,7.53665972,0,6.8130455,-21.8954983,85.0427551,5.35769367,-22.1030903,358.344818,0,1,0,3,3,0
222,668,3,8327452,0,0,128,0,255,0,0,0,0,0,11150,50,2.5,0,0,6,3502.15381,150.404816,0,7.84582043,-21.6238976,85.0664673,5.34246731,-22.3800449,357.134979,0,1,0,6,6,0
223,669,1,8327300,0,0,85,0,255,0,0,0,0,0,11200,50,2.5,0,0,6,3602.07593,23.8917484,0,8.60031891,-21.3019371,75.7052612,7.31952238,-21.9374237,357.901733,0,1,0,3,3,0
223,670,2,8327376,0,0,53,0,255,0,0,0,0,0,11200,50,2.5,0,0,6,3387.46704,6.93560648,0,6.59984064,-21.9323101,84.7479858,5.514081,-22.0922642,358.760162,0,1,0,2,2,0
223,671,3,8327452,0,0,123,0,255,0,0,0,0,0,11200,50,2.5,0,0,6,3494.41016,139.17276,0,7.98000813,-21.5755882,84.7797546,5.50333405,-22.3777714,357.217468,0,1,0,6,6,0
224,672,1,8327300,0,0,89,0,255,0,0,0,0,0,11250,50,2.5,0,0,6,3618.34131,21.3983364,0,8.73579025,-21.2290154,72.5461426,7.47691393,-21.8806171,357.736053,0,1,0,3,3,0
224,673,2,8327376,0,0,62,0,255,0,0,0,0,0,11250,50,2.5,0,0,6,3414.41406,6.65572071,0,6.7633028,-21.9046288,84.3632507,5.67156601,-22.0794144,358.551025,0,1,0,2,2,0
224,674,3,8327452,0,0,120,0,255,0,0,0,0,0,11250,50,2.5,0,0,6,3488.76807,127.860603,0,8.11702538,-21.5226059,84.4338074,5.66382122,-22.370245,357.277679,0,1,0,6,6,0
225,675,1,8327300,0,0,96,0,255,0,0,0,0,0,11300,50,2.5,0,0,6,3634.7771,19.2573853,0,8.86059189,-21.1567135,71.8284302,7.63396358,-21.8206501,357.526947,0,1,0,3,3,0
225,676,2,8327376,0,0,70,0,255,0,0,0,0,0,11300,50,2.5,0,0,6,3440.62109,6.08733511,0,6.91249657,-21.8762341,83.9545898,5.83010483,-22.0645885,358.36731,0,1,0,2,2,0
225,677,3,8327452,0,0,107,0,255,0,0,0,0,0,11300,50,2.5,0,0,6,3485.13599,116.534416,0,7.93750668,-21.5912609,83.9971924,5.82386637,-22.3575497,357.556915,0,1,0,5,5,0
226,678,1,8327300,0,0,106,0,255,0,0,0,0,0,11350,50,2.5,0,0,6,3651.05029,17.7583351,0,8.98864365,-21.0768204,70.974762,7.79062557,-21.7575893,357.26178,0,1,0,3,3,0
226,679,2,8327376,0,0,76,0,255,0,0,0,0,0,11350,50,2.5,0,0,6,3466.29663,5.65827942,0,7.07494926,-21.8418198,80.0061646,5.98964596,-22.0477829,358.161804,0,1,0,2,2,0
226,680,3,8327452,0,0,102,0,255,0,0,0,0,0,11350,50,2.5,0,0,6,3484.22339,105.519928,0,8.07469273,-21.5393848,80.0448608,5.98341703,-22.3397465,357.563965,0,1,0,5,5,0
227,681,1,8327300,0,0,94,0,255,0,0,0,0,0,11400,50,2.5,0,0,6,3666.86816,16.8842316,0,8.84777355,-21.1643829,69.9414978,7.94682741,-21.6914673,357.552094,0,1,0,2,2,0
227,682,2,8327376,0,0,86,0,255,0,0,0,0,0,11400,50,2.5,0,0,6,3491.33398,5.59244871,0,7.23019361,-21.8054066,79.7460632,6.15012932,-22.0289612,357.938965,0,1,0,2,2,0
227,683,3,8327452,0,0,102,0,255,0,0,0,0,0,11400,50,2.5,0,0,6,3485.18457,94.1180954,0,8.21134853,-21.4838562,79.8084717,6.14244223,-22.3169651,357.546844,0,1,0,5,5,0
228,684,1,8327300,0,0,107,0,255,0,0,0,0,0,11450,50,2.5,0,0,6,3683.00977,16.6937943,0,8.97539425,-21.0853767,68.8855591,8.1025219,-21.6223106,357.181702,0,1,0,2,2,0
228,685,2,8327376,0,0,95,0,255,0,0,0,0,0,11450,50,2.5,0,0,6,3515.53735,5.76415443,0,7.38534307,-21.7654305,79.406311,6.31148386,-22.0080528,357.722931,0,1,0,2,2,0
228,686,3,8327452,0,0,102,0,255,0,0,0,0,0,11450,50,2.5,0,0,6,3488.30103,82.7980881,0,8.34426498,-21.4258804,79.5038452,6.30092239,-22.289362,357.546448,0,1,0,5,5,0
229,687,1,8327300,0,0,122,0,255,0,0,0,0,0,11500,50,2.5,0,0,6,3698.11523,16.2661057,0,9.11210155,-20.9936218,67.5953979,8.2576313,-21.5501499,356.723816,0,1,0,2,2,0
229,688,2,8327376,0,0,104,0,255,0,0,0,0,0,11500,50,2.5,0,0,6,3538.85596,6.21816921,0,7.53915119,-21.7220955,78.9904175,6.47362614,-21.9849548,357.503601,0,1,0,2,2,0
229,689,3,8327452,0,0,101,0,255,0,0,0,0,0,11500,50,2.5,0,0,6,3493.64355,72.6352386,0,8.47595215,-21.3642673,79.1257629,6.45884037,-22.2571011,357.552917,0,1,0,5,5,0
230,690,1,8327300,0,0,140,0,255,0,0,0,0,0,11550,50,2.5,0,0,6,3712.33105,16.2003441,0,9.2395134,-20.9004936,66.2202454,8.41204071,-21.4749775,356.194733,0,1,0,2,2,0
230,691,2,8327376,0,0,113,0,255,0,0,0,0,0,11550,50,2.5,0,0,6,3561.1731,6.9552803,0,7.68481636,-21.6774845,78.5240479,6.63646173,-21.9595432,357.295776,0,1,0,2,2,0
230,692,3,8327452,0,0,101,0,255,0,0,0,0,0,11550,50,2.5,0,0,6,3500.98486,63.8422508,0,8.59708691,-21.3036118,78.7115173,6.61618137,-22.2203388,357.559113,0,1,0,5,5,0
231,693,1,8327300,0,0,154,0,255,0,0,0,0,0,11600,50,2.5,0,0,6,3725.18359,17.0116253,0,9.35653305,-20.8074284,63.1218872,8.56559086,-21.3967457,355.613251,0,1,0,2,2,0
231,694,2,8327376,0,0,123,0,255,0,0,0,0,0,11600,50,2.5,0,0,6,3582.40918,7.9621768,0,7.84365177,-21.624651,77.9256592,6.7998848,-21.9316788,357.042145,0,1,0,2,2,0
231,695,3,8327452,0,0,101,0,255,0,0,0,0,0,11600,50,2.5,0,0,6,3509.98096,56.2212067,0,8.7241497,-21.2355022,78.1974792,6.7729311,-22.1792355,357.546051,0,1,0,5,5,0
232,696,1,8327300,0,0,177,0,255,0,0,0,0,0,11650,50,2.5,0,0,6,3736.58936,18.8144112,0,9.47586441,-20.7037792,61.6564331,8.71809483,-21.3153858,354.865417,0,1,0,2,2,0
232,697,2,8327376,0,0,133,0,255,0,0,0,0,0,11650,50,2.5,0,0,6,3602.44238,9.2513237,0,7.99548149,-21.5697937,77.2661438,6.96377563,-21.9012089,356.79953,0,1,0,2,2,0
232,698,3,8327452,0,0,87,0,255,0,0,0,0,0,11650,50,2.5,0,0,6,3520.4187,49.6840973,0,8.55374241,-21.3257771,77.6150208,6.92907429,-22.1339417,357.874603,0,1,0,4,4,0
233,699,1,8327300,0,0,201,0,255,0,0,0,0,0,11700,50,2.5,0,0,6,3745.59717,21.495636,0,9.59757423,-20.5880604,59.9359741,8.86931801,-21.2308292,354.030945,0,1,0,2,2,0
233,700,2,8327376,0,0,142,0,255,0,0,0,0,0,11700,50,2.5,0,0,6,3621.1814,10.8758993,0,8.13614464,-21.5149059,76.5720825,7.12800026,-21.8679714,356.577209,0,1,0,2,2,0
233,701,3,8327452,0,0,89,0,255,0,0,0,0,0,11700,50,2.5,0,0,6,3532.67969,44.1447296,0,8.6881094,-21.255312,76.930542,7.08460855,-22.0845909,357.806122,0,1,0,4,4,0
234,702,1,8327300,0,0,222,0,255,0,0,0,0,0,11750,50,2.5,0,0,6,3751.80469,25.5216179,0,9.71351624,-20.4681416,58.0739136,9.01898479,-21.1430092,353.204956,0,1,0,2,2,0
234,703,2,8327376,0,0,153,0,255,0,0,0,0,0,11750,50,2.5,0,0,6,3638.56421,12.878479,0,8.29200172,-21.4491615,75.7052612,7.29241276,-21.8318024,356.287292,0,1,0,2,2,0
234,704,3,8327452,0,0,92,0,255,0,0,0,0,0,11750,50,2.5,0,0,6,3545.61255,38.6479912,0,8.80827141,-21.1876602,76.2359314,7.23954248,-22.0313587,357.730133,0,1,0,4,4,0
235,705,1,8327300,0,0,240,0,255,0,0,0,0,0,11800,50,2.5,0,0,6,3754.96704,31.3589325,0,9.82068443,-20.3483906,56.1438599,9.16680431,-21.0518761,352.408997,0,1,0,2,2,0
235,706,2,8327376,0,0,158,0,255,0,0,0,0,0,11800,50,2.5,0,0,6,3654.40015,15.2552271,0,8.43767548,-21.3826256,72.532959,7.45685101,-21.7925377,356.013702,0,1,0,2,2,0
235,707,3,8327452,0,0,96,0,255,0,0,0,0,0,11800,50,2.5,0,0,6,3559.53076,33.7341347,0,8.93897724,-21.1085377,75.3789368,7.39387608,-21.9744015,357.615082,0,1,0,4,4,0
236,708,1,8327300,0,0,254,0,255,0,0,0,0,0,11850,50,2.5,0,0,6,3754.89258,39.1798935,0,9.93273354,-20.2134781,53.8850708,9.31248474,-20.9574146,351.612762,0,1,0,2,2,0
236,709,2,8327376,0,0,170,0,255,0,0,0,0,0,11850,50,2.5,0,0,6,3668.88745,18.1199455,0,8.57390594,-21.3155308,71.7919922,7.62114954,-21.750021,355.689087,0,1,0,2,2,0
236,710,3,8327452,0,0,97,0,255,0,0,0,0,0,11850,50,2.5,0,0,6,3574.10522,29.8978062,0,9.06033325,-21.0292969,72.2983398,7.54759598,-21.9138508,357.481323,0,1,0,4,4,0
237,711,1,8327300,0,0,255,0,255,0,0,0,0,0,11900,50,2.5,0,0,6,3751.61963,49.1030312,0,10.235733,-19.7938538,50.2513733,9.45575142,-20.8596516,350.416412,0,1,0,3,3,0
237,712,2,8327376,0,0,183,0,255,0,0,0,0,0,11900,50,2.5,0,0,6,3681.55566,21.2686443,0,8.72165775,-21.2368832,70.8580322,7.78512192,-21.7041111,355.312866,0,1,0,2,2,0
237,713,3,8327452,0,0,83,0,255,0,0,0,0,0,11900,50,2.5,0,0,6,3589.20312,27.0104885,0,8.90323353,-21.1307831,71.5578003,7.70067978,-21.8498135,357.847992,0,1,0,3,3,0
238,714,1,8327300,0,0,255,0,255,0,0,0,0,0,11950,50,2.5,0,0,6,3746.25342,61.1499176,0,10.3403406,-19.6284237,47.8868103,9.5963707,-20.7586155,350.009003,0,1,0,3,3,0
238,715,2,8327376,0,0,195,0,255,0,0,0,0,0,11950,50,2.5,0,0,6,3692.32373,24.9900169,0,8.8525753,-21.1615181,69.9030151,7.94856358,-21.6546726,354.961121,0,1,0,2,2,0
238,716,3,8327452,0,0,91,0,255,0,0,0,0,0,11950,50,2.5,0,0,6,3605.17505,24.769825,0,9.03499794,-21.0463352,70.632843,7.85312366,-21.7823944,357.602386,0,1,0,3,3,0
239,717,1,8327300,0,0,255,0,255,0,0,0,0,0,12000,50,2.5,0,0,6,3738.64844,74.3384018,0,10.4357586,-19.467329,45.8303223,9.73413563,-20.6543694,349.674103,0,1,0,3,3,0
239,718,2,8327376,0,0,208,0,255,0,0,0,0,0,12000,50,2.5,0,0,6,3701.08545,29.5599976,0,8.9939537,-21.0733719,68.7200317,8.11125469,-21.6015778,354.5401,0,1,0,2,2,0
239,719,3,8327452,0,0,100,0,255,0,0,0,0,0,12000,50,2.5,0,0,6,3620.86621,22.3087349,0,9.15096951,-20.9660454,69.6960449,8.00491619,-21.7117138,357.335938,0,1,0,3,3,0
240,720,1,8327300,0,0,255,0,255,0,0,0,0,0,12050,50,2.5,0,0,6,3728.9231,88.2124252,0,10.6914301,-18.982626,43.9755249,9.86886883,-20.5470085,349.258423,0,1,0,4,4,0
240,721,2,8327376,0,0,221,0,255,0,0,0,0,0,12050,50,2.5,0,0,6,3707.59155,35.0516548,0,9.11789036,-20.9895592,67.536499,8.27296066,-21.5447216,354.115417,0,1,0,2,2,0
240,722,3,8327452,0,0,112,0,255,0,0,0,0,0,12050,50,2.5,0,0,6,3636.54761,20.3052502,0,9.27141571,-20.8758869,68.581543,8.1560173,-21.6378536,357.002167,0,1,0,3,3,0
241,723,1,8327300,0,0,250,0,255,0,0,0,0,0,12100,50,2.5,0,0,6,3717.23071,102.757545,0,10.7725163,-18.8110619,42.1401367,10.0004187,-20.436655,349.363495,0,1,0,4,4,0
241,724,2,8327376,0,0,235,0,255,0,0,0,0,0,12100,50,2.5,0,0,6,3711.6814,41.643959,0,9.25029564,-20.8922386,66.0939636,8.43343449,-21.4840202,353.610779,0,1,0,2,2,0
241,725,3,8327452,0,0,124,0,255,0,0,0,0,0,12100,50,2.5,0,0,6,3651.78101,19.2116566,0,9.38667011,-20.7821445,67.3598633,8.30635357,-21.5608597,356.625122,0,1,0,3,3,0
242,726,1,8327300,0,0,238,0,0,255,0,0,0,0,12150,50,2.5,0,0,6,3704.27734,118.018616,0,11.000514,-18.2757187,40.4021606,10.1286497,-20.3234215,349.407623,0,1,0,5,5,0
242,727,2,8327376,0,0,243,0,255,0,0,0,0,0,12150,50,2.5,0,0,6,3713.09741,49.5363808,0,9.37149429,-20.7949505,62.9514771,8.59241962,-21.4194241,353.062134,0,1,0,2,2,0
242,728,3,8327452,0,0,107,0,255,0,0,0,0,0,12150,50,2.5,0,0,6,3666.29858,18.9991608,0,9.26577377,-20.8802757,65.9126587,8.45581722,-21.4807415,357.04248,0,1,0,2,2,0
243,729,1,8327300,0,0,209,0,0,255,0,0,0,0,12200,50,2.5,0,0,6,3589.89526,133.387589,0,11.0712461,-18.092083,37.8984985,10.2512846,-20.212307,349.76004,0,1,0,5,5,0
243,730,2,8327376,0,0,255,0,255,0,0,0,0,0,12200,50,2.5,0,0,6,3712.14746,59.0305634,0,9.48299694,-20.6972733,61.5631409,8.74966621,-21.3509064,352.385193,0,1,0,2,2,0
243,731,3,8327452,0,0,123,0,255,0,0,0,0,0,12200,50,2.5,0,0,6,3681.29761,19.6006889,0,9.38540554,-20.7832184,62.7877502,8.60434151,-21.3974953,356.432098,0,1,0,2,2,0
244,732,1,8327300,0,0,192,0,0,255,0,0,0,0,12250,50,2.5,0,0,6,3471.09351,161.538284,0,11.2642345,-17.5425377,36.6535645,10.3680325,-20.1032104,349.901855,0,1,0,6,6,0
244,733,2,8327376,0,0,255,0,255,0,0,0,0,0,12250,50,2.5,0,0,6,3708.27612,69.8685455,0,9.81552315,-20.3543625,59.946991,8.90492725,-21.278492,351.108582,0,1,0,3,3,0
244,734,3,8327452,0,0,145,0,255,0,0,0,0,0,12250,50,2.5,0,0,6,3694.80884,19.650156,0,9.4981041,-20.683382,61.3597412,8.75182438,-21.3111515,355.719818,0,1,0,2,2,0
245,735,1,8327300,0,0,174,0,0,255,0,0,0,0,12300,50,2.5,0,0,6,3350.67163,180.423569,0,11.3204384,-17.3678074,35.3944397,10.478652,-19.996027,350.205414,0,1,0,6,6,0
245,736,2,8327376,0,0,255,0,255,0,0,0,0,0,12300,50,2.5,0,0,6,3702.54736,82.4722214,0,9.92628956,-20.2215157,58.0739136,9.05797386,-21.2022018,350.488129,0,1,0,3,3,0
245,737,3,8327452,0,0,168,0,255,0,0,0,0,0,12300,50,2.5,0,0,6,3706.87988,20.0691357,0,9.61819935,-20.5674343,59.6197205,8.89810658,-21.2217026,354.916962,0,1,0,2,2,0
246,738,1,8327300,0,0,159,0,255,0,0,0,0,0,12350,50,2.5,0,0,6,3229.26587,192.834793,0,11.4867582,-16.8065243,34.3566895,10.5828562,-19.890625,350.442322,0,1,0,7,7,0
246,739,2,8327376,0,0,255,0,255,0,0,0,0,0,12350,50,2.5,0,0,6,3694.66382,95.9551468,0,10.0286388,-20.0896549,56.1290283,9.20859814,-21.1220913,349.859924,0,1,0,3,3,0
246,740,3,8327452,0,0,189,0,255,0,0,0,0,0,12350,50,2.5,0,0,6,3717.01147,21.8194256,0,9.72578716,-20.454874,57.8641663,9.04297447,-21.1291142,354.140991,0,1,0,2,2,0
247,741,1,8327300,0,0,148,0,255,0,0,0,0,0,12400,50,2.5,0,0,6,3211.9187,198.251892,0,11.5339365,-16.6341629,33.2339783,10.682332,-19.7817154,350.765045,0,1,0,7,7,0
247,742,2,8327376,0,0,255,0,255,0,0,0,0,0,12400,50,2.5,0,0,6,3684.77881,109.899475,0,10.1300344,-19.9498692,53.9734802,9.35660934,-21.0382442,349.233826,0,1,0,3,3,0
247,743,3,8327452,0,0,208,0,255,0,0,0,0,0,12400,50,2.5,0,0,6,3724.82275,25.087122,0,9.83883762,-20.3272209,55.7962036,9.18617821,-21.0333424,353.330566,0,1,0,2,2,0
248,744,1,8327300,0,0,138,0,255,0,0,0,0,0,12450,50,2.5,0,0,6,3198.77783,182.432419,0,11.6817913,-16.0513058,32.2658691,10.7771587,-19.6694393,351.076447,0,1,0,8,8,0
248,745,2,8327376,0,0,255,0,255,0,0,0,0,0,12450,50,2.5,0,0,6,3673.0376,124.338654,0,10.4082327,-19.5148373,50.5585022,9.50183678,-20.9507694,348.531158,0,1,0,4,4,0
248,746,3,8327452,0,0,223,0,255,0,0,0,0,0,12450,50,2.5,0,0,6,3729.98511,29.9200859,0,9.94815159,-20.1941032,53.5541382,9.32744598,-20.9343548,352.549835,0,1,0,2,2,0
249,747,1,8327300,0,0,128,0,255,0,0,0,0,0,12500,50,2.5,0,0,6,3189.29468,166.735657,0,11.8185234,-15.4473372,31.2835999,10.8673992,-19.5539169,351.39682,0,1,0,9,9,0
249,748,2,8327376,0,0,255,0,255,0,0,0,0,0,12500,50,2.5,0,0,6,3659.58008,139.321213,0,10.4971123,-19.3583126,48.4002686,9.64413071,-20.8597965,348.305298,0,1,0,4,4,0
249,749,3,8327452,0,0,228,0,255,0,0,0,0,0,12500,50,2.5,0,0,6,3732.44727,36.3829498,0,10.0617018,-20.0451012,49.7772827,9.466506,-20.8321381,351.797394,0,1,0,2,2,0
250,750,1,8327300,0,0,118,0,255,0,0,0,0,0,12550,50,2.5,0,0,6,3183.32349,151.027512,0,11.8540707,-15.2788191,30.3196411,10.9531097,-19.4352551,351.809113,0,1,0,9,9,0
250,751,2,8327376,0,0,255,0,0,255,0,0,0,0,12550,50,2.5,0,0,6,3644.53857,154.908157,0,10.7533054,-18.8525467,46.3328857,9.78336143,-20.7654724,348.026581,0,1,0,5,5,0
250,752,3,8327452,0,0,248,0,255,0,0,0,0,0,12550,50,2.5,0,0,6,3732.82617,44.4341698,0,10.3513336,-19.6103706,47.6503296,9.60310841,-20.7266903,350.708405,0,1,0,3,3,0
251,753,1,8327300,0,0,107,0,255,0,0,0,0,0,12600,50,2.5,0,0,6,3180.74683,135.363037,0,11.8898849,-15.1038399,28.9136047,11.0343552,-19.3135548,352.193176,0,1,0,9,9,0
251,754,2,8327376,0,0,255,0,0,255,0,0,0,0,12600,50,2.5,0,0,6,3530.10156,171.172058,0,10.8274641,-18.6894379,44.5437622,9.91701698,-20.6727352,348.231964,0,1,0,5,5,0
251,755,3,8327452,0,0,242,0,255,0,0,0,0,0,12600,50,2.5,0,0,6,3729.40308,53.4463425,0,10.4512472,-19.4402237,45.4957886,9.73700142,-20.6180992,350.475891,0,1,0,3,3,0
252,756,1,8327300,0,0,100,0,255,0,0,0,0,0,12650,50,2.5,0,0,6,3181.59668,119.837173,0,12.0067711,-14.4937859,28.1724854,11.1112165,-19.1889114,352.526215,0,1,0,10,10,0
252,757,2,8327376,0,0,254,0,0,255,0,0,0,0,12650,50,2.5,0,0,6,3413.06714,204.135162,0,11.0403547,-18.1733837,42.9880066,10.0450716,-20.5816612,348.462952,0,1,0,6,6,0
252,758,3,8327452,0,0,237,0,255,0,0,0,0,0,12650,50,2.5,0,0,6,3725.0022,64.6022873,0,10.5417986,-19.2761097,43.5542908,9.86797142,-20.5063896,350.26413,0,1,0,3,3,0
253,759,1,8327300,0,0,93,0,255,0,0,0,0,0,12700,50,2.5,0,0,6,3185.52319,104.549294,0,12.0386953,-14.3160381,27.3609619,11.1838131,-19.06143,352.89447,0,1,0,10,10,0
253,760,2,8327376,0,0,224,0,0,255,0,0,0,0,12700,50,2.5,0,0,6,3296.11475,235.669479,0,11.1001081,-18.0145493,41.4700623,10.1674204,-20.4922256,349.062134,0,1,0,6,6,0
253,761,3,8327452,0,0,234,0,255,0,0,0,0,0,12700,50,2.5,0,0,6,3718.90283,76.2795258,0,10.7918816,-18.7687054,41.7068481,9.99582672,-20.3916168,349.945801,0,1,0,4,4,0
254,762,1,8327300,0,0,86,0,255,0,0,0,0,0,12750,50,2.5,0,0,6,3192.70459,90.0133667,0,12.1427574,-13.7002916,26.6583862,11.252284,-18.9312153,353.231262,0,1,0,11,11,0
254,763,2,8327376,0,0,201,0,0,255,0,0,0,0,12750,50,2.5,0,0,6,3178.60815,266.74649,0,11.2908916,-17.4605503,39.9958496,10.283618,-20.4041958,349.462982,0,1,0,7,7,0
254,764,3,8327452,0,0,221,0,255,0,0,0,0,0,12750,50,2.5,0,0,6,3711.13989,87.5922546,0,10.8694811,-18.5933781,39.9621582,10.1203985,-20.2738667,350.076691,0,1,0,4,4,0
255,765,1,8327300,0,0,79,0,255,0,0,0,0,0,12800,50,2.5,0,0,6,3202.97437,76.6353378,0,12.1708565,-13.5239372,25.8884277,11.3167925,-18.7983723,353.589264,0,1,0,11,11,0
255,766,2,8327376,0,0,174,0,0,255,0,0,0,0,12800,50,2.5,0,0,6,3057.03101,289.383575,0,11.3383741,-17.3105373,37.8984985,10.3932018,-20.3173637,349.942139,0,1,0,7,7,0
255,767,3,8327452,0,0,207,0,255,0,0,0,0,0,12800,50,2.5,0,0,6,3702.99438,98.6696625,0,11.0876188,-18.0482903,37.552002,10.2415199,-20.153183,350.060333,0,1,0,5,5,0
256,768,1,8327300,0,0,73,0,255,0,0,0,0,0,12850,50,2.5,0,0,6,3216.12915,64.4960403,0,12.1970749,-13.3553162,25.1626587,11.3775263,-18.6630058,353.923462,0,1,0,11,11,0
256,769,2,8327376,0,0,157,0,255,0,0,0,0,0,12850,50,2.5,0,0,6,2931.49512,300.263916,0,11.4981041,-16.7656364,36.9295044,10.4956789,-20.2315235,350.284698,0,1,0,8,8,0
256,770,3,8327452,0,0,194,0,255,0,0,0,0,0,12850,50,2.5,0,0,6,3694.34644,108.356163,0,11.1544991,-17.8641224,36.1389771,10.3590307,-20.0296116,350.308533,0,1,0,5,5,0
257,771,1,8327300,0,0,68,0,255,0,0,0,0,0,12900,50,2.5,0,0,6,3231.87476,53.6417809,0,12.2221756,-13.1899843,24.4588623,11.4346924,-18.5252209,354.239197,0,1,0,11,11,0
257,772,2,8327376,0,0,146,0,255,0,0,0,0,0,12900,50,2.5,0,0,6,2899.07422,297.855957,0,11.6501894,-16.1816406,35.837738,10.5930405,-20.1417866,350.59903,0,1,0,9,9,0
257,773,3,8327452,0,0,184,0,255,0,0,0,0,0,12900,50,2.5,0,0,6,3685.30835,115.793159,0,11.3430843,-17.295372,34.8860168,10.4727831,-19.9032021,350.445923,0,1,0,6,6,0
258,774,1,8327300,0,0,63,0,255,0,0,0,0,0,12950,50,2.5,0,0,6,3249.9187,44.1333923,0,12.244606,-13.0302753,23.79599,11.488513,-18.3851223,354.529236,0,1,0,11,11,0
258,775,2,8327376,0,0,135,0,255,0,0,0,0,0,12950,50,2.5,0,0,6,2874.82031,266.16275,0,11.6834011,-16.0445824,34.9400024,10.6851311,-20.0481701,351.047607,0,1,0,9,9,0
258,776,3,8327452,0,0,170,0,255,0,0,0,0,0,12950,50,2.5,0,0,6,3675.91479,120.821732,0,11.3993797,-17.1100121,33.6296387,10.5826464,-19.7740173,350.792206,0,1,0,6,6,0
259,777,1,8327300,0,0,59,0,255,0,0,0,0,0,13000,50,2.5,0,0,6,3269.97095,35.9996948,0,12.2660179,-12.8583803,23.0991211,11.5392151,-18.2428131,354.781311,0,1,0,11,11,0
259,778,2,8327376,0,0,124,0,255,0,0,0,0,0,13000,50,2.5,0,0,6,2854.40503,237.091568,0,11.7183475,-15.8963709,33.9941406,10.7721729,-19.9508572,351.471588,0,1,0,9,9,0
259,779,3,8327452,0,0,160,0,255,0,0,0,0,0,13000,50,2.5,0,0,6,3666.96143,123.724258,0,11.5682344,-16.5048847,32.4197693,10.6884823,-19.6421032,351.035706,0,1,0,7,7,0
260,780,1,8327300,0,0,55,0,255,0,0,0,0,0,13050,50,2.5,0,0,6,3291.65308,29.1543484,0,12.2862434,-12.6726904,22.3640747,11.5870275,-18.0983906,355.00058,0,1,0,11,11,0
260,781,2,8327376,0,0,114,0,255,0,0,0,0,0,13050,50,2.5,0,0,6,2841.03809,206.880539,0,11.8485088,-15.3055201,33.0740662,10.8543444,-19.8499908,351.859741,0,1,0,10,10,0
260,782,3,8327452,0,0,147,0,255,0,0,0,0,0,13050,50,2.5,0,0,6,3658.10498,124.168007,0,11.6191196,-16.3066349,31.2054749,10.7901831,-19.5075226,351.417664,0,1,0,7,7,0
261,783,1,8327300,0,0,52,0,255,0,0,0,0,0,13100,50,2.5,0,0,6,3314.66553,23.4862518,0,12.302947,-12.4957733,21.7934265,11.6321754,-17.9519482,355.191162,0,1,0,11,11,0
261,784,2,8327376,0,0,105,0,255,0,0,0,0,0,13100,50,2.5,0,0,6,2833.82739,179.048126,0,11.8812618,-15.1464539,32.1290283,10.9318075,-19.745697,352.272644,0,1,0,10,10,0
261,785,3,8327452,0,0,136,0,255,0,0,0,0,0,13100,50,2.5,0,0,6,3650.15186,122.369965,0,11.7651739,-15.6910763,30.1434631,10.887641,-19.3703232,351.717285,0,1,0,8,8,0
262,786,1,8327300,0,0,48,0,255,0,0,0,0,0,13150,50,2.5,0,0,6,3338.66431,18.8540535,0,12.2707357,-12.8173695,21.2575989,11.6748734,-17.8035736,355.493713,0,1,0,10,10,0
262,787,2,8327376,0,0,97,0,255,0,0,0,0,0,13150,50,2.5,0,0,6,2832.26562,153.337692,0,11.9971981,-14.5461168,31.2689209,11.0047312,-19.638092,352.640289,0,1,0,11,11,0
262,788,3,8327452,0,0,123,0,255,0,0,0,0,0,13150,50,2.5,0,0,6,3643.02515,118.366348,0,11.8090677,-15.4913273,28.6359253,10.9807787,-19.2305641,352.091064,0,1,0,8,8,0
263,789,1,8327300,0,0,45,0,255,0,0,0,0,0,13200,50,2.5,0,0,6,3363.42603,15.118619,0,12.2902126,-12.6328793,20.663147,11.7153263,-17.6533508,355.66983,0,1,0,10,10,0
263,790,2,8327376,0,0,90,0,255,0,0,0,0,0,13200,50,2.5,0,0,6,2835.94653,129.81543,0,12.0242538,-14.3970699,30.4345093,11.0732965,-19.5272942,353.038788,0,1,0,11,11,0
263,791,3,8327452,0,0,115,0,255,0,0,0,0,0,13200,50,2.5,0,0,6,3637.33154,112.353859,0,11.9371576,-14.8645239,27.7910156,11.0695353,-19.0882988,352.383423,0,1,0,9,9,0
264,792,1,8327300,0,0,42,0,255,0,0,0,0,0,13250,50,2.5,0,0,6,3388.66895,12.1091404,0,12.3066854,-12.4523811,20.0922852,11.753727,-17.5013561,355.8172,0,1,0,10,10,0
264,793,2,8327376,0,0,81,0,255,0,0,0,0,0,13250,50,2.5,0,0,6,2844.48096,108.61348,0,12.0512266,-14.2448835,29.1343994,11.1377048,-19.4134197,353.420135,0,1,0,11,11,0
264,794,3,8327452,0,0,106,0,255,0,0,0,0,0,13250,50,2.5,0,0,6,3632.88159,104.528847,0,11.9734564,-14.674017,26.9246826,11.1539049,-18.9436016,352.739502,0,1,0,9,9,0
265,795,1,8327300,0,0,41,0,255,0,0,0,0,0,13300,50,2.5,0,0,6,3414.20728,9.6980896,0,12.3208799,-12.2710896,19.5264587,11.7902555,-17.3476639,355.935333,0,1,0,10,10,0
265,796,2,8327376,0,0,76,0,255,0,0,0,0,0,13300,50,2.5,0,0,6,2857.6084,89.8459167,0,12.1529074,-13.6371021,28.4413757,11.1981735,-19.2965832,353.745758,0,1,0,12,12,0
265,797,3,8327452,0,0,98,0,255,0,0,0,0,0,13300,50,2.5,0,0,6,3630.33643,95.5879211,0,12.0883198,-14.0295486,26.0875549,11.2339067,-18.796545,353.047363,0,1,0,10,10,0
266,798,1,8327300,0,0,39,0,255,0,0,0,0,0,13350,50,2.5,0,0,6,3439.82837,7.78010845,0,12.2944965,-12.5884361,18.9592285,11.8250694,-17.1923389,356.181671,0,1,0,9,9,0
266,799,2,8327376,0,0,70,0,255,0,0,0,0,0,13350,50,2.5,0,0,6,2874.60303,73.3638153,0,12.177206,-13.483469,27.7443848,11.2549458,-19.1769009,354.09729,0,1,0,12,12,0
266,800,3,8327452,0,0,90,0,255,0,0,0,0,0,13350,50,2.5,0,0,6,3629.73901,86.0872192,0,12.1215429,-13.8305244,25.2258911,11.3095989,-18.6472111,353.390015,0,1,0,10,10,0
267,801,1,8327300,0,0,38,0,255,0,0,0,0,0,13400,50,2.5,0,0,6,3465.42407,6.29174805,0,12.3094206,-12.4196138,18.4237061,11.8583097,-17.0354443,356.313995,0,1,0,9,9,0
267,802,2,8327376,0,0,65,0,255,0,0,0,0,0,13400,50,2.5,0,0,6,2895.20728,59.2434387,0,12.2009506,-13.3300438,27.0587158,11.3082733,-19.0544872,354.427887,0,1,0,12,12,0
267,803,3,8327452,0,0,84,0,255,0,0,0,0,0,13400,50,2.5,0,0,6,3631.27856,76.3405838,0,12.2236423,-13.1800747,24.4177246,11.381073,-18.4956818,353.688049,0,1,0,11,11,0
268,804,1,8327300,0,0,37,0,255,0,0,0,0,0,13450,50,2.5,0,0,6,3490.84253,5.13620567,0,12.3233223,-12.2367058,17.8458862,11.8900986,-16.877037,356.428741,0,1,0,9,9,0
268,805,2,8327376,0,0,60,0,255,0,0,0,0,0,13450,50,2.5,0,0,6,2918.80225,47.418869,0,12.2240295,-13.177454,26.3870239,11.3584156,-18.9294548,354.743347,0,1,0,12,12,0
268,806,3,8327452,0,0,77,0,255,0,0,0,0,0,13450,50,2.5,0,0,6,3634.896,66.6805115,0,12.2482367,-13.0026102,23.6820679,11.4484568,-18.3420448,354.002106,0,1,0,11,11,0
269,807,1,8327300,0,0,36,0,255,0,0,0,0,0,13500,50,2.5,0,0,6,3516.00366,4.23860264,0,12.3352289,-12.0508585,17.2654419,11.9205389,-16.7171707,356.526825,0,1,0,9,9,0
269,808,2,8327376,0,0,56,0,255,0,0,0,0,0,13500,50,2.5,0,0,6,2944.90381,37.6474876,0,12.2440014,-13.034833,25.7746277,11.405632,-18.8019142,355.029388,0,1,0,12,12,0
269,809,3,8327452,0,0,71,0,255,0,0,0,0,0,13500,50,2.5,0,0,6,3640.72363,57.4792366,0,12.2728472,-12.7985888,22.8609314,11.5119047,-18.1863899,354.257477,0,1,0,11,11,0
270,810,1,8327300,0,0,34,0,255,0,0,0,0,0,13550,50,2.5,0,0,6,3540.83594,3.54550767,0,12.3142786,-12.3590012,16.632782,11.9497204,-16.5558949,356.756592,0,1,0,8,8,0
270,811,2,8327376,0,0,52,0,255,0,0,0,0,0,13550,50,2.5,0,0,6,2972.97754,29.6933479,0,12.2652416,-12.8650179,25.0671082,11.4501772,-18.6719704,355.282745,0,1,0,12,12,0
270,812,3,8327452,0,0,67,0,255,0,0,0,0,0,13550,50,2.5,0,0,6,3648.57104,48.91922,0,12.2919512,-12.6150379,22.1721802,11.571599,-18.0288067,354.475739,0,1,0,11,11,0
271,813,1,8327300,0,0,33,0,255,0,0,0,0,0,13600,50,2.5,0,0,6,3565.30737,3.00514483,0,12.327527,-12.1748018,16.0375061,11.9777241,-16.3932552,356.857056,0,1,0,8,8,0
271,814,2,8327376,0,0,49,0,255,0,0,0,0,0,13600,50,2.5,0,0,6,3002.58911,23.3133945,0,12.2829094,-12.7051954,24.4177246,11.4922943,-18.5397224,355.506378,0,1,0,12,12,0
271,815,3,8327452,0,0,61,0,255,0,0,0,0,0,13600,50,2.5,0,0,6,3658.24951,41.1132584,0,12.2603884,-12.905736,21.5467224,11.6277409,-17.8693867,354.799866,0,1,0,10,10,0
272,816,1,8327300,0,0,33,0,255,0,0,0,0,0,13650,50,2.5,0,0,6,3589.3584,2.5671072,0,12.3389807,-11.9843674,16.2166138,12.0046206,-16.2292957,356.935669,0,1,0,8,8,0
272,817,2,8327376,0,0,45,0,255,0,0,0,0,0,13650,50,2.5,0,0,6,3033.29883,18.2556572,0,12.245554,-13.0231056,23.7660522,11.5322123,-18.405262,355.80722,0,1,0,11,11,0
272,818,3,8327452,0,0,57,0,255,0,0,0,0,0,13650,50,2.5,0,0,6,3669.71582,34.2554436,0,12.283124,-12.7031221,20.8875732,11.680541,-17.7082176,354.983826,0,1,0,10,10,0
273,819,1,8327300,0,0,32,0,255,0,0,0,0,0,13700,50,2.5,0,0,6,3612.95312,2.21280646,0,12.3483515,-11.7937374,15.7301636,12.0304651,-16.0640583,357.004364,0,1,0,8,8,0
273,820,2,8327376,0,0,42,0,255,0,0,0,0,0,13700,50,2.5,0,0,6,3064.7981,14.2939453,0,12.2655659,-12.8622513,23.1133423,11.5701437,-18.2686768,356.016724,0,1,0,11,11,0
273,821,3,8327452,0,0,54,0,255,0,0,0,0,0,13700,50,2.5,0,0,6,3682.60083,28.27878,0,12.301816,-12.5085812,20.2687378,11.7302208,-17.5453854,355.137543,0,1,0,10,10,0
274,822,1,8327300,0,0,30,0,255,0,0,0,0,0,13750,50,2.5,0,0,6,3636.09033,1.9407233,0,12.3309717,-12.1212311,15.2398682,12.0553064,-15.8975821,357.227692,0,1,0,7,7,0
274,823,2,8327376,0,0,39,0,255,0,0,0,0,0,13750,50,2.5,0,0,6,3096.75244,11.1914749,0,12.2822084,-12.7119217,22.5180359,11.606286,-18.1300488,356.199158,0,1,0,11,11,0
274,824,3,8327452,0,0,52,0,255,0,0,0,0,0,13750,50,2.5,0,0,6,3696.70288,23.1559448,0,12.3178596,-12.3121662,19.6539307,11.7770004,-17.3809738,355.269379,0,1,0,10,10,0
275,825,1,8327300,0,0,29,0,255,0,0,0,0,0,13800,50,2.5,0,0,6,3658.76611,1.72428691,0,12.34126,-11.9415884,14.7600403,12.0791922,-15.7299032,357.296417,0,1,0,7,7,0
275,826,2,8327376,0,0,37,0,255,0,0,0,0,0,13800,50,2.5,0,0,6,3128.94946,8.77017307,0,12.2986336,-12.5439558,21.9447632,11.6408186,-17.9894524,356.348511,0,1,0,11,11,0
275,827,3,8327452,0,0,49,0,255,0,0,0,0,0,13800,50,2.5,0,0,6,3711.76636,18.8975163,0,12.2919693,-12.6148348,19.0433044,11.8210897,-17.2150612,355.519806,0,1,0,9,9,0
276,828,1,8327300,0,0,29,0,255,0,0,0,0,0,13850,50,2.5,0,0,6,3680.95703,1.53418899,0,12.3502235,-11.7500162,14.247345,12.1021643,-15.561058,357.340149,0,1,0,7,7,0
276,829,2,8327376,0,0,35,0,255,0,0,0,0,0,13850,50,2.5,0,0,6,3161.16431,6.89322376,0,12.3130693,-12.3743906,21.4109802,11.6739006,-17.8469582,356.475586,0,1,0,11,11,0
276,830,3,8327452,0,0,48,0,255,0,0,0,0,0,13850,50,2.5,0,0,6,3727.60693,15.4366961,0,12.3093443,-12.4205246,18.4263306,11.8626871,-17.04772,355.65686,0,1,0,9,9,0
277,831,1,8327300,0,0,27,0,255,0,0,0,0,0,13900,50,2.5,0,0,6,3702.65112,1.37060511,0,12.3338346,-12.0744562,13.7144165,12.1242561,-15.3910809,357.508698,0,1,0,6,6,0
277,832,2,8327376,0,0,32,0,255,0,0,0,0,0,13900,50,2.5,0,0,6,3193.2522,5.45023918,0,12.2836323,-12.6982155,20.8716736,11.7056723,-17.702631,356.736023,0,1,0,10,10,0
277,833,3,8327452,0,0,47,0,255,0,0,0,0,0,13900,50,2.5,0,0,6,3743.94238,12.6235313,0,12.3243589,-12.2217703,17.7991638,11.9019766,-16.8790207,355.783813,0,1,0,9,9,0
278,834,1,8327300,0,0,27,0,255,0,0,0,0,0,13950,50,2.5,0,0,6,3723.87622,1.24185193,0,12.344965,-11.8674707,13.1289978,12.1455021,-15.2200041,357.555664,0,1,0,6,6,0
278,835,2,8327376,0,0,31,0,255,0,0,0,0,0,13950,50,2.5,0,0,6,3225.10596,4.34396219,0,12.2997103,-12.5321045,20.3429565,11.7362623,-17.55653,356.852234,0,1,0,10,10,0
278,836,3,8327452,0,0,46,0,255,0,0,0,0,0,13950,50,2.5,0,0,6,3760.62354,10.3785563,0,12.3368301,-12.0230312,17.1791992,11.9391203,-16.7090244,355.901611,0,1,0,9,9,0
279,837,1,8327300,0,0,27,0,255,0,0,0,0,0,14000,50,2.5,0,0,6,3744.59937,1.12622666,0,12.3529005,-11.6830206,12.598999,12.1659298,-15.0478601,357.58905,0,1,0,6,6,0
279,838,2,8327376,0,0,29,0,255,0,0,0,0,0,14000,50,2.5,0,0,6,3256.59692,3.4765029,0,12.3141766,-12.3602991,19.8045044,11.7657795,-17.4087124,356.94931,0,1,0,10,10,0
279,839,3,8327452,0,0,43,0,255,0,0,0,0,0,14000,50,2.5,0,0,6,3777.48853,8.61702251,0,12.3154974,-12.3432837,16.5825195,11.9742613,-16.5377884,356.140625,0,1,0,8,8,0
280,840,1,8327300,0,0,27,0,255,0,0,0,0,0,14050,50,2.5,0,0,6,3764.83057,1.0300473,0,12.359478,-11.4863873,12.0291443,12.1855593,-14.8746805,357.604797,0,1,0,6,6,0
280,841,2,8327376,0,0,28,0,255,0,0,0,0,0,14050,50,2.5,0,0,6,3287.68311,2.80777669,0,12.285284,-12.6821289,19.2587891,11.7943211,-17.2592316,357.149078,0,1,0,9,9,0
280,842,3,8327452,0,0,42,0,255,0,0,0,0,0,14050,50,2.5,0,0,6,3794.46313,7.23043013,0,12.330183,-12.1337376,15.9051819,12.007534,-16.3653679,356.260529,0,1,0,8,8,0
281,843,1,8327300,0,0,25,0,255,0,0,0,0,0,14100,50,2.5,0,0,6,3784.57007,0.956623137,0,12.3474016,-11.8150606,11.4348755,12.2044039,-14.7004938,357.761444,0,1,0,5,5,0
281,844,2,8327376,0,0,27,0,255,0,0,0,0,0,14100,50,2.5,0,0,6,3318.29004,2.28980637,0,12.3027496,-12.4980192,18.670105,11.821969,-17.1081371,357.247772,0,1,0,9,9,0
281,845,3,8327452,0,0,41,0,255,0,0,0,0,0,14100,50,2.5,0,0,6,3811.39453,6.09159899,0,12.3416786,-11.933507,16.0874634,12.0390596,-16.1918106,356.366302,0,1,0,8,8,0
282,846,1,8327300,0,0,25,0,255,0,0,0,0,0,14150,50,2.5,0,0,6,3803.84521,0.900958359,0,12.3558016,-11.6030464,10.7743225,12.2224855,-14.5253286,357.775085,0,1,0,5,5,0
282,847,2,8327376,0,0,26,0,255,0,0,0,0,0,14150,50,2.5,0,0,6,3348.38281,1.88885152,0,12.3161297,-12.335043,18.1555176,11.848793,-16.9554749,357.327423,0,1,0,9,9,0
282,848,3,8327452,0,0,40,0,255,0,0,0,0,0,14150,50,2.5,0,0,6,3828.22388,5.16759109,0,12.3509197,-11.7331629,15.5762024,12.0689421,-16.0171642,356.45874,0,1,0,8,8,0
283,849,1,8327300,0,0,25,0,255,0,0,0,0,0,14200,50,2.5,0,0,6,3822.63501,0.842516959,0,12.3616905,-11.4041681,10.1435852,12.2398205,-14.3492126,357.771362,0,1,0,5,5,0
283,850,2,8327376,0,0,26,0,255,0,0,0,0,0,14200,50,2.5,0,0,6,3377.93066,1.58006823,0,12.3286486,-12.1576529,17.5995483,11.8748512,-16.8012905,357.381622,0,1,0,9,9,0
283,851,3,8327452,0,0,38,0,255,0,0,0,0,0,14200,50,2.5,0,0,6,3844.88599,4.43353605,0,12.3353481,-12.0488253,15.0462036,12.0972719,-15.8414707,356.666809,0,1,0,7,7,0
284,852,1,8327300,0,0,25,0,255,0,0,0,0,0,14250,50,2.5,0,0,6,3840.95312,0.790172696,0,12.3659611,-11.1966629,9.46679688,12.2564182,-14.1721735,357.748779,0,1,0,5,5,0
284,853,2,8327376,0,0,24,0,255,0,0,0,0,0,14250,50,2.5,0,0,6,3406.9021,1.33871198,0,12.3052692,-12.4690037,16.9888,11.9001904,-16.6456242,357.588074,0,1,0,8,8,0
284,854,3,8327452,0,0,37,0,255,0,0,0,0,0,14250,50,2.5,0,0,6,3861.35522,3.84552407,0,12.3460321,-11.844903,14.5016479,12.1241341,-15.6647701,356.76236,0,1,0,7,7,0
285,855,1,8327300,0,0,24,0,255,0,0,0,0,0,14300,50,2.5,0,0,6,3859.51978,0.750918746,0,12.3577681,-11.5432215,8.82873535,12.2722893,-13.9942045,357.876282,0,1,0,4,4,0
285,856,2,8327376,0,0,24,0,255,0,0,0,0,0,14300,50,2.5,0,0,6,3435.30713,1.1558584,0,12.3192339,-12.2936506,16.4212646,11.9248543,-16.4885159,357.648438,0,1,0,8,8,0
285,857,3,8327452,0,0,36,0,255,0,0,0,0,0,14300,50,2.5,0,0,6,3877.57056,3.3547349,0,12.3544931,-11.6401873,13.949646,12.1496038,-15.4871006,356.839813,0,1,0,7,7,0
286,858,1,8327300,0,0,24,0,255,0,0,0,0,0,14350,50,2.5,0,0,6,3877.62061,0.720271826,0,12.3634844,-11.3274107,10.1895142,12.2874432,-13.8153315,357.858459,0,1,0,4,4,0
286,859,2,8327376,0,0,23,0,255,0,0,0,0,0,14350,50,2.5,0,0,6,3463.11084,1.00414431,0,12.3307495,-12.1247587,15.8757324,11.9488773,-16.3300056,357.695496,0,1,0,8,8,0
286,860,3,8327452,0,0,36,0,255,0,0,0,0,0,14350,50,2.5,0,0,6,3893.51562,2.94656444,0,12.3609428,-11.4332819,13.3879089,12.1737461,-15.3084965,356.900421,0,1,0,7,7,0
287,861,1,8327300,0,0,25,0,255,0,0,0,0,0,14400,50,2.5,0,0,6,3895.2478,0.689674616,0,12.3669682,-11.1289625,9.65197754,12.3018875,-13.635581,357.824066,0,1,0,4,4,0
287,862,2,8327376,0,0,22,0,255,0,0,0,0,0,14400,50,2.5,0,0,6,3490.32593,0.88346684,0,12.3078518,-12.4385214,16.0793152,11.97229,-16.1701298,357.864868,0,1,0,7,7,0
287,863,3,8327452,0,0,34,0,255,0,0,0,0,0,14400,50,2.5,0,0,6,3909.14941,2.61219811,0,12.3499117,-11.7574844,12.8143311,12.1966143,-15.1289921,357.082001,0,1,0,6,6,0
288,864,1,8327300,0,0,52,0,255,0,0,0,0,0,14450,50,2.5,0,0,6,3912.81885,0.662859201,0,12.1553497,-4.57452488,9.03421021,12.3156223,-13.4549589,355.541107,0,1,0,15,15,0
288,865,2,8327376,0,0,22,0,255,0,0,0,0,0,14450,50,2.5,0,0,6,3516.94775,0.786389828,0,12.321003,-12.2693815,15.631897,11.99512,-16.0089226,357.916962,0,1,0,7,7,0
288,866,3,8327452,0,0,33,0,255,0,0,0,0,0,14450,50,2.5,0,0,6,3924.49731,2.34844184,0,12.3575258,-11.5508776,12.2174988,12.2182608,-14.9486179,357.150391,0,1,0,6,6,0
289,867,1,8327300,0,0,48,0,255,0,0,0,0,0,14500,50,2.5,0,0,6,3929.35498,0.650223434,0,12.1602974,-4.9170022,8.35168457,12.328476,-13.2735023,355.917694,0,1,0,14,14,0
289,868,2,8327376,0,0,21,0,255,0,0,0,0,0,14500,50,2.5,0,0,6,3542.96948,0.703087032,0,12.3331251,-12.0862455,15.1461487,12.0173864,-15.8464203,357.946381,0,1,0,7,7,0
289,869,3,8327452,0,0,33,0,255,0,0,0,0,0,14500,50,2.5,0,0,6,3939.521,2.11953354,0,12.3631449,-11.3428078,11.6056213,12.2387342,-14.7674046,357.198975,0,1,0,6,6,0
290,870,1,8327300,0,0,44,0,255,0,0,0,0,0,14550,50,2.5,0,0,6,3945.53784,0.864929438,0,12.1569681,-4.71314526,7.02374268,12.3403463,-13.0912313,356.274261,0,1,0,14,14,0
290,871,2,8327376,0,0,22,0,255,0,0,0,0,0,14550,50,2.5,0,0,6,3568.40503,0.637544692,0,12.3440657,-11.8860102,14.6112366,12.0391092,-15.6826563,357.939392,0,1,0,7,7,0
290,872,3,8327452,0,0,32,0,255,0,0,0,0,0,14550,50,2.5,0,0,6,3954.20605,1.91795874,0,12.3669462,-11.130558,10.9690247,12.2580719,-14.5853815,357.238525,0,1,0,6,6,0
291,873,1,8327300,0,0,40,0,255,0,0,0,0,0,14600,50,2.5,0,0,6,3961.28247,1.12506473,0,12.1633024,-5.06213665,5.62463379,12.3511696,-12.9081678,356.575836,0,1,0,13,13,0
291,874,2,8327376,0,0,20,0,255,0,0,0,0,0,14600,50,2.5,0,0,6,3593.23804,0.582354844,0,12.3249788,-12.2127438,14.1027832,12.0602961,-15.517662,358.136108,0,1,0,6,6,0
291,875,3,8327452,0,0,32,0,255,0,0,0,0,0,14600,50,2.5,0,0,6,3968.56738,1.75706184,0,12.3689165,-10.9276199,10.348053,12.276309,-14.4025745,357.265717,0,1,0,6,6,0
292,876,1,8327300,0,0,17,0,255,0,0,0,0,0,14650,50,2.5,0,0,6,3976.61719,1.3061651,0,12.3691549,-10.6297035,4.26544189,12.3609133,-12.7243347,358.554138,0,1,0,3,3,0
292,877,2,8327376,0,0,20,0,255,0,0,0,0,0,14650,50,2.5,0,0,6,3617.50293,0.543786943,0,12.335803,-12.0409708,13.6204834,12.0809631,-15.351469,358.150085,0,1,0,6,6,0
292,878,3,8327452,0,0,30,0,255,0,0,0,0,0,14650,50,2.5,0,0,6,3982.5813,1.62127972,0,12.3651562,-11.243475,9.62228394,12.2934732,-14.2190113,357.424652,0,1,0,5,5,0
293,879,1,8327300,0,0,18,0,255,0,0,0,0,0,14700,50,2.5,0,0,6,3991.94458,1.40318716,0,12.3674841,-10.4068403,2.83422852,12.3696795,-12.5397444,358.431763,0,1,0,3,3,0
293,880,2,8327376,0,0,20,0,255,0,0,0,0,0,14700,50,2.5,0,0,6,3641.18433,0.505413234,0,12.3463326,-11.838459,13.0461731,12.1011209,-15.1841087,358.131042,0,1,0,6,6,0
293,881,3,8327452,0,0,30,0,255,0,0,0,0,0,14700,50,2.5,0,0,6,3996.99219,1.51092589,0,12.3681107,-11.0305014,8.91442871,12.3095989,-14.0346832,357.446594,0,1,0,5,5,0
294,882,1,8327300,0,0,36,0,255,0,0,0,0,0,14750,50,2.5,0,0,6,4006.79053,1.22823822,0,12.1618633,-4.99568081,1.61581421,12.3775511,-12.3544226,356.983398,0,1,0,12,12,0
294,883,2,8327376,0,0,18,0,255,0,0,0,0,0,14750,50,2.5,0,0,6,3664.29492,0.470741332,0,12.3281832,-12.1648092,12.4956665,12.1207762,-15.0156116,358.291321,0,1,0,5,5,0
294,884,3,8327452,0,0,30,0,255,0,0,0,0,0,14750,50,2.5,0,0,6,4011.03564,1.40251482,0,12.3693657,-10.812583,8.17041016,12.3247118,-13.8496151,357.459381,0,1,0,5,5,0
295,885,1,8327300,0,0,33,0,255,0,0,0,0,0,14800,50,2.5,0,0,6,4020.97314,0.99589324,0,12.170392,-5.3404603,0.231781006,12.3844891,-12.1684027,357.209412,0,1,0,11,11,0
295,886,2,8327376,0,0,19,0,255,0,0,0,0,0,14800,50,2.5,0,0,6,3686.85718,0.444680721,0,12.3393173,-11.9781685,11.9321594,12.1399441,-14.8460064,358.2789,0,1,0,5,5,0
295,887,3,8327452,0,0,51,0,255,0,0,0,0,0,14800,50,2.5,0,0,6,4024.72412,1.30870402,0,12.1587296,-4.82907915,9.72781372,12.3388319,-13.6638327,355.735382,0,1,0,15,15,0
296,888,1,8327300,0,0,31,0,255,0,0,0,0,0,14850,50,2.5,0,0,6,4034.8916,0.988153934,0,12.165,-5.13514709,1.0435791,12.3904753,-11.9817066,357.433685,0,1,0,11,11,0
296,889,2,8327376,0,0,19,0,255,0,0,0,0,0,14850,50,2.5,0,0,6,3708.85376,0.414016187,0,12.3482199,-11.7967243,11.3777771,12.1586294,-14.6753225,358.251678,0,1,0,5,5,0
296,890,3,8327452,0,0,47,0,255,0,0,0,0,0,14850,50,2.5,0,0,6,4037.98999,1.23616481,0,12.1555223,-4.59182501,9.08285522,12.3518534,-13.4773521,356.123505,0,1,0,15,15,0
297,891,1,8327300,0,0,29,0,255,0,0,0,0,0,14900,50,2.5,0,0,6,4048.43359,1.03510463,0,12.175602,-5.51385021,2.23413086,12.3955059,-11.7943554,357.610046,0,1,0,10,10,0
297,892,2,8327376,0,0,20,0,255,0,0,0,0,0,14900,50,2.5,0,0,6,3730.30688,0.390842766,0,12.3562279,-11.5905056,10.7351074,12.1768351,-14.5035877,358.188843,0,1,0,5,5,0
297,893,3,8327452,0,0,43,0,255,0,0,0,0,0,14900,50,2.5,0,0,6,4051.01318,1.40655124,0,12.1605749,-4.93145657,8.42077637,12.3637114,-13.2901926,356.445068,0,1,0,14,14,0
298,894,1,8327300,0,0,26,0,255,0,0,0,0,0,14950,50,2.5,0,0,6,4061.62305,1.0434047,0,12.169158,-5.29629183,3.59591675,12.3995876,-11.6063709,357.800385,0,1,0,10,10,0
298,895,2,8327376,0,0,18,0,255,0,0,0,0,0,14950,50,2.5,0,0,6,3751.2124,0.37642774,0,12.3425198,-11.9170647,10.0992432,12.1945543,-14.3308296,358.36377,0,1,0,4,4,0
298,896,3,8327452,0,0,23,0,255,0,0,0,0,0,14950,50,2.5,0,0,6,4063.6875,1.61439621,0,12.3683538,-10.4988384,7.06628418,12.3743725,-13.102376,358.114594,0,1,0,4,4,0
299,897,1,8327300,0,0,25,0,255,0,0,0,0,0,15000,50,2.5,0,0,6,4074.49414,1.02380538,0,12.1805325,-5.66342258,4.89535522,12.4027443,-11.4177723,357.928101,0,1,0,9,9,0
299,898,2,8327376,0,0,19,0,255,0,0,0,0,0,15000,50,2.5,0,0,6,3771.60376,0.370935291,0,12.3513184,-11.7233105,9.4475708,12.2117939,-14.157074,358.308807,0,1,0,4,4,0
299,899,3,8327452,0,0,38,0,255,0,0,0,0,0,15000,50,2.5,0,0,6,4076.37231,1.72650599,0,12.1633024,-5.06213665,5.62463379,12.3839178,-12.9139137,356.856812,0,1,0,13,13,0
300,900,1,8327300,0,0,19,0,255,0,0,0,0,0,15050,50,2.5,0,0,6,4087.0249,0.972892284,0,12.328475,-8.96773529,5.92352295,12.4049997,-11.2285795,358.43924,0,1,0,3,3,0
300,901,2,8327376,0,0,20,0,255,0,0,0,0,0,15050,50,2.5,0,0,6,3792.19092,0.358564138,0,12.3579254,-11.5381765,8.81173706,12.2285528,-13.9823132,358.238922,0,1,0,4,4,0
300,902,3,8327452,0,0,22,0,255,0,0,0,0,0,15050,50,2.5,0,0,6,4088.35913,1.56230175,0,12.3622169,-10.064683,4.23782349,12.3923388,-12.7248383,358.179657,0,1,0,4,4,0
301,903,1,8327300,0,0,19,0,255,0,0,0,0,0,15100,50,2.5,0,0,6,4099.33887,0.911816001,0,12.3207006,-8.77727222,6.78146362,12.4064093,-11.0388088,358.388519,0,1,0,3,3,0
301,904,2,8327376,0,0,18,0,255,0,0,0,0,0,15100,50,2.5,0,0,6,3812.23877,0.349671811,0,12.3451328,-11.8639517,10.2117004,12.2448215,-13.8065739,358.355743,0,1,0,3,3,0
301,905,3,8327452,0,0,34,0,255,0,0,0,0,0,15100,50,2.5,0,0,6,4100.41748,1.48964763,0,12.1661444,-5.18174839,2.78369141,12.3997097,-12.535162,357.218811,0,1,0,12,12,0
302,906,1,8327300,0,0,22,0,255,0,0,0,0,0,15150,50,2.5,0,0,6,4111.31592,0.810474575,0,12.2022276,-6.22929811,7.66711426,12.4070177,-10.8484774,358.201477,0,1,0,7,7,0
302,907,2,8327376,0,0,19,0,255,0,0,0,0,0,15150,50,2.5,0,0,6,3831.78711,0.350838691,0,12.3539324,-11.6555891,9.62994385,12.2606039,-13.6298819,358.277954,0,1,0,3,3,0
302,908,3,8327452,0,0,31,0,255,0,0,0,0,0,15150,50,2.5,0,0,6,4111.88672,1.34324396,0,12.1763496,-5.53727341,1.44821167,12.4060297,-12.3449125,357.429779,0,1,0,11,11,0
303,909,1,8327300,0,0,21,0,255,0,0,0,0,0,15200,50,2.5,0,0,6,4122.94092,0.709429979,0,12.2182922,-6.59658527,8.57809448,12.4068432,-10.6576061,358.291351,0,1,0,6,6,0
303,910,2,8327376,0,0,21,0,255,0,0,0,0,0,15200,50,2.5,0,0,6,3851.25879,0.343958825,0,12.3600969,-11.4645023,9.07977295,12.275897,-13.4522419,358.178131,0,1,0,3,3,0
303,911,3,8327452,0,0,29,0,255,0,0,0,0,0,15200,50,2.5,0,0,6,4123.16895,1.27004361,0,12.1702385,-5.33503819,0.197692871,12.4113092,-12.154109,357.632843,0,1,0,11,11,0
304,912,1,8327300,0,0,20,0,255,0,0,0,0,0,15250,50,2.5,0,0,6,4134.27588,0.65663445,0,12.2369375,-6.99633837,9.33377075,12.4059048,-10.4662123,358.361969,0,1,0,5,5,0
304,913,2,8327376,0,0,57,0,255,0,0,0,0,0,15250,50,2.5,0,0,6,3870.19458,0.339508742,0,12.1539898,-4.36680412,8.38330078,12.2906828,-13.2736788,355.073486,0,1,0,15,15,0
304,914,3,8327452,0,0,27,0,255,0,0,0,0,0,15250,50,2.5,0,0,6,4134.16309,1.24452877,0,12.1811962,-5.68274498,1.18917847,12.4155693,-11.9627705,357.796631,0,1,0,10,10,0
305,915,1,8327300,0,0,19,0,255,0,0,0,0,0,15300,50,2.5,0,0,6,4145.31006,0.619258583,0,12.2267637,-6.78075218,12.9563599,12.4042244,-10.274312,358.432526,0,1,0,5,5,0
305,916,2,8327376,0,0,52,0,255,0,0,0,0,0,15300,50,2.5,0,0,6,3887.86304,0.350174636,0,12.1569405,-4.71102142,7.00906372,12.3047132,-13.0942335,355.486145,0,1,0,14,14,0
305,917,3,8327452,0,0,25,0,255,0,0,0,0,0,15300,50,2.5,0,0,6,4144.8877,1.19043243,0,12.1742897,-5.47191381,2.49487305,12.4188366,-11.770916,357.968018,0,1,0,10,10,0
306,918,1,8327300,0,0,19,0,255,0,0,0,0,0,15350,50,2.5,0,0,6,4156.05127,0.580143213,0,12.245882,-7.18252039,13.6270752,12.401825,-10.0819216,358.442841,0,1,0,4,4,0
306,919,2,8327376,0,0,48,0,255,0,0,0,0,0,15350,50,2.5,0,0,6,3905.15942,0.6029737,0,12.1548176,-4.51404572,5.70007324,12.3178444,-12.9139204,355.87973,0,1,0,14,14,0
306,920,3,8327452,0,0,23,0,255,0,0,0,0,0,15350,50,2.5,0,0,6,4155.35498,1.11866307,0,12.1873388,-5.85392809,3.69473267,12.4211454,-11.5785618,358.09079,0,1,0,9,9,0
307,921,1,8327300,0,0,18,0,255,0,0,0,0,0,15400,50,2.5,0,0,6,4166.49268,0.539534092,0,12.2356253,-6.96880913,14.3652039,12.3987246,-9.88905716,358.50589,0,1,0,4,4,0
307,922,2,8327376,0,0,44,0,255,0,0,0,0,0,15400,50,2.5,0,0,6,3921.98071,0.918260455,0,12.1591101,-4.85146523,4.26721191,12.3299799,-12.7327604,356.207092,0,1,0,13,13,0
307,923,3,8327452,0,0,20,0,255,0,0,0,0,0,15400,50,2.5,0,0,6,4165.5791,1.0338099,0,12.3117094,-8.56805992,5.00598145,12.4225359,-11.385725,358.396332,0,1,0,4,4,0
308,924,1,8327300,0,0,17,0,255,0,0,0,0,0,15450,50,2.5,0,0,6,4176.6582,0.505376637,0,12.2268658,-6.78293133,14.9749756,12.3949442,-9.69573402,358.571655,0,1,0,4,4,0
308,925,2,8327376,0,0,13,0,255,0,0,0,0,0,15450,50,2.5,0,0,6,3938.35083,1.17188036,0,12.3685722,-10.9778519,2.94720459,12.3410587,-12.5507765,358.870575,0,1,0,2,2,0
308,926,3,8327452,0,0,20,0,255,0,0,0,0,0,15450,50,2.5,0,0,6,4175.59961,0.941507578,0,12.3016186,-8.34346676,6.1072998,12.4230576,-11.1924191,358.39859,0,1,0,4,4,0
309,927,1,8327300,0,0,16,0,255,0,0,0,0,0,15500,50,2.5,0,0,6,4186.55127,0.473250568,0,12.2173347,-6.57542849,15.6235352,12.3905058,-9.50196648,358.64978,0,1,0,4,4,0
309,928,2,8327376,0,0,16,0,255,0,0,0,0,0,15500,50,2.5,0,0,6,3954.82202,1.34437895,0,12.3694029,-10.7861691,1.70932007,12.3512058,-12.3679781,358.651459,0,1,0,2,2,0
309,929,3,8327452,0,0,20,0,255,0,0,0,0,0,15500,50,2.5,0,0,6,4185.35449,0.836005151,0,12.2084608,-6.37526608,7.03237915,12.4227514,-10.9986601,358.376282,0,1,0,7,7,0
310,930,1,8327300,0,0,15,0,255,0,0,0,0,0,15550,50,2.5,0,0,6,4196.17822,0.438937157,0,12.2085066,-6.3763485,16.2109985,12.3854342,-9.30776787,358.734741,0,1,0,4,4,0
310,931,2,8327376,0,0,18,0,255,0,0,0,0,0,15550,50,2.5,0,0,6,3970.72681,1.16259944,0,12.3689613,-10.588769,0.447906494,12.3605108,-12.1843939,358.448303,0,1,0,2,2,0
310,932,3,8327452,0,0,19,0,255,0,0,0,0,0,15550,50,2.5,0,0,6,4194.85742,0.744657695,0,12.2535048,-7.33960485,7.9234314,12.4216509,-10.8044624,358.442291,0,1,0,5,5,0
311,933,1,8327300,0,0,14,0,255,0,0,0,0,0,15600,50,2.5,0,0,6,4205.54785,0.403930426,0,12.2003155,-6.18343973,18.6986084,12.379755,-9.11315155,358.826752,0,1,0,4,4,0
311,934,2,8327376,0,0,40,0,255,0,0,0,0,0,15600,50,2.5,0,0,6,3986.27295,0.910957277,0,12.1658564,-5.17016697,0.826263428,12.3690329,-12.0000486,356.612457,0,1,0,11,11,0
311,935,3,8327452,0,0,18,0,255,0,0,0,0,0,15600,50,2.5,0,0,6,4204.12158,0.67483902,0,12.2435675,-7.13457298,8.77374268,12.4197884,-10.6098413,358.49884,0,1,0,5,5,0
312,936,1,8327300,0,0,13,0,255,0,0,0,0,0,15650,50,2.5,0,0,6,4214.66602,0.369237185,0,12.1929789,-6.00156498,19.0726318,12.3734951,-8.91813087,358.92334,0,1,0,4,4,0
312,937,2,8327376,0,0,20,0,255,0,0,0,0,0,15650,50,2.5,0,0,6,4001.03418,0.75913322,0,12.3642244,-10.1737204,2.17379761,12.3766861,-11.8149786,358.262604,0,1,0,2,2,0
312,938,3,8327452,0,0,18,0,255,0,0,0,0,0,15650,50,2.5,0,0,6,4213.14697,0.61418426,0,12.2343674,-6.94234371,9.5473938,12.4171953,-10.4148102,358.559357,0,1,0,5,5,0
313,939,1,8327300,0,0,0,0,255,0,0,0,0,0,15700,50,2.5,0,0,6,4223.53809,0.33386296,0,12.1850758,-5.79228592,19.4641113,12.366683,-8.72271729,359.042694,0,1,0,4,4,0
313,940,2,8327376,0,0,36,0,255,0,0,0,0,0,15700,50,2.5,0,0,6,4015.82373,0.830388129,0,12.1698456,-5.32108116,3.43963623,12.3835192,-11.6291943,356.948242,0,1,0,10,10,0
313,941,3,8327452,0,0,17,0,255,0,0,0,0,0,15700,50,2.5,0,0,6,4221.92432,0.557995617,0,12.2242365,-6.72633553,13.1575317,12.4138985,-10.2193823,358.636841,0,1,0,5,5,0
314,942,1,8327300,0,0,0,0,255,0,0,0,0,0,15750,50,2.5,0,0,6,4232.29492,0.300328791,0,12.1788511,-5.6137085,19.7600098,12.3594255,-8.5269146,359.377838,0,1,0,4,4,0
314,943,2,8327376,0,0,23,0,255,0,0,0,0,0,15750,50,2.5,0,0,6,4029.83862,0.806649089,0,12.3554878,-9.7735157,4.70730591,12.3894749,-11.442728,358.064941,0,1,0,2,2,0
314,944,3,8327452,0,0,16,0,255,0,0,0,0,0,15750,50,2.5,0,0,6,4230.47363,0.511596918,0,12.2156258,-6.53746748,13.8348083,12.4099245,-10.023571,358.716705,0,1,0,5,5,0
315,945,1,8327300,0,0,0,0,255,0,0,0,0,0,15800,50,2.5,0,0,6,4240.77295,0.491663396,0,12.1723528,-5.40796375,20.0609131,12.351572,-8.33074474,359.729675,0,1,0,4,4,0
315,946,2,8327376,0,0,33,0,255,0,0,0,0,0,15800,50,2.5,0,0,6,4043.74707,0.845734,0,12.1753836,-5.50693893,5.72720337,12.3945837,-11.2555952,357.266937,0,1,0,9,9,0
315,947,3,8327452,0,0,16,0,255,0,0,0,0,0,15800,50,2.5,0,0,6,4238.79639,0.469766408,0,12.2325821,-6.90468025,14.5788574,12.4053011,-9.82738781,358.677307,0,1,0,4,4,0
316,948,1,8327300,0,0,0,0,255,0,0,0,0,0,15850,50,2.5,0,0,6,4248.91602,0.718371689,0,12.1670885,-5.21875572,20.871582,12.3430195,-8.13422871,360,0.0785522461,1,0,4,4,0
316,949,2,8327376,0,0,31,0,255,0,0,0,0,0,15850,50,2.5,0,0,6,4057.04175,0.831058025,0,12.1884594,-5.88390541,6.6378479,12.3988094,-11.0678234,357.441498,0,1,0,8,8,0
316,950,3,8327452,0,0,15,0,255,0,0,0,0,0,15850,50,2.5,0,0,6,4246.88428,0.428750366,0,12.2232876,-6.70577097,15.2210388,12.4000502,-9.63084602,358.753601,0,1,0,4,4,0
317,951,1,8327300,0,0,0,0,255,0,0,0,0,0,15900,50,2.5,0,0,6,4256.47217,0.894497097,0,12.1783485,-5.5986166,20.9324036,12.3337002,-7.93739939,360,0.00555419922,1,0,3,3,0
317,952,2,8327376,0,0,26,0,255,0,0,0,0,0,15900,50,2.5,0,0,6,4070.02563,0.853861213,0,12.3133097,-8.60457993,7.53515625,12.402133,-10.8794327,357.824554,0,1,0,3,3,0
317,953,3,8327452,0,0,14,0,255,0,0,0,0,0,15900,50,2.5,0,0,6,4254.7583,0.394129694,0,12.2142143,-6.50590324,15.8341675,12.3941956,-9.43395615,358.837311,0,1,0,4,4,0
318,954,1,8327300,0,0,0,0,255,0,0,0,0,0,15950,50,2.5,0,0,6,4263.75537,1.01279235,0,12.1726933,-5.41939783,20.9542847,12.3235741,-7.74027348,360,0.342254639,1,0,3,3,0
318,955,2,8327376,0,0,26,0,255,0,0,0,0,0,15950,50,2.5,0,0,6,4082.71069,0.896379054,0,12.3037987,-8.39125538,8.43685913,12.4045687,-10.6904421,357.798828,0,1,0,3,3,0
318,956,3,8327452,0,0,13,0,255,0,0,0,0,0,15950,50,2.5,0,0,6,4262.42041,0.362906396,0,12.2055454,-6.3076334,16.4073486,12.387763,-9.23672867,358.928436,0,1,0,4,4,0
319,957,1,8327300,0,0,0,0,255,0,0,0,0,0,16000,50,2.5,0,0,6,4270.79053,1.07704377,0,12.1673346,-5.22822618,20.9371643,12.3126211,-7.54286623,360,0.709411621,1,0,3,3,0
319,958,2,8327376,0,0,27,0,255,0,0,0,0,0,16000,50,2.5,0,0,6,4095.0249,0.88043493,0,12.2665644,-7.60757256,9.23840332,12.406127,-10.5008717,357.794617,0,1,0,4,4,0
319,959,3,8327452,0,0,0,0,255,0,0,0,0,0,16000,50,2.5,0,0,6,4269.875,0.331040263,0,12.1977787,-6.12163544,18.8290405,12.3807802,-9.03917408,359.022949,0,1,0,4,4,0
320,960,1,8327300,0,14,0,0,255,0,0,0,0,0,16050,50,2.5,0,0,6,4277.42529,1.09714913,0,12.162776,-5.03840351,20.1985779,12.3008375,-7.34519958,360,1.09957886,1,0,3,3,0
320,961,2,8327376,0,0,26,0,255,0,0,0,0,0,16050,50,2.5,0,0,6,4106.98291,0.848430812,0,12.2285366,-6.81870842,12.8151245,12.4068098,-10.3107414,357.891052,0,1,0,5,5,0
320,962,3,8327452,0,0,0,0,255,0,0,0,0,0,16050,50,2.5,0,0,6,4277.25293,0.298279136,0,12.1895018,-5.91149712,19.2476196,12.373353,-8.84129429,359.388733,0,1,0,4,4,0
321,963,1,8327300,0,15,0,0,255,0,0,0,0,0,16100,50,2.5,0,0,6,4283.87744,1.08355629,0,12.1590347,-4.84711647,19.9883118,12.288271,-7.14728212,360,1.17523193,1,0,3,3,0
321,964,2,8327376,0,0,24,0,255,0,0,0,0,0,16100,50,2.5,0,0,6,4118.62549,0.832059085,0,12.219985,-6.63379812,13.4916382,12.4066238,-10.1200714,357.996918,0,1,0,5,5,0
321,965,3,8327452,0,0,0,0,255,0,0,0,0,0,16100,50,2.5,0,0,6,4284.38721,0.525439858,0,12.1822386,-5.71272278,19.5996094,12.3653069,-8.64311218,359.748016,0,1,0,4,4,0
322,966,1,8327300,0,16,0,0,255,0,0,0,0,0,16150,50,2.5,0,0,6,4290.14941,0.658263922,0,12.156105,-4.64501667,19.7279663,12.2751837,-6.94910049,360,1.28942871,1,0,3,3,0
322,967,2,8327376,0,0,24,0,255,0,0,0,0,0,16150,50,2.5,0,0,6,4129.97021,0.815024197,0,12.238308,-7.02504587,14.1737366,12.4055862,-9.92887878,357.993164,0,1,0,4,4,0
322,968,3,8327452,0,0,0,0,255,0,0,0,0,0,16150,50,2.5,0,0,6,4291.20801,0.801859856,0,12.1762419,-5.53396606,19.8826904,12.3565207,-8.44464779,360,0.099395752,1,0,4,4,0
323,969,1,8327300,0,18,0,0,255,0,0,0,0,0,16200,50,2.5,0,0,6,4296.48291,0.278726995,0,12.1544876,-4.46829271,19.4655457,12.2617903,-6.75064135,360,1.40356445,1,0,3,3,0
323,970,2,8327376,0,0,23,0,255,0,0,0,0,0,16200,50,2.5,0,0,6,4140.99268,0.782313645,0,12.2281799,-6.8110714,14.8849792,12.4037104,-9.73718166,358.085907,0,1,0,4,4,0
323,971,3,8327452,0,0,0,0,255,0,0,0,0,0,16200,50,2.5,0,0,6,4297.74316,1.02208066,0,12.170022,-5.32735157,20.816803,12.3469143,-8.24592113,360,0.474945068,1,0,4,4,0
324,972,1,8327300,0,0,0,0,255,0,0,0,0,0,16250,50,2.5,0,0,6,4302.88867,0.0893755257,0,12.1588469,-4.83603477,19.1533203,12.2482729,-6.5518918,360,0.9402771,1,0,2,2,0
324,973,2,8327376,0,0,22,0,255,0,0,0,0,0,16250,50,2.5,0,0,6,4151.74951,0.748612344,0,12.2197857,-6.62943172,15.4581909,12.4010115,-9.54499626,358.181213,0,1,0,4,4,0
324,974,3,8327452,0,0,0,0,255,0,0,0,0,0,16250,50,2.5,0,0,6,4303.74463,1.1742624,0,12.182477,-5.71949291,20.8988037,12.3364401,-8.04696178,360,0.438842773,1,0,3,3,0
325,975,1,8327300,0,18,0,0,255,0,0,0,0,0,16300,50,2.5,0,0,6,4309.15771,0.0151318572,0,12.1561337,-4.64751053,18.8094482,12.2346563,-6.35285759,360,1.39709473,1,0,2,2,0
325,976,2,8327376,0,0,21,0,255,0,0,0,0,0,16300,50,2.5,0,0,6,4162.2207,0.714427292,0,12.2105608,-6.42335844,16.0767212,12.3975086,-9.35233879,358.295654,0,1,0,4,4,0
325,977,3,8327452,0,0,0,0,255,0,0,0,0,0,16300,50,2.5,0,0,6,4309.5249,1.2626071,0,12.1758814,-5.5226469,20.9453125,12.3250732,-7.84778404,360,0.813903809,1,0,3,3,0
326,978,1,8327300,0,20,0,0,255,0,0,0,0,0,16350,50,2.5,0,0,6,4315.27246,0.0102738328,0,12.1544056,-4.45518112,16.723175,12.2209988,-6.15354252,360,1.61663818,1,0,2,2,0
326,979,2,8327376,0,0,19,0,255,0,0,0,0,0,16350,50,2.5,0,0,6,4172.41309,0.676783204,0,12.2027111,-6.24081993,16.5927124,12.3932228,-9.15922451,358.412964,0,1,0,4,4,0
326,980,3,8327452,0,16,0,0,255,0,0,0,0,0,16350,50,2.5,0,0,6,4315.11035,1.29538381,0,12.1700449,-5.32817793,20.9509888,12.3128052,-7.64840078,360,1.20889282,1,0,3,3,0
327,981,1,8327300,0,24,0,0,255,0,0,0,0,0,16400,50,2.5,0,0,6,4321.88379,0.00694467779,0,12.1538267,-4.2669487,16.256134,12.2074385,-5.95391369,360,1.85168457,1,0,2,2,0
327,982,2,8327376,0,0,18,0,255,0,0,0,0,0,16400,50,2.5,0,0,6,4182.34912,0.637157083,0,12.1948681,-6.04938507,18.9786377,12.3881836,-8.96566772,358.536499,0,1,0,4,4,0
327,983,3,8327452,0,17,0,0,255,0,0,0,0,0,16400,50,2.5,0,0,6,4320.36523,1.28626025,0,12.16469,-5.12216282,20.912262,12.2996893,-7.44882822,360,1.25640869,1,0,3,3,0
328,984,1,8327300,0,19,0,0,255,0,0,0,0,0,16450,50,2.5,0,0,6,4328.47656,0.0303973127,0,12.1557379,-4.61246014,15.7151489,12.1941061,-5.75396395,360,1.51870728,1,0,1,1,0
328,985,2,8327376,0,0,16,0,255,0,0,0,0,0,16450,50,2.5,0,0,6,4192.02197,0.587819755,0,12.1869755,-5.84415531,19.371582,12.3824205,-8.77168274,358.681061,0,1,0,4,4,0
328,986,3,8327452,0,17,0,0,255,0,0,0,0,0,16450,50,2.5,0,0,6,4325.46875,0.776919246,0,12.1608334,-4.94476843,20.0992126,12.2860165,-7.24904823,360,1.30532837,1,0,3,3,0
329,987,1,8327300,0,24,0,0,255,0,0,0,0,0,16500,50,2.5,0,0,6,4334.88086,0.0980389789,0,12.1542253,-4.42270851,15.4279175,12.1810999,-5.55369663,360,1.9022522,1,0,1,1,0
329,988,2,8327376,0,0,14,0,255,0,0,0,0,0,16500,50,2.5,0,0,6,4201.45654,0.537207544,0,12.1801395,-5.65191936,19.7008667,12.3759699,-8.57728195,358.823212,0,1,0,4,4,0
329,989,3,8327452,0,18,0,0,255,0,0,0,0,0,16500,50,2.5,0,0,6,4330.60547,0.322788179,0,12.1573296,-4.73896837,19.8535767,12.2720213,-7.04904747,360,1.41043091,1,0,3,3,0
330,990,1,8327300,0,29,0,0,255,0,0,0,0,0,16550,50,2.5,0,0,6,4341.56396,0.16174528,0,12.1538525,-4.22805262,15.6888428,12.168498,-5.3530941,360,2.29019165,1,0,1,1,0
330,991,2,8327376,0,0,13,0,255,0,0,0,0,0,16550,50,2.5,0,0,6,4210.65625,0.482321113,0,12.1743622,-5.47421122,19.9691162,12.3688736,-8.38247681,358.960083,0,1,0,4,4,0
330,992,3,8327452,0,0,0,0,255,0,0,0,0,0,16550,50,2.5,0,0,6,4335.68506,0.102475308,0,12.1647472,-5.12457752,19.6105652,12.2578926,-6.8488183,360,0.988861084,1,0,2,2,0
331,993,1,8327300,0,34,0,0,255,0,0,0,0,0,16600,50,2.5,0,0,6,4348.03564,0.244544625,0,12.1547556,-4.03728771,15.8753052,12.1563969,-5.15216112,360,2.67645264,1,0,1,1,0
331,994,2,8327376,0,0,0,0,255,0,0,0,0,0,16600,50,2.5,0,0,6,4219.61475,0.422390372,0,12.1684246,-5.26931953,20.8486633,12.3611727,-8.18727875,359.131165,0,1,0,4,4,0
331,995,3,8327452,0,18,0,0,255,0,0,0,0,0,16600,50,2.5,0,0,6,4340.81055,0.0191235952,0,12.1605473,-4.93003416,19.3113708,12.2436581,-6.64835787,360,1.43292236,1,0,2,2,0
332,996,1,8327300,0,40,0,0,255,0,0,0,0,0,16650,50,2.5,0,0,6,4353.60547,0.369566619,0,12.1568756,-3.85629845,15.9900513,12.144908,-4.95093536,360,3.06417847,1,0,1,1,0
332,997,2,8327376,0,0,0,0,255,0,0,0,0,0,16650,50,2.5,0,0,6,4228.18896,0.366699606,0,12.164012,-5.09325027,20.9165649,12.3529835,-7.99170351,359.506958,0,1,0,4,4,0
332,998,3,8327452,0,21,0,0,255,0,0,0,0,0,16650,50,2.5,0,0,6,4345.9248,0.0137128206,0,12.1573191,-4.73819256,18.9786377,12.2293701,-6.44766426,360,1.61691284,1,0,2,2,0
333,999,1,8327300,0,48,0,0,255,0,0,0,0,0,16700,50,2.5,0,0,6,4358.95166,0.544939697,0,12.1794529,-3.14229727,16.043396,12.1341572,-4.74942303,360,3.67221069,1,0,2,2,0
333,1000,2,8327376,0,0,0,0,255,0,0,0,0,0,16700,50,2.5,0,0,6,4236.49268,0.546882749,0,12.1600866,-4.90579987,20.9517517,12.3441715,-7.79577303,359.897919,0,1,0,4,4,0
333,1001,3,8327452,0,23,0,0,255,0,0,0,0,0,16700,50,2.5,0,0,6,4350.85156,0.00725304428,0,12.1550751,-4.54484177,16.9344482,12.2151756,-6.2467351,360,1.80767822,1,0,2,2,0
334,1002,1,8327300,0,51,0,0,255,0,0,0,0,0,16750,50,2.5,0,0,6,4364.0249,0.787235737,0,12.1896133,-2.95808458,16.0286865,12.1242905,-4.54763269,360,3.95458984,1,0,2,2,0
334,1003,2,8327376,0,0,0,0,255,0,0,0,0,0,16750,50,2.5,0,0,6,4244.4707,0.757291436,0,12.1568756,-4.70630074,20.9452515,12.3346443,-7.59950876,360,0.311920166,1,0,4,4,0
334,1004,3,8327452,0,20,0,0,255,0,0,0,0,0,16750,50,2.5,0,0,6,4356.354,0.0298230611,0,12.1601429,-4.9087863,16.4721985,12.2012062,-6.04553509,360,1.54269409,1,0,1,1,0
335,1005,1,8327300,0,55,0,0,255,0,0,0,0,0,16800,50,2.5,0,0,6,4368.42139,1.13670754,0,12.201827,-2.77448654,15.9475403,12.1154528,-4.34559488,360,4.26309204,1,0,2,2,0
335,1006,2,8327376,0,0,0,0,255,0,0,0,0,0,16800,50,2.5,0,0,6,4251.9751,0.915065467,0,12.1548615,-4.51945829,20.2373352,12.3243437,-7.40293741,360,0.730834961,1,0,4,4,0
335,1007,3,8327452,0,24,0,0,255,0,0,0,0,0,16800,50,2.5,0,0,6,4361.90137,0.0932175592,0,12.1567879,-4.69965839,15.9442749,12.187562,-5.84405613,360,1.881073,1,0,1,1,0
336,1008,1,8327300,0,60,0,0,255,0,0,0,0,0,16850,50,2.5,0,0,6,4372.80176,1.54872954,0,12.2162533,-2.59162998,15.7964783,12.1077909,-4.14331007,360,4.59158325,1,0,2,2,0
336,1009,2,8327376,0,0,0,0,255,0,0,0,0,0,16850,50,2.5,0,0,6,4259.21191,1.01603079,0,12.1600838,-4.90562725,20.0564575,12.3132362,-7.20607519,360,0.534973145,1,0,3,3,0
336,1010,3,8327452,0,28,0,0,255,0,0,0,0,0,16850,50,2.5,0,0,6,4367.2251,0.161193535,0,12.1547451,-4.50466633,15.4367981,12.1743279,-5.64230347,360,2.20715332,1,0,1,1,0
337,1011,1,8327300,0,64,0,0,255,0,0,0,0,0,16900,50,2.5,0,0,6,4376.35205,2.01031089,0,12.2330322,-2.40993309,15.5760498,12.1014462,-3.94081998,360,4.93450928,1,0,2,2,0
337,1012,2,8327376,0,0,0,0,255,0,0,0,0,0,16900,50,2.5,0,0,6,4266.20654,1.06650293,0,12.1568403,-4.70363903,19.8080139,12.3013058,-7.00893736,360,0.990814209,1,0,3,3,0
337,1013,3,8327452,0,33,0,0,255,0,0,0,0,0,16900,50,2.5,0,0,6,4372.8501,0.247551858,0,12.1538591,-4.31146812,15.5864868,12.1615953,-5.4402585,360,2.5352478,1,0,1,1,0
338,1014,1,8327300,0,69,0,0,255,0,0,0,0,0,16950,50,2.5,0,0,6,4379.64648,2.55164361,0,12.2537136,-2.21736908,15.2608643,12.0965586,-3.73814249,360,5.31338501,1,0,2,2,0
338,1015,2,8327376,0,18,0,0,255,0,0,0,0,0,16950,50,2.5,0,0,6,4272.98096,1.07613719,0,12.1548452,-4.517519,19.5417175,12.2885523,-6.81153679,360,1.45852661,1,0,3,3,0
338,1016,3,8327452,0,40,0,0,255,0,0,0,0,0,16950,50,2.5,0,0,6,4378.31592,0.36515969,0,12.1624374,-3.59100986,15.7957764,12.1494703,-5.2379241,360,3.06628418,1,0,2,2,0
339,1017,1,8327300,0,77,0,0,255,0,0,0,0,0,17000,50,2.5,0,0,6,4383.32959,3.15814996,0,12.3358574,-1.59330666,14.9094849,12.093276,-3.53526783,360,5.8788147,1,0,3,3,0
339,1018,2,8327376,0,20,0,0,255,0,0,0,0,0,17000,50,2.5,0,0,6,4279.66943,1.05466926,0,12.1539211,-4.3425827,19.259552,12.2750416,-6.61387634,360,1.57006836,1,0,3,3,0
339,1019,3,8327452,0,43,0,0,255,0,0,0,0,0,17000,50,2.5,0,0,6,4382.88379,0.529243052,0,12.1683044,-3.40345454,15.9474792,12.1380768,-5.03533697,360,3.29629517,1,0,2,2,0
340,1020,1,8327300,0,80,0,0,255,0,0,0,0,0,17050,50,2.5,0,0,6,4386.48047,3.83827066,0,12.3618317,-1.424595,14.4645996,12.0917435,-3.33223295,360,6.08624268,1,0,3,3,0
340,1021,2,8327376,0,22,0,0,255,0,0,0,0,0,17050,50,2.5,0,0,6,4286.33838,0.608895481,0,12.1540852,-4.1446929,18.9015503,12.2610626,-6.4159317,360,1.73516846,1,0,3,3,0
340,1022,3,8327452,0,46,0,0,255,0,0,0,0,0,17050,50,2.5,0,0,6,4387.22754,0.770397425,0,12.1763496,-3.20697355,16.0318909,12.1275463,-4.83250475,360,3.54629517,1,0,2,2,0
341,1023,1,8327300,0,82,0,0,255,0,0,0,0,0,17100,50,2.5,0,0,6,4389.82275,4.69833946,0,12.3914471,-1.24418736,13.896759,12.0921221,-3.12904644,360,6.29302979,1,0,3,3,0
341,1024,2,8327376,0,24,0,0,255,0,0,0,0,0,17100,50,2.5,0,0,6,4292.96533,0.221761569,0,12.1553717,-3.97209764,16.8737183,12.2468576,-6.2176919,360,1.88916016,1,0,3,3,0
341,1025,3,8327452,0,50,0,0,255,0,0,0,0,0,17100,50,2.5,0,0,6,4391.3623,1.05907154,0,12.1854124,-3.02990913,16.0429382,12.1180029,-4.62943506,360,3.80291748,1,0,2,2,0
342,1026,1,8327300,0,85,0,0,255,0,0,0,0,0,17150,50,2.5,0,0,6,4392.74365,5.62058592,0,12.4204473,-1.07793689,13.2818298,12.0945501,-2.92574739,360,6.49472046,1,0,3,3,0
342,1027,2,8327376,0,17,0,0,255,0,0,0,0,0,17150,50,2.5,0,0,6,4300.20166,0.049896732,0,12.1538677,-4.31745338,16.3856812,12.2326298,-6.0191164,360,1.34387207,1,0,2,2,0
342,1028,3,8327452,0,53,0,0,255,0,0,0,0,0,17150,50,2.5,0,0,6,4394.67725,1.37992275,0,12.1976471,-2.83374357,15.9819031,12.1095657,-4.42616606,360,4.07977295,1,0,2,2,0
343,1029,1,8327300,0,89,0,0,255,0,0,0,0,0,17200,50,2.5,0,0,6,4395.27539,6.53915262,0,12.5318213,-0.511286497,12.608551,12.0991468,-2.72237706,360,6.76000977,1,0,4,4,0
343,1030,2,8327376,0,21,0,0,255,0,0,0,0,0,17200,50,2.5,0,0,6,4307.49121,0.0128155993,0,12.1541052,-4.14011669,15.9239807,12.2185211,-5.82019377,360,1.6366272,1,0,2,2,0
343,1031,3,8327452,0,57,0,0,255,0,0,0,0,0,17200,50,2.5,0,0,6,4398.19287,1.751876,0,12.2113934,-2.64997578,15.8523865,12.1023569,-4.22269058,360,4.37606812,1,0,2,2,0
344,1032,1,8327300,0,90,0,0,255,0,0,0,0,0,17250,50,2.5,0,0,6,4397.37402,7.48106766,0,12.5697184,-0.338219583,11.7351379,12.1060324,-2.51898241,360,6.84960938,1,0,4,4,0
344,1033,2,8327376,0,25,0,0,255,0,0,0,0,0,17250,50,2.5,0,0,6,4314.53223,0.0346607752,0,12.1557283,-3.94054627,15.4137268,12.2046356,-5.62092876,360,1.96563721,1,0,2,2,0
344,1034,3,8327452,0,61,0,0,255,0,0,0,0,0,17250,50,2.5,0,0,6,4400.93115,2.15830326,0,12.2264023,-2.47848225,15.6678467,12.0964928,-4.01904917,360,4.68743896,1,0,2,2,0
345,1035,1,8327300,0,91,0,0,255,0,0,0,0,0,17300,50,2.5,0,0,6,4399.1084,8.48823547,0,12.6071873,-0.174671486,10.8023682,12.1153193,-2.31561232,360,6.93301392,1,0,4,4,0
345,1036,2,8327376,0,29,0,0,255,0,0,0,0,0,17300,50,2.5,0,0,6,4321.82617,0.0902653188,0,12.1584625,-3.76419258,15.5934143,12.191083,-5.42130327,360,2.26800537,1,0,2,2,0
345,1037,3,8327452,0,66,0,0,255,0,0,0,0,0,17300,50,2.5,0,0,6,4403.39062,2.61870003,0,12.2449589,-2.29545689,15.3990479,12.0920925,-3.8152616,360,5.03088379,1,0,2,2,0
346,1038,1,8327300,0,93,0,0,255,0,0,0,0,0,17350,50,2.5,0,0,6,4400.19336,9.47276306,0,12.7402725,0.358875006,10.1612549,12.1271076,-2.1123302,360,7.06588745,1,0,5,5,0
346,1039,2,8327376,0,24,0,0,255,0,0,0,0,0,17350,50,2.5,0,0,6,4328.92676,0.179805443,0,12.1542358,-4.11366177,15.809082,12.1779776,-5.2213192,360,1.89300537,1,0,1,1,0
346,1040,3,8327452,0,73,0,0,255,0,0,0,0,0,17350,50,2.5,0,0,6,4406.35938,3.13721466,0,12.3275347,-1.64974236,15.0392456,12.0892859,-3.61131334,360,5.58609009,1,0,3,3,0
347,1041,1,8327300,0,93,0,0,255,0,0,0,0,0,17400,50,2.5,0,0,6,4400.47461,10.3998699,0,12.7842255,0.5224002,9.5065918,12.1414785,-1.90920925,360,7.05413818,1,0,5,5,0
347,1042,2,8327376,0,31,0,0,255,0,0,0,0,0,17400,50,2.5,0,0,6,4335.12939,0.304210454,0,12.1561289,-3.90872836,15.9622498,12.1654043,-5.02101517,360,2.4151001,1,0,1,1,0
347,1043,3,8327452,0,76,0,0,255,0,0,0,0,0,17400,50,2.5,0,0,6,4408.86865,3.73184443,0,12.3536673,-1.47648978,14.6099243,12.0882015,-3.40723801,360,5.79681396,1,0,3,3,0
348,1044,1,8327300,0,107,0,0,255,0,0,0,0,0,17450,50,2.5,0,0,6,4400.48096,11.3261518,0,13.8955164,4.06695461,8.90777588,12.1585102,-1.70630229,360,8.10964966,1,0,14,14,0
348,1045,2,8327376,0,37,0,0,255,0,0,0,0,0,17450,50,2.5,0,0,6,4341.08496,0.399993688,0,12.1593981,-3.71777749,16.0352173,12.1534414,-4.82039785,360,2.90783691,1,0,1,1,0
348,1046,3,8327452,0,79,0,0,255,0,0,0,0,0,17450,50,2.5,0,0,6,4411.04932,4.4795022,0,12.3789959,-1.31862283,14.1428833,12.0889778,-3.20306778,360,5.99649048,1,0,3,3,0
349,1047,1,8327300,0,90,0,0,255,0,0,0,0,0,17500,50,2.5,0,0,6,4399.5752,12.1738863,0,12.9869308,1.22230172,8.28256226,12.1782837,-1.50368989,360,6.86828613,1,0,6,6,0
349,1048,2,8327376,0,44,0,0,255,0,0,0,0,0,17500,50,2.5,0,0,6,4346.83984,0.530693829,0,12.1638012,-3.54222846,16.041748,12.1421947,-4.61947393,360,3.39593506,1,0,1,1,0
349,1049,3,8327452,0,82,0,0,255,0,0,0,0,0,17500,50,2.5,0,0,6,4413.43506,5.29334879,0,12.4079781,-1.14826477,13.5525513,12.0917521,-2.99881196,360,6.19573975,1,0,3,3,0
350,1050,1,8327300,0,93,0,0,255,0,0,0,0,0,17550,50,2.5,0,0,6,4398.31787,13.5381498,0,13.7561512,3.61366582,7.65261841,12.2008839,-1.30145097,360,7.0463562,1,0,12,12,0
350,1051,2,8327376,0,54,0,0,255,0,0,0,0,0,17550,50,2.5,0,0,6,4351.80322,0.730379939,0,12.1971903,-2.84042072,15.9846191,12.1317911,-4.41827679,360,4.20153809,1,0,2,2,0
350,1052,3,8327452,0,86,0,0,255,0,0,0,0,0,17550,50,2.5,0,0,6,4415.55615,6.12301302,0,12.5218143,-0.558419108,12.8253784,12.0966415,-2.79450536,360,6.48843384,1,0,4,4,0
351,1053,1,8327300,0,87,0,0,255,0,0,0,0,0,17600,50,2.5,0,0,6,4396.56445,14.2481432,0,13.3251219,2.28333497,6.90493774,12.2263365,-1.09963524,360,6.59460449,1,0,8,8,0
351,1054,2,8327376,0,59,0,0,255,0,0,0,0,0,17600,50,2.5,0,0,6,4356.84863,1.01913416,0,12.2117224,-2.64592695,15.8485413,12.122386,-4.21679926,360,4.56976318,1,0,2,2,0
351,1055,3,8327452,0,87,0,0,255,0,0,0,0,0,17600,50,2.5,0,0,6,4417.20312,6.98447418,0,12.5547457,-0.405616492,12.0898438,12.1037579,-2.59019566,360,6.57324219,1,0,4,4,0
352,1056,1,8327300,0,83,0,0,255,0,0,0,0,0,17650,50,2.5,0,0,6,4394.3208,14.7110186,0,13.5002766,2.81739497,6.20440674,12.2546568,-0.898313165,360,6.3034668,1,0,9,9,0
352,1057,2,8327376,0,64,0,0,255,0,0,0,0,0,17650,50,2.5,0,0,6,4361.0708,1.45399547,0,12.2276249,-2.46553993,15.6511536,12.1141481,-4.01507998,360,4.94143677,1,0,2,2,0
352,1058,3,8327452,0,88,0,0,255,0,0,0,0,0,17650,50,2.5,0,0,6,4418.52002,7.91805792,0,12.5936804,-0.232831076,11.1426697,12.1132116,-2.38592839,360,6.66522217,1,0,4,4,0
353,1059,1,8327300,0,79,0,0,255,0,0,0,0,0,17700,50,2.5,0,0,6,4392.02344,14.9028339,0,13.5591249,2.99782991,5.42160034,12.28584,-0.697524011,360,5.99069214,1,0,9,9,0
353,1060,2,8327376,0,69,0,0,255,0,0,0,0,0,17700,50,2.5,0,0,6,4364.92871,2.00335813,0,12.2451782,-2.29345417,15.3948059,12.1072454,-3.81313729,360,5.33053589,1,0,2,2,0
353,1061,3,8327452,0,90,0,0,255,0,0,0,0,0,17700,50,2.5,0,0,6,4419.49561,8.8295517,0,12.7262669,0.305619478,10.374939,12.1250973,-2.18175125,360,6.83938599,1,0,5,5,0
354,1062,1,8327300,0,74,0,0,255,0,0,0,0,0,17750,50,2.5,0,0,6,4389.8501,14.7743597,0,13.6193676,3.18385482,4.60202026,12.3198614,-0.497297585,360,5.66845703,1,0,9,9,0
354,1063,2,8327376,0,75,0,0,255,0,0,0,0,0,17750,50,2.5,0,0,6,4369.23535,2.63916469,0,12.2658157,-2.11427999,15.0543213,12.1018467,-3.61095548,360,5.7416687,1,0,2,2,0
354,1064,3,8327452,0,90,0,0,255,0,0,0,0,0,17750,50,2.5,0,0,6,4419.41943,9.68709755,0,12.7695818,0.468499839,9.70654297,12.1394958,-1.97774684,360,6.84152222,1,0,5,5,0
355,1065,1,8327300,0,70,0,0,255,0,0,0,0,0,17800,50,2.5,0,0,6,4387.91748,14.4101505,0,13.6798639,3.37247396,4.3442688,12.3566828,-0.297655404,360,5.34411621,1,0,9,9,0
355,1066,2,8327376,0,82,0,0,255,0,0,0,0,0,17800,50,2.5,0,0,6,4372.9917,3.35637951,0,12.3515873,-1.48986804,14.646637,12.0981112,-3.4085691,360,6.30325317,1,0,3,3,0
355,1067,3,8327452,0,107,0,0,255,0,0,0,0,0,17800,50,2.5,0,0,6,4419.09814,10.5459366,0,13.9993143,4.41831541,9.12557983,12.1564837,-1.77396452,360,8.11618042,1,0,15,15,0
356,1068,1,8327300,0,69,0,0,255,0,0,0,0,0,17850,50,2.5,0,0,6,4386.22363,13.8022642,0,13.6178379,3.17911053,3.62423706,12.3962421,-0.0986123383,360,5.29101562,1,0,8,8,0
356,1069,2,8327376,0,85,0,0,255,0,0,0,0,0,17850,50,2.5,0,0,6,4376.26855,4.19673538,0,12.3789959,-1.31862283,14.1428833,12.0962067,-3.20601344,360,6.52111816,1,0,3,3,0
356,1070,3,8327452,0,99,0,0,255,0,0,0,0,0,17850,50,2.5,0,0,6,4417.96729,11.331152,0,13.93363,4.19443035,8.4833374,12.1761446,-1.57047796,360,7.48019409,1,0,14,14,0
357,1071,1,8327300,0,65,0,0,255,0,0,0,0,0,17900,50,2.5,0,0,6,4385.12061,13.0332718,0,13.6833448,3.38339186,2.85003662,12.438467,0.0998375267,360,4.95556641,1,0,8,8,0
357,1072,2,8327376,0,88,0,0,255,0,0,0,0,0,17900,50,2.5,0,0,6,4379.66895,5.20074606,0,12.4091129,-1.14179504,13.528656,12.0963049,-3.00330091,360,6.73309326,1,0,3,3,0
357,1073,3,8327452,0,91,0,0,255,0,0,0,0,0,17900,50,2.5,0,0,6,4416.13672,12.7426052,0,13.8622084,3.95688653,7.87091064,12.1985846,-1.36738133,360,6.93411255,1,0,13,13,0
358,1074,1,8327300,0,24,0,0,255,0,0,0,0,0,17950,50,2.5,0,0,6,4383.9209,12.2918758,0,14.631216,6.81126833,2.09002686,12.4832926,0.297665358,360,1.82281494,1,0,15,15,0
358,1075,2,8327376,0,92,0,0,255,0,0,0,0,0,17950,50,2.5,0,0,6,4382.63477,6.25968456,0,12.5206041,-0.564168274,12.8509827,12.0985498,-2.80047345,360,7.04907227,1,0,4,4,0
358,1076,3,8327452,0,84,0,0,255,0,0,0,0,0,17950,50,2.5,0,0,6,4414.0918,13.9542017,0,13.1891508,1.86552799,7.13278198,12.2238684,-1.16472614,360,6.3838501,1,0,7,7,0
359,1077,1,8327300,0,21,0,0,255,0,0,0,0,0,18000,50,2.5,0,0,6,4383.60645,11.4902353,0,14.7070913,7.07840061,1.36035156,12.5305824,0.494900227,360,1.63723755,1,0,15,15,0
359,1078,2,8327376,0,93,0,0,255,0,0,0,0,0,18000,50,2.5,0,0,6,4385.104,7.34826994,0,12.5555363,-0.402026355,12.0707703,12.1030807,-2.59757924,360,7.13519287,1,0,4,4,0
359,1079,3,8327452,0,82,0,0,255,0,0,0,0,0,18000,50,2.5,0,0,6,4411.38818,14.5357695,0,13.4857483,2.77299213,6.39416504,12.2520037,-0.96257931,360,6.19006348,1,0,9,9,0
360,1080,1,8327300,0,38,0,0,255,0,0,0,0,0,18050,50,2.5,0,0,6,4383.61084,9.34531975,0,14.2435007,5.30913639,0.542633057,12.58006,0.691627145,360,2.95437622,2,0,15,11,1
360,1081,2,8327376,0,95,0,0,255,0,0,0,0,0,18050,50,2.5,0,0,6,4387.15332,8.49669933,0,12.5902462,-0.247757375,11.2301025,12.1100254,-2.39466906,360,7.21905518,1,0,4,4,0
360,1082,3,8327452,0,78,0,0,255,0,0,0,0,0,18050,50,2.5,0,0,6,4408.62354,14.5933895,0,13.5409861,2.942101,5.66552734,12.2829771,-0.76097703,360,5.89434814,1,0,9,9,0
361,1083,1,8327300,0,14,0,0,255,0,0,0,0,0,18100,50,2.5,0,0,6,4383.85645,7.02042818,0,14.8809471,7.67118168,0.709197998,12.6314936,0.887890339,360,1.12664795,1,0,15,15,0
361,1084,2,8327376,0,97,0,0,255,0,0,0,0,0,18100,50,2.5,0,0,6,4388.75195,9.61516094,0,12.7266426,0.307056189,10.3695068,12.1194954,-2.19179678,360,7.36743164,1,0,5,5,0
361,1085,3,8327452,0,73,0,0,255,0,0,0,0,0,18100,50,2.5,0,0,6,4406.0415,14.4234266,0,13.6008177,3.12640476,4.85787964,12.3167639,-0.559947491,360,5.59091187,1,0,9,9,0
362,1086,1,8327300,0,13,0,0,255,0,0,0,0,0,18150,50,2.5,0,0,6,4384.74756,5.7407217,0,14.9729624,7.97747326,0.0897827148,12.6847067,1.08372712,360,1.00924683,1,0,15,15,0
362,1087,2,8327376,0,96,0,0,255,0,0,0,0,0,18150,50,2.5,0,0,6,4389.22021,10.7079248,0,12.7663383,0.456486017,9.75738525,12.131588,-1.98905158,360,7.34008789,1,0,5,5,0
362,1088,3,8327452,0,72,0,0,255,0,0,0,0,0,18150,50,2.5,0,0,6,4403.375,14.062542,0,13.5377655,2.93222046,4.55459595,12.3533134,-0.359525025,360,5.47955322,1,0,8,8,0
363,1089,1,8327300,0,26,0,0,255,0,0,0,0,0,18200,50,2.5,0,0,6,4385.82959,4.42101908,0,14.4347591,6.07916927,0.562652588,12.73946,1.27920818,360,1.97515869,2,0,15,11,1
363,1090,2,8327376,0,112,0,0,255,0,0,0,0,0,18200,50,2.5,0,0,6,4389.38525,11.8047237,0,13.998064,4.41400146,9.13897705,12.1463928,-1.78648877,360,8.50558472,1,0,15,15,0
363,1091,3,8327452,0,68,0,0,255,0,0,0,0,0,18200,50,2.5,0,0,6,4401.23926,13.4771404,0,13.5992899,3.12168002,3.84320068,12.3925791,-0.159711391,360,5.19345093,1,0,8,8,0
364,1092,1,8327300,0,37,0,0,255,0,0,0,0,0,18250,50,2.5,0,0,6,4387.2251,3.20757198,0,14.2566175,5.36014509,1.17022705,12.7955885,1.47438025,360,2.88015747,3,0,15,9,1
364,1093,2,8327376,0,94,0,0,255,0,0,0,0,0,18250,50,2.5,0,0,6,4388.66211,12.7705736,0,12.9645405,1.14841568,8.56799316,12.1639967,-1.58418739,360,7.14196777,1,0,6,6,0
364,1094,3,8327452,0,64,0,0,255,0,0,0,0,0,18250,50,2.5,0,0,6,4399.7793,12.8365421,0,13.6651249,3.32632542,3.06671143,12.4344988,0.0394980609,360,4.88061523,1,0,8,8,0
365,1095,1,8327300,0,52,0,0,255,0,0,0,0,0,18300,50,2.5,0,0,6,4388.80859,2.56687403,0,14.0756617,4.68606472,1.75952148,12.8530312,1.66925204,360,3.98217773,4,0,15,7,1
365,1096,2,8327376,0,97,0,0,255,0,0,0,0,0,18300,50,2.5,0,0,6,4387.46484,14.3275146,0,13.8609514,3.9527545,7.88671875,12.1844988,-1.38223624,360,7.36199951,1,0,13,13,0
365,1097,3,8327452,0,25,0,0,255,0,0,0,0,0,18300,50,2.5,0,0,6,4398.24268,12.1333952,0,14.6045084,6.7155962,2.3515625,12.4789896,0.23808217,360,1.9100647,1,0,15,15,0
366,1098,1,8327300,0,43,0,0,255,0,0,0,0,0,18350,50,2.5,0,0,6,4390.29932,2.38233089,0,14.1429892,4.92982483,2.38201904,12.9118166,1.86379731,360,3.30233765,4,0,15,7,1
366,1099,2,8327376,0,91,0,0,255,0,0,0,0,0,18350,50,2.5,0,0,6,4385.70264,15.1933985,0,13.665946,3.32889247,7.23764038,12.2079315,-1.18068945,360,6.90942383,1,0,11,11,0
366,1100,3,8327452,0,42,0,0,255,0,0,0,0,0,18350,50,2.5,0,0,6,4397.50488,11.3403311,0,14.1601925,4.99337387,1.57757568,12.5259295,0.436063826,360,3.23284912,2,0,15,11,1
367,1101,1,8327300,0,0,0,0,255,0,0,0,0,0,18400,50,2.5,0,0,6,4391.87256,2.58254194,0,14.447422,6.12880516,1.62207031,12.971981,2.0579927,360,0.93637085,3,0,15,9,1
367,1102,2,8327376,0,86,0,0,255,0,0,0,0,0,18400,50,2.5,0,0,6,4383.64355,15.778863,0,13.4766989,2.74535871,6.51168823,12.2343149,-0.979611456,360,6.56954956,1,0,9,9,0
367,1103,3,8327452,0,17,0,0,255,0,0,0,0,0,18400,50,2.5,0,0,6,4396.84668,9.25280571,0,14.772296,7.3033905,0.755249023,12.5750866,0.633508205,360,1.33724976,1,0,15,15,0
368,1104,1,8327300,0,22,0,0,255,0,0,0,0,0,18450,50,2.5,0,0,6,4393.57812,2.69472218,0,14.2721796,5.42115164,2.04342651,13.0333977,2.25187349,360,1.70446777,4,0,15,7,1
368,1105,2,8327376,0,82,0,0,255,0,0,0,0,0,18450,50,2.5,0,0,6,4381.30273,16.0795116,0,13.538044,2.93307328,5.70507812,12.2636528,-0.779055715,360,6.25137329,1,0,9,9,0
368,1106,3,8327452,0,15,0,0,255,0,0,0,0,0,18450,50,2.5,0,0,6,4396.98438,7.58385372,0,14.8593616,7.59871101,0.859466553,12.6262598,0.830453873,360,1.2015686,1,0,15,15,0
369,1107,1,8327300,0,29,0,0,255,0,0,0,0,0,18500,50,2.5,0,0,6,4395.03418,3.55472732,0,14.2147341,5.19853163,2.42877197,13.0962963,2.44533992,360,2.25387573,4,0,14,6,1
369,1108,2,8327376,0,77,0,0,255,0,0,0,0,0,18500,50,2.5,0,0,6,4379.06299,15.9800453,0,13.5964632,3.11294365,4.91729736,12.2959213,-0.579055071,360,5.92654419,1,0,9,9,0
369,1109,3,8327452,0,30,0,0,255,0,0,0,0,0,18500,50,2.5,0,0,6,4397.17773,5.89393282,0,14.3515806,5.74117136,0.23223877,12.6791897,1.02696538,360,2.33111572,2,0,15,11,1
370,1110,1,8327300,0,60,0,0,255,0,0,0,0,0,18550,50,2.5,0,0,6,4396.25244,3.16688824,0,14.0311241,4.52882957,2.79364014,13.160552,2.63842869,360,4.5954895,5,0,14,4,1
370,1111,2,8327376,0,73,0,0,255,0,0,0,0,0,18550,50,2.5,0,0,6,4376.85938,15.6114187,0,13.65697,3.30085087,4.60632324,12.3310709,-0.37964195,360,5.59796143,1,0,9,9,0
370,1112,3,8327452,0,41,0,0,255,0,0,0,0,0,18550,50,2.5,0,0,6,4397.78955,4.31587267,0,14.1752348,5.04938412,0.389648438,12.7336893,1.22309518,360,3.15600586,3,0,15,9,1
371,1113,1,8327300,0,77,0,0,255,0,0,0,0,0,18600,50,2.5,0,0,6,4397.42334,2.69138265,0,13.9718676,4.32407904,3.17150879,13.22616,2.83112597,360,5.83682251,5,0,13,3,1
371,1114,2,8327376,0,69,0,0,255,0,0,0,0,0,18600,50,2.5,0,0,6,4375.10889,15.0092754,0,13.718442,3.49392605,3.89926147,12.3690567,-0.180826649,360,5.25323486,1,0,9,9,0
371,1115,3,8327452,0,34,0,0,255,0,0,0,0,0,18600,50,2.5,0,0,6,4398.70117,3.47320509,0,14.2392082,5.292521,1.00341797,12.7896852,1.41885483,360,2.63650513,3,0,15,9,1
372,1116,1,8327300,0,0,0,0,255,0,0,0,0,0,18650,50,2.5,0,0,6,4398.46143,2.98670769,0,14.2794228,5.44972754,3.54803467,13.2932596,3.02335525,360,0.67868042,4,0,13,5,1
372,1117,2,8327376,0,68,0,0,255,0,0,0,0,0,18650,50,2.5,0,0,6,4374.02344,14.2084246,0,13.6564913,3.29935598,3.16772461,12.4098043,0.0173963904,360,5.23162842,1,0,8,8,0
372,1118,3,8327452,0,28,0,0,255,0,0,0,0,0,18650,50,2.5,0,0,6,4399.83496,3.20177913,0,14.3036289,5.54610395,1.62002563,12.8471298,1.61424971,360,2.12243652,3,0,15,9,1
373,1119,1,8327300,0,14,0,0,255,0,0,0,0,0,18700,50,2.5,0,0,6,4399.83252,3.89215708,0,14.2203941,5.22015762,2.17434692,13.3618631,3.215101,360,1.11871338,4,0,12,4,1
373,1120,2,8327376,0,27,0,0,255,0,0,0,0,0,18700,50,2.5,0,0,6,4372.84375,13.3062248,0,14.5936995,6.67660046,2.45953369,12.4532242,0.215004086,360,2.11099243,1,0,15,15,0
373,1121,3,8327452,0,21,0,0,255,0,0,0,0,0,18700,50,2.5,0,0,6,4401.02441,2.94874573,0,14.3670053,5.80514193,2.22689819,12.9059448,1.80929685,360,1.61331177,3,0,15,9,1
374,1122,1,8327300,0,73,0,0,255,0,0,0,0,0,18750,50,2.5,0,0,6,4400.69824,4.83012867,0,14.040782,4.56266975,2.36734009,13.4320984,3.40629101,360,5.56622314,5,0,12,2,1
374,1123,2,8327376,0,24,0,0,255,0,0,0,0,0,18750,50,2.5,0,0,6,4372.58447,12.4618053,0,14.6758947,6.96933365,1.65560913,12.4992018,0.412015647,360,1.88882446,1,0,15,15,0
374,1124,3,8327452,0,38,0,0,255,0,0,0,0,0,18750,50,2.5,0,0,6,4402.31689,2.58596539,0,14.1878853,5.09682322,1.51409912,12.9660254,2.00402403,360,2.88537598,4,0,15,7,1
375,1125,1,8327300,0,127,0,0,255,0,0,0,0,0,18800,50,2.5,0,0,6,4401.02148,3.93007159,0,13.9755096,4.33652878,2.54647827,13.503871,3.59694672,360,9.63421631,5,0,11,1,1
375,1126,2,8327376,0,22,0,0,255,0,0,0,0,0,18800,50,2.5,0,0,6,4372.44336,10.2353182,0,14.7580271,7.25446939,0.886322021,12.5474606,0.608504057,360,1.69430542,1,0,15,15,0
375,1127,3,8327452,0,29,0,0,255,0,0,0,0,0,18800,50,2.5,0,0,6,4403.53564,2.15088081,0,14.2528858,5.34559202,1.9239502,13.0273209,2.19843841,360,2.2421875,4,0,15,7,1
376,1128,1,8327300,0,92,0,0,255,0,0,0,0,0,18850,50,2.5,0,0,6,4400.87939,4.18691063,0,14.0361223,4.54632187,2.74160767,13.5774088,3.78691745,360,7.02926636,5,0,11,1,1
376,1129,2,8327376,0,39,0,0,255,0,0,0,0,0,18850,50,2.5,0,0,6,4372.97998,7.80654955,0,14.2786827,5.44680643,0.0995178223,12.5977411,0.804534674,360,2.99136353,2,0,15,11,1
376,1130,3,8327452,0,35,0,0,255,0,0,0,0,0,18850,50,2.5,0,0,6,4404.93945,2.03415155,0,14.1952238,5.12448072,2.31121826,13.0898066,2.39254069,360,2.71789551,4,0,14,6,1
377,1131,1,8327300,0,69,0,0,255,0,0,0,0,0,18900,50,2.5,0,0,6,4400.96826,6.63389206,0,15.4881306,9.65719795,2.95385742,13.652998,3.97605133,352.918518,0,1,0,10,10,0
377,1132,2,8327376,0,33,0,0,255,0,0,0,0,0,18900,50,2.5,0,0,6,4373.72168,5.94151497,0,14.3385296,5.68751574,0.364227295,12.6498585,1.00014269,360,2.52593994,2,0,15,11,1
377,1133,3,8327452,0,64,0,0,255,0,0,0,0,0,18900,50,2.5,0,0,6,4406.23486,1.91901338,0,14.0178862,4.48266411,2.71447754,13.1534576,2.58632946,360,4.85955811,5,0,14,4,1
378,1134,1,8327300,0,46,0,0,255,0,0,0,0,0,18950,50,2.5,0,0,6,4400.54443,8.38027763,0,15.5832195,9.96782303,3.19168091,13.7307281,4.16427612,352.061096,0,1,0,10,10,0
378,1135,2,8327376,0,44,0,0,255,0,0,0,0,0,18950,50,2.5,0,0,6,4375.02344,4.95892382,0,14.1608477,4.99580383,0.252838135,12.703701,1.1953516,360,3.37634277,3,0,15,9,1
378,1136,3,8327452,0,0,0,0,255,0,0,0,0,0,18950,50,2.5,0,0,6,4407.15674,1.85838449,0,14.4434242,6.11318254,3.07507324,13.2183676,2.77974772,359.9216,0,3,0,13,7,1
379,1137,1,8327300,0,23,0,0,255,0,0,0,0,0,19000,50,2.5,0,0,6,4400.03174,8.75428772,0,15.4811897,9.63458443,1.2902832,13.810564,4.3515873,351.467102,0,1,0,9,9,0
379,1138,2,8327376,0,37,0,0,255,0,0,0,0,0,19000,50,2.5,0,0,6,4376.33887,4.26700783,0,14.2279234,5.24902821,0.895812988,12.7591839,1.3901732,360,2.81619263,3,0,15,9,1
379,1139,3,8327452,0,15,0,0,255,0,0,0,0,0,19000,50,2.5,0,0,6,4408.62061,2.32661891,0,14.2668467,5.40018797,3.47125244,13.2844753,2.9728179,360,1.16012573,4,0,13,5,1
380,1140,1,8327300,0,0,118,0,255,0,0,0,0,0,19050,50,2.5,0,0,6,4399.7251,7.98982191,0,15.3727722,9.28210831,1.35400391,13.8923559,4.53804493,351.029999,0,1,0,8,8,0
380,1141,2,8327376,0,30,0,0,255,0,0,0,0,0,19050,50,2.5,0,0,6,4377.90918,3.91170835,0,14.2889919,5.48767185,1.47930908,12.8162537,1.58461308,360,2.29827881,3,0,15,9,1
380,1142,3,8327452,0,28,0,0,255,0,0,0,0,0,19050,50,2.5,0,0,6,4409.68896,3.25840092,0,14.2050562,5.16170692,2.12963867,13.3519793,3.16544795,360,2.12228394,4,0,12,4,1
381,1143,1,8327300,0,0,107,0,255,0,0,0,0,0,19100,50,2.5,0,0,6,4399.64062,6.40242624,0,15.2717562,8.9542141,1.44326782,13.9753437,4.72398233,351.864288,0,1,0,7,7,0
381,1144,2,8327376,0,23,0,0,255,0,0,0,0,0,19100,50,2.5,0,0,6,4379.55713,3.58745432,0,14.3520851,5.74325466,2.08300781,12.8748236,1.77868938,360,1.77502441,3,0,15,9,1
381,1145,3,8327452,0,86,0,0,255,0,0,0,0,0,19100,50,2.5,0,0,6,4410.55029,2.77819705,0,14.0226927,4.49939632,2.31356812,13.4207401,3.35768652,360,6.51593018,5,0,12,2,1
382,1146,1,8327300,0,0,99,0,255,0,0,0,0,0,19150,50,2.5,0,0,6,4399.84863,2.39738917,0,14.9848337,8.01672077,1.55480957,14.0586882,4.90983295,352.446655,0,1,0,5,5,0
382,1147,2,8327376,0,40,0,0,255,0,0,0,0,0,19150,50,2.5,0,0,6,4381.31836,3.1322422,0,14.1752625,5.04948473,1.43429565,12.9347801,1.97243202,360,3.07550049,4,0,15,7,1
382,1148,3,8327452,0,135,0,0,255,0,0,0,0,0,19150,50,2.5,0,0,6,4411.12695,2.32814741,0,13.9637661,4.2964592,2.51043701,13.4908266,3.54948139,360,10.2342529,5,0,11,1,1
383,1149,1,8327300,0,0,88,0,255,0,0,0,0,0,19200,50,2.5,0,0,6,4401.21777,0.33253479,0,16.0049839,11.3832798,1.69207764,14.1417217,5.09590864,353.300201,0,1,0,10,10,0
383,1150,2,8327376,0,62,0,0,255,0,0,0,0,0,19200,50,2.5,0,0,6,4383.00244,2.60311246,0,13.9979801,4.41370869,1.85836792,12.9960604,2.16584969,360,4.76077271,5,0,15,5,1
383,1151,3,8327452,0,101,0,0,255,0,0,0,0,0,19200,50,2.5,0,0,6,4410.90234,3.22659898,0,14.8312502,7.5039134,2.70477295,13.5625801,3.74063802,355.235626,0,2,0,11,7,1
384,1152,1,8327300,0,0,80,0,255,0,0,0,0,0,19250,50,2.5,0,0,6,4402.82227,0.482430428,0,16.0817413,11.6518316,1.86138916,14.2239494,5.2824173,353.893921,0,1,0,10,10,0
384,1153,2,8327376,0,51,0,0,255,0,0,0,0,0,19250,50,2.5,0,0,6,4384.49561,2.43299603,0,14.0627975,4.64033699,2.24951172,13.0587311,2.35889626,360,3.89956665,5,0,15,5,1
384,1154,3,8327452,0,67,0,0,255,0,0,0,0,0,19250,50,2.5,0,0,6,4410.75537,5.99172497,0,15.4658813,9.58474159,2.90200806,13.636343,3.93098521,353.572693,0,1,0,10,10,0
385,1155,1,8327300,0,0,73,0,255,0,0,0,0,0,19300,50,2.5,0,0,6,4404.2085,1.47458661,0,16.1518822,11.9016428,2.05059814,14.3050318,5.46948433,354.417511,0,1,0,10,10,0
385,1156,2,8327376,0,22,0,0,255,0,0,0,0,0,19300,50,2.5,0,0,6,4386.09912,2.83157873,0,14.2487621,5.32954884,2.63647461,13.1228657,2.55153251,360,1.72027588,4,0,14,6,1
385,1157,3,8327452,0,33,0,0,255,0,0,0,0,0,19300,50,2.5,0,0,6,4410.20703,8.15231323,0,15.557478,9.88355827,3.12509155,13.7122412,4.12043905,352.755493,0,1,0,10,10,0
386,1158,1,8327300,0,0,67,0,255,0,0,0,0,0,19350,50,2.5,0,0,6,4405.26074,2.60778713,0,16.2270164,12.1747293,2.30145264,14.3847361,5.65718317,354.878082,0,1,0,10,10,0
386,1159,2,8327376,0,14,0,0,255,0,0,0,0,0,19350,50,2.5,0,0,6,4387.81348,3.12541819,0,14.3108034,5.57493734,3.01065063,13.1884098,2.74377203,360,1.07351685,4,0,14,6,1
386,1160,3,8327452,0,0,101,0,255,0,0,0,0,0,19350,50,2.5,0,0,6,4409.54199,8.59922791,0,15.4602842,9.56652546,1.277771,13.7902174,4.30900764,352.30896,0,1,0,9,9,0
387,1161,1,8327300,0,0,62,0,255,0,0,0,0,0,19400,50,2.5,0,0,6,4406.00195,3.57809591,0,16.2912769,12.4135838,3.07958984,14.4629078,5.84555197,355.289948,0,1,0,10,10,0
387,1162,2,8327376,0,76,0,0,255,0,0,0,0,0,19400,50,2.5,0,0,6,4389.43652,2.74401546,0,14.0066662,4.44372892,3.37435913,13.2552128,2.93566394,360,5.80096436,5,0,13,3,1
387,1163,3,8327452,0,0,92,0,255,0,0,0,0,0,19400,50,2.5,0,0,6,4409.104,7.4307065,0,15.5491467,9.85631561,1.34100342,13.869627,4.49696302,353.050812,0,1,0,9,9,0
388,1164,1,8327300,0,0,56,0,255,0,0,0,0,0,19450,50,2.5,0,0,6,4406.50391,4.28671646,0,16.1916485,12.0454082,4.37384033,14.5394497,6.03460646,355.695618,0,1,0,9,9,0
388,1165,2,8327376,0,58,0,0,255,0,0,0,0,0,19450,50,2.5,0,0,6,4390.41943,2.11031413,0,14.0718307,4.67242241,2.09695435,13.3233318,3.12715364,360,4.43328857,5,0,13,3,1
388,1166,3,8327452,0,0,83,0,255,0,0,0,0,0,19450,50,2.5,0,0,6,4408.89062,3.23694563,0,15.443655,9.51242065,1.4229126,13.9496584,4.68470955,353.72464,0,1,0,8,8,0
389,1167,1,8327300,0,0,52,0,255,0,0,0,0,0,19500,50,2.5,0,0,6,4406.8667,4.73344421,0,16.2575817,12.2876778,5.55825806,14.6143103,6.22434616,356.024872,0,1,0,9,9,0
389,1168,2,8327376,0,85,0,0,255,0,0,0,0,0,19500,50,2.5,0,0,6,4391.86035,2.60014582,0,14.0117483,4.46134281,2.28225708,13.3929033,3.31818008,360,6.46340942,5,0,12,2,1
389,1169,3,8327452,0,0,75,0,255,0,0,0,0,0,19500,50,2.5,0,0,6,4410.00342,0.617557347,0,15.7198153,10.4179831,1.52810669,14.0296774,4.87254095,354.272064,0,1,0,9,9,0
390,1170,1,8327300,0,0,48,0,255,0,0,0,0,0,19550,50,2.5,0,0,6,4407.14844,4.90929699,0,16.3205376,12.5241909,6.72357178,14.6874762,6.41475821,356.322906,0,1,0,9,9,0
390,1171,2,8327376,0,63,0,0,255,0,0,0,0,0,19550,50,2.5,0,0,6,4392.42041,3.15125084,0,14.5718384,6.59720469,2.45721436,13.4640713,3.50864387,356.954346,0,3,0,12,6,1
390,1172,3,8327452,0,0,69,0,255,0,0,0,0,0,19550,50,2.5,0,0,6,4411.5083,0.162708282,0,15.7974024,10.676568,1.65405273,14.1092043,5.06065845,354.769379,0,1,0,9,9,0
391,1173,1,8327300,0,0,45,0,255,0,0,0,0,0,19600,50,2.5,0,0,6,4407.42773,4.89201117,0,16.3811378,12.7574434,4.05032349,14.7589579,6.60582256,356.58847,0,1,0,9,9,0
391,1174,2,8327376,0,0,0,0,255,0,0,0,0,0,19600,50,2.5,0,0,6,4393.28418,4.12348652,0,14.2521667,5.3427949,2.64868164,13.536953,3.69848609,360,0.128753662,4,0,11,3,1
391,1175,3,8327452,0,0,71,0,255,0,0,0,0,0,19600,50,2.5,0,0,6,4412.93896,0.636330247,0,14.7685318,7.29050207,1.81390381,14.1878967,5.24919176,354.574951,0,1,0,3,3,0
392,1176,1,8327300,0,0,41,0,255,0,0,0,0,0,19650,50,2.5,0,0,6,4407.7417,4.73286009,0,16.4343719,12.967617,4.86990356,14.8287859,6.79751539,356.831665,0,1,0,9,9,0
392,1177,2,8327376,0,21,0,0,255,0,0,0,0,0,19650,50,2.5,0,0,6,4394.49219,4.70457935,0,14.309988,5.57165146,2.85058594,13.6114311,3.88775349,358.464203,0,4,0,11,3,1
392,1178,3,8327452,0,0,57,0,255,0,0,0,0,0,19650,50,2.5,0,0,6,4414.06982,1.39064837,0,15.9560213,11.2142534,2.00848389,14.2654934,5.43822622,355.68866,0,1,0,9,9,0
393,1179,1,8327300,0,0,39,0,255,0,0,0,0,0,19700,50,2.5,0,0,6,4408.13428,4.48965406,0,16.4933872,13.2073812,5.81729126,14.8970032,6.98980856,357.036957,0,1,0,9,9,0
393,1180,2,8327376,0,221,0,0,255,0,0,0,0,0,19700,50,2.5,0,0,6,4395.2583,5.69519043,0,14.006361,4.44267464,3.08050537,13.6876574,4.07635403,360,16.7564697,5,1,10,0,1
393,1181,3,8327452,0,0,52,0,255,0,0,0,0,0,19700,50,2.5,0,0,6,4415.03809,2.25817919,0,16.0363426,11.4924412,2.25427246,14.3418169,5.6278162,356.03537,0,1,0,9,9,0
394,1182,1,8327300,0,0,36,0,255,0,0,0,0,0,19750,50,2.5,0,0,6,4408.60352,4.16845369,0,16.5451088,13.4244051,6.69009399,14.963665,7.18267345,357.227142,0,1,0,9,9,0
394,1183,2,8327376,0,155,0,0,255,0,0,0,0,0,19750,50,2.5,0,0,6,4392.47314,4.79340792,0,14.0636797,4.64346886,3.31591797,13.76579,4.26406956,360,11.7602539,5,1,9,0,1
394,1184,3,8327452,0,0,48,0,255,0,0,0,0,0,19750,50,2.5,0,0,6,4415.75684,2.84314585,0,16.1043015,11.7316933,2.84036255,14.4167776,5.81797934,356.342346,0,1,0,9,9,0
395,1185,1,8327300,0,0,33,0,255,0,0,0,0,0,19800,50,2.5,0,0,6,4409.17871,3.82965732,0,16.4466915,13.0170469,7.56600952,15.0288315,7.37608004,357.462372,0,1,0,8,8,0
395,1186,2,8327376,0,116,0,0,255,0,0,0,0,0,19800,50,2.5,0,0,6,4391.354,10.1996641,0,15.5217619,9.76686668,1.31866455,13.8463974,4.45060158,349.634247,0,1,0,9,9,0
395,1187,3,8327452,0,0,44,0,255,0,0,0,0,0,19800,50,2.5,0,0,6,4416.34668,3.16550183,0,16.1741943,11.9821072,4.0664978,14.4903288,6.00871801,356.617065,0,1,0,9,9,0
396,1188,1,8327300,0,0,31,0,255,0,0,0,0,0,19850,50,2.5,0,0,6,4409.85303,3.47957182,0,16.4962921,13.219388,8.41345215,15.0925694,7.56999874,357.622345,0,1,0,8,8,0
396,1189,2,8327376,0,77,0,0,255,0,0,0,0,0,19850,50,2.5,0,0,6,4389.14209,15.6358671,0,15.4217634,9.44124794,1.40032959,13.9297304,4.63576412,348.283691,0,1,0,8,8,0
396,1190,3,8327452,0,0,41,0,255,0,0,0,0,0,19850,50,2.5,0,0,6,4416.87061,3.31649494,0,16.2456741,12.2435398,5.34094238,14.5624552,6.2000246,356.857758,0,1,0,9,9,0
397,1191,1,8327300,0,0,29,0,255,0,0,0,0,0,19900,50,2.5,0,0,6,4410.62109,3.11816263,0,16.5459003,13.4277792,9.31381226,15.1549501,7.76439953,357.763428,0,1,0,8,8,0
397,1192,2,8327376,0,38,0,0,255,0,0,0,0,0,19900,50,2.5,0,0,6,4386.46143,18.2485714,0,15.6973839,10.3436546,1.49786377,14.0158596,4.81947422,347.229462,0,1,0,9,9,0
397,1193,3,8327452,0,0,38,0,255,0,0,0,0,0,19900,50,2.5,0,0,6,4417.36963,3.32189035,0,16.3090401,12.4805861,6.5055542,14.6331635,6.39188385,357.075104,0,1,0,9,9,0
398,1194,1,8327300,0,0,28,0,255,0,0,0,0,0,19950,50,2.5,0,0,6,4411.48291,2.77484083,0,16.5927887,13.6312599,10.2244568,15.2160444,7.95925379,357.884735,0,1,0,8,8,0
398,1195,2,8327376,0,0,182,0,255,0,0,0,0,0,19950,50,2.5,0,0,6,4383.85205,17.9061642,0,14.8486452,7.56263065,1.62255859,14.1046886,5.0017581,346.135742,0,1,0,4,4,0
398,1196,3,8327452,0,0,36,0,255,0,0,0,0,0,19950,50,2.5,0,0,6,4417.88379,3.22984886,0,16.3709316,12.717742,3.8961792,14.7024794,6.58427715,357.266388,0,1,0,9,9,0
399,1197,1,8327300,0,0,26,0,255,0,0,0,0,0,20000,50,2.5,0,0,6,4412.42139,2.45800877,0,16.6378632,13.8339405,11.1712341,15.2759199,8.15453529,357.993896,0,1,0,8,8,0
399,1198,2,8327376,0,0,158,0,255,0,0,0,0,0,20000,50,2.5,0,0,6,4381.35254,15.0512838,0,16.0427685,11.5149021,1.7699585,14.1950989,5.18315792,347.942322,0,1,0,10,10,0
399,1199,3,8327452,0,0,33,0,255,0,0,0,0,0,20000,50,2.5,0,0,6,4418.42725,3.06880569,0,16.261673,12.3028908,4.72769165,14.7704372,6.77718306,357.49527,0,1,0,8,8,0
400,1200,1,8327300,0,0,24,0,255,0,0,0,0,0,20050,50,2.5,0,0,6,4413.43164,2.1831696,0,16.5441113,13.4201498,19.1661682,15.3346415,8.35021877,358.174591,0,1,0,7,7,0
400,1201,2,8327376,0,0,143,0,255,0,0,0,0,0,20050,50,2.5,0,0,6,4379.62109,5.69591999,0,16.1179676,11.7802849,1.9546814,14.2860394,5.36434078,349.118713,0,1,0,10,10,0
400,1202,3,8327452,0,0,31,0,255,0,0,0,0,0,20050,50,2.5,0,0,6,4419.02588,2.87587786,0,16.3214912,12.5278263,5.60284424,14.83708,6.97057867,357.662903,0,1,0,8,8,0
401,1203,1,8327300,0,0,23,0,255,0,0,0,0,0,20100,50,2.5,0,0,6,4414.49805,1.93323553,0,16.5931873,13.6330194,20.7527466,15.3922729,8.54627991,358.269806,0,1,0,7,7,0
401,1204,2,8327376,0,0,129,0,255,0,0,0,0,0,20100,50,2.5,0,0,6,4380.56641,0.821249962,0,16.1848545,12.0207291,2.15429688,14.3766241,5.54579067,350.151947,0,1,0,10,10,0
401,1205,3,8327452,0,0,29,0,255,0,0,0,0,0,20100,50,2.5,0,0,6,4419.67529,2.6513288,0,16.3789101,12.7487631,6.47821045,14.9024591,7.1644392,357.813324,0,1,0,8,8,0
402,1206,1,8327300,0,0,24,0,255,0,0,0,0,0,20150,50,2.5,0,0,6,4415.6084,1.69978487,0,16.6341896,13.8171272,22.2102661,15.4488783,8.74269581,358.353577,0,1,0,7,7,0
402,1207,2,8327376,0,0,117,0,255,0,0,0,0,0,20150,50,2.5,0,0,6,4382.15137,0.801322341,0,16.2566929,12.28438,2.4911499,14.4661703,5.72782993,351.054932,0,1,0,10,10,0
402,1208,3,8327452,0,0,27,0,255,0,0,0,0,0,20150,50,2.5,0,0,6,4420.38428,2.41647243,0,16.4341831,12.9668598,7.36108398,14.9666281,7.35874081,357.94516,0,1,0,8,8,0
403,1209,1,8327300,0,0,24,0,255,0,0,0,0,0,20200,50,2.5,0,0,6,4416.74707,1.49597633,0,16.6758537,14.0111656,23.7983093,15.504508,8.9394474,358.43985,0,1,0,7,7,0
403,1210,2,8327376,0,0,107,0,255,0,0,0,0,0,20200,50,2.5,0,0,6,4383.43018,2.75980306,0,16.32271,12.5324583,3.66543579,14.5541992,5.9106493,351.850952,0,1,0,10,10,0
403,1211,3,8327452,0,0,25,0,255,0,0,0,0,0,20200,50,2.5,0,0,6,4421.15039,2.18500185,0,16.4875908,13.1834822,8.26034546,15.029644,7.55345917,358.056793,0,1,0,8,8,0
404,1212,1,8327300,0,0,22,0,255,0,0,0,0,0,20250,50,2.5,0,0,6,4417.90869,1.34762096,0,16.5851669,13.5977106,24.8665771,15.5591993,9.13651943,358.615723,0,1,0,6,6,0
404,1213,2,8327376,0,0,97,0,255,0,0,0,0,0,20250,50,2.5,0,0,6,4384.09717,5.17581415,0,16.381567,12.7591238,4.78201294,14.6403761,6.09435654,352.560944,0,1,0,10,10,0
404,1214,3,8327452,0,0,23,0,255,0,0,0,0,0,20250,50,2.5,0,0,6,4421.97021,1.95901585,0,16.38834,12.7855759,9.22717285,15.0915651,7.74857044,358.214417,0,1,0,7,7,0
405,1215,1,8327300,0,0,22,0,255,0,0,0,0,0,20300,50,2.5,0,0,6,4419.07275,1.23922098,0,16.6317177,13.805851,25.9081116,15.6129885,9.33389664,358.70752,0,1,0,6,6,0
405,1216,2,8327376,0,0,89,0,255,0,0,0,0,0,20300,50,2.5,0,0,6,4384.18799,7.36091328,0,16.444973,13.0101261,6.02319336,14.7244711,6.27900791,353.183807,0,1,0,10,10,0
405,1217,3,8327452,0,0,22,0,255,0,0,0,0,0,20300,50,2.5,0,0,6,4422.83984,1.74272466,0,16.4405918,12.9925365,10.137207,15.1524525,7.94405174,358.310608,0,1,0,7,7,0
406,1218,1,8327300,0,0,21,0,255,0,0,0,0,0,20350,50,2.5,0,0,6,4420.22461,1.13050103,0,16.6690769,13.9790764,26.7650146,15.6659107,9.53156376,358.795166,0,1,0,6,6,0
406,1219,2,8327376,0,0,82,0,255,0,0,0,0,0,20350,50,2.5,0,0,6,4383.8042,9.01076603,0,16.49786,13.2258701,3.44247437,14.8063354,6.4646225,353.741547,0,1,0,10,10,0
406,1220,3,8327452,0,0,21,0,255,0,0,0,0,0,20350,50,2.5,0,0,6,4423.75,1.53612423,0,16.4913883,13.1991234,11.0810547,15.2123642,8.13988018,358.394501,0,1,0,7,7,0
407,1221,1,8327300,0,0,20,0,255,0,0,0,0,0,20400,50,2.5,0,0,6,4421.37598,1.03752875,0,16.708416,14.1685839,27.6903381,15.7179995,9.7295084,358.862396,0,1,0,6,6,0
407,1222,2,8327376,0,0,75,0,255,0,0,0,0,0,20400,50,2.5,0,0,6,4383.12012,10.0872974,0,16.5549469,13.4665146,4.38998413,14.8858795,6.65119791,354.239532,0,1,0,10,10,0
407,1223,3,8327452,0,0,20,0,255,0,0,0,0,0,20400,50,2.5,0,0,6,4424.68018,1.35450387,0,16.5407333,13.4057665,19.0611877,15.2713547,8.33603573,358.464355,0,1,0,7,7,0
408,1224,1,8327300,0,0,0,0,255,0,0,0,0,0,20450,50,2.5,0,0,6,4422.25146,0.953204453,0,16.6226273,13.7645779,34.7878113,15.7692871,9.92770481,359.014587,0,1,0,5,5,0
408,1225,2,8327376,0,0,69,0,255,0,0,0,0,0,20450,50,2.5,0,0,6,4382.30176,10.6523838,0,16.6015434,13.6700478,5.20013428,14.9630623,6.83871555,354.682343,0,1,0,10,10,0
408,1226,3,8327452,0,0,20,0,255,0,0,0,0,0,20450,50,2.5,0,0,6,4425.63623,1.19813216,0,16.5866756,13.6043262,20.5324707,15.3294735,8.53249836,358.520264,0,1,0,7,7,0
409,1227,1,8327300,0,0,0,0,255,0,0,0,0,0,20500,50,2.5,0,0,6,4422.73926,0.876425862,0,16.6644363,13.9572239,35.6636047,15.8198671,10.1261063,359.204895,0,1,0,5,5,0
409,1228,2,8327376,0,0,64,0,255,0,0,0,0,0,20500,50,2.5,0,0,6,4381.46973,10.7593174,0,16.6526661,13.9022388,6.1401062,15.0378819,7.02714586,355.071503,0,1,0,10,10,0
409,1229,3,8327452,0,0,19,0,255,0,0,0,0,0,20500,50,2.5,0,0,6,4426.6084,1.06201243,0,16.4878044,13.1843548,22.0729065,15.3867645,8.72925282,358.671387,0,1,0,6,6,0
410,1230,1,8327300,0,0,0,0,255,0,0,0,0,0,20550,50,2.5,0,0,6,4423.19971,1.00200367,0,16.7029171,14.141613,36.4872742,15.8696728,10.3247242,359.365234,0,1,0,5,5,0
410,1231,2,8327376,0,0,60,0,255,0,0,0,0,0,20550,50,2.5,0,0,6,4380.72656,10.51231,0,16.6938324,14.097393,6.94927979,15.1103649,7.21645308,355.424408,0,1,0,10,10,0
410,1232,3,8327452,0,0,19,0,255,0,0,0,0,0,20550,50,2.5,0,0,6,4427.59326,0.954068661,0,16.532835,13.3722506,23.602478,15.4432659,8.92628384,358.740845,0,1,0,6,6,0
411,1233,1,8327300,0,0,0,0,255,0,0,0,0,0,20600,50,2.5,0,0,6,4423.42871,1.12259293,0,16.7404575,14.3293619,37.3157349,15.9186649,10.5235538,359.494812,0,1,0,5,5,0
411,1234,2,8327376,0,0,54,0,255,0,0,0,0,0,20600,50,2.5,0,0,6,4380.14355,10.0259037,0,16.6083107,13.7002068,7.83657837,15.1805582,7.40659714,355.819489,0,1,0,9,9,0
411,1235,3,8327452,0,0,19,0,255,0,0,0,0,0,20600,50,2.5,0,0,6,4428.57764,0.8608585,0,16.5817165,13.5825863,24.7895203,15.499012,9.12357807,358.800293,0,1,0,6,6,0
412,1236,1,8327300,0,0,0,0,255,0,0,0,0,0,20650,50,2.5,0,0,6,4423.30615,1.18513775,0,16.7727909,14.4986534,38.052887,15.9668226,10.7225809,359.6008,0,1,0,5,5,0
412,1237,2,8327376,0,0,51,0,255,0,0,0,0,0,20650,50,2.5,0,0,6,4379.80078,9.40686226,0,16.6533298,13.9053183,8.71981812,15.2485266,7.59753656,356.108948,0,1,0,9,9,0
412,1238,3,8327452,0,0,19,0,255,0,0,0,0,0,20650,50,2.5,0,0,6,4429.55859,0.785556257,0,16.6218948,13.76126,25.6875916,15.5540295,9.32112503,358.856689,0,1,0,6,6,0
413,1239,1,8327300,0,0,0,0,255,0,0,0,0,0,20700,50,2.5,0,0,6,4423.16797,1.20118749,0,16.6910801,14.0840893,44.7636719,16.014143,10.9218016,359.861572,0,1,0,4,4,0
413,1240,2,8327376,0,0,47,0,255,0,0,0,0,0,20700,50,2.5,0,0,6,4379.67822,8.6373148,0,16.6957188,14.1065397,9.61697388,15.314353,7.78922749,356.374878,0,1,0,9,9,0
413,1241,3,8327452,0,0,0,0,255,0,0,0,0,0,20700,50,2.5,0,0,6,4430.53027,0.727645338,0,16.5291576,13.3567104,26.7178955,15.6083403,9.51891518,359.007294,0,1,0,5,5,0
414,1242,1,8327300,0,0,0,0,255,0,0,0,0,0,20750,50,2.5,0,0,6,4423.0293,1.18058598,0,16.7283039,14.2676315,45.5057373,16.0606346,11.1212111,359.970978,0,1,0,4,4,0
414,1243,2,8327376,0,0,44,0,255,0,0,0,0,0,20750,50,2.5,0,0,6,4379.82471,7.83695698,0,16.7389297,14.3215551,10.6174316,15.3781252,7.98162651,356.603516,0,1,0,9,9,0
414,1244,3,8327452,0,0,0,0,255,0,0,0,0,0,20750,50,2.5,0,0,6,4431.57471,0.682119131,0,16.5703506,13.5330257,27.5628052,15.6620321,9.71692371,359.142151,0,1,0,5,5,0
415,1245,1,8327300,0,0,0,0,255,0,0,0,0,0,20800,50,2.5,0,0,6,4422.8999,1.13467681,0,16.7669182,14.4673166,46.2986145,16.1063156,11.3208027,360,0.0452270508,1,0,4,4,0
415,1246,2,8327376,0,0,41,0,255,0,0,0,0,0,20800,50,2.5,0,0,6,4380.21338,7.03577137,0,16.7732944,14.5013618,18.2175293,15.4399376,8.1746912,356.810516,0,1,0,9,9,0
415,1247,3,8327452,0,0,0,0,255,0,0,0,0,0,20800,50,2.5,0,0,6,4432.24902,0.755447388,0,16.6176033,13.7418966,34.6856079,15.7150621,9.91514206,359.247131,0,1,0,5,5,0
416,1248,1,8327300,0,0,0,0,255,0,0,0,0,0,20850,50,2.5,0,0,6,4422.78809,1.07031906,0,16.6812935,14.0370884,46.9519653,16.1512108,11.5205679,360,0.268127441,1,0,3,3,0
416,1249,2,8327376,0,0,38,0,255,0,0,0,0,0,20850,50,2.5,0,0,6,4380.84033,6.26359558,0,16.6932316,14.0944901,19.6325073,15.4998884,8.36838055,357.073181,0,1,0,8,8,0
416,1250,3,8327452,0,0,0,0,255,0,0,0,0,0,20850,50,2.5,0,0,6,4432.44922,0.81553179,0,16.6561642,13.9185104,35.4893799,15.7674017,10.1135521,359.332092,0,1,0,5,5,0
417,1251,1,8327300,0,0,0,0,255,0,0,0,0,0,20900,50,2.5,0,0,6,4422.69775,0.995687902,0,16.7225304,14.2386389,47.7074585,16.1953468,11.720499,360,0.37020874,1,0,3,3,0
417,1252,2,8327376,0,0,38,0,255,0,0,0,0,0,20900,50,2.5,0,0,6,4381.68652,5.540411,0,16.7352009,14.3025465,21.249054,15.5580759,8.5626545,357.253296,0,1,0,8,8,0
417,1253,3,8327452,0,0,0,0,255,0,0,0,0,0,20900,50,2.5,0,0,6,4432.62646,0.837760925,0,16.5613995,13.4942904,36.3236694,15.8190441,10.3121538,359.510834,0,1,0,4,4,0
418,1254,1,8327300,0,0,0,0,255,0,0,0,0,0,20950,50,2.5,0,0,6,4422.63184,0.915529072,0,16.759079,14.4259109,54.2348938,16.2387562,11.9205866,360,0.440063477,1,0,3,3,0
418,1255,2,8327376,0,0,38,0,255,0,0,0,0,0,20950,50,2.5,0,0,6,4382.70459,4.86662054,0,16.7690735,14.4787846,22.706665,15.6145926,8.75747776,357.435059,0,1,0,8,8,0
418,1256,3,8327452,0,0,0,0,255,0,0,0,0,0,20950,50,2.5,0,0,6,4432.63184,0.831981957,0,16.6080513,13.699049,37.2071228,15.8699913,10.5109348,359.595581,0,1,0,4,4,0
419,1257,1,8327300,0,0,0,0,255,0,0,0,0,0,21000,50,2.5,0,0,6,4422.59082,0.834060133,0,16.7903061,14.5938349,54.8431396,16.2814713,12.1208229,360,0.484741211,1,0,3,3,0
419,1258,2,8327376,0,0,37,0,255,0,0,0,0,0,21000,50,2.5,0,0,6,4383.87939,4.31159353,0,16.8034172,14.6669245,24.1662903,15.6695166,8.95281792,357.613556,0,1,0,8,8,0
419,1259,3,8327452,0,0,0,0,255,0,0,0,0,0,21000,50,2.5,0,0,6,4432.32422,0.805298209,0,16.6464462,13.8734322,37.9515381,15.9202547,10.7098761,359.65918,0,1,0,4,4,0
420,1260,1,8327300,0,0,0,0,255,0,0,0,0,0,21050,50,2.5,0,0,6,4422.57275,0.754970312,0,16.7140694,14.1965008,55.5334778,16.3235264,12.3211994,360,0.763061523,1,0,2,2,0
420,1261,2,8327376,0,0,36,0,255,0,0,0,0,0,21050,50,2.5,0,0,6,4385.17285,3.879776,0,16.8349915,14.8504562,25.1412964,15.7229137,9.14864731,357.779327,0,1,0,8,8,0
420,1262,3,8327452,0,0,0,0,255,0,0,0,0,0,21050,50,2.5,0,0,6,4432.03027,0.765085876,0,16.6897697,14.0777683,44.737793,15.9698515,10.9089708,359.689453,0,1,0,4,4,0
421,1263,1,8327300,0,0,0,0,255,0,0,0,0,0,21100,50,2.5,0,0,6,4422.57715,0.677730739,0,16.7486935,14.3717699,56.1270752,16.364954,12.5217066,360,0.8487854,1,0,2,2,0
421,1264,2,8327376,0,0,33,0,255,0,0,0,0,0,21100,50,2.5,0,0,6,4386.54834,3.52100515,0,16.7653065,14.4587612,26.1621094,15.7748442,9.34494019,358.048248,0,1,0,7,7,0
421,1265,3,8327452,0,0,0,0,255,0,0,0,0,0,21100,50,2.5,0,0,6,4431.75488,0.715371251,0,16.5984268,13.656209,45.4854126,16.0188046,11.1082125,359.853699,0,1,0,3,3,0
422,1266,1,8327300,0,0,0,0,255,0,0,0,0,0,21150,50,2.5,0,0,6,4422.60254,0.606030524,0,16.7843609,14.5612307,62.6725159,16.4057903,12.7223377,360,0.886627197,1,0,2,2,0
422,1267,2,8327376,0,0,31,0,255,0,0,0,0,0,21150,50,2.5,0,0,6,4388.00342,3.2099278,0,16.7967014,14.6292782,27.0233765,15.8253689,9.54167271,358.210754,0,1,0,7,7,0
422,1268,3,8327452,0,0,0,0,255,0,0,0,0,0,21150,50,2.5,0,0,6,4431.50049,0.660118759,0,16.6402206,13.844759,46.2199707,16.0671387,11.3075933,359.904785,0,1,0,3,3,0
423,1269,1,8327300,0,53,0,0,255,0,0,0,0,0,21200,50,2.5,0,0,6,4422.64648,0.539604843,0,16.7079201,14.1661463,63.3320312,16.4460659,12.9230843,360,1.26428223,1,0,1,1,0
423,1270,2,8327376,0,0,30,0,255,0,0,0,0,0,21200,50,2.5,0,0,6,4389.5127,2.90027666,0,16.8284531,14.8114777,27.934021,15.8745537,9.73881912,358.347809,0,1,0,7,7,0
423,1271,3,8327452,0,0,0,0,255,0,0,0,0,0,21200,50,2.5,0,0,6,4431.26709,0.603555381,0,16.6773376,14.0182266,46.8826599,16.1148815,11.5071058,359.931305,0,1,0,3,3,0
424,1272,1,8327300,0,0,0,0,255,0,0,0,0,0,21250,50,2.5,0,0,6,4422.70947,0.478979856,0,16.7457218,14.3564072,63.9326172,16.486021,13.1238985,360,0.762237549,1,0,1,1,0
424,1273,2,8327376,0,0,35,0,255,0,0,0,0,0,21250,50,2.5,0,0,6,4390.7915,2.59908557,0,16.8578739,14.9914446,34.9561768,15.9224644,9.93634319,358.467743,0,1,0,7,7,0
424,1274,3,8327452,0,0,0,0,255,0,0,0,0,0,21250,50,2.5,0,0,6,4431.0542,0.547793388,0,16.7186718,14.2193584,47.6343689,16.1620617,11.7067432,359.91806,0,1,0,3,3,0
425,1275,1,8327300,0,0,0,0,255,0,0,0,0,0,21300,50,2.5,0,0,6,4422.7998,0.150260001,0,16.7814217,14.5452194,64.5131836,16.5258904,13.3247395,360,0.743530273,1,0,1,1,0
425,1276,2,8327376,0,0,29,0,255,0,0,0,0,0,21300,50,2.5,0,0,6,4391.57471,2.33682251,0,16.789444,14.5890932,35.8135376,15.9691296,10.1342058,358.751526,0,1,0,6,6,0
425,1277,3,8327452,0,0,0,0,255,0,0,0,0,0,21300,50,2.5,0,0,6,4430.8623,0.493095994,0,16.6272984,13.7857485,54.1023254,16.2087078,11.906497,360,0.09765625,1,0,2,2,0
426,1278,1,8327300,0,0,0,0,255,0,0,0,0,0,21350,50,2.5,0,0,6,4423.02295,0.0218804106,0,16.812891,14.7208118,65.0404663,16.5656528,13.5256128,360,0.656799316,1,0,1,1,0
426,1279,2,8327376,0,0,26,0,255,0,0,0,0,0,21350,50,2.5,0,0,6,4392.45068,2.20452809,0,16.8210258,14.7678547,36.6309204,16.0145836,10.3323927,358.899506,0,1,0,6,6,0
426,1280,3,8327452,0,0,0,0,255,0,0,0,0,0,21350,50,2.5,0,0,6,4430.69092,0.442367464,0,16.6688652,13.9780693,54.7817383,16.2548485,12.1063614,360,0.118927002,1,0,2,2,0
427,1281,1,8327300,0,0,0,0,255,0,0,0,0,0,21400,50,2.5,0,0,6,4423.23584,0.0279450677,0,16.8475685,14.9270115,71.8654175,16.6052933,13.7265196,360,0.427093506,1,0,1,1,0
427,1282,2,8327376,0,0,0,0,255,0,0,0,0,0,21400,50,2.5,0,0,6,4393.23828,2.03767085,0,16.8507843,14.9469376,37.4432678,16.0588837,10.53088,359.008972,0,1,0,6,6,0
427,1283,3,8327452,0,0,0,0,255,0,0,0,0,0,21400,50,2.5,0,0,6,4430.53857,0.395078272,0,16.7078018,14.1655626,55.4297791,16.3005123,12.3063288,360,0.101074219,1,0,2,2,0
428,1284,1,8327300,0,0,0,0,255,0,0,0,0,0,21450,50,2.5,0,0,6,4423.44043,0.0316374488,0,16.8770409,15.116025,72.4400635,16.6448021,13.9274626,360,0.117980957,1,0,1,1,0
428,1285,2,8327376,0,0,0,0,255,0,0,0,0,0,21450,50,2.5,0,0,6,4393.84668,1.82174194,0,16.8801842,15.1371069,38.2928467,16.1021709,10.72962,359.294861,0,1,0,6,6,0
428,1286,3,8327452,0,0,0,0,255,0,0,0,0,0,21450,50,2.5,0,0,6,4430.4043,0.350963235,0,16.7451077,14.3532429,56.0662537,16.345726,12.5063925,360,0.0394897461,1,0,2,2,0
429,1287,1,8327300,0,0,0,0,255,0,0,0,0,0,21500,50,2.5,0,0,6,4423.63721,0.0345391445,0,16.9019318,15.2890072,72.9468689,16.6841755,14.1284409,359.730591,0,1,0,1,1,0
429,1288,2,8327376,0,0,0,0,255,0,0,0,0,0,21500,50,2.5,0,0,6,4394.42041,2.10405374,0,16.8129063,14.7208958,44.9324341,16.1443405,10.9286232,359.694946,0,1,0,5,5,0
429,1289,3,8327452,0,0,0,0,255,0,0,0,0,0,21500,50,2.5,0,0,6,4430.28711,0.311605752,0,16.6612835,13.9424305,62.6080017,16.3905144,12.7065458,360,0.281036377,1,0,1,1,0
430,1290,1,8327300,0,0,0,0,255,0,0,0,0,0,21550,50,2.5,0,0,6,4423.82666,0.0361226983,0,16.9270287,15.4807968,73.4941406,16.7234097,14.3294554,359.172028,0,1,0,1,1,0
430,1291,2,8327376,0,0,0,0,255,0,0,0,0,0,21550,50,2.5,0,0,6,4394.85889,2.39297295,0,16.8450584,14.9115524,45.7229614,16.1853275,11.1278906,359.972931,0,1,0,5,5,0
430,1292,3,8327452,0,0,0,0,255,0,0,0,0,0,21550,50,2.5,0,0,6,4430.18457,0.275948644,0,16.7041111,14.1474533,63.2693176,16.434906,12.9067841,360,0.246459961,1,0,1,1,0
431,1293,1,8327300,0,0,84,0,255,0,0,0,0,0,21600,50,2.5,0,0,6,4424.00977,0.0355968848,0,16.9502773,15.6816187,81.5922241,16.7625065,14.5305061,358.443756,0,1,0,1,1,0
431,1294,2,8327376,0,0,0,0,255,0,0,0,0,0,21600,50,2.5,0,0,6,4395.20605,2.55667114,0,16.8709736,15.075861,46.3931274,16.2251015,11.3274183,360,0.21862793,1,0,5,5,0
431,1295,3,8327452,0,0,0,0,255,0,0,0,0,0,21600,50,2.5,0,0,6,4430.09521,0.243726984,0,16.7423363,14.3390064,63.8769531,16.4789219,13.1071005,360,0.148895264,1,0,1,1,0
432,1296,1,8327300,0,0,87,0,255,0,0,0,0,0,21650,50,2.5,0,0,6,4423.66943,0.0345435888,0,16.9678917,15.8575592,82.2477722,16.8011627,14.7316256,358.403046,0,1,0,1,1,0
432,1297,2,8327376,0,0,0,0,255,0,0,0,0,0,21650,50,2.5,0,0,6,4395.50342,2.61319757,0,16.8981323,15.2616491,47.1421814,16.2636528,11.5271997,360,0.421356201,1,0,5,5,0
432,1298,3,8327452,0,0,0,0,255,0,0,0,0,0,21650,50,2.5,0,0,6,4430.01855,0.214412048,0,16.7787209,14.5305786,64.4676819,16.5225868,13.3074903,359.977386,0,1,0,1,1,0
433,1299,1,8327300,0,0,97,0,255,0,0,0,0,0,21700,50,2.5,0,0,6,4423.18701,0.502821088,0,16.9834538,16.0431671,82.8274841,16.8389091,14.9328899,358.226562,0,1,0,1,1,0
433,1300,2,8327376,0,0,0,0,255,0,0,0,0,0,21700,50,2.5,0,0,6,4395.78271,2.58638906,0,16.8346348,14.8483038,47.7752686,16.3009892,11.7272253,360,0.796142578,1,0,4,4,0
433,1301,3,8327452,0,0,0,0,255,0,0,0,0,0,21700,50,2.5,0,0,6,4429.95264,0.18905957,0,16.8125019,14.7185764,65.0346069,16.5659218,13.5079489,359.727936,0,1,0,1,1,0
434,1302,1,8327300,0,0,110,0,255,0,0,0,0,0,21750,50,2.5,0,0,6,4422.33496,1.49907124,0,16.9957619,16.2304745,83.2968445,16.8753414,15.134346,358.002991,0,1,0,1,1,0
434,1303,2,8327376,0,36,0,0,255,0,0,0,0,0,21750,50,2.5,0,0,6,4396.06641,2.49851847,0,16.8631802,15.0252819,54.2827454,16.3371334,11.9274845,360,1.02502441,1,0,4,4,0
434,1304,3,8327452,0,0,0,0,255,0,0,0,0,0,21750,50,2.5,0,0,6,4429.89648,0.166876912,0,16.842474,14.8957233,71.770752,16.6089497,13.7084723,359.40451,0,1,0,1,1,0
435,1305,1,8327300,0,0,125,0,255,0,0,0,0,0,21800,50,2.5,0,0,6,4420.90918,2.99809194,0,17.0046825,16.4274368,83.6670837,16.91008,15.3360186,357.736023,0,1,0,1,1,0
435,1306,2,8327376,0,0,0,0,255,0,0,0,0,0,21800,50,2.5,0,0,6,4396.45752,2.36819077,0,16.8896027,15.2015362,54.9390259,16.3722267,12.1279488,360,0.599243164,1,0,4,4,0
435,1307,3,8327452,0,0,50,0,255,0,0,0,0,0,21800,50,2.5,0,0,6,4429.84814,0.147071615,0,16.8742695,15.0975885,72.3833008,16.6516876,13.9090548,358.941467,0,1,0,1,1,0
436,1308,1,8327300,0,0,139,0,255,0,0,0,0,0,21850,50,2.5,0,0,6,4418.71436,5.05774784,0,17.0089493,16.6123886,83.89328,16.9427547,15.5379143,357.498871,0,1,0,1,1,0
436,1309,2,8327376,0,0,0,0,255,0,0,0,0,0,21850,50,2.5,0,0,6,4396.80664,1.26124322,0,16.9155769,15.3907013,55.6290894,16.4066105,12.3285713,360,0.706939697,1,0,4,4,0
436,1310,3,8327452,0,0,56,0,255,0,0,0,0,0,21850,50,2.5,0,0,6,4429.54541,0.129907444,0,16.8999119,15.2744188,72.9049683,16.6939831,14.1097183,358.837585,0,1,0,1,1,0
437,1311,1,8327300,0,0,160,0,255,0,0,0,0,0,21900,50,2.5,0,0,6,4415.64697,7.81541634,0,17.0090218,16.7824459,88.9987793,16.9730034,15.7400188,357.277344,0,1,0,1,1,0
437,1312,2,8327376,0,41,0,0,255,0,0,0,0,0,21900,50,2.5,0,0,6,4397.56348,0.878458977,0,16.856411,14.9821997,56.20401,16.4402714,12.5293512,360,1.10964966,1,0,3,3,0
437,1313,3,8327452,0,0,64,0,255,0,0,0,0,0,21900,50,2.5,0,0,6,4429.16064,0.368573993,0,16.9247894,15.4627972,73.4429626,16.7355671,14.3105087,358.670197,0,1,0,1,1,0
438,1314,1,8327300,0,0,174,0,255,0,0,0,0,0,21950,50,2.5,0,0,6,4411.27295,11.3544121,0,17.004137,16.976593,88.7461548,17.0004692,15.9422884,357.026672,0,1,0,1,1,0
438,1315,2,8327376,0,0,0,0,255,0,0,0,0,0,21950,50,2.5,0,0,6,4398.33398,0.891191721,0,16.8839531,15.1626663,62.7370605,16.4733562,12.7302618,360,0.671325684,1,0,3,3,0
438,1316,3,8327452,0,0,84,0,255,0,0,0,0,0,21950,50,2.5,0,0,6,4428.57812,0.831595421,0,16.9486294,15.6664085,81.5338135,16.7761879,14.5114632,358.446594,0,1,0,1,1,0
439,1317,1,8327300,0,0,188,0,255,0,0,0,0,0,22000,50,2.5,0,0,6,4405.55078,16.1224861,0,16.9949474,17.1481285,88.4128113,17.0247936,16.1446552,356.77832,0,1,0,1,1,0
439,1318,2,8327376,0,0,0,0,255,0,0,0,0,0,22000,50,2.5,0,0,6,4399.03906,0.380920142,0,16.9089451,15.3405762,63.3473816,16.5061188,12.9312677,360,0.73059082,1,0,3,3,0
439,1319,3,8327452,0,0,89,0,255,0,0,0,0,0,22000,50,2.5,0,0,6,4427.63281,1.49033976,0,16.96632,15.8407135,82.1871643,16.8155613,14.712615,358.367218,0,1,0,1,1,0
440,1320,1,8327300,0,0,206,0,255,0,0,0,0,0,22050,50,2.5,0,0,6,4398.1792,22.0689602,0,16.9799843,17.3266048,87.9442749,17.0456505,16.3470249,356.438782,0,1,0,1,1,0
440,1321,2,8327376,0,48,0,0,255,0,0,0,0,0,22050,50,2.5,0,0,6,4399.92773,0.211335748,0,16.8533401,14.9628963,63.9892578,16.5385189,13.1323738,360,1.13635254,1,0,2,2,0
440,1322,3,8327452,0,0,99,0,255,0,0,0,0,0,22050,50,2.5,0,0,6,4426.38281,2.59632182,0,16.9831123,16.0386047,82.8157349,16.8533878,14.9139929,358.183685,0,1,0,1,1,0
441,1323,1,8327300,0,0,227,0,255,0,0,0,0,0,22100,50,2.5,0,0,6,4388.82227,29.2446175,0,16.9594688,17.5029125,87.340332,17.062748,16.5492687,356.056305,0,1,0,1,1,0
441,1324,2,8327376,0,0,0,0,255,0,0,0,0,0,22100,50,2.5,0,0,6,4400.77393,0.245996252,0,16.8814831,15.1458807,64.5689697,16.570715,13.3335514,360,0.650482178,1,0,2,2,0
441,1325,3,8327452,0,0,110,0,255,0,0,0,0,0,22100,50,2.5,0,0,6,4424.62549,3.98203111,0,16.9954491,16.2249603,83.2865295,16.889389,15.1156092,358.008484,0,1,0,1,1,0
442,1326,1,8327300,0,0,255,0,255,0,0,0,0,0,22150,50,2.5,0,0,6,4377.1499,38.1582222,0,16.8524284,18.1373901,86.5284119,17.0758324,16.7512226,355.245392,0,1,0,2,2,0
442,1327,2,8327376,0,0,0,0,255,0,0,0,0,0,22150,50,2.5,0,0,6,4401.59961,0.0800035,0,16.9055672,15.3155622,65.0935059,16.6029072,13.5347719,360,0.646148682,1,0,2,2,0
442,1328,3,8327452,0,0,120,0,255,0,0,0,0,0,22150,50,2.5,0,0,6,4422.28125,5.68307972,0,17.004118,16.4113941,83.6426697,16.9232883,15.3174629,357.821686,0,1,0,1,1,0
443,1329,1,8327300,0,0,248,0,255,0,0,0,0,0,22200,50,2.5,0,0,6,4362.55176,49.518528,0,16.8163853,18.301609,85.6650696,17.0847092,16.9526844,355.580902,0,1,0,2,2,0
443,1330,2,8327376,0,56,0,0,255,0,0,0,0,0,22200,50,2.5,0,0,6,4402.47852,0.00734596187,0,16.849884,14.9413548,71.9132385,16.6350403,13.736043,360,1.1819458,1,0,1,1,0
443,1331,3,8327452,0,0,133,0,255,0,0,0,0,0,22200,50,2.5,0,0,6,4419.26611,7.80327415,0,17.0087414,16.5959949,83.8770142,16.9548092,15.5195417,357.60788,0,1,0,1,1,0
444,1332,1,8327300,0,0,231,0,0,255,0,0,0,0,22250,50,2.5,0,0,6,4346.36328,64.6898499,0,16.7732124,18.4801235,84.5611267,17.0891533,17.1534634,355.799408,0,1,0,2,2,0
444,1333,2,8327376,0,0,0,0,255,0,0,0,0,0,22250,50,2.5,0,0,6,4403.25879,0.0175813474,0,16.8769608,15.1154795,72.4388733,16.6672783,13.9373331,360,0.633148193,1,0,1,1,0
444,1334,3,8327452,0,0,154,0,255,0,0,0,0,0,22250,50,2.5,0,0,6,4415.45557,10.3643456,0,17.0090599,16.7788506,89.0021362,16.9836807,15.7218161,357.382812,0,1,0,1,1,0
445,1335,1,8327300,0,0,239,0,0,255,0,0,0,0,22300,50,2.5,0,0,6,4207.72168,80.6492996,0,16.5941219,19.0880203,83.204834,17.0914822,17.3478069,355.446136,0,1,0,3,3,0
445,1336,2,8327376,0,0,0,0,255,0,0,0,0,0,22300,50,2.5,0,0,6,4404.06445,0.0986829549,0,16.9058399,15.3175678,73.0317383,16.6997929,14.1386156,360,0.472137451,1,0,1,1,0
445,1337,3,8327452,0,0,164,0,255,0,0,0,0,0,22300,50,2.5,0,0,6,4410.46484,13.5420122,0,17.0047169,16.9615574,88.7696228,17.0096188,15.9242315,357.204559,0,1,0,1,1,0
446,1338,1,8327300,0,0,213,0,0,255,0,0,0,0,22350,50,2.5,0,0,6,4071.43481,102.631775,0,16.536829,19.2525463,82.5241394,17.0917034,17.5357552,355.762939,0,1,0,3,3,0
446,1339,2,8327376,0,0,0,0,255,0,0,0,0,0,22350,50,2.5,0,0,6,4404.83057,0.0784883052,0,16.929842,15.5036983,73.5559692,16.7325115,14.3399019,360,0.198028564,1,0,1,1,0
446,1340,3,8327452,0,0,178,0,255,0,0,0,0,0,22350,50,2.5,0,0,6,4404.40088,17.8921604,0,16.9952812,17.1431828,88.4256897,17.0323238,16.1267185,356.951447,0,1,0,1,1,0
447,1341,1,8327300,0,0,192,0,0,255,0,0,0,0,22400,50,2.5,0,0,6,3937.51733,127.982208,0,16.4773502,19.4125957,78.3591919,17.0893955,17.7172775,355.853271,0,1,0,3,3,0
447,1342,2,8327376,0,0,0,0,255,0,0,0,0,0,22400,50,2.5,0,0,6,4405.59131,0.0420077369,0,16.9498215,15.677412,81.5755615,16.7653809,14.5411997,359.809875,0,1,0,1,1,0
447,1343,3,8327452,0,0,195,0,255,0,0,0,0,0,22400,50,2.5,0,0,6,4396.84424,23.1148663,0,16.980484,17.321619,87.9622498,17.0515232,16.3291798,356.64093,0,1,0,1,1,0
448,1344,1,8327300,0,0,187,0,0,255,0,0,0,0,22450,50,2.5,0,0,6,3803.63159,149.511551,0,16.4163857,19.5670166,77.8867798,17.084507,17.8924274,355.782867,0,1,0,3,3,0
448,1345,2,8327376,0,0,0,0,255,0,0,0,0,0,22450,50,2.5,0,0,6,4406.33838,0.0220578704,0,16.9697838,15.8782616,82.3193359,16.7983589,14.7425146,359.186707,0,1,0,1,1,0
448,1346,3,8327452,0,0,213,0,255,0,0,0,0,0,22450,50,2.5,0,0,6,4387.57227,29.3798809,0,16.95994,17.4992619,87.3562622,17.0669651,16.5314941,356.283203,0,1,0,1,1,0
449,1347,1,8327300,0,0,192,0,255,0,0,0,0,0,22500,50,2.5,0,0,6,3671.72754,164.386322,0,16.1790047,20.0974426,77.4594116,17.0776997,18.0614872,355.498505,0,1,0,4,4,0
449,1348,2,8327376,0,0,86,0,255,0,0,0,0,0,22500,50,2.5,0,0,6,4407.06934,0.0107681677,0,16.9849663,16.0635376,82.8855896,16.8314133,14.9438515,358.425354,0,1,0,1,1,0
449,1349,3,8327452,0,0,255,0,255,0,0,0,0,0,22500,50,2.5,0,0,6,4376.3374,37.1768532,0,16.856163,18.1194172,86.6123657,17.0784187,16.733511,355.513214,0,1,0,2,2,0
450,1350,1,8327300,0,0,184,0,255,0,0,0,0,0,22550,50,2.5,0,0,6,3659.052,176.972275,0,16.1098881,20.2352695,77.0020447,17.0667725,18.2298393,355.63739,0,1,0,4,4,0
450,1351,2,8327376,0,0,94,0,255,0,0,0,0,0,22550,50,2.5,0,0,6,4407.27686,0.00525363628,0,16.9968014,16.2493744,83.3417358,16.8641911,15.1452436,358.284851,0,1,0,1,1,0
450,1352,3,8327452,0,0,229,0,255,0,0,0,0,0,22550,50,2.5,0,0,6,4361.78271,46.9490929,0,16.817194,18.2980881,85.68573,17.0857277,16.9350204,355.909485,0,1,0,2,2,0
451,1353,1,8327300,0,0,178,0,255,0,0,0,0,0,22600,50,2.5,0,0,6,3648.58765,182.365967,0,16.0376205,20.3729439,76.530365,17.0510864,18.3971157,355.743958,0,1,0,4,4,0
451,1354,2,8327376,0,0,105,0,255,0,0,0,0,0,22600,50,2.5,0,0,6,4407.2666,0.317859948,0,17.0044861,16.4217739,83.659729,16.8961563,15.3467627,358.086456,0,1,0,1,1,0
451,1355,3,8327452,0,0,218,0,255,0,0,0,0,0,22600,50,2.5,0,0,6,4346.91016,61.5669785,0,16.7741451,18.47645,84.5824585,17.0886078,17.1358509,356.035919,0,1,0,2,2,0
452,1356,1,8327300,0,0,172,0,255,0,0,0,0,0,22650,50,2.5,0,0,6,3633.76001,188.35556,0,15.9572639,20.5191021,76.0223389,17.0301018,18.5629387,355.852692,0,1,0,4,4,0
452,1357,2,8327376,0,0,124,0,255,0,0,0,0,0,22650,50,2.5,0,0,6,4406.8833,1.27984297,0,17.008894,16.607811,83.8895264,16.9268398,15.5484524,357.761963,0,1,0,1,1,0
452,1358,3,8327452,0,0,236,0,255,0,0,0,0,0,22650,50,2.5,0,0,6,4329.71289,75.2285309,0,16.5975838,19.0777092,83.2810669,17.0869045,17.3358288,355.623962,0,1,0,3,3,0
453,1359,1,8327300,0,0,175,0,255,0,0,0,0,0,22700,50,2.5,0,0,6,3615.77515,188.333206,0,15.6607504,21.0061436,75.5815125,17.0034027,18.726963,355.731628,0,1,0,5,5,0
453,1360,2,8327376,0,0,150,0,255,0,0,0,0,0,22700,50,2.5,0,0,6,4405.76758,2.93061709,0,17.0089226,16.7909374,88.989624,16.9557972,15.750329,357.437256,0,1,0,1,1,0
453,1361,3,8327452,0,0,213,0,255,0,0,0,0,0,22700,50,2.5,0,0,6,4309.6875,86.9686356,0,16.536829,19.2525463,82.5241394,17.0806217,17.5347672,355.997925,0,1,0,3,3,0
454,1362,1,8327300,0,0,161,0,255,0,0,0,0,0,22750,50,2.5,0,0,6,3595.67456,182.879318,0,15.5708303,21.1402073,75.0857544,16.9711189,18.8890877,356.017822,0,1,0,5,5,0
454,1363,2,8327376,0,0,168,0,255,0,0,0,0,0,22750,50,2.5,0,0,6,4403.58105,5.44037151,0,17.0038013,16.9848747,88.7329712,16.9825745,15.9523821,357.122101,0,1,0,1,1,0
454,1364,3,8327452,0,0,193,0,255,0,0,0,0,0,22750,50,2.5,0,0,6,4289.76074,100.691315,0,16.4748573,19.419096,78.3411255,17.0696125,17.7324867,356.169647,0,1,0,3,3,0
455,1365,1,8327300,0,0,150,0,255,0,0,0,0,0,22800,50,2.5,0,0,6,3578.34302,174.571106,0,15.4897766,21.2564087,74.6522827,16.9333687,19.0492325,356.248596,0,1,0,5,5,0
455,1366,2,8327376,0,0,184,0,255,0,0,0,0,0,22800,50,2.5,0,0,6,4400.09912,9.28422642,0,16.9945793,17.1535206,88.4032288,17.0067158,16.1545715,356.849457,0,1,0,1,1,0
455,1367,3,8327452,0,0,191,0,255,0,0,0,0,0,22800,50,2.5,0,0,6,4268.60547,112.333931,0,16.4017162,19.6028824,77.7790833,17.053772,17.9288216,356.152161,0,1,0,3,3,0
456,1368,1,8327300,0,0,141,0,255,0,0,0,0,0,22850,50,2.5,0,0,6,3563.13354,165.036331,0,15.4013805,21.3784809,74.1907043,16.8902664,19.2073307,356.423431,0,1,0,5,5,0
456,1369,2,8327376,0,0,207,0,255,0,0,0,0,0,22850,50,2.5,0,0,6,4395.00293,14.5043783,0,16.9780178,17.3458233,87.8840332,17.0278015,16.3568249,356.417511,0,1,0,1,1,0
456,1370,3,8327452,0,0,189,0,255,0,0,0,0,0,22850,50,2.5,0,0,6,4246.02588,120.105873,0,16.3298874,19.7720032,77.2402039,17.0331078,18.1236286,356.14978,0,1,0,3,3,0
457,1371,1,8327300,0,0,135,0,255,0,0,0,0,0,22900,50,2.5,0,0,6,3550.18408,154.204376,0,15.3045397,21.5070515,73.7009583,16.8419209,19.363327,356.561127,0,1,0,5,5,0
457,1372,2,8327376,0,0,227,0,255,0,0,0,0,0,22900,50,2.5,0,0,6,4387.77344,21.1133995,0,16.9584675,17.5106411,87.3114624,17.0454521,16.5590267,356.049286,0,1,0,1,1,0
457,1373,3,8327452,0,0,200,0,255,0,0,0,0,0,22900,50,2.5,0,0,6,4223.125,126.40274,0,16.0677834,20.3162365,76.7259827,17.0076351,18.3167706,355.878754,0,1,0,4,4,0
458,1374,1,8327300,0,0,128,0,255,0,0,0,0,0,22950,50,2.5,0,0,6,3539.52051,142.605652,0,15.2190409,21.6163635,73.2861938,16.7884521,19.5171795,356.710754,0,1,0,5,5,0
458,1375,2,8327376,0,0,245,0,255,0,0,0,0,0,22950,50,2.5,0,0,6,4378.21924,29.7709351,0,16.9313908,17.7015553,86.4933167,17.0593262,16.7610283,355.689301,0,1,0,1,1,0
458,1376,3,8327452,0,0,187,0,255,0,0,0,0,0,22950,50,2.5,0,0,6,4199.36182,132.146088,0,15.9753323,20.4868374,76.136261,16.9774494,18.5081253,356.100647,0,1,0,4,4,0
459,1377,1,8327300,0,0,122,0,255,0,0,0,0,0,23000,50,2.5,0,0,6,3531.34937,130.844742,0,15.1181765,21.7406006,72.8161621,16.7299786,19.6688538,356.830383,0,1,0,5,5,0
459,1378,2,8327376,0,0,255,0,255,0,0,0,0,0,23000,50,2.5,0,0,6,4366.021,40.8257103,0,16.8117256,18.3217392,85.5496521,17.0691357,16.9626446,355.045624,0,1,0,2,2,0
459,1379,3,8327452,0,0,178,0,255,0,0,0,0,0,23000,50,2.5,0,0,6,4176.48779,139.257217,0,15.8862429,20.6427956,75.5892639,16.9425163,18.6975403,356.240479,0,1,0,4,4,0
460,1380,1,8327300,0,0,116,0,255,0,0,0,0,0,23050,50,2.5,0,0,6,3525.57251,119.075897,0,15.0209169,21.8558636,72.3828125,16.6666241,19.8183289,356.947571,0,1,0,5,5,0
460,1381,2,8327376,0,0,255,0,255,0,0,0,0,0,23050,50,2.5,0,0,6,4351.22412,54.514576,0,16.7677746,18.5014553,84.413208,17.0746555,17.1636734,355.280579,0,1,0,2,2,0
460,1382,3,8327452,0,0,171,0,255,0,0,0,0,0,23050,50,2.5,0,0,6,4153.17578,144.953156,0,15.7993727,20.7877522,75.0724182,16.902832,18.8848763,356.329468,0,1,0,4,4,0
461,1383,1,8327300,0,0,111,0,255,0,0,0,0,0,23100,50,2.5,0,0,6,3522.23657,107.477615,0,14.9278793,21.9621964,71.9850769,16.5985241,19.9656029,357.059418,0,1,0,5,5,0
461,1384,2,8327376,0,0,243,0,0,255,0,0,0,0,23100,50,2.5,0,0,6,4334.05469,70.4325409,0,16.7191696,18.6824989,83.0938721,17.0757103,17.3639088,355.499817,0,1,0,2,2,0
461,1385,3,8327452,0,0,167,0,255,0,0,0,0,0,23100,50,2.5,0,0,6,4129.83105,148.319473,0,15.7049274,20.9381599,74.5302429,16.8584042,19.0700054,356.374908,0,1,0,4,4,0
462,1386,1,8327300,0,0,102,0,255,0,0,0,0,0,23150,50,2.5,0,0,6,3521.27246,96.230751,0,14.8214722,22.0793762,67.9823914,16.5258255,20.1106834,357.153931,0,1,0,5,5,0
462,1387,2,8327376,0,0,243,0,0,255,0,0,0,0,23150,50,2.5,0,0,6,4195.55469,87.4355927,0,16.5321922,19.2653923,82.4828186,17.0748844,17.5577011,355.316345,0,1,0,3,3,0
462,1388,3,8327452,0,0,163,0,255,0,0,0,0,0,23150,50,2.5,0,0,6,4106.64258,149.855286,0,15.6026144,21.093462,73.9659729,16.8092651,19.2528133,356.411865,0,1,0,4,4,0
463,1389,1,8327300,0,0,99,0,255,0,0,0,0,0,23200,50,2.5,0,0,6,3522.80078,85.5477448,0,14.7262192,22.1804848,67.5780334,16.4486732,20.2535954,357.215515,0,1,0,5,5,0
463,1390,2,8327376,0,0,209,0,0,255,0,0,0,0,23200,50,2.5,0,0,6,4059.86963,112.077911,0,16.4706726,19.4299564,78.3104858,17.0721264,17.7450752,355.61673,0,1,0,3,3,0
463,1391,3,8327452,0,0,159,0,255,0,0,0,0,0,23200,50,2.5,0,0,6,4083.94116,150.136154,0,15.5068903,21.2322235,73.4621582,16.7554455,19.4331894,356.450775,0,1,0,4,4,0
464,1392,1,8327300,0,0,96,0,255,0,0,0,0,0,23250,50,2.5,0,0,6,3526.41357,75.2055893,0,14.6209126,22.2883091,67.1401367,16.3672371,20.3943844,357.274109,0,1,0,5,5,0
464,1393,2,8327376,0,0,200,0,0,255,0,0,0,0,23250,50,2.5,0,0,6,3926.13989,139.686325,0,16.4040794,19.5971336,77.7962341,17.0669231,17.9259605,355.6185,0,1,0,3,3,0
464,1394,3,8327452,0,0,156,0,255,0,0,0,0,0,23250,50,2.5,0,0,6,4061.84741,149.376801,0,15.4003067,21.3799381,72.9271851,16.6969795,19.6110268,356.48407,0,1,0,4,4,0
465,1395,1,8327300,0,0,94,0,255,0,0,0,0,0,23300,50,2.5,0,0,6,3532.22949,65.6734314,0,14.5063066,22.4011726,66.6820679,16.2816906,20.5331097,357.32373,0,1,0,5,5,0
465,1396,2,8327376,0,0,205,0,0,255,0,0,0,0,23300,50,2.5,0,0,6,3791.66553,161.519608,0,16.1579838,20.1400394,77.3156738,17.0591888,18.1003933,355.32132,0,1,0,4,4,0
465,1397,3,8327452,0,0,162,0,255,0,0,0,0,0,23300,50,2.5,0,0,6,4040.43311,147.60463,0,15.0375719,21.8364258,72.4566956,16.633913,19.7862301,356.307617,0,1,0,5,5,0
466,1398,1,8327300,0,0,92,0,255,0,0,0,0,0,23350,50,2.5,0,0,6,3539.99072,57.2217178,0,14.3971081,22.5045891,66.2628784,16.1922092,20.6698322,357.387878,0,1,0,5,5,0
466,1399,2,8327376,0,0,188,0,0,255,0,0,0,0,23350,50,2.5,0,0,6,3658.91284,177.829697,0,16.0866928,20.2801418,76.8466797,17.0496769,18.2686958,355.529785,0,1,0,4,4,0
466,1400,3,8327452,0,0,153,0,255,0,0,0,0,0,23350,50,2.5,0,0,6,4019.42188,145.006989,0,14.9179344,21.9733429,71.9432068,16.5663433,19.9587269,356.465332,0,1,0,5,5,0
467,1401,1,8327300,0,0,79,0,255,0,0,0,0,0,23400,50,2.5,0,0,6,3549.48486,49.8521004,0,14.5901327,22.3190689,65.8736877,16.0989628,20.8046169,357.744781,0,1,0,4,4,0
467,1402,2,8327376,0,0,178,0,0,255,0,0,0,0,23400,50,2.5,0,0,6,3533.3728,193.620453,0,16.0156612,20.413578,76.3919983,17.0388126,18.4311237,355.60556,0,1,0,4,4,0
467,1403,3,8327452,0,0,139,0,255,0,0,0,0,0,23400,50,2.5,0,0,6,4000.01416,142.983398,0,14.8094568,22.0923233,67.9313965,16.4942875,20.1284027,356.587708,0,1,0,5,5,0
468,1404,1,8327300,0,0,78,0,255,0,0,0,0,0,23450,50,2.5,0,0,6,3560.77515,43.4975014,0,14.4794798,22.4269466,65.47229,16.0021114,20.9375305,357.75885,0,1,0,4,4,0
468,1405,2,8327376,0,0,170,0,0,255,0,0,0,0,23450,50,2.5,0,0,6,3413.229,210.22023,0,15.946063,20.5389404,75.9544373,17.0269966,18.5879612,355.61145,0,1,0,4,4,0
468,1406,3,8327452,0,0,137,0,255,0,0,0,0,0,23450,50,2.5,0,0,6,3981.63232,139.997971,0,14.6847878,22.2233925,67.4047546,16.4177494,20.2951431,356.591064,0,1,0,5,5,0
469,1407,1,8327300,0,0,77,0,255,0,0,0,0,0,23500,50,2.5,0,0,6,3573.15967,37.3777885,0,14.3603878,22.538496,65.0578613,15.9018373,21.0686703,357.771057,0,1,0,4,4,0
469,1408,2,8327376,0,0,173,0,0,255,0,0,0,0,23500,50,2.5,0,0,6,3298.90308,226.791168,0,15.6512089,21.0206413,75.5288696,17.0145245,18.7394753,355.355469,0,1,0,5,5,0
469,1409,3,8327452,0,0,134,0,255,0,0,0,0,0,23500,50,2.5,0,0,6,3963.7749,134.471451,0,14.5724506,22.3365898,66.9436951,16.3367977,20.4588871,356.625488,0,1,0,5,5,0
470,1410,1,8327300,0,0,77,0,255,0,0,0,0,0,23550,50,2.5,0,0,6,3586.81372,31.9463234,0,14.2517376,22.6363392,64.7061462,15.7983122,21.1981258,357.787781,0,1,0,4,4,0
470,1411,2,8327376,0,0,162,0,0,255,0,0,0,0,23550,50,2.5,0,0,6,3189.84888,243.929871,0,15.5828533,21.1226063,75.1516724,17.0016232,18.8859158,355.480316,0,1,0,5,5,0
470,1412,3,8327452,0,0,131,0,255,0,0,0,0,0,23550,50,2.5,0,0,6,3947.41064,127.900208,0,14.4461699,22.4586124,66.4494324,16.2515049,20.6195793,356.648926,0,1,0,5,5,0
471,1413,1,8327300,0,0,76,0,255,0,0,0,0,0,23600,50,2.5,0,0,6,3601.43726,27.4832287,0,14.1277647,22.7436161,64.3331604,15.6916943,21.3259792,357.791321,0,1,0,4,4,0
471,1414,2,8327376,0,0,155,0,0,255,0,0,0,0,23600,50,2.5,0,0,6,3085.61865,263.342346,0,15.510582,21.226984,74.7607727,16.9882793,19.027401,355.517822,0,1,0,5,5,0
471,1415,3,8327452,0,0,129,0,255,0,0,0,0,0,23600,50,2.5,0,0,6,3932.53564,121.068916,0,14.3288012,22.5673199,66.0127258,16.1619492,20.7771702,356.687042,0,1,0,5,5,0
472,1416,1,8327300,0,0,77,0,255,0,0,0,0,0,23650,50,2.5,0,0,6,3616.8252,23.8704567,0,14.0058622,22.8447647,63.9950256,15.5821266,21.4522972,357.781403,0,1,0,4,4,0
472,1417,2,8327376,0,0,149,0,0,255,0,0,0,0,23650,50,2.5,0,0,6,2983.60425,281.908295,0,15.4371614,21.3296318,74.3738403,16.9743996,19.1639805,355.519836,0,1,0,5,5,0
472,1418,3,8327452,0,0,126,0,255,0,0,0,0,0,23650,50,2.5,0,0,6,3919.16211,114.009483,0,14.2041531,22.6780548,65.5697632,16.0682182,20.9316254,356.729492,0,1,0,5,5,0
473,1419,1,8327300,0,0,77,0,255,0,0,0,0,0,23700,50,2.5,0,0,6,3632.70312,20.92976,0,13.8816795,22.9435692,63.6813354,15.4697409,21.5771389,357.767456,0,1,0,4,4,0
473,1420,2,8327376,0,0,150,0,0,255,0,0,0,0,23700,50,2.5,0,0,6,2882.53125,298.010529,0,15.1019163,21.7601719,73.9879456,16.9598236,19.2956333,355.296417,0,1,0,6,6,0
473,1421,3,8327452,0,0,123,0,255,0,0,0,0,0,23700,50,2.5,0,0,6,3907.41113,106.938461,0,14.0701637,22.791935,65.117218,15.9704046,21.0829144,356.762939,0,1,0,5,5,0
474,1422,1,8327300,0,0,64,0,255,0,0,0,0,0,23750,50,2.5,0,0,6,3648.94409,18.5972004,0,14.0745678,22.7882748,63.3997803,15.3546515,21.7005482,358.146362,0,1,0,3,3,0
474,1423,2,8327376,0,0,140,0,255,0,0,0,0,0,23750,50,2.5,0,0,6,2781.13306,310.810242,0,15.0362873,21.8379307,73.6796875,16.9443932,19.4223061,355.431122,0,1,0,6,6,0
474,1424,3,8327452,0,0,120,0,255,0,0,0,0,0,23750,50,2.5,0,0,6,3897.24438,99.8788681,0,13.947463,22.8917484,64.7333069,15.8686066,21.23102,356.808838,0,1,0,5,5,0
475,1425,1,8327300,0,0,62,0,255,0,0,0,0,0,23800,50,2.5,0,0,6,3665.91699,16.7511711,0,13.951273,22.8887119,58.9042358,15.2369614,21.8225899,358.067017,0,1,0,3,3,0
475,1426,2,8327376,0,0,137,0,255,0,0,0,0,0,23800,50,2.5,0,0,6,2771.79321,320.693665,0,14.9550705,21.9315014,73.3080139,16.9247894,19.5478783,355.501221,0,1,0,6,6,0
475,1427,3,8327452,0,0,118,0,255,0,0,0,0,0,23800,50,2.5,0,0,6,3888.67456,92.8552933,0,13.8107815,22.9981213,64.3331604,15.7629261,21.3759308,356.835876,0,1,0,5,5,0
476,1428,1,8327300,0,0,66,0,255,0,0,0,0,0,23850,50,2.5,0,0,6,3682.9314,14.7934904,0,13.8227444,22.9890079,58.5224609,15.1167965,21.9433365,357.931824,0,1,0,3,3,0
476,1429,2,8327376,0,0,132,0,255,0,0,0,0,0,23850,50,2.5,0,0,6,2761.7854,308.567627,0,14.8812017,22.0141659,72.9774475,16.9004974,19.6719112,355.609833,0,1,0,6,6,0
476,1430,3,8327452,0,0,116,0,255,0,0,0,0,0,23850,50,2.5,0,0,6,3881.65698,85.9493332,0,13.6762238,23.0980892,63.974823,15.6534758,21.5176525,356.869507,0,1,0,5,5,0
477,1431,1,8327300,0,0,71,0,255,0,0,0,0,0,23900,50,2.5,0,0,6,3700.1936,12.9529867,0,13.6983604,23.0819569,58.1836548,14.9942579,22.0628452,357.802979,0,1,0,3,3,0
477,1432,2,8327376,0,0,127,0,255,0,0,0,0,0,23900,50,2.5,0,0,6,2748.10303,293.541718,0,14.8122253,22.0893459,72.6772766,16.8710728,19.7939835,355.741516,0,1,0,6,6,0
477,1433,3,8327452,0,0,114,0,255,0,0,0,0,0,23900,50,2.5,0,0,6,3876.19727,79.3303604,0,13.5418873,23.1933689,63.6481018,15.54037,21.6561947,356.904968,0,1,0,5,5,0
478,1434,1,8327300,0,0,75,0,255,0,0,0,0,0,23950,50,2.5,0,0,6,3717.7334,11.6041708,0,13.5570784,23.1828136,57.8265076,14.869422,22.1811523,357.651611,0,1,0,3,3,0
478,1435,2,8327376,0,0,121,0,255,0,0,0,0,0,23950,50,2.5,0,0,6,2732.34912,271.88031,0,14.7361078,22.1701488,72.3562927,16.8362007,19.913763,355.896667,0,1,0,6,6,0
478,1436,3,8327452,0,0,102,0,255,0,0,0,0,0,23950,50,2.5,0,0,6,3872.22827,73.0874557,0,13.7348518,23.0551014,63.35672,15.4237251,21.7915745,357.226471,0,1,0,4,4,0
479,1437,1,8327300,0,0,80,0,255,0,0,0,0,0,24000,50,2.5,0,0,6,3735.07861,10.7730227,0,13.428875,23.2701416,57.5368042,14.7423515,22.298254,357.513275,0,1,0,3,3,0
479,1438,2,8327376,0,0,115,0,255,0,0,0,0,0,24000,50,2.5,0,0,6,2716.99292,244.828323,0,14.6507597,22.2581577,72.0119629,16.7957134,20.0310249,356.07132,0,1,0,6,6,0
479,1439,3,8327452,0,0,95,0,255,0,0,0,0,0,24000,50,2.5,0,0,6,3870.2749,67.2443924,0,13.5996723,23.1529274,58.8180847,15.3036327,21.9238129,357.200562,0,1,0,4,4,0
480,1440,1,8327300,0,0,68,0,255,0,0,0,0,0,24050,50,2.5,0,0,6,3752.06689,10.3081236,0,13.6210804,23.1377354,57.2585754,14.6130905,22.4141216,357.88623,0,1,0,2,2,0
480,1441,2,8327376,0,0,103,0,255,0,0,0,0,0,24050,50,2.5,0,0,6,2704.40723,214.511414,0,14.5735016,22.3355522,68.1520081,16.7495804,20.1456604,356.271118,0,1,0,6,6,0
480,1442,3,8327452,0,0,97,0,255,0,0,0,0,0,24050,50,2.5,0,0,6,3869.61792,60.9787102,0,13.4619036,23.2480202,58.433197,15.1802158,22.0529652,357.120148,0,1,0,4,4,0
481,1443,1,8327300,0,0,76,0,255,0,0,0,0,0,24100,50,2.5,0,0,6,3769.07935,10.1494818,0,13.4755764,23.2387848,57.0075226,14.4816818,22.5287457,357.638763,0,1,0,2,2,0
481,1444,2,8327376,0,0,98,0,255,0,0,0,0,0,24100,50,2.5,0,0,6,2696.69727,183.3125,0,14.4944258,22.4126186,67.8230591,16.697958,20.2577286,356.431396,0,1,0,6,6,0
481,1445,3,8327452,0,0,98,0,255,0,0,0,0,0,24100,50,2.5,0,0,6,3870.66455,54.4652596,0,13.3306999,23.334404,58.0889587,15.0536051,22.1791248,357.07135,0,1,0,4,4,0
482,1446,1,8327300,0,0,83,0,255,0,0,0,0,0,24150,50,2.5,0,0,6,3785.4751,9.72821999,0,13.3424892,23.3268051,56.8265228,14.3481798,22.6421108,357.400513,0,1,0,2,2,0
482,1447,2,8327376,0,0,92,0,255,0,0,0,0,0,24150,50,2.5,0,0,6,2695.09033,152.665955,0,14.4147644,22.4881344,67.5022278,16.6411381,20.3674278,356.611755,0,1,0,6,6,0
482,1448,3,8327452,0,0,99,0,255,0,0,0,0,0,24150,50,2.5,0,0,6,3873.14624,48.7563171,0,13.1890163,23.4232635,57.7533569,14.9239349,22.3023643,357.028809,0,1,0,4,4,0
483,1449,1,8327300,0,0,93,0,255,0,0,0,0,0,24200,50,2.5,0,0,6,3801.45142,9.46977043,0,13.1899166,23.4227142,56.6748199,14.2126141,22.7541676,357.118286,0,1,0,2,2,0
483,1450,2,8327376,0,0,87,0,255,0,0,0,0,0,24200,50,2.5,0,0,6,2700.48291,125.203545,0,14.3402576,22.5569,67.204895,16.5793877,20.4749393,356.797333,0,1,0,6,6,0
483,1451,3,8327452,0,0,100,0,255,0,0,0,0,0,24200,50,2.5,0,0,6,3876.77515,44.0240631,0,13.0358286,23.5143299,57.4310303,14.7913313,22.4227409,356.981506,0,1,0,4,4,0
484,1452,1,8327300,0,0,101,0,255,0,0,0,0,0,24250,50,2.5,0,0,6,3816.78223,9.58473682,0,13.050251,23.5059738,56.6024017,14.0749969,22.8648319,356.865906,0,1,0,2,2,0
484,1453,2,8327376,0,0,82,0,255,0,0,0,0,0,24250,50,2.5,0,0,6,2711.7168,102.097931,0,14.2495012,22.6383152,66.8570557,16.5129604,20.5804424,356.985199,0,1,0,6,6,0
484,1454,3,8327452,0,0,101,0,255,0,0,0,0,0,24250,50,2.5,0,0,6,3881.38867,40.0929222,0,12.8892727,23.5967255,57.1629639,14.6559067,22.5403061,356.941467,0,1,0,4,4,0
485,1455,1,8327300,0,0,111,0,255,0,0,0,0,0,24300,50,2.5,0,0,6,3831.41528,10.0986338,0,12.8928814,23.5947533,56.5938263,13.9353256,22.9739876,356.571198,0,1,0,2,2,0
485,1456,2,8327376,0,0,76,0,255,0,0,0,0,0,24300,50,2.5,0,0,6,2727.93359,82.7566452,0,14.1719208,22.705925,66.5645142,16.4421024,20.6841106,357.17804,0,1,0,6,6,0
485,1457,3,8327452,0,0,102,0,255,0,0,0,0,0,24300,50,2.5,0,0,6,3886.73755,36.8383636,0,12.7504425,23.6706352,56.9512634,14.5177698,22.655098,356.909546,0,1,0,4,4,0
486,1458,1,8327300,0,0,120,0,255,0,0,0,0,0,24350,50,2.5,0,0,6,3845.15283,10.9544592,0,12.7489862,23.6713867,56.6656036,13.7935905,23.0814953,356.311279,0,1,0,2,2,0
486,1459,2,8327376,0,0,72,0,255,0,0,0,0,0,24350,50,2.5,0,0,6,2748.36084,66.7095337,0,14.0869923,22.777916,66.2541809,16.367054,20.7861176,357.353241,0,1,0,6,6,0
486,1460,3,8327452,0,0,104,0,255,0,0,0,0,0,24350,50,2.5,0,0,6,3892.65332,34.1623993,0,12.5991335,23.7466984,56.77034,14.3770227,22.7671471,356.854279,0,1,0,4,4,0
487,1461,1,8327300,0,0,130,0,255,0,0,0,0,0,24400,50,2.5,0,0,6,3857.93262,12.1850605,0,12.5924797,23.7499371,56.8301392,13.6497765,23.187191,356.027771,0,1,0,2,2,0
487,1462,2,8327376,0,0,67,0,255,0,0,0,0,0,24400,50,2.5,0,0,6,2772.20264,53.4418831,0,13.9985657,22.8506851,65.9395752,16.2880497,20.8866386,357.524231,0,1,0,6,6,0
487,1463,3,8327452,0,0,93,0,255,0,0,0,0,0,24400,50,2.5,0,0,6,3898.9563,31.9733143,0,12.7910595,23.6494217,56.6420746,14.2337608,22.8764725,357.17511,0,1,0,3,3,0
488,1464,1,8327300,0,0,124,0,255,0,0,0,0,0,24450,50,2.5,0,0,6,3869.59766,13.7906036,0,12.4358673,23.8236523,50.5275879,13.5038691,23.2908936,355.756714,0,1,0,2,2,0
488,1465,2,8327376,0,0,64,0,255,0,0,0,0,0,24450,50,2.5,0,0,6,2798.89355,42.6396866,0,13.9077282,22.9231873,65.6286621,16.2053165,20.9858456,357.675232,0,1,0,6,6,0
488,1466,3,8327452,0,0,97,0,255,0,0,0,0,0,24450,50,2.5,0,0,6,3905.99316,30.2526016,0,12.6377192,23.7277374,56.5900574,14.0880604,22.9830875,357.059631,0,1,0,3,3,0
489,1467,1,8327300,0,0,137,0,255,0,0,0,0,0,24500,50,2.5,0,0,6,3880.7002,15.8167801,0,12.2665539,23.8979683,50.4270172,13.3558531,23.3924389,355.324432,0,1,0,2,2,0
489,1468,2,8327376,0,0,60,0,255,0,0,0,0,0,24500,50,2.5,0,0,6,2827.76807,33.9232826,0,13.8163099,22.9939156,65.3267517,16.1190701,21.0839005,357.820801,0,1,0,6,6,0
489,1469,3,8327452,0,0,101,0,255,0,0,0,0,0,24500,50,2.5,0,0,6,3913.00781,28.2269974,0,12.4923992,23.7975998,56.605896,13.9400215,23.0870323,356.952759,0,1,0,3,3,0
490,1470,1,8327300,0,0,149,0,255,0,0,0,0,0,24550,50,2.5,0,0,6,3890.35059,17.5932674,0,12.1042051,23.9636211,50.4066467,13.2057457,23.491663,354.930084,0,1,0,2,2,0
490,1471,2,8327376,0,0,57,0,255,0,0,0,0,0,24550,50,2.5,0,0,6,2858.36621,26.995676,0,13.7134399,23.0709,64.9993896,16.0295124,21.1809597,357.933136,0,1,0,6,6,0
490,1472,3,8327452,0,0,106,0,255,0,0,0,0,0,24550,50,2.5,0,0,6,3920.28247,26.4449406,0,12.3245392,23.8731384,56.723938,13.7897301,23.188324,356.823914,0,1,0,3,3,0
491,1473,1,8327300,0,0,162,0,255,0,0,0,0,0,24600,50,2.5,0,0,6,3898.75806,19.7274437,0,11.9336176,24.0259037,50.4766083,13.0535622,23.5883751,354.499115,0,1,0,2,2,0
491,1474,2,8327376,0,0,47,0,255,0,0,0,0,0,24600,50,2.5,0,0,6,2890.19214,21.5224018,0,13.947463,22.8917484,64.7333069,15.9368315,21.2771645,358.324158,0,1,0,5,5,0
491,1475,3,8327452,0,0,98,0,255,0,0,0,0,0,24600,50,2.5,0,0,6,3927.59692,25.250761,0,12.1652489,23.9396954,50.6133575,13.6372633,23.2869568,356.699249,0,1,0,3,3,0
492,1476,1,8327300,0,0,176,0,255,0,0,0,0,0,24650,50,2.5,0,0,6,3905.6687,22.5640297,0,11.7525644,24.0854931,50.6542053,12.8993273,23.6823654,354.075317,0,1,0,2,2,0
492,1477,2,8327376,0,0,44,0,255,0,0,0,0,0,24650,50,2.5,0,0,6,2923.00659,17.2258549,0,13.8518524,22.9666805,64.4472351,15.8412085,21.3726597,358.413025,0,1,0,5,5,0
492,1478,3,8327452,0,0,107,0,255,0,0,0,0,0,24650,50,2.5,0,0,6,3935.28052,24.5939274,0,12.0065517,24.0000591,50.4829407,13.4826813,23.3829174,356.409912,0,1,0,3,3,0
493,1479,1,8327300,0,0,187,0,255,0,0,0,0,0,24700,50,2.5,0,0,6,3910.84766,26.197464,0,11.5741463,24.1385193,50.9316254,12.7430801,23.7734089,353.733398,0,1,0,2,2,0
493,1480,2,8327376,0,0,43,0,255,0,0,0,0,0,24700,50,2.5,0,0,6,2956.3291,13.6708946,0,13.7457352,23.0470238,64.1544189,15.7428188,21.4675865,358.467194,0,1,0,5,5,0
493,1481,3,8327452,0,0,116,0,255,0,0,0,0,0,24700,50,2.5,0,0,6,3942.50171,23.7464867,0,11.8297491,24.0608482,50.4082184,13.3260641,23.4761982,356.084656,0,1,0,3,3,0
494,1482,1,8327300,0,0,197,0,255,0,0,0,0,0,24750,50,2.5,0,0,6,3914.27539,30.802454,0,11.370575,24.1929817,51.3887787,12.5848722,23.8612766,353.451599,0,1,0,2,2,0
494,1483,2,8327376,0,0,42,0,255,0,0,0,0,0,24750,50,2.5,0,0,6,2990.00073,10.8202333,0,13.6438475,23.12146,63.8904724,15.6418171,21.5620651,358.50885,0,1,0,5,5,0
494,1484,3,8327452,0,0,127,0,255,0,0,0,0,0,24750,50,2.5,0,0,6,3949.47534,23.2946987,0,11.6373663,24.1203327,50.4237518,13.1674776,23.5667553,355.740051,0,1,0,3,3,0
495,1485,1,8327300,0,0,204,0,255,0,0,0,0,0,24800,50,2.5,0,0,6,3915.80469,36.3325081,0,11.1693316,24.2412224,51.9930878,12.4247742,23.9457436,353.298096,0,1,0,2,2,0
495,1486,2,8327376,0,0,42,0,255,0,0,0,0,0,24800,50,2.5,0,0,6,3023.79932,8.67457962,0,13.5418873,23.1933689,63.6481018,15.5383406,21.6561966,358.531677,0,1,0,5,5,0
495,1487,3,8327452,0,0,116,0,255,0,0,0,0,0,24800,50,2.5,0,0,6,3955.88062,23.5779018,0,11.859539,24.0510426,50.5373688,13.0069828,23.6545086,356.127319,0,1,0,2,2,0
496,1488,1,8327300,0,0,216,0,255,0,0,0,0,0,24850,50,2.5,0,0,6,3915.50171,42.7666092,0,10.4940519,24.3694172,52.4306335,12.2628727,24.0265961,352.970642,0,1,0,3,3,0
496,1489,2,8327376,0,0,31,0,255,0,0,0,0,0,24850,50,2.5,0,0,6,3057.5105,7.07863092,0,13.7711182,23.0280704,63.4319763,15.4325085,21.7500629,358.906158,0,1,0,4,4,0
496,1490,3,8327452,0,0,129,0,255,0,0,0,0,0,24850,50,2.5,0,0,6,3962.4751,24.6201286,0,11.6849308,24.1062222,50.7462158,12.844614,23.7393723,355.724915,0,1,0,2,2,0
497,1491,1,8327300,0,0,205,0,255,0,0,0,0,0,24900,50,2.5,0,0,6,3912.89185,49.9654732,0,10.2800417,24.4008427,52.4576569,12.0992899,24.1036453,353.342438,0,1,0,3,3,0
497,1492,2,8327376,0,0,30,0,255,0,0,0,0,0,24900,50,2.5,0,0,6,3091.36938,5.90554619,0,13.6576633,23.111517,58.9914246,15.3244343,21.8437634,358.889435,0,1,0,4,4,0
497,1493,3,8327452,0,0,141,0,255,0,0,0,0,0,24900,50,2.5,0,0,6,3967.93555,25.2247009,0,11.4834051,24.1635437,51.1183777,12.6804447,23.8212757,355.359436,0,1,0,2,2,0
498,1494,1,8327300,0,0,194,0,255,0,0,0,0,0,24950,50,2.5,0,0,6,3909.66699,58.3847618,0,10.053648,24.4299088,52.6287842,11.934103,24.1766911,353.69101,0,1,0,3,3,0
498,1495,2,8327376,0,0,31,0,255,0,0,0,0,0,24950,50,2.5,0,0,6,3124.8584,4.86520052,0,13.5547857,23.184412,58.6883545,15.2142334,21.9373817,358.842407,0,1,0,4,4,0
498,1496,3,8327452,0,0,151,0,255,0,0,0,0,0,24950,50,2.5,0,0,6,3972.65063,26.2229939,0,11.2845621,24.2142429,51.6287842,12.5145426,23.9001122,355.075867,0,1,0,2,2,0
499,1497,1,8327300,0,0,184,0,255,0,0,0,0,0,25000,50,2.5,0,0,6,3905.38428,66.2036514,0,9.85204983,24.4524078,52.8784943,11.7674007,24.2455654,354.037781,0,1,0,3,3,0
499,1498,2,8327376,0,0,34,0,255,0,0,0,0,0,25000,50,2.5,0,0,6,3157.97656,4.01027966,0,13.4431353,23.260622,58.3814392,15.1020031,22.030983,358.76181,0,1,0,4,4,0
499,1499,3,8327452,0,0,159,0,255,0,0,0,0,0,25000,50,2.5,0,0,6,3976.43799,28.1262035,0,11.0844364,24.2600555,52.267395,12.3469744,23.9757442,354.881714,0,1,0,2,2,0
500,1500,1,8327300,0,0,179,0,255,0,0,0,0,0,25050,50,2.5,0,0,6,3900.28174,72.4922791,0,9.11130333,24.5103817,53.2182159,11.5992813,24.310133,354.232758,0,1,0,4,4,0
500,1501,2,8327376,0,0,0,0,255,0,0,0,0,0,25050,50,2.5,0,0,6,3191.11475,3.40602303,0,13.6604595,23.109499,58.0841064,14.9878025,22.1246147,359.11377,0,1,0,3,3,0
500,1502,3,8327452,0,0,176,0,255,0,0,0,0,0,25050,50,2.5,0,0,6,3979.17871,30.7798462,0,10.3800154,24.3866577,52.4259644,12.1778107,24.0480251,354.376404,0,1,0,3,3,0
501,1503,1,8327300,0,0,165,0,255,0,0,0,0,0,25100,50,2.5,0,0,6,3894.34351,77.2088699,0,8.90053272,24.5203476,53.6067505,11.4298553,24.3702946,354.735382,0,1,0,4,4,0
501,1504,2,8327376,0,0,0,0,255,0,0,0,0,0,25100,50,2.5,0,0,6,3223.91382,3.01798677,0,13.5379562,23.1960907,57.7794189,14.8717709,22.2184029,359.763397,0,1,0,3,3,0
501,1505,3,8327452,0,0,168,0,255,0,0,0,0,0,25100,50,2.5,0,0,6,3980.1814,34.0276222,0,10.1695719,24.4155445,52.5219727,12.0071526,24.1167984,354.62384,0,1,0,3,3,0
502,1506,1,8327300,0,0,152,0,255,0,0,0,0,0,25150,50,2.5,0,0,6,3888.59644,80.8300934,0,8.67866898,24.5279217,54.0653534,11.2592125,24.4259415,355.179016,0,1,0,4,4,0
502,1507,2,8327376,0,0,0,0,255,0,0,0,0,0,25150,50,2.5,0,0,6,3255.95386,4.29362822,0,13.4186926,23.2769108,57.5149231,14.7537546,22.3120537,360,0.296783447,1,0,3,3,0
502,1508,3,8327452,0,0,162,0,255,0,0,0,0,0,25150,50,2.5,0,0,6,3980.90063,38.4803658,0,9.94868374,24.4420071,52.7509613,11.8350582,24.1818867,354.845184,0,1,0,3,3,0
503,1509,1,8327300,0,0,160,0,255,0,0,0,0,0,25200,50,2.5,0,0,6,3882.87598,82.6470795,0,8.47039604,24.5323849,62.2447357,11.0874424,24.4769897,355.580017,0,1,0,4,4,0
503,1510,2,8327376,0,0,0,0,255,0,0,0,0,0,25200,50,2.5,0,0,6,3286.8291,5.83413172,0,13.304945,23.350893,57.2895508,14.6336603,22.4053421,360,0.73638916,1,0,3,3,0
503,1511,3,8327452,0,0,156,0,255,0,0,0,0,0,25200,50,2.5,0,0,6,3980.75342,42.6556168,0,9.72243309,24.4652805,53.0792389,11.6616049,24.2431526,355.075378,0,1,0,3,3,0
504,1512,1,8327300,0,0,146,0,255,0,0,0,0,0,25250,50,2.5,0,0,6,3876.20874,82.363266,0,7.71461868,24.5279045,62.5269012,10.9146757,24.5234528,355.974243,0,1,0,5,5,0
504,1513,2,8327376,0,48,0,0,255,0,0,0,0,0,25250,50,2.5,0,0,6,3316.70068,7.05903912,0,13.509079,23.2159672,57.0610657,14.5114355,22.4981041,360,1.71141052,1,0,2,2,0
504,1514,3,8327452,0,0,149,0,255,0,0,0,0,0,25250,50,2.5,0,0,6,3980.01074,45.958046,0,9.51938629,24.4830475,53.4445343,11.4868727,24.3004837,355.331726,0,1,0,3,3,0
505,1515,1,8327300,0,0,127,0,255,0,0,0,0,0,25300,50,2.5,0,0,6,3870.98389,82.211441,0,7.52710533,24.5218945,62.8004608,10.7409983,24.5652599,356.516174,0,1,0,5,5,0
505,1516,2,8327376,0,0,0,0,255,0,0,0,0,0,25300,50,2.5,0,0,6,3345.84912,7.92581797,0,13.3932877,23.2936935,56.8893738,14.3871231,22.5903034,360,0.932785034,1,0,2,2,0
505,1517,3,8327452,0,0,142,0,255,0,0,0,0,0,25300,50,2.5,0,0,6,3978.93091,48.42873,0,9.30719662,24.4986153,53.8740845,11.3109446,24.3537922,355.587128,0,1,0,3,3,0
506,1518,1,8327300,0,0,112,0,255,0,0,0,0,0,25350,50,2.5,0,0,6,3866.62109,81.0639648,0,7.32980728,24.5134945,63.095459,10.5664825,24.602354,356.929382,0,1,0,5,5,0
506,1519,2,8327376,0,33,0,0,255,0,0,0,0,0,25350,50,2.5,0,0,6,3373.98462,5.29023027,0,13.2668056,23.3750362,56.7443695,14.2609806,22.6822948,360,1.17175293,1,0,2,2,0
506,1520,3,8327452,0,0,141,0,255,0,0,0,0,0,25350,50,2.5,0,0,6,3977.6853,49.9955711,0,8.54179287,24.5311394,54.3666382,11.1339045,24.4030132,355.638824,0,1,0,4,4,0
507,1521,1,8327300,0,0,101,0,255,0,0,0,0,0,25400,50,2.5,0,0,6,3863.04565,77.4455109,0,7.11878586,24.5021515,63.4116821,10.3911972,24.634737,357.251495,0,1,0,5,5,0
507,1522,2,8327376,0,35,0,0,255,0,0,0,0,0,25400,50,2.5,0,0,6,3402.72949,4.72436237,0,13.4661636,23.2451477,56.6372223,14.1330175,22.7740173,360,1.22892761,1,0,1,1,0
507,1523,3,8327452,0,0,148,0,255,0,0,0,0,0,25400,50,2.5,0,0,6,3976.12964,50.6558571,0,8.33120728,24.5339737,62.4363556,10.9558477,24.4481125,356.029175,0,1,0,4,4,0
508,1524,1,8327300,0,0,91,0,255,0,0,0,0,0,25450,50,2.5,0,0,6,3860.62354,71.7954941,0,6.94156837,24.4907322,63.6777649,10.2152071,24.6624699,357.532562,0,1,0,5,5,0
508,1525,2,8327376,0,0,0,0,255,0,0,0,0,0,25450,50,2.5,0,0,6,3430.64429,3.3872714,0,13.3354092,23.3313732,56.5898743,14.003499,22.8658257,360,0.523712158,1,0,1,1,0
508,1526,3,8327452,0,0,129,0,255,0,0,0,0,0,25450,50,2.5,0,0,6,3974.08154,50.9280281,0,8.12191296,24.5342903,62.7423859,10.7768841,24.4890728,356.544556,0,1,0,4,4,0
509,1527,1,8327300,0,0,82,0,255,0,0,0,0,0,25500,50,2.5,0,0,6,3859.74927,65.0404434,0,6.74945879,24.4763947,63.9592438,10.0385675,24.6856518,357.764496,0,1,0,5,5,0
509,1528,2,8327376,0,0,0,0,255,0,0,0,0,0,25500,50,2.5,0,0,6,3458.45093,2.02130795,0,13.202322,23.4151115,56.6014252,13.8725796,22.9579048,360,0.434020996,1,0,1,1,0
509,1529,3,8327452,0,0,114,0,255,0,0,0,0,0,25500,50,2.5,0,0,6,3973.20801,51.6893997,0,7.93159437,24.5324478,63.0250397,10.5970774,24.5258236,356.944519,0,1,0,4,4,0
510,1530,1,8327300,0,0,76,0,255,0,0,0,0,0,25550,50,2.5,0,0,6,3860.56714,57.7841454,0,6.55057526,24.4593754,64.2496796,9.86132431,24.7044239,357.954712,0,1,0,5,5,0
510,1531,2,8327376,0,0,0,0,255,0,0,0,0,0,25550,50,2.5,0,0,6,3485.92163,2.05665612,0,13.0743999,23.4918804,56.680542,13.7401943,23.0500965,360,0.150283813,1,0,1,1,0
510,1532,3,8327452,0,0,103,0,255,0,0,0,0,0,25550,50,2.5,0,0,6,3972.6272,51.1638985,0,7.73065233,24.5283298,63.3262177,10.4164953,24.5583534,357.248688,0,1,0,4,4,0
511,1533,1,8327300,0,0,75,0,255,0,0,0,0,0,25600,50,2.5,0,0,6,3863.06055,50.419136,0,6.37815189,24.4428005,69.6289215,9.68351841,24.7189617,358.137634,0,1,0,5,5,0
511,1534,2,8327376,0,0,0,0,255,0,0,0,0,0,25600,50,2.5,0,0,6,3512.62036,2.46922326,0,12.9271984,23.5758419,56.8586578,13.606308,23.1422806,359.55957,0,1,0,1,1,0
511,1535,3,8327452,0,0,94,0,255,0,0,0,0,0,25600,50,2.5,0,0,6,3972.62549,48.8427734,0,7.52951002,24.5219841,63.6292267,10.2352018,24.5867062,357.502319,0,1,0,4,4,0
512,1536,1,8327300,0,0,67,0,255,0,0,0,0,0,25650,50,2.5,0,0,6,3867.10596,43.407238,0,6.18365049,24.4220448,69.7108459,9.50518703,24.7294674,358.341858,0,1,0,5,5,0
512,1537,2,8327376,0,0,31,0,255,0,0,0,0,0,25650,50,2.5,0,0,6,3538.58423,2.79130077,0,12.7953663,23.6471519,50.5322876,13.4709063,23.2343712,358.823425,0,1,0,1,1,0
512,1538,3,8327452,0,0,87,0,255,0,0,0,0,0,25650,50,2.5,0,0,6,3973.48926,45.4214172,0,7.32027197,24.5130348,63.9379578,10.053256,24.6109638,357.717926,0,1,0,4,4,0
513,1539,1,8327300,0,0,60,0,255,0,0,0,0,0,25700,50,2.5,0,0,6,3872.9541,37.2698288,0,6.01879978,24.4027061,69.7697906,9.3263588,24.7361317,358.513245,0,1,0,5,5,0
513,1540,2,8327376,0,0,61,0,255,0,0,0,0,0,25700,50,2.5,0,0,6,3563.74854,3.01736498,0,12.6489334,23.7221718,50.4362946,13.3339472,23.3262329,357.720886,0,1,0,1,1,0
513,1541,3,8327452,0,0,79,0,255,0,0,0,0,0,25700,50,2.5,0,0,6,3975.3374,41.419487,0,7.12142277,24.502306,64.2240906,9.87071133,24.6312389,357.916046,0,1,0,4,4,0
514,1542,1,8327300,0,0,55,0,255,0,0,0,0,0,25750,50,2.5,0,0,6,3880.18579,31.7277126,0,5.8266592,24.3780937,69.8327026,9.14705467,24.7391701,358.636292,0,1,0,5,5,0
514,1543,2,8327376,0,0,89,0,255,0,0,0,0,0,25750,50,2.5,0,0,6,3588.12305,2.94451022,0,12.5026703,23.792799,50.403717,13.1954327,23.4177971,356.702698,0,1,0,1,1,0
514,1544,3,8327452,0,0,79,0,255,0,0,0,0,0,25750,50,2.5,0,0,6,3978.33032,37.2179871,0,6.92804813,24.4897938,69.6298523,9.68761349,24.6476631,358.081177,0,1,0,4,4,0
515,1545,1,8327300,0,0,51,0,255,0,0,0,0,0,25800,50,2.5,0,0,6,3888.66577,26.6197624,0,5.66318512,24.3553505,69.8726807,8.96729088,24.7388134,358.747803,0,1,0,5,5,0
515,1546,2,8327376,0,0,116,0,255,0,0,0,0,0,25800,50,2.5,0,0,6,3611.63867,3.27433133,0,12.3521223,23.8610992,50.4442596,13.0552969,23.5088654,355.732483,0,1,0,1,1,0
515,1547,3,8327452,0,0,71,0,255,0,0,0,0,0,25800,50,2.5,0,0,6,3982.14648,32.954483,0,6.73749828,24.4754333,69.7072296,9.50400925,24.6603966,358.28479,0,1,0,4,4,0
516,1548,1,8327300,0,0,0,0,255,0,0,0,0,0,25850,50,2.5,0,0,6,3898.26147,22.1120548,0,6.02733803,24.4037495,69.9062958,8.78707886,24.7352924,359.004272,0,1,0,4,4,0
516,1549,2,8327376,0,0,142,0,255,0,0,0,0,0,25850,50,2.5,0,0,6,3633.99048,4.24362612,0,12.1995974,23.9258232,50.5790863,12.9134359,23.5991459,354.823425,0,1,0,1,1,0
516,1550,3,8327452,0,0,64,0,255,0,0,0,0,0,25850,50,2.5,0,0,6,3987.20679,29.1442757,0,6.54975224,24.4592991,69.7763367,9.31993389,24.6695881,358.446777,0,1,0,4,4,0
517,1551,1,8327300,0,0,0,0,255,0,0,0,0,0,25900,50,2.5,0,0,6,3909.78271,18.2700329,0,5.83815193,24.379631,69.9252472,8.60640144,24.7289162,360,0.127182007,1,0,4,4,0
517,1552,2,8327376,0,0,170,0,255,0,0,0,0,0,25900,50,2.5,0,0,6,3654.8811,5.98906517,0,12.0335064,23.9902153,50.8274384,12.7697325,23.6882801,353.888062,0,1,0,1,1,0
517,1553,3,8327452,0,0,59,0,255,0,0,0,0,0,25900,50,2.5,0,0,6,3993.17554,25.5805836,0,6.3754921,24.4425316,69.8305969,9.13541794,24.6754074,358.575928,0,1,0,4,4,0
518,1554,1,8327300,0,0,12,0,255,0,0,0,0,0,25950,50,2.5,0,0,6,3920.98706,21.4404907,0,5.67543507,24.3571148,69.9294128,8.42538738,24.7193871,360,1.18153381,1,0,4,4,0
518,1555,2,8327376,0,0,196,0,255,0,0,0,0,0,25950,50,2.5,0,0,6,3673.9104,8.72785759,0,11.8747368,24.0459728,51.1690521,12.6240749,23.7758598,353.034851,0,1,0,1,1,0
518,1556,3,8327452,0,0,55,0,255,0,0,0,0,0,25950,50,2.5,0,0,6,3999.98608,22.1210556,0,6.17782545,24.4213905,69.8784332,8.95048523,24.6780396,358.673889,0,1,0,4,4,0
519,1557,1,8327300,0,43,0,0,255,0,0,0,0,0,26000,50,2.5,0,0,6,3930.61279,24.8834686,0,5.49893522,24.33078,72.9730988,8.24416161,24.7065067,360,1.00756836,1,0,4,4,0
519,1558,2,8327376,0,0,243,0,255,0,0,0,0,0,26000,50,2.5,0,0,6,3690.72485,12.8194323,0,11.2612791,24.2198315,51.6985321,12.4763737,23.8614407,351.517029,0,1,0,2,2,0
519,1559,3,8327452,0,0,52,0,255,0,0,0,0,0,26000,50,2.5,0,0,6,4007.5752,18.9446735,0,6.00514603,24.4010315,69.9072266,8.76515579,24.6776733,358.763794,0,1,0,4,4,0
520,1560,1,8327300,0,0,0,0,255,0,0,0,0,0,26050,50,2.5,0,0,6,3938.63892,19.6832676,0,5.31648827,24.3013973,72.8112793,8.06273079,24.6907787,360,0.322387695,1,0,4,4,0
520,1561,2,8327376,0,0,242,0,255,0,0,0,0,0,26050,50,2.5,0,0,6,3704.12134,18.5644779,0,11.0779114,24.2614689,52.2871704,12.3265924,23.9445362,351.645569,0,1,0,2,2,0
520,1562,3,8327452,0,0,49,0,255,0,0,0,0,0,26050,50,2.5,0,0,6,4015.82373,16.1457081,0,5.81317472,24.3762817,69.927063,8.57944679,24.6744957,358.831177,0,1,0,4,4,0
521,1563,1,8327300,0,49,0,0,255,0,0,0,0,0,26100,50,2.5,0,0,6,3947.81055,12.1580467,0,5.14669037,24.2720013,72.6473846,7.88097954,24.6728497,360,1.1410675,1,0,4,4,0
521,1564,2,8327376,0,0,239,0,255,0,0,0,0,0,26100,50,2.5,0,0,6,3715.34155,27.5806332,0,10.8682575,24.3042812,52.4243164,12.1746979,24.0246696,351.794952,0,1,0,2,2,0
521,1565,3,8327452,0,0,46,0,255,0,0,0,0,0,26100,50,2.5,0,0,6,4024.625,13.7494173,0,5.64453793,24.3526497,69.927475,8.39337254,24.6686859,358.893494,0,1,0,4,4,0
522,1566,1,8327300,0,0,0,0,255,0,0,0,0,0,26150,50,2.5,0,0,6,3959.02661,11.8529272,0,5.51355982,24.3330402,72.4823456,7.6989913,24.6525517,360,0.697921753,1,0,3,3,0
522,1567,2,8327376,0,0,245,0,255,0,0,0,0,0,26150,50,2.5,0,0,6,3723.80225,37.8584824,0,10.1780815,24.4144459,52.5184631,12.0207214,24.1014462,351.636932,0,1,0,3,3,0
522,1568,3,8327452,0,0,0,0,255,0,0,0,0,0,26150,50,2.5,0,0,6,4033.85938,11.7210865,0,5.98983288,24.3991413,72.934906,8.20694542,24.6604137,359.1698,0,1,0,3,3,0
523,1569,1,8327300,0,61,0,0,255,0,0,0,0,0,26200,50,2.5,0,0,6,3968.79126,7.9705739,0,5.34297085,24.3058014,72.2893829,7.51667547,24.6304989,360,1.42863464,1,0,3,3,0
523,1570,2,8327376,0,0,227,0,255,0,0,0,0,0,26200,50,2.5,0,0,6,3729.25098,48.2201424,0,9.97256279,24.4393291,52.7203979,11.8647518,24.1745415,352.301788,0,1,0,3,3,0
523,1571,3,8327452,0,0,0,0,255,0,0,0,0,0,26200,50,2.5,0,0,6,4042.61035,10.0014477,0,5.82011604,24.3772163,72.7876129,8.0202198,24.6499691,360,0.085067749,1,0,3,3,0
524,1572,1,8327300,0,0,0,0,255,0,0,0,0,0,26250,50,2.5,0,0,6,3979.46948,7.63444901,0,5.15706444,24.2738571,72.0576782,7.33411646,24.6066265,360,0.657165527,1,0,3,3,0
524,1573,2,8327376,0,0,210,0,255,0,0,0,0,0,26250,50,2.5,0,0,6,3732.98706,59.1731186,0,9.77333546,24.4603729,52.9991455,11.7068758,24.2436562,352.898315,0,1,0,3,3,0
524,1574,3,8327452,0,0,0,0,255,0,0,0,0,0,26250,50,2.5,0,0,6,4050.99829,12.6558552,0,5.64198685,24.3522778,72.6164856,7.83329964,24.6370087,360,0.927566528,1,0,3,3,0
525,1575,1,8327300,0,51,0,0,255,0,0,0,0,0,26300,50,2.5,0,0,6,3989.33081,4.83592892,0,4.98749113,24.2425728,71.8253174,7.15121651,24.58144,360,1.18814087,1,0,3,3,0
525,1576,2,8327376,0,0,203,0,255,0,0,0,0,0,26300,50,2.5,0,0,6,3734.83179,68.642067,0,9.05295753,24.5134163,53.3192291,11.5472002,24.3085575,353.203613,0,1,0,4,4,0
525,1577,3,8327452,0,75,0,0,255,0,0,0,0,0,26300,50,2.5,0,0,6,4058.18701,15.5962753,0,5.45149708,24.3233547,72.4141388,7.64628506,24.6213017,360,1.70153809,1,0,3,3,0
526,1578,1,8327300,0,0,0,0,255,0,0,0,0,0,26350,50,2.5,0,0,6,4000.19482,4.51858377,0,5.3478651,24.3066101,71.5898895,6.96802187,24.5548706,360,0.895172119,1,0,2,2,0
526,1579,2,8327376,0,0,183,0,255,0,0,0,0,0,26350,50,2.5,0,0,6,3734.91382,75.7214737,0,8.8366909,24.5228291,53.7341919,11.3858566,24.3690834,353.898102,0,1,0,4,4,0
526,1580,3,8327452,0,0,0,0,255,0,0,0,0,0,26350,50,2.5,0,0,6,4064.37109,17.7162724,0,5.28608704,24.2962837,72.2216339,7.45927382,24.6028347,360,0.693344116,1,0,3,3,0
527,1581,1,8327300,0,58,0,0,255,0,0,0,0,0,26400,50,2.5,0,0,6,4010.40161,2.93674469,0,5.16389465,24.275074,71.3009949,6.78446007,24.5273228,360,1.3634491,1,0,2,2,0
527,1582,2,8327376,0,0,166,0,255,0,0,0,0,0,26400,50,2.5,0,0,6,3734.43872,81.2765732,0,8.64749908,24.5287514,54.1329498,11.2229605,24.4250755,354.499146,0,1,0,4,4,0
527,1583,3,8327452,0,69,0,0,255,0,0,0,0,0,26400,50,2.5,0,0,6,4069.06055,11.1960754,0,5.62417603,24.3496742,71.97966,7.27213717,24.5823364,360,1.58418274,1,0,2,2,0
528,1584,1,8327300,0,0,0,0,255,0,0,0,0,0,26450,50,2.5,0,0,6,4021.05225,2.81372285,0,4.98992968,24.2430363,72.4195251,6.60056162,24.4987907,360,0.63973999,1,0,2,2,0
528,1585,2,8327376,0,0,174,0,255,0,0,0,0,0,26450,50,2.5,0,0,6,3733.33594,84.2605133,0,8.43862247,24.5328445,62.2872162,11.058629,24.476429,355.012573,0,1,0,4,4,0
528,1586,3,8327452,0,0,0,0,255,0,0,0,0,0,26450,50,2.5,0,0,6,4076.35693,9.79283237,0,5.45981407,24.3246689,71.753952,7.08491898,24.5598125,360,0.734832764,1,0,2,2,0
529,1587,1,8327300,0,63,0,0,255,0,0,0,0,0,26500,50,2.5,0,0,6,4031.19067,1.78628576,0,5.33435488,24.3043728,71.9989929,6.41626692,24.4696102,360,1.456604,1,0,1,1,0
529,1588,2,8327376,0,0,157,0,255,0,0,0,0,0,26500,50,2.5,0,0,6,3731.2356,84.5184631,0,7.69094563,24.5272522,62.5596161,10.8930035,24.5231304,355.514526,0,1,0,5,5,0
529,1589,3,8327452,0,54,0,0,255,0,0,0,0,0,26500,50,2.5,0,0,6,4082.9502,6.07473135,0,5.28161049,24.2955246,71.4894867,6.89750242,24.5358372,360,1.23403931,1,0,2,2,0
530,1590,1,8327300,0,0,0,0,255,0,0,0,0,0,26550,50,2.5,0,0,6,4041.47632,1.66872859,0,5.17007351,24.2761707,72.0470581,6.23159504,24.4398174,360,0.779968262,1,0,1,1,0
530,1591,2,8327376,0,0,135,0,255,0,0,0,0,0,26550,50,2.5,0,0,6,3730.0708,84.8794556,0,7.51095819,24.521286,62.8238373,10.7261963,24.5651035,356.159119,0,1,0,5,5,0
530,1592,3,8327452,0,0,0,0,255,0,0,0,0,0,26550,50,2.5,0,0,6,4090.97119,5.38269854,0,5.09299374,24.2622833,71.1821899,6.70992422,24.510376,360,0.459503174,1,0,2,2,0
531,1593,1,8327300,0,0,0,0,255,0,0,0,0,0,26600,50,2.5,0,0,6,4052.92285,1.11267447,0,4.99312639,24.2436447,72.3805847,6.04642963,24.4096775,360,0.949188232,1,0,1,1,0
531,1594,2,8327376,0,0,118,0,255,0,0,0,0,0,26600,50,2.5,0,0,6,3729.33569,83.8051224,0,7.30704594,24.5123882,63.127121,10.5583096,24.6022987,356.644775,0,1,0,5,5,0
531,1595,3,8327452,0,54,0,0,255,0,0,0,0,0,26600,50,2.5,0,0,6,4098.42188,3.47424483,0,5.43716431,24.3210831,72.2446747,6.52210283,24.4838734,360,1.23612976,1,0,1,1,0
532,1596,1,8327300,0,0,0,0,255,0,0,0,0,0,26650,50,2.5,0,0,6,4064.31616,1.01146626,0,4.8157258,24.2087002,72.6564636,5.86082077,24.3789978,360,0.991470337,1,0,1,1,0
532,1597,2,8327376,0,0,105,0,255,0,0,0,0,0,26650,50,2.5,0,0,6,3729.19214,79.9079437,0,7.13147831,24.502903,63.3928375,10.3894339,24.6347351,357.038391,0,1,0,5,5,0
532,1598,3,8327452,0,0,0,0,255,0,0,0,0,0,26650,50,2.5,0,0,6,4106.521,3.21088171,0,5.26790047,24.2931919,71.8961182,6.33406448,24.4563255,360,0.559738159,1,0,1,1,0
533,1599,1,8327300,0,0,0,0,255,0,0,0,0,0,26700,50,2.5,0,0,6,4075.31079,1.25704622,0,4.64265823,24.1722355,72.8626709,5.67481089,24.3476467,360,0.918502808,1,0,1,1,0
533,1600,2,8327376,0,0,94,0,255,0,0,0,0,0,26700,50,2.5,0,0,6,3730.16504,73.8547058,0,6.94579268,24.4910259,63.6717834,10.2196484,24.6624928,357.360138,0,1,0,5,5,0
533,1601,3,8327452,0,0,0,0,255,0,0,0,0,0,26700,50,2.5,0,0,6,4114.17041,2.10304427,0,5.07538986,24.2590485,72.2332306,6.14574718,24.4280834,360,0.751113892,1,0,1,1,0
534,1602,1,8327300,0,0,0,0,255,0,0,0,0,0,26750,50,2.5,0,0,6,4086.6936,1.4744482,0,4.45510197,24.1299229,73.022049,5.48840046,24.3155212,360,0.677246094,1,0,1,1,0
534,1603,2,8327376,0,0,84,0,255,0,0,0,0,0,26750,50,2.5,0,0,6,3732.63818,66.6471863,0,6.76419544,24.4775677,63.9377136,10.0490208,24.6856918,357.630432,0,1,0,5,5,0
534,1604,3,8327452,0,0,0,0,255,0,0,0,0,0,26750,50,2.5,0,0,6,4123.62402,1.95713007,0,4.90980196,24.2275295,72.5167847,5.95712805,24.3989525,360,0.865600586,1,0,1,1,0
535,1605,1,8327300,0,0,0,0,255,0,0,0,0,0,26800,50,2.5,0,0,6,4097.89941,1.63592303,0,4.28403807,24.0886364,73.1015778,5.30160999,24.2825642,360,0.346923828,1,0,1,1,0
535,1606,2,8327376,0,0,77,0,255,0,0,0,0,0,26800,50,2.5,0,0,6,3736.80786,58.975235,0,6.56761885,24.4609203,64.2240906,9.87760735,24.7044945,357.849243,0,1,0,5,5,0
535,1607,3,8327452,0,0,0,0,255,0,0,0,0,0,26800,50,2.5,0,0,6,4132.66504,2.37651587,0,4.72038889,24.1889114,72.77742,5.76824856,24.3688107,360,0.826568604,1,0,1,1,0
536,1608,1,8327300,0,0,0,0,255,0,0,0,0,0,26850,50,2.5,0,0,6,4108.74609,1.74128556,0,4.12143421,24.0468426,73.120575,5.11446476,24.2487431,359.903137,0,1,0,1,1,0
536,1609,2,8327376,0,0,76,0,255,0,0,0,0,0,26850,50,2.5,0,0,6,3742.68433,51.2740364,0,6.39126205,24.4441223,69.6230469,9.70545483,24.7190933,358.050385,0,1,0,5,5,0
536,1610,3,8327452,0,0,0,0,255,0,0,0,0,0,26850,50,2.5,0,0,6,4141.33105,2.69283628,0,4.54231119,24.149971,72.957428,5.57914257,24.3375778,360,0.692550659,1,0,1,1,0
537,1611,1,8327300,0,0,0,0,255,0,0,0,0,0,26900,50,2.5,0,0,6,4119.25977,1.79389513,0,3.93908262,23.9968033,73.0667877,4.92698574,24.2140446,359.235443,0,1,0,1,1,0
537,1612,2,8327376,0,0,67,0,255,0,0,0,0,0,26900,50,2.5,0,0,6,3750.15479,44.0005684,0,6.22657251,24.4268169,69.692215,9.53260422,24.7297058,358.284332,0,1,0,5,5,0
537,1613,3,8327452,0,0,0,0,255,0,0,0,0,0,26900,50,2.5,0,0,6,4150.63721,2.8999064,0,4.37817478,24.1116867,73.0668182,5.38979483,24.3051968,360,0.475189209,1,0,1,1,0
538,1614,1,8327300,0,0,70,0,255,0,0,0,0,0,26950,50,2.5,0,0,6,4129.46338,1.8046236,0,3.7686553,23.946764,72.9442444,4.73919106,24.1784668,358.436157,0,1,0,1,1,0
538,1615,2,8327376,0,0,60,0,255,0,0,0,0,0,26950,50,2.5,0,0,6,3759.34912,37.7239227,0,6.03589487,24.4047871,69.7655182,9.35909081,24.7365341,358.457947,0,1,0,5,5,0
538,1616,3,8327452,0,0,0,0,255,0,0,0,0,0,26950,50,2.5,0,0,6,4159.62256,3.00439239,0,4.1904006,24.0648823,73.120697,5.20022917,24.2716465,360,0.0650939941,1,0,1,1,0
539,1617,1,8327300,0,0,91,0,255,0,0,0,0,0,27000,50,2.5,0,0,6,4139.04248,1.7832495,0,3.61371899,23.8982849,72.7660675,4.55114651,24.1418209,357.968842,0,1,0,1,1,0
539,1618,2,8327376,0,0,55,0,255,0,0,0,0,0,27000,50,2.5,0,0,6,3769.84131,32.056572,0,5.87827015,24.3849277,69.8153687,9.18494129,24.7398052,358.606079,0,1,0,5,5,0
539,1619,3,8327452,0,0,0,0,255,0,0,0,0,0,27000,50,2.5,0,0,6,4168.3291,3.02874732,0,4.01709747,24.0186367,73.0990906,5.01046467,24.236927,359.553406,0,1,0,1,1,0
540,1620,1,8327300,0,0,115,0,255,0,0,0,0,0,27050,50,2.5,0,0,6,4148.09326,2.33211327,0,3.43524075,23.8385811,72.472229,4.36294985,24.1038246,357.444977,0,1,0,1,1,0
540,1621,2,8327376,0,0,50,0,255,0,0,0,0,0,27050,50,2.5,0,0,6,3781.52271,26.894125,0,5.70323658,24.3610802,69.8643188,9.0101757,24.7397575,358.724426,0,1,0,5,5,0
540,1622,3,8327452,0,0,49,0,255,0,0,0,0,0,27050,50,2.5,0,0,6,4176.78857,2.98937178,0,3.85479259,23.9724655,73.0176697,4.82051611,24.2010517,358.920349,0,1,0,1,1,0
541,1623,1,8327300,0,0,132,0,255,0,0,0,0,0,27100,50,2.5,0,0,6,4156.22461,3.54921103,0,3.2821126,23.7837257,72.1373749,4.17472839,24.0641422,357.058838,0,1,0,1,1,0
541,1624,2,8327376,0,0,47,0,255,0,0,0,0,0,27100,50,2.5,0,0,6,3794.25586,22.403717,0,5.52379608,24.3346119,69.8997803,8.8348093,24.7366257,358.811584,0,1,0,5,5,0
541,1625,3,8327452,0,0,78,0,255,0,0,0,0,0,27100,50,2.5,0,0,6,4184.8208,2.90581441,0,3.68380833,23.9205856,72.8550873,4.63042688,24.1639175,358.289062,0,1,0,1,1,0
542,1626,1,8327300,0,0,152,0,255,0,0,0,0,0,27150,50,2.5,0,0,6,4163.30957,5.56402254,0,3.10998249,23.7175922,71.6557922,3.98663354,24.0224152,356.586243,0,1,0,1,1,0
542,1627,2,8327376,0,0,0,0,255,0,0,0,0,0,27150,50,2.5,0,0,6,3807.81396,18.576395,0,5.88622189,24.3859653,69.9208069,8.65885448,24.7306423,359.096924,0,1,0,4,4,0
542,1628,3,8327452,0,0,102,0,255,0,0,0,0,0,27150,50,2.5,0,0,6,4192.41357,3.04534888,0,3.5057025,23.8626709,72.5988159,4.44025898,24.1253815,357.74884,0,1,0,1,1,0
543,1629,1,8327300,0,0,170,0,255,0,0,0,0,0,27200,50,2.5,0,0,6,4169.00879,8.41857624,0,2.96060848,23.6558914,71.1348419,3.79884195,23.9782848,356.173615,0,1,0,1,1,0
543,1630,2,8327376,0,0,0,0,255,0,0,0,0,0,27200,50,2.5,0,0,6,3822.57739,15.4096804,0,5.72788715,24.3645535,69.9299927,8.48230457,24.7220993,360,0.128860474,1,0,4,4,0
543,1631,3,8327452,0,0,121,0,255,0,0,0,0,0,27200,50,2.5,0,0,6,4199.3374,3.87500262,0,3.34810972,23.8078022,72.2897491,4.25011587,24.0851879,357.330139,0,1,0,1,1,0
544,1632,1,8327300,0,0,190,0,255,0,0,0,0,0,27250,50,2.5,0,0,6,4173.10889,12.3319263,0,2.79419136,23.5817738,70.42099,3.61155462,23.931406,355.674988,0,1,0,1,1,0
544,1633,2,8327376,0,0,11,0,255,0,0,0,0,0,27250,50,2.5,0,0,6,3837.12646,17.8143902,0,5.5483942,24.3383656,73.0131378,8.30527782,24.7107124,360,1.08694458,1,0,4,4,0
544,1634,3,8327452,0,0,141,0,255,0,0,0,0,0,27250,50,2.5,0,0,6,4205.3667,5.47506237,0,3.18408775,23.7466793,71.8754272,4.06012917,24.0430241,356.889832,0,1,0,1,1,0
545,1635,1,8327300,0,0,211,0,255,0,0,0,0,0,27300,50,2.5,0,0,6,4175.25732,17.4555931,0,2.64315081,23.5088425,69.6282349,3.42499828,23.8814602,355.166565,0,1,0,1,1,0
545,1636,2,8327376,0,0,0,0,255,0,0,0,0,0,27300,50,2.5,0,0,6,3849.69873,20.6296921,0,5.39112949,24.3136902,72.8799133,8.12791061,24.6962948,360,0.925003052,1,0,4,4,0
545,1637,3,8327452,0,0,161,0,255,0,0,0,0,0,27300,50,2.5,0,0,6,4210.21045,7.86769676,0,3.01161575,23.6774426,71.3228912,3.87045836,23.9985638,356.424927,0,1,0,1,1,0
546,1638,1,8327300,0,0,255,0,255,0,0,0,0,0,27350,50,2.5,0,0,6,4175.12012,24.0980701,0,2.16498327,23.2329197,68.6776581,3.2394259,23.8281574,353.676758,0,1,0,2,2,0
546,1639,2,8327376,0,74,0,0,255,0,0,0,0,0,27350,50,2.5,0,0,6,3860.84863,16.4687977,0,5.22234201,24.2853489,72.7219086,7.95019722,24.6792812,360,1.77033997,1,0,4,4,0
546,1640,3,8327452,0,0,179,0,255,0,0,0,0,0,27350,50,2.5,0,0,6,4213.59961,11.2304296,0,2.86274672,23.6130447,70.7326508,3.68128991,23.9514732,356.000275,0,1,0,1,1,0
547,1641,1,8327300,0,0,255,0,255,0,0,0,0,0,27400,50,2.5,0,0,6,4171.41992,32.665905,0,2.03658509,23.1457195,67.6389465,3.05513954,23.7712746,353.541199,0,1,0,2,2,0
547,1642,2,8327376,0,45,0,0,255,0,0,0,0,0,27400,50,2.5,0,0,6,3873.20508,16.7111816,0,5.58432961,24.3437729,72.5580444,7.77221775,24.6596375,360,1.06993103,1,0,3,3,0
547,1643,3,8327452,0,0,200,0,255,0,0,0,0,0,27400,50,2.5,0,0,6,4215.29248,15.7915649,0,2.69753075,23.5357761,69.9298096,3.49283552,23.9014339,355.480652,0,1,0,1,1,0
548,1644,1,8327300,0,0,255,0,255,0,0,0,0,0,27450,50,2.5,0,0,6,4165.63818,45.5302238,0,1.89275575,23.0407257,66.2690582,2.87244391,23.7105656,353.170959,0,1,0,2,2,0
548,1645,2,8327376,0,0,0,0,255,0,0,0,0,0,27450,50,2.5,0,0,6,3884.65747,10.7881355,0,5.4139576,24.3173733,72.3713379,7.5938139,24.6381474,360,0.487014771,1,0,3,3,0
548,1646,3,8327452,0,0,255,0,255,0,0,0,0,0,27450,50,2.5,0,0,6,4214.88672,21.682209,0,2.22261596,23.270155,69.092392,3.3053329,23.848156,353.986694,0,1,0,2,2,0
549,1647,1,8327300,0,0,255,0,255,0,0,0,0,0,27500,50,2.5,0,0,6,4156.93506,60.1947708,0,1.76623607,22.9415779,64.8540344,2.69162416,23.6458836,352.692688,0,1,0,2,2,0
549,1648,2,8327376,0,47,0,0,255,0,0,0,0,0,27500,50,2.5,0,0,6,3897.17017,5.64225531,0,5.24568939,24.2893867,72.170639,7.41494513,24.615303,360,1.11700439,1,0,3,3,0
549,1649,3,8327452,0,0,255,0,255,0,0,0,0,0,27500,50,2.5,0,0,6,4210.73242,29.3169136,0,2.07591367,23.1730652,67.9740753,3.11908627,23.7914047,353.859314,0,1,0,2,2,0
550,1650,1,8327300,0,0,255,0,0,255,0,0,0,0,27550,50,2.5,0,0,6,4145.49219,75.5307617,0,1.62392473,22.8219433,62.9825897,2.51294374,23.5771561,352.054321,0,1,0,2,2,0
550,1651,2,8327376,0,0,0,0,255,0,0,0,0,0,27550,50,2.5,0,0,6,3910.46362,5.62117243,0,5.07611465,24.259182,71.9490204,7.23566818,24.5909939,360,0.482437134,1,0,3,3,0
550,1652,3,8327452,0,0,255,0,255,0,0,0,0,0,27550,50,2.5,0,0,6,4204.66064,41.8686028,0,1.94650483,23.0808945,66.8072815,2.93440413,23.7309036,353.607574,0,1,0,2,2,0
551,1653,1,8327300,0,0,255,0,0,255,0,0,0,0,27600,50,2.5,0,0,6,4013.823,91.4371109,0,1.22876573,22.439394,61.1707153,2.34063196,23.5089092,350.948822,0,1,0,3,3,0
551,1654,2,8327376,0,54,0,0,255,0,0,0,0,0,27600,50,2.5,0,0,6,3922.98877,4.00178146,0,5.42088223,24.3184853,71.6985931,7.05591774,24.5656242,360,1.28346252,1,0,2,2,0
551,1655,3,8327452,0,0,255,0,255,0,0,0,0,0,27600,50,2.5,0,0,6,4195.6416,56.5096893,0,1.80329156,22.9712982,65.292038,2.75157619,23.6664829,353.140991,0,1,0,2,2,0
552,1656,1,8327300,0,0,255,0,0,255,0,0,0,0,27650,50,2.5,0,0,6,3884.9021,116.869476,0,1.12040436,22.3199959,57.9661713,2.17470288,23.4411106,350.512054,0,1,0,3,3,0
552,1657,2,8327376,0,0,0,0,255,0,0,0,0,0,27650,50,2.5,0,0,6,3935.94653,3.95871401,0,5.26143646,24.2920856,71.4574738,6.8757329,24.5391541,360,0.667160034,1,0,2,2,0
552,1658,3,8327452,0,0,255,0,0,255,0,0,0,0,27650,50,2.5,0,0,6,4183.84229,71.9111786,0,1.6670655,22.8591499,63.5831146,2.57086921,23.5980549,352.55304,0,1,0,2,2,0
553,1659,1,8327300,0,0,255,0,0,255,0,0,0,0,27700,50,2.5,0,0,6,3757.25317,145.95137,0,1.0067389,22.187252,56.3195953,2.01519537,23.3736515,350.070984,0,1,0,3,3,0
553,1660,2,8327376,0,43,0,0,255,0,0,0,0,0,27700,50,2.5,0,0,6,3948.28345,2.82858062,0,5.08988762,24.261713,71.1765747,6.69505882,24.5119247,360,1.04019165,1,0,2,2,0
553,1661,3,8327452,0,0,255,0,0,255,0,0,0,0,27700,50,2.5,0,0,6,4051.15527,87.9418488,0,1.27206886,22.4852505,61.812973,2.39657521,23.5301037,351.358276,0,1,0,3,3,0
554,1662,1,8327300,0,0,255,0,0,255,0,0,0,0,27750,50,2.5,0,0,6,3630.40942,175.770309,0,0.684401155,21.7642288,54.9338684,1.86220109,23.3063812,349.511017,0,1,0,4,4,0
554,1663,2,8327376,0,0,0,0,255,0,0,0,0,0,27750,50,2.5,0,0,6,3960.83252,2.74707747,0,5.42740726,24.3195286,72.2214966,6.5139308,24.4838753,360,0.892684937,1,0,1,1,0
554,1664,3,8327452,0,0,255,0,0,255,0,0,0,0,27750,50,2.5,0,0,6,3921.23633,113.319084,0,1.15614569,22.3601284,58.4697723,2.22870469,23.4625912,350.902466,0,1,0,3,3,0
555,1665,1,8327300,0,0,255,0,0,255,0,0,0,0,27800,50,2.5,0,0,6,3503.79102,205.0905,0,0.596898854,21.6361523,53.4944,1.71554375,23.2394753,349.479034,0,1,0,4,4,0
555,1666,2,8327376,0,54,0,0,255,0,0,0,0,0,27800,50,2.5,0,0,6,3972.85962,2.15497494,0,5.26790047,24.2931919,71.8961182,6.33231163,24.4552727,360,1.2631073,1,0,1,1,0
555,1667,3,8327452,0,0,255,0,0,255,0,0,0,0,27800,50,2.5,0,0,6,3792.69165,142.362396,0,1.04162145,22.2288361,56.8321533,2.06729031,23.3954067,350.447327,0,1,0,3,3,0
556,1668,1,8327300,0,0,255,0,0,255,0,0,0,0,27850,50,2.5,0,0,6,3379.93066,233.018219,0,0.313153952,21.1755733,52.1346283,1.57486022,23.1732788,349.285706,0,1,0,5,5,0
556,1669,2,8327376,0,0,0,0,255,0,0,0,0,0,27850,50,2.5,0,0,6,3984.81567,2.13996959,0,5.07821321,24.2595711,72.2273102,6.15022326,24.4261303,360,0.578292847,1,0,1,1,0
556,1670,3,8327452,0,0,255,0,0,255,0,0,0,0,27850,50,2.5,0,0,6,3665.06787,172.239609,0,0.708719611,21.7987556,55.3291016,1.9124074,23.3284092,349.75885,0,1,0,4,4,0
557,1671,1,8327300,0,0,255,0,0,255,0,0,0,0,27900,50,2.5,0,0,6,3260.75781,262.023956,0,0.242297888,21.048605,50.8265991,1.43980753,23.1080685,349.621399,0,1,0,5,5,0
557,1672,2,8327376,0,69,0,0,255,0,0,0,0,0,27900,50,2.5,0,0,6,3997.90234,1.75023711,0,5.42575645,24.3192635,72.5231628,5.96756172,24.396677,360,1.60514832,1,1,0,0,0
557,1673,3,8327452,0,0,255,0,0,255,0,0,0,0,27900,50,2.5,0,0,6,3537.87891,201.746307,0,0.62550199,21.6786938,53.9700012,1.76382792,23.2618275,349.711639,0,1,0,4,4,0
558,1674,1,8327300,0,0,233,0,0,255,0,0,0,0,27950,50,2.5,0,0,6,3146.18774,293.947784,0,0.172519982,20.9184093,49.5101013,1.31008399,23.0440483,350.033569,0,1,0,5,5,0
558,1675,2,8327376,0,51,0,0,255,0,0,1,0,0,27950,50,2.5,0,0,6,4010.76318,1.68592691,0,2.75356817,23.6363392,85.6309509,5.78433704,24.3669968,355.5271,0,1,0,8,8,0
558,1676,3,8327452,0,0,255,0,0,255,0,0,0,0,27950,50,2.5,0,0,6,3414,230.14917,0,0.543043017,21.5542221,52.587204,1.62117946,23.1960106,349.721252,0,1,0,4,4,0
559,1677,1,8327300,0,0,215,0,0,255,0,0,0,0,28000,50,2.5,0,0,6,3035.98901,328.557587,0,-0.0603406429,20.4432068,48.4276733,1.18558609,22.9812279,350.250854,0,1,0,6,6,0
559,1678,2,8327376,0,34,0,0,255,0,0,1,0,0,28000,50,2.5,0,0,6,4023.20728,1.55986726,0,2.60254955,23.5506859,84.7203064,5.60049629,24.3374901,353.890808,0,1,0,8,8,0
559,1679,3,8327452,0,0,255,0,0,255,0,0,0,0,28000,50,2.5,0,0,6,3294.95581,260.269531,0,0.265838206,21.0913601,51.2649231,1.48410881,23.1312389,349.710449,0,1,0,5,5,0
560,1680,1,8327300,0,0,195,0,0,255,0,0,0,0,28050,50,2.5,0,0,6,2927.70264,360.109039,0,-0.113206387,20.3257713,47.3236237,1.06626058,22.9195805,350.609528,0,1,0,6,6,0
560,1681,2,8327376,0,17,0,0,255,0,0,1,0,0,28050,50,2.5,0,0,6,4036.38257,1.6222595,0,2.73323822,23.6250134,83.7602234,5.41597986,24.3083591,353.981201,0,1,0,7,7,0
560,1682,3,8327452,0,0,236,0,0,255,0,0,0,0,28050,50,2.5,0,0,6,3180.69507,293.548157,0,0.194845736,20.96064,49.9330444,1.35230255,23.0677166,350.079193,0,1,0,5,5,0
561,1683,1,8327300,0,0,180,0,0,255,0,0,0,0,28100,50,2.5,0,0,6,2820.64038,386.34375,0,-0.319904089,19.8280087,46.28508,0.952176273,22.8590107,350.786346,0,1,0,7,7,0
561,1684,2,8327376,0,0,255,0,255,0,0,1,0,0,28100,50,2.5,0,0,6,4049.16675,1.79742658,0,2.58408976,23.5399685,82.7698364,5.23079729,24.2796726,352.494629,0,1,0,7,7,0
561,1685,3,8327452,0,0,219,0,0,255,0,0,0,0,28100,50,2.5,0,0,6,3071.00171,329.787018,0,-0.0411955118,20.4848156,48.8215332,1.22562957,23.0054684,350.234802,0,1,0,6,6,0
562,1686,1,8327300,0,0,159,0,0,255,0,0,0,0,28150,50,2.5,0,0,6,2713.03613,405.764832,0,-0.366789937,19.705822,44.12854,0.843498945,22.7993889,351.104614,0,1,0,7,7,0
562,1687,2,8327376,0,0,255,0,255,0,0,1,0,0,28150,50,2.5,0,0,6,4058.40405,1.84125268,0,2.44260573,23.4559288,81.7645874,5.04528379,24.2503586,353.569946,0,1,0,7,7,0
562,1688,3,8327452,0,0,199,0,0,255,0,0,0,0,28150,50,2.5,0,0,6,2963.62744,363.923035,0,-0.0951975584,20.3661995,47.7032166,1.10402954,22.9444599,350.587341,0,1,0,6,6,0
563,1689,1,8327300,0,0,148,0,255,0,0,0,0,0,28200,50,2.5,0,0,6,2603.552,417.726501,0,-0.548373818,19.1962585,43.2698364,0.740614772,22.7404957,351.241638,0,1,0,8,8,0
563,1690,2,8327376,0,0,255,0,255,0,0,1,0,0,28200,50,2.5,0,0,6,4066.21973,3.13864899,0,2.29366541,23.3636189,80.6291656,4.8597002,24.2192383,354.538239,0,1,0,7,7,0
563,1691,3,8327452,0,0,185,0,0,255,0,0,0,0,28200,50,2.5,0,0,6,2857.59766,393.471985,0,-0.304062724,19.868475,46.6462708,0.987577498,22.8845825,350.7258,0,1,0,7,7,0
564,1692,1,8327300,0,0,139,0,255,0,0,0,0,0,28250,50,2.5,0,0,6,2573.9624,419.540771,0,-0.583744526,19.0897999,42.4576263,0.641772091,22.6777554,351.527588,0,1,0,8,8,0
564,1693,2,8327376,0,0,137,0,255,0,0,1,0,0,28250,50,2.5,0,0,6,4072.54932,9.08943653,0,2.42486334,23.4451447,80.2241211,4.67433739,24.1854706,357.196472,0,1,0,6,6,0
564,1694,3,8327452,0,0,164,0,0,255,0,0,0,0,28250,50,2.5,0,0,6,2750.92212,416.36673,0,-0.348324537,19.7543774,44.5180664,0.876446903,22.825695,351.050354,0,1,0,7,7,0
565,1695,1,8327300,0,0,131,0,255,0,0,0,0,0,28300,50,2.5,0,0,6,2544.78857,389.823944,0,-0.746792555,18.5656891,41.6286926,0.547536135,22.6109467,351.739258,0,1,0,9,9,0
565,1696,2,8327376,0,0,147,0,255,0,0,1,0,0,28300,50,2.5,0,0,6,4079.81299,18.8924332,0,2.28119898,23.3557014,79.2327576,4.48935461,24.1485119,356.971588,0,1,0,6,6,0
565,1697,3,8327452,0,0,152,0,0,255,0,0,0,0,28300,50,2.5,0,0,6,2642.20874,431.957764,0,-0.53121984,19.2470055,43.6606445,0.771065593,22.7675476,351.175354,0,1,0,8,8,0
566,1698,1,8327300,0,0,121,0,255,0,0,0,0,0,28350,50,2.5,0,0,6,2514.14648,355.413055,0,-0.776476145,18.4640522,40.894165,0.458341777,22.5399303,352.102051,0,1,0,9,9,0
566,1699,2,8327376,0,0,152,0,255,0,0,1,0,0,28350,50,2.5,0,0,6,4083.92676,23.4788666,0,2.14135313,23.2647533,78.1796112,4.3048892,24.1082363,356.826294,0,1,0,6,6,0
566,1700,3,8327452,0,0,138,0,255,0,0,0,0,0,28350,50,2.5,0,0,6,2527.979,437.160004,0,-0.567564249,19.1388092,42.8289642,0.671779394,22.7099781,351.465698,0,1,0,8,8,0
567,1701,1,8327300,0,0,113,0,255,0,0,0,0,0,28400,50,2.5,0,0,6,2485.21436,314.475098,0,-0.8076334,18.3552113,40.1171112,0.374414653,22.4646626,352.450317,0,1,0,9,9,0
567,1702,2,8327376,0,0,76,0,255,0,0,1,0,0,28400,50,2.5,0,0,6,4087.09277,26.5796261,0,2.2620759,23.3435001,77.0755157,4.12108469,24.0645103,358.378052,0,1,0,5,5,0
567,1703,3,8327452,0,0,130,0,255,0,0,0,0,0,28400,50,2.5,0,0,6,2493.46265,430.739807,0,-0.604979396,19.0246925,41.9687958,0.57686466,22.6484547,351.707611,0,1,0,8,8,0
568,1704,1,8327300,0,0,105,0,255,0,0,0,0,0,28450,50,2.5,0,0,6,2461.14844,269.715088,0,-0.952211618,17.820118,39.3430328,0.29566896,22.3852329,352.770325,0,1,0,10,10,0
568,1705,2,8327376,0,0,119,0,255,0,0,1,0,0,28450,50,2.5,0,0,6,4091.1145,29.9922543,0,2.12114787,23.2512722,75.8834076,3.93804383,24.0171947,357.444336,0,1,0,5,5,0
568,1706,3,8327452,0,0,122,0,255,0,0,0,0,0,28450,50,2.5,0,0,6,2460.74829,392.541809,0,-0.761444092,18.5157719,41.2683716,0.486786425,22.5827999,351.947906,0,1,0,9,9,0
569,1707,1,8327300,0,0,96,0,255,0,0,0,0,0,28500,50,2.5,0,0,6,2445.51367,224.873779,0,-0.980828285,17.7081757,38.5805359,0.221743703,22.3018303,353.154816,0,1,0,10,10,0
569,1708,2,8327376,0,0,64,0,255,0,0,1,0,0,28500,50,2.5,0,0,6,4092.93896,28.4808807,0,2.2322588,23.3243275,74.5640106,3.7557826,23.9664574,358.584473,0,1,0,4,4,0
569,1709,3,8327452,0,0,114,0,255,0,0,0,0,0,28500,50,2.5,0,0,6,2428.64941,350.901672,0,-0.792072535,18.4098492,40.5052948,0.401851445,22.5129261,352.274963,0,1,0,9,9,0
570,1710,1,8327300,0,0,89,0,255,0,0,0,0,0,28550,50,2.5,0,0,6,2439.95972,183.952682,0,-1.01123595,17.5870018,37.7669373,0.152307868,22.2146282,353.514648,0,1,0,10,10,0
570,1711,2,8327376,0,0,115,0,255,0,0,1,0,0,28550,50,2.5,0,0,6,4096.87988,27.9615097,0,2.0976181,23.2354622,73.2751465,3.57435489,23.9122791,357.427032,0,1,0,4,4,0
570,1712,3,8327452,0,0,106,0,255,0,0,0,0,0,28550,50,2.5,0,0,6,2400.33081,304.622559,0,-0.939501762,17.8691845,39.6812439,0.322175711,22.4388256,352.57428,0,1,0,10,10,0
571,1713,1,8327300,0,0,83,0,255,0,0,0,0,0,28600,50,2.5,0,0,6,2442.88428,149.176086,0,-1.14216661,17.0389233,37.0069733,0.0870541036,22.123785,353.840546,0,1,0,11,11,0
571,1714,2,8327376,0,0,147,0,255,0,0,1,0,0,28600,50,2.5,0,0,6,4099.27441,25.385334,0,1.9603337,23.1406765,71.8350372,3.39375424,23.8548527,356.664093,0,1,0,4,4,0
571,1715,3,8327452,0,0,98,0,255,0,0,0,0,0,28600,50,2.5,0,0,6,2378.65186,256.913055,0,-0.967446804,17.7607727,38.9359283,0.247561842,22.3606205,352.947876,0,1,0,10,10,0
572,1716,1,8327300,0,0,77,0,255,0,0,0,0,0,28650,50,2.5,0,0,6,2453.26733,119.833458,0,-1.16577148,16.9356117,36.3407135,0.0256796591,22.0294456,354.20752,0,1,0,11,11,0
572,1717,2,8327376,0,0,98,0,255,0,0,1,0,0,28650,50,2.5,0,0,6,4101.94385,24.77174,0,2.0640254,23.2126732,70.2209473,3.2140882,23.794157,357.730103,0,1,0,3,3,0
572,1718,3,8327452,0,0,91,0,255,0,0,0,0,0,28650,50,2.5,0,0,6,2366.68286,210.979752,0,-0.992132664,17.6633949,38.277771,0.177629054,22.278492,353.310242,0,1,0,10,10,0
573,1719,1,8327300,0,0,71,0,255,0,0,0,0,0,28700,50,2.5,0,0,6,2470.02563,95.4241028,0,-1.19418955,16.8094578,35.5396729,-0.0321148001,21.9317532,354.559692,0,1,0,11,11,0
573,1720,2,8327376,0,0,145,0,255,0,0,1,0,0,28700,50,2.5,0,0,6,4105.65039,27.3144817,0,1.93020606,23.1192608,68.6167145,3.03547025,23.7300739,356.56073,0,1,0,3,3,0
573,1721,3,8327452,0,0,84,0,255,0,0,0,0,0,28700,50,2.5,0,0,6,2364.85718,170.404327,0,-1.12294102,17.1220627,37.549942,0.112027764,22.1926098,353.644379,0,1,0,11,11,0
574,1722,1,8327300,0,0,66,0,255,0,0,0,0,0,28750,50,2.5,0,0,6,2492.14526,75.341362,0,-1.21783686,16.7030258,34.8742218,-0.0866274387,21.8308449,354.895569,0,1,0,11,11,0
574,1723,2,8327376,0,0,117,0,255,0,0,1,0,0,28750,50,2.5,0,0,6,4107.06885,27.3717098,0,2.0356741,23.1932411,66.8113708,2.85797215,23.6626797,357.150665,0,1,0,2,2,0
574,1724,3,8327452,0,0,78,0,255,0,0,0,0,0,28750,50,2.5,0,0,6,2371.61206,136.523254,0,-1.14854002,17.0111618,36.8275146,0.0504350066,22.1031303,354.007507,0,1,0,11,11,0
575,1725,1,8327300,0,0,61,0,255,0,0,0,0,0,28800,50,2.5,0,0,6,2518.66968,58.9977379,0,-1.24605417,16.5743389,34.0818787,-0.138153166,21.7268562,355.220215,0,1,0,11,11,0
575,1726,2,8327376,0,0,132,0,255,0,0,1,0,0,28800,50,2.5,0,0,6,4109.63818,29.1525421,0,2.14302015,23.2658596,67.43927,2.68171573,23.5918789,356.807007,0,1,0,1,1,0
575,1727,3,8327452,0,0,72,0,255,0,0,0,0,0,28800,50,2.5,0,0,6,2385.72607,108.385674,0,-1.17389464,16.8997498,36.1114807,-0.00746743381,22.0101967,354.359375,0,1,0,11,11,0
576,1728,1,8327300,0,0,56,0,255,0,0,0,0,0,28850,50,2.5,0,0,6,2548.72485,45.8945351,0,-1.26987886,16.4642944,32.7872162,-0.1869791,21.6199188,355.529358,0,1,0,11,11,0
576,1729,2,8327376,0,0,234,0,255,0,0,1,0,0,28850,50,2.5,0,0,6,4110.89062,30.1187496,0,1.75059354,22.9875355,65.6012421,2.50678658,23.5176945,354.215942,0,1,0,2,2,0
576,1730,3,8327452,0,0,67,0,255,0,0,0,0,0,28850,50,2.5,0,0,6,2406.04785,85.2870789,0,-1.29628253,16.339447,35.3349915,-0.0619925819,21.91395,354.674225,0,1,0,12,12,0
577,1731,1,8327300,0,0,52,0,255,0,0,0,0,0,28900,50,2.5,0,0,6,2581.35278,35.5290146,0,-1.29777217,16.3321552,32.079483,-0.233374074,21.5101643,355.817444,0,1,0,11,11,0
577,1732,2,8327376,0,0,247,0,255,0,0,1,0,0,28900,50,2.5,0,0,6,4108.45312,31.2731915,0,1.61032593,22.8797188,63.6504211,2.33339429,23.4401684,353.704834,0,1,0,2,2,0
577,1733,3,8327452,0,0,63,0,255,0,0,0,0,0,28900,50,2.5,0,0,6,2431.47314,66.5490189,0,-1.31734443,16.2333775,34.6850739,-0.113448218,21.8145275,355.001465,0,1,0,12,12,0
578,1734,1,8327300,0,0,48,0,255,0,0,0,0,0,28950,50,2.5,0,0,6,2616.09351,27.3810349,0,-1.32232761,16.2072906,31.4324951,-0.277599722,21.3977089,356.077942,0,1,0,11,11,0
578,1735,2,8327376,0,0,251,0,255,0,0,1,0,0,28950,50,2.5,0,0,6,4105.24756,40.0212097,0,1.24488449,22.5763874,61.539917,2.16185474,23.3591118,353.358398,0,1,0,3,3,0
578,1736,3,8327452,0,0,58,0,255,0,0,0,0,0,28950,50,2.5,0,0,6,2461.0249,51.5670891,0,-1.34097159,16.1059704,33.9279175,-0.162131801,21.7120609,355.305084,0,1,0,12,12,0
579,1737,1,8327300,0,0,45,0,255,0,0,0,0,0,29000,50,2.5,0,0,6,2652.38501,21.0717793,0,-1.34557199,16.0800095,30.7913513,-0.319899112,21.2826614,356.307922,0,1,0,11,11,0
579,1738,2,8327376,0,0,246,0,255,0,0,1,0,0,29000,50,2.5,0,0,6,4099.37158,52.7567787,0,0.898933232,22.2550888,59.2931061,1.99247134,23.2743988,353.251038,0,1,0,4,4,0
579,1739,3,8327452,0,0,53,0,255,0,0,0,0,0,29000,50,2.5,0,0,6,2493.80981,39.790287,0,-1.27674484,16.4323502,32.6143494,-0.208327681,21.606678,355.650146,0,1,0,11,11,0
580,1740,1,8327300,0,0,42,0,255,0,0,0,0,0,29050,50,2.5,0,0,6,2689.72437,16.2277641,0,-1.36790001,15.9479752,30.1456604,-0.36049372,21.165123,356.513733,0,1,0,11,11,0
580,1741,2,8327376,0,0,231,0,255,0,0,1,0,0,29050,50,2.5,0,0,6,4091.13892,66.763649,0,0.769882143,22.1254158,57.5198059,1.82552314,23.1859474,353.455322,0,1,0,4,4,0
580,1742,3,8327452,0,0,49,0,255,0,0,0,0,0,29050,50,2.5,0,0,6,2528.84863,30.6076031,0,-1.30173481,16.3126144,31.9770355,-0.25229919,21.4985065,355.929077,0,1,0,11,11,0
581,1743,1,8327300,0,0,39,0,255,0,0,0,0,0,29100,50,2.5,0,0,6,2727.72705,12.544404,0,-1.38886845,15.8136511,29.5094299,-0.399582565,21.045187,356.693573,0,1,0,11,11,0
581,1744,2,8327376,0,0,227,0,255,0,0,1,0,0,29100,50,2.5,0,0,6,4081.08057,80.8351059,0,0.439595103,21.7650127,56.0584412,1.66126549,23.0937023,353.390472,0,1,0,5,5,0
581,1745,3,8327452,0,0,46,0,255,0,0,0,0,0,29100,50,2.5,0,0,6,2565.71191,23.462656,0,-1.32559037,16.189991,31.3439941,-0.29429996,21.3876572,356.178955,0,1,0,11,11,0
582,1746,1,8327300,0,0,36,0,255,0,0,0,0,0,29150,50,2.5,0,0,6,2766.07397,9.75836372,0,-1.33490837,16.1395893,28.8797607,-0.437343627,20.9229393,356.985016,0,1,0,10,10,0
582,1747,2,8327376,0,0,213,0,255,0,0,1,0,0,29150,50,2.5,0,0,6,4068.7605,93.2924881,0,0.325378776,21.6295319,54.7018127,1.49991095,22.9976845,353.606201,0,1,0,5,5,0
582,1748,3,8327452,0,0,43,0,255,0,0,0,0,0,29150,50,2.5,0,0,6,2603.85376,17.9814682,0,-1.34621811,16.0763302,30.7736816,-0.33456105,21.2742348,356.408875,0,1,0,11,11,0
583,1749,1,8327300,0,0,33,0,255,0,0,0,0,0,29200,50,2.5,0,0,6,2804.5188,7.6467104,0,-1.35726392,16.0121689,28.2820129,-0.473935783,20.7984581,357.157349,0,1,0,10,10,0
583,1750,2,8327376,0,0,206,0,255,0,0,1,0,0,29200,50,2.5,0,0,6,4055.37866,104.783363,0,0.206114873,21.481245,53.932724,1.34166789,22.8978977,353.709351,0,1,0,5,5,0
583,1751,3,8327452,0,0,40,0,255,0,0,0,0,0,29200,50,2.5,0,0,6,2642.83423,13.8334446,0,-1.36974823,15.9365654,30.0915527,-0.373290002,21.1583347,356.6091,0,1,0,11,11,0
584,1752,1,8327300,0,0,31,0,255,0,0,0,0,0,29250,50,2.5,0,0,6,2842.86328,6.03974295,0,-1.37998497,15.8718977,27.6448517,-0.509500563,20.6718178,357.294739,0,1,0,10,10,0
584,1753,2,8327376,0,0,203,0,255,0,0,1,0,0,29250,50,2.5,0,0,6,4040.55811,114.316116,0,-0.0762262642,21.0980377,52.5525513,1.18670928,22.7943935,353.629211,0,1,0,6,6,0
584,1754,3,8327452,0,0,38,0,255,0,0,0,0,0,29250,50,2.5,0,0,6,2682.28857,10.7128162,0,-1.38900149,15.8127632,29.5053253,-0.410672098,21.0400448,356.787689,0,1,0,11,11,0
585,1755,1,8327300,0,0,30,0,255,0,0,0,0,0,29300,50,2.5,0,0,6,2880.94482,4.80876064,0,-1.40138137,15.7279158,27.0097351,-0.544161141,20.5430889,357.405701,0,1,0,10,10,0
585,1756,2,8327376,0,0,192,0,255,0,0,1,0,0,29300,50,2.5,0,0,6,4024.70239,122.172989,0,-0.177884191,20.9471226,51.1336212,1.03518319,22.6872482,353.780792,0,1,0,6,6,0
585,1757,3,8327452,0,0,34,0,255,0,0,0,0,0,29300,50,2.5,0,0,6,2721.92285,8.36187935,0,-1.33678389,16.129261,28.8299408,-0.446869195,20.9194469,357.073761,0,1,0,10,10,0
586,1758,1,8327300,0,0,27,0,255,0,0,0,0,0,29350,50,2.5,0,0,6,2918.66846,3.87360764,0,-1.35108387,16.0483685,26.3818054,-0.578021705,20.4123325,357.643127,0,1,0,9,9,0
586,1759,2,8327376,0,0,183,0,255,0,0,1,0,0,29350,50,2.5,0,0,6,4008.59131,129.15274,0,-0.276093304,20.7936611,49.716156,0.887249887,22.5765095,353.858398,0,1,0,6,6,0
586,1760,3,8327452,0,0,32,0,255,0,0,0,0,0,29350,50,2.5,0,0,6,2761.54907,6.60297489,0,-1.35814607,16.006937,28.2591705,-0.48202768,20.7966156,357.239594,0,1,0,10,10,0
587,1761,1,8327300,0,0,25,0,255,0,0,0,0,0,29400,50,2.5,0,0,6,2955.96606,3.17679667,0,-1.37493181,15.9041348,25.7541351,-0.611175895,20.2796078,357.756561,0,1,0,9,9,0
587,1762,2,8327376,0,0,177,0,255,0,0,1,0,0,29400,50,2.5,0,0,6,3991.99341,134.301498,0,-0.369630337,20.6396523,48.3145905,0.743050098,22.4622383,353.88443,0,1,0,6,6,0
587,1763,3,8327452,0,0,30,0,255,0,0,0,0,0,29400,50,2.5,0,0,6,2800.948,5.25703144,0,-1.38210475,15.8581867,27.5838013,-0.51627481,20.6716194,357.37619,0,1,0,10,10,0
588,1764,1,8327300,0,0,24,0,255,0,0,0,0,0,29450,50,2.5,0,0,6,2992.48145,2.63543963,0,-1.39729452,15.7564182,25.1295776,-0.643707991,20.1449833,357.836761,0,1,0,9,9,0
588,1765,2,8327376,0,0,171,0,255,0,0,1,0,0,29450,50,2.5,0,0,6,3975.14624,137.392334,0,-0.460095435,20.4824944,46.9144745,0.602702796,22.3445129,353.88739,0,1,0,6,6,0
588,1766,3,8327452,0,0,28,0,255,0,0,0,0,0,29450,50,2.5,0,0,6,2840.02905,4.23116827,0,-1.40138137,15.7279158,27.0097351,-0.549721301,20.5445251,357.492401,0,1,0,10,10,0
589,1767,1,8327300,0,0,23,0,255,0,0,0,0,0,29500,50,2.5,0,0,6,3027.97314,2.2119143,0,-1.41837323,15.6036739,24.502243,-0.675680459,20.0085335,357.892059,0,1,0,9,9,0
589,1768,2,8327376,0,0,165,0,255,0,0,1,0,0,29500,50,2.5,0,0,6,3958.42554,138.940201,0,-0.549403548,20.3183804,45.4734955,0.466317713,22.2234077,353.868835,0,1,0,6,6,0
589,1769,3,8327452,0,0,26,0,255,0,0,0,0,0,29500,50,2.5,0,0,6,2878.69922,3.45802975,0,-1.35108387,16.0483685,26.3818054,-0.582463503,20.4153919,357.714386,0,1,0,9,9,0
590,1770,1,8327300,0,0,20,0,255,0,0,0,0,0,29550,50,2.5,0,0,6,3062.90186,1.88602924,0,-1.37423944,15.9085026,23.7836304,-0.707152009,19.8703041,358.098267,0,1,0,8,8,0
590,1771,2,8327376,0,0,164,0,255,0,0,1,0,0,29550,50,2.5,0,0,6,3941.87695,139.127304,0,-0.76101023,19.8856907,44.141449,0.333996803,22.0990105,353.701508,0,1,0,7,7,0
590,1772,3,8327452,0,0,24,0,255,0,0,0,0,0,29550,50,2.5,0,0,6,2916.88525,2.86939669,0,-1.37604606,15.8970814,25.7237854,-0.614585578,20.284277,357.826691,0,1,0,9,9,0
591,1773,1,8327300,0,0,20,0,255,0,0,0,0,0,29600,50,2.5,0,0,6,3097.25879,1.63795686,0,-1.39559031,15.768157,23.2931671,-0.738180101,19.7303429,358.15152,0,1,0,8,8,0
591,1774,2,8327376,0,0,160,0,255,0,0,1,0,0,29600,50,2.5,0,0,6,3925.38184,138.007614,0,-0.833469391,19.7197876,43.2628784,0.205818877,21.9714241,353.720001,0,1,0,7,7,0
591,1775,3,8327452,0,0,23,0,255,0,0,0,0,0,29600,50,2.5,0,0,6,2954.25952,2.41578341,0,-1.39819777,15.7501602,25.1039581,-0.646162629,20.1512451,357.905518,0,1,0,9,9,0
592,1776,1,8327300,0,0,19,0,255,0,0,0,0,0,29650,50,2.5,0,0,6,3130.83691,1.43147373,0,-1.41895723,15.599227,22.720993,-0.768808901,19.5887012,358.176758,0,1,0,8,8,0
592,1777,2,8327376,0,0,154,0,255,0,0,1,0,0,29650,50,2.5,0,0,6,3909.65479,136.273834,0,-0.901329279,19.5539856,41.8765259,0.0818625391,21.8407364,353.735596,0,1,0,7,7,0
592,1778,3,8327452,0,0,22,0,255,0,0,0,0,0,29650,50,2.5,0,0,6,2990.58496,2.06462693,0,-1.4172982,15.6118269,24.5350952,-0.677249849,20.0163689,357.965332,0,1,0,9,9,0
593,1779,1,8327300,0,0,17,0,255,0,0,0,0,0,29700,50,2.5,0,0,6,3163.47949,1.27083063,0,-1.37343502,15.9135647,22.1999664,-0.799074769,19.4454346,358.337952,0,1,0,7,7,0
593,1780,2,8327376,0,0,148,0,255,0,0,1,0,0,29700,50,2.5,0,0,6,3894.66382,133.881287,0,-0.968301117,19.3786373,40.428009,-0.03779497,21.707037,353.722748,0,1,0,7,7,0
593,1781,3,8327452,0,0,19,0,255,0,0,0,0,0,29700,50,2.5,0,0,6,3026.32251,1.79375744,0,-1.37255681,15.9190731,23.8220367,-0.707899451,19.879694,358.163361,0,1,0,8,8,0
594,1782,1,8327300,0,0,16,0,255,0,0,0,0,0,29750,50,2.5,0,0,6,3195.50415,1.14794159,0,-1.39561105,15.768014,21.7134705,-0.829014957,19.3005829,358.374817,0,1,0,7,7,0
594,1783,2,8327376,0,0,143,0,255,0,0,1,0,0,29750,50,2.5,0,0,6,3880.49292,130.433929,0,-1.02901053,19.2076511,39.0389404,-0.153088287,21.5704098,353.6922,0,1,0,7,7,0
594,1784,3,8327452,0,0,19,0,255,0,0,0,0,0,29750,50,2.5,0,0,6,3061.46753,1.58682823,0,-1.39585018,15.7663727,23.2869873,-0.73816371,19.7412643,358.212799,0,1,0,8,8,0
595,1785,1,8327300,0,0,16,0,255,0,0,0,0,0,29800,50,2.5,0,0,6,3226.89453,1.04337764,0,-1.41953981,15.5947781,21.1504822,-0.858662724,19.1541882,358.369293,0,1,0,7,7,0
595,1786,2,8327376,0,0,139,0,255,0,0,1,0,0,29800,50,2.5,0,0,6,3867.05542,125.889458,0,-1.08286405,19.0444069,37.7314148,-0.263961077,21.4309502,353.654114,0,1,0,7,7,0
595,1787,3,8327452,0,0,18,0,255,0,0,0,0,0,29800,50,2.5,0,0,6,3095.97363,1.41237724,0,-1.41584599,15.622776,22.7996979,-0.768083513,19.6011238,358.246277,0,1,0,8,8,0
596,1788,1,8327300,0,0,16,0,255,0,0,0,0,0,29850,50,2.5,0,0,6,3257.64624,0.955342352,0,-1.43844783,15.443059,20.6695099,-0.888042867,19.0062866,358.347351,0,1,0,7,7,0
596,1789,2,8327376,0,0,134,0,255,0,0,1,0,0,29850,50,2.5,0,0,6,3854.73315,120.466316,0,-1.13825297,18.8626118,36.2932892,-0.370382726,21.2887535,353.603516,0,1,0,7,7,0
596,1790,3,8327452,0,0,18,0,255,0,0,0,0,0,29850,50,2.5,0,0,6,3129.3667,1.27660906,0,-1.43549824,15.4677248,22.2885132,-0.797690094,19.4593372,358.24762,0,1,0,8,8,0
597,1791,1,8327300,0,0,14,0,255,0,0,0,0,0,29900,50,2.5,0,0,6,3287.76001,0.8891083,0,-1.39800882,15.7514725,20.1397247,-0.917172909,18.8569145,358.519867,0,1,0,6,6,0
597,1792,2,8327376,0,0,130,0,255,0,0,1,0,0,29900,50,2.5,0,0,6,3843.7312,114.496758,0,-1.18637037,18.6904907,34.9546814,-0.472331852,21.1439133,353.546021,0,1,0,7,7,0
597,1793,3,8327452,0,0,16,0,255,0,0,0,0,0,29900,50,2.5,0,0,6,3162.1106,1.17305446,0,-1.3950572,15.7718115,21.7263184,-0.827009022,19.3159409,358.445923,0,1,0,7,7,0
598,1794,1,8327300,0,0,14,0,255,0,0,0,0,0,29950,50,2.5,0,0,6,3317.25146,0.840889096,0,-1.42184639,15.5770397,19.5904236,-0.946073711,18.7061062,358.496765,0,1,0,6,6,0
598,1795,2,8327376,0,0,126,0,255,0,0,1,0,0,29950,50,2.5,0,0,6,3834.05371,108.031578,0,-1.22976756,18.5209503,33.651123,-0.569805861,20.9965286,353.486176,0,1,0,7,7,0
598,1796,3,8327452,0,0,15,0,255,0,0,0,0,0,29950,50,2.5,0,0,6,3194.21973,1.09542525,0,-1.41708994,15.6134024,21.2109528,-0.856067121,19.1709747,358.453583,0,1,0,7,7,0
599,1797,1,8327300,0,0,15,0,255,0,0,0,0,0,30000,50,2.5,0,0,6,3346.10693,0.795837462,0,-1.4425925,15.4077139,19.0698547,-0.974761069,18.5538979,358.441895,0,1,0,6,6,0
599,1798,2,8327376,0,0,123,0,255,0,0,1,0,0,30000,50,2.5,0,0,6,3825.83105,101.251808,0,-1.27091801,18.3441048,32.6629181,-0.662816167,20.8466969,353.418213,0,1,0,7,7,0
599,1799,3,8327452,0,0,15,0,255,0,0,0,0,0,30000,50,2.5,0,0,6,3225.68213,1.02848852,0,-1.43752611,15.4508095,20.6943207,-0.884889066,19.024477,358.424988,0,1,0,7,7,0
600,1800,1,8327300,0,0,14,0,255,0,0,0,0,0,30050,50,2.5,0,0,6,3374.3269,0.758882582,0,-1.40281546,15.7177935,18.5527802,-1.0032407,18.4003201,358.598663,0,1,0,5,5,0
600,1801,2,8327376,0,0,119,0,255,0,0,1,0,0,30050,50,2.5,0,0,6,3819.06909,94.3276291,0,-1.30979753,18.1580276,31.242691,-0.751391232,20.6945229,353.349335,0,1,0,7,7,0
600,1802,3,8327452,0,0,13,0,255,0,0,0,0,0,30050,50,2.5,0,0,6,3256.49634,0.969018817,0,-1.39443994,15.7760334,20.2181091,-0.91349268,18.876482,358.594238,0,1,0,6,6,0
601,1803,1,8327300,0,0,14,0,255,0,0,0,0,0,30100,50,2.5,0,0,6,3401.93091,0.735315025,0,-1.42536807,15.5495644,18.0333862,-1.03151917,18.2454071,358.571259,0,1,0,5,5,0
601,1804,2,8327376,0,0,115,0,255,0,0,1,0,0,30100,50,2.5,0,0,6,3813.86768,87.464592,0,-1.34213507,17.9784775,29.8973541,-0.835568368,20.5401039,353.254822,0,1,0,7,7,0
601,1805,3,8327452,0,0,14,0,255,0,0,0,0,0,30100,50,2.5,0,0,6,3286.68066,0.923732877,0,-1.41898143,15.599041,19.6592712,-0.9418993,18.727026,358.572021,0,1,0,6,6,0
602,1806,1,8327300,0,0,15,0,255,0,0,0,0,0,30150,50,2.5,0,0,6,3429.29126,0.716389537,0,-1.44461858,15.390131,17.5486755,-1.05960298,18.0891705,358.510956,0,1,0,5,5,0
602,1807,2,8327376,0,0,112,0,255,0,0,1,0,0,30150,50,2.5,0,0,6,3810.18164,80.6923752,0,-1.36863232,17.7921925,28.5404205,-0.915398896,20.383543,353.086426,0,1,0,7,7,0
602,1808,3,8327452,0,0,14,0,255,0,0,0,0,0,30150,50,2.5,0,0,6,3316.21313,0.882731855,0,-1.43824887,15.4447355,19.1833038,-0.970120192,18.5761433,358.5354,0,1,0,6,6,0
603,1809,1,8327300,0,0,16,0,255,0,0,0,0,0,30200,50,2.5,0,0,6,3456.02295,0.701097786,0,-1.46358109,15.2147198,17.0213623,-1.08748817,17.9316406,358.41629,0,1,0,5,5,0
603,1810,2,8327376,0,0,111,0,255,0,0,1,0,0,30200,50,2.5,0,0,6,3807.96484,74.039711,0,-1.38872874,17.6055832,27.2175751,-0.990949571,20.2249413,352.868164,0,1,0,7,7,0
603,1811,3,8327452,0,0,13,0,255,0,0,0,0,0,30200,50,2.5,0,0,6,3345.11035,0.852514923,0,-1.39893949,15.7450066,18.6384735,-0.998161674,18.4238663,358.674622,0,1,0,5,5,0
604,1812,1,8327300,0,0,14,0,255,0,0,0,0,0,30250,50,2.5,0,0,6,3482.13208,0.693791211,0,-1.42869699,15.5231428,16.4847565,-1.1151638,17.7728481,358.621246,0,1,0,4,4,0
604,1813,2,8327376,0,0,104,0,255,0,0,1,0,0,30250,50,2.5,0,0,6,3806.39966,67.6616058,0,-1.37249184,17.7603931,25.8764343,-1.06229246,20.0644341,352.956848,0,1,0,6,6,0
604,1814,3,8327452,0,0,13,0,255,0,0,0,0,0,30250,50,2.5,0,0,6,3373.38062,0.833226204,0,-1.42178857,15.577486,18.1190186,-1.02603149,18.2702274,358.650208,0,1,0,5,5,0
605,1815,1,8327300,0,0,15,0,255,0,0,0,0,0,30300,50,2.5,0,0,6,3507.64844,0.694674015,0,-1.44954908,15.3464718,16.8247223,-1.14262867,17.6128197,358.532776,0,1,0,4,4,0
605,1816,2,8327376,0,0,102,0,255,0,0,1,0,0,30300,50,2.5,0,0,6,3806.43164,61.8163872,0,-1.3907938,17.5825958,24.6275787,-1.1295011,19.9021149,352.705627,0,1,0,6,6,0
605,1817,3,8327452,0,0,14,0,255,0,0,0,0,0,30300,50,2.5,0,0,6,3401.26807,0.815335393,0,-1.44150269,15.4170866,17.6302948,-1.05373621,18.1152458,358.591003,0,1,0,5,5,0
606,1818,1,8327300,0,0,17,0,255,0,0,0,0,0,30350,50,2.5,0,0,6,3532.79468,0.689519942,0,-1.46950746,15.1552925,16.3744507,-1.16987729,17.4515724,358.397461,0,1,0,4,4,0
606,1819,2,8327376,0,0,101,0,255,0,0,1,0,0,30350,50,2.5,0,0,6,3807.62939,56.0888405,0,-1.40525734,17.3827667,23.263382,-1.19267631,19.7380791,352.406067,0,1,0,6,6,0
606,1820,3,8327452,0,0,15,0,255,0,0,0,0,0,30350,50,2.5,0,0,6,3428.65137,0.800788939,0,-1.46065545,15.2431803,17.1069946,-1.0812732,17.9589481,358.498352,0,1,0,5,5,0
607,1821,1,8327300,0,0,15,0,255,0,0,0,0,0,30400,50,2.5,0,0,6,3557.33081,0.686671913,0,-1.43445516,15.4763527,15.9790192,-1.19689155,17.289135,358.591095,0,1,0,3,3,0
607,1822,2,8327376,0,0,99,0,255,0,0,1,0,0,30400,50,2.5,0,0,6,3809.99048,50.6954918,0,-1.41355491,17.1959515,22.0170898,-1.2519244,19.5724258,352.099152,0,1,0,6,6,0
607,1823,3,8327452,0,0,13,0,255,0,0,0,0,0,30400,50,2.5,0,0,6,3455.40381,0.79415673,0,-1.42613184,15.543541,16.5470581,-1.10863233,17.8013611,358.692963,0,1,0,4,4,0
608,1824,1,8327300,0,0,16,0,255,0,0,0,0,0,30450,50,2.5,0,0,6,3581.29541,0.695257664,0,-1.45505989,15.2961216,15.5483704,-1.22366405,17.1255341,358.476776,0,1,0,3,3,0
608,1825,2,8327376,0,0,98,0,255,0,0,1,0,0,30450,50,2.5,0,0,6,3812.98999,45.9118729,0,-1.41740584,17.000145,20.9400024,-1.30733538,19.4052677,351.767975,0,1,0,6,6,0
608,1826,3,8327452,0,0,14,0,255,0,0,0,0,0,30450,50,2.5,0,0,6,3481.55444,0.795410275,0,-1.44560659,15.3814831,16.907196,-1.13581312,17.6425152,358.61377,0,1,0,4,4,0
609,1827,1,8327300,0,0,18,0,255,0,0,0,0,0,30500,50,2.5,0,0,6,3604.6687,0.698447168,0,-1.47446311,15.1036263,15.0896301,-1.25018322,16.9607944,358.306213,0,1,0,3,3,0
609,1828,2,8327376,0,0,98,0,255,0,0,1,0,0,30500,50,2.5,0,0,6,3816.97803,41.6157608,0,-1.4166038,16.7904739,19.5786743,-1.35901141,19.2366886,351.426239,0,1,0,6,6,0
609,1829,3,8327452,0,0,15,0,255,0,0,0,0,0,30500,50,2.5,0,0,6,3507.32715,0.791469157,0,-1.46473467,15.2033434,16.4872131,-1.16281033,17.4824276,358.491669,0,1,0,4,4,0
610,1830,1,8327300,0,0,20,0,255,0,0,0,0,0,30550,50,2.5,0,0,6,3627.45557,0.701501548,0,-1.49099028,14.9159012,14.6434631,-1.27642691,16.7949429,358.105896,0,1,0,3,3,0
610,1831,2,8327376,0,0,102,0,255,0,0,1,0,0,30550,50,2.5,0,0,6,3821.8186,37.8243828,0,-1.41156626,16.5898914,18.3045959,-1.40705001,19.0667725,351.111908,0,1,0,6,6,0
610,1832,3,8327452,0,0,14,0,255,0,0,0,0,0,30550,50,2.5,0,0,6,3532.48853,0.78959316,0,-1.43139863,15.5013666,16.0401459,-1.18961143,17.3211269,358.656525,0,1,0,3,3,0
611,1833,1,8327300,0,0,18,0,255,0,0,0,0,0,30600,50,2.5,0,0,6,3649.66138,0.715233266,0,-1.46125758,15.2373686,14.2213287,-1.30236411,16.6280041,358.300385,0,1,0,2,2,0
611,1834,2,8327376,0,0,105,0,255,0,0,1,0,0,30600,50,2.5,0,0,6,3827.25464,34.5756569,0,-1.4030025,16.3934784,17.0838165,-1.45153821,18.8956013,350.864044,0,1,0,6,6,0
611,1835,3,8327452,0,0,15,0,255,0,0,0,0,0,30600,50,2.5,0,0,6,3557.06055,0.793994308,0,-1.4508878,15.3343954,15.6393738,-1.21620905,17.1586399,358.55188,0,1,0,3,3,0
612,1836,1,8327300,0,0,21,0,255,0,0,0,0,0,30650,50,2.5,0,0,6,3671.33008,0.740495145,0,-1.48062229,15.0366383,13.5986176,-1.32797742,16.4599991,358.074585,0,1,0,2,2,0
612,1837,2,8327376,0,0,107,0,255,0,0,1,0,0,30650,50,2.5,0,0,6,3833.21753,32.0536728,0,-1.3897742,16.1762028,15.7622681,-1.49253833,18.7232552,350.661255,0,1,0,6,6,0
612,1838,3,8327452,0,0,17,0,255,0,0,0,0,0,30650,50,2.5,0,0,6,3581.03345,0.796973169,0,-1.46978569,15.152441,15.2054749,-1.24259102,16.9949932,358.393494,0,1,0,3,3,0
613,1839,1,8327300,0,0,24,0,255,0,0,0,0,0,30700,50,2.5,0,0,6,3692.41943,0.756270707,0,-1.49625099,14.850172,12.2582703,-1.35323656,16.2909546,357.822083,0,1,0,2,2,0
613,1840,2,8327376,0,0,109,0,255,0,0,1,0,0,30700,50,2.5,0,0,6,3839.52148,30.1905689,0,-1.37388587,15.9692354,14.5295105,-1.53009355,18.5498104,350.52301,0,1,0,6,6,0
613,1841,3,8327452,0,0,19,0,255,0,0,0,0,0,30700,50,2.5,0,0,6,3604.41089,0.801277161,0,-1.48775816,14.9547129,14.7348633,-1.26873457,16.8302116,358.18692,0,1,0,3,3,0
614,1842,1,8327300,0,0,27,0,255,0,0,0,0,0,30750,50,2.5,0,0,6,3712.94214,0.780202568,0,-1.51014531,14.6581764,10.9084625,-1.37809789,16.1208916,357.540314,0,1,0,2,2,0
614,1843,2,8327376,0,0,110,0,255,0,0,1,0,0,30750,50,2.5,0,0,6,3846.00635,28.7895184,0,-1.35470045,15.7578468,13.2954865,-1.56423318,18.3753433,350.44455,0,1,0,6,6,0
614,1844,3,8327452,0,0,17,0,255,0,0,0,0,0,30750,50,2.5,0,0,6,3627.19751,0.816175759,0,-1.458202,15.2666283,14.2921295,-1.29460835,16.66432,358.382721,0,1,0,2,2,0
615,1845,1,8327300,0,0,30,0,255,0,0,0,0,0,30800,50,2.5,0,0,6,3732.89917,0.823489308,0,-1.52188993,14.4676008,9.61172485,-1.40250731,15.9498291,357.243774,0,1,0,2,2,0
615,1846,2,8327376,0,0,110,0,255,0,0,1,0,0,30800,50,2.5,0,0,6,3852.60059,27.7515469,0,-1.33284295,15.5464277,11.9917603,-1.59497488,18.1999245,350.423828,0,1,0,6,6,0
615,1847,3,8327452,0,0,20,0,255,0,0,0,0,0,30800,50,2.5,0,0,6,3649.43677,0.840793312,0,-1.47669899,15.0796795,13.8114319,-1.32019508,16.4973431,358.168427,0,1,0,2,2,0
616,1848,1,8327300,0,0,34,0,255,0,0,0,0,0,30850,50,2.5,0,0,6,3752.2915,0.885320067,0,-1.53121805,14.2880611,8.42163086,-1.42640197,15.7777882,356.949249,0,1,0,2,2,0
616,1849,2,8327376,0,0,110,0,255,0,0,1,0,0,30850,50,2.5,0,0,6,3859.66382,26.968317,0,-1.31036568,15.3496895,10.0837555,-1.62233067,18.0236092,350.456482,0,1,0,6,6,0
616,1850,3,8327452,0,0,22,0,255,0,0,0,0,0,30850,50,2.5,0,0,6,3671.08813,0.856172025,0,-1.49291897,14.8921862,12.5600128,-1.34546411,16.3293037,357.917419,0,1,0,2,2,0
617,1851,1,8327300,0,0,37,0,255,0,0,0,0,0,30900,50,2.5,0,0,6,3771.10571,0.966632605,0,-1.53927958,14.1006536,7.28604126,-1.44970691,15.6047888,356.656311,0,1,0,2,2,0
617,1852,2,8327376,0,0,110,0,255,0,0,1,0,0,30900,50,2.5,0,0,6,3866.70142,26.3292084,0,-1.22844112,14.7294941,8.24862671,-1.64630795,17.846468,350.520874,0,1,0,7,7,0
617,1853,3,8327452,0,0,26,0,255,0,0,0,0,0,30900,50,2.5,0,0,6,3692.17456,0.879850686,0,-1.50617349,14.7161741,11.3113098,-1.37037706,16.1602249,357.640747,0,1,0,2,2,0
618,1854,1,8327300,0,0,41,0,255,0,0,0,0,0,30950,50,2.5,0,0,6,3789.35815,1.0742017,0,-1.54584289,13.9099646,6.48464966,-1.47234225,15.4308491,356.367432,0,1,0,2,2,0
618,1855,2,8327376,0,0,111,0,255,0,0,1,0,0,30950,50,2.5,0,0,6,3873.68823,25.784668,0,-0.784124136,11.9707651,6.49746704,-1.6669122,17.6685715,350.394897,0,1,0,13,13,0
618,1856,3,8327452,0,0,29,0,255,0,0,0,0,0,30950,50,2.5,0,0,6,3712.67529,0.915714383,0,-1.51931417,14.5122385,9.91238403,-1.39487898,15.9901276,357.328918,0,1,0,2,2,0
619,1857,1,8327300,0,0,44,0,255,0,0,0,0,0,31000,50,2.5,0,0,6,3807.03052,1.20588446,0,-1.55094218,13.7157488,5.72332764,-1.49421966,15.2559891,356.100067,0,1,0,2,2,0
619,1858,2,8327376,0,0,105,0,255,0,0,1,0,0,31000,50,2.5,0,0,6,3880.8916,25.3223782,0,-0.819334269,12.1962509,5.05644226,-1.68414891,17.4899769,350.980347,0,1,0,12,12,0
619,1859,3,8327452,0,0,33,0,255,0,0,0,0,0,31000,50,2.5,0,0,6,3732.60498,0.973245263,0,-1.52951133,14.3233624,8.65377808,-1.41890621,15.8190317,357.021484,0,1,0,2,2,0
620,1860,1,8327300,0,0,47,0,255,0,0,0,0,0,31050,50,2.5,0,0,6,3824.14551,1.36830771,0,-1.55466747,13.5135736,4.98168945,-1.51524854,15.0802288,355.851257,0,1,0,2,2,0
620,1861,2,8327376,0,0,99,0,255,0,0,1,0,0,31050,50,2.5,0,0,6,3888.22021,24.9981995,0,-0.92275846,12.8302116,3.62246704,-1.69802022,17.3107491,351.441406,0,1,0,10,10,0
620,1862,3,8327452,0,0,36,0,255,0,0,0,0,0,31050,50,2.5,0,0,6,3751.94873,1.05077589,0,-1.53802276,14.1325674,7.44398499,-1.44238305,15.6469564,356.719971,0,1,0,2,2,0
621,1863,1,8327300,0,0,78,0,255,0,0,0,0,0,31100,50,2.5,0,0,6,3840.70337,1.5577203,0,-1.29335093,6.7678318,4.32446289,-1.53533721,14.9035883,353.153748,0,1,0,14,14,0
621,1864,2,8327376,0,0,94,0,255,0,0,1,0,0,31100,50,2.5,0,0,6,3895.58838,24.4439983,0,-0.8889606,12.6262264,2.36901855,-1.70854998,17.130949,351.888794,0,1,0,10,10,0
621,1865,3,8327452,0,0,40,0,255,0,0,0,0,0,31100,50,2.5,0,0,6,3770.72119,1.15439653,0,-1.54440832,13.9558535,6.67208862,-1.46522903,15.4739208,356.434753,0,1,0,2,2,0
622,1866,1,8327300,0,0,72,0,255,0,0,0,0,0,31150,50,2.5,0,0,6,3856.11743,1.77072525,0,-1.28871226,6.5938282,3.70635986,-1.55425286,14.7261009,353.729889,0,1,0,14,14,0
622,1867,2,8327376,0,0,89,0,255,0,0,1,0,0,31150,50,2.5,0,0,6,3903.05762,23.5359974,0,-0.856349468,12.426899,1.24603271,-1.71578121,16.950634,352.338135,0,1,0,10,10,0
622,1868,3,8327452,0,0,43,0,255,0,0,0,0,0,31150,50,2.5,0,0,6,3788.90601,1.28019023,0,-1.54978597,13.7653399,5.91293335,-1.48735547,15.2999439,356.159424,0,1,0,2,2,0
623,1869,1,8327300,0,0,67,0,255,0,0,0,0,0,31200,50,2.5,0,0,6,3871.1499,2.37955952,0,-1.29838943,6.93022299,3.17141724,-1.57182348,14.5477839,354.229858,0,1,0,13,13,0
623,1870,2,8327376,0,0,87,0,255,0,0,1,0,0,31200,50,2.5,0,0,6,3910.71387,22.3876801,0,-0.895048618,12.6631336,0.279663086,-1.71977162,16.7698555,352.587067,0,1,0,9,9,0
623,1871,3,8327452,0,0,82,0,255,0,0,0,0,0,31200,50,2.5,0,0,6,3806.52441,1.43519032,0,-1.28644419,6.4942174,5.15327454,-1.50867152,15.1250458,352.764252,0,1,0,15,15,0
624,1872,1,8327300,0,0,48,0,255,0,0,0,0,0,31250,50,2.5,0,0,6,3885.65015,3.03559589,0,-1.54662752,12.1986132,2.59454346,-1.58793128,14.3686609,355.83313,0,1,0,3,3,0
624,1873,2,8327376,0,0,82,0,255,0,0,1,0,0,31250,50,2.5,0,0,6,3918.5061,21.0745068,0,-0.862898827,12.4671793,0.64263916,-1.72058892,16.5886612,353.014832,0,1,0,9,9,0
624,1874,3,8327452,0,0,45,0,255,0,0,0,0,0,31250,50,2.5,0,0,6,3822.83838,1.61679339,0,-1.55637026,13.3725224,4.49339294,-1.52890015,14.9492579,356.017944,0,1,0,2,2,0
625,1875,1,8327300,0,0,58,0,255,0,0,0,0,0,31300,50,2.5,0,0,6,3899.97046,3.5317111,0,-1.30328965,7.07189655,2.07400513,-1.60256314,14.1887531,354.972656,0,1,0,12,12,0
625,1876,2,8327376,0,0,77,0,255,0,0,1,0,0,31300,50,2.5,0,0,6,3926.58154,19.7765579,0,-0.831378937,12.2719221,1.47888184,-1.71830416,16.4070969,353.445404,0,1,0,9,9,0
625,1877,3,8327452,0,0,73,0,255,0,0,0,0,0,31300,50,2.5,0,0,6,3839.38916,2.2551198,0,-1.28983736,6.6390481,3.86437988,-1.54798687,14.7725821,353.63031,0,1,0,14,14,0
626,1878,1,8327300,0,0,48,0,255,0,0,0,0,0,31350,50,2.5,0,0,6,3913.55811,3.60818744,0,-1.51515687,11.2499914,1.50900269,-1.61568069,14.0080957,355.84552,0,1,0,4,4,0
626,1879,2,8327376,0,0,72,0,255,0,0,1,0,0,31350,50,2.5,0,0,6,3934.88794,18.436697,0,-0.799641371,12.071002,2.25769043,-1.71300077,16.2252007,353.883911,0,1,0,9,9,0
626,1880,3,8327452,0,0,67,0,255,0,0,0,0,0,31350,50,2.5,0,0,6,3854.68506,2.54155731,0,-1.29958916,6.96615505,3.28775024,-1.56576765,14.5950565,354.144897,0,1,0,13,13,0
627,1881,1,8327300,0,0,51,0,255,0,0,0,0,0,31400,50,2.5,0,0,6,3927.00903,3.70473433,0,-1.33207488,7.75148773,1.06669617,-1.62728345,13.8267136,355.60791,0,1,0,10,10,0
627,1882,2,8327376,0,0,67,0,255,0,0,1,0,0,31400,50,2.5,0,0,6,3943.4397,17.0196896,0,-0.771810293,11.8901024,2.89068604,-1.70477355,16.043005,354.30777,0,1,0,9,9,0
627,1883,3,8327452,0,0,47,0,255,0,0,0,0,0,31400,50,2.5,0,0,6,3869.6687,3.01900864,0,-1.54806662,12.2610674,2.76702881,-1.58211935,14.4167042,355.876007,0,1,0,3,3,0
628,1884,1,8327300,0,0,47,0,255,0,0,0,0,0,31450,50,2.5,0,0,6,3939.97412,3.69125199,0,-1.4711163,10.3170099,0.68208313,-1.63736713,13.6446381,356.015289,0,1,0,5,5,0
628,1885,2,8327376,0,0,62,0,255,0,0,1,0,0,31450,50,2.5,0,0,6,3952.2417,15.5615435,0,-0.742899895,11.6961155,3.50048828,-1.69372773,15.8605385,354.745605,0,1,0,9,9,0
628,1886,3,8327452,0,0,59,0,255,0,0,0,0,0,31450,50,2.5,0,0,6,3884.47144,3.53010178,0,-1.30510926,7.12151051,2.21574402,-1.59703016,14.237545,354.879364,0,1,0,12,12,0
629,1887,1,8327300,0,0,45,0,255,0,0,0,0,0,31500,50,2.5,0,0,6,3952.6936,3.65576601,0,-1.43051374,9.56955719,0.296615601,-1.64594054,13.4618959,356.15509,0,1,0,6,6,0
629,1888,2,8327376,0,0,63,0,255,0,0,1,0,0,31500,50,2.5,0,0,6,3961.29712,14.0952129,0,-0.778881073,11.9365501,3.99487305,-1.67997825,15.6778231,354.655212,0,1,0,8,8,0
629,1889,3,8327452,0,0,48,0,255,0,0,0,0,0,31500,50,2.5,0,0,6,3898.4873,3.60750842,0,-1.51737642,11.3041716,1.72866821,-1.61045277,14.0576143,355.854095,0,1,0,4,4,0
630,1890,1,8327300,0,0,43,0,255,0,0,0,0,0,31550,50,2.5,0,0,6,3965.09912,3.58487272,0,-1.38816142,8.81727314,0.0925292969,-1.65302277,13.2785149,356.35379,0,1,0,7,7,0
630,1891,2,8327376,0,0,58,0,255,0,0,1,0,0,31550,50,2.5,0,0,6,3970.46167,12.6499205,0,-0.749390364,11.7402916,4.47360229,-1.66363597,15.4948807,355.111603,0,1,0,8,8,0
630,1892,3,8327452,0,0,48,0,255,0,0,0,0,0,31550,50,2.5,0,0,6,3912.37915,3.7325263,0,-1.50923657,11.110301,1.18565369,-1.62238336,13.8769379,355.905212,0,1,0,4,4,0
631,1893,1,8327300,0,0,41,0,255,0,0,0,0,0,31600,50,2.5,0,0,6,3977.22876,3.46519256,0,-1.37786698,8.63196945,0.432739258,-1.65863943,13.0945196,356.560699,0,1,0,7,7,0
631,1894,2,8327376,0,0,53,0,255,0,0,1,0,0,31600,50,2.5,0,0,6,3979.89038,11.4419394,0,-0.724364996,11.5676451,4.8394165,-1.64480436,15.3117304,355.537323,0,1,0,8,8,0
631,1895,3,8327452,0,0,47,0,255,0,0,0,0,0,31600,50,2.5,0,0,6,3925.82129,3.74162936,0,-1.4738307,10.369442,0.793487549,-1.63282764,13.6955452,355.967285,0,1,0,5,5,0
632,1896,1,8327300,0,0,38,0,255,0,0,0,0,0,31650,50,2.5,0,0,6,3989.09766,3.32170296,0,-1.36871958,8.46490383,0.674407959,-1.66282165,12.909935,356.765808,0,1,0,7,7,0
632,1897,2,8327376,0,0,47,0,255,0,0,1,0,0,31650,50,2.5,0,0,6,3989.45825,10.3370962,0,-0.697642326,11.375247,5.1946106,-1.62359691,15.1283846,355.994446,0,1,0,8,8,0
632,1898,3,8327452,0,0,46,0,255,0,0,0,0,0,31650,50,2.5,0,0,6,3938.94141,3.66860795,0,-1.43344927,9.62205696,0.40246582,-1.64179325,13.5134649,356.086884,0,1,0,6,6,0
633,1899,1,8327300,0,0,36,0,255,0,0,0,0,0,31700,50,2.5,0,0,6,4000.73901,3.16256213,0,-1.35821819,8.2691431,0.97845459,-1.66560996,12.7247839,356.966492,0,1,0,7,7,0
633,1900,2,8327376,0,0,43,0,255,0,0,1,0,0,31700,50,2.5,0,0,6,3999.18164,9.23981571,0,-0.675176144,11.2051487,4.99169922,-1.60013866,14.94485,356.408264,0,1,0,8,8,0
633,1901,3,8327452,0,0,44,0,255,0,0,0,0,0,31700,50,2.5,0,0,6,3951.74072,3.59493923,0,-1.39183843,8.88295746,0.033203125,-1.64929056,13.3307238,356.276672,0,1,0,7,7,0
634,1902,1,8327300,0,0,34,0,255,0,0,0,0,0,31750,50,2.5,0,0,6,4012.14282,2.97744441,0,-1.34886813,8.09000206,1.23760986,-1.66704941,12.5390873,357.165222,0,1,0,7,7,0
634,1903,2,8327376,0,0,37,0,255,0,0,1,0,0,31750,50,2.5,0,0,6,4009.01001,8.14557266,0,-0.651803493,11.0173893,5.25830078,-1.57456183,14.7611284,356.86377,0,1,0,8,8,0
634,1904,3,8327452,0,0,41,0,255,0,0,0,0,0,31750,50,2.5,0,0,6,3964.24829,3.51287484,0,-1.38089228,8.68667984,0.334503174,-1.65533662,13.1473494,356.48764,0,1,0,7,7,0
635,1905,1,8327300,0,0,31,0,255,0,0,0,0,0,31800,50,2.5,0,0,6,4023.32446,2.78242111,0,-1.34057117,7.92595768,1.31304932,-1.66718781,12.3528662,357.359924,0,1,0,7,7,0
635,1906,2,8327376,0,0,42,0,255,0,0,1,0,0,31800,50,2.5,0,0,6,4018.98926,7.11872673,0,-0.681966066,11.2574959,5.46020508,-1.54700637,14.5772171,356.457123,0,1,0,7,7,0
635,1907,3,8327452,0,0,39,0,255,0,0,0,0,0,31800,50,2.5,0,0,6,3976.49097,3.40915775,0,-1.37143064,8.51469994,0.593414307,-1.65996003,12.9633656,356.687805,0,1,0,7,7,0
636,1908,1,8327300,0,0,31,0,255,0,0,0,0,0,31850,50,2.5,0,0,6,4034.30688,2.58969545,0,-1.35806441,8.26623535,1.54263306,-1.66608024,12.1661377,357.359009,0,1,0,6,6,0
636,1909,2,8327376,0,0,31,0,255,0,0,1,0,0,31850,50,2.5,0,0,6,4028.8667,6.14590597,0,-0.459445775,7.91021109,5.2862854,-1.51758599,14.3931208,360,2.19195557,1,0,15,15,0
636,1910,3,8327452,0,0,37,0,255,0,0,0,0,0,31850,50,2.5,0,0,6,3988.46582,3.26562476,0,-1.36183047,8.33704567,0.875549316,-1.66319561,12.7787962,356.888489,0,1,0,7,7,0
637,1911,1,8327300,0,0,29,0,255,0,0,0,0,0,31900,50,2.5,0,0,6,4045.41455,2.38780189,0,-1.34945083,8.10132599,1.7215271,-1.66377223,11.9789038,357.53598,0,1,0,6,6,0
637,1912,2,8327376,0,0,21,0,255,0,0,1,0,0,31900,50,2.5,0,0,6,4038.96533,5.44275427,0,-0.453060329,7.72837639,5.47515869,-1.48642433,14.2088327,360,2.69708252,1,0,15,15,0
637,1913,3,8327452,0,0,34,0,255,0,0,0,0,0,31900,50,2.5,0,0,6,4000.1936,3.10191536,0,-1.35159564,8.1428175,1.16308594,-1.66508234,12.5936642,357.093353,0,1,0,7,7,0
638,1914,1,8327300,0,0,27,0,255,0,0,0,0,0,31950,50,2.5,0,0,6,4056.30737,2.21329093,0,-1.33979511,7.91032314,1.91168213,-1.66031194,11.7911816,357.725403,0,1,0,6,6,0
638,1915,2,8327376,0,0,10,0,255,0,0,1,0,0,31950,50,2.5,0,0,6,4049.08643,4.74404383,0,-0.447224766,7.5548234,5.61053467,-1.45368361,14.0243368,360,3.11440277,1,0,15,15,0
638,1916,3,8327452,0,0,32,0,255,0,0,0,0,0,31950,50,2.5,0,0,6,4011.70337,2.92982936,0,-1.34318876,7.97831249,1.38983154,-1.66566777,12.4079885,357.282135,0,1,0,7,7,0
639,1917,1,8327300,0,0,25,0,255,0,0,0,0,0,32000,50,2.5,0,0,6,4066.97461,2.05508542,0,-1.33192682,7.74837208,2.05865479,-1.65575004,11.6029882,357.901947,0,1,0,6,6,0
639,1918,2,8327376,0,41,0,0,255,0,0,1,0,0,32000,50,2.5,0,0,6,4059.25977,3.94887638,0,-0.441982746,7.39253521,6.1050415,-1.41956258,13.8396044,360,3.43000031,1,0,15,15,0
639,1919,3,8327452,0,0,32,0,255,0,0,0,0,0,32000,50,2.5,0,0,6,4022.98071,2.74122763,0,-1.36093521,8.3202734,1.4810791,-1.66500282,12.2217894,357.294159,0,1,0,6,6,0
640,1920,1,8327300,0,0,23,0,255,0,0,0,0,0,32050,50,2.5,0,0,6,4077.69604,1.90001404,0,-1.32379007,7.57298946,2.00054932,-1.65013874,11.4143248,358.086517,0,1,0,6,6,0
640,1921,2,8327376,0,40,0,0,255,0,0,1,0,0,32050,50,2.5,0,0,6,4069.52222,3.13471365,0,-0.436306149,7.20958853,6.8760376,-1.38442934,13.6545715,360,3.29315948,1,0,15,15,0
640,1922,3,8327452,0,0,30,0,255,0,0,0,0,0,32050,50,2.5,0,0,6,4034.37842,2.54918981,0,-1.35160279,8.14295483,1.6776123,-1.6631285,12.0350685,357.479309,0,1,0,6,6,0
641,1923,1,8327300,0,0,21,0,255,0,0,0,0,0,32100,50,2.5,0,0,6,4088.17871,1.74947119,0,-1.31606507,7.39651108,2.12991333,-1.64353275,11.2252064,358.273346,0,1,0,6,6,0
641,1924,2,8327376,0,38,0,0,255,0,0,1,0,0,32100,50,2.5,0,0,6,4079.65625,1.95747876,0,-0.431127578,7.03583765,7.6774292,-1.34873164,13.4691525,360,3.16366577,1,0,15,15,0
641,1925,3,8327452,0,0,28,0,255,0,0,0,0,0,32100,50,2.5,0,0,6,4045.55029,2.38760376,0,-1.34307408,7.97603035,1.8482666,-1.66008925,11.8478441,357.660583,0,1,0,6,6,0
642,1926,1,8327300,0,0,18,0,255,0,0,0,0,0,32150,50,2.5,0,0,6,4098.42822,1.60557091,0,-1.30907607,7.22529602,2.2411499,-1.63598859,11.0356474,358.458557,0,1,0,6,6,0
642,1927,2,8327376,0,37,0,0,255,0,0,1,0,0,32150,50,2.5,0,0,6,4089.86621,1.17473722,0,-0.42646867,6.87371206,7.8354187,-1.31281948,13.2832861,360,3.04624176,1,0,15,15,0
642,1928,3,8327452,0,0,26,0,255,0,0,0,0,0,32150,50,2.5,0,0,6,4056.48633,2.23988986,0,-1.33377314,7.786973,2.02478027,-1.65593255,11.6601343,357.853455,0,1,0,6,6,0
643,1929,1,8327300,0,0,16,0,255,0,0,0,0,0,32200,50,2.5,0,0,6,4108.46631,1.46815503,0,-1.30212665,7.0394001,2.34655762,-1.62757003,10.8456583,358.647003,0,1,0,6,6,0
643,1930,2,8327376,0,36,0,0,255,0,0,1,0,0,32200,50,2.5,0,0,6,4099.93164,0.93195194,0,-0.421444267,6.69251966,7.97131348,-1.2769649,13.0969324,360,2.95861053,1,0,15,15,0
643,1931,3,8327452,0,0,24,0,255,0,0,0,0,0,32200,50,2.5,0,0,6,4067.4751,2.09144402,0,-1.32618427,7.62556744,1.95913696,-1.65070808,11.47194,358.033569,0,1,0,6,6,0
644,1932,1,8327300,0,0,12,0,255,0,0,0,0,0,32250,50,2.5,0,0,6,4118.2832,1.33045304,0,-1.28995204,3.15294504,2.42858887,-1.61834204,10.6552505,360,1.18032074,1,0,15,15,0
644,1933,2,8327376,0,35,0,0,255,0,0,1,0,0,32250,50,2.5,0,0,6,4109.72412,0.958438635,0,-0.417037398,6.52808666,8.54974365,-1.24137676,12.9100666,360,2.86467743,1,0,15,15,0
644,1934,3,8327452,0,0,21,0,255,0,0,0,0,0,32250,50,2.5,0,0,6,4078.21704,1.94606912,0,-1.31841803,7.45148754,2.09103394,-1.64446807,11.2832785,358.221558,0,1,0,6,6,0
645,1935,1,8327300,0,0,8,0,255,0,0,0,0,0,32300,50,2.5,0,0,6,4127.90771,1.20107889,0,-1.29064858,3.03543496,2.49591064,-1.60838139,10.4644327,360,1.3521347,1,0,15,15,0
645,1936,2,8327376,0,34,0,0,255,0,0,1,0,0,32300,50,2.5,0,0,6,4119.19824,1.1030488,0,-0.412498951,6.35335255,8.58056641,-1.20621395,12.7226753,360,2.78817749,1,0,15,15,0
645,1937,3,8327452,0,0,19,0,255,0,0,0,0,0,32300,50,2.5,0,0,6,4088.72827,1.80463099,0,-1.31119013,7.27847481,2.20794678,-1.63727248,11.094162,358.401001,0,1,0,6,6,0
646,1938,1,8327300,0,0,4,0,255,0,0,0,0,0,32350,50,2.5,0,0,6,4137.33154,1.06979263,0,-1.29129231,2.92613101,2.54571533,-1.59777617,10.2732105,360,1.48875427,1,0,15,15,0
646,1939,2,8327376,0,33,0,0,255,0,0,1,0,0,32350,50,2.5,0,0,6,4128.34277,1.28506923,0,-0.408096015,6.17869043,8.703125,-1.17159712,12.5347548,360,2.71820831,1,0,15,15,0
646,1940,3,8327452,0,0,17,0,255,0,0,0,0,0,32350,50,2.5,0,0,6,4099.00684,1.65915859,0,-1.30454397,7.10625219,2.3104248,-1.62918305,10.904604,358.581665,0,1,0,6,6,0
647,1941,1,8327300,0,19,0,0,255,0,0,0,0,0,32400,50,2.5,0,0,6,4146.94043,0.938082278,0,-1.29199326,2.80561137,2.58636475,-1.58662283,10.0815725,360,1.59679413,1,0,15,15,0
647,1942,2,8327376,0,32,0,0,255,0,0,1,0,0,32400,50,2.5,0,0,6,4137.16504,1.46238458,0,-0.403863251,6.00618267,8.82958984,-1.13761723,12.3463039,360,2.65216064,1,0,15,15,0
647,1943,3,8327452,0,0,12,0,255,0,0,0,0,0,32400,50,2.5,0,0,6,4109.06348,1.51893651,0,-1.28967285,3.19999552,2.39749146,-1.62026238,10.7146158,360,1.10996246,1,0,15,15,0
648,1944,1,8327300,0,18,0,0,255,0,0,0,0,0,32450,50,2.5,0,0,6,4156.36914,0.813459218,0,-1.2926569,2.68924093,3.02755737,-1.57509601,9.88951874,360,1.48795319,1,0,15,15,0
648,1945,2,8327376,0,32,0,0,255,0,0,1,0,0,32450,50,2.5,0,0,6,4145.6792,1.61667192,0,-0.399473667,5.82284069,8.88305664,-1.10434175,12.1573296,360,2.59953308,1,0,15,15,0
648,1946,3,8327452,0,0,8,0,255,0,0,0,0,0,32450,50,2.5,0,0,6,4118.93457,1.39016175,0,-1.29042542,3.07313776,2.47558594,-1.61059093,10.5242062,360,1.28297424,1,0,15,15,0
649,1947,1,8327300,0,17,0,0,255,0,0,0,0,0,32500,50,2.5,0,0,6,4165.54785,0.634707093,0,-1.29336572,2.56142378,3.32870483,-1.5633955,9.69704723,360,1.39530182,1,0,15,15,0
649,1948,2,8327376,0,31,0,0,255,0,0,1,0,0,32500,50,2.5,0,0,6,4154.29248,1.73984337,0,-0.395402521,5.64916658,8.85998535,-1.07182038,11.9678202,360,2.5337677,1,0,15,15,0
649,1949,3,8327452,0,0,4,0,255,0,0,0,0,0,32500,50,2.5,0,0,6,4128.59814,1.25233448,0,-1.29107654,2.9628911,2.53033447,-1.6002605,10.3333817,360,1.41764069,1,0,15,15,0
650,1950,1,8327300,0,16,0,0,255,0,0,0,0,0,32550,50,2.5,0,0,6,4174.62598,0.525373161,0,-1.293962,2.45001364,3.55218506,-1.5516721,9.50415516,360,1.3079071,1,0,15,15,0
650,1951,2,8327376,0,30,0,0,255,0,0,1,0,0,32550,50,2.5,0,0,6,4162.62158,1.84225655,0,-0.391382545,5.47475767,8.76501465,-1.04009318,11.7777863,360,2.47245789,1,0,15,15,0
650,1952,3,8327452,0,18,0,0,255,0,0,0,0,0,32550,50,2.5,0,0,6,4138.05762,1.11082149,0,-1.29181504,2.83644295,2.57745361,-1.58937144,10.142148,360,1.5255661,1,0,15,15,0
651,1953,1,8327300,0,15,0,0,255,0,0,0,0,0,32600,50,2.5,0,0,6,4183.60205,0.505865514,0,-1.29458249,2.3290484,3.75579834,-1.54003906,9.31084156,360,1.23388672,1,0,15,15,0
651,1954,2,8327376,0,30,0,0,255,0,0,1,0,0,32600,50,2.5,0,0,6,4170.68066,1.91691005,0,-0.387627184,5.30975962,8.60968018,-1.0091871,11.5872402,360,2.40807343,1,0,15,15,0
651,1955,3,8327452,0,17,0,0,255,0,0,0,0,0,32600,50,2.5,0,0,6,4147.72852,0.979930341,0,-1.29244316,2.72701764,2.92926025,-1.57809532,9.95048714,360,1.42151642,1,0,15,15,0
652,1956,1,8327300,0,14,0,0,255,0,0,0,0,0,32650,50,2.5,0,0,6,4192.31445,0.525904715,0,-1.29521978,2.19760323,3.93243408,-1.52857912,9.11711311,360,1.17259216,1,0,15,15,0
652,1957,2,8327376,0,29,0,0,255,0,0,1,0,0,32650,50,2.5,0,0,6,4178.72754,1.96288192,0,-0.383651197,5.13357019,8.37298584,-0.979119837,11.396183,360,2.34505463,1,0,15,15,0
652,1958,3,8327452,0,16,0,0,255,0,0,0,0,0,32650,50,2.5,0,0,6,4157.14844,0.79630816,0,-1.29311073,2.60789537,3.22479248,-1.56662786,9.75839806,360,1.33326721,1,0,15,15,0
653,1959,1,8327300,0,14,0,0,255,0,0,0,0,0,32700,50,2.5,0,0,6,4200.76025,0.558984697,0,-1.29573464,2.08414292,4.05041504,-1.51735103,8.92298031,360,1.11439514,1,0,15,15,0
653,1960,2,8327376,0,28,0,0,255,0,0,1,0,0,32700,50,2.5,0,0,6,4186.53174,1.99655771,0,-0.379658878,4.95591354,8.05841064,-0.949905276,11.204628,360,2.28570557,1,0,15,15,0
653,1961,3,8327452,0,15,0,0,255,0,0,0,0,0,32700,50,2.5,0,0,6,4166.35596,0.683144212,0,-1.2938025,2.48021603,3.49530029,-1.55511749,9.56588364,360,1.25901794,1,0,15,15,0
654,1962,1,8327300,0,13,0,0,255,0,0,0,0,0,32750,50,2.5,0,0,6,4208.94727,0.591408968,0,-1.29628789,1.95216703,4.14810181,-1.50639856,8.72845268,360,1.06077576,1,0,15,15,0
654,1963,2,8327376,0,28,0,0,255,0,0,1,0,0,32750,50,2.5,0,0,6,4194.10156,2.01276326,0,-0.375502706,4.77113247,7.64849854,-0.92154932,11.0125904,360,2.23297882,1,0,15,15,0
654,1964,3,8327452,0,14,0,0,255,0,0,0,0,0,32750,50,2.5,0,0,6,4175.56299,0.656843901,0,-1.29442561,2.3602128,3.7069397,-1.54367387,9.37293816,360,1.19229126,1,0,15,15,0
655,1965,1,8327300,0,12,0,0,255,0,0,0,0,0,32800,50,2.5,0,0,6,4216.88135,0.621662796,0,-1.29674029,1.83332968,4.20172119,-1.49575305,8.53354073,360,1.01129913,1,0,15,15,0
655,1966,2,8327376,0,27,0,0,255,0,0,1,0,0,32800,50,2.5,0,0,6,4201.44629,2.00890303,0,-0.371522784,4.59531116,7.17700195,-0.894054413,10.8200836,360,2.16741943,1,0,15,15,0
655,1967,3,8327452,0,14,0,0,255,0,0,0,0,0,32800,50,2.5,0,0,6,4184.50293,0.670490682,0,-1.29502571,2.23855209,3.88208008,-1.53237772,9.1795702,360,1.13567352,1,0,15,15,0
656,1968,1,8327300,0,0,0,0,255,0,0,0,0,0,32850,50,2.5,0,0,6,4224.57373,0.642942309,0,-1.29717374,1.70570433,4.22473145,-1.48543286,8.33825493,360,0.972175598,1,0,15,15,0
656,1969,2,8327376,0,26,0,0,255,0,0,1,0,0,32850,50,2.5,0,0,6,4208.58252,2.00040054,0,-0.367630333,4.42531157,6.640625,-0.867420077,10.6271219,360,2.10088348,1,0,15,15,0
656,1970,3,8327452,0,13,0,0,255,0,0,0,0,0,32850,50,2.5,0,0,6,4193.17383,0.698613703,0,-1.29559064,2.11665964,4.01983643,-1.52128994,8.98578835,360,1.07858276,1,0,15,15,0
657,1971,1,8327300,0,14,0,0,255,0,0,0,0,0,32900,50,2.5,0,0,6,4232.01807,0.657208979,0,-1.29755867,1.57470846,3.54541016,-1.47540593,8.14260864,360,1.16056824,1,0,15,15,0
657,1972,2,8327376,0,25,0,0,255,0,0,1,0,0,32900,50,2.5,0,0,6,4215.51367,1.98347938,0,-0.363291562,4.23910809,5.95651245,-0.841640353,10.4337206,360,2.04463196,1,0,15,15,0
657,1973,3,8327452,0,13,0,0,255,0,0,0,0,0,32900,50,2.5,0,0,6,4201.58008,0.730553091,0,-1.29612279,1.99288464,4.12231445,-1.51045537,8.79160213,360,1.03066254,1,0,15,15,0
658,1974,1,8327300,0,14,0,0,255,0,0,0,0,0,32950,50,2.5,0,0,6,4239.26221,0.578656733,0,-1.29788065,1.44316256,3.59674072,-1.46557415,7.94661522,360,1.100914,1,0,15,15,0
658,1975,2,8327376,0,25,0,0,255,0,0,1,0,0,32950,50,2.5,0,0,6,4222.25,1.95357907,0,-0.359039932,4.06094742,5.20095825,-0.81670475,10.2398939,360,1.98571777,1,0,15,15,0
658,1976,3,8327452,0,0,0,0,255,0,0,0,0,0,32950,50,2.5,0,0,6,4209.72949,0.757311463,0,-1.29658568,1.87528515,4.1864624,-1.49990654,8.59702301,360,0.979621887,1,0,15,15,0
659,1977,1,8327300,0,13,0,0,255,0,0,0,0,0,33000,50,2.5,0,0,6,4246.31836,0.573330283,0,-1.29814053,1.30809283,3.60583496,-1.45599079,7.75028276,360,1.04067993,1,0,15,15,0
659,1978,2,8327376,0,24,0,0,255,0,0,1,0,0,33000,50,2.5,0,0,6,4229.19092,1.91265941,0,-0.354884118,3.89169121,4.72616577,-0.792600393,10.0456381,360,1.91472626,1,0,15,15,0
659,1979,3,8327452,0,15,0,0,255,0,0,0,0,0,33000,50,2.5,0,0,6,4217.6167,0.78136313,0,-1.29706204,1.7402041,4.2220459,-1.48962247,8.40206432,360,1.19448853,1,0,15,15,0
660,1980,1,8327300,0,0,0,0,255,0,0,0,0,0,33050,50,2.5,0,0,6,4253.15527,0.603897333,0,-1.29833233,1.16731572,3.57043457,-1.44669461,7.55362034,360,0.989326477,1,0,15,15,0
660,1981,2,8327376,0,23,0,0,255,0,0,1,0,0,33050,50,2.5,0,0,6,4235.94141,1.8769834,0,-0.350401282,3.71521568,4.55029297,-0.769316077,9.85096645,360,1.84836578,1,0,15,15,0
660,1982,3,8327452,0,14,0,0,255,0,0,0,0,0,33050,50,2.5,0,0,6,4225.28857,0.711935163,0,-1.29744077,1.6171701,4.22003174,-1.47949696,8.20674038,360,1.12435913,1,0,15,15,0
661,1983,1,8327300,0,14,0,0,255,0,0,0,0,0,33100,50,2.5,0,0,6,4259.7627,0.630473912,0,-1.29844522,1.01723707,3.48455811,-1.43766773,7.35663939,360,1.11563873,1,0,15,15,0
661,1984,2,8327376,0,22,0,0,255,0,0,1,0,0,33100,50,2.5,0,0,6,4242.50391,1.8383199,0,-0.34567672,3.53663206,4.36584473,-0.746836901,9.65589428,360,1.78385162,1,0,15,15,0
661,1985,3,8327452,0,13,0,0,255,0,0,0,0,0,33100,50,2.5,0,0,6,4232.75977,0.708948791,0,-1.29778159,1.48665404,3.58441162,-1.46959376,8.01105976,360,1.06476593,1,0,15,15,0
662,1986,1,8327300,0,13,0,0,255,0,0,0,0,0,33150,50,2.5,0,0,6,4266.18701,0.583465993,0,-1.29846394,0.880912304,3.36633301,-1.4288609,7.15934992,360,1.05023956,1,0,15,15,0
662,1987,2,8327376,0,21,0,0,255,0,0,1,0,0,33150,50,2.5,0,0,6,4249.13477,1.79211056,0,-0.341217577,3.37537289,4.16668701,-0.725143254,9.46042347,360,1.71434784,1,0,15,15,0
662,1988,3,8327452,0,12,0,0,255,0,0,0,0,0,33150,50,2.5,0,0,6,4239.99805,0.742748082,0,-1.29807699,1.34490085,3.60766602,-1.45995665,7.81503057,360,1.01586914,1,0,15,15,0
663,1989,1,8327300,0,0,0,0,255,0,0,0,0,0,33200,50,2.5,0,0,6,4272.43701,0.587905884,0,-1.29839098,0.731123447,3.19293213,-1.4203198,6.96175957,360,0.994804382,1,0,15,15,0
663,1990,2,8327376,0,21,0,0,255,0,0,1,0,0,33200,50,2.5,0,0,6,4255.58643,1.74223173,0,-0.336460948,3.21130228,4.0369873,-0.704214931,9.26456833,360,1.64739227,1,0,15,15,0
663,1991,3,8327452,0,0,0,0,255,0,0,0,0,0,33200,50,2.5,0,0,6,4247.00977,0.770554185,0,-1.29827619,1.21536911,3.58740234,-1.45061362,7.61866236,360,0.971656799,1,0,15,15,0
664,1992,1,8327300,0,13,0,0,255,0,0,0,0,0,33250,50,2.5,0,0,6,4278.47559,0.615251541,0,-1.29820931,0.574637175,2.96615601,-1.41203189,6.76387882,360,1.0835495,1,0,15,15,0
664,1993,2,8327376,0,20,0,0,255,0,0,1,0,0,33250,50,2.5,0,0,6,4261.8623,1.68932712,0,-0.331212699,3.03974581,3.89346313,-0.684033275,9.06834221,360,1.57408142,1,0,15,15,0
664,1994,3,8327452,0,14,0,0,255,0,0,0,0,0,33250,50,2.5,0,0,6,4253.79248,0.788535774,0,-1.298419,1.06611502,3.51751709,-1.44154143,7.42196751,360,1.10086823,1,0,15,15,0
665,1995,1,8327300,0,13,0,0,255,0,0,0,0,0,33300,50,2.5,0,0,6,4284.34326,0.586539149,0,-1.29789352,0.406410694,2.67095947,-1.40397179,6.56571627,360,1.02631378,1,0,15,15,0
665,1996,2,8327376,0,19,0,0,255,0,0,1,0,0,33300,50,2.5,0,0,6,4267.97217,1.6445694,0,-0.326060206,2.88075447,3.75305176,-0.664580226,8.87175846,360,1.49843597,1,0,15,15,0
665,1997,3,8327452,0,13,0,0,255,0,0,0,0,0,33300,50,2.5,0,0,6,4260.38818,0.739846587,0,-1.29846644,0.930438042,3.41357422,-1.43268847,7.22495604,360,1.03559113,1,0,15,15,0
666,1998,1,8327300,0,0,0,0,255,0,0,0,0,0,33350,50,2.5,0,0,6,4290.04785,0.591684759,0,-1.29749262,0.25149703,2.35464478,-1.39618075,6.36727905,360,0.964355469,1,0,15,15,0
666,1999,2,8327376,0,18,0,0,255,0,0,1,0,0,33350,50,2.5,0,0,6,4273.91504,1.6006279,0,-0.320907086,2.73072958,3.6137085,-0.645835042,8.67482853,360,1.42214966,1,0,15,15,0
666,2000,3,8327452,0,0,0,0,255,0,0,0,0,0,33350,50,2.5,0,0,6,4266.80566,0.743279219,0,-1.29842126,0.773155093,3.24572754,-1.42410052,7.02763557,360,0.9818573,1,0,15,15,0
667,2001,1,8327300,0,13,0,0,255,0,0,0,0,0,33400,50,2.5,0,0,6,4295.55664,0.618554711,0,-1.29691803,0.0776557922,1.95007324,-1.38864625,6.16857719,360,1.02165985,1,0,15,15,0
667,2002,2,8327376,0,17,0,0,255,0,0,1,0,0,33400,50,2.5,0,0,6,4279.69629,1.55369091,0,-0.315263361,2.5761404,3.46261597,-0.627774894,8.47756577,360,1.34788513,1,0,15,15,0
667,2003,3,8327452,0,13,0,0,255,0,0,0,0,0,33400,50,2.5,0,0,6,4273.00586,0.771611214,0,-1.29827023,0.617786884,3.03295898,-1.41576481,6.83001757,360,1.0729599,1,0,15,15,0
668,2004,1,8327300,0,0,0,0,255,0,0,0,0,0,33450,50,2.5,0,0,6,4301.27637,0.59809804,0,-1.2961458,-0.111440182,1.47698975,-1.38136053,5.9696002,360,0.957473755,1,0,15,15,0
668,2005,2,8327376,0,16,0,0,255,0,0,1,0,0,33450,50,2.5,0,0,6,4285.32227,1.50528479,0,-0.309566468,2.42869544,3.30828857,-0.610375166,8.27998161,360,1.27390289,1,0,15,15,0
668,2006,3,8327452,0,13,0,0,255,0,0,0,0,0,33450,50,2.5,0,0,6,4279.03125,0.741150796,0,-1.29802775,0.470111847,2.78897095,-1.40765452,6.6321106,360,1.01311493,1,0,15,15,0
669,2007,1,8327300,0,0,0,0,255,0,0,0,0,0,33500,50,2.5,0,0,6,4306.83154,0.606329381,0,-1.29529119,-0.287466764,1.3536377,-1.37431586,5.77035809,360,0.997894287,1,0,15,15,0
669,2008,2,8327376,0,15,0,0,255,0,0,1,0,0,33500,50,2.5,0,0,6,4290.79639,1.45566773,0,-0.303699344,2.28466487,3.1461792,-0.59360975,8.08208752,360,1.20124817,1,0,15,15,0
669,2009,3,8327452,0,0,0,0,255,0,0,0,0,0,33500,50,2.5,0,0,6,4284.88965,0.747041881,0,-1.29764283,0.304955006,2.46893311,-1.39981127,6.43392181,360,0.953193665,1,0,15,15,0
670,2010,1,8327300,0,13,0,0,255,0,0,0,0,0,33550,50,2.5,0,0,6,4312.21143,0.593763649,0,-1.29418635,-0.484067917,1.36257935,-1.36747098,5.57085943,360,1.03778076,1,0,15,15,0
670,2011,2,8327376,0,14,0,0,255,0,0,1,0,0,33550,50,2.5,0,0,6,4296.12354,1.40663266,0,-0.297620416,2.1429534,2.97436523,-0.577451289,7.8838954,360,1.13024139,1,0,15,15,0
670,2012,3,8327452,0,13,0,0,255,0,0,0,0,0,33550,50,2.5,0,0,6,4290.54736,0.77437073,0,-1.29713082,0.137559652,2.09487915,-1.39222276,6.23546124,360,1.01226807,1,0,15,15,0
671,2013,1,8327300,0,0,0,0,255,0,0,0,0,0,33600,50,2.5,0,0,6,4317.67969,0.570858836,0,-1.29278839,-0.701014042,1.35144043,-1.36083782,5.37109995,360,0.964988708,1,0,15,15,0
671,2014,2,8327376,0,13,0,0,255,0,0,1,0,0,33600,50,2.5,0,0,6,4301.30664,1.35844564,0,-0.291924924,2.01641607,2.80941772,-0.561871409,7.68541574,360,1.06085205,1,0,15,15,0
671,2015,3,8327452,0,0,0,0,255,0,0,0,0,0,33600,50,2.5,0,0,6,4296.41162,0.753911376,0,-1.29646134,-0.0385565758,1.64990234,-1.3848803,6.03671932,360,0.94770813,1,0,15,15,0
672,2016,1,8327300,0,0,0,0,255,0,0,0,0,0,33650,50,2.5,0,0,6,4323.00488,0.586509228,0,-1.29128122,-0.908601761,1.32287598,-1.35441637,5.17108727,360,0.988609314,1,0,15,15,0
672,2017,2,8327376,0,0,0,0,255,0,0,1,0,0,33650,50,2.5,0,0,6,4306.35107,1.31111634,0,-0.285934776,1.8891654,2.90722656,-0.546840847,7.48665905,360,0.994270325,1,0,15,15,0
672,2018,3,8327452,0,0,0,0,255,0,0,0,0,0,33650,50,2.5,0,0,6,4302.10791,0.761343956,0,-1.29560614,-0.225636005,1.34655762,-1.37777662,5.83770514,360,0.991653442,1,0,15,15,0
673,2019,1,8327300,0,13,0,0,255,0,0,0,0,0,33700,50,2.5,0,0,6,4328.16211,0.58156383,0,-1.28931642,-1.15142632,1.27020264,-1.34817815,4.97082949,360,1.01078796,1,0,15,15,0
673,2020,2,8327376,0,0,0,0,255,0,0,1,0,0,33700,50,2.5,0,0,6,4311.25146,1.26670849,0,-0.291598052,2.00932288,2.76742554,-0.532280385,7.28763962,360,0.890068054,1,0,14,14,0
673,2021,3,8327452,0,13,0,0,255,0,0,0,0,0,33700,50,2.5,0,0,6,4307.625,0.749019206,0,-1.29453146,-0.425556421,1.36187744,-1.37086952,5.63842821,360,1.03427887,1,0,15,15,0
674,2022,1,8327300,0,0,0,0,255,0,0,0,0,0,33750,50,2.5,0,0,6,4333.14648,0.567294836,0,-1.28716791,-1.39171982,1.20007324,-1.34214532,4.77033472,360,0.926307678,1,0,15,15,0
674,2023,2,8327376,0,0,0,0,255,0,0,1,0,0,33750,50,2.5,0,0,6,4316.00879,1.28331125,0,-0.285614938,1.88252568,2.62823486,-0.51820755,7.0883646,360,0.791130066,1,0,14,14,0
674,2024,3,8327452,0,0,0,0,255,0,0,0,0,0,33750,50,2.5,0,0,6,4313.22656,0.727128625,0,-1.29326701,-0.629883766,1.35739136,-1.36417055,5.43888426,360,0.961997986,1,0,15,15,0
675,2025,1,8327300,0,0,0,0,255,0,0,0,0,0,33800,50,2.5,0,0,6,4338.00537,0.583961248,0,-1.28933704,-1.14899826,1.22344971,-1.33631992,4.56960917,360,0.936386108,1,0,14,14,0
675,2026,2,8327376,0,0,0,0,255,0,0,1,0,0,33800,50,2.5,0,0,6,4320.61621,1.29733276,0,-0.291506559,2.00734115,2.48168945,-0.504628837,6.88884163,360,0.707885742,1,0,13,13,0
675,2027,3,8327452,0,0,0,0,255,0,0,0,0,0,33800,50,2.5,0,0,6,4318.68262,0.741185665,0,-1.29175222,-0.846066475,1.33331299,-1.35768032,5.23908138,360,0.988464355,1,0,15,15,0
676,2028,1,8327300,0,0,0,0,255,0,0,0,0,0,33850,50,2.5,0,0,6,4342.7085,0.582547545,0,-1.29129303,-0.907046795,1.2015686,-1.33067966,4.36866045,360,0.950965881,1,0,13,13,0
676,2029,2,8327376,0,0,0,0,255,0,0,1,0,0,33850,50,2.5,0,0,6,4325.0835,1.29639995,0,-0.297661245,2.1438818,2.33666992,-0.491542488,6.68907833,360,0.632957458,1,0,12,12,0
676,2030,3,8327452,0,13,0,0,255,0,0,0,0,0,33850,50,2.5,0,0,6,4323.96484,0.738262057,0,-1.29009056,-1.05884075,1.29244995,-1.35136986,5.03902769,360,1.01270294,1,0,15,15,0
677,2031,1,8327300,0,0,0,0,255,0,0,0,0,0,33900,50,2.5,0,0,6,4347.27295,0.571272254,0,-1.29280388,-0.698742151,1.15454102,-1.32520556,4.16749525,360,0.970672607,1,0,12,12,0
677,2032,2,8327376,0,0,0,0,255,0,0,1,0,0,33900,50,2.5,0,0,6,4329.41699,1.28510845,0,-0.30341956,2.27798009,2.17626953,-0.478940547,6.48908281,360,0.565170288,1,0,11,11,0
677,2033,3,8327452,0,0,0,0,255,0,0,0,0,0,33900,50,2.5,0,0,6,4329.07129,0.723701298,0,-1.28804958,-1.29576206,1.23010254,-1.3452611,4.83873129,360,0.929985046,1,0,15,15,0
678,2034,1,8327300,0,0,0,0,255,0,0,0,0,0,33950,50,2.5,0,0,6,4351.70215,0.562544465,0,-1.29421377,-0.479506493,1.09033203,-1.31988132,3.96612096,360,0.996582031,1,0,11,11,0
678,2035,2,8327376,0,0,0,0,255,0,0,1,0,0,33950,50,2.5,0,0,6,4333.62451,1.26575172,0,-0.297103524,2.13122988,1.99945068,-0.466810614,6.28886271,360,0.498977661,1,0,11,11,0
678,2036,3,8327452,0,0,0,0,255,0,0,0,0,0,33950,50,2.5,0,0,6,4334.04883,0.74132812,0,-1.28566062,-1.54855871,1.14599609,-1.33935678,4.63819838,360,0.937728882,1,0,15,15,0
679,2037,1,8327300,0,13,0,0,255,0,0,0,0,0,34000,50,2.5,0,0,6,4355.99854,0.555595517,0,-1.29526126,-0.293194056,0.995666504,-1.31469274,3.76454401,360,1.02984619,1,0,10,10,0
679,2038,2,8327376,0,0,0,0,255,0,0,1,0,0,34000,50,2.5,0,0,6,4338.08936,1.24218464,0,-0.302779227,2.26274371,2.26135254,-0.455136299,6.08840847,360,0.447868347,1,0,10,10,0
679,2039,3,8327452,0,0,0,0,255,0,0,0,0,0,34000,50,2.5,0,0,6,4338.8667,0.739855528,0,-1.28787339,-1.31521463,1.21038818,-1.33363438,4.43743706,360,0.951835632,1,0,14,14,0
680,2040,1,8327300,0,0,0,0,255,0,0,0,0,0,34050,50,2.5,0,0,6,4360.13916,0.550691664,0,-1.29618442,-0.102750063,1.11932373,-1.30967402,3.56277108,360,0.969223022,1,0,9,9,0
680,2041,2,8327376,0,0,0,0,255,0,0,1,0,0,34050,50,2.5,0,0,6,4342.42627,1.21528029,0,-0.308405399,2.39958954,2.13171387,-0.443899989,5.88772774,360,0.403091431,1,0,9,9,0
680,2042,3,8327452,0,0,0,0,255,0,0,0,0,0,34050,50,2.5,0,0,6,4343.54346,0.728522956,0,-1.2899909,-1.07096243,1.17492676,-1.32807481,4.23645449,360,0.970878601,1,0,13,13,0
681,2043,1,8327300,0,13,0,0,255,0,0,0,0,0,34100,50,2.5,0,0,6,4364.18018,0.569407046,0,-1.29695559,0.087864399,1.081604,-1.3048352,3.36080694,360,1.01068878,1,0,8,8,0
681,2044,2,8327376,0,0,0,0,255,0,0,1,0,0,34100,50,2.5,0,0,6,4346.63965,1.18802404,0,-0.302561551,2.25758386,1.99963379,-0.43308273,5.68682814,360,0.353660583,1,0,9,9,0
681,2045,3,8327452,0,0,0,0,255,0,0,0,0,0,34100,50,2.5,0,0,6,4348.08008,0.720246911,0,-1.29171908,-0.850533485,1.11587524,-1.32266164,4.03525782,360,0.995223999,1,0,12,12,0
682,2046,1,8327300,0,0,0,0,255,0,0,0,0,0,34150,50,2.5,0,0,6,4368.06201,0.571755648,0,-1.2775414,-2.64959335,1.01968384,-1.3002069,3.15865803,360,0.80091095,1,0,13,13,0
682,2047,2,8327376,0,0,0,0,255,0,0,1,0,0,34150,50,2.5,0,0,6,4350.90332,1.16067803,0,-0.308094621,2.39184999,1.8536377,-0.422662407,5.48570967,360,0.324554443,1,0,8,8,0
682,2048,3,8327452,0,13,0,0,255,0,0,0,0,0,34150,50,2.5,0,0,6,4352.48145,0.714260876,0,-1.29318964,-0.641581774,1.03411865,-1.31738079,3.83385372,360,1.02603149,1,0,11,11,0
683,2049,1,8327300,0,14,0,0,255,0,0,0,0,0,34200,50,2.5,0,0,6,4371.85352,0.590228856,0,-1.29830623,1.19066167,0.930664062,-1.29579115,2.95632911,360,1.06742859,1,0,4,4,0
683,2050,2,8327376,0,0,0,0,255,0,0,1,0,0,34200,50,2.5,0,0,6,4355.13818,1.13484573,0,-0.313165992,2.52093601,1.68875122,-0.412620962,5.28437567,360,0.301834106,1,0,7,7,0
683,2051,3,8327452,0,0,0,0,255,0,0,0,0,0,34200,50,2.5,0,0,6,4356.72412,0.710054755,0,-1.29443324,-0.442460537,0.929290771,-1.31226647,3.63224864,360,0.960823059,1,0,10,10,0
684,2052,1,8327300,0,0,0,0,255,0,0,0,0,0,34250,50,2.5,0,0,6,4375.48926,0.591262341,0,-1.27783334,-2.74739671,0.825866699,-1.29162049,2.75382638,360,0.708534241,1,0,12,12,0
684,2053,2,8327376,0,0,0,0,255,0,0,1,0,0,34250,50,2.5,0,0,6,4359.25293,1.10999167,0,-0.318723559,2.66976428,1.52923584,-0.402938455,5.08283281,360,0.287307739,1,0,6,6,0
684,2054,3,8327452,0,13,0,0,255,0,0,0,0,0,34250,50,2.5,0,0,6,4360.86328,0.72814548,0,-1.29720819,0.160488844,1.09594727,-1.3073293,3.43044782,360,1.00349426,1,0,8,8,0
685,2055,1,8327300,0,0,0,0,255,0,0,0,0,0,34300,50,2.5,0,0,6,4379.04688,0.611313999,0,-1.27745521,-2.50202465,1.08111572,-1.28769398,2.55115461,360,0.690185547,1,0,11,11,0
685,2056,2,8327376,0,0,0,0,255,0,0,1,0,0,34300,50,2.5,0,0,6,4363.24951,1.08739579,0,-0.323534548,2.80612636,1.34301758,-0.393595219,4.88108873,360,0.280387878,1,0,5,5,0
685,2057,3,8327452,0,0,0,0,255,0,0,0,0,0,34300,50,2.5,0,0,6,4364.84082,0.730396867,0,-1.2977488,0.345637321,1.04418945,-1.30259991,3.22845769,360,0.960281372,1,0,7,7,0
686,2058,1,8327300,0,0,0,0,255,0,0,0,0,0,34350,50,2.5,0,0,6,4382.48389,0.613899112,0,-1.27832663,-2.8502996,1.02630615,-1.28399396,2.34831929,360,0.700965881,1,0,11,11,0
686,2059,2,8327376,0,0,0,0,255,0,0,1,0,0,34350,50,2.5,0,0,6,4367.13135,1.06602669,0,-0.317478776,2.6356802,1.79724121,-0.384572059,4.67914963,360,0.266563416,1,0,5,5,0
686,2060,3,8327452,0,13,0,0,255,0,0,0,0,0,34350,50,2.5,0,0,6,4368.7251,0.748494089,0,-1.29846549,0.892619133,0.963623047,-1.29808092,3.0262835,360,1.02896881,1,0,5,5,0
687,2061,1,8327300,0,0,0,0,255,0,0,0,0,0,34400,50,2.5,0,0,6,4385.81982,0.6010589,0,-1.27746379,-2.60051775,0.949157715,-1.28050423,2.14532566,360,0.686691284,1,0,10,10,0
687,2062,2,8327376,0,0,0,0,255,0,0,1,0,0,34400,50,2.5,0,0,6,4370.90039,1.04693186,0,-0.322662234,2.7808454,1.66900635,-0.375850379,4.47702265,360,0.288269043,1,0,4,4,0
687,2063,3,8327452,0,13,0,0,255,0,0,0,0,0,34400,50,2.5,0,0,6,4372.45459,0.749941349,0,-1.29791939,1.42517638,0.866027832,-1.29380131,2.82393122,360,1.06317139,1,0,3,3,0
688,2064,1,8327300,0,0,0,0,255,0,0,0,0,0,34450,50,2.5,0,0,6,4389.05615,0.592366934,0,-1.27898586,-2.95155406,0.847320557,-1.27721012,1.94217885,360,0.70677948,1,0,10,10,0
688,2065,2,8327376,0,0,0,0,255,0,0,1,0,0,34450,50,2.5,0,0,6,4374.55957,1.02933812,0,-0.337221682,3.23699045,1.51904297,-0.367412359,4.27471399,360,0.359260559,1,0,2,2,0
688,2066,3,8327452,0,0,0,0,255,0,0,0,0,0,34450,50,2.5,0,0,6,4376.07129,0.768043041,0,-1.27929604,-2.9921627,1.09313965,-1.28980291,2.62140584,360,0.663101196,1,0,12,12,0
689,2067,1,8327300,0,0,0,0,255,0,0,0,0,0,34500,50,2.5,0,0,6,4392.1958,0.583386123,0,-1.27765846,-2.69624281,1.16720581,-1.27409804,1.73888373,360,0.697021484,1,0,9,9,0
689,2068,2,8327376,0,0,0,0,255,0,0,1,0,0,34500,50,2.5,0,0,6,4378.11133,1.01377296,0,-0.341580659,3.38823462,1.36914062,-0.359240919,4.07222939,360,0.491912842,1,0,1,1,0
689,2069,3,8327452,0,0,0,0,255,0,0,0,0,0,34500,50,2.5,0,0,6,4379.59521,0.795022547,0,-1.27781379,-2.74229503,1.0456543,-1.28607345,2.41871262,360,0.625900269,1,0,11,11,0
690,2070,1,8327300,0,0,0,0,255,0,0,0,0,0,34550,50,2.5,0,0,6,4395.24072,0.577258587,0,-1.27968192,-3.03866553,1.11938477,-1.27115548,1.53544509,360,0.725158691,1,0,9,9,0
690,2071,2,8327376,0,0,0,0,255,0,0,1,0,0,34550,50,2.5,0,0,6,4381.55859,0.999460578,0,-0.174395233,-0.0670681,1.19903564,-0.35131976,3.86957526,359.346405,0,1,0,15,15,0
690,2072,3,8327452,0,0,0,0,255,0,0,0,0,0,34550,50,2.5,0,0,6,4383.00342,0.793052316,0,-1.28006482,-3.0813992,0.978790283,-1.2825954,2.21585703,360,0.640922546,1,0,11,11,0
691,2073,1,8327300,0,0,0,0,255,0,0,0,0,0,34600,50,2.5,0,0,6,4398.19336,0.570323408,0,-1.27794719,-2.77492046,1.0480957,-1.26837075,1.33186746,360,0.721435547,1,0,8,8,0
691,2074,2,8327376,0,0,0,0,255,0,0,1,0,0,34600,50,2.5,0,0,6,4384.90283,0.987711847,0,-0.168041766,-0.195537806,1.00286865,-0.343633413,3.66675687,359.268829,0,1,0,15,15,0
691,2075,3,8327452,0,0,0,0,255,0,0,0,0,0,34600,50,2.5,0,0,6,4386.31104,0.780345857,0,-1.27828264,-2.84245992,0.881072998,-1.27935219,2.01284432,360,0.609611511,1,0,10,10,0
692,2076,1,8327300,0,0,0,0,255,0,0,0,0,0,34650,50,2.5,0,0,6,4401.05615,0.565987766,0,-1.28032649,-3.10903692,0.955505371,-1.26573324,1.12815523,360,0.756637573,1,0,8,8,0
692,2077,2,8327376,0,0,0,0,255,0,0,1,0,0,34650,50,2.5,0,0,6,4388.14795,0.976965845,0,-0.162309349,-0.318574667,1.65740967,-0.336167216,3.46377993,359.195404,0,1,0,15,15,0
692,2078,3,8327452,0,0,0,0,255,0,0,0,0,0,34650,50,2.5,0,0,6,4389.521,0.769169748,0,-1.28123283,-3.19729233,1.17724609,-1.27632856,1.80967951,360,0.635314941,1,0,10,10,0
693,2079,1,8327300,0,17,0,0,255,0,0,0,0,0,34700,50,2.5,0,0,6,4403.83154,0.561109722,0,-1.3975929,-8.57853413,0.833435059,-1.26323307,0.924312711,360,1.34268951,1,0,15,15,0
693,2080,2,8327376,0,0,0,0,255,0,0,1,0,0,34700,50,2.5,0,0,6,4391.2959,0.966703594,0,-0.156108946,-0.460982084,1.5241394,-0.328907341,3.26064944,359.127014,0,1,0,15,15,0
693,2081,3,8327452,0,0,0,0,255,0,0,0,0,0,34700,50,2.5,0,0,6,4392.63477,0.75979048,0,-1.2788415,-2.93139791,1.13647461,-1.2735101,1.60636747,360,0.606285095,1,0,9,9,0
694,2082,1,8327300,0,0,0,0,255,0,0,0,0,0,34750,50,2.5,0,0,6,4406.4834,0.557526231,0,-1.28098416,-3.17408133,1.27685547,-1.26092148,0.72034514,360,0.665481567,1,0,7,7,0
694,2083,2,8327376,0,0,0,0,255,0,0,1,0,0,34750,50,2.5,0,0,6,4394.34961,0.958497882,0,-0.159809664,-0.37471056,1.38342285,-0.321840733,3.05737066,359.043396,0,1,0,14,14,0
694,2084,3,8327452,0,0,0,0,255,0,0,0,0,0,34750,50,2.5,0,0,6,4395.65527,0.751427531,0,-1.2822305,-3.284554,1.07229614,-1.27088344,1.40291297,360,0.640083313,1,0,9,9,0
695,2085,1,8327300,0,15,0,0,255,0,0,0,0,0,34800,50,2.5,0,0,6,4409.09277,0.587278426,0,-1.4080019,-9.37774467,1.21438599,-1.25882089,0.516255081,360,1.19620514,1,0,15,15,0
695,2086,2,8327376,0,0,13,0,255,0,0,1,0,0,34800,50,2.5,0,0,6,4397.31104,0.951568604,0,-0.163361982,-0.295410872,1.22384644,-0.314955056,2.85394835,358.954102,0,1,0,13,13,0
695,2087,3,8327452,0,0,0,0,255,0,0,0,0,0,34800,50,2.5,0,0,6,4398.58496,0.744084179,0,-1.27940702,-3.00595975,0.986328125,-1.26843607,1.19932044,360,0.615737915,1,0,8,8,0
696,2088,1,8327300,0,14,0,0,255,0,0,0,0,0,34850,50,2.5,0,0,6,4411.57324,0.593670666,0,-1.40365338,-8.99498558,1.12997437,-1.25696766,0.312047541,360,1.09207916,1,0,14,14,0
696,2089,2,8327376,0,0,0,0,255,0,0,1,0,0,34850,50,2.5,0,0,6,4400.15576,0.944871068,0,-0.167143241,-0.214339972,1.05221558,-0.308190286,2.65039039,359.01532,0,1,0,12,12,0
696,2090,3,8327452,0,0,0,0,255,0,0,0,0,0,34850,50,2.5,0,0,6,4401.42578,0.737763524,0,-1.28283298,-3.33356786,0.882293701,-1.26615632,0.995594442,360,0.654159546,1,0,8,8,0
697,2091,1,8327300,0,0,0,0,255,0,0,0,0,0,34900,50,2.5,0,0,6,4413.98193,0.617670178,0,-1.39806628,-8.60819626,1.02410889,-1.25541389,0.10772644,360,0.993118286,1,0,13,13,0
697,2092,2,8327376,0,0,14,0,255,0,0,1,0,0,34900,50,2.5,0,0,6,4402.93994,0.914534509,0,-0.170230106,-0.150431633,1.86932373,-0.301508695,2.4467001,358.919708,0,1,0,11,11,0
697,2093,3,8327452,0,0,0,0,255,0,0,0,0,0,34900,50,2.5,0,0,6,4404.18018,0.732993126,0,-1.27971518,-3.04250216,1.29733276,-1.2640332,0.791739166,360,0.637115479,1,0,7,7,0
698,2094,1,8327300,0,0,0,0,255,0,0,0,0,0,34950,50,2.5,0,0,6,4416.33594,0.650894105,0,-1.40377998,-9.00477791,0.892028809,-1.25414848,-0.0967050791,360,0.962638855,1,0,13,13,0
698,2095,2,8327376,0,0,13,0,255,0,0,1,0,0,34950,50,2.5,0,0,6,4405.61328,0.902253866,0,-0.173143521,-0.0917967558,1.70376587,-0.294821203,2.2428863,358.963715,0,1,0,10,10,0
698,2096,3,8327452,0,16,0,0,255,0,0,0,0,0,34950,50,2.5,0,0,6,4406.85107,0.727939129,0,-1.40673852,-9.2544136,1.23651123,-1.26205659,0.58775872,360,1.21633148,1,0,15,15,0
699,2097,1,8327300,0,0,0,0,255,0,0,0,0,0,35000,50,2.5,0,0,6,4418.60596,0.650451541,0,-1.28488147,-3.48555851,1.42034912,-1.25315213,-0.301243395,360,0.519683838,1,0,5,5,0
699,2098,2,8327376,0,0,13,0,255,0,0,1,0,0,35000,50,2.5,0,0,6,4408.20264,0.902801633,0,-0.175939143,-0.0369255543,1.48516846,-0.288030565,2.03895593,358.980469,0,1,0,9,9,0
699,2099,3,8327452,0,14,0,0,255,0,0,0,0,0,35000,50,2.5,0,0,6,4409.40381,0.724177837,0,-1.40183973,-8.86056995,1.16149902,-1.26027381,0.383658171,360,1.09869385,1,0,14,14,0
700,2100,1,8327300,0,0,0,0,255,0,0,0,0,0,35050,50,2.5,0,0,6,4420.81152,0.634720325,0,-1.40288889,-8.93704033,1.34890747,-1.25240695,-0.505885005,360,0.923171997,1,0,12,12,0
700,2101,2,8327376,0,0,13,0,255,0,0,1,0,0,35050,50,2.5,0,0,6,4410.71045,0.916995227,0,-0.18855679,0.196885705,1.16357422,-0.281063974,1.8349154,358.963104,0,1,0,7,7,0
700,2102,3,8327452,0,0,0,0,255,0,0,0,0,0,35050,50,2.5,0,0,6,4411.88281,0.75140506,0,-1.40687144,-9.26680374,1.0579834,-1.25875175,0.179441243,360,0.985977173,1,0,14,14,0
701,2103,1,8327300,0,0,0,0,255,0,0,0,0,0,35100,50,2.5,0,0,6,4422.95264,0.621598601,0,-1.39648366,-8.51047707,1.25769043,-1.25189638,-0.710626602,360,0.917648315,1,0,11,11,0
701,2104,2,8327376,0,0,0,0,255,0,0,1,0,0,35100,50,2.5,0,0,6,4413.1333,0.941966534,0,-0.248902857,1.19967544,2.05508423,-0.27386418,1.63077116,359.005737,0,1,0,1,1,0
701,2105,3,8327452,0,0,0,0,255,0,0,0,0,0,35100,50,2.5,0,0,6,4414.30371,0.787591279,0,-1.40201426,-8.87306881,0.938751221,-1.25748706,-0.0248890072,360,0.97505188,1,0,13,13,0
702,2106,1,8327300,0,0,0,0,255,0,0,0,0,0,35150,50,2.5,0,0,6,4425.03076,0.610827267,0,-1.28817225,-3.69874382,1.14978027,-1.2516048,-0.915464997,360,0.566352844,1,0,4,4,0
702,2107,2,8327376,0,0,17,0,255,0,0,1,0,0,35150,50,2.5,0,0,6,4415.51611,0.971155643,0,-0.202595234,0.438302994,1.69885254,-0.266432285,1.42652524,358.650208,0,1,0,4,4,0
702,2108,3,8327452,0,0,0,0,255,0,0,0,0,0,35150,50,2.5,0,0,6,4416.63867,0.788023472,0,-1.2834146,-3.37878394,1.44281006,-1.25646186,-0.229328871,360,0.484397888,1,0,5,5,0
703,2109,1,8327300,0,0,0,0,255,0,0,0,0,0,35200,50,2.5,0,0,6,4427.04785,0.600564182,0,-1.39510071,-8.42814827,1.01849365,-1.25151777,-1.12039709,360,0.89994812,1,0,10,10,0
703,2110,2,8327376,0,0,19,0,255,0,0,1,0,0,35200,50,2.5,0,0,6,4417.76172,0.966679513,0,-0.191459149,0.248090744,2.45401001,-0.258737564,1.22218466,358.557587,0,1,0,4,4,0
703,2111,3,8327452,0,0,0,0,255,0,0,0,0,0,35200,50,2.5,0,0,6,4418.90674,0.775277674,0,-1.40113842,-8.811203,1.37731934,-1.2556597,-0.433874846,360,0.946731567,1,0,12,12,0
704,2112,1,8327300,0,0,0,0,255,0,0,0,0,0,35250,50,2.5,0,0,6,4429.00488,0.591866255,0,-1.38643825,-7.95986748,0.887176514,-1.25162196,-1.3254199,360,0.901771545,1,0,9,9,0
704,2113,2,8327376,0,0,16,0,255,0,0,1,0,0,35250,50,2.5,0,0,6,4419.93555,0.996662855,0,-0.169912234,-0.156925201,1.97515869,-0.250705868,1.01775694,358.755524,0,1,0,5,5,0
704,2114,3,8327452,0,0,0,0,255,0,0,0,0,0,35250,50,2.5,0,0,6,4421.10742,0.765140295,0,-1.39443266,-8.38930702,1.29162598,-1.25506532,-0.638523519,360,0.942504883,1,0,11,11,0
705,2115,1,8327300,0,0,0,0,255,0,0,0,0,0,35300,50,2.5,0,0,6,4430.90283,0.585000217,0,-1.3928045,-8.29686356,0.722351074,-1.25190461,-1.53053045,360,0.896278381,1,0,9,9,0
705,2116,2,8327376,0,0,0,0,255,0,0,1,0,0,35300,50,2.5,0,0,6,4422.03662,1.0545851,0,-0.150202617,-0.607668877,1.30233765,-0.242281556,0.813248336,359.135162,0,1,0,6,6,0
705,2117,3,8327452,0,0,0,0,255,0,0,0,0,0,35300,50,2.5,0,0,6,4423.24316,0.756298184,0,-1.28679001,-3.61275792,1.184021,-1.25466466,-0.843271613,360,0.540100098,1,0,4,4,0
706,2118,1,8327300,0,0,0,0,255,0,0,0,0,0,35350,50,2.5,0,0,6,4432.74414,0.578648329,0,-1.38384664,-7.83136749,1.42297363,-1.25235415,-1.735726,360,0.907066345,1,0,8,8,0
706,2119,2,8327376,0,0,0,0,255,0,0,1,0,0,35350,50,2.5,0,0,6,4424.11035,1.09804893,0,-0.112348787,-2.10504961,1.91931152,-0.233485609,0.608659983,360,0.349220276,1,0,10,10,0
706,2120,3,8327452,0,0,0,0,255,0,0,0,0,0,35350,50,2.5,0,0,6,4425.31396,0.749545097,0,-1.39308882,-8.3127861,1.06396484,-1.2544446,-1.04811597,360,0.934387207,1,0,10,10,0
707,2121,1,8327300,0,0,0,0,255,0,0,0,0,0,35400,50,2.5,0,0,6,4434.52881,0.573340356,0,-1.30213797,-4.42066383,1.32034302,-1.25295961,-1.9410038,360,0.777526855,1,0,3,3,0
707,2122,2,8327376,0,0,0,0,255,0,0,1,0,0,35400,50,2.5,0,0,6,4426.10449,1.08643377,0,-0.112095997,-2.1221447,1.05010986,-0.2243485,0.403993726,360,0.418983459,1,0,9,9,0
707,2123,3,8327452,0,0,0,0,255,0,0,0,0,0,35400,50,2.5,0,0,6,4427.32275,0.742246687,0,-1.39827824,-8.62160206,0.937225342,-1.2543931,-1.25305343,360,0.927528381,1,0,10,10,0
708,2124,1,8327300,0,0,0,0,255,0,0,0,0,0,35450,50,2.5,0,0,6,4436.25977,0.56828481,0,-1.38011098,-7.65285873,0.982971191,-1.25371075,-2.14636135,360,0.928337097,1,0,7,7,0
708,2125,2,8327376,0,0,0,0,255,0,0,1,0,0,35450,50,2.5,0,0,6,4428.04492,1.05763984,0,-0.111787885,-2.14326525,1.55743408,-0.214897409,0.199251503,360,0.4973526,1,0,8,8,0
708,2126,3,8327452,0,0,0,0,255,0,0,0,0,0,35450,50,2.5,0,0,6,4429.271,0.736250281,0,-1.39075458,-8.18449211,0.779663086,-1.25449896,-1.45808113,360,0.939239502,1,0,9,9,0
709,2127,1,8327300,0,0,0,0,255,0,0,0,0,0,35500,50,2.5,0,0,6,4437.9375,0.564540327,0,-1.3137573,-4.92810583,0.558410645,-1.25459802,-2.35179615,360,0.902648926,1,0,3,3,0
709,2128,2,8327376,0,34,0,0,255,0,0,1,0,0,35500,50,2.5,0,0,6,4429.93164,1.03382182,0,-0.154763028,-5.9018898,0.56439209,-0.205156669,-0.00556483865,360,2.57881927,1,0,15,15,0
709,2129,3,8327452,0,0,0,0,255,0,0,0,0,0,35500,50,2.5,0,0,6,4431.15967,0.731822193,0,-1.29468095,-4.05951881,0.614532471,-1.25475168,-1.66319621,360,0.70526886,1,0,3,3,0
710,2130,1,8327300,0,0,0,0,255,0,0,0,0,0,35550,50,2.5,0,0,6,4439.56445,0.560521483,0,-1.35751212,-6.67739725,0.116638184,-1.25561249,-2.55730557,360,0.979545593,1,0,5,5,0
710,2131,2,8327376,0,32,0,0,255,0,0,1,0,0,35550,50,2.5,0,0,6,4431.69141,1.01419497,0,-0.165383846,-6.45194626,1.02453613,-0.195279554,-0.210456118,360,2.46932983,1,0,15,15,0
710,2132,3,8327452,0,0,0,0,255,0,0,0,0,0,35550,50,2.5,0,0,6,4432.99121,0.727116048,0,-1.38772225,-8.02519035,1.35858154,-1.2551415,-1.86839592,360,0.958000183,1,0,8,8,0
711,2133,1,8327300,0,13,0,0,255,0,0,0,0,0,35600,50,2.5,0,0,6,4441.1416,0.557551503,0,-1.34485805,-6.17143488,0.252914429,-1.25674593,-2.76288748,360,1.02072144,1,0,4,4,0
711,2134,2,8327376,0,31,0,0,255,0,0,1,0,0,35600,50,2.5,0,0,6,4433.38672,0.935617149,0,-0.174547344,-6.9642787,0.0650024414,-0.185528934,-0.415433586,360,2.34207153,1,0,15,15,0
711,2135,3,8327452,0,0,0,0,255,0,0,0,0,0,35600,50,2.5,0,0,6,4434.76611,0.723717391,0,-1.30546904,-4.5713172,1.1852417,-1.25565934,-2.07367754,360,0.842300415,1,0,3,3,0
712,2136,1,8327300,0,0,0,0,255,0,0,0,0,0,35650,50,2.5,0,0,6,4442.64258,0.555102468,0,-1.35122597,-6.42422295,0.623641968,-1.25803733,-2.96853805,360,0.960502625,1,0,4,4,0
712,2137,2,8327376,0,29,0,0,255,0,0,1,0,0,35650,50,2.5,0,0,6,4435.04932,0.957643569,0,-0.182075188,-7.43928146,0.947647095,-0.176101983,-0.620502651,360,2.192276,1,0,15,15,0
712,2138,3,8327452,0,0,0,0,255,0,0,0,0,0,35650,50,2.5,0,0,6,4436.4873,0.719777822,0,-1.31194389,-4.8517971,0.688232422,-1.25629687,-2.27903843,360,0.915962219,1,0,3,3,0
713,2139,1,8327300,0,0,0,0,255,0,0,0,0,0,35700,50,2.5,0,0,6,4444.12402,0.573826194,0,-1.35744512,-6.67467165,0.980728149,-1.25950146,-3.17425561,360,0.987388611,1,0,4,4,0
713,2140,2,8327376,0,27,0,0,255,0,0,1,0,0,35700,50,2.5,0,0,6,4436.64062,1.07722437,0,-0.188346267,-7.91355276,0.226608276,-0.167143419,-0.825664937,360,2.03650665,1,0,15,15,0
713,2141,3,8327452,0,0,0,0,255,0,0,0,0,0,35700,50,2.5,0,0,6,4438.1543,0.718206167,0,-1.31809533,-5.10763168,0.261352539,-1.2570461,-2.48447633,360,0.98866272,1,0,3,3,0
714,2142,1,8327300,0,13,0,0,255,0,0,0,0,0,35750,50,2.5,0,0,6,4445.55127,0.576136708,0,-1.36387932,-6.93954992,1.35040283,-1.26112545,-3.38003826,360,1.00905609,1,0,4,4,0
714,2143,2,8327376,0,24,0,0,255,0,0,1,0,0,35750,50,2.5,0,0,6,4438.14648,1.22014642,0,-0.192704856,-8.34607315,1.10159302,-0.158753693,-1.03091943,360,1.87316132,1,0,15,15,0
714,2144,3,8327452,0,14,0,0,255,0,0,0,0,0,35750,50,2.5,0,0,6,4439.77051,0.715301573,0,-1.36164987,-6.8469615,0.137145996,-1.25789976,-2.68998861,360,1.06510925,1,0,5,5,0
715,2145,1,8327300,0,0,0,0,255,0,0,0,0,0,35800,50,2.5,0,0,6,4446.90771,0.57075721,0,-1.36925685,-7.16723442,1.66394043,-1.26294398,-3.58588219,360,0.931716919,1,0,4,4,0
715,2146,2,8327376,0,22,0,0,255,0,0,1,0,0,35800,50,2.5,0,0,6,4439.57471,1.34674335,0,-0.195294738,-8.73671913,1.98310852,-0.150995299,-1.23626351,360,1.71643066,1,0,15,15,0
715,2147,3,8327452,0,13,0,0,255,0,0,0,0,0,35800,50,2.5,0,0,6,4441.30762,0.713974297,0,-1.34902084,-6.33636427,0.496078491,-1.25890148,-2.89557147,360,1.00203705,1,0,4,4,0
716,2148,1,8327300,0,0,0,0,255,0,0,0,0,0,35850,50,2.5,0,0,6,4448.25049,0.589750409,0,-1.37508309,-7.42270708,2.01333618,-1.26496458,-3.79178596,360,0.931877136,1,0,4,4,0
716,2149,2,8327376,0,20,0,0,255,0,0,1,0,0,35850,50,2.5,0,0,6,4440.93164,1.43053174,0,-0.194348514,-8.56815624,2.87411499,-0.143900692,-1.44169354,360,1.57349396,1,0,14,14,0
716,2150,3,8327452,0,0,0,0,255,0,0,0,0,0,35850,50,2.5,0,0,6,4442.79736,0.733810961,0,-1.35526943,-6.58653831,0.856002808,-1.26011813,-3.1012218,360,0.941390991,1,0,4,4,0
717,2151,1,8327300,0,0,0,0,255,0,0,0,0,0,35900,50,2.5,0,0,6,4449.52344,0.591784418,0,-1.37991667,-7.64375973,2.31524658,-1.26717234,-3.99774671,360,0.931686401,1,0,4,4,0
717,2152,2,8327376,0,19,0,0,255,0,0,1,0,0,35900,50,2.5,0,0,6,4442.23389,1.475968,0,-0.192978397,-8.37933445,1.70309448,-0.137482032,-1.64720571,360,1.44921112,1,0,13,13,0
717,2153,3,8327452,0,0,0,0,255,0,0,0,0,0,35900,50,2.5,0,0,6,4444.26074,0.762127101,0,-1.36179614,-6.85301304,1.23042297,-1.26155245,-3.30693793,360,0.957969666,1,0,4,4,0
718,2154,1,8327300,0,0,0,0,255,0,0,0,0,0,35950,50,2.5,0,0,6,4450.77881,0.58452785,0,-1.38477159,-7.87674427,2.63478088,-1.2695539,-4.20376396,360,0.925239563,1,0,4,4,0
718,2155,2,8327376,0,17,0,0,255,0,0,1,0,0,35950,50,2.5,0,0,6,4443.48975,1.48831582,0,-0.195269823,-8.73156166,2.47543335,-0.131738454,-1.85279596,360,1.32460785,1,0,13,13,0
718,2156,3,8327452,0,0,0,0,255,0,0,0,0,0,35950,50,2.5,0,0,6,4445.66797,0.764762223,0,-1.36766529,-7.09914017,1.57049561,-1.263188,-3.51271796,360,0.971046448,1,0,4,4,0
719,2157,1,8327300,0,0,0,0,255,0,0,0,0,0,36000,50,2.5,0,0,6,4451.99658,0.578060567,0,-1.38974249,-8.13047504,2.98622131,-1.27209699,-4.40983534,360,0.909698486,1,0,4,4,0
719,2158,2,8327376,0,16,0,0,255,0,0,1,0,0,36000,50,2.5,0,0,6,4444.71484,1.48238015,0,-0.193866283,-8.49655342,3.22494507,-0.126659095,-2.05846047,360,1.23116302,1,0,12,12,0
719,2159,3,8327452,0,0,0,0,255,0,0,0,0,0,36000,50,2.5,0,0,6,4447.03516,0.754405081,0,-1.37277079,-7.32005405,1.87322998,-1.26501,-3.71855974,360,0.982337952,1,0,4,4,0
720,2160,1,8327300,0,0,0,0,255,0,0,0,0,0,36050,50,2.5,0,0,6,4453.1665,0.572380841,0,-1.39357698,-8.34033966,3.2809906,-1.27479017,-4.61595917,360,0.897476196,1,0,4,4,0
720,2161,2,8327376,0,15,0,0,255,0,0,1,0,0,36050,50,2.5,0,0,6,4445.9082,1.45656121,0,-0.19202745,-8.26811028,3.51417542,-0.122224636,-2.26419544,360,1.14637756,1,0,11,11,0
720,2162,3,8327452,0,0,0,0,255,0,0,0,0,0,36050,50,2.5,0,0,6,4448.33203,0.746950209,0,-1.37811816,-7.56038952,2.20129395,-1.26700485,-3.92446017,360,0.987197876,1,0,4,4,0
721,2163,1,8327300,0,0,0,0,255,0,0,0,0,0,36100,50,2.5,0,0,6,4454.31348,0.567488074,0,-1.39774311,-8.58790588,3.6355896,-1.27762318,-4.82213449,360,0.871574402,1,0,4,4,0
721,2164,2,8327376,0,14,0,0,255,0,0,1,0,0,36100,50,2.5,0,0,6,4447.07715,1.42197275,0,-0.189301684,-7.99743557,3.75575256,-0.118412681,-2.46999741,360,1.07177734,1,0,10,10,0
721,2165,3,8327452,0,0,0,0,255,0,0,0,0,0,36100,50,2.5,0,0,6,4449.62012,0.741334915,0,-1.38308358,-7.79430008,2.52140808,-1.26916027,-4.13041878,360,0.988128662,1,0,4,4,0
722,2166,1,8327300,0,0,0,0,255,0,0,0,0,0,36150,50,2.5,0,0,6,4455.4248,0.563386261,0,-1.40088093,-8.79338551,3.93673706,-1.28058648,-5.02835941,360,0.850204468,1,0,4,4,0
722,2167,2,8327376,0,13,0,0,255,0,0,1,0,0,36150,50,2.5,0,0,6,4448.2251,1.38285172,0,-0.186092064,-7.73038673,3.9835968,-0.115198329,-2.67586303,360,1.00686646,1,0,9,9,0
722,2168,3,8327452,0,0,0,0,255,0,0,0,0,0,36150,50,2.5,0,0,6,4450.86963,0.735449612,0,-1.38808048,-8.04362488,2.86541748,-1.27146494,-4.33643341,360,0.981231689,1,0,4,4,0
723,2169,1,8327300,0,0,0,0,255,0,0,0,0,0,36200,50,2.5,0,0,6,4456.50244,0.559543371,0,-1.40389967,-9.01410389,4.26864624,-1.28367114,-5.23463249,360,0.819419861,1,0,4,4,0
723,2170,2,8327376,0,0,0,0,255,0,0,1,0,0,36200,50,2.5,0,0,6,4449.35254,1.34264302,0,-0.182251185,-7.45132589,4.19194031,-0.112554662,-2.88178945,360,0.952972412,1,0,8,8,0
723,2171,3,8327452,0,0,0,0,255,0,0,0,0,0,36200,50,2.5,0,0,6,4452.0625,0.730084956,0,-1.39211345,-8.2585125,3.16548157,-1.27390838,-4.54250193,360,0.975578308,1,0,4,4,0
724,2172,1,8327300,0,0,0,0,255,0,0,0,0,0,36250,50,2.5,0,0,6,4457.54785,0.556756794,0,-1.40674722,-9.25521946,4.64334106,-1.28686893,-5.4409523,360,0.776252747,1,0,4,4,0
724,2173,2,8327376,0,0,0,0,255,0,0,1,0,0,36250,50,2.5,0,0,6,4450.4873,1.30187702,0,-0.177873358,-7.16579676,4.39060974,-0.11040961,-3.08777428,360,0.879562378,1,0,7,7,0
724,2174,3,8327452,0,0,0,0,255,0,0,0,0,0,36250,50,2.5,0,0,6,4453.23877,0.7255041,0,-1.39638007,-8.50421047,3.51481628,-1.27648103,-4.74862337,360,0.958030701,1,0,4,4,0
725,2175,1,8327300,0,0,0,0,255,0,0,0,0,0,36300,50,2.5,0,0,6,4458.56885,0.554230511,0,-1.40871239,-9.45383453,4.96257019,-1.29017234,-5.64731789,360,0.739883423,1,0,4,4,0
725,2176,2,8327376,0,0,0,0,255,0,0,1,0,0,36300,50,2.5,0,0,6,4451.5918,1.30671859,0,-0.173143476,-6.88223314,4.58985901,-0.108769946,-3.2938149,360,0.82182312,1,0,6,6,0
725,2177,3,8327452,0,0,0,0,255,0,0,0,0,0,36300,50,2.5,0,0,6,4454.37939,0.723041415,0,-1.39995432,-8.73058701,3.84393311,-1.27917409,-4.95479584,360,0.93901825,1,0,4,4,0
726,2178,1,8327300,0,0,0,0,255,0,0,0,0,0,36350,50,2.5,0,0,6,4459.5625,0.552231431,0,-1.41041589,-9.6676693,5.31907654,-1.29357421,-5.85372782,360,0.692321777,1,0,4,4,0
726,2179,2,8327376,0,0,0,0,255,0,0,1,0,0,36350,50,2.5,0,0,6,4452.66016,1.30704296,0,-0.146536678,-5.48871803,4.76794434,-0.107633807,-3.49990845,360,0.78603363,1,0,3,3,0
726,2180,3,8327452,0,0,0,0,255,0,0,0,0,0,36350,50,2.5,0,0,6,4455.48486,0.720306098,0,-1.40288138,-8.93648815,4.15086365,-1.28197944,-5.16101837,360,0.919914246,1,0,4,4,0
727,2181,1,8327300,0,0,0,0,255,0,0,0,0,0,36400,50,2.5,0,0,6,4460.51318,0.550759673,0,-1.4117471,-9.89986038,5.72299194,-1.297068,-6.06018019,360,0.630950928,1,0,4,4,0
727,2182,2,8327376,0,0,0,0,255,0,0,1,0,0,36400,50,2.5,0,0,6,4453.69775,1.29594445,0,-0.161866248,-6.26623726,4.95820618,-0.10699296,-3.7060523,360,0.773040771,1,0,4,4,0
727,2183,3,8327452,0,0,0,0,255,0,0,0,0,0,36400,50,2.5,0,0,6,4456.55615,0.717829227,0,-1.40562606,-9.15525818,4.4863739,-1.28488934,-5.36728907,360,0.891647339,1,0,4,4,0
728,2184,1,8327300,0,0,0,0,255,0,0,0,0,0,36450,50,2.5,0,0,6,4461.43896,0.548750103,0,-1.41241693,-10.0938377,6.0760498,-1.30064774,-6.26667404,360,0.576774597,1,0,4,4,0
728,2185,2,8327376,0,0,0,0,255,0,0,1,0,0,36450,50,2.5,0,0,6,4454.6792,1.27819502,0,-0.166587442,-6.51660204,5.161026,-0.106834576,-3.91224265,360,0.747169495,1,0,4,4,0
728,2186,3,8327452,0,0,0,0,255,0,0,0,0,0,36450,50,2.5,0,0,6,4457.59424,0.715876758,0,-1.40815663,-9.3938446,4.86509705,-1.28789687,-5.57360649,360,0.850669861,1,0,4,4,0
729,2187,1,8327300,0,0,0,0,255,0,0,0,0,0,36500,50,2.5,0,0,6,4462.33887,0.54726845,0,-1.41265821,-10.3053722,6.47886658,-1.30427146,-6.4732089,360,0.508888245,1,0,4,4,0
729,2188,2,8327376,0,0,0,0,255,0,0,1,0,0,36500,50,2.5,0,0,6,4455.63623,1.25431442,0,-0.170813963,-6.74932909,5.35675049,-0.107142523,-4.11847734,360,0.714248657,1,0,4,4,0
729,2189,3,8327452,0,0,0,0,255,0,0,0,0,0,36500,50,2.5,0,0,6,4458.61279,0.714449346,0,-1.41000581,-9.61073303,5.22271729,-1.2909956,-5.77996969,360,0.809829712,1,0,4,4,0
730,2190,1,8327300,0,0,0,0,255,0,0,0,0,0,36550,50,2.5,0,0,6,4463.20361,0.546314955,0,-1.41236377,-10.5140572,6.8968811,-1.30797768,-6.67978191,360,0.434082031,1,0,4,4,0
730,2191,2,8327376,0,0,0,0,255,0,0,1,0,0,36550,50,2.5,0,0,6,4456.60059,1.22855747,0,-0.174595162,-6.96710205,5.54769897,-0.107898481,-4.32475615,360,0.675674438,1,0,4,4,0
730,2192,3,8327452,0,0,0,0,255,0,0,0,0,0,36550,50,2.5,0,0,6,4459.5874,0.712486565,0,-1.41137648,-9.82448769,5.58984375,-1.29417932,-5.98637676,360,0.763298035,1,0,4,4,0
731,2193,1,8327300,0,0,0,0,255,0,0,0,0,0,36600,50,2.5,0,0,6,4464.04004,0.546952903,0,-1.41199231,-9.95823002,7.33273315,-1.31172562,-6.88639307,360,0.730873108,1,0,3,3,0
731,2194,2,8327376,0,0,0,0,255,0,0,1,0,0,36600,50,2.5,0,0,6,4457.52295,1.2022599,0,-0.178534269,-7.20723772,6.86923218,-0.109082878,-4.53107595,360,0.624679565,1,0,4,4,0
731,2195,3,8327452,0,0,0,0,255,0,0,0,0,0,36600,50,2.5,0,0,6,4460.53613,0.711047411,0,-1.41226161,-10.03619,5.96955872,-1.29740667,-6.19282722,360,0.710983276,1,0,4,4,0
732,2196,1,8327300,0,0,0,0,255,0,0,0,0,0,36650,50,2.5,0,0,6,4464.85205,0.545458913,0,-1.41255581,-10.1644211,7.78683472,-1.31551611,-7.09304094,360,0.658630371,1,0,3,3,0
732,2197,2,8327376,0,0,0,0,255,0,0,1,0,0,36650,50,2.5,0,0,6,4458.4248,1.17540848,0,-0.18195115,-7.4308238,7.19822693,-0.110675275,-4.73743486,360,0.56829834,1,0,4,4,0
732,2198,3,8327452,0,0,0,0,255,0,0,0,0,0,36650,50,2.5,0,0,6,4461.46045,0.709869325,0,-1.41264582,-10.2490988,6.36967468,-1.3007158,-6.3993187,360,0.650588989,1,0,4,4,0
733,2199,1,8327300,0,0,0,0,255,0,0,0,0,0,36700,50,2.5,0,0,6,4465.6377,0.545824289,0,-1.41262257,-10.3727798,8.27281189,-1.31934941,-7.29972458,360,0.575920105,1,0,3,3,0
733,2200,2,8327376,0,0,0,0,255,0,0,1,0,0,36700,50,2.5,0,0,6,4459.3252,1.14880621,0,-0.184928775,-7.64218044,7.52270508,-0.112654887,-4.9438324,360,0.506645203,1,0,4,4,0
733,2201,3,8327452,0,0,0,0,255,0,0,0,0,0,36700,50,2.5,0,0,6,4462.34619,0.710016429,0,-1.41249633,-10.4582911,6.78314209,-1.3040663,-6.6058507,360,0.584289551,1,0,4,4,0
734,2202,1,8327300,0,0,0,0,255,0,0,0,0,0,36750,50,2.5,0,0,6,4466.39893,0.545387983,0,-1.4121573,-10.5794754,8.78504944,-1.3232255,-7.50644255,360,0.48425293,1,0,3,3,0
734,2203,2,8327376,0,0,0,0,255,0,0,1,0,0,36750,50,2.5,0,0,6,4460.20459,1.12405336,0,-0.187861025,-7.87252665,7.89274597,-0.115001127,-5.15026712,360,0.43069458,1,0,4,4,0
734,2204,3,8327452,0,0,0,0,255,0,0,0,0,0,36750,50,2.5,0,0,6,4463.20459,0.709359467,0,-1.41181588,-10.6620798,7.20735168,-1.30745888,-6.8124218,360,0.512626648,1,0,4,4,0
735,2205,1,8327300,0,0,0,0,255,0,0,0,0,0,36800,50,2.5,0,0,6,4467.13574,0.546013355,0,-1.41104198,-10.7995796,9.36836243,-1.32714403,-7.71319389,360,0.37361145,1,0,3,3,0
735,2206,2,8327376,0,0,0,0,255,0,0,1,0,0,36800,50,2.5,0,0,6,4461.07666,1.10167789,0,-0.190159202,-8.07684326,8.23698425,-0.117693774,-5.35673809,360,0.35370636,1,0,4,4,0
735,2207,3,8327452,0,0,0,0,255,0,0,0,0,0,36800,50,2.5,0,0,6,4464.03564,0.710027993,0,-1.41066766,-10.853343,7.62763977,-1.31089389,-7.01903057,360,0.438926697,1,0,4,4,0
736,2208,1,8327300,0,0,0,0,255,0,0,0,0,0,36850,50,2.5,0,0,6,4467.84912,0.545837164,0,-1.40958905,-10.98349,9.88873291,-1.33110428,-7.91997766,360,0.274612427,1,0,3,3,0
736,2209,2,8327376,0,0,0,0,255,0,0,1,0,0,36850,50,2.5,0,0,6,4461.92773,1.08008945,0,-0.192357868,-8.30541801,8.64080811,-0.120713107,-5.56324434,360,0.258987427,1,0,4,4,0
736,2210,3,8327452,0,0,0,0,255,0,0,0,0,0,36850,50,2.5,0,0,6,4464.84131,0.709894121,0,-1.4126569,-10.3135443,8.13162231,-1.31437123,-7.22567606,360,0.760734558,1,0,3,3,0
737,2211,1,8327300,0,0,0,0,255,0,0,0,0,0,36900,50,2.5,0,0,6,4468.54102,0.544859111,0,-1.40721714,-11.2011852,10.5487366,-1.33510554,-8.12679291,360,0.141899109,1,0,3,3,0
737,2212,2,8327376,0,0,0,0,255,0,0,1,0,0,36900,50,2.5,0,0,6,4462.76221,1.06114697,0,-0.193918765,-8.50402451,11.5115356,-0.124040104,-5.76978493,360,0.165313721,1,0,4,4,0
737,2213,3,8327452,0,0,0,0,255,0,0,0,0,0,36900,50,2.5,0,0,6,4465.62158,0.709490001,0,-1.41238761,-10.5051336,8.59713745,-1.31789052,-7.43235683,360,0.689086914,1,0,3,3,0
738,2214,1,8327300,0,0,0,0,255,0,0,0,0,0,36950,50,2.5,0,0,6,4469.21045,0.545476198,0,-1.40439987,-11.3996944,11.1978455,-1.33914673,-8.33363819,360,0.0092086792,1,0,3,3,0
738,2215,2,8327376,0,0,0,0,255,0,0,1,0,0,36950,50,2.5,0,0,6,4463.56689,1.04352331,0,-0.19518216,-8.71380901,12.0676117,-0.12765637,-5.97635794,360,0.0573501587,1,0,4,4,0
738,2216,3,8327452,0,0,0,0,255,0,0,0,0,0,36950,50,2.5,0,0,6,4466.37695,0.709347844,0,-1.41158819,-10.707654,9.11990356,-1.32145119,-7.63907194,360,0.60080719,1,0,3,3,0
739,2217,1,8327300,0,0,0,0,255,0,0,0,0,0,37000,50,2.5,0,0,6,4469.8584,0.54502517,0,-1.40129614,-11.5784321,11.825119,-1.34323215,-8.54051208,359.877258,0,1,0,3,3,0
739,2218,2,8327376,0,0,0,0,255,0,0,1,0,0,37000,50,2.5,0,0,6,4464.35205,1.02774847,0,-0.196045294,-8.93418503,12.680954,-0.131544426,-6.18296242,359.934021,0,1,0,4,4,0
739,2219,3,8327452,0,0,0,0,255,0,0,0,0,0,37000,50,2.5,0,0,6,4467.1084,0.709467828,0,-1.4100945,-10.9261723,9.72317505,-1.32505238,-7.84582043,360,0.490959167,1,0,3,3,0
740,2220,1,8327300,0,0,0,0,255,0,0,0,0,0,37050,50,2.5,0,0,6,4470.48584,0.544304907,0,-1.3968327,-11.7922993,16.9437408,-1.34737277,-8.74741459,359.705719,0,1,0,3,3,0
740,2221,2,8327376,0,0,0,0,255,0,0,1,0,0,37050,50,2.5,0,0,6,4465.11621,1.01462448,0,-0.196376264,-9.1259222,13.2395325,-0.135687619,-6.38959742,359.811768,0,1,0,4,4,0
740,2222,3,8327452,0,0,0,0,255,0,0,0,0,0,37050,50,2.5,0,0,6,4467.81689,0.70905149,0,-1.40808094,-11.1293154,10.3253021,-1.32869315,-8.05260086,360,0.379432678,1,0,3,3,0
741,2223,1,8327300,0,0,0,0,255,0,0,0,0,0,37100,50,2.5,0,0,6,4471.09375,0.543848395,0,-1.39246392,-11.970047,17.3880157,-1.35158503,-8.9543438,359.544983,0,1,0,3,3,0
741,2224,2,8327376,0,0,0,0,255,0,0,1,0,0,37100,50,2.5,0,0,6,4465.85254,1.00202334,0,-0.196241394,-9.34170151,17.9533081,-0.14007017,-6.59626198,359.666748,0,1,0,4,4,0
741,2225,3,8327452,0,0,0,0,255,0,0,0,0,0,37100,50,2.5,0,0,6,4468.50293,0.70889765,0,-1.40575612,-11.3097563,10.8978119,-1.33238029,-8.25941181,360,0.271713257,1,0,3,3,0
742,2226,1,8327300,0,0,0,0,255,0,0,0,0,0,37150,50,2.5,0,0,6,4471.68262,0.542856336,0,-1.38697779,-12.1637611,17.8763885,-1.35588658,-9.1612978,359.355377,0,1,0,3,3,0
742,2227,2,8327376,0,0,0,0,255,0,0,1,0,0,37150,50,2.5,0,0,6,4466.56934,0.990210235,0,-0.195648476,-9.5301609,18.7359161,-0.144677088,-6.80295467,359.521912,0,1,0,4,4,0
742,2228,3,8327452,0,0,0,0,255,0,0,0,0,0,37150,50,2.5,0,0,6,4469.1665,0.709006488,0,-1.40257025,-11.5088501,11.5756836,-1.33612621,-8.46625233,360,0.137619019,1,0,3,3,0
743,2229,1,8327300,0,0,0,0,255,0,0,0,0,0,37200,50,2.5,0,0,6,4472.25244,0.541861713,0,-1.38078356,-12.3547573,18.3623047,-1.3602823,-9.3682766,359.149536,0,1,0,3,3,0
743,2230,2,8327376,0,0,0,0,255,0,0,1,0,0,37200,50,2.5,0,0,6,4467.26562,0.981317461,0,-0.196389616,-9.21090889,25.2258606,-0.149494246,-7.00967503,359.631012,0,1,0,3,3,0
743,2231,3,8327452,0,0,0,0,255,0,0,0,0,0,37200,50,2.5,0,0,6,4469.80908,0.708579004,0,-1.3983655,-11.7232761,16.7723389,-1.33994818,-8.67312145,359.977142,0,1,0,3,3,0
744,2232,1,8327300,0,0,17,0,255,0,0,0,0,0,37250,50,2.5,0,0,6,4472.80469,0.540064752,0,-1.3731339,-12.5616741,23.6053314,-1.36475134,-9.57527924,358.91156,0,1,0,3,3,0
744,2233,2,8327376,0,0,0,0,255,0,0,1,0,0,37250,50,2.5,0,0,6,4467.94287,0.972150981,0,-0.196074903,-9.41167545,26.3419189,-0.154508322,-7.21642208,359.457336,0,1,0,3,3,0
744,2234,3,8327452,0,0,0,0,255,0,0,0,0,0,37250,50,2.5,0,0,6,4470.43115,0.707615197,0,-1.39426243,-11.8998775,17.2121277,-1.3438623,-8.88001823,359.829865,0,1,0,3,3,0
745,2235,1,8327300,0,0,0,0,255,0,0,0,0,0,37300,50,2.5,0,0,6,4473.29541,0.539598286,0,-1.39052629,-12.0416527,24.151474,-1.36916792,-9.78230572,359.454681,0,1,0,2,2,0
745,2236,2,8327376,0,0,0,0,255,0,0,1,0,0,37300,50,2.5,0,0,6,4468.60156,0.964841664,0,-0.195316464,-9.59862423,27.4212036,-0.159706771,-7.42319536,359.274902,0,1,0,3,3,0
745,2237,3,8327452,0,0,0,0,255,0,0,0,0,0,37300,50,2.5,0,0,6,4471.03467,0.705582023,0,-1.38908267,-12.092638,17.6963501,-1.3478682,-9.08694077,359.653503,0,1,0,3,3,0
746,2238,1,8327300,0,0,0,0,255,0,0,0,0,0,37350,50,2.5,0,0,6,4473.81543,0.551389158,0,-1.38470244,-12.236846,24.6949921,-1.37348032,-9.9893589,359.209015,0,1,0,2,2,0
746,2239,2,8327376,0,0,0,0,255,0,0,1,0,0,37350,50,2.5,0,0,6,4469.24121,0.958058834,0,-0.193881571,-9.80911255,35.3478699,-0.165077776,-7.62999392,359.061249,0,1,0,3,3,0
746,2240,3,8327452,0,0,0,0,255,0,0,0,0,0,37350,50,2.5,0,0,6,4471.61963,0.704078317,0,-1.38248301,-12.30476,18.2348938,-1.35193956,-9.29388905,359.443665,0,1,0,3,3,0
747,2241,1,8327300,0,0,21,0,255,0,0,0,0,0,37400,50,2.5,0,0,6,4474.31543,0.551719904,0,-1.37813592,-12.4295139,30.4533081,-1.37770331,-10.1964369,358.943268,0,1,0,2,2,0
747,2242,2,8327376,0,0,33,0,255,0,0,1,0,0,37400,50,2.5,0,0,6,4469.86279,0.95260185,0,-0.191960961,-10.0038891,42.3570557,-0.170610279,-7.83681679,358.837463,0,1,0,3,3,0
747,2243,3,8327452,0,0,0,0,255,0,0,0,0,0,37400,50,2.5,0,0,6,4472.18506,0.703637362,0,-1.37634254,-12.4781723,18.6784058,-1.3560456,-9.50086308,359.247955,0,1,0,3,3,0
748,2244,1,8327300,0,0,24,0,255,0,0,0,0,0,37450,50,2.5,0,0,6,4474.74121,0.549381375,0,-1.3706975,-12.6223164,31.0421143,-1.38177323,-10.4035378,358.84668,0,1,0,2,2,0
748,2245,2,8327376,0,0,0,0,255,0,0,1,0,0,37450,50,2.5,0,0,6,4470.37939,0.947672248,0,-0.194935679,-9.66451263,43.2776947,-0.17616874,-8.04366302,359.251526,0,1,0,2,2,0
748,2246,3,8327452,0,0,0,0,255,0,0,0,0,0,37450,50,2.5,0,0,6,4472.73438,0.702660084,0,-1.36801958,-12.6864872,23.9620667,-1.36017299,-9.7078619,359.003571,0,1,0,3,3,0
749,2247,1,8327300,0,0,25,0,255,0,0,0,0,0,37500,50,2.5,0,0,6,4475.13867,0.58597362,0,-1.36335015,-12.7928219,31.563446,-1.38555956,-10.6106615,358.778748,0,1,0,2,2,0
749,2248,2,8327376,0,0,0,0,255,0,0,1,0,0,37500,50,2.5,0,0,6,4470.96484,0.935524821,0,-0.193409771,-9.86294365,44.2359619,-0.181629315,-8.25053978,359.008179,0,1,0,2,2,0
749,2249,3,8327452,0,0,20,0,255,0,0,0,0,0,37500,50,2.5,0,0,6,4473.2666,0.702746391,0,-1.35966516,-12.8723154,24.4963379,-1.36431837,-9.91488552,358.758026,0,1,0,3,3,0
750,2250,1,8327300,0,0,33,0,255,0,0,0,0,0,37550,50,2.5,0,0,6,4475.50098,0.665513933,0,-1.35326099,-13.0024309,37.8213654,-1.3889457,-10.8178082,358.664795,0,1,0,2,2,0
750,2251,2,8327376,0,0,42,0,255,0,0,1,0,0,37550,50,2.5,0,0,6,4471.54102,0.92232281,0,-0.191303611,-10.0593204,50.4972534,-0.187011927,-8.45744514,358.744415,0,1,0,2,2,0
750,2252,3,8327452,0,0,0,0,255,0,0,0,0,0,37550,50,2.5,0,0,6,4473.72949,0.702563345,0,-1.38067746,-12.3578186,25.0341187,-1.36839426,-10.121932,359.353943,0,1,0,2,2,0
751,2253,1,8327300,0,0,34,0,255,0,0,0,0,0,37600,50,2.5,0,0,6,4475.78516,0.768537402,0,-1.34421778,-13.1714878,38.3707123,-1.39180911,-11.0249748,358.64563,0,1,0,2,2,0
751,2254,2,8327376,0,0,0,0,255,0,0,1,0,0,37600,50,2.5,0,0,6,4471.95898,0.918443799,0,-0.19437024,-9.74721527,56.5059738,-0.192180395,-8.66437531,359.10791,0,1,0,1,1,0
751,2255,3,8327452,0,0,0,0,255,0,0,0,0,0,37600,50,2.5,0,0,6,4474.229,0.723168492,0,-1.37347674,-12.5529594,30.8298798,-1.37234139,-10.3290033,359.081818,0,1,0,2,2,0
752,2256,1,8327300,0,0,0,0,255,0,0,0,0,0,37650,50,2.5,0,0,6,4476.01465,0.935589015,0,-1.36866343,-12.6712837,44.7811584,-1.39402175,-11.2321577,359.230927,0,1,0,1,1,0
752,2257,2,8327376,0,0,46,0,255,0,0,1,0,0,37650,50,2.5,0,0,6,4472.50635,1.03367901,0,-0.192585886,-9.94678116,57.3424988,-0.197024345,-8.87133694,358.792969,0,1,0,1,1,0
752,2258,3,8327452,0,0,25,0,255,0,0,0,0,0,37650,50,2.5,0,0,6,4474.70654,0.72404933,0,-1.36553109,-12.7439842,31.4142914,-1.37617707,-10.5360994,358.788818,0,1,0,2,2,0
753,2259,1,8327300,0,0,37,0,255,0,0,0,0,0,37700,50,2.5,0,0,6,4476.3252,1.13279569,0,-1.35902762,-12.8857059,51.2757492,-1.39558566,-11.4393578,358.904144,0,1,0,1,1,0
753,2260,2,8327376,0,0,48,0,255,0,0,1,0,0,37700,50,2.5,0,0,6,4472.80762,1.04686809,0,-0.190174878,-10.1458511,63.243187,-0.201427147,-9.07832336,358.864868,0,1,0,1,1,0
753,2261,3,8327452,0,0,32,0,255,0,0,0,0,0,37700,50,2.5,0,0,6,4475.09766,0.719325781,0,-1.35743785,-12.9186592,37.5493317,-1.37982583,-10.7432165,358.714203,0,1,0,2,2,0
754,2262,1,8327300,0,0,41,0,255,0,0,0,0,0,37750,50,2.5,0,0,6,4476.40381,1.12593722,0,-1.34938765,-13.076767,51.8637695,-1.39643741,-11.6465683,358.821167,0,1,0,1,1,0
754,2263,2,8327376,0,0,49,0,255,0,0,1,0,0,37750,50,2.5,0,0,6,4473.07178,1.25541997,0,-0.175851971,-10.8459921,64.0886841,-0.205152065,-9.28533173,358.851624,0,1,0,2,2,0
754,2264,3,8327452,0,0,34,0,255,0,0,0,0,0,37750,50,2.5,0,0,6,4475.44189,0.771935761,0,-1.3469429,-13.1221676,38.2101898,-1.38312232,-10.9503546,358.655029,0,1,0,2,2,0
755,2265,1,8327300,0,0,48,0,255,0,0,0,0,0,37800,50,2.5,0,0,6,4476.48193,1.26309967,0,-1.33868504,-13.2677565,58.0942688,-1.39645219,-11.8537817,358.757385,0,1,0,1,1,0
755,2266,2,8327376,0,0,47,0,255,0,0,1,0,0,37800,50,2.5,0,0,6,4473.21533,1.62449038,0,-0.170499563,-11.0245152,70.251358,-0.208003148,-9.4923563,358.992981,0,1,0,2,2,0
755,2267,3,8327452,0,0,41,0,255,0,0,0,0,0,37800,50,2.5,0,0,6,4475.73486,0.905640423,0,-1.3363421,-13.3070812,44.6122437,-1.38590539,-11.1575127,358.613251,0,1,0,2,2,0
756,2268,1,8327300,0,0,54,0,255,0,0,0,0,0,37850,50,2.5,0,0,6,4476.42773,1.53901267,0,-1.32777429,-13.4443254,64.3982162,-1.39549577,-12.0609875,358.752563,0,1,0,1,1,0
756,2269,2,8327376,0,0,0,0,255,0,0,1,0,0,37850,50,2.5,0,0,6,4473.24121,2.04260969,0,-0.163974315,-11.2128601,71.1776962,-0.20982784,-9.69938946,359.108704,0,1,0,2,2,0
756,2270,3,8327452,0,0,42,0,255,0,0,0,0,0,37850,50,2.5,0,0,6,4475.92383,1.09217513,0,-1.32433224,-13.4968166,45.2420959,-1.38801861,-11.3646851,358.614746,0,1,0,2,2,0
757,2271,1,8327300,0,0,54,0,255,0,0,0,0,0,37900,50,2.5,0,0,6,4476.22656,1.90960133,0,-1.31384361,-13.6485596,65.5357513,-1.39341915,-12.2681713,358.771606,0,1,0,1,1,0
757,2272,2,8327376,0,0,55,0,255,0,0,1,0,0,37900,50,2.5,0,0,6,4473.40088,2.42629623,0,-0.15608865,-11.409934,78.2263641,-0.210641727,-9.90643024,358.941315,0,1,0,2,2,0
757,2273,3,8327452,0,0,0,0,255,0,0,0,0,0,37900,50,2.5,0,0,6,4476.02881,1.3622086,0,-1.3538425,-12.9910049,51.6009827,-1.38931048,-11.571866,359.295074,0,1,0,1,1,0
758,2274,1,8327300,0,0,60,0,255,0,0,0,0,0,37950,50,2.5,0,0,6,4475.90039,2.38522673,0,-1.29948246,-13.8390598,74.2876053,-1.39008236,-12.4753189,358.785706,0,1,0,1,1,0
758,2275,2,8327376,0,0,0,0,255,0,0,1,0,0,37950,50,2.5,0,0,6,4473.10986,2.37998819,0,-0.14763695,-11.594223,79.3181534,-0.210368589,-10.1134644,359.118774,0,1,0,2,2,0
758,2276,3,8327452,0,0,40,0,255,0,0,0,0,0,37950,50,2.5,0,0,6,4476.25,1.66558313,0,-1.34252548,-13.2014637,57.9011459,-1.38978302,-11.7790556,358.966095,0,1,0,1,1,0
759,2277,1,8327300,0,0,63,0,255,0,0,0,0,0,38000,50,2.5,0,0,6,4475.36768,2.85832858,0,-1.28376317,-14.0287247,81.2511444,-1.38535774,-12.6824102,358.844086,0,1,0,1,1,0
759,2278,2,8327376,0,0,61,0,255,0,0,1,0,0,38000,50,2.5,0,0,6,4473.23633,2.67924547,0,-0.138641,-11.7675142,87.6887207,-0.208998799,-10.3204908,358.961456,0,1,0,2,2,0
759,2279,3,8327452,0,0,43,0,255,0,0,0,0,0,38000,50,2.5,0,0,6,4476.17676,1.65339243,0,-1.33220625,-13.3745651,58.3974457,-1.38938117,-11.9862452,358.8927,0,1,0,1,1,0
760,2280,1,8327300,0,0,58,0,255,0,0,0,0,0,38050,50,2.5,0,0,6,4474.67041,3.40483141,0,-1.26826298,-14.1998444,81.7407227,-1.37911403,-12.8894234,358.925842,0,1,0,1,1,0
760,2281,2,8327376,0,0,0,0,255,0,0,1,0,0,38050,50,2.5,0,0,6,4472.79639,2.67078924,0,-0.127446532,-11.9581032,95.9651642,-0.206443399,-10.5274925,359.167114,0,1,0,2,2,0
760,2282,3,8327452,0,0,52,0,255,0,0,0,0,0,38050,50,2.5,0,0,6,4476.13477,1.78809977,0,-1.31960535,-13.5666618,65.0833893,-1.38799679,-12.1934261,358.810486,0,1,0,1,1,0
761,2283,1,8327300,0,0,62,0,255,0,0,0,0,0,38100,50,2.5,0,0,6,4473.87354,4.00573444,0,-1.24830234,-14.4009953,87.6907959,-1.37124681,-13.0963373,358.93158,0,1,0,1,1,0
761,2284,2,8327376,0,0,0,0,255,0,0,1,0,0,38100,50,2.5,0,0,6,4472.85547,3.05362988,0,-0.116224647,-12.1275158,96.9045868,-0.202684313,-10.7344675,359.003937,0,1,0,2,2,0
761,2285,3,8327452,0,0,59,0,255,0,0,0,0,0,38100,50,2.5,0,0,6,4475.93701,2.07515812,0,-1.30572748,-13.7584476,73.9709625,-1.38550746,-12.4005852,358.795715,0,1,0,1,1,0
762,2286,1,8327300,0,0,61,0,255,0,0,0,0,0,38150,50,2.5,0,0,6,4472.87354,4.44474983,0,-1.22829556,-14.584549,88.1128998,-1.36168087,-13.3031301,358.964386,0,1,0,1,1,0
762,2287,2,8327376,0,0,84,0,255,0,0,1,0,0,38150,50,2.5,0,0,6,4472.68213,3.06486773,0,-0.0434028953,-13.1528931,103.218796,-0.197796404,-10.9414139,358.774628,0,1,0,4,4,0
762,2288,3,8327452,0,0,58,0,255,0,0,0,0,0,38150,50,2.5,0,0,6,4475.57959,2.49232078,0,-1.29086101,-13.945282,74.6952438,-1.38176394,-12.6077042,358.83374,0,1,0,1,1,0
763,2289,1,8327300,0,0,61,0,255,0,0,0,0,0,38200,50,2.5,0,0,6,4471.80127,4.87832069,0,-1.20813286,-14.7542191,88.4869385,-1.35034275,-13.509779,358.970245,0,1,0,1,1,0
763,2290,2,8327376,0,0,0,0,255,0,0,1,0,0,38200,50,2.5,0,0,6,4471.96924,2.79309106,0,0.0279187076,-14.1370049,103.954529,-0.191628978,-11.1483002,359.369141,0,1,0,6,6,0
763,2291,3,8327452,0,0,63,0,255,0,0,0,0,0,38200,50,2.5,0,0,6,4475.09277,3.05286241,0,-1.27444983,-14.133255,81.5539703,-1.37662446,-12.814764,358.84436,0,1,0,1,1,0
764,2292,1,8327300,0,0,67,0,255,0,0,0,0,0,38250,50,2.5,0,0,6,4470.62549,5.26256847,0,-1.18303406,-14.9473438,94.080368,-1.33717692,-13.7162619,358.935181,0,1,0,1,1,0
764,2293,2,8327376,0,0,0,0,255,0,0,1,0,0,38250,50,2.5,0,0,6,4472.01807,3.62881351,0,0.040600881,-14.2992249,104.621353,-0.184089422,-11.3551245,359.464508,0,1,0,6,6,0
764,2294,3,8327452,0,0,61,0,255,0,0,0,0,0,38250,50,2.5,0,0,6,4474.38379,3.59027076,0,-1.25535095,-14.3321972,82.1115265,-1.36996675,-13.0217438,358.878662,0,1,0,1,1,0
765,2295,1,8327300,0,0,67,0,255,0,0,0,0,0,38300,50,2.5,0,0,6,4469.29785,5.58068228,0,-1.15913701,-15.1153965,94.4288483,-1.32212579,-13.9225512,358.931152,0,1,0,1,1,0
765,2296,2,8327376,0,0,0,0,255,0,0,1,0,0,38300,50,2.5,0,0,6,4471.65137,3.74906874,0,0.0547619164,-14.4743195,109.849625,-0.175263032,-11.5618849,359.554291,0,1,0,6,6,0
765,2297,3,8327452,0,0,66,0,255,0,0,0,0,0,38300,50,2.5,0,0,6,4473.55811,4.17536211,0,-1.23581111,-14.5175114,87.9599152,-1.36167908,-13.2286196,358.882141,0,1,0,1,1,0
766,2298,1,8327300,0,0,71,0,255,0,0,0,0,0,38350,50,2.5,0,0,6,4467.9165,6.01670504,0,-1.13163102,-15.2926016,94.7822876,-1.30512071,-14.1286201,358.874146,0,1,0,1,1,0
766,2299,2,8327376,0,0,0,0,255,0,0,1,0,0,38350,50,2.5,0,0,6,4471.40918,3.38761139,0,0.0695960373,-14.6506205,110.433441,-0.165230989,-11.7685833,359.637543,0,1,0,6,6,0
766,2300,3,8327452,0,0,64,0,255,0,0,0,0,0,38350,50,2.5,0,0,6,4472.51514,4.68601656,0,-1.21632242,-14.6869984,88.3410492,-1.35166752,-13.4353666,358.918304,0,1,0,1,1,0
767,2301,1,8327300,0,0,82,0,255,0,0,0,0,0,38400,50,2.5,0,0,6,4466.37402,6.45318937,0,-1.09969735,-15.4797602,100.810394,-1.28609848,-14.3344374,358.785736,0,1,0,1,1,0
767,2302,2,8327376,0,0,0,0,255,0,0,1,0,0,38400,50,2.5,0,0,6,4471.2749,3.06920695,0,0.0854268074,-14.8306046,110.989899,-0.154070333,-11.9752216,359.711975,0,1,0,6,6,0
767,2303,3,8327452,0,0,69,0,255,0,0,0,0,0,38400,50,2.5,0,0,6,4471.38281,5.24208164,0,-1.19137669,-14.8851795,93.9471436,-1.3398422,-13.6419592,358.891174,0,1,0,1,1,0
768,2304,1,8327300,0,0,85,0,255,0,0,0,0,0,38450,50,2.5,0,0,6,4464.57471,6.94772196,0,-1.06929588,-15.6420803,101.188309,-1.26497281,-14.5399618,358.744843,0,1,0,1,1,0
768,2305,2,8327376,0,0,0,0,255,0,0,1,0,0,38450,50,2.5,0,0,6,4471.23242,2.79008007,0,0.0684065148,-14.636755,116.141861,-0.141853884,-12.1818008,359.808105,0,1,0,5,5,0
768,2306,3,8327452,0,0,69,0,255,0,0,0,0,0,38450,50,2.5,0,0,6,4470.04541,5.71834993,0,-1.16882646,-15.0489588,94.2910614,-1.32612729,-13.8483696,358.895752,0,1,0,1,1,0
769,2307,1,8327300,0,0,94,0,255,0,0,0,0,0,38500,50,2.5,0,0,6,4462.6167,7.77145863,0,-1.03122365,-15.8267231,101.60788,-1.2416302,-14.7451468,358.61557,0,1,0,1,1,0
769,2308,2,8327376,0,0,0,0,255,0,0,1,0,0,38500,50,2.5,0,0,6,4471.27002,2.54433489,0,0.0841615945,-14.8165302,117.299011,-0.128650352,-12.3883238,359.878723,0,1,0,5,5,0
769,2309,3,8327452,0,0,73,0,255,0,0,0,0,0,38500,50,2.5,0,0,6,4468.61572,6.25004339,0,-1.14188623,-15.2284012,94.65625,-1.31044316,-14.0545673,358.847504,0,1,0,1,1,0
770,2310,1,8327300,0,0,108,0,255,0,0,0,0,0,38550,50,2.5,0,0,6,4460.27197,8.73386955,0,-0.99590224,-15.9848099,108.920471,-1.21595407,-14.9499359,358.517456,0,1,0,1,1,0
770,2311,2,8327376,0,0,0,0,255,0,0,1,0,0,38550,50,2.5,0,0,6,4471.37451,2.33061647,0,0.102426097,-15.0145674,118.585678,-0.114524402,-12.5947933,359.936096,0,1,0,5,5,0
770,2312,3,8327452,0,0,82,0,255,0,0,0,0,0,38550,50,2.5,0,0,6,4467.00342,6.76130104,0,-1.11072087,-15.4172173,100.663635,-1.29271781,-14.2605209,358.774475,0,1,0,1,1,0
771,2313,1,8327300,0,0,110,0,255,0,0,0,0,0,38600,50,2.5,0,0,6,4457.41357,9.95698929,0,-0.955192983,-16.1572075,109.479599,-1.18780005,-15.1542568,358.495758,0,1,0,1,1,0
771,2314,2,8327376,0,0,0,0,255,0,0,1,0,0,38600,50,2.5,0,0,6,4471.53418,2.14357758,0,0.120505244,-15.1999388,119.800171,-0.0995367691,-12.8012114,359.978851,0,1,0,5,5,0
771,2315,3,8327452,0,0,86,0,255,0,0,0,0,0,38600,50,2.5,0,0,6,4465.14941,7.32518435,0,-1.07883728,-15.5926628,101.077133,-1.27286184,-14.4661894,358.726471,0,1,0,1,1,0
772,2316,1,8327300,0,0,113,0,255,0,0,0,0,0,38650,50,2.5,0,0,6,4454.2124,11.7431688,0,-0.908474684,-16.3437042,110.055542,-1.1570034,-15.3580294,358.451843,0,1,0,1,1,0
772,2317,2,8327376,0,0,0,0,255,0,0,1,0,0,38650,50,2.5,0,0,6,4471.7417,1.97947526,0,0.101919338,-15.0092201,126.386017,-0.0837444142,-13.0075808,360,0.0708999634,1,0,4,4,0
772,2318,3,8327452,0,0,92,0,255,0,0,0,0,0,38650,50,2.5,0,0,6,4463.10352,8.15277863,0,-1.04701293,-15.7524719,101.439392,-1.25076437,-14.671526,358.645874,0,1,0,1,1,0
773,2319,1,8327300,0,0,153,0,255,0,0,0,0,0,38700,50,2.5,0,0,6,4450.48535,13.675745,0,-0.735163748,-16.9518051,119.931,-1.12342215,-15.5611706,358.082977,0,1,0,2,2,0
773,2320,2,8327376,0,0,0,0,255,0,0,1,0,0,38700,50,2.5,0,0,6,4471.98779,1.83750319,0,0.119628206,-15.191185,127.756241,-0.0672007054,-13.2139044,360,0.112838745,1,0,4,4,0
773,2321,3,8327452,0,0,108,0,255,0,0,0,0,0,38700,50,2.5,0,0,6,4460.73877,9.13225937,0,-1.00714767,-15.9353876,108.75882,-1.22631228,-14.8764763,358.505585,0,1,0,1,1,0
774,2322,1,8327300,0,0,123,0,255,0,0,0,0,0,38750,50,2.5,0,0,6,4445.19336,15.6177473,0,-0.677299976,-17.1313744,120.759399,-1.08690727,-15.7635517,358.472534,0,1,0,2,2,0
774,2323,2,8327376,0,0,0,0,255,0,0,1,0,0,38750,50,2.5,0,0,6,4472.26562,1.71445763,0,0.140055493,-15.3890333,129.297424,-0.0499556027,-13.4201851,360,0.129211426,1,0,4,4,0
774,2324,3,8327452,0,0,110,0,255,0,0,0,0,0,38750,50,2.5,0,0,6,4457.82324,10.2738981,0,-0.970015705,-16.0955696,109.281586,-1.19937158,-15.0809708,358.492462,0,1,0,1,1,0
775,2325,1,8327300,0,0,115,0,255,0,0,0,0,0,38800,50,2.5,0,0,6,4440.45215,19.5533524,0,-0.622424543,-17.2928581,121.716751,-1.04722095,-15.9650631,358.576965,0,1,0,2,2,0
775,2326,2,8327376,0,0,0,0,255,0,0,1,0,0,38800,50,2.5,0,0,6,4472.56738,1.60740387,0,0.11996451,-15.1945438,130.746887,-0.0320558362,-13.6264248,360,0.227005005,1,0,3,3,0
775,2327,3,8327452,0,0,114,0,255,0,0,0,0,0,38800,50,2.5,0,0,6,4454.60205,12.025897,0,-0.924853027,-16.2796059,109.860962,-1.16977811,-15.2849302,358.447754,0,1,0,1,1,0
776,2328,1,8327300,0,0,117,0,255,0,0,0,0,0,38850,50,2.5,0,0,6,4434.8418,22.3306046,0,-0.558238268,-17.4720039,122.784882,-1.00427186,-16.1656189,358.564636,0,1,0,2,2,0
776,2329,2,8327376,0,0,0,0,255,0,0,1,0,0,38850,50,2.5,0,0,6,4472.88818,1.51420724,0,0.140463114,-15.3928556,132.370605,-0.0135450382,-13.8326263,360,0.241363525,1,0,3,3,0
776,2330,3,8327452,0,0,141,0,255,0,0,0,0,0,38850,50,2.5,0,0,6,4450.83398,13.9554672,0,-0.754195511,-16.8904705,110.353317,-1.13738942,-15.4882727,358.084839,0,1,0,2,2,0
777,2331,1,8327300,0,0,125,0,255,0,0,0,0,0,38900,50,2.5,0,0,6,4428.7749,23.8159866,0,-0.494205236,-17.641325,131.251007,-0.958017051,-16.365139,358.560059,0,1,0,2,2,0
777,2332,2,8327376,0,0,0,0,255,0,0,1,0,0,38900,50,2.5,0,0,6,4473.22559,1.43220162,0,0.12082997,-15.2031736,142.183563,0.00553609058,-14.0387926,360,0.330841064,1,0,2,2,0
777,2333,3,8327452,0,0,130,0,255,0,0,0,0,0,38900,50,2.5,0,0,6,4445.9165,15.9412985,0,-0.701159418,-17.058548,120.471283,-1.10206139,-15.6908846,358.378479,0,1,0,2,2,0
778,2334,1,8327300,0,0,121,0,255,0,0,0,0,0,38950,50,2.5,0,0,6,4422.32764,25.0853329,0,-0.430746734,-17.8007832,131.730469,-0.90841943,-16.5635414,358.616028,0,1,0,2,2,0
778,2335,2,8327376,0,0,0,0,255,0,0,1,0,0,38950,50,2.5,0,0,6,4473.5752,1.36218727,0,0.141825959,-15.4055996,144.389435,0.0251495838,-14.2449265,360,0.345283508,1,0,2,2,0
778,2336,3,8327452,0,0,118,0,255,0,0,0,0,0,38950,50,2.5,0,0,6,4440.93115,19.2417164,0,-0.640532076,-17.2404633,121.390015,-1.0635941,-15.8926554,358.530762,0,1,0,2,2,0
779,2337,1,8327300,0,0,122,0,255,0,0,0,0,0,39000,50,2.5,0,0,6,4415.89355,26.7632122,0,-0.360456735,-17.9686394,132.162491,-0.855419934,-16.7607384,358.599487,0,1,0,2,2,0
779,2338,2,8327376,0,0,0,0,255,0,0,1,0,0,39000,50,2.5,0,0,6,4473.93555,1.30123174,0,0.162327975,-15.5909996,146.24707,0.0452599972,-14.4510298,360,0.315689087,1,0,2,2,0
779,2339,3,8327452,0,0,117,0,255,0,0,0,0,0,39000,50,2.5,0,0,6,4435.44482,22.2340164,0,-0.580028415,-17.4122982,122.437439,-1.0218637,-16.0934906,358.561829,0,1,0,2,2,0
780,2340,1,8327300,0,0,125,0,255,0,0,0,0,0,39050,50,2.5,0,0,6,4409.13916,28.2090282,0,-0.287397832,-18.1342545,132.511658,-0.798989296,-16.956646,358.565033,0,1,0,2,2,0
780,2341,2,8327376,0,0,0,0,255,0,0,1,0,0,39050,50,2.5,0,0,6,4474.30273,1.24800313,0,0.142884046,-15.4154558,154.449051,0.0658342019,-14.6571054,360,0.464904785,1,0,1,1,0
780,2342,3,8327452,0,0,125,0,255,0,0,0,0,0,39050,50,2.5,0,0,6,4429.42334,24.071701,0,-0.516905487,-17.5823116,131.055069,-0.976814151,-16.2933083,358.565186,0,1,0,2,2,0
781,2343,1,8327300,0,0,129,0,255,0,0,0,0,0,39100,50,2.5,0,0,6,4402.16016,29.4717598,0,-0.207654268,-18.3056965,132.789185,-0.739105999,-17.1511803,358.522461,0,1,0,2,2,0
781,2344,2,8327376,0,0,0,0,255,0,0,1,0,0,39100,50,2.5,0,0,6,4474.67285,1.20223498,0,0.165791959,-15.6211939,155.624207,0.0868411958,-14.8631544,360,0.401931763,1,0,1,1,0
781,2345,3,8327452,0,0,119,0,255,0,0,0,0,0,39100,50,2.5,0,0,6,4422.94971,25.4037113,0,-0.455208361,-17.7402458,131.556717,-0.928408802,-16.4920254,358.633179,0,1,0,2,2,0
782,2346,1,8327300,0,0,132,0,255,0,0,0,0,0,39150,50,2.5,0,0,6,4394.94922,30.8252201,0,-0.127449602,-18.4692173,132.974152,-0.675749362,-17.3442516,358.48764,0,1,0,2,2,0
782,2347,2,8327376,0,0,0,0,255,0,0,1,0,0,39150,50,2.5,0,0,6,4475.04395,1.1620611,0,0.188527524,-15.8117571,156.581726,0.108252116,-15.0691795,360,0.254226685,1,0,1,1,0
782,2348,3,8327452,0,0,121,0,255,0,0,0,0,0,39150,50,2.5,0,0,6,4416.55176,27.0698853,0,-0.386518747,-17.9074211,132.013977,-0.876587451,-16.6895561,358.611328,0,1,0,2,2,0
783,2349,1,8327300,0,0,140,0,255,0,0,0,0,0,39200,50,2.5,0,0,6,4387.51562,32.3925896,0,-0.0496197343,-18.6201096,137.52272,-0.608895659,-17.5357647,358.44873,0,1,0,2,2,0
783,2350,2,8327376,0,0,0,0,255,0,0,1,0,0,39200,50,2.5,0,0,6,4475.41504,1.1269486,0,0.215005606,-16.0182209,157.478027,0.130040064,-15.2751827,359.971985,0,1,0,1,1,0
783,2351,3,8327452,0,0,124,0,255,0,0,0,0,0,39200,50,2.5,0,0,6,4409.79688,28.3751316,0,-0.314983398,-18.0727253,132.390045,-0.821328223,-16.8858204,358.583038,0,1,0,2,2,0
784,2352,1,8327300,0,0,141,0,255,0,0,0,0,0,39250,50,2.5,0,0,6,4379.61865,34.1265717,0,0.0363987386,-18.7787209,137.316986,-0.538529873,-17.7256184,358.437042,0,1,0,2,2,0
784,2353,2,8327376,0,0,0,0,255,0,0,1,0,0,39250,50,2.5,0,0,6,4475.78369,1.09769893,0,0.242013887,-16.2134628,158.19165,0.152179971,-15.4811659,359.568176,0,1,0,1,1,0
784,2354,3,8327452,0,0,127,0,255,0,0,0,0,0,39250,50,2.5,0,0,6,4402.87158,29.5211029,0,-0.235560283,-18.2467499,132.703491,-0.762611687,-17.0807362,358.547119,0,1,0,2,2,0
785,2355,1,8327300,0,0,145,0,255,0,0,0,0,0,39300,50,2.5,0,0,6,4371.16895,36.3657417,0,0.130907342,-18.9439545,137.020157,-0.464620352,-17.9136848,358.384949,0,1,0,2,2,0
785,2356,2,8327376,0,0,0,0,255,0,0,1,0,0,39300,50,2.5,0,0,6,4476.14893,1.07084489,0,0.269973934,-16.4010792,158.756104,0.174648479,-15.6871309,359.019043,0,1,0,1,1,0
785,2357,3,8327452,0,0,129,0,255,0,0,0,0,0,39300,50,2.5,0,0,6,4395.77002,30.7929363,0,-0.161234319,-18.401371,132.906982,-0.700417697,-17.2742176,358.518738,0,1,0,2,2,0
786,2358,1,8327300,0,0,183,0,255,0,0,0,0,0,39350,50,2.5,0,0,6,4361.94141,38.7022057,0,0.416482449,-19.3935452,136.682983,-0.387163043,-18.0998402,357.948975,0,1,0,3,3,0
786,2359,2,8327376,0,0,185,0,255,0,0,1,0,0,39350,50,2.5,0,0,6,4476.51025,1.04772067,0,0.301816463,-16.5988979,159.21933,0.197423801,-15.8930798,358.269012,0,1,0,1,1,0
786,2360,3,8327452,0,0,139,0,255,0,0,0,0,0,39350,50,2.5,0,0,6,4388.49316,32.2139206,0,-0.0753170252,-18.5710945,137.572205,-0.634725213,-17.4661732,358.462463,0,1,0,2,2,0
787,2361,1,8327300,0,0,159,0,255,0,0,0,0,0,39400,50,2.5,0,0,6,4350.86084,41.214447,0,0.521924794,-19.5431499,136.237,-0.306206703,-18.2839546,358.211395,0,1,0,3,3,0
787,2362,2,8327376,0,0,0,0,255,0,0,1,0,0,39400,50,2.5,0,0,6,4474.75195,1.02832735,0,0.337003618,-16.8003254,159.549759,0.221116871,-16.0988445,359.068237,0,1,0,1,1,0
787,2363,3,8327452,0,0,138,0,255,0,0,0,0,0,39400,50,2.5,0,0,6,4380.7207,33.7098999,0,0.00867208838,-18.728487,137.39006,-0.565526724,-17.6565056,358.466797,0,1,0,2,2,0
788,2364,1,8327300,0,0,158,0,255,0,0,0,0,0,39450,50,2.5,0,0,6,4340.4502,46.8101158,0,0.625966668,-19.6831818,135.738785,-0.221620142,-18.4658318,358.211792,0,1,0,3,3,0
788,2365,2,8327376,0,0,195,0,255,0,0,1,0,0,39450,50,2.5,0,0,6,4475.06348,3.30994558,0,0.373947263,-16.9949646,159.734253,0.24618423,-16.3044243,358.177063,0,1,0,1,1,0
788,2366,3,8327452,0,0,142,0,255,0,0,0,0,0,39450,50,2.5,0,0,6,4372.53174,35.8349152,0,0.0927844048,-18.8783855,137.146973,-0.492786139,-17.845089,358.418945,0,1,0,2,2,0
789,2367,1,8327300,0,0,162,0,255,0,0,0,0,0,39500,50,2.5,0,0,6,4328.68555,51.2628059,0,0.733794212,-19.8209553,135.167145,-0.133396149,-18.6453419,358.152344,0,1,0,3,3,0
789,2368,2,8327376,0,0,128,0,255,0,0,1,0,0,39500,50,2.5,0,0,6,4471.82471,3.66786695,0,0.411922812,-17.1794491,159.775375,0.272976071,-16.509655,358.80191,0,1,0,1,1,0
789,2369,3,8327452,0,0,147,0,255,0,0,0,0,0,39500,50,2.5,0,0,6,4363.55566,37.9673271,0,0.18900153,-19.0411854,136.80423,-0.416502476,-18.0318069,358.355164,0,1,0,2,2,0
790,2370,1,8327300,0,0,167,0,255,0,0,0,0,0,39550,50,2.5,0,0,6,4316.43896,54.6191177,0,0.845118761,-19.9559116,134.524124,-0.0415475368,-18.8223686,358.079315,0,1,0,3,3,0
790,2371,2,8327376,0,0,179,0,255,0,0,1,0,0,39550,50,2.5,0,0,6,4469.95654,7.74862862,0,0.536425948,-17.6964989,159.673965,0.302100986,-16.7144241,358.323944,0,1,0,2,2,0
790,2372,3,8327452,0,0,184,0,255,0,0,0,0,0,39550,50,2.5,0,0,6,4354.19678,40.2169151,0,0.48024708,-19.4849758,136.420578,-0.33666423,-18.216547,357.933167,0,1,0,3,3,0
791,2373,1,8327300,0,0,172,0,255,0,0,0,0,0,39600,50,2.5,0,0,6,4303.67285,58.1177101,0,0.959203482,-20.0870876,133.815308,0.053903304,-18.996788,358.001648,0,1,0,3,3,0
791,2374,2,8327376,0,0,145,0,255,0,0,1,0,0,39600,50,2.5,0,0,6,4465.39697,11.5180426,0,0.588485479,-17.8811398,159.424332,0.333894104,-16.9185638,358.638397,0,1,0,2,2,0
791,2375,3,8327452,0,0,159,0,255,0,0,0,0,0,39600,50,2.5,0,0,6,4342.61914,42.7994118,0,0.582067251,-19.624979,135.956299,-0.253323704,-18.3991585,358.196747,0,1,0,3,3,0
792,2376,1,8327300,0,0,178,0,255,0,0,0,0,0,39650,50,2.5,0,0,6,4290.36084,62.0473022,0,1.07716835,-20.2156601,133.037308,0.152927682,-19.1684742,357.914856,0,1,0,3,3,0
792,2377,2,8327376,0,0,157,0,255,0,0,1,0,0,39650,50,2.5,0,0,6,4460.86133,17.2276344,0,0.641989052,-18.0555534,159.045227,0.368747979,-17.1219292,358.524994,0,1,0,2,2,0
792,2378,3,8327452,0,0,162,0,255,0,0,0,0,0,39650,50,2.5,0,0,6,4332.19482,48.4321213,0,0.693914354,-19.7708378,135.384827,-0.166353449,-18.5794659,358.155029,0,1,0,3,3,0
793,2379,1,8327300,0,0,180,0,255,0,0,0,0,0,39700,50,2.5,0,0,6,4276.41602,66.4732666,0,1.19868898,-20.341114,129.638,0.255487412,-19.3372974,357.828033,0,1,0,3,3,0
793,2380,2,8327376,0,0,171,0,255,0,0,1,0,0,39700,50,2.5,0,0,6,4454.43555,21.8950844,0,0.702279687,-18.2360306,158.491547,0.406861633,-17.3243771,358.382568,0,1,0,2,2,0
793,2381,3,8327452,0,0,164,0,255,0,0,0,0,0,39700,50,2.5,0,0,6,4320.35205,52.8241043,0,0.799028873,-19.9009037,134.796112,-0.0757619217,-18.7573452,358.117767,0,1,0,3,3,0
794,2382,1,8327300,0,0,189,0,255,0,0,0,0,0,39750,50,2.5,0,0,6,4261.97266,71.5284271,0,1.32324374,-20.4628277,128.874008,0.361548334,-19.5031242,357.703094,0,1,0,3,3,0
794,2383,2,8327376,0,0,187,0,255,0,0,1,0,0,39750,50,2.5,0,0,6,4446.74756,26.5746651,0,0.770356297,-18.4222507,157.737549,0.44842425,-17.5257511,358.217102,0,1,0,2,2,0
794,2384,3,8327452,0,0,170,0,255,0,0,0,0,0,39750,50,2.5,0,0,6,4308.04736,56.4522667,0,0.911484361,-20.0330639,134.116653,0.0184429139,-18.9326706,358.035583,0,1,0,3,3,0
795,2385,1,8327300,0,0,195,0,255,0,0,0,0,0,39800,50,2.5,0,0,6,4246.60742,76.8661804,0,1.44611907,-20.5765305,128.073883,0.471040338,-19.6658344,357.61087,0,1,0,3,3,0
795,2386,2,8327376,0,0,203,0,255,0,0,1,0,0,39800,50,2.5,0,0,6,4437.56396,32.3184814,0,0.840582848,-18.5976162,156.837311,0.493611425,-17.725872,358.052399,0,1,0,2,2,0
795,2387,3,8327452,0,0,176,0,255,0,0,0,0,0,39800,50,2.5,0,0,6,4295.07715,60.1693726,0,1.03349042,-20.1688576,133.32962,0.116231591,-19.1053162,357.942719,0,1,0,3,3,0
796,2388,1,8327300,0,0,201,0,255,0,0,0,0,0,39850,50,2.5,0,0,6,4230.6084,83.133667,0,1.57726836,-20.6913528,127.177963,0.583897471,-19.8252983,357.51062,0,1,0,3,3,0
796,2389,2,8327376,0,0,222,0,255,0,0,1,0,0,39850,50,2.5,0,0,6,4426.30469,39.4955826,0,0.916267157,-18.7702923,155.756577,0.542580664,-17.9245243,357.855438,0,1,0,2,2,0
796,2390,3,8327452,0,0,177,0,255,0,0,0,0,0,39850,50,2.5,0,0,6,4281.53809,64.352623,0,1.14841497,-20.290041,129.930573,0.217570528,-19.2751522,357.871765,0,1,0,3,3,0
797,2391,1,8327300,0,0,206,0,255,0,0,0,0,0,39900,50,2.5,0,0,6,4213.66406,90.3687363,0,1.71744514,-20.807085,126.174774,0.700035036,-19.9813881,357.40802,0,1,0,3,3,0
797,2392,2,8327376,0,0,242,0,255,0,0,1,0,0,39900,50,2.5,0,0,6,4412.66602,48.362896,0,0.997899294,-18.9402313,154.47847,0.595439374,-18.1214809,357.633667,0,1,0,2,2,0
797,2393,3,8327452,0,0,187,0,255,0,0,0,0,0,39900,50,2.5,0,0,6,4267.56592,69.1830673,0,1.2771349,-20.4185524,129.163986,0.322433412,-19.4420433,357.734344,0,1,0,3,3,0
798,2394,1,8327300,0,0,232,0,255,0,0,0,0,0,39950,50,2.5,0,0,6,4195.92139,98.5317154,0,2.0948019,-21.0861607,125.205566,0.819359779,-20.1339874,357.055939,0,1,0,4,4,0
798,2395,2,8327376,0,0,255,0,255,0,0,1,0,0,39950,50,2.5,0,0,6,4396.69434,59.5829811,0,1.22751343,-19.346487,153.059402,0.652264059,-18.3165169,356.934021,0,1,0,3,3,0
798,2396,3,8327452,0,0,192,0,255,0,0,0,0,0,39950,50,2.5,0,0,6,4252.51904,74.173851,0,1.39878976,-20.5334568,128.386078,0.430749387,-19.6058674,357.649384,0,1,0,3,3,0
799,2397,1,8327300,0,0,216,0,255,0,0,0,0,0,40000,50,2.5,0,0,6,4175.76123,107.614983,0,2.24382901,-21.1845417,124.087372,0.941661239,-20.2830372,357.223419,0,1,0,4,4,0
799,2398,2,8327376,0,0,255,0,255,0,0,1,0,0,40000,50,2.5,0,0,6,4377.88867,73.7962646,0,1.33101249,-19.5040951,151.372894,0.713097274,-18.5093746,356.699707,0,1,0,3,3,0
799,2399,3,8327452,0,0,199,0,255,0,0,0,0,0,40000,50,2.5,0,0,6,4237.07715,80.1225891,0,1.53410304,-20.6542778,127.478516,0.542465329,-19.7664967,357.541565,0,1,0,3,3,0
800,2400,1,8327300,0,0,214,0,255,0,0,0,0,0,40050,50,2.5,0,0,6,4156.62402,120.544212,0,2.38927841,-21.2746754,122.968002,1.06690609,-20.4283638,357.209625,0,1,0,4,4,0
800,2401,2,8327376,0,0,255,0,0,255,0,1,0,0,40050,50,2.5,0,0,6,4357.08398,90.7338791,0,1.44440198,-19.6636181,149.413834,0.777955353,-18.699831,356.315002,0,1,0,3,3,0
800,2402,3,8327452,0,0,204,0,255,0,0,0,0,0,40050,50,2.5,0,0,6,4220.625,86.9366226,0,1.66173005,-20.7619209,126.578323,0.657499015,-19.9238033,357.451904,0,1,0,3,3,0
801,2403,1,8327300,0,0,216,0,255,0,0,0,0,0,40100,50,2.5,0,0,6,4135.6748,132.951538,0,2.53599739,-21.3600292,121.812653,1.19498241,-20.5698528,357.14212,0,1,0,4,4,0
801,2404,2,8327376,0,0,255,0,0,255,0,1,0,0,40100,50,2.5,0,0,6,4217.12354,108.965431,0,1.5529139,-19.805542,147.432541,0.84225893,-18.8836517,355.781616,0,1,0,3,3,0
801,2405,3,8327452,0,0,233,0,255,0,0,0,0,0,40100,50,2.5,0,0,6,4203.43652,94.7010803,0,2.04434681,-21.051403,125.577576,0.775764406,-20.0776653,357.060608,0,1,0,4,4,0
802,2406,1,8327300,0,0,215,0,255,0,0,0,0,0,40150,50,2.5,0,0,6,4113.58398,144.38414,0,2.67964029,-21.4384689,118.817963,1.32575095,-20.707428,357.063446,0,1,0,4,4,0
802,2407,2,8327376,0,0,255,0,0,255,0,1,0,0,40150,50,2.5,0,0,6,4081.32178,137.923828,0,1.86328089,-20.1659088,145.169815,0.906010628,-19.0608826,354.938965,0,1,0,4,4,0
802,2408,3,8327452,0,0,214,0,255,0,0,0,0,0,40150,50,2.5,0,0,6,4183.64502,103.388626,0,2.19212532,-21.1511192,124.479797,0.897045076,-20.2280197,357.256317,0,1,0,4,4,0
803,2409,1,8327300,0,0,238,0,255,0,0,0,0,0,40200,50,2.5,0,0,6,4090.86621,156.225662,0,3.10314131,-21.6411343,117.643326,1.4590795,-20.841011,356.700226,0,1,0,5,5,0
803,2410,2,8327376,0,0,255,0,0,255,0,1,0,0,40200,50,2.5,0,0,6,3947.51465,171.736847,0,1.97990513,-20.2871246,142.957886,0.969311297,-19.2315273,354.520569,0,1,0,4,4,0
803,2411,3,8327452,0,0,212,0,255,0,0,0,0,0,40200,50,2.5,0,0,6,4165.12646,116.224632,0,2.33629084,-21.2424927,123.380524,1.02132964,-20.3746777,357.242371,0,1,0,4,4,0
804,2412,1,8327300,0,0,231,0,255,0,0,0,0,0,40250,50,2.5,0,0,6,4065.62891,168.320755,0,3.25901842,-21.702137,116.539902,1.59469664,-20.9706707,356.74707,0,1,0,5,5,0
804,2413,2,8327376,0,0,255,0,0,255,0,1,0,0,40250,50,2.5,0,0,6,3815.05029,206.916321,0,2.31921768,-20.6050568,140.659149,1.03232551,-19.3955231,353.93042,0,1,0,5,5,0
804,2414,3,8327452,0,0,215,0,255,0,0,0,0,0,40250,50,2.5,0,0,6,4144.65625,128.238159,0,2.48309064,-21.329874,122.23175,1.14851177,-20.5175209,357.172333,0,1,0,4,4,0
805,2415,1,8327300,0,0,237,0,0,255,0,0,0,0,40300,50,2.5,0,0,6,4041.53882,184.582077,0,3.42879248,-21.7604885,115.360138,1.7324667,-21.096344,356.608582,0,1,0,5,5,0
805,2416,2,8327376,0,0,255,0,0,255,0,1,0,0,40300,50,2.5,0,0,6,3683.25806,242.064865,0,2.43784547,-20.7056637,138.623642,1.09494805,-19.5530224,353.779297,0,1,0,5,5,0
805,2417,3,8327452,0,0,213,0,255,0,0,0,0,0,40300,50,2.5,0,0,6,4122.99072,139.093826,0,2.62585711,-21.4096775,119.209091,1.27845311,-20.6564674,357.102051,0,1,0,4,4,0
806,2418,1,8327300,0,0,239,0,0,255,0,0,0,0,40350,50,2.5,0,0,6,3913.58813,202.134567,0,3.59815907,-21.8113174,114.205948,1.86676133,-21.2169514,356.436829,0,1,0,5,5,0
806,2419,2,8327376,0,0,255,0,0,255,0,1,0,0,40350,50,2.5,0,0,6,3554.18359,275.9758,0,2.79360867,-20.9796696,136.485367,1.15678644,-19.7044449,353.494354,0,1,0,6,6,0
806,2420,3,8327452,0,0,219,0,255,0,0,0,0,0,40350,50,2.5,0,0,6,4100.81006,150.450729,0,2.78243113,-21.4916306,118.057343,1.41103137,-20.7914276,356.978027,0,1,0,4,4,0
807,2421,1,8327300,0,0,242,0,0,255,0,0,0,0,40400,50,2.5,0,0,6,3786.95068,236.502518,0,3.76944327,-21.8560562,113.062233,1.99752355,-21.3325825,356.230743,0,1,0,5,5,0
807,2422,2,8327376,0,0,255,0,0,255,0,1,0,0,40400,50,2.5,0,0,6,3430.92676,310.81366,0,2.91320539,-21.0633411,135.789612,1.21749294,-19.8502274,353.586609,0,1,0,6,6,0
807,2423,3,8327452,0,0,241,0,255,0,0,0,0,0,40400,50,2.5,0,0,6,4077.33423,161.915024,0,3.20492887,-21.6818275,116.920029,1.54607594,-20.9223652,356.620758,0,1,0,5,5,0
808,2424,1,8327300,0,0,243,0,0,255,0,0,0,0,40450,50,2.5,0,0,6,3661.84155,273.144501,0,3.94584131,-21.8958092,111.903915,2.12478089,-21.4432106,356.040009,0,1,0,5,5,0
808,2425,2,8327376,0,0,255,0,0,255,0,1,0,0,40450,50,2.5,0,0,6,3313.93188,349.642242,0,3.02411032,-21.1374359,134.173492,1.27680075,-19.9907856,353.71524,0,1,0,6,6,0
808,2426,3,8327452,0,0,237,0,255,0,0,0,0,0,40450,50,2.5,0,0,6,4051.86987,174.478348,0,3.36616015,-21.7398758,115.794212,1.68331635,-21.0493565,356.632172,0,1,0,5,5,0
809,2427,1,8327300,0,0,237,0,0,255,0,0,0,0,40500,50,2.5,0,0,6,3537.33154,311.278076,0,4.11301279,-21.9280701,109.335594,2.24861336,-21.5486336,355.906464,0,1,0,5,5,0
809,2428,2,8327376,0,0,255,0,0,255,0,1,0,0,40500,50,2.5,0,0,6,3203.18774,392.721649,0,3.37908053,-21.3534718,132.550766,1.33454728,-20.1264668,353.845184,0,1,0,7,7,0
809,2429,3,8327452,0,0,242,0,0,255,0,0,0,0,40500,50,2.5,0,0,6,4027.26343,191.683319,0,3.53916097,-21.7943935,114.607979,1.82259309,-21.172369,356.504059,0,1,0,5,5,0
810,2430,1,8327300,0,0,233,0,0,255,0,0,0,0,40550,50,2.5,0,0,6,3411.76367,348.814941,0,4.27920103,-21.9553108,108.362015,2.36914182,-21.6484165,355.793671,0,1,0,5,5,0
810,2431,2,8327376,0,0,255,0,0,255,0,1,0,0,40550,50,2.5,0,0,6,3097.8313,439.867401,0,3.49462366,-21.4172173,130.877884,1.39067829,-20.2574978,354.174316,0,1,0,7,7,0
810,2432,3,8327452,0,0,243,0,0,255,0,0,0,0,40550,50,2.5,0,0,6,3900.28052,210.769806,0,3.71417284,-21.84231,113.429321,1.95826662,-21.2905083,356.341492,0,1,0,5,5,0
811,2433,1,8327300,0,0,233,0,0,255,0,0,0,0,40600,50,2.5,0,0,6,3282.71362,381.477325,0,4.77651644,-22.0108662,107.484955,2.48645878,-21.742075,355.5849,0,1,0,6,6,0
811,2434,2,8327376,0,0,255,0,0,255,0,1,0,0,40600,50,2.5,0,0,6,2996.23926,490.148254,0,3.85017586,-21.594286,129.526779,1.44526005,-20.3839169,354.460571,0,1,0,8,8,0
811,2435,3,8327452,0,0,245,0,0,255,0,0,0,0,40600,50,2.5,0,0,6,3774.78931,247.512939,0,3.89379406,-21.8847084,112.241547,2.09028149,-21.4038696,356.144623,0,1,0,5,5,0
812,2436,1,8327300,0,0,211,0,0,255,0,0,0,0,40650,50,2.5,0,0,6,3149.47778,406.371521,0,4.94711971,-22.0216732,106.533371,2.60053444,-21.8295441,355.795959,0,1,0,6,6,0
812,2437,2,8327376,0,0,255,0,0,255,0,1,0,0,40650,50,2.5,0,0,6,2895.51245,541.917297,0,3.95099092,-21.6393948,128.732651,1.49865401,-20.505228,354.99942,0,1,0,8,8,0
812,2438,3,8327452,0,0,241,0,0,255,0,0,0,0,40650,50,2.5,0,0,6,3650.85547,286.721893,0,4.05917835,-21.9182301,109.654175,2.21866608,-21.5124264,355.989227,0,1,0,5,5,0
813,2439,1,8327300,0,0,194,0,0,255,0,0,0,0,40700,50,2.5,0,0,6,3016.22119,423.22995,0,5.1020155,-22.0280666,105.677597,2.71128917,-21.911068,355.93161,0,1,0,6,6,0
813,2440,2,8327376,0,0,234,0,0,255,0,1,0,0,40700,50,2.5,0,0,6,2787.54614,591.885925,0,4.04033566,-21.6775227,128.039658,1.55120611,-20.6207638,355.617981,0,1,0,8,8,0
813,2441,3,8327452,0,0,239,0,0,255,0,0,0,0,40700,50,2.5,0,0,6,3527.50195,327.426178,0,4.23024225,-21.9477654,108.647697,2.34351373,-21.6159134,355.83197,0,1,0,5,5,0
814,2442,1,8327300,0,0,180,0,255,0,0,0,0,0,40750,50,2.5,0,0,6,2885.95557,430.481873,0,5.24129438,-22.0311108,104.514091,2.81866479,-21.9869995,356.025391,0,1,0,6,6,0
814,2443,2,8327376,0,0,201,0,0,255,0,1,0,0,40750,50,2.5,0,0,6,2669.39868,631.74585,0,4.38523531,-21.8085556,127.340347,1.60322857,-20.7297096,356.044617,0,1,0,9,9,0
814,2444,3,8327452,0,0,247,0,0,255,0,0,0,0,40750,50,2.5,0,0,6,3402.43042,366.355927,0,4.74103975,-22.00811,107.683144,2.46492434,-21.713932,355.502777,0,1,0,6,6,0
815,2445,1,8327300,0,0,177,0,255,0,0,0,0,0,40800,50,2.5,0,0,6,2844.73999,432.101135,0,5.74278641,-22.0215454,102.986801,2.92764783,-22.0576153,355.966949,0,1,0,7,7,0
815,2446,2,8327376,0,0,172,0,0,255,0,1,0,0,40800,50,2.5,0,0,6,2538.5647,652.11853,0,4.47026587,-21.8369236,126.700378,1.65491104,-20.8313465,356.42334,0,1,0,9,9,0
815,2447,3,8327452,0,0,223,0,0,255,0,0,0,0,40800,50,2.5,0,0,6,3274.01245,400.798584,0,4.91649723,-22.0200291,106.704796,2.58295465,-21.8060913,355.734955,0,1,0,6,6,0
816,2448,1,8327300,0,0,160,0,255,0,0,0,0,0,40850,50,2.5,0,0,6,2811.20044,406.849396,0,5.89035892,-22.0127316,100.150185,3.03819704,-22.122057,356.196045,0,1,0,7,7,0
816,2449,2,8327376,0,0,152,0,255,0,0,1,0,0,40850,50,2.5,0,0,6,2396.53003,646.79126,0,4.55159378,-21.862587,126.094696,1.70629358,-20.9252319,356.644135,0,1,0,9,9,0
816,2450,3,8327452,0,0,205,0,0,255,0,0,0,0,40850,50,2.5,0,0,6,3142.32397,430.908691,0,5.06863832,-22.0269585,105.863617,2.6976428,-21.8918991,355.886169,0,1,0,6,6,0
817,2451,1,8327300,0,0,148,0,255,0,0,0,0,0,40900,50,2.5,0,0,6,2773.39478,385.215637,0,6.02576017,-22.0022659,98.8773575,3.15022278,-22.1797085,356.387329,0,1,0,7,7,0
817,2452,2,8327376,0,0,139,0,255,0,0,1,0,0,40900,50,2.5,0,0,6,2317.84717,618.357483,0,4.63063431,-21.8861504,125.510712,1.76164126,-21.0126114,356.795837,0,1,0,9,9,0
817,2453,3,8327452,0,0,189,0,0,255,0,0,0,0,40900,50,2.5,0,0,6,3005.79932,447.691406,0,5.23242331,-22.0309906,104.614212,2.80891037,-21.9715824,355.987701,0,1,0,6,6,0
818,2454,1,8327300,0,0,137,0,255,0,0,0,0,0,40950,50,2.5,0,0,6,2734.31665,351.8974,0,6.15774584,-21.9898663,97.6892319,3.26362872,-22.2305431,356.578247,0,1,0,7,7,0
818,2455,2,8327376,0,0,128,0,255,0,0,1,0,0,40950,50,2.5,0,0,6,2245.38647,545.635071,0,4.71266556,-21.9091568,124.907806,1.82102108,-21.0931931,356.946899,0,1,0,9,9,0
818,2456,3,8327452,0,0,181,0,255,0,0,0,0,0,40950,50,2.5,0,0,6,2872.26367,450.696747,0,5.72687054,-22.0223331,103.157219,2.91669893,-22.0455322,355.915009,0,1,0,7,7,0
819,2457,1,8327300,0,0,126,0,255,0,0,0,0,0,41000,50,2.5,0,0,6,2701.10254,310.955627,0,6.2865653,-21.9756603,96.5714722,3.37834883,-22.274868,356.766235,0,1,0,7,7,0
819,2458,2,8327376,0,0,117,0,255,0,0,1,0,0,41000,50,2.5,0,0,6,2178.60791,470.061188,0,4.78247643,-21.9275608,124.397781,1.88431382,-21.1672363,357.111267,0,1,0,9,9,0
819,2459,3,8327452,0,0,165,0,255,0,0,0,0,0,41000,50,2.5,0,0,6,2827.15186,448.045624,0,5.86609745,-22.0143681,100.384277,3.02596545,-22.1139774,356.107666,0,1,0,7,7,0
820,2460,1,8327300,0,0,117,0,255,0,0,0,0,0,41050,50,2.5,0,0,6,2676.83032,269.900848,0,6.41387272,-21.9595585,95.5057373,3.49433804,-22.3129406,356.942017,0,1,0,7,7,0
820,2461,2,8327376,0,0,107,0,255,0,0,1,0,0,41050,50,2.5,0,0,6,2126.01025,392.115692,0,4.86298656,-21.9474335,123.812088,1.95133233,-21.2353096,357.271851,0,1,0,9,9,0
820,2462,3,8327452,0,0,155,0,255,0,0,0,0,0,41050,50,2.5,0,0,6,2791.85425,419.695618,0,6.00330162,-22.0041599,99.085556,3.13666821,-22.1760178,356.261414,0,1,0,7,7,0
821,2463,1,8327300,0,0,108,0,255,0,0,0,0,0,41100,50,2.5,0,0,6,2660.50928,232.242874,0,6.52972698,-21.9431095,94.5657349,3.61155891,-22.3449936,357.119446,0,1,0,7,7,0
821,2464,2,8327376,0,0,99,0,255,0,0,1,0,0,41100,50,2.5,0,0,6,2090.5,320.919891,0,4.93626499,-21.9642525,123.278122,2.02194762,-21.2978573,357.430115,0,1,0,9,9,0
821,2465,3,8327452,0,0,144,0,255,0,0,0,0,0,41100,50,2.5,0,0,6,2750.97119,393.524414,0,6.14179373,-21.9914818,97.8288422,3.24870539,-22.2311344,356.436554,0,1,0,7,7,0
822,2466,1,8327300,0,0,101,0,255,0,0,0,0,0,41150,50,2.5,0,0,6,2651.55859,197.913528,0,6.65308762,-21.9236813,93.5901108,3.72998142,-22.3712463,357.286957,0,1,0,7,7,0
822,2467,2,8327376,0,0,91,0,255,0,0,1,0,0,41150,50,2.5,0,0,6,2069.18677,260.441406,0,5.00420141,-21.9787426,122.785645,2.09604836,-21.3552685,357.595886,0,1,0,9,9,0
822,2468,3,8327452,0,0,133,0,255,0,0,0,0,0,41150,50,2.5,0,0,6,2710.52515,355.841095,0,6.26335382,-21.9783726,96.7721405,3.36199141,-22.2794056,356.623322,0,1,0,7,7,0
823,2469,1,8327300,0,0,93,0,255,0,0,0,0,0,41200,50,2.5,0,0,6,2649.28687,166.826355,0,6.7849865,-21.9006882,92.5728302,3.84958172,-22.3919296,357.456085,0,1,0,7,7,0
823,2470,2,8327376,0,0,84,0,255,0,0,1,0,0,41200,50,2.5,0,0,6,2060.31885,209.054977,0,5.07689667,-21.9930668,122.2537,2.17353225,-21.4079094,357.759491,0,1,0,9,9,0
823,2471,3,8327452,0,0,122,0,255,0,0,0,0,0,41200,50,2.5,0,0,6,2677.25708,312.31546,0,6.39913177,-21.9615288,95.6288681,3.47647524,-22.3211384,356.80246,0,1,0,7,7,0
824,2472,1,8327300,0,0,87,0,255,0,0,0,0,0,41250,50,2.5,0,0,6,2653.34912,139.067215,0,6.90710831,-21.8773136,91.6977386,3.97034407,-22.4072838,357.615051,0,1,0,7,7,0
824,2473,2,8327376,0,0,78,0,255,0,0,1,0,0,41250,50,2.5,0,0,6,2062.28711,165.799194,0,5.14947319,-22.0061264,121.723656,2.25430059,-21.4561386,357.92276,0,1,0,9,9,0
824,2474,3,8327452,0,0,114,0,255,0,0,0,0,0,41250,50,2.5,0,0,6,2653.16748,269.920105,0,6.51299286,-21.9455929,94.7016296,3.59212255,-22.3565979,356.972229,0,1,0,7,7,0
825,2475,1,8327300,0,0,81,0,255,0,0,0,0,0,41300,50,2.5,0,0,6,2663.05322,114.578857,0,7.02677393,-21.8524151,91.4612274,4.09225893,-22.4175682,357.774323,0,1,0,7,7,0
825,2476,2,8327376,0,0,72,0,255,0,0,1,0,0,41300,50,2.5,0,0,6,2073.64111,129.896851,0,5.22190475,-22.0179043,121.189468,2.33825612,-21.500309,358.087311,0,1,0,9,9,0
825,2477,3,8327452,0,0,105,0,255,0,0,0,0,0,41300,50,2.5,0,0,6,2637.17773,231.153748,0,6.63567638,-21.9265442,93.7304306,3.70890546,-22.3860245,357.148346,0,1,0,7,7,0
826,2478,1,8327300,0,0,76,0,255,0,0,0,0,0,41350,50,2.5,0,0,6,2677.93652,93.3505859,0,7.14655972,-21.8254604,91.2648697,4.21532249,-22.4230537,357.925812,0,1,0,7,7,0
826,2479,2,8327376,0,0,66,0,255,0,0,1,0,0,41350,50,2.5,0,0,6,2093.00244,100.6287,0,5.3007021,-22.0292664,120.606125,2.42530227,-21.5407696,358.240845,0,1,0,9,9,0
826,2480,3,8327452,0,0,98,0,255,0,0,0,0,0,41350,50,2.5,0,0,6,2628.81763,196.04744,0,6.75720596,-21.9057255,92.7881927,3.82680297,-22.409647,357.315857,0,1,0,7,7,0
827,2481,1,8327300,0,0,68,0,255,0,0,0,0,0,41400,50,2.5,0,0,6,2697.32788,75.3003311,0,7.26519251,-21.7967072,88.0006638,4.33953714,-22.4240284,358.072388,0,1,0,7,7,0
827,2482,2,8327376,0,0,61,0,255,0,0,1,0,0,41400,50,2.5,0,0,6,2119.00903,77.1652603,0,5.37362957,-22.0384045,120.062355,2.51534414,-21.5778675,358.382263,0,1,0,9,9,0
827,2483,3,8327452,0,0,91,0,255,0,0,0,0,0,41400,50,2.5,0,0,6,2627.29395,164.462173,0,6.8871274,-21.8812771,91.8148346,3.94580007,-22.4277058,357.484802,0,1,0,7,7,0
828,2484,1,8327300,0,0,64,0,255,0,0,0,0,0,41450,50,2.5,0,0,6,2720.74097,60.2201996,0,7.37516356,-21.7681656,87.2596359,4.46491194,-22.4207802,358.184601,0,1,0,7,7,0
828,2485,2,8327376,0,0,57,0,255,0,0,1,0,0,41450,50,2.5,0,0,6,2150.36792,58.6355591,0,5.44236279,-22.045784,119.545959,2.60828972,-21.6119366,358.515198,0,1,0,9,9,0
828,2486,3,8327452,0,0,84,0,255,0,0,0,0,0,41450,50,2.5,0,0,6,2632.17749,136.392334,0,7.00383472,-21.8573418,91.4914474,4.0658884,-22.4404507,357.652039,0,1,0,7,7,0
829,2487,1,8327300,0,0,54,0,255,0,0,0,0,0,41500,50,2.5,0,0,6,2747.30615,47.6735725,0,7.15127659,-21.824358,86.4238586,4.59145927,-22.4136086,358.471863,0,1,0,6,6,0
829,2488,2,8327376,0,0,46,0,255,0,0,1,0,0,41500,50,2.5,0,0,6,2185.93091,44.2472534,0,5.2731142,-22.0254612,118.979691,2.70405006,-21.6432991,358.817078,0,1,0,8,8,0
829,2489,3,8327452,0,0,79,0,255,0,0,0,0,0,41500,50,2.5,0,0,6,2642.88403,111.84594,0,7.11336803,-21.8331356,91.3201447,4.18706751,-22.4481487,357.811127,0,1,0,7,7,0
830,2490,1,8327300,0,0,51,0,255,0,0,0,0,0,41550,50,2.5,0,0,6,2776.75195,37.4509468,0,7.26442051,-21.7969017,85.7404251,4.71919918,-22.4028091,358.560333,0,1,0,6,6,0
830,2491,2,8327376,0,0,43,0,255,0,0,1,0,0,41550,50,2.5,0,0,6,2224.86646,33.2719231,0,5.35086107,-22.0356941,118.39003,2.80254102,-21.672266,358.911804,0,1,0,8,8,0
830,2492,3,8327452,0,0,71,0,255,0,0,0,0,0,41550,50,2.5,0,0,6,2658.71655,90.6632843,0,7.24004316,-21.8029785,88.170639,4.30934191,-22.4510841,357.964569,0,1,0,7,7,0
831,2493,1,8327300,0,0,49,0,255,0,0,0,0,0,41600,50,2.5,0,0,6,2808.16748,29.095192,0,7.39370918,-21.7631702,85.6259842,4.84815216,-22.3886776,358.632263,0,1,0,6,6,0
831,2494,2,8327376,0,0,40,0,255,0,0,1,0,0,41600,50,2.5,0,0,6,2266.06055,24.7876396,0,5.43536758,-22.0450878,117.743881,2.90368319,-21.699131,358.987244,0,1,0,8,8,0
831,2495,3,8327452,0,0,67,0,255,0,0,0,0,0,41600,50,2.5,0,0,6,2679.23657,72.7721786,0,7.34721088,-21.7755966,87.4504395,4.43272352,-22.4495468,358.092163,0,1,0,7,7,0
832,2496,1,8327300,0,0,47,0,255,0,0,0,0,0,41650,50,2.5,0,0,6,2841.19873,22.4357586,0,7.50542498,-21.7319221,85.542305,4.97833586,-22.3714867,358.703247,0,1,0,6,6,0
832,2497,2,8327376,0,0,0,0,255,0,0,1,0,0,41650,50,2.5,0,0,6,2308.97778,18.3769112,0,5.51583719,-22.0523129,117.113594,3.00740218,-21.7241573,359.041046,0,1,0,8,8,0
832,2498,3,8327452,0,0,63,0,255,0,0,0,0,0,41650,50,2.5,0,0,6,2703.51343,57.7888107,0,7.47291279,-21.7412224,86.6107407,4.55722809,-22.44384,358.203522,0,1,0,7,7,0
833,2499,1,8327300,0,0,46,0,255,0,0,0,0,0,41700,50,2.5,0,0,6,2875.36182,17.3495998,0,7.63345051,-21.6936245,85.4062042,5.1097641,-22.3514824,358.74411,0,1,0,6,6,0
833,2500,2,8327376,0,0,0,0,255,0,0,1,0,0,41700,50,2.5,0,0,6,2353.46436,13.6885376,0,5.35509872,-22.0362091,116.463539,3.11361694,-21.7476883,360,0.472949028,1,0,7,7,0
833,2501,3,8327452,0,0,59,0,255,0,0,0,0,0,41700,50,2.5,0,0,6,2731.03516,45.5035896,0,7.58814621,-21.707489,85.8492279,4.6828742,-22.4342613,358.309204,0,1,0,7,7,0
834,2502,1,8327300,0,0,0,0,255,0,0,0,0,0,41750,50,2.5,0,0,6,2910.21851,13.4993048,0,7.40325642,-21.7605762,85.2416992,5.24244499,-22.328886,359.058228,0,1,0,5,5,0
834,2503,2,8327376,0,0,10,0,255,0,0,1,0,0,41750,50,2.5,0,0,6,2397.96167,14.9538517,0,5.43490887,-22.0450401,115.83213,3.22227836,-21.7694626,360,1.6864934,1,0,7,7,0
834,2504,3,8327452,0,0,48,0,255,0,0,0,0,0,41750,50,2.5,0,0,6,2761.13477,35.6814079,0,7.35999775,-21.772213,85.6424637,4.80967999,-22.4210987,358.642212,0,1,0,6,6,0
835,2505,1,8327300,0,0,0,0,255,0,0,0,0,0,41800,50,2.5,0,0,6,2946.12695,10.6127853,0,7.52732134,-21.725565,85.0271606,5.37642765,-22.3040314,360,0.227935791,1,0,5,5,0
835,2506,2,8327376,0,65,0,0,255,0,0,1,0,0,41800,50,2.5,0,0,6,2441.01147,16.9919052,0,5.5263114,-22.0531273,115.087944,3.33332324,-21.7892666,360,1.54332447,1,0,7,7,0
835,2507,3,8327452,0,0,46,0,255,0,0,0,0,0,41800,50,2.5,0,0,6,2793.4248,27.9045963,0,7.4699707,-21.7420559,85.57061,4.93767214,-22.4046402,358.712738,0,1,0,6,6,0
836,2508,1,8327300,0,0,11,0,255,0,0,0,0,0,41850,50,2.5,0,0,6,2981.50122,12.9589634,0,7.66048622,-21.6851845,84.7450256,5.51154375,-22.2766171,360,1.28286743,1,0,5,5,0
836,2509,2,8327376,0,0,0,0,255,0,0,1,0,0,41850,50,2.5,0,0,6,2483.76318,13.1413097,0,5.37331963,-22.0383682,114.349815,3.44667006,-21.8076,360,0.891967297,1,0,6,6,0
836,2510,3,8327452,0,0,44,0,255,0,0,0,0,0,41850,50,2.5,0,0,6,2827.05664,21.566721,0,7.59636497,-21.7049999,85.4489441,5.0668745,-22.3851624,358.764465,0,1,0,6,6,0
837,2511,1,8327300,0,40,0,0,255,0,0,0,0,0,41900,50,2.5,0,0,6,3015.15942,15.8214617,0,7.77809763,-21.6470032,84.4540405,5.64763546,-22.2464199,360,1.06164551,1,0,5,5,0
837,2512,2,8327376,0,81,0,0,255,0,0,1,0,0,41900,50,2.5,0,0,6,2526.8562,7.6584549,0,5.46404743,-22.0478573,113.588882,3.56227946,-21.8248692,360,1.88344526,1,0,6,6,0
837,2513,3,8327452,0,0,43,0,255,0,0,0,0,0,41900,50,2.5,0,0,6,2861.79541,16.5703449,0,7.70611572,-21.67066,85.305191,5.19730759,-22.3629169,358.809265,0,1,0,6,6,0
838,2514,1,8327300,0,0,0,0,255,0,0,0,0,0,41950,50,2.5,0,0,6,3048.20239,12.4484921,0,7.56333828,-21.7149353,84.1072083,5.78480577,-22.2138901,360,0.722808838,1,0,4,4,0
838,2515,2,8327376,0,0,0,0,255,0,0,1,0,0,41950,50,2.5,0,0,6,2571.17261,7.24761772,0,5.5517149,-22.0549831,112.835197,3.68008661,-21.8410683,360,0.94263649,1,0,6,6,0
838,2516,3,8327452,0,0,0,0,255,0,0,0,0,0,41950,50,2.5,0,0,6,2897.19922,12.8135214,0,7.49184799,-21.7358265,85.0909119,5.32898521,-22.3381271,359.084564,0,1,0,5,5,0
839,2517,1,8327300,0,61,0,0,255,0,0,0,0,0,42000,50,2.5,0,0,6,3081.57104,7.49095583,0,7.69202328,-21.6751862,83.7099915,5.92316961,-22.1794548,360,1.59039307,1,0,4,4,0
839,2518,2,8327376,0,84,0,0,255,0,0,1,0,0,42000,50,2.5,0,0,6,2614.15869,4.59669542,0,5.40678835,-22.0421162,111.97937,3.80005693,-21.8565292,360,1.93160486,1,0,5,5,0
839,2519,3,8327452,0,0,0,0,255,0,0,0,0,0,42000,50,2.5,0,0,6,2933.53857,10.0163364,0,7.61374187,-21.6996975,84.8494873,5.46195936,-22.3111229,360,0.25,1,0,5,5,0
840,2520,1,8327300,0,0,0,0,255,0,0,0,0,0,42050,50,2.5,0,0,6,3115.8855,7.60253096,0,7.82883453,-21.6297722,79.9113464,6.06263304,-22.1430244,360,0.716064453,1,0,4,4,0
840,2521,2,8327376,0,45,0,0,255,0,0,1,0,0,42050,50,2.5,0,0,6,2657.80298,4.25923014,0,5.50722361,-22.0516224,111.077202,3.92213058,-21.8712978,360,1.03086853,1,0,5,5,0
840,2522,3,8327452,0,0,10,0,255,0,0,0,0,0,42050,50,2.5,0,0,6,2969.3623,12.2704506,0,7.73808956,-21.660265,84.5569153,5.59605932,-22.2816029,360,1.30712891,1,0,5,5,0
841,2523,1,8327300,0,67,0,0,255,0,0,0,0,0,42100,50,2.5,0,0,6,3148.80225,4.89208317,0,7.61279202,-21.6999893,79.6744385,6.20331287,-22.1050148,360,1.80252075,1,0,3,3,0
841,2524,2,8327376,0,0,0,0,255,0,0,1,0,0,42100,50,2.5,0,0,6,2700.39185,2.64842224,0,5.61365128,-22.058773,110.085464,4.04625893,-21.8857746,360,0.409372807,1,0,5,5,0
841,2525,3,8327452,0,41,0,0,255,0,0,0,0,0,42100,50,2.5,0,0,6,3003.49585,15.0722799,0,7.8513422,-21.6219769,84.2544861,5.73112583,-22.2493439,360,1.09509277,1,0,5,5,0
842,2526,1,8327300,0,0,0,0,255,0,0,0,0,0,42150,50,2.5,0,0,6,3182.43506,4.7219224,0,7.75363922,-21.6551456,79.3429565,6.34514666,-22.0654087,360,0.955505371,1,0,3,3,0
842,2527,2,8327376,0,57,0,0,255,0,0,1,0,0,42150,50,2.5,0,0,6,2742.99536,1.31340015,0,5.47471333,-22.0488319,109.11187,4.17239904,-21.9001102,360,1.27024555,1,0,4,4,0
842,2528,3,8327452,0,0,0,0,255,0,0,0,0,0,42150,50,2.5,0,0,6,3036.9856,11.874012,0,7.63864756,-21.6920128,83.8805542,5.86726713,-22.2147903,360,0.74432373,1,0,4,4,0
843,2529,1,8327300,0,71,0,0,255,0,0,0,0,0,42200,50,2.5,0,0,6,3214.86865,2.8777554,0,7.53980494,-21.7219048,78.9916992,6.48822546,-22.0245399,360,1.88119507,1,0,2,2,0
843,2530,2,8327376,0,0,0,0,255,0,0,1,0,0,42200,50,2.5,0,0,6,2785.14453,1.49042284,0,5.58923054,-22.0574036,107.980766,4.30051565,-21.9142551,360,0.549416065,1,0,4,4,0
843,2531,3,8327452,0,59,0,0,255,0,0,0,0,0,42200,50,2.5,0,0,6,3070.75,7.13665247,0,7.7728405,-21.6487617,80.0012512,6.00460148,-22.1783657,360,1.60452271,1,0,4,4,0
844,2532,1,8327300,0,41,0,0,255,0,0,0,0,0,42250,50,2.5,0,0,6,3247.55225,2.74113989,0,7.68675756,-21.6768665,78.5154114,6.63250828,-21.982439,360,1.09436035,1,0,2,2,0
844,2533,2,8327376,0,60,0,0,255,0,0,1,0,0,42250,50,2.5,0,0,6,2826.36523,1.14478803,0,5.45402813,-22.0469131,106.897148,4.43056631,-21.9283543,360,1.33239508,1,0,3,3,0
844,2534,3,8327452,0,0,0,0,255,0,0,0,0,0,42250,50,2.5,0,0,6,3105.39014,7.25736094,0,7.90058279,-21.6045933,79.7745667,6.14303398,-22.1399746,360,0.772888184,1,0,4,4,0
845,2535,1,8327300,0,0,0,0,255,0,0,0,0,0,42300,50,2.5,0,0,6,3279.27588,1.59326804,0,7.82500267,-21.6310883,77.9979858,6.77810621,-21.9395161,360,0.451416016,1,0,2,2,0
845,2536,2,8327376,0,0,0,0,255,0,0,1,0,0,42300,50,2.5,0,0,6,2867.06616,1.18851697,0,5.57151127,-22.0563068,105.655396,4.56251192,-21.9424038,360,0.592305183,1,0,3,3,0
845,2537,3,8327452,0,68,0,0,255,0,0,0,0,0,42300,50,2.5,0,0,6,3138.65283,4.73030519,0,7.69299793,-21.6748734,79.4955139,6.28268099,-22.1000175,360,1.84075928,1,0,3,3,0
846,2538,1,8327300,0,56,0,0,255,0,0,0,0,0,42350,50,2.5,0,0,6,3310.83667,0.673750877,0,7.61925888,-21.6980057,77.4457397,6.92503929,-21.8959332,360,1.46600342,1,0,1,1,0
846,2539,2,8327376,0,61,0,0,255,0,0,1,0,0,42350,50,2.5,0,0,6,2906.93384,0.978006124,0,5.45103168,-22.046627,104.325783,4.69631147,-21.9565315,360,1.35583067,1,0,2,2,0
846,2540,3,8327452,0,38,0,0,255,0,0,0,0,0,42350,50,2.5,0,0,6,3172.54468,4.60249996,0,7.81637669,-21.6340446,79.1763,6.42348337,-22.0584869,360,1.0199585,1,0,3,3,0
847,2541,1,8327300,0,0,0,0,255,0,0,0,0,0,42400,50,2.5,0,0,6,3341.86084,0.797061265,0,7.76822138,-21.6503029,76.7616272,7.07325983,-21.8516579,360,0.686340332,1,0,1,1,0
847,2542,2,8327376,0,0,0,0,255,0,0,1,0,0,42400,50,2.5,0,0,6,2946.17017,0.971506715,0,5.57472706,-22.0565109,102.907349,4.83192301,-21.9707623,360,0.550824642,1,0,2,2,0
847,2543,3,8327452,0,0,0,0,255,0,0,0,0,0,42400,50,2.5,0,0,6,3205.34302,2.83250499,0,7.62023306,-21.6977062,78.7376404,6.56557083,-22.0158234,360,0.819213867,1,0,2,2,0
848,2544,1,8327300,0,0,0,0,255,0,0,0,0,0,42450,50,2.5,0,0,6,3372.09375,0.570282221,0,7.9122715,-21.6004009,76.0177002,7.22279119,-21.80686,360,0.573638916,1,0,1,1,0
848,2545,2,8327376,0,66,0,0,255,0,0,1,0,0,42450,50,2.5,0,0,6,2984.64771,0.899099767,0,5.46666002,-22.0480995,101.30851,4.96930647,-21.9852028,360,1.46703339,1,0,1,1,0
848,2546,3,8327452,0,51,0,0,255,0,0,0,0,0,42450,50,2.5,0,0,6,3238.22339,1.29916263,0,7.75619268,-21.6542988,78.2652893,6.70898294,-21.9722347,360,1.36383057,1,0,2,2,0
849,2547,1,8327300,0,0,0,0,255,0,0,0,0,0,42500,50,2.5,0,0,6,3401.77539,0.572024524,0,8.0562973,-21.5465584,75.1906738,7.37353992,-21.7613449,360,0.1534729,1,0,1,1,0
849,2548,2,8327376,0,0,0,0,255,0,0,1,0,0,42500,50,2.5,0,0,6,3022.36621,0.871348619,0,5.59446764,-22.0577106,99.6984482,5.10841608,-21.9999104,360,0.410948277,1,0,1,1,0
849,2549,3,8327452,0,0,0,0,255,0,0,0,0,0,42500,50,2.5,0,0,6,3270.74341,1.52461088,0,7.88576794,-21.6098747,77.749176,6.85365629,-21.9276562,360,0.651977539,1,0,2,2,0
850,2550,1,8327300,0,0,0,0,255,0,0,0,0,0,42550,50,2.5,0,0,6,3430.72168,0.804152548,0,8.19144726,-21.4921913,72.1842041,7.52542686,-21.7149792,359.46936,0,1,0,1,1,0
850,2551,2,8327376,0,0,0,0,255,0,0,1,0,0,42550,50,2.5,0,0,6,3059.40894,0.925595641,0,5.72937584,-22.0629349,97.9109573,5.24921179,-22.0149803,359.532104,0,1,0,1,1,0
850,2552,3,8327452,0,62,0,0,255,0,0,0,0,0,42550,50,2.5,0,0,6,3302.31641,1.04591477,0,7.68857956,-21.6762867,77.1386719,6.99962854,-21.8822899,360,1.64007568,1,0,1,1,0
851,2553,1,8327300,0,0,59,0,255,0,0,0,0,0,42600,50,2.5,0,0,6,3458.93555,1.03490841,0,8.3335495,-21.430706,71.3941345,7.67838669,-21.6676655,358.406219,0,1,0,1,1,0
851,2554,2,8327376,0,16,0,0,255,0,0,1,0,0,42600,50,2.5,0,0,6,3095.73267,0.883327544,0,5.87926102,-22.0626564,95.863472,5.39167595,-22.030262,357.816315,0,1,0,1,1,0
851,2555,3,8327452,0,0,0,0,255,0,0,0,0,0,42600,50,2.5,0,0,6,3333.47827,1.10443223,0,7.83845615,-21.6264515,76.4079895,7.14686298,-21.8361492,360,0.827392578,1,0,1,1,0
852,2556,1,8327300,0,0,103,0,255,0,0,0,0,0,42650,50,2.5,0,0,6,3486.20288,1.22319841,0,8.48248196,-21.3610992,70.4468689,7.83230209,-21.6191769,357.203949,0,1,0,1,1,0
852,2557,2,8327376,0,0,215,0,255,0,0,1,0,0,42650,50,2.5,0,0,6,3131.35205,0.88532716,0,6.02915335,-22.0565262,93.7523193,5.53578138,-22.0456982,355.11972,0,1,0,1,1,0
852,2558,3,8327452,0,84,0,0,255,0,0,0,0,0,42650,50,2.5,0,0,6,3363.82812,0.76833725,0,7.64587498,-21.6897621,75.6310425,7.29539442,-21.7894192,360,2.22473145,1,1,0,0,0
853,2559,1,8327300,0,0,141,0,255,0,0,0,0,0,42700,50,2.5,0,0,6,3512.32642,1.58027244,0,8.62222862,-21.2905121,69.4279175,7.98702717,-21.5692577,356.143951,0,1,0,1,1,0
853,2560,2,8327376,0,0,255,0,255,0,0,1,0,0,42700,50,2.5,0,0,6,3163.9585,0.891594231,0,6.17953396,-22.0449715,91.4959869,5.68146229,-22.0605717,354.121277,0,1,0,1,1,0
853,2561,3,8327452,0,63,0,0,255,0,0,1,0,0,42700,50,2.5,0,0,6,3393.52539,0.738841712,0,8.29346561,-21.440258,73.3830261,7.44521332,-21.7422123,357.701111,0,1,0,2,2,0
854,2562,1,8327300,0,0,176,0,255,0,0,0,0,0,42750,50,2.5,0,0,6,3536.97437,2.70167422,0,8.75921154,-21.2158375,68.2985535,8.14234734,-21.5175247,355.121979,0,1,0,1,1,0
854,2563,2,8327376,0,0,255,0,255,0,0,1,0,0,42750,50,2.5,0,0,6,3194.06226,2.38467789,0,6.33746243,-22.0274506,89.1506042,5.82868004,-22.0739193,353.13147,0,1,0,1,1,0
854,2564,3,8327452,0,42,0,0,255,0,0,1,0,0,42750,50,2.5,0,0,6,3422.52002,0.640790939,0,8.4498415,-21.3659973,72.9190674,7.59641552,-21.6949158,355.616638,0,1,0,2,2,0
855,2565,1,8327300,0,0,211,0,255,0,0,0,0,0,42800,50,2.5,0,0,6,3559.6936,5.00128508,0,8.89484406,-21.1359367,67.0376892,8.29799175,-21.4635448,354.102112,0,1,0,1,1,0
855,2566,2,8327376,0,0,255,0,255,0,0,1,0,0,42800,50,2.5,0,0,6,3222.25024,7.19944572,0,6.7736063,-21.9531727,86.894165,5.97735071,-22.0849705,351.386139,0,1,0,2,2,0
855,2567,3,8327452,0,21,0,0,255,0,0,1,0,0,42800,50,2.5,0,0,6,3451.00098,0.766624808,0,8.58883286,-21.2964153,72.4439392,7.7490344,-21.6477451,353.590729,0,1,0,2,2,0
856,2568,1,8327300,0,0,243,0,255,0,0,0,0,0,42850,50,2.5,0,0,6,3579.90625,8.90792465,0,9.02682018,-21.0517769,65.6500549,8.45363808,-21.4068718,353.100067,0,1,0,1,1,0
856,2569,2,8327376,0,0,255,0,255,0,0,1,0,0,42850,50,2.5,0,0,6,3247.75757,14.5595741,0,6.92762566,-21.9185734,84.9561768,6.1273284,-22.0931244,350.915466,0,1,0,2,2,0
856,2570,3,8327452,0,0,255,0,255,0,0,1,0,0,42850,50,2.5,0,0,6,3478.79468,1.00461769,0,8.46675968,-21.3577099,71.8562927,7.90305519,-21.6007671,352.767548,0,1,0,1,1,0
857,2571,1,8327300,0,0,255,0,255,0,0,0,0,0,42900,50,2.5,0,0,6,3597.07031,14.9685392,0,9.39909363,-20.771553,62.6252441,8.60891914,-21.3470898,351.130707,0,1,0,2,2,0
857,2572,2,8327376,0,0,255,0,255,0,0,1,0,0,42900,50,2.5,0,0,6,3270.28589,23.2704239,0,7.37032604,-21.7966976,83.1332397,6.27842665,-22.0979099,350.231995,0,1,0,3,3,0
857,2573,3,8327452,0,0,255,0,255,0,0,1,0,0,42900,50,2.5,0,0,6,3502.92065,1.06330276,0,8.60611534,-21.2875214,71.2576904,8.05800056,-21.5530128,352.682648,0,1,0,1,1,0
858,2574,1,8327300,0,0,255,0,255,0,0,0,0,0,42950,50,2.5,0,0,6,3611.30176,23.6699924,0,9.51397896,-20.668623,61.1425781,8.76346397,-21.2838421,350.29129,0,1,0,2,2,0
858,2575,2,8327376,0,0,255,0,255,0,0,1,0,0,42950,50,2.5,0,0,6,3289.79785,32.653511,0,7.52173948,-21.7476444,81.4878235,6.43043137,-22.0989475,350.244965,0,1,0,3,3,0
858,2576,3,8327452,0,0,255,0,255,0,0,1,0,0,42950,50,2.5,0,0,6,3525.35645,1.81313527,0,9.01797962,-21.0589085,70.5621338,8.21346664,-21.5034351,352.039154,0,1,0,2,2,0
859,2577,1,8327300,0,0,255,0,255,0,0,0,0,0,43000,50,2.5,0,0,6,3622.61572,34.2816315,0,9.63062,-20.5548687,59.4281006,8.91691875,-21.2168617,349.221039,0,1,0,2,2,0
859,2578,2,8327376,0,0,255,0,255,0,0,1,0,0,43000,50,2.5,0,0,6,3306.38037,42.3389587,0,7.96431637,-21.5831699,79.8111267,6.58311129,-22.0959396,350.156219,0,1,0,4,4,0
859,2579,3,8327452,0,0,255,0,255,0,0,1,0,0,43000,50,2.5,0,0,6,3546.2312,6.44335318,0,9.16294765,-20.9702835,69.760437,8.36905766,-21.4512749,352.186035,0,1,0,2,2,0
860,2580,1,8327300,0,0,255,0,255,0,0,0,0,0,43050,50,2.5,0,0,6,3630.88794,45.6447601,0,9.73417282,-20.4457417,57.7203369,9.0689497,-21.1459694,348.034668,0,1,0,2,2,0
860,2581,2,8327376,0,0,255,0,255,0,0,1,0,0,43050,50,2.5,0,0,6,3320.177,52.1233521,0,8.11456871,-21.5201473,78.2891541,6.73622322,-22.0886497,350.544403,0,1,0,4,4,0
860,2582,3,8327452,0,0,255,0,255,0,0,1,0,0,43050,50,2.5,0,0,6,3564.45679,14.427186,0,9.54944515,-20.7100945,68.9130249,8.52439213,-21.3959923,352.043182,0,1,0,3,3,0
861,2583,1,8327300,0,0,255,0,255,0,0,0,0,0,43100,50,2.5,0,0,6,3636.26611,57.3154373,0,10.0527058,-20.0573196,55.6378784,9.2192421,-21.0710583,346.363831,0,1,0,3,3,0
861,2584,2,8327376,0,0,255,0,255,0,0,1,0,0,43100,50,2.5,0,0,6,3331.35376,61.8967476,0,8.26335621,-21.4540787,76.8164978,6.88951635,-22.0768909,351.006439,0,1,0,4,4,0
861,2585,3,8327452,0,0,255,0,255,0,0,1,0,0,43100,50,2.5,0,0,6,3579.6377,24.1972866,0,9.6775341,-20.6151638,67.9909973,8.67910576,-21.3371983,352.392365,0,1,0,3,3,0
862,2586,1,8327300,0,0,255,0,255,0,0,0,0,0,43150,50,2.5,0,0,6,3638.92676,69.1575241,0,10.1512232,-19.9194584,53.4942627,9.36750221,-20.9920731,345.526855,0,1,0,3,3,0
862,2587,2,8327376,0,0,255,0,255,0,0,1,0,0,43150,50,2.5,0,0,6,3340.0791,71.6034241,0,8.68358326,-21.2469902,75.3966675,7.04273701,-22.0605221,351.455444,0,1,0,5,5,0
862,2588,3,8327452,0,0,255,0,255,0,0,1,0,0,43150,50,2.5,0,0,6,3591.7002,34.9262466,0,9.79703522,-20.5221024,67.0358276,8.83285141,-21.274622,352.72934,0,1,0,3,3,0
863,2589,1,8327300,0,0,255,0,255,0,0,0,0,0,43200,50,2.5,0,0,6,3639.0542,81.1001511,0,10.4279556,-19.4808846,50.0742798,9.51345348,-20.9090061,344.440887,0,1,0,4,4,0
863,2590,2,8327376,0,0,255,0,255,0,0,1,0,0,43200,50,2.5,0,0,6,3346.51831,81.2156143,0,8.81710529,-21.1745052,74.1480103,7.1956296,-22.0394382,352.185883,0,1,0,5,5,0
863,2591,3,8327452,0,0,255,0,255,0,0,1,0,0,43200,50,2.5,0,0,6,3600.72607,46.1650734,0,10.1374226,-20.2288933,65.9603882,8.98529911,-21.2080784,352.774048,0,1,0,4,4,0
864,2592,1,8327300,0,0,255,0,255,0,0,0,0,0,43250,50,2.5,0,0,6,3636.82812,93.1129913,0,10.5160141,-19.3238316,47.9687195,9.65683842,-20.8218861,344.077454,0,1,0,4,4,0
864,2593,2,8327376,0,0,255,0,255,0,0,1,0,0,43250,50,2.5,0,0,6,3350.82788,90.7252426,0,8.95266438,-21.0973854,73.7937317,7.34793949,-22.0135689,352.973785,0,1,0,5,5,0
864,2594,3,8327452,0,0,239,0,255,0,0,1,0,0,43250,50,2.5,0,0,6,3606.86597,57.6711845,0,10.2536545,-20.1172142,64.7246399,9.13613796,-21.1374512,353.175293,0,1,0,4,4,0
865,2595,1,8327300,0,0,255,0,255,0,0,0,0,0,43300,50,2.5,0,0,6,3632.41919,105.190491,0,10.7686682,-18.8194141,45.9588318,9.79741669,-20.7307739,343.613953,0,1,0,5,5,0
865,2596,2,8327376,0,0,228,0,255,0,0,1,0,0,43300,50,2.5,0,0,6,3353.15259,100.134277,0,9.09371853,-21.0131702,73.4186401,7.49941444,-21.982872,353.822601,0,1,0,5,5,0
865,2597,3,8327452,0,0,226,0,255,0,0,1,0,0,43300,50,2.5,0,0,6,3611.00708,69.3131943,0,10.3601408,-20.008482,63.4562988,9.28507805,-21.0626488,353.414093,0,1,0,4,4,0
866,2598,1,8327300,0,0,255,0,255,0,0,0,0,0,43350,50,2.5,0,0,6,3625.98584,117.3386,0,10.8458223,-18.6477985,44.1022339,9.93496704,-20.6357536,343.728027,0,1,0,5,5,0
866,2599,2,8327376,0,0,208,0,255,0,0,1,0,0,43350,50,2.5,0,0,6,3354.95581,109.449036,0,9.4762392,-20.7622757,73.0136719,7.64981604,-21.9472618,354.333191,0,1,0,6,6,0
866,2600,3,8327452,0,0,218,0,255,0,0,1,0,0,43350,50,2.5,0,0,6,3613.05371,79.3739777,0,10.4569712,-19.9034157,62.1632996,9.43186378,-20.9836388,353.510101,0,1,0,4,4,0
867,2601,1,8327300,0,0,255,0,255,0,0,0,0,0,43400,50,2.5,0,0,6,3617.67505,129.573349,0,11.0646124,-18.1096897,42.3709717,10.0692835,-20.5369339,343.842957,0,1,0,6,6,0
867,2602,2,8327376,0,0,186,0,255,0,0,1,0,0,43400,50,2.5,0,0,6,3355.49902,115.492226,0,9.59897804,-20.6739445,72.5580139,7.79893494,-21.9067078,354.889435,0,1,0,6,6,0
867,2603,3,8327452,0,0,214,0,255,0,0,1,0,0,43400,50,2.5,0,0,6,3613.3457,87.4019547,0,10.5540886,-19.7910748,60.7044678,9.57627106,-20.9004288,353.485138,0,1,0,4,4,0
868,2604,1,8327300,0,0,255,0,255,0,0,0,0,0,43450,50,2.5,0,0,6,3607.62183,141.916183,0,11.1263332,-17.9427338,40.8060303,10.2001791,-20.4344406,344.370636,0,1,0,6,6,0
868,2605,2,8327376,0,0,171,0,255,0,0,1,0,0,43450,50,2.5,0,0,6,3355.75708,117.85556,0,9.71194172,-20.5888329,72.07724,7.94658899,-21.8611946,355.289032,0,1,0,6,6,0
868,2606,3,8327452,0,0,212,0,255,0,0,1,0,0,43450,50,2.5,0,0,6,3612.22656,93.8925781,0,10.6465502,-19.6763973,59.137085,9.71809864,-20.8130589,353.377289,0,1,0,4,4,0
869,2607,1,8327300,0,0,255,0,255,0,0,0,0,0,43500,50,2.5,0,0,6,3595.94946,154.391632,0,11.3219357,-17.3630562,38.2915649,10.3274822,-20.328413,344.954773,0,1,0,7,7,0
869,2608,2,8327376,0,0,159,0,255,0,0,1,0,0,43500,50,2.5,0,0,6,3355.93359,116.66291,0,9.83304787,-20.4931431,71.4898376,8.09263134,-21.810751,355.575592,0,1,0,6,6,0
869,2609,3,8327452,0,0,212,0,255,0,0,1,0,0,43500,50,2.5,0,0,6,3609.98169,99.4317322,0,10.7383823,-19.552948,57.3688354,9.85715961,-20.7215881,353.177216,0,1,0,4,4,0
870,2610,1,8327300,0,0,255,0,255,0,0,0,0,0,43550,50,2.5,0,0,6,3582.771,167.026138,0,11.3741798,-17.1939354,37.0401611,10.4510393,-20.2190075,345.820496,0,1,0,7,7,0
870,2611,2,8327376,0,0,150,0,255,0,0,1,0,0,43550,50,2.5,0,0,6,3356.68701,112.82029,0,9.94387436,-20.4011497,70.8760376,8.23694515,-21.755434,355.793304,0,1,0,6,6,0
870,2612,3,8327452,0,0,217,0,255,0,0,1,0,0,43550,50,2.5,0,0,6,3606.74487,104.402588,0,10.8221111,-19.4289284,56.4423523,9.99327946,-20.6260948,352.878937,0,1,0,4,4,0
871,2613,1,8327300,0,0,253,0,255,0,0,0,0,0,43600,50,2.5,0,0,6,3568.19092,179.848648,0,11.5429907,-16.6003609,35.7853394,10.5707121,-20.10639,346.784454,0,1,0,8,8,0
871,2614,2,8327376,0,0,143,0,255,0,0,1,0,0,43600,50,2.5,0,0,6,3358.36987,107.241737,0,10.0480137,-20.3104343,70.2294312,8.37943745,-21.6953182,355.96228,0,1,0,6,6,0
871,2615,3,8327452,0,0,220,0,255,0,0,1,0,0,43600,50,2.5,0,0,6,3602.44409,109.130524,0,10.8982763,-19.3053474,54.8223877,10.126296,-20.5266781,352.551208,0,1,0,4,4,0
872,2616,1,8327300,0,0,223,0,255,0,0,0,0,0,43650,50,2.5,0,0,6,3552.42236,192.888474,0,11.6968126,-15.9881983,34.5762024,10.6863708,-19.9907265,347.868866,0,1,0,9,9,0
872,2617,2,8327376,0,0,137,0,255,0,0,1,0,0,43650,50,2.5,0,0,6,3361.26099,100.631897,0,10.1571474,-20.210413,69.461853,8.52003765,-21.6305008,356.08017,0,1,0,6,6,0
872,2618,3,8327452,0,0,223,0,255,0,0,1,0,0,43650,50,2.5,0,0,6,3597.33423,114.318634,0,10.9783449,-19.1630898,52.8966064,10.2560453,-20.4234409,352.172363,0,1,0,4,4,0
873,2619,1,8327300,0,0,197,0,255,0,0,0,0,0,43700,50,2.5,0,0,6,3537.09985,205.840927,0,11.7395926,-15.8041983,33.4213257,10.7977867,-19.8720875,348.865326,0,1,0,9,9,0
873,2620,2,8327376,0,0,132,0,255,0,0,1,0,0,43700,50,2.5,0,0,6,3365.53418,93.5378952,0,10.2527447,-20.1181164,68.7109985,8.65869141,-21.5610886,356.175842,0,1,0,6,6,0
873,2621,3,8327452,0,0,225,0,255,0,0,1,0,0,43700,50,2.5,0,0,6,3591.29492,119.975998,0,11.0478716,-19.0281162,51.0021973,10.3823671,-20.3164978,351.803162,0,1,0,4,4,0
874,2622,1,8327300,0,0,175,0,255,0,0,0,0,0,43750,50,2.5,0,0,6,3520.72998,213.801727,0,11.8768673,-15.1680593,32.2557068,10.9047461,-19.7505417,349.687897,0,1,0,10,10,0
874,2623,2,8327376,0,0,129,0,255,0,0,1,0,0,43750,50,2.5,0,0,6,3371.25049,86.3031616,0,10.3516006,-20.0174522,67.8399658,8.79536152,-21.4871979,356.225647,0,1,0,6,6,0
874,2624,3,8327452,0,0,224,0,255,0,0,1,0,0,43750,50,2.5,0,0,6,3584.35791,126.02935,0,11.1206903,-18.8739491,48.7556152,10.505105,-20.2059689,351.43692,0,1,0,4,4,0
875,2625,1,8327300,0,0,157,0,255,0,0,0,0,0,43800,50,2.5,0,0,6,3503.88745,215.271698,0,11.9978724,-14.5424442,31.2500916,11.0070601,-19.6261559,350.410492,0,1,0,11,11,0
875,2626,2,8327376,0,0,118,0,255,0,0,1,0,0,43800,50,2.5,0,0,6,3378.3772,79.1786575,0,10.2482834,-20.12253,66.9153442,8.93002319,-21.4089546,356.520447,0,1,0,5,5,0
875,2627,3,8327452,0,0,227,0,255,0,0,1,0,0,43800,50,2.5,0,0,6,3576.63745,132.37149,0,11.295413,-18.4400902,46.5299683,10.6241026,-20.0919743,350.888336,0,1,0,5,5,0
876,2628,1,8327300,0,0,140,0,255,0,0,0,0,0,43850,50,2.5,0,0,6,3487.19434,211.039825,0,12.0309954,-14.3593626,30.2251892,11.1045732,-19.4989948,351.098877,0,1,0,11,11,0
876,2629,2,8327376,0,0,117,0,255,0,0,1,0,0,43850,50,2.5,0,0,6,3387.20215,72.4570694,0,10.3472538,-20.0220013,65.9016724,9.06265831,-21.3264771,356.507019,0,1,0,5,5,0
876,2630,3,8327452,0,0,217,0,255,0,0,1,0,0,43850,50,2.5,0,0,6,3567.85498,138.569519,0,11.3518152,-18.2768593,44.0709229,10.7392225,-19.9746571,350.779694,0,1,0,5,5,0
877,2631,1,8327300,0,0,124,0,255,0,0,0,0,0,43900,50,2.5,0,0,6,3471.4375,202.171112,0,12.1413498,-13.7090139,28.7739258,11.1971579,-19.3691196,351.688446,0,1,0,12,12,0
877,2632,2,8327376,0,0,116,0,255,0,0,1,0,0,43900,50,2.5,0,0,6,3397.14575,65.583519,0,10.4422588,-19.9197979,64.8131714,9.19327545,-21.2399101,356.478302,0,1,0,5,5,0
877,2633,3,8327452,0,0,206,0,255,0,0,1,0,0,43900,50,2.5,0,0,6,3558.90234,145.017181,0,11.4082966,-18.0997581,41.2760315,10.8502998,-19.8541241,350.655243,0,1,0,5,5,0
878,2634,1,8327300,0,0,113,0,255,0,0,0,0,0,43950,50,2.5,0,0,6,3457.21094,189.458969,0,12.2380276,-13.0790367,28.0053711,11.2847223,-19.2365932,352.202515,0,1,0,13,13,0
878,2635,2,8327376,0,0,116,0,255,0,0,1,0,0,43950,50,2.5,0,0,6,3408.46851,59.1780548,0,10.537509,-19.8108006,63.5863037,9.32188606,-21.1493931,356.415588,0,1,0,5,5,0
878,2636,3,8327452,0,0,194,0,255,0,0,1,0,0,43950,50,2.5,0,0,6,3549.40942,150.133392,0,11.5431614,-17.6106949,38.0985413,10.9571819,-19.7304859,350.430878,0,1,0,6,6,0
879,2637,1,8327300,0,0,102,0,255,0,0,0,0,0,44000,50,2.5,0,0,6,3444.95288,173.640549,0,12.2617397,-12.894515,27.1983032,11.3672409,-19.1014824,352.681519,0,1,0,13,13,0
879,2638,2,8327376,0,0,117,0,255,0,0,1,0,0,44000,50,2.5,0,0,6,3420.93433,53.5982246,0,10.6245403,-19.7044601,62.324707,9.44849873,-21.0550613,356.327423,0,1,0,5,5,0
879,2639,3,8327452,0,0,177,0,255,0,0,1,0,0,44000,50,2.5,0,0,6,3539.69458,153.025665,0,11.5854015,-17.4346218,34.9089966,11.0597277,-19.6038475,350.452789,0,1,0,6,6,0
880,2640,1,8327300,0,0,94,0,255,0,0,0,0,0,44050,50,2.5,0,0,6,3435.48608,156.101151,0,12.282135,-12.7126217,26.4300232,11.4447298,-18.9638596,353.084778,0,1,0,13,13,0
880,2641,2,8327376,0,0,119,0,255,0,0,1,0,0,44050,50,2.5,0,0,6,3434.33374,48.8212433,0,10.7052755,-19.5988407,61.0070801,9.57311726,-20.9570446,356.210358,0,1,0,5,5,0
880,2642,3,8327452,0,0,162,0,255,0,0,1,0,0,44050,50,2.5,0,0,6,3530.2915,153.484512,0,11.693017,-16.924202,31.8572998,11.1577959,-19.4743004,350.374176,0,1,0,7,7,0
881,2643,1,8327300,0,0,86,0,255,0,0,0,0,0,44100,50,2.5,0,0,6,3429.0625,137.794037,0,12.3004074,-12.5243711,25.6609497,11.5172663,-18.8238049,353.439178,0,1,0,13,13,0
881,2644,2,8327376,0,0,109,0,255,0,0,1,0,0,44100,50,2.5,0,0,6,3448.44653,44.8414574,0,10.6234589,-19.7058258,59.5464172,9.69573784,-20.8554611,356.435638,0,1,0,4,4,0
881,2645,3,8327452,0,0,160,0,255,0,0,1,0,0,44100,50,2.5,0,0,6,3521.25952,150.814972,0,11.7243633,-16.7562408,31.7651978,11.251276,-19.341938,350.436096,0,1,0,7,7,0
882,2646,1,8327300,0,0,78,0,255,0,0,0,0,0,44150,50,2.5,0,0,6,3426.08984,119.636703,0,12.2709188,-12.8157549,24.8640442,11.5849705,-18.6814003,353.843872,0,1,0,12,12,0
882,2647,2,8327376,0,0,113,0,255,0,0,1,0,0,44150,50,2.5,0,0,6,3463.47217,41.6350822,0,10.7084808,-19.5944748,57.9691772,9.81635284,-20.7504139,356.234131,0,1,0,4,4,0
882,2648,3,8327452,0,0,144,0,255,0,0,1,0,0,44150,50,2.5,0,0,6,3512.55151,145.157684,0,11.8124037,-16.229681,29.1193542,11.340126,-19.2068768,350.609375,0,1,0,8,8,0
883,2649,1,8327300,0,0,73,0,255,0,0,0,0,0,44200,50,2.5,0,0,6,3426.64771,102.266151,0,12.2887774,-12.6474199,24.1877441,11.6480083,-18.5367298,354.128113,0,1,0,12,12,0
883,2650,2,8327376,0,0,120,0,255,0,0,1,0,0,44200,50,2.5,0,0,6,3478.66675,38.3666916,0,10.7910051,-19.4763832,57.0506287,9.93496895,-20.6420231,355.946259,0,1,0,4,4,0
883,2651,3,8327452,0,0,129,0,255,0,0,1,0,0,44200,50,2.5,0,0,6,3505.73413,138.553162,0,11.8864222,-15.7183113,26.8266907,11.4242716,-19.0692062,350.823181,0,1,0,9,9,0
884,2652,1,8327300,0,0,67,0,255,0,0,0,0,0,44250,50,2.5,0,0,6,3430.61255,86.0323181,0,12.305891,-12.4617262,23.4593201,11.7065916,-18.3898869,354.388367,0,1,0,12,12,0
884,2653,2,8327376,0,0,128,0,255,0,0,1,0,0,44250,50,2.5,0,0,6,3494.14966,35.5851173,0,10.8699398,-19.3525925,55.4484558,10.0515718,-20.5303936,355.591492,0,1,0,4,4,0
884,2654,3,8327452,0,0,114,0,255,0,0,1,0,0,44250,50,2.5,0,0,6,3500.29614,130.180023,0,12.0762634,-14.1891155,24.4121094,11.5036764,-18.929018,351.090424,0,1,0,13,13,0
885,2655,1,8327300,0,0,63,0,255,0,0,0,0,0,44300,50,2.5,0,0,6,3437.95996,71.4479218,0,12.3204508,-12.2770128,22.7512817,11.7609577,-18.2409611,354.614868,0,1,0,12,12,0
885,2656,2,8327376,0,0,136,0,255,0,0,1,0,0,44300,50,2.5,0,0,6,3509.66382,33.7657928,0,10.9470072,-19.2203655,53.6817017,10.1661186,-20.4156132,355.178864,0,1,0,4,4,0
885,2657,3,8327452,0,0,100,0,255,0,0,1,0,0,44300,50,2.5,0,0,6,3496.72534,119.682632,0,12.0552044,-14.3623676,22.3006897,11.5783482,-18.7863979,351.442993,0,1,0,12,12,0
886,2658,1,8327300,0,0,59,0,255,0,0,0,0,0,44350,50,2.5,0,0,6,3448.29517,58.6437492,0,12.3338118,-12.0748463,22.0502014,11.8113708,-18.090044,354.820984,0,1,0,12,12,0
886,2659,2,8327376,0,0,127,0,255,0,0,1,0,0,44350,50,2.5,0,0,6,3524.94556,32.8781204,0,10.8818178,-19.3329792,51.7705383,10.2785378,-20.2977543,355.337799,0,1,0,3,3,0
886,2660,3,8327452,0,0,87,0,255,0,0,1,0,0,44350,50,2.5,0,0,6,3495.37476,107.598213,0,12.0747719,-14.2012968,20.1506348,11.648345,-18.6414375,351.731689,0,1,0,12,12,0
887,2661,1,8327300,0,0,55,0,255,0,0,0,0,0,44400,50,2.5,0,0,6,3461.32104,47.6868591,0,12.3441467,-11.8843842,21.4710083,11.8581038,-17.9372253,355.011505,0,1,0,12,12,0
887,2662,2,8327376,0,0,138,0,255,0,0,1,0,0,44400,50,2.5,0,0,6,3540.36401,32.8055038,0,10.963954,-19.1896572,49.5709229,10.3887491,-20.1768684,354.759979,0,1,0,3,3,0
887,2663,3,8327452,0,0,84,0,255,0,0,1,0,0,44400,50,2.5,0,0,6,3496.57642,94.561615,0,12.0951633,-14.03619,17.9659729,11.7137823,-18.4942245,351.96637,0,1,0,12,12,0
888,2664,1,8327300,0,0,51,0,255,0,0,0,0,0,44450,50,2.5,0,0,6,3476.62061,38.5141029,0,12.3243732,-12.2215672,20.9356995,11.9014311,-17.7825928,355.294952,0,1,0,11,11,0
888,2665,2,8327376,0,0,147,0,255,0,0,1,0,0,44450,50,2.5,0,0,6,3554.91821,32.4541512,0,11.035676,-19.0526161,47.3951416,10.4966812,-20.0530319,354.164734,0,1,0,3,3,0
888,2666,3,8327452,0,0,75,0,255,0,0,1,0,0,44450,50,2.5,0,0,6,3500.25659,81.2465744,0,12.2383146,-12.9721041,15.939209,11.7748432,-18.3448601,352.809082,0,1,0,15,15,0
889,2667,1,8327300,0,0,48,0,255,0,0,0,0,0,44500,50,2.5,0,0,6,3493.78711,30.9281998,0,12.3370342,-12.019434,20.3180542,11.9416256,-17.6262302,355.466736,0,1,0,11,11,0
889,2668,2,8327376,0,0,155,0,255,0,0,1,0,0,44500,50,2.5,0,0,6,3568.96167,32.5951958,0,11.1122751,-18.8924847,44.7618713,10.6022291,-19.9263077,353.513763,0,1,0,3,3,0
889,2669,3,8327452,0,0,72,0,255,0,0,1,0,0,44500,50,2.5,0,0,6,3506.94263,68.9940338,0,12.2555275,-12.8316889,13.950531,11.8317175,-18.1934357,353.11441,0,1,0,15,15,0
890,2670,1,8327300,0,0,46,0,255,0,0,0,0,0,44550,50,2.5,0,0,6,3512.42261,24.7181683,0,12.346323,-11.8386593,19.770874,11.9789534,-17.4682159,355.624756,0,1,0,11,11,0
890,2671,2,8327376,0,0,161,0,255,0,0,1,0,0,44550,50,2.5,0,0,6,3582.25513,33.561676,0,11.1790361,-18.7398853,42.1560059,10.705265,-19.796751,352.8797,0,1,0,3,3,0
890,2672,3,8327452,0,0,69,0,255,0,0,1,0,0,44550,50,2.5,0,0,6,3516.03345,57.876873,0,12.2708588,-12.699523,12.0934753,11.884635,-18.0400486,353.418884,0,1,0,15,15,0
891,2673,1,8327300,0,0,44,0,255,0,0,0,0,0,44600,50,2.5,0,0,6,3532.17725,19.7184696,0,12.3542719,-11.6463165,19.1980286,12.0136623,-17.3086224,355.772766,0,1,0,11,11,0
891,2674,2,8327376,0,0,162,0,255,0,0,1,0,0,44600,50,2.5,0,0,6,3594.69189,35.179184,0,11.2490215,-18.5651817,38.79245,10.8056459,-19.6644154,352.237976,0,1,0,3,3,0
891,2675,3,8327452,0,0,66,0,255,0,0,1,0,0,44600,50,2.5,0,0,6,3527.48413,48.1401367,0,12.2858019,-12.5631237,10.1872559,11.9338293,-17.8847923,353.725403,0,1,0,15,15,0
892,2676,1,8327300,0,0,42,0,255,0,0,0,0,0,44650,50,2.5,0,0,6,3552.74365,15.7736406,0,12.3394194,-11.9762897,18.62146,12.0459814,-17.1475201,355.99826,0,1,0,10,10,0
892,2677,2,8327376,0,0,160,0,255,0,0,1,0,0,44650,50,2.5,0,0,6,3606.34375,37.2695122,0,11.3116093,-18.3945236,35.328186,10.9032249,-19.5293522,351.610199,0,1,0,3,3,0
892,2678,3,8327452,0,0,63,0,255,0,0,1,0,0,44650,50,2.5,0,0,6,3540.93311,39.9264755,0,12.3004246,-12.4210835,8.21310425,11.9795332,-17.7277546,354.032074,0,1,0,15,15,0
893,2679,1,8327300,0,0,41,0,255,0,0,0,0,0,44700,50,2.5,0,0,6,3573.84375,12.687602,0,12.3487549,-11.7845278,18.0393677,12.0761175,-16.984972,356.152649,0,1,0,10,10,0
893,2680,2,8327376,0,0,159,0,255,0,0,1,0,0,44700,50,2.5,0,0,6,3617.24194,39.4431381,0,11.4624329,-17.9155827,32.0751953,10.9978628,-19.3916187,350.816956,0,1,0,4,4,0
893,2681,3,8327452,0,0,60,0,255,0,0,1,0,0,44700,50,2.5,0,0,6,3556.03467,33.0615082,0,12.3134813,-12.285675,6.33520508,12.0219746,-17.5690212,354.331329,0,1,0,15,15,0
894,2682,1,8327300,0,0,39,0,255,0,0,0,0,0,44750,50,2.5,0,0,6,3595.2395,10.2746954,0,12.3565931,-11.5795994,17.4182129,12.1042547,-16.8210373,356.299377,0,1,0,10,10,0
894,2683,2,8327376,0,0,165,0,255,0,0,1,0,0,44750,50,2.5,0,0,6,3627.36182,41.3684502,0,11.5092134,-17.7436676,31.7272034,11.0894327,-19.2512836,350.423584,0,1,0,4,4,0
894,2684,3,8327452,0,0,57,0,255,0,0,1,0,0,44750,50,2.5,0,0,6,3572.46704,27.3656635,0,12.3250084,-12.1581154,4.57302856,12.0613737,-17.4086723,354.620667,0,1,0,15,15,0
895,2685,1,8327300,0,0,38,0,255,0,0,0,0,0,44800,50,2.5,0,0,6,3616.77295,8.41121387,0,12.3619442,-11.3939676,16.8588257,12.1305561,-16.6557713,356.433472,0,1,0,10,10,0
895,2686,2,8327376,0,0,158,0,255,0,0,1,0,0,44800,50,2.5,0,0,6,3636.48926,43.0439072,0,11.6297483,-17.2358017,28.9827881,11.1778154,-19.108429,350.007904,0,1,0,5,5,0
895,2687,3,8327452,0,0,54,0,255,0,0,1,0,0,44800,50,2.5,0,0,6,3589.94482,22.6652946,0,12.3368673,-12.017374,2.63531494,12.0979414,-17.2467823,354.906494,0,1,0,15,15,0
896,2688,1,8327300,0,0,37,0,255,0,0,0,0,0,44850,50,2.5,0,0,6,3638.28125,6.95514345,0,12.3662024,-11.1814585,16.2177124,12.1551647,-16.4892235,356.555298,0,1,0,10,10,0
896,2689,2,8327376,0,0,145,0,255,0,0,1,0,0,44850,50,2.5,0,0,6,3645.3584,45.0086975,0,11.6693182,-17.0450268,26.2811584,11.262886,-18.9631252,349.912109,0,1,0,5,5,0
896,2690,3,8327452,0,0,52,0,255,0,0,1,0,0,44850,50,2.5,0,0,6,3608.21558,18.8004818,0,12.3468561,-11.8898125,0.881469727,12.131876,-17.0834217,355.176453,0,1,0,15,15,0
897,2691,1,8327300,0,0,35,0,255,0,0,0,0,0,44900,50,2.5,0,0,6,3659.66138,5.82178211,0,12.3581352,-11.5313911,15.644989,12.1782036,-16.3214417,356.782959,0,1,0,9,9,0
897,2692,2,8327376,0,0,134,0,255,0,0,1,0,0,44900,50,2.5,0,0,6,3654.03027,46.523838,0,11.7639408,-16.5299892,23.894043,11.3445463,-18.8154392,349.731506,0,1,0,6,6,0
897,2693,3,8327452,0,0,49,0,255,0,0,1,0,0,44900,50,2.5,0,0,6,3627.04541,15.6293058,0,12.3569231,-11.7509909,1.02203369,12.1633644,-16.9186535,355.447784,0,1,0,15,15,0
898,2694,1,8327300,0,0,34,0,255,0,0,0,0,0,44950,50,2.5,0,0,6,3680.83569,4.94354391,0,12.3633881,-11.3318586,15.900238,12.1997824,-16.1524696,356.909729,0,1,0,9,9,0
898,2695,2,8327376,0,0,132,0,255,0,0,1,0,0,44950,50,2.5,0,0,6,3662.53784,46.7924156,0,12.1867189,-13.3534603,21.4377136,11.4227362,-18.665451,348.796936,0,1,0,15,15,0
898,2696,3,8327452,0,0,47,0,255,0,0,1,0,0,44950,50,2.5,0,0,6,3646.2749,13.0623407,0,12.3654566,-11.6233912,2.88552856,12.1925774,-16.7525406,355.70105,0,1,0,15,15,0
899,2697,1,8327300,0,0,33,0,255,0,0,0,0,0,45000,50,2.5,0,0,6,3701.72754,4.23827076,0,12.3671112,-11.1181288,15.3703003,12.2199974,-15.9823475,357.022949,0,1,0,9,9,0
899,2698,2,8327376,0,0,116,0,255,0,0,1,0,0,45000,50,2.5,0,0,6,3670.83057,45.8794785,0,12.166399,-13.4950428,19.1351013,11.4974327,-18.5132561,349.466309,0,1,0,14,14,0
899,2699,3,8327452,0,0,44,0,255,0,0,1,0,0,45000,50,2.5,0,0,6,3665.71802,10.9649811,0,12.3736362,-11.4904537,4.73141479,12.2196732,-16.5851364,355.950409,0,1,0,15,15,0
900,2700,1,8327300,0,0,32,0,255,0,0,0,0,0,45050,50,2.5,0,0,6,3722.29883,3.67498231,0,12.3689165,-10.9276505,14.8956299,12.2389317,-15.8111143,357.130463,0,1,0,9,9,0
900,2701,2,8327376,0,0,111,0,255,0,0,1,0,0,45050,50,2.5,0,0,6,3679.83276,44.6047096,0,12.0641184,-14.2887421,17.023407,11.5686169,-18.3589306,349.921753,0,1,0,11,11,0
900,2702,3,8327452,0,0,42,0,255,0,0,1,0,0,45050,50,2.5,0,0,6,3685.27319,9.26151562,0,12.3814449,-11.3513451,6.5295105,12.2447987,-16.4164944,356.184967,0,1,0,15,15,0
901,2703,1,8327300,0,0,30,0,255,0,0,0,0,0,45100,50,2.5,0,0,6,3742.5127,3.22793269,0,12.3649712,-11.2535076,14.338562,12.2566576,-15.6388063,357.326233,0,1,0,8,8,0
901,2704,2,8327376,0,0,107,0,255,0,0,1,0,0,45100,50,2.5,0,0,6,3688.93091,42.3590965,0,12.0456905,-14.4413176,14.7836914,11.6363201,-18.2025681,350.252258,0,1,0,10,10,0
901,2705,3,8327452,0,0,39,0,255,0,0,1,0,0,45100,50,2.5,0,0,6,3704.81616,7.85677719,0,12.3879633,-11.2236099,8.06103516,12.2680874,-16.2466621,356.407837,0,1,0,15,15,0
902,2706,1,8327300,0,0,29,0,255,0,0,0,0,0,45150,50,2.5,0,0,6,3762.35327,2.86936402,0,12.367753,-11.0649481,13.8458252,12.273242,-15.4654589,357.428192,0,1,0,8,8,0
902,2707,2,8327376,0,0,98,0,255,0,0,1,0,0,45150,50,2.5,0,0,6,3698.53467,39.6051979,0,12.2654924,-12.7466154,12.7527161,11.7005882,-18.04426,351.149078,0,1,0,15,15,0
902,2708,3,8327452,0,0,37,0,255,0,0,1,0,0,45150,50,2.5,0,0,6,3724.28564,6.70599079,0,12.3942518,-11.0874853,9.57440186,12.2896643,-16.0756836,356.614258,0,1,0,15,15,0
903,2709,1,8327300,0,0,28,0,255,0,0,0,0,0,45200,50,2.5,0,0,6,3781.79272,2.56389284,0,12.3692818,-10.8459911,13.2653809,12.2887449,-15.2911043,357.512695,0,1,0,8,8,0
903,2710,2,8327376,0,0,93,0,255,0,0,1,0,0,45200,50,2.5,0,0,6,3708.85107,36.8523788,0,12.2817535,-12.6008902,10.7133179,11.7614746,-17.8840942,351.622528,0,1,0,15,15,0
903,2711,3,8327452,0,0,35,0,255,0,0,1,0,0,45200,50,2.5,0,0,6,3743.59277,5.74563074,0,12.3998528,-10.9523335,10.9510193,12.3096457,-15.9036026,356.810211,0,1,0,15,15,0
904,2712,1,8327300,0,0,27,0,255,0,0,0,0,0,45250,50,2.5,0,0,6,3800.82666,2.30754685,0,12.3691788,-10.6352997,12.6961975,12.3032198,-15.1157751,357.585541,0,1,0,8,8,0
904,2713,2,8327376,0,0,88,0,255,0,0,1,0,0,45250,50,2.5,0,0,6,3719.66284,33.8664551,0,12.2976151,-12.4490967,8.6005249,11.8190603,-17.7221546,352.072021,0,1,0,15,15,0
904,2714,3,8327452,0,0,33,0,255,0,0,1,0,0,45250,50,2.5,0,0,6,3762.6936,4.94892263,0,12.404912,-10.8152885,7.69781494,12.3281374,-15.7304583,356.995544,0,1,0,15,15,0
905,2715,1,8327300,0,0,25,0,255,0,0,0,0,0,45300,50,2.5,0,0,6,3819.44629,2.09601212,0,12.3685637,-10.9790554,12.1210938,12.3167143,-14.9395008,357.75,0,1,0,7,7,0
905,2716,2,8327376,0,0,84,0,255,0,0,1,0,0,45300,50,2.5,0,0,6,3731.09131,30.8242283,0,12.311017,-12.3119316,6.6986084,11.873436,-17.558527,352.494293,0,1,0,15,15,0
905,2717,3,8327452,0,0,32,0,255,0,0,1,0,0,45300,50,2.5,0,0,6,3781.54248,4.29215622,0,12.4094067,-10.6773062,9.19360352,12.3452368,-15.5562868,357.169312,0,1,0,15,15,0
906,2718,1,8327300,0,0,25,0,255,0,0,0,0,0,45350,50,2.5,0,0,6,3837.6543,1.91846335,0,12.3694038,-10.7858219,11.567749,12.3292761,-14.762311,357.816833,0,1,0,7,7,0
906,2719,2,8327376,0,0,79,0,255,0,0,1,0,0,45350,50,2.5,0,0,6,3743.07446,27.8915329,0,12.324502,-12.1638823,4.65280151,11.9246998,-17.3932934,352.900696,0,1,0,15,15,0
906,2720,3,8327452,0,0,30,0,255,0,0,1,0,0,45350,50,2.5,0,0,6,3800.09595,3.74633169,0,12.4135628,-10.5309381,10.6372375,12.3610296,-15.3811245,357.341919,0,1,0,15,15,0
907,2721,1,8327300,0,0,24,0,255,0,0,0,0,0,45400,50,2.5,0,0,6,3855.43433,1.75742495,0,12.3687973,-10.5605812,10.9080505,12.3409452,-14.5842333,357.874023,0,1,0,7,7,0
907,2722,2,8327376,0,0,75,0,255,0,0,1,0,0,45400,50,2.5,0,0,6,3755.61377,25.1412144,0,12.3359947,-12.0280981,2.7822876,11.9729567,-17.2265301,353.277985,0,1,0,15,15,0
907,2723,3,8327452,0,0,28,0,255,0,0,1,0,0,45400,50,2.5,0,0,6,3818.33838,3.30423117,0,12.4168377,-10.3974838,11.8291321,12.3755951,-15.2050037,357.499359,0,1,0,15,15,0
908,2724,1,8327300,0,0,24,0,255,0,0,0,0,0,45450,50,2.5,0,0,6,3872.80005,1.62538803,0,12.3669748,-10.3622274,10.3132935,12.351757,-14.4052954,357.922241,0,1,0,7,7,0
908,2725,2,8327376,0,0,72,0,255,0,0,1,0,0,45450,50,2.5,0,0,6,3768.60913,22.5524197,0,12.3470058,-11.8878336,0.85534668,12.0183182,-17.0583115,353.636749,0,1,0,15,15,0
908,2726,3,8327452,0,0,27,0,255,0,0,1,0,0,45450,50,2.5,0,0,6,3836.24316,2.93387175,0,12.4199915,-10.2468185,13.0298462,12.3890085,-15.027957,357.646484,0,1,0,15,15,0
909,2727,1,8327300,0,0,22,0,255,0,0,0,0,0,45500,50,2.5,0,0,6,3889.74048,1.51590574,0,12.3693514,-10.6924791,9.60620117,12.361742,-14.225522,358.059204,0,1,0,6,6,0
909,2728,2,8327376,0,0,68,0,255,0,0,1,0,0,45500,50,2.5,0,0,6,3781.99756,20.1548462,0,12.357523,-11.7423429,1.14233398,12.0608978,-16.8887062,353.985657,0,1,0,15,15,0
909,2729,3,8327452,0,0,25,0,255,0,0,1,0,0,45500,50,2.5,0,0,6,3853.79053,2.61424589,0,12.4224052,-10.109458,13.9986267,12.4013367,-14.8500137,357.787689,0,1,0,15,15,0
910,2730,1,8327300,0,0,22,0,255,0,0,0,0,0,45550,50,2.5,0,0,6,3907.01465,1.42840695,0,12.3681841,-10.4787092,8.91442871,12.3709307,-14.0449047,358.101624,0,1,0,6,6,0
910,2731,2,8327376,0,0,64,0,255,0,0,1,0,0,45550,50,2.5,0,0,6,3795.74976,18.0057907,0,12.3667555,-11.6030293,3.17608643,12.1008081,-16.7177811,354.312714,0,1,0,15,15,0
910,2732,3,8327452,0,0,24,0,255,0,0,1,0,0,45550,50,2.5,0,0,6,3870.9812,2.3489511,0,12.4246454,-9.95475388,14.9465637,12.4126434,-14.6712027,357.917603,0,1,0,15,15,0
911,2733,1,8327300,0,0,21,0,255,0,0,0,0,0,45600,50,2.5,0,0,6,3923.84814,1.34276426,0,12.3658504,-10.2771749,8.24255371,12.3793507,-13.8634691,358.140045,0,1,0,6,6,0
911,2734,2,8327376,0,0,61,0,255,0,0,1,0,0,45600,50,2.5,0,0,6,3809.78198,16.0615368,0,12.3752203,-11.4632816,5.09280396,12.1381645,-16.5455971,354.61792,0,1,0,15,15,0
911,2735,3,8327452,0,0,22,0,255,0,0,1,0,0,45600,50,2.5,0,0,6,3887.79688,2.11947155,0,12.426384,-9.80504227,15.7217712,12.422987,-14.4915514,358.042511,0,1,0,15,15,0
912,2736,1,8327300,0,0,34,0,255,0,0,0,0,0,45650,50,2.5,0,0,6,3940.26221,1.26949835,0,12.1589317,-4.84108496,9.75842285,12.3870277,-13.6812391,357.078156,0,1,0,15,15,0
912,2737,2,8327376,0,0,58,0,255,0,0,1,0,0,45650,50,2.5,0,0,6,3824.01709,14.2863283,0,12.3828192,-11.3253975,6.85061646,12.1730824,-16.3722134,354.909668,0,1,0,15,15,0
912,2738,3,8327452,0,0,21,0,255,0,0,1,0,0,45650,50,2.5,0,0,6,3904.24341,1.9254508,0,12.4277353,-9.65701294,16.3539429,12.4324245,-14.3110857,358.15332,0,1,0,15,15,0
913,2739,1,8327300,0,0,31,0,255,0,0,0,0,0,45700,50,2.5,0,0,6,3956.32007,1.20599544,0,12.1662273,-5.18505478,9.17044067,12.3939209,-13.4982328,357.311646,0,1,0,14,14,0
913,2740,2,8327376,0,0,55,0,255,0,0,1,0,0,45700,50,2.5,0,0,6,3838.4104,12.7036333,0,12.3894434,-11.1928396,8.41644287,12.2056732,-16.1976852,355.186646,0,1,0,15,15,0
913,2741,3,8327452,0,0,20,0,255,0,0,1,0,0,45700,50,2.5,0,0,6,3920.30908,1.7544086,0,12.4288225,-9.50036907,16.8765564,12.4410086,-14.1298313,358.260712,0,1,0,15,15,0
914,2742,1,8327300,0,0,17,0,255,0,0,0,0,0,45750,50,2.5,0,0,6,3972.21411,1.26514781,0,12.3641634,-10.1701717,8.50552368,12.3999968,-13.3144627,358.523346,0,1,0,5,5,0
914,2743,2,8327376,0,0,52,0,255,0,0,1,0,0,45750,50,2.5,0,0,6,3852.90186,11.3068867,0,12.3958054,-11.0514669,9.95266724,12.2360477,-16.0220642,355.44986,0,1,0,15,15,0
914,2744,3,8327452,0,0,19,0,255,0,0,1,0,0,45750,50,2.5,0,0,6,3936.74536,1.60717285,0,12.429635,-9.33806038,17.2671509,12.4487867,-13.9477777,358.36441,0,1,0,15,15,0
915,2745,1,8327300,0,0,17,0,255,0,0,0,0,0,45800,50,2.5,0,0,6,3987.81812,1.34007525,0,12.3598661,-9.9532299,7.181427,12.4052916,-13.1299477,358.519226,0,1,0,5,5,0
915,2746,2,8327376,0,0,49,0,255,0,0,1,0,0,45800,50,2.5,0,0,6,3867.43848,10.0722561,0,12.4013929,-10.9122992,6.56854248,12.2643137,-15.8453989,355.697235,0,1,0,15,15,0
915,2747,3,8327452,0,0,18,0,255,0,0,1,0,0,45800,50,2.5,0,0,6,3952.78613,1.48297727,0,12.4301968,-9.17283154,17.5032349,12.4558029,-13.7649488,358.464325,0,1,0,15,15,0
916,2748,1,8327300,0,0,27,0,255,0,0,0,0,0,45850,50,2.5,0,0,6,4002.97412,1.26357329,0,12.1640472,-5.09482193,5.83651733,12.4098549,-12.9447098,357.707123,0,1,0,13,13,0
916,2749,2,8327376,0,0,47,0,255,0,0,1,0,0,45850,50,2.5,0,0,6,3881.97632,8.97772694,0,12.4066591,-10.7637358,8.27243042,12.290575,-15.6677341,355.929443,0,1,0,15,15,0
916,2750,3,8327452,0,0,17,0,255,0,0,1,0,0,45850,50,2.5,0,0,6,3968.43286,1.37734342,0,12.4305668,-9.00006676,17.5820923,12.4620981,-13.5813675,358.561218,0,1,0,15,15,0
917,2751,1,8327300,0,0,25,0,255,0,0,0,0,0,45900,50,2.5,0,0,6,4017.63525,1.15361094,0,12.1735973,-5.44935036,4.46517944,12.4136791,-12.7587748,357.877014,0,1,0,12,12,0
917,2752,2,8327376,0,0,45,0,255,0,0,1,0,0,45900,50,2.5,0,0,6,3896.45825,8.00541782,0,12.4108629,-10.6284199,9.69274902,12.3149328,-15.4891129,356.152893,0,1,0,15,15,0
917,2753,3,8327452,0,0,16,0,255,0,0,1,0,0,45900,50,2.5,0,0,6,3984.15942,1.28747106,0,12.4307909,-8.81727505,16.2257385,12.4677124,-13.3970346,358.655884,0,1,0,15,15,0
918,2754,1,8327300,0,0,23,0,255,0,0,0,0,0,45950,50,2.5,0,0,6,4031.94824,1.15065205,0,12.1671906,-5.2226634,3.0402832,12.4167528,-12.5721636,358.05191,0,1,0,12,12,0
918,2755,2,8327376,0,0,42,0,255,0,0,1,0,0,45950,50,2.5,0,0,6,3910.85254,7.16435575,0,12.4149265,-10.4776812,11.1271362,12.3374815,-15.3095741,356.370209,0,1,0,15,15,0
918,2756,3,8327452,0,0,15,0,255,0,0,1,0,0,45950,50,2.5,0,0,6,3999.4917,1.20921969,0,12.430913,-8.64722824,17.249939,12.472682,-13.2119722,358.746185,0,1,0,15,15,0
919,2757,1,8327300,0,0,22,0,255,0,0,0,0,0,46000,50,2.5,0,0,6,4045.87329,1.16965127,0,12.1782217,-5.59478521,1.80249023,12.4190769,-12.3848972,358.184631,0,1,0,11,11,0
919,2758,2,8327376,0,0,40,0,255,0,0,1,0,0,46000,50,2.5,0,0,6,3925.13672,6.44255543,0,12.4182549,-10.3330011,12.3611145,12.3583107,-15.1291561,356.569092,0,1,0,15,15,0
919,2759,3,8327452,0,0,14,0,255,0,0,1,0,0,46000,50,2.5,0,0,6,4014.43506,1.14044952,0,12.4310274,-8.45626736,18.2831421,12.4770403,-13.0262022,358.83667,0,1,0,15,15,0
920,2760,1,8327300,0,0,13,0,255,0,0,0,0,0,46050,50,2.5,0,0,6,4059.41675,1.16187441,0,12.3459377,-9.44945526,0.410461426,12.4206591,-12.1969957,358.868195,0,1,0,4,4,0
920,2761,2,8327376,0,0,38,0,255,0,0,1,0,0,46050,50,2.5,0,0,6,3939.26123,5.79884291,0,12.4211512,-10.1837711,13.4903259,12.3775091,-14.9478931,356.759857,0,1,0,15,15,0
920,2762,3,8327452,0,0,13,0,255,0,0,1,0,0,46050,50,2.5,0,0,6,4028.99438,1.07986605,0,12.4311895,-8.269454,19.178772,12.4808226,-12.8397446,358.924927,0,1,0,15,15,0
921,2763,1,8327300,0,0,14,0,255,0,0,0,0,0,46100,50,2.5,0,0,6,4072.68237,1.14108384,0,12.3387251,-9.23862362,0.87890625,12.4215498,-12.0084753,358.83728,0,1,0,4,4,0
921,2764,2,8327376,0,0,36,0,255,0,0,1,0,0,46100,50,2.5,0,0,6,3953.21216,5.23177481,0,12.4234715,-10.0399437,14.4432678,12.3951597,-14.7658186,356.941101,0,1,0,15,15,0
921,2765,3,8327452,0,0,0,0,255,0,0,1,0,0,46100,50,2.5,0,0,6,4043.17578,1.02542675,0,12.431468,-8.08431911,19.9581299,12.4840603,-12.6526194,359.011566,0,1,0,15,15,0
922,2766,1,8327300,0,0,14,0,255,0,0,0,0,0,46150,50,2.5,0,0,6,4085.56787,1.0530529,0,12.3314085,-9.04259872,2.07852173,12.4217987,-11.819355,358.819122,0,1,0,4,4,0
922,2767,2,8327376,0,0,34,0,255,0,0,1,0,0,46150,50,2.5,0,0,6,3966.96729,4.73969364,0,12.4255371,-9.8822546,15.3392029,12.4113407,-14.5829639,357.114685,0,1,0,15,15,0
922,2768,3,8327452,0,0,0,0,255,0,0,1,0,0,46150,50,2.5,0,0,6,4057.0791,0.976258814,0,12.4312954,-8.18742847,20.6989136,12.486846,-12.4648438,359.460785,0,1,0,14,14,0
923,2769,1,8327300,0,0,18,0,255,0,0,0,0,0,46200,50,2.5,0,0,6,4098.12305,0.965065062,0,12.1888771,-5.89500618,3.43963623,12.421443,-11.629653,358.494812,0,1,0,9,9,0
923,2770,2,8327376,0,0,32,0,255,0,0,1,0,0,46200,50,2.5,0,0,6,3980.50903,4.30905867,0,12.4270878,-9.73268604,16.0466003,12.4261284,-14.3993578,357.278107,0,1,0,15,15,0
923,2771,3,8327452,0,0,0,0,255,0,0,1,0,0,46200,50,2.5,0,0,6,4070.55737,1.39288759,0,12.4316654,-7.99504042,21.2944946,12.4889088,-12.2764406,359.9375,0,1,0,14,14,0
924,2772,1,8327300,0,0,17,0,255,0,0,0,0,0,46250,50,2.5,0,0,6,4110.30273,0.903299987,0,12.1818542,-5.70172691,4.6519165,12.4204922,-11.4393883,358.607208,0,1,0,9,9,0
924,2773,2,8327376,0,0,30,0,255,0,0,1,0,0,46250,50,2.5,0,0,6,3993.82422,3.93039656,0,12.4283514,-9.5741148,16.6503601,12.4395952,-14.2150288,357.433075,0,1,0,15,15,0
924,2774,3,8327452,0,0,0,0,255,0,0,1,0,0,46250,50,2.5,0,0,6,4083.48389,1.94463241,0,12.4325771,-7.46746635,21.4275208,12.4900589,-12.0874376,360,0.456695557,1,0,15,15,0
925,2775,1,8327300,0,0,16,0,255,0,0,0,0,0,46300,50,2.5,0,0,6,4122.16162,0.882710278,0,12.1953001,-6.06021404,5.83532715,12.4189529,-11.248579,358.68277,0,1,0,8,8,0
925,2776,2,8327376,0,0,29,0,255,0,0,1,0,0,46300,50,2.5,0,0,6,4007.62866,3.59480023,0,12.4293404,-9.40377426,17.1299133,12.4518137,-14.0299692,357.579956,0,1,0,15,15,0
925,2777,3,8327452,0,0,0,0,255,0,0,1,0,0,46300,50,2.5,0,0,6,4095.88159,2.4169085,0,12.4283762,-7.26189756,22.109375,12.4901667,-11.8978624,360,0.841369629,1,0,15,15,0
926,2778,1,8327300,0,0,15,0,255,0,0,0,0,0,46350,50,2.5,0,0,6,4133.69189,0.87149781,0,12.2111559,-6.43690681,6.76025391,12.4168367,-11.0572414,358.754761,0,1,0,7,7,0
926,2779,2,8327376,0,0,27,0,255,0,0,1,0,0,46350,50,2.5,0,0,6,4021.15796,3.29549575,0,12.4299822,-9.24455166,17.4195557,12.4628477,-13.8442049,357.725769,0,1,0,15,15,0
926,2780,3,8327452,0,17,0,0,255,0,0,1,0,0,46350,50,2.5,0,0,6,4107.79785,2.76749802,0,12.4310198,-7.36781454,22.6967163,12.4891472,-11.7077427,360,1.24450684,1,0,14,14,0
927,2781,1,8327300,0,0,14,0,255,0,0,0,0,0,46400,50,2.5,0,0,6,4144.90527,0.85496372,0,12.2023468,-6.23212624,7.65557861,12.4141579,-10.8653908,358.829285,0,1,0,7,7,0
927,2782,2,8327376,0,0,25,0,255,0,0,1,0,0,46400,50,2.5,0,0,6,4034.42139,3.04105592,0,12.4304371,-9.07136631,17.5730591,12.4727602,-13.6577597,357.864227,0,1,0,15,15,0
927,2783,3,8327452,0,14,0,0,255,0,0,1,0,0,46400,50,2.5,0,0,6,4119.36523,2.99174666,0,12.4243059,-7.14385366,23.1809998,12.4869947,-11.5170994,360,1.02841187,1,0,14,14,0
928,2784,1,8327300,0,0,13,0,255,0,0,0,0,0,46450,50,2.5,0,0,6,4155.80957,0.833565593,0,12.2752085,-7.78547859,8.51568604,12.4109354,-10.6730442,358.88916,0,1,0,4,4,0
928,2785,2,8327376,0,0,24,0,255,0,0,1,0,0,46450,50,2.5,0,0,6,4047.8501,2.81662798,0,12.4307137,-8.89393139,17.5447388,12.4816151,-13.4706364,357.994324,0,1,0,15,15,0
928,2786,3,8327452,0,0,0,0,255,0,0,1,0,0,46450,50,2.5,0,0,6,4130.55957,2.15676451,0,12.4278975,-7.24606085,23.5235596,12.4840345,-11.3259344,360,0.927764893,1,0,13,13,0
929,2787,1,8327300,0,0,13,0,255,0,0,0,0,0,46500,50,2.5,0,0,6,4166.41455,0.809006333,0,12.2369499,-6.99661732,9.3321228,12.4071894,-10.4802151,358.906586,0,1,0,5,5,0
929,2788,2,8327376,0,0,22,0,255,0,0,1,0,0,46500,50,2.5,0,0,6,4060.98486,2.61272001,0,12.430871,-8.712883,16.867218,12.4894695,-13.2828579,358.125977,0,1,0,15,15,0
929,2789,3,8327452,0,18,0,0,255,0,0,1,0,0,46500,50,2.5,0,0,6,4141.72314,1.37503004,0,12.4307327,-7.35405207,23.9533691,12.4804783,-11.1342554,360,1.2684021,1,0,12,12,0
930,2790,1,8327300,0,0,13,0,255,0,0,0,0,0,46550,50,2.5,0,0,6,4176.71826,0.783256948,0,12.2274656,-6.7957983,12.9005737,12.4029388,-10.2869196,358.950958,0,1,0,5,5,0
930,2791,2,8327376,0,0,21,0,255,0,0,1,0,0,46550,50,2.5,0,0,6,4073.84375,2.43651104,0,12.4309826,-8.52915764,17.9028931,12.4963789,-13.0944452,358.249939,0,1,0,15,15,0
930,2792,3,8327452,0,17,0,0,255,0,0,1,0,0,46550,50,2.5,0,0,6,4152.78223,1.35307217,0,12.4322977,-7.44416904,24.3639221,12.4762945,-10.9420795,360,1.12997437,1,0,11,11,0
931,2793,1,8327300,0,0,13,0,255,0,0,0,0,0,46600,50,2.5,0,0,6,4186.72998,0.760796726,0,12.2463703,-7.19257975,13.5901184,12.3981962,-10.0931711,358.956085,0,1,0,4,4,0
931,2794,2,8327376,0,0,19,0,255,0,0,1,0,0,46600,50,2.5,0,0,6,4086.40308,2.27838016,0,12.431118,-8.33988571,18.8545227,12.5023975,-12.9054184,358.376587,0,1,0,15,15,0
931,2795,3,8327452,0,0,0,0,255,0,0,1,0,0,46600,50,2.5,0,0,6,4163.47314,1.06584311,0,12.4271889,-7.22383451,24.621521,12.4717312,-10.7494116,360,0.964569092,1,0,11,11,0
932,2796,1,8327300,0,0,0,0,255,0,0,0,0,0,46650,50,2.5,0,0,6,4196.45459,0.743155599,0,12.2362032,-6.9809494,14.322998,12.3929729,-9.89898491,359.00119,0,1,0,4,4,0
932,2797,2,8327376,0,0,18,0,255,0,0,1,0,0,46650,50,2.5,0,0,6,4098.67871,2.14072442,0,12.4313564,-8.14762974,19.7059631,12.5075779,-12.7157974,358.49649,0,1,0,15,15,0
932,2798,3,8327452,0,19,0,0,255,0,0,1,0,0,46650,50,2.5,0,0,6,4173.94775,0.784192979,0,12.4299459,-7.31989908,24.7450562,12.4669161,-10.556262,360,1.25466919,1,0,10,10,0
933,2799,1,8327300,0,0,0,0,255,0,0,0,0,0,46700,50,2.5,0,0,6,4206.00732,0.730374277,0,12.2266569,-6.77847195,14.9899902,12.3873491,-9.70436764,359.262085,0,1,0,4,4,0
933,2800,2,8327376,0,0,17,0,255,0,0,1,0,0,46700,50,2.5,0,0,6,4110.65625,2.01474452,0,12.4318094,-7.94033241,20.4937744,12.5119705,-12.5256004,358.62265,0,1,0,15,15,0
933,2801,3,8327452,0,17,0,0,255,0,0,1,0,0,46700,50,2.5,0,0,6,4184.21387,0.80333215,0,12.4319239,-7.41816854,24.7281494,12.4618149,-10.3626461,360,1.14624023,1,0,9,9,0
934,2802,1,8327300,0,0,0,0,255,0,0,0,0,0,46750,50,2.5,0,0,6,4215.25879,0.913541973,0,12.2176371,-6.58209944,15.6039124,12.3811712,-9.50934124,359.515747,0,1,0,4,4,0
934,2803,2,8327376,0,0,17,0,255,0,0,1,0,0,46750,50,2.5,0,0,6,4122.34082,1.90474045,0,12.4315491,-8.04567337,21.1481323,12.5156221,-12.3348455,358.663544,0,1,0,14,14,0
934,2804,3,8327452,0,0,0,0,255,0,0,1,0,0,46750,50,2.5,0,0,6,4194.14355,0.719265521,0,12.4262247,-7.19544888,25.4648743,12.4566078,-10.1685715,360,0.980163574,1,0,9,9,0
935,2805,1,8327300,0,0,0,0,255,0,0,0,0,0,46800,50,2.5,0,0,6,4224.15869,1.13288176,0,12.2087011,-6.38078356,16.1998291,12.3743324,-9.31392765,359.768829,0,1,0,4,4,0
935,2806,2,8327376,0,0,14,0,255,0,0,1,0,0,46800,50,2.5,0,0,6,4133.72217,1.81113327,0,12.4330597,-7.52770472,21.2046814,12.5185709,-12.1435509,358.887421,0,1,0,15,15,0
935,2807,3,8327452,0,20,0,0,255,0,0,1,0,0,46800,50,2.5,0,0,6,4203.79492,0.648975194,0,12.4294453,-7.30018473,25.4833069,12.4513617,-9.97404957,360,1.24621582,1,0,8,8,0
936,2808,1,8327300,0,0,0,0,255,0,0,0,0,0,46850,50,2.5,0,0,6,4232.73145,1.30623198,0,12.2010269,-6.20057869,18.6608276,12.3667622,-9.11814499,360,0.0182189941,1,0,4,4,0
936,2809,2,8327376,0,0,14,0,255,0,0,1,0,0,46850,50,2.5,0,0,6,4144.83838,1.73778188,0,12.429965,-7.32064199,21.9269104,12.5208635,-11.9517317,358.957886,0,1,0,15,15,0
936,2810,3,8327452,0,18,0,0,255,0,0,1,0,0,46850,50,2.5,0,0,6,4213.20605,0.656231582,0,12.4316063,-7.39894295,25.3643188,12.4460545,-9.7790947,360,1.17718506,1,0,7,7,0
937,2811,1,8327300,0,0,0,0,255,0,0,0,0,0,46900,50,2.5,0,0,6,4241.00244,1.42619789,0,12.2170944,-6.5701046,19.0996704,12.3584175,-8.92201233,360,0.081817627,1,0,3,3,0
937,2812,2,8327376,0,0,14,0,255,0,0,1,0,0,46900,50,2.5,0,0,6,4155.65283,1.66265738,0,12.4226351,-7.10296583,22.5571289,12.5225401,-11.7594051,358.986877,0,1,0,15,15,0
937,2813,3,8327452,0,18,0,0,255,0,0,1,0,0,46900,50,2.5,0,0,6,4222.33008,0.647404492,0,12.4328642,-7.49762201,25.1099854,12.4408283,-9.58371449,360,1.13449097,1,0,6,6,0
938,2814,1,8327300,0,0,0,0,255,0,0,0,0,0,46950,50,2.5,0,0,6,4248.99756,1.4936974,0,12.2089987,-6.38761854,19.4368896,12.3492756,-8.72554493,360,0.32144165,1,0,3,3,0
938,2815,2,8327376,0,0,0,0,255,0,0,1,0,0,46950,50,2.5,0,0,6,4166.17871,1.59764051,0,12.4262991,-7.19755459,23.0784912,12.523633,-11.5665865,359.073364,0,1,0,14,14,0
938,2816,3,8327452,0,16,0,0,255,0,0,1,0,0,46950,50,2.5,0,0,6,4231.18896,0.660634995,0,12.4319258,-7.90077591,24.6948242,12.4357891,-9.38791943,360,1.03265381,1,0,4,4,0
939,2817,1,8327300,0,0,0,0,255,0,0,0,0,0,47000,50,2.5,0,0,6,4256.73926,1.51905346,0,12.2000999,-6.17821741,19.7819824,12.3393307,-8.52875805,360,0.584442139,1,0,3,3,0
939,2818,2,8327376,0,0,0,0,255,0,0,1,0,0,47000,50,2.5,0,0,6,4176.54492,1.55028427,0,12.42939,-7.29809475,23.4540405,12.5242443,-11.3732862,359.53476,0,1,0,13,13,0
939,2819,3,8327452,0,16,0,0,255,0,0,1,0,0,47000,50,2.5,0,0,6,4239.77783,0.702120662,0,12.4311447,-8.31155014,25.7212524,12.4310122,-9.19172096,360,1.03747559,1,0,2,2,0
940,2820,1,8327300,0,0,0,0,255,0,0,0,0,0,47050,50,2.5,0,0,6,4264.24658,1.51065743,0,12.1922569,-5.98310089,20.0609131,12.3285866,-8.33166504,360,0.856964111,1,0,3,3,0
940,2821,2,8327376,0,0,0,0,255,0,0,1,0,0,47050,50,2.5,0,0,6,4186.57129,1.96539295,0,12.4217472,-7.0824542,23.8466492,12.5241098,-11.1795273,359.921448,0,1,0,13,13,0
940,2822,3,8327452,0,18,0,0,255,0,0,1,0,0,47050,50,2.5,0,0,6,4248.09766,0.745495856,0,12.4322863,-7.79663992,25.3723755,12.4265528,-8.99512959,360,1.15029907,1,0,3,3,0
941,2823,1,8327300,0,15,0,0,255,0,0,0,0,0,47100,50,2.5,0,0,6,4271.53467,1.47748387,0,12.1850357,-5.79117966,20.871582,12.3170576,-8.1342783,360,1.14562988,1,0,3,3,0
941,2824,2,8327376,0,0,0,0,255,0,0,1,0,0,47100,50,2.5,0,0,6,4196.13525,2.50337625,0,12.4254208,-7.17309952,24.2889099,12.5230455,-10.9853344,360,0.338500977,1,0,12,12,0
941,2825,3,8327452,0,19,0,0,255,0,0,1,0,0,47100,50,2.5,0,0,6,4256.1499,0.78671211,0,12.4331865,-7.57590485,24.8676147,12.4224606,-8.79815769,360,1.20724487,1,0,3,3,0
942,2826,1,8327300,0,15,0,0,255,0,0,0,0,0,47150,50,2.5,0,0,6,4278.38623,1.42679691,0,12.1786394,-5.60735416,20.9299011,12.3048115,-7.93661642,360,1.12680054,1,0,3,3,0
942,2827,2,8327376,0,0,0,0,255,0,0,1,0,0,47150,50,2.5,0,0,6,4205.26123,2.95954156,0,12.4287968,-7.27641821,24.5714722,12.5209255,-10.7907324,360,0.726837158,1,0,11,11,0
942,2828,3,8327452,0,14,0,0,255,0,0,1,0,0,47150,50,2.5,0,0,6,4263.94336,0.833866894,0,12.088378,-3.31109476,24.2573547,12.418786,-8.60081768,356.948975,0,1,0,15,15,0
943,2829,1,8327300,0,0,0,0,255,0,0,0,0,0,47200,50,2.5,0,0,6,4285.0498,1.04146779,0,12.1926432,-5.99297857,20.9533386,12.2921009,-7.73866844,360,0.823425293,1,0,2,2,0
943,2830,2,8327376,0,16,0,0,255,0,0,1,0,0,47200,50,2.5,0,0,6,4213.99463,3.2943337,0,12.4202967,-7.05036783,24.7289429,12.5176706,-10.5957451,360,1.05062866,1,0,11,11,0
943,2831,3,8327452,0,9,0,0,255,0,0,1,0,0,47200,50,2.5,0,0,6,4271.50049,0.885715663,0,12.094532,-3.43138695,23.5261536,12.415555,-8.40312099,356.695129,0,1,0,14,14,0
944,2832,1,8327300,0,15,0,0,255,0,0,0,0,0,47250,50,2.5,0,0,6,4291.62793,0.715400279,0,12.1847477,-5.7832408,20.9342957,12.279067,-7.54043293,360,1.14291382,1,0,2,2,0
944,2833,2,8327376,0,0,0,0,255,0,0,1,0,0,47250,50,2.5,0,0,6,4222.4624,3.50588179,0,12.4244642,-7.14791489,24.7444153,12.5132751,-10.4003916,360,0.907043457,1,0,10,10,0
944,2834,3,8327452,0,4,0,0,255,0,0,1,0,0,47250,50,2.5,0,0,6,4278.81592,0.903834522,0,12.1015034,-3.55128741,22.6648254,12.4127531,-8.20507908,356.477417,0,1,0,13,13,0
945,2835,1,8327300,0,15,0,0,255,0,0,0,0,0,47300,50,2.5,0,0,6,4297.90039,0.668919504,0,12.1784782,-5.60251808,20.1925659,12.2657356,-7.34192705,360,1.2003479,1,0,2,2,0
945,2836,2,8327376,0,20,0,0,255,0,0,1,0,0,47300,50,2.5,0,0,6,4230.58789,2.69144845,0,12.4275694,-7.23561716,25.4456177,12.5080252,-10.204668,360,1.25030518,1,0,9,9,0
945,2837,3,8327452,0,0,57,0,255,0,0,1,0,0,47300,50,2.5,0,0,6,4285.62988,0.880388796,0,12.1099768,-3.68166161,24.1974792,12.4103346,-8.00671577,356.292938,0,1,0,12,12,0
946,2838,1,8327300,0,16,0,0,255,0,0,0,0,0,47350,50,2.5,0,0,6,4303.9751,0.582029223,0,12.1723194,-5.40686464,19.9818115,12.2522717,-7.14314651,360,1.29248047,1,0,2,2,0
946,2839,2,8327376,0,16,0,0,255,0,0,1,0,0,47350,50,2.5,0,0,6,4238.85107,2.51456642,0,12.4184122,-7.01104116,25.4875183,12.5019217,-10.0085897,360,1.01589966,1,0,9,9,0
946,2840,3,8327452,0,0,49,0,255,0,0,1,0,0,47350,50,2.5,0,0,6,4292.00293,0.829680324,0,12.0955276,-3.44942307,23.4011536,12.4080095,-7.80805683,356.708893,0,1,0,12,12,0
947,2841,1,8327300,0,14,0,0,255,0,0,0,0,0,47400,50,2.5,0,0,6,4309.89453,0.513586879,0,12.1843843,-5.77313852,19.7184448,12.2388096,-6.94409037,360,1.11505127,1,0,1,1,0
947,2842,2,8327376,0,0,0,0,255,0,0,1,0,0,47400,50,2.5,0,0,6,4246.82031,1.99016511,0,12.423172,-7.11577511,25.3936768,12.4952621,-9.81215096,360,0.927459717,1,0,8,8,0
947,2843,3,8327452,0,0,44,0,255,0,0,1,0,0,47400,50,2.5,0,0,6,4298.19141,0.721165895,0,12.1037083,-3.58657765,22.8625488,12.4053993,-7.60911226,356.988098,0,1,0,11,11,0
948,2844,1,8327300,0,16,0,0,255,0,0,0,0,0,47450,50,2.5,0,0,6,4315.74805,0.505302131,0,12.1781225,-5.59179544,19.458374,12.2254496,-6.74475622,360,1.29199219,1,0,1,1,0
948,2845,2,8327376,0,19,0,0,255,0,0,1,0,0,47450,50,2.5,0,0,6,4254.7417,1.51700938,0,12.4268351,-7.21314478,25.1598511,12.4882107,-9.61535454,360,1.23590088,1,0,7,7,0
948,2846,3,8327452,0,0,41,0,255,0,0,1,0,0,47450,50,2.5,0,0,6,4304.08057,0.836467445,0,12.1123972,-3.71659756,23.1038818,12.4022493,-7.40990496,357.209991,0,1,0,10,10,0
949,2847,1,8327300,0,19,0,0,255,0,0,0,0,0,47500,50,2.5,0,0,6,4321.59277,0.525024056,0,12.1719866,-5.39558411,19.1419983,12.2122746,-6.54513884,360,1.48269653,1,0,1,1,0
949,2848,2,8327376,0,16,0,0,255,0,0,1,0,0,47500,50,2.5,0,0,6,4262.56348,1.51857102,0,12.4174032,-6.99088717,24.7843933,12.4807444,-9.41821289,360,1.02331543,1,0,7,7,0
949,2849,3,8327452,0,0,39,0,255,0,0,1,0,0,47500,50,2.5,0,0,6,4309.7334,1.11237133,0,12.1213045,-3.83843708,23.1299438,12.3983822,-7.21045208,357.391418,0,1,0,9,9,0
950,2850,1,8327300,0,21,0,0,255,0,0,0,0,0,47550,50,2.5,0,0,6,4327.23145,0.561024487,0,12.1662464,-5.18574238,18.7640381,12.1993656,-6.3452425,360,1.67245483,1,0,1,1,0
950,2851,2,8327376,0,0,0,0,255,0,0,1,0,0,47550,50,2.5,0,0,6,4270.1084,1.36917555,0,12.4217863,-7.08332253,24.2496948,12.4730692,-9.22072697,360,0.990936279,1,0,6,6,0
950,2852,3,8327452,0,0,36,0,255,0,0,1,0,0,47550,50,2.5,0,0,6,4315.13281,1.39896917,0,12.1324215,-3.97891593,22.9489136,12.3936729,-7.01077032,357.536316,0,1,0,8,8,0
951,2853,1,8327300,0,26,0,0,255,0,0,0,0,0,47600,50,2.5,0,0,6,4332.71094,0.61437279,0,12.154274,-4.43205833,16.6674805,12.1868048,-6.14507055,360,2.02047729,1,0,2,2,0
951,2854,2,8327376,0,21,0,0,255,0,0,1,0,0,47600,50,2.5,0,0,6,4277.46875,1.23594081,0,12.4260645,-7.19088697,25.4243469,12.4652767,-9.02290344,360,1.30636597,1,0,5,5,0
951,2855,3,8327452,0,0,34,0,255,0,0,1,0,0,47600,50,2.5,0,0,6,4320.30078,1.64840734,0,12.1439114,-4.11423683,22.5654907,12.3880396,-6.81087542,357.632019,0,1,0,7,7,0
952,2856,1,8327300,0,28,0,0,255,0,0,0,0,0,47650,50,2.5,0,0,6,4338.88428,0.682553947,0,12.1538363,-4.24454403,16.1983032,12.1746807,-5.94458628,360,2.15847778,1,0,2,2,0
952,2857,2,8327376,0,15,0,0,255,0,0,1,0,0,47650,50,2.5,0,0,6,4284.66455,1.2490344,0,12.1031351,-3.57750392,24.9418945,12.4573469,-8.82475281,358.470245,0,1,0,15,15,0
952,2858,3,8327452,0,0,33,0,255,0,0,1,0,0,47650,50,2.5,0,0,6,4325.41162,1.82806349,0,12.1559238,-4.24775696,21.9757996,12.3814268,-6.61077595,357.678253,0,1,0,6,6,0
953,2859,1,8327300,0,30,0,0,255,0,0,0,0,0,47700,50,2.5,0,0,6,4344.82715,0.782318413,0,12.1545219,-4.0678916,15.7282104,12.1630878,-5.74379587,360,2.30160522,1,0,2,2,0
953,2860,2,8327376,0,10,0,0,255,0,0,1,0,0,47700,50,2.5,0,0,6,4291.625,1.21921229,0,12.1106815,-3.69193435,24.3420715,12.4494314,-8.62627792,358.261627,0,1,0,14,14,0
953,2861,3,8327452,0,0,38,0,255,0,0,1,0,0,47700,50,2.5,0,0,6,4330.42578,1.94237542,0,12.1687851,-4.38388014,25.1880493,12.373806,-6.41048098,357.667786,0,1,0,5,5,0
954,2862,1,8327300,0,32,0,0,255,0,0,0,0,0,47750,50,2.5,0,0,6,4350.5293,0.903293908,0,12.1567574,-3.86421251,15.4490662,12.1521139,-5.54270792,360,2.4677124,1,0,2,2,0
954,2863,2,8327376,0,5,0,0,255,0,0,1,0,0,47750,50,2.5,0,0,6,4298.39111,1.20661235,0,12.096467,-3.46611619,23.6430054,12.4416113,-8.42748642,358.114014,0,1,0,14,14,0
954,2864,3,8327452,0,0,39,0,255,0,0,1,0,0,47750,50,2.5,0,0,6,4335.20654,2.01560831,0,12.2550421,-5.20617819,24.5408325,12.3651409,-6.21000767,357.54776,0,1,0,2,2,0
955,2865,1,8327300,0,34,0,0,255,0,0,0,0,0,47800,50,2.5,0,0,6,4356.58105,1.03698766,0,12.1599894,-3.69061279,15.6875,12.1418419,-5.34130335,360,2.63525391,1,0,2,2,0
955,2866,2,8327376,0,0,29,0,255,0,0,1,0,0,47800,50,2.5,0,0,6,4304.94287,1.2197876,0,12.103219,-3.57885599,22.7741699,12.4339161,-8.22838688,357.977417,0,1,0,13,13,0
955,2867,3,8327452,0,0,39,0,255,0,0,1,0,0,47800,50,2.5,0,0,6,4340.60254,2.14108944,0,12.1962242,-4.6578126,23.7087708,12.3553753,-6.00933599,357.462219,0,1,0,3,3,0
956,2868,1,8327300,0,37,0,0,255,0,0,0,0,0,47850,50,2.5,0,0,6,4362.41699,1.18176937,0,12.1653938,-3.48978949,15.8853149,12.1323519,-5.13959169,360,2.82952881,1,0,2,2,0
956,2869,2,8327376,0,0,28,0,255,0,0,1,0,0,47850,50,2.5,0,0,6,4310.8999,1.22754848,0,12.1112795,-3.70058799,24.2562561,12.4262266,-8.02901077,358.16098,0,1,0,12,12,0
956,2870,3,8327452,0,0,37,0,255,0,0,1,0,0,47850,50,2.5,0,0,6,4345.86572,2.28527451,0,12.1755495,-4.45320702,22.7090454,12.3444662,-5.80848122,357.445038,0,1,0,3,3,0
957,2871,1,8327300,0,39,0,0,255,0,0,0,0,0,47900,50,2.5,0,0,6,4367.35107,1.33936465,0,12.1722012,-3.30211329,16.0007935,12.1237249,-4.93761396,360,3.02789307,1,0,2,2,0
957,2872,2,8327376,0,0,24,0,255,0,0,1,0,0,47900,50,2.5,0,0,6,4316.66113,1.22462201,0,12.0969639,-3.47483754,23.4930725,12.4183388,-7.82937574,358.369049,0,1,0,12,12,0
957,2873,3,8327452,0,0,36,0,255,0,0,1,0,0,47900,50,2.5,0,0,6,4350.94678,2.41212249,0,12.1549492,-4.23716927,22.5147705,12.3323851,-5.60745907,357.523743,0,1,0,3,3,0
958,2874,1,8327300,0,42,0,0,255,0,0,0,0,0,47950,50,2.5,0,0,6,4372.08643,1.52049649,0,12.1807976,-3.11570597,16.0447693,12.1160431,-4.73538065,360,3.24859619,1,0,2,2,0
958,2875,2,8327376,0,0,22,0,255,0,0,1,0,0,47950,50,2.5,0,0,6,4322.26514,1.28029025,0,12.1048174,-3.60394478,22.8336182,12.4101114,-7.62949562,358.482147,0,1,0,11,11,0
958,2876,3,8327452,0,0,33,0,255,0,0,1,0,0,47950,50,2.5,0,0,6,4356.30029,2.48729777,0,12.1367865,-4.03134823,22.4957886,12.3191156,-5.40626431,357.689789,0,1,0,3,3,0
959,2877,1,8327300,0,45,0,0,255,0,0,0,0,0,48000,50,2.5,0,0,6,4376.61035,1.71785319,0,12.1904087,-2.9450841,16.0252686,12.1093884,-4.53290319,360,3.48022461,1,0,2,2,0
959,2878,2,8327376,0,0,21,0,255,0,0,1,0,0,48000,50,2.5,0,0,6,4327.5083,1.3700608,0,12.1138277,-3.73684549,23.0913086,12.4014549,-7.42939138,358.575195,0,1,0,10,10,0
959,2879,3,8327452,0,0,18,0,255,0,0,1,0,0,48000,50,2.5,0,0,6,4361.56543,2.52047825,0,12.0969667,-3.47488785,22.3716431,12.3046579,-5.20490742,358.7117,0,1,0,4,4,0
960,2880,1,8327300,0,49,0,0,255,0,0,0,0,0,48050,50,2.5,0,0,6,4380.51709,1.94032359,0,12.2038488,-2.74698257,15.9292603,12.1038418,-4.33021355,360,3.74505615,1,0,2,2,0
960,2881,2,8327376,0,0,20,0,255,0,0,1,0,0,48050,50,2.5,0,0,6,4332.56787,1.45271575,0,12.1234713,-3.86670876,23.1365356,12.3923063,-7.22907543,358.658447,0,1,0,9,9,0
960,2882,3,8327452,0,0,0,0,255,0,0,1,0,0,48050,50,2.5,0,0,6,4366.18115,2.49570775,0,12.0867844,-3.27678108,22.1574707,12.289073,-5.00342083,359.046539,0,1,0,4,4,0
961,2883,1,8327300,0,52,0,0,255,0,0,0,0,0,48100,50,2.5,0,0,6,4384.46729,2.19819379,0,12.2174778,-2.57738256,15.7819214,12.0994987,-4.12731409,360,4.01687622,1,0,2,2,0
961,2884,2,8327376,0,0,18,0,255,0,0,1,0,0,48100,50,2.5,0,0,6,4337.45215,1.52207351,0,12.1071682,-3.63993478,22.9626465,12.3826237,-7.02855921,358.773529,0,1,0,9,9,0
961,2885,3,8327452,0,0,0,0,255,0,0,1,0,0,48100,50,2.5,0,0,6,4370.78662,2.24304891,0,12.0787287,-3.06803608,21.8362427,12.2725134,-4.80179548,359.648102,0,1,0,4,4,0
962,2886,1,8327300,0,57,0,0,255,0,0,0,0,0,48150,50,2.5,0,0,6,4387.67334,2.50149488,0,12.2358541,-2.3818841,15.5340576,12.0964527,-3.9242456,360,4.33276367,1,0,2,2,0
962,2887,2,8327376,0,0,17,0,255,0,0,1,0,0,48150,50,2.5,0,0,6,4342.17725,1.57316899,0,12.1169519,-3.7801044,22.5982666,12.3723822,-6.82785225,358.801971,0,1,0,8,8,0
962,2888,3,8327452,0,0,0,0,255,0,0,1,0,0,48150,50,2.5,0,0,6,4375.34424,2.23056531,0,12.0735579,-2.85198522,21.9745483,12.254961,-4.6000433,360,0.378570557,1,0,4,4,0
963,2889,1,8327300,0,61,0,0,255,0,0,0,0,0,48200,50,2.5,0,0,6,4391.17529,2.84566116,0,12.2541533,-2.21353984,15.2521973,12.0948105,-3.72100163,360,4.66021729,1,0,2,2,0
963,2890,2,8327376,0,0,17,0,255,0,0,1,0,0,48200,50,2.5,0,0,6,4346.93555,1.59998775,0,12.1273193,-3.91578984,22.0267334,12.3615713,-6.62695503,358.816772,0,1,0,7,7,0
963,2891,3,8327452,0,16,0,0,255,0,0,1,0,0,48200,50,2.5,0,0,6,4379.33887,2.25010347,0,12.0718899,-2.64595151,21.5295105,12.2364178,-4.39819431,360,1.19842529,1,0,4,4,0
964,2892,1,8327300,0,68,0,0,255,0,0,0,0,0,48250,50,2.5,0,0,6,4394.62061,3.25388265,0,12.3379898,-1.57904911,14.8746948,12.0946808,-3.51759529,360,5.20031738,1,0,3,3,0
964,2893,2,8327376,0,0,19,0,255,0,0,1,0,0,48250,50,2.5,0,0,6,4351.64209,1.60744119,0,12.1384993,-4.05155802,25.2276001,12.3501883,-6.4258709,358.822418,0,1,0,6,6,0
964,2894,3,8327452,0,0,0,0,255,0,0,1,0,0,48250,50,2.5,0,0,6,4383.75293,2.22213936,0,12.0727501,-2.79346156,20.9859619,12.2169409,-4.19622803,360,0.541259766,1,0,3,3,0
965,2895,1,8327300,0,71,0,0,255,0,0,0,0,0,48300,50,2.5,0,0,6,4397.63477,3.73054671,0,12.365674,-1.4005127,14.3951416,12.0961809,-3.31405902,360,5.41653442,1,0,3,3,0
965,2896,2,8327376,0,0,18,0,255,0,0,1,0,0,48300,50,2.5,0,0,6,4356.18945,1.61281288,0,12.1495314,-4.17757988,24.5535889,12.3382225,-6.22460985,358.832153,0,1,0,5,5,0
965,2897,3,8327452,0,20,0,0,255,0,0,1,0,0,48300,50,2.5,0,0,6,4387.49609,1.62340736,0,12.0720444,-2.58525181,20.3447266,12.1967764,-3.99414515,360,1.56344604,1,0,3,3,0
966,2898,1,8327300,0,74,0,0,255,0,0,0,0,0,48350,50,2.5,0,0,6,4400.8916,4.34384346,0,12.3922358,-1.2395345,13.8812561,12.0994444,-3.11039853,360,5.62060547,1,0,3,3,0
966,2899,2,8327376,0,0,18,0,255,0,0,1,0,0,48350,50,2.5,0,0,6,4361.41406,1.63085616,0,12.1631279,-4.32474232,23.7637024,12.3256598,-6.02314329,358.803833,0,1,0,4,4,0
966,2900,3,8327452,0,30,0,0,255,0,0,1,0,0,48350,50,2.5,0,0,6,4391.65283,1.43545663,0,12.074707,-2.38697362,19.6443481,12.1759825,-3.79193354,360,2.30938721,1,0,3,3,0
967,2901,1,8327300,0,77,0,0,255,0,0,0,0,0,48400,50,2.5,0,0,6,4403.7832,5.01517344,0,12.4221077,-1.06870091,13.2439575,12.1045904,-2.90664911,360,5.82528687,1,0,3,3,0
967,2902,2,8327376,0,0,18,0,255,0,0,1,0,0,48400,50,2.5,0,0,6,4366.54736,1.64451039,0,12.1756783,-4.45452404,22.7155151,12.3124943,-5.82147694,358.726044,0,1,0,3,3,0
967,2903,3,8327452,0,41,0,0,255,0,0,1,0,0,48400,50,2.5,0,0,6,4395.9873,1.09626305,0,12.081254,-2.17867422,18.8153076,12.1548691,-3.58954763,360,3.16040039,1,0,3,3,0
968,2904,1,8327300,0,81,0,0,255,0,0,0,0,0,48450,50,2.5,0,0,6,4406.43457,5.716681,0,12.5353022,-0.495035321,12.5322876,12.1117296,-2.70284343,360,6.15408325,1,0,4,4,0
968,2905,2,8327376,0,0,21,0,255,0,0,1,0,0,48450,50,2.5,0,0,6,4371.52197,1.65295255,0,12.1895123,-4.59243631,22.5122681,12.2987213,-5.6196208,358.544312,0,1,0,2,2,0
968,2906,3,8327452,0,54,0,0,255,0,0,1,0,0,48450,50,2.5,0,0,6,4400.31494,0.787635922,0,12.0923204,-1.96347094,17.8616638,12.1337528,-3.38695741,360,4.09008789,1,0,3,3,0
969,2907,1,8327300,0,82,0,0,255,0,0,0,0,0,48500,50,2.5,0,0,6,4408.68066,6.45552588,0,12.5713205,-0.331079662,11.6964722,12.1209726,-2.49902463,360,6.26083374,1,0,4,4,0
969,2908,2,8327376,0,0,23,0,255,0,0,1,0,0,48500,50,2.5,0,0,6,4376.77344,1.66056812,0,12.1690083,-4.38617134,22.4970398,12.2843246,-5.41756439,358.433197,0,1,0,2,2,0
969,2909,3,8327452,0,48,0,0,255,0,0,1,0,0,48500,50,2.5,0,0,6,4404.85791,0.72205466,0,12.0841036,-2.11406398,16.8448486,12.1129646,-3.18412161,360,3.69940186,1,0,2,2,0
970,2910,1,8327300,0,84,0,0,255,0,0,0,0,0,48550,50,2.5,0,0,6,4410.6001,7.26423073,0,12.6090994,-0.166508511,10.7584229,12.1324244,-2.29523683,360,6.36987305,1,0,4,4,0
970,2911,2,8327376,0,0,23,0,255,0,0,1,0,0,48550,50,2.5,0,0,6,4381.90527,1.6894331,0,12.150423,-4.18748713,22.3813477,12.2692766,-5.21531773,358.435242,0,1,0,2,2,0
970,2912,3,8327452,0,65,0,0,255,0,0,1,0,0,48550,50,2.5,0,0,6,4409.24951,0.935990691,0,12.0958967,-1.90826106,15.7446289,12.0927792,-2.98102355,360,4.95492554,1,0,2,2,0
971,2913,1,8327300,0,85,0,0,255,0,0,0,0,0,48600,50,2.5,0,0,6,4411.87402,8.05869865,0,12.6504631,0.0061647594,10.0487366,12.1461792,-2.09153914,360,6.46722412,1,0,4,4,0
971,2914,2,8327376,0,0,20,0,255,0,0,1,0,0,48600,50,2.5,0,0,6,4386.24072,1.73868799,0,12.1327028,-3.98234558,22.1644897,12.2535505,-5.01292181,358.562317,0,1,0,2,2,0
971,2915,3,8327452,0,69,0,0,255,0,0,1,0,0,48600,50,2.5,0,0,6,4413.42969,1.28068161,0,12.0867357,-2.06118202,14.5523376,12.0734549,-2.77765083,360,5.23373413,1,0,1,1,0
972,2916,1,8327300,0,87,0,0,255,0,0,0,0,0,48650,50,2.5,0,0,6,4412.41406,8.84230518,0,12.78932,0.541020155,9.44256592,12.1623154,-1.88799858,360,6.615448,1,0,5,5,0
972,2917,2,8327376,0,0,0,0,255,0,0,1,0,0,48650,50,2.5,0,0,6,4390.44971,1.78720605,0,12.0938129,-3.41816139,21.8302002,12.2371349,-4.81038618,359.563263,0,1,0,3,3,0
972,2918,3,8327452,0,93,0,0,255,0,0,1,0,0,48650,50,2.5,0,0,6,4417.2793,1.88772511,0,12.0996113,-1.8554374,13.2628174,12.0552568,-2.5740025,360,7.04931641,1,0,1,1,0
973,2919,1,8327300,0,87,0,0,255,0,0,0,0,0,48700,50,2.5,0,0,6,4412.65625,9.60503674,0,12.8375568,0.714285791,8.82403564,12.1809111,-1.6846633,360,6.62234497,1,0,5,5,0
973,2920,2,8327376,0,0,0,0,255,0,0,1,0,0,48700,50,2.5,0,0,6,4394.67871,1.80226731,0,12.0839252,-3.21068263,21.9830627,12.2200994,-4.60770607,360,0.0837402344,1,0,3,3,0
973,2921,3,8327452,0,118,0,0,255,0,0,1,0,0,48700,50,2.5,0,0,6,4420.38477,2.67976928,0,12.1579952,-1.29232931,13.0470276,12.0384779,-2.37009525,360,8.962677,1,0,2,2,0
974,2922,1,8327300,0,98,0,0,255,0,0,0,0,0,48750,50,2.5,0,0,6,4412.27197,10.3612051,0,13.9587889,4.27953053,8.19528198,12.202035,-1.48159993,360,7.44284058,1,0,14,14,0
974,2923,2,8327376,0,0,0,0,255,0,0,1,0,0,48750,50,2.5,0,0,6,4398.35254,1.86241663,0,12.0768366,-3.00359583,21.5369263,12.2024183,-4.40491104,360,0.726409912,1,0,3,3,0
974,2924,3,8327452,0,135,0,0,255,0,0,1,0,0,48750,50,2.5,0,0,6,4422.56006,4.0206356,0,12.1869678,-1.09621751,11.7280884,12.0234833,-2.16596103,360,10.2027283,1,0,2,2,0
975,2925,1,8327300,0,85,0,0,255,0,0,0,0,0,48800,50,2.5,0,0,6,4410.92139,11.0574942,0,13.0447264,1.41011751,7.52319336,12.2257481,-1.27888918,360,6.48858643,1,0,6,6,0
975,2926,2,8327376,0,20,0,0,255,0,0,1,0,0,48800,50,2.5,0,0,6,4402.37451,1.90093839,0,12.0728741,-2.80392861,21.0160522,12.1840754,-4.20198822,360,1.48318481,1,0,3,3,0
975,2927,3,8327452,0,154,0,0,255,0,0,1,0,0,48800,50,2.5,0,0,6,4423.02832,6.27933741,0,12.3000174,-0.524774373,10.2221985,12.0106707,-1.96167791,360,11.6145325,1,0,3,3,0
976,2928,1,8327300,0,86,0,0,255,0,0,0,0,0,48850,50,2.5,0,0,6,4409.74512,12.1294174,0,13.6971321,3.42671275,6.85040283,12.2521305,-1.0765779,360,6.52874756,1,0,11,11,0
976,2929,2,8327376,0,0,0,0,255,0,0,1,0,0,48850,50,2.5,0,0,6,4405.80322,1.91264796,0,12.075511,-2.95103431,20.3799744,12.1651487,-3.99896026,360,0.951019287,1,0,2,2,0
976,2930,3,8327452,0,166,0,0,255,0,0,1,0,0,48850,50,2.5,0,0,6,4422.17773,9.47655296,0,12.3514366,-0.321877033,8.69021606,12.000432,-1.75731623,360,12.5048218,1,0,3,3,0
977,2931,1,8327300,0,81,0,0,255,0,0,0,0,0,48900,50,2.5,0,0,6,4407.64062,12.7083769,0,13.5117826,2.85259533,6.05230713,12.2811966,-0.874735951,360,6.18835449,1,0,9,9,0
977,2932,2,8327376,0,26,0,0,255,0,0,1,0,0,48900,50,2.5,0,0,6,4409.0874,1.59953523,0,12.0722017,-2.73466825,19.6124573,12.1458197,-3.79581213,360,2.01452637,1,0,2,2,0
977,2933,3,8327452,0,177,0,0,255,0,0,1,0,0,48900,50,2.5,0,0,6,4419.95752,13.7969532,0,12.4083681,-0.119443424,7.07971191,11.9931421,-1.55296659,360,13.3362122,1,0,3,3,0
978,2934,1,8327300,0,77,0,0,255,0,0,0,0,0,48950,50,2.5,0,0,6,4405.56445,13.0538254,0,13.5709515,3.03423142,5.26235962,12.3129625,-0.673403084,360,5.88619995,1,0,9,9,0
978,2935,2,8327376,0,37,0,0,255,0,0,1,0,0,48950,50,2.5,0,0,6,4412.99658,1.50585592,0,12.0724506,-2.52984762,18.7918701,12.1261644,-3.59251428,360,2.84204102,1,0,2,2,0
978,2936,3,8327452,0,187,0,0,255,0,0,1,0,0,48950,50,2.5,0,0,6,4415.43457,19.1172485,0,12.5908298,0.436756492,5.48544312,11.9891243,-1.34877622,360,14.1164856,1,0,4,4,0
979,2937,1,8327300,0,75,0,0,255,0,0,0,0,0,49000,50,2.5,0,0,6,4403.53076,13.1524506,0,13.5045795,2.83055496,4.48382568,12.3474188,-0.47260958,360,5.71548462,1,0,8,8,0
979,2938,2,8327376,0,49,0,0,255,0,0,1,0,0,49000,50,2.5,0,0,6,4416.81348,1.35094821,0,12.0761299,-2.3290894,17.8995667,12.1064768,-3.38903904,360,3.74362183,1,0,2,2,0
979,2939,3,8327452,0,193,0,0,255,0,0,1,0,0,49000,50,2.5,0,0,6,4409.12354,25.4145432,0,12.8097963,1.00275922,3.76342773,11.9886742,-1.1448828,360,14.6322021,1,0,5,5,0
980,2940,1,8327300,0,71,0,0,255,0,0,0,0,0,49050,50,2.5,0,0,6,4401.62061,12.9833851,0,13.5687523,3.027457,4.19763184,12.3845406,-0.272379756,360,5.43481445,1,0,8,8,0
980,2941,2,8327376,0,50,0,0,255,0,0,1,0,0,49050,50,2.5,0,0,6,4420.84033,1.27392769,0,12.0731688,-2.47088909,16.8448486,12.0870638,-3.1853497,360,3.8036499,1,0,1,1,0
980,2942,3,8327452,0,217,0,0,255,0,0,1,0,0,49050,50,2.5,0,0,6,4400.92676,32.6500092,0,14.6999073,4.9781661,1.97290039,11.9920425,-0.941444278,360,16.4475403,1,0,15,15,0
981,2943,1,8327300,0,68,0,0,255,0,0,0,0,0,49100,50,2.5,0,0,6,4400.25928,12.6786661,0,13.6273537,3.20863819,3.5128479,12.4242897,-0.0727170408,360,5.1506958,1,0,8,8,0
981,2944,2,8327376,0,69,0,0,255,0,0,1,0,0,49100,50,2.5,0,0,6,4424.71777,1.43371773,0,12.0780325,-2.26578784,15.7446289,12.0682077,-2.98142982,360,5.22906494,1,0,1,1,0
981,2945,3,8327452,0,189,0,0,255,0,0,1,0,0,49100,50,2.5,0,0,6,4389.91602,40.5996475,0,13.1464977,1.76875532,0.134643555,11.9994097,-0.738656521,360,14.3779297,1,0,6,6,0
982,2946,1,8327300,0,63,0,0,255,0,0,0,0,0,49150,50,2.5,0,0,6,4398.72461,12.2359571,0,13.6904278,3.4056344,2.76586914,12.4666042,0.126349062,360,4.83255005,1,0,8,8,0
982,2947,2,8327376,0,94,0,0,255,0,0,1,0,0,49150,50,2.5,0,0,6,4428.37939,1.77097201,0,12.1119633,-1.70301318,14.5523376,12.0501976,-2.77726698,360,7.07809448,1,0,2,2,0
982,2948,3,8327452,0,185,0,0,255,0,0,1,0,0,49150,50,2.5,0,0,6,4378.65723,50.8404198,0,13.6057901,2.72155094,1.9720459,12.0110426,-0.536676288,360,14.0698547,1,0,8,8,0
983,2949,1,8327300,0,24,0,0,255,0,0,0,0,0,49200,50,2.5,0,0,6,4397.39062,11.6957846,0,14.6403332,6.84371471,1.99908447,12.5114374,0.324804425,360,1.85134888,1,0,15,15,0
983,2950,2,8327376,0,108,0,0,255,0,0,1,0,0,49200,50,2.5,0,0,6,4431.3833,2.43126178,0,12.1318541,-1.50419998,13.3116455,12.0333939,-2.57286882,360,8.15887451,1,0,2,2,0
983,2951,3,8327452,0,174,0,0,255,0,0,1,0,0,49200,50,2.5,0,0,6,4365.40918,59.1258583,0,14.0744371,3.66276979,3.78887939,12.0270596,-0.33565706,360,13.3384094,1,0,10,10,0
984,2952,1,8327300,0,22,0,0,255,0,0,0,0,0,49250,50,2.5,0,0,6,4396.8916,10.9853411,0,14.7213678,7.12798548,1.22613525,12.55865,0.522679985,360,1.66622925,1,0,15,15,0
984,2953,2,8327376,0,123,0,0,255,0,0,1,0,0,49250,50,2.5,0,0,6,4433.69971,3.71975732,0,12.1572533,-1.29780602,13.0818176,12.0181885,-2.36825156,360,9.27139282,1,0,2,2,0
984,2954,3,8327452,0,164,0,0,255,0,0,1,0,0,49250,50,2.5,0,0,6,4351.16992,65.9468307,0,14.1739559,3.86441803,3.91088867,12.0475607,-0.135756433,360,12.5565186,1,0,10,10,0
985,2955,1,8327300,0,38,0,0,255,0,0,0,0,0,49300,50,2.5,0,0,6,4396.37695,9.03556538,0,14.2517262,5.34107971,0.438598633,12.6079683,0.72004354,360,2.9078064,2,0,15,11,1
985,2956,2,8327376,0,140,0,0,255,0,0,1,0,0,49300,50,2.5,0,0,6,4435.12061,5.64161682,0,12.2552137,-0.724796653,11.6514587,12.0049658,-2.16344929,360,10.5675964,1,0,3,3,0
985,2957,3,8327452,0,153,0,0,255,0,0,1,0,0,49300,50,2.5,0,0,6,4336.66553,71.261322,0,14.2676678,4.05601883,5.54550171,12.0726252,0.0629091412,360,11.7950134,1,0,10,10,0
986,2958,1,8327300,0,47,0,0,255,0,0,0,0,0,49350,50,2.5,0,0,6,4396.37744,6.95256424,0,14.0724735,4.67470932,0.59777832,12.6591902,0.916945696,360,3.57504272,3,0,15,9,1
986,2959,2,8327376,0,151,0,0,255,0,0,1,0,0,49350,50,2.5,0,0,6,4434.70654,8.27004433,0,12.2987051,-0.530277848,10.2622986,11.9941044,-1.95855117,360,11.4059753,1,0,3,3,0
986,2960,3,8327452,0,143,0,0,255,0,0,1,0,0,49350,50,2.5,0,0,6,4321.95557,74.7749176,0,14.3596277,4.24618006,7.0975647,12.1022978,0.260219902,360,11.0606689,1,0,10,10,0
987,2961,1,8327300,0,0,0,0,255,0,0,0,0,0,49400,50,2.5,0,0,6,4396.62402,5.8061204,0,14.9901037,8.03412437,0.0232543945,12.712224,1.11338949,360,0.733459473,1,0,15,15,0
987,2962,2,8327376,0,163,0,0,255,0,0,1,0,0,49400,50,2.5,0,0,6,4433.14062,11.8052025,0,12.3499613,-0.32739383,8.73400879,11.9859676,-1.7536304,360,12.2465515,1,0,3,3,0
987,2963,3,8327452,0,139,0,0,255,0,0,1,0,0,49400,50,2.5,0,0,6,4307.32422,76.4654541,0,14.2648973,4.05032587,8.56771851,12.1365805,0.456074655,360,10.8034058,1,0,9,9,0
988,2964,1,8327300,0,13,0,0,255,0,0,0,0,0,49450,50,2.5,0,0,6,4397.50293,5.34129095,0,14.4438801,6.11496782,0.643188477,12.7669048,1.30941963,360,1.01022339,2,0,15,11,1
988,2965,2,8327376,0,175,0,0,255,0,0,1,0,0,49450,50,2.5,0,0,6,4430.18115,16.1260452,0,12.5249147,0.248013452,7.0524292,11.9808874,-1.54878259,360,13.2207642,1,0,4,4,0
988,2966,3,8327452,0,130,0,0,255,0,0,1,0,0,49450,50,2.5,0,0,6,4292.44238,76.5254593,0,14.3553467,4.23727131,9.97543335,12.1754446,0.650367022,360,10.1333923,1,0,9,9,0
989,2967,1,8327300,0,26,0,0,255,0,0,0,0,0,49500,50,2.5,0,0,6,4398.18408,6.31636524,0,14.2682734,5.40578794,1.28253174,12.8234119,1.50495255,360,1.97332764,3,0,15,9,1
989,2968,2,8327376,0,181,0,0,255,0,0,1,0,0,49500,50,2.5,0,0,6,4424.97412,21.2889957,0,12.5918322,0.439541996,5.4624939,11.9791536,-1.34415865,360,13.6620178,1,0,4,4,0
989,2969,3,8327452,0,121,0,0,255,0,0,1,0,0,49500,50,2.5,0,0,6,4278.65625,75.6314163,0,14.4396133,4.41373205,11.2553711,12.2188873,0.843028307,360,9.48245239,1,0,9,9,0
990,2970,1,8327300,0,41,0,0,255,0,0,0,0,0,49550,50,2.5,0,0,6,4398.63281,5.21866369,0,14.0875778,4.72865772,1.86749268,12.8815184,1.7000587,360,3.11413574,4,0,15,7,1
990,2971,2,8327376,0,187,0,0,255,0,0,1,0,0,49550,50,2.5,0,0,6,4418.21484,27.4496784,0,12.8116646,1.00729156,3.72207642,11.981041,-1.13989353,360,14.1256714,1,0,5,5,0
990,2972,3,8327452,0,113,0,0,255,0,0,1,0,0,49550,50,2.5,0,0,6,4265.51611,73.5795975,0,14.5264034,4.59828997,12.5450439,12.2668476,1.0339905,360,8.8210144,1,0,9,9,0
991,2973,1,8327300,0,33,0,0,255,0,0,0,0,0,49600,50,2.5,0,0,6,4399.46582,4.16445017,0,14.1524191,4.96459389,2.46881104,12.9411211,1.89476383,360,2.54223633,4,0,15,7,1
991,2974,2,8327376,0,209,0,0,255,0,0,1,0,0,49600,50,2.5,0,0,6,4409.64062,34.2421074,0,14.7018805,4.98258591,1.93438721,11.9867735,-0.936142087,360,15.8340759,1,0,15,15,0
991,2975,3,8327452,0,104,0,0,255,0,0,1,0,0,49600,50,2.5,0,0,6,4253.10742,70.4193878,0,14.6099625,4.77920055,13.7606812,12.3192625,1.22319543,360,8.15844727,1,0,9,9,0
992,2976,1,8327300,0,26,0,0,255,0,0,0,0,0,49650,50,2.5,0,0,6,4400.55811,3.83115983,0,14.217453,5.20891428,1.70028687,13.0021734,2.08907318,360,1.97637939,4,0,15,7,1
992,2977,2,8327376,0,192,0,0,255,0,0,1,0,0,49650,50,2.5,0,0,6,4398.51465,41.5899696,0,14.4408569,4.41635466,0.0924682617,11.9965134,-0.733091831,360,14.5888367,1,0,13,13,0
992,2978,3,8327452,0,95,0,0,255,0,0,1,0,0,49650,50,2.5,0,0,6,4241.92188,66.310051,0,14.6974106,4.9725771,15.0135498,12.37605,1.41061234,360,7.46917725,1,0,9,9,0
993,2979,1,8327300,0,0,0,0,255,0,0,0,0,0,49700,50,2.5,0,0,6,4401.69824,3.53571916,0,14.5342817,6.45900726,2.10098267,13.0645914,2.28300714,359.834473,0,3,0,15,9,1
993,2980,2,8327376,0,177,0,0,255,0,0,1,0,0,49700,50,2.5,0,0,6,4386.79492,50.971199,0,13.6072063,2.72441173,2.00335693,12.0104904,-0.530905068,360,13.4903259,1,0,8,8,0
993,2981,3,8327452,0,86,0,0,255,0,0,1,0,0,49700,50,2.5,0,0,6,4232.08496,61.4146614,0,14.7773743,5.15368843,16.1440125,12.4371042,1.59623075,360,6.80828857,1,0,9,9,0
994,2982,1,8327300,0,19,0,0,255,0,0,0,0,0,49750,50,2.5,0,0,6,4402.96631,3.10583735,0,14.224761,5.23689127,2.49057007,13.1282177,2.47661304,360,1.51055908,4,0,14,6,1
994,2983,2,8327376,0,168,0,0,255,0,0,1,0,0,49750,50,2.5,0,0,6,4373.81543,59.3437309,0,14.0816078,3.67724824,3.92520142,12.0288582,-0.329731971,360,12.7982178,1,0,10,10,0
994,2984,3,8327452,0,78,0,0,255,0,0,1,0,0,49750,50,2.5,0,0,6,4223.74316,55.897007,0,14.8548346,5.333745,17.22995,12.5022955,1.78006172,360,6.152771,1,0,9,9,0
995,2985,1,8327300,0,49,0,0,255,0,0,0,0,0,49800,50,2.5,0,0,6,4404.19043,3.65417624,0,14.0437832,4.57321739,2.8678894,13.1932487,2.66980362,360,3.74060059,5,0,14,4,1
995,2986,2,8327376,0,157,0,0,255,0,0,1,0,0,49800,50,2.5,0,0,6,4359.53271,65.4849014,0,14.1725292,3.86151552,3.8862915,12.0516958,-0.12972343,360,12.0532227,1,0,10,10,0
995,2987,3,8327452,0,69,0,0,255,0,0,1,0,0,49800,50,2.5,0,0,6,4216.97705,49.9770851,0,14.9314032,5.51698351,18.3027954,12.5714664,1.96213913,360,5.48217773,1,0,9,9,0
996,2988,1,8327300,0,64,0,0,255,0,0,0,0,0,49850,50,2.5,0,0,6,4405.08154,3.24278855,0,13.9847908,4.3683238,3.24661255,13.2596073,2.86259723,360,4.91159058,5,0,13,3,1
996,2989,2,8327376,0,147,0,0,255,0,0,1,0,0,49850,50,2.5,0,0,6,4345.24072,69.9200058,0,14.2674913,4.05565548,5.54278564,12.0790768,0.0690113902,360,11.3335266,1,0,10,10,0
996,2990,3,8327452,0,60,0,0,255,0,0,1,0,0,49850,50,2.5,0,0,6,4211.89355,43.9487953,0,15.0046158,5.69795418,19.3296509,12.6444407,2.14251661,360,4.8215332,1,0,9,9,0
997,2991,1,8327300,0,49,0,0,255,0,0,0,0,0,49900,50,2.5,0,0,6,4406.01562,3.20616078,0,14.0482101,4.58879375,2.0289917,13.3273716,3.05494571,360,3.75558472,5,0,13,3,1
997,2992,2,8327376,0,143,0,0,255,0,0,1,0,0,49900,50,2.5,0,0,6,4330.81299,72.5526962,0,14.1735039,3.86349559,7.0980835,12.1110315,0.266361773,360,10.9949036,1,0,9,9,0
997,2993,3,8327452,0,45,0,0,255,0,0,1,0,0,49900,50,2.5,0,0,6,4208.46973,37.9545059,0,15.8154573,8.28124428,20.2650757,12.7210178,2.32127023,358.110016,0,1,0,15,15,0
998,2994,1,8327300,0,36,0,0,255,0,0,0,0,0,49950,50,2.5,0,0,6,4406.97266,3.74021983,0,14.7850447,7.34697199,2.22177124,13.3966227,3.24680257,356.823669,0,2,0,12,8,1
998,2995,2,8327376,0,134,0,0,255,0,0,1,0,0,49950,50,2.5,0,0,6,4316.40137,73.4852829,0,14.264986,4.0505085,8.56628418,12.1475315,0.462235808,360,10.3461609,1,0,9,9,0
998,2996,3,8327452,0,15,0,0,255,0,0,1,0,0,49950,50,2.5,0,0,6,4206.80273,32.1329079,0,15.4006443,6.83870792,21.2410278,12.8009758,2.49849844,360,1.16229248,2,0,15,11,1
999,2997,1,8327300,0,24,0,0,255,0,0,0,0,0,50000,50,2.5,0,0,6,4407.81494,3.98742223,0,14.5522013,6.52524853,2.40505981,13.4673462,3.43816066,357.134857,0,3,0,12,6,1
999,2998,2,8327376,0,125,0,0,255,0,0,1,0,0,50000,50,2.5,0,0,6,4302.16309,73.5337906,0,14.3604174,4.24782467,10.0540466,12.1885691,0.656526327,360,9.68536377,1,0,9,9,0
999,2999,3,8327452,0,11,0,0,255,0,0,1,0,0,50000,50,2.5,0,0,6,4206.9458,26.3046532,0,15.9248438,8.67978764,22.2512817,12.8840446,2.6743412,356.953491,0,1,0,15,15,0
1000,3000,1,8327300,0,0,0,0,255,0,0,0,0,0,50050,50,2.5,0,0,6,4408.67383,3.78614783,0,14.2358084,5.27939129,2.59356689,13.5394583,3.62904501,360,0.420257568,4,0,11,3,1
1000,3001,2,8327376,0,116,0,0,255,0,0,1,0,0,50050,50,2.5,0,0,6,4288.86182,72.3950043,0,14.4444637,4.42396641,11.3304138,12.2341299,0.849172473,360,9.05740356,1,0,9,9,0
1000,3002,3,8327452,0,7,0,0,255,0,0,1,0,0,50050,50,2.5,0,0,6,4208.37598,19.9053154,0,15.9737034,8.86137295,23.1175232,12.96984,2.84901786,356.540924,0,1,0,15,15,0
1001,3003,1,8327300,0,85,0,0,255,0,0,0,0,0,50100,50,2.5,0,0,6,4409.6499,3.28182745,0,14.0490885,4.59188938,2.78683472,13.6127892,3.81951785,360,6.45526123,5,0,11,1,1
1001,3004,2,8327376,0,107,0,0,255,0,0,1,0,0,50100,50,2.5,0,0,6,4276.28174,69.9486771,0,14.5348949,4.6165204,12.6698914,12.2841434,1.04011548,360,8.40463257,1,0,9,9,0
1001,3005,3,8327452,0,0,0,0,255,0,0,1,0,0,50100,50,2.5,0,0,6,4211.55127,14.320385,0,15.5662899,7.40492487,24.080719,13.0579939,3.02274013,359.71286,0,2,0,15,11,1
1002,3006,1,8327300,0,202,0,0,255,0,0,0,0,0,50150,50,2.5,0,0,6,4410.07812,3.65420365,0,13.9878445,4.37880993,3.00985718,13.6876268,4.00942516,360,15.2846985,5,1,10,0,1
1002,3007,2,8327376,0,99,0,0,255,0,0,1,0,0,50150,50,2.5,0,0,6,4264.53662,66.4888611,0,14.6207848,4.80289412,13.9165039,12.3385391,1.22930658,360,7.76333618,1,0,9,9,0
1002,3008,3,8327452,0,0,0,0,255,0,0,1,0,0,50150,50,2.5,0,0,6,4216.03516,10.1430378,0,15.3857727,6.78831291,24.9824219,13.1481524,3.19570923,360,0.761138916,3,0,15,9,1
1003,3009,1,8327300,0,151,0,0,255,0,0,0,0,0,50200,50,2.5,0,0,6,4408.02783,4.67761421,0,15.4106617,9.40516758,3.24328613,13.7643642,4.19846821,351.799744,0,1,0,9,9,0
1003,3010,2,8327376,0,91,0,0,255,0,0,1,0,0,50200,50,2.5,0,0,6,4254.0166,62.0903168,0,14.7031651,4.985466,15.095459,12.3972168,1.4167279,360,7.12252808,1,0,9,9,0
1003,3011,3,8327452,0,0,54,0,255,0,0,1,0,0,50200,50,2.5,0,0,6,4221.15137,11.2851686,0,15.6753159,7.783885,25.8699341,13.2405319,3.36774039,356.70343,0,2,0,15,11,1
1004,3012,1,8327300,0,101,0,0,255,0,0,0,0,0,50250,50,2.5,0,0,6,4406.50488,10.0883865,0,15.4946499,9.678442,1.30056763,13.8435268,4.38636494,350.139465,0,1,0,9,9,0
1004,3013,2,8327376,0,82,0,0,255,0,0,1,0,0,50250,50,2.5,0,0,6,4244.896,57.0781937,0,14.7828007,5.16614819,16.2201538,12.4600563,1.60238028,360,6.47991943,1,0,9,9,0
1004,3014,3,8327452,0,0,113,0,255,0,0,1,0,0,50250,50,2.5,0,0,6,4225.67725,13.3687782,0,16.176302,9.64448833,26.6867676,13.3351984,3.53872609,353.302795,0,1,0,15,15,0
1005,3015,1,8327300,0,50,0,0,255,0,0,0,0,0,50300,50,2.5,0,0,6,4404.3042,15.1245937,0,15.5864534,9.97842503,1.37384033,13.9253597,4.57294655,348.929199,0,1,0,9,9,0
1005,3016,2,8327376,0,74,0,0,255,0,0,1,0,0,50300,50,2.5,0,0,6,4237.30029,51.680191,0,14.8612804,5.34895754,17.3223267,12.5269184,1.78628361,360,5.83584595,1,0,9,9,0
1005,3017,3,8327452,0,0,47,0,255,0,0,1,0,0,50300,50,2.5,0,0,6,4229.31836,8.76608276,0,15.7798605,8.15364075,27.5498047,13.4311466,3.70928264,357.283722,0,2,0,15,11,1
1006,3018,1,8327300,0,0,156,0,255,0,0,0,0,0,50350,50,2.5,0,0,6,4401.76758,16.9893112,0,15.8575964,10.8790226,1.4597168,14.0098791,4.75817156,348.167267,0,1,0,10,10,0
1006,3019,2,8327376,0,65,0,0,255,0,0,1,0,0,50350,50,2.5,0,0,6,4231.24512,46.0030479,0,14.9375753,5.53200912,18.3895264,12.5976372,1.96847999,360,5.18560791,1,0,9,9,0
1006,3020,3,8327452,0,0,50,0,255,0,0,1,0,0,50350,50,2.5,0,0,6,4234.97949,3.33687592,0,15.8344679,8.3497858,28.3057251,13.5278406,3.87978458,357.17218,0,2,0,15,11,1
1007,3021,1,8327300,0,0,140,0,255,0,0,0,0,0,50400,50,2.5,0,0,6,4399.25977,15.375947,0,15.9423876,11.1674728,1.58224487,14.0961771,4.94245291,349.37851,0,1,0,10,10,0
1007,3022,2,8327376,0,58,0,0,255,0,0,1,0,0,50400,50,2.5,0,0,6,4226.81787,40.2773933,0,15.0071192,5.70425415,19.3643188,12.6720276,2.14903116,360,4.57174683,1,0,9,9,0
1007,3023,3,8327452,0,0,0,0,255,0,0,1,0,0,50400,50,2.5,0,0,6,4241.72559,1.35930562,0,15.657959,7.7231431,28.625946,13.624877,4.05046558,359.322418,0,3,0,15,9,1
1008,3024,1,8327300,0,0,145,0,255,0,0,0,0,0,50450,50,2.5,0,0,6,4397.12012,6.77435875,0,14.5738668,6.60459995,1.7171936,14.1832142,5.12640905,348.999634,0,1,0,2,2,0
1008,3025,2,8327376,0,43,0,0,255,0,0,1,0,0,50450,50,2.5,0,0,6,4223.93652,34.6366844,0,15.8208246,8.30056572,20.3667297,12.7498779,2.32802033,357.931915,0,1,0,15,15,0
1008,3026,3,8327452,0,0,131,0,255,0,0,1,0,0,50450,50,2.5,0,0,6,4248.61523,0.891719222,0,16.3684788,10.4499941,28.89151,13.7221251,4.22139788,352.857971,0,1,0,15,15,0
1009,3027,1,8327300,0,0,111,0,255,0,0,0,0,0,50500,50,2.5,0,0,6,4397.36475,1.55130351,0,16.092598,11.6902046,1.88781738,14.2700596,5.31051397,351.52417,0,1,0,10,10,0
1009,3028,2,8327376,0,29,0,0,255,0,0,1,0,0,50500,50,2.5,0,0,6,4222.74365,29.3206959,0,15.8766441,8.50290298,21.3825073,12.8309679,2.50554729,357.233246,0,1,0,15,15,0
1009,3029,3,8327452,0,0,118,0,255,0,0,1,0,0,50500,50,2.5,0,0,6,4254.61865,0.97648263,0,16.4131794,10.649724,29.1110229,13.8193846,4.39263868,353.605438,0,1,0,15,15,0
1010,3030,1,8327300,0,0,101,0,255,0,0,0,0,0,50550,50,2.5,0,0,6,4398.69336,0.969258249,0,16.1692524,11.9642344,2.10507202,14.3560419,5.49509096,352.298065,0,1,0,10,10,0
1010,3031,2,8327376,0,14,0,0,255,0,0,1,0,0,50550,50,2.5,0,0,6,4222.99268,24.0552597,0,15.9271603,8.688344,22.2912903,12.9150267,2.68174982,356.665619,0,1,0,15,15,0
1010,3032,3,8327452,0,0,95,0,255,0,0,1,0,0,50550,50,2.5,0,0,6,4260.24219,1.19620776,0,16.3599243,10.4124022,29.2868042,13.9160023,4.56454325,354.897308,0,1,0,14,14,0
1011,3033,1,8327300,0,0,92,0,255,0,0,0,0,0,50600,50,2.5,0,0,6,4399.87939,2.26184893,0,16.2395573,12.2209291,2.35040283,14.4407225,5.68031216,352.982666,0,1,0,10,10,0
1011,3034,2,8327376,0,0,56,0,255,0,0,1,0,0,50600,50,2.5,0,0,6,4224.69287,18.9301014,0,15.9825506,8.8945179,23.2759705,13.0017405,2.85679936,356.174927,0,1,0,15,15,0
1011,3035,3,8327452,0,0,88,0,255,0,0,1,0,0,50600,50,2.5,0,0,6,4265.80127,2.41690779,0,16.4052467,10.6138725,29.4298096,14.0115471,4.73732233,355.286163,0,1,0,14,14,0
1012,3036,1,8327300,0,0,84,0,255,0,0,0,0,0,50650,50,2.5,0,0,6,4400.61621,4.0140481,0,16.3025036,12.4558802,3.28808594,14.5237951,5.86627769,353.589233,0,1,0,10,10,0
1012,3037,2,8327376,0,0,55,0,255,0,0,1,0,0,50650,50,2.5,0,0,6,4227.97754,14.1943521,0,16.0316734,9.08012199,24.1407471,13.0906334,3.03096247,356.362823,0,1,0,15,15,0
1012,3038,3,8327452,0,0,83,0,255,0,0,1,0,0,50650,50,2.5,0,0,6,4270.77051,3.96190381,0,16.4515953,10.8261518,29.5387573,14.1057405,4.91108608,355.596649,0,1,0,14,14,0
1013,3039,1,8327300,0,0,77,0,255,0,0,0,0,0,50700,50,2.5,0,0,6,4400.90234,5.60686445,0,16.3708744,12.7175217,4.57614136,14.605052,6.05304098,354.125793,0,1,0,10,10,0
1013,3040,2,8327376,0,0,0,0,255,0,0,1,0,0,50700,50,2.5,0,0,6,4232.12256,8.51355553,0,15.6241274,7.60521126,25.032959,13.1810112,3.20465994,359.997803,0,2,0,15,11,1
1013,3041,3,8327452,0,0,65,0,255,0,0,1,0,0,50700,50,2.5,0,0,6,4275.18555,5.3482585,0,16.4025669,10.6017904,29.5957336,14.1983824,5.0858984,356.538422,0,1,0,13,13,0
1014,3042,1,8327300,0,0,71,0,255,0,0,0,0,0,50750,50,2.5,0,0,6,4400.83301,6.82069445,0,16.4314632,12.9559917,5.7532959,14.6843605,6.24062347,354.604065,0,1,0,10,10,0
1014,3043,2,8327376,0,0,27,0,255,0,0,1,0,0,50750,50,2.5,0,0,6,4237.80908,4.35642958,0,15.4466343,6.99499464,25.9747925,13.2725029,3.37811732,360,1.06884766,3,0,15,9,1
1014,3044,3,8327452,0,0,63,0,255,0,0,1,0,0,50750,50,2.5,0,0,6,4279.29883,6.48544693,0,16.4447765,10.7944803,29.6140137,14.2893553,5.26178455,356.662018,0,1,0,13,13,0
1015,3045,1,8327300,0,0,65,0,255,0,0,0,0,0,50800,50,2.5,0,0,6,4400.52881,7.61328793,0,16.4887924,13.1884279,3.29544067,14.7616434,6.4290266,355.03241,0,1,0,10,10,0
1015,3046,2,8327376,0,0,84,0,255,0,0,1,0,0,50800,50,2.5,0,0,6,4244.22168,4.84524107,0,16.1828785,9.67088699,26.8019409,13.3653803,3.55114794,355.037445,0,1,0,15,15,0
1015,3047,3,8327452,0,0,48,0,255,0,0,1,0,0,50800,50,2.5,0,0,6,4283.00635,6.93601227,0,16.3964005,10.5740948,29.5975037,14.3786211,5.4387331,357.429535,0,1,0,12,12,0
1016,3048,1,8327300,0,0,60,0,255,0,0,0,0,0,50850,50,2.5,0,0,6,4400.11572,8.0263958,0,16.5393543,13.3999023,4.12612915,14.8368664,6.61823702,355.41217,0,1,0,10,10,0
1016,3049,2,8327376,0,0,81,0,255,0,0,1,0,0,50850,50,2.5,0,0,6,4249.86816,3.78223419,0,16.2313995,9.86792088,27.664917,13.4589882,3.7241087,355.405853,0,1,0,15,15,0
1016,3050,3,8327452,0,0,49,0,255,0,0,1,0,0,50850,50,2.5,0,0,6,4286.69531,7.07221794,0,16.4416523,10.7800245,29.5314331,14.4661808,5.61671877,357.373901,0,1,0,12,12,0
1017,3051,1,8327300,0,0,56,0,255,0,0,0,0,0,50900,50,2.5,0,0,6,4399.68457,8.10406017,0,16.5913162,13.6247616,5.01919556,14.9100294,6.80823088,355.748016,0,1,0,10,10,0
1017,3052,2,8327376,0,0,77,0,255,0,0,1,0,0,50900,50,2.5,0,0,6,4255.8042,2.03561425,0,16.2822247,10.0790014,28.3673401,13.5527458,3.89732385,355.715454,0,1,0,15,15,0
1017,3053,3,8327452,0,0,55,0,255,0,0,1,0,0,50900,50,2.5,0,0,6,4290.22705,6.73388577,0,16.4875069,10.9955835,32.0296326,14.552084,5.79569721,357.320557,0,1,0,12,12,0
1018,3054,1,8327300,0,0,51,0,255,0,0,0,0,0,50950,50,2.5,0,0,6,4399.31152,7.9296627,0,16.4974976,13.224369,5.88342285,14.9811583,6.99897909,356.116577,0,1,0,9,9,0
1018,3055,2,8327376,0,0,0,0,255,0,0,1,0,0,50950,50,2.5,0,0,6,4261.9375,1.52453089,0,15.8947926,8.56925488,28.6506653,13.6461935,4.07103205,359.187012,0,2,0,15,11,1
1018,3056,3,8327452,0,0,40,0,255,0,0,1,0,0,50950,50,2.5,0,0,6,4293.73584,6.32312584,0,16.4381714,10.7639627,31.9671021,14.6363554,5.97563457,358.051239,0,1,0,11,11,0
1019,3057,1,8327300,0,0,47,0,255,0,0,0,0,0,51000,50,2.5,0,0,6,4399.06836,7.59413624,0,16.5493717,13.4426136,6.76550293,15.0502968,7.19044876,356.397644,0,1,0,9,9,0
1019,3058,2,8327376,0,0,32,0,255,0,0,1,0,0,51000,50,2.5,0,0,6,4268.24512,1.93368602,0,15.9483118,8.76670742,28.9124146,13.7391958,4.24530125,358.238983,0,2,0,15,11,1
1019,3059,3,8327452,0,0,42,0,255,0,0,1,0,0,51000,50,2.5,0,0,6,4297.38672,6.16399193,0,16.4829712,10.973918,31.8570557,14.7190228,6.15649891,357.922943,0,1,0,11,11,0
1020,3060,1,8327300,0,0,44,0,255,0,0,0,0,0,51050,50,2.5,0,0,6,4398.97461,7.1180768,0,16.6019497,13.6718502,7.71691895,15.1175098,7.38260365,356.643585,0,1,0,9,9,0
1020,3061,2,8327376,0,0,93,0,255,0,0,1,0,0,51050,50,2.5,0,0,6,4274.14551,1.62413573,0,16.4175911,10.6697407,29.131012,13.8320446,4.41997051,354.979889,0,1,0,15,15,0
1020,3062,3,8327452,0,0,44,0,255,0,0,1,0,0,51050,50,2.5,0,0,6,4300.92432,5.71201563,0,16.5280838,11.1930208,31.7076416,14.8001575,6.33824253,357.805084,0,1,0,11,11,0
1021,3063,1,8327300,0,0,41,0,255,0,0,0,0,0,51100,50,2.5,0,0,6,4399.0542,6.55760479,0,16.6442299,13.8632011,8.53353882,15.1828709,7.57540607,356.867371,0,1,0,9,9,0
1021,3064,2,8327376,0,0,74,0,255,0,0,1,0,0,51100,50,2.5,0,0,6,4279.604,1.56294596,0,16.3669815,10.4434052,29.3105774,13.9244089,4.59518147,356.06131,0,1,0,14,14,0
1021,3065,3,8327452,0,0,31,0,255,0,0,1,0,0,51100,50,2.5,0,0,6,4304.51025,5.25092077,0,16.4812927,10.9659271,31.5349426,14.8798065,6.52082825,358.446594,0,1,0,10,10,0
1022,3066,1,8327300,0,0,38,0,255,0,0,0,0,0,51150,50,2.5,0,0,6,4399.31885,5.98192358,0,16.6875572,14.0671139,9.4387207,15.24646,7.76881886,357.062775,0,1,0,9,9,0
1022,3067,2,8327376,0,0,70,0,255,0,0,1,0,0,51150,50,2.5,0,0,6,4284.9209,2.33682704,0,16.4145947,10.656146,29.4553528,14.0159292,4.77110147,356.27475,0,1,0,14,14,0
1022,3068,3,8327452,0,0,36,0,255,0,0,1,0,0,51150,50,2.5,0,0,6,4308.20508,4.95511341,0,16.5269871,11.1875858,31.3057861,14.9580297,6.70421696,358.217041,0,1,0,10,10,0
1023,3069,1,8327300,0,0,35,0,255,0,0,0,0,0,51200,50,2.5,0,0,6,4399.76221,5.41588831,0,16.6033821,13.6782284,10.4411621,15.3083601,7.96280622,357.304504,0,1,0,8,8,0
1023,3070,2,8327376,0,0,67,0,255,0,0,1,0,0,51200,50,2.5,0,0,6,4289.79883,3.26453805,0,16.4571438,10.852025,29.5465088,14.1063747,4.94781923,356.478088,0,1,0,14,14,0
1023,3071,3,8327452,0,0,24,0,255,0,0,1,0,0,51200,50,2.5,0,0,6,4311.81982,4.45323563,0,16.4829292,10.9737186,31.2114868,15.0349083,6.88836193,358.789703,0,1,0,9,9,0
1024,3072,1,8327300,0,0,33,0,255,0,0,0,0,0,51250,50,2.5,0,0,6,4400.37402,4.86624146,0,16.6437931,13.861187,17.9385986,15.368659,8.15733242,357.473633,0,1,0,8,8,0
1024,3073,2,8327376,0,0,51,0,255,0,0,1,0,0,51250,50,2.5,0,0,6,4294.26953,4.11919689,0,16.4085751,10.6288862,29.603302,14.1955757,5.12539053,357.313293,0,1,0,13,13,0
1024,3074,3,8327452,0,0,30,0,255,0,0,1,0,0,51250,50,2.5,0,0,6,4315.57715,4.05321789,0,16.5251484,11.1785069,31.9689941,15.1105232,7.07321978,358.515686,0,1,0,9,9,0
1025,3075,1,8327300,0,0,31,0,255,0,0,0,0,0,51300,50,2.5,0,0,6,4401.13672,4.33973026,0,16.6860046,14.0596466,19.372467,15.4274454,8.35236359,357.622864,0,1,0,8,8,0
1025,3076,2,8327376,0,0,51,0,255,0,0,1,0,0,51300,50,2.5,0,0,6,4298.50537,4.84631634,0,16.4552708,10.8432751,29.6136169,14.2834377,5.30383778,357.303375,0,1,0,13,13,0
1025,3077,3,8327452,0,0,36,0,255,0,0,1,0,0,51300,50,2.5,0,0,6,4319.27441,3.55952716,0,16.5656948,11.3825283,32.7481079,15.1849651,7.25874519,358.300537,0,1,0,9,9,0
1026,3078,1,8327300,0,0,31,0,255,0,0,0,0,0,51350,50,2.5,0,0,6,4402.0376,3.86225796,0,16.7256165,14.254096,20.8623657,15.4848042,8.54786777,357.751099,0,1,0,8,8,0
1026,3079,2,8327376,0,0,51,0,255,0,0,1,0,0,51350,50,2.5,0,0,6,4302.41455,5.11089468,0,16.4990253,11.0509501,29.5831909,14.3699312,5.48315191,357.308441,0,1,0,13,13,0
1026,3080,3,8327452,0,0,40,0,255,0,0,1,0,0,51350,50,2.5,0,0,6,4322.98877,3.19880152,0,16.60466,11.5865746,33.5452271,15.2582703,7.444911,358.141235,0,1,0,9,9,0
1027,3081,1,8327300,0,0,31,0,255,0,0,0,0,0,51400,50,2.5,0,0,6,4403.04346,3.43746519,0,16.7655716,14.4601688,22.5479736,15.5408125,8.74381638,357.872284,0,1,0,8,8,0
1027,3082,2,8327376,0,0,37,0,255,0,0,1,0,0,51400,50,2.5,0,0,6,4306.17236,5.20222092,0,16.4498882,10.8182058,29.5160522,14.4550314,5.66332245,358.024506,0,1,0,12,12,0
1027,3083,3,8327452,0,0,27,0,255,0,0,1,0,0,51400,50,2.5,0,0,6,4326.64209,3.0678215,0,16.5613117,11.3600845,34.3478699,15.3304367,7.63170385,358.784637,0,1,0,8,8,0
1028,3084,1,8327300,0,0,30,0,255,0,0,0,0,0,51450,50,2.5,0,0,6,4404.13623,3.09471416,0,16.6845322,14.0525846,24.0668335,15.5955334,8.94018459,358.100128,0,1,0,7,7,0
1028,3085,2,8327376,0,0,44,0,255,0,0,1,0,0,51450,50,2.5,0,0,6,4309.90283,5.2778616,0,16.496254,11.0375834,32.0203857,14.5387478,5.8443284,357.875244,0,1,0,12,12,0
1028,3086,3,8327452,0,0,33,0,255,0,0,1,0,0,51450,50,2.5,0,0,6,4330.28955,3.07479811,0,16.5979881,11.5510244,35.1341858,15.4014854,7.81910372,358.549042,0,1,0,8,8,0
1029,3087,1,8327300,0,0,29,0,255,0,0,0,0,0,51500,50,2.5,0,0,6,4405.29492,2.82956266,0,16.7229748,14.2408562,25.0475159,15.6490202,9.13695049,358.244446,0,1,0,7,7,0
1029,3088,2,8327376,0,0,30,0,255,0,0,1,0,0,51500,50,2.5,0,0,6,4313.44434,5.02734184,0,16.447834,10.8086557,31.9461975,14.6211185,6.02613544,358.547058,0,1,0,11,11,0
1029,3089,3,8327452,0,0,39,0,255,0,0,1,0,0,51500,50,2.5,0,0,6,4333.77783,2.89103818,0,16.6364193,11.7596874,36.0194092,15.4714575,8.00708389,358.334106,0,1,0,8,8,0
1030,3090,1,8327300,0,0,28,0,255,0,0,0,0,0,51550,50,2.5,0,0,6,4406.49463,2.60685492,0,16.7600613,14.4310722,26.0226135,15.7013245,9.33409405,358.373169,0,1,0,7,7,0
1030,3091,2,8327376,0,0,34,0,255,0,0,1,0,0,51550,50,2.5,0,0,6,4317.08643,4.85638666,0,16.4922218,11.0181847,31.8318481,14.7021837,6.20871305,358.343597,0,1,0,11,11,0
1030,3092,3,8327452,0,0,24,0,255,0,0,1,0,0,51550,50,2.5,0,0,6,4337.19873,2.75542784,0,16.594883,11.5345602,36.901825,15.5403481,8.19563293,358.987762,0,1,0,7,7,0
1031,3093,1,8327300,0,0,26,0,255,0,0,0,0,0,51600,50,2.5,0,0,6,4407.72559,2.41162968,0,16.7921104,14.6037951,26.8945007,15.752492,9.53159618,358.489166,0,1,0,7,7,0
1031,3094,2,8327376,0,0,37,0,255,0,0,1,0,0,51600,50,2.5,0,0,6,4320.61621,4.49355125,0,16.5374928,11.2397985,31.6724854,14.7820129,6.3920188,358.159882,0,1,0,11,11,0
1031,3095,3,8327452,0,0,31,0,255,0,0,1,0,0,51600,50,2.5,0,0,6,4340.63086,2.78319597,0,16.6295166,11.7214975,37.7478943,15.6081791,8.3847332,358.707825,0,1,0,7,7,0
1032,3096,1,8327300,0,0,24,0,255,0,0,0,0,0,51650,50,2.5,0,0,6,4408.98486,2.23733139,0,16.7159519,14.2058372,27.8705444,15.8025713,9.72943974,358.686829,0,1,0,6,6,0
1032,3097,2,8327376,0,0,24,0,255,0,0,1,0,0,51650,50,2.5,0,0,6,4324.15674,4.17582941,0,16.4918251,11.0162811,31.4863892,14.8606415,6.57602406,358.77829,0,1,0,10,10,0
1032,3098,3,8327452,0,0,39,0,255,0,0,1,0,0,51650,50,2.5,0,0,6,4343.89893,2.6107614,0,16.6663589,11.929451,38.7205811,15.6749926,8.57435894,358.446686,0,1,0,7,7,0
1033,3099,1,8327300,0,0,27,0,255,0,0,0,0,0,51700,50,2.5,0,0,6,4409.98779,2.06636477,0,16.7500439,14.3787556,34.835022,15.851615,9.92759132,358.794586,0,1,0,6,6,0
1033,3100,2,8327376,0,0,30,0,255,0,0,1,0,0,51700,50,2.5,0,0,6,4327.74023,4.01507092,0,16.5354519,11.2296152,31.2587891,14.9381199,6.76069641,358.504517,0,1,0,10,10,0
1033,3101,3,8327452,0,0,44,0,255,0,0,1,0,0,51700,50,2.5,0,0,6,4347.09131,2.48741126,0,16.6979427,12.1166992,39.6279602,15.7407761,8.76450253,358.293518,0,1,0,7,7,0
1034,3102,1,8327300,0,0,25,0,255,0,0,0,0,0,51750,50,2.5,0,0,6,4410.4834,1.89834428,0,16.7844429,14.5616798,35.6864319,15.8996515,10.1260157,358.92157,0,1,0,6,6,0
1034,3103,2,8327376,0,0,35,0,255,0,0,1,0,0,51750,50,2.5,0,0,6,4331.21729,3.68460655,0,16.5792751,11.4526987,31.3957214,15.0145187,6.94599771,358.269836,0,1,0,10,10,0
1034,3104,3,8327452,0,0,26,0,255,0,0,1,0,0,51750,50,2.5,0,0,6,4350.16016,2.54987025,0,16.6609974,11.8985329,40.6674805,15.8054771,8.95516586,358.984894,0,1,0,6,6,0
1035,3105,1,8327300,0,0,0,0,255,0,0,0,0,0,51800,50,2.5,0,0,6,4411.02637,1.79235196,0,16.8193264,14.757967,36.5878296,15.9467087,10.3247013,359.014526,0,1,0,6,6,0
1035,3106,2,8327376,0,0,23,0,255,0,0,1,0,0,51800,50,2.5,0,0,6,4334.68262,3.43844199,0,16.5354652,11.2296886,32.1635437,15.08986,7.13190746,358.888428,0,1,0,9,9,0
1035,3107,3,8327452,0,0,35,0,255,0,0,1,0,0,51800,50,2.5,0,0,6,4353.22754,2.72902465,0,16.6925945,12.0843267,41.6374207,15.8690948,9.14633942,358.68399,0,1,0,6,6,0
1036,3108,1,8327300,0,0,0,0,255,0,0,0,0,0,51850,50,2.5,0,0,6,4411.5459,1.70028853,0,16.7440567,14.3478403,37.395874,15.9929018,10.5236139,359.36792,0,1,0,5,5,0
1036,3109,2,8327376,0,0,29,0,255,0,0,1,0,0,51850,50,2.5,0,0,6,4338.15674,3.36807513,0,16.5760689,11.436039,32.9547729,15.1641769,7.31840134,358.602631,0,1,0,9,9,0
1036,3110,3,8327452,0,0,50,0,255,0,0,1,0,0,51850,50,2.5,0,0,6,4356.08301,2.62793827,0,16.725544,12.2885389,49.0520935,15.931654,9.33800507,358.420074,0,1,0,6,6,0
1037,3111,1,8327300,0,0,0,0,255,0,0,0,0,0,51900,50,2.5,0,0,6,4411.72119,1.92031384,0,16.7789307,14.5317183,38.1956482,16.0381393,10.7227507,359.612762,0,1,0,5,5,0
1037,3112,2,8327376,0,0,35,0,255,0,0,1,0,0,51900,50,2.5,0,0,6,4341.50537,3.16055346,0,16.6125679,11.6290712,33.713562,15.2375193,7.5054512,358.394592,0,1,0,9,9,0
1037,3113,3,8327452,0,0,55,0,255,0,0,1,0,0,51900,50,2.5,0,0,6,4358.78369,2.57176185,0,16.7550983,12.4828739,50.416687,15.9930964,9.53016281,358.308319,0,1,0,6,6,0
1038,3114,1,8327300,0,0,0,0,255,0,0,0,0,0,51950,50,2.5,0,0,6,4411.80127,2.13049436,0,16.8090973,14.69911,44.8408508,16.0823669,10.9221163,359.826569,0,1,0,5,5,0
1038,3115,2,8327376,0,0,40,0,255,0,0,1,0,0,51950,50,2.5,0,0,6,4344.7998,3.01471567,0,16.6492996,11.8318834,34.5331421,15.3098888,7.69304419,358.220123,0,1,0,9,9,0
1038,3116,3,8327452,0,0,0,0,255,0,0,1,0,0,51950,50,2.5,0,0,6,4361.32959,2.81887078,0,16.7202778,12.255084,51.8368835,16.0533161,9.72282791,359.118805,0,1,0,5,5,0
1039,3117,1,8327300,0,0,0,0,255,0,0,0,0,0,52000,50,2.5,0,0,6,4411.82178,2.24755192,0,16.839674,14.8786964,45.5872803,16.1255569,11.1217089,360,0.00457763672,1,0,5,5,0
1039,3118,2,8327376,0,0,25,0,255,0,0,1,0,0,52000,50,2.5,0,0,6,4347.98486,3.02192378,0,16.609972,11.6150751,35.4031982,15.3812513,7.88118029,358.884399,0,1,0,8,8,0
1039,3119,3,8327452,0,0,37,0,255,0,0,1,0,0,52000,50,2.5,0,0,6,4363.77686,3.21772909,0,16.7504292,12.451355,53.3220215,16.112381,9.91595936,358.914276,0,1,0,5,5,0
1040,3120,1,8327300,0,0,0,0,255,0,0,0,0,0,52050,50,2.5,0,0,6,4411.81006,2.288059,0,16.7669716,14.467598,46.2991333,16.1677017,11.3215246,360,0.313842773,1,0,4,4,0
1040,3121,2,8327376,0,0,32,0,255,0,0,1,0,0,52050,50,2.5,0,0,6,4351.14648,3.13816953,0,16.6445599,11.8051844,36.2171326,15.4516087,8.06984806,358.620087,0,1,0,8,8,0
1040,3122,3,8327452,0,0,49,0,255,0,0,1,0,0,52050,50,2.5,0,0,6,4365.30713,3.58939886,0,16.7784595,12.6457644,54.8745728,16.1701393,10.10956,358.629364,0,1,0,5,5,0
1041,3123,1,8327300,0,0,0,0,255,0,0,0,0,0,52100,50,2.5,0,0,6,4411.79102,2.26701593,0,16.800436,14.6501608,47.0136719,16.2088089,11.5215559,360,0.505584717,1,0,4,4,0
1041,3124,2,8327376,0,0,39,0,255,0,0,1,0,0,52100,50,2.5,0,0,6,4354.13184,3.04060221,0,16.6810074,12.0151625,37.1469727,15.5209866,8.25902748,358.376221,0,1,0,8,8,0
1041,3125,3,8327452,0,0,56,0,255,0,0,1,0,0,52100,50,2.5,0,0,6,4366.72803,3.48736119,0,16.8033352,12.830574,56.3334351,16.2265835,10.3036184,358.465637,0,1,0,5,5,0
1042,3126,1,8327300,0,0,0,0,255,0,0,0,0,0,52150,50,2.5,0,0,6,4411.78076,2.20257998,0,16.8341751,14.845562,47.7647705,16.2488976,11.7217941,360,0.659790039,1,0,4,4,0
1042,3127,2,8327376,0,0,0,0,255,0,0,1,0,0,52150,50,2.5,0,0,6,4357.03662,2.97469258,0,16.641283,11.7868185,38.0470276,15.5893621,8.44871521,359.077179,0,1,0,7,7,0
1042,3128,3,8327452,0,0,0,0,255,0,0,1,0,0,52150,50,2.5,0,0,6,4367.97803,3.61316919,0,16.7737293,12.612031,57.8285217,16.2816448,10.4981318,359.246246,0,1,0,4,4,0
1043,3129,1,8327300,0,0,0,0,255,0,0,0,0,0,52200,50,2.5,0,0,6,4411.79199,2.10685658,0,16.8628883,15.0234108,54.27771,16.2879944,11.9222298,360,0.783996582,1,0,4,4,0
1043,3130,2,8327376,0,0,29,0,255,0,0,1,0,0,52200,50,2.5,0,0,6,4360.06787,3.0654943,0,16.6761837,11.986742,38.9949341,15.6568165,8.63887787,358.832397,0,1,0,7,7,0
1043,3131,3,8327452,0,0,0,0,255,0,0,1,0,0,52200,50,2.5,0,0,6,4369.10303,3.95500398,0,16.7987709,12.7956629,65.6748047,16.335371,10.6930637,359.011047,0,1,0,4,4,0
1044,3132,1,8327300,0,41,0,0,255,0,0,0,0,0,52250,50,2.5,0,0,6,4411.83203,1.99273586,0,16.792593,14.6064701,54.8865051,16.3261337,12.1228533,360,1.13754272,1,0,3,3,0
1044,3133,2,8327376,0,0,37,0,255,0,0,1,0,0,52250,50,2.5,0,0,6,4362.7915,3.19003057,0,16.707159,12.1731653,39.9100342,15.7232552,8.82953167,358.571869,0,1,0,7,7,0
1044,3134,3,8327452,0,0,57,0,255,0,0,1,0,0,52250,50,2.5,0,0,6,4369.97803,4.26019192,0,16.824482,12.9993591,66.7206421,16.3877277,10.8884077,358.6828,0,1,0,4,4,0
1045,3135,1,8327300,0,0,0,0,255,0,0,0,0,0,52300,50,2.5,0,0,6,4411.97168,1.86705637,0,16.8246498,14.7890606,55.5318604,16.3635006,12.3236284,360,0.704589844,1,0,3,3,0
1045,3136,2,8327376,0,0,44,0,255,0,0,1,0,0,52300,50,2.5,0,0,6,4365.4248,3.09034681,0,16.7379894,12.3689318,40.9075012,15.7886791,9.02066708,358.3573,0,1,0,7,7,0
1045,3137,3,8327452,0,0,66,0,255,0,0,1,0,0,52300,50,2.5,0,0,6,4370.30371,4.31105518,0,16.8467216,13.1921129,67.6387939,16.4385757,11.0841703,358.49411,0,1,0,4,4,0
1046,3138,1,8327300,0,0,0,0,255,0,0,0,0,0,52350,50,2.5,0,0,6,4412.0835,1.08161211,0,16.8544426,14.9698133,56.1595459,16.4003868,12.5245113,360,0.784912109,1,0,3,3,0
1046,3139,2,8327376,0,0,0,0,255,0,0,1,0,0,52350,50,2.5,0,0,6,4367.96191,3.12707877,0,16.7022228,12.1428137,41.949585,15.8530407,9.212286,359.108276,0,1,0,6,6,0
1046,3140,3,8327452,0,0,0,0,255,0,0,1,0,0,52350,50,2.5,0,0,6,4370.58838,4.47314119,0,16.8208275,12.9692793,68.498291,16.4878254,11.2803526,359.318024,0,1,0,3,3,0
1047,3141,1,8327300,0,46,0,0,255,0,0,0,0,0,52400,50,2.5,0,0,6,4412.49268,0.803142965,0,16.7859039,14.5696678,62.6997375,16.4367809,12.725503,360,1.13119507,1,0,2,2,0
1047,3142,2,8327376,0,0,38,0,255,0,0,1,0,0,52400,50,2.5,0,0,6,4370.59961,3.31895232,0,16.7348385,12.3483982,49.4660339,15.9163914,9.40436459,358.811462,0,1,0,6,6,0
1047,3143,3,8327452,0,0,47,0,255,0,0,1,0,0,52400,50,2.5,0,0,6,4371.36523,4.99158144,0,16.8434887,13.1629238,69.2882385,16.5355206,11.4769421,358.954102,0,1,0,3,3,0
1048,3144,1,8327300,0,0,0,0,255,0,0,0,0,0,52450,50,2.5,0,0,6,4412.89746,0.812948644,0,16.8183479,14.7522917,63.3061218,16.4728527,12.9265709,360,0.689025879,1,0,2,2,0
1048,3145,2,8327376,0,0,47,0,255,0,0,1,0,0,52450,50,2.5,0,0,6,4372.87012,3.46189141,0,16.7623539,12.5324955,50.7710571,15.9786205,9.59692192,358.586365,0,1,0,6,6,0
1048,3146,3,8327452,0,0,64,0,255,0,0,1,0,0,52450,50,2.5,0,0,6,4371.44141,5.21862936,0,16.8629436,13.3458929,69.9771118,16.5815659,11.673934,358.602692,0,1,0,3,3,0
1049,3147,1,8327300,0,0,0,0,255,0,0,0,0,0,52500,50,2.5,0,0,6,4413.28857,0.539472878,0,16.8517532,14.9529772,63.9580078,16.5088215,13.1276808,360,0.701202393,1,0,2,2,0
1049,3148,2,8327376,0,0,54,0,255,0,0,1,0,0,52500,50,2.5,0,0,6,4375.05078,3.46004081,0,16.7897854,12.7282925,52.223175,16.0396881,9.78995705,358.407501,0,1,0,6,6,0
1049,3149,3,8327452,0,0,0,0,255,0,0,1,0,0,52500,50,2.5,0,0,6,4371.4541,4.9912529,0,16.8393173,13.1258888,70.6535645,16.6259403,11.8713131,359.311493,0,1,0,2,2,0
1050,3150,1,8327300,0,49,0,0,255,0,0,0,0,0,52550,50,2.5,0,0,6,4413.7832,0.43798241,0,16.7806568,14.5410652,64.5012207,16.5446453,13.3288403,360,1.15966797,1,0,1,1,0
1050,3151,2,8327376,0,0,0,0,255,0,0,1,0,0,52550,50,2.5,0,0,6,4376.32129,3.66073632,0,16.7577972,12.5012493,53.7087402,16.0994987,9.98344421,359.254089,0,1,0,5,5,0
1050,3152,3,8327452,0,0,55,0,255,0,0,1,0,0,52550,50,2.5,0,0,6,4372.08594,5.29195261,0,16.860323,13.3201361,71.2624512,16.6687031,12.069066,358.817352,0,1,0,2,2,0
1051,3153,1,8327300,0,0,0,0,255,0,0,0,0,0,52600,50,2.5,0,0,6,4414.2251,0.455657989,0,16.8169575,14.7442436,65.1125183,16.5804768,13.5300179,360,0.696655273,1,0,1,1,0
1051,3154,2,8327376,0,0,38,0,255,0,0,1,0,0,52600,50,2.5,0,0,6,4377.7915,4.02333593,0,16.7853241,12.6954889,55.2752686,16.1580963,10.1773643,358.95108,0,1,0,5,5,0
1051,3155,3,8327452,0,0,82,0,255,0,0,1,0,0,52600,50,2.5,0,0,6,4371.95264,5.4881649,0,16.8801823,13.5263796,76.0273132,16.7097435,12.2671843,358.34137,0,1,0,2,2,0
1052,3156,1,8327300,0,0,0,0,255,0,0,0,0,0,52650,50,2.5,0,0,6,4414.67432,0.463333756,0,16.8463173,14.9192781,71.8445129,16.6164818,13.7311869,360,0.653594971,1,0,1,1,0
1052,3157,2,8327376,0,0,51,0,255,0,0,1,0,0,52650,50,2.5,0,0,6,4378.82666,4.19768858,0,16.8109608,12.890048,56.788147,16.2153854,10.3717289,358.63208,0,1,0,5,5,0
1052,3158,3,8327452,0,0,57,0,255,0,0,1,0,0,52650,50,2.5,0,0,6,4371.65869,5.41060305,0,16.8591061,13.3083057,76.4110413,16.7489834,12.4656553,358.859131,0,1,0,1,1,0
1053,3159,1,8327300,0,0,0,0,255,0,0,0,0,0,52700,50,2.5,0,0,6,4415.12256,0.437067389,0,16.8757324,15.1072884,72.4143066,16.6526012,13.9323559,360,0.48526001,1,0,1,1,0
1053,3160,2,8327376,0,0,68,0,255,0,0,1,0,0,52700,50,2.5,0,0,6,4379.70947,4.06583309,0,16.8357143,13.09445,65.0242615,16.271347,10.5665236,358.396881,0,1,0,5,5,0
1053,3161,3,8327452,0,0,90,0,255,0,0,1,0,0,52700,50,2.5,0,0,6,4371.61523,6.2200942,0,16.8782253,13.5047855,76.7553101,16.786314,12.6644793,358.198303,0,1,0,1,1,0
1054,3162,1,8327300,0,0,0,0,255,0,0,0,0,0,52750,50,2.5,0,0,6,4415.56592,0.422374696,0,16.9028912,15.2959957,72.967804,16.6887913,14.1335335,360,0.19342041,1,0,1,1,0
1054,3163,2,8327376,0,0,0,0,255,0,0,1,0,0,52750,50,2.5,0,0,6,4379.90674,4.24181795,0,16.8069229,12.8583651,66.0052795,16.3258686,10.761735,359.381256,0,1,0,4,4,0
1054,3164,3,8327452,0,0,110,0,255,0,0,1,0,0,52750,50,2.5,0,0,6,4370.85791,6.485291,0,16.8949051,13.7005978,77.0492859,16.8216667,12.8636332,357.813904,0,1,0,1,1,0
1055,3165,1,8327300,0,0,0,0,255,0,0,0,0,0,52800,50,2.5,0,0,6,4415.99902,0.416890174,0,16.92906,15.4973125,73.5402222,16.7250195,14.3347244,359.735931,0,1,0,1,1,0
1055,3166,2,8327376,0,0,0,0,255,0,0,1,0,0,52800,50,2.5,0,0,6,4380.62158,4.85341835,0,16.8309002,13.0531635,66.9857178,16.3789673,10.9573574,359.032104,0,1,0,4,4,0
1055,3167,3,8327452,0,0,134,0,255,0,0,1,0,0,52800,50,2.5,0,0,6,4369.79834,7.43169165,0,16.9296227,14.2900114,77.288208,16.8548336,13.0631037,357.34845,0,1,0,2,2,0
1056,3168,1,8327300,0,0,0,0,255,0,0,0,0,0,52850,50,2.5,0,0,6,4416.42041,0.416404635,0,16.9507275,15.6858177,81.6113281,16.7612591,14.5359335,359.160522,0,1,0,1,1,0
1056,3169,2,8327376,0,0,60,0,255,0,0,1,0,0,52850,50,2.5,0,0,6,4380.99805,5.10983276,0,16.8525372,13.2457504,67.8849487,16.4306507,11.1533785,358.640991,0,1,0,4,4,0
1056,3170,3,8327452,0,0,128,0,255,0,0,1,0,0,52850,50,2.5,0,0,6,4367.91699,9.36875629,0,16.9357548,14.4942074,77.5138245,16.8855419,13.2628632,357.470978,0,1,0,2,2,0
1057,3171,1,8327300,0,0,86,0,255,0,0,0,0,0,52900,50,2.5,0,0,6,4416.8291,0.416444361,1,16.9694099,15.8741264,82.3042908,16.797493,14.7371626,358.423035,0,1,0,1,1,0
1057,3172,2,8327376,0,0,72,0,255,0,0,1,0,0,52900,50,2.5,0,0,6,4380.86816,4.98884726,0,16.8728733,13.4473019,68.7616882,16.4807987,11.3497982,358.399994,0,1,0,4,4,0
1057,3173,3,8327452,0,0,125,0,255,0,0,1,0,0,52900,50,2.5,0,0,6,4365.55664,12.4355288,0,16.9384289,14.6754742,77.6721802,16.9135017,13.4628849,357.532043,0,1,0,2,2,0
1058,3174,1,8327300,0,0,91,0,255,0,0,0,0,0,52950,50,2.5,0,0,6,4416.71143,0.418325752,1,16.9846649,16.0594692,82.8738098,16.8333855,14.938447,358.329102,0,1,0,1,1,0
1058,3175,2,8327376,0,0,0,0,255,0,0,1,0,0,52950,50,2.5,0,0,6,4380.72168,5.17226696,0,16.8506069,13.2277679,69.539917,16.5293045,11.5466204,359.317322,0,1,0,3,3,0
1058,3176,3,8327452,0,0,125,0,255,0,0,1,0,0,52950,50,2.5,0,0,6,4362.39355,15.4589252,0,16.9382515,14.8696165,77.8029175,16.9384995,13.663125,357.532593,0,1,0,2,2,0
1059,3177,1,8327300,0,0,68,0,255,0,0,0,0,0,53000,50,2.5,0,0,6,4416.71143,0.418325752,1,16.9846649,16.0594692,82.8738098,16.8333855,14.938447,360,9.78826904,1,0,1,1,0
1059,3178,2,8327376,0,0,52,0,255,0,0,1,0,0,53000,50,2.5,0,0,6,4381.12402,5.85307217,0,16.8705616,13.4231224,70.2507324,16.5761909,11.7438374,358.858521,0,1,0,3,3,0
1059,3179,3,8327452,0,0,138,0,255,0,0,1,0,0,53000,50,2.5,0,0,6,4358.53662,18.0707951,0,16.9201012,15.4489956,77.8911743,16.9603672,13.8635311,357.279541,0,1,0,3,3,0
1060,3180,1,8327300,0,0,45,0,255,0,0,0,0,0,53050,50,2.5,0,0,6,4416.71143,0.418325752,1,16.9846649,16.0594692,82.8738098,16.8333855,14.938447,360,21.247406,1,0,1,1,0
1060,3181,2,8327376,0,0,71,0,255,0,0,1,0,0,53050,50,2.5,0,0,6,4380.72119,6.02883148,0,16.8879433,13.6153536,70.8955078,16.6213779,11.9414406,358.458893,0,1,0,3,3,0
1060,3182,3,8327452,0,0,124,0,255,0,0,1,0,0,53050,50,2.5,0,0,6,4353.81055,20.4331856,0,16.9102364,15.6418114,77.9376221,16.9789619,14.0640326,357.553986,0,1,0,3,3,0
1061,3183,1,8327300,0,255,22,0,255,255,0,0,0,0,53100,50,2.5,0,0,6,4416.71143,0.418325752,1,16.9846649,16.0594692,82.8738098,16.8333855,14.938447,360,32.7065735,1,0,1,1,0
1061,3184,2,8327376,0,0,84,0,255,0,0,1,0,0,53100,50,2.5,0,0,6,4380.29102,5.85307169,0,16.9030323,13.8082924,71.4899292,16.6648197,12.1394167,358.209808,0,1,0,3,3,0
1061,3185,3,8327452,0,0,114,0,255,0,0,1,0,0,53100,50,2.5,0,0,6,4348.98242,23.3476143,0,16.8979359,15.8462019,77.9419861,16.9941196,14.2645683,357.748566,0,1,0,3,3,0
1062,3186,1,8327300,0,255,0,0,255,255,0,0,0,0,53150,50,2.5,0,0,6,4416.71143,0.418325752,1,16.9846649,16.0594692,82.8738098,16.8333855,14.938447,360,44.165741,1,0,1,1,0
1062,3187,2,8327376,0,0,0,0,255,0,0,1,0,0,53150,50,2.5,0,0,6,4379.69922,6.34412098,0,16.8851109,13.582243,76.143219,16.7063789,12.3377638,359.058655,0,1,0,2,2,0
1062,3188,3,8327452,0,0,109,0,255,0,0,1,0,0,53150,50,2.5,0,0,6,4343.70654,25.4579525,0,16.851162,16.4397583,77.896759,17.0057545,14.4650764,357.837494,0,1,0,4,4,0
1063,3189,1,8327300,0,255,0,0,255,255,0,0,0,0,53200,50,2.5,0,0,6,4416.71143,0.418325752,1,16.9846649,16.0594692,82.8738098,16.8333855,14.938447,360,55.6248932,1,0,1,1,0
1063,3190,2,8327376,0,0,76,0,255,0,0,1,0,0,53200,50,2.5,0,0,6,4379.7915,7.33786631,0,16.9008389,13.7782145,76.5157776,16.7460613,12.5364761,358.47818,0,1,0,2,2,0
1063,3191,3,8327452,0,0,97,0,255,0,0,1,0,0,53200,50,2.5,0,0,6,4338.23291,26.4424934,0,16.8324986,16.6307507,77.8197632,17.0138359,14.6654978,358.079742,0,1,0,4,4,0
1064,3192,1,8327300,0,255,0,0,255,255,0,0,0,0,53250,50,2.5,0,0,6,4416.71143,0.418325752,1,16.9846649,16.0594692,82.8738098,16.8333855,14.938447,360,67.0840454,1,0,1,1,0
1064,3193,2,8327376,0,0,52,0,255,0,0,1,0,0,53250,50,2.5,0,0,6,4378.63428,7.62831497,0,16.8832397,13.56077,76.8417053,16.7837543,12.7355347,358.970428,0,1,0,1,1,0
1064,3194,3,8327452,0,0,88,0,255,0,0,1,0,0,53250,50,2.5,0,0,6,4332.9917,26.7714424,0,16.8107014,16.8332958,77.6979675,17.0183563,14.8657818,358.250275,0,1,0,4,4,0
1065,3195,1,8327300,0,255,0,0,255,255,0,0,0,0,53300,50,2.5,0,0,6,4416.71143,0.418325752,1,16.9846649,16.0594692,82.8738098,16.8333855,14.938447,360,78.5432129,1,0,1,1,0
1065,3196,2,8327376,0,0,94,0,255,0,0,1,0,0,53300,50,2.5,0,0,6,4378.02539,7.89198399,0,16.8993454,13.7581844,77.1260071,16.8194065,12.9349298,358.137329,0,1,0,1,1,0
1065,3197,3,8327452,0,0,81,0,255,0,0,1,0,0,53300,50,2.5,0,0,6,4327.9917,26.2055206,0,16.7854824,17.0464573,77.5306396,17.0193596,15.0658865,358.378204,0,1,0,4,4,0
1066,3198,1,8327300,0,255,0,0,255,255,0,0,0,0,53350,50,2.5,0,0,6,4416.71143,0.418325752,1,16.9846649,16.0594692,82.8738098,16.8333855,14.938447,360,90.0023804,1,0,1,1,0
1066,3199,2,8327376,0,0,119,0,255,0,0,1,0,0,53350,50,2.5,0,0,6,4376.70703,7.77189302,0,16.9128609,13.9551163,77.3665466,16.8529892,13.1346331,357.659332,0,1,0,1,1,0
1066,3200,3,8327452,0,0,76,0,255,0,0,1,0,0,53350,50,2.5,0,0,6,4323.4458,24.8954983,0,16.7591248,17.2501411,77.8644409,17.0169258,15.2657785,358.481781,0,1,0,4,4,0
1067,3201,1,8327300,0,255,0,0,255,255,0,0,0,0,53400,50,2.5,0,0,6,4416.71143,0.418325752,1,16.9846649,16.0594692,82.8738098,16.8333855,14.938447,360,101.461517,1,0,1,1,0
1067,3202,2,8327376,0,0,148,0,255,0,0,1,0,0,53400,50,2.5,0,0,6,4375.12354,8.70451832,0,16.9370518,14.5611763,77.5761108,16.8842812,13.3346243,357.081818,0,1,0,2,2,0
1067,3203,3,8327452,0,0,72,0,255,0,0,1,0,0,53400,50,2.5,0,0,6,4319.46484,23.1729279,0,16.7308502,17.4513474,78.2460327,17.0111599,15.4654322,358.573303,0,1,0,4,4,0
1068,3204,1,8327300,0,255,0,0,255,255,0,0,0,0,53450,50,2.5,0,0,6,4416.71143,0.418325752,1,16.9846649,16.0594692,82.8738098,16.8333855,14.938447,360,112.92067,1,0,1,1,0
1068,3205,2,8327376,0,0,140,0,255,0,0,1,0,0,53450,50,2.5,0,0,6,4372.54883,10.9975166,0,16.9387436,14.7533941,77.7298279,16.912981,13.5348654,357.237823,0,1,0,2,2,0
1068,3206,3,8327452,0,0,68,0,255,0,0,1,0,0,53450,50,2.5,0,0,6,4316.11084,21.2963333,0,16.7015152,17.6446743,78.6141357,17.0021763,15.6648273,358.657928,0,1,0,4,4,0
1069,3207,1,8327300,0,255,0,0,255,255,0,0,0,0,53500,50,2.5,0,0,6,4416.71143,0.418325752,1,16.9846649,16.0594692,82.8738098,16.8333855,14.938447,360,124.379822,1,0,1,1,0
1069,3208,2,8327376,0,0,138,0,255,0,0,1,0,0,53500,50,2.5,0,0,6,4369.43994,14.8071041,0,16.9374332,14.9362793,77.8406982,16.9387646,13.735321,357.295441,0,1,0,2,2,0
1069,3209,3,8327452,0,0,65,0,255,0,0,1,0,0,53500,50,2.5,0,0,6,4313.39453,19.4244347,0,16.6693153,17.8419266,79.0020752,16.990099,15.8639488,358.728424,0,1,0,4,4,0
1070,3210,1,8327300,0,255,0,0,255,255,0,0,0,0,53550,50,2.5,0,0,6,4416.71143,0.418325752,1,16.9846649,16.0594692,82.8738098,16.8333855,14.938447,360,135.839005,1,0,1,1,0
1070,3211,2,8327376,0,0,138,0,255,0,0,1,0,0,53550,50,2.5,0,0,6,4365.31738,18.5781498,0,16.9325924,15.1354027,77.9130859,16.9613953,13.9359341,357.296631,0,1,0,2,2,0
1070,3212,3,8327452,0,0,65,0,255,0,0,1,0,0,53550,50,2.5,0,0,6,4311.27686,17.6050663,0,16.6347179,18.0392437,83.8622131,16.9750538,16.0627861,358.788879,0,1,0,4,4,0
1071,3213,1,8327300,0,255,0,0,255,255,0,0,0,0,53600,50,2.5,0,0,6,4416.71143,0.418325752,1,16.9846649,16.0594692,82.8738098,16.8333855,14.938447,360,147.298141,1,0,1,1,0
1071,3214,2,8327376,0,0,138,0,255,0,0,1,0,0,53600,50,2.5,0,0,6,4360.35449,21.9467754,0,16.9063053,15.7106943,77.9404602,16.9806862,14.1366386,357.280029,0,1,0,3,3,0
1071,3215,3,8327452,0,0,62,0,255,0,0,1,0,0,53600,50,2.5,0,0,6,4309.68506,15.9019489,0,16.5962162,18.243885,84.6831665,16.9571648,16.2613297,358.859528,0,1,0,4,4,0
1072,3216,1,8327300,0,255,0,0,255,255,0,0,0,0,53650,50,2.5,0,0,6,4416.71143,0.418325752,1,16.9846649,16.0594692,82.8738098,16.8333855,14.938447,360,158.757294,1,0,1,1,0
1072,3217,2,8327376,0,0,124,0,255,0,0,1,0,0,53650,50,2.5,0,0,6,4354.68604,25.0694408,0,16.8939114,15.906908,77.9288025,16.9964809,14.3373613,357.559814,0,1,0,3,3,0
1072,3218,3,8327452,0,0,59,0,255,0,0,1,0,0,53650,50,2.5,0,0,6,4308.63086,14.459877,0,16.559145,18.4281998,85.3621826,16.9365425,16.4595699,358.915894,0,1,0,4,4,0
1073,3219,1,8327300,0,255,0,0,255,255,0,0,0,0,53700,50,2.5,0,0,6,4416.71143,0.418325752,1,16.9846649,16.0594692,82.8738098,16.8333855,14.938447,360,170.216431,1,0,1,1,0
1073,3220,2,8327376,0,0,115,0,255,0,0,1,0,0,53700,50,2.5,0,0,6,4348.76221,27.9657211,0,16.8442993,16.5121536,77.8739624,17.0086498,14.5380325,357.719788,0,1,0,4,4,0
1073,3221,3,8327452,0,0,59,0,255,0,0,1,0,0,53700,50,2.5,0,0,6,4308.00928,13.1673889,0,16.5159225,18.6296406,86.0491028,16.9132977,16.6575031,358.937592,0,1,0,4,4,0
1074,3222,1,8327300,0,191,255,0,255,255,0,0,0,0,53750,50,2.5,0,0,6,4416.71143,0.418325752,1,16.9846649,16.0594692,82.8738098,16.8333855,14.938447,181.675568,0,1,0,1,1,0
1074,3223,2,8327376,0,0,102,0,255,0,0,1,0,0,53750,50,2.5,0,0,6,4342.4834,29.7133503,0,16.8246403,16.7060146,77.7782288,17.0171318,14.7385883,357.985229,0,1,0,4,4,0
1074,3224,3,8327452,0,0,57,0,255,0,0,1,0,0,53750,50,2.5,0,0,6,4307.74121,11.95504,0,16.474226,18.812048,86.6207275,16.8875389,16.8551235,358.965576,0,1,0,4,4,0
1075,3225,1,8327300,0,127,255,0,255,255,0,0,0,0,53800,50,2.5,0,0,6,4416.71143,0.418325752,1,16.9846649,16.0594692,82.8738098,16.8333855,14.938447,193.13472,0,1,0,1,1,0
1075,3226,2,8327376,0,0,92,0,255,0,0,1,0,0,53800,50,2.5,0,0,6,4336.3208,30.3573914,0,16.8021011,16.9082775,77.6402588,17.0219078,14.9389715,358.17511,0,1,0,4,4,0
1075,3227,3,8327452,0,0,0,0,255,0,0,1,0,0,53800,50,2.5,0,0,6,4307.83691,10.9300756,0,16.5169811,18.6248646,87.1865845,16.8593616,17.0524273,359.15036,0,1,0,3,3,0
1076,3228,1,8327300,0,63,255,0,255,255,0,0,0,0,53850,50,2.5,0,0,6,4416.71143,0.418325752,1,16.9846649,16.0594692,82.8738098,16.8333855,14.938447,204.593872,0,1,0,1,1,0
1076,3229,2,8327376,0,0,84,0,255,0,0,1,0,0,53850,50,2.5,0,0,6,4330.39941,29.853466,0,16.7760601,17.1212654,77.6246033,17.0230198,15.1391373,358.317383,0,1,0,4,4,0
1076,3230,3,8327452,0,0,0,0,255,0,0,1,0,0,53850,50,2.5,0,0,6,4308.91309,10.0365124,0,16.4753399,18.8073063,87.6527405,16.8289528,17.249445,359.599915,0,1,0,3,3,0
1077,3231,1,8327300,0,0,255,0,255,255,0,0,0,0,53900,50,2.5,0,0,6,4416.71143,0.418325752,1,16.9846649,16.0594692,82.8738098,16.8333855,14.938447,216.053009,0,1,0,1,1,0
1077,3232,2,8327376,0,0,79,0,255,0,0,1,0,0,53900,50,2.5,0,0,6,4324.96924,28.4532261,0,16.7488995,17.3247623,78.0033569,17.0205441,15.3390493,358.429138,0,1,0,4,4,0
1077,3233,3,8327452,0,0,0,0,255,0,0,1,0,0,53900,50,2.5,0,0,6,4309.78027,11.5273561,0,16.4294872,18.9963951,88.0935059,16.7961349,17.4460964,359.974396,0,1,0,3,3,0
1078,3234,1,8327300,0,0,255,0,255,255,0,0,0,0,53950,50,2.5,0,0,6,4416.71143,0.418325752,1,16.9846649,16.0594692,82.8738098,16.8333855,14.938447,227.512161,0,1,0,1,1,0
1078,3235,2,8327376,0,0,74,0,255,0,0,1,0,0,53950,50,2.5,0,0,6,4320.15186,26.521513,0,16.720026,17.5243549,78.3800049,17.0145893,15.538681,358.532684,0,1,0,4,4,0
1078,3236,3,8327452,0,0,0,0,255,0,0,1,0,0,53950,50,2.5,0,0,6,4310.13965,12.8842201,0,16.3788662,19.1925488,88.4945984,16.7608051,17.6423168,360,0.273193359,1,0,3,3,0
1079,3237,1,8327300,0,0,255,0,255,255,0,0,0,0,54000,50,2.5,0,0,6,4416.71143,0.418325752,1,16.9846649,16.0594692,82.8738098,16.8333855,14.938447,238.971298,0,1,0,1,1,0
1079,3238,2,8327376,0,0,70,0,255,0,0,1,0,0,54000,50,2.5,0,0,6,4316.05713,24.4077587,0,16.6886578,17.7251644,78.7696533,17.0052738,15.7380114,358.621948,0,1,0,4,4,0
1079,3239,3,8327452,0,0,0,0,255,0,0,1,0,0,54000,50,2.5,0,0,6,4310.17822,13.6768169,0,16.3306961,19.3683929,88.8161621,16.7229118,17.8380527,360,0.517471313,1,0,3,3,0
1080,3240,1,8327300,0,0,255,0,255,255,0,0,0,0,54050,50,2.5,0,0,6,4416.71143,0.418325752,1,16.9846649,16.0594692,82.8738098,16.8333855,14.938447,250.43045,0,1,0,1,1,0
1080,3241,2,8327376,0,0,66,0,255,0,0,1,0,0,54050,50,2.5,0,0,6,4312.66992,22.2558212,0,16.6551399,17.9244614,79.1684265,16.9927292,15.9370251,358.700684,0,1,0,4,4,0
1080,3242,3,8327452,0,0,0,0,255,0,0,1,0,0,54050,50,2.5,0,0,6,4310.05664,13.9857407,0,16.3798485,19.188858,89.1253052,16.6824474,18.0332642,360,0.946487427,1,0,2,2,0
1081,3243,1,8327300,0,0,255,0,255,255,0,0,0,0,54100,50,2.5,0,0,6,4416.71143,0.418325752,1,16.9846649,16.0594692,82.8738098,16.8333855,14.938447,261.889587,0,1,0,1,1,0
1081,3244,2,8327376,0,0,67,0,255,0,0,1,0,0,54100,50,2.5,0,0,6,4309.98584,20.1605797,0,16.6200218,18.1190815,84.1889954,16.977087,16.1357136,358.763489,0,1,0,4,4,0
1081,3245,3,8327452,0,69,0,0,255,0,0,1,0,0,54100,50,2.5,0,0,6,4309.90479,13.9028816,0,16.330965,19.3674412,92.9846497,16.639431,18.2279243,360,1.15335083,1,0,2,2,0
1082,3246,1,8327300,0,0,255,0,255,255,0,0,0,0,54150,50,2.5,0,0,6,4416.71143,0.418325752,1,16.9846649,16.0594692,82.8738098,16.8333855,14.938447,273.348724,0,1,0,1,1,0
1082,3247,2,8327376,0,0,63,0,255,0,0,1,0,0,54150,50,2.5,0,0,6,4307.88721,18.1660862,0,16.5824947,18.3134518,84.9477539,16.9584846,16.3340683,358.851379,0,1,0,4,4,0
1082,3248,3,8327452,0,0,0,0,255,0,0,1,0,0,54150,50,2.5,0,0,6,4310.09521,13.5201387,0,16.2776375,19.5512657,93.1157532,16.5940266,18.422039,359.991486,0,1,0,2,2,0
1083,3249,1,8327300,0,0,255,0,255,255,0,0,0,0,54200,50,2.5,0,0,6,4416.71143,0.418325752,1,16.9846649,16.0594692,82.8738098,16.8333855,14.938447,284.807861,0,1,0,1,1,0
1083,3250,2,8327376,0,0,60,0,255,0,0,1,0,0,54200,50,2.5,0,0,6,4306.43604,16.5064659,0,16.5442619,18.4991016,85.6104431,16.9370403,16.5320816,358.913879,0,1,0,4,4,0
1083,3251,3,8327452,0,0,0,0,255,0,0,1,0,0,54200,50,2.5,0,0,6,4310.13184,8.10653305,0,16.2207184,19.7362041,93.2115784,16.5469151,18.6158428,359.944702,0,1,0,2,2,0
1084,3252,1,8327300,0,0,255,0,255,255,0,0,0,0,54250,50,2.5,0,0,6,4416.71143,0.418325752,1,16.9846649,16.0594692,82.8738098,16.8333855,14.938447,296.267029,0,1,0,1,1,0
1084,3253,2,8327376,0,0,58,0,255,0,0,1,0,0,54250,50,2.5,0,0,6,4305.47021,15.0039263,0,16.5004635,18.6985569,86.2728577,16.9128742,16.7297478,358.946442,0,1,0,4,4,0
1084,3254,3,8327452,0,0,0,0,255,0,0,1,0,0,54250,50,2.5,0,0,6,4312.2168,6.23685551,0,16.1614761,19.9176826,93.2699585,16.4980774,18.8093166,359.784088,0,1,0,2,2,0
1085,3255,1,8327300,0,0,255,0,255,255,0,0,0,0,54300,50,2.5,0,0,6,4416.71143,0.418325752,1,16.9846649,16.0594692,82.8738098,16.8333855,14.938447,307.726166,0,1,0,1,1,0
1085,3256,2,8327376,0,0,58,0,255,0,0,1,0,0,54300,50,2.5,0,0,6,4304.95703,13.5952768,0,16.4580822,18.8798504,86.8209534,16.8861065,16.9270687,358.966248,0,1,0,4,4,0
1085,3257,3,8327452,0,0,0,0,255,0,0,1,0,0,54300,50,2.5,0,0,6,4314.20361,6.26943064,0,16.2173157,19.7469215,93.2838593,16.4475174,19.0024414,359.961609,0,1,0,1,1,0
1086,3258,1,8327300,0,0,255,0,255,255,0,0,0,0,54350,50,2.5,0,0,6,4416.71143,0.418325752,1,16.9846649,16.0594692,82.8738098,16.8333855,14.938447,319.185303,0,1,0,1,1,0
1086,3259,2,8327376,0,0,58,0,255,0,0,1,0,0,54350,50,2.5,0,0,6,4304.82666,12.3358259,0,16.409277,19.0762024,87.3656311,16.8568478,17.1240406,358.96817,0,1,0,4,4,0
1086,3260,3,8327452,0,0,0,0,255,0,0,1,0,0,54350,50,2.5,0,0,6,4316.14355,6.15711737,0,16.1596928,19.9229813,93.2678528,16.3952618,19.1952095,359.64386,0,1,0,1,1,0
1087,3261,1,8327300,0,0,255,0,255,0,0,0,0,0,54400,50,2.5,0,0,6,4416.71143,0.418325752,1,16.9846649,16.0594692,82.8738098,16.8333855,14.938447,330.64447,0,1,0,1,1,0
1087,3262,2,8327376,0,0,0,0,255,0,0,1,0,0,54400,50,2.5,0,0,6,4305.03369,11.2919102,0,16.4592667,18.8749199,87.8163147,16.8251953,17.3206615,359.184875,0,1,0,3,3,0
1087,3263,3,8327452,0,0,0,0,255,0,0,1,0,0,54400,50,2.5,0,0,6,4318.07764,5.93838358,0,16.0956821,20.1074486,93.2036285,16.3413506,19.3876171,359.14325,0,1,0,1,1,0
1088,3264,1,8327300,0,0,255,0,255,0,0,0,0,0,54450,50,2.5,0,0,6,4416.71143,0.418325752,1,16.9846649,16.0594692,82.8738098,16.8333855,14.938447,342.103607,0,1,0,1,1,0
1088,3265,2,8327376,0,0,0,0,255,0,0,1,0,0,54450,50,2.5,0,0,6,4306.22852,10.4551668,0,16.4109249,19.0697746,88.2496643,16.7913284,17.516964,359.627106,0,1,0,3,3,0
1088,3266,3,8327452,0,0,94,0,255,0,0,1,0,0,54450,50,2.5,0,0,6,4320.03125,5.64840603,0,16.0259037,20.2965965,93.0981445,16.2858353,19.5796642,358.439392,0,1,0,1,1,0
1089,3267,1,8327300,0,0,255,0,255,0,0,0,0,0,54500,50,2.5,0,0,6,4416.71143,0.418325752,1,16.9846649,16.0594692,82.8738098,16.8333855,14.938447,353.562744,0,1,0,1,1,0
1089,3268,2,8327376,0,0,0,0,255,0,0,1,0,0,54500,50,2.5,0,0,6,4307.19092,11.9970694,0,16.3635006,19.2497292,88.6041565,16.7550678,17.7128639,359.994476,0,1,0,3,3,0
1089,3269,3,8327452,0,0,115,0,255,0,0,1,0,0,54500,50,2.5,0,0,6,4321.18213,5.31441736,0,15.9584332,20.4688168,92.9614258,16.2285824,19.7712708,358.092194,0,1,0,1,1,0
1090,3270,1,8327300,0,0,191,0,255,0,0,0,0,0,54550,50,2.5,0,0,6,4416.71143,0.418325752,1,16.9846649,16.0594692,82.8738098,16.8333855,14.938447,360,5.0218811,1,0,1,1,0
1090,3271,2,8327376,0,0,0,0,255,0,0,1,0,0,54550,50,2.5,0,0,6,4307.63135,13.3940439,0,16.3119793,19.4341316,88.9265137,16.7163067,17.9082909,360,0.28427124,1,0,3,3,0
1090,3272,3,8327452,0,0,135,0,255,0,0,1,0,0,54550,50,2.5,0,0,6,4322.1665,6.25773907,0,15.8810015,20.6548271,92.767395,16.1693535,19.9623089,357.751556,0,1,0,1,1,0
1091,3273,1,8327300,0,0,127,0,255,0,0,0,0,0,54600,50,2.5,0,0,6,4416.71143,0.418325752,1,16.9846649,16.0594692,82.8738098,16.8333855,14.938447,360,16.4810791,1,0,1,1,0
1091,3274,2,8327376,0,0,0,0,255,0,0,1,0,0,54600,50,2.5,0,0,6,4307.73975,14.2226772,0,16.2575989,19.6176281,89.2032471,16.6749916,18.1031914,360,0.49961853,1,0,3,3,0
1091,3275,3,8327452,0,0,186,0,255,0,0,1,0,0,54600,50,2.5,0,0,6,4322.27881,8.45641613,0,15.6464233,21.1537704,92.5360718,16.107872,20.1526184,356.896698,0,1,0,2,2,0
1092,3276,1,8327300,0,0,63,0,255,0,0,0,0,0,54650,50,2.5,0,0,6,4416.71143,0.418325752,1,16.9846649,16.0594692,82.8738098,16.8333855,14.938447,360,27.9402161,1,0,1,1,0
1092,3277,2,8327376,0,0,0,0,255,0,0,1,0,0,54650,50,2.5,0,0,6,4307.67725,14.5624733,0,16.3099842,19.4410553,93.0418396,16.6311131,18.2975235,360,0.953613281,1,0,2,2,0
1092,3278,3,8327452,0,0,179,0,255,0,0,1,0,0,54650,50,2.5,0,0,6,4320.45361,11.6259737,0,15.558526,21.3193321,92.2572327,16.0438175,20.3419666,357.00708,0,1,0,2,2,0
1093,3279,1,8327300,0,255,0,0,255,255,0,0,0,0,54700,50,2.5,0,0,6,4416.71143,0.418325752,1,16.9846649,16.0594692,82.8738098,16.8333855,14.938447,360,39.3993683,1,0,1,1,0
1093,3280,2,8327376,0,68,0,0,255,0,0,1,0,0,54700,50,2.5,0,0,6,4307.57617,14.5052624,0,16.258255,19.6154804,93.1535034,16.5846901,18.4912605,360,1.13131714,1,0,2,2,0
1093,3281,3,8327452,0,0,183,0,255,0,0,1,0,0,54700,50,2.5,0,0,6,4317.78809,17.5360203,0,15.469635,21.4765224,91.9419098,15.9768276,20.5301075,356.929321,0,1,0,2,2,0
1094,3282,1,8327300,0,255,0,0,255,255,0,0,0,0,54750,50,2.5,0,0,6,4416.71143,0.418325752,1,16.9846649,16.0594692,82.8738098,16.8333855,14.938447,360,50.8585052,1,0,1,1,0
1094,3283,2,8327376,0,0,0,0,255,0,0,1,0,0,54750,50,2.5,0,0,6,4307.81006,14.1431589,0,16.200573,19.7991161,93.2328339,16.5358772,18.6844082,359.934448,0,1,0,2,2,0
1094,3284,3,8327452,0,0,194,0,255,0,0,1,0,0,54750,50,2.5,0,0,6,4313.30713,24.0611229,0,15.3687105,21.643568,91.5498505,15.9066505,20.7168083,356.725128,0,1,0,2,2,0
1095,3285,1,8327300,0,255,0,0,255,255,0,0,0,0,54800,50,2.5,0,0,6,4416.71143,0.418325752,1,16.9846649,16.0594692,82.8738098,16.8333855,14.938447,360,62.3176575,1,0,1,1,0
1095,3286,2,8327376,0,0,0,0,255,0,0,1,0,0,54800,50,2.5,0,0,6,4307.88379,8.75005436,0,16.1403522,19.9798946,93.2768555,16.4853554,18.8772144,359.84021,0,1,0,2,2,0
1095,3287,3,8327452,0,0,205,0,255,0,0,1,0,0,54800,50,2.5,0,0,6,4306.98486,30.7959023,0,15.2724819,21.79245,91.1446991,15.8330994,20.9018421,356.515137,0,1,0,2,2,0
1096,3288,1,8327300,0,255,0,0,255,255,0,0,0,0,54850,50,2.5,0,0,6,4416.71143,0.418325752,1,16.9846649,16.0594692,82.8738098,16.8333855,14.938447,360,73.7767944,1,0,1,1,0
1096,3289,2,8327376,0,0,0,0,255,0,0,1,0,0,54850,50,2.5,0,0,6,4310.00342,6.89016294,0,16.1966476,19.8112278,93.28125,16.4331036,19.0696583,360,0.031463623,1,0,1,1,0
1096,3290,3,8327452,0,0,219,0,255,0,0,1,0,0,54850,50,2.5,0,0,6,4298.85205,38.3978271,0,15.1669617,21.9449978,90.6637878,15.7560253,21.0849781,356.246704,0,1,0,2,2,0
1097,3291,1,8327300,0,255,0,0,255,255,0,0,0,0,54900,50,2.5,0,0,6,4416.71143,0.418325752,1,16.9846649,16.0594692,82.8738098,16.8333855,14.938447,360,85.2359467,1,0,1,1,0
1097,3292,2,8327376,0,0,0,0,255,0,0,1,0,0,54900,50,2.5,0,0,6,4312.02148,6.93028927,0,16.134737,19.9962215,93.2436523,16.3791275,19.2617226,359.782837,0,1,0,1,1,0
1097,3293,3,8327452,0,0,234,0,255,0,0,1,0,0,54900,50,2.5,0,0,6,4288.67676,47.1466064,0,15.0572186,22.0926933,90.1311646,15.6753254,21.2659779,355.955505,0,1,0,2,2,0
1098,3294,1,8327300,0,255,0,0,255,255,0,0,0,0,54950,50,2.5,0,0,6,4416.71143,0.418325752,1,16.9846649,16.0594692,82.8738098,16.8333855,14.938447,360,96.6952057,1,0,1,1,0
1098,3295,2,8327376,0,0,0,0,255,0,0,1,0,0,54950,50,2.5,0,0,6,4313.99316,6.82224607,0,16.0728378,20.170681,93.1768036,16.3234539,19.4533978,359.366608,0,1,0,1,1,0
1098,3296,3,8327452,0,0,250,0,255,0,0,1,0,0,54950,50,2.5,0,0,6,4276.30811,57.4979973,0,14.9429989,22.2354813,89.5450592,15.5909405,21.444603,355.639832,0,1,0,2,2,0
1099,3297,1,8327300,0,255,0,0,255,255,0,0,0,0,55000,50,2.5,0,0,6,4416.71143,0.418325752,1,16.9846649,16.0594692,82.8738098,16.8333855,14.938447,360,108.154221,1,0,1,1,0
1099,3298,2,8327376,0,0,75,0,255,0,0,1,0,0,55000,50,2.5,0,0,6,4315.95752,6.60654449,0,16.005434,20.3499012,93.0607605,16.2661209,19.64468,358.749207,0,1,0,1,1,0
1099,3299,3,8327452,0,0,255,0,255,0,0,1,0,0,55000,50,2.5,0,0,6,4261.51758,69.9297485,0,14.5861683,22.619791,88.8740845,15.502862,21.6206169,354.810547,0,1,0,3,3,0
1100,3300,1,8327300,0,255,0,0,255,255,0,0,0,0,55050,50,2.5,0,0,6,4416.71143,0.418325752,1,16.9846649,16.0594692,82.8738098,16.8333855,14.938447,360,119.613373,1,0,1,1,0
1100,3301,2,8327376,0,0,105,0,255,0,0,1,0,0,55050,50,2.5,0,0,6,4317.30762,6.31937361,0,15.9335251,20.5299511,92.9023132,16.2070351,19.8355045,358.252655,0,1,0,1,1,0
1100,3302,3,8327452,0,0,255,0,0,255,0,1,0,0,55050,50,2.5,0,0,6,4244.6543,84.9785538,0,14.4474869,22.7494278,88.1776428,15.4110994,21.793787,354.534912,0,1,0,3,3,0
1101,3303,1,8327300,0,255,0,0,255,255,0,0,0,0,55100,50,2.5,0,0,6,4416.71143,0.418325752,1,16.9846649,16.0594692,82.8738098,16.8333855,14.938447,360,131.072525,1,0,1,1,0
1101,3304,2,8327376,0,0,129,0,255,0,0,1,0,0,55100,50,2.5,0,0,6,4318.43994,6.70451736,0,15.8547802,20.7152081,92.6934662,16.1460381,20.0257778,357.846741,0,1,0,1,1,0
1101,3305,3,8327452,0,0,255,0,0,255,0,1,0,0,55100,50,2.5,0,0,6,4108.61816,101.777794,0,14.3074398,22.8717785,87.4529419,15.3207455,21.9605751,354.164429,0,1,0,3,3,0
1102,3306,1,8327300,0,255,0,0,255,255,0,0,0,0,55150,50,2.5,0,0,6,4416.71143,0.418325752,1,16.9846649,16.0594692,82.8738098,16.8333855,14.938447,360,142.531662,1,0,1,1,0
1102,3307,2,8327376,0,0,149,0,255,0,0,1,0,0,55150,50,2.5,0,0,6,4318.87988,8.37344933,0,15.7795238,20.8817253,92.4575043,16.0828781,20.2153492,357.499969,0,1,0,1,1,0
1102,3308,3,8327452,0,0,255,0,0,255,0,1,0,0,55150,50,2.5,0,0,6,3976.18066,128.872833,0,14.1730099,22.9822235,86.738266,15.2317715,22.1209946,353.757843,0,1,0,3,3,0
1103,3309,1,8327300,0,255,0,0,255,255,0,0,0,0,55200,50,2.5,0,0,6,4416.71143,0.418325752,1,16.9846649,16.0594692,82.8738098,16.8333855,14.938447,360,153.990799,1,0,1,1,0
1103,3310,2,8327376,0,0,201,0,255,0,0,1,0,0,55200,50,2.5,0,0,6,4318.28125,11.1864166,0,15.5265732,21.3769741,92.146759,16.0172729,20.4040318,356.630249,0,1,0,2,2,0
1103,3311,3,8327452,0,0,255,0,0,255,0,1,0,0,55200,50,2.5,0,0,6,3845.4585,160.172348,0,13.7415304,23.2990627,85.9720459,15.1440754,22.2750206,353.198914,0,1,0,4,4,0
1104,3312,1,8327300,0,255,0,0,255,255,0,0,0,0,55250,50,2.5,0,0,6,4416.71143,0.418325752,1,16.9846649,16.0594692,82.8738098,16.8333855,14.938447,360,165.449951,1,0,1,1,0
1104,3313,2,8327376,0,0,193,0,255,0,0,1,0,0,55250,50,2.5,0,0,6,4315.42188,15.1484089,0,15.4370956,21.5316601,91.8206787,15.9489183,20.591568,356.740967,0,1,0,2,2,0
1104,3314,3,8327452,0,0,255,0,0,255,0,1,0,0,55250,50,2.5,0,0,6,3715.86157,192.450607,0,13.5879049,23.4003677,85.0460663,15.0575676,22.4226151,353.13269,0,1,0,4,4,0
1105,3315,1,8327300,0,255,0,0,255,255,0,0,0,0,55300,50,2.5,0,0,6,4416.71143,0.418325752,1,16.9846649,16.0594692,82.8738098,16.8333855,14.938447,360,176.909103,1,0,1,1,0
1105,3316,2,8327376,0,0,201,0,255,0,0,1,0,0,55300,50,2.5,0,0,6,4311.61523,22.264122,0,15.3353968,21.6962109,91.4111176,15.8774662,20.777689,356.595703,0,1,0,2,2,0
1105,3317,3,8327452,0,0,255,0,0,255,0,1,0,0,55300,50,2.5,0,0,6,3587.28613,224.510056,0,13.1334867,23.6718388,88.0094757,14.9724064,22.5640163,352.997986,0,1,0,5,5,0
1106,3318,1,8327300,0,191,255,0,255,255,0,0,0,0,55350,50,2.5,0,0,6,4416.71143,0.418325752,1,16.9846649,16.0594692,82.8738098,16.8333855,14.938447,188.368256,0,1,0,1,1,0
1106,3319,2,8327376,0,0,212,0,255,0,0,1,0,0,55350,50,2.5,0,0,6,4305.6084,30.0565338,0,15.2324886,21.8515358,90.9647675,15.8026896,20.9621429,356.390717,0,1,0,2,2,0
1106,3320,3,8327452,0,0,255,0,0,255,0,1,0,0,55350,50,2.5,0,0,6,3461.95557,255.88031,0,12.9804859,23.7549915,87.1267853,14.8888788,22.6996479,353.309265,0,1,0,5,5,0
1107,3321,1,8327300,0,127,255,0,255,255,0,0,0,0,55400,50,2.5,0,0,6,4416.71143,0.418325752,1,16.9846649,16.0594692,82.8738098,16.8333855,14.938447,199.827393,0,1,0,1,1,0
1107,3322,2,8327376,0,0,225,0,255,0,0,1,0,0,55400,50,2.5,0,0,6,4297.53564,38.4219971,0,15.1254921,22.0020714,90.4647522,15.7244215,21.14468,356.135925,0,1,0,2,2,0
1107,3323,3,8327452,0,0,255,0,0,255,0,1,0,0,55400,50,2.5,0,0,6,3341.73828,288.815857,0,12.5037336,23.9915981,86.4037323,14.8072252,22.8299274,353.563538,0,1,0,6,6,0
1108,3324,1,8327300,0,63,255,0,255,255,0,0,0,0,55450,50,2.5,0,0,6,4416.71143,0.418325752,1,16.9846649,16.0594692,82.8738098,16.8333855,14.938447,211.28653,0,1,0,1,1,0
1108,3325,2,8327376,0,0,240,0,255,0,0,1,0,0,55450,50,2.5,0,0,6,4287.27686,47.9554443,0,15.0189381,22.1417465,89.9366913,15.6425476,21.3250484,355.848206,0,1,0,2,2,0
1108,3326,3,8327452,0,0,241,0,0,255,0,1,0,0,55450,50,2.5,0,0,6,3226.86377,325.104492,0,12.3651314,24.0546093,85.7756348,14.7276154,22.9552364,354.190765,0,1,0,6,6,0
1109,3327,1,8327300,0,0,255,0,255,255,0,0,0,0,55500,50,2.5,0,0,6,4416.71143,0.418325752,1,16.9846649,16.0594692,82.8738098,16.8333855,14.938447,222.745682,0,1,0,1,1,0
1109,3328,2,8327376,0,0,255,0,255,0,0,1,0,0,55500,50,2.5,0,0,6,4274.64355,59.0942535,0,14.8965092,22.2906017,89.2987213,15.5570078,21.5030022,355.51181,0,1,0,2,2,0
1109,3329,3,8327452,0,0,213,0,0,255,0,1,0,0,55500,50,2.5,0,0,6,3117.19629,364.831512,0,11.8926334,24.25214,85.2786865,14.6500788,23.0757713,354.64093,0,1,0,7,7,0
1110,3330,1,8327300,0,0,255,0,255,255,0,0,0,0,55550,50,2.5,0,0,6,4416.71143,0.418325752,1,16.9846649,16.0594692,82.8738098,16.8333855,14.938447,234.204834,0,1,0,1,1,0
1110,3331,2,8327376,0,0,255,0,255,0,0,1,0,0,55550,50,2.5,0,0,6,4259.49365,72.3887558,0,14.5456486,22.6586189,88.6703796,15.4677963,21.678299,354.672913,0,1,0,3,3,0
1110,3332,3,8327452,0,0,187,0,0,255,0,1,0,0,55550,50,2.5,0,0,6,3010.81396,404.038025,0,11.754714,24.3051052,84.7798615,14.574523,23.1915245,355.120605,0,1,0,7,7,0
1111,3333,1,8327300,0,0,255,0,255,255,0,0,0,0,55600,50,2.5,0,0,6,4416.71143,0.418325752,1,16.9846649,16.0594692,82.8738098,16.8333855,14.938447,245.663971,0,1,0,1,1,0
1111,3334,2,8327376,0,0,255,0,0,255,0,1,0,0,55600,50,2.5,0,0,6,4242.5957,88.3169022,0,14.4049206,22.7874641,87.9564819,15.3749104,21.8507118,354.35083,0,1,0,3,3,0
1111,3335,3,8327452,0,0,172,0,0,255,0,1,0,0,55600,50,2.5,0,0,6,2905.02661,436.540497,0,11.2819519,24.4719048,84.405899,14.5008116,23.3023624,355.324585,0,1,0,8,8,0
1112,3336,1,8327300,0,0,255,0,255,255,0,0,0,0,55650,50,2.5,0,0,6,4416.71143,0.418325752,1,16.9846649,16.0594692,82.8738098,16.8333855,14.938447,257.123108,0,1,0,1,1,0
1112,3337,2,8327376,0,0,255,0,0,255,0,1,0,0,55650,50,2.5,0,0,6,4106.50537,105.446251,0,14.261754,22.9100361,87.2129669,15.2834854,22.0167599,353.941071,0,1,0,3,3,0
1112,3338,3,8327452,0,0,153,0,0,255,0,1,0,0,55650,50,2.5,0,0,6,2797.96484,459.638824,0,11.1654778,24.509655,84.0631409,14.4287701,23.4079819,355.653259,0,1,0,8,8,0
1113,3339,1,8327300,0,0,255,0,255,255,0,0,0,0,55700,50,2.5,0,0,6,4416.71143,0.418325752,1,16.9846649,16.0594692,82.8738098,16.8333855,14.938447,268.582275,0,1,0,1,1,0
1113,3340,2,8327376,0,0,255,0,0,255,0,1,0,0,55700,50,2.5,0,0,6,3974.09644,132.802383,0,14.119606,23.0243855,86.4536133,15.1934996,22.1764603,353.503906,0,1,0,3,3,0
1113,3341,3,8327452,0,0,139,0,255,0,0,1,0,0,55700,50,2.5,0,0,6,2687.37305,474.156799,0,11.0449753,24.5473728,83.7450562,14.3581877,23.5078888,355.878479,0,1,0,8,8,0
1114,3342,1,8327300,0,0,255,0,255,255,0,0,0,0,55750,50,2.5,0,0,6,4416.71143,0.418325752,1,16.9846649,16.0594692,82.8738098,16.8333855,14.938447,280.041351,0,1,0,1,1,0
1114,3343,2,8327376,0,0,255,0,0,255,0,1,0,0,55750,50,2.5,0,0,6,3843.42212,164.457306,0,13.6835804,23.3379078,85.6770325,15.1048613,22.3297997,352.990387,0,1,0,4,4,0
1114,3344,3,8327452,0,0,132,0,255,0,0,1,0,0,55750,50,2.5,0,0,6,2652.28516,476.968689,0,10.5719719,24.6826553,83.4796753,14.2843771,23.6031685,356.000366,0,1,0,9,9,0
1115,3345,1,8327300,0,0,255,0,255,255,0,0,0,0,55800,50,2.5,0,0,6,4416.71143,0.418325752,1,16.9846649,16.0594692,82.8738098,16.8333855,14.938447,291.500549,0,1,0,1,1,0
1115,3346,2,8327376,0,0,255,0,0,255,0,1,0,0,55800,50,2.5,0,0,6,3713.9292,197.107269,0,13.5353336,23.4338417,88.5711517,15.0174961,22.4767532,352.927979,0,1,0,4,4,0
1115,3347,3,8327452,0,0,122,0,255,0,0,1,0,0,55800,50,2.5,0,0,6,2616.15137,445.104065,0,10.4625988,24.7111053,83.2490997,14.2071543,23.6931648,356.255646,0,1,0,9,9,0
1116,3348,1,8327300,0,0,255,0,255,255,0,0,0,0,55850,50,2.5,0,0,6,4416.71143,0.418325752,1,16.9846649,16.0594692,82.8738098,16.8333855,14.938447,302.959686,0,1,0,1,1,0
1116,3349,2,8327376,0,0,255,0,0,255,0,1,0,0,55850,50,2.5,0,0,6,3585.58325,229.648346,0,13.0703096,23.7066364,87.6314392,14.9315434,22.6175442,352.844635,0,1,0,5,5,0
1116,3350,3,8327452,0,0,112,0,255,0,0,1,0,0,55850,50,2.5,0,0,6,2577.68457,407.226776,0,10.3557653,24.7378864,83.0447083,14.1264086,23.7773952,356.503479,0,1,0,9,9,0
1117,3351,1,8327300,0,0,255,0,255,255,0,0,0,0,55900,50,2.5,0,0,6,4416.71143,0.418325752,1,16.9846649,16.0594692,82.8738098,16.8333855,14.938447,314.418854,0,1,0,1,1,0
1117,3352,2,8327376,0,0,255,0,0,255,0,1,0,0,55900,50,2.5,0,0,6,3460.33081,261.617889,0,12.9251299,23.7841606,86.828476,14.8472729,22.7525845,353.167084,0,1,0,5,5,0
1117,3353,3,8327452,0,0,102,0,255,0,0,1,0,0,55900,50,2.5,0,0,6,2540.4292,361.16925,0,10.2505178,24.7632999,82.8642731,14.0421019,23.8556137,356.744934,0,1,0,9,9,0
1118,3354,1,8327300,0,0,255,0,255,255,0,0,0,0,55950,50,2.5,0,0,6,4416.71143,0.418325752,1,16.9846649,16.0594692,82.8738098,16.8333855,14.938447,325.877991,0,1,0,1,1,0
1118,3355,2,8327376,0,0,255,0,0,255,0,1,0,0,55950,50,2.5,0,0,6,3340.08643,294.98996,0,12.4412994,24.0202847,86.1117859,14.7649202,22.8822918,353.473511,0,1,0,6,6,0
1118,3356,3,8327452,0,0,96,0,255,0,0,1,0,0,55950,50,2.5,0,0,6,2508.26562,310.37326,0,9.79621983,24.8619804,82.723053,13.9543028,23.9279594,356.916077,0,1,0,10,10,0
1119,3357,1,8327300,0,0,255,0,255,0,0,0,0,0,56000,50,2.5,0,0,6,4416.71143,0.418325752,1,16.9846649,16.0594692,82.8738098,16.8333855,14.938447,337.337128,0,1,0,1,1,0
1119,3358,2,8327376,0,0,244,0,0,255,0,1,0,0,56000,50,2.5,0,0,6,3225.19312,331.589447,0,12.3109245,24.0786018,85.5491333,14.6846514,23.0070477,354.110413,0,1,0,6,6,0
1119,3359,3,8327452,0,0,86,0,255,0,0,1,0,0,56000,50,2.5,0,0,6,2485.36108,258.973114,0,9.68533707,24.8833447,82.5747986,13.8631372,23.9948063,357.179504,0,1,0,10,10,0
1120,3360,1,8327300,0,0,255,0,255,0,0,0,0,0,56050,50,2.5,0,0,6,4416.71143,0.418325752,1,16.9846649,16.0594692,82.8738098,16.8333855,14.938447,348.796295,0,1,0,1,1,0
1120,3361,2,8327376,0,0,213,0,0,255,0,1,0,0,56050,50,2.5,0,0,6,3115.53882,371.610443,0,11.8188524,24.2807255,85.0037842,14.6065083,23.1270771,354.626434,0,1,0,7,7,0
1120,3362,3,8327452,0,0,79,0,255,0,0,1,0,0,56050,50,2.5,0,0,6,2473.53857,212.266388,0,9.58481407,24.9017811,82.4641571,13.7687111,24.0565052,357.41571,0,1,0,10,10,0
1121,3363,1,8327300,0,0,0,0,255,0,0,0,0,0,56100,50,2.5,0,0,6,4416.71143,0.418325752,1,16.9846649,16.0594692,82.8738098,16.8333855,14.938447,360,0.255432129,1,0,1,1,0
1121,3364,2,8327376,0,0,186,0,0,255,0,1,0,0,56100,50,2.5,0,0,6,3009.47681,411.870148,0,11.6911621,24.3288383,84.5658722,14.530386,23.2423458,355.118896,0,1,0,7,7,0
1121,3365,3,8327452,0,0,75,0,255,0,0,1,0,0,56100,50,2.5,0,0,6,2471.17627,172.046936,0,9.49101162,24.9181786,86.778717,13.6711273,24.1133976,357.645935,0,1,0,10,10,0
1122,3366,1,8327300,0,0,127,0,255,0,0,0,0,0,56150,50,2.5,0,0,6,4416.71143,0.418325752,1,16.9846649,16.0594692,82.8738098,16.8333855,14.938447,360,11.7145691,1,0,1,1,0
1122,3367,2,8327376,0,0,170,0,0,255,0,1,0,0,56150,50,2.5,0,0,6,2903.7168,444.931885,0,11.2184343,24.492651,84.214447,14.4561462,23.3527107,355.350677,0,1,0,8,8,0
1122,3368,3,8327452,0,0,68,0,255,0,0,1,0,0,56150,50,2.5,0,0,6,2477.13306,137.805374,0,9.38264847,24.9361515,86.7133331,13.5704861,24.1658249,357.887207,0,1,0,10,10,0
1123,3369,1,8327300,0,0,63,0,255,0,0,0,0,0,56200,50,2.5,0,0,6,4416.71143,0.418325752,1,16.9846649,16.0594692,82.8738098,16.8333855,14.938447,360,23.1737061,1,0,1,1,0
1123,3370,2,8327376,0,0,152,0,0,255,0,1,0,0,56200,50,2.5,0,0,6,2796.55957,467.961945,0,11.0920429,24.5327988,83.8647919,14.383604,23.4578419,355.663696,0,1,0,8,8,0
1123,3371,3,8327452,0,0,61,0,255,0,0,1,0,0,56200,50,2.5,0,0,6,2490.47119,109.336472,0,9.28050804,24.9521236,86.6695251,13.4668875,24.2141228,358.111572,0,1,0,10,10,0
1124,3372,1,8327300,0,255,0,0,255,255,0,0,0,0,56250,50,2.5,0,0,6,4416.71143,0.418325752,1,16.9846649,16.0594692,82.8738098,16.8333855,14.938447,360,34.632843,1,0,1,1,0
1124,3373,2,8327376,0,0,141,0,255,0,0,1,0,0,56250,50,2.5,0,0,6,2685.48193,481.968018,0,10.6274719,24.6678162,83.6088715,14.3125582,23.5572491,355.800262,0,1,0,9,9,0
1124,3374,3,8327452,0,0,55,0,255,0,0,1,0,0,56250,50,2.5,0,0,6,2509.96484,85.8710861,0,9.18907833,24.9656162,86.6418915,13.3604307,24.2586327,358.315765,0,1,0,10,10,0
1125,3375,1,8327300,0,255,0,0,255,255,0,0,0,0,56300,50,2.5,0,0,6,4416.71143,0.418325752,1,16.9846649,16.0594692,82.8738098,16.8333855,14.938447,360,46.0920105,1,0,1,1,0
1125,3376,2,8327376,0,0,130,0,255,0,0,1,0,0,56300,50,2.5,0,0,6,2649.30908,484.082581,0,10.5192766,24.6964912,83.3651581,14.2383308,23.6519718,356.063232,0,1,0,9,9,0
1125,3377,3,8327452,0,0,49,0,255,0,0,1,0,0,56300,50,2.5,0,0,6,2534.60059,66.6772537,0,9.07891369,24.9808502,86.6300964,13.2512131,24.2996998,358.493652,0,1,0,10,10,0
1126,3378,1,8327300,0,255,0,0,255,255,0,0,0,0,56350,50,2.5,0,0,6,4416.71143,0.418325752,1,16.9846649,16.0594692,82.8738098,16.8333855,14.938447,360,57.5511475,1,0,1,1,0
1126,3379,2,8327376,0,0,120,0,255,0,0,1,0,0,56350,50,2.5,0,0,6,2612.48438,451.971161,0,10.4010134,24.7266655,83.1267548,14.1607409,23.7413464,356.302246,0,1,0,9,9,0
1126,3380,3,8327452,0,0,41,0,255,0,0,1,0,0,56350,50,2.5,0,0,6,2563.46802,51.2600021,0,9.33190632,24.9442043,86.6319885,13.1393318,24.3376675,358.740845,0,1,0,9,9,0
1127,3381,1,8327300,0,255,0,0,255,255,0,0,0,0,56400,50,2.5,0,0,6,4416.71143,0.418325752,1,16.9846649,16.0594692,82.8738098,16.8333855,14.938447,360,69.0102997,1,0,1,1,0
1127,3382,2,8327376,0,0,110,0,255,0,0,1,0,0,56400,50,2.5,0,0,6,2573.04419,413.249786,0,10.2957582,24.7524948,82.9387207,14.0796843,23.8249054,356.536591,0,1,0,9,9,0
1127,3383,3,8327452,0,0,38,0,255,0,0,1,0,0,56400,50,2.5,0,0,6,2595.73169,39.0805817,0,9.22737026,24.9600582,86.6491852,13.0248785,24.3728771,358.870605,0,1,0,9,9,0
1128,3384,1,8327300,0,255,0,0,255,255,0,0,0,0,56450,50,2.5,0,0,6,4416.71143,0.418325752,1,16.9846649,16.0594692,82.8738098,16.8333855,14.938447,360,80.4694366,1,0,1,1,0
1128,3385,2,8327376,0,0,103,0,255,0,0,1,0,0,56450,50,2.5,0,0,6,2535.04517,366.031799,0,9.84139061,24.8529701,82.7901154,13.9951258,23.9024162,356.702942,0,1,0,10,10,0
1128,3386,3,8327452,0,0,34,0,255,0,0,1,0,0,56450,50,2.5,0,0,6,2630.48364,29.5088367,0,9.12425804,24.9747143,86.6844635,12.9079428,24.4056568,358.996918,0,1,0,9,9,0
1129,3387,1,8327300,0,255,0,0,255,255,0,0,0,0,56500,50,2.5,0,0,6,4416.71143,0.418325752,1,16.9846649,16.0594692,82.8738098,16.8333855,14.938447,360,91.9285736,1,0,1,1,0
1129,3388,2,8327376,0,0,94,0,255,0,0,1,0,0,56500,50,2.5,0,0,6,2502.21094,314.267365,0,9.73735619,24.873455,82.6422577,13.907136,23.9740334,356.968933,0,1,0,10,10,0
1129,3389,3,8327452,0,0,0,0,255,0,0,1,0,0,56500,50,2.5,0,0,6,2667.15112,22.2050915,0,9.01856709,24.9887123,86.7308197,12.7886095,24.4363098,359.104431,0,1,0,9,9,0
1130,3390,1,8327300,0,255,0,0,255,255,0,0,0,0,56550,50,2.5,0,0,6,4416.71143,0.418325752,1,16.9846649,16.0594692,82.8738098,16.8333855,14.938447,360,103.387726,1,0,1,1,0
1130,3391,2,8327376,0,0,85,0,255,0,0,1,0,0,56550,50,2.5,0,0,6,2479.06958,262.488495,0,9.6362133,24.8924656,82.5213013,13.8158283,24.0401154,357.220612,0,1,0,10,10,0
1130,3392,3,8327452,0,0,0,0,255,0,0,1,0,0,56550,50,2.5,0,0,6,2705.45728,16.7490864,0,8.91158581,25.0018005,86.7920532,12.6669683,24.465189,360,0.323028564,1,0,9,9,0
1131,3393,1,8327300,0,255,0,0,255,255,0,0,0,0,56600,50,2.5,0,0,6,4416.71143,0.418325752,1,16.9846649,16.0594692,82.8738098,16.8333855,14.938447,360,114.846924,1,0,1,1,0
1131,3394,2,8327376,0,0,77,0,255,0,0,1,0,0,56600,50,2.5,0,0,6,2466.75146,215.310562,0,9.5274334,24.9119053,82.408371,13.7213058,24.1010132,357.449158,0,1,0,10,10,0
1131,3395,3,8327452,0,0,8,0,255,0,0,1,0,0,56600,50,2.5,0,0,6,2743.93945,17.6417675,0,9.13863182,24.9727306,86.8757477,12.5430727,24.4920692,360,1.55648804,1,0,8,8,0
1132,3396,1,8327300,0,255,0,0,255,255,0,0,0,0,56650,50,2.5,0,0,6,4416.71143,0.418325752,1,16.9846649,16.0594692,82.8738098,16.8333855,14.938447,360,126.306122,1,0,1,1,0
1132,3397,2,8327376,0,0,74,0,255,0,0,1,0,0,56650,50,2.5,0,0,6,2464.06763,174.502365,0,9.43541813,24.9275322,86.7397919,13.6236639,24.1570702,357.664795,0,1,0,10,10,0
1132,3398,3,8327452,0,54,0,0,255,0,0,1,0,0,56650,50,2.5,0,0,6,2781.06055,19.3859272,0,9.0307827,24.9871483,86.9657593,12.4169884,24.5167732,360,1.50492859,1,0,8,8,0
1133,3399,1,8327300,0,255,0,0,255,255,0,0,0,0,56700,50,2.5,0,0,6,4416.71143,0.418325752,1,16.9846649,16.0594692,82.8738098,16.8333855,14.938447,360,137.76532,1,0,1,1,0
1133,3400,2,8327376,0,0,67,0,255,0,0,1,0,0,56700,50,2.5,0,0,6,2469.71729,139.693665,0,9.33352852,24.9439507,86.6879883,13.5229998,24.2086296,357.902893,0,1,0,10,10,0
1133,3401,3,8327452,0,0,0,0,255,0,0,1,0,0,56700,50,2.5,0,0,6,2817.86475,15.1452055,0,8.91934013,25.0008907,87.0721588,12.288805,24.5397911,360,0.873291016,1,0,8,8,0
1134,3402,1,8327300,0,255,0,0,255,255,0,0,0,0,56750,50,2.5,0,0,6,4416.71143,0.418325752,1,16.9846649,16.0594692,82.8738098,16.8333855,14.938447,360,149.224518,1,0,1,1,0
1134,3403,2,8327376,0,0,60,0,255,0,0,1,0,0,56750,50,2.5,0,0,6,2482.89453,110.780052,0,9.22638512,24.9602051,86.6502533,13.4194088,24.2560291,358.120972,0,1,0,10,10,0
1134,3404,3,8327452,0,71,0,0,255,0,0,1,0,0,56750,50,2.5,0,0,6,2855.17188,9.39505672,0,8.81781292,25.0123672,91.7909088,12.1585779,24.5615807,360,1.8102417,1,0,8,8,0
1135,3405,1,8327300,0,255,0,0,255,255,0,0,0,0,56800,50,2.5,0,0,6,4416.71143,0.418325752,1,16.9846649,16.0594692,82.8738098,16.8333855,14.938447,360,160.683716,1,0,1,1,0
1135,3406,2,8327376,0,0,54,0,255,0,0,1,0,0,56800,50,2.5,0,0,6,2502.30493,87.001709,0,9.12779617,24.9742298,86.632843,13.3129864,24.2996159,358.317444,0,1,0,10,10,0
1135,3407,3,8327452,0,45,0,0,255,0,0,1,0,0,56800,50,2.5,0,0,6,2893.68921,8.88772869,0,9.03487492,24.9866219,91.9408875,12.0263691,24.5821075,360,1.14833069,1,0,7,7,0
1136,3408,1,8327300,0,255,0,0,255,255,0,0,0,0,56850,50,2.5,0,0,6,4416.71143,0.418325752,1,16.9846649,16.0594692,82.8738098,16.8333855,14.938447,360,172.142914,1,0,1,1,0
1136,3409,2,8327376,0,0,49,0,255,0,0,1,0,0,56850,50,2.5,0,0,6,2526.92407,67.5659866,0,9.03623104,24.9864464,86.6255341,13.2038279,24.3397388,358.496887,0,1,0,10,10,0
1136,3410,3,8327452,0,0,0,0,255,0,0,1,0,0,56850,50,2.5,0,0,6,2931.03076,6.04964209,0,8.92004871,25.0008049,92.08638,11.8922453,24.6019039,360,0.661758423,1,0,7,7,0
1137,3411,1,8327300,0,191,255,0,255,255,0,0,0,0,56900,50,2.5,0,0,6,4416.71143,0.418325752,1,16.9846649,16.0594692,82.8738098,16.8333855,14.938447,183.602112,0,1,0,1,1,0
1137,3412,2,8327376,0,0,44,0,255,0,0,1,0,0,56900,50,2.5,0,0,6,2555.80371,51.9694405,0,8.92592621,25.0001106,86.6404114,13.0920258,24.3767452,358.654175,0,1,0,10,10,0
1137,3413,3,8327452,0,55,0,0,255,0,0,1,0,0,56900,50,2.5,0,0,6,2968.8894,3.48445225,0,8.8047142,25.013773,92.2417908,11.7562599,24.6212349,360,1.34945679,1,0,7,7,0
1138,3414,1,8327300,0,127,255,0,255,255,0,0,0,0,56950,50,2.5,0,0,6,4416.71143,0.418325752,1,16.9846649,16.0594692,82.8738098,16.8333855,14.938447,195.06131,0,1,0,1,1,0
1138,3415,2,8327376,0,0,37,0,255,0,0,1,0,0,56950,50,2.5,0,0,6,2588.06714,39.7098885,0,9.1751442,24.9676056,86.6644287,12.9776697,24.4109707,358.892517,0,1,0,9,9,0
1138,3416,3,8327452,0,0,0,0,255,0,0,1,0,0,56950,50,2.5,0,0,6,3006.63574,3.66447926,0,9.02519131,24.9878674,92.4122772,11.6184502,24.6400318,360,0.888183594,1,0,6,6,0
1139,3417,1,8327300,0,63,255,0,255,255,0,0,0,0,57000,50,2.5,0,0,6,4416.71143,0.418325752,1,16.9846649,16.0594692,82.8738098,16.8333855,14.938447,206.520508,0,1,0,1,1,0
1139,3418,2,8327376,0,0,0,0,255,0,0,1,0,0,57000,50,2.5,0,0,6,2622.94092,30.2238598,0,9.06510162,24.9826775,86.7094727,12.8608465,24.4427414,359.013611,0,1,0,9,9,0
1139,3419,3,8327452,0,62,0,0,255,0,0,1,0,0,57000,50,2.5,0,0,6,3043.31934,2.88043356,0,8.91004944,25.0019836,92.5856018,11.4788675,24.6585236,360,1.47692871,1,0,6,6,0
1140,3420,1,8327300,0,0,255,0,255,255,0,0,0,0,57050,50,2.5,0,0,6,4416.71143,0.418325752,1,16.9846649,16.0594692,82.8738098,16.8333855,14.938447,217.979721,0,1,0,1,1,0
1140,3421,2,8327376,0,0,0,0,255,0,0,1,0,0,57050,50,2.5,0,0,6,2660.11475,22.900135,0,8.96787548,24.9950523,86.7588959,12.7416477,24.4724388,360,0.290664673,1,0,9,9,0
1140,3422,3,8327452,0,0,0,0,255,0,0,1,0,0,57050,50,2.5,0,0,6,3079.75195,2.93135881,0,8.78993225,25.0153408,92.7706299,11.337554,24.6767044,360,0.840957642,1,0,6,6,0
1141,3423,1,8327300,0,0,255,0,255,255,0,0,0,0,57100,50,2.5,0,0,6,4416.71143,0.418325752,1,16.9846649,16.0594692,82.8738098,16.8333855,14.938447,229.438919,0,1,0,1,1,0
1141,3424,2,8327376,0,0,9,0,255,0,0,1,0,0,57100,50,2.5,0,0,6,2697.82617,23.2479973,0,8.85623074,25.0081425,86.8310547,12.6201391,24.4998722,360,1.48762512,1,0,9,9,0
1141,3425,3,8327452,0,62,0,0,255,0,0,1,0,0,57100,50,2.5,0,0,6,3115.24536,2.40767169,0,8.99590778,24.9915752,92.9844666,11.1945562,24.6947708,360,1.43916321,1,0,5,5,0
1142,3426,1,8327300,0,0,255,0,255,255,0,0,0,0,57150,50,2.5,0,0,6,4416.71143,0.418325752,1,16.9846649,16.0594692,82.8738098,16.8333855,14.938447,240.898117,0,1,0,1,1,0
1142,3427,2,8327376,0,50,0,0,255,0,0,1,0,0,57150,50,2.5,0,0,6,2734.29395,24.6083221,0,8.75788498,25.0186653,86.9095917,12.4963989,24.5248947,360,1.40684509,1,0,9,9,0
1142,3428,3,8327452,0,0,0,0,255,0,0,1,0,0,57150,50,2.5,0,0,6,3150.32153,2.39958262,0,8.87600613,25.0059109,93.1785889,11.0499163,24.712738,360,0.839553833,1,0,5,5,0
1143,3429,1,8327300,0,0,255,0,255,255,0,0,0,0,57200,50,2.5,0,0,6,4416.71143,0.418325752,1,16.9846649,16.0594692,82.8738098,16.8333855,14.938447,252.357315,0,1,0,1,1,0
1143,3430,2,8327376,0,0,0,0,255,0,0,1,0,0,57200,50,2.5,0,0,6,2770.66821,19.1574135,0,8.99044228,24.99226,87.0051422,12.3705139,24.5480022,360,0.893234253,1,0,8,8,0
1143,3431,3,8327452,0,59,0,0,255,0,0,1,0,0,57200,50,2.5,0,0,6,3184.58228,2.14700556,0,9.07845688,24.9809093,93.4053802,10.9036798,24.7307682,360,1.32962036,1,0,4,4,0
1144,3432,1,8327300,0,0,255,0,255,255,0,0,0,0,57250,50,2.5,0,0,6,4416.71143,0.418325752,1,16.9846649,16.0594692,82.8738098,16.8333855,14.938447,263.816528,0,1,0,1,1,0
1144,3433,2,8327376,0,69,0,0,255,0,0,1,0,0,57250,50,2.5,0,0,6,2807.91431,12.235075,0,8.88054657,25.005394,87.1127319,12.2425346,24.5696774,360,1.88899231,1,0,8,8,0
1144,3434,3,8327452,0,0,0,0,255,0,0,1,0,0,57250,50,2.5,0,0,6,3218.26343,2.12992406,0,8.95411873,24.9967308,93.6155396,10.755887,24.7488842,360,0.794937134,1,0,4,4,0
1145,3435,1,8327300,0,0,255,0,255,255,0,0,0,0,57300,50,2.5,0,0,6,4416.71143,0.418325752,1,16.9846649,16.0594692,82.8738098,16.8333855,14.938447,275.275696,0,1,0,1,1,0
1145,3436,2,8327376,0,44,0,0,255,0,0,1,0,0,57300,50,2.5,0,0,6,2846.71265,11.4494219,0,8.77065849,25.0173512,91.8469086,12.1125259,24.5898781,360,1.13504028,1,0,8,8,0
1145,3437,3,8327452,0,47,0,0,255,0,0,1,0,0,57300,50,2.5,0,0,6,3251.21338,2.07035041,0,8.82182312,25.0119324,93.8784943,10.6065817,24.7672157,360,1.03962708,1,0,4,4,0
1146,3438,1,8327300,0,0,255,0,255,255,0,0,0,0,57350,50,2.5,0,0,6,4416.71143,0.418325752,1,16.9846649,16.0594692,82.8738098,16.8333855,14.938447,286.734894,0,1,0,1,1,0
1146,3439,2,8327376,0,0,0,0,255,0,0,1,0,0,57350,50,2.5,0,0,6,2884.32617,7.95650768,0,8.99809456,24.9913025,91.9851074,11.9805527,24.6091671,360,0.726882935,1,0,7,7,0
1146,3440,3,8327452,0,0,0,0,255,0,0,1,0,0,57350,50,2.5,0,0,6,3283.51025,2.0545342,0,9.01841545,24.9887295,94.8002777,10.4557981,24.7857571,360,0.821014404,1,0,3,3,0
1147,3441,1,8327300,0,0,255,0,255,255,0,0,0,0,57400,50,2.5,0,0,6,4416.71143,0.418325752,1,16.9846649,16.0594692,82.8738098,16.8333855,14.938447,298.194122,0,1,0,1,1,0
1147,3442,2,8327376,0,59,0,0,255,0,0,1,0,0,57400,50,2.5,0,0,6,2922.71729,4.76852369,0,8.88370228,25.0050316,92.1333313,11.8466673,24.6278439,360,1.48345947,1,0,7,7,0
1147,3443,3,8327452,0,48,0,0,255,0,0,1,0,0,57400,50,2.5,0,0,6,3315.10474,2.09294915,0,8.88718414,25.0046329,95.5993042,10.3035784,24.8045979,360,1.01689148,1,0,3,3,0
1148,3444,1,8327300,0,0,255,0,255,255,0,0,0,0,57450,50,2.5,0,0,6,4416.71143,0.418325752,1,16.9846649,16.0594692,82.8738098,16.8333855,14.938447,309.65332,0,1,0,1,1,0
1148,3445,2,8327376,0,0,0,0,255,0,0,1,0,0,57450,50,2.5,0,0,6,2961.15039,4.89993525,0,8.76805782,25.0176182,92.2942352,11.7109127,24.6458569,360,0.865036011,1,0,7,7,0
1148,3446,3,8327452,0,0,0,0,255,0,0,1,0,0,57450,50,2.5,0,0,6,3345.98828,2.08977151,0,9.08728409,24.9797325,102.213562,10.1499586,24.8237572,360,0.869949341,1,0,2,2,0
1149,3447,1,8327300,0,0,255,0,255,255,0,0,0,0,57500,50,2.5,0,0,6,4416.71143,0.418325752,1,16.9846649,16.0594692,82.8738098,16.8333855,14.938447,321.112518,0,1,0,1,1,0
1149,3448,2,8327376,0,65,0,0,255,0,0,1,0,0,57500,50,2.5,0,0,6,2998.48438,3.84660435,0,8.9792347,24.9936523,92.4802856,11.5733385,24.6634655,360,1.56944275,1,0,6,6,0
1149,3449,3,8327452,0,52,0,0,255,0,0,1,0,0,57500,50,2.5,0,0,6,3376.20752,2.18123627,0,8.94292259,24.9980831,102.499207,9.99497986,24.8433075,360,1.01776123,1,0,2,2,0
1150,3450,1,8327300,0,0,255,0,255,0,0,0,0,0,57550,50,2.5,0,0,6,4416.71143,0.418325752,1,16.9846649,16.0594692,82.8738098,16.8333855,14.938447,332.571716,0,1,0,1,1,0
1150,3451,2,8327376,0,0,0,0,255,0,0,1,0,0,57550,50,2.5,0,0,6,3035.69556,3.8461318,0,8.86709976,25.0069199,92.6498108,11.4339905,24.6806755,360,0.938186646,1,0,6,6,0
1150,3452,3,8327452,0,54,0,0,255,0,0,1,0,0,57550,50,2.5,0,0,6,3405.677,2.17135429,0,9.13740253,24.9729023,102.714493,9.83868217,24.8632984,360,1.03501892,1,0,1,1,0
1151,3453,1,8327300,0,0,255,0,255,0,0,0,0,0,57600,50,2.5,0,0,6,4416.71143,0.418325752,1,16.9846649,16.0594692,82.8738098,16.8333855,14.938447,344.030914,0,1,0,1,1,0
1151,3454,2,8327376,0,60,0,0,255,0,0,1,0,0,57600,50,2.5,0,0,6,3071.93579,3.17751455,0,8.74566841,25.0199032,92.8398895,11.2929134,24.6976986,360,1.4158783,1,0,6,6,0
1151,3455,3,8327452,0,0,0,0,255,0,0,1,0,0,57600,50,2.5,0,0,6,3434.43433,2.32225323,0,8.98669434,24.9927273,102.858795,9.68113136,24.8839645,360,0.537765503,1,0,1,1,0
1152,3456,1,8327300,0,0,247,0,255,0,0,0,0,0,57650,50,2.5,0,0,6,4416.71143,0.418325752,1,16.9846649,16.0594692,82.8738098,16.8333855,14.938447,355.490112,0,1,0,1,1,0
1152,3457,2,8327376,0,0,0,0,255,0,0,1,0,0,57650,50,2.5,0,0,6,3107.84668,3.15044689,0,8.95308971,24.9968548,93.052948,11.1501493,24.7145443,360,0.955917358,1,0,5,5,0
1152,3458,3,8327452,0,0,0,0,255,0,0,1,0,0,57650,50,2.5,0,0,6,3462.57886,2.63582325,0,8.82919025,25.0111294,102.927582,9.52236557,24.9053288,360,0.331085205,1,0,1,1,0
1153,3459,1,8327300,0,0,185,0,255,0,0,0,0,0,57700,50,2.5,0,0,6,4416.71143,0.418325752,1,16.9846649,16.0594692,82.8738098,16.8333855,14.938447,360,6.9493103,1,0,1,1,0
1153,3460,2,8327376,0,59,0,0,255,0,0,1,0,0,57700,50,2.5,0,0,6,3142.90161,2.83550072,0,8.83417416,25.0105839,93.2487946,11.0057421,24.7313805,360,1.35542297,1,0,5,5,0
1153,3461,3,8327452,0,0,0,0,255,0,0,1,0,0,57700,50,2.5,0,0,6,3489.97632,2.59158635,0,8.67616081,25.0266743,102.916245,9.36239624,24.9272728,359.910278,0,1,0,1,1,0
1154,3462,2,8327376,0,0,0,0,255,0,0,1,0,0,57750,50,2.5,0,0,6,3177.41846,2.83057952,0,8.69893265,25.0245113,93.4757996,10.8597336,24.7482338,360,0.751815796,1,0,5,5,0
1154,3463,3,8327452,0,0,0,0,255,0,0,1,0,0,57750,50,2.5,0,0,6,3516.80054,2.45586991,0,8.53098488,25.0392151,102.8302,9.20123959,24.9497032,359.28952,0,1,0,1,1,0
1155,3464,2,8327376,0,56,0,0,255,0,0,1,0,0,57800,50,2.5,0,0,6,3211.17651,2.72435927,0,8.90455723,25.0026226,93.7003174,10.7121668,24.7652378,360,1.24131775,1,0,4,4,0
1155,3465,3,8327452,0,0,87,0,255,0,0,1,0,0,57800,50,2.5,0,0,6,3543.03467,2.38335276,0,8.36955929,25.0505238,99.2847443,9.03891468,24.9725418,358.34137,0,1,0,1,1,0
1156,3466,2,8327376,0,0,0,0,255,0,0,1,0,0,57850,50,2.5,0,0,6,3244.27856,2.71655488,0,8.78084946,25.0162907,94.1158905,10.5630808,24.782423,360,0.700714111,1,0,4,4,0
1156,3467,3,8327452,0,0,109,0,255,0,0,1,0,0,57850,50,2.5,0,0,6,3568.38086,2.34981465,0,8.21238327,25.0581627,99.32164,8.87541008,24.9954128,357.933472,0,1,0,1,1,0
1157,3468,2,8327376,0,52,0,0,255,0,0,1,0,0,57900,50,2.5,0,0,6,3276.68262,2.74726534,0,8.97670269,24.9939651,95.0627136,10.4125185,24.7998943,360,1.13117981,1,0,3,3,0
1157,3469,3,8327452,0,0,136,0,255,0,0,1,0,0,57900,50,2.5,0,0,6,3592.75073,2.45957112,0,8.05723095,25.0621777,99.2598724,8.71069717,25.0177784,357.454773,0,1,0,1,1,0
1158,3470,2,8327376,0,0,0,0,255,0,0,1,0,0,57950,50,2.5,0,0,6,3308.36914,2.74052691,0,8.83802032,25.0101624,101.991226,10.2605171,24.8176823,360,0.642883301,1,0,3,3,0
1158,3471,3,8327452,0,0,166,0,255,0,0,1,0,0,57950,50,2.5,0,0,6,3615.91821,3.26142263,0,7.88347864,25.0627155,99.0785675,8.5447731,25.0390911,356.912384,0,1,0,1,1,0
1159,3472,2,8327376,0,55,0,0,255,0,0,1,0,0,58000,50,2.5,0,0,6,3339.39404,2.84610343,0,9.04511642,24.9852943,102.305206,10.1071186,24.8358631,360,1.08346558,1,0,2,2,0
1159,3473,3,8327452,0,0,187,0,255,0,0,1,0,0,58000,50,2.5,0,0,6,3637.40576,5.16334486,0,7.71951914,25.059576,98.7073669,8.37766647,25.0587902,356.520081,0,1,0,1,1,0
1160,3474,2,8327376,0,0,0,0,255,0,0,1,0,0,58050,50,2.5,0,0,6,3369.64404,2.84015012,0,8.90226936,25.0028896,102.565292,9.95236397,24.8544903,360,0.592697144,1,0,2,2,0
1160,3475,3,8327452,0,0,205,0,255,0,0,1,0,0,58050,50,2.5,0,0,6,3656.9585,8.51376534,0,7.53629541,25.0520611,97.9231415,8.20944023,25.0763302,356.169556,0,1,0,1,1,0
1161,3476,2,8327376,0,60,0,0,255,0,0,1,0,0,58100,50,2.5,0,0,6,3399.29199,3.01088881,0,9.09742737,24.9783688,102.758453,9.7962923,24.8736267,360,1.14497375,1,0,1,1,0
1161,3477,3,8327452,0,0,235,0,255,0,0,1,0,0,58100,50,2.5,0,0,6,3672.7981,13.3540373,0,7.01707077,25.0093327,97.1659088,8.04026222,25.0912056,355.604248,0,1,0,2,2,0
1162,3478,2,8327376,0,0,0,0,255,0,0,1,0,0,58150,50,2.5,0,0,6,3428.09863,3.00273347,0,8.94712734,24.9975739,102.883575,9.63894939,24.8933525,360,0.615371704,1,0,1,1,0
1162,3479,3,8327452,0,0,211,0,255,0,0,1,0,0,58150,50,2.5,0,0,6,3685.68579,19.6157341,0,6.84166384,24.9881592,96.4056549,7.87028551,25.1029568,356.041931,0,1,0,2,2,0
1163,3480,2,8327376,0,0,0,0,255,0,0,1,0,0,58200,50,2.5,0,0,6,3456.38965,3.24885654,0,8.79515934,25.0147877,102.930771,9.48037338,24.9137211,360,0.450134277,1,0,1,1,0
1163,3481,3,8327452,0,0,196,0,255,0,0,1,0,0,58200,50,2.5,0,0,6,3697.15601,28.1428375,0,6.67498302,24.9650478,95.6756897,7.699646,25.1111774,356.296051,0,1,0,2,2,0
1164,3482,2,8327376,0,0,0,0,255,0,0,1,0,0,58250,50,2.5,0,0,6,3483.93213,3.24291158,0,8.63669968,25.0302982,102.900833,9.32058048,24.9346256,360,0.0342254639,1,0,1,1,0
1164,3483,3,8327452,0,0,194,0,255,0,0,1,0,0,58250,50,2.5,0,0,6,3705.69287,35.9576149,0,6.15001631,24.8739681,94.893219,7.52853107,25.115593,356.322235,0,1,0,3,3,0
1165,3484,2,8327376,0,0,0,0,255,0,0,1,0,0,58300,50,2.5,0,0,6,3510.88818,3.14457321,0,8.48309612,25.0428658,102.788666,9.15958881,24.9559803,359.399109,0,1,0,1,1,0
1165,3485,3,8327452,0,0,172,0,255,0,0,1,0,0,58300,50,2.5,0,0,6,3711.78931,42.1096649,0,5.9765873,24.8379803,94.1109314,7.35711908,25.1160164,356.706848,0,1,0,3,3,0
1166,3486,2,8327376,0,0,78,0,255,0,0,1,0,0,58350,50,2.5,0,0,6,3537.24316,3.09691644,0,8.33026505,25.0527802,99.3055267,8.99741745,24.9777184,358.509033,0,1,0,1,1,0
1166,3487,3,8327452,0,0,158,0,255,0,0,1,0,0,58350,50,2.5,0,0,6,3717.11548,47.4906883,0,5.80614376,24.7998295,93.3248749,7.18555164,25.1122875,356.953003,0,1,0,3,3,0
1167,3488,2,8327376,0,0,103,0,255,0,0,1,0,0,58400,50,2.5,0,0,6,3562.76978,3.08010483,0,8.17968369,25.0592957,99.3156128,8.83406162,24.9995041,358.055176,0,1,0,1,1,0
1167,3489,3,8327452,0,0,155,0,255,0,0,1,0,0,58400,50,2.5,0,0,6,3721.43335,50.852951,0,5.27864552,24.6645546,92.4736633,7.0139575,25.1043282,356.985352,0,1,0,4,4,0
1168,3490,2,8327376,0,0,136,0,255,0,0,1,0,0,58450,50,2.5,0,0,6,3587.33398,3.1721983,0,8.00845718,25.0627422,99.2218475,8.6694994,25.0208321,357.44574,0,1,0,1,1,0
1168,3491,3,8327452,0,0,138,0,255,0,0,1,0,0,58450,50,2.5,0,0,6,3725.04248,52.2801743,0,5.11919022,24.6185818,91.697052,6.84245586,25.0921135,357.303101,0,1,0,4,4,0
1169,3492,2,8327376,0,0,164,0,255,0,0,1,0,0,58500,50,2.5,0,0,6,3610.64062,3.87423658,0,7.84105825,25.0622368,99.0175629,8.50373077,25.0411549,356.938904,0,1,0,1,1,0
1169,3493,3,8327452,0,0,125,0,255,0,0,1,0,0,58500,50,2.5,0,0,6,3728.86304,52.9507866,0,4.9524045,24.5679684,89.9580536,6.67115259,25.0756187,357.514404,0,1,0,4,4,0
1170,3494,2,8327376,0,0,187,0,255,0,0,1,0,0,58550,50,2.5,0,0,6,3632.34106,5.69577312,0,7.668437,25.0578976,98.4899445,8.33678436,25.0599041,356.510254,0,1,0,1,1,0
1170,3495,3,8327452,0,0,116,0,255,0,0,1,0,0,58550,50,2.5,0,0,6,3732.71753,52.1736298,0,4.78805113,24.5155525,89.3046112,6.50013351,25.0548763,357.663269,0,1,0,4,4,0
1171,3496,2,8327376,0,0,203,0,255,0,0,1,0,0,58600,50,2.5,0,0,6,3652.0813,8.93448734,0,7.50208187,25.0502033,97.7727356,8.16872501,25.0765285,356.201111,0,1,0,1,1,0
1171,3497,3,8327452,0,0,110,0,255,0,0,1,0,0,58600,50,2.5,0,0,6,3736.93579,50.0026855,0,4.61626911,24.4580479,88.5870972,6.32946444,25.029953,357.78186,0,1,0,4,4,0
1172,3498,2,8327376,0,0,235,0,255,0,0,1,0,0,58650,50,2.5,0,0,6,3668.19385,13.6956186,0,6.97602081,25.0046711,96.9877167,7.99971867,25.0905209,355.59436,0,1,0,2,2,0
1172,3499,3,8327452,0,0,103,0,255,0,0,1,0,0,58650,50,2.5,0,0,6,3742.58789,47.0718231,0,4.45454311,24.4013405,87.8856659,6.15915966,25.0009365,357.903351,0,1,0,4,4,0
1173,3500,2,8327376,0,0,210,0,255,0,0,1,0,0,58700,50,2.5,0,0,6,3681.30908,19.8178749,0,6.80824709,24.983757,96.2597504,7.82991982,25.1014194,356.048096,0,1,0,2,2,0
1173,3501,3,8327452,0,0,97,0,255,0,0,1,0,0,58700,50,2.5,0,0,6,3749.51392,43.9139977,0,4.30184889,24.3454742,87.1891479,5.98923969,24.9679108,358.012238,0,1,0,4,4,0
1174,3502,2,8327376,0,0,196,0,255,0,0,1,0,0,58750,50,2.5,0,0,6,3693.06128,28.2630138,0,6.63285589,24.9587536,95.4896545,7.65946388,25.1088123,356.294006,0,1,0,2,2,0
1174,3503,3,8327452,0,0,92,0,255,0,0,1,0,0,58750,50,2.5,0,0,6,3757.15308,40.5808067,0,4.13478565,24.2817154,86.3910828,5.81973743,24.9309959,358.106689,0,1,0,4,4,0
1175,3504,2,8327376,0,0,193,0,255,0,0,1,0,0,58800,50,2.5,0,0,6,3701.37109,35.9886703,0,6.10840845,24.8655968,94.7090302,7.48856068,25.1124229,356.317871,0,1,0,3,3,0
1175,3505,3,8327452,0,0,87,0,255,0,0,1,0,0,58800,50,2.5,0,0,6,3765.5127,37.2057953,0,3.985008,24.2221603,85.637146,5.65067577,24.8903198,358.197327,0,1,0,4,4,0
1176,3506,2,8327376,0,0,172,0,255,0,0,1,0,0,58850,50,2.5,0,0,6,3707.7771,42.08041,0,5.92982292,24.8277855,93.8939514,7.31736612,25.1120625,356.69812,0,1,0,3,3,0
1176,3507,3,8327452,0,0,82,0,255,0,0,1,0,0,58850,50,2.5,0,0,6,3775.50244,33.9401245,0,3.82923794,24.1577587,84.8192596,5.48202705,24.8460121,358.276489,0,1,0,4,4,0
1177,3508,2,8327376,0,0,158,0,255,0,0,1,0,0,58900,50,2.5,0,0,6,3713.36572,47.3944931,0,5.76510429,24.7902355,93.1320801,7.14602137,25.1075745,356.955688,0,1,0,3,3,0
1177,3509,3,8327452,0,0,79,0,255,0,0,1,0,0,58900,50,2.5,0,0,6,3786.34839,30.8803177,0,3.6690855,24.0888443,83.9280853,5.31379175,24.7982025,358.336884,0,1,0,4,4,0
1178,3510,2,8327376,0,0,154,0,255,0,0,1,0,0,58950,50,2.5,0,0,6,3717.96338,50.7693367,0,5.24735641,24.6557198,92.3226624,6.97465467,25.0988789,356.997314,0,1,0,4,4,0
1178,3511,3,8327452,0,0,76,0,255,0,0,1,0,0,58950,50,2.5,0,0,6,3797.73535,27.9723969,0,3.52338743,24.0236931,83.0749359,5.14597368,24.7470303,358.394714,0,1,0,4,4,0
1179,3512,2,8327376,0,0,136,0,255,0,0,1,0,0,59000,50,2.5,0,0,6,3721.86719,52.2544746,0,5.08065414,24.6071148,90.4477844,6.80338526,25.0859489,357.304932,0,1,0,4,4,0
1179,3513,3,8327452,0,0,73,0,255,0,0,1,0,0,59000,50,2.5,0,0,6,3809.62207,25.3345089,0,3.3718226,23.9533348,82.1406708,4.97857332,24.6926308,358.439392,0,1,0,4,4,0
1180,3514,2,8327376,0,0,125,0,255,0,0,1,0,0,59050,50,2.5,0,0,6,3725.98267,52.9091988,0,4.9064517,24.5535679,89.7768707,6.63231754,25.0687637,357.49884,0,1,0,4,4,0
1180,3515,3,8327452,0,0,71,0,255,0,0,1,0,0,59050,50,2.5,0,0,6,3821.92114,22.9843712,0,3.21536899,23.8778267,81.1153259,4.81158829,24.6351337,358.463074,0,1,0,4,4,0
1181,3516,2,8327376,0,0,117,0,255,0,0,1,0,0,59100,50,2.5,0,0,6,3730.0686,52.0296135,0,4.75055265,24.5032387,89.150238,6.46153498,25.0473576,357.656494,0,1,0,4,4,0
1181,3517,3,8327452,0,0,70,0,255,0,0,1,0,0,59100,50,2.5,0,0,6,3834.53369,20.8885117,0,3.073735,23.8068275,80.1286926,4.64501572,24.574667,358.479095,0,1,0,4,4,0
1182,3518,2,8327376,0,0,109,0,255,0,0,1,0,0,59150,50,2.5,0,0,6,3734.53589,49.9060631,0,4.57908583,24.4452324,88.4302521,6.29110432,25.0217972,357.788269,0,1,0,4,4,0
1182,3519,3,8327452,0,0,70,0,255,0,0,1,0,0,59150,50,2.5,0,0,6,3847.37378,19.0599728,0,2.92046881,23.7270088,79.7807922,4.4788537,24.5113487,358.474731,0,1,0,4,4,0
1183,3520,2,8327376,0,0,103,0,255,0,0,1,0,0,59200,50,2.5,0,0,6,3740.46533,47.1646881,0,4.42601585,24.3910751,87.7558441,6.12104034,24.9921665,357.907227,0,1,0,4,4,0
1183,3521,3,8327452,0,0,69,0,255,0,0,1,0,0,59200,50,2.5,0,0,6,3860.34863,17.515564,0,2.78406262,23.6532097,78.8905334,4.3131032,24.4452839,358.474335,0,1,0,4,4,0
1184,3522,2,8327376,0,0,97,0,255,0,0,1,0,0,59250,50,2.5,0,0,6,3747.57129,44.089077,0,4.25769949,24.3288956,86.979599,5.95136309,24.9585514,358.016174,0,1,0,4,4,0
1184,3523,3,8327452,0,0,70,0,255,0,0,1,0,0,59250,50,2.5,0,0,6,3873.39917,16.2603321,0,2.63380075,23.5687046,77.8414917,4.1477704,24.376564,358.433716,0,1,0,4,4,0
1185,3524,2,8327376,0,0,91,0,255,0,0,1,0,0,59300,50,2.5,0,0,6,3755.39526,40.8325195,0,4.10811615,24.2712784,86.2597504,5.78210545,24.9210682,358.115356,0,1,0,4,4,0
1185,3525,3,8327452,0,0,60,0,255,0,0,1,0,0,59300,50,2.5,0,0,6,3886.40552,15.2165813,0,2.78139734,23.6517372,76.832901,3.98286462,24.3052692,358.643005,0,1,0,3,3,0
1186,3526,2,8327376,0,0,87,0,255,0,0,1,0,0,59350,50,2.5,0,0,6,3764.84937,37.5570488,0,3.95226693,24.2088356,85.4702148,5.61324739,24.8798428,358.198242,0,1,0,4,4,0
1186,3527,3,8327452,0,0,65,0,255,0,0,1,0,0,59350,50,2.5,0,0,6,3899.51733,14.3973751,0,2.63010216,23.5665817,75.6571045,3.8183887,24.2314816,358.530701,0,1,0,3,3,0
1187,3528,2,8327376,0,0,82,0,255,0,0,1,0,0,59400,50,2.5,0,0,6,3775.15039,34.3708344,0,3.78819489,24.1403618,84.5954895,5.44479561,24.8349991,358.277832,0,1,0,4,4,0
1187,3529,3,8327452,0,0,68,0,255,0,0,1,0,0,59400,50,2.5,0,0,6,3912.38232,13.4186106,0,2.49227476,23.4858208,74.4984283,3.65434241,24.1552925,358.43396,0,1,0,3,3,0
1188,3530,2,8327376,0,0,79,0,255,0,0,1,0,0,59450,50,2.5,0,0,6,3786.09155,31.3657246,0,3.63579512,24.0741692,83.7401276,5.2767601,24.7866726,358.339539,0,1,0,4,4,0
1188,3531,3,8327452,0,0,72,0,255,0,0,1,0,0,59450,50,2.5,0,0,6,3925.1604,12.6548557,0,2.35107756,23.3996887,73.2098846,3.49074197,24.0767593,358.315308,0,1,0,3,3,0
1189,3532,2,8327376,0,0,75,0,255,0,0,1,0,0,59500,50,2.5,0,0,6,3797.54834,28.5382824,0,3.49025774,24.008543,82.8769226,5.10914516,24.7350006,358.396667,0,1,0,4,4,0
1189,3533,3,8327452,0,0,77,0,255,0,0,1,0,0,59500,50,2.5,0,0,6,3937.69946,12.209321,0,2.2124548,23.3114948,71.8350372,3.32761693,23.9959183,358.17804,0,1,0,3,3,0
1190,3534,2,8327376,0,0,73,0,255,0,0,1,0,0,59550,50,2.5,0,0,6,3809.50806,25.9638767,0,3.33139443,23.9341106,81.8819122,4.94195032,24.6801167,358.427002,0,1,0,4,4,0
1190,3535,3,8327452,0,0,82,0,255,0,0,1,0,0,59550,50,2.5,0,0,6,3949.90796,12.0147924,0,2.07047629,23.2170696,70.2945404,3.16501188,23.9127827,358.011536,0,1,0,3,3,0
1191,3536,2,8327376,0,0,71,0,255,0,0,1,0,0,59600,50,2.5,0,0,6,3821.83887,23.6215076,0,3.18249035,23.8615742,80.8927765,4.77517271,24.6221542,358.450928,0,1,0,4,4,0
1191,3537,3,8327452,0,0,88,0,255,0,0,1,0,0,59600,50,2.5,0,0,6,3961.71484,12.0704069,0,1.94220316,23.1278191,68.7653351,3.00298619,23.8273468,357.832947,0,1,0,3,3,0
1192,3538,2,8327376,0,0,70,0,255,0,0,1,0,0,59650,50,2.5,0,0,6,3834.4917,21.560297,0,3.04140377,23.7902508,79.8955231,4.60880947,24.5612373,358.463562,0,1,0,4,4,0
1192,3539,3,8327452,0,0,81,0,255,0,0,1,0,0,59650,50,2.5,0,0,6,3973.02759,12.3482914,0,2.05371952,23.2056313,67.0478363,2.84161377,23.7395859,357.95047,0,1,0,2,2,0
1193,3540,2,8327376,0,0,70,0,255,0,0,1,0,0,59700,50,2.5,0,0,6,3847.35791,19.7801647,0,2.89766407,23.7148571,79.633255,4.44285917,24.4974823,358.46228,0,1,0,4,4,0
1193,3541,3,8327452,0,0,96,0,255,0,0,1,0,0,59700,50,2.5,0,0,6,3984.08521,12.8569374,0,1.91672659,23.1096115,67.7036743,2.68096018,23.6494808,357.611267,0,1,0,2,2,0
1194,3542,2,8327376,0,0,70,0,255,0,0,1,0,0,59750,50,2.5,0,0,6,3860.34717,18.2763767,0,2.74627161,23.6322803,78.6341248,4.27732372,24.4309921,358.442535,0,1,0,4,4,0
1194,3543,3,8327452,0,0,106,0,255,0,0,1,0,0,59750,50,2.5,0,0,6,3994.31128,13.1463385,0,1.77306664,23.0043983,65.9008484,2.52110648,23.5570107,357.311096,0,1,0,2,2,0
1195,3544,2,8327376,0,0,62,0,255,0,0,1,0,0,59800,50,2.5,0,0,6,3873.38428,17.053463,0,2.89037848,23.7109566,77.6275177,4.1122098,24.3618565,358.61554,0,1,0,3,3,0
1195,3545,3,8327452,0,0,125,0,255,0,0,1,0,0,59800,50,2.5,0,0,6,4003.94116,13.8231344,0,1.40595996,22.7142849,64.0475311,2.36216569,23.4621201,356.749817,0,1,0,3,3,0
1196,3546,2,8327376,0,0,64,0,255,0,0,1,0,0,59850,50,2.5,0,0,6,3886.53296,16.0728264,0,2.75141859,23.6351433,76.6091766,3.94751954,24.290163,358.54657,0,1,0,3,3,0
1196,3547,3,8327452,0,0,126,0,255,0,0,1,0,0,59850,50,2.5,0,0,6,4012.47534,15.0065317,0,1.27743745,22.6048164,62.0691528,2.20429111,23.3647251,356.624268,0,1,0,3,3,0
1197,3548,2,8327376,0,0,67,0,255,0,0,1,0,0,59900,50,2.5,0,0,6,3899.53516,15.008028,0,2.5988946,23.5485687,75.4032288,3.78325033,24.2160072,358.460846,0,1,0,3,3,0
1197,3549,3,8327452,0,0,128,0,255,0,0,1,0,0,59900,50,2.5,0,0,6,4020.35889,16.9881668,0,1.13776076,22.4807262,59.7062988,2.04764485,23.2647209,356.425537,0,1,0,3,3,0
1198,3550,2,8327376,0,0,70,0,255,0,0,1,0,0,59950,50,2.5,0,0,6,3912.45728,14.107131,0,2.4639802,23.4688454,74.2465363,3.61941218,24.1394596,358.372955,0,1,0,3,3,0
1198,3551,3,8327452,0,0,132,0,255,0,0,1,0,0,59950,50,2.5,0,0,6,4027.32007,19.1636162,0,1.00400519,22.356554,57.7612152,1.89238167,23.1620293,356.199341,0,1,0,3,3,0
1199,3552,2,8327376,0,0,74,0,255,0,0,1,0,0,60000,50,2.5,0,0,6,3925.2085,13.5139761,0,2.32316494,23.3822308,72.9430084,3.45602727,24.0605717,358.259796,0,1,0,3,3,0
1199,3553,3,8327452,0,0,137,0,255,0,0,1,0,0,60000,50,2.5,0,0,6,4033.34668,21.2897663,0,0.877489924,22.2339382,56.4092407,1.73865378,23.0565872,355.96814,0,1,0,3,3,0
1200,3554,2,8327376,0,0,79,0,255,0,0,1,0,0,60050,50,2.5,0,0,6,3937.68506,13.1740904,0,2.17772293,23.2887955,71.4705811,3.29313087,23.9793682,358.116455,0,1,0,3,3,0
1200,3555,3,8327452,0,0,142,0,255,0,0,1,0,0,60050,50,2.5,0,0,6,4038.44189,23.4864826,0,0.746528447,22.1013222,54.9810486,1.58661556,22.9483433,355.730499,0,1,0,3,3,0
1201,3556,2,8327376,0,0,84,0,255,0,0,1,0,0,60100,50,2.5,0,0,6,3949.80249,13.0673981,0,2.0483675,23.2019653,70.0429077,3.13077283,23.8958588,357.970795,0,1,0,3,3,0
1201,3557,3,8327452,0,0,148,0,255,0,0,1,0,0,60100,50,2.5,0,0,6,4042.604,25.8580189,0,0.615546882,21.962429,54.2100983,1.43642473,22.8372555,355.499695,0,1,0,3,3,0
1202,3558,2,8327376,0,0,90,0,255,0,0,1,0,0,60150,50,2.5,0,0,6,3961.49561,13.1966009,0,1.90974414,23.104599,68.3558807,2.96901655,23.8100319,357.773438,0,1,0,3,3,0
1202,3559,3,8327452,0,0,150,0,255,0,0,1,0,0,60150,50,2.5,0,0,6,4045.76782,28.4390659,0,0.495110929,21.8287182,52.7891693,1.28824329,22.7232876,355.295593,0,1,0,3,3,0
1203,3560,2,8327376,0,0,83,0,255,0,0,1,0,0,60200,50,2.5,0,0,6,3972.67505,13.5414486,0,2.02413249,23.1852779,66.6630402,2.80793977,23.721859,357.900024,0,1,0,2,2,0
1203,3561,3,8327452,0,0,159,0,255,0,0,1,0,0,60200,50,2.5,0,0,6,4048.08765,31.3078156,0,0.186579049,21.4562435,51.3334656,1.14223325,22.6064129,354.890045,0,1,0,4,4,0
1204,3562,2,8327376,0,0,98,0,255,0,0,1,0,0,60250,50,2.5,0,0,6,3983.58789,14.1126776,0,1.88227308,23.0847778,67.283844,2.64761162,23.6313171,357.556305,0,1,0,2,2,0
1204,3563,3,8327452,0,0,157,0,255,0,0,1,0,0,60250,50,2.5,0,0,6,4049.18384,34.2552071,0,0.0692220926,21.3015289,49.8100433,0.998558164,22.4866238,354.788818,0,1,0,4,4,0
1205,3564,2,8327376,0,0,107,0,255,0,0,1,0,0,60300,50,2.5,0,0,6,3993.64893,14.4546556,0,1.74549913,22.983696,65.5349884,2.48811603,23.5383854,357.265808,0,1,0,2,2,0
1205,3565,3,8327452,0,0,157,0,255,0,0,1,0,0,60300,50,2.5,0,0,6,4049.65186,37.6634178,0,-0.0393551588,21.1509418,48.3586426,0.857383668,22.363903,354.660278,0,1,0,4,4,0
1206,3566,2,8327376,0,0,125,0,255,0,0,1,0,0,60350,50,2.5,0,0,6,4003.12793,15.1874294,0,1.38284028,22.6949139,63.7003937,2.32956719,23.4430065,356.729675,0,1,0,3,3,0
1206,3567,3,8327452,0,0,156,0,255,0,0,1,0,0,60350,50,2.5,0,0,6,4049.22119,40.9741669,0,-0.140154243,21.0040283,46.9630432,0.718861282,22.2382584,354.521423,0,1,0,4,4,0
1207,3568,2,8327376,0,0,126,0,255,0,0,1,0,0,60400,50,2.5,0,0,6,4011.5271,16.3955059,0,1.24488449,22.5763874,61.539917,2.1721158,23.3451023,356.57843,0,1,0,3,3,0
1207,3569,3,8327452,0,0,156,0,255,0,0,1,0,0,60400,50,2.5,0,0,6,4047.9458,44.0311241,0,-0.242405504,20.8472042,45.5063019,0.58313477,22.1097145,354.352997,0,1,0,4,4,0
1208,3570,2,8327376,0,0,129,0,255,0,0,1,0,0,60450,50,2.5,0,0,6,4019.28027,18.3597279,0,1.11689222,22.4617062,59.3326416,2.01592159,23.2445755,356.392639,0,1,0,3,3,0
1208,3571,3,8327452,0,0,155,0,255,0,0,1,0,0,60450,50,2.5,0,0,6,4045.81616,46.8324661,0,-0.340027899,20.6892757,44.0605316,0.450341463,21.9783058,354.175842,0,1,0,4,4,0
1209,3572,2,8327376,0,0,133,0,255,0,0,1,0,0,60500,50,2.5,0,0,6,4026.09131,20.5043659,0,0.982888639,22.3364468,57.5397644,1.86113846,23.1413498,356.168854,0,1,0,3,3,0
1209,3573,3,8327452,0,0,157,0,255,0,0,1,0,0,60500,50,2.5,0,0,6,4043.16089,49.4086266,0,-0.438506812,20.5207882,43.0402985,0.320604265,21.8440723,353.981262,0,1,0,4,4,0
1210,3574,2,8327376,0,0,138,0,255,0,0,1,0,0,60550,50,2.5,0,0,6,4031.98291,22.6484814,0,0.849884868,22.2064819,56.1099854,1.7079196,23.0353642,355.933716,0,1,0,3,3,0
1210,3575,3,8327452,0,0,160,0,255,0,0,1,0,0,60550,50,2.5,0,0,6,4039.83569,51.7321281,0,-0.668154776,20.0840797,41.5587006,0.194036067,21.7070732,353.616455,0,1,0,5,5,0
1211,3576,2,8327376,0,0,142,0,255,0,0,1,0,0,60600,50,2.5,0,0,6,4036.93799,24.8832417,0,0.721427381,22.0752068,54.7018127,1.55642009,22.926569,355.705231,0,1,0,3,3,0
1211,3577,3,8327452,0,0,157,0,255,0,0,1,0,0,60600,50,2.5,0,0,6,4035.94019,54.0267181,0,-0.745461643,19.9199562,40.1356659,0.0707476065,21.5673676,353.519775,0,1,0,5,5,0
1212,3578,2,8327376,0,0,148,0,255,0,0,1,0,0,60650,50,2.5,0,0,6,4040.99634,27.2945175,0,0.595005035,21.9400425,53.9693604,1.40679693,22.8149223,355.47525,0,1,0,3,3,0
1212,3579,3,8327452,0,0,154,0,255,0,0,1,0,0,60650,50,2.5,0,0,6,4031.62109,56.4831886,0,-0.820844054,19.7494717,38.6825104,-0.0491378605,21.4250145,353.389923,0,1,0,5,5,0
1213,3580,2,8327376,0,0,158,0,255,0,0,1,0,0,60700,50,2.5,0,0,6,4044.04883,29.8611259,0,0.279655814,21.5735435,52.5097656,1.25920987,22.7003937,355.030487,0,1,0,4,4,0
1213,3581,3,8327452,0,0,152,0,255,0,0,1,0,0,60700,50,2.5,0,0,6,4026.97607,58.610466,0,-0.893003821,19.5749283,37.2192535,-0.165518641,21.2800751,353.233795,0,1,0,5,5,0
1214,3582,2,8327376,0,0,156,0,255,0,0,1,0,0,60750,50,2.5,0,0,6,4045.91357,32.6966667,0,0.164136797,21.4272652,51.0453491,1.11382854,22.5829659,354.950745,0,1,0,4,4,0
1214,3583,3,8327452,0,0,149,0,255,0,0,1,0,0,60750,50,2.5,0,0,6,4022.07227,60.2192841,0,-0.960888863,19.3986855,35.7630463,-0.278306007,21.1326199,353.065491,0,1,0,5,5,0
1215,3584,2,8327376,0,0,155,0,255,0,0,1,0,0,60800,50,2.5,0,0,6,4047.11597,36.1289139,0,0.0523627996,21.2786369,49.5873108,0.970824063,22.4626102,354.831207,0,1,0,4,4,0
1215,3585,3,8327452,0,0,147,0,255,0,0,1,0,0,60800,50,2.5,0,0,6,4017.09302,61.4175034,0,-1.02678919,19.2141342,34.2627563,-0.387418985,20.9827194,352.874084,0,1,0,5,5,0
1216,3586,2,8327376,0,0,155,0,255,0,0,1,0,0,60850,50,2.5,0,0,6,4047.42651,39.4811249,0,-0.0564166009,21.1265774,48.1251526,0.830352426,22.3393211,354.683533,0,1,0,4,4,0
1216,3587,3,8327452,0,0,146,0,255,0,0,1,0,0,60850,50,2.5,0,0,6,4012.04565,62.1754303,0,-1.08590031,19.0348339,33.1919556,-0.492788613,20.830452,352.678833,0,1,0,5,5,0
1217,3588,2,8327376,0,0,155,0,255,0,0,1,0,0,60900,50,2.5,0,0,6,4046.93506,42.5125084,0,-0.164554149,20.9673538,46.6210632,0.692557752,22.21311,354.517639,0,1,0,4,4,0
1217,3589,3,8327452,0,0,143,0,255,0,0,1,0,0,60900,50,2.5,0,0,6,4006.99048,62.5681686,0,-1.14136243,18.851923,31.7211761,-0.594355166,20.6759033,352.485657,0,1,0,5,5,0
1218,3590,2,8327376,0,0,155,0,255,0,0,1,0,0,60950,50,2.5,0,0,6,4045.61035,45.3225822,0,-0.261409223,20.8171196,45.2294922,0.55757755,22.0840073,354.34903,0,1,0,4,4,0
1218,3591,3,8327452,0,0,140,0,255,0,0,1,0,0,60950,50,2.5,0,0,6,4002.1189,62.7444077,0,-1.19172442,18.6703777,30.2839508,-0.692061305,20.5191536,352.278992,0,1,0,5,5,0
1219,3592,2,8327376,0,0,156,0,255,0,0,1,0,0,61000,50,2.5,0,0,6,4043.49683,47.9590492,0,-0.362505525,20.6516724,44.2452698,0.425545782,21.9520512,354.163544,0,1,0,4,4,0
1219,3593,3,8327452,0,0,140,0,255,0,0,1,0,0,61000,50,2.5,0,0,6,3997.42603,62.5877342,0,-1.30699646,18.172184,28.8960724,-0.785859406,20.3602867,351.886353,0,1,0,6,6,0
1220,3594,2,8327376,0,0,156,0,255,0,0,1,0,0,61050,50,2.5,0,0,6,4040.7854,50.4055634,0,-0.456254482,20.4893475,42.7539978,0.296582043,21.8172874,353.984833,0,1,0,4,4,0
1220,3595,3,8327452,0,0,136,0,255,0,0,1,0,0,61050,50,2.5,0,0,6,3992.82812,62.044487,0,-1.34153986,17.9821682,27.478653,-0.87571609,20.1993942,351.688477,0,1,0,6,6,0
1221,3596,2,8327376,0,0,159,0,255,0,0,1,0,0,61100,50,2.5,0,0,6,4037.55835,52.7600288,0,-0.683903575,20.0514469,41.2734833,0.170801595,21.6797695,353.617706,0,1,0,5,5,0
1221,3597,3,8327452,0,0,134,0,255,0,0,1,0,0,61100,50,2.5,0,0,6,3987.94214,61.3919449,0,-1.36925268,17.7871819,26.065918,-0.961583614,20.0365925,351.388702,0,1,0,6,6,0
1222,3598,2,8327376,0,0,156,0,255,0,0,1,0,0,61150,50,2.5,0,0,6,4033.71484,54.9899368,0,-0.760359764,19.8871326,39.8542633,0.0483121574,21.5395603,353.515472,0,1,0,5,5,0
1222,3599,3,8327452,0,0,127,0,255,0,0,1,0,0,61150,50,2.5,0,0,6,3983.32007,60.4216461,0,-1.35070097,17.9232998,24.6197357,-1.04344094,19.8719673,351.350403,0,1,0,5,5,0
1223,3600,2,8327376,0,0,153,0,255,0,0,1,0,0,61200,50,2.5,0,0,6,4029.47339,57.3122978,0,-0.835315228,19.7154217,38.3939209,-0.0707657412,21.396719,353.379272,0,1,0,5,5,0
1223,3601,3,8327452,0,0,126,0,255,0,0,1,0,0,61200,50,2.5,0,0,6,3979.35571,59.1770782,0,-1.37515891,17.7374821,23.295166,-1.12126601,19.7055988,350.947845,0,1,0,5,5,0
1224,3602,2,8327376,0,0,151,0,255,0,0,1,0,0,61250,50,2.5,0,0,6,4024.93018,59.3103371,0,-0.90617609,19.5417118,36.9423676,-0.186333016,21.2513065,353.218689,0,1,0,5,5,0
1224,3603,3,8327452,0,0,124,0,255,0,0,1,0,0,61250,50,2.5,0,0,6,3975.58398,57.3734245,0,-1.39489102,17.5338478,21.8844604,-1.19506776,19.5375805,350.487091,0,1,0,5,5,0
1225,3604,2,8327376,0,0,148,0,255,0,0,1,0,0,61300,50,2.5,0,0,6,4020.15039,60.7949257,0,-0.975845158,19.3580589,35.4314728,-0.298303396,21.1033955,353.040314,0,1,0,5,5,0
1225,3605,3,8327452,0,0,124,0,255,0,0,1,0,0,61300,50,2.5,0,0,6,3971.87451,55.3508301,0,-1.40747535,17.3420658,20.7893829,-1.26484215,19.368021,349.994354,0,1,0,5,5,0
1226,3606,2,8327376,0,0,146,0,255,0,0,1,0,0,61350,50,2.5,0,0,6,4015.31519,61.8755417,0,-1.03825665,19.1804581,33.9921112,-0.40659833,20.9530563,352.848145,0,1,0,5,5,0
1226,3607,3,8327452,0,0,125,0,255,0,0,1,0,0,61350,50,2.5,0,0,6,3968.63916,53.2781143,0,-1.41516125,17.1390781,19.4285889,-1.33060706,19.1970081,349.495178,0,1,0,5,5,0
1227,3608,2,8327376,0,0,145,0,255,0,0,1,0,0,61400,50,2.5,0,0,6,4010.42969,62.5246201,0,-1.09474182,19.0067101,32.9651947,-0.511151195,20.8003693,352.649536,0,1,0,5,5,0
1227,3609,3,8327452,0,0,130,0,255,0,0,1,0,0,61400,50,2.5,0,0,6,3965.86035,51.3219795,0,-1.41767669,16.9338303,18.0890961,-1.39238024,19.0246334,349.020233,0,1,0,5,5,0
1228,3610,2,8327376,0,0,143,0,255,0,0,1,0,0,61450,50,2.5,0,0,6,4005.55322,62.8154716,0,-1.14911127,18.8250389,31.5067902,-0.611904502,20.6454163,352.4505,0,1,0,5,5,0
1228,3611,3,8327452,0,0,135,0,255,0,0,1,0,0,61450,50,2.5,0,0,6,3963.29297,49.6249733,0,-1.41548097,16.7289371,16.7853394,-1.45017874,18.8509903,348.622375,0,1,0,5,5,0
1229,3612,2,8327376,0,0,139,0,255,0,0,1,0,0,61500,50,2.5,0,0,6,4000.81982,62.8985748,0,-1.20084953,18.635601,30.0119629,-0.708804369,20.4882832,352.245422,0,1,0,5,5,0
1229,3613,3,8327452,0,0,140,0,255,0,0,1,0,0,61500,50,2.5,0,0,6,3960.91724,48.4887085,0,-1.3864938,16.1300182,15.4843292,-1.50400305,18.6761742,348.196228,0,1,0,6,6,0
1230,3614,2,8327376,0,0,139,0,255,0,0,1,0,0,61550,50,2.5,0,0,6,3996.3501,62.7441216,0,-1.31535316,18.1295624,28.575943,-0.801801503,20.3290482,351.839264,0,1,0,6,6,0
1230,3615,3,8327452,0,0,141,0,255,0,0,1,0,0,61550,50,2.5,0,0,6,3958.56104,47.9964333,0,-1.36840558,15.9055519,14.1547699,-1.55383945,18.5002842,348.07785,0,1,0,6,6,0
1231,3616,2,8327376,0,0,136,0,255,0,0,1,0,0,61600,50,2.5,0,0,6,3991.64233,62.1609421,0,-1.34744442,17.9447556,27.2053223,-0.890865445,20.1678219,351.625916,0,1,0,6,6,0
1231,3617,3,8327452,0,0,142,0,255,0,0,1,0,0,61600,50,2.5,0,0,6,3956.30444,48.0806656,0,-1.34795344,15.6899137,12.9042816,-1.59965813,18.32341,348.042358,0,1,0,6,6,0
1232,3618,2,8327376,0,0,130,0,255,0,0,1,0,0,61650,50,2.5,0,0,6,3986.90088,61.4527054,0,-1.32392967,18.0841675,25.7980347,-0.975951314,20.0047054,351.581909,0,1,0,5,5,0
1232,3619,3,8327452,0,0,141,0,255,0,0,1,0,0,61650,50,2.5,0,0,6,3953.96851,48.3984909,0,-1.27468562,15.0653105,11.2988434,-1.64142942,18.145647,348.059418,0,1,0,7,7,0
1233,3620,2,8327376,0,0,127,0,255,0,0,1,0,0,61700,50,2.5,0,0,6,3982.66772,60.4902306,0,-1.35604537,17.8866787,24.3547363,-1.05703163,19.839777,351.251526,0,1,0,5,5,0
1233,3621,3,8327452,0,0,145,0,255,0,0,1,0,0,61700,50,2.5,0,0,6,3952.02734,48.8028488,0,-0.712759972,11.4852409,9.3981781,-1.67912185,17.9670677,347.708191,0,1,0,15,15,0
1234,3622,2,8327376,0,0,126,0,255,0,0,1,0,0,61750,50,2.5,0,0,6,3978.79053,58.9739151,0,-1.37933695,17.6998444,23.0304565,-1.13410115,19.6731224,350.837402,0,1,0,5,5,0
1234,3623,3,8327452,0,0,136,0,255,0,0,1,0,0,61750,50,2.5,0,0,6,3949.75781,49.1319923,0,-0.805877447,12.1108866,7.60762024,-1.71271527,17.7877731,348.488739,0,1,0,13,13,0
1235,3624,2,8327376,0,0,124,0,255,0,0,1,0,0,61800,50,2.5,0,0,6,3975.26587,57.0859108,0,-1.39734983,17.5022011,21.6703339,-1.20716822,19.504837,350.372406,0,1,0,5,5,0
1235,3625,3,8327452,0,0,128,0,255,0,0,1,0,0,61800,50,2.5,0,0,6,3948.03589,49.6946907,0,-0.907583475,12.7388811,5.91952515,-1.74216557,17.6078453,349.129456,0,1,0,11,11,0
1236,3626,2,8327376,0,0,123,0,255,0,0,1,0,0,61850,50,2.5,0,0,6,3971.78027,55.1585045,0,-1.40980399,17.2937946,20.4620819,-1.27622771,19.3350258,349.86615,0,1,0,5,5,0
1236,3627,3,8327452,0,0,121,0,255,0,0,1,0,0,61850,50,2.5,0,0,6,3946.81885,49.6824417,0,-0.87340498,12.5315208,4.45155334,-1.76746047,17.4273472,349.724304,0,1,0,11,11,0
1237,3628,2,8327376,0,0,126,0,255,0,0,1,0,0,61900,50,2.5,0,0,6,3968.7937,53.1760025,0,-1.41616857,17.0927963,19.1240997,-1.34129536,19.1637764,349.357788,0,1,0,5,5,0
1237,3629,3,8327452,0,0,116,0,255,0,0,1,0,0,61900,50,2.5,0,0,6,3945.94727,48.7847061,0,-0.911574721,12.7629375,3.19702148,-1.78860855,17.2463551,350.155975,0,1,0,10,10,0
1238,3630,2,8327376,0,0,132,0,255,0,0,1,0,0,61950,50,2.5,0,0,6,3966.12183,51.2276993,0,-1.41760802,16.895565,17.8437653,-1.40239275,18.9911804,348.89682,0,1,0,5,5,0
1238,3631,3,8327452,0,0,110,0,255,0,0,1,0,0,61950,50,2.5,0,0,6,3945.4978,47.1821213,0,-0.876653671,12.5513506,1.93569946,-1.80564153,17.0649395,350.697357,0,1,0,10,10,0
1239,3632,2,8327376,0,0,136,0,255,0,0,1,0,0,62000,50,2.5,0,0,6,3963.64111,49.6478691,0,-1.4145298,16.6882668,16.5300293,-1.4595331,18.8173351,348.520355,0,1,0,5,5,0
1239,3633,3,8327452,0,0,103,0,255,0,0,1,0,0,62000,50,2.5,0,0,6,3945.68359,45.1460533,0,-0.844476461,12.353507,0.856674194,-1.81860399,16.8831692,351.236938,0,1,0,10,10,0
1240,3634,2,8327376,0,0,141,0,255,0,0,1,0,0,62050,50,2.5,0,0,6,3961.36987,48.7587509,0,-1.38346338,16.0891743,15.2409668,-1.5127089,18.6423359,348.121704,0,1,0,6,6,0
1240,3635,3,8327452,0,0,97,0,255,0,0,1,0,0,62050,50,2.5,0,0,6,3946.59668,42.7599182,0,-0.814845562,12.1678791,0.0720214844,-1.82755685,16.7011013,351.760559,0,1,0,10,10,0
1241,3636,2,8327376,0,0,142,0,255,0,0,1,0,0,62100,50,2.5,0,0,6,3959.03809,48.4462891,0,-1.36562967,15.8744116,13.9729919,-1.56190288,18.4662781,348.024811,0,1,0,6,6,0
1241,3637,3,8327452,0,0,91,0,255,0,0,1,0,0,62100,50,2.5,0,0,6,3948.23877,40.0065002,0,-0.783420324,11.9661808,0.994262695,-1.83258212,16.5187893,352.298706,0,1,0,10,10,0
1242,3638,2,8327376,0,0,142,0,255,0,0,1,0,0,62150,50,2.5,0,0,6,3956.77222,48.6563454,0,-1.34365416,15.6479664,12.6641998,-1.60708213,18.2892532,348.005066,0,1,0,6,6,0
1242,3639,3,8327452,0,0,85,0,255,0,0,1,0,0,62150,50,2.5,0,0,6,3950.69629,37.0139389,0,-0.754722834,11.7763004,1.78341675,-1.83377814,16.3362789,352.828308,0,1,0,10,10,0
1243,3640,2,8327376,0,0,141,0,255,0,0,1,0,0,62200,50,2.5,0,0,6,3954.60767,49.0883904,0,-1.27065444,15.034791,11.0035706,-1.64821112,18.1113472,348.051331,0,1,0,7,7,0
1243,3641,3,8327452,0,0,78,0,255,0,0,1,0,0,62200,50,2.5,0,0,6,3953.99365,33.9043884,0,-0.727379084,11.5887871,2.49108887,-1.83125901,16.1536083,353.355652,0,1,0,10,10,0
1244,3642,2,8327376,0,0,139,0,255,0,0,1,0,0,62250,50,2.5,0,0,6,3952.64673,49.5169334,0,-1.18032503,14.4049015,9.0619812,-1.68526089,17.9326401,348.240326,0,1,0,8,8,0
1244,3643,3,8327452,0,0,79,0,255,0,0,1,0,0,62250,50,2.5,0,0,6,3958.17725,30.7534122,0,-0.761031389,11.8185883,3.1237793,-1.82515371,15.9708071,353.317749,0,1,0,9,9,0
1245,3644,2,8327376,0,0,135,0,255,0,0,1,0,0,62300,50,2.5,0,0,6,3950.70801,49.8434181,0,-1.07779169,13.7603245,7.22341919,-1.7182045,17.7532234,348.593231,0,1,0,9,9,0
1245,3645,3,8327452,0,0,73,0,255,0,0,1,0,0,62300,50,2.5,0,0,6,3962.91675,27.5794849,0,-0.733654976,11.6324863,3.68530273,-1.81560564,15.7879047,353.849304,0,1,0,9,9,0
1246,3646,2,8327376,0,0,128,0,255,0,0,1,0,0,62350,50,2.5,0,0,6,3948.92725,49.9557838,0,-0.902656078,12.7091408,5.70137024,-1.74702048,17.5731831,349.139587,0,1,0,11,11,0
1246,3647,3,8327452,0,0,67,0,255,0,0,1,0,0,62350,50,2.5,0,0,6,3968.56787,24.8037548,0,-0.709033251,11.4584217,4.15350342,-1.80274498,15.6049242,354.361572,0,1,0,9,9,0
1247,3648,2,8327376,0,0,121,0,255,0,0,1,0,0,62400,50,2.5,0,0,6,3947.80786,49.7002487,0,-0.868454695,12.5012445,4.24723816,-1.77169931,17.3925838,349.742157,0,1,0,11,11,0
1247,3649,3,8327452,0,0,60,0,255,0,0,1,0,0,62400,50,2.5,0,0,6,3974.87915,22.2714291,0,-0.683476925,11.2690287,4.60137939,-1.78671515,15.4218817,354.897583,0,1,0,9,9,0
1248,3650,2,8327376,0,0,116,0,255,0,0,1,0,0,62450,50,2.5,0,0,6,3947.05688,48.8315201,0,-0.905001283,12.7233028,2.95204163,-1.79224873,17.2115021,350.172852,0,1,0,10,10,0
1248,3651,3,8327452,0,0,54,0,255,0,0,1,0,0,62450,50,2.5,0,0,6,3981.85376,19.8070908,0,-0.660625935,11.0897713,4.96716309,-1.7676729,15.2387848,355.406006,0,1,0,9,9,0
1249,3652,2,8327376,0,0,109,0,255,0,0,1,0,0,62500,50,2.5,0,0,6,3946.70996,47.2970238,0,-0.870179176,12.5117979,1.7124176,-1.80869949,17.0300083,350.723541,0,1,0,10,10,0
1249,3653,3,8327452,0,0,49,0,255,0,0,1,0,0,62500,50,2.5,0,0,6,3989.41089,17.4148388,0,-0.639559746,10.9133425,5.28683472,-1.74578893,15.0556335,355.907043,0,1,0,9,9,0
1250,3654,2,8327376,0,0,103,0,255,0,0,1,0,0,62550,50,2.5,0,0,6,3947.03174,45.3285942,0,-0.839978933,12.3255682,0.711853027,-1.82109451,16.8481674,351.254639,0,1,0,10,10,0
1250,3655,3,8327452,0,0,0,0,255,0,0,1,0,0,62550,50,2.5,0,0,6,3997.49927,15.1544304,0,-0.476979852,8.37059498,5.08691406,-1.72124112,14.8724222,360,0.491630554,1,0,15,15,0
1251,3656,2,8327376,0,0,97,0,255,0,0,1,0,0,62600,50,2.5,0,0,6,3947.99854,42.9408569,0,-0.807250977,12.1196432,0.300506592,-1.82949805,16.6660404,351.801788,0,1,0,10,10,0
1251,3657,3,8327452,0,0,24,0,255,0,0,1,0,0,62600,50,2.5,0,0,6,4006.96313,13.1072063,0,-0.470225126,8.1995697,5.32299805,-1.69432259,14.6891003,360,1.96032715,1,0,15,15,0
1252,3658,2,8327376,0,0,90,0,255,0,0,1,0,0,62650,50,2.5,0,0,6,3949.7168,40.2240257,0,-0.777455807,11.9272137,1.16229248,-1.83399129,16.4836788,352.34137,0,1,0,10,10,0
1252,3659,3,8327452,0,0,12,0,255,0,0,1,0,0,62650,50,2.5,0,0,6,4015.79443,15.9801188,0,-0.464038372,8.03608608,5.51391602,-1.66468632,14.5058174,360,2.35729218,1,0,15,15,0
1253,3660,2,8327376,0,0,84,0,255,0,0,1,0,0,62700,50,2.5,0,0,6,3952.27539,37.3039436,0,-0.750501394,11.7478123,1.89556885,-1.83467102,16.3011246,352.858887,0,1,0,10,10,0
1253,3661,3,8327452,0,32,0,0,255,0,0,1,0,0,62700,50,2.5,0,0,6,4023.95728,13.7969494,0,-0.457807064,7.86432076,5.33709717,-1.63265991,14.3225183,360,2.67444611,1,0,15,15,0
1254,3662,2,8327376,0,0,78,0,255,0,0,1,0,0,62750,50,2.5,0,0,6,3955.64209,34.2039261,0,-0.723342896,11.5604515,2.59185791,-1.83165419,16.1184177,353.38385,0,1,0,10,10,0
1254,3663,3,8327452,0,31,0,0,255,0,0,1,0,0,62750,50,2.5,0,0,6,4033.08545,10.5314217,0,-0.451755285,7.69019222,5.44671631,-1.59865189,14.1391201,360,2.59616089,1,0,15,15,0
1255,3664,2,8327376,0,0,79,0,255,0,0,1,0,0,62800,50,2.5,0,0,6,3959.85864,31.0399666,0,-0.755410433,11.7809277,3.24243164,-1.82507229,15.935586,353.354431,0,1,0,9,9,0
1255,3665,3,8327452,0,30,0,0,255,0,0,1,0,0,62800,50,2.5,0,0,6,4042.69287,7.07830191,0,-0.446045369,7.51884937,5.92840576,-1.56320167,13.9554977,360,2.53926086,1,0,15,15,0
1256,3666,2,8327376,0,0,72,0,255,0,0,1,0,0,62850,50,2.5,0,0,6,3964.646,27.9150276,0,-0.728760242,11.5984411,3.78118896,-1.8150667,15.7526598,353.889038,0,1,0,9,9,0
1256,3667,3,8327452,0,30,0,0,255,0,0,1,0,0,62850,50,2.5,0,0,6,4053.04443,4.55637455,0,-0.440280735,7.33848476,6.17614746,-1.52677369,13.771553,360,2.51386261,1,0,15,15,0
1257,3668,2,8327376,0,0,66,0,255,0,0,1,0,0,62900,50,2.5,0,0,6,3970.35938,25.2106361,0,-0.702975273,11.4144211,4.26318359,-1.80176675,15.5696602,354.416046,0,1,0,9,9,0
1257,3669,3,8327452,0,30,0,0,255,0,0,1,0,0,62900,50,2.5,0,0,6,4063.69116,3.20697808,0,-0.435257524,7.17494249,6.9206543,-1.48974466,13.5872126,360,2.47623444,1,0,15,15,0
1258,3670,2,8327376,0,0,60,0,255,0,0,1,0,0,62950,50,2.5,0,0,6,3976.70532,22.6960964,0,-0.679002047,11.2347507,4.67572021,-1.78531861,15.3866024,354.935028,0,1,0,9,9,0
1258,3671,3,8327452,0,30,0,0,255,0,0,1,0,0,62950,50,2.5,0,0,6,4074.32373,2.55996895,0,-0.430120677,7.00127077,7.71389771,-1.45241559,13.4024239,360,2.45571899,1,0,15,15,0
1259,3672,2,8327376,0,0,54,0,255,0,0,1,0,0,63000,50,2.5,0,0,6,3983.68457,20.2305202,0,-0.656438351,11.0556622,5.0307312,-1.76588011,15.2034931,355.451416,0,1,0,9,9,0
1259,3673,3,8327452,0,29,0,0,255,0,0,1,0,0,63000,50,2.5,0,0,6,4084.78662,2.30876184,0,-0.425180763,6.82790041,7.87399292,-1.41502678,13.2171516,360,2.43771362,1,0,15,15,0
1260,3674,2,8327376,0,0,48,0,255,0,0,1,0,0,63050,50,2.5,0,0,6,3991.25439,17.8832531,0,-0.636629581,10.8877411,4.84768677,-1.74361956,15.0203333,355.943848,0,1,0,9,9,0
1260,3675,3,8327452,0,30,0,0,255,0,0,1,0,0,63050,50,2.5,0,0,6,4094.98706,2.27281356,0,-0.420189857,6.64624071,8.50506592,-1.37776518,13.0313721,360,2.43927765,1,0,15,15,0
1261,3676,2,8327376,0,0,0,0,255,0,0,1,0,0,63100,50,2.5,0,0,6,3999.36401,15.6848068,0,-0.475723207,8.33934212,5.13275146,-1.71871471,14.8371172,360,0.566368103,1,0,15,15,0
1261,3677,3,8327452,0,29,0,0,255,0,0,1,0,0,63100,50,2.5,0,0,6,4104.875,2.34121776,0,-0.415611327,6.47376776,8.56378174,-1.34077954,12.8450708,360,2.42090607,1,0,15,15,0
1262,3678,2,8327376,0,0,24,0,102,0,2,1,0,0,63150,50,2.5,1,0,6,4008.79419,13.6582594,0,-0.749233186,7.97185373,4.36766052,-1.69146037,14.6537924,360,4.68029785,1,0,15,15,0
1262,3679,3,8327452,0,63,0,0,102,0,2,1,0,0,63150,50,2.5,1,0,6,4114.4458,2.45990825,0,-0.647003531,5.4913578,3.43768311,-1.3041873,12.6582422,360,5.16795349,1,0,15,15,0
1263,3680,2,8327376,0,0,12,0,102,0,2,1,0,0,63200,50,2.5,1,0,6,3988.8938,16.4935017,0,-0.742788374,7.75037909,4.25785828,-1.66182911,14.4718046,360,5.14897156,1,0,15,15,0
1263,3681,3,8327452,0,58,0,0,102,0,2,1,0,0,63200,50,2.5,1,0,6,4094.3623,2.58777332,0,-0.633854687,5.23667097,3.32951355,-1.26835573,12.4722128,360,4.79637909,1,0,15,15,0
1264,3682,2,8327376,0,65,0,0,102,0,2,1,0,0,63250,50,2.5,1,0,6,3969.02026,14.4786634,0,-0.736168921,7.54401684,4.19245911,-1.63012612,14.2910652,360,5.50151825,1,0,15,15,0
1264,3683,3,8327452,0,54,0,0,102,0,2,1,0,0,63250,50,2.5,1,0,6,4074.83813,3.05639458,0,-0.621736228,5.00706005,3.22721863,-1.23352313,12.2869196,360,4.45253754,1,0,15,15,0
1265,3684,2,8327376,0,61,0,0,102,0,2,1,0,0,63300,50,2.5,1,0,6,3950.80835,11.2873249,0,-0.728292108,7.31781244,4.1151886,-1.59678733,14.1114511,360,5.14585114,1,0,15,15,0
1265,3685,3,8327452,0,50,0,0,102,0,2,1,0,0,63300,50,2.5,1,0,6,4055.88354,3.62885928,0,-0.60872519,4.76508522,3.11424255,-1.19985008,12.1023092,360,4.13610077,1,0,15,15,0
1266,3686,2,8327376,0,56,0,0,102,0,2,1,0,0,63350,50,2.5,1,0,6,3933.77393,7.11239958,0,-0.720571816,7.11101484,4.03981018,-1.56252825,13.9327555,360,4.81498718,1,0,15,15,0
1266,3687,3,8327452,0,46,0,0,102,0,2,1,0,0,63350,50,2.5,1,0,6,4037.60522,4.11892796,0,-0.59552753,4.5236516,2.99601746,-1.16743731,11.9183378,360,3.84355164,1,0,15,15,0
1267,3688,2,8327376,0,53,0,0,102,0,2,1,0,0,63400,50,2.5,1,0,6,3918.4668,4.2887125,0,-0.711412966,6.88002253,3.95045471,-1.52790356,13.7548256,360,4.54549408,1,0,15,15,0
1267,3689,3,8327452,0,43,0,0,102,0,2,1,0,0,63400,50,2.5,1,0,6,4019.75464,4.47579527,0,-0.582234502,4.28385353,2.87335205,-1.13634431,11.7349796,360,3.57494354,1,0,15,15,0
1268,3690,2,8327376,0,50,0,0,102,0,2,1,0,0,63450,50,2.5,1,0,6,3904.14648,3.18130469,0,-0.702085316,6.65710831,3.85908508,-1.49333596,13.5775499,360,4.29199982,1,0,15,15,0
1268,3691,3,8327452,0,39,0,0,102,0,2,1,0,0,63450,50,2.5,1,0,6,4002.35327,4.68386316,0,-0.568724155,4.04298449,2.74443054,-1.10659623,11.5522156,360,3.32122803,1,0,15,15,0
1269,3692,2,8327376,0,47,0,0,102,0,2,1,0,0,63500,50,2.5,1,0,6,3890.41748,2.94255805,0,-0.692865014,6.44639635,3.76831055,-1.4591434,13.4008474,360,4.0513916,1,0,15,15,0
1269,3693,3,8327452,0,37,0,0,102,0,2,1,0,0,63500,50,2.5,1,0,6,3985.67651,4.77165413,0,-0.555216968,3.80449033,2.61108398,-1.07819176,11.3700199,360,3.09201813,1,0,15,15,0
1270,3694,2,8327376,0,44,0,0,102,0,2,1,0,0,63550,50,2.5,1,0,6,3877.07544,3.09870529,0,-0.682013571,6.20824051,3.66069031,-1.42555523,13.2246599,360,3.84313965,1,0,15,15,0
1270,3695,3,8327452,0,34,0,0,102,0,2,1,0,0,63550,50,2.5,1,0,6,3969.479,4.74321938,0,-0.541047096,3.5562408,2.46609497,-1.05111003,11.1883802,360,2.87011719,1,0,15,15,0
1271,3696,2,8327376,0,42,0,0,102,0,2,1,0,0,63600,50,2.5,1,0,6,3864.03931,3.39311957,0,-0.671417594,5.98402929,3.55441284,-1.39273322,13.0489445,360,3.64432526,1,0,15,15,0
1271,3697,3,8327452,0,31,0,0,102,0,2,1,0,0,63600,50,2.5,1,0,6,3953.78076,4.65012455,0,-0.527492166,3.32015491,2.59230042,-1.0253197,11.0072851,360,2.66400146,1,0,15,15,0
1272,3698,2,8327376,0,39,0,0,102,0,2,1,0,0,63650,50,2.5,1,0,6,3851.27856,3.69424772,0,-0.660352886,5.75709915,3.5440979,-1.36078918,12.8736706,360,3.45344543,1,0,15,15,0
1272,3699,3,8327452,0,29,0,0,102,0,2,1,0,0,63650,50,2.5,1,0,6,3938.57666,4.50353336,0,-0.514581919,3.09616733,2.47955322,-1.00077653,10.826725,360,2.47505188,1,0,15,15,0
1273,3700,2,8327376,0,37,0,0,102,0,2,1,0,0,63700,50,2.5,1,0,6,3838.79614,3.95269179,0,-0.649771392,5.54581499,3.45999146,-1.3297981,12.6988144,360,3.27303314,1,0,15,15,0
1273,3701,3,8327452,0,27,0,0,102,0,2,1,0,0,63700,50,2.5,1,0,6,3923.8623,4.3108511,0,-0.500454724,2.85161638,2.35095215,-0.977427542,10.6466913,360,2.29576874,1,0,15,15,0
1274,3702,2,8327376,0,35,0,0,102,0,2,1,0,0,63750,50,2.5,1,0,6,3826.59668,4.13528442,0,-0.63797605,5.31582832,3.36373901,-1.29980397,12.5243587,360,3.10622406,1,0,15,15,0
1274,3703,3,8327452,0,24,0,0,102,0,2,1,0,0,63750,50,2.5,1,0,6,3909.6333,4.10343218,0,-0.487926781,2.63488364,2.2315979,-0.955216646,10.4671745,360,2.12548828,1,0,15,15,0
1275,3704,2,8327376,0,33,0,0,102,0,2,1,0,0,63800,50,2.5,1,0,6,3814.69556,4.2482729,0,-0.625438929,5.07674646,3.2587738,-1.27082968,12.3502903,360,2.94850159,1,0,15,15,0
1275,3705,3,8327452,0,23,0,0,102,0,2,1,0,0,63800,50,2.5,1,0,6,3895.87671,3.89583397,0,-0.473949492,2.39282799,2.09237671,-0.934083819,10.288166,360,1.9756012,1,0,15,15,0
1276,3706,2,8327376,0,31,0,0,102,0,2,1,0,0,63850,50,2.5,1,0,6,3803.10156,4.30054379,0,-0.613308668,4.84984112,3.15437317,-1.24288142,12.1765976,360,2.79391479,1,0,15,15,0
1276,3707,3,8327452,0,21,0,0,102,0,2,1,0,0,63850,50,2.5,1,0,6,3882.71167,3.67592144,0,-0.523205161,3.2457006,1.95541382,-0.913965702,10.1096516,360,1.83325195,1,0,13,13,0
1277,3708,2,8327376,0,30,0,0,102,0,2,1,0,0,63900,50,2.5,1,0,6,3792.21338,4.3015275,0,-0.60164839,4.63516998,3.05126953,-1.21594989,12.0032539,360,2.64409637,1,0,15,15,0
1277,3709,3,8327452,0,20,0,0,102,0,2,1,0,0,63900,50,2.5,1,0,6,3870.24292,3.47465467,0,-0.572079062,4.10256147,1.81596375,-0.89479965,9.93161011,360,1.72226715,1,0,11,11,0
1278,3710,2,8327376,0,28,0,0,102,0,2,1,0,0,63950,50,2.5,1,0,6,3781.62939,4.26073217,0,-0.588526905,4.39698315,2.93186951,-1.19001913,11.8302517,360,2.49815369,1,0,15,15,0
1278,3711,3,8327452,0,18,0,0,102,0,2,1,0,0,63950,50,2.5,1,0,6,3858.18237,3.28909898,0,-0.590283811,4.42868853,1.6776123,-0.876526296,9.75403404,360,1.6235733,1,0,10,10,0
1279,3712,2,8327376,0,26,0,0,102,0,2,1,0,0,64000,50,2.5,1,0,6,3771.35376,4.19992828,0,-0.576609254,4.18324804,2.82019043,-1.16506779,11.6575851,360,2.35616302,1,0,15,15,0
1279,3713,3,8327452,0,17,0,0,102,0,2,1,0,0,64000,50,2.5,1,0,6,3846.51685,3.12408257,0,-0.635836422,5.27466059,1.52783203,-0.859089017,9.57691479,360,1.55800629,1,0,8,8,0
1280,3714,2,8327376,0,25,0,0,102,0,2,1,0,0,64050,50,2.5,1,0,6,3761.48608,4.11613321,0,-0.563039064,3.94235182,2.6889801,-1.14106619,11.4852438,360,2.22788239,1,0,15,15,0
1280,3715,3,8327452,0,17,0,0,102,0,2,1,0,0,64050,50,2.5,1,0,6,3835.47241,2.97111344,0,-0.651733458,5.58461094,1.37091064,-0.842430234,9.40023232,360,1.50505066,1,0,7,7,0
1281,3716,2,8327376,0,23,0,0,102,0,2,1,0,0,64100,50,2.5,1,0,6,3752.05786,4.01254416,0,-0.551014483,3.73067904,2.56864929,-1.11797941,11.3132162,360,2.0954895,1,0,15,15,0
1281,3717,3,8327452,0,16,0,0,102,0,2,1,0,0,64100,50,2.5,1,0,6,3824.78296,2.83547425,0,-0.667245567,5.89767313,1.21165466,-0.826500475,9.22397709,360,1.46277618,1,0,6,6,0
1282,3718,2,8327376,0,22,0,0,102,0,2,1,0,0,64150,50,2.5,1,0,6,3742.92114,3.90609765,0,-0.537374854,3.49216509,2.42755127,-1.09577227,11.1414976,360,1.97724915,1,0,15,15,0
1282,3719,3,8327452,0,16,0,0,102,0,2,1,0,0,64150,50,2.5,1,0,6,3814.43188,2.72771883,0,-0.681889832,6.20557833,1.04415894,-0.811257124,9.04814148,360,1.44528961,1,0,5,5,0
1283,3720,2,8327376,0,20,0,0,102,0,2,1,0,0,64200,50,2.5,1,0,6,3734.06396,3.79217696,0,-0.524627328,3.27038956,2.56762695,-1.07440603,10.9700842,360,1.85853577,1,0,15,15,0
1283,3721,3,8327452,0,16,0,0,102,0,2,1,0,0,64200,50,2.5,1,0,6,3804.39941,2.63621426,0,-0.695897996,6.51477623,0.873245239,-0.796661615,8.872715,360,1.45130157,1,0,4,4,0
1284,3722,2,8327376,0,19,0,0,102,0,2,1,0,0,64250,50,2.5,1,0,6,3725.48315,3.68148994,0,-0.511759341,3.0472734,2.4543457,-1.05384135,10.7989712,360,1.75177002,1,0,15,15,0
1284,3723,3,8327452,0,17,0,0,102,0,2,1,0,0,64250,50,2.5,1,0,6,3794.67261,2.56147957,0,-0.708336115,6.80526495,0.680786133,-0.782682538,8.69768906,360,1.49570465,1,0,3,3,0
1285,3724,2,8327376,0,18,0,0,102,0,2,1,0,0,64300,50,2.5,1,0,6,3717.16675,3.5686636,0,-0.499889553,2.84183931,2.3455658,-1.0340364,10.6281548,360,1.64647675,1,0,15,15,0
1285,3725,3,8327452,0,18,0,0,102,0,2,1,0,0,64300,50,2.5,1,0,6,3785.23608,2.50358772,0,-0.720554352,7.11056137,0.497924805,-0.769296467,8.52305412,360,1.60678101,1,0,2,2,0
1286,3726,2,8327376,0,17,0,0,102,0,2,1,0,0,64350,50,2.5,1,0,6,3709.10815,3.4618814,0,-0.48729974,2.62403345,2.2255249,-1.01495135,10.4576302,360,1.545784,1,0,15,15,0
1286,3727,3,8327452,0,0,0,0,102,0,2,1,0,0,64350,50,2.5,1,0,6,3776.07617,2.46487284,0,-0.344875872,0.0526995659,0.303283691,-0.756489992,8.34880066,360,0.570846558,1,0,15,15,0
1287,3728,2,8327376,0,16,0,0,102,0,2,1,0,0,64400,50,2.5,1,0,6,3701.29736,3.36483884,0,-0.473949492,2.39282799,2.09237671,-0.996547878,10.2873936,360,1.44989777,1,0,15,15,0
1287,3729,3,8327452,0,0,0,0,102,0,2,1,0,0,64400,50,2.5,1,0,6,3767.16553,2.44427848,0,-0.335819185,-0.127714276,0.118743896,-0.744212389,8.17492294,360,0.41544342,1,0,15,15,0
1288,3730,2,8327376,0,15,0,0,102,0,2,1,0,0,64450,50,2.5,1,0,6,3693.8623,3.27656674,0,-0.461517692,2.17697453,1.96257019,-0.978789091,10.1174335,360,1.35736084,1,0,15,15,0
1288,3731,3,8327452,0,0,0,0,102,0,2,1,0,0,64450,50,2.5,1,0,6,3758.49854,2.45871925,0,-0.325999916,-0.328000665,0.0769958496,-0.732470274,8.00141048,360,0.26965332,1,0,15,15,0
1289,3732,2,8327376,0,14,0,0,102,0,2,1,0,0,64500,50,2.5,1,0,6,3686.90723,3.19622755,0,-0.449968219,1.97567487,1.83627319,-0.961637497,9.94773293,360,1.26907349,1,0,15,15,0
1289,3733,3,8327452,0,0,0,0,102,0,2,1,0,0,64500,50,2.5,1,0,6,3750.06934,2.458215,0,-0.317432165,-0.50743413,0.309997559,-0.721261144,7.82825327,360,0.132858276,1,0,15,15,0
1290,3734,2,8327376,0,13,0,0,102,0,2,1,0,0,64550,50,2.5,1,0,6,3680.16089,3.12230444,0,-0.437930137,1.76477242,1.69833374,-0.945058405,9.77828884,360,1.18677521,1,0,15,15,0
1290,3735,3,8327452,0,0,0,0,102,0,2,1,0,0,64550,50,2.5,1,0,6,3741.87427,2.44309044,0,-0.308768868,-0.694114804,0.545074463,-0.7105757,7.65544271,360,0.0046005249,1,0,15,15,0
1291,3736,2,8327376,0,12,0,0,102,0,2,1,0,0,64600,50,2.5,1,0,6,3673.61523,3.05495262,0,-0.456807584,2.09498668,1.55758667,-0.929017901,9.60909653,360,1.08787537,1,0,14,14,0
1291,3737,3,8327452,0,0,0,0,102,0,2,1,0,0,64600,50,2.5,1,0,6,3733.90967,2.41745567,0,-0.300765991,-0.872125864,0.762756348,-0.700399756,7.48297071,359.884216,0,1,0,15,15,0
1292,3738,2,8327376,0,11,0,0,102,0,2,1,0,0,64650,50,2.5,1,0,6,3667.51001,2.99258828,0,-0.444835395,1.885903,1.40956116,-0.913481474,9.44013977,360,1.01925659,1,0,14,14,0
1292,3739,3,8327452,0,0,0,0,102,0,2,1,0,0,64650,50,2.5,1,0,6,3726.1709,2.38515782,0,-0.315311611,-0.552605867,0.971801758,-0.690715671,7.31082869,359.761261,0,1,0,14,14,0
1293,3740,2,8327376,0,0,0,0,102,0,2,1,0,0,64700,50,2.5,1,0,6,3661.58569,2.93646216,0,-0.463099718,2.20448494,1.24775696,-0.898416638,9.27141476,360,0.939247131,1,0,13,13,0
1293,3741,3,8327452,0,0,0,0,102,0,2,1,0,0,64700,50,2.5,1,0,6,3718.65283,2.34867668,0,-0.307114124,-0.730450749,1.17196655,-0.681503594,7.13900852,359.651031,0,1,0,14,14,0
1294,3742,2,8327376,0,0,0,0,102,0,2,1,0,0,64750,50,2.5,1,0,6,3655.81836,2.88414097,0,-0.451854646,2.00861645,1.09713745,-0.88376683,9.10292053,360,0.869064331,1,0,13,13,0
1294,3743,3,8327452,0,0,0,0,102,0,2,1,0,0,64750,50,2.5,1,0,6,3711.34961,2.31046891,0,-0.299421489,-0.902630568,1.36022949,-0.672742188,6.96750259,359.54715,0,1,0,14,14,0
1295,3744,2,8327376,0,0,0,0,102,0,2,1,0,0,64800,50,2.5,1,0,6,3650.21582,2.85628247,0,-0.471179068,2.34478402,0.935211182,-0.869517028,8.93465233,360,0.790016174,1,0,12,12,0
1295,3745,3,8327452,0,0,0,0,102,0,2,1,0,0,64800,50,2.5,1,0,6,3704.25488,2.27274919,0,-0.314100623,-0.578548312,1.54150391,-0.664409339,6.79630375,359.438904,0,1,0,13,13,0
1296,3746,2,8327376,0,0,0,0,102,0,2,1,0,0,64850,50,2.5,1,0,6,3644.77124,2.82927799,0,-0.459589511,2.14342642,0.767425537,-0.855650723,8.76660442,360,0.729957581,1,0,12,12,0
1296,3747,3,8327452,0,0,0,0,102,0,2,1,0,0,64850,50,2.5,1,0,6,3697.3645,2.23506522,0,-0.306417704,-0.745812893,1.70965576,-0.656482697,6.62540436,359.341766,0,1,0,13,13,0
1297,3748,2,8327376,0,0,0,0,102,0,2,1,0,0,64900,50,2.5,1,0,6,3639.48169,2.80202985,0,-0.478248477,2.46733022,0.580093384,-0.842150271,8.59877205,360,0.664909363,1,0,11,11,0
1297,3749,3,8327452,0,0,0,0,102,0,2,1,0,0,64900,50,2.5,1,0,6,3690.6709,2.20005441,0,-0.298398972,-0.925951958,1.88525391,-0.648939967,6.45479727,359.250336,0,1,0,13,13,0
1298,3750,2,8327376,0,0,0,0,102,0,2,1,0,0,64950,50,2.5,1,0,6,3634.34155,2.77518559,0,-0.466686606,2.26680946,0.397460938,-0.828997612,8.43115044,360,0.612991333,1,0,11,11,0
1298,3751,3,8327452,0,0,0,0,102,0,2,1,0,0,64950,50,2.5,1,0,6,3684.16797,2.16703415,0,-0.313273549,-0.596331,2.04083252,-0.641759336,6.28447533,359.151001,0,1,0,12,12,0
1299,3752,2,8327376,0,0,0,0,102,0,2,1,0,0,65000,50,2.5,1,0,6,3629.34619,2.74917054,0,-0.487212479,2.62252355,0.222885132,-0.816174626,8.26373482,360,0.560142517,1,0,10,10,0
1299,3753,3,8327452,0,0,0,0,102,0,2,1,0,0,65000,50,2.5,1,0,6,3678.22803,2.13598609,0,-0.306199908,-0.750625968,2.17849731,-0.634919107,6.11441422,359.06308,0,1,0,12,12,0
1300,3754,2,8327376,0,0,0,0,102,0,2,1,0,0,65050,50,2.5,1,0,6,3624.49121,2.72462463,0,-0.475666851,2.42259717,0.0372314453,-0.803663492,8.09652042,360,0.515060425,1,0,10,10,0
1300,3755,3,8327452,0,0,11,0,102,0,2,1,0,0,65050,50,2.5,1,0,6,3672.4563,2.10798764,0,-0.321689844,-0.417673707,2.32177734,-0.628398836,5.94460773,358.970093,0,1,0,11,11,0
1301,3756,2,8327376,0,0,0,0,102,0,2,1,0,0,65100,50,2.5,1,0,6,3619.77124,2.70196867,0,-0.526069462,3.29543567,0.185943604,-0.791446626,7.92950249,360,0.476821899,1,0,8,8,0
1301,3757,3,8327452,0,0,0,0,102,0,2,1,0,0,65100,50,2.5,1,0,6,3666.84058,2.0823524,0,-0.313457012,-0.592381239,2.46405029,-0.622154474,5.77505064,359.059509,0,1,0,11,11,0
1302,3758,2,8327376,0,0,0,0,102,0,2,1,0,0,65150,50,2.5,1,0,6,3615.18262,2.6803267,0,-0.422325194,1.48919225,0.413085938,-0.779507101,7.76267719,360,0.431137085,1,0,11,11,0
1302,3759,3,8327452,0,0,11,0,102,0,2,1,0,0,65150,50,2.5,1,0,6,3661.39111,1.99458528,0,-0.329679251,-0.252333045,2.59140015,-0.616089582,5.60573769,358.980499,0,1,0,10,10,0
1303,3760,2,8327376,0,0,0,0,102,0,2,1,0,0,65200,50,2.5,1,0,6,3610.72095,2.66119862,0,-0.411772907,1.30107307,0.632141113,-0.767828524,7.59604025,360,0.392082214,1,0,11,11,0
1303,3761,3,8327452,0,0,0,0,102,0,2,1,0,0,65200,50,2.5,1,0,6,3656.36182,1.96150446,0,-0.321721673,-0.417005777,3.09790039,-0.610176027,5.43665266,359.063538,0,1,0,10,10,0
1304,3762,2,8327376,0,0,0,0,102,0,2,1,0,0,65250,50,2.5,1,0,6,3606.38208,2.64327979,0,-0.401420116,1.11481667,0.84185791,-0.75639528,7.42958736,360,0.355560303,1,0,11,11,0
1304,3763,3,8327452,0,0,0,0,102,0,2,1,0,0,65250,50,2.5,1,0,6,3651.48608,1.92611969,0,-0.314699948,-0.565696836,3.19036865,-0.604309559,5.26779079,359.003479,0,1,0,10,10,0
1305,3764,2,8327376,0,0,0,0,102,0,2,1,0,0,65300,50,2.5,1,0,6,3602.16211,2.62720585,0,-0.392079473,0.945085287,1.02694702,-0.745192468,7.26331425,360,0.32144165,1,0,11,11,0
1305,3765,3,8327452,0,0,11,0,102,0,2,1,0,0,65300,50,2.5,1,0,6,3646.75562,1.91332185,0,-0.331193089,-0.22141993,3.28405762,-0.598539889,5.09914494,358.932648,0,1,0,9,9,0
1306,3766,2,8327376,0,0,0,0,102,0,2,1,0,0,65350,50,2.5,1,0,6,3598.05713,2.61232305,0,-0.594864845,4.51162195,1.22869873,-0.734205842,7.09721708,360,0.386238098,1,0,4,4,0
1306,3767,3,8327452,0,0,0,0,102,0,2,1,0,0,65350,50,2.5,1,0,6,3642.13037,1.91432095,0,-0.322738558,-0.395748019,3.37844849,-0.592845261,4.93071079,359.011292,0,1,0,9,9,0
1307,3768,2,8327376,0,0,0,0,102,0,2,1,0,0,65400,50,2.5,1,0,6,3594.06396,2.59883738,0,-0.614173293,4.86588621,1.40814209,-0.72342205,6.93129158,360,0.397148132,1,0,3,3,0
1307,3769,3,8327452,0,0,11,0,102,0,2,1,0,0,65400,50,2.5,1,0,6,3637.64697,1.90038741,0,-0.340504766,-0.0338996649,3.45220947,-0.587211192,4.76248169,358.94751,0,1,0,8,8,0
1308,3770,2,8327376,0,0,0,0,102,0,2,1,0,0,65450,50,2.5,1,0,6,3590.17871,2.58717012,0,-0.391709536,0.938327193,1.57104492,-0.712828398,6.76553392,360,0.227745056,1,0,10,10,0
1308,3771,3,8327452,0,0,0,0,102,0,2,1,0,0,65450,50,2.5,1,0,6,3633.26343,1.89284432,0,-0.35853374,0.318212509,3.52740479,-0.581575155,4.59445572,359.011353,0,1,0,7,7,0
1309,3772,2,8327376,0,0,0,0,102,0,2,1,0,0,65500,50,2.5,1,0,6,3586.39795,2.57624149,0,-0.382261217,0.764678478,1.73538208,-0.702412963,6.59993982,360,0.20136261,1,0,10,10,0
1309,3773,3,8327452,0,0,11,0,102,0,2,1,0,0,65500,50,2.5,1,0,6,3629.02051,1.89402831,0,-0.350136012,0.155822396,3.77484131,-0.575856149,4.42662907,358.961731,0,1,0,7,7,0
1310,3774,2,8327376,0,0,0,0,102,0,2,1,0,0,65550,50,2.5,1,0,6,3582.71899,2.56626058,0,-0.373000741,0.592364073,1.89318848,-0.692164481,6.43450594,360,0.177154541,1,0,10,10,0
1310,3775,3,8327452,0,0,0,0,102,0,2,1,0,0,65550,50,2.5,1,0,6,3624.86133,1.89116752,0,-0.368712902,0.511781693,3.8180542,-0.570097208,4.25899649,359.01593,0,1,0,6,6,0
1311,3776,2,8327376,0,0,0,0,102,0,2,1,0,0,65600,50,2.5,1,0,6,3579.13867,2.55722165,0,-0.363465518,0.412414312,2.05245972,-0.682072341,6.26922846,360,0.155303955,1,0,10,10,0
1311,3777,3,8327452,0,0,11,0,102,0,2,1,0,0,65600,50,2.5,1,0,6,3620.84155,1.89504969,0,-0.38757208,0.86253655,3.85699463,-0.564303577,4.0915513,358.960144,0,1,0,5,5,0
1312,3778,2,8327376,0,0,0,0,102,0,2,1,0,0,65650,50,2.5,1,0,6,3576.03125,2.54911947,0,-0.382391453,0.767087102,2.19512939,-0.672125757,6.10408592,360,0.128883362,1,0,9,9,0
1312,3779,3,8327452,0,0,10,0,102,0,2,1,0,0,65650,50,2.5,1,0,6,3616.89697,1.89230072,0,-0.408300072,1.23879492,3.88540649,-0.55842346,3.92429161,358.998474,0,1,0,4,4,0
1313,3780,2,8327376,0,0,0,0,102,0,2,1,0,0,65700,50,2.5,1,0,6,3573.00684,2.54200387,0,-0.373161614,0.595376849,2.33453369,-0.662315369,5.93907547,360,0.108337402,1,0,9,9,0
1313,3781,3,8327452,0,0,0,0,102,0,2,1,0,0,65700,50,2.5,1,0,6,3613.05664,1.90252757,0,-0.458747625,2.12877178,3.9118042,-0.552414358,3.75721455,359.001617,0,1,0,2,2,0
1314,3782,2,8327376,0,0,0,0,102,0,2,1,0,0,65750,50,2.5,1,0,6,3570.06299,2.53538179,0,-0.364384949,0.429888368,2.46405029,-0.652632535,5.77419376,360,0.0897293091,1,0,9,9,0
1314,3783,3,8327452,0,0,11,0,102,0,2,1,0,0,65750,50,2.5,1,0,6,3609.34399,1.9155823,0,-0.419537723,1.43965268,3.92895508,-0.546268225,3.59031439,358.939392,0,1,0,3,3,0
1315,3784,2,8327376,0,0,0,0,102,0,2,1,0,0,65800,50,2.5,1,0,6,3567.19702,2.53010082,0,-0.355749518,0.264660358,2.58856201,-0.643069088,5.60943794,360,0.0731582642,1,0,9,9,0
1315,3785,3,8327452,0,0,11,0,102,0,2,1,0,0,65800,50,2.5,1,0,6,3605.69312,1.91060209,0,-0.4103778,1.27607858,3.87799072,-0.539980352,3.42358851,358.963196,0,1,0,3,3,0
1316,3786,2,8327376,0,0,0,0,102,0,2,1,0,0,65850,50,2.5,1,0,6,3564.66699,2.52466774,0,-0.375196069,0.633419514,3.0847168,-0.633616328,5.44479275,360,0.0508270264,1,0,8,8,0
1316,3787,3,8327452,0,0,0,0,102,0,2,1,0,0,65850,50,2.5,1,0,6,3602.14136,1.91898549,0,-0.372066855,0.574857235,3.8651123,-0.533517957,3.25703406,359.077209,0,1,0,4,4,0
1317,3788,2,8327376,0,0,0,0,102,0,2,1,0,0,65900,50,2.5,1,0,6,3562.2041,2.52011514,0,-0.366580784,0.47150898,3.18228149,-0.62426722,5.28025579,360,0.0345001221,1,0,8,8,0
1317,3789,3,8327452,0,0,0,0,102,0,2,1,0,0,65900,50,2.5,1,0,6,3598.71094,1.93427157,0,-0.363529146,0.413624763,3.84735107,-0.526878715,3.09064555,359.063293,0,1,0,4,4,0
1318,3790,2,8327376,0,0,0,0,102,0,2,1,0,0,65950,50,2.5,1,0,6,3559.80664,2.51582599,0,-0.357462585,0.297641993,3.28109741,-0.615015149,5.1158247,360,0.0202484131,1,0,8,8,0
1318,3791,3,8327452,0,0,0,0,102,0,2,1,0,0,65950,50,2.5,1,0,6,3595.36523,1.92878294,0,-0.35532409,0.256453991,3.82467651,-0.520080924,2.92441821,359.052338,0,1,0,4,4,0
1319,3792,2,8327376,0,0,0,0,102,0,2,1,0,0,66000,50,2.5,1,0,6,3557.47266,2.51201105,0,-0.349650681,0.146354318,3.36203003,-0.605853975,4.9514966,360,0.00759887695,1,0,8,8,0
1319,3793,3,8327452,0,0,0,0,102,0,2,1,0,0,66000,50,2.5,1,0,6,3592.11011,1.91627479,0,-0.34714365,0.0972983837,3.79626465,-0.513140321,2.75834751,359.045532,0,1,0,4,4,0
1320,3794,2,8327376,0,0,0,0,102,0,2,1,0,0,66050,50,2.5,1,0,6,3555.2002,2.50845551,0,-0.368481487,0.507416487,3.44067383,-0.596777856,4.78726912,359.987183,0,1,0,7,7,0
1320,3795,3,8327452,0,0,0,0,102,0,2,1,0,0,66050,50,2.5,1,0,6,3588.94312,1.90597558,0,-0.339774489,-0.0484527349,3.76541138,-0.506070673,2.59242868,359.03894,0,1,0,4,4,0
1321,3796,2,8327376,0,0,0,0,102,0,2,1,0,0,66100,50,2.5,1,0,6,3552.98755,2.5053699,0,-0.360077769,0.347794056,3.51434326,-0.587746978,4.62314129,359.974548,0,1,0,7,7,0
1321,3797,3,8327452,0,0,0,0,102,0,2,1,0,0,66100,50,2.5,1,0,6,3585.86108,1.89787769,0,-0.331364214,-0.217932463,3.45184326,-0.498883903,2.42665768,359.042847,0,1,0,4,4,0
1322,3798,2,8327376,0,0,0,0,102,0,2,1,0,0,66150,50,2.5,1,0,6,3550.83423,2.50275183,0,-0.351169854,0.175957918,3.58770752,-0.578762412,4.45911074,359.964478,0,1,0,7,7,0
1322,3799,3,8327452,0,0,0,0,102,0,2,1,0,0,66150,50,2.5,1,0,6,3582.86133,1.89090455,0,-0.324350744,-0.36217773,3.39892578,-0.49159053,2.2610302,359.043121,0,1,0,4,4,0
1323,3800,2,8327376,0,0,0,0,102,0,2,1,0,0,66200,50,2.5,1,0,6,3548.73657,2.50144649,0,-0.34319061,0.0194116831,3.81170654,-0.569824755,4.29517508,359.956482,0,1,0,7,7,0
1323,3801,3,8327452,0,0,0,0,102,0,2,1,0,0,66200,50,2.5,1,0,6,3579.94165,1.88462448,0,-0.316466868,-0.52795589,3.33276367,-0.484199882,2.09554219,359.054871,0,1,0,4,4,0
1324,3802,2,8327376,0,0,0,0,102,0,2,1,0,0,66250,50,2.5,1,0,6,3546.69336,2.50018048,0,-0.361602068,0.376917005,3.84912109,-0.560970604,4.13132954,359.93634,0,1,0,6,6,0
1324,3803,3,8327452,0,0,0,0,102,0,2,1,0,0,66250,50,2.5,1,0,6,3577.09937,1.87967455,0,-0.309296429,-0.682576895,3.30203247,-0.476720244,1.93018985,359.067261,0,1,0,4,4,0
1325,3804,2,8327376,0,0,0,0,102,0,2,1,0,0,66300,50,2.5,1,0,6,3544.70142,2.49852943,0,-0.353326648,0.217830658,3.88049316,-0.55215919,3.96757364,359.927124,0,1,0,6,6,0
1325,3805,3,8327452,0,0,0,0,102,0,2,1,0,0,66300,50,2.5,1,0,6,3574.33203,1.87498403,0,-0.302421689,-0.83480978,3.59014893,-0.469159037,1.76496935,359.083344,0,1,0,4,4,0
1326,3806,2,8327376,0,0,0,0,102,0,2,1,0,0,66350,50,2.5,1,0,6,3542.7627,2.49564719,0,-0.345294118,0.0609389544,3.90570068,-0.543390453,3.80390549,359.920197,0,1,0,6,6,0
1326,3807,3,8327452,0,0,0,0,102,0,2,1,0,0,66350,50,2.5,1,0,6,3571.63794,1.8707639,0,-0.276066661,-1.46878386,3.87982178,-0.461522877,1.599877,359.312531,0,1,0,5,5,0
1327,3808,2,8327376,0,0,0,0,102,0,2,1,0,0,66400,50,2.5,1,0,6,3540.87427,2.49407125,0,-0.364702672,0.435917974,3.92364502,-0.534664035,3.64032245,359.901764,0,1,0,5,5,0
1327,3809,3,8327452,0,0,0,0,102,0,2,1,0,0,66400,50,2.5,1,0,6,3569.0144,1.86786366,0,-0.270977139,-1.60433841,4.12988281,-0.453852415,1.43490767,359.344452,0,1,0,5,5,0
1328,3810,2,8327376,0,0,0,0,102,0,2,1,0,0,66450,50,2.5,1,0,6,3539.03491,2.49253058,0,-0.355854392,0.266683698,3.88012695,-0.525982141,3.47682238,359.893127,0,1,0,5,5,0
1328,3811,3,8327452,0,0,0,0,102,0,2,1,0,0,66450,50,2.5,1,0,6,3566.46118,1.86478972,0,-0.283191502,-1.28755391,4.39901733,-0.446146578,1.27005827,359.15799,0,1,0,4,4,0
1329,3812,2,8327376,0,0,0,0,102,0,2,1,0,0,66500,50,2.5,1,0,6,3537.24292,2.49081397,0,-0.348447621,0.122845769,3.87091064,-0.517350912,3.31340265,359.886108,0,1,0,5,5,0
1329,3813,3,8327452,0,0,0,0,102,0,2,1,0,0,66500,50,2.5,1,0,6,3563.97437,1.86366832,0,-0.277803898,-1.42374766,5.81298828,-0.438404769,1.10532582,359.184784,0,1,0,4,4,0
1330,3814,2,8327376,0,0,0,0,102,0,2,1,0,0,66550,50,2.5,1,0,6,3535.49683,2.48934197,0,-0.367218018,0.483560205,3.85577393,-0.508781493,3.15006042,359.867798,0,1,0,4,4,0
1330,3815,3,8327452,0,0,0,0,102,0,2,1,0,0,66550,50,2.5,1,0,6,3561.552,1.86236882,0,-0.272120655,-1.57338035,5.90927124,-0.43062681,0.940707207,359.224457,0,1,0,4,4,0
1331,3816,2,8327376,0,0,0,0,102,0,2,1,0,0,66600,50,2.5,1,0,6,3533.79541,2.48727012,0,-0.358224928,0.312286973,3.83340454,-0.500290036,2.98679304,359.857117,0,1,0,4,4,0
1331,3817,3,8327452,0,0,0,0,102,0,2,1,0,0,66600,50,2.5,1,0,6,3559.19238,1.86089063,0,-0.266434491,-1.73057544,5.99127197,-0.422812849,0.776199639,359.275238,0,1,0,4,4,0
1332,3818,2,8327376,0,0,0,0,102,0,2,1,0,0,66650,50,2.5,1,0,6,3532.1377,2.48459888,0,-0.350169778,0.156479239,3.8074646,-0.491892606,2.82359767,359.847595,0,1,0,4,4,0
1332,3819,3,8327452,0,0,0,0,102,0,2,1,0,0,66650,50,2.5,1,0,6,3556.89429,1.85965776,0,-0.261748314,-1.86711979,6.04620361,-0.414963275,0.611800194,359.320068,0,1,0,4,4,0
1333,3820,2,8327376,0,0,0,0,102,0,2,1,0,0,66700,50,2.5,1,0,6,3530.52271,2.48174906,0,-0.369156182,0.520136952,3.77667236,-0.48359102,2.66047215,359.820923,0,1,0,3,3,0
1333,3821,3,8327452,0,0,0,0,102,0,2,1,0,0,66700,50,2.5,1,0,6,3554.65552,1.85824502,0,-0.234209135,-2.89683127,6.08728027,-0.407078713,0.44750613,359.909058,0,1,0,6,6,0
1334,3822,2,8327376,0,0,0,0,102,0,2,1,0,0,66750,50,2.5,1,0,6,3528.95044,2.47829938,0,-0.360898107,0.363476515,3.47485352,-0.475362092,2.49741554,359.803589,0,1,0,3,3,0
1334,3823,3,8327452,0,0,0,0,102,0,2,1,0,0,66750,50,2.5,1,0,6,3552.4751,1.85601604,0,-0.231221467,-3.04448009,6.11260986,-0.399159968,0.283314705,359.989532,0,1,0,6,6,0
1335,3824,2,8327376,0,0,0,0,102,0,2,1,0,0,66800,50,2.5,1,0,6,3527.41943,2.47635436,0,-0.380961537,0.740627885,3.42486572,-0.467174768,2.33442783,359.770813,0,1,0,2,2,0
1335,3825,3,8327452,0,0,0,0,102,0,2,1,0,0,66800,50,2.5,1,0,6,3550.35156,1.85445404,0,-0.228733733,-3.17716336,6.11737061,-0.391207963,0.119223282,360,0.0665817261,1,0,6,6,0
1336,3826,2,8327376,0,0,0,0,102,0,2,1,0,0,66850,50,2.5,1,0,6,3525.92822,2.47464943,0,-0.37237221,0.580584288,3.36569214,-0.45901382,2.17150784,359.743408,0,1,0,2,2,0
1336,3827,3,8327452,0,0,0,0,102,0,2,1,0,0,66850,50,2.5,1,0,6,3548.2832,1.85271072,0,-0.226568595,-3.30170107,6.10543823,-0.383218229,-0.0447704792,360,0.143821716,1,0,6,6,0
1337,3828,2,8327376,0,0,0,0,102,0,2,1,0,0,66900,50,2.5,1,0,6,3524.47534,2.4738133,0,-0.392290771,0.94894433,3.30340576,-0.450875103,2.00865412,359.690338,0,1,0,1,1,0
1337,3829,3,8327452,0,0,0,0,102,0,2,1,0,0,66900,50,2.5,1,0,6,3546.26807,1.85099685,0,-0.224454626,-3.43360662,6.07559204,-0.375179291,-0.20866847,360,0.230110168,1,0,6,6,0
1338,3830,2,8327376,0,0,0,0,102,0,2,1,0,0,66950,50,2.5,1,0,6,3523.05933,2.47321415,0,-0.383560479,0.788679957,3.41442871,-0.442756921,1.84586489,359.644104,0,1,0,1,1,0
1338,3831,3,8327452,0,0,0,0,102,0,2,1,0,0,66950,50,2.5,1,0,6,3544.30493,1.84910023,0,-0.217623383,-3.98247147,6.02191162,-0.367074192,-0.372472256,360,0.543365479,1,0,7,7,0
1339,3832,2,8327376,0,0,0,0,102,0,2,1,0,0,67000,50,2.5,1,0,6,3521.68018,2.47201061,0,-0.374280751,0.61631763,3.74157715,-0.434658021,1.68313861,359.604523,0,1,0,1,1,0
1339,3833,3,8327452,0,18,0,0,102,0,2,1,0,0,67000,50,2.5,1,0,6,3542.39233,1.84659779,0,-0.227691308,-7.10042095,5.95336914,-0.358885258,-0.536183238,360,1.77649689,1,0,15,15,0
1340,3834,2,8327376,0,0,0,0,102,0,2,1,0,0,67050,50,2.5,1,0,6,3520.33667,2.47020316,0,-0.339243889,-0.0590411425,4.01885986,-0.42657724,1.52047372,359.674103,0,1,0,2,2,0
1340,3835,3,8327452,0,17,0,0,102,0,2,1,0,0,67050,50,2.5,1,0,6,3540.50366,1.84391212,0,-0.229053468,-7.22135401,5.86340332,-0.350706637,-0.699807286,360,1.68080902,1,0,15,15,0
1341,3836,2,8327376,0,0,0,0,102,0,2,1,0,0,67100,50,2.5,1,0,6,3519.02734,2.46968055,0,-0.332189739,-0.201136589,4.2520752,-0.418513507,1.35786855,359.664917,0,1,0,2,2,0
1341,3837,3,8327452,0,16,0,0,102,0,2,1,0,0,67100,50,2.5,1,0,6,3538.66235,1.84651661,0,-0.230411351,-7.34104586,5.75521851,-0.34263736,-0.863351464,360,1.59451294,1,0,15,15,0
1342,3838,2,8327376,0,0,0,0,102,0,2,1,0,0,67150,50,2.5,1,0,6,3517.75146,2.46876192,0,-0.324652582,-0.355909467,5.75415039,-0.410465777,1.19532168,359.663605,0,1,0,2,2,0
1342,3839,3,8327452,0,16,0,0,102,0,2,1,0,0,67150,50,2.5,1,0,6,3536.8667,1.87002301,0,-0.231790662,-7.46240187,5.62600708,-0.334749728,-1.0268209,360,1.51763916,1,0,15,15,0
1343,3840,2,8327376,0,0,0,0,102,0,2,1,0,0,67200,50,2.5,1,0,6,3516.50879,2.4678669,0,-0.316626847,-0.524550796,5.86676025,-0.402433127,1.03283167,359.672333,0,1,0,2,2,0
1343,3841,3,8327452,0,15,0,0,102,0,2,1,0,0,67200,50,2.5,1,0,6,3535.10742,1.90406919,0,-0.233095512,-7.57758093,5.48480225,-0.327097267,-1.19021964,360,1.43817902,1,0,15,15,0
1344,3842,2,8327376,0,0,0,0,102,0,2,1,0,0,67250,50,2.5,1,0,6,3515.29785,2.46678543,0,-0.309586823,-0.676236391,5.95043945,-0.394414663,0.870397091,359.682861,0,1,0,2,2,0
1344,3843,3,8327452,0,14,0,0,102,0,2,1,0,0,67250,50,2.5,1,0,6,3533.38525,1.94041753,0,-0.23460722,-7.7122283,5.29718018,-0.319720089,-1.35355091,360,1.37113953,1,0,15,15,0
1345,3844,2,8327376,0,0,0,0,102,0,2,1,0,0,67300,50,2.5,1,0,6,3514.11743,2.46656466,0,-0.302693605,-0.828706026,6.01751709,-0.386409551,0.708016515,359.70047,0,1,0,2,2,0
1345,3845,3,8327452,0,13,0,0,102,0,2,1,0,0,67300,50,2.5,1,0,6,3531.69971,1.97064197,0,-0.235893443,-7.82847881,5.1151123,-0.312644273,-1.51681697,360,1.30757141,1,0,15,15,0
1346,3846,2,8327376,0,0,0,0,102,0,2,1,0,0,67350,50,2.5,1,0,6,3512.96802,2.46489835,0,-0.296348274,-0.973058701,6.06555176,-0.378417015,0.54568851,359.722351,0,1,0,2,2,0
1346,3847,3,8327452,0,13,0,0,102,0,2,1,0,0,67350,50,2.5,1,0,6,3530.05176,1.992226,0,-0.237280726,-7.956388,4.89324951,-0.305884778,-1.68001997,360,1.25379944,1,0,15,15,0
1347,3848,2,8327376,0,0,0,0,102,0,2,1,0,0,67400,50,2.5,1,0,6,3511.84741,2.46430159,0,-0.289385676,-1.13663626,6.10128784,-0.370436341,0.383411825,359.760193,0,1,0,2,2,0
1347,3849,3,8327452,0,12,0,0,102,0,2,1,0,0,67400,50,2.5,1,0,6,3528.44067,2.00349998,0,-0.238667876,-8.08783913,4.64154053,-0.299449921,-1.84316134,360,1.19817352,1,0,15,15,0
1348,3850,2,8327376,0,0,0,0,102,0,2,1,0,0,67450,50,2.5,1,0,6,3510.7561,2.46309686,0,-0.283691406,-1.27516198,6.11587524,-0.362466842,0.221185192,359.795959,0,1,0,2,2,0
1348,3851,3,8327452,0,12,0,0,102,0,2,1,0,0,67450,50,2.5,1,0,6,3526.87085,2.01141882,0,-0.240005463,-8.21905994,4.36578369,-0.29334408,-2.00624251,360,1.14930725,1,0,15,15,0
1349,3852,2,8327376,0,0,0,0,102,0,2,1,0,0,67500,50,2.5,1,0,6,3509.69214,2.46337771,0,-0.27772373,-1.42581356,6.11520386,-0.354507864,0.0590073019,359.846558,0,1,0,2,2,0
1349,3853,3,8327452,0,11,0,0,102,0,2,1,0,0,67500,50,2.5,1,0,6,3525.33911,2.01283622,0,-0.241305947,-8.35216236,4.06103516,-0.287567168,-2.16926479,360,1.09785461,1,0,15,15,0
1350,3854,2,8327376,0,0,0,0,102,0,2,1,0,0,67550,50,2.5,1,0,6,3508.65552,2.4622128,0,-0.271927834,-1.57857788,6.09640503,-0.346558809,-0.103123054,359.908691,0,1,0,2,2,0
1350,3855,3,8327452,0,11,0,0,102,0,2,1,0,0,67550,50,2.5,1,0,6,3523.84888,2.01259255,0,-0.242674604,-8.50003052,3.7399292,-0.28211692,-2.33222938,360,1.05505371,1,0,15,15,0
1351,3856,2,8327376,0,0,0,0,102,0,2,1,0,0,67600,50,2.5,1,0,6,3507.64526,2.46148562,0,-0.266563773,-1.72690523,6.06018066,-0.338619113,-0.265207082,359.979858,0,1,0,2,2,0
1351,3857,3,8327452,0,10,0,0,102,0,2,1,0,0,67600,50,2.5,1,0,6,3522.39673,2.00733089,0,-0.243794218,-8.62889099,3.45541382,-0.276988,-2.49513721,360,1.00628662,1,0,15,15,0
1352,3858,2,8327376,0,0,0,0,102,0,2,1,0,0,67650,50,2.5,1,0,6,3506.66113,2.46077681,0,-0.261402309,-1.87749338,6.00488281,-0.330688268,-0.427245945,360,0.0645904541,1,0,2,2,0
1352,3859,3,8327452,0,0,0,0,102,0,2,1,0,0,67650,50,2.5,1,0,6,3520.98608,2.00167489,0,-0.245021939,-8.78139019,3.09832764,-0.272173941,-2.65798926,360,0.966751099,1,0,15,15,0
1353,3860,2,8327376,0,0,0,0,102,0,2,1,0,0,67700,50,2.5,1,0,6,3505.7019,2.46029544,0,-0.256343842,-2.03462529,5.92626953,-0.322765768,-0.589240789,360,0.166648865,1,0,2,2,0
1353,3861,3,8327452,0,0,0,0,102,0,2,1,0,0,67700,50,2.5,1,0,6,3519.62646,1.99247849,0,-0.246009469,-8.91587353,2.7651062,-0.267643064,-2.82078648,360,0.919303894,1,0,15,15,0
1354,3862,2,8327376,0,0,0,0,102,0,2,1,0,0,67750,50,2.5,1,0,6,3504.76758,2.45941353,0,-0.252194643,-2.17270517,5.83886719,-0.314851135,-0.751192749,360,0.272087097,1,0,2,2,0
1354,3863,3,8327452,0,0,0,0,102,0,2,1,0,0,67750,50,2.5,1,0,6,3518.30347,1.9912895,0,-0.247038692,-9.07257557,2.35519409,-0.263394624,-2.98353004,360,0.877059937,1,0,15,15,0
1355,3864,2,8327376,0,0,0,0,102,0,2,1,0,0,67800,50,2.5,1,0,6,3503.85742,2.45834017,0,-0.237157717,-2.76115823,5.72546387,-0.306943953,-0.913102925,360,0.63155365,1,0,3,3,0
1355,3865,3,8327452,0,0,0,0,102,0,2,1,0,0,67800,50,2.5,1,0,6,3517.01611,1.98676634,0,-0.247845873,-9.21364021,1.96609497,-0.25942421,-3.14622116,360,0.835929871,1,0,15,15,0
1356,3866,2,8327376,0,0,0,0,102,0,2,1,0,0,67850,50,2.5,1,0,6,3502.9707,2.45749307,0,-0.234071612,-2.90338516,5.59188843,-0.299043775,-1.07497239,360,0.757331848,1,0,3,3,0
1356,3867,3,8327452,0,0,0,0,102,0,2,1,0,0,67850,50,2.5,1,0,6,3515.76392,1.97954082,0,-0.248591647,-9.36798,1.51843262,-0.255724698,-3.30886078,360,0.797737122,1,0,15,15,0
1357,3868,2,8327376,0,0,0,0,102,0,2,1,0,0,67900,50,2.5,1,0,6,3502.10645,2.45687103,0,-0.231202066,-3.04547763,5.43658447,-0.291150272,-1.2368021,360,0.892547607,1,0,3,3,0
1357,3869,3,8327452,0,0,0,0,102,0,2,1,0,0,67900,50,2.5,1,0,6,3514.54688,1.9700346,0,-0.249190614,-9.52356625,1.04370117,-0.252287149,-3.47144985,360,0.761054993,1,0,15,15,0
1358,3870,2,8327376,0,0,0,0,102,0,2,1,0,0,67950,50,2.5,1,0,6,3501.26367,2.45730853,0,-0.236929208,-2.77136111,5.24450684,-0.283263057,-1.39859307,360,0.856338501,1,0,2,2,0
1358,3871,3,8327452,0,0,0,0,102,0,2,1,0,0,67950,50,2.5,1,0,6,3513.36426,1.95908797,0,-0.249652922,-9.68974876,0.510253906,-0.249101266,-3.63398957,360,0.725662231,1,0,15,15,0
1359,3872,2,8327376,0,10,0,0,102,0,2,1,0,0,68000,50,2.5,1,0,6,3500.44238,2.45650864,0,-0.233956605,-2.90888357,5.05395508,-0.275381774,-1.56034636,360,1.02861786,1,0,2,2,0
1359,3873,3,8327452,0,0,0,0,102,0,2,1,0,0,68000,50,2.5,1,0,6,3512.21509,1.94774866,0,-0.249922752,-9.85437107,0.0454864502,-0.246156007,-3.79648066,360,0.690734863,1,0,15,15,0
1360,3874,2,8327376,0,0,0,0,102,0,2,1,0,0,68050,50,2.5,1,0,6,3499.63745,2.45530629,0,-0.240371272,-2.62251115,4.82937622,-0.267525584,-1.72206354,360,0.965232849,1,0,1,1,0
1360,3875,3,8327452,0,0,0,0,102,0,2,1,0,0,68050,50,2.5,1,0,6,3511.06836,1.93622577,0,-0.250010639,-10.0211725,0.636856079,-0.243439868,-3.95892286,360,0.656158447,1,0,15,15,0
1361,3876,2,8327376,0,12,0,0,102,0,2,1,0,0,68100,50,2.5,1,0,6,3498.85718,2.45974803,0,-0.236891374,-2.77305555,4.57659912,-0.259754062,-1.88374853,360,1.21006775,1,0,1,1,0
1361,3877,3,8327452,0,0,0,0,102,0,2,1,0,0,68100,50,2.5,1,0,6,3509.96533,1.92533898,0,-0.250755668,-10.1812792,1.2308197,-0.240941182,-4.12131786,360,0.62979126,1,0,15,15,0
1362,3878,2,8327376,0,14,0,0,102,0,2,1,0,0,68150,50,2.5,1,0,6,3498.07886,2.45919967,0,-0.225825414,-3.34678054,4.29394531,-0.252052128,-2.04540086,360,1.41353607,1,0,2,2,0
1362,3879,3,8327452,0,0,0,0,102,0,2,1,0,0,68150,50,2.5,1,0,6,3508.91284,1.91469204,0,-0.249989182,-9.94563484,1.9385376,-0.23864837,-4.28366709,360,0.598449707,1,0,14,14,0
1363,3880,2,8327376,0,15,0,0,102,0,2,1,0,0,68200,50,2.5,1,0,6,3497.31543,2.4682436,0,-0.223529115,-3.49529767,3.98178101,-0.24447763,-2.20702362,360,1.50267792,1,0,2,2,0
1363,3881,3,8327452,0,0,0,0,102,0,2,1,0,0,68200,50,2.5,1,0,6,3507.89014,1.90512466,0,-0.250269711,-10.1074791,2.61973572,-0.236549988,-4.44597149,360,0.572715759,1,0,14,14,0
1364,3882,2,8327376,0,16,0,0,102,0,2,1,0,0,68250,50,2.5,1,0,6,3496.56372,2.49063516,0,-0.216954678,-4.0549984,3.67218018,-0.237085178,-2.36861992,360,1.60704041,1,0,3,3,0
1364,3883,3,8327452,0,0,0,0,102,0,2,1,0,0,68250,50,2.5,1,0,6,3506.87671,1.89599681,0,-0.249937281,-9.86884499,3.39836121,-0.234634951,-4.60823154,360,0.553977966,1,0,13,13,0
1365,3884,2,8327376,0,17,0,0,102,0,2,1,0,0,68300,50,2.5,1,0,6,3495.82031,2.52073646,0,-0.215846196,-4.19085169,3.37991333,-0.229923412,-2.53019166,360,1.65237427,1,0,3,3,0
1365,3885,3,8327452,0,0,0,0,102,0,2,1,0,0,68300,50,2.5,1,0,6,3505.89966,1.88750601,0,-0.249543786,-9.64376259,1.18389893,-0.232892364,-4.77044868,360,0.539588928,1,0,12,12,0
1366,3886,2,8327376,0,17,0,0,102,0,2,1,0,0,68350,50,2.5,1,0,6,3495.08374,2.55583119,0,-0.213241324,-4.73108673,3.02624512,-0.223036289,-2.69174099,360,1.70041656,1,0,4,4,0
1366,3887,3,8327452,0,0,0,0,102,0,2,1,0,0,68350,50,2.5,1,0,6,3504.96094,1.87966633,0,-0.251110524,-10.220644,1.79994202,-0.231311992,-4.93262386,360,0.517684937,1,0,13,13,0
1367,3888,2,8327376,0,18,0,0,102,0,2,1,0,0,68400,50,2.5,1,0,6,3494.35498,2.59445739,0,-0.213013619,-4.87404537,2.66372681,-0.216462046,-2.8532691,360,1.71537781,1,0,4,4,0
1367,3889,3,8327452,0,0,0,0,102,0,2,1,0,0,68400,50,2.5,1,0,6,3504.04834,1.8728956,0,-0.249350965,-9.57409954,2.48617554,-0.229883954,-5.09475851,360,0.514190674,1,0,11,11,0
1368,3890,2,8327376,0,18,0,0,102,0,2,1,0,0,68450,50,2.5,1,0,6,3493.63062,2.63140678,0,-0.213641196,-5.38417149,2.3001709,-0.210233018,-3.01477695,360,1.72356415,1,0,5,5,0
1368,3891,3,8327452,0,0,0,0,102,0,2,1,0,0,68450,50,2.5,1,0,6,3503.16846,1.86697769,0,-0.248540029,-9.35621929,3.27056885,-0.228598863,-5.25685358,360,0.508407593,1,0,10,10,0
1369,3892,2,8327376,0,19,0,0,102,0,2,1,0,0,68500,50,2.5,1,0,6,3492.91431,2.66855216,0,-0.245558128,-8.85283375,1.88467407,-0.204378277,-3.17626524,360,1.88478088,1,0,14,14,0
1369,3893,3,8327452,0,0,0,0,102,0,2,1,0,0,68500,50,2.5,1,0,6,3502.31689,1.86107993,0,-0.249181852,-9.52095127,4.03320312,-0.227447793,-5.41891003,360,0.500099182,1,0,10,10,0
1370,3894,2,8327376,0,17,0,0,102,0,2,1,0,0,68550,50,2.5,1,0,6,3492.20288,2.70235705,0,-0.217336684,-6.04447699,1.41455078,-0.198922902,-3.33773398,360,1.67736053,1,0,6,6,0
1370,3895,3,8327452,0,0,0,0,102,0,2,1,0,0,68550,50,2.5,1,0,6,3501.48828,1.85645247,0,-0.248303562,-9.30466652,4.92979431,-0.226422295,-5.58092928,360,0.502220154,1,0,9,9,0
1371,3896,2,8327376,0,17,0,0,102,0,2,1,0,0,68600,50,2.5,1,0,6,3491.50562,2.73677611,0,-0.22184965,-6.55293846,0.932067871,-0.193886131,-3.49918365,360,1.64978027,1,0,7,7,0
1371,3897,3,8327452,0,0,0,0,102,0,2,1,0,0,68600,50,2.5,1,0,6,3500.68213,1.85183918,0,-0.247110769,-9.08439636,5.8533783,-0.225514397,-5.74291182,360,0.506874084,1,0,8,8,0
1372,3898,2,8327376,0,16,0,0,102,0,2,1,0,0,68650,50,2.5,1,0,6,3490.81616,2.75558376,0,-0.23128432,-7.41783762,0.449157715,-0.189276323,-3.66061401,360,1.60325623,1,0,9,9,0
1372,3899,3,8327452,0,0,0,0,102,0,2,1,0,0,68650,50,2.5,1,0,6,3499.88989,1.84786558,0,-0.248070374,-9.25703239,6.84410095,-0.224716604,-5.90485859,360,0.508674622,1,0,8,8,0
1373,3900,2,8327376,0,16,0,0,102,0,2,1,0,0,68700,50,2.5,1,0,6,3490.14307,2.76689959,0,-0.232948333,-7.56455469,0.102813721,-0.185097992,-3.82202482,360,1.54231262,1,0,9,9,0
1373,3901,3,8327452,0,0,0,0,102,0,2,1,0,0,68700,50,2.5,1,0,6,3499.12256,1.84390104,0,-0.246819124,-9.03734016,7.90168762,-0.224021807,-6.06677008,360,0.523933411,1,0,7,7,0
1374,3902,2,8327376,0,15,0,0,102,0,2,1,0,0,68750,50,2.5,1,0,6,3489.45752,2.76927853,0,-0.234604791,-7.71201038,0.68927002,-0.181351289,-3.98341441,360,1.47517395,1,0,9,9,0
1374,3903,3,8327452,0,0,0,0,102,0,2,1,0,0,68750,50,2.5,1,0,6,3498.37476,1.84141123,0,-0.245326653,-8.82157135,9.04460144,-0.223423377,-6.22864771,360,0.544578552,1,0,6,6,0
1375,3904,2,8327376,0,14,0,0,102,0,2,1,0,0,68800,50,2.5,1,0,6,3488.8064,2.76956654,0,-0.236268222,-7.86274242,1.32296753,-0.17803438,-4.1447835,360,1.41090393,1,0,9,9,0
1375,3905,3,8327452,0,0,0,0,102,0,2,1,0,0,68800,50,2.5,1,0,6,3497.64697,1.83809841,0,-0.243624225,-8.60877609,10.2766876,-0.222915068,-6.39049196,360,0.573394775,1,0,5,5,0
1376,3906,2,8327376,0,11,0,0,102,0,2,1,0,0,68850,50,2.5,1,0,6,3488.18701,2.76260328,0,-0.253331721,-10.3887348,2.03939819,-0.175139815,-4.30613184,360,1.1162796,1,0,15,15,0
1376,3907,3,8327452,0,0,0,0,102,0,2,1,0,0,68850,50,2.5,1,0,6,3496.93066,1.83563125,0,-0.253140181,-10.3769493,11.5208435,-0.222491041,-6.55230331,360,0.477020264,1,0,9,9,0
1377,3908,2,8327376,0,11,0,0,102,0,2,1,0,0,68900,50,2.5,1,0,6,3487.59399,2.74984598,0,-0.256563187,-10.5547009,2.71994019,-0.172652021,-4.46745968,360,1.06443024,1,0,15,15,0
1377,3909,3,8327452,0,0,0,0,102,0,2,1,0,0,68900,50,2.5,1,0,6,3496.23315,1.83358788,0,-0.235767782,-7.81703377,13.0279541,-0.222145826,-6.71408272,360,0.706199646,1,0,2,2,0
1378,3910,2,8327376,0,10,0,0,102,0,2,1,0,0,68950,50,2.5,1,0,6,3486.99658,2.72027588,0,-0.2611081,-10.7344952,3.49285889,-0.170548156,-4.62876606,360,1.01930237,1,0,15,15,0
1378,3911,3,8327452,0,0,0,0,102,0,2,1,0,0,68950,50,2.5,1,0,6,3495.55396,1.83134651,0,-0.2526007,-10.341835,14.4234772,-0.221840069,-6.87583065,360,0.489067078,1,0,8,8,0
1379,3912,2,8327376,0,0,0,0,102,0,2,1,0,0,69000,50,2.5,1,0,6,3486.44897,2.69175124,0,-0.255113631,-10.4863176,1.22770691,-0.168808281,-4.79005146,360,0.94203949,1,0,14,14,0
1379,3913,3,8327452,0,0,0,0,102,0,2,1,0,0,69000,50,2.5,1,0,6,3494.89404,1.82974064,0,-0.256042153,-10.5309792,15.430542,-0.221575052,-7.03754807,360,0.529022217,1,0,8,8,0
1380,3914,2,8327376,0,0,0,0,102,0,2,1,0,0,69050,50,2.5,1,0,6,3485.93628,2.66493678,0,-0.259302557,-10.6677866,1.87367249,-0.167389363,-4.95131636,360,0.856063843,1,0,14,14,0
1380,3915,3,8327452,0,0,0,0,102,0,2,1,0,0,69050,50,2.5,1,0,6,3494.24976,1.83022857,0,-0.251900434,-10.2907047,16.4147186,-0.221351519,-7.19923592,360,0.514183044,1,0,7,7,0
1381,3916,2,8327376,0,0,0,0,102,0,2,1,0,0,69100,50,2.5,1,0,6,3485.44165,2.6759727,0,-0.254058689,-10.430871,2.60899353,-0.166306049,-5.11256075,360,0.750221252,1,0,13,13,0
1381,3917,3,8327452,0,0,0,0,102,0,2,1,0,0,69100,50,2.5,1,0,6,3493.62231,1.82989109,0,-0.254769653,-10.4688606,17.3525238,-0.2211698,-7.36089468,360,0.552703857,1,0,7,7,0
1382,3918,2,8327376,0,0,0,0,102,0,2,1,0,0,69150,50,2.5,1,0,6,3484.96753,2.68743467,0,-0.257715195,-10.6043711,3.31227112,-0.165564612,-5.27378511,360,0.673843384,1,0,13,13,0
1382,3919,3,8327452,0,0,0,0,102,0,2,1,0,0,69150,50,2.5,1,0,6,3493.0105,1.82956254,0,-0.259135544,-10.6613474,18.3435211,-0.221029848,-7.52252531,360,0.615119934,1,0,7,7,0
1383,3920,2,8327376,0,0,0,0,102,0,2,1,0,0,69200,50,2.5,1,0,6,3484.50464,2.68976951,0,-0.263115704,-10.8034887,4.16210938,-0.165165022,-5.43498945,360,0.615242004,1,0,13,13,0
1383,3921,3,8327452,0,0,0,0,102,0,2,1,0,0,69200,50,2.5,1,0,6,3492.41431,1.82903397,0,-0.253828764,-10.4179459,19.2996521,-0.220931306,-7.68412828,360,0.596183777,1,0,6,6,0
1384,3922,2,8327376,0,0,0,0,102,0,2,1,0,0,69250,50,2.5,1,0,6,3484.0542,2.6846354,0,-0.256364971,-10.5457783,4.96591187,-0.165102556,-5.59617329,360,0.520225525,1,0,12,12,0
1384,3923,3,8327452,0,0,0,0,102,0,2,1,0,0,69250,50,2.5,1,0,6,3491.83301,1.82851362,0,-0.257985413,-10.6155415,20.3045959,-0.220873579,-7.84570408,360,0.662384033,1,0,6,6,0
1385,3924,2,8327376,0,0,0,0,102,0,2,1,0,0,69300,50,2.5,1,0,6,3483.62256,2.67411256,0,-0.261427879,-10.7458162,5.94178772,-0.165369153,-5.75733709,360,0.467971802,1,0,12,12,0
1385,3925,3,8327452,0,21,0,0,102,0,2,1,0,0,69300,50,2.5,1,0,6,3491.26685,1.82758486,0,-0.469564706,-14.981245,21.2584076,-0.220855847,-8.00725365,360,1.92597961,1,0,15,15,0
1386,3926,2,8327376,0,0,0,0,102,0,2,1,0,0,69350,50,2.5,1,0,6,3483.19287,2.66070008,0,-0.267061353,-10.9274588,6.87840271,-0.165954292,-5.9184804,360,0.428573608,1,0,12,12,0
1386,3927,3,8327452,0,0,0,0,102,0,2,1,0,0,69350,50,2.5,1,0,6,3490.67749,1.82708037,0,-0.256673902,-10.5596323,22.1806488,-0.220956966,-8.16877651,360,0.538780212,1,0,5,5,0
1387,3928,2,8327376,0,0,0,0,102,0,2,1,0,0,69400,50,2.5,1,0,6,3482.78198,2.64500833,0,-0.259676129,-10.6820135,7.93807983,-0.166845739,-6.07960367,360,0.341171265,1,0,11,11,0
1387,3929,3,8327452,0,21,0,0,102,0,2,1,0,0,69400,50,2.5,1,0,6,3490.13843,1.86110198,0,-0.467285931,-14.9171391,23.1027374,-0.2212248,-8.33027363,360,1.79434967,1,0,14,14,0
1388,3930,2,8327376,0,0,0,0,102,0,2,1,0,0,69450,50,2.5,1,0,6,3482.38574,2.62871194,0,-0.265597403,-10.8829823,9.13059998,-0.168030336,-6.24070692,360,0.308822632,1,0,11,11,0
1388,3931,3,8327452,0,20,0,0,102,0,2,1,0,0,69450,50,2.5,1,0,6,3489.56079,1.86476707,0,-0.47397393,-15.1138344,23.9990692,-0.221685588,-8.49174309,360,1.63614655,1,0,14,14,0
1389,3932,2,8327376,0,0,0,0,102,0,2,1,0,0,69500,50,2.5,1,0,6,3482.00439,2.61263776,0,-0.258365929,-10.6309938,10.3056183,-0.169494316,-6.40179014,360,0.233070374,1,0,10,10,0
1389,3933,3,8327452,0,0,0,0,102,0,2,1,0,0,69500,50,2.5,1,0,6,3489.00122,1.90376937,0,-0.25937134,-10.6704245,29.2125702,-0.22241427,-8.65318584,360,0.312835693,1,0,4,4,0
1390,3934,2,8327376,0,0,0,0,102,0,2,1,0,0,69550,50,2.5,1,0,6,3481.62988,2.59595585,0,-0.263681442,-10.8221188,11.6161957,-0.171223655,-6.56285381,360,0.202178955,1,0,10,10,0
1390,3935,3,8327452,0,23,0,0,102,0,2,1,0,0,69550,50,2.5,1,0,6,3488.47778,1.96127713,0,-0.471281558,-15.0313921,30.0882111,-0.223425269,-8.8146019,360,1.48938751,1,0,13,13,0
1391,3936,2,8327376,0,0,0,0,102,0,2,1,0,0,69600,50,2.5,1,0,6,3481.2688,2.58073497,0,-0.257144719,-10.5802135,13.0403442,-0.173204333,-6.72389793,360,0.13961792,1,0,9,9,0
1391,3937,3,8327452,0,21,0,0,102,0,2,1,0,0,69600,50,2.5,1,0,6,3487.90356,1.95827985,0,-0.461737543,-14.7705317,30.9934845,-0.224740207,-8.97598934,360,1.32862091,1,0,12,12,0
1392,3938,2,8327376,0,0,0,0,102,0,2,1,0,0,69650,50,2.5,1,0,6,3480.92114,2.56614995,0,-0.262429863,-10.7804508,14.4656525,-0.175422519,-6.88492298,360,0.11050415,1,0,9,9,0
1392,3939,3,8327452,0,0,0,0,102,0,2,1,0,0,69650,50,2.5,1,0,6,3487.35742,2.00473404,0,-0.262451768,-10.7811947,31.7973022,-0.226419792,-9.13734722,360,0.0415725708,1,0,3,3,0
1393,3940,2,8327376,0,0,0,0,102,0,2,1,0,0,69700,50,2.5,1,0,6,3480.58643,2.5524075,0,-0.268710464,-10.975769,15.4765778,-0.177864715,-7.04592943,360,0.09765625,1,0,9,9,0
1393,3941,3,8327452,0,19,0,0,102,0,2,1,0,0,69700,50,2.5,1,0,6,3486.84399,2.06740236,0,-0.458098948,-14.6801949,32.6421509,-0.228462979,-9.29867649,360,1.14611053,1,0,11,11,0
1394,3942,2,8327376,0,0,0,0,102,0,2,1,0,0,69750,50,2.5,1,0,6,3480.26367,2.5407517,0,-0.261019439,-10.7313328,16.4746246,-0.180517867,-7.20691776,360,0.0280303955,1,0,8,8,0
1394,3943,3,8327452,0,17,0,0,102,0,2,1,0,0,69750,50,2.5,1,0,6,3486.28979,2.05753779,0,-0.465927452,-14.8800983,33.5120087,-0.230880737,-9.45997524,360,1.00428772,1,0,11,11,0
1395,3944,2,8327376,0,0,0,0,102,0,2,1,0,0,69800,50,2.5,1,0,6,3479.9519,2.52952194,0,-0.26655221,-10.9121714,17.3983612,-0.183369413,-7.36788845,360,0.013710022,1,0,8,8,0
1395,3945,3,8327452,0,0,0,0,102,0,2,1,0,0,69800,50,2.5,1,0,6,3485.76831,2.07362676,0,-0.265455782,-10.8785915,34.2795563,-0.23369725,-9.62124348,359.805664,0,1,0,2,2,0
1396,3946,2,8327376,0,0,0,0,102,0,2,1,0,0,69850,50,2.5,1,0,6,3479.65137,2.51954651,0,-0.259263843,-10.6662989,18.3697968,-0.186407328,-7.52884197,359.952515,0,1,0,7,7,0
1396,3947,3,8327452,0,0,0,0,102,0,2,1,0,0,69850,50,2.5,1,0,6,3485.27881,2.09741783,0,-0.462327659,-14.7855768,35.1231384,-0.236890405,-9.78248119,360,0.840866089,1,0,10,10,0
1397,3948,2,8327376,0,0,0,0,102,0,2,1,0,0,69900,50,2.5,1,0,6,3479.3606,2.5108254,0,-0.264805734,-10.8582258,19.3364105,-0.189620167,-7.6897788,359.937653,0,1,0,7,7,0
1397,3949,3,8327452,0,0,0,0,102,0,2,1,0,0,69900,50,2.5,1,0,6,3484.79443,2.08258152,0,-0.450520188,-14.5031013,40.3261871,-0.240439117,-9.94368935,360,0.807548523,1,0,9,9,0
1398,3950,2,8327376,0,0,0,0,102,0,2,1,0,0,69950,50,2.5,1,0,6,3479.07983,2.50252748,0,-0.462207377,-14.7825012,20.3345947,-0.192997053,-7.85069942,360,0.76133728,1,0,15,15,0
1398,3951,3,8327452,0,0,0,0,102,0,2,1,0,0,69950,50,2.5,1,0,6,3484.33325,2.05196643,0,-0.2681337,-10.9590721,41.4900055,-0.244322881,-10.1048689,359.680664,0,1,0,1,1,0
1399,3952,2,8327376,0,0,0,0,102,0,2,1,0,0,70000,50,2.5,1,0,6,3478.80835,2.49527502,0,-0.469687641,-14.9847794,21.275116,-0.196527705,-8.01160431,360,0.742202759,1,0,15,15,0
1399,3953,3,8327452,0,0,0,0,102,0,2,1,0,0,70000,50,2.5,1,0,6,3483.89331,2.02407312,0,-0.445722729,-14.3970757,42.7936249,-0.248521909,-10.2660208,360,0.737121582,1,0,8,8,0
1400,3954,2,8327376,0,0,0,0,102,0,2,1,0,0,70050,50,2.5,1,0,6,3478.54541,2.48906708,0,-0.475835741,-15.1740961,22.1522522,-0.200202376,-8.17249393,360,0.717475891,1,0,15,15,0
1400,3955,3,8327452,0,0,0,0,102,0,2,1,0,0,70050,50,2.5,1,0,6,3483.47241,1.99910641,0,-0.453674555,-14.5752153,43.9885864,-0.253017187,-10.427145,360,0.698936462,1,0,8,8,0
1401,3956,2,8327376,0,0,0,0,102,0,2,1,0,0,70100,50,2.5,1,0,6,3478.29053,2.48307347,0,-0.4674142,-14.9206791,23.1178741,-0.204011902,-8.3333683,360,0.719406128,1,0,14,14,0
1401,3957,3,8327452,0,0,0,0,102,0,2,1,0,0,70100,50,2.5,1,0,6,3483.06909,1.97685599,0,-0.439803034,-14.2713165,49.6234436,-0.257790625,-10.5882435,360,0.688934326,1,0,7,7,0
1402,3958,2,8327376,0,0,0,0,102,0,2,1,0,0,70150,50,2.5,1,0,6,3478.04395,2.47812319,0,-0.473750234,-15.1067867,23.9658508,-0.207947657,-8.49422836,360,0.700134277,1,0,14,14,0
1402,3959,3,8327452,0,0,0,0,102,0,2,1,0,0,70150,50,2.5,1,0,6,3482.68262,1.95648932,0,-0.448436618,-14.4565496,50.8387909,-0.262824923,-10.7493162,360,0.660850525,1,0,7,7,0
1403,3960,2,8327376,0,0,0,0,102,0,2,1,0,0,70200,50,2.5,1,0,6,3477.80444,2.47359395,0,-0.464752883,-14.8487072,29.2737427,-0.212001503,-8.65507412,360,0.705871582,1,0,13,13,0
1403,3961,3,8327452,0,0,0,0,102,0,2,1,0,0,70200,50,2.5,1,0,6,3482.31152,1.93841994,0,-0.43377912,-14.1480303,51.8813934,-0.268103749,-10.9103642,360,0.663047791,1,0,6,6,0
1404,3962,2,8327376,0,0,0,0,102,0,2,1,0,0,70250,50,2.5,1,0,6,3477.57227,2.46969247,0,-0.26511842,-10.8680677,30.1507874,-0.216165811,-8.81590652,359.708191,0,1,0,4,4,0
1404,3963,3,8327452,0,0,0,0,102,0,2,1,0,0,70250,50,2.5,1,0,6,3481.95459,1.92285383,0,-0.442089379,-14.3192911,57.8377686,-0.273611665,-11.0713873,360,0.646240234,1,0,6,6,0
1405,3964,2,8327376,0,0,0,0,102,0,2,1,0,0,70300,50,2.5,1,0,6,3477.34692,2.46621108,0,-0.461457103,-14.7634239,30.9616394,-0.220433429,-8.97672653,360,0.70124054,1,0,12,12,0
1405,3965,3,8327452,0,0,0,0,102,0,2,1,0,0,70300,50,2.5,1,0,6,3481.61108,1.90895903,0,-0.427334964,-14.0203943,58.9669952,-0.279334038,-11.2323875,360,0.662330627,1,0,5,5,0
1406,3966,2,8327376,0,0,0,0,102,0,2,1,0,0,70350,50,2.5,1,0,6,3477.12817,2.46294212,0,-0.262451768,-10.7811947,31.7973022,-0.224797636,-9.13753319,359.604645,0,1,0,3,3,0
1406,3967,3,8327452,0,0,0,0,102,0,2,1,0,0,70350,50,2.5,1,0,6,3481.28003,1.89631951,0,-0.411904275,-13.7281122,60.1306686,-0.285257161,-11.3933659,360,0.678901672,1,0,4,4,0
1407,3968,2,8327376,0,0,0,0,102,0,2,1,0,0,70400,50,2.5,1,0,6,3476.91553,2.46050739,0,-0.458098948,-14.6801949,32.6421509,-0.229252145,-9.29832745,360,0.704864502,1,0,11,11,0
1407,3969,3,8327452,0,0,0,0,102,0,2,1,0,0,70400,50,2.5,1,0,6,3480.96045,1.88534915,0,-0.420801818,-13.8946495,68.2183304,-0.291368067,-11.5543222,360,0.693099976,1,0,4,4,0
1408,3970,2,8327376,0,0,0,0,102,0,2,1,0,0,70450,50,2.5,1,0,6,3476.70898,2.45807743,0,-0.465927452,-14.8800983,33.5120087,-0.233791053,-9.45911026,360,0.701187134,1,0,11,11,0
1408,3971,3,8327452,0,0,0,0,102,0,2,1,0,0,70450,50,2.5,1,0,6,3480.65234,1.87521696,0,-0.377094358,-13.1077614,69.4533157,-0.297654629,-11.7152576,360,0.74924469,1,0,2,2,0
1409,3972,2,8327376,0,0,0,0,102,0,2,1,0,0,70500,50,2.5,1,0,6,3476.50806,2.45606637,0,-0.454658389,-14.5981483,34.313858,-0.238408849,-9.61988163,360,0.71698761,1,0,10,10,0
1409,3973,3,8327452,0,0,0,0,102,0,2,1,0,0,70500,50,2.5,1,0,6,3480.35376,1.86716747,0,-0.386507213,-13.2724056,76.7574997,-0.304105461,-11.876173,360,0.821136475,1,0,2,2,0
1410,3974,2,8327376,0,0,0,0,102,0,2,1,0,0,70550,50,2.5,1,0,6,3476.31299,2.45405936,0,-0.462327659,-14.7855768,35.1231384,-0.243065998,-9.78064251,360,0.719978333,1,0,10,10,0
1410,3975,3,8327452,0,0,0,0,102,0,2,1,0,0,70550,50,2.5,1,0,6,3480.06543,1.8591243,0,-0.396356255,-13.4465666,77.9012451,-0.310709834,-12.0370684,360,0.882972717,1,0,2,2,0
1411,3976,2,8327376,0,0,0,0,102,0,2,1,0,0,70600,50,2.5,1,0,6,3476.12451,2.45267844,0,-0.449884683,-14.4888172,40.2518921,-0.247763798,-9.94139385,360,0.739479065,1,0,9,9,0
1411,3977,3,8327452,0,0,0,0,102,0,2,1,0,0,70600,50,2.5,1,0,6,3479.78613,1.85254002,0,-0.404920012,-13.6003981,78.8818817,-0.317457765,-12.1979456,360,0.938903809,1,0,2,2,0
1412,3978,2,8327376,0,0,0,0,102,0,2,1,0,0,70650,50,2.5,1,0,6,3475.94043,2.4531672,0,-0.458215117,-14.6830187,41.5413361,-0.252503008,-10.1021357,360,0.749855042,1,0,9,9,0
1412,3979,3,8327452,0,0,0,0,102,0,2,1,0,0,70650,50,2.5,1,0,6,3479.51562,1.84658384,0,-0.414441794,-13.7751255,85.1439362,-0.324339837,-12.3588047,360,0.977340698,1,0,2,2,0
1413,3980,2,8327376,0,0,0,0,102,0,2,1,0,0,70700,50,2.5,1,0,6,3475.76099,2.45283008,0,-0.464905739,-14.8527594,42.7092896,-0.257320404,-10.262866,360,0.753303528,1,0,9,9,0
1413,3981,3,8327452,0,0,0,0,102,0,2,1,0,0,70700,50,2.5,1,0,6,3479.25391,1.84187758,0,-0.445744276,-14.397543,85.9794617,-0.331347287,-12.5196457,360,0.792373657,1,0,3,3,0
1414,3982,2,8327376,0,0,0,0,102,0,2,1,0,0,70750,50,2.5,1,0,6,3475.58472,2.45270348,0,-0.453057557,-14.5609436,43.8911896,-0.262175381,-10.4235878,360,0.791442871,1,0,8,8,0
1414,3983,3,8327452,0,0,0,0,102,0,2,1,0,0,70750,50,2.5,1,0,6,3478.99976,1.8373841,0,-0.453435361,-14.5696726,91.6754913,-0.338471889,-12.6804705,360,0.759796143,1,0,3,3,0
1415,3984,2,8327376,0,0,0,0,102,0,2,1,0,0,70800,50,2.5,1,0,6,3475.41455,2.45112896,0,-0.460826576,-14.7475357,49.6698303,-0.267068058,-10.5843,360,0.801582336,1,0,8,8,0
1415,3985,3,8327452,0,0,0,0,102,0,2,1,0,0,70800,50,2.5,1,0,6,3478.75293,1.83351731,0,-0.459771514,-14.7212267,92.4450226,-0.345705956,-12.8412781,360,0.722648621,1,0,3,3,0
1416,3986,2,8327376,0,0,0,0,102,0,2,1,0,0,70850,50,2.5,1,0,6,3475.24878,2.45038748,0,-0.447809637,-14.4426985,50.7494812,-0.271998256,-10.7450037,360,0.846977234,1,0,7,7,0
1416,3987,3,8327452,0,0,0,0,102,0,2,1,0,0,70850,50,2.5,1,0,6,3478.51343,1.82986224,0,-0.466246486,-14.8887243,93.2721634,-0.353042275,-13.0020704,360,0.659049988,1,0,3,3,0
1417,3988,2,8327376,0,0,0,0,102,0,2,1,0,0,70900,50,2.5,1,0,6,3475.08691,2.4504776,0,-0.455351174,-14.6144323,51.8589325,-0.276968122,-10.9056988,360,0.867202759,1,0,7,7,0
1417,3989,3,8327452,0,0,0,0,102,0,2,1,0,0,70900,50,2.5,1,0,6,3478.28101,1.82683361,0,-0.471831918,-15.047842,98.6822205,-0.36047411,-13.1628475,360,0.582580566,1,0,3,3,0
1418,3990,2,8327376,0,0,0,0,102,0,2,1,0,0,70950,50,2.5,1,0,6,3474.92944,2.44953489,0,-0.442492425,-14.3278246,57.8971024,-0.281983614,-11.0663853,360,0.920417786,1,0,6,6,0
1418,3991,3,8327452,0,0,0,0,102,0,2,1,0,0,70950,50,2.5,1,0,6,3478.05469,1.82422364,0,-0.476814955,-15.2070599,99.4508209,-0.367995203,-13.3236103,360,0.486381531,1,0,3,3,0
1419,3992,2,8327376,0,0,0,0,102,0,2,1,0,0,71000,50,2.5,1,0,6,3474.77515,2.44921684,0,-0.450190961,-14.4956913,58.997406,-0.287055671,-11.2270622,360,0.950279236,1,0,6,6,0
1419,3993,3,8327452,0,0,0,0,102,0,2,1,0,0,71000,50,2.5,1,0,6,3477.83496,1.82161725,0,-0.480730891,-15.3501701,100.132996,-0.375599653,-13.4843588,360,0.384094238,1,0,3,3,0
1420,3994,2,8327376,0,31,0,0,102,0,2,1,0,0,71050,50,2.5,1,0,6,3474.625,2.44807267,0,-0.435514361,-14.1831141,60.0210648,-0.292200327,-11.3877306,360,1.01869965,1,0,5,5,0
1420,3995,3,8327452,0,0,0,0,102,0,2,1,0,0,71050,50,2.5,1,0,6,3477.62134,1.81984389,0,-0.484613806,-15.5194187,105.798203,-0.383281976,-13.6450939,360,0.234466553,1,0,3,3,0
1421,3996,2,8327376,0,0,0,0,102,0,2,1,0,0,71100,50,2.5,1,0,6,3474.41675,2.44672418,0,-0.443444788,-14.3480778,68.0763397,-0.297461122,-11.5483856,360,0.772438049,1,0,5,5,0
1421,3997,3,8327452,0,0,0,0,102,0,2,1,0,0,71100,50,2.5,1,0,6,3477.41333,1.81786656,0,-0.487369597,-15.6725483,106.565918,-0.391003042,-13.8058176,360,0.0770797729,1,0,3,3,0
1422,3998,2,8327376,0,0,0,0,102,0,2,1,0,0,71150,50,2.5,1,0,6,3474.27393,2.5010426,0,-0.42904672,-14.0539179,69.4698486,-0.302920192,-11.7090263,360,0.831604004,1,0,4,4,0
1422,3999,3,8327452,0,0,0,0,102,0,2,1,0,0,71150,50,2.5,1,0,6,3477.21191,1.81630695,0,-0.489240825,-15.8155804,112.681046,-0.398764104,-13.9665298,359.906464,0,1,0,3,3,0
1423,4000,2,8327376,0,0,0,0,102,0,2,1,0,0,71200,50,2.5,1,0,6,3474.1145,2.50901604,0,-0.412984967,-13.7480907,76.7745514,-0.308556467,-11.8696537,360,0.902183533,1,0,3,3,0
1423,4001,3,8327452,0,0,0,0,102,0,2,1,0,0,71200,50,2.5,1,0,6,3477.01514,1.81682348,0,-0.490445912,-15.971302,113.560852,-0.406565934,-14.1272306,359.693817,0,1,0,3,3,0
1424,4002,2,8327376,0,40,0,0,102,0,2,1,0,0,71250,50,2.5,1,0,6,3473.9646,2.49502683,0,-0.395330578,-13.4283085,77.7855301,-0.314351857,-12.0302687,360,1.00483704,1,0,2,2,0
1424,4003,3,8327452,0,0,0,0,102,0,2,1,0,0,71250,50,2.5,1,0,6,3476.823,1.8167206,0,-0.487387538,-15.6737061,114.43251,-0.414408863,-14.287921,360,0.0893173218,1,0,2,2,0
1425,4004,2,8327376,0,0,0,0,102,0,2,1,0,0,71300,50,2.5,1,0,6,3473.72778,2.48456597,0,-0.40507099,-13.6031351,78.8929825,-0.320375144,-12.1908646,360,0.739562988,1,0,2,2,0
1425,4005,3,8327452,0,0,0,0,102,0,2,1,0,0,71300,50,2.5,1,0,6,3476.63623,1.81662023,0,-0.489467442,-15.8378153,120.681091,-0.422292829,-14.4486008,359.829407,0,1,0,2,2,0
1426,4006,2,8327376,0,0,0,0,102,0,2,1,0,0,71350,50,2.5,1,0,6,3473.5896,2.60345054,0,-0.413473547,-13.757143,85.0400848,-0.326717824,-12.3514395,360,0.778106689,1,0,2,2,0
1426,4007,3,8327452,0,0,0,0,102,0,2,1,0,0,71350,50,2.5,1,0,6,3476.45361,1.81610823,0,-0.490540981,-15.9929276,121.359055,-0.430217505,-14.6092701,359.544617,0,1,0,2,2,0
1427,4008,2,8327376,0,0,0,0,102,0,2,1,0,0,71400,50,2.5,1,0,6,3473.41016,2.62094569,0,-0.422112674,-13.9196196,85.9441528,-0.333349049,-12.5119953,360,0.797622681,1,0,2,2,0
1427,4009,3,8327452,0,0,0,0,102,0,2,1,0,0,71400,50,2.5,1,0,6,3476.27563,1.81601286,0,-0.490702778,-16.1355438,126.441711,-0.438182294,-14.7699289,359.23877,0,1,0,2,2,0
1428,4010,2,8327376,0,0,0,0,102,0,2,1,0,0,71450,50,2.5,1,0,6,3473.24683,2.58789229,0,-0.430352211,-14.0796633,91.5769043,-0.340241969,-12.672533,360,0.800163269,1,0,2,2,0
1428,4011,3,8327452,0,0,74,0,102,0,2,1,0,0,71450,50,2.5,1,0,6,3476.10229,1.81571269,0,-0.489933968,-16.2881222,126.972,-0.446186423,-14.9305782,358.87088,0,1,0,2,2,0
1429,4012,2,8327376,0,0,0,0,102,0,2,1,0,0,71500,50,2.5,1,0,6,3473.09668,2.56147885,0,-0.45938015,-14.7115526,92.3936234,-0.347373128,-12.8330536,360,0.498451233,1,0,3,3,0
1429,4013,3,8327452,0,0,0,0,102,0,2,1,0,0,71500,50,2.5,1,0,6,3475.71411,1.81520772,0,-0.487965643,-16.4503822,127.506973,-0.45409435,-15.0912142,359.159668,0,1,0,2,2,0
1430,4014,2,8327376,0,0,0,0,102,0,2,1,0,0,71550,50,2.5,1,0,6,3472.95776,2.54025269,0,-0.465523064,-14.8692255,93.179657,-0.354721874,-12.9935579,360,0.420303345,1,0,3,3,0
1430,4015,3,8327452,0,0,83,0,102,0,2,1,0,0,71550,50,2.5,1,0,6,3475.54956,1.97266042,0,-0.485181868,-16.5929451,131.902954,-0.461678267,-15.2518559,358.790314,0,1,0,2,2,0
1431,4016,2,8327376,0,0,0,0,102,0,2,1,0,0,71600,50,2.5,1,0,6,3472.82788,2.52338386,0,-0.471196294,-15.0288591,98.5892029,-0.362269938,-13.154047,360,0.321212769,1,0,3,3,0
1431,4017,3,8327452,0,0,0,0,102,0,2,1,0,0,71600,50,2.5,1,0,6,3475.01953,1.98768961,0,-0.481091619,-16.7434101,132.311172,-0.468807787,-15.4124947,359.108032,0,1,0,2,2,0
1432,4018,2,8327376,0,0,0,0,102,0,2,1,0,0,71650,50,2.5,1,0,6,3472.70581,2.50942063,0,-0.476165295,-15.1850853,99.3450165,-0.370001048,-13.3145218,360,0.20375824,1,0,3,3,0
1432,4019,3,8327452,0,0,0,0,102,0,2,1,0,0,71650,50,2.5,1,0,6,3474.82861,2.49919796,0,-0.487781703,-16.4616985,132.693985,-0.475285441,-15.573143,359.503906,0,1,0,1,1,0
1433,4020,2,8327376,0,0,0,0,102,0,2,1,0,0,71700,50,2.5,1,0,6,3472.59058,2.49774098,0,-0.480775267,-15.3519192,100.140854,-0.37790069,-13.4749832,360,0.0546264648,1,0,3,3,0
1433,4021,3,8327452,0,0,0,0,102,0,2,1,0,0,71700,50,2.5,1,0,6,3474.44702,2.56906605,0,-0.484412432,-16.6250057,136.828217,-0.481175661,-15.733798,359.017365,0,1,0,1,1,0
1434,4022,2,8327376,0,0,0,0,102,0,2,1,0,0,71750,50,2.5,1,0,6,3472.4812,2.48875785,0,-0.471869618,-15.0489779,105.749542,-0.385955781,-13.6354322,360,0.359985352,1,0,2,2,0
1434,4023,3,8327452,0,0,108,0,102,0,2,1,0,0,71750,50,2.5,1,0,6,3474.1228,2.42651081,0,-0.479922891,-16.7795582,137.160477,-0.486534595,-15.8944588,358.485107,0,1,0,1,1,0
1435,4024,2,8327376,0,0,0,0,102,0,2,1,0,0,71800,50,2.5,1,0,6,3472.37695,2.48081446,0,-0.476474583,-15.1954937,106.473434,-0.394154519,-13.7958689,360,0.21471405,1,0,2,2,0
1435,4025,3,8327452,0,0,83,0,102,0,2,1,0,0,71800,50,2.5,1,0,6,3473.31128,2.31467152,0,-0.474209487,-16.9307308,137.465012,-0.491211116,-16.0551052,358.832581,0,1,0,1,1,0
1436,4026,2,8327376,0,0,0,0,102,0,2,1,0,0,71850,50,2.5,1,0,6,3472.27686,2.47390985,0,-0.480791271,-15.3525515,112.644577,-0.402486235,-13.9562941,360,0.0275878906,1,0,2,2,0
1436,4027,3,8327452,0,0,78,0,102,0,2,1,0,0,71850,50,2.5,1,0,6,3472.66992,3.26789737,0,-0.466991603,-17.0836868,137.752426,-0.494835973,-16.2157364,358.900482,0,1,0,1,1,0
1437,4028,2,8327376,0,0,0,0,102,0,2,1,0,0,71900,50,2.5,1,0,6,3472.18091,2.46825051,0,-0.484587282,-15.5181217,113.558777,-0.410941184,-14.1167088,359.796906,0,1,0,2,2,0
1437,4029,3,8327452,0,0,79,0,102,0,2,1,0,0,71900,50,2.5,1,0,6,3471.7063,4.37612438,0,-0.458343506,-17.2345352,138.013062,-0.497202396,-16.3763351,358.890594,0,1,0,1,1,0
1438,4030,2,8327376,0,0,0,0,102,0,2,1,0,0,71950,50,2.5,1,0,6,3472.08887,2.4634223,0,-0.487204581,-15.6620312,114.366974,-0.419510454,-14.277113,359.559998,0,1,0,2,2,0
1438,4031,3,8327452,0,0,84,0,102,0,2,1,0,0,71950,50,2.5,1,0,6,3470.45923,5.29885197,0,-0.448157251,-17.3839493,142.108276,-0.498160511,-16.5368805,358.859619,0,1,0,1,1,0
1439,4032,2,8327376,0,0,0,0,102,0,2,1,0,0,72000,50,2.5,1,0,6,3472.00024,2.45942497,0,-0.489374369,-15.828475,120.640381,-0.42818591,-14.4375076,359.255127,0,1,0,2,2,0
1439,4033,3,8327452,0,0,85,0,102,0,2,1,0,0,72000,50,2.5,1,0,6,3468.94775,6.14795208,0,-0.436926246,-17.5251713,142.336502,-0.497580916,-16.6973495,358.849884,0,1,0,1,1,0
1440,4034,2,8327376,0,0,67,0,102,0,2,1,0,0,72050,50,2.5,1,0,6,3471.91406,2.45625806,0,-0.490490735,-15.9809847,121.308685,-0.436960071,-14.5978928,358.929138,0,1,0,2,2,0
1440,4035,3,8327452,0,0,89,0,102,0,2,1,0,0,72050,50,2.5,1,0,6,3467.22534,7.04987288,0,-0.422361255,-17.6831169,142.56694,-0.495341331,-16.8577156,358.799744,0,1,0,1,1,0
1441,4036,2,8327376,0,0,0,0,102,0,2,1,0,0,72100,50,2.5,1,0,6,3471.64868,2.45267892,0,-0.490719765,-16.1245308,126.40358,-0.445673138,-14.7582693,359.241302,0,1,0,2,2,0
1441,4037,3,8327452,0,0,92,0,102,0,2,1,0,0,72100,50,2.5,1,0,6,3465.24585,7.92861605,0,-0.407541871,-17.8230095,142.747879,-0.491335928,-17.0179462,358.760712,0,1,0,1,1,0
1442,4038,2,8327376,0,0,73,0,102,0,2,1,0,0,72150,50,2.5,1,0,6,3471.57007,2.55678248,0,-0.489935696,-16.2879105,126.968521,-0.45411405,-14.9186554,358.888702,0,1,0,2,2,0
1442,4039,3,8327452,0,0,96,0,102,0,2,1,0,0,72150,50,2.5,1,0,6,3463.04321,8.83267975,0,-0.389781833,-17.9705486,142.907394,-0.485462964,-17.178009,358.697998,0,1,0,1,1,0
1443,4040,2,8327376,0,0,0,0,102,0,2,1,0,0,72200,50,2.5,1,0,6,3471.20898,2.56003523,0,-0.488142014,-16.4391479,127.469818,-0.462169051,-15.0790453,359.181702,0,1,0,2,2,0
1443,4041,3,8327452,0,0,102,0,102,0,2,1,0,0,72200,50,2.5,1,0,6,3460.59546,9.76480198,0,-0.369846821,-18.1166153,143.038162,-0.47762689,-17.3378658,358.619263,0,1,0,1,1,0
1444,4042,2,8327376,0,0,0,0,102,0,2,1,0,0,72250,50,2.5,1,0,6,3471.11572,2.94481015,0,-0.490665138,-16.1531067,131.902252,-0.469662905,-15.2394505,359.500031,0,1,0,1,1,0
1444,4043,3,8327452,0,0,155,0,102,0,2,1,0,0,72250,50,2.5,1,0,6,3457.87891,10.7490149,0,-0.280170679,-18.6180344,147.566711,-0.467733026,-17.4974728,357.971313,0,1,0,2,2,0
1445,4044,2,8327376,0,0,0,0,102,0,2,1,0,0,72300,50,2.5,1,0,6,3470.87915,2.99211001,0,-0.489767551,-16.3070087,132.309067,-0.476655573,-15.399869,359.100555,0,1,0,1,1,0
1445,4045,3,8327452,0,0,130,0,102,0,2,1,0,0,72300,50,2.5,1,0,6,3454.17188,11.8708611,0,-0.249205977,-18.7532959,147.699951,-0.455657125,-17.6567554,358.291779,0,1,0,2,2,0
1446,4046,2,8327376,0,0,93,0,102,0,2,1,0,0,72350,50,2.5,1,0,6,3470.68579,2.88163877,0,-0.487793803,-16.460968,132.692032,-0.483198553,-15.5602989,358.648163,0,1,0,1,1,0
1446,4047,3,8327452,0,0,129,0,102,0,2,1,0,0,72350,50,2.5,1,0,6,3450.64404,15.033494,0,-0.215006292,-18.8903103,147.79599,-0.441138387,-17.81563,358.312531,0,1,0,2,2,0
1447,4048,2,8327376,0,0,72,0,102,0,2,1,0,0,72400,50,2.5,1,0,6,3470.12305,2.79604125,0,-0.484698951,-16.6133289,133.049866,-0.48915875,-15.7207279,358.958252,0,1,0,1,1,0
1447,4049,3,8327452,0,0,129,0,102,0,2,1,0,0,72400,50,2.5,1,0,6,3445.38599,17.6594105,0,-0.179433867,-19.0237942,147.868408,-0.42405656,-17.9739838,358.308838,0,1,0,2,2,0
1448,4050,2,8327376,0,0,0,0,102,0,2,1,0,0,72450,50,2.5,1,0,6,3469.68311,3.49324393,0,-0.480708361,-16.7555199,137.109711,-0.49421075,-15.8811569,359.047791,0,1,0,1,1,0
1448,4051,3,8327452,0,0,131,0,102,0,2,1,0,0,72450,50,2.5,1,0,6,3439.69409,19.6536636,0,-0.140306354,-19.1616898,147.909714,-0.404312849,-18.1317463,358.278839,0,1,0,2,2,0
1449,4052,2,8327376,0,0,99,0,102,0,2,1,0,0,72500,50,2.5,1,0,6,3469.31299,4.31569481,0,-0.475182295,-16.9073601,137.417648,-0.498269141,-16.0415859,358.610291,0,1,0,1,1,0
1449,4053,3,8327452,0,0,133,0,102,0,2,1,0,0,72500,50,2.5,1,0,6,3433.75024,21.4288731,0,-0.0965954587,-19.3064022,147.818054,-0.381829649,-18.2888489,358.247009,0,1,0,2,2,0
1450,4054,2,8327376,0,0,81,0,102,0,2,1,0,0,72550,50,2.5,1,0,6,3468.18237,4.30158663,0,-0.467751384,-17.0689831,137.72467,-0.501266956,-16.2019939,358.869995,0,1,0,1,1,0
1450,4055,3,8327452,0,0,133,0,102,0,2,1,0,0,72550,50,2.5,1,0,6,3426.90234,23.1239433,0,-0.0525243953,-19.443821,147.591568,-0.356533378,-18.4451866,358.242676,0,1,0,2,2,0
1451,4056,2,8327376,0,0,76,0,102,0,2,1,0,0,72600,50,2.5,1,0,6,3467.30225,5.25295639,0,-0.459200919,-17.2207336,137.988663,-0.502942801,-16.3623638,358.940552,0,1,0,1,1,0
1451,4057,3,8327452,0,0,136,0,102,0,2,1,0,0,72600,50,2.5,1,0,6,3419.77588,24.7388649,0,-0.00576671958,-19.5816345,151.315582,-0.32836923,-18.6006851,358.237366,0,1,0,2,2,0
1452,4058,2,8327376,0,0,78,0,102,0,2,1,0,0,72650,50,2.5,1,0,6,3466.08057,6.32794666,0,-0.449116826,-17.3708668,142.088364,-0.503152847,-16.5226765,358.938782,0,1,0,1,1,0
1452,4059,3,8327452,0,0,133,0,102,0,2,1,0,0,72650,50,2.5,1,0,6,3412.37451,26.2133236,0,0.0411724709,-19.7128067,150.753784,-0.297294766,-18.7552662,358.270813,0,1,0,2,2,0
1453,4060,2,8327376,0,0,79,0,102,0,2,1,0,0,72700,50,2.5,1,0,6,3464.60669,7.09176922,0,-0.43720305,-17.5219212,142.332458,-0.501796186,-16.6829071,358.927032,0,1,0,1,1,0
1453,4061,3,8327452,0,0,132,0,102,0,2,1,0,0,72700,50,2.5,1,0,6,3405.05078,27.6875324,0,0.094189696,-19.853426,150.534973,-0.263267159,-18.9088631,358.277649,0,1,0,2,2,0
1454,4062,2,8327376,0,0,82,0,102,0,2,1,0,0,72750,50,2.5,1,0,6,3462.96338,7.77931213,0,-0.423576474,-17.6708088,142.548828,-0.498783469,-16.8430328,358.892944,0,1,0,1,1,0
1454,4063,3,8327452,0,0,131,0,102,0,2,1,0,0,72750,50,2.5,1,0,6,3397.54492,28.8933411,0,0.15167959,-19.9979916,150.277695,-0.22626394,-19.0614033,358.289215,0,1,0,2,2,0
1455,4064,2,8327376,0,0,85,0,102,0,2,1,0,0,72800,50,2.5,1,0,6,3461.14062,8.42580986,0,-0.409159422,-17.8085728,142.72879,-0.494036049,-17.0030251,358.853027,0,1,0,1,1,0
1455,4065,3,8327452,0,0,149,0,102,0,2,1,0,0,72800,50,2.5,1,0,6,3390.0061,29.8308582,0,0.341412663,-20.4280052,150.002579,-0.18627198,-19.2128181,358.04187,0,1,0,3,3,0
1456,4066,2,8327376,0,0,90,0,102,0,2,1,0,0,72850,50,2.5,1,0,6,3459.15601,9.08070946,0,-0.390497804,-17.9649506,142.904327,-0.487477362,-17.1628551,358.786011,0,1,0,1,1,0
1456,4067,3,8327452,0,0,129,0,102,0,2,1,0,0,72850,50,2.5,1,0,6,3382.0752,30.5634098,0,0.405275136,-20.5594254,149.698456,-0.143305108,-19.3630352,358.302673,0,1,0,3,3,0
1457,4068,2,8327376,0,0,134,0,102,0,2,1,0,0,72900,50,2.5,1,0,6,3456.98364,9.76765537,0,-0.310946226,-18.4675598,143.025589,-0.479031086,-17.3224907,358.18924,0,1,0,2,2,0
1457,4069,3,8327452,0,0,121,0,102,0,2,1,0,0,72900,50,2.5,1,0,6,3374.64185,32.2592239,0,0.471006393,-20.6888523,149.370102,-0.0973008871,-19.5119629,358.390564,0,1,0,3,3,0
1458,4070,2,8327376,0,0,76,0,102,0,2,1,0,0,72950,50,2.5,1,0,6,3454.11182,10.5511131,0,-0.348504543,-18.2555561,147.560959,-0.468587309,-17.4818726,358.998016,0,1,0,1,1,0
1458,4071,3,8327452,0,0,118,0,102,0,2,1,0,0,72950,50,2.5,1,0,6,3366.95264,32.9492531,0,0.535342574,-20.8103275,149.036743,-0.048274532,-19.6595421,358.428375,0,1,0,3,3,0
1459,4072,2,8327376,0,0,149,0,102,0,2,1,0,0,73000,50,2.5,1,0,6,3451.81787,12.8261871,0,-0.252186537,-18.7408848,147.69075,-0.4559412,-17.6409512,358.052002,0,1,0,2,2,0
1459,4073,3,8327452,0,0,116,0,102,0,2,1,0,0,73000,50,2.5,1,0,6,3359.57861,32.5918121,0,0.604990959,-20.9365387,148.660736,0.00373150408,-19.8057404,358.445923,0,1,0,3,3,0
1460,4074,2,8327376,0,0,82,0,102,0,2,1,0,0,73050,50,2.5,1,0,6,3447.81299,13.2917042,0,-0.295873404,-18.5434952,147.794556,-0.441094398,-17.7996693,358.922516,0,1,0,1,1,0
1460,4075,3,8327452,0,0,114,0,102,0,2,1,0,0,73050,50,2.5,1,0,6,3352.64307,31.9050732,0,0.676628113,-21.0611,148.2612,0.0586709268,-19.9505253,358.460236,0,1,0,3,3,0
1461,4076,2,8327376,0,0,164,0,102,0,2,1,0,0,73100,50,2.5,1,0,6,3444.11816,15.758997,0,-0.181074217,-19.0178185,147.864548,-0.423827976,-17.9579258,357.85144,0,1,0,2,2,0
1461,4077,3,8327452,0,0,114,0,102,0,2,1,0,0,73100,50,2.5,1,0,6,3346.06836,31.1006241,0,0.75511831,-21.1919632,147.812317,0.116489187,-20.0938625,358.459808,0,1,0,3,3,0
1462,4078,2,8327376,0,0,139,0,102,0,2,1,0,0,73150,50,2.5,1,0,6,3438.38403,16.2419796,0,-0.142249614,-19.1550369,147.91069,-0.404174954,-18.1156597,358.171661,0,1,0,2,2,0
1462,4079,3,8327452,0,0,112,0,102,0,2,1,0,0,73150,50,2.5,1,0,6,3339.82764,30.2324963,0,0.831037641,-21.3134117,147.368164,0.17712754,-20.2357235,358.480896,0,1,0,3,3,0
1463,4080,2,8327376,0,0,133,0,102,0,2,1,0,0,73200,50,2.5,1,0,6,3433.55811,19.2351913,0,-0.103606082,-19.2837906,147.840469,-0.38189432,-18.2727737,358.252228,0,1,0,2,2,0
1463,4081,3,8327452,0,0,110,0,102,0,2,1,0,0,73200,50,2.5,1,0,6,3334.15479,29.4270115,0,0.904482126,-21.4264603,146.926254,0.240532577,-20.3760891,358.501038,0,1,0,3,3,0
1464,4082,2,8327376,0,0,133,0,102,0,2,1,0,0,73250,50,2.5,1,0,6,3427.25586,22.1628132,0,-0.0597488955,-19.4218273,147.636459,-0.356865972,-18.4291553,358.247253,0,1,0,2,2,0
1464,4083,3,8327452,0,0,109,0,102,0,2,1,0,0,73250,50,2.5,1,0,6,3328.86011,28.627018,0,0.984747708,-21.5453701,146.43721,0.306651056,-20.5149326,358.50119,0,1,0,3,3,0
1465,4084,2,8327376,0,0,137,0,102,0,2,1,0,0,73300,50,2.5,1,0,6,3420.45459,24.0822048,0,-0.0131559335,-19.5603561,151.408478,-0.329024017,-18.5847244,358.237762,0,1,0,2,2,0
1465,4085,3,8327452,0,0,109,0,102,0,2,1,0,0,73300,50,2.5,1,0,6,3323.88892,27.7714272,0,1.06693137,-21.662447,145.927979,0.375424206,-20.6522312,358.497437,0,1,0,3,3,0
1466,4086,2,8327376,0,0,134,0,102,0,2,1,0,0,73350,50,2.5,1,0,6,3413.31738,25.6884518,0,0.0390028581,-19.7068882,150.765213,-0.298317194,-18.7394047,358.261688,0,1,0,2,2,0
1466,4087,3,8327452,0,0,108,0,102,0,2,1,0,0,73350,50,2.5,1,0,6,3319.23145,26.9321289,0,1.15044355,-21.7768917,145.403183,0.446793705,-20.7879639,358.497559,0,1,0,3,3,0
1467,4088,2,8327376,0,0,132,0,102,0,2,1,0,0,73400,50,2.5,1,0,6,3406.21875,27.3356876,0,0.0914270356,-19.8462791,150.545944,-0.264692187,-18.8931236,358.273773,0,1,0,2,2,0
1467,4089,3,8327452,0,0,107,0,102,0,2,1,0,0,73400,50,2.5,1,0,6,3314.89404,26.1841393,0,1.23732853,-21.8914299,142.620316,0.520705402,-20.9221077,358.486145,0,1,0,3,3,0
1468,4090,2,8327376,0,0,131,0,102,0,2,1,0,0,73450,50,2.5,1,0,6,3398.90405,28.7229652,0,0.143325314,-19.9774551,150.315872,-0.228117079,-19.0458069,358.282227,0,1,0,2,2,0
1468,4091,3,8327452,0,0,108,0,102,0,2,1,0,0,73450,50,2.5,1,0,6,3310.83813,25.4846611,0,1.32902241,-22.0076065,142.105881,0.597105742,-21.0546398,358.457825,0,1,0,3,3,0
1469,4092,2,8327376,0,0,153,0,102,0,2,1,0,0,73500,50,2.5,1,0,6,3391.50537,29.7698593,0,0.335289389,-20.4150887,150.030045,-0.188574269,-19.1973877,357.990723,0,1,0,3,3,0
1469,4093,3,8327452,0,0,109,0,102,0,2,1,0,0,73500,50,2.5,1,0,6,3307.01489,24.8073845,0,1.4185425,-22.1166477,141.590622,0.675940514,-21.1855392,358.440826,0,1,0,3,3,0
1470,4094,2,8327376,0,0,130,0,102,0,2,1,0,0,73550,50,2.5,1,0,6,3383.61475,30.5803642,0,0.398050815,-20.5448494,149.733871,-0.146076232,-19.3477879,358.283264,0,1,0,3,3,0
1470,4095,3,8327452,0,0,110,0,102,0,2,1,0,0,73550,50,2.5,1,0,6,3303.42163,24.2512627,0,1.51086545,-22.224823,141.049026,0.757161319,-21.3147812,358.423828,0,1,0,3,3,0
1471,4096,2,8327376,0,0,123,0,102,0,2,1,0,0,73600,50,2.5,1,0,6,3376.27295,32.580864,0,0.464336693,-20.675972,149.40564,-0.100544058,-19.496912,358.36853,0,1,0,3,3,0
1471,4097,3,8327452,0,0,110,0,102,0,2,1,0,0,73600,50,2.5,1,0,6,3300.01294,23.8387928,0,1.60481679,-22.3306808,140.483429,0.84072423,-21.442337,358.406189,0,1,0,3,3,0
1472,4098,2,8327376,0,0,119,0,102,0,2,1,0,0,73650,50,2.5,1,0,6,3368.55273,33.4533882,0,0.528470874,-20.7975845,149.073364,-0.0519901961,-19.6446972,358.415833,0,1,0,3,3,0
1472,4099,3,8327452,0,0,112,0,102,0,2,1,0,0,73650,50,2.5,1,0,6,3296.77002,23.5486546,0,1.70002389,-22.4338264,139.899002,0.926589668,-21.5681763,358.376556,0,1,0,3,3,0
1473,4100,2,8327376,0,0,117,0,102,0,2,1,0,0,73700,50,2.5,1,0,6,3361.14697,33.2538147,0,0.597623169,-20.9234352,148.700745,-0.000450212508,-19.7911072,358.433685,0,1,0,3,3,0
1473,4101,3,8327452,0,0,113,0,102,0,2,1,0,0,73700,50,2.5,1,0,6,3293.6167,23.3128967,0,1.79330444,-22.5310383,139.31218,1.0147177,-21.6922665,358.357056,0,1,0,3,3,0
1474,4102,2,8327376,0,0,116,0,102,0,2,1,0,0,73750,50,2.5,1,0,6,3354.1333,32.6682358,0,0.673871636,-21.0564003,148.277054,0.0540319681,-19.9361057,358.437347,0,1,0,3,3,0
1474,4103,3,8327452,0,0,115,0,102,0,2,1,0,0,73750,50,2.5,1,0,6,3290.57007,23.2024517,0,1.89646816,-22.6343231,138.656952,1.10507381,-21.8145695,358.313385,0,1,0,3,3,0
1475,4104,2,8327376,0,0,114,0,102,0,2,1,0,0,73800,50,2.5,1,0,6,3347.44775,31.9259319,0,0.747774005,-21.1799564,147.855026,0.111403033,-20.0796585,358.455872,0,1,0,3,3,0
1475,4105,3,8327452,0,0,117,0,102,0,2,1,0,0,73800,50,2.5,1,0,6,3287.5625,23.1892281,0,1.99723494,-22.7310944,138.000992,1.1976248,-21.9350452,358.275238,0,1,0,3,3,0
1476,4106,2,8327376,0,0,113,0,102,0,2,1,0,0,73850,50,2.5,1,0,6,3341.12622,31.1677551,0,0.823227763,-21.3011398,147.413818,0.171610296,-20.221735,358.468597,0,1,0,3,3,0
1476,4107,3,8327452,0,0,119,0,102,0,2,1,0,0,73850,50,2.5,1,0,6,3284.57739,23.2895241,0,2.09518528,-22.8214264,137.349823,1.29234076,-22.0536499,358.241302,0,1,0,3,3,0
1477,4108,2,8327376,0,0,111,0,102,0,2,1,0,0,73900,50,2.5,1,0,6,3335.31396,30.3640881,0,0.901545167,-21.42202,146.945847,0.234597892,-20.3623123,358.481079,0,1,0,3,3,0
1477,4109,3,8327452,0,0,121,0,102,0,2,1,0,0,73900,50,2.5,1,0,6,3281.58032,23.5078106,0,2.19916821,-22.913435,136.648727,1.38919389,-22.1703339,358.191132,0,1,0,3,3,0
1478,4110,2,8327376,0,0,110,0,102,0,2,1,0,0,73950,50,2.5,1,0,6,3329.89966,29.5747108,0,0.976917386,-21.5339737,146.485168,0.30031386,-20.5013657,358.49173,0,1,0,3,3,0
1478,4111,3,8327452,0,0,125,0,102,0,2,1,0,0,73950,50,2.5,1,0,6,3278.54272,23.8298302,0,2.31093931,-23.0080261,135.879532,1.48815787,-22.2850437,358.118042,0,1,0,3,3,0
1479,4112,2,8327376,0,0,110,0,102,0,2,1,0,0,74000,50,2.5,1,0,6,3324.802,28.7492657,0,1.06316781,-21.6571865,145.950058,0.368700475,-20.6388702,358.483398,0,1,0,3,3,0
1479,4113,3,8327452,0,0,127,0,102,0,2,1,0,0,74000,50,2.5,1,0,6,3275.3938,24.2447243,0,2.4181242,-23.0946808,133.437302,1.58920586,-22.3977242,358.062927,0,1,0,3,3,0
1480,4114,2,8327376,0,0,109,0,102,0,2,1,0,0,74050,50,2.5,1,0,6,3320.01416,27.9331703,0,1.1473645,-21.7727528,145.421906,0.439700186,-20.7748013,358.485748,0,1,0,3,3,0
1480,4115,3,8327452,0,0,131,0,102,0,2,1,0,0,74050,50,2.5,1,0,6,3272.16602,24.8430462,0,2.52695775,-23.1787167,132.707092,1.69231582,-22.5083103,357.990784,0,1,0,3,3,0
1481,4116,2,8327376,0,0,107,0,102,0,2,1,0,0,74100,50,2.5,1,0,6,3315.54346,27.2036991,0,1.22908533,-21.8807545,142.666397,0.51325953,-20.9091358,358.487305,0,1,0,3,3,0
1481,4117,3,8327452,0,0,134,0,102,0,2,1,0,0,74100,50,2.5,1,0,6,3268.74878,25.5468292,0,2.63444161,-23.2579098,131.969345,1.79746294,-22.6167355,357.923553,0,1,0,3,3,0
1482,4118,2,8327376,0,0,108,0,102,0,2,1,0,0,74150,50,2.5,1,0,6,3311.37134,26.5180779,0,1.31579995,-21.9911404,142.180786,0.589325845,-21.041851,358.463257,0,1,0,3,3,0
1482,4119,3,8327452,0,0,139,0,102,0,2,1,0,0,74150,50,2.5,1,0,6,3265.16284,26.4103394,0,2.746099,-23.3362637,131.177979,1.90462446,-22.7229252,357.836639,0,1,0,3,3,0
1483,4120,2,8327376,0,0,109,0,102,0,2,1,0,0,74200,50,2.5,1,0,6,3307.42676,25.8000202,0,1.40517282,-22.1006279,141.668884,0.667842746,-21.1729259,358.443359,0,1,0,3,3,0
1483,4121,3,8327452,0,0,144,0,102,0,2,1,0,0,74200,50,2.5,1,0,6,3261.30591,27.412262,0,2.86477566,-23.415266,130.316544,2.01377439,-22.8268013,357.739929,0,1,0,3,3,0
1484,4122,2,8327376,0,0,110,0,102,0,2,1,0,0,74250,50,2.5,1,0,6,3303.72998,25.1883221,0,1.49665034,-22.2084427,141.133377,0.748759806,-21.3023396,358.425598,0,1,0,3,3,0
1484,4123,3,8327452,0,0,148,0,102,0,2,1,0,0,74250,50,2.5,1,0,6,3257.16138,28.6325245,0,2.98063183,-23.488205,129.445892,2.12488723,-22.928278,357.64856,0,1,0,3,3,0
1485,4124,2,8327376,0,0,111,0,102,0,2,1,0,0,74300,50,2.5,1,0,6,3300.23315,24.7289181,0,1.59497738,-22.3197899,140.544418,0.832031488,-21.4300613,358.398743,0,1,0,3,3,0
1485,4125,3,8327452,0,0,156,0,102,0,2,1,0,0,74300,50,2.5,1,0,6,3252.69897,30.1061745,0,3.09771585,-23.5571899,128.545563,2.23793721,-23.0272617,357.512207,0,1,0,3,3,0
1486,4126,2,8327376,0,0,111,0,102,0,2,1,0,0,74350,50,2.5,1,0,6,3296.89551,24.398632,0,1.68572879,-22.4185963,139.986115,0.917616189,-21.5560627,358.385864,0,1,0,3,3,0
1486,4127,3,8327452,0,0,167,0,102,0,2,1,0,0,74350,50,2.5,1,0,6,3247.7417,31.7667713,0,3.21960902,-23.6231899,127.609161,2.35289049,-23.1236572,357.311005,0,1,0,3,3,0
1487,4128,2,8327376,0,0,113,0,102,0,2,1,0,0,74400,50,2.5,1,0,6,3293.70288,24.1776428,0,1.78342617,-22.5209179,139.378403,1.00547612,-21.6803093,358.348816,0,1,0,3,3,0
1487,4129,3,8327452,0,0,176,0,102,0,2,1,0,0,74400,50,2.5,1,0,6,3242.17944,33.8287697,0,3.34182429,-23.6839714,125.19632,2.4697082,-23.2173557,357.097168,0,1,0,3,3,0
1488,4130,2,8327376,0,0,116,0,102,0,2,1,0,0,74450,50,2.5,1,0,6,3290.58105,24.0022774,0,1.8871069,-22.6251278,138.715256,1.09557259,-21.8027687,358.305115,0,1,0,3,3,0
1488,4131,3,8327452,0,0,191,0,102,0,2,1,0,0,74450,50,2.5,1,0,6,3235.98022,36.5768089,0,3.47872257,-23.7462463,124.176361,2.58835244,-23.3082314,356.823975,0,1,0,3,3,0
1489,4132,2,8327376,0,0,116,0,102,0,2,1,0,0,74500,50,2.5,1,0,6,3287.50977,23.9418716,0,1.98291159,-22.7175808,138.095398,1.18787098,-21.923399,358.287628,0,1,0,3,3,0
1489,4133,3,8327452,0,0,201,0,102,0,2,1,0,0,74500,50,2.5,1,0,6,3228.75269,39.9657784,0,3.61011863,-23.8007469,123.173218,2.70876884,-23.3961506,356.627258,0,1,0,3,3,0
1490,4134,2,8327376,0,0,120,0,102,0,2,1,0,0,74550,50,2.5,1,0,6,3284.51367,24.0707989,0,2.09019637,-22.8169117,137.385117,1.28234386,-22.0421543,358.228302,0,1,0,3,3,0
1490,4135,3,8327452,0,0,210,0,102,0,2,1,0,0,74550,50,2.5,1,0,6,3220.60327,44.3896294,0,3.75086713,-23.853878,122.081276,2.83090377,-23.4809608,356.437927,0,1,0,3,3,0
1491,4136,2,8327376,0,0,121,0,102,0,2,1,0,0,74600,50,2.5,1,0,6,3281.44458,24.2368031,0,2.19352341,-22.9085407,136.686661,1.37895942,-22.158989,358.192047,0,1,0,3,3,0
1491,4137,3,8327452,0,0,216,0,102,0,2,1,0,0,74600,50,2.5,1,0,6,3211.31006,49.7101402,0,3.90029168,-23.9048042,120.800758,2.95469189,-23.5625057,356.277161,0,1,0,3,3,0
1492,4138,2,8327376,0,0,124,0,102,0,2,1,0,0,74650,50,2.5,1,0,6,3278.38867,24.572279,0,2.29514956,-22.9949284,135.984238,1.47769344,-22.2738495,358.143127,0,1,0,3,3,0
1492,4139,3,8327452,0,0,218,0,102,0,2,1,0,0,74650,50,2.5,1,0,6,3200.88354,55.7721786,0,4.04118776,-23.9480267,119.058624,3.08005857,-23.6406269,356.17572,0,1,0,3,3,0
1493,4140,2,8327376,0,0,125,0,102,0,2,1,0,0,74700,50,2.5,1,0,6,3275.22852,24.9888668,0,2.40293074,-23.082634,133.536926,1.57851911,-22.3866787,358.082184,0,1,0,3,3,0
1493,4141,3,8327452,0,0,219,0,102,0,2,1,0,0,74700,50,2.5,1,0,6,3189.38867,62.3600464,0,4.18673611,-23.9881039,117.35321,3.20692205,-23.7151737,356.086639,0,1,0,3,3,0
1494,4142,2,8327376,0,0,130,0,102,0,2,1,0,0,74750,50,2.5,1,0,6,3272.01416,25.5190048,0,2.51211548,-23.1674862,132.806854,1.6814127,-22.4974155,357.996002,0,1,0,3,3,0
1494,4143,3,8327452,0,0,216,0,102,0,2,1,0,0,74750,50,2.5,1,0,6,3176.80688,69.0666656,0,4.33498812,-24.024435,114.396233,3.33518887,-23.7860031,356.025696,0,1,0,3,3,0
1495,4144,2,8327376,0,0,134,0,102,0,2,1,0,0,74800,50,2.5,1,0,6,3268.60645,26.0897694,0,2.62263775,-23.2493935,132.050644,1.78634524,-22.6060009,357.919128,0,1,0,3,3,0
1495,4145,3,8327452,0,0,228,0,102,0,2,1,0,0,74800,50,2.5,1,0,6,3163.37231,75.6731873,0,4.74552774,-24.10326,112.841507,3.46476245,-23.8529835,355.73172,0,1,0,4,4,0
1496,4146,2,8327376,0,0,139,0,102,0,2,1,0,0,74850,50,2.5,1,0,6,3265.04688,26.8652725,0,2.73466206,-23.3284187,131.262268,1.89329231,-22.7123604,357.838104,0,1,0,3,3,0
1496,4147,3,8327452,0,0,212,0,102,0,2,1,0,0,74850,50,2.5,1,0,6,3148.39307,81.7550659,0,4.89272261,-24.1242599,111.423813,3.59550309,-23.9160366,355.970825,0,1,0,4,4,0
1497,4148,2,8327376,0,0,143,0,102,0,2,1,0,0,74900,50,2.5,1,0,6,3261.2356,27.8612328,0,2.84814024,-23.4044533,130.434891,2.00222874,-22.8164158,357.758667,0,1,0,3,3,0
1497,4149,3,8327452,0,0,201,0,102,0,2,1,0,0,74900,50,2.5,1,0,6,3133.64429,88.6521072,0,5.03305244,-24.1409073,110.128784,3.72732306,-23.9750042,356.117065,0,1,0,4,4,0
1498,4150,2,8327376,0,0,147,0,102,0,2,1,0,0,74950,50,2.5,1,0,6,3257.15991,29.096487,0,2.96405387,-23.4780178,129.572815,2.11313105,-22.9180813,357.665283,0,1,0,3,3,0
1498,4151,3,8327452,0,0,194,0,102,0,2,1,0,0,74950,50,2.5,1,0,6,3118.11157,94.1123428,0,5.18591738,-24.1553993,109.57486,3.8601191,-24.0297775,356.207947,0,1,0,4,4,0
1499,4152,2,8327376,0,0,155,0,102,0,2,1,0,0,75000,50,2.5,1,0,6,3252.75757,30.5266724,0,3.08556628,-23.5502949,128.642899,2.22597313,-23.0172653,357.525482,0,1,0,3,3,0
1499,4153,3,8327452,0,0,188,0,102,0,2,1,0,0,75000,50,2.5,1,0,6,3102.14868,97.4253769,0,5.33039093,-24.1656876,109.734283,3.9937799,-24.0802803,356.303802,0,1,0,4,4,0
1500,4154,2,8327376,0,0,166,0,102,0,2,1,0,0,75050,50,2.5,1,0,6,3247.87842,32.1223373,0,3.20781207,-23.6170464,127.700211,2.34072089,-23.1138744,357.329254,0,1,0,3,3,0
1500,4155,3,8327452,0,0,190,0,102,0,2,1,0,0,75050,50,2.5,1,0,6,3086.12354,99.2360458,0,5.73984051,-24.1773357,109.827499,4.1281929,-24.126461,356.250824,0,1,0,5,5,0
1501,4156,2,8327376,0,0,175,0,102,0,2,1,0,0,75100,50,2.5,1,0,6,3242.41138,34.1211586,0,3.32895851,-23.6778145,125.2938,2.45733619,-23.2077999,357.123169,0,1,0,3,3,0
1501,4157,3,8327452,0,0,167,0,102,0,2,1,0,0,75100,50,2.5,1,0,6,3069.90918,99.8776779,0,5.87576008,-24.1755676,104.064178,4.26323271,-24.1683064,356.514893,0,1,0,5,5,0
1502,4158,2,8327376,0,0,190,0,102,0,2,1,0,0,75150,50,2.5,1,0,6,3236.32202,36.8043823,0,3.46599197,-23.7406998,124.269073,2.57578182,-23.2989178,356.852478,0,1,0,3,3,0
1502,4159,3,8327452,0,0,161,0,102,0,2,1,0,0,75150,50,2.5,1,0,6,3055.01245,100.283386,0,6.01562929,-24.1708298,104.074341,4.39881182,-24.2057209,356.615204,0,1,0,5,5,0
1503,4160,2,8327376,0,0,200,0,102,0,2,1,0,0,75200,50,2.5,1,0,6,3229.22266,40.1252861,0,3.60018682,-23.7967968,123.248558,2.69600463,-23.3870945,356.6492,0,1,0,3,3,0
1503,4161,3,8327452,0,0,156,0,102,0,2,1,0,0,75200,50,2.5,1,0,6,3039.96899,98.2888489,0,6.16077805,-24.1627789,104.365829,4.53482771,-24.2387104,356.715179,0,1,0,5,5,0
1504,4162,2,8327376,0,0,209,0,102,0,2,1,0,0,75250,50,2.5,1,0,6,3221.2146,44.4740448,0,3.74072838,-23.8502235,122.162498,2.81795263,-23.4721775,356.460815,0,1,0,3,3,0
1504,4163,3,8327452,0,0,150,0,102,0,2,1,0,0,75250,50,2.5,1,0,6,3025.81177,94.615799,0,6.29581213,-24.1523972,104.567566,4.67118311,-24.2672997,356.832947,0,1,0,5,5,0
1505,4164,2,8327376,0,0,214,0,102,0,2,1,0,0,75300,50,2.5,1,0,6,3212.07617,49.7111282,0,3.87858224,-23.8977375,121.049782,2.94156194,-23.5540104,356.322845,0,1,0,3,3,0
1505,4165,3,8327452,0,0,144,0,102,0,2,1,0,0,75300,50,2.5,1,0,6,3012.73999,90.3764114,0,6.43236923,-24.1390381,104.695282,4.80778599,-24.2915211,356.948822,0,1,0,5,5,0
1506,4166,2,8327376,0,0,218,0,102,0,2,1,0,0,75350,50,2.5,1,0,6,3201.8584,55.6817169,0,4.03068352,-23.9449558,119.182831,3.06676197,-23.6324348,356.185303,0,1,0,3,3,0
1506,4167,3,8327452,0,0,138,0,102,0,2,1,0,0,75350,50,2.5,1,0,6,3000.81616,85.6358109,0,6.55851316,-24.1240978,104.73999,4.94455051,-24.3114243,357.06543,0,1,0,5,5,0
1507,4168,2,8327376,0,0,219,0,102,0,2,1,0,0,75400,50,2.5,1,0,6,3190.4834,62.0849457,0,4.17226696,-23.9843216,117.512833,3.19346809,-23.7073021,356.105713,0,1,0,3,3,0
1507,4169,3,8327452,0,0,132,0,102,0,2,1,0,0,75400,50,2.5,1,0,6,2990.13916,80.4679489,0,6.69108915,-24.1056557,104.704773,5.08139801,-24.3270721,357.171631,0,1,0,5,5,0
1508,4170,2,8327376,0,0,216,0,102,0,2,1,0,0,75450,50,2.5,1,0,6,3178.07812,68.7433167,0,4.32472944,-24.0220604,114.50898,3.32158875,-23.7784691,356.043091,0,1,0,3,3,0
1508,4171,3,8327452,0,0,127,0,102,0,2,1,0,0,75450,50,2.5,1,0,6,2980.78809,75.0002518,0,6.820436,-24.0848923,104.588943,5.21825647,-24.338541,357.267975,0,1,0,5,5,0
1509,4172,2,8327376,0,0,228,0,102,0,2,1,0,0,75500,50,2.5,1,0,6,3164.80493,75.3693237,0,4.72303581,-24.0997276,113.062241,3.45102835,-23.8458004,355.746033,0,1,0,4,4,0
1509,4173,3,8327452,0,0,123,0,102,0,2,1,0,0,75500,50,2.5,1,0,6,2972.7832,69.3537292,0,6.94812727,-24.0616379,104.383392,5.35506058,-24.3459263,357.358704,0,1,0,5,5,0
1510,4174,2,8327376,0,0,212,0,102,0,2,1,0,0,75550,50,2.5,1,0,6,3149.98169,81.4706573,0,4.87753057,-24.122261,111.567627,3.58164859,-23.909214,355.969696,0,1,0,4,4,0
1510,4175,3,8327452,0,0,113,0,102,0,2,1,0,0,75550,50,2.5,1,0,6,2966.14404,63.7183075,0,7.07461834,-24.0358162,99.9660034,5.49175215,-24.3493328,357.447845,0,1,0,5,5,0
1511,4176,2,8327376,0,0,202,0,102,0,2,1,0,0,75600,50,2.5,1,0,6,3135.36499,88.3825378,0,5.0252533,-24.1400642,110.197937,3.71336246,-23.9685535,356.106201,0,1,0,4,4,0
1511,4177,3,8327452,0,0,112,0,102,0,2,1,0,0,75600,50,2.5,1,0,6,2961.08301,58.2876854,0,7.1998291,-24.0074291,99.9786987,5.6282835,-24.3488617,357.472839,0,1,0,5,5,0
1512,4178,2,8327376,0,0,194,0,102,0,2,1,0,0,75650,50,2.5,1,0,6,3119.91016,93.8579025,0,5.16401196,-24.1535511,109.545319,3.84606504,-24.0237103,356.213104,0,1,0,4,4,0
1512,4179,3,8327452,0,0,110,0,102,0,2,1,0,0,75650,50,2.5,1,0,6,2957.14355,52.7350845,0,7.33101416,-23.9745426,99.8964539,5.76461315,-24.3446503,357.50589,0,1,0,5,5,0
1513,4180,2,8327376,0,0,189,0,102,0,2,1,0,0,75700,50,2.5,1,0,6,3104.08765,97.2993317,0,5.30832195,-24.1643295,109.713043,3.97964692,-24.074604,356.302368,0,1,0,4,4,0
1513,4181,3,8327452,0,0,108,0,102,0,2,1,0,0,75700,50,2.5,1,0,6,2954.57788,47.5608025,0,7.44616604,-23.9429054,99.7316589,5.90070343,-24.3368282,357.550659,0,1,0,5,5,0
1514,4182,2,8327376,0,0,191,0,102,0,2,1,0,0,75750,50,2.5,1,0,6,3088.09937,99.1828079,0,5.71918488,-24.1773586,109.816803,4.11399364,-24.1211853,356.247986,0,1,0,5,5,0
1514,4183,3,8327452,0,0,107,0,102,0,2,1,0,0,75750,50,2.5,1,0,6,2953.20752,43.0039902,0,7.57307959,-23.9048862,99.4429016,6.03652096,-24.3255234,357.571777,0,1,0,5,5,0
1515,4184,2,8327376,0,0,167,0,102,0,2,1,0,0,75800,50,2.5,1,0,6,3071.94409,99.9545059,0,5.86634541,-24.1757793,104.13446,4.24898005,-24.1634388,356.504486,0,1,0,5,5,0
1515,4185,3,8327452,0,0,105,0,102,0,2,1,0,0,75800,50,2.5,1,0,6,2952.86987,38.9694443,0,7.68577385,-23.8682079,99.0917053,6.17203426,-24.3108597,357.60321,0,1,0,5,5,0
1516,4186,2,8327376,0,0,162,0,102,0,2,1,0,0,75850,50,2.5,1,0,6,3057.11133,100.535156,0,6.00751686,-24.1711845,104.055054,4.3845191,-24.2012634,356.60025,0,1,0,5,5,0
1516,4187,3,8327452,0,0,93,0,102,0,2,1,0,0,75850,50,2.5,1,0,6,2953.48657,35.4575653,0,7.57178116,-23.9052944,98.5934143,6.30721378,-24.2929497,357.862946,0,1,0,4,4,0
1517,4188,2,8327376,0,0,156,0,102,0,2,1,0,0,75900,50,2.5,1,0,6,3042.03638,98.603096,0,6.14593458,-24.1637497,104.341782,4.52050686,-24.2346668,356.710785,0,1,0,5,5,0
1517,4189,3,8327452,0,0,95,0,102,0,2,1,0,0,75900,50,2.5,1,0,6,2955.20605,32.3764992,0,7.68705893,-23.867775,98.0350342,6.44204044,-24.2718983,357.810974,0,1,0,4,4,0
1518,4190,2,8327376,0,0,150,0,102,0,2,1,0,0,75950,50,2.5,1,0,6,3027.91431,95.0438766,0,6.27588511,-24.1541061,104.544891,4.65684652,-24.26367,356.827118,0,1,0,5,5,0
1518,4191,3,8327452,0,0,96,0,102,0,2,1,0,0,75950,50,2.5,1,0,6,2957.43945,29.1606407,0,7.80503941,-23.8262234,97.3513489,6.57650089,-24.2478428,357.759583,0,1,0,4,4,0
1519,4192,2,8327376,0,0,145,0,102,0,2,1,0,0,76000,50,2.5,1,0,6,3014.82202,90.8613434,0,6.41712284,-24.1406746,104.684998,4.79344606,-24.2883053,356.935638,0,1,0,5,5,0
1519,4193,3,8327452,0,0,96,0,102,0,2,1,0,0,76000,50,2.5,1,0,6,2960.42822,26.3090096,0,7.92167521,-23.781805,94.3825073,6.71057796,-24.2208958,357.689453,0,1,0,4,4,0
1520,4194,2,8327376,0,0,139,0,102,0,2,1,0,0,76050,50,2.5,1,0,6,3002.83691,86.1255493,0,6.54441547,-24.1258926,104.739502,4.93021822,-24.3086243,357.056915,0,1,0,5,5,0
1520,4195,3,8327452,0,0,101,0,102,0,2,1,0,0,76050,50,2.5,1,0,6,2964.0022,24.0512066,0,8.03869152,-23.7336826,93.8449707,6.84425259,-24.1911545,357.577698,0,1,0,4,4,0
1521,4196,2,8327376,0,0,133,0,102,0,2,1,0,0,76100,50,2.5,1,0,6,2992.12134,81.0519257,0,6.6762414,-24.1078625,104.71344,5.06708336,-24.3246899,357.16864,0,1,0,5,5,0
1521,4197,3,8327452,0,0,104,0,102,0,2,1,0,0,76100,50,2.5,1,0,6,2967.87744,22.2100315,0,8.15365982,-23.6828995,93.2032776,6.97749949,-24.1587067,357.473633,0,1,0,4,4,0
1522,4198,2,8327376,0,0,128,0,102,0,2,1,0,0,76150,50,2.5,1,0,6,2982.70337,75.7087708,0,6.81320858,-24.0861263,104.59903,5.20396805,-24.3365746,357.266724,0,1,0,5,5,0
1522,4199,3,8327452,0,0,94,0,102,0,2,1,0,0,76150,50,2.5,1,0,6,2972.03857,20.8912735,0,8.05020142,-23.728754,92.3831787,7.11028528,-24.1236115,357.704987,0,1,0,3,3,0
1523,4200,2,8327376,0,0,122,0,102,0,2,1,0,0,76200,50,2.5,1,0,6,2974.60815,70.1663208,0,6.94020653,-24.0631618,104.400482,5.34080601,-24.3443718,357.363098,0,1,0,5,5,0
1523,4201,3,8327452,0,0,101,0,102,0,2,1,0,0,76200,50,2.5,1,0,6,2976.68481,20.0112686,0,8.16919994,-23.6757774,91.4508972,7.24258423,-24.0859184,357.514526,0,1,0,3,3,0
1524,4202,2,8327376,0,0,113,0,102,0,2,1,0,0,76250,50,2.5,1,0,6,2967.92847,64.6155548,0,7.06134987,-24.0386581,99.9567871,5.47753954,-24.3481789,357.4422,0,1,0,5,5,0
1524,4203,3,8327452,0,0,107,0,102,0,2,1,0,0,76250,50,2.5,1,0,6,2981.1792,18.9442959,0,8.2841959,-23.6211605,90.4361572,7.37436771,-24.0456944,357.340088,0,1,0,3,3,0
1525,4204,2,8327376,0,0,113,0,102,0,2,1,0,0,76300,50,2.5,1,0,6,2962.73804,59.105896,0,7.1932292,-24.0089989,99.9807434,5.61412001,-24.3481026,357.459229,0,1,0,5,5,0
1525,4205,3,8327452,0,0,113,0,102,0,2,1,0,0,76300,50,2.5,1,0,6,2985.73535,18.1420116,0,8.41201687,-23.5565853,89.1628418,7.50559521,-24.0029793,357.156708,0,1,0,3,3,0
1526,4206,2,8327376,0,0,110,0,102,0,2,1,0,0,76350,50,2.5,1,0,6,2958.68726,53.4790535,0,7.31670475,-23.9782887,99.909668,5.75050592,-24.3442822,357.505066,0,1,0,5,5,0
1526,4207,3,8327452,0,0,118,0,102,0,2,1,0,0,76350,50,2.5,1,0,6,2990.18115,17.8225307,0,8.53477955,-23.490799,87.7985229,7.6362133,-23.9577904,356.993805,0,1,0,3,3,0
1527,4208,2,8327376,0,0,108,0,102,0,2,1,0,0,76400,50,2.5,1,0,6,2956.06421,48.3411217,0,7.43895864,-23.9449654,99.7420959,5.88665867,-24.3368454,357.540131,0,1,0,5,5,0
1527,4209,3,8327452,0,0,121,0,102,0,2,1,0,0,76400,50,2.5,1,0,6,2994.42871,17.8850708,0,8.6545496,-23.4231071,85.8185425,7.76616001,-23.9101295,356.849884,0,1,0,3,3,0
1528,4210,2,8327376,0,0,107,0,102,0,2,1,0,0,76450,50,2.5,1,0,6,2954.60669,43.7820282,0,7.55476856,-23.9105835,99.4925232,6.02254438,-24.3259182,357.573303,0,1,0,5,5,0
1528,4211,3,8327452,0,0,125,0,102,0,2,1,0,0,76450,50,2.5,1,0,6,2998.4436,18.2387047,0,8.78626728,-23.344696,84.4561157,7.89536715,-23.8599911,356.69223,0,1,0,3,3,0
1529,4212,2,8327376,0,0,106,0,102,0,2,1,0,0,76500,50,2.5,1,0,6,2954.19116,39.7131233,0,7.67980051,-23.8702259,99.11203,6.15813112,-24.3116264,357.585327,0,1,0,5,5,0
1529,4213,3,8327452,0,0,128,0,102,0,2,1,0,0,76500,50,2.5,1,0,6,3002.11963,18.7541046,0,8.9119997,-23.2660007,83.0004578,8.0237608,-23.8073635,356.569458,0,1,0,3,3,0
1530,4214,2,8327376,0,0,93,0,102,0,2,1,0,0,76550,50,2.5,1,0,6,2954.70703,36.1710739,0,7.55419874,-23.910759,98.6705322,6.29338884,-24.2940826,357.862915,0,1,0,4,4,0
1530,4215,3,8327452,0,0,129,0,102,0,2,1,0,0,76550,50,2.5,1,0,6,3005.46729,19.4225349,0,9.03754807,-23.1836739,81.5237122,8.15126324,-23.7522316,356.472687,0,1,0,3,3,0
1531,4216,2,8327376,0,0,95,0,102,0,2,1,0,0,76600,50,2.5,1,0,6,2956.37036,33.1165276,0,7.67466068,-23.8719521,98.0982361,6.428298,-24.2733898,357.808685,0,1,0,4,4,0
1531,4217,3,8327452,0,0,130,0,102,0,2,1,0,0,76600,50,2.5,1,0,6,3008.51782,20.2092991,0,9.16183949,-23.0984783,80.0092468,8.27779388,-23.6945801,356.393616,0,1,0,3,3,0
1532,4218,2,8327376,0,0,97,0,102,0,2,1,0,0,76650,50,2.5,1,0,6,2958.52661,29.8935471,0,7.79307747,-23.8305855,97.4268188,6.56284428,-24.2496853,357.756683,0,1,0,4,4,0
1532,4219,3,8327452,0,0,129,0,102,0,2,1,0,0,76650,50,2.5,1,0,6,3011.24683,21.0046597,0,9.2912817,-23.005825,78.3773193,8.40327454,-23.6343994,356.333588,0,1,0,3,3,0
1533,4220,2,8327376,0,0,97,0,102,0,2,1,0,0,76700,50,2.5,1,0,6,2961.41968,27.0108223,0,7.91667938,-23.7837811,94.4019775,6.69701004,-24.2230816,357.687225,0,1,0,4,4,0
1533,4221,3,8327452,0,0,128,0,102,0,2,1,0,0,76700,50,2.5,1,0,6,3013.74365,21.7746754,0,9.40697384,-22.9195843,76.8677368,8.52762985,-23.5716839,356.298401,0,1,0,3,3,0
1534,4222,2,8327376,0,0,100,0,102,0,2,1,0,0,76750,50,2.5,1,0,6,2964.91357,24.7709675,0,8.03172398,-23.7366486,93.8817139,6.83077478,-24.193676,357.586914,0,1,0,4,4,0
1534,4223,3,8327452,0,0,128,0,102,0,2,1,0,0,76750,50,2.5,1,0,6,3016.01318,22.4352779,0,9.52535248,-22.8279495,76.059906,8.6507864,-23.5064335,356.276245,0,1,0,3,3,0
1535,4224,2,8327376,0,0,104,0,102,0,2,1,0,0,76800,50,2.5,1,0,6,2968.75537,22.9649277,0,8.14234447,-23.6880493,93.2691956,6.96411371,-24.1615524,357.482361,0,1,0,4,4,0
1535,4225,3,8327452,0,0,125,0,102,0,2,1,0,0,76800,50,2.5,1,0,6,3018.05908,22.959301,0,9.64713669,-22.7300339,74.7199707,8.77267551,-23.4386578,356.282898,0,1,0,3,3,0
1536,4226,2,8327376,0,0,94,0,102,0,2,1,0,0,76850,50,2.5,1,0,6,2972.83691,21.5926971,0,8.03934002,-23.7334042,92.459198,7.09699392,-24.1267776,357.711884,0,1,0,3,3,0
1536,4227,3,8327452,0,0,130,0,102,0,2,1,0,0,76850,50,2.5,1,0,6,3020.03882,23.4048119,0,9.98150921,-22.4414768,73.3922119,8.8932333,-23.3683681,356.075012,0,1,0,4,4,0
1537,4228,2,8327376,0,0,101,0,102,0,2,1,0,0,76900,50,2.5,1,0,6,2977.43188,20.6708469,0,8.15214348,-23.6835918,91.5940857,7.22939062,-24.0893974,357.52832,0,1,0,3,3,0
1537,4229,3,8327452,0,0,123,0,102,0,2,1,0,0,76900,50,2.5,1,0,6,3021.64429,23.6656971,0,10.0921869,-22.3392963,72.0159302,9.012393,-23.2955894,356.208679,0,1,0,4,4,0
1538,4230,2,8327376,0,0,107,0,102,0,2,1,0,0,76950,50,2.5,1,0,6,2981.88184,19.586874,0,8.2720871,-23.6270676,90.5469971,7.36127472,-24.0494823,357.350739,0,1,0,3,3,0
1538,4231,3,8327452,0,0,118,0,102,0,2,1,0,0,76950,50,2.5,1,0,6,3023.45044,24.0620785,0,10.1997414,-22.236639,70.6008911,9.13009453,-23.2203331,356.309143,0,1,0,4,4,0
1539,4232,2,8327376,0,0,113,0,102,0,2,1,0,0,77000,50,2.5,1,0,6,2986.39966,18.7710209,0,8.39900589,-23.563343,89.3014832,7.49260569,-24.0070705,357.169312,0,1,0,3,3,0
1539,4233,3,8327452,0,0,113,0,102,0,2,1,0,0,77000,50,2.5,1,0,6,3025.2312,24.1995468,0,10.3048153,-22.1330338,69.1434937,9.24629021,-23.1426277,356.394257,0,1,0,4,4,0
1540,4234,2,8327376,0,0,118,0,102,0,2,1,0,0,77050,50,2.5,1,0,6,2990.81274,18.4411411,0,8.51712227,-23.5004864,88.0019226,7.62333107,-23.962183,357.013306,0,1,0,3,3,0
1540,4235,3,8327452,0,0,108,0,102,0,2,1,0,0,77050,50,2.5,1,0,6,3027.12085,23.9537811,0,10.4091349,-22.0267868,67.6096191,9.3609457,-23.0625114,356.460663,0,1,0,4,4,0
1541,4236,2,8327376,0,0,121,0,102,0,2,1,0,0,77100,50,2.5,1,0,6,2995.03174,18.4970932,0,8.64779472,-23.4270153,85.8831787,7.7533884,-23.9148197,356.851318,0,1,0,3,3,0
1541,4237,3,8327452,0,0,104,0,102,0,2,1,0,0,77100,50,2.5,1,0,6,3029.19238,23.419693,0,10.5102587,-21.9204292,66.042511,9.47403812,-22.9800358,356.509949,0,1,0,4,4,0
1542,4238,2,8327376,0,0,125,0,102,0,2,1,0,0,77150,50,2.5,1,0,6,2999.02173,18.844696,0,8.76949024,-23.3549156,84.6393738,7.88270998,-23.864975,356.707855,0,1,0,3,3,0
1542,4239,3,8327452,0,0,101,0,102,0,2,1,0,0,77150,50,2.5,1,0,6,3031.47168,22.6439915,0,10.6036873,-21.8190746,64.5154114,9.58555317,-22.895256,356.554718,0,1,0,4,4,0
1543,4240,2,8327376,0,0,128,0,102,0,2,1,0,0,77200,50,2.5,1,0,6,3002.67603,19.3560162,0,8.89716244,-23.2754822,83.1765747,8.01122189,-23.8126373,356.579315,0,1,0,3,3,0
1543,4241,3,8327452,0,0,101,0,102,0,2,1,0,0,77200,50,2.5,1,0,6,3033.98096,21.7156601,0,10.7016392,-21.709465,65.3388672,9.69548607,-22.8082333,356.587463,0,1,0,4,4,0
1544,4242,2,8327376,0,0,129,0,102,0,2,1,0,0,77250,50,2.5,1,0,6,3006.00439,20.0206852,0,9.02433205,-23.1925163,81.6803284,8.1388464,-23.7577934,356.477081,0,1,0,3,3,0
1544,4243,3,8327452,0,0,97,0,102,0,2,1,0,0,77250,50,2.5,1,0,6,3036.65234,20.7279873,0,10.7970581,-21.5991993,63.9277954,9.8038311,-22.7190342,356.642365,0,1,0,4,4,0
1545,4244,2,8327376,0,0,130,0,102,0,2,1,0,0,77300,50,2.5,1,0,6,3009.03784,20.8041782,0,9.1556015,-23.1028404,80.0897522,8.26550484,-23.700428,356.385895,0,1,0,3,3,0
1545,4245,3,8327452,0,0,94,0,102,0,2,1,0,0,77300,50,2.5,1,0,6,3039.64087,19.8383503,0,10.8941679,-21.4832325,62.392395,9.9105854,-22.6277142,356.673737,0,1,0,4,4,0
1546,4246,2,8327376,0,0,130,0,102,0,2,1,0,0,77350,50,2.5,1,0,6,3011.75098,21.5974636,0,9.27863598,-23.0150528,78.5427246,8.39111805,-23.6405296,356.329407,0,1,0,3,3,0
1546,4247,3,8327452,0,0,91,0,102,0,2,1,0,0,77350,50,2.5,1,0,6,3042.84521,18.9362278,0,10.9837809,-21.3726406,60.8771667,10.0157528,-22.5343361,356.699219,0,1,0,4,4,0
1547,4248,2,8327376,0,0,129,0,102,0,2,1,0,0,77400,50,2.5,1,0,6,3014.19604,22.3647957,0,9.39998055,-22.9248905,76.9607544,8.51560783,-23.5780926,356.295197,0,1,0,3,3,0
1547,4249,3,8327452,0,0,89,0,102,0,2,1,0,0,77400,50,2.5,1,0,6,3046.29028,17.9951229,0,11.0681648,-21.2651443,59.3576355,10.1193409,-22.438961,356.713531,0,1,0,4,4,0
1548,4250,2,8327376,0,0,128,0,102,0,2,1,0,0,77450,50,2.5,1,0,6,3016.41943,23.0670967,0,9.51357746,-22.8372173,76.1847534,8.63890076,-23.5131149,356.282074,0,1,0,3,3,0
1548,4251,3,8327452,0,0,86,0,102,0,2,1,0,0,77450,50,2.5,1,0,6,3049.9436,17.0475311,0,11.1601009,-21.1440544,57.5993042,10.2213612,-22.3416538,356.705139,0,1,0,4,4,0
1549,4252,2,8327376,0,0,126,0,102,0,2,1,0,0,77500,50,2.5,1,0,6,3018.44312,23.6474018,0,9.63081074,-22.7433758,74.9042969,8.7609272,-23.4456043,356.286224,0,1,0,3,3,0
1549,4253,3,8327452,0,0,85,0,102,0,2,1,0,0,77500,50,2.5,1,0,6,3053.83765,16.1388416,0,11.2441235,-21.0294724,55.884613,10.3218269,-22.2424755,356.682434,0,1,0,4,4,0
1550,4254,2,8327376,0,0,130,0,102,0,2,1,0,0,77550,50,2.5,1,0,6,3020.34424,24.0984783,0,9.96459961,-22.456789,73.5971069,8.88162136,-23.3755741,356.09137,0,1,0,4,4,0
1550,4255,3,8327452,0,0,83,0,102,0,2,1,0,0,77550,50,2.5,1,0,6,3057.88916,15.2515173,0,11.3261795,-20.9136639,54.0991211,10.4207535,-22.1414871,356.652832,0,1,0,4,4,0
1551,4256,2,8327376,0,0,123,0,102,0,2,1,0,0,77600,50,2.5,1,0,6,3021.92188,24.3887367,0,10.0752182,-22.3551846,72.2319946,9.00091743,-23.3030472,356.221375,0,1,0,4,4,0
1551,4257,3,8327452,0,0,81,0,102,0,2,1,0,0,77600,50,2.5,1,0,6,3062.13281,14.4373455,0,11.405612,-20.797554,52.2588196,10.5181551,-22.0387478,356.60434,0,1,0,4,4,0
1552,4258,2,8327376,0,0,118,0,102,0,2,1,0,0,77650,50,2.5,1,0,6,3023.6814,24.7871132,0,10.1884699,-22.2475567,70.7529907,9.11875534,-23.228035,356.310394,0,1,0,4,4,0
1552,4259,3,8327452,0,0,80,0,102,0,2,1,0,0,77650,50,2.5,1,0,6,3066.5332,13.6873398,0,11.4799824,-20.6849499,50.4253235,10.614048,-21.9343128,356.538788,0,1,0,4,4,0
1553,4260,2,8327376,0,0,113,0,102,0,2,1,0,0,77700,50,2.5,1,0,6,3025.41992,24.9040947,0,10.2950649,-22.1427879,69.2807617,9.23508739,-23.1505661,356.390991,0,1,0,4,4,0
1553,4261,3,8327452,0,0,79,0,102,0,2,1,0,0,77700,50,2.5,1,0,6,3071.04761,12.9784498,0,11.5602188,-20.558815,48.3247375,10.7084465,-21.8282375,356.438171,0,1,0,4,4,0
1554,4262,2,8327376,0,0,109,0,102,0,2,1,0,0,77750,50,2.5,1,0,6,3027.27246,24.6390839,0,10.393445,-22.0429878,67.8462524,9.34988022,-23.0706825,356.462921,0,1,0,4,4,0
1554,4263,3,8327452,0,0,80,0,102,0,2,1,0,0,77750,50,2.5,1,0,6,3075.66748,12.3376656,0,11.4728823,-20.6958752,50.8635254,10.8013639,-21.7205715,356.569427,0,1,0,3,3,0
1555,4264,2,8327376,0,0,105,0,102,0,2,1,0,0,77800,50,2.5,1,0,6,3029.27539,24.08741,0,10.499486,-21.9319229,66.2145996,9.46310902,-22.9884319,356.513641,0,1,0,4,4,0
1555,4265,3,8327452,0,0,79,0,102,0,2,1,0,0,77800,50,2.5,1,0,6,3080.32227,11.7690382,0,11.544591,-20.5837822,49.1290894,10.8928099,-21.6113644,356.481567,0,1,0,3,3,0
1556,4266,2,8327376,0,0,101,0,102,0,2,1,0,0,77850,50,2.5,1,0,6,3031.49731,23.3388615,0,10.5945282,-21.8291454,64.6694336,9.57475948,-22.9038715,356.564362,0,1,0,4,4,0
1556,4267,3,8327452,0,0,79,0,102,0,2,1,0,0,77850,50,2.5,1,0,6,3085.05396,11.3194008,0,11.6191053,-20.4628735,47.1970215,10.9827881,-21.500658,356.364075,0,1,0,3,3,0
1557,4268,2,8327376,0,0,101,0,102,0,2,1,0,0,77900,50,2.5,1,0,6,3033.97241,22.4514389,0,10.6923647,-21.7199936,65.4716492,9.68482304,-22.8170605,356.5961,0,1,0,4,4,0
1557,4269,3,8327452,0,0,79,0,102,0,2,1,0,0,77900,50,2.5,1,0,6,3089.78906,10.9372091,0,11.6939955,-20.3362904,45.1158752,11.0713005,-21.3884926,356.221069,0,1,0,3,3,0
1558,4270,2,8327376,0,0,97,0,102,0,2,1,0,0,77950,50,2.5,1,0,6,3036.59375,21.4567108,0,10.7914934,-21.6057281,64.0134277,9.79329681,-22.7280636,356.645996,0,1,0,4,4,0
1558,4271,3,8327452,0,0,79,0,102,0,2,1,0,0,77950,50,2.5,1,0,6,3094.52173,10.6110802,0,11.7601032,-20.2198391,43.1430054,11.1583462,-21.2749043,356.056641,0,1,0,3,3,0
1559,4272,2,8327376,0,0,94,0,102,0,2,1,0,0,78000,50,2.5,1,0,6,3039.54028,20.5402279,0,10.8852596,-21.4940338,62.5376587,9.90017796,-22.63694,356.680939,0,1,0,4,4,0
1559,4273,3,8327452,0,0,78,0,102,0,2,1,0,0,78000,50,2.5,1,0,6,3099.23389,10.344574,0,11.8304911,-20.0903587,40.8900757,11.2439213,-21.1599293,355.853821,0,1,0,3,3,0
1560,4274,2,8327376,0,0,91,0,102,0,2,1,0,0,78050,50,2.5,1,0,6,3042.70898,19.6155357,0,10.9708977,-21.3887596,61.1012573,10.0054703,-22.5437527,356.711517,0,1,0,4,4,0
1560,4275,3,8327452,0,0,79,0,102,0,2,1,0,0,78050,50,2.5,1,0,6,3103.9375,10.1270142,0,11.8943148,-19.9674034,38.6917114,11.328022,-21.0436001,355.610809,0,1,0,3,3,0
1561,4276,2,8327376,0,0,89,0,102,0,2,1,0,0,78100,50,2.5,1,0,6,3046.12354,18.6542854,0,11.0648699,-21.2694054,59.4232483,10.1091824,-22.4485645,356.713318,0,1,0,4,4,0
1561,4277,3,8327452,0,0,79,0,102,0,2,1,0,0,78100,50,2.5,1,0,6,3108.56372,9.9231472,0,11.9564228,-19.8419342,36.394043,11.4106407,-20.9259491,355.336365,0,1,0,3,3,0
1562,4278,2,8327376,0,0,86,0,102,0,2,1,0,0,78150,50,2.5,1,0,6,3049.75171,17.6904202,0,11.1513615,-21.1557522,57.7709961,10.2113256,-22.3514385,356.713104,0,1,0,4,4,0
1562,4279,3,8327452,0,0,79,0,102,0,2,1,0,0,78150,50,2.5,1,0,6,3113.14648,9.77025509,0,12.0131598,-19.7215233,34.1386108,11.4917669,-20.8070068,355.022827,0,1,0,3,3,0
1563,4280,2,8327376,0,0,85,0,102,0,2,1,0,0,78200,50,2.5,1,0,6,3053.62476,16.7673283,0,11.2349834,-21.0421276,56.0749512,10.3119144,-22.2524376,356.692017,0,1,0,4,4,0
1563,4281,3,8327452,0,0,79,0,102,0,2,1,0,0,78200,50,2.5,1,0,6,3117.66333,9.65922165,0,12.0730791,-19.5870953,31.5915833,11.5713882,-20.6868,354.643402,0,1,0,3,3,0
1564,4282,2,8327376,0,0,83,0,102,0,2,1,0,0,78250,50,2.5,1,0,6,3057.6582,15.8678331,0,11.3138399,-20.9313393,54.3742981,10.410964,-22.1516228,356.669312,0,1,0,4,4,0
1564,4283,3,8327452,0,0,78,0,102,0,2,1,0,0,78250,50,2.5,1,0,6,3122.1084,9.57010174,0,12.1291733,-19.453661,29.0518188,11.6494923,-20.5653553,354.21463,0,1,0,3,3,0
1565,4284,2,8327376,0,0,81,0,102,0,2,1,0,0,78300,50,2.5,1,0,6,3061.88696,15.0435143,0,11.3948708,-20.8134995,52.5145874,10.5084896,-22.0490532,356.620026,0,1,0,4,4,0
1565,4285,3,8327452,0,0,77,0,102,0,2,1,0,0,78300,50,2.5,1,0,6,3126.50488,9.49795818,0,12.1825542,-19.3192253,26.4811707,11.7260675,-20.4427013,353.732666,0,1,0,3,3,0
1566,4286,2,8327376,0,0,80,0,102,0,2,1,0,0,78350,50,2.5,1,0,6,3066.2749,14.2853975,0,11.4761362,-20.6908703,50.5254517,10.6045065,-21.9447842,356.542206,0,1,0,4,4,0
1566,4287,3,8327452,0,0,97,0,102,0,2,1,0,0,78350,50,2.5,1,0,6,3130.84668,9.41610527,0,12.2319765,-19.1876659,30.3719482,11.8011055,-20.3188648,353.20694,0,1,0,3,3,0
1567,4288,2,8327376,0,0,79,0,102,0,2,1,0,0,78400,50,2.5,1,0,6,3070.77832,13.5706091,0,11.5479422,-20.5784473,48.6523743,10.6990299,-21.838871,356.462738,0,1,0,4,4,0
1567,4289,3,8327452,0,0,93,0,102,0,2,1,0,0,78400,50,2.5,1,0,6,3134.53149,9.31329536,0,12.2840376,-19.0409622,27.7243958,11.8745546,-20.1938744,352.835114,0,1,0,3,3,0
1568,4290,2,8327376,0,0,80,0,102,0,2,1,0,0,78450,50,2.5,1,0,6,3075.3894,12.9237528,0,11.4652061,-20.7076416,51.0436707,10.7920732,-21.7313652,356.582581,0,1,0,3,3,0
1568,4291,3,8327452,0,0,89,0,102,0,2,1,0,0,78450,50,2.5,1,0,6,3138.32129,9.74145412,0,12.3322868,-18.8968124,25.0916748,11.9463482,-20.0677338,352.411926,0,1,0,3,3,0
1569,4292,2,8327376,0,0,79,0,102,0,2,1,0,0,78500,50,2.5,1,0,6,3080.02783,12.3508921,0,11.5377302,-20.5946827,49.2995911,10.8836451,-21.6223145,356.496918,0,1,0,3,3,0
1569,4293,3,8327452,0,0,87,0,102,0,2,1,0,0,78500,50,2.5,1,0,6,3141.95947,10.2440729,0,12.4663477,-18.4471245,22.5426636,12.0164413,-19.9404526,351.785767,0,1,0,4,4,0
1570,4294,2,8327376,0,0,79,0,102,0,2,1,0,0,78550,50,2.5,1,0,6,3084.74634,11.8955069,0,11.6117992,-20.4749413,47.3933716,10.9737501,-21.5117626,356.382324,0,1,0,3,3,0
1570,4295,3,8327452,0,0,81,0,102,0,2,1,0,0,78550,50,2.5,1,0,6,3145.4519,10.5245018,0,12.5071154,-18.293211,20.0010071,12.0848026,-19.8120537,351.388733,0,1,0,4,4,0
1571,4296,2,8327376,0,0,78,0,102,0,2,1,0,0,78600,50,2.5,1,0,6,3089.46997,11.5099621,0,11.6872244,-20.3479614,45.3106689,11.0623903,-21.3997498,356.242218,0,1,0,3,3,0
1571,4297,3,8327452,0,0,85,0,102,0,2,1,0,0,78600,50,2.5,1,0,6,3148.97754,10.6627512,0,12.5476313,-18.1306286,17.6283875,12.1514168,-19.6825581,350.945587,0,1,0,4,4,0
1572,4298,2,8327376,0,0,79,0,102,0,2,1,0,0,78650,50,2.5,1,0,6,3094.21973,11.1813917,0,11.7524529,-20.2335625,43.3754272,11.1495667,-21.2863121,356.072662,0,1,0,3,3,0
1572,4299,3,8327452,0,0,89,0,102,0,2,1,0,0,78650,50,2.5,1,0,6,3152.26782,10.5913668,0,12.5839891,-17.975544,15.5026855,12.2162714,-19.552,350.565186,0,1,0,4,4,0
1573,4300,2,8327376,0,0,79,0,102,0,2,1,0,0,78700,50,2.5,1,0,6,3098.91919,10.886157,0,11.8207817,-20.1085873,41.2077637,11.2352772,-21.1714878,355.876648,0,1,0,3,3,0
1573,4301,3,8327452,0,0,93,0,102,0,2,1,0,0,78700,50,2.5,1,0,6,3155.41577,10.568614,0,12.6853867,-17.4862213,13.5128174,12.2793388,-19.4204063,350.141266,0,1,0,5,5,0
1574,4302,2,8327376,0,0,79,0,102,0,2,1,0,0,78750,50,2.5,1,0,6,3103.59766,10.6585045,0,11.8849802,-19.9857445,39.0202637,11.3195152,-21.0553093,355.647461,0,1,0,3,3,0
1574,4303,3,8327452,0,0,95,0,102,0,2,1,0,0,78750,50,2.5,1,0,6,3158.36865,10.7155237,0,12.7126188,-17.3370686,11.7334595,12.34058,-19.2878036,349.970886,0,1,0,5,5,0
1575,4304,2,8327376,0,0,79,0,102,0,2,1,0,0,78800,50,2.5,1,0,6,3108.22754,10.4853525,0,11.9509115,-19.8533249,36.604126,11.4022713,-20.9378071,355.371857,0,1,0,3,3,0
1575,4305,3,8327452,0,0,96,0,102,0,2,1,0,0,78800,50,2.5,1,0,6,3161.14624,11.0094376,0,12.7411423,-17.1706581,13.5432739,12.3999481,-19.1542149,349.840454,0,1,0,5,5,0
1576,4306,2,8327376,0,0,79,0,102,0,2,1,0,0,78850,50,2.5,1,0,6,3112.79932,10.3451862,0,12.0068932,-19.7351284,34.3914795,11.4835358,-20.8190098,355.065186,0,1,0,3,3,0
1576,4307,3,8327452,0,0,98,0,102,0,2,1,0,0,78850,50,2.5,1,0,6,3163.74121,11.3765507,0,12.8156099,-16.6731911,11.7604675,12.4573956,-19.0196609,349.676971,0,1,0,6,6,0
1577,4308,2,8327376,0,0,79,0,102,0,2,1,0,0,78900,50,2.5,1,0,6,3117.30664,10.2314539,0,12.0675058,-19.5999393,31.8361206,11.5632973,-20.698946,354.690765,0,1,0,3,3,0
1577,4309,3,8327452,0,0,97,0,102,0,2,1,0,0,78900,50,2.5,1,0,6,3166.11255,11.7524767,0,12.8362408,-16.5142574,9.9861145,12.5128746,-18.8841686,349.70282,0,1,0,6,6,0
1578,4310,2,8327376,0,0,78,0,102,0,2,1,0,0,78950,50,2.5,1,0,6,3121.74316,10.1401739,0,12.12358,-19.4673119,29.309845,11.6415424,-20.5776443,354.267639,0,1,0,3,3,0
1578,4311,3,8327452,0,0,97,0,102,0,2,1,0,0,78950,50,2.5,1,0,6,3168.36743,12.1560774,0,12.8553829,-16.355854,8.30908203,12.5663404,-18.7477608,349.749573,0,1,0,6,6,0
1579,4312,2,8327376,0,0,78,0,102,0,2,1,0,0,79000,50,2.5,1,0,6,3126.13184,10.067153,0,12.1744184,-19.3402157,26.8804321,11.7182598,-20.4551296,353.796539,0,1,0,3,3,0
1579,4313,3,8327452,0,0,97,0,102,0,2,1,0,0,79000,50,2.5,1,0,6,3170.45825,12.5039091,0,12.908246,-15.8432922,6.74447632,12.617754,-18.610466,349.77832,0,1,0,7,7,0
1580,4314,2,8327376,0,0,96,0,102,0,2,1,0,0,79050,50,2.5,1,0,6,3130.44019,9.98385334,0,12.2290268,-19.1957207,30.5146179,11.793438,-20.3314304,353.27359,0,1,0,3,3,0
1580,4315,3,8327452,0,0,95,0,102,0,2,1,0,0,79050,50,2.5,1,0,6,3172.41724,12.7937317,0,12.9219208,-15.6852179,5.24383545,12.6670818,-18.4723148,349.936096,0,1,0,7,7,0
1581,4316,2,8327376,0,0,93,0,102,0,2,1,0,0,79100,50,2.5,1,0,6,3134.15259,9.90599823,0,12.276535,-19.0626507,28.1185913,11.8670282,-20.2065754,352.903107,0,1,0,3,3,0
1581,4317,3,8327452,0,0,94,0,102,0,2,1,0,0,79100,50,2.5,1,0,6,3174.32471,13.0466986,0,12.9344196,-15.5272789,3.81710815,12.7142944,-18.3333359,350.104401,0,1,0,7,7,0
1582,4318,2,8327376,0,0,90,0,102,0,2,1,0,0,79150,50,2.5,1,0,6,3137.92432,10.3156509,0,12.3250599,-18.9189358,25.4974365,11.9389648,-20.0805664,352.480042,0,1,0,3,3,0
1582,4319,3,8327452,0,0,92,0,102,0,2,1,0,0,79150,50,2.5,1,0,6,3176.15259,13.2019329,0,12.9680309,-15.0027256,2.40707397,12.7593718,-18.1935635,350.257965,0,1,0,8,8,0
1583,4320,2,8327376,0,0,87,0,102,0,2,1,0,0,79200,50,2.5,1,0,6,3141.52881,10.805191,0,12.462326,-18.4618225,22.8062439,12.009201,-19.9534168,351.85202,0,1,0,4,4,0
1583,4321,3,8327452,0,0,90,0,102,0,2,1,0,0,79200,50,2.5,1,0,6,3177.96973,13.2763624,0,12.9753914,-14.8554983,1.19958496,12.8023005,-18.05303,350.493591,0,1,0,8,8,0
1584,4322,2,8327376,0,0,81,0,102,0,2,1,0,0,79250,50,2.5,1,0,6,3145.02026,11.1140194,0,12.5029535,-18.3093452,20.2406311,12.0777035,-19.8251457,351.455994,0,1,0,4,4,0
1584,4323,3,8327452,0,0,88,0,102,0,2,1,0,0,79250,50,2.5,1,0,6,3179.78857,13.2623644,0,12.9825239,-14.6927338,0.0809631348,12.8430738,-17.911768,350.735016,0,1,0,8,8,0
1585,4324,2,8327376,0,0,84,0,102,0,2,1,0,0,79300,50,2.5,1,0,6,3148.53198,11.2617159,0,12.5438519,-18.1462345,17.8487549,12.1444578,-19.695776,351.011658,0,1,0,4,4,0
1585,4325,3,8327452,0,0,86,0,102,0,2,1,0,0,79300,50,2.5,1,0,6,3181.63477,13.1588898,0,12.9984198,-14.1785526,1.23504639,12.8816929,-17.7698116,350.956421,0,1,0,9,9,0
1586,4326,2,8327376,0,0,88,0,102,0,2,1,0,0,79350,50,2.5,1,0,6,3151.83887,11.1847734,0,12.5804749,-17.9909477,15.7071228,12.2094545,-19.56534,350.620758,0,1,0,4,4,0
1586,4327,3,8327452,0,0,83,0,102,0,2,1,0,0,79350,50,2.5,1,0,6,3183.52832,12.9803038,0,13.0011044,-14.0366116,0.334106445,12.9181643,-17.6271973,351.239258,0,1,0,9,9,0
1587,4328,2,8327376,0,0,93,0,102,0,2,1,0,0,79400,50,2.5,1,0,6,3155.00391,11.1296406,0,12.6824093,-17.5020065,13.7037354,12.2726698,-19.4338684,350.175446,0,1,0,5,5,0
1587,4329,3,8327452,0,0,81,0,102,0,2,1,0,0,79400,50,2.5,1,0,6,3185.51611,12.7385035,0,13.0032024,-13.8838806,0.864593506,12.9525013,-17.4839573,351.515472,0,1,0,9,9,0
1588,4330,2,8327376,0,0,94,0,102,0,2,1,0,0,79450,50,2.5,1,0,6,3157.95581,11.2363482,0,12.7098246,-17.3527832,11.9162903,12.3340645,-19.3013859,350.003479,0,1,0,5,5,0
1588,4331,3,8327452,0,0,78,0,102,0,2,1,0,0,79450,50,2.5,1,0,6,3187.5769,12.4151316,0,13.0044518,-13.3714638,2.04504395,12.984725,-17.3401279,351.766876,0,1,0,10,10,0
1589,4332,2,8327376,0,0,96,0,102,0,2,1,0,0,79500,50,2.5,1,0,6,3160.77686,11.5244989,0,12.7385092,-17.1864986,13.7401733,12.3935928,-19.1679153,349.861237,0,1,0,5,5,0
1589,4333,3,8327452,0,0,76,0,102,0,2,1,0,0,79500,50,2.5,1,0,6,3189.76294,12.0424147,0,13.0032082,-13.2237091,3.12322998,13.0148602,-17.1957397,352.058838,0,1,0,10,10,0
1590,4334,2,8327376,0,0,98,0,102,0,2,1,0,0,79550,50,2.5,1,0,6,3163.37915,11.8684444,0,12.8142748,-16.6831093,11.8729858,12.4512091,-19.0334797,349.684265,0,1,0,6,6,0
1590,4335,3,8327452,0,0,73,0,102,0,2,1,0,0,79550,50,2.5,1,0,6,3192.04761,11.6169987,0,13.00142,-13.0860043,4.09020996,13.0429392,-17.0508251,352.352661,0,1,0,10,10,0
1591,4336,2,8327376,0,0,97,0,102,0,2,1,0,0,79600,50,2.5,1,0,6,3165.76855,12.2421217,0,12.8352346,-16.5222797,10.0726318,12.5068645,-18.8981037,349.708099,0,1,0,6,6,0
1591,4337,3,8327452,0,0,70,0,102,0,2,1,0,0,79600,50,2.5,1,0,6,3194.47388,11.1654587,0,12.9986372,-12.940361,5.0793457,13.0689964,-16.9054165,352.633148,0,1,0,10,10,0
1592,4338,2,8327376,0,0,97,0,102,0,2,1,0,0,79650,50,2.5,1,0,6,3168.03882,12.6553631,0,12.8533888,-16.3729019,8.48583984,12.5605125,-18.7618122,349.7547,0,1,0,6,6,0
1592,4339,3,8327452,0,0,68,0,102,0,2,1,0,0,79650,50,2.5,1,0,6,3197.03589,10.6826992,0,12.9925051,-12.7881613,6.07192993,13.0930729,-16.7595425,352.867584,0,1,0,10,10,0
1593,4340,2,8327376,0,0,97,0,102,0,2,1,0,0,79700,50,2.5,1,0,6,3170.1416,13.0132074,0,12.9066811,-15.8605413,6.91116333,12.6121149,-18.6246319,349.774445,0,1,0,7,7,0
1593,4341,3,8327452,0,0,66,0,102,0,2,1,0,0,79700,50,2.5,1,0,6,3199.7146,10.1664696,0,12.983428,-12.6456909,6.96325684,13.1152143,-16.6132317,353.065094,0,1,0,10,10,0
1594,4342,2,8327376,0,0,95,0,102,0,2,1,0,0,79750,50,2.5,1,0,6,3172.10962,13.3109465,0,12.9212685,-15.6930752,5.3180542,12.6616364,-18.4865932,349.927582,0,1,0,7,7,0
1594,4343,3,8327452,0,0,63,0,102,0,2,1,0,0,79750,50,2.5,1,0,6,3202.5188,9.65451908,0,12.9958019,-12.858387,7.78173828,13.1354656,-16.4665108,353.381073,0,1,0,9,9,0
1595,4344,2,8327376,0,0,94,0,102,0,2,1,0,0,79800,50,2.5,1,0,6,3174.02417,13.570487,0,12.9331532,-15.5439692,3.96484375,12.7090483,-18.3477249,350.094818,0,1,0,7,7,0
1595,4345,3,8327452,0,0,61,0,102,0,2,1,0,0,79800,50,2.5,1,0,6,3205.46094,9.16286182,0,12.9882793,-12.7156439,8.60580444,13.1538744,-16.3194065,353.568481,0,1,0,9,9,0
1596,4346,2,8327376,0,0,93,0,102,0,2,1,0,0,79850,50,2.5,1,0,6,3175.85693,13.7324867,0,12.9671364,-15.0194845,2.54708862,12.7543287,-18.2080593,350.240784,0,1,0,8,8,0
1596,4347,3,8327452,0,0,60,0,102,0,2,1,0,0,79850,50,2.5,1,0,6,3208.50684,8.66707134,0,12.9776373,-12.5734425,9.394104,13.1704912,-16.1719418,353.714172,0,1,0,9,9,0
1597,4348,2,8327376,0,0,90,0,102,0,2,1,0,0,79900,50,2.5,1,0,6,3177.64551,13.8125381,0,12.9745979,-14.8722601,1.33648682,12.7974634,-18.0676308,350.483459,0,1,0,8,8,0
1597,4349,3,8327452,0,0,59,0,102,0,2,1,0,0,79900,50,2.5,1,0,6,3211.63892,8.1853447,0,12.9632311,-12.4240894,10.1902771,13.1853647,-16.0241413,353.823975,0,1,0,9,9,0
1598,4350,2,8327376,0,0,88,0,102,0,2,1,0,0,79950,50,2.5,1,0,6,3179.47046,13.8356581,0,12.9818764,-14.7085466,0.0440673828,12.8384428,-17.9264717,350.722168,0,1,0,8,8,0
1598,4351,3,8327452,0,0,56,0,102,0,2,1,0,0,79950,50,2.5,1,0,6,3214.84937,7.75266695,0,12.9821157,-12.6284275,9.1618042,13.1985397,-15.8760262,354.105621,0,1,0,8,8,0
1599,4352,2,8327376,0,0,86,0,102,0,2,1,0,0,80000,50,2.5,1,0,6,3181.30591,13.7463846,0,12.9978762,-14.2033806,1.05197144,12.8772678,-17.7846165,350.939178,0,1,0,9,9,0
1599,4353,3,8327452,0,0,55,0,102,0,2,1,0,0,80000,50,2.5,1,0,6,3218.16064,7.37200308,0,12.969656,-12.4866304,9.95336914,13.2100611,-15.7276163,354.210754,0,1,0,8,8,0
1600,4354,2,8327376,0,0,83,0,102,0,2,1,0,0,80050,50,2.5,1,0,6,3183.19019,13.5645103,0,13.0010195,-14.0417747,0.375579834,12.9139452,-17.6420994,351.216949,0,1,0,9,9,0
1600,4355,3,8327452,0,0,55,0,102,0,2,1,0,0,80050,50,2.5,1,0,6,3221.51245,6.99250889,0,12.9553328,-12.3536329,10.6679077,13.2199745,-15.5789318,354.287476,0,1,0,8,8,0
1601,4356,2,8327376,0,0,81,0,102,0,2,1,0,0,80100,50,2.5,1,0,6,3185.16895,13.3209581,0,13.0031147,-13.8917236,0.80456543,12.9484892,-17.4989529,351.491669,0,1,0,9,9,0
1601,4357,3,8327452,0,0,54,0,102,0,2,1,0,0,80100,50,2.5,1,0,6,3224.89478,6.63822317,0,12.9361086,-12.2024632,11.4466553,13.2283201,-15.4299908,354.330109,0,1,0,8,8,0
1602,4358,2,8327376,0,0,79,0,102,0,2,1,0,0,80150,50,2.5,1,0,6,3187.22095,12.9958611,0,13.0045862,-13.3953953,1.86578369,12.9809198,-17.3552132,351.740021,0,1,0,10,10,0
1602,4359,3,8327452,0,0,52,0,102,0,2,1,0,0,80150,50,2.5,1,0,6,3228.31421,6.345716,0,12.9616871,-12.4098234,12.1381531,13.2351332,-15.2808104,354.578369,0,1,0,7,7,0
1603,4360,2,8327376,0,0,76,0,102,0,2,1,0,0,80200,50,2.5,1,0,6,3189.37183,12.6212473,0,13.0034609,-13.2480412,2.94732666,13.0112619,-17.2109127,352.039185,0,1,0,10,10,0
1603,4361,3,8327452,0,0,52,0,102,0,2,1,0,0,80200,50,2.5,1,0,6,3231.76611,6.09248209,0,12.9446096,-12.2663898,12.8225098,13.2404499,-15.1314068,354.620178,0,1,0,7,7,0
1604,4362,2,8327376,0,0,73,0,102,0,2,1,0,0,80250,50,2.5,1,0,6,3191.65332,12.2233286,0,13.0016623,-13.10221,3.9786377,13.0395441,-17.0660839,352.330139,0,1,0,10,10,0
1604,4363,3,8327452,0,0,52,0,102,0,2,1,0,0,80250,50,2.5,1,0,6,3235.2063,5.84260798,0,12.9264317,-12.1340866,13.4258728,13.2443027,-14.9817963,354.643005,0,1,0,7,7,0
1605,4364,2,8327376,0,0,70,0,102,0,2,1,0,0,80300,50,2.5,1,0,6,3194.0625,11.7798777,0,12.9990549,-12.9561338,4.97412109,13.0658026,-16.9207573,352.61026,0,1,0,10,10,0
1605,4365,3,8327452,0,0,52,0,102,0,2,1,0,0,80300,50,2.5,1,0,6,3238.63867,5.62571955,0,12.904542,-11.9925051,14.0481873,13.2467194,-14.831995,354.63736,0,1,0,7,7,0
1606,4366,2,8327376,0,0,68,0,102,0,2,1,0,0,80350,50,2.5,1,0,6,3196.60938,11.2897816,0,12.9936848,-12.8114061,5.92260742,13.0900793,-16.7749634,352.850037,0,1,0,10,10,0
1606,4367,3,8327452,0,0,50,0,102,0,2,1,0,0,80350,50,2.5,1,0,6,3242.04932,5.45235586,0,12.9353714,-12.1970911,14.647522,13.2477207,-14.6820183,354.840942,0,1,0,6,6,0
1607,4368,2,8327376,0,0,66,0,102,0,2,1,0,0,80400,50,2.5,1,0,6,3199.27563,10.7670069,0,12.9851446,-12.6692247,6.81787109,13.1124191,-16.6287308,353.051483,0,1,0,10,10,0
1607,4369,3,8327452,0,0,50,0,102,0,2,1,0,0,80400,50,2.5,1,0,6,3245.46094,5.31374645,0,12.9142237,-12.0531931,15.2289734,13.2473307,-14.5318794,354.828735,0,1,0,6,6,0
1608,4370,2,8327376,0,0,63,0,102,0,2,1,0,0,80450,50,2.5,1,0,6,3202.06885,10.2496786,0,12.9960728,-12.8650427,7.74160767,13.1328669,-16.4820862,353.356964,0,1,0,9,9,0
1608,4371,3,8327452,0,0,50,0,102,0,2,1,0,0,80450,50,2.5,1,0,6,3248.82886,5.16806459,0,12.8892546,-11.9017439,15.8164368,13.2455721,-14.3815928,354.78363,0,1,0,6,6,0
1609,4372,2,8327376,0,0,62,0,102,0,2,1,0,0,80500,50,2.5,1,0,6,3205.00195,9.75361633,0,12.9887934,-12.7237692,8.56005859,13.1514721,-16.3350544,353.545135,0,1,0,9,9,0
1609,4373,3,8327452,0,0,51,0,102,0,2,1,0,0,80500,50,2.5,1,0,6,3252.1626,5.03593922,0,12.8650322,-11.767972,16.3121338,13.2424622,-14.2311726,354.726166,0,1,0,6,6,0
1610,4374,2,8327376,0,0,60,0,102,0,2,1,0,0,80550,50,2.5,1,0,6,3208.01831,9.25440311,0,12.9782581,-12.5807314,9.35430908,13.1682825,-16.1876621,353.700745,0,1,0,9,9,0
1610,4375,3,8327452,0,0,50,0,102,0,2,1,0,0,80550,50,2.5,1,0,6,3256.10791,4.93042183,0,12.9009371,-11.970583,15.6759949,13.2380114,-14.0806026,354.84848,0,1,0,5,5,0
1611,4376,2,8327376,0,0,59,0,102,0,2,1,0,0,80600,50,2.5,1,0,6,3211.146,8.79330254,0,12.9647636,-12.438529,10.1170959,13.1833458,-16.0399303,353.816193,0,1,0,9,9,0
1611,4377,3,8327452,0,0,51,0,102,0,2,1,0,0,80600,50,2.5,1,0,6,3260.00806,4.86129475,0,12.87428,-11.8177891,16.2785645,13.2322302,-13.9298964,354.783386,0,1,0,5,5,0
1612,4378,2,8327376,0,0,57,0,102,0,2,1,0,0,80650,50,2.5,1,0,6,3214.34155,8.36472034,0,12.9838934,-12.6519632,9.02676392,13.1967068,-15.8918829,354.094788,0,1,0,8,8,0
1612,4379,3,8327452,0,0,51,0,102,0,2,1,0,0,80650,50,2.5,1,0,6,3263.81274,4.79697084,0,12.8468065,-11.6736441,16.8223267,13.2251253,-13.7790699,354.702576,0,1,0,5,5,0
1613,4380,2,8327376,0,0,55,0,102,0,2,1,0,0,80700,50,2.5,1,0,6,3217.62061,7.97702837,0,12.9711666,-12.5021791,9.86706543,13.2084093,-15.7435398,354.210999,0,1,0,8,8,0
1613,4381,3,8327452,0,0,76,0,102,0,2,1,0,0,80700,50,2.5,1,0,6,3267.54761,4.75432396,0,11.9801178,-8.35023022,17.3497314,13.2167015,-13.6281376,352.190033,0,1,0,14,14,0
1614,4382,2,8327376,0,0,55,0,102,0,2,1,0,0,80750,50,2.5,1,0,6,3220.96411,7.61271906,0,12.9570856,-12.3687544,10.5873413,13.2184982,-15.5949192,354.289856,0,1,0,8,8,0
1614,4383,3,8327452,0,0,51,0,102,0,2,1,0,0,80750,50,2.5,1,0,6,3271.04761,4.72782373,0,12.7851343,-11.3825779,17.8518066,13.2068958,-13.4771233,354.717072,0,1,0,5,5,0
1615,4384,2,8327376,0,0,54,0,102,0,2,1,0,0,80800,50,2.5,1,0,6,3224.32983,7.25912285,0,12.9394484,-12.2271013,11.3239746,13.2270145,-15.4460411,354.34256,0,1,0,8,8,0
1615,4385,3,8327452,0,0,70,0,102,0,2,1,0,0,80800,50,2.5,1,0,6,3275.06104,5.13667011,0,11.9948215,-8.41508484,18.3135071,13.1956787,-13.3260298,352.848328,0,1,0,13,13,0
1616,4386,2,8327376,0,0,52,0,102,0,2,1,0,0,80850,50,2.5,1,0,6,3227.73584,6.95767498,0,12.9633226,-12.4249506,12.0662842,13.2339935,-15.2969217,354.579254,0,1,0,7,7,0
1616,4387,3,8327452,0,0,66,0,102,0,2,1,0,0,80850,50,2.5,1,0,6,3278.36768,5.22652197,0,12.044529,-8.62530613,18.777832,13.1830206,-13.1748934,353.208282,0,1,0,12,12,0
1617,4388,2,8327376,0,0,52,0,102,0,2,1,0,0,80900,50,2.5,1,0,6,3231.17773,6.69702816,0,12.9477587,-12.2911615,12.704895,13.2394733,-15.1475782,354.628601,0,1,0,7,7,0
1617,4389,3,8327452,0,0,63,0,102,0,2,1,0,0,80900,50,2.5,1,0,6,3281.74292,5.45651531,0,12.0960636,-8.83163929,19.3152771,13.1688747,-13.023736,353.533142,0,1,0,11,11,0
1618,4390,2,8327376,0,0,52,0,102,0,2,1,0,0,80950,50,2.5,1,0,6,3234.60913,6.44204998,0,12.9272842,-12.1399422,13.3998413,13.2434864,-14.9980268,354.643127,0,1,0,7,7,0
1618,4391,3,8327452,0,0,63,0,102,0,2,1,0,0,80950,50,2.5,1,0,6,3284.99683,5.72952795,0,12.0573215,-8.67749882,20.8313599,13.1532154,-12.8725786,353.848999,0,1,0,11,11,0
1619,4392,2,8327376,0,0,52,0,102,0,2,1,0,0,81000,50,2.5,1,0,6,3238.03491,6.22100449,0,12.9054279,-11.9979458,14.0247498,13.2460604,-14.8482828,354.638,0,1,0,7,7,0
1619,4393,3,8327452,0,0,62,0,102,0,2,1,0,0,81000,50,2.5,1,0,6,3288.10596,5.87246561,0,12.107975,-8.87799072,21.5690918,13.1360264,-12.7214441,354.116028,0,1,0,10,10,0
1620,4394,2,8327376,0,0,50,0,102,0,2,1,0,0,81050,50,2.5,1,0,6,3241.44019,6.04424095,0,12.9363413,-12.2041588,14.6194458,13.2472191,-14.6983624,354.844757,0,1,0,6,6,0
1620,4395,3,8327452,0,0,64,0,102,0,2,1,0,0,81050,50,2.5,1,0,6,3291.13208,5.96798134,0,12.1625614,-9.08527946,23.0348206,13.1172981,-12.5703526,354.362732,0,1,0,9,9,0
1621,4396,2,8327376,0,0,50,0,102,0,2,1,0,0,81100,50,2.5,1,0,6,3244.84741,5.90279579,0,12.9154787,-12.0612717,15.197937,13.2469845,-14.5482788,354.834412,0,1,0,6,6,0
1621,4397,3,8327452,0,0,65,0,102,0,2,1,0,0,81100,50,2.5,1,0,6,3294.00879,6.02800846,0,12.2180243,-9.28908634,24.4372253,13.0970201,-12.4193268,354.609039,0,1,0,8,8,0
1622,4398,2,8327376,0,0,50,0,102,0,2,1,0,0,81150,50,2.5,1,0,6,3248.21191,5.7550478,0,12.8920145,-11.9177284,15.7565613,13.2453804,-14.3980455,354.796143,0,1,0,6,6,0
1622,4399,3,8327452,0,0,66,0,102,0,2,1,0,0,81150,50,2.5,1,0,6,3296.77881,6.10867119,0,12.3755465,-9.84708214,25.7390442,13.0751772,-12.2683897,354.79834,0,1,0,6,6,0
1623,4400,2,8327376,0,0,51,0,102,0,2,1,0,0,81200,50,2.5,1,0,6,3251.54297,5.62161684,0,12.8679361,-11.7834644,16.2554626,13.242425,-14.2476778,354.740662,0,1,0,6,6,0
1623,4401,3,8327452,0,0,66,0,102,0,2,1,0,0,81200,50,2.5,1,0,6,3299.42871,6.21343517,0,12.3344755,-9.70328712,26.9061584,13.051753,-12.1175671,354.998535,0,1,0,6,6,0
1624,4402,2,8327376,0,0,50,0,102,0,2,1,0,0,81250,50,2.5,1,0,6,3255.48682,5.51458597,0,12.9021902,-11.9781666,15.6455383,13.2381277,-14.0971584,354.860474,0,1,0,5,5,0
1624,4403,3,8327452,0,0,66,0,102,0,2,1,0,0,81250,50,2.5,1,0,6,3301.98242,6.32974005,0,12.2889585,-9.54293823,28.1090698,13.0267334,-11.9668818,355.246643,0,1,0,6,6,0
1625,4404,2,8327376,0,0,50,0,102,0,2,1,0,0,81300,50,2.5,1,0,6,3259.38623,5.44501638,0,12.8771076,-11.833313,16.2194214,13.2324991,-13.9465017,354.799957,0,1,0,5,5,0
1625,4405,3,8327452,0,0,64,0,102,0,2,1,0,0,81300,50,2.5,1,0,6,3304.43652,6.43678522,0,12.2483883,-9.39850044,29.10495,13.0001049,-11.8163576,355.534943,0,1,0,6,6,0
1626,4406,2,8327376,0,0,51,0,102,0,2,1,0,0,81350,50,2.5,1,0,6,3263.2085,5.38062811,0,12.8497562,-11.6886005,16.7677307,13.2255497,-13.795723,354.711975,0,1,0,5,5,0
1626,4407,3,8327452,0,0,61,0,102,0,2,1,0,0,81350,50,2.5,1,0,6,3306.84839,6.5250802,0,12.2063913,-9.24680233,30.061554,12.9718637,-11.6660147,355.858521,0,1,0,6,6,0
1627,4408,2,8327376,0,0,76,0,102,0,2,1,0,0,81400,50,2.5,1,0,6,3266.94189,5.32177973,0,11.9839172,-8.36712551,17.2921143,13.2172852,-13.6448364,352.157562,0,1,0,14,14,0
1627,4409,3,8327452,0,0,58,0,102,0,2,1,0,0,81400,50,2.5,1,0,6,3309.24341,6.55586052,0,12.164691,-9.0932169,30.9367065,12.9420147,-11.5158701,356.2099,0,1,0,6,6,0
1628,4410,2,8327376,0,0,51,0,102,0,2,1,0,0,81450,50,2.5,1,0,6,3270.44922,5.29067564,0,12.7907953,-11.4078693,17.7664185,13.2076426,-13.493866,354.736511,0,1,0,5,5,0
1628,4411,3,8327452,0,0,61,0,102,0,2,1,0,0,81450,50,2.5,1,0,6,3311.63843,6.49847603,0,12.2184286,-9.290555,31.7581787,12.9105759,-11.3659363,356.109131,0,1,0,5,5,0
1629,4412,2,8327376,0,0,70,0,102,0,2,1,0,0,81500,50,2.5,1,0,6,3274.46802,5.70357275,0,11.9987459,-8.43216801,18.2619629,13.1965904,-13.3428144,352.815979,0,1,0,13,13,0
1629,4413,3,8327452,0,0,55,0,102,0,2,1,0,0,81500,50,2.5,1,0,6,3313.91968,6.35967731,0,12.1763954,-9.13667297,32.0259399,12.8775625,-11.2162304,356.502686,0,1,0,5,5,0
1630,4414,2,8327376,0,0,67,0,102,0,2,1,0,0,81550,50,2.5,1,0,6,3277.77954,5.79645777,0,12.0486374,-8.64214325,18.7287598,13.1841002,-13.1917181,353.179688,0,1,0,12,12,0
1630,4415,3,8327452,0,0,50,0,102,0,2,1,0,0,81550,50,2.5,1,0,6,3316.3252,6.27694941,0,12.1358624,-8.98486137,32.6989746,12.8429937,-11.066762,356.900024,0,1,0,5,5,0
1631,4416,2,8327376,0,0,63,0,102,0,2,1,0,0,81600,50,2.5,1,0,6,3281.13477,6.02855921,0,12.0095768,-8.47885609,19.2499084,13.1701212,-13.0406008,353.559326,0,1,0,12,12,0
1631,4417,3,8327452,0,0,44,0,102,0,2,1,0,0,81600,50,2.5,1,0,6,3318.7771,6.11329031,0,12.0956526,-8.83003139,33.2945557,12.8069077,-10.9175329,357.322784,0,1,0,5,5,0
1632,4418,2,8327376,0,0,62,0,102,0,2,1,0,0,81650,50,2.5,1,0,6,3284.39404,6.32280636,0,12.0618,-8.69560432,20.6511841,13.1546259,-12.8894825,353.829651,0,1,0,11,11,0
1632,4419,3,8327452,0,0,38,0,102,0,2,1,0,0,81650,50,2.5,1,0,6,3321.3335,5.82642937,0,12.0591211,-8.68478298,33.7738647,12.7693615,-10.7685394,357.73645,0,1,0,5,5,0
1633,4420,2,8327376,0,0,62,0,102,0,2,1,0,0,81700,50,2.5,1,0,6,3287.52222,6.47317028,0,12.112277,-8.8946209,21.4031982,13.1376019,-12.7383842,354.091187,0,1,0,10,10,0
1633,4421,3,8327452,0,0,30,0,102,0,2,1,0,0,81700,50,2.5,1,0,6,3324.00879,5.43894291,0,12.0193834,-8.52056122,34.2232666,12.7304287,-10.6197701,358.208435,0,1,0,5,5,0
1634,4422,2,8327376,0,0,60,0,102,0,2,1,0,0,81750,50,2.5,1,0,6,3290.54321,6.545959,0,12.5641651,-10.5131826,22.8783569,13.1190405,-12.587326,354.642212,0,1,0,5,5,0
1634,4423,3,8327452,0,0,23,0,102,0,2,1,0,0,81750,50,2.5,1,0,6,3326.84814,4.97752857,0,11.9840631,-8.3677721,34.5562134,12.6902018,-10.4712048,358.649841,0,1,0,5,5,0
1635,4424,2,8327376,0,0,65,0,102,0,2,1,0,0,81800,50,2.5,1,0,6,3293.51904,6.59806538,0,12.2248154,-9.31367683,24.2194519,13.0989399,-12.436327,354.553894,0,1,0,8,8,0
1635,4425,3,8327452,0,0,0,0,102,0,2,1,0,0,81800,50,2.5,1,0,6,3329.83398,4.44360638,0,11.9496841,-8.2112093,34.8138428,12.6487913,-10.3228149,359.108154,0,1,0,5,5,0
1636,4426,2,8327376,0,0,66,0,102,0,2,1,0,0,81850,50,2.5,1,0,6,3296.28613,6.60148001,0,12.3822584,-9.87053871,25.5419922,13.0772905,-12.2854109,354.756775,0,1,0,6,6,0
1636,4427,3,8327452,0,0,18,0,102,0,2,1,0,0,81850,50,2.5,1,0,6,3333.15625,3.88174605,0,11.9987612,-8.43223858,34.9783936,12.6063671,-10.1745472,358.920898,0,1,0,4,4,0
1637,4428,2,8327376,0,0,66,0,102,0,2,1,0,0,81900,50,2.5,1,0,6,3298.96948,6.68483019,0,12.3389778,-9.71908379,26.7826843,13.0540743,-12.1346035,354.952728,0,1,0,6,6,0
1637,4429,3,8327452,0,0,0,0,102,0,2,1,0,0,81900,50,2.5,1,0,6,3336.34473,4.48600483,0,11.9616251,-8.26659012,35.0801392,12.5627384,-10.0264845,359.460052,0,1,0,4,4,0
1638,4430,2,8327376,0,0,66,0,102,0,2,1,0,0,81950,50,2.5,1,0,6,3301.55029,6.81808376,0,12.2938204,-9.5601368,27.9859314,13.029273,-11.9839287,355.194763,0,1,0,6,6,0
1638,4431,3,8327452,0,0,0,0,102,0,2,1,0,0,81950,50,2.5,1,0,6,3339.36841,4.10211802,0,11.9288349,-8.11159611,35.094574,12.5180655,-9.87857914,360,0.520370483,1,0,4,4,0
1639,4432,2,8327376,0,0,65,0,102,0,2,1,0,0,82000,50,2.5,1,0,6,3304.02637,6.93873549,0,12.2507591,-9.40699577,29.0496826,13.0028725,-11.8334103,355.482727,0,1,0,6,6,0
1639,4433,3,8327452,0,0,4,0,102,0,2,1,0,0,82000,50,2.5,1,0,6,3342.45068,4.45654726,0,11.8996868,-7.96496201,34.9786682,12.4722242,-9.73089027,360,1.6005249,1,0,4,4,0
1640,4434,2,8327376,0,0,62,0,102,0,2,1,0,0,82050,50,2.5,1,0,6,3306.4314,7.03866529,0,12.2109985,-9.26358032,29.9604492,12.974864,-11.6830702,355.803772,0,1,0,6,6,0
1640,4435,3,8327452,0,39,0,0,102,0,2,1,0,0,82050,50,2.5,1,0,6,3345.23755,4.99259329,0,11.8706436,-7.80801821,34.9110718,12.4251328,-9.58346462,360,2.25801086,1,0,4,4,0
1641,4436,2,8327376,0,0,58,0,102,0,2,1,0,0,82100,50,2.5,1,0,6,3308.81787,7.10054731,0,12.1668348,-9.1011982,30.894104,12.9452486,-11.5329256,356.167328,0,1,0,6,6,0
1641,4437,3,8327452,0,45,0,0,102,0,2,1,0,0,82100,50,2.5,1,0,6,3347.90918,4.17107487,0,11.8438482,-7.6503706,34.7653809,12.3770885,-9.436203,360,2.60441589,1,0,4,4,0
1642,4438,2,8327376,0,0,62,0,102,0,2,1,0,0,82150,50,2.5,1,0,6,3311.21753,7.07786417,0,12.2230301,-9.30721855,31.6763916,12.9140415,-11.3829899,356.059265,0,1,0,5,5,0
1642,4439,3,8327452,0,52,0,0,102,0,2,1,0,0,82150,50,2.5,1,0,6,3350.78271,2.76956749,0,11.8182297,-7.48351479,34.5275269,12.3284845,-9.28896618,360,3.0188446,1,0,4,4,0
1643,4440,2,8327376,0,0,56,0,102,0,2,1,0,0,82200,50,2.5,1,0,6,3313.46899,6.94582939,0,12.1808643,-9.15318775,31.9472961,12.8812561,-11.2332821,356.454712,0,1,0,5,5,0
1643,4441,3,8327452,0,30,0,0,102,0,2,1,0,0,82200,50,2.5,1,0,6,3353.94287,1.8352474,0,11.8534927,-7.7087903,34.2431641,12.2796669,-9.14163685,360,1.73954773,1,0,3,3,0
1644,4442,2,8327376,0,0,51,0,102,0,2,1,0,0,82250,50,2.5,1,0,6,3315.84912,6.88044024,0,12.1402788,-9.00159264,32.6282349,12.8469086,-11.0838118,356.85321,0,1,0,5,5,0
1644,4443,3,8327452,0,41,0,0,102,0,2,1,0,0,82250,50,2.5,1,0,6,3357.31421,1.49972916,0,11.8271856,-7.54402876,33.8461304,12.2308817,-8.99412918,360,2.46051025,1,0,3,3,0
1645,4444,2,8327376,0,0,45,0,102,0,2,1,0,0,82300,50,2.5,1,0,6,3318.26953,6.73873377,0,12.1020336,-8.8549242,33.2032471,12.8110342,-10.9345837,357.260315,0,1,0,5,5,0
1645,4445,3,8327452,0,52,0,0,102,0,2,1,0,0,82300,50,2.5,1,0,6,3360.59033,1.48462737,0,11.8045044,-7.38512993,33.3908386,12.1822901,-8.84639835,360,3.13038635,1,0,3,3,0
1646,4446,2,8327376,0,0,38,0,102,0,2,1,0,0,82350,50,2.5,1,0,6,3320.79126,6.46754599,0,12.0610847,-8.69271374,33.7493286,12.7736864,-10.785594,357.712311,0,1,0,5,5,0
1646,4447,3,8327452,0,62,0,0,102,0,2,1,0,0,82350,50,2.5,1,0,6,3363.69312,1.63069761,0,11.7856798,-7.23557234,32.8946533,12.1340742,-8.69839573,360,3.73306274,1,0,3,3,0
1647,4448,2,8327376,0,0,31,0,102,0,2,1,0,0,82400,50,2.5,1,0,6,3323.44702,6.09064484,0,12.0240288,-8.54014206,34.1749573,12.7349396,-10.6368313,358.148438,0,1,0,5,5,0
1647,4449,3,8327452,0,71,0,0,102,0,2,1,0,0,82400,50,2.5,1,0,6,3366.59424,1.92993343,0,11.7683659,-7.07560825,32.2930298,12.0864286,-8.55007172,360,4.36444092,1,0,3,3,0
1648,4450,2,8327376,0,0,24,0,102,0,2,1,0,0,82450,50,2.5,1,0,6,3326.2478,5.61593294,0,11.9876671,-8.38370132,34.5249023,12.6948843,-10.4882755,358.600098,0,1,0,5,5,0
1648,4451,3,8327452,0,53,0,0,102,0,2,1,0,0,82450,50,2.5,1,0,6,3369.24292,2.41058445,0,11.7921476,-7.28924513,31.5759888,12.0395527,-8.40137959,360,3.31773376,1,0,2,2,0
1649,4452,2,8327376,0,0,0,0,102,0,2,1,0,0,82500,50,2.5,1,0,6,3329.20435,5.07763243,0,11.953351,-8.22833633,34.7901001,12.6536312,-10.3399,359.056,0,1,0,5,5,0
1649,4453,3,8327452,0,66,0,0,102,0,2,1,0,0,82500,50,2.5,1,0,6,3371.8064,3.08322835,0,11.7749853,-7.1400795,30.8692627,11.9936037,-8.25228405,360,4.23295593,1,0,2,2,0
1650,4454,2,8327376,0,0,19,0,102,0,2,1,0,0,82550,50,2.5,1,0,6,3332.50854,4.51561069,0,12.0005264,-8.43988609,34.9724731,12.6113482,-10.1916513,358.904175,0,1,0,4,4,0
1650,4455,3,8327452,0,79,0,0,102,0,2,1,0,0,82550,50,2.5,1,0,6,3373.86865,3.51485753,0,11.759553,-6.98113871,30.4261475,11.9486752,-8.1027813,360,5.15240479,1,0,2,2,0
1651,4456,2,8327376,0,0,0,0,102,0,2,1,0,0,82600,50,2.5,1,0,6,3335.67065,5.12691593,0,11.9655695,-8.28463459,35.0753784,12.5678453,-10.0436125,359.407501,0,1,0,4,4,0
1651,4457,3,8327452,0,71,0,0,102,0,2,1,0,0,82600,50,2.5,1,0,6,3375.56201,4.03262329,0,11.7813969,-7.19844246,30.3581848,11.9049063,-7.95285988,360,4.67095947,1,0,1,1,0
1652,4458,2,8327376,0,0,0,0,102,0,2,1,0,0,82650,50,2.5,1,0,6,3338.67456,4.73990393,0,11.9343929,-8.13854313,35.0958252,12.5232821,-9.89573574,360,0.429412842,1,0,4,4,0
1652,4459,3,8327452,0,87,0,0,102,0,2,1,0,0,82650,50,2.5,1,0,6,3377.1167,4.8319993,0,11.7657509,-7.04874849,28.7898865,11.8624363,-7.80250072,360,5.98101807,1,0,1,1,0
1653,4460,2,8327376,0,0,4,0,102,0,2,1,0,0,82700,50,2.5,1,0,6,3341.73584,5.09819412,0,11.9031372,-7.98282909,34.9813232,12.4775352,-9.7480793,360,1.53829956,1,0,4,4,0
1653,4461,3,8327452,0,102,0,0,102,0,2,1,0,0,82700,50,2.5,1,0,6,3378.22729,5.48580647,0,11.7521877,-6.89151573,27.8504639,11.8213768,-7.65170288,360,7.25909424,1,0,1,1,0
1654,4462,2,8327376,0,38,0,0,102,0,2,1,0,0,82750,50,2.5,1,0,6,3344.50098,5.63349199,0,11.8723278,-7.81746864,34.9185791,12.4305258,-9.60069084,360,2.21940613,1,0,4,4,0
1654,4463,3,8327452,0,120,0,0,102,0,2,1,0,0,82750,50,2.5,1,0,6,3378.83203,6.38224459,0,11.7291651,-6.33049726,26.7772827,11.7818851,-7.50046778,360,8.90518188,1,0,2,2,0
1655,4464,2,8327376,0,44,0,0,102,0,2,1,0,0,82800,50,2.5,1,0,6,3347.15625,4.78614092,0,11.8466854,-7.66777134,34.7861328,12.3825483,-9.45347118,360,2.53431702,1,0,4,4,0
1655,4465,3,8327452,0,128,0,0,102,0,2,1,0,0,82800,50,2.5,1,0,6,3378.84351,7.73856783,0,11.7302198,-6.17082453,26.229248,11.7441597,-7.34879541,360,9.66091919,1,0,2,2,0
1656,4466,2,8327376,0,51,0,0,102,0,2,1,0,0,82850,50,2.5,1,0,6,3350.02271,3.36367226,0,11.8207693,-7.50093365,34.5574036,12.3339949,-9.30628204,360,2.94845581,1,0,4,4,0
1656,4467,3,8327452,0,136,0,0,102,0,2,1,0,0,82850,50,2.5,1,0,6,3378.31299,9.69333172,0,11.7344475,-6.01983976,25.9274902,11.7084208,-7.19668818,360,10.3830872,1,0,2,2,0
1657,4468,2,8327376,0,29,0,0,102,0,2,1,0,0,82900,50,2.5,1,0,6,3353.18188,2.40910196,0,11.8554802,-7.72059011,34.2677307,12.2852097,-9.15900517,360,1.69720459,1,0,3,3,0
1657,4469,3,8327452,0,148,0,0,102,0,2,1,0,0,82900,50,2.5,1,0,6,3377.18652,12.0149364,0,11.7774038,-5.44889832,25.5330811,11.6748781,-7.04415703,360,11.4944763,1,0,3,3,0
1658,4470,2,8327376,0,40,0,0,102,0,2,1,0,0,82950,50,2.5,1,0,6,3356.55664,2.05141664,0,11.8298798,-7.56173277,33.8923035,12.2364378,-9.01155663,360,2.38935852,1,0,3,3,0
1658,4471,3,8327452,0,149,0,0,102,0,2,1,0,0,82950,50,2.5,1,0,6,3375.34009,14.6156998,0,11.7969112,-5.27479219,25.0383911,11.6437387,-6.89122772,360,11.8168335,1,0,3,3,0
1659,4472,2,8327376,0,51,0,0,102,0,2,1,0,0,83000,50,2.5,1,0,6,3359.84473,2.02207065,0,11.8070631,-7.40405798,33.4492798,12.1878386,-8.8638916,360,3.05284119,1,0,3,3,0
1659,4473,3,8327452,0,149,0,0,102,0,2,1,0,0,83000,50,2.5,1,0,6,3372.82129,17.680624,0,11.8164673,-5.11910391,24.5325623,11.6152077,-6.73793793,360,12.0675049,1,0,3,3,0
1660,4474,2,8327376,0,61,0,0,102,0,2,1,0,0,83050,50,2.5,1,0,6,3362.96289,2.15462255,0,11.786664,-7.24391508,32.9237061,12.1395941,-8.7159605,360,3.70233154,1,0,3,3,0
1660,4475,3,8327452,0,149,0,0,102,0,2,1,0,0,83050,50,2.5,1,0,6,3369.58887,20.7860985,0,11.9075184,-4.52584267,23.9433899,11.5894566,-6.5843358,360,12.3411865,1,0,4,4,0
1661,4476,2,8327376,0,70,0,0,102,0,2,1,0,0,83100,50,2.5,1,0,6,3365.88477,2.43765068,0,11.7701712,-7.09367609,32.3633728,12.091898,-8.56771278,360,4.2897644,1,0,3,3,0
1661,4477,3,8327452,0,144,0,0,102,0,2,1,0,0,83100,50,2.5,1,0,6,3365.66016,23.6882439,0,11.9399176,-4.34538889,23.2350464,11.5666304,-6.43048048,360,12.2849731,1,0,4,4,0
1662,4478,2,8327376,0,51,0,0,102,0,2,1,0,0,83150,50,2.5,1,0,6,3368.55981,2.90059805,0,11.7957249,-7.31783104,31.7034607,12.0449505,-8.41910267,360,3.18200684,1,0,2,2,0
1662,4479,3,8327452,0,139,0,0,102,0,2,1,0,0,83150,50,2.5,1,0,6,3361.36279,26.3509922,0,12.0634708,-3.73568034,22.5244751,11.5468559,-6.27642775,360,12.2535095,1,0,5,5,0
1663,4480,2,8327376,0,65,0,0,102,0,2,1,0,0,83200,50,2.5,1,0,6,3371.15967,3.55403876,0,11.776968,-7.15850592,30.9584351,11.9989061,-8.27009392,360,4.15542603,1,0,2,2,0
1663,4481,3,8327452,0,131,0,0,102,0,2,1,0,0,83200,50,2.5,1,0,6,3357.21118,28.4731426,0,12.1015091,-3.56538916,21.7489319,11.5302219,-6.12221575,360,12.0303955,1,0,5,5,0
1664,4482,2,8327376,0,78,0,0,102,0,2,1,0,0,83250,50,2.5,1,0,6,3373.25757,3.95945907,0,11.7611103,-6.99870491,30.4269409,11.9538546,-8.12068367,360,5.07797241,1,0,2,2,0
1664,4483,3,8327452,0,125,0,0,102,0,2,1,0,0,83250,50,2.5,1,0,6,3352.83911,29.9585762,0,12.2493029,-2.95343542,20.9849243,11.5167885,-5.96790886,360,11.8449402,1,0,6,6,0
1665,4484,2,8327376,0,70,0,0,102,0,2,1,0,0,83300,50,2.5,1,0,6,3374.99561,4.46075773,0,11.7833462,-7.21550894,30.3693542,11.9099369,-7.97085857,360,4.56661987,1,0,1,1,0
1665,4485,3,8327452,0,116,0,0,102,0,2,1,0,0,83300,50,2.5,1,0,6,3348.3374,30.6885643,0,12.2958174,-2.77332973,20.0702209,11.5065804,-5.81357002,360,11.5481262,1,0,6,6,0
1666,4486,2,8327376,0,86,0,0,102,0,2,1,0,0,83350,50,2.5,1,0,6,3376.59717,5.24478483,0,11.7666836,-7.05843019,28.8467407,11.8672924,-7.82059956,360,5.89205933,1,0,1,1,0
1666,4487,3,8327452,0,113,0,0,102,0,2,1,0,0,83350,50,2.5,1,0,6,3343.9873,30.7870636,0,12.4678001,-2.14376068,19.4933777,11.4995995,-5.6592555,360,11.2882385,1,0,7,7,0
1667,4488,2,8327376,0,101,0,0,102,0,2,1,0,0,83400,50,2.5,1,0,6,3377.75977,5.887887,0,11.7537069,-6.9110074,27.9721375,11.8260317,-7.66990423,360,7.14620972,1,0,1,1,0
1667,4489,3,8327452,0,110,0,0,102,0,2,1,0,0,83400,50,2.5,1,0,6,3340.30542,30.2017345,0,12.6508379,-1.51960945,19.0437622,11.49582,-5.50499296,360,10.9777832,1,0,8,8,0
1668,4490,2,8327376,0,120,0,0,102,0,2,1,0,0,83450,50,2.5,1,0,6,3378.4209,6.7693243,0,11.7293434,-6.35939121,26.9633179,11.786314,-7.51877308,360,8.81204224,1,0,2,2,0
1668,4491,3,8327452,0,105,0,0,102,0,2,1,0,0,83450,50,2.5,1,0,6,3336.92847,29.2699528,0,12.7022896,-1.3504858,18.5703735,11.4952021,-5.35083342,360,10.5603943,1,0,8,8,0
1669,4492,2,8327376,0,127,0,0,102,0,2,1,0,0,83500,50,2.5,1,0,6,3378.48047,8.1037159,0,11.729908,-6.19001913,26.263092,11.7483397,-7.36720514,360,9.581604,1,0,2,2,0
1669,4493,3,8327452,0,101,0,0,102,0,2,1,0,0,83500,50,2.5,1,0,6,3333.92651,28.2220116,0,12.900713,-0.717961609,18.1161499,11.4976997,-5.19682264,360,10.1633911,1,0,9,9,0
1670,4494,2,8327376,0,135,0,0,102,0,2,1,0,0,83550,50,2.5,1,0,6,3378.01782,10.0606012,0,11.7337313,-6.03911734,25.9697571,11.7123318,-7.21520042,360,10.3076172,1,0,2,2,0
1670,4495,3,8327452,0,97,0,0,102,0,2,1,0,0,83550,50,2.5,1,0,6,3330.74658,26.9834518,0,12.9575472,-0.541576326,17.6322327,11.5032482,-5.0430274,360,9.71237183,1,0,9,9,0
1671,4496,2,8327376,0,148,0,0,102,0,2,1,0,0,83600,50,2.5,1,0,6,3376.95557,12.3591938,0,11.7752342,-5.46981478,25.5869751,11.6785002,-7.06276941,360,11.450531,1,0,3,3,0
1671,4497,3,8327452,0,92,0,0,102,0,2,1,0,0,83600,50,2.5,1,0,6,3328.01855,25.6154671,0,13.1608839,0.0762304068,17.2174072,11.5117826,-4.8894825,360,9.25558472,1,0,10,10,0
1672,4498,2,8327376,0,149,0,0,102,0,2,1,0,0,83650,50,2.5,1,0,6,3375.16382,14.9230652,0,11.7943726,-5.29622984,25.1023865,11.6470518,-6.90993595,360,11.7778015,1,0,3,3,0
1672,4499,3,8327452,0,87,0,0,102,0,2,1,0,0,83650,50,2.5,1,0,6,3325.74731,24.1611004,0,13.3722057,0.701861918,16.7720032,11.5232286,-4.73621941,360,8.78692627,1,0,11,11,0
1673,4500,2,8327376,0,149,0,0,102,0,2,1,0,0,83700,50,2.5,1,0,6,3372.7063,17.991724,0,11.8138933,-5.13875294,24.6009521,11.6181955,-6.75673723,360,12.0346375,1,0,3,3,0
1673,4501,3,8327452,0,82,0,0,102,0,2,1,0,0,83700,50,2.5,1,0,6,3324.0918,22.601984,0,13.8961353,2.21906924,16.3329773,11.5375023,-4.58325577,360,8.30380249,1,0,14,14,0
1674,4502,2,8327376,0,149,0,0,102,0,2,1,0,0,83750,50,2.5,1,0,6,3369.5293,21.1162834,0,11.9061804,-4.53354502,23.9719238,11.5921059,-6.60321999,360,12.343689,1,0,4,4,0
1674,4503,3,8327452,0,77,0,0,102,0,2,1,0,0,83750,50,2.5,1,0,6,3322.6228,20.9660568,0,13.9484138,2.37008572,15.894989,11.5545073,-4.43062449,360,7.79171753,1,0,14,14,0
1675,4504,2,8327376,0,145,0,0,102,0,2,1,0,0,83800,50,2.5,1,0,6,3365.64868,24.0400982,0,11.9343548,-4.37558508,23.3566895,11.5689297,-6.44944286,360,12.2849121,1,0,4,4,0
1675,4505,3,8327452,0,72,0,0,102,0,2,1,0,0,83800,50,2.5,1,0,6,3321.64331,19.2936211,0,14.0035114,2.52955365,15.4241943,11.5741444,-4.27833843,360,7.30450439,1,0,14,14,0
1676,4506,2,8327376,0,140,0,0,102,0,2,1,0,0,83850,50,2.5,1,0,6,3361.37036,26.7240334,0,12.056962,-3.76549006,22.6537476,11.5487957,-6.29546118,360,12.2640381,1,0,5,5,0
1676,4507,3,8327452,0,68,0,0,102,0,2,1,0,0,83850,50,2.5,1,0,6,3321.04028,17.6092148,0,13.9018745,2.23563528,14.986145,11.5963087,-4.12641096,360,6.8999939,1,0,13,13,0
1677,4508,2,8327376,0,132,0,0,102,0,2,1,0,0,83900,50,2.5,1,0,6,3357.23535,28.9252052,0,12.0965872,-3.58706212,21.8521423,11.5317965,-6.14131355,360,12.0403442,1,0,5,5,0
1677,4509,3,8327452,0,64,0,0,102,0,2,1,0,0,83900,50,2.5,1,0,6,3320.66382,15.9396791,0,13.9531097,2.38366556,14.5410767,11.6208839,-3.97485495,360,6.47412109,1,0,13,13,0
1678,4510,2,8327376,0,125,0,0,102,0,2,1,0,0,83950,50,2.5,1,0,6,3352.85645,30.5060844,0,12.2438917,-2.97472215,21.0901184,11.5179968,-5.98706436,360,11.8616638,1,0,6,6,0
1678,4511,3,8327452,0,60,0,0,102,0,2,1,0,0,83950,50,2.5,1,0,6,3320.9939,14.3592072,0,14.0034332,2.52932882,14.0982971,11.6477633,-3.8236587,360,6.06692505,1,0,13,13,0
1679,4512,2,8327376,0,117,0,0,102,0,2,1,0,0,84000,50,2.5,1,0,6,3348.34863,31.3230343,0,12.2899952,-2.79560351,20.1845703,11.5074244,-5.83277702,360,11.5701294,1,0,6,6,0
1679,4513,3,8327452,0,54,0,0,102,0,2,1,0,0,84000,50,2.5,1,0,6,3321.74585,12.8671265,0,14.3481865,3.53111625,13.6438293,11.6768341,-3.67281699,360,5.49645996,1,0,15,15,0
1680,4514,2,8327376,0,113,0,0,102,0,2,1,0,0,84050,50,2.5,1,0,6,3343.94629,31.4387875,0,12.4590483,-2.17464471,19.5813293,11.500082,-5.6785078,360,11.3123169,1,0,7,7,0
1680,4515,3,8327452,0,51,0,0,102,0,2,1,0,0,84050,50,2.5,1,0,6,3322.81543,11.4791498,0,14.3947859,3.65880919,13.2227783,11.7079821,-3.52232528,360,5.14953613,1,0,15,15,0
1681,4516,2,8327376,0,110,0,0,102,0,2,1,0,0,84100,50,2.5,1,0,6,3339.81567,30.9011574,0,12.6443071,-1.54125309,19.1044922,11.4959383,-5.52430534,360,11.0131836,1,0,8,8,0
1681,4517,3,8327452,0,48,0,0,102,0,2,1,0,0,84100,50,2.5,1,0,6,3324.41284,10.1315155,0,14.4496346,3.805053,12.7262878,11.7410889,-3.37216115,360,4.82641602,1,0,15,15,0
1682,4518,2,8327376,0,106,0,0,102,0,2,1,0,0,84150,50,2.5,1,0,6,3336.39844,30.0048027,0,12.6991043,-1.36088753,18.5995178,11.4949627,-5.3701992,360,10.6003723,1,0,8,8,0
1682,4519,3,8327452,0,45,0,0,102,0,2,1,0,0,84150,50,2.5,1,0,6,3326.72412,8.90111637,0,14.4978571,3.93037701,12.2945557,11.776041,-3.22229242,360,4.52761841,1,0,15,15,0
1683,4520,2,8327376,0,102,0,0,102,0,2,1,0,0,84200,50,2.5,1,0,6,3333.34106,28.9308567,0,12.8937664,-0.739650369,18.1752625,11.4971075,-5.21623707,360,10.2019653,1,0,9,9,0
1683,4521,3,8327452,0,42,0,0,102,0,2,1,0,0,84200,50,2.5,1,0,6,3329.31665,7.82524586,0,14.5497513,4.06219101,11.8274231,11.8127289,-3.07270336,360,4.253479,1,0,15,15,0
1684,4522,2,8327376,0,97,0,0,102,0,2,1,0,0,84250,50,2.5,1,0,6,3330.11597,27.7198009,0,12.9464674,-0.575819969,17.7252197,11.5023127,-5.06248617,360,9.74459839,1,0,9,9,0
1684,4523,3,8327452,0,40,0,0,102,0,2,1,0,0,84250,50,2.5,1,0,6,3332.14795,6.87802505,0,14.6033306,4.19528151,11.3438416,11.8510475,-2.92337751,360,4.00476074,1,0,15,15,0
1685,4524,2,8327376,0,92,0,0,102,0,2,1,0,0,84300,50,2.5,1,0,6,3327.31909,26.3942585,0,13.1576309,0.0664865971,17.2434692,11.5105133,-4.90898323,360,9.29519653,1,0,10,10,0
1685,4525,3,8327452,0,37,0,0,102,0,2,1,0,0,84300,50,2.5,1,0,6,3335.61572,6.04116583,0,14.6583033,4.32898235,10.8455505,11.8909016,-2.77427816,360,3.77264404,1,0,15,15,0
1686,4526,2,8327376,0,88,0,0,102,0,2,1,0,0,84350,50,2.5,1,0,6,3324.99585,24.9225426,0,13.3646193,0.679616809,16.8329163,11.521636,-4.75575829,360,8.83203125,1,0,11,11,0
1686,4527,3,8327452,0,35,0,0,102,0,2,1,0,0,84350,50,2.5,1,0,6,3339.53564,5.3223629,0,14.5443439,4.04859352,10.353241,11.9322042,-2.62537694,360,3.51077271,1,0,14,14,0
1687,4528,2,8327376,0,83,0,0,102,0,2,1,0,0,84400,50,2.5,1,0,6,3323.27832,23.3252087,0,13.7372789,1.76094866,16.3623962,11.5355959,-4.60282946,360,8.34765625,1,0,13,13,0
1687,4529,3,8327452,0,33,0,0,102,0,2,1,0,0,84400,50,2.5,1,0,6,3343.55615,4.68667555,0,14.5980482,4.1822896,9.83807373,11.974865,-2.47665763,360,3.30474854,1,0,14,14,0
1688,4530,2,8327376,0,78,0,0,102,0,2,1,0,0,84450,50,2.5,1,0,6,3321.76147,21.6989822,0,13.9410477,2.34879065,15.9561768,11.5522985,-4.45023108,360,7.83081055,1,0,14,14,0
1688,4531,3,8327452,0,31,0,0,102,0,2,1,0,0,84450,50,2.5,1,0,6,3347.65454,4.13868618,0,14.651639,4.31291819,9.31991577,12.0187979,-2.32810497,360,3.11630249,1,0,14,14,0
1689,4532,2,8327376,0,73,0,0,102,0,2,1,0,0,84500,50,2.5,1,0,6,3320.72632,20.0473251,0,13.9967136,2.50986052,15.4836731,11.5716486,-4.29797745,360,7.33596802,1,0,14,14,0
1689,4533,3,8327452,0,29,0,0,102,0,2,1,0,0,84500,50,2.5,1,0,6,3351.30298,3.67026067,0,14.709981,4.452281,8.75097656,12.0639153,-2.17972565,360,2.94702148,1,0,14,14,0
1690,4534,2,8327376,0,69,0,0,102,0,2,1,0,0,84550,50,2.5,1,0,6,3319.98926,18.3745022,0,13.8912382,2.20493317,15.0766602,11.5935421,-4.14608574,360,6.92248535,1,0,13,13,0
1690,4535,3,8327452,0,27,0,0,102,0,2,1,0,0,84550,50,2.5,1,0,6,3354.70947,3.26976061,0,14.5907373,4.16426086,8.25170898,12.1101408,-2.03151751,360,2.73950195,1,0,13,13,0
1691,4536,2,8327376,0,64,0,0,102,0,2,1,0,0,84600,50,2.5,1,0,6,3319.55054,16.7050076,0,13.9460211,2.36317015,14.603241,11.6178637,-3.99456716,360,6.48770142,1,0,13,13,0
1691,4537,3,8327452,0,26,0,0,102,0,2,1,0,0,84600,50,2.5,1,0,6,3358.14209,2.92196083,0,14.6448402,4.29649067,7.69107056,12.1574039,-1.88346601,360,2.58773804,1,0,13,13,0
1692,4538,2,8327376,0,60,0,0,102,0,2,1,0,0,84650,50,2.5,1,0,6,3319.58447,15.1205091,0,13.9929695,2.49901199,14.1906128,11.6445026,-3.84342051,360,6.08392334,1,0,13,13,0
1692,4539,3,8327452,0,24,0,0,102,0,2,1,0,0,84650,50,2.5,1,0,6,3361.58203,2.61870456,0,14.6976891,4.42315006,7.13851929,12.2056408,-1.73555756,360,2.44564819,1,0,13,13,0
1693,4540,2,8327376,0,54,0,0,102,0,2,1,0,0,84700,50,2.5,1,0,6,3320.28931,13.593956,0,14.3417635,3.5132463,13.7021484,11.6733503,-3.69262958,360,5.51397705,1,0,15,15,0
1693,4541,3,8327452,0,23,0,0,102,0,2,1,0,0,84700,50,2.5,1,0,6,3364.47925,2.3637166,0,14.7569084,4.56242847,6.51751709,12.2547798,-1.58780193,360,2.32495117,1,0,13,13,0
1694,4542,2,8327376,0,51,0,0,102,0,2,1,0,0,84750,50,2.5,1,0,6,3321.32373,12.1487732,0,14.3883734,3.64143372,13.2796631,11.7042885,-3.54218936,360,5.16690063,1,0,15,15,0
1694,4543,3,8327452,0,21,0,0,102,0,2,1,0,0,84750,50,2.5,1,0,6,3367.06665,2.14556241,0,14.6359177,4.27486801,5.97149658,12.3047657,-1.44020116,360,2.15756226,1,0,12,12,0
1695,4544,2,8327376,0,48,0,0,102,0,2,1,0,0,84800,50,2.5,1,0,6,3322.89819,10.7529364,0,14.4387493,3.77635646,12.8250427,11.7371979,-3.39207721,360,4.84335327,1,0,15,15,0
1695,4545,3,8327452,0,20,0,0,102,0,2,1,0,0,84800,50,2.5,1,0,6,3369.66602,1.95635355,0,14.6937809,4.41386318,5.32495117,12.355546,-1.29274225,360,2.04772949,1,0,12,12,0
1696,4546,2,8327376,0,45,0,0,102,0,2,1,0,0,84850,50,2.5,1,0,6,3325.20068,9.48331928,0,14.4946241,3.9220655,12.3224487,11.7719631,-3.24226046,360,4.54495239,1,0,15,15,0
1696,4547,3,8327452,0,19,0,0,102,0,2,1,0,0,84850,50,2.5,1,0,6,3372.25781,1.78774583,0,14.7486362,4.54313278,4.70758057,12.4070721,-1.14541292,360,1.9493103,1,0,12,12,0
1697,4548,2,8327376,0,42,0,0,102,0,2,1,0,0,84900,50,2.5,1,0,6,3327.79248,8.3740387,0,14.5468473,4.05489159,11.8518677,11.8084736,-3.09272313,360,4.27105713,1,0,15,15,0
1697,4549,3,8327452,0,18,0,0,102,0,2,1,0,0,84900,50,2.5,1,0,6,3374.11719,1.64259017,0,14.7997808,4.66167021,4.12677002,12.4592848,-0.998232603,360,1.86065674,1,0,12,12,0
1698,4550,2,8327376,0,40,0,0,102,0,2,1,0,0,84950,50,2.5,1,0,6,3330.62939,7.39971542,0,14.6009312,4.18938732,11.3659363,11.8466225,-2.94344831,360,4.02267456,1,0,15,15,0
1698,4551,3,8327452,0,17,0,0,102,0,2,1,0,0,84950,50,2.5,1,0,6,3375.97217,1.52041471,0,14.6851568,4.39332628,0.0607910156,12.512145,-0.851190567,360,1.72875977,1,0,11,11,0
1699,4552,2,8327376,0,37,0,0,102,0,2,1,0,0,85000,50,2.5,1,0,6,3334.10449,6.54166317,0,14.6501474,4.30931902,10.9196167,11.8863134,-2.79439926,360,3.78820801,1,0,15,15,0
1699,4553,3,8327452,0,16,0,0,102,0,2,1,0,0,85000,50,2.5,1,0,6,3377.81665,1.41621184,0,14.7359371,4.51341152,0.802581787,12.5656147,-0.704276741,360,1.64541626,1,0,11,11,0
1700,4554,2,8327376,0,35,0,0,102,0,2,1,0,0,85050,50,2.5,1,0,6,3338.03418,5.80524588,0,14.5417337,4.04202318,10.3793335,11.9274578,-2.64554763,360,3.52865601,1,0,14,14,0
1700,4555,3,8327452,0,15,0,0,102,0,2,1,0,0,85050,50,2.5,1,0,6,3379.98877,1.32497621,0,14.7910376,4.6415329,1.60656738,12.6196642,-0.557466924,360,1.57556152,1,0,11,11,0
1701,4556,2,8327376,0,33,0,0,102,0,2,1,0,0,85100,50,2.5,1,0,6,3342.06738,5.15471649,0,14.5947323,4.17411852,9.86871338,11.969964,-2.49687696,360,3.3225708,1,0,14,14,0
1701,4557,3,8327452,0,15,0,0,102,0,2,1,0,0,85100,50,2.5,1,0,6,3382.21313,1.24463856,0,14.8514776,4.77971935,2.49380493,12.6742601,-0.41074872,360,1.52075195,1,0,11,11,0
1702,4558,2,8327376,0,31,0,0,102,0,2,1,0,0,85150,50,2.5,1,0,6,3346.18091,4.59481049,0,14.6437998,4.29397392,9.39459229,12.0137472,-2.34837198,360,3.13272095,1,0,14,14,0
1702,4559,3,8327452,0,14,0,0,102,0,2,1,0,0,85150,50,2.5,1,0,6,3384.40527,1.17530239,0,14.7273912,4.49333906,3.25726318,12.7293739,-0.264114857,360,1.40252686,1,0,10,10,0
1703,4560,2,8327376,0,29,0,0,102,0,2,1,0,0,85200,50,2.5,1,0,6,3350.34741,4.11600685,0,14.6990395,4.42635822,8.85934448,12.0587282,-2.20001769,360,2.9619751,1,0,14,14,0
1703,4561,3,8327452,0,13,0,0,102,0,2,1,0,0,85200,50,2.5,1,0,6,3386.57227,1.12018597,0,14.7827015,4.62228489,4.10092163,12.7849789,-0.117558733,360,1.34185791,1,0,10,10,0
1704,4562,2,8327376,0,27,0,0,102,0,2,1,0,0,85250,50,2.5,1,0,6,3353.75757,3.70456553,0,14.587038,4.15511799,8.28881836,12.1048183,-2.05183411,360,2.75778198,1,0,13,13,0
1704,4563,3,8327452,0,13,0,0,102,0,2,1,0,0,85250,50,2.5,1,0,6,3388.28149,1.07265985,0,14.8385229,4.75029659,4.95397949,12.8410387,0.0289093852,360,1.29537964,1,0,10,10,0
1705,4564,2,8327376,0,26,0,0,102,0,2,1,0,0,85300,50,2.5,1,0,6,3357.19556,3.35091591,0,14.6367159,4.2768054,7.77471924,12.151948,-1.90380633,360,2.60522461,1,0,13,13,0
1705,4565,3,8327452,0,12,0,0,102,0,2,1,0,0,85300,50,2.5,1,0,6,3390.16406,1.03058815,0,14.8946695,4.87710238,5.81207275,12.8975372,0.175302669,360,1.2532959,1,0,10,10,0
1706,4566,2,8327376,0,24,0,0,102,0,2,1,0,0,85350,50,2.5,1,0,6,3360.64258,3.04218793,0,14.6913366,4.40804863,7.20489502,12.2000532,-1.75592089,360,2.46325684,1,0,13,13,0
1706,4567,3,8327452,0,11,0,0,102,0,2,1,0,0,85350,50,2.5,1,0,6,3392.01636,0.994586229,0,14.7744617,4.60321379,6.6920166,12.9544535,0.321626604,360,1.15420532,1,0,9,9,0
1707,4568,2,8327376,0,23,0,0,102,0,2,1,0,0,85400,50,2.5,1,0,6,3363.54785,2.78310585,0,14.7453461,4.5354414,6.637146,12.2490616,-1.60818744,360,2.34030151,1,0,13,13,0
1707,4569,3,8327452,0,11,0,0,102,0,2,1,0,0,85400,50,2.5,1,0,6,3393.49536,0.963185191,0,14.8302298,4.73140621,7.57635498,13.0117598,0.467872143,360,1.11898804,1,0,9,9,0
1708,4570,2,8327376,0,22,0,0,102,0,2,1,0,0,85450,50,2.5,1,0,6,3366.14746,2.56157231,0,14.6332741,4.26845026,6.00115967,12.2989178,-1.46060777,360,2.17669678,1,0,12,12,0
1708,4571,3,8327452,0,11,0,0,102,0,2,1,0,0,85450,50,2.5,1,0,6,3394.72339,0.932051361,0,14.8910465,4.86897421,8.17745972,13.0694304,0.614035785,360,1.09152222,1,0,9,9,0
1709,4572,2,8327376,0,20,0,0,102,0,2,1,0,0,85500,50,2.5,1,0,6,3368.75073,2.36913371,0,14.6823997,4.38674879,5.45437622,12.3495712,-1.31317019,360,2.05578613,1,0,12,12,0
1709,4573,3,8327452,0,10,0,0,102,0,2,1,0,0,85500,50,2.5,1,0,6,3395.92847,0.907500625,0,14.7681217,4.58850718,8.54037476,13.12745,0.760121644,360,1.00759888,1,0,8,8,0
1710,4574,2,8327376,0,19,0,0,102,0,2,1,0,0,85550,50,2.5,1,0,6,3371.35474,2.20772123,0,14.7369337,4.51574564,4.8404541,12.4009762,-1.16586292,360,1.95651245,1,0,12,12,0
1710,4575,3,8327452,0,0,0,0,102,0,2,1,0,0,85550,50,2.5,1,0,6,3397.10889,0.889200807,0,14.8283081,4.72701979,8.93728638,13.1858025,0.906133771,360,0.976043701,1,0,8,8,0
1711,4576,2,8327376,0,18,0,0,102,0,2,1,0,0,85600,50,2.5,1,0,6,3373.28101,2.06233335,0,14.7958727,4.65267515,4.17242432,12.4530725,-1.01870251,360,1.87054443,1,0,12,12,0
1711,4577,3,8327452,0,0,0,0,102,0,2,1,0,0,85600,50,2.5,1,0,6,3398.24316,0.870678902,0,14.8855724,4.85668135,9.29983521,13.2444429,1.05208707,360,0.697814941,1,0,8,8,0
1712,4578,2,8327376,0,17,0,0,102,0,2,1,0,0,85650,50,2.5,1,0,6,3375.14258,1.93563557,0,14.6743479,4.36750126,0.0952758789,12.5058203,-0.871680737,360,1.73846436,1,0,11,11,0
1712,4579,3,8327452,0,0,0,0,102,0,2,1,0,0,85650,50,2.5,1,0,6,3399.34351,1.02754164,0,14.9432268,4.98534346,9.65136719,13.3034992,1.19792521,360,0.447601318,1,0,8,8,0
1713,4580,2,8327376,0,16,0,0,102,0,2,1,0,0,85700,50,2.5,1,0,6,3376.99512,1.8270638,0,14.7321548,4.50453329,0.746459961,12.5591793,-0.724787354,360,1.65588379,1,0,11,11,0
1713,4581,3,8327452,0,0,0,0,102,0,2,1,0,0,85700,50,2.5,1,0,6,3400.36133,1.2266413,0,14.8185854,4.70480824,9.97158813,13.3630581,1.34360719,360,0.146942139,1,0,7,7,0
1714,4582,2,8327376,0,16,0,0,102,0,2,1,0,0,85750,50,2.5,1,0,6,3379.17529,1.73306036,0,14.7869549,4.63211441,1.550354,12.613121,-0.577997923,360,1.58596802,1,0,11,11,0
1714,4583,3,8327452,0,0,0,0,102,0,2,1,0,0,85750,50,2.5,1,0,6,3401.30176,1.38813698,0,14.876235,4.83567238,10.3059692,13.4231777,1.48910415,359.917358,0,1,0,7,7,0
1715,4584,2,8327376,0,15,0,0,102,0,2,1,0,0,85800,50,2.5,1,0,6,3381.40356,1.65059221,0,14.8392496,4.75194931,2.31347656,12.667614,-0.431301117,360,1.51803589,1,0,11,11,0
1715,4585,3,8327452,0,0,0,0,102,0,2,1,0,0,85800,50,2.5,1,0,6,3402.17676,1.50042975,0,14.9396257,4.97735786,10.6597595,13.4838934,1.63439643,359.711853,0,1,0,7,7,0
1716,4586,2,8327376,0,14,0,0,102,0,2,1,0,0,85850,50,2.5,1,0,6,3383.60474,1.58617771,0,14.7233706,4.48387766,3.1947937,12.7226305,-0.284690201,360,1.40396118,1,0,10,10,0
1716,4587,3,8327452,0,0,0,0,102,0,2,1,0,0,85850,50,2.5,1,0,6,3403.00195,1.56489599,0,16.4861622,8.22033405,10.953186,13.5452223,1.77947187,360,0.473205566,1,0,15,15,0
1717,4588,2,8327376,0,13,0,0,102,0,2,1,0,0,85900,50,2.5,1,0,6,3385.4082,1.53074026,0,14.7742233,4.60266304,3.97064209,12.7781305,-0.138171956,360,1.34207153,1,0,10,10,0
1717,4589,3,8327452,0,0,0,0,102,0,2,1,0,0,85900,50,2.5,1,0,6,3403.7915,1.58860159,0,14.8733997,4.82928228,11.2639771,13.6071701,1.92432404,359.250336,0,1,0,6,6,0
1718,4590,2,8327376,0,13,0,0,102,0,2,1,0,0,85950,50,2.5,1,0,6,3387.13208,1.4833293,0,14.8300276,4.73094225,4.82397461,12.8340902,0.00825744867,360,1.29507446,1,0,10,10,0
1718,4591,3,8327452,0,0,0,0,102,0,2,1,0,0,85950,50,2.5,1,0,6,3404.55713,1.57943463,0,14.9371033,4.9717598,11.5903931,13.6697321,2.06895089,359.067291,0,1,0,6,6,0
1719,4592,2,8327376,0,12,0,0,102,0,2,1,0,0,86000,50,2.5,1,0,6,3388.82764,1.43845773,0,14.8869963,4.85987997,5.69418335,12.8904867,0.154604077,360,1.25283813,1,0,10,10,0
1719,4593,3,8327452,0,0,0,0,102,0,2,1,0,0,86000,50,2.5,1,0,6,3405.30737,1.54671276,0,16.4894257,8.22760201,11.881958,13.7328978,2.21335387,359.901367,0,1,0,14,14,0
1720,4594,2,8327376,0,11,0,0,102,0,2,1,0,0,86050,50,2.5,1,0,6,3390.69971,1.40241563,0,14.7712288,4.59572124,6.64276123,12.9473047,0.300880969,360,1.15600586,1,0,9,9,0
1720,4595,3,8327452,0,0,14,0,102,0,2,1,0,0,86050,50,2.5,1,0,6,3406.0481,1.49651361,0,14.8735275,4.82957029,12.1514587,13.7966509,2.35753703,358.626984,0,1,0,5,5,0
1721,4596,2,8327376,0,11,0,0,102,0,2,1,0,0,86100,50,2.5,1,0,6,3392.19849,1.36863101,0,14.8262053,4.72222281,7.51342773,13.0045156,0.44707939,360,1.12057495,1,0,9,9,0
1721,4597,3,8327452,0,0,0,0,102,0,2,1,0,0,86100,50,2.5,1,0,6,3406.76758,1.43573117,0,16.4318523,8.10015106,12.4506531,13.8609476,2.50151587,359.88623,0,1,0,13,13,0
1722,4598,2,8327376,0,11,0,0,102,0,2,1,0,0,86150,50,2.5,1,0,6,3393.4458,1.33627892,0,14.8800097,4.84416914,8.10266113,13.0620937,0.593195975,360,1.08987427,1,0,9,9,0
1722,4599,3,8327452,0,0,0,0,102,0,2,1,0,0,86150,50,2.5,1,0,6,3407.50049,1.10586023,0,16.4909973,8.23110771,12.7207642,13.9256353,2.64536238,359.735657,0,1,0,13,13,0
1723,4600,2,8327376,0,10,0,0,102,0,2,1,0,0,86200,50,2.5,1,0,6,3394.67041,1.31027353,0,14.764308,4.5796504,8.51361084,13.1200228,0.739235044,360,1.00939941,1,0,8,8,0
1723,4601,3,8327452,0,0,17,0,102,0,2,1,0,0,86200,50,2.5,1,0,6,3408.33203,0.98931402,0,14.8800154,4.8441844,12.9850159,13.9907169,2.78907394,358.323425,0,1,0,4,4,0
1724,4602,2,8327376,0,0,0,0,102,0,2,1,0,0,86250,50,2.5,1,0,6,3395.87061,1.29091728,0,14.8200922,4.70825148,8.88494873,13.1782875,0.885200799,360,0.976593018,1,0,8,8,0
1724,4603,3,8327452,0,0,0,0,102,0,2,1,0,0,86250,50,2.5,1,0,6,3409.12476,0.980413556,0,16.4308586,8.09796906,13.2233276,14.0561533,2.93266487,359.776642,0,1,0,12,12,0
1725,4604,2,8327376,0,0,0,0,102,0,2,1,0,0,86300,50,2.5,1,0,6,3397.02417,1.27254951,0,14.8765011,4.83627129,9.24237061,13.2368412,1.03110826,360,0.695953369,1,0,8,8,0
1725,4605,3,8327452,0,0,19,0,102,0,2,1,0,0,86300,50,2.5,1,0,6,3409.92236,0.803654671,0,14.825284,4.72011948,13.4955444,14.1218243,3.07619262,358.142395,0,1,0,3,3,0
1726,4606,2,8327376,0,0,0,0,102,0,2,1,0,0,86350,50,2.5,1,0,6,3398.1438,1.42990255,0,14.930768,4.95768785,9.57568359,13.2958126,1.17690086,360,0.442077637,1,0,8,8,0
1726,4607,3,8327452,0,0,0,0,102,0,2,1,0,0,86350,50,2.5,1,0,6,3410.73706,0.745510757,0,16.3772488,7.98081446,13.7595825,14.1877012,3.21966743,359.853699,0,1,0,11,11,0
1727,4608,2,8327376,0,0,0,0,102,0,2,1,0,0,86400,50,2.5,1,0,6,3399.18042,1.62988091,0,14.810708,4.68676615,9.92398071,13.3552895,1.32253766,360,0.144195557,1,0,7,7,0
1727,4609,3,8327452,0,0,22,0,102,0,2,1,0,0,86400,50,2.5,1,0,6,3411.55811,0.665590346,0,14.7679625,4.58813906,14.6239319,14.2536898,3.36313438,357.849976,0,1,0,2,2,0
1728,4610,2,8327376,0,0,0,0,102,0,2,1,0,0,86450,50,2.5,1,0,6,3400.13867,1.79124796,0,14.8722639,4.82672215,10.2850647,13.415329,1.46798968,359.913757,0,1,0,7,7,0
1728,4611,3,8327452,0,0,0,0,102,0,2,1,0,0,86450,50,2.5,1,0,6,3412.35669,0.639722466,0,16.5003071,8.25189972,15.5470581,14.3197651,3.50660229,359.966339,0,1,0,11,11,0
1729,4612,2,8327376,0,0,0,0,102,0,2,1,0,0,86500,50,2.5,1,0,6,3401.03101,1.90281284,0,14.9309425,4.95807743,10.6127319,13.4759665,1.61323726,359.704742,0,1,0,7,7,0
1729,4613,3,8327452,0,0,0,0,102,0,2,1,0,0,86500,50,2.5,1,0,6,3413.1665,0.615465105,0,16.3857536,7.99931145,16.4569702,14.3858356,3.65011454,359.930267,0,1,0,10,10,0
1730,4614,2,8327376,0,0,0,0,102,0,2,1,0,0,86550,50,2.5,1,0,6,3401.8728,1.96656001,0,16.4780369,8.20225239,10.9069214,13.53722,1.75826812,360,0.47644043,1,0,15,15,0
1730,4615,3,8327452,0,0,0,0,102,0,2,1,0,0,86550,50,2.5,1,0,6,3413.96753,0.598115325,0,16.4535675,8.14801884,17.4229126,14.451992,3.79362798,359.874512,0,1,0,10,10,0
1731,4616,2,8327376,0,0,0,0,102,0,2,1,0,0,86600,50,2.5,1,0,6,3402.67871,1.98874283,0,14.8695011,4.82048845,11.2440491,13.5990944,1.90307581,359.243469,0,1,0,6,6,0
1731,4617,3,8327452,0,0,0,0,102,0,2,1,0,0,86600,50,2.5,1,0,6,3414.7478,0.59479636,0,16.5145473,8.28379536,18.2840271,14.5182476,3.93713593,359.811066,0,1,0,10,10,0
1732,4618,2,8327376,0,0,0,0,102,0,2,1,0,0,86650,50,2.5,1,0,6,3403.45947,1.97826195,0,14.9239502,4.94252253,11.5242004,13.6615858,2.04765821,359.054657,0,1,0,6,6,0
1732,4619,3,8327452,0,0,0,0,102,0,2,1,0,0,86650,50,2.5,1,0,6,3415.50854,0.592489898,0,16.4019604,8.03464508,19.1567078,14.5846004,4.08063745,359.786011,0,1,0,9,9,0
1733,4620,2,8327376,0,0,0,0,102,0,2,1,0,0,86700,50,2.5,1,0,6,3404.22485,1.94280934,0,16.4802589,8.20719528,11.8387451,13.7246828,2.19201684,359.902771,0,1,0,14,14,0
1733,4621,3,8327452,0,0,0,0,102,0,2,1,0,0,86700,50,2.5,1,0,6,3416.24976,0.590993226,0,16.4657211,8.17491817,20.0076599,14.6510468,4.22413349,359.732513,0,1,0,9,9,0
1734,4622,2,8327376,0,0,14,0,102,0,2,1,0,0,86750,50,2.5,1,0,6,3404.98096,1.89089608,0,14.8651543,4.81067467,12.112915,13.7883692,2.33615589,358.615662,0,1,0,5,5,0
1734,4623,3,8327452,0,0,0,0,102,0,2,1,0,0,86750,50,2.5,1,0,6,3416.9729,0.589085281,0,16.5242672,8.30563259,20.7804565,14.7175817,4.36762619,359.670624,0,1,0,9,9,0
1735,4624,2,8327376,0,0,12,0,102,0,2,1,0,0,86800,50,2.5,1,0,6,3405.71582,1.82819772,0,14.9295797,4.95504665,12.4127197,13.852602,2.48009038,358.749359,0,1,0,5,5,0
1735,4625,3,8327452,0,0,0,0,102,0,2,1,0,0,86800,50,2.5,1,0,6,3417.67749,0.588598967,0,16.4155731,8.06442451,21.6407471,14.7841969,4.51111746,359.652283,0,1,0,8,8,0
1736,4626,2,8327376,0,0,0,0,102,0,2,1,0,0,86850,50,2.5,1,0,6,3406.4541,1.49405408,0,16.4782124,8.20264149,12.6634827,13.9172049,2.62390232,360,0.00592041016,1,0,13,13,0
1736,4627,3,8327452,0,0,0,0,102,0,2,1,0,0,86850,50,2.5,1,0,6,3418.36475,0.587090671,0,16.4786282,8.2035656,22.4269714,14.8508825,4.65461063,359.598694,0,1,0,8,8,0
1737,4628,2,8327376,0,0,14,0,102,0,2,1,0,0,86900,50,2.5,1,0,6,3407.30591,1.21925807,0,14.8669682,4.81477165,12.9300537,13.982069,2.76764345,358.590851,0,1,0,4,4,0
1737,4629,3,8327452,0,0,0,0,102,0,2,1,0,0,86900,50,2.5,1,0,6,3419.03516,0.58700496,0,16.5374908,8.33543777,23.1547241,14.9176254,4.79811192,359.534821,0,1,0,8,8,0
1738,4630,2,8327376,0,0,0,0,102,0,2,1,0,0,86950,50,2.5,1,0,6,3408.17969,1.17528915,0,16.4263916,8.08815479,13.2055359,14.047184,2.91131544,360,0.0303649902,1,0,12,12,0
1738,4631,3,8327452,0,0,0,0,102,0,2,1,0,0,86950,50,2.5,1,0,6,3419.68921,0.586916268,0,16.4289455,8.09376431,23.9530029,14.984417,4.94162369,359.522827,0,1,0,7,7,0
1739,4632,2,8327376,0,0,0,0,102,0,2,1,0,0,87000,50,2.5,1,0,6,3409.04224,1.08783257,0,16.4832382,8.21382332,13.4414673,14.1124592,3.05496025,359.923981,0,1,0,12,12,0
1739,4633,3,8327452,0,0,0,0,102,0,2,1,0,0,87000,50,2.5,1,0,6,3420.32666,0.588047683,0,16.4897499,8.22832966,24.6599426,15.0512953,5.08512783,359.467072,0,1,0,7,7,0
1740,4634,2,8327376,0,0,0,0,102,0,2,1,0,0,87050,50,2.5,1,0,6,3409.91699,1.06392777,0,16.5429649,8.34780884,13.6849365,14.1779203,3.19856501,359.813934,0,1,0,12,12,0
1740,4635,3,8327452,0,0,0,0,102,0,2,1,0,0,87050,50,2.5,1,0,6,3420.94629,0.587341845,0,16.5516396,8.36744595,25.3732605,15.1182585,5.22862434,359.396423,0,1,0,7,7,0
1741,4636,2,8327376,0,0,0,0,102,0,2,1,0,0,87100,50,2.5,1,0,6,3410.76392,1.07537925,0,16.434082,8.10505676,14.5506592,14.2435818,3.34212112,359.751038,0,1,0,11,11,0
1741,4637,3,8327452,0,0,0,0,102,0,2,1,0,0,87100,50,2.5,1,0,6,3421.55078,0.584389687,0,16.4412212,8.12077713,26.0918579,15.1853027,5.3721137,359.385956,0,1,0,6,6,0
1742,4638,2,8327376,0,0,0,0,102,0,2,1,0,0,87150,50,2.5,1,0,6,3411.58594,1.08113539,0,16.4950047,8.24004936,15.4679565,14.309453,3.48562312,359.655182,0,1,0,11,11,0
1742,4639,3,8327452,0,0,0,0,102,0,2,1,0,0,87150,50,2.5,1,0,6,3422.14038,0.582045674,0,16.5037994,8.25971031,26.7732849,15.2523947,5.51561117,359.322815,0,1,0,6,6,0
1743,4640,2,8327376,0,0,30,0,102,0,2,1,0,0,87200,50,2.5,1,0,6,3412.38501,1.08200598,0,14.7107916,4.45419693,16.3768921,14.3755379,3.6290679,356.999695,0,1,0,1,1,0
1743,4641,3,8327452,0,0,0,0,102,0,2,1,0,0,87200,50,2.5,1,0,6,3422.7168,0.580514193,0,16.5670776,8.40251923,27.4533997,15.3195686,5.65909958,359.240967,0,1,0,6,6,0
1744,4642,2,8327376,0,0,0,0,102,0,2,1,0,0,87250,50,2.5,1,0,6,3413.13843,1.07839501,0,16.4403,8.1187458,17.2349243,14.4417715,3.77248263,359.868317,0,1,0,10,10,0
1744,4643,3,8327452,0,0,0,0,102,0,2,1,0,0,87250,50,2.5,1,0,6,3423.27734,0.579387903,0,16.460762,8.16393375,28.1612549,15.3867893,5.80259514,359.226624,0,1,0,5,5,0
1745,4644,2,8327376,0,0,0,0,102,0,2,1,0,0,87300,50,2.5,1,0,6,3413.90088,1.00458133,0,16.5065155,8.26579189,18.1710205,14.5080681,3.91590881,359.805389,0,1,0,10,10,0
1745,4645,3,8327452,0,0,0,0,102,0,2,1,0,0,87300,50,2.5,1,0,6,3423.82617,0.577238321,0,16.5199127,8.29584122,28.7633972,15.4540577,5.94609642,359.151825,0,1,0,5,5,0
1746,4646,2,8327376,0,0,0,0,102,0,2,1,0,0,87350,50,2.5,1,0,6,3414.67383,0.968178511,0,16.3925171,8.01404285,19.0297241,14.57446,4.05933094,359.778259,0,1,0,9,9,0
1746,4647,3,8327452,0,0,0,0,102,0,2,1,0,0,87350,50,2.5,1,0,6,3424.36157,0.576718628,0,16.5873489,8.4488163,29.4446716,15.5213737,6.08960247,359.051514,0,1,0,5,5,0
1747,4648,2,8327376,0,0,0,0,102,0,2,1,0,0,87400,50,2.5,1,0,6,3415.42725,0.962902427,0,16.4559269,8.15323257,19.8783264,14.6409492,4.20274687,359.726288,0,1,0,9,9,0
1747,4649,3,8327452,0,0,0,0,102,0,2,1,0,0,87400,50,2.5,1,0,6,3424.8833,0.576196492,0,16.4770126,8.19997311,30.0611877,15.5887709,6.23309755,359.025269,0,1,0,4,4,0
1748,4650,2,8327376,0,0,0,0,102,0,2,1,0,0,87450,50,2.5,1,0,6,3416.16162,0.959246933,0,16.5142288,8.28307724,20.6486816,14.7075348,4.34615564,359.665802,0,1,0,9,9,0
1748,4651,3,8327452,0,0,16,0,102,0,2,1,0,0,87450,50,2.5,1,0,6,3425.39062,0.57424289,0,16.5411224,8.34363937,30.677063,15.6562128,6.37659788,358.92865,0,1,0,4,4,0
1749,4652,2,8327376,0,0,0,0,102,0,2,1,0,0,87500,50,2.5,1,0,6,3416.8772,0.957009792,0,16.4052944,8.04193115,21.5118713,14.7742147,4.48955679,359.643738,0,1,0,8,8,0
1749,4653,3,8327452,0,0,16,0,102,0,2,1,0,0,87500,50,2.5,1,0,6,3425.85474,0.571877897,0,16.60359,8.48610878,31.2713318,15.7236938,6.52010345,358.97113,0,1,0,4,4,0
1750,4654,2,8327376,0,0,0,0,102,0,2,1,0,0,87550,50,2.5,1,0,6,3417.57544,0.953951657,0,16.4692879,8.18282318,22.3095093,14.8409891,4.63295031,359.590698,0,1,0,8,8,0
1750,4655,3,8327452,0,0,16,0,102,0,2,1,0,0,87550,50,2.5,1,0,6,3426.30298,0.565421104,0,16.6611557,8.61985016,31.8204041,15.7911272,6.66365433,358.990112,0,1,0,4,4,0
1751,4656,2,8327376,0,0,0,0,102,0,2,1,0,0,87600,50,2.5,1,0,6,3418.25659,0.950479925,0,16.5278549,8.31370735,23.0358276,14.9078579,4.77633476,359.527069,0,1,0,8,8,0
1751,4657,3,8327452,0,0,0,0,102,0,2,1,0,0,87600,50,2.5,1,0,6,3426.74097,0.575910449,0,16.5543652,8.37362957,32.4064941,15.8584442,6.80728197,359.12088,0,1,0,3,3,0
1752,4658,2,8327376,0,0,0,0,102,0,2,1,0,0,87650,50,2.5,1,0,6,3418.92065,0.948020697,0,16.4200878,8.07432079,23.8483276,14.974822,4.91970873,359.508179,0,1,0,7,7,0
1752,4659,3,8327452,0,0,0,0,102,0,2,1,0,0,87650,50,2.5,1,0,6,3427.19897,0.603762031,0,16.6167545,8.51647758,32.9764099,15.9256239,6.95099688,359.014099,0,1,0,3,3,0
1753,4660,2,8327376,0,0,0,0,102,0,2,1,0,0,87700,50,2.5,1,0,6,3419.5686,0.944536746,0,16.4796314,8.2057972,24.5421753,15.0418816,5.06307077,359.451416,0,1,0,7,7,0
1753,4661,3,8327452,0,0,19,0,102,0,2,1,0,0,87700,50,2.5,1,0,6,3427.63574,0.604251325,0,16.6822338,8.66946888,33.5734253,15.9926815,7.09479141,358.868347,0,1,0,3,3,0
1754,4662,2,8327376,0,0,0,0,102,0,2,1,0,0,87750,50,2.5,1,0,6,3420.20093,0.940843165,0,16.5420361,8.34570694,25.2623596,15.1090374,5.2064209,359.379578,0,1,0,7,7,0
1754,4663,3,8327452,0,0,20,0,102,0,2,1,0,0,87750,50,2.5,1,0,6,3428.02954,0.594521761,0,16.7396603,8.80657768,34.1036377,16.0595913,7.23867464,358.84967,0,1,0,3,3,0
1755,4664,2,8327376,0,0,0,0,102,0,2,1,0,0,87800,50,2.5,1,0,6,3420.81763,0.937551498,0,16.4303665,8.09688377,25.9747925,15.1762857,5.3497591,359.358917,0,1,0,6,6,0
1755,4665,3,8327452,0,0,18,0,102,0,2,1,0,0,87800,50,2.5,1,0,6,3428.41504,0.624830365,0,16.6341152,8.5567131,34.6488037,16.1262894,7.38267565,358.98288,0,1,0,2,2,0
1756,4666,2,8327376,0,0,0,0,102,0,2,1,0,0,87850,50,2.5,1,0,6,3421.41919,0.934254289,0,16.4986362,8.24816513,26.7177734,15.2436199,5.49308825,359.291687,0,1,0,6,6,0
1756,4667,3,8327452,0,0,19,0,102,0,2,1,0,0,87850,50,2.5,1,0,6,3428.77588,0.677827179,0,16.6993561,8.71004009,35.2312012,16.1927242,7.52681589,358.943634,0,1,0,2,2,0
1757,4668,2,8327376,0,0,0,0,102,0,2,1,0,0,87900,50,2.5,1,0,6,3422.00708,0.930339932,0,16.5575123,8.38076878,27.3537292,15.3110304,5.63641119,359.209076,0,1,0,6,6,0
1757,4669,3,8327452,0,0,20,0,102,0,2,1,0,0,87900,50,2.5,1,0,6,3429.11084,0.723064482,0,16.7569351,8.84841537,35.7554626,16.2588596,7.67111015,358.876923,0,1,0,2,2,0
1758,4670,2,8327376,0,0,0,0,102,0,2,1,0,0,87950,50,2.5,1,0,6,3422.58008,0.928664088,0,16.4505806,8.1414175,28.0580139,15.3785086,5.77973175,359.178772,0,1,0,5,5,0
1758,4671,3,8327452,0,0,22,0,102,0,2,1,0,0,87950,50,2.5,1,0,6,3429.4231,0.767283559,0,16.8160114,8.99375248,36.3034668,16.3246613,7.81557226,358.774628,0,1,0,2,2,0
1759,4672,2,8327376,0,0,0,0,102,0,2,1,0,0,88000,50,2.5,1,0,6,3423.13965,0.925759554,0,16.5145378,8.28377247,28.7103577,15.4460478,5.92305231,359.09848,0,1,0,5,5,0
1759,4673,3,8327452,0,0,25,0,102,0,2,1,0,0,88000,50,2.5,1,0,6,3429.71289,0.812936783,0,16.8736839,9.13937283,36.8530579,16.3900967,7.96021509,358.64566,0,1,0,2,2,0
1760,4674,2,8327376,0,0,15,0,102,0,2,1,0,0,88050,50,2.5,1,0,6,3423.68506,0.924278677,0,16.577425,8.42611885,29.342926,15.5136433,6.0663743,358.996582,0,1,0,5,5,0
1760,4675,3,8327452,0,0,28,0,102,0,2,1,0,0,88050,50,2.5,1,0,6,3429.97803,0.866769731,0,16.9304142,9.28670692,37.408844,16.4551258,8.1050539,358.496399,0,1,0,2,2,0
1761,4676,2,8327376,0,0,0,0,102,0,2,1,0,0,88100,50,2.5,1,0,6,3424.18506,0.922793388,0,16.6354485,8.55981541,29.9280396,15.5812283,6.20972729,359.03418,0,1,0,5,5,0
1761,4677,3,8327452,0,0,32,0,102,0,2,1,0,0,88100,50,2.5,1,0,6,3430.21484,0.936756074,0,16.9894028,9.44483566,38.0108643,16.5197029,8.25010586,358.314606,0,1,0,2,2,0
1762,4678,2,8327376,0,0,0,0,102,0,2,1,0,0,88150,50,2.5,1,0,6,3424.7041,0.92966336,0,16.5317402,8.32246494,30.5857239,15.6487808,6.35312176,359.022003,0,1,0,4,4,0
1762,4679,3,8327452,0,0,37,0,102,0,2,1,0,0,88150,50,2.5,1,0,6,3430.41504,1.02739513,0,17.0423889,9.59179401,38.5733337,16.5837746,8.39539051,358.131409,0,1,0,2,2,0
1763,4680,2,8327376,0,0,17,0,102,0,2,1,0,0,88200,50,2.5,1,0,6,3425.20874,0.928987741,0,16.5898991,8.45465755,31.1419678,15.7162743,6.49656963,358.916595,0,1,0,4,4,0
1763,4681,3,8327452,0,0,34,0,102,0,2,1,0,0,88200,50,2.5,1,0,6,3430.5686,1.14788711,0,16.9515438,9.34272957,39.1623535,16.6472759,8.5409317,358.292389,0,1,0,1,1,0
1764,4682,2,8327376,0,0,17,0,102,0,2,1,0,0,88250,50,2.5,1,0,6,3425.66504,0.926266432,0,16.6518154,8.59797859,31.7309875,15.7837057,6.64007044,358.946136,0,1,0,4,4,0
1764,4683,3,8327452,0,0,39,0,102,0,2,1,0,0,88250,50,2.5,1,0,6,3430.68384,1.3131566,0,17.0056229,9.48929596,39.7302551,16.7101479,8.68675041,358.048523,0,1,0,1,1,0
1765,4684,2,8327376,0,0,0,0,102,0,2,1,0,0,88300,50,2.5,1,0,6,3426.10986,0.943337202,0,16.5488739,8.36118221,32.3557739,15.8510046,6.78365612,359.060394,0,1,0,3,3,0
1765,4685,3,8327452,0,0,45,0,102,0,2,1,0,0,88300,50,2.5,1,0,6,3430.72974,1.44652474,0,17.0595932,9.64063931,40.1143799,16.7723389,8.83286095,357.784576,0,1,0,1,1,0
1766,4686,2,8327376,0,0,17,0,102,0,2,1,0,0,88350,50,2.5,1,0,6,3426.57227,0.976746261,0,16.611414,8.50414085,32.9260864,15.918149,6.92733669,358.957733,0,1,0,3,3,0
1766,4687,3,8327452,0,0,59,0,102,0,2,1,0,0,88350,50,2.5,1,0,6,3430.71509,1.60543084,0,17.2369003,10.1848021,40.4204712,16.8337841,8.97928429,357.12793,0,1,0,2,2,0
1767,4688,2,8327376,0,0,17,0,102,0,2,1,0,0,88400,50,2.5,1,0,6,3426.97656,0.976469636,0,16.6734657,8.64877987,33.4917297,15.9851246,7.0711174,358.958496,0,1,0,3,3,0
1767,4689,3,8327452,0,0,64,0,102,0,2,1,0,0,88400,50,2.5,1,0,6,3430.57715,1.83506238,0,17.2823429,10.3398418,40.7184143,16.8943882,9.12604809,356.926758,0,1,0,2,2,0
1768,4690,2,8327376,0,0,18,0,102,0,2,1,0,0,88450,50,2.5,1,0,6,3427.37427,1.00089228,0,16.7295437,8.78220558,34.0088806,16.0518818,7.21501875,358.932983,0,1,0,3,3,0
1768,4691,3,8327452,0,0,69,0,102,0,2,1,0,0,88450,50,2.5,1,0,6,3430.32642,2.25805426,0,17.3244648,10.4913158,40.9672241,16.9540253,9.2731905,356.727753,0,1,0,2,2,0
1769,4692,2,8327376,0,0,19,0,102,0,2,1,0,0,88500,50,2.5,1,0,6,3427.74927,1.04084444,0,16.7894154,8.92786884,34.5664062,16.1183815,7.35905838,358.878937,0,1,0,3,3,0
1769,4693,3,8327452,0,0,73,0,102,0,2,1,0,0,88500,50,2.5,1,0,6,3429.896,2.7993083,0,17.3647957,10.6447811,41.1809692,17.0125675,9.42074394,356.525452,0,1,0,2,2,0
1770,4694,2,8327376,0,0,0,0,102,0,2,1,0,0,88550,50,2.5,1,0,6,3428.10205,1.08304608,0,16.6865768,8.67973232,35.1183167,16.1845856,7.50325155,359.009766,0,1,0,2,2,0
1770,4695,3,8327452,0,0,78,0,102,0,2,1,0,0,88550,50,2.5,1,0,6,3429.27515,3.41574574,0,17.4031334,10.7999802,41.3607178,17.0698929,9.56873703,356.313354,0,1,0,2,2,0
1771,4696,2,8327376,0,0,21,0,102,0,2,1,0,0,88600,50,2.5,1,0,6,3428.47363,1.12729311,0,16.7477875,8.82622337,35.6702576,16.2504997,7.64759588,358.853638,0,1,0,2,2,0
1771,4697,3,8327452,0,0,83,0,102,0,2,1,0,0,88600,50,2.5,1,0,6,3428.43701,4.08944511,0,17.4416847,10.9674139,41.5140076,17.1258812,9.7171917,356.089996,0,1,0,2,2,0
1772,4698,2,8327376,0,0,22,0,102,0,2,1,0,0,88650,50,2.5,1,0,6,3428.78149,1.11924112,0,16.8062649,8.96951866,36.213623,16.3161049,7.79209709,358.780182,0,1,0,2,2,0
1772,4699,3,8327452,0,0,87,0,102,0,2,1,0,0,88650,50,2.5,1,0,6,3427.07007,4.83596087,0,17.4725456,11.1117783,41.6065063,17.1804123,9.86611271,355.9039,0,1,0,2,2,0
1773,4700,2,8327376,0,0,25,0,102,0,2,1,0,0,88700,50,2.5,1,0,6,3429.09058,1.14938426,0,16.8690548,9.12753296,36.8089294,16.3813591,7.93677187,358.660675,0,1,0,2,2,0
1773,4701,3,8327452,0,0,92,0,102,0,2,1,0,0,88700,50,2.5,1,0,6,3425.03101,5.67255831,0,17.503727,11.2695351,41.6776733,17.2333546,10.0154972,355.701721,0,1,0,2,2,0
1774,4702,2,8327376,0,0,28,0,102,0,2,1,0,0,88750,50,2.5,1,0,6,3429.37109,1.20916963,0,16.9216785,9.26372719,37.32547,16.4462204,8.08163643,358.537964,0,1,0,2,2,0
1774,4703,3,8327452,0,0,95,0,102,0,2,1,0,0,88750,50,2.5,1,0,6,3422.74854,6.55783844,0,17.5335197,11.4287806,41.7122803,17.2845936,10.1653538,355.558014,0,1,0,2,2,0
1775,4704,2,8327376,0,0,31,0,102,0,2,1,0,0,88800,50,2.5,1,0,6,3429.62183,1.28265047,0,16.9768944,9.41084671,37.8811035,16.5106411,8.22671032,358.386444,0,1,0,2,2,0
1775,4705,3,8327452,0,0,96,0,102,0,2,1,0,0,88800,50,2.5,1,0,6,3420.23438,7.52497196,0,17.564064,11.5980425,41.7118835,17.3340149,10.3156872,355.488373,0,1,0,2,2,0
1776,4706,2,8327376,0,0,35,0,102,0,2,1,0,0,88850,50,2.5,1,0,6,3429.83618,1.37616479,0,17.03438,9.56925583,38.4882202,16.5745659,8.37201214,358.200317,0,1,0,2,2,0
1776,4707,3,8327452,0,0,96,0,102,0,2,1,0,0,88850,50,2.5,1,0,6,3417.39111,8.52652168,0,17.664505,12.2053967,41.6800232,17.3815117,10.4664917,355.475647,0,1,0,3,3,0
1777,4708,2,8327376,0,0,39,0,102,0,2,1,0,0,88900,50,2.5,1,0,6,3430.00708,1.49093843,0,17.083437,9.70931053,39.031189,16.6379356,8.51756382,358.021576,0,1,0,2,2,0
1777,4709,3,8327452,0,0,92,0,102,0,2,1,0,0,88900,50,2.5,1,0,6,3413.81104,9.47699165,0,17.687561,12.3580103,41.6253662,17.4269848,10.6177368,355.662018,0,1,0,3,3,0
1778,4710,2,8327376,0,0,44,0,102,0,2,1,0,0,88950,50,2.5,1,0,6,3430.12524,1.63759923,0,17.1369362,9.86795807,39.6502686,16.7006855,8.66338921,357.805664,0,1,0,2,2,0
1778,4711,3,8327452,0,0,89,0,102,0,2,1,0,0,88950,50,2.5,1,0,6,3410.11694,10.3092632,0,17.774929,12.9972601,41.5240173,17.4703598,10.7694101,355.806732,0,1,0,4,4,0
1779,4712,2,8327376,0,0,41,0,102,0,2,1,0,0,89000,50,2.5,1,0,6,3430.17529,1.82145751,0,17.050808,9.6156292,40.0553894,16.7627392,8.80951214,357.981812,0,1,0,1,1,0
1779,4713,3,8327452,0,0,83,0,102,0,2,1,0,0,89000,50,2.5,1,0,6,3406.32788,10.8916235,0,17.7953377,13.1642694,41.4088745,17.5115929,10.9214926,356.079895,0,1,0,4,4,0
1780,4714,2,8327376,0,0,56,0,102,0,2,1,0,0,89050,50,2.5,1,0,6,3430.17285,2.05742431,0,17.2330265,10.1719446,40.3920288,16.8240242,8.95595551,357.299347,0,1,0,2,2,0
1780,4715,3,8327452,0,0,77,0,102,0,2,1,0,0,89050,50,2.5,1,0,6,3402.56201,11.2311745,0,17.8151932,13.3351774,41.2652588,17.5506611,11.0739622,356.332184,0,1,0,4,4,0
1781,4716,2,8327376,0,0,60,0,102,0,2,1,0,0,89100,50,2.5,1,0,6,3430.03271,2.25001884,0,17.2775917,10.3232517,40.6872559,16.88447,9.10273933,357.097076,0,1,0,2,2,0
1781,4717,3,8327452,0,0,72,0,102,0,2,1,0,0,89100,50,2.5,1,0,6,3398.86938,11.2645922,0,17.8339844,13.5058594,41.2537842,17.5875683,11.2267933,356.563721,0,1,0,4,4,0
1782,4718,2,8327376,0,0,65,0,102,0,2,1,0,0,89150,50,2.5,1,0,6,3429.81421,2.60872936,0,17.3182144,10.4683056,40.9345093,16.943964,9.2498951,356.891541,0,1,0,2,2,0
1782,4719,3,8327452,0,0,69,0,102,0,2,1,0,0,89150,50,2.5,1,0,6,3395.32349,10.9995375,0,17.8953342,14.1478071,41.6413269,17.6223431,11.3799582,356.711121,0,1,0,5,5,0
1783,4720,2,8327376,0,0,70,0,102,0,2,1,0,0,89200,50,2.5,1,0,6,3429.43896,3.07303476,0,17.3614159,10.6315584,41.1664429,17.0023956,9.39745235,356.657745,0,1,0,2,2,0
1783,4721,3,8327452,0,0,65,0,102,0,2,1,0,0,89200,50,2.5,1,0,6,3391.9729,10.52563,0,17.9082851,14.307497,42.0081482,17.6550293,11.5334291,356.951569,0,1,0,5,5,0
1784,4722,2,8327376,0,0,75,0,102,0,2,1,0,0,89250,50,2.5,1,0,6,3428.89331,3.60334826,0,17.397543,10.7767038,41.3385315,17.0596523,9.54543686,356.451263,0,1,0,2,2,0
1784,4723,3,8327452,0,0,61,0,102,0,2,1,0,0,89250,50,2.5,1,0,6,3388.87378,9.96794891,0,17.9217186,14.4868336,42.4225159,17.6856785,11.6871796,357.17337,0,1,0,5,5,0
1785,4724,2,8327376,0,0,80,0,102,0,2,1,0,0,89300,50,2.5,1,0,6,3428.15723,4.20916414,0,17.4337063,10.9316931,41.4840698,17.1156197,9.69387054,356.233459,0,1,0,2,2,0
1785,4725,3,8327452,0,0,56,0,102,0,2,1,0,0,89300,50,2.5,1,0,6,3386.03076,9.34539032,0,17.9331951,14.6544304,42.811554,17.7143497,11.8411827,357.383026,0,1,0,5,5,0
1786,4726,2,8327376,0,0,85,0,102,0,2,1,0,0,89350,50,2.5,1,0,6,3426.9126,4.89502764,0,17.4672928,11.0864611,41.590332,17.1701813,9.84275723,356.020569,0,1,0,2,2,0
1786,4727,3,8327452,0,0,53,0,102,0,2,1,0,0,89350,50,2.5,1,0,6,3383.46729,8.66769886,0,17.9434471,14.819005,43.193512,17.7411156,11.9954157,357.566772,0,1,0,5,5,0
1787,4728,2,8327376,0,0,90,0,102,0,2,1,0,0,89400,50,2.5,1,0,6,3425.00024,5.66862106,0,17.5011425,11.2559729,41.6705322,17.2232094,9.99209595,355.797394,0,1,0,2,2,0
1787,4729,3,8327452,0,0,54,0,102,0,2,1,0,0,89400,50,2.5,1,0,6,3381.16772,7.93068695,0,17.9522114,14.9749565,47.6904297,17.7660542,12.1498547,357.742737,0,1,0,5,5,0
1788,4730,2,8327376,0,0,93,0,102,0,2,1,0,0,89450,50,2.5,1,0,6,3422.86206,6.51633787,0,17.5307331,11.413641,41.7087402,17.2745876,10.1418972,355.64093,0,1,0,2,2,0
1788,4731,3,8327452,0,0,50,0,102,0,2,1,0,0,89450,50,2.5,1,0,6,3379.10986,7.20239735,0,17.9603634,15.1376371,48.0836487,17.7892418,12.3044777,357.943329,0,1,0,5,5,0
1789,4732,2,8327376,0,0,95,0,102,0,2,1,0,0,89500,50,2.5,1,0,6,3420.4978,7.45381498,0,17.5596218,11.573019,41.7167358,17.3241997,10.2921677,355.554565,0,1,0,2,2,0
1789,4733,3,8327452,0,0,46,0,102,0,2,1,0,0,89500,50,2.5,1,0,6,3377.3313,6.61573553,0,17.9674377,15.2992105,48.4764099,17.8107433,12.4592667,358.121063,0,1,0,5,5,0
1790,4734,2,8327376,0,0,96,0,102,0,2,1,0,0,89550,50,2.5,1,0,6,3417.79614,8.42483234,0,17.6585121,12.1666441,41.6898804,17.3719387,10.4429026,355.483826,0,1,0,3,3,0
1790,4735,3,8327452,0,0,42,0,102,0,2,1,0,0,89550,50,2.5,1,0,6,3375.77051,6.06128263,0,17.9738731,15.4724703,48.899353,17.8306313,12.6142035,358.269897,0,1,0,5,5,0
1791,4736,2,8327376,0,0,92,0,102,0,2,1,0,0,89600,50,2.5,1,0,6,3414.35327,9.37747955,0,17.6855774,12.3446484,41.6282349,17.4176979,10.5940742,355.658478,0,1,0,3,3,0
1791,4737,3,8327452,0,0,40,0,102,0,2,1,0,0,89600,50,2.5,1,0,6,3374.4314,5.48945475,0,17.9788036,15.6346569,49.3018799,17.8489857,12.7692728,358.394897,0,1,0,5,5,0
1792,4738,2,8327376,0,0,89,0,102,0,2,1,0,0,89650,50,2.5,1,0,6,3410.78516,10.2567663,0,17.7715607,12.9704428,41.5410156,17.4613972,10.7456732,355.77063,0,1,0,4,4,0
1792,4739,3,8327452,0,0,34,0,102,0,2,1,0,0,89650,50,2.5,1,0,6,3373.29443,4.91606331,0,17.9680386,15.3141279,49.6977844,17.8658905,12.9244604,358.629364,0,1,0,4,4,0
1793,4740,2,8327376,0,0,83,0,102,0,2,1,0,0,89700,50,2.5,1,0,6,3407.10107,10.8959942,0,17.7909431,13.127615,41.4365234,17.5029869,10.8976822,356.039062,0,1,0,4,4,0
1793,4741,3,8327452,0,0,32,0,102,0,2,1,0,0,89700,50,2.5,1,0,6,3372.39258,4.39264536,0,17.9738712,15.4723444,50.0961914,17.8814297,13.0797539,358.718048,0,1,0,4,4,0
1794,4742,2,8327376,0,0,78,0,102,0,2,1,0,0,89750,50,2.5,1,0,6,3403.41895,11.2873363,0,17.8110008,13.298337,41.3008118,17.5424385,11.0500803,356.282898,0,1,0,4,4,0
1794,4743,3,8327452,0,0,30,0,102,0,2,1,0,0,89750,50,2.5,1,0,6,3371.66138,3.85859299,0,17.9784603,15.6221619,50.4784546,17.8956947,13.2351418,358.795959,0,1,0,4,4,0
1795,4744,2,8327376,0,0,73,0,102,0,2,1,0,0,89800,50,2.5,1,0,6,3399.78076,11.3676424,0,17.8310928,13.4789619,41.201355,17.5797501,11.2028418,356.514832,0,1,0,4,4,0
1795,4745,3,8327452,0,0,29,0,102,0,2,1,0,0,89800,50,2.5,1,0,6,3371.11401,3.36860347,0,17.9822693,15.7783728,50.8774414,17.9087715,13.3906136,358.858826,0,1,0,4,4,0
1796,4746,2,8327376,0,0,70,0,102,0,2,1,0,0,89850,50,2.5,1,0,6,3396.27515,11.1779757,0,17.8920727,14.1093006,41.5535889,17.6149445,11.3559408,356.655762,0,1,0,5,5,0
1796,4747,3,8327452,0,0,28,0,102,0,2,1,0,0,89850,50,2.5,1,0,6,3370.71509,2.95011377,0,17.9850731,15.9359703,51.2874756,17.9207401,13.5461607,358.91391,0,1,0,4,4,0
1797,4748,2,8327376,0,0,66,0,102,0,2,1,0,0,89900,50,2.5,1,0,6,3392.9397,10.7808132,0,17.9061146,14.2799206,41.941864,17.6480579,11.5093498,356.895782,0,1,0,5,5,0
1797,4749,3,8327452,0,0,27,0,102,0,2,1,0,0,89900,50,2.5,1,0,6,3370.44409,2.60439992,0,17.9868698,16.100193,51.7176208,17.9316692,13.7017756,358.95694,0,1,0,4,4,0
1798,4750,2,8327376,0,0,62,0,102,0,2,1,0,0,89950,50,2.5,1,0,6,3389.83521,10.2848616,0,17.9197998,14.4602327,42.3618164,17.6791363,11.663043,357.120178,0,1,0,5,5,0
1798,4751,3,8327452,0,0,28,0,102,0,2,1,0,0,89950,50,2.5,1,0,6,3370.27661,2.32173347,0,17.9874821,16.2557468,56.7392273,17.9416199,13.8574514,358.991089,0,1,0,4,4,0
1799,4752,2,8327376,0,0,57,0,102,0,2,1,0,0,90000,50,2.5,1,0,6,3386.96924,9.71173191,0,17.9313755,14.6267729,42.7461853,17.7082367,11.8169937,357.333405,0,1,0,5,5,0
1799,4753,3,8327452,0,0,0,0,102,0,2,1,0,0,90000,50,2.5,1,0,6,3370.17944,2.08758807,0,17.9849148,15.925005,57.1667786,17.9506435,14.0131817,359.189148,0,1,0,3,3,0
1800,4754,2,8327376,0,0,54,0,102,0,2,1,0,0,90050,50,2.5,1,0,6,3384.36938,9.0708313,0,17.9420204,14.7950859,43.1385498,17.735424,11.9711781,357.519623,0,1,0,5,5,0
1800,4755,3,8327452,0,0,0,0,102,0,2,1,0,0,90050,50,2.5,1,0,6,3370.31494,1.91557598,0,17.9867058,16.0791721,57.6306458,17.9588432,14.1689644,359.60556,0,1,0,3,3,0
1801,4756,2,8327376,0,0,55,0,102,0,2,1,0,0,90100,50,2.5,1,0,6,3382.02441,8.36005306,0,17.9514179,14.960144,47.6535339,17.7607746,12.1255732,357.697021,0,1,0,5,5,0
1801,4757,3,8327452,0,0,0,0,102,0,2,1,0,0,90100,50,2.5,1,0,6,3370.42603,2.4176681,0,17.9874783,16.2466431,58.1433105,17.966053,14.3247929,359.976501,0,1,0,3,3,0
1802,4758,2,8327376,0,0,51,0,102,0,2,1,0,0,90150,50,2.5,1,0,6,3379.91455,7.65093279,0,17.9596558,15.1227102,48.045929,17.7843609,12.2801561,357.901703,0,1,0,5,5,0
1802,4759,3,8327452,0,0,0,0,102,0,2,1,0,0,90150,50,2.5,1,0,6,3370.34375,2.97944474,0,17.9870777,16.4008503,58.6217957,17.9721661,14.4806585,360,0.313354492,1,0,3,3,0
1803,4760,2,8327376,0,0,47,0,102,0,2,1,0,0,90200,50,2.5,1,0,6,3378.07959,7.07663631,0,17.9668579,15.2850857,48.4414673,17.8062458,12.4349089,358.083588,0,1,0,5,5,0
1803,4761,3,8327452,0,0,0,0,102,0,2,1,0,0,90200,50,2.5,1,0,6,3370.11865,3.37532258,0,17.9856148,16.5535259,59.1046753,17.9771137,14.6365509,360,0.618377686,1,0,3,3,0
1804,4762,2,8327376,0,0,43,0,102,0,2,1,0,0,90250,50,2.5,1,0,6,3376.4585,6.53035975,0,17.9726715,15.4375286,48.8134155,17.8265018,12.5898132,358.243958,0,1,0,5,5,0
1804,4763,3,8327452,0,32,0,0,102,0,2,1,0,0,90250,50,2.5,1,0,6,3369.80322,3.61112499,0,17.9874382,16.2211151,59.5543213,17.9808617,14.7924604,360,1.09140015,1,0,2,2,0
1805,4764,2,8327376,0,0,40,0,102,0,2,1,0,0,90300,50,2.5,1,0,6,3375.05737,5.96090126,0,17.9777908,15.5983047,49.2109375,17.8452053,12.744854,358.375244,0,1,0,5,5,0
1805,4765,3,8327452,0,0,0,0,102,0,2,1,0,0,90300,50,2.5,1,0,6,3369.53955,3.70920634,0,17.9871655,16.3858128,60.0844421,17.9834404,14.9483786,360,0.671447754,1,0,2,2,0
1806,4766,2,8327376,0,0,35,0,102,0,2,1,0,0,90350,50,2.5,1,0,6,3373.86694,5.38590002,0,17.9666023,15.2788601,49.6100159,17.8624382,12.9000158,358.602905,0,1,0,4,4,0
1806,4767,3,8327452,0,0,0,0,102,0,2,1,0,0,90350,50,2.5,1,0,6,3369.18311,2.3863833,0,17.9859123,16.5298405,66.6903687,17.9851971,15.1043148,360,0.92880249,1,0,2,2,0
1807,4768,2,8327376,0,0,33,0,102,0,2,1,0,0,90400,50,2.5,1,0,6,3372.90186,4.83882332,0,17.9730835,15.4492979,50.0376282,17.8782883,13.0552855,358.69632,0,1,0,4,4,0
1807,4769,3,8327452,0,39,0,0,102,0,2,1,0,0,90400,50,2.5,1,0,6,3369.33691,2.00196433,0,17.9835682,16.680357,67.4984131,17.9860897,15.2602634,360,1.15066528,1,0,2,2,0
1808,4770,2,8327376,0,0,31,0,102,0,2,1,0,0,90450,50,2.5,1,0,6,3372.11743,4.29462957,0,17.977684,15.5945339,50.4075928,17.8928452,13.2106514,358.781097,0,1,0,4,4,0
1808,4771,3,8327452,0,0,0,0,102,0,2,1,0,0,90450,50,2.5,1,0,6,3369.51538,2.09664559,0,17.987215,16.3763771,68.3444214,17.9861774,15.4162207,360,0.942993164,1,0,1,1,0
1809,4772,2,8327376,0,0,29,0,102,0,2,1,0,0,90500,50,2.5,1,0,6,3371.51758,3.80199981,0,17.9817524,15.7545309,50.817627,17.9061947,13.3661032,358.849915,0,1,0,4,4,0
1809,4773,3,8327452,0,41,0,0,102,0,2,1,0,0,90500,50,2.5,1,0,6,3369.60596,1.28958571,0,17.9860649,16.5168438,69.009613,17.9857483,15.572196,360,1.17440796,1,0,1,1,0
1810,4774,2,8327376,0,0,28,0,102,0,2,1,0,0,90550,50,2.5,1,0,6,3371.07568,3.37911057,0,17.9848537,15.9209576,51.2498169,17.9184151,13.5216312,358.900116,0,1,0,4,4,0
1810,4775,3,8327452,0,0,0,0,102,0,2,1,0,0,90550,50,2.5,1,0,6,3370.05884,1.05844879,0,17.9837456,16.6709766,69.6994629,17.984848,15.7281885,360,0.697814941,1,0,1,1,0
1811,4776,2,8327376,0,0,27,0,102,0,2,1,0,0,90600,50,2.5,1,0,6,3370.7627,3.01297188,0,17.9865875,16.0654812,51.6286621,17.9295788,13.677228,358.947937,0,1,0,4,4,0
1811,4777,3,8327452,0,0,0,0,102,0,2,1,0,0,90600,50,2.5,1,0,6,3370.43262,0.687180221,0,17.9799976,16.8360882,70.3899536,17.9836998,15.8842039,360,0.746063232,1,0,1,1,0
1812,4778,2,8327376,0,0,29,0,102,0,2,1,0,0,90650,50,2.5,1,0,6,3370.56128,2.70931339,0,17.9874344,16.2196865,56.6281128,17.9397507,13.8328867,358.981995,0,1,0,4,4,0
1812,4779,3,8327452,0,0,0,0,102,0,2,1,0,0,90650,50,2.5,1,0,6,3370.94849,0.588216007,0,17.9753399,16.9886703,70.9877014,17.9822388,16.0402393,360,0.742858887,1,0,1,1,0
1813,4780,2,8327376,0,0,0,0,102,0,2,1,0,0,90700,50,2.5,1,0,6,3370.42896,2.45882869,0,17.9846859,15.9101582,57.1223145,17.9489841,13.9886007,359.177917,0,1,0,3,3,0
1813,4781,3,8327452,0,0,0,0,102,0,2,1,0,0,90700,50,2.5,1,0,6,3371.42871,0.653003633,0,17.9695568,17.1399498,76.6771545,17.980423,16.1962929,360,0.678100586,1,0,1,1,0
1814,4782,2,8327376,0,0,0,0,102,0,2,1,0,0,90750,50,2.5,1,0,6,3370.53638,2.28656673,0,17.986515,16.0574856,57.5650024,17.9573765,14.1443682,359.596832,0,1,0,3,3,0
1814,4783,3,8327452,0,0,0,0,102,0,2,1,0,0,90750,50,2.5,1,0,6,3371.87988,0.700722456,0,17.9624386,17.2939758,77.02771,17.9782238,16.3523617,360,0.543914795,1,0,1,1,0
1815,4784,2,8327376,0,0,0,0,102,0,2,1,0,0,90800,50,2.5,1,0,6,3370.61816,2.79411197,0,17.9874134,16.2099113,58.0302124,17.9647675,14.3001823,359.974243,0,1,0,3,3,0
1815,4785,3,8327452,0,0,0,0,102,0,2,1,0,0,90800,50,2.5,1,0,6,3372.30859,0.729958296,0,17.9542046,17.4451828,77.34198,17.9756279,16.5084438,360,0.349822998,1,0,1,1,0
1816,4786,2,8327376,0,0,0,0,102,0,2,1,0,0,90850,50,2.5,1,0,6,3370.5061,3.3577168,0,17.9872665,16.3653088,58.5125427,17.9710484,14.4560337,360,0.314758301,1,0,3,3,0
1816,4787,3,8327452,0,0,0,0,102,0,2,1,0,0,90850,50,2.5,1,0,6,3372.72046,0.743317425,0,17.9453201,17.5870876,77.6081543,17.9726295,16.6645374,360,0.109771729,1,0,1,1,0
1817,4788,2,8327376,0,0,0,0,102,0,2,1,0,0,90900,50,2.5,1,0,6,3370.25171,3.75216866,0,17.9859314,16.5281906,59.0247498,17.9761524,14.6119127,360,0.618743896,1,0,3,3,0
1817,4789,3,8327452,0,0,0,0,102,0,2,1,0,0,90900,50,2.5,1,0,6,3373.12012,0.744413376,0,17.9346085,17.7378483,77.8612976,17.9692307,16.8206425,359.77948,0,1,0,1,1,0
1818,4790,2,8327376,0,32,0,0,102,0,2,1,0,0,90950,50,2.5,1,0,6,3369.90796,3.9849093,0,17.9874153,16.2107372,59.5212708,17.9800472,14.767808,360,1.08453369,1,0,2,2,0
1818,4791,3,8327452,0,0,0,0,102,0,2,1,0,0,90950,50,2.5,1,0,6,3373.51123,0.735856295,0,17.922596,17.8879871,78.0809326,17.965435,16.976757,359.376556,0,1,0,1,1,0
1819,4792,2,8327376,0,0,0,0,102,0,2,1,0,0,91000,50,2.5,1,0,6,3369.61841,4.07870722,0,17.9872837,16.361515,60.0064392,17.9827614,14.9237118,360,0.667602539,1,0,2,2,0
1819,4793,3,8327452,0,0,45,0,102,0,2,1,0,0,91000,50,2.5,1,0,6,3373.89673,0.720659733,0,17.9079723,18.0510273,78.2936707,17.9612541,17.1328793,358.86557,0,1,0,1,1,0
1820,4794,2,8327376,0,0,0,0,102,0,2,1,0,0,91050,50,2.5,1,0,6,3369.23755,2.73550773,0,17.9862041,16.5044994,66.5475464,17.9846458,15.0796337,360,0.929077148,1,0,2,2,0
1820,4795,3,8327452,0,0,54,0,102,0,2,1,0,0,91050,50,2.5,1,0,6,3374.12036,0.70143652,0,17.8930969,18.2001286,78.4566345,17.9566116,17.2889996,358.627655,0,1,0,1,1,0
1821,4796,2,8327376,0,39,0,0,102,0,2,1,0,0,91100,50,2.5,1,0,6,3369.37451,2.3443985,0,17.9839706,16.6586761,67.3856812,17.9856606,15.235569,360,1.15258789,1,0,2,2,0
1821,4797,3,8327452,0,0,62,0,102,0,2,1,0,0,91100,50,2.5,1,0,6,3374.29053,0.892138362,0,17.8780041,18.3380966,78.5743103,17.9513512,17.4451046,358.433929,0,1,0,1,1,0
1822,4798,2,8327376,0,0,0,0,102,0,2,1,0,0,91150,50,2.5,1,0,6,3369.53613,2.43828154,0,17.9873333,16.3489189,68.2080078,17.9858627,15.3915129,360,0.937438965,1,0,1,1,0
1822,4799,3,8327452,0,0,70,0,102,0,2,1,0,0,91150,50,2.5,1,0,6,3374.32153,1.26446271,0,17.8600464,18.4884357,78.6795349,17.945303,17.6011791,358.231079,0,1,0,1,1,0
1823,4800,2,8327376,0,40,0,0,102,0,2,1,0,0,91200,50,2.5,1,0,6,3369.61084,1.61937296,0,17.9861984,16.5049553,68.9529114,17.9855423,15.5474739,360,1.16439819,1,0,1,1,0
1823,4801,3,8327452,0,0,78,0,102,0,2,1,0,0,91200,50,2.5,1,0,6,3374.17627,1.77352238,0,17.8394356,18.6461353,78.7517395,17.9382992,17.7572002,358.040131,0,1,0,1,1,0
1824,4802,2,8327376,0,0,0,0,102,0,2,1,0,0,91250,50,2.5,1,0,6,3370.05322,1.38422,0,17.9841728,16.647501,69.5986938,17.9847431,15.7034521,360,0.70980835,1,0,1,1,0
1824,4803,3,8327452,0,0,83,0,102,0,2,1,0,0,91250,50,2.5,1,0,6,3373.9187,2.43109727,0,17.8185902,18.7926102,78.7909851,17.9301682,17.9131489,357.89859,0,1,0,1,1,0
1825,4804,2,8327376,0,0,0,0,102,0,2,1,0,0,91300,50,2.5,1,0,6,3370.41504,1.01098287,0,17.9806385,16.8115559,70.2874756,17.9836864,15.8594532,360,0.767364502,1,0,1,1,0
1825,4805,3,8327452,0,0,89,0,102,0,2,1,0,0,91300,50,2.5,1,0,6,3373.42432,3.25120354,0,17.7971973,18.9317532,78.7962646,17.9207401,18.0689926,357.770233,0,1,0,1,1,0
1826,4806,2,8327376,0,0,0,0,102,0,2,1,0,0,91350,50,2.5,1,0,6,3370.92065,0.911850572,0,17.9765644,16.9520359,70.846283,17.9823074,16.0154743,360,0.792297363,1,0,1,1,0
1826,4807,3,8327452,0,0,93,0,102,0,2,1,0,0,91350,50,2.5,1,0,6,3372.44678,4.18148851,0,17.7712803,19.0877209,78.7694702,17.9098606,18.2246857,357.644012,0,1,0,1,1,0
1827,4808,2,8327376,0,0,0,0,102,0,2,1,0,0,91400,50,2.5,1,0,6,3371.39087,0.978090882,0,17.9709167,17.1070023,76.5979004,17.980566,16.1715126,360,0.732849121,1,0,1,1,0
1827,4809,3,8327452,0,0,98,0,102,0,2,1,0,0,91400,50,2.5,1,0,6,3371.17749,5.2197175,0,17.7470417,19.2230873,78.7123718,17.8973808,18.3801899,357.538544,0,1,0,1,1,0
1828,4810,2,8327376,0,0,0,0,102,0,2,1,0,0,91450,50,2.5,1,0,6,3371.83179,1.02565157,0,17.9642277,17.2577057,76.9479065,17.9784355,16.3275661,360,0.617095947,1,0,1,1,0
1828,4811,3,8327452,0,0,123,0,102,0,2,1,0,0,91450,50,2.5,1,0,6,3369.69067,6.32492018,0,17.6286774,19.778513,81.4399414,17.8831635,18.5354652,357.014221,0,1,0,2,2,0
1829,4812,2,8327376,0,0,0,0,102,0,2,1,0,0,91500,50,2.5,1,0,6,3372.25049,1.05472648,0,17.9562855,17.409111,77.2673035,17.9759007,16.483633,360,0.435394287,1,0,1,1,0
1829,4813,3,8327452,0,0,114,0,102,0,2,1,0,0,91500,50,2.5,1,0,6,3367.64355,7.50754261,0,17.5966244,19.9063225,81.2695923,17.8670616,18.6904526,357.215729,0,1,0,2,2,0
1830,4814,2,8327376,0,0,0,0,102,0,2,1,0,0,91550,50,2.5,1,0,6,3372.65259,1.06772149,0,17.9469986,17.5616264,77.5604858,17.9729557,16.6397114,360,0.183807373,1,0,1,1,0
1830,4815,3,8327452,0,0,111,0,102,0,2,1,0,0,91550,50,2.5,1,0,6,3365.55859,9.43237209,0,17.559433,20.0454063,81.0426636,17.8488884,18.8450909,357.283203,0,1,0,2,2,0
1831,4816,2,8327376,0,0,0,0,102,0,2,1,0,0,91600,50,2.5,1,0,6,3373.04321,1.0678488,0,17.9356823,17.723568,77.839325,17.9696045,16.7957993,359.839996,0,1,0,1,1,0
1831,4817,3,8327452,0,0,110,0,102,0,2,1,0,0,91600,50,2.5,1,0,6,3362.9729,11.1880264,0,17.518631,20.1880131,80.7700195,17.8285217,18.9993191,357.286224,0,1,0,2,2,0
1832,4818,2,8327376,0,0,0,0,102,0,2,1,0,0,91650,50,2.5,1,0,6,3373.42578,1.05852318,0,17.9237194,17.8746719,78.0680237,17.9658527,16.9518948,359.44812,0,1,0,1,1,0
1832,4819,3,8327452,0,0,111,0,102,0,2,1,0,0,91650,50,2.5,1,0,6,3359.82422,12.555913,0,17.4773846,20.3230858,80.4756165,17.8058758,19.1530685,357.262268,0,1,0,2,2,0
1833,4820,2,8327376,0,0,39,0,102,0,2,1,0,0,91700,50,2.5,1,0,6,3373.80249,1.04295969,0,17.9111786,18.016819,78.2503967,17.96171,17.1079979,358.999908,0,1,0,1,1,0
1833,4821,3,8327452,0,0,111,0,102,0,2,1,0,0,91700,50,2.5,1,0,6,3356.39844,13.6838427,0,17.4361057,20.4515209,80.1569824,17.7808838,19.306284,357.24646,0,1,0,2,2,0
1834,4822,2,8327376,0,0,50,0,102,0,2,1,0,0,91750,50,2.5,1,0,6,3374.04614,1.02216232,0,17.8968086,18.1642914,78.415741,17.9571133,17.264101,358.720978,0,1,0,1,1,0
1834,4823,3,8327452,0,0,111,0,102,0,2,1,0,0,91750,50,2.5,1,0,6,3352.77222,14.6981831,0,17.3907013,20.5862007,79.7867432,17.7534885,19.4589081,357.21814,0,1,0,2,2,0
1835,4824,2,8327376,0,0,61,0,102,0,2,1,0,0,91800,50,2.5,1,0,6,3374.23315,1.16643119,0,17.8794041,18.3258076,78.5660095,17.9519291,17.4201927,358.450806,0,1,0,1,1,0
1835,4825,3,8327452,0,0,112,0,102,0,2,1,0,0,91800,50,2.5,1,0,6,3348.97217,15.5979738,0,17.3426113,20.72229,79.3762817,17.7236481,19.6108837,357.189941,0,1,0,2,2,0
1836,4826,2,8327376,0,0,0,0,102,0,2,1,0,0,91850,50,2.5,1,0,6,3374.28491,1.48004186,0,17.9095478,18.0343418,78.6717529,17.9459972,17.5762558,359.06073,0,1,1,0,0,0
1836,4827,3,8327452,0,0,111,0,102,0,2,1,0,0,91850,50,2.5,1,0,6,3345.02173,16.3791523,0,17.2917519,20.8597965,78.9056091,17.691328,19.7621574,357.176514,0,1,0,2,2,0
1837,4828,2,8327376,0,0,255,0,102,255,2,2,0,0,91900,50,2.5,1,0,6,3374.5127,1.95954192,0,15.5151949,21.2204189,78.628479,17.9392624,17.7322903,329.026245,0,1,0,8,8,0
1837,4829,3,8327452,0,0,111,0,102,0,2,1,0,0,91900,50,2.5,1,0,6,3340.9856,17.0977325,0,17.2349548,21.0064926,78.36203,17.6564999,19.9126759,357.159882,0,1,0,2,2,0
1838,4830,2,8327376,0,0,255,0,102,0,2,2,0,0,91950,50,2.5,1,0,6,3369.56665,2.01277423,0,15.1854534,21.658289,78.2584839,17.9311352,17.8880386,331.400055,0,1,0,9,9,0
1838,4831,3,8327452,0,0,110,0,102,0,2,1,0,0,91950,50,2.5,1,0,6,3337.01318,17.6894512,0,17.1784515,21.1461048,77.7861633,17.6191444,20.0623932,357.163727,0,1,0,2,2,0
1839,4832,2,8327376,0,0,255,0,102,0,2,2,0,0,92000,50,2.5,1,0,6,3366.47583,11.1167955,0,15.11028,21.750124,77.9049988,17.9206066,18.0433998,332.72226,0,1,0,9,9,0
1839,4833,3,8327452,0,0,120,0,102,0,2,1,0,0,92000,50,2.5,1,0,6,3333.01172,18.1873531,0,16.9600239,21.6378288,77.1669312,17.5792522,20.211256,356.87616,0,1,0,3,3,0
1840,4834,2,8327376,0,0,255,0,102,0,2,2,0,0,92050,50,2.5,1,0,6,3360.26807,21.4960461,0,15.0285702,21.8469486,77.5222473,17.9071941,18.1981716,334.045227,0,1,0,9,9,0
1840,4835,3,8327452,0,0,112,0,102,0,2,1,0,0,92050,50,2.5,1,0,6,3328.83716,18.5702209,0,16.8968983,21.7682419,76.7190857,17.5368195,20.3592148,357.057251,0,1,0,3,3,0
1841,4836,2,8327376,0,0,255,0,102,0,2,2,0,0,92100,50,2.5,1,0,6,3351.71411,32.3806953,0,14.9380312,21.9507713,77.0994873,17.8905392,18.3521461,335.375427,0,1,0,9,9,0
1841,4837,3,8327452,0,0,108,0,102,0,2,1,0,0,92100,50,2.5,1,0,6,3324.82349,19.3439922,0,16.8245621,21.9123077,76.2634888,17.4918156,20.5062046,357.162903,0,1,0,3,3,0
1842,4838,2,8327376,0,0,255,0,102,0,2,2,0,0,92150,50,2.5,1,0,6,3341.14844,43.8360291,0,14.853673,22.0443974,76.7113953,17.8703785,18.505125,336.727539,0,1,0,9,9,0
1842,4839,3,8327452,0,0,103,0,102,0,2,1,0,0,92150,50,2.5,1,0,6,3320.71582,19.8180866,0,16.7584515,22.0393848,75.8624878,17.4442444,20.6521797,357.270996,0,1,0,3,3,0
1843,4840,2,8327376,0,0,255,0,102,0,2,2,0,0,92200,50,2.5,1,0,6,3328.36572,55.5298195,0,14.7672291,22.1373825,76.3097534,17.8465214,18.6568947,338.097534,0,1,0,9,9,0
1843,4841,3,8327452,0,0,99,0,102,0,2,1,0,0,92200,50,2.5,1,0,6,3316.70044,19.8931618,0,16.6862831,22.173521,75.4533691,17.3941231,20.7971001,357.343079,0,1,0,3,3,0
1844,4842,2,8327376,0,0,255,0,102,0,2,2,0,0,92250,50,2.5,1,0,6,3313.52393,67.2405701,0,14.6881332,22.2199497,75.9503479,17.8188362,18.8072395,339.492859,0,1,0,9,9,0
1844,4843,3,8327452,0,0,97,0,102,0,2,1,0,0,92250,50,2.5,1,0,6,3312.83228,19.64888,0,16.6073799,22.3151245,75.0194092,17.341486,20.940937,357.388977,0,1,0,3,3,0
1845,4844,2,8327376,0,0,255,0,102,0,2,2,0,0,92300,50,2.5,1,0,6,3296.79443,78.847702,0,14.5946226,22.3146038,75.5288696,17.7872353,18.9559479,340.904236,0,1,0,9,9,0
1845,4845,3,8327452,0,0,94,0,102,0,2,1,0,0,92300,50,2.5,1,0,6,3309.16406,19.1635113,0,16.5361366,22.4388027,74.6512451,17.2863789,21.0836678,357.453918,0,1,0,3,3,0
1846,4846,2,8327376,0,0,255,0,102,0,2,2,0,0,92350,50,2.5,1,0,6,3278.05835,90.2793655,0,14.504859,22.4025707,75.1325073,17.7516708,19.1028004,342.341003,0,1,0,9,9,0
1846,4847,3,8327452,0,0,92,0,102,0,2,1,0,0,92350,50,2.5,1,0,6,3305.76318,18.5894241,0,16.4592915,22.5680828,74.2744751,17.2288494,21.225275,357.502136,0,1,0,3,3,0
1847,4848,2,8327376,0,0,255,0,102,0,2,2,0,0,92400,50,2.5,1,0,6,3257.7688,101.43718,0,14.4221802,22.4811916,74.770874,17.7121239,19.2475948,343.80777,0,1,0,9,9,0
1847,4849,3,8327452,0,0,89,0,102,0,2,1,0,0,92400,50,2.5,1,0,6,3302.6189,17.9362488,0,16.3800545,22.6972122,73.9060669,17.168951,21.3657436,357.548096,0,1,0,3,3,0
1848,4850,2,8327376,0,0,255,0,102,0,2,2,0,0,92450,50,2.5,1,0,6,3236.07812,112.335167,0,14.3331299,22.5633869,74.3910828,17.6686058,19.3901386,345.299927,0,1,0,9,9,0
1848,4851,3,8327452,0,0,88,0,102,0,2,1,0,0,92450,50,2.5,1,0,6,3299.76489,17.2496967,0,16.2997475,22.8240528,73.5509338,17.106739,21.505064,357.582794,0,1,0,3,3,0
1849,4852,2,8327376,0,0,255,0,102,0,2,2,0,0,92500,50,2.5,1,0,6,3213.12549,122.957428,0,14.2420263,22.644907,74.0071411,17.6211452,19.5302429,346.820648,0,1,0,9,9,0
1849,4853,3,8327452,0,0,86,0,102,0,2,1,0,0,92500,50,2.5,1,0,6,3297.16943,16.5153294,0,16.218504,22.9484959,73.1818542,17.0422707,21.6432285,357.623535,0,1,0,3,3,0
1850,4854,2,8327376,0,0,255,0,102,0,2,2,0,0,92550,50,2.5,1,0,6,3189.0376,133.288895,0,14.1507635,22.7240562,73.6310425,17.5697937,19.6677265,348.372559,0,1,0,9,9,0
1850,4855,3,8327452,0,0,84,0,102,0,2,1,0,0,92550,50,2.5,1,0,6,3294.86157,15.8129244,0,16.1337814,23.0743809,72.6495667,16.9756031,21.7802334,357.655609,0,1,0,3,3,0
1851,4856,2,8327376,0,0,255,0,102,0,2,2,0,0,92600,50,2.5,1,0,6,3164.20166,143.329407,0,14.0597258,22.8005905,73.2659912,17.5146141,19.8024273,349.956543,0,1,0,9,9,0
1851,4857,3,8327452,0,0,82,0,102,0,2,1,0,0,92600,50,2.5,1,0,6,3293.16895,15.1359005,0,16.0488682,23.1967907,72.1438599,16.906786,21.91609,357.682129,0,1,0,3,3,0
1852,4858,2,8327376,0,0,255,0,102,0,2,2,0,0,92650,50,2.5,1,0,6,3138.44946,153.102234,0,13.966012,22.8769264,72.8998718,17.4556847,19.9341774,351.571533,0,1,0,9,9,0
1852,4859,3,8327452,0,0,81,0,102,0,2,1,0,0,92650,50,2.5,1,0,6,3291.96069,14.4750748,0,15.9574442,23.3246307,71.6338501,16.8358669,22.0508022,357.691467,0,1,0,3,3,0
1853,4860,2,8327376,0,0,229,0,102,0,2,2,0,0,92700,50,2.5,1,0,6,3111.87769,162.556381,0,13.8665733,22.9553013,72.5202332,17.3930988,20.0628166,353.216766,0,1,0,9,9,0
1853,4861,3,8327452,0,0,80,0,102,0,2,1,0,0,92700,50,2.5,1,0,6,3290.96924,13.8128319,0,15.8735981,23.4384594,71.1957092,16.7629013,22.1843719,357.71228,0,1,0,3,3,0
1854,4862,2,8327376,0,0,178,0,102,0,2,2,0,0,92750,50,2.5,1,0,6,3085.45288,171.678391,0,13.7751369,23.0250549,72.1851807,17.3268623,20.1881313,354.652893,0,1,0,9,9,0
1854,4863,3,8327452,0,0,79,0,102,0,2,1,0,0,92750,50,2.5,1,0,6,3290.58569,13.1998005,0,15.7774591,23.5651646,70.7217407,16.6879387,22.3168163,357.711945,0,1,0,3,3,0
1855,4864,2,8327376,0,0,143,0,102,0,2,2,0,0,92800,50,2.5,1,0,6,3059.12695,176.618896,0,13.6886759,23.0890312,71.8773193,17.2569046,20.309864,355.644501,0,1,0,9,9,0
1855,4865,3,8327452,0,0,79,0,102,0,2,1,0,0,92800,50,2.5,1,0,6,3290.37329,12.6596775,0,15.687274,23.6805077,70.3048401,16.6110268,22.4481316,357.716675,0,1,0,3,3,0
1856,4866,2,8327376,0,0,113,0,102,0,2,2,0,0,92850,50,2.5,1,0,6,3032.08301,172.382507,0,13.5974226,23.1545143,67.9955139,17.1832294,20.4278584,356.340942,0,1,0,9,9,0
1856,4867,3,8327452,0,0,78,0,102,0,2,1,0,0,92850,50,2.5,1,0,6,3290.40161,12.1650267,0,15.5989046,23.7903786,69.9211731,16.5322094,22.5783195,357.728333,0,1,0,3,3,0
1857,4868,2,8327376,0,0,98,0,102,0,2,2,0,0,92900,50,2.5,1,0,6,3006.15527,160.386765,0,13.4973927,23.223959,67.6280823,17.105875,20.5420418,356.787476,0,1,0,9,9,0
1857,4869,3,8327452,0,0,78,0,102,0,2,1,0,0,92900,50,2.5,1,0,6,3290.57104,11.7399359,0,15.498786,23.9112701,69.5122681,16.4515285,22.7073727,357.712585,0,1,0,3,3,0
1858,4870,2,8327376,0,0,86,0,102,0,2,2,0,0,92950,50,2.5,1,0,6,2982.2688,143.280685,0,13.4106121,23.2822685,67.3156433,17.0249519,20.6524525,357.139252,0,1,0,9,9,0
1858,4871,3,8327452,0,0,78,0,102,0,2,1,0,0,92950,50,2.5,1,0,6,3290.83911,11.3557272,0,15.4082651,24.0174198,69.1665955,16.3690243,22.8352871,357.712921,0,1,0,3,3,0
1859,4872,2,8327376,0,0,77,0,102,0,2,2,0,0,93000,50,2.5,1,0,6,2961.802,124.351379,0,13.3179245,23.3426037,66.9869995,16.9406013,20.7591934,357.411255,0,1,0,9,9,0
1859,4873,3,8327452,0,0,255,0,102,255,2,2,0,0,93000,50,2.5,1,0,6,3291.19971,11.0222178,0,11.2617989,24.2197075,58.5042114,16.2847328,22.9620552,321.616547,0,1,0,10,10,0
1860,4874,2,8327376,0,0,64,0,102,0,2,2,0,0,93050,50,2.5,1,0,6,2945.11182,105.629593,0,13.5510082,23.1870403,66.6354065,16.852993,20.8624191,357.796326,0,1,0,8,8,0
1860,4875,3,8327452,0,0,255,0,102,255,2,2,0,0,93050,50,2.5,1,0,6,3286.18384,10.7460394,0,11.1378794,24.2483006,58.2554321,16.1986637,23.0873852,324.130859,0,1,0,10,10,0
1861,4876,2,8327376,0,0,59,0,102,0,2,2,0,0,93100,50,2.5,1,0,6,2932.42847,88.1284027,0,13.4597139,23.2494907,66.3212891,16.7623062,20.9623127,357.963684,0,1,0,8,8,0
1861,4877,3,8327452,0,0,255,0,102,255,2,2,0,0,93100,50,2.5,1,0,6,3280.49219,24.8338051,0,10.5255919,24.3644428,58.0022278,16.110321,23.2106476,326.53537,0,1,0,11,11,0
1862,4878,2,8327376,0,0,54,0,102,0,2,2,0,0,93150,50,2.5,1,0,6,2923.3938,71.9971237,0,13.3766346,23.304615,66.0403748,16.6687489,21.0591145,358.118256,0,1,0,8,8,0
1862,4879,3,8327452,0,0,255,0,102,255,2,2,0,0,93150,50,2.5,1,0,6,3270.61572,47.2793846,0,10.3660612,24.388689,57.7451477,16.0194607,23.3313179,329.107605,0,1,0,11,11,0
1863,4880,2,8327376,0,0,50,0,102,0,2,2,0,0,93200,50,2.5,1,0,6,2918.01025,57.9543114,0,13.2818251,23.3655701,65.7339783,16.5725327,21.1530743,358.249634,0,1,0,8,8,0
1863,4881,3,8327452,0,0,255,0,0,255,2,2,0,0,93200,50,2.5,1,0,6,3256.22607,73.7817764,0,10.2306271,24.4075432,57.5423889,15.9260082,23.4489651,331.718964,0,1,0,11,11,0
1864,4882,2,8327376,0,0,46,0,102,0,2,2,0,0,93250,50,2.5,1,0,6,2915.79395,46.2504845,0,13.190176,23.422554,65.4429321,16.4738693,21.2444515,358.36731,0,1,0,8,8,0
1864,4883,3,8327452,0,0,255,0,0,255,2,2,0,0,93250,50,2.5,1,0,6,3152.14136,103.295197,0,10.0839033,24.42626,57.3459778,15.8339119,23.5612469,333.15509,0,1,0,11,11,0
1865,4884,2,8327376,0,0,44,0,102,0,2,2,0,0,93300,50,2.5,1,0,6,2916.2749,36.7094727,0,13.0856533,23.4852734,65.1264648,16.372961,21.3334999,358.455933,0,1,0,8,8,0
1865,4885,3,8327452,0,0,255,0,0,255,2,2,0,0,93300,50,2.5,1,0,6,3044.96729,125.711273,0,9.93261433,24.4437866,57.1629639,15.7432146,23.6680698,334.638611,0,1,0,11,11,0
1866,4886,2,8327376,0,0,35,0,102,0,2,2,0,0,93350,50,2.5,1,0,6,2918.948,29.0648594,0,13.331953,23.3335991,64.8504639,16.2700024,21.4204636,358.73761,0,1,0,7,7,0
1866,4887,3,8327452,0,0,255,0,0,255,2,2,0,0,93350,50,2.5,1,0,6,2937.35693,145.816605,0,9.79294586,24.4584293,57.0111542,15.6539392,23.7693596,336.174652,0,1,0,11,11,0
1867,4888,2,8327376,0,0,33,0,102,0,2,2,0,0,93400,50,2.5,1,0,6,2923.45508,23.0925713,0,13.2366066,23.393919,64.5797729,16.1651726,21.5055733,358.814178,0,1,0,7,7,0
1867,4889,3,8327452,0,0,255,0,0,255,2,2,0,0,93400,50,2.5,1,0,6,2829.44849,164.945084,0,9.65785122,24.4712448,56.8874512,15.5661335,23.8650818,337.76178,0,1,0,11,11,0
1868,4890,2,8327376,0,0,31,0,102,0,2,2,0,0,93450,50,2.5,1,0,6,2929.28223,18.2521477,0,13.1401863,23.4528503,64.3183289,16.0586433,21.5890579,358.877441,0,1,0,7,7,0
1868,4891,3,8327452,0,0,255,0,0,255,2,2,0,0,93450,50,2.5,1,0,6,2721.53687,182.615891,0,9.52823925,24.4823322,56.7858887,15.4798908,23.955286,339.399292,0,1,0,11,11,0
1869,4892,2,8327376,0,0,30,0,102,0,2,2,0,0,93500,50,2.5,1,0,6,2936.22607,14.4758139,0,13.0509319,23.5055771,64.09198,15.950572,21.6711254,358.92865,0,1,0,7,7,0
1869,4893,3,8327452,0,0,255,0,0,255,2,2,0,0,93500,50,2.5,1,0,6,2614.29419,198.686829,0,9.41832352,24.4908371,56.7172852,15.3953381,24.0400982,341.08606,0,1,0,11,11,0
1870,4894,2,8327376,0,0,29,0,102,0,2,2,0,0,93550,50,2.5,1,0,6,2943.96997,11.6498966,0,12.9428387,23.5671387,63.8312988,15.8410959,21.7519569,358.953796,0,1,0,7,7,0
1870,4895,3,8327452,0,0,255,0,102,0,2,2,0,0,93550,50,2.5,1,0,6,2508.37866,213.527603,0,8.75582886,24.5256195,56.6573486,15.3126001,24.1196671,342.750946,0,1,0,12,12,0
1871,4896,2,8327376,0,0,0,0,102,0,2,2,0,0,93600,50,2.5,1,0,6,2952.49951,9.56475258,0,13.1966667,23.418581,63.6276245,15.7303267,21.8317165,359.230499,0,1,0,6,6,0
1871,4897,3,8327452,0,0,255,0,102,0,2,2,0,0,93600,50,2.5,1,0,6,2481.10913,227.557571,0,8.61926842,24.5294514,56.6106262,15.2276525,24.1950607,344.53949,0,1,0,12,12,0
1872,4898,2,8327376,0,0,0,0,102,0,2,2,0,0,93650,50,2.5,1,0,6,2961.49194,8.03906536,0,13.0872135,23.4843559,63.3997803,15.6183929,21.9105759,360,0.303482056,1,0,6,6,0
1872,4899,3,8327452,0,0,255,0,102,0,2,2,0,0,93650,50,2.5,1,0,6,2455.33252,226.742386,0,8.49648952,24.5319633,56.5888824,15.140521,24.2658024,346.371552,0,1,0,12,12,0
1873,4900,2,8327376,0,0,7,0,102,0,2,2,0,0,93700,50,2.5,1,0,6,2970.50073,9.80314159,0,12.985877,23.5429268,58.9962463,15.505167,21.9882488,360,1.28923035,1,0,6,6,0
1873,4901,3,8327452,0,0,242,0,102,0,2,2,0,0,93700,50,2.5,1,0,6,2426.67114,226.325272,0,8.37560463,24.5335865,56.5880127,15.0513296,24.3316059,348.245117,0,1,0,12,12,0
1874,4902,2,8327376,0,30,0,0,102,0,2,2,0,0,93750,50,2.5,1,0,6,2978.87451,12.124239,0,12.880661,23.6014271,58.7042236,15.3905668,22.0645332,360,1.1572876,1,0,6,6,0
1874,4903,3,8327452,0,0,203,0,102,0,2,2,0,0,93750,50,2.5,1,0,6,2397.78271,221.764389,0,8.25476837,24.5343761,56.6086884,14.960247,24.3923836,350.035889,0,1,0,12,12,0
1875,4904,2,8327376,0,0,0,0,102,0,2,2,0,0,93800,50,2.5,1,0,6,2986.93774,10.2656832,0,13.1212091,23.4642067,58.4247742,15.2747707,22.1397285,360,0.982849121,1,0,5,5,0
1875,4905,3,8327452,0,0,171,0,102,0,2,2,0,0,93800,50,2.5,1,0,6,2371.46582,213.243698,0,8.13747406,24.5343513,56.6460876,14.8674078,24.4480896,351.495483,0,1,0,12,12,0
1876,4906,2,8327376,0,47,0,0,102,0,2,2,0,0,93850,50,2.5,1,0,6,2995.51758,7.25761175,0,13.015975,23.5257568,58.1553955,15.1579742,22.2141705,360,1.81164551,1,0,5,5,0
1876,4907,3,8327452,0,0,146,0,102,0,2,2,0,0,93850,50,2.5,1,0,6,2347.37451,198.986557,0,8.03315163,24.5336819,56.7024536,14.7729368,24.4987488,352.691345,0,1,0,12,12,0
1877,4908,2,8327376,0,32,0,0,102,0,2,2,0,0,93900,50,2.5,1,0,6,3004.83862,7.57002544,0,12.9082451,23.5863152,57.8962097,15.0401297,22.287714,360,1.23028564,1,0,5,5,0
1877,4909,3,8327452,0,0,125,0,102,0,2,2,0,0,93900,50,2.5,1,0,6,2326.47681,179.936523,0,7.90277672,24.5319958,56.7945709,14.6769428,24.5444412,353.683441,0,1,0,12,12,0
1878,4910,2,8327376,0,28,0,0,102,0,2,2,0,0,93950,50,2.5,1,0,6,3013.55322,5.95658541,0,13.1465282,23.4490356,57.6581116,14.9214573,22.3607483,360,1.09230042,1,0,4,4,0
1878,4911,3,8327452,0,0,108,0,102,0,2,2,0,0,93950,50,2.5,1,0,6,2309.55591,158.402786,0,7.80011129,24.5300045,56.8882599,14.5795193,24.5853024,354.514404,0,1,0,12,12,0
1879,4912,2,8327376,0,0,0,0,102,0,2,2,0,0,94000,50,2.5,1,0,6,3022.84302,4.36588669,0,13.0358286,23.5143299,57.4310303,14.8021231,22.4335499,360,0.772827148,1,0,4,4,0
1879,4913,3,8327452,0,0,83,0,102,0,2,2,0,0,94000,50,2.5,1,0,6,2297.02271,136.096985,0,7.67685604,24.5268497,50.5652924,14.4807472,24.6215134,355.21582,0,1,0,12,12,0
1880,4914,2,8327376,0,34,0,0,102,0,2,2,0,0,94050,50,2.5,1,0,6,3032.36304,3.67071509,0,12.9339457,23.5720921,57.2372437,14.6822214,22.5062771,360,1.31103516,1,0,4,4,0
1880,4915,3,8327452,0,0,74,0,102,0,2,2,0,0,94050,50,2.5,1,0,6,2289.46094,114.348831,0,7.57278872,24.5235348,50.5085144,14.3806887,24.6532898,355.713379,0,1,0,12,12,0
1881,4916,2,8327376,0,31,0,0,102,0,2,2,0,0,94100,50,2.5,1,0,6,3041.87988,3.97688651,0,13.1569099,23.4427757,57.0361023,14.561677,22.5787735,360,1.21191406,1,0,3,3,0
1881,4917,3,8327452,0,0,66,0,102,0,2,2,0,0,94100,50,2.5,1,0,6,2286.15869,93.3200226,0,7.44707584,24.5187435,50.4554291,14.279397,24.6809254,356.152588,0,1,0,12,12,0
1882,4918,2,8327376,0,0,0,0,102,0,2,2,0,0,94150,50,2.5,1,0,6,3051.02319,3.73317647,0,13.0533075,23.5041981,56.8893738,14.44063,22.6512661,360,0.905639648,1,0,3,3,0
1882,4919,3,8327452,0,0,59,0,102,0,2,2,0,0,94150,50,2.5,1,0,6,2287.54175,74.4318542,0,7.33547592,24.5137653,50.4192352,14.176919,24.7047329,356.54361,0,1,0,12,12,0
1883,4920,2,8327376,0,33,0,0,102,0,2,2,0,0,94200,50,2.5,1,0,6,3060.10059,3.45142889,0,12.9360285,23.5709324,56.7568512,14.3191576,22.7238674,360,1.26838684,1,0,3,3,0
1883,4921,3,8327452,0,0,53,0,102,0,2,2,0,0,94200,50,2.5,1,0,6,2293.06519,58.5226555,0,7.22287369,24.508049,50.4050293,14.0732937,24.7250366,356.891724,0,1,0,12,12,0
1884,4922,2,8327376,0,34,0,0,102,0,2,2,0,0,94250,50,2.5,1,0,6,3069.07324,3.59575891,0,13.1581841,23.4420052,56.6555481,14.1971979,22.7964535,360,1.32200623,1,0,2,2,0
1884,4923,3,8327452,0,0,48,0,102,0,2,2,0,0,94250,50,2.5,1,0,6,2302.12256,45.4428902,0,7.12267256,24.5023804,50.4085693,13.9685555,24.7421608,357.206146,0,1,0,12,12,0
1885,4924,2,8327376,0,0,0,0,102,0,2,2,0,0,94300,50,2.5,1,0,6,3077.77808,3.53678846,0,13.039753,23.5120621,56.5978241,14.0748692,22.8692093,360,0.986282349,1,0,2,2,0
1885,4925,3,8327452,0,0,43,0,102,0,2,2,0,0,94300,50,2.5,1,0,6,2314.09448,34.9289131,0,7.0117569,24.4954624,50.422287,13.8627348,24.756422,357.48938,0,1,0,12,12,0
1886,4926,2,8327376,0,30,0,0,102,0,2,2,0,0,94350,50,2.5,1,0,6,3086.33203,3.49398613,0,12.9202585,23.5796852,56.5880127,13.9522314,22.9422188,360,1.16923523,1,0,2,2,0
1886,4927,3,8327452,0,0,38,0,102,0,2,2,0,0,94350,50,2.5,1,0,6,2328.40332,26.6518135,0,7.45180607,24.51894,50.459671,13.7558575,24.7681179,357.815674,0,1,0,11,11,0
1887,4928,2,8327376,0,42,0,0,102,0,2,2,0,0,94400,50,2.5,1,0,6,3094.73071,3.53717756,0,13.1541338,23.4444523,56.6257172,13.8292341,23.015377,360,1.61738586,1,0,1,1,0
1887,4929,3,8327452,0,0,34,0,102,0,2,2,0,0,94400,50,2.5,1,0,6,2344.51416,20.2263298,0,7.33868551,24.5139179,50.5180817,13.6479454,24.7775326,358.051147,0,1,0,11,11,0
1888,4930,2,8327376,0,31,0,0,102,0,2,2,0,0,94450,50,2.5,1,0,6,3102.92065,3.56598711,0,13.03269,23.51614,56.7218933,13.7059793,23.0888443,360,1.1782074,1,0,1,1,0
1888,4931,3,8327452,0,0,31,0,102,0,2,2,0,0,94450,50,2.5,1,0,6,2361.9624,15.2807198,0,7.20866299,24.5072803,50.6160126,13.5390186,24.7849255,358.25708,0,1,0,11,11,0
1889,4932,2,8327376,0,0,0,0,102,0,2,2,0,0,94500,50,2.5,1,0,6,3110.93457,3.67141223,0,12.9011593,23.5902119,56.9002686,13.5825567,23.1627483,360,0.582778931,1,0,1,1,0
1889,4933,3,8327452,0,0,28,0,102,0,2,2,0,0,94500,50,2.5,1,0,6,2380.37402,11.5234461,0,7.09070778,24.5004578,50.7262115,13.4290953,24.7905331,358.444092,0,1,0,11,11,0
1890,4934,2,8327376,0,0,0,0,102,0,2,2,0,0,94550,50,2.5,1,0,6,3118.71924,3.81254697,0,12.7845211,23.6528587,50.5250092,13.458993,23.237112,360,0.292541504,1,0,1,1,0
1890,4935,3,8327452,0,0,25,0,102,0,2,2,0,0,94550,50,2.5,1,0,6,2399.44556,8.71463585,0,6.98723793,24.4938393,50.848465,13.3181925,24.7945671,358.612244,0,1,0,11,11,0
1891,4936,2,8327376,0,0,0,0,102,0,2,2,0,0,94600,50,2.5,1,0,6,3126.30664,3.74698782,0,12.6583576,23.7174759,50.4394989,13.3352146,23.3118019,359.729797,0,1,0,1,1,0
1891,4937,3,8327452,0,0,23,0,102,0,2,2,0,0,94600,50,2.5,1,0,6,2418.92847,6.62845993,0,6.86805344,24.4854889,51.0184937,13.2063246,24.7972145,358.754974,0,1,0,11,11,0
1892,4938,2,8327376,0,0,26,0,102,0,2,2,0,0,94650,50,2.5,1,0,6,3133.77344,3.69330621,0,12.5195427,23.7848701,50.404129,13.2111692,23.3867149,358.862488,0,1,0,1,1,0
1892,4939,3,8327452,0,0,19,0,102,0,2,2,0,0,94650,50,2.5,1,0,6,2438.62793,5.0778532,0,7.28846788,24.5114651,51.2543488,13.0935068,24.7986412,358.958099,0,1,0,10,10,0
1893,4940,2,8327376,0,0,47,0,102,0,2,2,0,0,94700,50,2.5,1,0,6,3141.05908,3.71296096,0,12.3978825,23.8408051,50.4238129,13.0867891,23.4617233,358.005127,0,1,0,1,1,0
1893,4941,3,8327452,0,0,0,0,102,0,2,2,0,0,94700,50,2.5,1,0,6,2458.41553,3.93675566,0,7.16277552,24.5047169,51.5109711,12.9797535,24.7989941,359.075684,0,1,0,10,10,0
1894,4942,2,8327376,0,0,71,0,102,0,2,2,0,0,94750,50,2.5,1,0,6,3148.15503,3.78543568,0,12.2568092,23.9020767,50.519165,12.9620018,23.5366879,357.021973,0,1,0,1,1,0
1894,4943,3,8327452,0,0,0,0,102,0,2,2,0,0,94750,50,2.5,1,0,6,2478.23804,3.07689953,0,7.03810644,24.4971676,51.8063812,12.8650751,24.7984524,360,0.297195435,1,0,10,10,0
1895,4944,2,8327376,0,0,92,0,102,0,2,2,0,0,94800,50,2.5,1,0,6,3154.9646,3.97806692,0,12.131937,23.9528637,50.6664581,12.8367014,23.6114044,356.159668,0,1,0,1,1,0
1895,4945,3,8327452,0,0,4,0,102,0,2,2,0,0,94800,50,2.5,1,0,6,2497.80396,4.54857254,0,6.90748024,24.4883385,52.1567535,12.7495289,24.7966652,360,1.43693542,1,0,10,10,0
1896,4946,2,8327376,0,0,118,0,102,0,2,2,0,0,94850,50,2.5,1,0,6,3161.38354,4.4551053,0,11.9834986,24.0083504,50.9259338,12.710763,23.6856136,355.118073,0,1,0,1,1,0
1896,4947,3,8327452,0,28,0,0,102,0,2,2,0,0,94850,50,2.5,1,0,6,2516.40088,6.57204151,0,6.79189205,24.4797382,52.4022827,12.6331758,24.7933846,360,1.4226532,1,0,10,10,0
1897,4948,2,8327376,0,0,142,0,102,0,2,2,0,0,94900,50,2.5,1,0,6,3167.21631,5.37467861,0,11.8369694,24.0584908,51.267868,12.584054,23.7590199,354.158264,0,1,0,1,1,0
1897,4949,3,8327452,0,23,0,0,102,0,2,2,0,0,94900,50,2.5,1,0,6,2534.42017,5.37111235,0,7.21851873,24.5078125,52.4238434,12.5160055,24.788908,360,1.19143677,1,0,9,9,0
1898,4950,2,8327376,0,0,164,0,102,0,2,2,0,0,94950,50,2.5,1,0,6,3172.26929,6.98942041,0,11.6949759,24.1031933,51.6844177,12.4564428,23.8312874,353.321411,0,1,0,1,1,0
1898,4951,3,8327452,0,0,0,0,102,0,2,2,0,0,94950,50,2.5,1,0,6,2552.66528,3.32399487,0,7.07744312,24.4996414,52.4432068,12.3980017,24.7835617,360,0.954605103,1,0,9,9,0
1899,4952,2,8327376,0,0,184,0,102,0,2,2,0,0,95000,50,2.5,1,0,6,3176.30371,9.50874424,0,11.5401182,24.1480522,52.221756,12.3278141,23.9020634,352.579681,0,1,0,1,1,0
1899,4953,3,8327452,0,36,0,0,102,0,2,2,0,0,95000,50,2.5,1,0,6,2571.08936,1.96456993,0,6.9618187,24.4921265,52.4956665,12.2791615,24.7775555,360,1.8129425,1,0,9,9,0
1900,4954,2,8327376,0,0,199,0,102,0,2,2,0,0,95050,50,2.5,1,0,6,3179.07056,13.0776377,0,11.3815851,24.1901855,52.4202118,12.1980753,23.9709854,352.02124,0,1,0,1,1,0
1900,4955,3,8327452,0,29,0,0,102,0,2,2,0,0,95050,50,2.5,1,0,6,2589.54761,2.44477916,0,6.8205595,24.4819393,52.6025085,12.1595249,24.7707043,360,1.44586182,1,0,9,9,0
1901,4956,2,8327376,0,0,218,0,102,0,2,2,0,0,95100,50,2.5,1,0,6,3180.39209,17.7905903,0,10.7596331,24.3246098,52.4620819,12.0671654,24.0376987,351.269958,0,1,0,2,2,0
1901,4957,3,8327452,0,23,0,0,102,0,2,2,0,0,95100,50,2.5,1,0,6,2607.38916,1.81761456,0,6.69973135,24.4723473,52.7261658,12.0390787,24.7633018,360,1.14573669,1,0,9,9,0
1902,4958,2,8327376,0,0,211,0,102,0,2,2,0,0,95150,50,2.5,1,0,6,3179.93384,23.5498009,0,10.5907059,24.3538818,52.5859833,11.9350634,24.1018639,351.592896,0,1,0,2,2,0
1902,4959,3,8327452,0,21,0,0,102,0,2,2,0,0,95150,50,2.5,1,0,6,2625.2356,1.08757675,0,7.10826302,24.5015221,52.9073029,11.917819,24.7555618,360,1.02171326,1,0,8,8,0
1903,4960,2,8327376,0,0,203,0,102,0,2,2,0,0,95200,50,2.5,1,0,6,3178.12817,30.6120377,0,10.4226551,24.3803444,52.7866364,11.8017626,24.1631527,351.939758,0,1,0,2,2,0
1903,4961,3,8327452,0,0,0,0,102,0,2,2,0,0,95200,50,2.5,1,0,6,2642.91187,0.785197735,0,6.98749542,24.4938602,53.0850677,11.7957487,24.7476368,360,0.823486328,1,0,8,8,0
1904,4962,2,8327376,0,0,200,0,102,0,2,2,0,0,95250,50,2.5,1,0,6,3174.75928,37.5335197,0,9.73580074,24.4640102,53.0591888,11.6672935,24.2213039,352.090393,0,1,0,3,3,0
1904,4963,3,8327452,0,28,0,0,102,0,2,2,0,0,95250,50,2.5,1,0,6,2660.30737,0.676590562,0,6.8545084,24.4844894,53.301651,11.6728773,24.7396164,360,1.35427856,1,0,8,8,0
1905,4964,2,8327376,0,0,184,0,102,0,2,2,0,0,95300,50,2.5,1,0,6,3169.94507,43.5617828,0,9.57801056,24.4782104,53.3320007,11.5317173,24.2761116,352.743835,0,1,0,3,3,0
1905,4965,3,8327452,0,22,0,0,102,0,2,2,0,0,95300,50,2.5,1,0,6,2677.43164,0.822802484,0,6.70633888,24.4728947,53.5747528,11.5492334,24.731308,360,1.06343079,1,0,8,8,0
1906,4966,2,8327376,0,0,170,0,102,0,2,2,0,0,95350,50,2.5,1,0,6,3164.30249,48.8894958,0,9.39473057,24.4925556,53.6915283,11.3950987,24.3273945,353.31488,0,1,0,3,3,0
1906,4967,3,8327452,0,0,0,0,102,0,2,2,0,0,95350,50,2.5,1,0,6,2694.1687,0.75022018,0,7.12230682,24.5023594,53.8438721,11.424819,24.722868,360,0.973892212,1,0,7,7,0
1907,4968,2,8327376,0,0,163,0,102,0,2,2,0,0,95400,50,2.5,1,0,6,3157.87573,52.5947952,0,8.70101261,24.5272903,54.0162659,11.2575159,24.3750324,353.626526,0,1,0,4,4,0
1907,4969,3,8327452,0,30,0,0,102,0,2,2,0,0,95400,50,2.5,1,0,6,2710.62305,0.671887517,0,6.99979782,24.4946766,54.1016693,11.2996454,24.714365,360,1.38241577,1,0,7,7,0
1908,4970,2,8327376,0,0,147,0,102,0,2,2,0,0,95450,50,2.5,1,0,6,3150.95068,54.4895477,0,8.53305244,24.5313072,54.3890228,11.1190557,24.4189625,354.262207,0,1,0,4,4,0
1908,4971,3,8327452,0,24,0,0,102,0,2,2,0,0,95450,50,2.5,1,0,6,2726.80664,0.736578107,0,6.86331987,24.4851418,54.4004517,11.1737347,24.7056789,360,1.09188843,1,0,7,7,0
1909,4972,2,8327376,0,0,152,0,102,0,2,2,0,0,95500,50,2.5,1,0,6,3144.16138,55.252018,0,8.35606861,24.5337715,62.4038544,10.9798002,24.4591331,354.8078,0,1,0,4,4,0
1909,4973,3,8327452,0,0,0,0,102,0,2,2,0,0,95500,50,2.5,1,0,6,2742.65063,0.700018167,0,7.26764345,24.5104046,62.3731689,11.0470896,24.6969604,360,0.965744019,1,0,6,6,0
1910,4974,2,8327376,0,0,133,0,102,0,2,2,0,0,95550,50,2.5,1,0,6,3137.15234,54.4925995,0,8.19384956,24.5344582,62.6374969,10.8398418,24.4955673,355.471771,0,1,0,4,4,0
1910,4975,3,8327452,0,32,0,0,102,0,2,2,0,0,95550,50,2.5,1,0,6,2758.19238,0.68283391,0,7.14314938,24.5035839,62.5474854,10.9197245,24.6882305,360,1.27342224,1,0,6,6,0
1911,4976,2,8327376,0,0,117,0,102,0,2,2,0,0,95600,50,2.5,1,0,6,3131.0105,53.6945953,0,8.04399586,24.5337791,62.8585358,10.6992579,24.5282459,356.018372,0,1,0,4,4,0
1911,4977,3,8327452,0,0,0,0,102,0,2,2,0,0,95600,50,2.5,1,0,6,2773.46289,0.687525332,0,6.99276257,24.4942093,62.7679138,10.7916546,24.6794491,360,0.975326538,1,0,6,6,0
1912,4978,2,8327376,0,0,104,0,102,0,2,2,0,0,95650,50,2.5,1,0,6,3125.29077,51.7224998,0,7.86953354,24.531414,63.1181335,10.5581198,24.557209,356.467285,0,1,0,4,4,0
1912,4979,3,8327452,0,31,0,0,102,0,2,2,0,0,95650,50,2.5,1,0,6,2788.40454,0.696291089,0,6.8513279,24.4842548,62.9806061,10.6628923,24.6706619,360,1.1849823,1,0,6,6,0
1913,4980,2,8327376,0,0,93,0,102,0,2,2,0,0,95700,50,2.5,1,0,6,3120.35571,48.3161087,0,7.72641945,24.5282173,63.3347931,10.4164925,24.5825462,356.852966,0,1,0,4,4,0
1913,4981,3,8327452,0,27,0,0,102,0,2,2,0,0,95700,50,2.5,1,0,6,2803.08643,0.689405322,0,7.28335905,24.5112057,63.1635742,10.5334501,24.6618557,360,1.03486633,1,0,5,5,0
1914,4982,2,8327376,0,0,83,0,102,0,2,2,0,0,95750,50,2.5,1,0,6,3116.46338,44.081131,0,7.5696125,24.5234261,63.568512,10.2744322,24.6043835,357.183502,0,1,0,4,4,0
1914,4983,3,8327452,0,0,0,0,102,0,2,2,0,0,95750,50,2.5,1,0,6,2817.47583,0.708740532,0,7.13181019,24.5029221,63.3894501,10.4033327,24.6531601,360,0.801528931,1,0,5,5,0
1915,4984,2,8327376,0,0,75,0,102,0,2,2,0,0,95800,50,2.5,1,0,6,3113.75586,39.4855309,0,7.41313839,24.5173016,63.8009186,10.1319857,24.6228733,357.467285,0,1,0,4,4,0
1915,4985,3,8327452,0,0,0,0,102,0,2,2,0,0,95800,50,2.5,1,0,6,2831.54639,0.763430893,0,6.99080276,24.4940777,63.6020355,10.2725544,24.6446114,360,0.934158325,1,0,5,5,0
1916,4986,2,8327376,0,0,68,0,102,0,2,2,0,0,95850,50,2.5,1,0,6,3112.25952,34.8327103,0,7.2471447,24.5093403,64.0443573,9.98919296,24.6381912,357.716431,0,1,0,4,4,0
1916,4987,3,8327452,0,28,0,0,102,0,2,2,0,0,95850,50,2.5,1,0,6,2845.32373,0.73416394,0,6.86597204,24.4853344,63.7878723,10.1411324,24.6361084,360,1.04554749,1,0,5,5,0
1917,4988,2,8327376,0,0,61,0,102,0,2,2,0,0,95900,50,2.5,1,0,6,3111.96509,30.3896351,0,7.0947237,24.5007,64.2626953,9.84608555,24.650528,357.939087,0,1,0,4,4,0
1917,4989,3,8327452,0,0,0,0,102,0,2,2,0,0,95900,50,2.5,1,0,6,2858.87109,0.70653075,0,7.26857758,24.5104542,64.0119934,10.0090799,24.627636,360,0.965591431,1,0,4,4,0
1918,4990,2,8327376,0,0,60,0,102,0,2,2,0,0,95950,50,2.5,1,0,6,3112.80151,26.3147507,0,6.94340897,24.4908619,69.6230469,9.70269012,24.6600761,358.129395,0,1,0,4,4,0
1918,4991,3,8327452,0,29,0,0,102,0,2,2,0,0,95950,50,2.5,1,0,6,2872.12012,0.734432578,0,7.14257717,24.5035515,64.194931,9.87640858,24.6192513,360,1.07208252,1,0,4,4,0
1919,4992,2,8327376,0,0,54,0,102,0,2,2,0,0,96000,50,2.5,1,0,6,3114.59204,22.6441002,0,6.79494905,24.4799747,69.6828156,9.55902672,24.6670341,358.340027,0,1,0,4,4,0
1919,4993,3,8327452,0,0,0,0,102,0,2,2,0,0,96000,50,2.5,1,0,6,2885.1189,0.725852787,0,7.00611115,24.4950905,64.3860779,9.74312878,24.6109505,360,0.794525146,1,0,4,4,0
1920,4994,2,8327376,0,0,48,0,102,0,2,2,0,0,96050,50,2.5,1,0,6,3117.31079,19.6038361,0,6.64729595,24.4679298,69.7431641,9.41511345,24.6715813,358.519165,0,1,0,4,4,0
1920,4995,3,8327452,0,31,0,0,102,0,2,2,0,0,96050,50,2.5,1,0,6,2897.8313,0.766626596,0,7.4200139,24.5175972,69.6539459,9.60925198,24.6027832,360,1.03622437,1,0,3,3,0
1921,4996,2,8327376,0,0,43,0,102,0,2,2,0,0,96100,50,2.5,1,0,6,3120.74023,17.0075855,0,6.49905682,24.4546013,69.7936707,9.27096367,24.6738968,358.662231,0,1,0,4,4,0
1921,4997,3,8327452,0,0,0,0,102,0,2,2,0,0,96100,50,2.5,1,0,6,2910.29321,0.757741094,0,7.26682472,24.5103626,69.7166901,9.47478771,24.594759,360,0.779525757,1,0,3,3,0
1922,4998,2,8327376,0,0,40,0,102,0,2,2,0,0,96150,50,2.5,1,0,6,3124.77734,14.7197638,0,6.35357285,24.4402981,69.8369598,9.12658596,24.6741581,358.775696,0,1,0,4,4,0
1922,4999,3,8327452,0,0,0,0,102,0,2,2,0,0,96150,50,2.5,1,0,6,2922.48071,0.814427555,0,7.14233112,24.5035362,69.7631683,9.33974838,24.5869255,360,0.808883667,1,0,3,3,0
1923,5000,2,8327376,0,0,36,0,102,0,2,2,0,0,96200,50,2.5,1,0,6,3129.32202,12.7462902,0,6.21933365,24.4260197,69.8698883,8.981987,24.6725368,358.87912,0,1,0,4,4,0
1923,5001,3,8327452,0,0,0,0,102,0,2,2,0,0,96200,50,2.5,1,0,6,2934.39551,0.805470407,0,7.00118732,24.4947681,69.8092194,9.20414829,24.5792294,360,0.79914856,1,0,3,3,0
1924,5002,2,8327376,0,0,34,0,102,0,2,2,0,0,96250,50,2.5,1,0,6,3134.29443,11.1152267,0,6.0757637,24.4095726,69.8961334,8.83717155,24.6691933,358.951019,0,1,0,4,4,0
1924,5003,3,8327452,0,34,0,0,102,0,2,2,0,0,96250,50,2.5,1,0,6,2946.07837,0.773948431,0,7.40608454,24.5169945,69.8490295,9.06800079,24.5716305,360,1.12355042,1,0,2,2,0
1925,5004,2,8327376,0,0,0,0,102,0,2,2,0,0,96300,50,2.5,1,0,6,3139.57739,9.76444244,0,5.92213631,24.3906078,69.9163818,8.69214249,24.6642761,359.004395,0,1,0,4,4,0
1925,5005,3,8327452,0,0,0,0,102,0,2,2,0,0,96300,50,2.5,1,0,6,2957.54907,0.757011414,0,7.26511955,24.5102768,69.8806458,8.93131351,24.5641689,360,0.829208374,1,0,2,2,0
1926,5006,2,8327376,0,0,0,0,102,0,2,2,0,0,96350,50,2.5,1,0,6,3145.27515,8.67475605,0,6.32393551,24.4372387,69.9274445,8.54689598,24.6579685,360,0.0482177734,1,0,3,3,0
1926,5007,3,8327452,0,0,0,0,102,0,2,2,0,0,96350,50,2.5,1,0,6,2968.7561,0.826241553,0,7.13793468,24.5032806,69.9041901,8.7940979,24.5569038,360,0.808319092,1,0,2,2,0
1927,5008,2,8327376,0,0,0,0,102,0,2,2,0,0,96400,50,2.5,1,0,6,3150.93579,10.0146208,0,6.19097424,24.4228668,69.928833,8.40149021,24.6500187,360,0.853607178,1,0,3,3,0
1927,5009,3,8327452,0,39,0,0,102,0,2,2,0,0,96400,50,2.5,1,0,6,2979.70239,0.829903245,0,7.55671978,24.5229721,69.9211121,8.65636635,24.549799,360,1.24761963,1,0,1,1,0
1928,5010,2,8327376,0,55,0,0,102,0,2,2,0,0,96450,50,2.5,1,0,6,3155.927,11.6744823,0,6.03686523,24.4049072,72.9734344,8.25598049,24.6402569,360,1.60293579,1,0,3,3,0
1928,5011,3,8327452,0,0,0,0,102,0,2,2,0,0,96450,50,2.5,1,0,6,2990.4436,0.805434585,0,7.41454268,24.5173626,69.9281464,8.51812553,24.5429077,360,0.946502686,1,0,1,1,0
1929,5012,2,8327376,0,0,0,0,102,0,2,2,0,0,96500,50,2.5,1,0,6,3159.03638,12.8646994,0,5.89554691,24.3871803,72.8537903,8.11048222,24.6286316,360,0.914001465,1,0,3,3,0
1929,5013,3,8327452,0,0,0,0,102,0,2,2,0,0,96500,50,2.5,1,0,6,3000.94189,0.908689559,0,7.26290798,24.5101604,69.9278717,8.3793869,24.5362892,360,0.882781982,1,0,1,1,0
1930,5014,2,8327376,0,52,0,0,102,0,2,2,0,0,96550,50,2.5,1,0,6,3161.65723,9.45024967,0,5.75304699,24.3680611,72.7235413,7.96491146,24.615675,360,1.51805115,1,0,3,3,0
1930,5015,3,8327452,0,0,0,0,102,0,2,2,0,0,96550,50,2.5,1,0,6,3011.177,0.918140113,0,7.12422132,24.5024719,72.962677,8.2401619,24.5299091,360,0.768890381,1,0,1,1,0
1931,5016,2,8327376,0,39,0,0,102,0,2,2,0,0,96600,50,2.5,1,0,6,3165.67261,8.74801254,0,6.15385532,24.4186707,72.5892639,7.81929636,24.601347,360,1.15290833,1,0,2,2,0
1931,5017,3,8327452,0,0,0,0,102,0,2,2,0,0,96600,50,2.5,1,0,6,3019.66284,0.882503808,0,6.99723148,24.4945049,72.8598175,8.10053444,24.5237408,360,0.616409302,1,0,1,1,0
1932,5018,2,8327376,0,0,0,0,102,0,2,2,0,0,96650,50,2.5,1,0,6,3169.35547,6.76505899,0,6.02465439,24.4034214,72.4539032,7.67356253,24.5861378,360,0.719421387,1,0,2,2,0
1932,5019,3,8327452,0,0,0,0,102,0,2,2,0,0,96650,50,2.5,1,0,6,3027.97827,0.856373072,0,6.84129238,24.4835033,72.719101,7.96051311,24.5177593,360,0.341003418,1,0,1,1,0
1933,5020,2,8327376,0,40,0,0,102,0,2,2,0,0,96700,50,2.5,1,0,6,3173.33594,5.0017252,0,5.86876917,24.3836842,72.2804871,7.52768946,24.5703392,360,1.17642212,1,0,2,2,0
1933,5021,3,8327452,0,0,37,0,102,0,2,2,0,0,96700,50,2.5,1,0,6,3036.12329,0.837073505,0,6.16630602,24.4200859,72.6001587,7.82010698,24.5119438,358.877716,0,1,0,2,2,0
1934,5022,2,8327376,0,0,0,0,102,0,2,2,0,0,96750,50,2.5,1,0,6,3177.03345,5.04243135,0,5.73057938,24.364933,72.1147766,7.38172674,24.5538597,360,0.69190979,1,0,2,2,0
1934,5023,3,8327452,0,0,37,0,102,0,2,2,0,0,96750,50,2.5,1,0,6,3044.04858,0.82340008,0,6.02878714,24.4039249,72.4595184,7.6793313,24.5061932,358.862732,0,1,0,2,2,0
1935,5024,2,8327376,0,48,0,0,102,0,2,2,0,0,96800,50,2.5,1,0,6,3180.47144,4.52414179,0,6.14072895,24.4171658,71.9490204,7.23564148,24.5369473,360,1.42546082,1,0,1,1,0
1935,5025,3,8327452,0,0,40,0,102,0,2,2,0,0,96800,50,2.5,1,0,6,3051.35376,0.782548308,0,5.87621498,24.3846588,72.2890778,7.53822136,24.5003185,358.777588,0,1,0,2,2,0
1936,5026,2,8327376,0,0,0,0,102,0,2,2,0,0,96850,50,2.5,1,0,6,3184.08862,4.52903748,0,5.99576902,24.3998756,71.753952,7.08944845,24.519558,360,0.971542358,1,0,1,1,0
1936,5027,3,8327452,0,0,41,0,102,0,2,2,0,0,96850,50,2.5,1,0,6,3057.91406,0.827166855,0,5.75252914,24.3679905,72.1423492,7.39682055,24.494154,358.748718,0,1,0,2,2,0
1937,5028,2,8327376,0,43,0,0,102,0,2,2,0,0,96900,50,2.5,1,0,6,3187.52466,4.17378426,0,5.85446072,24.381794,71.5513916,6.94311714,24.5019169,360,1.27146912,1,0,1,1,0
1937,5029,3,8327452,0,0,43,0,102,0,2,2,0,0,96900,50,2.5,1,0,6,3064.28662,0.972388506,0,5.61516571,24.3483486,71.9674377,7.25514555,24.4875622,358.671661,0,1,0,2,2,0
1938,5030,2,8327376,0,0,0,0,102,0,2,2,0,0,96950,50,2.5,1,0,6,3191.05176,4.13801003,0,5.71227551,24.3623581,71.334549,6.79665947,24.4839821,360,0.763580322,1,0,1,1,0
1938,5031,3,8327452,0,0,46,0,102,0,2,2,0,0,96950,50,2.5,1,0,6,3070.45215,1.16765404,0,5.48021698,24.3278675,71.7828369,7.11321354,24.4804287,358.592743,0,1,0,2,2,0
1939,5032,2,8327376,0,0,0,0,102,0,2,2,0,0,97000,50,2.5,1,0,6,3194.45386,3.97635269,0,5.56956768,24.3415604,71.1004486,6.65005302,24.4659309,360,0.867233276,1,0,1,1,0
1939,5033,3,8327452,0,0,49,0,102,0,2,2,0,0,97000,50,2.5,1,0,6,3076.40161,1.39126647,0,5.33186054,24.3039608,71.5667419,6.97104216,24.4726505,358.489014,0,1,0,2,2,0
1940,5034,2,8327376,0,0,0,0,102,0,2,2,0,0,97050,50,2.5,1,0,6,3197.85278,3.95279312,0,5.42941761,24.319849,72.2259979,6.50331879,24.4476376,360,0.899978638,1,0,1,1,0
1940,5035,3,8327452,0,0,0,0,102,0,2,2,0,0,97050,50,2.5,1,0,6,3082.13403,1.64187551,0,5.72931385,24.3647537,71.3604736,6.82865,24.4641323,359.662231,0,1,0,1,1,0
1941,5036,2,8327376,0,0,0,0,102,0,2,2,0,0,97100,50,2.5,1,0,6,3201.14404,4.0515399,0,5.28808308,24.2966194,71.9073334,6.35647392,24.4290142,360,0.857910156,1,0,1,1,0
1941,5037,3,8327452,0,0,0,0,102,0,2,2,0,0,97100,50,2.5,1,0,6,3087.86938,1.91774356,0,5.60196733,24.3463974,71.1539001,6.68604279,24.4548759,359.300415,0,1,0,1,1,0
1942,5038,2,8327376,0,0,0,0,102,0,2,2,0,0,97150,50,2.5,1,0,6,3204.32666,4.14672279,0,5.13416576,24.2697544,72.1192627,6.20953131,24.4100018,360,0.712036133,1,0,1,1,0
1942,5039,3,8327452,0,0,37,0,102,0,2,2,0,0,97150,50,2.5,1,0,6,3093.37964,1.89352036,0,5.46635246,24.325695,72.3125153,6.54322433,24.444931,358.871216,0,1,0,1,1,0
1943,5040,2,8327376,0,0,0,0,102,0,2,2,0,0,97200,50,2.5,1,0,6,3208.93335,4.22265863,0,4.99508715,24.2440186,72.3766632,6.06243181,24.3905487,360,0.531585693,1,0,1,1,0
1943,5041,3,8327452,0,0,48,0,102,0,2,2,0,0,97200,50,2.5,1,0,6,3098.69214,1.74404848,0,5.31540394,24.3012161,71.9522858,6.400208,24.4342804,358.546021,0,1,0,1,1,0
1944,5042,2,8327376,0,0,0,0,102,0,2,2,0,0,97250,50,2.5,1,0,6,3213.41382,4.27597237,0,4.86627102,24.2189026,72.5836487,5.91518593,24.3706322,360,0.31022644,1,0,1,1,0
1944,5043,3,8327452,0,0,56,0,102,0,2,2,0,0,97250,50,2.5,1,0,6,3103.88623,1.77788794,0,5.17923307,24.277792,72.0273743,6.25701046,24.4228649,358.326508,0,1,0,1,1,0
1945,5044,2,8327376,0,0,0,0,102,0,2,2,0,0,97300,50,2.5,1,0,6,3217.77734,4.30684233,0,4.72805452,24.1905308,72.7681274,5.76780128,24.3502388,359.988586,0,1,0,1,1,0
1945,5045,3,8327452,0,0,61,0,102,0,2,2,0,0,97300,50,2.5,1,0,6,3110.34497,2.0039854,0,5.05771875,24.2557831,72.2659607,6.11358738,24.4105835,358.183899,0,1,0,1,1,0
1946,5046,2,8327376,0,0,0,0,102,0,2,2,0,0,97350,50,2.5,1,0,6,3222.03394,4.31786919,0,4.59084034,24.1608429,72.9139252,5.62028503,24.3293667,359.592224,0,1,0,1,1,0
1946,5047,3,8327452,0,0,67,0,102,0,2,2,0,0,97350,50,2.5,1,0,6,3116.54224,2.35112882,0,4.91953278,24.2294388,72.5019226,5.96996641,24.3973312,358.023163,0,1,0,1,1,0
1947,5048,2,8327376,0,0,0,0,102,0,2,2,0,0,97400,50,2.5,1,0,6,3227.17163,4.31417036,0,4.44042063,24.1264839,73.0312958,5.47259808,24.3080101,359.07196,0,1,0,1,1,0
1947,5049,3,8327452,0,0,72,0,102,0,2,2,0,0,97400,50,2.5,1,0,6,3122.44287,2.77340269,0,4.77211332,24.1997375,72.7131195,5.8261795,24.3830013,357.877411,0,1,0,1,1,0
1948,5050,2,8327376,0,0,51,0,102,0,2,2,0,0,97450,50,2.5,1,0,6,3232.19019,4.30027533,0,4.31489849,24.096283,73.0924988,5.32474566,24.2861767,358.543549,0,1,0,1,1,0
1948,5051,3,8327452,0,0,75,0,102,0,2,2,0,0,97450,50,2.5,1,0,6,3128.03979,3.27743411,0,4.63814068,24.1712532,72.8686981,5.68226099,24.3674812,357.780579,0,1,0,1,1,0
1949,5052,2,8327376,0,0,62,0,102,0,2,2,0,0,97500,50,2.5,1,0,6,3237.04395,4.27902794,0,4.17993546,24.0621738,73.1194458,5.17674828,24.2637863,358.246033,0,1,0,1,1,0
1949,5053,3,8327452,0,0,79,0,102,0,2,2,0,0,97500,50,2.5,1,0,6,3134.28882,3.85420561,0,4.50628328,24.1417694,72.9861908,5.53820372,24.3506622,357.695831,0,1,0,1,1,0
1950,5054,2,8327376,0,0,73,0,102,0,2,2,0,0,97550,50,2.5,1,0,6,3241.72656,4.51968622,0,4.0321703,24.0227814,73.1046295,5.02864599,24.2406731,357.937988,0,1,0,1,1,0
1950,5055,3,8327452,0,0,81,0,102,0,2,2,0,0,97550,50,2.5,1,0,6,3140.42236,4.47747135,0,4.37167311,24.1101189,73.0697937,5.39403772,24.3324394,357.62561,0,1,0,1,1,0
1951,5056,2,8327376,0,0,80,0,102,0,2,2,0,0,97600,50,2.5,1,0,6,3246.11914,4.9963336,0,3.90948153,23.988348,73.0528717,4.88048697,24.2166576,357.737946,0,1,0,1,1,0
1951,5057,3,8327452,0,0,84,0,102,0,2,2,0,0,97600,50,2.5,1,0,6,3146.21387,5.1436224,0,4.24027729,24.0776367,73.1129608,5.24980593,24.3127155,357.559143,0,1,0,1,1,0
1952,5058,2,8327376,0,0,89,0,102,0,2,2,0,0,97650,50,2.5,1,0,6,3250.18921,5.67700768,0,3.77556944,23.9488583,72.9523468,4.7323246,24.191555,357.499512,0,1,0,1,1,0
1952,5059,3,8327452,0,0,86,0,102,0,2,2,0,0,97650,50,2.5,1,0,6,3151.65088,5.81077242,0,4.12143421,24.0468426,73.120575,5.10555267,24.2914028,357.513885,0,1,0,1,1,0
1953,5060,2,8327376,0,0,96,0,102,0,2,2,0,0,97700,50,2.5,1,0,6,3253.86401,6.52489805,0,3.64449883,23.9081535,72.8054352,4.58421898,24.1651878,357.285675,0,1,0,1,1,0
1953,5061,3,8327452,0,0,88,0,102,0,2,2,0,0,97700,50,2.5,1,0,6,3156.75415,6.48844385,0,3.97795439,24.0077629,73.0849457,4.96132469,24.2684155,357.445374,0,1,0,1,1,0
1954,5062,2,8327376,0,0,104,0,102,0,2,2,0,0,97750,50,2.5,1,0,6,3257.1189,7.56542253,0,3.51234388,23.8649063,72.6119232,4.43623495,24.1373787,357.068146,0,1,0,1,1,0
1954,5063,3,8327452,0,0,90,0,102,0,2,2,0,0,97750,50,2.5,1,0,6,3161.52612,7.16107512,0,3.84780169,23.9704132,73.0100861,4.81716871,24.243681,357.387848,0,1,0,1,1,0
1955,5064,2,8327376,0,0,111,0,102,0,2,2,0,0,97800,50,2.5,1,0,6,3259.8916,8.77995491,0,3.3733983,23.8168526,72.3457642,4.28844452,24.1079578,356.845459,0,1,0,1,1,0
1955,5065,3,8327452,0,0,92,0,102,0,2,2,0,0,97800,50,2.5,1,0,6,3165.97876,7.82202387,0,3.7210803,23.9321918,72.8973236,4.67313337,24.2171288,357.328827,0,1,0,1,1,0
1956,5066,2,8327376,0,0,117,0,102,0,2,2,0,0,97850,50,2.5,1,0,6,3262.15625,10.1850624,0,3.25622034,23.7740936,72.0717621,4.14092588,24.0767593,356.666656,0,1,0,1,1,0
1956,5067,3,8327452,0,0,115,0,102,0,2,2,0,0,97850,50,2.5,1,0,6,3170.1228,8.47464466,0,3.17588949,23.7435093,72.7489014,4.52926826,24.1886959,356.660767,0,1,0,2,2,0
1957,5068,2,8327376,0,0,125,0,102,0,2,2,0,0,97900,50,2.5,1,0,6,3263.87842,11.7737103,0,3.12054014,23.7217941,71.6880035,3.99376321,24.0436306,356.438202,0,1,0,1,1,0
1957,5069,3,8327452,0,0,111,0,102,0,2,2,0,0,97900,50,2.5,1,0,6,3173.70801,9.12251186,0,3.04874992,23.6928139,72.5282898,4.38563776,24.158308,356.769501,0,1,0,2,2,0
1958,5070,2,8327376,0,0,131,0,102,0,2,2,0,0,97950,50,2.5,1,0,6,3264.99902,13.5088234,0,3.00636673,23.6752491,71.3025208,3.84704685,24.0084229,356.244659,0,1,0,1,1,0
1958,5071,3,8327452,0,0,108,0,102,0,2,2,0,0,97950,50,2.5,1,0,6,3177.08081,10.4397888,0,2.94411421,23.6488113,72.2987823,4.24231863,24.1258411,356.851135,0,1,0,2,2,0
1959,5072,2,8327376,0,0,138,0,102,0,2,2,0,0,98000,50,2.5,1,0,6,3265.52124,15.4601364,0,2.87325239,23.6177444,70.7785034,3.70087457,23.9709969,356.000549,0,1,0,1,1,0
1959,5073,3,8327452,0,0,108,0,102,0,2,2,0,0,98000,50,2.5,1,0,6,3179.98755,11.7567711,0,2.82907629,23.5978222,71.9912415,4.09938145,24.0912094,356.832275,0,1,0,2,2,0
1960,5074,2,8327376,0,0,146,0,102,0,2,2,0,0,98050,50,2.5,1,0,6,3265.38159,17.588665,0,2.75389242,23.5628777,70.2242889,3.5553503,23.9312229,355.749207,0,1,0,1,1,0
1960,5075,3,8327452,0,0,111,0,102,0,2,2,0,0,98050,50,2.5,1,0,6,3182.4917,12.7728586,0,2.70783806,23.5407944,71.5993805,3.95689106,24.0543537,356.739319,0,1,0,2,2,0
1961,5076,2,8327376,0,0,183,0,102,0,2,2,0,0,98100,50,2.5,1,0,6,3264.54077,19.9203815,0,2.2940526,23.3147335,69.5714417,3.41058588,23.8889751,354.609467,0,1,0,2,2,0
1961,5077,3,8327452,0,0,114,0,102,0,2,2,0,0,98100,50,2.5,1,0,6,3184.63965,13.6255255,0,2.60004759,23.4869175,71.181076,3.81491232,24.0152264,356.646912,0,1,0,2,2,0
1962,5078,2,8327376,0,0,180,0,102,0,2,2,0,0,98150,50,2.5,1,0,6,3262.39551,22.5321827,0,2.18734813,23.247509,68.8427582,3.26672077,23.844141,354.641968,0,1,0,2,2,0
1962,5079,3,8327452,0,0,117,0,102,0,2,2,0,0,98150,50,2.5,1,0,6,3186.4729,14.4851122,0,2.50101328,23.434454,70.7326508,3.67351317,23.9737778,356.536926,0,1,0,2,2,0
1963,5080,2,8327376,0,0,181,0,102,0,2,2,0,0,98200,50,2.5,1,0,6,3259.70239,26.9779549,0,2.08023787,23.1760368,68.0095673,3.12392664,23.7965336,354.560272,0,1,0,2,2,0
1963,5081,3,8327452,0,0,122,0,102,0,2,2,0,0,98200,50,2.5,1,0,6,3187.9834,15.39884,0,2.39305711,23.3737144,70.164856,3.53276443,23.9299641,356.34021,0,1,0,2,2,0
1964,5082,2,8327376,0,0,182,0,102,0,2,2,0,0,98250,50,2.5,1,0,6,3255.79932,31.7115974,0,1.98214221,23.1069107,67.1485291,2.98236632,23.7460194,354.443817,0,1,0,2,2,0
1964,5083,3,8327452,0,0,129,0,102,0,2,2,0,0,98250,50,2.5,1,0,6,3189.13013,16.3676338,0,2.28815293,23.3111172,69.5326385,3.39274168,23.8837376,356.118225,0,1,0,2,2,0
1965,5084,2,8327376,0,0,185,0,102,0,2,2,0,0,98300,50,2.5,1,0,6,3250.85693,36.1952438,0,1.87558711,23.0276527,66.0891418,2.84219813,23.6924973,354.238281,0,1,0,2,2,0
1965,5085,3,8327452,0,0,135,0,102,0,2,2,0,0,98300,50,2.5,1,0,6,3189.8728,17.4764061,0,2.18476176,23.2458305,68.8227692,3.25352788,23.8350525,355.883911,0,1,0,2,2,0
1966,5086,2,8327376,0,0,189,0,102,0,2,2,0,0,98350,50,2.5,1,0,6,3244.91919,40.4839554,0,1.76232624,22.938406,64.805191,2.70357609,23.6358948,353.985962,0,1,0,2,2,0
1966,5087,3,8327452,0,0,142,0,102,0,2,2,0,0,98350,50,2.5,1,0,6,3190.19116,18.8454285,0,2.08008838,23.1759338,68.0083771,3.11521602,23.7838516,355.616211,0,1,0,2,2,0
1967,5088,2,8327376,0,0,192,0,102,0,2,2,0,0,98400,50,2.5,1,0,6,3238.05615,44.7120781,0,1.66473937,22.8571663,63.5514679,2.56665349,23.5761623,353.768494,0,1,0,2,2,0
1967,5089,3,8327452,0,0,150,0,102,0,2,2,0,0,98400,50,2.5,1,0,6,3189.99634,20.4575005,0,1.96755064,23.0963192,67.0113983,2.97790742,23.7300797,355.298767,0,1,0,2,2,0
1968,5090,2,8327376,0,0,194,0,102,0,2,2,0,0,98450,50,2.5,1,0,6,3230.33936,49.0118065,0,1.55936551,22.7646847,62.0511169,2.4315846,23.5132599,353.525696,0,1,0,2,2,0
1968,5091,3,8327452,0,0,156,0,102,0,2,2,0,0,98450,50,2.5,1,0,6,3189.22021,22.3448982,0,1.87050951,23.0237637,66.0361786,2.84171319,23.6736755,355.039948,0,1,0,2,2,0
1969,5092,2,8327376,0,0,191,0,102,0,2,2,0,0,98500,50,2.5,1,0,6,3221.80591,53.3466034,0,1.44846511,22.6617298,58.8617554,2.29852319,23.4471664,353.278381,0,1,0,2,2,0
1969,5093,3,8327452,0,0,163,0,102,0,2,2,0,0,98500,50,2.5,1,0,6,3187.84497,24.5819817,0,1.76623607,22.9415779,64.8540344,2.70675445,23.6145802,354.733093,0,1,0,2,2,0
1970,5094,2,8327376,0,0,209,0,102,0,2,2,0,0,98550,50,2.5,1,0,6,3212.62012,57.6219025,0,1.09518838,22.2912292,57.6058502,2.16762114,23.3778648,352.462524,0,1,0,3,3,0
1970,5095,3,8327452,0,0,169,0,102,0,2,2,0,0,98550,50,2.5,1,0,6,3185.76685,27.0886383,0,1.65366089,22.8476791,63.4005585,2.57315922,23.5527363,354.395264,0,1,0,2,2,0
1971,5096,2,8327376,0,0,201,0,102,0,2,2,0,0,98600,50,2.5,1,0,6,3202.19214,61.4018631,0,1.00140631,22.1808281,56.2423859,2.03901124,23.3053989,352.531799,0,1,0,3,3,0
1971,5097,3,8327452,0,0,174,0,102,0,2,2,0,0,98600,50,2.5,1,0,6,3182.9751,29.892313,0,1.55510068,22.7608337,61.9889526,2.44106293,23.4880943,354.107849,0,1,0,2,2,0
1972,5098,2,8327376,0,0,195,0,102,0,2,2,0,0,98650,50,2.5,1,0,6,3191.63477,66.3549728,0,0.905116439,22.0616455,54.7984619,1.91286409,23.2297535,352.539185,0,1,0,3,3,0
1972,5099,3,8327452,0,0,174,0,102,0,2,2,0,0,98650,50,2.5,1,0,6,3179.4375,32.9689903,0,1.45301425,22.666069,58.9199982,2.310606,23.4206104,353.80835,0,1,0,2,2,0
1973,5100,2,8327376,0,0,190,0,102,0,2,2,0,0,98700,50,2.5,1,0,6,3180.29688,70.8550186,0,0.818855941,21.9495773,53.4677734,1.78932893,23.1509457,352.547729,0,1,0,3,3,0
1973,5101,3,8327452,0,0,179,0,102,0,2,2,0,0,98700,50,2.5,1,0,6,3175.25171,36.2466736,0,1.35138547,22.5666084,57.5789795,2.18193102,23.3502445,353.476929,0,1,0,2,2,0
1974,5102,2,8327376,0,0,184,0,102,0,2,2,0,0,98750,50,2.5,1,0,6,3168.44873,74.2275162,0,0.738258481,21.8400879,52.1973419,1.66853738,23.0690098,352.555725,0,1,0,3,3,0
1974,5103,3,8327452,0,0,182,0,102,0,2,2,0,0,98750,50,2.5,1,0,6,3170.2439,39.3830605,0,1.24528563,22.4570084,56.1334991,2.05517459,23.2769833,353.166992,0,1,0,2,2,0
1975,5104,2,8327376,0,0,179,0,102,0,2,2,0,0,98800,50,2.5,1,0,6,3156.35034,76.6538696,0,0.655545294,21.7226658,50.8665314,1.55060756,22.9839935,352.547607,0,1,0,3,3,0
1975,5105,3,8327452,0,0,184,0,102,0,2,2,0,0,98800,50,2.5,1,0,6,3164.58179,42.60812,0,1.1502645,22.3535767,54.7984619,1.93047631,23.2008152,352.901001,0,1,0,2,2,0
1976,5106,2,8327376,0,0,174,0,102,0,2,2,0,0,98850,50,2.5,1,0,6,3144.13574,78.1125031,0,0.569405913,21.5946293,49.4541321,1.43564093,22.8959579,352.546448,0,1,0,3,3,0
1976,5107,3,8327452,0,0,198,0,102,0,2,2,0,0,98850,50,2.5,1,0,6,3158.25952,45.9212112,0,0.8169595,21.9470539,53.4377289,1.80797541,23.1217422,352.168701,0,1,0,3,3,0
1977,5108,2,8327376,0,0,174,0,102,0,2,2,0,0,98900,50,2.5,1,0,6,3132.01001,78.7133255,0,0.290043235,21.1347256,48.1541138,1.32372522,22.8049717,352.310547,0,1,0,4,4,0
1977,5109,3,8327452,0,0,191,0,102,0,2,2,0,0,98900,50,2.5,1,0,6,3150.91357,49.2034187,0,0.73611176,21.8371048,52.1632843,1.68780553,23.0397968,352.261597,0,1,0,3,3,0
1978,5110,2,8327376,0,0,164,0,102,0,2,2,0,0,98950,50,2.5,1,0,6,3119.97559,78.553688,0,0.224469602,21.0158386,46.9633789,1.21492863,22.7111244,352.514832,0,1,0,4,4,0
1978,5111,3,8327452,0,0,184,0,102,0,2,2,0,0,98950,50,2.5,1,0,6,3143.34302,53.3672676,0,0.653033972,21.719017,50.8265991,1.57012677,22.9549732,352.306488,0,1,0,3,3,0
1979,5112,2,8327376,0,0,152,0,102,0,2,2,0,0,99000,50,2.5,1,0,6,3108.54077,78.156456,0,0.151243806,20.8776512,44.4954681,1.1093291,22.6144867,352.667786,0,1,0,4,4,0
1979,5113,3,8327452,0,0,178,0,102,0,2,2,0,0,99000,50,2.5,1,0,6,3135.13477,57.0993652,1,0.572259665,21.5989704,49.5001221,1.45507884,22.8672867,352.327698,0,1,0,3,3,0
1980,5114,2,8327376,0,0,145,0,102,0,2,2,0,0,99050,50,2.5,1,0,6,3097.60254,76.8259354,0,0.0898279548,20.7571087,43.4419556,1.0069834,22.5151329,352.787781,0,1,0,4,4,0
1980,5115,3,8327452,0,0,173,0,102,0,2,2,0,0,99050,50,2.5,1,0,6,3126.4939,59.7641258,1,0.488760829,21.4691448,48.10466,1.34278047,22.7767754,352.336029,0,1,0,3,3,0
1981,5116,2,8327376,0,0,108,0,102,0,2,2,0,0,99100,50,2.5,1,0,6,3097.60254,76.8259354,0,0.0898279548,20.7571087,43.4419556,1.0069834,22.5151329,360,4.24695587,1,0,4,4,0
1981,5117,3,8327452,0,0,167,0,102,0,2,2,0,0,99100,50,2.5,1,0,6,3117.625,61.4748726,1,0.413692325,21.3471832,46.8306732,1.23333228,22.6834908,352.362549,0,1,0,3,3,0
1982,5118,2,8327376,0,0,72,0,102,0,2,2,0,0,99150,50,2.5,1,0,6,3097.60254,76.8259354,0,0.0898279548,20.7571087,43.4419556,1.0069834,22.5151329,360,15.7061157,1,0,4,4,0
1982,5119,3,8327452,0,0,163,0,102,0,2,2,0,0,99150,50,2.5,1,0,6,3108.75854,62.3970375,1,0.15254277,20.8801517,44.5180664,1.12682128,22.5874939,352.144653,0,1,0,4,4,0
1983,5120,2,8327376,0,0,36,0,102,0,2,2,0,0,99200,50,2.5,1,0,6,3097.60254,76.8259354,0,0.0898279548,20.7571087,43.4419556,1.0069834,22.5151329,360,27.1652756,1,0,4,4,0
1983,5121,3,8327452,0,0,155,0,102,0,2,2,0,0,99200,50,2.5,1,0,6,3099.96704,62.536438,1,0.0851882696,20.7478256,43.3619385,1.02331614,22.4888554,352.307587,0,1,0,4,4,0
1984,5122,2,8327376,0,255,0,0,102,255,2,2,0,0,99250,50,2.5,1,0,6,3097.60254,76.8259354,0,0.0898279548,20.7571087,43.4419556,1.0069834,22.5151329,360,38.6244354,1,0,4,4,0
1984,5123,3,8327452,0,0,147,0,102,0,2,2,0,0,99250,50,2.5,1,0,6,3091.55811,62.090744,1,0.0171292424,20.6086617,42.181488,0.922877848,22.3876457,352.452667,0,1,0,4,4,0
1985,5124,2,8327376,0,255,0,0,102,255,2,2,0,0,99300,50,2.5,1,0,6,3097.60254,76.8259354,0,0.0898279548,20.7571087,43.4419556,1.0069834,22.5151329,360,50.0835953,1,0,4,4,0
1985,5125,3,8327452,0,0,140,0,102,0,2,2,0,0,99300,50,2.5,1,0,6,3083.56958,60.867733,1,-0.0453878641,20.4757462,41.084198,0.825546801,22.2839451,352.59198,0,1,0,4,4,0
1986,5126,2,8327376,0,255,0,0,102,255,2,2,0,0,99350,50,2.5,1,0,6,3097.60254,76.8259354,0,0.0898279548,20.7571087,43.4419556,1.0069834,22.5151329,360,61.5427513,1,0,4,4,0
1986,5127,3,8327452,0,0,134,0,102,0,2,2,0,0,99350,50,2.5,1,0,6,3076.00293,58.828392,1,-0.102564454,20.3497143,40.0707245,0.73134315,22.1778488,352.730469,0,1,0,4,4,0
1987,5128,2,8327376,0,255,0,0,102,255,2,2,0,0,99400,50,2.5,1,0,6,3097.60254,76.8259354,0,0.0898279548,20.7571087,43.4419556,1.0069834,22.5151329,360,73.0019073,1,0,4,4,0
1987,5129,3,8327452,0,0,131,0,102,0,2,2,0,0,99400,50,2.5,1,0,6,3069.13843,56.1918373,1,-0.318655014,19.831213,39.026474,0.640266597,22.0694485,352.680908,0,1,0,5,5,0
1988,5130,2,8327376,0,255,0,0,102,255,2,2,0,0,99450,50,2.5,1,0,6,3097.60254,76.8259354,0,0.0898279548,20.7571087,43.4419556,1.0069834,22.5151329,360,84.4610672,1,0,4,4,0
1988,5131,3,8327452,0,0,123,0,102,0,2,2,0,0,99450,50,2.5,1,0,6,3062.83032,53.1596031,1,-0.375561595,19.6825523,37.9268341,0.552305639,21.958849,352.916351,0,1,0,5,5,0
1989,5132,2,8327376,0,255,0,0,102,255,2,2,0,0,99500,50,2.5,1,0,6,3097.60254,76.8259354,0,0.0898279548,20.7571087,43.4419556,1.0069834,22.5151329,360,95.9202271,1,0,4,4,0
1989,5133,3,8327452,0,0,116,0,102,0,2,2,0,0,99500,50,2.5,1,0,6,3057.5061,50.0644073,1,-0.42433548,19.5507622,36.9801025,0.467440158,21.8461418,353.144958,0,1,0,5,5,0
1990,5134,2,8327376,0,255,0,0,102,255,2,2,0,0,99550,50,2.5,1,0,6,3097.60254,76.8259354,0,0.0898279548,20.7571087,43.4419556,1.0069834,22.5151329,360,107.379379,1,0,4,4,0
1990,5135,3,8327452,0,0,109,0,102,0,2,2,0,0,99550,50,2.5,1,0,6,3053.05444,46.7114296,1,-0.477528691,19.4022274,35.9400024,0.385629237,21.7314205,353.354095,0,1,0,5,5,0
1991,5136,2,8327376,0,255,0,0,102,255,2,2,0,0,99600,50,2.5,1,0,6,3097.60254,76.8259354,0,0.0898279548,20.7571087,43.4419556,1.0069834,22.5151329,360,118.83847,1,0,4,4,0
1991,5137,3,8327452,0,0,103,0,102,0,2,2,0,0,99600,50,2.5,1,0,6,3049.52051,43.1037979,1,-0.526382446,19.2612171,34.9785461,0.306814939,21.6147861,353.554962,0,1,0,5,5,0
1992,5138,2,8327376,0,255,0,0,102,255,2,2,0,0,99650,50,2.5,1,0,6,3097.60254,76.8259354,0,0.0898279548,20.7571087,43.4419556,1.0069834,22.5151329,360,130.297699,1,0,4,4,0
1992,5139,3,8327452,0,0,97,0,102,0,2,2,0,0,99650,50,2.5,1,0,6,3046.96069,39.3829689,1,-0.573363662,19.1213017,34.0515747,0.230923682,21.4963341,353.75116,0,1,0,5,5,0
1993,5140,2,8327376,0,255,0,0,102,255,2,2,0,0,99700,50,2.5,1,0,6,3097.60254,76.8259354,0,0.0898279548,20.7571087,43.4419556,1.0069834,22.5151329,360,141.756866,1,0,4,4,0
1993,5141,3,8327452,0,0,90,0,102,0,2,2,0,0,99700,50,2.5,1,0,6,3045.18091,35.6813278,1,-0.616457939,18.9891148,32.5900116,0.15787822,21.3761692,353.940613,0,1,0,5,5,0
1994,5142,2,8327376,0,255,0,0,102,255,2,2,0,0,99750,50,2.5,1,0,6,3097.60254,76.8259354,0,0.0898279548,20.7571087,43.4419556,1.0069834,22.5151329,360,153.216003,1,0,4,4,0
1994,5143,3,8327452,0,0,86,0,102,0,2,2,0,0,99750,50,2.5,1,0,6,3044.40552,32.0731812,1,-0.788864374,18.4210453,31.7268982,0.0875822082,21.2543831,354.015137,0,1,0,6,6,0
1995,5144,2,8327376,0,255,0,0,102,255,2,2,0,0,99800,50,2.5,1,0,6,3097.60254,76.8259354,0,0.0898279548,20.7571087,43.4419556,1.0069834,22.5151329,360,164.675171,1,0,4,4,0
1995,5145,3,8327452,0,0,81,0,102,0,2,2,0,0,99800,50,2.5,1,0,6,3044.52783,28.5659084,1,-0.829887867,18.2760887,30.9386597,0.01992625,21.1310692,354.223053,0,1,0,6,6,0
1996,5146,2,8327376,0,255,0,0,102,255,2,2,0,0,99850,50,2.5,1,0,6,3097.60254,76.8259354,0,0.0898279548,20.7571087,43.4419556,1.0069834,22.5151329,360,176.134338,1,0,4,4,0
1996,5147,3,8327452,0,0,76,0,102,0,2,2,0,0,99850,50,2.5,1,0,6,3045.56177,25.326582,1,-0.86908555,18.1338959,30.1850128,-0.0452002957,21.0063152,354.423767,0,1,0,6,6,0
1997,5148,2,8327376,0,191,255,0,102,255,2,2,0,0,99900,50,2.5,1,0,6,3097.60254,76.8259354,0,0.0898279548,20.7571087,43.4419556,1.0069834,22.5151329,187.593475,0,1,0,4,4,0
1997,5149,3,8327452,0,0,72,0,102,0,2,2,0,0,99900,50,2.5,1,0,6,3047.40674,22.3726196,1,-0.905615091,17.9980774,29.4794464,-0.107912175,20.8802052,354.615234,0,1,0,6,6,0
1998,5150,2,8327376,0,127,255,0,102,255,2,2,0,0,99950,50,2.5,1,0,6,3097.60254,76.8259354,0,0.0898279548,20.7571087,43.4419556,1.0069834,22.5151329,199.052643,0,1,0,4,4,0
1998,5151,3,8327452,0,0,68,0,102,0,2,2,0,0,99950,50,2.5,1,0,6,3049.97241,19.6712055,1,-0.943763733,17.8527756,28.7439728,-0.168326974,20.7528191,354.801208,0,1,0,6,6,0
1999,5152,2,8327376,0,63,255,0,102,255,2,2,0,0,100000,50,2.5,1,0,6,3097.60254,76.8259354,0,0.0898279548,20.7571087,43.4419556,1.0069834,22.5151329,210.51181,0,1,0,4,4,0
1999,5153,3,8327452,0,0,64,0,102,0,2,2,0,0,100000,50,2.5,1,0,6,3053.19409,17.2519283,1,-0.980674505,17.7087841,28.0302277,-0.226561233,20.6242332,354.982178,0,1,0,6,6,0
2000,5154,2,8327376,0,0,255,0,102,255,2,2,0,0,100050,50,2.5,1,0,6,3097.60254,76.8259354,0,0.0898279548,20.7571087,43.4419556,1.0069834,22.5151329,221.970963,0,1,0,4,4,0
2000,5155,3,8327452,0,0,60,0,102,0,2,2,0,0,100050,50,2.5,1,0,6,3056.9873,15.1072655,1,-1.01955938,17.5534286,27.2772675,-0.282730132,20.4945183,355.15509,0,1,0,6,6,0
2001,5156,2,8327376,0,0,255,0,102,255,2,2,0,0,100100,50,2.5,1,0,6,3097.60254,76.8259354,0,0.0898279548,20.7571087,43.4419556,1.0069834,22.5151329,233.430115,0,1,0,4,4,0
2001,5157,3,8327452,0,0,57,0,102,0,2,2,0,0,100100,50,2.5,1,0,6,3061.27612,13.2073565,1,-1.15712667,16.9736061,26.584259,-0.336947441,20.3637409,355.262939,0,1,0,7,7,0
2002,5158,2,8327376,0,0,255,0,102,255,2,2,0,0,100150,50,2.5,1,0,6,3097.60254,76.8259354,0,0.0898279548,20.7571087,43.4419556,1.0069834,22.5151329,244.889282,0,1,0,4,4,0
2002,5159,3,8327452,0,0,54,0,102,0,2,2,0,0,100150,50,2.5,1,0,6,3065.97778,11.5249348,1,-1.1901989,16.8272896,25.9083405,-0.389324218,20.2319641,355.442932,0,1,0,7,7,0
2003,5160,2,8327376,0,0,255,0,102,255,2,2,0,0,100200,50,2.5,1,0,6,3097.60254,76.8259354,0,0.0898279548,20.7571087,43.4419556,1.0069834,22.5151329,256.34845,0,1,0,4,4,0
2003,5161,3,8327452,0,0,51,0,102,0,2,2,0,0,100200,50,2.5,1,0,6,3070.25415,10.0625715,1,-1.22051167,16.6909065,25.2901764,-0.439955682,20.0992794,355.618744,0,1,0,7,7,0
2004,5162,2,8327376,0,0,255,0,102,255,2,2,0,0,100250,50,2.5,1,0,6,3097.60254,76.8259354,0,0.0898279548,20.7571087,43.4419556,1.0069834,22.5151329,267.807617,0,1,0,4,4,0
2004,5163,3,8327452,0,0,47,0,102,0,2,2,0,0,100250,50,2.5,1,0,6,3074.83618,8.80053806,1,-1.25307751,16.5420284,24.6246948,-0.488943577,19.9657402,355.786591,0,1,0,7,7,0
2005,5164,2,8327376,0,0,255,0,102,255,2,2,0,0,100300,50,2.5,1,0,6,3097.60254,76.8259354,0,0.0898279548,20.7571087,43.4419556,1.0069834,22.5151329,279.266754,0,1,0,4,4,0
2005,5165,3,8327452,0,0,35,0,102,0,2,2,0,0,100300,50,2.5,1,0,6,3074.83618,8.80053806,1,-1.25307751,16.5420284,24.6246948,-0.488943577,19.9657402,360,7.24575043,1,0,7,7,0
2006,5166,2,8327376,0,0,255,0,102,255,2,2,0,0,100350,50,2.5,1,0,6,3097.60254,76.8259354,0,0.0898279548,20.7571087,43.4419556,1.0069834,22.5151329,290.725922,0,1,0,4,4,0
2006,5167,3,8327452,0,0,23,0,102,0,2,2,0,0,100350,50,2.5,1,0,6,3074.83618,8.80053806,1,-1.25307751,16.5420284,24.6246948,-0.488943577,19.9657402,360,18.7049103,1,0,7,7,0
2007,5168,2,8327376,0,0,255,0,102,255,2,2,0,0,100400,50,2.5,1,0,6,3097.60254,76.8259354,0,0.0898279548,20.7571087,43.4419556,1.0069834,22.5151329,302.185028,0,1,0,4,4,0
2007,5169,3,8327452,0,255,11,0,102,255,2,2,0,0,100400,50,2.5,1,0,6,3074.83618,8.80053806,1,-1.25307751,16.5420284,24.6246948,-0.488943577,19.9657402,360,30.1640701,1,0,7,7,0
2008,5170,2,8327376,0,0,255,0,102,255,2,2,0,0,100450,50,2.5,1,0,6,3097.60254,76.8259354,0,0.0898279548,20.7571087,43.4419556,1.0069834,22.5151329,313.644226,0,1,0,4,4,0
2008,5171,3,8327452,0,255,0,0,102,255,2,2,0,0,100450,50,2.5,1,0,6,3074.83618,8.80053806,1,-1.25307751,16.5420284,24.6246948,-0.488943577,19.9657402,360,41.6232262,1,0,7,7,0
2009,5172,2,8327376,0,0,255,0,102,255,2,2,0,0,100500,50,2.5,1,0,6,3097.60254,76.8259354,0,0.0898279548,20.7571087,43.4419556,1.0069834,22.5151329,325.103394,0,1,0,4,4,0
2009,5173,3,8327452,0,255,0,0,102,255,2,2,0,0,100500,50,2.5,1,0,6,3074.83618,8.80053806,1,-1.25307751,16.5420284,24.6246948,-0.488943577,19.9657402,360,53.082386,1,0,7,7,0
2010,5174,2,8327376,0,0,255,0,102,0,2,2,0,0,100550,50,2.5,1,0,6,3097.60254,76.8259354,0,0.0898279548,20.7571087,43.4419556,1.0069834,22.5151329,336.562561,0,1,0,4,4,0
2010,5175,3,8327452,0,255,0,0,102,255,2,2,0,0,100550,50,2.5,1,0,6,3074.83618,8.80053806,1,-1.25307751,16.5420284,24.6246948,-0.488943577,19.9657402,360,64.5415421,1,0,7,7,0
2011,5176,2,8327376,0,0,242,0,102,0,2,2,0,0,100600,50,2.5,1,0,6,3097.60254,76.8259354,0,0.0898279548,20.7571087,43.4419556,1.0069834,22.5151329,348.021698,0,1,0,4,4,0
2011,5177,3,8327452,0,255,0,0,102,255,2,2,0,0,100600,50,2.5,1,0,6,3074.83618,8.80053806,1,-1.25307751,16.5420284,24.6246948,-0.488943577,19.9657402,360,76.0007019,1,0,7,7,0
2012,5178,2,8327376,0,0,0,0,102,0,2,2,0,0,100650,50,2.5,1,0,6,3097.60254,76.8259354,0,0.0898279548,20.7571087,43.4419556,1.0069834,22.5151329,359.480835,0,1,0,4,4,0
2012,5179,3,8327452,0,255,0,0,102,255,2,2,0,0,100650,50,2.5,1,0,6,3074.83618,8.80053806,1,-1.25307751,16.5420284,24.6246948,-0.488943577,19.9657402,360,87.4598618,1,0,7,7,0
2013,5180,2,8327376,0,0,121,0,102,0,2,2,0,0,100700,50,2.5,1,0,6,3097.60254,76.8259354,0,0.0898279548,20.7571087,43.4419556,1.0069834,22.5151329,360,10.9399872,1,0,4,4,0
2013,5181,3,8327452,0,255,0,0,102,255,2,2,0,0,100700,50,2.5,1,0,6,3074.83618,8.80053806,1,-1.25307751,16.5420284,24.6246948,-0.488943577,19.9657402,360,98.9190216,1,0,7,7,0
2014,5182,2,8327376,0,0,60,0,102,0,2,2,0,0,100750,50,2.5,1,0,6,3097.60254,76.8259354,0,0.0898279548,20.7571087,43.4419556,1.0069834,22.5151329,360,22.3991318,1,0,4,4,0
2014,5183,3,8327452,0,255,0,0,102,255,2,2,0,0,100750,50,2.5,1,0,6,3074.83618,8.80053806,1,-1.25307751,16.5420284,24.6246948,-0.488943577,19.9657402,360,110.378204,1,0,7,7,0
2015,5184,2,8327376,0,255,0,0,102,255,2,2,0,0,100800,50,2.5,1,0,6,3097.60254,76.8259354,0,0.0898279548,20.7571087,43.4419556,1.0069834,22.5151329,360,33.8582764,1,0,4,4,0
2015,5185,3,8327452,0,255,0,0,102,255,2,2,0,0,100800,50,2.5,1,0,6,3074.83618,8.80053806,1,-1.25307751,16.5420284,24.6246948,-0.488943577,19.9657402,360,121.837341,1,0,7,7,0
2016,5186,2,8327376,0,255,0,0,102,255,2,2,0,0,100850,50,2.5,1,0,6,3097.60254,76.8259354,0,0.0898279548,20.7571087,43.4419556,1.0069834,22.5151329,360,45.3174286,1,0,4,4,0
2016,5187,3,8327452,0,255,0,0,102,255,2,2,0,0,100850,50,2.5,1,0,6,3074.83618,8.80053806,1,-1.25307751,16.5420284,24.6246948,-0.488943577,19.9657402,360,133.296478,1,0,7,7,0
2017,5188,2,8327376,0,255,0,0,102,255,2,2,0,0,100900,50,2.5,1,0,6,3097.60254,76.8259354,0,0.0898279548,20.7571087,43.4419556,1.0069834,22.5151329,360,56.776577,1,0,4,4,0
2017,5189,3,8327452,0,255,0,0,102,255,2,2,0,0,100900,50,2.5,1,0,6,3074.83618,8.80053806,1,-1.25307751,16.5420284,24.6246948,-0.488943577,19.9657402,360,144.755646,1,0,7,7,0
2018,5190,2,8327376,0,255,0,0,102,255,2,2,0,0,100950,50,2.5,1,0,6,3097.60254,76.8259354,0,0.0898279548,20.7571087,43.4419556,1.0069834,22.5151329,360,68.2357178,1,0,4,4,0
2018,5191,3,8327452,0,255,0,0,102,255,2,2,0,0,100950,50,2.5,1,0,6,3074.83618,8.80053806,1,-1.25307751,16.5420284,24.6246948,-0.488943577,19.9657402,360,156.214813,1,0,7,7,0
2019,5192,2,8327376,0,255,0,0,102,255,2,2,0,0,101000,50,2.5,1,0,6,3097.60254,76.8259354,0,0.0898279548,20.7571087,43.4419556,1.0069834,22.5151329,360,79.69487,1,0,4,4,0
2019,5193,3,8327452,0,255,0,0,102,255,2,2,0,0,101000,50,2.5,1,0,6,3074.83618,8.80053806,1,-1.25307751,16.5420284,24.6246948,-0.488943577,19.9657402,360,167.673981,1,0,7,7,0
2020,5194,2,8327376,0,255,0,0,102,255,2,2,0,0,101050,50,2.5,1,0,6,3097.60254,76.8259354,0,0.0898279548,20.7571087,43.4419556,1.0069834,22.5151329,360,91.154007,1,0,4,4,0
2020,5195,3,8327452,0,255,0,0,102,255,2,2,0,0,101050,50,2.5,1,0,6,3074.83618,8.80053806,1,-1.25307751,16.5420284,24.6246948,-0.488943577,19.9657402,360,179.133118,1,0,7,7,0
2021,5196,2,8327376,0,255,0,0,102,255,2,2,0,0,101100,50,2.5,1,0,6,3097.60254,76.8259354,0,0.0898279548,20.7571087,43.4419556,1.0069834,22.5151329,360,102.613144,1,0,4,4,0
2021,5197,3,8327452,0,191,255,0,102,255,2,2,0,0,101100,50,2.5,1,0,6,3074.83618,8.80053806,1,-1.25307751,16.5420284,24.6246948,-0.488943577,19.9657402,190.592285,0,1,0,7,7,0
2022,5198,2,8327376,0,255,0,0,102,255,2,2,0,0,101150,50,2.5,1,0,6,3097.60254,76.8259354,0,0.0898279548,20.7571087,43.4419556,1.0069834,22.5151329,360,114.072334,1,0,4,4,0
2022,5199,3,8327452,0,127,255,0,102,255,2,2,0,0,101150,50,2.5,1,0,6,3074.83618,8.80053806,1,-1.25307751,16.5420284,24.6246948,-0.488943577,19.9657402,202.051453,0,1,0,7,7,0
2023,5200,2,8327376,0,255,0,0,102,255,2,2,0,0,101200,50,2.5,1,0,6,3097.60254,76.8259354,0,0.0898279548,20.7571087,43.4419556,1.0069834,22.5151329,360,125.531464,1,0,4,4,0
2023,5201,3,8327452,0,63,255,0,102,255,2,2,0,0,101200,50,2.5,1,0,6,3074.83618,8.80053806,1,-1.25307751,16.5420284,24.6246948,-0.488943577,19.9657402,213.51059,0,1,0,7,7,0
2024,5202,2,8327376,0,255,0,0,102,255,2,2,0,0,101250,50,2.5,1,0,6,3097.60254,76.8259354,0,0.0898279548,20.7571087,43.4419556,1.0069834,22.5151329,360,136.990601,1,0,4,4,0
2024,5203,3,8327452,0,0,255,0,102,255,2,2,0,0,101250,50,2.5,1,0,6,3074.83618,8.80053806,1,-1.25307751,16.5420284,24.6246948,-0.488943577,19.9657402,224.969757,0,1,0,7,7,0
2025,5204,2,8327376,0,255,0,0,102,255,2,2,0,0,101300,50,2.5,1,0,6,3097.60254,76.8259354,0,0.0898279548,20.7571087,43.4419556,1.0069834,22.5151329,360,148.449738,1,0,4,4,0
2025,5205,3,8327452,0,0,255,0,102,255,2,2,0,0,101300,50,2.5,1,0,6,3074.83618,8.80053806,1,-1.25307751,16.5420284,24.6246948,-0.488943577,19.9657402,236.428894,0,1,0,7,7,0
2026,5206,2,8327376,0,255,0,0,102,255,2,2,0,0,101350,50,2.5,1,0,6,3097.60254,76.8259354,0,0.0898279548,20.7571087,43.4419556,1.0069834,22.5151329,360,159.908875,1,0,4,4,0
2026,5207,3,8327452,0,0,255,0,102,255,2,2,0,0,101350,50,2.5,1,0,6,3074.83618,8.80053806,1,-1.25307751,16.5420284,24.6246948,-0.488943577,19.9657402,247.888062,0,1,0,7,7,0
2027,5208,2,8327376,0,255,0,0,102,255,2,2,0,0,101400,50,2.5,1,0,6,3097.60254,76.8259354,0,0.0898279548,20.7571087,43.4419556,1.0069834,22.5151329,360,171.368011,1,0,4,4,0
2027,5209,3,8327452,0,0,255,0,102,255,2,2,0,0,101400,50,2.5,1,0,6,3074.83618,8.80053806,1,-1.25307751,16.5420284,24.6246948,-0.488943577,19.9657402,259.347229,0,1,0,7,7,0
2028,5210,2,8327376,0,191,255,0,102,255,2,2,0,0,101450,50,2.5,1,0,6,3097.60254,76.8259354,0,0.0898279548,20.7571087,43.4419556,1.0069834,22.5151329,182.827148,0,1,0,4,4,0
2028,5211,3,8327452,0,0,255,0,102,255,2,2,0,0,101450,50,2.5,1,0,6,3074.83618,8.80053806,1,-1.25307751,16.5420284,24.6246948,-0.488943577,19.9657402,270.806396,0,1,0,7,7,0
2029,5212,2,8327376,0,127,255,0,102,255,2,2,0,0,101500,50,2.5,1,0,6,3097.60254,76.8259354,0,0.0898279548,20.7571087,43.4419556,1.0069834,22.5151329,194.286316,0,1,0,4,4,0
2029,5213,3,8327452,0,0,255,0,102,255,2,2,0,0,101500,50,2.5,1,0,6,3074.83618,8.80053806,1,-1.25307751,16.5420284,24.6246948,-0.488943577,19.9657402,282.265656,0,1,0,7,7,0
2030,5214,2,8327376,0,63,255,0,102,255,2,2,0,0,101550,50,2.5,1,0,6,3097.60254,76.8259354,0,0.0898279548,20.7571087,43.4419556,1.0069834,22.5151329,205.745453,0,1,0,4,4,0
2030,5215,3,8327452,0,0,255,0,102,255,2,2,0,0,101550,50,2.5,1,0,6,3074.83618,8.80053806,1,-1.25307751,16.5420284,24.6246948,-0.488943577,19.9657402,293.724701,0,1,0,7,7,0
2031,5216,2,8327376,0,0,255,0,102,255,2,2,0,0,101600,50,2.5,1,0,6,3097.60254,76.8259354,0,0.0898279548,20.7571087,43.4419556,1.0069834,22.5151329,217.20459,0,1,0,4,4,0
2031,5217,3,8327452,0,0,255,0,102,255,2,2,0,0,101600,50,2.5,1,0,6,3074.83618,8.80053806,1,-1.25307751,16.5420284,24.6246948,-0.488943577,19.9657402,305.183838,0,1,0,7,7,0
2032,5218,2,8327376,0,0,255,0,102,255,2,2,0,0,101650,50,2.5,1,0,6,3097.60254,76.8259354,0,0.0898279548,20.7571087,43.4419556,1.0069834,22.5151329,228.663757,0,1,0,4,4,0
2032,5219,3,8327452,0,0,255,0,102,255,2,2,0,0,101650,50,2.5,1,0,6,3074.83618,8.80053806,1,-1.25307751,16.5420284,24.6246948,-0.488943577,19.9657402,316.643005,0,1,0,7,7,0
2033,5220,2,8327376,0,0,255,0,102,255,2,2,0,0,101700,50,2.5,1,0,6,3097.60254,76.8259354,0,0.0898279548,20.7571087,43.4419556,1.0069834,22.5151329,240.122894,0,1,0,4,4,0
2033,5221,3,8327452,0,0,255,0,102,255,2,2,0,0,101700,50,2.5,1,0,6,3074.83618,8.80053806,1,-1.25307751,16.5420284,24.6246948,-0.488943577,19.9657402,328.102173,0,1,0,7,7,0
2034,5222,2,8327376,0,0,255,0,102,255,2,2,0,0,101750,50,2.5,1,0,6,3097.60254,76.8259354,0,0.0898279548,20.7571087,43.4419556,1.0069834,22.5151329,251.582047,0,1,0,4,4,0
2034,5223,3,8327452,0,0,232,0,102,0,2,2,0,0,101750,50,2.5,1,0,6,3074.83618,8.80053806,1,-1.25307751,16.5420284,24.6246948,-0.488943577,19.9657402,339.56131,0,1,0,7,7,0
2035,5224,2,8327376,0,0,255,0,102,255,2,2,0,0,101800,50,2.5,1,0,6,3097.60254,76.8259354,0,0.0898279548,20.7571087,43.4419556,1.0069834,22.5151329,263.041199,0,1,0,4,4,0
2035,5225,3,8327452,0,0,102,0,102,0,2,2,0,0,101800,50,2.5,1,0,6,3074.83618,8.80053806,1,-1.25307751,16.5420284,24.6246948,-0.488943577,19.9657402,351.020447,0,1,0,7,7,0
2036,5226,2,8327376,0,0,255,0,102,255,2,2,0,0,101850,50,2.5,1,0,6,3097.60254,76.8259354,0,0.0898279548,20.7571087,43.4419556,1.0069834,22.5151329,274.500336,0,1,0,4,4,0
2036,5227,3,8327452,0,0,76,0,102,0,2,2,0,0,101850,50,2.5,1,0,6,3074.83618,8.80053806,1,-1.25307751,16.5420284,24.6246948,-0.488943577,19.9657402,360,2.47960663,1,0,7,7,0
2037,5228,2,8327376,0,0,255,0,102,255,2,2,0,0,101900,50,2.5,1,0,6,3097.60254,76.8259354,0,0.0898279548,20.7571087,43.4419556,1.0069834,22.5151329,285.959473,0,1,0,4,4,0
2037,5229,3,8327452,0,0,51,0,102,0,2,2,0,0,101900,50,2.5,1,0,6,3074.83618,8.80053806,1,-1.25307751,16.5420284,24.6246948,-0.488943577,19.9657402,360,13.9387512,1,0,7,7,0
2038,5230,2,8327376,0,0,255,0,102,255,2,2,0,0,101950,50,2.5,1,0,6,3097.60254,76.8259354,0,0.0898279548,20.7571087,43.4419556,1.0069834,22.5151329,297.419678,0,1,0,4,4,0
2038,5231,3,8327452,0,0,25,0,102,0,2,2,0,0,101950,50,2.5,1,0,6,3074.83618,8.80053806,1,-1.25307751,16.5420284,24.6246948,-0.488943577,19.9657402,360,25.3979034,1,0,7,7,0
2039,5232,2,8327376,0,0,255,0,102,255,2,2,0,0,102000,50,2.5,1,0,6,3097.60254,76.8259354,0,0.0898279548,20.7571087,43.4419556,1.0069834,22.5151329,308.877747,0,1,0,4,4,0
2039,5233,3,8327452,0,255,0,0,102,255,2,2,0,0,102000,50,2.5,1,0,6,3074.83618,8.80053806,1,-1.25307751,16.5420284,24.6246948,-0.488943577,19.9657402,360,36.8570404,1,0,7,7,0
2040,5234,2,8327376,0,0,255,0,102,255,2,2,0,0,102050,50,2.5,1,0,6,3097.60254,76.8259354,0,0.0898279548,20.7571087,43.4419556,1.0069834,22.5151329,320.336914,0,1,0,4,4,0
2040,5235,3,8327452,0,255,0,0,102,255,2,2,0,0,102050,50,2.5,1,0,6,3074.83618,8.80053806,1,-1.25307751,16.5420284,24.6246948,-0.488943577,19.9657402,360,48.3161888,1,0,7,7,0
2041,5236,2,8327376,0,0,255,0,102,0,2,2,0,0,102100,50,2.5,1,0,6,3097.60254,76.8259354,0,0.0898279548,20.7571087,43.4419556,1.0069834,22.5151329,331.796051,0,1,0,4,4,0
2041,5237,3,8327452,0,255,0,0,102,255,2,2,0,0,102100,50,2.5,1,0,6,3074.83618,8.80053806,1,-1.25307751,16.5420284,24.6246948,-0.488943577,19.9657402,360,59.7753334,1,0,7,7,0
2042,5238,2,8327376,0,0,255,0,102,0,2,2,0,0,102150,50,2.5,1,0,6,3097.60254,76.8259354,0,0.0898279548,20.7571087,43.4419556,1.0069834,22.5151329,343.255188,0,1,0,4,4,0
2042,5239,3,8327452,0,255,0,0,102,255,2,2,0,0,102150,50,2.5,1,0,6,3074.83618,8.80053806,1,-1.25307751,16.5420284,24.6246948,-0.488943577,19.9657402,360,71.2344818,1,0,7,7,0
2043,5240,2,8327376,0,0,106,0,102,0,2,2,0,0,102200,50,2.5,1,0,6,3097.60254,76.8259354,0,0.0898279548,20.7571087,43.4419556,1.0069834,22.5151329,354.714325,0,1,0,4,4,0
2043,5241,3,8327452,0,255,0,0,102,255,2,2,0,0,102200,50,2.5,1,0,6,3074.83618,8.80053806,1,-1.25307751,16.5420284,24.6246948,-0.488943577,19.9657402,360,82.6936264,1,0,7,7,0
2044,5242,2,8327376,0,0,79,0,102,0,2,2,0,0,102250,50,2.5,1,0,6,3097.60254,76.8259354,0,0.0898279548,20.7571087,43.4419556,1.0069834,22.5151329,360,6.1734848,1,0,4,4,0
2044,5243,3,8327452,0,255,0,0,102,255,2,2,0,0,102250,50,2.5,1,0,6,3074.83618,8.80053806,1,-1.25307751,16.5420284,24.6246948,-0.488943577,19.9657402,360,94.1527786,1,0,7,7,0
2045,5244,2,8327376,0,0,53,0,102,0,2,2,0,0,102300,50,2.5,1,0,6,3097.60254,76.8259354,0,0.0898279548,20.7571087,43.4419556,1.0069834,22.5151329,360,17.6326294,1,0,4,4,0
2045,5245,3,8327452,0,255,0,0,102,255,2,2,0,0,102300,50,2.5,1,0,6,3074.83618,8.80053806,1,-1.25307751,16.5420284,24.6246948,-0.488943577,19.9657402,360,105.611908,1,0,7,7,0
2046,5246,2,8327376,0,0,26,0,102,0,2,2,0,0,102350,50,2.5,1,0,6,3097.60254,76.8259354,0,0.0898279548,20.7571087,43.4419556,1.0069834,22.5151329,360,29.091774,1,0,4,4,0
2046,5247,3,8327452,0,255,0,0,102,255,2,2,0,0,102350,50,2.5,1,0,6,3074.83618,8.80053806,1,-1.25307751,16.5420284,24.6246948,-0.488943577,19.9657402,360,117.071075,1,0,7,7,0
2047,5248,2,8327376,0,255,0,0,102,255,2,2,0,0,102400,50,2.5,1,0,6,3097.60254,76.8259354,0,0.0898279548,20.7571087,43.4419556,1.0069834,22.5151329,360,40.5509186,1,0,4,4,0
2047,5249,3,8327452,0,255,0,0,102,255,2,2,0,0,102400,50,2.5,1,0,6,3074.83618,8.80053806,1,-1.25307751,16.5420284,24.6246948,-0.488943577,19.9657402,360,128.530212,1,0,7,7,0
2048,5250,2,8327376,0,255,0,0,102,255,2,2,0,0,102450,50,2.5,1,0,6,3097.60254,76.8259354,0,0.0898279548,20.7571087,43.4419556,1.0069834,22.5151329,360,52.0100708,1,0,4,4,0
2048,5251,3,8327452,0,255,0,0,102,255,2,2,0,0,102450,50,2.5,1,0,6,3074.83618,8.80053806,1,-1.25307751,16.5420284,24.6246948,-0.488943577,19.9657402,360,139.989349,1,0,7,7,0
2049,5252,2,8327376,0,255,0,0,102,255,2,2,0,0,102500,50,2.5,1,0,6,3097.60254,76.8259354,0,0.0898279548,20.7571087,43.4419556,1.0069834,22.5151329,360,63.4692116,1,0,4,4,0
2049,5253,3,8327452,0,255,0,0,102,255,2,2,0,0,102500,50,2.5,1,0,6,3074.83618,8.80053806,1,-1.25307751,16.5420284,24.6246948,-0.488943577,19.9657402,360,151.448486,1,0,7,7,0
2050,5254,2,8327376,0,255,0,0,102,255,2,2,0,0,102550,50,2.5,1,0,6,3097.60254,76.8259354,0,0.0898279548,20.7571087,43.4419556,1.0069834,22.5151329,360,74.92836,1,0,4,4,0
2050,5255,3,8327452,0,255,0,0,102,255,2,2,0,0,102550,50,2.5,1,0,6,3074.83618,8.80053806,1,-1.25307751,16.5420284,24.6246948,-0.488943577,19.9657402,360,162.907654,1,0,7,7,0
2051,5256,2,8327376,0,255,0,0,102,255,2,2,0,0,102600,50,2.5,1,0,6,3097.60254,76.8259354,0,0.0898279548,20.7571087,43.4419556,1.0069834,22.5151329,360,86.3875046,1,0,4,4,0
2051,5257,3,8327452,0,255,0,0,102,255,2,2,0,0,102600,50,2.5,1,0,6,3074.83618,8.80053806,1,-1.25307751,16.5420284,24.6246948,-0.488943577,19.9657402,360,174.366791,1,0,7,7,0
2052,5258,2,8327376,0,255,0,0,102,255,2,2,0,0,102650,50,2.5,1,0,6,3097.60254,76.8259354,0,0.0898279548,20.7571087,43.4419556,1.0069834,22.5151329,360,97.8466492,1,0,4,4,0
2052,5259,3,8327452,0,191,255,0,102,255,2,2,0,0,102650,50,2.5,1,0,6,3074.83618,8.80053806,1,-1.25307751,16.5420284,24.6246948,-0.488943577,19.9657402,185.825928,0,1,0,7,7,0
2053,5260,2,8327376,0,255,0,0,102,255,2,2,0,0,102700,50,2.5,1,0,6,3097.60254,76.8259354,0,0.0898279548,20.7571087,43.4419556,1.0069834,22.5151329,360,109.305801,1,0,4,4,0
2053,5261,3,8327452,0,127,255,0,102,255,2,2,0,0,102700,50,2.5,1,0,6,3074.83618,8.80053806,1,-1.25307751,16.5420284,24.6246948,-0.488943577,19.9657402,197.285065,0,1,0,7,7,0
2054,5262,2,8327376,0,255,0,0,102,255,2,2,0,0,102750,50,2.5,1,0,6,3097.60254,76.8259354,0,0.0898279548,20.7571087,43.4419556,1.0069834,22.5151329,360,120.764954,1,0,4,4,0
2054,5263,3,8327452,0,63,255,0,102,255,2,2,0,0,102750,50,2.5,1,0,6,3074.83618,8.80053806,1,-1.25307751,16.5420284,24.6246948,-0.488943577,19.9657402,208.744232,0,1,0,7,7,0
2055,5264,2,8327376,0,255,0,0,102,255,2,2,0,0,102800,50,2.5,1,0,6,3097.60254,76.8259354,0,0.0898279548,20.7571087,43.4419556,1.0069834,22.5151329,360,132.224091,1,0,4,4,0
2055,5265,3,8327452,0,0,255,0,102,255,2,2,0,0,102800,50,2.5,1,0,6,3074.83618,8.80053806,1,-1.25307751,16.5420284,24.6246948,-0.488943577,19.9657402,220.203369,0,1,0,7,7,0
2056,5266,2,8327376,0,255,0,0,102,255,2,2,0,0,102850,50,2.5,1,0,6,3097.60254,76.8259354,0,0.0898279548,20.7571087,43.4419556,1.0069834,22.5151329,360,143.683228,1,0,4,4,0
2056,5267,3,8327452,0,0,255,0,102,255,2,2,0,0,102850,50,2.5,1,0,6,3074.83618,8.80053806,1,-1.25307751,16.5420284,24.6246948,-0.488943577,19.9657402,231.662506,0,1,0,7,7,0
2057,5268,2,8327376,0,255,0,0,102,255,2,2,0,0,102900,50,2.5,1,0,6,3097.60254,76.8259354,0,0.0898279548,20.7571087,43.4419556,1.0069834,22.5151329,360,155.142365,1,0,4,4,0
2057,5269,3,8327452,0,0,255,0,102,255,2,2,0,0,102900,50,2.5,1,0,6,3074.83618,8.80053806,1,-1.25307751,16.5420284,24.6246948,-0.488943577,19.9657402,243.121643,0,1,0,7,7,0
2058,5270,2,8327376,0,255,0,0,102,255,2,2,0,0,102950,50,2.5,1,0,6,3097.60254,76.8259354,0,0.0898279548,20.7571087,43.4419556,1.0069834,22.5151329,360,166.601501,1,0,4,4,0
2058,5271,3,8327452,0,0,255,0,102,255,2,2,0,0,102950,50,2.5,1,0,6,3074.83618,8.80053806,1,-1.25307751,16.5420284,24.6246948,-0.488943577,19.9657402,254.580811,0,1,0,7,7,0
2059,5272,2,8327376,0,255,0,0,102,255,2,2,0,0,103000,50,2.5,1,0,6,3097.60254,76.8259354,0,0.0898279548,20.7571087,43.4419556,1.0069834,22.5151329,360,178.060669,1,0,4,4,0
2059,5273,3,8327452,0,0,255,0,102,255,2,2,0,0,103000,50,2.5,1,0,6,3074.83618,8.80053806,1,-1.25307751,16.5420284,24.6246948,-0.488943577,19.9657402,266.039948,0,1,0,7,7,0
2060,5274,2,8327376,0,191,255,0,102,255,2,2,0,0,103050,50,2.5,1,0,6,3097.60254,76.8259354,0,0.0898279548,20.7571087,43.4419556,1.0069834,22.5151329,189.519806,0,1,0,4,4,0
2060,5275,3,8327452,0,0,255,0,102,255,2,2,0,0,103050,50,2.5,1,0,6,3074.83618,8.80053806,1,-1.25307751,16.5420284,24.6246948,-0.488943577,19.9657402,277.499115,0,1,0,7,7,0
2061,5276,2,8327376,0,127,255,0,102,255,2,2,0,0,103100,50,2.5,1,0,6,3097.60254,76.8259354,0,0.0898279548,20.7571087,43.4419556,1.0069834,22.5151329,200.978943,0,1,0,4,4,0
2061,5277,3,8327452,0,0,255,0,102,255,2,2,0,0,103100,50,2.5,1,0,6,3074.83618,8.80053806,1,-1.25307751,16.5420284,24.6246948,-0.488943577,19.9657402,288.958221,0,1,0,7,7,0
2062,5278,2,8327376,0,63,255,0,102,255,2,2,0,0,103150,50,2.5,1,0,6,3097.60254,76.8259354,0,0.0898279548,20.7571087,43.4419556,1.0069834,22.5151329,212.43811,0,1,0,4,4,0
2062,5279,3,8327452,0,0,255,0,102,255,2,2,0,0,103150,50,2.5,1,0,6,3074.83618,8.80053806,1,-1.25307751,16.5420284,24.6246948,-0.488943577,19.9657402,300.417358,0,1,0,7,7,0
2063,5280,2,8327376,0,0,255,0,102,255,2,2,0,0,103200,50,2.5,1,0,6,3097.60254,76.8259354,0,0.0898279548,20.7571087,43.4419556,1.0069834,22.5151329,223.897247,0,1,0,4,4,0
2063,5281,3,8327452,0,0,255,0,102,255,2,2,0,0,103200,50,2.5,1,0,6,3074.83618,8.80053806,1,-1.25307751,16.5420284,24.6246948,-0.488943577,19.9657402,311.876526,0,1,0,7,7,0
2064,5282,2,8327376,0,0,255,0,102,255,2,2,0,0,103250,50,2.5,1,0,6,3097.60254,76.8259354,0,0.0898279548,20.7571087,43.4419556,1.0069834,22.5151329,235.356384,0,1,0,4,4,0
2064,5283,3,8327452,0,0,255,0,102,255,2,2,0,0,103250,50,2.5,1,0,6,3074.83618,8.80053806,1,-1.25307751,16.5420284,24.6246948,-0.488943577,19.9657402,323.335663,0,1,0,7,7,0
2065,5284,2,8327376,0,0,255,0,102,255,2,2,0,0,103300,50,2.5,1,0,6,3097.60254,76.8259354,0,0.0898279548,20.7571087,43.4419556,1.0069834,22.5151329,246.815536,0,1,0,4,4,0
2065,5285,3,8327452,0,0,255,0,102,0,2,2,0,0,103300,50,2.5,1,0,6,3074.83618,8.80053806,1,-1.25307751,16.5420284,24.6246948,-0.488943577,19.9657402,334.7948,0,1,0,7,7,0
2066,5286,2,8327376,0,0,255,0,102,255,2,2,0,0,103350,50,2.5,1,0,6,3097.60254,76.8259354,0,0.0898279548,20.7571087,43.4419556,1.0069834,22.5151329,258.274658,0,1,0,4,4,0
2066,5287,3,8327452,0,0,156,0,102,0,2,2,0,0,103350,50,2.5,1,0,6,3074.83618,8.80053806,1,-1.25307751,16.5420284,24.6246948,-0.488943577,19.9657402,346.253967,0,1,0,7,7,0
2067,5288,2,8327376,0,0,255,0,102,255,2,2,0,0,103400,50,2.5,1,0,6,3097.60254,76.8259354,0,0.0898279548,20.7571087,43.4419556,1.0069834,22.5151329,269.733826,0,1,0,4,4,0
2067,5289,3,8327452,0,0,26,0,102,0,2,2,0,0,103400,50,2.5,1,0,6,3074.83618,8.80053806,1,-1.25307751,16.5420284,24.6246948,-0.488943577,19.9657402,357.713104,0,1,0,7,7,0
2068,5290,2,8327376,0,0,255,0,102,255,2,2,0,0,103450,50,2.5,1,0,6,3097.60254,76.8259354,0,0.0898279548,20.7571087,43.4419556,1.0069834,22.5151329,281.192963,0,1,0,4,4,0
2068,5291,3,8327452,0,0,19,0,102,0,2,2,0,0,103450,50,2.5,1,0,6,3074.83618,8.80053806,1,-1.25307751,16.5420284,24.6246948,-0.488943577,19.9657402,360,9.17224884,1,0,7,7,0
2069,5292,2,8327376,0,0,255,0,102,255,2,2,0,0,103500,50,2.5,1,0,6,3097.60254,76.8259354,0,0.0898279548,20.7571087,43.4419556,1.0069834,22.5151329,292.65213,0,1,0,4,4,0
2069,5293,3,8327452,0,0,13,0,102,0,2,2,0,0,103500,50,2.5,1,0,6,3074.83618,8.80053806,1,-1.25307751,16.5420284,24.6246948,-0.488943577,19.9657402,360,20.6313934,1,0,7,7,0
2070,5294,2,8327376,0,0,255,0,102,255,2,2,0,0,103550,50,2.5,1,0,6,3097.60254,76.8259354,0,0.0898279548,20.7571087,43.4419556,1.0069834,22.5151329,304.111267,0,1,0,4,4,0
2070,5295,3,8327452,0,255,6,0,102,255,2,2,0,0,103550,50,2.5,1,0,6,3074.83618,8.80053806,1,-1.25307751,16.5420284,24.6246948,-0.488943577,19.9657402,360,32.090538,1,0,7,7,0
2071,5296,2,8327376,0,0,255,0,102,255,2,2,0,0,103600,50,2.5,1,0,6,3097.60254,76.8259354,0,0.0898279548,20.7571087,43.4419556,1.0069834,22.5151329,315.570404,0,1,0,4,4,0
2071,5297,3,8327452,0,255,0,0,102,255,2,2,0,0,103600,50,2.5,1,0,6,3074.83618,8.80053806,1,-1.25307751,16.5420284,24.6246948,-0.488943577,19.9657402,360,43.5496864,1,0,7,7,0
2072,5298,2,8327376,0,0,255,0,102,255,2,2,0,0,103650,50,2.5,1,0,6,3097.60254,76.8259354,0,0.0898279548,20.7571087,43.4419556,1.0069834,22.5151329,327.029602,0,1,0,4,4,0
2072,5299,3,8327452,0,255,0,0,102,255,2,2,0,0,103650,50,2.5,1,0,6,3074.83618,8.80053806,1,-1.25307751,16.5420284,24.6246948,-0.488943577,19.9657402,360,55.0088272,1,0,7,7,0
2073,5300,2,8327376,0,0,255,0,102,0,2,2,0,0,103700,50,2.5,1,0,6,3097.60254,76.8259354,0,0.0898279548,20.7571087,43.4419556,1.0069834,22.5151329,338.4888,0,1,0,4,4,0
2073,5301,3,8327452,0,255,0,0,102,255,2,2,0,0,103700,50,2.5,1,0,6,3074.83618,8.80053806,1,-1.25307751,16.5420284,24.6246948,-0.488943577,19.9657402,360,66.4679718,1,0,7,7,0
2074,5302,2,8327376,0,0,203,0,102,0,2,2,0,0,103750,50,2.5,1,0,6,3097.60254,76.8259354,0,0.0898279548,20.7571087,43.4419556,1.0069834,22.5151329,349.947998,0,1,0,4,4,0
2074,5303,3,8327452,0,255,0,0,102,255,2,2,0,0,103750,50,2.5,1,0,6,3074.83618,8.80053806,1,-1.25307751,16.5420284,24.6246948,-0.488943577,19.9657402,360,77.9271164,1,0,7,7,0
2075,5304,2,8327376,0,0,152,0,102,0,2,2,0,0,103800,50,2.5,1,0,6,3097.60254,76.8259354,0,0.0898279548,20.7571087,43.4419556,1.0069834,22.5151329,360,1.40719604,1,0,4,4,0
2075,5305,3,8327452,0,255,0,0,102,255,2,2,0,0,103800,50,2.5,1,0,6,3074.83618,8.80053806,1,-1.25307751,16.5420284,24.6246948,-0.488943577,19.9657402,360,89.3862686,1,0,7,7,0
2076,5306,2,8327376,0,0,101,0,102,0,2,2,0,0,103850,50,2.5,1,0,6,3097.60254,76.8259354,0,0.0898279548,20.7571087,43.4419556,1.0069834,22.5151329,360,12.866394,1,0,4,4,0
2076,5307,3,8327452,0,255,0,0,102,255,2,2,0,0,103850,50,2.5,1,0,6,3074.83618,8.80053806,1,-1.25307751,16.5420284,24.6246948,-0.488943577,19.9657402,360,100.845383,1,0,7,7,0
2077,5308,2,8327376,0,0,50,0,102,0,2,2,0,0,103900,50,2.5,1,0,6,3097.60254,76.8259354,0,0.0898279548,20.7571087,43.4419556,1.0069834,22.5151329,360,24.325592,1,0,4,4,0
2077,5309,3,8327452,0,255,0,0,102,255,2,2,0,0,103900,50,2.5,1,0,6,3074.83618,8.80053806,1,-1.25307751,16.5420284,24.6246948,-0.488943577,19.9657402,360,112.304565,1,0,7,7,0
2078,5310,2,8327376,0,255,0,0,102,255,2,2,0,0,103950,50,2.5,1,0,6,3097.60254,76.8259354,0,0.0898279548,20.7571087,43.4419556,1.0069834,22.5151329,360,35.7847977,1,0,4,4,0
2078,5311,3,8327452,0,255,0,0,102,255,2,2,0,0,103950,50,2.5,1,0,6,3074.83618,8.80053806,1,-1.25307751,16.5420284,24.6246948,-0.488943577,19.9657402,360,123.763702,1,0,7,7,0
2079,5312,2,8327376,0,255,0,0,102,255,2,2,0,0,104000,50,2.5,1,0,6,3097.60254,76.8259354,0,0.0898279548,20.7571087,43.4419556,1.0069834,22.5151329,360,47.2439957,1,0,4,4,0
2079,5313,3,8327452,0,255,0,0,102,255,2,2,0,0,104000,50,2.5,1,0,6,3074.83618,8.80053806,1,-1.25307751,16.5420284,24.6246948,-0.488943577,19.9657402,360,135.22287,1,0,7,7,0
2080,5314,2,8327376,0,255,0,0,102,255,2,2,0,0,104050,50,2.5,1,0,6,3097.60254,76.8259354,0,0.0898279548,20.7571087,43.4419556,1.0069834,22.5151329,360,58.7032013,1,0,4,4,0
2080,5315,3,8327452,0,255,0,0,102,255,2,2,0,0,104050,50,2.5,1,0,6,3074.83618,8.80053806,1,-1.25307751,16.5420284,24.6246948,-0.488943577,19.9657402,360,146.682007,1,0,7,7,0
2081,5316,2,8327376,0,255,0,0,102,255,2,2,0,0,104100,50,2.5,1,0,6,3097.60254,76.8259354,0,0.0898279548,20.7571087,43.4419556,1.0069834,22.5151329,360,70.1623993,1,0,4,4,0
2081,5317,3,8327452,0,255,0,0,102,255,2,2,0,0,104100,50,2.5,1,0,6,3074.83618,8.80053806,1,-1.25307751,16.5420284,24.6246948,-0.488943577,19.9657402,360,158.141144,1,0,7,7,0
2082,5318,2,8327376,0,255,0,0,102,255,2,2,0,0,104150,50,2.5,1,0,6,3097.60254,76.8259354,0,0.0898279548,20.7571087,43.4419556,1.0069834,22.5151329,360,81.6215973,1,0,4,4,0
2082,5319,3,8327452,0,255,0,0,102,255,2,2,0,0,104150,50,2.5,1,0,6,3074.83618,8.80053806,1,-1.25307751,16.5420284,24.6246948,-0.488943577,19.9657402,360,169.600281,1,0,7,7,0
2083,5320,2,8327376,0,255,0,0,102,255,2,2,0,0,104200,50,2.5,1,0,6,3097.60254,76.8259354,0,0.0898279548,20.7571087,43.4419556,1.0069834,22.5151329,360,93.0807953,1,0,4,4,0
2083,5321,3,8327452,0,191,255,0,102,255,2,2,0,0,104200,50,2.5,1,0,6,3074.83618,8.80053806,1,-1.25307751,16.5420284,24.6246948,-0.488943577,19.9657402,181.059418,0,1,0,7,7,0
2084,5322,2,8327376,0,255,0,0,102,255,2,2,0,0,104250,50,2.5,1,0,6,3097.60254,76.8259354,0,0.0898279548,20.7571087,43.4419556,1.0069834,22.5151329,360,104.539993,1,0,4,4,0
2084,5323,3,8327452,0,127,255,0,102,255,2,2,0,0,104250,50,2.5,1,0,6,3074.83618,8.80053806,1,-1.25307751,16.5420284,24.6246948,-0.488943577,19.9657402,192.518585,0,1,0,7,7,0
2085,5324,2,8327376,0,255,0,0,102,255,2,2,0,0,104300,50,2.5,1,0,6,3097.60254,76.8259354,0,0.0898279548,20.7571087,43.4419556,1.0069834,22.5151329,360,115.999237,1,0,4,4,0
2085,5325,3,8327452,0,63,255,0,102,255,2,2,0,0,104300,50,2.5,1,0,6,3074.83618,8.80053806,1,-1.25307751,16.5420284,24.6246948,-0.488943577,19.9657402,203.977722,0,1,0,7,7,0
2086,5326,2,8327376,0,255,0,0,102,255,2,2,0,0,104350,50,2.5,1,0,6,3097.60254,76.8259354,0,0.0898279548,20.7571087,43.4419556,1.0069834,22.5151329,360,127.458374,1,0,4,4,0
2086,5327,3,8327452,0,0,255,0,102,255,2,2,0,0,104350,50,2.5,1,0,6,3074.83618,8.80053806,1,-1.25307751,16.5420284,24.6246948,-0.488943577,19.9657402,215.436859,0,1,0,7,7,0
2087,5328,2,8327376,0,255,0,0,102,255,2,2,0,0,104400,50,2.5,1,0,6,3097.60254,76.8259354,0,0.0898279548,20.7571087,43.4419556,1.0069834,22.5151329,360,138.917603,1,0,4,4,0
2087,5329,3,8327452,0,0,255,0,102,255,2,2,0,0,104400,50,2.5,1,0,6,3074.83618,8.80053806,1,-1.25307751,16.5420284,24.6246948,-0.488943577,19.9657402,226.896027,0,1,0,7,7,0
2088,5330,2,8327376,0,255,0,0,102,255,2,2,0,0,104450,50,2.5,1,0,6,3097.60254,76.8259354,0,0.0898279548,20.7571087,43.4419556,1.0069834,22.5151329,360,150.376801,1,0,4,4,0
2088,5331,3,8327452,0,0,255,0,102,255,2,2,0,0,104450,50,2.5,1,0,6,3074.83618,8.80053806,1,-1.25307751,16.5420284,24.6246948,-0.488943577,19.9657402,238.355164,0,1,0,7,7,0
2089,5332,2,8327376,0,255,0,0,102,255,2,2,0,0,104500,50,2.5,1,0,6,3097.60254,76.8259354,0,0.0898279548,20.7571087,43.4419556,1.0069834,22.5151329,360,161.835999,1,0,4,4,0
2089,5333,3,8327452,0,0,255,0,102,255,2,2,0,0,104500,50,2.5,1,0,6,3074.83618,8.80053806,1,-1.25307751,16.5420284,24.6246948,-0.488943577,19.9657402,249.814301,0,1,0,7,7,0
2090,5334,2,8327376,0,255,0,0,102,255,2,2,0,0,104550,50,2.5,1,0,6,8.44265842,0,0,0.0898279548,20.7571087,43.4419556,1.00724053,22.5153751,360,158.187988,1,0,4,4,0
2090,5335,3,8327452,0,0,255,0,102,255,2,2,0,0,104550,50,2.5,1,0,6,3074.83618,8.80053806,1,-1.25307751,16.5420284,24.6246948,-0.488943577,19.9657402,261.273438,0,1,0,7,7,0
2091,5336,2,8327376,0,255,0,0,102,255,2,2,0,0,104600,50,2.5,1,0,6,15.4340763,0.822253108,0,0.0898279548,20.7571087,43.4419556,1.00777078,22.5158291,360,154.544128,1,0,4,4,0
2091,5337,3,8327452,0,0,255,0,102,255,2,2,0,0,104600,50,2.5,1,0,6,3074.83618,8.80053806,1,-1.25307751,16.5420284,24.6246948,-0.488943577,19.9657402,272.732605,0,1,0,7,7,0
2092,5338,2,8327376,0,255,0,0,102,255,2,2,0,0,104650,50,2.5,1,0,6,22.9217796,0.387896568,0,0.0898279548,20.7571087,43.4419556,1.00861287,22.5164604,360,150.905869,1,0,4,4,0
2092,5339,3,8327452,0,0,255,0,102,255,2,2,0,0,104650,50,2.5,1,0,6,3074.83618,8.80053806,1,-1.25307751,16.5420284,24.6246948,-0.488943577,19.9657402,284.191681,0,1,0,7,7,0
2093,5340,2,8327376,0,255,0,0,102,255,2,2,0,0,104700,50,2.5,1,0,6,30.7566204,0.220249549,0,0.0870773196,20.7516098,43.3951874,1.0098002,22.5172386,360,147.271301,1,0,4,4,0
2093,5341,3,8327452,0,0,255,0,102,255,2,2,0,0,104700,50,2.5,1,0,6,3074.83618,8.80053806,1,-1.25307751,16.5420284,24.6246948,-0.488943577,19.9657402,295.650879,0,1,0,7,7,0
2094,5342,2,8327376,0,255,0,0,102,255,2,2,0,0,104750,50,2.5,1,0,6,38.8712196,0.159372494,0,0.0918926001,20.7612343,43.4781799,1.01136339,22.5181255,360,143.65358,1,0,4,4,0
2094,5343,3,8327452,0,0,255,0,102,255,2,2,0,0,104750,50,2.5,1,0,6,3074.83618,8.80053806,1,-1.25307751,16.5420284,24.6246948,-0.488943577,19.9657402,307.110077,0,1,0,7,7,0
2095,5344,2,8327376,0,255,0,0,102,255,2,2,0,0,104800,50,2.5,1,0,6,47.2540207,0.132381022,0,0.0891398191,20.7557335,43.432312,1.0133301,22.5190811,360,140.036407,1,0,4,4,0
2095,5345,3,8327452,0,0,255,0,102,255,2,2,0,0,104800,50,2.5,1,0,6,3074.83618,8.80053806,1,-1.25307751,16.5420284,24.6246948,-0.488943577,19.9657402,318.569275,0,1,0,7,7,0
2096,5346,2,8327376,0,255,0,0,102,255,2,2,0,0,104850,50,2.5,1,0,6,55.9029961,0.122596368,0,0.0891398191,20.7557335,43.432312,1.01572478,22.5200615,360,136.432922,1,0,4,4,0
2096,5347,3,8327452,0,0,255,0,102,0,2,2,0,0,104850,50,2.5,1,0,6,3074.83618,8.80053806,1,-1.25307751,16.5420284,24.6246948,-0.488943577,19.9657402,330.028473,0,1,0,7,7,0
2097,5348,2,8327376,0,255,0,0,102,255,2,2,0,0,104900,50,2.5,1,0,6,64.8192139,0.123363532,0,0.0956388712,20.7687016,43.542984,1.0185684,22.521019,360,132.849487,1,0,4,4,0
2097,5349,3,8327452,0,0,210,0,102,0,2,2,0,0,104900,50,2.5,1,0,6,3074.83618,8.80053806,1,-1.25307751,16.5420284,24.6246948,-0.488943577,19.9657402,341.487671,0,1,0,7,7,0
2098,5350,2,8327376,0,255,0,0,102,255,2,2,0,0,104950,50,2.5,1,0,6,74.0147324,0.131684422,0,0.0956388712,20.7687016,43.542984,1.02187824,22.5219059,360,129.270813,1,0,4,4,0
2098,5351,3,8327452,0,0,80,0,102,0,2,2,0,0,104950,50,2.5,1,0,6,3074.83618,8.80053806,1,-1.25307751,16.5420284,24.6246948,-0.488943577,19.9657402,352.946869,0,1,0,7,7,0
2099,5352,2,8327376,0,255,0,0,102,255,2,2,0,0,105000,50,2.5,1,0,6,83.5059204,0.146333501,0,0.0977082253,20.7728214,43.5782013,1.02566803,22.5226688,360,125.708771,1,0,4,4,0
2099,5353,3,8327452,0,0,60,0,102,0,2,2,0,0,105000,50,2.5,1,0,6,3074.83618,8.80053806,1,-1.25307751,16.5420284,24.6246948,-0.488943577,19.9657402,360,4.40606689,1,0,7,7,0
2100,5354,2,8327376,0,255,0,0,102,255,2,2,0,0,105050,50,2.5,1,0,6,93.2996902,0.167114213,0,0.0949494243,20.7673283,43.5315399,1.02994728,22.5232563,360,122.154465,1,0,4,4,0
2100,5355,3,8327452,0,0,40,0,102,0,2,2,0,0,105050,50,2.5,1,0,6,3074.83618,8.80053806,1,-1.25307751,16.5420284,24.6246948,-0.488943577,19.9657402,360,15.8652649,1,0,7,7,0
2101,5356,2,8327376,0,255,0,0,102,255,2,2,0,0,105100,50,2.5,1,0,6,103.402489,0.194799587,0,0.100297213,20.7779675,43.6226959,1.03472102,22.523613,360,118.628189,1,0,4,4,0
2101,5357,3,8327452,0,0,20,0,102,0,2,2,0,0,105100,50,2.5,1,0,6,3074.83618,8.80053806,1,-1.25307751,16.5420284,24.6246948,-0.488943577,19.9657402,360,27.3244629,1,0,7,7,0
2102,5358,2,8327376,0,255,0,0,102,255,2,2,0,0,105150,50,2.5,1,0,6,113.817436,0.231344447,0,0.10237056,20.7820816,43.6606445,1.03998947,22.5236855,360,115.113747,1,0,4,4,0
2102,5359,3,8327452,0,0,0,0,102,0,2,2,0,0,105150,50,2.5,1,0,6,7.42496777,0,1,-1.25307751,16.5420284,24.6246948,-0.488856077,19.9654083,360,27.3279953,1,0,7,7,0
2103,5360,2,8327376,0,255,0,0,102,255,2,2,0,0,105200,50,2.5,1,0,6,124.543007,0.280316859,0,0.0996065736,20.7765942,43.6113281,1.04574847,22.5234184,360,111.607452,1,0,4,4,0
2103,5361,3,8327452,0,1,0,0,102,0,2,2,0,0,105200,50,2.5,1,0,6,14.3213549,0.00402820436,1,-1.25307751,16.5420284,24.6246948,-0.488687336,19.9647675,360,28.5437775,1,0,7,7,0
