spd=0.000 ctrl=(16813.4355,0.0000,799823.3125) accum=(0.0000,0.0000,0.0000) cMag=0 fMag=0 ld0=0 m78=0 frac=0 grounded=0x40800000 linTerm=8.33333e-06
spd=6.667 ctrl=(17306.6211,0.0000,823284.3750) accum=(-292.9274,0.0000,-30702.8789) cMag=20758.6 fMag=32852.6 ld0=1.29419e+06 m78=228295 frac=0.823601 grounded=0x40800000 linTerm=8.33333e-06
spd=13.273 ctrl=(17795.3574,0.0000,846533.6875) accum=(-284.0878,0.0000,-30639.3027) cMag=20709.7 fMag=32812.5 ld0=1.29554e+06 m78=230832 frac=0.821826 grounded=0x40800000 linTerm=1.27157e-12
spd=13.273 ctrl=(17795.3281,0.0000,846532.3750) accum=(-284.0878,0.0000,-30639.3027) cMag=20709.7 fMag=32812.5 ld0=1.29554e+06 m78=230832 frac=0.821826 grounded=0x40800000 linTerm=8.33333e-06
spd=20.072 ctrl=(18298.3770,0.0000,870462.6250) accum=(-293.1039,0.0000,-30704.1562) cMag=20759.6 fMag=32853.4 ld0=1.29417e+06 m78=228244 frac=0.823636 grounded=0x40800000 linTerm=8.33333e-06
spd=27.072 ctrl=(18816.1992,0.0000,895095.7500) accum=(-284.0878,0.0000,-30639.3027) cMag=20709.7 fMag=32812.5 ld0=1.29554e+06 m78=230832 frac=0.821826 grounded=0x40800000 linTerm=1.27157e-12
spd=27.071 ctrl=(18816.0898,0.0000,895090.5000) accum=(-284.0878,0.0000,-30639.3027) cMag=20709.7 fMag=32812.5 ld0=1.29554e+06 m78=230832 frac=0.821826 grounded=0x40800000 linTerm=8.33333e-06
spd=34.274 ctrl=(19348.9570,0.0000,920439.2500) accum=(-293.6367,0.0000,-30708.0020) cMag=20762.5 fMag=32855.9 ld0=1.29409e+06 m78=228090 frac=0.823744 grounded=0x40800000 linTerm=8.33333e-06
spd=41.690 ctrl=(19897.5996,0.0000,946538.4375) accum=(-284.0878,0.0000,-30639.3027) cMag=20709.7 fMag=32812.5 ld0=1.29554e+06 m78=230832 frac=0.821826 grounded=0x40800000 linTerm=1.27157e-12
spd=41.686 ctrl=(19897.3340,0.0000,946525.8125) accum=(-284.0878,0.0000,-30639.3027) cMag=20709.7 fMag=32812.5 ld0=1.29554e+06 m78=230832 frac=0.821826 grounded=0x40800000 linTerm=8.33333e-06
spd=49.315 ctrl=(20461.7305,0.0000,973374.3750) accum=(-294.1996,0.0000,-30712.0742) cMag=20765.7 fMag=32858.4 ld0=1.294e+06 m78=227928 frac=0.823858 grounded=0x40800000 linTerm=8.33333e-06
spd=57.173 ctrl=(21043.0078,0.0000,1001026.0625) accum=(-284.0878,0.0000,-30639.3027) cMag=20709.7 fMag=32812.5 ld0=1.29554e+06 m78=230832 frac=0.821826 grounded=0x40800000 linTerm=1.27157e-12
spd=57.166 ctrl=(21042.5098,0.0000,1001002.3125) accum=(-284.0878,0.0000,-30639.3027) cMag=20709.7 fMag=32812.5 ld0=1.29554e+06 m78=230832 frac=0.821826 grounded=0x40800000 linTerm=8.33333e-06
spd=65.245 ctrl=(21640.2207,0.0000,1029435.7500) accum=(-294.7943,0.0000,-30716.3750) cMag=20769 fMag=32861.1 ld0=1.29391e+06 m78=227756 frac=0.823978 grounded=0x40800000 linTerm=8.33333e-06
spd=73.570 ctrl=(22256.0664,0.0000,1058731.8750) accum=(-284.0878,0.0000,-30639.3027) cMag=20709.7 fMag=32812.5 ld0=1.29554e+06 m78=230832 frac=0.821826 grounded=0x40800000 linTerm=1.27157e-12
spd=73.559 ctrl=(22255.2383,0.0000,1058692.5000) accum=(-284.0878,0.0000,-30639.3027) cMag=20709.7 fMag=32812.5 ld0=1.29554e+06 m78=230832 frac=0.821826 grounded=0x40800000 linTerm=8.33333e-06
spd=82.114 ctrl=(22888.1445,0.0000,1088800.0000) accum=(-295.4222,0.0000,-30720.9180) cMag=20772.5 fMag=32864 ld0=1.29381e+06 m78=227575 frac=0.824105 grounded=0x40800000 linTerm=8.33333e-06
spd=90.933 ctrl=(23540.5938,0.0000,1119837.5000) accum=(-284.0878,0.0000,-30639.3027) cMag=20709.7 fMag=32812.5 ld0=1.29554e+06 m78=230832 frac=0.821826 grounded=0x40800000 linTerm=1.27157e-12
spd=90.916 ctrl=(23539.3379,0.0000,1119777.7500) accum=(-284.0878,0.0000,-30639.3027) cMag=20709.7 fMag=32812.5 ld0=1.29554e+06 m78=230832 frac=0.821826 grounded=0x40800000 linTerm=8.33333e-06
spd=99.974 ctrl=(24209.4141,0.0000,1151653.5000) accum=(-296.0851,0.0000,-30725.7148) cMag=20776.2 fMag=32867 ld0=1.29371e+06 m78=227383 frac=0.824239 grounded=0x40800000 linTerm=8.33333e-06
spd=109.317 ctrl=(24900.6152,0.0000,1184534.2500) accum=(-284.0878,0.0000,-30639.3027) cMag=20709.7 fMag=32812.5 ld0=1.29554e+06 m78=230832 frac=0.821826 grounded=0x40800000 linTerm=1.27157e-12
spd=109.292 ctrl=(24898.7969,0.0000,1184447.7500) accum=(-284.0878,0.0000,-30639.3027) cMag=20709.7 fMag=32812.5 ld0=1.29554e+06 m78=230832 frac=0.821826 grounded=0x40800000 linTerm=8.33333e-06
spd=118.881 ctrl=(25608.1211,0.0000,1218190.7500) accum=(-296.7847,0.0000,-30730.7910) cMag=20780.1 fMag=32870.2 ld0=1.2936e+06 m78=227181 frac=0.824381 grounded=0x40800000 linTerm=8.33333e-06
spd=128.778 ctrl=(26340.3496,0.0000,1253023.1250) accum=(-284.0878,0.0000,-30639.3027) cMag=20709.7 fMag=32812.5 ld0=1.29554e+06 m78=230832 frac=0.821826 grounded=0x40800000 linTerm=1.27157e-12
spd=128.744 ctrl=(26337.8301,0.0000,1252903.2500) accum=(-284.0878,0.0000,-30639.3027) cMag=20709.7 fMag=32812.5 ld0=1.29554e+06 m78=230832 frac=0.821826 grounded=0x40800000 linTerm=8.33333e-06
spd=138.892 ctrl=(27088.5781,0.0000,1288616.7500) accum=(-297.5228,0.0000,-30736.1367) cMag=20784.2 fMag=32873.6 ld0=1.29349e+06 m78=226968 frac=0.824531 grounded=0x40800000 linTerm=8.33333e-06
spd=149.377 ctrl=(27864.2305,0.0000,1325514.8750) accum=(-284.0878,0.0000,-30639.3027) cMag=20709.7 fMag=32812.5 ld0=1.29554e+06 m78=230832 frac=0.821826 grounded=0x40800000 linTerm=1.27157e-12
spd=149.331 ctrl=(27860.8359,0.0000,1325353.3750) accum=(-284.0878,0.0000,-30639.3027) cMag=20709.7 fMag=32812.5 ld0=1.29554e+06 m78=230832 frac=0.821826 grounded=0x40800000 linTerm=8.33333e-06
spd=160.070 ctrl=(28655.2988,0.0000,1363146.5000) accum=(-298.3011,0.0000,-30741.7832) cMag=20788.5 fMag=32877.2 ld0=1.29337e+06 m78=226742 frac=0.824688 grounded=0x40800000 linTerm=8.33333e-06
spd=171.176 ctrl=(29476.9062,0.0000,1402230.6250) accum=(-284.0878,0.0000,-30639.3027) cMag=20709.7 fMag=32812.5 ld0=1.29554e+06 m78=230832 frac=0.821826 grounded=0x40800000 linTerm=1.27157e-12
spd=171.116 ctrl=(29472.4512,0.0000,1402018.7500) accum=(-284.0878,0.0000,-30639.3027) cMag=20709.7 fMag=32812.5 ld0=1.29554e+06 m78=230832 frac=0.821826 grounded=0x40800000 linTerm=8.33333e-06
spd=182.478 ctrl=(30313.0176,0.0000,1442004.8750) accum=(-299.1215,0.0000,-30747.7422) cMag=20793.1 fMag=32880.9 ld0=1.29324e+06 m78=226505 frac=0.824855 grounded=0x40800000 linTerm=8.33333e-06
spd=194.241 ctrl=(31183.2441,0.0000,1483402.0000) accum=(-284.0878,0.0000,-30639.3027) cMag=20709.7 fMag=32812.5 ld0=1.29554e+06 m78=230832 frac=0.821826 grounded=0x40800000 linTerm=1.27157e-12
spd=194.164 ctrl=(31177.5098,0.0000,1483129.1250) accum=(-284.0878,0.0000,-30639.3027) cMag=20709.7 fMag=32812.5 ld0=1.29554e+06 m78=230832 frac=0.821826 grounded=0x40800000 linTerm=8.33333e-06
spd=206.183 ctrl=(32066.6875,0.0000,1525427.8750) accum=(-299.9862,0.0000,-30754.0254) cMag=20797.9 fMag=32884.9 ld0=1.29311e+06 m78=226254 frac=0.825031 grounded=0x40800000 linTerm=8.33333e-06
spd=218.642 ctrl=(32988.3516,0.0000,1569271.8750) accum=(-284.0878,0.0000,-30639.3027) cMag=20709.7 fMag=32812.5 ld0=1.29554e+06 m78=230832 frac=0.821826 grounded=0x40800000 linTerm=1.27157e-12
spd=218.543 ctrl=(32981.0820,0.0000,1568926.1250) accum=(-284.0878,0.0000,-30639.3027) cMag=20709.7 fMag=32812.5 ld0=1.29554e+06 m78=230832 frac=0.821826 grounded=0x40800000 linTerm=8.33333e-06
spd=231.255 ctrl=(33921.5000,0.0000,1613662.1250) accum=(-300.8968,0.0000,-30760.6504) cMag=20803 fMag=32889.1 ld0=1.29297e+06 m78=225990 frac=0.825216 grounded=0x40800000 linTerm=8.33333e-06
spd=244.449 ctrl=(34897.5703,0.0000,1660094.2500) accum=(-284.0878,0.0000,-30639.3027) cMag=20709.7 fMag=32812.5 ld0=1.29554e+06 m78=230832 frac=0.821826 grounded=0x40800000 linTerm=1.27157e-12
spd=244.326 ctrl=(34888.4727,0.0000,1659661.5000) accum=(-284.0879,0.0000,-30639.3008) cMag=20709.7 fMag=32812.5 ld0=1.29554e+06 m78=230832 frac=0.821826 grounded=0x40800000 linTerm=8.33333e-06
spd=257.768 ctrl=(19069.4336,0.0000,907142.1250) accum=(-301.8555,0.0000,-30767.6230) cMag=20808.4 fMag=32893.5 ld0=1.29282e+06 m78=225711 frac=0.825412 grounded=0x40800000 linTerm=8.33333e-06
spd=265.073 ctrl=(19609.8359,0.0000,932849.3750) accum=(-284.0878,0.0000,-30639.3027) cMag=20709.7 fMag=32812.5 ld0=1.29554e+06 m78=230832 frac=0.821826 grounded=0x40800000 linTerm=1.27157e-12
spd=264.928 ctrl=(19599.1523,0.0000,932341.1250) accum=(-284.0876,0.0000,-30639.3086) cMag=20709.7 fMag=32812.5 ld0=1.29554e+06 m78=230832 frac=0.821826 grounded=0x40800000 linTerm=8.33333e-06
spd=272.291 ctrl=(20143.8828,0.0000,958254.2500) accum=(-293.8577,0.0000,-30709.5996) cMag=20763.8 fMag=32856.9 ld0=1.29405e+06 m78=228027 frac=0.823789 grounded=0x40800000 linTerm=8.33333e-06
spd=280.023 ctrl=(20715.8359,0.0000,985462.3125) accum=(-284.0876,0.0000,-30639.3086) cMag=20709.7 fMag=32812.5 ld0=1.29554e+06 m78=230832 frac=0.821826 grounded=0x40800000 linTerm=1.27157e-12
spd=279.862 ctrl=(20703.9141,0.0000,984895.1875) accum=(-284.0878,0.0000,-30639.3027) cMag=20709.7 fMag=32812.5 ld0=1.29554e+06 m78=230832 frac=0.821826 grounded=0x40800000 linTerm=8.33333e-06
spd=287.645 ctrl=(21279.7422,0.0000,1012287.6250) accum=(-294.4135,0.0000,-30713.6211) cMag=20766.9 fMag=32859.4 ld0=1.29397e+06 m78=227866 frac=0.823901 grounded=0x40800000 linTerm=8.33333e-06
spd=295.827 ctrl=(21885.0137,0.0000,1041080.6875) accum=(-284.0878,0.0000,-30639.3027) cMag=20709.7 fMag=32812.5 ld0=1.29554e+06 m78=230832 frac=0.821826 grounded=0x40800000 linTerm=1.27157e-12
spd=295.647 ctrl=(21871.7051,0.0000,1040447.6250) accum=(-284.0878,0.0000,-30639.3027) cMag=20709.7 fMag=32812.5 ld0=1.29554e+06 m78=230832 frac=0.821826 grounded=0x40800000 linTerm=8.33333e-06
spd=303.874 ctrl=(22480.3281,0.0000,1069400.1250) accum=(-294.9994,0.0000,-30717.8574) cMag=20770.1 fMag=32862.1 ld0=1.29388e+06 m78=227697 frac=0.824019 grounded=0x40800000 linTerm=8.33333e-06
spd=312.532 ctrl=(23120.8125,0.0000,1099868.2500) accum=(-284.0878,0.0000,-30639.3027) cMag=20709.7 fMag=32812.5 ld0=1.29554e+06 m78=230832 frac=0.821826 grounded=0x40800000 linTerm=1.27157e-12
spd=312.331 ctrl=(23105.9590,0.0000,1099161.6250) accum=(-284.0878,0.0000,-30639.3027) cMag=20709.7 fMag=32812.5 ld0=1.29554e+06 m78=230832 frac=0.821826 grounded=0x40800000 linTerm=8.33333e-06
spd=321.025 ctrl=(23749.1543,0.0000,1129758.7500) accum=(-295.6168,0.0000,-30722.3262) cMag=20773.6 fMag=32864.9 ld0=1.29378e+06 m78=227519 frac=0.824144 grounded=0x40800000 linTerm=8.33333e-06
spd=330.186 ctrl=(24426.8535,0.0000,1161997.2500) accum=(-284.0878,0.0000,-30639.3027) cMag=20709.7 fMag=32812.5 ld0=1.29554e+06 m78=230832 frac=0.821826 grounded=0x40800000 linTerm=1.27157e-12
spd=329.962 ctrl=(24410.2754,0.0000,1161208.6250) accum=(-284.0878,0.0000,-30639.3027) cMag=20709.7 fMag=32812.5 ld0=1.29554e+06 m78=230832 frac=0.821826 grounded=0x40800000 linTerm=8.33333e-06
spd=339.148 ctrl=(25089.9043,0.0000,1193538.8750) accum=(-296.2671,0.0000,-30727.0352) cMag=20777.2 fMag=32867.9 ld0=1.29368e+06 m78=227331 frac=0.824276 grounded=0x40800000 linTerm=8.33333e-06
spd=348.841 ctrl=(25806.9336,0.0000,1227648.2500) accum=(-284.0878,0.0000,-30639.3027) cMag=20709.7 fMag=32812.5 ld0=1.29554e+06 m78=230832 frac=0.821826 grounded=0x40800000 linTerm=1.27157e-12
spd=348.591 ctrl=(25788.4277,0.0000,1226768.0000) accum=(-284.0878,0.0000,-30639.3027) cMag=20709.7 fMag=32812.5 ld0=1.29554e+06 m78=230832 frac=0.821826 grounded=0x40800000 linTerm=8.33333e-06
spd=358.296 ctrl=(26506.4512,0.0000,1260924.6250) accum=(-296.9518,0.0000,-30732.0000) cMag=20781 fMag=32871 ld0=1.29358e+06 m78=227133 frac=0.824415 grounded=0x40800000 linTerm=8.33333e-06
spd=368.550 ctrl=(27265.0273,0.0000,1297010.5000) accum=(-284.0878,0.0000,-30639.3027) cMag=20709.7 fMag=32812.5 ld0=1.29554e+06 m78=230832 frac=0.821826 grounded=0x40800000 linTerm=1.27157e-12
spd=368.271 ctrl=(27244.3691,0.0000,1296027.7500) accum=(-284.0876,0.0000,-30639.3086) cMag=20709.7 fMag=32812.5 ld0=1.29554e+06 m78=230832 frac=0.821826 grounded=0x40800000 linTerm=8.33333e-06
spd=378.523 ctrl=(28002.8262,0.0000,1332107.8750) accum=(-297.6729,0.0000,-30737.2266) cMag=20785 fMag=32874.3 ld0=1.29346e+06 m78=226924 frac=0.824561 grounded=0x40800000 linTerm=8.33333e-06
spd=389.371 ctrl=(28805.2910,0.0000,1370281.6250) accum=(-284.0878,0.0000,-30639.3027) cMag=20709.7 fMag=32812.5 ld0=1.29554e+06 m78=230832 frac=0.821826 grounded=0x40800000 linTerm=1.27157e-12
spd=389.059 ctrl=(28782.2363,0.0000,1369184.8750) accum=(-284.0878,0.0000,-30639.3027) cMag=20709.7 fMag=32812.5 ld0=1.29554e+06 m78=230832 frac=0.821826 grounded=0x40800000 linTerm=8.33333e-06
spd=399.887 ctrl=(29583.2695,0.0000,1407290.5000) accum=(-298.4315,0.0000,-30742.7324) cMag=20789.2 fMag=32877.8 ld0=1.29335e+06 m78=226705 frac=0.824715 grounded=0x40800000 linTerm=8.33333e-06
spd=411.361 ctrl=(30432.0859,0.0000,1447669.0000) accum=(-284.0878,0.0000,-30639.3027) cMag=20709.7 fMag=32812.5 ld0=1.29554e+06 m78=230832 frac=0.821826 grounded=0x40800000 linTerm=1.27157e-12
spd=411.013 ctrl=(30406.3594,0.0000,1446445.1250) accum=(-284.0878,0.0000,-30639.3027) cMag=20709.7 fMag=32812.5 ld0=1.29554e+06 m78=230832 frac=0.821826 grounded=0x40800000 linTerm=8.33333e-06
spd=422.446 ctrl=(31252.2051,0.0000,1486682.5000) accum=(-299.2301,0.0000,-30748.5293) cMag=20793.7 fMag=32881.4 ld0=1.29322e+06 m78=226473 frac=0.824877 grounded=0x40800000 linTerm=8.33333e-06
spd=434.582 ctrl=(32149.9727,0.0000,1529389.7500) accum=(-284.0878,0.0000,-30639.3027) cMag=20709.7 fMag=32812.5 ld0=1.29554e+06 m78=230832 frac=0.821826 grounded=0x40800000 linTerm=1.27157e-12
spd=434.194 ctrl=(32121.2520,0.0000,1528023.5000) accum=(-284.0878,0.0000,-30639.3027) cMag=20709.7 fMag=32812.5 ld0=1.29554e+06 m78=230832 frac=0.821826 grounded=0x40800000 linTerm=8.33333e-06
spd=446.264 ctrl=(33014.2539,0.0000,1570504.0000) accum=(-300.0697,0.0000,-30754.6289) cMag=20798.4 fMag=32885.3 ld0=1.2931e+06 m78=226230 frac=0.825048 grounded=0x40800000 linTerm=8.33333e-06
spd=459.099 ctrl=(33963.7070,0.0000,1615669.8750) accum=(-284.0878,0.0000,-30639.3027) cMag=20709.7 fMag=32812.5 ld0=1.29554e+06 m78=230832 frac=0.821826 grounded=0x40800000 linTerm=1.27157e-12
spd=458.665 ctrl=(33931.6562,0.0000,1614145.3750) accum=(-284.0878,0.0000,-30639.3027) cMag=20709.7 fMag=32812.5 ld0=1.29554e+06 m78=230832 frac=0.821826 grounded=0x40800000 linTerm=8.33333e-06
spd=471.406 ctrl=(34874.2383,0.0000,1658984.5000) accum=(-300.9516,0.0000,-30761.0469) cMag=20803.3 fMag=32889.3 ld0=1.29296e+06 m78=225974 frac=0.825228 grounded=0x40800000 linTerm=8.33333e-06
spd=484.978 ctrl=(35878.2500,0.0000,1706745.6250) accum=(-284.0878,0.0000,-30639.3027) cMag=20709.7 fMag=32812.5 ld0=1.29554e+06 m78=230832 frac=0.821826 grounded=0x40800000 linTerm=1.27157e-12
spd=484.495 ctrl=(35842.4805,0.0000,1705044.0000) accum=(-284.0878,0.0000,-30639.3027) cMag=20709.7 fMag=32812.5 ld0=1.29554e+06 m78=230832 frac=0.821826 grounded=0x40800000 linTerm=8.33333e-06
spd=497.940 ctrl=(36837.1875,0.0000,1752362.8750) accum=(-301.8785,0.0000,-30767.7988) cMag=20808.5 fMag=32893.6 ld0=1.29282e+06 m78=225704 frac=0.825416 grounded=0x40800000 linTerm=8.33333e-06
spd=512.290 ctrl=(37898.7734,0.0000,1802863.0000) accum=(-284.0878,0.0000,-30639.3027) cMag=20709.7 fMag=32812.5 ld0=1.29554e+06 m78=230832 frac=0.821826 grounded=0x40800000 linTerm=1.27157e-12
spd=511.751 ctrl=(37858.8633,0.0000,1800964.5000) accum=(-284.0878,0.0000,-30639.3027) cMag=20709.7 fMag=32812.5 ld0=1.29554e+06 m78=230832 frac=0.821826 grounded=0x40800000 linTerm=8.33333e-06
spd=525.937 ctrl=(38908.3398,0.0000,1850888.5000) accum=(-302.8518,0.0000,-30774.8848) cMag=20814 fMag=32898.1 ld0=1.29267e+06 m78=225421 frac=0.825615 grounded=0x40800000 linTerm=8.33333e-06
spd=541.108 ctrl=(40030.6758,0.0000,1904278.6250) accum=(-284.0878,0.0000,-30639.3027) cMag=20709.7 fMag=32812.5 ld0=1.29554e+06 m78=230832 frac=0.821826 grounded=0x40800000 linTerm=1.27157e-12
spd=540.506 ctrl=(39986.1484,0.0000,1902160.5000) accum=(-284.0878,0.0000,-30639.3027) cMag=20709.7 fMag=32812.5 ld0=1.29554e+06 m78=230832 frac=0.821826 grounded=0x40800000 linTerm=8.33333e-06
spd=555.470 ctrl=(41093.1641,0.0000,1954821.6250) accum=(-303.8734,0.0000,-30782.3359) cMag=20819.7 fMag=32902.8 ld0=1.29251e+06 m78=225124 frac=0.825824 grounded=0x40800000 linTerm=8.33333e-06
spd=571.507 ctrl=(42279.5938,0.0000,2011260.6250) accum=(-284.0878,0.0000,-30639.3027) cMag=20709.7 fMag=32812.5 ld0=1.29554e+06 m78=230832 frac=0.821826 grounded=0x40800000 linTerm=1.27157e-12
spd=570.836 ctrl=(42229.9258,0.0000,2008898.0000) accum=(-284.0878,0.0000,-30639.3027) cMag=20709.7 fMag=32812.5 ld0=1.29554e+06 m78=230832 frac=0.821826 grounded=0x40800000 linTerm=8.33333e-06
spd=586.616 ctrl=(43397.3164,0.0000,2064431.3750) accum=(-304.9449,0.0000,-30790.1602) cMag=20825.7 fMag=32907.7 ld0=1.29234e+06 m78=224812 frac=0.826043 grounded=0x40800000 linTerm=8.33333e-06
spd=603.567 ctrl=(44651.3164,0.0000,2124084.7500) accum=(-284.0878,0.0000,-30639.3027) cMag=20709.7 fMag=32812.5 ld0=1.29554e+06 m78=230832 frac=0.821826 grounded=0x40800000 linTerm=1.27157e-12
spd=602.818 ctrl=(44595.9219,0.0000,2121449.5000) accum=(-284.0878,0.0000,-30639.3027) cMag=20709.7 fMag=32812.5 ld0=1.29554e+06 m78=230832 frac=0.821826 grounded=0x40800000 linTerm=8.33333e-06
spd=619.454 ctrl=(45826.6797,0.0000,2179997.2500) accum=(-306.0685,0.0000,-30798.3711) cMag=20832.1 fMag=32912.9 ld0=1.29217e+06 m78=224484 frac=0.826273 grounded=0x40800000 linTerm=8.33333e-06
spd=637.368 ctrl=(47151.9375,0.0000,2243040.5000) accum=(-284.0878,0.0000,-30639.3027) cMag=20709.7 fMag=32812.5 ld0=1.29554e+06 m78=230832 frac=0.821826 grounded=0x40800000 linTerm=1.27157e-12
spd=636.533 ctrl=(47090.1680,0.0000,2240102.0000) accum=(-284.0878,0.0000,-30639.3027) cMag=20709.7 fMag=32812.5 ld0=1.29554e+06 m78=230832 frac=0.821826 grounded=0x40800000 linTerm=8.33333e-06
spd=654.068 ctrl=(48387.3555,0.0000,2301810.0000) accum=(-307.2452,0.0000,-30806.9785) cMag=20838.7 fMag=32918.3 ld0=1.29198e+06 m78=224141 frac=0.826514 grounded=0x40800000 linTerm=8.33333e-06
spd=672.997 ctrl=(49361.9844,0.0000,2348173.5000) accum=(-284.0878,0.0000,-30639.3027) cMag=20709.7 fMag=32812.5 ld0=1.29554e+06 m78=230832 frac=0.821826 grounded=0x40800000 linTerm=1.27157e-12
spd=672.066 ctrl=(49355.7227,0.0000,2347875.5000) accum=(-284.0877,0.0000,-30639.3027) cMag=20709.7 fMag=32812.5 ld0=1.29554e+06 m78=230832 frac=0.821826 grounded=0x40800000 linTerm=8.33333e-06
spd=690.398 ctrl=(49479.0117,0.0000,2353740.5000) accum=(-308.2903,0.0000,-30814.6387) cMag=20844.6 fMag=32923.2 ld0=1.29182e+06 m78=223836 frac=0.826729 grounded=0x40800000 linTerm=8.33333e-06
spd=709.760 ctrl=(49609.2305,0.0000,2359935.0000) accum=(-284.0878,0.0000,-30639.3027) cMag=20709.7 fMag=32812.5 ld0=1.29554e+06 m78=230832 frac=0.821826 grounded=0x40800000 linTerm=1.27157e-12
spd=708.724 ctrl=(49602.2695,0.0000,2359604.0000) accum=(-284.0877,0.0000,-30639.3027) cMag=20709.7 fMag=32812.5 ld0=1.29554e+06 m78=230832 frac=0.821826 grounded=0x40800000 linTerm=8.33333e-06
spd=727.047 ctrl=(49725.4922,0.0000,2365465.5000) accum=(-308.2813,0.0000,-30814.5723) cMag=20844.5 fMag=32923.1 ld0=1.29182e+06 m78=223838 frac=0.826727 grounded=0x40800000 linTerm=8.33333e-06
spd=746.507 ctrl=(49856.3633,0.0000,2371691.2500) accum=(-284.0878,0.0000,-30639.3027) cMag=20709.7 fMag=32812.5 ld0=1.29554e+06 m78=230832 frac=0.821826 grounded=0x40800000 linTerm=1.27157e-12
spd=745.361 ctrl=(49848.6602,0.0000,2371324.7500) accum=(-284.0877,0.0000,-30639.3027) cMag=20709.7 fMag=32812.5 ld0=1.29554e+06 m78=230832 frac=0.821826 grounded=0x40800000 linTerm=8.33333e-06
spd=763.669 ctrl=(49971.7812,0.0000,2377181.7500) accum=(-308.2655,0.0000,-30814.4512) cMag=20844.4 fMag=32923 ld0=1.29183e+06 m78=223843 frac=0.826724 grounded=0x40800000 linTerm=8.33333e-06
spd=783.226 ctrl=(50103.3164,0.0000,2383439.0000) accum=(-284.0878,0.0000,-30639.3027) cMag=20709.7 fMag=32812.5 ld0=1.29554e+06 m78=230832 frac=0.821826 grounded=0x40800000 linTerm=1.27157e-12
spd=781.965 ctrl=(50094.8359,0.0000,2383035.5000) accum=(-284.0878,0.0000,-30639.3027) cMag=20709.7 fMag=32812.5 ld0=1.29554e+06 m78=230832 frac=0.821826 grounded=0x40800000 linTerm=8.33333e-06
spd=800.252 ctrl=(50217.8281,0.0000,2388886.5000) accum=(-308.2425,0.0000,-30814.2793) cMag=20844.3 fMag=32922.9 ld0=1.29183e+06 m78=223850 frac=0.826719 grounded=0x40800000 linTerm=8.33333e-06
spd=819.907 ctrl=(50350.0117,0.0000,2395174.2500) accum=(-284.0878,0.0000,-30639.3027) cMag=20709.7 fMag=32812.5 ld0=1.29554e+06 m78=230832 frac=0.821826 grounded=0x40800000 linTerm=1.27157e-12
spd=818.525 ctrl=(50340.7148,0.0000,2394732.2500) accum=(-284.0878,0.0000,-30639.3027) cMag=20709.7 fMag=32812.5 ld0=1.29554e+06 m78=230832 frac=0.821826 grounded=0x40800000 linTerm=8.33333e-06
spd=836.786 ctrl=(50463.5273,0.0000,2400574.2500) accum=(-308.2117,0.0000,-30814.0547) cMag=20844.1 fMag=32922.8 ld0=1.29183e+06 m78=223859 frac=0.826713 grounded=0x40800000 linTerm=8.33333e-06
spd=856.538 ctrl=(50596.3672,0.0000,2406893.7500) accum=(-284.0878,0.0000,-30639.3027) cMag=20709.7 fMag=32812.5 ld0=1.29554e+06 m78=230832 frac=0.821826 grounded=0x40800000 linTerm=1.27157e-12
spd=855.030 ctrl=(50586.2266,0.0000,2406411.2500) accum=(-284.0878,0.0000,-30639.3027) cMag=20709.7 fMag=32812.5 ld0=1.29554e+06 m78=230832 frac=0.821826 grounded=0x40800000 linTerm=8.33333e-06
spd=873.260 ctrl=(50708.8281,0.0000,2412243.5000) accum=(-308.1742,0.0000,-30813.7812) cMag=20843.9 fMag=32922.6 ld0=1.29184e+06 m78=223870 frac=0.826705 grounded=0x40800000 linTerm=8.33333e-06
spd=893.109 ctrl=(50842.3164,0.0000,2418593.7500) accum=(-284.0878,0.0000,-30639.3027) cMag=20709.7 fMag=32812.5 ld0=1.29554e+06 m78=230832 frac=0.821826 grounded=0x40800000 linTerm=1.27157e-12
spd=891.470 ctrl=(50831.2930,0.0000,2418069.2500) accum=(-284.0878,0.0000,-30639.3027) cMag=20709.7 fMag=32812.5 ld0=1.29554e+06 m78=230832 frac=0.821826 grounded=0x40800000 linTerm=8.33333e-06
spd=909.662 ctrl=(50953.6484,0.0000,2423889.7500) accum=(-308.1293,0.0000,-30813.4570) cMag=20843.7 fMag=32922.4 ld0=1.29185e+06 m78=223883 frac=0.826696 grounded=0x40800000 linTerm=8.33333e-06
spd=929.609 ctrl=(51087.7930,0.0000,2430271.0000) accum=(-284.0878,0.0000,-30639.3027) cMag=20709.7 fMag=32812.5 ld0=1.29554e+06 m78=230832 frac=0.821826 grounded=0x40800000 linTerm=1.27157e-12
spd=927.832 ctrl=(51075.8477,0.0000,2429702.7500) accum=(-284.0877,0.0000,-30639.3027) cMag=20709.7 fMag=32812.5 ld0=1.29554e+06 m78=230832 frac=0.821826 grounded=0x40800000 linTerm=8.33333e-06
spd=945.982 ctrl=(51197.9102,0.0000,2435509.5000) accum=(-308.0778,0.0000,-30813.0762) cMag=20843.4 fMag=32922.2 ld0=1.29186e+06 m78=223898 frac=0.826685 grounded=0x40800000 linTerm=8.33333e-06
spd=966.026 ctrl=(51332.7148,0.0000,2441922.0000) accum=(-284.0878,0.0000,-30639.3027) cMag=20709.7 fMag=32812.5 ld0=1.29554e+06 m78=230832 frac=0.821826 grounded=0x40800000 linTerm=1.27157e-12
spd=964.108 ctrl=(51319.8125,0.0000,2441308.2500) accum=(-284.0878,0.0000,-30639.3027) cMag=20709.7 fMag=32812.5 ld0=1.29554e+06 m78=230832 frac=0.821826 grounded=0x40800000 linTerm=8.33333e-06
spd=982.210 ctrl=(51441.5586,0.0000,2447099.7500) accum=(-308.0189,0.0000,-30812.6465) cMag=20843 fMag=32921.9 ld0=1.29186e+06 m78=223915 frac=0.826673 grounded=0x40800000 linTerm=8.33333e-06
spd=1002.350 ctrl=(51577.0078,0.0000,2453543.2500) accum=(-284.0878,0.0000,-30639.3027) cMag=20709.7 fMag=32812.5 ld0=1.29554e+06 m78=230832 frac=0.821826 grounded=0x40800000 linTerm=1.27157e-12
spd=1000.285 ctrl=(51563.1133,0.0000,2452882.2500) accum=(-284.0878,0.0000,-30639.3027) cMag=20709.7 fMag=32812.5 ld0=1.29554e+06 m78=230832 frac=0.821826 grounded=0x40800000 linTerm=8.33333e-06
spd=1018.334 ctrl=(51684.5078,0.0000,2458657.0000) accum=(-307.9531,0.0000,-30812.1641) cMag=20842.7 fMag=32921.6 ld0=1.29187e+06 m78=223934 frac=0.826659 grounded=0x40800000 linTerm=8.33333e-06
spd=1038.571 ctrl=(51820.6133,0.0000,2465131.5000) accum=(-284.0878,0.0000,-30639.3027) cMag=20709.7 fMag=32812.5 ld0=1.29554e+06 m78=230832 frac=0.821826 grounded=0x40800000 linTerm=1.27157e-12
spd=1036.354 ctrl=(51805.6953,0.0000,2464422.0000) accum=(-284.0878,0.0000,-30639.3027) cMag=20709.7 fMag=32812.5 ld0=1.29554e+06 m78=230832 frac=0.821826 grounded=0x40800000 linTerm=8.33333e-06
spd=1054.345 ctrl=(51926.6914,0.0000,2470177.7500) accum=(-307.8803,0.0000,-30811.6309) cMag=20842.3 fMag=32921.3 ld0=1.29189e+06 m78=223955 frac=0.826645 grounded=0x40800000 linTerm=8.33333e-06
spd=1074.677 ctrl=(52063.4336,0.0000,2476682.7500) accum=(-284.0878,0.0000,-30639.3027) cMag=20709.7 fMag=32812.5 ld0=1.29554e+06 m78=230832 frac=0.821826 grounded=0x40800000 linTerm=1.27157e-12
spd=1072.303 ctrl=(52047.4727,0.0000,2475923.5000) accum=(-284.0878,0.0000,-30639.3027) cMag=20709.7 fMag=32812.5 ld0=1.29554e+06 m78=230832 frac=0.821826 grounded=0x40800000 linTerm=8.33333e-06
spd=1090.231 ctrl=(52168.0430,0.0000,2481659.0000) accum=(-307.8010,0.0000,-30811.0508) cMag=20841.8 fMag=32920.9 ld0=1.2919e+06 m78=223979 frac=0.826628 grounded=0x40800000 linTerm=8.33333e-06
spd=1110.659 ctrl=(52305.4297,0.0000,2488194.5000) accum=(-284.0878,0.0000,-30639.3027) cMag=20709.7 fMag=32812.5 ld0=1.29554e+06 m78=230832 frac=0.821826 grounded=0x40800000 linTerm=1.27157e-12
spd=1108.123 ctrl=(52288.3750,0.0000,2487383.2500) accum=(-284.0878,0.0000,-30639.3027) cMag=20709.7 fMag=32812.5 ld0=1.29554e+06 m78=230832 frac=0.821826 grounded=0x40800000 linTerm=8.33333e-06
spd=1125.983 ctrl=(52408.4805,0.0000,2493096.7500) accum=(-307.7151,0.0000,-30810.4199) cMag=20841.3 fMag=32920.5 ld0=1.29191e+06 m78=224004 frac=0.826611 grounded=0x40800000 linTerm=8.33333e-06
spd=1146.506 ctrl=(52546.5117,0.0000,2499663.0000) accum=(-284.0878,0.0000,-30639.3027) cMag=20709.7 fMag=32812.5 ld0=1.29554e+06 m78=230832 frac=0.821826 grounded=0x40800000 linTerm=1.27157e-12
spd=1143.804 ctrl=(52528.3477,0.0000,2498799.0000) accum=(-284.0878,0.0000,-30639.3027) cMag=20709.7 fMag=32812.5 ld0=1.29554e+06 m78=230832 frac=0.821826 grounded=0x40800000 linTerm=8.33333e-06
spd=1161.590 ctrl=(52647.9531,0.0000,2504488.7500) accum=(-307.6222,0.0000,-30809.7402) cMag=20840.8 fMag=32920.1 ld0=1.29193e+06 m78=224031 frac=0.826592 grounded=0x40800000 linTerm=8.33333e-06
spd=1182.208 ctrl=(52786.6172,0.0000,2511085.0000) accum=(-284.0878,0.0000,-30639.3027) cMag=20709.7 fMag=32812.5 ld0=1.29554e+06 m78=230832 frac=0.821826 grounded=0x40800000 linTerm=1.27157e-12
spd=1179.336 ctrl=(52767.2969,0.0000,2510166.0000) accum=(-284.0878,0.0000,-30639.3027) cMag=20709.7 fMag=32812.5 ld0=1.29554e+06 m78=230832 frac=0.821826 grounded=0x40800000 linTerm=8.33333e-06
spd=1197.043 ctrl=(52886.3906,0.0000,2515831.2500) accum=(-307.5233,0.0000,-30809.0156) cMag=20840.2 fMag=32919.6 ld0=1.29194e+06 m78=224060 frac=0.826571 grounded=0x40800000 linTerm=8.33333e-06
spd=1217.756 ctrl=(53025.6914,0.0000,2522457.7500) accum=(-284.0878,0.0000,-30639.3027) cMag=20709.7 fMag=32812.5 ld0=1.29554e+06 m78=230832 frac=0.821826 grounded=0x40800000 linTerm=1.27157e-12
spd=1214.708 ctrl=(53005.1875,0.0000,2521482.5000) accum=(-284.0876,0.0000,-30639.2988) cMag=20709.7 fMag=32812.5 ld0=1.29554e+06 m78=230832 frac=0.821826 grounded=0x40800000 linTerm=8.33333e-06
spd=1232.332 ctrl=(53123.7227,0.0000,2527121.2500) accum=(-307.4176,0.0000,-30808.2402) cMag=20839.7 fMag=32919.1 ld0=1.29196e+06 m78=224091 frac=0.82655 grounded=0x40800000 linTerm=8.33333e-06
spd=1253.139 ctrl=(53263.6523,0.0000,2533777.7500) accum=(-284.0878,0.0000,-30639.3027) cMag=20709.7 fMag=32812.5 ld0=1.29554e+06 m78=230832 frac=0.821826 grounded=0x40800000 linTerm=1.27157e-12
spd=1249.911 ctrl=(53241.9453,0.0000,2532745.2500) accum=(-284.0876,0.0000,-30639.2988) cMag=20709.7 fMag=32812.5 ld0=1.29554e+06 m78=230832 frac=0.821826 grounded=0x40800000 linTerm=8.33333e-06
spd=1267.447 ctrl=(53359.8828,0.0000,2538355.5000) accum=(-307.3055,0.0000,-30807.4219) cMag=20839 fMag=32918.6 ld0=1.29197e+06 m78=224123 frac=0.826527 grounded=0x40800000 linTerm=8.33333e-06
spd=1288.348 ctrl=(53500.4492,0.0000,2545042.2500) accum=(-284.0878,0.0000,-30639.3027) cMag=20709.7 fMag=32812.5 ld0=1.29554e+06 m78=230832 frac=0.821826 grounded=0x40800000 linTerm=1.27157e-12
spd=1284.936 ctrl=(53477.5039,0.0000,2543950.7500) accum=(-284.0878,0.0000,-30639.3027) cMag=20709.7 fMag=32812.5 ld0=1.29554e+06 m78=230832 frac=0.821826 grounded=0x40800000 linTerm=8.33333e-06
spd=1302.380 ctrl=(53594.8125,0.0000,2549531.2500) accum=(-307.1877,0.0000,-30806.5527) cMag=20838.4 fMag=32918.1 ld0=1.29199e+06 m78=224158 frac=0.826502 grounded=0x40800000 linTerm=8.33333e-06
spd=1323.374 ctrl=(53736.0117,0.0000,2556248.0000) accum=(-284.0878,0.0000,-30639.3027) cMag=20709.7 fMag=32812.5 ld0=1.29554e+06 m78=230832 frac=0.821826 grounded=0x40800000 linTerm=1.27157e-12
spd=1319.774 ctrl=(53711.7969,0.0000,2555096.2500) accum=(-284.0878,0.0000,-30639.3027) cMag=20709.7 fMag=32812.5 ld0=1.29554e+06 m78=230832 frac=0.821826 grounded=0x40800000 linTerm=8.33333e-06
spd=1337.120 ctrl=(53828.4570,0.0000,2560645.7500) accum=(-307.0634,0.0000,-30805.6484) cMag=20837.7 fMag=32917.5 ld0=1.29201e+06 m78=224194 frac=0.826477 grounded=0x40800000 linTerm=8.33333e-06
spd=1358.207 ctrl=(53970.2773,0.0000,2567392.2500) accum=(-284.0878,0.0000,-30639.3027) cMag=20709.7 fMag=32812.5 ld0=1.29554e+06 m78=230832 frac=0.821826 grounded=0x40800000 linTerm=1.27157e-12
spd=1354.415 ctrl=(53944.7734,0.0000,2566179.0000) accum=(-284.0876,0.0000,-30639.3086) cMag=20709.7 fMag=32812.5 ld0=1.29554e+06 m78=230832 frac=0.821826 grounded=0x40800000 linTerm=8.33333e-06
spd=1371.660 ctrl=(54060.7500,0.0000,2571696.0000) accum=(-306.9341,0.0000,-30804.7051) cMag=20836.9 fMag=32916.9 ld0=1.29203e+06 m78=224232 frac=0.82645 grounded=0x40800000 linTerm=8.33333e-06
spd=1392.838 ctrl=(54203.1875,0.0000,2578471.7500) accum=(-284.0878,0.0000,-30639.3027) cMag=20709.7 fMag=32812.5 ld0=1.29554e+06 m78=230832 frac=0.821826 grounded=0x40800000 linTerm=1.27157e-12
spd=1388.851 ctrl=(54176.3711,0.0000,2577196.0000) accum=(-284.0878,0.0000,-30639.3027) cMag=20709.7 fMag=32812.5 ld0=1.29554e+06 m78=230832 frac=0.821826 grounded=0x40800000 linTerm=8.33333e-06
spd=1405.990 ctrl=(54291.6328,0.0000,2582679.0000) accum=(-306.7980,0.0000,-30803.7070) cMag=20836.2 fMag=32916.3 ld0=1.29205e+06 m78=224272 frac=0.826422 grounded=0x40800000 linTerm=8.33333e-06
spd=1427.260 ctrl=(54434.6836,0.0000,2589484.0000) accum=(-284.0878,0.0000,-30639.3027) cMag=20709.7 fMag=32812.5 ld0=1.29554e+06 m78=230832 frac=0.821826 grounded=0x40800000 linTerm=1.27157e-12
spd=1423.072 ctrl=(54406.5195,0.0000,2588144.5000) accum=(-284.0876,0.0000,-30639.2988) cMag=20709.7 fMag=32812.5 ld0=1.29554e+06 m78=230832 frac=0.821826 grounded=0x40800000 linTerm=8.33333e-06
spd=1440.101 ctrl=(54521.0469,0.0000,2593592.5000) accum=(-306.6572,0.0000,-30802.6738) cMag=20835.4 fMag=32915.6 ld0=1.29208e+06 m78=224313 frac=0.826394 grounded=0x40800000 linTerm=8.33333e-06
spd=1461.463 ctrl=(54664.7109,0.0000,2600426.7500) accum=(-284.0878,0.0000,-30639.3027) cMag=20709.7 fMag=32812.5 ld0=1.29554e+06 m78=230832 frac=0.821826 grounded=0x40800000 linTerm=1.27157e-12
spd=1457.072 ctrl=(54635.1836,0.0000,2599022.0000) accum=(-284.0876,0.0000,-30639.2988) cMag=20709.7 fMag=32812.5 ld0=1.29554e+06 m78=230832 frac=0.821826 grounded=0x40800000 linTerm=8.33333e-06
spd=1473.987 ctrl=(54748.9414,0.0000,2604433.5000) accum=(-306.5106,0.0000,-30801.5996) cMag=20834.5 fMag=32914.9 ld0=1.2921e+06 m78=224355 frac=0.826364 grounded=0x40800000 linTerm=8.33333e-06
spd=1495.438 ctrl=(54893.2109,0.0000,2611296.5000) accum=(-284.0878,0.0000,-30639.3027) cMag=20709.7 fMag=32812.5 ld0=1.29554e+06 m78=230832 frac=0.821826 grounded=0x40800000 linTerm=1.27157e-12
spd=1490.842 ctrl=(54862.2930,0.0000,2609826.0000) accum=(-284.0876,0.0000,-30639.2988) cMag=20709.7 fMag=32812.5 ld0=1.29554e+06 m78=230832 frac=0.821826 grounded=0x40800000 linTerm=8.33333e-06
spd=1507.638 ctrl=(54975.2539,0.0000,2615199.5000) accum=(-306.3585,0.0000,-30800.4941) cMag=20833.7 fMag=32914.2 ld0=1.29212e+06 m78=224400 frac=0.826332 grounded=0x40800000 linTerm=8.33333e-06
spd=1529.179 ctrl=(55120.1289,0.0000,2622091.2500) accum=(-284.0878,0.0000,-30639.3027) cMag=20709.7 fMag=32812.5 ld0=1.29554e+06 m78=230832 frac=0.821826 grounded=0x40800000 linTerm=1.27157e-12
spd=1524.373 ctrl=(55087.8008,0.0000,2620553.2500) accum=(-284.0876,0.0000,-30639.2949) cMag=20709.7 fMag=32812.5 ld0=1.29554e+06 m78=230832 frac=0.821826 grounded=0x40800000 linTerm=8.33333e-06
spd=1541.047 ctrl=(55199.9414,0.0000,2625887.7500) accum=(-306.2015,0.0000,-30799.3398) cMag=20832.8 fMag=32913.5 ld0=1.29215e+06 m78=224446 frac=0.8263 grounded=0x40800000 linTerm=8.33333e-06
spd=1562.678 ctrl=(55345.4180,0.0000,2632808.2500) accum=(-284.0878,0.0000,-30639.3027) cMag=20709.7 fMag=32812.5 ld0=1.29554e+06 m78=230832 frac=0.821826 grounded=0x40800000 linTerm=1.27157e-12
spd=1557.658 ctrl=(55311.6602,0.0000,2631202.5000) accum=(-284.0876,0.0000,-30639.2988) cMag=20709.7 fMag=32812.5 ld0=1.29554e+06 m78=230832 frac=0.821826 grounded=0x40800000 linTerm=8.33333e-06
spd=1574.207 ctrl=(55422.9609,0.0000,2636497.0000) accum=(-306.0397,0.0000,-30798.1602) cMag=20831.9 fMag=32912.8 ld0=1.29217e+06 m78=224493 frac=0.826267 grounded=0x40800000 linTerm=8.33333e-06
spd=1595.926 ctrl=(55569.0312,0.0000,2643445.7500) accum=(-284.0878,0.0000,-30639.3027) cMag=20709.7 fMag=32812.5 ld0=1.29554e+06 m78=230832 frac=0.821826 grounded=0x40800000 linTerm=1.27157e-12
spd=1590.691 ctrl=(55533.8242,0.0000,2641770.7500) accum=(-284.0878,0.0000,-30639.3027) cMag=20709.7 fMag=32812.5 ld0=1.29554e+06 m78=230832 frac=0.821826 grounded=0x40800000 linTerm=8.33333e-06
spd=1607.110 ctrl=(55644.2500,0.0000,2647024.0000) accum=(-305.8730,0.0000,-30796.9414) cMag=20831 fMag=32912 ld0=1.2922e+06 m78=224541 frac=0.826233 grounded=0x40800000 linTerm=8.33333e-06
spd=1628.917 ctrl=(55790.9023,0.0000,2654000.0000) accum=(-284.0878,0.0000,-30639.3027) cMag=20709.7 fMag=32812.5 ld0=1.29554e+06 m78=230832 frac=0.821826 grounded=0x40800000 linTerm=1.27157e-12
spd=1623.463 ctrl=(55754.2227,0.0000,2652255.2500) accum=(-284.0876,0.0000,-30639.2949) cMag=20709.7 fMag=32812.5 ld0=1.29554e+06 m78=230832 frac=0.821826 grounded=0x40800000 linTerm=8.33333e-06
spd=1639.750 ctrl=(55863.7539,0.0000,2657465.7500) accum=(-305.7018,0.0000,-30795.6914) cMag=20830 fMag=32911.2 ld0=1.29222e+06 m78=224591 frac=0.826198 grounded=0x40800000 linTerm=8.33333e-06
spd=1661.644 ctrl=(56011.0078,0.0000,2664470.7500) accum=(-284.0878,0.0000,-30639.3027) cMag=20709.7 fMag=32812.5 ld0=1.29554e+06 m78=230832 frac=0.821826 grounded=0x40800000 linTerm=1.27157e-12
spd=1655.969 ctrl=(476879.3125,0.0000,2620063.7500) accum=(13075.4102,0.0000,-25127.1328) cMag=24121.2 fMag=48517.4 ld0=2.56755e+06 m78=2.08052e+06 frac=0.189687 grounded=0x40800000 linTerm=8.33333e-06
spd=1671.872 ctrl=(505718.1250,0.0000,2619565.2500) accum=(14421.7578,0.0000,-25761.7539) cMag=24769 fMag=51096.2 ld0=2.64065e+06 m78=2.11325e+06 frac=0.199723 grounded=0x40800000 linTerm=8.33333e-06
spd=1693.524 ctrl=(507053.3125,0.0000,2626481.2500) accum=(13415.7217,0.0000,-25571.1270) cMag=24306.4 fMag=48854.9 ld0=2.53449e+06 m78=2.01632e+06 frac=0.204448 grounded=0x40800000 linTerm=1.27157e-12
spd=1687.584 ctrl=(534604.0000,0.0000,2618765.7500) accum=(15198.7822,0.0000,-26233.6426) cMag=24922.5 fMag=51533.3 ld0=2.61786e+06 m78=2.03408e+06 frac=0.222999 grounded=0x40800000 linTerm=8.33333e-06
spd=1703.225 ctrl=(563488.3125,0.0000,2617453.0000) accum=(16835.1172,0.0000,-27046.0117) cMag=25665.1 fMag=54247.4 ld0=2.66855e+06 m78=2.03188e+06 frac=0.238581 grounded=0x40800000 linTerm=8.33333e-06
spd=1724.825 ctrl=(565000.5625,0.0000,2624477.5000) accum=(14930.1514,0.0000,-26558.6992) cMag=24932.4 fMag=51040.2 ld0=2.56014e+06 m78=1.9646e+06 frac=0.23262 grounded=0x40800000 linTerm=1.27157e-12
spd=1718.604 ctrl=(592456.8125,0.0000,2616048.2500) accum=(16719.8906,0.0000,-27258.5957) cMag=25543.8 fMag=53688.8 ld0=2.63486e+06 m78=1.97443e+06 frac=0.250652 grounded=0x40800000 linTerm=8.33333e-06
spd=1734.009 ctrl=(621386.9375,0.0000,2614018.7500) accum=(17301.2598,0.0000,-27702.4512) cMag=25985.1 fMag=55528.1 ld0=2.69682e+06 m78=2.02646e+06 frac=0.248576 grounded=0x40800000 linTerm=8.33333e-06
spd=1755.600 ctrl=(623076.4375,0.0000,2621126.0000) accum=(15875.1650,0.0000,-27421.0371) cMag=25381.9 fMag=52540.4 ld0=2.56878e+06 m78=1.91597e+06 frac=0.254133 grounded=0x40800000 linTerm=1.27157e-12
spd=1749.114 ctrl=(650427.3750,0.0000,2612015.2500) accum=(16847.2832,0.0000,-27825.6367) cMag=25760.4 fMag=54543.2 ld0=2.65305e+06 m78=1.96949e+06 frac=0.257648 grounded=0x40800000 linTerm=8.33333e-06
spd=1764.317 ctrl=(679391.0000,0.0000,2609287.7500) accum=(17279.2363,0.0000,-28240.2500) cMag=26161.5 fMag=56234.1 ld0=2.71255e+06 m78=2.0239e+06 frac=0.253879 grounded=0x40800000 linTerm=8.33333e-06
spd=1785.930 ctrl=(681254.1875,0.0000,2616443.2500) accum=(15783.8672,0.0000,-27915.1895) cMag=25526.3 fMag=53106.4 ld0=2.58117e+06 m78=1.911e+06 frac=0.259638 grounded=0x40800000 linTerm=1.27157e-12
spd=1779.193 ctrl=(708483.6250,0.0000,2606655.5000) accum=(16643.1992,0.0000,-28305.1934) cMag=25881 fMag=55020.5 ld0=2.66335e+06 m78=1.96714e+06 frac=0.261406 grounded=0x40800000 linTerm=8.33333e-06
spd=1794.215 ctrl=(737465.2500,0.0000,2603233.0000) accum=(16991.9961,0.0000,-28705.4805) cMag=26260 fMag=56629.9 ld0=2.72149e+06 m78=2.02265e+06 frac=0.256786 grounded=0x40800000 linTerm=8.33333e-06
spd=1815.869 ctrl=(739498.1875,0.0000,2610409.0000) accum=(15459.0439,0.0000,-28340.6367) cMag=25609.6 fMag=53426.8 ld0=2.58812e+06 m78=1.90867e+06 frac=0.262528 grounded=0x40800000 linTerm=1.27157e-12
spd=1808.891 ctrl=(766589.0625,0.0000,2599945.0000) accum=(16257.9727,0.0000,-28729.4688) cMag=25949.9 fMag=55294.6 ld0=2.6694e+06 m78=1.96607e+06 frac=0.263478 grounded=0x40800000 linTerm=8.33333e-06
spd=1823.744 ctrl=(795570.8125,0.0000,2595823.5000) accum=(16559.2793,0.0000,-29123.9922) cMag=26316.5 fMag=56859 ld0=2.72672e+06 m78=2.02202e+06 frac=0.258444 grounded=0x40800000 linTerm=8.33333e-06
spd=1845.451 ctrl=(797771.6875,0.0000,2603005.0000) accum=(15012.1807,0.0000,-28723.1074) cMag=25659 fMag=53618 ld0=2.5924e+06 m78=1.90748e+06 frac=0.264201 grounded=0x40800000 linTerm=1.27157e-12
spd=1838.236 ctrl=(824705.9375,0.0000,2591864.2500) accum=(15772.1953,0.0000,-29116.6074) cMag=25990.6 fMag=55459.1 ld0=2.67315e+06 m78=1.96568e+06 frac=0.264659 grounded=0x40800000 linTerm=8.33333e-06
spd=1852.925 ctrl=(853670.4375,0.0000,2587042.7500) accum=(16045.0176,0.0000,-29510.1484) cMag=26350.2 fMag=56998 ld0=2.72995e+06 m78=2.02169e+06 frac=0.25944 grounded=0x40800000 linTerm=8.33333e-06
spd=1874.691 ctrl=(856037.5625,0.0000,2594216.0000) accum=(14496.3975,0.0000,-29075.6367) cMag=25690.1 fMag=53739.1 ld0=2.59522e+06 m78=1.90691e+06 frac=0.265223 grounded=0x40800000 linTerm=1.27157e-12
spd=1867.244 ctrl=(882797.6250,0.0000,2582400.5000) accum=(15229.0439,0.0000,-29477.0625) cMag=26016.3 fMag=55564.5 ld0=2.67565e+06 m78=1.96563e+06 frac=0.265364 grounded=0x40800000 linTerm=8.33333e-06
spd=1881.771 ctrl=(911726.6250,0.0000,2576876.5000) accum=(15483.4658,0.0000,-29872.2656) cMag=26371.6 fMag=57088.1 ld0=2.73207e+06 m78=2.02151e+06 frac=0.260083 grounded=0x40800000 linTerm=8.33333e-06
spd=1903.599 ctrl=(914258.8750,0.0000,2584033.5000) accum=(13940.2197,0.0000,-29405.6855) cMag=25711.1 fMag=53822.2 ld0=2.59725e+06 m78=1.90666e+06 frac=0.265893 grounded=0x40800000 linTerm=1.27157e-12
spd=1895.919 ctrl=(940826.9375,0.0000,2571544.7500) accum=(14651.6416,0.0000,-29816.6973) cMag=26033.7 fMag=55637.6 ld0=2.67747e+06 m78=1.96577e+06 frac=0.265812 grounded=0x40800000 linTerm=8.33333e-06
spd=1910.287 ctrl=(969702.3750,0.0000,2565317.5000) accum=(14892.9805,0.0000,-30215.0898) cMag=26386.2 fMag=57151.4 ld0=2.73359e+06 m78=2.0214e+06 frac=0.260534 grounded=0x40800000 linTerm=8.33333e-06
spd=1932.178 ctrl=(972399.1250,0.0000,2572451.5000) accum=(13359.0273,0.0000,-29717.3867) cMag=25726.7 fMag=53884.4 ld0=2.59884e+06 m78=1.90659e+06 frac=0.266371 grounded=0x40800000 linTerm=1.27157e-12
spd=1924.265 ctrl=(998757.2500,0.0000,2559292.2500) accum=(14052.5107,0.0000,-30138.9004) cMag=26046.6 fMag=55693.1 ld0=2.67892e+06 m78=1.96601e+06 frac=0.266119 grounded=0x40800000 linTerm=8.33333e-06
spd=1938.472 ctrl=(1027561.1875,0.0000,2552361.0000) accum=(14283.5400,0.0000,-30541.2402) cMag=26397.1 fMag=57199.9 ld0=2.73476e+06 m78=2.02132e+06 frac=0.260881 grounded=0x40800000 linTerm=8.33333e-06
spd=1960.427 ctrl=(1030422.2500,0.0000,2559467.5000) accum=(12761.1836,0.0000,-30013.1113) cMag=25739.1 fMag=53934.8 ld0=2.60019e+06 m78=1.90661e+06 frac=0.266742 grounded=0x40800000 linTerm=1.27157e-12
spd=1952.282 ctrl=(1056552.6250,0.0000,2545640.5000) accum=(13438.4521,0.0000,-30445.4004) cMag=26056.9 fMag=55738.5 ld0=2.68015e+06 m78=1.9663e+06 frac=0.26635 grounded=0x40800000 linTerm=8.33333e-06
spd=1966.327 ctrl=(1085267.0000,0.0000,2538006.0000) accum=(13660.6094,0.0000,-30852.1152) cMag=26405.8 fMag=57239.9 ld0=2.73574e+06 m78=2.02125e+06 frac=0.26117 grounded=0x40800000 linTerm=8.33333e-06
spd=1988.346 ctrl=(1088291.8750,0.0000,2545080.0000) accum=(12151.2988,0.0000,-30294.1035) cMag=25749.9 fMag=53978.4 ld0=2.60138e+06 m78=1.90668e+06 frac=0.267053 grounded=0x40800000 linTerm=1.27157e-12
spd=1979.968 ctrl=(1114176.7500,0.0000,2530589.2500) accum=(12813.2734,0.0000,-30737.2363) cMag=26065.8 fMag=55778.3 ld0=2.68126e+06 m78=1.96661e+06 frac=0.266536 grounded=0x40800000 linTerm=8.33333e-06
spd=1993.852 ctrl=(1142783.3750,0.0000,2522252.0000) accum=(13027.2393,0.0000,-31148.5176) cMag=26413.3 fMag=57274.9 ld0=2.7366e+06 m78=2.02118e+06 frac=0.261427 grounded=0x40800000 linTerm=8.33333e-06
spd=2015.933 ctrl=(1145971.8750,0.0000,2529289.2500) accum=(11531.9805,0.0000,-30561.0879) cMag=25759.5 fMag=54018 ld0=2.60249e+06 m78=1.90677e+06 frac=0.267329 grounded=0x40800000 linTerm=1.27157e-12
spd=2007.323 ctrl=(1171594.0000,0.0000,2514139.7500) accum=(12179.1475,0.0000,-31014.8867) cMag=26073.8 fMag=55814.6 ld0=2.68229e+06 m78=1.96693e+06 frac=0.266697 grounded=0x40800000 linTerm=8.33333e-06
spd=2021.043 ctrl=(1200074.7500,0.0000,2505101.0000) accum=(12385.2539,0.0000,-31430.7930) cMag=26420.1 fMag=57306.8 ld0=2.73737e+06 m78=2.0211e+06 frac=0.261666 grounded=0x40800000 linTerm=8.33333e-06
spd=2043.186 ctrl=(1203426.1250,0.0000,2512096.7500) accum=(10904.7920,0.0000,-30814.3320) cMag=25768.5 fMag=54055 ld0=2.60353e+06 m78=1.90687e+06 frac=0.267583 grounded=0x40800000 linTerm=1.27157e-12
spd=2034.343 ctrl=(1228767.7500,0.0000,2496293.0000) accum=(11537.3506,0.0000,-31278.6133) cMag=26081.3 fMag=55848.7 ld0=2.68327e+06 m78=1.96726e+06 frac=0.266843 grounded=0x40800000 linTerm=8.33333e-06
spd=2047.899 ctrl=(1257104.6250,0.0000,2486554.5000) accum=(11735.6924,0.0000,-31699.1270) cMag=26426.4 fMag=57336.6 ld0=2.73809e+06 m78=2.021e+06 frac=0.261893 grounded=0x40800000 linTerm=8.33333e-06
spd=2070.104 ctrl=(1260618.2500,0.0000,2493504.5000) accum=(10270.6699,0.0000,-31054.0117) cMag=25777.2 fMag=54090.3 ld0=2.60454e+06 m78=1.90698e+06 frac=0.267823 grounded=0x40800000 linTerm=1.27157e-12
spd=2061.029 ctrl=(1285663.0000,0.0000,2477053.2500) accum=(10888.7539,0.0000,-31528.5176) cMag=26088.5 fMag=55881.4 ld0=2.68421e+06 m78=1.96758e+06 frac=0.266979 grounded=0x40800000 linTerm=8.33333e-06
spd=2074.419 ctrl=(1564279.2500,0.0000,2936800.5000) accum=(11079.3311,0.0000,-31953.5039) cMag=26432.3 fMag=57365 ld0=2.73877e+06 m78=2.0209e+06 frac=0.262113 grounded=0x40800000 linTerm=8.33333e-06
spd=2101.059 ctrl=(1568715.1250,0.0000,2945128.2500) accum=(9566.4736,0.0000,-31245.4395) cMag=25763.9 fMag=54030.7 ld0=2.60236e+06 m78=1.90607e+06 frac=0.267562 grounded=0x40800000 linTerm=1.27157e-12
spd=2091.718 ctrl=(1598414.8750,0.0000,2925242.0000) accum=(10182.5361,0.0000,-31736.7734) cMag=26077.6 fMag=55833.9 ld0=2.68248e+06 m78=1.96689e+06 frac=0.266766 grounded=0x40800000 linTerm=8.33333e-06
spd=2109.261 ctrl=(1632042.3750,0.0000,2912505.0000) accum=(10284.8428,0.0000,-32125.1641) cMag=26443 fMag=57420.7 ld0=2.7446e+06 m78=2.03509e+06 frac=0.258511 grounded=0x40800000 linTerm=8.33333e-06
spd=2135.998 ctrl=(1636663.6250,0.0000,2920752.0000) accum=(8840.9727,0.0000,-31411.3965) cMag=25744.6 fMag=53942.9 ld0=2.59909e+06 m78=1.90462e+06 frac=0.267199 grounded=0x40800000 linTerm=1.27157e-12
spd=2126.354 ctrl=(1665981.0000,0.0000,2900081.7500) accum=(9458.1123,0.0000,-31921.6074) cMag=26061.8 fMag=55762.8 ld0=2.67984e+06 m78=1.96571e+06 frac=0.266483 grounded=0x40800000 linTerm=8.33333e-06
spd=2143.683 ctrl=(1699387.5000,0.0000,2886496.5000) accum=(9569.0850,0.0000,-32320.7930) cMag=26430.3 fMag=57364.2 ld0=2.74221e+06 m78=2.03344e+06 frac=0.258468 grounded=0x40800000 linTerm=8.33333e-06
spd=2170.507 ctrl=(1704198.6250,0.0000,2894668.5000) accum=(8152.5264,0.0000,-31584.0312) cMag=25739 fMag=53916 ld0=2.59796e+06 m78=1.90398e+06 frac=0.267125 grounded=0x40800000 linTerm=1.27157e-12
spd=2160.556 ctrl=(1733113.3750,0.0000,2873224.0000) accum=(8762.5078,0.0000,-32108.7168) cMag=26057.2 fMag=55743.3 ld0=2.67901e+06 m78=1.96533e+06 frac=0.266397 grounded=0x40800000 linTerm=8.33333e-06
spd=2177.665 ctrl=(1766277.3750,0.0000,2858796.7500) accum=(8874.9062,0.0000,-32515.3789) cMag=26426.7 fMag=57349.9 ld0=2.74134e+06 m78=2.03252e+06 frac=0.258569 grounded=0x40800000 linTerm=8.33333e-06
spd=2204.572 ctrl=(1771280.1250,0.0000,2866893.7500) accum=(7481.7798,0.0000,-31754.6426) cMag=25740.7 fMag=53921.4 ld0=2.59795e+06 m78=1.90375e+06 frac=0.267211 grounded=0x40800000 linTerm=1.27157e-12
spd=2194.310 ctrl=(1799771.1250,0.0000,2844684.5000) accum=(8080.1929,0.0000,-32291.1211) cMag=26058.7 fMag=55751.2 ld0=2.67911e+06 m78=1.96534e+06 frac=0.26642 grounded=0x40800000 linTerm=8.33333e-06
spd=2211.194 ctrl=(1832671.0000,0.0000,2829420.5000) accum=(8190.0669,0.0000,-32703.3809) cMag=26427.9 fMag=57357.9 ld0=2.74126e+06 m78=2.03196e+06 frac=0.25875 grounded=0x40800000 linTerm=8.33333e-06
spd=2238.181 ctrl=(1837865.8750,0.0000,2837440.7500) accum=(6818.4248,0.0000,-31918.2559) cMag=25746.3 fMag=53943.8 ld0=2.59852e+06 m78=1.90371e+06 frac=0.267385 grounded=0x40800000 linTerm=1.27157e-12
spd=2227.606 ctrl=(1865912.3750,0.0000,2814476.2500) accum=(7402.9229,0.0000,-32464.8633) cMag=26063.5 fMag=55773.5 ld0=2.6797e+06 m78=1.96555e+06 frac=0.266503 grounded=0x40800000 linTerm=8.33333e-06
spd=2244.263 ctrl=(1898525.0000,0.0000,2798380.0000) accum=(7508.0796,0.0000,-32881.5195) cMag=26431.7 fMag=57377.5 ld0=2.74157e+06 m78=2.03157e+06 frac=0.258975 grounded=0x40800000 linTerm=8.33333e-06
spd=2271.327 ctrl=(1903912.2500,0.0000,2806320.7500) accum=(6157.0552,0.0000,-32071.8848) cMag=25753.9 fMag=53974.9 ld0=2.59937e+06 m78=1.90377e+06 frac=0.267605 grounded=0x40800000 linTerm=1.27157e-12
spd=2260.440 ctrl=(1931494.8750,0.0000,2782611.7500) accum=(6726.4678,0.0000,-32627.4277) cMag=26069.9 fMag=55803.3 ld0=2.68054e+06 m78=1.96586e+06 frac=0.266619 grounded=0x40800000 linTerm=8.33333e-06
spd=2276.867 ctrl=(1963798.6250,0.0000,2765690.2500) accum=(6825.6821,0.0000,-33047.7734) cMag=26436.8 fMag=57402.8 ld0=2.74208e+06 m78=2.03127e+06 frac=0.259223 grounded=0x40800000 linTerm=8.33333e-06
spd=2304.007 ctrl=(1969377.0000,0.0000,2773546.5000) accum=(5494.9482,0.0000,-32213.7129) cMag=25762.5 fMag=54010.2 ld0=2.60037e+06 m78=1.90387e+06 frac=0.267848 grounded=0x40800000 linTerm=1.27157e-12
spd=2292.806 ctrl=(1996474.8750,0.0000,2749103.5000) accum=(6048.5835,0.0000,-32777.4844) cMag=26077.1 fMag=55836.6 ld0=2.68149e+06 m78=1.9662e+06 frac=0.26675 grounded=0x40800000 linTerm=8.33333e-06
spd=2309.002 ctrl=(2028448.8750,0.0000,2731364.5000) accum=(6141.1523,0.0000,-33201.0898) cMag=26442.5 fMag=57430.7 ld0=2.74267e+06 m78=2.03099e+06 frac=0.259485 grounded=0x40800000 linTerm=8.33333e-06
spd=2336.216 ctrl=(2034216.6250,0.0000,2739131.0000) accum=(4830.7017,0.0000,-32342.8066) cMag=25771.6 fMag=54047.3 ld0=2.60142e+06 m78=1.90398e+06 frac=0.268102 grounded=0x40800000 linTerm=1.27157e-12
spd=2324.702 ctrl=(2060809.7500,0.0000,2713964.2500) accum=(5368.2793,0.0000,-32914.1484) cMag=26084.6 fMag=55871.4 ld0=2.68249e+06 m78=1.96656e+06 frac=0.266889 grounded=0x40800000 linTerm=8.33333e-06
spd=2340.665 ctrl=(2092432.0000,0.0000,2695414.2500) accum=(5453.8208,0.0000,-33340.6445) cMag=26448.3 fMag=57459.6 ld0=2.74329e+06 m78=2.03072e+06 frac=0.259751 grounded=0x40800000 linTerm=8.33333e-06
spd=2367.952 ctrl=(2098388.7500,0.0000,2703087.5000) accum=(4163.8223,0.0000,-32458.4355) cMag=25780.7 fMag=54085 ld0=2.60249e+06 m78=1.9041e+06 frac=0.268358 grounded=0x40800000 linTerm=1.27157e-12
spd=2356.125 ctrl=(2124458.0000,0.0000,2677210.0000) accum=(4685.1836,0.0000,-33036.9102) cMag=26092.3 fMag=55906.7 ld0=2.68351e+06 m78=1.96693e+06 frac=0.26703 grounded=0x40800000 linTerm=8.33333e-06
spd=2371.855 ctrl=(2155706.5000,0.0000,2657856.2500) accum=(4763.3643,0.0000,-33466.0820) cMag=26454.3 fMag=57488.5 ld0=2.74391e+06 m78=2.03044e+06 frac=0.260019 grounded=0x40800000 linTerm=8.33333e-06
spd=2399.213 ctrl=(2161850.0000,0.0000,2665430.5000) accum=(3494.0349,0.0000,-32560.2930) cMag=25789.9 fMag=54122.6 ld0=2.60356e+06 m78=1.90421e+06 frac=0.268613 grounded=0x40800000 linTerm=1.27157e-12
spd=2387.073 ctrl=(2187375.2500,0.0000,2638854.0000) accum=(3999.1436,0.0000,-33145.5039) cMag=26099.9 fMag=55941.9 ld0=2.68452e+06 m78=1.96729e+06 frac=0.267171 grounded=0x40800000 linTerm=8.33333e-06
spd=2402.570 ctrl=(2218230.0000,0.0000,2618706.0000) accum=(4069.8706,0.0000,-33577.0938) cMag=26460.1 fMag=57517.1 ld0=2.74452e+06 m78=2.03016e+06 frac=0.260286 grounded=0x40800000 linTerm=8.33333e-06
spd=2429.998 ctrl=(2224559.0000,0.0000,2626177.5000) accum=(2821.5447,0.0000,-32647.9922) cMag=25798.9 fMag=54159.6 ld0=2.60461e+06 m78=1.90433e+06 frac=0.268864 grounded=0x40800000 linTerm=1.27157e-12
spd=2417.546 ctrl=(2249521.7500,0.0000,2598914.5000) accum=(3310.3801,0.0000,-33239.6133) cMag=26107.5 fMag=55976.6 ld0=2.68552e+06 m78=1.96765e+06 frac=0.267309 grounded=0x40800000 linTerm=8.33333e-06
spd=2432.809 ctrl=(2279961.0000,0.0000,2577981.0000) accum=(3373.4941,0.0000,-33673.5156) cMag=26465.9 fMag=57545 ld0=2.7451e+06 m78=2.02986e+06 frac=0.260553 grounded=0x40800000 linTerm=8.33333e-06
spd=2460.307 ctrl=(2286473.0000,0.0000,2585344.2500) accum=(2146.4810,0.0000,-32721.4609) cMag=25807.7 fMag=54195.9 ld0=2.60564e+06 m78=1.90444e+06 frac=0.269111 grounded=0x40800000 linTerm=1.27157e-12
spd=2447.544 ctrl=(2310854.7500,0.0000,2557408.2500) accum=(2619.0955,0.0000,-33319.1641) cMag=26115 fMag=56010.8 ld0=2.68649e+06 m78=1.968e+06 frac=0.267446 grounded=0x40800000 linTerm=8.33333e-06
spd=2462.573 ctrl=(2340857.7500,0.0000,2535698.5000) accum=(2674.4751,0.0000,-33755.1367) cMag=26471.4 fMag=57572.2 ld0=2.74566e+06 m78=2.02955e+06 frac=0.260817 grounded=0x40800000 linTerm=8.33333e-06
spd=2490.139 ctrl=(2347551.5000,0.0000,2542949.2500) accum=(1469.1045,0.0000,-32780.5508) cMag=25816.4 fMag=54231.5 ld0=2.60665e+06 m78=1.90454e+06 frac=0.269353 grounded=0x40800000 linTerm=1.27157e-12
spd=2477.066 ctrl=(2371334.2500,0.0000,2514354.5000) accum=(1925.5616,0.0000,-33383.9141) cMag=26122.2 fMag=56044.2 ld0=2.68745e+06 m78=1.96835e+06 frac=0.267579 grounded=0x40800000 linTerm=8.33333e-06
spd=2491.861 ctrl=(2400880.2500,0.0000,2491879.5000) accum=(1973.0601,0.0000,-33821.8984) cMag=26476.9 fMag=57598.6 ld0=2.74619e+06 m78=2.02922e+06 frac=0.261078 grounded=0x40800000 linTerm=8.33333e-06
spd=2519.493 ctrl=(2407753.2500,0.0000,2499013.0000) accum=(789.6732,0.0000,-32825.1523) cMag=25824.9 fMag=54266.3 ld0=2.60763e+06 m78=1.90464e+06 frac=0.26959 grounded=0x40800000 linTerm=1.27157e-12
spd=2506.112 ctrl=(2430918.2500,0.0000,2469772.7500) accum=(1230.0393,0.0000,-33433.8984) cMag=26129.3 fMag=56076.9 ld0=2.68838e+06 m78=1.96868e+06 frac=0.267708 grounded=0x40800000 linTerm=8.33333e-06
spd=2520.673 ctrl=(2459989.0000,0.0000,2446544.5000) accum=(1269.6431,0.0000,-33873.7266) cMag=26482.1 fMag=57624.1 ld0=2.7467e+06 m78=2.02888e+06 frac=0.261337 grounded=0x40800000 linTerm=8.33333e-06
spd=2548.371 ctrl=(2467037.7500,0.0000,2453554.7500) accum=(108.5750,0.0000,-32855.2031) cMag=25833.2 fMag=54300.3 ld0=2.60859e+06 m78=1.90474e+06 frac=0.269822 grounded=0x40800000 linTerm=1.27157e-12
spd=2534.683 ctrl=(2489568.5000,0.0000,2423685.0000) accum=(532.8667,0.0000,-33469.0391) cMag=26136.3 fMag=56109 ld0=2.6893e+06 m78=1.96901e+06 frac=0.267835 grounded=0x40800000 linTerm=8.33333e-06
spd=2549.010 ctrl=(2518143.2500,0.0000,2399713.7500) accum=(564.5409,0.0000,-33910.5000) cMag=26487.2 fMag=57648.9 ld0=2.74718e+06 m78=2.02854e+06 frac=0.261593 grounded=0x40800000 linTerm=8.33333e-06
spd=2576.773 ctrl=(2525366.7500,0.0000,2406597.5000) accum=(-573.8586,0.0000,-32870.6055) cMag=25841.2 fMag=54333.4 ld0=2.60952e+06 m78=1.90483e+06 frac=0.270048 grounded=0x40800000 linTerm=1.27157e-12
spd=1284.975 ctrl=(60758.6055,0.0000,3077162.7500) accum=(19962.5254,0.0000,-25486.6641) cMag=27135.1 fMag=46449.1 ld0=2.19231e+06 m78=1.52449e+06 frac=0.30462 grounded=0x40800000 linTerm=8.33333e-06
spd=1306.542 ctrl=(89623.8672,0.0000,3083210.5000) accum=(17692.5293,0.0000,-23217.6191) cMag=24617.2 fMag=49879.4 ld0=2.55703e+06 m78=2.04625e+06 frac=0.199755 grounded=0x40800000 linTerm=8.33333e-06
spd=1331.676 ctrl=(89860.6250,0.0000,3091355.5000) accum=(16660.7832,0.0000,-23145.0137) cMag=24097.8 fMag=47577.6 ld0=2.45301e+06 m78=1.94807e+06 frac=0.205845 grounded=0x40800000 linTerm=1.27157e-12
spd=1328.013 ctrl=(119081.9609,0.0000,3088976.0000) accum=(17965.9473,0.0000,-23360.5312) cMag=24543.3 fMag=49748 ld0=2.54807e+06 m78=2.00123e+06 frac=0.214611 grounded=0x40800000 linTerm=8.33333e-06
spd=1349.413 ctrl=(149125.1094,0.0000,3094307.7500) accum=(18904.9609,0.0000,-23734.6094) cMag=25108.2 fMag=51931.5 ld0=2.61424e+06 m78=2.05087e+06 frac=0.215499 grounded=0x40800000 linTerm=8.33333e-06
spd=1374.583 ctrl=(149523.2656,0.0000,3102569.2500) accum=(17354.5879,0.0000,-23581.3535) cMag=24432.2 fMag=48985.8 ld0=2.49998e+06 m78=1.95923e+06 frac=0.216304 grounded=0x40800000 linTerm=1.27157e-12
spd=1370.654 ctrl=(179759.8906,0.0000,3099441.5000) accum=(18792.0703,0.0000,-23871.6719) cMag=24919.3 fMag=51249.6 ld0=2.5844e+06 m78=1.99572e+06 frac=0.227784 grounded=0x40800000 linTerm=8.33333e-06
spd=1391.866 ctrl=(210966.4688,0.0000,3104026.7500) accum=(19753.7129,0.0000,-24293.7383) cMag=25498.9 fMag=53443.2 ld0=2.64446e+06 m78=2.03768e+06 frac=0.229452 grounded=0x40800000 linTerm=8.33333e-06
spd=1417.086 ctrl=(211534.8125,0.0000,3112389.0000) accum=(17787.2812,0.0000,-24051.9844) cMag=24696.7 fMag=50022.9 ld0=2.52598e+06 m78=1.95538e+06 frac=0.225894 grounded=0x40800000 linTerm=1.27157e-12
spd=1412.887 ctrl=(242765.5312,0.0000,3108471.2500) accum=(19338.0117,0.0000,-24407.8281) cMag=25220.3 fMag=52385.2 ld0=2.60503e+06 m78=1.982e+06 frac=0.239162 grounded=0x40800000 linTerm=8.33333e-06
spd=1433.916 ctrl=(275118.5312,0.0000,3112253.7500) accum=(20342.0840,0.0000,-24874.7422) cMag=25819.4 fMag=54626.2 ld0=2.66277e+06 m78=2.01977e+06 frac=0.241477 grounded=0x40800000 linTerm=8.33333e-06
spd=1459.197 ctrl=(275865.0625,0.0000,3120698.7500) accum=(18034.7402,0.0000,-24539.4473) cMag=24913.4 fMag=50836.9 ld0=2.54228e+06 m78=1.94656e+06 frac=0.234324 grounded=0x40800000 linTerm=1.27157e-12
spd=1454.727 ctrl=(308065.7500,0.0000,3115935.0000) accum=(19703.5254,0.0000,-24963.2012) cMag=25475.5 fMag=53313 ld0=2.61836e+06 m78=1.96584e+06 frac=0.249213 grounded=0x40800000 linTerm=8.33333e-06
spd=1475.574 ctrl=(341544.8125,0.0000,3118848.0000) accum=(20517.4277,0.0000,-25403.9414) cMag=26014.2 fMag=55428.5 ld0=2.68153e+06 m78=2.01523e+06 frac=0.248477 grounded=0x40800000 linTerm=8.33333e-06
spd=1500.922 ctrl=(342477.3125,0.0000,3127363.0000) accum=(18171.7578,0.0000,-25044.6133) cMag=25104.6 fMag=51532 ld0=2.55357e+06 m78=1.93528e+06 frac=0.242125 grounded=0x40800000 linTerm=1.27157e-12
spd=1496.177 ctrl=(375599.8438,0.0000,3121692.5000) accum=(19961.2598,0.0000,-25539.6094) cMag=25704.7 fMag=54128.9 ld0=2.62827e+06 m78=1.94864e+06 frac=0.258583 grounded=0x40800000 linTerm=8.33333e-06
spd=1516.841 ctrl=(409699.2188,0.0000,3123744.0000) accum=(20312.1270,0.0000,-25877.7832) cMag=26117.5 fMag=55904.7 ld0=2.69804e+06 m78=2.0222e+06 frac=0.250493 grounded=0x40800000 linTerm=8.33333e-06
spd=1542.260 ctrl=(410823.8750,0.0000,3132318.7500) accum=(18206.4961,0.0000,-25558.9824) cMag=25271.7 fMag=52121.6 ld0=2.56113e+06 m78=1.92277e+06 frac=0.249246 grounded=0x40800000 linTerm=1.27157e-12
spd=1537.239 ctrl=(443943.5312,0.0000,3125834.5000) accum=(19677.3672,0.0000,-25996.1738) cMag=25774.7 fMag=54467.6 ld0=2.63999e+06 m78=1.95192e+06 frac=0.260635 grounded=0x40800000 linTerm=8.33333e-06
spd=1557.725 ctrl=(478206.6250,0.0000,3127076.5000) accum=(19960.4004,0.0000,-26334.6133) cMag=26179 fMag=56188.3 ld0=2.70759e+06 m78=2.02599e+06 frac=0.251739 grounded=0x40800000 linTerm=8.33333e-06
spd=1583.225 ctrl=(479524.4688,0.0000,3135693.7500) accum=(18083.3672,0.0000,-26053.6172) cMag=25395.6 fMag=52539.9 ld0=2.56443e+06 m78=1.91081e+06 frac=0.254879 grounded=0x40800000 linTerm=1.27157e-12
spd=1577.928 ctrl=(512620.4062,0.0000,3128392.0000) accum=(19269.7773,0.0000,-26434.9434) cMag=25820.4 fMag=54672.7 ld0=2.64663e+06 m78=1.95429e+06 frac=0.261593 grounded=0x40800000 linTerm=8.33333e-06
spd=1598.235 ctrl=(547026.8750,0.0000,3128816.0000) accum=(19526.8789,0.0000,-26776.3535) cMag=26218.4 fMag=56369.6 ld0=2.7135e+06 m78=2.02811e+06 frac=0.252586 grounded=0x40800000 linTerm=8.33333e-06
spd=1623.822 ctrl=(548538.5625,0.0000,3137462.5000) accum=(17864.9043,0.0000,-26533.2734) cMag=25494.1 fMag=52861.8 ld0=2.56572e+06 m78=1.89958e+06 frac=0.259631 grounded=0x40800000 linTerm=1.27157e-12
spd=1618.247 ctrl=(581589.6250,0.0000,3129339.7500) accum=(18803.9941,0.0000,-26859.1875) cMag=25851.5 fMag=54811.7 ld0=2.65102e+06 m78=1.9558e+06 frac=0.262248 grounded=0x40800000 linTerm=8.33333e-06
spd=1638.375 ctrl=(616118.5625,0.0000,3128938.0000) accum=(19045.1309,0.0000,-27204.2305) cMag=26245.7 fMag=56495.7 ld0=2.71747e+06 m78=2.02937e+06 frac=0.253216 grounded=0x40800000 linTerm=8.33333e-06
spd=1664.051 ctrl=(617825.0625,0.0000,3137604.5000) accum=(17417.5430,0.0000,-26933.7188) cMag=25517.9 fMag=52993.2 ld0=2.57045e+06 m78=1.89931e+06 frac=0.261099 grounded=0x40800000 linTerm=1.27157e-12
spd=1658.194 ctrl=(650809.5625,0.0000,3128657.7500) accum=(18302.5879,0.0000,-27270.0742) cMag=25874.5 fMag=54915 ld0=2.65422e+06 m78=1.95687e+06 frac=0.262733 grounded=0x40800000 linTerm=8.33333e-06
spd=1678.140 ctrl=(685439.9375,0.0000,3127423.5000) accum=(18532.8672,0.0000,-27619.1836) cMag=26266.3 fMag=56591.6 ld0=2.7204e+06 m78=2.03017e+06 frac=0.253724 grounded=0x40800000 linTerm=8.33333e-06
spd=1703.906 ctrl=(687342.2500,0.0000,3136103.0000) accum=(16913.8672,0.0000,-27317.6562) cMag=25540.4 fMag=53087.9 ld0=2.57334e+06 m78=1.89987e+06 frac=0.261709 grounded=0x40800000 linTerm=1.27157e-12
spd=1697.766 ctrl=(720238.3750,0.0000,3126329.2500) accum=(17777.5605,0.0000,-27668.3633) cMag=25893.1 fMag=54998.4 ld0=2.65676e+06 m78=1.95771e+06 frac=0.263122 grounded=0x40800000 linTerm=8.33333e-06
spd=1717.526 ctrl=(754948.5000,0.0000,3124256.5000) accum=(17999.6191,0.0000,-28021.8242) cMag=26283.2 fMag=56670.3 ld0=2.72273e+06 m78=2.03071e+06 frac=0.254163 grounded=0x40800000 linTerm=8.33333e-06
spd=1743.381 ctrl=(757047.4375,0.0000,3132942.5000) accum=(16391.2363,0.0000,-27689.6523) cMag=25559.8 fMag=53169 ld0=2.57578e+06 m78=1.90031e+06 frac=0.262238 grounded=0x40800000 linTerm=1.27157e-12
spd=1736.953 ctrl=(789833.6250,0.0000,3122341.5000) accum=(17235.3945,0.0000,-28054.4102) cMag=25909 fMag=55070.3 ld0=2.65893e+06 m78=1.95843e+06 frac=0.263453 grounded=0x40800000 linTerm=8.33333e-06
spd=1756.523 ctrl=(824602.0000,0.0000,3119425.5000) accum=(17450.5469,0.0000,-28412.4297) cMag=26297.8 fMag=56738.7 ld0=2.72471e+06 m78=2.03111e+06 frac=0.25456 grounded=0x40800000 linTerm=8.33333e-06
spd=1782.468 ctrl=(826898.0000,0.0000,3128111.0000) accum=(15854.0234,0.0000,-28049.9238) cMag=25577.2 fMag=53241.8 ld0=2.57795e+06 m78=1.90068e+06 frac=0.262717 grounded=0x40800000 linTerm=1.27157e-12
spd=1775.749 ctrl=(859552.3125,0.0000,3116682.7500) accum=(16679.6895,0.0000,-28428.5234) cMag=25923.4 fMag=55135.3 ld0=2.66088e+06 m78=1.95908e+06 frac=0.263748 grounded=0x40800000 linTerm=8.33333e-06
spd=1795.125 ctrl=(894356.8125,0.0000,3112918.5000) accum=(16888.5312,0.0000,-28791.0449) cMag=26310.9 fMag=56800.5 ld0=2.72647e+06 m78=2.03141e+06 frac=0.254932 grounded=0x40800000 linTerm=8.33333e-06
spd=1821.159 ctrl=(896851.0625,0.0000,3121600.0000) accum=(15304.6914,0.0000,-28398.5254) cMag=25593.4 fMag=53309.1 ld0=2.57995e+06 m78=1.90101e+06 frac=0.263162 grounded=0x40800000 linTerm=1.27157e-12
spd=1814.146 ctrl=(929351.2500,0.0000,3109343.5000) accum=(16112.4717,0.0000,-28790.6504) cMag=25936.7 fMag=55195.7 ld0=2.66269e+06 m78=1.95969e+06 frac=0.264018 grounded=0x40800000 linTerm=8.33333e-06
spd=1833.324 ctrl=(964170.0000,0.0000,3104728.2500) accum=(16315.2539,0.0000,-29157.6797) cMag=26323 fMag=56857.9 ld0=2.72808e+06 m78=2.03163e+06 frac=0.255287 grounded=0x40800000 linTerm=8.33333e-06
spd=1859.446 ctrl=(966863.0000,0.0000,3113400.0000) accum=(14744.7168,0.0000,-28735.4648) cMag=25608.6 fMag=53372.6 ld0=2.58183e+06 m78=1.90131e+06 frac=0.263582 grounded=0x40800000 linTerm=1.27157e-12
spd=1852.136 ctrl=(999187.0625,0.0000,3100316.2500) accum=(15535.0049,0.0000,-29140.6602) cMag=25949.2 fMag=55252.9 ld0=2.66439e+06 m78=1.96027e+06 frac=0.264272 grounded=0x40800000 linTerm=8.33333e-06
spd=1871.113 ctrl=(1033997.9375,0.0000,3094846.7500) accum=(15731.8027,0.0000,-29512.1406) cMag=26334.3 fMag=56911.7 ld0=2.72956e+06 m78=2.0318e+06 frac=0.25563 grounded=0x40800000 linTerm=8.33333e-06
spd=1897.321 ctrl=(1036890.3125,0.0000,3103504.0000) accum=(14175.0625,0.0000,-29060.5703) cMag=25623.1 fMag=53433 ld0=2.58361e+06 m78=1.90158e+06 frac=0.263983 grounded=0x40800000 linTerm=1.27157e-12
spd=1889.712 ctrl=(1069015.8750,0.0000,3089594.7500) accum=(14948.0801,0.0000,-29478.5430) cMag=25961.3 fMag=55307.5 ld0=2.66601e+06 m78=1.96082e+06 frac=0.264512 grounded=0x40800000 linTerm=8.33333e-06
spd=1908.483 ctrl=(1103796.1250,0.0000,3083267.7500) accum=(15138.8926,0.0000,-29854.4492) cMag=26345.1 fMag=56962.9 ld0=2.73096e+06 m78=2.03193e+06 frac=0.255965 grounded=0x40800000 linTerm=8.33333e-06
spd=1934.777 ctrl=(1106888.1250,0.0000,3091904.5000) accum=(13596.3828,0.0000,-29373.8008) cMag=25637.1 fMag=53491.1 ld0=2.58532e+06 m78=1.90184e+06 frac=0.26437 grounded=0x40800000 linTerm=1.27157e-12
spd=1926.866 ctrl=(1138793.7500,0.0000,3077173.5000) accum=(14352.3330,0.0000,-29804.0156) cMag=25972.8 fMag=55360.1 ld0=2.66757e+06 m78=1.96135e+06 frac=0.264741 grounded=0x40800000 linTerm=8.33333e-06
spd=1945.428 ctrl=(1173521.3750,0.0000,3069988.7500) accum=(14537.0430,0.0000,-30184.2402) cMag=26355.3 fMag=57011.7 ld0=2.73226e+06 m78=2.03201e+06 frac=0.256291 grounded=0x40800000 linTerm=8.33333e-06
spd=1971.807 ctrl=(1176813.1250,0.0000,3078600.2500) accum=(13009.1768,0.0000,-29674.8516) cMag=25650.6 fMag=53547 ld0=2.58696e+06 m78=1.90209e+06 frac=0.264742 grounded=0x40800000 linTerm=1.27157e-12
spd=1963.592 ctrl=(1208476.1250,0.0000,3063049.5000) accum=(13748.1953,0.0000,-30117.0156) cMag=25984 fMag=55411 ld0=2.66907e+06 m78=1.96187e+06 frac=0.264961 grounded=0x40800000 linTerm=8.33333e-06
spd=1981.941 ctrl=(1243128.2500,0.0000,3055005.2500) accum=(13926.7197,0.0000,-30501.4531) cMag=26365 fMag=57058.4 ld0=2.7335e+06 m78=2.03205e+06 frac=0.256612 grounded=0x40800000 linTerm=8.33333e-06
spd=2008.405 ctrl=(1246620.1250,0.0000,3063586.5000) accum=(12413.8965,0.0000,-29963.6074) cMag=25663.6 fMag=53601 ld0=2.58854e+06 m78=1.90231e+06 frac=0.265102 grounded=0x40800000 linTerm=1.27157e-12
spd=1002.130 ctrl=(-14837.4980,0.0000,2987265.7500) accum=(15010.9893,0.0000,-21918.1641) cMag=21242.2 fMag=38794 ld0=2.06338e+06 m78=1.41888e+06 frac=0.312351 grounded=0x40800000 linTerm=8.33333e-06
spd=1024.363 ctrl=(6989.6553,0.0000,2994360.5000) accum=(17218.8184,0.0000,-22660.0977) cMag=24317.6 fMag=48582.7 ld0=2.52165e+06 m78=2.04698e+06 frac=0.188239 grounded=0x40800000 linTerm=8.33333e-06
spd=1048.796 ctrl=(7008.0444,0.0000,3002238.5000) accum=(16476.0879,0.0000,-22637.8184) cMag=23865.9 fMag=46599.3 ld0=2.41875e+06 m78=1.93891e+06 frac=0.198384 grounded=0x40800000 linTerm=1.27157e-12
spd=1046.531 ctrl=(29394.7988,0.0000,3001282.7500) accum=(17216.6992,0.0000,-22700.2676) cMag=24131.8 fMag=48115.3 ld0=2.50752e+06 m78=2.00772e+06 frac=0.199322 grounded=0x40800000 linTerm=8.33333e-06
spd=1068.654 ctrl=(52378.3008,0.0000,3007980.7500) accum=(17574.3008,0.0000,-22930.4805) cMag=24509.7 fMag=49580.7 ld0=2.56313e+06 m78=2.06853e+06 frac=0.192964 grounded=0x40800000 linTerm=8.33333e-06
spd=1093.175 ctrl=(52516.7070,0.0000,3015929.2500) accum=(16608.6562,0.0000,-22895.4473) cMag=24005 fMag=47268.1 ld0=2.45036e+06 m78=1.95744e+06 frac=0.201164 grounded=0x40800000 linTerm=1.27157e-12
spd=1090.706 ctrl=(75941.0781,0.0000,3014516.5000) accum=(17418.7852,0.0000,-22998.9414) cMag=24293.7 fMag=48842.9 ld0=2.5343e+06 m78=2.01779e+06 frac=0.203808 grounded=0x40800000 linTerm=8.33333e-06
spd=1112.724 ctrl=(100081.5469,0.0000,3020775.2500) accum=(17802.7871,0.0000,-23255.1992) cMag=24684.3 fMag=50343.3 ld0=2.5878e+06 m78=2.07483e+06 frac=0.198227 grounded=0x40800000 linTerm=8.33333e-06
spd=1137.334 ctrl=(100347.0391,0.0000,3028788.7500) accum=(16657.0176,0.0000,-23184.3613) cMag=24125.3 fMag=47802.6 ld0=2.47131e+06 m78=1.96606e+06 frac=0.204446 grounded=0x40800000 linTerm=1.27157e-12
spd=1134.654 ctrl=(124802.6562,0.0000,3026876.0000) accum=(17537.8516,0.0000,-23325.8652) cMag=24437.5 fMag=49449.2 ld0=2.55268e+06 m78=2.02058e+06 frac=0.208447 grounded=0x40800000 linTerm=8.33333e-06
spd=1156.560 ctrl=(150098.5938,0.0000,3032642.7500) accum=(17962.3633,0.0000,-23607.5586) cMag=24844.7 fMag=51006.9 ld0=2.60561e+06 m78=2.07511e+06 frac=0.203599 grounded=0x40800000 linTerm=8.33333e-06
spd=1181.261 ctrl=(150498.2188,0.0000,3040716.7500) accum=(16653.2871,0.0000,-23495.5332) cMag=24236.3 fMag=48270.1 ld0=2.48698e+06 m78=1.96981e+06 frac=0.207952 grounded=0x40800000 linTerm=1.27157e-12
spd=1178.364 ctrl=(175976.2969,0.0000,3038254.5000) accum=(17610.5195,0.0000,-23676.3887) cMag=24573.8 fMag=49999.2 ld0=2.56678e+06 m78=2.01947e+06 frac=0.213229 grounded=0x40800000 linTerm=8.33333e-06
spd=1200.151 ctrl=(202423.7344,0.0000,3043472.2500) accum=(18087.0410,0.0000,-23985.6602) cMag=25001.1 fMag=51629 ld0=2.6198e+06 m78=2.07182e+06 frac=0.209167 grounded=0x40800000 linTerm=8.33333e-06
spd=1224.943 ctrl=(202964.4844,0.0000,3051602.5000) accum=(16620.1152,0.0000,-23826.6582) cMag=24344.7 fMag=48709.4 ld0=2.49984e+06 m78=1.97066e+06 frac=0.211685 grounded=0x40800000 linTerm=1.27157e-12
spd=1221.820 ctrl=(229453.9062,0.0000,3048536.5000) accum=(17660.3809,0.0000,-24050.2715) cMag=24709.7 fMag=50530.1 ld0=2.57851e+06 m78=2.01575e+06 frac=0.21825 grounded=0x40800000 linTerm=8.33333e-06
spd=1243.481 ctrl=(257046.1562,0.0000,3053147.5000) accum=(18197.8867,0.0000,-24390.4180) cMag=25159.8 fMag=52242.1 ld0=2.63187e+06 m78=2.06589e+06 frac=0.215046 grounded=0x40800000 linTerm=8.33333e-06
spd=1268.363 ctrl=(257735.0781,0.0000,3061330.2500) accum=(16571.3555,0.0000,-24177.7656) cMag=24454.7 fMag=49142.4 ld0=2.51103e+06 m78=1.96941e+06 frac=0.215697 grounded=0x40800000 linTerm=1.27157e-12
spd=1265.008 ctrl=(285221.9062,0.0000,3057606.7500) accum=(17701.3945,0.0000,-24448.6094) cMag=24849.5 fMag=51062.6 ld0=2.58878e+06 m78=2.00993e+06 frac=0.223599 grounded=0x40800000 linTerm=8.33333e-06
spd=1286.536 ctrl=(313949.2500,0.0000,3061549.0000) accum=(18307.2070,0.0000,-24823.6777) cMag=25324.8 fMag=52864.2 ld0=2.64254e+06 m78=2.05768e+06 frac=0.221325 grounded=0x40800000 linTerm=8.33333e-06
spd=1311.506 ctrl=(314793.6875,0.0000,3069783.5000) accum=(16514.9805,0.0000,-24549.6855) cMag=24568.9 fMag=49581.3 ld0=2.52114e+06 m78=1.96639e+06 frac=0.220038 grounded=0x40800000 linTerm=1.27157e-12
spd=1307.911 ctrl=(343260.9062,0.0000,3065344.5000) accum=(17741.5410,0.0000,-24873.1328) cMag=24995.9 fMag=51608.1 ld0=2.59802e+06 m78=2.00219e+06 frac=0.22934 grounded=0x40800000 linTerm=8.33333e-06
spd=1329.297 ctrl=(373110.4062,0.0000,3068555.2500) accum=(18421.9648,0.0000,-25287.6211) cMag=25498.6 fMag=53505.7 ld0=2.6522e+06 m78=2.04734e+06 frac=0.228059 grounded=0x40800000 linTerm=8.33333e-06
spd=1354.352 ctrl=(374117.5000,0.0000,3076837.7500) accum=(16455.3555,0.0000,-24943.5312) cMag=24688.8 fMag=50032.8 ld0=2.53043e+06 m78=1.96173e+06 frac=0.224743 grounded=0x40800000 linTerm=1.27157e-12
spd=1350.511 ctrl=(403545.2500,0.0000,3071626.5000) accum=(17785.1758,0.0000,-25325.4844) cMag=25150.3 fMag=52173.3 ld0=2.60646e+06 m78=1.9926e+06 frac=0.235512 grounded=0x40800000 linTerm=8.33333e-06
spd=1371.748 ctrl=(434500.8750,0.0000,3074042.7500) accum=(18545.8828,0.0000,-25784.3242) cMag=25682.5 fMag=54172.3 ld0=2.66109e+06 m78=2.03499e+06 frac=0.235281 grounded=0x40800000 linTerm=8.33333e-06
spd=1396.886 ctrl=(435677.8750,0.0000,3082370.0000) accum=(16394.7344,0.0000,-25360.3594) cMag=24815.3 fMag=50500.9 ld0=2.53906e+06 m78=1.9555e+06 frac=0.229832 grounded=0x40800000 linTerm=1.27157e-12
spd=1392.791 ctrl=(466042.8125,0.0000,3076326.5000) accum=(17834.5645,0.0000,-25807.6055) cMag=25313.9 fMag=52762.1 ld0=2.61425e+06 m78=1.98124e+06 frac=0.242138 grounded=0x40800000 linTerm=8.33333e-06
spd=1413.871 ctrl=(498084.5625,0.0000,3077882.2500) accum=(18680.7051,0.0000,-26316.0703) cMag=25877.5 fMag=54867.6 ld0=2.66941e+06 m78=2.02074e+06 frac=0.243002 grounded=0x40800000 linTerm=8.33333e-06
spd=1439.089 ctrl=(499439.2188,0.0000,3086253.2500) accum=(16334.1318,0.0000,-25801.4141) cMag=24948.9 fMag=50987.8 ld0=2.54711e+06 m78=1.94773e+06 frac=0.235318 grounded=0x40800000 linTerm=1.27157e-12
spd=1434.735 ctrl=(530714.4375,0.0000,3079316.7500) accum=(17890.6387,0.0000,-26321.2266) cMag=25487.2 fMag=53376.7 ld0=2.6215e+06 m78=1.96815e+06 frac=0.249228 grounded=0x40800000 linTerm=8.33333e-06
spd=1455.649 ctrl=(563819.0000,0.0000,3079946.0000) accum=(18649.2285,0.0000,-26816.6484) cMag=26018.7 fMag=55446.1 ld0=2.68207e+06 m78=2.01544e+06 frac=0.248548 grounded=0x40800000 linTerm=8.33333e-06
spd=1480.946 ctrl=(565358.7500,0.0000,3088357.0000) accum=(16276.0391,0.0000,-26268.9629) cMag=25090.8 fMag=51495.9 ld0=2.55451e+06 m78=1.93819e+06 frac=0.241266 grounded=0x40800000 linTerm=1.27157e-12
spd=1476.325 ctrl=(597513.9375,0.0000,3080466.0000) accum=(17955.7988,0.0000,-26869.2285) cMag=25671.4 fMag=54019.8 ld0=2.62821e+06 m78=1.95319e+06 frac=0.256835 grounded=0x40800000 linTerm=8.33333e-06
spd=1497.066 ctrl=(631613.3125,0.0000,3080111.5000) accum=(18373.0215,0.0000,-27264.1934) cMag=26109.3 fMag=55863.9 ld0=2.6966e+06 m78=2.02157e+06 frac=0.250327 grounded=0x40800000 linTerm=8.33333e-06
spd=1522.439 ctrl=(633345.6875,0.0000,3088559.5000) accum=(16219.3320,0.0000,-26764.1758) cMag=25240.7 fMag=52023.2 ld0=2.56109e+06 m78=1.92673e+06 frac=0.247692 grounded=0x40800000 linTerm=1.27157e-12
spd=1517.546 ctrl=(665857.9375,0.0000,3079772.0000) accum=(17734.3164,0.0000,-27336.4258) cMag=25766.8 fMag=54430.4 ld0=2.63873e+06 m78=1.95136e+06 frac=0.260494 grounded=0x40800000 linTerm=8.33333e-06
spd=1538.111 ctrl=(700063.5625,0.0000,3078596.7500) accum=(17991.0625,0.0000,-27694.0566) cMag=26171.3 fMag=56151 ld0=2.70637e+06 m78=2.02555e+06 frac=0.251562 grounded=0x40800000 linTerm=8.33333e-06
spd=1563.566 ctrl=(701991.2500,0.0000,3087073.7500) accum=(16057.9297,0.0000,-27244.9375) cMag=25363.7 fMag=52440.4 ld0=2.56462e+06 m78=1.91514e+06 frac=0.253244 grounded=0x40800000 linTerm=1.27157e-12
spd=1558.399 ctrl=(734423.0625,0.0000,3077474.5000) accum=(17297.6113,0.0000,-27744.3164) cMag=25812.9 fMag=54637.8 ld0=2.64551e+06 m78=1.95384e+06 frac=0.261448 grounded=0x40800000 linTerm=8.33333e-06
spd=1578.789 ctrl=(768714.6875,0.0000,3075475.0000) accum=(17528.2949,0.0000,-28103.0918) cMag=26211.1 fMag=56334.7 ld0=2.71241e+06 m78=2.02778e+06 frac=0.252406 grounded=0x40800000 linTerm=8.33333e-06
spd=1604.331 ctrl=(770837.5000,0.0000,3083968.0000) accum=(15805.2900,0.0000,-27705.3281) cMag=25462.6 fMag=52763.3 ld0=2.56593e+06 m78=1.90402e+06 frac=0.25796 grounded=0x40800000 linTerm=1.27157e-12
spd=1598.888 ctrl=(803167.5000,0.0000,3073554.0000) accum=(16803.7188,0.0000,-28133.6934) cMag=25844.2 fMag=54778.5 ld0=2.64999e+06 m78=1.95541e+06 frac=0.262104 grounded=0x40800000 linTerm=8.33333e-06
spd=1619.101 ctrl=(837523.8125,0.0000,3070724.0000) accum=(17018.2285,0.0000,-28494.9004) cMag=26238.7 fMag=56462.7 ld0=2.71648e+06 m78=2.02911e+06 frac=0.253036 grounded=0x40800000 linTerm=8.33333e-06
spd=1644.733 ctrl=(839841.9375,0.0000,3079223.2500) accum=(15411.4316,0.0000,-28106.1348) cMag=25509.4 fMag=52957.5 ld0=2.56936e+06 m78=1.89909e+06 frac=0.26087 grounded=0x40800000 linTerm=1.27157e-12
spd=1639.011 ctrl=(872048.5000,0.0000,3067993.5000) accum=(16275.1572,0.0000,-28507.2422) cMag=25867.6 fMag=54883.2 ld0=2.65324e+06 m78=1.95652e+06 frac=0.262593 grounded=0x40800000 linTerm=8.33333e-06
spd=1659.044 ctrl=(906447.8750,0.0000,3064327.2500) accum=(16478.5996,0.0000,-28871.7734) cMag=26259.7 fMag=56560.3 ld0=2.71947e+06 m78=2.02996e+06 frac=0.253547 grounded=0x40800000 linTerm=8.33333e-06
spd=1684.766 ctrl=(908961.6250,0.0000,3072825.2500) accum=(14882.7178,0.0000,-28452.7012) cMag=25532.3 fMag=53053.7 ld0=2.5723e+06 m78=1.89968e+06 frac=0.261487 grounded=0x40800000 linTerm=1.27157e-12
spd=1678.762 ctrl=(941023.0000,0.0000,3060779.2500) accum=(15723.8711,0.0000,-28866.5801) cMag=25886.4 fMag=54967.9 ld0=2.65584e+06 m78=1.95739e+06 frac=0.262986 grounded=0x40800000 linTerm=8.33333e-06
spd=1698.611 ctrl=(975443.6875,0.0000,3056272.7500) accum=(15918.8389,0.0000,-29234.8633) cMag=26276.9 fMag=56640.4 ld0=2.72186e+06 m78=2.03054e+06 frac=0.253989 grounded=0x40800000 linTerm=8.33333e-06
spd=1724.423 ctrl=(978153.5000,0.0000,3064763.0000) accum=(14335.8867,0.0000,-28785.9609) cMag=25551.9 fMag=53136.2 ld0=2.57479e+06 m78=1.90014e+06 frac=0.262023 grounded=0x40800000 linTerm=1.27157e-12
spd=1718.133 ctrl=(1010048.0625,0.0000,3051901.5000) accum=(15156.3223,0.0000,-29212.4941) cMag=25902.5 fMag=55040.9 ld0=2.65805e+06 m78=1.95813e+06 frac=0.263322 grounded=0x40800000 linTerm=8.33333e-06
spd=1737.795 ctrl=(1044467.8750,0.0000,3046550.2500) accum=(15344.0957,0.0000,-29584.8281) cMag=26291.7 fMag=56710.2 ld0=2.7239e+06 m78=2.03097e+06 frac=0.254389 grounded=0x40800000 linTerm=8.33333e-06
spd=1763.697 ctrl=(1047374.3125,0.0000,3055027.7500) accum=(13775.2852,0.0000,-29106.5215) cMag=25569.7 fMag=53210.2 ld0=2.57701e+06 m78=1.90052e+06 frac=0.262509 grounded=0x40800000 linTerm=1.27157e-12
spd=1757.119 ctrl=(1079079.7500,0.0000,3041350.5000) accum=(14576.0537,0.0000,-29545.5254) cMag=25917.1 fMag=55106.9 ld0=2.66003e+06 m78=1.95879e+06 frac=0.263622 grounded=0x40800000 linTerm=8.33333e-06
spd=1776.589 ctrl=(1113477.6250,0.0000,3035154.0000) accum=(14757.2627,0.0000,-29921.9102) cMag=26305.1 fMag=56773.2 ld0=2.7257e+06 m78=2.03129e+06 frac=0.254765 grounded=0x40800000 linTerm=8.33333e-06
spd=1802.579 ctrl=(1116580.5000,0.0000,3043612.0000) accum=(13203.3945,0.0000,-29414.6055) cMag=25586.1 fMag=53278.6 ld0=2.57905e+06 m78=1.90086e+06 frac=0.26296 grounded=0x40800000 linTerm=1.27157e-12
spd=899.620 ctrl=(-86784.0000,0.0000,2953237.2500) accum=(14591.9766,0.0000,-21805.0391) cMag=20924.3 fMag=37333.3 ld0=1.92948e+06 m78=1.29132e+06 frac=0.330744 grounded=0x40800000 linTerm=8.33333e-06
spd=921.999 ctrl=(-67541.7109,0.0000,2960877.2500) accum=(16547.9121,0.0000,-22402.9473) cMag=23812.6 fMag=45646 ld0=2.30615e+06 m78=1.84174e+06 frac=0.201378 grounded=0x40800000 linTerm=8.33333e-06
spd=946.174 ctrl=(-67719.1406,0.0000,2968655.2500) accum=(16139.7510,0.0000,-22379.6152) cMag=23524.4 fMag=44528.4 ld0=2.26089e+06 m78=1.78787e+06 frac=0.209215 grounded=0x40800000 linTerm=1.27157e-12
spd=944.332 ctrl=(-47729.3359,0.0000,2968391.0000) accum=(16673.1914,0.0000,-22388.3340) cMag=23705.8 fMag=45663.4 ld0=2.33667e+06 m78=1.85028e+06 frac=0.208154 grounded=0x40800000 linTerm=8.33333e-06
spd=966.632 ctrl=(-27344.7031,0.0000,2975747.2500) accum=(17073.4219,0.0000,-22536.6484) cMag=24121.3 fMag=47373 ld0=2.42693e+06 m78=1.95153e+06 frac=0.195883 grounded=0x40800000 linTerm=8.33333e-06
spd=990.906 ctrl=(-27416.7383,0.0000,2983586.2500) accum=(16521.3359,0.0000,-22505.1055) cMag=23787.6 fMag=45987 ld0=2.37037e+06 m78=1.89032e+06 frac=0.20252 grounded=0x40800000 linTerm=1.27157e-12
spd=988.883 ctrl=(-6387.0000,0.0000,2982973.0000) accum=(17128.3555,0.0000,-22547.1230) cMag=23997.5 fMag=47246.9 ld0=2.44621e+06 m78=1.94953e+06 frac=0.20304 grounded=0x40800000 linTerm=8.33333e-06
spd=1011.102 ctrl=(15145.5137,0.0000,2990001.5000) accum=(17580.6504,0.0000,-22731.3379) cMag=24440.9 fMag=49093.4 ld0=2.53847e+06 m78=2.05033e+06 frac=0.192297 grounded=0x40800000 linTerm=8.33333e-06
spd=1035.476 ctrl=(15185.5195,0.0000,2997899.2500) accum=(16773.6582,0.0000,-22670.5020) cMag=23971.2 fMag=47155.1 ld0=2.44931e+06 m78=1.96074e+06 frac=0.199474 grounded=0x40800000 linTerm=1.27157e-12
spd=1033.262 ctrl=(37253.5859,0.0000,2996893.7500) accum=(17486.5078,0.0000,-22746.1406) cMag=24228.5 fMag=48603.6 ld0=2.53036e+06 m78=2.02179e+06 frac=0.200989 grounded=0x40800000 linTerm=8.33333e-06
spd=1055.395 ctrl=(59937.7070,0.0000,3003547.0000) accum=(17773.8301,0.0000,-22980.3887) cMag=24586.8 fMag=49964.2 ld0=2.57991e+06 m78=2.07833e+06 frac=0.194419 grounded=0x40800000 linTerm=8.33333e-06
spd=1079.868 ctrl=(60096.4375,0.0000,3011501.2500) accum=(16721.3184,0.0000,-22938.6133) cMag=24055.3 fMag=47520.3 ld0=2.46296e+06 m78=1.96557e+06 frac=0.201949 grounded=0x40800000 linTerm=1.27157e-12
spd=1077.455 ctrl=(83199.5000,0.0000,3010056.0000) accum=(17501.4492,0.0000,-23044.8008) cMag=24334.7 fMag=49045.6 ld0=2.54329e+06 m78=2.02301e+06 frac=0.204572 grounded=0x40800000 linTerm=8.33333e-06
spd=1099.492 ctrl=(107036.7969,0.0000,3016281.2500) accum=(17835.2578,0.0000,-23299.0469) cMag=24710.8 fMag=50477.4 ld0=2.5938e+06 m78=2.07855e+06 frac=0.198646 grounded=0x40800000 linTerm=8.33333e-06
spd=1124.063 ctrl=(107321.0156,0.0000,3024290.5000) accum=(16657.5508,0.0000,-23223.9766) cMag=24141.7 fMag=47886.2 ld0=2.47558e+06 m78=1.96892e+06 frac=0.20466 grounded=0x40800000 linTerm=1.27157e-12
spd=1121.444 ctrl=(131453.3125,0.0000,3022356.7500) accum=(17509.1230,0.0000,-23363.6289) cMag=24444.7 fMag=49493.2 ld0=2.55527e+06 m78=2.02271e+06 frac=0.208417 grounded=0x40800000 linTerm=8.33333e-06
spd=1143.376 ctrl=(156442.9531,0.0000,3028099.2500) accum=(17895.6660,0.0000,-23640.8652) cMag=24840.5 fMag=51001.9 ld0=2.60668e+06 m78=2.07696e+06 frac=0.203216 grounded=0x40800000 linTerm=8.33333e-06
spd=1168.043 ctrl=(156859.5312,0.0000,3036162.2500) accum=(16588.0195,0.0000,-23527.4082) cMag=24232.2 fMag=48260 ld0=2.48738e+06 m78=1.97083e+06 frac=0.207667 grounded=0x40800000 linTerm=1.27157e-12
spd=1165.209 ctrl=(182013.1250,0.0000,3033689.5000) accum=(17516.2520,0.0000,-23704.0820) cMag=24560.5 fMag=49954.3 ld0=2.56645e+06 m78=2.02081e+06 frac=0.212607 grounded=0x40800000 linTerm=8.33333e-06
spd=1187.029 ctrl=(208151.5938,0.0000,3038892.0000) accum=(17961.2598,0.0000,-24007.7520) cMag=24978.1 fMag=51545.2 ld0=2.61865e+06 m78=2.07343e+06 frac=0.208207 grounded=0x40800000 linTerm=8.33333e-06
spd=1211.790 ctrl=(208707.4531,0.0000,3047007.2500) accum=(16516.3125,0.0000,-23849.8613) cMag=24328.1 fMag=48646.5 ld0=2.49847e+06 m78=1.97125e+06 frac=0.211018 grounded=0x40800000 linTerm=1.27157e-12
spd=1208.734 ctrl=(234871.6719,0.0000,3043941.7500) accum=(17526.9082,0.0000,-24067.8711) cMag=24683.8 fMag=50434 ld0=2.5769e+06 m78=2.01719e+06 frac=0.217202 grounded=0x40800000 linTerm=8.33333e-06
spd=1230.432 ctrl=(294784.1875,0.0000,3428011.7500) accum=(18035.8008,0.0000,-24401.6016) cMag=25124.8 fMag=52111.7 ld0=2.62977e+06 m78=2.06787e+06 frac=0.213669 grounded=0x40800000 linTerm=8.33333e-06
spd=1258.418 ctrl=(295576.7812,0.0000,3437228.7500) accum=(16372.2969,0.0000,-24182.7520) cMag=24408.7 fMag=48956 ld0=2.5057e+06 m78=1.96916e+06 frac=0.214128 grounded=0x40800000 linTerm=1.27157e-12
spd=1255.119 ctrl=(326207.3438,0.0000,3433166.2500) accum=(17482.7598,0.0000,-24448.3574) cMag=24797.3 fMag=50858.8 ld0=2.58434e+06 m78=2.01136e+06 frac=0.221712 grounded=0x40800000 linTerm=8.33333e-06
spd=1279.798 ctrl=(358329.4062,0.0000,3437738.5000) accum=(17993.1543,0.0000,-24811.7793) cMag=25277 fMag=52680.9 ld0=2.64228e+06 m78=2.06967e+06 frac=0.216713 grounded=0x40800000 linTerm=8.33333e-06
spd=1307.895 ctrl=(359295.0938,0.0000,3447003.2500) accum=(16219.0391,0.0000,-24533.8555) cMag=24493.3 fMag=49272.3 ld0=2.5121e+06 m78=1.9656e+06 frac=0.217549 grounded=0x40800000 linTerm=1.27157e-12
spd=1304.327 ctrl=(391185.7188,0.0000,3442120.2500) accum=(17445.8789,0.0000,-24855.7266) cMag=24920.3 fMag=51308.2 ld0=2.59104e+06 m78=2.00354e+06 frac=0.226745 grounded=0x40800000 linTerm=8.33333e-06
spd=1328.852 ctrl=(424727.0625,0.0000,3445850.7500) accum=(18054.8535,0.0000,-25261.3496) cMag=25434.7 fMag=53259.9 ld0=2.65057e+06 m78=2.0596e+06 frac=0.22296 grounded=0x40800000 linTerm=8.33333e-06
spd=1357.053 ctrl=(425875.3750,0.0000,3455167.2500) accum=(16125.2881,0.0000,-24915.9648) cMag=24602.8 fMag=49683.6 ld0=2.52052e+06 m78=1.9612e+06 frac=0.221906 grounded=0x40800000 linTerm=1.27157e-12
spd=1353.205 ctrl=(459003.1875,0.0000,3449388.7500) accum=(17475.0098,0.0000,-25302.1562) cMag=25070.6 fMag=51856.1 ld0=2.59905e+06 m78=1.9939e+06 frac=0.232837 grounded=0x40800000 linTerm=8.33333e-06
spd=1377.562 ctrl=(493945.5938,0.0000,3452195.5000) accum=(18181.7598,0.0000,-25755.4824) cMag=25620.1 fMag=53934.2 ld0=2.65965e+06 m78=2.04719e+06 frac=0.230279 grounded=0x40800000 linTerm=8.33333e-06
spd=1405.862 ctrl=(495286.2812,0.0000,3461565.5000) accum=(16067.4209,0.0000,-25329.5195) cMag=24730.6 fMag=50158 ld0=2.52955e+06 m78=1.95522e+06 frac=0.227048 grounded=0x40800000 linTerm=1.27157e-12
spd=1401.724 ctrl=(529623.8125,0.0000,3454814.5000) accum=(17548.0957,0.0000,-25788.4883) cMag=25241.9 fMag=52473.7 ld0=2.60731e+06 m78=1.98203e+06 frac=0.239821 grounded=0x40800000 linTerm=8.33333e-06
spd=1425.900 ctrl=(565944.4375,0.0000,3456613.5000) accum=(18355.2383,0.0000,-26295.5801) cMag=25828.1 fMag=54679.5 ld0=2.66879e+06 m78=2.03224e+06 frac=0.238515 grounded=0x40800000 linTerm=8.33333e-06
spd=1454.294 ctrl=(567487.2500,0.0000,3466037.0000) accum=(16032.6904,0.0000,-25775.2363) cMag=24873.1 fMag=50679.6 ld0=2.53854e+06 m78=1.94735e+06 frac=0.232885 grounded=0x40800000 linTerm=1.27157e-12
spd=1449.858 ctrl=(603002.1875,0.0000,3458234.2500) accum=(17653.1309,0.0000,-26316.1250) cMag=25431.3 fMag=53146.6 ld0=2.61537e+06 m78=1.96781e+06 frac=0.247597 grounded=0x40800000 linTerm=8.33333e-06
spd=1473.842 ctrl=(640672.7500,0.0000,3458939.2500) accum=(18429.7070,0.0000,-26829.3867) cMag=26003.1 fMag=55369.1 ld0=2.68178e+06 m78=2.02321e+06 frac=0.245574 grounded=0x40800000 linTerm=8.33333e-06
spd=1502.326 ctrl=(642427.6875,0.0000,3468413.7500) accum=(16015.6738,0.0000,-26254.9883) cMag=25029 fMag=51241 ld0=2.54706e+06 m78=1.93727e+06 frac=0.239408 grounded=0x40800000 linTerm=1.27157e-12
spd=1497.581 ctrl=(679025.8750,0.0000,3459493.5000) accum=(17779.0566,0.0000,-26885.6016) cMag=25635.7 fMag=53861.2 ld0=2.62289e+06 m78=1.95125e+06 frac=0.256068 grounded=0x40800000 linTerm=8.33333e-06
spd=1521.363 ctrl=(717369.3750,0.0000,3459168.2500) accum=(18148.7500,0.0000,-27274.8418) cMag=26093.2 fMag=55788.2 ld0=2.69645e+06 m78=2.02952e+06 frac=0.247336 grounded=0x40800000 linTerm=8.33333e-06
spd=1549.938 ctrl=(719344.4375,0.0000,3468691.7500) accum=(15965.8965,0.0000,-26752.6074) cMag=25182.1 fMag=51778.1 ld0=2.55364e+06 m78=1.92535e+06 frac=0.246036 grounded=0x40800000 linTerm=1.27157e-12
spd=1544.878 ctrl=(755878.5625,0.0000,3458854.5000) accum=(17533.2148,0.0000,-27345.0273) cMag=25723.7 fMag=54238.5 ld0=2.63215e+06 m78=1.94885e+06 frac=0.259599 grounded=0x40800000 linTerm=8.33333e-06
spd=1568.457 ctrl=(794345.7500,0.0000,3457603.7500) accum=(17748.1035,0.0000,-27696.1094) cMag=26149.2 fMag=56049.5 ld0=2.70537e+06 m78=2.03316e+06 frac=0.24847 grounded=0x40800000 linTerm=8.33333e-06
spd=1597.131 ctrl=(796541.3750,0.0000,3467160.5000) accum=(15793.6396,0.0000,-27227.1133) cMag=25301.9 fMag=52180.4 ld0=2.5566e+06 m78=1.91348e+06 frac=0.251555 grounded=0x40800000 linTerm=1.27157e-12
spd=1591.753 ctrl=(832987.3125,0.0000,3456403.0000) accum=(17087.1582,0.0000,-27746.8203) cMag=25766.9 fMag=54433.4 ld0=2.63852e+06 m78=1.9512e+06 frac=0.260495 grounded=0x40800000 linTerm=8.33333e-06
spd=1615.128 ctrl=(871554.2500,0.0000,3454219.0000) accum=(17280.5977,0.0000,-28098.9590) cMag=26187.2 fMag=56226.3 ld0=2.71118e+06 m78=2.03529e+06 frac=0.249297 grounded=0x40800000 linTerm=8.33333e-06
spd=1643.904 ctrl=(873970.2500,0.0000,3463794.5000) accum=(15549.3477,0.0000,-27687.0840) cMag=25403.3 fMag=52509.1 ld0=2.55766e+06 m78=1.90172e+06 frac=0.256463 grounded=0x40800000 linTerm=1.27157e-12
spd=1638.204 ctrl=(910303.7500,0.0000,3452115.2500) accum=(16592.9785,0.0000,-28131.8867) cMag=25798.1 fMag=54573.8 ld0=2.64298e+06 m78=1.95277e+06 frac=0.261151 grounded=0x40800000 linTerm=8.33333e-06
spd=1661.369 ctrl=(948945.8750,0.0000,3448989.7500) accum=(16772.8867,0.0000,-28486.2227) cMag=26215.2 fMag=56357 ld0=2.71532e+06 m78=2.03661e+06 frac=0.249954 grounded=0x40800000 linTerm=8.33333e-06
spd=1690.249 ctrl=(951583.1250,0.0000,3458574.7500) accum=(15170.8027,0.0000,-28089.6387) cMag=25454.9 fMag=52717.7 ld0=2.56104e+06 m78=1.89616e+06 frac=0.259614 grounded=0x40800000 linTerm=1.27157e-12
spd=1684.222 ctrl=(987779.2500,0.0000,3445971.0000) accum=(16068.6289,0.0000,-28502.3203) cMag=25822.7 fMag=54684.3 ld0=2.64642e+06 m78=1.95393e+06 frac=0.261669 grounded=0x40800000 linTerm=8.33333e-06
spd=1707.173 ctrl=(1026471.8750,0.0000,3441898.5000) accum=(16239.0566,0.0000,-28859.5215) cMag=26237.5 fMag=56461.8 ld0=2.71854e+06 m78=2.03751e+06 frac=0.250514 grounded=0x40800000 linTerm=8.33333e-06
spd=1736.157 ctrl=(1029330.8125,0.0000,3451485.0000) accum=(14650.0156,0.0000,-28433.7617) cMag=25480 fMag=52823.5 ld0=2.56429e+06 m78=1.89681e+06 frac=0.260299 grounded=0x40800000 linTerm=1.27157e-12
spd=1729.797 ctrl=(1065364.7500,0.0000,3437956.2500) accum=(15523.6748,0.0000,-28859.3418) cMag=25843.4 fMag=54777.6 ld0=2.64928e+06 m78=1.95489e+06 frac=0.262105 grounded=0x40800000 linTerm=8.33333e-06
spd=1752.529 ctrl=(1104082.7500,0.0000,3432930.5000) accum=(15686.6494,0.0000,-29219.7656) cMag=26256.6 fMag=56551.2 ld0=2.72121e+06 m78=2.03814e+06 frac=0.251015 grounded=0x40800000 linTerm=8.33333e-06
spd=1781.616 ctrl=(1107164.3750,0.0000,3442512.2500) accum=(14112.1709,0.0000,-28765.3086) cMag=25502.3 fMag=52917 ld0=2.56712e+06 m78=1.89733e+06 frac=0.260911 grounded=0x40800000 linTerm=1.27157e-12
spd=1774.920 ctrl=(1143010.8750,0.0000,3428058.0000) accum=(14963.3174,0.0000,-29203.4980) cMag=25861.7 fMag=54860.4 ld0=2.65179e+06 m78=1.95572e+06 frac=0.262489 grounded=0x40800000 linTerm=8.33333e-06
spd=1797.426 ctrl=(1181729.2500,0.0000,3422075.2500) accum=(15119.8408,0.0000,-29567.3633) cMag=26273.5 fMag=56630.8 ld0=2.72354e+06 m78=2.03863e+06 frac=0.25148 grounded=0x40800000 linTerm=8.33333e-06
spd=1826.616 ctrl=(1185034.0000,0.0000,3431645.2500) accum=(13560.8350,0.0000,-29084.6211) cMag=25522.8 fMag=53002.6 ld0=2.56969e+06 m78=1.89778e+06 frac=0.261475 grounded=0x40800000 linTerm=1.27157e-12
spd=1819.578 ctrl=(1220668.2500,0.0000,3416267.2500) accum=(14390.4814,0.0000,-29535.1992) cMag=25878.6 fMag=54936.6 ld0=2.65408e+06 m78=1.95649e+06 frac=0.262839 grounded=0x40800000 linTerm=8.33333e-06
spd=1841.852 ctrl=(1259361.8750,0.0000,3409324.7500) accum=(14541.0078,0.0000,-29902.4238) cMag=26288.9 fMag=56703.8 ld0=2.72564e+06 m78=2.039e+06 frac=0.251921 grounded=0x40800000 linTerm=8.33333e-06
spd=1871.144 ctrl=(1262889.8750,0.0000,3418876.0000) accum=(12998.0674,0.0000,-29391.7598) cMag=25541.9 fMag=53082.4 ld0=2.57207e+06 m78=1.89818e+06 frac=0.262004 grounded=0x40800000 linTerm=1.27157e-12
spd=1863.759 ctrl=(1298286.6250,0.0000,3402575.7500) accum=(13806.9092,0.0000,-29854.3203) cMag=25894.3 fMag=55008.1 ld0=2.65623e+06 m78=1.9572e+06 frac=0.263164 grounded=0x40800000 linTerm=8.33333e-06
spd=1885.797 ctrl=(1336929.5000,0.0000,3394669.5000) accum=(13951.6152,0.0000,-30225.0762) cMag=26303.2 fMag=56771.9 ld0=2.72757e+06 m78=2.03928e+06 frac=0.252345 grounded=0x40800000 linTerm=8.33333e-06
spd=1915.190 ctrl=(1340681.7500,0.0000,3404196.7500) accum=(12425.1641,0.0000,-29686.8477) cMag=25560 fMag=53158 ld0=2.57432e+06 m78=1.89855e+06 frac=0.262505 grounded=0x40800000 linTerm=1.27157e-12
spd=955.710 ctrl=(-222259.0156,0.0000,3346027.5000) accum=(15741.0664,0.0000,-20827.6016) cMag=20778.4 fMag=37702.1 ld0=1.98047e+06 m78=1.33905e+06 frac=0.323871 grounded=0x40800000 linTerm=8.33333e-06
spd=981.143 ctrl=(-199337.3438,0.0000,3355589.0000) accum=(18017.9531,0.0000,-21663.2480) cMag=24130.7 fMag=47375.1 ld0=2.43451e+06 m78=1.96912e+06 frac=0.191163 grounded=0x40800000 linTerm=8.33333e-06
spd=1008.608 ctrl=(-199862.1094,0.0000,3364423.2500) accum=(17530.2480,0.0000,-21649.4961) cMag=23787.6 fMag=45983.9 ld0=2.37775e+06 m78=1.9031e+06 frac=0.199622 grounded=0x40800000 linTerm=1.27157e-12
spd=1006.515 ctrl=(-175682.3594,0.0000,3365013.5000) accum=(18176.6367,0.0000,-21650.3184) cMag=24011.5 fMag=47343 ld0=2.46185e+06 m78=1.97023e+06 frac=0.199695 grounded=0x40800000 linTerm=8.33333e-06
spd=1031.842 ctrl=(-151290.1719,0.0000,3374257.7500) accum=(18602.7695,0.0000,-21798.8398) cMag=24434.8 fMag=49223.6 ld0=2.55216e+06 m78=2.07189e+06 frac=0.188183 grounded=0x40800000 linTerm=8.33333e-06
spd=1059.418 ctrl=(-151689.8594,0.0000,3383172.2500) accum=(17690.0195,0.0000,-21825.5781) cMag=23914.3 fMag=46845.4 ld0=2.43162e+06 m78=1.94753e+06 frac=0.199079 grounded=0x40800000 linTerm=1.27157e-12
spd=1057.104 ctrl=(-126161.4688,0.0000,3383359.7500) accum=(18449.8066,0.0000,-21861.9863) cMag=24185.6 fMag=48369.4 ld0=2.51805e+06 m78=2.01296e+06 frac=0.200589 grounded=0x40800000 linTerm=8.33333e-06
spd=1082.324 ctrl=(-100290.8906,0.0000,3392229.0000) accum=(18762.5273,0.0000,-22089.8398) cMag=24580.2 fMag=49872.3 ld0=2.57458e+06 m78=2.07916e+06 frac=0.192429 grounded=0x40800000 linTerm=8.33333e-06
spd=1110.011 ctrl=(-100556.7500,0.0000,3401221.2500) accum=(17696.8965,0.0000,-22093.1250) cMag=24014.1 fMag=47302 ld0=2.45108e+06 m78=1.95705e+06 frac=0.201555 grounded=0x40800000 linTerm=1.27157e-12
spd=1107.466 ctrl=(-73680.8906,0.0000,3400947.5000) accum=(18541.0469,0.0000,-22163.0723) cMag=24312.4 fMag=48914.1 ld0=2.53577e+06 m78=2.01706e+06 frac=0.204559 grounded=0x40800000 linTerm=8.33333e-06
spd=1132.568 ctrl=(-46326.4492,0.0000,3409372.7500) accum=(18905.6484,0.0000,-22411.9824) cMag=24726.8 fMag=50495.1 ld0=2.59299e+06 m78=2.08172e+06 frac=0.197172 grounded=0x40800000 linTerm=8.33333e-06
spd=1160.365 ctrl=(-46449.6875,0.0000,3418442.2500) accum=(17688.1172,0.0000,-22385.9668) cMag=24115.4 fMag=47741.9 ld0=2.46744e+06 m78=1.96281e+06 frac=0.204515 grounded=0x40800000 linTerm=1.27157e-12
spd=1157.578 ctrl=(-18230.3320,0.0000,3417641.2500) accum=(18622.8262,0.0000,-22491.9512) cMag=24442.7 fMag=49451.1 ld0=2.55087e+06 m78=2.01775e+06 frac=0.208994 grounded=0x40800000 linTerm=8.33333e-06
spd=1182.553 ctrl=(10610.3545,0.0000,3425551.7500) accum=(19048.6289,0.0000,-22764.4727) cMag=24879.8 fMag=51120.2 ld0=2.60893e+06 m78=2.08075e+06 frac=0.20245 grounded=0x40800000 linTerm=8.33333e-06
spd=1210.457 ctrl=(10638.6797,0.0000,3434696.2500) accum=(17673.8203,0.0000,-22702.9062) cMag=24221.2 fMag=48183.6 ld0=2.4819e+06 m78=1.96579e+06 frac=0.207947 grounded=0x40800000 linTerm=1.27157e-12
spd=1207.417 ctrl=(40194.3516,0.0000,3433302.5000) accum=(18706.6699,0.0000,-22848.7109) cMag=24580 fMag=49998.3 ld0=2.56424e+06 m78=2.01564e+06 frac=0.213941 grounded=0x40800000 linTerm=8.33333e-06
spd=1232.253 ctrl=(70520.4141,0.0000,3440622.7500) accum=(19202.0547,0.0000,-23148.4082) cMag=25042.5 fMag=51763.6 ld0=2.62314e+06 m78=2.07669e+06 frac=0.208321 grounded=0x40800000 linTerm=8.33333e-06
spd=1260.263 ctrl=(70709.3594,0.0000,3449841.2500) accum=(17660.3848,0.0000,-23044.1777) cMag=24333.7 fMag=48637.6 ld0=2.49502e+06 m78=1.9664e+06 frac=0.21187 grounded=0x40800000 linTerm=1.27157e-12
spd=1256.961 ctrl=(101590.7188,0.0000,3447782.0000) accum=(18799.8066,0.0000,-23234.7500) cMag=24726.6 fMag=50566.4 ld0=2.57632e+06 m78=2.01095e+06 frac=0.21945 grounded=0x40800000 linTerm=8.33333e-06
spd=1281.647 ctrl=(133397.2969,0.0000,3454433.5000) accum=(19372.5156,0.0000,-23565.7012) cMag=25217 fMag=52435 ld0=2.63599e+06 m78=2.06969e+06 frac=0.214834 grounded=0x40800000 linTerm=8.33333e-06
spd=1309.759 ctrl=(133756.1562,0.0000,3463726.0000) accum=(17651.6992,0.0000,-23410.7656) cMag=24454.2 fMag=49110.2 ld0=2.50709e+06 m78=1.96478e+06 frac=0.216308 grounded=0x40800000 linTerm=1.27157e-12
spd=1306.184 ctrl=(165948.9844,0.0000,3460927.7500) accum=(18906.6582,0.0000,-23651.8496) cMag=24884.2 fMag=51161.8 ld0=2.58733e+06 m78=2.00375e+06 frac=0.225555 grounded=0x40800000 linTerm=8.33333e-06
spd=1330.710 ctrl=(199227.3438,0.0000,3466830.0000) accum=(19564.1719,0.0000,-24018.8770) cMag=25405 fMag=53140.2 ld0=2.6477e+06 m78=2.05986e+06 frac=0.222018 grounded=0x40800000 linTerm=8.33333e-06
spd=1358.921 ctrl=(199765.4531,0.0000,3476193.7500) accum=(17650.0312,0.0000,-23803.8809) cMag=24583.6 fMag=49605.2 ld0=2.51825e+06 m78=1.96102e+06 frac=0.221277 grounded=0x40800000 linTerm=1.27157e-12
spd=1355.065 ctrl=(233251.2344,0.0000,3472579.0000) accum=(19029.9102,0.0000,-24102.1328) cMag=25053.8 fMag=51788.6 ld0=2.59741e+06 m78=1.99408e+06 frac=0.232283 grounded=0x40800000 linTerm=8.33333e-06
spd=1379.418 ctrl=(267988.2812,0.0000,3477649.5000) accum=(19779.5176,0.0000,-24510.4336) cMag=25607.5 fMag=53883.2 ld0=2.65842e+06 m78=2.04727e+06 frac=0.229893 grounded=0x40800000 linTerm=8.33333e-06
spd=1407.725 ctrl=(268715.3438,0.0000,3487084.5000) accum=(17656.6582,0.0000,-24224.9902) cMag=24722.6 fMag=50125.3 ld0=2.52861e+06 m78=1.95514e+06 frac=0.22679 grounded=0x40800000 linTerm=1.27157e-12
spd=1403.578 ctrl=(303471.5625,0.0000,3482576.7500) accum=(19171.1758,0.0000,-24587.8164) cMag=25236 fMag=52449.5 ld0=2.60666e+06 m78=1.98198e+06 frac=0.239647 grounded=0x40800000 linTerm=8.33333e-06
spd=1427.748 ctrl=(339649.4375,0.0000,3486727.5000) accum=(20019.9395,0.0000,-25043.2012) cMag=25825.2 fMag=54666.6 ld0=2.66834e+06 m78=2.03205e+06 frac=0.238461 grounded=0x40800000 linTerm=8.33333e-06
spd=1456.148 ctrl=(340575.2500,0.0000,3496232.0000) accum=(17672.1816,0.0000,-24675.6758) cMag=24871.5 fMag=50672.1 ld0=2.53823e+06 m78=1.94719e+06 frac=0.232854 grounded=0x40800000 linTerm=1.27157e-12
spd=1451.700 ctrl=(376574.6562,0.0000,3490749.5000) accum=(19331.2871,0.0000,-25111.4980) cMag=25431.8 fMag=53146.5 ld0=2.61519e+06 m78=1.96753e+06 frac=0.247651 grounded=0x40800000 linTerm=8.33333e-06
spd=1475.678 ctrl=(414170.8438,0.0000,3493894.7500) accum=(20139.0273,0.0000,-25572.6172) cMag=26003.5 fMag=55371.2 ld0=2.68186e+06 m78=2.02324e+06 frac=0.245584 grounded=0x40800000 linTerm=8.33333e-06
spd=1504.167 ctrl=(415305.4375,0.0000,3503465.7500) accum=(17698.6582,0.0000,-25158.4453) cMag=25031.2 fMag=51247.8 ld0=2.54705e+06 m78=1.93698e+06 frac=0.239519 grounded=0x40800000 linTerm=1.27157e-12
spd=1499.410 ctrl=(452412.4375,0.0000,3496942.2500) accum=(19501.5645,0.0000,-25673.5137) cMag=25638.5 fMag=53869.7 ld0=2.62283e+06 m78=1.95084e+06 frac=0.256209 grounded=0x40800000 linTerm=8.33333e-06
spd=1523.185 ctrl=(490701.6562,0.0000,3499110.5000) accum=(19888.1055,0.0000,-26035.4629) cMag=26093.7 fMag=55790.9 ld0=2.69654e+06 m78=2.02956e+06 frac=0.247347 grounded=0x40800000 linTerm=8.33333e-06
spd=1551.765 ctrl=(492052.6250,0.0000,3508744.2500) accum=(17682.5820,0.0000,-25658.6992) cMag=25184.6 fMag=51785.9 ld0=2.55363e+06 m78=1.92502e+06 frac=0.246164 grounded=0x40800000 linTerm=1.27157e-12
spd=1546.693 ctrl=(529155.2500,0.0000,3501302.0000) accum=(19278.4590,0.0000,-26145.7070) cMag=25724.4 fMag=54241.3 ld0=2.63224e+06 m78=1.94889e+06 frac=0.25961 grounded=0x40800000 linTerm=8.33333e-06
spd=1570.265 ctrl=(567627.8750,0.0000,3502554.5000) accum=(19515.9902,0.0000,-26482.0078) cMag=26149.8 fMag=56052.4 ld0=2.70546e+06 m78=2.0332e+06 frac=0.248485 grounded=0x40800000 linTerm=8.33333e-06
spd=1598.943 ctrl=(569196.9375,0.0000,3512236.5000) accum=(17542.3672,0.0000,-26143.8301) cMag=25304.6 fMag=52188.9 ld0=2.55658e+06 m78=1.9131e+06 frac=0.251696 grounded=0x40800000 linTerm=1.27157e-12
spd=1593.553 ctrl=(606271.3125,0.0000,3503869.7500) accum=(18859.6504,0.0000,-26575.7188) cMag=25767.6 fMag=54436.3 ld0=2.63861e+06 m78=1.95123e+06 frac=0.260508 grounded=0x40800000 linTerm=8.33333e-06
spd=1616.919 ctrl=(644903.9375,0.0000,3504196.5000) accum=(19075.7871,0.0000,-26914.5273) cMag=26187.8 fMag=56229.3 ld0=2.71127e+06 m78=2.03532e+06 frac=0.249313 grounded=0x40800000 linTerm=8.33333e-06
spd=1645.699 ctrl=(646691.8750,0.0000,3513911.5000) accum=(17328.9727,0.0000,-26619.0391) cMag=25406.1 fMag=52517.9 ld0=2.55764e+06 m78=1.90132e+06 frac=0.256612 grounded=0x40800000 linTerm=1.27157e-12
spd=1639.987 ctrl=(683713.9375,0.0000,3504617.2500) accum=(18391.6191,0.0000,-26992.2402) cMag=25798.8 fMag=54576.9 ld0=2.64308e+06 m78=1.9528e+06 frac=0.261164 grounded=0x40800000 linTerm=8.33333e-06
spd=1663.145 ctrl=(722482.7500,0.0000,3504009.7500) accum=(18594.3691,0.0000,-27334.1250) cMag=26215.8 fMag=56360 ld0=2.71541e+06 m78=2.03664e+06 frac=0.249971 grounded=0x40800000 linTerm=8.33333e-06
spd=1692.028 ctrl=(724490.6875,0.0000,3513748.5000) accum=(16970.1719,0.0000,-27042.8867) cMag=25455.7 fMag=52721 ld0=2.56114e+06 m78=1.89618e+06 frac=0.259636 grounded=0x40800000 linTerm=1.27157e-12
spd=1685.988 ctrl=(761435.6875,0.0000,3503522.7500) accum=(17892.4707,0.0000,-27396.0566) cMag=25823.3 fMag=54687.2 ld0=2.64651e+06 m78=1.95397e+06 frac=0.261682 grounded=0x40800000 linTerm=8.33333e-06
spd=1708.932 ctrl=(800316.3750,0.0000,3501973.0000) accum=(18085.9199,0.0000,-27741.4648) cMag=26238.2 fMag=56464.7 ld0=2.71862e+06 m78=2.03753e+06 frac=0.250531 grounded=0x40800000 linTerm=8.33333e-06
spd=1737.919 ctrl=(802545.6875,0.0000,3511727.7500) accum=(16472.8105,0.0000,-27420.2715) cMag=25480.8 fMag=52826.8 ld0=2.56439e+06 m78=1.89682e+06 frac=0.26032 grounded=0x40800000 linTerm=1.27157e-12
spd=1731.547 ctrl=(839388.8125,0.0000,3500568.0000) accum=(17371.8496,0.0000,-27787.8320) cMag=25844 fMag=54780.5 ld0=2.64936e+06 m78=1.95492e+06 frac=0.262118 grounded=0x40800000 linTerm=8.33333e-06
spd=1754.270 ctrl=(878356.9375,0.0000,3498069.7500) accum=(17558.0664,0.0000,-28136.9336) cMag=26257.2 fMag=56554 ld0=2.72129e+06 m78=2.03816e+06 frac=0.251032 grounded=0x40800000 linTerm=8.33333e-06
spd=1783.361 ctrl=(880808.5000,0.0000,3507833.2500) accum=(15957.6133,0.0000,-27786.1445) cMag=25503.1 fMag=52920.2 ld0=2.56721e+06 m78=1.89735e+06 frac=0.260932 grounded=0x40800000 linTerm=1.27157e-12
spd=1776.652 ctrl=(917524.9375,0.0000,3495738.5000) accum=(16835.0176,0.0000,-28167.7930) cMag=25862.3 fMag=54863.2 ld0=2.65187e+06 m78=1.95575e+06 frac=0.262502 grounded=0x40800000 linTerm=8.33333e-06
spd=1799.149 ctrl=(956555.5625,0.0000,3492285.0000) accum=(17015.0039,0.0000,-28520.6934) cMag=26274 fMag=56633.6 ld0=2.72362e+06 m78=2.03864e+06 frac=0.251496 grounded=0x40800000 linTerm=8.33333e-06
spd=1828.343 ctrl=(959230.5625,0.0000,3502051.2500) accum=(15428.1348,0.0000,-28140.6738) cMag=25523.5 fMag=53005.6 ld0=2.56978e+06 m78=1.89779e+06 frac=0.261495 grounded=0x40800000 linTerm=1.27157e-12
spd=1821.292 ctrl=(995794.9375,0.0000,3489020.5000) accum=(16284.9160,0.0000,-28536.0781) cMag=25879.2 fMag=54939.3 ld0=2.65416e+06 m78=1.95651e+06 frac=0.262851 grounded=0x40800000 linTerm=8.33333e-06
spd=1843.557 ctrl=(1034862.8750,0.0000,3484606.5000) accum=(16459.1367,0.0000,-28892.7461) cMag=26289.4 fMag=56706.4 ld0=2.72571e+06 m78=2.03901e+06 frac=0.251937 grounded=0x40800000 linTerm=8.33333e-06
spd=1872.853 ctrl=(1037762.4375,0.0000,3494369.7500) accum=(14886.4580,0.0000,-28483.8809) cMag=25542.6 fMag=53085.3 ld0=2.57216e+06 m78=1.8982e+06 frac=0.262023 grounded=0x40800000 linTerm=1.27157e-12
spd=1865.455 ctrl=(1074149.3750,0.0000,3480402.5000) accum=(15723.2803,0.0000,-28892.5957) cMag=25894.9 fMag=55010.7 ld0=2.6563e+06 m78=1.95723e+06 frac=0.263176 grounded=0x40800000 linTerm=8.33333e-06
spd=1887.483 ctrl=(1113229.2500,0.0000,3475023.7500) accum=(15891.9023,0.0000,-29253.0801) cMag=26303.7 fMag=56774.4 ld0=2.72764e+06 m78=2.03929e+06 frac=0.25236 grounded=0x40800000 linTerm=8.33333e-06
spd=1916.880 ctrl=(1116354.2500,0.0000,3484778.5000) accum=(14333.8701,0.0000,-28815.5723) cMag=25560.7 fMag=53160.7 ld0=2.5744e+06 m78=1.89856e+06 frac=0.262524 grounded=0x40800000 linTerm=1.27157e-12
spd=1909.130 ctrl=(1152538.6250,0.0000,3469875.7500) accum=(15151.1777,0.0000,-29237.2539) cMag=25909.9 fMag=55078.5 ld0=2.65833e+06 m78=1.95791e+06 frac=0.263481 grounded=0x40800000 linTerm=8.33333e-06
spd=1930.916 ctrl=(1191605.1250,0.0000,3463529.5000) accum=(15314.2637,0.0000,-29601.4961) cMag=26317.2 fMag=56838.4 ld0=2.72942e+06 m78=2.0395e+06 frac=0.252771 grounded=0x40800000 linTerm=8.33333e-06
spd=1960.413 ctrl=(1194955.7500,0.0000,3473268.5000) accum=(13771.2637,0.0000,-29135.7383) cMag=25578 fMag=53232.7 ld0=2.57654e+06 m78=1.8989e+06 frac=0.263003 grounded=0x40800000 linTerm=1.27157e-12
spd=1952.308 ctrl=(1230912.6250,0.0000,3457433.2500) accum=(14569.4102,0.0000,-29569.7676) cMag=25924.1 fMag=55143.2 ld0=2.66026e+06 m78=1.95856e+06 frac=0.26377 grounded=0x40800000 linTerm=8.33333e-06
spd=1973.846 ctrl=(1269939.7500,0.0000,3450116.5000) accum=(14726.8896,0.0000,-29937.7559) cMag=26329.9 fMag=56899.1 ld0=2.73108e+06 m78=2.03965e+06 frac=0.253171 grounded=0x40800000 linTerm=8.33333e-06
spd=2003.442 ctrl=(1273516.8750,0.0000,3459834.5000) accum=(13199.2344,0.0000,-29444.0449) cMag=25594.5 fMag=53301.6 ld0=2.57857e+06 m78=1.89922e+06 frac=0.263462 grounded=0x40800000 linTerm=1.27157e-12
spd=1994.979 ctrl=(1309220.2500,0.0000,3443068.2500) accum=(13978.5029,0.0000,-29890.1426) cMag=25937.8 fMag=55205.6 ld0=2.66211e+06 m78=1.95919e+06 frac=0.264045 grounded=0x40800000 linTerm=8.33333e-06
spd=2016.265 ctrl=(1348182.6250,0.0000,3434779.2500) accum=(14130.3174,0.0000,-30261.6895) cMag=26342 fMag=56956.8 ld0=2.73264e+06 m78=2.03975e+06 frac=0.253562 grounded=0x40800000 linTerm=8.33333e-06
spd=2045.958 ctrl=(1351986.8750,0.0000,3444471.2500) accum=(12618.3281,0.0000,-29740.3555) cMag=25610.5 fMag=53367.9 ld0=2.58052e+06 m78=1.89951e+06 frac=0.263905 grounded=0x40800000 linTerm=1.27157e-12
spd=2037.133 ctrl=(1387411.6250,0.0000,3426778.0000) accum=(13378.9512,0.0000,-30198.0879) cMag=25951 fMag=55265.7 ld0=2.66388e+06 m78=1.9598e+06 frac=0.264309 grounded=0x40800000 linTerm=8.33333e-06
spd=2058.162 ctrl=(1426283.0000,0.0000,3417515.5000) accum=(13525.0176,0.0000,-30573.1465) cMag=26353.4 fMag=57011.9 ld0=2.73411e+06 m78=2.03979e+06 frac=0.253946 grounded=0x40800000 linTerm=8.33333e-06
spd=2087.951 ctrl=(1430314.2500,0.0000,3427174.7500) accum=(12028.9961,0.0000,-30024.4844) cMag=25625.8 fMag=53431.7 ld0=2.58239e+06 m78=1.89979e+06 frac=0.264332 grounded=0x40800000 linTerm=1.27157e-12
spd=2078.761 ctrl=(1465435.1250,0.0000,3408558.5000) accum=(12771.1787,0.0000,-30493.3809) cMag=25963.8 fMag=55323.7 ld0=2.6656e+06 m78=1.96038e+06 frac=0.264562 grounded=0x40800000 linTerm=8.33333e-06
spd=2099.530 ctrl=(1504189.7500,0.0000,3398322.2500) accum=(12911.3760,0.0000,-30871.9023) cMag=26364.4 fMag=57064.6 ld0=2.73549e+06 m78=2.03979e+06 frac=0.254323 grounded=0x40800000 linTerm=8.33333e-06
spd=2129.415 ctrl=(1508448.3750,0.0000,3407943.5000) accum=(11431.6299,0.0000,-30296.2441) cMag=25640.7 fMag=53493.4 ld0=2.5842e+06 m78=1.90005e+06 frac=0.264745 grounded=0x40800000 linTerm=1.27157e-12
spd=1062.377 ctrl=(-473098.0625,0.0000,3354319.2500) accum=(17230.3164,0.0000,-17776.1172) cMag=19283.7 fMag=36586.7 ld0=1.91906e+06 m78=1.26992e+06 frac=0.338262 grounded=0x40800000 linTerm=8.33333e-06
spd=1087.645 ctrl=(-448135.9062,0.0000,3365835.5000) accum=(20261.6758,0.0000,-20120.0996) cMag=24381.4 fMag=48927.9 ld0=2.53678e+06 m78=2.06069e+06 frac=0.187674 grounded=0x40800000 linTerm=8.33333e-06
spd=1115.377 ctrl=(-449317.8125,0.0000,3374712.5000) accum=(19429.4766,0.0000,-20215.1094) cMag=23884.1 fMag=46679 ld0=2.42188e+06 m78=1.94013e+06 frac=0.198917 grounded=0x40800000 linTerm=1.27157e-12
spd=1112.814 ctrl=(-422414.2188,0.0000,3377228.0000) accum=(20276.1719,0.0000,-20182.9590) cMag=24183.3 fMag=48329.2 ld0=2.51405e+06 m78=2.00854e+06 frac=0.201073 grounded=0x40800000 linTerm=8.33333e-06
spd=1137.926 ctrl=(-395924.3125,0.0000,3388429.2500) accum=(20729.3438,0.0000,-20380.6895) cMag=24615.2 fMag=50000.8 ld0=2.57649e+06 m78=2.07665e+06 frac=0.194002 grounded=0x40800000 linTerm=8.33333e-06
spd=1165.755 ctrl=(-396974.2188,0.0000,3397414.7500) accum=(19643.9297,0.0000,-20473.1250) cMag=24042.9 fMag=47418.4 ld0=2.45461e+06 m78=1.95735e+06 frac=0.202584 grounded=0x40800000 linTerm=1.27157e-12
spd=1162.947 ctrl=(-368676.5312,0.0000,3399526.0000) accum=(20595.5195,0.0000,-20477.0723) cMag=24374 fMag=49156 ld0=2.54153e+06 m78=2.01573e+06 frac=0.206884 grounded=0x40800000 linTerm=8.33333e-06
spd=1187.920 ctrl=(-340652.4062,0.0000,3410358.5000) accum=(21091.0078,0.0000,-20700.0684) cMag=24823.2 fMag=50880.8 ld0=2.60204e+06 m78=2.07981e+06 frac=0.200703 grounded=0x40800000 linTerm=8.33333e-06
spd=1215.848 ctrl=(-341560.2812,0.0000,3419447.5000) accum=(19783.2324,0.0000,-20777.6113) cMag=24184.9 fMag=48028.9 ld0=2.47656e+06 m78=1.96431e+06 frac=0.20684 grounded=0x40800000 linTerm=1.27157e-12
spd=1212.784 ctrl=(-311870.4688,0.0000,3421094.5000) accum=(20839.1953,0.0000,-20815.3770) cMag=24547.9 fMag=49865.4 ld0=2.56053e+06 m78=2.01541e+06 frac=0.212893 grounded=0x40800000 linTerm=8.33333e-06
spd=1237.612 ctrl=(-282306.4688,0.0000,3431486.7500) accum=(21392.6426,0.0000,-21061.8262) cMag=25018.9 fMag=51666.6 ld0=2.62061e+06 m78=2.07663e+06 frac=0.207578 grounded=0x40800000 linTerm=8.33333e-06
spd=1265.640 ctrl=(-283062.2812,0.0000,3440673.7500) accum=(19877.0742,0.0000,-21115.4961) cMag=24319 fMag=48576.9 ld0=2.49313e+06 m78=1.9661e+06 frac=0.211394 grounded=0x40800000 linTerm=1.27157e-12
spd=1262.311 ctrl=(-251984.5000,0.0000,3441786.7500) accum=(21044.4160,0.0000,-21188.8516) cMag=24716.4 fMag=50524 ld0=2.57517e+06 m78=2.0109e+06 frac=0.219121 grounded=0x40800000 linTerm=8.33333e-06
spd=1286.984 ctrl=(-220877.8438,0.0000,3451660.0000) accum=(21669.8320,0.0000,-21460.1953) cMag=25213.2 fMag=52417.8 ld0=2.63543e+06 m78=2.06947e+06 frac=0.21475 grounded=0x40800000 linTerm=8.33333e-06
spd=1315.111 ctrl=(-221471.8594,0.0000,3460942.2500) accum=(19948.4785,0.0000,-21481.9453) cMag=24452.4 fMag=49102.2 ld0=2.50678e+06 m78=1.96465e+06 frac=0.216265 grounded=0x40800000 linTerm=1.27157e-12
spd=1311.508 ctrl=(-189013.2812,0.0000,3461447.7500) accum=(21236.5234,0.0000,-21594.8086) cMag=24887 fMag=51170.7 ld0=2.58733e+06 m78=2.00338e+06 frac=0.225697 grounded=0x40800000 linTerm=8.33333e-06
spd=1336.017 ctrl=(-156364.9531,0.0000,3470720.2500) accum=(21945.6152,0.0000,-21894.1523) cMag=25413 fMag=53168.8 ld0=2.648e+06 m78=2.05918e+06 frac=0.222362 grounded=0x40800000 linTerm=8.33333e-06
spd=1364.241 ctrl=(-156787.3594,0.0000,3480096.0000) accum=(20012.1816,0.0000,-21875.6074) cMag=24589.6 fMag=49627.3 ld0=2.51866e+06 m78=1.96071e+06 frac=0.221525 grounded=0x40800000 linTerm=1.27157e-12
spd=1360.354 ctrl=(-122958.9609,0.0000,3479916.5000) accum=(21431.1172,0.0000,-22033.2344) cMag=25064.5 fMag=51827.1 ld0=2.5979e+06 m78=1.99329e+06 frac=0.232732 grounded=0x40800000 linTerm=8.33333e-06
spd=1384.690 ctrl=(-88773.6406,0.0000,3488503.7500) accum=(22233.9492,0.0000,-22364.7949) cMag=25623 fMag=53938.8 ld0=2.65909e+06 m78=2.04612e+06 frac=0.230519 grounded=0x40800000 linTerm=8.33333e-06
spd=1413.008 ctrl=(-89014.5469,0.0000,3497970.7500) accum=(20077.0703,0.0000,-22296.9238) cMag=24733.4 fMag=50165.2 ld0=2.52932e+06 m78=1.95457e+06 frac=0.227236 grounded=0x40800000 linTerm=1.27157e-12
spd=1408.829 ctrl=(-53831.2148,0.0000,3497026.5000) accum=(21637.5254,0.0000,-22505.6094) cMag=25252 fMag=52506.2 ld0=2.60735e+06 m78=1.98079e+06 frac=0.240304 grounded=0x40800000 linTerm=8.33333e-06
spd=1432.980 ctrl=(-18118.2402,0.0000,3504840.7500) accum=(22543.0273,0.0000,-22874.3145) cMag=25845.7 fMag=54739.2 ld0=2.66916e+06 m78=2.03048e+06 frac=0.239282 grounded=0x40800000 linTerm=8.33333e-06
spd=1461.390 ctrl=(-18167.6465,0.0000,3514397.7500) accum=(20148.2129,0.0000,-22746.9922) cMag=24885.6 fMag=50723.3 ld0=2.53905e+06 m78=1.94633e+06 frac=0.233441 grounded=0x40800000 linTerm=1.27157e-12
spd=1456.909 ctrl=(18351.4707,0.0000,3512604.2500) accum=(21861.1035,0.0000,-23014.0977) cMag=25451.3 fMag=53215.1 ld0=2.61594e+06 m78=1.96599e+06 frac=0.248458 grounded=0x40800000 linTerm=8.33333e-06
spd=1480.866 ctrl=(55578.2070,0.0000,3519556.7500) accum=(22677.1016,0.0000,-23384.7090) cMag=26013.7 fMag=55418.8 ld0=2.68355e+06 m78=2.02398e+06 frac=0.245782 grounded=0x40800000 linTerm=8.33333e-06
spd=1509.364 ctrl=(55730.5273,0.0000,3529202.2500) accum=(20230.9980,0.0000,-23228.2031) cMag=25047.8 fMag=51306.8 ld0=2.54785e+06 m78=1.93579e+06 frac=0.240228 grounded=0x40800000 linTerm=1.27157e-12
spd=1504.574 ctrl=(93326.6875,0.0000,3526486.7500) accum=(22082.1973,0.0000,-23557.6172) cMag=25656.5 fMag=53931.2 ld0=2.62332e+06 m78=1.94917e+06 frac=0.256981 grounded=0x40800000 linTerm=8.33333e-06
spd=1528.327 ctrl=(131211.9219,0.0000,3532541.2500) accum=(22461.7402,0.0000,-23871.0371) cMag=26100 fMag=55820.5 ld0=2.69759e+06 m78=2.03002e+06 frac=0.247468 grounded=0x40800000 linTerm=8.33333e-06
spd=1556.917 ctrl=(131573.3438,0.0000,3542271.5000) accum=(20253.5312,0.0000,-23727.3809) cMag=25197.6 fMag=51830 ld0=2.55401e+06 m78=1.92381e+06 frac=0.246752 grounded=0x40800000 linTerm=1.27157e-12
spd=1551.811 ctrl=(169258.6406,0.0000,3538640.5000) accum=(21861.5254,0.0000,-24043.1426) cMag=25729.2 fMag=54263.3 ld0=2.63298e+06 m78=1.94918e+06 frac=0.259706 grounded=0x40800000 linTerm=8.33333e-06
spd=1575.361 ctrl=(207419.5000,0.0000,3543803.0000) accum=(22130.5078,0.0000,-24353.3809) cMag=26154 fMag=56072.4 ld0=2.70614e+06 m78=2.03346e+06 frac=0.248574 grounded=0x40800000 linTerm=8.33333e-06
spd=1604.050 ctrl=(207993.0312,0.0000,3553601.7500) accum=(20156.8496,0.0000,-24224.4766) cMag=25315.6 fMag=52224.8 ld0=2.55673e+06 m78=1.91187e+06 frac=0.252223 grounded=0x40800000 linTerm=1.27157e-12
spd=1598.625 ctrl=(245744.0625,0.0000,3549047.7500) accum=(21484.2500,0.0000,-24513.7539) cMag=25771.1 fMag=54452.1 ld0=2.63913e+06 m78=1.95142e+06 frac=0.260579 grounded=0x40800000 linTerm=8.33333e-06
spd=1621.969 ctrl=(284158.2188,0.0000,3553304.7500) accum=(21733.1406,0.0000,-24828.6641) cMag=26190.9 fMag=56244 ld0=2.71175e+06 m78=2.03548e+06 frac=0.249385 grounded=0x40800000 linTerm=8.33333e-06
spd=1650.761 ctrl=(284946.2500,0.0000,3563158.5000) accum=(19989.3535,0.0000,-24719.2930) cMag=25416 fMag=52549.4 ld0=2.55766e+06 m78=1.90008e+06 frac=0.257105 grounded=0x40800000 linTerm=1.27157e-12
spd=1645.013 ctrl=(322739.2188,0.0000,3557675.2500) accum=(21058.6484,0.0000,-24975.8496) cMag=25801.5 fMag=54589.2 ld0=2.64347e+06 m78=1.95294e+06 frac=0.261221 grounded=0x40800000 linTerm=8.33333e-06
spd=1668.148 ctrl=(361383.9062,0.0000,3561016.7500) accum=(21294.9844,0.0000,-25295.2070) cMag=26218.3 fMag=56371.7 ld0=2.71578e+06 m78=2.03675e+06 frac=0.250032 grounded=0x40800000 linTerm=8.33333e-06
spd=1697.042 ctrl=(362388.5625,0.0000,3570916.5000) accum=(19650.1094,0.0000,-25171.6465) cMag=25458.5 fMag=52732.8 ld0=2.56151e+06 m78=1.89626e+06 frac=0.259711 grounded=0x40800000 linTerm=1.27157e-12
spd=1690.967 ctrl=(400199.4688,0.0000,3564498.5000) accum=(20601.8418,0.0000,-25428.5000) cMag=25825.6 fMag=54697.6 ld0=2.64683e+06 m78=1.95407e+06 frac=0.26173 grounded=0x40800000 linTerm=8.33333e-06
spd=1713.887 ctrl=(439051.0625,0.0000,3566912.7500) accum=(20829.5273,0.0000,-25752.3438) cMag=26240.3 fMag=56474.7 ld0=2.71893e+06 m78=2.0376e+06 frac=0.250585 grounded=0x40800000 linTerm=8.33333e-06
spd=1742.885 ctrl=(440274.4062,0.0000,3576851.2500) accum=(19192.7402,0.0000,-25597.8477) cMag=25483.3 fMag=52837.2 ld0=2.5647e+06 m78=1.89688e+06 frac=0.260388 grounded=0x40800000 linTerm=1.27157e-12
spd=1736.477 ctrl=(478078.7500,0.0000,3569493.0000) accum=(20123.0176,0.0000,-25871.4336) cMag=25846 fMag=54789.7 ld0=2.64965e+06 m78=1.95501e+06 frac=0.26216 grounded=0x40800000 linTerm=8.33333e-06
spd=1759.176 ctrl=(517113.7500,0.0000,3570972.2500) accum=(20344.0176,0.0000,-26199.6426) cMag=26259 fMag=56562.9 ld0=2.72155e+06 m78=2.03822e+06 frac=0.251083 grounded=0x40800000 linTerm=8.33333e-06
spd=1788.278 ctrl=(518557.3750,0.0000,3580941.2500) accum=(18716.8105,0.0000,-26014.4141) cMag=25505.3 fMag=52929.6 ld0=2.5675e+06 m78=1.8974e+06 frac=0.260994 grounded=0x40800000 linTerm=1.27157e-12
spd=1781.532 ctrl=(556330.5625,0.0000,3572640.0000) accum=(19627.1641,0.0000,-26304.2461) cMag=25864.2 fMag=54871.7 ld0=2.65213e+06 m78=1.95584e+06 frac=0.262541 grounded=0x40800000 linTerm=8.33333e-06
spd=1804.004 ctrl=(595524.5625,0.0000,3573174.0000) accum=(19842.4121,0.0000,-26636.8789) cMag=26275.7 fMag=56641.7 ld0=2.72386e+06 m78=2.03868e+06 frac=0.251545 grounded=0x40800000 linTerm=8.33333e-06
spd=1833.209 ctrl=(597190.5000,0.0000,3583169.2500) accum=(18225.7344,0.0000,-26421.1992) cMag=25525.6 fMag=53014.4 ld0=2.57004e+06 m78=1.89784e+06 frac=0.261553 grounded=0x40800000 linTerm=1.27157e-12
spd=1826.120 ctrl=(634907.3750,0.0000,3573920.2500) accum=(19117.0801,0.0000,-26726.7617) cMag=25880.9 fMag=54947.2 ld0=2.6544e+06 m78=1.95659e+06 frac=0.262887 grounded=0x40800000 linTerm=8.33333e-06
spd=1848.360 ctrl=(674236.1250,0.0000,3573503.0000) accum=(19327.0117,0.0000,-27063.8379) cMag=26291 fMag=56714 ld0=2.72593e+06 m78=2.03904e+06 frac=0.251983 grounded=0x40800000 linTerm=8.33333e-06
spd=1877.667 ctrl=(676125.5000,0.0000,3583517.0000) accum=(17721.4883,0.0000,-26817.9219) cMag=25544.6 fMag=53093.6 ld0=2.57241e+06 m78=1.89824e+06 frac=0.262078 grounded=0x40800000 linTerm=1.27157e-12
spd=1870.231 ctrl=(713761.1250,0.0000,3573318.7500) accum=(18594.4141,0.0000,-27138.7754) cMag=25896.6 fMag=55018.2 ld0=2.65653e+06 m78=1.95731e+06 frac=0.263209 grounded=0x40800000 linTerm=8.33333e-06
spd=1892.233 ctrl=(753199.7500,0.0000,3571943.0000) accum=(18799.1836,0.0000,-27480.2207) cMag=26305.2 fMag=56781.5 ld0=2.72784e+06 m78=2.03932e+06 frac=0.252406 grounded=0x40800000 linTerm=8.33333e-06
spd=1921.641 ctrl=(755314.2500,0.0000,3581970.7500) accum=(17205.2988,0.0000,-27204.3828) cMag=25562.6 fMag=53168.7 ld0=2.57464e+06 m78=1.8986e+06 frac=0.262577 grounded=0x40800000 linTerm=1.27157e-12
spd=1913.853 ctrl=(792843.4375,0.0000,3570822.0000) accum=(18060.2051,0.0000,-27540.0273) cMag=25911.4 fMag=55085.6 ld0=2.65854e+06 m78=1.95798e+06 frac=0.263513 grounded=0x40800000 linTerm=8.33333e-06
spd=1935.612 ctrl=(832366.6875,0.0000,3568480.5000) accum=(18259.8359,0.0000,-27885.7227) cMag=26318.6 fMag=56845.1 ld0=2.72961e+06 m78=2.03952e+06 frac=0.252815 grounded=0x40800000 linTerm=8.33333e-06
spd=1965.120 ctrl=(834707.7500,0.0000,3578517.2500) accum=(16677.9824,0.0000,-27580.2871) cMag=25579.8 fMag=53240.3 ld0=2.57676e+06 m78=1.89894e+06 frac=0.263053 grounded=0x40800000 linTerm=1.27157e-12
spd=1956.976 ctrl=(872104.7500,0.0000,3566415.7500) accum=(17515.1465,0.0000,-27930.2559) cMag=25925.6 fMag=55150.1 ld0=2.66046e+06 m78=1.95863e+06 frac=0.2638 grounded=0x40800000 linTerm=8.33333e-06
spd=1978.487 ctrl=(911687.6250,0.0000,3563104.7500) accum=(17709.5977,0.0000,-28280.2578) cMag=26331.2 fMag=56905.5 ld0=2.73126e+06 m78=2.03967e+06 frac=0.253214 grounded=0x40800000 linTerm=8.33333e-06
spd=2008.094 ctrl=(914256.1875,0.0000,3573143.2500) accum=(16140.1348,0.0000,-27945.4453) cMag=25596.3 fMag=53308.9 ld0=2.57879e+06 m78=1.89925e+06 frac=0.263511 grounded=0x40800000 linTerm=1.27157e-12
spd=1999.591 ctrl=(951495.6250,0.0000,3560090.5000) accum=(16959.8008,0.0000,-28309.2676) cMag=25939.2 fMag=55212.2 ld0=2.6623e+06 m78=1.95925e+06 frac=0.264075 grounded=0x40800000 linTerm=8.33333e-06
spd=2020.849 ctrl=(1127360.0000,0.0000,4044618.5000) accum=(17148.9844,0.0000,-28663.4590) cMag=26343.2 fMag=56963 ld0=2.73281e+06 m78=2.03976e+06 frac=0.253604 grounded=0x40800000 linTerm=8.33333e-06
spd=2054.721 ctrl=(1130569.3750,0.0000,4056133.2500) accum=(15525.7812,0.0000,-28280.2168) cMag=25591.8 fMag=53286.3 ld0=2.57776e+06 m78=1.8986e+06 frac=0.26347 grounded=0x40800000 linTerm=1.27157e-12
spd=2045.826 ctrl=(1172821.0000,0.0000,4040548.7500) accum=(16341.0195,0.0000,-28661.4062) cMag=25935.6 fMag=55197.1 ld0=2.66158e+06 m78=1.95892e+06 frac=0.264001 grounded=0x40800000 linTerm=8.33333e-06
spd=2070.942 ctrl=(1218022.2500,0.0000,4034971.0000) accum=(16445.2129,0.0000,-28999.8828) cMag=26360.4 fMag=57044.7 ld0=2.739e+06 m78=2.05306e+06 frac=0.250436 grounded=0x40800000 linTerm=8.33333e-06
spd=2104.944 ctrl=(1221488.0000,0.0000,4046452.5000) accum=(14886.6689,0.0000,-28596.4082) cMag=25581.7 fMag=53237.9 ld0=2.57572e+06 m78=1.89745e+06 frac=0.263333 grounded=0x40800000 linTerm=1.27157e-12
spd=2095.618 ctrl=(1263513.6250,0.0000,4029768.0000) accum=(15700.6494,0.0000,-28995.9824) cMag=25927.4 fMag=55160.4 ld0=2.66002e+06 m78=1.95814e+06 frac=0.263862 grounded=0x40800000 linTerm=8.33333e-06
spd=2120.428 ctrl=(1308707.8750,0.0000,4023055.0000) accum=(15817.1172,0.0000,-29341.6660) cMag=26354.8 fMag=57021.6 ld0=2.73763e+06 m78=2.05164e+06 frac=0.250578 grounded=0x40800000 linTerm=8.33333e-06
spd=2154.552 ctrl=(1312434.0000,0.0000,4034509.2500) accum=(14282.9033,0.0000,-28912.0059) cMag=25584.7 fMag=53247.2 ld0=2.5757e+06 m78=1.89705e+06 frac=0.263481 grounded=0x40800000 linTerm=1.27157e-12
spd=2144.786 ctrl=(1354204.3750,0.0000,4016731.5000) accum=(15087.1289,0.0000,-29327.2305) cMag=25929.9 fMag=55172.6 ld0=2.66016e+06 m78=1.9581e+06 frac=0.263918 grounded=0x40800000 linTerm=8.33333e-06
spd=2169.280 ctrl=(1399361.6250,0.0000,4008883.2500) accum=(15207.7695,0.0000,-29678.3633) cMag=26357.7 fMag=57037.7 ld0=2.73767e+06 m78=2.0509e+06 frac=0.250858 grounded=0x40800000 linTerm=8.33333e-06
spd=2203.521 ctrl=(1403351.0000,0.0000,4020311.7500) accum=(13693.7559,0.0000,-29222.4375) cMag=25594.3 fMag=53285.8 ld0=2.57671e+06 m78=1.89702e+06 frac=0.26378 grounded=0x40800000 linTerm=1.27157e-12
spd=2193.308 ctrl=(1444835.6250,0.0000,4001442.0000) accum=(14483.8418,0.0000,-29651.5449) cMag=25937.9 fMag=55209.8 ld0=2.66116e+06 m78=1.95841e+06 frac=0.264076 grounded=0x40800000 linTerm=8.33333e-06
spd=2217.479 ctrl=(1489925.0000,0.0000,3992456.0000) accum=(14604.2812,0.0000,-30007.0254) cMag=26364.7 fMag=57073.4 ld0=2.73839e+06 m78=2.05047e+06 frac=0.251212 grounded=0x40800000 linTerm=8.33333e-06
spd=2251.832 ctrl=(1494179.7500,0.0000,4003857.0000) accum=(13108.3682,0.0000,-29524.9004) cMag=25607.3 fMag=53338.9 ld0=2.57821e+06 m78=1.89716e+06 frac=0.264154 grounded=0x40800000 linTerm=1.27157e-12
spd=2241.169 ctrl=(1535348.6250,0.0000,3983900.2500) accum=(13882.0654,0.0000,-29966.6719) cMag=25948.7 fMag=55259.3 ld0=2.66258e+06 m78=1.95889e+06 frac=0.264287 grounded=0x40800000 linTerm=8.33333e-06
spd=2265.008 ctrl=(1580341.0000,0.0000,3973778.5000) accum=(13999.9521,0.0000,-30325.8711) cMag=26373.9 fMag=57118.5 ld0=2.73944e+06 m78=2.05018e+06 frac=0.251605 grounded=0x40800000 linTerm=8.33333e-06
spd=2299.471 ctrl=(1584861.3750,0.0000,3985145.0000) accum=(12521.1240,0.0000,-29817.6699) cMag=25621.8 fMag=53398.7 ld0=2.57993e+06 m78=1.89737e+06 frac=0.264565 grounded=0x40800000 linTerm=1.27157e-12
spd=2288.355 ctrl=(1625684.8750,0.0000,3964107.5000) accum=(13277.3242,0.0000,-30271.2383) cMag=25960.7 fMag=55314.6 ld0=2.66418e+06 m78=1.95945e+06 frac=0.264522 grounded=0x40800000 linTerm=8.33333e-06
spd=2311.858 ctrl=(1670549.2500,0.0000,3952849.7500) accum=(13391.3320,0.0000,-30633.6387) cMag=26383.8 fMag=57167.3 ld0=2.74061e+06 m78=2.04993e+06 frac=0.252016 grounded=0x40800000 linTerm=8.33333e-06
spd=2346.429 ctrl=(1675336.6250,0.0000,3964177.7500) accum=(11929.1318,0.0000,-30099.5371) cMag=25636.8 fMag=53461 ld0=2.58173e+06 m78=1.8976e+06 frac=0.264989 grounded=0x40800000 linTerm=1.27157e-12
spd=2334.855 ctrl=(1715784.8750,0.0000,3942066.0000) accum=(12667.3594,0.0000,-30564.1992) cMag=25973.3 fMag=55372 ld0=2.66585e+06 m78=1.96002e+06 frac=0.264767 grounded=0x40800000 linTerm=8.33333e-06
spd=2358.018 ctrl=(1760489.7500,0.0000,3929670.7500) accum=(12776.7490,0.0000,-30929.5977) cMag=26394 fMag=57217.2 ld0=2.7418e+06 m78=2.04968e+06 frac=0.252435 grounded=0x40800000 linTerm=8.33333e-06
spd=2392.695 ctrl=(1765544.6250,0.0000,3940954.0000) accum=(11331.0498,0.0000,-30369.8965) cMag=25652 fMag=53523.7 ld0=2.58354e+06 m78=1.89784e+06 frac=0.265414 grounded=0x40800000 linTerm=1.27157e-12
spd=2380.662 ctrl=(1805588.1250,0.0000,3917774.0000) accum=(12051.1357,0.0000,-30845.0449) cMag=25985.9 fMag=55429.8 ld0=2.66754e+06 m78=1.96061e+06 frac=0.265012 grounded=0x40800000 linTerm=8.33333e-06
spd=2403.480 ctrl=(1850102.6250,0.0000,3904243.5000) accum=(12155.4766,0.0000,-31213.2559) cMag=26404.1 fMag=57266.5 ld0=2.74297e+06 m78=2.0494e+06 frac=0.252857 grounded=0x40800000 linTerm=8.33333e-06
spd=2438.261 ctrl=(1855425.3750,0.0000,3915476.2500) accum=(10726.3154,0.0000,-30628.0469) cMag=25666.9 fMag=53585.6 ld0=2.58533e+06 m78=1.89807e+06 frac=0.265833 grounded=0x40800000 linTerm=1.27157e-12
spd=2425.767 ctrl=(1895035.0000,0.0000,3891238.0000) accum=(11428.2588,0.0000,-31113.2246) cMag=25998.4 fMag=55486.9 ld0=2.6692e+06 m78=1.96118e+06 frac=0.265254 grounded=0x40800000 linTerm=8.33333e-06
spd=2448.237 ctrl=(1939329.3750,0.0000,3876576.2500) accum=(11527.2656,0.0000,-31484.1660) cMag=26414 fMag=57314.7 ld0=2.7441e+06 m78=2.04909e+06 frac=0.253276 grounded=0x40800000 linTerm=8.33333e-06
spd=2483.120 ctrl=(1944918.7500,0.0000,3887749.2500) accum=(10114.7754,0.0000,-30873.7930) cMag=25681.7 fMag=53646.3 ld0=2.58708e+06 m78=1.89829e+06 frac=0.266245 grounded=0x40800000 linTerm=1.27157e-12
spd=2470.163 ctrl=(1984064.3750,0.0000,3862459.2500) accum=(10798.6533,0.0000,-31368.5410) cMag=26010.7 fMag=55542.9 ld0=2.67082e+06 m78=1.96174e+06 frac=0.265491 grounded=0x40800000 linTerm=8.33333e-06
spd=2492.282 ctrl=(2028108.3750,0.0000,3846671.2500) accum=(10892.1670,0.0000,-31741.9961) cMag=26423.6 fMag=57361.3 ld0=2.74517e+06 m78=2.04874e+06 frac=0.253692 grounded=0x40800000 linTerm=8.33333e-06
spd=2527.266 ctrl=(2033964.3750,0.0000,3857778.0000) accum=(9496.5293,0.0000,-31106.6973) cMag=25696 fMag=53705.4 ld0=2.58878e+06 m78=1.89849e+06 frac=0.266646 grounded=0x40800000 linTerm=1.27157e-12
spd=2513.845 ctrl=(2072616.8750,0.0000,3831446.7500) accum=(10162.4541,0.0000,-31610.6699) cMag=26022.7 fMag=55597.6 ld0=2.67241e+06 m78=1.96229e+06 frac=0.265721 grounded=0x40800000 linTerm=8.33333e-06
spd=2535.611 ctrl=(2116380.2500,0.0000,3814536.5000) accum=(10250.3604,0.0000,-31986.5664) cMag=26432.8 fMag=57406.2 ld0=2.74617e+06 m78=2.04836e+06 frac=0.254105 grounded=0x40800000 linTerm=8.33333e-06
spd=2570.694 ctrl=(2122502.7500,0.0000,3825571.2500) accum=(8871.7793,0.0000,-31326.6328) cMag=25709.9 fMag=53762.8 ld0=2.59043e+06 m78=1.89869e+06 frac=0.267036 grounded=0x40800000 linTerm=1.27157e-12
spd=2556.810 ctrl=(2160634.0000,0.0000,3798210.7500) accum=(9519.9170,0.0000,-31839.3457) cMag=26034.3 fMag=55650.9 ld0=2.67395e+06 m78=1.96283e+06 frac=0.265943 grounded=0x40800000 linTerm=8.33333e-06
spd=2578.220 ctrl=(2204085.7500,0.0000,3780183.7500) accum=(9602.0918,0.0000,-32217.5977) cMag=26441.6 fMag=57449.3 ld0=2.74711e+06 m78=2.04794e+06 frac=0.254513 grounded=0x40800000 linTerm=8.33333e-06
spd=2613.400 ctrl=(2210473.5000,0.0000,3791138.5000) accum=(8240.8203,0.0000,-31533.3535) cMag=25723.5 fMag=53818.6 ld0=2.59203e+06 m78=1.89888e+06 frac=0.267416 grounded=0x40800000 linTerm=1.27157e-12
spd=1303.190 ctrl=(-1541667.7500,0.0000,3661088.0000) accum=(28633.4316,0.0000,-15164.8984) cMag=27144 fMag=46487.8 ld0=2.1938e+06 m78=1.52422e+06 frac=0.305215 grounded=0x40800000 linTerm=8.33333e-06
spd=1331.987 ctrl=(-1510245.7500,0.0000,3683925.2500) accum=(25568.6562,0.0000,-14066.3906) cMag=24680.6 fMag=50093.1 ld0=2.56631e+06 m78=2.06368e+06 frac=0.195857 grounded=0x40800000 linTerm=8.33333e-06
spd=1364.508 ctrl=(-1514254.5000,0.0000,3693704.0000) accum=(24484.8633,0.0000,-14443.8838) cMag=24053.8 fMag=47361.6 ld0=2.44261e+06 m78=1.94169e+06 frac=0.205076 grounded=0x40800000 linTerm=1.27157e-12
spd=1360.666 ctrl=(-1477770.3750,0.0000,3706804.2500) accum=(25831.4707,0.0000,-14091.5576) cMag=24520.8 fMag=49624.6 ld0=2.54182e+06 m78=1.99676e+06 frac=0.214436 grounded=0x40800000 linTerm=8.33333e-06
spd=1389.246 ctrl=(-1444170.6250,0.0000,3729541.2500) accum=(26787.8281,0.0000,-14091.3701) cMag=25144.2 fMag=52034 ld0=2.62028e+06 m78=2.06798e+06 frac=0.210778 grounded=0x40800000 linTerm=8.33333e-06
spd=1421.841 ctrl=(-1448049.0000,0.0000,3739557.0000) accum=(25211.5957,0.0000,-14595.9170) cMag=24364.3 fMag=48672.4 ld0=2.48705e+06 m78=1.95285e+06 frac=0.214792 grounded=0x40800000 linTerm=1.27157e-12
spd=1417.646 ctrl=(-1409552.6250,0.0000,3752395.2500) accum=(26778.0352,0.0000,-14245.5049) cMag=24893.5 fMag=51100.4 ld0=2.57639e+06 m78=1.98947e+06 frac=0.227805 grounded=0x40800000 linTerm=8.33333e-06
spd=1445.980 ctrl=(-1373759.7500,0.0000,3774950.2500) accum=(27809.3066,0.0000,-14271.0205) cMag=25544.1 fMag=53579.4 ld0=2.65058e+06 m78=2.05368e+06 frac=0.225195 grounded=0x40800000 linTerm=8.33333e-06
spd=1478.657 ctrl=(-1377487.0000,0.0000,3785192.0000) accum=(25800.7500,0.0000,-14863.1455) cMag=24632.7 fMag=49721.8 ld0=2.51335e+06 m78=1.94872e+06 frac=0.224653 grounded=0x40800000 linTerm=1.27157e-12
spd=1474.098 ctrl=(-1336973.3750,0.0000,3797678.0000) accum=(27574.0469,0.0000,-14515.5781) cMag=25220.7 fMag=52321.5 ld0=2.59727e+06 m78=1.97266e+06 frac=0.240487 grounded=0x40800000 linTerm=8.33333e-06
spd=1502.183 ctrl=(-1299156.2500,0.0000,3819879.2500) accum=(28684.9219,0.0000,-14561.2021) cMag=25899.4 fMag=54884.5 ld0=2.66988e+06 m78=2.03268e+06 frac=0.238664 grounded=0x40800000 linTerm=8.33333e-06
spd=1534.949 ctrl=(-1302712.8750,0.0000,3830336.2500) accum=(26286.6797,0.0000,-15211.5352) cMag=24871.5 fMag=50613.2 ld0=2.53076e+06 m78=1.93825e+06 frac=0.234124 grounded=0x40800000 linTerm=1.27157e-12
spd=1530.017 ctrl=(-1261137.1250,0.0000,3842069.7500) accum=(28186.6992,0.0000,-14885.1191) cMag=25493.5 fMag=53298.4 ld0=2.60973e+06 m78=1.95323e+06 frac=0.251558 grounded=0x40800000 linTerm=8.33333e-06
spd=1557.851 ctrl=(-1222648.1250,0.0000,3863428.5000) accum=(28822.0801,0.0000,-15030.7773) cMag=26027.6 fMag=55483.2 ld0=2.68907e+06 m78=2.03688e+06 frac=0.242535 grounded=0x40800000 linTerm=8.33333e-06
spd=1590.721 ctrl=(-1226019.2500,0.0000,3874080.5000) accum=(26586.6133,0.0000,-15636.6973) cMag=25055.1 fMag=51267.4 ld0=2.54002e+06 m78=1.92547e+06 frac=0.241948 grounded=0x40800000 linTerm=1.27157e-12
spd=1585.412 ctrl=(-1183984.2500,0.0000,3884853.2500) accum=(28393.0469,0.0000,-15360.0146) cMag=25638.6 fMag=53859.7 ld0=2.61937e+06 m78=1.94417e+06 frac=0.257772 grounded=0x40800000 linTerm=8.33333e-06
spd=1612.996 ctrl=(-1144843.5000,0.0000,3905351.0000) accum=(28727.0664,0.0000,-15571.4629) cMag=26099.3 fMag=55819.4 ld0=2.70068e+06 m78=2.04173e+06 frac=0.243992 grounded=0x40800000 linTerm=8.33333e-06
spd=1645.979 ctrl=(-1148016.0000,0.0000,3916173.0000) accum=(26743.6934,0.0000,-16111.5244) cMag=25197.4 fMag=51752.6 ld0=2.54443e+06 m78=1.91234e+06 frac=0.248421 grounded=0x40800000 linTerm=1.27157e-12
spd=1640.288 ctrl=(-1105544.1250,0.0000,3925967.7500) accum=(28237.7617,0.0000,-15912.1230) cMag=25693.7 fMag=54108 ld0=2.62752e+06 m78=1.94716e+06 frac=0.258936 grounded=0x40800000 linTerm=8.33333e-06
spd=1667.621 ctrl=(-1065771.5000,0.0000,3945583.2500) accum=(28547.8594,0.0000,-16135.8799) cMag=26147.4 fMag=56044.3 ld0=2.70816e+06 m78=2.04455e+06 frac=0.245042 grounded=0x40800000 linTerm=8.33333e-06
spd=1700.723 ctrl=(-1068736.0000,0.0000,3956558.0000) accum=(26817.4570,0.0000,-16615.0527) cMag=25317.1 fMag=52145 ld0=2.54625e+06 m78=1.8991e+06 frac=0.254159 grounded=0x40800000 linTerm=1.27157e-12
spd=1694.642 ctrl=(-1025851.2500,0.0000,3965359.5000) accum=(28020.4883,0.0000,-16477.9258) cMag=25733 fMag=54284.9 ld0=2.63316e+06 m78=1.94913e+06 frac=0.259777 grounded=0x40800000 linTerm=8.33333e-06
spd=1721.717 ctrl=(-985466.3750,0.0000,3984069.0000) accum=(28316.8359,0.0000,-16710.1445) cMag=26182.5 fMag=56208.7 ld0=2.71343e+06 m78=2.04629e+06 frac=0.245867 grounded=0x40800000 linTerm=8.33333e-06
spd=1754.939 ctrl=(-988216.4375,0.0000,3995187.0000) accum=(26731.7793,0.0000,-17138.6855) cMag=25383 fMag=52402.2 ld0=2.55012e+06 m78=1.89236e+06 frac=0.257931 grounded=0x40800000 linTerm=1.27157e-12
spd=1748.463 ctrl=(-944942.8125,0.0000,4002978.2500) accum=(27763.2598,0.0000,-17048.3730) cMag=25763.5 fMag=54422.3 ld0=2.63745e+06 m78=1.95057e+06 frac=0.260434 grounded=0x40800000 linTerm=8.33333e-06
spd=1775.273 ctrl=(-903967.3125,0.0000,4020761.0000) accum=(28051.0664,0.0000,-17287.2051) cMag=26210.2 fMag=56338.8 ld0=2.71747e+06 m78=2.04744e+06 frac=0.246563 grounded=0x40800000 linTerm=8.33333e-06
spd=1808.616 ctrl=(-906496.9375,0.0000,4032012.2500) accum=(26464.6543,0.0000,-17684.6562) cMag=25414.1 fMag=52532.9 ld0=2.55415e+06 m78=1.89318e+06 frac=0.258783 grounded=0x40800000 linTerm=1.27157e-12
spd=1801.737 ctrl=(-862859.5000,0.0000,4038777.2500) accum=(27477.7754,0.0000,-17618.9023) cMag=25789.1 fMag=54537.2 ld0=2.64098e+06 m78=1.95173e+06 frac=0.260981 grounded=0x40800000 linTerm=8.33333e-06
spd=1828.273 ctrl=(-821315.6250,0.0000,4055613.2500) accum=(27759.7285,0.0000,-17863.4277) cMag=26233.5 fMag=56448.7 ld0=2.72079e+06 m78=2.04826e+06 frac=0.247183 grounded=0x40800000 linTerm=8.33333e-06
spd=1861.737 ctrl=(-823619.8125,0.0000,4066991.0000) accum=(26173.6738,0.0000,-18229.3535) cMag=25441.4 fMag=52647.3 ld0=2.55763e+06 m78=1.89383e+06 frac=0.259538 grounded=0x40800000 linTerm=1.27157e-12
spd=1854.447 ctrl=(-779643.8750,0.0000,4072716.5000) accum=(27170.3281,0.0000,-18186.8418) cMag=25811.5 fMag=54638.4 ld0=2.64406e+06 m78=1.95274e+06 frac=0.26146 grounded=0x40800000 linTerm=8.33333e-06
spd=1880.702 ctrl=(-737555.0000,0.0000,4088585.0000) accum=(27447.8145,0.0000,-18436.6719) cMag=26254 fMag=56545.7 ld0=2.72365e+06 m78=2.04885e+06 frac=0.247755 grounded=0x40800000 linTerm=8.33333e-06
spd=1914.286 ctrl=(-739629.1875,0.0000,4100083.2500) accum=(25863.1445,0.0000,-18770.9629) cMag=25466.2 fMag=52751.3 ld0=2.56076e+06 m78=1.89438e+06 frac=0.260228 grounded=0x40800000 linTerm=1.27157e-12
spd=1906.578 ctrl=(-695341.0000,0.0000,4104756.0000) accum=(26844.4121,0.0000,-18750.7891) cMag=25832 fMag=54730.8 ld0=2.64685e+06 m78=1.95366e+06 frac=0.261892 grounded=0x40800000 linTerm=8.33333e-06
spd=1932.544 ctrl=(-652730.9375,0.0000,4119638.7500) accum=(27118.0645,0.0000,-19005.6543) cMag=26272.6 fMag=56633.9 ld0=2.72621e+06 m78=2.0493e+06 frac=0.248295 grounded=0x40800000 linTerm=8.33333e-06
spd=1966.247 ctrl=(-654570.8750,0.0000,4131251.7500) accum=(25535.4219,0.0000,-19308.3633) cMag=25489.3 fMag=52847.7 ld0=2.56365e+06 m78=1.89487e+06 frac=0.260871 grounded=0x40800000 linTerm=1.27157e-12
spd=1958.115 ctrl=(-609996.9375,0.0000,4134856.5000) accum=(26502.0176,0.0000,-19309.8242) cMag=25851.1 fMag=54817 ld0=2.64943e+06 m78=1.95451e+06 frac=0.26229 grounded=0x40800000 linTerm=8.33333e-06
spd=1983.783 ctrl=(-566890.3125,0.0000,4148736.7500) accum=(26772.0840,0.0000,-19569.4883) cMag=26289.7 fMag=56715.6 ld0=2.72853e+06 m78=2.04963e+06 frac=0.248813 grounded=0x40800000 linTerm=8.33333e-06
spd=2017.604 ctrl=(-568491.8750,0.0000,4160457.5000) accum=(25192.0098,0.0000,-19840.8633) cMag=25511.1 fMag=52938.5 ld0=2.56636e+06 m78=1.89532e+06 frac=0.261478 grounded=0x40800000 linTerm=1.27157e-12
spd=2009.042 ctrl=(-523659.7812,0.0000,4162984.7500) accum=(26144.3066,0.0000,-19863.1152) cMag=25869 fMag=54898.4 ld0=2.65187e+06 m78=1.95532e+06 frac=0.262663 grounded=0x40800000 linTerm=8.33333e-06
spd=2034.407 ctrl=(-480081.9688,0.0000,4175845.0000) accum=(26410.9160,0.0000,-20127.6406) cMag=26305.7 fMag=56792 ld0=2.73066e+06 m78=2.04987e+06 frac=0.249314 grounded=0x40800000 linTerm=8.33333e-06
spd=2068.344 ctrl=(-481441.3438,0.0000,4187669.2500) accum=(24833.7441,0.0000,-20367.8086) cMag=25531.8 fMag=53024.7 ld0=2.56892e+06 m78=1.89572e+06 frac=0.262055 grounded=0x40800000 linTerm=1.27157e-12
spd=2059.347 ctrl=(-436378.5312,0.0000,4189105.5000) accum=(25772.0586,0.0000,-20410.2383) cMag=25886.1 fMag=54975.9 ld0=2.65418e+06 m78=1.95609e+06 frac=0.263015 grounded=0x40800000 linTerm=8.33333e-06
spd=2084.400 ctrl=(-392355.3438,0.0000,4200931.0000) accum=(26035.1855,0.0000,-20679.5391) cMag=26320.7 fMag=56864 ld0=2.73264e+06 m78=2.05002e+06 frac=0.249801 grounded=0x40800000 linTerm=8.33333e-06
spd=2118.451 ctrl=(-393468.7500,0.0000,4212852.0000) accum=(24461.2559,0.0000,-20888.6855) cMag=25551.5 fMag=53107 ld0=2.57136e+06 m78=1.8961e+06 frac=0.262606 grounded=0x40800000 linTerm=1.27157e-12
spd=2109.014 ctrl=(-348203.5312,0.0000,4213188.0000) accum=(25385.7891,0.0000,-20950.7344) cMag=25902.5 fMag=55050.2 ld0=2.65638e+06 m78=1.95683e+06 frac=0.263348 grounded=0x40800000 linTerm=8.33333e-06
spd=2133.750 ctrl=(-303761.5938,0.0000,4223962.5000) accum=(25645.3652,0.0000,-21224.7148) cMag=26334.9 fMag=56932.2 ld0=2.73448e+06 m78=2.0501e+06 frac=0.250277 grounded=0x40800000 linTerm=8.33333e-06
spd=2167.914 ctrl=(-304625.3750,0.0000,4235973.5000) accum=(24075.0391,0.0000,-21403.0918) cMag=25570.5 fMag=53185.8 ld0=2.57368e+06 m78=1.89645e+06 frac=0.263135 grounded=0x40800000 linTerm=1.27157e-12
spd=2158.031 ctrl=(-259186.2969,0.0000,4235200.0000) accum=(24985.9258,0.0000,-21484.1191) cMag=25918.2 fMag=55121.5 ld0=2.65849e+06 m78=1.95754e+06 frac=0.263666 grounded=0x40800000 linTerm=8.33333e-06
spd=2182.444 ctrl=(-214352.5312,0.0000,4244909.5000) accum=(25241.9219,0.0000,-21762.8438) cMag=26348.4 fMag=56996.9 ld0=2.7362e+06 m78=2.05011e+06 frac=0.250744 grounded=0x40800000 linTerm=8.33333e-06
spd=2216.720 ctrl=(-214963.2812,0.0000,4257004.5000) accum=(23675.4316,0.0000,-21910.5352) cMag=25588.7 fMag=53261.5 ld0=2.5759e+06 m78=1.89678e+06 frac=0.263644 grounded=0x40800000 linTerm=1.27157e-12
spd=2206.388 ctrl=(-169379.4688,0.0000,4255112.5000) accum=(24572.7988,0.0000,-22010.0410) cMag=25933.3 fMag=55190.3 ld0=2.66052e+06 m78=1.95822e+06 frac=0.263969 grounded=0x40800000 linTerm=8.33333e-06
spd=2230.472 ctrl=(-124181.2734,0.0000,4263744.5000) accum=(24825.0801,0.0000,-22293.3945) cMag=26361.1 fMag=57058.4 ld0=2.7378e+06 m78=2.05006e+06 frac=0.251201 grounded=0x40800000 linTerm=8.33333e-06
spd=2264.858 ctrl=(-124535.9062,0.0000,4275917.5000) accum=(23262.7852,0.0000,-22410.6875) cMag=25606.3 fMag=53334.3 ld0=2.57803e+06 m78=1.89709e+06 frac=0.264134 grounded=0x40800000 linTerm=1.27157e-12
spd=2254.073 ctrl=(-78836.7422,0.0000,4272900.5000) accum=(24146.7305,0.0000,-22528.1699) cMag=25947.9 fMag=55256.6 ld0=2.66247e+06 m78=1.95889e+06 frac=0.26426 grounded=0x40800000 linTerm=8.33333e-06
spd=2277.823 ctrl=(-33302.1406,0.0000,4280441.5000) accum=(24395.2227,0.0000,-22816.1348) cMag=26373.2 fMag=57117.1 ld0=2.73929e+06 m78=2.04994e+06 frac=0.251651 grounded=0x40800000 linTerm=8.33333e-06
spd=2312.318 ctrl=(-33397.4258,0.0000,4292689.0000) accum=(22837.3750,0.0000,-22903.0957) cMag=25623.1 fMag=53404.4 ld0=2.58008e+06 m78=1.89737e+06 frac=0.264607 grounded=0x40800000 linTerm=1.27157e-12
spd=2301.078 ctrl=(12387.3691,0.0000,4288538.5000) accum=(23707.9473,0.0000,-23038.0273) cMag=25961.9 fMag=55320.6 ld0=2.66435e+06 m78=1.95953e+06 frac=0.264538 grounded=0x40800000 linTerm=8.33333e-06
spd=2324.490 ctrl=(58230.0469,0.0000,4294976.5000) accum=(23952.5859,0.0000,-23330.6660) cMag=26384.8 fMag=57173 ld0=2.74069e+06 m78=2.04978e+06 frac=0.252094 grounded=0x40800000 linTerm=8.33333e-06
spd=2359.091 ctrl=(58396.9883,0.0000,4307290.0000) accum=(22399.5273,0.0000,-23387.5449) cMag=25639.5 fMag=53472 ld0=2.58205e+06 m78=1.89764e+06 frac=0.265064 grounded=0x40800000 linTerm=1.27157e-12
spd=2347.393 ctrl=(104237.5859,0.0000,4302003.5000) accum=(23256.8047,0.0000,-23539.4375) cMag=25975.5 fMag=55382.6 ld0=2.66616e+06 m78=1.96015e+06 frac=0.264805 grounded=0x40800000 linTerm=8.33333e-06
spd=2370.462 ctrl=(150359.4531,0.0000,4307326.0000) accum=(23497.4570,0.0000,-23836.6348) cMag=26395.8 fMag=57226.4 ld0=2.742e+06 m78=2.04956e+06 frac=0.25253 grounded=0x40800000 linTerm=8.33333e-06
spd=2405.168 ctrl=(150791.3750,0.0000,4319699.5000) accum=(21949.5020,0.0000,-23863.6016) cMag=25655.3 fMag=53537.4 ld0=2.58394e+06 m78=1.89789e+06 frac=0.265506 grounded=0x40800000 linTerm=1.27157e-12
spd=2393.010 ctrl=(196657.5469,0.0000,4313269.5000) accum=(22793.5254,0.0000,-24032.0156) cMag=25988.7 fMag=55442.6 ld0=2.66791e+06 m78=1.96075e+06 frac=0.265063 grounded=0x40800000 linTerm=8.33333e-06
spd=2415.734 ctrl=(243029.5469,0.0000,4317470.5000) accum=(23030.1035,0.0000,-24333.6875) cMag=26406.3 fMag=57277.4 ld0=2.74322e+06 m78=2.04929e+06 frac=0.25296 grounded=0x40800000 linTerm=8.33333e-06
spd=2450.543 ctrl=(243729.0156,0.0000,4329897.0000) accum=(21487.5586,0.0000,-24330.9238) cMag=25670.5 fMag=53600.5 ld0=2.58576e+06 m78=1.89812e+06 frac=0.265933 grounded=0x40800000 linTerm=1.27157e-12
spd=2437.923 ctrl=(289590.3438,0.0000,4322319.5000) accum=(22318.3809,0.0000,-24515.3887) cMag=26001.4 fMag=55500.7 ld0=2.6696e+06 m78=1.96133e+06 frac=0.26531 grounded=0x40800000 linTerm=8.33333e-06
spd=2460.298 ctrl=(336183.0938,0.0000,4325390.0000) accum=(22550.7773,0.0000,-24821.5840) cMag=26416.4 fMag=57326.2 ld0=2.74436e+06 m78=2.04898e+06 frac=0.253383 grounded=0x40800000 linTerm=8.33333e-06
spd=2495.209 ctrl=(337152.4688,0.0000,4337862.0000) accum=(21013.9883,0.0000,-24789.2305) cMag=25685.3 fMag=53661.5 ld0=2.58752e+06 m78=1.89834e+06 frac=0.266348 grounded=0x40800000 linTerm=1.27157e-12
spd=2482.125 ctrl=(382978.6250,0.0000,4329137.5000) accum=(21831.6445,0.0000,-24989.3789) cMag=26013.8 fMag=55557.1 ld0=2.67123e+06 m78=1.96189e+06 frac=0.265549 grounded=0x40800000 linTerm=8.33333e-06
spd=2504.149 ctrl=(429762.1562,0.0000,4331066.5000) accum=(22059.7617,0.0000,-25299.9590) cMag=26425.9 fMag=57372.9 ld0=2.74543e+06 m78=2.04863e+06 frac=0.253802 grounded=0x40800000 linTerm=8.33333e-06
spd=2539.160 ctrl=(431003.6875,0.0000,4343579.0000) accum=(20529.0430,0.0000,-25238.2031) cMag=25699.7 fMag=53720.6 ld0=2.58922e+06 m78=1.89855e+06 frac=0.266749 grounded=0x40800000 linTerm=1.27157e-12
spd=2525.613 ctrl=(476764.0625,0.0000,4333704.0000) accum=(21333.5391,0.0000,-25453.5156) cMag=26025.7 fMag=55611.8 ld0=2.67282e+06 m78=1.96244e+06 frac=0.265779 grounded=0x40800000 linTerm=8.33333e-06
spd=2547.282 ctrl=(523708.6875,0.0000,4334487.5000) accum=(21557.3027,0.0000,-25768.5527) cMag=26435.1 fMag=57417.7 ld0=2.74642e+06 m78=2.04824e+06 frac=0.254215 grounded=0x40800000 linTerm=8.33333e-06
spd=2582.391 ctrl=(525224.3750,0.0000,4347032.0000) accum=(20033.0059,0.0000,-25677.5527) cMag=25713.6 fMag=53777.9 ld0=2.59086e+06 m78=1.89874e+06 frac=0.267139 grounded=0x40800000 linTerm=1.27157e-12
spd=2568.381 ctrl=(570888.1250,0.0000,4336006.5000) accum=(20824.3555,0.0000,-25907.6953) cMag=26037.4 fMag=55664.9 ld0=2.67435e+06 m78=1.96297e+06 frac=0.266001 grounded=0x40800000 linTerm=8.33333e-06
spd=2589.694 ctrl=(617963.5000,0.0000,4335637.0000) accum=(21043.6699,0.0000,-26227.0371) cMag=26443.9 fMag=57460.5 ld0=2.74736e+06 m78=2.04782e+06 frac=0.254623 grounded=0x40800000 linTerm=8.33333e-06
spd=2624.900 ctrl=(619755.1875,0.0000,4348207.0000) accum=(19526.1172,0.0000,-26106.9473) cMag=25727 fMag=53833.3 ld0=2.59245e+06 m78=1.89893e+06 frac=0.267516 grounded=0x40800000 linTerm=1.27157e-12
spd=2610.426 ctrl=(665291.5625,0.0000,4336030.0000) accum=(20304.3555,0.0000,-26351.4863) cMag=26048.6 fMag=55716.5 ld0=2.67584e+06 m78=1.96349e+06 frac=0.266216 grounded=0x40800000 linTerm=8.33333e-06
spd=2631.382 ctrl=(712467.7500,0.0000,4334505.0000) accum=(20519.1270,0.0000,-26675.1543) cMag=26452.3 fMag=57501.6 ld0=2.74823e+06 m78=2.04736e+06 frac=0.255025 grounded=0x40800000 linTerm=8.33333e-06
spd=2666.683 ctrl=(714536.7500,0.0000,4347092.0000) accum=(19008.6816,0.0000,-26526.1777) cMag=25740.1 fMag=53887.2 ld0=2.59399e+06 m78=1.8991e+06 frac=0.267883 grounded=0x40800000 linTerm=1.27157e-12
spd=2651.745 ctrl=(759915.1250,0.0000,4333767.0000) accum=(19773.8125,0.0000,-26784.7480) cMag=26059.6 fMag=55766.7 ld0=2.67728e+06 m78=1.96399e+06 frac=0.266424 grounded=0x40800000 linTerm=8.33333e-06
spd=2672.344 ctrl=(807161.3750,0.0000,4331080.0000) accum=(19983.9473,0.0000,-27112.6934) cMag=26460.3 fMag=57541 ld0=2.74904e+06 m78=2.04687e+06 frac=0.255424 grounded=0x40800000 linTerm=8.33333e-06
spd=2707.738 ctrl=(809509.5625,0.0000,4343680.0000) accum=(18480.9434,0.0000,-26934.8867) cMag=25752.8 fMag=53939.3 ld0=2.59547e+06 m78=1.89926e+06 frac=0.268239 grounded=0x40800000 linTerm=1.27157e-12
spd=2692.338 ctrl=(854699.1875,0.0000,4329206.5000) accum=(19232.9727,0.0000,-27207.1250) cMag=26070.3 fMag=55815.5 ld0=2.67868e+06 m78=1.96448e+06 frac=0.266624 grounded=0x40800000 linTerm=8.33333e-06
spd=2712.578 ctrl=(901984.8125,0.0000,4325354.5000) accum=(19438.3770,0.0000,-27539.3125) cMag=26468.1 fMag=57578.9 ld0=2.7498e+06 m78=2.04635e+06 frac=0.255816 grounded=0x40800000 linTerm=8.33333e-06
spd=2748.063 ctrl=(904613.5625,0.0000,4337960.5000) accum=(17943.1953,0.0000,-27332.8887) cMag=25765.1 fMag=53990 ld0=2.59691e+06 m78=1.89942e+06 frac=0.268585 grounded=0x40800000 linTerm=1.27157e-12
spd=2732.203 ctrl=(949583.2500,0.0000,4322341.5000) accum=(18682.1250,0.0000,-27618.4238) cMag=26080.7 fMag=55862.9 ld0=2.68003e+06 m78=1.96495e+06 frac=0.266819 grounded=0x40800000 linTerm=8.33333e-06
spd=2752.083 ctrl=(996878.0000,0.0000,4317323.5000) accum=(18882.7207,0.0000,-27954.8008) cMag=26475.5 fMag=57615.2 ld0=2.75051e+06 m78=2.04581e+06 frac=0.256205 grounded=0x40800000 linTerm=8.33333e-06
spd=2787.658 ctrl=(999788.0625,0.0000,4329926.5000) accum=(17395.6973,0.0000,-27719.8848) cMag=25777.1 fMag=54039.2 ld0=2.5983e+06 m78=1.89956e+06 frac=0.268922 grounded=0x40800000 linTerm=1.27157e-12
spd=2771.339 ctrl=(1044507.8125,0.0000,4313167.0000) accum=(18121.5352,0.0000,-28018.3535) cMag=26090.8 fMag=55909.1 ld0=2.68135e+06 m78=1.96541e+06 frac=0.267007 grounded=0x40800000 linTerm=8.33333e-06
spd=2790.860 ctrl=(1091781.0000,0.0000,4306982.0000) accum=(18317.2168,0.0000,-28358.8457) cMag=26482.6 fMag=57650.1 ld0=2.75116e+06 m78=2.04525e+06 frac=0.256589 grounded=0x40800000 linTerm=8.33333e-06
spd=2826.523 ctrl=(1094973.1250,0.0000,4319575.0000) accum=(16838.7480,0.0000,-28095.6406) cMag=25788.8 fMag=54087.1 ld0=2.59966e+06 m78=1.8997e+06 frac=0.269249 grounded=0x40800000 linTerm=1.27157e-12
spd=2809.748 ctrl=(1139412.7500,0.0000,4301682.0000) accum=(17551.4863,0.0000,-28406.7109) cMag=26100.7 fMag=55954 ld0=2.68263e+06 m78=1.96586e+06 frac=0.26719 grounded=0x40800000 linTerm=8.33333e-06
spd=2828.910 ctrl=(1186633.5000,0.0000,4294328.5000) accum=(17742.1504,0.0000,-28751.2754) cMag=26489.5 fMag=57683.7 ld0=2.75178e+06 m78=2.04466e+06 frac=0.256968 grounded=0x40800000 linTerm=8.33333e-06
spd=2864.660 ctrl=(1190108.6250,0.0000,4306904.5000) accum=(16272.6104,0.0000,-28459.9199) cMag=25800.1 fMag=54133.5 ld0=2.60097e+06 m78=1.89983e+06 frac=0.269568 grounded=0x40800000 linTerm=1.27157e-12
spd=2847.429 ctrl=(1234237.3750,0.0000,4287881.5000) accum=(16972.2441,0.0000,-28783.2480) cMag=26110.2 fMag=55997.8 ld0=2.68388e+06 m78=1.9663e+06 frac=0.267367 grounded=0x40800000 linTerm=8.33333e-06
spd=2866.235 ctrl=(1281375.3750,0.0000,4279361.0000) accum=(17157.8066,0.0000,-29131.8438) cMag=26496 fMag=57715.9 ld0=2.75235e+06 m78=2.04406e+06 frac=0.257342 grounded=0x40800000 linTerm=8.33333e-06
spd=2902.068 ctrl=(1285133.7500,0.0000,4291913.0000) accum=(15697.5664,0.0000,-28812.5137) cMag=25811.1 fMag=54178.7 ld0=2.60224e+06 m78=1.89995e+06 frac=0.269877 grounded=0x40800000 linTerm=1.27157e-12
spd=2884.387 ctrl=(1328922.3750,0.0000,4271769.0000) accum=(16384.1094,0.0000,-29147.7539) cMag=26119.6 fMag=56040.5 ld0=2.68509e+06 m78=1.96672e+06 frac=0.267539 grounded=0x40800000 linTerm=8.33333e-06
spd=2902.835 ctrl=(1375946.8750,0.0000,4262082.5000) accum=(16564.4668,0.0000,-29500.3086) cMag=26502.3 fMag=57747 ld0=2.75288e+06 m78=2.04343e+06 frac=0.257712 grounded=0x40800000 linTerm=8.33333e-06
spd=2938.752 ctrl=(1379988.5000,0.0000,4274602.0000) accum=(15113.9219,0.0000,-29153.1758) cMag=25821.8 fMag=54222.7 ld0=2.60348e+06 m78=1.90007e+06 frac=0.270179 grounded=0x40800000 linTerm=1.27157e-12
spd=2920.623 ctrl=(1423406.6250,0.0000,4253344.5000) accum=(15787.3477,0.0000,-29500.0137) cMag=26128.7 fMag=56082 ld0=2.68627e+06 m78=1.96714e+06 frac=0.267705 grounded=0x40800000 linTerm=8.33333e-06
spd=2938.716 ctrl=(1470287.7500,0.0000,4242495.5000) accum=(15962.4102,0.0000,-29856.4199) cMag=26508.4 fMag=57776.8 ld0=2.75338e+06 m78=2.0428e+06 frac=0.258077 grounded=0x40800000 linTerm=8.33333e-06
spd=2974.714 ctrl=(1474613.3750,0.0000,4254977.0000) accum=(14521.9512,0.0000,-29481.6543) cMag=25832.3 fMag=54265.4 ld0=2.60468e+06 m78=1.90018e+06 frac=0.270472 grounded=0x40800000 linTerm=1.27157e-12
spd=2956.139 ctrl=(1517630.8750,0.0000,4232612.5000) accum=(15182.2451,0.0000,-29839.7246) cMag=26137.5 fMag=56122.5 ld0=2.68741e+06 m78=1.96754e+06 frac=0.267867 grounded=0x40800000 linTerm=8.33333e-06
spd=2973.880 ctrl=(1564338.2500,0.0000,4220604.5000) accum=(15351.9287,0.0000,-30200.0566) cMag=26514.3 fMag=57805.6 ld0=2.75384e+06 m78=2.04214e+06 frac=0.258437 grounded=0x40800000 linTerm=8.33333e-06
spd=3009.957 ctrl=(1568947.2500,0.0000,4233039.5000) accum=(13921.9482,0.0000,-29797.8203) cMag=25842.4 fMag=54307 ld0=2.60584e+06 m78=1.90029e+06 frac=0.270758 grounded=0x40800000 linTerm=1.27157e-12
spd=2990.941 ctrl=(1611535.2500,0.0000,4209578.5000) accum=(14569.1074,0.0000,-30166.8945) cMag=26146.2 fMag=56161.9 ld0=2.68853e+06 m78=1.96794e+06 frac=0.268024 grounded=0x40800000 linTerm=8.33333e-06
spd=3008.330 ctrl=(1658038.7500,0.0000,4196415.5000) accum=(14733.3066,0.0000,-30531.0039) cMag=26519.9 fMag=57833.3 ld0=2.75427e+06 m78=2.04148e+06 frac=0.258793 grounded=0x40800000 linTerm=8.33333e-06
spd=3044.485 ctrl=(1662930.6250,0.0000,4208796.5000) accum=(13314.1973,0.0000,-30101.4551) cMag=25852.4 fMag=54347.5 ld0=2.60698e+06 m78=1.90039e+06 frac=0.271036 grounded=0x40800000 linTerm=1.27157e-12
spd=3025.031 ctrl=(1705060.3750,0.0000,4184250.5000) accum=(13948.2314,0.0000,-30481.1445) cMag=26154.6 fMag=56200.4 ld0=2.68961e+06 m78=1.96832e+06 frac=0.268177 grounded=0x40800000 linTerm=8.33333e-06
spd=3042.071 ctrl=(1751330.0000,0.0000,4169937.2500) accum=(14106.8369,0.0000,-30848.9141) cMag=26525.3 fMag=57859.9 ld0=2.75466e+06 m78=2.04081e+06 frac=0.259144 grounded=0x40800000 linTerm=8.33333e-06
spd=3078.302 ctrl=(1756504.8750,0.0000,4182258.7500) accum=(12699.0195,0.0000,-30392.2676) cMag=25862 fMag=54386.8 ld0=2.60808e+06 m78=1.90049e+06 frac=0.271307 grounded=0x40800000 linTerm=1.27157e-12
spd=3058.416 ctrl=(1798147.8750,0.0000,4156638.2500) accum=(13319.9023,0.0000,-30782.3555) cMag=26162.8 fMag=56237.9 ld0=2.69067e+06 m78=1.96869e+06 frac=0.268325 grounded=0x40800000 linTerm=8.33333e-06
spd=3075.109 ctrl=(1844153.5000,0.0000,4141179.2500) accum=(13472.8164,0.0000,-31153.8320) cMag=26530.6 fMag=57885.6 ld0=2.75503e+06 m78=2.04012e+06 frac=0.259491 grounded=0x40800000 linTerm=8.33333e-06
spd=3111.415 ctrl=(1849610.6250,0.0000,4153433.7500) accum=(12076.6924,0.0000,-30670.1953) cMag=25871.3 fMag=54425.2 ld0=2.60915e+06 m78=1.90058e+06 frac=0.271571 grounded=0x40800000 linTerm=1.27157e-12
spd=3091.100 ctrl=(1890738.0000,0.0000,4126750.5000) accum=(12684.4199,0.0000,-31070.3535) cMag=26170.8 fMag=56274.4 ld0=2.6917e+06 m78=1.96906e+06 frac=0.268469 grounded=0x40800000 linTerm=8.33333e-06
spd=3107.449 ctrl=(1936451.0000,0.0000,4110155.5000) accum=(12831.5498,0.0000,-31445.3730) cMag=26535.6 fMag=57910.4 ld0=2.75537e+06 m78=2.03943e+06 frac=0.259832 grounded=0x40800000 linTerm=8.33333e-06
spd=3143.828 ctrl=(1942188.3750,0.0000,4122333.0000) accum=(11447.5283,0.0000,-30935.0586) cMag=25880.5 fMag=54462.5 ld0=2.61019e+06 m78=1.90066e+06 frac=0.271828 grounded=0x40800000 linTerm=1.27157e-12
spd=3123.089 ctrl=(1982773.6250,0.0000,4094601.5000) accum=(12042.0986,0.0000,-31344.9121) cMag=26178.6 fMag=56310 ld0=2.6927e+06 m78=1.96941e+06 frac=0.268609 grounded=0x40800000 linTerm=8.33333e-06
spd=3139.097 ctrl=(2028164.2500,0.0000,4076876.5000) accum=(12183.3379,0.0000,-31723.4336) cMag=26540.4 fMag=57934.2 ld0=2.75568e+06 m78=2.03874e+06 frac=0.260168 grounded=0x40800000 linTerm=8.33333e-06
spd=3175.547 ctrl=(2034181.6250,0.0000,4088972.5000) accum=(10811.8477,0.0000,-31186.6133) cMag=25889.4 fMag=54498.9 ld0=2.6112e+06 m78=1.90075e+06 frac=0.272079 grounded=0x40800000 linTerm=1.27157e-12
spd=3154.389 ctrl=(2074196.1250,0.0000,4060204.2500) accum=(11393.2344,0.0000,-31605.9199) cMag=26186.2 fMag=56344.8 ld0=2.69367e+06 m78=1.96976e+06 frac=0.268745 grounded=0x40800000 linTerm=8.33333e-06
spd=3170.060 ctrl=(2119236.0000,0.0000,4041359.2500) accum=(11528.4902,0.0000,-31987.8828) cMag=26545.1 fMag=57957.3 ld0=2.75597e+06 m78=2.03804e+06 frac=0.2605 grounded=0x40800000 linTerm=8.33333e-06
spd=3206.580 ctrl=(2125531.0000,0.0000,4053363.7500) accum=(10169.9229,0.0000,-31424.7402) cMag=25898.1 fMag=54534.3 ld0=2.61218e+06 m78=1.90083e+06 frac=0.272323 grounded=0x40800000 linTerm=1.27157e-12
spd=3185.007 ctrl=(2164949.2500,0.0000,4023575.5000) accum=(10738.1367,0.0000,-31853.2305) cMag=26193.6 fMag=56378.7 ld0=2.69462e+06 m78=1.9701e+06 frac=0.268878 grounded=0x40800000 linTerm=8.33333e-06
spd=3200.344 ctrl=(2209608.7500,0.0000,4003618.0000) accum=(10867.3135,0.0000,-32238.5449) cMag=26549.7 fMag=57979.5 ld0=2.75624e+06 m78=2.03733e+06 frac=0.260827 grounded=0x40800000 linTerm=8.33333e-06
spd=3236.932 ctrl=(2216180.5000,0.0000,4015525.5000) accum=(9522.1064,0.0000,-31649.2832) cMag=25906.5 fMag=54568.8 ld0=2.61314e+06 m78=1.9009e+06 frac=0.272561 grounded=0x40800000 linTerm=1.27157e-12
spd=3214.950 ctrl=(2254975.7500,0.0000,3984731.7500) accum=(10077.1348,0.0000,-32086.6719) cMag=26200.9 fMag=56411.7 ld0=2.69555e+06 m78=1.97043e+06 frac=0.269007 grounded=0x40800000 linTerm=8.33333e-06
spd=3229.956 ctrl=(2299227.2500,0.0000,3963672.5000) accum=(10200.1084,0.0000,-32475.1973) cMag=26554 fMag=58000.9 ld0=2.75648e+06 m78=2.03663e+06 frac=0.261149 grounded=0x40800000 linTerm=8.33333e-06
spd=3266.611 ctrl=(2306074.0000,0.0000,3975476.0000) accum=(8868.6904,0.0000,-31860.0703) cMag=25914.8 fMag=54602.3 ld0=2.61407e+06 m78=1.90097e+06 frac=0.272792 grounded=0x40800000 linTerm=1.27157e-12
spd=3244.226 ctrl=(2344219.5000,0.0000,3943692.2500) accum=(9410.5342,0.0000,-32306.0547) cMag=26207.9 fMag=56443.9 ld0=2.69645e+06 m78=1.97075e+06 frac=0.269132 grounded=0x40800000 linTerm=8.33333e-06
spd=3258.904 ctrl=(2388035.0000,0.0000,3921541.7500) accum=(9527.2178,0.0000,-32697.7812) cMag=26558.2 fMag=58021.6 ld0=2.75671e+06 m78=2.03592e+06 frac=0.261466 grounded=0x40800000 linTerm=8.33333e-06
spd=3295.624 ctrl=(2395155.7500,0.0000,3933234.7500) accum=(8210.0098,0.0000,-32056.9863) cMag=25922.8 fMag=54635 ld0=2.61498e+06 m78=1.90105e+06 frac=0.273018 grounded=0x40800000 linTerm=1.27157e-12
spd=3272.842 ctrl=(2432625.2500,0.0000,3900476.7500) accum=(8738.6211,0.0000,-32511.3145) cMag=26214.8 fMag=56475.4 ld0=2.69733e+06 m78=1.97106e+06 frac=0.269254 grounded=0x40800000 linTerm=8.33333e-06
spd=3287.197 ctrl=(2475977.7500,0.0000,3877246.7500) accum=(8848.9229,0.0000,-32906.1367) cMag=26562.3 fMag=58041.6 ld0=2.75691e+06 m78=2.03521e+06 frac=0.261778 grounded=0x40800000 linTerm=8.33333e-06
spd=3323.981 ctrl=(2483369.2500,0.0000,3888821.5000) accum=(7546.3574,0.0000,-32239.9180) cMag=25930.6 fMag=54666.9 ld0=2.61586e+06 m78=1.90111e+06 frac=0.273237 grounded=0x40800000 linTerm=1.27157e-12
spd=3300.805 ctrl=(2520138.2500,0.0000,3855106.7500) accum=(8061.7539,0.0000,-32702.3340) cMag=26221.6 fMag=56506 ld0=2.69818e+06 m78=1.97137e+06 frac=0.269373 grounded=0x40800000 linTerm=8.33333e-06
spd=3314.842 ctrl=(2563000.7500,0.0000,3830810.5000) accum=(8165.5522,0.0000,-33100.0938) cMag=26566.3 fMag=58060.8 ld0=2.7571e+06 m78=2.0345e+06 frac=0.262085 grounded=0x40800000 linTerm=8.33333e-06
spd=3351.687 ctrl=(2570660.2500,0.0000,3842259.0000) accum=(6878.0571,0.0000,-32408.7109) cMag=25938.3 fMag=54698 ld0=2.61672e+06 m78=1.90118e+06 frac=0.273451 grounded=0x40800000 linTerm=1.27157e-12
spd=3328.125 ctrl=(2606705.7500,0.0000,3807607.2500) accum=(7380.2471,0.0000,-32878.9141) cMag=26228.1 fMag=56535.9 ld0=2.69902e+06 m78=1.97166e+06 frac=0.269488 grounded=0x40800000 linTerm=8.33333e-06
spd=3341.848 ctrl=(2649051.5000,0.0000,3782257.0000) accum=(7477.4468,0.0000,-33279.5820) cMag=26570.1 fMag=58079.5 ld0=2.75728e+06 m78=2.0338e+06 frac=0.262387 grounded=0x40800000 linTerm=8.33333e-06
spd=3378.753 ctrl=(2656976.2500,0.0000,3793571.7500) accum=(6205.4648,0.0000,-32563.2480) cMag=25945.7 fMag=54728.2 ld0=2.61756e+06 m78=1.90124e+06 frac=0.27366 grounded=0x40800000 linTerm=1.27157e-12
spd=3354.811 ctrl=(2692273.7500,0.0000,3758001.2500) accum=(6694.4165,0.0000,-33041.0000) cMag=26234.5 fMag=56565.1 ld0=2.69983e+06 m78=1.97195e+06 frac=0.269601 grounded=0x40800000 linTerm=8.33333e-06
spd=3368.222 ctrl=(2734076.5000,0.0000,3731611.0000) accum=(6784.9409,0.0000,-33444.3672) cMag=26573.7 fMag=58097.4 ld0=2.75743e+06 m78=2.0331e+06 frac=0.262684 grounded=0x40800000 linTerm=8.33333e-06
spd=3405.188 ctrl=(2742265.2500,0.0000,3742787.5000) accum=(5528.8882,0.0000,-32703.3867) cMag=25952.9 fMag=54757.6 ld0=2.61837e+06 m78=1.9013e+06 frac=0.273863 grounded=0x40800000 linTerm=1.27157e-12
spd=1696.635 ctrl=(-2658166.0000,0.0000,-3119263.7500) accum=(1393.7107,0.0000,30036.7012) cMag=26884.9 fMag=57105.4 ld0=2.85403e+06 m78=2.5026e+06 frac=0.123136 grounded=0x40800000 linTerm=8.33333e-06
spd=1723.976 ctrl=(-2696785.0000,0.0000,-3097036.7500) accum=(81.9437,0.0000,30360.5840) cMag=25115 fMag=51441.6 ld0=2.55858e+06 m78=1.99642e+06 frac=0.219713 grounded=0x40800000 linTerm=8.33333e-06
spd=1757.472 ctrl=(-2703979.0000,0.0000,-3105298.5000) accum=(1179.7516,0.0000,29234.7930) cMag=24378.8 fMag=48421.4 ld0=2.44866e+06 m78=1.90557e+06 frac=0.221794 grounded=0x40800000 linTerm=1.27157e-12
spd=1751.088 ctrl=(-2735259.7500,0.0000,-3074372.2500) accum=(-220.2530,0.0000,30873.4727) cMag=25063.9 fMag=51368.9 ld0=2.54243e+06 m78=1.92741e+06 frac=0.241901 grounded=0x40800000 linTerm=8.33333e-06
spd=1778.063 ctrl=(-2773361.0000,0.0000,-3051022.2500) accum=(-796.8334,0.0000,31871.9258) cMag=25735 fMag=54065.1 ld0=2.63095e+06 m78=2.00191e+06 frac=0.23909 grounded=0x40800000 linTerm=8.33333e-06
spd=1811.574 ctrl=(-2780902.7500,0.0000,-3059319.0000) accum=(568.2017,0.0000,30508.7930) cMag=24895.4 fMag=50442.3 ld0=2.49968e+06 m78=1.8982e+06 frac=0.240624 grounded=0x40800000 linTerm=1.27157e-12
spd=1804.743 ctrl=(-2811511.2500,0.0000,-3027463.7500) accum=(-581.2858,0.0000,31903.4785) cMag=25473.7 fMag=53079 ld0=2.58824e+06 m78=1.92778e+06 frac=0.255176 grounded=0x40800000 linTerm=8.33333e-06
spd=1831.367 ctrl=(-2849146.0000,0.0000,-3003091.7500) accum=(-716.6584,0.0000,32429.1074) cMag=25979.7 fMag=55245.5 ld0=2.67595e+06 m78=2.02525e+06 frac=0.243167 grounded=0x40800000 linTerm=8.33333e-06
spd=1864.931 ctrl=(-2857008.0000,0.0000,-3011378.5000) accum=(388.6979,0.0000,31413.3223) cMag=25236.8 fMag=51737.8 ld0=2.525e+06 m78=1.8813e+06 frac=0.254932 grounded=0x40800000 linTerm=1.27157e-12
spd=1857.657 ctrl=(-2886951.0000,0.0000,-2978643.5000) accum=(-313.3275,0.0000,32300.5781) cMag=25643.2 fMag=53866.2 ld0=2.61672e+06 m78=1.94079e+06 frac=0.258315 grounded=0x40800000 linTerm=8.33333e-06
spd=1883.954 ctrl=(-2924108.5000,0.0000,-2953275.7500) accum=(-359.0150,0.0000,32755.3184) cMag=26118.5 fMag=55909.1 ld0=2.70036e+06 m78=2.03723e+06 frac=0.245573 grounded=0x40800000 linTerm=8.33333e-06
spd=1917.597 ctrl=(-2932256.2500,0.0000,-2961504.7500) accum=(770.3270,0.0000,31689.6914) cMag=25357.2 fMag=52269.8 ld0=2.54386e+06 m78=1.88824e+06 frac=0.257726 grounded=0x40800000 linTerm=1.27157e-12
spd=1909.887 ctrl=(-2961516.2500,0.0000,-2927911.7500) accum=(140.7320,0.0000,32533.5098) cMag=25742.2 fMag=54322.2 ld0=2.63267e+06 m78=1.94771e+06 frac=0.260176 grounded=0x40800000 linTerm=8.33333e-06
spd=1935.866 ctrl=(-2998169.5000,0.0000,-2901557.5000) accum=(144.5652,0.0000,32949.9492) cMag=26200.3 fMag=56297.3 ld0=2.7141e+06 m78=2.04343e+06 frac=0.247107 grounded=0x40800000 linTerm=8.33333e-06
spd=1969.606 ctrl=(-3006578.2500,0.0000,-2909695.2500) accum=(1272.9541,0.0000,31850.1289) cMag=25431.3 fMag=52593.4 ld0=2.5549e+06 m78=1.89188e+06 frac=0.259511 grounded=0x40800000 linTerm=1.27157e-12
spd=1961.460 ctrl=(-3035130.5000,0.0000,-2875258.7500) accum=(693.1994,0.0000,32670.5332) cMag=25803.3 fMag=54601.2 ld0=2.64209e+06 m78=1.95157e+06 frac=0.261354 grounded=0x40800000 linTerm=8.33333e-06
spd=1987.127 ctrl=(-3071250.5000,0.0000,-2847926.2500) accum=(725.6615,0.0000,33066.0977) cMag=26251.3 fMag=56538 ld0=2.72225e+06 m78=2.04667e+06 frac=0.248169 grounded=0x40800000 linTerm=8.33333e-06
spd=2020.971 ctrl=(-3079903.7500,0.0000,-2855950.2500) accum=(1840.4232,0.0000,31940.7500) cMag=25480.4 fMag=52805.1 ld0=2.56186e+06 m78=1.89387e+06 frac=0.260743 grounded=0x40800000 linTerm=1.27157e-12
spd=2012.388 ctrl=(-3107722.2500,0.0000,-2820685.0000) accum=(1298.3405,0.0000,32748.3223) cMag=25843.7 fMag=54785.2 ld0=2.64808e+06 m78=1.95388e+06 frac=0.262154 grounded=0x40800000 linTerm=8.33333e-06
spd=2037.742 ctrl=(-3143280.0000,0.0000,-2792384.2500) accum=(1348.5437,0.0000,33132.4688) cMag=26285.4 fMag=56699 ld0=2.72742e+06 m78=2.04837e+06 frac=0.24897 grounded=0x40800000 linTerm=8.33333e-06
spd=2071.695 ctrl=(-3152168.0000,0.0000,-2800280.0000) accum=(2443.1521,0.0000,31986.3145) cMag=25515.8 fMag=52955.6 ld0=2.56663e+06 m78=1.89504e+06 frac=0.261664 grounded=0x40800000 linTerm=1.27157e-12
spd=2062.673 ctrl=(-3179226.0000,0.0000,-2764200.0000) accum=(1932.1400,0.0000,32786.9062) cMag=25872.9 fMag=54917.3 ld0=2.65225e+06 m78=1.9554e+06 frac=0.262742 grounded=0x40800000 linTerm=8.33333e-06
spd=2087.711 ctrl=(-3214193.2500,0.0000,-2734941.5000) accum=(1994.4171,0.0000,33164.6875) cMag=26310.1 fMag=56816.1 ld0=2.73099e+06 m78=2.04927e+06 frac=0.249624 grounded=0x40800000 linTerm=8.33333e-06
spd=2121.775 ctrl=(-3223306.7500,0.0000,-2742696.2500) accum=(3065.4680,0.0000,32000.5098) cMag=25543.4 fMag=53072.1 ld0=2.57022e+06 m78=1.89578e+06 frac=0.262404 grounded=0x40800000 linTerm=1.27157e-12
spd=2112.310 ctrl=(-3249581.5000,0.0000,-2705820.5000) accum=(2581.8027,0.0000,32797.1328) cMag=25895.8 fMag=55020.8 ld0=2.65543e+06 m78=1.95651e+06 frac=0.263205 grounded=0x40800000 linTerm=8.33333e-06
spd=2137.027 ctrl=(-3283929.2500,0.0000,-2675615.7500) accum=(2653.2227,0.0000,33171.3359) cMag=26329.5 fMag=56908.3 ld0=2.73366e+06 m78=2.04972e+06 frac=0.250192 grounded=0x40800000 linTerm=8.33333e-06
spd=2171.202 ctrl=(-3293264.0000,0.0000,-2683221.5000) accum=(3698.9458,0.0000,31990.8047) cMag=25566.6 fMag=53169.3 ld0=2.57315e+06 m78=1.89631e+06 frac=0.263038 grounded=0x40800000 linTerm=1.27157e-12
spd=2161.291 ctrl=(-3318729.7500,0.0000,-2645566.5000) accum=(3240.4858,0.0000,32785.0430) cMag=25915 fMag=55107.7 ld0=2.65805e+06 m78=1.9574e+06 frac=0.263595 grounded=0x40800000 linTerm=8.33333e-06
spd=2185.683 ctrl=(-3352430.2500,0.0000,-2614429.7500) accum=(3319.5332,0.0000,33157.1094) cMag=26345.8 fMag=56985.8 ld0=2.73581e+06 m78=2.04991e+06 frac=0.250709 grounded=0x40800000 linTerm=8.33333e-06
spd=2219.968 ctrl=(-3361982.0000,0.0000,-2621878.7500) accum=(4338.9834,0.0000,31961.2344) cMag=25587.1 fMag=53254.7 ld0=2.57569e+06 m78=1.89673e+06 frac=0.263604 grounded=0x40800000 linTerm=1.27157e-12
spd=2209.607 ctrl=(-3386615.0000,0.0000,-2583463.0000) accum=(3904.3391,0.0000,32753.8457) cMag=25932 fMag=55184.8 ld0=2.66035e+06 m78=1.95818e+06 frac=0.263938 grounded=0x40800000 linTerm=8.33333e-06
spd=2233.669 ctrl=(-3419641.7500,0.0000,-2551409.2500) accum=(3990.2173,0.0000,33124.4922) cMag=26360.1 fMag=57054.2 ld0=2.73763e+06 m78=2.04995e+06 frac=0.251195 grounded=0x40800000 linTerm=8.33333e-06
spd=2268.063 ctrl=(-3429406.7500,0.0000,-2558695.0000) accum=(4982.8984,0.0000,31914.0566) cMag=25605.9 fMag=53332.6 ld0=2.57798e+06 m78=1.89707e+06 frac=0.264126 grounded=0x40800000 linTerm=1.27157e-12
spd=2257.249 ctrl=(-3453184.5000,0.0000,-2519538.5000) accum=(4571.1343,0.0000,32705.3047) cMag=25947.5 fMag=55255.5 ld0=2.66243e+06 m78=1.95889e+06 frac=0.26425 grounded=0x40800000 linTerm=8.33333e-06
spd=2280.977 ctrl=(-3485511.2500,0.0000,-2486582.7500) accum=(4663.4585,0.0000,33074.9648) cMag=26373 fMag=57116.4 ld0=2.73925e+06 m78=2.04989e+06 frac=0.25166 grounded=0x40800000 linTerm=8.33333e-06
spd=2315.479 ctrl=(-3495484.7500,0.0000,-2493698.0000) accum=(5629.0884,0.0000,31850.5371) cMag=25623.4 fMag=53405.5 ld0=2.58011e+06 m78=1.89737e+06 frac=0.264616 grounded=0x40800000 linTerm=1.27157e-12
spd=2304.208 ctrl=(-3518384.0000,0.0000,-2453821.0000) accum=(5239.5107,0.0000,32640.5059) cMag=25962.1 fMag=55321.9 ld0=2.66438e+06 m78=1.95955e+06 frac=0.26454 grounded=0x40800000 linTerm=8.33333e-06
spd=2327.598 ctrl=(-3549985.5000,0.0000,-2419980.2500) accum=(5338.1089,0.0000,33009.3281) cMag=26385 fMag=57174.2 ld0=2.7407e+06 m78=2.04974e+06 frac=0.252112 grounded=0x40800000 linTerm=8.33333e-06
spd=2362.206 ctrl=(-3560163.2500,0.0000,-2426918.2500) accum=(6276.5347,0.0000,31771.3984) cMag=25640.1 fMag=53474.6 ld0=2.58212e+06 m78=1.89765e+06 frac=0.265082 grounded=0x40800000 linTerm=1.27157e-12
spd=2350.477 ctrl=(-3582164.0000,0.0000,-2386343.2500) accum=(5908.5854,0.0000,32560.0059) cMag=25976 fMag=55385 ld0=2.66623e+06 m78=1.96018e+06 frac=0.264814 grounded=0x40800000 linTerm=8.33333e-06
spd=2373.524 ctrl=(-3613013.5000,0.0000,-2351634.0000) accum=(6013.3403,0.0000,32928.0430) cMag=26396.2 fMag=57228.6 ld0=2.74204e+06 m78=2.04953e+06 frac=0.252552 grounded=0x40800000 linTerm=8.33333e-06
spd=2408.237 ctrl=(-3623392.2500,0.0000,-2358389.2500) accum=(6924.4507,0.0000,31676.9727) cMag=25656.1 fMag=53540.6 ld0=2.58404e+06 m78=1.8979e+06 frac=0.265528 grounded=0x40800000 linTerm=1.27157e-12
spd=2396.048 ctrl=(-3644472.5000,0.0000,-2317137.5000) accum=(6577.6743,0.0000,32464.1543) cMag=25989.3 fMag=55445.6 ld0=2.668e+06 m78=1.96078e+06 frac=0.265075 grounded=0x40800000 linTerm=8.33333e-06
spd=2418.748 ctrl=(-3674546.0000,0.0000,-2281579.0000) accum=(6688.5156,0.0000,32831.3086) cMag=26406.8 fMag=57280 ld0=2.74327e+06 m78=2.04927e+06 frac=0.252985 grounded=0x40800000 linTerm=8.33333e-06
spd=2453.565 ctrl=(-3685122.0000,0.0000,-2288145.7500) accum=(7572.2632,0.0000,31567.5898) cMag=25671.4 fMag=53604.1 ld0=2.58587e+06 m78=1.89814e+06 frac=0.265958 grounded=0x40800000 linTerm=1.27157e-12
spd=2440.913 ctrl=(-3705259.7500,0.0000,-2246238.5000) accum=(7246.2363,0.0000,32353.1406) cMag=26002.1 fMag=55504.1 ld0=2.6697e+06 m78=1.96136e+06 frac=0.265324 grounded=0x40800000 linTerm=8.33333e-06
spd=2463.265 ctrl=(-3734534.2500,0.0000,-2209850.0000) accum=(7363.1777,0.0000,32719.3887) cMag=26416.9 fMag=57329.1 ld0=2.74442e+06 m78=2.04896e+06 frac=0.25341 grounded=0x40800000 linTerm=8.33333e-06
spd=2498.183 ctrl=(-3745304.5000,0.0000,-2216223.0000) accum=(8219.4092,0.0000,31443.2676) cMag=25686.2 fMag=53665.2 ld0=2.58763e+06 m78=1.89836e+06 frac=0.266373 grounded=0x40800000 linTerm=1.27157e-12
spd=2485.068 ctrl=(-3764481.5000,0.0000,-2173685.5000) accum=(7913.7847,0.0000,32227.0371) cMag=26014.5 fMag=55560.6 ld0=2.67134e+06 m78=1.96193e+06 frac=0.265563 grounded=0x40800000 linTerm=8.33333e-06
spd=2507.068 ctrl=(-3792931.5000,0.0000,-2136485.7500) accum=(8036.8496,0.0000,32592.3164) cMag=26426.5 fMag=57375.8 ld0=2.74549e+06 m78=2.04861e+06 frac=0.253829 grounded=0x40800000 linTerm=8.33333e-06
spd=2542.085 ctrl=(-3803889.2500,0.0000,-2142658.0000) accum=(8865.5430,0.0000,31304.2637) cMag=25700.6 fMag=53724.3 ld0=2.58933e+06 m78=1.89856e+06 frac=0.266774 grounded=0x40800000 linTerm=1.27157e-12
spd=2528.508 ctrl=(-3822087.7500,0.0000,-2099514.5000) accum=(8579.8760,0.0000,32085.9375) cMag=26026.5 fMag=55615.3 ld0=2.67292e+06 m78=1.96247e+06 frac=0.265793 grounded=0x40800000 linTerm=8.33333e-06
spd=2550.153 ctrl=(-3849690.7500,0.0000,-2061523.8750) accum=(8709.0977,0.0000,32450.2324) cMag=26435.7 fMag=57420.5 ld0=2.74649e+06 m78=2.04821e+06 frac=0.254242 grounded=0x40800000 linTerm=8.33333e-06
spd=2585.269 ctrl=(-3860833.7500,0.0000,-2067491.0000) accum=(9510.1855,0.0000,31150.5859) cMag=25714.4 fMag=53781.6 ld0=2.59097e+06 m78=1.89876e+06 frac=0.267164 grounded=0x40800000 linTerm=1.27157e-12
spd=2571.227 ctrl=(-3878033.0000,0.0000,-2023765.2500) accum=(9244.1787,0.0000,31930.0254) cMag=26038.1 fMag=55668.3 ld0=2.67445e+06 m78=1.963e+06 frac=0.266016 grounded=0x40800000 linTerm=8.33333e-06
spd=2592.517 ctrl=(-3904768.2500,0.0000,-1985006.3750) accum=(9379.4971,0.0000,32293.0977) cMag=26444.4 fMag=57463.3 ld0=2.74741e+06 m78=2.04779e+06 frac=0.254649 grounded=0x40800000 linTerm=8.33333e-06
spd=2627.729 ctrl=(-3916090.2500,0.0000,-1990762.0000) accum=(10152.9434,0.0000,30982.3105) cMag=25727.9 fMag=53837 ld0=2.59255e+06 m78=1.89894e+06 frac=0.267541 grounded=0x40800000 linTerm=1.27157e-12
spd=2613.224 ctrl=(-3932273.5000,0.0000,-1946479.6250) accum=(9906.2520,0.0000,31759.2773) cMag=26049.4 fMag=55719.9 ld0=2.67593e+06 m78=1.96352e+06 frac=0.26623 grounded=0x40800000 linTerm=8.33333e-06
spd=2634.156 ctrl=(-3958120.5000,0.0000,-1906974.1250) accum=(10047.7012,0.0000,32121.1465) cMag=26452.8 fMag=57504.3 ld0=2.74828e+06 m78=2.04733e+06 frac=0.255052 grounded=0x40800000 linTerm=8.33333e-06
spd=2669.463 ctrl=(-3969617.2500,0.0000,-1912513.1250) accum=(10793.3594,0.0000,30799.4785) cMag=25740.9 fMag=53890.6 ld0=2.59408e+06 m78=1.89911e+06 frac=0.267907 grounded=0x40800000 linTerm=1.27157e-12
spd=2654.494 ctrl=(-3984768.2500,0.0000,-1867700.1250) accum=(10565.7266,0.0000,31573.8457) cMag=26060.4 fMag=55770 ld0=2.67737e+06 m78=1.96402e+06 frac=0.266437 grounded=0x40800000 linTerm=8.33333e-06
spd=2675.069 ctrl=(-4009703.7500,0.0000,-1827470.5000) accum=(10713.3350,0.0000,31934.3418) cMag=26460.9 fMag=57543.6 ld0=2.74909e+06 m78=2.04684e+06 frac=0.25545 grounded=0x40800000 linTerm=8.33333e-06
spd=2710.469 ctrl=(-4021370.2500,0.0000,-1832787.6250) accum=(11431.1621,0.0000,30602.2285) cMag=25753.6 fMag=53942.8 ld0=2.59557e+06 m78=1.89927e+06 frac=0.268262 grounded=0x40800000 linTerm=1.27157e-12
spd=2695.038 ctrl=(-4035473.7500,0.0000,-1787470.3750) accum=(11222.2100,0.0000,31373.7324) cMag=26071 fMag=55818.7 ld0=2.67877e+06 m78=1.96451e+06 frac=0.266638 grounded=0x40800000 linTerm=8.33333e-06
spd=2715.254 ctrl=(-4059478.2500,0.0000,-1746539.6250) accum=(11376.0000,0.0000,31732.7793) cMag=26468.6 fMag=57581.3 ld0=2.74984e+06 m78=2.04632e+06 frac=0.255843 grounded=0x40800000 linTerm=8.33333e-06
spd=2750.745 ctrl=(-4071310.2500,0.0000,-1751630.2500) accum=(12065.9297,0.0000,30390.6074) cMag=25765.9 fMag=53993.3 ld0=2.597e+06 m78=1.89943e+06 frac=0.268608 grounded=0x40800000 linTerm=1.27157e-12
spd=2734.854 ctrl=(-4084350.7500,0.0000,-1705835.5000) accum=(11875.3789,0.0000,31159.0371) cMag=26081.4 fMag=55866.1 ld0=2.68012e+06 m78=1.96498e+06 frac=0.266832 grounded=0x40800000 linTerm=8.33333e-06
spd=2754.710 ctrl=(-4107404.2500,0.0000,-1664227.2500) accum=(12035.3115,0.0000,31516.5254) cMag=26475.9 fMag=57617.5 ld0=2.75055e+06 m78=2.04577e+06 frac=0.256231 grounded=0x40800000 linTerm=8.33333e-06
spd=2790.291 ctrl=(-4119396.7500,0.0000,-1669086.2500) accum=(12697.3018,0.0000,30164.7422) cMag=25777.9 fMag=54042.5 ld0=2.5984e+06 m78=1.89957e+06 frac=0.268944 grounded=0x40800000 linTerm=1.27157e-12
spd=2773.941 ctrl=(-4131359.0000,0.0000,-1622841.3750) accum=(12524.7871,0.0000,30929.8516) cMag=26091.5 fMag=55912.1 ld0=2.68144e+06 m78=1.96544e+06 frac=0.26702 grounded=0x40800000 linTerm=8.33333e-06
spd=2793.439 ctrl=(-4153446.0000,0.0000,-1580581.0000) accum=(12691.0127,0.0000,31285.7363) cMag=26483.1 fMag=57652.4 ld0=2.75121e+06 m78=2.04521e+06 frac=0.256615 grounded=0x40800000 linTerm=8.33333e-06
spd=2829.108 ctrl=(-4165590.7500,0.0000,-1585202.7500) accum=(13324.8867,0.0000,29924.6328) cMag=25789.5 fMag=54090.3 ld0=2.59975e+06 m78=1.89971e+06 frac=0.269271 grounded=0x40800000 linTerm=1.27157e-12
spd=2812.301 ctrl=(-4176463.2500,0.0000,-1538535.8750) accum=(13170.2080,0.0000,30686.2695) cMag=26101.3 fMag=55957.1 ld0=2.68272e+06 m78=1.96589e+06 frac=0.267202 grounded=0x40800000 linTerm=8.33333e-06
spd=2831.440 ctrl=(-4197563.5000,0.0000,-1495647.6250) accum=(13342.6211,0.0000,31040.3691) cMag=26489.9 fMag=57685.9 ld0=2.75182e+06 m78=2.04462e+06 frac=0.256993 grounded=0x40800000 linTerm=8.33333e-06
spd=2867.195 ctrl=(-4209858.0000,0.0000,-1500028.2500) accum=(13948.3311,0.0000,29670.3984) cMag=25800.8 fMag=54136.6 ld0=2.60105e+06 m78=1.89984e+06 frac=0.269589 grounded=0x40800000 linTerm=1.27157e-12
spd=2849.934 ctrl=(-4219626.5000,0.0000,-1452967.3750) accum=(13811.1699,0.0000,30428.3516) cMag=26110.8 fMag=56000.7 ld0=2.68396e+06 m78=1.96633e+06 frac=0.267379 grounded=0x40800000 linTerm=8.33333e-06
spd=2868.716 ctrl=(-4239723.5000,0.0000,-1409476.8750) accum=(13989.8662,0.0000,30780.6113) cMag=26496.5 fMag=57718 ld0=2.75239e+06 m78=2.04401e+06 frac=0.257367 grounded=0x40800000 linTerm=8.33333e-06
spd=2904.555 ctrl=(-4252160.0000,0.0000,-1413611.3750) accum=(14567.3301,0.0000,29402.1836) cMag=25811.8 fMag=54181.7 ld0=2.60232e+06 m78=1.89996e+06 frac=0.269898 grounded=0x40800000 linTerm=1.27157e-12
spd=2886.844 ctrl=(-4260817.0000,0.0000,-1366185.7500) accum=(14447.4570,0.0000,30156.2500) cMag=26120.2 fMag=56043.3 ld0=2.68517e+06 m78=1.96675e+06 frac=0.26755 grounded=0x40800000 linTerm=8.33333e-06
spd=2905.268 ctrl=(-4279893.0000,0.0000,-1322118.3750) accum=(14632.3721,0.0000,30506.5332) cMag=26502.8 fMag=57749 ld0=2.75292e+06 m78=2.04339e+06 frac=0.257737 grounded=0x40800000 linTerm=8.33333e-06
spd=2941.191 ctrl=(-4292467.5000,0.0000,-1326002.7500) accum=(15181.5107,0.0000,29120.0332) cMag=25822.6 fMag=54225.6 ld0=2.60356e+06 m78=1.90008e+06 frac=0.270199 grounded=0x40800000 linTerm=1.27157e-12
spd=2923.031 ctrl=(-4299998.5000,0.0000,-1278240.5000) accum=(15078.6367,0.0000,29870.0488) cMag=26129.2 fMag=56084.7 ld0=2.68634e+06 m78=1.96717e+06 frac=0.267716 grounded=0x40800000 linTerm=8.33333e-06
spd=2941.101 ctrl=(-4318040.5000,0.0000,-1233623.2500) accum=(15269.8066,0.0000,30218.2617) cMag=26508.8 fMag=57778.8 ld0=2.75341e+06 m78=2.04275e+06 frac=0.258101 grounded=0x40800000 linTerm=8.33333e-06
spd=2977.104 ctrl=(-4330745.5000,0.0000,-1237252.8750) accum=(15790.5322,0.0000,28824.1133) cMag=25833 fMag=54268.2 ld0=2.60476e+06 m78=1.90019e+06 frac=0.270492 grounded=0x40800000 linTerm=1.27157e-12
spd=2958.500 ctrl=(-4337140.5000,0.0000,-1189183.1250) accum=(15704.4365,0.0000,29569.8926) cMag=26138.1 fMag=56125.2 ld0=2.68749e+06 m78=1.96757e+06 frac=0.267878 grounded=0x40800000 linTerm=8.33333e-06
spd=2976.216 ctrl=(-4354134.5000,0.0000,-1144042.8750) accum=(15901.7871,0.0000,29915.8594) cMag=26514.6 fMag=57807.4 ld0=2.75387e+06 m78=2.0421e+06 frac=0.258461 grounded=0x40800000 linTerm=8.33333e-06
spd=3012.299 ctrl=(-4366964.0000,0.0000,-1147413.7500) accum=(16393.9980,0.0000,28514.5156) cMag=25843.1 fMag=54309.7 ld0=2.60592e+06 m78=1.9003e+06 frac=0.270777 grounded=0x40800000 linTerm=1.27157e-12
spd=2993.253 ctrl=(-4372215.5000,0.0000,-1099066.3750) accum=(16324.3896,0.0000,29255.8398) cMag=26146.7 fMag=56164.5 ld0=2.6886e+06 m78=1.96796e+06 frac=0.268034 grounded=0x40800000 linTerm=8.33333e-06
spd=3010.619 ctrl=(-4388145.5000,0.0000,-1053429.3750) accum=(16528.0684,0.0000,29599.5410) cMag=26520.3 fMag=57835.1 ld0=2.75429e+06 m78=2.04143e+06 frac=0.258817 grounded=0x40800000 linTerm=8.33333e-06
spd=3046.779 ctrl=(-4401094.0000,0.0000,-1056537.8750) accum=(16991.7109,0.0000,28191.3984) cMag=25853 fMag=54350.1 ld0=2.60705e+06 m78=1.9004e+06 frac=0.271055 grounded=0x40800000 linTerm=1.27157e-12
spd=3027.296 ctrl=(-4405193.5000,0.0000,-1007942.2500) accum=(16938.3496,0.0000,28928.0859) cMag=26155.1 fMag=56202.9 ld0=2.68968e+06 m78=1.96835e+06 frac=0.268187 grounded=0x40800000 linTerm=8.33333e-06
spd=3044.313 ctrl=(-4420049.5000,0.0000,-961836.8125) accum=(17148.2148,0.0000,29269.2988) cMag=26525.7 fMag=57861.6 ld0=2.75469e+06 m78=2.04076e+06 frac=0.259167 grounded=0x40800000 linTerm=8.33333e-06
spd=3080.550 ctrl=(-4433110.5000,0.0000,-964679.0625) accum=(17583.1934,0.0000,27854.8105) cMag=25862.6 fMag=54389.4 ld0=2.60815e+06 m78=1.90049e+06 frac=0.271325 grounded=0x40800000 linTerm=1.27157e-12
spd=3060.635 ctrl=(-4436050.0000,0.0000,-915865.1875) accum=(17545.8906,0.0000,28586.7383) cMag=26163.3 fMag=56240.3 ld0=2.69074e+06 m78=1.96872e+06 frac=0.268335 grounded=0x40800000 linTerm=8.33333e-06
spd=3077.304 ctrl=(-4449815.5000,0.0000,-869318.1250) accum=(17762.0312,0.0000,28925.4141) cMag=26530.9 fMag=57887.3 ld0=2.75505e+06 m78=2.04008e+06 frac=0.259513 grounded=0x40800000 linTerm=8.33333e-06
spd=3113.615 ctrl=(-4462984.0000,0.0000,-871890.7500) accum=(18168.2578,0.0000,27505.0312) cMag=25872 fMag=54427.7 ld0=2.60922e+06 m78=1.90058e+06 frac=0.271589 grounded=0x40800000 linTerm=1.27157e-12
spd=3093.271 ctrl=(-4464759.0000,0.0000,-822888.6875) accum=(18146.6523,0.0000,28231.9355) cMag=26171.3 fMag=56276.8 ld0=2.69176e+06 m78=1.96908e+06 frac=0.268478 grounded=0x40800000 linTerm=8.33333e-06
spd=3109.598 ctrl=(-4477426.0000,0.0000,-775928.9375) accum=(18369.0859,0.0000,28567.9414) cMag=26535.9 fMag=57912 ld0=2.75539e+06 m78=2.03939e+06 frac=0.259854 grounded=0x40800000 linTerm=8.33333e-06
spd=3145.981 ctrl=(-4490692.0000,0.0000,-778228.0000) accum=(18746.4844,0.0000,27142.1074) cMag=25881.1 fMag=54465 ld0=2.61026e+06 m78=1.90067e+06 frac=0.271845 grounded=0x40800000 linTerm=1.27157e-12
spd=3125.214 ctrl=(-4491296.5000,0.0000,-729067.9375) accum=(18740.4512,0.0000,27863.8594) cMag=26179.1 fMag=56312.4 ld0=2.69276e+06 m78=1.96944e+06 frac=0.268619 grounded=0x40800000 linTerm=8.33333e-06
spd=3141.200 ctrl=(-4502853.0000,0.0000,-681723.3750) accum=(18969.0898,0.0000,28197.0293) cMag=26540.8 fMag=57935.8 ld0=2.7557e+06 m78=2.03869e+06 frac=0.260191 grounded=0x40800000 linTerm=8.33333e-06
spd=3177.655 ctrl=(-4516213.5000,0.0000,-683746.1875) accum=(19317.5898,0.0000,26766.1875) cMag=25890 fMag=54501.3 ld0=2.61126e+06 m78=1.90075e+06 frac=0.272095 grounded=0x40800000 linTerm=1.27157e-12
spd=3156.468 ctrl=(-4515643.0000,0.0000,-634458.4375) accum=(19326.8496,0.0000,27482.6055) cMag=26186.7 fMag=56347.1 ld0=2.69374e+06 m78=1.96978e+06 frac=0.268754 grounded=0x40800000 linTerm=8.33333e-06
spd=3172.116 ctrl=(-4526080.0000,0.0000,-586757.6875) accum=(19561.7305,0.0000,27812.8457) cMag=26545.4 fMag=57958.7 ld0=2.75599e+06 m78=2.03799e+06 frac=0.260522 grounded=0x40800000 linTerm=8.33333e-06
spd=3208.641 ctrl=(-4539526.5000,0.0000,-588500.8750) accum=(19881.3125,0.0000,26377.4941) cMag=25898.7 fMag=54536.6 ld0=2.61225e+06 m78=1.90083e+06 frac=0.272339 grounded=0x40800000 linTerm=1.27157e-12
spd=3187.041 ctrl=(-4537776.5000,0.0000,-539115.6250) accum=(19905.6406,0.0000,27088.3926) cMag=26194.1 fMag=56380.9 ld0=2.69469e+06 m78=1.97012e+06 frac=0.268887 grounded=0x40800000 linTerm=8.33333e-06
spd=3202.355 ctrl=(-4547086.5000,0.0000,-491087.4688) accum=(20146.7480,0.0000,27415.5586) cMag=26549.9 fMag=57980.9 ld0=2.75625e+06 m78=2.03729e+06 frac=0.260849 grounded=0x40800000 linTerm=8.33333e-06
spd=3238.948 ctrl=(-4560612.5000,0.0000,-492548.2500) accum=(20437.2188,0.0000,25976.1074) cMag=25907.1 fMag=54571 ld0=2.6132e+06 m78=1.90091e+06 frac=0.272576 grounded=0x40800000 linTerm=1.27157e-12
spd=3216.939 ctrl=(-4557680.0000,0.0000,-443096.0000) accum=(20476.4434,0.0000,26681.3613) cMag=26201.4 fMag=56413.9 ld0=2.69561e+06 m78=1.97045e+06 frac=0.269015 grounded=0x40800000 linTerm=8.33333e-06
spd=3231.923 ctrl=(-4565852.5000,0.0000,-394768.9062) accum=(20723.7773,0.0000,27005.3262) cMag=26554.3 fMag=58002.3 ld0=2.7565e+06 m78=2.03658e+06 frac=0.26117 grounded=0x40800000 linTerm=8.33333e-06
spd=3268.583 ctrl=(-4579451.0000,0.0000,-395944.6250) accum=(20985.1387,0.0000,25562.2891) cMag=25915.3 fMag=54604.5 ld0=2.61413e+06 m78=1.90098e+06 frac=0.272807 grounded=0x40800000 linTerm=1.27157e-12
spd=3253.448 ctrl=(-4595109.5000,0.0000,-347953.2188) accum=(21056.4863,-207.6372,26077.6699) cMag=26233 fMag=56590.1 ld0=2.70967e+06 m78=1.99714e+06 frac=0.262959 grounded=0x40800000 linTerm=8.33333e-06
spd=3275.491 ctrl=(-4604713.5000,0.0000,-299311.8125) accum=(-237164.9688,-321.6505,74688.0625) cMag=241743 fMag=278081 ld0=7.43908e+06 m78=5.57913e+06 frac=0.250023 grounded=0x40800000 linTerm=8.33333e-06
spd=3321.811 ctrl=(-4621573.5000,-0.0003,-300407.7500) accum=(-224125.0469,-485.7294,68199.8359) cMag=227289 fMag=260490 ld0=7.14964e+06 m78=5.16054e+06 frac=0.278209 grounded=0x40800000 linTerm=1.27157e-12
spd=3306.049 ctrl=(-4618648.5000,-1977.1902,-255053.2500) accum=(-230079.2969,-528.8504,72865.8125) cMag=234140 fMag=268751 ld0=7.30319e+06 m78=5.30582e+06 frac=0.273492 grounded=0x40800000 linTerm=8.33333e-06
spd=3329.559 ctrl=(-4627766.0000,-3870.9661,-210347.8438) accum=(-238446.6250,-572.4204,76639.1953) cMag=242502 fMag=278810 ld0=7.53235e+06 m78=5.38775e+06 frac=0.284719 grounded=0x40800000 linTerm=8.33333e-06
spd=3376.191 ctrl=(-4644466.5000,-3884.9353,-211106.7188) accum=(-224659.4844,-719.2545,70213.3125) cMag=227557 fMag=260693 ld0=7.22051e+06 m78=4.9926e+06 frac=0.308553 grounded=0x40800000 linTerm=1.27157e-12
spd=3359.762 ctrl=(-4640393.0000,-5685.5801,-165625.9062) accum=(-230036.2500,-676.0281,75364.0156) cMag=234152 fMag=268675 ld0=7.35896e+06 m78=5.16261e+06 frac=0.298459 grounded=0x40800000 linTerm=8.33333e-06
spd=3382.765 ctrl=(-4648323.0000,-7411.7466,-120563.6875) accum=(-237900.5469,-656.1528,79661.6250) cMag=242331 fMag=278544 ld0=7.57392e+06 m78=5.26799e+06 frac=0.304456 grounded=0x40800000 linTerm=8.33333e-06
spd=3429.616 ctrl=(-4664970.0000,-7438.2896,-120995.4531) accum=(-224364.5000,-786.0692,73356.1953) cMag=227762 fMag=260895 ld0=7.2626e+06 m78=4.90186e+06 frac=0.325054 grounded=0x40800000 linTerm=1.27157e-12
spd=3412.480 ctrl=(-4659798.0000,-9060.2266,-75423.6406) accum=(-229371.8906,-673.1747,78808.9062) cMag=234216 fMag=268722 ld0=7.39215e+06 m78=5.08513e+06 frac=0.312091 grounded=0x40800000 linTerm=8.33333e-06
spd=3434.927 ctrl=(-4666563.5000,-10615.6602,-30040.6367) accum=(-236802.4062,-602.3246,83417.8203) cMag=242181 fMag=278347 ld0=7.596e+06 m78=5.20095e+06 frac=0.315304 grounded=0x40800000 linTerm=8.33333e-06
spd=3481.955 ctrl=(-4683230.0000,-10653.5742,-30147.9258) accum=(-223554.3281,-711.5126,77039.9766) cMag=227891 fMag=261028 ld0=7.28734e+06 m78=4.84981e+06 frac=0.334489 grounded=0x40800000 linTerm=1.27157e-12
spd=3471.562 ctrl=(-4697104.5000,-12146.9707,15550.4688) accum=(-231282.7812,-757.8229,83648.7344) cMag=237289 fMag=272387 ld0=7.49351e+06 m78=5.10786e+06 frac=0.318363 grounded=0x40800000 linTerm=8.33333e-06
spd=3500.990 ctrl=(-4705034.0000,-13541.3672,61447.6445) accum=(-154772.9688,-3263.5410,-83511.0312) cMag=169102 fMag=248732 ld0=1.61547e+07 m78=1.12055e+07 frac=0.306363 grounded=0x40800000 linTerm=8.33333e-06
spd=3555.459 ctrl=(-4723843.5000,-13595.5010,61693.2227) accum=(-155597.0781,-3330.6379,-89534.0703) cMag=173233 fMag=253307 ld0=1.61669e+07 m78=1.14798e+07 frac=0.289921 grounded=0x40800000 linTerm=1.27157e-12
spd=3544.034 ctrl=(-4718810.5000,-14868.4941,107647.1953) accum=(-157237.8281,-3699.9180,-85519.4062) cMag=172396 fMag=252902 ld0=1.62806e+07 m78=1.1428e+07 frac=0.298059 grounded=0x40800000 linTerm=8.33333e-06
spd=3572.221 ctrl=(-4725139.5000,-16087.2773,153896.1406) accum=(-158908.3281,-4058.6199,-78396.6953) cMag=169683 fMag=249760 ld0=1.62573e+07 m78=1.10411e+07 frac=0.320853 grounded=0x40800000 linTerm=8.33333e-06
spd=3626.886 ctrl=(-4744077.5000,-16151.7539,154512.9688) accum=(-159500.2500,-4050.1299,-84804.7422) cMag=173763 fMag=254224 ld0=1.62577e+07 m78=1.13453e+07 frac=0.302156 grounded=0x40800000 linTerm=1.27157e-12
spd=3614.406 ctrl=(-4737911.0000,-17242.3887,200573.0625) accum=(-160769.2812,-4356.8101,-80923.5781) cMag=172868 fMag=253738 ld0=1.63643e+07 m78=1.13155e+07 frac=0.308528 grounded=0x40800000 linTerm=8.33333e-06
spd=3626.645 ctrl=(-4702535.5000,-18127.3145,245031.2500) accum=(-164987.2344,-4254.0161,-78655.9453) cMag=175069 fMag=257294 ld0=1.66077e+07 m78=1.13455e+07 frac=0.316852 grounded=0x40800000 linTerm=8.33333e-06
spd=3666.021 ctrl=(-4717075.0000,-18183.3613,245788.8594) accum=(-162647.2656,-3907.8123,-80361.3984) cMag=174112 fMag=254987 ld0=1.63291e+07 m78=1.12641e+07 frac=0.310185 grounded=0x40800000 linTerm=1.27157e-12
spd=3637.930 ctrl=(-4705062.5000,-19061.6172,291192.1875) accum=(-166611.7500,-3873.3494,-81115.9375) cMag=178059 fMag=261079 ld0=1.67003e+07 m78=1.1632e+07 frac=0.303487 grounded=0x40800000 linTerm=8.33333e-06
spd=3649.682 ctrl=(-4704570.5000,-19894.4785,337243.5625) accum=(-168129.1406,-3803.6934,-74699.8047) cMag=175918 fMag=258751 ld0=1.67097e+07 m78=1.13279e+07 frac=0.322075 grounded=0x40800000 linTerm=8.33333e-06
spd=3689.156 ctrl=(-4719002.0000,-19955.5059,338278.1875) accum=(-165230.0938,-3692.1384,-76275.7266) cMag=174389 fMag=255606 ld0=1.63853e+07 m78=1.12177e+07 frac=0.315382 grounded=0x40800000 linTerm=1.27157e-12
spd=3660.737 ctrl=(-4705667.5000,-20644.5215,383481.1562) accum=(-169254.3438,-3694.0977,-77216.1875) cMag=178542 fMag=261975 ld0=1.67719e+07 m78=1.16146e+07 frac=0.307497 grounded=0x40800000 linTerm=8.33333e-06
spd=3672.208 ctrl=(-4704213.0000,-21293.6367,429582.0312) accum=(22738.7891,240.7388,17747.1016) cMag=25113.4 fMag=58884.5 ld0=3.42378e+06 m78=2.99356e+06 frac=0.125656 grounded=0x40800000 linTerm=8.33333e-06
spd=3710.072 ctrl=(-4718168.0000,-21356.8008,430856.3750) accum=(23143.0645,236.0242,17100.0254) cMag=24849.9 fMag=55333.9 ld0=3.15675e+06 m78=2.69666e+06 frac=0.14575 grounded=0x40800000 linTerm=1.27157e-12
spd=3681.327 ctrl=(-4702984.0000,-21308.8320,480112.6875) accum=(23453.2812,217.6393,18016.8379) cMag=25085 fMag=56689 ld0=3.1644e+06 m78=2.65934e+06 frac=0.159608 grounded=0x40800000 linTerm=8.33333e-06
spd=3690.846 ctrl=(-4699291.0000,-21315.3184,530449.2500) accum=(24151.1406,213.9467,19439.9219) cMag=25675.8 fMag=58431.9 ld0=3.12503e+06 m78=2.55722e+06 frac=0.181698 grounded=0x40800000 linTerm=8.33333e-06
spd=3728.664 ctrl=(-4713315.0000,-21378.9258,532032.2500) accum=(24405.9219,207.6457,18516.2285) cMag=25324.7 fMag=55151.9 ld0=2.92181e+06 m78=2.34229e+06 frac=0.198343 grounded=0x40800000 linTerm=1.27157e-12
spd=3699.590 ctrl=(-4696930.0000,-21330.2949,580993.0625) accum=(24755.8809,244.5707,19572.1699) cMag=25666.3 fMag=56927.7 ld0=2.95519e+06 m78=2.33759e+06 frac=0.208986 grounded=0x40800000 linTerm=8.33333e-06
spd=3708.812 ctrl=(-4692146.5000,-21336.7285,631294.0000) accum=(25252.1836,278.1082,20341.6543) cMag=26075.2 fMag=58348 ld0=2.95784e+06 m78=2.31348e+06 frac=0.217848 grounded=0x40800000 linTerm=8.33333e-06
spd=3746.618 ctrl=(-4706252.5000,-21400.8750,633191.8125) accum=(25374.1992,268.8979,19194.8926) cMag=25633.9 fMag=55127.4 ld0=2.7896e+06 m78=2.1436e+06 frac=0.231574 grounded=0x40800000 linTerm=1.27157e-12
spd=3717.239 ctrl=(-4688695.0000,-21351.6855,681831.1250) accum=(25668.3496,302.5031,20061.3613) cMag=25948.2 fMag=56928.4 ld0=2.84467e+06 m78=2.17389e+06 frac=0.235803 grounded=0x40800000 linTerm=8.33333e-06
spd=3726.193 ctrl=(-4682794.0000,-21357.9492,732068.6250) accum=(26097.6074,330.4648,20629.5859) cMag=26311 fMag=58325.3 ld0=2.86655e+06 m78=2.18044e+06 frac=0.239353 grounded=0x40800000 linTerm=8.33333e-06
spd=3764.006 ctrl=(-4696942.0000,-21422.4785,734280.3750) accum=(26125.9668,320.1601,19349.2871) cMag=25815.2 fMag=55133.8 ld0=2.71741e+06 m78=2.03491e+06 frac=0.251157 grounded=0x40800000 linTerm=1.27157e-12
spd=3734.338 ctrl=(-4678235.5000,-21372.8066,782572.3750) accum=(26387.9629,347.9600,20097.0176) cMag=26112.5 fMag=56946.8 ld0=2.78457e+06 m78=2.08469e+06 frac=0.251341 grounded=0x40800000 linTerm=8.33333e-06
spd=3743.043 ctrl=(-4671201.0000,-21378.8262,832717.8750) accum=(26777.3711,370.1560,20543.2656) cMag=26444.7 fMag=58321.2 ld0=2.81798e+06 m78=2.10841e+06 frac=0.251802 grounded=0x40800000 linTerm=8.33333e-06
spd=3780.874 ctrl=(-4685360.5000,-21443.6289,835242.0000) accum=(26740.1016,350.8235,19192.7715) cMag=25920 fMag=55151.1 ld0=2.67859e+06 m78=1.9754e+06 frac=0.262524 grounded=0x40800000 linTerm=1.27157e-12
spd=3750.930 ctrl=(-4665523.5000,-21393.5254,883160.9375) accum=(26986.7715,374.0692,19867.8887) cMag=26207.2 fMag=56969.9 ld0=2.75241e+06 m78=2.03603e+06 frac=0.260274 grounded=0x40800000 linTerm=8.33333e-06
spd=3759.402 ctrl=(-4657351.5000,-21399.2715,933187.0000) accum=(27354.7598,391.8910,20241.8613) cMag=26522.4 fMag=58329.5 ld0=2.79152e+06 m78=2.06866e+06 frac=0.25895 grounded=0x40800000 linTerm=8.33333e-06
spd=3797.257 ctrl=(-4671501.0000,-21464.2832,936022.1250) accum=(27266.2324,369.6054,18851.9902) cMag=25981.5 fMag=55172.2 ld0=2.65747e+06 m78=1.94261e+06 frac=0.269003 grounded=0x40800000 linTerm=1.27157e-12
spd=3767.049 ctrl=(-4650544.5000,-21413.7715,983541.3750) accum=(27508.2754,389.8271,19482.3613) cMag=26262.7 fMag=56993.7 ld0=2.73499e+06 m78=2.00933e+06 frac=0.265324 grounded=0x40800000 linTerm=8.33333e-06
spd=3775.297 ctrl=(-4641232.0000,-21419.2227,1033420.0625) accum=(27865.9297,404.8408,19812.9141) cMag=26567.2 fMag=58341 ld0=2.7771e+06 m78=2.0466e+06 frac=0.263044 grounded=0x40800000 linTerm=8.33333e-06
spd=3813.180 ctrl=(-4655354.0000,-21484.3926,1036564.3750) accum=(27735.4395,380.7503,18403.0371) cMag=26018.2 fMag=55193.6 ld0=2.64608e+06 m78=1.9245e+06 frac=0.272696 grounded=0x40800000 linTerm=1.27157e-12
spd=3782.715 ctrl=(-4633290.0000,-21433.4863,1083657.5000) accum=(27979.2363,399.1116,19004.8711) cMag=26295.7 fMag=57016.1 ld0=2.72564e+06 m78=1.99468e+06 frac=0.268181 grounded=0x40800000 linTerm=8.33333e-06
spd=3790.747 ctrl=(-4622836.5000,-21438.6230,1133360.7500) accum=(28333.2461,412.4059,19308.4590) cMag=26593.4 fMag=58352.9 ld0=2.76921e+06 m78=2.03421e+06 frac=0.265417 grounded=0x40800000 linTerm=8.33333e-06
spd=3828.661 ctrl=(-4636921.0000,-21503.9414,1136813.8750) accum=(28166.0312,387.2624,17889.5117) cMag=26040.7 fMag=55214 ld0=2.64e+06 m78=1.91449e+06 frac=0.274815 grounded=0x40800000 linTerm=1.27157e-12
spd=3797.946 ctrl=(-4613762.5000,-21452.6543,1183454.8750) accum=(28415.2871,404.5225,18472.0312) cMag=26315.9 fMag=57036.7 ld0=2.7207e+06 m78=1.98664e+06 frac=0.269804 grounded=0x40800000 linTerm=8.33333e-06
spd=3805.770 ctrl=(-4602170.5000,-21457.4766,1232955.2500) accum=(28769.5938,416.7802,18757.8711) cMag=26609 fMag=58364.1 ld0=2.76487e+06 m78=2.02713e+06 frac=0.266825 grounded=0x40800000 linTerm=8.33333e-06
spd=3843.714 ctrl=(-4616207.0000,-21522.9199,1236715.6250) accum=(28568.7188,391.0441,17336.1680) cMag=26055.1 fMag=55233.1 ld0=2.63685e+06 m78=1.90895e+06 frac=0.27605 grounded=0x40800000 linTerm=1.27157e-12
spd=3812.757 ctrl=(-4591963.5000,-21471.2559,1282878.2500) accum=(28825.7578,407.6662,17904.5273) cMag=26328.8 fMag=57055.7 ld0=2.71817e+06 m78=1.98226e+06 frac=0.270737 grounded=0x40800000 linTerm=8.33333e-06
spd=3820.378 ctrl=(-4579239.5000,-21475.7715,1332149.0000) accum=(29182.6035,419.2963,18177.7090) cMag=26618.6 fMag=58374.5 ld0=2.76247e+06 m78=2.02298e+06 frac=0.267692 grounded=0x40800000 linTerm=8.33333e-06
spd=3858.354 ctrl=(-4593216.0000,-21541.3203,1336214.8750) accum=(28949.8750,393.2393,16756.9707) cMag=26065 fMag=55250.9 ld0=2.63529e+06 m78=1.90588e+06 frac=0.276787 grounded=0x40800000 linTerm=1.27157e-12
spd=3827.159 ctrl=(-4567903.5000,-21489.3047,1381874.0000) accum=(29215.7891,409.4970,17314.0176) cMag=26337.5 fMag=57073.3 ld0=2.71695e+06 m78=1.97989e+06 frac=0.271284 grounded=0x40800000 linTerm=8.33333e-06
spd=3834.583 ctrl=(-4554053.0000,-21493.5156,1430888.6250) accum=(29576.5078,420.7400,17577.3203) cMag=26624.7 fMag=58384.1 ld0=2.76115e+06 m78=2.02046e+06 frac=0.268254 grounded=0x40800000 linTerm=8.33333e-06
spd=3872.590 ctrl=(-4567962.0000,-21559.1641,1435259.0000) accum=(29312.9922,394.5195,16159.8994) cMag=26072.2 fMag=55267.8 ld0=2.63462e+06 m78=1.90418e+06 frac=0.277246 grounded=0x40800000 linTerm=1.27157e-12
spd=3841.166 ctrl=(-4541592.0000,-21506.7988,1480389.2500) accum=(29588.5078,410.5724,16707.1641) cMag=26343.9 fMag=57089.9 ld0=2.71647e+06 m78=1.97864e+06 frac=0.271614 grounded=0x40800000 linTerm=8.33333e-06
spd=3848.397 ctrl=(-4526619.0000,-21510.6992,1529119.8750) accum=(29953.7070,421.5661,16962.0742) cMag=26628.9 fMag=58393.1 ld0=2.76041e+06 m78=2.01884e+06 frac=0.268646 grounded=0x40800000 linTerm=8.33333e-06
spd=3886.433 ctrl=(-4540453.5000,-21576.4414,1533793.2500) accum=(29660.0879,395.2733,15549.5205) cMag=26077.8 fMag=55283.8 ld0=2.63442e+06 m78=1.90325e+06 frac=0.277547 grounded=0x40800000 linTerm=1.27157e-12
spd=3854.784 ctrl=(-4513038.0000,-21523.7344,1578369.3750) accum=(29945.5391,411.2128,16087.7812) cMag=26348.9 fMag=57105.6 ld0=2.71637e+06 m78=1.978e+06 frac=0.271824 grounded=0x40800000 linTerm=8.33333e-06
spd=3861.827 ctrl=(-4496953.5000,-21527.3457,1626791.1250) accum=(30315.6035,422.0378,16335.0459) cMag=26632 fMag=58401.4 ld0=2.76e+06 m78=2.01773e+06 frac=0.26894 grounded=0x40800000 linTerm=8.33333e-06
spd=3899.893 ctrl=(-4510705.0000,-21593.1797,1631765.8750) accum=(29992.3555,395.7251,14928.4805) cMag=26082.6 fMag=55299.1 ld0=2.63449e+06 m78=1.90274e+06 frac=0.277759 grounded=0x40800000 linTerm=1.27157e-12
spd=3868.025 ctrl=(-4482259.0000,-21540.1387,1675763.3750) accum=(30287.7422,411.6034,15458.1484) cMag=26353.1 fMag=57120.6 ld0=2.7165e+06 m78=1.97771e+06 frac=0.271964 grounded=0x40800000 linTerm=8.33333e-06
spd=3874.886 ctrl=(-4465070.0000,-21543.4629,1723849.6250) accum=(30662.8008,422.3059,15698.1133) cMag=26634.3 fMag=58409.2 ld0=2.75976e+06 m78=2.0169e+06 frac=0.269177 grounded=0x40800000 linTerm=8.33333e-06
spd=3912.980 ctrl=(-4478735.0000,-21609.3965,1729125.3750) accum=(30310.1816,396.0019,14298.4521) cMag=26086.7 fMag=55313.7 ld0=2.63469e+06 m78=1.90246e+06 frac=0.277919 grounded=0x40800000 linTerm=1.27157e-12
spd=3880.899 ctrl=(-4449270.0000,-21556.0195,1772519.0000) accum=(30615.6035,411.8496,14819.6387) cMag=26356.8 fMag=57134.9 ld0=2.71673e+06 m78=1.9776e+06 frac=0.272065 grounded=0x40800000 linTerm=8.33333e-06
spd=3887.580 ctrl=(-4430983.5000,-21559.0566,1820243.8750) accum=(30995.7441,422.4566,15052.4648) cMag=26636.3 fMag=58416.7 ld0=2.75963e+06 m78=2.01623e+06 frac=0.269381 grounded=0x40800000 linTerm=8.33333e-06
spd=3925.702 ctrl=(-4444550.5000,-21625.0625,1825817.1250) accum=(30614.0195,396.1782,13660.4307) cMag=26090.5 fMag=55327.9 ld0=2.63497e+06 m78=1.90232e+06 frac=0.27805 grounded=0x40800000 linTerm=1.27157e-12
spd=3893.412 ctrl=(-4414086.5000,-21571.3809,1868585.0000) accum=(30929.2832,412.0122,14173.1846) cMag=26360.1 fMag=57148.8 ld0=2.71702e+06 m78=1.9776e+06 frac=0.272143 grounded=0x40800000 linTerm=8.33333e-06
spd=3899.920 ctrl=(-4394713.5000,-21574.1406,1915923.3750) accum=(31314.4766,422.5399,14398.8750) cMag=26638 fMag=58423.9 ld0=2.75954e+06 m78=2.01567e+06 frac=0.269564 grounded=0x40800000 linTerm=8.33333e-06
spd=3938.069 ctrl=(-4408177.5000,-21640.2305,1921792.8750) accum=(30903.8711,396.2957,13015.1689) cMag=26094 fMag=55341.5 ld0=2.63529e+06 m78=1.90225e+06 frac=0.278163 grounded=0x40800000 linTerm=1.27157e-12
spd=3905.576 ctrl=(-4376726.5000,-21586.2383,1963910.6250) accum=(31228.8965,412.1254,13519.4219) cMag=26363.2 fMag=57162.2 ld0=2.71734e+06 m78=1.97766e+06 frac=0.272208 grounded=0x40800000 linTerm=8.33333e-06
spd=3911.914 ctrl=(-4356278.0000,-21588.7344,2010837.8750) accum=(31619.1035,422.5841,13737.9287) cMag=26639.6 fMag=58430.8 ld0=2.75949e+06 m78=2.01516e+06 frac=0.269735 grounded=0x40800000 linTerm=8.33333e-06
spd=3950.089 ctrl=(-4369630.0000,-21654.9004,2017001.0000) accum=(31179.7266,396.3784,12363.2021) cMag=26097.4 fMag=55354.7 ld0=2.63561e+06 m78=1.90222e+06 frac=0.278265 grounded=0x40800000 linTerm=1.27157e-12
spd=3917.398 ctrl=(-4337209.0000,-21600.6035,2058445.5000) accum=(31514.4141,412.2097,12858.8574) cMag=26366.2 fMag=57175.2 ld0=2.71767e+06 m78=1.97774e+06 frac=0.272266 grounded=0x40800000 linTerm=8.33333e-06
spd=3923.570 ctrl=(-4315695.0000,-21602.8418,2104936.2500) accum=(31909.4258,422.6046,13070.0771) cMag=26641.1 fMag=58437.4 ld0=2.75945e+06 m78=2.01468e+06 frac=0.269896 grounded=0x40800000 linTerm=8.33333e-06
spd=3961.772 ctrl=(-4328929.5000,-21669.0898,2111391.2500) accum=(31441.5703,396.4400,11704.9277) cMag=26100.6 fMag=55367.5 ld0=2.63595e+06 m78=1.90221e+06 frac=0.278359 grounded=0x40800000 linTerm=1.27157e-12
spd=3928.888 ctrl=(-4295556.0000,-21614.5078,2152141.2500) accum=(31785.6777,412.2758,12191.9189) cMag=26369 fMag=57187.8 ld0=2.718e+06 m78=1.97784e+06 frac=0.272318 grounded=0x40800000 linTerm=8.33333e-06
spd=3934.898 ctrl=(-4272985.5000,-21616.4824,2198170.5000) accum=(32185.4473,422.6115,12395.7676) cMag=26642.5 fMag=58443.7 ld0=2.75941e+06 m78=2.01423e+06 frac=0.27005 grounded=0x40800000 linTerm=8.33333e-06
spd=3973.125 ctrl=(-4286096.0000,-21682.8066,2204915.0000) accum=(31689.2695,396.4889,11040.7871) cMag=26103.7 fMag=55380 ld0=2.63628e+06 m78=1.90221e+06 frac=0.278449 grounded=0x40800000 linTerm=1.27157e-12
spd=3940.052 ctrl=(-4251785.0000,-21627.9336,2244946.5000) accum=(32042.6777,412.3307,11518.9424) cMag=26371.8 fMag=57200 ld0=2.71833e+06 m78=1.97795e+06 frac=0.272367 grounded=0x40800000 linTerm=8.33333e-06
spd=3945.905 ctrl=(-4228172.5000,-21629.6680,2290491.5000) accum=(32447.0781,422.6099,11715.2715) cMag=26643.8 fMag=58449.9 ld0=2.75939e+06 m78=2.0138e+06 frac=0.270199 grounded=0x40800000 linTerm=8.33333e-06
spd=3984.156 ctrl=(-4241150.0000,-21696.0586,2297522.0000) accum=(31922.7617,396.5294,10371.0703) cMag=26106.7 fMag=55392.1 ld0=2.6366e+06 m78=1.90222e+06 frac=0.278534 grounded=0x40800000 linTerm=1.27157e-12
spd=3950.900 ctrl=(-4205920.5000,-21640.9121,2336815.0000) accum=(32285.2773,412.3781,10840.2920) cMag=26374.4 fMag=57211.9 ld0=2.71866e+06 m78=1.97806e+06 frac=0.272413 grounded=0x40800000 linTerm=8.33333e-06
spd=3956.599 ctrl=(-4181277.2500,-21642.4023,2381851.5000) accum=(32694.1387,422.6031,11028.9863) cMag=26645.1 fMag=58455.9 ld0=2.75936e+06 m78=2.01339e+06 frac=0.270343 grounded=0x40800000 linTerm=8.33333e-06
spd=3994.873 ctrl=(-4194117.0000,-21708.8613,2389165.5000) accum=(32141.9609,396.5645,9696.1455) cMag=26109.6 fMag=55403.8 ld0=2.63692e+06 m78=1.90223e+06 frac=0.278616 grounded=0x40800000 linTerm=1.27157e-12
spd=3961.439 ctrl=(-4157987.0000,-21653.4512,2427699.0000) accum=(32513.3262,412.4201,10156.3125) cMag=26377 fMag=57223.4 ld0=2.71897e+06 m78=1.97817e+06 frac=0.272457 grounded=0x40800000 linTerm=8.33333e-06
spd=3966.988 ctrl=(-4132326.5000,-21654.7090,2472203.5000) accum=(32926.5078,422.5927,10337.2656) cMag=26646.3 fMag=58461.6 ld0=2.75934e+06 m78=2.01298e+06 frac=0.270484 grounded=0x40800000 linTerm=8.33333e-06
spd=4005.285 ctrl=(-4145021.0000,-21721.2246,2479798.2500) accum=(32346.7051,396.5955,9016.3350) cMag=26112.4 fMag=55415.2 ld0=2.63723e+06 m78=1.90225e+06 frac=0.278695 grounded=0x40800000 linTerm=1.27157e-12
spd=3971.677 ctrl=(-4108007.2500,-21665.5469,2517550.7500) accum=(32726.7910,412.4582,9467.2998) cMag=26379.5 fMag=57234.6 ld0=2.71928e+06 m78=1.97828e+06 frac=0.2725 grounded=0x40800000 linTerm=8.33333e-06
spd=3977.080 ctrl=(-4081340.2500,-21666.5684,2561499.0000) accum=(33144.1406,422.5799,9640.3799) cMag=26647.5 fMag=58467.2 ld0=2.75931e+06 m78=2.01259e+06 frac=0.27062 grounded=0x40800000 linTerm=8.33333e-06
spd=4015.400 ctrl=(-4093885.0000,-21733.1641,2569372.2500) accum=(32536.8496,396.6227,8331.9756) cMag=26115.1 fMag=55426.2 ld0=2.63753e+06 m78=1.90227e+06 frac=0.278772 grounded=0x40800000 linTerm=1.27157e-12
spd=3981.622 ctrl=(-4056006.2500,-21677.2266,2606323.0000) accum=(32925.5469,412.4931,8773.5928) cMag=26381.9 fMag=57245.5 ld0=2.71958e+06 m78=1.97838e+06 frac=0.272542 grounded=0x40800000 linTerm=8.33333e-06
spd=3986.883 ctrl=(-4028348.5000,-21678.0254,2649693.7500) accum=(33346.8984,422.5652,8938.6777) cMag=26648.6 fMag=58472.6 ld0=2.75929e+06 m78=2.0122e+06 frac=0.270752 grounded=0x40800000 linTerm=8.33333e-06
spd=4025.224 ctrl=(-4040734.0000,-21744.6895,2657840.5000) accum=(32712.4629,396.6474,7643.3501) cMag=26117.8 fMag=55437 ld0=2.63783e+06 m78=1.90228e+06 frac=0.278846 grounded=0x40800000 linTerm=1.27157e-12
spd=3991.282 ctrl=(-4002012.7500,-21688.5137,2693972.7500) accum=(33109.3828,412.5248,8075.5439) cMag=26384.2 fMag=57256 ld0=2.71987e+06 m78=1.97849e+06 frac=0.272581 grounded=0x40800000 linTerm=8.33333e-06
spd=3996.404 ctrl=(-3973376.5000,-21689.0898,2736741.7500) accum=(33534.6797,422.5487,8232.4912) cMag=26649.8 fMag=58477.9 ld0=2.75926e+06 m78=2.01183e+06 frac=0.270881 grounded=0x40800000 linTerm=8.33333e-06
spd=4034.766 ctrl=(-3985598.7500,-21755.8125,2745160.0000) accum=(32873.2344,396.6695,6950.8159) cMag=26120.4 fMag=55447.4 ld0=2.63811e+06 m78=1.9023e+06 frac=0.278918 grounded=0x40800000 linTerm=1.27157e-12
spd=4000.663 ctrl=(-3946050.7500,-21699.3906,2780452.0000) accum=(33278.3984,412.5543,7373.4302) cMag=26386.5 fMag=57266.3 ld0=2.72016e+06 m78=1.97859e+06 frac=0.27262 grounded=0x40800000 linTerm=8.33333e-06
spd=4005.651 ctrl=(-3916453.7500,-21699.7598,2822599.7500) accum=(33707.3281,422.5310,7522.1870) cMag=26650.8 fMag=58482.9 ld0=2.75924e+06 m78=2.01147e+06 frac=0.271007 grounded=0x40800000 linTerm=8.33333e-06
spd=4044.033 ctrl=(-3928505.2500,-21766.5371,2831285.2500) accum=(33019.2656,396.6899,6254.7217) cMag=26122.9 fMag=55457.6 ld0=2.63839e+06 m78=1.90231e+06 frac=0.278988 grounded=0x40800000 linTerm=1.27157e-12
spd=4009.774 ctrl=(-3888151.2500,-21709.8770,2865718.7500) accum=(33432.3984,412.5817,6667.6348) cMag=26388.8 fMag=57276.4 ld0=2.72043e+06 m78=1.97868e+06 frac=0.272658 grounded=0x40800000 linTerm=8.33333e-06
spd=4014.630 ctrl=(-3857605.2500,-21710.0332,2907221.7500) accum=(33864.8320,422.5125,6808.0620) cMag=26651.9 fMag=58487.9 ld0=2.75922e+06 m78=2.01111e+06 frac=0.271129 grounded=0x40800000 linTerm=8.33333e-06
spd=4053.032 ctrl=(-3869481.0000,-21776.8633,2916171.2500) accum=(33150.4336,396.7084,5555.3350) cMag=26125.4 fMag=55467.4 ld0=2.63866e+06 m78=1.90233e+06 frac=0.279057 grounded=0x40800000 linTerm=1.27157e-12
spd=4018.620 ctrl=(-3828341.5000,-21719.9766,2949728.2500) accum=(33571.2422,412.6066,5958.4604) cMag=26390.9 fMag=57286 ld0=2.7207e+06 m78=1.97878e+06 frac=0.272695 grounded=0x40800000 linTerm=8.33333e-06
spd=4023.349 ctrl=(-3796865.0000,-21719.9375,2990567.2500) accum=(34007.0586,422.4930,6090.4570) cMag=26652.9 fMag=58492.6 ld0=2.75919e+06 m78=2.01076e+06 frac=0.271248 grounded=0x40800000 linTerm=8.33333e-06
spd=4061.771 ctrl=(-3808558.5000,-21786.8320,2999777.2500) accum=(33266.5273,396.7247,4853.0630) cMag=26127.7 fMag=55477 ld0=2.63893e+06 m78=1.90234e+06 frac=0.279122 grounded=0x40800000 linTerm=1.27157e-12
spd=4027.211 ctrl=(-3766654.7500,-21729.7188,3032439.5000) accum=(33694.9336,412.6293,5246.2236) cMag=26393 fMag=57295.5 ld0=2.72096e+06 m78=1.97887e+06 frac=0.27273 grounded=0x40800000 linTerm=8.33333e-06
spd=4031.814 ctrl=(-3734261.5000,-21729.4824,3072592.0000) accum=(34133.9219,422.4723,5369.6641) cMag=26653.9 fMag=58497.2 ld0=2.75917e+06 m78=2.01043e+06 frac=0.271364 grounded=0x40800000 linTerm=8.33333e-06
spd=4070.255 ctrl=(-3745766.0000,-21796.4355,3082057.7500) accum=(33367.6797,396.7391,4148.1069) cMag=26130 fMag=55486.3 ld0=2.63918e+06 m78=1.90236e+06 frac=0.279186 grounded=0x40800000 linTerm=1.27157e-12
spd=4035.551 ctrl=(-3703118.7500,-21739.1074,3113809.2500) accum=(33803.3789,412.6499,4531.2607) cMag=26395 fMag=57304.6 ld0=2.72121e+06 m78=1.97896e+06 frac=0.272765 grounded=0x40800000 linTerm=8.33333e-06
spd=4040.033 ctrl=(-3669826.2500,-21738.6797,3153255.0000) accum=(34245.3633,422.4500,4646.0825) cMag=26654.8 fMag=58501.7 ld0=2.75914e+06 m78=2.0101e+06 frac=0.271477 grounded=0x40800000 linTerm=8.33333e-06
spd=4078.492 ctrl=(-3681136.2500,-21805.6699,3162973.2500) accum=(33453.7383,396.7520,3440.9233) cMag=26132.3 fMag=55495.3 ld0=2.63943e+06 m78=1.90237e+06 frac=0.279249 grounded=0x40800000 linTerm=1.27157e-12
spd=4043.648 ctrl=(-3637767.0000,-21748.1328,3193797.2500) accum=(33896.5703,412.6688,3813.9170) cMag=26397 fMag=57313.5 ld0=2.72146e+06 m78=1.97905e+06 frac=0.272798 grounded=0x40800000 linTerm=8.33333e-06
spd=4048.012 ctrl=(-3603591.7500,-21747.5215,3232517.2500) accum=(34341.4102,422.4279,3920.0347) cMag=26655.8 fMag=58506 ld0=2.75912e+06 m78=2.00978e+06 frac=0.271587 grounded=0x40800000 linTerm=8.33333e-06
spd=4086.489 ctrl=(-3614701.2500,-21814.5684,3242483.0000) accum=(33524.6211,396.7631,2731.8013) cMag=26134.4 fMag=55504.1 ld0=2.63967e+06 m78=1.90239e+06 frac=0.279309 grounded=0x40800000 linTerm=1.27157e-12
spd=4051.508 ctrl=(-3570632.0000,-21756.8281,3272362.7500) accum=(33974.3984,412.6856,3094.5278) cMag=26398.9 fMag=57322.2 ld0=2.7217e+06 m78=1.97914e+06 frac=0.272831 grounded=0x40800000 linTerm=8.33333e-06
spd=4055.758 ctrl=(-3535590.7500,-21756.0312,3310336.2500) accum=(34421.8320,422.4042,3191.8386) cMag=26656.7 fMag=58510.2 ld0=2.75909e+06 m78=2.00946e+06 frac=0.271693 grounded=0x40800000 linTerm=8.33333e-06
spd=4094.252 ctrl=(-3546494.2500,-21823.1172,3320545.2500) accum=(33580.3203,396.7726,2021.0653) cMag=26136.5 fMag=55512.6 ld0=2.6399e+06 m78=1.9024e+06 frac=0.279368 grounded=0x40800000 linTerm=1.27157e-12
spd=4059.138 ctrl=(-3501746.5000,-21765.1777,3349466.2500) accum=(34036.8008,412.7005,2373.4424) cMag=26400.8 fMag=57330.5 ld0=2.72193e+06 m78=1.97922e+06 frac=0.272862 grounded=0x40800000 linTerm=8.33333e-06
spd=4063.277 ctrl=(-3465858.2500,-21764.2109,3386675.2500) accum=(34486.7734,422.3803,2461.8296) cMag=26657.6 fMag=58514.3 ld0=2.75907e+06 m78=2.00916e+06 frac=0.271797 grounded=0x40800000 linTerm=8.33333e-06
spd=4101.787 ctrl=(-3476550.7500,-21831.3652,3397123.2500) accum=(33620.7969,396.7799,1309.0341) cMag=26138.5 fMag=55520.8 ld0=2.64013e+06 m78=1.90241e+06 frac=0.279425 grounded=0x40800000 linTerm=1.27157e-12
spd=4066.544 ctrl=(-3431145.5000,-21773.2246,3425068.2500) accum=(34083.8516,412.7137,1650.9275) cMag=26402.6 fMag=57338.7 ld0=2.72216e+06 m78=1.9793e+06 frac=0.272893 grounded=0x40800000 linTerm=8.33333e-06
spd=4070.574 ctrl=(-3394428.0000,-21772.0938,3461494.2500) accum=(34536.0078,422.3548,1730.3730) cMag=26658.4 fMag=58518.2 ld0=2.75904e+06 m78=2.00886e+06 frac=0.271898 grounded=0x40800000 linTerm=8.33333e-06
spd=4109.100 ctrl=(-3404903.0000,-21839.2773,3472176.5000) accum=(33646.0742,396.7864,596.0608) cMag=26140.6 fMag=55528.9 ld0=2.64035e+06 m78=1.90242e+06 frac=0.27948 grounded=0x40800000 linTerm=1.27157e-12
spd=4073.732 ctrl=(-3358864.2500,-21780.9531,3499133.0000) accum=(34115.3555,412.7250,927.4130) cMag=26404.3 fMag=57346.6 ld0=2.72237e+06 m78=1.97938e+06 frac=0.272923 grounded=0x40800000 linTerm=8.33333e-06
spd=4077.656 ctrl=(-3321334.7500,-21779.6543,3534757.0000) accum=(34569.6484,422.3293,997.7864) cMag=26659.2 fMag=58522.1 ld0=2.75902e+06 m78=2.00858e+06 frac=0.271996 grounded=0x40800000 linTerm=8.33333e-06
spd=4116.198 ctrl=(-3331586.7500,-21846.8809,3545667.5000) accum=(33656.0469,396.7908,-117.5265) cMag=26142.5 fMag=55536.7 ld0=2.64056e+06 m78=1.90244e+06 frac=0.279534 grounded=0x40800000 linTerm=1.27157e-12
spd=4080.708 ctrl=(-3284940.2500,-21788.3926,3571623.7500) accum=(34131.4492,412.7347,203.1638) cMag=26406.1 fMag=57354.3 ld0=2.72259e+06 m78=1.97945e+06 frac=0.272952 grounded=0x40800000 linTerm=8.33333e-06
spd=4084.530 ctrl=(-3246616.2500,-21786.9238,3606427.0000) accum=(34587.6445,422.3030,264.4299) cMag=26660 fMag=58525.8 ld0=2.75899e+06 m78=2.00829e+06 frac=0.272092 grounded=0x40800000 linTerm=8.33333e-06
spd=4123.086 ctrl=(-3256640.5000,-21854.2090,3617562.2500) accum=(33650.7422,396.7939,-831.3960) cMag=26144.3 fMag=55544.2 ld0=2.64077e+06 m78=1.90245e+06 frac=0.279586 grounded=0x40800000 linTerm=1.27157e-12
spd=4087.478 ctrl=(-3209406.2500,-21795.5391,3642501.5000) accum=(34132.0273,412.7426,-521.4622) cMag=26407.7 fMag=57361.8 ld0=2.72279e+06 m78=1.97952e+06 frac=0.27298 grounded=0x40800000 linTerm=8.33333e-06
spd=4091.200 ctrl=(-3170308.5000,-21793.9121,3676467.2500) accum=(34589.9023,422.2757,-469.3941) cMag=26660.8 fMag=58529.4 ld0=2.75897e+06 m78=2.00802e+06 frac=0.272185 grounded=0x40800000 linTerm=8.33333e-06
spd=4129.771 ctrl=(-3180101.0000,-21861.2402,3687823.7500) accum=(33630.1680,396.7957,-1545.2294) cMag=26146.2 fMag=55551.6 ld0=2.64097e+06 m78=1.90246e+06 frac=0.279637 grounded=0x40800000 linTerm=1.27157e-12
spd=4094.048 ctrl=(-3132302.5000,-21802.3926,3711733.2500) accum=(34117.1289,412.7492,-1246.1458) cMag=26409.4 fMag=57369 ld0=2.72299e+06 m78=1.9796e+06 frac=0.273007 grounded=0x40800000 linTerm=8.33333e-06
spd=4097.672 ctrl=(-3092450.7500,-21800.6191,3744846.5000) accum=(34576.4414,422.2477,-1203.2842) cMag=26661.5 fMag=58532.8 ld0=2.75895e+06 m78=2.00776e+06 frac=0.272275 grounded=0x40800000 linTerm=8.33333e-06
spd=4136.258 ctrl=(-3102004.5000,-21867.9648,3756415.7500) accum=(33594.3047,396.7961,-2258.6638) cMag=26147.9 fMag=55558.7 ld0=2.64117e+06 m78=1.90247e+06 frac=0.279686 grounded=0x40800000 linTerm=1.27157e-12
spd=4100.422 ctrl=(-3053666.0000,-21808.9590,3779285.2500) accum=(34086.6875,412.7542,-1970.5308) cMag=26410.9 fMag=57376.1 ld0=2.72319e+06 m78=1.97967e+06 frac=0.273033 grounded=0x40800000 linTerm=8.33333e-06
spd=4103.953 ctrl=(-3013079.0000,-21807.0332,3811527.5000) accum=(34547.3242,422.2193,-1936.9391) cMag=26662.3 fMag=58536.2 ld0=2.75892e+06 m78=2.0075e+06 frac=0.272363 grounded=0x40800000 linTerm=8.33333e-06
spd=4142.552 ctrl=(-3022390.2500,-21874.4277,3823306.0000) accum=(33543.1133,396.7950,-2971.3560) cMag=26149.6 fMag=55565.6 ld0=2.64136e+06 m78=1.90248e+06 frac=0.279733 grounded=0x40800000 linTerm=1.27157e-12
spd=4106.608 ctrl=(-2973535.2500,-21815.2598,3845122.2500) accum=(34040.7305,412.7573,-2694.2375) cMag=26412.4 fMag=57382.8 ld0=2.72337e+06 m78=1.97973e+06 frac=0.273059 grounded=0x40800000 linTerm=8.33333e-06
spd=4110.047 ctrl=(-2932235.0000,-21813.1953,3876480.0000) accum=(34502.4336,422.1897,-2669.9858) cMag=26662.9 fMag=58539.4 ld0=2.7589e+06 m78=2.00724e+06 frac=0.272448 grounded=0x40800000 linTerm=8.33333e-06
spd=4148.660 ctrl=(-2941299.5000,-21880.6289,3888463.2500) accum=(33476.6914,396.7927,-3683.0208) cMag=26151.3 fMag=55572.3 ld0=2.64154e+06 m78=1.90249e+06 frac=0.279779 grounded=0x40800000 linTerm=1.27157e-12
spd=4112.610 ctrl=(-2891950.7500,-21821.2949,3909213.5000) accum=(33979.3008,412.7590,-3416.9951) cMag=26413.9 fMag=57389.4 ld0=2.72356e+06 m78=1.9798e+06 frac=0.273083 grounded=0x40800000 linTerm=8.33333e-06
spd=4115.959 ctrl=(-2849956.0000,-21819.0918,3939669.5000) accum=(34441.9609,422.1603,-3402.1606) cMag=26663.6 fMag=58542.6 ld0=2.75888e+06 m78=2.007e+06 frac=0.272531 grounded=0x40800000 linTerm=8.33333e-06
spd=4154.585 ctrl=(-2858767.5000,-21886.5527,3951850.2500) accum=(33395.0625,396.7892,-4393.3154) cMag=26152.9 fMag=55578.8 ld0=2.64172e+06 m78=1.9025e+06 frac=0.279824 grounded=0x40800000 linTerm=1.27157e-12
spd=4118.432 ctrl=(-2808952.0000,-21827.0781,3971528.0000) accum=(33902.4648,412.7599,-4138.4092) cMag=26415.3 fMag=57395.9 ld0=2.72374e+06 m78=1.97986e+06 frac=0.273108 grounded=0x40800000 linTerm=8.33333e-06
spd=4121.695 ctrl=(-2766284.7500,-21824.7441,4001068.2500) accum=(34365.7812,422.1304,-4132.9790) cMag=26664.3 fMag=58545.7 ld0=2.75886e+06 m78=2.00676e+06 frac=0.272611 grounded=0x40800000 linTerm=8.33333e-06
spd=4160.333 ctrl=(-2774839.7500,-21892.2402,4013442.2500) accum=(33298.2227,396.7845,-5101.8594) cMag=26154.5 fMag=55585.2 ld0=2.64189e+06 m78=1.90251e+06 frac=0.279868 grounded=0x40800000 linTerm=1.27157e-12
spd=4124.082 ctrl=(-2724580.5000,-21832.6152,4032034.5000) accum=(33810.1406,412.7587,-4858.2051) cMag=26416.7 fMag=57402.1 ld0=2.72391e+06 m78=1.97992e+06 frac=0.273131 grounded=0x40800000 linTerm=8.33333e-06
spd=4127.260 ctrl=(-2681259.5000,-21830.1367,4060642.0000) accum=(34273.9180,422.0990,-4862.2383) cMag=26664.9 fMag=58548.6 ld0=2.75883e+06 m78=2.00653e+06 frac=0.272689 grounded=0x40800000 linTerm=8.33333e-06
spd=4165.911 ctrl=(-2689552.7500,-21897.6582,4073202.0000) accum=(33186.1797,396.7785,-5808.3735) cMag=26156 fMag=55591.3 ld0=2.64206e+06 m78=1.90252e+06 frac=0.27991 grounded=0x40800000 linTerm=1.27157e-12
spd=4129.561 ctrl=(-2638874.0000,-21837.8906,4090700.5000) accum=(33702.4961,412.7566,-5576.0615) cMag=26418.1 fMag=57408.2 ld0=2.72408e+06 m78=1.97998e+06 frac=0.273154 grounded=0x40800000 linTerm=8.33333e-06
spd=4132.658 ctrl=(-2594923.0000,-21835.2969,4118364.7500) accum=(34166.4961,422.0677,-5589.5605) cMag=26665.5 fMag=58551.5 ld0=2.75881e+06 m78=2.0063e+06 frac=0.272765 grounded=0x40800000 linTerm=8.33333e-06
spd=4171.320 ctrl=(-2602951.5000,-21902.8477,4131106.5000) accum=(33059.0273,396.7713,-6512.5376) cMag=26157.5 fMag=55597.2 ld0=2.64222e+06 m78=1.90253e+06 frac=0.279951 grounded=0x40800000 linTerm=1.27157e-12
spd=4134.876 ctrl=(-2551879.2500,-21842.9434,4147502.5000) accum=(33579.4141,412.7529,-6291.5522) cMag=26419.4 fMag=57414.1 ld0=2.72424e+06 m78=1.98004e+06 frac=0.273176 grounded=0x40800000 linTerm=8.33333e-06
spd=4137.894 ctrl=(-2507317.0000,-21840.2148,4174207.0000) accum=(34043.5273,422.0355,-6314.5781) cMag=26666.1 fMag=58554.2 ld0=2.75879e+06 m78=2.00608e+06 frac=0.272839 grounded=0x40800000 linTerm=8.33333e-06
spd=4176.568 ctrl=(-2515077.5000,-21907.8145,4187127.2500) accum=(32916.8359,396.7634,-7213.9526) cMag=26158.9 fMag=55603 ld0=2.64238e+06 m78=1.90254e+06 frac=0.279991 grounded=0x40800000 linTerm=1.27157e-12
spd=4140.033 ctrl=(-2463634.2500,-21847.7637,4202409.0000) accum=(33441.1250,412.7483,-7004.4282) cMag=26420.7 fMag=57419.8 ld0=2.7244e+06 m78=1.9801e+06 frac=0.273197 grounded=0x40800000 linTerm=8.33333e-06
spd=4142.973 ctrl=(-2418485.5000,-21844.9219,4228144.0000) accum=(33905.0586,422.0030,-7036.9668) cMag=26666.7 fMag=58556.9 ld0=2.75877e+06 m78=2.00587e+06 frac=0.272911 grounded=0x40800000 linTerm=8.33333e-06
spd=4181.658 ctrl=(-2425971.0000,-21912.5352,4241230.5000) accum=(32759.6465,396.7540,-7912.3662) cMag=26160.3 fMag=55608.7 ld0=2.64254e+06 m78=1.90255e+06 frac=0.28003 grounded=0x40800000 linTerm=1.27157e-12
spd=4145.034 ctrl=(-2374184.7500,-21852.3613,4255395.5000) accum=(33287.5273,412.7418,-7714.2783) cMag=26421.9 fMag=57425.3 ld0=2.72455e+06 m78=1.98015e+06 frac=0.273218 grounded=0x40800000 linTerm=8.33333e-06
spd=4147.899 ctrl=(-2328469.7500,-21849.4102,4280147.0000) accum=(33751.1680,421.9702,-7756.4204) cMag=26667.3 fMag=58559.6 ld0=2.75875e+06 m78=2.00566e+06 frac=0.272981 grounded=0x40800000 linTerm=8.33333e-06
spd=4186.595 ctrl=(-2335679.0000,-21917.0508,4293398.5000) accum=(32587.4590,396.7434,-8607.4121) cMag=26161.7 fMag=55614.1 ld0=2.64269e+06 m78=1.90256e+06 frac=0.280067 grounded=0x40800000 linTerm=1.27157e-12
spd=4149.885 ctrl=(-2283574.2500,-21856.7559,4306437.5000) accum=(33118.8086,412.7344,-8420.8926) cMag=26423.1 fMag=57430.7 ld0=2.7247e+06 m78=1.9802e+06 frac=0.273239 grounded=0x40800000 linTerm=8.33333e-06
spd=4152.677 ctrl=(-2237314.5000,-21853.6758,4330190.5000) accum=(33581.8789,421.9368,-8472.5742) cMag=26667.9 fMag=58562.1 ld0=2.75873e+06 m78=2.00546e+06 frac=0.273049 grounded=0x40800000 linTerm=8.33333e-06
spd=4191.384 ctrl=(-2244243.2500,-21921.3457,4343601.0000) accum=(32400.3828,396.7317,-9298.7188) cMag=26162.9 fMag=55619.3 ld0=2.64283e+06 m78=1.90257e+06 frac=0.280103 grounded=0x40800000 linTerm=1.27157e-12
spd=4154.590 ctrl=(-2191844.5000,-21860.9238,4355506.5000) accum=(32934.9375,412.7260,-9123.8076) cMag=26424.3 fMag=57435.9 ld0=2.72484e+06 m78=1.98026e+06 frac=0.273258 grounded=0x40800000 linTerm=8.33333e-06
spd=4157.312 ctrl=(-2145063.5000,-21857.7383,4378252.5000) accum=(33397.2227,421.9025,-9185.0332) cMag=26668.3 fMag=58564.6 ld0=2.75871e+06 m78=2.00526e+06 frac=0.273114 grounded=0x40800000 linTerm=8.33333e-06
spd=4196.029 ctrl=(-2151707.7500,-21925.4434,4391814.0000) accum=(32198.5957,396.7192,-9986.1113) cMag=26164.2 fMag=55624.5 ld0=2.64297e+06 m78=1.90257e+06 frac=0.280139 grounded=0x40800000 linTerm=1.27157e-12
spd=4159.153 ctrl=(-2099040.2500,-21864.9023,4402580.0000) accum=(32736.0723,412.7160,-9822.7842) cMag=26425.4 fMag=57441 ld0=2.72498e+06 m78=1.98031e+06 frac=0.273277 grounded=0x40800000 linTerm=8.33333e-06
spd=4161.806 ctrl=(-2051760.8750,-21861.6074,4424307.5000) accum=(33197.3906,421.8679,-9893.6123) cMag=26668.9 fMag=58566.9 ld0=2.75869e+06 m78=2.00507e+06 frac=0.273178 grounded=0x40800000 linTerm=8.33333e-06
spd=4200.533 ctrl=(-2058117.2500,-21929.3438,4438013.5000) accum=(31982.0547,396.7054,-10669.1396) cMag=26165.5 fMag=55629.4 ld0=2.64311e+06 m78=1.90258e+06 frac=0.280172 grounded=0x40800000 linTerm=1.27157e-12
spd=4163.578 ctrl=(-2005208.1250,-21868.6973,4447637.0000) accum=(32522.2598,412.7048,-10517.4795) cMag=26426.5 fMag=57445.9 ld0=2.72512e+06 m78=1.98035e+06 frac=0.273295 grounded=0x40800000 linTerm=8.33333e-06
spd=4166.165 ctrl=(-1957453.6250,-21865.3086,4468337.5000) accum=(32982.3867,421.8328,-10597.8740) cMag=26669.4 fMag=58569.2 ld0=2.75867e+06 m78=2.00489e+06 frac=0.27324 grounded=0x40800000 linTerm=8.33333e-06
spd=4204.900 ctrl=(-1963518.6250,-21933.0664,4482182.0000) accum=(31750.9180,396.6904,-11347.5166) cMag=26166.7 fMag=55634.2 ld0=2.64324e+06 m78=1.90259e+06 frac=0.280206 grounded=0x40800000 linTerm=1.27157e-12
spd=4167.870 ctrl=(-1910391.7500,-21872.3027,4490654.5000) accum=(32293.6250,412.6928,-11207.5840) cMag=26427.5 fMag=57450.6 ld0=2.72525e+06 m78=1.9804e+06 frac=0.273313 grounded=0x40800000 linTerm=8.33333e-06
spd=4170.391 ctrl=(-1862183.8750,-21868.8027,4510314.5000) accum=(32752.3457,421.7975,-11297.4678) cMag=26669.8 fMag=58571.4 ld0=2.75865e+06 m78=2.00471e+06 frac=0.2733 grounded=0x40800000 linTerm=8.33333e-06
spd=4209.136 ctrl=(-1867955.3750,-21936.5918,4524293.5000) accum=(31505.2617,396.6749,-12020.8672) cMag=26167.8 fMag=55638.9 ld0=2.64337e+06 m78=1.9026e+06 frac=0.280238 grounded=0x40800000 linTerm=1.27157e-12
spd=4172.031 ctrl=(-1814637.7500,-21875.7285,4531614.0000) accum=(32050.2656,412.6801,-11892.7354) cMag=26428.6 fMag=57455.3 ld0=2.72538e+06 m78=1.98045e+06 frac=0.27333 grounded=0x40800000 linTerm=8.33333e-06
spd=4174.489 ctrl=(-1765999.6250,-21872.1230,4550223.5000) accum=(32507.4043,421.7619,-11992.2021) cMag=26670.4 fMag=58573.7 ld0=2.75863e+06 m78=2.00453e+06 frac=0.273359 grounded=0x40800000 linTerm=8.33333e-06
spd=4213.244 ctrl=(-1771474.5000,-21939.9277,4564329.5000) accum=(31245.2168,396.6584,-12689.0020) cMag=26168.9 fMag=55643.4 ld0=2.64349e+06 m78=1.9026e+06 frac=0.280269 grounded=0x40800000 linTerm=1.27157e-12
spd=4176.066 ctrl=(-1717990.8750,-21878.9570,4570492.5000) accum=(31792.2402,412.6659,-12572.6191) cMag=26429.6 fMag=57459.8 ld0=2.7255e+06 m78=1.98049e+06 frac=0.273347 grounded=0x40800000 linTerm=8.33333e-06
spd=4178.464 ctrl=(-1668946.8750,-21875.2598,4588045.5000) accum=(32247.5918,421.7263,-12681.6240) cMag=26670.8 fMag=58575.8 ld0=2.75861e+06 m78=2.00436e+06 frac=0.273416 grounded=0x40800000 linTerm=8.33333e-06
spd=4217.227 ctrl=(-1674121.7500,-21943.0879,4602272.0000) accum=(30970.9277,396.6417,-13351.5576) cMag=26170 fMag=55647.8 ld0=2.64361e+06 m78=1.90261e+06 frac=0.280299 grounded=0x40800000 linTerm=1.27157e-12
spd=4179.979 ctrl=(-1620497.8750,-21882.0098,4607272.5000) accum=(31519.7012,412.6510,-13246.9639) cMag=26430.5 fMag=57464.1 ld0=2.72562e+06 m78=1.98054e+06 frac=0.273363 grounded=0x40800000 linTerm=8.33333e-06
spd=4182.317 ctrl=(-1571072.0000,-21878.2246,4623761.0000) accum=(31973.0293,421.6896,-13365.4570) cMag=26671.2 fMag=58577.8 ld0=2.75859e+06 m78=2.0042e+06 frac=0.273471 grounded=0x40800000 linTerm=8.33333e-06
spd=4221.088 ctrl=(-1575943.6250,-21946.0684,4638098.5000) accum=(30682.4922,396.6239,-14008.2373) cMag=26171.1 fMag=55652.1 ld0=2.64373e+06 m78=1.90262e+06 frac=0.280329 grounded=0x40800000 linTerm=1.27157e-12
spd=4183.773 ctrl=(-1522206.0000,-21884.9023,4641938.0000) accum=(31232.8027,412.6353,-13915.4648) cMag=26431.5 fMag=57468.3 ld0=2.72574e+06 m78=1.98058e+06 frac=0.273379 grounded=0x40800000 linTerm=8.33333e-06
spd=4186.054 ctrl=(-1472421.3750,-21881.0234,4657353.0000) accum=(31683.8809,421.6530,-14043.3799) cMag=26671.7 fMag=58579.8 ld0=2.75858e+06 m78=2.00404e+06 frac=0.273524 grounded=0x40800000 linTerm=8.33333e-06
spd=4224.833 ctrl=(-1476987.6250,-21948.8770,4671796.5000) accum=(30380.0020,396.6050,-14658.6982) cMag=26172.1 fMag=55656.2 ld0=2.64384e+06 m78=1.90262e+06 frac=0.280357 grounded=0x40800000 linTerm=1.27157e-12
spd=4187.452 ctrl=(-1423161.6250,-21887.6113,4674470.0000) accum=(30931.6309,412.6183,-14577.7754) cMag=26432.4 fMag=57472.4 ld0=2.72585e+06 m78=1.98062e+06 frac=0.273394 grounded=0x40800000 linTerm=8.33333e-06
spd=4189.677 ctrl=(-1373042.0000,-21883.6484,4688804.0000) accum=(31380.2402,421.6159,-14715.0820) cMag=26672.1 fMag=58581.6 ld0=2.75856e+06 m78=2.00388e+06 frac=0.273576 grounded=0x40800000 linTerm=8.33333e-06
spd=4228.464 ctrl=(-1377301.0000,-21951.5332,4703349.0000) accum=(30063.5977,396.5853,-15302.6299) cMag=26173.1 fMag=55660.2 ld0=2.64395e+06 m78=1.90263e+06 frac=0.280384 grounded=0x40800000 linTerm=1.27157e-12
spd=4191.019 ctrl=(-1323412.1250,-21890.1699,4704854.5000) accum=(30616.3164,412.6004,-15233.5664) cMag=26433.3 fMag=57476.4 ld0=2.72596e+06 m78=1.98066e+06 frac=0.273409 grounded=0x40800000 linTerm=8.33333e-06
spd=4193.189 ctrl=(-1272981.6250,-21886.1270,4718102.0000) accum=(31062.2676,421.5784,-15380.2266) cMag=26672.5 fMag=58583.5 ld0=2.75854e+06 m78=2.00373e+06 frac=0.273626 grounded=0x40800000 linTerm=8.33333e-06
spd=4231.985 ctrl=(-1276931.0000,-21954.0215,4732739.0000) accum=(29733.4961,396.5651,-15939.8320) cMag=26174.1 fMag=55664.2 ld0=2.64406e+06 m78=1.90264e+06 frac=0.280411 grounded=0x40800000 linTerm=1.27157e-12
spd=4194.477 ctrl=(-1223005.3750,-21892.5684,4733076.5000) accum=(30287.0273,412.5819,-15882.5674) cMag=26434.1 fMag=57480.2 ld0=2.72606e+06 m78=1.98069e+06 frac=0.273423 grounded=0x40800000 linTerm=8.33333e-06
spd=4196.595 ctrl=(-1172288.6250,-21888.4453,4745231.0000) accum=(30730.0957,421.5403,-16038.5576) cMag=26672.8 fMag=58585.2 ld0=2.75853e+06 m78=2.00359e+06 frac=0.273675 grounded=0x40800000 linTerm=8.33333e-06
spd=4235.397 ctrl=(-1175926.0000,-21956.3613,4759953.5000) accum=(29389.7129,396.5435,-16569.8262) cMag=26174.9 fMag=55667.8 ld0=2.64416e+06 m78=1.90264e+06 frac=0.280437 grounded=0x40800000 linTerm=1.27157e-12
spd=4197.829 ctrl=(-2557056.5000,-21921.5664,4174687.5000) accum=(2468.8711,60.7796,-27752.7129) cMag=23244.4 fMag=42581 ld0=2.2129e+06 m78=1.58996e+06 frac=0.281505 grounded=0x40800000 linTerm=8.33333e-06
spd=4200.915 ctrl=(-2603407.5000,-21936.8340,4150295.5000) accum=(-1053.6471,32.2103,-29807.5938) cMag=22859.6 fMag=45816.1 ld0=2.41531e+06 m78=1.57535e+06 frac=0.347762 grounded=0x40800000 linTerm=8.33333e-06
spd=4241.077 ctrl=(-2610482.5000,-21996.4531,4161575.0000) accum=(-1278.3296,33.1170,-29938.1621) cMag=22657.8 fMag=45567.3 ld0=2.39071e+06 m78=1.52391e+06 frac=0.362569 grounded=0x40800000 linTerm=1.27157e-12
spd=4204.088 ctrl=(-2648186.7500,-21940.9824,4123299.5000) accum=(-2903.5374,16.7460,-30923.2227) cMag=22738.4 fMag=47935.9 ld0=2.55406e+06 m78=1.59919e+06 frac=0.373864 grounded=0x40800000 linTerm=8.33333e-06
spd=4207.172 ctrl=(-2692187.7500,-21941.0684,4095062.7500) accum=(-5427.2480,3.6425,-32461.4570) cMag=22565.4 fMag=50576.5 ld0=2.69083e+06 m78=1.58768e+06 frac=0.409965 grounded=0x40800000 linTerm=8.33333e-06
spd=4247.130 ctrl=(-2699357.0000,-21999.4922,4105967.7500) accum=(-4679.6309,15.3469,-32350.5820) cMag=22602.6 fMag=49374.5 ld0=2.60974e+06 m78=1.51854e+06 frac=0.418126 grounded=0x40800000 linTerm=1.27157e-12
spd=4209.974 ctrl=(-2735542.7500,-21938.3828,4065843.5000) accum=(-6569.0493,1.0882,-33466.1641) cMag=22556.3 fMag=51833 ld0=2.7551e+06 m78=1.56064e+06 frac=0.433547 grounded=0x40800000 linTerm=8.33333e-06
spd=4212.668 ctrl=(-2778405.5000,-21934.3164,4035910.5000) accum=(-7834.0552,-8.5981,-34281.9062) cMag=22497.3 fMag=53614.9 ld0=2.84666e+06 m78=1.58311e+06 frac=0.443872 grounded=0x40800000 linTerm=8.33333e-06
spd=4252.283 ctrl=(-2786123.7500,-21995.2480,4047122.0000) accum=(-6664.3691,6.7902,-34093.5586) cMag=22612.4 fMag=51887.3 ld0=2.74064e+06 m78=1.49966e+06 frac=0.452805 grounded=0x40800000 linTerm=1.27157e-12
spd=4214.854 ctrl=(-2821271.0000,-21932.8164,4005994.5000) accum=(-8032.4429,-6.9922,-34833.1289) cMag=22527.1 fMag=53979.7 ld0=2.86365e+06 m78=1.55623e+06 frac=0.456559 grounded=0x40800000 linTerm=8.33333e-06
spd=4217.195 ctrl=(-2863350.5000,-21927.7637,3974979.5000) accum=(-8895.1602,-15.1500,-35467.3945) cMag=22496.4 fMag=55433.9 ld0=2.93615e+06 m78=1.58109e+06 frac=0.46151 grounded=0x40800000 linTerm=8.33333e-06
spd=4256.542 ctrl=(-2871620.7500,-21991.0957,3986459.7500) accum=(-7510.4785,2.5393,-35227.8633) cMag=22639.1 fMag=53404.2 ld0=2.81751e+06 m78=1.48887e+06 frac=0.471567 grounded=0x40800000 linTerm=1.27157e-12
spd=4218.886 ctrl=(-2905849.5000,-21928.4453,3944554.0000) accum=(-8561.9160,-11.3653,-35747.3320) cMag=22528.9 fMag=55270.1 ld0=2.92727e+06 m78=1.55408e+06 frac=0.469103 grounded=0x40800000 linTerm=8.33333e-06
spd=4220.968 ctrl=(-2947234.2500,-21923.2461,3912623.7500) accum=(-9188.5459,-18.7763,-36275.7617) cMag=22508.6 fMag=56526.1 ld0=2.9891e+06 m78=1.58033e+06 frac=0.471301 grounded=0x40800000 linTerm=8.33333e-06
spd=4260.134 ctrl=(-2955980.0000,-21988.3086,3924234.2500) accum=(-7689.6987,0.2743,-35994.2656) cMag=22662.2 fMag=54320.4 ld0=2.86339e+06 m78=1.4826e+06 frac=0.482222 grounded=0x40800000 linTerm=1.27157e-12
spd=4222.309 ctrl=(-2989309.7500,-21925.6895,3881612.0000) accum=(-8549.8926,-13.8338,-36384.4844) cMag=22536.6 fMag=56048.4 ld0=2.96523e+06 m78=1.55303e+06 frac=0.476253 grounded=0x40800000 linTerm=8.33333e-06
spd=4224.208 ctrl=(-3030008.2500,-21920.5293,3848813.2500) accum=(-9034.9922,-20.8433,-36850.6328) cMag=22520.2 fMag=57184.4 ld0=3.02086e+06 m78=1.58006e+06 frac=0.47695 grounded=0x40800000 linTerm=8.33333e-06
spd=4263.259 ctrl=(-3039158.0000,-21986.7207,3860435.5000) accum=(-7474.8975,-0.9802,-36530.6328) cMag=22678.6 fMag=54875.1 ld0=2.89101e+06 m78=1.47889e+06 frac=0.48845 grounded=0x40800000 linTerm=1.27157e-12
spd=4225.311 ctrl=(-3071580.7500,-21924.1680,3817120.7500) accum=(-8219.0820,-15.2575,-36845.9102) cMag=22543.5 fMag=56519.5 ld0=2.9881e+06 m78=1.5525e+06 frac=0.480439 grounded=0x40800000 linTerm=8.33333e-06
spd=4227.081 ctrl=(-3111577.5000,-21919.0430,3783466.2500) accum=(-8617.2949,-22.0364,-37275.9180) cMag=22528.6 fMag=57582.6 ld0=3.04007e+06 m78=1.57995e+06 frac=0.48029 grounded=0x40800000 linTerm=8.33333e-06
spd=4266.063 ctrl=(-3121077.2500,-21985.9668,3795017.5000) accum=(-7025.2036,-1.6894,-36919.0273) cMag=22689.5 fMag=55212 ld0=2.90773e+06 m78=1.47667e+06 frac=0.492158 grounded=0x40800000 linTerm=1.27157e-12
spd=4228.021 ctrl=(-3152576.0000,-21923.4531,3751023.0000) accum=(-7698.3213,-16.0885,-37192.2461) cMag=22548.4 fMag=56805.5 ld0=3.00196e+06 m78=1.55222e+06 frac=0.482931 grounded=0x40800000 linTerm=8.33333e-06
spd=4229.699 ctrl=(-3191854.0000,-21918.3633,3716526.2500) accum=(-8041.7632,-22.7286,-37601.9453) cMag=22533.9 fMag=57823.9 ld0=3.05172e+06 m78=1.57987e+06 frac=0.482301 grounded=0x40800000 linTerm=8.33333e-06
spd=4268.640 ctrl=(-3201665.7500,-21985.7461,3727950.5000) accum=(-6434.5479,-2.0966,-37208.9062) cMag=22696.4 fMag=55417.2 ld0=2.91791e+06 m78=1.47532e+06 frac=0.494391 grounded=0x40800000 linTerm=1.27157e-12
spd=4230.525 ctrl=(-3232223.0000,-21923.2383,3683290.5000) accum=(-7063.2939,-16.5776,-37460.4492) cMag=22551.7 fMag=56979.8 ld0=3.0104e+06 m78=1.55206e+06 frac=0.484433 grounded=0x40800000 linTerm=8.33333e-06
spd=4232.132 ctrl=(-3270759.5000,-21918.1465,3647959.0000) accum=(-7370.8799,-23.1304,-37859.5977) cMag=22537.1 fMag=57970.6 ld0=3.0588e+06 m78=1.57978e+06 frac=0.483529 grounded=0x40800000 linTerm=8.33333e-06
spd=4271.050 ctrl=(-3280855.5000,-21985.8086,3659219.5000) accum=(-5758.6357,-2.3328,-37430.8281) cMag=22700.7 fMag=55542.6 ld0=2.92412e+06 m78=1.4745e+06 frac=0.495746 grounded=0x40800000 linTerm=1.27157e-12
spd=4232.876 ctrl=(-3310455.0000,-21923.2910,3613911.2500) accum=(-6358.8486,-16.8668,-37673.3438) cMag=22553.8 fMag=57086.4 ld0=3.01555e+06 m78=1.55198e+06 frac=0.485343 grounded=0x40800000 linTerm=8.33333e-06
spd=4234.428 ctrl=(-3348230.2500,-21918.1797,3577758.5000) accum=(-6641.8481,-23.3618,-38067.9141) cMag=22538.9 fMag=58059.9 ld0=3.06311e+06 m78=1.57968e+06 frac=0.484289 grounded=0x40800000 linTerm=8.33333e-06
spd=4273.333 ctrl=(-3358593.2500,-21986.0254,3588831.2500) accum=(-5030.8481,-2.4712,-37603.9453) cMag=22703.4 fMag=55619.7 ld0=2.92794e+06 m78=1.47399e+06 frac=0.496576 grounded=0x40800000 linTerm=1.27157e-12
spd=4235.108 ctrl=(-3387218.7500,-21923.4805,3542891.7500) accum=(-5611.9614,-17.0401,-37844.9531) cMag=22555.1 fMag=57151.8 ld0=3.01872e+06 m78=1.55193e+06 frac=0.485899 grounded=0x40800000 linTerm=8.33333e-06
spd=4236.614 ctrl=(-3424214.5000,-21918.3438,3505932.5000) accum=(-5876.9634,-23.4935,-38238.8594) cMag=22539.9 fMag=58114.4 ld0=3.06575e+06 m78=1.57958e+06 frac=0.484767 grounded=0x40800000 linTerm=8.33333e-06
spd=4275.514 ctrl=(-3434829.5000,-21986.2891,3516800.7500) accum=(-4271.2388,-2.5532,-37739.9609) cMag=22705.1 fMag=55667.4 ld0=2.9303e+06 m78=1.47368e+06 frac=0.497087 grounded=0x40800000 linTerm=1.27157e-12
spd=4237.244 ctrl=(-3462466.2500,-21923.7109,3470249.7500) accum=(-4838.7158,-17.1446,-37984.3789) cMag=22555.9 fMag=57192.5 ld0=3.02069e+06 m78=1.55191e+06 frac=0.48624 grounded=0x40800000 linTerm=8.33333e-06
spd=4238.709 ctrl=(-3498664.5000,-21918.5430,3432500.0000) accum=(-5089.7026,-23.5677,-38379.6641) cMag=22540.2 fMag=58147.8 ld0=3.06737e+06 m78=1.57947e+06 frac=0.485073 grounded=0x40800000 linTerm=8.33333e-06
spd=4277.607 ctrl=(-3509521.0000,-21986.5586,3443151.0000) accum=(-3491.9473,-2.6032,-37846.2930) cMag=22706.1 fMag=55697.2 ld0=2.93177e+06 m78=1.4735e+06 frac=0.497405 grounded=0x40800000 linTerm=1.27157e-12
spd=4239.296 ctrl=(-3536157.2500,-21923.9512,3396010.5000) accum=(-4049.0403,-17.2093,-38097.0078) cMag=22556.3 fMag=57217.9 ld0=3.02192e+06 m78=1.55191e+06 frac=0.48645 grounded=0x40800000 linTerm=8.33333e-06
spd=4240.726 ctrl=(-3571537.2500,-21918.7266,3357484.0000) accum=(-4288.2334,-23.6065,-38495.2148) cMag=22540.2 fMag=58168.4 ld0=3.06836e+06 m78=1.57936e+06 frac=0.485276 grounded=0x40800000 linTerm=8.33333e-06
spd=4279.624 ctrl=(-3582629.5000,-21986.7988,3367911.5000) accum=(-2700.3809,-2.6340,-37927.5898) cMag=22706.8 fMag=55716.1 ld0=2.93271e+06 m78=1.47338e+06 frac=0.497605 grounded=0x40800000 linTerm=1.27157e-12
spd=4241.274 ctrl=(-3608248.5000,-21924.1387,3320199.7500) accum=(-3248.8630,-17.2493,-38186.4570) cMag=22556.6 fMag=57234.1 ld0=3.02271e+06 m78=1.55191e+06 frac=0.486582 grounded=0x40800000 linTerm=8.33333e-06
spd=4242.671 ctrl=(-3642799.2500,-21918.8926,3280919.2500) accum=(-3477.6643,-23.6259,-38588.2305) cMag=22540.1 fMag=58181.1 ld0=3.06899e+06 m78=1.57926e+06 frac=0.485414 grounded=0x40800000 linTerm=8.33333e-06
spd=4281.571 ctrl=(-3654114.5000,-21986.9766,3291110.5000) accum=(-1901.1674,-2.6541,-37986.7891) cMag=22707.3 fMag=55728.4 ld0=2.93333e+06 m78=1.47331e+06 frac=0.497733 grounded=0x40800000 linTerm=1.27157e-12
spd=4243.185 ctrl=(-3678706.7500,-21924.2812,3242852.0000) accum=(-2442.1150,-17.2760,-38254.7969) cMag=22556.8 fMag=57244.6 ld0=3.02322e+06 m78=1.55192e+06 frac=0.486665 grounded=0x40800000 linTerm=8.33333e-06
spd=4244.551 ctrl=(-3712407.2500,-21918.9863,3202830.5000) accum=(-2661.2239,-23.6340,-38660.6914) cMag=22539.8 fMag=58189.3 ld0=3.06938e+06 m78=1.57916e+06 frac=0.485513 grounded=0x40800000 linTerm=8.33333e-06
spd=4283.454 ctrl=(-3723943.2500,-21987.0938,3212782.7500) accum=(-1097.2201,-2.6678,-38025.7227) cMag=22707.6 fMag=55736.7 ld0=2.93374e+06 m78=1.47327e+06 frac=0.497818 grounded=0x40800000 linTerm=1.27157e-12
spd=4245.033 ctrl=(-3747495.0000,-21924.3496,3163998.2500) accum=(-1631.1250,-17.2949,-38303.4023) cMag=22556.8 fMag=57251.8 ld0=3.02357e+06 m78=1.55194e+06 frac=0.486718 grounded=0x40800000 linTerm=8.33333e-06
spd=4246.369 ctrl=(-3780330.5000,-21919.0137,3123256.2500) accum=(-1840.9694,-23.6355,-38713.4883) cMag=22539.4 fMag=58194.4 ld0=3.06964e+06 m78=1.57906e+06 frac=0.485587 grounded=0x40800000 linTerm=8.33333e-06
spd=4285.275 ctrl=(-3792080.5000,-21987.1348,3132964.2500) accum=(-290.4237,-2.6781,-38045.3164) cMag=22707.8 fMag=55742.4 ld0=2.93403e+06 m78=1.47325e+06 frac=0.497875 grounded=0x40800000 linTerm=1.27157e-12
spd=4246.821 ctrl=(-3814580.5000,-21924.3438,3083675.5000) accum=(-817.4571,-17.3079,-38333.1953) cMag=22556.9 fMag=57256.8 ld0=3.02382e+06 m78=1.55196e+06 frac=0.486754 grounded=0x40800000 linTerm=8.33333e-06
spd=4248.129 ctrl=(-3846537.7500,-21918.9766,3042233.7500) accum=(-1018.2403,-23.6324,-38747.5664) cMag=22539 fMag=58197.7 ld0=3.0698e+06 m78=1.57896e+06 frac=0.485647 grounded=0x40800000 linTerm=8.33333e-06
spd=4287.038 ctrl=(-3858494.5000,-21987.1094,3051690.2500) accum=(517.9842,-2.6857,-38046.5352) cMag=22708 fMag=55746.7 ld0=2.93425e+06 m78=1.47323e+06 frac=0.497917 grounded=0x40800000 linTerm=1.27157e-12
spd=4248.553 ctrl=(-3879935.0000,-21924.2891,3001923.2500) accum=(-2.2384,-17.3186,-38344.5977) cMag=22556.9 fMag=57260.5 ld0=3.024e+06 m78=1.55198e+06 frac=0.486778 grounded=0x40800000 linTerm=8.33333e-06
spd=4249.834 ctrl=(-3910994.7500,-21918.8672,2959797.5000) accum=(-194.0127,-23.6278,-38763.2031) cMag=22538.6 fMag=58200 ld0=3.06992e+06 m78=1.57888e+06 frac=0.485695 grounded=0x40800000 linTerm=8.33333e-06
spd=4288.746 ctrl=(-3923153.5000,-21987.0117,2968999.2500) accum=(1327.0831,-2.6924,-38029.6797) cMag=22708.1 fMag=55750 ld0=2.93441e+06 m78=1.47323e+06 frac=0.497948 grounded=0x40800000 linTerm=1.27157e-12
spd=4250.230 ctrl=(-3943522.2500,-21924.1504,2918774.7500) accum=(813.6992,-17.3274,-38338.0117) cMag=22556.9 fMag=57263.4 ld0=3.02414e+06 m78=1.55201e+06 frac=0.486795 grounded=0x40800000 linTerm=8.33333e-06
spd=4251.485 ctrl=(-3973675.0000,-21918.7051,2875988.0000) accum=(630.8777,-23.6222,-38760.7461) cMag=22538.2 fMag=58201.7 ld0=3.07e+06 m78=1.57879e+06 frac=0.485738 grounded=0x40800000 linTerm=8.33333e-06
spd=4290.401 ctrl=(-3986027.2500,-21986.8398,2884928.2500) accum=(2136.1438,-2.6984,-37995.0391) cMag=22708.2 fMag=55752.7 ld0=2.93455e+06 m78=1.47323e+06 frac=0.497972 grounded=0x40800000 linTerm=1.27157e-12
spd=4251.854 ctrl=(-4005313.7500,-21923.9336,2834270.0000) accum=(1629.7749,-17.3344,-38313.6445) cMag=22556.9 fMag=57265.8 ld0=3.02426e+06 m78=1.55203e+06 frac=0.486808 grounded=0x40800000 linTerm=8.33333e-06
spd=4253.084 ctrl=(-4034542.2500,-21918.4492,2790839.2500) accum=(1455.9808,-23.6152,-38740.4141) cMag=22537.8 fMag=58202.9 ld0=3.07007e+06 m78=1.5787e+06 frac=0.485777 grounded=0x40800000 linTerm=8.33333e-06
spd=4292.003 ctrl=(-4047087.2500,-21986.6113,2799517.0000) accum=(2944.6370,-2.7042,-37942.8203) cMag=22708.3 fMag=55755 ld0=2.93467e+06 m78=1.47323e+06 frac=0.497992 grounded=0x40800000 linTerm=1.27157e-12
spd=4253.428 ctrl=(-4065283.7500,-21923.6699,2748449.0000) accum=(2445.3936,-17.3416,-38271.5938) cMag=22556.9 fMag=57267.9 ld0=3.02437e+06 m78=1.55205e+06 frac=0.486818 grounded=0x40800000 linTerm=8.33333e-06
spd=4254.633 ctrl=(-4093574.5000,-21918.1426,2704395.5000) accum=(2280.7100,-23.6081,-38702.2578) cMag=22537.4 fMag=58203.9 ld0=3.07012e+06 m78=1.57862e+06 frac=0.485812 grounded=0x40800000 linTerm=8.33333e-06
spd=4293.556 ctrl=(-4106304.5000,-21986.3008,2712806.0000) accum=(3752.0732,-2.7086,-37873.1523) cMag=22708.4 fMag=55757 ld0=2.93477e+06 m78=1.47323e+06 frac=0.49801 grounded=0x40800000 linTerm=1.27157e-12
spd=4254.953 ctrl=(-4123402.7500,-21923.3262,2661351.7500) accum=(3260.1143,-17.3472,-38212.0352) cMag=22556.9 fMag=57269.7 ld0=3.02446e+06 m78=1.55207e+06 frac=0.486827 grounded=0x40800000 linTerm=8.33333e-06
spd=4256.135 ctrl=(-4150741.7500,-21917.7617,2616695.5000) accum=(3104.5349,-23.6016,-38646.2969) cMag=22537 fMag=58204.7 ld0=3.07017e+06 m78=1.57854e+06 frac=0.485845 grounded=0x40800000 linTerm=8.33333e-06
spd=4295.060 ctrl=(-4163650.0000,-21985.9297,2624833.2500) accum=(4557.9863,-2.7139,-37786.1211) cMag=22708.5 fMag=55758.8 ld0=2.93487e+06 m78=1.47323e+06 frac=0.498025 grounded=0x40800000 linTerm=1.27157e-12
spd=4256.431 ctrl=(-4179642.7500,-21922.9316,2573018.2500) accum=(4073.5225,-17.3530,-38134.9883) cMag=22556.8 fMag=57271.4 ld0=3.02454e+06 m78=1.55209e+06 frac=0.486834 grounded=0x40800000 linTerm=8.33333e-06
spd=4257.590 ctrl=(-4206018.5000,-21917.3320,2527780.2500) accum=(3927.1692,-23.5945,-38572.7148) cMag=22536.6 fMag=58205.3 ld0=3.0702e+06 m78=1.57846e+06 frac=0.485877 grounded=0x40800000 linTerm=8.33333e-06
spd=4296.518 ctrl=(-4219099.5000,-21985.4902,2535642.2500) accum=(5361.9893,-2.7178,-37681.8359) cMag=22708.5 fMag=55760.6 ld0=2.93496e+06 m78=1.47323e+06 frac=0.49804 grounded=0x40800000 linTerm=1.27157e-12
spd=4257.863 ctrl=(-4233976.0000,-21922.4453,2483487.7500) accum=(4885.2319,-17.3574,-38040.5703) cMag=22556.9 fMag=57272.9 ld0=3.02462e+06 m78=1.55211e+06 frac=0.486841 grounded=0x40800000 linTerm=8.33333e-06
spd=4259.000 ctrl=(-4259377.5000,-21916.8125,2437689.2500) accum=(4748.1440,-23.5870,-38481.5859) cMag=22536.3 fMag=58206 ld0=3.07024e+06 m78=1.57839e+06 frac=0.485907 grounded=0x40800000 linTerm=8.33333e-06
spd=4297.931 ctrl=(-4272625.5000,-21984.9863,2445271.5000) accum=(6163.6733,-2.7220,-37560.3945) cMag=22708.6 fMag=55762.2 ld0=2.93504e+06 m78=1.47324e+06 frac=0.498053 grounded=0x40800000 linTerm=1.27157e-12
spd=4259.250 ctrl=(-4286379.0000,-21921.9043,2392802.5000) accum=(5694.7593,-17.3629,-37928.7734) cMag=22556.8 fMag=57274.4 ld0=3.0247e+06 m78=1.55213e+06 frac=0.486847 grounded=0x40800000 linTerm=8.33333e-06
spd=4260.365 ctrl=(-4310793.5000,-21916.2422,2346465.5000) accum=(5567.0283,-23.5802,-38372.8828) cMag=22535.9 fMag=58206.6 ld0=3.07027e+06 m78=1.57831e+06 frac=0.485936 grounded=0x40800000 linTerm=8.33333e-06
spd=4299.300 ctrl=(-4324203.5000,-21984.4199,2353765.0000) accum=(6962.6460,-2.7265,-37421.7578) cMag=22708.7 fMag=55763.8 ld0=2.93513e+06 m78=1.47324e+06 frac=0.498066 grounded=0x40800000 linTerm=1.27157e-12
spd=4260.594 ctrl=(-4336832.5000,-21921.3242,2301007.7500) accum=(6501.7905,-17.3679,-37799.6797) cMag=22556.8 fMag=57275.8 ld0=3.02477e+06 m78=1.55215e+06 frac=0.486853 grounded=0x40800000 linTerm=8.33333e-06
spd=4261.688 ctrl=(-4360246.5000,-21915.6211,2254152.0000) accum=(6383.4722,-23.5740,-38246.6758) cMag=22535.5 fMag=58207.1 ld0=3.0703e+06 m78=1.57825e+06 frac=0.485964 grounded=0x40800000 linTerm=8.33333e-06
spd=4300.626 ctrl=(-4373809.5000,-21983.7930,2261163.7500) accum=(7758.5400,-2.7308,-37266.0898) cMag=22708.7 fMag=55765.3 ld0=2.9352e+06 m78=1.47324e+06 frac=0.498078 grounded=0x40800000 linTerm=1.27157e-12
spd=4261.896 ctrl=(-4385304.5000,-21920.6660,2208141.5000) accum=(7305.9512,-17.3724,-37653.3867) cMag=22556.8 fMag=57277.2 ld0=3.02484e+06 m78=1.55217e+06 frac=0.486858 grounded=0x40800000 linTerm=8.33333e-06
spd=4262.971 ctrl=(-4407709.0000,-21914.9316,2160790.2500) accum=(7197.2148,-23.5660,-38103.0781) cMag=22535.2 fMag=58207.6 ld0=3.07033e+06 m78=1.57818e+06 frac=0.485991 grounded=0x40800000 linTerm=8.33333e-06
spd=4301.911 ctrl=(-4421421.0000,-21983.1055,2167512.7500) accum=(8551.0430,-2.7341,-37093.4375) cMag=22708.8 fMag=55766.7 ld0=2.93528e+06 m78=1.47325e+06 frac=0.49809 grounded=0x40800000 linTerm=1.27157e-12
spd=4263.158 ctrl=(-4431778.0000,-21919.9531,2114250.0000) accum=(8106.8789,-17.3763,-37489.9570) cMag=22556.8 fMag=57278.5 ld0=3.02491e+06 m78=1.55219e+06 frac=0.486863 grounded=0x40800000 linTerm=8.33333e-06
spd=4264.213 ctrl=(-4453163.0000,-21914.1914,2066425.1250) accum=(8007.6499,-23.5598,-37942.0742) cMag=22534.9 fMag=58208.1 ld0=3.07036e+06 m78=1.57811e+06 frac=0.486017 grounded=0x40800000 linTerm=8.33333e-06
spd=4303.156 ctrl=(-4467017.5000,-21982.3691,2072854.2500) accum=(9339.7432,-2.7373,-36903.9219) cMag=22708.9 fMag=55768.1 ld0=2.93535e+06 m78=1.47325e+06 frac=0.498101 grounded=0x40800000 linTerm=1.27157e-12
spd=4264.381 ctrl=(-4476227.5000,-21919.1758,2019374.6250) accum=(8904.1758,-17.3802,-37309.4688) cMag=22556.7 fMag=57279.8 ld0=3.02497e+06 m78=1.55221e+06 frac=0.486869 grounded=0x40800000 linTerm=8.33333e-06
spd=4265.417 ctrl=(-4496585.5000,-21913.3965,1971098.5000) accum=(8814.5635,-23.5533,-37763.8398) cMag=22534.5 fMag=58208.6 ld0=3.07038e+06 m78=1.57805e+06 frac=0.486042 grounded=0x40800000 linTerm=8.33333e-06
spd=4304.362 ctrl=(-4510575.0000,-21981.5742,1977231.0000) accum=(10124.2012,-2.7415,-36697.5586) cMag=22708.9 fMag=55769.5 ld0=2.93542e+06 m78=1.47325e+06 frac=0.498112 grounded=0x40800000 linTerm=1.27157e-12
spd=4265.566 ctrl=(-4518638.0000,-21918.3613,1923561.1250) accum=(9697.4619,-17.3846,-37111.9531) cMag=22556.7 fMag=57281 ld0=3.02503e+06 m78=1.55222e+06 frac=0.486873 grounded=0x40800000 linTerm=8.33333e-06
spd=4266.583 ctrl=(-4537955.0000,-21912.5430,1874855.0000) accum=(9617.5508,-23.5462,-37568.4336) cMag=22534.2 fMag=58209 ld0=3.07041e+06 m78=1.57798e+06 frac=0.486068 grounded=0x40800000 linTerm=8.33333e-06
spd=4305.531 ctrl=(-4552074.0000,-21980.7188,1880688.1250) accum=(10904.1973,-2.7446,-36474.5195) cMag=22709 fMag=55770.8 ld0=2.93549e+06 m78=1.47325e+06 frac=0.498123 grounded=0x40800000 linTerm=1.27157e-12
spd=4266.713 ctrl=(-4558986.0000,-21917.4863,1826852.2500) accum=(10486.4307,-17.3882,-36897.5820) cMag=22556.7 fMag=57282.2 ld0=3.02509e+06 m78=1.55224e+06 frac=0.486878 grounded=0x40800000 linTerm=8.33333e-06
spd=4267.713 ctrl=(-4577255.5000,-21911.6426,1777739.1250) accum=(10416.2070,-23.5403,-37355.8555) cMag=22533.9 fMag=58209.5 ld0=3.07044e+06 m78=1.57792e+06 frac=0.486091 grounded=0x40800000 linTerm=8.33333e-06
spd=4306.664 ctrl=(-4591496.5000,-21979.8145,1783270.1250) accum=(11679.2646,-2.7481,-36234.8359) cMag=22709 fMag=55772.1 ld0=2.93556e+06 m78=1.47326e+06 frac=0.498133 grounded=0x40800000 linTerm=1.27157e-12
spd=4267.826 ctrl=(-4597253.0000,-21916.5605,1729293.3750) accum=(11270.6719,-17.3915,-36666.4062) cMag=22556.7 fMag=57283.3 ld0=3.02515e+06 m78=1.55226e+06 frac=0.486883 grounded=0x40800000 linTerm=8.33333e-06
spd=4268.808 ctrl=(-4614466.0000,-21910.6875,1679796.0000) accum=(11210.1807,-23.5341,-37126.2695) cMag=22533.6 fMag=58209.9 ld0=3.07046e+06 m78=1.57787e+06 frac=0.486114 grounded=0x40800000 linTerm=8.33333e-06
spd=4307.761 ctrl=(-4628824.0000,-21978.8633,1685022.7500) accum=(12449.0820,-2.7515,-35978.5898) cMag=22709 fMag=55773.3 ld0=2.93562e+06 m78=1.47326e+06 frac=0.498143 grounded=0x40800000 linTerm=1.27157e-12
spd=4268.903 ctrl=(-4633423.0000,-21915.5859,1630929.7500) accum=(12049.8682,-17.3944,-36418.5234) cMag=22556.7 fMag=57284.5 ld0=3.02521e+06 m78=1.55227e+06 frac=0.486887 grounded=0x40800000 linTerm=8.33333e-06
spd=4269.869 ctrl=(-4649571.5000,-21909.6875,1581071.0000) accum=(11999.1758,-23.5278,-36879.7891) cMag=22533.4 fMag=58210.3 ld0=3.07048e+06 m78=1.57781e+06 frac=0.486136 grounded=0x40800000 linTerm=8.33333e-06
spd=4308.824 ctrl=(-4664040.0000,-21977.8652,1585991.0000) accum=(13213.3633,-2.7541,-35706.0078) cMag=22709.1 fMag=55774.4 ld0=2.93568e+06 m78=1.47326e+06 frac=0.498153 grounded=0x40800000 linTerm=1.27157e-12
spd=4269.947 ctrl=(-4667477.5000,-21914.5605,1531806.3750) accum=(12823.6250,-17.3973,-36154.0312) cMag=22556.7 fMag=57285.5 ld0=3.02526e+06 m78=1.55229e+06 frac=0.486891 grounded=0x40800000 linTerm=8.33333e-06
spd=4270.897 ctrl=(-4682555.0000,-21908.6406,1481609.7500) accum=(12782.7324,-23.5216,-36616.5000) cMag=22533.1 fMag=58210.7 ld0=3.0705e+06 m78=1.57775e+06 frac=0.486158 grounded=0x40800000 linTerm=8.33333e-06
spd=4309.854 ctrl=(-4697127.0000,-21976.8145,1486220.6250) accum=(13971.6357,-2.7571,-35417.1172) cMag=22709.1 fMag=55775.6 ld0=2.93574e+06 m78=1.47327e+06 frac=0.498162 grounded=0x40800000 linTerm=1.27157e-12
spd=4270.959 ctrl=(-4699404.0000,-21913.4922,1431970.1250) accum=(13591.5010,-17.4010,-35873.0352) cMag=22556.6 fMag=57286.5 ld0=3.02531e+06 m78=1.5523e+06 frac=0.486895 grounded=0x40800000 linTerm=8.33333e-06
spd=4271.893 ctrl=(-4713401.0000,-21907.5430,1381457.7500) accum=(13560.5625,-23.5154,-36336.5469) cMag=22532.8 fMag=58211.1 ld0=3.07053e+06 m78=1.5777e+06 frac=0.486179 grounded=0x40800000 linTerm=8.33333e-06
spd=4310.853 ctrl=(-4728070.0000,-21975.7305,1385757.3750) accum=(14723.6504,-2.7600,-35112.1523) cMag=22709.2 fMag=55776.7 ld0=2.9358e+06 m78=1.47327e+06 frac=0.498171 grounded=0x40800000 linTerm=1.27157e-12
spd=4271.939 ctrl=(-4729182.0000,-21912.3809,1331465.1250) accum=(14353.4180,-17.4033,-35575.8203) cMag=22556.7 fMag=57287.6 ld0=3.02537e+06 m78=1.55232e+06 frac=0.486899 grounded=0x40800000 linTerm=8.33333e-06
spd=4272.858 ctrl=(-4742096.0000,-21906.4160,1280661.6250) accum=(14332.2715,-23.5098,-36040.0273) cMag=22532.6 fMag=58211.4 ld0=3.07055e+06 m78=1.57765e+06 frac=0.486199 grounded=0x40800000 linTerm=8.33333e-06
spd=4311.819 ctrl=(-4756855.5000,-21974.6016,1284647.6250) accum=(15469.0254,-2.7629,-34791.1680) cMag=22709.3 fMag=55777.8 ld0=2.93586e+06 m78=1.47327e+06 frac=0.49818 grounded=0x40800000 linTerm=1.27157e-12
spd=4272.889 ctrl=(-4756804.0000,-21911.2305,1230339.3750) accum=(15108.6992,-17.4063,-35262.3320) cMag=22556.6 fMag=57288.5 ld0=3.02542e+06 m78=1.55233e+06 frac=0.486903 grounded=0x40800000 linTerm=8.33333e-06
spd=4273.792 ctrl=(-4768625.0000,-21905.2344,1179267.3750) accum=(15097.5078,-23.5040,-35727.0938) cMag=22532.3 fMag=58211.8 ld0=3.07057e+06 m78=1.5776e+06 frac=0.486219 grounded=0x40800000 linTerm=8.33333e-06
spd=4312.756 ctrl=(-4783467.5000,-21973.4121,1182937.7500) accum=(16207.4199,-2.7651,-34454.3125) cMag=22709.3 fMag=55778.9 ld0=2.93591e+06 m78=1.47327e+06 frac=0.498188 grounded=0x40800000 linTerm=1.27157e-12
spd=4273.809 ctrl=(-4782254.0000,-21910.0293,1128639.0000) accum=(15857.2197,-17.4085,-34932.8086) cMag=22556.6 fMag=57289.5 ld0=3.02547e+06 m78=1.55234e+06 frac=0.486907 grounded=0x40800000 linTerm=8.33333e-06
spd=4274.698 ctrl=(-4792978.5000,-21904.0156,1077322.1250) accum=(15855.9092,-23.4984,-35397.8906) cMag=22532.1 fMag=58212.2 ld0=3.07059e+06 m78=1.57755e+06 frac=0.486238 grounded=0x40800000 linTerm=8.33333e-06
spd=4313.664 ctrl=(-4807897.0000,-21972.1895,1080675.6250) accum=(16938.4473,-2.7681,-34101.7266) cMag=22709.4 fMag=55779.8 ld0=2.93596e+06 m78=1.47328e+06 frac=0.498196 grounded=0x40800000 linTerm=1.27157e-12
spd=4274.700 ctrl=(-4805519.0000,-21908.7852,1026410.6875) accum=(16598.5156,-17.4114,-34587.3203) cMag=22556.6 fMag=57290.4 ld0=3.02551e+06 m78=1.55236e+06 frac=0.486911 grounded=0x40800000 linTerm=8.33333e-06
spd=4275.575 ctrl=(-4815143.5000,-21902.7520,974872.9375) accum=(16607.1562,-23.4930,-35052.5000) cMag=22531.8 fMag=58212.5 ld0=3.07061e+06 m78=1.5775e+06 frac=0.486256 grounded=0x40800000 linTerm=8.33333e-06
spd=4314.543 ctrl=(-4830130.5000,-21970.9297,977907.2500) accum=(17661.8613,-2.7706,-33733.6172) cMag=22709.4 fMag=55780.8 ld0=2.93601e+06 m78=1.47328e+06 frac=0.498204 grounded=0x40800000 linTerm=1.27157e-12
spd=0.000 ctrl=(-784083.6250,-3566.5798,158745.4062) accum=(2583.3379,93.8270,1955.7075) cMag=3241.5 fMag=3890.12 ld0=767953 m78=767944 frac=1.1933e-05 grounded=0x40800000 linTerm=8.33333e-06
spd=6.579 ctrl=(-806787.6875,-3669.8191,163302.3750) accum=(28220.9199,154.5117,-7329.5493) cMag=20680.9 fMag=32763.7 ld0=1.28861e+06 m78=384159 frac=0.701882 grounded=0x40800000 linTerm=8.33333e-06
spd=13.121 ctrl=(-829358.9375,-3772.4875,167871.0469) accum=(28176.5801,154.4447,-7339.8135) cMag=20634.6 fMag=32723.9 ld0=1.29003e+06 m78=384390 frac=0.70203 grounded=0x40800000 linTerm=1.27157e-12
spd=13.121 ctrl=(-829373.3125,-3772.4812,167793.3906) accum=(28177.2773,154.4446,-7337.2144) cMag=20634.6 fMag=32724 ld0=1.29003e+06 m78=384389 frac=0.702031 grounded=0x40800000 linTerm=8.33333e-06
spd=19.852 ctrl=(-852622.4375,-3878.1211,172371.5469) accum=(28234.2012,154.4068,-7354.4180) cMag=20683 fMag=32764.4 ld0=1.28864e+06 m78=382233 frac=0.703383 grounded=0x40800000 linTerm=8.33333e-06
spd=26.780 ctrl=(-876522.7500,-3986.8289,177203.4375) accum=(28193.9980,154.2810,-7381.2852) cMag=20635.9 fMag=32723.5 ld0=1.29011e+06 m78=381481 frac=0.704304 grounded=0x40800000 linTerm=1.27157e-12
spd=26.778 ctrl=(-876551.5000,-3986.8052,177035.4688) accum=(28195.4375,154.2808,-7376.1533) cMag=20635.9 fMag=32723.5 ld0=1.29011e+06 m78=381472 frac=0.704311 grounded=0x40800000 linTerm=8.33333e-06
spd=33.904 ctrl=(-901182.3750,-4098.6348,181783.8906) accum=(28262.4160,154.1807,-7409.9521) cMag=20687.5 fMag=32766 ld0=1.28867e+06 m78=378073 frac=0.706617 grounded=0x40800000 linTerm=8.33333e-06
spd=41.239 ctrl=(-926490.1250,-4213.7363,186888.8906) accum=(28225.3516,153.9897,-7456.1382) cMag=20638.2 fMag=32722.8 ld0=1.29026e+06 m78=376241 frac=0.7084 grounded=0x40800000 linTerm=1.27157e-12
spd=41.235 ctrl=(-926532.7500,-4213.6812,186614.6562) accum=(28227.7402,153.9890,-7448.8257) cMag=20638.2 fMag=32722.9 ld0=1.29027e+06 m78=376200 frac=0.708433 grounded=0x40800000 linTerm=8.33333e-06
spd=48.778 ctrl=(-952626.0625,-4332.0454,191526.1406) accum=(28306.1738,153.8174,-7502.8677) cMag=20693.4 fMag=32767.7 ld0=1.28877e+06 m78=371323 frac=0.711878 grounded=0x40800000 linTerm=8.33333e-06
spd=56.543 ctrl=(-979424.0000,-4453.9097,196913.8594) accum=(28272.6348,153.5564,-7571.2104) cMag=20641.7 fMag=32722.3 ld0=1.2905e+06 m78=368285 frac=0.714618 grounded=0x40800000 linTerm=1.27157e-12
spd=56.537 ctrl=(-979480.4375,-4453.8062,196515.3906) accum=(28276.2676,153.5539,-7562.5234) cMag=20641.8 fMag=32722.4 ld0=1.29051e+06 m78=368160 frac=0.714718 grounded=0x40800000 linTerm=8.33333e-06
spd=64.519 ctrl=(-1007120.5625,-4579.0688,201580.0312) accum=(28367.6582,153.3032,-7641.1074) cMag=20700.8 fMag=32769.9 ld0=1.28896e+06 m78=361546 frac=0.719504 grounded=0x40800000 linTerm=8.33333e-06
spd=72.740 ctrl=(-1035496.1250,-4708.0835,207259.5312) accum=(28337.9316,152.9698,-7734.7085) cMag=20646.7 fMag=32722.8 ld0=1.29084e+06 m78=357186 frac=0.723293 grounded=0x40800000 linTerm=1.27157e-12
spd=72.729 ctrl=(-1035565.8750,-4707.9150,206716.3125) accum=(28343.3203,152.9634,-7726.2173) cMag=20646.9 fMag=32722.9 ld0=1.29086e+06 m78=356883 frac=0.723531 grounded=0x40800000 linTerm=8.33333e-06
spd=81.175 ctrl=(-1064842.1250,-4840.4546,211920.9531) accum=(28449.2070,152.6292,-7834.3369) cMag=20710.1 fMag=32773.5 ld0=1.28926e+06 m78=348253 frac=0.729881 grounded=0x40800000 linTerm=8.33333e-06
spd=89.878 ctrl=(-1094888.1250,-4977.0352,217900.5938) accum=(28423.3672,152.2247,-7956.5073) cMag=20653.6 fMag=32725.3 ld0=1.29132e+06 m78=342466 frac=0.734793 grounded=0x40800000 linTerm=1.27157e-12
spd=89.862 ctrl=(-1094969.6250,-4976.7739,217189.2344) accum=(28431.2441,152.2122,-7950.7944) cMag=20653.8 fMag=32725.5 ld0=1.29136e+06 m78=341844 frac=0.735283 grounded=0x40800000 linTerm=8.33333e-06
spd=98.797 ctrl=(-1125976.5000,-5116.9902,222517.0156) accum=(28553.1465,151.7942,-8094.3750) cMag=20721.5 fMag=32780 ld0=1.2897e+06 m78=330895 frac=0.743433 grounded=0x40800000 linTerm=8.33333e-06
spd=108.010 ctrl=(-1157790.6250,-5261.5679,228804.1719) accum=(28530.9824,151.3246,-8248.4990) cMag=20662.6 fMag=32731.7 ld0=1.29197e+06 m78=323610 frac=0.749521 grounded=0x40800000 linTerm=1.27157e-12
spd=107.986 ctrl=(-1157882.7500,-5261.1924,227898.2656) accum=(28542.3887,151.3041,-8249.7061) cMag=20663 fMag=32732.1 ld0=1.29202e+06 m78=322450 frac=0.75043 grounded=0x40800000 linTerm=8.33333e-06
spd=117.436 ctrl=(-1190718.3750,-5409.5034,233327.8906) accum=(28681.7188,150.8096,-8435.7197) cMag=20735.6 fMag=32792 ld0=1.29034e+06 m78=308866 frac=0.760632 grounded=0x40800000 linTerm=8.33333e-06
spd=127.188 ctrl=(-1224403.8750,-5562.5391,239928.7500) accum=(28662.6270,150.2867,-8624.9639) cMag=20674.3 fMag=32744.8 ld0=1.29283e+06 m78=300060 frac=0.767904 grounded=0x40800000 linTerm=1.27157e-12
spd=127.155 ctrl=(-1224505.2500,-5562.0181,238798.5312) accum=(28678.9043,150.2578,-8639.4277) cMag=20675 fMag=32745.9 ld0=1.29292e+06 m78=298050 frac=0.769474 grounded=0x40800000 linTerm=8.33333e-06
spd=137.149 ctrl=(-1259274.0000,-5718.8589,244303.7031) accum=(28836.8906,149.7037,-8876.1455) cMag=20752.9 fMag=32812.8 ld0=1.29122e+06 m78=281505 frac=0.781984 grounded=0x40800000 linTerm=8.33333e-06
spd=147.471 ctrl=(-1294939.8750,-5880.8330,251223.0000) accum=(28819.7070,149.1454,-9102.8730) cMag=20689.3 fMag=32768.3 ld0=1.29395e+06 m78=271237 frac=0.790381 grounded=0x40800000 linTerm=1.27157e-12
spd=147.426 ctrl=(-1295047.2500,-5880.1304,249834.6719) accum=(28842.5254,149.1127,-9139.9551) cMag=20690.4 fMag=32770.9 ld0=1.29409e+06 m78=267949 frac=0.792944 grounded=0x40800000 linTerm=8.33333e-06
spd=157.993 ctrl=(-1331858.5000,-6045.9712,255383.5156) accum=(29020.0820,148.5293,-9437.2686) cMag=20774.2 fMag=32847.5 ld0=1.2924e+06 m78=248111 frac=0.808024 grounded=0x40800000 linTerm=8.33333e-06
spd=168.916 ctrl=(-1369620.3750,-6217.3916,262624.3438) accum=(29002.9863,147.9586,-9702.0234) cMag=20708.4 fMag=32807.8 ld0=1.29541e+06 m78=236566 frac=0.817381 grounded=0x40800000 linTerm=1.27157e-12
spd=168.857 ctrl=(-1369730.3750,-6216.4580,260939.6562) accum=(29034.1562,147.9363,-9775.0479) cMag=20710.1 fMag=32813.4 ld0=1.29562e+06 m78=231440 frac=0.821367 grounded=0x40800000 linTerm=8.33333e-06
spd=180.028 ctrl=(-1408699.0000,-6391.7661,266493.8750) accum=(29231.8125,147.3702,-10144.8545) cMag=20800.5 fMag=32903.1 ld0=1.29398e+06 m78=207973 frac=0.839276 grounded=0x40800000 linTerm=8.33333e-06
spd=191.587 ctrl=(-1448678.1250,-6573.1655,274057.0000) accum=(29212.1836,146.8115,-10444.5625) cMag=20732.6 fMag=32870.1 ld0=1.29727e+06 m78=195532 frac=0.849274 grounded=0x40800000 linTerm=1.27157e-12
spd=191.511 ctrl=(-1448786.1250,-6571.9609,272033.1250) accum=(29253.3926,146.8298,-10571.6621) cMag=20735.1 fMag=32881.5 ld0=1.29759e+06 m78=187887 frac=0.855203 grounded=0x40800000 linTerm=8.33333e-06
spd=203.317 ctrl=(-1490032.5000,-6757.2266,277546.6250) accum=(29471.1660,146.3480,-11028.1602) cMag=20832.8 fMag=32988.9 ld0=1.29606e+06 m78=160464 frac=0.876191 grounded=0x40800000 linTerm=8.33333e-06
spd=215.548 ctrl=(-1532358.1250,-6949.1699,285430.6250) accum=(29445.5449,145.8178,-11353.0684) cMag=20762.9 fMag=32963.9 ld0=1.29963e+06 m78=147796 frac=0.886278 grounded=0x40800000 linTerm=1.27157e-12
spd=215.451 ctrl=(-1532458.5000,-6947.6416,283019.1250) accum=(29497.7617,145.9301,-11557.2080) cMag=20766.5 fMag=32985.4 ld0=1.30012e+06 m78=136890 frac=0.894709 grounded=0x40800000 linTerm=8.33333e-06
spd=227.926 ctrl=(-1576109.5000,-7143.4004,288437.9375) accum=(29734.7461,145.6183,-12115.1475) cMag=20872.6 fMag=33116.2 ld0=1.29877e+06 m78=105285 frac=0.918934 grounded=0x40800000 linTerm=8.33333e-06
spd=240.868 ctrl=(-1620918.5000,-7346.4873,296638.2812) accum=(29699.0352,145.1083,-12444.0332) cMag=20800.7 fMag=33098.8 ld0=1.30259e+06 m78=93481.4 frac=0.928234 grounded=0x40800000 linTerm=1.27157e-12
spd=240.746 ctrl=(-1621003.1250,-7344.5688,293784.6250) accum=(29761.3828,145.4154,-12749.5156) cMag=20805.9 fMag=33136.5 ld0=1.30335e+06 m78=78739.6 frac=0.939587 grounded=0x40800000 linTerm=8.33333e-06
spd=253.925 ctrl=(-1654822.8750,-7495.3716,296826.4375) accum=(30014.0820,145.4431,-13416.9033) cMag=20921.2 fMag=33296.2 ld0=1.30225e+06 m78=43234.3 frac=0.9668 grounded=0x40800000 linTerm=8.33333e-06
spd=267.514 ctrl=(-1659095.1250,-7514.7222,297592.7500) accum=(29961.9863,145.0715,-13700.2617) cMag=20847.2 fMag=33281.5 ld0=1.30623e+06 m78=34452.6 frac=0.973624 grounded=0x40800000 linTerm=1.27157e-12
spd=267.363 ctrl=(-1659617.6250,-7514.5239,294428.1875) accum=(30024.5996,145.6588,-14118.4570) cMag=20854 fMag=33341.6 ld0=1.30739e+06 m78=16630.6 frac=0.98728 grounded=0x40800000 linTerm=8.33333e-06
spd=280.824 ctrl=(-1664444.6250,-7533.7393,291854.4688) accum=(29932.6250,145.4274,-14554.8809) cMag=20975.5 fMag=33529 ld0=1.30672e+06 m78=24824.6 frac=0.981002 grounded=0x40800000 linTerm=8.33333e-06
spd=294.484 ctrl=(-1668740.3750,-7553.1841,292607.6875) accum=(29814.0078,144.9641,-14663.3574) cMag=20900.8 fMag=33506.3 ld0=1.31057e+06 m78=28418.5 frac=0.978316 grounded=0x40800000 linTerm=1.27157e-12
spd=294.302 ctrl=(-1669298.7500,-7552.9712,289103.0625) accum=(29574.3984,145.0223,-14861.1152) cMag=20908.6 fMag=33588.6 ld0=1.3122e+06 m78=49190.7 frac=0.962513 grounded=0x40800000 linTerm=8.33333e-06
spd=307.807 ctrl=(-1674187.1250,-7572.2505,286173.3750) accum=(29274.2988,143.9840,-15046.2314) cMag=21034.1 fMag=33794.9 ld0=1.31192e+06 m78=87621.9 frac=0.933211 grounded=0x40800000 linTerm=8.33333e-06
spd=321.550 ctrl=(-1678506.5000,-7591.7866,286911.7500) accum=(29270.9277,143.8406,-15044.1621) cMag=20961.1 fMag=33742.5 ld0=1.31494e+06 m78=82801 frac=0.937031 grounded=0x40800000 linTerm=1.27157e-12
spd=321.333 ctrl=(-1679096.6250,-7591.5278,283061.8438) accum=(29032.1797,143.6690,-15232.8008) cMag=20968.3 fMag=33841.4 ld0=1.31722e+06 m78=104306 frac=0.920814 grounded=0x40800000 linTerm=8.33333e-06
spd=334.885 ctrl=(-1684040.7500,-7610.8232,279768.8438) accum=(28734.1035,142.1876,-15387.2510) cMag=21099.1 fMag=34071.4 ld0=1.31759e+06 m78=144614 frac=0.890243 grounded=0x40800000 linTerm=8.33333e-06
spd=348.698 ctrl=(-1688379.1250,-7630.4297,280489.5312) accum=(28589.9902,140.8659,-15511.0840) cMag=21031.9 fMag=34078.2 ld0=1.32211e+06 m78=151336 frac=0.885535 grounded=0x40800000 linTerm=1.27157e-12
spd=348.437 ctrl=(-1689006.6250,-7630.1660,276290.9688) accum=(28199.9609,139.4467,-15839.1475) cMag=21048.6 fMag=34280.1 ld0=1.32764e+06 m78=186379 frac=0.859616 grounded=0x40800000 linTerm=8.33333e-06
spd=362.020 ctrl=(-1694008.3750,-7649.5371,272628.9688) accum=(27807.9824,136.0100,-16063.9443) cMag=21186.6 fMag=34604.4 ld0=1.33187e+06 m78=236540 frac=0.822401 grounded=0x40800000 linTerm=8.33333e-06
spd=375.910 ctrl=(-1698385.2500,-7669.2983,273333.3750) accum=(27808.6309,135.3400,-16081.5449) cMag=21106.4 fMag=34543.8 ld0=1.33557e+06 m78=230017 frac=0.827776 grounded=0x40800000 linTerm=1.27157e-12
spd=375.611 ctrl=(-1699029.6250,-7668.9082,268778.6875) accum=(27632.5723,134.8092,-16232.6650) cMag=21105.8 fMag=34660.4 ld0=1.34035e+06 m78=246601 frac=0.816017 grounded=0x40800000 linTerm=8.33333e-06
spd=389.226 ctrl=(-1704078.5000,-7688.3271,264739.8750) accum=(27407.4062,131.4636,-16329.6875) cMag=21231.6 fMag=34921.7 ld0=1.34422e+06 m78=282567 frac=0.789791 grounded=0x40800000 linTerm=8.33333e-06
spd=403.190 ctrl=(-1708483.7500,-7708.2002,265424.2812) accum=(27436.3770,130.7057,-16345.4062) cMag=21150.4 fMag=34849.3 ld0=1.34823e+06 m78=273158 frac=0.797396 grounded=0x40800000 linTerm=1.27157e-12
spd=402.850 ctrl=(-1709139.3750,-7707.7246,260508.8438) accum=(27267.5410,130.3570,-16488.8164) cMag=21151 fMag=34980.5 ld0=1.35589e+06 m78=290468 frac=0.785773 grounded=0x40800000 linTerm=8.33333e-06
spd=416.492 ctrl=(-1714229.3750,-7727.1870,256086.3750) accum=(27036.6816,125.3111,-16558.5488) cMag=21278.9 fMag=35266.2 ld0=1.3633e+06 m78=329825 frac=0.758069 grounded=0x40800000 linTerm=8.33333e-06
spd=430.530 ctrl=(-1718663.0000,-7747.1704,256748.7188) accum=(27076.6074,122.5241,-16552.3945) cMag=21196.5 fMag=35179.5 ld0=1.36757e+06 m78=319878 frac=0.766098 grounded=0x40800000 linTerm=1.27157e-12
spd=430.145 ctrl=(-1719324.6250,-7746.6089,251467.6875) accum=(26680.7676,121.6255,-16328.5557) cMag=21198.3 fMag=35326.3 ld0=1.37992e+06 m78=375002 frac=0.728243 grounded=0x40800000 linTerm=8.33333e-06
spd=443.815 ctrl=(-1724449.6250,-7766.1104,246654.6719) accum=(26157.1719,108.5547,-15888.2109) cMag=21328.5 fMag=35635.9 ld0=1.39204e+06 m78=465032 frac=0.665936 grounded=0x40800000 linTerm=8.33333e-06
spd=457.933 ctrl=(-1728914.2500,-7786.2173,247293.2188) accum=(26215.3145,105.3272,-15869.6807) cMag=21245 fMag=35528.9 ld0=1.39559e+06 m78=453159 frac=0.675293 grounded=0x40800000 linTerm=1.27157e-12
spd=457.498 ctrl=(-1729574.3750,-7785.5635,241641.7188) accum=(26011.9316,106.9854,-15893.2871) cMag=21248.1 fMag=35692.6 ld0=1.41358e+06 m78=483494 frac=0.657965 grounded=0x40800000 linTerm=8.33333e-06
spd=471.195 ctrl=(-1734727.3750,-7805.1006,236431.3281) accum=(25822.0879,103.2524,-15930.7891) cMag=21381.4 fMag=36025.6 ld0=1.43027e+06 m78=526231 frac=0.632075 grounded=0x40800000 linTerm=8.33333e-06
spd=485.386 ctrl=(-1739221.5000,-7825.3218,237043.7812) accum=(25928.8379,105.9481,-15966.5654) cMag=21296.5 fMag=35900.5 ld0=1.43262e+06 m78=506430 frac=0.646501 grounded=0x40800000 linTerm=1.27157e-12
spd=484.900 ctrl=(-1739872.8750,-7824.5708,231017.2656) accum=(25791.2598,107.1542,-16085.1924) cMag=21300.5 fMag=36083.2 ld0=1.45563e+06 m78=529622 frac=0.636158 grounded=0x40800000 linTerm=8.33333e-06
spd=498.614 ctrl=(-1745044.7500,-7844.1333,225402.7031) accum=(25613.8125,104.2436,-16129.2070) cMag=21436.1 fMag=36445.7 ld0=1.4765e+06 m78=574332 frac=0.611018 grounded=0x40800000 linTerm=8.33333e-06
spd=512.877 ctrl=(-1749567.2500,-7864.4634,225986.9062) accum=(25732.2871,107.0029,-16156.0127) cMag=21350.2 fMag=36298.4 ld0=1.4768e+06 m78=552057 frac=0.626181 grounded=0x40800000 linTerm=1.27157e-12
spd=512.335 ctrl=(-1750202.2500,-7863.6128,219580.8906) accum=(25594.2109,107.2390,-16270.4307) cMag=21354.2 fMag=36503.4 ld0=1.50373e+06 m78=578234 frac=0.615468 grounded=0x40800000 linTerm=8.33333e-06
spd=526.064 ctrl=(-1755384.1250,-7883.1904,213555.4375) accum=(25423.2988,103.6493,-16309.5742) cMag=21492 fMag=36896.8 ld0=1.52793e+06 m78=625872 frac=0.590378 grounded=0x40800000 linTerm=8.33333e-06
spd=540.400 ctrl=(-1759936.2500,-7903.6333,214109.2344) accum=(25552.2910,106.2906,-16316.6133) cMag=21406 fMag=36721 ld0=1.52545e+06 m78=601151 frac=0.60592 grounded=0x40800000 linTerm=1.27157e-12
spd=539.799 ctrl=(-1760545.7500,-7902.6748,207319.6094) accum=(25415.2461,105.6520,-16435.5410) cMag=21409.3 fMag=36951.9 ld0=1.55554e+06 m78=629730 frac=0.595169 grounded=0x40800000 linTerm=8.33333e-06
spd=553.538 ctrl=(-1765729.0000,-7922.2646,200877.0156) accum=(25252.9180,101.3581,-16473.0879) cMag=21549.4 fMag=37377.9 ld0=1.58255e+06 m78=679918 frac=0.570366 grounded=0x40800000 linTerm=8.33333e-06
spd=567.946 ctrl=(-1770310.7500,-7942.8213,201398.2656) accum=(25391.7793,104.1779,-16456.3086) cMag=21463.6 fMag=37168.6 ld0=1.5769e+06 m78=652605 frac=0.586146 grounded=0x40800000 linTerm=1.27157e-12
spd=567.282 ctrl=(-1770885.6250,-7941.7505,194220.8125) accum=(25257.8594,102.7695,-16585.9648) cMag=21465.9 fMag=37428.2 ld0=1.60969e+06 m78=683074 frac=0.57565 grounded=0x40800000 linTerm=8.33333e-06
spd=581.029 ctrl=(-1776060.2500,-7961.3438,187354.7500) accum=(25105.4434,97.8909,-16625.4219) cMag=21608.3 fMag=37888.6 ld0=1.63929e+06 m78=735528 frac=0.551312 grounded=0x40800000 linTerm=8.33333e-06
spd=595.509 ctrl=(-1780670.8750,-7982.0122,187841.1094) accum=(25253.4531,101.0102,-16582.3457) cMag=21522.8 fMag=37641.6 ld0=1.63019e+06 m78=705508 frac=0.567224 grounded=0x40800000 linTerm=1.27157e-12
spd=594.780 ctrl=(-1781201.7500,-7980.8257,180272.1094) accum=(25123.7559,99.0252,-16726.4160) cMag=21524.1 fMag=37932.2 ld0=1.66548e+06 m78=737589 frac=0.557132 grounded=0x40800000 linTerm=8.33333e-06
spd=608.531 ctrl=(-1786357.5000,-8000.4170,172976.6250) accum=(24981.8828,93.6571,-16770.8516) cMag=21668.9 fMag=38429.1 ld0=1.69756e+06 m78=792126 frac=0.533373 grounded=0x40800000 linTerm=8.33333e-06
spd=623.081 ctrl=(-1790997.8750,-8021.1997,173425.9531) accum=(25138.0879,97.1616,-16698.4902) cMag=21583.6 fMag=38139.8 ld0=1.68482e+06 m78=759354 frac=0.549297 grounded=0x40800000 linTerm=1.27157e-12
spd=622.283 ctrl=(-1791473.8750,-8019.8901,165461.7656) accum=(25013.2676,94.7124,-16860.2188) cMag=21583.9 fMag=38463.8 ld0=1.72251e+06 m78=792862 frac=0.539707 grounded=0x40800000 linTerm=8.33333e-06
spd=636.035 ctrl=(-1796599.7500,-8039.4731,157730.9688) accum=(24882.2363,88.9130,-16912.5020) cMag=21731 fMag=38999.5 ld0=1.75705e+06 m78=849359 frac=0.516601 grounded=0x40800000 linTerm=8.33333e-06
spd=650.656 ctrl=(-1801269.6250,-8060.3716,158140.9844) accum=(25045.7773,92.8609,-16807.4453) cMag=21646.2 fMag=38663.2 ld0=1.74049e+06 m78=813827 frac=0.532415 grounded=0x40800000 linTerm=1.27157e-12
spd=649.786 ctrl=(-1801680.1250,-8058.9346,149778.3125) accum=(24926.1992,90.0083,-16989.8457) cMag=21645.2 fMag=39023.4 ld0=1.78057e+06 m78=848633 frac=0.523392 grounded=0x40800000 linTerm=8.33333e-06
spd=663.535 ctrl=(-1806764.3750,-8078.5024,141606.7500) accum=(24806.1367,83.8104,-17052.7480) cMag=21794.8 fMag=39600.2 ld0=1.81759e+06 m78=906989 frac=0.500994 grounded=0x40800000 linTerm=8.33333e-06
spd=678.226 ctrl=(-1811463.7500,-8099.5127,141975.1250) accum=(24976.1113,88.2421,-16911.1777) cMag=21710.3 fMag=39211.9 ld0=1.79703e+06 m78=868721 frac=0.51658 grounded=0x40800000 linTerm=1.27157e-12
spd=677.280 ctrl=(-1811797.5000,-8097.9429,133210.9062) accum=(24862.0957,85.0176,-17117.2305) cMag=21708.2 fMag=39611 ld0=1.83952e+06 m78=904721 frac=0.508175 grounded=0x40800000 linTerm=8.33333e-06
spd=691.022 ctrl=(-1816827.7500,-8117.4883,124593.3281) accum=(24753.0156,78.4380,-17193.5605) cMag=21860.2 fMag=40231.3 ld0=1.87907e+06 m78=964847 frac=0.486528 grounded=0x40800000 linTerm=8.33333e-06
spd=705.784 ctrl=(-1821556.1250,-8138.6143,124917.5938) accum=(24928.6074,83.3832,-17011.2969) cMag=21776.1 fMag=39786.1 ld0=1.85434e+06 m78=923890 frac=0.501769 grounded=0x40800000 linTerm=1.27157e-12
spd=704.759 ctrl=(-1821801.0000,-8136.9067,115749.1953) accum=(24820.3926,79.8018,-17243.9844) cMag=21772.9 fMag=40226.9 ld0=1.89928e+06 m78=960989 frac=0.494023 grounded=0x40800000 linTerm=8.33333e-06
spd=718.491 ctrl=(-1826764.5000,-8156.4233,106680.6484) accum=(24722.4258,72.8489,-17336.6406) cMag=21927.3 fMag=40893.4 ld0=1.9414e+06 m78=1.0228e+06 frac=0.473165 grounded=0x40800000 linTerm=8.33333e-06
spd=733.322 ctrl=(-1831522.0000,-8177.6660,106958.4766) accum=(24902.6875,78.3312,-17109.0977) cMag=21843.6 fMag=40385.8 ld0=1.91234e+06 m78=979218 frac=0.487949 grounded=0x40800000 linTerm=1.27157e-12
spd=732.214 ctrl=(-1831665.3750,-8175.8149,97383.5469) accum=(24800.5918,74.3985,-17371.5391) cMag=21839.1 fMag=40871.4 ld0=1.95979e+06 m78=1.01733e+06 frac=0.4809 grounded=0x40800000 linTerm=8.33333e-06
spd=745.933 ctrl=(-1836548.7500,-8195.2969,87859.5312) accum=(24713.8281,67.0758,-17483.5508) cMag=21996.1 fMag=41586.8 ld0=2.00457e+06 m78=1.08073e+06 frac=0.460866 grounded=0x40800000 linTerm=8.33333e-06
spd=760.833 ctrl=(-1841334.8750,-8216.6562,88088.4766) accum=(24897.8984,73.1159,-17205.7539) cMag=21912.7 fMag=41011.2 ld0=1.971e+06 m78=1.03461e+06 frac=0.475083 grounded=0x40800000 linTerm=1.27157e-12
spd=759.640 ctrl=(-1841363.2500,-8214.6562,78105.1562) accum=(24802.3301,68.8327,-17501.2031) cMag=21907.1 fMag=41544.8 ld0=2.02103e+06 m78=1.07364e+06 frac=0.468768 grounded=0x40800000 linTerm=8.33333e-06
spd=773.342 ctrl=(-1846152.1250,-8234.0967,68121.4062) accum=(24726.9043,61.1407,-17635.7441) cMag=22066.8 fMag=42311.9 ld0=2.06852e+06 m78=1.13854e+06 frac=0.449588 grounded=0x40800000 linTerm=8.33333e-06
spd=788.309 ctrl=(-1850967.2500,-8255.5723,68299.1328) accum=(24913.7207,67.7565,-17302.2969) cMag=21983.6 fMag=41662.4 ld0=2.03028e+06 m78=1.08999e+06 frac=0.463133 grounded=0x40800000 linTerm=1.27157e-12
spd=787.027 ctrl=(-1850866.7500,-8253.4160,57905.7969) accum=(24825.1426,63.1202,-17634.1855) cMag=21976.7 fMag=42247.3 ld0=2.08297e+06 m78=1.12984e+06 frac=0.457585 grounded=0x40800000 linTerm=8.33333e-06
spd=800.709 ctrl=(-1855546.7500,-8272.8086,47458.6992) accum=(24761.3301,55.0588,-17794.6055) cMag=22139.2 fMag=43069 ld0=2.13325e+06 m78=1.19613e+06 frac=0.439291 grounded=0x40800000 linTerm=8.33333e-06
spd=815.744 ctrl=(-1860390.1250,-8294.4043,47582.5820) accum=(24949.8535,62.2665,-17399.7324) cMag=22056.1 fMag=42339.6 ld0=2.09017e+06 m78=1.14528e+06 frac=0.452063 grounded=0x40800000 linTerm=1.27157e-12
spd=814.370 ctrl=(-1860146.7500,-8292.0879,36778.2344) accum=(24868.8516,57.2736,-17771.6855) cMag=22048.2 fMag=42979.1 ld0=2.1456e+06 m78=1.18584e+06 frac=0.447315 grounded=0x40800000 linTerm=8.33333e-06
spd=828.027 ctrl=(-1864701.8750,-8311.4238,25864.3828) accum=(24817.0488,48.8424,-17961.5215) cMag=22213.6 fMag=43858.6 ld0=2.19874e+06 m78=1.25342e+06 frac=0.429937 grounded=0x40800000 linTerm=8.33333e-06
spd=843.129 ctrl=(-1869572.8750,-8333.1338,25931.9746) accum=(25006.0078,56.6567,-17499.0000) cMag=22130.5 fMag=43043 ld0=2.15064e+06 m78=1.20041e+06 frac=0.441836 grounded=0x40800000 linTerm=1.27157e-12
spd=841.660 ctrl=(-1869171.8750,-8330.6533,14716.0879) accum=(24933.3145,51.3030,-17914.8457) cMag=22121.5 fMag=43740.7 ld0=2.2089e+06 m78=1.24157e+06 frac=0.437923 grounded=0x40800000 linTerm=8.33333e-06
spd=855.290 ctrl=(-1873586.2500,-8349.9268,3332.7944) accum=(24894.0254,42.5012,-18137.8262) cMag=22290 fMag=44681.1 ld0=2.26498e+06 m78=1.31031e+06 frac=0.421491 grounded=0x40800000 linTerm=8.33333e-06
spd=870.458 ctrl=(-1878484.8750,-8371.7578,3341.5083) accum=(25081.9629,50.9353,-17600.9727) cMag=22206.6 fMag=43772.6 ld0=2.21168e+06 m78=1.25531e+06 frac=0.432419 grounded=0x40800000 linTerm=1.27157e-12
spd=868.890 ctrl=(-1877910.6250,-8369.1064,-8285.9150) accum=(25018.5137,45.2166,-18064.7832) cMag=22196.7 fMag=44532.4 ld0=2.27287e+06 m78=1.29695e+06 frac=0.429376 grounded=0x40800000 linTerm=8.33333e-06
spd=882.489 ctrl=(-1882167.3750,-8388.3105,-20140.8848) accum=(24992.3887,36.0440,-18324.8281) cMag=22368.6 fMag=45537 ld0=2.33198e+06 m78=1.36673e+06 frac=0.413918 grounded=0x40800000 linTerm=8.33333e-06
spd=897.723 ctrl=(-1887093.1250,-8410.2627,-20193.5938) accum=(25177.6895,45.1096,-17706.5508) cMag=22284.6 fMag=44528.8 ld0=2.2733e+06 m78=1.30992e+06 frac=0.42378 grounded=0x40800000 linTerm=1.27157e-12
spd=896.054 ctrl=(-1886329.7500,-8407.4355,-32232.0684) accum=(25124.5371,39.0217,-18222.6152) cMag=22273.9 fMag=45354.4 ld0=2.3375e+06 m78=1.35191e+06 frac=0.421642 grounded=0x40800000 linTerm=8.33333e-06
spd=909.618 ctrl=(-1890411.8750,-8426.5635,-44560.3867) accum=(25112.4492,29.4791,-18523.8652) cMag=22449.4 fMag=46426.7 ld0=2.39971e+06 m78=1.42258e+06 frac=0.407188 grounded=0x40800000 linTerm=8.33333e-06
spd=924.917 ctrl=(-1895363.8750,-8448.6357,-44677.0977) accum=(25293.1914,39.1865,-17816.5840) cMag=22364.5 fMag=45311.7 ld0=2.33548e+06 m78=1.36418e+06 frac=0.415892 grounded=0x40800000 linTerm=1.27157e-12
spd=923.143 ctrl=(-1894394.6250,-8445.6240,-57125.4414) accum=(25251.6543,32.7260,-18389.4316) cMag=22353.2 fMag=46207.2 ld0=2.40279e+06 m78=1.40637e+06 frac=0.414693 grounded=0x40800000 linTerm=8.33333e-06
spd=936.669 ctrl=(-1898284.1250,-8464.6689,-69928.1641) accum=(25254.6543,22.8149,-18736.2402) cMag=22532.8 fMag=47350.8 ld0=2.4682e+06 m78=1.47778e+06 frac=0.401271 grounded=0x40800000 linTerm=8.33333e-06
spd=952.032 ctrl=(-1903261.5000,-8486.8633,-70111.5156) accum=(25428.5820,33.1718,-17931.9102) cMag=22446.3 fMag=46121.6 ld0=2.39823e+06 m78=1.41801e+06 frac=0.408726 grounded=0x40800000 linTerm=1.27157e-12
spd=950.150 ctrl=(-1902069.8750,-8483.6670,-82967.9609) accum=(25400.2188,26.3361,-18566.3281) cMag=22434.9 fMag=47091.1 ld0=2.46874e+06 m78=1.46025e+06 frac=0.408503 grounded=0x40800000 linTerm=8.33333e-06
spd=963.636 ctrl=(-1905748.5000,-8502.6211,-96245.4609) accum=(25419.5371,16.0590,-18963.2246) cMag=22618.7 fMag=48309.7 ld0=2.53744e+06 m78=1.53225e+06 frac=0.396141 grounded=0x40800000 linTerm=8.33333e-06
spd=979.061 ctrl=(-1910750.7500,-8524.9404,-96498.1094) accum=(25584.1367,27.0717,-18053.3496) cMag=22530.3 fMag=46958.7 ld0=2.46154e+06 m78=1.47136e+06 frac=0.402257 grounded=0x40800000 linTerm=1.27157e-12
spd=977.068 ctrl=(-1909319.5000,-8521.5508,-109760.2422) accum=(25570.6641,19.8591,-18754.3438) cMag=22518.8 fMag=48006.6 ld0=2.53536e+06 m78=1.51349e+06 frac=0.403047 grounded=0x40800000 linTerm=8.33333e-06
spd=990.510 ctrl=(-1912768.1250,-8540.4082,-123512.1484) accum=(25607.8574,9.2199,-19206.0898) cMag=22707.4 fMag=49303.9 ld0=2.60743e+06 m78=1.58591e+06 frac=0.391772 grounded=0x40800000 linTerm=8.33333e-06
spd=1005.998 ctrl=(-1917793.8750,-8562.8486,-123836.6797) accum=(25761.6777,20.9247,-18184.7539) cMag=22616.2 fMag=47821.4 ld0=2.52512e+06 m78=1.52363e+06 frac=0.396613 grounded=0x40800000 linTerm=1.27157e-12
spd=1003.891 ctrl=(-1916104.7500,-8559.2617,-137501.3125) accum=(25764.5625,13.3204,-18956.7070) cMag=22605.2 fMag=48953.3 ld0=2.60251e+06 m78=1.5657e+06 frac=0.398387 grounded=0x40800000 linTerm=8.33333e-06
spd=1017.284 ctrl=(-1919304.0000,-8578.0166,-151726.6406) accum=(25825.0352,2.4051,-19478.6738) cMag=22798.3 fMag=50330.7 ld0=2.67745e+06 m78=1.637e+06 frac=0.388597 grounded=0x40800000 linTerm=8.33333e-06
spd=1032.834 ctrl=(-1924352.3750,-8600.5791,-152125.7344) accum=(25964.5742,16.4913,-18233.3691) cMag=22640.2 fMag=48474.5 ld0=2.57086e+06 m78=1.55695e+06 frac=0.394385 grounded=0x40800000 linTerm=1.27157e-12
spd=1030.611 ctrl=(-1922387.7500,-8596.7910,-166188.9844) accum=(25983.8750,8.1190,-19101.1230) cMag=22642.9 fMag=49742.9 ld0=2.65584e+06 m78=1.60284e+06 frac=0.396486 grounded=0x40800000 linTerm=8.33333e-06
spd=1043.952 ctrl=(-1925317.3750,-8615.4346,-180885.8281) accum=(26090.1934,-0.1657,-19518.4941) cMag=22787.6 fMag=50802.3 ld0=2.70546e+06 m78=1.64756e+06 frac=0.391024 grounded=0x40800000 linTerm=8.33333e-06
spd=1059.562 ctrl=(-1930387.6250,-8638.1221,-181362.1562) accum=(26242.7656,15.7019,-18092.2266) cMag=22638.7 fMag=48673.1 ld0=2.58174e+06 m78=1.55611e+06 frac=0.397262 grounded=0x40800000 linTerm=1.27157e-12
spd=1057.220 ctrl=(-1928128.8750,-8634.1279,-195819.3906) accum=(26281.8418,7.1799,-19015.4414) cMag=22639.2 fMag=49987.1 ld0=2.6685e+06 m78=1.60077e+06 frac=0.400123 grounded=0x40800000 linTerm=8.33333e-06
spd=1070.507 ctrl=(-1930768.2500,-8652.6533,-210985.0781) accum=(26402.9141,-1.2245,-19478.1465) cMag=22784.7 fMag=51089.8 ld0=2.72006e+06 m78=1.64491e+06 frac=0.395267 grounded=0x40800000 linTerm=8.33333e-06
spd=1086.176 ctrl=(-1935858.8750,-8675.4668,-211541.3594) accum=(26527.7520,14.8314,-17941.6562) cMag=22638 fMag=48881.4 ld0=2.59331e+06 m78=1.55589e+06 frac=0.400037 grounded=0x40800000 linTerm=1.27157e-12
spd=1083.712 ctrl=(-1933286.2500,-8671.2578,-226386.9844) accum=(26589.4316,6.1820,-18922.1309) cMag=22636.3 fMag=50241.1 ld0=2.68177e+06 m78=1.59909e+06 frac=0.403718 grounded=0x40800000 linTerm=8.33333e-06
spd=1096.941 ctrl=(-1935615.1250,-8689.6611,-242018.0625) accum=(26727.6270,-2.3175,-19432.9395) cMag=22782.4 fMag=51387.6 ld0=2.73518e+06 m78=1.64236e+06 frac=0.399543 grounded=0x40800000 linTerm=8.33333e-06
spd=1112.669 ctrl=(-1940724.8750,-8712.6006,-242656.9688) accum=(26821.0762,13.9293,-17784.1172) cMag=22637.7 fMag=49097.2 ld0=2.60528e+06 m78=1.55574e+06 frac=0.402853 grounded=0x40800000 linTerm=1.27157e-12
spd=1110.079 ctrl=(-1937819.8750,-8708.1758,-257884.6719) accum=(26907.9863,5.1662,-18823.9492) cMag=22633.8 fMag=50503.7 ld0=2.6954e+06 m78=1.5973e+06 frac=0.407398 grounded=0x40800000 linTerm=8.33333e-06
spd=1123.247 ctrl=(-1939816.0000,-8726.4463,-273976.6250) accum=(27065.8848,-3.4094,-19385.3652) cMag=22780.7 fMag=51694.9 ld0=2.75064e+06 m78=1.6395e+06 frac=0.403957 grounded=0x40800000 linTerm=8.33333e-06
spd=1139.032 ctrl=(-1944943.5000,-8749.5127,-274700.8125) accum=(27123.5938,13.0207,-17620.8770) cMag=22637.5 fMag=49319.7 ld0=2.6175e+06 m78=1.55536e+06 frac=0.405786 grounded=0x40800000 linTerm=1.27157e-12
spd=1136.315 ctrl=(-1941686.3750,-8744.8662,-290303.4375) accum=(27238.6777,4.1552,-18722.3340) cMag=22631.5 fMag=50774.3 ld0=2.70929e+06 m78=1.59515e+06 frac=0.411229 grounded=0x40800000 linTerm=8.33333e-06
spd=1149.419 ctrl=(-1943328.7500,-8762.9990,-306850.9375) accum=(27418.7930,-4.4809,-19336.5801) cMag=22779.3 fMag=52011.5 ld0=2.76635e+06 m78=1.63612e+06 frac=0.408563 grounded=0x40800000 linTerm=8.33333e-06
spd=1165.261 ctrl=(-1948472.1250,-8786.1924,-307663.0938) accum=(27435.9277,12.1191,-17452.5020) cMag=22637.4 fMag=49548.4 ld0=2.6299e+06 m78=1.55461e+06 frac=0.408873 grounded=0x40800000 linTerm=1.27157e-12
spd=1162.414 ctrl=(-1944842.8750,-8781.3203,-323632.4375) accum=(27582.1035,3.1605,-18617.8398) cMag=22629.4 fMag=51052.9 ld0=2.72339e+06 m78=1.59251e+06 frac=0.415245 grounded=0x40800000 linTerm=8.33333e-06
spd=1175.450 ctrl=(-1946109.2500,-8799.3105,-340629.1875) accum=(27787.1699,-5.5210,-19287.0117) cMag=22778.3 fMag=52337.3 ld0=2.78228e+06 m78=1.63213e+06 frac=0.413385 grounded=0x40800000 linTerm=8.33333e-06
spd=1191.348 ctrl=(-1951267.2500,-8822.6338,-341532.0000) accum=(27758.4902,11.2320,-17279.1191) cMag=22637.3 fMag=49783.2 ld0=2.64245e+06 m78=1.55341e+06 frac=0.412133 grounded=0x40800000 linTerm=1.27157e-12
spd=1188.369 ctrl=(-1947246.5000,-8817.5322,-357859.0625) accum=(27938.9707,2.1904,-18510.5801) cMag=22627.5 fMag=51339.4 ld0=2.73766e+06 m78=1.58932e+06 frac=0.419461 grounded=0x40800000 linTerm=8.33333e-06
spd=1201.335 ctrl=(-1948114.5000,-8835.3721,-375297.6875) accum=(28171.6836,-6.5227,-19236.5820) cMag=22777.6 fMag=52672.2 ld0=2.7984e+06 m78=1.62745e+06 frac=0.418433 grounded=0x40800000 linTerm=8.33333e-06
spd=1217.287 ctrl=(-1953285.2500,-8858.8223,-376293.8125) accum=(28091.5938,10.3643,-17100.5898) cMag=22637.2 fMag=50024.2 ld0=2.65513e+06 m78=1.55173e+06 frac=0.415573 grounded=0x40800000 linTerm=1.27157e-12
spd=1214.173 ctrl=(-1948852.3750,-8853.4844,-392968.5625) accum=(28309.7402,1.2495,-18400.3184) cMag=22625.8 fMag=51633.8 ld0=2.75211e+06 m78=1.58554e+06 frac=0.423882 grounded=0x40800000 linTerm=8.33333e-06
spd=1227.066 ctrl=(-1949299.3750,-8871.1680,-410840.6562) accum=(28573.2949,-7.4785,-19184.9863) cMag=22777.3 fMag=53016.6 ld0=2.81471e+06 m78=1.62208e+06 frac=0.423712 grounded=0x40800000 linTerm=8.33333e-06
spd=1243.072 ctrl=(-1954480.8750,-8894.7490,-411932.7188) accum=(28435.4902,9.5186,-16916.5996) cMag=22637.2 fMag=50271.4 ld0=2.66794e+06 m78=1.54955e+06 frac=0.419196 grounded=0x40800000 linTerm=1.27157e-12
spd=1239.820 ctrl=(-1949615.6250,-8889.1719,-428944.0625) accum=(28694.9961,0.3424,-18286.6680) cMag=22624.4 fMag=51936.3 ld0=2.76673e+06 m78=1.58116e+06 frac=0.428509 grounded=0x40800000 linTerm=8.33333e-06
spd=1252.637 ctrl=(-1949619.2500,-8906.6934,-447240.2812) accum=(28992.4199,-8.3856,-19131.6445) cMag=22777.6 fMag=53370.3 ld0=2.83122e+06 m78=1.61601e+06 frac=0.429217 grounded=0x40800000 linTerm=8.33333e-06
spd=1268.697 ctrl=(-1954809.2500,-8930.4033,-448430.8750) accum=(28790.5078,8.6987,-16726.7344) cMag=22637.2 fMag=50524.8 ld0=2.68088e+06 m78=1.54686e+06 frac=0.423001 grounded=0x40800000 linTerm=1.27157e-12
spd=1265.305 ctrl=(-1949491.6250,-8924.5840,-465766.7500) accum=(29095.1465,-0.5275,-18169.0859) cMag=22623.3 fMag=52246.9 ld0=2.78151e+06 m78=1.57617e+06 frac=0.43334 grounded=0x40800000 linTerm=8.33333e-06
spd=1278.043 ctrl=(-1949028.3750,-8941.9365,-484476.5000) accum=(29429.8652,-9.2389,-19075.8887) cMag=22778.5 fMag=53733.6 ld0=2.84792e+06 m78=1.60923e+06 frac=0.434945 grounded=0x40800000 linTerm=8.33333e-06
spd=1294.154 ctrl=(-1954225.5000,-8965.7793,-485768.3125) accum=(29156.7617,7.9057,-16530.4707) cMag=22637.3 fMag=50784.4 ld0=2.69394e+06 m78=1.54367e+06 frac=0.426984 grounded=0x40800000 linTerm=1.27157e-12
spd=1290.621 ctrl=(-1948434.3750,-8959.7100,-503415.5000) accum=(29510.7441,-1.3567,-18046.9258) cMag=22622.7 fMag=52565.7 ld0=2.79647e+06 m78=1.57058e+06 frac=0.438371 grounded=0x40800000 linTerm=8.33333e-06
spd=1303.278 ctrl=(-1947481.6250,-8976.8877,-522527.0625) accum=(29886.0898,-10.0356,-19016.8730) cMag=22780 fMag=54106.4 ld0=2.86483e+06 m78=1.60176e+06 frac=0.440888 grounded=0x40800000 linTerm=8.33333e-06
spd=1319.439 ctrl=(-1952683.0000,-9000.8643,-523922.6250) accum=(29534.5586,7.1429,-16327.2480) cMag=22637.6 fMag=51050.4 ld0=2.70714e+06 m78=1.53997e+06 frac=0.431143 grounded=0x40800000 linTerm=1.27157e-12
spd=1315.762 ctrl=(-1946399.0000,-8994.5449,-541867.1250) accum=(29942.0156,-2.1433,-17919.4316) cMag=22622.4 fMag=52892.7 ld0=2.8116e+06 m78=1.56439e+06 frac=0.443596 grounded=0x40800000 linTerm=8.33333e-06
spd=1328.335 ctrl=(-1944933.8750,-9011.5439,-561367.7500) accum=(30361.8613,-10.7705,-18953.7168) cMag=22782.3 fMag=54488.9 ld0=2.88196e+06 m78=1.59361e+06 frac=0.44704 grounded=0x40800000 linTerm=8.33333e-06
spd=1344.546 ctrl=(-1950136.6250,-9035.6504,-562869.4375) accum=(29924.0098,6.4120,-16116.4219) cMag=22638.1 fMag=51322.7 ld0=2.72047e+06 m78=1.53578e+06 frac=0.435472 grounded=0x40800000 linTerm=1.27157e-12
spd=1340.723 ctrl=(-1943339.1250,-9029.0781,-581095.9375) accum=(30389.5156,-2.8830,-17785.7812) cMag=22622.7 fMag=53228 ld0=2.82691e+06 m78=1.5576e+06 frac=0.449009 grounded=0x40800000 linTerm=8.33333e-06
spd=1353.209 ctrl=(-1941338.1250,-9045.8896,-600971.3750) accum=(30857.5957,-11.4419,-18885.3438) cMag=22785.4 fMag=54880.9 ld0=2.89931e+06 m78=1.58479e+06 frac=0.453391 grounded=0x40800000 linTerm=8.33333e-06
spd=1369.469 ctrl=(-1946540.6250,-9070.1309,-602581.9375) accum=(30325.2949,5.7150,-15897.3262) cMag=22638.7 fMag=51601.4 ld0=2.73393e+06 m78=1.53109e+06 frac=0.439968 grounded=0x40800000 linTerm=1.27157e-12
spd=1365.498 ctrl=(-1939209.2500,-9063.2979,-621073.8750) accum=(30853.6426,-3.5731,-17645.1152) cMag=22623.6 fMag=53571.6 ld0=2.84241e+06 m78=1.55024e+06 frac=0.454606 grounded=0x40800000 linTerm=8.33333e-06
spd=1377.894 ctrl=(-1936650.0000,-9079.9219,-641309.1250) accum=(31373.8750,-12.0460,-18810.6406) cMag=22789.5 fMag=55282.6 ld0=2.91691e+06 m78=1.57533e+06 frac=0.459932 grounded=0x40800000 linTerm=8.33333e-06
spd=1394.202 ctrl=(-1941848.5000,-9104.2949,-643030.6250) accum=(30738.5879,5.0545,-15669.1748) cMag=22639.7 fMag=51886.5 ld0=2.74753e+06 m78=1.52591e+06 frac=0.444624 grounded=0x40800000 linTerm=1.27157e-12
spd=1390.081 ctrl=(-1933963.8750,-9097.2002,-661770.5625) accum=(31334.6562,-4.2109,-17496.3867) cMag=22625.1 fMag=53923.4 ld0=2.8581e+06 m78=1.5423e+06 frac=0.460376 grounded=0x40800000 linTerm=8.33333e-06
spd=1402.386 ctrl=(-1930823.1250,-9113.6260,-682349.1250) accum=(31871.9180,-12.6651,-18632.8008) cMag=22786.8 fMag=55636.7 ld0=2.93437e+06 m78=1.5695e+06 frac=0.465132 grounded=0x40800000 linTerm=8.33333e-06
spd=1418.740 ctrl=(-1936015.5000,-9138.1338,-684184.0625) accum=(31164.6445,4.4397,-15432.5605) cMag=22640.9 fMag=52178.2 ld0=2.76125e+06 m78=1.52015e+06 frac=0.449471 grounded=0x40800000 linTerm=1.27157e-12
spd=1414.468 ctrl=(-1927557.6250,-9130.7754,-703153.4375) accum=(31833.5176,-4.7875,-17339.9297) cMag=22627.3 fMag=54283.9 ld0=2.87398e+06 m78=1.53372e+06 frac=0.466344 grounded=0x40800000 linTerm=8.33333e-06
spd=1426.678 ctrl=(-1923813.0000,-9146.9990,-724057.4375) accum=(32293.9043,-13.7063,-18205.8711) cMag=22793.6 fMag=55870.4 ld0=2.94727e+06 m78=1.57275e+06 frac=0.466371 grounded=0x40800000 linTerm=8.33333e-06
spd=1443.078 ctrl=(-1928996.3750,-9171.6445,-726008.2500) accum=(31604.9551,3.8910,-15189.4307) cMag=22642.2 fMag=52477.4 ld0=2.77507e+06 m78=1.5136e+06 frac=0.454572 grounded=0x40800000 linTerm=1.27157e-12
spd=1438.654 ctrl=(-1919946.5000,-9164.0166,-745187.3125) accum=(32351.7930,-5.2833,-17177.1758) cMag=22630.2 fMag=54653.9 ld0=2.89004e+06 m78=1.52433e+06 frac=0.47256 grounded=0x40800000 linTerm=8.33333e-06
spd=1450.768 ctrl=(-1915575.2500,-9180.0342,-766397.7500) accum=(32717.7031,-14.7237,-17757.3828) cMag=22800.6 fMag=56102.9 ld0=2.96005e+06 m78=1.57589e+06 frac=0.467615 grounded=0x40800000 linTerm=8.33333e-06
spd=1467.212 ctrl=(-1920746.2500,-9204.8164,-768466.6250) accum=(32059.1543,3.4007,-14937.4580) cMag=22643.9 fMag=52783.9 ld0=2.78903e+06 m78=1.50641e+06 frac=0.459881 grounded=0x40800000 linTerm=1.27157e-12
spd=1462.633 ctrl=(-1911085.2500,-9196.9160,-787834.1875) accum=(32815.4023,-5.9154,-16844.0527) cMag=22628 fMag=54938.9 ld0=2.90473e+06 m78=1.52135e+06 frac=0.476252 grounded=0x40800000 linTerm=8.33333e-06
spd=1474.648 ctrl=(-1906065.8750,-9212.7227,-809331.0625) accum=(33142.9141,-15.7110,-17287.6289) cMag=22807.6 fMag=56334 ld0=2.97267e+06 m78=1.57884e+06 frac=0.468881 grounded=0x40800000 linTerm=8.33333e-06
spd=1491.136 ctrl=(-2401892.7500,-11609.2383,-1019863.0625) accum=(32528.0840,2.9786,-14676.9404) cMag=22645.8 fMag=53098 ld0=2.80311e+06 m78=1.49847e+06 frac=0.465424 grounded=0x40800000 linTerm=1.27157e-12
spd=1486.401 ctrl=(-2389302.7500,-11600.6279,-1044561.7500) accum=(33224.0352,-6.8068,-16351.6494) cMag=22634.2 fMag=55150.7 ld0=2.91626e+06 m78=1.52383e+06 frac=0.47747 grounded=0x40800000 linTerm=8.33333e-06
spd=1502.669 ctrl=(-2382575.0000,-11622.1719,-1072040.0000) accum=(33482.6016,-18.5522,-16617.2246) cMag=22869.1 fMag=56612.5 ld0=2.9862e+06 m78=1.5999e+06 frac=0.464236 grounded=0x40800000 linTerm=8.33333e-06
spd=1523.596 ctrl=(-2389116.5000,-11654.0830,-1074983.5000) accum=(32881.8984,3.4442,-14068.0166) cMag=22641.9 fMag=53126.2 ld0=2.80266e+06 m78=1.49227e+06 frac=0.467553 grounded=0x40800000 linTerm=1.27157e-12
spd=1518.658 ctrl=(-2375819.2500,-11645.1201,-1099626.1250) accum=(33562.1133,-6.6976,-15630.7881) cMag=22632.1 fMag=55138.8 ld0=2.91547e+06 m78=1.52342e+06 frac=0.477471 grounded=0x40800000 linTerm=8.33333e-06
spd=1534.803 ctrl=(-2368415.0000,-11666.4385,-1127032.6250) accum=(33830.2422,-18.4842,-15905.3252) cMag=22865.3 fMag=56611.2 ld0=2.98605e+06 m78=1.59934e+06 frac=0.464395 grounded=0x40800000 linTerm=8.33333e-06
spd=1555.809 ctrl=(-2374922.0000,-11698.4912,-1130129.0000) accum=(33261.5703,3.6969,-13536.5693) cMag=22639.4 fMag=53229.7 ld0=2.80594e+06 m78=1.48528e+06 frac=0.470665 grounded=0x40800000 linTerm=1.27157e-12
spd=1550.662 ctrl=(-2360988.2500,-11689.1992,-1154548.8750) accum=(33892.1328,-6.7524,-14927.6240) cMag=22630.8 fMag=55154.5 ld0=2.91623e+06 m78=1.52351e+06 frac=0.477574 grounded=0x40800000 linTerm=8.33333e-06
spd=1566.680 ctrl=(-2352909.0000,-11710.2939,-1181866.7500) accum=(34168.9414,-18.5424,-15205.3496) cMag=22862.4 fMag=56631.9 ld0=2.98714e+06 m78=1.5992e+06 frac=0.46464 grounded=0x40800000 linTerm=8.33333e-06
spd=1587.761 ctrl=(-2359379.0000,-11742.4951,-1185116.7500) accum=(33645.5742,3.8893,-13022.7021) cMag=22637.5 fMag=53356.6 ld0=2.81037e+06 m78=1.47803e+06 frac=0.474079 grounded=0x40800000 linTerm=1.27157e-12
spd=1582.404 ctrl=(-2344813.0000,-11732.8760,-1209297.2500) accum=(34211.7852,-6.8850,-14229.9805) cMag=22630 fMag=55184 ld0=2.91777e+06 m78=1.52384e+06 frac=0.477738 grounded=0x40800000 linTerm=8.33333e-06
spd=1598.290 ctrl=(-2336058.5000,-11753.7432,-1236508.6250) accum=(34496.6641,-18.6594,-14507.5400) cMag=22859.9 fMag=56663.3 ld0=2.98882e+06 m78=1.59923e+06 frac=0.46493 grounded=0x40800000 linTerm=8.33333e-06
spd=1619.445 ctrl=(-2342488.2500,-11786.0938,-1239912.0000) accum=(34008.4531,4.0746,-12481.3271) cMag=22628.4 fMag=53472.9 ld0=2.81589e+06 m78=1.47233e+06 frac=0.477135 grounded=0x40800000 linTerm=1.27157e-12
spd=1613.873 ctrl=(-2327294.0000,-11776.1445,-1263835.7500) accum=(34519.3203,-7.0536,-13531.3594) cMag=22629.5 fMag=55220.2 ld0=2.91968e+06 m78=1.52427e+06 frac=0.477931 grounded=0x40800000 linTerm=8.33333e-06
spd=1629.624 ctrl=(-2317865.0000,-11796.7822,-1290923.5000) accum=(34811.6680,-18.8035,-13806.9512) cMag=22857.6 fMag=56699.5 ld0=2.99078e+06 m78=1.59934e+06 frac=0.465242 grounded=0x40800000 linTerm=8.33333e-06
spd=1650.853 ctrl=(-2324251.0000,-11829.2861,-1294480.2500) accum=(34287.5312,3.9068,-11798.9434) cMag=22629.8 fMag=53518.5 ld0=2.81834e+06 m78=1.47253e+06 frac=0.47752 grounded=0x40800000 linTerm=1.27157e-12
spd=1645.064 ctrl=(-2308431.7500,-11819.0020,-1318130.2500) accum=(34813.6406,-7.2386,-12828.6250) cMag=22629.1 fMag=55259.3 ld0=2.92175e+06 m78=1.52475e+06 frac=0.478136 grounded=0x40800000 linTerm=8.33333e-06
spd=1660.677 ctrl=(-2298330.5000,-11839.4102,-1345077.0000) accum=(35113.2461,-18.9565,-13101.1455) cMag=22855.4 fMag=56737.5 ld0=2.99283e+06 m78=1.59947e+06 frac=0.465565 grounded=0x40800000 linTerm=8.33333e-06
spd=1681.978 ctrl=(-2304668.5000,-11872.0596,-1348786.2500) accum=(34553.4688,3.7335,-11111.2832) cMag=22631.4 fMag=53565.2 ld0=2.82086e+06 m78=1.47274e+06 frac=0.477911 grounded=0x40800000 linTerm=1.27157e-12
spd=1675.970 ctrl=(-2288230.2500,-11861.4414,-1372146.1250) accum=(35094.0039,-7.4288,-12120.2578) cMag=22628.7 fMag=55299.2 ld0=2.92387e+06 m78=1.52525e+06 frac=0.478344 grounded=0x40800000 linTerm=8.33333e-06
spd=1691.442 ctrl=(-2277457.2500,-11881.6113,-1398933.6250) accum=(35400.6367,-19.1103,-12389.0312) cMag=22853.1 fMag=56775.8 ld0=2.9949e+06 m78=1.5996e+06 frac=0.465891 grounded=0x40800000 linTerm=8.33333e-06
spd=1712.814 ctrl=(-2283744.7500,-11914.4111,-1402795.6250) accum=(34805.5273,3.5601,-10417.4922) cMag=22632.9 fMag=53611.9 ld0=2.82338e+06 m78=1.47296e+06 frac=0.478298 grounded=0x40800000 linTerm=1.27157e-12
spd=1706.586 ctrl=(-2266692.2500,-11903.4551,-1425848.0000) accum=(35359.8828,-7.6193,-11405.6484) cMag=22628.4 fMag=55339.1 ld0=2.92598e+06 m78=1.52575e+06 frac=0.47855 grounded=0x40800000 linTerm=8.33333e-06
spd=1721.914 ctrl=(-2255249.5000,-11923.3828,-1452458.3750) accum=(35673.4375,-19.2608,-11670.2061) cMag=22850.8 fMag=56813.5 ld0=2.99693e+06 m78=1.59972e+06 frac=0.466216 grounded=0x40800000 linTerm=8.33333e-06
spd=1743.357 ctrl=(-2261482.5000,-11956.3330,-1456472.7500) accum=(35043.3164,3.3890,-9717.3223) cMag=22634.4 fMag=53657.8 ld0=2.82585e+06 m78=1.47318e+06 frac=0.478678 grounded=0x40800000 linTerm=1.27157e-12
spd=1736.906 ctrl=(-2243821.7500,-11945.0371,-1479201.1250) accum=(35610.9258,-7.8077,-10684.6582) cMag=22628 fMag=55378.4 ld0=2.92806e+06 m78=1.52625e+06 frac=0.478751 grounded=0x40800000 linTerm=8.33333e-06
spd=1752.088 ctrl=(-2231712.7500,-11964.7236,-1505617.5000) accum=(35931.2734,-19.4064,-10944.6768) cMag=22848.4 fMag=56850.2 ld0=2.99892e+06 m78=1.59981e+06 frac=0.466538 grounded=0x40800000 linTerm=8.33333e-06
spd=1773.600 ctrl=(-2237886.2500,-11997.8223,-1509782.5000) accum=(35266.5820,3.2227,-9010.7617) cMag=22635.9 fMag=53702.8 ld0=2.82827e+06 m78=1.47338e+06 frac=0.479051 grounded=0x40800000 linTerm=1.27157e-12
spd=1766.925 ctrl=(-2219623.2500,-11986.1836,-1532170.3750) accum=(35846.9297,-7.9921,-9957.3574) cMag=22627.6 fMag=55416.9 ld0=2.9301e+06 m78=1.52674e+06 frac=0.478947 grounded=0x40800000 linTerm=8.33333e-06
spd=1781.958 ctrl=(-2206850.7500,-12005.6240,-1558374.6250) accum=(36173.9805,-19.5456,-10212.5488) cMag=22845.9 fMag=56885.8 ld0=3.00084e+06 m78=1.59988e+06 frac=0.466858 grounded=0x40800000 linTerm=8.33333e-06
spd=1803.540 ctrl=(-2212961.5000,-12038.8662,-1562689.6250) accum=(35475.0664,3.0617,-8298.0107) cMag=22637.4 fMag=53746.7 ld0=2.83062e+06 m78=1.47358e+06 frac=0.479415 grounded=0x40800000 linTerm=1.27157e-12
spd=1796.639 ctrl=(-2194104.0000,-12026.8857,-1584720.8750) accum=(36067.6289,-8.1725,-9224.0166) cMag=22627.2 fMag=55454.5 ld0=2.93209e+06 m78=1.52722e+06 frac=0.479136 grounded=0x40800000 linTerm=8.33333e-06
spd=1811.521 ctrl=(-2180670.5000,-12046.0742,-1610695.2500) accum=(36401.4141,-19.6779,-9474.1387) cMag=22843.5 fMag=56920.3 ld0=3.00271e+06 m78=1.59992e+06 frac=0.467175 grounded=0x40800000 linTerm=8.33333e-06
spd=1833.171 ctrl=(-2186715.2500,-12079.4678,-1615160.1250) accum=(35668.4844,2.9050,-7579.4453) cMag=22638.8 fMag=53789.4 ld0=2.83292e+06 m78=1.47377e+06 frac=0.479769 grounded=0x40800000 linTerm=1.27157e-12
spd=1826.043 ctrl=(-2167269.5000,-12067.1406,-1636817.6250) accum=(36272.8984,-8.3488,-8484.9297) cMag=22626.8 fMag=55491.2 ld0=2.93403e+06 m78=1.52769e+06 frac=0.47932 grounded=0x40800000 linTerm=8.33333e-06
spd=1840.772 ctrl=(-2153180.5000,-12086.0791,-1662545.0000) accum=(36613.2500,-19.8044,-8729.7705) cMag=22840.9 fMag=56953.6 ld0=3.00451e+06 m78=1.59994e+06 frac=0.467489 grounded=0x40800000 linTerm=8.33333e-06
spd=1862.490 ctrl=(-2159155.0000,-12119.6152,-1667158.2500) accum=(35846.7969,2.7534,-6855.3159) cMag=22640.2 fMag=53831.1 ld0=2.83515e+06 m78=1.47395e+06 frac=0.480115 grounded=0x40800000 linTerm=1.27157e-12
spd=1855.134 ctrl=(-2139129.2500,-12106.9414,-1688426.3750) accum=(36462.5664,-8.5204,-7740.4341) cMag=22626.4 fMag=55527 ld0=2.93592e+06 m78=1.52815e+06 frac=0.479498 grounded=0x40800000 linTerm=8.33333e-06
spd=1869.708 ctrl=(-2124389.2500,-12125.6270,-1713889.3750) accum=(36809.3828,-19.9244,-7979.7861) cMag=22838.3 fMag=56985.8 ld0=3.00625e+06 m78=1.59993e+06 frac=0.467799 grounded=0x40800000 linTerm=8.33333e-06
spd=1891.493 ctrl=(-2130289.0000,-12159.2949,-1718649.0000) accum=(36009.7188,2.6071,-6126.0269) cMag=22641.6 fMag=53871.6 ld0=2.83732e+06 m78=1.47413e+06 frac=0.480451 grounded=0x40800000 linTerm=1.27157e-12
spd=1883.907 ctrl=(-2109691.7500,-12146.2764,-1739512.1250) accum=(36636.4102,-8.6877,-6990.8784) cMag=22625.9 fMag=55561.8 ld0=2.93776e+06 m78=1.5286e+06 frac=0.47967 grounded=0x40800000 linTerm=8.33333e-06
spd=1898.325 ctrl=(-2094306.1250,-12164.7051,-1764693.3750) accum=(36989.5977,-20.0386,-7224.5674) cMag=22835.7 fMag=57016.8 ld0=3.00792e+06 m78=1.5999e+06 frac=0.468105 grounded=0x40800000 linTerm=8.33333e-06
spd=1920.175 ctrl=(-2100128.7500,-12198.5176,-1769599.6250) accum=(36157.1211,2.4649,-5391.9521) cMag=22642.9 fMag=53911 ld0=2.83943e+06 m78=1.47429e+06 frac=0.480779 grounded=0x40800000 linTerm=1.27157e-12
spd=1912.360 ctrl=(-2078967.7500,-12185.1465,-1790041.0000) accum=(36794.3516,-8.8513,-6236.6782) cMag=22625.4 fMag=55595.7 ld0=2.93954e+06 m78=1.52904e+06 frac=0.479836 grounded=0x40800000 linTerm=8.33333e-06
spd=1926.620 ctrl=(-2062942.2500,-12203.3184,-1814923.8750) accum=(37153.8242,-20.1471,-6464.5034) cMag=22832.9 fMag=57046.7 ld0=3.00954e+06 m78=1.59985e+06 frac=0.468408 grounded=0x40800000 linTerm=8.33333e-06
spd=1948.535 ctrl=(-2068682.2500,-12237.2754,-1819974.0000) accum=(36289.0078,2.3269,-4653.4160) cMag=22644.2 fMag=53949.4 ld0=2.84149e+06 m78=1.47445e+06 frac=0.481098 grounded=0x40800000 linTerm=1.27157e-12
spd=1940.489 ctrl=(-2046967.8750,-12223.5566,-1839979.1250) accum=(36936.3398,-9.0113,-5478.1655) cMag=22625 fMag=55628.8 ld0=2.94129e+06 m78=1.52948e+06 frac=0.479997 grounded=0x40800000 linTerm=8.33333e-06
spd=1954.589 ctrl=(-2030308.2500,-12241.4688,-1864546.0000) accum=(37301.9609,-20.2505,-5699.9326) cMag=22830.2 fMag=57075.6 ld0=3.01111e+06 m78=1.59978e+06 frac=0.468707 grounded=0x40800000 linTerm=8.33333e-06
spd=1976.569 ctrl=(-2035963.1250,-12275.5654,-1869739.3750) accum=(36405.1641,2.1934,-3910.8447) cMag=22645.6 fMag=53986.8 ld0=2.84349e+06 m78=1.47461e+06 frac=0.481409 grounded=0x40800000 linTerm=1.27157e-12
spd=1968.290 ctrl=(-2013704.0000,-12261.4912,-1889292.1250) accum=(37062.2344,-9.1664,-4715.7124) cMag=22624.6 fMag=55661.1 ld0=2.94298e+06 m78=1.5299e+06 frac=0.480153 grounded=0x40800000 linTerm=8.33333e-06
spd=1982.229 ctrl=(-1996417.3750,-12279.1445,-1913526.7500) accum=(37433.9922,-20.3477,-4931.2520) cMag=22827.4 fMag=57103.6 ld0=3.01262e+06 m78=1.59969e+06 frac=0.469005 grounded=0x40800000 linTerm=8.33333e-06
spd=2004.273 ctrl=(-2001983.5000,-12313.3789,-1918861.6250) accum=(36505.3867,2.0631,-3164.6855) cMag=22646.7 fMag=54023.2 ld0=2.84543e+06 m78=1.47475e+06 frac=0.481713 grounded=0x40800000 linTerm=1.27157e-12
spd=1995.763 ctrl=(-1979190.5000,-12298.9551,-1937947.3750) accum=(37171.8242,-9.3191,-3949.7620) cMag=22624.1 fMag=55692.5 ld0=2.94464e+06 m78=1.53032e+06 frac=0.480303 grounded=0x40800000 linTerm=8.33333e-06
spd=2009.539 ctrl=(-1961284.1250,-12316.3438,-1961833.0000) accum=(37549.5820,-20.4399,-4158.8354) cMag=22824.5 fMag=57130.6 ld0=3.01408e+06 m78=1.59958e+06 frac=0.469299 grounded=0x40800000 linTerm=8.33333e-06
spd=2031.646 ctrl=(-1966756.3750,-12350.7148,-1967306.8750) accum=(36589.8555,1.9377,-2415.1377) cMag=22648 fMag=54058.8 ld0=2.84733e+06 m78=1.47489e+06 frac=0.482009 grounded=0x40800000 linTerm=1.27157e-12
spd=2022.903 ctrl=(-1943440.2500,-12335.9424,-1985911.6250) accum=(37265.1914,-9.4678,-3180.6238) cMag=22623.6 fMag=55723.2 ld0=2.94625e+06 m78=1.53073e+06 frac=0.48045 grounded=0x40800000 linTerm=8.33333e-06
spd=2036.516 ctrl=(-1924921.2500,-12353.0674,-2009431.1250) accum=(37648.8398,-20.5276,-3383.1221) cMag=22821.7 fMag=57156.7 ld0=3.01549e+06 m78=1.59945e+06 frac=0.46959 grounded=0x40800000 linTerm=8.33333e-06
spd=2058.686 ctrl=(-1930297.2500,-12387.5732,-2015043.3750) accum=(36658.2031,1.8149,-1662.7996) cMag=22649.2 fMag=54093.4 ld0=2.84918e+06 m78=1.47503e+06 frac=0.482298 grounded=0x40800000 linTerm=1.27157e-12
spd=2049.710 ctrl=(-1906468.6250,-12372.4473,-2033151.8750) accum=(37342.1289,-9.6132,-2408.7417) cMag=22623.1 fMag=55753.2 ld0=2.94783e+06 m78=1.53113e+06 frac=0.480592 grounded=0x40800000 linTerm=8.33333e-06
spd=2063.158 ctrl=(-1887345.6250,-12389.3066,-2056289.8750) accum=(37731.5859,-20.6104,-2604.4536) cMag=22818.8 fMag=57182 ld0=3.01686e+06 m78=1.5993e+06 frac=0.469879 grounded=0x40800000 linTerm=8.33333e-06
spd=2085.389 ctrl=(-1892621.5000,-12423.9443,-2062038.0000) accum=(36710.5469,1.6972,-907.8652) cMag=22650.4 fMag=54127.3 ld0=2.85099e+06 m78=1.47516e+06 frac=0.48258 grounded=0x40800000 linTerm=1.27157e-12
spd=2076.180 ctrl=(-2614924.0000,-12413.7480,-993413.0625) accum=(10415.7217,539.2232,33222.4141) cMag=30792 fMag=73378.6 ld0=4.16253e+06 m78=3.70413e+06 frac=0.110125 grounded=0x40800000 linTerm=8.33333e-06
spd=2089.207 ctrl=(-2639365.0000,-12429.4160,-939018.3750) accum=(9823.9170,582.9586,35474.0977) cMag=31885.2 fMag=79341.5 ld0=4.38846e+06 m78=3.86198e+06 frac=0.119969 grounded=0x40800000 linTerm=8.33333e-06
spd=2111.126 ctrl=(-2646134.5000,-12461.3047,-941426.8750) accum=(10292.6250,557.8159,34568.0430) cMag=31283.6 fMag=75962.4 ld0=4.2146e+06 m78=3.69319e+06 frac=0.123715 grounded=0x40800000 linTerm=1.27157e-12
spd=2101.922 ctrl=(-2661561.5000,-12439.8877,-883664.0000) accum=(8968.9473,607.7314,38814.5859) cMag=32965.7 fMag=83258 ld0=4.39495e+06 m78=3.71145e+06 frac=0.15552 grounded=0x40800000 linTerm=8.33333e-06
spd=2114.309 ctrl=(-2681905.5000,-12447.1396,-827576.6875) accum=(8563.0625,646.2072,41403.5195) cMag=34202.6 fMag=88902.8 ld0=4.56275e+06 m78=3.80178e+06 frac=0.166779 grounded=0x40800000 linTerm=8.33333e-06
spd=2135.596 ctrl=(-2689180.5000,-12480.9014,-829821.5625) accum=(9447.5791,610.7390,39893.3320) cMag=33380.3 fMag=83939.8 ld0=4.33832e+06 m78=3.59744e+06 frac=0.170775 grounded=0x40800000 linTerm=1.27157e-12
spd=2125.858 ctrl=(-2701487.0000,-12456.3213,-771143.3750) accum=(8862.0420,647.0520,42449.0508) cMag=34441.4 fMag=89445.3 ld0=4.5386e+06 m78=3.71156e+06 frac=0.182224 grounded=0x40800000 linTerm=8.33333e-06
spd=2137.501 ctrl=(-2718902.5000,-12461.0225,-713994.6250) accum=(8142.3506,655.9058,46566.4766) cMag=35459.4 fMag=94113 ld0=4.73898e+06 m78=3.68254e+06 frac=0.222926 grounded=0x40800000 linTerm=8.33333e-06
spd=2158.227 ctrl=(-2726861.5000,-12497.5020,-716084.8125) accum=(9980.4795,636.2938,42420.3984) cMag=34467.4 fMag=88205.7 ld0=4.44568e+06 m78=3.59822e+06 frac=0.190624 grounded=0x40800000 linTerm=1.27157e-12
spd=2147.960 ctrl=(-2736457.7500,-12471.8721,-656777.8125) accum=(8891.1660,643.3071,46926.0820) cMag=35338.2 fMag=93134.9 ld0=4.67913e+06 m78=3.56953e+06 frac=0.237138 grounded=0x40800000 linTerm=8.33333e-06
spd=2159.001 ctrl=(-2751252.5000,-12475.6602,-598798.3125) accum=(8936.9727,660.8643,49405.4492) cMag=36216.9 fMag=97232.1 ld0=4.90486e+06 m78=3.6717e+06 frac=0.251416 grounded=0x40800000 linTerm=8.33333e-06
spd=2179.337 ctrl=(-2759771.2500,-12514.2881,-600652.4375) accum=(10688.7607,636.0256,45244.4219) cMag=35123.8 fMag=90779.9 ld0=4.54303e+06 m78=3.51214e+06 frac=0.226918 grounded=0x40800000 linTerm=1.27157e-12
spd=2168.634 ctrl=(-2766754.7500,-12488.1855,-540865.0000) accum=(10099.1260,648.4124,48774.5195) cMag=35884.4 fMag=95371.7 ld0=4.79688e+06 m78=3.56589e+06 frac=0.256623 grounded=0x40800000 linTerm=8.33333e-06
spd=2179.225 ctrl=(-2778994.5000,-12491.5303,-482188.7500) accum=(10377.6299,665.1891,50969.4844) cMag=36681.5 fMag=99128.4 ld0=5.01765e+06 m78=3.67358e+06 frac=0.267867 grounded=0x40800000 linTerm=8.33333e-06
spd=2199.312 ctrl=(-2787925.0000,-12531.6729,-483738.3125) accum=(11893.5830,632.0222,47189.8398) cMag=35528.5 fMag=92359.1 ld0=4.62021e+06 m78=3.44309e+06 frac=0.254776 grounded=0x40800000 linTerm=1.27157e-12
spd=2188.256 ctrl=(-2792308.5000,-12505.2598,-423588.3438) accum=(11730.8555,651.8368,49728.0625) cMag=36223.3 fMag=96750.9 ld0=4.8768e+06 m78=3.56812e+06 frac=0.268347 grounded=0x40800000 linTerm=8.33333e-06
spd=2198.505 ctrl=(-2801991.7500,-12508.2959,-364328.2812) accum=(12164.6221,667.3817,51779.9062) cMag=36970.5 fMag=100302 ld0=5.08953e+06 m78=3.67209e+06 frac=0.278502 grounded=0x40800000 linTerm=8.33333e-06
spd=2218.438 ctrl=(-2811218.2500,-12549.4834,-365528.0312) accum=(13617.7363,634.9503,47646.0977) cMag=35782.4 fMag=93347.5 ld0=4.67397e+06 m78=3.4447e+06 frac=0.263002 grounded=0x40800000 linTerm=1.27157e-12
spd=2207.091 ctrl=(-2812989.7500,-12522.7842,-305127.0938) accum=(13589.1729,653.5901,50126.7305) cMag=36437 fMag=97618.9 ld0=4.92877e+06 m78=3.56806e+06 frac=0.276074 grounded=0x40800000 linTerm=8.33333e-06
spd=2217.071 ctrl=(-2820094.7500,-12525.5381,-245393.0000) accum=(14148.7695,668.5425,52060.5625) cMag=37153.3 fMag=101043 ld0=5.13549e+06 m78=3.67023e+06 frac=0.28532 grounded=0x40800000 linTerm=8.33333e-06
spd=2236.914 ctrl=(-2829529.7500,-12567.4434,-246214.0781) accum=(15478.5723,636.5319,47694.0898) cMag=35945.5 fMag=93981.7 ld0=4.71008e+06 m78=3.44547e+06 frac=0.26849 grounded=0x40800000 linTerm=1.27157e-12
spd=2225.316 ctrl=(-2828676.7500,-12540.4619,-185675.0469) accum=(15571.8477,654.5273,50127.5391) cMag=36574.8 fMag=98179.7 ld0=4.96282e+06 m78=3.56762e+06 frac=0.28113 grounded=0x40800000 linTerm=8.33333e-06
spd=2235.073 ctrl=(-2833182.7500,-12542.9385,-125578.4688) accum=(16235.2441,669.1348,51971.9219) cMag=37271.6 fMag=101525 ld0=5.16549e+06 m78=3.66861e+06 frac=0.289783 grounded=0x40800000 linTerm=8.33333e-06
spd=2254.866 ctrl=(-2842764.0000,-12585.3564,-126003.1484) accum=(17407.4902,637.3780,47449.5078) cMag=36053.5 fMag=94401.8 ld0=4.73455e+06 m78=3.44569e+06 frac=0.272224 grounded=0x40800000 linTerm=1.27157e-12
spd=2243.044 ctrl=(-2839274.5000,-12558.0771,-65440.2188) accum=(17614.0430,655.0228,49842.2695) cMag=36666.4 fMag=98554.4 ld0=4.98574e+06 m78=3.56727e+06 frac=0.284504 grounded=0x40800000 linTerm=8.33333e-06
spd=2252.609 ctrl=(-2841162.0000,-12560.2725,-5094.5078) accum=(18367.3828,669.3983,51617.6055) cMag=37350.7 fMag=101848 ld0=5.1857e+06 m78=3.66729e+06 frac=0.292809 grounded=0x40800000 linTerm=8.33333e-06
spd=2272.375 ctrl=(-2850843.2500,-12603.0693,-5111.8662) accum=(19362.8281,637.8252,46986.7773) cMag=36127.9 fMag=94691.7 ld0=4.75165e+06 m78=3.44577e+06 frac=0.274828 grounded=0x40800000 linTerm=1.27157e-12
spd=2260.346 ctrl=(-2844713.5000,-12575.4912,55359.3711) accum=(19676.5137,655.2654,49344.2070) cMag=36729.7 fMag=98815.8 ld0=5.00178e+06 m78=3.56709e+06 frac=0.286837 grounded=0x40800000 linTerm=8.33333e-06
spd=2269.740 ctrl=(-2843969.5000,-12577.4043,115839.2578) accum=(20510.9590,669.4644,51063.0430) cMag=37405.7 fMag=102075 ld0=5.19992e+06 m78=3.66618e+06 frac=0.294954 grounded=0x40800000 linTerm=8.33333e-06
spd=2289.494 ctrl=(-2853714.0000,-12620.4961,116236.2422) accum=(21318.6250,638.0453,46355.2070) cMag=36181.6 fMag=94901.7 ld0=4.76415e+06 m78=3.44583e+06 frac=0.276717 grounded=0x40800000 linTerm=1.27157e-12
spd=2277.271 ctrl=(-2844945.0000,-12592.6152,176499.0156) accum=(21735.3008,655.3585,48680.1289) cMag=36775.7 fMag=99007.5 ld0=5.01357e+06 m78=3.56703e+06 frac=0.288526 grounded=0x40800000 linTerm=8.33333e-06
spd=2286.504 ctrl=(-2841560.5000,-12594.2432,236996.7969) accum=(22645.3477,669.4113,50349.5781) cMag=37445.9 fMag=102243 ld0=5.21044e+06 m78=3.66524e+06 frac=0.296559 grounded=0x40800000 linTerm=8.33333e-06
spd=2306.256 ctrl=(-2851339.2500,-12637.5840,237812.4062) accum=(23258.6895,638.1318,45586.8906) cMag=36222.6 fMag=95062.6 ld0=4.77378e+06 m78=3.44592e+06 frac=0.278157 grounded=0x40800000 linTerm=1.27157e-12
spd=2293.846 ctrl=(-2839937.5000,-12609.4023,297749.9688) accum=(23775.2539,655.3603,47879.9023) cMag=36811 fMag=99156.2 ld0=5.02274e+06 m78=3.56707e+06 frac=0.289815 grounded=0x40800000 linTerm=8.33333e-06
spd=2302.927 ctrl=(-2833910.7500,-12610.7441,358148.8438) accum=(24757.3008,669.2849,49503.2734) cMag=37476.9 fMag=102374 ld0=5.21866e+06 m78=3.6644e+06 frac=0.297829 grounded=0x40800000 linTerm=8.33333e-06
spd=2322.682 ctrl=(-2843696.5000,-12654.2930,359385.5312) accum=(25172.3730,638.1370,44702.5781) cMag=36255.8 fMag=95192.8 ld0=4.7816e+06 m78=3.44602e+06 frac=0.279316 grounded=0x40800000 linTerm=1.27157e-12
spd=2310.092 ctrl=(-2829675.2500,-12625.8135,418881.3125) accum=(25786.4922,655.3060,46962.6992) cMag=36839.5 fMag=99278 ld0=5.03026e+06 m78=3.56717e+06 frac=0.290856 grounded=0x40800000 linTerm=8.33333e-06
spd=2319.026 ctrl=(-2821008.5000,-12626.8701,479064.0938) accum=(26837.8008,669.1135,48540.9570) cMag=37502.2 fMag=102483 ld0=5.22545e+06 m78=3.66363e+06 frac=0.298888 grounded=0x40800000 linTerm=8.33333e-06
spd=2338.789 ctrl=(-2830780.2500,-12670.6084,480723.5312) accum=(27052.1582,638.0917,43715.9102) cMag=36283.8 fMag=95303.6 ld0=4.78828e+06 m78=3.44614e+06 frac=0.280297 grounded=0x40800000 linTerm=1.27157e-12
spd=2326.021 ctrl=(-2814155.2500,-12641.8252,539660.9375) accum=(27761.9863,655.2169,45941.1250) cMag=36863.9 fMag=99383 ld0=5.03673e+06 m78=3.56731e+06 frac=0.29174 grounded=0x40800000 linTerm=8.33333e-06
spd=2334.813 ctrl=(-2802857.5000,-12642.6016,599510.5625) accum=(28880.2871,668.9137,47473.8789) cMag=37523.9 fMag=102576 ld0=5.23132e+06 m78=3.66289e+06 frac=0.299815 grounded=0x40800000 linTerm=8.33333e-06
spd=2354.584 ctrl=(-2812593.0000,-12686.5146,601592.8125) accum=(28892.5762,638.0145,42636.0938) cMag=36308.7 fMag=95402.1 ld0=4.79423e+06 m78=3.44627e+06 frac=0.281164 grounded=0x40800000 linTerm=1.27157e-12
spd=2341.644 ctrl=(-2793388.7500,-12657.4336,659856.3125) accum=(29696.1289,655.1049,44823.6953) cMag=36885.6 fMag=99477 ld0=5.04253e+06 m78=3.56747e+06 frac=0.292524 grounded=0x40800000 linTerm=8.33333e-06
spd=2350.297 ctrl=(-2779473.7500,-12657.9326,719256.1250) accum=(30879.4023,668.6954,46309.5664) cMag=37543.3 fMag=102660 ld0=5.2366e+06 m78=3.66219e+06 frac=0.300655 grounded=0x40800000 linTerm=8.33333e-06
spd=2370.078 ctrl=(-2789151.7500,-12702.0078,721760.5625) accum=(30688.9707,637.9159,41469.5703) cMag=36331.5 fMag=95492.4 ld0=4.7997e+06 m78=3.4464e+06 frac=0.281956 grounded=0x40800000 linTerm=1.27157e-12
spd=2356.968 ctrl=(-2767397.2500,-12672.6377,779236.0000) accum=(31584.4043,654.9777,43616.4688) cMag=36905.4 fMag=99563.8 ld0=5.0479e+06 m78=3.56764e+06 frac=0.293242 grounded=0x40800000 linTerm=8.33333e-06
spd=2365.484 ctrl=(-2750884.5000,-12672.8652,838069.8750) accum=(32830.6914,668.4646,45053.6211) cMag=37561.1 fMag=102738 ld0=5.24148e+06 m78=3.6615e+06 frac=0.301438 grounded=0x40800000 linTerm=8.33333e-06
spd=2385.275 ctrl=(-2760485.5000,-12717.0967,840994.9375) accum=(32437.4688,637.8029,40221.1680) cMag=36352.9 fMag=95577.2 ld0=4.80484e+06 m78=3.44652e+06 frac=0.282699 grounded=0x40800000 linTerm=1.27157e-12
spd=2371.998 ctrl=(-2736213.5000,-12687.4326,897568.5000) accum=(33422.8320,654.8402,42324.0508) cMag=36924.2 fMag=99645.7 ld0=5.05296e+06 m78=3.56781e+06 frac=0.293916 grounded=0x40800000 linTerm=8.33333e-06
spd=2380.380 ctrl=(-2717126.5000,-12687.3867,955721.1875) accum=(34730.1836,668.2267,43710.2930) cMag=37577.9 fMag=102811 ld0=5.2461e+06 m78=3.66082e+06 frac=0.302182 grounded=0x40800000 linTerm=8.33333e-06
spd=2400.181 ctrl=(-2726630.5000,-12731.7646,959064.1250) accum=(34134.4375,637.6791,38894.6914) cMag=36373.3 fMag=95658.1 ld0=4.80976e+06 m78=3.44664e+06 frac=0.283406 grounded=0x40800000 linTerm=1.27157e-12
spd=2386.740 ctrl=(-2699881.7500,-12701.8213,1014624.6875) accum=(35207.5547,654.6945,40950.1875) cMag=36942 fMag=99724.1 ld0=5.05781e+06 m78=3.56799e+06 frac=0.294559 grounded=0x40800000 linTerm=8.33333e-06
spd=2394.989 ctrl=(-2678250.5000,-12701.5068,1071982.2500) accum=(36573.9336,667.9825,42283.2109) cMag=37593.9 fMag=102881 ld0=5.25052e+06 m78=3.66015e+06 frac=0.302897 grounded=0x40800000 linTerm=8.33333e-06
spd=2414.800 ctrl=(-2687639.5000,-12746.0342,1075740.1250) accum=(35776.4102,637.5468,37493.4727) cMag=36392.9 fMag=95736.1 ld0=4.81451e+06 m78=3.44676e+06 frac=0.284089 grounded=0x40800000 linTerm=1.27157e-12
spd=2401.196 ctrl=(-2658455.7500,-12715.8066,1130177.2500) accum=(36935.1875,654.5435,39498.1055) cMag=36959.3 fMag=99799.9 ld0=5.0625e+06 m78=3.56816e+06 frac=0.295179 grounded=0x40800000 linTerm=8.33333e-06
spd=2409.315 ctrl=(-2634314.2500,-12715.2246,1186626.6250) accum=(38358.3984,667.7339,40775.5742) cMag=37609.4 fMag=102949 ld0=5.25479e+06 m78=3.65948e+06 frac=0.303591 grounded=0x40800000 linTerm=8.33333e-06
spd=2429.136 ctrl=(-2643569.2500,-12759.8945,1190795.5000) accum=(37360.2773,637.4083,36020.4922) cMag=36411.9 fMag=95811.8 ld0=4.81912e+06 m78=3.44687e+06 frac=0.284753 grounded=0x40800000 linTerm=1.27157e-12
spd=2415.373 ctrl=(-2612000.2500,-12729.3896,1244001.3750) accum=(38602.4180,654.3879,37970.8438) cMag=36976.1 fMag=99873.6 ld0=5.06706e+06 m78=3.56832e+06 frac=0.295781 grounded=0x40800000 linTerm=8.33333e-06
spd=2423.362 ctrl=(-2585389.5000,-12728.5508,1299431.8750) accum=(40080.1250,667.4818,39190.4023) cMag=37624.4 fMag=103015 ld0=5.25894e+06 m78=3.65882e+06 frac=0.304267 grounded=0x40800000 linTerm=8.33333e-06
spd=2443.194 ctrl=(-2594490.5000,-12773.3574,1304006.2500) accum=(38882.9023,637.2640,34478.6211) cMag=36430.5 fMag=95885.6 ld0=4.82363e+06 m78=3.44697e+06 frac=0.2854 grounded=0x40800000 linTerm=1.27157e-12
spd=2429.273 ctrl=(-2560590.5000,-12742.5820,1355875.3750) accum=(40205.8633,654.2279,36371.3789) cMag=36992.5 fMag=99945.5 ld0=5.07151e+06 m78=3.56848e+06 frac=0.296369 grounded=0x40800000 linTerm=8.33333e-06
spd=2437.135 ctrl=(-2531554.7500,-12741.4863,1410177.6250) accum=(41735.7461,667.2271,37530.6562) cMag=37639.1 fMag=103080 ld0=5.263e+06 m78=3.65816e+06 frac=0.304929 grounded=0x40800000 linTerm=8.33333e-06
spd=2456.976 ctrl=(-2540483.7500,-12786.4277,1415151.5000) accum=(40341.3047,637.1153,32870.6797) cMag=36448.7 fMag=95957.8 ld0=4.82804e+06 m78=3.44706e+06 frac=0.286034 grounded=0x40800000 linTerm=1.27157e-12
spd=2442.900 ctrl=(-2504311.2500,-12755.3867,1465580.8750) accum=(41742.4844,654.0641,34702.5781) cMag=37008.5 fMag=100016 ld0=5.07588e+06 m78=3.56863e+06 frac=0.296944 grounded=0x40800000 linTerm=8.33333e-06
spd=2450.636 ctrl=(-2472899.5000,-12754.0361,1518647.2500) accum=(43322.1055,666.9702,35799.3203) cMag=37653.5 fMag=103143 ld0=5.26696e+06 m78=3.6575e+06 frac=0.305577 grounded=0x40800000 linTerm=8.33333e-06
spd=2470.487 ctrl=(-2481639.2500,-12799.1094,1524014.3750) accum=(41732.6836,636.9624,31199.5488) cMag=36466.5 fMag=96028.5 ld0=4.83237e+06 m78=3.44714e+06 frac=0.286656 grounded=0x40800000 linTerm=1.27157e-12
spd=2456.257 ctrl=(-2443256.5000,-12767.8018,1572902.8750) accum=(43209.2852,653.8975,32967.4258) cMag=37024.2 fMag=100085 ld0=5.08016e+06 m78=3.56877e+06 frac=0.297508 grounded=0x40800000 linTerm=8.33333e-06
spd=2463.869 ctrl=(-2409524.0000,-12766.2031,1624629.0000) accum=(44836.0156,666.7108,33999.4766) cMag=37667.6 fMag=103204 ld0=5.27085e+06 m78=3.65684e+06 frac=0.306214 grounded=0x40800000 linTerm=8.33333e-06
spd=2483.729 ctrl=(-2418056.2500,-12811.4092,1630381.8750) accum=(43054.1562,636.8054,29468.1484) cMag=36484 fMag=96097.9 ld0=4.83662e+06 m78=3.44722e+06 frac=0.287267 grounded=0x40800000 linTerm=1.27157e-12
spd=2469.349 ctrl=(-2377530.5000,-12779.8389,1677631.8750) accum=(44603.3789,653.7277,31168.9688) cMag=37039.7 fMag=100153 ld0=5.08437e+06 m78=3.56891e+06 frac=0.298062 grounded=0x40800000 linTerm=8.33333e-06
spd=2476.838 ctrl=(-2341535.7500,-12777.9961,1727915.2500) accum=(46274.5742,666.4509,32134.2168) cMag=37681.5 fMag=103265 ld0=5.27466e+06 m78=3.65619e+06 frac=0.306839 grounded=0x40800000 linTerm=8.33333e-06
spd=2496.708 ctrl=(-2349843.0000,-12823.3350,1734045.2500) accum=(44303.2070,636.6441,27679.5352) cMag=36501.1 fMag=96165.9 ld0=4.8408e+06 m78=3.44729e+06 frac=0.287868 grounded=0x40800000 linTerm=1.27157e-12
spd=2482.179 ctrl=(-2307247.0000,-12791.5107,1779562.1250) accum=(45921.9961,653.5544,29310.3750) cMag=37054.9 fMag=100219 ld0=5.0885e+06 m78=3.56904e+06 frac=0.298606 grounded=0x40800000 linTerm=8.33333e-06
spd=2489.547 ctrl=(-2269053.7500,-12789.4238,1828302.6250) accum=(47634.8594,666.1875,30206.8555) cMag=37695 fMag=103324 ld0=5.2784e+06 m78=3.65554e+06 frac=0.307454 grounded=0x40800000 linTerm=8.33333e-06
spd=2509.426 ctrl=(-2277118.7500,-12834.8828,1834801.1250) accum=(45477.2930,636.4799,25836.7363) cMag=36518 fMag=96232.7 ld0=4.8449e+06 m78=3.44735e+06 frac=0.288457 grounded=0x40800000 linTerm=1.27157e-12
spd=2494.750 ctrl=(-2232528.0000,-12802.8066,1878493.2500) accum=(47162.5625,653.3792,27394.7812) cMag=37069.8 fMag=100285 ld0=5.09256e+06 m78=3.56917e+06 frac=0.299141 grounded=0x40800000 linTerm=8.33333e-06
spd=2501.999 ctrl=(-2192204.5000,-12800.4863,1925594.8750) accum=(48914.2227,665.9239,28220.6348) cMag=37708.4 fMag=103382 ld0=5.28207e+06 m78=3.65489e+06 frac=0.308058 grounded=0x40800000 linTerm=8.33333e-06
spd=2521.886 ctrl=(-2200010.7500,-12846.0674,1932451.7500) accum=(46574.0586,636.3121,23943.0156) cMag=36534.5 fMag=96298.3 ld0=4.84893e+06 m78=3.4474e+06 frac=0.289038 grounded=0x40800000 linTerm=1.27157e-12
spd=2507.066 ctrl=(-2153505.5000,-12813.7422,1974230.8750) accum=(48322.5195,653.2007,25425.5957) cMag=37084.4 fMag=100349 ld0=5.09654e+06 m78=3.56928e+06 frac=0.299666 grounded=0x40800000 linTerm=8.33333e-06
spd=2514.198 ctrl=(-2111123.5000,-12811.1865,2019599.2500) accum=(50110.0391,665.6583,26179.0547) cMag=37721.5 fMag=103439 ld0=5.28567e+06 m78=3.65424e+06 frac=0.308652 grounded=0x40800000 linTerm=8.33333e-06
spd=2534.094 ctrl=(-2118654.0000,-12856.8809,2026803.2500) accum=(47591.2148,636.1414,22001.6133) cMag=36550.7 fMag=96362.7 ld0=4.85289e+06 m78=3.44745e+06 frac=0.289608 grounded=0x40800000 linTerm=1.27157e-12
spd=2519.132 ctrl=(-2070318.5000,-12824.3154,2066585.8750) accum=(49399.5859,653.0204,23406.2520) cMag=37098.9 fMag=100412 ld0=5.10047e+06 m78=3.5694e+06 frac=0.300181 grounded=0x40800000 linTerm=8.33333e-06
spd=2526.148 ctrl=(-2025955.0000,-12821.5322,2110131.0000) accum=(51219.8828,665.3918,24085.7422) cMag=37734.4 fMag=103496 ld0=5.28922e+06 m78=3.6536e+06 frac=0.309235 grounded=0x40800000 linTerm=8.33333e-06
spd=2546.052 ctrl=(-2033194.0000,-12867.3457,2117670.5000) accum=(48526.6992,635.9676,20015.9766) cMag=36566.7 fMag=96426 ld0=4.85678e+06 m78=3.4475e+06 frac=0.290168 grounded=0x40800000 linTerm=1.27157e-12
spd=2530.950 ctrl=(-1983116.5000,-12834.5439,2155376.2500) accum=(50391.5039,652.8369,21340.2695) cMag=37113 fMag=100474 ld0=5.10432e+06 m78=3.56951e+06 frac=0.300688 grounded=0x40800000 linTerm=8.33333e-06
spd=2537.852 ctrl=(-1936851.0000,-12831.5332,2197010.2500) accum=(52241.4805,665.1234,21944.2949) cMag=37747.1 fMag=103550 ld0=5.29269e+06 m78=3.65296e+06 frac=0.309809 grounded=0x40800000 linTerm=8.33333e-06
spd=2557.763 ctrl=(-1943784.0000,-12877.4609,2204874.5000) accum=(49378.5117,635.7907,17989.5723) cMag=36582.3 fMag=96488 ld0=4.86061e+06 m78=3.44754e+06 frac=0.290719 grounded=0x40800000 linTerm=1.27157e-12
spd=2542.524 ctrl=(-1892054.1250,-12844.4209,2240425.0000) accum=(51296.3398,652.6516,19231.2734) cMag=37127 fMag=100535 ld0=5.1081e+06 m78=3.56961e+06 frac=0.301187 grounded=0x40800000 linTerm=8.33333e-06
spd=2549.314 ctrl=(-1843970.8750,-12841.1846,2280064.5000) accum=(53172.7656,664.8541,19758.5156) cMag=37759.5 fMag=103605 ld0=5.2961e+06 m78=3.65233e+06 frac=0.310373 grounded=0x40800000 linTerm=8.33333e-06
spd=2569.233 ctrl=(-1850582.8750,-12887.2373,2288240.0000) accum=(50144.9023,635.6107,15925.9600) cMag=36597.7 fMag=96549 ld0=4.86436e+06 m78=3.44757e+06 frac=0.291261 grounded=0x40800000 linTerm=1.27157e-12
spd=2553.858 ctrl=(-1797296.2500,-12853.9668,2321564.0000) accum=(52112.0312,652.4637,17083.0508) cMag=37140.7 fMag=100595 ld0=5.11182e+06 m78=3.56971e+06 frac=0.301676 grounded=0x40800000 linTerm=8.33333e-06
spd=2560.537 ctrl=(-1747483.8750,-12850.5176,2359130.7500) accum=(54011.7461,664.5835,17532.2793) cMag=37771.7 fMag=103658 ld0=5.29945e+06 m78=3.65171e+06 frac=0.310927 grounded=0x40800000 linTerm=8.33333e-06
spd=2580.463 ctrl=(-1753759.8750,-12896.6660,2367603.7500) accum=(50824.2070,635.4282,13828.8281) cMag=36612.8 fMag=96608.9 ld0=4.86806e+06 m78=3.44759e+06 frac=0.291793 grounded=0x40800000 linTerm=1.27157e-12
spd=2564.956 ctrl=(-1699014.2500,-12863.1729,2398633.0000) accum=(52837.0156,652.2736,14899.3594) cMag=37154.2 fMag=100654 ld0=5.11548e+06 m78=3.5698e+06 frac=0.302157 grounded=0x40800000 linTerm=8.33333e-06
spd=2571.526 ctrl=(-1647563.2500,-12859.5059,2434050.0000) accum=(54756.6953,664.3123,15269.4971) cMag=37783.8 fMag=103710 ld0=5.30274e+06 m78=3.65109e+06 frac=0.311472 grounded=0x40800000 linTerm=8.33333e-06
spd=2591.459 ctrl=(-1653489.8750,-12905.7578,2442806.2500) accum=(51414.9492,635.2431,11701.9170) cMag=36627.7 fMag=96667.7 ld0=4.87169e+06 m78=3.44762e+06 frac=0.292317 grounded=0x40800000 linTerm=1.27157e-12
spd=2575.821 ctrl=(-1597385.5000,-12872.0391,2471476.0000) accum=(53469.6094,652.0818,12684.0410) cMag=37167.4 fMag=100711 ld0=5.11907e+06 m78=3.56989e+06 frac=0.30263 grounded=0x40800000 linTerm=8.33333e-06
spd=2582.284 ctrl=(-1544391.2500,-12868.1660,2504673.0000) accum=(55405.8789,664.0400,12974.1777) cMag=37795.6 fMag=103761 ld0=5.30596e+06 m78=3.65047e+06 frac=0.312006 grounded=0x40800000 linTerm=8.33333e-06
spd=2602.224 ctrl=(-1549955.8750,-12914.5342,2513697.7500) accum=(51915.6914,635.0551,9548.9043) cMag=36642.2 fMag=96725.3 ld0=4.87526e+06 m78=3.44764e+06 frac=0.29283 grounded=0x40800000 linTerm=1.27157e-12
spd=2586.457 ctrl=(-1492596.2500,-12880.5957,2539948.7500) accum=(54008.4453,651.8868,10441.1436) cMag=37180.4 fMag=100768 ld0=5.1226e+06 m78=3.56997e+06 frac=0.303094 grounded=0x40800000 linTerm=8.33333e-06
spd=2592.815 ctrl=(-1438155.7500,-12876.5156,2570858.0000) accum=(55957.9609,663.7667,10650.4326) cMag=37807.2 fMag=103811 ld0=5.30913e+06 m78=3.64986e+06 frac=0.312532 grounded=0x40800000 linTerm=8.33333e-06
spd=2612.761 ctrl=(-1443345.3750,-12922.9805,2580134.7500) accum=(52325.3828,634.8649,7373.7056) cMag=36656.5 fMag=96782 ld0=4.87876e+06 m78=3.44765e+06 frac=0.293335 grounded=0x40800000 linTerm=1.27157e-12
spd=2596.867 ctrl=(-1384838.1250,-12888.8359,2603913.7500) accum=(54452.2969,651.6899,8174.5854) cMag=37193.2 fMag=100823 ld0=5.12606e+06 m78=3.57005e+06 frac=0.30355 grounded=0x40800000 linTerm=8.33333e-06
spd=2603.122 ctrl=(-1329051.7500,-12884.5508,2632471.7500) accum=(56411.5938,663.4923,8302.4375) cMag=37818.6 fMag=103860 ld0=5.31224e+06 m78=3.64925e+06 frac=0.313048 grounded=0x40800000 linTerm=8.33333e-06
spd=2623.075 ctrl=(-1333854.7500,-12931.1133,2641985.5000) accum=(52642.9688,634.6722,5180.2310) cMag=36670.6 fMag=96837.5 ld0=4.8822e+06 m78=3.44766e+06 frac=0.29383 grounded=0x40800000 linTerm=1.27157e-12
spd=2607.057 ctrl=(-1274306.6250,-12896.7588,2663241.2500) accum=(54800.1172,651.4914,5888.4658) cMag=37205.8 fMag=100878 ld0=5.12947e+06 m78=3.57012e+06 frac=0.303997 grounded=0x40800000 linTerm=8.33333e-06
spd=2613.209 ctrl=(-1217278.1250,-12892.2754,2689390.5000) accum=(56765.6836,663.2170,5934.4404) cMag=37829.7 fMag=103908 ld0=5.31529e+06 m78=3.64866e+06 frac=0.313555 grounded=0x40800000 linTerm=8.33333e-06
spd=2633.168 ctrl=(-1221684.2500,-12938.9375,2699124.5000) accum=(52867.6016,634.4767,2972.4009) cMag=36684.3 fMag=96892 ld0=4.88558e+06 m78=3.44767e+06 frac=0.294317 grounded=0x40800000 linTerm=1.27157e-12
spd=2617.028 ctrl=(-1161206.0000,-12904.3730,2717811.0000) accum=(55050.9531,651.2906,3586.9341) cMag=37218.1 fMag=100932 ld0=5.13281e+06 m78=3.5702e+06 frac=0.304436 grounded=0x40800000 linTerm=8.33333e-06
spd=2623.080 ctrl=(-1103041.1250,-12899.6973,2741497.5000) accum=(57019.4297,662.9406,3550.6340) cMag=37840.7 fMag=103956 ld0=5.31828e+06 m78=3.64806e+06 frac=0.314052 grounded=0x40800000 linTerm=8.33333e-06
spd=2643.045 ctrl=(-1107039.3750,-12946.4541,2751434.7500) accum=(52998.6523,634.2794,754.2499) cMag=36697.9 fMag=96945.5 ld0=4.88889e+06 m78=3.44767e+06 frac=0.294795 grounded=0x40800000 linTerm=1.27157e-12
spd=2626.785 ctrl=(-1045744.3750,-12911.6924,2767513.5000) accum=(55204.2305,651.0874,1274.1670) cMag=37230.2 fMag=100984 ld0=5.13609e+06 m78=3.57026e+06 frac=0.304867 grounded=0x40800000 linTerm=8.33333e-06
spd=2632.739 ctrl=(-986550.5000,-12906.8203,2788687.0000) accum=(57172.0234,662.6641,1155.3832) cMag=37851.5 fMag=104002 ld0=5.32122e+06 m78=3.64748e+06 frac=0.314541 grounded=0x40800000 linTerm=8.33333e-06
spd=2652.710 ctrl=(-990131.5625,-12953.6719,2798809.7500) accum=(53035.6758,634.0802,-1470.2500) cMag=36711.1 fMag=96998.1 ld0=4.89215e+06 m78=3.44767e+06 frac=0.295264 grounded=0x40800000 linTerm=1.27157e-12
spd=2636.332 ctrl=(-928133.5000,-12918.7158,2812245.0000) accum=(55259.3789,650.8828,-1045.6975) cMag=37242 fMag=101036 ld0=5.13931e+06 m78=3.57033e+06 frac=0.30529 grounded=0x40800000 linTerm=8.33333e-06
spd=2642.188 ctrl=(-868021.6250,-12913.6582,2830863.2500) accum=(57223.0234,662.3867,-1247.0110) cMag=37862.1 fMag=104047 ld0=5.3241e+06 m78=3.6469e+06 frac=0.31502 grounded=0x40800000 linTerm=8.33333e-06
spd=2662.165 ctrl=(-871176.6875,-12960.5947,2841152.5000) accum=(52978.2383,633.8779,-3696.9712) cMag=36724.1 fMag=97049.5 ld0=4.89535e+06 m78=3.44767e+06 frac=0.295725 grounded=0x40800000 linTerm=1.27157e-12
spd=2645.671 ctrl=(-808591.3750,-12925.4492,2851914.2500) accum=(55216.0469,650.6763,-3368.4766) cMag=37253.7 fMag=101087 ld0=5.14247e+06 m78=3.57039e+06 frac=0.305706 grounded=0x40800000 linTerm=8.33333e-06
spd=2651.432 ctrl=(-747672.5625,-12920.2031,2867935.5000) accum=(57172.0156,662.1085,-3652.1733) cMag=37872.5 fMag=104092 ld0=5.32693e+06 m78=3.64633e+06 frac=0.315491 grounded=0x40800000 linTerm=8.33333e-06
spd=2671.415 ctrl=(-884079.8125,-15277.3984,3391169.2500) accum=(52826.2930,633.6740,-5922.0024) cMag=36736.9 fMag=97100 ld0=4.89848e+06 m78=3.44767e+06 frac=0.296176 grounded=0x40800000 linTerm=1.27157e-12
spd=2654.807 ctrl=(-809974.1250,-15239.2275,3401440.0000) accum=(55074.0859,650.4677,-5689.9102) cMag=37265.2 fMag=101136 ld0=5.14557e+06 m78=3.57045e+06 frac=0.306113 grounded=0x40800000 linTerm=8.33333e-06
spd=2664.569 ctrl=(-737592.3750,-15237.4346,3418253.0000) accum=(56757.3555,665.4341,-6184.2827) cMag=37907.2 fMag=104351 ld0=5.34153e+06 m78=3.68041e+06 frac=0.310983 grounded=0x40800000 linTerm=8.33333e-06
spd=2688.728 ctrl=(-740419.3750,-15295.8408,3431354.5000) accum=(52281.2969,632.7448,-8260.3477) cMag=36673.1 fMag=96819 ld0=4.88094e+06 m78=3.44377e+06 frac=0.294445 grounded=0x40800000 linTerm=1.27157e-12
spd=2671.961 ctrl=(-665801.8125,-15257.1875,3438380.5000) accum=(54571.4492,649.6678,-8107.0430) cMag=37212 fMag=100897 ld0=5.13052e+06 m78=3.56724e+06 frac=0.304702 grounded=0x40800000 linTerm=8.33333e-06
spd=2681.609 ctrl=(-592634.8125,-15254.9580,3452027.2500) accum=(56276.8945,664.5988,-8650.6055) cMag=37861.6 fMag=104146 ld0=5.32862e+06 m78=3.67655e+06 frac=0.310037 grounded=0x40800000 linTerm=8.33333e-06
spd=2705.836 ctrl=(-594897.4375,-15313.2002,3465207.2500) accum=(51755.9102,632.1032,-10519.6670) cMag=36640.3 fMag=96673 ld0=4.87183e+06 m78=3.44157e+06 frac=0.293578 grounded=0x40800000 linTerm=1.27157e-12
spd=2688.892 ctrl=(-519916.5625,-15274.1133,3468974.0000) accum=(54071.7656,649.1083,-10454.4727) cMag=37185.1 fMag=100777 ld0=5.12295e+06 m78=3.56549e+06 frac=0.304017 grounded=0x40800000 linTerm=8.33333e-06
spd=2698.405 ctrl=(-446109.0312,-15271.4756,3479423.2500) accum=(55783.8750,663.9722,-11056.7852) cMag=37838.7 fMag=104043 ld0=5.3222e+06 m78=3.67394e+06 frac=0.309694 grounded=0x40800000 linTerm=8.33333e-06
spd=2722.677 ctrl=(-447809.5625,-15329.6895,3492686.7500) accum=(51213.1680,631.6469,-12724.9824) cMag=36627.3 fMag=96612.5 ld0=4.86805e+06 m78=3.44035e+06 frac=0.293281 grounded=0x40800000 linTerm=1.27157e-12
spd=2705.547 ctrl=(-372612.7188,-15290.1973,3493182.5000) accum=(53542.3594,648.7014,-12753.2959) cMag=37175 fMag=100732 ld0=5.12012e+06 m78=3.56456e+06 frac=0.303814 grounded=0x40800000 linTerm=8.33333e-06
spd=2714.911 ctrl=(-298308.6875,-15287.1689,3500408.5000) accum=(55249.7422,663.4788,-13419.9551) cMag=37830.5 fMag=104006 ld0=5.31988e+06 m78=3.67205e+06 frac=0.30975 grounded=0x40800000 linTerm=8.33333e-06
spd=2739.217 ctrl=(-299445.9062,-15345.4434,3513751.5000) accum=(50628.5781,631.3079,-14890.0312) cMag=36626.9 fMag=96606.1 ld0=4.86763e+06 m78=3.43968e+06 frac=0.293357 grounded=0x40800000 linTerm=1.27157e-12
spd=2721.893 ctrl=(-224179.6250,-15305.5586,3510967.0000) accum=(52961.5156,648.3907,-15014.8535) cMag=37175.6 fMag=100735 ld0=5.12028e+06 m78=3.5641e+06 frac=0.303925 grounded=0x40800000 linTerm=8.33333e-06
spd=2731.101 ctrl=(-149523.3750,-15302.1621,3514951.7500) accum=(54655.4141,663.0680,-15748.7100) cMag=37831.5 fMag=104010 ld0=5.32016e+06 m78=3.67056e+06 frac=0.310066 grounded=0x40800000 linTerm=8.33333e-06
spd=2755.432 ctrl=(-150093.9688,-15360.5469,3528362.2500) accum=(49985.9570,631.0422,-17021.4277) cMag=36634.5 fMag=96633.5 ld0=4.86932e+06 m78=3.43932e+06 frac=0.293676 grounded=0x40800000 linTerm=1.27157e-12
spd=2737.913 ctrl=(-74904.4219,-15320.2783,3522294.2500) accum=(52314.8945,648.1401,-17244.2402) cMag=37183.1 fMag=100768 ld0=5.12231e+06 m78=3.56389e+06 frac=0.304241 grounded=0x40800000 linTerm=8.33333e-06
spd=2746.962 ctrl=(-40.7381,-15316.5166,3523021.0000) accum=(53988.5117,662.7108,-18046.7969) cMag=37838.4 fMag=104040 ld0=5.32205e+06 m78=3.6693e+06 frac=0.310548 grounded=0x40800000 linTerm=8.33333e-06
spd=2771.311 ctrl=(-40.8938,-15375.0410,3536482.5000) accum=(49274.9609,630.8218,-19121.7012) cMag=36647.1 fMag=96682 ld0=4.87231e+06 m78=3.43913e+06 frac=0.294149 grounded=0x40800000 linTerm=1.27157e-12
spd=2753.597 ctrl=(74925.8672,-15334.4004,3527135.7500) accum=(51593.3398,647.9261,-19443.0059) cMag=37194.9 fMag=100819 ld0=5.1255e+06 m78=3.56382e+06 frac=0.304689 grounded=0x40800000 linTerm=8.33333e-06
spd=2762.485 ctrl=(149852.3750,-15330.2881,3524598.0000) accum=(53241.0508,662.3866,-20314.5117) cMag=37849 fMag=104086 ld0=5.32495e+06 m78=3.66817e+06 frac=0.311137 grounded=0x40800000 linTerm=8.33333e-06
spd=2786.848 ctrl=(150426.1250,-15388.9717,3538090.5000) accum=(48489.0195,630.6283,-21190.7012) cMag=36662.8 fMag=96743.4 ld0=4.87612e+06 m78=3.43903e+06 frac=0.29472 grounded=0x40800000 linTerm=1.27157e-12
spd=2768.940 ctrl=(225024.4688,-15347.9678,3525475.2500) accum=(50791.1055,647.7352,-21610.3281) cMag=37209.3 fMag=100882 ld0=5.12941e+06 m78=3.56383e+06 frac=0.305217 grounded=0x40800000 linTerm=8.33333e-06
spd=2777.668 ctrl=(299868.6875,-15343.5146,3519670.7500) accum=(52408.2383,662.0834,-22550.4805) cMag=37861.9 fMag=104142 ld0=5.32847e+06 m78=3.66711e+06 frac=0.311789 grounded=0x40800000 linTerm=8.33333e-06
spd=2802.043 ctrl=(301018.9688,-15402.3721,3533172.0000) accum=(47624.2852,630.4513,-23226.9258) cMag=36680.5 fMag=96812.6 ld0=4.88041e+06 m78=3.43897e+06 frac=0.295351 grounded=0x40800000 linTerm=1.27157e-12
spd=2783.943 ctrl=(375103.9688,-15361.0107,3517303.7500) accum=(49904.8945,647.5573,-23744.2441) cMag=37225.3 fMag=100952 ld0=5.13375e+06 m78=3.56387e+06 frac=0.305795 grounded=0x40800000 linTerm=8.33333e-06
spd=2792.510 ctrl=(449721.4688,-15356.2227,3508237.2500) accum=(51487.3320,661.7921,-24752.0938) cMag=37876.2 fMag=104203 ld0=5.33235e+06 m78=3.6661e+06 frac=0.31248 grounded=0x40800000 linTerm=8.33333e-06
spd=2816.896 ctrl=(451450.3750,-15415.2578,3521724.2500) accum=(46678.6680,630.2824,-25227.7051) cMag=36699.1 fMag=96886.2 ld0=4.88497e+06 m78=3.43894e+06 frac=0.296016 grounded=0x40800000 linTerm=1.27157e-12
spd=2798.605 ctrl=(524878.1250,-15373.5547,3502627.7500) accum=(48933.0391,647.3869,-25841.7480) cMag=37242.2 fMag=101025 ld0=5.13832e+06 m78=3.56393e+06 frac=0.306402 grounded=0x40800000 linTerm=8.33333e-06
spd=2807.014 ctrl=(599124.5000,-15368.4395,3490310.2500) accum=(50477.0664,661.5084,-26916.2285) cMag=37891.2 fMag=104267 ld0=5.33644e+06 m78=3.66512e+06 frac=0.313191 grounded=0x40800000 linTerm=8.33333e-06
spd=2831.409 ctrl=(601432.8125,-15427.6494,3503757.5000) accum=(45651.3867,630.1181,-27190.1484) cMag=36718.3 fMag=96962 ld0=4.88968e+06 m78=3.43892e+06 frac=0.296699 grounded=0x40800000 linTerm=1.27157e-12
spd=2812.932 ctrl=(674060.5625,-15385.6055,3481461.0000) accum=(47875.0273,647.2195,-27899.6445) cMag=37259.6 fMag=101100 ld0=5.14302e+06 m78=3.56399e+06 frac=0.307023 grounded=0x40800000 linTerm=8.33333e-06
spd=2821.185 ctrl=(747792.0625,-15380.1680,3465909.0000) accum=(49377.2305,661.2305,-29039.3535) cMag=37906.7 fMag=104333 ld0=5.34063e+06 m78=3.66415e+06 frac=0.31391 grounded=0x40800000 linTerm=8.33333e-06
spd=2845.588 ctrl=(750679.5000,-15439.5547,3479292.0000) accum=(44542.5508,629.9553,-29110.8770) cMag=36737.7 fMag=97038.8 ld0=4.89446e+06 m78=3.4389e+06 frac=0.297389 grounded=0x40800000 linTerm=1.27157e-12
spd=2826.926 ctrl=(822366.0000,-15397.1777,3453831.0000) accum=(46731.1914,647.0537,-29914.3711) cMag=37277.2 fMag=101176 ld0=5.14776e+06 m78=3.56406e+06 frac=0.307649 grounded=0x40800000 linTerm=8.33333e-06
spd=2835.025 ctrl=(895440.1250,-15391.4297,3435069.2500) accum=(48188.3867,660.9541,-31117.6680) cMag=37922.3 fMag=104400 ld0=5.34485e+06 m78=3.6632e+06 frac=0.31463 grounded=0x40800000 linTerm=8.33333e-06
spd=2859.436 ctrl=(898905.6875,-15450.9980,3448363.7500) accum=(43352.9062,629.7918,-30986.4531) cMag=36757.1 fMag=97115.6 ld0=4.89924e+06 m78=3.43888e+06 frac=0.298079 grounded=0x40800000 linTerm=1.27157e-12
spd=2840.593 ctrl=(969511.0000,-15408.2920,3419780.0000) accum=(45502.4336,646.8876,-31882.2520) cMag=37294.8 fMag=101252 ld0=5.1525e+06 m78=3.56412e+06 frac=0.308274 grounded=0x40800000 linTerm=8.33333e-06
spd=2848.540 ctrl=(1041786.1250,-15402.2363,3397837.5000) accum=(46911.6445,660.6788,-33147.3789) cMag=37937.9 fMag=104466 ld0=5.34906e+06 m78=3.66226e+06 frac=0.315345 grounded=0x40800000 linTerm=8.33333e-06
spd=2872.958 ctrl=(1045827.1875,-15461.9814,3411017.5000) accum=(42083.6719,629.6271,-32813.3984) cMag=36776.4 fMag=97191.9 ld0=4.90399e+06 m78=3.43885e+06 frac=0.298765 grounded=0x40800000 linTerm=1.27157e-12
spd=2853.937 ctrl=(1115214.0000,-15418.9561,3379359.7500) accum=(44190.1602,646.7202,-33799.6172) cMag=37312.3 fMag=101327 ld0=5.15721e+06 m78=3.56418e+06 frac=0.308894 grounded=0x40800000 linTerm=8.33333e-06
spd=2861.735 ctrl=(1186550.1250,-15412.5977,3354272.7500) accum=(45548.5234,660.4039,-35124.6055) cMag=37953.4 fMag=104532 ld0=5.35325e+06 m78=3.66134e+06 frac=0.316053 grounded=0x40800000 linTerm=8.33333e-06
spd=2886.159 ctrl=(1191162.5000,-15472.5117,3367311.7500) accum=(40736.4570,629.4603,-34588.3086) cMag=36795.6 fMag=97267.4 ld0=4.90869e+06 m78=3.43882e+06 frac=0.299443 grounded=0x40800000 linTerm=1.27157e-12
spd=2866.964 ctrl=(1259195.7500,-15429.1768,3332634.2500) accum=(42796.1133,646.5508,-35662.8711) cMag=37329.6 fMag=101402 ld0=5.16187e+06 m78=3.56423e+06 frac=0.309508 grounded=0x40800000 linTerm=8.33333e-06
spd=2874.616 ctrl=(1329454.7500,-15422.5234,3304445.2500) accum=(44100.8750,660.1292,-37045.6875) cMag=37968.8 fMag=104597 ld0=5.35738e+06 m78=3.66042e+06 frac=0.316752 grounded=0x40800000 linTerm=8.33333e-06
spd=2899.045 ctrl=(1334633.8750,-15482.6045,3317318.2500) accum=(39313.1875,629.2910,-36307.6289) cMag=36814.4 fMag=97341.8 ld0=4.91333e+06 m78=3.43878e+06 frac=0.300112 grounded=0x40800000 linTerm=1.27157e-12
spd=2879.680 ctrl=(1401180.3750,-15438.9668,3279681.5000) accum=(41322.2539,646.3799,-37468.4570) cMag=37346.7 fMag=101475 ld0=5.16646e+06 m78=3.56427e+06 frac=0.310112 grounded=0x40800000 linTerm=8.33333e-06
spd=2887.188 ctrl=(1470226.1250,-15432.0215,3248438.7500) accum=(42570.8516,659.8541,-38906.8281) cMag=37984 fMag=104661 ld0=5.36145e+06 m78=3.65952e+06 frac=0.317439 grounded=0x40800000 linTerm=8.33333e-06
spd=2911.622 ctrl=(1475965.8750,-15492.2676,3261120.7500) accum=(37815.9688,629.1195,-37968.0938) cMag=36832.9 fMag=97415 ld0=4.9179e+06 m78=3.43874e+06 frac=0.30077 grounded=0x40800000 linTerm=1.27157e-12
spd=2892.089 ctrl=(1540896.3750,-15448.3350,3220591.0000) accum=(39770.9492,646.2059,-39212.7227) cMag=37363.5 fMag=101547 ld0=5.17098e+06 m78=3.56432e+06 frac=0.310707 grounded=0x40800000 linTerm=8.33333e-06
spd=2899.456 ctrl=(1608594.5000,-15441.1045,3186348.7500) accum=(40960.8359,659.5784,-40704.4688) cMag=37998.9 fMag=104725 ld0=5.36546e+06 m78=3.65863e+06 frac=0.318115 grounded=0x40800000 linTerm=8.33333e-06
spd=2923.896 ctrl=(1614887.2500,-15501.5098,3198813.7500) accum=(36247.1953,628.9446,-39566.3477) cMag=36851.1 fMag=97486.9 ld0=4.92239e+06 m78=3.4387e+06 frac=0.301417 grounded=0x40800000 linTerm=1.27157e-12
spd=2904.198 ctrl=(1678073.8750,-15457.2793,3155460.7500) accum=(38144.5820,646.0298,-40892.4492) cMag=37380.1 fMag=101618 ld0=5.17542e+06 m78=3.56435e+06 frac=0.311291 grounded=0x40800000 linTerm=8.33333e-06
spd=2911.426 ctrl=(1744293.6250,-15449.7783,3118280.7500) accum=(39273.4258,659.3017,-42434.9805) cMag=38013.5 fMag=104787 ld0=5.36939e+06 m78=3.65774e+06 frac=0.318779 grounded=0x40800000 linTerm=8.33333e-06
spd=2935.872 ctrl=(1751131.2500,-15510.3408,3130504.2500) accum=(34609.4023,628.7673,-41099.3672) cMag=36869 fMag=97557.5 ld0=4.9268e+06 m78=3.43865e+06 frac=0.302052 grounded=0x40800000 linTerm=1.27157e-12
spd=2916.012 ctrl=(1812450.7500,-15465.8232,3084407.0000) accum=(36445.8750,645.8515,-42504.1992) cMag=37396.3 fMag=101688 ld0=5.17978e+06 m78=3.56439e+06 frac=0.311865 grounded=0x40800000 linTerm=8.33333e-06
spd=2923.104 ctrl=(1877063.5000,-15458.0488,3044353.5000) accum=(37511.3828,659.0244,-44095.0430) cMag=38027.9 fMag=104847 ld0=5.37325e+06 m78=3.65687e+06 frac=0.31943 grounded=0x40800000 linTerm=8.33333e-06
spd=2947.555 ctrl=(1884436.2500,-15518.7617,3056311.5000) accum=(32905.3008,628.5873,-42563.9805) cMag=36886.5 fMag=97626.7 ld0=4.93113e+06 m78=3.4386e+06 frac=0.302676 grounded=0x40800000 linTerm=1.27157e-12
spd=2927.538 ctrl=(1943769.3750,-15473.9717,3007553.5000) accum=(34677.6484,645.6702,-44044.8008) cMag=37412.3 fMag=101756 ld0=5.18406e+06 m78=3.56442e+06 frac=0.312428 grounded=0x40800000 linTerm=8.33333e-06
spd=2934.496 ctrl=(2006648.6250,-15465.9229,2964697.7500) accum=(35677.6680,658.7470,-45681.3984) cMag=38042.1 fMag=104907 ld0=5.37704e+06 m78=3.65602e+06 frac=0.320069 grounded=0x40800000 linTerm=8.33333e-06
spd=2958.951 ctrl=(2014546.2500,-15526.7920,2976365.7500) accum=(31137.7559,628.4039,-43957.2812) cMag=36903.7 fMag=97694.5 ld0=4.93538e+06 m78=3.43854e+06 frac=0.303286 grounded=0x40800000 linTerm=1.27157e-12
spd=2938.779 ctrl=(2071776.2500,-15481.7256,2925033.5000) accum=(32842.9023,645.4868,-45511.2812) cMag=37428 fMag=101823 ld0=5.18825e+06 m78=3.56444e+06 frac=0.312979 grounded=0x40800000 linTerm=8.33333e-06
spd=2945.607 ctrl=(2132801.0000,-15473.4238,2879454.7500) accum=(33775.3750,658.4684,-47190.7812) cMag=38056 fMag=104965 ld0=5.38075e+06 m78=3.65517e+06 frac=0.320695 grounded=0x40800000 linTerm=8.33333e-06
spd=2970.066 ctrl=(2141210.5000,-15534.4316,2890808.0000) accum=(29309.7988,628.2186,-45276.5312) cMag=36920.6 fMag=97761 ld0=4.93954e+06 m78=3.43849e+06 frac=0.303885 grounded=0x40800000 linTerm=1.27157e-12
spd=2949.743 ctrl=(2196224.5000,-15489.0986,2836994.7500) accum=(30944.7539,645.3008,-46900.6758) cMag=37443.4 fMag=101889 ld0=5.19237e+06 m78=3.56446e+06 frac=0.31352 grounded=0x40800000 linTerm=8.33333e-06
spd=2956.443 ctrl=(2255276.2500,-15480.5410,2788774.0000) accum=(31807.8203,658.1890,-48620.2383) cMag=38069.6 fMag=105023 ld0=5.38438e+06 m78=3.65434e+06 frac=0.321308 grounded=0x40800000 linTerm=8.33333e-06
spd=2980.906 ctrl=(2264186.2500,-15541.6992,2799791.7500) accum=(27424.5469,628.0305,-46518.9609) cMag=36937.1 fMag=97826.1 ld0=4.94362e+06 m78=3.43843e+06 frac=0.304472 grounded=0x40800000 linTerm=1.27157e-12
spd=2960.434 ctrl=(2316876.5000,-15496.1035,2743595.5000) accum=(28986.5234,645.1122,-48210.0352) cMag=37458.4 fMag=101953 ld0=5.1964e+06 m78=3.56448e+06 frac=0.314049 grounded=0x40800000 linTerm=8.33333e-06
spd=2967.008 ctrl=(2373840.5000,-15487.3018,2692821.7500) accum=(29778.3047,657.9091,-49966.8594) cMag=38083 fMag=105079 ld0=5.38795e+06 m78=3.65352e+06 frac=0.321909 grounded=0x40800000 linTerm=8.33333e-06
spd=2991.475 ctrl=(2383235.2500,-15548.5957,2703478.7500) accum=(25485.2617,627.8396,-47682.0742) cMag=36953.3 fMag=97889.9 ld0=4.94761e+06 m78=3.43836e+06 frac=0.305046 grounded=0x40800000 linTerm=1.27157e-12
spd=2970.858 ctrl=(2433498.5000,-15502.7490,2645002.2500) accum=(26971.5703,644.9211,-49436.9531) cMag=37473.2 fMag=102016 ld0=5.20035e+06 m78=3.56449e+06 frac=0.314568 grounded=0x40800000 linTerm=8.33333e-06
spd=2977.310 ctrl=(2488263.0000,-15493.7002,2591766.7500) accum=(27690.4883,657.6281,-51227.8945) cMag=38096 fMag=105133 ld0=5.39144e+06 m78=3.65271e+06 frac=0.322498 grounded=0x40800000 linTerm=8.33333e-06
spd=3001.780 ctrl=(2498128.7500,-15555.1270,2602042.5000) accum=(23495.3457,627.6466,-48763.4766) cMag=36969.1 fMag=97952.4 ld0=4.95153e+06 m78=3.4383e+06 frac=0.305608 grounded=0x40800000 linTerm=1.27157e-12
spd=2981.021 ctrl=(2545866.2500,-15509.0312,2541393.0000) accum=(24903.4551,644.7280,-50578.7578) cMag=37487.6 fMag=102077 ld0=5.20422e+06 m78=3.5645e+06 frac=0.315075 grounded=0x40800000 linTerm=8.33333e-06
spd=2987.352 ctrl=(2598325.5000,-15499.7471,2485793.7500) accum=(25547.8848,657.3477,-52400.8516) cMag=38108.9 fMag=105187 ld0=5.39485e+06 m78=3.65192e+06 frac=0.323074 grounded=0x40800000 linTerm=8.33333e-06
spd=3011.826 ctrl=(2608645.0000,-15561.3086,2495666.2500) accum=(21458.3359,627.4505,-49760.8438) cMag=36984.6 fMag=98013.4 ld0=4.95536e+06 m78=3.43823e+06 frac=0.306159 grounded=0x40800000 linTerm=1.27157e-12
spd=2990.928 ctrl=(2653762.5000,-15514.9707,2432955.0000) accum=(22785.7773,644.5327,-51633.1562) cMag=37501.8 fMag=102138 ld0=5.20801e+06 m78=3.56451e+06 frac=0.315572 grounded=0x40800000 linTerm=8.33333e-06
spd=2997.142 ctrl=(2703814.2500,-15505.4570,2375093.7500) accum=(23354.3711,657.0654,-53483.2266) cMag=38121.5 fMag=105240 ld0=5.39819e+06 m78=3.65113e+06 frac=0.323638 grounded=0x40800000 linTerm=8.33333e-06
spd=3021.619 ctrl=(2714571.7500,-15567.1475,2384543.2500) accum=(19377.7266,627.2525,-50672.1914) cMag=36999.7 fMag=98073.2 ld0=4.95911e+06 m78=3.43817e+06 frac=0.306697 grounded=0x40800000 linTerm=1.27157e-12
spd=3000.585 ctrl=(2756978.5000,-15520.5645,2319884.5000) accum=(20622.2949,644.3350,-52597.9766) cMag=37515.7 fMag=102197 ld0=5.21172e+06 m78=3.56451e+06 frac=0.316058 grounded=0x40800000 linTerm=8.33333e-06
spd=3006.683 ctrl=(2804526.2500,-15510.8301,2259868.5000) accum=(21113.8359,656.7831,-54472.8086) cMag=38133.8 fMag=105291 ld0=5.40147e+06 m78=3.65036e+06 frac=0.324191 grounded=0x40800000 linTerm=8.33333e-06
spd=3031.163 ctrl=(2815701.7500,-15572.6416,2268873.7500) accum=(17257.3398,627.0524,-51495.5898) cMag=37014.6 fMag=98131.8 ld0=4.96279e+06 m78=3.4381e+06 frac=0.307225 grounded=0x40800000 linTerm=1.27157e-12
spd=3009.996 ctrl=(2855316.7500,-15525.8330,2202388.2500) accum=(18416.9160,644.1346,-53471.1602) cMag=37529.3 fMag=102255 ld0=5.21535e+06 m78=3.56452e+06 frac=0.316534 grounded=0x40800000 linTerm=8.33333e-06
spd=3015.981 ctrl=(2900264.5000,-15515.8701,2140326.2500) accum=(18830.1289,656.5007,-55367.4922) cMag=38145.8 fMag=105342 ld0=5.40467e+06 m78=3.64961e+06 frac=0.324731 grounded=0x40800000 linTerm=8.33333e-06
spd=3040.465 ctrl=(2911841.5000,-15577.8027,2148870.0000) accum=(15100.8232,626.8500,-52229.1523) cMag=37029.1 fMag=98188.9 ld0=4.96638e+06 m78=3.43803e+06 frac=0.30774 grounded=0x40800000 linTerm=1.27157e-12
spd=3019.167 ctrl=(2948584.2500,-15530.7666,2080679.7500) accum=(16173.4844,643.9327,-54250.8828) cMag=37542.6 fMag=102311 ld0=5.2189e+06 m78=3.56451e+06 frac=0.316999 grounded=0x40800000 linTerm=8.33333e-06
spd=3025.042 ctrl=(2990846.2500,-15520.5898,2016687.1250) accum=(16507.5117,656.2173,-56165.3750) cMag=38157.6 fMag=105391 ld0=5.4078e+06 m78=3.64886e+06 frac=0.325259 grounded=0x40800000 linTerm=8.33333e-06
spd=3049.529 ctrl=(3002804.5000,-15582.6445,2024750.5000) accum=(12912.0996,626.6453,-52871.3945) cMag=37043.3 fMag=98244.9 ld0=4.9699e+06 m78=3.43796e+06 frac=0.308245 grounded=0x40800000 linTerm=1.27157e-12
spd=3028.104 ctrl=(3036602.7500,-15535.3906,1954981.7500) accum=(13896.0996,643.7286,-54935.4766) cMag=37555.6 fMag=102367 ld0=5.22238e+06 m78=3.56451e+06 frac=0.317455 grounded=0x40800000 linTerm=8.33333e-06
spd=3033.871 ctrl=(3076096.5000,-15525.0049,1889177.3750) accum=(14150.0312,655.9339,-56864.7344) cMag=38169.2 fMag=105439 ld0=5.41087e+06 m78=3.64814e+06 frac=0.325776 grounded=0x40800000 linTerm=8.33333e-06
spd=3058.360 ctrl=(3088413.7500,-15587.1670,1896741.7500) accum=(10695.1328,626.4387,-53420.7383) cMag=37057.2 fMag=98299.7 ld0=4.97334e+06 m78=3.43789e+06 frac=0.308737 grounded=0x40800000 linTerm=1.27157e-12
spd=3036.812 ctrl=(3119200.2500,-15539.7012,1825523.8750) accum=(11588.7998,643.5224,-55523.3750) cMag=37568.4 fMag=102421 ld0=5.22579e+06 m78=3.56451e+06 frac=0.3179 grounded=0x40800000 linTerm=8.33333e-06
spd=3042.473 ctrl=(3155846.7500,-15529.1055,1758027.8750) accum=(11761.9785,655.6499,-57464.0820) cMag=38180.5 fMag=105486 ld0=5.41387e+06 m78=3.64742e+06 frac=0.326282 grounded=0x40800000 linTerm=8.33333e-06
spd=3066.964 ctrl=(3168503.2500,-15591.3828,1765078.2500) accum=(8453.9092,626.2302,-53876.0859) cMag=37070.8 fMag=98353.2 ld0=4.97671e+06 m78=3.43781e+06 frac=0.30922 grounded=0x40800000 linTerm=1.27157e-12
spd=3045.294 ctrl=(3196215.5000,-15543.7070,1692543.0000) accum=(9255.7764,643.3143,-56013.3047) cMag=37580.9 fMag=102474 ld0=5.22912e+06 m78=3.56451e+06 frac=0.318335 grounded=0x40800000 linTerm=8.33333e-06
spd=3050.852 ctrl=(3229944.7500,-15532.9131,1623481.5000) accum=(9347.6338,655.3655,-57961.9297) cMag=38191.6 fMag=105532 ld0=5.4168e+06 m78=3.64672e+06 frac=0.326776 grounded=0x40800000 linTerm=8.33333e-06
spd=3075.346 ctrl=(3242916.5000,-15595.2910,1630001.3750) accum=(6192.3945,626.0197,-54236.2109) cMag=37084.1 fMag=98405.6 ld0=4.98e+06 m78=3.43774e+06 frac=0.309691 grounded=0x40800000 linTerm=1.27157e-12
spd=3053.558 ctrl=(3267499.2500,-15547.4150,1556283.5000) accum=(6901.2080,643.1042,-56404.1094) cMag=37593.1 fMag=102526 ld0=5.23237e+06 m78=3.5645e+06 frac=0.318761 grounded=0x40800000 linTerm=8.33333e-06
spd=3059.014 ctrl=(3298244.5000,-15536.4287,1485784.6250) accum=(6911.4180,655.0806,-58357.2148) cMag=38202.4 fMag=105577 ld0=5.41966e+06 m78=3.64603e+06 frac=0.32726 grounded=0x40800000 linTerm=8.33333e-06
spd=3083.510 ctrl=(3311510.0000,-15598.9180,1491760.3750) accum=(3914.7881,625.8073,-54500.2344) cMag=37097.1 fMag=98456.7 ld0=4.98322e+06 m78=3.43767e+06 frac=0.310151 grounded=0x40800000 linTerm=1.27157e-12
spd=3061.606 ctrl=(3332912.7500,-15550.8457,1416996.3750) accum=(4529.3706,642.8922,-56694.7852) cMag=37605.1 fMag=102576 ld0=5.23555e+06 m78=3.56449e+06 frac=0.319176 grounded=0x40800000 linTerm=8.33333e-06
spd=3066.964 ctrl=(3360611.5000,-15539.6621,1345189.7500) accum=(4457.6733,654.7954,-58648.8984) cMag=38213 fMag=105621 ld0=5.42247e+06 m78=3.64535e+06 frac=0.327732 grounded=0x40800000 linTerm=8.33333e-06
spd=3091.462 ctrl=(3374148.5000,-15602.2588,1350608.2500) accum=(1625.2563,625.5925,-54667.4414) cMag=37109.8 fMag=98506.7 ld0=4.98637e+06 m78=3.4376e+06 frac=0.310601 grounded=0x40800000 linTerm=1.27157e-12
spd=3069.444 ctrl=(3392326.5000,-15553.9883,1274936.5000) accum=(2144.7239,642.6776,-56884.6016) cMag=37616.7 fMag=102626 ld0=5.23866e+06 m78=3.56448e+06 frac=0.319583 grounded=0x40800000 linTerm=8.33333e-06
spd=3074.706 ctrl=(3416925.2500,-15542.6201,1201956.1250) accum=(1990.8994,654.5102,-58836.2695) cMag=38223.4 fMag=105664 ld0=5.42521e+06 m78=3.64469e+06 frac=0.328193 grounded=0x40800000 linTerm=8.33333e-06
spd=3099.206 ctrl=(3430707.0000,-15605.3057,1206804.1250) accum=(-672.1790,625.3771,-54737.3047) cMag=37122.2 fMag=98555.5 ld0=4.98944e+06 m78=3.43752e+06 frac=0.311041 grounded=0x40800000 linTerm=1.27157e-12
spd=3077.078 ctrl=(3445625.7500,-15556.8564,1130366.7500) accum=(-248.5960,642.4622,-56973.0156) cMag=37628.2 fMag=102674 ld0=5.24171e+06 m78=3.56446e+06 frac=0.31998 grounded=0x40800000 linTerm=8.33333e-06
spd=3082.246 ctrl=(3467075.5000,-15545.3086,1056347.6250) accum=(-484.3916,654.2247,-58918.6836) cMag=38233.5 fMag=105706 ld0=5.42788e+06 m78=3.64404e+06 frac=0.328645 grounded=0x40800000 linTerm=8.33333e-06
spd=3106.747 ctrl=(3481077.5000,-15608.0850,1060613.8750) accum=(-2973.1030,625.1593,-54709.4531) cMag=37134.3 fMag=98603.3 ld0=4.99245e+06 m78=3.43745e+06 frac=0.311471 grounded=0x40800000 linTerm=1.27157e-12
spd=3084.511 ctrl=(3492702.7500,-15559.4502,983551.6875) accum=(-2646.1194,642.2452,-56959.5859) cMag=37639.4 fMag=102721 ld0=5.24468e+06 m78=3.56445e+06 frac=0.320368 grounded=0x40800000 linTerm=8.33333e-06
spd=3089.587 ctrl=(3510959.5000,-15547.7246,908631.7500) accum=(-2963.6616,653.9388,-58895.7461) cMag=38243.5 fMag=105747 ld0=5.4305e+06 m78=3.6434e+06 frac=0.329085 grounded=0x40800000 linTerm=8.33333e-06
spd=3114.090 ctrl=(3525158.2500,-15610.6045,912306.1250) accum=(-5273.4507,624.9399,-54583.6562) cMag=37146.2 fMag=98649.9 ld0=4.99539e+06 m78=3.43738e+06 frac=0.31189 grounded=0x40800000 linTerm=1.27157e-12
spd=3091.749 ctrl=(3533464.7500,-15561.7920,834763.1250) accum=(-5043.4360,642.0254,-56844.1289) cMag=37650.3 fMag=102768 ld0=5.24759e+06 m78=3.56444e+06 frac=0.320747 grounded=0x40800000 linTerm=8.33333e-06
spd=3096.735 ctrl=(3548493.0000,-15549.8975,759081.3125) accum=(-5442.3955,653.6531,-58767.2812) cMag=38253.2 fMag=105788 ld0=5.43306e+06 m78=3.64278e+06 frac=0.329516 grounded=0x40800000 linTerm=8.33333e-06
spd=3121.240 ctrl=(3562861.2500,-15612.8672,762154.9375) accum=(-7568.9580,624.7188,-54359.9453) cMag=37157.8 fMag=98695.5 ld0=4.99826e+06 m78=3.43731e+06 frac=0.3123 grounded=0x40800000 linTerm=1.27157e-12
spd=3098.796 ctrl=(3567831.5000,-15563.8857,684275.4375) accum=(-7436.1836,641.8044,-56626.5820) cMag=37661 fMag=102813 ld0=5.25043e+06 m78=3.56442e+06 frac=0.321117 grounded=0x40800000 linTerm=8.33333e-06
spd=3103.694 ctrl=(3579598.2500,-15551.8203,607972.2500) accum=(-7916.0151,653.3657,-58533.2969) cMag=38262.6 fMag=105827 ld0=5.43556e+06 m78=3.64216e+06 frac=0.329937 grounded=0x40800000 linTerm=8.33333e-06
spd=3128.200 ctrl=(3594110.5000,-15614.8701,610437.0625) accum=(-9855.4072,624.4964,-54038.5039) cMag=37169.1 fMag=98740 ld0=5.00107e+06 m78=3.43723e+06 frac=0.3127 grounded=0x40800000 linTerm=1.27157e-12
spd=3105.656 ctrl=(3595730.5000,-15565.7178,532365.8125) accum=(-9819.9482,641.5818,-56307.1641) cMag=37671.4 fMag=102857 ld0=5.2532e+06 m78=3.56441e+06 frac=0.321479 grounded=0x40800000 linTerm=8.33333e-06
spd=3110.469 ctrl=(3604211.2500,-15553.4873,455583.0000) accum=(-10380.0254,653.0797,-58193.9609) cMag=38271.9 fMag=105865 ld0=5.43799e+06 m78=3.64157e+06 frac=0.330347 grounded=0x40800000 linTerm=8.33333e-06
spd=3134.977 ctrl=(3618842.2500,-15616.6221,457432.3750) accum=(-12128.5430,624.2722,-53619.7031) cMag=37180.1 fMag=98783.4 ld0=5.00381e+06 m78=3.43716e+06 frac=0.313091 grounded=0x40800000 linTerm=1.27157e-12
spd=3112.334 ctrl=(3617105.2500,-15567.3047,379314.9688) accum=(-12190.3750,641.3581,-55886.2969) cMag=37681.6 fMag=102900 ld0=5.25591e+06 m78=3.56439e+06 frac=0.321832 grounded=0x40800000 linTerm=8.33333e-06
spd=3117.063 ctrl=(3622283.7500,-15554.9199,302195.5000) accum=(-12829.8057,652.7935,-57749.7148) cMag=38281 fMag=105902 ld0=5.44038e+06 m78=3.64098e+06 frac=0.330748 grounded=0x40800000 linTerm=8.33333e-06
spd=3141.573 ctrl=(3637004.0000,-15618.1318,303423.6562) accum=(-14384.1953,624.0468,-53104.0625) cMag=37190.9 fMag=98825.8 ld0=5.00648e+06 m78=3.43709e+06 frac=0.313472 grounded=0x40800000 linTerm=1.27157e-12
spd=3118.835 ctrl=(3631913.5000,-15568.6660,225405.6250) accum=(-14542.9561,641.1321,-55364.4648) cMag=37691.6 fMag=102942 ld0=5.25855e+06 m78=3.56437e+06 frac=0.322176 grounded=0x40800000 linTerm=8.33333e-06
spd=3123.482 ctrl=(3633773.7500,-15556.1221,148092.6094) accum=(-15260.9189,652.5062,-57201.1523) cMag=38289.8 fMag=105939 ld0=5.4427e+06 m78=3.64041e+06 frac=0.33114 grounded=0x40800000 linTerm=8.33333e-06
spd=3147.993 ctrl=(3648558.0000,-15619.4150,148695.1094) accum=(-16618.1641,623.8195,-52492.4102) cMag=37201.5 fMag=98867.3 ld0=5.0091e+06 m78=3.43702e+06 frac=0.313844 grounded=0x40800000 linTerm=1.27157e-12
spd=3125.162 ctrl=(3640116.5000,-15569.7881,70921.5859) accum=(-16873.4883,640.9047,-54742.5039) cMag=37701.3 fMag=102983 ld0=5.26114e+06 m78=3.56436e+06 frac=0.322513 grounded=0x40800000 linTerm=8.33333e-06
spd=3129.729 ctrl=(3638655.2500,-15557.0947,-6440.9932) accum=(-17668.7480,652.2192,-56549.0586) cMag=38298.4 fMag=105975 ld0=5.44498e+06 m78=3.63985e+06 frac=0.331522 grounded=0x40800000 linTerm=8.33333e-06
spd=3154.241 ctrl=(3653477.2500,-15620.4639,-6467.2300) accum=(-18826.3301,623.5912,-51785.6211) cMag=37211.8 fMag=98907.7 ld0=5.01165e+06 m78=3.43695e+06 frac=0.314208 grounded=0x40800000 linTerm=1.27157e-12
spd=3131.319 ctrl=(3641698.0000,-15570.6865,-83851.1719) accum=(-19177.6016,640.6759,-54021.3320) cMag=37710.8 fMag=103023 ld0=5.26366e+06 m78=3.56434e+06 frac=0.322841 grounded=0x40800000 linTerm=8.33333e-06
spd=3135.809 ctrl=(3636913.5000,-15557.8447,-161119.6875) accum=(-20048.9727,651.9322,-55794.4805) cMag=38306.9 fMag=106009 ld0=5.44719e+06 m78=3.6393e+06 frac=0.331895 grounded=0x40800000 linTerm=8.33333e-06
spd=3160.322 ctrl=(3651744.5000,-15621.2871,-161776.7969) accum=(-21004.5410,623.3610,-50984.7812) cMag=37221.8 fMag=98947.1 ld0=5.01414e+06 m78=3.43688e+06 frac=0.314562 grounded=0x40800000 linTerm=1.27157e-12
spd=3137.312 ctrl=(3636648.5000,-15571.3711,-238626.8125) accum=(-21451.0176,640.4454,-53202.0508) cMag=37720.1 fMag=103062 ld0=5.26613e+06 m78=3.56432e+06 frac=0.323161 grounded=0x40800000 linTerm=8.33333e-06
spd=3141.726 ctrl=(3628547.5000,-15558.3848,-315657.5625) accum=(-22397.0684,651.6448,-54938.5430) cMag=38315.2 fMag=106043 ld0=5.44936e+06 m78=3.63876e+06 frac=0.332259 grounded=0x40800000 linTerm=8.33333e-06
spd=3166.240 ctrl=(3643359.5000,-15621.8965,-316946.1250) accum=(-23148.8613,623.1299,-50091.1914) cMag=37231.6 fMag=98985.7 ld0=5.01657e+06 m78=3.43681e+06 frac=0.314908 grounded=0x40800000 linTerm=1.27157e-12
spd=3143.143 ctrl=(3624970.0000,-15571.8389,-393119.2812) accum=(-23689.5684,640.2139,-52286.0195) cMag=37729.2 fMag=103100 ld0=5.26853e+06 m78=3.5643e+06 frac=0.323474 grounded=0x40800000 linTerm=8.33333e-06
spd=3147.483 ctrl=(3613566.0000,-15558.7129,-469768.9375) accum=(-24708.6719,651.3571,-53982.6484) cMag=38323.2 fMag=106077 ld0=5.45147e+06 m78=3.63824e+06 frac=0.332614 grounded=0x40800000 linTerm=8.33333e-06
spd=3171.999 ctrl=(3628333.5000,-15622.2959,-471688.7812) accum=(-25255.1992,622.8981,-49106.3242) cMag=37241.2 fMag=99023.3 ld0=5.01894e+06 m78=3.43674e+06 frac=0.315245 grounded=0x40800000 linTerm=1.27157e-12
spd=3148.817 ctrl=(3606682.0000,-15572.0986,-547042.9375) accum=(-25888.9805,639.9808,-51274.7695) cMag=37738 fMag=103138 ld0=5.27088e+06 m78=3.56428e+06 frac=0.323779 grounded=0x40800000 linTerm=8.33333e-06
spd=3153.085 ctrl=(3591994.2500,-15558.8408,-623169.3125) accum=(-26979.5293,651.0695,-52928.3789) cMag=38331.1 fMag=106109 ld0=5.45354e+06 m78=3.63772e+06 frac=0.332961 grounded=0x40800000 linTerm=8.33333e-06
spd=3177.601 ctrl=(3606687.0000,-15622.4824,-625718.3125) accum=(-27319.5605,622.6642,-48031.8008) cMag=37250.5 fMag=99059.9 ld0=5.02126e+06 m78=3.43668e+06 frac=0.315575 grounded=0x40800000 linTerm=1.27157e-12
spd=3154.337 ctrl=(3581812.2500,-15572.1572,-700113.1250) accum=(-28045.2891,639.7467,-50169.9219) cMag=37746.7 fMag=103174 ld0=5.27317e+06 m78=3.56426e+06 frac=0.324077 grounded=0x40800000 linTerm=8.33333e-06
spd=3158.535 ctrl=(3563864.2500,-15558.7646,-775574.3750) accum=(-29205.4004,650.7820,-51777.4922) cMag=38338.7 fMag=106140 ld0=5.45555e+06 m78=3.63722e+06 frac=0.333299 grounded=0x40800000 linTerm=8.33333e-06
spd=3183.052 ctrl=(3578457.5000,-15622.4766,-778750.1250) accum=(-29338.2012,622.4293,-46869.4297) cMag=37259.6 fMag=99095.7 ld0=5.02352e+06 m78=3.43661e+06 frac=0.315896 grounded=0x40800000 linTerm=1.27157e-12
spd=3159.708 ctrl=(3550402.0000,-15572.0215,-852046.8125) accum=(-30154.3496,639.5110,-48973.3789) cMag=37755.1 fMag=103210 ld0=5.2754e+06 m78=3.56424e+06 frac=0.324367 grounded=0x40800000 linTerm=8.33333e-06
spd=3163.837 ctrl=(3529226.2500,-15558.5049,-926702.8750) accum=(-31382.1133,650.4943,-50531.9297) cMag=38346.2 fMag=106171 ld0=5.45752e+06 m78=3.63673e+06 frac=0.333628 grounded=0x40800000 linTerm=8.33333e-06
spd=3188.355 ctrl=(3543690.5000,-15622.2715,-930500.9375) accum=(-31307.2715,622.1933,-45621.1758) cMag=37268.5 fMag=99130.6 ld0=5.02572e+06 m78=3.43655e+06 frac=0.316209 grounded=0x40800000 linTerm=1.27157e-12
spd=3164.934 ctrl=(3512504.2500,-15571.6924,-1002562.9375) accum=(-32212.2637,639.2740,-47687.1836) cMag=37763.3 fMag=103244 ld0=5.27758e+06 m78=3.56422e+06 frac=0.32465 grounded=0x40800000 linTerm=8.33333e-06
spd=3168.995 ctrl=(3488137.2500,-15558.0518,-1076274.8750) accum=(-33505.5859,650.2060,-49193.8281) cMag=38353.5 fMag=106201 ld0=5.45943e+06 m78=3.63625e+06 frac=0.33395 grounded=0x40800000 linTerm=8.33333e-06
spd=3193.514 ctrl=(3502446.7500,-15621.8750,-1080690.1250) accum=(-33223.1445,621.9564,-44289.1836) cMag=37277.1 fMag=99164.6 ld0=5.02787e+06 m78=3.43648e+06 frac=0.316514 grounded=0x40800000 linTerm=1.27157e-12
spd=3170.016 ctrl=(3468185.0000,-15571.1758,-1151383.1250) accum=(-34215.2148,639.0358,-46313.5508) cMag=37771.4 fMag=103278 ld0=5.27971e+06 m78=3.56419e+06 frac=0.324926 grounded=0x40800000 linTerm=8.33333e-06
spd=3174.013 ctrl=(3440668.0000,-15557.4072,-1224013.3750) accum=(-35571.9453,649.9182,-47765.4648) cMag=38360.7 fMag=106231 ld0=5.4613e+06 m78=3.63578e+06 frac=0.334264 grounded=0x40800000 linTerm=8.33333e-06
spd=3198.532 ctrl=(3454798.0000,-15621.2988,-1229040.1250) accum=(-35082.0938,621.7180,-42875.7656) cMag=37285.5 fMag=99197.8 ld0=5.02997e+06 m78=3.43642e+06 frac=0.316811 grounded=0x40800000 linTerm=1.27157e-12
spd=3174.960 ctrl=(3417521.5000,-15570.4805,-1298232.1250) accum=(-36159.3672,638.7960,-44854.8555) cMag=37779.2 fMag=103311 ld0=5.28178e+06 m78=3.56417e+06 frac=0.325195 grounded=0x40800000 linTerm=8.33333e-06
spd=3178.893 ctrl=(3386905.0000,-15556.5928,-1369646.2500) accum=(-37577.1836,649.6308,-46249.3047) cMag=38367.7 fMag=106259 ld0=5.46312e+06 m78=3.63533e+06 frac=0.334569 grounded=0x40800000 linTerm=8.33333e-06
spd=3203.413 ctrl=(3400825.5000,-15620.5303,-1375275.6250) accum=(-36880.8047,621.4789,-41383.3516) cMag=37293.8 fMag=99230.2 ld0=5.03202e+06 m78=3.43636e+06 frac=0.317102 grounded=0x40800000 linTerm=1.27157e-12
spd=3179.769 ctrl=(3360602.5000,-15569.6045,-1442838.1250) accum=(-38041.2109,638.5555,-43313.5938) cMag=37786.8 fMag=103343 ld0=5.28381e+06 m78=3.56415e+06 frac=0.325458 grounded=0x40800000 linTerm=8.33333e-06
spd=3183.640 ctrl=(3326942.0000,-15555.6035,-1512903.7500) accum=(-39517.5508,649.3427,-44648.0273) cMag=38374.5 fMag=106287 ld0=5.4649e+06 m78=3.63488e+06 frac=0.334868 grounded=0x40800000 linTerm=8.33333e-06
spd=3208.161 ctrl=(3340627.2500,-15619.5928,-1519127.1250) accum=(-38615.7539,621.2386,-39814.5625) cMag=37301.8 fMag=99261.7 ld0=5.03401e+06 m78=3.4363e+06 frac=0.317384 grounded=0x40800000 linTerm=1.27157e-12
spd=3184.446 ctrl=(3297529.2500,-15568.5557,-1584933.7500) accum=(-39857.0664,638.3138,-41692.5117) cMag=37794.3 fMag=103374 ld0=5.28578e+06 m78=3.56413e+06 frac=0.325713 grounded=0x40800000 linTerm=8.33333e-06
spd=3188.257 ctrl=(3260884.0000,-15554.4434,-1653520.1250) accum=(-41389.4375,649.0543,-42964.4297) cMag=38381.1 fMag=106314 ld0=5.46663e+06 m78=3.63444e+06 frac=0.335158 grounded=0x40800000 linTerm=8.33333e-06
spd=3212.778 ctrl=(3274310.2500,-15618.4873,-1660328.3750) accum=(-40283.6836,620.9972,-38172.1289) cMag=37309.7 fMag=99292.5 ld0=5.03596e+06 m78=3.43624e+06 frac=0.31766 grounded=0x40800000 linTerm=1.27157e-12
spd=3188.995 ctrl=(3228414.5000,-15567.3408,-1724256.2500) accum=(-41603.5898,638.0712,-39994.4609) cMag=37801.6 fMag=103405 ld0=5.2877e+06 m78=3.56411e+06 frac=0.325963 grounded=0x40800000 linTerm=8.33333e-06
spd=3192.747 ctrl=(3188851.2500,-15553.1211,-1791236.1250) accum=(-43189.3906,648.7669,-41201.4180) cMag=38387.6 fMag=106341 ld0=5.46832e+06 m78=3.63402e+06 frac=0.335442 grounded=0x40800000 linTerm=8.33333e-06
spd=3217.269 ctrl=(3201990.2500,-15617.2041,-1798616.5000) accum=(-41881.4492,620.7551,-36458.9766) cMag=37317.3 fMag=99322.5 ld0=5.03785e+06 m78=3.43618e+06 frac=0.317928 grounded=0x40800000 linTerm=1.27157e-12
spd=3193.419 ctrl=(3153381.5000,-15565.9639,-1860547.6250) accum=(-43277.4414,637.8270,-38222.4141) cMag=37808.6 fMag=103435 ld0=5.28958e+06 m78=3.56409e+06 frac=0.326206 grounded=0x40800000 linTerm=8.33333e-06
spd=3197.114 ctrl=(3110971.5000,-15551.6396,-1925796.7500) accum=(-44913.7969,648.4782,-39362.1992) cMag=38393.9 fMag=106367 ld0=5.46997e+06 m78=3.6336e+06 frac=0.335718 grounded=0x40800000 linTerm=8.33333e-06
spd=3221.636 ctrl=(3123800.2500,-15615.7705,-1933738.1250) accum=(-43406.0195,620.5116,-34678.1211) cMag=37324.7 fMag=99351.7 ld0=5.0397e+06 m78=3.43612e+06 frac=0.31819 grounded=0x40800000 linTerm=1.27157e-12
spd=3197.721 ctrl=(3072564.0000,-15564.4248,-1993555.6250) accum=(-44875.5312,637.5820,-36379.5039) cMag=37815.6 fMag=103464 ld0=5.2914e+06 m78=3.56407e+06 frac=0.326442 grounded=0x40800000 linTerm=8.33333e-06
spd=3201.360 ctrl=(3027384.0000,-15549.9980,-2056952.2500) accum=(-46559.6172,648.1903,-37449.9023) cMag=38400 fMag=106392 ld0=5.47157e+06 m78=3.6332e+06 frac=0.335986 grounded=0x40800000 linTerm=8.33333e-06
spd=3225.883 ctrl=(3039877.7500,-15614.1748,-2065441.5000) accum=(-44854.5234,620.2676,-32832.7266) cMag=37332 fMag=99380.2 ld0=5.0415e+06 m78=3.43606e+06 frac=0.318445 grounded=0x40800000 linTerm=1.27157e-12
spd=3201.905 ctrl=(2986109.0000,-15562.7393,-2123035.0000) accum=(-46394.7578,637.3356,-34469.0586) cMag=37822.3 fMag=103492 ld0=5.29319e+06 m78=3.56405e+06 frac=0.326673 grounded=0x40800000 linTerm=8.33333e-06
spd=3205.489 ctrl=(2938240.0000,-15548.2109,-2184461.2500) accum=(-48123.6367,647.9021,-35468.0703) cMag=38406 fMag=106416 ld0=5.47313e+06 m78=3.6328e+06 frac=0.336249 grounded=0x40800000 linTerm=8.33333e-06
spd=3230.012 ctrl=(2950375.0000,-15612.4277,-2193483.0000) accum=(-46224.2031,620.0226,-30926.0332) cMag=37339.1 fMag=99407.9 ld0=5.04325e+06 m78=3.436e+06 frac=0.318693 grounded=0x40800000 linTerm=1.27157e-12
spd=3205.972 ctrl=(2894169.5000,-15560.8975,-2248744.2500) accum=(-47832.3008,637.0884,-32494.4336) cMag=37828.9 fMag=103519 ld0=5.29492e+06 m78=3.56402e+06 frac=0.326898 grounded=0x40800000 linTerm=8.33333e-06
spd=3209.503 ctrl=(2843699.2500,-15546.2734,-2308086.5000) accum=(-49602.9062,647.6140,-33420.1641) cMag=38411.9 fMag=106440 ld0=5.47466e+06 m78=3.63241e+06 frac=0.336504 grounded=0x40800000 linTerm=8.33333e-06
spd=3234.027 ctrl=(2855453.0000,-15610.5342,-2317626.2500) accum=(-47512.4102,619.7767,-28961.5176) cMag=37346 fMag=99434.9 ld0=5.04496e+06 m78=3.43595e+06 frac=0.318935 grounded=0x40800000 linTerm=1.27157e-12
spd=3209.927 ctrl=(2796913.5000,-15558.9102,-2370451.7500) accum=(-49185.4336,636.8405,-30459.1484) cMag=37835.3 fMag=103546 ld0=5.29662e+06 m78=3.564e+06 frac=0.327117 grounded=0x40800000 linTerm=8.33333e-06
spd=3213.406 ctrl=(2743933.7500,-15544.1973,-2427600.2500) accum=(-50994.6094,647.3264,-31309.8223) cMag=38417.6 fMag=106464 ld0=5.47615e+06 m78=3.63204e+06 frac=0.336753 grounded=0x40800000 linTerm=8.33333e-06
spd=3237.930 ctrl=(3038035.7500,-17210.2578,-2687797.0000) accum=(-48716.6641,619.5303,-26942.6992) cMag=37352.7 fMag=99461.3 ld0=5.04663e+06 m78=3.43589e+06 frac=0.319171 grounded=0x40800000 linTerm=1.27157e-12
spd=3213.772 ctrl=(2971508.7500,-17155.9863,-2743689.0000) accum=(-50451.5117,636.5920,-28366.8867) cMag=37841.5 fMag=103573 ld0=5.29827e+06 m78=3.56398e+06 frac=0.32733 grounded=0x40800000 linTerm=8.33333e-06
spd=3220.103 ctrl=(2911052.7500,-17143.3789,-2804783.5000) accum=(-52197.6758,649.6603,-28967.4766) cMag=38443.7 fMag=106658 ld0=5.48713e+06 m78=3.6573e+06 frac=0.333478 grounded=0x40800000 linTerm=8.33333e-06
spd=3247.590 ctrl=(2923512.0000,-17216.7617,-2816788.0000) accum=(-49723.4336,618.9041,-24707.2305) cMag=37312.4 fMag=99284.3 ld0=5.03543e+06 m78=3.4336e+06 frac=0.318111 grounded=0x40800000 linTerm=1.27157e-12
spd=3223.329 ctrl=(2854562.7500,-17162.1660,-2869796.0000) accum=(-51528.5234,636.0059,-26076.6387) cMag=37807.4 fMag=103418 ld0=5.28852e+06 m78=3.56198e+06 frac=0.326469 grounded=0x40800000 linTerm=8.33333e-06
spd=3229.584 ctrl=(2791465.2500,-17149.2520,-2928262.5000) accum=(-53312.6680,649.0257,-26627.7812) cMag=38413.4 fMag=106521 ld0=5.47849e+06 m78=3.65472e+06 frac=0.332896 grounded=0x40800000 linTerm=8.33333e-06
spd=3257.118 ctrl=(2803377.2500,-17222.4219,-2940758.5000) accum=(-50671.8750,618.4185,-22494.6758) cMag=37289.6 fMag=99183.4 ld0=5.02904e+06 m78=3.43224e+06 frac=0.317515 grounded=0x40800000 linTerm=1.27157e-12
spd=3232.743 ctrl=(2732140.2500,-17167.5449,-2990782.0000) accum=(-52541.6797,635.5467,-23799.1641) cMag=37788.3 fMag=103333 ld0=5.2831e+06 m78=3.56081e+06 frac=0.326 grounded=0x40800000 linTerm=8.33333e-06
spd=3238.908 ctrl=(2666522.0000,-17154.3477,-3046507.7500) accum=(-54358.8555,648.5048,-24291.8555) cMag=38396.4 fMag=106444 ld0=5.47368e+06 m78=3.65287e+06 frac=0.332648 grounded=0x40800000 linTerm=8.33333e-06
spd=3266.475 ctrl=(2677885.2500,-17227.4492,-3059490.0000) accum=(-51554.1914,618.0250,-20286.0312) cMag=37278.7 fMag=99133.9 ld0=5.02591e+06 m78=3.43142e+06 frac=0.317253 grounded=0x40800000 linTerm=1.27157e-12
spd=3241.978 ctrl=(2604493.7500,-17172.3027,-3106431.0000) accum=(-53483.4375,635.1719,-21517.9844) cMag=37779.7 fMag=103293 ld0=5.28061e+06 m78=3.56013e+06 frac=0.325811 grounded=0x40800000 linTerm=8.33333e-06
spd=3248.045 ctrl=(2536478.7500,-17158.8398,-3159308.5000) accum=(-55328.9648,648.0599,-21945.6562) cMag=38388.7 fMag=106408 ld0=5.47145e+06 m78=3.65145e+06 frac=0.332635 grounded=0x40800000 linTerm=8.33333e-06
spd=3275.634 ctrl=(2547281.7500,-17231.9219,-3172764.5000) accum=(-52363.4883,617.6935,-18069.3438) cMag=37275.9 fMag=99118.9 ld0=5.02495e+06 m78=3.43092e+06 frac=0.317224 grounded=0x40800000 linTerm=1.27157e-12
spd=3251.012 ctrl=(2471874.7500,-17176.5254,-3216531.5000) accum=(-54347.2344,634.8532,-19223.0254) cMag=37778.1 fMag=103285 ld0=5.28008e+06 m78=3.55973e+06 frac=0.32582 grounded=0x40800000 linTerm=8.33333e-06
spd=3256.975 ctrl=(2401590.7500,-17162.8066,-3266458.5000) accum=(-56216.6172,647.6675,-19580.8809) cMag=38387.3 fMag=106400 ld0=5.47095e+06 m78=3.65029e+06 frac=0.332787 grounded=0x40800000 linTerm=8.33333e-06
spd=3284.579 ctrl=(2411821.5000,-17235.9258,-3280373.2500) accum=(-53094.0352,617.4025,-15837.6182) cMag=37278.5 fMag=99126.9 ld0=5.02546e+06 m78=3.43059e+06 frac=0.317357 grounded=0x40800000 linTerm=1.27157e-12
spd=3259.831 ctrl=(2334538.5000,-17180.2812,-3320879.0000) accum=(-55127.4297,634.5705,-16908.6504) cMag=37781.1 fMag=103297 ld0=5.28085e+06 m78=3.55948e+06 frac=0.325965 grounded=0x40800000 linTerm=8.33333e-06
spd=3265.688 ctrl=(2262117.2500,-17166.3281,-3367760.7500) accum=(-57016.4688,647.3088,-17193.2910) cMag=38390.1 fMag=106410 ld0=5.47162e+06 m78=3.64928e+06 frac=0.333052 grounded=0x40800000 linTerm=8.33333e-06
spd=3293.303 ctrl=(2271760.0000,-17239.5117,-3382116.5000) accum=(-53741.1055,617.1382,-13587.5381) cMag=37284.7 fMag=99150.2 ld0=5.02693e+06 m78=3.43037e+06 frac=0.317602 grounded=0x40800000 linTerm=1.27157e-12
spd=3268.429 ctrl=(2192743.7500,-17183.6230,-3419279.5000) accum=(-55819.6562,634.3134,-14572.3213) cMag=37787.4 fMag=103324 ld0=5.2825e+06 m78=3.55933e+06 frac=0.326203 grounded=0x40800000 linTerm=8.33333e-06
spd=3274.179 ctrl=(2118319.5000,-17169.4395,-3463024.5000) accum=(-57724.1484,646.9745,-14781.2676) cMag=38395.6 fMag=106433 ld0=5.47305e+06 m78=3.64837e+06 frac=0.333393 grounded=0x40800000 linTerm=8.33333e-06
spd=3301.802 ctrl=(2127357.5000,-17242.6855,-3477800.0000) accum=(-54300.8711,616.8917,-11318.0264) cMag=37293.4 fMag=99183.5 ld0=5.02904e+06 m78=3.4302e+06 frac=0.317921 grounded=0x40800000 linTerm=1.27157e-12
spd=3276.802 ctrl=(2046756.6250,-17186.5703,-3511549.7500) accum=(-56420.0352,634.0724,-12213.8564) cMag=37795.8 fMag=103359 ld0=5.28472e+06 m78=3.55923e+06 frac=0.326504 grounded=0x40800000 linTerm=8.33333e-06
spd=3282.446 ctrl=(1970467.8750,-17172.1582,-3552071.0000) accum=(-58336.1250,646.6564,-12345.1953) cMag=38403.1 fMag=106463 ld0=5.47498e+06 m78=3.64752e+06 frac=0.333784 grounded=0x40800000 linTerm=8.33333e-06
spd=3310.073 ctrl=(1978884.8750,-17245.5117,-3567243.2500) accum=(-54770.1719,616.6566,-9029.6680) cMag=37303.6 fMag=99223.2 ld0=5.03155e+06 m78=3.43006e+06 frac=0.318289 grounded=0x40800000 linTerm=1.27157e-12
spd=3284.950 ctrl=(1896848.8750,-17189.1758,-3597512.5000) accum=(-56925.5703,633.8414,-9834.2930) cMag=37805.6 fMag=103400 ld0=5.28729e+06 m78=3.55916e+06 frac=0.326846 grounded=0x40800000 linTerm=8.33333e-06
spd=3290.488 ctrl=(1818837.5000,-17174.5488,-3634733.0000) accum=(-58849.3477,646.3492,-9886.7910) cMag=38411.8 fMag=106498 ld0=5.47723e+06 m78=3.64671e+06 frac=0.334206 grounded=0x40800000 linTerm=8.33333e-06
spd=3318.120 ctrl=(1826616.6250,-17248.0020,-3650278.5000) accum=(-55146.4961,616.4283,-6724.3999) cMag=37314.8 fMag=99266.9 ld0=5.03432e+06 m78=3.42995e+06 frac=0.318688 grounded=0x40800000 linTerm=1.27157e-12
spd=3292.876 ctrl=(1743297.3750,-17191.4453,-3677005.2500) accum=(-57333.7969,633.6171,-7435.9595) cMag=37816.1 fMag=103444 ld0=5.29008e+06 m78=3.55911e+06 frac=0.327212 grounded=0x40800000 linTerm=8.33333e-06
spd=3298.309 ctrl=(1663708.3750,-17176.6055,-3710852.0000) accum=(-59261.5117,646.0491,-7408.7695) cMag=38421.2 fMag=106536 ld0=5.47968e+06 m78=3.64593e+06 frac=0.334645 grounded=0x40800000 linTerm=8.33333e-06
spd=3325.943 ctrl=(1670833.2500,-17250.1660,-3726743.2500) accum=(-55427.8555,616.2047,-4404.7275) cMag=37326.6 fMag=99312.9 ld0=5.03723e+06 m78=3.42983e+06 frac=0.319103 grounded=0x40800000 linTerm=1.27157e-12
spd=3300.581 ctrl=(1586387.0000,-17193.4062,-3749876.0000) accum=(-57642.7617,633.3958,-5021.8745) cMag=37827.2 fMag=103490 ld0=5.29301e+06 m78=3.55905e+06 frac=0.327593 grounded=0x40800000 linTerm=8.33333e-06
spd=3305.912 ctrl=(1505368.0000,-17178.3672,-3780284.0000) accum=(-59570.7617,645.7538,-4914.4224) cMag=38431 fMag=106576 ld0=5.48224e+06 m78=3.64517e+06 frac=0.335095 grounded=0x40800000 linTerm=8.33333e-06
spd=3333.548 ctrl=(1511822.8750,-17252.0254,-3796493.5000) accum=(-55612.7773,615.9829,-2074.0339) cMag=37338.6 fMag=99360.2 ld0=5.04022e+06 m78=3.42973e+06 frac=0.319529 grounded=0x40800000 linTerm=1.27157e-12
spd=3308.069 ctrl=(1426405.7500,-17195.0566,-3815983.7500) accum=(-57851.0273,633.1772,-2595.3696) cMag=37838.5 fMag=103538 ld0=5.29599e+06 m78=3.55901e+06 frac=0.327981 grounded=0x40800000 linTerm=8.33333e-06
spd=3313.300 ctrl=(1344108.0000,-17179.8242,-3842893.7500) accum=(-59775.5547,645.4627,-2407.3447) cMag=38441 fMag=106617 ld0=5.48485e+06 m78=3.64443e+06 frac=0.335546 grounded=0x40800000 linTerm=8.33333e-06
spd=3340.937 ctrl=(1349879.3750,-17253.5918,-3859394.5000) accum=(-55699.9844,615.7622,264.3140) cMag=37350.7 fMag=99407.8 ld0=5.04323e+06 m78=3.42962e+06 frac=0.319956 grounded=0x40800000 linTerm=1.27157e-12
spd=3315.345 ctrl=(1263650.5000,-17196.4238,-3875202.7500) accum=(-57957.3398,632.9593,-160.3917) cMag=37849.9 fMag=103585 ld0=5.29899e+06 m78=3.55896e+06 frac=0.32837 grounded=0x40800000 linTerm=8.33333e-06
spd=3320.478 ctrl=(1180225.7500,-17180.9961,-3898560.0000) accum=(-59874.9062,645.1729,108.1972) cMag=38451.1 fMag=106658 ld0=5.48748e+06 m78=3.64371e+06 frac=0.335997 grounded=0x40800000 linTerm=8.33333e-06
spd=3348.115 ctrl=(1185300.2500,-17254.8613,-3915322.5000) accum=(-55688.7344,615.5421,2606.3843) cMag=37362.8 fMag=99455.3 ld0=5.04625e+06 m78=3.42952e+06 frac=0.320382 grounded=0x40800000 linTerm=1.27157e-12
spd=3322.413 ctrl=(1098419.8750,-17197.5078,-3927417.5000) accum=(-57960.9688,632.7418,2279.1379) cMag=37861.2 fMag=103633 ld0=5.30198e+06 m78=3.55891e+06 frac=0.328758 grounded=0x40800000 linTerm=8.33333e-06
spd=3327.450 ctrl=(1014023.9375,-17181.8945,-3947176.5000) accum=(-59867.9102,644.8856,2628.1575) cMag=38461.2 fMag=106699 ld0=5.4901e+06 m78=3.64301e+06 frac=0.336441 grounded=0x40800000 linTerm=8.33333e-06
spd=3355.088 ctrl=(1018389.9375,-17255.8691,-3964171.0000) accum=(-55578.4688,615.3215,4948.2710) cMag=37374.8 fMag=99502.3 ld0=5.04922e+06 m78=3.42941e+06 frac=0.320804 grounded=0x40800000 linTerm=1.27157e-12
spd=3329.278 ctrl=(931019.3125,-17198.3242,-3972524.2500) accum=(-57861.3125,632.5228,4718.8960) cMag=37872.4 fMag=103680 ld0=5.30494e+06 m78=3.55886e+06 frac=0.329141 grounded=0x40800000 linTerm=8.33333e-06
spd=3334.222 ctrl=(845809.1250,-17182.5371,-3988647.5000) accum=(-59754.1797,644.5988,5147.9619) cMag=38471.2 fMag=106740 ld0=5.4927e+06 m78=3.64232e+06 frac=0.33688 grounded=0x40800000 linTerm=8.33333e-06
spd=3361.860 ctrl=(849455.3750,-17256.6035,-4005842.5000) accum=(-55368.9570,615.1000,7285.7905) cMag=37386.7 fMag=99548.7 ld0=5.05216e+06 m78=3.42931e+06 frac=0.321219 grounded=0x40800000 linTerm=1.27157e-12
spd=3335.945 ctrl=(761757.6250,-17198.8789,-4010437.0000) accum=(-57658.2188,632.3032,7154.6167) cMag=37883.5 fMag=103726 ld0=5.30785e+06 m78=3.55882e+06 frac=0.329519 grounded=0x40800000 linTerm=8.33333e-06
spd=3340.798 ctrl=(675890.7500,-17182.9141,-4022890.0000) accum=(-59533.5156,644.3132,7663.3320) cMag=38481.1 fMag=106780 ld0=5.49525e+06 m78=3.64164e+06 frac=0.337311 grounded=0x40800000 linTerm=8.33333e-06
spd=3368.436 ctrl=(678808.2500,-17257.0840,-4040255.0000) accum=(-55060.2109,614.8777,9614.7637) cMag=37398.3 fMag=99594.3 ld0=5.05505e+06 m78=3.42921e+06 frac=0.321628 grounded=0x40800000 linTerm=1.27157e-12
spd=3342.419 ctrl=(590946.3750,-17199.1895,-4041079.7500) accum=(-57351.6523,632.0825,9581.9648) cMag=37894.4 fMag=103771 ld0=5.31071e+06 m78=3.55877e+06 frac=0.329889 grounded=0x40800000 linTerm=8.33333e-06
spd=3347.183 ctrl=(504582.4688,-17183.0547,-4049837.0000) accum=(-59205.9453,644.0272,10169.4629) cMag=38490.8 fMag=106819 ld0=5.49777e+06 m78=3.64099e+06 frac=0.337733 grounded=0x40800000 linTerm=8.33333e-06
spd=3374.821 ctrl=(506763.2812,-17257.3223,-4067341.0000) accum=(-54652.4414,614.6544,11931.0068) cMag=37409.7 fMag=99639 ld0=5.05788e+06 m78=3.42911e+06 frac=0.322027 grounded=0x40800000 linTerm=1.27157e-12
spd=3348.704 ctrl=(418900.6562,-17199.2578,-4064390.7500) accum=(-56941.8125,631.8607,11996.3809) cMag=37905 fMag=103816 ld0=5.31352e+06 m78=3.55872e+06 frac=0.330251 grounded=0x40800000 linTerm=8.33333e-06
spd=3353.382 ctrl=(332200.0312,-17182.9570,-4069433.5000) accum=(-58771.6680,643.7421,12662.0449) cMag=38500.3 fMag=106858 ld0=5.50022e+06 m78=3.64035e+06 frac=0.338145 grounded=0x40800000 linTerm=8.33333e-06
spd=3381.020 ctrl=(333637.6562,-17257.3164,-4087044.2500) accum=(-54146.0586,614.4296,14230.2256) cMag=37420.8 fMag=99682.6 ld0=5.06065e+06 m78=3.42901e+06 frac=0.322417 grounded=0x40800000 linTerm=1.27157e-12
spd=3354.806 ctrl=(245937.8438,-17199.0859,-4080321.0000) accum=(-56429.1992,631.6371,14393.6680) cMag=37915.5 fMag=103859 ld0=5.31626e+06 m78=3.55867e+06 frac=0.330605 grounded=0x40800000 linTerm=8.33333e-06
spd=3359.400 ctrl=(159061.3281,-17182.6270,-4081638.0000) accum=(-58231.2539,643.4574,15136.3525) cMag=38509.6 fMag=106895 ld0=5.50263e+06 m78=3.63973e+06 frac=0.338548 grounded=0x40800000 linTerm=8.33333e-06
spd=3387.038 ctrl=(159750.3750,-17257.0723,-4099323.0000) accum=(-53541.7383,614.2035,16508.1680) cMag=37431.6 fMag=99725.3 ld0=5.06335e+06 m78=3.42891e+06 frac=0.322799 grounded=0x40800000 linTerm=1.27157e-12
spd=3360.730 ctrl=(72376.5391,-17198.6855,-4088837.0000) accum=(-55814.5117,631.4124,16769.2715) cMag=37925.6 fMag=103901 ld0=5.31893e+06 m78=3.55863e+06 frac=0.330951 grounded=0x40800000 linTerm=8.33333e-06
spd=3365.242 ctrl=(-14514.5479,-17182.0703,-4086424.2500) accum=(-57585.4844,643.1722,17587.8184) cMag=38518.6 fMag=106932 ld0=5.50497e+06 m78=3.63911e+06 frac=0.338941 grounded=0x40800000 linTerm=8.33333e-06
spd=3392.880 ctrl=(-14577.5059,-17256.5996,-4104149.2500) accum=(-52840.4023,613.9765,18760.7305) cMag=37442.3 fMag=99766.9 ld0=5.06599e+06 m78=3.42881e+06 frac=0.323171 grounded=0x40800000 linTerm=1.27157e-12
spd=3366.480 ctrl=(-101462.8281,-17198.0625,-4089918.5000) accum=(-55098.6523,631.1862,19118.8008) cMag=37935.6 fMag=103943 ld0=5.32154e+06 m78=3.55858e+06 frac=0.331289 grounded=0x40800000 linTerm=8.33333e-06
spd=3370.912 ctrl=(-188207.3594,-17181.2969,-4083777.2500) accum=(-56835.2188,642.8873,20011.9277) cMag=38527.5 fMag=106968 ld0=5.50727e+06 m78=3.63852e+06 frac=0.339324 grounded=0x40800000 linTerm=8.33333e-06
spd=3398.550 ctrl=(-189024.7188,-17255.9160,-4101512.7500) accum=(-52043.0391,613.7479,20983.5742) cMag=37452.6 fMag=99807.5 ld0=5.06857e+06 m78=3.42872e+06 frac=0.323533 grounded=0x40800000 linTerm=1.27157e-12
spd=3372.061 ctrl=(-275259.6875,-17197.2266,-4083558.5000) accum=(-54282.6562,630.9586,21437.9316) cMag=37945.3 fMag=103983 ld0=5.32409e+06 m78=3.55853e+06 frac=0.331618 grounded=0x40800000 linTerm=8.33333e-06
spd=3376.415 ctrl=(-361696.8125,-17180.3184,-4073699.5000) accum=(-55981.6367,642.6019,22404.1348) cMag=38536.1 fMag=107003 ld0=5.5095e+06 m78=3.63794e+06 frac=0.339698 grounded=0x40800000 linTerm=8.33333e-06
spd=3404.052 ctrl=(-363269.3750,-17255.0137,-4091410.7500) accum=(-51150.8984,613.5184,23172.6777) cMag=37462.7 fMag=99847 ld0=5.07107e+06 m78=3.42862e+06 frac=0.323886 grounded=0x40800000 linTerm=1.27157e-12
spd=3377.477 ctrl=(-448694.1250,-17196.1816,-4069766.0000) accum=(-53367.8633,630.7295,23722.3027) cMag=37954.7 fMag=104022 ld0=5.32657e+06 m78=3.55848e+06 frac=0.331938 grounded=0x40800000 linTerm=8.33333e-06
spd=3381.756 ctrl=(-534663.4375,-17179.1348,-4056204.5000) accum=(-55026.1328,642.3176,24760.1426) cMag=38544.6 fMag=107037 ld0=5.51168e+06 m78=3.63737e+06 frac=0.340061 grounded=0x40800000 linTerm=8.33333e-06
spd=3409.393 ctrl=(-536990.5000,-17253.9004,-4073858.0000) accum=(-50165.5000,613.2875,25323.8848) cMag=37472.5 fMag=99885.5 ld0=5.07352e+06 m78=3.42853e+06 frac=0.32423 grounded=0x40800000 linTerm=1.27157e-12
spd=3382.733 ctrl=(-621446.0000,-17194.9336,-4048560.2500) accum=(-52355.7500,630.4990,25967.6875) cMag=37964 fMag=104061 ld0=5.32899e+06 m78=3.55843e+06 frac=0.33225 grounded=0x40800000 linTerm=8.33333e-06
spd=3386.939 ctrl=(-706787.8125,-17177.7461,-4031318.2500) accum=(-53970.2266,642.0327,27075.3477) cMag=38552.8 fMag=107070 ld0=5.5138e+06 m78=3.63682e+06 frac=0.340415 grounded=0x40800000 linTerm=8.33333e-06
spd=3414.575 ctrl=(-709867.0625,-17252.5820,-4048881.2500) accum=(-49088.4180,613.0554,27433.2539) cMag=37482.1 fMag=99923.1 ld0=5.0759e+06 m78=3.42844e+06 frac=0.324565 grounded=0x40800000 linTerm=1.27157e-12
spd=3387.833 ctrl=(-793196.3750,-17193.4805,-4019974.5000) accum=(-51248.0273,630.2670,28169.8789) cMag=37972.9 fMag=104098 ld0=5.33134e+06 m78=3.55838e+06 frac=0.332554 grounded=0x40800000 linTerm=8.33333e-06
spd=3391.968 ctrl=(-877752.9375,-17176.1641,-3999084.0000) accum=(-52815.6914,641.7482,29345.5117) cMag=38560.8 fMag=107103 ld0=5.51587e+06 m78=3.63628e+06 frac=0.340759 grounded=0x40800000 linTerm=8.33333e-06
spd=3419.603 ctrl=(-881581.0625,-17251.0723,-4016524.7500) accum=(-47921.4414,612.8219,29496.6406) cMag=37491.4 fMag=99959.6 ld0=5.07822e+06 m78=3.42835e+06 frac=0.324891 grounded=0x40800000 linTerm=1.27157e-12
spd=3392.782 ctrl=(-963629.4375,-17191.8438,-3984062.0000) accum=(-50046.5117,630.0341,30324.7598) cMag=37981.7 fMag=104134 ld0=5.33364e+06 m78=3.55834e+06 frac=0.33285 grounded=0x40800000 linTerm=8.33333e-06
spd=3396.847 ctrl=(-1047243.6875,-17174.3926,-3959557.5000) accum=(-51564.4648,641.4631,31566.3789) cMag=38568.6 fMag=107134 ld0=5.51788e+06 m78=3.63576e+06 frac=0.341095 grounded=0x40800000 linTerm=8.33333e-06
spd=3424.482 ctrl=(-1051815.2500,-17249.3672,-3976842.7500) accum=(-46666.6016,612.5875,31510.3574) cMag=37500.5 fMag=99995.2 ld0=5.08048e+06 m78=3.42827e+06 frac=0.325208 grounded=0x40800000 linTerm=1.27157e-12
spd=3397.583 ctrl=(-1132430.1250,-17190.0117,-3940880.0000) accum=(-48753.2930,629.7993,32428.3262) cMag=37990.2 fMag=104170 ld0=5.33587e+06 m78=3.55829e+06 frac=0.333138 grounded=0x40800000 linTerm=8.33333e-06
spd=3401.581 ctrl=(-1214947.1250,-17172.4375,-3912806.2500) accum=(-50218.7305,641.1783,33733.7852) cMag=38576.2 fMag=107165 ld0=5.51984e+06 m78=3.63525e+06 frac=0.341422 grounded=0x40800000 linTerm=8.33333e-06
spd=3429.216 ctrl=(-1220256.0000,-17247.4766,-3929904.0000) accum=(-45325.9922,612.3526,33470.5859) cMag=37509.4 fMag=100030 ld0=5.08267e+06 m78=3.42818e+06 frac=0.325516 grounded=0x40800000 linTerm=1.27157e-12
spd=3402.242 ctrl=(-1299287.8750,-17188.0078,-3890508.0000) accum=(-47370.5469,629.5635,34476.4961) cMag=37998.5 fMag=104204 ld0=5.33805e+06 m78=3.55825e+06 frac=0.333418 grounded=0x40800000 linTerm=8.33333e-06
spd=3406.174 ctrl=(-1380554.8750,-17170.3125,-3858915.7500) accum=(-48780.7266,640.8936,35843.6445) cMag=38583.6 fMag=107195 ld0=5.52175e+06 m78=3.63475e+06 frac=0.341739 grounded=0x40800000 linTerm=8.33333e-06
spd=3433.808 ctrl=(-1386593.3750,-17245.4141,-3875794.5000) accum=(-43901.9648,612.1156,35373.5039) cMag=37517.9 fMag=100063 ld0=5.08481e+06 m78=3.4281e+06 frac=0.325816 grounded=0x40800000 linTerm=1.27157e-12
spd=3406.761 ctrl=(-1463894.5000,-17185.8223,-3833032.5000) accum=(-45900.6758,629.3270,36465.6250) cMag=38006.6 fMag=104237 ld0=5.34016e+06 m78=3.55821e+06 frac=0.33369 grounded=0x40800000 linTerm=8.33333e-06
spd=3410.630 ctrl=(-1543761.0000,-17168.0117,-3797978.0000) accum=(-47252.9922,640.6085,37891.9844) cMag=38590.8 fMag=107224 ld0=5.52361e+06 m78=3.63427e+06 frac=0.342048 grounded=0x40800000 linTerm=8.33333e-06
spd=3438.263 ctrl=(-1550519.5000,-17243.1699,-3814605.5000) accum=(-42396.9570,611.8781,37215.6172) cMag=37526.3 fMag=100096 ld0=5.08689e+06 m78=3.42801e+06 frac=0.326108 grounded=0x40800000 linTerm=1.27157e-12
spd=3411.146 ctrl=(-1625947.0000,-17183.4668,-3768557.0000) accum=(-44346.3047,629.0884,38391.7773) cMag=38014.4 fMag=104270 ld0=5.34222e+06 m78=3.55816e+06 frac=0.333955 grounded=0x40800000 linTerm=8.33333e-06
spd=3414.952 ctrl=(-1704265.2500,-17165.5430,-3730103.5000) accum=(-45638.1523,640.3242,39875.0117) cMag=38597.8 fMag=107252 ld0=5.52541e+06 m78=3.6338e+06 frac=0.342348 grounded=0x40800000 linTerm=8.33333e-06
spd=3442.585 ctrl=(-1711732.8750,-17240.7578,-3746447.7500) accum=(-40813.6445,611.6394,38993.4648) cMag=37534.4 fMag=100128 ld0=5.08891e+06 m78=3.42793e+06 frac=0.326392 grounded=0x40800000 linTerm=1.27157e-12
spd=3415.398 ctrl=(-1785146.5000,-17180.9492,-3697196.0000) accum=(-42710.0703,628.8493,40251.4922) cMag=38022.1 fMag=104302 ld0=5.34422e+06 m78=3.55812e+06 frac=0.334212 grounded=0x40800000 linTerm=8.33333e-06
spd=3419.145 ctrl=(-1861771.0000,-17162.9141,-3655412.2500) accum=(-43939.0742,640.0394,41788.9258) cMag=38604.7 fMag=107280 ld0=5.52717e+06 m78=3.63334e+06 frac=0.34264 grounded=0x40800000 linTerm=8.33333e-06
spd=3446.777 ctrl=(-1869936.1250,-17238.1816,-3671443.7500) accum=(-39154.7891,611.3995,40703.6484) cMag=37542.4 fMag=100159 ld0=5.09088e+06 m78=3.42785e+06 frac=0.326668 grounded=0x40800000 linTerm=1.27157e-12
spd=3419.523 ctrl=(-1941199.8750,-17178.2715,-3619077.7500) accum=(-40994.9492,628.6086,42041.0898) cMag=38029.5 fMag=104333 ld0=5.34617e+06 m78=3.55807e+06 frac=0.334463 grounded=0x40800000 linTerm=8.33333e-06
spd=3423.211 ctrl=(-2015989.3750,-17160.1270,-3574040.2500) accum=(-42158.7461,639.7548,43630.0938) cMag=38611.3 fMag=107306 ld0=5.52888e+06 m78=3.6329e+06 frac=0.342924 grounded=0x40800000 linTerm=8.33333e-06
spd=3450.843 ctrl=(-2024837.5000,-17235.4414,-3589727.0000) accum=(-37423.2969,611.1592,42342.9023) cMag=37550.1 fMag=100189 ld0=5.09279e+06 m78=3.42778e+06 frac=0.326936 grounded=0x40800000 linTerm=1.27157e-12
spd=3423.524 ctrl=(-2093818.6250,-17175.4297,-3534341.2500) accum=(-39203.8789,628.3668,43757.3125) cMag=38036.8 fMag=104362 ld0=5.34806e+06 m78=3.55803e+06 frac=0.334707 grounded=0x40800000 linTerm=8.33333e-06
spd=3427.155 ctrl=(-2166634.2500,-17157.1816,-3486131.2500) accum=(-40300.3086,639.4700,45395.0820) cMag=38617.8 fMag=107332 ld0=5.53054e+06 m78=3.63246e+06 frac=0.3432 grounded=0x40800000 linTerm=8.33333e-06
spd=3454.786 ctrl=(-2176152.2500,-17232.5508,-3501446.2500) accum=(-35622.2930,610.9177,43908.0820) cMag=37557.5 fMag=100219 ld0=5.09466e+06 m78=3.4277e+06 frac=0.327196 grounded=0x40800000 linTerm=1.27157e-12
spd=3427.403 ctrl=(-2242722.5000,-17172.4414,-3443141.2500) accum=(-37340.0742,628.1241,45396.8359) cMag=38043.8 fMag=104392 ld0=5.3499e+06 m78=3.55799e+06 frac=0.334943 grounded=0x40800000 linTerm=8.33333e-06
spd=3430.979 ctrl=(-2313430.0000,-17154.0977,-3391846.7500) accum=(-38367.0469,639.1850,47080.4727) cMag=38624.1 fMag=107358 ld0=5.53216e+06 m78=3.63204e+06 frac=0.343468 grounded=0x40800000 linTerm=8.33333e-06
spd=3458.610 ctrl=(-2323600.5000,-17229.5059,-3406758.0000) accum=(-33754.9336,610.6748,45396.3086) cMag=37564.8 fMag=100247 ld0=5.09647e+06 m78=3.42763e+06 frac=0.32745 grounded=0x40800000 linTerm=1.27157e-12
spd=3431.166 ctrl=(-2387637.0000,-17169.3086,-3345641.5000) accum=(-35406.8828,627.8801,46956.5977) cMag=38050.7 fMag=104420 ld0=5.35169e+06 m78=3.55795e+06 frac=0.335173 grounded=0x40800000 linTerm=8.33333e-06
spd=3434.688 ctrl=(-2456104.7500,-17150.8633,-3291354.0000) accum=(-36362.4414,638.9006,48683.1875) cMag=38630.2 fMag=107382 ld0=5.53373e+06 m78=3.63163e+06 frac=0.343729 grounded=0x40800000 linTerm=8.33333e-06
spd=3462.318 ctrl=(-2466911.0000,-17226.3223,-3305835.0000) accum=(-31824.5469,610.4318,46804.7188) cMag=37571.9 fMag=100275 ld0=5.09822e+06 m78=3.42756e+06 frac=0.327696 grounded=0x40800000 linTerm=1.27157e-12
spd=3434.815 ctrl=(-2528294.7500,-17166.0371,-3242016.7500) accum=(-33407.7422,627.6349,48433.6211) cMag=38057.3 fMag=104448 ld0=5.35344e+06 m78=3.55791e+06 frac=0.335397 grounded=0x40800000 linTerm=8.33333e-06
spd=3438.285 ctrl=(-2594396.5000,-17147.4961,-3184836.5000) accum=(-34290.0586,638.6160,50200.0586) cMag=38636.2 fMag=107406 ld0=5.53526e+06 m78=3.63123e+06 frac=0.343982 grounded=0x40800000 linTerm=8.33333e-06
spd=3465.915 ctrl=(-2605820.0000,-17223.0039,-3198859.7500) accum=(-29834.6113,610.1877,48130.5898) cMag=37578.8 fMag=100302 ld0=5.09993e+06 m78=3.42749e+06 frac=0.327935 grounded=0x40800000 linTerm=1.27157e-12
spd=3438.353 ctrl=(-2664436.0000,-17162.6289,-3132455.2500) accum=(-31346.2109,627.3891,49825.0820) cMag=38063.8 fMag=104474 ld0=5.35513e+06 m78=3.55787e+06 frac=0.335614 grounded=0x40800000 linTerm=8.33333e-06
spd=3441.773 ctrl=(-2728051.2500,-17144.0098,-3072488.0000) accum=(-32153.6152,638.3311,51628.2422) cMag=38641.9 fMag=107429 ld0=5.53674e+06 m78=3.63084e+06 frac=0.344228 grounded=0x40800000 linTerm=8.33333e-06
spd=3469.402 ctrl=(-2740070.2500,-17219.5410,-3086024.5000) accum=(-27788.6934,609.9424,49371.3281) cMag=37585.4 fMag=100328 ld0=5.10159e+06 m78=3.42742e+06 frac=0.328167 grounded=0x40800000 linTerm=1.27157e-12
spd=3441.784 ctrl=(-2795811.5000,-17159.0859,-3017156.0000) accum=(-29226.0000,627.1426,51128.3281) cMag=38070.1 fMag=104500 ld0=5.35677e+06 m78=3.55783e+06 frac=0.335825 grounded=0x40800000 linTerm=8.33333e-06
spd=3445.155 ctrl=(-2856819.7500,-17140.3730,-2954507.7500) accum=(-29956.9043,638.0470,52965.0469) cMag=38647.6 fMag=107452 ld0=5.53818e+06 m78=3.63046e+06 frac=0.344467 grounded=0x40800000 linTerm=8.33333e-06
spd=3472.783 ctrl=(-2869416.2500,-17215.9531,-2967535.0000) accum=(-25690.4473,609.6970,50524.6562) cMag=37592 fMag=100353 ld0=5.10321e+06 m78=3.42735e+06 frac=0.328392 grounded=0x40800000 linTerm=1.27157e-12
spd=3445.111 ctrl=(-2922178.0000,-17155.4180,-2896328.2500) accum=(-27050.9375,626.8943,52340.8711) cMag=38076.2 fMag=104526 ld0=5.35837e+06 m78=3.5578e+06 frac=0.33603 grounded=0x40800000 linTerm=8.33333e-06
spd=3448.434 ctrl=(-2980467.5000,-17136.6172,-2831113.0000) accum=(-27703.9688,637.7621,54207.8672) cMag=38653.1 fMag=107474 ld0=5.53959e+06 m78=3.63009e+06 frac=0.3447 grounded=0x40800000 linTerm=8.33333e-06
spd=3476.062 ctrl=(-2993617.7500,-17212.2246,-2843604.2500) accum=(-23543.7227,609.4503,51588.2812) cMag=37598.3 fMag=100378 ld0=5.10478e+06 m78=3.42729e+06 frac=0.328612 grounded=0x40800000 linTerm=1.27157e-12
spd=3448.337 ctrl=(-3043303.0000,-17151.6191,-2770188.7500) accum=(-24824.9141,626.6462,53460.4336) cMag=38082.2 fMag=104550 ld0=5.35992e+06 m78=3.55776e+06 frac=0.336229 grounded=0x40800000 linTerm=8.33333e-06
spd=3451.614 ctrl=(-3098765.7500,-17132.7363,-2702527.0000) accum=(-25398.7988,637.4774,55354.3242) cMag=38658.4 fMag=107495 ld0=5.54095e+06 m78=3.62974e+06 frac=0.344926 grounded=0x40800000 linTerm=8.33333e-06
spd=3479.240 ctrl=(-3112447.0000,-17208.3711,-2714459.0000) accum=(-21352.2891,609.2032,52560.1953) cMag=37604.4 fMag=100402 ld0=5.10631e+06 m78=3.42723e+06 frac=0.328825 grounded=0x40800000 linTerm=1.27157e-12
spd=3451.464 ctrl=(-3158962.0000,-17147.6895,-2638967.0000) accum=(-22551.9590,626.3970,54484.8359) cMag=38088 fMag=104574 ld0=5.36143e+06 m78=3.55772e+06 frac=0.336423 grounded=0x40800000 linTerm=8.33333e-06
spd=3454.696 ctrl=(-3211496.2500,-17128.7285,-2568982.2500) accum=(-23045.5703,637.1925,56402.2344) cMag=38663.5 fMag=107516 ld0=5.54228e+06 m78=3.62939e+06 frac=0.345145 grounded=0x40800000 linTerm=8.33333e-06
spd=3482.322 ctrl=(-3225685.0000,-17204.3965,-2580332.2500) accum=(-19120.1523,608.9555,53438.4648) cMag=37610.4 fMag=100425 ld0=5.10779e+06 m78=3.42717e+06 frac=0.329031 grounded=0x40800000 linTerm=1.27157e-12
spd=3454.496 ctrl=(-3268944.0000,-17143.6445,-2502903.2500) accum=(-20236.2559,626.1462,55412.0000) cMag=38093.6 fMag=104597 ld0=5.3629e+06 m78=3.55769e+06 frac=0.336611 grounded=0x40800000 linTerm=8.33333e-06
spd=3457.685 ctrl=(-3318453.0000,-17124.6113,-2430722.2500) accum=(-20648.5195,636.9088,57349.5898) cMag=38668.6 fMag=107536 ld0=5.54357e+06 m78=3.62905e+06 frac=0.345358 grounded=0x40800000 linTerm=8.33333e-06
spd=3485.310 ctrl=(-3333122.2500,-17200.3047,-2441467.5000) accum=(-16851.4004,608.7065,54221.4258) cMag=37616.1 fMag=100448 ld0=5.10923e+06 m78=3.4271e+06 frac=0.329232 grounded=0x40800000 linTerm=1.27157e-12
spd=3457.436 ctrl=(-3373045.7500,-17139.4922,-2362242.7500) accum=(-17881.8652,625.8947,56240.2305) cMag=38099 fMag=104620 ld0=5.36432e+06 m78=3.55766e+06 frac=0.336793 grounded=0x40800000 linTerm=8.33333e-06
spd=3460.582 ctrl=(-3419436.5000,-17120.3809,-2287997.5000) accum=(-18212.0059,636.6241,58194.4531) cMag=38673.4 fMag=107556 ld0=5.54482e+06 m78=3.62872e+06 frac=0.345565 grounded=0x40800000 linTerm=8.33333e-06
spd=3488.207 ctrl=(-3434561.0000,-17196.1074,-2298117.5000) accum=(-14550.0547,608.4567,54907.4766) cMag=37621.8 fMag=100470 ld0=5.11062e+06 m78=3.42704e+06 frac=0.329427 grounded=0x40800000 linTerm=1.27157e-12
spd=3460.285 ctrl=(-3471074.0000,-17135.2285,-2217240.7500) accum=(-15493.1240,625.6422,56967.9023) cMag=38104.3 fMag=104642 ld0=5.36571e+06 m78=3.55762e+06 frac=0.336971 grounded=0x40800000 linTerm=8.33333e-06
spd=3463.390 ctrl=(-3514261.2500,-17116.0469,-2141066.5000) accum=(-15740.4199,636.3396,58935.2344) cMag=38678.2 fMag=107575 ld0=5.54603e+06 m78=3.6284e+06 frac=0.345766 grounded=0x40800000 linTerm=8.33333e-06
spd=3491.014 ctrl=(-3529815.5000,-17191.8027,-2150543.0000) accum=(-12220.3301,608.2070,55495.3164) cMag=37627.2 fMag=100491 ld0=5.11198e+06 m78=3.42699e+06 frac=0.329617 grounded=0x40800000 linTerm=1.27157e-12
spd=3463.047 ctrl=(-3562849.5000,-17130.8633,-2068162.0000) accum=(-13074.2939,625.3896,57593.6094) cMag=38109.5 fMag=104663 ld0=5.36705e+06 m78=3.55759e+06 frac=0.337143 grounded=0x40800000 linTerm=8.33333e-06
spd=3466.113 ctrl=(-3602753.7500,-17111.6133,-1990197.6250) accum=(-13238.2891,636.0549,59570.5195) cMag=38682.8 fMag=107593 ld0=5.54721e+06 m78=3.62809e+06 frac=0.345961 grounded=0x40800000 linTerm=8.33333e-06
spd=3493.736 ctrl=(-3618709.7500,-17187.4023,-1999011.6250) accum=(-9866.5059,607.9556,55983.7266) cMag=37632.5 fMag=100512 ld0=5.1133e+06 m78=3.42693e+06 frac=0.329801 grounded=0x40800000 linTerm=1.27157e-12
spd=3465.725 ctrl=(-3648202.2500,-17126.3965,-1915276.2500) accum=(-10629.8955,625.1356,58116.0117) cMag=38114.5 fMag=104684 ld0=5.36836e+06 m78=3.55755e+06 frac=0.33731 grounded=0x40800000 linTerm=8.33333e-06
spd=3468.751 ctrl=(-3684749.2500,-17107.0801,-1835663.7500) accum=(-10710.1260,635.7708,60099.0078) cMag=38687.3 fMag=107611 ld0=5.54836e+06 m78=3.62779e+06 frac=0.34615 grounded=0x40800000 linTerm=8.33333e-06
spd=3496.374 ctrl=(-3701076.7500,-17182.8828,-1843797.8750) accum=(-7492.7671,607.7047,56371.7031) cMag=37637.7 fMag=100532 ld0=5.11458e+06 m78=3.42688e+06 frac=0.329979 grounded=0x40800000 linTerm=1.27157e-12
spd=3468.320 ctrl=(-3726974.7500,-17121.8262,-1758861.8750) accum=(-8164.2437,624.8815,58534.1367) cMag=38119.3 fMag=104704 ld0=5.36962e+06 m78=3.55752e+06 frac=0.337472 grounded=0x40800000 linTerm=8.33333e-06
spd=3471.310 ctrl=(-3760096.5000,-17102.4434,-1677746.5000) accum=(-8160.5244,635.4871,60519.5859) cMag=38691.6 fMag=107629 ld0=5.54947e+06 m78=3.6275e+06 frac=0.346333 grounded=0x40800000 linTerm=8.33333e-06
spd=3498.932 ctrl=(-3776767.5000,-17178.2676,-1685185.0000) accum=(-5103.4565,607.4528,56658.5000) cMag=37642.7 fMag=100552 ld0=5.11582e+06 m78=3.42682e+06 frac=0.330152 grounded=0x40800000 linTerm=1.27157e-12
spd=3470.836 ctrl=(-3799021.5000,-17117.1562,-1599202.8750) accum=(-5681.9312,624.6261,58847.0469) cMag=38124 fMag=104723 ld0=5.37085e+06 m78=3.55749e+06 frac=0.33763 grounded=0x40800000 linTerm=8.33333e-06
spd=3473.789 ctrl=(-3828657.5000,-17097.7129,-1516732.5000) accum=(-5594.1582,635.2025,60831.4414) cMag=38695.9 fMag=107646 ld0=5.55055e+06 m78=3.62722e+06 frac=0.346512 grounded=0x40800000 linTerm=8.33333e-06
spd=3501.411 ctrl=(-3845640.2500,-17173.5449,-1523460.5000) accum=(-2702.9141,607.2009,56843.5078) cMag=37647.6 fMag=100571 ld0=5.11703e+06 m78=3.42677e+06 frac=0.33032 grounded=0x40800000 linTerm=1.27157e-12
spd=3473.275 ctrl=(-3864210.0000,-17112.3887,-1436590.2500) accum=(-3187.3887,624.3704,59054.2148) cMag=38128.6 fMag=104742 ld0=5.37205e+06 m78=3.55746e+06 frac=0.337783 grounded=0x40800000 linTerm=8.33333e-06
spd=3476.192 ctrl=(-3890305.5000,-17092.8867,-1352916.0000) accum=(-3015.6516,634.9185,61033.8594) cMag=38699.9 fMag=107662 ld0=5.5516e+06 m78=3.62694e+06 frac=0.346685 grounded=0x40800000 linTerm=8.33333e-06
spd=3503.813 ctrl=(-3907569.7500,-17168.7480,-1358920.0000) accum=(-295.5896,606.9472,56926.1523) cMag=37652.2 fMag=100589 ld0=5.1182e+06 m78=3.42672e+06 frac=0.330483 grounded=0x40800000 linTerm=1.27157e-12
spd=3475.638 ctrl=(-3922419.0000,-17107.5391,-1271319.1250) accum=(-685.1264,624.1141,59155.0352) cMag=38133.1 fMag=104760 ld0=5.3732e+06 m78=3.55743e+06 frac=0.337931 grounded=0x40800000 linTerm=8.33333e-06
spd=3478.522 ctrl=(-3944924.5000,-17087.9805,-1186592.6250) accum=(-429.6938,634.6343,61126.3750) cMag=38703.9 fMag=107678 ld0=5.55262e+06 m78=3.62668e+06 frac=0.346852 grounded=0x40800000 linTerm=8.33333e-06
spd=3506.142 ctrl=(-3962440.7500,-17163.8555,-1191861.3750) accum=(2114.1904,606.6937,56906.2773) cMag=37656.8 fMag=100607 ld0=5.11934e+06 m78=3.42667e+06 frac=0.330641 grounded=0x40800000 linTerm=1.27157e-12
spd=3477.929 ctrl=(-3973541.2500,-17102.5996,-1103689.8750) accum=(1820.1398,623.8564,59149.3164) cMag=38137.4 fMag=104778 ld0=5.37433e+06 m78=3.5574e+06 frac=0.338075 grounded=0x40800000 linTerm=8.33333e-06
spd=3480.779 ctrl=(-3992415.0000,-17082.9863,-1018066.1875) accum=(2158.9333,634.3503,61108.8477) cMag=38707.8 fMag=107693 ld0=5.5536e+06 m78=3.62642e+06 frac=0.347016 grounded=0x40800000 linTerm=8.33333e-06
spd=3508.399 ctrl=(-4010150.2500,-17158.8711,-1022588.7500) accum=(4521.9639,606.4395,56783.9023) cMag=37661.2 fMag=100624 ld0=5.12044e+06 m78=3.42663e+06 frac=0.330795 grounded=0x40800000 linTerm=1.27157e-12
spd=3480.149 ctrl=(-4017482.2500,-17097.5762,-934007.5625) accum=(4323.9131,623.5989,59036.9375) cMag=38141.6 fMag=104795 ld0=5.37542e+06 m78=3.55738e+06 frac=0.338215 grounded=0x40800000 linTerm=8.33333e-06
spd=3482.968 ctrl=(-4032688.2500,-17077.9043,-847642.5000) accum=(4745.5439,634.0664,60981.1094) cMag=38711.6 fMag=107708 ld0=5.55457e+06 m78=3.62617e+06 frac=0.347174 grounded=0x40800000 linTerm=8.33333e-06
spd=3510.587 ctrl=(-4050611.2500,-17153.8086,-851409.8750) accum=(6923.4521,606.1854,56559.1016) cMag=37665.6 fMag=100641 ld0=5.12151e+06 m78=3.42658e+06 frac=0.330944 grounded=0x40800000 linTerm=1.27157e-12
spd=3482.301 ctrl=(-4054157.7500,-17092.4668,-762580.5625) accum=(6821.7490,623.3409,58818.0703) cMag=38145.7 fMag=104812 ld0=5.37648e+06 m78=3.55735e+06 frac=0.33835 grounded=0x40800000 linTerm=8.33333e-06
spd=3485.088 ctrl=(-4065670.0000,-17072.7500,-675632.0625) accum=(7325.4048,633.7824,60743.3320) cMag=38715.2 fMag=107723 ld0=5.5555e+06 m78=3.62592e+06 frac=0.347327 grounded=0x40800000 linTerm=8.33333e-06
spd=3512.707 ctrl=(-4083746.5000,-17148.6562,-678636.1250) accum=(9314.1416,605.9302,56232.1836) cMag=37669.7 fMag=100658 ld0=5.12255e+06 m78=3.42654e+06 frac=0.331089 grounded=0x40800000 linTerm=1.27157e-12
spd=3484.386 ctrl=(-4083503.5000,-17087.2832,-589721.0000) accum=(9308.8750,623.0818,58492.9883) cMag=38149.6 fMag=104828 ld0=5.37751e+06 m78=3.55732e+06 frac=0.338482 grounded=0x40800000 linTerm=8.33333e-06
spd=3487.143 ctrl=(-4091297.5000,-17067.5078,-502347.2188) accum=(9893.8945,633.4990,60395.8594) cMag=38718.8 fMag=107737 ld0=5.5564e+06 m78=3.62568e+06 frac=0.347476 grounded=0x40800000 linTerm=8.33333e-06
spd=3514.761 ctrl=(-4109496.5000,-17143.4258,-504581.6875) accum=(11689.8271,605.6751,55803.6992) cMag=37673.8 fMag=100673 ld0=5.12356e+06 m78=3.42649e+06 frac=0.331229 grounded=0x40800000 linTerm=1.27157e-12
spd=3486.407 ctrl=(-4105461.0000,-17082.0117,-415742.9062) accum=(11780.8916,622.8222,58062.2070) cMag=38153.4 fMag=104844 ld0=5.37851e+06 m78=3.5573e+06 frac=0.338609 grounded=0x40800000 linTerm=8.33333e-06
spd=3489.134 ctrl=(-4109523.2500,-17062.1895,-328103.0938) accum=(12446.1748,633.2151,59939.2461) cMag=38722.2 fMag=107751 ld0=5.55728e+06 m78=3.62545e+06 frac=0.347621 grounded=0x40800000 linTerm=8.33333e-06
spd=3516.752 ctrl=(-4127811.2500,-17138.1211,-329563.3125) accum=(14045.9668,605.4193,55274.3164) cMag=37677.8 fMag=100689 ld0=5.12454e+06 m78=3.42645e+06 frac=0.331365 grounded=0x40800000 linTerm=1.27157e-12
spd=3488.365 ctrl=(-4119989.7500,-17076.6680,-240962.7188) accum=(14233.2861,622.5626,57526.4766) cMag=38157.2 fMag=104860 ld0=5.37948e+06 m78=3.55727e+06 frac=0.338733 grounded=0x40800000 linTerm=8.33333e-06
spd=3491.064 ctrl=(-4120312.7500,-17056.8047,-153217.0000) accum=(14977.6523,632.9312,59374.2461) cMag=38725.5 fMag=107764 ld0=5.55813e+06 m78=3.62523e+06 frac=0.347761 grounded=0x40800000 linTerm=8.33333e-06
spd=3518.681 ctrl=(-4138656.0000,-17132.7383,-153898.9844) accum=(16378.3496,605.1631,54644.9453) cMag=37681.6 fMag=100704 ld0=5.12549e+06 m78=3.42641e+06 frac=0.331497 grounded=0x40800000 linTerm=1.27157e-12
spd=3490.263 ctrl=(-4127063.5000,-17071.2578,-65698.3828) accum=(16661.4902,622.3021,56886.6602) cMag=38160.8 fMag=104874 ld0=5.38042e+06 m78=3.55725e+06 frac=0.338853 grounded=0x40800000 linTerm=8.33333e-06
spd=3492.934 ctrl=(-4123643.5000,-17051.3438,21993.6406) accum=(17483.7773,632.6479,58701.8320) cMag=38728.8 fMag=107777 ld0=5.55896e+06 m78=3.62501e+06 frac=0.347897 grounded=0x40800000 linTerm=8.33333e-06
spd=3520.551 ctrl=(-4142010.2500,-17127.2832,22091.4727) accum=(18682.7012,604.9063,53916.6250) cMag=37685.3 fMag=100718 ld0=5.12642e+06 m78=3.42637e+06 frac=0.331625 grounded=0x40800000 linTerm=1.27157e-12
spd=3492.102 ctrl=(-4126665.7500,-17065.7715,109731.3047) accum=(19061.1289,622.0412,56143.8828) cMag=38164.3 fMag=104889 ld0=5.38133e+06 m78=3.55722e+06 frac=0.33897 grounded=0x40800000 linTerm=8.33333e-06
spd=3494.746 ctrl=(-4119510.0000,-17045.8105,197209.6719) accum=(19959.8164,632.3644,57923.1211) cMag=38731.9 fMag=107790 ld0=5.55976e+06 m78=3.6248e+06 frac=0.34803 grounded=0x40800000 linTerm=8.33333e-06
spd=3522.362 ctrl=(-4137865.0000,-17121.7598,198088.3438) accum=(20954.8633,604.6494,53090.7070) cMag=37688.9 fMag=100732 ld0=5.12731e+06 m78=3.42633e+06 frac=0.33175 grounded=0x40800000 linTerm=1.27157e-12
spd=3493.883 ctrl=(-4118796.7500,-17060.2188,285007.5625) accum=(21427.8027,621.7800,55299.4023) cMag=38167.7 fMag=104903 ld0=5.38222e+06 m78=3.5572e+06 frac=0.339083 grounded=0x40800000 linTerm=8.33333e-06
spd=3496.501 ctrl=(-4107919.5000,-17040.2266,372112.8125) accum=(22401.2832,632.0809,57039.4805) cMag=38735 fMag=107802 ld0=5.56054e+06 m78=3.6246e+06 frac=0.348157 grounded=0x40800000 linTerm=8.33333e-06
spd=3524.117 ctrl=(-4126227.2500,-17116.1680,373771.2500) accum=(23190.6348,604.3925,52168.5000) cMag=37692.4 fMag=100746 ld0=5.12818e+06 m78=3.42629e+06 frac=0.33187 grounded=0x40800000 linTerm=1.27157e-12
spd=3495.610 ctrl=(-4103469.2500,-17054.6016,459811.1875) accum=(23757.1191,621.5179,54354.6797) cMag=38171 fMag=104917 ld0=5.38308e+06 m78=3.55718e+06 frac=0.339193 grounded=0x40800000 linTerm=8.33333e-06
spd=3498.202 ctrl=(-4088886.7500,-17034.5625,546384.6250) accum=(24803.8496,631.7977,56052.4492) cMag=38737.9 fMag=107814 ld0=5.56129e+06 m78=3.6244e+06 frac=0.348282 grounded=0x40800000 linTerm=8.33333e-06
spd=3525.818 ctrl=(-4605252.0000,-19185.7715,615384.9375) accum=(25385.8340,604.1346,51151.7109) cMag=37695.8 fMag=100759 ld0=5.12902e+06 m78=3.42625e+06 frac=0.331987 grounded=0x40800000 linTerm=1.27157e-12
spd=3497.282 ctrl=(-4576518.5000,-19120.3691,710834.6875) accum=(26044.8867,621.2552,53311.4062) cMag=38174.2 fMag=104930 ld0=5.38391e+06 m78=3.55716e+06 frac=0.339299 grounded=0x40800000 linTerm=8.33333e-06
spd=3503.702 ctrl=(-4557282.0000,-19103.0664,807373.7500) accum=(27183.4531,634.9809,54701.3945) cMag=38769.4 fMag=108063 ld0=5.57526e+06 m78=3.65893e+06 frac=0.343721 grounded=0x40800000 linTerm=8.33333e-06
spd=3535.255 ctrl=(-4578433.5000,-19191.7246,811121.0000) accum=(27537.9141,603.4362,49792.5977) cMag=37640.7 fMag=100519 ld0=5.11377e+06 m78=3.42347e+06 frac=0.33054 grounded=0x40800000 linTerm=1.27157e-12
spd=3506.623 ctrl=(-4545558.5000,-19125.9375,905318.1875) accum=(28285.3848,620.5896,51950.4297) cMag=38126.6 fMag=104716 ld0=5.3704e+06 m78=3.55466e+06 frac=0.338103 grounded=0x40800000 linTerm=8.33333e-06
spd=3512.977 ctrl=(-4522134.0000,-19108.2637,1001004.7500) accum=(29478.2969,634.2591,53325.5039) cMag=38726.6 fMag=107871 ld0=5.56315e+06 m78=3.65579e+06 frac=0.342855 grounded=0x40800000 linTerm=8.33333e-06
spd=3544.594 ctrl=(-4543030.0000,-19196.5586,1005630.1250) accum=(29623.3574,602.8939,48432.0508) cMag=37606.6 fMag=100371 ld0=5.10434e+06 m78=3.42179e+06 frac=0.329632 grounded=0x40800000 linTerm=1.27157e-12
spd=3515.849 ctrl=(-4506087.0000,-19130.4609,1098393.8750) accum=(30460.8672,620.0688,50575.8164) cMag=38097.4 fMag=104586 ld0=5.36217e+06 m78=3.55316e+06 frac=0.337366 grounded=0x40800000 linTerm=8.33333e-06
spd=3522.117 ctrl=(-4478523.0000,-19112.4590,1193043.6250) accum=(31709.9785,633.6713,51924.9883) cMag=38700.3 fMag=107753 ld0=5.55574e+06 m78=3.65355e+06 frac=0.342383 grounded=0x40800000 linTerm=8.33333e-06
spd=3553.778 ctrl=(-4499161.0000,-19200.5312,1198541.3750) accum=(31648.0273,602.4580,47047.8555) cMag=37587.3 fMag=100286 ld0=5.09897e+06 m78=3.42076e+06 frac=0.329126 grounded=0x40800000 linTerm=1.27157e-12
spd=3524.911 ctrl=(-4458219.0000,-19134.1445,1289693.1250) accum=(32576.0195,619.6489,49167.5391) cMag=38081.3 fMag=104514 ld0=5.35763e+06 m78=3.55226e+06 frac=0.33697 grounded=0x40800000 linTerm=8.33333e-06
spd=3531.081 ctrl=(-4426565.0000,-19115.8203,1383123.3750) accum=(33881.5781,633.1769,50482.0195) cMag=38685.8 fMag=107687 ld0=5.55162e+06 m78=3.65184e+06 frac=0.342202 grounded=0x40800000 linTerm=8.33333e-06
spd=3562.772 ctrl=(-4446941.0000,-19203.8145,1389490.1250) accum=(33614.2656,602.0947,45624.1094) cMag=37578.3 fMag=100246 ld0=5.09641e+06 m78=3.42013e+06 frac=0.328915 grounded=0x40800000 linTerm=1.27157e-12
spd=3533.778 ctrl=(-4402070.5000,-19137.1348,1478854.0000) accum=(34632.1445,619.2975,47711.4141) cMag=38074.4 fMag=104483 ld0=5.35564e+06 m78=3.55172e+06 frac=0.336826 grounded=0x40800000 linTerm=8.33333e-06
spd=3539.842 ctrl=(-4366388.5000,-19118.5273,1570887.7500) accum=(35993.5234,632.7471,48984.0547) cMag=38679.5 fMag=107658 ld0=5.54978e+06 m78=3.65046e+06 frac=0.342234 grounded=0x40800000 linTerm=8.33333e-06
spd=3571.554 ctrl=(-4386479.0000,-19206.4922,1578115.5000) accum=(35522.2344,601.7819,44149.7539) cMag=37576.7 fMag=100237 ld0=5.09581e+06 m78=3.41971e+06 frac=0.328917 grounded=0x40800000 linTerm=1.27157e-12
spd=3542.428 ctrl=(-4337764.5000,-19139.5449,1665521.1250) accum=(36628.6797,618.9933,46197.6992) cMag=38073.9 fMag=104480 ld0=5.35542e+06 m78=3.55138e+06 frac=0.336863 grounded=0x40800000 linTerm=8.33333e-06
spd=3548.382 ctrl=(-4298120.5000,-19120.6660,1755983.2500) accum=(38044.5234,632.3626,47422.7070) cMag=38679 fMag=107653 ld0=5.54952e+06 m78=3.64927e+06 frac=0.342417 grounded=0x40800000 linTerm=8.33333e-06
spd=3580.107 ctrl=(-4317901.5000,-19208.6621,1764064.5000) accum=(37370.3281,601.5022,42617.5156) cMag=37580.2 fMag=100248 ld0=5.09655e+06 m78=3.41942e+06 frac=0.329071 grounded=0x40800000 linTerm=1.27157e-12
spd=3550.850 ctrl=(-4265430.0000,-19141.4473,1849344.5000) accum=(38563.6953,618.7219,44620.0508) cMag=38077.9 fMag=104496 ld0=5.35642e+06 m78=3.55116e+06 frac=0.337028 grounded=0x40800000 linTerm=8.33333e-06
spd=3556.691 ctrl=(-4221897.0000,-19122.3047,1938062.7500) accum=(40032.1211,632.0096,45792.6055) cMag=38682.5 fMag=107666 ld0=5.55035e+06 m78=3.64821e+06 frac=0.342707 grounded=0x40800000 linTerm=8.33333e-06
spd=3588.426 ctrl=(-4241342.5000,-19210.3789,1946989.1250) accum=(39156.4023,601.2463,41022.8281) cMag=37587.1 fMag=100274 ld0=5.09821e+06 m78=3.41921e+06 frac=0.329332 grounded=0x40800000 linTerm=1.27157e-12
spd=3559.038 ctrl=(-4185208.2500,-19142.9023,2029980.2500) accum=(40434.5938,618.4719,42974.7188) cMag=38085 fMag=104525 ld0=5.35824e+06 m78=3.551e+06 frac=0.337283 grounded=0x40800000 linTerm=8.33333e-06
spd=3564.765 ctrl=(-4137868.0000,-19123.5156,2116788.0000) accum=(41953.4375,631.6785,44090.7344) cMag=38688.8 fMag=107690 ld0=5.55191e+06 m78=3.64722e+06 frac=0.34307 grounded=0x40800000 linTerm=8.33333e-06
spd=3596.506 ctrl=(-4156943.5000,-19211.6777,2126546.2500) accum=(40877.5742,601.0048,39363.3281) cMag=37596.4 fMag=100310 ld0=5.10048e+06 m78=3.41902e+06 frac=0.329666 grounded=0x40800000 linTerm=1.27157e-12
spd=3566.988 ctrl=(-4097252.0000,-19143.9590,2207091.7500) accum=(42238.1758,618.2366,41259.8477) cMag=38094.1 fMag=104562 ld0=5.36062e+06 m78=3.55087e+06 frac=0.3376 grounded=0x40800000 linTerm=8.33333e-06
spd=3572.603 ctrl=(-4046190.0000,-19124.3359,2291824.0000) accum=(43805.1523,631.3638,42315.8320) cMag=38697 fMag=107722 ld0=5.55397e+06 m78=3.64628e+06 frac=0.343482 grounded=0x40800000 linTerm=8.33333e-06
spd=3604.348 ctrl=(-4064864.5000,-19212.5996,2302401.7500) accum=(42530.8320,600.7744,37638.1211) cMag=37607.2 fMag=100352 ld0=5.10315e+06 m78=3.41886e+06 frac=0.330049 grounded=0x40800000 linTerm=1.27157e-12
spd=3574.702 ctrl=(-4001724.2500,-19144.6426,2380348.0000) accum=(43971.2539,618.0112,39475.0625) cMag=38104.6 fMag=104605 ld0=5.36336e+06 m78=3.55076e+06 frac=0.337958 grounded=0x40800000 linTerm=8.33333e-06
spd=3580.206 ctrl=(-3947034.2500,-19124.7891,2462844.5000) accum=(45583.6875,631.0597,40467.9883) cMag=38706.3 fMag=107759 ld0=5.55636e+06 m78=3.64539e+06 frac=0.343925 grounded=0x40800000 linTerm=8.33333e-06
spd=3611.952 ctrl=(-3965274.7500,-19213.1719,2474226.2500) accum=(44112.9180,600.5498,35847.5703) cMag=37619 fMag=100398 ld0=5.10608e+06 m78=3.41871e+06 frac=0.330463 grounded=0x40800000 linTerm=1.27157e-12
spd=3582.182 ctrl=(-3898800.0000,-19144.9766,2549424.5000) accum=(45630.4844,617.7918,37621.0273) cMag=38116 fMag=104652 ld0=5.36632e+06 m78=3.55067e+06 frac=0.338342 grounded=0x40800000 linTerm=8.33333e-06
spd=3587.577 ctrl=(-3840583.2500,-19124.9062,2629531.2500) accum=(47285.5977,630.7630,38548.2812) cMag=38716.5 fMag=107800 ld0=5.55895e+06 m78=3.64452e+06 frac=0.344386 grounded=0x40800000 linTerm=8.33333e-06
spd=3619.323 ctrl=(-3858357.0000,-19213.4121,2641700.2500) accum=(45620.7422,600.3295,33992.9219) cMag=37631.4 fMag=100446 ld0=5.10916e+06 m78=3.41856e+06 frac=0.330897 grounded=0x40800000 linTerm=1.27157e-12
spd=3589.431 ctrl=(-3788671.2500,-19144.9980,2714008.2500) accum=(47212.5000,617.5764,35699.2891) cMag=38127.8 fMag=104701 ld0=5.36942e+06 m78=3.55058e+06 frac=0.338741 grounded=0x40800000 linTerm=8.33333e-06
spd=3594.719 ctrl=(-3727032.2500,-19124.7070,2791571.5000) accum=(48907.5664,630.4725,36558.5078) cMag=38727.1 fMag=107842 ld0=5.56165e+06 m78=3.64368e+06 frac=0.344857 grounded=0x40800000 linTerm=8.33333e-06
spd=3626.465 ctrl=(-3744304.2500,-19213.3398,2804508.5000) accum=(47051.2695,600.1115,32076.0332) cMag=37644.2 fMag=100496 ld0=5.11233e+06 m78=3.41841e+06 frac=0.331339 grounded=0x40800000 linTerm=1.27157e-12
spd=3596.454 ctrl=(-3671536.2500,-19144.7148,2873790.0000) accum=(48714.1055,617.3624,33712.0469) cMag=38139.9 fMag=104751 ld0=5.37258e+06 m78=3.55048e+06 frac=0.339148 grounded=0x40800000 linTerm=8.33333e-06
spd=3601.637 ctrl=(-3606591.5000,-19124.2227,2948665.7500) accum=(50446.1172,630.1854,34501.1094) cMag=38738 fMag=107885 ld0=5.56443e+06 m78=3.64286e+06 frac=0.345331 grounded=0x40800000 linTerm=8.33333e-06
spd=3633.382 ctrl=(-3623328.2500,-19212.9668,2962349.7500) accum=(48401.4375,599.8948,30099.3359) cMag=37657 fMag=100546 ld0=5.11552e+06 m78=3.41827e+06 frac=0.331785 grounded=0x40800000 linTerm=1.27157e-12
spd=3603.255 ctrl=(-3547609.5000,-19144.1289,3028471.2500) accum=(50132.3438,617.1501,31661.8145) cMag=38152.2 fMag=104802 ld0=5.37576e+06 m78=3.55039e+06 frac=0.339556 grounded=0x40800000 linTerm=8.33333e-06
spd=3608.337 ctrl=(-3479476.7500,-19123.4395,3100518.2500) accum=(51898.1328,629.9011,32378.9668) cMag=38748.9 fMag=107929 ld0=5.56722e+06 m78=3.64206e+06 frac=0.345803 grounded=0x40800000 linTerm=8.33333e-06
spd=3640.081 ctrl=(-3495647.2500,-19212.3105,3114927.7500) accum=(49668.5000,599.6783,28065.6660) cMag=37669.8 fMag=100596 ld0=5.11871e+06 m78=3.41812e+06 frac=0.332229 grounded=0x40800000 linTerm=1.27157e-12
spd=3609.841 ctrl=(-3417118.0000,-19143.2715,3177764.7500) accum=(51464.1172,616.9380,29551.7520) cMag=38164.4 fMag=104852 ld0=5.37894e+06 m78=3.5503e+06 frac=0.339963 grounded=0x40800000 linTerm=8.33333e-06
spd=3614.823 ctrl=(-3345923.5000,-19122.3906,3246847.5000) accum=(53260.7227,629.6191,30195.1934) cMag=38759.8 fMag=107972 ld0=5.57e+06 m78=3.64128e+06 frac=0.346269 grounded=0x40800000 linTerm=8.33333e-06
spd=3646.565 ctrl=(-3361495.2500,-19211.3828,3261958.5000) accum=(50849.8203,599.4621,25978.1289) cMag=37682.5 fMag=100646 ld0=5.12187e+06 m78=3.41798e+06 frac=0.332669 grounded=0x40800000 linTerm=1.27157e-12
spd=3616.217 ctrl=(-3280301.0000,-19142.1504,3321392.5000) accum=(52706.6797,616.7253,27385.0762) cMag=38176.5 fMag=104901 ld0=5.38208e+06 m78=3.55021e+06 frac=0.340365 grounded=0x40800000 linTerm=8.33333e-06
spd=3621.102 ctrl=(-3206174.5000,-19121.0820,3387380.2500) accum=(54530.8984,629.3383,27953.4375) cMag=38770.7 fMag=108015 ld0=5.57276e+06 m78=3.64052e+06 frac=0.346729 grounded=0x40800000 linTerm=8.33333e-06
spd=3652.842 ctrl=(-3221115.5000,-19210.1777,3403165.5000) accum=(51942.8711,599.2451,23840.1094) cMag=37695 fMag=100695 ld0=5.12498e+06 m78=3.41784e+06 frac=0.333102 grounded=0x40800000 linTerm=1.27157e-12
spd=3622.387 ctrl=(-3137405.0000,-19140.7598,3459082.7500) accum=(53857.5039,616.5120,25165.3730) cMag=38188.4 fMag=104950 ld0=5.38516e+06 m78=3.55011e+06 frac=0.34076 grounded=0x40800000 linTerm=8.33333e-06
spd=3627.178 ctrl=(-3060483.7500,-19119.5137,3521852.5000) accum=(55706.0547,629.0584,25657.3418) cMag=38781.3 fMag=108058 ld0=5.57547e+06 m78=3.63978e+06 frac=0.347179 grounded=0x40800000 linTerm=8.33333e-06
spd=3658.916 ctrl=(-3074765.7500,-19208.7363,3538287.7500) accum=(52945.3164,599.0272,21655.2383) cMag=37707.3 fMag=100743 ld0=5.12803e+06 m78=3.4177e+06 frac=0.333527 grounded=0x40800000 linTerm=1.27157e-12
spd=3628.358 ctrl=(-2988694.0000,-19139.1387,3590582.5000) accum=(54914.1133,616.2966,22896.5020) cMag=38200 fMag=104998 ld0=5.38819e+06 m78=3.55002e+06 frac=0.341148 grounded=0x40800000 linTerm=8.33333e-06
spd=3633.059 ctrl=(-2909119.5000,-19117.7188,3650015.7500) accum=(56783.7891,628.7795,23310.8789) cMag=38791.8 fMag=108099 ld0=5.57813e+06 m78=3.63906e+06 frac=0.34762 grounded=0x40800000 linTerm=8.33333e-06
spd=3664.794 ctrl=(-2922713.2500,-19207.0430,3667071.5000) accum=(53854.9648,598.8077,19427.3145) cMag=37719.2 fMag=100790 ld0=5.13102e+06 m78=3.41756e+06 frac=0.333942 grounded=0x40800000 linTerm=1.27157e-12
spd=3634.136 ctrl=(-2834437.2500,-19137.2676,3715644.0000) accum=(55874.2930,616.0805,20582.3262) cMag=38211.4 fMag=105045 ld0=5.39116e+06 m78=3.54993e+06 frac=0.341527 grounded=0x40800000 linTerm=8.33333e-06
spd=3638.748 ctrl=(-2752356.7500,-19115.6855,3771629.5000) accum=(57761.7031,628.5006,20918.1445) cMag=38802 fMag=108140 ld0=5.58074e+06 m78=3.63836e+06 frac=0.348049 grounded=0x40800000 linTerm=8.33333e-06
spd=3670.481 ctrl=(-2765235.0000,-19205.1309,3789276.2500) accum=(54669.9570,598.5873,17160.1562) cMag=37731 fMag=100836 ld0=5.13394e+06 m78=3.41742e+06 frac=0.334347 grounded=0x40800000 linTerm=1.27157e-12
spd=1828.379 ctrl=(2577490.0000,0.0000,3239333.7500) accum=(11619.0869,389.6564,-30509.1699) cMag=26917.2 fMag=81099.1 ld0=4.35185e+06 m78=3.85471e+06 frac=0.114236 grounded=0x40800000 linTerm=8.33333e-06
spd=1853.778 ctrl=(2649741.7500,0.0000,3188645.0000) accum=(14770.6172,470.5252,-39574.7891) cMag=34064.5 fMag=86195.9 ld0=4.36348e+06 m78=3.58954e+06 frac=0.177367 grounded=0x40800000 linTerm=8.33333e-06
spd=1885.995 ctrl=(2656980.0000,0.0000,3197355.5000) accum=(12870.9033,385.9419,-38299.1953) cMag=32871.2 fMag=80200.1 ld0=4.10272e+06 m78=3.36315e+06 frac=0.180262 grounded=0x40800000 linTerm=1.27157e-12
spd=1878.516 ctrl=(2721281.7500,0.0000,3136669.7500) accum=(15010.9268,340.7796,-40273.2930) cMag=34044.7 fMag=86209.5 ld0=4.33954e+06 m78=3.50471e+06 frac=0.192378 grounded=0x40800000 linTerm=8.33333e-06
spd=1903.096 ctrl=(2791005.7500,0.0000,3082206.0000) accum=(16337.8799,290.8760,-42242.8242) cMag=35175.8 fMag=91742 ld0=4.59921e+06 m78=3.68007e+06 frac=0.199847 grounded=0x40800000 linTerm=8.33333e-06
spd=1934.897 ctrl=(2799241.2500,0.0000,3091300.7500) accum=(13462.6611,225.8209,-40265.6055) cMag=33838.7 fMag=84646.8 ld0=4.26145e+06 m78=3.44754e+06 frac=0.190994 grounded=0x40800000 linTerm=1.27157e-12
spd=1926.805 ctrl=(2860729.2500,0.0000,3027344.5000) accum=(15590.8057,205.5305,-42426.5508) cMag=34833.3 fMag=90025.9 ld0=4.50249e+06 m78=3.56024e+06 frac=0.209273 grounded=0x40800000 linTerm=8.33333e-06
spd=1950.712 ctrl=(2928024.5000,0.0000,2969535.2500) accum=(17537.0605,191.5409,-45130.4844) cMag=35838.6 fMag=94975 ld0=4.76786e+06 m78=3.64838e+06 frac=0.234797 grounded=0x40800000 linTerm=8.33333e-06
spd=1982.225 ctrl=(2937199.7500,0.0000,2978840.5000) accum=(13027.9414,130.2041,-41710.0898) cMag=34420.7 fMag=87285.1 ld0=4.36571e+06 m78=3.50592e+06 frac=0.19694 grounded=0x40800000 linTerm=1.27157e-12
spd=1973.563 ctrl=(2995904.0000,0.0000,2911932.7500) accum=(16481.0859,136.3760,-45224.6445) cMag=35309.9 fMag=92300.7 ld0=4.6176e+06 m78=3.47371e+06 frac=0.247724 grounded=0x40800000 linTerm=8.33333e-06
spd=1996.907 ctrl=(3060729.7500,0.0000,2850991.0000) accum=(16853.9121,111.7502,-46767.7695) cMag=36238 fMag=96918.8 ld0=4.88e+06 m78=3.68869e+06 frac=0.244121 grounded=0x40800000 linTerm=8.33333e-06
spd=2028.253 ctrl=(3070723.0000,0.0000,2860299.2500) accum=(12035.3545,74.5496,-42836.6680) cMag=34781.6 fMag=88904.3 ld0=4.43747e+06 m78=3.54557e+06 frac=0.200991 grounded=0x40800000 linTerm=1.27157e-12
spd=2019.069 ctrl=(3126560.0000,0.0000,2790609.7500) accum=(15430.5312,78.7114,-46581.3359) cMag=35606.9 fMag=93706.5 ld0=4.69523e+06 m78=3.50067e+06 frac=0.254419 grounded=0x40800000 linTerm=8.33333e-06
spd=2041.940 ctrl=(3188795.7500,0.0000,2726656.7500) accum=(15659.1123,64.5178,-48103.0156) cMag=36491.8 fMag=98129.8 ld0=4.95216e+06 m78=3.71033e+06 frac=0.250765 grounded=0x40800000 linTerm=8.33333e-06
spd=2073.197 ctrl=(3199501.2500,0.0000,2735810.5000) accum=(12204.0107,49.8466,-45242.5469) cMag=35017.9 fMag=89942 ld0=4.48692e+06 m78=3.41545e+06 frac=0.238797 grounded=0x40800000 linTerm=1.27157e-12
spd=2063.529 ctrl=(3252355.2500,0.0000,2663472.7500) accum=(14013.7471,45.1736,-47692.1602) cMag=35802.3 fMag=94615.6 ld0=4.74724e+06 m78=3.51714e+06 frac=0.259119 grounded=0x40800000 linTerm=8.33333e-06
spd=2085.981 ctrl=(3311861.7500,0.0000,2596617.0000) accum=(14145.8975,37.1104,-49213.8359) cMag=36660.6 fMag=98921.9 ld0=5.00001e+06 m78=3.72145e+06 frac=0.255712 grounded=0x40800000 linTerm=8.33333e-06
spd=2117.198 ctrl=(3323201.5000,0.0000,2605507.7500) accum=(11079.8018,29.7028,-46539.4297) cMag=35181.3 fMag=90644.8 ld0=4.52203e+06 m78=3.38318e+06 frac=0.251843 grounded=0x40800000 linTerm=1.27157e-12
spd=2107.071 ctrl=(3372951.2500,0.0000,2530652.7500) accum=(12377.0371,25.9108,-48625.9961) cMag=35938.2 fMag=95238.3 ld0=4.7835e+06 m78=3.5265e+06 frac=0.262778 grounded=0x40800000 linTerm=8.33333e-06
spd=2129.137 ctrl=(3429589.0000,0.0000,2461009.0000) accum=(12427.2119,21.3235,-50147.8945) cMag=36779.3 fMag=99471.2 ld0=5.03344e+06 m78=3.7271e+06 frac=0.259531 grounded=0x40800000 linTerm=8.33333e-06
spd=2160.344 ctrl=(3441505.2500,0.0000,2469560.0000) accum=(9374.9111,17.0000,-47254.6602) cMag=35301.6 fMag=91152.4 ld0=4.54818e+06 m78=3.39234e+06 frac=0.254133 grounded=0x40800000 linTerm=1.27157e-12
spd=2149.772 ctrl=(3488030.2500,0.0000,2392322.7500) accum=(10594.8037,14.8733,-49414.4141) cMag=36038.7 fMag=95693.7 ld0=4.81028e+06 m78=3.5321e+06 frac=0.265718 grounded=0x40800000 linTerm=8.33333e-06
spd=2171.471 ctrl=(3541663.2500,0.0000,2320012.2500) accum=(10572.9668,12.2595,-50937.9961) cMag=36868.1 fMag=99878.1 ld0=5.05831e+06 m78=3.72986e+06 frac=0.262626 grounded=0x40800000 linTerm=8.33333e-06
spd=2202.686 ctrl=(3554112.7500,0.0000,2328167.5000) accum=(7576.9375,9.7533,-47853.4648) cMag=35396 fMag=91544.7 ld0=4.56884e+06 m78=3.39863e+06 frac=0.25613 grounded=0x40800000 linTerm=1.27157e-12
spd=2191.679 ctrl=(3597294.5000,0.0000,2248688.5000) accum=(8713.7373,8.5516,-50079.0547) cMag=36118.1 fMag=96050.2 ld0=4.83139e+06 m78=3.53571e+06 frac=0.268179 grounded=0x40800000 linTerm=8.33333e-06
spd=2213.023 ctrl=(3647794.2500,0.0000,2173843.0000) accum=(8626.0322,7.0592,-51605.2734) cMag=36938.9 fMag=100200 ld0=5.07804e+06 m78=3.73104e+06 frac=0.26526 grounded=0x40800000 linTerm=8.33333e-06
spd=2244.256 ctrl=(3660743.7500,0.0000,2181560.0000) accum=(5715.8032,5.6117,-48351.1016) cMag=35474.6 fMag=91867.6 ld0=4.58615e+06 m78=3.40304e+06 frac=0.257975 grounded=0x40800000 linTerm=1.27157e-12
spd=2232.820 ctrl=(3700474.5000,0.0000,2099987.2500) accum=(6763.2935,4.9277,-50634.0469) cMag=36184.5 fMag=96347.1 ld0=4.84906e+06 m78=3.53822e+06 frac=0.270329 grounded=0x40800000 linTerm=8.33333e-06
spd=2253.813 ctrl=(3747716.7500,0.0000,2022744.6250) accum=(6613.1450,4.0736,-52163.0352) cMag=36998.7 fMag=100470 ld0=5.09466e+06 m78=3.73132e+06 frac=0.267601 grounded=0x40800000 linTerm=8.33333e-06
spd=2285.071 ctrl=(3761136.7500,0.0000,2029987.7500) accum=(3808.7219,3.2384,-48755.0000) cMag=35543.4 fMag=92148 ld0=4.6014e+06 m78=3.40633e+06 frac=0.259719 grounded=0x40800000 linTerm=1.27157e-12
spd=2273.208 ctrl=(3797314.5000,0.0000,1946475.8750) accum=(4762.3633,2.8467,-51088.2227) cMag=36243 fMag=96607.5 ld0=4.86462e+06 m78=3.5401e+06 frac=0.272276 grounded=0x40800000 linTerm=8.33333e-06
spd=2293.856 ctrl=(3841183.7500,0.0000,1866980.8750) accum=(4551.5151,2.3566,-52619.1758) cMag=37051.5 fMag=100708 ld0=5.10934e+06 m78=3.73108e+06 frac=0.269753 grounded=0x40800000 linTerm=8.33333e-06
spd=2325.140 ctrl=(3855048.0000,0.0000,1873719.3750) accum=(1867.2915,1.8745,-49069.6094) cMag=35606 fMag=92401.5 ld0=4.61537e+06 m78=3.40893e+06 frac=0.261397 grounded=0x40800000 linTerm=1.27157e-12
spd=2312.854 ctrl=(3887576.2500,0.0000,1788426.5000) accum=(2723.5408,1.6492,-51446.8828) cMag=36296.5 fMag=96844.8 ld0=4.87885e+06 m78=3.5416e+06 frac=0.274092 grounded=0x40800000 linTerm=8.33333e-06
spd=2333.157 ctrl=(3927965.2500,0.0000,1706832.1250) accum=(2452.6028,1.3670,-52978.2617) cMag=37099.8 fMag=100926 ld0=5.12276e+06 m78=3.73051e+06 frac=0.271777 grounded=0x40800000 linTerm=8.33333e-06
spd=2364.469 ctrl=(3942248.0000,0.0000,1713038.5000) accum=(-100.3776,1.0883,-49297.5117) cMag=35664.5 fMag=92637.3 ld0=4.62852e+06 m78=3.41106e+06 frac=0.263033 grounded=0x40800000 linTerm=1.27157e-12
spd=2351.761 ctrl=(3971041.7500,0.0000,1626130.0000) accum=(655.7137,0.9582,-51712.8906) cMag=36346.5 fMag=97066.9 ld0=4.89223e+06 m78=3.54286e+06 frac=0.275818 grounded=0x40800000 linTerm=8.33333e-06
spd=2371.721 ctrl=(4007848.2500,0.0000,1542592.6250) accum=(324.8529,0.7952,-53242.8242) cMag=37145.1 fMag=101129 ld0=5.13535e+06 m78=3.72972e+06 frac=0.273716 grounded=0x40800000 linTerm=8.33333e-06
spd=2403.062 ctrl=(4022525.2500,0.0000,1548241.7500) accum=(-2087.9458,0.6339,-49439.9883) cMag=35720 fMag=92860.8 ld0=4.64112e+06 m78=3.41288e+06 frac=0.264644 grounded=0x40800000 linTerm=1.27157e-12
spd=2389.935 ctrl=(4047502.7500,0.0000,1459886.2500) accum=(-1434.4514,0.5583,-51887.8477) cMag=36394.3 fMag=97278.6 ld0=4.90501e+06 m78=3.54396e+06 frac=0.277482 grounded=0x40800000 linTerm=8.33333e-06
spd=2409.552 ctrl=(4080634.7500,0.0000,1374568.1250) accum=(-1825.3611,0.4639,-53414.0312) cMag=37188.4 fMag=101323 ld0=5.14735e+06 m78=3.72878e+06 frac=0.275592 grounded=0x40800000 linTerm=8.33333e-06
spd=2440.920 ctrl=(4095681.5000,0.0000,1379636.6250) accum=(-4090.4211,0.3703,-49497.7188) cMag=35773.5 fMag=93075.6 ld0=4.65335e+06 m78=3.41445e+06 frac=0.266238 grounded=0x40800000 linTerm=1.27157e-12
spd=2427.375 ctrl=(4116771.2500,0.0000,1290006.1250) accum=(-3541.3433,0.3263,-51972.4219) cMag=36440.5 fMag=97482.7 ld0=4.91738e+06 m78=3.54494e+06 frac=0.279101 grounded=0x40800000 linTerm=8.33333e-06
spd=2446.651 ctrl=(4146142.0000,0.0000,1203074.1250) accum=(-3992.5081,0.2715,-53492.4023) cMag=37230 fMag=101509 ld0=5.15892e+06 m78=3.72772e+06 frac=0.277422 grounded=0x40800000 linTerm=8.33333e-06
spd=2478.046 ctrl=(4161532.5000,0.0000,1207540.0000) accum=(-6103.3101,0.2170,-49470.7578) cMag=35825.4 fMag=93283.6 ld0=4.66529e+06 m78=3.41583e+06 frac=0.267821 grounded=0x40800000 linTerm=1.27157e-12
spd=2464.086 ctrl=(4178671.5000,0.0000,1116810.7500) accum=(-5660.1626,0.1913,-51966.8789) cMag=36485.4 fMag=97681.1 ld0=4.92944e+06 m78=3.54582e+06 frac=0.280685 grounded=0x40800000 linTerm=8.33333e-06
spd=2483.020 ctrl=(4204205.0000,0.0000,1028435.8125) accum=(-6171.8042,0.1593,-53478.0156) cMag=37270.5 fMag=101689 ld0=5.17015e+06 m78=3.72657e+06 frac=0.279214 grounded=0x40800000 linTerm=8.33333e-06
spd=2514.441 ctrl=(4219912.0000,0.0000,1032278.0625) accum=(-8122.5532,0.1276,-49359.0781) cMag=35876 fMag=93486.1 ld0=4.67701e+06 m78=3.41705e+06 frac=0.269395 grounded=0x40800000 linTerm=1.27157e-12
spd=2500.068 ctrl=(4233044.5000,0.0000,940629.8750) accum=(-7786.5254,0.1125,-51871.1172) cMag=36529.3 fMag=97874.7 ld0=4.94123e+06 m78=3.54662e+06 frac=0.28224 grounded=0x40800000 linTerm=8.33333e-06
spd=2518.662 ctrl=(4254671.5000,0.0000,850986.8125) accum=(-8358.6982,0.0938,-53370.7148) cMag=37310 fMag=101865 ld0=5.18109e+06 m78=3.72533e+06 frac=0.280975 grounded=0x40800000 linTerm=8.33333e-06
spd=2550.109 ctrl=(4270669.0000,0.0000,854186.4375) accum=(-10144.2861,0.0752,-49162.3672) cMag=35925.4 fMag=93683.9 ld0=4.68854e+06 m78=3.41812e+06 frac=0.270962 grounded=0x40800000 linTerm=1.27157e-12
spd=2535.325 ctrl=(4279747.5000,0.0000,761800.8750) accum=(-9916.2500,0.0664,-51684.9805) cMag=36572.4 fMag=98064.3 ld0=4.95281e+06 m78=3.54735e+06 frac=0.28377 grounded=0x40800000 linTerm=8.33333e-06
spd=2553.579 ctrl=(4297406.5000,0.0000,671067.1250) accum=(-10548.9199,0.0554,-53170.1875) cMag=37348.6 fMag=102036 ld0=5.19179e+06 m78=3.72403e+06 frac=0.282707 grounded=0x40800000 linTerm=8.33333e-06
spd=2585.051 ctrl=(4313665.5000,0.0000,673606.0625) accum=(-12164.7246,0.0445,-48880.4492) cMag=35973.8 fMag=93877.5 ld0=4.6999e+06 m78=3.41908e+06 frac=0.272521 grounded=0x40800000 linTerm=1.27157e-12
spd=2569.858 ctrl=(4318653.5000,0.0000,580668.0000) accum=(-12045.1250,0.0393,-51408.3125) cMag=36614.7 fMag=98250.2 ld0=4.9642e+06 m78=3.54802e+06 frac=0.285277 grounded=0x40800000 linTerm=8.33333e-06
spd=2587.775 ctrl=(4332291.0000,0.0000,489024.7188) accum=(-12738.2822,0.0328,-52876.3711) cMag=37386.5 fMag=102203 ld0=5.20226e+06 m78=3.72266e+06 frac=0.284414 grounded=0x40800000 linTerm=8.33333e-06
spd=2619.269 ctrl=(4348782.0000,0.0000,490886.1562) accum=(-14180.2168,0.0264,-48513.1680) cMag=36021.3 fMag=94067.2 ld0=4.7111e+06 m78=3.41992e+06 frac=0.274071 grounded=0x40800000 linTerm=1.27157e-12
spd=2603.672 ctrl=(4349650.5000,0.0000,397581.8438) accum=(-14169.1885,0.0233,-51040.9844) cMag=36656.3 fMag=98432.8 ld0=4.9754e+06 m78=3.54864e+06 frac=0.286763 grounded=0x40800000 linTerm=8.33333e-06
spd=2621.252 ctrl=(4359223.0000,0.0000,305211.9062) accum=(-14922.5332,0.0195,-52489.0859) cMag=37423.7 fMag=102367 ld0=5.21252e+06 m78=3.72124e+06 frac=0.286096 grounded=0x40800000 linTerm=8.33333e-06
spd=2652.769 ctrl=(4375915.5000,0.0000,306380.5938) accum=(-16186.9404,0.0157,-48060.4609) cMag=36068 fMag=94253.4 ld0=4.72215e+06 m78=3.42067e+06 frac=0.275611 grounded=0x40800000 linTerm=1.27157e-12
spd=2636.770 ctrl=(4372642.5000,0.0000,212897.3906) accum=(-16284.4072,0.0139,-50583.1484) cMag=36697.2 fMag=98612.2 ld0=4.98643e+06 m78=3.54919e+06 frac=0.288229 grounded=0x40800000 linTerm=8.33333e-06
spd=2654.016 ctrl=(4378117.0000,0.0000,119986.2031) accum=(-17097.5195,0.0116,-52008.4023) cMag=37460.3 fMag=102528 ld0=5.2226e+06 m78=3.71977e+06 frac=0.287755 grounded=0x40800000 linTerm=8.33333e-06
spd=2685.553 ctrl=(4394980.5000,0.0000,120448.3594) accum=(-18181.1641,0.0094,-47522.3633) cMag=36113.8 fMag=94436.1 ld0=4.73305e+06 m78=3.42133e+06 frac=0.27714 grounded=0x40800000 linTerm=1.27157e-12
spd=2669.157 ctrl=(4387555.0000,0.0000,26974.8496) accum=(-18386.7969,0.0083,-50034.7969) cMag=36737.6 fMag=98788.7 ld0=4.9973e+06 m78=3.54971e+06 frac=0.289674 grounded=0x40800000 linTerm=8.33333e-06
spd=2686.071 ctrl=(4388901.5000,0.0000,-66290.8359) accum=(-19259.1250,0.0069,-51434.4570) cMag=37496.2 fMag=102686 ld0=5.2325e+06 m78=3.71826e+06 frac=0.28939 grounded=0x40800000 linTerm=8.33333e-06
spd=2717.628 ctrl=(4405904.5000,0.0000,-66547.6562) accum=(-20159.1934,0.0056,-46899.1250) cMag=36158.9 fMag=94615.6 ld0=4.74381e+06 m78=3.42192e+06 frac=0.278656 grounded=0x40800000 linTerm=1.27157e-12
spd=2700.837 ctrl=(4394323.5000,0.0000,-159822.1562) accum=(-20472.3809,0.0050,-49396.3672) cMag=36777.4 fMag=98962.3 ld0=5.008e+06 m78=3.55017e+06 frac=0.2911 grounded=0x40800000 linTerm=8.33333e-06
spd=2717.422 ctrl=(4391527.0000,0.0000,-253254.9062) accum=(-21403.1895,0.0042,-50767.5820) cMag=37531.6 fMag=102840 ld0=5.24221e+06 m78=3.71671e+06 frac=0.291002 grounded=0x40800000 linTerm=8.33333e-06
spd=2748.998 ctrl=(4408635.5000,0.0000,-254241.5312) accum=(-22117.2461,0.0034,-46191.0703) cMag=36203.1 fMag=94791.8 ld0=4.75442e+06 m78=3.42242e+06 frac=0.280159 grounded=0x40800000 linTerm=1.27157e-12
spd=2731.817 ctrl=(4392903.5000,0.0000,-347127.6562) accum=(-22537.1035,0.0030,-48668.2305) cMag=36816.6 fMag=99133.1 ld0=5.01855e+06 m78=3.5506e+06 frac=0.292506 grounded=0x40800000 linTerm=8.33333e-06
spd=2748.075 ctrl=(4385954.5000,0.0000,-440538.6250) accum=(-23525.5723,0.0025,-50008.3008) cMag=37566.4 fMag=102992 ld0=5.25176e+06 m78=3.71513e+06 frac=0.292592 grounded=0x40800000 linTerm=8.33333e-06
spd=2779.669 ctrl=(4403137.0000,0.0000,-442264.4688) accum=(-24051.6016,0.0020,-45398.7422) cMag=36246.7 fMag=94965 ld0=4.76488e+06 m78=3.42287e+06 frac=0.281647 grounded=0x40800000 linTerm=1.27157e-12
spd=2762.102 ctrl=(4383270.5000,0.0000,-534573.3125) accum=(-24576.9902,0.0018,-47851.0117) cMag=36855.2 fMag=99301.1 ld0=5.02895e+06 m78=3.55098e+06 frac=0.293891 grounded=0x40800000 linTerm=8.33333e-06
spd=2778.035 ctrl=(4372165.5000,0.0000,-627773.2500) accum=(-25622.2461,0.0015,-49157.2344) cMag=37600.7 fMag=103141 ld0=5.26113e+06 m78=3.71352e+06 frac=0.294159 grounded=0x40800000 linTerm=8.33333e-06
spd=2809.646 ctrl=(4389388.0000,0.0000,-630246.1875) accum=(-25958.5645,0.0012,-44522.8789) cMag=36289.5 fMag=95135.1 ld0=4.7752e+06 m78=3.42325e+06 frac=0.283119 grounded=0x40800000 linTerm=1.27157e-12
spd=2791.698 ctrl=(4365411.0000,0.0000,-721789.6875) accum=(-26588.2168,0.0011,-46945.5664) cMag=36893.3 fMag=99466.4 ld0=5.03919e+06 m78=3.55133e+06 frac=0.295257 grounded=0x40800000 linTerm=8.33333e-06
spd=2807.311 ctrl=(4350162.0000,0.0000,-814590.5625) accum=(-27689.0137,0.0009,-48215.2422) cMag=37634.5 fMag=103287 ld0=5.27035e+06 m78=3.71189e+06 frac=0.295704 grounded=0x40800000 linTerm=8.33333e-06
spd=2838.937 ctrl=(4367389.0000,0.0000,-817816.3750) accum=(-27834.3555,0.0007,-43564.2930) cMag=36331.6 fMag=95302.3 ld0=4.78537e+06 m78=3.42357e+06 frac=0.284575 grounded=0x40800000 linTerm=1.27157e-12
spd=2820.612 ctrl=(4339334.5000,0.0000,-908407.6250) accum=(-28566.6309,0.0007,-45952.8555) cMag=36930.8 fMag=99629 ld0=5.04928e+06 m78=3.55165e+06 frac=0.296603 grounded=0x40800000 linTerm=8.33333e-06
spd=2835.907 ctrl=(4319956.5000,0.0000,-1000620.5625) accum=(-29721.8242,0.0006,-47183.3633) cMag=37667.7 fMag=103431 ld0=5.27941e+06 m78=3.71023e+06 frac=0.297226 grounded=0x40800000 linTerm=8.33333e-06
spd=2867.549 ctrl=(4337153.0000,0.0000,-1004603.8125) accum=(-29675.2832,0.0004,-42524.0312) cMag=36372.9 fMag=95466.6 ld0=4.7954e+06 m78=3.42385e+06 frac=0.286013 grounded=0x40800000 linTerm=1.27157e-12
spd=2848.853 ctrl=(4305061.5000,0.0000,-1094057.6250) accum=(-30508.5801,0.0004,-44874.0234) cMag=36967.8 fMag=99789 ld0=5.05921e+06 m78=3.55193e+06 frac=0.297929 grounded=0x40800000 linTerm=8.33333e-06
spd=2863.833 ctrl=(4281581.0000,0.0000,-1185495.6250) accum=(-31716.7012,0.0003,-46062.7734) cMag=37700.4 fMag=103572 ld0=5.28831e+06 m78=3.70856e+06 frac=0.298725 grounded=0x40800000 linTerm=8.33333e-06
spd=2895.489 ctrl=(4298712.5000,0.0000,-1190239.0000) accum=(-31477.6953,0.0003,-41403.3359) cMag=36413.6 fMag=95628 ld0=4.80528e+06 m78=3.42408e+06 frac=0.287434 grounded=0x40800000 linTerm=1.27157e-12
spd=2876.426 ctrl=(4262634.0000,0.0000,-1278371.7500) accum=(-32410.0020,0.0002,-43710.3984) cMag=37004.2 fMag=99946.4 ld0=5.069e+06 m78=3.55218e+06 frac=0.299234 grounded=0x40800000 linTerm=8.33333e-06
spd=2891.096 ctrl=(4235088.0000,0.0000,-1368849.5000) accum=(-33669.5977,0.0002,-44854.9023) cMag=37732.6 fMag=103710 ld0=5.29706e+06 m78=3.70687e+06 frac=0.300202 grounded=0x40800000 linTerm=8.33333e-06
spd=2922.765 ctrl=(4252118.5000,0.0000,-1374354.0000) accum=(-33237.9570,0.0002,-40203.5625) cMag=36453.6 fMag=95786.6 ld0=4.81501e+06 m78=3.42427e+06 frac=0.288835 grounded=0x40800000 linTerm=1.27157e-12
spd=2903.340 ctrl=(4212109.5000,0.0000,-1460984.3750) accum=(-34267.1641,0.0001,-42463.5039) cMag=37040.1 fMag=100101 ld0=5.07864e+06 m78=3.55241e+06 frac=0.30052 grounded=0x40800000 linTerm=8.33333e-06
spd=2917.704 ctrl=(4180538.7500,0.0000,-1550317.2500) accum=(-35576.6680,0.0001,-43561.2852) cMag=37764.4 fMag=103846 ld0=5.30566e+06 m78=3.70517e+06 frac=0.301656 grounded=0x40800000 linTerm=8.33333e-06
spd=2949.385 ctrl=(4197433.0000,0.0000,-1556582.3750) accum=(-34952.5391,0.0001,-38926.2695) cMag=36492.9 fMag=95942.4 ld0=4.8246e+06 m78=3.42442e+06 frac=0.290217 grounded=0x40800000 linTerm=1.27157e-12
spd=2929.603 ctrl=(4153562.2500,0.0000,-1641532.5000) accum=(-36076.3320,0.0001,-41134.9922) cMag=37075.5 fMag=100253 ld0=5.08813e+06 m78=3.5526e+06 frac=0.301785 grounded=0x40800000 linTerm=8.33333e-06
spd=2943.665 ctrl=(4118019.7500,0.0000,-1729539.2500) accum=(-37433.9102,0.0001,-42183.6992) cMag=37795.6 fMag=103979 ld0=5.31411e+06 m78=3.70347e+06 frac=0.303087 grounded=0x40800000 linTerm=8.33333e-06
spd=2975.357 ctrl=(4134742.2500,0.0000,-1736562.6250) accum=(-36617.8320,0.0001,-37573.1914) cMag=36531.6 fMag=96095.5 ld0=4.83403e+06 m78=3.42453e+06 frac=0.291579 grounded=0x40800000 linTerm=1.27157e-12
spd=2955.225 ctrl=(4087084.0000,0.0000,-1819657.6250) accum=(-37833.7188,0.0001,-39726.7500) cMag=37110.3 fMag=100403 ld0=5.09746e+06 m78=3.55278e+06 frac=0.30303 grounded=0x40800000 linTerm=8.33333e-06
spd=2968.988 ctrl=(4047629.5000,0.0000,-1906158.6250) accum=(-39237.5117,0.0000,-40724.0781) cMag=37826.3 fMag=104110 ld0=5.32241e+06 m78=3.70176e+06 frac=0.304496 grounded=0x40800000 linTerm=8.33333e-06
spd=3000.691 ctrl=(4064143.7500,0.0000,-1913935.7500) accum=(-38230.3438,0.0000,-36146.2188) cMag=36569.6 fMag=96245.8 ld0=4.84333e+06 m78=3.42461e+06 frac=0.292921 grounded=0x40800000 linTerm=1.27157e-12
spd=2980.213 ctrl=(4012780.7500,0.0000,-1995004.6250) accum=(-39535.8281,0.0000,-38240.7773) cMag=37144.6 fMag=100550 ld0=5.10665e+06 m78=3.55293e+06 frac=0.304255 grounded=0x40800000 linTerm=8.33333e-06
spd=2993.682 ctrl=(3969482.2500,0.0000,-2079823.6250) accum=(-40983.8359,0.0000,-39184.5000) cMag=37856.6 fMag=104239 ld0=5.33056e+06 m78=3.70004e+06 frac=0.305881 grounded=0x40800000 linTerm=8.33333e-06
spd=3025.395 ctrl=(3985752.7500,0.0000,-2088348.6250) accum=(-39786.7812,0.0000,-34647.3984) cMag=36606.9 fMag=96393.5 ld0=4.85247e+06 m78=3.42467e+06 frac=0.294242 grounded=0x40800000 linTerm=1.27157e-12
spd=3004.578 ctrl=(3930775.5000,0.0000,-2167223.7500) accum=(-41178.9883,0.0000,-36679.2930) cMag=37178.4 fMag=100695 ld0=5.11569e+06 m78=3.55306e+06 frac=0.305459 grounded=0x40800000 linTerm=8.33333e-06
spd=3017.756 ctrl=(3883709.7500,0.0000,-2250188.2500) accum=(-42669.1719,0.0000,-37567.2617) cMag=37886.4 fMag=104366 ld0=5.33858e+06 m78=3.69834e+06 frac=0.307244 grounded=0x40800000 linTerm=8.33333e-06
spd=3049.478 ctrl=(3899701.7500,0.0000,-2259454.0000) accum=(-41283.8047,0.0000,-33078.9805) cMag=36643.6 fMag=96538.5 ld0=4.86146e+06 m78=3.42469e+06 frac=0.295542 grounded=0x40800000 linTerm=1.27157e-12
spd=3028.327 ctrl=(3841208.2500,0.0000,-2335971.5000) accum=(-42759.8359,0.0000,-35044.6289) cMag=37211.6 fMag=100837 ld0=5.12458e+06 m78=3.55317e+06 frac=0.306643 grounded=0x40800000 linTerm=8.33333e-06
spd=3041.221 ctrl=(3790458.5000,0.0000,-2416912.0000) accum=(-44289.9766,0.0000,-35874.8125) cMag=37915.8 fMag=104490 ld0=5.34645e+06 m78=3.69662e+06 frac=0.308584 grounded=0x40800000 linTerm=8.33333e-06
spd=3072.951 ctrl=(3806135.7500,0.0000,-2426908.2500) accum=(-42718.2031,0.0000,-31443.2969) cMag=36679.6 fMag=96680.9 ld0=4.87031e+06 m78=3.4247e+06 frac=0.296821 grounded=0x40800000 linTerm=1.27157e-12
spd=3051.472 ctrl=(3744233.2500,0.0000,-2500911.5000) accum=(-44274.9727,0.0000,-33339.3516) cMag=37244.3 fMag=100977 ld0=5.13333e+06 m78=3.55326e+06 frac=0.307806 grounded=0x40800000 linTerm=8.33333e-06
spd=3064.085 ctrl=(3689892.2500,0.0000,-2579663.2500) accum=(-45842.7500,0.0000,-34109.7578) cMag=37944.6 fMag=104612 ld0=5.35419e+06 m78=3.69492e+06 frac=0.3099 grounded=0x40800000 linTerm=8.33333e-06
spd=3095.823 ctrl=(3705219.5000,0.0000,-2590379.0000) accum=(-44086.8203,0.0000,-29742.9473) cMag=36715 fMag=96820.6 ld0=4.879e+06 m78=3.42467e+06 frac=0.298079 grounded=0x40800000 linTerm=1.27157e-12
spd=3074.022 ctrl=(3640019.7500,0.0000,-2661713.2500) accum=(-45721.1328,0.0000,-31566.0957) cMag=37276.5 fMag=101114 ld0=5.14192e+06 m78=3.55333e+06 frac=0.308949 grounded=0x40800000 linTerm=8.33333e-06
spd=3086.358 ctrl=(3582185.7500,0.0000,-2738115.0000) accum=(-47324.1719,0.0000,-32274.9316) cMag=37973 fMag=104731 ld0=5.36178e+06 m78=3.69322e+06 frac=0.311195 grounded=0x40800000 linTerm=8.33333e-06
spd=3118.103 ctrl=(3597130.0000,0.0000,-2749538.0000) accum=(-45386.6367,0.0000,-27980.5508) cMag=36749.7 fMag=96957.8 ld0=4.88755e+06 m78=3.42463e+06 frac=0.299315 grounded=0x40800000 linTerm=1.27157e-12
spd=3095.986 ctrl=(3528752.2500,0.0000,-2818055.5000) accum=(-47095.2031,0.0000,-29727.7227) cMag=37308.2 fMag=101249 ld0=5.15037e+06 m78=3.55339e+06 frac=0.310072 grounded=0x40800000 linTerm=8.33333e-06
spd=3108.051 ctrl=(3467532.2500,0.0000,-2891951.7500) accum=(-48730.9922,0.0000,-30373.2051) cMag=38001 fMag=104848 ld0=5.36924e+06 m78=3.69154e+06 frac=0.312465 grounded=0x40800000 linTerm=8.33333e-06
spd=3139.802 ctrl=(3482057.7500,0.0000,-2904066.5000) accum=(-46614.7852,0.0000,-26158.9746) cMag=36783.8 fMag=97092.4 ld0=4.89595e+06 m78=3.42458e+06 frac=0.300529 grounded=0x40800000 linTerm=1.27157e-12
spd=3117.374 ctrl=(3410629.7500,0.0000,-2969625.5000) accum=(-48394.2070,0.0000,-27827.2090) cMag=37339.3 fMag=101382 ld0=5.15867e+06 m78=3.55343e+06 frac=0.311174 grounded=0x40800000 linTerm=8.33333e-06
spd=3129.172 ctrl=(3346136.7500,0.0000,-3040865.5000) accum=(-50060.0820,0.0000,-28407.7266) cMag=38028.4 fMag=104964 ld0=5.37656e+06 m78=3.68986e+06 frac=0.313714 grounded=0x40800000 linTerm=8.33333e-06
spd=3160.929 ctrl=(3360211.0000,0.0000,-3053655.5000) accum=(-47768.4844,0.0000,-24281.1680) cMag=36817.3 fMag=97224.4 ld0=4.9042e+06 m78=3.4245e+06 frac=0.301721 grounded=0x40800000 linTerm=1.27157e-12
spd=3138.197 ctrl=(3285865.7500,0.0000,-3116120.0000) accum=(-49615.0859,0.0000,-25867.7168) cMag=37369.9 fMag=101512 ld0=5.16683e+06 m78=3.55346e+06 frac=0.312256 grounded=0x40800000 linTerm=8.33333e-06
spd=3149.733 ctrl=(3218218.5000,0.0000,-3184557.2500) accum=(-51308.5430,0.0000,-26381.6797) cMag=38055.4 fMag=105077 ld0=5.38374e+06 m78=3.68819e+06 frac=0.314939 grounded=0x40800000 linTerm=8.33333e-06
spd=3181.495 ctrl=(3231809.0000,0.0000,-3198005.5000) accum=(-48845.0039,0.0000,-22350.2910) cMag=36850.1 fMag=97353.9 ld0=4.91231e+06 m78=3.42441e+06 frac=0.302892 grounded=0x40800000 linTerm=1.27157e-12
spd=3158.465 ctrl=(3154684.5000,0.0000,-3257244.2500) accum=(-50755.2930,0.0000,-23852.4258) cMag=37400 fMag=101639 ld0=5.17484e+06 m78=3.55347e+06 frac=0.313317 grounded=0x40800000 linTerm=8.33333e-06
spd=3169.743 ctrl=(3084010.0000,0.0000,-3322739.0000) accum=(-52473.4336,0.0000,-24298.4961) cMag=38082 fMag=105187 ld0=5.39079e+06 m78=3.68654e+06 frac=0.316141 grounded=0x40800000 linTerm=8.33333e-06
spd=3201.510 ctrl=(3097085.2500,0.0000,-3336826.2500) accum=(-49841.9023,0.0000,-20369.5195) cMag=36882.3 fMag=97481 ld0=4.92026e+06 m78=3.42431e+06 frac=0.30404 grounded=0x40800000 linTerm=1.27157e-12
spd=3178.187 ctrl=(3017326.2500,0.0000,-3392715.2500) accum=(-51811.9766,0.0000,-21784.8340) cMag=37429.6 fMag=101764 ld0=5.1827e+06 m78=3.55347e+06 frac=0.314358 grounded=0x40800000 linTerm=8.33333e-06
spd=3189.214 ctrl=(2943759.0000,0.0000,-3455135.2500) accum=(-53552.0977,0.0000,-22161.6777) cMag=38108 fMag=105296 ld0=5.3977e+06 m78=3.6849e+06 frac=0.31732 grounded=0x40800000 linTerm=8.33333e-06
spd=3220.985 ctrl=(2956286.0000,0.0000,-3469839.0000) accum=(-50756.8047,0.0000,-18342.1934) cMag=36913.9 fMag=97605.5 ld0=4.92807e+06 m78=3.42419e+06 frac=0.305167 grounded=0x40800000 linTerm=1.27157e-12
spd=3197.376 ctrl=(2874043.0000,0.0000,-3522262.2500) accum=(-52782.8398,0.0000,-19668.4609) cMag=37458.6 fMag=101887 ld0=5.19041e+06 m78=3.55346e+06 frac=0.315379 grounded=0x40800000 linTerm=8.33333e-06
spd=3208.156 ctrl=(2797719.2500,0.0000,-3581477.7500) accum=(-54542.0234,0.0000,-19974.9219) cMag=38133.7 fMag=105403 ld0=5.40449e+06 m78=3.68329e+06 frac=0.318477 grounded=0x40800000 linTerm=8.33333e-06
spd=3239.931 ctrl=(2809670.0000,0.0000,-3596776.5000) accum=(-51587.4219,0.0000,-16271.9082) cMag=36944.9 fMag=97727.6 ld0=4.93574e+06 m78=3.42406e+06 frac=0.306271 grounded=0x40800000 linTerm=1.27157e-12
spd=3216.041 ctrl=(2725097.2500,0.0000,-3645623.0000) accum=(-53665.5469,0.0000,-17506.9121) cMag=37487.2 fMag=102008 ld0=5.19799e+06 m78=3.55345e+06 frac=0.31638 grounded=0x40800000 linTerm=8.33333e-06
spd=3226.578 ctrl=(2646161.7500,0.0000,-3701514.0000) accum=(-55440.8594,0.0000,-17741.9434) cMag=38158.9 fMag=105507 ld0=5.41114e+06 m78=3.68168e+06 frac=0.319612 grounded=0x40800000 linTerm=8.33333e-06
spd=3258.356 ctrl=(2657507.0000,0.0000,-3717383.7500) accum=(-52331.6836,0.0000,-14162.1973) cMag=36975.3 fMag=97847.2 ld0=4.94325e+06 m78=3.42392e+06 frac=0.307354 grounded=0x40800000 linTerm=1.27157e-12
spd=3234.192 ctrl=(2570765.0000,0.0000,-3762551.0000) accum=(-54457.8477,0.0000,-15304.0098) cMag=37515.1 fMag=102126 ld0=5.20542e+06 m78=3.55342e+06 frac=0.317362 grounded=0x40800000 linTerm=8.33333e-06
spd=3244.491 ctrl=(2489366.5000,0.0000,-3815001.7500) accum=(-56246.2695,0.0000,-15466.6914) cMag=38183.6 fMag=105610 ld0=5.41767e+06 m78=3.6801e+06 frac=0.320723 grounded=0x40800000 linTerm=8.33333e-06
spd=3276.272 ctrl=(2500077.5000,0.0000,-3831416.7500) accum=(-52987.6602,0.0000,-12016.7383) cMag=37005.1 fMag=97964.5 ld0=4.95063e+06 m78=3.42378e+06 frac=0.308415 grounded=0x40800000 linTerm=1.27157e-12
spd=3251.840 ctrl=(2411330.5000,0.0000,-3872808.7500) accum=(-55157.8555,0.0000,-13063.5283) cMag=37542.7 fMag=102242 ld0=5.2127e+06 m78=3.55338e+06 frac=0.318323 grounded=0x40800000 linTerm=8.33333e-06
spd=3261.907 ctrl=(2327624.2500,0.0000,-3921713.5000) accum=(-56956.3047,0.0000,-13153.1230) cMag=38207.9 fMag=105710 ld0=5.42407e+06 m78=3.67854e+06 frac=0.321812 grounded=0x40800000 linTerm=8.33333e-06
spd=3293.690 ctrl=(2337673.7500,0.0000,-3938645.7500) accum=(-53553.6367,0.0000,-9839.3506) cMag=37034.3 fMag=98079.4 ld0=4.95786e+06 m78=3.42362e+06 frac=0.309455 grounded=0x40800000 linTerm=1.27157e-12
spd=3268.995 ctrl=(2247091.0000,0.0000,-3976175.5000) accum=(-55763.6719,0.0000,-10789.5205) cMag=37569.6 fMag=102355 ld0=5.21985e+06 m78=3.55333e+06 frac=0.319265 grounded=0x40800000 linTerm=8.33333e-06
spd=3278.834 ctrl=(2161234.5000,0.0000,-4021431.0000) accum=(-57569.0586,0.0000,-10805.3564) cMag=38231.8 fMag=105808 ld0=5.43034e+06 m78=3.67699e+06 frac=0.322879 grounded=0x40800000 linTerm=8.33333e-06
spd=3310.620 ctrl=(2170597.5000,0.0000,-4038853.0000) accum=(-54027.9648,0.0000,-7633.8291) cMag=37062.9 fMag=98191.8 ld0=4.96494e+06 m78=3.42346e+06 frac=0.310472 grounded=0x40800000 linTerm=1.27157e-12
spd=3285.668 ctrl=(2078351.3750,0.0000,-4072439.7500) accum=(-56273.5898,0.0000,-8485.9980) cMag=37596.1 fMag=102466 ld0=5.22685e+06 m78=3.55328e+06 frac=0.320187 grounded=0x40800000 linTerm=8.33333e-06
spd=3295.285 ctrl=(1990508.7500,0.0000,-4113955.7500) accum=(-58082.8125,0.0000,-8427.5381) cMag=38255.2 fMag=105905 ld0=5.43648e+06 m78=3.67548e+06 frac=0.323924 grounded=0x40800000 linTerm=8.33333e-06
spd=3327.072 ctrl=(1999159.8750,0.0000,-4131835.7500) accum=(-54409.2148,0.0000,-5404.1855) cMag=37090.9 fMag=98301.9 ld0=4.97188e+06 m78=3.4233e+06 frac=0.311468 grounded=0x40800000 linTerm=1.27157e-12
spd=3301.869 ctrl=(1905425.8750,0.0000,-4161408.2500) accum=(-56686.2969,0.0000,-6157.0688) cMag=37622 fMag=102575 ld0=5.2337e+06 m78=3.55322e+06 frac=0.321089 grounded=0x40800000 linTerm=8.33333e-06
spd=3311.268 ctrl=(1815762.8750,0.0000,-4199096.5000) accum=(-58496.1484,0.0000,-6024.0439) cMag=38278.1 fMag=105999 ld0=5.4425e+06 m78=3.67398e+06 frac=0.324947 grounded=0x40800000 linTerm=8.33333e-06
spd=3343.056 ctrl=(1823680.6250,0.0000,-4217407.0000) accum=(-54696.2266,0.0000,-3154.5002) cMag=37118.3 fMag=98409.7 ld0=4.97868e+06 m78=3.42313e+06 frac=0.312443 grounded=0x40800000 linTerm=1.27157e-12
spd=3317.609 ctrl=(1728637.2500,0.0000,-4242900.0000) accum=(-57000.3867,0.0000,-3807.0208) cMag=37647.5 fMag=102682 ld0=5.24042e+06 m78=3.55315e+06 frac=0.321972 grounded=0x40800000 linTerm=8.33333e-06
spd=3326.796 ctrl=(1637324.7500,0.0000,-4276682.0000) accum=(-58807.6953,0.0000,-3599.1636) cMag=38300.6 fMag=106091 ld0=5.44839e+06 m78=3.6725e+06 frac=0.325947 grounded=0x40800000 linTerm=8.33333e-06
spd=3358.584 ctrl=(1644487.2500,0.0000,-4295389.5000) accum=(-54887.8828,0.0000,-888.7935) cMag=37145.1 fMag=98515.2 ld0=4.98533e+06 m78=3.42295e+06 frac=0.313396 grounded=0x40800000 linTerm=1.27157e-12
spd=3332.898 ctrl=(1548315.3750,0.0000,-4316746.0000) accum=(-57214.8398,0.0000,-1440.1305) cMag=37672.4 fMag=102786 ld0=5.247e+06 m78=3.55308e+06 frac=0.322837 grounded=0x40800000 linTerm=8.33333e-06
spd=3341.876 ctrl=(1455527.1250,0.0000,-4346552.5000) accum=(-59016.3906,0.0000,-1157.3063) cMag=38322.7 fMag=106182 ld0=5.45416e+06 m78=3.67105e+06 frac=0.326927 grounded=0x40800000 linTerm=8.33333e-06
spd=3373.666 ctrl=(1461913.8750,0.0000,-4365624.5000) accum=(-54983.2930,0.0000,1388.7346) cMag=37171.4 fMag=98618.4 ld0=4.99185e+06 m78=3.42277e+06 frac=0.314328 grounded=0x40800000 linTerm=1.27157e-12
spd=3347.746 ctrl=(1364797.1250,0.0000,-4382795.5000) accum=(-57328.7461,0.0000,939.3942) cMag=37696.8 fMag=102888 ld0=5.25345e+06 m78=3.553e+06 frac=0.323682 grounded=0x40800000 linTerm=8.33333e-06
spd=3356.521 ctrl=(1270709.8750,0.0000,-4408563.0000) accum=(-59121.3516,0.0000,1297.0068) cMag=38344.3 fMag=106270 ld0=5.45981e+06 m78=3.66962e+06 frac=0.327885 grounded=0x40800000 linTerm=8.33333e-06
spd=3388.311 ctrl=(1276302.8750,0.0000,-4427967.0000) accum=(-54981.8320,0.0000,3673.8574) cMag=37197.1 fMag=98719.3 ld0=4.99823e+06 m78=3.42259e+06 frac=0.31524 grounded=0x40800000 linTerm=1.27157e-12
spd=3362.163 ctrl=(1178427.0000,0.0000,-4440915.5000) accum=(-57341.3594,0.0000,3326.9758) cMag=37720.7 fMag=102988 ld0=5.25976e+06 m78=3.55292e+06 frac=0.324509 grounded=0x40800000 linTerm=8.33333e-06
spd=3370.740 ctrl=(1083220.0000,0.0000,-4462588.5000) accum=(-59121.7148,0.0000,3759.2771) cMag=38365.5 fMag=106357 ld0=5.46534e+06 m78=3.66822e+06 frac=0.328821 grounded=0x40800000 linTerm=8.33333e-06
spd=3402.529 ctrl=(1088001.3750,0.0000,-4482286.5000) accum=(-54882.9570,0.0000,5962.4355) cMag=37222.2 fMag=98818 ld0=5.00447e+06 m78=3.4224e+06 frac=0.316131 grounded=0x40800000 linTerm=1.27157e-12
spd=3376.159 ctrl=(989554.1875,0.0000,-4490981.5000) accum=(-57252.1562,0.0000,5718.3423) cMag=37744.1 fMag=103086 ld0=5.26593e+06 m78=3.55283e+06 frac=0.325316 grounded=0x40800000 linTerm=8.33333e-06
spd=3384.542 ctrl=(893408.1250,0.0000,-4508513.5000) accum=(-59017.0781,0.0000,6224.9946) cMag=38386.3 fMag=106441 ld0=5.47074e+06 m78=3.66684e+06 frac=0.329736 grounded=0x40800000 linTerm=8.33333e-06
spd=3416.332 ctrl=(897362.6875,0.0000,-4528470.0000) accum=(-54686.2852,0.0000,8250.1230) cMag=37246.8 fMag=98914.5 ld0=5.01058e+06 m78=3.42221e+06 frac=0.317002 grounded=0x40800000 linTerm=1.27157e-12
spd=3389.745 ctrl=(798531.8125,0.0000,-4532887.5000) accum=(-57060.8477,0.0000,8108.9805) cMag=37767 fMag=103182 ld0=5.27196e+06 m78=3.55274e+06 frac=0.326106 grounded=0x40800000 linTerm=8.33333e-06
spd=3397.939 ctrl=(701630.0000,0.0000,-4546240.0000) accum=(-58807.1680,0.0000,8689.4375) cMag=38406.6 fMag=106524 ld0=5.47603e+06 m78=3.66549e+06 frac=0.330631 grounded=0x40800000 linTerm=8.33333e-06
spd=3429.728 ctrl=(704744.7500,0.0000,-4566422.0000) accum=(-54391.8164,0.0000,10532.6348) cMag=37270.8 fMag=99008.8 ld0=5.01654e+06 m78=3.42202e+06 frac=0.317852 grounded=0x40800000 linTerm=1.27157e-12
spd=3402.930 ctrl=(605718.1875,0.0000,-4566544.0000) accum=(-56767.3555,0.0000,10494.5400) cMag=37789.5 fMag=103275 ld0=5.27786e+06 m78=3.55265e+06 frac=0.326877 grounded=0x40800000 linTerm=8.33333e-06
spd=3410.939 ctrl=(508245.5312,0.0000,-4575689.0000) accum=(-58491.7773,0.0000,11148.0938) cMag=38426.5 fMag=106605 ld0=5.4812e+06 m78=3.66416e+06 frac=0.331504 grounded=0x40800000 linTerm=8.33333e-06
spd=3442.728 ctrl=(510507.7812,0.0000,-4596056.0000) accum=(-53999.5586,0.0000,12805.7324) cMag=37294.3 fMag=99101 ld0=5.02238e+06 m78=3.42184e+06 frac=0.318682 grounded=0x40800000 linTerm=1.27157e-12
spd=3415.724 ctrl=(411475.7812,0.0000,-4591880.5000) accum=(-56371.7148,0.0000,12870.3027) cMag=37811.4 fMag=103367 ld0=5.28363e+06 m78=3.55255e+06 frac=0.327631 grounded=0x40800000 linTerm=8.33333e-06
spd=3423.553 ctrl=(313617.3438,0.0000,-4596793.5000) accum=(-58071.1016,0.0000,13596.3164) cMag=38446 fMag=106684 ld0=5.48626e+06 m78=3.66286e+06 frac=0.332357 grounded=0x40800000 linTerm=8.33333e-06
spd=3455.341 ctrl=(315016.9062,0.0000,-4617307.0000) accum=(-53509.8477,0.0000,15065.0898) cMag=37317.2 fMag=99191 ld0=5.02808e+06 m78=3.42164e+06 frac=0.319493 grounded=0x40800000 linTerm=1.27157e-12
spd=3428.137 ctrl=(216167.9844,0.0000,-4608835.0000) accum=(-55874.2578,0.0000,15232.0322) cMag=37832.9 fMag=103456 ld0=5.28927e+06 m78=3.55245e+06 frac=0.328366 grounded=0x40800000 linTerm=8.33333e-06
spd=3435.790 ctrl=(118110.0781,0.0000,-4609502.5000) accum=(-57545.4531,0.0000,16029.4219) cMag=38465.1 fMag=106762 ld0=5.4912e+06 m78=3.66158e+06 frac=0.333191 grounded=0x40800000 linTerm=8.33333e-06
spd=3467.577 ctrl=(118638.5938,0.0000,-4630129.0000) accum=(-52923.1172,0.0000,17306.3672) cMag=37339.6 fMag=99278.9 ld0=5.03366e+06 m78=3.42145e+06 frac=0.320285 grounded=0x40800000 linTerm=1.27157e-12
spd=3440.177 ctrl=(20162.0117,0.0000,-4617369.5000) accum=(-55275.4297,0.0000,17575.1367) cMag=37853.9 fMag=103543 ld0=5.29478e+06 m78=3.55235e+06 frac=0.329084 grounded=0x40800000 linTerm=8.33333e-06
spd=3447.660 ctrl=(-77908.8594,0.0000,-4613784.0000) accum=(-56915.3359,0.0000,18442.9043) cMag=38483.7 fMag=106837 ld0=5.49603e+06 m78=3.66033e+06 frac=0.334004 grounded=0x40800000 linTerm=8.33333e-06
spd=3479.445 ctrl=(-78258.3359,0.0000,-4634480.0000) accum=(-52239.9883,0.0000,19525.4121) cMag=37361.6 fMag=99364.8 ld0=5.0391e+06 m78=3.42126e+06 frac=0.321056 grounded=0x40800000 linTerm=1.27157e-12
spd=3451.855 ctrl=(-176174.7188,0.0000,-4617455.0000) accum=(-54575.9805,0.0000,19895.1855) cMag=37874.4 fMag=103628 ld0=5.30016e+06 m78=3.55225e+06 frac=0.329785 grounded=0x40800000 linTerm=8.33333e-06
spd=3459.171 ctrl=(-274072.1875,0.0000,-4609621.5000) accum=(-56181.5234,0.0000,20832.0977) cMag=38502 fMag=106911 ld0=5.50075e+06 m78=3.65911e+06 frac=0.334798 grounded=0x40800000 linTerm=8.33333e-06
spd=3490.954 ctrl=(-275304.5938,0.0000,-4630349.5000) accum=(-51461.4023,0.0000,21717.8496) cMag=37383 fMag=99448.6 ld0=5.04441e+06 m78=3.42107e+06 frac=0.32181 grounded=0x40800000 linTerm=1.27157e-12
spd=3463.180 ctrl=(-372473.5625,0.0000,-4609085.0000) accum=(-53776.7930,0.0000,22187.7617) cMag=37894.5 fMag=103712 ld0=5.30542e+06 m78=3.55214e+06 frac=0.330469 grounded=0x40800000 linTerm=8.33333e-06
spd=3470.333 ctrl=(-470011.5625,0.0000,-4597014.0000) accum=(-55344.9141,0.0000,23192.4355) cMag=38519.8 fMag=106983 ld0=5.50535e+06 m78=3.65791e+06 frac=0.335572 grounded=0x40800000 linTerm=8.33333e-06
spd=3502.115 ctrl=(-472130.0938,0.0000,-4617735.0000) accum=(-50588.3203,0.0000,23879.4414) cMag=37403.8 fMag=99530.4 ld0=5.0496e+06 m78=3.42088e+06 frac=0.322544 grounded=0x40800000 linTerm=1.27157e-12
spd=3474.160 ctrl=(-568366.1250,0.0000,-4592264.5000) accum=(-52878.9219,0.0000,24448.4062) cMag=37914 fMag=103793 ld0=5.31055e+06 m78=3.55204e+06 frac=0.331136 grounded=0x40800000 linTerm=8.33333e-06
spd=3481.156 ctrl=(-665359.2500,0.0000,-4575976.0000) accum=(-54406.6562,0.0000,25519.3535) cMag=38537.2 fMag=107053 ld0=5.50986e+06 m78=3.65674e+06 frac=0.336327 grounded=0x40800000 linTerm=8.33333e-06
spd=3512.936 ctrl=(-668365.1875,0.0000,-4596649.0000) accum=(-49622.0312,0.0000,26006.1426) cMag=37424.1 fMag=99610.2 ld0=5.05467e+06 m78=3.42069e+06 frac=0.32326 grounded=0x40800000 linTerm=1.27157e-12
spd=3484.805 ctrl=(-763484.9375,0.0000,-4567018.5000) accum=(-51883.6836,0.0000,26672.8711) cMag=37933.2 fMag=103872 ld0=5.31556e+06 m78=3.55193e+06 frac=0.331786 grounded=0x40800000 linTerm=8.33333e-06
spd=3491.647 ctrl=(-859749.0625,0.0000,-4546537.5000) accum=(-53368.1797,0.0000,27808.4629) cMag=38554.2 fMag=107122 ld0=5.51424e+06 m78=3.65559e+06 frac=0.337063 grounded=0x40800000 linTerm=8.33333e-06
spd=3523.425 ctrl=(-863642.0000,0.0000,-4567124.0000) accum=(-48563.9727,0.0000,28093.7988) cMag=37444 fMag=99688 ld0=5.05961e+06 m78=3.42051e+06 frac=0.323958 grounded=0x40800000 linTerm=1.27157e-12
spd=3495.124 ctrl=(-957463.7500,0.0000,-4533384.5000) accum=(-50792.6055,0.0000,28856.8223) cMag=37951.9 fMag=103949 ld0=5.32045e+06 m78=3.55182e+06 frac=0.33242 grounded=0x40800000 linTerm=8.33333e-06
spd=3501.816 ctrl=(-1052816.5000,0.0000,-4508747.0000) accum=(-52230.9766,0.0000,30055.2656) cMag=38570.9 fMag=107189 ld0=5.51853e+06 m78=3.65448e+06 frac=0.337781 grounded=0x40800000 linTerm=8.33333e-06
spd=3533.592 ctrl=(-1057593.8750,0.0000,-4529207.0000) accum=(-47415.7383,0.0000,30138.3086) cMag=37463.4 fMag=99764 ld0=5.06443e+06 m78=3.42032e+06 frac=0.324638 grounded=0x40800000 linTerm=1.27157e-12
spd=3505.125 ctrl=(-1149938.8750,0.0000,-4491418.0000) accum=(-49607.3164,0.0000,30996.0215) cMag=37970.1 fMag=104025 ld0=5.32522e+06 m78=3.55172e+06 frac=0.333038 grounded=0x40800000 linTerm=8.33333e-06
spd=3511.671 ctrl=(-1244198.6250,0.0000,-4462665.5000) accum=(-50996.8125,0.0000,32255.5020) cMag=38587.1 fMag=107255 ld0=5.52271e+06 m78=3.65338e+06 frac=0.338481 grounded=0x40800000 linTerm=8.33333e-06
spd=3543.446 ctrl=(-1249857.1250,0.0000,-4482961.5000) accum=(-46179.1211,0.0000,32135.6660) cMag=37482.3 fMag=99837.9 ld0=5.06913e+06 m78=3.42014e+06 frac=0.325301 grounded=0x40800000 linTerm=1.27157e-12
spd=3514.817 ctrl=(-1340549.1250,0.0000,-4441190.0000) accum=(-48329.7227,0.0000,33086.3594) cMag=37987.9 fMag=104098 ld0=5.32987e+06 m78=3.55161e+06 frac=0.333641 grounded=0x40800000 linTerm=8.33333e-06
spd=3521.221 ctrl=(-1433537.8750,0.0000,-4408376.0000) accum=(-49667.6484,0.0000,34404.8125) cMag=38603 fMag=107318 ld0=5.52679e+06 m78=3.65231e+06 frac=0.339162 grounded=0x40800000 linTerm=8.33333e-06
spd=3552.994 ctrl=(-1440070.5000,0.0000,-4428465.0000) accum=(-44856.1094,0.0000,34082.0117) cMag=37500.7 fMag=99910.1 ld0=5.07371e+06 m78=3.41995e+06 frac=0.325946 grounded=0x40800000 linTerm=1.27157e-12
spd=3524.209 ctrl=(-1528936.8750,0.0000,-4382787.0000) accum=(-46961.8789,0.0000,35123.6797) cMag=38005.2 fMag=104170 ld0=5.3344e+06 m78=3.5515e+06 frac=0.334227 grounded=0x40800000 linTerm=8.33333e-06
spd=3530.475 ctrl=(-1620478.7500,0.0000,-4345970.0000) accum=(-48245.6680,0.0000,36498.9609) cMag=38618.4 fMag=107380 ld0=5.53077e+06 m78=3.65127e+06 frac=0.339826 grounded=0x40800000 linTerm=8.33333e-06
spd=3562.245 ctrl=(-1627878.1250,0.0000,-4365814.5000) accum=(-43448.8750,0.0000,35973.5156) cMag=37518.7 fMag=99980.4 ld0=5.07818e+06 m78=3.41977e+06 frac=0.326575 grounded=0x40800000 linTerm=1.27157e-12
spd=3533.308 ctrl=(-1714749.1250,0.0000,-4316311.0000) accum=(-45506.0273,0.0000,37104.1055) cMag=38022.2 fMag=104240 ld0=5.33882e+06 m78=3.55139e+06 frac=0.334799 grounded=0x40800000 linTerm=8.33333e-06
spd=3539.440 ctrl=(-1804670.1250,0.0000,-4275555.0000) accum=(-46733.1328,0.0000,38534.0273) cMag=38633.6 fMag=107441 ld0=5.53464e+06 m78=3.65025e+06 frac=0.340472 grounded=0x40800000 linTerm=8.33333e-06
spd=3571.208 ctrl=(-1812927.0000,0.0000,-4295117.0000) accum=(-41959.7266,0.0000,37806.4258) cMag=37536.2 fMag=100049 ld0=5.08253e+06 m78=3.4196e+06 frac=0.327186 grounded=0x40800000 linTerm=1.27157e-12
spd=3542.122 ctrl=(-1897637.3750,0.0000,-4241878.5000) accum=(-43964.5938,0.0000,39023.7266) cMag=38038.7 fMag=104308 ld0=5.34313e+06 m78=3.55128e+06 frac=0.335355 grounded=0x40800000 linTerm=8.33333e-06
spd=3548.124 ctrl=(-1985768.1250,0.0000,-4197261.0000) accum=(-45132.6211,0.0000,40505.8438) cMag=38648.3 fMag=107500 ld0=5.53842e+06 m78=3.64926e+06 frac=0.341102 grounded=0x40800000 linTerm=8.33333e-06
spd=3579.889 ctrl=(-1994870.8750,0.0000,-4216501.0000) accum=(-40391.1680,0.0000,39577.1250) cMag=37553.2 fMag=100116 ld0=5.08677e+06 m78=3.41942e+06 frac=0.327782 grounded=0x40800000 linTerm=1.27157e-12
spd=3550.660 ctrl=(-2077259.7500,0.0000,-4159624.5000) accum=(-42340.1719,0.0000,40878.7227) cMag=38054.8 fMag=104374 ld0=5.34733e+06 m78=3.55118e+06 frac=0.335897 grounded=0x40800000 linTerm=8.33333e-06
spd=3556.535 ctrl=(-2163432.5000,0.0000,-4111223.0000) accum=(-43446.8398,0.0000,42410.5742) cMag=38662.7 fMag=107558 ld0=5.5421e+06 m78=3.64828e+06 frac=0.341715 grounded=0x40800000 linTerm=8.33333e-06
spd=3588.298 ctrl=(-2173368.2500,0.0000,-4130104.2500) accum=(-38745.8477,0.0000,41282.1445) cMag=37569.8 fMag=100181 ld0=5.09091e+06 m78=3.41925e+06 frac=0.328361 grounded=0x40800000 linTerm=1.27157e-12
spd=3558.929 ctrl=(-2253279.0000,0.0000,-4069693.7500) accum=(-40635.5586,0.0000,42665.4297) cMag=38070.4 fMag=104439 ld0=5.35142e+06 m78=3.55107e+06 frac=0.336424 grounded=0x40800000 linTerm=8.33333e-06
spd=3564.681 ctrl=(-2337331.7500,0.0000,-4017598.5000) accum=(-41678.6211,0.0000,44244.5000) cMag=38676.7 fMag=107614 ld0=5.54569e+06 m78=3.64734e+06 frac=0.342311 grounded=0x40800000 linTerm=8.33333e-06
spd=3596.441 ctrl=(-2348085.7500,0.0000,-4036083.5000) accum=(-37026.6211,0.0000,42918.0312) cMag=37586 fMag=100244 ld0=5.09493e+06 m78=3.41908e+06 frac=0.328925 grounded=0x40800000 linTerm=1.27157e-12
spd=3566.937 ctrl=(-2425365.7500,0.0000,-3972249.0000) accum=(-38853.6445,0.0000,44380.3789) cMag=38085.7 fMag=104502 ld0=5.3554e+06 m78=3.55097e+06 frac=0.336938 grounded=0x40800000 linTerm=8.33333e-06
spd=3572.569 ctrl=(-2507139.2500,0.0000,-3916554.2500) accum=(-39831.0234,0.0000,46003.9375) cMag=38690.3 fMag=107668 ld0=5.54919e+06 m78=3.64642e+06 frac=0.342891 grounded=0x40800000 linTerm=8.33333e-06
spd=3604.327 ctrl=(-2518694.5000,0.0000,-3934605.2500) accum=(-35236.4062,0.0000,44481.5625) cMag=37601.7 fMag=100305 ld0=5.09885e+06 m78=3.41891e+06 frac=0.329474 grounded=0x40800000 linTerm=1.27157e-12
spd=3574.691 ctrl=(-2593197.2500,0.0000,-3867464.2500) accum=(-36997.5312,0.0000,46020.1250) cMag=38100.6 fMag=104563 ld0=5.35928e+06 m78=3.55086e+06 frac=0.337437 grounded=0x40800000 linTerm=8.33333e-06
spd=3580.207 ctrl=(-2672538.0000,0.0000,-3808273.2500) accum=(-37907.3164,0.0000,47685.3828) cMag=38703.6 fMag=107722 ld0=5.55259e+06 m78=3.64552e+06 frac=0.343456 grounded=0x40800000 linTerm=8.33333e-06
spd=3611.963 ctrl=(-2684876.5000,0.0000,-3825855.0000) accum=(-33378.3945,0.0000,45969.5078) cMag=37617 fMag=100365 ld0=5.10266e+06 m78=3.41875e+06 frac=0.330007 grounded=0x40800000 linTerm=1.27157e-12
spd=3582.198 ctrl=(-2756460.2500,0.0000,-3755530.7500) accum=(-35070.4531,0.0000,47581.4141) cMag=38115.1 fMag=104623 ld0=5.36305e+06 m78=3.55076e+06 frac=0.337922 grounded=0x40800000 linTerm=8.33333e-06
spd=3587.601 ctrl=(-2833217.7500,0.0000,-3692951.0000) accum=(-35910.7383,0.0000,49285.5156) cMag=38716.6 fMag=107773 ld0=5.5559e+06 m78=3.64465e+06 frac=0.344004 grounded=0x40800000 linTerm=8.33333e-06
spd=3619.354 ctrl=(-2846319.5000,0.0000,-3710028.5000) accum=(-31455.7461,0.0000,47378.9961) cMag=37631.9 fMag=100424 ld0=5.10637e+06 m78=3.41859e+06 frac=0.330525 grounded=0x40800000 linTerm=1.27157e-12
spd=3589.466 ctrl=(-2914848.2500,0.0000,-3636650.2500) accum=(-33075.7969,0.0000,49061.1133) cMag=38129.2 fMag=104681 ld0=5.36672e+06 m78=3.55065e+06 frac=0.338394 grounded=0x40800000 linTerm=8.33333e-06
spd=3594.760 ctrl=(-2988877.5000,0.0000,-3570796.5000) accum=(-33844.9297,0.0000,50801.1094) cMag=38729.2 fMag=107824 ld0=5.55913e+06 m78=3.64379e+06 frac=0.344539 grounded=0x40800000 linTerm=8.33333e-06
spd=3626.510 ctrl=(-3002721.2500,0.0000,-3587335.7500) accum=(-29471.9609,0.0000,48707.0664) cMag=37646.4 fMag=100480 ld0=5.10998e+06 m78=3.41843e+06 frac=0.33103 grounded=0x40800000 linTerm=1.27157e-12
spd=3596.501 ctrl=(-3068064.5000,0.0000,-3511038.0000) accum=(-31017.1504,0.0000,50456.2109) cMag=38142.9 fMag=104737 ld0=5.3703e+06 m78=3.55055e+06 frac=0.338854 grounded=0x40800000 linTerm=8.33333e-06
spd=3601.688 ctrl=(-3139226.0000,0.0000,-3442031.7500) accum=(-31713.4258,0.0000,52229.1094) cMag=38741.5 fMag=107873 ld0=5.56226e+06 m78=3.64296e+06 frac=0.345057 grounded=0x40800000 linTerm=8.33333e-06
spd=3633.436 ctrl=(-3153789.5000,0.0000,-3458000.0000) accum=(-27430.4473,0.0000,49951.0898) cMag=37660.5 fMag=100535 ld0=5.11349e+06 m78=3.41827e+06 frac=0.331519 grounded=0x40800000 linTerm=1.27157e-12
spd=3603.311 ctrl=(-3215824.2500,0.0000,-3378925.0000) accum=(-28898.0918,0.0000,51763.9453) cMag=38156.3 fMag=104792 ld0=5.37377e+06 m78=3.55045e+06 frac=0.3393 grounded=0x40800000 linTerm=8.33333e-06
spd=3608.395 ctrl=(-3283983.7500,0.0000,-3306892.2500) accum=(-29520.1191,0.0000,53566.6367) cMag=38753.5 fMag=107920 ld0=5.56532e+06 m78=3.64216e+06 frac=0.345561 grounded=0x40800000 linTerm=8.33333e-06
spd=3640.141 ctrl=(-3299242.5000,0.0000,-3322257.2500) accum=(-25334.9570,0.0000,51108.4727) cMag=37674.3 fMag=100589 ld0=5.11691e+06 m78=3.41812e+06 frac=0.331996 grounded=0x40800000 linTerm=1.27157e-12
spd=3609.902 ctrl=(-3357849.7500,0.0000,-3240548.7500) accum=(-26722.4668,0.0000,52981.6562) cMag=38169.3 fMag=104845 ld0=5.37716e+06 m78=3.55035e+06 frac=0.339734 grounded=0x40800000 linTerm=8.33333e-06
spd=3614.885 ctrl=(-3422879.5000,0.0000,-3165623.7500) accum=(-27268.8750,0.0000,54810.9453) cMag=38765.1 fMag=107967 ld0=5.56829e+06 m78=3.64137e+06 frac=0.346051 grounded=0x40800000 linTerm=8.33333e-06
spd=3646.629 ctrl=(-3438805.5000,0.0000,-3180352.7500) accum=(-23189.1719,0.0000,52176.8438) cMag=37687.6 fMag=100641 ld0=5.12023e+06 m78=3.41797e+06 frac=0.332458 grounded=0x40800000 linTerm=1.27157e-12
spd=3616.280 ctrl=(-3493873.5000,0.0000,-3096161.7500) accum=(-24494.0762,0.0000,54106.8672) cMag=38182 fMag=104897 ld0=5.38044e+06 m78=3.55025e+06 frac=0.340155 grounded=0x40800000 linTerm=8.33333e-06
spd=3621.166 ctrl=(-3555651.5000,0.0000,-3018481.7500) accum=(-24963.7812,0.0000,55959.5234) cMag=38776.5 fMag=108012 ld0=5.57117e+06 m78=3.64061e+06 frac=0.346528 grounded=0x40800000 linTerm=8.33333e-06
spd=3652.907 ctrl=(-3572220.7500,0.0000,-3032547.7500) accum=(-20996.9863,0.0000,53153.9805) cMag=37700.5 fMag=100692 ld0=5.12346e+06 m78=3.41782e+06 frac=0.332908 grounded=0x40800000 linTerm=1.27157e-12
spd=3622.451 ctrl=(-3623645.7500,0.0000,-2946030.0000) accum=(-22217.0332,0.0000,55137.2109) cMag=38194.3 fMag=104948 ld0=5.38363e+06 m78=3.55016e+06 frac=0.340565 grounded=0x40800000 linTerm=8.33333e-06
spd=3627.244 ctrl=(-3682053.5000,0.0000,-2865737.2500) accum=(-22608.9023,0.0000,57009.9805) cMag=38787.5 fMag=108056 ld0=5.57398e+06 m78=3.63986e+06 frac=0.34699 grounded=0x40800000 linTerm=8.33333e-06
spd=3658.981 ctrl=(-3699234.5000,0.0000,-2879109.2500) accum=(-18762.2930,0.0000,54037.8555) cMag=37713.2 fMag=100741 ld0=5.1266e+06 m78=3.41768e+06 frac=0.333344 grounded=0x40800000 linTerm=1.27157e-12
spd=3628.423 ctrl=(-3746920.0000,0.0000,-2790424.7500) accum=(-19895.4629,0.0000,56070.6016) cMag=38206.3 fMag=104997 ld0=5.38674e+06 m78=3.55006e+06 frac=0.340963 grounded=0x40800000 linTerm=8.33333e-06
spd=3633.124 ctrl=(-3801848.7500,0.0000,-2707667.7500) accum=(-20208.5762,0.0000,57960.1016) cMag=38798.2 fMag=108098 ld0=5.57671e+06 m78=3.63915e+06 frac=0.347439 grounded=0x40800000 linTerm=8.33333e-06
spd=3664.860 ctrl=(-3819612.7500,0.0000,-2720319.2500) accum=(-16489.2070,0.0000,54826.6289) cMag=37725.4 fMag=100789 ld0=5.12965e+06 m78=3.41754e+06 frac=0.333768 grounded=0x40800000 linTerm=1.27157e-12
spd=3634.201 ctrl=(-3863466.0000,0.0000,-2629631.0000) accum=(-17533.4648,0.0000,56905.0234) cMag=38217.9 fMag=105044 ld0=5.38976e+06 m78=3.54997e+06 frac=0.341349 grounded=0x40800000 linTerm=8.33333e-06
spd=3638.813 ctrl=(-3914812.2500,0.0000,-2544561.7500) accum=(-17767.0547,0.0000,58808.0117) cMag=38808.7 fMag=108140 ld0=5.57936e+06 m78=3.63844e+06 frac=0.347875 grounded=0x40800000 linTerm=8.33333e-06
spd=3670.546 ctrl=(-3933128.2500,0.0000,-2556467.0000) accum=(-14181.8369,0.0000,55518.5273) cMag=37737.3 fMag=100836 ld0=5.13261e+06 m78=3.4174e+06 frac=0.334179 grounded=0x40800000 linTerm=1.27157e-12
spd=3639.790 ctrl=(-3973067.0000,0.0000,-2463942.7500) accum=(-15135.4209,0.0000,57638.7656) cMag=38229.2 fMag=105091 ld0=5.39269e+06 m78=3.54988e+06 frac=0.341724 grounded=0x40800000 linTerm=8.33333e-06
spd=3644.316 ctrl=(-4020735.2500,0.0000,-2376719.0000) accum=(-15288.9219,0.0000,59551.8125) cMag=38818.8 fMag=108180 ld0=5.58194e+06 m78=3.63776e+06 frac=0.348299 grounded=0x40800000 linTerm=8.33333e-06
spd=3676.047 ctrl=(-4039570.0000,0.0000,-2387852.7500) accum=(-11844.3955,0.0000,56112.0820) cMag=37748.9 fMag=100881 ld0=5.13549e+06 m78=3.41727e+06 frac=0.334578 grounded=0x40800000 linTerm=1.27157e-12
spd=3645.197 ctrl=(-4075516.7500,0.0000,-2293662.5000) accum=(-12705.6504,0.0000,58270.3125) cMag=38240.2 fMag=105136 ld0=5.39554e+06 m78=3.54979e+06 frac=0.342088 grounded=0x40800000 linTerm=8.33333e-06
spd=3649.639 ctrl=(-4119416.5000,0.0000,-2204444.5000) accum=(-12778.6240,0.0000,60189.8750) cMag=38828.7 fMag=108219 ld0=5.58445e+06 m78=3.63709e+06 frac=0.34871 grounded=0x40800000 linTerm=8.33333e-06
spd=3681.367 ctrl=(-4138737.0000,0.0000,-2214783.5000) accum=(-9481.1299,0.0000,56605.9297) cMag=37760.1 fMag=100925 ld0=5.13828e+06 m78=3.41713e+06 frac=0.334966 grounded=0x40800000 linTerm=1.27157e-12
spd=3650.427 ctrl=(-4170624.2500,0.0000,-2119102.0000) accum=(-10248.5420,0.0000,58798.1055) cMag=38250.8 fMag=105179 ld0=5.39831e+06 m78=3.5497e+06 frac=0.342441 grounded=0x40800000 linTerm=8.33333e-06
spd=3654.788 ctrl=(-4210673.0000,0.0000,-2028054.0000) accum=(-10240.7051,0.0000,60720.8750) cMag=38838.2 fMag=108257 ld0=5.58688e+06 m78=3.63645e+06 frac=0.349109 grounded=0x40800000 linTerm=8.33333e-06
spd=3686.514 ctrl=(-4230445.0000,0.0000,-2037577.2500) accum=(-7096.3804,0.0000,56999.0703) cMag=37771 fMag=100967 ld0=5.141e+06 m78=3.41701e+06 frac=0.335342 grounded=0x40800000 linTerm=1.27157e-12
spd=3655.485 ctrl=(-4258212.0000,0.0000,-1940580.1250) accum=(-7768.7451,0.0000,59221.1641) cMag=38261.2 fMag=105222 ld0=5.401e+06 m78=3.54962e+06 frac=0.342785 grounded=0x40800000 linTerm=8.33333e-06
spd=3659.768 ctrl=(-4294332.5000,0.0000,-1847869.5000) accum=(-7679.8550,0.0000,61143.6016) cMag=38847.6 fMag=108294 ld0=5.58924e+06 m78=3.63582e+06 frac=0.349497 grounded=0x40800000 linTerm=8.33333e-06
spd=3691.491 ctrl=(-4314520.0000,0.0000,-1856556.5000) accum=(-4694.4536,0.0000,57290.4688) cMag=37781.6 fMag=101008 ld0=5.14363e+06 m78=3.41688e+06 frac=0.335706 grounded=0x40800000 linTerm=1.27157e-12
spd=3660.376 ctrl=(-4338113.0000,0.0000,-1758422.7500) accum=(-5270.6929,0.0000,59538.3594) cMag=38271.3 fMag=105263 ld0=5.40361e+06 m78=3.54953e+06 frac=0.343118 grounded=0x40800000 linTerm=8.33333e-06
spd=3664.584 ctrl=(-4370238.5000,0.0000,-1664220.6250) accum=(-5100.7163,0.0000,61457.0391) cMag=38856.6 fMag=108330 ld0=5.59154e+06 m78=3.63522e+06 frac=0.349872 grounded=0x40800000 linTerm=8.33333e-06
spd=3696.305 ctrl=(-4390807.5000,0.0000,-1672053.5000) accum=(-2279.9031,0.0000,57479.4102) cMag=37791.9 fMag=101049 ld0=5.14619e+06 m78=3.41676e+06 frac=0.336061 grounded=0x40800000 linTerm=1.27157e-12
spd=3665.106 ctrl=(-4410179.5000,0.0000,-1572964.5000) accum=(-2758.9321,0.0000,59748.9844) cMag=38281.1 fMag=105303 ld0=5.40614e+06 m78=3.54945e+06 frac=0.343441 grounded=0x40800000 linTerm=8.33333e-06
spd=3669.241 ctrl=(-4438249.5000,0.0000,-1477444.3750) accum=(-2508.1406,0.0000,61660.3438) cMag=38865.4 fMag=108365 ld0=5.59377e+06 m78=3.63463e+06 frac=0.350236 grounded=0x40800000 linTerm=8.33333e-06
spd=3700.959 ctrl=(-4459161.0000,0.0000,-1484405.5000) accum=(142.9486,0.0000,57565.2148) cMag=37801.8 fMag=101088 ld0=5.14867e+06 m78=3.41664e+06 frac=0.336404 grounded=0x40800000 linTerm=1.27157e-12
spd=3669.681 ctrl=(-4474276.5000,0.0000,-1384544.0000) accum=(-238.2007,0.0000,59852.3281) cMag=38290.5 fMag=105341 ld0=5.40859e+06 m78=3.54937e+06 frac=0.343754 grounded=0x40800000 linTerm=8.33333e-06
spd=3673.744 ctrl=(-4498238.5000,0.0000,-1287881.6250) accum=(93.2139,0.0000,61752.9688) cMag=38873.9 fMag=108398 ld0=5.59593e+06 m78=3.63405e+06 frac=0.35059 grounded=0x40800000 linTerm=8.33333e-06
spd=3705.460 ctrl=(-4519454.0000,0.0000,-1293955.8750) accum=(2569.5837,0.0000,57547.6680) cMag=37811.4 fMag=101125 ld0=5.15108e+06 m78=3.41652e+06 frac=0.336736 grounded=0x40800000 linTerm=1.27157e-12
spd=3674.104 ctrl=(-4530283.5000,0.0000,-1193506.0000) accum=(2286.9324,0.0000,59848.1289) cMag=38299.7 fMag=105379 ld0=5.41098e+06 m78=3.54929e+06 frac=0.344058 grounded=0x40800000 linTerm=8.33333e-06
spd=3678.098 ctrl=(-4550089.5000,0.0000,-1095878.7500) accum=(2698.5198,0.0000,61734.5977) cMag=38882.2 fMag=108431 ld0=5.59803e+06 m78=3.6335e+06 frac=0.350932 grounded=0x40800000 linTerm=8.33333e-06
spd=3709.812 ctrl=(-4571572.5000,0.0000,-1101052.7500) accum=(4995.5474,0.0000,57426.6328) cMag=37820.9 fMag=101162 ld0=5.15342e+06 m78=3.41641e+06 frac=0.337059 grounded=0x40800000 linTerm=1.27157e-12
spd=3678.381 ctrl=(-4578092.5000,0.0000,-1000199.1250) accum=(4811.7900,0.0000,59736.2539) cMag=38308.7 fMag=105416 ld0=5.41329e+06 m78=3.54921e+06 frac=0.344353 grounded=0x40800000 linTerm=8.33333e-06
spd=3682.308 ctrl=(-4593706.0000,0.0000,-901787.1250) accum=(5302.9600,0.0000,61605.1094) cMag=38890.3 fMag=108463 ld0=5.60007e+06 m78=3.63296e+06 frac=0.351265 grounded=0x40800000 linTerm=8.33333e-06
spd=3714.019 ctrl=(-4615416.0000,0.0000,-906048.9375) accum=(7416.3374,0.0000,57202.1133) cMag=37830 fMag=101198 ld0=5.15569e+06 m78=3.4163e+06 frac=0.337372 grounded=0x40800000 linTerm=1.27157e-12
spd=0.000 ctrl=(-565945.5625,0.0000,-565425.1875) accum=(55.4690,0.0000,-3140.4773) cMag=3140.97 fMag=3891.97 ld0=763411 m78=763411 frac=-5.82848e-08 grounded=0x40800000 linTerm=8.33333e-06
spd=6.389 ctrl=(-581801.3125,0.0000,-581376.3750) accum=(21725.8594,-0.0000,16699.2949) cMag=20332.4 fMag=32485.3 ld0=1.27271e+06 m78=532275 frac=0.581777 grounded=0x40800000 linTerm=8.33333e-06
spd=12.721 ctrl=(-597566.7500,0.0000,-597130.3125) accum=(21762.0371,-0.0000,16663.8418) cMag=20303.4 fMag=32461 ld0=1.27495e+06 m78=529731 frac=0.584509 grounded=0x40800000 linTerm=1.27157e-12
spd=12.721 ctrl=(-597458.1875,0.0000,-597237.1250) accum=(21759.1250,0.0000,16667.7129) cMag=20303.4 fMag=32461 ld0=1.27495e+06 m78=529728 frac=0.584512 grounded=0x40800000 linTerm=8.33333e-06
spd=19.229 ctrl=(-613492.8125,0.0000,-613602.0000) accum=(21831.3789,-0.0000,16692.1699) cMag=20351.1 fMag=32499.1 ld0=1.27359e+06 m78=525996 frac=0.586997 grounded=0x40800000 linTerm=8.33333e-06
spd=25.921 ctrl=(-630146.0000,0.0000,-630258.1875) accum=(21916.1035,-0.0000,16633.2930) cMag=20316.6 fMag=32457.9 ld0=1.27537e+06 m78=519386 frac=0.592758 grounded=0x40800000 linTerm=1.27157e-12
spd=25.919 ctrl=(-629911.0000,0.0000,-630486.1250) accum=(21911.0762,0.0000,16640.8828) cMag=20316.7 fMag=32457.9 ld0=1.27538e+06 m78=519331 frac=0.592804 grounded=0x40800000 linTerm=8.33333e-06
spd=32.796 ctrl=(-646716.9375,0.0000,-647910.4375) accum=(22045.6719,-0.0000,16655.2852) cMag=20372 fMag=32497.3 ld0=1.27411e+06 m78=511458 frac=0.598578 grounded=0x40800000 linTerm=8.33333e-06
spd=39.866 ctrl=(-664299.1250,0.0000,-665525.1875) accum=(22195.9082,-0.0000,16574.8066) cMag=20340.5 fMag=32455.3 ld0=1.27624e+06 m78=500771 frac=0.60762 grounded=0x40800000 linTerm=1.27157e-12
spd=39.863 ctrl=(-663915.0625,0.0000,-665892.3125) accum=(22191.1230,0.0000,16585.4883) cMag=20340.7 fMag=32455.1 ld0=1.27626e+06 m78=500513 frac=0.607829 grounded=0x40800000 linTerm=8.33333e-06
spd=47.126 ctrl=(-681509.4375,0.0000,-684453.6875) accum=(22401.2031,-0.0000,16584.9102) cMag=20405 fMag=32498 ld0=1.27517e+06 m78=487749 frac=0.617504 grounded=0x40800000 linTerm=8.33333e-06
spd=54.596 ctrl=(-700063.1875,0.0000,-703087.5625) accum=(22628.0762,-0.0000,16475.4199) cMag=20377.2 fMag=32458.6 ld0=1.27776e+06 m78=472523 frac=0.630193 grounded=0x40800000 linTerm=1.27157e-12
spd=54.590 ctrl=(-699503.5625,0.0000,-703613.3750) accum=(22628.6289,-0.0000,16487.4414) cMag=20377.9 fMag=32458.2 ld0=1.27781e+06 m78=471746 frac=0.630817 grounded=0x40800000 linTerm=8.33333e-06
spd=62.261 ctrl=(-717901.2500,0.0000,-723395.4375) accum=(22929.5859,-0.0000,16463.7871) cMag=20452.4 fMag=32508.5 ld0=1.27701e+06 m78=453334 frac=0.645005 grounded=0x40800000 linTerm=8.33333e-06
spd=70.153 ctrl=(-737468.9375,0.0000,-743112.8750) accum=(23245.5449,0.0000,16314.4287) cMag=20429.5 fMag=32477.5 ld0=1.28019e+06 m78=433171 frac=0.661635 grounded=0x40800000 linTerm=1.27157e-12
spd=70.142 ctrl=(-736704.1875,0.0000,-743819.5625) accum=(23260.7246,0.0000,16323.8877) cMag=20430.9 fMag=32477.2 ld0=1.2803e+06 m78=431332 frac=0.6631 grounded=0x40800000 linTerm=8.33333e-06
spd=78.241 ctrl=(-755916.1250,0.0000,-764912.4375) accum=(23670.4180,0.0000,16264.5703) cMag=20517.4 fMag=32541.7 ld0=1.27992e+06 m78=406551 frac=0.682363 grounded=0x40800000 linTerm=8.33333e-06
spd=86.576 ctrl=(-776540.6875,0.0000,-785782.5000) accum=(24088.3398,0.0000,16060.6133) cMag=20500.5 fMag=32527.4 ld0=1.28382e+06 m78=381212 frac=0.703064 grounded=0x40800000 linTerm=1.27157e-12
spd=86.560 ctrl=(-775536.5625,0.0000,-786694.4375) accum=(24133.9512,0.0000,16059.3613) cMag=20503.4 fMag=32528.7 ld0=1.28403e+06 m78=377452 frac=0.706042 grounded=0x40800000 linTerm=8.33333e-06
spd=95.108 ctrl=(-795570.1875,0.0000,-809195.8750) accum=(24672.6504,0.0000,15946.1807) cMag=20603.7 fMag=32617.6 ld0=1.28422e+06 m78=345687 frac=0.730819 grounded=0x40800000 linTerm=8.33333e-06
spd=103.912 ctrl=(-817295.1875,0.0000,-831292.9375) accum=(25203.7578,0.0000,15669.7393) cMag=20594.3 fMag=32631.1 ld0=1.28894e+06 m78=315225 frac=0.755438 grounded=0x40800000 linTerm=1.27157e-12
spd=103.888 ctrl=(-816012.4375,0.0000,-832436.3125) accum=(25305.1055,0.0000,15642.0967) cMag=20599.7 fMag=32638 ld0=1.28934e+06 m78=308292 frac=0.760891 grounded=0x40800000 linTerm=8.33333e-06
spd=112.909 ctrl=(-836870.2500,0.0000,-856452.0000) accum=(25995.4805,0.0000,15450.5693) cMag=20716.2 fMag=32765.4 ld0=1.29023e+06 m78=269082 frac=0.791447 grounded=0x40800000 linTerm=8.33333e-06
spd=122.205 ctrl=(-859739.5625,0.0000,-879856.4375) accum=(26645.2031,0.0000,15083.6641) cMag=20715.7 fMag=32819.8 ld0=1.29584e+06 m78=234047 frac=0.819385 grounded=0x40800000 linTerm=1.27157e-12
spd=122.172 ctrl=(-858133.0000,0.0000,-881259.9375) accum=(26840.3086,0.0000,15001.7852) cMag=20725.3 fMag=32841.4 ld0=1.29655e+06 m78=222273 frac=0.828566 grounded=0x40800000 linTerm=8.33333e-06
spd=131.689 ctrl=(-879812.1875,0.0000,-906904.7500) accum=(27706.5918,0.0000,14701.6494) cMag=20860.7 fMag=33025.2 ld0=1.29835e+06 m78=175386 frac=0.864916 grounded=0x40800000 linTerm=8.33333e-06
spd=141.505 ctrl=(-903870.3750,0.0000,-931703.8125) accum=(28466.7676,0.0000,14233.4463) cMag=20870.4 fMag=33132.8 ld0=1.30486e+06 m78=137127 frac=0.894911 grounded=0x40800000 linTerm=1.27157e-12
spd=141.459 ctrl=(-901888.2500,0.0000,-933398.0625) accum=(28808.0000,0.0000,14052.5654) cMag=20886.4 fMag=33185.8 ld0=1.30613e+06 m78=118548 frac=0.909238 grounded=0x40800000 linTerm=8.33333e-06
spd=151.497 ctrl=(-924380.1875,0.0000,-960796.8750) accum=(29871.5215,0.0000,13611.6338) cMag=21043.6 fMag=33446.2 ld0=1.3091e+06 m78=64193.3 frac=0.950964 grounded=0x40800000 linTerm=8.33333e-06
spd=161.861 ctrl=(-949673.3750,0.0000,-987086.5625) accum=(30706.2305,0.0000,13052.9893) cMag=21064.2 fMag=33612.4 ld0=1.31653e+06 m78=25317.2 frac=0.98077 grounded=0x40800000 linTerm=1.27157e-12
spd=161.799 ctrl=(-947255.6250,0.0000,-989103.8750) accum=(31217.7539,0.0000,12707.2295) cMag=21089.6 fMag=33722.8 ld0=1.31881e+06 m78=1817.84 frac=0.998622 grounded=0x40800000 linTerm=8.33333e-06
spd=172.387 ctrl=(-970548.4375,0.0000,-1018396.5625) accum=(31218.4492,0.0000,12025.5732) cMag=21271.1 fMag=34077.8 ld0=1.32346e+06 m78=62525.5 frac=0.952756 grounded=0x40800000 linTerm=8.33333e-06
spd=183.342 ctrl=(-997150.5000,0.0000,-1046310.1250) accum=(31264.5879,0.0000,11661.2314) cMag=21275.6 fMag=34206.7 ld0=1.32993e+06 m78=83479.7 frac=0.93723 grounded=0x40800000 linTerm=1.27157e-12
spd=183.259 ctrl=(-994228.0625,0.0000,-1048685.2500) accum=(31246.6191,0.0000,11437.1396) cMag=21276.9 fMag=34278.7 ld0=1.33137e+06 m78=99453.3 frac=0.9253 grounded=0x40800000 linTerm=8.33333e-06
spd=194.448 ctrl=(-1018351.5000,0.0000,-1080078.0000) accum=(31196.4707,0.0000,11180.9795) cMag=21430.2 fMag=34541.8 ld0=1.33395e+06 m78=137717 frac=0.89676 grounded=0x40800000 linTerm=8.33333e-06
spd=206.041 ctrl=(-1046347.1250,0.0000,-1109770.6250) accum=(31228.3027,0.0000,11073.6592) cMag=21421.8 fMag=34602.2 ld0=1.3389e+06 m78=143842 frac=0.892567 grounded=0x40800000 linTerm=1.27157e-12
spd=205.934 ctrl=(-1042844.2500,0.0000,-1112545.0000) accum=(31221.1504,0.0000,10848.8887) cMag=21421.8 fMag=34693.2 ld0=1.34129e+06 m78=159605 frac=0.881006 grounded=0x40800000 linTerm=8.33333e-06
spd=217.767 ctrl=(-1067795.6250,0.0000,-1146236.5000) accum=(31133.1738,0.0000,10698.3350) cMag=21587.3 fMag=34962.9 ld0=1.34399e+06 m78=197401 frac=0.853124 grounded=0x40800000 linTerm=8.33333e-06
spd=230.063 ctrl=(-1097297.6250,0.0000,-1177905.7500) accum=(31118.8555,0.0000,10821.8223) cMag=21588 fMag=34959.8 ld0=1.34666e+06 m78=194931 frac=0.855248 grounded=0x40800000 linTerm=1.27157e-12
spd=229.930 ctrl=(-1093135.1250,0.0000,-1181134.1250) accum=(31136.9668,0.0000,10622.7656) cMag=21584 fMag=35057.3 ld0=1.35004e+06 m78=207585 frac=0.846237 grounded=0x40800000 linTerm=8.33333e-06
spd=242.423 ctrl=(-1118826.8750,0.0000,-1217262.0000) accum=(31053.9277,0.0000,10373.0332) cMag=21769 fMag=35403.2 ld0=1.35486e+06 m78=253609 frac=0.812815 grounded=0x40800000 linTerm=8.33333e-06
spd=255.389 ctrl=(-1137862.5000,0.0000,-1237972.3750) accum=(31045.3516,0.0000,10294.5967) cMag=21761.5 fMag=35460.8 ld0=1.36046e+06 m78=261748 frac=0.807604 grounded=0x40800000 linTerm=1.27157e-12
spd=255.198 ctrl=(-1133415.5000,0.0000,-1242126.1250) accum=(31154.4941,0.0000,9896.2168) cMag=21758.7 fMag=35664.7 ld0=1.36938e+06 m78=279735 frac=0.795722 grounded=0x40800000 linTerm=8.33333e-06
spd=268.242 ctrl=(-1131456.7500,0.0000,-1249492.5000) accum=(31080.1406,0.0000,9647.5518) cMag=21950 fMag=36067.9 ld0=1.37928e+06 m78=328208 frac=0.762044 grounded=0x40800000 linTerm=8.33333e-06
spd=281.467 ctrl=(-1134253.3750,0.0000,-1252580.8750) accum=(31115.3574,0.0000,9593.1797) cMag=21937.4 fMag=36115.6 ld0=1.3876e+06 m78=331196 frac=0.761317 grounded=0x40800000 linTerm=1.27157e-12
spd=281.250 ctrl=(-1129281.6250,0.0000,-1257131.3750) accum=(31327.3516,0.0000,9180.7178) cMag=21936.4 fMag=36366.6 ld0=1.40501e+06 m78=343837 frac=0.755278 grounded=0x40800000 linTerm=8.33333e-06
spd=294.330 ctrl=(-1126788.1250,0.0000,-1264936.3750) accum=(29634.3691,0.0000,9230.6035) cMag=22132.5 fMag=36828.7 ld0=1.42501e+06 m78=534627 frac=0.624825 grounded=0x40800000 linTerm=8.33333e-06
spd=307.630 ctrl=(-1129580.2500,0.0000,-1268070.8750) accum=(29744.0332,0.0000,9206.1055) cMag=22117.5 fMag=36857 ld0=1.43672e+06 m78=530422 frac=0.63081 grounded=0x40800000 linTerm=1.27157e-12
spd=307.388 ctrl=(-1124063.2500,0.0000,-1273006.5000) accum=(29952.1309,0.0000,8840.3184) cMag=22119.7 fMag=37153.6 ld0=1.46688e+06 m78=548201 frac=0.62628 grounded=0x40800000 linTerm=8.33333e-06
spd=320.509 ctrl=(-1121015.6250,0.0000,-1281245.6250) accum=(29905.5488,0.0000,8664.7939) cMag=22321.8 fMag=37670.9 ld0=1.49709e+06 m78=604065 frac=0.596506 grounded=0x40800000 linTerm=8.33333e-06
spd=333.876 ctrl=(-1123796.7500,0.0000,-1284424.2500) accum=(29991.0234,0.0000,8664.9678) cMag=22303.4 fMag=37679.2 ld0=1.51032e+06 m78=600903 frac=0.602134 grounded=0x40800000 linTerm=1.27157e-12
spd=333.606 ctrl=(-1117715.6250,0.0000,-1289735.5000) accum=(30137.6816,0.0000,8327.9580) cMag=22309.2 fMag=38020.3 ld0=1.54978e+06 m78=629091 frac=0.594078 grounded=0x40800000 linTerm=8.33333e-06
spd=346.757 ctrl=(-1114089.3750,0.0000,-1298397.3750) accum=(30081.0547,0.0000,8179.5923) cMag=22517.1 fMag=38600 ld0=1.58723e+06 m78=691886 frac=0.564093 grounded=0x40800000 linTerm=8.33333e-06
spd=360.189 ctrl=(-1116856.7500,0.0000,-1301622.5000) accum=(30164.9004,0.0000,8202.8535) cMag=22495.3 fMag=38579.8 ld0=1.59858e+06 m78=686134 frac=0.570786 grounded=0x40800000 linTerm=1.27157e-12
spd=359.889 ctrl=(-1110192.5000,0.0000,-1307297.6250) accum=(30279.6855,0.0000,7896.9521) cMag=22505.3 fMag=38964.4 ld0=1.64338e+06 m78=720956 frac=0.561296 grounded=0x40800000 linTerm=8.33333e-06
spd=373.066 ctrl=(-1105965.6250,0.0000,-1316372.7500) accum=(30230.9551,0.0000,7775.4541) cMag=22719.5 fMag=39607.3 ld0=1.68575e+06 m78=788436 frac=0.532294 grounded=0x40800000 linTerm=8.33333e-06
spd=386.564 ctrl=(-1108716.0000,0.0000,-1319646.3750) accum=(30322.5273,0.0000,7817.5234) cMag=22694 fMag=39551.6 ld0=1.69362e+06 m78=778274 frac=0.540467 grounded=0x40800000 linTerm=1.27157e-12
spd=386.230 ctrl=(-1101449.6250,0.0000,-1325673.7500) accum=(30415.9355,0.0000,7543.7236) cMag=22708.3 fMag=39978.8 ld0=1.74203e+06 m78=818256 frac=0.530287 grounded=0x40800000 linTerm=8.33333e-06
spd=399.429 ctrl=(-1096598.6250,0.0000,-1335150.2500) accum=(30379.9902,0.0000,7448.2700) cMag=22929.2 fMag=40685.9 ld0=1.78845e+06 m78=889666 frac=0.502549 grounded=0x40800000 linTerm=8.33333e-06
spd=412.992 ctrl=(-1099329.0000,0.0000,-1338474.6250) accum=(30483.1152,0.0000,7504.5381) cMag=22899.7 fMag=40588.9 ld0=1.79212e+06 m78=874143 frac=0.512231 grounded=0x40800000 linTerm=1.27157e-12
spd=412.621 ctrl=(-1091441.3750,0.0000,-1344840.1250) accum=(30557.1875,0.0000,7264.1738) cMag=22918.5 fMag=41057.7 ld0=1.84349e+06 m78=918870 frac=0.50156 grounded=0x40800000 linTerm=8.33333e-06
spd=425.840 ctrl=(-1085942.5000,0.0000,-1354704.5000) accum=(30534.0117,0.0000,7194.3447) cMag=23146.5 fMag=41829.7 ld0=1.89363e+06 m78=994041 frac=0.475061 grounded=0x40800000 linTerm=8.33333e-06
spd=439.467 ctrl=(-1088649.5000,0.0000,-1358081.5000) accum=(30651.2852,0.0000,7260.1992) cMag=23112.6 fMag=41686.6 ld0=1.89273e+06 m78=972496 frac=0.486193 grounded=0x40800000 linTerm=1.27157e-12
spd=439.055 ctrl=(-1080120.0000,0.0000,-1364769.0000) accum=(30704.8711,0.0000,7054.9771) cMag=23135.9 fMag=42195.7 ld0=1.94678e+06 m78=1.02196e+06 frac=0.47505 grounded=0x40800000 linTerm=8.33333e-06
spd=452.290 ctrl=(-1073949.0000,0.0000,-1375005.8750) accum=(30693.1602,0.0000,7010.3960) cMag=23371.5 fMag=43033.1 ld0=2.00052e+06 m78=1.10091e+06 frac=0.449687 grounded=0x40800000 linTerm=8.33333e-06
spd=465.980 ctrl=(-1076629.1250,0.0000,-1378437.5000) accum=(30826.6621,0.0000,7081.7153) cMag=23332.6 fMag=42839.8 ld0=1.99477e+06 m78=1.07281e+06 frac=0.462187 grounded=0x40800000 linTerm=1.27157e-12
spd=465.523 ctrl=(-1067438.1250,0.0000,-1385430.1250) accum=(30868.2480,0.0000,6904.6621) cMag=23359.7 fMag=43393.2 ld0=2.05159e+06 m78=1.12657e+06 frac=0.450881 grounded=0x40800000 linTerm=8.33333e-06
spd=478.770 ctrl=(-1060569.5000,0.0000,-1396021.8750) accum=(30873.5859,0.0000,6879.1616) cMag=23602.4 fMag=44300.5 ld0=2.10905e+06 m78=1.20899e+06 frac=0.426759 grounded=0x40800000 linTerm=8.33333e-06
spd=492.523 ctrl=(-1063219.8750,0.0000,-1399510.3750) accum=(31006.9062,0.0000,6967.0952) cMag=23559.9 fMag=44043.7 ld0=2.09791e+06 m78=1.17488e+06 frac=0.439977 grounded=0x40800000 linTerm=1.27157e-12
spd=492.017 ctrl=(-1053345.8750,0.0000,-1406787.2500) accum=(31058.4258,0.0000,6799.9688) cMag=23588.6 fMag=44653.5 ld0=2.15791e+06 m78=1.23177e+06 frac=0.429184 grounded=0x40800000 linTerm=8.33333e-06
spd=505.272 ctrl=(-1045754.5625,0.0000,-1417713.8750) accum=(31083.8301,0.0000,6789.4414) cMag=23838.4 fMag=45634.6 ld0=2.21919e+06 m78=1.31753e+06 frac=0.406301 grounded=0x40800000 linTerm=8.33333e-06
spd=519.087 ctrl=(-1048371.3750,0.0000,-1421261.6250) accum=(31189.3320,0.0000,6914.6548) cMag=23794.2 fMag=45294 ld0=2.20194e+06 m78=1.2786e+06 frac=0.41933 grounded=0x40800000 linTerm=1.27157e-12
spd=518.529 ctrl=(-1037793.0000,0.0000,-1428800.7500) accum=(31276.0137,0.0000,6736.4507) cMag=23822.6 fMag=45975.8 ld0=2.26564e+06 m78=1.33731e+06 frac=0.409743 grounded=0x40800000 linTerm=8.33333e-06
spd=531.789 ctrl=(-1029453.1250,0.0000,-1440040.2500) accum=(31324.8770,0.0000,6736.7832) cMag=24079.7 fMag=47034.8 ld0=2.33087e+06 m78=1.42626e+06 frac=0.388097 grounded=0x40800000 linTerm=8.33333e-06
spd=545.663 ctrl=(-1032032.9375,0.0000,-1443649.0000) accum=(31387.2344,0.0000,6910.1958) cMag=24034.2 fMag=46595.6 ld0=2.30705e+06 m78=1.38307e+06 frac=0.400501 grounded=0x40800000 linTerm=1.27157e-12
spd=545.049 ctrl=(-1020729.1875,0.0000,-1451426.8750) accum=(31521.6602,0.0000,6710.3286) cMag=24061.7 fMag=47359.5 ld0=2.37473e+06 m78=1.44297e+06 frac=0.392363 grounded=0x40800000 linTerm=8.33333e-06
spd=558.310 ctrl=(-1011614.4375,0.0000,-1462954.2500) accum=(31597.8477,0.0000,6717.3516) cMag=24326.2 fMag=48500.9 ld0=2.44405e+06 m78=1.53496e+06 frac=0.37196 grounded=0x40800000 linTerm=8.33333e-06
spd=572.244 ctrl=(-1014153.5000,0.0000,-1466626.1250) accum=(31609.0039,0.0000,6944.0190) cMag=24279.1 fMag=47951.7 ld0=2.41331e+06 m78=1.48765e+06 frac=0.383565 grounded=0x40800000 linTerm=1.27157e-12
spd=571.570 ctrl=(-1002102.1250,0.0000,-1474614.8750) accum=(31796.3184,0.0000,6718.4434) cMag=24305.9 fMag=48804.1 ld0=2.48516e+06 m78=1.54856e+06 frac=0.376876 grounded=0x40800000 linTerm=8.33333e-06
spd=584.827 ctrl=(-992187.0625,0.0000,-1486403.7500) accum=(31904.2461,0.0000,6727.9238) cMag=24577.9 fMag=50033 ld0=2.55872e+06 m78=1.6434e+06 frac=0.357727 grounded=0x40800000 linTerm=8.33333e-06
spd=598.819 ctrl=(-994681.3125,0.0000,-1490140.5000) accum=(31855.1074,0.0000,7013.4238) cMag=24529 fMag=49361.9 ld0=2.52073e+06 m78=1.59217e+06 frac=0.368368 grounded=0x40800000 linTerm=1.27157e-12
spd=598.082 ctrl=(-981861.6250,0.0000,-1498311.8750) accum=(32101.1055,0.0000,6758.0425) cMag=24555.1 fMag=50309.4 ld0=2.59691e+06 m78=1.65388e+06 frac=0.363133 grounded=0x40800000 linTerm=8.33333e-06
spd=611.332 ctrl=(-971119.4375,0.0000,-1510332.0000) accum=(32245.8516,0.0000,6765.7290) cMag=24835 fMag=51631.3 ld0=2.67488e+06 m78=1.75137e+06 frac=0.345255 grounded=0x40800000 linTerm=8.33333e-06
spd=625.380 ctrl=(-973564.9375,0.0000,-1514135.3750) accum=(32126.2773,0.0000,7116.1470) cMag=24783.8 fMag=50825.8 ld0=2.62928e+06 m78=1.69648e+06 frac=0.354776 grounded=0x40800000 linTerm=1.27157e-12
spd=624.576 ctrl=(-959955.3125,0.0000,-1522457.5000) accum=(32437.6035,0.0000,6826.8955) cMag=24809.6 fMag=51875.6 ld0=2.70999e+06 m78=1.75876e+06 frac=0.35101 grounded=0x40800000 linTerm=8.33333e-06
spd=637.815 ctrl=(-948360.7500,0.0000,-1534676.5000) accum=(32624.9219,0.0000,6828.4985) cMag=25097.7 fMag=53296.2 ld0=2.79254e+06 m78=1.85865e+06 frac=0.334425 grounded=0x40800000 linTerm=8.33333e-06
spd=651.918 ctrl=(-950753.2500,0.0000,-1538548.1250) accum=(32423.4297,0.0000,7250.2905) cMag=25043.6 fMag=52343.2 ld0=2.73897e+06 m78=1.8004e+06 frac=0.342674 grounded=0x40800000 linTerm=1.27157e-12
spd=651.043 ctrl=(-936333.0000,0.0000,-1546987.2500) accum=(32807.5547,0.0000,6923.0903) cMag=25069.3 fMag=53502.9 ld0=2.82441e+06 m78=1.86299e+06 frac=0.340398 grounded=0x40800000 linTerm=8.33333e-06
spd=664.266 ctrl=(-923860.6250,0.0000,-1559370.7500) accum=(33044.0312,0.0000,6914.3794) cMag=25366.2 fMag=55028.4 ld0=2.91171e+06 m78=1.96502e+06 frac=0.325131 grounded=0x40800000 linTerm=8.33333e-06
spd=678.424 ctrl=(-926195.8750,0.0000,-1563312.5000) accum=(32747.7891,0.0000,7414.3120) cMag=25308.4 fMag=53914.3 ld0=2.84981e+06 m78=1.90378e+06 frac=0.331962 grounded=0x40800000 linTerm=1.27157e-12
spd=677.475 ctrl=(-910944.8125,0.0000,-1571831.2500) accum=(33213.1602,0.0000,7045.1895) cMag=25334.6 fMag=55191.6 ld0=2.94018e+06 m78=1.96639e+06 frac=0.331203 grounded=0x40800000 linTerm=8.33333e-06
spd=690.678 ctrl=(-897569.0625,0.0000,-1584340.8750) accum=(33506.2148,0.0000,7021.9917) cMag=25640.7 fMag=56828.9 ld0=3.03242e+06 m78=2.07028e+06 frac=0.317285 grounded=0x40800000 linTerm=8.33333e-06
spd=704.888 ctrl=(-899842.4375,0.0000,-1588353.7500) accum=(33100.8086,0.0000,7607.0156) cMag=25578.3 fMag=55539.1 ld0=2.9618e+06 m78=2.00646e+06 frac=0.322554 grounded=0x40800000 linTerm=1.27157e-12
spd=703.861 ctrl=(-883741.0000,0.0000,-1596913.1250) accum=(33656.9336,0.0000,7192.1538) cMag=25605.5 fMag=56942.5 ld0=3.05732e+06 m78=2.06875e+06 frac=0.323345 grounded=0x40800000 linTerm=8.33333e-06
spd=717.041 ctrl=(-869438.1250,0.0000,-1609508.5000) accum=(34014.8633,0.0000,7150.4375) cMag=25921.7 fMag=58698.7 ld0=3.15468e+06 m78=2.17418e+06 frac=0.310807 grounded=0x40800000 linTerm=8.33333e-06
spd=731.301 ctrl=(-871645.3125,0.0000,-1613594.3750) accum=(33484.2578,0.0000,7827.6064) cMag=25853.5 fMag=57218.2 ld0=3.07496e+06 m78=2.10826e+06 frac=0.314376 grounded=0x40800000 linTerm=1.27157e-12
spd=730.192 ctrl=(-854675.1250,0.0000,-1622152.5000) accum=(34141.7188,0.0000,7363.3013) cMag=25882.5 fMag=58756.3 ld0=3.17586e+06 m78=2.1699e+06 frac=0.316753 grounded=0x40800000 linTerm=8.33333e-06
spd=743.344 ctrl=(-839422.0625,0.0000,-1634789.7500) accum=(34573.7852,0.0000,7299.2637) cMag=26209.6 fMag=60639.1 ld0=3.27853e+06 m78=2.27651e+06 frac=0.305631 grounded=0x40800000 linTerm=8.33333e-06
spd=757.653 ctrl=(-841557.9375,0.0000,-1638949.2500) accum=(33900.0625,0.0000,8075.5249) cMag=26134.1 fMag=58952 ld0=3.1893e+06 m78=2.20903e+06 frac=0.307363 grounded=0x40800000 linTerm=1.27157e-12
spd=756.459 ctrl=(-823701.6875,0.0000,-1647461.6250) accum=(34670.6602,0.0000,7558.4702) cMag=26165.7 fMag=60634.3 ld0=3.29581e+06 m78=2.26961e+06 frac=0.311366 grounded=0x40800000 linTerm=8.33333e-06
spd=769.580 ctrl=(-807476.1250,0.0000,-1660093.8750) accum=(35187.1680,0.0000,7468.5962) cMag=26504.9 fMag=62651.7 ld0=3.40401e+06 m78=2.37703e+06 frac=0.301696 grounded=0x40800000 linTerm=8.33333e-06
spd=783.935 ctrl=(-809535.9375,0.0000,-1664328.6250) accum=(34350.5195,0.0000,8350.6992) cMag=26420.4 fMag=60741.3 ld0=3.30485e+06 m78=2.30858e+06 frac=0.301457 grounded=0x40800000 linTerm=1.27157e-12
spd=782.652 ctrl=(-790777.5000,0.0000,-1672747.6250) accum=(35247.2891,0.0000,7777.9229) cMag=26455.7 fMag=62577.4 ld0=3.41721e+06 m78=2.36768e+06 frac=0.307131 grounded=0x40800000 linTerm=8.33333e-06
spd=795.737 ctrl=(-773559.3125,0.0000,-1685326.2500) accum=(35859.5781,0.0000,7659.1357) cMag=26808.2 fMag=64738.1 ld0=3.53114e+06 m78=2.47551e+06 frac=0.298949 grounded=0x40800000 linTerm=8.33333e-06
spd=810.138 ctrl=(-775537.8125,0.0000,-1689636.6250) accum=(34838.0938,0.0000,8653.4092) cMag=26712.7 fMag=62587 ld0=3.42162e+06 m78=2.40674e+06 frac=0.296609 grounded=0x40800000 linTerm=1.27157e-12
spd=808.763 ctrl=(-755862.9375,0.0000,-1697912.5000) accum=(35875.3906,0.0000,8022.4805) cMag=26753 fMag=64587.2 ld0=3.54009e+06 m78=2.46391e+06 frac=0.303999 grounded=0x40800000 linTerm=8.33333e-06
spd=821.807 ctrl=(-737633.1875,0.0000,-1710384.6250) accum=(36595.9102,0.0000,7872.2339) cMag=27120.2 fMag=66900.1 ld0=3.65998e+06 m78=2.57171e+06 frac=0.297342 grounded=0x40800000 linTerm=8.33333e-06
spd=836.251 ctrl=(-739525.0000,0.0000,-1714771.2500) accum=(35365.4648,0.0000,8984.3730) cMag=27011.2 fMag=64490 ld0=3.53965e+06 m78=2.50333e+06 frac=0.292774 grounded=0x40800000 linTerm=1.27157e-12
spd=834.780 ctrl=(-718921.0625,0.0000,-1722850.8750) accum=(36559.0430,0.0000,8293.5381) cMag=27058 fMag=66665.1 ld0=3.6645e+06 m78=2.55808e+06 frac=0.301929 grounded=0x40800000 linTerm=8.33333e-06
spd=847.781 ctrl=(-699663.0625,0.0000,-1735161.6250) accum=(37401.3906,0.0000,8109.9214) cMag=27441.7 fMag=69139.6 ld0=3.79057e+06 m78=2.66541e+06 frac=0.296833 grounded=0x40800000 linTerm=8.33333e-06
spd=862.266 ctrl=(-701462.7500,0.0000,-1739625.0000) accum=(35935.5938,0.0000,9344.7412) cMag=27316.3 fMag=66451.5 ld0=3.65896e+06 m78=2.59818e+06 frac=0.289914 grounded=0x40800000 linTerm=1.27157e-12
spd=860.695 ctrl=(-679919.5000,0.0000,-1747453.3750) accum=(37302.5898,0.0000,8593.0586) cMag=27371.4 fMag=68812.8 ld0=3.79046e+06 m78=2.64998e+06 frac=0.300882 grounded=0x40800000 linTerm=8.33333e-06
spd=873.647 ctrl=(-659618.1875,0.0000,-1759544.1250) accum=(38281.4844,0.0000,8375.0674) cMag=27773.6 fMag=71458.8 ld0=3.92298e+06 m78=2.75637e+06 frac=0.297379 grounded=0x40800000 linTerm=8.33333e-06
spd=888.171 ctrl=(-661320.3125,0.0000,-1764084.3750) accum=(36551.5898,0.0000,9736.2432) cMag=27628.5 fMag=68472.8 ld0=3.77959e+06 m78=2.6911e+06 frac=0.287993 grounded=0x40800000 linTerm=1.27157e-12
spd=886.498 ctrl=(-638829.5625,0.0000,-1771603.6250) accum=(38110.6055,0.0000,8923.7920) cMag=27694 fMag=71032.1 ld0=3.91804e+06 m78=2.73941e+06 frac=0.300822 grounded=0x40800000 linTerm=8.33333e-06
spd=899.397 ctrl=(-617473.0000,0.0000,-1783413.3750) accum=(39241.8594,0.0000,8671.3760) cMag=28116.8 fMag=73859.9 ld0=4.05728e+06 m78=2.84438e+06 frac=0.298944 grounded=0x40800000 linTerm=8.33333e-06
spd=913.958 ctrl=(-619071.5625,0.0000,-1788030.5000) accum=(37216.7422,0.0000,10161.1250) cMag=27948.3 fMag=70555.1 ld0=3.90158e+06 m78=2.78191e+06 frac=0.286979 grounded=0x40800000 linTerm=1.27157e-12
spd=912.178 ctrl=(-595628.1875,0.0000,-1795180.3750) accum=(38987.7617,0.0000,9289.1162) cMag=28026.5 fMag=73324.8 ld0=4.0473e+06 m78=2.82616e+06 frac=0.301716 grounded=0x40800000 linTerm=8.33333e-06
spd=925.020 ctrl=(-573207.0000,0.0000,-1806645.5000) accum=(40288.2891,0.0000,9003.3643) cMag=28472.5 fMag=76345.1 ld0=4.19358e+06 m78=2.92926e+06 frac=0.301491 grounded=0x40800000 linTerm=8.33333e-06
spd=939.616 ctrl=(-574696.1250,0.0000,-1811338.8750) accum=(37934.4258,0.0000,10622.1455) cMag=28276.1 fMag=72700.1 ld0=4.02496e+06 m78=2.87043e+06 frac=0.286843 grounded=0x40800000 linTerm=1.27157e-12
spd=937.727 ctrl=(-550297.5000,0.0000,-1818056.5000) accum=(39938.9570,0.0000,9693.2832) cMag=28369.9 fMag=75693 ld0=4.17831e+06 m78=2.91005e+06 frac=0.303534 grounded=0x40800000 linTerm=8.33333e-06
spd=950.508 ctrl=(-526805.3750,0.0000,-1829110.8750) accum=(41426.3086,0.0000,9376.7549) cMag=28841.8 fMag=78916.7 ld0=4.33202e+06 m78=3.01085e+06 frac=0.304978 grounded=0x40800000 linTerm=8.33333e-06
spd=965.136 ctrl=(-528178.8125,0.0000,-1833879.3750) accum=(38708.1484,0.0000,11122.8701) cMag=28612.6 fMag=74909.2 ld0=4.14979e+06 m78=2.95648e+06 frac=0.287559 grounded=0x40800000 linTerm=1.27157e-12
spd=963.134 ctrl=(-502825.5625,0.0000,-1840100.6250) accum=(40968.8164,0.0000,10141.3975) cMag=28725 fMag=78138.6 ld0=4.31117e+06 m78=2.99091e+06 frac=0.306242 grounded=0x40800000 linTerm=8.33333e-06
spd=975.849 ctrl=(-478259.3125,0.0000,-1850674.3750) accum=(42661.3984,0.0000,9798.3477) cMag=29226.1 fMag=81577.3 ld0=4.47285e+06 m78=3.08911e+06 frac=0.309364 grounded=0x40800000 linTerm=8.33333e-06
spd=990.508 ctrl=(-479511.0312,0.0000,-1855518.0000) accum=(39541.4570,0.0000,11667.3145) cMag=28958.4 fMag=77184.1 ld0=4.27612e+06 m78=3.03989e+06 frac=0.289101 grounded=0x40800000 linTerm=1.27157e-12
spd=988.389 ctrl=(-453207.2812,0.0000,-1861174.2500) accum=(42082.0938,0.0000,10639.5762) cMag=29093 fMag=80664 ld0=4.44605e+06 m78=3.06863e+06 frac=0.309809 grounded=0x40800000 linTerm=8.33333e-06
spd=1001.035 ctrl=(-427567.7188,0.0000,-1871196.8750) accum=(44001.5195,0.0000,10274.7998) cMag=29626.7 fMag=84330 ld0=4.61644e+06 m78=3.16389e+06 frac=0.314648 grounded=0x40800000 linTerm=8.33333e-06
spd=1015.722 ctrl=(-428691.2812,0.0000,-1876114.0000) accum=(40483.7969,0.0000,12245.4971) cMag=29314.7 fMag=79530.2 ld0=4.40278e+06 m78=3.11626e+06 frac=0.292206 grounded=0x40800000 linTerm=1.27157e-12
spd=1013.484 ctrl=(-401444.9062,0.0000,-1881137.1250) accum=(43324.6602,0.0000,11180.7764) cMag=29475.7 fMag=83279.6 ld0=4.58253e+06 m78=3.13987e+06 frac=0.314817 grounded=0x40800000 linTerm=8.33333e-06
spd=1026.056 ctrl=(-374736.4688,0.0000,-1890534.5000) accum=(45321.6094,0.0000,10797.6797) cMag=29902.7 fMag=86886.4 ld0=4.74796e+06 m78=3.22098e+06 frac=0.321607 grounded=0x40800000 linTerm=8.33333e-06
spd=1040.769 ctrl=(-375725.3125,0.0000,-1895523.1250) accum=(41052.2148,0.0000,12924.6006) cMag=29341.4 fMag=80826.8 ld0=4.46395e+06 m78=3.13033e+06 frac=0.298754 grounded=0x40800000 linTerm=1.27157e-12
spd=1038.408 ctrl=(-347548.1250,0.0000,-1899842.5000) accum=(44226.1719,0.0000,11858.4727) cMag=29580.6 fMag=84948.8 ld0=4.6605e+06 m78=3.15722e+06 frac=0.322558 grounded=0x40800000 linTerm=8.33333e-06
spd=1050.904 ctrl=(-319779.6250,0.0000,-1908539.2500) accum=(45508.6523,0.0000,11864.5078) cMag=29933.4 fMag=87609.7 ld0=4.78358e+06 m78=3.23065e+06 frac=0.324638 grounded=0x40800000 linTerm=8.33333e-06
spd=1065.641 ctrl=(-320627.1875,0.0000,-1913597.7500) accum=(41539.2812,0.0000,13782.5928) cMag=29392.1 fMag=81598.6 ld0=4.49355e+06 m78=3.1117e+06 frac=0.307518 grounded=0x40800000 linTerm=1.27157e-12
spd=1063.154 ctrl=(-291535.1562,0.0000,-1917141.3750) accum=(44816.9531,0.0000,12786.2510) cMag=29622.4 fMag=85788.9 ld0=4.69687e+06 m78=3.13994e+06 frac=0.331483 grounded=0x40800000 linTerm=8.33333e-06
spd=1075.569 ctrl=(-262719.7812,0.0000,-1925061.0000) accum=(45600.6602,0.0000,13031.9316) cMag=29980.3 fMag=88191.8 ld0=4.8123e+06 m78=3.23611e+06 frac=0.327533 grounded=0x40800000 linTerm=8.33333e-06
spd=1090.328 ctrl=(-263419.3125,0.0000,-1930186.7500) accum=(42022.5234,0.0000,14700.9521) cMag=29447.1 fMag=82394.6 ld0=4.52451e+06 m78=3.09344e+06 frac=0.316292 grounded=0x40800000 linTerm=1.27157e-12
spd=1087.712 ctrl=(-233432.8906,0.0000,-1932881.7500) accum=(44848.0898,0.0000,13971.0576) cMag=29664.3 fMag=86323.2 ld0=4.72286e+06 m78=3.14423e+06 frac=0.334253 grounded=0x40800000 linTerm=8.33333e-06
spd=1100.044 ctrl=(-203588.2812,0.0000,-1939944.5000) accum=(45640.9883,0.0000,14250.5254) cMag=30028 fMag=88771.5 ld0=4.84143e+06 m78=3.24267e+06 frac=0.330226 grounded=0x40800000 linTerm=8.33333e-06
spd=1114.823 ctrl=(-204132.9375,0.0000,-1945134.3750) accum=(42517.7539,0.0000,15677.4512) cMag=29506.3 fMag=83219 ld0=4.55671e+06 m78=3.07425e+06 frac=0.325336 grounded=0x40800000 linTerm=1.27157e-12
spd=1112.076 ctrl=(-173277.2500,0.0000,-1946905.6250) accum=(44828.8984,0.0000,15202.9668) cMag=29707 fMag=86855.4 ld0=4.74906e+06 m78=3.14923e+06 frac=0.336873 grounded=0x40800000 linTerm=8.33333e-06
spd=1124.320 ctrl=(-142426.6406,0.0000,-1953032.6250) accum=(45629.0977,0.0000,15517.5625) cMag=30076.3 fMag=89348 ld0=4.87087e+06 m78=3.24998e+06 frac=0.332774 grounded=0x40800000 linTerm=8.33333e-06
spd=1139.117 ctrl=(-142809.6406,0.0000,-1958282.7500) accum=(42835.9883,0.0000,16753.8203) cMag=29540 fMag=83941.6 ld0=4.58997e+06 m78=3.06208e+06 frac=0.332874 grounded=0x40800000 linTerm=1.27157e-12
spd=1136.234 ctrl=(-111114.4375,0.0000,-1959055.3750) accum=(44757.9922,0.0000,16479.5078) cMag=29750.2 fMag=87384.9 ld0=4.7754e+06 m78=3.15472e+06 frac=0.339382 grounded=0x40800000 linTerm=8.33333e-06
spd=1148.387 ctrl=(-79285.8359,0.0000,-1964165.2500) accum=(45563.0703,0.0000,16830.8242) cMag=30125.1 fMag=89921 ld0=4.90062e+06 m78=3.2579e+06 frac=0.335206 grounded=0x40800000 linTerm=8.33333e-06
spd=1163.199 ctrl=(-79500.0703,0.0000,-1969472.5000) accum=(42703.3164,0.0000,18002.6484) cMag=29583.5 fMag=84434 ld0=4.61396e+06 m78=3.06548e+06 frac=0.335609 grounded=0x40800000 linTerm=1.27157e-12
spd=1160.179 ctrl=(-47000.6797,0.0000,-1969170.5000) accum=(44633.0430,0.0000,17798.5117) cMag=29793.9 fMag=87911.7 ld0=4.8019e+06 m78=3.1606e+06 frac=0.341802 grounded=0x40800000 linTerm=8.33333e-06
spd=1172.238 ctrl=(-14227.8613,0.0000,-1973181.2500) accum=(45439.8945,0.0000,18187.9980) cMag=30174.3 fMag=90490.4 ld0=4.93067e+06 m78=3.2664e+06 frac=0.337536 grounded=0x40800000 linTerm=8.33333e-06
spd=1187.062 ctrl=(-14266.5059,0.0000,-1978540.6250) accum=(42517.2344,0.0000,19290.1680) cMag=29627.5 fMag=84923.6 ld0=4.63793e+06 m78=3.06902e+06 frac=0.338277 grounded=0x40800000 linTerm=1.27157e-12
spd=1183.902 ctrl=(18996.6348,0.0000,-1977089.5000) accum=(44450.9766,0.0000,19157.7988) cMag=29837.9 fMag=88435.6 ld0=4.82854e+06 m78=3.16685e+06 frac=0.34414 grounded=0x40800000 linTerm=8.33333e-06
spd=1195.863 ctrl=(52674.5234,0.0000,-1979919.5000) accum=(45256.2070,0.0000,19586.6699) cMag=30223.8 fMag=91056 ld0=4.96107e+06 m78=3.27546e+06 frac=0.339769 grounded=0x40800000 linTerm=8.33333e-06
spd=1210.697 ctrl=(52818.3672,0.0000,-1985326.2500) accum=(42274.7539,0.0000,20614.0918) cMag=29671.9 fMag=85410.3 ld0=4.66189e+06 m78=3.07271e+06 frac=0.340887 grounded=0x40800000 linTerm=1.27157e-12
spd=1207.394 ctrl=(86799.2031,0.0000,-1982650.0000) accum=(44208.4727,0.0000,20554.9316) cMag=29882.3 fMag=88956.6 ld0=4.85538e+06 m78=3.17348e+06 frac=0.3464 grounded=0x40800000 linTerm=8.33333e-06
spd=1219.253 ctrl=(121336.8906,0.0000,-1984217.8750) accum=(45008.5273,0.0000,21024.2656) cMag=30273.6 fMag=91617.7 ld0=4.99184e+06 m78=3.28509e+06 frac=0.341909 grounded=0x40800000 linTerm=8.33333e-06
spd=1234.095 ctrl=(121670.0391,0.0000,-1989665.8750) accum=(41972.7695,0.0000,21972.0586) cMag=29716.6 fMag=85894.1 ld0=4.68584e+06 m78=3.07652e+06 frac=0.343442 grounded=0x40800000 linTerm=1.27157e-12
spd=1230.648 ctrl=(156317.0312,0.0000,-1985690.2500) accum=(43902.0625,0.0000,21987.3887) cMag=29927.1 fMag=89474.6 ld0=4.88245e+06 m78=3.1805e+06 frac=0.348585 grounded=0x40800000 linTerm=8.33333e-06
spd=1242.402 ctrl=(191663.2344,0.0000,-1985915.2500) accum=(44693.3242,0.0000,22497.8027) cMag=30323.7 fMag=92175.5 ld0=5.02298e+06 m78=3.29528e+06 frac=0.34396 grounded=0x40800000 linTerm=8.33333e-06
spd=1257.248 ctrl=(192192.4688,0.0000,-1991399.0000) accum=(41608.0000,0.0000,23361.4180) cMag=29761.6 fMag=86375 ld0=4.70981e+06 m78=3.08048e+06 frac=0.345944 grounded=0x40800000 linTerm=1.27157e-12
spd=1253.654 ctrl=(227448.1406,0.0000,-1986050.2500) accum=(43528.1133,0.0000,23452.0371) cMag=29972.2 fMag=89989.4 ld0=4.90977e+06 m78=3.18796e+06 frac=0.350692 grounded=0x40800000 linTerm=8.33333e-06
spd=1265.300 ctrl=(263545.4375,0.0000,-1984852.7500) accum=(45763.8281,0.0000,24130.0371) cMag=30374 fMag=92729.2 ld0=5.05449e+06 m78=3.19695e+06 frac=0.367504 grounded=0x40800000 linTerm=8.33333e-06
spd=1280.146 ctrl=(264277.2500,0.0000,-1990364.6250) accum=(41156.0938,0.0000,24778.8516) cMag=29807.9 fMag=86854.2 ld0=4.73443e+06 m78=3.08655e+06 frac=0.348063 grounded=0x40800000 linTerm=1.27157e-12
spd=1276.402 ctrl=(300078.3438,0.0000,-1983571.6250) accum=(43066.6992,0.0000,24945.1992) cMag=30018.2 fMag=90502.1 ld0=4.93775e+06 m78=3.1973e+06 frac=0.352478 grounded=0x40800000 linTerm=8.33333e-06
spd=1287.938 ctrl=(336862.7500,0.0000,-1980872.5000) accum=(45319.1016,0.0000,25720.7188) cMag=30425.1 fMag=93280.2 ld0=5.08654e+06 m78=3.20678e+06 frac=0.369555 grounded=0x40800000 linTerm=8.33333e-06
spd=1302.783 ctrl=(337803.7812,0.0000,-1986406.1250) accum=(40644.3047,0.0000,26220.6094) cMag=29854 fMag=87329.8 ld0=4.75883e+06 m78=3.09192e+06 frac=0.350277 grounded=0x40800000 linTerm=1.27157e-12
spd=1298.889 ctrl=(374080.8125,0.0000,-1978098.8750) accum=(42538.4883,0.0000,26463.2363) cMag=30064.2 fMag=91011.1 ld0=4.96583e+06 m78=3.20643e+06 frac=0.3543 grounded=0x40800000 linTerm=8.33333e-06
spd=1310.310 ctrl=(411482.5000,0.0000,-1973822.5000) accum=(44814.9883,0.0000,27342.1191) cMag=30476.2 fMag=93826.5 ld0=5.11872e+06 m78=3.21545e+06 frac=0.371826 grounded=0x40800000 linTerm=8.33333e-06
spd=1325.153 ctrl=(412638.8750,0.0000,-1979369.5000) accum=(40064.7578,0.0000,27683.9102) cMag=29900.3 fMag=87802.1 ld0=4.78319e+06 m78=3.09706e+06 frac=0.352512 grounded=0x40800000 linTerm=1.27157e-12
spd=1321.106 ctrl=(449316.9688,0.0000,-1969481.2500) accum=(41936.4961,0.0000,28002.6816) cMag=30110.3 fMag=91516.5 ld0=4.99411e+06 m78=3.21569e+06 frac=0.356104 grounded=0x40800000 linTerm=8.33333e-06
spd=1332.410 ctrl=(487259.2188,0.0000,-1963553.6250) accum=(44243.8398,0.0000,28991.7090) cMag=30527.3 fMag=94368.3 ld0=5.15106e+06 m78=3.22325e+06 frac=0.374255 grounded=0x40800000 linTerm=8.33333e-06
spd=1347.249 ctrl=(488637.0312,0.0000,-1969106.0000) accum=(39411.7891,0.0000,29164.9590) cMag=29946.6 fMag=88271.1 ld0=4.80761e+06 m78=3.10224e+06 frac=0.354724 grounded=0x40800000 linTerm=1.27157e-12
spd=1343.046 ctrl=(525634.8125,0.0000,-1957571.8750) accum=(42700.9062,0.0000,29879.0898) cMag=30156.6 fMag=92018.4 ld0=5.02263e+06 m78=3.11464e+06 frac=0.379879 grounded=0x40800000 linTerm=8.33333e-06
spd=1354.227 ctrl=(564034.6875,0.0000,-1949922.2500) accum=(43575.6953,0.0000,30662.0312) cMag=30578.9 fMag=94907.4 ld0=5.18375e+06 m78=3.23228e+06 frac=0.376459 grounded=0x40800000 linTerm=8.33333e-06
spd=1369.058 ctrl=(565639.5625,0.0000,-1955470.5000) accum=(38664.6172,0.0000,30657.1211) cMag=29993.8 fMag=88738.1 ld0=4.83258e+06 m78=3.1091e+06 frac=0.356637 grounded=0x40800000 linTerm=1.27157e-12
spd=1364.699 ctrl=(602870.1250,0.0000,-1942230.7500) accum=(41939.6484,0.0000,31508.2070) cMag=30203.5 fMag=92517.6 ld0=5.0516e+06 m78=3.1235e+06 frac=0.38168 grounded=0x40800000 linTerm=8.33333e-06
spd=1375.759 ctrl=(641638.6875,0.0000,-1932792.3750) accum=(42838.2227,0.0000,32354.2031) cMag=30630.7 fMag=95441.4 ld0=5.21636e+06 m78=3.23995e+06 frac=0.378887 grounded=0x40800000 linTerm=8.33333e-06
spd=1390.580 ctrl=(643475.8125,0.0000,-1938326.3750) accum=(37843.9297,0.0000,32158.9922) cMag=30041 fMag=89201.3 ld0=4.85749e+06 m78=3.11553e+06 frac=0.358613 grounded=0x40800000 linTerm=1.27157e-12
spd=1386.063 ctrl=(680846.2500,0.0000,-1923324.8750) accum=(41107.5000,0.0000,33152.0547) cMag=30250.5 fMag=93012.7 ld0=5.08064e+06 m78=3.13129e+06 frac=0.383683 grounded=0x40800000 linTerm=8.33333e-06
spd=1396.998 ctrl=(719887.8125,0.0000,-1912034.5000) accum=(42021.4180,0.0000,34063.7812) cMag=30682.4 fMag=95970.4 ld0=5.24891e+06 m78=3.24673e+06 frac=0.381448 grounded=0x40800000 linTerm=8.33333e-06
spd=1411.808 ctrl=(909554.1875,0.0000,-2415791.5000) accum=(36943.0781,0.0000,33665.7383) cMag=30088.1 fMag=89660.9 ld0=4.88249e+06 m78=3.12192e+06 frac=0.360589 grounded=0x40800000 linTerm=1.27157e-12
spd=1407.131 ctrl=(956813.4375,0.0000,-2394923.0000) accum=(40197.4141,0.0000,34806.5234) cMag=30297.5 fMag=93503.9 ld0=5.10979e+06 m78=3.13829e+06 frac=0.385828 grounded=0x40800000 linTerm=8.33333e-06
spd=1422.103 ctrl=(1006562.1250,0.0000,-2378703.2500) accum=(40723.7969,0.0000,35727.8828) cMag=30802.9 fMag=96589.5 ld0=5.28339e+06 m78=3.2864e+06 frac=0.377976 grounded=0x40800000 linTerm=8.33333e-06
spd=1441.116 ctrl=(1009593.5000,0.0000,-2385867.0000) accum=(35510.0508,0.0000,35120.5664) cMag=30079.3 fMag=89582 ld0=4.87782e+06 m78=3.11918e+06 frac=0.360538 grounded=0x40800000 linTerm=1.27157e-12
spd=1436.262 ctrl=(1057071.7500,0.0000,-2362477.5000) accum=(38841.3125,0.0000,36424.3672) cMag=30304 fMag=93589.5 ld0=5.1148e+06 m78=3.13844e+06 frac=0.3864 grounded=0x40800000 linTerm=8.33333e-06
spd=1451.109 ctrl=(1107197.5000,0.0000,-2343584.7500) accum=(39465.4219,0.0000,37409.0547) cMag=30823.9 fMag=96830.1 ld0=5.29834e+06 m78=3.2882e+06 frac=0.379391 grounded=0x40800000 linTerm=8.33333e-06
spd=1470.149 ctrl=(1110542.6250,0.0000,-2350665.2500) accum=(34254.5859,0.0000,36586.1133) cMag=30103.8 fMag=89822 ld0=4.89085e+06 m78=3.12186e+06 frac=0.361693 grounded=0x40800000 linTerm=1.27157e-12
spd=1465.094 ctrl=(1158084.5000,0.0000,-2324669.0000) accum=(37622.3164,0.0000,38062.7344) cMag=30337 fMag=93939.2 ld0=5.13577e+06 m78=3.14265e+06 frac=0.388087 grounded=0x40800000 linTerm=8.33333e-06
spd=1479.787 ctrl=(1208424.6250,0.0000,-2303008.5000) accum=(38300.9609,0.0000,39119.9102) cMag=30868 fMag=97285.8 ld0=5.32674e+06 m78=3.29299e+06 frac=0.381799 grounded=0x40800000 linTerm=8.33333e-06
spd=1498.828 ctrl=(1212099.8750,0.0000,-2310012.5000) accum=(33051.4844,0.0000,38064.4766) cMag=30146.8 fMag=90236.9 ld0=4.91382e+06 m78=3.12765e+06 frac=0.363499 grounded=0x40800000 linTerm=1.27157e-12
spd=1493.559 ctrl=(1259537.5000,0.0000,-2281332.7500) accum=(36434.3359,0.0000,39723.5117) cMag=30384.7 fMag=94433.2 ld0=5.16569e+06 m78=3.14867e+06 frac=0.390465 grounded=0x40800000 linTerm=8.33333e-06
spd=1508.079 ctrl=(1309495.1250,0.0000,-2257095.2500) accum=(37083.2305,0.0000,40832.6758) cMag=30916.5 fMag=97790 ld0=5.35831e+06 m78=3.29832e+06 frac=0.384447 grounded=0x40800000 linTerm=8.33333e-06
spd=1527.113 ctrl=(1313512.5000,0.0000,-2264019.7500) accum=(31791.4551,0.0000,39533.0742) cMag=30194.4 fMag=90692.2 ld0=4.93942e+06 m78=3.13447e+06 frac=0.365417 grounded=0x40800000 linTerm=1.27157e-12
spd=1521.623 ctrl=(1359843.2500,0.0000,-2233163.7500) accum=(35075.2773,0.0000,41333.9219) cMag=30420.6 fMag=94825.3 ld0=5.18962e+06 m78=3.15321e+06 frac=0.392402 grounded=0x40800000 linTerm=8.33333e-06
spd=1535.976 ctrl=(1408843.6250,0.0000,-2206667.2500) accum=(35647.1836,0.0000,42469.1406) cMag=30947.2 fMag=98136.2 ld0=5.3801e+06 m78=3.3015e+06 frac=0.386351 grounded=0x40800000 linTerm=8.33333e-06
spd=1555.019 ctrl=(1413198.1250,0.0000,-2213487.7500) accum=(31618.3477,0.0000,41660.1719) cMag=30228.9 fMag=91018.9 ld0=4.958e+06 m78=3.03052e+06 frac=0.388761 grounded=0x40800000 linTerm=1.27157e-12
spd=1549.316 ctrl=(1458285.2500,0.0000,-2180522.2500) accum=(33546.1445,0.0000,42868.8125) cMag=30445.1 fMag=95104.8 ld0=5.20676e+06 m78=3.15617e+06 frac=0.393834 grounded=0x40800000 linTerm=8.33333e-06
spd=1563.513 ctrl=(1506224.6250,0.0000,-2151805.0000) accum=(34055.2812,0.0000,44027.7852) cMag=30967.8 fMag=98388.4 ld0=5.39604e+06 m78=3.30343e+06 frac=0.387806 grounded=0x40800000 linTerm=8.33333e-06
spd=1582.572 ctrl=(1510907.6250,0.0000,-2158494.7500) accum=(30040.0117,0.0000,43045.4922) cMag=30255.3 fMag=91268.2 ld0=4.97229e+06 m78=3.03327e+06 frac=0.389966 grounded=0x40800000 linTerm=1.27157e-12
spd=1576.661 ctrl=(1554653.6250,0.0000,-2123470.7500) accum=(31893.0957,0.0000,44327.3086) cMag=30463.3 fMag=95320 ld0=5.22001e+06 m78=3.1583e+06 frac=0.394962 grounded=0x40800000 linTerm=8.33333e-06
spd=1590.706 ctrl=(1601430.0000,0.0000,-2092575.5000) accum=(32347.1426,0.0000,45508.6055) cMag=30982.9 fMag=98586.6 ld0=5.40862e+06 m78=3.3047e+06 frac=0.388994 grounded=0x40800000 linTerm=8.33333e-06
spd=1609.787 ctrl=(1606434.0000,0.0000,-2099114.2500) accum=(28364.7070,0.0000,44357.6562) cMag=30277 fMag=91472.7 ld0=4.98409e+06 m78=3.0353e+06 frac=0.391002 grounded=0x40800000 linTerm=1.27157e-12
spd=1603.670 ctrl=(1648742.6250,0.0000,-2062086.1250) accum=(30143.7617,0.0000,45708.8633) cMag=30477.7 fMag=95497.9 ld0=5.23099e+06 m78=3.15999e+06 frac=0.395909 grounded=0x40800000 linTerm=8.33333e-06
spd=1617.564 ctrl=(1694254.5000,0.0000,-2029060.0000) accum=(30546.5625,0.0000,46911.0391) cMag=30994.5 fMag=98753.1 ld0=5.41921e+06 m78=3.30559e+06 frac=0.390024 grounded=0x40800000 linTerm=8.33333e-06
spd=1636.670 ctrl=(1699572.2500,0.0000,-2035428.5000) accum=(26610.6445,0.0000,45595.8047) cMag=30295.9 fMag=91650.6 ld0=4.99441e+06 m78=3.03693e+06 frac=0.391935 grounded=0x40800000 linTerm=1.27157e-12
spd=1630.348 ctrl=(1740351.3750,0.0000,-1996457.6250) accum=(28315.1621,0.0000,47012.5586) cMag=30490 fMag=95653.7 ld0=5.24062e+06 m78=3.16144e+06 frac=0.396743 grounded=0x40800000 linTerm=8.33333e-06
spd=1644.094 ctrl=(1784500.5000,0.0000,-1961353.8750) accum=(28668.4414,0.0000,48234.1094) cMag=31004.1 fMag=98900.3 ld0=5.4286e+06 m78=3.30627e+06 frac=0.390955 grounded=0x40800000 linTerm=8.33333e-06
spd=1663.225 ctrl=(1790124.3750,0.0000,-1967535.0000) accum=(24789.6055,0.0000,46758.5664) cMag=30313.2 fMag=91812.1 ld0=5.00383e+06 m78=3.0383e+06 frac=0.392805 grounded=0x40800000 linTerm=1.27157e-12
spd=1656.698 ctrl=(1829282.2500,0.0000,-1926685.2500) accum=(26418.3867,0.0000,48237.1914) cMag=30500.9 fMag=95795.8 ld0=5.24943e+06 m78=3.16274e+06 frac=0.397508 grounded=0x40800000 linTerm=8.33333e-06
spd=1670.295 ctrl=(1871972.7500,0.0000,-1889561.6250) accum=(26722.6777,0.0000,49476.5195) cMag=31012.4 fMag=99035.4 ld0=5.43724e+06 m78=3.3068e+06 frac=0.391824 grounded=0x40800000 linTerm=8.33333e-06
spd=1689.453 ctrl=(1877895.8750,0.0000,-1895540.5000) accum=(22909.6523,0.0000,47844.4492) cMag=30329.4 fMag=91963 ld0=5.01268e+06 m78=3.03952e+06 frac=0.393635 grounded=0x40800000 linTerm=1.27157e-12
spd=1682.720 ctrl=(1915344.7500,0.0000,-1852880.5000) accum=(24461.2383,0.0000,49381.3555) cMag=30511.1 fMag=95929.3 ld0=5.25772e+06 m78=3.16394e+06 frac=0.39823 grounded=0x40800000 linTerm=8.33333e-06
spd=1696.167 ctrl=(1956482.6250,0.0000,-1813799.5000) accum=(24716.3477,0.0000,50636.5859) cMag=31019.9 fMag=99162.5 ld0=5.44538e+06 m78=3.30723e+06 frac=0.392654 grounded=0x40800000 linTerm=8.33333e-06
spd=1715.352 ctrl=(1962696.6250,0.0000,-1819560.2500) accum=(20976.7852,0.0000,48851.8906) cMag=30344.9 fMag=92106.9 ld0=5.02115e+06 m78=3.04061e+06 frac=0.39444 grounded=0x40800000 linTerm=1.27157e-12
spd=1708.414 ctrl=(1998351.6250,0.0000,-1775163.2500) accum=(22449.6035,0.0000,50443.1445) cMag=30520.8 fMag=96056.9 ld0=5.26565e+06 m78=3.16507e+06 frac=0.398921 grounded=0x40800000 linTerm=8.33333e-06
spd=1721.711 ctrl=(2037846.1250,0.0000,-1734191.6250) accum=(22655.0840,0.0000,51712.4102) cMag=31026.8 fMag=99283.9 ld0=5.45318e+06 m78=3.30759e+06 frac=0.393456 grounded=0x40800000 linTerm=8.33333e-06
spd=1740.922 ctrl=(2044342.6250,0.0000,-1739720.1250) accum=(18995.8789,0.0000,49779.0039) cMag=30359.8 fMag=92245.4 ld0=5.02935e+06 m78=3.04162e+06 frac=0.395227 grounded=0x40800000 linTerm=1.27157e-12
spd=1733.779 ctrl=(2078123.0000,0.0000,-1693664.1250) accum=(20388.3926,0.0000,51420.6680) cMag=30530 fMag=96180.1 ld0=5.27332e+06 m78=3.16616e+06 frac=0.39959 grounded=0x40800000 linTerm=8.33333e-06
spd=1746.925 ctrl=(2115886.0000,0.0000,-1650872.5000) accum=(20543.6113,0.0000,52702.0547) cMag=31033.4 fMag=99401 ld0=5.4607e+06 m78=3.30789e+06 frac=0.394237 grounded=0x40800000 linTerm=8.33333e-06
spd=1766.162 ctrl=(2122655.5000,0.0000,-1656154.2500) accum=(16971.2793,0.0000,50624.0234) cMag=30374.4 fMag=92380 ld0=5.03734e+06 m78=3.04254e+06 frac=0.396002 grounded=0x40800000 linTerm=1.27157e-12
spd=1758.814 ctrl=(2154482.7500,0.0000,-1608520.7500) accum=(18281.9551,0.0000,52312.1680) cMag=30539 fMag=96300 ld0=5.2808e+06 m78=3.16719e+06 frac=0.400243 grounded=0x40800000 linTerm=8.33333e-06
spd=1771.808 ctrl=(2190429.7500,0.0000,-1563984.7500) accum=(18386.2461,0.0000,53603.5508) cMag=31039.6 fMag=99514.6 ld0=5.46801e+06 m78=3.30814e+06 frac=0.395002 grounded=0x40800000 linTerm=8.33333e-06
spd=1791.071 ctrl=(2197462.0000,0.0000,-1569005.7500) accum=(14906.7969,0.0000,51385.2109) cMag=30388.7 fMag=92511.2 ld0=5.04515e+06 m78=3.0434e+06 frac=0.396767 grounded=0x40800000 linTerm=1.27157e-12
spd=1783.517 ctrl=(2227262.0000,0.0000,-1519879.3750) accum=(16134.4258,0.0000,53115.7812) cMag=30547.8 fMag=96417 ld0=5.28811e+06 m78=3.16819e+06 frac=0.400883 grounded=0x40800000 linTerm=8.33333e-06
spd=1796.359 ctrl=(2261311.2500,0.0000,-1473678.0000) accum=(16187.1582,0.0000,54415.1367) cMag=31045.6 fMag=99625.3 ld0=5.47514e+06 m78=3.30833e+06 frac=0.395754 grounded=0x40800000 linTerm=8.33333e-06
spd=1815.647 ctrl=(2268596.5000,0.0000,-1478426.0000) accum=(12806.4053,0.0000,52060.7500) cMag=30402.6 fMag=92639.3 ld0=5.05282e+06 m78=3.04421e+06 frac=0.397523 grounded=0x40800000 linTerm=1.27157e-12
spd=1807.888 ctrl=(2296298.7500,0.0000,-1427895.0000) accum=(13949.7822,0.0000,53829.8477) cMag=30556.4 fMag=96531.7 ld0=5.29527e+06 m78=3.16916e+06 frac=0.401511 grounded=0x40800000 linTerm=8.33333e-06
spd=1820.576 ctrl=(2328372.2500,0.0000,-1380111.1250) accum=(13950.4316,0.0000,55134.8672) cMag=31051.3 fMag=99733.2 ld0=5.4821e+06 m78=3.30848e+06 frac=0.396494 grounded=0x40800000 linTerm=8.33333e-06
spd=1839.889 ctrl=(2335899.7500,0.0000,-1384572.8750) accum=(10673.8506,0.0000,52649.1172) cMag=30416.3 fMag=92764.9 ld0=5.06035e+06 m78=3.04495e+06 frac=0.398273 grounded=0x40800000 linTerm=1.27157e-12
spd=1831.925 ctrl=(2361437.2500,0.0000,-1332729.3750) accum=(11732.0137,0.0000,54452.7109) cMag=30564.8 fMag=96644.2 ld0=5.30231e+06 m78=3.1701e+06 frac=0.40213 grounded=0x40800000 linTerm=8.33333e-06
spd=1844.459 ctrl=(2391462.0000,0.0000,-1283450.3750) accum=(11680.0889,0.0000,55761.1367) cMag=31056.9 fMag=99838.8 ld0=5.48892e+06 m78=3.3086e+06 frac=0.397223 grounded=0x40800000 linTerm=8.33333e-06
spd=1863.796 ctrl=(2399219.0000,0.0000,-1287613.5000) accum=(8512.9082,0.0000,53148.8008) cMag=30429.8 fMag=92888.1 ld0=5.06777e+06 m78=3.04565e+06 frac=0.399015 grounded=0x40800000 linTerm=1.27157e-12
spd=1855.627 ctrl=(2422529.7500,0.0000,-1234552.8750) accum=(9485.0283,0.0000,54982.8281) cMag=30573.2 fMag=96754.6 ld0=5.30923e+06 m78=3.171e+06 frac=0.402738 grounded=0x40800000 linTerm=8.33333e-06
spd=1868.008 ctrl=(2450435.0000,0.0000,-1183868.2500) accum=(9380.2139,0.0000,56292.3984) cMag=31062.2 fMag=99942.1 ld0=5.4956e+06 m78=3.30867e+06 frac=0.397942 grounded=0x40800000 linTerm=8.33333e-06
spd=1887.368 ctrl=(2458410.2500,0.0000,-1187721.3750) accum=(6327.3989,0.0000,53558.3906) cMag=30443 fMag=93008.8 ld0=5.07506e+06 m78=3.04631e+06 frac=0.399749 grounded=0x40800000 linTerm=1.27157e-12
spd=1878.995 ctrl=(2479435.5000,0.0000,-1133541.1250) accum=(7212.8984,0.0000,55418.9570) cMag=30581.4 fMag=96863.1 ld0=5.31604e+06 m78=3.17188e+06 frac=0.403338 grounded=0x40800000 linTerm=8.33333e-06
spd=1891.221 ctrl=(2505155.5000,0.0000,-1081545.2500) accum=(7054.9365,0.0000,56727.3398) cMag=31067.4 fMag=100043 ld0=5.50214e+06 m78=3.3087e+06 frac=0.398652 grounded=0x40800000 linTerm=8.33333e-06
spd=1910.605 ctrl=(2513335.7500,0.0000,-1085076.7500) accum=(4121.1655,0.0000,53876.8477) cMag=30456.1 fMag=93127.4 ld0=5.08224e+06 m78=3.04691e+06 frac=0.400478 grounded=0x40800000 linTerm=1.27157e-12
spd=1902.028 ctrl=(2532022.5000,0.0000,-1029877.6250) accum=(4919.6680,0.0000,55759.8203) cMag=30589.4 fMag=96969.8 ld0=5.32273e+06 m78=3.17273e+06 frac=0.403929 grounded=0x40800000 linTerm=8.33333e-06
spd=1914.100 ctrl=(2555495.5000,0.0000,-976666.9375) accum=(4708.2510,0.0000,57064.8359) cMag=31072.5 fMag=100142 ld0=5.50856e+06 m78=3.3087e+06 frac=0.399352 grounded=0x40800000 linTerm=8.33333e-06
spd=1933.506 ctrl=(2563866.7500,0.0000,-979866.2500) accum=(1898.1036,0.0000,54102.9688) cMag=30469 fMag=93243.9 ld0=5.0893e+06 m78=3.04748e+06 frac=0.401199 grounded=0x40800000 linTerm=1.27157e-12
spd=1924.725 ctrl=(2580166.2500,0.0000,-923752.4375) accum=(2609.3188,0.0000,56004.4609) cMag=30597.4 fMag=97074.6 ld0=5.32932e+06 m78=3.17355e+06 frac=0.404511 grounded=0x40800000 linTerm=8.33333e-06
spd=1936.643 ctrl=(2601335.2500,0.0000,-869426.0000) accum=(2344.5706,0.0000,57303.7070) cMag=31077.4 fMag=100239 ld0=5.51485e+06 m78=3.30867e+06 frac=0.400044 grounded=0x40800000 linTerm=8.33333e-06
spd=1956.071 ctrl=(2609883.5000,0.0000,-872283.1250) accum=(-337.7740,0.0000,54235.9336) cMag=30481.6 fMag=93358.2 ld0=5.09627e+06 m78=3.04802e+06 frac=0.401912 grounded=0x40800000 linTerm=1.27157e-12
spd=1947.088 ctrl=(2623750.7500,0.0000,-815359.9375) accum=(286.0779,0.0000,56152.0312) cMag=30605.2 fMag=97177.8 ld0=5.33581e+06 m78=3.17435e+06 frac=0.405086 grounded=0x40800000 linTerm=8.33333e-06
spd=1958.850 ctrl=(2642563.0000,0.0000,-760020.4375) accum=(-31.9990,0.0000,57443.2109) cMag=31082.1 fMag=100335 ld0=5.52103e+06 m78=3.30861e+06 frac=0.400726 grounded=0x40800000 linTerm=8.33333e-06
spd=1978.300 ctrl=(2651273.7500,0.0000,-762525.7500) accum=(-2582.5767,0.0000,54275.1602) cMag=30494.1 fMag=93470.7 ld0=5.10312e+06 m78=3.04851e+06 frac=0.402619 grounded=0x40800000 linTerm=1.27157e-12
spd=1969.115 ctrl=(2662669.7500,0.0000,-704901.1250) accum=(-2045.8440,0.0000,56201.9180) cMag=30613 fMag=97279.3 ld0=5.3422e+06 m78=3.17512e+06 frac=0.405652 grounded=0x40800000 linTerm=8.33333e-06
spd=1980.723 ctrl=(2679076.5000,0.0000,-648653.0000) accum=(-2417.1912,0.0000,57482.7266) cMag=31086.8 fMag=100428 ld0=5.5271e+06 m78=3.30852e+06 frac=0.401401 grounded=0x40800000 linTerm=8.33333e-06
spd=2000.194 ctrl=(2687935.0000,0.0000,-650797.8125) accum=(-4832.1743,0.0000,54219.9336) cMag=30506.4 fMag=93581.2 ld0=5.10988e+06 m78=3.04897e+06 frac=0.403318 grounded=0x40800000 linTerm=1.27157e-12
spd=1990.807 ctrl=(2696825.0000,0.0000,-592581.8125) accum=(-4382.4175,0.0000,56153.5508) cMag=30620.6 fMag=97379.1 ld0=5.34848e+06 m78=3.17588e+06 frac=0.40621 grounded=0x40800000 linTerm=8.33333e-06
spd=2002.262 ctrl=(2710783.2500,0.0000,-535532.1875) accum=(-4806.6226,0.0000,57421.6016) cMag=31091.3 fMag=100520 ld0=5.53305e+06 m78=3.3084e+06 frac=0.402066 grounded=0x40800000 linTerm=8.33333e-06
spd=2021.752 ctrl=(2719774.5000,0.0000,-537308.4375) accum=(-7082.5518,0.0000,54069.9180) cMag=30518.5 fMag=93689.8 ld0=5.11653e+06 m78=3.04941e+06 frac=0.404009 grounded=0x40800000 linTerm=1.27157e-12
spd=2012.166 ctrl=(2726129.0000,0.0000,-478612.3125) accum=(-6719.3091,0.0000,56006.6641) cMag=30628.2 fMag=97477.4 ld0=5.35468e+06 m78=3.17661e+06 frac=0.40676 grounded=0x40800000 linTerm=8.33333e-06
spd=2023.466 ctrl=(2737600.5000,0.0000,-420870.1875) accum=(-7196.0532,0.0000,57259.6914) cMag=31095.7 fMag=100609 ld0=5.5389e+06 m78=3.30826e+06 frac=0.402723 grounded=0x40800000 linTerm=8.33333e-06
spd=2042.977 ctrl=(2746707.5000,0.0000,-422270.2500) accum=(-9329.7441,0.0000,53825.0898) cMag=30530.4 fMag=93796.6 ld0=5.12309e+06 m78=3.04981e+06 frac=0.404693 grounded=0x40800000 linTerm=1.27157e-12
spd=2033.192 ctrl=(2750501.7500,0.0000,-363207.0312) accum=(-9052.3438,0.0000,55761.1133) cMag=30635.6 fMag=97574.1 ld0=5.36078e+06 m78=3.17732e+06 frac=0.407303 grounded=0x40800000 linTerm=8.33333e-06
spd=2044.339 ctrl=(2759453.7500,0.0000,-304883.3125) accum=(-9581.1191,0.0000,56996.8828) cMag=31100 fMag=100698 ld0=5.54465e+06 m78=3.30809e+06 frac=0.403372 grounded=0x40800000 linTerm=8.33333e-06
spd=2063.869 ctrl=(2768660.2500,0.0000,-305900.4375) accum=(-11569.5361,0.0000,53485.2656) cMag=30542.2 fMag=93901.5 ld0=5.12955e+06 m78=3.05019e+06 frac=0.405369 grounded=0x40800000 linTerm=1.27157e-12
spd=2053.886 ctrl=(2769875.2500,0.0000,-246584.0625) accum=(-11377.2793,0.0000,55417.0625) cMag=30643 fMag=97669.3 ld0=5.36679e+06 m78=3.17801e+06 frac=0.407838 grounded=0x40800000 linTerm=8.33333e-06
spd=2064.880 ctrl=(2776278.7500,0.0000,-187791.0938) accum=(-11957.5215,0.0000,56633.2461) cMag=31104.2 fMag=100784 ld0=5.55029e+06 m78=3.3079e+06 frac=0.404014 grounded=0x40800000 linTerm=8.33333e-06
spd=2084.429 ctrl=(2785568.0000,0.0000,-188419.4375) accum=(-13797.8428,0.0000,53050.6875) cMag=30553.8 fMag=94004.8 ld0=5.13591e+06 m78=3.05054e+06 frac=0.406037 grounded=0x40800000 linTerm=1.27157e-12
spd=2074.249 ctrl=(2784189.5000,0.0000,-128964.8516) accum=(-13689.8438,0.0000,54974.6406) cMag=30650.3 fMag=97763 ld0=5.37271e+06 m78=3.17868e+06 frac=0.408365 grounded=0x40800000 linTerm=8.33333e-06
spd=2085.090 ctrl=(2788021.0000,0.0000,-69816.3125) accum=(-14320.8398,0.0000,56168.9570) cMag=31108.3 fMag=100869 ld0=5.55583e+06 m78=3.30768e+06 frac=0.404646 grounded=0x40800000 linTerm=8.33333e-06
spd=2104.658 ctrl=(2797377.0000,0.0000,-70050.5938) accum=(-16010.6475,0.0000,52521.6875) cMag=30565.2 fMag=94106.3 ld0=5.14218e+06 m78=3.05087e+06 frac=0.406697 grounded=0x40800000 linTerm=1.27157e-12
spd=2094.283 ctrl=(2793395.7500,0.0000,-10573.7832) accum=(-15985.8203,0.0000,54434.2812) cMag=30657.5 fMag=97855.3 ld0=5.37854e+06 m78=3.17933e+06 frac=0.408885 grounded=0x40800000 linTerm=8.33333e-06
spd=2104.972 ctrl=(2794638.5000,0.0000,48815.6250) accum=(-16666.8496,0.0000,55604.5664) cMag=31112.4 fMag=100953 ld0=5.56127e+06 m78=3.30745e+06 frac=0.405271 grounded=0x40800000 linTerm=8.33333e-06
spd=2124.557 ctrl=(2804042.0000,0.0000,48979.8828) accum=(-18203.8945,0.0000,51898.8398) cMag=30576.5 fMag=94206.1 ld0=5.14835e+06 m78=3.05117e+06 frac=0.40735 grounded=0x40800000 linTerm=1.27157e-12
spd=2113.989 ctrl=(2797455.0000,0.0000,108362.7969) accum=(-18261.0410,0.0000,53796.6172) cMag=30664.6 fMag=97946.1 ld0=5.38428e+06 m78=3.17997e+06 frac=0.409398 grounded=0x40800000 linTerm=8.33333e-06
spd=2124.526 ctrl=(2796095.2500,0.0000,167877.2188) accum=(-18991.0977,0.0000,54940.7109) cMag=31116.3 fMag=101035 ld0=5.56662e+06 m78=3.3072e+06 frac=0.405888 grounded=0x40800000 linTerm=8.33333e-06
spd=2144.129 ctrl=(2805530.2500,0.0000,168443.7031) accum=(-20373.4160,0.0000,51182.7969) cMag=30587.5 fMag=94304.3 ld0=5.15443e+06 m78=3.05146e+06 frac=0.407994 grounded=0x40800000 linTerm=1.27157e-12
spd=2133.368 ctrl=(2796338.7500,0.0000,227616.4531) accum=(-20511.2988,0.0000,53062.5000) cMag=30671.6 fMag=98035.5 ld0=5.38993e+06 m78=3.18058e+06 frac=0.409903 grounded=0x40800000 linTerm=8.33333e-06
spd=2143.755 ctrl=(2792369.0000,0.0000,287139.7812) accum=(-21289.4238,0.0000,54178.1680) cMag=31120.1 fMag=101115 ld0=5.57188e+06 m78=3.30693e+06 frac=0.406497 grounded=0x40800000 linTerm=8.33333e-06
spd=2163.375 ctrl=(2801817.0000,0.0000,288111.3125) accum=(-22515.2891,0.0000,50374.4922) cMag=30598.5 fMag=94400.9 ld0=5.16043e+06 m78=3.05172e+06 frac=0.40863 grounded=0x40800000 linTerm=1.27157e-12
spd=2152.423 ctrl=(2790028.0000,0.0000,346957.2812) accum=(-22732.3770,0.0000,52232.8516) cMag=30678.5 fMag=98123.5 ld0=5.3955e+06 m78=3.18118e+06 frac=0.410402 grounded=0x40800000 linTerm=8.33333e-06
spd=2162.660 ctrl=(2783446.0000,0.0000,406372.9688) accum=(-23557.4668,0.0000,53318.0195) cMag=31123.9 fMag=101194 ld0=5.57705e+06 m78=3.30664e+06 frac=0.407098 grounded=0x40800000 linTerm=8.33333e-06
spd=2182.297 ctrl=(2792889.5000,0.0000,407751.6875) accum=(-24625.4121,0.0000,49474.9414) cMag=30609.2 fMag=94495.9 ld0=5.16633e+06 m78=3.05197e+06 frac=0.409258 grounded=0x40800000 linTerm=1.27157e-12
spd=2171.156 ctrl=(2778515.5000,0.0000,466154.9375) accum=(-24920.3125,0.0000,51308.8164) cMag=30685.4 fMag=98210.2 ld0=5.40099e+06 m78=3.18176e+06 frac=0.410892 grounded=0x40800000 linTerm=8.33333e-06
spd=2181.245 ctrl=(2769325.0000,0.0000,525346.1875) accum=(-25791.0918,0.0000,52361.3984) cMag=31127.6 fMag=101272 ld0=5.58212e+06 m78=3.30634e+06 frac=0.407691 grounded=0x40800000 linTerm=8.33333e-06
spd=2200.897 ctrl=(2778745.2500,0.0000,527133.2500) accum=(-26699.9141,0.0000,48485.4062) cMag=30619.9 fMag=94589.4 ld0=5.17214e+06 m78=3.0522e+06 frac=0.409877 grounded=0x40800000 linTerm=1.27157e-12
spd=2189.569 ctrl=(2761804.5000,0.0000,584978.2500) accum=(-27070.7891,0.0000,50291.7031) cMag=30692.2 fMag=98295.4 ld0=5.40639e+06 m78=3.18234e+06 frac=0.411376 grounded=0x40800000 linTerm=8.33333e-06
spd=2199.510 ctrl=(2750013.0000,0.0000,643828.5625) accum=(-27986.1230,0.0000,51309.7344) cMag=31131.2 fMag=101348 ld0=5.58711e+06 m78=3.30603e+06 frac=0.408276 grounded=0x40800000 linTerm=8.33333e-06
spd=2219.178 ctrl=(2759391.5000,0.0000,646024.2500) accum=(-28734.8652,0.0000,47407.3164) cMag=30630.3 fMag=94681.3 ld0=5.17786e+06 m78=3.05241e+06 frac=0.410489 grounded=0x40800000 linTerm=1.27157e-12
spd=2207.663 ctrl=(2739906.0000,0.0000,703196.1875) accum=(-29180.0527,0.0000,49183.1172) cMag=30698.9 fMag=98379.4 ld0=5.41172e+06 m78=3.18289e+06 frac=0.411853 grounded=0x40800000 linTerm=8.33333e-06
spd=2217.458 ctrl=(2725528.0000,0.0000,761589.5000) accum=(-30138.4707,0.0000,50164.6172) cMag=31134.8 fMag=101423 ld0=5.59202e+06 m78=3.3057e+06 frac=0.408854 grounded=0x40800000 linTerm=8.33333e-06
spd=2237.141 ctrl=(2734846.0000,0.0000,764193.1875) accum=(-30726.4395,0.0000,46242.2422) cMag=30640.7 fMag=94771.7 ld0=5.1835e+06 m78=3.0526e+06 frac=0.411092 grounded=0x40800000 linTerm=1.27157e-12
spd=2225.442 ctrl=(2712844.5000,0.0000,820578.3125) accum=(-31243.9160,0.0000,47984.6836) cMag=30705.5 fMag=98462.1 ld0=5.41696e+06 m78=3.18342e+06 frac=0.412322 grounded=0x40800000 linTerm=8.33333e-06
spd=2235.091 ctrl=(2695899.0000,0.0000,878399.1875) accum=(-32243.9766,0.0000,48927.7695) cMag=31138.2 fMag=101496 ld0=5.59684e+06 m78=3.30536e+06 frac=0.409423 grounded=0x40800000 linTerm=8.33333e-06
spd=2254.789 ctrl=(2705139.7500,0.0000,881410.0000) accum=(-32670.7559,0.0000,44991.9570) cMag=30650.8 fMag=94860.6 ld0=5.18905e+06 m78=3.05279e+06 frac=0.411687 grounded=0x40800000 linTerm=1.27157e-12
spd=2242.907 ctrl=(2680654.2500,0.0000,936895.5625) accum=(-33258.6797,0.0000,46698.2969) cMag=30712.1 fMag=98543.4 ld0=5.42212e+06 m78=3.18395e+06 frac=0.412786 grounded=0x40800000 linTerm=8.33333e-06
spd=2252.411 ctrl=(2661164.5000,0.0000,994028.8750) accum=(-34298.8008,0.0000,47601.1172) cMag=31141.7 fMag=101569 ld0=5.60157e+06 m78=3.30501e+06 frac=0.409986 grounded=0x40800000 linTerm=8.33333e-06
spd=2272.124 ctrl=(2670308.7500,0.0000,997444.5625) accum=(-34564.1914,0.0000,43658.3555) cMag=30660.8 fMag=94948.1 ld0=5.19452e+06 m78=3.05295e+06 frac=0.412274 grounded=0x40800000 linTerm=1.27157e-12
spd=2260.062 ctrl=(2643379.0000,0.0000,1051919.7500) accum=(-35220.4336,0.0000,45325.9531) cMag=30718.6 fMag=98623.5 ld0=5.4272e+06 m78=3.18446e+06 frac=0.413241 grounded=0x40800000 linTerm=8.33333e-06
spd=2269.422 ctrl=(2621375.2500,0.0000,1108252.6250) accum=(-36298.9492,0.0000,46186.7461) cMag=31145 fMag=101640 ld0=5.60623e+06 m78=3.30465e+06 frac=0.41054 grounded=0x40800000 linTerm=8.33333e-06
spd=2289.149 ctrl=(2630403.7500,0.0000,1112069.6250) accum=(-36403.1094,0.0000,42243.5547) cMag=30670.7 fMag=95034.1 ld0=5.1999e+06 m78=3.05311e+06 frac=0.412852 grounded=0x40800000 linTerm=1.27157e-12
spd=2276.908 ctrl=(2601072.7500,0.0000,1165425.3750) accum=(-37125.4531,0.0000,43869.8672) cMag=30725 fMag=98702.4 ld0=5.4322e+06 m78=3.18495e+06 frac=0.413691 grounded=0x40800000 linTerm=8.33333e-06
spd=2286.127 ctrl=(2576590.0000,0.0000,1220845.3750) accum=(-38240.6953,0.0000,44686.9297) cMag=31148.3 fMag=101709 ld0=5.61081e+06 m78=3.30428e+06 frac=0.411087 grounded=0x40800000 linTerm=8.33333e-06
spd=2305.867 ctrl=(2585486.2500,0.0000,1225060.6250) accum=(-38183.8203,0.0000,40749.7969) cMag=30680.4 fMag=95118.7 ld0=5.2052e+06 m78=3.05326e+06 frac=0.413422 grounded=0x40800000 linTerm=1.27157e-12
spd=2293.450 ctrl=(2553801.2500,0.0000,1277188.8750) accum=(-38970.1250,0.0000,42332.4102) cMag=30731.3 fMag=98779.9 ld0=5.43713e+06 m78=3.18544e+06 frac=0.414133 grounded=0x40800000 linTerm=8.33333e-06
spd=2302.528 ctrl=(2526878.5000,0.0000,1331585.5000) accum=(-40120.3672,0.0000,43104.1133) cMag=31151.6 fMag=101778 ld0=5.6153e+06 m78=3.3039e+06 frac=0.411626 grounded=0x40800000 linTerm=8.33333e-06
spd=2322.281 ctrl=(2535623.2500,0.0000,1336193.7500) accum=(-39903.0898,0.0000,39179.4727) cMag=30690 fMag=95201.9 ld0=5.21041e+06 m78=3.05339e+06 frac=0.413983 grounded=0x40800000 linTerm=1.27157e-12
spd=2309.689 ctrl=(2501639.0000,0.0000,1386990.2500) accum=(-40750.8984,0.0000,40716.1055) cMag=30737.5 fMag=98856.3 ld0=5.44198e+06 m78=3.18591e+06 frac=0.414568 grounded=0x40800000 linTerm=8.33333e-06
spd=2318.627 ctrl=(2472320.5000,0.0000,1440254.5000) accum=(-41934.2227,0.0000,41440.8906) cMag=31154.7 fMag=101845 ld0=5.61972e+06 m78=3.30351e+06 frac=0.412158 grounded=0x40800000 linTerm=8.33333e-06
spd=2338.394 ctrl=(2480896.5000,0.0000,1445250.3750) accum=(-41557.4102,0.0000,37535.1758) cMag=30699.5 fMag=95283.7 ld0=5.21554e+06 m78=3.05351e+06 frac=0.414537 grounded=0x40800000 linTerm=1.27157e-12
spd=2325.629 ctrl=(2444669.2500,0.0000,1494611.6250) accum=(-42464.4766,0.0000,39023.5938) cMag=30743.7 fMag=98931.4 ld0=5.44675e+06 m78=3.18637e+06 frac=0.414997 grounded=0x40800000 linTerm=8.33333e-06
spd=2334.429 ctrl=(2413005.2500,0.0000,1546637.2500) accum=(-43678.8828,0.0000,39700.0273) cMag=31157.9 fMag=101911 ld0=5.62407e+06 m78=3.30311e+06 frac=0.412682 grounded=0x40800000 linTerm=8.33333e-06
spd=2354.208 ctrl=(2421394.2500,0.0000,1552014.2500) accum=(-43143.6172,0.0000,35819.5859) cMag=30708.8 fMag=95364.2 ld0=5.2206e+06 m78=3.05362e+06 frac=0.415082 grounded=0x40800000 linTerm=1.27157e-12
spd=2341.273 ctrl=(2382988.0000,0.0000,1599840.6250) accum=(-44107.3867,0.0000,37257.7578) cMag=30749.8 fMag=99005.3 ld0=5.45145e+06 m78=3.18681e+06 frac=0.41542 grounded=0x40800000 linTerm=8.33333e-06
spd=2349.937 ctrl=(2349032.5000,0.0000,1650522.8750) accum=(-45350.9805,0.0000,37884.3984) cMag=31161 fMag=101976 ld0=5.62834e+06 m78=3.30271e+06 frac=0.413199 grounded=0x40800000 linTerm=8.33333e-06
spd=2369.728 ctrl=(2357216.0000,0.0000,1656273.0000) accum=(-44658.5977,0.0000,34035.5781) cMag=30717.9 fMag=95443.3 ld0=5.22557e+06 m78=3.05372e+06 frac=0.415619 grounded=0x40800000 linTerm=1.27157e-12
spd=2356.623 ctrl=(2316698.5000,0.0000,1702468.1250) accum=(-45676.4961,0.0000,35421.5273) cMag=30755.8 fMag=99078.1 ld0=5.45608e+06 m78=3.18725e+06 frac=0.415835 grounded=0x40800000 linTerm=8.33333e-06
spd=2365.152 ctrl=(2280509.5000,0.0000,1751705.0000) accum=(-46947.1875,0.0000,35997.0938) cMag=31164 fMag=102040 ld0=5.63253e+06 m78=3.30231e+06 frac=0.413708 grounded=0x40800000 linTerm=8.33333e-06
spd=2384.955 ctrl=(2288472.5000,0.0000,1757821.3750) accum=(-46099.2617,0.0000,32186.1406) cMag=30726.9 fMag=95521.1 ld0=5.23046e+06 m78=3.05382e+06 frac=0.416148 grounded=0x40800000 linTerm=1.27157e-12
spd=2371.684 ctrl=(2245913.0000,0.0000,1802289.7500) accum=(-47168.7930,0.0000,33518.0508) cMag=30761.8 fMag=99149.7 ld0=5.46063e+06 m78=3.18767e+06 frac=0.416245 grounded=0x40800000 linTerm=8.33333e-06
spd=2380.078 ctrl=(2207554.7500,0.0000,1849981.5000) accum=(-48464.3398,0.0000,34041.3398) cMag=31167 fMag=102103 ld0=5.63666e+06 m78=3.3019e+06 frac=0.41421 grounded=0x40800000 linTerm=8.33333e-06
spd=2399.893 ctrl=(2215280.0000,0.0000,1856455.2500) accum=(-47462.7969,0.0000,30274.4043) cMag=30735.8 fMag=95597.6 ld0=5.23527e+06 m78=3.0539e+06 frac=0.416668 grounded=0x40800000 linTerm=1.27157e-12
spd=2386.458 ctrl=(2170755.0000,0.0000,1899106.1250) accum=(-48581.2891,0.0000,31550.5332) cMag=30767.6 fMag=99220.1 ld0=5.46511e+06 m78=3.18808e+06 frac=0.416648 grounded=0x40800000 linTerm=8.33333e-06
spd=2394.720 ctrl=(2130295.7500,0.0000,1945157.2500) accum=(-49899.6758,0.0000,32020.3770) cMag=31170 fMag=102164 ld0=5.64071e+06 m78=3.30148e+06 frac=0.414704 grounded=0x40800000 linTerm=8.33333e-06
spd=2414.545 ctrl=(2137765.7500,0.0000,1951978.0000) accum=(-48746.3906,0.0000,28303.6035) cMag=30744.6 fMag=95672.8 ld0=5.24001e+06 m78=3.05398e+06 frac=0.417181 grounded=0x40800000 linTerm=1.27157e-12
spd=2400.948 ctrl=(2091356.0000,0.0000,1992724.7500) accum=(-49911.1680,0.0000,29522.3867) cMag=30773.4 fMag=99289.3 ld0=5.46951e+06 m78=3.18849e+06 frac=0.417044 grounded=0x40800000 linTerm=8.33333e-06
spd=2409.080 ctrl=(2048867.5000,0.0000,2037041.2500) accum=(-51250.1250,0.0000,29937.7637) cMag=31172.9 fMag=102225 ld0=5.64469e+06 m78=3.30106e+06 frac=0.415191 grounded=0x40800000 linTerm=8.33333e-06
spd=2428.916 ctrl=(2056066.7500,0.0000,2044199.0000) accum=(-49947.5156,0.0000,26277.1328) cMag=30753.2 fMag=95746.7 ld0=5.24467e+06 m78=3.05405e+06 frac=0.417685 grounded=0x40800000 linTerm=1.27157e-12
spd=2415.158 ctrl=(2007854.5000,0.0000,2082956.7500) accum=(-51155.8750,0.0000,27437.0527) cMag=30779.2 fMag=99357.4 ld0=5.47385e+06 m78=3.18888e+06 frac=0.417434 grounded=0x40800000 linTerm=8.33333e-06
spd=2423.160 ctrl=(1963413.8750,0.0000,2125449.0000) accum=(-52513.0391,0.0000,27797.0645) cMag=31175.7 fMag=102284 ld0=5.6486e+06 m78=3.30064e+06 frac=0.415671 grounded=0x40800000 linTerm=8.33333e-06
spd=2443.007 ctrl=(1970327.3750,0.0000,2132933.0000) accum=(-51063.6484,0.0000,24198.5000) cMag=30761.7 fMag=95819.3 ld0=5.24925e+06 m78=3.05411e+06 frac=0.418181 grounded=0x40800000 linTerm=1.27157e-12
spd=2429.091 ctrl=(1920399.7500,0.0000,2169621.2500) accum=(-52312.8398,0.0000,25298.1836) cMag=30784.8 fMag=99424.4 ld0=5.47811e+06 m78=3.18926e+06 frac=0.417817 grounded=0x40800000 linTerm=8.33333e-06
spd=2436.967 ctrl=(1874087.1250,0.0000,2210203.2500) accum=(-53685.9727,0.0000,25601.9434) cMag=31178.6 fMag=102343 ld0=5.65244e+06 m78=3.30022e+06 frac=0.416143 grounded=0x40800000 linTerm=8.33333e-06
spd=2456.823 ctrl=(1880699.5000,0.0000,2218001.5000) accum=(-52092.4922,0.0000,22071.3027) cMag=30770 fMag=95890.7 ld0=5.25375e+06 m78=3.05417e+06 frac=0.418669 grounded=0x40800000 linTerm=1.27157e-12
spd=2442.752 ctrl=(1829148.2500,0.0000,2252544.2500) accum=(-53379.8398,0.0000,23109.5332) cMag=30790.4 fMag=99490.3 ld0=5.4823e+06 m78=3.18963e+06 frac=0.418195 grounded=0x40800000 linTerm=8.33333e-06
spd=2450.501 ctrl=(1781047.5000,0.0000,2291132.7500) accum=(-54766.4180,0.0000,23356.3750) cMag=31181.3 fMag=102400 ld0=5.65622e+06 m78=3.29979e+06 frac=0.416608 grounded=0x40800000 linTerm=8.33333e-06
spd=2470.368 ctrl=(1787343.3750,0.0000,2299231.7500) accum=(-53031.9922,0.0000,19899.2520) cMag=30778.2 fMag=95960.9 ld0=5.25818e+06 m78=3.05422e+06 frac=0.419149 grounded=0x40800000 linTerm=1.27157e-12
spd=2456.144 ctrl=(1734263.2500,0.0000,2331558.2500) accum=(-54354.5352,0.0000,20874.9297) cMag=30795.9 fMag=99555.1 ld0=5.48643e+06 m78=3.18999e+06 frac=0.418567 grounded=0x40800000 linTerm=8.33333e-06
spd=2463.769 ctrl=(1684462.3750,0.0000,2368073.2500) accum=(-55752.2266,0.0000,21064.1543) cMag=31184 fMag=102456 ld0=5.65992e+06 m78=3.29936e+06 frac=0.417065 grounded=0x40800000 linTerm=8.33333e-06
spd=2483.645 ctrl=(1690428.5000,0.0000,2376460.7500) accum=(-53880.0742,0.0000,17686.0977) cMag=30786.3 fMag=96029.8 ld0=5.26254e+06 m78=3.05426e+06 frac=0.419622 grounded=0x40800000 linTerm=1.27157e-12
spd=2469.269 ctrl=(1635915.6250,0.0000,2406500.7500) accum=(-55234.9570,0.0000,18598.2363) cMag=30801.4 fMag=99618.7 ld0=5.49048e+06 m78=3.19034e+06 frac=0.418932 grounded=0x40800000 linTerm=8.33333e-06
spd=2476.771 ctrl=(1584506.3750,0.0000,2440869.0000) accum=(-56641.4258,0.0000,18729.3496) cMag=31186.7 fMag=102511 ld0=5.66356e+06 m78=3.29893e+06 frac=0.417516 grounded=0x40800000 linTerm=8.33333e-06
spd=2496.656 ctrl=(1590129.2500,0.0000,2449530.7500) accum=(-54634.8242,0.0000,15435.8389) cMag=30794.2 fMag=96097.5 ld0=5.26682e+06 m78=3.0543e+06 frac=0.420086 grounded=0x40800000 linTerm=1.27157e-12
spd=2482.132 ctrl=(1534285.2500,0.0000,2477222.5000) accum=(-56019.2461,0.0000,16283.5508) cMag=30806.7 fMag=99681.3 ld0=5.49447e+06 m78=3.19069e+06 frac=0.419291 grounded=0x40800000 linTerm=8.33333e-06
spd=2489.513 ctrl=(1481361.3750,0.0000,2509371.5000) accum=(-57432.0586,0.0000,16356.0664) cMag=31189.4 fMag=102566 ld0=5.66714e+06 m78=3.29851e+06 frac=0.417959 grounded=0x40800000 linTerm=8.33333e-06
spd=2509.407 ctrl=(1486627.8750,0.0000,2518292.7500) accum=(-55294.7227,0.0000,13152.3672) cMag=30802.1 fMag=96164.1 ld0=5.27103e+06 m78=3.05434e+06 frac=0.420543 grounded=0x40800000 linTerm=1.27157e-12
spd=2494.735 ctrl=(1429555.3750,0.0000,2543576.7500) accum=(-56705.8164,0.0000,13934.8916) cMag=30812 fMag=99742.8 ld0=5.49839e+06 m78=3.19102e+06 frac=0.419644 grounded=0x40800000 linTerm=8.33333e-06
spd=2501.998 ctrl=(1375215.2500,0.0000,2573440.2500) accum=(-58122.4414,0.0000,13948.5107) cMag=31192 fMag=102619 ld0=5.67065e+06 m78=3.29808e+06 frac=0.418396 grounded=0x40800000 linTerm=8.33333e-06
spd=2521.901 ctrl=(1380113.2500,0.0000,2582606.0000) accum=(-55858.2500,0.0000,10839.7783) cMag=30809.8 fMag=96229.4 ld0=5.27517e+06 m78=3.05437e+06 frac=0.420992 grounded=0x40800000 linTerm=1.27157e-12
spd=2507.084 ctrl=(1321918.5000,0.0000,2605428.2500) accum=(-57293.1484,0.0000,11556.5107) cMag=30817.2 fMag=99803.3 ld0=5.50224e+06 m78=3.19135e+06 frac=0.419991 grounded=0x40800000 linTerm=8.33333e-06
spd=2514.229 ctrl=(1266263.0000,0.0000,2632944.7500) accum=(-58711.0352,0.0000,11511.0342) cMag=31194.6 fMag=102671 ld0=5.6741e+06 m78=3.29765e+06 frac=0.418825 grounded=0x40800000 linTerm=8.33333e-06
spd=2534.140 ctrl=(1270780.8750,0.0000,2642339.0000) accum=(-56324.0117,0.0000,8502.1904) cMag=30817.3 fMag=96293.6 ld0=5.27923e+06 m78=3.05439e+06 frac=0.421432 grounded=0x40800000 linTerm=1.27157e-12
spd=2519.181 ctrl=(1211572.0000,0.0000,2662649.5000) accum=(-57779.8750,0.0000,9152.5752) cMag=30822.4 fMag=99862.7 ld0=5.50603e+06 m78=3.19167e+06 frac=0.420332 grounded=0x40800000 linTerm=8.33333e-06
spd=2526.210 ctrl=(1154704.1250,0.0000,2687760.2500) accum=(-59196.6172,0.0000,9047.8721) cMag=31197.1 fMag=102723 ld0=5.67749e+06 m78=3.29722e+06 frac=0.419247 grounded=0x40800000 linTerm=8.33333e-06
spd=2546.129 ctrl=(1158831.1250,0.0000,2697366.5000) accum=(-56691.0078,0.0000,6143.7681) cMag=30824.8 fMag=96356.8 ld0=5.28323e+06 m78=3.05441e+06 frac=0.421866 grounded=0x40800000 linTerm=1.27157e-12
spd=2531.031 ctrl=(1098718.5000,0.0000,2715121.2500) accum=(-58164.8945,0.0000,6727.4707) cMag=30827.4 fMag=99921.1 ld0=5.50975e+06 m78=3.19198e+06 frac=0.420667 grounded=0x40800000 linTerm=8.33333e-06
spd=2537.945 ctrl=(1040744.4375,0.0000,2737773.5000) accum=(-59577.9219,0.0000,6563.5171) cMag=31199.6 fMag=102773 ld0=5.68082e+06 m78=3.29679e+06 frac=0.419662 grounded=0x40800000 linTerm=8.33333e-06
spd=2557.872 ctrl=(1044470.6250,0.0000,2747575.7500) accum=(-56958.1562,0.0000,3768.7766) cMag=30832.1 fMag=96418.7 ld0=5.28715e+06 m78=3.05443e+06 frac=0.422292 grounded=0x40800000 linTerm=1.27157e-12
spd=2542.635 ctrl=(983566.2500,0.0000,2762734.0000) accum=(-58447.2344,0.0000,4285.3999) cMag=30832.4 fMag=99978.5 ld0=5.51341e+06 m78=3.19228e+06 frac=0.420997 grounded=0x40800000 linTerm=8.33333e-06
spd=2549.437 ctrl=(924593.9375,0.0000,2782879.5000) accum=(-59854.0234,0.0000,4062.4077) cMag=31202 fMag=102822 ld0=5.68408e+06 m78=3.29637e+06 frac=0.42007 grounded=0x40800000 linTerm=8.33333e-06
spd=2569.372 ctrl=(927910.1875,0.0000,2792860.2500) accum=(-57124.8125,0.0000,1381.4091) cMag=30839.3 fMag=96479.5 ld0=5.29101e+06 m78=3.05444e+06 frac=0.422711 grounded=0x40800000 linTerm=1.27157e-12
spd=2554.000 ctrl=(866328.0000,0.0000,2805387.0000) accum=(-58626.1680,0.0000,1830.8926) cMag=30837.4 fMag=100035 ld0=5.517e+06 m78=3.19258e+06 frac=0.42132 grounded=0x40800000 linTerm=8.33333e-06
spd=2560.690 ctrl=(806468.0625,0.0000,2822982.7500) accum=(-60024.2656,0.0000,1548.9711) cMag=31204.5 fMag=102871 ld0=5.68728e+06 m78=3.29594e+06 frac=0.420472 grounded=0x40800000 linTerm=8.33333e-06
spd=2580.633 ctrl=(809365.0625,0.0000,2833123.5000) accum=(-57190.2422,0.0000,-1013.8929) cMag=30846.4 fMag=96539.2 ld0=5.29479e+06 m78=3.05446e+06 frac=0.423121 grounded=0x40800000 linTerm=1.27157e-12
spd=1286.894 ctrl=(-2420540.0000,0.0000,-785595.3750) accum=(33323.1133,0.0000,-27164.5527) cMag=34805.4 fMag=96645.3 ld0=5.22408e+06 m78=4.40228e+06 frac=0.15731 grounded=0x40800000 linTerm=8.33333e-06
spd=1303.258 ctrl=(-2410020.7500,0.0000,-831806.2500) accum=(32166.4043,0.0000,-31494.4551) cMag=29643.5 fMag=83699.8 ld0=4.56543e+06 m78=3.12768e+06 frac=0.314922 grounded=0x40800000 linTerm=8.33333e-06
spd=1323.022 ctrl=(-2920313.7500,0.0000,-1007931.3125) accum=(31941.2715,0.0000,-28015.0840) cMag=29109.5 fMag=78503.4 ld0=4.31489e+06 m78=3.00039e+06 frac=0.304642 grounded=0x40800000 linTerm=1.27157e-12
spd=1319.340 ctrl=(-2898958.5000,0.0000,-1061776.5000) accum=(32810.5938,0.0000,-32358.9746) cMag=29480.8 fMag=84259 ld0=4.60548e+06 m78=3.07187e+06 frac=0.332997 grounded=0x40800000 linTerm=8.33333e-06
spd=1339.550 ctrl=(-2883436.2500,0.0000,-1118780.2500) accum=(33543.9453,0.0000,-33587.8281) cMag=30103.1 fMag=88576.1 ld0=4.82095e+06 m78=3.25583e+06 frac=0.32465 grounded=0x40800000 linTerm=8.33333e-06
spd=1363.341 ctrl=(-2891367.2500,0.0000,-1121857.5000) accum=(33435.8008,0.0000,-30511.3613) cMag=29391.7 fMag=82410.9 ld0=4.50427e+06 m78=3.01509e+06 frac=0.330616 grounded=0x40800000 linTerm=1.27157e-12
spd=1359.328 ctrl=(-2866978.0000,0.0000,-1176597.7500) accum=(34236.0391,0.0000,-33416.2930) cMag=29723.2 fMag=87234.8 ld0=4.76042e+06 m78=3.12758e+06 frac=0.343005 grounded=0x40800000 linTerm=8.33333e-06
spd=1379.200 ctrl=(-2848291.0000,0.0000,-1234696.0000) accum=(35023.0391,0.0000,-34271.5820) cMag=30340.7 fMag=91253.3 ld0=4.96589e+06 m78=3.31523e+06 frac=0.3324 grounded=0x40800000 linTerm=8.33333e-06
spd=1402.867 ctrl=(-2856392.0000,0.0000,-1238207.6250) accum=(34855.6016,0.0000,-31015.1543) cMag=29590.1 fMag=84605.8 ld0=4.61627e+06 m78=3.04645e+06 frac=0.340062 grounded=0x40800000 linTerm=1.27157e-12
spd=1398.529 ctrl=(-2828878.2500,0.0000,-1293660.6250) accum=(35733.1797,0.0000,-33644.3672) cMag=29897.9 fMag=89257.4 ld0=4.86773e+06 m78=3.16498e+06 frac=0.349804 grounded=0x40800000 linTerm=8.33333e-06
spd=1418.099 ctrl=(-2806887.7500,0.0000,-1352657.5000) accum=(37125.8828,0.0000,-35601.4805) cMag=30515.8 fMag=93145.6 ld0=5.07289e+06 m78=3.25159e+06 frac=0.359026 grounded=0x40800000 linTerm=8.33333e-06
spd=1441.674 ctrl=(-2815086.2500,0.0000,-1356608.3750) accum=(36307.1211,0.0000,-30913.4902) cMag=29739.5 fMag=86185.8 ld0=4.69738e+06 m78=3.0685e+06 frac=0.346763 grounded=0x40800000 linTerm=1.27157e-12
spd=1437.021 ctrl=(-2784320.5000,0.0000,-1412565.7500) accum=(37264.0781,0.0000,-33354.0547) cMag=30033.7 fMag=90767.7 ld0=4.95074e+06 m78=3.19512e+06 frac=0.354618 grounded=0x40800000 linTerm=8.33333e-06
spd=1456.309 ctrl=(-2758870.2500,0.0000,-1472240.8750) accum=(38789.1172,0.0000,-35242.2852) cMag=30655.6 fMag=94614.7 ld0=5.15941e+06 m78=3.28048e+06 frac=0.364175 grounded=0x40800000 linTerm=8.33333e-06
spd=1479.816 ctrl=(-2767110.0000,0.0000,-1476637.8750) accum=(37783.8633,0.0000,-30446.8594) cMag=29860.4 fMag=87430 ld0=4.76169e+06 m78=3.08442e+06 frac=0.352244 grounded=0x40800000 linTerm=1.27157e-12
spd=1474.854 ctrl=(-2732956.5000,0.0000,-1532870.0000) accum=(39488.5000,0.0000,-34066.4883) cMag=30147.2 fMag=91997.6 ld0=5.02059e+06 m78=3.10957e+06 frac=0.380638 grounded=0x40800000 linTerm=8.33333e-06
spd=1493.867 ctrl=(-2703895.2500,0.0000,-1592984.5000) accum=(40499.4531,0.0000,-34620.4023) cMag=30775.9 fMag=95852.4 ld0=5.23438e+06 m78=3.30218e+06 frac=0.369137 grounded=0x40800000 linTerm=8.33333e-06
spd=1517.316 ctrl=(-2712131.2500,0.0000,-1597836.6250) accum=(39269.4766,0.0000,-29707.8164) cMag=29966.4 fMag=88491.1 ld0=4.81784e+06 m78=3.09932e+06 frac=0.3567 grounded=0x40800000 linTerm=1.27157e-12
spd=1512.044 ctrl=(-2674904.7500,0.0000,-1653462.3750) accum=(41116.9844,0.0000,-33183.1992) cMag=30239.4 fMag=92988.6 ld0=5.07865e+06 m78=3.12678e+06 frac=0.384328 grounded=0x40800000 linTerm=8.33333e-06
spd=1530.798 ctrl=(-2643073.7500,0.0000,-1712461.2500) accum=(42155.2891,0.0000,-33617.9648) cMag=30856.1 fMag=96707.5 ld0=5.28702e+06 m78=3.31487e+06 frac=0.373016 grounded=0x40800000 linTerm=8.33333e-06
spd=1554.220 ctrl=(-2651261.2500,0.0000,-1717765.8750) accum=(40692.2734,0.0000,-28640.1309) cMag=30043.1 fMag=89246.3 ld0=4.85851e+06 m78=3.10981e+06 frac=0.359926 grounded=0x40800000 linTerm=1.27157e-12
spd=1548.652 ctrl=(-2611478.0000,0.0000,-1771895.5000) accum=(42661.8633,0.0000,-31953.6758) cMag=30297 fMag=93626.3 ld0=5.11668e+06 m78=3.13636e+06 frac=0.387032 grounded=0x40800000 linTerm=8.33333e-06
spd=1567.174 ctrl=(-2576953.2500,0.0000,-1829626.6250) accum=(43718.3984,0.0000,-32299.3242) cMag=30906.3 fMag=97266.6 ld0=5.32175e+06 m78=3.32183e+06 frac=0.375802 grounded=0x40800000 linTerm=8.33333e-06
spd=1590.596 ctrl=(-2585032.7500,0.0000,-1835363.1250) accum=(42026.0234,0.0000,-27312.0996) cMag=30095.9 fMag=89761.5 ld0=4.88667e+06 m78=3.11687e+06 frac=0.362169 grounded=0x40800000 linTerm=1.27157e-12
spd=1584.743 ctrl=(-2542754.0000,0.0000,-1887878.5000) accum=(44120.5547,0.0000,-30494.7129) cMag=30335.5 fMag=94064.6 ld0=5.14308e+06 m78=3.14214e+06 frac=0.389054 grounded=0x40800000 linTerm=8.33333e-06
spd=1603.048 ctrl=(-2505583.0000,0.0000,-1944215.3750) accum=(45191.7305,0.0000,-30772.4941) cMag=30939.4 fMag=97659.5 ld0=5.34633e+06 m78=3.3259e+06 frac=0.37791 grounded=0x40800000 linTerm=8.33333e-06
spd=1626.487 ctrl=(-2513512.5000,0.0000,-1950368.3750) accum=(43276.3711,0.0000,-25814.1660) cMag=30135.2 fMag=90141.2 ld0=4.90766e+06 m78=3.12199e+06 frac=0.363853 grounded=0x40800000 linTerm=1.27157e-12
spd=1620.356 ctrl=(-2468802.2500,0.0000,-2001151.5000) accum=(45494.7734,0.0000,-28878.2832) cMag=30363.2 fMag=94390.2 ld0=5.16282e+06 m78=3.146e+06 frac=0.390642 grounded=0x40800000 linTerm=8.33333e-06
spd=1638.452 ctrl=(-2429041.5000,0.0000,-2055970.6250) accum=(46579.2656,0.0000,-29100.7793) cMag=30962.7 fMag=97957.7 ld0=5.36508e+06 m78=3.32844e+06 frac=0.37961 grounded=0x40800000 linTerm=8.33333e-06
spd=1661.915 ctrl=(-2436788.5000,0.0000,-2062527.8750) accum=(44447.0586,0.0000,-24197.4785) cMag=30166.5 fMag=90442.9 ld0=4.92451e+06 m78=3.12603e+06 frac=0.365209 grounded=0x40800000 linTerm=1.27157e-12
spd=1655.508 ctrl=(-2389719.2500,0.0000,-2111464.5000) accum=(46786.7031,0.0000,-27147.3848) cMag=30384.6 fMag=94651.1 ld0=5.17871e+06 m78=3.14886e+06 frac=0.391961 grounded=0x40800000 linTerm=8.33333e-06
spd=1673.399 ctrl=(-2347430.7500,0.0000,-2164643.5000) accum=(47883.4297,0.0000,-27321.5234) cMag=30980.2 fMag=98200.8 ld0=5.38043e+06 m78=3.33016e+06 frac=0.381061 grounded=0x40800000 linTerm=8.33333e-06
spd=1696.892 ctrl=(-2354967.5000,0.0000,-2171593.5000) accum=(46474.2422,0.0000,-23596.7109) cMag=30193.2 fMag=90698.7 ld0=4.93892e+06 m78=3.02121e+06 frac=0.388284 grounded=0x40800000 linTerm=1.27157e-12
spd=1690.210 ctrl=(-2305617.7500,0.0000,-2218572.2500) accum=(47997.4258,0.0000,-25327.8867) cMag=30402.3 fMag=94873.7 ld0=5.19234e+06 m78=3.15116e+06 frac=0.393114 grounded=0x40800000 linTerm=8.33333e-06
spd=1707.896 ctrl=(-2260869.7500,0.0000,-2269992.7500) accum=(49105.5352,0.0000,-25457.1289) cMag=30994.3 fMag=98410.9 ld0=5.39375e+06 m78=3.33139e+06 frac=0.38236 grounded=0x40800000 linTerm=8.33333e-06
spd=1731.421 ctrl=(-2268173.5000,0.0000,-2277326.0000) accum=(47541.7383,0.0000,-21786.3496) cMag=30217.1 fMag=90926.6 ld0=4.95185e+06 m78=3.02366e+06 frac=0.389389 grounded=0x40800000 linTerm=1.27157e-12
spd=1724.463 ctrl=(-2216624.5000,0.0000,-2322238.2500) accum=(49127.3516,0.0000,-23435.8848) cMag=30417.8 fMag=95073.3 ld0=5.20459e+06 m78=3.15314e+06 frac=0.394162 grounded=0x40800000 linTerm=8.33333e-06
spd=1741.945 ctrl=(-2169492.7500,0.0000,-2371784.5000) accum=(50245.5703,0.0000,-23521.7891) cMag=31006.4 fMag=98600.4 ld0=5.40579e+06 m78=3.33233e+06 frac=0.383563 grounded=0x40800000 linTerm=8.33333e-06
spd=1765.503 ctrl=(-2176542.0000,0.0000,-2379491.0000) accum=(48532.1133,0.0000,-19915.5703) cMag=30239.2 fMag=91136.7 ld0=4.96387e+06 m78=3.02575e+06 frac=0.390446 grounded=0x40800000 linTerm=1.27157e-12
spd=1758.269 ctrl=(-2122883.2500,0.0000,-2422232.2500) accum=(50175.6641,0.0000,-21481.9883) cMag=30432 fMag=95258.2 ld0=5.21597e+06 m78=3.15491e+06 frac=0.395143 grounded=0x40800000 linTerm=8.33333e-06
spd=1775.545 ctrl=(-2073448.6250,0.0000,-2469791.7500) accum=(51302.6406,0.0000,-21524.9980) cMag=31017 fMag=98776.2 ld0=5.41701e+06 m78=3.33307e+06 frac=0.384703 grounded=0x40800000 linTerm=8.33333e-06
spd=1799.136 ctrl=(-2080222.5000,0.0000,-2477860.7500) accum=(49444.3711,0.0000,-17991.9414) cMag=30260.1 fMag=91334.9 ld0=4.97529e+06 m78=3.02759e+06 frac=0.391473 grounded=0x40800000 linTerm=1.27157e-12
spd=1791.625 ctrl=(-2024548.1250,0.0000,-2518330.7500) accum=(51141.4531,0.0000,-19473.6113) cMag=30445.3 fMag=95433.1 ld0=5.22677e+06 m78=3.15655e+06 frac=0.39608 grounded=0x40800000 linTerm=8.33333e-06
spd=1808.693 ctrl=(-1972895.2500,0.0000,-2563794.5000) accum=(52275.5195,0.0000,-19473.7012) cMag=31026.7 fMag=98942.6 ld0=5.42765e+06 m78=3.33366e+06 frac=0.3858 grounded=0x40800000 linTerm=8.33333e-06
spd=1832.317 ctrl=(-1979375.5000,0.0000,-2572215.7500) accum=(50277.0820,0.0000,-16021.2480) cMag=30280.3 fMag=91524.4 ld0=4.98628e+06 m78=3.02925e+06 frac=0.392483 grounded=0x40800000 linTerm=1.27157e-12
spd=1824.528 ctrl=(-1921783.8750,0.0000,-2610318.0000) accum=(52023.1367,0.0000,-17416.6875) cMag=30458 fMag=95601 ld0=5.23716e+06 m78=3.15809e+06 frac=0.396985 grounded=0x40800000 linTerm=8.33333e-06
spd=1841.386 ctrl=(-1868005.0000,0.0000,-2653581.2500) accum=(53162.6641,0.0000,-17373.4375) cMag=31035.7 fMag=99101.9 ld0=5.43785e+06 m78=3.33413e+06 frac=0.386867 grounded=0x40800000 linTerm=8.33333e-06
spd=1865.043 ctrl=(-1874172.8750,0.0000,-2662343.0000) accum=(51028.6875,0.0000,-14008.2383) cMag=30299.8 fMag=91707.4 ld0=4.99696e+06 m78=3.03075e+06 frac=0.39348 grounded=0x40800000 linTerm=1.27157e-12
spd=1856.975 ctrl=(-1814767.8750,0.0000,-2697986.2500) accum=(52819.2227,0.0000,-15315.9961) cMag=30470.3 fMag=95763.6 ld0=5.24724e+06 m78=3.15954e+06 frac=0.397866 grounded=0x40800000 linTerm=8.33333e-06
spd=1873.622 ctrl=(-1758959.5000,0.0000,-2738948.7500) accum=(53962.2578,0.0000,-15229.0156) cMag=31044.1 fMag=99255.6 ld0=5.44771e+06 m78=3.3345e+06 frac=0.387908 grounded=0x40800000 linTerm=8.33333e-06
spd=1897.311 ctrl=(-1764797.1250,0.0000,-2748038.7500) accum=(51697.4531,0.0000,-11957.1504) cMag=30318.8 fMag=91885 ld0=5.00738e+06 m78=3.03213e+06 frac=0.394468 grounded=0x40800000 linTerm=1.27157e-12
spd=1888.964 ctrl=(-1703686.2500,0.0000,-2781135.5000) accum=(53527.9570,0.0000,-13175.9844) cMag=30482.3 fMag=95921.7 ld0=5.25707e+06 m78=3.16093e+06 frac=0.398727 grounded=0x40800000 linTerm=8.33333e-06
spd=1905.399 ctrl=(-1645950.2500,0.0000,-2819701.2500) accum=(54672.7539,0.0000,-13044.7744) cMag=31052.2 fMag=99404.6 ld0=5.45729e+06 m78=3.33479e+06 frac=0.38893 grounded=0x40800000 linTerm=8.33333e-06
spd=1929.119 ctrl=(-1651440.1250,0.0000,-2829106.0000) accum=(52281.9414,0.0000,-9871.8887) cMag=30337.4 fMag=92058.1 ld0=5.01759e+06 m78=3.03339e+06 frac=0.39545 grounded=0x40800000 linTerm=1.27157e-12
spd=1920.491 ctrl=(-1588736.0000,0.0000,-2859574.0000) accum=(54147.8164,0.0000,-11000.8486) cMag=30494 fMag=96076 ld0=5.26668e+06 m78=3.16226e+06 frac=0.399573 grounded=0x40800000 linTerm=8.33333e-06
spd=1936.712 ctrl=(-1529177.8750,0.0000,-2895651.7500) accum=(55292.3398,0.0000,-10825.0020) cMag=31059.9 fMag=99549.4 ld0=5.46662e+06 m78=3.33499e+06 frac=0.389935 grounded=0x40800000 linTerm=8.33333e-06
spd=1960.463 ctrl=(-1534303.2500,0.0000,-2905357.2500) accum=(52780.4375,0.0000,-7756.3301) cMag=30355.7 fMag=92227.1 ld0=5.02761e+06 m78=3.03454e+06 frac=0.396425 grounded=0x40800000 linTerm=1.27157e-12
spd=1951.555 ctrl=(-1470122.6250,0.0000,-2933119.7500) accum=(54677.2305,0.0000,-8794.5400) cMag=30505.4 fMag=96227 ld0=5.2761e+06 m78=3.16353e+06 frac=0.400404 grounded=0x40800000 linTerm=8.33333e-06
spd=1967.561 ctrl=(-1408852.7500,0.0000,-2966622.5000) accum=(55819.4844,0.0000,-8573.7520) cMag=31067.3 fMag=99690.4 ld0=5.47572e+06 m78=3.33513e+06 frac=0.390925 grounded=0x40800000 linTerm=8.33333e-06
spd=1991.342 ctrl=(-1413597.5000,0.0000,-2976613.5000) accum=(53191.5703,0.0000,-5614.2051) cMag=30373.6 fMag=92392.3 ld0=5.03746e+06 m78=3.03561e+06 frac=0.397393 grounded=0x40800000 linTerm=1.27157e-12
spd=1982.154 ctrl=(-1348060.1250,0.0000,-3001599.5000) accum=(55114.7383,0.0000,-6561.1973) cMag=30516.7 fMag=96374.9 ld0=5.28535e+06 m78=3.16475e+06 frac=0.401221 grounded=0x40800000 linTerm=8.33333e-06
spd=1997.943 ctrl=(-1285193.1250,0.0000,-3032445.7500) accum=(56252.7539,0.0000,-6295.2021) cMag=31074.5 fMag=99828 ld0=5.48461e+06 m78=3.33519e+06 frac=0.3919 grounded=0x40800000 linTerm=8.33333e-06
spd=2021.753 ctrl=(-1289542.0000,0.0000,-3042707.0000) accum=(53513.9531,0.0000,-3449.3840) cMag=30391.2 fMag=92554.1 ld0=5.04714e+06 m78=3.03658e+06 frac=0.398355 grounded=0x40800000 linTerm=1.27157e-12
spd=2012.285 ctrl=(-1222770.8750,0.0000,-3064849.5000) accum=(55459.1836,0.0000,-4304.7598) cMag=30527.8 fMag=96520.1 ld0=5.29443e+06 m78=3.16592e+06 frac=0.402027 grounded=0x40800000 linTerm=8.33333e-06
spd=2027.857 ctrl=(-1158425.6250,0.0000,-3092964.0000) accum=(56590.8047,0.0000,-3993.4722) cMag=31081.3 fMag=99962.4 ld0=5.49331e+06 m78=3.3352e+06 frac=0.392862 grounded=0x40800000 linTerm=8.33333e-06
spd=2051.695 ctrl=(-1162364.0000,0.0000,-3103479.2500) accum=(53746.4141,0.0000,-1265.6967) cMag=30408.4 fMag=92712.6 ld0=5.05667e+06 m78=3.03749e+06 frac=0.399311 grounded=0x40800000 linTerm=1.27157e-12
spd=2041.947 ctrl=(-1094486.0000,0.0000,-3122717.7500) accum=(55709.2188,0.0000,-2029.3717) cMag=30538.7 fMag=96662.5 ld0=5.30335e+06 m78=3.16705e+06 frac=0.40282 grounded=0x40800000 linTerm=8.33333e-06
spd=2057.302 ctrl=(-1028784.3750,0.0000,-3148028.2500) accum=(56832.5312,0.0000,-1672.6500) cMag=31088 fMag=100094 ld0=5.50182e+06 m78=3.33514e+06 frac=0.393811 grounded=0x40800000 linTerm=8.33333e-06
spd=2081.167 ctrl=(-1032298.1875,0.0000,-3158780.5000) accum=(53887.9062,0.0000,933.0703) cMag=30425.5 fMag=92867.9 ld0=5.06604e+06 m78=3.03831e+06 frac=0.400259 grounded=0x40800000 linTerm=1.27157e-12
spd=2071.139 ctrl=(-963442.9375,0.0000,-3175060.5000) accum=(55864.0039,0.0000,261.0220) cMag=30549.5 fMag=96802.3 ld0=5.31212e+06 m78=3.16814e+06 frac=0.403602 grounded=0x40800000 linTerm=8.33333e-06
spd=2086.276 ctrl=(-896510.3750,0.0000,-3197503.7500) accum=(56976.9336,0.0000,662.9944) cMag=31094.4 fMag=100222 ld0=5.51015e+06 m78=3.33504e+06 frac=0.394747 grounded=0x40800000 linTerm=8.33333e-06
spd=2110.168 ctrl=(-899586.2500,0.0000,-3208474.0000) accum=(53937.5547,0.0000,3142.9087) cMag=30442.2 fMag=93020.3 ld0=5.07527e+06 m78=3.03908e+06 frac=0.401199 grounded=0x40800000 linTerm=1.27157e-12
spd=2099.862 ctrl=(-829886.6875,0.0000,-3221747.2500) accum=(55922.6211,0.0000,2562.1262) cMag=30560.1 fMag=96939.6 ld0=5.32075e+06 m78=3.16919e+06 frac=0.404372 grounded=0x40800000 linTerm=8.33333e-06
spd=2114.780 ctrl=(-761852.4375,0.0000,-3241264.0000) accum=(57023.1992,0.0000,3009.2996) cMag=31100.6 fMag=100348 ld0=5.51831e+06 m78=3.33487e+06 frac=0.395672 grounded=0x40800000 linTerm=8.33333e-06
spd=2138.698 ctrl=(-764477.9375,0.0000,-3252434.0000) accum=(53894.6094,0.0000,5359.9199) cMag=30458.7 fMag=93169.8 ld0=5.08435e+06 m78=3.03978e+06 frac=0.402131 grounded=0x40800000 linTerm=1.27157e-12
spd=2128.114 ctrl=(-694068.2500,0.0000,-3262657.2500) accum=(55884.6250,0.0000,4869.9106) cMag=30570.6 fMag=97074.5 ld0=5.32924e+06 m78=3.1702e+06 frac=0.405131 grounded=0x40800000 linTerm=8.33333e-06
spd=2142.814 ctrl=(-625063.0000,0.0000,-3279193.0000) accum=(56970.7891,0.0000,5361.9492) cMag=31106.7 fMag=100471 ld0=5.52631e+06 m78=3.33466e+06 frac=0.396584 grounded=0x40800000 linTerm=8.33333e-06
spd=2166.756 ctrl=(-627226.6875,0.0000,-3290544.2500) accum=(53758.6172,0.0000,7580.0889) cMag=30474.9 fMag=93316.5 ld0=5.0933e+06 m78=3.04042e+06 frac=0.403055 grounded=0x40800000 linTerm=1.27157e-12
spd=2155.896 ctrl=(-556243.8125,0.0000,-3297681.5000) accum=(55749.4922,0.0000,7180.2065) cMag=30580.9 fMag=97207.2 ld0=5.33759e+06 m78=3.17117e+06 frac=0.40588 grounded=0x40800000 linTerm=8.33333e-06
spd=2170.377 ctrl=(-486401.5938,0.0000,-3311189.7500) accum=(56819.1055,0.0000,7716.6719) cMag=31112.6 fMag=100591 ld0=5.53416e+06 m78=3.33441e+06 frac=0.397485 grounded=0x40800000 linTerm=8.33333e-06
spd=2194.344 ctrl=(-488092.5625,0.0000,-3322700.7500) accum=(53529.1250,0.0000,9799.4336) cMag=30491 fMag=93460.6 ld0=5.10211e+06 m78=3.04101e+06 frac=0.40397 grounded=0x40800000 linTerm=1.27157e-12
spd=2183.207 ctrl=(-416675.4688,0.0000,-3326723.2500) accum=(55516.8633,0.0000,9488.7354) cMag=30591.2 fMag=97337.6 ld0=5.34581e+06 m78=3.17211e+06 frac=0.406618 grounded=0x40800000 linTerm=8.33333e-06
spd=2197.471 ctrl=(-346132.5938,0.0000,-3337162.5000) accum=(56568.0586,0.0000,10069.2402) cMag=31118.4 fMag=100709 ld0=5.54185e+06 m78=3.33412e+06 frac=0.398375 grounded=0x40800000 linTerm=8.33333e-06
spd=2221.462 ctrl=(-347341.0938,0.0000,-3348814.0000) accum=(53205.9258,0.0000,12013.7764) cMag=30506.7 fMag=93602.1 ld0=5.11079e+06 m78=3.04156e+06 frac=0.404875 grounded=0x40800000 linTerm=1.27157e-12
spd=2210.050 ctrl=(-275629.7500,0.0000,-3349696.5000) accum=(55186.7383,0.0000,11791.3477) cMag=30601.3 fMag=97465.9 ld0=5.35391e+06 m78=3.17302e+06 frac=0.407345 grounded=0x40800000 linTerm=8.33333e-06
spd=2224.096 ctrl=(-204524.5000,0.0000,-3357033.2500) accum=(56217.4648,0.0000,12415.2207) cMag=31123.9 fMag=100825 ld0=5.54939e+06 m78=3.33378e+06 frac=0.399253 grounded=0x40800000 linTerm=8.33333e-06
spd=2248.110 ctrl=(-205241.5938,0.0000,-3368803.5000) accum=(52789.0742,0.0000,14219.1855) cMag=30522.2 fMag=93741.1 ld0=5.11933e+06 m78=3.04205e+06 frac=0.405771 grounded=0x40800000 linTerm=1.27157e-12
spd=2236.425 ctrl=(-133377.2031,0.0000,-3366529.0000) accum=(54759.1484,0.0000,14083.7510) cMag=30611.3 fMag=97592.1 ld0=5.36187e+06 m78=3.1739e+06 frac=0.408062 grounded=0x40800000 linTerm=8.33333e-06
spd=2250.254 ctrl=(-61849.3438,0.0000,-3370734.5000) accum=(55767.5391,0.0000,14750.4453) cMag=31129.4 fMag=100938 ld0=5.5568e+06 m78=3.33341e+06 frac=0.400121 grounded=0x40800000 linTerm=8.33333e-06
spd=2274.289 ctrl=(-62067.0898,0.0000,-3382601.5000) accum=(52278.7109,0.0000,16411.6230) cMag=30537.5 fMag=93877.6 ld0=5.12775e+06 m78=3.04251e+06 frac=0.406658 grounded=0x40800000 linTerm=1.27157e-12
spd=2262.334 ctrl=(9807.9141,0.0000,-3377161.2500) accum=(54234.3672,0.0000,16361.7891) cMag=30621.2 fMag=97716.1 ld0=5.36971e+06 m78=3.17474e+06 frac=0.408768 grounded=0x40800000 linTerm=8.33333e-06
spd=2275.946 ctrl=(81617.4844,0.0000,-3378213.7500) accum=(55218.4570,0.0000,17070.4609) cMag=31134.7 fMag=101050 ld0=5.56406e+06 m78=3.333e+06 frac=0.400976 grounded=0x40800000 linTerm=8.33333e-06
spd=2300.003 ctrl=(81906.0078,0.0000,-3390156.0000) accum=(51675.1250,0.0000,18586.8809) cMag=30552.6 fMag=94011.7 ld0=5.13603e+06 m78=3.04293e+06 frac=0.407534 grounded=0x40800000 linTerm=1.27157e-12
spd=2287.778 ctrl=(153649.0000,0.0000,-3381544.2500) accum=(53612.8555,0.0000,18621.1699) cMag=30630.9 fMag=97838.2 ld0=5.37743e+06 m78=3.17557e+06 frac=0.409464 grounded=0x40800000 linTerm=8.33333e-06
spd=2301.175 ctrl=(225598.0938,0.0000,-3379430.0000) accum=(54570.7383,0.0000,19370.9922) cMag=31140 fMag=101159 ld0=5.57119e+06 m78=3.33257e+06 frac=0.401821 grounded=0x40800000 linTerm=8.33333e-06
spd=2325.253 ctrl=(226398.7344,0.0000,-3391423.5000) accum=(50978.8438,0.0000,20740.9473) cMag=30567.4 fMag=94143.5 ld0=5.14419e+06 m78=3.04331e+06 frac=0.408399 grounded=0x40800000 linTerm=1.27157e-12
spd=2312.760 ctrl=(297866.8125,0.0000,-3379643.5000) accum=(52895.2930,0.0000,20857.8555) cMag=30640.6 fMag=97958.3 ld0=5.38503e+06 m78=3.17636e+06 frac=0.41015 grounded=0x40800000 linTerm=8.33333e-06
spd=2325.943 ctrl=(369812.6250,0.0000,-3374353.5000) accum=(53825.1211,0.0000,21647.8066) cMag=31145.1 fMag=101266 ld0=5.57819e+06 m78=3.33211e+06 frac=0.402654 grounded=0x40800000 linTerm=8.33333e-06
spd=2350.040 ctrl=(371130.1250,0.0000,-3386375.0000) accum=(50190.6367,0.0000,22869.8008) cMag=30582 fMag=94273 ld0=5.15222e+06 m78=3.04366e+06 frac=0.409254 grounded=0x40800000 linTerm=1.27157e-12
spd=2337.282 ctrl=(442180.4688,0.0000,-3371438.2500) accum=(52082.4492,0.0000,23067.4688) cMag=30650.2 fMag=98076.4 ld0=5.39251e+06 m78=3.17713e+06 frac=0.410826 grounded=0x40800000 linTerm=8.33333e-06
spd=2350.251 ctrl=(513979.8125,0.0000,-3362968.7500) accum=(52982.4609,0.0000,23896.6074) cMag=31150.1 fMag=101370 ld0=5.58506e+06 m78=3.33161e+06 frac=0.403478 grounded=0x40800000 linTerm=8.33333e-06
spd=2374.368 ctrl=(515818.0000,0.0000,-3374995.7500) accum=(49311.3555,0.0000,24969.4121) cMag=30596.4 fMag=94400.3 ld0=5.16013e+06 m78=3.04397e+06 frac=0.410098 grounded=0x40800000 linTerm=1.27157e-12
spd=2361.348 ctrl=(586308.0625,0.0000,-3356916.2500) accum=(51175.3594,0.0000,25245.9863) cMag=30659.6 fMag=98192.6 ld0=5.39987e+06 m78=3.17787e+06 frac=0.411492 grounded=0x40800000 linTerm=8.33333e-06
spd=2374.105 ctrl=(657817.7500,0.0000,-3345272.7500) accum=(52043.7656,0.0000,26113.2031) cMag=31155 fMag=101473 ld0=5.59181e+06 m78=3.3311e+06 frac=0.40429 grounded=0x40800000 linTerm=8.33333e-06
spd=2398.240 ctrl=(660179.2500,0.0000,-3357282.0000) accum=(48342.0977,0.0000,27035.8145) cMag=30610.7 fMag=94525.4 ld0=5.16792e+06 m78=3.04426e+06 frac=0.410932 grounded=0x40800000 linTerm=1.27157e-12
spd=2384.959 ctrl=(729967.5000,0.0000,-3336082.7500) accum=(50175.2461,0.0000,27389.2695) cMag=30669 fMag=98306.9 ld0=5.40712e+06 m78=3.17859e+06 frac=0.412148 grounded=0x40800000 linTerm=8.33333e-06
spd=2397.505 ctrl=(801044.3125,0.0000,-3321276.7500) accum=(51010.3242,0.0000,28293.2910) cMag=31159.8 fMag=101574 ld0=5.59843e+06 m78=3.33056e+06 frac=0.405091 grounded=0x40800000 linTerm=8.33333e-06
spd=2421.659 ctrl=(803930.9375,0.0000,-3333245.0000) accum=(47284.0742,0.0000,29064.9434) cMag=30624.7 fMag=94648.3 ld0=5.17559e+06 m78=3.04452e+06 frac=0.411754 grounded=0x40800000 linTerm=1.27157e-12
spd=2408.119 ctrl=(872875.9375,0.0000,-3308953.2500) accum=(49083.4648,0.0000,29493.2793) cMag=30678.2 fMag=98419.4 ld0=5.41426e+06 m78=3.17928e+06 frac=0.412794 grounded=0x40800000 linTerm=8.33333e-06
spd=2420.456 ctrl=(943377.6875,0.0000,-3291002.5000) accum=(49883.5391,0.0000,30432.8125) cMag=31164.5 fMag=101673 ld0=5.60494e+06 m78=3.33e+06 frac=0.405881 grounded=0x40800000 linTerm=8.33333e-06
spd=2444.626 ctrl=(946789.5625,0.0000,-3302905.0000) accum=(46138.7266,0.0000,31052.9590) cMag=30638.5 fMag=94769.1 ld0=5.18314e+06 m78=3.04476e+06 frac=0.412564 grounded=0x40800000 linTerm=1.27157e-12
spd=2430.831 ctrl=(1014752.9375,0.0000,-3275559.2500) accum=(47901.5430,0.0000,31553.9395) cMag=30687.4 fMag=98530.1 ld0=5.42128e+06 m78=3.17996e+06 frac=0.413431 grounded=0x40800000 linTerm=8.33333e-06
spd=2442.960 ctrl=(1084537.3750,0.0000,-3254486.5000) accum=(48665.0195,0.0000,32527.7520) cMag=31169.2 fMag=101771 ld0=5.61133e+06 m78=3.32942e+06 frac=0.406661 grounded=0x40800000 linTerm=8.33333e-06
spd=2467.148 ctrl=(1088474.1250,0.0000,-3266299.5000) accum=(44907.6602,0.0000,32996.0938) cMag=30652.1 fMag=94887.9 ld0=5.19057e+06 m78=3.04497e+06 frac=0.413364 grounded=0x40800000 linTerm=1.27157e-12
spd=2453.099 ctrl=(1155317.2500,0.0000,-3235939.5000) accum=(46631.2344,0.0000,33567.4141) cMag=30696.5 fMag=98639 ld0=5.4282e+06 m78=3.18061e+06 frac=0.414058 grounded=0x40800000 linTerm=8.33333e-06
spd=2465.022 ctrl=(1224244.6250,0.0000,-3211777.7500) accum=(47356.5430,0.0000,34573.9688) cMag=31173.8 fMag=101866 ld0=5.61761e+06 m78=3.32882e+06 frac=0.40743 grounded=0x40800000 linTerm=8.33333e-06
spd=2489.226 ctrl=(1228704.0000,0.0000,-3223476.5000) accum=(43592.6406,0.0000,34890.4180) cMag=30665.5 fMag=95004.7 ld0=5.19788e+06 m78=3.04516e+06 frac=0.414153 grounded=0x40800000 linTerm=1.27157e-12
spd=2474.926 ctrl=(1294291.3750,0.0000,-3190151.2500) accum=(45274.4219,0.0000,35529.7812) cMag=30705.4 fMag=98746.1 ld0=5.435e+06 m78=3.18124e+06 frac=0.414675 grounded=0x40800000 linTerm=8.33333e-06
spd=2486.645 ctrl=(1362222.8750,0.0000,-3162937.7500) accum=(45960.0859,0.0000,36567.5312) cMag=31178.3 fMag=101960 ld0=5.62377e+06 m78=3.32821e+06 frac=0.408188 grounded=0x40800000 linTerm=8.33333e-06
spd=2510.865 ctrl=(1367201.6250,0.0000,-3174497.7500) accum=(42195.5977,0.0000,36732.2031) cMag=30678.7 fMag=95119.4 ld0=5.20508e+06 m78=3.04534e+06 frac=0.41493 grounded=0x40800000 linTerm=1.27157e-12
spd=2496.317 ctrl=(1431399.7500,0.0000,-3138261.7500) accum=(43833.1992,0.0000,37437.2188) cMag=30714.3 fMag=98851.5 ld0=5.4417e+06 m78=3.18186e+06 frac=0.415283 grounded=0x40800000 linTerm=8.33333e-06
spd=2507.834 ctrl=(1498197.7500,0.0000,-3108038.7500) accum=(44477.7812,0.0000,38504.6445) cMag=31182.7 fMag=102052 ld0=5.62982e+06 m78=3.32759e+06 frac=0.408936 grounded=0x40800000 linTerm=8.33333e-06
spd=2532.069 ctrl=(1503692.2500,0.0000,-3119437.5000) accum=(40718.6797,0.0000,38518.0000) cMag=30691.7 fMag=95232.2 ld0=5.21216e+06 m78=3.04549e+06 frac=0.415695 grounded=0x40800000 linTerm=1.27157e-12
spd=2517.276 ctrl=(1566369.5000,0.0000,-3080350.7500) accum=(42309.7852,0.0000,39286.0391) cMag=30723.1 fMag=98955.2 ld0=5.44829e+06 m78=3.18245e+06 frac=0.415882 grounded=0x40800000 linTerm=8.33333e-06
spd=2528.593 ctrl=(1631898.8750,0.0000,-3047168.5000) accum=(42911.9219,0.0000,40381.5391) cMag=31187.1 fMag=102142 ld0=5.63577e+06 m78=3.32695e+06 frac=0.409673 grounded=0x40800000 linTerm=8.33333e-06
spd=2552.842 ctrl=(1637904.0000,0.0000,-3058381.5000) accum=(39164.1250,0.0000,40244.0312) cMag=30704.5 fMag=95343 ld0=5.21913e+06 m78=3.04563e+06 frac=0.416449 grounded=0x40800000 linTerm=1.27157e-12
spd=2537.808 ctrl=(1698932.5000,0.0000,-3016511.2500) accum=(40706.6094,0.0000,41072.6172) cMag=30731.7 fMag=99057.1 ld0=5.45478e+06 m78=3.18302e+06 frac=0.416471 grounded=0x40800000 linTerm=8.33333e-06
spd=2548.927 ctrl=(1763060.6250,0.0000,-2980425.7500) accum=(41265.0156,0.0000,42194.4766) cMag=31191.4 fMag=102231 ld0=5.64161e+06 m78=3.3263e+06 frac=0.410399 grounded=0x40800000 linTerm=8.33333e-06
spd=2573.189 ctrl=(1769569.5000,0.0000,-2991429.0000) accum=(37534.4062,0.0000,41906.9844) cMag=30717.1 fMag=95451.9 ld0=5.22598e+06 m78=3.04575e+06 frac=0.417192 grounded=0x40800000 linTerm=1.27157e-12
spd=2557.916 ctrl=(1828823.8750,0.0000,-2946847.5000) accum=(39026.2266,0.0000,42793.4844) cMag=30740.3 fMag=99157.4 ld0=5.46116e+06 m78=3.18358e+06 frac=0.41705 grounded=0x40800000 linTerm=8.33333e-06
spd=2568.839 ctrl=(1891420.1250,0.0000,-2907920.5000) accum=(39539.6719,0.0000,43939.8828) cMag=31195.6 fMag=102318 ld0=5.64734e+06 m78=3.32564e+06 frac=0.411115 grounded=0x40800000 linTerm=8.33333e-06
spd=2593.115 ctrl=(1898425.6250,0.0000,-2918690.7500) accum=(35832.0898,0.0000,43503.4141) cMag=30729.6 fMag=95558.9 ld0=5.23273e+06 m78=3.04585e+06 frac=0.417922 grounded=0x40800000 linTerm=1.27157e-12
spd=2577.606 ctrl=(1955784.2500,0.0000,-2871476.2500) accum=(37271.3789,0.0000,44445.1914) cMag=30748.8 fMag=99256 ld0=5.46744e+06 m78=3.18412e+06 frac=0.41762 grounded=0x40800000 linTerm=8.33333e-06
spd=2588.335 ctrl=(2016721.6250,0.0000,-2829775.7500) accum=(37738.7227,0.0000,45614.2578) cMag=31199.8 fMag=102403 ld0=5.65297e+06 m78=3.32497e+06 frac=0.411819 grounded=0x40800000 linTerm=8.33333e-06
spd=2612.625 ctrl=(2024215.1250,0.0000,-2840290.2500) accum=(34059.9609,0.0000,45030.1211) cMag=30741.8 fMag=95664.1 ld0=5.23936e+06 m78=3.04595e+06 frac=0.418641 grounded=0x40800000 linTerm=1.27157e-12
spd=2596.883 ctrl=(2079558.1250,0.0000,-2790524.2500) accum=(35444.9336,0.0000,46024.5156) cMag=30757.2 fMag=99353 ld0=5.47361e+06 m78=3.18465e+06 frac=0.418182 grounded=0x40800000 linTerm=8.33333e-06
spd=2607.420 ctrl=(2138712.5000,0.0000,-2746124.5000) accum=(35865.1211,0.0000,47214.3789) cMag=31203.9 fMag=102487 ld0=5.6585e+06 m78=3.3243e+06 frac=0.412513 grounded=0x40800000 linTerm=8.33333e-06
spd=2631.722 ctrl=(2146683.7500,0.0000,-2756359.5000) accum=(32220.8965,0.0000,46484.0000) cMag=30753.9 fMag=95767.4 ld0=5.24588e+06 m78=3.04602e+06 frac=0.419349 grounded=0x40800000 linTerm=1.27157e-12
spd=2615.751 ctrl=(2199900.0000,0.0000,-2704134.5000) accum=(33549.9570,0.0000,47528.1602) cMag=30765.5 fMag=99448.4 ld0=5.47968e+06 m78=3.18516e+06 frac=0.418734 grounded=0x40800000 linTerm=8.33333e-06
spd=2626.100 ctrl=(2257150.0000,0.0000,-2657113.2500) accum=(33921.9609,0.0000,48737.0000) cMag=31208 fMag=102570 ld0=5.66394e+06 m78=3.32362e+06 frac=0.413197 grounded=0x40800000 linTerm=8.33333e-06
spd=2650.413 ctrl=(2265588.0000,0.0000,-2667046.5000) accum=(30317.9570,0.0000,47862.0352) cMag=30765.7 fMag=95868.9 ld0=5.25229e+06 m78=3.04609e+06 frac=0.420045 grounded=0x40800000 linTerm=1.27157e-12
spd=2634.216 ctrl=(2316564.2500,0.0000,-2612454.0000) accum=(31589.5586,0.0000,48953.1836) cMag=30773.7 fMag=99542.1 ld0=5.48566e+06 m78=3.18565e+06 frac=0.419276 grounded=0x40800000 linTerm=8.33333e-06
spd=2644.377 ctrl=(2371794.2500,0.0000,-2562897.2500) accum=(31912.4863,0.0000,50178.9375) cMag=31212.1 fMag=102650 ld0=5.66927e+06 m78=3.32293e+06 frac=0.41387 grounded=0x40800000 linTerm=8.33333e-06
spd=2668.702 ctrl=(2380687.2500,0.0000,-2572507.0000) accum=(28354.2656,0.0000,49161.3008) cMag=30777.4 fMag=95968.6 ld0=5.25859e+06 m78=3.04615e+06 frac=0.42073 grounded=0x40800000 linTerm=1.27157e-12
spd=2652.282 ctrl=(2429318.2500,0.0000,-2515647.0000) accum=(29567.0430,0.0000,50296.6172) cMag=30781.8 fMag=99634.2 ld0=5.49152e+06 m78=3.18613e+06 frac=0.41981 grounded=0x40800000 linTerm=8.33333e-06
spd=2662.259 ctrl=(2482414.5000,0.0000,-2463644.5000) accum=(29840.0977,0.0000,51537.2578) cMag=31216 fMag=102730 ld0=5.67451e+06 m78=3.32225e+06 frac=0.414532 grounded=0x40800000 linTerm=8.33333e-06
spd=2686.595 ctrl=(2491750.0000,0.0000,-2472909.5000) accum=(26333.2031,0.0000,50379.0898) cMag=30788.9 fMag=96066.5 ld0=5.26479e+06 m78=3.04619e+06 frac=0.421403 grounded=0x40800000 linTerm=1.27157e-12
spd=2669.955 ctrl=(2537934.2500,0.0000,-2413885.2500) accum=(27485.8789,0.0000,51555.8281) cMag=30789.8 fMag=99724.7 ld0=5.4973e+06 m78=3.18659e+06 frac=0.420335 grounded=0x40800000 linTerm=8.33333e-06
spd=2679.751 ctrl=(2588787.0000,0.0000,-2359531.0000) accum=(27708.3086,0.0000,52809.1836) cMag=31219.9 fMag=102807 ld0=5.67965e+06 m78=3.32155e+06 frac=0.415183 grounded=0x40800000 linTerm=8.33333e-06
spd=2704.097 ctrl=(2598549.5000,0.0000,-2368429.0000) accum=(24258.1348,0.0000,51512.7578) cMag=30800.2 fMag=96162.6 ld0=5.27088e+06 m78=3.04623e+06 frac=0.422064 grounded=0x40800000 linTerm=1.27157e-12
spd=2687.241 ctrl=(2642192.0000,0.0000,-2307350.7500) accum=(25349.6562,0.0000,52728.0430) cMag=30797.7 fMag=99813.8 ld0=5.50297e+06 m78=3.18704e+06 frac=0.420851 grounded=0x40800000 linTerm=8.33333e-06
spd=2696.858 ctrl=(2690697.5000,0.0000,-2250745.2500) accum=(25520.8320,0.0000,53992.1484) cMag=31223.8 fMag=102884 ld0=5.6847e+06 m78=3.32086e+06 frac=0.415825 grounded=0x40800000 linTerm=8.33333e-06
spd=2721.214 ctrl=(2700873.0000,0.0000,-2259256.7500) accum=(22132.7090,0.0000,52560.0391) cMag=30811.4 fMag=96257.1 ld0=5.27686e+06 m78=3.04625e+06 frac=0.422715 grounded=0x40800000 linTerm=1.27157e-12
spd=2704.146 ctrl=(2741879.2500,0.0000,-2196234.7500) accum=(23162.0195,0.0000,53810.8906) cMag=30805.5 fMag=99901.2 ld0=5.50855e+06 m78=3.18748e+06 frac=0.421358 grounded=0x40800000 linTerm=8.33333e-06
spd=2713.585 ctrl=(2787937.7500,0.0000,-2137482.5000) accum=(23281.3438,0.0000,55083.5117) cMag=31227.6 fMag=102959 ld0=5.68965e+06 m78=3.32017e+06 frac=0.416455 grounded=0x40800000 linTerm=8.33333e-06
spd=2737.951 ctrl=(2798510.7500,0.0000,-2145588.7500) accum=(19960.4570,0.0000,53518.3789) cMag=30822.3 fMag=96349.7 ld0=5.28274e+06 m78=3.04627e+06 frac=0.423354 grounded=0x40800000 linTerm=1.27157e-12
spd=2720.673 ctrl=(2836795.0000,0.0000,-2080740.5000) accum=(20926.7520,0.0000,54801.9805) cMag=30813.2 fMag=99987 ld0=5.51402e+06 m78=3.1879e+06 frac=0.421856 grounded=0x40800000 linTerm=8.33333e-06
spd=2729.938 ctrl=(2880310.7500,0.0000,-2019949.6250) accum=(20993.7734,0.0000,56081.0938) cMag=31231.4 fMag=103032 ld0=5.69451e+06 m78=3.31947e+06 frac=0.417075 grounded=0x40800000 linTerm=8.33333e-06
spd=2754.313 ctrl=(2891263.5000,0.0000,-2027630.6250) accum=(17745.3145,0.0000,54385.7617) cMag=30833.1 fMag=96440.8 ld0=5.28851e+06 m78=3.04628e+06 frac=0.423981 grounded=0x40800000 linTerm=1.27157e-12
spd=2736.829 ctrl=(2926744.7500,0.0000,-1961076.7500) accum=(18647.7617,0.0000,55699.2578) cMag=30820.8 fMag=100071 ld0=5.5194e+06 m78=3.18831e+06 frac=0.422345 grounded=0x40800000 linTerm=8.33333e-06
spd=2745.923 ctrl=(2967628.0000,0.0000,-1898360.7500) accum=(18662.1797,0.0000,56982.5508) cMag=31235.1 fMag=103105 ld0=5.69929e+06 m78=3.31878e+06 frac=0.417685 grounded=0x40800000 linTerm=8.33333e-06
spd=2770.307 ctrl=(2978942.2500,0.0000,-1905598.2500) accum=(15491.0576,0.0000,55160.2578) cMag=30843.7 fMag=96530.1 ld0=5.29418e+06 m78=3.04629e+06 frac=0.424597 grounded=0x40800000 linTerm=1.27157e-12
spd=2752.620 ctrl=(3011544.5000,0.0000,-1837463.0000) accum=(16329.0391,0.0000,56500.7539) cMag=30828.3 fMag=100154 ld0=5.52469e+06 m78=3.18871e+06 frac=0.422826 grounded=0x40800000 linTerm=8.33333e-06
spd=2761.545 ctrl=(3049710.7500,0.0000,-1772939.1250) accum=(16290.5400,0.0000,57786.0352) cMag=31238.8 fMag=103175 ld0=5.70397e+06 m78=3.31809e+06 frac=0.418284 grounded=0x40800000 linTerm=8.33333e-06
spd=2785.938 ctrl=(3061368.7500,0.0000,-1779716.6250) accum=(13201.7168,0.0000,55839.9141) cMag=30854 fMag=96617.7 ld0=5.29975e+06 m78=3.04629e+06 frac=0.425202 grounded=0x40800000 linTerm=1.27157e-12
spd=2768.052 ctrl=(3091020.7500,0.0000,-1710126.8750) accum=(13974.7070,0.0000,57204.5859) cMag=30835.7 fMag=100236 ld0=5.52988e+06 m78=3.18909e+06 frac=0.423298 grounded=0x40800000 linTerm=8.33333e-06
spd=2776.811 ctrl=(3126389.2500,0.0000,-1643914.7500) accum=(13883.0537,0.0000,58489.6602) cMag=31242.5 fMag=103245 ld0=5.70856e+06 m78=3.3174e+06 frac=0.418873 grounded=0x40800000 linTerm=8.33333e-06
spd=2801.211 ctrl=(3138371.2500,0.0000,-1650215.1250) accum=(10881.2500,0.0000,56423.2617) cMag=30864.3 fMag=96703.7 ld0=5.30522e+06 m78=3.04628e+06 frac=0.425795 grounded=0x40800000 linTerm=1.27157e-12
spd=2783.130 ctrl=(3165010.2500,0.0000,-1579302.3750) accum=(11588.8887,0.0000,57809.2031) cMag=30843 fMag=100315 ld0=5.53498e+06 m78=3.18947e+06 frac=0.423762 grounded=0x40800000 linTerm=8.33333e-06
spd=2791.726 ctrl=(3197506.2500,0.0000,-1511526.1250) accum=(11444.0391,0.0000,59091.8477) cMag=31246.1 fMag=103313 ld0=5.71307e+06 m78=3.31671e+06 frac=0.419452 grounded=0x40800000 linTerm=8.33333e-06
spd=2816.134 ctrl=(3209790.7500,0.0000,-1517333.2500) accum=(8533.8369,0.0000,56908.8359) cMag=30874.4 fMag=96788.2 ld0=5.31058e+06 m78=3.04626e+06 frac=0.426379 grounded=0x40800000 linTerm=1.27157e-12
spd=2797.860 ctrl=(3233359.2500,0.0000,-1445231.2500) accum=(9175.8604,0.0000,58313.1211) cMag=30850.1 fMag=100394 ld0=5.53999e+06 m78=3.18983e+06 frac=0.424216 grounded=0x40800000 linTerm=8.33333e-06
spd=2806.295 ctrl=(3262915.0000,0.0000,-1376018.7500) accum=(8977.7891,0.0000,59591.0469) cMag=31249.6 fMag=103380 ld0=5.7175e+06 m78=3.31603e+06 frac=0.42002 grounded=0x40800000 linTerm=8.33333e-06
spd=2830.710 ctrl=(3275481.0000,0.0000,-1381318.0000) accum=(6163.7007,0.0000,57295.3047) cMag=30884.2 fMag=96871 ld0=5.31585e+06 m78=3.04625e+06 frac=0.426951 grounded=0x40800000 linTerm=1.27157e-12
spd=2812.248 ctrl=(3295924.0000,0.0000,-1308161.6250) accum=(6739.9067,0.0000,58715.1641) cMag=30857.2 fMag=100471 ld0=5.5449e+06 m78=3.19018e+06 frac=0.424663 grounded=0x40800000 linTerm=8.33333e-06
spd=2820.524 ctrl=(3322476.5000,0.0000,-1237642.8750) accum=(6488.8291,0.0000,59986.1055) cMag=31253.1 fMag=103445 ld0=5.72184e+06 m78=3.31535e+06 frac=0.420579 grounded=0x40800000 linTerm=8.33333e-06
spd=2844.947 ctrl=(3335302.0000,0.0000,-1242420.7500) accum=(3775.0535,0.0000,57581.5898) cMag=30894 fMag=96952.2 ld0=5.32102e+06 m78=3.04622e+06 frac=0.427512 grounded=0x40800000 linTerm=1.27157e-12
spd=2826.299 ctrl=(3352575.2500,0.0000,-1168348.0000) accum=(4285.3945,0.0000,59014.1758) cMag=30864.2 fMag=100546 ld0=5.54972e+06 m78=3.19053e+06 frac=0.425101 grounded=0x40800000 linTerm=8.33333e-06
spd=2834.420 ctrl=(3376067.7500,0.0000,-1096656.2500) accum=(3981.4456,0.0000,60275.8828) cMag=31256.6 fMag=103510 ld0=5.72609e+06 m78=3.31468e+06 frac=0.421127 grounded=0x40800000 linTerm=8.33333e-06
spd=2858.850 ctrl=(3389131.7500,0.0000,-1100899.8750) accum=(1372.3190,0.0000,57766.7227) cMag=30903.5 fMag=97031.9 ld0=5.3261e+06 m78=3.0462e+06 frac=0.428062 grounded=0x40800000 linTerm=1.27157e-12
spd=2840.020 ctrl=(3403192.7500,0.0000,-1026051.3125) accum=(1816.7125,0.0000,59209.3320) cMag=30871.1 fMag=100620 ld0=5.55445e+06 m78=3.19086e+06 frac=0.425532 grounded=0x40800000 linTerm=8.33333e-06
spd=2847.989 ctrl=(3423573.0000,0.0000,-953321.3750) accum=(1460.2421,0.0000,60459.5508) cMag=31260 fMag=103573 ld0=5.73026e+06 m78=3.31401e+06 frac=0.421665 grounded=0x40800000 linTerm=8.33333e-06
spd=2872.424 ctrl=(3801333.2500,0.0000,-1058511.7500) accum=(-1040.3386,0.0000,57850.0898) cMag=30912.9 fMag=97110 ld0=5.33107e+06 m78=3.04616e+06 frac=0.428601 grounded=0x40800000 linTerm=1.27157e-12
spd=2853.416 ctrl=(3813816.5000,0.0000,-975156.5625) accum=(-661.5701,0.0000,59299.9258) cMag=30877.9 fMag=100693 ld0=5.5591e+06 m78=3.19118e+06 frac=0.425954 grounded=0x40800000 linTerm=8.33333e-06
spd=2864.154 ctrl=(3833598.7500,0.0000,-893876.5625) accum=(-1175.6532,0.0000,60321.8711) cMag=31321.6 fMag=103788 ld0=5.74073e+06 m78=3.34092e+06 frac=0.418033 grounded=0x40800000 linTerm=8.33333e-06
spd=2891.573 ctrl=(3848950.7500,0.0000,-897456.1250) accum=(-3558.7957,0.0000,57641.7500) cMag=30895.2 fMag=96966.4 ld0=5.32193e+06 m78=3.04367e+06 frac=0.428088 grounded=0x40800000 linTerm=1.27157e-12
spd=2872.350 ctrl=(3857784.2500,0.0000,-813490.0000) accum=(-3227.8091,0.0000,59129.0156) cMag=30862.8 fMag=100577 ld0=5.5517e+06 m78=3.18903e+06 frac=0.425575 grounded=0x40800000 linTerm=8.33333e-06
spd=2882.921 ctrl=(3874003.2500,0.0000,-731293.4375) accum=(-3766.5989,0.0000,60157.6328) cMag=31304 fMag=103686 ld0=5.73445e+06 m78=3.33761e+06 frac=0.417973 grounded=0x40800000 linTerm=8.33333e-06
spd=2910.390 ctrl=(3889493.7500,0.0000,-734217.5625) accum=(-6025.0005,0.0000,57399.6797) cMag=30888.2 fMag=96910.4 ld0=5.31836e+06 m78=3.04226e+06 frac=0.42797 grounded=0x40800000 linTerm=1.27157e-12
spd=2890.942 ctrl=(3894656.5000,0.0000,-649807.1250) accum=(-5750.3281,0.0000,58910.0938) cMag=30856.4 fMag=100536 ld0=5.54909e+06 m78=3.18797e+06 frac=0.425497 grounded=0x40800000 linTerm=8.33333e-06
spd=2901.331 ctrl=(3907278.2500,0.0000,-566856.3750) accum=(-6320.8413,0.0000,59936.0703) cMag=31294.1 fMag=103649 ld0=5.73232e+06 m78=3.3353e+06 frac=0.418159 grounded=0x40800000 linTerm=8.33333e-06
spd=2928.836 ctrl=(3922902.7500,0.0000,-569123.1875) accum=(-8455.6279,0.0000,57102.5859) cMag=30888 fMag=96910.5 ld0=5.31837e+06 m78=3.04147e+06 frac=0.42812 grounded=0x40800000 linTerm=1.27157e-12
spd=2909.158 ctrl=(3924376.5000,0.0000,-484433.6562) accum=(-8242.1621,0.0000,58625.5898) cMag=30855.3 fMag=100543 ld0=5.54957e+06 m78=3.18754e+06 frac=0.425624 grounded=0x40800000 linTerm=8.33333e-06
spd=2919.359 ctrl=(3933369.2500,0.0000,-400891.0000) accum=(-8848.6416,0.0000,59641.7891) cMag=31289.2 fMag=103654 ld0=5.73283e+06 m78=3.33358e+06 frac=0.418511 grounded=0x40800000 linTerm=8.33333e-06
spd=2946.890 ctrl=(3949118.0000,0.0000,-402496.1875) accum=(-10859.5742,0.0000,56735.8047) cMag=30892.2 fMag=96946.1 ld0=5.32064e+06 m78=3.04101e+06 frac=0.42845 grounded=0x40800000 linTerm=1.27157e-12
spd=2926.980 ctrl=(3946890.5000,0.0000,-317692.7188) accum=(-10709.8809,0.0000,58263.2891) cMag=30857.8 fMag=100581 ld0=5.55199e+06 m78=3.18746e+06 frac=0.425888 grounded=0x40800000 linTerm=8.33333e-06
spd=2936.987 ctrl=(3952231.0000,0.0000,-233720.9688) accum=(-11354.7412,0.0000,59264.4180) cMag=31287.6 fMag=103685 ld0=5.73503e+06 m78=3.33219e+06 frac=0.418975 grounded=0x40800000 linTerm=8.33333e-06
spd=2964.538 ctrl=(3968084.0000,0.0000,-234658.4688) accum=(-13240.6611,0.0000,56289.4141) cMag=30899.1 fMag=97004.2 ld0=5.32434e+06 m78=3.04074e+06 frac=0.428897 grounded=0x40800000 linTerm=1.27157e-12
spd=2944.396 ctrl=(3962150.7500,0.0000,-149906.6250) accum=(-13155.9453,0.0000,57815.1406) cMag=30862.5 fMag=100638 ld0=5.55565e+06 m78=3.18759e+06 frac=0.426243 grounded=0x40800000 linTerm=8.33333e-06
spd=2954.209 ctrl=(3963821.5000,0.0000,-65668.9844) accum=(-13840.2158,0.0000,58796.8359) cMag=31288.1 fMag=103733 ld0=5.73828e+06 m78=3.33102e+06 frac=0.419509 grounded=0x40800000 linTerm=8.33333e-06
spd=2981.774 ctrl=(3979755.0000,0.0000,-65932.9609) accum=(-15599.6826,0.0000,55756.8594) cMag=30907.8 fMag=97076.2 ld0=5.32893e+06 m78=3.04058e+06 frac=0.429421 grounded=0x40800000 linTerm=1.27157e-12
spd=2961.402 ctrl=(3970121.2500,0.0000,18602.1719) accum=(-15580.2139,0.0000,57275.7422) cMag=30868.5 fMag=100707 ld0=5.56006e+06 m78=3.18783e+06 frac=0.426656 grounded=0x40800000 linTerm=8.33333e-06
spd=2971.022 ctrl=(3968112.0000,0.0000,102942.2578) accum=(-16304.1592,0.0000,58234.5117) cMag=31289.9 fMag=103791 ld0=5.74218e+06 m78=3.32996e+06 frac=0.420088 grounded=0x40800000 linTerm=8.33333e-06
spd=2998.599 ctrl=(3984102.2500,0.0000,103357.0859) accum=(-17935.4668,0.0000,55133.8789) cMag=30917.4 fMag=97156.7 ld0=5.33406e+06 m78=3.04047e+06 frac=0.42999 grounded=0x40800000 linTerm=1.27157e-12
spd=2977.999 ctrl=(3970776.7500,0.0000,187510.6094) accum=(-17980.8750,0.0000,56641.6836) cMag=30875.5 fMag=100783 ld0=5.56494e+06 m78=3.18812e+06 frac=0.427105 grounded=0x40800000 linTerm=8.33333e-06
spd=2987.428 ctrl=(3965084.7500,0.0000,271789.5000) accum=(-18744.2715,0.0000,57574.6016) cMag=31292.6 fMag=103855 ld0=5.74647e+06 m78=3.32898e+06 frac=0.420692 grounded=0x40800000 linTerm=8.33333e-06
spd=3015.014 ctrl=(3981104.2500,0.0000,272887.5625) accum=(-20245.6465,0.0000,54417.9883) cMag=30927.7 fMag=97242 ld0=5.3395e+06 m78=3.04038e+06 frac=0.430587 grounded=0x40800000 linTerm=1.27157e-12
spd=2994.190 ctrl=(3964105.0000,0.0000,356495.7812) accum=(-20355.1270,0.0000,55911.0586) cMag=30883 fMag=100864 ld0=5.57007e+06 m78=3.18845e+06 frac=0.427576 grounded=0x40800000 linTerm=8.33333e-06
spd=3003.428 ctrl=(3954734.7500,0.0000,440550.1562) accum=(-21157.2520,0.0000,56815.5859) cMag=31295.8 fMag=103923 ld0=5.75099e+06 m78=3.32804e+06 frac=0.421309 grounded=0x40800000 linTerm=8.33333e-06
spd=3031.023 ctrl=(3970754.2500,0.0000,442334.6875) accum=(-22526.9473,0.0000,53607.8125) cMag=30938.3 fMag=97329.8 ld0=5.3451e+06 m78=3.04031e+06 frac=0.431198 grounded=0x40800000 linTerm=1.27157e-12
spd=3009.979 ctrl=(3950106.2500,0.0000,525234.6875) accum=(-22699.5723,0.0000,55083.0312) cMag=30890.8 fMag=100946 ld0=5.57534e+06 m78=3.18878e+06 frac=0.428057 grounded=0x40800000 linTerm=8.33333e-06
spd=3019.030 ctrl=(3937068.5000,0.0000,608901.3750) accum=(-23539.6113,0.0000,55956.9102) cMag=31299.4 fMag=103992 ld0=5.75561e+06 m78=3.32713e+06 frac=0.421932 grounded=0x40800000 linTerm=8.33333e-06
spd=3046.631 ctrl=(3953058.5000,0.0000,611374.3125) accum=(-24775.9922,0.0000,52702.9844) cMag=30949 fMag=97418.7 ld0=5.35077e+06 m78=3.04023e+06 frac=0.431814 grounded=0x40800000 linTerm=1.27157e-12
spd=3025.370 ctrl=(3928794.0000,0.0000,693404.5000) accum=(-25010.3574,0.0000,54157.4492) cMag=30898.7 fMag=101030 ld0=5.58066e+06 m78=3.18911e+06 frac=0.428542 grounded=0x40800000 linTerm=8.33333e-06
spd=3034.238 ctrl=(3912107.5000,0.0000,776521.3125) accum=(-25887.2090,0.0000,54998.6367) cMag=31303.2 fMag=104063 ld0=5.76028e+06 m78=3.32625e+06 frac=0.422554 grounded=0x40800000 linTerm=8.33333e-06
spd=3061.845 ctrl=(3928039.5000,0.0000,779683.6875) accum=(-26988.7695,0.0000,51703.7031) cMag=30959.8 fMag=97507.5 ld0=5.35644e+06 m78=3.04016e+06 frac=0.432429 grounded=0x40800000 linTerm=1.27157e-12
spd=3040.371 ctrl=(3900196.5000,0.0000,860683.8125) accum=(-27283.6094,0.0000,53134.8125) cMag=30906.7 fMag=101113 ld0=5.58598e+06 m78=3.18944e+06 frac=0.429027 grounded=0x40800000 linTerm=8.33333e-06
spd=3049.058 ctrl=(3879887.2500,0.0000,943089.6250) accum=(-28196.0215,0.0000,53941.4297) cMag=31307.1 fMag=104133 ld0=5.76494e+06 m78=3.32538e+06 frac=0.423171 grounded=0x40800000 linTerm=8.33333e-06
spd=3076.671 ctrl=(3895730.0000,0.0000,946940.6250) accum=(-29161.4238,0.0000,50610.7656) cMag=30970.5 fMag=97595.8 ld0=5.36208e+06 m78=3.04009e+06 frac=0.43304 grounded=0x40800000 linTerm=1.27157e-12
spd=3054.989 ctrl=(3864355.5000,0.0000,1026752.8125) accum=(-29515.1680,0.0000,52016.0430) cMag=30914.8 fMag=101195 ld0=5.59126e+06 m78=3.18977e+06 frac=0.429508 grounded=0x40800000 linTerm=8.33333e-06
spd=3063.498 ctrl=(3840456.7500,0.0000,1108287.7500) accum=(-30461.8242,0.0000,52786.3555) cMag=31311.1 fMag=104203 ld0=5.76956e+06 m78=3.32453e+06 frac=0.423781 grounded=0x40800000 linTerm=8.33333e-06
spd=3091.115 ctrl=(3856179.0000,0.0000,1112825.0000) accum=(-31289.8730,0.0000,49425.2773) cMag=30981.1 fMag=97683.1 ld0=5.36766e+06 m78=3.04001e+06 frac=0.433643 grounded=0x40800000 linTerm=1.27157e-12
spd=1540.647 ctrl=(-1667924.2500,0.0000,3122345.7500) accum=(-23067.6621,0.0000,-38895.2852) cMag=35814 fMag=99050.8 ld0=5.30835e+06 m78=4.38681e+06 frac=0.173602 grounded=0x40800000 linTerm=8.33333e-06
spd=1563.306 ctrl=(-1736845.7500,0.0000,3091449.0000) accum=(-26556.4570,0.0000,-37605.5156) cMag=29882.5 fMag=85735.7 ld0=4.66145e+06 m78=3.17662e+06 frac=0.318533 grounded=0x40800000 linTerm=8.33333e-06
spd=1590.835 ctrl=(-1741507.0000,0.0000,3099745.5000) accum=(-23902.6719,0.0000,-37071.6836) cMag=29178.9 fMag=80085.8 ld0=4.37576e+06 m78=2.94991e+06 frac=0.325852 grounded=0x40800000 linTerm=1.27157e-12
spd=1585.500 ctrl=(-1805292.3750,0.0000,3059176.7500) accum=(-27485.3691,0.0000,-38561.0117) cMag=29603.6 fMag=85979.8 ld0=4.68668e+06 m78=3.07683e+06 frac=0.343496 grounded=0x40800000 linTerm=8.33333e-06
spd=1607.571 ctrl=(-1872717.7500,0.0000,3024691.0000) accum=(-28732.8594,0.0000,-39615.8203) cMag=30327.6 fMag=91045.7 ld0=4.94814e+06 m78=3.30239e+06 frac=0.332599 grounded=0x40800000 linTerm=8.33333e-06
spd=1634.759 ctrl=(-1878089.0000,0.0000,3033366.2500) accum=(-25709.3184,0.0000,-39044.7031) cMag=29559.6 fMag=84388.2 ld0=4.59788e+06 m78=3.0191e+06 frac=0.343371 grounded=0x40800000 linTerm=1.27157e-12
spd=1628.940 ctrl=(-1940105.7500,0.0000,2989665.5000) accum=(-28509.9277,0.0000,-40418.7695) cMag=29905.7 fMag=89584.8 ld0=4.88086e+06 m78=3.15311e+06 frac=0.353984 grounded=0x40800000 linTerm=8.33333e-06
spd=1650.490 ctrl=(-2006080.2500,0.0000,2952008.0000) accum=(-30423.6973,0.0000,-42170.5352) cMag=30603.9 fMag=94062 ld0=5.12301e+06 m78=3.27096e+06 frac=0.361516 grounded=0x40800000 linTerm=8.33333e-06
spd=1677.453 ctrl=(-2012131.6250,0.0000,2960912.7500) accum=(-25979.4141,0.0000,-40750.7031) cMag=29800.3 fMag=86886.4 ld0=4.7288e+06 m78=3.06027e+06 frac=0.352843 grounded=0x40800000 linTerm=1.27157e-12
spd=1671.188 ctrl=(-2072331.5000,0.0000,2914304.2500) accum=(-29533.2441,0.0000,-42865.3750) cMag=30093.2 fMag=91681 ld0=5.00029e+06 m78=3.09265e+06 frac=0.381506 grounded=0x40800000 linTerm=8.33333e-06
spd=1692.312 ctrl=(-2136769.5000,0.0000,2873615.7500) accum=(-29967.7969,0.0000,-43897.3867) cMag=30771.5 fMag=95834.5 ld0=5.23068e+06 m78=3.30959e+06 frac=0.367273 grounded=0x40800000 linTerm=8.33333e-06
spd=1719.153 ctrl=(-2143437.7500,0.0000,2882583.5000) accum=(-25380.5820,0.0000,-42252.8125) cMag=29951.6 fMag=88389.3 ld0=4.80964e+06 m78=3.08646e+06 frac=0.358277 grounded=0x40800000 linTerm=1.27157e-12
spd=1712.483 ctrl=(-2201714.5000,0.0000,2833178.5000) accum=(-28657.9590,0.0000,-44439.4844) cMag=30209.1 fMag=92946.7 ld0=5.07514e+06 m78=3.11894e+06 frac=0.385447 grounded=0x40800000 linTerm=8.33333e-06
spd=1733.253 ctrl=(-2264489.2500,0.0000,2789533.5000) accum=(-28947.7832,0.0000,-45484.5547) cMag=30873.1 fMag=96916.1 ld0=5.29757e+06 m78=3.32928e+06 frac=0.371546 grounded=0x40800000 linTerm=8.33333e-06
spd=1760.035 ctrl=(-2271720.5000,0.0000,2798441.2500) accum=(-24290.1406,0.0000,-43603.1680) cMag=30049 fMag=89336.3 ld0=4.86159e+06 m78=3.10266e+06 frac=0.361802 grounded=0x40800000 linTerm=1.27157e-12
spd=1752.989 ctrl=(-2327952.2500,0.0000,2746327.0000) accum=(-27384.0371,0.0000,-45891.5820) cMag=30282.2 fMag=93748.6 ld0=5.12343e+06 m78=3.13307e+06 frac=0.388481 grounded=0x40800000 linTerm=8.33333e-06
spd=1773.449 ctrl=(-2388928.5000,0.0000,2699792.2500) accum=(-27568.1016,0.0000,-46939.7812) cMag=30936.1 fMag=97611.6 ld0=5.34099e+06 m78=3.3398e+06 frac=0.374686 grounded=0x40800000 linTerm=8.33333e-06
spd=1800.213 ctrl=(-2396680.7500,0.0000,2708553.2500) accum=(-22901.8320,0.0000,-44828.6562) cMag=30114.9 fMag=89970.3 ld0=4.89691e+06 m78=3.11316e+06 frac=0.364261 grounded=0x40800000 linTerm=1.27157e-12
spd=1792.808 ctrl=(-2450741.5000,0.0000,2653815.7500) accum=(-25850.2832,0.0000,-47228.1641) cMag=30330.5 fMag=94289.4 ld0=5.15631e+06 m78=3.14125e+06 frac=0.390796 grounded=0x40800000 linTerm=8.33333e-06
spd=1812.981 ctrl=(-2509782.0000,0.0000,2604462.2500) accum=(-25955.8594,0.0000,-48277.9805) cMag=30976.7 fMag=98088.6 ld0=5.37097e+06 m78=3.34562e+06 frac=0.377092 grounded=0x40800000 linTerm=8.33333e-06
spd=1839.750 ctrl=(-2518025.2500,0.0000,2613016.2500) accum=(-21324.0918,0.0000,-45947.0312) cMag=30162.7 fMag=90425.9 ld0=4.92259e+06 m78=3.1204e+06 frac=0.366106 grounded=0x40800000 linTerm=1.27157e-12
spd=1831.998 ctrl=(-2569791.0000,0.0000,2555746.2500) accum=(-24142.6758,0.0000,-48459.1836) cMag=30364.4 fMag=94681.2 ld0=5.18028e+06 m78=3.14638e+06 frac=0.392625 grounded=0x40800000 linTerm=8.33333e-06
spd=1851.897 ctrl=(-2626762.7500,0.0000,2503654.2500) accum=(-24186.6133,0.0000,-49510.7188) cMag=31004.4 fMag=98440.1 ld0=5.39317e+06 m78=3.34897e+06 frac=0.379036 grounded=0x40800000 linTerm=8.33333e-06
spd=1878.684 ctrl=(-2635473.2500,0.0000,2511956.7500) accum=(-20666.1016,0.0000,-47977.2773) cMag=30199.7 fMag=90778.2 ld0=4.94264e+06 m78=3.01706e+06 frac=0.389586 grounded=0x40800000 linTerm=1.27157e-12
spd=1870.589 ctrl=(-2684823.5000,0.0000,2452252.5000) accum=(-22313.2461,0.0000,-49592.4336) cMag=30390 fMag=94986.9 ld0=5.19906e+06 m78=3.1499e+06 frac=0.394141 grounded=0x40800000 linTerm=8.33333e-06
spd=1890.222 ctrl=(-2739595.2500,0.0000,2397508.0000) accum=(-22305.3340,0.0000,-50645.9805) cMag=31024.4 fMag=98718.2 ld0=5.41083e+06 m78=3.35096e+06 frac=0.380694 grounded=0x40800000 linTerm=8.33333e-06
spd=1917.034 ctrl=(-2748755.7500,0.0000,2405524.7500) accum=(-18836.3223,0.0000,-48963.3047) cMag=30230.4 fMag=91069.6 ld0=4.95936e+06 m78=3.02033e+06 frac=0.390984 grounded=0x40800000 linTerm=1.27157e-12
spd=1908.600 ctrl=(-2795573.0000,0.0000,2343488.5000) accum=(-20393.5176,0.0000,-50633.0742) cMag=30410.7 fMag=95241.7 ld0=5.21478e+06 m78=3.15255e+06 frac=0.395458 grounded=0x40800000 linTerm=8.33333e-06
spd=1927.969 ctrl=(-2848019.0000,0.0000,2286187.0000) accum=(-20339.2285,0.0000,-51688.4961) cMag=31039.9 fMag=98952.6 ld0=5.42578e+06 m78=3.35219e+06 frac=0.382173 grounded=0x40800000 linTerm=8.33333e-06
spd=1954.811 ctrl=(-2857611.7500,0.0000,2293887.5000) accum=(-16935.6387,0.0000,-49863.9883) cMag=30257.4 fMag=91324.1 ld0=4.97407e+06 m78=3.02283e+06 frac=0.392282 grounded=0x40800000 linTerm=1.27157e-12
spd=1946.038 ctrl=(-2901784.0000,0.0000,2229630.2500) accum=(-18403.1641,0.0000,-51583.8281) cMag=30428.5 fMag=95465.8 ld0=5.22864e+06 m78=3.15471e+06 frac=0.396648 grounded=0x40800000 linTerm=8.33333e-06
spd=1965.144 ctrl=(-2951782.7500,0.0000,2169873.0000) accum=(-18305.3262,0.0000,-52640.5312) cMag=31052.7 fMag=99160 ld0=5.43904e+06 m78=3.35297e+06 frac=0.383537 grounded=0x40800000 linTerm=8.33333e-06
spd=1992.018 ctrl=(-2961792.5000,0.0000,2177231.5000) accum=(-14977.4375,0.0000,-50680.4180) cMag=30282 fMag=91555.5 ld0=4.98755e+06 m78=3.02487e+06 frac=0.393516 grounded=0x40800000 linTerm=1.27157e-12
spd=1982.906 ctrl=(-3003214.7500,0.0000,2110869.2500) accum=(-16354.9648,0.0000,-52445.8477) cMag=30444.5 fMag=95670.6 ld0=5.24134e+06 m78=3.15657e+06 frac=0.397755 grounded=0x40800000 linTerm=8.33333e-06
spd=2001.749 ctrl=(-3050648.7500,0.0000,2048763.3750) accum=(-16215.0176,0.0000,-53502.7930) cMag=31063.7 fMag=99349.8 ld0=5.45122e+06 m78=3.35346e+06 frac=0.384825 grounded=0x40800000 linTerm=8.33333e-06
spd=2028.655 ctrl=(-3061060.5000,0.0000,2055755.7500) accum=(-12970.8369,0.0000,-51412.8984) cMag=30305.2 fMag=91771.7 ld0=5.00022e+06 m78=3.02659e+06 frac=0.394709 grounded=0x40800000 linTerm=1.27157e-12
spd=2019.205 ctrl=(-3099630.0000,0.0000,1987409.7500) accum=(-14257.7793,0.0000,-53219.2539) cMag=30459.4 fMag=95862.7 ld0=5.25328e+06 m78=3.15824e+06 frac=0.398806 grounded=0x40800000 linTerm=8.33333e-06
spd=2037.784 ctrl=(-3144387.5000,0.0000,1923068.7500) accum=(-14076.4189,0.0000,-54275.1914) cMag=31073.5 fMag=99527.8 ld0=5.46268e+06 m78=3.35374e+06 frac=0.386062 grounded=0x40800000 linTerm=8.33333e-06
spd=2064.723 ctrl=(-3155185.2500,0.0000,1929672.5000) accum=(-10922.6807,0.0000,-52060.7656) cMag=30327.2 fMag=91977.3 ld0=5.01235e+06 m78=3.02809e+06 frac=0.395874 grounded=0x40800000 linTerm=1.27157e-12
spd=2054.934 ctrl=(-3190807.0000,0.0000,1859469.2500) accum=(-12118.3652,0.0000,-53903.6250) cMag=30473.6 fMag=96046.1 ld0=5.26471e+06 m78=3.15979e+06 frac=0.399818 grounded=0x40800000 linTerm=8.33333e-06
spd=2073.248 ctrl=(-3232781.7500,0.0000,1793011.6250) accum=(-11895.8418,0.0000,-54956.9922) cMag=31082.6 fMag=99697.4 ld0=5.47361e+06 m78=3.35389e+06 frac=0.387262 grounded=0x40800000 linTerm=8.33333e-06
spd=2100.219 ctrl=(-3243950.0000,0.0000,1799206.0000) accum=(-8838.3857,0.0000,-52623.2539) cMag=30348.6 fMag=92175.1 ld0=5.02409e+06 m78=3.02942e+06 frac=0.397021 grounded=0x40800000 linTerm=1.27157e-12
spd=2090.092 ctrl=(-3276532.7500,0.0000,1727275.5000) accum=(-9942.2627,0.0000,-54497.9727) cMag=30487.3 fMag=96223.1 ld0=5.27576e+06 m78=3.16123e+06 frac=0.400801 grounded=0x40800000 linTerm=8.33333e-06
spd=2108.139 ctrl=(-3315625.7500,0.0000,1658826.5000) accum=(-9678.6641,0.0000,-55547.1758) cMag=31091.1 fMag=99860.5 ld0=5.48415e+06 m78=3.35392e+06 frac=0.388434 grounded=0x40800000 linTerm=8.33333e-06
spd=2135.142 ctrl=(-3327147.2500,0.0000,1664590.7500) accum=(-6722.6460,0.0000,-53099.1602) cMag=30369.3 fMag=92366.9 ld0=5.03553e+06 m78=3.03062e+06 frac=0.398153 grounded=0x40800000 linTerm=1.27157e-12
spd=2124.676 ctrl=(-3356607.0000,0.0000,1591068.5000) accum=(-7734.2700,0.0000,-55001.2070) cMag=30500.6 fMag=96395 ld0=5.28652e+06 m78=3.16261e+06 frac=0.40176 grounded=0x40800000 linTerm=8.33333e-06
spd=2142.457 ctrl=(-3392721.5000,0.0000,1520756.3750) accum=(-7429.5581,0.0000,-56044.5742) cMag=31099.2 fMag=100018 ld0=5.49437e+06 m78=3.35386e+06 frac=0.389584 grounded=0x40800000 linTerm=8.33333e-06
spd=2169.490 ctrl=(-3404578.0000,0.0000,1526070.8750) accum=(-4579.6963,0.0000,-53487.4336) cMag=30389.7 fMag=92553.5 ld0=5.04673e+06 m78=3.0317e+06 frac=0.399275 grounded=0x40800000 linTerm=1.27157e-12
spd=2158.686 ctrl=(-3430838.2500,0.0000,1451097.0000) accum=(-5498.8574,0.0000,-55412.1016) cMag=30513.6 fMag=96562.8 ld0=5.29703e+06 m78=3.16391e+06 frac=0.402701 grounded=0x40800000 linTerm=8.33333e-06
spd=2176.199 ctrl=(-3463886.2500,0.0000,1379055.8750) accum=(-5153.0361,0.0000,-56447.8242) cMag=31106.8 fMag=100172 ld0=5.50432e+06 m78=3.35371e+06 frac=0.390713 grounded=0x40800000 linTerm=8.33333e-06
spd=2203.262 ctrl=(-3476059.0000,0.0000,1383902.1250) accum=(-2413.6467,0.0000,-53786.6992) cMag=30409.5 fMag=92735.7 ld0=5.05771e+06 m78=3.03268e+06 frac=0.400385 grounded=0x40800000 linTerm=1.27157e-12
spd=2192.120 ctrl=(-3499047.7500,0.0000,1307620.1250) accum=(-3240.2427,0.0000,-55729.6875) cMag=30526.4 fMag=96726.9 ld0=5.30733e+06 m78=3.16515e+06 frac=0.403626 grounded=0x40800000 linTerm=8.33333e-06
spd=2209.365 ctrl=(-3528946.2500,0.0000,1233986.7500) accum=(-2853.4290,0.0000,-56755.9375) cMag=31114.2 fMag=100321 ld0=5.51402e+06 m78=3.35349e+06 frac=0.391826 grounded=0x40800000 linTerm=8.33333e-06
spd=2236.457 ctrl=(-3541417.2500,0.0000,1238347.6250) accum=(-228.4932,0.0000,-53996.0078) cMag=30429.1 fMag=92914 ld0=5.0685e+06 m78=3.03356e+06 frac=0.401487 grounded=0x40800000 linTerm=1.27157e-12
spd=2224.979 ctrl=(-3561069.7500,0.0000,1160903.6250) accum=(-962.7388,0.0000,-55952.8125) cMag=30539 fMag=96887.8 ld0=5.31744e+06 m78=3.16635e+06 frac=0.404535 grounded=0x40800000 linTerm=8.33333e-06
spd=2241.955 ctrl=(-3587743.5000,0.0000,1085821.0000) accum=(-535.0139,0.0000,-56967.8203) cMag=31121.4 fMag=100467 ld0=5.52351e+06 m78=3.35319e+06 frac=0.392924 grounded=0x40800000 linTerm=8.33333e-06
spd=2269.074 ctrl=(-3600490.5000,0.0000,1089678.8750) accum=(1971.8217,0.0000,-54114.2969) cMag=30448.3 fMag=93088.6 ld0=5.07911e+06 m78=3.03437e+06 frac=0.402579 grounded=0x40800000 linTerm=1.27157e-12
spd=2257.260 ctrl=(-3616750.7500,0.0000,1011223.8750) accum=(1329.4856,0.0000,-56080.5234) cMag=30551.4 fMag=97045.5 ld0=5.32737e+06 m78=3.16749e+06 frac=0.40543 grounded=0x40800000 linTerm=8.33333e-06
spd=2273.968 ctrl=(-3640128.7500,0.0000,934836.6875) accum=(1797.9991,0.0000,-57082.4102) cMag=31128.4 fMag=100609 ld0=5.53279e+06 m78=3.35284e+06 frac=0.394006 grounded=0x40800000 linTerm=8.33333e-06
spd=2301.114 ctrl=(-3653130.2500,0.0000,938175.6250) accum=(4183.3149,0.0000,-54140.6445) cMag=30467.3 fMag=93259.7 ld0=5.08955e+06 m78=3.03509e+06 frac=0.403662 grounded=0x40800000 linTerm=1.27157e-12
spd=2288.966 ctrl=(-3665946.5000,0.0000,858862.0000) accum=(3632.3179,0.0000,-56112.0469) cMag=30563.7 fMag=97200.5 ld0=5.33713e+06 m78=3.16859e+06 frac=0.406312 grounded=0x40800000 linTerm=8.33333e-06
spd=2305.405 ctrl=(-3685968.2500,0.0000,781319.9375) accum=(4141.2607,0.0000,-57098.9648) cMag=31135.1 fMag=100749 ld0=5.54188e+06 m78=3.35243e+06 frac=0.395073 grounded=0x40800000 linTerm=8.33333e-06
spd=2332.577 ctrl=(-3699202.2500,0.0000,784125.1875) accum=(6401.9492,0.0000,-54074.2852) cMag=30485.9 fMag=93427.6 ld0=5.09983e+06 m78=3.03575e+06 frac=0.404734 grounded=0x40800000 linTerm=1.27157e-12
spd=2320.097 ctrl=(-3708531.5000,0.0000,704108.2500) accum=(5941.5938,0.0000,-56046.7969) cMag=30575.8 fMag=97352.7 ld0=5.34673e+06 m78=3.16964e+06 frac=0.40718 grounded=0x40800000 linTerm=8.33333e-06
spd=2336.268 ctrl=(-3725139.2500,0.0000,625562.1250) accum=(6490.5283,0.0000,-57016.9570) cMag=31141.6 fMag=100885 ld0=5.55078e+06 m78=3.35197e+06 frac=0.396127 grounded=0x40800000 linTerm=8.33333e-06
spd=2363.465 ctrl=(-3738583.5000,0.0000,627819.8125) accum=(8623.7285,0.0000,-53914.7109) cMag=30504.2 fMag=93592.3 ld0=5.10994e+06 m78=3.03635e+06 frac=0.405795 grounded=0x40800000 linTerm=1.27157e-12
spd=2350.653 ctrl=(-3744389.2500,0.0000,547257.3750) accum=(8253.0029,0.0000,-55884.2930) cMag=30587.8 fMag=97502.3 ld0=5.35617e+06 m78=3.17066e+06 frac=0.408037 grounded=0x40800000 linTerm=8.33333e-06
spd=2366.556 ctrl=(-3757534.2500,0.0000,467861.4688) accum=(8841.5762,0.0000,-56835.9102) cMag=31148 fMag=101019 ld0=5.55951e+06 m78=3.35145e+06 frac=0.397168 grounded=0x40800000 linTerm=8.33333e-06
spd=2393.778 ctrl=(-3771163.0000,0.0000,469558.4375) accum=(10844.6787,0.0000,-53661.5312) cMag=30522.3 fMag=93754.1 ld0=5.1199e+06 m78=3.03689e+06 frac=0.406846 grounded=0x40800000 linTerm=1.27157e-12
spd=2380.636 ctrl=(-3773417.7500,0.0000,388609.6250) accum=(10562.3584,0.0000,-55624.1836) cMag=30599.7 fMag=97649.4 ld0=5.36547e+06 m78=3.17164e+06 frac=0.408879 grounded=0x40800000 linTerm=8.33333e-06
spd=2396.273 ctrl=(-3783059.5000,0.0000,308521.0938) accum=(11189.9736,0.0000,-56555.4883) cMag=31154.2 fMag=101149 ld0=5.56807e+06 m78=3.35089e+06 frac=0.398195 grounded=0x40800000 linTerm=8.33333e-06
spd=2423.518 ctrl=(-3796850.0000,0.0000,309645.7500) accum=(13060.5859,0.0000,-53314.4375) cMag=30540.1 fMag=93912.9 ld0=5.12971e+06 m78=3.03738e+06 frac=0.407885 grounded=0x40800000 linTerm=1.27157e-12
spd=2410.050 ctrl=(-3795529.7500,0.0000,228471.0469) accum=(12865.5322,0.0000,-55266.4805) cMag=30611.5 fMag=97794 ld0=5.37462e+06 m78=3.17258e+06 frac=0.409711 grounded=0x40800000 linTerm=8.33333e-06
spd=2425.421 ctrl=(-3801635.2500,0.0000,147848.5156) accum=(13531.4746,0.0000,-56175.6367) cMag=31160.3 fMag=101278 ld0=5.57646e+06 m78=3.35029e+06 frac=0.399209 grounded=0x40800000 linTerm=8.33333e-06
spd=2452.688 ctrl=(-3815559.7500,0.0000,148390.0469) accum=(15267.4600,0.0000,-52873.3828) cMag=30557.6 fMag=94068.8 ld0=5.13937e+06 m78=3.03782e+06 frac=0.408912 grounded=0x40800000 linTerm=1.27157e-12
spd=2438.896 ctrl=(-3810653.2500,0.0000,67151.0547) accum=(15158.1260,0.0000,-54811.1250) cMag=30623.1 fMag=97936.2 ld0=5.38362e+06 m78=3.17349e+06 frac=0.41053 grounded=0x40800000 linTerm=8.33333e-06
spd=2454.002 ctrl=(-3813194.2500,0.0000,-13845.4414) accum=(15861.7480,0.0000,-55696.4922) cMag=31166.3 fMag=101403 ld0=5.5847e+06 m78=3.34965e+06 frac=0.40021 grounded=0x40800000 linTerm=8.33333e-06
spd=2481.290 ctrl=(-3827229.2500,0.0000,-13896.4004) accum=(17461.1621,0.0000,-52338.5703) cMag=30574.9 fMag=94222 ld0=5.14888e+06 m78=3.03822e+06 frac=0.409927 grounded=0x40800000 linTerm=1.27157e-12
spd=2467.176 ctrl=(-3818728.5000,0.0000,-95037.1797) accum=(17435.8887,0.0000,-54258.4648) cMag=30634.6 fMag=98076.1 ld0=5.39249e+06 m78=3.17436e+06 frac=0.411337 grounded=0x40800000 linTerm=8.33333e-06
spd=2482.019 ctrl=(-3817686.0000,0.0000,-176246.5156) accum=(18176.4355,0.0000,-55118.3125) cMag=31172.2 fMag=101527 ld0=5.59279e+06 m78=3.34898e+06 frac=0.401198 grounded=0x40800000 linTerm=8.33333e-06
spd=2509.328 ctrl=(-3831803.7500,0.0000,-176898.2656) accum=(19637.5977,0.0000,-51710.2695) cMag=30592 fMag=94372.5 ld0=5.15824e+06 m78=3.03857e+06 frac=0.410929 grounded=0x40800000 linTerm=1.27157e-12
spd=2494.894 ctrl=(-3819710.0000,0.0000,-257778.0312) accum=(19694.7520,0.0000,-53608.9062) cMag=30646 fMag=98213.8 ld0=5.40121e+06 m78=3.1752e+06 frac=0.412132 grounded=0x40800000 linTerm=8.33333e-06
spd=2509.476 ctrl=(-3815072.2500,0.0000,-339037.7188) accum=(20471.1777,0.0000,-54441.5352) cMag=31178 fMag=101647 ld0=5.60073e+06 m78=3.34827e+06 frac=0.402172 grounded=0x40800000 linTerm=8.33333e-06
spd=2536.804 ctrl=(-3829246.2500,0.0000,-340297.3750) accum=(21792.6602,0.0000,-50988.9688) cMag=30608.8 fMag=94520.4 ld0=5.16746e+06 m78=3.03888e+06 frac=0.41192 grounded=0x40800000 linTerm=1.27157e-12
spd=2522.054 ctrl=(-3813569.0000,0.0000,-420753.5625) accum=(21930.3340,0.0000,-52863.0664) cMag=30657.3 fMag=98349.1 ld0=5.4098e+06 m78=3.17602e+06 frac=0.412915 grounded=0x40800000 linTerm=8.33333e-06
spd=2536.376 ctrl=(-3805332.5000,0.0000,-501901.2188) accum=(22741.7949,0.0000,-53666.8906) cMag=31183.7 fMag=101766 ld0=5.60852e+06 m78=3.34753e+06 frac=0.403134 grounded=0x40800000 linTerm=8.33333e-06
spd=2563.723 ctrl=(-3819533.5000,0.0000,-503774.2500) accum=(23922.2207,0.0000,-50175.2969) cMag=30625.4 fMag=94665.7 ld0=5.17654e+06 m78=3.03917e+06 frac=0.412896 grounded=0x40800000 linTerm=1.27157e-12
spd=2548.660 ctrl=(-3800289.0000,0.0000,-583644.5000) accum=(24138.5039,0.0000,-52021.7695) cMag=30668.5 fMag=98482.3 ld0=5.41826e+06 m78=3.1768e+06 frac=0.413686 grounded=0x40800000 linTerm=8.33333e-06
spd=2562.724 ctrl=(-3788457.0000,0.0000,-664517.2500) accum=(24983.8887,0.0000,-52795.1797) cMag=31189.3 fMag=101882 ld0=5.61617e+06 m78=3.34677e+06 frac=0.404083 grounded=0x40800000 linTerm=8.33333e-06
spd=2590.090 ctrl=(-3802659.2500,0.0000,-667008.4375) accum=(26022.2461,0.0000,-49270.1680) cMag=30641.7 fMag=94808.5 ld0=5.18547e+06 m78=3.03941e+06 frac=0.41386 grounded=0x40800000 linTerm=1.27157e-12
spd=2574.716 ctrl=(-3779871.2500,0.0000,-746131.2500) accum=(26314.9805,0.0000,-51085.9570) cMag=30679.6 fMag=98613.3 ld0=5.42658e+06 m78=3.17756e+06 frac=0.414446 grounded=0x40800000 linTerm=8.33333e-06
spd=2588.525 ctrl=(-3764453.2500,0.0000,-826566.3125) accum=(27193.2109,0.0000,-51827.4297) cMag=31194.8 fMag=101996 ld0=5.62368e+06 m78=3.34598e+06 frac=0.405018 grounded=0x40800000 linTerm=8.33333e-06
spd=2615.907 ctrl=(-3778628.0000,0.0000,-829678.6250) accum=(28088.6641,0.0000,-48274.6055) cMag=30657.8 fMag=94948.8 ld0=5.19426e+06 m78=3.03963e+06 frac=0.41481 grounded=0x40800000 linTerm=1.27157e-12
spd=2600.226 ctrl=(-3752326.2500,0.0000,-907893.4375) accum=(28455.7988,0.0000,-50056.9141) cMag=30690.6 fMag=98742.1 ld0=5.43477e+06 m78=3.17828e+06 frac=0.415194 grounded=0x40800000 linTerm=8.33333e-06
spd=2613.782 ctrl=(-3733343.5000,0.0000,-987729.3125) accum=(29365.5742,0.0000,-50764.9141) cMag=31200.2 fMag=102108 ld0=5.63105e+06 m78=3.34517e+06 frac=0.405941 grounded=0x40800000 linTerm=8.33333e-06
spd=2641.181 ctrl=(-3747460.7500,0.0000,-991464.3750) accum=(30117.4805,0.0000,-47189.8516) cMag=30673.6 fMag=95086.6 ld0=5.20292e+06 m78=3.03983e+06 frac=0.415746 grounded=0x40800000 linTerm=1.27157e-12
spd=2625.197 ctrl=(-3717686.5000,0.0000,-1068612.7500) accum=(30556.6973,0.0000,-48935.8945) cMag=30701.4 fMag=98868.9 ld0=5.44283e+06 m78=3.17899e+06 frac=0.415931 grounded=0x40800000 linTerm=8.33333e-06
spd=2638.502 ctrl=(-3695163.2500,0.0000,-1147688.1250) accum=(31496.8184,0.0000,-49608.9922) cMag=31205.5 fMag=102218 ld0=5.63829e+06 m78=3.34435e+06 frac=0.40685 grounded=0x40800000 linTerm=8.33333e-06
spd=2665.917 ctrl=(-3709194.7500,0.0000,-1152046.2500) accum=(32104.7520,0.0000,-46017.3047) cMag=30689.3 fMag=95222.1 ld0=5.21143e+06 m78=3.03999e+06 frac=0.416669 grounded=0x40800000 linTerm=1.27157e-12
spd=2649.633 ctrl=(-3675992.7500,0.0000,-1227970.7500) accum=(32613.6602,0.0000,-47724.5078) cMag=30712.2 fMag=98993.5 ld0=5.45076e+06 m78=3.17967e+06 frac=0.416656 grounded=0x40800000 linTerm=8.33333e-06
spd=2662.689 ctrl=(-3649961.5000,0.0000,-1306125.7500) accum=(33582.8242,0.0000,-48361.3047) cMag=31210.8 fMag=102326 ld0=5.6454e+06 m78=3.34351e+06 frac=0.407747 grounded=0x40800000 linTerm=8.33333e-06
spd=2690.119 ctrl=(-3663880.0000,0.0000,-1311106.5000) accum=(34046.5430,0.0000,-44758.5742) cMag=30704.7 fMag=95355.2 ld0=5.21981e+06 m78=3.04014e+06 frac=0.417578 grounded=0x40800000 linTerm=1.27157e-12
spd=2673.540 ctrl=(-3627303.5000,0.0000,-1385652.0000) accum=(34622.7539,0.0000,-46424.4688) cMag=30722.8 fMag=99116.1 ld0=5.45856e+06 m78=3.18033e+06 frac=0.417369 grounded=0x40800000 linTerm=8.33333e-06
spd=2686.349 ctrl=(-3597806.5000,0.0000,-1462729.0000) accum=(35619.5039,0.0000,-47023.6328) cMag=31216 fMag=102432 ld0=5.65239e+06 m78=3.34265e+06 frac=0.408631 grounded=0x40800000 linTerm=8.33333e-06
spd=2713.794 ctrl=(-3611581.7500,0.0000,-1468329.5000) accum=(35939.0078,0.0000,-43415.4180) cMag=30719.8 fMag=95486 ld0=5.22805e+06 m78=3.04026e+06 frac=0.418472 grounded=0x40800000 linTerm=1.27157e-12
spd=2696.922 ctrl=(-3571691.5000,0.0000,-1541344.2500) accum=(36580.1133,0.0000,-45037.6836) cMag=30733.4 fMag=99236.7 ld0=5.46624e+06 m78=3.18096e+06 frac=0.418072 grounded=0x40800000 linTerm=8.33333e-06
spd=2709.489 ctrl=(-3538775.0000,0.0000,-1617186.5000) accum=(37602.9570,0.0000,-45597.9258) cMag=31221.2 fMag=102536 ld0=5.65924e+06 m78=3.34178e+06 frac=0.409501 grounded=0x40800000 linTerm=8.33333e-06
spd=2736.947 ctrl=(-3552378.2500,0.0000,-1623403.1250) accum=(37778.3867,0.0000,-41989.7852) cMag=30734.8 fMag=95614.4 ld0=5.23616e+06 m78=3.04036e+06 frac=0.419353 grounded=0x40800000 linTerm=1.27157e-12
spd=2719.787 ctrl=(-3509241.7500,0.0000,-1694737.3750) accum=(38481.8203,0.0000,-43566.2422) cMag=30743.8 fMag=99355.3 ld0=5.47379e+06 m78=3.18157e+06 frac=0.418763 grounded=0x40800000 linTerm=8.33333e-06
spd=2732.113 ctrl=(-3472960.2500,0.0000,-1769190.6250) accum=(39529.2539,0.0000,-44086.3320) cMag=31226.3 fMag=102638 ld0=5.66598e+06 m78=3.34089e+06 frac=0.410359 grounded=0x40800000 linTerm=8.33333e-06
spd=2759.585 ctrl=(-3486363.2500,0.0000,-1776018.3750) accum=(39561.0156,0.0000,-40483.7891) cMag=30749.5 fMag=95740.6 ld0=5.24413e+06 m78=3.04044e+06 frac=0.42022 grounded=0x40800000 linTerm=1.27157e-12
spd=2742.140 ctrl=(-3440054.5000,0.0000,-1845525.8750) accum=(40324.0625,0.0000,-42012.3984) cMag=30754.1 fMag=99471.9 ld0=5.48122e+06 m78=3.18216e+06 frac=0.419442 grounded=0x40800000 linTerm=8.33333e-06
spd=2754.229 ctrl=(-3400473.0000,0.0000,-1918440.3750) accum=(41394.5352,0.0000,-42491.1562) cMag=31231.3 fMag=102738 ld0=5.67259e+06 m78=3.34e+06 frac=0.411203 grounded=0x40800000 linTerm=8.33333e-06
spd=2781.713 ctrl=(-3413645.2500,0.0000,-1925871.7500) accum=(41283.2070,0.0000,-38899.7305) cMag=30764 fMag=95864.6 ld0=5.25197e+06 m78=3.04051e+06 frac=0.421073 grounded=0x40800000 linTerm=1.27157e-12
spd=2763.988 ctrl=(-3364246.2500,0.0000,-1993409.8750) accum=(42103.3125,0.0000,-40378.5352) cMag=30764.3 fMag=99586.4 ld0=5.48852e+06 m78=3.18273e+06 frac=0.420111 grounded=0x40800000 linTerm=8.33333e-06
spd=2775.843 ctrl=(-3321431.0000,0.0000,-2064636.8750) accum=(43195.1406,0.0000,-40814.9141) cMag=31236.3 fMag=102836 ld0=5.67908e+06 m78=3.3391e+06 frac=0.412035 grounded=0x40800000 linTerm=8.33333e-06
spd=2803.339 ctrl=(-3334346.0000,0.0000,-2072664.8750) accum=(42941.4961,0.0000,-37240.0625) cMag=30778.3 fMag=95986.4 ld0=5.25968e+06 m78=3.04056e+06 frac=0.421912 grounded=0x40800000 linTerm=1.27157e-12
spd=2785.338 ctrl=(-3281942.7500,0.0000,-2138094.0000) accum=(43816.0039,0.0000,-38667.2891) cMag=30774.4 fMag=99699.1 ld0=5.49571e+06 m78=3.18329e+06 frac=0.420768 grounded=0x40800000 linTerm=8.33333e-06
spd=2796.962 ctrl=(-3235970.2500,0.0000,-2207488.2500) accum=(44927.4102,0.0000,-39060.2461) cMag=31241.2 fMag=102932 ld0=5.68545e+06 m78=3.3382e+06 frac=0.412853 grounded=0x40800000 linTerm=8.33333e-06
spd=2824.469 ctrl=(-3248598.5000,0.0000,-2216103.2500) accum=(44532.4766,0.0000,-35507.3828) cMag=30792.4 fMag=96106 ld0=5.26725e+06 m78=3.04059e+06 frac=0.422736 grounded=0x40800000 linTerm=1.27157e-12
spd=2806.196 ctrl=(-3193285.7500,0.0000,-2279288.5000) accum=(45458.5859,0.0000,-36881.4023) cMag=30784.4 fMag=99809.8 ld0=5.50277e+06 m78=3.18382e+06 frac=0.421415 grounded=0x40800000 linTerm=8.33333e-06
spd=2817.591 ctrl=(-3144237.5000,0.0000,-2346708.7500) accum=(46587.8984,0.0000,-37230.0000) cMag=31246.1 fMag=103027 ld0=5.69171e+06 m78=3.33729e+06 frac=0.413658 grounded=0x40800000 linTerm=8.33333e-06
spd=2845.109 ctrl=(-3156553.2500,0.0000,-2355901.0000) accum=(46052.8047,0.0000,-33704.5000) cMag=30806.2 fMag=96223.4 ld0=5.2747e+06 m78=3.04062e+06 frac=0.423547 grounded=0x40800000 linTerm=1.27157e-12
spd=2826.569 ctrl=(-3098429.2500,0.0000,-2416711.0000) accum=(47027.8047,0.0000,-35023.7383) cMag=30794.3 fMag=99918.6 ld0=5.50971e+06 m78=3.18434e+06 frac=0.42205 grounded=0x40800000 linTerm=8.33333e-06
spd=2837.739 ctrl=(-3046393.5000,0.0000,-2482020.0000) accum=(48173.1953,0.0000,-35327.0938) cMag=31250.9 fMag=103120 ld0=5.69785e+06 m78=3.33637e+06 frac=0.414451 grounded=0x40800000 linTerm=8.33333e-06
spd=2865.267 ctrl=(-3058368.2500,0.0000,-2491776.0000) accum=(47499.2773,0.0000,-31834.2930) cMag=30819.8 fMag=96338.7 ld0=5.28201e+06 m78=3.04063e+06 frac=0.424343 grounded=0x40800000 linTerm=1.27157e-12
spd=2846.464 ctrl=(-2997539.5000,0.0000,-2550086.2500) accum=(48520.4023,0.0000,-33097.4102) cMag=30804 fMag=100026 ld0=5.51653e+06 m78=3.18484e+06 frac=0.422674 grounded=0x40800000 linTerm=8.33333e-06
spd=2857.413 ctrl=(-2942612.2500,0.0000,-2613151.0000) accum=(49680.1055,0.0000,-33354.6641) cMag=31255.7 fMag=103211 ld0=5.70388e+06 m78=3.33546e+06 frac=0.41523 grounded=0x40800000 linTerm=8.33333e-06
spd=2884.950 ctrl=(-2954218.2500,0.0000,-2623457.7500) accum=(48868.8555,0.0000,-29899.8809) cMag=30833.2 fMag=96451.8 ld0=5.2892e+06 m78=3.04063e+06 frac=0.425124 grounded=0x40800000 linTerm=1.27157e-12
spd=2865.888 ctrl=(-2890796.2500,0.0000,-2679146.0000) accum=(49933.3945,0.0000,-31105.5684) cMag=30813.7 fMag=100131 ld0=5.52323e+06 m78=3.18532e+06 frac=0.423287 grounded=0x40800000 linTerm=8.33333e-06
spd=2876.619 ctrl=(-2833076.7500,0.0000,-2739836.7500) accum=(51105.3984,0.0000,-31316.0566) cMag=31260.4 fMag=103300 ld0=5.7098e+06 m78=3.33455e+06 frac=0.415996 grounded=0x40800000 linTerm=8.33333e-06
spd=2904.165 ctrl=(-2844289.5000,0.0000,-2750680.5000) accum=(50158.6797,0.0000,-27904.5020) cMag=30846.4 fMag=96562.9 ld0=5.29626e+06 m78=3.04062e+06 frac=0.425893 grounded=0x40800000 linTerm=1.27157e-12
spd=2884.848 ctrl=(-2778390.5000,0.0000,-2803631.0000) accum=(51263.7070,0.0000,-29051.5957) cMag=30823.2 fMag=100234 ld0=5.52982e+06 m78=3.18578e+06 frac=0.42389 grounded=0x40800000 linTerm=8.33333e-06
spd=2895.365 ctrl=(-2717985.2500,0.0000,-2861823.7500) accum=(52446.1016,0.0000,-29214.6680) cMag=31265.1 fMag=103388 ld0=5.71561e+06 m78=3.33364e+06 frac=0.416749 grounded=0x40800000 linTerm=8.33333e-06
spd=2922.920 ctrl=(-2728778.5000,0.0000,-2873188.5000) accum=(51365.8906,0.0000,-25851.4316) cMag=30859.4 fMag=96671.9 ld0=5.30319e+06 m78=3.0406e+06 frac=0.426647 grounded=0x40800000 linTerm=1.27157e-12
spd=2903.353 ctrl=(-2660524.5000,0.0000,-2923290.2500) accum=(52508.6211,0.0000,-26938.9570) cMag=30832.7 fMag=100335 ld0=5.53628e+06 m78=3.18623e+06 frac=0.424481 grounded=0x40800000 linTerm=8.33333e-06
spd=2913.658 ctrl=(-2597545.2500,0.0000,-2978866.5000) accum=(53699.5352,0.0000,-27054.0508) cMag=31269.7 fMag=103474 ld0=5.72131e+06 m78=3.33272e+06 frac=0.417489 grounded=0x40800000 linTerm=8.33333e-06
spd=2941.221 ctrl=(-2607893.5000,0.0000,-2990733.7500) accum=(52487.8242,0.0000,-23744.2402) cMag=30872.1 fMag=96778.9 ld0=5.30999e+06 m78=3.04057e+06 frac=0.427387 grounded=0x40800000 linTerm=1.27157e-12
spd=2921.408 ctrl=(-2537412.5000,0.0000,-3037883.7500) accum=(53665.4336,0.0000,-24771.2949) cMag=30841.9 fMag=100434 ld0=5.54263e+06 m78=3.18667e+06 frac=0.425062 grounded=0x40800000 linTerm=8.33333e-06
spd=2931.506 ctrl=(-2471976.2500,0.0000,-3090728.5000) accum=(54862.8359,0.0000,-24837.8906) cMag=31274.3 fMag=103559 ld0=5.7269e+06 m78=3.33182e+06 frac=0.418216 grounded=0x40800000 linTerm=8.33333e-06
spd=2959.077 ctrl=(-2796925.0000,0.0000,-3497014.2500) accum=(53522.0898,0.0000,-21586.4844) cMag=30884.7 fMag=96883.9 ld0=5.31667e+06 m78=3.04054e+06 frac=0.428113 grounded=0x40800000 linTerm=1.27157e-12
spd=2939.022 ctrl=(-2715542.7500,0.0000,-3547243.7500) accum=(54731.6562,0.0000,-22552.2852) cMag=30851.1 fMag=100532 ld0=5.54887e+06 m78=3.18709e+06 frac=0.425632 grounded=0x40800000 linTerm=8.33333e-06
spd=2952.806 ctrl=(-2639745.7500,0.0000,-3604410.7500) accum=(55729.4414,0.0000,-22332.6680) cMag=31357 fMag=103850 ld0=5.74116e+06 m78=3.36758e+06 frac=0.413432 grounded=0x40800000 linTerm=8.33333e-06
spd=2984.354 ctrl=(-2650690.5000,0.0000,-3619355.2500) accum=(54292.2539,0.0000,-19167.0918) cMag=30862.4 fMag=96702.5 ld0=5.30513e+06 m78=3.03729e+06 frac=0.427481 grounded=0x40800000 linTerm=1.27157e-12
spd=2964.007 ctrl=(-2566998.7500,0.0000,-3666031.7500) accum=(55561.2305,0.0000,-20108.1641) cMag=30832.2 fMag=100385 ld0=5.53952e+06 m78=3.18427e+06 frac=0.425171 grounded=0x40800000 linTerm=8.33333e-06
spd=2977.561 ctrl=(-2488603.2500,0.0000,-3719879.2500) accum=(56575.0469,0.0000,-19883.7871) cMag=31334.4 fMag=103721 ld0=5.73322e+06 m78=3.36313e+06 frac=0.413396 grounded=0x40800000 linTerm=8.33333e-06
spd=3009.176 ctrl=(-2498902.2500,0.0000,-3735274.0000) accum=(55025.1289,0.0000,-16802.8301) cMag=30853.9 fMag=96634.3 ld0=5.30079e+06 m78=3.03544e+06 frac=0.42736 grounded=0x40800000 linTerm=1.27157e-12
spd=2988.522 ctrl=(-2413069.7500,0.0000,-3778299.2500) accum=(56341.3477,0.0000,-17702.4160) cMag=30824.3 fMag=100336 ld0=5.53638e+06 m78=3.18288e+06 frac=0.425097 grounded=0x40800000 linTerm=8.33333e-06
spd=3001.827 ctrl=(-2332233.7500,0.0000,-3828715.0000) accum=(57364.5312,0.0000,-17459.9648) cMag=31321.8 fMag=103676 ld0=5.73064e+06 m78=3.36e+06 frac=0.413678 grounded=0x40800000 linTerm=8.33333e-06
spd=3033.488 ctrl=(-2341887.5000,0.0000,-3844563.2500) accum=(55704.2422,0.0000,-14461.9014) cMag=30854.2 fMag=96638.6 ld0=5.30106e+06 m78=3.0344e+06 frac=0.427586 grounded=0x40800000 linTerm=1.27157e-12
spd=3012.521 ctrl=(-2254082.5000,0.0000,-3883842.7500) accum=(57058.3125,0.0000,-15309.3486) cMag=30823.4 fMag=100349 ld0=5.53723e+06 m78=3.18231e+06 frac=0.42529 grounded=0x40800000 linTerm=8.33333e-06
spd=3025.566 ctrl=(-2170965.5000,0.0000,-3930721.2500) accum=(58085.3555,0.0000,-15040.2412) cMag=31315.7 fMag=103685 ld0=5.7315e+06 m78=3.35765e+06 frac=0.414175 grounded=0x40800000 linTerm=8.33333e-06
spd=3057.260 ctrl=(-2179967.2500,0.0000,-3947020.0000) accum=(56317.1953,0.0000,-12125.2627) cMag=30860.2 fMag=96689.2 ld0=5.30428e+06 m78=3.03381e+06 frac=0.428045 grounded=0x40800000 linTerm=1.27157e-12
spd=3035.977 ctrl=(-2090359.8750,0.0000,-3982463.0000) accum=(57701.4102,0.0000,-12913.7520) cMag=30827.1 fMag=100402 ld0=5.54063e+06 m78=3.1822e+06 frac=0.425661 grounded=0x40800000 linTerm=8.33333e-06
spd=3048.756 ctrl=(-2005124.5000,0.0000,-4025705.0000) accum=(58727.8594,0.0000,-12612.4775) cMag=31313.7 fMag=103728 ld0=5.73454e+06 m78=3.35576e+06 frac=0.414816 grounded=0x40800000 linTerm=8.33333e-06
spd=3080.475 ctrl=(-2013460.1250,0.0000,-4042440.5000) accum=(56854.3711,0.0000,-9782.0029) cMag=30869.6 fMag=96769 ld0=5.30937e+06 m78=3.03347e+06 frac=0.428658 grounded=0x40800000 linTerm=1.27157e-12
spd=3058.875 ctrl=(-1922224.2500,0.0000,-4073966.5000) accum=(58262.5664,0.0000,-10507.1797) cMag=30833.7 fMag=100480 ld0=5.54563e+06 m78=3.18236e+06 frac=0.42615 grounded=0x40800000 linTerm=8.33333e-06
spd=3071.388 ctrl=(-1835036.0000,0.0000,-4113479.5000) accum=(59284.7422,0.0000,-10170.3428) cMag=31314.5 fMag=103793 ld0=5.73896e+06 m78=3.35415e+06 frac=0.415549 grounded=0x40800000 linTerm=8.33333e-06
spd=3103.126 ctrl=(-1842687.5000,0.0000,-4130631.0000) accum=(57308.7852,0.0000,-7426.4429) cMag=30881.3 fMag=96867.1 ld0=5.31561e+06 m78=3.03325e+06 frac=0.42937 grounded=0x40800000 linTerm=1.27157e-12
spd=3081.212 ctrl=(-1750001.2500,0.0000,-4158170.7500) accum=(58735.6367,0.0000,-8085.9717) cMag=30842.1 fMag=100574 ld0=5.55163e+06 m78=3.18266e+06 frac=0.426716 grounded=0x40800000 linTerm=8.33333e-06
spd=3093.458 ctrl=(-1661027.7500,0.0000,-4193864.0000) accum=(59750.4062,0.0000,-7711.2402) cMag=31317.1 fMag=103872 ld0=5.74425e+06 m78=3.35268e+06 frac=0.416341 grounded=0x40800000 linTerm=8.33333e-06
spd=3125.210 ctrl=(-1667977.6250,0.0000,-4211411.0000) accum=(57674.9141,0.0000,-5056.6646) cMag=30894.4 fMag=96976.3 ld0=5.32257e+06 m78=3.0331e+06 frac=0.430144 grounded=0x40800000 linTerm=1.27157e-12
spd=3102.987 ctrl=(-1574020.7500,0.0000,-4234899.0000) accum=(59115.8789,0.0000,-5648.9106) cMag=30851.7 fMag=100677 ld0=5.55824e+06 m78=3.18304e+06 frac=0.42733 grounded=0x40800000 linTerm=8.33333e-06
spd=3114.968 ctrl=(-1483435.1250,0.0000,-4266697.0000) accum=(60120.4258,0.0000,-5235.2266) cMag=31320.8 fMag=103958 ld0=5.75005e+06 m78=3.35132e+06 frac=0.417166 grounded=0x40800000 linTerm=8.33333e-06
spd=3146.731 ctrl=(-1489664.3750,0.0000,-4284614.0000) accum=(57948.6250,0.0000,-2672.7874) cMag=30908.2 fMag=97091.8 ld0=5.32994e+06 m78=3.03298e+06 frac=0.430954 grounded=0x40800000 linTerm=1.27157e-12
spd=3124.201 ctrl=(-1394617.1250,0.0000,-4303990.0000) accum=(59399.7070,0.0000,-3197.0522) cMag=30862 fMag=100786 ld0=5.5652e+06 m78=3.18345e+06 frac=0.427972 grounded=0x40800000 linTerm=8.33333e-06
spd=3135.921 ctrl=(-1302595.3750,0.0000,-4331823.5000) accum=(60391.5352,0.0000,-2743.7441) cMag=31325.2 fMag=104050 ld0=5.75614e+06 m78=3.35001e+06 frac=0.418011 grounded=0x40800000 linTerm=8.33333e-06
spd=3167.693 ctrl=(-1308085.5000,0.0000,-4350080.5000) accum=(58126.8789,0.0000,-276.4718) cMag=30922.5 fMag=97210.7 ld0=5.33753e+06 m78=3.03288e+06 frac=0.431783 grounded=0x40800000 linTerm=1.27157e-12
spd=3144.863 ctrl=(-1212133.8750,0.0000,-4365300.0000) accum=(59584.3594,0.0000,-732.7123) cMag=30872.7 fMag=100898 ld0=5.57234e+06 m78=3.18387e+06 frac=0.428629 grounded=0x40800000 linTerm=8.33333e-06
spd=3156.325 ctrl=(-1118853.6250,0.0000,-4389104.5000) accum=(60561.2188,0.0000,-239.5655) cMag=31330.1 fMag=104143 ld0=5.76238e+06 m78=3.34874e+06 frac=0.418861 grounded=0x40800000 linTerm=8.33333e-06
spd=3188.104 ctrl=(-1123586.8750,0.0000,-4407672.0000) accum=(58207.3125,0.0000,2129.5244) cMag=30937.1 fMag=97331 ld0=5.34521e+06 m78=3.03277e+06 frac=0.432619 grounded=0x40800000 linTerm=1.27157e-12
spd=3164.978 ctrl=(-1026916.1250,0.0000,-4418692.5000) accum=(59667.8281,0.0000,1741.1771) cMag=30883.7 fMag=101011 ld0=5.57955e+06 m78=3.18429e+06 frac=0.429293 grounded=0x40800000 linTerm=8.33333e-06
spd=3176.186 ctrl=(-932558.2500,0.0000,-4438415.0000) accum=(60627.6133,0.0000,2273.9878) cMag=31335.4 fMag=104238 ld0=5.76869e+06 m78=3.3475e+06 frac=0.419711 grounded=0x40800000 linTerm=8.33333e-06
spd=3207.971 ctrl=(-936517.9375,0.0000,-4457261.0000) accum=(58188.1797,0.0000,4541.8975) cMag=30951.6 fMag=97451.4 ld0=5.3529e+06 m78=3.03266e+06 frac=0.433455 grounded=0x40800000 linTerm=1.27157e-12
spd=3184.555 ctrl=(-839316.4375,0.0000,-4464052.0000) accum=(59648.6172,0.0000,4220.9570) cMag=30894.8 fMag=101123 ld0=5.58676e+06 m78=3.18471e+06 frac=0.429955 grounded=0x40800000 linTerm=8.33333e-06
spd=3195.513 ctrl=(-744063.5625,0.0000,-4479646.0000) accum=(60589.3594,0.0000,4793.0825) cMag=31340.8 fMag=104333 ld0=5.77498e+06 m78=3.34628e+06 frac=0.420556 grounded=0x40800000 linTerm=8.33333e-06
spd=3227.303 ctrl=(-747234.6875,0.0000,-4498738.0000) accum=(58068.2422,0.0000,6956.8691) cMag=30966.1 fMag=97571.1 ld0=5.36055e+06 m78=3.03255e+06 frac=0.434284 grounded=0x40800000 linTerm=1.27157e-12
spd=3203.604 ctrl=(-649691.5000,0.0000,-4501276.0000) accum=(59525.5859,0.0000,6702.7002) cMag=30905.8 fMag=101235 ld0=5.59393e+06 m78=3.18511e+06 frac=0.430613 grounded=0x40800000 linTerm=8.33333e-06
spd=3214.316 ctrl=(-553727.8125,0.0000,-4512702.5000) accum=(60445.4062,0.0000,7313.6343) cMag=31346.3 fMag=104427 ld0=5.78124e+06 m78=3.34508e+06 frac=0.421391 grounded=0x40800000 linTerm=8.33333e-06
spd=3246.111 ctrl=(-556096.3125,0.0000,-4532005.0000) accum=(57846.6758,0.0000,9370.4580) cMag=30980.5 fMag=97689.5 ld0=5.36811e+06 m78=3.03243e+06 frac=0.435104 grounded=0x40800000 linTerm=1.27157e-12
spd=3222.132 ctrl=(-458401.1875,0.0000,-4530277.0000) accum=(59298.1133,0.0000,9182.1875) cMag=30916.9 fMag=101346 ld0=5.60102e+06 m78=3.1855e+06 frac=0.431264 grounded=0x40800000 linTerm=8.33333e-06
spd=3232.604 ctrl=(-361913.0000,0.0000,-4537506.5000) accum=(60195.1328,0.0000,9831.2402) cMag=31351.9 fMag=104520 ld0=5.78742e+06 m78=3.34389e+06 frac=0.422215 grounded=0x40800000 linTerm=8.33333e-06
spd=3264.403 ctrl=(-363466.7188,0.0000,-4556984.5000) accum=(57522.9375,0.0000,11778.4229) cMag=30994.8 fMag=97806.2 ld0=5.37558e+06 m78=3.0323e+06 frac=0.435912 grounded=0x40800000 linTerm=1.27157e-12
spd=3240.151 ctrl=(-265809.5625,0.0000,-4550984.5000) accum=(58965.7930,0.0000,11655.0635) cMag=30927.8 fMag=101456 ld0=5.60801e+06 m78=3.18588e+06 frac=0.431906 grounded=0x40800000 linTerm=8.33333e-06
spd=3250.388 ctrl=(-168983.9219,0.0000,-4553996.0000) accum=(59838.2969,0.0000,12341.5635) cMag=31357.5 fMag=104612 ld0=5.79352e+06 m78=3.34271e+06 frac=0.423026 grounded=0x40800000 linTerm=8.33333e-06
spd=3282.189 ctrl=(-169711.8438,0.0000,-4573613.0000) accum=(57096.8398,0.0000,14176.4102) cMag=31008.8 fMag=97921 ld0=5.38292e+06 m78=3.03217e+06 frac=0.436706 grounded=0x40800000 linTerm=1.27157e-12
spd=3257.671 ctrl=(-72283.4453,0.0000,-4563345.5000) accum=(58528.4648,0.0000,14116.8848) cMag=30938.7 fMag=101563 ld0=5.61489e+06 m78=3.18624e+06 frac=0.432537 grounded=0x40800000 linTerm=8.33333e-06
spd=3267.676 ctrl=(24692.1465,0.0000,-4562127.5000) accum=(59374.7266,0.0000,14839.8857) cMag=31363.1 fMag=104702 ld0=5.79951e+06 m78=3.34155e+06 frac=0.423822 grounded=0x40800000 linTerm=8.33333e-06
spd=3299.480 ctrl=(24798.8770,0.0000,-4581847.5000) accum=(56568.3789,0.0000,16559.9980) cMag=31022.6 fMag=98033.7 ld0=5.39014e+06 m78=3.03203e+06 frac=0.437485 grounded=0x40800000 linTerm=1.27157e-12
spd=3274.701 ctrl=(121809.2500,0.0000,-4567320.0000) accum=(57986.3867,0.0000,16563.1973) cMag=30949.4 fMag=101669 ld0=5.62165e+06 m78=3.18659e+06 frac=0.433158 grounded=0x40800000 linTerm=8.33333e-06
spd=3284.481 ctrl=(218746.8594,0.0000,-4561867.5000) accum=(58804.7891,0.0000,17321.7930) cMag=31368.7 fMag=104791 ld0=5.8054e+06 m78=3.3404e+06 frac=0.424604 grounded=0x40800000 linTerm=8.33333e-06
spd=3316.286 ctrl=(219695.5312,0.0000,-4581651.5000) accum=(55938.0586,0.0000,18924.8770) cMag=31036.2 fMag=98144.4 ld0=5.39722e+06 m78=3.03189e+06 frac=0.43825 grounded=0x40800000 linTerm=1.27157e-12
spd=3291.253 ctrl=(316098.8125,0.0000,-4562889.0000) accum=(57339.9609,0.0000,18989.3867) cMag=30960 fMag=101772 ld0=5.62829e+06 m78=3.18693e+06 frac=0.433766 grounded=0x40800000 linTerm=8.33333e-06
spd=3300.811 ctrl=(412810.5000,0.0000,-4553203.0000) accum=(58128.8711,0.0000,19782.4863) cMag=31374.2 fMag=104878 ld0=5.81118e+06 m78=3.33927e+06 frac=0.425371 grounded=0x40800000 linTerm=8.33333e-06
spd=3332.618 ctrl=(414606.8125,0.0000,-4573016.0000) accum=(55206.2695,0.0000,21266.3867) cMag=31049.5 fMag=98252.9 ld0=5.40417e+06 m78=3.03175e+06 frac=0.438999 grounded=0x40800000 linTerm=1.27157e-12
spd=3307.335 ctrl=(510215.0938,0.0000,-4550043.5000) accum=(56589.8281,0.0000,21391.0449) cMag=30970.4 fMag=101874 ld0=5.6348e+06 m78=3.18725e+06 frac=0.434363 grounded=0x40800000 linTerm=8.33333e-06
spd=3316.677 ctrl=(606513.7500,0.0000,-4536140.5000) accum=(57347.6758,0.0000,22217.4629) cMag=31379.7 fMag=104964 ld0=5.81685e+06 m78=3.33816e+06 frac=0.426122 grounded=0x40800000 linTerm=8.33333e-06
spd=3348.486 ctrl=(609161.4375,0.0000,-4555942.5000) accum=(54373.9180,0.0000,23580.2266) cMag=31062.6 fMag=98359.1 ld0=5.41098e+06 m78=3.0316e+06 frac=0.439732 grounded=0x40800000 linTerm=1.27157e-12
spd=3322.959 ctrl=(703788.1875,0.0000,-4528797.5000) accum=(55736.8672,0.0000,23763.4824) cMag=30980.7 fMag=101974 ld0=5.64118e+06 m78=3.18756e+06 frac=0.434948 grounded=0x40800000 linTerm=8.33333e-06
spd=3332.089 ctrl=(799487.3750,0.0000,-4510696.0000) accum=(56462.1758,0.0000,24622.0801) cMag=31385.2 fMag=105047 ld0=5.8224e+06 m78=3.33707e+06 frac=0.426857 grounded=0x40800000 linTerm=8.33333e-06
spd=3363.899 ctrl=(802988.2500,0.0000,-4530448.0000) accum=(53441.9336,0.0000,25861.9434) cMag=31075.4 fMag=98463.2 ld0=5.41765e+06 m78=3.03145e+06 frac=0.440449 grounded=0x40800000 linTerm=1.27157e-12
spd=3338.135 ctrl=(896449.2500,0.0000,-4499176.5000) accum=(54782.1602,0.0000,26102.2676) cMag=30990.8 fMag=102071 ld0=5.64742e+06 m78=3.18786e+06 frac=0.43552 grounded=0x40800000 linTerm=8.33333e-06
spd=3347.058 ctrl=(991363.8750,0.0000,-4476908.0000) accum=(55473.4805,0.0000,26991.8301) cMag=31390.6 fMag=105129 ld0=5.82784e+06 m78=3.33599e+06 frac=0.427578 grounded=0x40800000 linTerm=8.33333e-06
spd=3378.868 ctrl=(995718.4375,0.0000,-4496572.5000) accum=(52411.5703,0.0000,28107.0371) cMag=31088 fMag=98565 ld0=5.42417e+06 m78=3.0313e+06 frac=0.44115 grounded=0x40800000 linTerm=1.27157e-12
spd=3352.873 ctrl=(1087831.8750,0.0000,-4461228.5000) accum=(53727.0508,0.0000,28403.0566) cMag=31000.8 fMag=102167 ld0=5.65354e+06 m78=3.18815e+06 frac=0.43608 grounded=0x40800000 linTerm=8.33333e-06
spd=3361.593 ctrl=(1181777.6250,0.0000,-4434826.5000) accum=(54382.9570,0.0000,29322.1367) cMag=31396 fMag=105209 ld0=5.83316e+06 m78=3.33492e+06 frac=0.428282 grounded=0x40800000 linTerm=8.33333e-06
spd=3393.404 ctrl=(1186984.1250,0.0000,-4454364.5000) accum=(51284.2695,0.0000,30311.2598) cMag=31100.4 fMag=98664.6 ld0=5.43056e+06 m78=3.03114e+06 frac=0.441836 grounded=0x40800000 linTerm=1.27157e-12
spd=3367.182 ctrl=(1277570.0000,0.0000,-4415008.0000) accum=(52573.0312,0.0000,30661.2500) cMag=31010.5 fMag=102261 ld0=5.65953e+06 m78=3.18842e+06 frac=0.436628 grounded=0x40800000 linTerm=8.33333e-06
spd=3375.705 ctrl=(1370365.8750,0.0000,-4384521.0000) accum=(53192.2070,0.0000,31608.4766) cMag=31401.3 fMag=105288 ld0=5.83837e+06 m78=3.33388e+06 frac=0.428972 grounded=0x40800000 linTerm=8.33333e-06
spd=3407.516 ctrl=(1376420.5000,0.0000,-4403893.0000) accum=(50061.6406,0.0000,32470.2734) cMag=31112.5 fMag=98762.1 ld0=5.43681e+06 m78=3.03099e+06 frac=0.442506 grounded=0x40800000 linTerm=1.27157e-12
spd=3381.073 ctrl=(1465303.3750,0.0000,-4360595.5000) accum=(51321.8164,0.0000,32872.6445) cMag=31020.2 fMag=102352 ld0=5.66539e+06 m78=3.18869e+06 frac=0.437164 grounded=0x40800000 linTerm=8.33333e-06
spd=3389.404 ctrl=(1556769.3750,0.0000,-4326075.0000) accum=(51902.9766,0.0000,33846.5547) cMag=31406.6 fMag=105365 ld0=5.84347e+06 m78=3.33285e+06 frac=0.429645 grounded=0x40800000 linTerm=8.33333e-06
spd=3421.214 ctrl=(1563667.2500,0.0000,-4345244.0000) accum=(48745.5352,0.0000,34579.8359) cMag=31124.3 fMag=98857.3 ld0=5.44292e+06 m78=3.03083e+06 frac=0.44316 grounded=0x40800000 linTerm=1.27157e-12
spd=3394.555 ctrl=(1650673.3750,0.0000,-4298081.5000) accum=(49975.3281,0.0000,35032.8086) cMag=31029.6 fMag=102442 ld0=5.67112e+06 m78=3.18894e+06 frac=0.437687 grounded=0x40800000 linTerm=8.33333e-06
spd=3402.699 ctrl=(1740633.5000,0.0000,-4259590.5000) accum=(50517.2461,0.0000,36031.7891) cMag=31411.7 fMag=105440 ld0=5.84845e+06 m78=3.33184e+06 frac=0.430303 grounded=0x40800000 linTerm=8.33333e-06
spd=3434.509 ctrl=(1748367.1250,0.0000,-4278516.0000) accum=(47337.9922,0.0000,36635.8984) cMag=31136 fMag=98950.5 ld0=5.44889e+06 m78=3.03068e+06 frac=0.443799 grounded=0x40800000 linTerm=1.27157e-12
spd=3407.640 ctrl=(1833327.1250,0.0000,-4227573.5000) accum=(48535.7031,0.0000,37137.7656) cMag=31038.9 fMag=102529 ld0=5.67672e+06 m78=3.18918e+06 frac=0.4382 grounded=0x40800000 linTerm=8.33333e-06
spd=3415.600 ctrl=(1921607.0000,0.0000,-4185179.5000) accum=(49037.2148,0.0000,38160.2305) cMag=31416.8 fMag=105513 ld0=5.85333e+06 m78=3.33085e+06 frac=0.430947 grounded=0x40800000 linTerm=8.33333e-06
spd=3447.410 ctrl=(1930168.6250,0.0000,-4203826.5000) accum=(45841.2148,0.0000,38634.2188) cMag=31147.3 fMag=99041.4 ld0=5.45472e+06 m78=3.03052e+06 frac=0.444423 grounded=0x40800000 linTerm=1.27157e-12
spd=3420.336 ctrl=(2012917.0000,0.0000,-4149196.0000) accum=(47005.2305,0.0000,39183.1367) cMag=31048 fMag=102615 ld0=5.6822e+06 m78=3.18942e+06 frac=0.438699 grounded=0x40800000 linTerm=8.33333e-06
spd=3428.117 ctrl=(2099346.5000,0.0000,-4102976.2500) accum=(47465.2422,0.0000,40227.4766) cMag=31421.8 fMag=105585 ld0=5.85809e+06 m78=3.32988e+06 frac=0.431575 grounded=0x40800000 linTerm=8.33333e-06
spd=3459.926 ctrl=(2108724.2500,0.0000,-4121304.0000) accum=(44257.6016,0.0000,40570.9219) cMag=31158.4 fMag=99130.3 ld0=5.46043e+06 m78=3.03037e+06 frac=0.445031 grounded=0x40800000 linTerm=1.27157e-12
spd=3432.653 ctrl=(2189099.7500,0.0000,-4063084.5000) accum=(45386.3789,0.0000,41165.0625) cMag=31056.9 fMag=102698 ld0=5.68755e+06 m78=3.18965e+06 frac=0.439187 grounded=0x40800000 linTerm=8.33333e-06
spd=3440.260 ctrl=(2273512.5000,0.0000,-4013123.2500) accum=(45803.8867,0.0000,42229.6328) cMag=31426.8 fMag=105655 ld0=5.86274e+06 m78=3.32893e+06 frac=0.432189 grounded=0x40800000 linTerm=8.33333e-06
spd=3472.067 ctrl=(2283694.5000,0.0000,-4031096.0000) accum=(42589.7617,0.0000,42442.1914) cMag=31169.3 fMag=99217.1 ld0=5.466e+06 m78=3.03021e+06 frac=0.445625 grounded=0x40800000 linTerm=1.27157e-12
spd=3444.601 ctrl=(2361542.0000,0.0000,-3969396.2500) accum=(43681.8867,0.0000,43079.6367) cMag=31065.7 fMag=102780 ld0=5.69278e+06 m78=3.18987e+06 frac=0.439664 grounded=0x40800000 linTerm=8.33333e-06
spd=3452.038 ctrl=(2443774.0000,0.0000,-3915783.2500) accum=(44055.9219,0.0000,44162.6094) cMag=31431.7 fMag=105724 ld0=5.86729e+06 m78=3.328e+06 frac=0.432788 grounded=0x40800000 linTerm=8.33333e-06
spd=3483.844 ctrl=(2454745.7500,0.0000,-3933364.0000) accum=(40840.4805,0.0000,44244.1641) cMag=31179.9 fMag=99301.8 ld0=5.47143e+06 m78=3.03006e+06 frac=0.446204 grounded=0x40800000 linTerm=1.27157e-12
spd=3456.188 ctrl=(2529913.2500,0.0000,-3868295.7500) accum=(41894.5508,0.0000,44923.1484) cMag=31074.3 fMag=102860 ld0=5.69788e+06 m78=3.19007e+06 frac=0.44013 grounded=0x40800000 linTerm=8.33333e-06
spd=3463.459 ctrl=(2609807.0000,0.0000,-3811130.2500) accum=(42224.2578,0.0000,46022.6992) cMag=31436.6 fMag=105791 ld0=5.87173e+06 m78=3.32709e+06 frac=0.433372 grounded=0x40800000 linTerm=8.33333e-06
spd=3495.264 ctrl=(2621553.0000,0.0000,-3828283.0000) accum=(39012.6484,0.0000,45973.3281) cMag=31190.3 fMag=99384.5 ld0=5.47674e+06 m78=3.0299e+06 frac=0.446769 grounded=0x40800000 linTerm=1.27157e-12
spd=3467.425 ctrl=(2693893.7500,0.0000,-3759965.2500) accum=(40027.4102,0.0000,46691.7969) cMag=31082.7 fMag=102937 ld0=5.70287e+06 m78=3.19027e+06 frac=0.440584 grounded=0x40800000 linTerm=8.33333e-06
spd=3474.534 ctrl=(2771296.0000,0.0000,-3699353.7500) accum=(40311.9844,0.0000,47806.0586) cMag=31441.3 fMag=105856 ld0=5.87607e+06 m78=3.32619e+06 frac=0.433942 grounded=0x40800000 linTerm=8.33333e-06
spd=3506.338 ctrl=(2783798.5000,0.0000,-3716043.0000) accum=(37109.4102,0.0000,47626.0469) cMag=31200.5 fMag=99465.2 ld0=5.48193e+06 m78=3.02975e+06 frac=0.44732 grounded=0x40800000 linTerm=1.27157e-12
spd=3478.319 ctrl=(2853171.5000,0.0000,-3644602.0000) accum=(38083.6211,0.0000,48382.1719) cMag=31091 fMag=103013 ld0=5.70773e+06 m78=3.19047e+06 frac=0.441027 grounded=0x40800000 linTerm=8.33333e-06
spd=3485.272 ctrl=(2927932.2500,0.0000,-3580654.2500) accum=(38322.3945,0.0000,49509.2305) cMag=31446 fMag=105920 ld0=5.8803e+06 m78=3.32532e+06 frac=0.434498 grounded=0x40800000 linTerm=8.33333e-06
spd=3517.074 ctrl=(2941171.7500,0.0000,-3596845.5000) accum=(35134.0273,0.0000,49199.0781) cMag=31210.4 fMag=99544 ld0=5.48698e+06 m78=3.0296e+06 frac=0.447857 grounded=0x40800000 linTerm=1.27157e-12
spd=3488.881 ctrl=(3007444.2500,0.0000,-3522414.7500) accum=(36066.6406,0.0000,49990.7109) cMag=31099 fMag=103088 ld0=5.71248e+06 m78=3.19065e+06 frac=0.441459 grounded=0x40800000 linTerm=8.33333e-06
spd=3495.681 ctrl=(3079420.0000,0.0000,-3455250.2500) accum=(36258.9297,0.0000,51128.7070) cMag=31450.6 fMag=105983 ld0=5.88444e+06 m78=3.32447e+06 frac=0.43504 grounded=0x40800000 linTerm=8.33333e-06
spd=3527.481 ctrl=(3093375.2500,0.0000,-3470908.5000) accum=(33089.9023,0.0000,50689.0742) cMag=31220.1 fMag=99620.8 ld0=5.49191e+06 m78=3.02945e+06 frac=0.448379 grounded=0x40800000 linTerm=1.27157e-12
spd=3499.119 ctrl=(3156416.0000,0.0000,-3393624.2500) accum=(33979.8125,0.0000,51514.3984) cMag=31106.9 fMag=103160 ld0=5.71711e+06 m78=3.19083e+06 frac=0.441881 grounded=0x40800000 linTerm=8.33333e-06
spd=3505.770 ctrl=(3225469.0000,0.0000,-3323367.5000) accum=(34125.1172,0.0000,52661.3477) cMag=31455.1 fMag=106043 ld0=5.88847e+06 m78=3.32363e+06 frac=0.435569 grounded=0x40800000 linTerm=8.33333e-06
spd=3537.568 ctrl=(3240117.0000,0.0000,-3338460.0000) accum=(30980.5488,0.0000,52093.0898) cMag=31229.6 fMag=99695.6 ld0=5.49672e+06 m78=3.0293e+06 frac=0.448889 grounded=0x40800000 linTerm=1.27157e-12
spd=3509.041 ctrl=(3299804.5000,0.0000,-3258465.7500) accum=(31826.8477,0.0000,52949.9727) cMag=31114.7 fMag=103231 ld0=5.72163e+06 m78=3.191e+06 frac=0.442292 grounded=0x40800000 linTerm=8.33333e-06
spd=3515.547 ctrl=(3365801.7500,0.0000,-3185247.0000) accum=(31924.7090,0.0000,54103.8516) cMag=31459.5 fMag=106103 ld0=5.8924e+06 m78=3.32282e+06 frac=0.436084 grounded=0x40800000 linTerm=8.33333e-06
spd=3547.344 ctrl=(3381120.2500,0.0000,-3199743.7500) accum=(28809.7676,0.0000,53408.1016) cMag=31238.8 fMag=99768.6 ld0=5.50141e+06 m78=3.02916e+06 frac=0.449385 grounded=0x40800000 linTerm=1.27157e-12
spd=3518.656 ctrl=(3437338.5000,0.0000,-3117188.7500) accum=(29611.5957,0.0000,54294.5586) cMag=31122.3 fMag=103299 ld0=5.72604e+06 m78=3.19117e+06 frac=0.442692 grounded=0x40800000 linTerm=8.33333e-06
spd=3525.022 ctrl=(3500151.5000,0.0000,-3041141.2500) accum=(29661.5723,0.0000,55453.4414) cMag=31463.9 fMag=106161 ld0=5.89623e+06 m78=3.32202e+06 frac=0.436586 grounded=0x40800000 linTerm=8.33333e-06
spd=3556.816 ctrl=(3516114.2500,0.0000,-3055010.7500) accum=(26581.3008,0.0000,54631.5117) cMag=31247.8 fMag=99839.8 ld0=5.50598e+06 m78=3.02901e+06 frac=0.449869 grounded=0x40800000 linTerm=1.27157e-12
spd=3527.973 ctrl=(3568753.2500,0.0000,-2970048.2500) accum=(27337.9043,0.0000,55545.3594) cMag=31129.6 fMag=103366 ld0=5.73033e+06 m78=3.19132e+06 frac=0.443082 grounded=0x40800000 linTerm=8.33333e-06
spd=3534.202 ctrl=(3628262.7500,0.0000,-2891314.7500) accum=(27339.7266,0.0000,56707.1953) cMag=31468.2 fMag=106217 ld0=5.89997e+06 m78=3.32124e+06 frac=0.437075 grounded=0x40800000 linTerm=8.33333e-06
spd=3565.994 ctrl=(3644842.7500,0.0000,-2904527.0000) accum=(24299.1465,0.0000,55760.5938) cMag=31256.6 fMag=99909.1 ld0=5.51043e+06 m78=3.02887e+06 frac=0.450339 grounded=0x40800000 linTerm=1.27157e-12
spd=3536.999 ctrl=(3693801.7500,0.0000,-2817315.2500) accum=(25009.8203,0.0000,56699.8672) cMag=31136.9 fMag=103432 ld0=5.73451e+06 m78=3.19148e+06 frac=0.443462 grounded=0x40800000 linTerm=8.33333e-06
spd=3543.094 ctrl=(3749893.5000,0.0000,-2736042.2500) accum=(24963.3066,0.0000,57862.5859) cMag=31472.4 fMag=106272 ld0=5.90361e+06 m78=3.32048e+06 frac=0.437551 grounded=0x40800000 linTerm=8.33333e-06
spd=3574.884 ctrl=(3767063.0000,0.0000,-2748569.7500) accum=(21967.4199,0.0000,56792.9961) cMag=31265.2 fMag=99976.6 ld0=5.51477e+06 m78=3.02873e+06 frac=0.450797 grounded=0x40800000 linTerm=1.27157e-12
spd=3545.743 ctrl=(3812243.7500,0.0000,-2659269.0000) accum=(22631.4980,0.0000,57755.7031) cMag=31144 fMag=103495 ld0=5.73859e+06 m78=3.19162e+06 frac=0.443832 grounded=0x40800000 linTerm=8.33333e-06
spd=3551.709 ctrl=(3864808.7500,0.0000,-2575606.5000) accum=(22536.5645,0.0000,58917.2305) cMag=31476.6 fMag=106326 ld0=5.90716e+06 m78=3.31974e+06 frac=0.438015 grounded=0x40800000 linTerm=8.33333e-06
spd=3583.496 ctrl=(3882538.0000,0.0000,-2587421.7500) accum=(19590.2266,0.0000,57726.5273) cMag=31273.6 fMag=100042 ld0=5.519e+06 m78=3.02859e+06 frac=0.451242 grounded=0x40800000 linTerm=1.27157e-12
spd=3554.212 ctrl=(3923854.0000,0.0000,-2496200.2500) accum=(20207.2168,0.0000,58710.4648) cMag=31150.8 fMag=103557 ld0=5.74256e+06 m78=3.19176e+06 frac=0.444192 grounded=0x40800000 linTerm=8.33333e-06
spd=3560.052 ctrl=(3972792.0000,0.0000,-2410304.0000) accum=(20063.8477,0.0000,59868.7969) cMag=31480.6 fMag=106378 ld0=5.91062e+06 m78=3.31902e+06 frac=0.438466 grounded=0x40800000 linTerm=8.33333e-06
spd=3591.837 ctrl=(3991050.2500,0.0000,-2421381.2500) accum=(17171.9180,0.0000,58559.1016) cMag=31281.8 fMag=100106 ld0=5.52311e+06 m78=3.02846e+06 frac=0.451676 grounded=0x40800000 linTerm=1.27157e-12
spd=3562.414 ctrl=(4028420.5000,0.0000,-2328408.0000) accum=(17741.3477,0.0000,59562.3320) cMag=31157.6 fMag=103618 ld0=5.74644e+06 m78=3.1919e+06 frac=0.444543 grounded=0x40800000 linTerm=8.33333e-06
spd=3568.132 ctrl=(4073637.2500,0.0000,-2240437.5000) accum=(17549.6172,0.0000,60715.2812) cMag=31484.6 fMag=106429 ld0=5.91399e+06 m78=3.31831e+06 frac=0.438905 grounded=0x40800000 linTerm=8.33333e-06
spd=3599.915 ctrl=(4092393.7500,0.0000,-2250753.2500) accum=(14716.8281,0.0000,59288.9102) cMag=31289.7 fMag=100169 ld0=5.52712e+06 m78=3.02832e+06 frac=0.452098 grounded=0x40800000 linTerm=1.27157e-12
spd=3570.357 ctrl=(4125744.5000,0.0000,-2156201.0000) accum=(15238.2979,0.0000,60309.3242) cMag=31164.2 fMag=103677 ld0=5.7502e+06 m78=3.19202e+06 frac=0.444885 grounded=0x40800000 linTerm=8.33333e-06
spd=3575.956 ctrl=(4167152.7500,0.0000,-2066319.6250) accum=(14998.3652,0.0000,61454.9141) cMag=31488.5 fMag=106478 ld0=5.91728e+06 m78=3.31763e+06 frac=0.439332 grounded=0x40800000 linTerm=8.33333e-06
spd=3607.737 ctrl=(4186372.7500,0.0000,-2075849.8750) accum=(12229.4141,0.0000,59914.3633) cMag=31297.5 fMag=100230 ld0=5.53102e+06 m78=3.02819e+06 frac=0.452508 grounded=0x40800000 linTerm=1.27157e-12
spd=3578.048 ctrl=(4215639.5000,0.0000,-1979895.5000) accum=(12702.6670,0.0000,60949.8320) cMag=31170.6 fMag=103734 ld0=5.75387e+06 m78=3.19215e+06 frac=0.445217 grounded=0x40800000 linTerm=8.33333e-06
spd=3583.532 ctrl=(4253160.5000,0.0000,-1888270.2500) accum=(12414.8252,0.0000,62085.9414) cMag=31492.3 fMag=106526 ld0=5.92047e+06 m78=3.31696e+06 frac=0.439747 grounded=0x40800000 linTerm=8.33333e-06
spd=3615.310 ctrl=(4272810.0000,0.0000,-1896994.5000) accum=(9714.2109,0.0000,60433.8867) cMag=31305.1 fMag=100289 ld0=5.53482e+06 m78=3.02806e+06 frac=0.452907 grounded=0x40800000 linTerm=1.27157e-12
spd=3585.495 ctrl=(4297933.0000,0.0000,-1799815.1250) accum=(10139.0557,0.0000,61482.3750) cMag=31176.9 fMag=103790 ld0=5.75744e+06 m78=3.19227e+06 frac=0.44554 grounded=0x40800000 linTerm=8.33333e-06
spd=3590.866 ctrl=(4331494.0000,0.0000,-1706616.8750) accum=(9803.5244,0.0000,62606.9844) cMag=31496 fMag=106573 ld0=5.92358e+06 m78=3.31631e+06 frac=0.440151 grounded=0x40800000 linTerm=8.33333e-06
spd=3622.642 ctrl=(4351538.0000,0.0000,-1714514.3750) accum=(7175.8267,0.0000,60846.2539) cMag=31312.4 fMag=100346 ld0=5.53851e+06 m78=3.02793e+06 frac=0.453294 grounded=0x40800000 linTerm=1.27157e-12
spd=3592.703 ctrl=(4372469.5000,0.0000,-1616292.5000) accum=(7552.0508,0.0000,61905.7344) cMag=31183 fMag=103844 ld0=5.76091e+06 m78=3.19239e+06 frac=0.445854 grounded=0x40800000 linTerm=8.33333e-06
spd=3597.967 ctrl=(4402004.5000,0.0000,-1521693.3750) accum=(7169.3828,0.0000,63016.8164) cMag=31499.7 fMag=106619 ld0=5.92661e+06 m78=3.31568e+06 frac=0.440544 grounded=0x40800000 linTerm=8.33333e-06
spd=3629.740 ctrl=(4422408.5000,0.0000,-1528746.7500) accum=(4618.9165,0.0000,61150.4766) cMag=31319.6 fMag=100402 ld0=5.5421e+06 m78=3.02781e+06 frac=0.453671 grounded=0x40800000 linTerm=1.27157e-12
spd=3599.681 ctrl=(4439104.5000,0.0000,-1429664.3750) accum=(4946.4536,0.0000,62218.9297) cMag=31189 fMag=103897 ld0=5.7643e+06 m78=3.1925e+06 frac=0.44616 grounded=0x40800000 linTerm=8.33333e-06
spd=3604.839 ctrl=(4464557.0000,0.0000,-1333841.0000) accum=(4517.1606,0.0000,63314.3750) cMag=31503.2 fMag=106664 ld0=5.92955e+06 m78=3.31506e+06 frac=0.440926 grounded=0x40800000 linTerm=8.33333e-06
spd=3636.610 ctrl=(4485283.0000,0.0000,-1340033.1250) accum=(2048.1243,0.0000,61345.6367) cMag=31326.5 fMag=100456 ld0=5.54559e+06 m78=3.02769e+06 frac=0.454037 grounded=0x40800000 linTerm=1.27157e-12
spd=3606.436 ctrl=(4497710.0000,0.0000,-1240274.7500) accum=(2326.9583,0.0000,62421.0820) cMag=31194.8 fMag=103948 ld0=5.76758e+06 m78=3.1926e+06 frac=0.446458 grounded=0x40800000 linTerm=8.33333e-06
spd=3611.491 ctrl=(4519031.5000,0.0000,-1143404.0000) accum=(1851.7512,0.0000,63498.9297) cMag=31506.7 fMag=106707 ld0=5.93241e+06 m78=3.31446e+06 frac=0.441297 grounded=0x40800000 linTerm=8.33333e-06
spd=3643.259 ctrl=(4540041.5000,0.0000,-1148720.0000) accum=(-531.7374,0.0000,61431.2031) cMag=31333.3 fMag=100509 ld0=5.54899e+06 m78=3.02757e+06 frac=0.454393 grounded=0x40800000 linTerm=1.27157e-12
spd=3612.972 ctrl=(4548175.0000,0.0000,-1048471.5625) accum=(-301.4543,0.0000,62511.5781) cMag=31200.5 fMag=103998 ld0=5.77078e+06 m78=3.1927e+06 frac=0.446746 grounded=0x40800000 linTerm=8.33333e-06
spd=3617.928 ctrl=(4565322.0000,0.0000,-950733.4375) accum=(-822.0004,0.0000,63569.8945) cMag=31510.2 fMag=106749 ld0=5.9352e+06 m78=3.31387e+06 frac=0.441658 grounded=0x40800000 linTerm=8.33333e-06
spd=3649.694 ctrl=(4586578.5000,0.0000,-955160.1250) accum=(-3115.9595,0.0000,61406.7852) cMag=31339.9 fMag=100561 ld0=5.5523e+06 m78=3.02745e+06 frac=0.454739 grounded=0x40800000 linTerm=1.27157e-12
spd=3619.298 ctrl=(4590399.0000,0.0000,-854607.4375) accum=(-2934.0698,0.0000,62489.9961) cMag=31206 fMag=104047 ld0=5.77388e+06 m78=3.1928e+06 frac=0.447027 grounded=0x40800000 linTerm=8.33333e-06
spd=3624.157 ctrl=(4603339.5000,0.0000,-756183.8125) accum=(-3499.1230,0.0000,63526.8125) cMag=31513.5 fMag=106790 ld0=5.93791e+06 m78=3.3133e+06 frac=0.442009 grounded=0x40800000 linTerm=8.33333e-06
spd=3655.920 ctrl=(4624802.5000,0.0000,-759709.5625) accum=(-5699.7578,0.0000,61272.0039) cMag=31346.3 fMag=100611 ld0=5.55551e+06 m78=3.02734e+06 frac=0.455074 grounded=0x40800000 linTerm=1.27157e-12
spd=3625.418 ctrl=(4624301.0000,0.0000,-659040.2500) accum=(-5566.0874,0.0000,62356.2070) cMag=31211.4 fMag=104094 ld0=5.7769e+06 m78=3.19289e+06 frac=0.4473 grounded=0x40800000 linTerm=8.33333e-06
spd=3630.184 ctrl=(4633008.0000,0.0000,-560113.1875) accum=(-6174.7388,0.0000,63369.5586) cMag=31516.8 fMag=106830 ld0=5.94055e+06 m78=3.31275e+06 frac=0.442349 grounded=0x40800000 linTerm=8.33333e-06
spd=3661.945 ctrl=(4654639.0000,0.0000,-562728.3125) accum=(-8278.3457,0.0000,61026.9844) cMag=31352.6 fMag=100659 ld0=5.55863e+06 m78=3.02723e+06 frac=0.4554 grounded=0x40800000 linTerm=1.27157e-12
spd=3631.341 ctrl=(4649815.0000,0.0000,-462129.3438) accum=(-8192.5332,0.0000,62110.1680) cMag=31216.6 fMag=104140 ld0=5.77984e+06 m78=3.19299e+06 frac=0.447565 grounded=0x40800000 linTerm=8.33333e-06
spd=3636.016 ctrl=(4654270.0000,0.0000,-362882.5625) accum=(-8843.8047,0.0000,63098.1992) cMag=31519.9 fMag=106868 ld0=5.94311e+06 m78=3.31222e+06 frac=0.44268 grounded=0x40800000 linTerm=8.33333e-06
spd=3667.774 ctrl=(4676029.5000,0.0000,-364579.0938) accum=(-10846.9014,0.0000,60671.8711) cMag=31358.7 fMag=100706 ld0=5.56166e+06 m78=3.02712e+06 frac=0.455717 grounded=0x40800000 linTerm=1.27157e-12
spd=3637.071 ctrl=(4666889.5000,0.0000,-264237.3438) accum=(-10808.6885,0.0000,61752.1562) cMag=31221.7 fMag=104184 ld0=5.78269e+06 m78=3.19307e+06 frac=0.447822 grounded=0x40800000 linTerm=8.33333e-06
spd=3641.657 ctrl=(4667082.0000,0.0000,-164854.5469) accum=(-11501.4600,0.0000,62712.9805) cMag=31523 fMag=106906 ld0=5.9456e+06 m78=3.3117e+06 frac=0.443 grounded=0x40800000 linTerm=8.33333e-06
spd=3673.413 ctrl=(4688929.5000,0.0000,-165626.2969) accum=(-13400.7344,0.0000,60207.1602) cMag=31364.6 fMag=100752 ld0=5.5646e+06 m78=3.02701e+06 frac=0.456024 grounded=0x40800000 linTerm=1.27157e-12
spd=3642.613 ctrl=(4675486.0000,0.0000,-65728.0391) accum=(-13409.5742,0.0000,61282.6094) cMag=31226.7 fMag=104227 ld0=5.78547e+06 m78=3.19316e+06 frac=0.448073 grounded=0x40800000 linTerm=8.33333e-06
spd=3647.115 ctrl=(4671414.5000,0.0000,33606.5234) accum=(-14142.8154,0.0000,62214.5039) cMag=31526.1 fMag=106943 ld0=5.94801e+06 m78=3.31119e+06 frac=0.443312 grounded=0x40800000 linTerm=8.33333e-06
spd=3678.868 ctrl=(4693312.0000,0.0000,33764.0547) accum=(-15934.9619,0.0000,59633.4141) cMag=31370.3 fMag=100796 ld0=5.56746e+06 m78=3.02691e+06 frac=0.456322 grounded=0x40800000 linTerm=1.27157e-12
spd=3647.975 ctrl=(4675590.0000,0.0000,133033.1562) accum=(-15990.4277,0.0000,60702.1797) cMag=31231.5 fMag=104270 ld0=5.78816e+06 m78=3.19324e+06 frac=0.448315 grounded=0x40800000 linTerm=8.33333e-06
spd=3652.394 ctrl=(4667259.5000,0.0000,232135.7500) accum=(-16762.8633,0.0000,61603.3555) cMag=31529 fMag=106978 ld0=5.95037e+06 m78=3.3107e+06 frac=0.443615 grounded=0x40800000 linTerm=8.33333e-06
spd=3684.145 ctrl=(4689162.5000,0.0000,233225.1719) accum=(-18445.0215,0.0000,58951.5469) cMag=31375.9 fMag=100840 ld0=5.57024e+06 m78=3.0268e+06 frac=0.456612 grounded=0x40800000 linTerm=1.27157e-12
spd=3653.161 ctrl=(4667192.0000,0.0000,331680.6250) accum=(-18546.4570,0.0000,60011.7305) cMag=31236.2 fMag=104310 ld0=5.79077e+06 m78=3.19331e+06 frac=0.448551 grounded=0x40800000 linTerm=8.33333e-06
spd=3657.500 ctrl=(4654618.5000,0.0000,430367.5625) accum=(-19356.8867,0.0000,60880.5156) cMag=31531.9 fMag=107013 ld0=5.95265e+06 m78=3.31022e+06 frac=0.443908 grounded=0x40800000 linTerm=8.33333e-06
spd=3689.248 ctrl=(4676487.5000,0.0000,432389.5312) accum=(-20926.0742,0.0000,58162.5000) cMag=31381.3 fMag=100882 ld0=5.57294e+06 m78=3.0267e+06 frac=0.456892 grounded=0x40800000 linTerm=1.27157e-12
spd=3658.176 ctrl=(4650305.5000,0.0000,529848.7500) accum=(-21072.8906,0.0000,59212.3438) cMag=31240.8 fMag=104350 ld0=5.79331e+06 m78=3.19339e+06 frac=0.44878 grounded=0x40800000 linTerm=8.33333e-06
spd=3662.438 ctrl=(4633510.0000,0.0000,627937.5625) accum=(-21919.9102,0.0000,60047.1406) cMag=31534.7 fMag=107046 ld0=5.95486e+06 m78=3.30975e+06 frac=0.444193 grounded=0x40800000 linTerm=8.33333e-06
spd=3694.184 ctrl=(4655304.5000,0.0000,630891.1875) accum=(-23373.5879,0.0000,57267.6250) cMag=31386.6 fMag=100922 ld0=5.57555e+06 m78=3.02661e+06 frac=0.457165 grounded=0x40800000 linTerm=1.27157e-12
spd=3663.027 ctrl=(4624960.0000,0.0000,727173.4375) accum=(-23565.1445,0.0000,58305.3594) cMag=31245.2 fMag=104388 ld0=5.79577e+06 m78=3.19346e+06 frac=0.449002 grounded=0x40800000 linTerm=8.33333e-06
spd=3667.213 ctrl=(4603971.5000,0.0000,824482.6250) accum=(-24447.2031,0.0000,59104.5156) cMag=31537.5 fMag=107079 ld0=5.95701e+06 m78=3.3093e+06 frac=0.44447 grounded=0x40800000 linTerm=8.33333e-06
spd=3698.957 ctrl=(4625651.5000,0.0000,828365.1250) accum=(-25782.9121,0.0000,56268.3359) cMag=31391.7 fMag=100962 ld0=5.57809e+06 m78=3.02651e+06 frac=0.457429 grounded=0x40800000 linTerm=1.27157e-12
spd=3667.718 ctrl=(4591197.5000,0.0000,923291.7500) accum=(-26018.3809,0.0000,57292.2070) cMag=31249.5 fMag=104426 ld0=5.79816e+06 m78=3.19353e+06 frac=0.449217 grounded=0x40800000 linTerm=8.33333e-06
spd=3671.831 ctrl=(4566052.5000,0.0000,1019641.3750) accum=(-26934.1309,0.0000,58054.2617) cMag=31540.2 fMag=107110 ld0=5.9591e+06 m78=3.30886e+06 frac=0.444738 grounded=0x40800000 linTerm=8.33333e-06
spd=3703.572 ctrl=(4587577.5000,0.0000,1024448.0625) accum=(-28149.6309,0.0000,55166.3438) cMag=31396.7 fMag=101000 ld0=5.58056e+06 m78=3.02642e+06 frac=0.457685 grounded=0x40800000 linTerm=1.27157e-12
spd=3672.253 ctrl=(4549077.0000,0.0000,1117843.3750) accum=(-28428.1133,0.0000,56174.6133) cMag=31253.7 fMag=104462 ld0=5.80049e+06 m78=3.1936e+06 frac=0.449426 grounded=0x40800000 linTerm=8.33333e-06
spd=3676.296 ctrl=(4519821.5000,0.0000,1213055.5000) accum=(-29375.9141,0.0000,56898.0898) cMag=31542.8 fMag=107141 ld0=5.96113e+06 m78=3.30844e+06 frac=0.444997 grounded=0x40800000 linTerm=8.33333e-06
spd=3708.035 ctrl=(4541150.0000,0.0000,1218779.7500) accum=(-30469.1777,0.0000,53963.4336) cMag=31401.5 fMag=101037 ld0=5.58295e+06 m78=3.02633e+06 frac=0.457933 grounded=0x40800000 linTerm=1.27157e-12
spd=3676.640 ctrl=(4498672.0000,0.0000,1310470.5000) accum=(-30789.9551,0.0000,54954.4805) cMag=31257.8 fMag=104497 ld0=5.80274e+06 m78=3.19366e+06 frac=0.449629 grounded=0x40800000 linTerm=8.33333e-06
spd=3680.614 ctrl=(4465357.5000,0.0000,1404368.7500) accum=(-31768.0957,0.0000,55638.0000) cMag=31545.3 fMag=107171 ld0=5.96309e+06 m78=3.30803e+06 frac=0.44525 grounded=0x40800000 linTerm=8.33333e-06
spd=3712.350 ctrl=(4486451.5000,0.0000,1411002.8750) accum=(-32737.2812,0.0000,52661.7070) cMag=31406.2 fMag=101074 ld0=5.58527e+06 m78=3.02624e+06 frac=0.458174 grounded=0x40800000 linTerm=1.27157e-12
spd=3680.880 ctrl=(4440073.0000,0.0000,1500819.3750) accum=(-33099.2969,0.0000,53633.8828) cMag=31261.8 fMag=104531 ld0=5.80492e+06 m78=3.19372e+06 frac=0.449825 grounded=0x40800000 linTerm=8.33333e-06
spd=3684.788 ctrl=(4402759.5000,0.0000,1593230.3750) accum=(-34106.1797,0.0000,54276.1562) cMag=31547.8 fMag=107200 ld0=5.965e+06 m78=3.30763e+06 frac=0.445494 grounded=0x40800000 linTerm=8.33333e-06
spd=3716.522 ctrl=(4423578.5000,0.0000,1600764.1250) accum=(-34949.6328,0.0000,51263.3633) cMag=31410.7 fMag=101108 ld0=5.58752e+06 m78=3.02616e+06 frac=0.458408 grounded=0x40800000 linTerm=1.27157e-12
spd=3684.980 ctrl=(4373381.5000,0.0000,1688539.3750) accum=(-35351.9805,0.0000,52215.1406) cMag=31265.7 fMag=104564 ld0=5.80704e+06 m78=3.19378e+06 frac=0.450016 grounded=0x40800000 linTerm=8.33333e-06
spd=3688.823 ctrl=(4332139.0000,0.0000,1779293.3750) accum=(-36385.7227,0.0000,52814.9141) cMag=31550.1 fMag=107228 ld0=5.96685e+06 m78=3.30724e+06 frac=0.445731 grounded=0x40800000 linTerm=8.33333e-06
spd=3720.555 ctrl=(4352643.0000,0.0000,1787714.5000) accum=(-37102.1445,0.0000,49770.8867) cMag=31415.2 fMag=101142 ld0=5.5897e+06 m78=3.02607e+06 frac=0.458634 grounded=0x40800000 linTerm=1.27157e-12
spd=3688.943 ctrl=(4298720.5000,0.0000,1873286.6250) accum=(-37543.6719,0.0000,50700.6953) cMag=31269.4 fMag=104597 ld0=5.8091e+06 m78=3.19383e+06 frac=0.450201 grounded=0x40800000 linTerm=8.33333e-06
spd=3692.724 ctrl=(4253622.0000,0.0000,1962215.5000) accum=(-38602.5898,0.0000,51256.8086) cMag=31552.5 fMag=107255 ld0=5.96865e+06 m78=3.30686e+06 frac=0.445961 grounded=0x40800000 linTerm=8.33333e-06
spd=3724.454 ctrl=(4273772.5000,0.0000,1971511.1250) accum=(-39190.6328,0.0000,48186.8281) cMag=31419.4 fMag=101175 ld0=5.59182e+06 m78=3.02599e+06 frac=0.458853 grounded=0x40800000 linTerm=1.27157e-12
spd=3692.774 ctrl=(4216223.5000,0.0000,2054722.2500) accum=(-39670.2969,0.0000,49093.1992) cMag=31273 fMag=104628 ld0=5.81109e+06 m78=3.19389e+06 frac=0.45038 grounded=0x40800000 linTerm=8.33333e-06
spd=3696.495 ctrl=(4167350.7500,0.0000,2141662.0000) accum=(-40752.5195,0.0000,49604.5781) cMag=31554.8 fMag=107281 ld0=5.97039e+06 m78=3.3065e+06 frac=0.446183 grounded=0x40800000 linTerm=8.33333e-06
spd=3728.224 ctrl=(4187109.7500,0.0000,2151816.5000) accum=(-41211.2734,0.0000,46514.0000) cMag=31423.6 fMag=101207 ld0=5.59387e+06 m78=3.02592e+06 frac=0.459066 grounded=0x40800000 linTerm=1.27157e-12
spd=3696.478 ctrl=(4126036.5000,0.0000,2232511.2500) accum=(-41727.8945,0.0000,47395.5039) cMag=31276.5 fMag=104658 ld0=5.81302e+06 m78=3.19394e+06 frac=0.450554 grounded=0x40800000 linTerm=8.33333e-06
spd=3700.140 ctrl=(4073479.2500,0.0000,2317301.7500) accum=(-42831.4961,0.0000,47861.1250) cMag=31557 fMag=107307 ld0=5.97208e+06 m78=3.30615e+06 frac=0.446399 grounded=0x40800000 linTerm=8.33333e-06
spd=3731.866 ctrl=(4092810.2500,0.0000,2328298.7500) accum=(-43160.2188,0.0000,44755.3516) cMag=31427.6 fMag=101238 ld0=5.59586e+06 m78=3.02584e+06 frac=0.459272 grounded=0x40800000 linTerm=1.27157e-12
spd=3700.057 ctrl=(4028325.0000,0.0000,2406328.7500) accum=(-43712.6953,0.0000,45610.5703) cMag=31280 fMag=104687 ld0=5.8149e+06 m78=3.19399e+06 frac=0.450722 grounded=0x40800000 linTerm=8.33333e-06
spd=3703.663 ctrl=(3972178.7500,0.0000,2488813.7500) accum=(-44835.6289,0.0000,46029.5664) cMag=31559.1 fMag=107331 ld0=5.97371e+06 m78=3.3058e+06 frac=0.446608 grounded=0x40800000 linTerm=8.33333e-06
spd=3735.388 ctrl=(3991045.2500,0.0000,2500635.0000) accum=(-45033.7930,0.0000,42913.9727) cMag=31431.5 fMag=101268 ld0=5.59779e+06 m78=3.02576e+06 frac=0.459471 grounded=0x40800000 linTerm=1.27157e-12
spd=3703.517 ctrl=(3923264.0000,0.0000,2575854.7500) accum=(-45620.7539,0.0000,43741.5898) cMag=31283.3 fMag=104716 ld0=5.81671e+06 m78=3.19404e+06 frac=0.450885 grounded=0x40800000 linTerm=8.33333e-06
spd=3707.068 ctrl=(3863630.5000,0.0000,2655882.5000) accum=(-46761.1367,0.0000,44113.1211) cMag=31561.2 fMag=107355 ld0=5.9753e+06 m78=3.30547e+06 frac=0.446811 grounded=0x40800000 linTerm=8.33333e-06
spd=3738.791 ctrl=(3881996.2500,0.0000,2668507.5000) accum=(-46828.5117,0.0000,40993.1641) cMag=31435.3 fMag=101297 ld0=5.59966e+06 m78=3.02569e+06 frac=0.459665 grounded=0x40800000 linTerm=1.27157e-12
spd=3706.860 ctrl=(3811045.0000,0.0000,2740779.5000) accum=(-47448.6289,0.0000,41791.9180) cMag=31286.5 fMag=104743 ld0=5.81847e+06 m78=3.19409e+06 frac=0.451044 grounded=0x40800000 linTerm=8.33333e-06
spd=3710.359 ctrl=(3748032.5000,0.0000,2818201.7500) accum=(-48604.4492,0.0000,42115.2109) cMag=31563.3 fMag=107379 ld0=5.97684e+06 m78=3.30515e+06 frac=0.447007 grounded=0x40800000 linTerm=8.33333e-06
spd=3742.079 ctrl=(3765862.7500,0.0000,2831608.7500) accum=(-48540.8164,0.0000,38996.3516) cMag=31439 fMag=101325 ld0=5.60147e+06 m78=3.02562e+06 frac=0.459852 grounded=0x40800000 linTerm=1.27157e-12
spd=3710.092 ctrl=(3691871.2500,0.0000,2900800.0000) accum=(-49192.8086,0.0000,39765.0195) cMag=31289.6 fMag=104770 ld0=5.82018e+06 m78=3.19413e+06 frac=0.451197 grounded=0x40800000 linTerm=8.33333e-06
spd=3713.539 ctrl=(3625594.2500,0.0000,2975474.2500) accum=(-50361.9883,0.0000,40039.4023) cMag=31565.3 fMag=107401 ld0=5.97833e+06 m78=3.30484e+06 frac=0.447197 grounded=0x40800000 linTerm=8.33333e-06
spd=3745.258 ctrl=(3642855.0000,0.0000,2989640.0000) accum=(-50167.5742,0.0000,36927.0898) cMag=31442.5 fMag=101353 ld0=5.60322e+06 m78=3.02555e+06 frac=0.460033 grounded=0x40800000 linTerm=1.27157e-12
spd=3713.214 ctrl=(3565956.0000,0.0000,3055621.2500) accum=(-50850.1094,0.0000,37664.5039) cMag=31292.7 fMag=104795 ld0=5.82183e+06 m78=3.19418e+06 frac=0.451345 grounded=0x40800000 linTerm=8.33333e-06
spd=3716.613 ctrl=(3496536.0000,0.0000,3127410.0000) accum=(-52030.5039,0.0000,37889.4375) cMag=31567.2 fMag=107423 ld0=5.97978e+06 m78=3.30454e+06 frac=0.447381 grounded=0x40800000 linTerm=8.33333e-06
spd=3748.329 ctrl=(3513193.7500,0.0000,3142309.5000) accum=(-51705.6680,0.0000,34789.1055) cMag=31446 fMag=101379 ld0=5.60492e+06 m78=3.02549e+06 frac=0.460209 grounded=0x40800000 linTerm=1.27157e-12
spd=3716.232 ctrl=(3433529.5000,0.0000,3204959.7500) accum=(-52417.2500,0.0000,35494.1602) cMag=31295.6 fMag=104820 ld0=5.82343e+06 m78=3.19422e+06 frac=0.451489 grounded=0x40800000 linTerm=8.33333e-06
spd=3719.582 ctrl=(3361093.5000,0.0000,3273732.5000) accum=(-53606.7773,0.0000,35669.1992) cMag=31569 fMag=107444 ld0=5.98118e+06 m78=3.30425e+06 frac=0.447559 grounded=0x40800000 linTerm=8.33333e-06
spd=3751.297 ctrl=(3377117.0000,0.0000,3289339.7500) accum=(-53152.2266,0.0000,32586.2715) cMag=31449.3 fMag=101405 ld0=5.60657e+06 m78=3.02542e+06 frac=0.460379 grounded=0x40800000 linTerm=1.27157e-12
spd=3719.148 ctrl=(3294830.5000,0.0000,3348542.2500) accum=(-53891.4219,0.0000,33257.9141) cMag=31298.5 fMag=104845 ld0=5.82498e+06 m78=3.19426e+06 frac=0.451628 grounded=0x40800000 linTerm=8.33333e-06
spd=3722.452 ctrl=(3219510.2500,0.0000,3414170.2500) accum=(-55087.9648,0.0000,33382.5938) cMag=31570.8 fMag=107465 ld0=5.98253e+06 m78=3.30396e+06 frac=0.447732 grounded=0x40800000 linTerm=8.33333e-06
spd=3754.165 ctrl=(3234870.7500,0.0000,3430459.7500) accum=(-54504.3750,0.0000,30322.5059) cMag=31452.6 fMag=101430 ld0=5.60816e+06 m78=3.02536e+06 frac=0.460544 grounded=0x40800000 linTerm=1.27157e-12
spd=3721.965 ctrl=(3150113.5000,0.0000,3486105.5000) accum=(-55269.6992,0.0000,30959.7402) cMag=31301.2 fMag=104868 ld0=5.82649e+06 m78=3.1943e+06 frac=0.451763 grounded=0x40800000 linTerm=8.33333e-06
spd=3725.224 ctrl=(3072045.0000,0.0000,3548468.5000) accum=(-56471.0820,0.0000,31033.8008) cMag=31572.6 fMag=107485 ld0=5.98385e+06 m78=3.30369e+06 frac=0.447899 grounded=0x40800000 linTerm=8.33333e-06
spd=3756.936 ctrl=(3086711.0000,0.0000,3565409.0000) accum=(-55759.5938,0.0000,28001.9043) cMag=31455.7 fMag=101454 ld0=5.60971e+06 m78=3.0253e+06 frac=0.460703 grounded=0x40800000 linTerm=1.27157e-12
spd=3724.687 ctrl=(2999637.7500,0.0000,3617396.5000) accum=(-56549.5781,0.0000,28603.7520) cMag=31303.9 fMag=104891 ld0=5.82794e+06 m78=3.19434e+06 frac=0.451893 grounded=0x40800000 linTerm=8.33333e-06
spd=3727.903 ctrl=(2918964.2500,0.0000,3676380.0000) accum=(-57753.6719,0.0000,28627.0469) cMag=31574.3 fMag=107504 ld0=5.98512e+06 m78=3.30342e+06 frac=0.448061 grounded=0x40800000 linTerm=8.33333e-06
spd=3759.613 ctrl=(2932908.7500,0.0000,3693943.0000) accum=(-56915.5703,0.0000,25628.6543) cMag=31458.8 fMag=101477 ld0=5.6112e+06 m78=3.02524e+06 frac=0.460857 grounded=0x40800000 linTerm=1.27157e-12
spd=1872.543 ctrl=(-1863549.3750,0.0000,3712268.0000) accum=(-19079.2852,0.0000,-26351.5000) cMag=21414.3 fMag=78214.8 ld0=4.44088e+06 m78=3.50121e+06 frac=0.211594 grounded=0x40800000 linTerm=8.33333e-06
spd=1897.739 ctrl=(-1944948.0000,0.0000,3677381.0000) accum=(-27668.5820,0.0000,-36958.0625) cMag=29908.9 fMag=85993.4 ld0=4.66844e+06 m78=3.17942e+06 frac=0.318954 grounded=0x40800000 linTerm=8.33333e-06
spd=1930.067 ctrl=(-1950244.5000,0.0000,3687395.2500) accum=(-25168.5215,0.0000,-36565.7539) cMag=29181.6 fMag=80236.4 ld0=4.37691e+06 m78=2.93135e+06 frac=0.330271 grounded=0x40800000 linTerm=1.27157e-12
spd=1922.245 ctrl=(-2025805.2500,0.0000,3640890.5000) accum=(-28738.1602,0.0000,-37921.4648) cMag=29588.4 fMag=86135.4 ld0=4.68983e+06 m78=3.06449e+06 frac=0.346568 grounded=0x40800000 linTerm=8.33333e-06
spd=1946.574 ctrl=(-2105393.0000,0.0000,3601602.5000) accum=(-29948.0215,0.0000,-38890.0547) cMag=30356.5 fMag=91491 ld0=4.96913e+06 m78=3.31905e+06 frac=0.332067 grounded=0x40800000 linTerm=8.33333e-06
spd=1978.466 ctrl=(-2111616.0000,0.0000,3612247.7500) accum=(-27147.1094,0.0000,-38530.8945) cMag=29585 fMag=84735.2 ld0=4.61081e+06 m78=3.00739e+06 frac=0.347752 grounded=0x40800000 linTerm=1.27157e-12
spd=1970.012 ctrl=(-2185077.7500,0.0000,3561965.2500) accum=(-29899.0449,0.0000,-39762.8594) cMag=29900.7 fMag=89927.8 ld0=4.89711e+06 m78=3.15092e+06 frac=0.356576 grounded=0x40800000 linTerm=8.33333e-06
spd=1993.648 ctrl=(-2262960.7500,0.0000,3518907.2500) accum=(-31845.0977,0.0000,-41444.0508) cMag=30644.3 fMag=94681.8 ld0=5.15722e+06 m78=3.29269e+06 frac=0.361538 grounded=0x40800000 linTerm=8.33333e-06
spd=2025.239 ctrl=(-2270079.7500,0.0000,3529977.2500) accum=(-27571.9551,0.0000,-40278.8672) cMag=29845.9 fMag=87404.1 ld0=4.75253e+06 m78=3.05402e+06 frac=0.357391 grounded=0x40800000 linTerm=1.27157e-12
spd=2016.202 ctrl=(-2341405.7500,0.0000,3476233.2500) accum=(-31116.6641,0.0000,-42237.3047) cMag=30100.5 fMag=92182.7 ld0=5.02812e+06 m78=3.09424e+06 frac=0.384613 grounded=0x40800000 linTerm=8.33333e-06
spd=2039.263 ctrl=(-2417498.7500,0.0000,3429601.7500) accum=(-31557.0742,0.0000,-43237.3516) cMag=30823 fMag=96594.7 ld0=5.27488e+06 m78=3.33376e+06 frac=0.367993 grounded=0x40800000 linTerm=8.33333e-06
spd=2070.676 ctrl=(-2425432.0000,0.0000,3440856.0000) accum=(-27097.0488,0.0000,-41848.0469) cMag=30013.6 fMag=89042.4 ld0=4.84256e+06 m78=3.08474e+06 frac=0.362995 grounded=0x40800000 linTerm=1.27157e-12
spd=2061.109 ctrl=(-2494505.7500,0.0000,3383799.2500) accum=(-30394.7598,0.0000,-43899.1602) cMag=30227.5 fMag=93572.8 ld0=5.11186e+06 m78=3.12201e+06 frac=0.389261 grounded=0x40800000 linTerm=8.33333e-06
spd=2083.687 ctrl=(-2568666.2500,0.0000,3333688.2500) accum=(-30669.6641,0.0000,-44906.3164) cMag=30933.5 fMag=97781.5 ld0=5.34902e+06 m78=3.35484e+06 frac=0.372813 grounded=0x40800000 linTerm=8.33333e-06
spd=2115.004 ctrl=(-2577339.2500,0.0000,3344944.5000) accum=(-26101.1055,0.0000,-43277.9336) cMag=30123.5 fMag=90091.4 ld0=4.90176e+06 m78=3.10446e+06 frac=0.366665 grounded=0x40800000 linTerm=1.27157e-12
spd=2104.947 ctrl=(-2644021.0000,0.0000,3284683.0000) accum=(-29238.5156,0.0000,-45447.6992) cMag=30309.6 fMag=94468.2 ld0=5.16667e+06 m78=3.13702e+06 frac=0.392835 grounded=0x40800000 linTerm=8.33333e-06
spd=2127.099 ctrl=(-2716090.7500,0.0000,3231170.7500) accum=(-29392.6562,0.0000,-46451.5469) cMag=31002.8 fMag=98552.6 ld0=5.39762e+06 m78=3.36597e+06 frac=0.376397 grounded=0x40800000 linTerm=8.33333e-06
spd=2158.372 ctrl=(-2725448.0000,0.0000,3242302.7500) accum=(-25942.9570,0.0000,-45482.2617) cMag=30198.8 fMag=90800.2 ld0=4.94254e+06 m78=3.00806e+06 frac=0.391395 grounded=0x40800000 linTerm=1.27157e-12
spd=2147.851 ctrl=(-2789590.2500,0.0000,3178938.2500) accum=(-27793.2773,0.0000,-46884.3438) cMag=30364.7 fMag=95077.7 ld0=5.20431e+06 m78=3.14568e+06 frac=0.395562 grounded=0x40800000 linTerm=8.33333e-06
spd=2169.611 ctrl=(-2859408.2500,0.0000,3122107.0000) accum=(-27859.0078,0.0000,-47883.5117) cMag=31047.8 fMag=99082.8 ld0=5.43123e+06 m78=3.3719e+06 frac=0.379165 grounded=0x40800000 linTerm=8.33333e-06
spd=2200.871 ctrl=(-2869407.5000,0.0000,3133025.0000) accum=(-24403.6797,0.0000,-46757.4453) cMag=30253.3 fMag=91310.1 ld0=4.97228e+06 m78=3.01473e+06 frac=0.393692 grounded=0x40800000 linTerm=1.27157e-12
spd=2189.903 ctrl=(-2930865.7500,0.0000,3066668.0000) accum=(-26151.7422,0.0000,-48216.6758) cMag=30403.9 fMag=95520.1 ld0=5.23177e+06 m78=3.15104e+06 frac=0.397711 grounded=0x40800000 linTerm=8.33333e-06
spd=2211.292 ctrl=(-2998274.2500,0.0000,3006609.7500) accum=(-26149.7383,0.0000,-49211.7148) cMag=31078.1 fMag=99471.2 ld0=5.456e+06 m78=3.37503e+06 frac=0.38141 grounded=0x40800000 linTerm=8.33333e-06
spd=2242.558 ctrl=(-3008883.0000,0.0000,3017248.0000) accum=(-22719.6328,0.0000,-47939.6562) cMag=30295.4 fMag=91702.2 ld0=4.99538e+06 m78=3.0189e+06 frac=0.395662 grounded=0x40800000 linTerm=1.27157e-12
spd=2231.153 ctrl=(-3067513.7500,0.0000,2948011.7500) accum=(-24371.2422,0.0000,-49451.4883) cMag=30433.5 fMag=95863.3 ld0=5.25316e+06 m78=3.15462e+06 frac=0.399481 grounded=0x40800000 linTerm=8.33333e-06
spd=2252.183 ctrl=(-3132360.2500,0.0000,2884830.0000) accum=(-24314.0547,0.0000,-50443.0508) cMag=31099.8 fMag=99775.1 ld0=5.47548e+06 m78=3.3766e+06 frac=0.383323 grounded=0x40800000 linTerm=8.33333e-06
spd=2283.464 ctrl=(-3143552.7500,0.0000,2895137.7500) accum=(-20928.5820,0.0000,-49033.0195) cMag=30330.1 fMag=92023.5 ld0=5.01446e+06 m78=3.02168e+06 frac=0.397407 grounded=0x40800000 linTerm=1.27157e-12
spd=2271.629 ctrl=(-3199218.7500,0.0000,2823145.7500) accum=(-22487.3242,0.0000,-50593.4805) cMag=30457.4 fMag=96147 ld0=5.27088e+06 m78=3.15723e+06 frac=0.401005 grounded=0x40800000 linTerm=8.33333e-06
spd=2292.307 ctrl=(-3261355.0000,0.0000,2756951.5000) accum=(-22382.3379,0.0000,-51581.9531) cMag=31116.1 fMag=100028 ld0=5.49173e+06 m78=3.37729e+06 frac=0.385023 grounded=0x40800000 linTerm=8.33333e-06
spd=2323.611 ctrl=(-3273109.7500,0.0000,2766888.2500) accum=(-19054.6348,0.0000,-50040.0586) cMag=30360.2 fMag=92301 ld0=5.03106e+06 m78=3.02368e+06 frac=0.398998 grounded=0x40800000 linTerm=1.27157e-12
spd=2311.349 ctrl=(-3325680.5000,0.0000,2692271.0000) accum=(-20522.4141,0.0000,-51645.3867) cMag=30477.8 fMag=96393.8 ld0=5.28634e+06 m78=3.15928e+06 frac=0.402369 grounded=0x40800000 linTerm=8.33333e-06
spd=2331.679 ctrl=(-3384962.2500,0.0000,2623182.7500) accum=(-20373.9355,0.0000,-52630.5820) cMag=31129.3 fMag=100248 ld0=5.50597e+06 m78=3.37746e+06 frac=0.386583 grounded=0x40800000 linTerm=8.33333e-06
spd=2363.008 ctrl=(-3397259.2500,0.0000,2632712.5000) accum=(-17113.4785,0.0000,-50962.3438) cMag=30387.5 fMag=92551 ld0=5.0461e+06 m78=3.0252e+06 frac=0.400488 grounded=0x40800000 linTerm=1.27157e-12
spd=2350.323 ctrl=(-3446609.0000,0.0000,2555607.7500) accum=(-18491.2871,0.0000,-52608.5273) cMag=30496.1 fMag=96617.5 ld0=5.30038e+06 m78=3.16101e+06 frac=0.403626 grounded=0x40800000 linTerm=8.33333e-06
spd=2370.308 ctrl=(-3502901.5000,0.0000,2483753.0000) accum=(-18301.9102,0.0000,-53589.8594) cMag=31140.3 fMag=100448 ld0=5.51893e+06 m78=3.3773e+06 frac=0.388052 grounded=0x40800000 linTerm=8.33333e-06
spd=2401.663 ctrl=(-3515721.0000,0.0000,2492842.7500) accum=(-15116.0000,0.0000,-51800.0664) cMag=30412.9 fMag=92783 ld0=5.06014e+06 m78=3.02643e+06 frac=0.401908 grounded=0x40800000 linTerm=1.27157e-12
spd=2388.556 ctrl=(-3561731.2500,0.0000,2413393.2500) accum=(-16404.2266,0.0000,-53483.1328) cMag=30513.1 fMag=96826.2 ld0=5.31349e+06 m78=3.16253e+06 frac=0.404812 grounded=0x40800000 linTerm=8.33333e-06
spd=2408.198 ctrl=(-3614902.7500,0.0000,2338905.5000) accum=(-16175.2773,0.0000,-54459.6328) cMag=31150.1 fMag=100634 ld0=5.53103e+06 m78=3.37693e+06 frac=0.389458 grounded=0x40800000 linTerm=8.33333e-06
spd=2439.581 ctrl=(-3628225.2500,0.0000,2347525.5000) accum=(-13069.9600,0.0000,-52552.9375) cMag=30437 fMag=93002.6 ld0=5.07349e+06 m78=3.02744e+06 frac=0.403282 grounded=0x40800000 linTerm=1.27157e-12
spd=2426.055 ctrl=(-3670782.0000,0.0000,2265880.2500) accum=(-14268.6367,0.0000,-54268.7227) cMag=30529.2 fMag=97024.5 ld0=5.32598e+06 m78=3.16392e+06 frac=0.405947 grounded=0x40800000 linTerm=8.33333e-06
spd=2445.354 ctrl=(-3720709.7500,0.0000,2188900.7500) accum=(-14000.9678,0.0000,-55239.2148) cMag=31159.1 fMag=100810 ld0=5.54253e+06 m78=3.37642e+06 frac=0.390817 grounded=0x40800000 linTerm=8.33333e-06
spd=2476.763 ctrl=(-3734515.0000,0.0000,2197022.5000) accum=(-10981.4805,0.0000,-53220.0820) cMag=30460.3 fMag=93213.4 ld0=5.08636e+06 m78=3.02831e+06 frac=0.404621 grounded=0x40800000 linTerm=1.27157e-12
spd=2462.822 ctrl=(-3773514.5000,0.0000,2113338.0000) accum=(-12090.6865,0.0000,-54964.2461) cMag=30544.7 fMag=97215.2 ld0=5.33801e+06 m78=3.1652e+06 frac=0.407044 grounded=0x40800000 linTerm=8.33333e-06
spd=2481.779 ctrl=(-3820080.2500,0.0000,2034012.1250) accum=(-11784.7480,0.0000,-55927.5195) cMag=31167.4 fMag=100979 ld0=5.55358e+06 m78=3.37579e+06 frac=0.392142 grounded=0x40800000 linTerm=8.33333e-06
spd=2513.214 ctrl=(-3834347.0000,0.0000,2041608.3750) accum=(-8855.6260,0.0000,-53800.2578) cMag=30482.9 fMag=93417.3 ld0=5.09887e+06 m78=3.02907e+06 frac=0.405934 grounded=0x40800000 linTerm=1.27157e-12
spd=2498.859 ctrl=(-3869692.5000,0.0000,1956044.7500) accum=(-9875.4277,0.0000,-55568.7070) cMag=30559.9 fMag=97400.4 ld0=5.3497e+06 m78=3.16642e+06 frac=0.408114 grounded=0x40800000 linTerm=8.33333e-06
spd=2517.475 ctrl=(-3912784.2500,0.0000,1874524.1250) accum=(-9531.6211,0.0000,-56523.2500) cMag=31175.4 fMag=101143 ld0=5.56428e+06 m78=3.37507e+06 frac=0.39344 grounded=0x40800000 linTerm=8.33333e-06
spd=2548.936 ctrl=(-3927491.5000,0.0000,1881570.0000) accum=(-6697.0288,0.0000,-54292.2305) cMag=30505 fMag=93615.7 ld0=5.11109e+06 m78=3.02972e+06 frac=0.407225 grounded=0x40800000 linTerm=1.27157e-12
spd=2534.169 ctrl=(-3959092.2500,0.0000,1794291.5000) accum=(-7627.5850,0.0000,-56080.6367) cMag=30574.7 fMag=97580.9 ld0=5.36111e+06 m78=3.16757e+06 frac=0.409159 grounded=0x40800000 linTerm=8.33333e-06
spd=2552.446 ctrl=(-3998607.5000,0.0000,1710733.7500) accum=(-7246.1284,0.0000,-57025.0703) cMag=31183 fMag=101302 ld0=5.57469e+06 m78=3.37428e+06 frac=0.394715 grounded=0x40800000 linTerm=8.33333e-06
spd=2583.931 ctrl=(-4013731.5000,0.0000,1717204.2500) accum=(-4509.8696,0.0000,-54694.6172) cMag=30526.7 fMag=93809.4 ld0=5.12305e+06 m78=3.0303e+06 frac=0.408497 grounded=0x40800000 linTerm=1.27157e-12
spd=2568.756 ctrl=(-4041505.2500,0.0000,1628380.0000) accum=(-5351.6196,0.0000,-56498.8828) cMag=30589.4 fMag=97757.5 ld0=5.37229e+06 m78=3.16866e+06 frac=0.410184 grounded=0x40800000 linTerm=8.33333e-06
spd=2586.694 ctrl=(-4077350.5000,0.0000,1542948.6250) accum=(-4932.7354,0.0000,-57431.6133) cMag=31190.4 fMag=101457 ld0=5.58486e+06 m78=3.37343e+06 frac=0.395969 grounded=0x40800000 linTerm=8.33333e-06
spd=2618.203 ctrl=(-4092866.7500,0.0000,1548820.2500) accum=(-2298.3313,0.0000,-55006.1328) cMag=30548 fMag=93999 ld0=5.1348e+06 m78=3.0308e+06 frac=0.409752 grounded=0x40800000 linTerm=1.27157e-12
spd=2602.622 ctrl=(-4116736.7500,0.0000,1458623.3750) accum=(-3051.6418,0.0000,-56822.1992) cMag=30603.8 fMag=97930.6 ld0=5.38326e+06 m78=3.16971e+06 frac=0.411192 grounded=0x40800000 linTerm=8.33333e-06
spd=2620.224 ctrl=(-4148823.5000,0.0000,1371483.3750) accum=(-2595.7373,0.0000,-57741.6953) cMag=31197.7 fMag=101608 ld0=5.5948e+06 m78=3.37252e+06 frac=0.397205 grounded=0x40800000 linTerm=8.33333e-06
spd=2651.755 ctrl=(-4164707.2500,0.0000,1376734.1250) accum=(-66.4977,0.0000,-55225.5703) cMag=30569 fMag=94184.8 ld0=5.14635e+06 m78=3.03125e+06 frac=0.410991 grounded=0x40800000 linTerm=1.27157e-12
spd=2635.772 ctrl=(-4184608.7500,0.0000,1285341.2500) accum=(-732.0338,0.0000,-57049.3828) cMag=30618.1 fMag=98100.6 ld0=5.39404e+06 m78=3.17071e+06 frac=0.412183 grounded=0x40800000 linTerm=8.33333e-06
spd=2653.040 ctrl=(-4212856.0000,0.0000,1196664.6250) accum=(-239.3495,0.0000,-57954.0234) cMag=31204.7 fMag=101756 ld0=5.60454e+06 m78=3.37156e+06 frac=0.398423 grounded=0x40800000 linTerm=8.33333e-06
spd=2684.593 ctrl=(-4229079.5000,0.0000,1201272.7500) accum=(2181.7146,0.0000,-55351.8164) cMag=30589.7 fMag=94367.1 ld0=5.1577e+06 m78=3.03163e+06 frac=0.412214 grounded=0x40800000 linTerm=1.27157e-12
spd=2668.211 ctrl=(-4244954.5000,0.0000,1108864.3750) accum=(1603.0447,0.0000,-57179.4258) cMag=30632.3 fMag=98267.5 ld0=5.40463e+06 m78=3.17167e+06 frac=0.413157 grounded=0x40800000 linTerm=8.33333e-06
spd=2685.147 ctrl=(-4269291.5000,0.0000,1018824.6250) accum=(2132.0803,0.0000,-58067.7461) cMag=31211.7 fMag=101901 ld0=5.61409e+06 m78=3.37056e+06 frac=0.399625 grounded=0x40800000 linTerm=8.33333e-06
spd=2716.719 ctrl=(-4285827.5000,0.0000,1022770.6875) accum=(4442.0088,0.0000,-55383.8438) cMag=30610 fMag=94546 ld0=5.16888e+06 m78=3.03196e+06 frac=0.41342 grounded=0x40800000 linTerm=1.27157e-12
spd=2699.943 ctrl=(-4297627.0000,0.0000,929529.0000) accum=(3949.3384,0.0000,-57211.6016) cMag=30646.3 fMag=98431.7 ld0=5.41506e+06 m78=3.17259e+06 frac=0.414117 grounded=0x40800000 linTerm=8.33333e-06
spd=2716.549 ctrl=(-4317988.0000,0.0000,838303.6875) accum=(4514.2202,0.0000,-58081.9492) cMag=31218.5 fMag=102043 ld0=5.62345e+06 m78=3.36952e+06 frac=0.40081 grounded=0x40800000 linTerm=8.33333e-06
spd=2748.141 ctrl=(-4334808.0000,0.0000,841569.0625) accum=(6710.4648,0.0000,-55320.9688) cMag=30630.1 fMag=94721.8 ld0=5.17988e+06 m78=3.03225e+06 frac=0.414611 grounded=0x40800000 linTerm=1.27157e-12
spd=2730.974 ctrl=(-4342489.5000,0.0000,747678.8750) accum=(6302.5801,0.0000,-57145.0352) cMag=30660.2 fMag=98593.1 ld0=5.42531e+06 m78=3.17347e+06 frac=0.415062 grounded=0x40800000 linTerm=8.33333e-06
spd=2747.253 ctrl=(-4358821.5000,0.0000,655448.8125) accum=(6902.8247,0.0000,-57995.8984) cMag=31225.3 fMag=102183 ld0=5.63264e+06 m78=3.36844e+06 frac=0.401979 grounded=0x40800000 linTerm=8.33333e-06
spd=2778.863 ctrl=(-4375896.0000,0.0000,658016.3125) accum=(8982.7832,0.0000,-55162.3281) cMag=30649.9 fMag=94894.3 ld0=5.1907e+06 m78=3.03249e+06 frac=0.415784 grounded=0x40800000 linTerm=1.27157e-12
spd=2761.310 ctrl=(-4379426.5000,0.0000,563664.2500) accum=(8658.4863,0.0000,-56979.3008) cMag=30674 fMag=98751.8 ld0=5.43541e+06 m78=3.17432e+06 frac=0.415993 grounded=0x40800000 linTerm=8.33333e-06
spd=2777.264 ctrl=(-4391682.0000,0.0000,470612.4062) accum=(9293.5381,0.0000,-57809.1875) cMag=31232 fMag=102320 ld0=5.64167e+06 m78=3.36733e+06 frac=0.403132 grounded=0x40800000 linTerm=8.33333e-06
spd=2808.891 ctrl=(-4408977.5000,0.0000,472465.7812) accum=(11254.9795,0.0000,-54907.6914) cMag=30669.4 fMag=95063.9 ld0=5.20136e+06 m78=3.03269e+06 frac=0.416942 grounded=0x40800000 linTerm=1.27157e-12
spd=2790.956 ctrl=(-4408338.0000,0.0000,377840.6875) accum=(11012.7900,0.0000,-56713.9961) cMag=30687.7 fMag=98907.9 ld0=5.44534e+06 m78=3.17513e+06 frac=0.416909 grounded=0x40800000 linTerm=8.33333e-06
spd=2806.588 ctrl=(-4416476.5000,0.0000,284151.5312) accum=(11681.8975,0.0000,-57521.2930) cMag=31238.6 fMag=102454 ld0=5.65052e+06 m78=3.3662e+06 frac=0.404268 grounded=0x40800000 linTerm=8.33333e-06
spd=2838.231 ctrl=(-4433962.5000,0.0000,285276.5625) accum=(13522.6934,0.0000,-54556.5938) cMag=30688.6 fMag=95230.5 ld0=5.21185e+06 m78=3.03286e+06 frac=0.418083 grounded=0x40800000 linTerm=1.27157e-12
spd=2819.919 ctrl=(-4429136.5000,0.0000,190567.5469) accum=(13361.1084,0.0000,-56348.9453) cMag=30701.3 fMag=99061.5 ld0=5.45512e+06 m78=3.17591e+06 frac=0.417811 grounded=0x40800000 linTerm=8.33333e-06
spd=2835.235 ctrl=(-4433130.5000,0.0000,96428.3438) accum=(14063.5605,0.0000,-57132.1758) cMag=31245.1 fMag=102585 ld0=5.65922e+06 m78=3.36504e+06 frac=0.405388 grounded=0x40800000 linTerm=8.33333e-06
spd=2866.893 ctrl=(-4450774.5000,0.0000,96812.1250) accum=(15781.7734,0.0000,-54108.9609) cMag=30707.6 fMag=95394.1 ld0=5.22216e+06 m78=3.033e+06 frac=0.419206 grounded=0x40800000 linTerm=1.27157e-12
spd=2848.208 ctrl=(-4441755.0000,0.0000,2208.9353) accum=(15699.1445,0.0000,-55884.1641) cMag=30714.7 fMag=99212.5 ld0=5.46474e+06 m78=3.17666e+06 frac=0.418699 grounded=0x40800000 linTerm=8.33333e-06
spd=2863.209 ctrl=(-4441582.5000,0.0000,-92192.8203) accum=(16434.0801,0.0000,-56641.8555) cMag=31251.6 fMag=102715 ld0=5.66777e+06 m78=3.36387e+06 frac=0.406492 grounded=0x40800000 linTerm=8.33333e-06
spd=2894.882 ctrl=(-4459351.0000,0.0000,-92561.6484) accum=(18027.9805,0.0000,-53564.8828) cMag=30726.3 fMag=95554.9 ld0=5.23231e+06 m78=3.03311e+06 frac=0.420313 grounded=0x40800000 linTerm=1.27157e-12
spd=2875.830 ctrl=(-4446140.5000,0.0000,-186869.1719) accum=(18022.5547,0.0000,-55319.8945) cMag=30728.1 fMag=99361.1 ld0=5.47421e+06 m78=3.17738e+06 frac=0.419573 grounded=0x40800000 linTerm=8.33333e-06
spd=2890.520 ctrl=(-4441789.5000,0.0000,-281344.5000) accum=(18789.0820,0.0000,-56050.5742) cMag=31258 fMag=102841 ld0=5.67616e+06 m78=3.36267e+06 frac=0.40758 grounded=0x40800000 linTerm=8.33333e-06
spd=2922.206 ctrl=(-4459650.0000,0.0000,-282475.7812) accum=(20257.0000,0.0000,-52924.6289) cMag=30744.7 fMag=95712.8 ld0=5.2423e+06 m78=3.03318e+06 frac=0.421402 grounded=0x40800000 linTerm=1.27157e-12
spd=2902.792 ctrl=(-4442262.0000,0.0000,-376298.0625) accum=(20326.9238,0.0000,-54656.4922) cMag=30741.3 fMag=99507.2 ld0=5.48352e+06 m78=3.17807e+06 frac=0.420432 grounded=0x40800000 linTerm=8.33333e-06
spd=2917.176 ctrl=(-4433728.5000,0.0000,-470658.1875) accum=(21124.1309,0.0000,-55358.7852) cMag=31264.4 fMag=102966 ld0=5.68439e+06 m78=3.36146e+06 frac=0.408652 grounded=0x40800000 linTerm=8.33333e-06
spd=2948.874 ctrl=(-4451644.0000,0.0000,-472559.8438) accum=(22464.6230,0.0000,-52188.6445) cMag=30762.9 fMag=95868 ld0=5.25212e+06 m78=3.03324e+06 frac=0.422474 grounded=0x40800000 linTerm=1.27157e-12
spd=2929.103 ctrl=(-4430098.5000,0.0000,-565707.4375) accum=(22607.9121,0.0000,-53894.5430) cMag=30754.4 fMag=99650.8 ld0=5.49269e+06 m78=3.17874e+06 frac=0.421278 grounded=0x40800000 linTerm=8.33333e-06
spd=2943.183 ctrl=(-4417387.5000,0.0000,-659763.3125) accum=(23434.8398,0.0000,-54567.0820) cMag=31270.8 fMag=103088 ld0=5.69249e+06 m78=3.36024e+06 frac=0.409707 grounded=0x40800000 linTerm=8.33333e-06
spd=2974.893 ctrl=(-4435323.5000,0.0000,-662442.1875) accum=(24646.5840,0.0000,-51357.6211) cMag=30780.8 fMag=96020.4 ld0=5.26178e+06 m78=3.03327e+06 frac=0.423528 grounded=0x40800000 linTerm=1.27157e-12
spd=2954.771 ctrl=(-4409649.5000,0.0000,-754727.2500) accum=(24861.2441,0.0000,-53034.8438) cMag=30767.4 fMag=99792.1 ld0=5.5017e+06 m78=3.17938e+06 frac=0.42211 grounded=0x40800000 linTerm=8.33333e-06
spd=2968.552 ctrl=(-4392777.0000,0.0000,-848290.4375) accum=(25716.7266,0.0000,-53676.2461) cMag=31277.1 fMag=103208 ld0=5.70044e+06 m78=3.35901e+06 frac=0.410746 grounded=0x40800000 linTerm=8.33333e-06
spd=3000.273 ctrl=(-4410697.5000,0.0000,-851751.0625) accum=(26798.6680,0.0000,-50432.3711) cMag=30798.4 fMag=96170.1 ld0=5.27128e+06 m78=3.03328e+06 frac=0.424565 grounded=0x40800000 linTerm=1.27157e-12
spd=2979.805 ctrl=(-4380932.5000,0.0000,-942987.1250) accum=(27082.5957,0.0000,-52078.3711) cMag=30780.2 fMag=99931 ld0=5.51056e+06 m78=3.18e+06 frac=0.422927 grounded=0x40800000 linTerm=8.33333e-06
spd=2993.292 ctrl=(-4359919.0000,0.0000,-1035869.6875) accum=(27965.5117,0.0000,-52687.3516) cMag=31283.3 fMag=103326 ld0=5.70824e+06 m78=3.35777e+06 frac=0.411769 grounded=0x40800000 linTerm=8.33333e-06
spd=3025.023 ctrl=(-4377789.0000,0.0000,-1040115.4375) accum=(28916.7207,0.0000,-49413.9414) cMag=30815.8 fMag=96317.2 ld0=5.28062e+06 m78=3.03328e+06 frac=0.425583 grounded=0x40800000 linTerm=1.27157e-12
spd=3004.215 ctrl=(-4343979.5000,0.0000,-1130117.7500) accum=(29267.7012,0.0000,-51026.2930) cMag=30793 fMag=100067 ld0=5.51928e+06 m78=3.18058e+06 frac=0.423732 grounded=0x40800000 linTerm=8.33333e-06
spd=3017.412 ctrl=(-4318858.0000,0.0000,-1222133.8750) accum=(30176.7734,0.0000,-51601.5508) cMag=31289.5 fMag=103442 ld0=5.7159e+06 m78=3.35653e+06 frac=0.412774 grounded=0x40800000 linTerm=8.33333e-06
spd=3049.152 ctrl=(-4336639.5000,0.0000,-1227165.7500) accum=(30996.4805,0.0000,-48303.5664) cMag=30832.9 fMag=96461.5 ld0=5.28979e+06 m78=3.03325e+06 frac=0.426584 grounded=0x40800000 linTerm=1.27157e-12
spd=3028.010 ctrl=(-4298841.0000,0.0000,-1315751.7500) accum=(31412.3496,0.0000,-49879.9570) cMag=30805.6 fMag=100202 ld0=5.52784e+06 m78=3.18115e+06 frac=0.424522 grounded=0x40800000 linTerm=8.33333e-06
spd=3040.921 ctrl=(-4269650.0000,0.0000,-1406716.3750) accum=(32346.2734,0.0000,-50420.3008) cMag=31295.7 fMag=103555 ld0=5.72343e+06 m78=3.35528e+06 frac=0.413763 grounded=0x40800000 linTerm=8.33333e-06
spd=3072.669 ctrl=(-4287306.5000,0.0000,-1412533.7500) accum=(33033.9609,0.0000,-47102.6914) cMag=30849.8 fMag=96603.3 ld0=5.29881e+06 m78=3.03321e+06 frac=0.427568 grounded=0x40800000 linTerm=1.27157e-12
spd=3051.198 ctrl=(-4245582.5000,0.0000,-1499524.3750) accum=(33512.2695,0.0000,-48640.9375) cMag=30818 fMag=100333 ld0=5.53626e+06 m78=3.1817e+06 frac=0.425299 grounded=0x40800000 linTerm=8.33333e-06
spd=3063.828 ctrl=(-4212371.5000,0.0000,-1589255.3750) accum=(34469.8320,0.0000,-49145.2031) cMag=31301.8 fMag=103667 ld0=5.73081e+06 m78=3.35404e+06 frac=0.414736 grounded=0x40800000 linTerm=8.33333e-06
spd=3095.585 ctrl=(-4229867.5000,0.0000,-1595856.5000) accum=(35024.9922,0.0000,-45812.9102) cMag=30866.4 fMag=96742.4 ld0=5.30767e+06 m78=3.03316e+06 frac=0.428533 grounded=0x40800000 linTerm=1.27157e-12
spd=3073.791 ctrl=(-4184289.2500,0.0000,-1681074.7500) accum=(35563.4375,0.0000,-47310.9297) cMag=30830.4 fMag=100463 ld0=5.54453e+06 m78=3.18222e+06 frac=0.426061 grounded=0x40800000 linTerm=8.33333e-06
spd=3086.144 ctrl=(-4147111.7500,0.0000,-1769391.1250) accum=(36543.2539,0.0000,-47778.0312) cMag=31308 fMag=103776 ld0=5.73806e+06 m78=3.35279e+06 frac=0.415692 grounded=0x40800000 linTerm=8.33333e-06
spd=3117.908 ctrl=(-4164411.7500,0.0000,-1776772.3750) accum=(36965.5625,0.0000,-44436.0195) cMag=30882.7 fMag=96878.9 ld0=5.31637e+06 m78=3.03309e+06 frac=0.429481 grounded=0x40800000 linTerm=1.27157e-12
