reseed=1 gear=0 gtmr=0 b14=[17795.4,0,846534] gt=[4.00,3.00,2.40,2.10,1.80,6.00] in=(0,0,255,0) steer=+0.000 gnd=4.0 sp=13.27 horiz=13.27 velH=1.5498 bodyH=1.5498 slip=+0.0000 d=(0.00000,0.00015) av=(0,0,0)
reseed=0 gear=0 gtmr=0 b14=[18816.2,0,895096] gt=[4.00,3.00,2.40,2.10,1.80,6.00] in=(0,0,255,0) steer=+0.000 gnd=4.0 sp=27.07 horiz=27.07 velH=1.5498 bodyH=1.5498 slip=+0.0000 d=(0.00002,0.00077) av=(0,0,0)
reseed=0 gear=0 gtmr=0 b14=[19897.6,0,946538] gt=[4.00,3.00,2.40,2.10,1.80,6.00] in=(0,0,255,0) steer=+0.000 gnd=4.0 sp=41.69 horiz=41.69 velH=1.5498 bodyH=1.5498 slip=+0.0000 d=(0.00003,0.00142) av=(0,0,0)
reseed=0 gear=0 gtmr=0 b14=[21043,0,1.00103e+06] gt=[4.00,3.00,2.40,2.10,1.80,6.00] in=(0,0,255,0) steer=+0.000 gnd=4.0 sp=57.17 horiz=57.17 velH=1.5498 bodyH=1.5498 slip=+0.0000 d=(0.00004,0.00211) av=(0,0,0)
reseed=0 gear=0 gtmr=0 b14=[22256.1,0,1.05873e+06] gt=[4.00,3.00,2.40,2.10,1.80,6.00] in=(0,0,255,0) steer=+0.000 gnd=4.0 sp=73.57 horiz=73.57 velH=1.5498 bodyH=1.5498 slip=+0.0000 d=(0.00006,0.00284) av=(0,0,0)
reseed=0 gear=0 gtmr=0 b14=[23540.6,0,1.11984e+06] gt=[4.00,3.00,2.40,2.10,1.80,6.00] in=(0,0,255,0) steer=+0.000 gnd=4.0 sp=90.93 horiz=90.93 velH=1.5498 bodyH=1.5498 slip=+0.0000 d=(0.00008,0.00361) av=(0,0,0)
reseed=0 gear=0 gtmr=0 b14=[24900.6,0,1.18453e+06] gt=[4.00,3.00,2.40,2.10,1.80,6.00] in=(0,0,255,0) steer=+0.000 gnd=4.0 sp=109.32 horiz=109.32 velH=1.5498 bodyH=1.5498 slip=+0.0000 d=(0.00009,0.00442) av=(0,0,0)
reseed=0 gear=0 gtmr=0 b14=[26340.3,0,1.25302e+06] gt=[4.00,3.00,2.40,2.10,1.80,6.00] in=(0,0,255,0) steer=+0.000 gnd=4.0 sp=128.78 horiz=128.78 velH=1.5498 bodyH=1.5498 slip=+0.0000 d=(0.00011,0.00529) av=(0,1.21279e-16,0)
reseed=0 gear=0 gtmr=0 b14=[27864.2,0,1.32551e+06] gt=[4.00,3.00,2.40,2.10,1.80,6.00] in=(0,0,255,0) steer=+0.000 gnd=4.0 sp=149.38 horiz=149.38 velH=1.5498 bodyH=1.5498 slip=+0.0000 d=(0.00013,0.00620) av=(0,1.02843e-16,0)
reseed=0 gear=0 gtmr=0 b14=[29476.9,0,1.40223e+06] gt=[4.00,3.00,2.40,2.10,1.80,6.00] in=(0,0,255,0) steer=+0.000 gnd=4.0 sp=171.18 horiz=171.18 velH=1.5498 bodyH=1.5498 slip=+0.0000 d=(0.00015,0.00717) av=(0,0,0)
reseed=0 gear=0 gtmr=0 b14=[31183.2,0,1.4834e+06] gt=[4.00,3.00,2.40,2.10,1.80,6.00] in=(0,0,255,0) steer=+0.000 gnd=4.0 sp=194.24 horiz=194.24 velH=1.5498 bodyH=1.5498 slip=+0.0000 d=(0.00017,0.00820) av=(0,0,0)
reseed=0 gear=0 gtmr=0 b14=[32988.4,0,1.56927e+06] gt=[4.00,3.00,2.40,2.10,1.80,6.00] in=(0,0,255,0) steer=+0.000 gnd=4.0 sp=218.64 horiz=218.64 velH=1.5498 bodyH=1.5498 slip=+0.0000 d=(0.00020,0.00928) av=(0,0,0)
reseed=0 gear=0 gtmr=0 b14=[34897.6,0,1.66009e+06] gt=[4.00,3.00,2.40,2.10,1.80,6.00] in=(0,0,255,0) steer=+0.000 gnd=4.0 sp=244.45 horiz=244.45 velH=1.5498 bodyH=1.5498 slip=+0.0000 d=(0.00022,0.01043) av=(0,8.82359e-16,0)
reseed=0 gear=1 gtmr=2975 b14=[19609.8,0,932849] gt=[4.00,3.00,2.40,2.10,1.80,6.00] in=(0,0,255,0) steer=+0.000 gnd=4.0 sp=265.07 horiz=265.07 velH=1.5498 bodyH=1.5498 slip=+0.0000 d=(0.00024,0.01164) av=(0,0,0)
reseed=0 gear=1 gtmr=2925 b14=[20715.8,0,985462] gt=[4.00,3.00,2.40,2.10,1.80,6.00] in=(0,0,255,0) steer=+0.000 gnd=4.0 sp=280.02 horiz=280.02 velH=1.5498 bodyH=1.5498 slip=+0.0000 d=(0.00026,0.01245) av=(0,0,0)
reseed=0 gear=1 gtmr=2875 b14=[21885,0,1.04108e+06] gt=[4.00,3.00,2.40,2.10,1.80,6.00] in=(0,0,255,0) steer=+0.000 gnd=4.0 sp=295.83 horiz=295.83 velH=1.5498 bodyH=1.5498 slip=+0.0000 d=(0.00028,0.01316) av=(0,3.7709e-16,0)
reseed=0 gear=1 gtmr=2825 b14=[23120.8,0,1.09987e+06] gt=[4.00,3.00,2.40,2.10,1.80,6.00] in=(0,0,255,0) steer=+0.000 gnd=4.0 sp=312.53 horiz=312.53 velH=1.5498 bodyH=1.5498 slip=+0.0000 d=(0.00029,0.01390) av=(0,0,0)
reseed=0 gear=1 gtmr=2775 b14=[24426.9,0,1.162e+06] gt=[4.00,3.00,2.40,2.10,1.80,6.00] in=(0,0,255,0) steer=+0.000 gnd=4.0 sp=330.19 horiz=330.19 velH=1.5498 bodyH=1.5498 slip=+0.0000 d=(0.00031,0.01468) av=(0,0,0)
reseed=0 gear=1 gtmr=2725 b14=[25806.9,0,1.22765e+06] gt=[4.00,3.00,2.40,2.10,1.80,6.00] in=(0,0,255,0) steer=+0.000 gnd=4.0 sp=348.84 horiz=348.84 velH=1.5498 bodyH=1.5498 slip=+0.0000 d=(0.00033,0.01551) av=(0,5.14213e-16,0)
reseed=0 gear=1 gtmr=2675 b14=[27265,0,1.29701e+06] gt=[4.00,3.00,2.40,2.10,1.80,6.00] in=(0,0,255,0) steer=+0.000 gnd=4.0 sp=368.55 horiz=368.55 velH=1.5498 bodyH=1.5498 slip=+0.0000 d=(0.00034,0.01639) av=(0,4.74573e-17,0)
reseed=0 gear=1 gtmr=2625 b14=[28805.3,0,1.37028e+06] gt=[4.00,3.00,2.40,2.10,1.80,6.00] in=(0,0,255,0) steer=+0.000 gnd=4.0 sp=389.37 horiz=389.37 velH=1.5498 bodyH=1.5498 slip=+0.0000 d=(0.00036,0.01732) av=(0,6.51337e-16,0)
reseed=0 gear=1 gtmr=2575 b14=[30432.1,0,1.44767e+06] gt=[4.00,3.00,2.40,2.10,1.80,6.00] in=(0,0,255,0) steer=+0.000 gnd=4.0 sp=411.36 horiz=411.36 velH=1.5498 bodyH=1.5498 slip=+0.0000 d=(0.00038,0.01829) av=(0,2.97312e-16,0)
reseed=0 gear=1 gtmr=2525 b14=[32150,0,1.52939e+06] gt=[4.00,3.00,2.40,2.10,1.80,6.00] in=(0,0,255,0) steer=+0.000 gnd=4.0 sp=434.58 horiz=434.58 velH=1.5498 bodyH=1.5498 slip=+0.0000 d=(0.00041,0.01933) av=(0,0,0)
reseed=0 gear=1 gtmr=2475 b14=[33963.7,0,1.61567e+06] gt=[4.00,3.00,2.40,2.10,1.80,6.00] in=(0,0,255,0) steer=+0.000 gnd=4.0 sp=459.10 horiz=459.10 velH=1.5498 bodyH=1.5498 slip=+0.0000 d=(0.00043,0.02042) av=(0,1.84814e-14,0)
reseed=0 gear=1 gtmr=2425 b14=[35878.2,0,1.70675e+06] gt=[4.00,3.00,2.40,2.10,1.80,6.00] in=(0,0,255,0) steer=+0.000 gnd=4.0 sp=484.98 horiz=484.98 velH=1.5498 bodyH=1.5498 slip=+0.0000 d=(0.00045,0.02157) av=(0,4.01337e-16,0)
reseed=0 gear=1 gtmr=2375 b14=[37898.8,0,1.80286e+06] gt=[4.00,3.00,2.40,2.10,1.80,6.00] in=(0,0,255,0) steer=+0.000 gnd=4.0 sp=512.29 horiz=512.29 velH=1.5498 bodyH=1.5498 slip=+0.0000 d=(0.00048,0.02278) av=(0,1.09699e-15,0)
reseed=0 gear=1 gtmr=2325 b14=[40030.7,0,1.90428e+06] gt=[4.00,3.00,2.40,2.10,1.80,6.00] in=(0,0,255,0) steer=+0.000 gnd=4.0 sp=541.11 horiz=541.11 velH=1.5498 bodyH=1.5498 slip=+0.0000 d=(0.00051,0.02407) av=(0,1.77113e-14,0)
reseed=0 gear=1 gtmr=2275 b14=[42279.6,0,2.01126e+06] gt=[4.00,3.00,2.40,2.10,1.80,6.00] in=(0,0,255,0) steer=+0.000 gnd=4.0 sp=571.51 horiz=571.51 velH=1.5498 bodyH=1.5498 slip=+0.0000 d=(0.00053,0.02542) av=(0,0,0)
reseed=0 gear=1 gtmr=2225 b14=[44651.3,0,2.12408e+06] gt=[4.00,3.00,2.40,2.10,1.80,6.00] in=(0,0,255,0) steer=+0.000 gnd=4.0 sp=603.57 horiz=603.57 velH=1.5498 bodyH=1.5498 slip=+0.0000 d=(0.00056,0.02685) av=(0,2.61833e-14,0)
reseed=0 gear=1 gtmr=2175 b14=[47151.9,0,2.24304e+06] gt=[4.00,3.00,2.40,2.10,1.80,6.00] in=(0,0,255,0) steer=+0.000 gnd=4.0 sp=637.37 horiz=637.37 velH=1.5498 bodyH=1.5498 slip=+0.0000 d=(0.00060,0.02835) av=(0,1.71404e-15,0)
reseed=0 gear=1 gtmr=2125 b14=[49362,0,2.34817e+06] gt=[4.00,3.00,2.40,2.10,1.80,6.00] in=(0,0,255,0) steer=+0.000 gnd=4.0 sp=673.00 horiz=673.00 velH=1.5498 bodyH=1.5498 slip=+0.0000 d=(0.00063,0.02994) av=(0,0,0)
reseed=0 gear=1 gtmr=2075 b14=[49609.2,0,2.35994e+06] gt=[4.00,3.00,2.40,2.10,1.80,6.00] in=(0,0,255,0) steer=+0.000 gnd=4.0 sp=709.76 horiz=709.76 velH=1.5498 bodyH=1.5498 slip=+0.0000 d=(0.00066,0.03161) av=(0,5.04302e-14,0)
reseed=0 gear=1 gtmr=2025 b14=[49856.4,0,2.37169e+06] gt=[4.00,3.00,2.40,2.10,1.80,6.00] in=(0,0,255,0) steer=+0.000 gnd=4.0 sp=746.51 horiz=746.51 velH=1.5498 bodyH=1.5498 slip=+0.0000 d=(0.00070,0.03331) av=(0,8.1942e-15,0)
reseed=0 gear=1 gtmr=1975 b14=[50103.3,0,2.38344e+06] gt=[4.00,3.00,2.40,2.10,1.80,6.00] in=(0,0,255,0) steer=+0.000 gnd=4.0 sp=783.23 horiz=783.23 velH=1.5498 bodyH=1.5498 slip=+0.0000 d=(0.00074,0.03502) av=(0,7.36671e-14,0)
reseed=0 gear=1 gtmr=1925 b14=[50350,0,2.39517e+06] gt=[4.00,3.00,2.40,2.10,1.80,6.00] in=(0,0,255,0) steer=+0.000 gnd=4.0 sp=819.91 horiz=819.91 velH=1.5498 bodyH=1.5498 slip=+0.0000 d=(0.00077,0.03672) av=(0,2.19716e-16,0)
reseed=0 gear=1 gtmr=1875 b14=[50596.4,0,2.40689e+06] gt=[4.00,3.00,2.40,2.10,1.80,6.00] in=(0,0,255,0) steer=+0.000 gnd=4.0 sp=856.54 horiz=856.54 velH=1.5498 bodyH=1.5498 slip=+0.0000 d=(0.00081,0.03842) av=(0,1.05938e-13,0)
reseed=0 gear=1 gtmr=1825 b14=[50842.3,0,2.41859e+06] gt=[4.00,3.00,2.40,2.10,1.80,6.00] in=(0,0,255,0) steer=+0.000 gnd=4.0 sp=893.11 horiz=893.11 velH=1.5498 bodyH=1.5498 slip=+0.0000 d=(0.00084,0.04011) av=(0,1.23001e-13,0)
reseed=0 gear=1 gtmr=1775 b14=[51087.8,0,2.43027e+06] gt=[4.00,3.00,2.40,2.10,1.80,6.00] in=(0,0,255,0) steer=+0.000 gnd=4.0 sp=929.61 horiz=929.61 velH=1.5498 bodyH=1.5498 slip=+0.0000 d=(0.00088,0.04181) av=(0,3.59949e-15,0)
reseed=0 gear=1 gtmr=1725 b14=[51332.7,0,2.44192e+06] gt=[4.00,3.00,2.40,2.10,1.80,6.00] in=(0,0,255,0) steer=+0.000 gnd=4.0 sp=966.03 horiz=966.03 velH=1.5498 bodyH=1.5498 slip=+0.0000 d=(0.00091,0.04350) av=(0,1.69748e-13,0)
reseed=0 gear=1 gtmr=1675 b14=[51577,0,2.45354e+06] gt=[4.00,3.00,2.40,2.10,1.80,6.00] in=(0,0,255,0) steer=+0.000 gnd=4.0 sp=1002.35 horiz=1002.35 velH=1.5498 bodyH=1.5498 slip=+0.0000 d=(0.00095,0.04518) av=(0,3.44959e-16,0)
reseed=0 gear=1 gtmr=1625 b14=[51820.6,0,2.46513e+06] gt=[4.00,3.00,2.40,2.10,1.80,6.00] in=(0,0,255,0) steer=+0.000 gnd=4.0 sp=1038.57 horiz=1038.57 velH=1.5498 bodyH=1.5498 slip=+0.0000 d=(0.00099,0.04687) av=(0,0,0)
reseed=0 gear=1 gtmr=1575 b14=[52063.4,0,2.47668e+06] gt=[4.00,3.00,2.40,2.10,1.80,6.00] in=(0,0,255,0) steer=+0.000 gnd=4.0 sp=1074.68 horiz=1074.68 velH=1.5498 bodyH=1.5498 slip=+0.0000 d=(0.00102,0.04854) av=(0,4.59364e-15,0)
reseed=0 gear=1 gtmr=1525 b14=[52305.4,0,2.48819e+06] gt=[4.00,3.00,2.40,2.10,1.80,6.00] in=(0,0,255,0) steer=+0.000 gnd=4.0 sp=1110.66 horiz=1110.66 velH=1.5498 bodyH=1.5498 slip=+0.0000 d=(0.00106,0.05021) av=(0,0,0)
reseed=0 gear=1 gtmr=1475 b14=[52546.5,0,2.49966e+06] gt=[4.00,3.00,2.40,2.10,1.80,6.00] in=(0,0,255,0) steer=+0.000 gnd=4.0 sp=1146.51 horiz=1146.51 velH=1.5498 bodyH=1.5498 slip=+0.0000 d=(0.00109,0.05188) av=(0,2.70634e-13,0)
reseed=0 gear=1 gtmr=1425 b14=[52786.6,0,2.51108e+06] gt=[4.00,3.00,2.40,2.10,1.80,6.00] in=(0,0,255,0) steer=+0.000 gnd=4.0 sp=1182.21 horiz=1182.21 velH=1.5498 bodyH=1.5498 slip=+0.0000 d=(0.00113,0.05354) av=(0,0,0)
reseed=0 gear=1 gtmr=1375 b14=[53025.7,0,2.52246e+06] gt=[4.00,3.00,2.40,2.10,1.80,6.00] in=(0,0,255,0) steer=+0.000 gnd=4.0 sp=1217.76 horiz=1217.76 velH=1.5498 bodyH=1.5498 slip=+0.0000 d=(0.00116,0.05519) av=(0,3.05519e-13,0)
reseed=0 gear=1 gtmr=1325 b14=[53263.7,0,2.53378e+06] gt=[4.00,3.00,2.40,2.10,1.80,6.00] in=(0,0,255,0) steer=+0.000 gnd=4.0 sp=1253.14 horiz=1253.14 velH=1.5498 bodyH=1.5498 slip=+0.0000 d=(0.00119,0.05684) av=(0,1.5587e-14,0)
reseed=0 gear=1 gtmr=1275 b14=[53500.4,0,2.54504e+06] gt=[4.00,3.00,2.40,2.10,1.80,6.00] in=(0,0,255,0) steer=+0.000 gnd=4.0 sp=1288.35 horiz=1288.35 velH=1.5498 bodyH=1.5498 slip=+0.0000 d=(0.00123,0.05847) av=(0,5.51922e-15,0)
reseed=0 gear=1 gtmr=1225 b14=[53736,0,2.55625e+06] gt=[4.00,3.00,2.40,2.10,1.80,6.00] in=(0,0,255,0) steer=+0.000 gnd=4.0 sp=1323.37 horiz=1323.37 velH=1.5498 bodyH=1.5498 slip=+0.0000 d=(0.00126,0.06010) av=(0,0,0)
reseed=0 gear=1 gtmr=1175 b14=[53970.3,0,2.56739e+06] gt=[4.00,3.00,2.40,2.10,1.80,6.00] in=(0,0,255,0) steer=+0.000 gnd=4.0 sp=1358.21 horiz=1358.21 velH=1.5498 bodyH=1.5498 slip=+0.0000 d=(0.00130,0.06172) av=(0,0,0)
reseed=0 gear=1 gtmr=1125 b14=[54203.2,0,2.57847e+06] gt=[4.00,3.00,2.40,2.10,1.80,6.00] in=(0,0,255,0) steer=+0.000 gnd=4.0 sp=1392.84 horiz=1392.84 velH=1.5498 bodyH=1.5498 slip=+0.0000 d=(0.00133,0.06334) av=(0,0,0)
reseed=0 gear=1 gtmr=1075 b14=[54434.7,0,2.58948e+06] gt=[4.00,3.00,2.40,2.10,1.80,6.00] in=(0,0,255,0) steer=+0.000 gnd=4.0 sp=1427.26 horiz=1427.26 velH=1.5498 bodyH=1.5498 slip=+0.0000 d=(0.00137,0.06494) av=(0,2.05685e-16,0)
reseed=0 gear=1 gtmr=1025 b14=[54664.7,0,2.60043e+06] gt=[4.00,3.00,2.40,2.10,1.80,6.00] in=(0,0,255,0) steer=+0.000 gnd=4.0 sp=1461.46 horiz=1461.46 velH=1.5498 bodyH=1.5498 slip=+0.0000 d=(0.00140,0.06653) av=(0,1.44937e-14,0)
reseed=0 gear=1 gtmr=975 b14=[54893.2,0,2.6113e+06] gt=[4.00,3.00,2.40,2.10,1.80,6.00] in=(0,0,255,0) steer=+0.000 gnd=4.0 sp=1495.44 horiz=1495.44 velH=1.5498 bodyH=1.5498 slip=+0.0000 d=(0.00143,0.06811) av=(0,0,0)
reseed=0 gear=1 gtmr=925 b14=[55120.1,0,2.62209e+06] gt=[4.00,3.00,2.40,2.10,1.80,6.00] in=(0,0,255,0) steer=+0.000 gnd=4.0 sp=1529.18 horiz=1529.18 velH=1.5498 bodyH=1.5498 slip=+0.0000 d=(0.00146,0.06968) av=(0,0,0)
reseed=0 gear=1 gtmr=875 b14=[55345.4,0,2.63281e+06] gt=[4.00,3.00,2.40,2.10,1.80,6.00] in=(0,0,255,0) steer=+0.000 gnd=4.0 sp=1562.68 horiz=1562.68 velH=1.5498 bodyH=1.5498 slip=+0.0000 d=(0.00150,0.07125) av=(0,1.54398e-14,0)
reseed=0 gear=1 gtmr=825 b14=[55569,0,2.64345e+06] gt=[4.00,3.00,2.40,2.10,1.80,6.00] in=(0,0,255,0) steer=+0.000 gnd=4.0 sp=1595.93 horiz=1595.93 velH=1.5498 bodyH=1.5498 slip=+0.0000 d=(0.00153,0.07279) av=(0,1.58338e-14,0)
reseed=0 gear=1 gtmr=775 b14=[55790.9,0,2.654e+06] gt=[4.00,3.00,2.40,2.10,1.80,6.00] in=(0,0,255,0) steer=+0.000 gnd=4.0 sp=1628.92 horiz=1628.92 velH=1.5498 bodyH=1.5498 slip=+0.0000 d=(0.00156,0.07433) av=(0,5.49092e-13,0)
reseed=0 gear=1 gtmr=725 b14=[56011,0,2.66447e+06] gt=[4.00,3.00,2.40,2.10,1.80,6.00] in=(0,0,255,0) steer=+0.000 gnd=4.0 sp=1661.64 horiz=1661.64 velH=1.5498 bodyH=1.5498 slip=+0.0000 d=(0.00159,0.07586) av=(0,4.66691e-14,0)
reseed=0 gear=1 gtmr=675 b14=[507053,0,2.62648e+06] gt=[4.00,3.00,2.40,2.10,1.80,6.00] in=(128,0,255,0) steer=+0.500 gnd=4.0 sp=1693.52 horiz=1693.48 velH=1.5386 bodyH=1.5284 slip=+0.0101 d=(0.00177,0.07736) av=(0,0.04097,0)
reseed=0 gear=1 gtmr=625 b14=[565001,0,2.62448e+06] gt=[4.00,3.00,2.40,2.10,1.80,6.00] in=(128,0,255,0) steer=+0.500 gnd=4.0 sp=1724.82 horiz=1724.72 velH=1.5226 bodyH=1.5071 slip=+0.0155 d=(0.00277,0.07880) av=(0,0.0619069,0)
reseed=0 gear=1 gtmr=575 b14=[623076,0,2.62113e+06] gt=[4.00,3.00,2.40,2.10,1.80,6.00] in=(128,0,255,0) steer=+0.500 gnd=4.0 sp=1755.60 horiz=1755.45 velH=1.5042 bodyH=1.4858 slip=+0.0184 d=(0.00414,0.08019) av=(0,0.0728054,0)
reseed=0 gear=1 gtmr=525 b14=[681254,0,2.61644e+06] gt=[4.00,3.00,2.40,2.10,1.80,6.00] in=(128,0,255,0) steer=+0.500 gnd=4.0 sp=1785.93 horiz=1785.75 velH=1.4844 bodyH=1.4644 slip=+0.0200 d=(0.00574,0.08151) av=(0,0.0787781,0)
reseed=0 gear=1 gtmr=475 b14=[739498,0,2.61041e+06] gt=[4.00,3.00,2.40,2.10,1.80,6.00] in=(128,0,255,0) steer=+0.500 gnd=4.0 sp=1815.87 horiz=1815.67 velH=1.4640 bodyH=1.4431 slip=+0.0209 d=(0.00748,0.08278) av=(0,0.082101,0)
reseed=0 gear=1 gtmr=425 b14=[797772,0,2.603e+06] gt=[4.00,3.00,2.40,2.10,1.80,6.00] in=(128,0,255,0) steer=+0.500 gnd=4.0 sp=1845.45 horiz=1845.24 velH=1.4432 bodyH=1.4218 slip=+0.0215 d=(0.00933,0.08398) av=(0,0.0839909,0)
reseed=0 gear=1 gtmr=375 b14=[856038,0,2.59422e+06] gt=[4.00,3.00,2.40,2.10,1.80,6.00] in=(128,0,255,0) steer=+0.500 gnd=4.0 sp=1874.69 horiz=1874.47 velH=1.4222 bodyH=1.4004 slip=+0.0218 d=(0.01126,0.08512) av=(0,0.0851028,0)
reseed=0 gear=1 gtmr=325 b14=[914259,0,2.58403e+06] gt=[4.00,3.00,2.40,2.10,1.80,6.00] in=(128,0,255,0) steer=+0.500 gnd=4.0 sp=1903.60 horiz=1903.37 velH=1.4011 bodyH=1.3791 slip=+0.0221 d=(0.01325,0.08620) av=(0,0.085791,0)
reseed=0 gear=1 gtmr=275 b14=[972399,0,2.57245e+06] gt=[4.00,3.00,2.40,2.10,1.80,6.00] in=(128,0,255,0) steer=+0.500 gnd=4.0 sp=1932.18 horiz=1931.94 velH=1.3800 bodyH=1.3577 slip=+0.0222 d=(0.01529,0.08722) av=(0,0.0862478,0)
reseed=0 gear=1 gtmr=225 b14=[1.03042e+06,0,2.55947e+06] gt=[4.00,3.00,2.40,2.10,1.80,6.00] in=(128,0,255,0) steer=+0.500 gnd=4.0 sp=1960.43 horiz=1960.18 velH=1.3588 bodyH=1.3364 slip=+0.0224 d=(0.01739,0.08817) av=(0,0.0865776,0)
reseed=0 gear=1 gtmr=175 b14=[1.08829e+06,0,2.54508e+06] gt=[4.00,3.00,2.40,2.10,1.80,6.00] in=(128,0,255,0) steer=+0.500 gnd=4.0 sp=1988.35 horiz=1988.09 velH=1.3376 bodyH=1.3151 slip=+0.0225 d=(0.01953,0.08906) av=(0,0.0868372,0)
reseed=0 gear=1 gtmr=125 b14=[1.14597e+06,0,2.52929e+06] gt=[4.00,3.00,2.40,2.10,1.80,6.00] in=(128,0,255,0) steer=+0.500 gnd=4.0 sp=2015.93 horiz=2015.68 velH=1.3164 bodyH=1.2937 slip=+0.0226 d=(0.02172,0.08988) av=(0,0.0870577,0)
reseed=0 gear=1 gtmr=75 b14=[1.20343e+06,0,2.5121e+06] gt=[4.00,3.00,2.40,2.10,1.80,6.00] in=(128,0,255,0) steer=+0.500 gnd=4.0 sp=2043.19 horiz=2042.92 velH=1.2951 bodyH=1.2724 slip=+0.0227 d=(0.02395,0.09063) av=(0,0.0872559,0)
reseed=0 gear=1 gtmr=24 b14=[1.26062e+06,0,2.4935e+06] gt=[4.00,3.00,2.40,2.10,1.80,6.00] in=(128,0,255,0) steer=+0.500 gnd=4.0 sp=2070.10 horiz=2069.84 velH=1.2739 bodyH=1.2511 slip=+0.0228 d=(0.02621,0.09131) av=(0,0.087441,0)
reseed=0 gear=2 gtmr=2975 b14=[1.56872e+06,0,2.94513e+06] gt=[4.00,3.00,2.40,2.10,1.80,6.00] in=(128,0,255,0) steer=+0.500 gnd=4.0 sp=2101.06 horiz=2100.79 velH=1.2524 bodyH=1.2297 slip=+0.0227 d=(0.02851,0.09192) av=(0,0.0876205,0)
reseed=0 gear=2 gtmr=2925 b14=[1.63666e+06,0,2.92075e+06] gt=[4.00,3.00,2.40,2.10,1.80,6.00] in=(128,0,255,0) steer=+0.500 gnd=4.0 sp=2136.00 horiz=2135.73 velH=1.2308 bodyH=1.2084 slip=+0.0225 d=(0.03098,0.09274) av=(0,0.0879429,0)
reseed=0 gear=2 gtmr=2875 b14=[1.7042e+06,0,2.89467e+06] gt=[4.00,3.00,2.40,2.10,1.80,6.00] in=(128,0,255,0) steer=+0.500 gnd=4.0 sp=2170.51 horiz=2170.24 velH=1.2094 bodyH=1.1871 slip=+0.0224 d=(0.03351,0.09357) av=(0,0.0881723,0)
reseed=0 gear=2 gtmr=2825 b14=[1.77128e+06,0,2.86689e+06] gt=[4.00,3.00,2.40,2.10,1.80,6.00] in=(128,0,255,0) steer=+0.500 gnd=4.0 sp=2204.57 horiz=2204.30 velH=1.1881 bodyH=1.1657 slip=+0.0224 d=(0.03608,0.09432) av=(0,0.088372,0)
reseed=0 gear=2 gtmr=2775 b14=[1.83787e+06,0,2.83744e+06] gt=[4.00,3.00,2.40,2.10,1.80,6.00] in=(128,0,255,0) steer=+0.500 gnd=4.0 sp=2238.18 horiz=2237.90 velH=1.1669 bodyH=1.1444 slip=+0.0225 d=(0.03867,0.09499) av=(0,0.0885657,0)
reseed=0 gear=2 gtmr=2725 b14=[1.90391e+06,0,2.80632e+06] gt=[4.00,3.00,2.40,2.10,1.80,6.00] in=(128,0,255,0) steer=+0.500 gnd=4.0 sp=2271.33 horiz=2271.04 velH=1.1456 bodyH=1.1230 slip=+0.0226 d=(0.04130,0.09557) av=(0,0.0887609,0)
reseed=0 gear=2 gtmr=2675 b14=[1.96938e+06,0,2.77355e+06] gt=[4.00,3.00,2.40,2.10,1.80,6.00] in=(128,0,255,0) steer=+0.500 gnd=4.0 sp=2304.01 horiz=2303.72 velH=1.1244 bodyH=1.1017 slip=+0.0227 d=(0.04395,0.09606) av=(0,0.088959,0)
reseed=0 gear=2 gtmr=2625 b14=[2.03422e+06,0,2.73913e+06] gt=[4.00,3.00,2.40,2.10,1.80,6.00] in=(128,0,255,0) steer=+0.500 gnd=4.0 sp=2336.22 horiz=2335.92 velH=1.1032 bodyH=1.0804 slip=+0.0228 d=(0.04664,0.09646) av=(0,0.0891591,0)
reseed=0 gear=2 gtmr=2575 b14=[2.09839e+06,0,2.70309e+06] gt=[4.00,3.00,2.40,2.10,1.80,6.00] in=(128,0,255,0) steer=+0.500 gnd=4.0 sp=2367.95 horiz=2367.65 velH=1.0819 bodyH=1.0590 slip=+0.0229 d=(0.04935,0.09678) av=(0,0.08936,0)
reseed=0 gear=2 gtmr=2525 b14=[2.16185e+06,0,2.66543e+06] gt=[4.00,3.00,2.40,2.10,1.80,6.00] in=(128,0,255,0) steer=+0.500 gnd=4.0 sp=2399.21 horiz=2398.90 velH=1.0607 bodyH=1.0377 slip=+0.0230 d=(0.05209,0.09700) av=(0,0.0895606,0)
reseed=0 gear=2 gtmr=2475 b14=[2.22456e+06,0,2.62618e+06] gt=[4.00,3.00,2.40,2.10,1.80,6.00] in=(128,0,255,0) steer=+0.500 gnd=4.0 sp=2430.00 horiz=2429.68 velH=1.0395 bodyH=1.0164 slip=+0.0231 d=(0.05484,0.09713) av=(0,0.0897599,0)
reseed=0 gear=2 gtmr=2425 b14=[2.28647e+06,0,2.58534e+06] gt=[4.00,3.00,2.40,2.10,1.80,6.00] in=(128,0,255,0) steer=+0.500 gnd=4.0 sp=2460.31 horiz=2459.98 velH=1.0183 bodyH=0.9950 slip=+0.0232 d=(0.05762,0.09717) av=(0,0.0899576,0)
reseed=0 gear=2 gtmr=2375 b14=[2.34755e+06,0,2.54295e+06] gt=[4.00,3.00,2.40,2.10,1.80,6.00] in=(128,0,255,0) steer=+0.500 gnd=4.0 sp=2490.14 horiz=2489.81 velH=0.9970 bodyH=0.9737 slip=+0.0234 d=(0.06040,0.09711) av=(0,0.0901532,0)
reseed=0 gear=2 gtmr=2325 b14=[2.40775e+06,0,2.49901e+06] gt=[4.00,3.00,2.40,2.10,1.80,6.00] in=(128,0,255,0) steer=+0.500 gnd=4.0 sp=2519.49 horiz=2519.16 velH=0.9758 bodyH=0.9523 slip=+0.0235 d=(0.06320,0.09696) av=(0,0.0903464,0)
reseed=0 gear=2 gtmr=2275 b14=[2.46704e+06,0,2.45355e+06] gt=[4.00,3.00,2.40,2.10,1.80,6.00] in=(128,0,255,0) steer=+0.500 gnd=4.0 sp=2548.37 horiz=2548.03 velH=0.9546 bodyH=0.9310 slip=+0.0236 d=(0.06601,0.09671) av=(0,0.0905371,0)
reseed=0 gear=2 gtmr=2225 b14=[2.52537e+06,0,2.4066e+06] gt=[4.00,3.00,2.40,2.10,1.80,6.00] in=(128,0,255,0) steer=+0.500 gnd=4.0 sp=2576.77 horiz=2576.43 velH=0.9333 bodyH=0.9097 slip=+0.0237 d=(0.06882,0.09638) av=(0,0.0907252,0)
reseed=1 gear=2 gtmr=2175 b14=[89860.6,0,3.09136e+06] gt=[4.00,3.00,2.40,2.10,1.80,6.00] in=(128,0,255,0) steer=+0.500 gnd=4.0 sp=1331.68 horiz=1331.66 velH=1.6973 bodyH=1.6901 slip=+0.0072 d=(-0.00814,0.05966) av=(0,0.0831554,0)
reseed=0 gear=2 gtmr=2125 b14=[149523,0,3.10257e+06] gt=[4.00,3.00,2.40,2.10,1.80,6.00] in=(128,0,255,0) steer=+0.500 gnd=4.0 sp=1374.58 horiz=1374.54 velH=1.6823 bodyH=1.6710 slip=+0.0113 d=(-0.00767,0.06174) av=(0,0.0835988,0)
reseed=0 gear=2 gtmr=2075 b14=[211535,0,3.11239e+06] gt=[4.00,3.00,2.40,2.10,1.80,6.00] in=(128,0,255,0) steer=+0.500 gnd=4.0 sp=1417.09 horiz=1417.01 velH=1.6652 bodyH=1.6513 slip=+0.0139 d=(-0.00693,0.06382) av=(0,0.0838597,0)
reseed=0 gear=2 gtmr=2025 b14=[275865,0,3.1207e+06] gt=[4.00,3.00,2.40,2.10,1.80,6.00] in=(128,0,255,0) steer=+0.500 gnd=4.0 sp=1459.20 horiz=1459.10 velH=1.6467 bodyH=1.6310 slip=+0.0158 d=(-0.00600,0.06589) av=(0,0.0838669,0)
reseed=0 gear=2 gtmr=1975 b14=[342477,0,3.12736e+06] gt=[4.00,3.00,2.40,2.10,1.80,6.00] in=(128,0,255,0) steer=+0.500 gnd=4.0 sp=1500.92 horiz=1500.81 velH=1.6272 bodyH=1.6101 slip=+0.0172 d=(-0.00491,0.06793) av=(0,0.0838427,0)
reseed=0 gear=2 gtmr=1925 b14=[410824,0,3.13232e+06] gt=[4.00,3.00,2.40,2.10,1.80,6.00] in=(128,0,255,0) steer=+0.500 gnd=4.0 sp=1542.26 horiz=1542.13 velH=1.6070 bodyH=1.5887 slip=+0.0182 d=(-0.00368,0.06994) av=(0,0.0839036,0)
reseed=0 gear=2 gtmr=1875 b14=[479524,0,3.13569e+06] gt=[4.00,3.00,2.40,2.10,1.80,6.00] in=(128,0,255,0) steer=+0.500 gnd=4.0 sp=1583.23 horiz=1583.08 velH=1.5863 bodyH=1.5674 slip=+0.0189 d=(-0.00232,0.07191) av=(0,0.0841362,0)
reseed=0 gear=2 gtmr=1825 b14=[548539,0,3.13746e+06] gt=[4.00,3.00,2.40,2.10,1.80,6.00] in=(128,0,255,0) steer=+0.500 gnd=4.0 sp=1623.82 horiz=1623.67 velH=1.5654 bodyH=1.5461 slip=+0.0194 d=(-0.00085,0.07384) av=(0,0.0844244,0)
reseed=0 gear=2 gtmr=1775 b14=[617825,0,3.1376e+06] gt=[4.00,3.00,2.40,2.10,1.80,6.00] in=(128,0,255,0) steer=+0.500 gnd=4.0 sp=1664.05 horiz=1663.89 velH=1.5444 bodyH=1.5247 slip=+0.0197 d=(0.00071,0.07572) av=(0,0.0847196,0)
reseed=0 gear=2 gtmr=1725 b14=[687342,0,3.1361e+06] gt=[4.00,3.00,2.40,2.10,1.80,6.00] in=(128,0,255,0) steer=+0.500 gnd=4.0 sp=1703.91 horiz=1703.73 velH=1.5234 bodyH=1.5034 slip=+0.0200 d=(0.00236,0.07754) av=(0,0.0850065,0)
reseed=0 gear=2 gtmr=1675 b14=[757047,0,3.13294e+06] gt=[4.00,3.00,2.40,2.10,1.80,6.00] in=(128,0,255,0) steer=+0.500 gnd=4.0 sp=1743.38 horiz=1743.20 velH=1.5023 bodyH=1.4821 slip=+0.0202 d=(0.00408,0.07932) av=(0,0.0852821,0)
reseed=0 gear=2 gtmr=1625 b14=[826898,0,3.12811e+06] gt=[4.00,3.00,2.40,2.10,1.80,6.00] in=(128,0,255,0) steer=+0.500 gnd=4.0 sp=1782.47 horiz=1782.28 velH=1.4811 bodyH=1.4607 slip=+0.0204 d=(0.00589,0.08103) av=(0,0.0855476,0)
reseed=0 gear=2 gtmr=1575 b14=[896851,0,3.1216e+06] gt=[4.00,3.00,2.40,2.10,1.80,6.00] in=(128,0,255,0) steer=+0.500 gnd=4.0 sp=1821.16 horiz=1820.96 velH=1.4600 bodyH=1.4394 slip=+0.0206 d=(0.00777,0.08269) av=(0,0.0858052,0)
reseed=0 gear=2 gtmr=1525 b14=[966863,0,3.1134e+06] gt=[4.00,3.00,2.40,2.10,1.80,6.00] in=(128,0,255,0) steer=+0.500 gnd=4.0 sp=1859.45 horiz=1859.24 velH=1.4389 bodyH=1.4180 slip=+0.0208 d=(0.00972,0.08428) av=(0,0.0860565,0)
reseed=0 gear=2 gtmr=1475 b14=[1.03689e+06,0,3.1035e+06] gt=[4.00,3.00,2.40,2.10,1.80,6.00] in=(128,0,255,0) steer=+0.500 gnd=4.0 sp=1897.32 horiz=1897.11 velH=1.4177 bodyH=1.3967 slip=+0.0210 d=(0.01174,0.08581) av=(0,0.0863029,0)
reseed=0 gear=2 gtmr=1425 b14=[1.10689e+06,0,3.0919e+06] gt=[4.00,3.00,2.40,2.10,1.80,6.00] in=(128,0,255,0) steer=+0.500 gnd=4.0 sp=1934.78 horiz=1934.56 velH=1.3965 bodyH=1.3754 slip=+0.0212 d=(0.01382,0.08727) av=(0,0.0865452,0)
reseed=0 gear=2 gtmr=1375 b14=[1.17681e+06,0,3.0786e+06] gt=[4.00,3.00,2.40,2.10,1.80,6.00] in=(128,0,255,0) steer=+0.500 gnd=4.0 sp=1971.81 horiz=1971.58 velH=1.3754 bodyH=1.3540 slip=+0.0213 d=(0.01597,0.08867) av=(0,0.0867842,0)
reseed=0 gear=2 gtmr=1325 b14=[1.24662e+06,0,3.06359e+06] gt=[4.00,3.00,2.40,2.10,1.80,6.00] in=(128,0,255,0) steer=+0.500 gnd=4.0 sp=2008.40 horiz=2008.17 velH=1.3542 bodyH=1.3327 slip=+0.0215 d=(0.01819,0.08998) av=(0,0.08702,0)
reseed=1 gear=2 gtmr=1275 b14=[7008.04,0,3.00224e+06] gt=[4.00,3.00,2.40,2.10,1.80,6.00] in=(128,0,255,0) steer=+0.500 gnd=4.0 sp=1048.80 horiz=1048.79 velH=1.7208 bodyH=1.7168 slip=+0.0040 d=(-0.00741,0.04647) av=(0,0.0796599,0)
reseed=0 gear=2 gtmr=1225 b14=[52516.7,0,3.01593e+06] gt=[4.00,3.00,2.40,2.10,1.80,6.00] in=(128,0,255,0) steer=+0.500 gnd=4.0 sp=1093.17 horiz=1093.16 velH=1.7082 bodyH=1.7017 slip=+0.0065 d=(-0.00721,0.04859) av=(0,0.0812569,0)
reseed=0 gear=2 gtmr=1175 b14=[100347,0,3.02879e+06] gt=[4.00,3.00,2.40,2.10,1.80,6.00] in=(128,0,255,0) steer=+0.500 gnd=4.0 sp=1137.33 horiz=1137.31 velH=1.6943 bodyH=1.6860 slip=+0.0083 d=(-0.00686,0.05071) av=(0,0.0824033,0)
reseed=0 gear=2 gtmr=1125 b14=[150498,0,3.04072e+06] gt=[4.00,3.00,2.40,2.10,1.80,6.00] in=(128,0,255,0) steer=+0.500 gnd=4.0 sp=1181.26 horiz=1181.23 velH=1.6794 bodyH=1.6697 slip=+0.0097 d=(-0.00639,0.05283) av=(0,0.0831777,0)
reseed=0 gear=2 gtmr=1075 b14=[202964,0,3.0516e+06] gt=[4.00,3.00,2.40,2.10,1.80,6.00] in=(128,0,255,0) steer=+0.500 gnd=4.0 sp=1224.94 horiz=1224.90 velH=1.6637 bodyH=1.6527 slip=+0.0109 d=(-0.00581,0.05495) av=(0,0.0836806,0)
reseed=0 gear=2 gtmr=1025 b14=[257735,0,3.06133e+06] gt=[4.00,3.00,2.40,2.10,1.80,6.00] in=(128,0,255,0) steer=+0.500 gnd=4.0 sp=1268.36 horiz=1268.31 velH=1.6472 bodyH=1.6352 slip=+0.0121 d=(-0.00512,0.05704) av=(0,0.0839883,0)
reseed=0 gear=2 gtmr=975 b14=[314794,0,3.06978e+06] gt=[4.00,3.00,2.40,2.10,1.80,6.00] in=(128,0,255,0) steer=+0.500 gnd=4.0 sp=1311.51 horiz=1311.45 velH=1.6301 bodyH=1.6170 slip=+0.0131 d=(-0.00432,0.05913) av=(0,0.0841501,0)
reseed=0 gear=2 gtmr=925 b14=[374118,0,3.07684e+06] gt=[4.00,3.00,2.40,2.10,1.80,6.00] in=(128,0,255,0) steer=+0.500 gnd=4.0 sp=1354.35 horiz=1354.28 velH=1.6123 bodyH=1.5982 slip=+0.0142 d=(-0.00342,0.06118) av=(0,0.0841956,0)
reseed=0 gear=2 gtmr=875 b14=[435678,0,3.08237e+06] gt=[4.00,3.00,2.40,2.10,1.80,6.00] in=(128,0,255,0) steer=+0.500 gnd=4.0 sp=1396.89 horiz=1396.80 velH=1.5939 bodyH=1.5787 slip=+0.0152 d=(-0.00240,0.06322) av=(0,0.0841422,0)
reseed=0 gear=2 gtmr=825 b14=[499439,0,3.08625e+06] gt=[4.00,3.00,2.40,2.10,1.80,6.00] in=(128,0,255,0) steer=+0.500 gnd=4.0 sp=1439.09 horiz=1438.99 velH=1.5749 bodyH=1.5587 slip=+0.0162 d=(-0.00127,0.06522) av=(0,0.0840008,0)
reseed=0 gear=2 gtmr=775 b14=[565359,0,3.08836e+06] gt=[4.00,3.00,2.40,2.10,1.80,6.00] in=(128,0,255,0) steer=+0.500 gnd=4.0 sp=1480.95 horiz=1480.83 velH=1.5553 bodyH=1.5381 slip=+0.0172 d=(-0.00002,0.06718) av=(0,0.083894,0)
reseed=0 gear=2 gtmr=725 b14=[633346,0,3.08856e+06] gt=[4.00,3.00,2.40,2.10,1.80,6.00] in=(128,0,255,0) steer=+0.500 gnd=4.0 sp=1522.44 horiz=1522.31 velH=1.5350 bodyH=1.5169 slip=+0.0181 d=(0.00134,0.06910) av=(0,0.0839127,0)
reseed=0 gear=2 gtmr=675 b14=[701991,0,3.08707e+06] gt=[4.00,3.00,2.40,2.10,1.80,6.00] in=(128,0,255,0) steer=+0.500 gnd=4.0 sp=1563.57 horiz=1563.42 velH=1.5144 bodyH=1.4956 slip=+0.0188 d=(0.00282,0.07098) av=(0,0.0840802,0)
reseed=0 gear=2 gtmr=625 b14=[770838,0,3.08397e+06] gt=[4.00,3.00,2.40,2.10,1.80,6.00] in=(128,0,255,0) steer=+0.500 gnd=4.0 sp=1604.33 horiz=1604.18 velH=1.4935 bodyH=1.4742 slip=+0.0193 d=(0.00441,0.07280) av=(0,0.0843356,0)
reseed=0 gear=2 gtmr=575 b14=[839842,0,3.07922e+06] gt=[4.00,3.00,2.40,2.10,1.80,6.00] in=(128,0,255,0) steer=+0.500 gnd=4.0 sp=1644.73 horiz=1644.57 velH=1.4725 bodyH=1.4529 slip=+0.0196 d=(0.00608,0.07457) av=(0,0.0846146,0)
reseed=0 gear=2 gtmr=525 b14=[908962,0,3.07283e+06] gt=[4.00,3.00,2.40,2.10,1.80,6.00] in=(128,0,255,0) steer=+0.500 gnd=4.0 sp=1684.77 horiz=1684.60 velH=1.4514 bodyH=1.4315 slip=+0.0199 d=(0.00783,0.07629) av=(0,0.0848936,0)
reseed=0 gear=2 gtmr=475 b14=[978154,0,3.06476e+06] gt=[4.00,3.00,2.40,2.10,1.80,6.00] in=(128,0,255,0) steer=+0.500 gnd=4.0 sp=1724.42 horiz=1724.25 velH=1.4303 bodyH=1.4102 slip=+0.0201 d=(0.00967,0.07794) av=(0,0.0851658,0)
reseed=0 gear=2 gtmr=425 b14=[1.04737e+06,0,3.05503e+06] gt=[4.00,3.00,2.40,2.10,1.80,6.00] in=(128,0,255,0) steer=+0.500 gnd=4.0 sp=1763.70 horiz=1763.51 velH=1.4092 bodyH=1.3889 slip=+0.0203 d=(0.01157,0.07953) av=(0,0.0854301,0)
reseed=0 gear=2 gtmr=375 b14=[1.11658e+06,0,3.04361e+06] gt=[4.00,3.00,2.40,2.10,1.80,6.00] in=(128,0,255,0) steer=+0.500 gnd=4.0 sp=1802.58 horiz=1802.39 velH=1.3881 bodyH=1.3675 slip=+0.0205 d=(0.01355,0.08106) av=(0,0.0856876,0)
reseed=1 gear=2 gtmr=325 b14=[-67719.1,0,2.96866e+06] gt=[4.00,3.00,2.40,2.10,1.80,6.00] in=(128,0,255,0) steer=+0.500 gnd=4.0 sp=946.17 horiz=946.17 velH=1.7447 bodyH=1.7420 slip=+0.0027 d=(-0.00765,0.04160) av=(0,0.0753371,0)
reseed=0 gear=2 gtmr=275 b14=[-27416.7,0,2.98359e+06] gt=[4.00,3.00,2.40,2.10,1.80,6.00] in=(128,0,255,0) steer=+0.500 gnd=4.0 sp=990.91 horiz=990.90 velH=1.7329 bodyH=1.7283 slip=+0.0046 d=(-0.00756,0.04372) av=(0,0.076055,0)
reseed=0 gear=2 gtmr=225 b14=[15185.5,0,2.9979e+06] gt=[4.00,3.00,2.40,2.10,1.80,6.00] in=(128,0,255,0) steer=+0.500 gnd=4.0 sp=1035.48 horiz=1035.47 velH=1.7202 bodyH=1.7141 slip=+0.0061 d=(-0.00737,0.04585) av=(0,0.0785246,0)
reseed=0 gear=2 gtmr=175 b14=[60096.4,0,3.0115e+06] gt=[4.00,3.00,2.40,2.10,1.80,6.00] in=(128,0,255,0) steer=+0.500 gnd=4.0 sp=1079.87 horiz=1079.85 velH=1.7066 bodyH=1.6992 slip=+0.0074 d=(-0.00708,0.04799) av=(0,0.0808949,0)
reseed=0 gear=2 gtmr=125 b14=[107321,0,3.02429e+06] gt=[4.00,3.00,2.40,2.10,1.80,6.00] in=(128,0,255,0) steer=+0.500 gnd=4.0 sp=1124.06 horiz=1124.04 velH=1.6923 bodyH=1.6837 slip=+0.0086 d=(-0.00669,0.05011) av=(0,0.0822843,0)
reseed=0 gear=2 gtmr=75 b14=[156860,0,3.03616e+06] gt=[4.00,3.00,2.40,2.10,1.80,6.00] in=(128,0,255,0) steer=+0.500 gnd=4.0 sp=1168.04 horiz=1168.01 velH=1.6772 bodyH=1.6675 slip=+0.0097 d=(-0.00621,0.05224) av=(0,0.0831275,0)
reseed=0 gear=2 gtmr=24 b14=[208707,0,3.04701e+06] gt=[4.00,3.00,2.40,2.10,1.80,6.00] in=(128,0,255,0) steer=+0.500 gnd=4.0 sp=1211.79 horiz=1211.75 velH=1.6616 bodyH=1.6508 slip=+0.0108 d=(-0.00563,0.05435) av=(0,0.0836503,0)
reseed=0 gear=3 gtmr=2975 b14=[295577,0,3.43723e+06] gt=[4.00,3.00,2.40,2.10,1.80,6.00] in=(128,0,255,0) steer=+0.500 gnd=4.0 sp=1258.42 horiz=1258.37 velH=1.6449 bodyH=1.6334 slip=+0.0116 d=(-0.00495,0.05645) av=(0,0.0839707,0)
reseed=0 gear=3 gtmr=2925 b14=[359295,0,3.447e+06] gt=[4.00,3.00,2.40,2.10,1.80,6.00] in=(128,0,255,0) steer=+0.500 gnd=4.0 sp=1307.90 horiz=1307.84 velH=1.6276 bodyH=1.6153 slip=+0.0123 d=(-0.00415,0.05875) av=(0,0.0842464,0)
reseed=0 gear=3 gtmr=2875 b14=[425875,0,3.45517e+06] gt=[4.00,3.00,2.40,2.10,1.80,6.00] in=(128,0,255,0) steer=+0.500 gnd=4.0 sp=1357.05 horiz=1356.99 velH=1.6098 bodyH=1.5965 slip=+0.0133 d=(-0.00325,0.06110) av=(0,0.0843625,0)
reseed=0 gear=3 gtmr=2825 b14=[495286,0,3.46157e+06] gt=[4.00,3.00,2.40,2.10,1.80,6.00] in=(128,0,255,0) steer=+0.500 gnd=4.0 sp=1405.86 horiz=1405.79 velH=1.5913 bodyH=1.5770 slip=+0.0143 d=(-0.00224,0.06342) av=(0,0.0843598,0)
reseed=0 gear=3 gtmr=2775 b14=[567487,0,3.46604e+06] gt=[4.00,3.00,2.40,2.10,1.80,6.00] in=(128,0,255,0) steer=+0.500 gnd=4.0 sp=1454.29 horiz=1454.20 velH=1.5723 bodyH=1.5569 slip=+0.0154 d=(-0.00110,0.06571) av=(0,0.084251,0)
reseed=0 gear=3 gtmr=2725 b14=[642428,0,3.46841e+06] gt=[4.00,3.00,2.40,2.10,1.80,6.00] in=(128,0,255,0) steer=+0.500 gnd=4.0 sp=1502.33 horiz=1502.22 velH=1.5525 bodyH=1.5360 slip=+0.0165 d=(0.00016,0.06796) av=(0,0.0841312,0)
reseed=0 gear=3 gtmr=2675 b14=[719344,0,3.46869e+06] gt=[4.00,3.00,2.40,2.10,1.80,6.00] in=(128,0,255,0) steer=+0.500 gnd=4.0 sp=1549.94 horiz=1549.82 velH=1.5322 bodyH=1.5147 slip=+0.0175 d=(0.00156,0.07016) av=(0,0.0841473,0)
reseed=0 gear=3 gtmr=2625 b14=[796541,0,3.46716e+06] gt=[4.00,3.00,2.40,2.10,1.80,6.00] in=(128,0,255,0) steer=+0.500 gnd=4.0 sp=1597.13 horiz=1597.00 velH=1.5115 bodyH=1.4933 slip=+0.0181 d=(0.00309,0.07231) av=(0,0.0843164,0)
reseed=0 gear=3 gtmr=2575 b14=[873970,0,3.46379e+06] gt=[4.00,3.00,2.40,2.10,1.80,6.00] in=(128,0,255,0) steer=+0.500 gnd=4.0 sp=1643.90 horiz=1643.76 velH=1.4906 bodyH=1.4720 slip=+0.0186 d=(0.00472,0.07441) av=(0,0.084584,0)
reseed=0 gear=3 gtmr=2525 b14=[951583,0,3.45857e+06] gt=[4.00,3.00,2.40,2.10,1.80,6.00] in=(128,0,255,0) steer=+0.500 gnd=4.0 sp=1690.25 horiz=1690.09 velH=1.4696 bodyH=1.4507 slip=+0.0190 d=(0.00646,0.07645) av=(0,0.0848844,0)
reseed=0 gear=3 gtmr=2475 b14=[1.02933e+06,0,3.45148e+06] gt=[4.00,3.00,2.40,2.10,1.80,6.00] in=(128,0,255,0) steer=+0.500 gnd=4.0 sp=1736.16 horiz=1735.99 velH=1.4486 bodyH=1.4293 slip=+0.0193 d=(0.00829,0.07843) av=(0,0.0851914,0)
reseed=0 gear=3 gtmr=2425 b14=[1.10716e+06,0,3.44251e+06] gt=[4.00,3.00,2.40,2.10,1.80,6.00] in=(128,0,255,0) steer=+0.500 gnd=4.0 sp=1781.62 horiz=1781.44 velH=1.4275 bodyH=1.4080 slip=+0.0195 d=(0.01020,0.08034) av=(0,0.0854958,0)
reseed=0 gear=3 gtmr=2375 b14=[1.18503e+06,0,3.43165e+06] gt=[4.00,3.00,2.40,2.10,1.80,6.00] in=(128,0,255,0) steer=+0.500 gnd=4.0 sp=1826.62 horiz=1826.44 velH=1.4064 bodyH=1.3866 slip=+0.0198 d=(0.01220,0.08219) av=(0,0.085795,0)
reseed=0 gear=3 gtmr=2325 b14=[1.26289e+06,0,3.41888e+06] gt=[4.00,3.00,2.40,2.10,1.80,6.00] in=(128,0,255,0) steer=+0.500 gnd=4.0 sp=1871.14 horiz=1870.96 velH=1.3853 bodyH=1.3653 slip=+0.0200 d=(0.01428,0.08396) av=(0,0.0860886,0)
reseed=0 gear=3 gtmr=2275 b14=[1.34068e+06,0,3.4042e+06] gt=[4.00,3.00,2.40,2.10,1.80,6.00] in=(128,0,255,0) steer=+0.500 gnd=4.0 sp=1915.19 horiz=1914.99 velH=1.3642 bodyH=1.3440 slip=+0.0202 d=(0.01643,0.08566) av=(0,0.0863772,0)
reseed=1 gear=3 gtmr=2225 b14=[-199862,0,3.36442e+06] gt=[4.00,3.00,2.40,2.10,1.80,6.00] in=(128,0,255,0) steer=+0.500 gnd=4.0 sp=1008.61 horiz=1008.61 velH=1.7814 bodyH=1.7785 slip=+0.0029 d=(-0.00977,0.04390) av=(0,0.0776594,0)
reseed=0 gear=3 gtmr=2175 b14=[-151690,0,3.38317e+06] gt=[4.00,3.00,2.40,2.10,1.80,6.00] in=(128,0,255,0) steer=+0.500 gnd=4.0 sp=1059.42 horiz=1059.41 velH=1.7689 bodyH=1.7640 slip=+0.0049 d=(-0.00976,0.04632) av=(0,0.0798017,0)
reseed=0 gear=3 gtmr=2125 b14=[-100557,0,3.40122e+06] gt=[4.00,3.00,2.40,2.10,1.80,6.00] in=(128,0,255,0) steer=+0.500 gnd=4.0 sp=1110.01 horiz=1110.00 velH=1.7553 bodyH=1.7487 slip=+0.0066 d=(-0.00963,0.04874) av=(0,0.0815337,0)
reseed=0 gear=3 gtmr=2075 b14=[-46449.7,0,3.41844e+06] gt=[4.00,3.00,2.40,2.10,1.80,6.00] in=(128,0,255,0) steer=+0.500 gnd=4.0 sp=1160.37 horiz=1160.35 velH=1.7408 bodyH=1.7327 slip=+0.0080 d=(-0.00939,0.05118) av=(0,0.0826598,0)
reseed=0 gear=3 gtmr=2025 b14=[10638.7,0,3.4347e+06] gt=[4.00,3.00,2.40,2.10,1.80,6.00] in=(128,0,255,0) steer=+0.500 gnd=4.0 sp=1210.46 horiz=1210.43 velH=1.7254 bodyH=1.7161 slip=+0.0094 d=(-0.00902,0.05361) av=(0,0.0834012,0)
reseed=0 gear=3 gtmr=1975 b14=[70709.4,0,3.44984e+06] gt=[4.00,3.00,2.40,2.10,1.80,6.00] in=(128,0,255,0) steer=+0.500 gnd=4.0 sp=1260.26 horiz=1260.23 velH=1.7093 bodyH=1.6987 slip=+0.0106 d=(-0.00854,0.05603) av=(0,0.0838845,0)
reseed=0 gear=3 gtmr=1925 b14=[133756,0,3.46373e+06] gt=[4.00,3.00,2.40,2.10,1.80,6.00] in=(128,0,255,0) steer=+0.500 gnd=4.0 sp=1309.76 horiz=1309.71 velH=1.6924 bodyH=1.6806 slip=+0.0119 d=(-0.00794,0.05844) av=(0,0.0841797,0)
reseed=0 gear=3 gtmr=1875 b14=[199765,0,3.47619e+06] gt=[4.00,3.00,2.40,2.10,1.80,6.00] in=(128,0,255,0) steer=+0.500 gnd=4.0 sp=1358.92 horiz=1358.86 velH=1.6748 bodyH=1.6617 slip=+0.0131 d=(-0.00722,0.06085) av=(0,0.0843252,0)
reseed=0 gear=3 gtmr=1825 b14=[268715,0,3.48708e+06] gt=[4.00,3.00,2.40,2.10,1.80,6.00] in=(128,0,255,0) steer=+0.500 gnd=4.0 sp=1407.73 horiz=1407.65 velH=1.6565 bodyH=1.6422 slip=+0.0142 d=(-0.00637,0.06323) av=(0,0.0843417,0)
reseed=0 gear=3 gtmr=1775 b14=[340575,0,3.49623e+06] gt=[4.00,3.00,2.40,2.10,1.80,6.00] in=(128,0,255,0) steer=+0.500 gnd=4.0 sp=1456.15 horiz=1456.06 velH=1.6374 bodyH=1.6220 slip=+0.0154 d=(-0.00538,0.06558) av=(0,0.0842415,0)
reseed=0 gear=3 gtmr=1725 b14=[415305,0,3.50347e+06] gt=[4.00,3.00,2.40,2.10,1.80,6.00] in=(128,0,255,0) steer=+0.500 gnd=4.0 sp=1504.17 horiz=1504.06 velH=1.6177 bodyH=1.6012 slip=+0.0165 d=(-0.00427,0.06791) av=(0,0.0841284,0)
reseed=0 gear=3 gtmr=1675 b14=[492053,0,3.50874e+06] gt=[4.00,3.00,2.40,2.10,1.80,6.00] in=(128,0,255,0) steer=+0.500 gnd=4.0 sp=1551.76 horiz=1551.64 velH=1.5973 bodyH=1.5798 slip=+0.0175 d=(-0.00301,0.07020) av=(0,0.0841472,0)
reseed=0 gear=3 gtmr=1625 b14=[569197,0,3.51224e+06] gt=[4.00,3.00,2.40,2.10,1.80,6.00] in=(128,0,255,0) steer=+0.500 gnd=4.0 sp=1598.94 horiz=1598.81 velH=1.5766 bodyH=1.5585 slip=+0.0181 d=(-0.00163,0.07244) av=(0,0.0843217,0)
reseed=0 gear=3 gtmr=1575 b14=[646692,0,3.51391e+06] gt=[4.00,3.00,2.40,2.10,1.80,6.00] in=(128,0,255,0) steer=+0.500 gnd=4.0 sp=1645.70 horiz=1645.55 velH=1.5557 bodyH=1.5371 slip=+0.0186 d=(-0.00013,0.07464) av=(0,0.0845922,0)
reseed=0 gear=3 gtmr=1525 b14=[724491,0,3.51375e+06] gt=[4.00,3.00,2.40,2.10,1.80,6.00] in=(128,0,255,0) steer=+0.500 gnd=4.0 sp=1692.03 horiz=1691.87 velH=1.5348 bodyH=1.5158 slip=+0.0190 d=(0.00147,0.07679) av=(0,0.084894,0)
reseed=0 gear=3 gtmr=1475 b14=[802546,0,3.51173e+06] gt=[4.00,3.00,2.40,2.10,1.80,6.00] in=(128,0,255,0) steer=+0.500 gnd=4.0 sp=1737.92 horiz=1737.75 velH=1.5137 bodyH=1.4945 slip=+0.0193 d=(0.00316,0.07888) av=(0,0.0852018,0)
reseed=0 gear=3 gtmr=1425 b14=[880808,0,3.50783e+06] gt=[4.00,3.00,2.40,2.10,1.80,6.00] in=(128,0,255,0) steer=+0.500 gnd=4.0 sp=1783.36 horiz=1783.19 velH=1.4927 bodyH=1.4731 slip=+0.0195 d=(0.00495,0.08092) av=(0,0.0855066,0)
reseed=0 gear=3 gtmr=1375 b14=[959231,0,3.50205e+06] gt=[4.00,3.00,2.40,2.10,1.80,6.00] in=(128,0,255,0) steer=+0.500 gnd=4.0 sp=1828.34 horiz=1828.16 velH=1.4716 bodyH=1.4518 slip=+0.0198 d=(0.00683,0.08289) av=(0,0.0858059,0)
reseed=0 gear=3 gtmr=1325 b14=[1.03776e+06,0,3.49437e+06] gt=[4.00,3.00,2.40,2.10,1.80,6.00] in=(128,0,255,0) steer=+0.500 gnd=4.0 sp=1872.85 horiz=1872.66 velH=1.4505 bodyH=1.4305 slip=+0.0200 d=(0.00879,0.08479) av=(0,0.0860995,0)
reseed=0 gear=3 gtmr=1275 b14=[1.11635e+06,0,3.48478e+06] gt=[4.00,3.00,2.40,2.10,1.80,6.00] in=(128,0,255,0) steer=+0.500 gnd=4.0 sp=1916.88 horiz=1916.68 velH=1.4294 bodyH=1.4091 slip=+0.0202 d=(0.01083,0.08663) av=(0,0.086388,0)
reseed=0 gear=3 gtmr=1225 b14=[1.19496e+06,0,3.47327e+06] gt=[4.00,3.00,2.40,2.10,1.80,6.00] in=(128,0,255,0) steer=+0.500 gnd=4.0 sp=1960.41 horiz=1960.21 velH=1.4082 bodyH=1.3878 slip=+0.0204 d=(0.01295,0.08840) av=(0,0.0866721,0)
reseed=0 gear=3 gtmr=1175 b14=[1.27352e+06,0,3.45983e+06] gt=[4.00,3.00,2.40,2.10,1.80,6.00] in=(128,0,255,0) steer=+0.500 gnd=4.0 sp=2003.44 horiz=2003.23 velH=1.3871 bodyH=1.3665 slip=+0.0206 d=(0.01515,0.09009) av=(0,0.0869521,0)
reseed=0 gear=3 gtmr=1125 b14=[1.35199e+06,0,3.44447e+06] gt=[4.00,3.00,2.40,2.10,1.80,6.00] in=(128,0,255,0) steer=+0.500 gnd=4.0 sp=2045.96 horiz=2045.74 velH=1.3660 bodyH=1.3451 slip=+0.0208 d=(0.01742,0.09170) av=(0,0.0872284,0)
reseed=0 gear=3 gtmr=1075 b14=[1.43031e+06,0,3.42717e+06] gt=[4.00,3.00,2.40,2.10,1.80,6.00] in=(128,0,255,0) steer=+0.500 gnd=4.0 sp=2087.95 horiz=2087.72 velH=1.3448 bodyH=1.3238 slip=+0.0210 d=(0.01976,0.09323) av=(0,0.0875013,0)
reseed=0 gear=3 gtmr=1025 b14=[1.50845e+06,0,3.40794e+06] gt=[4.00,3.00,2.40,2.10,1.80,6.00] in=(128,0,255,0) steer=+0.500 gnd=4.0 sp=2129.41 horiz=2129.18 velH=1.3237 bodyH=1.3024 slip=+0.0212 d=(0.02217,0.09468) av=(0,0.0877709,0)
reseed=1 gear=3 gtmr=975 b14=[-449318,0,3.37471e+06] gt=[4.00,3.00,2.40,2.10,1.80,6.00] in=(128,0,255,0) steer=+0.500 gnd=4.0 sp=1115.38 horiz=1115.37 velH=1.8557 bodyH=1.8515 slip=+0.0042 d=(-0.01445,0.04780) av=(0,0.0790613,0)
reseed=0 gear=3 gtmr=925 b14=[-396974,0,3.39741e+06] gt=[4.00,3.00,2.40,2.10,1.80,6.00] in=(128,0,255,0) steer=+0.500 gnd=4.0 sp=1165.75 horiz=1165.74 velH=1.8424 bodyH=1.8355 slip=+0.0069 d=(-0.01455,0.05021) av=(0,0.0811902,0)
reseed=0 gear=3 gtmr=875 b14=[-341560,0,3.41945e+06] gt=[4.00,3.00,2.40,2.10,1.80,6.00] in=(128,0,255,0) steer=+0.500 gnd=4.0 sp=1215.85 horiz=1215.82 velH=1.8276 bodyH=1.8187 slip=+0.0089 d=(-0.01449,0.05265) av=(0,0.0825842,0)
reseed=0 gear=3 gtmr=825 b14=[-283062,0,3.44067e+06] gt=[4.00,3.00,2.40,2.10,1.80,6.00] in=(128,0,255,0) steer=+0.500 gnd=4.0 sp=1265.64 horiz=1265.60 velH=1.8117 bodyH=1.8012 slip=+0.0104 d=(-0.01428,0.05511) av=(0,0.0834503,0)
reseed=0 gear=3 gtmr=775 b14=[-221472,0,3.46094e+06] gt=[4.00,3.00,2.40,2.10,1.80,6.00] in=(128,0,255,0) steer=+0.500 gnd=4.0 sp=1315.11 horiz=1315.06 velH=1.7949 bodyH=1.7831 slip=+0.0118 d=(-0.01393,0.05757) av=(0,0.0839551,0)
reseed=0 gear=3 gtmr=725 b14=[-156787,0,3.4801e+06] gt=[4.00,3.00,2.40,2.10,1.80,6.00] in=(128,0,255,0) steer=+0.500 gnd=4.0 sp=1364.24 horiz=1364.18 velH=1.7773 bodyH=1.7642 slip=+0.0131 d=(-0.01346,0.06003) av=(0,0.084208,0)
reseed=0 gear=3 gtmr=675 b14=[-89014.5,0,3.49797e+06] gt=[4.00,3.00,2.40,2.10,1.80,6.00] in=(128,0,255,0) steer=+0.500 gnd=4.0 sp=1413.01 horiz=1412.93 velH=1.7589 bodyH=1.7446 slip=+0.0143 d=(-0.01285,0.06248) av=(0,0.084275,0)
reseed=0 gear=3 gtmr=625 b14=[-18167.6,0,3.5144e+06] gt=[4.00,3.00,2.40,2.10,1.80,6.00] in=(128,0,255,0) steer=+0.500 gnd=4.0 sp=1461.39 horiz=1461.30 velH=1.7398 bodyH=1.7243 slip=+0.0155 d=(-0.01210,0.06493) av=(0,0.084195,0)
reseed=0 gear=3 gtmr=575 b14=[55730.5,0,3.5292e+06] gt=[4.00,3.00,2.40,2.10,1.80,6.00] in=(128,0,255,0) steer=+0.500 gnd=4.0 sp=1509.36 horiz=1509.26 velH=1.7200 bodyH=1.7034 slip=+0.0166 d=(-0.01122,0.06736) av=(0,0.0841149,0)
reseed=0 gear=3 gtmr=525 b14=[131573,0,3.54227e+06] gt=[4.00,3.00,2.40,2.10,1.80,6.00] in=(128,0,255,0) steer=+0.500 gnd=4.0 sp=1556.92 horiz=1556.79 velH=1.6996 bodyH=1.6820 slip=+0.0176 d=(-0.01020,0.06976) av=(0,0.0841459,0)
reseed=0 gear=3 gtmr=475 b14=[207993,0,3.5536e+06] gt=[4.00,3.00,2.40,2.10,1.80,6.00] in=(128,0,255,0) steer=+0.500 gnd=4.0 sp=1604.05 horiz=1603.91 velH=1.6789 bodyH=1.6607 slip=+0.0182 d=(-0.00905,0.07214) av=(0,0.0843409,0)
reseed=0 gear=3 gtmr=425 b14=[284946,0,3.56316e+06] gt=[4.00,3.00,2.40,2.10,1.80,6.00] in=(128,0,255,0) steer=+0.500 gnd=4.0 sp=1650.76 horiz=1650.61 velH=1.6580 bodyH=1.6393 slip=+0.0186 d=(-0.00777,0.07448) av=(0,0.0846199,0)
reseed=0 gear=3 gtmr=375 b14=[362389,0,3.57092e+06] gt=[4.00,3.00,2.40,2.10,1.80,6.00] in=(128,0,255,0) steer=+0.500 gnd=4.0 sp=1697.04 horiz=1696.89 velH=1.6370 bodyH=1.6180 slip=+0.0190 d=(-0.00640,0.07677) av=(0,0.084925,0)
reseed=0 gear=3 gtmr=325 b14=[440274,0,3.57685e+06] gt=[4.00,3.00,2.40,2.10,1.80,6.00] in=(128,0,255,0) steer=+0.500 gnd=4.0 sp=1742.89 horiz=1742.72 velH=1.6160 bodyH=1.5967 slip=+0.0193 d=(-0.00492,0.07903) av=(0,0.0852338,0)
reseed=0 gear=3 gtmr=275 b14=[518557,0,3.58094e+06] gt=[4.00,3.00,2.40,2.10,1.80,6.00] in=(128,0,255,0) steer=+0.500 gnd=4.0 sp=1788.28 horiz=1788.10 velH=1.5949 bodyH=1.5753 slip=+0.0196 d=(-0.00334,0.08123) av=(0,0.0855386,0)
reseed=0 gear=3 gtmr=225 b14=[597190,0,3.58317e+06] gt=[4.00,3.00,2.40,2.10,1.80,6.00] in=(128,0,255,0) steer=+0.500 gnd=4.0 sp=1833.21 horiz=1833.03 velH=1.5738 bodyH=1.5540 slip=+0.0198 d=(-0.00167,0.08338) av=(0,0.0858376,0)
reseed=0 gear=3 gtmr=175 b14=[676126,0,3.58352e+06] gt=[4.00,3.00,2.40,2.10,1.80,6.00] in=(128,0,255,0) steer=+0.500 gnd=4.0 sp=1877.67 horiz=1877.48 velH=1.5527 bodyH=1.5327 slip=+0.0200 d=(0.00009,0.08547) av=(0,0.0861309,0)
reseed=0 gear=3 gtmr=125 b14=[755314,0,3.58197e+06] gt=[4.00,3.00,2.40,2.10,1.80,6.00] in=(128,0,255,0) steer=+0.500 gnd=4.0 sp=1921.64 horiz=1921.44 velH=1.5316 bodyH=1.5113 slip=+0.0203 d=(0.00194,0.08751) av=(0,0.086419,0)
reseed=0 gear=3 gtmr=75 b14=[834708,0,3.57852e+06] gt=[4.00,3.00,2.40,2.10,1.80,6.00] in=(128,0,255,0) steer=+0.500 gnd=4.0 sp=1965.12 horiz=1964.91 velH=1.5105 bodyH=1.4900 slip=+0.0205 d=(0.00387,0.08948) av=(0,0.0867026,0)
reseed=0 gear=3 gtmr=24 b14=[914256,0,3.57314e+06] gt=[4.00,3.00,2.40,2.10,1.80,6.00] in=(128,0,255,0) steer=+0.500 gnd=4.0 sp=2008.09 horiz=2007.88 velH=1.4893 bodyH=1.4687 slip=+0.0207 d=(0.00589,0.09138) av=(0,0.0869823,0)
reseed=0 gear=4 gtmr=2975 b14=[1.13057e+06,0,4.05613e+06] gt=[4.00,3.00,2.40,2.10,1.80,6.00] in=(128,0,255,0) steer=+0.500 gnd=4.0 sp=2054.72 horiz=2054.50 velH=1.4679 bodyH=1.4473 slip=+0.0206 d=(0.00799,0.09321) av=(0,0.0872605,0)
reseed=0 gear=4 gtmr=2925 b14=[1.22149e+06,0,4.04645e+06] gt=[4.00,3.00,2.40,2.10,1.80,6.00] in=(128,0,255,0) steer=+0.500 gnd=4.0 sp=2104.94 horiz=2104.72 velH=1.4465 bodyH=1.4260 slip=+0.0205 d=(0.01023,0.09526) av=(0,0.0876722,0)
reseed=0 gear=4 gtmr=2875 b14=[1.31243e+06,0,4.03451e+06] gt=[4.00,3.00,2.40,2.10,1.80,6.00] in=(128,0,255,0) steer=+0.500 gnd=4.0 sp=2154.55 horiz=2154.33 velH=1.4252 bodyH=1.4046 slip=+0.0205 d=(0.01257,0.09732) av=(0,0.0879985,0)
reseed=0 gear=4 gtmr=2825 b14=[1.40335e+06,0,4.02031e+06] gt=[4.00,3.00,2.40,2.10,1.80,6.00] in=(128,0,255,0) steer=+0.500 gnd=4.0 sp=2203.52 horiz=2203.29 velH=1.4040 bodyH=1.3833 slip=+0.0207 d=(0.01497,0.09929) av=(0,0.0882975,0)
reseed=0 gear=4 gtmr=2775 b14=[1.49418e+06,0,4.00386e+06] gt=[4.00,3.00,2.40,2.10,1.80,6.00] in=(128,0,255,0) steer=+0.500 gnd=4.0 sp=2251.83 horiz=2251.59 velH=1.3828 bodyH=1.3620 slip=+0.0208 d=(0.01746,0.10118) av=(0,0.088591,0)
reseed=0 gear=4 gtmr=2725 b14=[1.58486e+06,0,3.98514e+06] gt=[4.00,3.00,2.40,2.10,1.80,6.00] in=(128,0,255,0) steer=+0.500 gnd=4.0 sp=2299.47 horiz=2299.22 velH=1.3616 bodyH=1.3406 slip=+0.0210 d=(0.02002,0.10298) av=(0,0.0888853,0)
reseed=0 gear=4 gtmr=2675 b14=[1.67534e+06,0,3.96418e+06] gt=[4.00,3.00,2.40,2.10,1.80,6.00] in=(128,0,255,0) steer=+0.500 gnd=4.0 sp=2346.43 horiz=2346.17 velH=1.3405 bodyH=1.3193 slip=+0.0212 d=(0.02266,0.10468) av=(0,0.0891812,0)
reseed=0 gear=4 gtmr=2625 b14=[1.76554e+06,0,3.94095e+06] gt=[4.00,3.00,2.40,2.10,1.80,6.00] in=(128,0,255,0) steer=+0.500 gnd=4.0 sp=2392.70 horiz=2392.43 velH=1.3193 bodyH=1.2980 slip=+0.0214 d=(0.02537,0.10629) av=(0,0.0894778,0)
reseed=0 gear=4 gtmr=2575 b14=[1.85543e+06,0,3.91548e+06] gt=[4.00,3.00,2.40,2.10,1.80,6.00] in=(128,0,255,0) steer=+0.500 gnd=4.0 sp=2438.26 horiz=2437.99 velH=1.2982 bodyH=1.2766 slip=+0.0215 d=(0.02816,0.10780) av=(0,0.0897737,0)
reseed=0 gear=4 gtmr=2525 b14=[1.94492e+06,0,3.88775e+06] gt=[4.00,3.00,2.40,2.10,1.80,6.00] in=(128,0,255,0) steer=+0.500 gnd=4.0 sp=2483.12 horiz=2482.84 velH=1.2770 bodyH=1.2553 slip=+0.0217 d=(0.03100,0.10920) av=(0,0.0900679,0)
reseed=0 gear=4 gtmr=2475 b14=[2.03396e+06,0,3.85778e+06] gt=[4.00,3.00,2.40,2.10,1.80,6.00] in=(128,0,255,0) steer=+0.500 gnd=4.0 sp=2527.27 horiz=2526.97 velH=1.2559 bodyH=1.2340 slip=+0.0219 d=(0.03391,0.11050) av=(0,0.0903596,0)
reseed=0 gear=4 gtmr=2425 b14=[2.1225e+06,0,3.82557e+06] gt=[4.00,3.00,2.40,2.10,1.80,6.00] in=(128,0,255,0) steer=+0.500 gnd=4.0 sp=2570.69 horiz=2570.39 velH=1.2347 bodyH=1.2126 slip=+0.0221 d=(0.03688,0.11169) av=(0,0.0906482,0)
reseed=0 gear=4 gtmr=2375 b14=[2.21047e+06,0,3.79114e+06] gt=[4.00,3.00,2.40,2.10,1.80,6.00] in=(128,0,255,0) steer=+0.500 gnd=4.0 sp=2613.40 horiz=2613.09 velH=1.2135 bodyH=1.1913 slip=+0.0222 d=(0.03991,0.11278) av=(0,0.0909333,0)
reseed=1 gear=4 gtmr=2325 b14=[-1.51425e+06,0,3.6937e+06] gt=[4.00,3.00,2.40,2.10,1.80,6.00] in=(128,0,255,0) steer=+0.500 gnd=4.0 sp=1364.51 horiz=1364.49 velH=2.1146 bodyH=2.1082 slip=+0.0064 d=(-0.03220,0.05208) av=(0,0.0834966,0)
reseed=0 gear=4 gtmr=2275 b14=[-1.44805e+06,0,3.73956e+06] gt=[4.00,3.00,2.40,2.10,1.80,6.00] in=(128,0,255,0) steer=+0.500 gnd=4.0 sp=1421.84 horiz=1421.80 velH=2.0989 bodyH=2.0886 slip=+0.0103 d=(-0.03289,0.05479) av=(0,0.0839921,0)
reseed=0 gear=4 gtmr=2225 b14=[-1.37749e+06,0,3.78519e+06] gt=[4.00,3.00,2.40,2.10,1.80,6.00] in=(128,0,255,0) steer=+0.500 gnd=4.0 sp=1478.66 horiz=1478.59 velH=2.0811 bodyH=2.0682 slip=+0.0130 d=(-0.03333,0.05761) av=(0,0.0842888,0)
reseed=0 gear=4 gtmr=2175 b14=[-1.30271e+06,0,3.83034e+06] gt=[4.00,3.00,2.40,2.10,1.80,6.00] in=(128,0,255,0) steer=+0.500 gnd=4.0 sp=1534.95 horiz=1534.86 velH=2.0619 bodyH=2.0470 slip=+0.0150 d=(-0.03356,0.06050) av=(0,0.0842967,0)
reseed=0 gear=4 gtmr=2125 b14=[-1.22602e+06,0,3.87408e+06] gt=[4.00,3.00,2.40,2.10,1.80,6.00] in=(128,0,255,0) steer=+0.500 gnd=4.0 sp=1590.72 horiz=1590.61 velH=2.0419 bodyH=2.0256 slip=+0.0162 d=(-0.03360,0.06343) av=(0,0.0843684,0)
reseed=0 gear=4 gtmr=2075 b14=[-1.14802e+06,0,3.91617e+06] gt=[4.00,3.00,2.40,2.10,1.80,6.00] in=(128,0,255,0) steer=+0.500 gnd=4.0 sp=1645.98 horiz=1645.86 velH=2.0214 bodyH=2.0043 slip=+0.0170 d=(-0.03348,0.06640) av=(0,0.0845497,0)
reseed=0 gear=4 gtmr=2025 b14=[-1.06874e+06,0,3.95656e+06] gt=[4.00,3.00,2.40,2.10,1.80,6.00] in=(128,0,255,0) steer=+0.500 gnd=4.0 sp=1700.72 horiz=1700.59 velH=2.0006 bodyH=1.9830 slip=+0.0176 d=(-0.03321,0.06938) av=(0,0.0848619,0)
reseed=0 gear=4 gtmr=1975 b14=[-988216,0,3.99519e+06] gt=[4.00,3.00,2.40,2.10,1.80,6.00] in=(128,0,255,0) steer=+0.500 gnd=4.0 sp=1754.94 horiz=1754.79 velH=1.9797 bodyH=1.9616 slip=+0.0181 d=(-0.03281,0.07236) av=(0,0.0852177,0)
reseed=0 gear=4 gtmr=1925 b14=[-906497,0,4.03201e+06] gt=[4.00,3.00,2.40,2.10,1.80,6.00] in=(128,0,255,0) steer=+0.500 gnd=4.0 sp=1808.62 horiz=1808.46 velH=1.9588 bodyH=1.9403 slip=+0.0185 d=(-0.03228,0.07533) av=(0,0.0855825,0)
reseed=0 gear=4 gtmr=1875 b14=[-823620,0,4.06699e+06] gt=[4.00,3.00,2.40,2.10,1.80,6.00] in=(128,0,255,0) steer=+0.500 gnd=4.0 sp=1861.74 horiz=1861.57 velH=1.9378 bodyH=1.9190 slip=+0.0188 d=(-0.03162,0.07829) av=(0,0.085944,0)
reseed=0 gear=4 gtmr=1825 b14=[-739629,0,4.10008e+06] gt=[4.00,3.00,2.40,2.10,1.80,6.00] in=(128,0,255,0) steer=+0.500 gnd=4.0 sp=1914.29 horiz=1914.11 velH=1.9167 bodyH=1.8976 slip=+0.0191 d=(-0.03084,0.08123) av=(0,0.0862988,0)
reseed=0 gear=4 gtmr=1775 b14=[-654571,0,4.13125e+06] gt=[4.00,3.00,2.40,2.10,1.80,6.00] in=(128,0,255,0) steer=+0.500 gnd=4.0 sp=1966.25 horiz=1966.06 velH=1.8957 bodyH=1.8763 slip=+0.0194 d=(-0.02994,0.08415) av=(0,0.0866464,0)
reseed=0 gear=4 gtmr=1725 b14=[-568492,0,4.16046e+06] gt=[4.00,3.00,2.40,2.10,1.80,6.00] in=(128,0,255,0) steer=+0.500 gnd=4.0 sp=2017.60 horiz=2017.41 velH=1.8746 bodyH=1.8549 slip=+0.0196 d=(-0.02892,0.08704) av=(0,0.0869875,0)
reseed=0 gear=4 gtmr=1675 b14=[-481441,0,4.18767e+06] gt=[4.00,3.00,2.40,2.10,1.80,6.00] in=(128,0,255,0) steer=+0.500 gnd=4.0 sp=2068.34 horiz=2068.14 velH=1.8535 bodyH=1.8336 slip=+0.0199 d=(-0.02778,0.08990) av=(0,0.0873229,0)
reseed=0 gear=4 gtmr=1625 b14=[-393469,0,4.21285e+06] gt=[4.00,3.00,2.40,2.10,1.80,6.00] in=(128,0,255,0) steer=+0.500 gnd=4.0 sp=2118.45 horiz=2118.24 velH=1.8324 bodyH=1.8123 slip=+0.0201 d=(-0.02653,0.09272) av=(0,0.0876533,0)
reseed=0 gear=4 gtmr=1575 b14=[-304625,0,4.23597e+06] gt=[4.00,3.00,2.40,2.10,1.80,6.00] in=(128,0,255,0) steer=+0.500 gnd=4.0 sp=2167.91 horiz=2167.69 velH=1.8113 bodyH=1.7909 slip=+0.0204 d=(-0.02515,0.09549) av=(0,0.0879789,0)
reseed=0 gear=4 gtmr=1525 b14=[-214963,0,4.257e+06] gt=[4.00,3.00,2.40,2.10,1.80,6.00] in=(128,0,255,0) steer=+0.500 gnd=4.0 sp=2216.72 horiz=2216.49 velH=1.7902 bodyH=1.7696 slip=+0.0206 d=(-0.02367,0.09822) av=(0,0.0883002,0)
reseed=0 gear=4 gtmr=1475 b14=[-124536,0,4.27592e+06] gt=[4.00,3.00,2.40,2.10,1.80,6.00] in=(128,0,255,0) steer=+0.500 gnd=4.0 sp=2264.86 horiz=2264.62 velH=1.7691 bodyH=1.7483 slip=+0.0208 d=(-0.02207,0.10090) av=(0,0.0886173,0)
reseed=0 gear=4 gtmr=1425 b14=[-33397.4,0,4.29269e+06] gt=[4.00,3.00,2.40,2.10,1.80,6.00] in=(128,0,255,0) steer=+0.500 gnd=4.0 sp=2312.32 horiz=2312.07 velH=1.7479 bodyH=1.7269 slip=+0.0210 d=(-0.02037,0.10353) av=(0,0.0889303,0)
reseed=0 gear=4 gtmr=1375 b14=[58397,0,4.30729e+06] gt=[4.00,3.00,2.40,2.10,1.80,6.00] in=(128,0,255,0) steer=+0.500 gnd=4.0 sp=2359.09 horiz=2358.83 velH=1.7268 bodyH=1.7056 slip=+0.0212 d=(-0.01855,0.10609) av=(0,0.0892393,0)
reseed=0 gear=4 gtmr=1325 b14=[150791,0,4.3197e+06] gt=[4.00,3.00,2.40,2.10,1.80,6.00] in=(128,0,255,0) steer=+0.500 gnd=4.0 sp=2405.17 horiz=2404.90 velH=1.7057 bodyH=1.6843 slip=+0.0214 d=(-0.01663,0.10860) av=(0,0.0895443,0)
reseed=0 gear=4 gtmr=1275 b14=[243729,0,4.3299e+06] gt=[4.00,3.00,2.40,2.10,1.80,6.00] in=(128,0,255,0) steer=+0.500 gnd=4.0 sp=2450.54 horiz=2450.27 velH=1.6845 bodyH=1.6629 slip=+0.0216 d=(-0.01461,0.11103) av=(0,0.0898453,0)
reseed=0 gear=4 gtmr=1225 b14=[337152,0,4.33786e+06] gt=[4.00,3.00,2.40,2.10,1.80,6.00] in=(128,0,255,0) steer=+0.500 gnd=4.0 sp=2495.21 horiz=2494.92 velH=1.6634 bodyH=1.6416 slip=+0.0218 d=(-0.01249,0.11340) av=(0,0.0901423,0)
reseed=0 gear=4 gtmr=1175 b14=[431004,0,4.34358e+06] gt=[4.00,3.00,2.40,2.10,1.80,6.00] in=(128,0,255,0) steer=+0.500 gnd=4.0 sp=2539.16 horiz=2538.86 velH=1.6422 bodyH=1.6202 slip=+0.0219 d=(-0.01027,0.11569) av=(0,0.0904353,0)
reseed=0 gear=4 gtmr=1125 b14=[525224,0,4.34703e+06] gt=[4.00,3.00,2.40,2.10,1.80,6.00] in=(128,0,255,0) steer=+0.500 gnd=4.0 sp=2582.39 horiz=2582.09 velH=1.6210 bodyH=1.5989 slip=+0.0221 d=(-0.00796,0.11791) av=(0,0.0907243,0)
reseed=0 gear=4 gtmr=1075 b14=[619755,0,4.34821e+06] gt=[4.00,3.00,2.40,2.10,1.80,6.00] in=(128,0,255,0) steer=+0.500 gnd=4.0 sp=2624.90 horiz=2624.59 velH=1.5999 bodyH=1.5776 slip=+0.0223 d=(-0.00556,0.12004) av=(0,0.0910092,0)
reseed=0 gear=4 gtmr=1025 b14=[714537,0,4.34709e+06] gt=[4.00,3.00,2.40,2.10,1.80,6.00] in=(128,0,255,0) steer=+0.500 gnd=4.0 sp=2666.68 horiz=2666.36 velH=1.5787 bodyH=1.5562 slip=+0.0224 d=(-0.00306,0.12209) av=(0,0.09129,0)
reseed=0 gear=4 gtmr=975 b14=[809510,0,4.34368e+06] gt=[4.00,3.00,2.40,2.10,1.80,6.00] in=(128,0,255,0) steer=+0.500 gnd=4.0 sp=2707.74 horiz=2707.41 velH=1.5575 bodyH=1.5349 slip=+0.0226 d=(-0.00049,0.12406) av=(0,0.0915668,0)
reseed=0 gear=4 gtmr=925 b14=[904614,0,4.33796e+06] gt=[4.00,3.00,2.40,2.10,1.80,6.00] in=(128,0,255,0) steer=+0.500 gnd=4.0 sp=2748.06 horiz=2747.72 velH=1.5363 bodyH=1.5136 slip=+0.0228 d=(0.00217,0.12593) av=(0,0.0918394,0)
reseed=0 gear=4 gtmr=875 b14=[999788,0,4.32993e+06] gt=[4.00,3.00,2.40,2.10,1.80,6.00] in=(128,0,255,0) steer=+0.500 gnd=4.0 sp=2787.66 horiz=2787.31 velH=1.5151 bodyH=1.4922 slip=+0.0229 d=(0.00491,0.12772) av=(0,0.092108,0)
reseed=0 gear=4 gtmr=825 b14=[1.09497e+06,0,4.31958e+06] gt=[4.00,3.00,2.40,2.10,1.80,6.00] in=(128,0,255,0) steer=+0.500 gnd=4.0 sp=2826.52 horiz=2826.17 velH=1.4939 bodyH=1.4709 slip=+0.0230 d=(0.00773,0.12941) av=(0,0.0923724,0)
reseed=0 gear=4 gtmr=775 b14=[1.19011e+06,0,4.3069e+06] gt=[4.00,3.00,2.40,2.10,1.80,6.00] in=(128,0,255,0) steer=+0.500 gnd=4.0 sp=2864.66 horiz=2864.30 velH=1.4727 bodyH=1.4496 slip=+0.0232 d=(0.01061,0.13100) av=(0,0.0926326,0)
reseed=0 gear=4 gtmr=725 b14=[1.28513e+06,0,4.29191e+06] gt=[4.00,3.00,2.40,2.10,1.80,6.00] in=(128,0,255,0) steer=+0.500 gnd=4.0 sp=2902.07 horiz=2901.70 velH=1.4515 bodyH=1.4282 slip=+0.0233 d=(0.01356,0.13250) av=(0,0.0928887,0)
reseed=0 gear=4 gtmr=675 b14=[1.37999e+06,0,4.2746e+06] gt=[4.00,3.00,2.40,2.10,1.80,6.00] in=(128,0,255,0) steer=+0.500 gnd=4.0 sp=2938.75 horiz=2938.37 velH=1.4303 bodyH=1.4069 slip=+0.0235 d=(0.01658,0.13389) av=(0,0.0931407,0)
reseed=0 gear=4 gtmr=625 b14=[1.47461e+06,0,4.25498e+06] gt=[4.00,3.00,2.40,2.10,1.80,6.00] in=(128,0,255,0) steer=+0.500 gnd=4.0 sp=2974.71 horiz=2974.33 velH=1.4091 bodyH=1.3855 slip=+0.0236 d=(0.01966,0.13518) av=(0,0.0933885,0)
reseed=0 gear=4 gtmr=575 b14=[1.56895e+06,0,4.23304e+06] gt=[4.00,3.00,2.40,2.10,1.80,6.00] in=(128,0,255,0) steer=+0.500 gnd=4.0 sp=3009.96 horiz=3009.56 velH=1.3879 bodyH=1.3642 slip=+0.0237 d=(0.02279,0.13637) av=(0,0.0936321,0)
reseed=0 gear=4 gtmr=525 b14=[1.66293e+06,0,4.2088e+06] gt=[4.00,3.00,2.40,2.10,1.80,6.00] in=(128,0,255,0) steer=+0.500 gnd=4.0 sp=3044.48 horiz=3044.08 velH=1.3667 bodyH=1.3429 slip=+0.0238 d=(0.02598,0.13746) av=(0,0.0938715,0)
reseed=0 gear=4 gtmr=475 b14=[1.7565e+06,0,4.18226e+06] gt=[4.00,3.00,2.40,2.10,1.80,6.00] in=(128,0,255,0) steer=+0.500 gnd=4.0 sp=3078.30 horiz=3077.89 velH=1.3455 bodyH=1.3215 slip=+0.0239 d=(0.02922,0.13843) av=(0,0.0941068,0)
reseed=0 gear=4 gtmr=425 b14=[1.84961e+06,0,4.15343e+06] gt=[4.00,3.00,2.40,2.10,1.80,6.00] in=(128,0,255,0) steer=+0.500 gnd=4.0 sp=3111.42 horiz=3111.00 velH=1.3243 bodyH=1.3002 slip=+0.0241 d=(0.03251,0.13930) av=(0,0.0943379,0)
reseed=0 gear=4 gtmr=375 b14=[1.94219e+06,0,4.12233e+06] gt=[4.00,3.00,2.40,2.10,1.80,6.00] in=(128,0,255,0) steer=+0.500 gnd=4.0 sp=3143.83 horiz=3143.40 velH=1.3030 bodyH=1.2789 slip=+0.0242 d=(0.03583,0.14006) av=(0,0.0945649,0)
reseed=0 gear=4 gtmr=325 b14=[2.03418e+06,0,4.08897e+06] gt=[4.00,3.00,2.40,2.10,1.80,6.00] in=(128,0,255,0) steer=+0.500 gnd=4.0 sp=3175.55 horiz=3175.11 velH=1.2818 bodyH=1.2575 slip=+0.0243 d=(0.03920,0.14070) av=(0,0.0947877,0)
reseed=0 gear=4 gtmr=275 b14=[2.12553e+06,0,4.05336e+06] gt=[4.00,3.00,2.40,2.10,1.80,6.00] in=(128,0,255,0) steer=+0.500 gnd=4.0 sp=3206.58 horiz=3206.14 velH=1.2606 bodyH=1.2362 slip=+0.0244 d=(0.04260,0.14124) av=(0,0.0950065,0)
reseed=0 gear=4 gtmr=225 b14=[2.21618e+06,0,4.01553e+06] gt=[4.00,3.00,2.40,2.10,1.80,6.00] in=(128,0,255,0) steer=+0.500 gnd=4.0 sp=3236.93 horiz=3236.48 velH=1.2393 bodyH=1.2148 slip=+0.0245 d=(0.04603,0.14166) av=(0,0.0952211,0)
reseed=0 gear=4 gtmr=175 b14=[2.30607e+06,0,3.97548e+06] gt=[4.00,3.00,2.40,2.10,1.80,6.00] in=(128,0,255,0) steer=+0.500 gnd=4.0 sp=3266.61 horiz=3266.16 velH=1.2181 bodyH=1.1935 slip=+0.0246 d=(0.04948,0.14197) av=(0,0.0954316,0)
reseed=0 gear=4 gtmr=125 b14=[2.39516e+06,0,3.93323e+06] gt=[4.00,3.00,2.40,2.10,1.80,6.00] in=(128,0,255,0) steer=+0.500 gnd=4.0 sp=3295.62 horiz=3295.16 velH=1.1969 bodyH=1.1722 slip=+0.0247 d=(0.05296,0.14217) av=(0,0.095638,0)
reseed=0 gear=4 gtmr=75 b14=[2.48337e+06,0,3.88882e+06] gt=[4.00,3.00,2.40,2.10,1.80,6.00] in=(128,0,255,0) steer=+0.500 gnd=4.0 sp=3323.98 horiz=3323.51 velH=1.1756 bodyH=1.1508 slip=+0.0248 d=(0.05646,0.14226) av=(0,0.0958404,0)
reseed=0 gear=4 gtmr=24 b14=[2.57066e+06,0,3.84226e+06] gt=[4.00,3.00,2.40,2.10,1.80,6.00] in=(128,0,255,0) steer=+0.500 gnd=4.0 sp=3351.69 horiz=3351.21 velH=1.1544 bodyH=1.1295 slip=+0.0249 d=(0.05998,0.14223) av=(0,0.0960388,0)
reseed=0 gear=4 gtmr=0 b14=[2.65698e+06,0,3.79357e+06] gt=[4.00,3.00,2.40,2.10,1.80,6.00] in=(128,0,255,0) steer=+0.500 gnd=4.0 sp=3378.75 horiz=3378.27 velH=1.1331 bodyH=1.1082 slip=+0.0250 d=(0.06351,0.14209) av=(0,0.0962332,0)
reseed=0 gear=4 gtmr=0 b14=[2.74227e+06,0,3.74279e+06] gt=[4.00,3.00,2.40,2.10,1.80,6.00] in=(128,0,255,0) steer=+0.500 gnd=4.0 sp=3405.19 horiz=3404.70 velH=1.1119 bodyH=1.0868 slip=+0.0251 d=(0.06704,0.14184) av=(0,0.0964237,0)
reseed=1 gear=4 gtmr=0 b14=[-2.70398e+06,0,-3.1053e+06] gt=[4.00,3.00,2.40,2.10,1.80,6.00] in=(128,0,255,0) steer=+0.500 gnd=4.0 sp=1757.47 horiz=1757.44 velH=-2.1300 bodyH=-2.1389 slip=+0.0089 d=(-0.04151,-0.06786) av=(0,0.0951618,0)
reseed=0 gear=4 gtmr=0 b14=[-2.7809e+06,0,-3.05932e+06] gt=[4.00,3.00,2.40,2.10,1.80,6.00] in=(128,0,255,0) steer=+0.500 gnd=4.0 sp=1811.57 horiz=1811.49 velH=-2.1466 bodyH=-2.1602 slip=+0.0136 d=(-0.04376,-0.06944) av=(0,0.0899453,0)
reseed=0 gear=4 gtmr=0 b14=[-2.85701e+06,0,-3.01138e+06] gt=[4.00,3.00,2.40,2.10,1.80,6.00] in=(128,0,255,0) steer=+0.500 gnd=4.0 sp=1864.93 horiz=1864.81 velH=-2.1653 bodyH=-2.1815 slip=+0.0163 d=(-0.04631,-0.07077) av=(0,0.0876833,0)
reseed=0 gear=4 gtmr=0 b14=[-2.93226e+06,0,-2.9615e+06] gt=[4.00,3.00,2.40,2.10,1.80,6.00] in=(128,0,255,0) steer=+0.500 gnd=4.0 sp=1917.60 horiz=1917.44 velH=-2.1851 bodyH=-2.2029 slip=+0.0178 d=(-0.04903,-0.07192) av=(0,0.0869267,0)
reseed=0 gear=4 gtmr=0 b14=[-3.00658e+06,0,-2.9097e+06] gt=[4.00,3.00,2.40,2.10,1.80,6.00] in=(128,0,255,0) steer=+0.500 gnd=4.0 sp=1969.61 horiz=1969.43 velH=-2.2055 bodyH=-2.2242 slip=+0.0187 d=(-0.05186,-0.07291) av=(0,0.0868295,0)
reseed=0 gear=4 gtmr=0 b14=[-3.0799e+06,0,-2.85595e+06] gt=[4.00,3.00,2.40,2.10,1.80,6.00] in=(128,0,255,0) steer=+0.500 gnd=4.0 sp=2020.97 horiz=2020.78 velH=-2.2263 bodyH=-2.2456 slip=+0.0193 d=(-0.05478,-0.07376) av=(0,0.0870101,0)
reseed=0 gear=4 gtmr=0 b14=[-3.15217e+06,0,-2.80028e+06] gt=[4.00,3.00,2.40,2.10,1.80,6.00] in=(128,0,255,0) steer=+0.500 gnd=4.0 sp=2071.70 horiz=2071.49 velH=-2.2472 bodyH=-2.2669 slip=+0.0197 d=(-0.05775,-0.07448) av=(0,0.0872998,0)
reseed=0 gear=4 gtmr=0 b14=[-3.22331e+06,0,-2.7427e+06] gt=[4.00,3.00,2.40,2.10,1.80,6.00] in=(128,0,255,0) steer=+0.500 gnd=4.0 sp=2121.77 horiz=2121.56 velH=-2.2682 bodyH=-2.2882 slip=+0.0200 d=(-0.06077,-0.07508) av=(0,0.0876268,0)
reseed=0 gear=4 gtmr=0 b14=[-3.29326e+06,0,-2.68322e+06] gt=[4.00,3.00,2.40,2.10,1.80,6.00] in=(128,0,255,0) steer=+0.500 gnd=4.0 sp=2171.20 horiz=2170.98 velH=-2.2892 bodyH=-2.3096 slip=+0.0203 d=(-0.06382,-0.07555) av=(0,0.0879618,0)
reseed=0 gear=4 gtmr=0 b14=[-3.36198e+06,0,-2.62188e+06] gt=[4.00,3.00,2.40,2.10,1.80,6.00] in=(128,0,255,0) steer=+0.500 gnd=4.0 sp=2219.97 horiz=2219.74 velH=-2.3103 bodyH=-2.3309 slip=+0.0206 d=(-0.06691,-0.07591) av=(0,0.0882939,0)
reseed=0 gear=4 gtmr=0 b14=[-3.42941e+06,0,-2.5587e+06] gt=[4.00,3.00,2.40,2.10,1.80,6.00] in=(128,0,255,0) steer=+0.500 gnd=4.0 sp=2268.06 horiz=2267.82 velH=-2.3314 bodyH=-2.3522 slip=+0.0208 d=(-0.07002,-0.07614) av=(0,0.0886198,0)
reseed=0 gear=4 gtmr=0 b14=[-3.49548e+06,0,-2.4937e+06] gt=[4.00,3.00,2.40,2.10,1.80,6.00] in=(128,0,255,0) steer=+0.500 gnd=4.0 sp=2315.48 horiz=2315.23 velH=-2.3526 bodyH=-2.3736 slip=+0.0210 d=(-0.07315,-0.07625) av=(0,0.0889392,0)
reseed=0 gear=4 gtmr=0 b14=[-3.56016e+06,0,-2.42692e+06] gt=[4.00,3.00,2.40,2.10,1.80,6.00] in=(128,0,255,0) steer=+0.500 gnd=4.0 sp=2362.21 horiz=2361.95 velH=-2.3737 bodyH=-2.3949 slip=+0.0212 d=(-0.07629,-0.07623) av=(0,0.0892524,0)
reseed=0 gear=4 gtmr=0 b14=[-3.62339e+06,0,-2.35839e+06] gt=[4.00,3.00,2.40,2.10,1.80,6.00] in=(128,0,255,0) steer=+0.500 gnd=4.0 sp=2408.24 horiz=2407.97 velH=-2.3948 bodyH=-2.4162 slip=+0.0214 d=(-0.07944,-0.07610) av=(0,0.08956,0)
reseed=0 gear=4 gtmr=0 b14=[-3.68512e+06,0,-2.28815e+06] gt=[4.00,3.00,2.40,2.10,1.80,6.00] in=(128,0,255,0) steer=+0.500 gnd=4.0 sp=2453.56 horiz=2453.29 velH=-2.4160 bodyH=-2.4376 slip=+0.0216 d=(-0.08260,-0.07584) av=(0,0.0898625,0)
reseed=0 gear=4 gtmr=0 b14=[-3.7453e+06,0,-2.21622e+06] gt=[4.00,3.00,2.40,2.10,1.80,6.00] in=(128,0,255,0) steer=+0.500 gnd=4.0 sp=2498.18 horiz=2497.90 velH=-2.4371 bodyH=-2.4589 slip=+0.0218 d=(-0.08575,-0.07546) av=(0,0.0901604,0)
reseed=0 gear=4 gtmr=0 b14=[-3.80389e+06,0,-2.14266e+06] gt=[4.00,3.00,2.40,2.10,1.80,6.00] in=(128,0,255,0) steer=+0.500 gnd=4.0 sp=2542.09 horiz=2541.79 velH=-2.4583 bodyH=-2.4803 slip=+0.0220 d=(-0.08890,-0.07495) av=(0,0.0904538,0)
reseed=0 gear=4 gtmr=0 b14=[-3.86083e+06,0,-2.06749e+06] gt=[4.00,3.00,2.40,2.10,1.80,6.00] in=(128,0,255,0) steer=+0.500 gnd=4.0 sp=2585.27 horiz=2584.96 velH=-2.4795 bodyH=-2.5016 slip=+0.0221 d=(-0.09205,-0.07433) av=(0,0.0907429,0)
reseed=0 gear=4 gtmr=0 b14=[-3.91609e+06,0,-1.99076e+06] gt=[4.00,3.00,2.40,2.10,1.80,6.00] in=(128,0,255,0) steer=+0.500 gnd=4.0 sp=2627.73 horiz=2627.42 velH=-2.5006 bodyH=-2.5229 slip=+0.0223 d=(-0.09517,-0.07358) av=(0,0.0910278,0)
reseed=0 gear=4 gtmr=0 b14=[-3.96962e+06,0,-1.91251e+06] gt=[4.00,3.00,2.40,2.10,1.80,6.00] in=(128,0,255,0) steer=+0.500 gnd=4.0 sp=2669.46 horiz=2669.14 velH=-2.5218 bodyH=-2.5443 slip=+0.0225 d=(-0.09829,-0.07272) av=(0,0.0913085,0)
reseed=0 gear=4 gtmr=0 b14=[-4.02137e+06,0,-1.83279e+06] gt=[4.00,3.00,2.40,2.10,1.80,6.00] in=(128,0,255,0) steer=+0.500 gnd=4.0 sp=2710.47 horiz=2710.14 velH=-2.5430 bodyH=-2.5656 slip=+0.0226 d=(-0.10137,-0.07173) av=(0,0.0915851,0)
reseed=0 gear=4 gtmr=0 b14=[-4.07131e+06,0,-1.75163e+06] gt=[4.00,3.00,2.40,2.10,1.80,6.00] in=(128,0,255,0) steer=+0.500 gnd=4.0 sp=2750.74 horiz=2750.41 velH=-2.5642 bodyH=-2.5869 slip=+0.0228 d=(-0.10444,-0.07063) av=(0,0.0918575,0)
reseed=0 gear=4 gtmr=0 b14=[-4.1194e+06,0,-1.66909e+06] gt=[4.00,3.00,2.40,2.10,1.80,6.00] in=(128,0,255,0) steer=+0.500 gnd=4.0 sp=2790.29 horiz=2789.94 velH=-2.5854 bodyH=-2.6083 slip=+0.0229 d=(-0.10747,-0.06941) av=(0,0.0921258,0)
reseed=0 gear=4 gtmr=0 b14=[-4.16559e+06,0,-1.5852e+06] gt=[4.00,3.00,2.40,2.10,1.80,6.00] in=(128,0,255,0) steer=+0.500 gnd=4.0 sp=2829.11 horiz=2828.75 velH=-2.6066 bodyH=-2.6296 slip=+0.0231 d=(-0.11047,-0.06807) av=(0,0.0923899,0)
reseed=0 gear=4 gtmr=0 b14=[-4.20986e+06,0,-1.50003e+06] gt=[4.00,3.00,2.40,2.10,1.80,6.00] in=(128,0,255,0) steer=+0.500 gnd=4.0 sp=2867.20 horiz=2866.83 velH=-2.6278 bodyH=-2.6510 slip=+0.0232 d=(-0.11343,-0.06663) av=(0,0.09265,0)
reseed=0 gear=4 gtmr=0 b14=[-4.25216e+06,0,-1.41361e+06] gt=[4.00,3.00,2.40,2.10,1.80,6.00] in=(128,0,255,0) steer=+0.500 gnd=4.0 sp=2904.55 horiz=2904.18 velH=-2.6490 bodyH=-2.6723 slip=+0.0233 d=(-0.11635,-0.06506) av=(0,0.0929058,0)
reseed=0 gear=4 gtmr=0 b14=[-4.29247e+06,0,-1.326e+06] gt=[4.00,3.00,2.40,2.10,1.80,6.00] in=(128,0,255,0) steer=+0.500 gnd=4.0 sp=2941.19 horiz=2940.81 velH=-2.6702 bodyH=-2.6936 slip=+0.0235 d=(-0.11922,-0.06339) av=(0,0.0931575,0)
reseed=0 gear=4 gtmr=0 b14=[-4.33075e+06,0,-1.23725e+06] gt=[4.00,3.00,2.40,2.10,1.80,6.00] in=(128,0,255,0) steer=+0.500 gnd=4.0 sp=2977.10 horiz=2976.72 velH=-2.6914 bodyH=-2.7150 slip=+0.0236 d=(-0.12205,-0.06161) av=(0,0.093405,0)
reseed=0 gear=4 gtmr=0 b14=[-4.36696e+06,0,-1.14741e+06] gt=[4.00,3.00,2.40,2.10,1.80,6.00] in=(128,0,255,0) steer=+0.500 gnd=4.0 sp=3012.30 horiz=3011.90 velH=-2.7126 bodyH=-2.7363 slip=+0.0237 d=(-0.12482,-0.05972) av=(0,0.0936483,0)
reseed=0 gear=4 gtmr=0 b14=[-4.40109e+06,0,-1.05654e+06] gt=[4.00,3.00,2.40,2.10,1.80,6.00] in=(128,0,255,0) steer=+0.500 gnd=4.0 sp=3046.78 horiz=3046.38 velH=-2.7338 bodyH=-2.7576 slip=+0.0238 d=(-0.12754,-0.05773) av=(0,0.0938875,0)
reseed=0 gear=4 gtmr=0 b14=[-4.43311e+06,0,-964679] gt=[4.00,3.00,2.40,2.10,1.80,6.00] in=(128,0,255,0) steer=+0.500 gnd=4.0 sp=3080.55 horiz=3080.14 velH=-2.7550 bodyH=-2.7790 slip=+0.0240 d=(-0.13020,-0.05564) av=(0,0.0941225,0)
reseed=0 gear=4 gtmr=0 b14=[-4.46298e+06,0,-871891] gt=[4.00,3.00,2.40,2.10,1.80,6.00] in=(128,0,255,0) steer=+0.500 gnd=4.0 sp=3113.62 horiz=3113.20 velH=-2.7762 bodyH=-2.8003 slip=+0.0241 d=(-0.13279,-0.05345) av=(0,0.0943533,0)
reseed=0 gear=4 gtmr=0 b14=[-4.49069e+06,0,-778228] gt=[4.00,3.00,2.40,2.10,1.80,6.00] in=(128,0,255,0) steer=+0.500 gnd=4.0 sp=3145.98 horiz=3145.56 velH=-2.7975 bodyH=-2.8216 slip=+0.0242 d=(-0.13532,-0.05116) av=(0,0.09458,0)
reseed=0 gear=4 gtmr=0 b14=[-4.51621e+06,0,-683746] gt=[4.00,3.00,2.40,2.10,1.80,6.00] in=(128,0,255,0) steer=+0.500 gnd=4.0 sp=3177.65 horiz=3177.22 velH=-2.8187 bodyH=-2.8430 slip=+0.0243 d=(-0.13778,-0.04877) av=(0,0.0948026,0)
reseed=0 gear=4 gtmr=0 b14=[-4.53953e+06,0,-588501] gt=[4.00,3.00,2.40,2.10,1.80,6.00] in=(128,0,255,0) steer=+0.500 gnd=4.0 sp=3208.64 horiz=3208.20 velH=-2.8399 bodyH=-2.8643 slip=+0.0244 d=(-0.14017,-0.04629) av=(0,0.095021,0)
reseed=0 gear=4 gtmr=0 b14=[-4.56061e+06,0,-492548] gt=[4.00,3.00,2.40,2.10,1.80,6.00] in=(128,0,255,0) steer=+0.500 gnd=4.0 sp=3238.95 horiz=3238.50 velH=-2.8611 bodyH=-2.8857 slip=+0.0245 d=(-0.14249,-0.04373) av=(0,0.0952353,0)
reseed=0 gear=4 gtmr=0 b14=[-4.57945e+06,0,-395945] gt=[4.00,3.00,2.40,2.10,1.80,6.00] in=(128,0,255,0) steer=+0.500 gnd=4.0 sp=3268.58 horiz=3268.13 velH=-2.8824 bodyH=-2.9070 slip=+0.0246 d=(-0.14473,-0.04107) av=(0,0.0954456,0)
reseed=0 gear=4 gtmr=0 b14=[-4.62157e+06,-0.000302077,-300408] gt=[4.00,3.00,2.40,2.10,1.80,6.00] in=(128,0,255,0) steer=+0.500 gnd=4.0 sp=3321.81 horiz=3321.36 velH=-2.9050 bodyH=-2.9283 slip=+0.0233 d=(-0.14707,-0.03834) av=(0.000171625,0.0103822,7.28238e-05)
reseed=0 gear=4 gtmr=0 b14=[-4.64447e+06,-3884.94,-211107] gt=[4.00,3.00,2.40,2.10,1.80,6.00] in=(128,0,255,0) steer=+0.500 gnd=4.0 sp=3376.19 horiz=3375.74 velH=-2.9263 bodyH=-2.9478 slip=+0.0215 d=(-0.15033,-0.03560) av=(0.000418632,-0.103901,0.0008031)
reseed=0 gear=4 gtmr=0 b14=[-4.66497e+06,-7438.29,-120995] gt=[4.00,3.00,2.40,2.10,1.80,6.00] in=(128,0,255,0) steer=+0.500 gnd=4.0 sp=3429.62 horiz=3429.16 velH=-2.9467 bodyH=-2.9673 slip=+0.0206 d=(-0.15350,-0.03294) av=(0.000679982,-0.166465,0.00205289)
reseed=0 gear=4 gtmr=0 b14=[-4.68323e+06,-10653.6,-30147.9] gt=[4.00,3.00,2.40,2.10,1.80,6.00] in=(128,0,255,0) steer=+0.500 gnd=4.0 sp=3481.95 horiz=3481.49 velH=-2.9665 bodyH=-2.9868 slip=+0.0203 d=(-0.15655,-0.03030) av=(0.000949108,-0.200944,0.00355359)
reseed=0 gear=4 gtmr=0 b14=[-4.72384e+06,-13595.5,61693.2] gt=[4.00,3.00,2.40,2.10,1.80,6.00] in=(128,0,255,0) steer=+0.500 gnd=4.0 sp=3555.46 horiz=3554.83 velH=-2.9864 bodyH=-3.0063 slip=+0.0199 d=(-0.15967,-0.02762) av=(0.000949939,-0.289344,0.0067352)
reseed=0 gear=4 gtmr=0 b14=[-4.74408e+06,-16151.8,154513] gt=[4.00,3.00,2.40,2.10,1.80,6.00] in=(128,0,255,0) steer=+0.500 gnd=4.0 sp=3626.89 horiz=3626.13 velH=-3.0055 bodyH=-3.0258 slip=+0.0203 d=(-0.16352,-0.02499) av=(0.000799204,-0.399783,0.0111293)
reseed=0 gear=4 gtmr=0 b14=[-4.71708e+06,-18183.4,245789] gt=[4.00,3.00,2.40,2.10,1.80,6.00] in=(128,0,255,0) steer=+0.500 gnd=4.0 sp=3666.02 horiz=3665.46 velH=-3.0237 bodyH=-3.0453 slip=+0.0216 d=(-0.16722,-0.02230) av=(0.000862969,-0.467711,0.0147305)
reseed=0 gear=4 gtmr=0 b14=[-4.719e+06,-19955.5,338278] gt=[4.00,3.00,2.40,2.10,1.80,6.00] in=(128,0,255,0) steer=+0.500 gnd=4.0 sp=3689.16 horiz=3688.70 velH=-3.0421 bodyH=-3.0648 slip=+0.0227 d=(-0.16904,-0.01945) av=(0.000932689,-0.510136,0.0174783)
reseed=0 gear=4 gtmr=0 b14=[-4.71817e+06,-21356.8,430856] gt=[4.00,3.00,2.40,2.10,1.80,6.00] in=(128,0,255,0) steer=+0.500 gnd=4.0 sp=3710.07 horiz=3709.62 velH=-3.0612 bodyH=-3.0843 slip=+0.0231 d=(-0.17044,-0.01642) av=(0.000733612,-0.370726,0.0145899)
reseed=0 gear=4 gtmr=0 b14=[-4.71332e+06,-21378.9,532032] gt=[4.00,3.00,2.40,2.10,1.80,6.00] in=(128,0,255,0) steer=+0.500 gnd=4.0 sp=3728.66 horiz=3728.15 velH=-3.0812 bodyH=-3.1056 slip=+0.0244 d=(-0.17164,-0.01321) av=(0.000500244,-0.160043,0.00813726)
reseed=0 gear=4 gtmr=0 b14=[-4.70625e+06,-21400.9,633192] gt=[4.00,3.00,2.40,2.10,1.80,6.00] in=(128,0,255,0) steer=+0.500 gnd=4.0 sp=3746.62 horiz=3746.07 velH=-3.1018 bodyH=-3.1270 slip=+0.0252 d=(-0.17273,-0.00979) av=(0.000357211,-0.0442816,0.00438593)
reseed=0 gear=4 gtmr=0 b14=[-4.69694e+06,-21422.5,734280] gt=[4.00,3.00,2.40,2.10,1.80,6.00] in=(128,0,255,0) steer=+0.500 gnd=4.0 sp=3764.01 horiz=3763.43 velH=-3.1226 bodyH=3.1349 slip=+0.0257 d=(-0.17371,-0.00626) av=(0.000237198,0.0196499,0.00225905)
reseed=0 gear=4 gtmr=0 b14=[-4.68536e+06,-21443.6,835242] gt=[4.00,3.00,2.40,2.10,1.80,6.00] in=(128,0,255,0) steer=+0.500 gnd=4.0 sp=3780.87 horiz=3780.28 velH=3.1395 bodyH=3.1135 slip=+0.0260 d=(-0.17461,-0.00264) av=(5.51234e-05,0.055081,0.00109869)
reseed=0 gear=4 gtmr=0 b14=[-4.6715e+06,-21464.3,936022] gt=[4.00,3.00,2.40,2.10,1.80,6.00] in=(128,0,255,0) steer=+0.500 gnd=4.0 sp=3797.26 horiz=3796.65 velH=3.1184 bodyH=3.0922 slip=+0.0262 d=(-0.17540,0.00104) av=(-6.37083e-05,0.0747788,0.000440529)
reseed=0 gear=4 gtmr=0 b14=[-4.65535e+06,-21484.4,1.03656e+06] gt=[4.00,3.00,2.40,2.10,1.80,6.00] in=(128,0,255,0) steer=+0.500 gnd=4.0 sp=3813.18 horiz=3812.56 velH=3.0972 bodyH=3.0709 slip=+0.0263 d=(-0.17609,0.00477) av=(-0.000141589,0.0857693,6.77397e-05)
reseed=0 gear=4 gtmr=0 b14=[-4.63692e+06,-21503.9,1.13681e+06] gt=[4.00,3.00,2.40,2.10,1.80,6.00] in=(128,0,255,0) steer=+0.500 gnd=4.0 sp=3828.66 horiz=3828.03 velH=3.0759 bodyH=3.0495 slip=+0.0264 d=(-0.17668,0.00854) av=(-0.000193341,0.091931,-0.000142627)
reseed=0 gear=4 gtmr=0 b14=[-4.61621e+06,-21522.9,1.23672e+06] gt=[4.00,3.00,2.40,2.10,1.80,6.00] in=(128,0,255,0) steer=+0.500 gnd=4.0 sp=3843.71 horiz=3843.08 velH=3.0547 bodyH=3.0282 slip=+0.0265 d=(-0.17717,0.01234) av=(-0.000228562,0.09541,-0.000260476)
reseed=0 gear=4 gtmr=0 b14=[-4.59322e+06,-21541.3,1.33621e+06] gt=[4.00,3.00,2.40,2.10,1.80,6.00] in=(128,0,255,0) steer=+0.500 gnd=4.0 sp=3858.35 horiz=3857.72 velH=3.0334 bodyH=3.0068 slip=+0.0266 d=(-0.17756,0.01616) av=(-0.000253404,0.0973963,-0.000325582)
reseed=0 gear=4 gtmr=0 b14=[-4.56796e+06,-21559.2,1.43526e+06] gt=[4.00,3.00,2.40,2.10,1.80,6.00] in=(128,0,255,0) steer=+0.500 gnd=4.0 sp=3872.59 horiz=3871.95 velH=3.0121 bodyH=2.9855 slip=+0.0266 d=(-0.17784,0.02001) av=(-0.000271768,0.0985506,-0.000360584)
reseed=0 gear=4 gtmr=0 b14=[-4.54045e+06,-21576.4,1.53379e+06] gt=[4.00,3.00,2.40,2.10,1.80,6.00] in=(128,0,255,0) steer=+0.500 gnd=4.0 sp=3886.43 horiz=3885.79 velH=2.9909 bodyH=2.9642 slip=+0.0267 d=(-0.17803,0.02388) av=(-0.000286105,0.0992403,-0.000378369)
reseed=0 gear=4 gtmr=0 b14=[-4.5107e+06,-21593.2,1.63177e+06] gt=[4.00,3.00,2.40,2.10,1.80,6.00] in=(128,0,255,0) steer=+0.500 gnd=4.0 sp=3899.89 horiz=3899.24 velH=2.9696 bodyH=2.9428 slip=+0.0267 d=(-0.17811,0.02776) av=(-0.000297943,0.0996696,-0.00038627)
reseed=0 gear=4 gtmr=0 b14=[-4.47874e+06,-21609.4,1.72913e+06] gt=[4.00,3.00,2.40,2.10,1.80,6.00] in=(128,0,255,0) steer=+0.500 gnd=4.0 sp=3912.98 horiz=3912.33 velH=2.9483 bodyH=2.9215 slip=+0.0268 d=(-0.17809,0.03165) av=(-0.000308226,0.0999525,-0.000388464)
reseed=0 gear=4 gtmr=0 b14=[-4.44455e+06,-21625.1,1.82582e+06] gt=[4.00,3.00,2.40,2.10,1.80,6.00] in=(128,0,255,0) steer=+0.500 gnd=4.0 sp=3925.70 horiz=3925.05 velH=2.9270 bodyH=2.9002 slip=+0.0268 d=(-0.17796,0.03555) av=(-0.000317531,0.100152,-0.000387326)
reseed=0 gear=4 gtmr=0 b14=[-4.40818e+06,-21640.2,1.92179e+06] gt=[4.00,3.00,2.40,2.10,1.80,6.00] in=(128,0,255,0) steer=+0.500 gnd=4.0 sp=3938.07 horiz=3937.41 velH=2.9057 bodyH=2.8788 slip=+0.0269 d=(-0.17774,0.03946) av=(-0.000326212,0.100305,-0.000384212)
reseed=0 gear=4 gtmr=0 b14=[-4.36963e+06,-21654.9,2.017e+06] gt=[4.00,3.00,2.40,2.10,1.80,6.00] in=(128,0,255,0) steer=+0.500 gnd=4.0 sp=3950.09 horiz=3949.43 velH=2.8844 bodyH=2.8575 slip=+0.0269 d=(-0.17741,0.04337) av=(-0.000334481,0.10043,-0.000379891)
reseed=0 gear=4 gtmr=0 b14=[-4.32893e+06,-21669.1,2.11139e+06] gt=[4.00,3.00,2.40,2.10,1.80,6.00] in=(128,0,255,0) steer=+0.500 gnd=4.0 sp=3961.77 horiz=3961.11 velH=2.8631 bodyH=2.8362 slip=+0.0269 d=(-0.17698,0.04728) av=(-0.000342464,0.100538,-0.000374802)
reseed=0 gear=4 gtmr=0 b14=[-4.2861e+06,-21682.8,2.20492e+06] gt=[4.00,3.00,2.40,2.10,1.80,6.00] in=(128,0,255,0) steer=+0.500 gnd=4.0 sp=3973.12 horiz=3972.45 velH=2.8418 bodyH=2.8148 slip=+0.0270 d=(-0.17645,0.05119) av=(-0.000350235,0.100637,-0.000369198)
reseed=0 gear=4 gtmr=0 b14=[-4.24115e+06,-21696.1,2.29752e+06] gt=[4.00,3.00,2.40,2.10,1.80,6.00] in=(128,0,255,0) steer=+0.500 gnd=4.0 sp=3984.16 horiz=3983.48 velH=2.8205 bodyH=2.7935 slip=+0.0270 d=(-0.17582,0.05509) av=(-0.000357838,0.100728,-0.000363221)
reseed=0 gear=4 gtmr=0 b14=[-4.19412e+06,-21708.9,2.38917e+06] gt=[4.00,3.00,2.40,2.10,1.80,6.00] in=(128,0,255,0) steer=+0.500 gnd=4.0 sp=3994.87 horiz=3994.20 velH=2.7992 bodyH=2.7721 slip=+0.0271 d=(-0.17508,0.05899) av=(-0.000365296,0.100815,-0.000356954)
reseed=0 gear=4 gtmr=0 b14=[-4.14502e+06,-21721.2,2.4798e+06] gt=[4.00,3.00,2.40,2.10,1.80,6.00] in=(128,0,255,0) steer=+0.500 gnd=4.0 sp=4005.29 horiz=4004.61 velH=2.7779 bodyH=2.7508 slip=+0.0271 d=(-0.17425,0.06287) av=(-0.000372622,0.100898,-0.000350445)
reseed=0 gear=4 gtmr=0 b14=[-4.09388e+06,-21733.2,2.56937e+06] gt=[4.00,3.00,2.40,2.10,1.80,6.00] in=(128,0,255,0) steer=+0.500 gnd=4.0 sp=4015.40 horiz=4014.72 velH=2.7566 bodyH=2.7295 slip=+0.0271 d=(-0.17332,0.06674) av=(-0.00037982,0.100978,-0.000343722)
reseed=0 gear=4 gtmr=0 b14=[-4.04073e+06,-21744.7,2.65784e+06] gt=[4.00,3.00,2.40,2.10,1.80,6.00] in=(128,0,255,0) steer=+0.500 gnd=4.0 sp=4025.22 horiz=4024.54 velH=2.7353 bodyH=2.7081 slip=+0.0272 d=(-0.17229,0.07059) av=(-0.000386893,0.101055,-0.000336802)
reseed=0 gear=4 gtmr=0 b14=[-3.9856e+06,-21755.8,2.74516e+06] gt=[4.00,3.00,2.40,2.10,1.80,6.00] in=(128,0,255,0) steer=+0.500 gnd=4.0 sp=4034.77 horiz=4034.08 velH=2.7140 bodyH=2.6868 slip=+0.0272 d=(-0.17116,0.07443) av=(-0.000393838,0.10113,-0.000329694)
reseed=0 gear=4 gtmr=0 b14=[-3.92851e+06,-21766.5,2.83129e+06] gt=[4.00,3.00,2.40,2.10,1.80,6.00] in=(128,0,255,0) steer=+0.500 gnd=4.0 sp=4044.03 horiz=4043.34 velH=2.6927 bodyH=2.6655 slip=+0.0272 d=(-0.16994,0.07824) av=(-0.000400654,0.101203,-0.000322407)
reseed=0 gear=4 gtmr=0 b14=[-3.86948e+06,-21776.9,2.91617e+06] gt=[4.00,3.00,2.40,2.10,1.80,6.00] in=(128,0,255,0) steer=+0.500 gnd=4.0 sp=4053.03 horiz=4052.34 velH=2.6714 bodyH=2.6441 slip=+0.0273 d=(-0.16861,0.08203) av=(-0.000407335,0.101274,-0.000314948)
reseed=0 gear=4 gtmr=0 b14=[-3.80856e+06,-21786.8,2.99978e+06] gt=[4.00,3.00,2.40,2.10,1.80,6.00] in=(128,0,255,0) steer=+0.500 gnd=4.0 sp=4061.77 horiz=4061.08 velH=2.6501 bodyH=2.6228 slip=+0.0273 d=(-0.16720,0.08579) av=(-0.00041388,0.101343,-0.000307319)
reseed=0 gear=4 gtmr=0 b14=[-3.74577e+06,-21796.4,3.08206e+06] gt=[4.00,3.00,2.40,2.10,1.80,6.00] in=(128,0,255,0) steer=+0.500 gnd=4.0 sp=4070.25 horiz=4069.56 velH=2.6288 bodyH=2.6014 slip=+0.0273 d=(-0.16568,0.08953) av=(-0.000420283,0.10141,-0.000299523)
reseed=0 gear=4 gtmr=0 b14=[-3.68114e+06,-21805.7,3.16297e+06] gt=[4.00,3.00,2.40,2.10,1.80,6.00] in=(128,0,255,0) steer=+0.500 gnd=4.0 sp=4078.49 horiz=4077.79 velH=2.6075 bodyH=2.5801 slip=+0.0273 d=(-0.16408,0.09323) av=(-0.00042654,0.101475,-0.000291566)
reseed=0 gear=4 gtmr=0 b14=[-3.6147e+06,-21814.6,3.24248e+06] gt=[4.00,3.00,2.40,2.10,1.80,6.00] in=(128,0,255,0) steer=+0.500 gnd=4.0 sp=4086.49 horiz=4085.79 velH=2.5861 bodyH=2.5588 slip=+0.0274 d=(-0.16238,0.09690) av=(-0.000432647,0.101538,-0.000283451)
reseed=0 gear=4 gtmr=0 b14=[-3.54649e+06,-21823.1,3.32055e+06] gt=[4.00,3.00,2.40,2.10,1.80,6.00] in=(128,0,255,0) steer=+0.500 gnd=4.0 sp=4094.25 horiz=4093.55 velH=2.5648 bodyH=2.5374 slip=+0.0274 d=(-0.16059,0.10053) av=(-0.000438599,0.101599,-0.00027518)
reseed=0 gear=4 gtmr=0 b14=[-3.47655e+06,-21831.4,3.39712e+06] gt=[4.00,3.00,2.40,2.10,1.80,6.00] in=(128,0,255,0) steer=+0.500 gnd=4.0 sp=4101.79 horiz=4101.08 velH=2.5435 bodyH=2.5161 slip=+0.0274 d=(-0.15871,0.10412) av=(-0.000444392,0.101659,-0.000266758)
reseed=0 gear=4 gtmr=0 b14=[-3.4049e+06,-21839.3,3.47218e+06] gt=[4.00,3.00,2.40,2.10,1.80,6.00] in=(128,0,255,0) steer=+0.500 gnd=4.0 sp=4109.10 horiz=4108.39 velH=2.5222 bodyH=2.4948 slip=+0.0274 d=(-0.15674,0.10768) av=(-0.000450023,0.101717,-0.000258187)
reseed=0 gear=4 gtmr=0 b14=[-3.33159e+06,-21846.9,3.54567e+06] gt=[4.00,3.00,2.40,2.10,1.80,6.00] in=(128,0,255,0) steer=+0.500 gnd=4.0 sp=4116.20 horiz=4115.49 velH=2.5009 bodyH=2.4734 slip=+0.0275 d=(-0.15468,0.11119) av=(-0.000455486,0.101773,-0.000249472)
reseed=0 gear=4 gtmr=0 b14=[-3.25664e+06,-21854.2,3.61756e+06] gt=[4.00,3.00,2.40,2.10,1.80,6.00] in=(128,0,255,0) steer=+0.500 gnd=4.0 sp=4123.09 horiz=4122.38 velH=2.4796 bodyH=2.4521 slip=+0.0275 d=(-0.15254,0.11466) av=(-0.000460778,0.101828,-0.000240617)
reseed=0 gear=4 gtmr=0 b14=[-3.1801e+06,-21861.2,3.68782e+06] gt=[4.00,3.00,2.40,2.10,1.80,6.00] in=(128,0,255,0) steer=+0.500 gnd=4.0 sp=4129.77 horiz=4129.06 velH=2.4583 bodyH=2.4308 slip=+0.0275 d=(-0.15031,0.11808) av=(-0.000465895,0.101881,-0.000231624)
reseed=0 gear=4 gtmr=0 b14=[-3.102e+06,-21868,3.75642e+06] gt=[4.00,3.00,2.40,2.10,1.80,6.00] in=(128,0,255,0) steer=+0.500 gnd=4.0 sp=4136.26 horiz=4135.54 velH=2.4370 bodyH=2.4094 slip=+0.0275 d=(-0.14800,0.12145) av=(-0.000470833,0.101933,-0.000222498)
reseed=0 gear=4 gtmr=0 b14=[-3.02239e+06,-21874.4,3.82331e+06] gt=[4.00,3.00,2.40,2.10,1.80,6.00] in=(128,0,255,0) steer=+0.500 gnd=4.0 sp=4142.55 horiz=4141.83 velH=2.4156 bodyH=2.3881 slip=+0.0276 d=(-0.14560,0.12477) av=(-0.000475589,0.101983,-0.000213243)
reseed=0 gear=4 gtmr=0 b14=[-2.9413e+06,-21880.6,3.88846e+06] gt=[4.00,3.00,2.40,2.10,1.80,6.00] in=(128,0,255,0) steer=+0.500 gnd=4.0 sp=4148.66 horiz=4147.94 velH=2.3943 bodyH=2.3667 slip=+0.0276 d=(-0.14313,0.12804) av=(-0.000480159,0.102032,-0.000203864)
reseed=0 gear=4 gtmr=0 b14=[-2.85877e+06,-21886.6,3.95185e+06] gt=[4.00,3.00,2.40,2.10,1.80,6.00] in=(128,0,255,0) steer=+0.500 gnd=4.0 sp=4154.58 horiz=4153.86 velH=2.3730 bodyH=2.3454 slip=+0.0276 d=(-0.14057,0.13125) av=(-0.00048454,0.102079,-0.000194365)
reseed=0 gear=4 gtmr=0 b14=[-2.77484e+06,-21892.2,4.01344e+06] gt=[4.00,3.00,2.40,2.10,1.80,6.00] in=(128,0,255,0) steer=+0.500 gnd=4.0 sp=4160.33 horiz=4159.61 velH=2.3517 bodyH=2.3241 slip=+0.0276 d=(-0.13793,0.13441) av=(-0.000488727,0.102125,-0.000184751)
reseed=0 gear=4 gtmr=0 b14=[-2.68955e+06,-21897.7,4.0732e+06] gt=[4.00,3.00,2.40,2.10,1.80,6.00] in=(128,0,255,0) steer=+0.500 gnd=4.0 sp=4165.91 horiz=4165.19 velH=2.3304 bodyH=2.3027 slip=+0.0276 d=(-0.13522,0.13751) av=(-0.000492718,0.10217,-0.000175026)
reseed=0 gear=4 gtmr=0 b14=[-2.60295e+06,-21902.8,4.13111e+06] gt=[4.00,3.00,2.40,2.10,1.80,6.00] in=(128,0,255,0) steer=+0.500 gnd=4.0 sp=4171.32 horiz=4170.59 velH=2.3091 bodyH=2.2814 slip=+0.0277 d=(-0.13244,0.14055) av=(-0.000496511,0.102213,-0.000165193)
reseed=0 gear=4 gtmr=0 b14=[-2.51508e+06,-21907.8,4.18713e+06] gt=[4.00,3.00,2.40,2.10,1.80,6.00] in=(128,0,255,0) steer=+0.500 gnd=4.0 sp=4176.57 horiz=4175.84 velH=2.2877 bodyH=2.2601 slip=+0.0277 d=(-0.12958,0.14352) av=(-0.0005001,0.102255,-0.000155258)
reseed=0 gear=4 gtmr=0 b14=[-2.42597e+06,-21912.5,4.24123e+06] gt=[4.00,3.00,2.40,2.10,1.80,6.00] in=(128,0,255,0) steer=+0.500 gnd=4.0 sp=4181.66 horiz=4180.93 velH=2.2664 bodyH=2.2387 slip=+0.0277 d=(-0.12665,0.14643) av=(-0.000503485,0.102296,-0.000145226)
reseed=0 gear=4 gtmr=0 b14=[-2.33568e+06,-21917.1,4.2934e+06] gt=[4.00,3.00,2.40,2.10,1.80,6.00] in=(128,0,255,0) steer=+0.500 gnd=4.0 sp=4186.59 horiz=4185.87 velH=2.2451 bodyH=2.2174 slip=+0.0277 d=(-0.12365,0.14928) av=(-0.000506662,0.102336,-0.000135102)
reseed=0 gear=4 gtmr=0 b14=[-2.24424e+06,-21921.3,4.3436e+06] gt=[4.00,3.00,2.40,2.10,1.80,6.00] in=(128,0,255,0) steer=+0.500 gnd=4.0 sp=4191.38 horiz=4190.65 velH=2.2238 bodyH=2.1961 slip=+0.0277 d=(-0.12058,0.15206) av=(-0.000509628,0.102374,-0.00012489)
reseed=0 gear=4 gtmr=0 b14=[-2.15171e+06,-21925.4,4.39181e+06] gt=[4.00,3.00,2.40,2.10,1.80,6.00] in=(128,0,255,0) steer=+0.500 gnd=4.0 sp=4196.03 horiz=4195.30 velH=2.2025 bodyH=2.1747 slip=+0.0277 d=(-0.11744,0.15477) av=(-0.000512381,0.102411,-0.000114596)
reseed=0 gear=4 gtmr=0 b14=[-2.05812e+06,-21929.3,4.43801e+06] gt=[4.00,3.00,2.40,2.10,1.80,6.00] in=(128,0,255,0) steer=+0.500 gnd=4.0 sp=4200.53 horiz=4199.80 velH=2.1811 bodyH=2.1534 slip=+0.0278 d=(-0.11424,0.15741) av=(-0.000514919,0.102448,-0.000104223)
reseed=0 gear=4 gtmr=0 b14=[-1.96352e+06,-21933.1,4.48218e+06] gt=[4.00,3.00,2.40,2.10,1.80,6.00] in=(128,0,255,0) steer=+0.500 gnd=4.0 sp=4204.90 horiz=4204.17 velH=2.1598 bodyH=2.1320 slip=+0.0278 d=(-0.11098,0.15998) av=(-0.00051724,0.102483,-9.37777e-05)
reseed=0 gear=4 gtmr=0 b14=[-1.86796e+06,-21936.6,4.52429e+06] gt=[4.00,3.00,2.40,2.10,1.80,6.00] in=(128,0,255,0) steer=+0.500 gnd=4.0 sp=4209.14 horiz=4208.40 velH=2.1385 bodyH=2.1107 slip=+0.0278 d=(-0.10765,0.16248) av=(-0.000519341,0.102517,-8.32652e-05)
reseed=0 gear=4 gtmr=0 b14=[-1.77147e+06,-21939.9,4.56433e+06] gt=[4.00,3.00,2.40,2.10,1.80,6.00] in=(128,0,255,0) steer=+0.500 gnd=4.0 sp=4213.24 horiz=4212.51 velH=2.1172 bodyH=2.0894 slip=+0.0278 d=(-0.10427,0.16490) av=(-0.00052122,0.10255,-7.26909e-05)
reseed=0 gear=4 gtmr=0 b14=[-1.67412e+06,-21943.1,4.60227e+06] gt=[4.00,3.00,2.40,2.10,1.80,6.00] in=(128,0,255,0) steer=+0.500 gnd=4.0 sp=4217.23 horiz=4216.49 velH=2.0958 bodyH=2.0680 slip=+0.0278 d=(-0.10082,0.16725) av=(-0.000522877,0.102582,-6.20597e-05)
reseed=0 gear=4 gtmr=0 b14=[-1.57594e+06,-21946.1,4.6381e+06] gt=[4.00,3.00,2.40,2.10,1.80,6.00] in=(128,0,255,0) steer=+0.500 gnd=4.0 sp=4221.09 horiz=4220.35 velH=2.0745 bodyH=2.0467 slip=+0.0278 d=(-0.09733,0.16952) av=(-0.000524308,0.102613,-5.13764e-05)
reseed=0 gear=4 gtmr=0 b14=[-1.47699e+06,-21948.9,4.6718e+06] gt=[4.00,3.00,2.40,2.10,1.80,6.00] in=(128,0,255,0) steer=+0.500 gnd=4.0 sp=4224.83 horiz=4224.09 velH=2.0532 bodyH=2.0254 slip=+0.0278 d=(-0.09378,0.17171) av=(-0.000525513,0.102644,-4.06459e-05)
reseed=0 gear=4 gtmr=0 b14=[-1.3773e+06,-21951.5,4.70335e+06] gt=[4.00,3.00,2.40,2.10,1.80,6.00] in=(128,0,255,0) steer=+0.500 gnd=4.0 sp=4228.46 horiz=4227.72 velH=2.0319 bodyH=2.0040 slip=+0.0279 d=(-0.09017,0.17383) av=(-0.00052649,0.102673,-2.98743e-05)
reseed=0 gear=4 gtmr=0 b14=[-1.27693e+06,-21954,4.73274e+06] gt=[4.00,3.00,2.40,2.10,1.80,6.00] in=(128,0,255,0) steer=+0.500 gnd=4.0 sp=4231.98 horiz=4231.24 velH=2.0105 bodyH=1.9827 slip=+0.0279 d=(-0.08652,0.17586) av=(-0.000527239,0.102702,-1.90669e-05)
reseed=0 gear=4 gtmr=0 b14=[-1.17593e+06,-21956.4,4.75995e+06] gt=[4.00,3.00,2.40,2.10,1.80,6.00] in=(128,0,255,0) steer=+0.500 gnd=4.0 sp=4235.40 horiz=4234.65 velH=1.9892 bodyH=1.9613 slip=+0.0279 d=(-0.08282,0.17781) av=(-0.000527756,0.102729,-8.22898e-06)
reseed=0 gear=4 gtmr=0 b14=[-2.61048e+06,-21996.5,4.16158e+06] gt=[4.00,3.00,2.40,2.10,1.80,6.00] in=(0,128,255,0) steer=-0.500 gnd=4.0 sp=4241.08 horiz=4241.02 velH=1.9868 bodyH=1.9827 slip=+0.0041 d=(-0.07960,0.17947) av=(-0.000369551,0.0258681,-0.000174268)
reseed=0 gear=4 gtmr=0 b14=[-2.69936e+06,-21999.5,4.10597e+06] gt=[4.00,3.00,2.40,2.10,1.80,6.00] in=(0,128,255,0) steer=-0.500 gnd=4.0 sp=4247.13 horiz=4247.01 velH=1.9949 bodyH=2.0040 slip=-0.0091 d=(-0.07968,0.17976) av=(-0.000271832,-0.0180109,-0.000262941)
reseed=0 gear=4 gtmr=0 b14=[-2.78612e+06,-21995.2,4.04712e+06] gt=[4.00,3.00,2.40,2.10,1.80,6.00] in=(0,128,255,0) steer=-0.500 gnd=4.0 sp=4252.28 horiz=4251.98 velH=2.0086 bodyH=2.0254 slip=-0.0167 d=(-0.08144,0.17926) av=(-0.000213499,-0.0431524,-0.000280808)
reseed=0 gear=4 gtmr=0 b14=[-2.87162e+06,-21991.1,3.98646e+06] gt=[4.00,3.00,2.40,2.10,1.80,6.00] in=(0,128,255,0) steer=-0.500 gnd=4.0 sp=4256.54 horiz=4256.08 velH=2.0255 bodyH=2.0467 slip=-0.0212 d=(-0.08410,0.17828) av=(-0.000172501,-0.05806,-0.000274873)
reseed=0 gear=4 gtmr=0 b14=[-2.95598e+06,-21988.3,3.92423e+06] gt=[4.00,3.00,2.40,2.10,1.80,6.00] in=(0,128,255,0) steer=-0.500 gnd=4.0 sp=4260.13 horiz=4259.57 velH=2.0441 bodyH=2.0680 slip=-0.0239 d=(-0.08724,0.17697) av=(-0.000140782,-0.0670244,-0.000262916)
reseed=0 gear=4 gtmr=0 b14=[-3.03916e+06,-21986.7,3.86044e+06] gt=[4.00,3.00,2.40,2.10,1.80,6.00] in=(0,128,255,0) steer=-0.500 gnd=4.0 sp=4263.26 horiz=4262.62 velH=2.0639 bodyH=2.0894 slip=-0.0255 d=(-0.09064,0.17543) av=(-0.000114974,-0.0724622,-0.00025148)
reseed=0 gear=4 gtmr=0 b14=[-3.12108e+06,-21986,3.79502e+06] gt=[4.00,3.00,2.40,2.10,1.80,6.00] in=(0,128,255,0) steer=-0.500 gnd=4.0 sp=4266.06 horiz=4265.38 velH=2.0842 bodyH=2.1107 slip=-0.0265 d=(-0.09417,0.17372) av=(-9.37453e-05,-0.0757791,-0.000242484)
reseed=0 gear=4 gtmr=0 b14=[-3.20167e+06,-21985.7,3.72795e+06] gt=[4.00,3.00,2.40,2.10,1.80,6.00] in=(0,128,255,0) steer=-0.500 gnd=4.0 sp=4268.64 horiz=4267.93 velH=2.1050 bodyH=2.1320 slip=-0.0271 d=(-0.09776,0.17186) av=(-7.6391e-05,-0.0778099,-0.00023606)
reseed=0 gear=4 gtmr=0 b14=[-3.28086e+06,-21985.8,3.65922e+06] gt=[4.00,3.00,2.40,2.10,1.80,6.00] in=(0,128,255,0) steer=-0.500 gnd=4.0 sp=4271.05 horiz=4270.32 velH=2.1260 bodyH=2.1534 slip=-0.0274 d=(-0.10137,0.16989) av=(-6.22858e-05,-0.079057,-0.000231756)
reseed=0 gear=4 gtmr=0 b14=[-3.35859e+06,-21986,3.58883e+06] gt=[4.00,3.00,2.40,2.10,1.80,6.00] in=(0,128,255,0) steer=-0.500 gnd=4.0 sp=4273.33 horiz=4272.60 velH=2.1471 bodyH=2.1747 slip=-0.0276 d=(-0.10498,0.16782) av=(-5.07877e-05,-0.0798251,-0.000229018)
reseed=0 gear=4 gtmr=0 b14=[-3.43483e+06,-21986.3,3.5168e+06] gt=[4.00,3.00,2.40,2.10,1.80,6.00] in=(0,128,255,0) steer=-0.500 gnd=4.0 sp=4275.51 horiz=4274.77 velH=2.1683 bodyH=2.1961 slip=-0.0278 d=(-0.10856,0.16565) av=(-4.12836e-05,-0.0803001,-0.000227364)
reseed=0 gear=4 gtmr=0 b14=[-3.50952e+06,-21986.6,3.44315e+06] gt=[4.00,3.00,2.40,2.10,1.80,6.00] in=(0,128,255,0) steer=-0.500 gnd=4.0 sp=4277.61 horiz=4276.86 velH=2.1895 bodyH=2.2174 slip=-0.0279 d=(-0.11210,0.16339) av=(-3.32406e-05,-0.0805954,-0.000226422)
reseed=0 gear=4 gtmr=0 b14=[-3.58263e+06,-21986.8,3.36791e+06] gt=[4.00,3.00,2.40,2.10,1.80,6.00] in=(0,128,255,0) steer=-0.500 gnd=4.0 sp=4279.62 horiz=4278.87 velH=2.2108 bodyH=2.2387 slip=-0.0279 d=(-0.11561,0.16105) av=(-2.62355e-05,-0.0807806,-0.000225923)
reseed=0 gear=4 gtmr=0 b14=[-3.65411e+06,-21987,3.29111e+06] gt=[4.00,3.00,2.40,2.10,1.80,6.00] in=(0,128,255,0) steer=-0.500 gnd=4.0 sp=4281.57 horiz=4280.82 velH=2.2321 bodyH=2.2601 slip=-0.0280 d=(-0.11906,0.15863) av=(-1.99476e-05,-0.0808982,-0.000225679)
reseed=0 gear=4 gtmr=0 b14=[-3.72394e+06,-21987.1,3.21278e+06] gt=[4.00,3.00,2.40,2.10,1.80,6.00] in=(0,128,255,0) steer=-0.500 gnd=4.0 sp=4283.45 horiz=4282.70 velH=2.2534 bodyH=2.2814 slip=-0.0280 d=(-0.12247,0.15613) av=(-1.41446e-05,-0.0809742,-0.000225564)
reseed=0 gear=4 gtmr=0 b14=[-3.79208e+06,-21987.1,3.13296e+06] gt=[4.00,3.00,2.40,2.10,1.80,6.00] in=(0,128,255,0) steer=-0.500 gnd=4.0 sp=4285.27 horiz=4284.52 velH=2.2747 bodyH=2.3027 slip=-0.0280 d=(-0.12583,0.15355) av=(-8.66402e-06,-0.0810248,-0.000225494)
reseed=0 gear=4 gtmr=0 b14=[-3.85849e+06,-21987.1,3.05169e+06] gt=[4.00,3.00,2.40,2.10,1.80,6.00] in=(0,128,255,0) steer=-0.500 gnd=4.0 sp=4287.04 horiz=4286.28 velH=2.2961 bodyH=2.3241 slip=-0.0280 d=(-0.12912,0.15090) av=(-3.39843e-06,-0.0810596,-0.000225415)
reseed=0 gear=4 gtmr=0 b14=[-3.92315e+06,-21987,2.969e+06] gt=[4.00,3.00,2.40,2.10,1.80,6.00] in=(0,128,255,0) steer=-0.500 gnd=4.0 sp=4288.75 horiz=4287.99 velH=2.3174 bodyH=2.3454 slip=-0.0280 d=(-0.13237,0.14817) av=(1.72638e-06,-0.0810847,-0.000225291)
reseed=0 gear=4 gtmr=0 b14=[-3.98603e+06,-21986.8,2.88493e+06] gt=[4.00,3.00,2.40,2.10,1.80,6.00] in=(0,128,255,0) steer=-0.500 gnd=4.0 sp=4290.40 horiz=4289.64 velH=2.3387 bodyH=2.3667 slip=-0.0280 d=(-0.13555,0.14537) av=(6.7577e-06,-0.0811038,-0.000225099)
reseed=0 gear=4 gtmr=0 b14=[-4.04709e+06,-21986.6,2.79952e+06] gt=[4.00,3.00,2.40,2.10,1.80,6.00] in=(0,128,255,0) steer=-0.500 gnd=4.0 sp=4292.00 horiz=4291.24 velH=2.3600 bodyH=2.3881 slip=-0.0280 d=(-0.13867,0.14250) av=(1.17252e-05,-0.0811189,-0.000224827)
reseed=0 gear=4 gtmr=0 b14=[-4.1063e+06,-21986.3,2.71281e+06] gt=[4.00,3.00,2.40,2.10,1.80,6.00] in=(0,128,255,0) steer=-0.500 gnd=4.0 sp=4293.56 horiz=4292.80 velH=2.3814 bodyH=2.4094 slip=-0.0280 d=(-0.14173,0.13956) av=(1.66472e-05,-0.0811317,-0.000224465)
reseed=0 gear=4 gtmr=0 b14=[-4.16365e+06,-21985.9,2.62483e+06] gt=[4.00,3.00,2.40,2.10,1.80,6.00] in=(0,128,255,0) steer=-0.500 gnd=4.0 sp=4295.06 horiz=4294.30 velH=2.4027 bodyH=2.4308 slip=-0.0280 d=(-0.14473,0.13656) av=(2.15354e-05,-0.0811428,-0.000224008)
reseed=0 gear=4 gtmr=0 b14=[-4.2191e+06,-21985.5,2.53564e+06] gt=[4.00,3.00,2.40,2.10,1.80,6.00] in=(0,128,255,0) steer=-0.500 gnd=4.0 sp=4296.52 horiz=4295.76 velH=2.4240 bodyH=2.4521 slip=-0.0280 d=(-0.14766,0.13348) av=(2.63958e-05,-0.0811529,-0.000223452)
reseed=0 gear=4 gtmr=0 b14=[-4.27263e+06,-21985,2.44527e+06] gt=[4.00,3.00,2.40,2.10,1.80,6.00] in=(0,128,255,0) steer=-0.500 gnd=4.0 sp=4297.93 horiz=4297.17 velH=2.4454 bodyH=2.4734 slip=-0.0281 d=(-0.15052,0.13035) av=(3.12316e-05,-0.0811621,-0.000222795)
reseed=0 gear=4 gtmr=0 b14=[-4.3242e+06,-21984.4,2.35376e+06] gt=[4.00,3.00,2.40,2.10,1.80,6.00] in=(0,128,255,0) steer=-0.500 gnd=4.0 sp=4299.30 horiz=4298.54 velH=2.4667 bodyH=2.4948 slip=-0.0281 d=(-0.15332,0.12715) av=(3.60444e-05,-0.0811708,-0.000222037)
reseed=0 gear=4 gtmr=0 b14=[-4.37381e+06,-21983.8,2.26116e+06] gt=[4.00,3.00,2.40,2.10,1.80,6.00] in=(0,128,255,0) steer=-0.500 gnd=4.0 sp=4300.63 horiz=4299.87 velH=2.4880 bodyH=2.5161 slip=-0.0281 d=(-0.15605,0.12389) av=(4.08346e-05,-0.0811792,-0.000221178)
reseed=0 gear=4 gtmr=0 b14=[-4.42142e+06,-21983.1,2.16751e+06] gt=[4.00,3.00,2.40,2.10,1.80,6.00] in=(0,128,255,0) steer=-0.500 gnd=4.0 sp=4301.91 horiz=4301.15 velH=2.5094 bodyH=2.5374 slip=-0.0281 d=(-0.15870,0.12057) av=(4.55996e-05,-0.0811871,-0.000220217)
reseed=0 gear=4 gtmr=0 b14=[-4.46702e+06,-21982.4,2.07285e+06] gt=[4.00,3.00,2.40,2.10,1.80,6.00] in=(0,128,255,0) steer=-0.500 gnd=4.0 sp=4303.16 horiz=4302.39 velH=2.5307 bodyH=2.5588 slip=-0.0281 d=(-0.16129,0.11719) av=(5.03394e-05,-0.0811947,-0.000219154)
reseed=0 gear=4 gtmr=0 b14=[-4.51058e+06,-21981.6,1.97723e+06] gt=[4.00,3.00,2.40,2.10,1.80,6.00] in=(0,128,255,0) steer=-0.500 gnd=4.0 sp=4304.36 horiz=4303.60 velH=2.5520 bodyH=2.5801 slip=-0.0281 d=(-0.16380,0.11376) av=(5.5052e-05,-0.0812021,-0.00021799)
reseed=0 gear=4 gtmr=0 b14=[-4.55207e+06,-21980.7,1.88069e+06] gt=[4.00,3.00,2.40,2.10,1.80,6.00] in=(0,128,255,0) steer=-0.500 gnd=4.0 sp=4305.53 horiz=4304.77 velH=2.5734 bodyH=2.6014 slip=-0.0281 d=(-0.16623,0.11027) av=(5.97356e-05,-0.0812091,-0.000216725)
reseed=0 gear=4 gtmr=0 b14=[-4.5915e+06,-21979.8,1.78327e+06] gt=[4.00,3.00,2.40,2.10,1.80,6.00] in=(0,128,255,0) steer=-0.500 gnd=4.0 sp=4306.66 horiz=4305.90 velH=2.5947 bodyH=2.6228 slip=-0.0281 d=(-0.16859,0.10673) av=(6.43889e-05,-0.081216,-0.000215361)
reseed=0 gear=4 gtmr=0 b14=[-4.62882e+06,-21978.9,1.68502e+06] gt=[4.00,3.00,2.40,2.10,1.80,6.00] in=(0,128,255,0) steer=-0.500 gnd=4.0 sp=4307.76 horiz=4307.00 velH=2.6160 bodyH=2.6441 slip=-0.0281 d=(-0.17087,0.10313) av=(6.90096e-05,-0.0812227,-0.000213897)
reseed=0 gear=4 gtmr=0 b14=[-4.66404e+06,-21977.9,1.58599e+06] gt=[4.00,3.00,2.40,2.10,1.80,6.00] in=(0,128,255,0) steer=-0.500 gnd=4.0 sp=4308.82 horiz=4308.06 velH=2.6374 bodyH=2.6655 slip=-0.0281 d=(-0.17308,0.09949) av=(7.35952e-05,-0.0812291,-0.000212334)
reseed=0 gear=4 gtmr=0 b14=[-4.69713e+06,-21976.8,1.48622e+06] gt=[4.00,3.00,2.40,2.10,1.80,6.00] in=(0,128,255,0) steer=-0.500 gnd=4.0 sp=4309.85 horiz=4309.09 velH=2.6587 bodyH=2.6868 slip=-0.0281 d=(-0.17521,0.09580) av=(7.81437e-05,-0.0812353,-0.000210675)
reseed=0 gear=4 gtmr=0 b14=[-4.72807e+06,-21975.7,1.38576e+06] gt=[4.00,3.00,2.40,2.10,1.80,6.00] in=(0,128,255,0) steer=-0.500 gnd=4.0 sp=4310.85 horiz=4310.09 velH=2.6800 bodyH=2.7081 slip=-0.0281 d=(-0.17725,0.09206) av=(8.26539e-05,-0.0812414,-0.000208918)
reseed=0 gear=4 gtmr=0 b14=[-4.75686e+06,-21974.6,1.28465e+06] gt=[4.00,3.00,2.40,2.10,1.80,6.00] in=(0,128,255,0) steer=-0.500 gnd=4.0 sp=4311.82 horiz=4311.06 velH=2.7014 bodyH=2.7295 slip=-0.0281 d=(-0.17922,0.08828) av=(8.71236e-05,-0.0812472,-0.000207065)
reseed=0 gear=4 gtmr=0 b14=[-4.78347e+06,-21973.4,1.18294e+06] gt=[4.00,3.00,2.40,2.10,1.80,6.00] in=(0,128,255,0) steer=-0.500 gnd=4.0 sp=4312.76 horiz=4311.99 velH=2.7227 bodyH=2.7508 slip=-0.0281 d=(-0.18110,0.08445) av=(9.15504e-05,-0.0812529,-0.000205118)
reseed=0 gear=4 gtmr=0 b14=[-4.8079e+06,-21972.2,1.08068e+06] gt=[4.00,3.00,2.40,2.10,1.80,6.00] in=(0,128,255,0) steer=-0.500 gnd=4.0 sp=4313.66 horiz=4312.90 velH=2.7440 bodyH=2.7721 slip=-0.0281 d=(-0.18290,0.08059) av=(9.59324e-05,-0.0812584,-0.000203076)
reseed=0 gear=4 gtmr=0 b14=[-4.83013e+06,-21970.9,977907] gt=[4.00,3.00,2.40,2.10,1.80,6.00] in=(0,128,255,0) steer=-0.500 gnd=4.0 sp=4314.54 horiz=4313.78 velH=2.7654 bodyH=2.7935 slip=-0.0281 d=(-0.18461,0.07668) av=(0.000100268,-0.0812637,-0.000200941)
reseed=0 gear=0 gtmr=-2950 b14=[-829359,-3772.49,167871] gt=[4.00,3.00,2.40,2.10,1.80,6.00] in=(0,128,255,0) steer=-0.500 gnd=4.0 sp=13.12 horiz=13.12 velH=2.7935 bodyH=2.7935 slip=+0.0000 d=(-0.00014,0.00005) av=(-8.04258e-11,7.25019e-09,-1.22263e-10)
reseed=0 gear=0 gtmr=-2900 b14=[-876523,-3986.83,177203] gt=[4.00,3.00,2.40,2.10,1.80,6.00] in=(0,128,255,0) steer=-0.500 gnd=4.0 sp=26.78 horiz=26.78 velH=2.7938 bodyH=2.7938 slip=+0.0000 d=(-0.00072,0.00026) av=(-2.06559e-09,1.95641e-07,-3.09146e-09)
reseed=0 gear=0 gtmr=-2850 b14=[-926490,-4213.74,186889] gt=[4.00,3.00,2.40,2.10,1.80,6.00] in=(0,128,255,0) steer=-0.500 gnd=4.0 sp=41.24 horiz=41.24 velH=2.7942 bodyH=2.7942 slip=+0.0000 d=(-0.00132,0.00048) av=(-1.29014e-08,1.21511e-06,-1.94426e-08)
reseed=0 gear=0 gtmr=-2800 b14=[-979424,-4453.91,196914] gt=[4.00,3.00,2.40,2.10,1.80,6.00] in=(0,128,255,0) steer=-0.500 gnd=4.0 sp=56.54 horiz=56.54 velH=2.7948 bodyH=2.7948 slip=+0.0000 d=(-0.00196,0.00071) av=(-4.79812e-08,4.476e-06,-7.31235e-08)
reseed=0 gear=0 gtmr=-2750 b14=[-1.0355e+06,-4708.08,207260] gt=[4.00,3.00,2.40,2.10,1.80,6.00] in=(0,128,255,0) steer=-0.500 gnd=4.0 sp=72.74 horiz=72.74 velH=2.7957 bodyH=2.7957 slip=+0.0000 d=(-0.00264,0.00095) av=(-1.35674e-07,1.24736e-05,-2.10128e-07)
reseed=0 gear=0 gtmr=-2700 b14=[-1.09489e+06,-4977.04,217901] gt=[4.00,3.00,2.40,2.10,1.80,6.00] in=(0,128,255,0) steer=-0.500 gnd=4.0 sp=89.88 horiz=89.88 velH=2.7969 bodyH=2.7968 slip=+0.0001 d=(-0.00336,0.00121) av=(-3.23724e-07,2.91465e-05,-5.1237e-07)
reseed=0 gear=0 gtmr=-2650 b14=[-1.15779e+06,-5261.57,228804] gt=[4.00,3.00,2.40,2.10,1.80,6.00] in=(0,128,255,0) steer=-0.500 gnd=4.0 sp=108.01 horiz=108.01 velH=2.7983 bodyH=2.7981 slip=+0.0001 d=(-0.00412,0.00147) av=(-6.88141e-07,6.01731e-05,-1.12011e-06)
reseed=0 gear=0 gtmr=-2600 b14=[-1.2244e+06,-5562.54,239929] gt=[4.00,3.00,2.40,2.10,1.80,6.00] in=(0,128,255,0) steer=-0.500 gnd=4.0 sp=127.19 horiz=127.19 velH=2.8000 bodyH=2.7997 slip=+0.0002 d=(-0.00492,0.00175) av=(-1.34537e-06,0.000112987,-2.26852e-06)
reseed=0 gear=0 gtmr=-2550 b14=[-1.29494e+06,-5880.83,251223] gt=[4.00,3.00,2.40,2.10,1.80,6.00] in=(0,128,255,0) steer=-0.500 gnd=4.0 sp=147.47 horiz=147.47 velH=2.8020 bodyH=2.8016 slip=+0.0004 d=(-0.00577,0.00205) av=(-2.46885e-06,0.000196055,-4.34829e-06)
reseed=0 gear=0 gtmr=-2500 b14=[-1.36962e+06,-6217.39,262624] gt=[4.00,3.00,2.40,2.10,1.80,6.00] in=(0,128,255,0) steer=-0.500 gnd=4.0 sp=168.92 horiz=168.91 velH=2.8045 bodyH=2.8038 slip=+0.0007 d=(-0.00668,0.00235) av=(-4.3126e-06,0.000316546,-8.01019e-06)
reseed=0 gear=0 gtmr=-2450 b14=[-1.44868e+06,-6573.17,274057] gt=[4.00,3.00,2.40,2.10,1.80,6.00] in=(0,128,255,0) steer=-0.500 gnd=4.0 sp=191.59 horiz=191.58 velH=2.8074 bodyH=2.8063 slip=+0.0011 d=(-0.00764,0.00266) av=(-7.24854e-06,0.000474759,-1.43556e-05)
reseed=0 gear=0 gtmr=-2400 b14=[-1.53236e+06,-6949.17,285431] gt=[4.00,3.00,2.40,2.10,1.80,6.00] in=(0,128,255,0) steer=-0.500 gnd=4.0 sp=215.55 horiz=215.54 velH=2.8108 bodyH=2.8091 slip=+0.0017 d=(-0.00865,0.00299) av=(-1.18394e-05,0.000652327,-2.53143e-05)
reseed=0 gear=0 gtmr=-2350 b14=[-1.62092e+06,-7346.49,296638] gt=[4.00,3.00,2.40,2.10,1.80,6.00] in=(0,128,255,0) steer=-0.500 gnd=4.0 sp=240.87 horiz=240.86 velH=2.8150 bodyH=2.8122 slip=+0.0027 d=(-0.00973,0.00332) av=(-1.80509e-05,0.000748764,-4.22117e-05)
reseed=0 gear=0 gtmr=-2300 b14=[-1.6591e+06,-7514.72,297593] gt=[4.00,3.00,2.40,2.10,1.80,6.00] in=(0,128,255,0) steer=-0.500 gnd=4.0 sp=267.51 horiz=267.51 velH=2.8201 bodyH=2.8158 slip=+0.0044 d=(-0.01087,0.00366) av=(-1.81895e-05,0.000427584,-4.71557e-05)
reseed=0 gear=0 gtmr=-2250 b14=[-1.66874e+06,-7553.18,292608] gt=[4.00,3.00,2.40,2.10,1.80,6.00] in=(0,128,255,0) steer=-0.500 gnd=4.0 sp=294.48 horiz=294.48 velH=2.8265 bodyH=2.8197 slip=+0.0069 d=(-0.01207,0.00399) av=(-1.68466e-05,-1.3095e-05,-4.90488e-05)
reseed=0 gear=0 gtmr=-2200 b14=[-1.67851e+06,-7591.79,286912] gt=[4.00,3.00,2.40,2.10,1.80,6.00] in=(0,128,255,0) steer=-0.500 gnd=4.0 sp=321.55 horiz=321.54 velH=2.8348 bodyH=2.8239 slip=+0.0109 d=(-0.01328,0.00430) av=(-1.59589e-05,-0.000457123,-5.09358e-05)
reseed=0 gear=0 gtmr=-2150 b14=[-1.68838e+06,-7630.43,280490] gt=[4.00,3.00,2.40,2.10,1.80,6.00] in=(0,128,255,0) steer=-0.500 gnd=4.0 sp=348.70 horiz=348.68 velH=2.8392 bodyH=2.8286 slip=+0.0106 d=(-0.01452,0.00456) av=(-4.0524e-05,-0.00220251,-0.000137254)
reseed=0 gear=0 gtmr=-2100 b14=[-1.69839e+06,-7669.3,273333] gt=[4.00,3.00,2.40,2.10,1.80,6.00] in=(0,128,255,0) steer=-0.500 gnd=4.0 sp=375.91 horiz=375.90 velH=2.8426 bodyH=2.8337 slip=+0.0089 d=(-0.01574,0.00488) av=(-8.01719e-05,-0.00516673,-0.000241616)
reseed=0 gear=0 gtmr=-2050 b14=[-1.70848e+06,-7708.2,265424] gt=[4.00,3.00,2.40,2.10,1.80,6.00] in=(0,128,255,0) steer=-0.500 gnd=4.0 sp=403.19 horiz=403.18 velH=2.8466 bodyH=2.8391 slip=+0.0075 d=(-0.01696,0.00520) av=(-0.000146191,-0.00767688,-0.000345842)
reseed=0 gear=0 gtmr=-2000 b14=[-1.71866e+06,-7747.17,256749] gt=[4.00,3.00,2.40,2.10,1.80,6.00] in=(0,128,255,0) steer=-0.500 gnd=4.0 sp=430.53 horiz=430.52 velH=2.8512 bodyH=2.8449 slip=+0.0063 d=(-0.01819,0.00549) av=(-0.000354749,-0.0098192,-0.000574509)
reseed=0 gear=0 gtmr=-1950 b14=[-1.72891e+06,-7786.22,247293] gt=[4.00,3.00,2.40,2.10,1.80,6.00] in=(0,128,255,0) steer=-0.500 gnd=4.0 sp=457.93 horiz=457.92 velH=2.8563 bodyH=2.8512 slip=+0.0052 d=(-0.01943,0.00577) av=(-0.000874869,-0.0130014,-0.00107756)
reseed=0 gear=0 gtmr=-1900 b14=[-1.73922e+06,-7825.32,237044] gt=[4.00,3.00,2.40,2.10,1.80,6.00] in=(0,128,255,0) steer=-0.500 gnd=4.0 sp=485.39 horiz=485.38 velH=2.8619 bodyH=2.8578 slip=+0.0041 d=(-0.02068,0.00603) av=(-0.000670867,-0.016261,-0.000870451)
reseed=0 gear=0 gtmr=-1850 b14=[-1.74957e+06,-7864.46,225987] gt=[4.00,3.00,2.40,2.10,1.80,6.00] in=(0,128,255,0) steer=-0.500 gnd=4.0 sp=512.88 horiz=512.87 velH=2.8679 bodyH=2.8648 slip=+0.0032 d=(-0.02194,0.00626) av=(-0.000434784,-0.0188465,-0.000649281)
reseed=0 gear=0 gtmr=-1800 b14=[-1.75994e+06,-7903.63,214109] gt=[4.00,3.00,2.40,2.10,1.80,6.00] in=(0,128,255,0) steer=-0.500 gnd=4.0 sp=540.40 horiz=540.39 velH=2.8744 bodyH=2.8722 slip=+0.0022 d=(-0.02320,0.00647) av=(-0.000267749,-0.021141,-0.00050335)
reseed=0 gear=0 gtmr=-1750 b14=[-1.77031e+06,-7942.82,201398] gt=[4.00,3.00,2.40,2.10,1.80,6.00] in=(0,128,255,0) steer=-0.500 gnd=4.0 sp=567.95 horiz=567.94 velH=2.8813 bodyH=2.8800 slip=+0.0014 d=(-0.02448,0.00665) av=(-0.000158583,-0.02334,-0.000415797)
reseed=0 gear=0 gtmr=-1700 b14=[-1.78067e+06,-7982.01,187841] gt=[4.00,3.00,2.40,2.10,1.80,6.00] in=(0,128,255,0) steer=-0.500 gnd=4.0 sp=595.51 horiz=595.50 velH=2.8887 bodyH=2.8881 slip=+0.0005 d=(-0.02576,0.00681) av=(-8.75167e-05,-0.0255257,-0.000364787)
reseed=0 gear=0 gtmr=-1650 b14=[-1.791e+06,-8021.2,173426] gt=[4.00,3.00,2.40,2.10,1.80,6.00] in=(0,128,255,0) steer=-0.500 gnd=4.0 sp=623.08 horiz=623.08 velH=2.8964 bodyH=2.8967 slip=-0.0003 d=(-0.02704,0.00693) av=(-3.98568e-05,-0.0277294,-0.000335198)
reseed=0 gear=0 gtmr=-1600 b14=[-1.80127e+06,-8060.37,158141] gt=[4.00,3.00,2.40,2.10,1.80,6.00] in=(0,128,255,0) steer=-0.500 gnd=4.0 sp=650.66 horiz=650.65 velH=2.9046 bodyH=2.9057 slip=-0.0011 d=(-0.02834,0.00703) av=(-6.23838e-06,-0.0299602,-0.000317842)
reseed=0 gear=0 gtmr=-1550 b14=[-1.81146e+06,-8099.51,141975] gt=[4.00,3.00,2.40,2.10,1.80,6.00] in=(0,128,255,0) steer=-0.500 gnd=4.0 sp=678.23 horiz=678.22 velH=2.9132 bodyH=2.9150 slip=-0.0018 d=(-0.02964,0.00709) av=(1.89894e-05,-0.0322187,-0.000307392)
reseed=0 gear=0 gtmr=-1500 b14=[-1.82156e+06,-8138.61,124918] gt=[4.00,3.00,2.40,2.10,1.80,6.00] in=(0,128,255,0) steer=-0.500 gnd=4.0 sp=705.78 horiz=705.78 velH=2.9222 bodyH=2.9248 slip=-0.0026 d=(-0.03094,0.00712) av=(3.91586e-05,-0.0345023,-0.000300813)
reseed=0 gear=0 gtmr=-1450 b14=[-1.83152e+06,-8177.67,106958] gt=[4.00,3.00,2.40,2.10,1.80,6.00] in=(0,128,255,0) steer=-0.500 gnd=4.0 sp=733.32 horiz=733.31 velH=2.9316 bodyH=2.9349 slip=-0.0033 d=(-0.03225,0.00712) av=(5.6217e-05,-0.0368075,-0.000296381)
reseed=0 gear=0 gtmr=-1400 b14=[-1.84133e+06,-8216.66,88088.5] gt=[4.00,3.00,2.40,2.10,1.80,6.00] in=(0,128,255,0) steer=-0.500 gnd=4.0 sp=760.83 horiz=760.82 velH=2.9415 bodyH=2.9454 slip=-0.0040 d=(-0.03357,0.00708) av=(7.13003e-05,-0.0391306,-0.000293109)
reseed=0 gear=0 gtmr=-1350 b14=[-1.85097e+06,-8255.57,68299.1] gt=[4.00,3.00,2.40,2.10,1.80,6.00] in=(0,128,255,0) steer=-0.500 gnd=4.0 sp=788.31 horiz=788.30 velH=2.9517 bodyH=2.9564 slip=-0.0047 d=(-0.03489,0.00700) av=(8.50711e-05,-0.0414685,-0.00029042)
reseed=0 gear=0 gtmr=-1300 b14=[-1.86039e+06,-8294.4,47582.6] gt=[4.00,3.00,2.40,2.10,1.80,6.00] in=(0,128,255,0) steer=-0.500 gnd=4.0 sp=815.74 horiz=815.73 velH=2.9623 bodyH=2.9677 slip=-0.0054 d=(-0.03621,0.00687) av=(9.79158e-05,-0.0438179,-0.000287973)
reseed=0 gear=0 gtmr=-1250 b14=[-1.86957e+06,-8333.13,25932] gt=[4.00,3.00,2.40,2.10,1.80,6.00] in=(0,128,255,0) steer=-0.500 gnd=4.0 sp=843.13 horiz=843.11 velH=2.9733 bodyH=2.9794 slip=-0.0060 d=(-0.03753,0.00671) av=(0.000110058,-0.0461762,-0.000285559)
reseed=0 gear=0 gtmr=-1200 b14=[-1.87848e+06,-8371.76,3341.51] gt=[4.00,3.00,2.40,2.10,1.80,6.00] in=(0,128,255,0) steer=-0.500 gnd=4.0 sp=870.46 horiz=870.44 velH=2.9848 bodyH=2.9915 slip=-0.0067 d=(-0.03885,0.00650) av=(0.000121624,-0.0485407,-0.000283043)
reseed=0 gear=0 gtmr=-1150 b14=[-1.88709e+06,-8410.26,-20193.6] gt=[4.00,3.00,2.40,2.10,1.80,6.00] in=(0,128,255,0) steer=-0.500 gnd=4.0 sp=897.72 horiz=897.70 velH=2.9966 bodyH=3.0039 slip=-0.0073 d=(-0.04017,0.00625) av=(0.000132681,-0.0509086,-0.000280337)
reseed=0 gear=0 gtmr=-1100 b14=[-1.89536e+06,-8448.64,-44677.1] gt=[4.00,3.00,2.40,2.10,1.80,6.00] in=(0,128,255,0) steer=-0.500 gnd=4.0 sp=924.92 horiz=924.89 velH=3.0088 bodyH=3.0168 slip=-0.0080 d=(-0.04150,0.00595) av=(0.00014326,-0.0532777,-0.000277383)
reseed=0 gear=0 gtmr=-1050 b14=[-1.90326e+06,-8486.86,-70111.5] gt=[4.00,3.00,2.40,2.10,1.80,6.00] in=(0,128,255,0) steer=-0.500 gnd=4.0 sp=952.03 horiz=952.00 velH=3.0215 bodyH=3.0301 slip=-0.0086 d=(-0.04281,0.00561) av=(0.000153368,-0.0556453,-0.000274138)
reseed=0 gear=0 gtmr=-1000 b14=[-1.91075e+06,-8524.94,-96498.1] gt=[4.00,3.00,2.40,2.10,1.80,6.00] in=(0,128,255,0) steer=-0.500 gnd=4.0 sp=979.06 horiz=979.03 velH=3.0345 bodyH=3.0437 slip=-0.0092 d=(-0.04413,0.00521) av=(0.000162995,-0.0580089,-0.000270575)
reseed=0 gear=0 gtmr=-950 b14=[-1.91779e+06,-8562.85,-123837] gt=[4.00,3.00,2.40,2.10,1.80,6.00] in=(0,128,255,0) steer=-0.500 gnd=4.0 sp=1006.00 horiz=1005.96 velH=3.0479 bodyH=3.0577 slip=-0.0099 d=(-0.04544,0.00476) av=(0.000172125,-0.0603662,-0.000266672)
reseed=0 gear=0 gtmr=-900 b14=[-1.92435e+06,-8600.58,-152126] gt=[4.00,3.00,2.40,2.10,1.80,6.00] in=(0,128,255,0) steer=-0.500 gnd=4.0 sp=1032.83 horiz=1032.79 velH=3.0616 bodyH=3.0721 slip=-0.0105 d=(-0.04674,0.00426) av=(0.000180299,-0.0626892,-0.000262216)
reseed=0 gear=0 gtmr=-850 b14=[-1.93039e+06,-8638.12,-181362] gt=[4.00,3.00,2.40,2.10,1.80,6.00] in=(0,128,255,0) steer=-0.500 gnd=4.0 sp=1059.56 horiz=1059.52 velH=3.0758 bodyH=3.0869 slip=-0.0111 d=(-0.04803,0.00371) av=(0.000187074,-0.0644158,-0.0002573)
reseed=0 gear=0 gtmr=-800 b14=[-1.93586e+06,-8675.47,-211541] gt=[4.00,3.00,2.40,2.10,1.80,6.00] in=(0,128,255,0) steer=-0.500 gnd=4.0 sp=1086.18 horiz=1086.13 velH=3.0904 bodyH=3.1021 slip=-0.0117 d=(-0.04932,0.00311) av=(0.000189693,-0.06534,-0.000252342)
reseed=0 gear=0 gtmr=-750 b14=[-1.94072e+06,-8712.6,-242657] gt=[4.00,3.00,2.40,2.10,1.80,6.00] in=(0,128,255,0) steer=-0.500 gnd=4.0 sp=1112.67 horiz=1112.61 velH=3.1053 bodyH=3.1176 slip=-0.0123 d=(-0.05059,0.00244) av=(0.0001903,-0.0658468,-0.00024738)
reseed=0 gear=0 gtmr=-700 b14=[-1.94494e+06,-8749.51,-274701] gt=[4.00,3.00,2.40,2.10,1.80,6.00] in=(0,128,255,0) steer=-0.500 gnd=4.0 sp=1139.03 horiz=1138.97 velH=3.1207 bodyH=3.1336 slip=-0.0129 d=(-0.05184,0.00173) av=(0.000189864,-0.06613,-0.000242411)
reseed=0 gear=0 gtmr=-650 b14=[-1.94847e+06,-8786.19,-307663] gt=[4.00,3.00,2.40,2.10,1.80,6.00] in=(0,128,255,0) steer=-0.500 gnd=4.0 sp=1165.26 horiz=1165.19 velH=3.1364 bodyH=-3.1333 slip=-0.0135 d=(-0.05308,0.00095) av=(0.00018881,-0.066287,-0.000237425)
reseed=0 gear=0 gtmr=-600 b14=[-1.95127e+06,-8822.63,-341532] gt=[4.00,3.00,2.40,2.10,1.80,6.00] in=(0,128,255,0) steer=-0.500 gnd=4.0 sp=1191.35 horiz=1191.27 velH=-3.1307 bodyH=-3.1167 slip=-0.0141 d=(-0.05431,0.00012) av=(0.000187324,-0.0663669,-0.000232412)
reseed=0 gear=0 gtmr=-550 b14=[-1.95329e+06,-8858.82,-376294] gt=[4.00,3.00,2.40,2.10,1.80,6.00] in=(0,128,255,0) steer=-0.500 gnd=4.0 sp=1217.29 horiz=1217.21 velH=-3.1143 bodyH=-3.0996 slip=-0.0146 d=(-0.05551,-0.00078) av=(0.000185479,-0.0663944,-0.000227364)
reseed=0 gear=0 gtmr=-500 b14=[-1.95448e+06,-8894.75,-411933] gt=[4.00,3.00,2.40,2.10,1.80,6.00] in=(0,128,255,0) steer=-0.500 gnd=4.0 sp=1243.07 horiz=1242.98 velH=-3.0974 bodyH=-3.0822 slip=-0.0152 d=(-0.05669,-0.00173) av=(0.000183309,-0.0663817,-0.000222275)
reseed=0 gear=0 gtmr=-450 b14=[-1.95481e+06,-8930.4,-448431] gt=[4.00,3.00,2.40,2.10,1.80,6.00] in=(0,128,255,0) steer=-0.500 gnd=4.0 sp=1268.70 horiz=1268.60 velH=-3.0802 bodyH=-3.0644 slip=-0.0158 d=(-0.05784,-0.00274) av=(0.000180829,-0.0663351,-0.000217138)
reseed=0 gear=0 gtmr=-400 b14=[-1.95423e+06,-8965.78,-485768] gt=[4.00,3.00,2.40,2.10,1.80,6.00] in=(0,128,255,0) steer=-0.500 gnd=4.0 sp=1294.15 horiz=1294.05 velH=-3.0627 bodyH=-3.0463 slip=-0.0164 d=(-0.05897,-0.00382) av=(0.00017805,-0.0662578,-0.000211944)
reseed=0 gear=0 gtmr=-350 b14=[-1.95268e+06,-9000.86,-523923] gt=[4.00,3.00,2.40,2.10,1.80,6.00] in=(0,128,255,0) steer=-0.500 gnd=4.0 sp=1319.44 horiz=1319.33 velH=-3.0447 bodyH=-3.0278 slip=-0.0169 d=(-0.06007,-0.00496) av=(0.000174985,-0.0661515,-0.000206674)
reseed=0 gear=0 gtmr=-300 b14=[-1.95014e+06,-9035.65,-562869] gt=[4.00,3.00,2.40,2.10,1.80,6.00] in=(0,128,255,0) steer=-0.500 gnd=4.0 sp=1344.55 horiz=1344.43 velH=-3.0264 bodyH=-3.0090 slip=-0.0175 d=(-0.06113,-0.00615) av=(0.000171652,-0.0660171,-0.000201301)
reseed=0 gear=0 gtmr=-250 b14=[-1.94654e+06,-9070.13,-602582] gt=[4.00,3.00,2.40,2.10,1.80,6.00] in=(0,128,255,0) steer=-0.500 gnd=4.0 sp=1369.47 horiz=1369.34 velH=-3.0078 bodyH=-2.9897 slip=-0.0180 d=(-0.06216,-0.00741) av=(0.000168075,-0.0658553,-0.00019578)
reseed=0 gear=0 gtmr=-200 b14=[-1.94185e+06,-9104.29,-643031] gt=[4.00,3.00,2.40,2.10,1.80,6.00] in=(0,128,255,0) steer=-0.500 gnd=4.0 sp=1394.20 horiz=1394.06 velH=-2.9887 bodyH=-2.9702 slip=-0.0186 d=(-0.06315,-0.00873) av=(0.000164287,-0.0656668,-0.000190041)
reseed=0 gear=0 gtmr=-150 b14=[-1.93602e+06,-9138.13,-684184] gt=[4.00,3.00,2.40,2.10,1.80,6.00] in=(0,128,255,0) steer=-0.500 gnd=4.0 sp=1418.74 horiz=1418.59 velH=-2.9694 bodyH=-2.9502 slip=-0.0191 d=(-0.06410,-0.01011) av=(0.000160591,-0.0654977,-0.000184327)
reseed=0 gear=0 gtmr=-100 b14=[-1.929e+06,-9171.64,-726008] gt=[4.00,3.00,2.40,2.10,1.80,6.00] in=(0,128,255,0) steer=-0.500 gnd=4.0 sp=1443.08 horiz=1442.92 velH=-2.9496 bodyH=-2.9300 slip=-0.0197 d=(-0.06501,-0.01155) av=(0.000158669,-0.0654308,-0.000178837)
reseed=0 gear=0 gtmr=-49 b14=[-1.92075e+06,-9204.82,-768467] gt=[4.00,3.00,2.40,2.10,1.80,6.00] in=(0,128,255,0) steer=-0.500 gnd=4.0 sp=1467.21 horiz=1467.04 velH=-2.9296 bodyH=-2.9094 slip=-0.0202 d=(-0.06587,-0.01306) av=(0.000157573,-0.0654103,-0.000173343)
reseed=0 gear=1 gtmr=3000 b14=[-2.40189e+06,-11609.2,-1.01986e+06] gt=[4.00,3.00,2.40,2.10,1.80,6.00] in=(0,128,255,0) steer=-0.500 gnd=4.0 sp=1491.14 horiz=1490.96 velH=-2.9092 bodyH=-2.8884 slip=-0.0207 d=(-0.06669,-0.01462) av=(0.000157431,-0.065469,-0.000167983)
reseed=0 gear=1 gtmr=2950 b14=[-2.38912e+06,-11654.1,-1.07498e+06] gt=[4.00,3.00,2.40,2.10,1.80,6.00] in=(0,128,255,0) steer=-0.500 gnd=4.0 sp=1523.60 horiz=1523.41 velH=-2.8878 bodyH=-2.8671 slip=-0.0206 d=(-0.06755,-0.01628) av=(0.000160063,-0.0658156,-0.00016184)
reseed=0 gear=1 gtmr=2900 b14=[-2.37492e+06,-11698.5,-1.13013e+06] gt=[4.00,3.00,2.40,2.10,1.80,6.00] in=(0,128,255,0) steer=-0.500 gnd=4.0 sp=1555.81 horiz=1555.62 velH=-2.8665 bodyH=-2.8458 slip=-0.0207 d=(-0.06863,-0.01810) av=(0.000163085,-0.0660541,-0.000156941)
reseed=0 gear=1 gtmr=2850 b14=[-2.35938e+06,-11742.5,-1.18512e+06] gt=[4.00,3.00,2.40,2.10,1.80,6.00] in=(0,128,255,0) steer=-0.500 gnd=4.0 sp=1587.76 horiz=1587.57 velH=-2.8453 bodyH=-2.8245 slip=-0.0208 d=(-0.06967,-0.01996) av=(0.000166269,-0.0662453,-0.000152536)
reseed=0 gear=1 gtmr=2800 b14=[-2.34249e+06,-11786.1,-1.23991e+06] gt=[4.00,3.00,2.40,2.10,1.80,6.00] in=(0,128,255,0) steer=-0.500 gnd=4.0 sp=1619.45 horiz=1619.25 velH=-2.8241 bodyH=-2.8031 slip=-0.0209 d=(-0.07064,-0.02188) av=(0.000169486,-0.0664158,-0.0001483)
reseed=0 gear=1 gtmr=2750 b14=[-2.32425e+06,-11829.3,-1.29448e+06] gt=[4.00,3.00,2.40,2.10,1.80,6.00] in=(0,128,255,0) steer=-0.500 gnd=4.0 sp=1650.85 horiz=1650.65 velH=-2.8029 bodyH=-2.7818 slip=-0.0211 d=(-0.07155,-0.02383) av=(0.00017267,-0.0665774,-0.000144091)
reseed=0 gear=1 gtmr=2700 b14=[-2.30467e+06,-11872.1,-1.34879e+06] gt=[4.00,3.00,2.40,2.10,1.80,6.00] in=(0,128,255,0) steer=-0.500 gnd=4.0 sp=1681.98 horiz=1681.77 velH=-2.7817 bodyH=-2.7604 slip=-0.0212 d=(-0.07240,-0.02583) av=(0.000175786,-0.0667348,-0.000139847)
reseed=0 gear=1 gtmr=2650 b14=[-2.28374e+06,-11914.4,-1.4028e+06] gt=[4.00,3.00,2.40,2.10,1.80,6.00] in=(0,128,255,0) steer=-0.500 gnd=4.0 sp=1712.81 horiz=1712.60 velH=-2.7605 bodyH=-2.7391 slip=-0.0213 d=(-0.07318,-0.02787) av=(0.000178819,-0.06689,-0.000135548)
reseed=0 gear=1 gtmr=2600 b14=[-2.26148e+06,-11956.3,-1.45647e+06] gt=[4.00,3.00,2.40,2.10,1.80,6.00] in=(0,128,255,0) steer=-0.500 gnd=4.0 sp=1743.36 horiz=1743.14 velH=-2.7392 bodyH=-2.7178 slip=-0.0215 d=(-0.07389,-0.02995) av=(0.00018176,-0.0670436,-0.000131185)
reseed=0 gear=1 gtmr=2550 b14=[-2.23789e+06,-11997.8,-1.50978e+06] gt=[4.00,3.00,2.40,2.10,1.80,6.00] in=(0,128,255,0) steer=-0.500 gnd=4.0 sp=1773.60 horiz=1773.37 velH=-2.7180 bodyH=-2.6964 slip=-0.0216 d=(-0.07454,-0.03207) av=(0.000184603,-0.0671958,-0.000126758)
reseed=0 gear=1 gtmr=2500 b14=[-2.21296e+06,-12038.9,-1.56269e+06] gt=[4.00,3.00,2.40,2.10,1.80,6.00] in=(0,128,255,0) steer=-0.500 gnd=4.0 sp=1803.54 horiz=1803.31 velH=-2.6968 bodyH=-2.6751 slip=-0.0217 d=(-0.07511,-0.03422) av=(0.000187346,-0.0673466,-0.00012227)
reseed=0 gear=1 gtmr=2450 b14=[-2.18672e+06,-12079.5,-1.61516e+06] gt=[4.00,3.00,2.40,2.10,1.80,6.00] in=(0,128,255,0) steer=-0.500 gnd=4.0 sp=1833.17 horiz=1832.93 velH=-2.6756 bodyH=-2.6538 slip=-0.0219 d=(-0.07562,-0.03641) av=(0.000189987,-0.0674959,-0.000117723)
reseed=0 gear=1 gtmr=2400 b14=[-2.15916e+06,-12119.6,-1.66716e+06] gt=[4.00,3.00,2.40,2.10,1.80,6.00] in=(0,128,255,0) steer=-0.500 gnd=4.0 sp=1862.49 horiz=1862.24 velH=-2.6544 bodyH=-2.6324 slip=-0.0220 d=(-0.07605,-0.03862) av=(0.000192524,-0.0676437,-0.000113119)
reseed=0 gear=1 gtmr=2350 b14=[-2.13029e+06,-12159.3,-1.71865e+06] gt=[4.00,3.00,2.40,2.10,1.80,6.00] in=(0,128,255,0) steer=-0.500 gnd=4.0 sp=1891.49 horiz=1891.24 velH=-2.6332 bodyH=-2.6111 slip=-0.0221 d=(-0.07641,-0.04086) av=(0.000194957,-0.0677899,-0.000108463)
reseed=0 gear=1 gtmr=2300 b14=[-2.10013e+06,-12198.5,-1.7696e+06] gt=[4.00,3.00,2.40,2.10,1.80,6.00] in=(0,128,255,0) steer=-0.500 gnd=4.0 sp=1920.18 horiz=1919.92 velH=-2.6120 bodyH=-2.5898 slip=-0.0222 d=(-0.07669,-0.04313) av=(0.000197282,-0.0679346,-0.000103756)
reseed=0 gear=1 gtmr=2250 b14=[-2.06868e+06,-12237.3,-1.81997e+06] gt=[4.00,3.00,2.40,2.10,1.80,6.00] in=(0,128,255,0) steer=-0.500 gnd=4.0 sp=1948.54 horiz=1948.27 velH=-2.5907 bodyH=-2.5684 slip=-0.0223 d=(-0.07690,-0.04542) av=(0.0001995,-0.0680776,-9.90009e-05)
reseed=0 gear=1 gtmr=2200 b14=[-2.03596e+06,-12275.6,-1.86974e+06] gt=[4.00,3.00,2.40,2.10,1.80,6.00] in=(0,128,255,0) steer=-0.500 gnd=4.0 sp=1976.57 horiz=1976.30 velH=-2.5695 bodyH=-2.5471 slip=-0.0224 d=(-0.07703,-0.04774) av=(0.000201608,-0.068219,-9.42006e-05)
reseed=0 gear=1 gtmr=2150 b14=[-2.00198e+06,-12313.4,-1.91886e+06] gt=[4.00,3.00,2.40,2.10,1.80,6.00] in=(0,128,255,0) steer=-0.500 gnd=4.0 sp=2004.27 horiz=2004.00 velH=-2.5483 bodyH=-2.5257 slip=-0.0225 d=(-0.07709,-0.05007) av=(0.000203606,-0.0683588,-8.93583e-05)
reseed=0 gear=1 gtmr=2100 b14=[-1.96676e+06,-12350.7,-1.96731e+06] gt=[4.00,3.00,2.40,2.10,1.80,6.00] in=(0,128,255,0) steer=-0.500 gnd=4.0 sp=2031.65 horiz=2031.37 velH=-2.5271 bodyH=-2.5044 slip=-0.0227 d=(-0.07707,-0.05241) av=(0.000205493,-0.0684969,-8.44757e-05)
reseed=0 gear=1 gtmr=2050 b14=[-1.9303e+06,-12387.6,-2.01504e+06] gt=[4.00,3.00,2.40,2.10,1.80,6.00] in=(0,128,255,0) steer=-0.500 gnd=4.0 sp=2058.69 horiz=2058.40 velH=-2.5058 bodyH=-2.4831 slip=-0.0228 d=(-0.07697,-0.05477) av=(0.000207267,-0.0686334,-7.95557e-05)
reseed=0 gear=1 gtmr=2000 b14=[-1.89262e+06,-12423.9,-2.06204e+06] gt=[4.00,3.00,2.40,2.10,1.80,6.00] in=(0,128,255,0) steer=-0.500 gnd=4.0 sp=2085.39 horiz=2085.10 velH=-2.4846 bodyH=-2.4617 slip=-0.0229 d=(-0.07679,-0.05714) av=(0.000208927,-0.0687682,-7.46009e-05)
reseed=0 gear=1 gtmr=1950 b14=[-2.64613e+06,-12461.3,-941427] gt=[4.00,3.00,2.40,2.10,1.80,6.00] in=(255,0,255,0) steer=+1.000 gnd=4.0 sp=2111.13 horiz=2111.06 velH=-2.4948 bodyH=-2.5042 slip=+0.0094 d=(-0.07683,-0.05911) av=(-0.000108172,0.0385348,-0.000323386)
reseed=0 gear=1 gtmr=1900 b14=[-2.68918e+06,-12480.9,-829822] gt=[4.00,3.00,2.40,2.10,1.80,6.00] in=(255,0,255,0) steer=+1.000 gnd=4.0 sp=2135.60 horiz=2135.21 velH=-2.5190 bodyH=-2.5467 slip=+0.0277 d=(-0.07855,-0.05881) av=(-0.000183746,0.100112,-0.000456369)
reseed=0 gear=1 gtmr=1850 b14=[-2.72686e+06,-12497.5,-716085] gt=[4.00,3.00,2.40,2.10,1.80,6.00] in=(255,0,255,0) steer=+1.000 gnd=4.0 sp=2158.23 horiz=2157.51 velH=-2.5508 bodyH=-2.5892 slip=+0.0384 d=(-0.08094,-0.05741) av=(0.000566577,0.135525,-0.000774604)
reseed=0 gear=1 gtmr=1800 b14=[-2.75977e+06,-12514.3,-600652] gt=[4.00,3.00,2.40,2.10,1.80,6.00] in=(255,0,255,0) steer=+1.000 gnd=4.0 sp=2179.34 horiz=2178.37 velH=-2.5869 bodyH=-2.6317 slip=+0.0449 d=(-0.08362,-0.05530) av=(0.00075627,0.155656,-0.000816198)
reseed=0 gear=1 gtmr=1750 b14=[-2.78792e+06,-12531.7,-483738] gt=[4.00,3.00,2.40,2.10,1.80,6.00] in=(255,0,255,0) steer=+1.000 gnd=4.0 sp=2199.31 horiz=2198.17 velH=-2.6254 bodyH=-2.6742 slip=+0.0488 d=(-0.08640,-0.05270) av=(0.00044384,0.168174,-0.000680027)
reseed=0 gear=1 gtmr=1700 b14=[-2.81122e+06,-12549.5,-365528] gt=[4.00,3.00,2.40,2.10,1.80,6.00] in=(255,0,255,0) steer=+1.000 gnd=4.0 sp=2218.44 horiz=2217.18 velH=-2.6654 bodyH=-2.7167 slip=+0.0513 d=(-0.08918,-0.04975) av=(0.000203462,0.176099,-0.000583275)
reseed=0 gear=1 gtmr=1650 b14=[-2.82953e+06,-12567.4,-246214] gt=[4.00,3.00,2.40,2.10,1.80,6.00] in=(255,0,255,0) steer=+1.000 gnd=4.0 sp=2236.91 horiz=2235.57 velH=-2.7064 bodyH=-2.7592 slip=+0.0529 d=(-0.09188,-0.04652) av=(4.08313e-05,0.18119,-0.00052101)
reseed=0 gear=1 gtmr=1600 b14=[-2.84276e+06,-12585.4,-126003] gt=[4.00,3.00,2.40,2.10,1.80,6.00] in=(255,0,255,0) steer=+1.000 gnd=4.0 sp=2254.87 horiz=2253.47 velH=-2.7478 bodyH=-2.8018 slip=+0.0540 d=(-0.09448,-0.04307) av=(-6.75512e-05,0.184536,-0.000480542)
reseed=0 gear=1 gtmr=1550 b14=[-2.85084e+06,-12603.1,-5111.87] gt=[4.00,3.00,2.40,2.10,1.80,6.00] in=(255,0,255,0) steer=+1.000 gnd=4.0 sp=2272.38 horiz=2270.93 velH=-2.7896 bodyH=-2.8443 slip=+0.0547 d=(-0.09695,-0.03942) av=(-0.000141104,0.186806,-0.000452745)
reseed=0 gear=1 gtmr=1500 b14=[-2.85371e+06,-12620.5,116236] gt=[4.00,3.00,2.40,2.10,1.80,6.00] in=(255,0,255,0) steer=+1.000 gnd=4.0 sp=2289.49 horiz=2288.02 velH=-2.8315 bodyH=-2.8868 slip=+0.0552 d=(-0.09927,-0.03561) av=(-0.00019288,0.188413,-0.000431958)
reseed=0 gear=1 gtmr=1450 b14=[-2.85134e+06,-12637.6,237812] gt=[4.00,3.00,2.40,2.10,1.80,6.00] in=(255,0,255,0) steer=+1.000 gnd=4.0 sp=2306.26 horiz=2304.75 velH=-2.8736 bodyH=-2.9293 slip=+0.0557 d=(-0.10143,-0.03164) av=(-0.000231129,0.189608,-0.000414849)
reseed=0 gear=1 gtmr=1400 b14=[-2.8437e+06,-12654.3,359386] gt=[4.00,3.00,2.40,2.10,1.80,6.00] in=(255,0,255,0) steer=+1.000 gnd=4.0 sp=2322.68 horiz=2321.15 velH=-2.9158 bodyH=-2.9718 slip=+0.0560 d=(-0.10342,-0.02755) av=(-0.000260932,0.190547,-0.000399505)
reseed=0 gear=1 gtmr=1350 b14=[-2.83078e+06,-12670.6,480724] gt=[4.00,3.00,2.40,2.10,1.80,6.00] in=(255,0,255,0) steer=+1.000 gnd=4.0 sp=2338.79 horiz=2337.23 velH=-2.9580 bodyH=-3.0143 slip=+0.0563 d=(-0.10523,-0.02333) av=(-0.000285373,0.191325,-0.00038485)
reseed=0 gear=1 gtmr=1300 b14=[-2.81259e+06,-12686.5,601593] gt=[4.00,3.00,2.40,2.10,1.80,6.00] in=(255,0,255,0) steer=+1.000 gnd=4.0 sp=2354.58 horiz=2353.01 velH=-3.0002 bodyH=-3.0568 slip=+0.0566 d=(-0.10685,-0.01899) av=(-0.000306313,0.192001,-0.000370286)
reseed=0 gear=1 gtmr=1250 b14=[-2.78915e+06,-12702,721761] gt=[4.00,3.00,2.40,2.10,1.80,6.00] in=(255,0,255,0) steer=+1.000 gnd=4.0 sp=2370.08 horiz=2368.48 velH=-3.0425 bodyH=-3.0993 slip=+0.0568 d=(-0.10828,-0.01456) av=(-0.000324864,0.192612,-0.000355494)
reseed=0 gear=1 gtmr=1200 b14=[-2.76049e+06,-12717.1,840995] gt=[4.00,3.00,2.40,2.10,1.80,6.00] in=(255,0,255,0) steer=+1.000 gnd=4.0 sp=2385.27 horiz=2383.66 velH=-3.0847 bodyH=3.1414 slip=+0.0570 d=(-0.10951,-0.01004) av=(-0.000341688,0.193179,-0.000340305)
reseed=0 gear=1 gtmr=1150 b14=[-2.72663e+06,-12731.8,959064] gt=[4.00,3.00,2.40,2.10,1.80,6.00] in=(255,0,255,0) steer=+1.000 gnd=4.0 sp=2400.18 horiz=2398.55 velH=-3.1270 bodyH=3.0989 slip=+0.0573 d=(-0.11053,-0.00544) av=(-0.000357175,0.193717,-0.000324643)
reseed=0 gear=1 gtmr=1100 b14=[-2.68764e+06,-12746,1.07574e+06] gt=[4.00,3.00,2.40,2.10,1.80,6.00] in=(255,0,255,0) steer=+1.000 gnd=4.0 sp=2414.80 horiz=2413.15 velH=3.1139 bodyH=3.0564 slip=+0.0575 d=(-0.11135,-0.00077) av=(-0.000371551,0.194234,-0.000308476)
reseed=0 gear=1 gtmr=1050 b14=[-2.64357e+06,-12759.9,1.1908e+06] gt=[4.00,3.00,2.40,2.10,1.80,6.00] in=(255,0,255,0) steer=+1.000 gnd=4.0 sp=2429.14 horiz=2427.47 velH=3.0716 bodyH=3.0139 slip=+0.0577 d=(-0.11196,0.00397) av=(-0.000384947,0.194735,-0.000291803)
reseed=0 gear=1 gtmr=1000 b14=[-2.59449e+06,-12773.4,1.30401e+06] gt=[4.00,3.00,2.40,2.10,1.80,6.00] in=(255,0,255,0) steer=+1.000 gnd=4.0 sp=2443.19 horiz=2441.51 velH=3.0293 bodyH=2.9714 slip=+0.0579 d=(-0.11235,0.00875) av=(-0.000397433,0.195224,-0.00027464)
reseed=0 gear=1 gtmr=950 b14=[-2.54048e+06,-12786.4,1.41515e+06] gt=[4.00,3.00,2.40,2.10,1.80,6.00] in=(255,0,255,0) steer=+1.000 gnd=4.0 sp=2456.98 horiz=2455.28 velH=2.9870 bodyH=2.9289 slip=+0.0581 d=(-0.11252,0.01357) av=(-0.000409046,0.195703,-0.000257009)
reseed=0 gear=1 gtmr=900 b14=[-2.48164e+06,-12799.1,1.52401e+06] gt=[4.00,3.00,2.40,2.10,1.80,6.00] in=(255,0,255,0) steer=+1.000 gnd=4.0 sp=2470.49 horiz=2468.77 velH=2.9447 bodyH=2.8864 slip=+0.0583 d=(-0.11247,0.01842) av=(-0.000419803,0.196172,-0.000238938)
reseed=0 gear=1 gtmr=850 b14=[-2.41806e+06,-12811.4,1.63038e+06] gt=[4.00,3.00,2.40,2.10,1.80,6.00] in=(255,0,255,0) steer=+1.000 gnd=4.0 sp=2483.73 horiz=2482.00 velH=2.9023 bodyH=2.8439 slip=+0.0584 d=(-0.11220,0.02329) av=(-0.000429709,0.196633,-0.00022046)
reseed=0 gear=1 gtmr=800 b14=[-2.34984e+06,-12823.3,1.73405e+06] gt=[4.00,3.00,2.40,2.10,1.80,6.00] in=(255,0,255,0) steer=+1.000 gnd=4.0 sp=2496.71 horiz=2494.96 velH=2.8600 bodyH=2.8014 slip=+0.0586 d=(-0.11171,0.02816) av=(-0.000438763,0.197087,-0.000201609)
reseed=0 gear=1 gtmr=750 b14=[-2.27712e+06,-12834.9,1.8348e+06] gt=[4.00,3.00,2.40,2.10,1.80,6.00] in=(255,0,255,0) steer=+1.000 gnd=4.0 sp=2509.43 horiz=2507.66 velH=2.8177 bodyH=2.7589 slip=+0.0588 d=(-0.11099,0.03303) av=(-0.000446961,0.197533,-0.000182418)
reseed=0 gear=1 gtmr=700 b14=[-2.20001e+06,-12846.1,1.93245e+06] gt=[4.00,3.00,2.40,2.10,1.80,6.00] in=(255,0,255,0) steer=+1.000 gnd=4.0 sp=2521.89 horiz=2520.11 velH=2.7754 bodyH=2.7164 slip=+0.0590 d=(-0.11005,0.03789) av=(-0.000454295,0.197972,-0.000162926)
reseed=0 gear=1 gtmr=650 b14=[-2.11865e+06,-12856.9,2.0268e+06] gt=[4.00,3.00,2.40,2.10,1.80,6.00] in=(255,0,255,0) steer=+1.000 gnd=4.0 sp=2534.09 horiz=2532.30 velH=2.7331 bodyH=2.6739 slip=+0.0592 d=(-0.10888,0.04272) av=(-0.00046076,0.198404,-0.000143169)
reseed=0 gear=1 gtmr=600 b14=[-2.03319e+06,-12867.3,2.11767e+06] gt=[4.00,3.00,2.40,2.10,1.80,6.00] in=(255,0,255,0) steer=+1.000 gnd=4.0 sp=2546.05 horiz=2544.24 velH=2.6907 bodyH=2.6314 slip=+0.0593 d=(-0.10749,0.04751) av=(-0.000466351,0.19883,-0.000123183)
reseed=0 gear=1 gtmr=550 b14=[-1.94378e+06,-12877.5,2.20487e+06] gt=[4.00,3.00,2.40,2.10,1.80,6.00] in=(255,0,255,0) steer=+1.000 gnd=4.0 sp=2557.76 horiz=2555.94 velH=2.6484 bodyH=2.5889 slip=+0.0595 d=(-0.10588,0.05226) av=(-0.000471061,0.199248,-0.000103005)
reseed=0 gear=1 gtmr=500 b14=[-1.85058e+06,-12887.2,2.28824e+06] gt=[4.00,3.00,2.40,2.10,1.80,6.00] in=(255,0,255,0) steer=+1.000 gnd=4.0 sp=2569.23 horiz=2567.39 velH=2.6061 bodyH=2.5464 slip=+0.0597 d=(-0.10404,0.05696) av=(-0.000474887,0.199659,-8.26732e-05)
reseed=0 gear=1 gtmr=450 b14=[-1.75376e+06,-12896.7,2.3676e+06] gt=[4.00,3.00,2.40,2.10,1.80,6.00] in=(255,0,255,0) steer=+1.000 gnd=4.0 sp=2580.46 horiz=2578.61 velH=2.5637 bodyH=2.5039 slip=+0.0598 d=(-0.10199,0.06158) av=(-0.000477826,0.200064,-6.22241e-05)
reseed=0 gear=1 gtmr=400 b14=[-1.65349e+06,-12905.8,2.44281e+06] gt=[4.00,3.00,2.40,2.10,1.80,6.00] in=(255,0,255,0) steer=+1.000 gnd=4.0 sp=2591.46 horiz=2589.59 velH=2.5214 bodyH=2.4614 slip=+0.0600 d=(-0.09973,0.06613) av=(-0.000479877,0.200462,-4.16956e-05)
reseed=0 gear=1 gtmr=350 b14=[-1.54996e+06,-12914.5,2.5137e+06] gt=[4.00,3.00,2.40,2.10,1.80,6.00] in=(255,0,255,0) steer=+1.000 gnd=4.0 sp=2602.22 horiz=2600.34 velH=2.4790 bodyH=2.4189 slip=+0.0602 d=(-0.09725,0.07059) av=(-0.00048104,0.200854,-2.11259e-05)
reseed=0 gear=1 gtmr=300 b14=[-1.44335e+06,-12923,2.58013e+06] gt=[4.00,3.00,2.40,2.10,1.80,6.00] in=(255,0,255,0) steer=+1.000 gnd=4.0 sp=2612.76 horiz=2610.86 velH=2.4367 bodyH=2.3764 slip=+0.0603 d=(-0.09456,0.07495) av=(-0.000481315,0.201239,-5.51412e-07)
reseed=0 gear=1 gtmr=250 b14=[-1.33385e+06,-12931.1,2.64199e+06] gt=[4.00,3.00,2.40,2.10,1.80,6.00] in=(255,0,255,0) steer=+1.000 gnd=4.0 sp=2623.07 horiz=2621.16 velH=2.3943 bodyH=2.3339 slip=+0.0605 d=(-0.09167,0.07920) av=(-0.000480707,0.201617,1.99907e-05)
reseed=0 gear=1 gtmr=200 b14=[-1.22168e+06,-12938.9,2.69912e+06] gt=[4.00,3.00,2.40,2.10,1.80,6.00] in=(255,0,255,0) steer=+1.000 gnd=4.0 sp=2633.17 horiz=2631.24 velH=2.3520 bodyH=2.2914 slip=+0.0606 d=(-0.08858,0.08334) av=(-0.000479218,0.201989,4.04631e-05)
reseed=0 gear=1 gtmr=150 b14=[-1.10704e+06,-12946.5,2.75143e+06] gt=[4.00,3.00,2.40,2.10,1.80,6.00] in=(255,0,255,0) steer=+1.000 gnd=4.0 sp=2643.05 horiz=2641.11 velH=2.3096 bodyH=2.2489 slip=+0.0608 d=(-0.08530,0.08735) av=(-0.000476856,0.202354,6.08293e-05)
reseed=0 gear=1 gtmr=100 b14=[-990132,-12953.7,2.79881e+06] gt=[4.00,3.00,2.40,2.10,1.80,6.00] in=(255,0,255,0) steer=+1.000 gnd=4.0 sp=2652.71 horiz=2650.76 velH=2.2673 bodyH=2.2064 slip=+0.0609 d=(-0.08183,0.09122) av=(-0.000473627,0.202713,8.10535e-05)
reseed=0 gear=1 gtmr=49 b14=[-871177,-12960.6,2.84115e+06] gt=[4.00,3.00,2.40,2.10,1.80,6.00] in=(255,0,255,0) steer=+1.000 gnd=4.0 sp=2662.16 horiz=2660.20 velH=2.2249 bodyH=2.1639 slip=+0.0610 d=(-0.07817,0.09495) av=(-0.000469538,0.203066,0.000101099)
reseed=0 gear=2 gtmr=3000 b14=[-884080,-15277.4,3.39117e+06] gt=[4.00,3.00,2.40,2.10,1.80,6.00] in=(255,0,255,0) steer=+1.000 gnd=4.0 sp=2671.41 horiz=2669.44 velH=2.1825 bodyH=2.1214 slip=+0.0612 d=(-0.07434,0.09852) av=(-0.000464602,0.203412,0.00012093)
reseed=0 gear=2 gtmr=2950 b14=[-740419,-15295.8,3.43135e+06] gt=[4.00,3.00,2.40,2.10,1.80,6.00] in=(255,0,255,0) steer=+1.000 gnd=4.0 sp=2688.73 horiz=2686.79 velH=2.1394 bodyH=2.0789 slip=+0.0605 d=(-0.07038,0.10203) av=(-0.000459879,0.204174,0.000141893)
reseed=0 gear=2 gtmr=2900 b14=[-594897,-15313.2,3.46521e+06] gt=[4.00,3.00,2.40,2.10,1.80,6.00] in=(255,0,255,0) steer=+1.000 gnd=4.0 sp=2705.84 horiz=2703.91 velH=2.0965 bodyH=2.0364 slip=+0.0602 d=(-0.06634,0.10564) av=(-0.000455046,0.204702,0.000162408)
reseed=0 gear=2 gtmr=2850 b14=[-447810,-15329.7,3.49269e+06] gt=[4.00,3.00,2.40,2.10,1.80,6.00] in=(255,0,255,0) steer=+1.000 gnd=4.0 sp=2722.68 horiz=2720.75 velH=2.0539 bodyH=1.9939 slip=+0.0601 d=(-0.06215,0.10907) av=(-0.000449418,0.205153,0.000182345)
reseed=0 gear=2 gtmr=2800 b14=[-299446,-15345.4,3.51375e+06] gt=[4.00,3.00,2.40,2.10,1.80,6.00] in=(255,0,255,0) steer=+1.000 gnd=4.0 sp=2739.22 horiz=2737.28 velH=2.0114 bodyH=1.9514 slip=+0.0601 d=(-0.05781,0.11231) av=(-0.000442716,0.205597,0.000201733)
reseed=0 gear=2 gtmr=2750 b14=[-150094,-15360.5,3.52836e+06] gt=[4.00,3.00,2.40,2.10,1.80,6.00] in=(255,0,255,0) steer=+1.000 gnd=4.0 sp=2755.43 horiz=2753.48 velH=1.9690 bodyH=1.9089 slip=+0.0602 d=(-0.05330,0.11536) av=(-0.000434872,0.206059,0.00022062)
reseed=0 gear=2 gtmr=2700 b14=[-40.8938,-15375,3.53648e+06] gt=[4.00,3.00,2.40,2.10,1.80,6.00] in=(255,0,255,0) steer=+1.000 gnd=4.0 sp=2771.31 horiz=2769.35 velH=1.9266 bodyH=1.8664 slip=+0.0603 d=(-0.04865,0.11820) av=(-0.000425917,0.206545,0.000239029)
reseed=0 gear=2 gtmr=2650 b14=[150426,-15389,3.53809e+06] gt=[4.00,3.00,2.40,2.10,1.80,6.00] in=(255,0,255,0) steer=+1.000 gnd=4.0 sp=2786.85 horiz=2784.87 velH=1.8843 bodyH=1.8239 slip=+0.0605 d=(-0.04385,0.12084) av=(-0.000415919,0.207052,0.000256957)
reseed=0 gear=2 gtmr=2600 b14=[301019,-15402.4,3.53317e+06] gt=[4.00,3.00,2.40,2.10,1.80,6.00] in=(255,0,255,0) steer=+1.000 gnd=4.0 sp=2802.04 horiz=2800.04 velH=1.8420 bodyH=1.7814 slip=+0.0607 d=(-0.03892,0.12327) av=(-0.000404957,0.207575,0.000274388)
reseed=0 gear=2 gtmr=2550 b14=[451450,-15415.3,3.52172e+06] gt=[4.00,3.00,2.40,2.10,1.80,6.00] in=(255,0,255,0) steer=+1.000 gnd=4.0 sp=2816.90 horiz=2814.88 velH=1.7997 bodyH=1.7388 slip=+0.0609 d=(-0.03385,0.12548) av=(-0.000393107,0.208107,0.000291293)
reseed=0 gear=2 gtmr=2500 b14=[601433,-15427.6,3.50376e+06] gt=[4.00,3.00,2.40,2.10,1.80,6.00] in=(255,0,255,0) steer=+1.000 gnd=4.0 sp=2831.41 horiz=2829.37 velH=1.7574 bodyH=1.6963 slip=+0.0611 d=(-0.02866,0.12747) av=(-0.000380438,0.208644,0.000307643)
reseed=0 gear=2 gtmr=2450 b14=[750680,-15439.6,3.47929e+06] gt=[4.00,3.00,2.40,2.10,1.80,6.00] in=(255,0,255,0) steer=+1.000 gnd=4.0 sp=2845.59 horiz=2843.53 velH=1.7151 bodyH=1.6538 slip=+0.0613 d=(-0.02337,0.12923) av=(-0.000367012,0.209182,0.000323408)
reseed=0 gear=2 gtmr=2400 b14=[898906,-15451,3.44836e+06] gt=[4.00,3.00,2.40,2.10,1.80,6.00] in=(255,0,255,0) steer=+1.000 gnd=4.0 sp=2859.44 horiz=2857.36 velH=1.6728 bodyH=1.6113 slip=+0.0615 d=(-0.01797,0.13074) av=(-0.000352883,0.209717,0.000338557)
reseed=0 gear=2 gtmr=2350 b14=[1.04583e+06,-15462,3.41102e+06] gt=[4.00,3.00,2.40,2.10,1.80,6.00] in=(255,0,255,0) steer=+1.000 gnd=4.0 sp=2872.96 horiz=2870.86 velH=1.6305 bodyH=1.5688 slip=+0.0617 d=(-0.01249,0.13202) av=(-0.000338097,0.210248,0.000353063)
reseed=0 gear=2 gtmr=2300 b14=[1.19116e+06,-15472.5,3.36731e+06] gt=[4.00,3.00,2.40,2.10,1.80,6.00] in=(255,0,255,0) steer=+1.000 gnd=4.0 sp=2886.16 horiz=2884.05 velH=1.5883 bodyH=1.5263 slip=+0.0619 d=(-0.00693,0.13305) av=(-0.000322696,0.210773,0.0003669)
reseed=0 gear=2 gtmr=2250 b14=[1.33463e+06,-15482.6,3.31732e+06] gt=[4.00,3.00,2.40,2.10,1.80,6.00] in=(255,0,255,0) steer=+1.000 gnd=4.0 sp=2899.05 horiz=2896.92 velH=1.5460 bodyH=1.4838 slip=+0.0621 d=(-0.00130,0.13383) av=(-0.00030672,0.211292,0.000380047)
reseed=0 gear=2 gtmr=2200 b14=[1.47597e+06,-15492.3,3.26112e+06] gt=[4.00,3.00,2.40,2.10,1.80,6.00] in=(255,0,255,0) steer=+1.000 gnd=4.0 sp=2911.62 horiz=2909.47 velH=1.5037 bodyH=1.4413 slip=+0.0623 d=(0.00438,0.13436) av=(-0.000290209,0.211802,0.000392479)
reseed=0 gear=2 gtmr=2150 b14=[1.61489e+06,-15501.5,3.19881e+06] gt=[4.00,3.00,2.40,2.10,1.80,6.00] in=(255,0,255,0) steer=+1.000 gnd=4.0 sp=2923.90 horiz=2921.73 velH=1.4613 bodyH=1.3988 slip=+0.0625 d=(0.01010,0.13463) av=(-0.000273197,0.212304,0.000404178)
reseed=0 gear=2 gtmr=2100 b14=[1.75113e+06,-15510.3,3.1305e+06] gt=[4.00,3.00,2.40,2.10,1.80,6.00] in=(255,0,255,0) steer=+1.000 gnd=4.0 sp=2935.87 horiz=2933.69 velH=1.4190 bodyH=1.3563 slip=+0.0627 d=(0.01585,0.13465) av=(-0.000255719,0.212797,0.000415126)
reseed=0 gear=2 gtmr=2050 b14=[1.88444e+06,-15518.8,3.05631e+06] gt=[4.00,3.00,2.40,2.10,1.80,6.00] in=(255,0,255,0) steer=+1.000 gnd=4.0 sp=2947.55 horiz=2945.36 velH=1.3767 bodyH=1.3138 slip=+0.0629 d=(0.02162,0.13440) av=(-0.000237811,0.213282,0.000425305)
reseed=0 gear=2 gtmr=2000 b14=[2.01455e+06,-15526.8,2.97637e+06] gt=[4.00,3.00,2.40,2.10,1.80,6.00] in=(255,0,255,0) steer=+1.000 gnd=4.0 sp=2958.95 horiz=2956.74 velH=1.3344 bodyH=1.2713 slip=+0.0631 d=(0.02739,0.13389) av=(-0.000219506,0.213758,0.0004347)
reseed=0 gear=2 gtmr=1950 b14=[2.14121e+06,-15534.4,2.89081e+06] gt=[4.00,3.00,2.40,2.10,1.80,6.00] in=(255,0,255,0) steer=+1.000 gnd=4.0 sp=2970.07 horiz=2967.83 velH=1.2921 bodyH=1.2288 slip=+0.0633 d=(0.03316,0.13312) av=(-0.000200841,0.214225,0.000443297)
reseed=0 gear=2 gtmr=1900 b14=[2.26419e+06,-15541.7,2.79979e+06] gt=[4.00,3.00,2.40,2.10,1.80,6.00] in=(255,0,255,0) steer=+1.000 gnd=4.0 sp=2980.91 horiz=2978.66 velH=1.2498 bodyH=1.1863 slip=+0.0634 d=(0.03890,0.13209) av=(-0.00018185,0.214682,0.000451085)
reseed=0 gear=2 gtmr=1850 b14=[2.38324e+06,-15548.6,2.70348e+06] gt=[4.00,3.00,2.40,2.10,1.80,6.00] in=(255,0,255,0) steer=+1.000 gnd=4.0 sp=2991.48 horiz=2989.21 velH=1.2074 bodyH=1.1438 slip=+0.0636 d=(0.04462,0.13080) av=(-0.000162566,0.215131,0.000458053)
reseed=0 gear=2 gtmr=1800 b14=[2.49813e+06,-15555.1,2.60204e+06] gt=[4.00,3.00,2.40,2.10,1.80,6.00] in=(255,0,255,0) steer=+1.000 gnd=4.0 sp=3001.78 horiz=2999.50 velH=1.1651 bodyH=1.1013 slip=+0.0638 d=(0.05029,0.12925) av=(-0.000143026,0.215571,0.000464189)
reseed=0 gear=2 gtmr=1750 b14=[2.60864e+06,-15561.3,2.49567e+06] gt=[4.00,3.00,2.40,2.10,1.80,6.00] in=(255,0,255,0) steer=+1.000 gnd=4.0 sp=3011.83 horiz=3009.53 velH=1.1228 bodyH=1.0588 slip=+0.0640 d=(0.05590,0.12744) av=(-0.000123265,0.216003,0.000469487)
reseed=0 gear=2 gtmr=1700 b14=[2.71457e+06,-15567.1,2.38454e+06] gt=[4.00,3.00,2.40,2.10,1.80,6.00] in=(255,0,255,0) steer=+1.000 gnd=4.0 sp=3021.62 horiz=3019.31 velH=1.0804 bodyH=1.0163 slip=+0.0641 d=(0.06145,0.12537) av=(-0.000103319,0.216425,0.000473939)
reseed=0 gear=2 gtmr=1650 b14=[2.8157e+06,-15572.6,2.26887e+06] gt=[4.00,3.00,2.40,2.10,1.80,6.00] in=(255,0,255,0) steer=+1.000 gnd=4.0 sp=3031.16 horiz=3028.84 velH=1.0381 bodyH=0.9738 slip=+0.0643 d=(0.06692,0.12306) av=(-8.32224e-05,0.216839,0.000477541)
reseed=0 gear=2 gtmr=1600 b14=[2.91184e+06,-15577.8,2.14887e+06] gt=[4.00,3.00,2.40,2.10,1.80,6.00] in=(255,0,255,0) steer=+1.000 gnd=4.0 sp=3040.46 horiz=3038.13 velH=0.9958 bodyH=0.9313 slip=+0.0644 d=(0.07229,0.12049) av=(-6.30125e-05,0.217245,0.000480288)
reseed=0 gear=2 gtmr=1550 b14=[3.0028e+06,-15582.6,2.02475e+06] gt=[4.00,3.00,2.40,2.10,1.80,6.00] in=(255,0,255,0) steer=+1.000 gnd=4.0 sp=3049.53 horiz=3047.18 velH=0.9534 bodyH=0.8888 slip=+0.0646 d=(0.07756,0.11768) av=(-4.27236e-05,0.217642,0.000482177)
reseed=0 gear=2 gtmr=1500 b14=[3.08841e+06,-15587.2,1.89674e+06] gt=[4.00,3.00,2.40,2.10,1.80,6.00] in=(255,0,255,0) steer=+1.000 gnd=4.0 sp=3058.36 horiz=3056.00 velH=0.9111 bodyH=0.8463 slip=+0.0647 d=(0.08272,0.11463) av=(-2.23917e-05,0.21803,0.000483207)
reseed=0 gear=2 gtmr=1450 b14=[3.1685e+06,-15591.4,1.76508e+06] gt=[4.00,3.00,2.40,2.10,1.80,6.00] in=(255,0,255,0) steer=+1.000 gnd=4.0 sp=3066.96 horiz=3064.59 velH=0.8687 bodyH=0.8038 slip=+0.0649 d=(0.08775,0.11134) av=(-2.05245e-06,0.218411,0.00048338)
reseed=0 gear=2 gtmr=1400 b14=[3.24292e+06,-15595.3,1.63e+06] gt=[4.00,3.00,2.40,2.10,1.80,6.00] in=(255,0,255,0) steer=+1.000 gnd=4.0 sp=3075.35 horiz=3072.95 velH=0.8263 bodyH=0.7613 slip=+0.0650 d=(0.09264,0.10783) av=(1.82574e-05,0.218783,0.000482695)
reseed=0 gear=2 gtmr=1350 b14=[3.31151e+06,-15598.9,1.49176e+06] gt=[4.00,3.00,2.40,2.10,1.80,6.00] in=(255,0,255,0) steer=+1.000 gnd=4.0 sp=3083.51 horiz=3081.11 velH=0.7840 bodyH=0.7188 slip=+0.0652 d=(0.09739,0.10409) av=(3.85038e-05,0.219147,0.000481157)
reseed=0 gear=2 gtmr=1300 b14=[3.37415e+06,-15602.3,1.35061e+06] gt=[4.00,3.00,2.40,2.10,1.80,6.00] in=(255,0,255,0) steer=+1.000 gnd=4.0 sp=3091.46 horiz=3089.05 velH=0.7416 bodyH=0.6763 slip=+0.0653 d=(0.10198,0.10013) av=(5.86506e-05,0.219503,0.00047877)
reseed=0 gear=2 gtmr=1250 b14=[3.43071e+06,-15605.3,1.2068e+06] gt=[4.00,3.00,2.40,2.10,1.80,6.00] in=(255,0,255,0) steer=+1.000 gnd=4.0 sp=3099.21 horiz=3096.78 velH=0.6992 bodyH=0.6338 slip=+0.0655 d=(0.10640,0.09597) av=(7.86626e-05,0.219851,0.000475539)
reseed=0 gear=2 gtmr=1200 b14=[3.48108e+06,-15608.1,1.06061e+06] gt=[4.00,3.00,2.40,2.10,1.80,6.00] in=(255,0,255,0) steer=+1.000 gnd=4.0 sp=3106.75 horiz=3104.31 velH=0.6569 bodyH=0.5913 slip=+0.0656 d=(0.11064,0.09161) av=(9.85056e-05,0.220192,0.000471473)
reseed=0 gear=2 gtmr=1150 b14=[3.52516e+06,-15610.6,912306] gt=[4.00,3.00,2.40,2.10,1.80,6.00] in=(255,0,255,0) steer=+1.000 gnd=4.0 sp=3114.09 horiz=3111.64 velH=0.6145 bodyH=0.5488 slip=+0.0657 d=(0.11470,0.08705) av=(0.000118145,0.220525,0.00046658)
reseed=0 gear=2 gtmr=1100 b14=[3.56286e+06,-15612.9,762155] gt=[4.00,3.00,2.40,2.10,1.80,6.00] in=(255,0,255,0) steer=+1.000 gnd=4.0 sp=3121.24 horiz=3118.78 velH=0.5721 bodyH=0.5063 slip=+0.0658 d=(0.11856,0.08230) av=(0.000137546,0.220851,0.000460869)
reseed=0 gear=2 gtmr=1050 b14=[3.59411e+06,-15614.9,610437] gt=[4.00,3.00,2.40,2.10,1.80,6.00] in=(255,0,255,0) steer=+1.000 gnd=4.0 sp=3128.20 horiz=3125.73 velH=0.5297 bodyH=0.4638 slip=+0.0660 d=(0.12222,0.07738) av=(0.000156676,0.221169,0.000454352)
reseed=0 gear=2 gtmr=1000 b14=[3.61884e+06,-15616.6,457432] gt=[4.00,3.00,2.40,2.10,1.80,6.00] in=(255,0,255,0) steer=+1.000 gnd=4.0 sp=3134.98 horiz=3132.49 velH=0.4874 bodyH=0.4213 slip=+0.0661 d=(0.12566,0.07229) av=(0.000175502,0.22148,0.000447043)
reseed=0 gear=2 gtmr=950 b14=[3.637e+06,-15618.1,303424] gt=[4.00,3.00,2.40,2.10,1.80,6.00] in=(255,0,255,0) steer=+1.000 gnd=4.0 sp=3141.57 horiz=3139.08 velH=0.4450 bodyH=0.3788 slip=+0.0662 d=(0.12889,0.06705) av=(0.000193991,0.221784,0.000438955)
reseed=0 gear=2 gtmr=900 b14=[3.64856e+06,-15619.4,148695] gt=[4.00,3.00,2.40,2.10,1.80,6.00] in=(255,0,255,0) steer=+1.000 gnd=4.0 sp=3147.99 horiz=3145.49 velH=0.4026 bodyH=0.3363 slip=+0.0663 d=(0.13189,0.06166) av=(0.000212111,0.22208,0.000430104)
reseed=0 gear=2 gtmr=850 b14=[3.65348e+06,-15620.5,-6467.23] gt=[4.00,3.00,2.40,2.10,1.80,6.00] in=(255,0,255,0) steer=+1.000 gnd=4.0 sp=3154.24 horiz=3151.72 velH=0.3602 bodyH=0.2938 slip=+0.0664 d=(0.13466,0.05612) av=(0.000229832,0.22237,0.000420505)
reseed=0 gear=2 gtmr=800 b14=[3.65174e+06,-15621.3,-161777] gt=[4.00,3.00,2.40,2.10,1.80,6.00] in=(255,0,255,0) steer=+1.000 gnd=4.0 sp=3160.32 horiz=3157.80 velH=0.3178 bodyH=0.2513 slip=+0.0665 d=(0.13718,0.05047) av=(0.000247123,0.222653,0.000410177)
reseed=0 gear=2 gtmr=750 b14=[3.64336e+06,-15621.9,-316946] gt=[4.00,3.00,2.40,2.10,1.80,6.00] in=(255,0,255,0) steer=+1.000 gnd=4.0 sp=3166.24 horiz=3163.70 velH=0.2754 bodyH=0.2088 slip=+0.0666 d=(0.13947,0.04469) av=(0.000263953,0.22293,0.000399139)
reseed=0 gear=2 gtmr=700 b14=[3.62833e+06,-15622.3,-471689] gt=[4.00,3.00,2.40,2.10,1.80,6.00] in=(255,0,255,0) steer=+1.000 gnd=4.0 sp=3172.00 horiz=3169.45 velH=0.2330 bodyH=0.1663 slip=+0.0667 d=(0.14150,0.03881) av=(0.000280294,0.2232,0.000387412)
reseed=0 gear=2 gtmr=650 b14=[3.60669e+06,-15622.5,-625718] gt=[4.00,3.00,2.40,2.10,1.80,6.00] in=(255,0,255,0) steer=+1.000 gnd=4.0 sp=3177.60 horiz=3175.05 velH=0.1906 bodyH=0.1238 slip=+0.0668 d=(0.14327,0.03284) av=(0.00029612,0.223463,0.000375017)
reseed=0 gear=2 gtmr=600 b14=[3.57846e+06,-15622.5,-778750] gt=[4.00,3.00,2.40,2.10,1.80,6.00] in=(255,0,255,0) steer=+1.000 gnd=4.0 sp=3183.05 horiz=3180.49 velH=0.1482 bodyH=0.0813 slip=+0.0669 d=(0.14479,0.02678) av=(0.0003114,0.22372,0.000361976)
reseed=0 gear=2 gtmr=550 b14=[3.54369e+06,-15622.3,-930501] gt=[4.00,3.00,2.40,2.10,1.80,6.00] in=(255,0,255,0) steer=+1.000 gnd=4.0 sp=3188.36 horiz=3185.78 velH=0.1058 bodyH=0.0388 slip=+0.0670 d=(0.14604,0.02066) av=(0.000326112,0.223971,0.000348313)
reseed=0 gear=2 gtmr=500 b14=[3.50245e+06,-15621.9,-1.08069e+06] gt=[4.00,3.00,2.40,2.10,1.80,6.00] in=(255,0,255,0) steer=+1.000 gnd=4.0 sp=3193.51 horiz=3190.93 velH=0.0634 bodyH=-0.0037 slip=+0.0671 d=(0.14703,0.01447) av=(0.000340227,0.224216,0.000334053)
reseed=0 gear=2 gtmr=450 b14=[3.4548e+06,-15621.3,-1.22904e+06] gt=[4.00,3.00,2.40,2.10,1.80,6.00] in=(255,0,255,0) steer=+1.000 gnd=4.0 sp=3198.53 horiz=3195.94 velH=0.0210 bodyH=-0.0462 slip=+0.0672 d=(0.14775,0.00824) av=(0.000353724,0.224455,0.000319222)
reseed=0 gear=2 gtmr=400 b14=[3.40083e+06,-15620.5,-1.37528e+06] gt=[4.00,3.00,2.40,2.10,1.80,6.00] in=(255,0,255,0) steer=+1.000 gnd=4.0 sp=3203.41 horiz=3200.82 velH=-0.0214 bodyH=-0.0887 slip=+0.0673 d=(0.14820,0.00197) av=(0.000366578,0.224688,0.000303846)
reseed=0 gear=2 gtmr=350 b14=[3.34063e+06,-15619.6,-1.51913e+06] gt=[4.00,3.00,2.40,2.10,1.80,6.00] in=(255,0,255,0) steer=+1.000 gnd=4.0 sp=3208.16 horiz=3205.56 velH=-0.0638 bodyH=-0.1312 slip=+0.0674 d=(0.14837,-0.00432) av=(0.000378768,0.224916,0.000287952)
reseed=0 gear=2 gtmr=300 b14=[3.27431e+06,-15618.5,-1.66033e+06] gt=[4.00,3.00,2.40,2.10,1.80,6.00] in=(255,0,255,0) steer=+1.000 gnd=4.0 sp=3212.78 horiz=3210.17 velH=-0.1063 bodyH=-0.1737 slip=+0.0675 d=(0.14827,-0.01062) av=(0.000390274,0.225137,0.00027157)
reseed=0 gear=2 gtmr=250 b14=[3.20199e+06,-15617.2,-1.79862e+06] gt=[4.00,3.00,2.40,2.10,1.80,6.00] in=(255,0,255,0) steer=+1.000 gnd=4.0 sp=3217.27 horiz=3214.65 velH=-0.1487 bodyH=-0.2162 slip=+0.0676 d=(0.14790,-0.01693) av=(0.000401075,0.225354,0.00025473)
reseed=0 gear=2 gtmr=200 b14=[3.1238e+06,-15615.8,-1.93374e+06] gt=[4.00,3.00,2.40,2.10,1.80,6.00] in=(255,0,255,0) steer=+1.000 gnd=4.0 sp=3221.64 horiz=3219.01 velH=-0.1911 bodyH=-0.2588 slip=+0.0676 d=(0.14725,-0.02321) av=(0.000411153,0.225565,0.000237459)
reseed=0 gear=2 gtmr=150 b14=[3.03988e+06,-15614.2,-2.06544e+06] gt=[4.00,3.00,2.40,2.10,1.80,6.00] in=(255,0,255,0) steer=+1.000 gnd=4.0 sp=3225.88 horiz=3223.25 velH=-0.2335 bodyH=-0.3013 slip=+0.0677 d=(0.14633,-0.02948) av=(0.000420493,0.22577,0.000219791)
reseed=0 gear=2 gtmr=100 b14=[2.95038e+06,-15612.4,-2.19348e+06] gt=[4.00,3.00,2.40,2.10,1.80,6.00] in=(255,0,255,0) steer=+1.000 gnd=4.0 sp=3230.01 horiz=3227.37 velH=-0.2760 bodyH=-0.3438 slip=+0.0678 d=(0.14514,-0.03570) av=(0.000429076,0.22597,0.000201755)
reseed=0 gear=2 gtmr=49 b14=[2.85545e+06,-15610.5,-2.31763e+06] gt=[4.00,3.00,2.40,2.10,1.80,6.00] in=(255,0,255,0) steer=+1.000 gnd=4.0 sp=3234.03 horiz=3231.38 velH=-0.3184 bodyH=-0.3863 slip=+0.0679 d=(0.14368,-0.04188) av=(0.00043689,0.226166,0.000183384)
reseed=0 gear=3 gtmr=3000 b14=[3.03804e+06,-17210.3,-2.6878e+06] gt=[4.00,3.00,2.40,2.10,1.80,6.00] in=(255,0,255,0) steer=+1.000 gnd=4.0 sp=3237.93 horiz=3235.28 velH=-0.3608 bodyH=-0.4288 slip=+0.0679 d=(0.14195,-0.04800) av=(0.000443922,0.226356,0.000164712)
reseed=0 gear=3 gtmr=2950 b14=[2.92351e+06,-17216.8,-2.81679e+06] gt=[4.00,3.00,2.40,2.10,1.80,6.00] in=(255,0,255,0) steer=+1.000 gnd=4.0 sp=3247.59 horiz=3244.96 velH=-0.4037 bodyH=-0.4713 slip=+0.0675 d=(0.14000,-0.05409) av=(0.000451373,0.226863,0.000145255)
reseed=0 gear=3 gtmr=2900 b14=[2.80338e+06,-17222.4,-2.94076e+06] gt=[4.00,3.00,2.40,2.10,1.80,6.00] in=(255,0,255,0) steer=+1.000 gnd=4.0 sp=3257.12 horiz=3254.50 velH=-0.4465 bodyH=-0.5138 slip=+0.0673 d=(0.13797,-0.06022) av=(0.000458477,0.227204,0.000125427)
reseed=0 gear=3 gtmr=2850 b14=[2.67789e+06,-17227.4,-3.05949e+06] gt=[4.00,3.00,2.40,2.10,1.80,6.00] in=(255,0,255,0) steer=+1.000 gnd=4.0 sp=3266.48 horiz=3263.86 velH=-0.4891 bodyH=-0.5563 slip=+0.0672 d=(0.13566,-0.06625) av=(0.000464706,0.227485,0.000105462)
reseed=0 gear=3 gtmr=2800 b14=[2.54728e+06,-17231.9,-3.17276e+06] gt=[4.00,3.00,2.40,2.10,1.80,6.00] in=(255,0,255,0) steer=+1.000 gnd=4.0 sp=3275.63 horiz=3273.02 velH=-0.5316 bodyH=-0.5988 slip=+0.0672 d=(0.13310,-0.07217) av=(0.00046985,0.227758,8.54406e-05)
reseed=0 gear=3 gtmr=2750 b14=[2.41182e+06,-17235.9,-3.28037e+06] gt=[4.00,3.00,2.40,2.10,1.80,6.00] in=(255,0,255,0) steer=+1.000 gnd=4.0 sp=3284.58 horiz=3281.96 velH=-0.5741 bodyH=-0.6413 slip=+0.0672 d=(0.13027,-0.07798) av=(0.000473857,0.228042,6.53856e-05)
reseed=0 gear=3 gtmr=2700 b14=[2.27176e+06,-17239.5,-3.38212e+06] gt=[4.00,3.00,2.40,2.10,1.80,6.00] in=(255,0,255,0) steer=+1.000 gnd=4.0 sp=3293.30 horiz=3290.68 velH=-0.6165 bodyH=-0.6838 slip=+0.0673 d=(0.12719,-0.08366) av=(0.00047674,0.228345,4.53059e-05)
reseed=0 gear=3 gtmr=2650 b14=[2.12736e+06,-17242.7,-3.4778e+06] gt=[4.00,3.00,2.40,2.10,1.80,6.00] in=(255,0,255,0) steer=+1.000 gnd=4.0 sp=3301.80 horiz=3299.16 velH=-0.6589 bodyH=-0.7263 slip=+0.0674 d=(0.12385,-0.08922) av=(0.000478544,0.228666,2.52138e-05)
reseed=0 gear=3 gtmr=2600 b14=[1.97888e+06,-17245.5,-3.56724e+06] gt=[4.00,3.00,2.40,2.10,1.80,6.00] in=(255,0,255,0) steer=+1.000 gnd=4.0 sp=3310.07 horiz=3307.42 velH=-0.7013 bodyH=-0.7688 slip=+0.0675 d=(0.12027,-0.09463) av=(0.000479315,0.229001,5.12853e-06)
reseed=0 gear=3 gtmr=2550 b14=[1.82662e+06,-17248,-3.65028e+06] gt=[4.00,3.00,2.40,2.10,1.80,6.00] in=(255,0,255,0) steer=+1.000 gnd=4.0 sp=3318.12 horiz=3315.46 velH=-0.7437 bodyH=-0.8113 slip=+0.0676 d=(0.11644,-0.09989) av=(0.000479097,0.229345,-1.49246e-05)
reseed=0 gear=3 gtmr=2500 b14=[1.67083e+06,-17250.2,-3.72674e+06] gt=[4.00,3.00,2.40,2.10,1.80,6.00] in=(255,0,255,0) steer=+1.000 gnd=4.0 sp=3325.94 horiz=3323.27 velH=-0.7861 bodyH=-0.8538 slip=+0.0677 d=(0.11237,-0.10498) av=(0.00047793,0.229695,-3.49186e-05)
reseed=0 gear=3 gtmr=2450 b14=[1.51182e+06,-17252,-3.79649e+06] gt=[4.00,3.00,2.40,2.10,1.80,6.00] in=(255,0,255,0) steer=+1.000 gnd=4.0 sp=3333.55 horiz=3330.86 velH=-0.8284 bodyH=-0.8963 slip=+0.0679 d=(0.10808,-0.10990) av=(0.000475847,0.230047,-5.48217e-05)
reseed=0 gear=3 gtmr=2400 b14=[1.34988e+06,-17253.6,-3.85939e+06] gt=[4.00,3.00,2.40,2.10,1.80,6.00] in=(255,0,255,0) steer=+1.000 gnd=4.0 sp=3340.94 horiz=3338.24 velH=-0.8708 bodyH=-0.9388 slip=+0.0680 d=(0.10356,-0.11464) av=(0.000472876,0.230398,-7.45988e-05)
reseed=0 gear=3 gtmr=2350 b14=[1.1853e+06,-17254.9,-3.91532e+06] gt=[4.00,3.00,2.40,2.10,1.80,6.00] in=(255,0,255,0) steer=+1.000 gnd=4.0 sp=3348.12 horiz=3345.41 velH=-0.9132 bodyH=-0.9813 slip=+0.0681 d=(0.09883,-0.11919) av=(0.000469039,0.230747,-9.42175e-05)
reseed=0 gear=3 gtmr=2300 b14=[1.01839e+06,-17255.9,-3.96417e+06] gt=[4.00,3.00,2.40,2.10,1.80,6.00] in=(255,0,255,0) steer=+1.000 gnd=4.0 sp=3355.09 horiz=3352.37 velH=-0.9555 bodyH=-1.0238 slip=+0.0682 d=(0.09389,-0.12353) av=(0.000464358,0.231091,-0.000113643)
reseed=0 gear=3 gtmr=2250 b14=[849455,-17256.6,-4.00584e+06] gt=[4.00,3.00,2.40,2.10,1.80,6.00] in=(255,0,255,0) steer=+1.000 gnd=4.0 sp=3361.86 horiz=3359.13 velH=-0.9979 bodyH=-1.0663 slip=+0.0684 d=(0.08876,-0.12766) av=(0.000458851,0.23143,-0.000132841)
reseed=0 gear=3 gtmr=2200 b14=[678808,-17257.1,-4.04026e+06] gt=[4.00,3.00,2.40,2.10,1.80,6.00] in=(255,0,255,0) steer=+1.000 gnd=4.0 sp=3368.44 horiz=3365.69 velH=-1.0403 bodyH=-1.1088 slip=+0.0685 d=(0.08344,-0.13157) av=(0.000452536,0.231762,-0.00015178)
reseed=0 gear=3 gtmr=2150 b14=[506763,-17257.3,-4.06734e+06] gt=[4.00,3.00,2.40,2.10,1.80,6.00] in=(255,0,255,0) steer=+1.000 gnd=4.0 sp=3374.82 horiz=3372.07 velH=-1.0827 bodyH=-1.1513 slip=+0.0686 d=(0.07794,-0.13525) av=(0.000445429,0.232088,-0.000170425)
reseed=0 gear=3 gtmr=2100 b14=[333638,-17257.3,-4.08704e+06] gt=[4.00,3.00,2.40,2.10,1.80,6.00] in=(255,0,255,0) steer=+1.000 gnd=4.0 sp=3381.02 horiz=3378.25 velH=-1.1251 bodyH=-1.1938 slip=+0.0687 d=(0.07227,-0.13869) av=(0.000437546,0.232407,-0.000188746)
reseed=0 gear=3 gtmr=2050 b14=[159750,-17257.1,-4.09932e+06] gt=[4.00,3.00,2.40,2.10,1.80,6.00] in=(255,0,255,0) steer=+1.000 gnd=4.0 sp=3387.04 horiz=3384.26 velH=-1.1674 bodyH=-1.2363 slip=+0.0689 d=(0.06645,-0.14188) av=(0.000428907,0.232719,-0.000206709)
reseed=0 gear=3 gtmr=2000 b14=[-14577.5,-17256.6,-4.10415e+06] gt=[4.00,3.00,2.40,2.10,1.80,6.00] in=(255,0,255,0) steer=+1.000 gnd=4.0 sp=3392.88 horiz=3390.09 velH=-1.2098 bodyH=-1.2788 slip=+0.0690 d=(0.06049,-0.14483) av=(0.000419528,0.233023,-0.000224284)
reseed=0 gear=3 gtmr=1950 b14=[-189025,-17255.9,-4.10151e+06] gt=[4.00,3.00,2.40,2.10,1.80,6.00] in=(255,0,255,0) steer=+1.000 gnd=4.0 sp=3398.55 horiz=3395.75 velH=-1.2522 bodyH=-1.3213 slip=+0.0691 d=(0.05439,-0.14751) av=(0.000409426,0.233319,-0.000241442)
reseed=0 gear=3 gtmr=1900 b14=[-363269,-17255,-4.09141e+06] gt=[4.00,3.00,2.40,2.10,1.80,6.00] in=(255,0,255,0) steer=+1.000 gnd=4.0 sp=3404.05 horiz=3401.25 velH=-1.2946 bodyH=-1.3638 slip=+0.0692 d=(0.04817,-0.14993) av=(0.000398622,0.233609,-0.000258153)
reseed=0 gear=3 gtmr=1850 b14=[-536990,-17253.9,-4.07386e+06] gt=[4.00,3.00,2.40,2.10,1.80,6.00] in=(255,0,255,0) steer=+1.000 gnd=4.0 sp=3409.39 horiz=3406.58 velH=-1.3370 bodyH=-1.4063 slip=+0.0693 d=(0.04184,-0.15208) av=(0.000387135,0.233891,-0.000274387)
reseed=0 gear=3 gtmr=1800 b14=[-709867,-17252.6,-4.04888e+06] gt=[4.00,3.00,2.40,2.10,1.80,6.00] in=(255,0,255,0) steer=+1.000 gnd=4.0 sp=3414.58 horiz=3411.75 velH=-1.3794 bodyH=-1.4488 slip=+0.0694 d=(0.03541,-0.15396) av=(0.000374988,0.234165,-0.000290119)
reseed=0 gear=3 gtmr=1750 b14=[-881581,-17251.1,-4.01652e+06] gt=[4.00,3.00,2.40,2.10,1.80,6.00] in=(255,0,255,0) steer=+1.000 gnd=4.0 sp=3419.60 horiz=3416.77 velH=-1.4218 bodyH=-1.4913 slip=+0.0695 d=(0.02890,-0.15555) av=(0.0003622,0.234433,-0.000305321)
reseed=0 gear=3 gtmr=1700 b14=[-1.05182e+06,-17249.4,-3.97684e+06] gt=[4.00,3.00,2.40,2.10,1.80,6.00] in=(255,0,255,0) steer=+1.000 gnd=4.0 sp=3424.48 horiz=3421.64 velH=-1.4642 bodyH=-1.5338 slip=+0.0696 d=(0.02231,-0.15687) av=(0.000348797,0.234694,-0.000319966)
reseed=0 gear=3 gtmr=1650 b14=[-1.22026e+06,-17247.5,-3.9299e+06] gt=[4.00,3.00,2.40,2.10,1.80,6.00] in=(255,0,255,0) steer=+1.000 gnd=4.0 sp=3429.22 horiz=3426.36 velH=-1.5066 bodyH=-1.5763 slip=+0.0697 d=(0.01566,-0.15790) av=(0.000334801,0.234947,-0.000334031)
reseed=0 gear=3 gtmr=1600 b14=[-1.38659e+06,-17245.4,-3.87579e+06] gt=[4.00,3.00,2.40,2.10,1.80,6.00] in=(255,0,255,0) steer=+1.000 gnd=4.0 sp=3433.81 horiz=3430.95 velH=-1.5490 bodyH=-1.6188 slip=+0.0698 d=(0.00897,-0.15863) av=(0.000320237,0.235194,-0.000347491)
reseed=0 gear=3 gtmr=1550 b14=[-1.55052e+06,-17243.2,-3.81461e+06] gt=[4.00,3.00,2.40,2.10,1.80,6.00] in=(255,0,255,0) steer=+1.000 gnd=4.0 sp=3438.26 horiz=3435.39 velH=-1.5914 bodyH=-1.6613 slip=+0.0699 d=(0.00224,-0.15908) av=(0.000305133,0.235435,-0.000360323)
reseed=0 gear=3 gtmr=1500 b14=[-1.71173e+06,-17240.8,-3.74645e+06] gt=[4.00,3.00,2.40,2.10,1.80,6.00] in=(255,0,255,0) steer=+1.000 gnd=4.0 sp=3442.58 horiz=3439.71 velH=-1.6338 bodyH=-1.7038 slip=+0.0700 d=(-0.00452,-0.15924) av=(0.000289514,0.235668,-0.000372506)
reseed=0 gear=3 gtmr=1450 b14=[-1.86994e+06,-17238.2,-3.67144e+06] gt=[4.00,3.00,2.40,2.10,1.80,6.00] in=(255,0,255,0) steer=+1.000 gnd=4.0 sp=3446.78 horiz=3443.89 velH=-1.6763 bodyH=-1.7463 slip=+0.0701 d=(-0.01128,-0.15910) av=(0.000273409,0.235896,-0.000384019)
reseed=0 gear=3 gtmr=1400 b14=[-2.02484e+06,-17235.4,-3.58973e+06] gt=[4.00,3.00,2.40,2.10,1.80,6.00] in=(255,0,255,0) steer=+1.000 gnd=4.0 sp=3450.84 horiz=3447.95 velH=-1.7187 bodyH=-1.7888 slip=+0.0701 d=(-0.01804,-0.15867) av=(0.000256845,0.236117,-0.000394842)
reseed=0 gear=3 gtmr=1350 b14=[-2.17615e+06,-17232.6,-3.50145e+06] gt=[4.00,3.00,2.40,2.10,1.80,6.00] in=(255,0,255,0) steer=+1.000 gnd=4.0 sp=3454.79 horiz=3451.89 velH=-1.7611 bodyH=-1.8313 slip=+0.0702 d=(-0.02478,-0.15795) av=(0.000239853,0.236333,-0.000404958)
reseed=0 gear=3 gtmr=1300 b14=[-2.3236e+06,-17229.5,-3.40676e+06] gt=[4.00,3.00,2.40,2.10,1.80,6.00] in=(255,0,255,0) steer=+1.000 gnd=4.0 sp=3458.61 horiz=3455.70 velH=-1.8035 bodyH=-1.8738 slip=+0.0703 d=(-0.03149,-0.15693) av=(0.000222461,0.236542,-0.000414349)
reseed=0 gear=3 gtmr=1250 b14=[-2.46691e+06,-17226.3,-3.30584e+06] gt=[4.00,3.00,2.40,2.10,1.80,6.00] in=(255,0,255,0) steer=+1.000 gnd=4.0 sp=3462.32 horiz=3459.40 velH=-1.8460 bodyH=-1.9163 slip=+0.0704 d=(-0.03816,-0.15563) av=(0.000204701,0.236745,-0.000422999)
reseed=0 gear=3 gtmr=1200 b14=[-2.60582e+06,-17223,-3.19886e+06] gt=[4.00,3.00,2.40,2.10,1.80,6.00] in=(255,0,255,0) steer=+1.000 gnd=4.0 sp=3465.91 horiz=3462.99 velH=-1.8884 bodyH=-1.9588 slip=+0.0705 d=(-0.04477,-0.15403) av=(0.000186604,0.236943,-0.000430894)
reseed=0 gear=3 gtmr=1150 b14=[-2.74007e+06,-17219.5,-3.08602e+06] gt=[4.00,3.00,2.40,2.10,1.80,6.00] in=(255,0,255,0) steer=+1.000 gnd=4.0 sp=3469.40 horiz=3466.47 velH=-1.9308 bodyH=-2.0013 slip=+0.0705 d=(-0.05132,-0.15215) av=(0.000168202,0.237135,-0.000438021)
reseed=0 gear=3 gtmr=1100 b14=[-2.86942e+06,-17216,-2.96754e+06] gt=[4.00,3.00,2.40,2.10,1.80,6.00] in=(255,0,255,0) steer=+1.000 gnd=4.0 sp=3472.78 horiz=3469.85 velH=-1.9732 bodyH=-2.0438 slip=+0.0706 d=(-0.05778,-0.14999) av=(0.000149527,0.237322,-0.000444368)
reseed=0 gear=3 gtmr=1050 b14=[-2.99362e+06,-17212.2,-2.8436e+06] gt=[4.00,3.00,2.40,2.10,1.80,6.00] in=(255,0,255,0) steer=+1.000 gnd=4.0 sp=3476.06 horiz=3473.12 velH=-2.0157 bodyH=-2.0863 slip=+0.0707 d=(-0.06415,-0.14754) av=(0.000130612,0.237504,-0.000449925)
reseed=0 gear=3 gtmr=1000 b14=[-3.11245e+06,-17208.4,-2.71446e+06] gt=[4.00,3.00,2.40,2.10,1.80,6.00] in=(255,0,255,0) steer=+1.000 gnd=4.0 sp=3479.24 horiz=3476.30 velH=-2.0581 bodyH=-2.1288 slip=+0.0707 d=(-0.07042,-0.14483) av=(0.00011149,0.237681,-0.000454682)
reseed=0 gear=3 gtmr=950 b14=[-3.22568e+06,-17204.4,-2.58033e+06] gt=[4.00,3.00,2.40,2.10,1.80,6.00] in=(255,0,255,0) steer=+1.000 gnd=4.0 sp=3482.32 horiz=3479.37 velH=-2.1006 bodyH=-2.1713 slip=+0.0708 d=(-0.07657,-0.14184) av=(9.21965e-05,0.237852,-0.000458631)
reseed=0 gear=3 gtmr=900 b14=[-3.33312e+06,-17200.3,-2.44147e+06] gt=[4.00,3.00,2.40,2.10,1.80,6.00] in=(255,0,255,0) steer=+1.000 gnd=4.0 sp=3485.31 horiz=3482.35 velH=-2.1430 bodyH=-2.2138 slip=+0.0709 d=(-0.08259,-0.13858) av=(7.27639e-05,0.238019,-0.000461766)
reseed=0 gear=3 gtmr=850 b14=[-3.43456e+06,-17196.1,-2.29812e+06] gt=[4.00,3.00,2.40,2.10,1.80,6.00] in=(255,0,255,0) steer=+1.000 gnd=4.0 sp=3488.21 horiz=3485.24 velH=-2.1854 bodyH=-2.2563 slip=+0.0709 d=(-0.08847,-0.13507) av=(5.32262e-05,0.238181,-0.000464083)
reseed=0 gear=3 gtmr=800 b14=[-3.52982e+06,-17191.8,-2.15054e+06] gt=[4.00,3.00,2.40,2.10,1.80,6.00] in=(255,0,255,0) steer=+1.000 gnd=4.0 sp=3491.01 horiz=3488.05 velH=-2.2279 bodyH=-2.2989 slip=+0.0710 d=(-0.09420,-0.13130) av=(3.36185e-05,0.238338,-0.000465577)
reseed=0 gear=3 gtmr=750 b14=[-3.61871e+06,-17187.4,-1.99901e+06] gt=[4.00,3.00,2.40,2.10,1.80,6.00] in=(255,0,255,0) steer=+1.000 gnd=4.0 sp=3493.74 horiz=3490.76 velH=-2.2703 bodyH=-2.3414 slip=+0.0710 d=(-0.09977,-0.12729) av=(1.39752e-05,0.238491,-0.000466246)
reseed=0 gear=3 gtmr=700 b14=[-3.70108e+06,-17182.9,-1.8438e+06] gt=[4.00,3.00,2.40,2.10,1.80,6.00] in=(255,0,255,0) steer=+1.000 gnd=4.0 sp=3496.37 horiz=3493.40 velH=-2.3128 bodyH=-2.3839 slip=+0.0711 d=(-0.10516,-0.12303) av=(-5.66945e-06,0.23864,-0.000466091)
reseed=0 gear=3 gtmr=650 b14=[-3.77677e+06,-17178.3,-1.68518e+06] gt=[4.00,3.00,2.40,2.10,1.80,6.00] in=(255,0,255,0) steer=+1.000 gnd=4.0 sp=3498.93 horiz=3495.95 velH=-2.3552 bodyH=-2.4264 slip=+0.0711 d=(-0.11037,-0.11855) av=(-2.52813e-05,0.238784,-0.000465113)
reseed=0 gear=3 gtmr=600 b14=[-3.84564e+06,-17173.5,-1.52346e+06] gt=[4.00,3.00,2.40,2.10,1.80,6.00] in=(255,0,255,0) steer=+1.000 gnd=4.0 sp=3501.41 horiz=3498.42 velH=-2.3977 bodyH=-2.4689 slip=+0.0712 d=(-0.11538,-0.11384) av=(-4.4825e-05,0.238924,-0.000463312)
reseed=0 gear=3 gtmr=550 b14=[-3.90757e+06,-17168.7,-1.35892e+06] gt=[4.00,3.00,2.40,2.10,1.80,6.00] in=(255,0,255,0) steer=+1.000 gnd=4.0 sp=3503.81 horiz=3500.82 velH=-2.4401 bodyH=-2.5114 slip=+0.0712 d=(-0.12019,-0.10892) av=(-6.42671e-05,0.23906,-0.000460694)
reseed=0 gear=3 gtmr=500 b14=[-3.96244e+06,-17163.9,-1.19186e+06] gt=[4.00,3.00,2.40,2.10,1.80,6.00] in=(255,0,255,0) steer=+1.000 gnd=4.0 sp=3506.14 horiz=3503.15 velH=-2.4826 bodyH=-2.5539 slip=+0.0713 d=(-0.12479,-0.10379) av=(-8.35719e-05,0.239192,-0.000457263)
reseed=0 gear=3 gtmr=450 b14=[-4.01015e+06,-17158.9,-1.02259e+06] gt=[4.00,3.00,2.40,2.10,1.80,6.00] in=(255,0,255,0) steer=+1.000 gnd=4.0 sp=3508.40 horiz=3505.40 velH=-2.5250 bodyH=-2.5964 slip=+0.0713 d=(-0.12917,-0.09847) av=(-0.000102707,0.23932,-0.000453025)
reseed=0 gear=3 gtmr=400 b14=[-4.05061e+06,-17153.8,-851410] gt=[4.00,3.00,2.40,2.10,1.80,6.00] in=(255,0,255,0) steer=+1.000 gnd=4.0 sp=3510.59 horiz=3507.58 velH=-2.5675 bodyH=-2.6389 slip=+0.0714 d=(-0.13332,-0.09295) av=(-0.000121638,0.239444,-0.00044799)
reseed=0 gear=3 gtmr=350 b14=[-4.08375e+06,-17148.7,-678636] gt=[4.00,3.00,2.40,2.10,1.80,6.00] in=(255,0,255,0) steer=+1.000 gnd=4.0 sp=3512.71 horiz=3509.70 velH=-2.6099 bodyH=-2.6814 slip=+0.0714 d=(-0.13723,-0.08727) av=(-0.000140332,0.239565,-0.000442166)
reseed=0 gear=3 gtmr=300 b14=[-4.1095e+06,-17143.4,-504582] gt=[4.00,3.00,2.40,2.10,1.80,6.00] in=(255,0,255,0) steer=+1.000 gnd=4.0 sp=3514.76 horiz=3511.75 velH=-2.6524 bodyH=-2.7239 slip=+0.0715 d=(-0.14089,-0.08141) av=(-0.000158755,0.239682,-0.000435565)
reseed=0 gear=3 gtmr=250 b14=[-4.12781e+06,-17138.1,-329563] gt=[4.00,3.00,2.40,2.10,1.80,6.00] in=(255,0,255,0) steer=+1.000 gnd=4.0 sp=3516.75 horiz=3513.74 velH=-2.6949 bodyH=-2.7664 slip=+0.0715 d=(-0.14431,-0.07540) av=(-0.000176876,0.239796,-0.000428197)
reseed=0 gear=3 gtmr=200 b14=[-4.13866e+06,-17132.7,-153899] gt=[4.00,3.00,2.40,2.10,1.80,6.00] in=(255,0,255,0) steer=+1.000 gnd=4.0 sp=3518.68 horiz=3515.66 velH=-2.7373 bodyH=-2.8089 slip=+0.0716 d=(-0.14746,-0.06925) av=(-0.000194663,0.239906,-0.000420078)
reseed=0 gear=3 gtmr=150 b14=[-4.14201e+06,-17127.3,22091.5] gt=[4.00,3.00,2.40,2.10,1.80,6.00] in=(255,0,255,0) steer=+1.000 gnd=4.0 sp=3520.55 horiz=3517.53 velH=-2.7798 bodyH=-2.8514 slip=+0.0716 d=(-0.15035,-0.06296) av=(-0.000212083,0.240013,-0.000411221)
reseed=0 gear=3 gtmr=100 b14=[-4.13786e+06,-17121.8,198088] gt=[4.00,3.00,2.40,2.10,1.80,6.00] in=(255,0,255,0) steer=+1.000 gnd=4.0 sp=3522.36 horiz=3519.33 velH=-2.8222 bodyH=-2.8939 slip=+0.0716 d=(-0.15296,-0.05655) av=(-0.000229108,0.240117,-0.000401644)
reseed=0 gear=3 gtmr=49 b14=[-4.12623e+06,-17116.2,373771] gt=[4.00,3.00,2.40,2.10,1.80,6.00] in=(255,0,255,0) steer=+1.000 gnd=4.0 sp=3524.12 horiz=3521.09 velH=-2.8647 bodyH=-2.9364 slip=+0.0717 d=(-0.15531,-0.05003) av=(-0.000245706,0.240218,-0.000391363)
reseed=0 gear=4 gtmr=3000 b14=[-4.60525e+06,-19185.8,615385] gt=[4.00,3.00,2.40,2.10,1.80,6.00] in=(255,0,255,0) steer=+1.000 gnd=4.0 sp=3525.82 horiz=3522.78 velH=-2.9072 bodyH=-2.9789 slip=+0.0717 d=(-0.15737,-0.04341) av=(-0.00026185,0.240316,-0.000380397)
reseed=0 gear=4 gtmr=2950 b14=[-4.57843e+06,-19191.7,811121] gt=[4.00,3.00,2.40,2.10,1.80,6.00] in=(255,0,255,0) steer=+1.000 gnd=4.0 sp=3535.26 horiz=3532.26 velH=-2.9503 bodyH=-3.0214 slip=+0.0711 d=(-0.15924,-0.03670) av=(-0.000279249,0.240853,-0.000369078)
reseed=0 gear=4 gtmr=2900 b14=[-4.54303e+06,-19196.6,1.00563e+06] gt=[4.00,3.00,2.40,2.10,1.80,6.00] in=(255,0,255,0) steer=+1.000 gnd=4.0 sp=3544.59 horiz=3541.62 velH=-2.9931 bodyH=-3.0639 slip=+0.0708 d=(-0.16110,-0.02989) av=(-0.00029686,0.241172,-0.000357176)
reseed=0 gear=4 gtmr=2850 b14=[-4.49916e+06,-19200.5,1.19854e+06] gt=[4.00,3.00,2.40,2.10,1.80,6.00] in=(255,0,255,0) steer=+1.000 gnd=4.0 sp=3553.78 horiz=3550.82 velH=-3.0358 bodyH=-3.1064 slip=+0.0706 d=(-0.16266,-0.02303) av=(-0.000313871,0.241413,-0.000344649)
reseed=0 gear=4 gtmr=2800 b14=[-4.44694e+06,-19203.8,1.38949e+06] gt=[4.00,3.00,2.40,2.10,1.80,6.00] in=(255,0,255,0) steer=+1.000 gnd=4.0 sp=3562.77 horiz=3559.82 velH=-3.0784 bodyH=3.1343 slip=+0.0705 d=(-0.16392,-0.01611) av=(-0.000329947,0.241643,-0.000331468)
reseed=0 gear=4 gtmr=2750 b14=[-4.38648e+06,-19206.5,1.57812e+06] gt=[4.00,3.00,2.40,2.10,1.80,6.00] in=(255,0,255,0) steer=+1.000 gnd=4.0 sp=3571.55 horiz=3568.60 velH=-3.1209 bodyH=3.0918 slip=+0.0705 d=(-0.16487,-0.00914) av=(-0.000344989,0.241893,-0.000317626)
reseed=0 gear=4 gtmr=2700 b14=[-4.3179e+06,-19208.7,1.76406e+06] gt=[4.00,3.00,2.40,2.10,1.80,6.00] in=(255,0,255,0) steer=+1.000 gnd=4.0 sp=3580.11 horiz=3577.14 velH=3.1198 bodyH=3.0493 slip=+0.0705 d=(-0.16551,-0.00214) av=(-0.000358998,0.242173,-0.000303139)
reseed=0 gear=4 gtmr=2650 b14=[-4.24134e+06,-19210.4,1.94699e+06] gt=[4.00,3.00,2.40,2.10,1.80,6.00] in=(255,0,255,0) steer=+1.000 gnd=4.0 sp=3588.43 horiz=3585.45 velH=3.0774 bodyH=3.0068 slip=+0.0706 d=(-0.16585,0.00490) av=(-0.000372016,0.242483,-0.000288036)
reseed=0 gear=4 gtmr=2600 b14=[-4.15694e+06,-19211.7,2.12655e+06] gt=[4.00,3.00,2.40,2.10,1.80,6.00] in=(255,0,255,0) steer=+1.000 gnd=4.0 sp=3596.51 horiz=3593.52 velH=3.0350 bodyH=2.9643 slip=+0.0707 d=(-0.16587,0.01196) av=(-0.000384091,0.242818,-0.000272357)
reseed=0 gear=4 gtmr=2550 b14=[-4.06486e+06,-19212.6,2.3024e+06] gt=[4.00,3.00,2.40,2.10,1.80,6.00] in=(255,0,255,0) steer=+1.000 gnd=4.0 sp=3604.35 horiz=3601.35 velH=2.9926 bodyH=2.9218 slip=+0.0708 d=(-0.16559,0.01902) av=(-0.000395266,0.243172,-0.000256145)
reseed=0 gear=4 gtmr=2500 b14=[-3.96527e+06,-19213.2,2.47423e+06] gt=[4.00,3.00,2.40,2.10,1.80,6.00] in=(255,0,255,0) steer=+1.000 gnd=4.0 sp=3611.95 horiz=3608.95 velH=2.9502 bodyH=2.8793 slip=+0.0710 d=(-0.16499,0.02607) av=(-0.000405578,0.243539,-0.000239445)
reseed=0 gear=4 gtmr=2450 b14=[-3.85836e+06,-19213.4,2.6417e+06] gt=[4.00,3.00,2.40,2.10,1.80,6.00] in=(255,0,255,0) steer=+1.000 gnd=4.0 sp=3619.32 horiz=3616.30 velH=2.9079 bodyH=2.8368 slip=+0.0711 d=(-0.16408,0.03311) av=(-0.000415051,0.243914,-0.000222302)
reseed=0 gear=4 gtmr=2400 b14=[-3.7443e+06,-19213.3,2.80451e+06] gt=[4.00,3.00,2.40,2.10,1.80,6.00] in=(255,0,255,0) steer=+1.000 gnd=4.0 sp=3626.46 horiz=3623.43 velH=2.8655 bodyH=2.7943 slip=+0.0712 d=(-0.16286,0.04011) av=(-0.000423702,0.244293,-0.000204761)
reseed=0 gear=4 gtmr=2350 b14=[-3.62333e+06,-19213,2.96235e+06] gt=[4.00,3.00,2.40,2.10,1.80,6.00] in=(255,0,255,0) steer=+1.000 gnd=4.0 sp=3633.38 horiz=3630.34 velH=2.8231 bodyH=2.7518 slip=+0.0714 d=(-0.16133,0.04706) av=(-0.000431543,0.244671,-0.000186862)
reseed=0 gear=4 gtmr=2300 b14=[-3.49565e+06,-19212.3,3.11493e+06] gt=[4.00,3.00,2.40,2.10,1.80,6.00] in=(255,0,255,0) steer=+1.000 gnd=4.0 sp=3640.08 horiz=3637.02 velH=2.7808 bodyH=2.7093 slip=+0.0715 d=(-0.15949,0.05395) av=(-0.00043858,0.245047,-0.000168645)
reseed=0 gear=4 gtmr=2250 b14=[-3.3615e+06,-19211.4,3.26196e+06] gt=[4.00,3.00,2.40,2.10,1.80,6.00] in=(255,0,255,0) steer=+1.000 gnd=4.0 sp=3646.57 horiz=3643.50 velH=2.7384 bodyH=2.6668 slip=+0.0716 d=(-0.15735,0.06077) av=(-0.000444814,0.245419,-0.000150151)
reseed=0 gear=4 gtmr=2200 b14=[-3.22112e+06,-19210.2,3.40317e+06] gt=[4.00,3.00,2.40,2.10,1.80,6.00] in=(255,0,255,0) steer=+1.000 gnd=4.0 sp=3652.84 horiz=3649.76 velH=2.6960 bodyH=2.6243 slip=+0.0718 d=(-0.15491,0.06750) av=(-0.000450246,0.245785,-0.000131417)
reseed=0 gear=4 gtmr=2150 b14=[-3.07477e+06,-19208.7,3.53829e+06] gt=[4.00,3.00,2.40,2.10,1.80,6.00] in=(255,0,255,0) steer=+1.000 gnd=4.0 sp=3658.92 horiz=3655.82 velH=2.6537 bodyH=2.5818 slip=+0.0719 d=(-0.15217,0.07412) av=(-0.000454875,0.246144,-0.000112479)
reseed=0 gear=4 gtmr=2100 b14=[-2.92271e+06,-19207,3.66707e+06] gt=[4.00,3.00,2.40,2.10,1.80,6.00] in=(255,0,255,0) steer=+1.000 gnd=4.0 sp=3664.79 horiz=3661.69 velH=2.6113 bodyH=2.5393 slip=+0.0720 d=(-0.14914,0.08064) av=(-0.000458699,0.246495,-9.33712e-05)
reseed=0 gear=4 gtmr=2050 b14=[-2.76524e+06,-19205.1,3.78928e+06] gt=[4.00,3.00,2.40,2.10,1.80,6.00] in=(255,0,255,0) steer=+1.000 gnd=4.0 sp=3670.48 horiz=3667.37 velH=2.5689 bodyH=2.4968 slip=+0.0722 d=(-0.14582,0.08702) av=(-0.000461718,0.246838,-7.41302e-05)
reseed=1 gear=4 gtmr=2000 b14=[2.65698e+06,0,3.19736e+06] gt=[4.00,3.00,2.40,2.10,1.80,6.00] in=(255,0,255,0) steer=+1.000 gnd=4.0 sp=1885.99 horiz=1885.81 velH=1.1921 bodyH=1.1730 slip=+0.0191 d=(0.03014,0.08017) av=(-1.91091e-05,0.215176,0.000937526)
reseed=0 gear=4 gtmr=1950 b14=[2.79924e+06,0,3.0913e+06] gt=[4.00,3.00,2.40,2.10,1.80,6.00] in=(255,0,255,0) steer=+1.000 gnd=4.0 sp=1934.90 horiz=1934.49 velH=1.1605 bodyH=1.1305 slip=+0.0300 d=(0.03302,0.08154) av=(0.000878432,0.19712,0.0011095)
reseed=0 gear=4 gtmr=1900 b14=[2.9372e+06,0,2.97884e+06] gt=[4.00,3.00,2.40,2.10,1.80,6.00] in=(255,0,255,0) steer=+1.000 gnd=4.0 sp=1982.23 horiz=1981.64 velH=1.1244 bodyH=1.0880 slip=+0.0364 d=(0.03656,0.08247) av=(0.00134509,0.188329,0.0010459)
reseed=0 gear=4 gtmr=1850 b14=[3.07072e+06,0,2.8603e+06] gt=[4.00,3.00,2.40,2.10,1.80,6.00] in=(255,0,255,0) steer=+1.000 gnd=4.0 sp=2028.25 horiz=2027.52 velH=1.0858 bodyH=1.0455 slip=+0.0404 d=(0.04050,0.08303) av=(0.000999355,0.183914,0.000786015)
reseed=0 gear=4 gtmr=1800 b14=[3.1995e+06,0,2.73581e+06] gt=[4.00,3.00,2.40,2.10,1.80,6.00] in=(255,0,255,0) steer=+1.000 gnd=4.0 sp=2073.20 horiz=2072.36 velH=1.0459 bodyH=1.0030 slip=+0.0429 d=(0.04469,0.08326) av=(0.000610498,0.182656,0.000543849)
reseed=0 gear=4 gtmr=1750 b14=[3.3232e+06,0,2.60551e+06] gt=[4.00,3.00,2.40,2.10,1.80,6.00] in=(255,0,255,0) steer=+1.000 gnd=4.0 sp=2117.20 horiz=2116.28 velH=1.0051 bodyH=0.9605 slip=+0.0447 d=(0.04904,0.08319) av=(0.000356494,0.182894,0.000364207)
reseed=0 gear=4 gtmr=1700 b14=[3.44151e+06,0,2.46956e+06] gt=[4.00,3.00,2.40,2.10,1.80,6.00] in=(255,0,255,0) steer=+1.000 gnd=4.0 sp=2160.34 horiz=2159.36 velH=0.9639 bodyH=0.9180 slip=+0.0459 d=(0.05350,0.08282) av=(0.000204694,0.183806,0.000239196)
reseed=0 gear=4 gtmr=1650 b14=[3.55411e+06,0,2.32817e+06] gt=[4.00,3.00,2.40,2.10,1.80,6.00] in=(255,0,255,0) steer=+1.000 gnd=4.0 sp=2202.69 horiz=2201.65 velH=0.9224 bodyH=0.8755 slip=+0.0469 d=(0.05802,0.08216) av=(0.000116699,0.185005,0.000154994)
reseed=0 gear=4 gtmr=1600 b14=[3.66074e+06,0,2.18156e+06] gt=[4.00,3.00,2.40,2.10,1.80,6.00] in=(255,0,255,0) steer=+1.000 gnd=4.0 sp=2244.26 horiz=2243.17 velH=0.8807 bodyH=0.8330 slip=+0.0478 d=(0.06257,0.08123) av=(6.63623e-05,0.186313,9.94384e-05)
reseed=0 gear=4 gtmr=1550 b14=[3.76114e+06,0,2.02999e+06] gt=[4.00,3.00,2.40,2.10,1.80,6.00] in=(255,0,255,0) steer=+1.000 gnd=4.0 sp=2285.07 horiz=2283.94 velH=0.8390 bodyH=0.7905 slip=+0.0485 d=(0.06713,0.08002) av=(3.77414e-05,0.18765,6.33097e-05)
reseed=0 gear=4 gtmr=1500 b14=[3.85505e+06,0,1.87372e+06] gt=[4.00,3.00,2.40,2.10,1.80,6.00] in=(255,0,255,0) steer=+1.000 gnd=4.0 sp=2325.14 horiz=2323.96 velH=0.7971 bodyH=0.7480 slip=+0.0492 d=(0.07168,0.07854) av=(2.15048e-05,0.188982,4.00645e-05)
reseed=0 gear=4 gtmr=1450 b14=[3.94225e+06,0,1.71304e+06] gt=[4.00,3.00,2.40,2.10,1.80,6.00] in=(255,0,255,0) steer=+1.000 gnd=4.0 sp=2364.47 horiz=2363.25 velH=0.7553 bodyH=0.7055 slip=+0.0498 d=(0.07620,0.07678) av=(1.22933e-05,0.190298,2.52308e-05)
reseed=0 gear=4 gtmr=1400 b14=[4.02253e+06,0,1.54824e+06] gt=[4.00,3.00,2.40,2.10,1.80,6.00] in=(255,0,255,0) steer=+1.000 gnd=4.0 sp=2403.06 horiz=2401.80 velH=0.7134 bodyH=0.6630 slip=+0.0504 d=(0.08068,0.07476) av=(7.0582e-06,0.191595,1.58259e-05)
reseed=0 gear=4 gtmr=1350 b14=[4.09568e+06,0,1.37964e+06] gt=[4.00,3.00,2.40,2.10,1.80,6.00] in=(255,0,255,0) steer=+1.000 gnd=4.0 sp=2440.92 horiz=2439.62 velH=0.6714 bodyH=0.6205 slip=+0.0510 d=(0.08509,0.07247) av=(4.07386e-06,0.192873,9.89373e-06)
reseed=0 gear=4 gtmr=1300 b14=[4.16153e+06,0,1.20754e+06] gt=[4.00,3.00,2.40,2.10,1.80,6.00] in=(255,0,255,0) steer=+1.000 gnd=4.0 sp=2478.05 horiz=2476.70 velH=0.6295 bodyH=0.5780 slip=+0.0515 d=(0.08943,0.06991) av=(2.3655e-06,0.194134,6.16792e-06)
reseed=0 gear=4 gtmr=1250 b14=[4.21991e+06,0,1.03228e+06] gt=[4.00,3.00,2.40,2.10,1.80,6.00] in=(255,0,255,0) steer=+1.000 gnd=4.0 sp=2514.44 horiz=2513.06 velH=0.5875 bodyH=0.5355 slip=+0.0521 d=(0.09367,0.06710) av=(1.38258e-06,0.19538,3.83603e-06)
reseed=0 gear=4 gtmr=1200 b14=[4.27067e+06,0,854186] gt=[4.00,3.00,2.40,2.10,1.80,6.00] in=(255,0,255,0) steer=+1.000 gnd=4.0 sp=2550.11 horiz=2548.68 velH=0.5455 bodyH=0.4930 slip=+0.0526 d=(0.09781,0.06403) av=(8.13728e-07,0.196611,2.38087e-06)
reseed=0 gear=4 gtmr=1150 b14=[4.31367e+06,0,673606] gt=[4.00,3.00,2.40,2.10,1.80,6.00] in=(255,0,255,0) steer=+1.000 gnd=4.0 sp=2585.05 horiz=2583.59 velH=0.5036 bodyH=0.4505 slip=+0.0531 d=(0.10182,0.06071) av=(4.82367e-07,0.19783,1.47509e-06)
reseed=0 gear=4 gtmr=1100 b14=[4.34878e+06,0,490886] gt=[4.00,3.00,2.40,2.10,1.80,6.00] in=(255,0,255,0) steer=+1.000 gnd=4.0 sp=2619.27 horiz=2617.77 velH=0.4616 bodyH=0.4080 slip=+0.0536 d=(0.10569,0.05715) av=(2.88002e-07,0.199035,9.12472e-07)
reseed=0 gear=4 gtmr=1050 b14=[4.37592e+06,0,306381] gt=[4.00,3.00,2.40,2.10,1.80,6.00] in=(255,0,255,0) steer=+1.000 gnd=4.0 sp=2652.77 horiz=2651.23 velH=0.4196 bodyH=0.3654 slip=+0.0541 d=(0.10942,0.05335) av=(1.73169e-07,0.200228,5.63665e-07)
reseed=0 gear=4 gtmr=1000 b14=[4.39498e+06,0,120448] gt=[4.00,3.00,2.40,2.10,1.80,6.00] in=(255,0,255,0) steer=+1.000 gnd=4.0 sp=2685.55 horiz=2683.97 velH=0.3776 bodyH=0.3229 slip=+0.0546 d=(0.11297,0.04933) av=(1.04826e-07,0.201409,3.47766e-07)
reseed=0 gear=4 gtmr=950 b14=[4.4059e+06,0,-66547.7] gt=[4.00,3.00,2.40,2.10,1.80,6.00] in=(255,0,255,0) steer=+1.000 gnd=4.0 sp=2717.63 horiz=2716.01 velH=0.3355 bodyH=0.2804 slip=+0.0551 d=(0.11635,0.04509) av=(6.38571e-08,0.202578,2.14324e-07)
reseed=0 gear=4 gtmr=900 b14=[4.40864e+06,0,-254242] gt=[4.00,3.00,2.40,2.10,1.80,6.00] in=(255,0,255,0) steer=+1.000 gnd=4.0 sp=2749.00 horiz=2747.34 velH=0.2935 bodyH=0.2379 slip=+0.0556 d=(0.11954,0.04064) av=(3.91256e-08,0.203735,1.31952e-07)
reseed=0 gear=4 gtmr=850 b14=[4.40314e+06,0,-442264] gt=[4.00,3.00,2.40,2.10,1.80,6.00] in=(255,0,255,0) steer=+1.000 gnd=4.0 sp=2779.67 horiz=2777.97 velH=0.2515 bodyH=0.1954 slip=+0.0561 d=(0.12253,0.03599) av=(2.40974e-08,0.204879,8.11635e-08)
reseed=0 gear=4 gtmr=800 b14=[4.38939e+06,0,-630246] gt=[4.00,3.00,2.40,2.10,1.80,6.00] in=(255,0,255,0) steer=+1.000 gnd=4.0 sp=2809.65 horiz=2807.91 velH=0.2094 bodyH=0.1529 slip=+0.0565 d=(0.12531,0.03115) av=(1.49096e-08,0.206011,4.98812e-08)
reseed=0 gear=4 gtmr=750 b14=[4.36739e+06,0,-817816] gt=[4.00,3.00,2.40,2.10,1.80,6.00] in=(255,0,255,0) steer=+1.000 gnd=4.0 sp=2838.94 horiz=2837.17 velH=0.1674 bodyH=0.1104 slip=+0.0570 d=(0.12786,0.02613) av=(9.26135e-09,0.207129,3.06316e-08)
reseed=0 gear=4 gtmr=700 b14=[4.33715e+06,0,-1.0046e+06] gt=[4.00,3.00,2.40,2.10,1.80,6.00] in=(255,0,255,0) steer=+1.000 gnd=4.0 sp=2867.55 horiz=2865.74 velH=0.1253 bodyH=0.0679 slip=+0.0574 d=(0.13017,0.02095) av=(5.77205e-09,0.208235,1.87968e-08)
reseed=0 gear=4 gtmr=650 b14=[4.29871e+06,0,-1.19024e+06] gt=[4.00,3.00,2.40,2.10,1.80,6.00] in=(255,0,255,0) steer=+1.000 gnd=4.0 sp=2895.49 horiz=2893.65 velH=0.0833 bodyH=0.0254 slip=+0.0579 d=(0.13225,0.01561) av=(3.60728e-09,0.209328,1.15264e-08)
reseed=0 gear=4 gtmr=600 b14=[4.25212e+06,0,-1.37435e+06] gt=[4.00,3.00,2.40,2.10,1.80,6.00] in=(255,0,255,0) steer=+1.000 gnd=4.0 sp=2922.76 horiz=2920.89 velH=0.0412 bodyH=-0.0171 slip=+0.0583 d=(0.13407,0.01014) av=(2.25939e-09,0.210407,7.06352e-09)
reseed=0 gear=4 gtmr=550 b14=[4.19743e+06,0,-1.55658e+06] gt=[4.00,3.00,2.40,2.10,1.80,6.00] in=(255,0,255,0) steer=+1.000 gnd=4.0 sp=2949.38 horiz=2947.47 velH=-0.0009 bodyH=-0.0596 slip=+0.0587 d=(0.13563,0.00453) av=(1.41759e-09,0.211472,4.32589e-09)
reseed=0 gear=4 gtmr=500 b14=[4.13474e+06,0,-1.73656e+06] gt=[4.00,3.00,2.40,2.10,1.80,6.00] in=(255,0,255,0) steer=+1.000 gnd=4.0 sp=2975.36 horiz=2973.41 velH=-0.0429 bodyH=-0.1021 slip=+0.0591 d=(0.13693,-0.00119) av=(8.90571e-10,0.212524,2.6477e-09)
reseed=0 gear=4 gtmr=450 b14=[4.06414e+06,0,-1.91394e+06] gt=[4.00,3.00,2.40,2.10,1.80,6.00] in=(255,0,255,0) steer=+1.000 gnd=4.0 sp=3000.69 horiz=2998.71 velH=-0.0850 bodyH=-0.1446 slip=+0.0595 d=(0.13795,-0.00701) av=(5.5999e-10,0.213561,1.61961e-09)
reseed=0 gear=4 gtmr=400 b14=[3.98575e+06,0,-2.08835e+06] gt=[4.00,3.00,2.40,2.10,1.80,6.00] in=(255,0,255,0) steer=+1.000 gnd=4.0 sp=3025.39 horiz=3023.38 velH=-0.1271 bodyH=-0.1871 slip=+0.0599 d=(0.13869,-0.01291) av=(3.52322e-10,0.214585,9.90168e-10)
reseed=0 gear=4 gtmr=350 b14=[3.8997e+06,0,-2.25945e+06] gt=[4.00,3.00,2.40,2.10,1.80,6.00] in=(255,0,255,0) steer=+1.000 gnd=4.0 sp=3049.48 horiz=3047.43 velH=-0.1692 bodyH=-0.2296 slip=+0.0603 d=(0.13915,-0.01889) av=(2.2173e-10,0.215594,6.05021e-10)
reseed=0 gear=4 gtmr=300 b14=[3.80614e+06,0,-2.42691e+06] gt=[4.00,3.00,2.40,2.10,1.80,6.00] in=(255,0,255,0) steer=+1.000 gnd=4.0 sp=3072.95 horiz=3070.87 velH=-0.2114 bodyH=-0.2721 slip=+0.0607 d=(0.13932,-0.02493) av=(1.39549e-10,0.216588,3.69488e-10)
reseed=0 gear=4 gtmr=250 b14=[3.70522e+06,0,-2.59038e+06] gt=[4.00,3.00,2.40,2.10,1.80,6.00] in=(255,0,255,0) steer=+1.000 gnd=4.0 sp=3095.82 horiz=3093.71 velH=-0.2535 bodyH=-0.3146 slip=+0.0611 d=(0.13920,-0.03101) av=(8.78134e-11,0.217568,2.25529e-10)
reseed=0 gear=4 gtmr=200 b14=[3.59713e+06,0,-2.74954e+06] gt=[4.00,3.00,2.40,2.10,1.80,6.00] in=(255,0,255,0) steer=+1.000 gnd=4.0 sp=3118.10 horiz=3115.96 velH=-0.2956 bodyH=-0.3571 slip=+0.0615 d=(0.13879,-0.03711) av=(5.52398e-11,0.218533,1.37588e-10)
reseed=0 gear=4 gtmr=150 b14=[3.48206e+06,0,-2.90407e+06] gt=[4.00,3.00,2.40,2.10,1.80,6.00] in=(255,0,255,0) steer=+1.000 gnd=4.0 sp=3139.80 horiz=3137.62 velH=-0.3377 bodyH=-0.3996 slip=+0.0619 d=(0.13808,-0.04323) av=(3.47328e-11,0.219483,8.38948e-11)
reseed=0 gear=4 gtmr=100 b14=[3.36021e+06,0,-3.05366e+06] gt=[4.00,3.00,2.40,2.10,1.80,6.00] in=(255,0,255,0) steer=+1.000 gnd=4.0 sp=3160.93 horiz=3158.72 velH=-0.3799 bodyH=-0.4421 slip=+0.0622 d=(0.13708,-0.04934) av=(2.18261e-11,0.220418,5.11291e-11)
reseed=0 gear=4 gtmr=49 b14=[3.23181e+06,0,-3.19801e+06] gt=[4.00,3.00,2.40,2.10,1.80,6.00] in=(255,0,255,0) steer=+1.000 gnd=4.0 sp=3181.50 horiz=3179.26 velH=-0.4220 bodyH=-0.4846 slip=+0.0626 d=(0.13578,-0.05544) av=(1.37065e-11,0.221338,3.11444e-11)
reseed=0 gear=4 gtmr=0 b14=[3.09709e+06,0,-3.33683e+06] gt=[4.00,3.00,2.40,2.10,1.80,6.00] in=(255,0,255,0) steer=+1.000 gnd=4.0 sp=3201.51 horiz=3199.24 velH=-0.4642 bodyH=-0.5271 slip=+0.0629 d=(0.13418,-0.06151) av=(8.60114e-12,0.222243,1.89613e-11)
reseed=0 gear=4 gtmr=0 b14=[2.95629e+06,0,-3.46984e+06] gt=[4.00,3.00,2.40,2.10,1.80,6.00] in=(255,0,255,0) steer=+1.000 gnd=4.0 sp=3220.99 horiz=3218.69 velH=-0.5063 bodyH=-0.5696 slip=+0.0633 d=(0.13229,-0.06753) av=(5.39322e-12,0.223132,1.1538e-11)
reseed=0 gear=4 gtmr=0 b14=[2.80967e+06,0,-3.59678e+06] gt=[4.00,3.00,2.40,2.10,1.80,6.00] in=(255,0,255,0) steer=+1.000 gnd=4.0 sp=3239.93 horiz=3237.60 velH=-0.5485 bodyH=-0.6121 slip=+0.0636 d=(0.13011,-0.07348) av=(3.379e-12,0.224006,7.01718e-12)
reseed=0 gear=4 gtmr=0 b14=[2.65751e+06,0,-3.71738e+06] gt=[4.00,3.00,2.40,2.10,1.80,6.00] in=(255,0,255,0) steer=+1.000 gnd=4.0 sp=3258.36 horiz=3256.00 velH=-0.5907 bodyH=-0.6546 slip=+0.0639 d=(0.12763,-0.07936) av=(2.11529e-12,0.224864,4.2654e-12)
reseed=0 gear=4 gtmr=0 b14=[2.50008e+06,0,-3.83142e+06] gt=[4.00,3.00,2.40,2.10,1.80,6.00] in=(255,0,255,0) steer=+1.000 gnd=4.0 sp=3276.27 horiz=3273.89 velH=-0.6329 bodyH=-0.6971 slip=+0.0642 d=(0.12487,-0.08515) av=(1.3231e-12,0.225708,2.59127e-12)
reseed=0 gear=4 gtmr=0 b14=[2.33767e+06,0,-3.93865e+06] gt=[4.00,3.00,2.40,2.10,1.80,6.00] in=(255,0,255,0) steer=+1.000 gnd=4.0 sp=3293.69 horiz=3291.28 velH=-0.6750 bodyH=-0.7396 slip=+0.0646 d=(0.12183,-0.09083) av=(8.26915e-13,0.226536,1.5733e-12)
reseed=0 gear=4 gtmr=0 b14=[2.1706e+06,0,-4.03885e+06] gt=[4.00,3.00,2.40,2.10,1.80,6.00] in=(255,0,255,0) steer=+1.000 gnd=4.0 sp=3310.62 horiz=3308.18 velH=-0.7172 bodyH=-0.7821 slip=+0.0649 d=(0.11852,-0.09639) av=(5.16396e-13,0.227348,9.54643e-13)
reseed=0 gear=4 gtmr=0 b14=[1.99916e+06,0,-4.13184e+06] gt=[4.00,3.00,2.40,2.10,1.80,6.00] in=(255,0,255,0) steer=+1.000 gnd=4.0 sp=3327.07 horiz=3324.61 velH=-0.7594 bodyH=-0.8246 slip=+0.0652 d=(0.11493,-0.10182) av=(3.22236e-13,0.228145,5.78875e-13)
reseed=0 gear=4 gtmr=0 b14=[1.82368e+06,0,-4.21741e+06] gt=[4.00,3.00,2.40,2.10,1.80,6.00] in=(255,0,255,0) steer=+1.000 gnd=4.0 sp=3343.06 horiz=3340.56 velH=-0.8016 bodyH=-0.8671 slip=+0.0655 d=(0.11107,-0.10710) av=(2.00934e-13,0.228926,3.50769e-13)
reseed=0 gear=4 gtmr=0 b14=[1.64449e+06,0,-4.29539e+06] gt=[4.00,3.00,2.40,2.10,1.80,6.00] in=(255,0,255,0) steer=+1.000 gnd=4.0 sp=3358.58 horiz=3356.07 velH=-0.8439 bodyH=-0.9096 slip=+0.0658 d=(0.10696,-0.11223) av=(1.25212e-13,0.229693,2.12385e-13)
reseed=0 gear=4 gtmr=0 b14=[1.46191e+06,0,-4.36562e+06] gt=[4.00,3.00,2.40,2.10,1.80,6.00] in=(255,0,255,0) steer=+1.000 gnd=4.0 sp=3373.67 horiz=3371.12 velH=-0.8861 bodyH=-0.9521 slip=+0.0660 d=(0.10260,-0.11718) av=(7.79784e-14,0.230444,1.28486e-13)
reseed=0 gear=4 gtmr=0 b14=[1.2763e+06,0,-4.42797e+06] gt=[4.00,3.00,2.40,2.10,1.80,6.00] in=(255,0,255,0) steer=+1.000 gnd=4.0 sp=3388.31 horiz=3385.74 velH=-0.9283 bodyH=-0.9946 slip=+0.0663 d=(0.09800,-0.12194) av=(4.85372e-14,0.231179,7.76566e-14)
reseed=0 gear=4 gtmr=0 b14=[1.088e+06,0,-4.48229e+06] gt=[4.00,3.00,2.40,2.10,1.80,6.00] in=(255,0,255,0) steer=+1.000 gnd=4.0 sp=3402.53 horiz=3399.94 velH=-0.9705 bodyH=-1.0371 slip=+0.0666 d=(0.09316,-0.12651) av=(3.01983e-14,0.2319,4.68855e-14)
reseed=0 gear=4 gtmr=0 b14=[897363,0,-4.52847e+06] gt=[4.00,3.00,2.40,2.10,1.80,6.00] in=(255,0,255,0) steer=+1.000 gnd=4.0 sp=3416.33 horiz=3413.72 velH=-1.0128 bodyH=-1.0796 slip=+0.0669 d=(0.08811,-0.13087) av=(1.87817e-14,0.232606,2.82732e-14)
reseed=0 gear=4 gtmr=0 b14=[704745,0,-4.56642e+06] gt=[4.00,3.00,2.40,2.10,1.80,6.00] in=(255,0,255,0) steer=+1.000 gnd=4.0 sp=3429.73 horiz=3427.09 velH=-1.0550 bodyH=-1.1221 slip=+0.0671 d=(0.08283,-0.13502) av=(1.16781e-14,0.233296,1.7026e-14)
reseed=0 gear=4 gtmr=0 b14=[510508,0,-4.59606e+06] gt=[4.00,3.00,2.40,2.10,1.80,6.00] in=(255,0,255,0) steer=+1.000 gnd=4.0 sp=3442.73 horiz=3440.07 velH=-1.0973 bodyH=-1.1646 slip=+0.0674 d=(0.07736,-0.13893) av=(7.26014e-15,0.233972,1.02366e-14)
reseed=0 gear=4 gtmr=0 b14=[315017,0,-4.61731e+06] gt=[4.00,3.00,2.40,2.10,1.80,6.00] in=(255,0,255,0) steer=+1.000 gnd=4.0 sp=3455.34 horiz=3452.66 velH=-1.1395 bodyH=-1.2071 slip=+0.0676 d=(0.07169,-0.14261) av=(4.51332e-15,0.234633,6.14315e-15)
reseed=0 gear=4 gtmr=0 b14=[118639,0,-4.63013e+06] gt=[4.00,3.00,2.40,2.10,1.80,6.00] in=(255,0,255,0) steer=+1.000 gnd=4.0 sp=3467.58 horiz=3464.87 velH=-1.1818 bodyH=-1.2496 slip=+0.0679 d=(0.06584,-0.14604) av=(2.80592e-15,0.235279,3.67859e-15)
reseed=0 gear=4 gtmr=0 b14=[-78258.3,0,-4.63448e+06] gt=[4.00,3.00,2.40,2.10,1.80,6.00] in=(255,0,255,0) steer=+1.000 gnd=4.0 sp=3479.44 horiz=3476.72 velH=-1.2240 bodyH=-1.2921 slip=+0.0681 d=(0.05982,-0.14921) av=(1.74475e-15,0.235911,2.19713e-15)
reseed=0 gear=4 gtmr=0 b14=[-275305,0,-4.63035e+06] gt=[4.00,3.00,2.40,2.10,1.80,6.00] in=(255,0,255,0) steer=+1.000 gnd=4.0 sp=3490.95 horiz=3488.21 velH=-1.2663 bodyH=-1.3346 slip=+0.0683 d=(0.05364,-0.15212) av=(1.08522e-15,0.236528,1.30829e-15)
reseed=0 gear=4 gtmr=0 b14=[-472130,0,-4.61774e+06] gt=[4.00,3.00,2.40,2.10,1.80,6.00] in=(255,0,255,0) steer=+1.000 gnd=4.0 sp=3502.11 horiz=3499.35 velH=-1.3086 bodyH=-1.3771 slip=+0.0686 d=(0.04732,-0.15476) av=(6.75275e-16,0.237131,7.76191e-16)
reseed=0 gear=4 gtmr=0 b14=[-668365,0,-4.59665e+06] gt=[4.00,3.00,2.40,2.10,1.80,6.00] in=(255,0,255,0) steer=+1.000 gnd=4.0 sp=3512.94 horiz=3510.15 velH=-1.3509 bodyH=-1.4196 slip=+0.0688 d=(0.04087,-0.15711) av=(4.20401e-16,0.23772,4.58483e-16)
reseed=0 gear=4 gtmr=0 b14=[-863642,0,-4.56712e+06] gt=[4.00,3.00,2.40,2.10,1.80,6.00] in=(255,0,255,0) steer=+1.000 gnd=4.0 sp=3523.43 horiz=3520.62 velH=-1.3931 bodyH=-1.4621 slip=+0.0690 d=(0.03429,-0.15919) av=(2.61885e-16,0.238296,2.69374e-16)
reseed=0 gear=4 gtmr=0 b14=[-1.05759e+06,0,-4.52921e+06] gt=[4.00,3.00,2.40,2.10,1.80,6.00] in=(255,0,255,0) steer=+1.000 gnd=4.0 sp=3533.59 horiz=3530.77 velH=-1.4354 bodyH=-1.5046 slip=+0.0692 d=(0.02762,-0.16097) av=(1.63251e-16,0.238857,1.57231e-16)
reseed=0 gear=4 gtmr=0 b14=[-1.24986e+06,0,-4.48296e+06] gt=[4.00,3.00,2.40,2.10,1.80,6.00] in=(255,0,255,0) steer=+1.000 gnd=4.0 sp=3543.45 horiz=3540.61 velH=-1.4777 bodyH=-1.5471 slip=+0.0694 d=(0.02084,-0.16246) av=(1.01842e-16,0.239405,9.1028e-17)
reseed=0 gear=4 gtmr=0 b14=[-1.44007e+06,0,-4.42846e+06] gt=[4.00,3.00,2.40,2.10,1.80,6.00] in=(255,0,255,0) steer=+1.000 gnd=4.0 sp=3552.99 horiz=3550.14 velH=-1.5200 bodyH=-1.5896 slip=+0.0696 d=(0.01399,-0.16364) av=(6.35842e-17,0.239939,5.21604e-17)
reseed=0 gear=4 gtmr=0 b14=[-1.62788e+06,0,-4.36581e+06] gt=[4.00,3.00,2.40,2.10,1.80,6.00] in=(255,0,255,0) steer=+1.000 gnd=4.0 sp=3562.25 horiz=3559.37 velH=-1.5623 bodyH=-1.6322 slip=+0.0698 d=(0.00708,-0.16453) av=(3.97308e-17,0.240461,2.94951e-17)
reseed=0 gear=4 gtmr=0 b14=[-1.81293e+06,0,-4.29512e+06] gt=[4.00,3.00,2.40,2.10,1.80,6.00] in=(255,0,255,0) steer=+1.000 gnd=4.0 sp=3571.21 horiz=3568.32 velH=-1.6047 bodyH=-1.6747 slip=+0.0700 d=(0.00012,-0.16510) av=(2.48461e-17,0.240969,1.63891e-17)
reseed=0 gear=4 gtmr=0 b14=[-1.99487e+06,0,-4.2165e+06] gt=[4.00,3.00,2.40,2.10,1.80,6.00] in=(255,0,255,0) steer=+1.000 gnd=4.0 sp=3579.89 horiz=3576.98 velH=-1.6470 bodyH=-1.7172 slip=+0.0702 d=(-0.00688,-0.16537) av=(1.55498e-17,0.241465,8.89117e-18)
reseed=0 gear=4 gtmr=0 b14=[-2.17337e+06,0,-4.1301e+06] gt=[4.00,3.00,2.40,2.10,1.80,6.00] in=(255,0,255,0) steer=+1.000 gnd=4.0 sp=3588.30 horiz=3585.37 velH=-1.6893 bodyH=-1.7597 slip=+0.0704 d=(-0.01391,-0.16533) av=(9.73863e-18,0.241948,4.66053e-18)
reseed=0 gear=4 gtmr=0 b14=[-2.34809e+06,0,-4.03608e+06] gt=[4.00,3.00,2.40,2.10,1.80,6.00] in=(255,0,255,0) steer=+1.000 gnd=4.0 sp=3596.44 horiz=3593.50 velH=-1.7316 bodyH=-1.8022 slip=+0.0705 d=(-0.02094,-0.16498) av=(6.10273e-18,0.242418,2.31683e-18)
reseed=0 gear=4 gtmr=0 b14=[-2.51869e+06,0,-3.93461e+06] gt=[4.00,3.00,2.40,2.10,1.80,6.00] in=(255,0,255,0) steer=+1.000 gnd=4.0 sp=3604.33 horiz=3601.37 velH=-1.7740 bodyH=-1.8447 slip=+0.0707 d=(-0.02796,-0.16431) av=(3.82595e-18,0.242876,1.05085e-18)
reseed=0 gear=4 gtmr=0 b14=[-2.68488e+06,0,-3.82586e+06] gt=[4.00,3.00,2.40,2.10,1.80,6.00] in=(255,0,255,0) steer=+1.000 gnd=4.0 sp=3611.96 horiz=3608.99 velH=-1.8163 bodyH=-1.8872 slip=+0.0709 d=(-0.03497,-0.16333) av=(2.39914e-18,0.243323,3.9162e-19)
reseed=0 gear=4 gtmr=0 b14=[-2.84632e+06,0,-3.71003e+06] gt=[4.00,3.00,2.40,2.10,1.80,6.00] in=(255,0,255,0) steer=+1.000 gnd=4.0 sp=3619.35 horiz=3616.37 velH=-1.8586 bodyH=-1.9297 slip=+0.0710 d=(-0.04194,-0.16205) av=(1.50441e-18,0.243757,6.74713e-20)
reseed=0 gear=4 gtmr=0 b14=[-3.00272e+06,0,-3.58734e+06] gt=[4.00,3.00,2.40,2.10,1.80,6.00] in=(255,0,255,0) steer=+1.000 gnd=4.0 sp=3626.51 horiz=3623.51 velH=-1.9010 bodyH=-1.9722 slip=+0.0712 d=(-0.04886,-0.16045) av=(9.43073e-19,0.24418,-7.64984e-20)
reseed=0 gear=4 gtmr=0 b14=[-3.15379e+06,0,-3.458e+06] gt=[4.00,3.00,2.40,2.10,1.80,6.00] in=(255,0,255,0) steer=+1.000 gnd=4.0 sp=3633.44 horiz=3630.43 velH=-1.9433 bodyH=-2.0147 slip=+0.0713 d=(-0.05572,-0.15855) av=(5.908e-19,0.244591,-1.27297e-19)
reseed=0 gear=4 gtmr=0 b14=[-3.29924e+06,0,-3.32226e+06] gt=[4.00,3.00,2.40,2.10,1.80,6.00] in=(255,0,255,0) steer=+1.000 gnd=4.0 sp=3640.14 horiz=3637.12 velH=-1.9857 bodyH=-2.0572 slip=+0.0715 d=(-0.06250,-0.15634) av=(3.69724e-19,0.244992,-1.32821e-19)
reseed=0 gear=4 gtmr=0 b14=[-3.43881e+06,0,-3.18035e+06] gt=[4.00,3.00,2.40,2.10,1.80,6.00] in=(255,0,255,0) steer=+1.000 gnd=4.0 sp=3646.63 horiz=3643.59 velH=-2.0280 bodyH=-2.0997 slip=+0.0716 d=(-0.06919,-0.15384) av=(2.31021e-19,0.245381,-1.18702e-19)
reseed=0 gear=4 gtmr=0 b14=[-3.57222e+06,0,-3.03255e+06] gt=[4.00,3.00,2.40,2.10,1.80,6.00] in=(255,0,255,0) steer=+1.000 gnd=4.0 sp=3652.91 horiz=3649.86 velH=-2.0704 bodyH=-2.1422 slip=+0.0718 d=(-0.07577,-0.15104) av=(1.44055e-19,0.24576,-9.80979e-20)
reseed=0 gear=4 gtmr=0 b14=[-3.69923e+06,0,-2.87911e+06] gt=[4.00,3.00,2.40,2.10,1.80,6.00] in=(255,0,255,0) steer=+1.000 gnd=4.0 sp=3658.98 horiz=3655.92 velH=-2.1128 bodyH=-2.1847 slip=+0.0719 d=(-0.08224,-0.14794) av=(8.95855e-20,0.246128,-7.73205e-20)
reseed=0 gear=4 gtmr=0 b14=[-3.81961e+06,0,-2.72032e+06] gt=[4.00,3.00,2.40,2.10,1.80,6.00] in=(255,0,255,0) steer=+1.000 gnd=4.0 sp=3664.86 horiz=3661.79 velH=-2.1551 bodyH=-2.2272 slip=+0.0720 d=(-0.08858,-0.14457) av=(5.55212e-20,0.246486,-5.90371e-20)
reseed=0 gear=4 gtmr=0 b14=[-3.93313e+06,0,-2.55647e+06] gt=[4.00,3.00,2.40,2.10,1.80,6.00] in=(255,0,255,0) steer=+1.000 gnd=4.0 sp=3670.55 horiz=3667.46 velH=-2.1975 bodyH=-2.2697 slip=+0.0722 d=(-0.09477,-0.14091) av=(3.42624e-20,0.246834,-4.40586e-20)
reseed=0 gear=4 gtmr=0 b14=[-4.03957e+06,0,-2.38785e+06] gt=[4.00,3.00,2.40,2.10,1.80,6.00] in=(255,0,255,0) steer=+1.000 gnd=4.0 sp=3676.05 horiz=3672.95 velH=-2.2399 bodyH=-2.3122 slip=+0.0723 d=(-0.10081,-0.13698) av=(2.10312e-20,0.247172,-3.23176e-20)
reseed=0 gear=4 gtmr=0 b14=[-4.13874e+06,0,-2.21478e+06] gt=[4.00,3.00,2.40,2.10,1.80,6.00] in=(255,0,255,0) steer=+1.000 gnd=4.0 sp=3681.37 horiz=3678.26 velH=-2.2823 bodyH=-2.3547 slip=+0.0724 d=(-0.10668,-0.13278) av=(1.28247e-20,0.2475,-2.33867e-20)
reseed=0 gear=4 gtmr=0 b14=[-4.23044e+06,0,-2.03758e+06] gt=[4.00,3.00,2.40,2.10,1.80,6.00] in=(255,0,255,0) steer=+1.000 gnd=4.0 sp=3686.51 horiz=3683.40 velH=-2.3247 bodyH=-2.3972 slip=+0.0725 d=(-0.11237,-0.12832) av=(7.75675e-21,0.247819,-1.67395e-20)
reseed=0 gear=4 gtmr=0 b14=[-4.31452e+06,0,-1.85656e+06] gt=[4.00,3.00,2.40,2.10,1.80,6.00] in=(255,0,255,0) steer=+1.000 gnd=4.0 sp=3691.49 horiz=3688.36 velH=-2.3670 bodyH=-2.4397 slip=+0.0726 d=(-0.11787,-0.12362) av=(4.64373e-21,0.248129,-1.18736e-20)
reseed=0 gear=4 gtmr=0 b14=[-4.39081e+06,0,-1.67205e+06] gt=[4.00,3.00,2.40,2.10,1.80,6.00] in=(255,0,255,0) steer=+1.000 gnd=4.0 sp=3696.30 horiz=3693.17 velH=-2.4094 bodyH=-2.4822 slip=+0.0728 d=(-0.12317,-0.11867) av=(2.74422e-21,0.24843,-8.35767e-21)
reseed=0 gear=4 gtmr=0 b14=[-4.45916e+06,0,-1.48441e+06] gt=[4.00,3.00,2.40,2.10,1.80,6.00] in=(255,0,255,0) steer=+1.000 gnd=4.0 sp=3700.96 horiz=3697.81 velH=-2.4518 bodyH=-2.5247 slip=+0.0729 d=(-0.12825,-0.11349) av=(1.59469e-21,0.248722,-5.8441e-21)
reseed=0 gear=4 gtmr=0 b14=[-4.51945e+06,0,-1.29396e+06] gt=[4.00,3.00,2.40,2.10,1.80,6.00] in=(255,0,255,0) steer=+1.000 gnd=4.0 sp=3705.46 horiz=3702.30 velH=-2.4942 bodyH=-2.5672 slip=+0.0730 d=(-0.13311,-0.10809) av=(9.0617e-22,0.249005,-4.06291e-21)
reseed=0 gear=4 gtmr=0 b14=[-4.57157e+06,0,-1.10105e+06] gt=[4.00,3.00,2.40,2.10,1.80,6.00] in=(255,0,255,0) steer=+1.000 gnd=4.0 sp=3709.81 horiz=3706.65 velH=-2.5366 bodyH=-2.6097 slip=+0.0731 d=(-0.13774,-0.10247) av=(4.99123e-22,0.24928,-2.81013e-21)
reseed=0 gear=4 gtmr=0 b14=[-4.61542e+06,0,-906049] gt=[4.00,3.00,2.40,2.10,1.80,6.00] in=(255,0,255,0) steer=+1.000 gnd=4.0 sp=3714.02 horiz=3710.84 velH=-2.5790 bodyH=-2.6522 slip=+0.0732 d=(-0.14213,-0.09665) av=(2.62515e-22,0.249547,-1.93469e-21)
reseed=0 gear=0 gtmr=-2950 b14=[-597567,0,-597130] gt=[4.00,3.00,2.40,2.10,1.80,6.00] in=(0,255,255,0) steer=-1.000 gnd=4.0 sp=12.72 horiz=12.72 velH=-2.6521 bodyH=-2.6521 slip=+0.0000 d=(-0.00013,-0.00007) av=(1.77763e-29,6.1258e-08,-1.30894e-28)
reseed=0 gear=0 gtmr=-2900 b14=[-630146,0,-630258] gt=[4.00,3.00,2.40,2.10,1.80,6.00] in=(0,255,255,0) steer=-1.000 gnd=4.0 sp=25.92 horiz=25.92 velH=-2.6516 bodyH=-2.6517 slip=+0.0000 d=(-0.00065,-0.00035) av=(8.56424e-36,9.38328e-07,-6.29437e-35)
reseed=0 gear=0 gtmr=-2850 b14=[-664299,0,-665525] gt=[4.00,3.00,2.40,2.10,1.80,6.00] in=(0,255,255,0) steer=-1.000 gnd=4.0 sp=39.87 horiz=39.87 velH=-2.6508 bodyH=-2.6508 slip=+0.0000 d=(-0.00120,-0.00064) av=(8.88367e-41,5.7244e-06,-6.50832e-40)
reseed=0 gear=0 gtmr=-2800 b14=[-700063,0,-703088] gt=[4.00,3.00,2.40,2.10,1.80,6.00] in=(0,255,255,0) steer=-1.000 gnd=4.0 sp=54.60 horiz=54.60 velH=-2.6495 bodyH=-2.6496 slip=+0.0001 d=(-0.00178,-0.00095) av=(7.00649e-45,2.05539e-05,-5.46506e-44)
reseed=0 gear=0 gtmr=-2750 b14=[-737469,0,-743113] gt=[4.00,3.00,2.40,2.10,1.80,6.00] in=(0,255,255,0) steer=-1.000 gnd=4.0 sp=70.15 horiz=70.15 velH=-2.6477 bodyH=-2.6479 slip=+0.0003 d=(-0.00238,-0.00128) av=(0,5.51279e-05,0)
reseed=0 gear=0 gtmr=-2700 b14=[-776541,0,-785782] gt=[4.00,3.00,2.40,2.10,1.80,6.00] in=(0,255,255,0) steer=-1.000 gnd=4.0 sp=86.58 horiz=86.58 velH=-2.6453 bodyH=-2.6458 slip=+0.0005 d=(-0.00302,-0.00164) av=(0,0.000121523,0)
reseed=0 gear=0 gtmr=-2650 b14=[-817295,0,-831293] gt=[4.00,3.00,2.40,2.10,1.80,6.00] in=(0,255,255,0) steer=-1.000 gnd=4.0 sp=103.91 horiz=103.91 velH=-2.6422 bodyH=-2.6433 slip=+0.0010 d=(-0.00370,-0.00201) av=(0,0.000229038,0)
reseed=0 gear=0 gtmr=-2600 b14=[-859740,0,-879856] gt=[4.00,3.00,2.40,2.10,1.80,6.00] in=(0,255,255,0) steer=-1.000 gnd=4.0 sp=122.21 horiz=122.20 velH=-2.6384 bodyH=-2.6402 slip=+0.0018 d=(-0.00440,-0.00242) av=(0,0.000370208,0)
reseed=0 gear=0 gtmr=-2550 b14=[-903870,0,-931704] gt=[4.00,3.00,2.40,2.10,1.80,6.00] in=(0,255,255,0) steer=-1.000 gnd=4.0 sp=141.50 horiz=141.50 velH=-2.6334 bodyH=-2.6366 slip=+0.0032 d=(-0.00515,-0.00286) av=(0,0.000489074,0)
reseed=0 gear=0 gtmr=-2500 b14=[-949673,0,-987087] gt=[4.00,3.00,2.40,2.10,1.80,6.00] in=(0,255,255,0) steer=-1.000 gnd=4.0 sp=161.86 horiz=161.85 velH=-2.6270 bodyH=-2.6324 slip=+0.0054 d=(-0.00592,-0.00333) av=(0,0.000414185,0)
reseed=0 gear=0 gtmr=-2450 b14=[-997150,0,-1.04631e+06] gt=[4.00,3.00,2.40,2.10,1.80,6.00] in=(0,255,255,0) steer=-1.000 gnd=4.0 sp=183.34 horiz=183.33 velH=-2.6184 bodyH=-2.6277 slip=+0.0093 d=(-0.00673,-0.00384) av=(0,-0.00020718,0)
reseed=0 gear=0 gtmr=-2400 b14=[-1.04635e+06,0,-1.10977e+06] gt=[4.00,3.00,2.40,2.10,1.80,6.00] in=(0,255,255,0) steer=-1.000 gnd=4.0 sp=206.04 horiz=206.02 velH=-2.6059 bodyH=-2.6223 slip=+0.0164 d=(-0.00756,-0.00441) av=(0,-0.000791083,0)
reseed=0 gear=0 gtmr=-2350 b14=[-1.0973e+06,0,-1.17791e+06] gt=[4.00,3.00,2.40,2.10,1.80,6.00] in=(0,255,255,0) steer=-1.000 gnd=4.0 sp=230.06 horiz=230.04 velH=-2.5867 bodyH=-2.6163 slip=+0.0297 d=(-0.00842,-0.00506) av=(0,-0.00123049,0)
reseed=0 gear=0 gtmr=-2300 b14=[-1.13786e+06,0,-1.23797e+06] gt=[4.00,3.00,2.40,2.10,1.80,6.00] in=(0,255,255,0) steer=-1.000 gnd=4.0 sp=255.39 horiz=255.33 velH=-2.5813 bodyH=-2.6096 slip=+0.0283 d=(-0.00929,-0.00580) av=(0,-0.0050271,0)
reseed=0 gear=0 gtmr=-2250 b14=[-1.13425e+06,0,-1.25258e+06] gt=[4.00,3.00,2.40,2.10,1.80,6.00] in=(0,255,255,0) steer=-1.000 gnd=4.0 sp=281.47 horiz=281.41 velH=-2.5760 bodyH=-2.6022 slip=+0.0262 d=(-0.01026,-0.00648) av=(0,-0.00836618,0)
reseed=0 gear=0 gtmr=-2200 b14=[-1.12958e+06,0,-1.26807e+06] gt=[4.00,3.00,2.40,2.10,1.80,6.00] in=(0,255,255,0) steer=-1.000 gnd=4.0 sp=307.63 horiz=307.58 velH=-2.5705 bodyH=-2.5940 slip=+0.0235 d=(-0.01125,-0.00719) av=(0,-0.012788,0)
reseed=0 gear=0 gtmr=-2150 b14=[-1.1238e+06,0,-1.28442e+06] gt=[4.00,3.00,2.40,2.10,1.80,6.00] in=(0,255,255,0) steer=-1.000 gnd=4.0 sp=333.88 horiz=333.84 velH=-2.5643 bodyH=-2.5851 slip=+0.0208 d=(-0.01223,-0.00791) av=(0,-0.0175141,0)
reseed=0 gear=0 gtmr=-2100 b14=[-1.11686e+06,0,-1.30162e+06] gt=[4.00,3.00,2.40,2.10,1.80,6.00] in=(0,255,255,0) steer=-1.000 gnd=4.0 sp=360.19 horiz=360.16 velH=-2.5573 bodyH=-2.5755 slip=+0.0182 d=(-0.01319,-0.00865) av=(0,-0.0215591,0)
reseed=0 gear=0 gtmr=-2050 b14=[-1.10872e+06,0,-1.31965e+06] gt=[4.00,3.00,2.40,2.10,1.80,6.00] in=(0,255,255,0) steer=-1.000 gnd=4.0 sp=386.56 horiz=386.54 velH=-2.5494 bodyH=-2.5651 slip=+0.0157 d=(-0.01415,-0.00942) av=(0,-0.0254443,0)
reseed=0 gear=0 gtmr=-2000 b14=[-1.09933e+06,0,-1.33847e+06] gt=[4.00,3.00,2.40,2.10,1.80,6.00] in=(0,255,255,0) steer=-1.000 gnd=4.0 sp=412.99 horiz=412.97 velH=-2.5405 bodyH=-2.5540 slip=+0.0134 d=(-0.01509,-0.01022) av=(0,-0.0293491,0)
reseed=0 gear=0 gtmr=-1950 b14=[-1.08865e+06,0,-1.35808e+06] gt=[4.00,3.00,2.40,2.10,1.80,6.00] in=(0,255,255,0) steer=-1.000 gnd=4.0 sp=439.47 horiz=439.45 velH=-2.5308 bodyH=-2.5421 slip=+0.0112 d=(-0.01600,-0.01105) av=(0,-0.0333328,0)
reseed=0 gear=0 gtmr=-1900 b14=[-1.07663e+06,0,-1.37844e+06] gt=[4.00,3.00,2.40,2.10,1.80,6.00] in=(0,255,255,0) steer=-1.000 gnd=4.0 sp=465.98 horiz=465.97 velH=-2.5202 bodyH=-2.5294 slip=+0.0092 d=(-0.01690,-0.01191) av=(0,-0.0374136,0)
reseed=0 gear=0 gtmr=-1850 b14=[-1.06322e+06,0,-1.39951e+06] gt=[4.00,3.00,2.40,2.10,1.80,6.00] in=(0,255,255,0) steer=-1.000 gnd=4.0 sp=492.52 horiz=492.52 velH=-2.5087 bodyH=-2.5160 slip=+0.0073 d=(-0.01777,-0.01281) av=(0,-0.0415836,0)
reseed=0 gear=0 gtmr=-1800 b14=[-1.04837e+06,0,-1.42126e+06] gt=[4.00,3.00,2.40,2.10,1.80,6.00] in=(0,255,255,0) steer=-1.000 gnd=4.0 sp=519.09 horiz=519.08 velH=-2.4964 bodyH=-2.5019 slip=+0.0055 d=(-0.01861,-0.01375) av=(0,-0.0458223,0)
reseed=0 gear=0 gtmr=-1750 b14=[-1.03203e+06,0,-1.44365e+06] gt=[4.00,3.00,2.40,2.10,1.80,6.00] in=(0,255,255,0) steer=-1.000 gnd=4.0 sp=545.66 horiz=545.66 velH=-2.4833 bodyH=-2.4870 slip=+0.0037 d=(-0.01942,-0.01472) av=(0,-0.0501177,0)
reseed=0 gear=0 gtmr=-1700 b14=[-1.01415e+06,0,-1.46663e+06] gt=[4.00,3.00,2.40,2.10,1.80,6.00] in=(0,255,255,0) steer=-1.000 gnd=4.0 sp=572.24 horiz=572.24 velH=-2.4693 bodyH=-2.4713 slip=+0.0020 d=(-0.02019,-0.01573) av=(0,-0.0544587,0)
reseed=0 gear=0 gtmr=-1650 b14=[-994681,0,-1.49014e+06] gt=[4.00,3.00,2.40,2.10,1.80,6.00] in=(0,255,255,0) steer=-1.000 gnd=4.0 sp=598.82 horiz=598.82 velH=-2.4545 bodyH=-2.4549 slip=+0.0004 d=(-0.02093,-0.01679) av=(0,-0.0588366,0)
reseed=0 gear=0 gtmr=-1600 b14=[-973565,0,-1.51414e+06] gt=[4.00,3.00,2.40,2.10,1.80,6.00] in=(0,255,255,0) steer=-1.000 gnd=4.0 sp=625.38 horiz=625.38 velH=-2.4389 bodyH=-2.4378 slip=-0.0011 d=(-0.02162,-0.01788) av=(0,-0.0632444,0)
reseed=0 gear=0 gtmr=-1550 b14=[-950753,0,-1.53855e+06] gt=[4.00,3.00,2.40,2.10,1.80,6.00] in=(0,255,255,0) steer=-1.000 gnd=4.0 sp=651.92 horiz=651.92 velH=-2.4225 bodyH=-2.4199 slip=-0.0026 d=(-0.02228,-0.01902) av=(0,-0.0676759,0)
reseed=0 gear=0 gtmr=-1500 b14=[-926196,0,-1.56331e+06] gt=[4.00,3.00,2.40,2.10,1.80,6.00] in=(0,255,255,0) steer=-1.000 gnd=4.0 sp=678.42 horiz=678.42 velH=-2.4053 bodyH=-2.4012 slip=-0.0041 d=(-0.02288,-0.02020) av=(0,-0.0721252,0)
reseed=0 gear=0 gtmr=-1450 b14=[-899842,0,-1.58835e+06] gt=[4.00,3.00,2.40,2.10,1.80,6.00] in=(0,255,255,0) steer=-1.000 gnd=4.0 sp=704.89 horiz=704.88 velH=-2.3873 bodyH=-2.3818 slip=-0.0055 d=(-0.02344,-0.02142) av=(0,-0.0765864,0)
reseed=0 gear=0 gtmr=-1400 b14=[-871645,0,-1.61359e+06] gt=[4.00,3.00,2.40,2.10,1.80,6.00] in=(0,255,255,0) steer=-1.000 gnd=4.0 sp=731.30 horiz=731.29 velH=-2.3686 bodyH=-2.3616 slip=-0.0070 d=(-0.02394,-0.02268) av=(0,-0.0810536,0)
reseed=0 gear=0 gtmr=-1350 b14=[-841558,0,-1.63895e+06] gt=[4.00,3.00,2.40,2.10,1.80,6.00] in=(0,255,255,0) steer=-1.000 gnd=4.0 sp=757.65 horiz=757.64 velH=-2.3490 bodyH=-2.3407 slip=-0.0083 d=(-0.02438,-0.02399) av=(0,-0.0855209,0)
reseed=0 gear=0 gtmr=-1300 b14=[-809536,0,-1.66433e+06] gt=[4.00,3.00,2.40,2.10,1.80,6.00] in=(0,255,255,0) steer=-1.000 gnd=4.0 sp=783.94 horiz=783.92 velH=-2.3288 bodyH=-2.3191 slip=-0.0097 d=(-0.02475,-0.02533) av=(0,-0.0899819,0)
reseed=0 gear=0 gtmr=-1250 b14=[-775538,0,-1.68964e+06] gt=[4.00,3.00,2.40,2.10,1.80,6.00] in=(0,255,255,0) steer=-1.000 gnd=4.0 sp=810.14 horiz=810.11 velH=-2.3077 bodyH=-2.2967 slip=-0.0110 d=(-0.02506,-0.02672) av=(0,-0.0944303,0)
reseed=0 gear=0 gtmr=-1200 b14=[-739525,0,-1.71477e+06] gt=[4.00,3.00,2.40,2.10,1.80,6.00] in=(0,255,255,0) steer=-1.000 gnd=4.0 sp=836.25 horiz=836.22 velH=-2.2859 bodyH=-2.2735 slip=-0.0124 d=(-0.02530,-0.02815) av=(0,-0.0988591,0)
reseed=0 gear=0 gtmr=-1150 b14=[-701463,0,-1.73962e+06] gt=[4.00,3.00,2.40,2.10,1.80,6.00] in=(0,255,255,0) steer=-1.000 gnd=4.0 sp=862.27 horiz=862.22 velH=-2.2633 bodyH=-2.2496 slip=-0.0137 d=(-0.02547,-0.02961) av=(0,-0.103262,0)
reseed=0 gear=0 gtmr=-1100 b14=[-661320,0,-1.76408e+06] gt=[4.00,3.00,2.40,2.10,1.80,6.00] in=(0,255,255,0) steer=-1.000 gnd=4.0 sp=888.17 horiz=888.12 velH=-2.2400 bodyH=-2.2250 slip=-0.0150 d=(-0.02556,-0.03111) av=(0,-0.107631,0)
reseed=0 gear=0 gtmr=-1050 b14=[-619072,0,-1.78803e+06] gt=[4.00,3.00,2.40,2.10,1.80,6.00] in=(0,255,255,0) steer=-1.000 gnd=4.0 sp=913.96 horiz=913.90 velH=-2.2159 bodyH=-2.1997 slip=-0.0163 d=(-0.02556,-0.03265) av=(0,-0.111959,0)
reseed=0 gear=0 gtmr=-1000 b14=[-574696,0,-1.81134e+06] gt=[4.00,3.00,2.40,2.10,1.80,6.00] in=(0,255,255,0) steer=-1.000 gnd=4.0 sp=939.62 horiz=939.54 velH=-2.1911 bodyH=-2.1736 slip=-0.0176 d=(-0.02547,-0.03421) av=(0,-0.116241,0)
reseed=0 gear=0 gtmr=-950 b14=[-528179,0,-1.83388e+06] gt=[4.00,3.00,2.40,2.10,1.80,6.00] in=(0,255,255,0) steer=-1.000 gnd=4.0 sp=965.14 horiz=965.05 velH=-2.1656 bodyH=-2.1468 slip=-0.0188 d=(-0.02530,-0.03580) av=(0,-0.120468,0)
reseed=0 gear=0 gtmr=-900 b14=[-479511,0,-1.85552e+06] gt=[4.00,3.00,2.40,2.10,1.80,6.00] in=(0,255,255,0) steer=-1.000 gnd=4.0 sp=990.51 horiz=990.41 velH=-2.1394 bodyH=-2.1192 slip=-0.0201 d=(-0.02503,-0.03742) av=(0,-0.124637,0)
reseed=0 gear=0 gtmr=-850 b14=[-428691,0,-1.87611e+06] gt=[4.00,3.00,2.40,2.10,1.80,6.00] in=(0,255,255,0) steer=-1.000 gnd=4.0 sp=1015.72 horiz=1015.60 velH=-2.1124 bodyH=-2.0910 slip=-0.0214 d=(-0.02466,-0.03906) av=(0,-0.128742,0)
reseed=0 gear=0 gtmr=-800 b14=[-375725,0,-1.89552e+06] gt=[4.00,3.00,2.40,2.10,1.80,6.00] in=(0,255,255,0) steer=-1.000 gnd=4.0 sp=1040.77 horiz=1040.63 velH=-2.0847 bodyH=-2.0620 slip=-0.0227 d=(-0.02419,-0.04072) av=(0,-0.132549,0)
reseed=0 gear=0 gtmr=-750 b14=[-320627,0,-1.9136e+06] gt=[4.00,3.00,2.40,2.10,1.80,6.00] in=(0,255,255,0) steer=-1.000 gnd=4.0 sp=1065.64 horiz=1065.49 velH=-2.0563 bodyH=-2.0324 slip=-0.0239 d=(-0.02361,-0.04239) av=(0,-0.135128,0)
reseed=0 gear=0 gtmr=-700 b14=[-263419,0,-1.93019e+06] gt=[4.00,3.00,2.40,2.10,1.80,6.00] in=(0,255,255,0) steer=-1.000 gnd=4.0 sp=1090.33 horiz=1090.16 velH=-2.0271 bodyH=-2.0020 slip=-0.0251 d=(-0.02292,-0.04406) av=(0,-0.13667,0)
reseed=0 gear=0 gtmr=-650 b14=[-204133,0,-1.94513e+06] gt=[4.00,3.00,2.40,2.10,1.80,6.00] in=(0,255,255,0) steer=-1.000 gnd=4.0 sp=1114.82 horiz=1114.63 velH=-1.9973 bodyH=-1.9709 slip=-0.0264 d=(-0.02212,-0.04574) av=(0,-0.137858,0)
reseed=0 gear=0 gtmr=-600 b14=[-142810,0,-1.95828e+06] gt=[4.00,3.00,2.40,2.10,1.80,6.00] in=(0,255,255,0) steer=-1.000 gnd=4.0 sp=1139.12 horiz=1138.90 velH=-1.9667 bodyH=-1.9391 slip=-0.0276 d=(-0.02121,-0.04742) av=(0,-0.138871,0)
reseed=0 gear=0 gtmr=-550 b14=[-79500.1,0,-1.96947e+06] gt=[4.00,3.00,2.40,2.10,1.80,6.00] in=(0,255,255,0) steer=-1.000 gnd=4.0 sp=1163.20 horiz=1162.96 velH=-1.9355 bodyH=-1.9067 slip=-0.0288 d=(-0.02017,-0.04908) av=(0,-0.139803,0)
reseed=0 gear=0 gtmr=-500 b14=[-14266.5,0,-1.97854e+06] gt=[4.00,3.00,2.40,2.10,1.80,6.00] in=(0,255,255,0) steer=-1.000 gnd=4.0 sp=1187.06 horiz=1186.80 velH=-1.9035 bodyH=-1.8736 slip=-0.0300 d=(-0.01901,-0.05073) av=(0,-0.140704,0)
reseed=0 gear=0 gtmr=-450 b14=[52818.4,0,-1.98533e+06] gt=[4.00,3.00,2.40,2.10,1.80,6.00] in=(0,255,255,0) steer=-1.000 gnd=4.0 sp=1210.70 horiz=1210.41 velH=-1.8709 bodyH=-1.8397 slip=-0.0312 d=(-0.01773,-0.05236) av=(0,-0.141602,0)
reseed=0 gear=0 gtmr=-400 b14=[121670,0,-1.98967e+06] gt=[4.00,3.00,2.40,2.10,1.80,6.00] in=(0,255,255,0) steer=-1.000 gnd=4.0 sp=1234.09 horiz=1233.78 velH=-1.8376 bodyH=-1.8053 slip=-0.0324 d=(-0.01632,-0.05396) av=(0,-0.14251,0)
reseed=0 gear=0 gtmr=-350 b14=[192192,0,-1.9914e+06] gt=[4.00,3.00,2.40,2.10,1.80,6.00] in=(0,255,255,0) steer=-1.000 gnd=4.0 sp=1257.25 horiz=1256.90 velH=-1.8037 bodyH=-1.7701 slip=-0.0336 d=(-0.01479,-0.05552) av=(0,-0.143436,0)
reseed=0 gear=0 gtmr=-300 b14=[264277,0,-1.99036e+06] gt=[4.00,3.00,2.40,2.10,1.80,6.00] in=(0,255,255,0) steer=-1.000 gnd=4.0 sp=1280.15 horiz=1279.77 velH=-1.7691 bodyH=-1.7343 slip=-0.0347 d=(-0.01313,-0.05703) av=(0,-0.143187,0)
reseed=0 gear=0 gtmr=-250 b14=[337804,0,-1.98641e+06] gt=[4.00,3.00,2.40,2.10,1.80,6.00] in=(0,255,255,0) steer=-1.000 gnd=4.0 sp=1302.78 horiz=1302.38 velH=-1.7338 bodyH=-1.6979 slip=-0.0359 d=(-0.01135,-0.05849) av=(0,-0.143493,0)
reseed=0 gear=0 gtmr=-200 b14=[412639,0,-1.97937e+06] gt=[4.00,3.00,2.40,2.10,1.80,6.00] in=(0,255,255,0) steer=-1.000 gnd=4.0 sp=1325.15 horiz=1324.71 velH=-1.6979 bodyH=-1.6608 slip=-0.0370 d=(-0.00943,-0.05989) av=(0,-0.144094,0)
reseed=0 gear=0 gtmr=-150 b14=[488637,0,-1.96911e+06] gt=[4.00,3.00,2.40,2.10,1.80,6.00] in=(0,255,255,0) steer=-1.000 gnd=4.0 sp=1347.25 horiz=1346.78 velH=-1.6613 bodyH=-1.6231 slip=-0.0382 d=(-0.00739,-0.06121) av=(0,-0.144851,0)
reseed=0 gear=0 gtmr=-100 b14=[565640,0,-1.95547e+06] gt=[4.00,3.00,2.40,2.10,1.80,6.00] in=(0,255,255,0) steer=-1.000 gnd=4.0 sp=1369.06 horiz=1368.55 velH=-1.6241 bodyH=-1.5848 slip=-0.0393 d=(-0.00523,-0.06246) av=(0,-0.144708,0)
reseed=0 gear=0 gtmr=-49 b14=[643476,0,-1.93833e+06] gt=[4.00,3.00,2.40,2.10,1.80,6.00] in=(0,255,255,0) steer=-1.000 gnd=4.0 sp=1390.58 horiz=1390.04 velH=-1.5863 bodyH=-1.5458 slip=-0.0405 d=(-0.00294,-0.06362) av=(0,-0.145046,0)
reseed=0 gear=1 gtmr=3000 b14=[909554,0,-2.41579e+06] gt=[4.00,3.00,2.40,2.10,1.80,6.00] in=(0,255,255,0) steer=-1.000 gnd=4.0 sp=1411.81 horiz=1411.23 velH=-1.5478 bodyH=-1.5063 slip=-0.0416 d=(-0.00054,-0.06467) av=(0,-0.145635,0)
reseed=0 gear=1 gtmr=2950 b14=[1.00959e+06,0,-2.38587e+06] gt=[4.00,3.00,2.40,2.10,1.80,6.00] in=(0,255,255,0) steer=-1.000 gnd=4.0 sp=1441.12 horiz=1440.53 velH=-1.5075 bodyH=-1.4660 slip=-0.0414 d=(0.00202,-0.06572) av=(0,-0.146732,0)
reseed=0 gear=1 gtmr=2900 b14=[1.11054e+06,0,-2.35067e+06] gt=[4.00,3.00,2.40,2.10,1.80,6.00] in=(0,255,255,0) steer=-1.000 gnd=4.0 sp=1470.15 horiz=1469.54 velH=-1.4670 bodyH=-1.4250 slip=-0.0420 d=(0.00476,-0.06694) av=(0,-0.147645,0)
reseed=0 gear=1 gtmr=2850 b14=[1.2121e+06,0,-2.31001e+06] gt=[4.00,3.00,2.40,2.10,1.80,6.00] in=(0,255,255,0) steer=-1.000 gnd=4.0 sp=1498.83 horiz=1498.17 velH=-1.4262 bodyH=-1.3831 slip=-0.0431 d=(0.00762,-0.06802) av=(0,-0.148562,0)
reseed=0 gear=1 gtmr=2800 b14=[1.31351e+06,0,-2.26402e+06] gt=[4.00,3.00,2.40,2.10,1.80,6.00] in=(0,255,255,0) steer=-1.000 gnd=4.0 sp=1527.11 horiz=1526.41 velH=-1.3848 bodyH=-1.3406 slip=-0.0442 d=(0.01059,-0.06896) av=(0,-0.149521,0)
reseed=0 gear=1 gtmr=2750 b14=[1.4132e+06,0,-2.21349e+06] gt=[4.00,3.00,2.40,2.10,1.80,6.00] in=(0,255,255,0) steer=-1.000 gnd=4.0 sp=1555.02 horiz=1554.28 velH=-1.3431 bodyH=-1.2981 slip=-0.0450 d=(0.01369,-0.06975) av=(0,-0.150445,0)
reseed=0 gear=1 gtmr=2700 b14=[1.51091e+06,0,-2.15849e+06] gt=[4.00,3.00,2.40,2.10,1.80,6.00] in=(0,255,255,0) steer=-1.000 gnd=4.0 sp=1582.57 horiz=1581.81 velH=-1.3013 bodyH=-1.2556 slip=-0.0456 d=(0.01689,-0.07037) av=(0,-0.151305,0)
reseed=0 gear=1 gtmr=2650 b14=[1.60643e+06,0,-2.09911e+06] gt=[4.00,3.00,2.40,2.10,1.80,6.00] in=(0,255,255,0) steer=-1.000 gnd=4.0 sp=1609.79 horiz=1608.99 velH=-1.2593 bodyH=-1.2131 slip=-0.0462 d=(0.02017,-0.07082) av=(0,-0.152106,0)
reseed=0 gear=1 gtmr=2600 b14=[1.69957e+06,0,-2.03543e+06] gt=[4.00,3.00,2.40,2.10,1.80,6.00] in=(0,255,255,0) steer=-1.000 gnd=4.0 sp=1636.67 horiz=1635.85 velH=-1.2173 bodyH=-1.1706 slip=-0.0466 d=(0.02352,-0.07111) av=(0,-0.152859,0)
reseed=0 gear=1 gtmr=2550 b14=[1.79012e+06,0,-1.96754e+06] gt=[4.00,3.00,2.40,2.10,1.80,6.00] in=(0,255,255,0) steer=-1.000 gnd=4.0 sp=1663.23 horiz=1662.38 velH=-1.1752 bodyH=-1.1281 slip=-0.0471 d=(0.02692,-0.07122) av=(0,-0.153576,0)
reseed=0 gear=1 gtmr=2500 b14=[1.8779e+06,0,-1.89554e+06] gt=[4.00,3.00,2.40,2.10,1.80,6.00] in=(0,255,255,0) steer=-1.000 gnd=4.0 sp=1689.45 horiz=1688.58 velH=-1.1331 bodyH=-1.0856 slip=-0.0474 d=(0.03037,-0.07115) av=(0,-0.154268,0)
reseed=0 gear=1 gtmr=2450 b14=[1.9627e+06,0,-1.81956e+06] gt=[4.00,3.00,2.40,2.10,1.80,6.00] in=(0,255,255,0) steer=-1.000 gnd=4.0 sp=1715.35 horiz=1714.46 velH=-1.0909 bodyH=-1.0431 slip=-0.0478 d=(0.03386,-0.07090) av=(0,-0.154942,0)
reseed=0 gear=1 gtmr=2400 b14=[2.04434e+06,0,-1.73972e+06] gt=[4.00,3.00,2.40,2.10,1.80,6.00] in=(0,255,255,0) steer=-1.000 gnd=4.0 sp=1740.92 horiz=1740.01 velH=-1.0488 bodyH=-1.0006 slip=-0.0482 d=(0.03738,-0.07047) av=(0,-0.155603,0)
reseed=0 gear=1 gtmr=2350 b14=[2.12266e+06,0,-1.65615e+06] gt=[4.00,3.00,2.40,2.10,1.80,6.00] in=(0,255,255,0) steer=-1.000 gnd=4.0 sp=1766.16 horiz=1765.22 velH=-1.0067 bodyH=-0.9581 slip=-0.0485 d=(0.04091,-0.06985) av=(0,-0.156253,0)
reseed=0 gear=1 gtmr=2300 b14=[2.19746e+06,0,-1.56901e+06] gt=[4.00,3.00,2.40,2.10,1.80,6.00] in=(0,255,255,0) steer=-1.000 gnd=4.0 sp=1791.07 horiz=1790.11 velH=-0.9645 bodyH=-0.9156 slip=-0.0489 d=(0.04445,-0.06904) av=(0,-0.156895,0)
reseed=0 gear=1 gtmr=2250 b14=[2.2686e+06,0,-1.47843e+06] gt=[4.00,3.00,2.40,2.10,1.80,6.00] in=(0,255,255,0) steer=-1.000 gnd=4.0 sp=1815.65 horiz=1814.66 velH=-0.9223 bodyH=-0.8731 slip=-0.0492 d=(0.04798,-0.06805) av=(0,-0.157531,0)
reseed=0 gear=1 gtmr=2200 b14=[2.3359e+06,0,-1.38457e+06] gt=[4.00,3.00,2.40,2.10,1.80,6.00] in=(0,255,255,0) steer=-1.000 gnd=4.0 sp=1839.89 horiz=1838.88 velH=-0.8802 bodyH=-0.8306 slip=-0.0496 d=(0.05150,-0.06686) av=(0,-0.15816,0)
reseed=0 gear=1 gtmr=2150 b14=[2.39922e+06,0,-1.28761e+06] gt=[4.00,3.00,2.40,2.10,1.80,6.00] in=(0,255,255,0) steer=-1.000 gnd=4.0 sp=1863.80 horiz=1862.76 velH=-0.8380 bodyH=-0.7881 slip=-0.0499 d=(0.05499,-0.06549) av=(0,-0.158783,0)
reseed=0 gear=1 gtmr=2100 b14=[2.45841e+06,0,-1.18772e+06] gt=[4.00,3.00,2.40,2.10,1.80,6.00] in=(0,255,255,0) steer=-1.000 gnd=4.0 sp=1887.37 horiz=1886.31 velH=-0.7958 bodyH=-0.7456 slip=-0.0502 d=(0.05845,-0.06393) av=(0,-0.159401,0)
reseed=0 gear=1 gtmr=2050 b14=[2.51334e+06,0,-1.08508e+06] gt=[4.00,3.00,2.40,2.10,1.80,6.00] in=(0,255,255,0) steer=-1.000 gnd=4.0 sp=1910.60 horiz=1909.53 velH=-0.7536 bodyH=-0.7031 slip=-0.0505 d=(0.06186,-0.06218) av=(0,-0.160014,0)
reseed=0 gear=1 gtmr=2000 b14=[2.56387e+06,0,-979866] gt=[4.00,3.00,2.40,2.10,1.80,6.00] in=(0,255,255,0) steer=-1.000 gnd=4.0 sp=1933.51 horiz=1932.41 velH=-0.7114 bodyH=-0.6606 slip=-0.0508 d=(0.06521,-0.06024) av=(0,-0.160622,0)
reseed=0 gear=1 gtmr=1950 b14=[2.60988e+06,0,-872283] gt=[4.00,3.00,2.40,2.10,1.80,6.00] in=(0,255,255,0) steer=-1.000 gnd=4.0 sp=1956.07 horiz=1954.95 velH=-0.6692 bodyH=-0.6181 slip=-0.0511 d=(0.06850,-0.05812) av=(0,-0.161224,0)
reseed=0 gear=1 gtmr=1900 b14=[2.65127e+06,0,-762526] gt=[4.00,3.00,2.40,2.10,1.80,6.00] in=(0,255,255,0) steer=-1.000 gnd=4.0 sp=1978.30 horiz=1977.15 velH=-0.6270 bodyH=-0.5756 slip=-0.0514 d=(0.07171,-0.05582) av=(0,-0.161821,0)
reseed=0 gear=1 gtmr=1850 b14=[2.68794e+06,0,-650798] gt=[4.00,3.00,2.40,2.10,1.80,6.00] in=(0,255,255,0) steer=-1.000 gnd=4.0 sp=2000.19 horiz=1999.03 velH=-0.5848 bodyH=-0.5331 slip=-0.0517 d=(0.07484,-0.05334) av=(0,-0.162413,0)
reseed=0 gear=1 gtmr=1800 b14=[2.71977e+06,0,-537308] gt=[4.00,3.00,2.40,2.10,1.80,6.00] in=(0,255,255,0) steer=-1.000 gnd=4.0 sp=2021.75 horiz=2020.56 velH=-0.5426 bodyH=-0.4906 slip=-0.0520 d=(0.07787,-0.05069) av=(0,-0.162999,0)
reseed=0 gear=1 gtmr=1750 b14=[2.74671e+06,0,-422270] gt=[4.00,3.00,2.40,2.10,1.80,6.00] in=(0,255,255,0) steer=-1.000 gnd=4.0 sp=2042.98 horiz=2041.77 velH=-0.5004 bodyH=-0.4481 slip=-0.0523 d=(0.08079,-0.04786) av=(0,-0.16358,0)
reseed=0 gear=1 gtmr=1700 b14=[2.76866e+06,0,-305900] gt=[4.00,3.00,2.40,2.10,1.80,6.00] in=(0,255,255,0) steer=-1.000 gnd=4.0 sp=2063.87 horiz=2062.64 velH=-0.4582 bodyH=-0.4056 slip=-0.0526 d=(0.08360,-0.04488) av=(0,-0.164156,0)
reseed=0 gear=1 gtmr=1650 b14=[2.78557e+06,0,-188419] gt=[4.00,3.00,2.40,2.10,1.80,6.00] in=(0,255,255,0) steer=-1.000 gnd=4.0 sp=2084.43 horiz=2083.18 velH=-0.4160 bodyH=-0.3631 slip=-0.0529 d=(0.08629,-0.04173) av=(0,-0.164726,0)
reseed=0 gear=1 gtmr=1600 b14=[2.79738e+06,0,-70050.6] gt=[4.00,3.00,2.40,2.10,1.80,6.00] in=(0,255,255,0) steer=-1.000 gnd=4.0 sp=2104.66 horiz=2103.38 velH=-0.3737 bodyH=-0.3206 slip=-0.0531 d=(0.08885,-0.03842) av=(0,-0.16529,0)
reseed=0 gear=1 gtmr=1550 b14=[2.80404e+06,0,48979.9] gt=[4.00,3.00,2.40,2.10,1.80,6.00] in=(0,255,255,0) steer=-1.000 gnd=4.0 sp=2124.56 horiz=2123.26 velH=-0.3315 bodyH=-0.2781 slip=-0.0534 d=(0.09126,-0.03497) av=(0,-0.165849,0)
reseed=0 gear=1 gtmr=1500 b14=[2.80553e+06,0,168444] gt=[4.00,3.00,2.40,2.10,1.80,6.00] in=(0,255,255,0) steer=-1.000 gnd=4.0 sp=2144.13 horiz=2142.81 velH=-0.2893 bodyH=-0.2356 slip=-0.0537 d=(0.09352,-0.03138) av=(0,-0.166402,0)
reseed=0 gear=1 gtmr=1450 b14=[2.80182e+06,0,288111] gt=[4.00,3.00,2.40,2.10,1.80,6.00] in=(0,255,255,0) steer=-1.000 gnd=4.0 sp=2163.38 horiz=2162.04 velH=-0.2470 bodyH=-0.1931 slip=-0.0539 d=(0.09563,-0.02766) av=(0,-0.166949,0)
reseed=0 gear=1 gtmr=1400 b14=[2.79289e+06,0,407752] gt=[4.00,3.00,2.40,2.10,1.80,6.00] in=(0,255,255,0) steer=-1.000 gnd=4.0 sp=2182.30 horiz=2180.94 velH=-0.2048 bodyH=-0.1506 slip=-0.0542 d=(0.09758,-0.02380) av=(0,-0.16749,0)
reseed=0 gear=1 gtmr=1350 b14=[2.77875e+06,0,527133] gt=[4.00,3.00,2.40,2.10,1.80,6.00] in=(0,255,255,0) steer=-1.000 gnd=4.0 sp=2200.90 horiz=2199.52 velH=-0.1625 bodyH=-0.1081 slip=-0.0544 d=(0.09935,-0.01983) av=(0,-0.168025,0)
reseed=0 gear=1 gtmr=1300 b14=[2.75939e+06,0,646024] gt=[4.00,3.00,2.40,2.10,1.80,6.00] in=(0,255,255,0) steer=-1.000 gnd=4.0 sp=2219.18 horiz=2217.78 velH=-0.1203 bodyH=-0.0656 slip=-0.0547 d=(0.10095,-0.01575) av=(0,-0.168555,0)
reseed=0 gear=1 gtmr=1250 b14=[2.73485e+06,0,764193] gt=[4.00,3.00,2.40,2.10,1.80,6.00] in=(0,255,255,0) steer=-1.000 gnd=4.0 sp=2237.14 horiz=2235.72 velH=-0.0780 bodyH=-0.0231 slip=-0.0549 d=(0.10236,-0.01157) av=(0,-0.169078,0)
reseed=0 gear=1 gtmr=1200 b14=[2.70514e+06,0,881410] gt=[4.00,3.00,2.40,2.10,1.80,6.00] in=(0,255,255,0) steer=-1.000 gnd=4.0 sp=2254.79 horiz=2253.35 velH=-0.0358 bodyH=0.0194 slip=-0.0552 d=(0.10358,-0.00729) av=(0,-0.169595,0)
reseed=0 gear=1 gtmr=1150 b14=[2.67031e+06,0,997445] gt=[4.00,3.00,2.40,2.10,1.80,6.00] in=(0,255,255,0) steer=-1.000 gnd=4.0 sp=2272.12 horiz=2270.67 velH=0.0065 bodyH=0.0619 slip=-0.0554 d=(0.10461,-0.00293) av=(0,-0.170107,0)
reseed=0 gear=1 gtmr=1100 b14=[2.6304e+06,0,1.11207e+06] gt=[4.00,3.00,2.40,2.10,1.80,6.00] in=(0,255,255,0) steer=-1.000 gnd=4.0 sp=2289.15 horiz=2287.67 velH=0.0488 bodyH=0.1044 slip=-0.0557 d=(0.10544,0.00150) av=(0,-0.170612,0)
reseed=0 gear=1 gtmr=1050 b14=[2.58549e+06,0,1.22506e+06] gt=[4.00,3.00,2.40,2.10,1.80,6.00] in=(0,255,255,0) steer=-1.000 gnd=4.0 sp=2305.87 horiz=2304.37 velH=0.0911 bodyH=0.1469 slip=-0.0559 d=(0.10607,0.00600) av=(0,-0.171111,0)
reseed=0 gear=1 gtmr=1000 b14=[2.53562e+06,0,1.33619e+06] gt=[4.00,3.00,2.40,2.10,1.80,6.00] in=(0,255,255,0) steer=-1.000 gnd=4.0 sp=2322.28 horiz=2320.77 velH=0.1333 bodyH=0.1894 slip=-0.0561 d=(0.10649,0.01055) av=(0,-0.171604,0)
reseed=0 gear=1 gtmr=950 b14=[2.4809e+06,0,1.44525e+06] gt=[4.00,3.00,2.40,2.10,1.80,6.00] in=(0,255,255,0) steer=-1.000 gnd=4.0 sp=2338.39 horiz=2336.86 velH=0.1756 bodyH=0.2319 slip=-0.0563 d=(0.10670,0.01515) av=(0,-0.17209,0)
reseed=0 gear=1 gtmr=900 b14=[2.42139e+06,0,1.55201e+06] gt=[4.00,3.00,2.40,2.10,1.80,6.00] in=(0,255,255,0) steer=-1.000 gnd=4.0 sp=2354.21 horiz=2352.66 velH=0.2179 bodyH=0.2744 slip=-0.0566 d=(0.10669,0.01978) av=(0,-0.17257,0)
reseed=0 gear=1 gtmr=850 b14=[2.35722e+06,0,1.65627e+06] gt=[4.00,3.00,2.40,2.10,1.80,6.00] in=(0,255,255,0) steer=-1.000 gnd=4.0 sp=2369.73 horiz=2368.16 velH=0.2602 bodyH=0.3169 slip=-0.0568 d=(0.10647,0.02444) av=(0,-0.173045,0)
reseed=0 gear=1 gtmr=800 b14=[2.28847e+06,0,1.75782e+06] gt=[4.00,3.00,2.40,2.10,1.80,6.00] in=(0,255,255,0) steer=-1.000 gnd=4.0 sp=2384.95 horiz=2383.37 velH=0.3025 bodyH=0.3595 slip=-0.0570 d=(0.10603,0.02910) av=(0,-0.173512,0)
reseed=0 gear=1 gtmr=750 b14=[2.21528e+06,0,1.85646e+06] gt=[4.00,3.00,2.40,2.10,1.80,6.00] in=(0,255,255,0) steer=-1.000 gnd=4.0 sp=2399.89 horiz=2398.29 velH=0.3448 bodyH=0.4020 slip=-0.0572 d=(0.10537,0.03377) av=(0,-0.173974,0)
reseed=0 gear=1 gtmr=700 b14=[2.13777e+06,0,1.95198e+06] gt=[4.00,3.00,2.40,2.10,1.80,6.00] in=(0,255,255,0) steer=-1.000 gnd=4.0 sp=2414.55 horiz=2412.92 velH=0.3871 bodyH=0.4445 slip=-0.0574 d=(0.10450,0.03844) av=(0,-0.174429,0)
reseed=0 gear=1 gtmr=650 b14=[2.05607e+06,0,2.0442e+06] gt=[4.00,3.00,2.40,2.10,1.80,6.00] in=(0,255,255,0) steer=-1.000 gnd=4.0 sp=2428.92 horiz=2427.28 velH=0.4294 bodyH=0.4870 slip=-0.0576 d=(0.10340,0.04308) av=(0,-0.174878,0)
reseed=0 gear=1 gtmr=600 b14=[1.97033e+06,0,2.13293e+06] gt=[4.00,3.00,2.40,2.10,1.80,6.00] in=(0,255,255,0) steer=-1.000 gnd=4.0 sp=2443.01 horiz=2441.35 velH=0.4717 bodyH=0.5295 slip=-0.0578 d=(0.10209,0.04769) av=(0,-0.175321,0)
reseed=0 gear=1 gtmr=550 b14=[1.8807e+06,0,2.218e+06] gt=[4.00,3.00,2.40,2.10,1.80,6.00] in=(0,255,255,0) steer=-1.000 gnd=4.0 sp=2456.82 horiz=2455.15 velH=0.5140 bodyH=0.5720 slip=-0.0580 d=(0.10056,0.05227) av=(0,-0.175757,0)
reseed=0 gear=1 gtmr=500 b14=[1.78734e+06,0,2.29923e+06] gt=[4.00,3.00,2.40,2.10,1.80,6.00] in=(0,255,255,0) steer=-1.000 gnd=4.0 sp=2470.37 horiz=2468.68 velH=0.5563 bodyH=0.6145 slip=-0.0582 d=(0.09881,0.05679) av=(0,-0.176187,0)
reseed=0 gear=1 gtmr=450 b14=[1.69043e+06,0,2.37646e+06] gt=[4.00,3.00,2.40,2.10,1.80,6.00] in=(0,255,255,0) steer=-1.000 gnd=4.0 sp=2483.65 horiz=2481.94 velH=0.5986 bodyH=0.6570 slip=-0.0584 d=(0.09684,0.06125) av=(0,-0.176611,0)
reseed=0 gear=1 gtmr=400 b14=[1.59013e+06,0,2.44953e+06] gt=[4.00,3.00,2.40,2.10,1.80,6.00] in=(0,255,255,0) steer=-1.000 gnd=4.0 sp=2496.66 horiz=2494.94 velH=0.6409 bodyH=0.6995 slip=-0.0586 d=(0.09467,0.06564) av=(0,-0.177028,0)
reseed=0 gear=1 gtmr=350 b14=[1.48663e+06,0,2.51829e+06] gt=[4.00,3.00,2.40,2.10,1.80,6.00] in=(0,255,255,0) steer=-1.000 gnd=4.0 sp=2509.41 horiz=2507.67 velH=0.6832 bodyH=0.7420 slip=-0.0587 d=(0.09229,0.06995) av=(0,-0.177439,0)
reseed=0 gear=1 gtmr=300 b14=[1.38011e+06,0,2.58261e+06] gt=[4.00,3.00,2.40,2.10,1.80,6.00] in=(0,255,255,0) steer=-1.000 gnd=4.0 sp=2521.90 horiz=2520.15 velH=0.7256 bodyH=0.7845 slip=-0.0589 d=(0.08970,0.07417) av=(0,-0.177844,0)
reseed=0 gear=1 gtmr=250 b14=[1.27078e+06,0,2.64234e+06] gt=[4.00,3.00,2.40,2.10,1.80,6.00] in=(0,255,255,0) steer=-1.000 gnd=4.0 sp=2534.14 horiz=2532.37 velH=0.7679 bodyH=0.8270 slip=-0.0591 d=(0.08691,0.07828) av=(0,-0.178243,0)
reseed=0 gear=1 gtmr=200 b14=[1.15883e+06,0,2.69737e+06] gt=[4.00,3.00,2.40,2.10,1.80,6.00] in=(0,255,255,0) steer=-1.000 gnd=4.0 sp=2546.13 horiz=2544.35 velH=0.8102 bodyH=0.8695 slip=-0.0593 d=(0.08392,0.08228) av=(0,-0.178635,0)
reseed=0 gear=1 gtmr=150 b14=[1.04447e+06,0,2.74758e+06] gt=[4.00,3.00,2.40,2.10,1.80,6.00] in=(0,255,255,0) steer=-1.000 gnd=4.0 sp=2557.87 horiz=2556.07 velH=0.8525 bodyH=0.9120 slip=-0.0594 d=(0.08074,0.08616) av=(0,-0.179021,0)
reseed=0 gear=1 gtmr=100 b14=[927910,0,2.79286e+06] gt=[4.00,3.00,2.40,2.10,1.80,6.00] in=(0,255,255,0) steer=-1.000 gnd=4.0 sp=2569.37 horiz=2567.56 velH=0.8949 bodyH=0.9545 slip=-0.0596 d=(0.07737,0.08991) av=(0,-0.179402,0)
reseed=0 gear=1 gtmr=49 b14=[809365,0,2.83312e+06] gt=[4.00,3.00,2.40,2.10,1.80,6.00] in=(0,255,255,0) steer=-1.000 gnd=4.0 sp=2580.63 horiz=2578.81 velH=0.9372 bodyH=0.9970 slip=-0.0598 d=(0.07383,0.09352) av=(0,-0.179776,0)
reseed=1 gear=2 gtmr=3000 b14=[-2.92031e+06,0,-1.00793e+06] gt=[4.00,3.00,2.40,2.10,1.80,6.00] in=(0,255,255,0) steer=-1.000 gnd=4.0 sp=1323.02 horiz=1322.94 velH=-3.1208 bodyH=-3.1048 slip=-0.0160 d=(-0.06018,-0.00023) av=(0,-0.172143,0)
reseed=0 gear=2 gtmr=2950 b14=[-2.89137e+06,0,-1.12186e+06] gt=[4.00,3.00,2.40,2.10,1.80,6.00] in=(0,255,255,0) steer=-1.000 gnd=4.0 sp=1363.34 horiz=1363.15 velH=-3.0911 bodyH=-3.0670 slip=-0.0241 d=(-0.06176,-0.00164) av=(0,-0.158505,0)
reseed=0 gear=2 gtmr=2900 b14=[-2.85639e+06,0,-1.23821e+06] gt=[4.00,3.00,2.40,2.10,1.80,6.00] in=(0,255,255,0) steer=-1.000 gnd=4.0 sp=1402.87 horiz=1402.57 velH=-3.0575 bodyH=-3.0281 slip=-0.0294 d=(-0.06354,-0.00363) av=(0,-0.152872,0)
reseed=0 gear=2 gtmr=2850 b14=[-2.81509e+06,0,-1.35661e+06] gt=[4.00,3.00,2.40,2.10,1.80,6.00] in=(0,255,255,0) steer=-1.000 gnd=4.0 sp=1441.67 horiz=1441.29 velH=-3.0213 bodyH=-2.9881 slip=-0.0333 d=(-0.06519,-0.00595) av=(0,-0.149996,0)
reseed=0 gear=2 gtmr=2800 b14=[-2.76711e+06,0,-1.47664e+06] gt=[4.00,3.00,2.40,2.10,1.80,6.00] in=(0,255,255,0) steer=-1.000 gnd=4.0 sp=1479.82 horiz=1479.35 velH=-2.9832 bodyH=-2.9469 slip=-0.0363 d=(-0.06670,-0.00856) av=(0,-0.149536,0)
reseed=0 gear=2 gtmr=2750 b14=[-2.71213e+06,0,-1.59784e+06] gt=[4.00,3.00,2.40,2.10,1.80,6.00] in=(0,255,255,0) steer=-1.000 gnd=4.0 sp=1517.32 horiz=1516.78 velH=-2.9436 bodyH=-2.9047 slip=-0.0389 d=(-0.06806,-0.01140) av=(0,-0.14925,0)
reseed=0 gear=2 gtmr=2700 b14=[-2.65126e+06,0,-1.71777e+06] gt=[4.00,3.00,2.40,2.10,1.80,6.00] in=(0,255,255,0) steer=-1.000 gnd=4.0 sp=1554.22 horiz=1553.62 velH=-2.9030 bodyH=-2.8622 slip=-0.0407 d=(-0.06924,-0.01445) av=(0,-0.149852,0)
reseed=0 gear=2 gtmr=2650 b14=[-2.58503e+06,0,-1.83536e+06] gt=[4.00,3.00,2.40,2.10,1.80,6.00] in=(0,255,255,0) steer=-1.000 gnd=4.0 sp=1590.60 horiz=1589.94 velH=-2.8618 bodyH=-2.8197 slip=-0.0420 d=(-0.07024,-0.01768) av=(0,-0.150771,0)
reseed=0 gear=2 gtmr=2600 b14=[-2.51351e+06,0,-1.95037e+06] gt=[4.00,3.00,2.40,2.10,1.80,6.00] in=(0,255,255,0) steer=-1.000 gnd=4.0 sp=1626.49 horiz=1625.79 velH=-2.8202 bodyH=-2.7772 slip=-0.0430 d=(-0.07106,-0.02104) av=(0,-0.151777,0)
reseed=0 gear=2 gtmr=2550 b14=[-2.43679e+06,0,-2.06253e+06] gt=[4.00,3.00,2.40,2.10,1.80,6.00] in=(0,255,255,0) steer=-1.000 gnd=4.0 sp=1661.92 horiz=1661.18 velH=-2.7785 bodyH=-2.7347 slip=-0.0437 d=(-0.07170,-0.02451) av=(0,-0.152781,0)
reseed=0 gear=2 gtmr=2500 b14=[-2.35497e+06,0,-2.17159e+06] gt=[4.00,3.00,2.40,2.10,1.80,6.00] in=(0,255,255,0) steer=-1.000 gnd=4.0 sp=1696.89 horiz=1696.13 velH=-2.7366 bodyH=-2.6922 slip=-0.0444 d=(-0.07214,-0.02807) av=(0,-0.153757,0)
reseed=0 gear=2 gtmr=2450 b14=[-2.26817e+06,0,-2.27733e+06] gt=[4.00,3.00,2.40,2.10,1.80,6.00] in=(0,255,255,0) steer=-1.000 gnd=4.0 sp=1731.42 horiz=1730.62 velH=-2.6947 bodyH=-2.6497 slip=-0.0450 d=(-0.07238,-0.03171) av=(0,-0.154702,0)
reseed=0 gear=2 gtmr=2400 b14=[-2.17654e+06,0,-2.37949e+06] gt=[4.00,3.00,2.40,2.10,1.80,6.00] in=(0,255,255,0) steer=-1.000 gnd=4.0 sp=1765.50 horiz=1764.67 velH=-2.6528 bodyH=-2.6072 slip=-0.0455 d=(-0.07242,-0.03542) av=(0,-0.15562,0)
reseed=0 gear=2 gtmr=2350 b14=[-2.08022e+06,0,-2.47786e+06] gt=[4.00,3.00,2.40,2.10,1.80,6.00] in=(0,255,255,0) steer=-1.000 gnd=4.0 sp=1799.14 horiz=1798.28 velH=-2.6108 bodyH=-2.5647 slip=-0.0460 d=(-0.07225,-0.03917) av=(0,-0.156516,0)
reseed=0 gear=2 gtmr=2300 b14=[-1.97938e+06,0,-2.57222e+06] gt=[4.00,3.00,2.40,2.10,1.80,6.00] in=(0,255,255,0) steer=-1.000 gnd=4.0 sp=1832.32 horiz=1831.43 velH=-2.5688 bodyH=-2.5222 slip=-0.0465 d=(-0.07188,-0.04297) av=(0,-0.157395,0)
reseed=0 gear=2 gtmr=2250 b14=[-1.87417e+06,0,-2.66234e+06] gt=[4.00,3.00,2.40,2.10,1.80,6.00] in=(0,255,255,0) steer=-1.000 gnd=4.0 sp=1865.04 horiz=1864.12 velH=-2.5267 bodyH=-2.4797 slip=-0.0470 d=(-0.07129,-0.04679) av=(0,-0.158261,0)
reseed=0 gear=2 gtmr=2200 b14=[-1.7648e+06,0,-2.74804e+06] gt=[4.00,3.00,2.40,2.10,1.80,6.00] in=(0,255,255,0) steer=-1.000 gnd=4.0 sp=1897.31 horiz=1896.36 velH=-2.4847 bodyH=-2.4372 slip=-0.0475 d=(-0.07049,-0.05062) av=(0,-0.159116,0)
reseed=0 gear=2 gtmr=2150 b14=[-1.65144e+06,0,-2.82911e+06] gt=[4.00,3.00,2.40,2.10,1.80,6.00] in=(0,255,255,0) steer=-1.000 gnd=4.0 sp=1929.12 horiz=1928.14 velH=-2.4427 bodyH=-2.3947 slip=-0.0479 d=(-0.06947,-0.05446) av=(0,-0.159963,0)
reseed=0 gear=2 gtmr=2100 b14=[-1.5343e+06,0,-2.90536e+06] gt=[4.00,3.00,2.40,2.10,1.80,6.00] in=(0,255,255,0) steer=-1.000 gnd=4.0 sp=1960.46 horiz=1959.45 velH=-2.4006 bodyH=-2.3522 slip=-0.0484 d=(-0.06824,-0.05828) av=(0,-0.160801,0)
reseed=0 gear=2 gtmr=2050 b14=[-1.4136e+06,0,-2.97661e+06] gt=[4.00,3.00,2.40,2.10,1.80,6.00] in=(0,255,255,0) steer=-1.000 gnd=4.0 sp=1991.34 horiz=1990.30 velH=-2.3585 bodyH=-2.3097 slip=-0.0488 d=(-0.06679,-0.06208) av=(0,-0.161633,0)
reseed=0 gear=2 gtmr=2000 b14=[-1.28954e+06,0,-3.04271e+06] gt=[4.00,3.00,2.40,2.10,1.80,6.00] in=(0,255,255,0) steer=-1.000 gnd=4.0 sp=2021.75 horiz=2020.68 velH=-2.3165 bodyH=-2.2672 slip=-0.0493 d=(-0.06512,-0.06585) av=(0,-0.162457,0)
reseed=0 gear=2 gtmr=1950 b14=[-1.16236e+06,0,-3.10348e+06] gt=[4.00,3.00,2.40,2.10,1.80,6.00] in=(0,255,255,0) steer=-1.000 gnd=4.0 sp=2051.70 horiz=2050.59 velH=-2.2744 bodyH=-2.2247 slip=-0.0497 d=(-0.06324,-0.06957) av=(0,-0.163275,0)
reseed=0 gear=2 gtmr=1900 b14=[-1.0323e+06,0,-3.15878e+06] gt=[4.00,3.00,2.40,2.10,1.80,6.00] in=(0,255,255,0) steer=-1.000 gnd=4.0 sp=2081.17 horiz=2080.04 velH=-2.2323 bodyH=-2.1822 slip=-0.0501 d=(-0.06114,-0.07322) av=(0,-0.164087,0)
reseed=0 gear=2 gtmr=1850 b14=[-899586,0,-3.20847e+06] gt=[4.00,3.00,2.40,2.10,1.80,6.00] in=(0,255,255,0) steer=-1.000 gnd=4.0 sp=2110.17 horiz=2109.01 velH=-2.1902 bodyH=-2.1397 slip=-0.0505 d=(-0.05883,-0.07681) av=(0,-0.164892,0)
reseed=0 gear=2 gtmr=1800 b14=[-764478,0,-3.25243e+06] gt=[4.00,3.00,2.40,2.10,1.80,6.00] in=(0,255,255,0) steer=-1.000 gnd=4.0 sp=2138.70 horiz=2137.51 velH=-2.1481 bodyH=-2.0972 slip=-0.0509 d=(-0.05632,-0.08031) av=(0,-0.165691,0)
reseed=0 gear=2 gtmr=1750 b14=[-627227,0,-3.29054e+06] gt=[4.00,3.00,2.40,2.10,1.80,6.00] in=(0,255,255,0) steer=-1.000 gnd=4.0 sp=2166.76 horiz=2165.54 velH=-2.1060 bodyH=-2.0547 slip=-0.0513 d=(-0.05360,-0.08372) av=(0,-0.166482,0)
reseed=0 gear=2 gtmr=1700 b14=[-488093,0,-3.3227e+06] gt=[4.00,3.00,2.40,2.10,1.80,6.00] in=(0,255,255,0) steer=-1.000 gnd=4.0 sp=2194.34 horiz=2193.10 velH=-2.0639 bodyH=-2.0122 slip=-0.0517 d=(-0.05068,-0.08702) av=(0,-0.167268,0)
reseed=0 gear=2 gtmr=1650 b14=[-347341,0,-3.34881e+06] gt=[4.00,3.00,2.40,2.10,1.80,6.00] in=(0,255,255,0) steer=-1.000 gnd=4.0 sp=2221.46 horiz=2220.19 velH=-2.0218 bodyH=-1.9697 slip=-0.0521 d=(-0.04756,-0.09020) av=(0,-0.168046,0)
reseed=0 gear=2 gtmr=1600 b14=[-205242,0,-3.3688e+06] gt=[4.00,3.00,2.40,2.10,1.80,6.00] in=(0,255,255,0) steer=-1.000 gnd=4.0 sp=2248.11 horiz=2246.81 velH=-1.9796 bodyH=-1.9272 slip=-0.0524 d=(-0.04426,-0.09325) av=(0,-0.168817,0)
reseed=0 gear=2 gtmr=1550 b14=[-62067.1,0,-3.3826e+06] gt=[4.00,3.00,2.40,2.10,1.80,6.00] in=(0,255,255,0) steer=-1.000 gnd=4.0 sp=2274.29 horiz=2272.96 velH=-1.9375 bodyH=-1.8847 slip=-0.0528 d=(-0.04077,-0.09617) av=(0,-0.169581,0)
reseed=0 gear=2 gtmr=1500 b14=[81906,0,-3.39016e+06] gt=[4.00,3.00,2.40,2.10,1.80,6.00] in=(0,255,255,0) steer=-1.000 gnd=4.0 sp=2300.00 horiz=2298.65 velH=-1.8953 bodyH=-1.8422 slip=-0.0532 d=(-0.03711,-0.09893) av=(0,-0.170338,0)
reseed=0 gear=2 gtmr=1450 b14=[226399,0,-3.39142e+06] gt=[4.00,3.00,2.40,2.10,1.80,6.00] in=(0,255,255,0) steer=-1.000 gnd=4.0 sp=2325.25 horiz=2323.87 velH=-1.8532 bodyH=-1.7997 slip=-0.0535 d=(-0.03328,-0.10153) av=(0,-0.171088,0)
reseed=0 gear=2 gtmr=1400 b14=[371130,0,-3.38638e+06] gt=[4.00,3.00,2.40,2.10,1.80,6.00] in=(0,255,255,0) steer=-1.000 gnd=4.0 sp=2350.04 horiz=2348.63 velH=-1.8111 bodyH=-1.7572 slip=-0.0539 d=(-0.02929,-0.10396) av=(0,-0.17183,0)
reseed=0 gear=2 gtmr=1350 b14=[515818,0,-3.375e+06] gt=[4.00,3.00,2.40,2.10,1.80,6.00] in=(0,255,255,0) steer=-1.000 gnd=4.0 sp=2374.37 horiz=2372.93 velH=-1.7689 bodyH=-1.7147 slip=-0.0542 d=(-0.02514,-0.10622) av=(0,-0.172565,0)
reseed=0 gear=2 gtmr=1300 b14=[660179,0,-3.35728e+06] gt=[4.00,3.00,2.40,2.10,1.80,6.00] in=(0,255,255,0) steer=-1.000 gnd=4.0 sp=2398.24 horiz=2396.77 velH=-1.7267 bodyH=-1.6722 slip=-0.0546 d=(-0.02086,-0.10828) av=(0,-0.173291,0)
reseed=0 gear=2 gtmr=1250 b14=[803931,0,-3.33324e+06] gt=[4.00,3.00,2.40,2.10,1.80,6.00] in=(0,255,255,0) steer=-1.000 gnd=4.0 sp=2421.66 horiz=2420.17 velH=-1.6846 bodyH=-1.6297 slip=-0.0549 d=(-0.01644,-0.11015) av=(0,-0.17401,0)
reseed=0 gear=2 gtmr=1200 b14=[946790,0,-3.3029e+06] gt=[4.00,3.00,2.40,2.10,1.80,6.00] in=(0,255,255,0) steer=-1.000 gnd=4.0 sp=2444.63 horiz=2443.11 velH=-1.6424 bodyH=-1.5872 slip=-0.0552 d=(-0.01190,-0.11182) av=(0,-0.174721,0)
reseed=0 gear=2 gtmr=1150 b14=[1.08847e+06,0,-3.2663e+06] gt=[4.00,3.00,2.40,2.10,1.80,6.00] in=(0,255,255,0) steer=-1.000 gnd=4.0 sp=2467.15 horiz=2465.60 velH=-1.6002 bodyH=-1.5447 slip=-0.0555 d=(-0.00724,-0.11328) av=(0,-0.175425,0)
reseed=0 gear=2 gtmr=1100 b14=[1.2287e+06,0,-3.22348e+06] gt=[4.00,3.00,2.40,2.10,1.80,6.00] in=(0,255,255,0) steer=-1.000 gnd=4.0 sp=2489.23 horiz=2487.65 velH=-1.5580 bodyH=-1.5022 slip=-0.0559 d=(-0.00248,-0.11452) av=(0,-0.176119,0)
reseed=0 gear=2 gtmr=1050 b14=[1.3672e+06,0,-3.1745e+06] gt=[4.00,3.00,2.40,2.10,1.80,6.00] in=(0,255,255,0) steer=-1.000 gnd=4.0 sp=2510.86 horiz=2509.27 velH=-1.5158 bodyH=-1.4597 slip=-0.0562 d=(0.00237,-0.11554) av=(0,-0.176806,0)
reseed=0 gear=2 gtmr=1000 b14=[1.50369e+06,0,-3.11944e+06] gt=[4.00,3.00,2.40,2.10,1.80,6.00] in=(0,255,255,0) steer=-1.000 gnd=4.0 sp=2532.07 horiz=2530.45 velH=-1.4736 bodyH=-1.4172 slip=-0.0565 d=(0.00731,-0.11633) av=(0,-0.177484,0)
reseed=0 gear=2 gtmr=950 b14=[1.6379e+06,0,-3.05838e+06] gt=[4.00,3.00,2.40,2.10,1.80,6.00] in=(0,255,255,0) steer=-1.000 gnd=4.0 sp=2552.84 horiz=2551.20 velH=-1.4314 bodyH=-1.3747 slip=-0.0568 d=(0.01231,-0.11689) av=(0,-0.178154,0)
reseed=0 gear=2 gtmr=900 b14=[1.76957e+06,0,-2.99143e+06] gt=[4.00,3.00,2.40,2.10,1.80,6.00] in=(0,255,255,0) steer=-1.000 gnd=4.0 sp=2573.19 horiz=2571.52 velH=-1.3892 bodyH=-1.3322 slip=-0.0571 d=(0.01737,-0.11722) av=(0,-0.178816,0)
reseed=0 gear=2 gtmr=850 b14=[1.89843e+06,0,-2.91869e+06] gt=[4.00,3.00,2.40,2.10,1.80,6.00] in=(0,255,255,0) steer=-1.000 gnd=4.0 sp=2593.12 horiz=2591.42 velH=-1.3470 bodyH=-1.2897 slip=-0.0574 d=(0.02248,-0.11730) av=(0,-0.179469,0)
reseed=0 gear=2 gtmr=800 b14=[2.02422e+06,0,-2.84029e+06] gt=[4.00,3.00,2.40,2.10,1.80,6.00] in=(0,255,255,0) steer=-1.000 gnd=4.0 sp=2612.62 horiz=2610.90 velH=-1.3048 bodyH=-1.2472 slip=-0.0576 d=(0.02762,-0.11714) av=(0,-0.180113,0)
reseed=0 gear=2 gtmr=750 b14=[2.14668e+06,0,-2.75636e+06] gt=[4.00,3.00,2.40,2.10,1.80,6.00] in=(0,255,255,0) steer=-1.000 gnd=4.0 sp=2631.72 horiz=2629.98 velH=-1.2626 bodyH=-1.2047 slip=-0.0579 d=(0.03278,-0.11673) av=(0,-0.180749,0)
reseed=0 gear=2 gtmr=700 b14=[2.26559e+06,0,-2.66705e+06] gt=[4.00,3.00,2.40,2.10,1.80,6.00] in=(0,255,255,0) steer=-1.000 gnd=4.0 sp=2650.41 horiz=2648.65 velH=-1.2204 bodyH=-1.1622 slip=-0.0582 d=(0.03795,-0.11608) av=(0,-0.181376,0)
reseed=0 gear=2 gtmr=650 b14=[2.38069e+06,0,-2.57251e+06] gt=[4.00,3.00,2.40,2.10,1.80,6.00] in=(0,255,255,0) steer=-1.000 gnd=4.0 sp=2668.70 horiz=2666.91 velH=-1.1781 bodyH=-1.1197 slip=-0.0585 d=(0.04312,-0.11518) av=(0,-0.181994,0)
reseed=0 gear=2 gtmr=600 b14=[2.49175e+06,0,-2.47291e+06] gt=[4.00,3.00,2.40,2.10,1.80,6.00] in=(0,255,255,0) steer=-1.000 gnd=4.0 sp=2686.59 horiz=2684.78 velH=-1.1359 bodyH=-1.0772 slip=-0.0588 d=(0.04827,-0.11404) av=(0,-0.182603,0)
reseed=0 gear=2 gtmr=550 b14=[2.59855e+06,0,-2.36843e+06] gt=[4.00,3.00,2.40,2.10,1.80,6.00] in=(0,255,255,0) steer=-1.000 gnd=4.0 sp=2704.10 horiz=2702.26 velH=-1.0937 bodyH=-1.0346 slip=-0.0590 d=(0.05339,-0.11264) av=(0,-0.183204,0)
reseed=0 gear=2 gtmr=500 b14=[2.70087e+06,0,-2.25926e+06] gt=[4.00,3.00,2.40,2.10,1.80,6.00] in=(0,255,255,0) steer=-1.000 gnd=4.0 sp=2721.21 horiz=2719.36 velH=-1.0514 bodyH=-0.9921 slip=-0.0593 d=(0.05848,-0.11100) av=(0,-0.183795,0)
reseed=0 gear=2 gtmr=450 b14=[2.79851e+06,0,-2.14559e+06] gt=[4.00,3.00,2.40,2.10,1.80,6.00] in=(0,255,255,0) steer=-1.000 gnd=4.0 sp=2737.95 horiz=2736.07 velH=-1.0092 bodyH=-0.9496 slip=-0.0595 d=(0.06351,-0.10911) av=(0,-0.184378,0)
reseed=0 gear=2 gtmr=400 b14=[2.89126e+06,0,-2.02763e+06] gt=[4.00,3.00,2.40,2.10,1.80,6.00] in=(0,255,255,0) steer=-1.000 gnd=4.0 sp=2754.31 horiz=2752.41 velH=-0.9669 bodyH=-0.9071 slip=-0.0598 d=(0.06848,-0.10698) av=(0,-0.184952,0)
reseed=0 gear=2 gtmr=350 b14=[2.97894e+06,0,-1.9056e+06] gt=[4.00,3.00,2.40,2.10,1.80,6.00] in=(0,255,255,0) steer=-1.000 gnd=4.0 sp=2770.31 horiz=2768.38 velH=-0.9247 bodyH=-0.8646 slip=-0.0600 d=(0.07337,-0.10461) av=(0,-0.185517,0)
reseed=0 gear=2 gtmr=300 b14=[3.06137e+06,0,-1.77972e+06] gt=[4.00,3.00,2.40,2.10,1.80,6.00] in=(0,255,255,0) steer=-1.000 gnd=4.0 sp=2785.94 horiz=2783.99 velH=-0.8824 bodyH=-0.8221 slip=-0.0603 d=(0.07817,-0.10200) av=(0,-0.186073,0)
reseed=0 gear=2 gtmr=250 b14=[3.13837e+06,0,-1.65022e+06] gt=[4.00,3.00,2.40,2.10,1.80,6.00] in=(0,255,255,0) steer=-1.000 gnd=4.0 sp=2801.21 horiz=2799.25 velH=-0.8401 bodyH=-0.7796 slip=-0.0605 d=(0.08287,-0.09916) av=(0,-0.18662,0)
reseed=0 gear=2 gtmr=200 b14=[3.20979e+06,0,-1.51733e+06] gt=[4.00,3.00,2.40,2.10,1.80,6.00] in=(0,255,255,0) steer=-1.000 gnd=4.0 sp=2816.13 horiz=2814.15 velH=-0.7979 bodyH=-0.7371 slip=-0.0607 d=(0.08746,-0.09609) av=(0,-0.187158,0)
reseed=0 gear=2 gtmr=150 b14=[3.27548e+06,0,-1.38132e+06] gt=[4.00,3.00,2.40,2.10,1.80,6.00] in=(0,255,255,0) steer=-1.000 gnd=4.0 sp=2830.71 horiz=2828.71 velH=-0.7556 bodyH=-0.6946 slip=-0.0610 d=(0.09192,-0.09280) av=(0,-0.187687,0)
reseed=0 gear=2 gtmr=100 b14=[3.3353e+06,0,-1.24242e+06] gt=[4.00,3.00,2.40,2.10,1.80,6.00] in=(0,255,255,0) steer=-1.000 gnd=4.0 sp=2844.95 horiz=2842.92 velH=-0.7133 bodyH=-0.6521 slip=-0.0612 d=(0.09625,-0.08929) av=(0,-0.188207,0)
reseed=0 gear=2 gtmr=49 b14=[3.38913e+06,0,-1.1009e+06] gt=[4.00,3.00,2.40,2.10,1.80,6.00] in=(0,255,255,0) steer=-1.000 gnd=4.0 sp=2858.85 horiz=2856.81 velH=-0.6710 bodyH=-0.6096 slip=-0.0614 d=(0.10044,-0.08557) av=(0,-0.188719,0)
reseed=0 gear=3 gtmr=3000 b14=[3.80133e+06,0,-1.05851e+06] gt=[4.00,3.00,2.40,2.10,1.80,6.00] in=(0,255,255,0) steer=-1.000 gnd=4.0 sp=2872.42 horiz=2870.36 velH=-0.6287 bodyH=-0.5671 slip=-0.0616 d=(0.10447,-0.08164) av=(0,-0.189222,0)
reseed=0 gear=3 gtmr=2950 b14=[3.84895e+06,0,-897456] gt=[4.00,3.00,2.40,2.10,1.80,6.00] in=(0,255,255,0) steer=-1.000 gnd=4.0 sp=2891.57 horiz=2889.52 velH=-0.5859 bodyH=-0.5246 slip=-0.0613 d=(0.10841,-0.07753) av=(0,-0.190052,0)
reseed=0 gear=3 gtmr=2900 b14=[3.88949e+06,0,-734218] gt=[4.00,3.00,2.40,2.10,1.80,6.00] in=(0,255,255,0) steer=-1.000 gnd=4.0 sp=2910.39 horiz=2908.34 velH=-0.5433 bodyH=-0.4821 slip=-0.0612 d=(0.11236,-0.07331) av=(0,-0.190694,0)
reseed=0 gear=3 gtmr=2850 b14=[3.9229e+06,0,-569123] gt=[4.00,3.00,2.40,2.10,1.80,6.00] in=(0,255,255,0) steer=-1.000 gnd=4.0 sp=2928.84 horiz=2926.78 velH=-0.5008 bodyH=-0.4396 slip=-0.0612 d=(0.11613,-0.06890) av=(0,-0.191264,0)
reseed=0 gear=3 gtmr=2800 b14=[3.94912e+06,0,-402496] gt=[4.00,3.00,2.40,2.10,1.80,6.00] in=(0,255,255,0) steer=-1.000 gnd=4.0 sp=2946.89 horiz=2944.82 velH=-0.4584 bodyH=-0.3971 slip=-0.0613 d=(0.11970,-0.06431) av=(0,-0.191817,0)
reseed=0 gear=3 gtmr=2750 b14=[3.96808e+06,0,-234658] gt=[4.00,3.00,2.40,2.10,1.80,6.00] in=(0,255,255,0) steer=-1.000 gnd=4.0 sp=2964.54 horiz=2962.45 velH=-0.4161 bodyH=-0.3546 slip=-0.0615 d=(0.12306,-0.05955) av=(0,-0.192375,0)
reseed=0 gear=3 gtmr=2700 b14=[3.97976e+06,0,-65933] gt=[4.00,3.00,2.40,2.10,1.80,6.00] in=(0,255,255,0) steer=-1.000 gnd=4.0 sp=2981.77 horiz=2979.66 velH=-0.3738 bodyH=-0.3121 slip=-0.0617 d=(0.12622,-0.05461) av=(0,-0.192944,0)
reseed=0 gear=3 gtmr=2650 b14=[3.9841e+06,0,103357] gt=[4.00,3.00,2.40,2.10,1.80,6.00] in=(0,255,255,0) steer=-1.000 gnd=4.0 sp=2998.60 horiz=2996.47 velH=-0.3315 bodyH=-0.2696 slip=-0.0619 d=(0.12915,-0.04951) av=(0,-0.193523,0)
reseed=0 gear=3 gtmr=2600 b14=[3.9811e+06,0,272888] gt=[4.00,3.00,2.40,2.10,1.80,6.00] in=(0,255,255,0) steer=-1.000 gnd=4.0 sp=3015.01 horiz=3012.86 velH=-0.2893 bodyH=-0.2271 slip=-0.0622 d=(0.13187,-0.04425) av=(0,-0.19411,0)
reseed=0 gear=3 gtmr=2550 b14=[3.97075e+06,0,442335] gt=[4.00,3.00,2.40,2.10,1.80,6.00] in=(0,255,255,0) steer=-1.000 gnd=4.0 sp=3031.02 horiz=3028.85 velH=-0.2470 bodyH=-0.1846 slip=-0.0624 d=(0.13434,-0.03885) av=(0,-0.1947,0)
reseed=0 gear=3 gtmr=2500 b14=[3.95306e+06,0,611374] gt=[4.00,3.00,2.40,2.10,1.80,6.00] in=(0,255,255,0) steer=-1.000 gnd=4.0 sp=3046.63 horiz=3044.44 velH=-0.2048 bodyH=-0.1421 slip=-0.0627 d=(0.13658,-0.03332) av=(0,-0.19529,0)
reseed=0 gear=3 gtmr=2450 b14=[3.92804e+06,0,779684] gt=[4.00,3.00,2.40,2.10,1.80,6.00] in=(0,255,255,0) steer=-1.000 gnd=4.0 sp=3061.84 horiz=3059.63 velH=-0.1625 bodyH=-0.0996 slip=-0.0629 d=(0.13857,-0.02766) av=(0,-0.195877,0)
reseed=0 gear=3 gtmr=2400 b14=[3.89573e+06,0,946941] gt=[4.00,3.00,2.40,2.10,1.80,6.00] in=(0,255,255,0) steer=-1.000 gnd=4.0 sp=3076.67 horiz=3074.43 velH=-0.1202 bodyH=-0.0571 slip=-0.0631 d=(0.14031,-0.02189) av=(0,-0.19646,0)
reseed=0 gear=3 gtmr=2350 b14=[3.85618e+06,0,1.11282e+06] gt=[4.00,3.00,2.40,2.10,1.80,6.00] in=(0,255,255,0) steer=-1.000 gnd=4.0 sp=3091.12 horiz=3088.86 velH=-0.0780 bodyH=-0.0146 slip=-0.0634 d=(0.14178,-0.01602) av=(0,-0.197036,0)
reseed=1 gear=3 gtmr=2300 b14=[-1.74151e+06,0,3.09975e+06] gt=[4.00,3.00,2.40,2.10,1.80,6.00] in=(0,255,255,0) steer=-1.000 gnd=4.0 sp=1590.83 horiz=1590.70 velH=1.7684 bodyH=1.7871 slip=-0.0187 d=(-0.01279,0.07102) av=(0,-0.18462,0)
reseed=0 gear=3 gtmr=2250 b14=[-1.87809e+06,0,3.03337e+06] gt=[4.00,3.00,2.40,2.10,1.80,6.00] in=(0,255,255,0) steer=-1.000 gnd=4.0 sp=1634.76 horiz=1634.43 velH=1.8005 bodyH=1.8296 slip=-0.0291 d=(-0.01502,0.07270) av=(0,-0.1687,0)
reseed=0 gear=3 gtmr=2200 b14=[-2.01213e+06,0,2.96091e+06] gt=[4.00,3.00,2.40,2.10,1.80,6.00] in=(0,255,255,0) steer=-1.000 gnd=4.0 sp=1677.45 horiz=1676.97 velH=1.8369 bodyH=1.8721 slip=-0.0352 d=(-0.01788,0.07413) av=(0,-0.161093,0)
reseed=0 gear=3 gtmr=2150 b14=[-2.14344e+06,0,2.88258e+06] gt=[4.00,3.00,2.40,2.10,1.80,6.00] in=(0,255,255,0) steer=-1.000 gnd=4.0 sp=1719.15 horiz=1718.56 velH=1.8758 bodyH=1.9146 slip=-0.0388 d=(-0.02113,0.07530) av=(0,-0.157388,0)
reseed=0 gear=3 gtmr=2100 b14=[-2.27172e+06,0,2.79844e+06] gt=[4.00,3.00,2.40,2.10,1.80,6.00] in=(0,255,255,0) steer=-1.000 gnd=4.0 sp=1760.04 horiz=1759.35 velH=1.9160 bodyH=1.9571 slip=-0.0412 d=(-0.02465,0.07625) av=(0,-0.156331,0)
reseed=0 gear=3 gtmr=2050 b14=[-2.39668e+06,0,2.70855e+06] gt=[4.00,3.00,2.40,2.10,1.80,6.00] in=(0,255,255,0) steer=-1.000 gnd=4.0 sp=1800.21 horiz=1799.47 velH=1.9569 bodyH=1.9996 slip=-0.0427 d=(-0.02836,0.07696) av=(0,-0.156484,0)
reseed=0 gear=3 gtmr=2000 b14=[-2.51803e+06,0,2.61302e+06] gt=[4.00,3.00,2.40,2.10,1.80,6.00] in=(0,255,255,0) steer=-1.000 gnd=4.0 sp=1839.75 horiz=1838.95 velH=1.9983 bodyH=2.0421 slip=-0.0439 d=(-0.03220,0.07744) av=(0,-0.157177,0)
reseed=0 gear=3 gtmr=1950 b14=[-2.63547e+06,0,2.51196e+06] gt=[4.00,3.00,2.40,2.10,1.80,6.00] in=(0,255,255,0) steer=-1.000 gnd=4.0 sp=1878.68 horiz=1877.84 velH=2.0399 bodyH=2.0846 slip=-0.0448 d=(-0.03614,0.07770) av=(0,-0.158096,0)
reseed=0 gear=3 gtmr=1900 b14=[-2.74876e+06,0,2.40552e+06] gt=[4.00,3.00,2.40,2.10,1.80,6.00] in=(0,255,255,0) steer=-1.000 gnd=4.0 sp=1917.03 horiz=1916.15 velH=2.0816 bodyH=2.1271 slip=-0.0455 d=(-0.04017,0.07772) av=(0,-0.159102,0)
reseed=0 gear=3 gtmr=1850 b14=[-2.85761e+06,0,2.29389e+06] gt=[4.00,3.00,2.40,2.10,1.80,6.00] in=(0,255,255,0) steer=-1.000 gnd=4.0 sp=1954.81 horiz=1953.89 velH=2.1235 bodyH=2.1696 slip=-0.0462 d=(-0.04426,0.07751) av=(0,-0.160132,0)
reseed=0 gear=3 gtmr=1800 b14=[-2.96179e+06,0,2.17723e+06] gt=[4.00,3.00,2.40,2.10,1.80,6.00] in=(0,255,255,0) steer=-1.000 gnd=4.0 sp=1992.02 horiz=1991.06 velH=2.1654 bodyH=2.2121 slip=-0.0468 d=(-0.04839,0.07707) av=(0,-0.16116,0)
reseed=0 gear=3 gtmr=1750 b14=[-3.06106e+06,0,2.05576e+06] gt=[4.00,3.00,2.40,2.10,1.80,6.00] in=(0,255,255,0) steer=-1.000 gnd=4.0 sp=2028.66 horiz=2027.66 velH=2.2073 bodyH=2.2546 slip=-0.0474 d=(-0.05254,0.07639) av=(0,-0.162179,0)
reseed=0 gear=3 gtmr=1700 b14=[-3.15519e+06,0,1.92967e+06] gt=[4.00,3.00,2.40,2.10,1.80,6.00] in=(0,255,255,0) steer=-1.000 gnd=4.0 sp=2064.72 horiz=2063.69 velH=2.2492 bodyH=2.2971 slip=-0.0479 d=(-0.05671,0.07547) av=(0,-0.163185,0)
reseed=0 gear=3 gtmr=1650 b14=[-3.24395e+06,0,1.79921e+06] gt=[4.00,3.00,2.40,2.10,1.80,6.00] in=(0,255,255,0) steer=-1.000 gnd=4.0 sp=2100.22 horiz=2099.15 velH=2.2912 bodyH=2.3397 slip=-0.0484 d=(-0.06088,0.07431) av=(0,-0.164178,0)
reseed=0 gear=3 gtmr=1600 b14=[-3.32715e+06,0,1.66459e+06] gt=[4.00,3.00,2.40,2.10,1.80,6.00] in=(0,255,255,0) steer=-1.000 gnd=4.0 sp=2135.14 horiz=2134.04 velH=2.3332 bodyH=2.3822 slip=-0.0489 d=(-0.06504,0.07292) av=(0,-0.165161,0)
reseed=0 gear=3 gtmr=1550 b14=[-3.40458e+06,0,1.52607e+06] gt=[4.00,3.00,2.40,2.10,1.80,6.00] in=(0,255,255,0) steer=-1.000 gnd=4.0 sp=2169.49 horiz=2168.36 velH=2.3752 bodyH=2.4247 slip=-0.0494 d=(-0.06916,0.07128) av=(0,-0.166134,0)
reseed=0 gear=3 gtmr=1500 b14=[-3.47606e+06,0,1.3839e+06] gt=[4.00,3.00,2.40,2.10,1.80,6.00] in=(0,255,255,0) steer=-1.000 gnd=4.0 sp=2203.26 horiz=2202.09 velH=2.4172 bodyH=2.4672 slip=-0.0499 d=(-0.07324,0.06940) av=(0,-0.167097,0)
reseed=0 gear=3 gtmr=1450 b14=[-3.54142e+06,0,1.23835e+06] gt=[4.00,3.00,2.40,2.10,1.80,6.00] in=(0,255,255,0) steer=-1.000 gnd=4.0 sp=2236.46 horiz=2235.25 velH=2.4593 bodyH=2.5097 slip=-0.0504 d=(-0.07727,0.06729) av=(0,-0.168052,0)
reseed=0 gear=3 gtmr=1400 b14=[-3.60049e+06,0,1.08968e+06] gt=[4.00,3.00,2.40,2.10,1.80,6.00] in=(0,255,255,0) steer=-1.000 gnd=4.0 sp=2269.07 horiz=2267.84 velH=2.5013 bodyH=2.5522 slip=-0.0509 d=(-0.08122,0.06494) av=(0,-0.168998,0)
reseed=0 gear=3 gtmr=1350 b14=[-3.65313e+06,0,938176] gt=[4.00,3.00,2.40,2.10,1.80,6.00] in=(0,255,255,0) steer=-1.000 gnd=4.0 sp=2301.11 horiz=2299.84 velH=2.5433 bodyH=2.5947 slip=-0.0513 d=(-0.08509,0.06236) av=(0,-0.169937,0)
reseed=0 gear=3 gtmr=1300 b14=[-3.6992e+06,0,784125] gt=[4.00,3.00,2.40,2.10,1.80,6.00] in=(0,255,255,0) steer=-1.000 gnd=4.0 sp=2332.58 horiz=2331.27 velH=2.5854 bodyH=2.6372 slip=-0.0518 d=(-0.08886,0.05955) av=(0,-0.170867,0)
reseed=0 gear=3 gtmr=1250 b14=[-3.73858e+06,0,627820] gt=[4.00,3.00,2.40,2.10,1.80,6.00] in=(0,255,255,0) steer=-1.000 gnd=4.0 sp=2363.46 horiz=2362.13 velH=2.6275 bodyH=2.6797 slip=-0.0522 d=(-0.09253,0.05652) av=(0,-0.171789,0)
reseed=0 gear=3 gtmr=1200 b14=[-3.77116e+06,0,469558] gt=[4.00,3.00,2.40,2.10,1.80,6.00] in=(0,255,255,0) steer=-1.000 gnd=4.0 sp=2393.78 horiz=2392.41 velH=2.6695 bodyH=2.7222 slip=-0.0526 d=(-0.09607,0.05327) av=(0,-0.172703,0)
reseed=0 gear=3 gtmr=1150 b14=[-3.79685e+06,0,309646] gt=[4.00,3.00,2.40,2.10,1.80,6.00] in=(0,255,255,0) steer=-1.000 gnd=4.0 sp=2423.52 horiz=2422.12 velH=2.7116 bodyH=2.7647 slip=-0.0531 d=(-0.09947,0.04981) av=(0,-0.173609,0)
reseed=0 gear=3 gtmr=1100 b14=[-3.81556e+06,0,148390] gt=[4.00,3.00,2.40,2.10,1.80,6.00] in=(0,255,255,0) steer=-1.000 gnd=4.0 sp=2452.69 horiz=2451.25 velH=2.7537 bodyH=2.8072 slip=-0.0535 d=(-0.10273,0.04614) av=(0,-0.174506,0)
reseed=0 gear=3 gtmr=1050 b14=[-3.82723e+06,0,-13896.4] gt=[4.00,3.00,2.40,2.10,1.80,6.00] in=(0,255,255,0) steer=-1.000 gnd=4.0 sp=2481.29 horiz=2479.82 velH=2.7958 bodyH=2.8497 slip=-0.0539 d=(-0.10582,0.04228) av=(0,-0.175395,0)
reseed=0 gear=3 gtmr=1000 b14=[-3.8318e+06,0,-176898] gt=[4.00,3.00,2.40,2.10,1.80,6.00] in=(0,255,255,0) steer=-1.000 gnd=4.0 sp=2509.33 horiz=2507.83 velH=2.8379 bodyH=2.8922 slip=-0.0543 d=(-0.10875,0.03822) av=(0,-0.176275,0)
reseed=0 gear=3 gtmr=950 b14=[-3.82925e+06,0,-340297] gt=[4.00,3.00,2.40,2.10,1.80,6.00] in=(0,255,255,0) steer=-1.000 gnd=4.0 sp=2536.80 horiz=2535.27 velH=2.8800 bodyH=2.9347 slip=-0.0547 d=(-0.11150,0.03399) av=(0,-0.177146,0)
reseed=0 gear=3 gtmr=900 b14=[-3.81953e+06,0,-503774] gt=[4.00,3.00,2.40,2.10,1.80,6.00] in=(0,255,255,0) steer=-1.000 gnd=4.0 sp=2563.72 horiz=2562.16 velH=2.9221 bodyH=2.9772 slip=-0.0551 d=(-0.11406,0.02959) av=(0,-0.178008,0)
reseed=0 gear=3 gtmr=850 b14=[-3.80266e+06,0,-667008] gt=[4.00,3.00,2.40,2.10,1.80,6.00] in=(0,255,255,0) steer=-1.000 gnd=4.0 sp=2590.09 horiz=2588.50 velH=2.9642 bodyH=3.0197 slip=-0.0555 d=(-0.11641,0.02502) av=(0,-0.178861,0)
reseed=0 gear=3 gtmr=800 b14=[-3.77863e+06,0,-829679] gt=[4.00,3.00,2.40,2.10,1.80,6.00] in=(0,255,255,0) steer=-1.000 gnd=4.0 sp=2615.91 horiz=2614.28 velH=3.0063 bodyH=3.0622 slip=-0.0559 d=(-0.11856,0.02030) av=(0,-0.179704,0)
reseed=0 gear=3 gtmr=750 b14=[-3.74746e+06,0,-991464] gt=[4.00,3.00,2.40,2.10,1.80,6.00] in=(0,255,255,0) steer=-1.000 gnd=4.0 sp=2641.18 horiz=2639.53 velH=3.0484 bodyH=3.1047 slip=-0.0563 d=(-0.12049,0.01544) av=(0,-0.180538,0)
reseed=0 gear=3 gtmr=700 b14=[-3.70919e+06,0,-1.15205e+06] gt=[4.00,3.00,2.40,2.10,1.80,6.00] in=(0,255,255,0) steer=-1.000 gnd=4.0 sp=2665.92 horiz=2664.23 velH=3.0906 bodyH=-3.1360 slip=-0.0566 d=(-0.12219,0.01046) av=(0,-0.181362,0)
reseed=0 gear=3 gtmr=650 b14=[-3.66388e+06,0,-1.31111e+06] gt=[4.00,3.00,2.40,2.10,1.80,6.00] in=(0,255,255,0) steer=-1.000 gnd=4.0 sp=2690.12 horiz=2688.41 velH=3.1327 bodyH=-3.0935 slip=-0.0570 d=(-0.12366,0.00535) av=(0,-0.182176,0)
reseed=0 gear=3 gtmr=600 b14=[-3.61158e+06,0,-1.46833e+06] gt=[4.00,3.00,2.40,2.10,1.80,6.00] in=(0,255,255,0) steer=-1.000 gnd=4.0 sp=2713.79 horiz=2712.05 velH=-3.1083 bodyH=-3.0510 slip=-0.0573 d=(-0.12489,0.00014) av=(0,-0.182981,0)
reseed=0 gear=3 gtmr=550 b14=[-3.55238e+06,0,-1.6234e+06] gt=[4.00,3.00,2.40,2.10,1.80,6.00] in=(0,255,255,0) steer=-1.000 gnd=4.0 sp=2736.95 horiz=2735.17 velH=-3.0662 bodyH=-3.0085 slip=-0.0577 d=(-0.12588,-0.00517) av=(0,-0.183775,0)
reseed=0 gear=3 gtmr=500 b14=[-3.48636e+06,0,-1.77602e+06] gt=[4.00,3.00,2.40,2.10,1.80,6.00] in=(0,255,255,0) steer=-1.000 gnd=4.0 sp=2759.58 horiz=2757.78 velH=-3.0240 bodyH=-2.9660 slip=-0.0580 d=(-0.12661,-0.01056) av=(0,-0.184559,0)
reseed=0 gear=3 gtmr=450 b14=[-3.41365e+06,0,-1.92587e+06] gt=[4.00,3.00,2.40,2.10,1.80,6.00] in=(0,255,255,0) steer=-1.000 gnd=4.0 sp=2781.71 horiz=2779.88 velH=-2.9819 bodyH=-2.9235 slip=-0.0584 d=(-0.12709,-0.01601) av=(0,-0.185333,0)
reseed=0 gear=3 gtmr=400 b14=[-3.33435e+06,0,-2.07266e+06] gt=[4.00,3.00,2.40,2.10,1.80,6.00] in=(0,255,255,0) steer=-1.000 gnd=4.0 sp=2803.34 horiz=2801.48 velH=-2.9397 bodyH=-2.8810 slip=-0.0587 d=(-0.12730,-0.02153) av=(0,-0.186096,0)
reseed=0 gear=3 gtmr=350 b14=[-3.2486e+06,0,-2.2161e+06] gt=[4.00,3.00,2.40,2.10,1.80,6.00] in=(0,255,255,0) steer=-1.000 gnd=4.0 sp=2824.47 horiz=2822.58 velH=-2.8975 bodyH=-2.8385 slip=-0.0590 d=(-0.12726,-0.02708) av=(0,-0.186849,0)
reseed=0 gear=3 gtmr=300 b14=[-3.15655e+06,0,-2.3559e+06] gt=[4.00,3.00,2.40,2.10,1.80,6.00] in=(0,255,255,0) steer=-1.000 gnd=4.0 sp=2845.11 horiz=2843.20 velH=-2.8553 bodyH=-2.7960 slip=-0.0594 d=(-0.12695,-0.03266) av=(0,-0.187591,0)
reseed=0 gear=3 gtmr=250 b14=[-3.05837e+06,0,-2.49178e+06] gt=[4.00,3.00,2.40,2.10,1.80,6.00] in=(0,255,255,0) steer=-1.000 gnd=4.0 sp=2865.27 horiz=2863.33 velH=-2.8132 bodyH=-2.7535 slip=-0.0597 d=(-0.12636,-0.03826) av=(0,-0.188322,0)
reseed=0 gear=3 gtmr=200 b14=[-2.95422e+06,0,-2.62346e+06] gt=[4.00,3.00,2.40,2.10,1.80,6.00] in=(0,255,255,0) steer=-1.000 gnd=4.0 sp=2884.95 horiz=2882.98 velH=-2.7710 bodyH=-2.7110 slip=-0.0600 d=(-0.12551,-0.04386) av=(0,-0.189043,0)
reseed=0 gear=3 gtmr=150 b14=[-2.84429e+06,0,-2.75068e+06] gt=[4.00,3.00,2.40,2.10,1.80,6.00] in=(0,255,255,0) steer=-1.000 gnd=4.0 sp=2904.17 horiz=2902.17 velH=-2.7288 bodyH=-2.6685 slip=-0.0603 d=(-0.12439,-0.04945) av=(0,-0.189753,0)
reseed=0 gear=3 gtmr=100 b14=[-2.72878e+06,0,-2.87319e+06] gt=[4.00,3.00,2.40,2.10,1.80,6.00] in=(0,255,255,0) steer=-1.000 gnd=4.0 sp=2922.92 horiz=2920.90 velH=-2.6866 bodyH=-2.6260 slip=-0.0606 d=(-0.12301,-0.05502) av=(0,-0.190451,0)
reseed=0 gear=3 gtmr=49 b14=[-2.60789e+06,0,-2.99073e+06] gt=[4.00,3.00,2.40,2.10,1.80,6.00] in=(0,255,255,0) steer=-1.000 gnd=4.0 sp=2941.22 horiz=2939.18 velH=-2.6444 bodyH=-2.5835 slip=-0.0609 d=(-0.12135,-0.06054) av=(0,-0.191139,0)
reseed=0 gear=4 gtmr=3000 b14=[-2.79692e+06,0,-3.49701e+06] gt=[4.00,3.00,2.40,2.10,1.80,6.00] in=(0,255,255,0) steer=-1.000 gnd=4.0 sp=2959.08 horiz=2957.01 velH=-2.6021 bodyH=-2.5410 slip=-0.0612 d=(-0.11942,-0.06602) av=(0,-0.191816,0)
reseed=0 gear=4 gtmr=2950 b14=[-2.65069e+06,0,-3.61936e+06] gt=[4.00,3.00,2.40,2.10,1.80,6.00] in=(0,255,255,0) steer=-1.000 gnd=4.0 sp=2984.35 horiz=2982.30 velH=-2.5592 bodyH=-2.4985 slip=-0.0608 d=(-0.11729,-0.07150) av=(0,-0.192932,0)
reseed=0 gear=4 gtmr=2900 b14=[-2.4989e+06,0,-3.73527e+06] gt=[4.00,3.00,2.40,2.10,1.80,6.00] in=(0,255,255,0) steer=-1.000 gnd=4.0 sp=3009.18 horiz=3007.12 velH=-2.5166 bodyH=-2.4560 slip=-0.0606 d=(-0.11509,-0.07711) av=(0,-0.193797,0)
reseed=0 gear=4 gtmr=2850 b14=[-2.34189e+06,0,-3.84456e+06] gt=[4.00,3.00,2.40,2.10,1.80,6.00] in=(0,255,255,0) steer=-1.000 gnd=4.0 sp=3033.49 horiz=3031.42 velH=-2.4741 bodyH=-2.4135 slip=-0.0607 d=(-0.11263,-0.08261) av=(0,-0.194568,0)
reseed=0 gear=4 gtmr=2800 b14=[-2.17997e+06,0,-3.94702e+06] gt=[4.00,3.00,2.40,2.10,1.80,6.00] in=(0,255,255,0) steer=-1.000 gnd=4.0 sp=3057.26 horiz=3055.18 velH=-2.4318 bodyH=-2.3710 slip=-0.0608 d=(-0.10990,-0.08802) av=(0,-0.195317,0)
reseed=0 gear=4 gtmr=2750 b14=[-2.01346e+06,0,-4.04244e+06] gt=[4.00,3.00,2.40,2.10,1.80,6.00] in=(0,255,255,0) steer=-1.000 gnd=4.0 sp=3080.48 horiz=3078.37 velH=-2.3895 bodyH=-2.3285 slip=-0.0611 d=(-0.10690,-0.09331) av=(0,-0.196074,0)
reseed=0 gear=4 gtmr=2700 b14=[-1.84269e+06,0,-4.13063e+06] gt=[4.00,3.00,2.40,2.10,1.80,6.00] in=(0,255,255,0) steer=-1.000 gnd=4.0 sp=3103.13 horiz=3100.99 velH=-2.3473 bodyH=-2.2860 slip=-0.0614 d=(-0.10364,-0.09848) av=(0,-0.196847,0)
reseed=0 gear=4 gtmr=2650 b14=[-1.66798e+06,0,-4.21141e+06] gt=[4.00,3.00,2.40,2.10,1.80,6.00] in=(0,255,255,0) steer=-1.000 gnd=4.0 sp=3125.21 horiz=3123.05 velH=-2.3051 bodyH=-2.2434 slip=-0.0617 d=(-0.10011,-0.10351) av=(0,-0.197635,0)
reseed=0 gear=4 gtmr=2600 b14=[-1.48966e+06,0,-4.28461e+06] gt=[4.00,3.00,2.40,2.10,1.80,6.00] in=(0,255,255,0) steer=-1.000 gnd=4.0 sp=3146.73 horiz=3144.54 velH=-2.2629 bodyH=-2.2009 slip=-0.0620 d=(-0.09633,-0.10840) av=(0,-0.198434,0)
reseed=0 gear=4 gtmr=2550 b14=[-1.30809e+06,0,-4.35008e+06] gt=[4.00,3.00,2.40,2.10,1.80,6.00] in=(0,255,255,0) steer=-1.000 gnd=4.0 sp=3167.69 horiz=3165.47 velH=-2.2208 bodyH=-2.1584 slip=-0.0623 d=(-0.09230,-0.11313) av=(0,-0.199239,0)
reseed=0 gear=4 gtmr=2500 b14=[-1.12359e+06,0,-4.40767e+06] gt=[4.00,3.00,2.40,2.10,1.80,6.00] in=(0,255,255,0) steer=-1.000 gnd=4.0 sp=3188.10 horiz=3185.86 velH=-2.1786 bodyH=-2.1159 slip=-0.0627 d=(-0.08803,-0.11769) av=(0,-0.200046,0)
reseed=0 gear=4 gtmr=2450 b14=[-936518,0,-4.45726e+06] gt=[4.00,3.00,2.40,2.10,1.80,6.00] in=(0,255,255,0) steer=-1.000 gnd=4.0 sp=3207.97 horiz=3205.69 velH=-2.1364 bodyH=-2.0734 slip=-0.0630 d=(-0.08352,-0.12208) av=(0,-0.200851,0)
reseed=0 gear=4 gtmr=2400 b14=[-747235,0,-4.49874e+06] gt=[4.00,3.00,2.40,2.10,1.80,6.00] in=(0,255,255,0) steer=-1.000 gnd=4.0 sp=3227.30 horiz=3225.00 velH=-2.0943 bodyH=-2.0309 slip=-0.0633 d=(-0.07878,-0.12626) av=(0,-0.20165,0)
reseed=0 gear=4 gtmr=2350 b14=[-556096,0,-4.532e+06] gt=[4.00,3.00,2.40,2.10,1.80,6.00] in=(0,255,255,0) steer=-1.000 gnd=4.0 sp=3246.11 horiz=3243.78 velH=-2.0521 bodyH=-1.9884 slip=-0.0637 d=(-0.07383,-0.13024) av=(0,-0.202441,0)
reseed=0 gear=4 gtmr=2300 b14=[-363467,0,-4.55698e+06] gt=[4.00,3.00,2.40,2.10,1.80,6.00] in=(0,255,255,0) steer=-1.000 gnd=4.0 sp=3264.40 horiz=3262.04 velH=-2.0099 bodyH=-1.9459 slip=-0.0640 d=(-0.06867,-0.13401) av=(0,-0.203222,0)
reseed=0 gear=4 gtmr=2250 b14=[-169712,0,-4.57361e+06] gt=[4.00,3.00,2.40,2.10,1.80,6.00] in=(0,255,255,0) steer=-1.000 gnd=4.0 sp=3282.19 horiz=3279.80 velH=-1.9677 bodyH=-1.9034 slip=-0.0643 d=(-0.06331,-0.13755) av=(0,-0.203993,0)
reseed=0 gear=4 gtmr=2200 b14=[24798.9,0,-4.58185e+06] gt=[4.00,3.00,2.40,2.10,1.80,6.00] in=(0,255,255,0) steer=-1.000 gnd=4.0 sp=3299.48 horiz=3297.06 velH=-1.9255 bodyH=-1.8609 slip=-0.0646 d=(-0.05776,-0.14085) av=(0,-0.204751,0)
reseed=0 gear=4 gtmr=2150 b14=[219696,0,-4.58165e+06] gt=[4.00,3.00,2.40,2.10,1.80,6.00] in=(0,255,255,0) steer=-1.000 gnd=4.0 sp=3316.29 horiz=3313.84 velH=-1.8833 bodyH=-1.8184 slip=-0.0649 d=(-0.05204,-0.14391) av=(0,-0.205497,0)
reseed=0 gear=4 gtmr=2100 b14=[414607,0,-4.57302e+06] gt=[4.00,3.00,2.40,2.10,1.80,6.00] in=(0,255,255,0) steer=-1.000 gnd=4.0 sp=3332.62 horiz=3330.15 velH=-1.8411 bodyH=-1.7759 slip=-0.0652 d=(-0.04615,-0.14672) av=(0,-0.20623,0)
reseed=0 gear=4 gtmr=2050 b14=[609161,0,-4.55594e+06] gt=[4.00,3.00,2.40,2.10,1.80,6.00] in=(0,255,255,0) steer=-1.000 gnd=4.0 sp=3348.49 horiz=3345.99 velH=-1.7989 bodyH=-1.7334 slip=-0.0655 d=(-0.04012,-0.14926) av=(0,-0.20695,0)
reseed=0 gear=4 gtmr=2000 b14=[802988,0,-4.53045e+06] gt=[4.00,3.00,2.40,2.10,1.80,6.00] in=(0,255,255,0) steer=-1.000 gnd=4.0 sp=3363.90 horiz=3361.38 velH=-1.7567 bodyH=-1.6909 slip=-0.0658 d=(-0.03394,-0.15153) av=(0,-0.207656,0)
reseed=0 gear=4 gtmr=1950 b14=[995718,0,-4.49657e+06] gt=[4.00,3.00,2.40,2.10,1.80,6.00] in=(0,255,255,0) steer=-1.000 gnd=4.0 sp=3378.87 horiz=3376.32 velH=-1.7145 bodyH=-1.6484 slip=-0.0661 d=(-0.02764,-0.15352) av=(0,-0.208348,0)
reseed=0 gear=4 gtmr=1900 b14=[1.18698e+06,0,-4.45436e+06] gt=[4.00,3.00,2.40,2.10,1.80,6.00] in=(0,255,255,0) steer=-1.000 gnd=4.0 sp=3393.40 horiz=3390.83 velH=-1.6723 bodyH=-1.6059 slip=-0.0664 d=(-0.02123,-0.15524) av=(0,-0.209027,0)
reseed=0 gear=4 gtmr=1850 b14=[1.37642e+06,0,-4.40389e+06] gt=[4.00,3.00,2.40,2.10,1.80,6.00] in=(0,255,255,0) steer=-1.000 gnd=4.0 sp=3407.52 horiz=3404.92 velH=-1.6300 bodyH=-1.5634 slip=-0.0666 d=(-0.01472,-0.15666) av=(0,-0.209692,0)
reseed=0 gear=4 gtmr=1800 b14=[1.56367e+06,0,-4.34524e+06] gt=[4.00,3.00,2.40,2.10,1.80,6.00] in=(0,255,255,0) steer=-1.000 gnd=4.0 sp=3421.21 horiz=3418.60 velH=-1.5878 bodyH=-1.5209 slip=-0.0669 d=(-0.00813,-0.15779) av=(0,-0.210344,0)
reseed=0 gear=4 gtmr=1750 b14=[1.74837e+06,0,-4.27852e+06] gt=[4.00,3.00,2.40,2.10,1.80,6.00] in=(0,255,255,0) steer=-1.000 gnd=4.0 sp=3434.51 horiz=3431.87 velH=-1.5456 bodyH=-1.4784 slip=-0.0671 d=(-0.00147,-0.15862) av=(0,-0.210981,0)
reseed=0 gear=4 gtmr=1700 b14=[1.93017e+06,0,-4.20383e+06] gt=[4.00,3.00,2.40,2.10,1.80,6.00] in=(0,255,255,0) steer=-1.000 gnd=4.0 sp=3447.41 horiz=3444.75 velH=-1.5033 bodyH=-1.4359 slip=-0.0674 d=(0.00525,-0.15915) av=(0,-0.211606,0)
reseed=0 gear=4 gtmr=1650 b14=[2.10872e+06,0,-4.1213e+06] gt=[4.00,3.00,2.40,2.10,1.80,6.00] in=(0,255,255,0) steer=-1.000 gnd=4.0 sp=3459.93 horiz=3457.24 velH=-1.4611 bodyH=-1.3934 slip=-0.0676 d=(0.01201,-0.15938) av=(0,-0.212216,0)
reseed=0 gear=4 gtmr=1600 b14=[2.28369e+06,0,-4.0311e+06] gt=[4.00,3.00,2.40,2.10,1.80,6.00] in=(0,255,255,0) steer=-1.000 gnd=4.0 sp=3472.07 horiz=3469.36 velH=-1.4188 bodyH=-1.3509 slip=-0.0679 d=(0.01880,-0.15930) av=(0,-0.212813,0)
reseed=0 gear=4 gtmr=1550 b14=[2.45475e+06,0,-3.93336e+06] gt=[4.00,3.00,2.40,2.10,1.80,6.00] in=(0,255,255,0) steer=-1.000 gnd=4.0 sp=3483.84 horiz=3481.12 velH=-1.3765 bodyH=-1.3084 slip=-0.0681 d=(0.02561,-0.15891) av=(0,-0.213397,0)
reseed=0 gear=4 gtmr=1500 b14=[2.62155e+06,0,-3.82828e+06] gt=[4.00,3.00,2.40,2.10,1.80,6.00] in=(0,255,255,0) steer=-1.000 gnd=4.0 sp=3495.26 horiz=3492.52 velH=-1.3343 bodyH=-1.2659 slip=-0.0684 d=(0.03241,-0.15822) av=(0,-0.213968,0)
reseed=0 gear=4 gtmr=1450 b14=[2.7838e+06,0,-3.71604e+06] gt=[4.00,3.00,2.40,2.10,1.80,6.00] in=(0,255,255,0) steer=-1.000 gnd=4.0 sp=3506.34 horiz=3503.57 velH=-1.2920 bodyH=-1.2234 slip=-0.0686 d=(0.03919,-0.15722) av=(0,-0.214526,0)
reseed=0 gear=4 gtmr=1400 b14=[2.94117e+06,0,-3.59685e+06] gt=[4.00,3.00,2.40,2.10,1.80,6.00] in=(0,255,255,0) steer=-1.000 gnd=4.0 sp=3517.07 horiz=3514.29 velH=-1.2497 bodyH=-1.1809 slip=-0.0688 d=(0.04594,-0.15591) av=(0,-0.21507,0)
reseed=0 gear=4 gtmr=1350 b14=[3.09338e+06,0,-3.47091e+06] gt=[4.00,3.00,2.40,2.10,1.80,6.00] in=(0,255,255,0) steer=-1.000 gnd=4.0 sp=3527.48 horiz=3524.68 velH=-1.2074 bodyH=-1.1384 slip=-0.0690 d=(0.05265,-0.15429) av=(0,-0.215602,0)
reseed=0 gear=4 gtmr=1300 b14=[3.24012e+06,0,-3.33846e+06] gt=[4.00,3.00,2.40,2.10,1.80,6.00] in=(0,255,255,0) steer=-1.000 gnd=4.0 sp=3537.57 horiz=3534.74 velH=-1.1651 bodyH=-1.0959 slip=-0.0692 d=(0.05930,-0.15238) av=(0,-0.216122,0)
reseed=0 gear=4 gtmr=1250 b14=[3.38112e+06,0,-3.19974e+06] gt=[4.00,3.00,2.40,2.10,1.80,6.00] in=(0,255,255,0) steer=-1.000 gnd=4.0 sp=3547.34 horiz=3544.50 velH=-1.1228 bodyH=-1.0534 slip=-0.0694 d=(0.06588,-0.15016) av=(0,-0.216629,0)
reseed=0 gear=4 gtmr=1200 b14=[3.51611e+06,0,-3.05501e+06] gt=[4.00,3.00,2.40,2.10,1.80,6.00] in=(0,255,255,0) steer=-1.000 gnd=4.0 sp=3556.82 horiz=3553.96 velH=-1.0805 bodyH=-1.0109 slip=-0.0696 d=(0.07236,-0.14764) av=(0,-0.217123,0)
reseed=0 gear=4 gtmr=1150 b14=[3.64484e+06,0,-2.90453e+06] gt=[4.00,3.00,2.40,2.10,1.80,6.00] in=(0,255,255,0) steer=-1.000 gnd=4.0 sp=3565.99 horiz=3563.12 velH=-1.0382 bodyH=-0.9684 slip=-0.0698 d=(0.07875,-0.14483) av=(0,-0.217605,0)
reseed=0 gear=4 gtmr=1100 b14=[3.76706e+06,0,-2.74857e+06] gt=[4.00,3.00,2.40,2.10,1.80,6.00] in=(0,255,255,0) steer=-1.000 gnd=4.0 sp=3574.88 horiz=3571.99 velH=-0.9959 bodyH=-0.9259 slip=-0.0700 d=(0.08502,-0.14173) av=(0,-0.218076,0)
reseed=0 gear=4 gtmr=1050 b14=[3.88254e+06,0,-2.58742e+06] gt=[4.00,3.00,2.40,2.10,1.80,6.00] in=(0,255,255,0) steer=-1.000 gnd=4.0 sp=3583.50 horiz=3580.59 velH=-0.9536 bodyH=-0.8834 slip=-0.0702 d=(0.09117,-0.13835) av=(0,-0.218534,0)
reseed=0 gear=4 gtmr=1000 b14=[3.99105e+06,0,-2.42138e+06] gt=[4.00,3.00,2.40,2.10,1.80,6.00] in=(0,255,255,0) steer=-1.000 gnd=4.0 sp=3591.84 horiz=3588.91 velH=-0.9112 bodyH=-0.8409 slip=-0.0704 d=(0.09717,-0.13469) av=(0,-0.218981,0)
reseed=0 gear=4 gtmr=950 b14=[4.09239e+06,0,-2.25075e+06] gt=[4.00,3.00,2.40,2.10,1.80,6.00] in=(0,255,255,0) steer=-1.000 gnd=4.0 sp=3599.91 horiz=3596.97 velH=-0.8689 bodyH=-0.7984 slip=-0.0705 d=(0.10302,-0.13076) av=(0,-0.219417,0)
reseed=0 gear=4 gtmr=900 b14=[4.18637e+06,0,-2.07585e+06] gt=[4.00,3.00,2.40,2.10,1.80,6.00] in=(0,255,255,0) steer=-1.000 gnd=4.0 sp=3607.74 horiz=3604.78 velH=-0.8266 bodyH=-0.7559 slip=-0.0707 d=(0.10870,-0.12656) av=(0,-0.219841,0)
reseed=0 gear=4 gtmr=850 b14=[4.27281e+06,0,-1.89699e+06] gt=[4.00,3.00,2.40,2.10,1.80,6.00] in=(0,255,255,0) steer=-1.000 gnd=4.0 sp=3615.31 horiz=3612.34 velH=-0.7842 bodyH=-0.7134 slip=-0.0709 d=(0.11421,-0.12211) av=(0,-0.220254,0)
reseed=0 gear=4 gtmr=800 b14=[4.35154e+06,0,-1.71451e+06] gt=[4.00,3.00,2.40,2.10,1.80,6.00] in=(0,255,255,0) steer=-1.000 gnd=4.0 sp=3622.64 horiz=3619.66 velH=-0.7419 bodyH=-0.6709 slip=-0.0710 d=(0.11952,-0.11741) av=(0,-0.220656,0)
reseed=0 gear=4 gtmr=750 b14=[4.42241e+06,0,-1.52875e+06] gt=[4.00,3.00,2.40,2.10,1.80,6.00] in=(0,255,255,0) steer=-1.000 gnd=4.0 sp=3629.74 horiz=3626.74 velH=-0.6996 bodyH=-0.6284 slip=-0.0712 d=(0.12463,-0.11247) av=(0,-0.221048,0)
reseed=0 gear=4 gtmr=700 b14=[4.48528e+06,0,-1.34003e+06] gt=[4.00,3.00,2.40,2.10,1.80,6.00] in=(0,255,255,0) steer=-1.000 gnd=4.0 sp=3636.61 horiz=3633.60 velH=-0.6572 bodyH=-0.5859 slip=-0.0713 d=(0.12953,-0.10730) av=(0,-0.221429,0)
reseed=0 gear=4 gtmr=650 b14=[4.54004e+06,0,-1.14872e+06] gt=[4.00,3.00,2.40,2.10,1.80,6.00] in=(0,255,255,0) steer=-1.000 gnd=4.0 sp=3643.26 horiz=3640.23 velH=-0.6148 bodyH=-0.5434 slip=-0.0715 d=(0.13421,-0.10191) av=(0,-0.2218,0)
reseed=0 gear=4 gtmr=600 b14=[4.58658e+06,0,-955160] gt=[4.00,3.00,2.40,2.10,1.80,6.00] in=(0,255,255,0) steer=-1.000 gnd=4.0 sp=3649.69 horiz=3646.66 velH=-0.5725 bodyH=-0.5009 slip=-0.0716 d=(0.13866,-0.09631) av=(0,-0.222161,0)
reseed=0 gear=4 gtmr=550 b14=[4.6248e+06,0,-759710] gt=[4.00,3.00,2.40,2.10,1.80,6.00] in=(0,255,255,0) steer=-1.000 gnd=4.0 sp=3655.92 horiz=3652.87 velH=-0.5301 bodyH=-0.4584 slip=-0.0718 d=(0.14286,-0.09051) av=(0,-0.222512,0)
reseed=0 gear=4 gtmr=500 b14=[4.65464e+06,0,-562728] gt=[4.00,3.00,2.40,2.10,1.80,6.00] in=(0,255,255,0) steer=-1.000 gnd=4.0 sp=3661.94 horiz=3658.88 velH=-0.4878 bodyH=-0.4159 slip=-0.0719 d=(0.14681,-0.08452) av=(0,-0.222853,0)
reseed=0 gear=4 gtmr=450 b14=[4.67603e+06,0,-364579] gt=[4.00,3.00,2.40,2.10,1.80,6.00] in=(0,255,255,0) steer=-1.000 gnd=4.0 sp=3667.77 horiz=3664.70 velH=-0.4454 bodyH=-0.3734 slip=-0.0720 d=(0.15051,-0.07836) av=(0,-0.223185,0)
reseed=0 gear=4 gtmr=400 b14=[4.68893e+06,0,-165626] gt=[4.00,3.00,2.40,2.10,1.80,6.00] in=(0,255,255,0) steer=-1.000 gnd=4.0 sp=3673.41 horiz=3670.33 velH=-0.4030 bodyH=-0.3309 slip=-0.0722 d=(0.15393,-0.07203) av=(0,-0.223507,0)
reseed=0 gear=4 gtmr=350 b14=[4.69331e+06,0,33764.1] gt=[4.00,3.00,2.40,2.10,1.80,6.00] in=(0,255,255,0) steer=-1.000 gnd=4.0 sp=3678.87 horiz=3675.77 velH=-0.3606 bodyH=-0.2884 slip=-0.0723 d=(0.15708,-0.06554) av=(0,-0.22382,0)
reseed=0 gear=4 gtmr=300 b14=[4.68916e+06,0,233225] gt=[4.00,3.00,2.40,2.10,1.80,6.00] in=(0,255,255,0) steer=-1.000 gnd=4.0 sp=3684.14 horiz=3681.04 velH=-0.3183 bodyH=-0.2459 slip=-0.0724 d=(0.15995,-0.05891) av=(0,-0.224125,0)
reseed=0 gear=4 gtmr=250 b14=[4.67649e+06,0,432390] gt=[4.00,3.00,2.40,2.10,1.80,6.00] in=(0,255,255,0) steer=-1.000 gnd=4.0 sp=3689.25 horiz=3686.13 velH=-0.2759 bodyH=-0.2033 slip=-0.0725 d=(0.16254,-0.05216) av=(0,-0.22442,0)
reseed=0 gear=4 gtmr=200 b14=[4.6553e+06,0,630891] gt=[4.00,3.00,2.40,2.10,1.80,6.00] in=(0,255,255,0) steer=-1.000 gnd=4.0 sp=3694.18 horiz=3691.06 velH=-0.2335 bodyH=-0.1608 slip=-0.0726 d=(0.16483,-0.04528) av=(0,-0.224707,0)
reseed=0 gear=4 gtmr=150 b14=[4.62565e+06,0,828365] gt=[4.00,3.00,2.40,2.10,1.80,6.00] in=(0,255,255,0) steer=-1.000 gnd=4.0 sp=3698.96 horiz=3695.82 velH=-0.1911 bodyH=-0.1183 slip=-0.0727 d=(0.16682,-0.03831) av=(0,-0.224986,0)
reseed=0 gear=4 gtmr=100 b14=[4.58758e+06,0,1.02445e+06] gt=[4.00,3.00,2.40,2.10,1.80,6.00] in=(0,255,255,0) steer=-1.000 gnd=4.0 sp=3703.57 horiz=3700.42 velH=-0.1487 bodyH=-0.0758 slip=-0.0729 d=(0.16851,-0.03125) av=(0,-0.225257,0)
reseed=0 gear=4 gtmr=49 b14=[4.54115e+06,0,1.21878e+06] gt=[4.00,3.00,2.40,2.10,1.80,6.00] in=(0,255,255,0) steer=-1.000 gnd=4.0 sp=3708.04 horiz=3704.88 velH=-0.1063 bodyH=-0.0333 slip=-0.0730 d=(0.16989,-0.02411) av=(0,-0.225519,0)
reseed=0 gear=4 gtmr=0 b14=[4.48645e+06,0,1.411e+06] gt=[4.00,3.00,2.40,2.10,1.80,6.00] in=(0,255,255,0) steer=-1.000 gnd=4.0 sp=3712.35 horiz=3709.18 velH=-0.0639 bodyH=0.0092 slip=-0.0731 d=(0.17096,-0.01690) av=(0,-0.225774,0)
reseed=0 gear=4 gtmr=0 b14=[4.42358e+06,0,1.60076e+06] gt=[4.00,3.00,2.40,2.10,1.80,6.00] in=(0,255,255,0) steer=-1.000 gnd=4.0 sp=3716.52 horiz=3713.35 velH=-0.0215 bodyH=0.0517 slip=-0.0732 d=(0.17172,-0.00965) av=(0,-0.226022,0)
reseed=0 gear=4 gtmr=0 b14=[4.35264e+06,0,1.78771e+06] gt=[4.00,3.00,2.40,2.10,1.80,6.00] in=(0,255,255,0) steer=-1.000 gnd=4.0 sp=3720.56 horiz=3717.37 velH=0.0209 bodyH=0.0942 slip=-0.0732 d=(0.17217,-0.00237) av=(0,-0.226262,0)
reseed=0 gear=4 gtmr=0 b14=[4.27377e+06,0,1.97151e+06] gt=[4.00,3.00,2.40,2.10,1.80,6.00] in=(0,255,255,0) steer=-1.000 gnd=4.0 sp=3724.45 horiz=3721.26 velH=0.0633 bodyH=0.1367 slip=-0.0733 d=(0.17230,0.00494) av=(0,-0.226495,0)
reseed=0 gear=4 gtmr=0 b14=[4.18711e+06,0,2.15182e+06] gt=[4.00,3.00,2.40,2.10,1.80,6.00] in=(0,255,255,0) steer=-1.000 gnd=4.0 sp=3728.22 horiz=3725.02 velH=0.1057 bodyH=0.1792 slip=-0.0734 d=(0.17211,0.01225) av=(0,-0.226721,0)
reseed=0 gear=4 gtmr=0 b14=[4.09281e+06,0,2.3283e+06] gt=[4.00,3.00,2.40,2.10,1.80,6.00] in=(0,255,255,0) steer=-1.000 gnd=4.0 sp=3731.87 horiz=3728.66 velH=0.1482 bodyH=0.2217 slip=-0.0735 d=(0.17161,0.01956) av=(0,-0.22694,0)
reseed=0 gear=4 gtmr=0 b14=[3.99105e+06,0,2.50064e+06] gt=[4.00,3.00,2.40,2.10,1.80,6.00] in=(0,255,255,0) steer=-1.000 gnd=4.0 sp=3735.39 horiz=3732.17 velH=0.1906 bodyH=0.2642 slip=-0.0736 d=(0.17079,0.02684) av=(0,-0.227152,0)
reseed=0 gear=4 gtmr=0 b14=[3.882e+06,0,2.66851e+06] gt=[4.00,3.00,2.40,2.10,1.80,6.00] in=(0,255,255,0) steer=-1.000 gnd=4.0 sp=3738.79 horiz=3735.57 velH=0.2330 bodyH=0.3067 slip=-0.0737 d=(0.16966,0.03410) av=(0,-0.227358,0)
reseed=0 gear=4 gtmr=0 b14=[3.76586e+06,0,2.83161e+06] gt=[4.00,3.00,2.40,2.10,1.80,6.00] in=(0,255,255,0) steer=-1.000 gnd=4.0 sp=3742.08 horiz=3738.85 velH=0.2754 bodyH=0.3492 slip=-0.0738 d=(0.16821,0.04130) av=(0,-0.227557,0)
reseed=0 gear=4 gtmr=0 b14=[3.64286e+06,0,2.98964e+06] gt=[4.00,3.00,2.40,2.10,1.80,6.00] in=(0,255,255,0) steer=-1.000 gnd=4.0 sp=3745.26 horiz=3742.02 velH=0.3178 bodyH=0.3917 slip=-0.0738 d=(0.16645,0.04844) av=(0,-0.227751,0)
reseed=0 gear=4 gtmr=0 b14=[3.51319e+06,0,3.14231e+06] gt=[4.00,3.00,2.40,2.10,1.80,6.00] in=(0,255,255,0) steer=-1.000 gnd=4.0 sp=3748.33 horiz=3745.09 velH=0.3603 bodyH=0.4342 slip=-0.0739 d=(0.16439,0.05550) av=(0,-0.227938,0)
reseed=0 gear=4 gtmr=0 b14=[3.37712e+06,0,3.28934e+06] gt=[4.00,3.00,2.40,2.10,1.80,6.00] in=(0,255,255,0) steer=-1.000 gnd=4.0 sp=3751.30 horiz=3748.05 velH=0.4027 bodyH=0.4767 slip=-0.0740 d=(0.16202,0.06247) av=(0,-0.22812,0)
reseed=0 gear=4 gtmr=0 b14=[3.23487e+06,0,3.43046e+06] gt=[4.00,3.00,2.40,2.10,1.80,6.00] in=(0,255,255,0) steer=-1.000 gnd=4.0 sp=3754.16 horiz=3750.91 velH=0.4451 bodyH=0.5192 slip=-0.0740 d=(0.15935,0.06934) av=(0,-0.228296,0)
reseed=0 gear=4 gtmr=0 b14=[3.08671e+06,0,3.56541e+06] gt=[4.00,3.00,2.40,2.10,1.80,6.00] in=(0,255,255,0) steer=-1.000 gnd=4.0 sp=3756.94 horiz=3753.68 velH=0.4876 bodyH=0.5617 slip=-0.0741 d=(0.15638,0.07610) av=(0,-0.228466,0)
reseed=0 gear=4 gtmr=0 b14=[2.93291e+06,0,3.69394e+06] gt=[4.00,3.00,2.40,2.10,1.80,6.00] in=(0,255,255,0) steer=-1.000 gnd=4.0 sp=3759.61 horiz=3756.35 velH=0.5300 bodyH=0.6042 slip=-0.0742 d=(0.15312,0.08272) av=(0,-0.228631,0)
reseed=1 gear=4 gtmr=0 b14=[-1.95024e+06,0,3.6874e+06] gt=[4.00,3.00,2.40,2.10,1.80,6.00] in=(0,255,255,0) steer=-1.000 gnd=4.0 sp=1930.07 horiz=1929.90 velH=1.7425 bodyH=1.7617 slip=-0.0193 d=(-0.01334,0.08669) av=(0,-0.197446,0)
reseed=0 gear=4 gtmr=0 b14=[-2.11162e+06,0,3.61225e+06] gt=[4.00,3.00,2.40,2.10,1.80,6.00] in=(0,255,255,0) steer=-1.000 gnd=4.0 sp=1978.47 horiz=1978.06 velH=1.7740 bodyH=1.8042 slip=-0.0302 d=(-0.01591,0.08859) av=(0,-0.179243,0)
reseed=0 gear=4 gtmr=0 b14=[-2.27008e+06,0,3.52998e+06] gt=[4.00,3.00,2.40,2.10,1.80,6.00] in=(0,255,255,0) steer=-1.000 gnd=4.0 sp=2025.24 horiz=2024.63 velH=1.8100 bodyH=1.8467 slip=-0.0368 d=(-0.01923,0.09020) av=(0,-0.170587,0)
reseed=0 gear=4 gtmr=0 b14=[-2.42543e+06,0,3.44086e+06] gt=[4.00,3.00,2.40,2.10,1.80,6.00] in=(0,255,255,0) steer=-1.000 gnd=4.0 sp=2070.68 horiz=2069.92 velH=1.8485 bodyH=1.8893 slip=-0.0408 d=(-0.02303,0.09152) av=(0,-0.166435,0)
reseed=0 gear=4 gtmr=0 b14=[-2.57734e+06,0,3.34494e+06] gt=[4.00,3.00,2.40,2.10,1.80,6.00] in=(0,255,255,0) steer=-1.000 gnd=4.0 sp=2115.00 horiz=2114.14 velH=1.8884 bodyH=1.9318 slip=-0.0434 d=(-0.02715,0.09256) av=(0,-0.165254,0)
reseed=0 gear=4 gtmr=0 b14=[-2.72545e+06,0,3.2423e+06] gt=[4.00,3.00,2.40,2.10,1.80,6.00] in=(0,255,255,0) steer=-1.000 gnd=4.0 sp=2158.37 horiz=2157.42 velH=1.9291 bodyH=1.9743 slip=-0.0451 d=(-0.03149,0.09333) av=(0,-0.165457,0)
reseed=0 gear=4 gtmr=0 b14=[-2.86941e+06,0,3.13302e+06] gt=[4.00,3.00,2.40,2.10,1.80,6.00] in=(0,255,255,0) steer=-1.000 gnd=4.0 sp=2200.87 horiz=2199.86 velH=1.9703 bodyH=2.0168 slip=-0.0464 d=(-0.03598,0.09383) av=(0,-0.166285,0)
reseed=0 gear=4 gtmr=0 b14=[-3.00888e+06,0,3.01725e+06] gt=[4.00,3.00,2.40,2.10,1.80,6.00] in=(0,255,255,0) steer=-1.000 gnd=4.0 sp=2242.56 horiz=2241.49 velH=2.0118 bodyH=2.0593 slip=-0.0474 d=(-0.04060,0.09407) av=(0,-0.167381,0)
reseed=0 gear=4 gtmr=0 b14=[-3.14355e+06,0,2.89514e+06] gt=[4.00,3.00,2.40,2.10,1.80,6.00] in=(0,255,255,0) steer=-1.000 gnd=4.0 sp=2283.46 horiz=2282.34 velH=2.0535 bodyH=2.1018 slip=-0.0483 d=(-0.04530,0.09403) av=(0,-0.168577,0)
reseed=0 gear=4 gtmr=0 b14=[-3.27311e+06,0,2.76689e+06] gt=[4.00,3.00,2.40,2.10,1.80,6.00] in=(0,255,255,0) steer=-1.000 gnd=4.0 sp=2323.61 horiz=2322.44 velH=2.0953 bodyH=2.1443 slip=-0.0490 d=(-0.05007,0.09372) av=(0,-0.169798,0)
reseed=0 gear=4 gtmr=0 b14=[-3.39726e+06,0,2.63271e+06] gt=[4.00,3.00,2.40,2.10,1.80,6.00] in=(0,255,255,0) steer=-1.000 gnd=4.0 sp=2363.01 horiz=2361.79 velH=2.1371 bodyH=2.1868 slip=-0.0496 d=(-0.05488,0.09315) av=(0,-0.171016,0)
reseed=0 gear=4 gtmr=0 b14=[-3.51572e+06,0,2.49284e+06] gt=[4.00,3.00,2.40,2.10,1.80,6.00] in=(0,255,255,0) steer=-1.000 gnd=4.0 sp=2401.66 horiz=2400.41 velH=2.1790 bodyH=2.2293 slip=-0.0503 d=(-0.05971,0.09229) av=(0,-0.172217,0)
reseed=0 gear=4 gtmr=0 b14=[-3.62823e+06,0,2.34753e+06] gt=[4.00,3.00,2.40,2.10,1.80,6.00] in=(0,255,255,0) steer=-1.000 gnd=4.0 sp=2439.58 horiz=2438.28 velH=2.2209 bodyH=2.2718 slip=-0.0509 d=(-0.06455,0.09117) av=(0,-0.1734,0)
reseed=0 gear=4 gtmr=0 b14=[-3.73452e+06,0,2.19702e+06] gt=[4.00,3.00,2.40,2.10,1.80,6.00] in=(0,255,255,0) steer=-1.000 gnd=4.0 sp=2476.76 horiz=2475.42 velH=2.2629 bodyH=2.3143 slip=-0.0514 d=(-0.06938,0.08976) av=(0,-0.174566,0)
reseed=0 gear=4 gtmr=0 b14=[-3.83435e+06,0,2.04161e+06] gt=[4.00,3.00,2.40,2.10,1.80,6.00] in=(0,255,255,0) steer=-1.000 gnd=4.0 sp=2513.21 horiz=2511.83 velH=2.3048 bodyH=2.3568 slip=-0.0520 d=(-0.07419,0.08809) av=(0,-0.175716,0)
reseed=0 gear=4 gtmr=0 b14=[-3.92749e+06,0,1.88157e+06] gt=[4.00,3.00,2.40,2.10,1.80,6.00] in=(0,255,255,0) steer=-1.000 gnd=4.0 sp=2548.94 horiz=2547.52 velH=2.3468 bodyH=2.3993 slip=-0.0525 d=(-0.07895,0.08614) av=(0,-0.176851,0)
reseed=0 gear=4 gtmr=0 b14=[-4.01373e+06,0,1.7172e+06] gt=[4.00,3.00,2.40,2.10,1.80,6.00] in=(0,255,255,0) steer=-1.000 gnd=4.0 sp=2583.93 horiz=2582.47 velH=2.3888 bodyH=2.4418 slip=-0.0530 d=(-0.08366,0.08391) av=(0,-0.177973,0)
reseed=0 gear=4 gtmr=0 b14=[-4.09287e+06,0,1.54882e+06] gt=[4.00,3.00,2.40,2.10,1.80,6.00] in=(0,255,255,0) steer=-1.000 gnd=4.0 sp=2618.20 horiz=2616.70 velH=2.4307 bodyH=2.4843 slip=-0.0535 d=(-0.08829,0.08142) av=(0,-0.179083,0)
reseed=0 gear=4 gtmr=0 b14=[-4.16471e+06,0,1.37673e+06] gt=[4.00,3.00,2.40,2.10,1.80,6.00] in=(0,255,255,0) steer=-1.000 gnd=4.0 sp=2651.76 horiz=2650.22 velH=2.4727 bodyH=2.5268 slip=-0.0540 d=(-0.09284,0.07867) av=(0,-0.180182,0)
reseed=0 gear=4 gtmr=0 b14=[-4.22908e+06,0,1.20127e+06] gt=[4.00,3.00,2.40,2.10,1.80,6.00] in=(0,255,255,0) steer=-1.000 gnd=4.0 sp=2684.59 horiz=2683.02 velH=2.5147 bodyH=2.5693 slip=-0.0545 d=(-0.09728,0.07565) av=(0,-0.181269,0)
reseed=0 gear=4 gtmr=0 b14=[-4.28583e+06,0,1.02277e+06] gt=[4.00,3.00,2.40,2.10,1.80,6.00] in=(0,255,255,0) steer=-1.000 gnd=4.0 sp=2716.72 horiz=2715.11 velH=2.5568 bodyH=2.6118 slip=-0.0550 d=(-0.10160,0.07238) av=(0,-0.182345,0)
reseed=0 gear=4 gtmr=0 b14=[-4.33481e+06,0,841569] gt=[4.00,3.00,2.40,2.10,1.80,6.00] in=(0,255,255,0) steer=-1.000 gnd=4.0 sp=2748.14 horiz=2746.49 velH=2.5988 bodyH=2.6543 slip=-0.0555 d=(-0.10579,0.06885) av=(0,-0.18341,0)
reseed=0 gear=4 gtmr=0 b14=[-4.3759e+06,0,658016] gt=[4.00,3.00,2.40,2.10,1.80,6.00] in=(0,255,255,0) steer=-1.000 gnd=4.0 sp=2778.86 horiz=2777.17 velH=2.6408 bodyH=2.6968 slip=-0.0560 d=(-0.10983,0.06508) av=(0,-0.184464,0)
reseed=0 gear=4 gtmr=0 b14=[-4.40898e+06,0,472466] gt=[4.00,3.00,2.40,2.10,1.80,6.00] in=(0,255,255,0) steer=-1.000 gnd=4.0 sp=2808.89 horiz=2807.16 velH=2.6829 bodyH=2.7393 slip=-0.0564 d=(-0.11372,0.06108) av=(0,-0.185507,0)
reseed=0 gear=4 gtmr=0 b14=[-4.43396e+06,0,285277] gt=[4.00,3.00,2.40,2.10,1.80,6.00] in=(0,255,255,0) steer=-1.000 gnd=4.0 sp=2838.23 horiz=2836.47 velH=2.7249 bodyH=2.7818 slip=-0.0569 d=(-0.11743,0.05685) av=(0,-0.186538,0)
reseed=0 gear=4 gtmr=0 b14=[-4.45077e+06,0,96812.1] gt=[4.00,3.00,2.40,2.10,1.80,6.00] in=(0,255,255,0) steer=-1.000 gnd=4.0 sp=2866.89 horiz=2865.09 velH=2.7670 bodyH=2.8243 slip=-0.0573 d=(-0.12095,0.05240) av=(0,-0.187558,0)
reseed=0 gear=4 gtmr=0 b14=[-4.45935e+06,0,-92561.6] gt=[4.00,3.00,2.40,2.10,1.80,6.00] in=(0,255,255,0) steer=-1.000 gnd=4.0 sp=2894.88 horiz=2893.05 velH=2.8090 bodyH=2.8668 slip=-0.0578 d=(-0.12428,0.04775) av=(0,-0.188566,0)
reseed=0 gear=4 gtmr=0 b14=[-4.45965e+06,0,-282476] gt=[4.00,3.00,2.40,2.10,1.80,6.00] in=(0,255,255,0) steer=-1.000 gnd=4.0 sp=2922.21 horiz=2920.33 velH=2.8511 bodyH=2.9093 slip=-0.0582 d=(-0.12740,0.04289) av=(0,-0.189562,0)
reseed=0 gear=4 gtmr=0 b14=[-4.45164e+06,0,-472560] gt=[4.00,3.00,2.40,2.10,1.80,6.00] in=(0,255,255,0) steer=-1.000 gnd=4.0 sp=2948.87 horiz=2946.97 velH=2.8932 bodyH=2.9518 slip=-0.0586 d=(-0.13030,0.03784) av=(0,-0.190545,0)
reseed=0 gear=4 gtmr=0 b14=[-4.43532e+06,0,-662442] gt=[4.00,3.00,2.40,2.10,1.80,6.00] in=(0,255,255,0) steer=-1.000 gnd=4.0 sp=2974.89 horiz=2972.95 velH=2.9353 bodyH=2.9943 slip=-0.0591 d=(-0.13296,0.03262) av=(0,-0.191516,0)
reseed=0 gear=4 gtmr=0 b14=[-4.4107e+06,0,-851751] gt=[4.00,3.00,2.40,2.10,1.80,6.00] in=(0,255,255,0) steer=-1.000 gnd=4.0 sp=3000.27 horiz=2998.30 velH=2.9773 bodyH=3.0368 slip=-0.0595 d=(-0.13539,0.02724) av=(0,-0.192475,0)
reseed=0 gear=4 gtmr=0 b14=[-4.37779e+06,0,-1.04012e+06] gt=[4.00,3.00,2.40,2.10,1.80,6.00] in=(0,255,255,0) steer=-1.000 gnd=4.0 sp=3025.02 horiz=3023.01 velH=3.0194 bodyH=3.0793 slip=-0.0599 d=(-0.13757,0.02170) av=(0,-0.193421,0)
reseed=0 gear=4 gtmr=0 b14=[-4.33664e+06,0,-1.22717e+06] gt=[4.00,3.00,2.40,2.10,1.80,6.00] in=(0,255,255,0) steer=-1.000 gnd=4.0 sp=3049.15 horiz=3047.11 velH=3.0615 bodyH=3.1218 slip=-0.0603 d=(-0.13949,0.01602) av=(0,-0.194354,0)
reseed=0 gear=4 gtmr=0 b14=[-4.28731e+06,0,-1.41253e+06] gt=[4.00,3.00,2.40,2.10,1.80,6.00] in=(0,255,255,0) steer=-1.000 gnd=4.0 sp=3072.67 horiz=3070.59 velH=3.1037 bodyH=-3.1189 slip=-0.0607 d=(-0.14115,0.01021) av=(0,-0.195273,0)
reseed=0 gear=4 gtmr=0 b14=[-4.22987e+06,0,-1.59586e+06] gt=[4.00,3.00,2.40,2.10,1.80,6.00] in=(0,255,255,0) steer=-1.000 gnd=4.0 sp=3095.58 horiz=3093.47 velH=-3.1374 bodyH=-3.0764 slip=-0.0610 d=(-0.14254,0.00430) av=(0,-0.19618,0)
reseed=0 gear=4 gtmr=0 b14=[-4.16441e+06,0,-1.77677e+06] gt=[4.00,3.00,2.40,2.10,1.80,6.00] in=(0,255,255,0) steer=-1.000 gnd=4.0 sp=3117.91 horiz=3115.77 velH=-3.0953 bodyH=-3.0339 slip=-0.0614 d=(-0.14365,-0.00172) av=(0,-0.197073,0)
