in=(0,0,255,0) steer=+0.000 gnd=4.0 sp=13.27 horiz=13.27 velH=1.5498 bodyH=1.5498 slip=+0.0000 d=(0.00000,0.00015) av=(0,0,0)
in=(0,0,255,0) steer=+0.000 gnd=4.0 sp=27.07 horiz=27.07 velH=1.5498 bodyH=1.5498 slip=+0.0000 d=(0.00002,0.00077) av=(0,0,0)
in=(0,0,255,0) steer=+0.000 gnd=4.0 sp=41.69 horiz=41.69 velH=1.5498 bodyH=1.5498 slip=+0.0000 d=(0.00003,0.00142) av=(0,0,0)
in=(0,0,255,0) steer=+0.000 gnd=4.0 sp=57.17 horiz=57.17 velH=1.5498 bodyH=1.5498 slip=+0.0000 d=(0.00004,0.00211) av=(0,0,0)
in=(0,0,255,0) steer=+0.000 gnd=4.0 sp=73.57 horiz=73.57 velH=1.5498 bodyH=1.5498 slip=+0.0000 d=(0.00006,0.00284) av=(0,0,0)
in=(0,0,255,0) steer=+0.000 gnd=4.0 sp=90.93 horiz=90.93 velH=1.5498 bodyH=1.5498 slip=+0.0000 d=(0.00008,0.00361) av=(0,0,0)
in=(0,0,255,0) steer=+0.000 gnd=4.0 sp=109.32 horiz=109.32 velH=1.5498 bodyH=1.5498 slip=+0.0000 d=(0.00009,0.00442) av=(0,0,0)
in=(0,0,255,0) steer=+0.000 gnd=4.0 sp=128.78 horiz=128.78 velH=1.5498 bodyH=1.5498 slip=+0.0000 d=(0.00011,0.00529) av=(0,1.21279e-16,0)
in=(0,0,255,0) steer=+0.000 gnd=4.0 sp=149.38 horiz=149.38 velH=1.5498 bodyH=1.5498 slip=+0.0000 d=(0.00013,0.00620) av=(0,1.02843e-16,0)
in=(0,0,255,0) steer=+0.000 gnd=4.0 sp=171.18 horiz=171.18 velH=1.5498 bodyH=1.5498 slip=+0.0000 d=(0.00015,0.00717) av=(0,0,0)
in=(0,0,255,0) steer=+0.000 gnd=4.0 sp=194.24 horiz=194.24 velH=1.5498 bodyH=1.5498 slip=+0.0000 d=(0.00017,0.00820) av=(0,0,0)
in=(0,0,255,0) steer=+0.000 gnd=4.0 sp=218.64 horiz=218.64 velH=1.5498 bodyH=1.5498 slip=+0.0000 d=(0.00020,0.00928) av=(0,0,0)
in=(0,0,255,0) steer=+0.000 gnd=4.0 sp=244.45 horiz=244.45 velH=1.5498 bodyH=1.5498 slip=+0.0000 d=(0.00022,0.01043) av=(0,8.82359e-16,0)
in=(0,0,255,0) steer=+0.000 gnd=4.0 sp=265.07 horiz=265.07 velH=1.5498 bodyH=1.5498 slip=+0.0000 d=(0.00024,0.01164) av=(0,0,0)
in=(0,0,255,0) steer=+0.000 gnd=4.0 sp=280.02 horiz=280.02 velH=1.5498 bodyH=1.5498 slip=+0.0000 d=(0.00026,0.01245) av=(0,0,0)
in=(0,0,255,0) steer=+0.000 gnd=4.0 sp=295.83 horiz=295.83 velH=1.5498 bodyH=1.5498 slip=+0.0000 d=(0.00028,0.01316) av=(0,3.7709e-16,0)
in=(0,0,255,0) steer=+0.000 gnd=4.0 sp=312.53 horiz=312.53 velH=1.5498 bodyH=1.5498 slip=+0.0000 d=(0.00029,0.01390) av=(0,0,0)
in=(0,0,255,0) steer=+0.000 gnd=4.0 sp=330.19 horiz=330.19 velH=1.5498 bodyH=1.5498 slip=+0.0000 d=(0.00031,0.01468) av=(0,0,0)
in=(0,0,255,0) steer=+0.000 gnd=4.0 sp=348.84 horiz=348.84 velH=1.5498 bodyH=1.5498 slip=+0.0000 d=(0.00033,0.01551) av=(0,5.14213e-16,0)
in=(0,0,255,0) steer=+0.000 gnd=4.0 sp=368.55 horiz=368.55 velH=1.5498 bodyH=1.5498 slip=+0.0000 d=(0.00034,0.01639) av=(0,4.74573e-17,0)
in=(0,0,255,0) steer=+0.000 gnd=4.0 sp=389.37 horiz=389.37 velH=1.5498 bodyH=1.5498 slip=+0.0000 d=(0.00036,0.01732) av=(0,6.51337e-16,0)
in=(0,0,255,0) steer=+0.000 gnd=4.0 sp=411.36 horiz=411.36 velH=1.5498 bodyH=1.5498 slip=+0.0000 d=(0.00038,0.01829) av=(0,2.97312e-16,0)
in=(0,0,255,0) steer=+0.000 gnd=4.0 sp=434.58 horiz=434.58 velH=1.5498 bodyH=1.5498 slip=+0.0000 d=(0.00041,0.01933) av=(0,0,0)
in=(0,0,255,0) steer=+0.000 gnd=4.0 sp=459.10 horiz=459.10 velH=1.5498 bodyH=1.5498 slip=+0.0000 d=(0.00043,0.02042) av=(0,1.84814e-14,0)
in=(0,0,255,0) steer=+0.000 gnd=4.0 sp=484.98 horiz=484.98 velH=1.5498 bodyH=1.5498 slip=+0.0000 d=(0.00045,0.02157) av=(0,4.01337e-16,0)
in=(0,0,255,0) steer=+0.000 gnd=4.0 sp=512.29 horiz=512.29 velH=1.5498 bodyH=1.5498 slip=+0.0000 d=(0.00048,0.02278) av=(0,1.09699e-15,0)
in=(0,0,255,0) steer=+0.000 gnd=4.0 sp=541.11 horiz=541.11 velH=1.5498 bodyH=1.5498 slip=+0.0000 d=(0.00051,0.02407) av=(0,1.77113e-14,0)
in=(0,0,255,0) steer=+0.000 gnd=4.0 sp=571.51 horiz=571.51 velH=1.5498 bodyH=1.5498 slip=+0.0000 d=(0.00053,0.02542) av=(0,0,0)
in=(0,0,255,0) steer=+0.000 gnd=4.0 sp=603.57 horiz=603.57 velH=1.5498 bodyH=1.5498 slip=+0.0000 d=(0.00056,0.02685) av=(0,2.61833e-14,0)
in=(0,0,255,0) steer=+0.000 gnd=4.0 sp=637.37 horiz=637.37 velH=1.5498 bodyH=1.5498 slip=+0.0000 d=(0.00060,0.02835) av=(0,1.71404e-15,0)
in=(0,0,255,0) steer=+0.000 gnd=4.0 sp=673.00 horiz=673.00 velH=1.5498 bodyH=1.5498 slip=+0.0000 d=(0.00063,0.02994) av=(0,0,0)
in=(0,0,255,0) steer=+0.000 gnd=4.0 sp=710.54 horiz=710.54 velH=1.5498 bodyH=1.5498 slip=+0.0000 d=(0.00066,0.03161) av=(0,2.12542e-15,0)
in=(0,0,255,0) steer=+0.000 gnd=4.0 sp=750.09 horiz=750.09 velH=1.5498 bodyH=1.5498 slip=+0.0000 d=(0.00070,0.03338) av=(0,6.85618e-17,0)
in=(0,0,255,0) steer=+0.000 gnd=4.0 sp=791.74 horiz=791.74 velH=1.5498 bodyH=1.5498 slip=+0.0000 d=(0.00074,0.03523) av=(0,1.2031e-16,0)
in=(0,0,255,0) steer=+0.000 gnd=4.0 sp=835.58 horiz=835.58 velH=1.5498 bodyH=1.5498 slip=+0.0000 d=(0.00078,0.03719) av=(0,3.31823e-15,0)
in=(0,0,255,0) steer=+0.000 gnd=4.0 sp=881.72 horiz=881.72 velH=1.5498 bodyH=1.5498 slip=+0.0000 d=(0.00082,0.03925) av=(0,1.02843e-16,0)
in=(0,0,255,0) steer=+0.000 gnd=4.0 sp=930.26 horiz=930.26 velH=1.5498 bodyH=1.5498 slip=+0.0000 d=(0.00087,0.04141) av=(0,1.4406e-13,0)
in=(0,0,255,0) steer=+0.000 gnd=4.0 sp=981.30 horiz=981.30 velH=1.5498 bodyH=1.5498 slip=+0.0000 d=(0.00092,0.04369) av=(0,4.04515e-15,0)
in=(0,0,255,0) steer=+0.000 gnd=4.0 sp=1034.95 horiz=1034.95 velH=1.5498 bodyH=1.5498 slip=+0.0000 d=(0.00097,0.04608) av=(0,1.37124e-16,0)
in=(0,0,255,0) steer=+0.000 gnd=4.0 sp=1091.31 horiz=1091.31 velH=1.5498 bodyH=1.5498 slip=+0.0000 d=(0.00102,0.04860) av=(0,0,0)
in=(0,0,255,0) steer=+0.000 gnd=4.0 sp=1150.32 horiz=1150.32 velH=1.5498 bodyH=1.5498 slip=+0.0000 d=(0.00108,0.05124) av=(0,1.22779e-14,0)
in=(0,0,255,0) steer=+0.000 gnd=4.0 sp=1209.69 horiz=1209.69 velH=1.5498 bodyH=1.5498 slip=+0.0000 d=(0.00113,0.05399) av=(0,0,0)
in=(0,0,255,0) steer=+0.000 gnd=4.0 sp=1268.78 horiz=1268.78 velH=1.5498 bodyH=1.5498 slip=+0.0000 d=(0.00119,0.05674) av=(0,0,0)
in=(0,0,255,0) steer=+0.000 gnd=4.0 sp=1327.58 horiz=1327.58 velH=1.5498 bodyH=1.5498 slip=+0.0000 d=(0.00125,0.05947) av=(0,3.56782e-13,0)
in=(0,0,255,0) steer=+0.000 gnd=4.0 sp=1386.06 horiz=1386.06 velH=1.5498 bodyH=1.5498 slip=+0.0000 d=(0.00131,0.06219) av=(0,0,0)
in=(0,0,255,0) steer=+0.000 gnd=4.0 sp=1444.19 horiz=1444.19 velH=1.5498 bodyH=1.5498 slip=+0.0000 d=(0.00136,0.06490) av=(0,6.20484e-15,0)
in=(0,0,255,0) steer=+0.000 gnd=4.0 sp=1501.94 horiz=1501.94 velH=1.5498 bodyH=1.5498 slip=+0.0000 d=(0.00142,0.06759) av=(0,4.57168e-13,0)
in=(0,0,255,0) steer=+0.000 gnd=4.0 sp=1559.30 horiz=1559.30 velH=1.5498 bodyH=1.5498 slip=+0.0000 d=(0.00148,0.07026) av=(0,6.64931e-16,0)
in=(0,0,255,0) steer=+0.000 gnd=4.0 sp=1616.23 horiz=1616.23 velH=1.5498 bodyH=1.5498 slip=+0.0000 d=(0.00153,0.07291) av=(0,5.27642e-13,0)
in=(0,0,255,0) steer=+0.000 gnd=4.0 sp=1672.71 horiz=1672.71 velH=1.5498 bodyH=1.5498 slip=+0.0000 d=(0.00159,0.07555) av=(0,7.16471e-15,0)
in=(0,0,255,0) steer=+0.000 gnd=4.0 sp=1728.73 horiz=1728.73 velH=1.5498 bodyH=1.5498 slip=+0.0000 d=(0.00164,0.07816) av=(0,0,0)
in=(0,0,255,0) steer=+0.000 gnd=4.0 sp=1784.25 horiz=1784.25 velH=1.5498 bodyH=1.5498 slip=+0.0000 d=(0.00170,0.08075) av=(0,0,0)
in=(0,0,255,0) steer=+0.000 gnd=4.0 sp=1839.26 horiz=1839.26 velH=1.5498 bodyH=1.5498 slip=+0.0000 d=(0.00175,0.08331) av=(0,6.84076e-13,0)
in=(0,0,255,0) steer=+0.000 gnd=4.0 sp=1893.73 horiz=1893.73 velH=1.5498 bodyH=1.5498 slip=+0.0000 d=(0.00180,0.08586) av=(0,2.934e-14,0)
in=(0,0,255,0) steer=+0.000 gnd=4.0 sp=1947.65 horiz=1947.65 velH=1.5498 bodyH=1.5498 slip=+0.0000 d=(0.00186,0.08837) av=(0,7.70087e-13,0)
in=(0,0,255,0) steer=+0.000 gnd=4.0 sp=2001.01 horiz=2001.01 velH=1.5498 bodyH=1.5498 slip=+0.0000 d=(0.00191,0.09087) av=(0,8.08607e-13,0)
in=(0,0,255,0) steer=+0.000 gnd=4.0 sp=2053.77 horiz=2053.77 velH=1.5498 bodyH=1.5498 slip=+0.0000 d=(0.00196,0.09333) av=(0,8.54702e-13,0)
in=(0,0,255,0) steer=+0.000 gnd=4.0 sp=2105.93 horiz=2105.93 velH=1.5498 bodyH=1.5498 slip=+0.0000 d=(0.00201,0.09577) av=(0,8.95324e-13,0)
in=(0,0,255,0) steer=+0.000 gnd=4.0 sp=2157.47 horiz=2157.47 velH=1.5498 bodyH=1.5498 slip=+0.0000 d=(0.00206,0.09818) av=(0,0,0)
in=(128,0,255,0) steer=+0.500 gnd=4.0 sp=2207.45 horiz=2207.39 velH=1.5381 bodyH=1.5284 slip=+0.0097 d=(0.00232,0.10055) av=(0,0.0412607,0)
in=(128,0,255,0) steer=+0.500 gnd=4.0 sp=2256.40 horiz=2256.27 velH=1.5220 bodyH=1.5071 slip=+0.0149 d=(0.00367,0.10281) av=(0,0.0627907,0)
in=(128,0,255,0) steer=+0.500 gnd=4.0 sp=2304.39 horiz=2304.21 velH=1.5036 bodyH=1.4858 slip=+0.0178 d=(0.00549,0.10499) av=(0,0.07467,0)
in=(128,0,255,0) steer=+0.500 gnd=4.0 sp=2351.52 horiz=2351.31 velH=1.4839 bodyH=1.4644 slip=+0.0194 d=(0.00761,0.10707) av=(0,0.0813284,0)
in=(128,0,255,0) steer=+0.500 gnd=4.0 sp=2397.85 horiz=2397.61 velH=1.4635 bodyH=1.4431 slip=+0.0204 d=(0.00993,0.10907) av=(0,0.0851351,0)
in=(128,0,255,0) steer=+0.500 gnd=4.0 sp=2443.42 horiz=2443.16 velH=1.4428 bodyH=1.4218 slip=+0.0210 d=(0.01239,0.11096) av=(0,0.0873738,0)
in=(128,0,255,0) steer=+0.500 gnd=4.0 sp=2488.24 horiz=2487.96 velH=1.4219 bodyH=1.4004 slip=+0.0215 d=(0.01497,0.11277) av=(0,0.0887458,0)
in=(128,0,255,0) steer=+0.500 gnd=4.0 sp=2532.33 horiz=2532.04 velH=1.4008 bodyH=1.3791 slip=+0.0218 d=(0.01764,0.11447) av=(0,0.0896365,0)
in=(128,0,255,0) steer=+0.500 gnd=4.0 sp=2575.69 horiz=2575.39 velH=1.3798 bodyH=1.3577 slip=+0.0220 d=(0.02040,0.11608) av=(0,0.0902585,0)
in=(128,0,255,0) steer=+0.500 gnd=4.0 sp=2618.32 horiz=2618.01 velH=1.3586 bodyH=1.3364 slip=+0.0222 d=(0.02323,0.11759) av=(0,0.0907294,0)
in=(128,0,255,0) steer=+0.500 gnd=4.0 sp=2660.22 horiz=2659.90 velH=1.3375 bodyH=1.3151 slip=+0.0224 d=(0.02613,0.11899) av=(0,0.0911145,0)
in=(128,0,255,0) steer=+0.500 gnd=4.0 sp=2701.39 horiz=2701.06 velH=1.3163 bodyH=1.2937 slip=+0.0226 d=(0.02909,0.12029) av=(0,0.0914498,0)
in=(128,0,255,0) steer=+0.500 gnd=4.0 sp=2741.83 horiz=2741.49 velH=1.2951 bodyH=1.2724 slip=+0.0227 d=(0.03212,0.12149) av=(0,0.0917555,0)
in=(128,0,255,0) steer=+0.500 gnd=4.0 sp=2781.54 horiz=2781.19 velH=1.2739 bodyH=1.2511 slip=+0.0229 d=(0.03520,0.12257) av=(0,0.092043,0)
in=(128,0,255,0) steer=+0.500 gnd=4.0 sp=2820.52 horiz=2820.16 velH=1.2527 bodyH=1.2297 slip=+0.0230 d=(0.03833,0.12355) av=(0,0.0923182,0)
in=(128,0,255,0) steer=+0.500 gnd=4.0 sp=2858.77 horiz=2858.41 velH=1.2316 bodyH=1.2084 slip=+0.0232 d=(0.04151,0.12441) av=(0,0.0925849,0)
in=(128,0,255,0) steer=+0.500 gnd=4.0 sp=2896.29 horiz=2895.92 velH=1.2104 bodyH=1.1871 slip=+0.0233 d=(0.04473,0.12517) av=(0,0.0928449,0)
in=(128,0,255,0) steer=+0.500 gnd=4.0 sp=2933.09 horiz=2932.71 velH=1.1891 bodyH=1.1657 slip=+0.0234 d=(0.04799,0.12581) av=(0,0.0930993,0)
in=(128,0,255,0) steer=+0.500 gnd=4.0 sp=2969.16 horiz=2968.78 velH=1.1679 bodyH=1.1444 slip=+0.0236 d=(0.05128,0.12633) av=(0,0.0933488,0)
in=(128,0,255,0) steer=+0.500 gnd=4.0 sp=3004.52 horiz=3004.12 velH=1.1467 bodyH=1.1230 slip=+0.0237 d=(0.05461,0.12675) av=(0,0.0935936,0)
in=(128,0,255,0) steer=+0.500 gnd=4.0 sp=3039.16 horiz=3038.75 velH=1.1255 bodyH=1.1017 slip=+0.0238 d=(0.05796,0.12704) av=(0,0.0938341,0)
in=(128,0,255,0) steer=+0.500 gnd=4.0 sp=3073.08 horiz=3072.67 velH=1.1043 bodyH=1.0804 slip=+0.0239 d=(0.06133,0.12722) av=(0,0.0940702,0)
in=(128,0,255,0) steer=+0.500 gnd=4.0 sp=3106.30 horiz=3105.89 velH=1.0831 bodyH=1.0590 slip=+0.0240 d=(0.06473,0.12729) av=(0,0.0943021,0)
in=(128,0,255,0) steer=+0.500 gnd=4.0 sp=3138.83 horiz=3138.40 velH=1.0619 bodyH=1.0377 slip=+0.0242 d=(0.06814,0.12724) av=(0,0.0945298,0)
in=(128,0,255,0) steer=+0.500 gnd=4.0 sp=3170.65 horiz=3170.22 velH=1.0406 bodyH=1.0164 slip=+0.0243 d=(0.07156,0.12707) av=(0,0.0947533,0)
in=(128,0,255,0) steer=+0.500 gnd=4.0 sp=3201.79 horiz=3201.35 velH=1.0194 bodyH=0.9950 slip=+0.0244 d=(0.07498,0.12678) av=(0,0.0949727,0)
in=(128,0,255,0) steer=+0.500 gnd=4.0 sp=1656.63 horiz=1656.60 velH=1.7000 bodyH=1.6914 slip=+0.0087 d=(-0.01041,0.07412) av=(0,0.0858954,0)
in=(128,0,255,0) steer=+0.500 gnd=4.0 sp=1711.66 horiz=1711.58 velH=1.6833 bodyH=1.6700 slip=+0.0133 d=(-0.00973,0.07680) av=(0,0.0850976,0)
in=(128,0,255,0) steer=+0.500 gnd=4.0 sp=1766.00 horiz=1765.89 velH=1.6645 bodyH=1.6487 slip=+0.0158 d=(-0.00869,0.07948) av=(0,0.0849109,0)
in=(128,0,255,0) steer=+0.500 gnd=4.0 sp=1819.70 horiz=1819.56 velH=1.6447 bodyH=1.6274 slip=+0.0173 d=(-0.00740,0.08214) av=(0,0.0852099,0)
in=(128,0,255,0) steer=+0.500 gnd=4.0 sp=1872.77 horiz=1872.61 velH=1.6242 bodyH=1.6060 slip=+0.0182 d=(-0.00593,0.08474) av=(0,0.0856516,0)
in=(128,0,255,0) steer=+0.500 gnd=4.0 sp=1925.24 horiz=1925.07 velH=1.6035 bodyH=1.5847 slip=+0.0188 d=(-0.00432,0.08729) av=(0,0.0861089,0)
in=(128,0,255,0) steer=+0.500 gnd=4.0 sp=1977.10 horiz=1976.91 velH=1.5826 bodyH=1.5634 slip=+0.0192 d=(-0.00257,0.08979) av=(0,0.0865423,0)
in=(128,0,255,0) steer=+0.500 gnd=4.0 sp=2028.34 horiz=2028.14 velH=1.5616 bodyH=1.5420 slip=+0.0196 d=(-0.00072,0.09222) av=(0,0.0869454,0)
in=(128,0,255,0) steer=+0.500 gnd=4.0 sp=2078.95 horiz=2078.75 velH=1.5406 bodyH=1.5207 slip=+0.0199 d=(0.00125,0.09458) av=(0,0.0873223,0)
in=(128,0,255,0) steer=+0.500 gnd=4.0 sp=2128.93 horiz=2128.71 velH=1.5195 bodyH=1.4994 slip=+0.0202 d=(0.00332,0.09687) av=(0,0.087679,0)
in=(128,0,255,0) steer=+0.500 gnd=4.0 sp=2178.26 horiz=2178.03 velH=1.4984 bodyH=1.4780 slip=+0.0204 d=(0.00549,0.09908) av=(0,0.0880209,0)
in=(128,0,255,0) steer=+0.500 gnd=4.0 sp=2226.92 horiz=2226.69 velH=1.4773 bodyH=1.4567 slip=+0.0206 d=(0.00775,0.10122) av=(0,0.0883518,0)
in=(128,0,255,0) steer=+0.500 gnd=4.0 sp=2274.92 horiz=2274.68 velH=1.4562 bodyH=1.4353 slip=+0.0208 d=(0.01010,0.10327) av=(0,0.0886744,0)
in=(128,0,255,0) steer=+0.500 gnd=4.0 sp=2322.24 horiz=2321.98 velH=1.4351 bodyH=1.4140 slip=+0.0211 d=(0.01254,0.10523) av=(0,0.0889904,0)
in=(128,0,255,0) steer=+0.500 gnd=4.0 sp=2368.86 horiz=2368.60 velH=1.4139 bodyH=1.3927 slip=+0.0213 d=(0.01507,0.10711) av=(0,0.0893008,0)
in=(128,0,255,0) steer=+0.500 gnd=4.0 sp=2414.79 horiz=2414.52 velH=1.3928 bodyH=1.3713 slip=+0.0214 d=(0.01767,0.10889) av=(0,0.0896063,0)
in=(128,0,255,0) steer=+0.500 gnd=4.0 sp=2460.02 horiz=2459.74 velH=1.3716 bodyH=1.3500 slip=+0.0216 d=(0.02035,0.11058) av=(0,0.0899072,0)
in=(128,0,255,0) steer=+0.500 gnd=4.0 sp=2504.54 horiz=2504.25 velH=1.3505 bodyH=1.3287 slip=+0.0218 d=(0.02311,0.11217) av=(0,0.0902038,0)
in=(128,0,255,0) steer=+0.500 gnd=4.0 sp=2548.34 horiz=2548.04 velH=1.3293 bodyH=1.3073 slip=+0.0220 d=(0.02593,0.11366) av=(0,0.0904962,0)
in=(128,0,255,0) steer=+0.500 gnd=4.0 sp=1332.19 horiz=1332.18 velH=1.7358 bodyH=1.7297 slip=+0.0060 d=(-0.01038,0.05882) av=(0,0.0823883,0)
in=(128,0,255,0) steer=+0.500 gnd=4.0 sp=1389.74 horiz=1389.71 velH=1.7204 bodyH=1.7106 slip=+0.0098 d=(-0.01006,0.06159) av=(0,0.083403,0)
in=(128,0,255,0) steer=+0.500 gnd=4.0 sp=1446.80 horiz=1446.75 velH=1.7029 bodyH=1.6906 slip=+0.0123 d=(-0.00947,0.06438) av=(0,0.0840168,0)
in=(128,0,255,0) steer=+0.500 gnd=4.0 sp=1503.36 horiz=1503.28 velH=1.6841 bodyH=1.6698 slip=+0.0143 d=(-0.00867,0.06715) av=(0,0.0842358,0)
in=(128,0,255,0) steer=+0.500 gnd=4.0 sp=1559.41 horiz=1559.31 velH=1.6643 bodyH=1.6485 slip=+0.0158 d=(-0.00768,0.06990) av=(0,0.0842946,0)
in=(128,0,255,0) steer=+0.500 gnd=4.0 sp=1614.94 horiz=1614.83 velH=1.6439 bodyH=1.6272 slip=+0.0167 d=(-0.00651,0.07262) av=(0,0.0844032,0)
in=(128,0,255,0) steer=+0.500 gnd=4.0 sp=1669.97 horiz=1669.84 velH=1.6232 bodyH=1.6058 slip=+0.0174 d=(-0.00520,0.07530) av=(0,0.084678,0)
in=(128,0,255,0) steer=+0.500 gnd=4.0 sp=1724.48 horiz=1724.34 velH=1.6023 bodyH=1.5845 slip=+0.0179 d=(-0.00377,0.07793) av=(0,0.0850211,0)
in=(128,0,255,0) steer=+0.500 gnd=4.0 sp=1778.47 horiz=1778.31 velH=1.5814 bodyH=1.5631 slip=+0.0183 d=(-0.00221,0.08052) av=(0,0.0853834,0)
in=(128,0,255,0) steer=+0.500 gnd=4.0 sp=1831.90 horiz=1831.74 velH=1.5604 bodyH=1.5418 slip=+0.0186 d=(-0.00054,0.08304) av=(0,0.0857461,0)
in=(128,0,255,0) steer=+0.500 gnd=4.0 sp=1884.77 horiz=1884.60 velH=1.5394 bodyH=1.5205 slip=+0.0189 d=(0.00124,0.08550) av=(0,0.0861034,0)
in=(128,0,255,0) steer=+0.500 gnd=4.0 sp=1937.07 horiz=1936.89 velH=1.5184 bodyH=1.4991 slip=+0.0192 d=(0.00312,0.08790) av=(0,0.0864538,0)
in=(128,0,255,0) steer=+0.500 gnd=4.0 sp=1988.76 horiz=1988.58 velH=1.4973 bodyH=1.4778 slip=+0.0195 d=(0.00511,0.09023) av=(0,0.0867976,0)
in=(128,0,255,0) steer=+0.500 gnd=4.0 sp=2039.85 horiz=2039.65 velH=1.4762 bodyH=1.4565 slip=+0.0198 d=(0.00719,0.09248) av=(0,0.0871356,0)
in=(128,0,255,0) steer=+0.500 gnd=4.0 sp=2090.32 horiz=2090.11 velH=1.4551 bodyH=1.4351 slip=+0.0200 d=(0.00937,0.09466) av=(0,0.0874684,0)
in=(128,0,255,0) steer=+0.500 gnd=4.0 sp=2140.15 horiz=2139.93 velH=1.4340 bodyH=1.4138 slip=+0.0202 d=(0.01164,0.09675) av=(0,0.0877964,0)
in=(128,0,255,0) steer=+0.500 gnd=4.0 sp=2189.32 horiz=2189.10 velH=1.4129 bodyH=1.3924 slip=+0.0205 d=(0.01400,0.09876) av=(0,0.08812,0)
in=(128,0,255,0) steer=+0.500 gnd=4.0 sp=2237.84 horiz=2237.60 velH=1.3918 bodyH=1.3711 slip=+0.0207 d=(0.01645,0.10069) av=(0,0.0884394,0)
in=(128,0,255,0) steer=+0.500 gnd=4.0 sp=2285.68 horiz=2285.44 velH=1.3707 bodyH=1.3498 slip=+0.0209 d=(0.01898,0.10252) av=(0,0.0887547,0)
in=(128,0,255,0) steer=+0.500 gnd=4.0 sp=1201.53 horiz=1201.53 velH=1.7745 bodyH=1.7700 slip=+0.0045 d=(-0.01134,0.05243) av=(0,0.0812735,0)
in=(128,0,255,0) steer=+0.500 gnd=4.0 sp=1259.86 horiz=1259.84 velH=1.7601 bodyH=1.7527 slip=+0.0075 d=(-0.01123,0.05523) av=(0,0.0825946,0)
in=(128,0,255,0) steer=+0.500 gnd=4.0 sp=1317.80 horiz=1317.77 velH=1.7442 bodyH=1.7345 slip=+0.0096 d=(-0.01092,0.05804) av=(0,0.0835357,0)
in=(128,0,255,0) steer=+0.500 gnd=4.0 sp=1375.33 horiz=1375.29 velH=1.7270 bodyH=1.7156 slip=+0.0114 d=(-0.01044,0.06085) av=(0,0.0841091,0)
in=(128,0,255,0) steer=+0.500 gnd=4.0 sp=1432.43 horiz=1432.37 velH=1.7088 bodyH=1.6958 slip=+0.0130 d=(-0.00978,0.06366) av=(0,0.0843846,0)
in=(128,0,255,0) steer=+0.500 gnd=4.0 sp=1489.07 horiz=1488.99 velH=1.6897 bodyH=1.6752 slip=+0.0145 d=(-0.00897,0.06644) av=(0,0.0844235,0)
in=(128,0,255,0) steer=+0.500 gnd=4.0 sp=1545.22 horiz=1545.12 velH=1.6698 bodyH=1.6540 slip=+0.0158 d=(-0.00799,0.06920) av=(0,0.0843811,0)
in=(128,0,255,0) steer=+0.500 gnd=4.0 sp=1600.87 horiz=1600.75 velH=1.6493 bodyH=1.6326 slip=+0.0167 d=(-0.00685,0.07193) av=(0,0.0844369,0)
in=(128,0,255,0) steer=+0.500 gnd=4.0 sp=1656.02 horiz=1655.89 velH=1.6286 bodyH=1.6113 slip=+0.0173 d=(-0.00557,0.07462) av=(0,0.0846575,0)
in=(128,0,255,0) steer=+0.500 gnd=4.0 sp=1710.66 horiz=1710.52 velH=1.6078 bodyH=1.5900 slip=+0.0178 d=(-0.00415,0.07727) av=(0,0.0849704,0)
in=(128,0,255,0) steer=+0.500 gnd=4.0 sp=1764.77 horiz=1764.62 velH=1.5868 bodyH=1.5686 slip=+0.0182 d=(-0.00263,0.07986) av=(0,0.085316,0)
in=(128,0,255,0) steer=+0.500 gnd=4.0 sp=1818.35 horiz=1818.19 velH=1.5658 bodyH=1.5473 slip=+0.0185 d=(-0.00098,0.08240) av=(0,0.0856699,0)
in=(128,0,255,0) steer=+0.500 gnd=4.0 sp=1871.36 horiz=1871.19 velH=1.5448 bodyH=1.5260 slip=+0.0189 d=(0.00077,0.08488) av=(0,0.0860226,0)
in=(128,0,255,0) steer=+0.500 gnd=4.0 sp=1923.80 horiz=1923.63 velH=1.5238 bodyH=1.5046 slip=+0.0192 d=(0.00263,0.08729) av=(0,0.0863709,0)
in=(128,0,255,0) steer=+0.500 gnd=4.0 sp=1975.66 horiz=1975.47 velH=1.5027 bodyH=1.4833 slip=+0.0194 d=(0.00458,0.08964) av=(0,0.086714,0)
in=(128,0,255,0) steer=+0.500 gnd=4.0 sp=2026.90 horiz=2026.70 velH=1.4816 bodyH=1.4620 slip=+0.0197 d=(0.00664,0.09191) av=(0,0.0870521,0)
in=(128,0,255,0) steer=+0.500 gnd=4.0 sp=2077.53 horiz=2077.32 velH=1.4606 bodyH=1.4406 slip=+0.0199 d=(0.00880,0.09411) av=(0,0.0873853,0)
in=(128,0,255,0) steer=+0.500 gnd=4.0 sp=2127.52 horiz=2127.30 velH=1.4395 bodyH=1.4193 slip=+0.0202 d=(0.01105,0.09623) av=(0,0.087714,0)
in=(128,0,255,0) steer=+0.500 gnd=4.0 sp=2176.86 horiz=2176.64 velH=1.4184 bodyH=1.3979 slip=+0.0204 d=(0.01339,0.09826) av=(0,0.0880384,0)
in=(128,0,255,0) steer=+0.500 gnd=4.0 sp=2225.55 horiz=2225.31 velH=1.3972 bodyH=1.3766 slip=+0.0206 d=(0.01581,0.10021) av=(0,0.0883587,0)
in=(128,0,255,0) steer=+0.500 gnd=4.0 sp=2273.56 horiz=2273.32 velH=1.3761 bodyH=1.3553 slip=+0.0208 d=(0.01832,0.10207) av=(0,0.0886749,0)
in=(128,0,255,0) steer=+0.500 gnd=4.0 sp=2320.90 horiz=2320.64 velH=1.3550 bodyH=1.3339 slip=+0.0210 d=(0.02091,0.10383) av=(0,0.0889871,0)
in=(128,0,255,0) steer=+0.500 gnd=4.0 sp=1219.07 horiz=1219.07 velH=1.8398 bodyH=1.8351 slip=+0.0047 d=(-0.01497,0.05237) av=(0,0.0803798,0)
in=(128,0,255,0) steer=+0.500 gnd=4.0 sp=1277.30 horiz=1277.28 velH=1.8253 bodyH=1.8175 slip=+0.0078 d=(-0.01503,0.05517) av=(0,0.0821879,0)
in=(128,0,255,0) steer=+0.500 gnd=4.0 sp=1335.14 horiz=1335.10 velH=1.8092 bodyH=1.7991 slip=+0.0100 d=(-0.01488,0.05799) av=(0,0.0833568,0)
in=(128,0,255,0) steer=+0.500 gnd=4.0 sp=1392.55 horiz=1392.50 velH=1.7918 bodyH=1.7800 slip=+0.0118 d=(-0.01455,0.06083) av=(0,0.0840223,0)
in=(128,0,255,0) steer=+0.500 gnd=4.0 sp=1449.52 horiz=1449.45 velH=1.7734 bodyH=1.7599 slip=+0.0134 d=(-0.01405,0.06367) av=(0,0.0843207,0)
in=(128,0,255,0) steer=+0.500 gnd=4.0 sp=1506.01 horiz=1505.92 velH=1.7540 bodyH=1.7391 slip=+0.0149 d=(-0.01339,0.06650) av=(0,0.0843485,0)
in=(128,0,255,0) steer=+0.500 gnd=4.0 sp=1562.01 horiz=1561.90 velH=1.7339 bodyH=1.7178 slip=+0.0161 d=(-0.01256,0.06932) av=(0,0.0843697,0)
in=(128,0,255,0) steer=+0.500 gnd=4.0 sp=1617.51 horiz=1617.39 velH=1.7133 bodyH=1.6964 slip=+0.0169 d=(-0.01156,0.07211) av=(0,0.0844679,0)
in=(128,0,255,0) steer=+0.500 gnd=4.0 sp=1672.51 horiz=1672.38 velH=1.6926 bodyH=1.6751 slip=+0.0175 d=(-0.01043,0.07488) av=(0,0.084735,0)
in=(128,0,255,0) steer=+0.500 gnd=4.0 sp=1726.99 horiz=1726.85 velH=1.6717 bodyH=1.6538 slip=+0.0179 d=(-0.00917,0.07760) av=(0,0.0850667,0)
in=(128,0,255,0) steer=+0.500 gnd=4.0 sp=1780.95 horiz=1780.79 velH=1.6507 bodyH=1.6324 slip=+0.0183 d=(-0.00780,0.08028) av=(0,0.0854192,0)
in=(128,0,255,0) steer=+0.500 gnd=4.0 sp=1834.35 horiz=1834.19 velH=1.6297 bodyH=1.6111 slip=+0.0186 d=(-0.00630,0.08292) av=(0,0.0857747,0)
in=(128,0,255,0) steer=+0.500 gnd=4.0 sp=1887.20 horiz=1887.03 velH=1.6087 bodyH=1.5898 slip=+0.0190 d=(-0.00469,0.08550) av=(0,0.086127,0)
in=(128,0,255,0) steer=+0.500 gnd=4.0 sp=1939.47 horiz=1939.28 velH=1.5877 bodyH=1.5684 slip=+0.0192 d=(-0.00298,0.08802) av=(0,0.0864742,0)
in=(128,0,255,0) steer=+0.500 gnd=4.0 sp=1991.14 horiz=1990.95 velH=1.5666 bodyH=1.5471 slip=+0.0195 d=(-0.00116,0.09047) av=(0,0.086816,0)
in=(128,0,255,0) steer=+0.500 gnd=4.0 sp=2042.20 horiz=2042.00 velH=1.5455 bodyH=1.5258 slip=+0.0198 d=(0.00077,0.09287) av=(0,0.0871527,0)
in=(128,0,255,0) steer=+0.500 gnd=4.0 sp=2092.63 horiz=2092.42 velH=1.5244 bodyH=1.5044 slip=+0.0200 d=(0.00279,0.09519) av=(0,0.0874846,0)
in=(128,0,255,0) steer=+0.500 gnd=4.0 sp=2142.43 horiz=2142.21 velH=1.5033 bodyH=1.4831 slip=+0.0202 d=(0.00492,0.09743) av=(0,0.087812,0)
in=(128,0,255,0) steer=+0.500 gnd=4.0 sp=2191.58 horiz=2191.35 velH=1.4822 bodyH=1.4617 slip=+0.0205 d=(0.00714,0.09960) av=(0,0.0881352,0)
in=(128,0,255,0) steer=+0.500 gnd=4.0 sp=2240.06 horiz=2239.82 velH=1.4611 bodyH=1.4404 slip=+0.0207 d=(0.00945,0.10169) av=(0,0.0884542,0)
in=(128,0,255,0) steer=+0.500 gnd=4.0 sp=2287.87 horiz=2287.63 velH=1.4400 bodyH=1.4191 slip=+0.0209 d=(0.01184,0.10369) av=(0,0.0887692,0)
in=(128,0,255,0) steer=+0.500 gnd=4.0 sp=2335.00 horiz=2334.75 velH=1.4188 bodyH=1.3977 slip=+0.0211 d=(0.01433,0.10561) av=(0,0.0890802,0)
in=(128,0,255,0) steer=+0.500 gnd=4.0 sp=2381.44 horiz=2381.18 velH=1.3977 bodyH=1.3764 slip=+0.0213 d=(0.01689,0.10743) av=(0,0.0893873,0)
in=(128,0,255,0) steer=+0.500 gnd=4.0 sp=2427.18 horiz=2426.91 velH=1.3766 bodyH=1.3551 slip=+0.0215 d=(0.01954,0.10916) av=(0,0.0896903,0)
in=(128,0,255,0) steer=+0.500 gnd=4.0 sp=2472.21 horiz=2471.93 velH=1.3554 bodyH=1.3337 slip=+0.0217 d=(0.02226,0.11079) av=(0,0.0899893,0)
in=(128,0,255,0) steer=+0.500 gnd=4.0 sp=2516.53 horiz=2516.24 velH=1.3342 bodyH=1.3124 slip=+0.0219 d=(0.02505,0.11233) av=(0,0.0902844,0)
in=(128,0,255,0) steer=+0.500 gnd=4.0 sp=2560.14 horiz=2559.84 velH=1.3131 bodyH=1.2910 slip=+0.0220 d=(0.02790,0.11376) av=(0,0.0905754,0)
in=(128,0,255,0) steer=+0.500 gnd=4.0 sp=2603.02 horiz=2602.71 velH=1.2919 bodyH=1.2697 slip=+0.0222 d=(0.03083,0.11509) av=(0,0.0908624,0)
in=(128,0,255,0) steer=+0.500 gnd=4.0 sp=1359.35 horiz=1359.33 velH=2.0333 bodyH=2.0270 slip=+0.0063 d=(-0.02775,0.05431) av=(0,0.0834503,0)
in=(128,0,255,0) steer=+0.500 gnd=4.0 sp=1416.72 horiz=1416.68 velH=2.0177 bodyH=2.0074 slip=+0.0102 d=(-0.02823,0.05707) av=(0,0.0839646,0)
in=(128,0,255,0) steer=+0.500 gnd=4.0 sp=1473.57 horiz=1473.51 velH=2.0000 bodyH=1.9871 slip=+0.0129 d=(-0.02845,0.05991) av=(0,0.08428,0)
in=(128,0,255,0) steer=+0.500 gnd=4.0 sp=1529.91 horiz=1529.82 velH=1.9808 bodyH=1.9659 slip=+0.0149 d=(-0.02845,0.06280) av=(0,0.0843048,0)
in=(128,0,255,0) steer=+0.500 gnd=4.0 sp=1585.72 horiz=1585.62 velH=1.9608 bodyH=1.9446 slip=+0.0162 d=(-0.02826,0.06573) av=(0,0.0843664,0)
in=(128,0,255,0) steer=+0.500 gnd=4.0 sp=1641.03 horiz=1640.90 velH=1.9403 bodyH=1.9233 slip=+0.0170 d=(-0.02790,0.06868) av=(0,0.0845305,0)
in=(128,0,255,0) steer=+0.500 gnd=4.0 sp=1695.81 horiz=1695.68 velH=1.9195 bodyH=1.9019 slip=+0.0176 d=(-0.02740,0.07163) av=(0,0.0848352,0)
in=(128,0,255,0) steer=+0.500 gnd=4.0 sp=1750.08 horiz=1749.93 velH=1.8986 bodyH=1.8806 slip=+0.0181 d=(-0.02676,0.07456) av=(0,0.0851879,0)
in=(128,0,255,0) steer=+0.500 gnd=4.0 sp=1803.80 horiz=1803.65 velH=1.8777 bodyH=1.8593 slip=+0.0184 d=(-0.02600,0.07748) av=(0,0.0855517,0)
in=(128,0,255,0) steer=+0.500 gnd=4.0 sp=1856.98 horiz=1856.81 velH=1.8567 bodyH=1.8379 slip=+0.0188 d=(-0.02511,0.08038) av=(0,0.085913,0)
in=(128,0,255,0) steer=+0.500 gnd=4.0 sp=1909.58 horiz=1909.40 velH=1.8357 bodyH=1.8166 slip=+0.0191 d=(-0.02410,0.08325) av=(0,0.0862679,0)
in=(128,0,255,0) steer=+0.500 gnd=4.0 sp=1961.59 horiz=1961.41 velH=1.8146 bodyH=1.7952 slip=+0.0194 d=(-0.02297,0.08609) av=(0,0.0866158,0)
in=(128,0,255,0) steer=+0.500 gnd=4.0 sp=2013.00 horiz=2012.81 velH=1.7935 bodyH=1.7739 slip=+0.0196 d=(-0.02173,0.08889) av=(0,0.0869573,0)
in=(128,0,255,0) steer=+0.500 gnd=4.0 sp=2063.80 horiz=2063.60 velH=1.7724 bodyH=1.7526 slip=+0.0199 d=(-0.02036,0.09164) av=(0,0.0872931,0)
in=(128,0,255,0) steer=+0.500 gnd=4.0 sp=2113.96 horiz=2113.75 velH=1.7513 bodyH=1.7312 slip=+0.0201 d=(-0.01889,0.09435) av=(0,0.0876238,0)
in=(128,0,255,0) steer=+0.500 gnd=4.0 sp=2163.49 horiz=2163.26 velH=1.7302 bodyH=1.7099 slip=+0.0203 d=(-0.01730,0.09701) av=(0,0.0879498,0)
in=(128,0,255,0) steer=+0.500 gnd=4.0 sp=2212.35 horiz=2212.12 velH=1.7091 bodyH=1.6886 slip=+0.0206 d=(-0.01561,0.09962) av=(0,0.0882715,0)
in=(128,0,255,0) steer=+0.500 gnd=4.0 sp=2260.55 horiz=2260.31 velH=1.6880 bodyH=1.6672 slip=+0.0208 d=(-0.01380,0.10216) av=(0,0.088589,0)
in=(128,0,255,0) steer=+0.500 gnd=4.0 sp=2308.07 horiz=2307.82 velH=1.6669 bodyH=1.6459 slip=+0.0210 d=(-0.01189,0.10464) av=(0,0.0889023,0)
in=(128,0,255,0) steer=+0.500 gnd=4.0 sp=2354.91 horiz=2354.65 velH=1.6457 bodyH=1.6245 slip=+0.0212 d=(-0.00988,0.10705) av=(0,0.0892117,0)
in=(128,0,255,0) steer=+0.500 gnd=4.0 sp=2401.05 horiz=2400.78 velH=1.6246 bodyH=1.6032 slip=+0.0214 d=(-0.00777,0.10939) av=(0,0.089517,0)
in=(128,0,255,0) steer=+0.500 gnd=4.0 sp=2446.48 horiz=2446.21 velH=1.6035 bodyH=1.5819 slip=+0.0216 d=(-0.00557,0.11166) av=(0,0.0898184,0)
in=(128,0,255,0) steer=+0.500 gnd=4.0 sp=2491.21 horiz=2490.93 velH=1.5823 bodyH=1.5605 slip=+0.0218 d=(-0.00326,0.11385) av=(0,0.0901157,0)
in=(128,0,255,0) steer=+0.500 gnd=4.0 sp=2535.23 horiz=2534.94 velH=1.5611 bodyH=1.5392 slip=+0.0219 d=(-0.00087,0.11596) av=(0,0.0904091,0)
in=(128,0,255,0) steer=+0.500 gnd=4.0 sp=2578.53 horiz=2578.22 velH=1.5400 bodyH=1.5179 slip=+0.0221 d=(0.00161,0.11798) av=(0,0.0906984,0)
in=(128,0,255,0) steer=+0.500 gnd=4.0 sp=2621.10 horiz=2620.79 velH=1.5188 bodyH=1.4965 slip=+0.0223 d=(0.00418,0.11992) av=(0,0.0909837,0)
in=(128,0,255,0) steer=+0.500 gnd=4.0 sp=2662.95 horiz=2662.63 velH=1.4976 bodyH=1.4752 slip=+0.0224 d=(0.00682,0.12176) av=(0,0.0912649,0)
in=(128,0,255,0) steer=+0.500 gnd=4.0 sp=2704.07 horiz=2703.74 velH=1.4764 bodyH=1.4539 slip=+0.0226 d=(0.00955,0.12352) av=(0,0.091542,0)
in=(128,0,255,0) steer=+0.500 gnd=4.0 sp=2744.46 horiz=2744.12 velH=1.4553 bodyH=1.4325 slip=+0.0227 d=(0.01235,0.12518) av=(0,0.091815,0)
in=(128,0,255,0) steer=+0.500 gnd=4.0 sp=2784.12 horiz=2783.78 velH=1.4341 bodyH=1.4112 slip=+0.0229 d=(0.01522,0.12674) av=(0,0.0920839,0)
in=(128,0,255,0) steer=+0.500 gnd=4.0 sp=2823.05 horiz=2822.70 velH=1.4129 bodyH=1.3898 slip=+0.0230 d=(0.01816,0.12820) av=(0,0.0923487,0)
in=(128,0,255,0) steer=+0.500 gnd=4.0 sp=2861.26 horiz=2860.89 velH=1.3917 bodyH=1.3685 slip=+0.0232 d=(0.02116,0.12956) av=(0,0.0926094,0)
in=(128,0,255,0) steer=+0.500 gnd=4.0 sp=2898.73 horiz=2898.36 velH=1.3705 bodyH=1.3472 slip=+0.0233 d=(0.02422,0.13081) av=(0,0.0928659,0)
in=(128,0,255,0) steer=+0.500 gnd=4.0 sp=2935.48 horiz=2935.10 velH=1.3493 bodyH=1.3258 slip=+0.0234 d=(0.02734,0.13196) av=(0,0.0931182,0)
in=(128,0,255,0) steer=+0.500 gnd=4.0 sp=2971.51 horiz=2971.12 velH=1.3281 bodyH=1.3045 slip=+0.0236 d=(0.03051,0.13300) av=(0,0.0933663,0)
in=(128,0,255,0) steer=+0.500 gnd=4.0 sp=3006.81 horiz=3006.42 velH=1.3069 bodyH=1.2832 slip=+0.0237 d=(0.03373,0.13394) av=(0,0.0936103,0)
in=(128,0,255,0) steer=+0.500 gnd=4.0 sp=3041.41 horiz=3041.00 velH=1.2856 bodyH=1.2618 slip=+0.0238 d=(0.03699,0.13476) av=(0,0.0938501,0)
in=(128,0,255,0) steer=+0.500 gnd=4.0 sp=3075.29 horiz=3074.88 velH=1.2644 bodyH=1.2405 slip=+0.0239 d=(0.04029,0.13547) av=(0,0.0940858,0)
in=(128,0,255,0) steer=+0.500 gnd=4.0 sp=3108.46 horiz=3108.05 velH=1.2432 bodyH=1.2192 slip=+0.0241 d=(0.04363,0.13608) av=(0,0.0943173,0)
in=(128,0,255,0) steer=+0.500 gnd=4.0 sp=3140.94 horiz=3140.51 velH=1.2220 bodyH=1.1978 slip=+0.0242 d=(0.04701,0.13657) av=(0,0.0945447,0)
in=(128,0,255,0) steer=+0.500 gnd=4.0 sp=3172.72 horiz=3172.29 velH=1.2008 bodyH=1.1765 slip=+0.0243 d=(0.05041,0.13694) av=(0,0.0947679,0)
in=(128,0,255,0) steer=+0.500 gnd=4.0 sp=3203.81 horiz=3203.37 velH=1.1795 bodyH=1.1551 slip=+0.0244 d=(0.05384,0.13720) av=(0,0.094987,0)
in=(128,0,255,0) steer=+0.500 gnd=4.0 sp=1657.65 horiz=1657.61 velH=-2.5501 bodyH=-2.5588 slip=+0.0087 d=(-0.06174,-0.04239) av=(0,0.0943614,0)
in=(128,0,255,0) steer=+0.500 gnd=4.0 sp=1712.67 horiz=1712.59 velH=-2.5668 bodyH=-2.5801 slip=+0.0133 d=(-0.06444,-0.04298) av=(0,0.0894037,0)
in=(128,0,255,0) steer=+0.500 gnd=4.0 sp=1767.00 horiz=1766.88 velH=-2.5856 bodyH=-2.6015 slip=+0.0158 d=(-0.06731,-0.04325) av=(0,0.0871296,0)
in=(128,0,255,0) steer=+0.500 gnd=4.0 sp=1820.68 horiz=1820.54 velH=-2.6055 bodyH=-2.6228 slip=+0.0173 d=(-0.07026,-0.04328) av=(0,0.0863579,0)
in=(128,0,255,0) steer=+0.500 gnd=4.0 sp=1873.75 horiz=1873.59 velH=-2.6259 bodyH=-2.6441 slip=+0.0182 d=(-0.07324,-0.04312) av=(0,0.0862485,0)
in=(128,0,255,0) steer=+0.500 gnd=4.0 sp=1926.20 horiz=1926.03 velH=-2.6467 bodyH=-2.6655 slip=+0.0188 d=(-0.07625,-0.04281) av=(0,0.0864213,0)
in=(128,0,255,0) steer=+0.500 gnd=4.0 sp=1978.05 horiz=1977.87 velH=-2.6676 bodyH=-2.6868 slip=+0.0193 d=(-0.07926,-0.04236) av=(0,0.0867075,0)
in=(128,0,255,0) steer=+0.500 gnd=4.0 sp=2029.28 horiz=2029.09 velH=-2.6886 bodyH=-2.7082 slip=+0.0196 d=(-0.08226,-0.04178) av=(0,0.0870343,0)
in=(128,0,255,0) steer=+0.500 gnd=4.0 sp=2079.88 horiz=2079.68 velH=-2.7096 bodyH=-2.7295 slip=+0.0199 d=(-0.08525,-0.04107) av=(0,0.0873715,0)
in=(128,0,255,0) steer=+0.500 gnd=4.0 sp=2129.85 horiz=2129.63 velH=-2.7307 bodyH=-2.7508 slip=+0.0202 d=(-0.08822,-0.04024) av=(0,0.0877076,0)
in=(128,0,255,0) steer=+0.500 gnd=4.0 sp=2179.16 horiz=2178.94 velH=-2.7518 bodyH=-2.7722 slip=+0.0204 d=(-0.09117,-0.03929) av=(0,0.0880386,0)
in=(128,0,255,0) steer=+0.500 gnd=4.0 sp=2227.82 horiz=2227.58 velH=-2.7729 bodyH=-2.7935 slip=+0.0206 d=(-0.09409,-0.03821) av=(0,0.0883639,0)
in=(128,0,255,0) steer=+0.500 gnd=4.0 sp=2275.80 horiz=2275.56 velH=-2.7940 bodyH=-2.8148 slip=+0.0208 d=(-0.09697,-0.03702) av=(0,0.0886835,0)
in=(128,0,255,0) steer=+0.500 gnd=4.0 sp=2323.11 horiz=2322.85 velH=-2.8151 bodyH=-2.8362 slip=+0.0211 d=(-0.09982,-0.03571) av=(0,0.0889978,0)
in=(128,0,255,0) steer=+0.500 gnd=4.0 sp=2369.72 horiz=2369.46 velH=-2.8363 bodyH=-2.8575 slip=+0.0213 d=(-0.10262,-0.03429) av=(0,0.0893074,0)
in=(128,0,255,0) steer=+0.500 gnd=4.0 sp=2415.64 horiz=2415.37 velH=-2.8574 bodyH=-2.8788 slip=+0.0214 d=(-0.10538,-0.03275) av=(0,0.0896123,0)
in=(128,0,255,0) steer=+0.500 gnd=4.0 sp=2460.85 horiz=2460.57 velH=-2.8786 bodyH=-2.9002 slip=+0.0216 d=(-0.10809,-0.03110) av=(0,0.089913,0)
in=(128,0,255,0) steer=+0.500 gnd=4.0 sp=2505.35 horiz=2505.06 velH=-2.8997 bodyH=-2.9215 slip=+0.0218 d=(-0.11074,-0.02935) av=(0,0.0902094,0)
in=(128,0,255,0) steer=+0.500 gnd=4.0 sp=2549.14 horiz=2548.84 velH=-2.9209 bodyH=-2.9429 slip=+0.0220 d=(-0.11333,-0.02748) av=(0,0.0905016,0)
in=(128,0,255,0) steer=+0.500 gnd=4.0 sp=2592.21 horiz=2591.90 velH=-2.9420 bodyH=-2.9642 slip=+0.0222 d=(-0.11586,-0.02551) av=(0,0.0907898,0)
in=(128,0,255,0) steer=+0.500 gnd=4.0 sp=2634.55 horiz=2634.23 velH=-2.9632 bodyH=-2.9855 slip=+0.0223 d=(-0.11832,-0.02344) av=(0,0.0910738,0)
in=(128,0,255,0) steer=+0.500 gnd=4.0 sp=2676.16 horiz=2675.84 velH=-2.9844 bodyH=-3.0069 slip=+0.0225 d=(-0.12072,-0.02127) av=(0,0.0913538,0)
in=(128,0,255,0) steer=+0.500 gnd=4.0 sp=2717.05 horiz=2716.72 velH=-3.0056 bodyH=-3.0282 slip=+0.0226 d=(-0.12304,-0.01900) av=(0,0.0916296,0)
in=(128,0,255,0) steer=+0.500 gnd=4.0 sp=2757.21 horiz=2756.87 velH=-3.0268 bodyH=-3.0495 slip=+0.0228 d=(-0.12528,-0.01664) av=(0,0.0919013,0)
in=(128,0,255,0) steer=+0.500 gnd=4.0 sp=2796.64 horiz=2796.29 velH=-3.0479 bodyH=-3.0709 slip=+0.0229 d=(-0.12745,-0.01419) av=(0,0.0921689,0)
in=(128,0,255,0) steer=+0.500 gnd=4.0 sp=2835.34 horiz=2834.98 velH=-3.0691 bodyH=-3.0922 slip=+0.0231 d=(-0.12953,-0.01165) av=(0,0.0924324,0)
in=(128,0,255,0) steer=+0.500 gnd=4.0 sp=2873.30 horiz=2872.94 velH=-3.0903 bodyH=-3.1136 slip=+0.0232 d=(-0.13153,-0.00902) av=(0,0.0926917,0)
in=(128,0,255,0) steer=+0.500 gnd=4.0 sp=2910.55 horiz=2910.17 velH=-3.1115 bodyH=-3.1349 slip=+0.0234 d=(-0.13344,-0.00632) av=(0,0.0929469,0)
in=(128,0,255,0) steer=+0.500 gnd=4.0 sp=2947.07 horiz=2946.68 velH=-3.1327 bodyH=3.1270 slip=+0.0235 d=(-0.13526,-0.00353) av=(0,0.0931979,0)
in=(128,0,255,0) steer=+0.500 gnd=4.0 sp=2982.86 horiz=2982.47 velH=3.1292 bodyH=3.1056 slip=+0.0236 d=(-0.13699,-0.00067) av=(0,0.0934447,0)
in=(128,0,255,0) steer=+0.500 gnd=4.0 sp=3017.94 horiz=3017.54 velH=3.1080 bodyH=3.0843 slip=+0.0237 d=(-0.13862,0.00226) av=(0,0.0936874,0)
in=(128,0,255,0) steer=+0.500 gnd=4.0 sp=3052.30 horiz=3051.90 velH=3.0868 bodyH=3.0629 slip=+0.0239 d=(-0.14016,0.00526) av=(0,0.0939259,0)
in=(128,0,255,0) steer=+0.500 gnd=4.0 sp=3085.96 horiz=3085.55 velH=3.0656 bodyH=3.0416 slip=+0.0240 d=(-0.14160,0.00832) av=(0,0.0941602,0)
in=(128,0,255,0) steer=+0.500 gnd=4.0 sp=3118.91 horiz=3118.49 velH=3.0444 bodyH=3.0203 slip=+0.0241 d=(-0.14294,0.01145) av=(0,0.0943904,0)
in=(128,0,255,0) steer=+0.500 gnd=4.0 sp=3151.17 horiz=3150.74 velH=3.0231 bodyH=2.9989 slip=+0.0242 d=(-0.14417,0.01463) av=(0,0.0946164,0)
in=(128,0,255,0) steer=+0.500 gnd=4.0 sp=3182.73 horiz=3182.29 velH=3.0019 bodyH=2.9776 slip=+0.0243 d=(-0.14530,0.01787) av=(0,0.0948383,0)
in=(128,0,255,0) steer=+0.500 gnd=4.0 sp=3213.60 horiz=3213.16 velH=2.9807 bodyH=2.9563 slip=+0.0244 d=(-0.14633,0.02116) av=(0,0.0950561,0)
in=(128,0,255,0) steer=+0.500 gnd=4.0 sp=3243.80 horiz=3243.35 velH=2.9594 bodyH=2.9349 slip=+0.0245 d=(-0.14725,0.02449) av=(0,0.0952697,0)
in=(128,0,255,0) steer=+0.500 gnd=4.0 sp=3273.33 horiz=3272.87 velH=2.9382 bodyH=2.9136 slip=+0.0246 d=(-0.14807,0.02787) av=(0,0.0954793,0)
in=(128,0,255,0) steer=+0.500 gnd=4.0 sp=3302.19 horiz=3301.73 velH=2.9170 bodyH=2.8923 slip=+0.0247 d=(-0.14877,0.03129) av=(0,0.0956848,0)
in=(128,0,255,0) steer=+0.500 gnd=4.0 sp=3330.39 horiz=3329.92 velH=2.8957 bodyH=2.8709 slip=+0.0248 d=(-0.14937,0.03474) av=(0,0.0958863,0)
in=(128,0,255,0) steer=+0.500 gnd=4.0 sp=3357.95 horiz=3357.48 velH=2.8745 bodyH=2.8496 slip=+0.0249 d=(-0.14986,0.03823) av=(0,0.0960838,0)
in=(128,0,255,0) steer=+0.500 gnd=4.0 sp=3384.87 horiz=3384.39 velH=2.8532 bodyH=2.8282 slip=+0.0250 d=(-0.15024,0.04174) av=(0,0.0962773,0)
in=(128,0,255,0) steer=+0.500 gnd=4.0 sp=3411.16 horiz=3410.68 velH=2.8320 bodyH=2.8069 slip=+0.0251 d=(-0.15050,0.04528) av=(0,0.0964668,0)
in=(128,0,255,0) steer=+0.500 gnd=4.0 sp=3436.83 horiz=3436.34 velH=2.8108 bodyH=2.7856 slip=+0.0252 d=(-0.15066,0.04884) av=(0,0.0966524,0)
in=(128,0,255,0) steer=+0.500 gnd=4.0 sp=3461.89 horiz=3461.39 velH=2.7895 bodyH=2.7642 slip=+0.0253 d=(-0.15070,0.05242) av=(0,0.0968342,0)
in=(128,0,255,0) steer=+0.500 gnd=4.0 sp=3486.34 horiz=3485.84 velH=2.7682 bodyH=2.7429 slip=+0.0253 d=(-0.15064,0.05601) av=(0,0.097012,0)
in=(128,0,255,0) steer=+0.500 gnd=4.0 sp=3510.21 horiz=3509.69 velH=2.7470 bodyH=2.7216 slip=+0.0254 d=(-0.15046,0.05962) av=(0,0.0971861,0)
in=(128,0,255,0) steer=+0.500 gnd=4.0 sp=3533.48 horiz=3532.97 velH=2.7257 bodyH=2.7002 slip=+0.0255 d=(-0.15017,0.06323) av=(0,0.0973564,0)
in=(128,0,255,0) steer=+0.500 gnd=4.0 sp=3556.19 horiz=3555.66 velH=2.7045 bodyH=2.6789 slip=+0.0256 d=(-0.14977,0.06684) av=(0,0.097523,0)
in=(128,0,255,0) steer=+0.500 gnd=4.0 sp=3578.33 horiz=3577.80 velH=2.6832 bodyH=2.6575 slip=+0.0257 d=(-0.14926,0.07046) av=(0,0.0976859,0)
in=(128,0,255,0) steer=+0.500 gnd=4.0 sp=3599.92 horiz=3599.38 velH=2.6619 bodyH=2.6362 slip=+0.0257 d=(-0.14864,0.07407) av=(0,0.0978451,0)
in=(128,0,255,0) steer=+0.500 gnd=4.0 sp=3620.96 horiz=3620.42 velH=2.6407 bodyH=2.6149 slip=+0.0258 d=(-0.14792,0.07767) av=(0,0.0980008,0)
in=(128,0,255,0) steer=+0.500 gnd=4.0 sp=3641.47 horiz=3640.92 velH=2.6194 bodyH=2.5935 slip=+0.0259 d=(-0.14708,0.08127) av=(0,0.0981529,0)
in=(128,0,255,0) steer=+0.500 gnd=4.0 sp=3661.45 horiz=3660.90 velH=2.5981 bodyH=2.5722 slip=+0.0259 d=(-0.14613,0.08485) av=(0,0.0983015,0)
in=(128,0,255,0) steer=+0.500 gnd=4.0 sp=3680.92 horiz=3680.37 velH=2.5769 bodyH=2.5509 slip=+0.0260 d=(-0.14508,0.08842) av=(0,0.0984467,0)
in=(128,0,255,0) steer=+0.500 gnd=4.0 sp=3699.89 horiz=3699.33 velH=2.5556 bodyH=2.5295 slip=+0.0261 d=(-0.14392,0.09197) av=(0,0.0985885,0)
in=(128,0,255,0) steer=+0.500 gnd=4.0 sp=3718.36 horiz=3717.80 velH=2.5343 bodyH=2.5082 slip=+0.0261 d=(-0.14266,0.09550) av=(0,0.0987269,0)
in=(128,0,255,0) steer=+0.500 gnd=4.0 sp=3736.35 horiz=3735.78 velH=2.5130 bodyH=2.4869 slip=+0.0262 d=(-0.14129,0.09900) av=(0,0.098862,0)
in=(128,0,255,0) steer=+0.500 gnd=4.0 sp=3753.87 horiz=3753.29 velH=2.4918 bodyH=2.4655 slip=+0.0262 d=(-0.13982,0.10247) av=(0,0.0989939,0)
in=(128,0,255,0) steer=+0.500 gnd=4.0 sp=3770.92 horiz=3770.34 velH=2.4705 bodyH=2.4442 slip=+0.0263 d=(-0.13825,0.10591) av=(0,0.0991226,0)
in=(128,0,255,0) steer=+0.500 gnd=4.0 sp=3787.52 horiz=3786.93 velH=2.4492 bodyH=2.4228 slip=+0.0264 d=(-0.13658,0.10932) av=(0,0.0992482,0)
in=(128,0,255,0) steer=+0.500 gnd=4.0 sp=3803.67 horiz=3803.08 velH=2.4279 bodyH=2.4015 slip=+0.0264 d=(-0.13481,0.11269) av=(0,0.0993706,0)
in=(128,0,255,0) steer=+0.500 gnd=4.0 sp=3819.39 horiz=3818.80 velH=2.4066 bodyH=2.3802 slip=+0.0265 d=(-0.13294,0.11602) av=(0,0.0994901,0)
in=(128,0,255,0) steer=+0.500 gnd=4.0 sp=3834.68 horiz=3834.09 velH=2.3854 bodyH=2.3588 slip=+0.0265 d=(-0.13098,0.11931) av=(0,0.0996066,0)
in=(128,0,255,0) steer=+0.500 gnd=4.0 sp=3849.56 horiz=3848.96 velH=2.3641 bodyH=2.3375 slip=+0.0266 d=(-0.12892,0.12256) av=(0,0.0997202,0)
in=(128,0,255,0) steer=+0.500 gnd=4.0 sp=3864.03 horiz=3863.43 velH=2.3428 bodyH=2.3162 slip=+0.0266 d=(-0.12677,0.12576) av=(0,0.0998308,0)
in=(128,0,255,0) steer=+0.500 gnd=4.0 sp=3878.11 horiz=3877.51 velH=2.3215 bodyH=2.2948 slip=+0.0267 d=(-0.12452,0.12891) av=(0,0.0999387,0)
in=(128,0,255,0) steer=+0.500 gnd=4.0 sp=3891.80 horiz=3891.19 velH=2.3002 bodyH=2.2735 slip=+0.0267 d=(-0.12219,0.13200) av=(0,0.100044,0)
in=(128,0,255,0) steer=+0.500 gnd=4.0 sp=3905.11 horiz=3904.50 velH=2.2789 bodyH=2.2521 slip=+0.0268 d=(-0.11977,0.13505) av=(0,0.100146,0)
in=(128,0,255,0) steer=+0.500 gnd=4.0 sp=3918.05 horiz=3917.44 velH=2.2576 bodyH=2.2308 slip=+0.0268 d=(-0.11726,0.13803) av=(0,0.100246,0)
in=(128,0,255,0) steer=+0.500 gnd=4.0 sp=3930.63 horiz=3930.01 velH=2.2363 bodyH=2.2095 slip=+0.0268 d=(-0.11467,0.14096) av=(0,0.100343,0)
in=(128,0,255,0) steer=+0.500 gnd=4.0 sp=3942.86 horiz=3942.24 velH=2.2150 bodyH=2.1881 slip=+0.0269 d=(-0.11200,0.14383) av=(0,0.100438,0)
in=(128,0,255,0) steer=+0.500 gnd=4.0 sp=3954.75 horiz=3954.12 velH=2.1937 bodyH=2.1668 slip=+0.0269 d=(-0.10925,0.14663) av=(0,0.10053,0)
in=(128,0,255,0) steer=+0.500 gnd=4.0 sp=3966.30 horiz=3965.67 velH=2.1724 bodyH=2.1455 slip=+0.0270 d=(-0.10642,0.14937) av=(0,0.10062,0)
in=(128,0,255,0) steer=+0.500 gnd=4.0 sp=3977.52 horiz=3976.89 velH=2.1511 bodyH=2.1241 slip=+0.0270 d=(-0.10352,0.15204) av=(0,0.100707,0)
in=(128,0,255,0) steer=+0.500 gnd=4.0 sp=3988.43 horiz=3987.79 velH=2.1298 bodyH=2.1028 slip=+0.0270 d=(-0.10054,0.15464) av=(0,0.100792,0)
in=(128,0,255,0) steer=+0.500 gnd=4.0 sp=3999.02 horiz=3998.39 velH=2.1085 bodyH=2.0815 slip=+0.0271 d=(-0.09748,0.15718) av=(0,0.100875,0)
in=(128,0,255,0) steer=+0.500 gnd=4.0 sp=4009.32 horiz=4008.68 velH=2.0872 bodyH=2.0601 slip=+0.0271 d=(-0.09436,0.15964) av=(0,0.100955,0)
in=(128,0,255,0) steer=+0.500 gnd=4.0 sp=4019.32 horiz=4018.67 velH=2.0659 bodyH=2.0388 slip=+0.0271 d=(-0.09117,0.16202) av=(0,0.101033,0)
in=(128,0,255,0) steer=+0.500 gnd=4.0 sp=4029.03 horiz=4028.38 velH=2.0446 bodyH=2.0174 slip=+0.0272 d=(-0.08792,0.16433) av=(0,0.101109,0)
in=(128,0,255,0) steer=+0.500 gnd=4.0 sp=4038.46 horiz=4037.81 velH=2.0233 bodyH=1.9961 slip=+0.0272 d=(-0.08460,0.16657) av=(0,0.101184,0)
in=(128,0,255,0) steer=+0.500 gnd=4.0 sp=4047.62 horiz=4046.97 velH=2.0020 bodyH=1.9748 slip=+0.0272 d=(-0.08122,0.16872) av=(0,0.101256,0)
in=(128,0,255,0) steer=+0.500 gnd=4.0 sp=4056.52 horiz=4055.86 velH=1.9807 bodyH=1.9534 slip=+0.0273 d=(-0.07778,0.17080) av=(0,0.101326,0)
in=(128,0,255,0) steer=+0.500 gnd=4.0 sp=4065.15 horiz=4064.50 velH=1.9594 bodyH=1.9321 slip=+0.0273 d=(-0.07429,0.17279) av=(0,0.101394,0)
in=(128,0,255,0) steer=+0.500 gnd=4.0 sp=4073.54 horiz=4072.88 velH=1.9381 bodyH=1.9108 slip=+0.0273 d=(-0.07074,0.17470) av=(0,0.10146,0)
in=(128,0,255,0) steer=+0.500 gnd=4.0 sp=4081.68 horiz=4081.02 velH=1.9168 bodyH=1.8894 slip=+0.0274 d=(-0.06714,0.17653) av=(0,0.101524,0)
in=(128,0,255,0) steer=+0.500 gnd=4.0 sp=4089.58 horiz=4088.92 velH=1.8955 bodyH=1.8681 slip=+0.0274 d=(-0.06349,0.17827) av=(0,0.101587,0)
in=(128,0,255,0) steer=+0.500 gnd=4.0 sp=4097.26 horiz=4096.59 velH=1.8742 bodyH=1.8467 slip=+0.0274 d=(-0.05979,0.17993) av=(0,0.101648,0)
in=(128,0,255,0) steer=+0.500 gnd=4.0 sp=4104.70 horiz=4104.04 velH=1.8528 bodyH=1.8254 slip=+0.0274 d=(-0.05604,0.18150) av=(0,0.101707,0)
in=(128,0,255,0) steer=+0.500 gnd=4.0 sp=4111.93 horiz=4111.26 velH=1.8315 bodyH=1.8041 slip=+0.0275 d=(-0.05226,0.18298) av=(0,0.101764,0)
in=(128,0,255,0) steer=+0.500 gnd=4.0 sp=4118.95 horiz=4118.28 velH=1.8102 bodyH=1.7827 slip=+0.0275 d=(-0.04843,0.18438) av=(0,0.10182,0)
in=(128,0,255,0) steer=+0.500 gnd=4.0 sp=4125.75 horiz=4125.08 velH=1.7889 bodyH=1.7614 slip=+0.0275 d=(-0.04457,0.18568) av=(0,0.101874,0)
in=(128,0,255,0) steer=+0.500 gnd=4.0 sp=4132.36 horiz=4131.69 velH=1.7676 bodyH=1.7401 slip=+0.0275 d=(-0.04066,0.18690) av=(0,0.101927,0)
in=(128,0,255,0) steer=+0.500 gnd=4.0 sp=4138.77 horiz=4138.09 velH=1.7463 bodyH=1.7187 slip=+0.0275 d=(-0.03673,0.18802) av=(0,0.101978,0)
in=(128,0,255,0) steer=+0.500 gnd=4.0 sp=4144.99 horiz=4144.31 velH=1.7250 bodyH=1.6974 slip=+0.0276 d=(-0.03276,0.18905) av=(0,0.102028,0)
in=(128,0,255,0) steer=+0.500 gnd=4.0 sp=4151.02 horiz=4150.35 velH=1.7036 bodyH=1.6761 slip=+0.0276 d=(-0.02877,0.18999) av=(0,0.102076,0)
in=(128,0,255,0) steer=+0.500 gnd=4.0 sp=4156.88 horiz=4156.20 velH=1.6823 bodyH=1.6547 slip=+0.0276 d=(-0.02475,0.19083) av=(0,0.102123,0)
in=(128,0,255,0) steer=+0.500 gnd=4.0 sp=4162.56 horiz=4161.88 velH=1.6610 bodyH=1.6334 slip=+0.0276 d=(-0.02071,0.19158) av=(0,0.102168,0)
in=(128,0,255,0) steer=+0.500 gnd=4.0 sp=4168.07 horiz=4167.39 velH=1.6397 bodyH=1.6120 slip=+0.0276 d=(-0.01664,0.19224) av=(0,0.102212,0)
in=(128,0,255,0) steer=+0.500 gnd=4.0 sp=4173.42 horiz=4172.73 velH=1.6184 bodyH=1.5907 slip=+0.0277 d=(-0.01256,0.19281) av=(0,0.102255,0)
in=(128,0,255,0) steer=+0.500 gnd=4.0 sp=4178.60 horiz=4177.91 velH=1.5971 bodyH=1.5694 slip=+0.0277 d=(-0.00845,0.19328) av=(0,0.102297,0)
in=(128,0,255,0) steer=+0.500 gnd=4.0 sp=4183.63 horiz=4182.94 velH=1.5757 bodyH=1.5480 slip=+0.0277 d=(-0.00434,0.19365) av=(0,0.102337,0)
in=(128,0,255,0) steer=+0.500 gnd=4.0 sp=4188.51 horiz=4187.82 velH=1.5544 bodyH=1.5267 slip=+0.0277 d=(-0.00021,0.19393) av=(0,0.102377,0)
in=(128,0,255,0) steer=+0.500 gnd=4.0 sp=4193.24 horiz=4192.55 velH=1.5331 bodyH=1.5054 slip=+0.0277 d=(0.00393,0.19411) av=(0,0.102415,0)
in=(128,0,255,0) steer=+0.500 gnd=4.0 sp=4197.83 horiz=4197.14 velH=1.5118 bodyH=1.4840 slip=+0.0277 d=(0.00808,0.19420) av=(0,0.102452,0)
in=(128,0,255,0) steer=+0.500 gnd=4.0 sp=4202.28 horiz=4201.58 velH=1.4904 bodyH=1.4627 slip=+0.0278 d=(0.01223,0.19420) av=(0,0.102488,0)
in=(128,0,255,0) steer=+0.500 gnd=4.0 sp=4206.59 horiz=4205.90 velH=1.4691 bodyH=1.4414 slip=+0.0278 d=(0.01638,0.19410) av=(0,0.102522,0)
in=(128,0,255,0) steer=+0.500 gnd=4.0 sp=4210.78 horiz=4210.08 velH=1.4478 bodyH=1.4200 slip=+0.0278 d=(0.02054,0.19390) av=(0,0.102556,0)
in=(128,0,255,0) steer=+0.500 gnd=4.0 sp=4214.83 horiz=4214.14 velH=1.4265 bodyH=1.3987 slip=+0.0278 d=(0.02469,0.19361) av=(0,0.102589,0)
in=(128,0,255,0) steer=+0.500 gnd=4.0 sp=4218.77 horiz=4218.07 velH=1.4052 bodyH=1.3773 slip=+0.0278 d=(0.02884,0.19322) av=(0,0.102621,0)
in=(128,0,255,0) steer=+0.500 gnd=4.0 sp=4222.58 horiz=4221.89 velH=1.3838 bodyH=1.3560 slip=+0.0278 d=(0.03299,0.19274) av=(0,0.102652,0)
in=(128,0,255,0) steer=+0.500 gnd=4.0 sp=4226.28 horiz=4225.59 velH=1.3625 bodyH=1.3347 slip=+0.0278 d=(0.03712,0.19217) av=(0,0.102682,0)
in=(128,0,255,0) steer=+0.500 gnd=4.0 sp=4229.87 horiz=4229.17 velH=1.3412 bodyH=1.3133 slip=+0.0279 d=(0.04125,0.19150) av=(0,0.102711,0)
in=(128,0,255,0) steer=+0.500 gnd=4.0 sp=4233.35 horiz=4232.65 velH=1.3199 bodyH=1.2920 slip=+0.0279 d=(0.04536,0.19074) av=(0,0.102739,0)
in=(128,0,255,0) steer=+0.500 gnd=4.0 sp=4236.72 horiz=4236.02 velH=1.2985 bodyH=1.2707 slip=+0.0279 d=(0.04946,0.18988) av=(0,0.102766,0)
in=(128,0,255,0) steer=+0.500 gnd=4.0 sp=4239.99 horiz=4239.28 velH=1.2772 bodyH=1.2493 slip=+0.0279 d=(0.05354,0.18893) av=(0,0.102793,0)
in=(128,0,255,0) steer=+0.500 gnd=4.0 sp=4243.16 horiz=4242.45 velH=1.2559 bodyH=1.2280 slip=+0.0279 d=(0.05760,0.18789) av=(0,0.102819,0)
in=(128,0,255,0) steer=+0.500 gnd=4.0 sp=4246.23 horiz=4245.52 velH=1.2346 bodyH=1.2066 slip=+0.0279 d=(0.06164,0.18676) av=(0,0.102844,0)
in=(128,0,255,0) steer=+0.500 gnd=4.0 sp=4249.20 horiz=4248.50 velH=1.2132 bodyH=1.1853 slip=+0.0279 d=(0.06565,0.18554) av=(0,0.102868,0)
in=(128,0,255,0) steer=+0.500 gnd=4.0 sp=4252.09 horiz=4251.39 velH=1.1919 bodyH=1.1640 slip=+0.0279 d=(0.06964,0.18422) av=(0,0.102891,0)
in=(128,0,255,0) steer=+0.500 gnd=4.0 sp=4254.89 horiz=4254.18 velH=1.1706 bodyH=1.1426 slip=+0.0279 d=(0.07360,0.18282) av=(0,0.102914,0)
in=(128,0,255,0) steer=+0.500 gnd=4.0 sp=4257.60 horiz=4256.89 velH=1.1493 bodyH=1.1213 slip=+0.0280 d=(0.07754,0.18132) av=(0,0.102936,0)
in=(128,0,255,0) steer=+0.500 gnd=4.0 sp=4260.23 horiz=4259.52 velH=1.1279 bodyH=1.1000 slip=+0.0280 d=(0.08144,0.17974) av=(0,0.102958,0)
in=(128,0,255,0) steer=+0.500 gnd=4.0 sp=4262.78 horiz=4262.07 velH=1.1066 bodyH=1.0786 slip=+0.0280 d=(0.08530,0.17807) av=(0,0.102978,0)
in=(128,0,255,0) steer=+0.500 gnd=4.0 sp=4265.25 horiz=4264.54 velH=1.0853 bodyH=1.0573 slip=+0.0280 d=(0.08914,0.17632) av=(0,0.102998,0)
in=(128,0,255,0) steer=+0.500 gnd=4.0 sp=4267.64 horiz=4266.93 velH=1.0639 bodyH=1.0360 slip=+0.0280 d=(0.09293,0.17448) av=(0,0.103018,0)
in=(128,0,255,0) steer=+0.500 gnd=4.0 sp=4269.96 horiz=4269.25 velH=1.0426 bodyH=1.0146 slip=+0.0280 d=(0.09668,0.17255) av=(0,0.103037,0)
in=(128,0,255,0) steer=+0.500 gnd=4.0 sp=4272.21 horiz=4271.50 velH=1.0213 bodyH=0.9933 slip=+0.0280 d=(0.10040,0.17054) av=(0,0.103055,0)
in=(128,0,255,0) steer=+0.500 gnd=4.0 sp=4274.39 horiz=4273.68 velH=1.0000 bodyH=0.9719 slip=+0.0280 d=(0.10406,0.16845) av=(0,0.103073,0)
in=(128,0,255,0) steer=+0.500 gnd=4.0 sp=4276.50 horiz=4275.79 velH=0.9786 bodyH=0.9506 slip=+0.0280 d=(0.10769,0.16628) av=(0,0.10309,0)
in=(128,0,255,0) steer=+0.500 gnd=4.0 sp=4278.55 horiz=4277.84 velH=0.9573 bodyH=0.9293 slip=+0.0280 d=(0.11126,0.16402) av=(0,0.103107,0)
in=(128,0,255,0) steer=+0.500 gnd=4.0 sp=4280.53 horiz=4279.82 velH=0.9360 bodyH=0.9079 slip=+0.0280 d=(0.11479,0.16169) av=(0,0.103123,0)
in=(128,0,255,0) steer=+0.500 gnd=4.0 sp=4282.46 horiz=4281.74 velH=0.9146 bodyH=0.8866 slip=+0.0280 d=(0.11827,0.15928) av=(0,0.103139,0)
in=(128,0,255,0) steer=+0.500 gnd=4.0 sp=4284.32 horiz=4283.60 velH=0.8933 bodyH=0.8653 slip=+0.0280 d=(0.12169,0.15679) av=(0,0.103154,0)
in=(128,0,255,0) steer=+0.500 gnd=4.0 sp=4286.12 horiz=4285.41 velH=0.8720 bodyH=0.8439 slip=+0.0280 d=(0.12506,0.15422) av=(0,0.103169,0)
in=(128,0,255,0) steer=+0.500 gnd=4.0 sp=4287.87 horiz=4287.16 velH=0.8506 bodyH=0.8226 slip=+0.0281 d=(0.12838,0.15159) av=(0,0.103183,0)
in=(128,0,255,0) steer=+0.500 gnd=4.0 sp=4289.57 horiz=4288.85 velH=0.8293 bodyH=0.8012 slip=+0.0281 d=(0.13163,0.14887) av=(0,0.103197,0)
in=(128,0,255,0) steer=+0.500 gnd=4.0 sp=4291.21 horiz=4290.50 velH=0.8080 bodyH=0.7799 slip=+0.0281 d=(0.13483,0.14609) av=(0,0.103211,0)
in=(128,0,255,0) steer=+0.500 gnd=4.0 sp=4292.80 horiz=4292.09 velH=0.7866 bodyH=0.7586 slip=+0.0281 d=(0.13797,0.14323) av=(0,0.103224,0)
in=(128,0,255,0) steer=+0.500 gnd=4.0 sp=4294.35 horiz=4293.63 velH=0.7653 bodyH=0.7372 slip=+0.0281 d=(0.14105,0.14031) av=(0,0.103236,0)
in=(128,0,255,0) steer=+0.500 gnd=4.0 sp=4295.84 horiz=4295.12 velH=0.7440 bodyH=0.7159 slip=+0.0281 d=(0.14406,0.13732) av=(0,0.103249,0)
in=(128,0,255,0) steer=+0.500 gnd=4.0 sp=4297.29 horiz=4296.57 velH=0.7227 bodyH=0.6946 slip=+0.0281 d=(0.14701,0.13426) av=(0,0.10326,0)
in=(128,0,255,0) steer=+0.500 gnd=4.0 sp=4298.69 horiz=4297.97 velH=0.7013 bodyH=0.6732 slip=+0.0281 d=(0.14989,0.13114) av=(0,0.103272,0)
in=(0,128,255,0) steer=-0.500 gnd=4.0 sp=4302.47 horiz=4302.45 velH=0.6988 bodyH=0.6946 slip=+0.0042 d=(0.15235,0.12841) av=(0,0.0262397,0)
in=(0,128,255,0) steer=-0.500 gnd=4.0 sp=4306.70 horiz=4306.62 velH=0.7068 bodyH=0.7159 slip=-0.0091 d=(0.15255,0.12849) av=(0,-0.0177755,0)
in=(0,128,255,0) steer=-0.500 gnd=4.0 sp=4310.07 horiz=4309.80 velH=0.7205 bodyH=0.7372 slip=-0.0168 d=(0.15151,0.13000) av=(0,-0.0430446,0)
in=(0,128,255,0) steer=-0.500 gnd=4.0 sp=4312.58 horiz=4312.16 velH=0.7373 bodyH=0.7586 slip=-0.0213 d=(0.14974,0.13225) av=(0,-0.0580587,0)
in=(0,128,255,0) steer=-0.500 gnd=4.0 sp=4314.47 horiz=4313.94 velH=0.7559 bodyH=0.7799 slip=-0.0240 d=(0.14752,0.13487) av=(0,-0.067107,0)
in=(0,128,255,0) steer=-0.500 gnd=4.0 sp=4315.94 horiz=4315.33 velH=0.7756 bodyH=0.8012 slip=-0.0256 d=(0.14501,0.13768) av=(0,-0.0726073,0)
in=(0,128,255,0) steer=-0.500 gnd=4.0 sp=4317.12 horiz=4316.47 velH=0.7960 bodyH=0.8226 slip=-0.0266 d=(0.14230,0.14057) av=(0,-0.0759685,0)
in=(0,128,255,0) steer=-0.500 gnd=4.0 sp=4318.12 horiz=4317.45 velH=0.8167 bodyH=0.8439 slip=-0.0272 d=(0.13943,0.14349) av=(0,-0.0780289,0)
in=(0,128,255,0) steer=-0.500 gnd=4.0 sp=4319.01 horiz=4318.31 velH=0.8377 bodyH=0.8653 slip=-0.0276 d=(0.13645,0.14638) av=(0,-0.0792945,0)
in=(0,128,255,0) steer=-0.500 gnd=4.0 sp=4319.81 horiz=4319.10 velH=0.8588 bodyH=0.8866 slip=-0.0278 d=(0.13337,0.14925) av=(0,-0.080073,0)
in=(0,128,255,0) steer=-0.500 gnd=4.0 sp=4320.55 horiz=4319.83 velH=0.8800 bodyH=0.9079 slip=-0.0279 d=(0.13021,0.15206) av=(0,-0.0805525,0)
in=(0,128,255,0) steer=-0.500 gnd=4.0 sp=4321.24 horiz=4320.53 velH=0.9013 bodyH=0.9293 slip=-0.0280 d=(0.12698,0.15481) av=(0,-0.0808483,0)
in=(0,128,255,0) steer=-0.500 gnd=4.0 sp=4321.91 horiz=4321.19 velH=0.9225 bodyH=0.9506 slip=-0.0281 d=(0.12368,0.15750) av=(0,-0.0810313,0)
in=(0,128,255,0) steer=-0.500 gnd=4.0 sp=4322.54 horiz=4321.82 velH=0.9438 bodyH=0.9719 slip=-0.0281 d=(0.12032,0.16012) av=(0,-0.0811449,0)
in=(0,128,255,0) steer=-0.500 gnd=4.0 sp=4323.15 horiz=4322.43 velH=0.9652 bodyH=0.9933 slip=-0.0281 d=(0.11689,0.16267) av=(0,-0.0812159,0)
in=(0,128,255,0) steer=-0.500 gnd=4.0 sp=4323.74 horiz=4323.01 velH=0.9865 bodyH=1.0146 slip=-0.0281 d=(0.11342,0.16515) av=(0,-0.0812608,0)
in=(0,128,255,0) steer=-0.500 gnd=4.0 sp=4324.30 horiz=4323.58 velH=1.0078 bodyH=1.0360 slip=-0.0281 d=(0.10988,0.16755) av=(0,-0.0812895,0)
in=(0,128,255,0) steer=-0.500 gnd=4.0 sp=4324.85 horiz=4324.13 velH=1.0291 bodyH=1.0573 slip=-0.0281 d=(0.10630,0.16988) av=(0,-0.0813083,0)
in=(0,128,255,0) steer=-0.500 gnd=4.0 sp=4325.38 horiz=4324.66 velH=1.0505 bodyH=1.0786 slip=-0.0281 d=(0.10266,0.17213) av=(0,-0.081321,0)
in=(0,128,255,0) steer=-0.500 gnd=4.0 sp=4325.90 horiz=4325.17 velH=1.0718 bodyH=1.1000 slip=-0.0281 d=(0.09898,0.17430) av=(0,-0.08133,0)
in=(0,128,255,0) steer=-0.500 gnd=4.0 sp=4326.40 horiz=4325.67 velH=1.0931 bodyH=1.1213 slip=-0.0282 d=(0.09525,0.17640) av=(0,-0.0813365,0)
in=(0,128,255,0) steer=-0.500 gnd=4.0 sp=4326.88 horiz=4326.15 velH=1.1145 bodyH=1.1426 slip=-0.0282 d=(0.09148,0.17841) av=(0,-0.0813416,0)
in=(0,128,255,0) steer=-0.500 gnd=4.0 sp=4327.35 horiz=4326.62 velH=1.1358 bodyH=1.1640 slip=-0.0282 d=(0.08766,0.18034) av=(0,-0.0813458,0)
in=(0,128,255,0) steer=-0.500 gnd=4.0 sp=4327.80 horiz=4327.07 velH=1.1572 bodyH=1.1853 slip=-0.0282 d=(0.08380,0.18219) av=(0,-0.0813494,0)
in=(0,128,255,0) steer=-0.500 gnd=4.0 sp=4328.24 horiz=4327.51 velH=1.1785 bodyH=1.2066 slip=-0.0282 d=(0.07990,0.18395) av=(0,-0.0813525,0)
in=(0,128,255,0) steer=-0.500 gnd=4.0 sp=4328.66 horiz=4327.93 velH=1.1998 bodyH=1.2280 slip=-0.0282 d=(0.07597,0.18564) av=(0,-0.0813554,0)
in=(0,128,255,0) steer=-0.500 gnd=4.0 sp=4329.07 horiz=4328.34 velH=1.2212 bodyH=1.2493 slip=-0.0282 d=(0.07200,0.18723) av=(0,-0.081358,0)
in=(0,128,255,0) steer=-0.500 gnd=4.0 sp=4329.47 horiz=4328.74 velH=1.2425 bodyH=1.2707 slip=-0.0282 d=(0.06799,0.18874) av=(0,-0.0813606,0)
in=(0,128,255,0) steer=-0.500 gnd=4.0 sp=4329.85 horiz=4329.13 velH=1.2638 bodyH=1.2920 slip=-0.0282 d=(0.06396,0.19017) av=(0,-0.081363,0)
in=(0,128,255,0) steer=-0.500 gnd=4.0 sp=4330.23 horiz=4329.50 velH=1.2852 bodyH=1.3133 slip=-0.0282 d=(0.05989,0.19151) av=(0,-0.0813653,0)
in=(0,128,255,0) steer=-0.500 gnd=4.0 sp=4330.59 horiz=4329.86 velH=1.3065 bodyH=1.3347 slip=-0.0282 d=(0.05580,0.19276) av=(0,-0.0813675,0)
in=(0,128,255,0) steer=-0.500 gnd=4.0 sp=4330.94 horiz=4330.21 velH=1.3278 bodyH=1.3560 slip=-0.0282 d=(0.05168,0.19392) av=(0,-0.0813697,0)
in=(0,128,255,0) steer=-0.500 gnd=4.0 sp=4331.28 horiz=4330.55 velH=1.3492 bodyH=1.3773 slip=-0.0282 d=(0.04753,0.19499) av=(0,-0.0813718,0)
in=(0,128,255,0) steer=-0.500 gnd=4.0 sp=4331.61 horiz=4330.88 velH=1.3705 bodyH=1.3987 slip=-0.0282 d=(0.04336,0.19598) av=(0,-0.0813738,0)
in=(0,128,255,0) steer=-0.500 gnd=4.0 sp=4331.93 horiz=4331.20 velH=1.3918 bodyH=1.4200 slip=-0.0282 d=(0.03918,0.19687) av=(0,-0.0813757,0)
in=(0,128,255,0) steer=-0.500 gnd=4.0 sp=4332.24 horiz=4331.51 velH=1.4132 bodyH=1.4414 slip=-0.0282 d=(0.03497,0.19768) av=(0,-0.0813776,0)
in=(0,128,255,0) steer=-0.500 gnd=4.0 sp=4332.54 horiz=4331.81 velH=1.4345 bodyH=1.4627 slip=-0.0282 d=(0.03075,0.19839) av=(0,-0.0813794,0)
in=(0,128,255,0) steer=-0.500 gnd=4.0 sp=4332.83 horiz=4332.10 velH=1.4558 bodyH=1.4840 slip=-0.0282 d=(0.02651,0.19902) av=(0,-0.0813811,0)
in=(0,128,255,0) steer=-0.500 gnd=4.0 sp=4333.11 horiz=4332.38 velH=1.4772 bodyH=1.5054 slip=-0.0282 d=(0.02226,0.19955) av=(0,-0.0813828,0)
in=(0,128,255,0) steer=-0.500 gnd=4.0 sp=4333.38 horiz=4332.65 velH=1.4985 bodyH=1.5267 slip=-0.0282 d=(0.01800,0.19999) av=(0,-0.0813845,0)
in=(0,128,255,0) steer=-0.500 gnd=4.0 sp=13.12 horiz=13.12 velH=1.5267 bodyH=1.5267 slip=+0.0000 d=(0.00001,0.00015) av=(0,7.25141e-09,0)
in=(0,128,255,0) steer=-0.500 gnd=4.0 sp=26.78 horiz=26.78 velH=1.5270 bodyH=1.5270 slip=+0.0000 d=(0.00003,0.00076) av=(0,1.95702e-07,0)
in=(0,128,255,0) steer=-0.500 gnd=4.0 sp=41.24 horiz=41.24 velH=1.5274 bodyH=1.5274 slip=+0.0000 d=(0.00006,0.00140) av=(0,1.2155e-06,0)
in=(0,128,255,0) steer=-0.500 gnd=4.0 sp=56.54 horiz=56.54 velH=1.5281 bodyH=1.5281 slip=+0.0000 d=(0.00009,0.00208) av=(0,4.47744e-06,0)
in=(0,128,255,0) steer=-0.500 gnd=4.0 sp=72.74 horiz=72.74 velH=1.5289 bodyH=1.5289 slip=+0.0000 d=(0.00012,0.00280) av=(0,1.24778e-05,0)
in=(0,128,255,0) steer=-0.500 gnd=4.0 sp=89.88 horiz=89.88 velH=1.5301 bodyH=1.5300 slip=+0.0001 d=(0.00015,0.00356) av=(0,2.91566e-05,0)
in=(0,128,255,0) steer=-0.500 gnd=4.0 sp=108.01 horiz=108.01 velH=1.5315 bodyH=1.5314 slip=+0.0001 d=(0.00017,0.00437) av=(0,6.0195e-05,0)
in=(0,128,255,0) steer=-0.500 gnd=4.0 sp=127.19 horiz=127.19 velH=1.5332 bodyH=1.5330 slip=+0.0002 d=(0.00020,0.00522) av=(0,0.000113031,0)
in=(0,128,255,0) steer=-0.500 gnd=4.0 sp=147.47 horiz=147.47 velH=1.5352 bodyH=1.5348 slip=+0.0004 d=(0.00022,0.00612) av=(0,0.000196139,0)
in=(0,128,255,0) steer=-0.500 gnd=4.0 sp=168.92 horiz=168.92 velH=1.5377 bodyH=1.5370 slip=+0.0007 d=(0.00024,0.00708) av=(0,0.000316697,0)
in=(0,128,255,0) steer=-0.500 gnd=4.0 sp=191.59 horiz=191.59 velH=1.5406 bodyH=1.5395 slip=+0.0011 d=(0.00026,0.00808) av=(0,0.000475025,0)
in=(0,128,255,0) steer=-0.500 gnd=4.0 sp=215.55 horiz=215.55 velH=1.5440 bodyH=1.5423 slip=+0.0017 d=(0.00026,0.00915) av=(0,0.000652785,0)
in=(0,128,255,0) steer=-0.500 gnd=4.0 sp=240.87 horiz=240.87 velH=1.5482 bodyH=1.5455 slip=+0.0027 d=(0.00026,0.01028) av=(0,0.000749503,0)
in=(0,128,255,0) steer=-0.500 gnd=4.0 sp=261.02 horiz=261.02 velH=1.5517 bodyH=1.5490 slip=+0.0028 d=(0.00024,0.01147) av=(0,0.000428397,0)
in=(0,128,255,0) steer=-0.500 gnd=4.0 sp=275.53 horiz=275.53 velH=1.5554 bodyH=1.5527 slip=+0.0026 d=(0.00022,0.01226) av=(0,0.000107527,0)
in=(0,128,255,0) steer=-0.500 gnd=4.0 sp=290.86 horiz=290.86 velH=1.5600 bodyH=1.5567 slip=+0.0033 d=(0.00018,0.01294) av=(0,-0.000191289,0)
in=(0,128,255,0) steer=-0.500 gnd=4.0 sp=307.06 horiz=307.06 velH=1.5655 bodyH=1.5609 slip=+0.0046 d=(0.00013,0.01366) av=(0,-0.000488682,0)
in=(0,128,255,0) steer=-0.500 gnd=4.0 sp=324.18 horiz=324.18 velH=1.5717 bodyH=1.5653 slip=+0.0064 d=(0.00005,0.01443) av=(0,-0.00078432,0)
in=(0,128,255,0) steer=-0.500 gnd=4.0 sp=342.27 horiz=342.27 velH=1.5760 bodyH=1.5700 slip=+0.0060 d=(-0.00004,0.01523) av=(0,-0.00279147,0)
in=(0,128,255,0) steer=-0.500 gnd=4.0 sp=361.38 horiz=361.38 velH=1.5801 bodyH=1.5749 slip=+0.0052 d=(-0.00011,0.01608) av=(0,-0.0055191,0)
in=(0,128,255,0) steer=-0.500 gnd=4.0 sp=381.56 horiz=381.55 velH=1.5848 bodyH=1.5802 slip=+0.0046 d=(-0.00018,0.01698) av=(0,-0.00758184,0)
in=(0,128,255,0) steer=-0.500 gnd=4.0 sp=402.86 horiz=402.85 velH=1.5898 bodyH=1.5857 slip=+0.0042 d=(-0.00028,0.01792) av=(0,-0.00922275,0)
in=(0,128,255,0) steer=-0.500 gnd=4.0 sp=425.34 horiz=425.34 velH=1.5953 bodyH=1.5915 slip=+0.0038 d=(-0.00039,0.01892) av=(0,-0.0106041,0)
in=(0,128,255,0) steer=-0.500 gnd=4.0 sp=449.08 horiz=449.07 velH=1.6010 bodyH=1.5976 slip=+0.0034 d=(-0.00052,0.01998) av=(0,-0.0132476,0)
in=(0,128,255,0) steer=-0.500 gnd=4.0 sp=474.13 horiz=474.13 velH=1.6071 bodyH=1.6041 slip=+0.0030 d=(-0.00067,0.02109) av=(0,-0.01632,0)
in=(0,128,255,0) steer=-0.500 gnd=4.0 sp=500.56 horiz=500.56 velH=1.6136 bodyH=1.6109 slip=+0.0026 d=(-0.00085,0.02226) av=(0,-0.0186239,0)
in=(0,128,255,0) steer=-0.500 gnd=4.0 sp=528.43 horiz=528.43 velH=1.6204 bodyH=1.6181 slip=+0.0022 d=(-0.00105,0.02349) av=(0,-0.0206723,0)
in=(0,128,255,0) steer=-0.500 gnd=4.0 sp=557.82 horiz=557.82 velH=1.6276 bodyH=1.6258 slip=+0.0018 d=(-0.00128,0.02479) av=(0,-0.0227055,0)
in=(0,128,255,0) steer=-0.500 gnd=4.0 sp=588.80 horiz=588.80 velH=1.6352 bodyH=1.6338 slip=+0.0014 d=(-0.00154,0.02616) av=(0,-0.0248328,0)
in=(0,128,255,0) steer=-0.500 gnd=4.0 sp=621.44 horiz=621.44 velH=1.6432 bodyH=1.6423 slip=+0.0009 d=(-0.00184,0.02760) av=(0,-0.0271035,0)
in=(0,128,255,0) steer=-0.500 gnd=4.0 sp=655.83 horiz=655.83 velH=1.6517 bodyH=1.6512 slip=+0.0004 d=(-0.00218,0.02911) av=(0,-0.0295412,0)
in=(0,128,255,0) steer=-0.500 gnd=4.0 sp=692.05 horiz=692.05 velH=1.6606 bodyH=1.6607 slip=-0.0001 d=(-0.00256,0.03070) av=(0,-0.0321593,0)
in=(0,128,255,0) steer=-0.500 gnd=4.0 sp=730.19 horiz=730.19 velH=1.6701 bodyH=1.6707 slip=-0.0006 d=(-0.00299,0.03237) av=(0,-0.0349677,0)
in=(0,128,255,0) steer=-0.500 gnd=4.0 sp=770.32 horiz=770.32 velH=1.6800 bodyH=1.6812 slip=-0.0012 d=(-0.00348,0.03412) av=(0,-0.0379755,0)
in=(0,128,255,0) steer=-0.500 gnd=4.0 sp=812.55 horiz=812.55 velH=1.6905 bodyH=1.6923 slip=-0.0018 d=(-0.00403,0.03596) av=(0,-0.0411924,0)
in=(0,128,255,0) steer=-0.500 gnd=4.0 sp=856.96 horiz=856.96 velH=1.7016 bodyH=1.7040 slip=-0.0025 d=(-0.00466,0.03788) av=(0,-0.0446289,0)
in=(0,128,255,0) steer=-0.500 gnd=4.0 sp=903.64 horiz=903.64 velH=1.7132 bodyH=1.7164 slip=-0.0031 d=(-0.00536,0.03989) av=(0,-0.0482959,0)
in=(0,128,255,0) steer=-0.500 gnd=4.0 sp=952.70 horiz=952.69 velH=1.7255 bodyH=1.7294 slip=-0.0039 d=(-0.00614,0.04199) av=(0,-0.052205,0)
in=(0,128,255,0) steer=-0.500 gnd=4.0 sp=1004.22 horiz=1004.21 velH=1.7385 bodyH=1.7431 slip=-0.0046 d=(-0.00703,0.04419) av=(0,-0.0563681,0)
in=(0,128,255,0) steer=-0.500 gnd=4.0 sp=1058.31 horiz=1058.30 velH=1.7522 bodyH=1.7576 slip=-0.0055 d=(-0.00801,0.04647) av=(0,-0.0606537,0)
in=(0,128,255,0) steer=-0.500 gnd=4.0 sp=1115.06 horiz=1115.05 velH=1.7666 bodyH=1.7729 slip=-0.0063 d=(-0.00912,0.04885) av=(0,-0.0634285,0)
in=(0,128,255,0) steer=-0.500 gnd=4.0 sp=1173.72 horiz=1173.71 velH=1.7817 bodyH=1.7889 slip=-0.0073 d=(-0.01036,0.05132) av=(0,-0.0650603,0)
in=(0,128,255,0) steer=-0.500 gnd=4.0 sp=1232.09 horiz=1232.07 velH=1.7973 bodyH=1.8058 slip=-0.0085 d=(-0.01171,0.05382) av=(0,-0.0660418,0)
in=(0,128,255,0) steer=-0.500 gnd=4.0 sp=1290.13 horiz=1290.09 velH=1.8138 bodyH=1.8236 slip=-0.0098 d=(-0.01317,0.05625) av=(0,-0.0666608,0)
in=(0,128,255,0) steer=-0.500 gnd=4.0 sp=1347.79 horiz=1347.75 velH=1.8310 bodyH=1.8421 slip=-0.0112 d=(-0.01476,0.05863) av=(0,-0.0670403,0)
in=(0,128,255,0) steer=-0.500 gnd=4.0 sp=1405.05 horiz=1405.00 velH=1.8490 bodyH=1.8615 slip=-0.0125 d=(-0.01646,0.06094) av=(0,-0.0672317,0)
in=(0,128,255,0) steer=-0.500 gnd=4.0 sp=1461.88 horiz=1461.80 velH=1.8678 bodyH=1.8817 slip=-0.0139 d=(-0.01830,0.06318) av=(0,-0.0672559,0)
in=(0,128,255,0) steer=-0.500 gnd=4.0 sp=1518.23 horiz=1518.14 velH=1.8875 bodyH=1.9027 slip=-0.0153 d=(-0.02028,0.06533) av=(0,-0.0671216,0)
in=(0,128,255,0) steer=-0.500 gnd=4.0 sp=1574.09 horiz=1573.98 velH=1.9077 bodyH=1.9240 slip=-0.0163 d=(-0.02238,0.06739) av=(0,-0.0669611,0)
in=(0,128,255,0) steer=-0.500 gnd=4.0 sp=1629.46 horiz=1629.34 velH=1.9284 bodyH=1.9454 slip=-0.0170 d=(-0.02461,0.06935) av=(0,-0.0669134,0)
in=(0,128,255,0) steer=-0.500 gnd=4.0 sp=1684.32 horiz=1684.19 velH=1.9492 bodyH=1.9667 slip=-0.0175 d=(-0.02695,0.07123) av=(0,-0.0670166,0)
in=(0,128,255,0) steer=-0.500 gnd=4.0 sp=1738.67 horiz=1738.52 velH=1.9701 bodyH=1.9880 slip=-0.0180 d=(-0.02937,0.07300) av=(0,-0.0672259,0)
in=(0,128,255,0) steer=-0.500 gnd=4.0 sp=1792.48 horiz=1792.33 velH=1.9910 bodyH=2.0094 slip=-0.0183 d=(-0.03188,0.07468) av=(0,-0.0674797,0)
in=(0,128,255,0) steer=-0.500 gnd=4.0 sp=1845.75 horiz=1845.58 velH=2.0121 bodyH=2.0307 slip=-0.0187 d=(-0.03446,0.07627) av=(0,-0.0677505,0)
in=(0,128,255,0) steer=-0.500 gnd=4.0 sp=1898.45 horiz=1898.27 velH=2.0331 bodyH=2.0521 slip=-0.0190 d=(-0.03711,0.07775) av=(0,-0.068026,0)
in=(0,128,255,0) steer=-0.500 gnd=4.0 sp=1950.56 horiz=1950.38 velH=2.0541 bodyH=2.0734 slip=-0.0193 d=(-0.03983,0.07912) av=(0,-0.068301,0)
in=(0,128,255,0) steer=-0.500 gnd=4.0 sp=2002.08 horiz=2001.89 velH=2.0752 bodyH=2.0947 slip=-0.0195 d=(-0.04262,0.08040) av=(0,-0.0685732,0)
in=(0,128,255,0) steer=-0.500 gnd=4.0 sp=2052.99 horiz=2052.79 velH=2.0963 bodyH=2.1161 slip=-0.0198 d=(-0.04546,0.08156) av=(0,-0.068842,0)
in=(0,128,255,0) steer=-0.500 gnd=4.0 sp=2103.27 horiz=2103.06 velH=2.1174 bodyH=2.1374 slip=-0.0200 d=(-0.04836,0.08261) av=(0,-0.069107,0)
in=(0,128,255,0) steer=-0.500 gnd=4.0 sp=2152.91 horiz=2152.69 velH=2.1385 bodyH=2.1587 slip=-0.0203 d=(-0.05130,0.08356) av=(0,-0.0693681,0)
in=(0,128,255,0) steer=-0.500 gnd=4.0 sp=2201.89 horiz=2201.66 velH=2.1596 bodyH=2.1801 slip=-0.0205 d=(-0.05429,0.08438) av=(0,-0.0696256,0)
in=(0,128,255,0) steer=-0.500 gnd=4.0 sp=2250.21 horiz=2249.98 velH=2.1807 bodyH=2.2014 slip=-0.0207 d=(-0.05733,0.08510) av=(0,-0.0698794,0)
in=(0,128,255,0) steer=-0.500 gnd=4.0 sp=2297.86 horiz=2297.61 velH=2.2018 bodyH=2.2228 slip=-0.0209 d=(-0.06040,0.08569) av=(0,-0.0701295,0)
in=(0,128,255,0) steer=-0.500 gnd=4.0 sp=2344.82 horiz=2344.57 velH=2.2230 bodyH=2.2441 slip=-0.0211 d=(-0.06350,0.08617) av=(0,-0.070376,0)
in=(0,128,255,0) steer=-0.500 gnd=4.0 sp=2391.09 horiz=2390.83 velH=2.2441 bodyH=2.2654 slip=-0.0213 d=(-0.06663,0.08652) av=(0,-0.0706189,0)
in=(0,128,255,0) steer=-0.500 gnd=4.0 sp=2436.67 horiz=2436.39 velH=2.2653 bodyH=2.2868 slip=-0.0215 d=(-0.06978,0.08676) av=(0,-0.0708582,0)
in=(0,128,255,0) steer=-0.500 gnd=4.0 sp=2481.53 horiz=2481.25 velH=2.2864 bodyH=2.3081 slip=-0.0217 d=(-0.07295,0.08688) av=(0,-0.0710939,0)
in=(0,128,255,0) steer=-0.500 gnd=4.0 sp=2525.68 horiz=2525.39 velH=2.3076 bodyH=2.3294 slip=-0.0219 d=(-0.07614,0.08687) av=(0,-0.0713261,0)
in=(0,128,255,0) steer=-0.500 gnd=4.0 sp=2569.11 horiz=2568.81 velH=2.3287 bodyH=2.3508 slip=-0.0220 d=(-0.07933,0.08675) av=(0,-0.0715547,0)
in=(0,128,255,0) steer=-0.500 gnd=4.0 sp=2611.83 horiz=2611.52 velH=2.3499 bodyH=2.3721 slip=-0.0222 d=(-0.08253,0.08650) av=(0,-0.0717798,0)
in=(0,128,255,0) steer=-0.500 gnd=4.0 sp=2653.81 horiz=2653.50 velH=2.3711 bodyH=2.3934 slip=-0.0224 d=(-0.08574,0.08613) av=(0,-0.0720013,0)
in=(0,128,255,0) steer=-0.500 gnd=4.0 sp=2695.07 horiz=2694.75 velH=2.3923 bodyH=2.4148 slip=-0.0225 d=(-0.08893,0.08564) av=(0,-0.0722193,0)
in=(0,128,255,0) steer=-0.500 gnd=4.0 sp=2735.61 horiz=2735.27 velH=2.4135 bodyH=2.4361 slip=-0.0227 d=(-0.09213,0.08503) av=(0,-0.0724337,0)
in=(0,128,255,0) steer=-0.500 gnd=4.0 sp=2775.41 horiz=2775.07 velH=2.4346 bodyH=2.4575 slip=-0.0228 d=(-0.09531,0.08430) av=(0,-0.0726447,0)
in=(0,128,255,0) steer=-0.500 gnd=4.0 sp=2814.48 horiz=2814.13 velH=2.4558 bodyH=2.4788 slip=-0.0230 d=(-0.09847,0.08345) av=(0,-0.072852,0)
in=(0,128,255,0) steer=-0.500 gnd=4.0 sp=2852.83 horiz=2852.47 velH=2.4770 bodyH=2.5001 slip=-0.0231 d=(-0.10162,0.08248) av=(0,-0.0730558,0)
in=(0,128,255,0) steer=-0.500 gnd=4.0 sp=2890.44 horiz=2890.07 velH=2.4982 bodyH=2.5215 slip=-0.0232 d=(-0.10474,0.08139) av=(0,-0.0732561,0)
in=(0,128,255,0) steer=-0.500 gnd=4.0 sp=2927.33 horiz=2926.96 velH=2.5194 bodyH=2.5428 slip=-0.0234 d=(-0.10783,0.08019) av=(0,-0.0734529,0)
in=(0,128,255,0) steer=-0.500 gnd=4.0 sp=2963.50 horiz=2963.12 velH=2.5406 bodyH=2.5641 slip=-0.0235 d=(-0.11089,0.07887) av=(0,-0.0736462,0)
in=(255,0,255,0) steer=+1.000 gnd=4.0 sp=2997.87 horiz=2997.82 velH=2.5304 bodyH=2.5216 slip=+0.0087 d=(-0.11350,0.07804) av=(0,0.0366439,0)
in=(255,0,255,0) steer=+1.000 gnd=4.0 sp=3030.26 horiz=3029.79 velH=2.5070 bodyH=2.4791 slip=+0.0279 d=(-0.11377,0.08042) av=(0,0.103607,0)
in=(255,0,255,0) steer=+1.000 gnd=4.0 sp=3059.84 horiz=3058.90 velH=2.4764 bodyH=2.4366 slip=+0.0398 d=(-0.11291,0.08408) av=(0,0.144289,0)
in=(255,0,255,0) steer=+1.000 gnd=4.0 sp=3086.98 horiz=3085.66 velH=2.4415 bodyH=2.3941 slip=+0.0474 d=(-0.11124,0.08842) av=(0,0.169537,0)
in=(255,0,255,0) steer=+1.000 gnd=4.0 sp=3112.19 horiz=3110.59 velH=2.4041 bodyH=2.3516 slip=+0.0525 d=(-0.10898,0.09309) av=(0,0.186596,0)
in=(255,0,255,0) steer=+1.000 gnd=4.0 sp=3135.88 horiz=3134.08 velH=2.3650 bodyH=2.3091 slip=+0.0559 d=(-0.10622,0.09791) av=(0,0.198185,0)
in=(255,0,255,0) steer=+1.000 gnd=4.0 sp=3158.36 horiz=3156.41 velH=2.3248 bodyH=2.2666 slip=+0.0582 d=(-0.10305,0.10277) av=(0,0.206172,0)
in=(255,0,255,0) steer=+1.000 gnd=4.0 sp=3179.85 horiz=3177.78 velH=2.2840 bodyH=2.2241 slip=+0.0599 d=(-0.09953,0.10759) av=(0,0.211782,0)
in=(255,0,255,0) steer=+1.000 gnd=4.0 sp=3200.48 horiz=3198.33 velH=2.2427 bodyH=2.1816 slip=+0.0611 d=(-0.09568,0.11231) av=(0,0.215817,0)
in=(255,0,255,0) steer=+1.000 gnd=4.0 sp=3220.37 horiz=3218.16 velH=2.2012 bodyH=2.1391 slip=+0.0620 d=(-0.09154,0.11691) av=(0,0.218801,0)
in=(255,0,255,0) steer=+1.000 gnd=4.0 sp=3239.60 horiz=3237.33 velH=2.1594 bodyH=2.0966 slip=+0.0628 d=(-0.08713,0.12136) av=(0,0.221081,0)
in=(255,0,255,0) steer=+1.000 gnd=4.0 sp=3258.22 horiz=3255.90 velH=2.1175 bodyH=2.0541 slip=+0.0634 d=(-0.08247,0.12563) av=(0,0.222886,0)
in=(255,0,255,0) steer=+1.000 gnd=4.0 sp=3276.26 horiz=3273.90 velH=2.0755 bodyH=2.0116 slip=+0.0639 d=(-0.07757,0.12971) av=(0,0.224367,0)
in=(255,0,255,0) steer=+1.000 gnd=4.0 sp=3293.77 horiz=3291.37 velH=2.0334 bodyH=1.9691 slip=+0.0643 d=(-0.07245,0.13359) av=(0,0.225627,0)
in=(255,0,255,0) steer=+1.000 gnd=4.0 sp=3310.75 horiz=3308.33 velH=1.9913 bodyH=1.9266 slip=+0.0647 d=(-0.06712,0.13724) av=(0,0.226732,0)
in=(255,0,255,0) steer=+1.000 gnd=4.0 sp=3327.24 horiz=3324.78 velH=1.9492 bodyH=1.8841 slip=+0.0651 d=(-0.06159,0.14066) av=(0,0.227727,0)
in=(255,0,255,0) steer=+1.000 gnd=4.0 sp=3343.25 horiz=3340.76 velH=1.9070 bodyH=1.8416 slip=+0.0654 d=(-0.05589,0.14383) av=(0,0.228644,0)
in=(255,0,255,0) steer=+1.000 gnd=4.0 sp=3358.79 horiz=3356.28 velH=1.8648 bodyH=1.7991 slip=+0.0657 d=(-0.05001,0.14676) av=(0,0.229503,0)
in=(255,0,255,0) steer=+1.000 gnd=4.0 sp=3373.88 horiz=3371.34 velH=1.8226 bodyH=1.7566 slip=+0.0660 d=(-0.04398,0.14942) av=(0,0.230317,0)
in=(255,0,255,0) steer=+1.000 gnd=4.0 sp=3388.53 horiz=3385.96 velH=1.7804 bodyH=1.7141 slip=+0.0663 d=(-0.03781,0.15181) av=(0,0.231095,0)
in=(255,0,255,0) steer=+1.000 gnd=4.0 sp=3402.75 horiz=3400.16 velH=1.7382 bodyH=1.6716 slip=+0.0666 d=(-0.03150,0.15393) av=(0,0.231845,0)
in=(255,0,255,0) steer=+1.000 gnd=4.0 sp=3416.55 horiz=3413.93 velH=1.6959 bodyH=1.6291 slip=+0.0669 d=(-0.02508,0.15577) av=(0,0.232571,0)
in=(255,0,255,0) steer=+1.000 gnd=4.0 sp=3429.94 horiz=3427.30 velH=1.6537 bodyH=1.5866 slip=+0.0671 d=(-0.01855,0.15732) av=(0,0.233276,0)
in=(255,0,255,0) steer=+1.000 gnd=4.0 sp=3442.93 horiz=3440.27 velH=1.6115 bodyH=1.5441 slip=+0.0674 d=(-0.01194,0.15858) av=(0,0.233961,0)
in=(255,0,255,0) steer=+1.000 gnd=4.0 sp=3455.54 horiz=3452.86 velH=1.5692 bodyH=1.5016 slip=+0.0676 d=(-0.00525,0.15954) av=(0,0.234628,0)
in=(255,0,255,0) steer=+1.000 gnd=4.0 sp=3467.77 horiz=3465.07 velH=1.5270 bodyH=1.4591 slip=+0.0679 d=(0.00150,0.16020) av=(0,0.235279,0)
in=(255,0,255,0) steer=+1.000 gnd=4.0 sp=3479.64 horiz=3476.91 velH=1.4847 bodyH=1.4166 slip=+0.0681 d=(0.00829,0.16055) av=(0,0.235914,0)
in=(255,0,255,0) steer=+1.000 gnd=4.0 sp=3491.14 horiz=3488.40 velH=1.4424 bodyH=1.3741 slip=+0.0683 d=(0.01512,0.16060) av=(0,0.236533,0)
in=(255,0,255,0) steer=+1.000 gnd=4.0 sp=3502.30 horiz=3499.53 velH=1.4001 bodyH=1.3316 slip=+0.0686 d=(0.02196,0.16034) av=(0,0.237138,0)
in=(255,0,255,0) steer=+1.000 gnd=4.0 sp=3513.11 horiz=3510.33 velH=1.3579 bodyH=1.2891 slip=+0.0688 d=(0.02881,0.15977) av=(0,0.237727,0)
in=(255,0,255,0) steer=+1.000 gnd=4.0 sp=3523.59 horiz=3520.79 velH=1.3156 bodyH=1.2466 slip=+0.0690 d=(0.03565,0.15890) av=(0,0.238303,0)
in=(255,0,255,0) steer=+1.000 gnd=4.0 sp=3533.76 horiz=3530.94 velH=1.2733 bodyH=1.2041 slip=+0.0692 d=(0.04246,0.15771) av=(0,0.238865,0)
in=(255,0,255,0) steer=+1.000 gnd=4.0 sp=3543.60 horiz=3540.76 velH=1.2310 bodyH=1.1616 slip=+0.0694 d=(0.04923,0.15622) av=(0,0.239413,0)
in=(255,0,255,0) steer=+1.000 gnd=4.0 sp=3553.15 horiz=3550.29 velH=1.1887 bodyH=1.1191 slip=+0.0696 d=(0.05594,0.15443) av=(0,0.239948,0)
in=(255,0,255,0) steer=+1.000 gnd=4.0 sp=3562.39 horiz=3559.52 velH=1.1464 bodyH=1.0766 slip=+0.0698 d=(0.06259,0.15233) av=(0,0.240469,0)
in=(255,0,255,0) steer=+1.000 gnd=4.0 sp=3571.35 horiz=3568.46 velH=1.1041 bodyH=1.0341 slip=+0.0700 d=(0.06915,0.14993) av=(0,0.240977,0)
in=(255,0,255,0) steer=+1.000 gnd=4.0 sp=3580.03 horiz=3577.12 velH=1.0617 bodyH=0.9916 slip=+0.0702 d=(0.07562,0.14724) av=(0,0.241472,0)
in=(255,0,255,0) steer=+1.000 gnd=4.0 sp=3588.43 horiz=3585.51 velH=1.0194 bodyH=0.9491 slip=+0.0704 d=(0.08198,0.14425) av=(0,0.241955,0)
in=(255,0,255,0) steer=+1.000 gnd=4.0 sp=3596.57 horiz=3593.63 velH=0.9771 bodyH=0.9066 slip=+0.0705 d=(0.08822,0.14098) av=(0,0.242426,0)
in=(255,0,255,0) steer=+1.000 gnd=4.0 sp=3604.45 horiz=3601.50 velH=0.9348 bodyH=0.8641 slip=+0.0707 d=(0.09431,0.13743) av=(0,0.242884,0)
in=(255,0,255,0) steer=+1.000 gnd=4.0 sp=3612.08 horiz=3609.12 velH=0.8924 bodyH=0.8216 slip=+0.0709 d=(0.10026,0.13361) av=(0,0.24333,0)
in=(255,0,255,0) steer=+1.000 gnd=4.0 sp=3619.47 horiz=3616.49 velH=0.8501 bodyH=0.7791 slip=+0.0710 d=(0.10605,0.12951) av=(0,0.243764,0)
in=(255,0,255,0) steer=+1.000 gnd=4.0 sp=3626.63 horiz=3623.63 velH=0.8077 bodyH=0.7366 slip=+0.0712 d=(0.11166,0.12516) av=(0,0.244187,0)
in=(255,0,255,0) steer=+1.000 gnd=4.0 sp=3633.55 horiz=3630.54 velH=0.7654 bodyH=0.6940 slip=+0.0713 d=(0.11709,0.12056) av=(0,0.244598,0)
in=(255,0,255,0) steer=+1.000 gnd=4.0 sp=3640.25 horiz=3637.22 velH=0.7230 bodyH=0.6515 slip=+0.0715 d=(0.12232,0.11571) av=(0,0.244998,0)
in=(255,0,255,0) steer=+1.000 gnd=4.0 sp=3646.73 horiz=3643.70 velH=0.6807 bodyH=0.6090 slip=+0.0716 d=(0.12734,0.11063) av=(0,0.245388,0)
in=(255,0,255,0) steer=+1.000 gnd=4.0 sp=3653.01 horiz=3649.96 velH=0.6383 bodyH=0.5665 slip=+0.0718 d=(0.13214,0.10532) av=(0,0.245766,0)
in=(255,0,255,0) steer=+1.000 gnd=4.0 sp=3659.08 horiz=3656.02 velH=0.5960 bodyH=0.5240 slip=+0.0719 d=(0.13672,0.09980) av=(0,0.246134,0)
in=(255,0,255,0) steer=+1.000 gnd=4.0 sp=3664.95 horiz=3661.88 velH=0.5536 bodyH=0.4815 slip=+0.0720 d=(0.14105,0.09408) av=(0,0.246492,0)
in=(255,0,255,0) steer=+1.000 gnd=4.0 sp=3670.64 horiz=3667.55 velH=0.5112 bodyH=0.4390 slip=+0.0722 d=(0.14514,0.08816) av=(0,0.24684,0)
in=(255,0,255,0) steer=+1.000 gnd=4.0 sp=3676.14 horiz=3673.04 velH=0.4688 bodyH=0.3965 slip=+0.0723 d=(0.14898,0.08206) av=(0,0.247178,0)
in=(255,0,255,0) steer=+1.000 gnd=4.0 sp=3681.45 horiz=3678.35 velH=0.4264 bodyH=0.3540 slip=+0.0724 d=(0.15254,0.07578) av=(0,0.247506,0)
in=(255,0,255,0) steer=+1.000 gnd=4.0 sp=3686.60 horiz=3683.48 velH=0.3841 bodyH=0.3115 slip=+0.0725 d=(0.15584,0.06935) av=(0,0.247825,0)
in=(255,0,255,0) steer=+1.000 gnd=4.0 sp=3691.57 horiz=3688.44 velH=0.3417 bodyH=0.2690 slip=+0.0726 d=(0.15886,0.06277) av=(0,0.248134,0)
in=(255,0,255,0) steer=+1.000 gnd=4.0 sp=3696.38 horiz=3693.24 velH=0.2993 bodyH=0.2265 slip=+0.0728 d=(0.16159,0.05606) av=(0,0.248435,0)
in=(255,0,255,0) steer=+1.000 gnd=4.0 sp=3701.03 horiz=3697.89 velH=0.2569 bodyH=0.1840 slip=+0.0729 d=(0.16403,0.04923) av=(0,0.248727,0)
in=(255,0,255,0) steer=+1.000 gnd=4.0 sp=3705.53 horiz=3702.38 velH=0.2145 bodyH=0.1415 slip=+0.0730 d=(0.16618,0.04228) av=(0,0.24901,0)
in=(255,0,255,0) steer=+1.000 gnd=4.0 sp=3709.88 horiz=3706.72 velH=0.1721 bodyH=0.0990 slip=+0.0731 d=(0.16802,0.03524) av=(0,0.249285,0)
in=(255,0,255,0) steer=+1.000 gnd=4.0 sp=3714.09 horiz=3710.91 velH=0.1297 bodyH=0.0565 slip=+0.0732 d=(0.16956,0.02812) av=(0,0.249551,0)
in=(255,0,255,0) steer=+1.000 gnd=4.0 sp=3718.15 horiz=3714.97 velH=0.0873 bodyH=0.0140 slip=+0.0733 d=(0.17080,0.02093) av=(0,0.24981,0)
in=(255,0,255,0) steer=+1.000 gnd=4.0 sp=3722.08 horiz=3718.89 velH=0.0449 bodyH=-0.0285 slip=+0.0734 d=(0.17172,0.01369) av=(0,0.250061,0)
in=(255,0,255,0) steer=+1.000 gnd=4.0 sp=3725.88 horiz=3722.68 velH=0.0025 bodyH=-0.0710 slip=+0.0734 d=(0.17232,0.00640) av=(0,0.250304,0)
in=(255,0,255,0) steer=+1.000 gnd=4.0 sp=3729.55 horiz=3726.35 velH=-0.0400 bodyH=-0.1135 slip=+0.0735 d=(0.17261,-0.00091) av=(0,0.25054,0)
in=(255,0,255,0) steer=+1.000 gnd=4.0 sp=3733.10 horiz=3729.89 velH=-0.0824 bodyH=-0.1560 slip=+0.0736 d=(0.17259,-0.00824) av=(0,0.250769,0)
in=(255,0,255,0) steer=+1.000 gnd=4.0 sp=3736.53 horiz=3733.31 velH=-0.1248 bodyH=-0.1985 slip=+0.0737 d=(0.17224,-0.01556) av=(0,0.250991,0)
in=(255,0,255,0) steer=+1.000 gnd=4.0 sp=3739.85 horiz=3736.62 velH=-0.1672 bodyH=-0.2410 slip=+0.0738 d=(0.17159,-0.02288) av=(0,0.251206,0)
in=(255,0,255,0) steer=+1.000 gnd=4.0 sp=3743.05 horiz=3739.82 velH=-0.2096 bodyH=-0.2835 slip=+0.0739 d=(0.17061,-0.03016) av=(0,0.251414,0)
in=(255,0,255,0) steer=+1.000 gnd=4.0 sp=3746.15 horiz=3742.90 velH=-0.2521 bodyH=-0.3260 slip=+0.0739 d=(0.16932,-0.03740) av=(0,0.251616,0)
in=(255,0,255,0) steer=+1.000 gnd=4.0 sp=1923.33 horiz=1923.16 velH=1.7834 bodyH=1.7641 slip=+0.0192 d=(-0.02006,0.08506) av=(0,0.224935,0)
in=(255,0,255,0) steer=+1.000 gnd=4.0 sp=1971.81 horiz=1971.40 velH=1.7519 bodyH=1.7216 slip=+0.0302 d=(-0.01840,0.08779) av=(0,0.203949,0)
in=(255,0,255,0) steer=+1.000 gnd=4.0 sp=2018.67 horiz=2018.06 velH=1.7159 bodyH=1.6791 slip=+0.0367 d=(-0.01593,0.09053) av=(0,0.193094,0)
in=(255,0,255,0) steer=+1.000 gnd=4.0 sp=2064.18 horiz=2063.43 velH=1.6774 bodyH=1.6366 slip=+0.0408 d=(-0.01291,0.09318) av=(0,0.186957,0)
in=(255,0,255,0) steer=+1.000 gnd=4.0 sp=2108.59 horiz=2107.73 velH=1.6375 bodyH=1.5941 slip=+0.0433 d=(-0.00950,0.09569) av=(0,0.1848,0)
in=(255,0,255,0) steer=+1.000 gnd=4.0 sp=2152.04 horiz=2151.09 velH=1.5967 bodyH=1.5516 slip=+0.0451 d=(-0.00578,0.09803) av=(0,0.184544,0)
in=(255,0,255,0) steer=+1.000 gnd=4.0 sp=2194.62 horiz=2193.61 velH=1.5555 bodyH=1.5091 slip=+0.0464 d=(-0.00181,0.10019) av=(0,0.185183,0)
in=(255,0,255,0) steer=+1.000 gnd=4.0 sp=2236.39 horiz=2235.32 velH=1.5140 bodyH=1.4666 slip=+0.0474 d=(0.00237,0.10214) av=(0,0.18623,0)
in=(255,0,255,0) steer=+1.000 gnd=4.0 sp=2277.38 horiz=2276.26 velH=1.4724 bodyH=1.4241 slip=+0.0482 d=(0.00673,0.10387) av=(0,0.187451,0)
in=(255,0,255,0) steer=+1.000 gnd=4.0 sp=2317.61 horiz=2316.44 velH=1.4306 bodyH=1.3816 slip=+0.0490 d=(0.01125,0.10538) av=(0,0.188738,0)
in=(255,0,255,0) steer=+1.000 gnd=4.0 sp=2357.09 horiz=2355.88 velH=1.3887 bodyH=1.3391 slip=+0.0496 d=(0.01592,0.10665) av=(0,0.19004,0)
in=(255,0,255,0) steer=+1.000 gnd=4.0 sp=2395.83 horiz=2394.58 velH=1.3469 bodyH=1.2966 slip=+0.0503 d=(0.02071,0.10768) av=(0,0.191336,0)
in=(255,0,255,0) steer=+1.000 gnd=4.0 sp=2433.83 horiz=2432.54 velH=1.3049 bodyH=1.2541 slip=+0.0508 d=(0.02561,0.10846) av=(0,0.192619,0)
in=(255,0,255,0) steer=+1.000 gnd=4.0 sp=2471.10 horiz=2469.76 velH=1.2630 bodyH=1.2116 slip=+0.0514 d=(0.03060,0.10897) av=(0,0.193886,0)
in=(255,0,255,0) steer=+1.000 gnd=4.0 sp=2507.63 horiz=2506.26 velH=1.2211 bodyH=1.1691 slip=+0.0520 d=(0.03568,0.10923) av=(0,0.195137,0)
in=(255,0,255,0) steer=+1.000 gnd=4.0 sp=2543.44 horiz=2542.02 velH=1.1791 bodyH=1.1266 slip=+0.0525 d=(0.04081,0.10921) av=(0,0.196374,0)
in=(255,0,255,0) steer=+1.000 gnd=4.0 sp=2578.52 horiz=2577.06 velH=1.1371 bodyH=1.0841 slip=+0.0530 d=(0.04600,0.10892) av=(0,0.197596,0)
in=(255,0,255,0) steer=+1.000 gnd=4.0 sp=1344.55 horiz=1344.50 velH=1.8892 bodyH=1.8764 slip=+0.0128 d=(-0.02000,0.05699) av=(0,0.175098,0)
in=(255,0,255,0) steer=+1.000 gnd=4.0 sp=1398.97 horiz=1398.82 velH=1.8588 bodyH=1.8379 slip=+0.0209 d=(-0.01933,0.05990) av=(0,0.169443,0)
in=(255,0,255,0) steer=+1.000 gnd=4.0 sp=1452.46 horiz=1452.21 velH=1.8245 bodyH=1.7978 slip=+0.0266 d=(-0.01816,0.06288) av=(0,0.168433,0)
in=(255,0,255,0) steer=+1.000 gnd=4.0 sp=1505.05 horiz=1504.71 velH=1.7873 bodyH=1.7563 slip=+0.0310 d=(-0.01656,0.06587) av=(0,0.167433,0)
in=(255,0,255,0) steer=+1.000 gnd=4.0 sp=1556.79 horiz=1556.35 velH=1.7481 bodyH=1.7138 slip=+0.0343 d=(-0.01458,0.06882) av=(0,0.168492,0)
in=(255,0,255,0) steer=+1.000 gnd=4.0 sp=1607.74 horiz=1607.24 velH=1.7078 bodyH=1.6713 slip=+0.0365 d=(-0.01226,0.07169) av=(0,0.168297,0)
in=(255,0,255,0) steer=+1.000 gnd=4.0 sp=1658.00 horiz=1657.44 velH=1.6669 bodyH=1.6288 slip=+0.0381 d=(-0.00966,0.07446) av=(0,0.169115,0)
in=(255,0,255,0) steer=+1.000 gnd=4.0 sp=1707.58 horiz=1706.97 velH=1.6257 bodyH=1.5863 slip=+0.0394 d=(-0.00680,0.07710) av=(0,0.170347,0)
in=(255,0,255,0) steer=+1.000 gnd=4.0 sp=1756.51 horiz=1755.85 velH=1.5842 bodyH=1.5438 slip=+0.0404 d=(-0.00372,0.07960) av=(0,0.171733,0)
in=(255,0,255,0) steer=+1.000 gnd=4.0 sp=1804.78 horiz=1804.08 velH=1.5426 bodyH=1.5013 slip=+0.0413 d=(-0.00043,0.08194) av=(0,0.173161,0)
in=(255,0,255,0) steer=+1.000 gnd=4.0 sp=1852.40 horiz=1851.66 velH=1.5009 bodyH=1.4588 slip=+0.0421 d=(0.00306,0.08412) av=(0,0.174589,0)
in=(255,0,255,0) steer=+1.000 gnd=4.0 sp=1899.35 horiz=1898.57 velH=1.4592 bodyH=1.4163 slip=+0.0429 d=(0.00673,0.08611) av=(0,0.176002,0)
in=(255,0,255,0) steer=+1.000 gnd=4.0 sp=1945.64 horiz=1944.81 velH=1.4174 bodyH=1.3738 slip=+0.0436 d=(0.01057,0.08791) av=(0,0.177396,0)
in=(255,0,255,0) steer=+1.000 gnd=4.0 sp=1991.24 horiz=1990.38 velH=1.3756 bodyH=1.3313 slip=+0.0443 d=(0.01458,0.08950) av=(0,0.178771,0)
in=(255,0,255,0) steer=+1.000 gnd=4.0 sp=2036.16 horiz=2035.26 velH=1.3338 bodyH=1.2888 slip=+0.0450 d=(0.01873,0.09087) av=(0,0.180131,0)
in=(255,0,255,0) steer=+1.000 gnd=4.0 sp=2080.38 horiz=2079.44 velH=1.2920 bodyH=1.2463 slip=+0.0457 d=(0.02301,0.09202) av=(0,0.181476,0)
in=(255,0,255,0) steer=+1.000 gnd=4.0 sp=2123.91 horiz=2122.92 velH=1.2501 bodyH=1.2038 slip=+0.0463 d=(0.02741,0.09293) av=(0,0.182809,0)
in=(255,0,255,0) steer=+1.000 gnd=4.0 sp=2166.72 horiz=2165.69 velH=1.2083 bodyH=1.1613 slip=+0.0470 d=(0.03192,0.09361) av=(0,0.184131,0)
in=(255,0,255,0) steer=+1.000 gnd=4.0 sp=2208.82 horiz=2207.75 velH=1.1664 bodyH=1.1188 slip=+0.0476 d=(0.03653,0.09403) av=(0,0.185442,0)
in=(255,0,255,0) steer=+1.000 gnd=4.0 sp=2250.20 horiz=2249.09 velH=1.1245 bodyH=1.0763 slip=+0.0482 d=(0.04121,0.09420) av=(0,0.186743,0)
in=(255,0,255,0) steer=+1.000 gnd=4.0 sp=2290.86 horiz=2289.71 velH=1.0826 bodyH=1.0338 slip=+0.0488 d=(0.04596,0.09410) av=(0,0.188034,0)
in=(255,0,255,0) steer=+1.000 gnd=4.0 sp=2330.79 horiz=2329.60 velH=1.0407 bodyH=0.9913 slip=+0.0494 d=(0.05075,0.09374) av=(0,0.189316,0)
in=(255,0,255,0) steer=+1.000 gnd=4.0 sp=2370.00 horiz=2368.77 velH=0.9987 bodyH=0.9488 slip=+0.0500 d=(0.05557,0.09312) av=(0,0.190588,0)
in=(255,0,255,0) steer=+1.000 gnd=4.0 sp=1240.94 horiz=1240.91 velH=2.1886 bodyH=2.1783 slip=+0.0103 d=(-0.03302,0.04469) av=(0,0.170866,0)
in=(255,0,255,0) steer=+1.000 gnd=4.0 sp=1296.21 horiz=1296.12 velH=2.1598 bodyH=2.1427 slip=+0.0171 d=(-0.03340,0.04761) av=(0,0.165738,0)
in=(255,0,255,0) steer=+1.000 gnd=4.0 sp=1350.76 horiz=1350.60 velH=2.1276 bodyH=2.1056 slip=+0.0220 d=(-0.03339,0.05070) av=(0,0.164525,0)
in=(255,0,255,0) steer=+1.000 gnd=4.0 sp=1404.59 horiz=1404.36 velH=2.0929 bodyH=2.0669 slip=+0.0260 d=(-0.03303,0.05391) av=(0,0.165356,0)
in=(255,0,255,0) steer=+1.000 gnd=4.0 sp=1457.67 horiz=1457.37 velH=2.0562 bodyH=2.0267 slip=+0.0295 d=(-0.03235,0.05719) av=(0,0.167293,0)
in=(255,0,255,0) steer=+1.000 gnd=4.0 sp=1509.99 horiz=1509.60 velH=2.0177 bodyH=1.9851 slip=+0.0327 d=(-0.03134,0.06052) av=(0,0.167494,0)
in=(255,0,255,0) steer=+1.000 gnd=4.0 sp=1561.53 horiz=1561.07 velH=1.9779 bodyH=1.9426 slip=+0.0353 d=(-0.02999,0.06388) av=(0,0.168938,0)
in=(255,0,255,0) steer=+1.000 gnd=4.0 sp=1612.35 horiz=1611.83 velH=1.9372 bodyH=1.9001 slip=+0.0371 d=(-0.02834,0.06722) av=(0,0.168777,0)
in=(255,0,255,0) steer=+1.000 gnd=4.0 sp=1662.50 horiz=1661.93 velH=1.8960 bodyH=1.8576 slip=+0.0385 d=(-0.02640,0.07051) av=(0,0.169529,0)
in=(255,0,255,0) steer=+1.000 gnd=4.0 sp=1712.00 horiz=1711.38 velH=1.8546 bodyH=1.8151 slip=+0.0396 d=(-0.02420,0.07374) av=(0,0.170682,0)
in=(255,0,255,0) steer=+1.000 gnd=4.0 sp=1760.85 horiz=1760.19 velH=1.8131 bodyH=1.7726 slip=+0.0405 d=(-0.02175,0.07687) av=(0,0.172001,0)
in=(255,0,255,0) steer=+1.000 gnd=4.0 sp=1809.06 horiz=1808.35 velH=1.7715 bodyH=1.7301 slip=+0.0414 d=(-0.01906,0.07990) av=(0,0.17338,0)
in=(255,0,255,0) steer=+1.000 gnd=4.0 sp=1856.61 horiz=1855.86 velH=1.7298 bodyH=1.6875 slip=+0.0422 d=(-0.01614,0.08281) av=(0,0.174773,0)
in=(255,0,255,0) steer=+1.000 gnd=4.0 sp=1903.50 horiz=1902.72 velH=1.6880 bodyH=1.6450 slip=+0.0430 d=(-0.01301,0.08558) av=(0,0.176163,0)
in=(255,0,255,0) steer=+1.000 gnd=4.0 sp=1949.72 horiz=1948.90 velH=1.6462 bodyH=1.6025 slip=+0.0437 d=(-0.00966,0.08820) av=(0,0.177541,0)
in=(255,0,255,0) steer=+1.000 gnd=4.0 sp=1995.27 horiz=1994.40 velH=1.6044 bodyH=1.5600 slip=+0.0444 d=(-0.00612,0.09066) av=(0,0.178907,0)
in=(255,0,255,0) steer=+1.000 gnd=4.0 sp=2040.12 horiz=2039.22 velH=1.5626 bodyH=1.5175 slip=+0.0451 d=(-0.00238,0.09293) av=(0,0.18026,0)
in=(255,0,255,0) steer=+1.000 gnd=4.0 sp=2084.28 horiz=2083.34 velH=1.5208 bodyH=1.4750 slip=+0.0457 d=(0.00154,0.09502) av=(0,0.181601,0)
in=(255,0,255,0) steer=+1.000 gnd=4.0 sp=2127.74 horiz=2126.75 velH=1.4789 bodyH=1.4325 slip=+0.0464 d=(0.00563,0.09691) av=(0,0.18293,0)
in=(255,0,255,0) steer=+1.000 gnd=4.0 sp=2170.49 horiz=2169.46 velH=1.4371 bodyH=1.3900 slip=+0.0470 d=(0.00988,0.09858) av=(0,0.18425,0)
in=(255,0,255,0) steer=+1.000 gnd=4.0 sp=2212.53 horiz=2211.46 velH=1.3952 bodyH=1.3475 slip=+0.0476 d=(0.01427,0.10003) av=(0,0.185559,0)
in=(255,0,255,0) steer=+1.000 gnd=4.0 sp=2253.85 horiz=2252.73 velH=1.3533 bodyH=1.3050 slip=+0.0483 d=(0.01880,0.10126) av=(0,0.186859,0)
in=(255,0,255,0) steer=+1.000 gnd=4.0 sp=2294.44 horiz=2293.29 velH=1.3114 bodyH=1.2625 slip=+0.0488 d=(0.02345,0.10224) av=(0,0.188149,0)
in=(255,0,255,0) steer=+1.000 gnd=4.0 sp=2334.31 horiz=2333.11 velH=1.2695 bodyH=1.2200 slip=+0.0494 d=(0.02821,0.10297) av=(0,0.189429,0)
in=(255,0,255,0) steer=+1.000 gnd=4.0 sp=2373.45 horiz=2372.22 velH=1.2275 bodyH=1.1775 slip=+0.0500 d=(0.03306,0.10345) av=(0,0.190701,0)
in=(255,0,255,0) steer=+1.000 gnd=4.0 sp=2411.86 horiz=2410.59 velH=1.1856 bodyH=1.1350 slip=+0.0506 d=(0.03798,0.10367) av=(0,0.191962,0)
in=(255,0,255,0) steer=+1.000 gnd=4.0 sp=2449.54 horiz=2448.23 velH=1.1436 bodyH=1.0925 slip=+0.0511 d=(0.04297,0.10362) av=(0,0.193214,0)
in=(255,0,255,0) steer=+1.000 gnd=4.0 sp=2486.50 horiz=2485.14 velH=1.1017 bodyH=1.0500 slip=+0.0517 d=(0.04801,0.10330) av=(0,0.194455,0)
in=(255,0,255,0) steer=+1.000 gnd=4.0 sp=2522.72 horiz=2521.33 velH=1.0597 bodyH=1.0075 slip=+0.0522 d=(0.05308,0.10271) av=(0,0.195687,0)
in=(255,0,255,0) steer=+1.000 gnd=4.0 sp=2558.22 horiz=2556.79 velH=1.0177 bodyH=0.9650 slip=+0.0527 d=(0.05817,0.10184) av=(0,0.196908,0)
in=(255,0,255,0) steer=+1.000 gnd=4.0 sp=2592.99 horiz=2591.52 velH=0.9757 bodyH=0.9225 slip=+0.0532 d=(0.06326,0.10070) av=(0,0.198118,0)
in=(255,0,255,0) steer=+1.000 gnd=4.0 sp=2627.05 horiz=2625.53 velH=0.9338 bodyH=0.8800 slip=+0.0537 d=(0.06834,0.09927) av=(0,0.199317,0)
in=(255,0,255,0) steer=+1.000 gnd=4.0 sp=2660.38 horiz=2658.83 velH=0.8917 bodyH=0.8375 slip=+0.0542 d=(0.07339,0.09757) av=(0,0.200506,0)
in=(255,0,255,0) steer=+1.000 gnd=4.0 sp=2693.00 horiz=2691.41 velH=0.8497 bodyH=0.7950 slip=+0.0547 d=(0.07840,0.09559) av=(0,0.201682,0)
in=(255,0,255,0) steer=+1.000 gnd=4.0 sp=2724.91 horiz=2723.28 velH=0.8077 bodyH=0.7525 slip=+0.0552 d=(0.08334,0.09333) av=(0,0.202847,0)
in=(255,0,255,0) steer=+1.000 gnd=4.0 sp=1417.26 horiz=1417.19 velH=-2.5442 bodyH=-2.5587 slip=+0.0146 d=(-0.05202,-0.03690) av=(0,0.193323,0)
in=(255,0,255,0) steer=+1.000 gnd=4.0 sp=1470.99 horiz=1470.79 velH=-2.5757 bodyH=-2.5993 slip=+0.0236 d=(-0.05506,-0.03695) av=(0,0.180312,0)
in=(255,0,255,0) steer=+1.000 gnd=4.0 sp=1523.64 horiz=1523.32 velH=-2.6115 bodyH=-2.6413 slip=+0.0298 d=(-0.05832,-0.03647) av=(0,0.175817,0)
in=(255,0,255,0) steer=+1.000 gnd=4.0 sp=1575.31 horiz=1574.89 velH=-2.6500 bodyH=-2.6838 slip=+0.0338 d=(-0.06171,-0.03553) av=(0,0.172965,0)
in=(255,0,255,0) steer=+1.000 gnd=4.0 sp=1626.15 horiz=1625.64 velH=-2.6900 bodyH=-2.7263 slip=+0.0364 d=(-0.06515,-0.03422) av=(0,0.170803,0)
in=(255,0,255,0) steer=+1.000 gnd=4.0 sp=1676.23 horiz=1675.67 velH=-2.7307 bodyH=-2.7688 slip=+0.0382 d=(-0.06858,-0.03259) av=(0,0.17063,0)
in=(255,0,255,0) steer=+1.000 gnd=4.0 sp=1725.62 horiz=1725.00 velH=-2.7719 bodyH=-2.8114 slip=+0.0395 d=(-0.07198,-0.03067) av=(0,0.17136,0)
in=(255,0,255,0) steer=+1.000 gnd=4.0 sp=1774.34 horiz=1773.67 velH=-2.8133 bodyH=-2.8539 slip=+0.0406 d=(-0.07531,-0.02849) av=(0,0.172492,0)
in=(255,0,255,0) steer=+1.000 gnd=4.0 sp=1822.39 horiz=1821.67 velH=-2.8548 bodyH=-2.8964 slip=+0.0415 d=(-0.07856,-0.02605) av=(0,0.173792,0)
in=(255,0,255,0) steer=+1.000 gnd=4.0 sp=1869.77 horiz=1869.01 velH=-2.8965 bodyH=-2.9389 slip=+0.0424 d=(-0.08171,-0.02338) av=(0,0.175154,0)
in=(255,0,255,0) steer=+1.000 gnd=4.0 sp=1916.48 horiz=1915.69 velH=-2.9382 bodyH=-2.9814 slip=+0.0431 d=(-0.08474,-0.02047) av=(0,0.176533,0)
in=(255,0,255,0) steer=+1.000 gnd=4.0 sp=1962.52 horiz=1961.68 velH=-2.9800 bodyH=-3.0239 slip=+0.0439 d=(-0.08763,-0.01733) av=(0,0.177908,0)
in=(255,0,255,0) steer=+1.000 gnd=4.0 sp=2007.88 horiz=2007.00 velH=-3.0218 bodyH=-3.0664 slip=+0.0446 d=(-0.09038,-0.01399) av=(0,0.179273,0)
in=(255,0,255,0) steer=+1.000 gnd=4.0 sp=2052.54 horiz=2051.62 velH=-3.0636 bodyH=-3.1089 slip=+0.0453 d=(-0.09296,-0.01043) av=(0,0.180626,0)
in=(255,0,255,0) steer=+1.000 gnd=4.0 sp=2096.51 horiz=2095.55 velH=-3.1054 bodyH=3.1318 slip=+0.0459 d=(-0.09537,-0.00668) av=(0,0.181967,0)
in=(255,0,255,0) steer=+1.000 gnd=4.0 sp=2139.77 horiz=2138.77 velH=3.1359 bodyH=3.0893 slip=+0.0466 d=(-0.09760,-0.00275) av=(0,0.183296,0)
in=(255,0,255,0) steer=+1.000 gnd=4.0 sp=2182.32 horiz=2181.28 velH=3.0940 bodyH=3.0468 slip=+0.0472 d=(-0.09962,0.00137) av=(0,0.184614,0)
in=(255,0,255,0) steer=+1.000 gnd=4.0 sp=2224.16 horiz=2223.07 velH=3.0521 bodyH=3.0043 slip=+0.0478 d=(-0.10144,0.00564) av=(0,0.185921,0)
in=(255,0,255,0) steer=+1.000 gnd=4.0 sp=2265.27 horiz=2264.15 velH=3.0102 bodyH=2.9618 slip=+0.0484 d=(-0.10303,0.01007) av=(0,0.187219,0)
in=(255,0,255,0) steer=+1.000 gnd=4.0 sp=2305.66 horiz=2304.50 velH=2.9683 bodyH=2.9193 slip=+0.0490 d=(-0.10440,0.01464) av=(0,0.188507,0)
in=(255,0,255,0) steer=+1.000 gnd=4.0 sp=2345.33 horiz=2344.12 velH=2.9264 bodyH=2.8768 slip=+0.0496 d=(-0.10552,0.01934) av=(0,0.189785,0)
in=(255,0,255,0) steer=+1.000 gnd=4.0 sp=2384.27 horiz=2383.02 velH=2.8845 bodyH=2.8343 slip=+0.0502 d=(-0.10640,0.02415) av=(0,0.191054,0)
in=(255,0,255,0) steer=+1.000 gnd=4.0 sp=2422.47 horiz=2421.19 velH=2.8425 bodyH=2.7918 slip=+0.0507 d=(-0.10703,0.02905) av=(0,0.192313,0)
in=(255,0,255,0) steer=+1.000 gnd=4.0 sp=2459.95 horiz=2458.63 velH=2.8006 bodyH=2.7493 slip=+0.0513 d=(-0.10740,0.03405) av=(0,0.193562,0)
in=(255,0,255,0) steer=+1.000 gnd=4.0 sp=2496.70 horiz=2495.34 velH=2.7586 bodyH=2.7068 slip=+0.0518 d=(-0.10750,0.03911) av=(0,0.194801,0)
in=(255,0,255,0) steer=+1.000 gnd=4.0 sp=2532.72 horiz=2531.32 velH=2.7166 bodyH=2.6643 slip=+0.0523 d=(-0.10733,0.04423) av=(0,0.196029,0)
in=(255,0,255,0) steer=+1.000 gnd=4.0 sp=2568.02 horiz=2566.57 velH=2.6747 bodyH=2.6218 slip=+0.0529 d=(-0.10689,0.04939) av=(0,0.197247,0)
in=(255,0,255,0) steer=+1.000 gnd=4.0 sp=2602.59 horiz=2601.11 velH=2.6327 bodyH=2.5793 slip=+0.0534 d=(-0.10617,0.05457) av=(0,0.198455,0)
in=(255,0,255,0) steer=+1.000 gnd=4.0 sp=2636.44 horiz=2634.92 velH=2.5907 bodyH=2.5368 slip=+0.0539 d=(-0.10517,0.05977) av=(0,0.199651,0)
in=(255,0,255,0) steer=+1.000 gnd=4.0 sp=2669.58 horiz=2668.01 velH=2.5487 bodyH=2.4943 slip=+0.0544 d=(-0.10389,0.06496) av=(0,0.200836,0)
in=(255,0,255,0) steer=+1.000 gnd=4.0 sp=2702.00 horiz=2700.40 velH=2.5067 bodyH=2.4518 slip=+0.0549 d=(-0.10233,0.07012) av=(0,0.202009,0)
in=(255,0,255,0) steer=+1.000 gnd=4.0 sp=2733.71 horiz=2732.07 velH=2.4646 bodyH=2.4093 slip=+0.0553 d=(-0.10049,0.07526) av=(0,0.203171,0)
in=(255,0,255,0) steer=+1.000 gnd=4.0 sp=2764.72 horiz=2763.05 velH=2.4226 bodyH=2.3668 slip=+0.0558 d=(-0.09837,0.08033) av=(0,0.204321,0)
in=(255,0,255,0) steer=+1.000 gnd=4.0 sp=2795.04 horiz=2793.33 velH=2.3806 bodyH=2.3243 slip=+0.0563 d=(-0.09597,0.08534) av=(0,0.205458,0)
in=(255,0,255,0) steer=+1.000 gnd=4.0 sp=2841.35 horiz=2839.29 velH=2.3429 bodyH=2.2818 slip=+0.0611 d=(-0.09347,0.09029) av=(0.000274024,0.265406,-0.000253246)
in=(255,0,255,0) steer=+1.000 gnd=4.0 sp=2886.20 horiz=2883.95 velH=2.3050 bodyH=2.2430 slip=+0.0621 d=(-0.09146,0.09528) av=(0.000607688,0.340475,-0.00138092)
in=(255,0,255,0) steer=+1.000 gnd=4.0 sp=2929.28 horiz=2926.75 velH=2.2671 bodyH=2.2042 slip=+0.0630 d=(-0.08916,0.10021) av=(0.000913287,0.374906,-0.00303973)
in=(255,0,255,0) steer=+1.000 gnd=4.0 sp=3015.56 horiz=3010.31 velH=2.2429 bodyH=2.1654 slip=+0.0774 d=(-0.08703,0.10507) av=(0.0022154,0.415043,-0.00626273)
in=(255,0,255,0) steer=+1.000 gnd=4.0 sp=3097.62 horiz=3089.35 velH=2.2163 bodyH=2.1343 slip=+0.0820 d=(-0.08676,0.11022) av=(0.00369351,0.449168,-0.0122134)
in=(255,0,255,0) steer=+1.000 gnd=4.0 sp=3175.92 horiz=3163.45 velH=2.1889 bodyH=2.1034 slip=+0.0855 d=(-0.08595,0.11539) av=(0.0046771,0.458421,-0.0193087)
in=(255,0,255,0) steer=+1.000 gnd=4.0 sp=3212.25 horiz=3198.91 velH=2.1480 bodyH=2.0727 slip=+0.0752 d=(-0.08469,0.12048) av=(0.00493375,0.445873,-0.0258426)
in=(255,0,255,0) steer=+1.000 gnd=4.0 sp=3231.67 horiz=3217.05 velH=2.1052 bodyH=2.0422 slip=+0.0630 d=(-0.08001,0.12510) av=(0.00418115,0.417523,-0.0295489)
in=(255,0,255,0) steer=+1.000 gnd=4.0 sp=3253.41 horiz=3235.15 velH=2.0667 bodyH=2.0119 slip=+0.0548 d=(-0.07511,0.12907) av=(0.00334681,0.315326,-0.0234087)
in=(255,0,255,0) steer=+1.000 gnd=4.0 sp=3308.82 horiz=3278.18 velH=2.0482 bodyH=1.9816 slip=+0.0666 d=(-0.07087,0.13258) av=(0.00020519,0.232934,-0.0190086)
in=(255,0,255,0) steer=+1.000 gnd=4.0 sp=3356.16 horiz=3311.91 velH=2.0258 bodyH=1.9514 slip=+0.0744 d=(-0.06951,0.13557) av=(-0.000472299,0.170212,-0.0142773)
in=(255,0,255,0) steer=+1.000 gnd=4.0 sp=3395.24 horiz=3337.85 velH=1.9986 bodyH=1.9170 slip=+0.0816 d=(-0.06688,0.13847) av=(-0.000313955,0.124076,-0.0100883)
in=(255,0,255,0) steer=+1.000 gnd=4.0 sp=3430.64 horiz=3359.94 velH=1.9695 bodyH=1.8826 slip=+0.0869 d=(-0.06352,0.14132) av=(-0.000617013,0.112221,-0.0111989)
in=(255,0,255,0) steer=+1.000 gnd=4.0 sp=3457.98 horiz=3373.58 velH=1.9395 bodyH=1.8481 slip=+0.0914 d=(-0.05972,0.14403) av=(-0.00354734,0.170703,-0.0279387)
in=(255,0,255,0) steer=+1.000 gnd=4.0 sp=3479.60 horiz=3380.85 velH=1.9085 bodyH=1.8132 slip=+0.0953 d=(-0.05555,0.14626) av=(-0.0084767,0.267838,-0.0548779)
in=(255,0,255,0) steer=+1.000 gnd=4.0 sp=3498.25 horiz=3384.43 velH=1.8765 bodyH=1.7781 slip=+0.0984 d=(-0.05106,0.14820) av=(-0.0134011,0.348219,-0.0793363)
in=(255,0,255,0) steer=+1.000 gnd=4.0 sp=3514.16 horiz=3384.48 velH=1.8437 bodyH=1.7428 slip=+0.1008 d=(-0.04631,0.14989) av=(-0.0186028,0.417727,-0.102725)
in=(255,0,255,0) steer=+1.000 gnd=4.0 sp=3521.78 horiz=3381.93 velH=1.8024 bodyH=1.7074 slip=+0.0950 d=(-0.04134,0.15130) av=(-0.0243938,0.478995,-0.125703)
in=(255,0,255,0) steer=+1.000 gnd=4.0 sp=3527.54 horiz=3377.71 velH=1.7594 bodyH=1.6717 slip=+0.0877 d=(-0.03477,0.15281) av=(-0.0310466,0.530342,-0.147547)
in=(255,0,255,0) steer=+1.000 gnd=4.0 sp=3537.42 horiz=3367.88 velH=1.7260 bodyH=1.6358 slip=+0.0902 d=(-0.02820,0.15394) av=(-0.0381946,0.577087,-0.169452)
in=(255,0,255,0) steer=+1.000 gnd=4.0 sp=3546.61 horiz=3354.14 velH=1.6948 bodyH=1.5995 slip=+0.0954 d=(-0.02324,0.15423) av=(-0.0454401,0.623992,-0.192784)
in=(255,0,255,0) steer=+1.000 gnd=4.0 sp=3551.28 horiz=3336.51 velH=1.6623 bodyH=1.5629 slip=+0.0994 d=(-0.01831,0.15423) av=(-0.0448157,0.55828,-0.178178)
in=(255,0,255,0) steer=+1.000 gnd=4.0 sp=3551.97 horiz=3312.56 velH=1.6292 bodyH=1.5287 slip=+0.1005 d=(-0.01320,0.15385) av=(-0.038059,0.428246,-0.140225)
in=(255,0,255,0) steer=+1.000 gnd=4.0 sp=3553.43 horiz=3289.83 velH=1.5922 bodyH=1.4942 slip=+0.0980 d=(-0.00772,0.15315) av=(-0.0349796,0.365629,-0.125667)
in=(255,0,255,0) steer=+1.000 gnd=4.0 sp=3555.34 horiz=3260.42 velH=1.5588 bodyH=1.4590 slip=+0.0997 d=(-0.00236,0.15216) av=(-0.0330481,0.330336,-0.120647)
in=(255,0,255,0) steer=+1.000 gnd=4.0 sp=3553.14 horiz=3239.10 velH=1.5139 bodyH=1.4233 slip=+0.0906 d=(0.00302,0.15084) av=(-0.0324829,0.317873,-0.124294)
in=(255,0,255,0) steer=+1.000 gnd=4.0 sp=3553.48 horiz=3209.82 velH=1.4752 bodyH=1.3870 slip=+0.0882 d=(0.00964,0.14953) av=(-0.0317649,0.310749,-0.129692)
in=(255,0,255,0) steer=+1.000 gnd=4.0 sp=3556.27 horiz=3167.55 velH=1.4458 bodyH=1.3500 slip=+0.0958 d=(0.01512,0.14763) av=(-0.0293303,0.296399,-0.131375)
in=(255,0,255,0) steer=+1.000 gnd=4.0 sp=3559.35 horiz=3129.41 velH=1.4127 bodyH=1.3117 slip=+0.1010 d=(0.01897,0.14512) av=(-0.0160397,0.17985,-0.0750913)
in=(255,0,255,0) steer=+1.000 gnd=4.0 sp=3561.02 horiz=3084.52 velH=1.3815 bodyH=1.2735 slip=+0.1081 d=(0.02352,0.14264) av=(-0.00049607,0.0684749,-0.0190016)
in=(255,0,255,0) steer=+1.000 gnd=4.0 sp=3560.40 horiz=3038.80 velH=1.3478 bodyH=1.2345 slip=+0.1133 d=(0.02760,0.13977) av=(0.0109972,-0.000226042,0.0168142)
in=(255,0,255,0) steer=+1.000 gnd=4.0 sp=3557.78 horiz=2992.11 velH=1.3120 bodyH=1.1946 slip=+0.1173 d=(0.03186,0.13666) av=(0.0205133,-0.0421066,0.0396552)
in=(255,0,255,0) steer=+1.000 gnd=4.0 sp=3559.46 horiz=2951.02 velH=1.2739 bodyH=1.1537 slip=+0.1202 d=(0.03623,0.13336) av=(-0.00781031,0.0437856,-0.0153012)
in=(255,0,255,0) steer=+1.000 gnd=4.0 sp=3557.65 horiz=2943.55 velH=1.2198 bodyH=1.1115 slip=+0.1083 d=(0.04107,0.13018) av=(-0.00616401,-0.00110214,0.00952242)
in=(255,0,255,0) steer=+1.000 gnd=4.0 sp=3558.27 horiz=2939.39 velH=1.1673 bodyH=1.0691 slip=+0.0981 d=(0.04801,0.12750) av=(-0.00332345,-0.0329213,0.0285891)
in=(255,0,255,0) steer=+1.000 gnd=4.0 sp=3560.76 horiz=2934.61 velH=1.1175 bodyH=1.0266 slip=+0.0910 d=(0.05449,0.12465) av=(9.26538e-05,-0.0563147,0.0437181)
in=(255,0,255,0) steer=+1.000 gnd=4.0 sp=3564.27 horiz=2929.25 velH=1.0698 bodyH=0.9838 slip=+0.0860 d=(0.06047,0.12161) av=(0.00395962,-0.0740863,0.0559609)
in=(255,0,255,0) steer=+1.000 gnd=4.0 sp=3569.20 horiz=2924.21 velH=1.0233 bodyH=0.9408 slip=+0.0825 d=(0.06606,0.11837) av=(-0.0100766,-0.0318931,0.0319033)
in=(255,0,255,0) steer=+1.000 gnd=4.0 sp=3576.64 horiz=2932.20 velH=0.9750 bodyH=0.8983 slip=+0.0767 d=(0.07135,0.11502) av=(-0.0349818,0.0406267,-0.0107162)
in=(255,0,255,0) steer=+1.000 gnd=4.0 sp=3586.06 horiz=2944.64 velH=0.9275 bodyH=0.8558 slip=+0.0717 d=(0.07714,0.11181) av=(-0.0512106,0.083921,-0.0350251)
in=(255,0,255,0) steer=+1.000 gnd=4.0 sp=3596.29 horiz=2956.31 velH=0.8818 bodyH=0.8133 slip=+0.0685 d=(0.08268,0.10850) av=(-0.0618317,0.109601,-0.0479763)
in=(255,0,255,0) steer=+1.000 gnd=4.0 sp=3606.94 horiz=2967.34 velH=0.8372 bodyH=0.7708 slip=+0.0664 d=(0.08787,0.10504) av=(-0.0690821,0.124779,-0.0541449)
in=(255,0,255,0) steer=+1.000 gnd=4.0 sp=3617.72 horiz=2977.85 velH=0.7933 bodyH=0.7283 slip=+0.0651 d=(0.09279,0.10140) av=(-0.07432,0.13375,-0.0562923)
in=(255,0,255,0) steer=+1.000 gnd=4.0 sp=3628.48 horiz=2987.93 velH=0.7500 bodyH=0.6858 slip=+0.0643 d=(0.09748,0.09759) av=(-0.0783477,0.139076,-0.0560576)
in=(255,0,255,0) steer=+1.000 gnd=4.0 sp=3639.12 horiz=2997.63 velH=0.7071 bodyH=0.6433 slip=+0.0638 d=(0.10195,0.09360) av=(-0.0816307,0.142273,-0.0544044)
in=(255,0,255,0) steer=+1.000 gnd=4.0 sp=3649.56 horiz=3006.99 velH=0.6643 bodyH=0.6008 slip=+0.0635 d=(0.10621,0.08942) av=(-0.0844347,0.144231,-0.0518953)
in=(255,0,255,0) steer=+1.000 gnd=4.0 sp=3659.79 horiz=3016.06 velH=0.6217 bodyH=0.5583 slip=+0.0634 d=(0.11028,0.08507) av=(-0.0869087,0.14547,-0.0488578)
in=(255,0,255,0) steer=+1.000 gnd=4.0 sp=3669.76 horiz=3024.84 velH=0.5791 bodyH=0.5158 slip=+0.0634 d=(0.11414,0.08053) av=(-0.089134,0.146292,-0.0454824)
in=(255,0,255,0) steer=+1.000 gnd=4.0 sp=3679.47 horiz=3033.37 velH=0.5367 bodyH=0.4733 slip=+0.0634 d=(0.11780,0.07583) av=(-0.0911534,0.146875,-0.0418805)
in=(255,0,255,0) steer=+1.000 gnd=4.0 sp=3688.92 horiz=3041.64 velH=0.4942 bodyH=0.4308 slip=+0.0635 d=(0.12125,0.07095) av=(-0.0929883,0.147319,-0.0381181)
in=(255,0,255,0) steer=+1.000 gnd=4.0 sp=3698.10 horiz=3049.67 velH=0.4518 bodyH=0.3883 slip=+0.0635 d=(0.12449,0.06592) av=(-0.094648,0.147682,-0.0342355)
in=(255,0,255,0) steer=+1.000 gnd=4.0 sp=3707.02 horiz=3057.48 velH=0.4094 bodyH=0.3458 slip=+0.0636 d=(0.12750,0.06074) av=(-0.0961356,0.147998,-0.0302582)
in=(255,0,255,0) steer=+1.000 gnd=4.0 sp=3715.68 horiz=3065.06 velH=0.3670 bodyH=0.3033 slip=+0.0637 d=(0.13030,0.05543) av=(-0.0974508,0.148286,-0.0262036)
in=(255,0,255,0) steer=+1.000 gnd=4.0 sp=3724.08 horiz=3072.43 velH=0.3246 bodyH=0.2608 slip=+0.0638 d=(0.13285,0.04998) av=(-0.0985919,0.148556,-0.0220847)
in=(255,0,255,0) steer=+1.000 gnd=4.0 sp=3732.23 horiz=3079.59 velH=0.2822 bodyH=0.2183 slip=+0.0640 d=(0.13517,0.04441) av=(-0.0995567,0.148815,-0.017912)
in=(255,0,255,0) steer=+1.000 gnd=4.0 sp=3740.14 horiz=3086.55 velH=0.2398 bodyH=0.1758 slip=+0.0641 d=(0.13725,0.03873) av=(-0.100343,0.149065,-0.0136947)
in=(255,0,255,0) steer=+1.000 gnd=4.0 sp=3747.81 horiz=3093.31 velH=0.1974 bodyH=0.1332 slip=+0.0642 d=(0.13908,0.03295) av=(-0.100948,0.149309,-0.00944168)
in=(255,0,255,0) steer=+1.000 gnd=4.0 sp=3755.25 horiz=3099.89 velH=0.1550 bodyH=0.0907 slip=+0.0643 d=(0.14066,0.02709) av=(-0.10137,0.149547,-0.00516108)
in=(255,0,255,0) steer=+1.000 gnd=4.0 sp=3762.47 horiz=3106.27 velH=0.1126 bodyH=0.0482 slip=+0.0644 d=(0.14198,0.02115) av=(-0.101609,0.149781,-0.000861146)
in=(255,0,255,0) steer=+1.000 gnd=4.0 sp=3769.46 horiz=3112.48 velH=0.0703 bodyH=0.0057 slip=+0.0645 d=(0.14304,0.01514) av=(-0.101662,0.150009,0.00344993)
in=(255,0,255,0) steer=+1.000 gnd=4.0 sp=3776.24 horiz=3118.51 velH=0.0279 bodyH=-0.0368 slip=+0.0646 d=(0.14384,0.00908) av=(-0.101529,0.150233,0.00776401)
in=(255,0,255,0) steer=+1.000 gnd=4.0 sp=3782.81 horiz=3124.37 velH=-0.0145 bodyH=-0.0793 slip=+0.0647 d=(0.14437,0.00298) av=(-0.101211,0.150453,0.0120729)
in=(255,0,255,0) steer=+1.000 gnd=4.0 sp=3789.18 horiz=3130.07 velH=-0.0570 bodyH=-0.1218 slip=+0.0648 d=(0.14464,-0.00314) av=(-0.100706,0.150668,0.0163685)
in=(255,0,255,0) steer=+1.000 gnd=4.0 sp=3795.36 horiz=3135.61 velH=-0.0994 bodyH=-0.1643 slip=+0.0649 d=(0.14463,-0.00929) av=(-0.100017,0.15088,0.0206426)
in=(255,0,255,0) steer=+1.000 gnd=4.0 sp=3801.34 horiz=3140.99 velH=-0.1418 bodyH=-0.2068 slip=+0.0650 d=(0.14436,-0.01544) av=(-0.0991427,0.151087,0.0248872)
in=(255,0,255,0) steer=+1.000 gnd=4.0 sp=3807.14 horiz=3146.21 velH=-0.1842 bodyH=-0.2493 slip=+0.0651 d=(0.14382,-0.02158) av=(-0.0980858,0.15129,0.0290941)
in=(255,0,255,0) steer=+1.000 gnd=4.0 sp=3812.76 horiz=3151.30 velH=-0.2266 bodyH=-0.2918 slip=+0.0652 d=(0.14302,-0.02771) av=(-0.0968476,0.151489,0.0332555)
in=(255,0,255,0) steer=+1.000 gnd=4.0 sp=3818.21 horiz=3156.23 velH=-0.2690 bodyH=-0.3343 slip=+0.0653 d=(0.14194,-0.03380) av=(-0.0954303,0.151684,0.0373633)
in=(255,0,255,0) steer=+1.000 gnd=4.0 sp=3823.48 horiz=3161.03 velH=-0.3114 bodyH=-0.3768 slip=+0.0654 d=(0.14060,-0.03985) av=(-0.0938361,0.151875,0.0414098)
in=(255,0,255,0) steer=+1.000 gnd=4.0 sp=3828.59 horiz=3165.70 velH=-0.3538 bodyH=-0.4193 slip=+0.0654 d=(0.13899,-0.04585) av=(-0.0920678,0.152063,0.0453874)
in=(255,0,255,0) steer=+1.000 gnd=4.0 sp=3833.54 horiz=3170.23 velH=-0.3963 bodyH=-0.4618 slip=+0.0655 d=(0.13712,-0.05177) av=(-0.0901285,0.152247,0.0492884)
in=(255,0,255,0) steer=+1.000 gnd=4.0 sp=3838.34 horiz=3174.64 velH=-0.4387 bodyH=-0.5043 slip=+0.0656 d=(0.13499,-0.05762) av=(-0.0880217,0.152428,0.0531053)
in=(255,0,255,0) steer=+1.000 gnd=4.0 sp=3842.99 horiz=3178.93 velH=-0.4811 bodyH=-0.5468 slip=+0.0657 d=(0.13261,-0.06339) av=(-0.085751,0.152605,0.0568311)
in=(255,0,255,0) steer=+1.000 gnd=4.0 sp=3847.49 horiz=3183.09 velH=-0.5235 bodyH=-0.5893 slip=+0.0657 d=(0.12998,-0.06905) av=(-0.0833206,0.152778,0.0604584)
in=(255,0,255,0) steer=+1.000 gnd=4.0 sp=3851.85 horiz=3187.14 velH=-0.5660 bodyH=-0.6318 slip=+0.0658 d=(0.12710,-0.07459) av=(-0.0807348,0.152949,0.0639806)
in=(255,0,255,0) steer=+1.000 gnd=4.0 sp=3856.07 horiz=3191.07 velH=-0.6084 bodyH=-0.6743 slip=+0.0659 d=(0.12398,-0.08002) av=(-0.0779982,0.153116,0.0673908)
in=(255,0,255,0) steer=+1.000 gnd=4.0 sp=3860.16 horiz=3194.90 velH=-0.6508 bodyH=-0.7168 slip=+0.0659 d=(0.12062,-0.08531) av=(-0.0751158,0.15328,0.0706826)
in=(255,0,255,0) steer=+1.000 gnd=4.0 sp=3864.12 horiz=3198.62 velH=-0.6933 bodyH=-0.7593 slip=+0.0660 d=(0.11703,-0.09046) av=(-0.0720929,0.153441,0.0738498)
in=(255,0,255,0) steer=+1.000 gnd=4.0 sp=3867.95 horiz=3202.24 velH=-0.7357 bodyH=-0.8018 slip=+0.0661 d=(0.11322,-0.09545) av=(-0.0689349,0.153599,0.0768861)
in=(255,0,255,0) steer=+1.000 gnd=4.0 sp=3871.66 horiz=3205.76 velH=-0.7782 bodyH=-0.8443 slip=+0.0661 d=(0.10919,-0.10028) av=(-0.0656476,0.153754,0.079786)
in=(255,0,255,0) steer=+1.000 gnd=4.0 sp=3875.26 horiz=3209.18 velH=-0.8206 bodyH=-0.8868 slip=+0.0662 d=(0.10495,-0.10494) av=(-0.062237,0.153907,0.0825439)
in=(255,0,255,0) steer=+1.000 gnd=4.0 sp=3878.73 horiz=3212.51 velH=-0.8630 bodyH=-0.9293 slip=+0.0663 d=(0.10051,-0.10941) av=(-0.0587093,0.154056,0.0851545)
in=(255,0,255,0) steer=+1.000 gnd=4.0 sp=3882.10 horiz=3215.74 velH=-0.9055 bodyH=-0.9718 slip=+0.0663 d=(0.09588,-0.11370) av=(-0.0550709,0.154203,0.0876127)
in=(255,0,255,0) steer=+1.000 gnd=4.0 sp=3885.36 horiz=3218.89 velH=-0.9479 bodyH=-1.0143 slip=+0.0664 d=(0.09106,-0.11778) av=(-0.0513286,0.154347,0.0899141)
in=(255,0,255,0) steer=+1.000 gnd=4.0 sp=3888.52 horiz=3221.95 velH=-0.9904 bodyH=-1.0568 slip=+0.0664 d=(0.08606,-0.12166) av=(-0.0474893,0.154489,0.0920541)
in=(255,0,255,0) steer=+1.000 gnd=4.0 sp=3891.58 horiz=3224.93 velH=-1.0328 bodyH=-1.0993 slip=+0.0665 d=(0.08090,-0.12532) av=(-0.0435598,0.154629,0.0940287)
in=(255,0,255,0) steer=+1.000 gnd=4.0 sp=3894.54 horiz=3227.83 velH=-1.0753 bodyH=-1.1418 slip=+0.0665 d=(0.07557,-0.12875) av=(-0.0395475,0.154765,0.0958341)
in=(255,0,255,0) steer=+1.000 gnd=4.0 sp=3897.40 horiz=3230.65 velH=-1.1177 bodyH=-1.1843 slip=+0.0666 d=(0.07011,-0.13196) av=(-0.0354598,0.1549,0.0974667)
in=(255,0,255,0) steer=+1.000 gnd=4.0 sp=3900.17 horiz=3233.40 velH=-1.1602 bodyH=-1.2268 slip=+0.0666 d=(0.06450,-0.13494) av=(-0.0313041,0.155032,0.0989236)
in=(255,0,255,0) steer=+1.000 gnd=4.0 sp=3902.85 horiz=3236.07 velH=-1.2026 bodyH=-1.2693 slip=+0.0667 d=(0.05876,-0.13767) av=(-0.027088,0.155162,0.100202)
in=(255,0,255,0) steer=+1.000 gnd=4.0 sp=3905.45 horiz=3238.67 velH=-1.2451 bodyH=-1.3118 slip=+0.0667 d=(0.05291,-0.14015) av=(-0.0228194,0.15529,0.101299)
in=(255,0,255,0) steer=+1.000 gnd=4.0 sp=3907.96 horiz=3241.20 velH=-1.2876 bodyH=-1.3543 slip=+0.0668 d=(0.04695,-0.14239) av=(-0.0185061,0.155416,0.102213)
in=(255,0,255,0) steer=+1.000 gnd=4.0 sp=3910.39 horiz=3243.67 velH=-1.3300 bodyH=-1.3968 slip=+0.0668 d=(0.04090,-0.14436) av=(-0.014156,0.15554,0.102942)
in=(255,0,255,0) steer=+1.000 gnd=4.0 sp=3912.74 horiz=3246.07 velH=-1.3725 bodyH=-1.4393 slip=+0.0669 d=(0.03476,-0.14608) av=(-0.00977718,0.155662,0.103484)
in=(255,0,255,0) steer=+1.000 gnd=4.0 sp=3915.02 horiz=3248.41 velH=-1.4149 bodyH=-1.4818 slip=+0.0669 d=(0.02855,-0.14753) av=(-0.00537759,0.155782,0.103839)
in=(0,255,255,0) steer=-1.000 gnd=4.0 sp=12.90 horiz=10.73 velH=-1.4817 bodyH=-1.4817 slip=+0.0000 d=(0.00001,-0.00012) av=(-3.7703e-09,2.84187e-08,1.8696e-08)
in=(0,255,255,0) steer=-1.000 gnd=4.0 sp=26.29 horiz=21.87 velH=-1.4813 bodyH=-1.4813 slip=+0.0000 d=(0.00006,-0.00062) av=(-8.07734e-08,5.17397e-07,3.39287e-07)
in=(0,255,255,0) steer=-1.000 gnd=4.0 sp=40.45 horiz=33.65 velH=-1.4804 bodyH=-1.4804 slip=+0.0000 d=(0.00010,-0.00114) av=(-4.97281e-07,3.17541e-06,2.08192e-06)
in=(0,255,255,0) steer=-1.000 gnd=4.0 sp=55.42 horiz=46.10 velH=-1.4791 bodyH=-1.4792 slip=+0.0001 d=(0.00016,-0.00169) av=(-1.80994e-06,1.15052e-05,7.54121e-06)
in=(0,255,255,0) steer=-1.000 gnd=4.0 sp=71.24 horiz=59.26 velH=-1.4773 bodyH=-1.4775 slip=+0.0002 d=(0.00021,-0.00228) av=(-4.95248e-06,3.1295e-05,2.05051e-05)
in=(0,255,255,0) steer=-1.000 gnd=4.0 sp=87.96 horiz=73.17 velH=-1.4750 bodyH=-1.4754 slip=+0.0004 d=(0.00028,-0.00289) av=(-1.12444e-05,7.05377e-05,4.61963e-05)
in=(0,255,255,0) steer=-1.000 gnd=4.0 sp=105.63 horiz=87.86 velH=-1.4720 bodyH=-1.4727 slip=+0.0007 d=(0.00035,-0.00354) av=(-2.21685e-05,0.000137889,9.02549e-05)
in=(0,255,255,0) steer=-1.000 gnd=4.0 sp=124.29 horiz=103.38 velH=-1.4683 bodyH=-1.4696 slip=+0.0013 d=(0.00043,-0.00423) av=(-3.85772e-05,0.000237723,0.000155498)
in=(0,255,255,0) steer=-1.000 gnd=4.0 sp=143.99 horiz=119.77 velH=-1.4637 bodyH=-1.4660 slip=+0.0022 d=(0.00052,-0.00495) av=(-5.8637e-05,0.000358037,0.000234025)
in=(0,255,255,0) steer=-1.000 gnd=4.0 sp=164.80 horiz=137.06 velH=-1.4580 bodyH=-1.4617 slip=+0.0038 d=(0.00063,-0.00571) av=(-7.32185e-05,0.000444574,0.000290383)
in=(0,255,255,0) steer=-1.000 gnd=4.0 sp=186.76 horiz=155.30 velH=-1.4506 bodyH=-1.4569 slip=+0.0063 d=(0.00076,-0.00652) av=(-5.3408e-05,0.000331346,0.000216439)
in=(0,255,255,0) steer=-1.000 gnd=4.0 sp=209.95 horiz=174.55 velH=-1.4407 bodyH=-1.4515 slip=+0.0107 d=(0.00092,-0.00736) av=(3.69352e-05,-0.000188364,-0.000122142)
in=(0,255,255,0) steer=-1.000 gnd=4.0 sp=234.47 horiz=194.85 velH=-1.4264 bodyH=-1.4453 slip=+0.0189 d=(0.00112,-0.00825) av=(0.000136977,-0.000748414,-0.000486143)
in=(0,255,255,0) steer=-1.000 gnd=4.0 sp=260.42 horiz=216.30 velH=-1.4111 bodyH=-1.4385 slip=+0.0274 d=(0.00139,-0.00917) av=(0.000314977,-0.00171815,-0.0011145)
in=(0,255,255,0) steer=-1.000 gnd=4.0 sp=274.59 horiz=228.16 velH=-1.4121 bodyH=-1.4310 slip=+0.0189 d=(0.00162,-0.01003) av=(0.000844739,-0.00455503,-0.00294991)
in=(0,255,255,0) steer=-1.000 gnd=4.0 sp=289.58 horiz=240.66 velH=-1.4085 bodyH=-1.4231 slip=+0.0146 d=(0.00171,-0.01058) av=(0.0012742,-0.00676035,-0.00437113)
in=(0,255,255,0) steer=-1.000 gnd=4.0 sp=305.41 horiz=253.83 velH=-1.4025 bodyH=-1.4148 slip=+0.0123 d=(0.00185,-0.01115) av=(0.00162671,-0.00849629,-0.00548082)
in=(0,255,255,0) steer=-1.000 gnd=4.0 sp=322.12 horiz=267.74 velH=-1.3952 bodyH=-1.4061 slip=+0.0109 d=(0.00203,-0.01175) av=(0.00213071,-0.0111307,-0.0071392)
in=(0,255,255,0) steer=-1.000 gnd=4.0 sp=339.77 horiz=282.41 velH=-1.3869 bodyH=-1.3968 slip=+0.0099 d=(0.00223,-0.01238) av=(0.0027897,-0.0140027,-0.00897588)
in=(0,255,255,0) steer=-1.000 gnd=4.0 sp=358.39 horiz=297.89 velH=-1.3779 bodyH=-1.3870 slip=+0.0092 d=(0.00246,-0.01303) av=(0.00332608,-0.0161736,-0.0103494)
in=(0,255,255,0) steer=-1.000 gnd=4.0 sp=378.02 horiz=314.21 velH=-1.3682 bodyH=-1.3768 slip=+0.0085 d=(0.00272,-0.01372) av=(0.00383533,-0.0181044,-0.0115561)
in=(0,255,255,0) steer=-1.000 gnd=4.0 sp=398.73 horiz=331.43 velH=-1.3580 bodyH=-1.3659 slip=+0.0079 d=(0.00301,-0.01445) av=(0.00436615,-0.0200105,-0.0127336)
in=(0,255,255,0) steer=-1.000 gnd=4.0 sp=420.57 horiz=349.58 velH=-1.3472 bodyH=-1.3544 slip=+0.0073 d=(0.00334,-0.01521) av=(0.00494395,-0.0219908,-0.0139441)
in=(0,255,255,0) steer=-1.000 gnd=4.0 sp=443.58 horiz=368.72 velH=-1.3358 bodyH=-1.3424 slip=+0.0066 d=(0.00369,-0.01600) av=(0.00558371,-0.0240914,-0.0152152)
in=(0,255,255,0) steer=-1.000 gnd=4.0 sp=467.84 horiz=388.88 velH=-1.3237 bodyH=-1.3296 slip=+0.0059 d=(0.00409,-0.01683) av=(0.00629612,-0.0263357,-0.0165591)
in=(0,255,255,0) steer=-1.000 gnd=4.0 sp=493.40 horiz=410.13 velH=-1.3110 bodyH=-1.3162 slip=+0.0052 d=(0.00453,-0.01769) av=(0.00709058,-0.0287376,-0.0179812)
in=(0,255,255,0) steer=-1.000 gnd=4.0 sp=520.33 horiz=432.52 velH=-1.2976 bodyH=-1.3020 slip=+0.0044 d=(0.00502,-0.01860) av=(0.00797649,-0.0313073,-0.0194842)
in=(0,255,255,0) steer=-1.000 gnd=4.0 sp=548.69 horiz=456.10 velH=-1.2835 bodyH=-1.2871 slip=+0.0036 d=(0.00556,-0.01954) av=(0.00896387,-0.0340546,-0.0210691)
in=(0,255,255,0) steer=-1.000 gnd=4.0 sp=578.55 horiz=480.92 velH=-1.2685 bodyH=-1.2713 slip=+0.0028 d=(0.00615,-0.02052) av=(0.0100637,-0.0369893,-0.0227366)
in=(0,255,255,0) steer=-1.000 gnd=4.0 sp=609.97 horiz=507.05 velH=-1.2528 bodyH=-1.2547 slip=+0.0019 d=(0.00681,-0.02153) av=(0.0112882,-0.0401219,-0.0244865)
in=(0,255,255,0) steer=-1.000 gnd=4.0 sp=643.04 horiz=534.55 velH=-1.2363 bodyH=-1.2372 slip=+0.0009 d=(0.00754,-0.02259) av=(0.0126508,-0.0434638,-0.026318)
in=(0,255,255,0) steer=-1.000 gnd=4.0 sp=677.82 horiz=563.47 velH=-1.2188 bodyH=-1.2187 slip=-0.0001 d=(0.00835,-0.02368) av=(0.0141664,-0.0470275,-0.0282295)
in=(0,255,255,0) steer=-1.000 gnd=4.0 sp=714.39 horiz=593.88 velH=-1.2004 bodyH=-1.1992 slip=-0.0011 d=(0.00924,-0.02480) av=(0.0158514,-0.0508258,-0.0302183)
in=(0,255,255,0) steer=-1.000 gnd=4.0 sp=752.83 horiz=625.84 velH=-1.1810 bodyH=-1.1787 slip=-0.0022 d=(0.01022,-0.02595) av=(0.0177235,-0.0548726,-0.0322798)
in=(0,255,255,0) steer=-1.000 gnd=4.0 sp=793.22 horiz=659.43 velH=-1.1605 bodyH=-1.1571 slip=-0.0034 d=(0.01130,-0.02713) av=(0.0198022,-0.0591819,-0.0344079)
in=(0,255,255,0) steer=-1.000 gnd=4.0 sp=835.63 horiz=694.70 velH=-1.1390 bodyH=-1.1343 slip=-0.0047 d=(0.01249,-0.02833) av=(0.0221083,-0.0637682,-0.0365938)
in=(0,255,255,0) steer=-1.000 gnd=4.0 sp=880.15 horiz=731.72 velH=-1.1164 bodyH=-1.1104 slip=-0.0060 d=(0.01381,-0.02955) av=(0.0246641,-0.0686457,-0.0388254)
in=(0,255,255,0) steer=-1.000 gnd=4.0 sp=926.32 horiz=770.12 velH=-1.0926 bodyH=-1.0851 slip=-0.0075 d=(0.01524,-0.03078) av=(0.0274802,-0.0737936,-0.0410678)
in=(0,255,255,0) steer=-1.000 gnd=4.0 sp=975.27 horiz=810.83 velH=-1.0675 bodyH=-1.0585 slip=-0.0090 d=(0.01682,-0.03200) av=(0.0306026,-0.079284,-0.0433345)
in=(0,255,255,0) steer=-1.000 gnd=4.0 sp=1026.57 horiz=853.51 velH=-1.0410 bodyH=-1.0305 slip=-0.0105 d=(0.01856,-0.03323) av=(0.0340451,-0.0850986,-0.0455836)
in=(0,255,255,0) steer=-1.000 gnd=4.0 sp=1079.21 horiz=897.29 velH=-1.0134 bodyH=-1.0011 slip=-0.0123 d=(0.02044,-0.03443) av=(0.0373842,-0.0901889,-0.047237)
in=(0,255,255,0) steer=-1.000 gnd=4.0 sp=1132.74 horiz=941.83 velH=-0.9845 bodyH=-0.9701 slip=-0.0144 d=(0.02247,-0.03556) av=(0.0398877,-0.0929481,-0.0474833)
in=(0,255,255,0) steer=-1.000 gnd=4.0 sp=1187.14 horiz=987.10 velH=-0.9542 bodyH=-0.9377 slip=-0.0166 d=(0.02464,-0.03660) av=(0.0419355,-0.094398,-0.0468813)
in=(0,255,255,0) steer=-1.000 gnd=4.0 sp=1242.38 horiz=1033.08 velH=-0.9225 bodyH=-0.9037 slip=-0.0188 d=(0.02697,-0.03754) av=(0.0437287,-0.0950815,-0.0457267)
in=(0,255,255,0) steer=-1.000 gnd=4.0 sp=1297.86 horiz=1079.26 velH=-0.8893 bodyH=-0.8681 slip=-0.0212 d=(0.02944,-0.03834) av=(0.0454661,-0.0955494,-0.0443308)
in=(0,255,255,0) steer=-1.000 gnd=4.0 sp=1352.83 horiz=1125.04 velH=-0.8548 bodyH=-0.8310 slip=-0.0238 d=(0.03206,-0.03899) av=(0.0472739,-0.0961221,-0.042866)
in=(0,255,255,0) steer=-1.000 gnd=4.0 sp=1407.25 horiz=1170.36 velH=-0.8189 bodyH=-0.7923 slip=-0.0265 d=(0.03479,-0.03944) av=(0.049217,-0.0969423,-0.0413962)
in=(0,255,255,0) steer=-1.000 gnd=4.0 sp=1461.06 horiz=1215.19 velH=-0.7814 bodyH=-0.7521 slip=-0.0293 d=(0.03763,-0.03967) av=(0.0512578,-0.0979034,-0.0398403)
in=(0,255,255,0) steer=-1.000 gnd=4.0 sp=1514.23 horiz=1259.49 velH=-0.7425 bodyH=-0.7104 slip=-0.0321 d=(0.04058,-0.03967) av=(0.0533707,-0.0989376,-0.0381453)
in=(0,255,255,0) steer=-1.000 gnd=4.0 sp=1566.74 horiz=1303.26 velH=-0.7023 bodyH=-0.6679 slip=-0.0344 d=(0.04362,-0.03943) av=(0.0554931,-0.0999608,-0.0362764)
in=(0,255,255,0) steer=-1.000 gnd=4.0 sp=1618.61 horiz=1346.53 velH=-0.6614 bodyH=-0.6254 slip=-0.0360 d=(0.04672,-0.03893) av=(0.0575299,-0.100893,-0.0342332)
in=(0,255,255,0) steer=-1.000 gnd=4.0 sp=1669.86 horiz=1389.31 velH=-0.6201 bodyH=-0.5829 slip=-0.0372 d=(0.04986,-0.03820) av=(0.0594423,-0.101727,-0.0320371)
in=(0,255,255,0) steer=-1.000 gnd=4.0 sp=1720.50 horiz=1431.60 velH=-0.5786 bodyH=-0.5404 slip=-0.0382 d=(0.05301,-0.03724) av=(0.0612222,-0.102485,-0.0297112)
in=(0,255,255,0) steer=-1.000 gnd=4.0 sp=1770.52 horiz=1473.41 velH=-0.5369 bodyH=-0.4979 slip=-0.0390 d=(0.05616,-0.03607) av=(0.0628712,-0.103188,-0.0272744)
in=(0,255,255,0) steer=-1.000 gnd=4.0 sp=1819.93 horiz=1514.71 velH=-0.4952 bodyH=-0.4554 slip=-0.0398 d=(0.05927,-0.03467) av=(0.064393,-0.103853,-0.0247411)
in=(0,255,255,0) steer=-1.000 gnd=4.0 sp=1868.69 horiz=1555.49 velH=-0.4534 bodyH=-0.4129 slip=-0.0405 d=(0.06235,-0.03306) av=(0.0657901,-0.104494,-0.0221225)
in=(0,255,255,0) steer=-1.000 gnd=4.0 sp=1916.82 horiz=1595.76 velH=-0.4116 bodyH=-0.3704 slip=-0.0412 d=(0.06537,-0.03124) av=(0.0670633,-0.105119,-0.0194275)
in=(0,255,255,0) steer=-1.000 gnd=4.0 sp=1964.30 horiz=1635.49 velH=-0.3698 bodyH=-0.3279 slip=-0.0419 d=(0.06833,-0.02921) av=(0.0682127,-0.105732,-0.0166638)
in=(0,255,255,0) steer=-1.000 gnd=4.0 sp=1335.03 horiz=1031.40 velH=1.6827 bodyH=1.6954 slip=-0.0126 d=(-0.00439,0.04600) av=(0.165056,-0.135565,-0.0345162)
in=(0,255,255,0) steer=-1.000 gnd=4.0 sp=1206.05 horiz=1077.34 velH=1.7114 bodyH=1.7325 slip=-0.0211 d=(-0.00568,0.04799) av=(0.140133,-0.145674,-0.0471716)
in=(0,255,255,0) steer=-1.000 gnd=4.0 sp=1173.98 horiz=1128.72 velH=1.7443 bodyH=1.7665 slip=-0.0222 d=(-0.00743,0.04997) av=(0.104515,-0.150226,-0.0428803)
in=(0,255,255,0) steer=-1.000 gnd=4.0 sp=1196.82 horiz=1182.57 velH=1.7781 bodyH=1.7999 slip=-0.0218 d=(-0.00952,0.05207) av=(0.0708146,-0.150315,-0.0327403)
in=(0,255,255,0) steer=-1.000 gnd=4.0 sp=1241.47 horiz=1237.14 velH=1.8120 bodyH=1.8342 slip=-0.0221 d=(-0.01180,0.05417) av=(0.0450823,-0.148593,-0.0227861)
in=(0,255,255,0) steer=-1.000 gnd=4.0 sp=1293.03 horiz=1291.64 velH=1.8463 bodyH=1.8697 slip=-0.0234 d=(-0.01426,0.05619) av=(0.0275957,-0.14698,-0.0150081)
in=(0,255,255,0) steer=-1.000 gnd=4.0 sp=1346.33 horiz=1345.76 velH=1.8815 bodyH=1.9067 slip=-0.0253 d=(-0.01688,0.05809) av=(0.0164299,-0.146251,-0.00952679)
in=(0,255,255,0) steer=-1.000 gnd=4.0 sp=1399.70 horiz=1399.34 velH=1.9177 bodyH=1.9453 slip=-0.0276 d=(-0.01970,0.05984) av=(0.00949555,-0.146468,-0.00586722)
in=(0,255,255,0) steer=-1.000 gnd=4.0 sp=1452.64 horiz=1452.29 velH=1.9551 bodyH=1.9853 slip=-0.0302 d=(-0.02272,0.06140) av=(0.00518971,-0.147398,-0.00349216)
in=(0,255,255,0) steer=-1.000 gnd=4.0 sp=1504.92 horiz=1504.52 velH=1.9939 bodyH=2.0268 slip=-0.0329 d=(-0.02595,0.06277) av=(0.00247844,-0.148649,-0.00198099)
in=(0,255,255,0) steer=-1.000 gnd=4.0 sp=1556.48 horiz=1556.02 velH=2.0340 bodyH=2.0693 slip=-0.0353 d=(-0.02939,0.06390) av=(0.000930817,-0.149896,-0.00107162)
in=(0,255,255,0) steer=-1.000 gnd=4.0 sp=1607.35 horiz=1606.84 velH=2.0748 bodyH=2.1118 slip=-0.0371 d=(-0.03301,0.06479) av=(9.85463e-05,-0.150974,-0.000544066)
in=(0,255,255,0) steer=-1.000 gnd=4.0 sp=1657.56 horiz=1657.00 velH=2.1160 bodyH=2.1543 slip=-0.0384 d=(-0.03678,0.06543) av=(-0.000105887,-0.151968,-0.00028091)
in=(0,255,255,0) steer=-1.000 gnd=4.0 sp=1707.13 horiz=1706.52 velH=2.1574 bodyH=2.1968 slip=-0.0395 d=(-0.04066,0.06583) av=(-0.000105622,-0.153119,-0.000147265)
in=(0,255,255,0) steer=-1.000 gnd=4.0 sp=1756.06 horiz=1755.40 velH=2.1989 bodyH=2.2393 slip=-0.0404 d=(-0.04464,0.06599) av=(-7.30977e-05,-0.154355,-7.72575e-05)
in=(0,255,255,0) steer=-1.000 gnd=4.0 sp=1804.34 horiz=1803.64 velH=2.2406 bodyH=2.2818 slip=-0.0413 d=(-0.04868,0.06589) av=(-4.50549e-05,-0.155618,-4.03266e-05)
in=(0,255,255,0) steer=-1.000 gnd=4.0 sp=1851.98 horiz=1851.24 velH=2.2823 bodyH=2.3243 slip=-0.0421 d=(-0.05278,0.06555) av=(-2.62748e-05,-0.156884,-2.08776e-05)
in=(0,255,255,0) steer=-1.000 gnd=4.0 sp=1898.95 horiz=1898.17 velH=2.3240 bodyH=2.3669 slip=-0.0428 d=(-0.05691,0.06494) av=(-1.48356e-05,-0.158143,-1.06916e-05)
in=(0,255,255,0) steer=-1.000 gnd=4.0 sp=1945.26 horiz=1944.44 velH=2.3658 bodyH=2.4094 slip=-0.0436 d=(-0.06107,0.06408) av=(-8.19822e-06,-0.159391,-5.39936e-06)
in=(0,255,255,0) steer=-1.000 gnd=4.0 sp=1990.89 horiz=1990.03 velH=2.4076 bodyH=2.4519 slip=-0.0443 d=(-0.06523,0.06296) av=(-4.45855e-06,-0.160628,-2.67769e-06)
in=(0,255,255,0) steer=-1.000 gnd=4.0 sp=2035.83 horiz=2034.93 velH=2.4494 bodyH=2.4944 slip=-0.0449 d=(-0.06938,0.06158) av=(-2.39325e-06,-0.161856,-1.29596e-06)
in=(0,255,255,0) steer=-1.000 gnd=4.0 sp=2080.08 horiz=2079.14 velH=2.4912 bodyH=2.5369 slip=-0.0456 d=(-0.07350,0.05994) av=(-1.26959e-06,-0.163074,-6.0596e-07)
in=(0,255,255,0) steer=-1.000 gnd=4.0 sp=2123.63 horiz=2122.65 velH=2.5331 bodyH=2.5794 slip=-0.0463 d=(-0.07757,0.05803) av=(-6.65693e-07,-0.164284,-2.68815e-07)
in=(0,255,255,0) steer=-1.000 gnd=4.0 sp=2166.47 horiz=2165.45 velH=2.5750 bodyH=2.6219 slip=-0.0469 d=(-0.08159,0.05587) av=(-3.44683e-07,-0.165486,-1.0897e-07)
in=(0,255,255,0) steer=-1.000 gnd=4.0 sp=2208.60 horiz=2207.54 velH=2.6168 bodyH=2.6644 slip=-0.0475 d=(-0.08553,0.05346) av=(-1.75871e-07,-0.16668,-3.6486e-08)
in=(0,255,255,0) steer=-1.000 gnd=4.0 sp=2250.01 horiz=2248.90 velH=2.6587 bodyH=2.7069 slip=-0.0481 d=(-0.08938,0.05079) av=(-8.81067e-08,-0.167866,-5.91757e-09)
in=(0,255,255,0) steer=-1.000 gnd=4.0 sp=2290.70 horiz=2289.55 velH=2.7006 bodyH=2.7494 slip=-0.0487 d=(-0.09313,0.04788) av=(-4.30744e-08,-0.169045,5.29317e-09)
in=(0,255,255,0) steer=-1.000 gnd=4.0 sp=2330.66 horiz=2329.47 velH=2.7426 bodyH=2.7919 slip=-0.0493 d=(-0.09675,0.04472) av=(-2.03378e-08,-0.170216,8.08255e-09)
in=(0,255,255,0) steer=-1.000 gnd=4.0 sp=2369.89 horiz=2368.66 velH=2.7845 bodyH=2.8344 slip=-0.0499 d=(-0.10025,0.04133) av=(-9.09722e-09,-0.171379,7.57956e-09)
in=(0,255,255,0) steer=-1.000 gnd=4.0 sp=2408.40 horiz=2407.13 velH=2.8264 bodyH=2.8769 slip=-0.0504 d=(-0.10359,0.03771) av=(-3.70017e-09,-0.172535,6.07226e-09)
in=(0,255,255,0) steer=-1.000 gnd=4.0 sp=2446.17 horiz=2444.87 velH=2.8684 bodyH=2.9194 slip=-0.0510 d=(-0.10677,0.03388) av=(-1.21956e-09,-0.173682,4.49849e-09)
in=(0,255,255,0) steer=-1.000 gnd=4.0 sp=2483.22 horiz=2481.87 velH=2.9103 bodyH=2.9619 slip=-0.0515 d=(-0.10978,0.02983) av=(-1.58839e-10,-0.174821,3.18131e-09)
in=(0,255,255,0) steer=-1.000 gnd=4.0 sp=2519.54 horiz=2518.15 velH=2.9523 bodyH=3.0044 slip=-0.0521 d=(-0.11260,0.02557) av=(2.35011e-10,-0.175951,2.18242e-09)
in=(0,255,255,0) steer=-1.000 gnd=4.0 sp=2555.13 horiz=2553.70 velH=2.9943 bodyH=3.0469 slip=-0.0526 d=(-0.11522,0.02113) av=(3.32883e-10,-0.177072,1.46584e-09)
in=(0,255,255,0) steer=-1.000 gnd=4.0 sp=2589.99 horiz=2588.53 velH=3.0363 bodyH=3.0894 slip=-0.0531 d=(-0.11763,0.01651) av=(3.12061e-10,-0.178184,9.69595e-10)
in=(0,255,255,0) steer=-1.000 gnd=4.0 sp=2624.14 horiz=2622.63 velH=3.0783 bodyH=3.1319 slip=-0.0536 d=(-0.11981,0.01171) av=(2.53521e-10,-0.179287,6.34115e-10)
in=(0,255,255,0) steer=-1.000 gnd=4.0 sp=2657.56 horiz=2656.02 velH=3.1203 bodyH=-3.1088 slip=-0.0541 d=(-0.12177,0.00676) av=(1.91532e-10,-0.18038,4.11186e-10)
in=(0,255,255,0) steer=-1.000 gnd=4.0 sp=2690.28 horiz=2688.69 velH=-3.1209 bodyH=-3.0663 slip=-0.0546 d=(-0.12349,0.00166) av=(1.38539e-10,-0.181463,2.64911e-10)
in=(0,255,255,0) steer=-1.000 gnd=4.0 sp=2722.28 horiz=2720.66 velH=-3.0789 bodyH=-3.0238 slip=-0.0551 d=(-0.12495,-0.00357) av=(9.73759e-11,-0.182536,1.69838e-10)
in=(0,255,255,0) steer=-1.000 gnd=4.0 sp=2753.58 horiz=2751.92 velH=-3.0369 bodyH=-2.9813 slip=-0.0556 d=(-0.12616,-0.00892) av=(6.70822e-11,-0.183598,1.08488e-10)
in=(0,255,255,0) steer=-1.000 gnd=4.0 sp=2784.18 horiz=2782.48 velH=-2.9948 bodyH=-2.9388 slip=-0.0561 d=(-0.12711,-0.01437) av=(4.5538e-11,-0.184649,6.91138e-11)
in=(0,255,255,0) steer=-1.000 gnd=4.0 sp=2814.08 horiz=2812.35 velH=-2.9528 bodyH=-2.8963 slip=-0.0565 d=(-0.12778,-0.01991) av=(3.05705e-11,-0.185689,4.39467e-11)
in=(0,255,255,0) steer=-1.000 gnd=4.0 sp=2843.30 horiz=2841.53 velH=-2.9107 bodyH=-2.8538 slip=-0.0570 d=(-0.12819,-0.02554) av=(2.03456e-11,-0.186718,2.79093e-11)
in=(0,255,255,0) steer=-1.000 gnd=4.0 sp=2871.85 horiz=2870.04 velH=-2.8687 bodyH=-2.8113 slip=-0.0574 d=(-0.12831,-0.03122) av=(1.34477e-11,-0.187736,1.77118e-11)
in=(0,255,255,0) steer=-1.000 gnd=4.0 sp=2899.72 horiz=2897.88 velH=-2.8266 bodyH=-2.7688 slip=-0.0579 d=(-0.12814,-0.03695) av=(8.83891e-12,-0.188741,1.12372e-11)
in=(0,255,255,0) steer=-1.000 gnd=4.0 sp=2926.93 horiz=2925.05 velH=-2.7846 bodyH=-2.7263 slip=-0.0583 d=(-0.12769,-0.04271) av=(5.78291e-12,-0.189735,7.12999e-12)
in=(0,255,255,0) steer=-1.000 gnd=4.0 sp=2953.48 horiz=2951.57 velH=-2.7425 bodyH=-2.6838 slip=-0.0587 d=(-0.12695,-0.04849) av=(3.76886e-12,-0.190717,4.5257e-12)
in=(0,255,255,0) steer=-1.000 gnd=4.0 sp=2979.39 horiz=2977.44 velH=-2.7004 bodyH=-2.6413 slip=-0.0591 d=(-0.12592,-0.05427) av=(2.44813e-12,-0.191686,2.87442e-12)
in=(0,255,255,0) steer=-1.000 gnd=4.0 sp=3004.66 horiz=3002.67 velH=-2.6583 bodyH=-2.5988 slip=-0.0595 d=(-0.12460,-0.06004) av=(1.58564e-12,-0.192642,1.82709e-12)
in=(0,255,255,0) steer=-1.000 gnd=4.0 sp=3029.30 horiz=3027.28 velH=-2.6162 bodyH=-2.5563 slip=-0.0599 d=(-0.12299,-0.06578) av=(1.0244e-12,-0.193585,1.16246e-12)
in=(0,255,255,0) steer=-1.000 gnd=4.0 sp=3053.32 horiz=3051.27 velH=-2.5741 bodyH=-2.5138 slip=-0.0603 d=(-0.12109,-0.07147) av=(6.60297e-13,-0.194516,7.40368e-13)
in=(0,255,255,0) steer=-1.000 gnd=4.0 sp=3076.73 horiz=3074.65 velH=-2.5320 bodyH=-2.4713 slip=-0.0607 d=(-0.11890,-0.07710) av=(4.24716e-13,-0.195433,4.72059e-13)
in=(0,255,255,0) steer=-1.000 gnd=4.0 sp=3099.54 horiz=3097.42 velH=-2.4899 bodyH=-2.4288 slip=-0.0611 d=(-0.11643,-0.08266) av=(2.72655e-13,-0.196337,3.01328e-13)
in=(0,255,255,0) steer=-1.000 gnd=4.0 sp=3121.76 horiz=3119.61 velH=-2.4477 bodyH=-2.3863 slip=-0.0615 d=(-0.11367,-0.08814) av=(1.74716e-13,-0.197228,1.92566e-13)
in=(0,255,255,0) steer=-1.000 gnd=4.0 sp=3143.40 horiz=3141.22 velH=-2.4056 bodyH=-2.3438 slip=-0.0618 d=(-0.11064,-0.09350) av=(1.11761e-13,-0.198105,1.232e-13)
in=(0,255,255,0) steer=-1.000 gnd=4.0 sp=3164.47 horiz=3162.26 velH=-2.3635 bodyH=-2.3013 slip=-0.0622 d=(-0.10734,-0.09876) av=(7.13691e-14,-0.198969,7.89074e-14)
in=(0,255,255,0) steer=-1.000 gnd=4.0 sp=3184.98 horiz=3182.74 velH=-2.3213 bodyH=-2.2588 slip=-0.0626 d=(-0.10377,-0.10388) av=(4.54996e-14,-0.199818,5.05912e-14)
in=(0,255,255,0) steer=-1.000 gnd=4.0 sp=3204.94 horiz=3202.67 velH=-2.2792 bodyH=-2.2162 slip=-0.0629 d=(-0.09994,-0.10885) av=(2.89593e-14,-0.200654,3.24679e-14)
in=(0,255,255,0) steer=-1.000 gnd=4.0 sp=3224.36 horiz=3222.06 velH=-2.2370 bodyH=-2.1737 slip=-0.0633 d=(-0.09585,-0.11367) av=(1.84015e-14,-0.201476,2.08555e-14)
in=(0,255,255,0) steer=-1.000 gnd=4.0 sp=3243.25 horiz=3240.92 velH=-2.1948 bodyH=-2.1312 slip=-0.0636 d=(-0.09152,-0.11831) av=(1.16733e-14,-0.202284,1.34072e-14)
in=(0,255,255,0) steer=-1.000 gnd=4.0 sp=3261.63 horiz=3259.27 velH=-2.1527 bodyH=-2.0887 slip=-0.0639 d=(-0.08696,-0.12277) av=(7.39266e-15,-0.203078,8.6251e-15)
in=(0,255,255,0) steer=-1.000 gnd=4.0 sp=3279.49 horiz=3277.11 velH=-2.1105 bodyH=-2.0462 slip=-0.0642 d=(-0.08216,-0.12704) av=(4.67364e-15,-0.203858,5.55209e-15)
in=(0,255,255,0) steer=-1.000 gnd=4.0 sp=3296.86 horiz=3294.45 velH=-2.0683 bodyH=-2.0037 slip=-0.0646 d=(-0.07715,-0.13110) av=(2.94941e-15,-0.204623,3.57578e-15)
in=(0,255,255,0) steer=-1.000 gnd=4.0 sp=3313.74 horiz=3311.30 velH=-2.0261 bodyH=-1.9612 slip=-0.0649 d=(-0.07193,-0.13494) av=(1.85786e-15,-0.205375,2.3039e-15)
in=(0,255,255,0) steer=-1.000 gnd=4.0 sp=3330.15 horiz=3327.68 velH=-1.9839 bodyH=-1.9187 slip=-0.0652 d=(-0.06651,-0.13855) av=(1.16803e-15,-0.206113,1.48487e-15)
in=(0,255,255,0) steer=-1.000 gnd=4.0 sp=3346.08 horiz=3343.59 velH=-1.9417 bodyH=-1.8762 slip=-0.0655 d=(-0.06090,-0.14193) av=(7.32867e-16,-0.206836,9.57205e-16)
in=(0,255,255,0) steer=-1.000 gnd=4.0 sp=3361.57 horiz=3359.05 velH=-1.8995 bodyH=-1.8337 slip=-0.0657 d=(-0.05512,-0.14506) av=(4.58858e-16,-0.207546,6.17117e-16)
in=(0,255,255,0) steer=-1.000 gnd=4.0 sp=3376.60 horiz=3374.06 velH=-1.8573 bodyH=-1.7912 slip=-0.0660 d=(-0.04917,-0.14793) av=(2.86657e-16,-0.208241,3.97865e-16)
in=(0,255,255,0) steer=-1.000 gnd=4.0 sp=3391.20 horiz=3388.64 velH=-1.8150 bodyH=-1.7487 slip=-0.0663 d=(-0.04308,-0.15054) av=(1.78657e-16,-0.208923,2.56489e-16)
in=(0,255,255,0) steer=-1.000 gnd=4.0 sp=3405.38 horiz=3402.79 velH=-1.7728 bodyH=-1.7062 slip=-0.0666 d=(-0.03684,-0.15287) av=(1.11067e-16,-0.20959,1.6532e-16)
in=(0,255,255,0) steer=-1.000 gnd=4.0 sp=3419.14 horiz=3416.53 velH=-1.7306 bodyH=-1.6637 slip=-0.0668 d=(-0.03048,-0.15493) av=(6.88618e-17,-0.210244,1.0653e-16)
in=(0,255,255,0) steer=-1.000 gnd=4.0 sp=3432.50 horiz=3429.86 velH=-1.6883 bodyH=-1.6212 slip=-0.0671 d=(-0.02401,-0.15670) av=(4.25708e-17,-0.210884,6.86235e-17)
in=(0,255,255,0) steer=-1.000 gnd=4.0 sp=3445.46 horiz=3442.80 velH=-1.6461 bodyH=-1.5787 slip=-0.0674 d=(-0.01743,-0.15819) av=(2.6235e-17,-0.21151,4.41867e-17)
in=(0,255,255,0) steer=-1.000 gnd=4.0 sp=3458.03 horiz=3455.35 velH=-1.6038 bodyH=-1.5362 slip=-0.0676 d=(-0.01078,-0.15938) av=(1.61125e-17,-0.212123,2.84378e-17)
in=(0,255,255,0) steer=-1.000 gnd=4.0 sp=3470.23 horiz=3467.53 velH=-1.5616 bodyH=-1.4937 slip=-0.0679 d=(-0.00405,-0.16027) av=(9.85867e-18,-0.212723,1.82917e-17)
in=(0,255,255,0) steer=-1.000 gnd=4.0 sp=3482.06 horiz=3479.34 velH=-1.5193 bodyH=-1.4512 slip=-0.0681 d=(0.00273,-0.16086) av=(6.00724e-18,-0.213309,1.17581e-17)
in=(0,255,255,0) steer=-1.000 gnd=4.0 sp=3493.54 horiz=3490.79 velH=-1.4770 bodyH=-1.4087 slip=-0.0683 d=(0.00956,-0.16114) av=(3.64359e-18,-0.213881,7.55298e-18)
in=(0,255,255,0) steer=-1.000 gnd=4.0 sp=3504.66 horiz=3501.90 velH=-1.4348 bodyH=-1.3662 slip=-0.0685 d=(0.01641,-0.16112) av=(2.19854e-18,-0.214441,4.84806e-18)
in=(0,255,255,0) steer=-1.000 gnd=4.0 sp=3515.45 horiz=3512.67 velH=-1.3925 bodyH=-1.3237 slip=-0.0688 d=(0.02328,-0.16078) av=(1.31882e-18,-0.214988,3.10928e-18)
in=(0,255,255,0) steer=-1.000 gnd=4.0 sp=3525.91 horiz=3523.10 velH=-1.3502 bodyH=-1.2812 slip=-0.0690 d=(0.03015,-0.16014) av=(7.85781e-19,-0.215522,1.99236e-18)
in=(0,255,255,0) steer=-1.000 gnd=4.0 sp=3536.04 horiz=3533.22 velH=-1.3079 bodyH=-1.2387 slip=-0.0692 d=(0.03700,-0.15919) av=(4.64515e-19,-0.216043,1.27547e-18)
in=(0,255,255,0) steer=-1.000 gnd=4.0 sp=3545.87 horiz=3543.03 velH=-1.2656 bodyH=-1.1962 slip=-0.0694 d=(0.04382,-0.15793) av=(2.72053e-19,-0.216552,8.15711e-19)
in=(0,255,255,0) steer=-1.000 gnd=4.0 sp=3555.38 horiz=3552.53 velH=-1.2233 bodyH=-1.1537 slip=-0.0696 d=(0.05060,-0.15637) av=(1.57553e-19,-0.217048,5.2113e-19)
in=(0,255,255,0) steer=-1.000 gnd=4.0 sp=3564.61 horiz=3561.73 velH=-1.1810 bodyH=-1.1112 slip=-0.0698 d=(0.05732,-0.15450) av=(8.99863e-20,-0.217532,3.32563e-19)
in=(0,255,255,0) steer=-1.000 gnd=4.0 sp=3573.54 horiz=3570.65 velH=-1.1387 bodyH=-1.0687 slip=-0.0700 d=(0.06397,-0.15233) av=(5.04981e-20,-0.218004,2.11979e-19)
in=(0,255,255,0) steer=-1.000 gnd=4.0 sp=3582.19 horiz=3579.29 velH=-1.0963 bodyH=-1.0262 slip=-0.0702 d=(0.07053,-0.14986) av=(2.76883e-20,-0.218465,1.34953e-19)
in=(0,255,255,0) steer=-1.000 gnd=4.0 sp=3590.58 horiz=3587.65 velH=-1.0540 bodyH=-0.9837 slip=-0.0703 d=(0.07699,-0.14709) av=(1.47022e-20,-0.218913,8.58044e-20)
in=(0,255,255,0) steer=-1.000 gnd=4.0 sp=3598.69 horiz=3595.76 velH=-1.0117 bodyH=-0.9412 slip=-0.0705 d=(0.08334,-0.14403) av=(7.44493e-21,-0.219351,5.44818e-20)
in=(0,255,255,0) steer=-1.000 gnd=4.0 sp=3606.56 horiz=3603.60 velH=-0.9694 bodyH=-0.8987 slip=-0.0707 d=(0.08956,-0.14069) av=(3.48788e-21,-0.219777,3.45444e-20)
in=(0,255,255,0) steer=-1.000 gnd=4.0 sp=3614.17 horiz=3611.20 velH=-0.9270 bodyH=-0.8562 slip=-0.0708 d=(0.09564,-0.13707) av=(1.40337e-21,-0.220192,2.18703e-20)
in=(0,255,255,0) steer=-1.000 gnd=4.0 sp=3621.53 horiz=3618.55 velH=-0.8847 bodyH=-0.8137 slip=-0.0710 d=(0.10156,-0.13318) av=(3.60748e-22,-0.220596,1.38246e-20)
in=(0,255,255,0) steer=-1.000 gnd=4.0 sp=3628.67 horiz=3625.67 velH=-0.8423 bodyH=-0.7712 slip=-0.0712 d=(0.10733,-0.12902) av=(-1.17172e-22,-0.220989,8.72427e-21)
in=(0,255,255,0) steer=-1.000 gnd=4.0 sp=3635.57 horiz=3632.56 velH=-0.8000 bodyH=-0.7287 slip=-0.0713 d=(0.11291,-0.12461) av=(-3.00168e-22,-0.221372,5.49599e-21)
in=(0,255,255,0) steer=-1.000 gnd=4.0 sp=3642.25 horiz=3639.23 velH=-0.7576 bodyH=-0.6862 slip=-0.0715 d=(0.11831,-0.11994) av=(-3.37653e-22,-0.221744,3.45587e-21)
in=(0,255,255,0) steer=-1.000 gnd=4.0 sp=3648.72 horiz=3645.68 velH=-0.7153 bodyH=-0.6437 slip=-0.0716 d=(0.12351,-0.11503) av=(-3.1009e-22,-0.222106,2.16876e-21)
in=(0,255,255,0) steer=-1.000 gnd=4.0 sp=3654.98 horiz=3651.93 velH=-0.6729 bodyH=-0.6012 slip=-0.0717 d=(0.12849,-0.10989) av=(-2.5911e-22,-0.222459,1.35815e-21)
in=(0,255,255,0) steer=-1.000 gnd=4.0 sp=3661.03 horiz=3657.97 velH=-0.6305 bodyH=-0.5587 slip=-0.0719 d=(0.13326,-0.10453) av=(-2.0494e-22,-0.222801,8.48594e-22)
in=(0,255,255,0) steer=-1.000 gnd=4.0 sp=3666.89 horiz=3663.82 velH=-0.5882 bodyH=-0.5162 slip=-0.0720 d=(0.13779,-0.09895) av=(-1.56364e-22,-0.223134,5.28922e-22)
in=(0,255,255,0) steer=-1.000 gnd=4.0 sp=3672.56 horiz=3669.48 velH=-0.5458 bodyH=-0.4737 slip=-0.0721 d=(0.14208,-0.09318) av=(-1.16304e-22,-0.223458,3.288e-22)
in=(0,255,255,0) steer=-1.000 gnd=4.0 sp=3678.04 horiz=3674.95 velH=-0.5034 bodyH=-0.4312 slip=-0.0723 d=(0.14612,-0.08721) av=(-8.48831e-23,-0.223773,2.03805e-22)
in=(0,255,255,0) steer=-1.000 gnd=4.0 sp=3683.35 horiz=3680.24 velH=-0.4610 bodyH=-0.3887 slip=-0.0724 d=(0.14991,-0.08106) av=(-6.1048e-23,-0.224078,1.25926e-22)
in=(0,255,255,0) steer=-1.000 gnd=4.0 sp=3688.48 horiz=3685.36 velH=-0.4187 bodyH=-0.3462 slip=-0.0725 d=(0.15343,-0.07474) av=(-4.33946e-23,-0.224375,7.75333e-23)
in=(0,255,255,0) steer=-1.000 gnd=4.0 sp=3693.44 horiz=3690.31 velH=-0.3763 bodyH=-0.3037 slip=-0.0726 d=(0.15667,-0.06827) av=(-3.05527e-23,-0.224664,4.75502e-23)
in=(0,255,255,0) steer=-1.000 gnd=4.0 sp=3698.24 horiz=3695.10 velH=-0.3339 bodyH=-0.2612 slip=-0.0727 d=(0.15964,-0.06165) av=(-2.13406e-23,-0.224944,2.9033e-23)
in=(0,255,255,0) steer=-1.000 gnd=4.0 sp=3702.88 horiz=3699.73 velH=-0.2915 bodyH=-0.2187 slip=-0.0728 d=(0.16231,-0.05490) av=(-1.48062e-23,-0.225216,1.76377e-23)
in=(0,255,255,0) steer=-1.000 gnd=4.0 sp=3707.36 horiz=3704.21 velH=-0.2491 bodyH=-0.1761 slip=-0.0729 d=(0.16470,-0.04803) av=(-1.02136e-23,-0.22548,1.0653e-23)
in=(0,255,255,0) steer=-1.000 gnd=4.0 sp=3711.70 horiz=3708.54 velH=-0.2067 bodyH=-0.1336 slip=-0.0730 d=(0.16679,-0.04105) av=(-7.0104e-24,-0.225736,6.39087e-24)
in=(0,255,255,0) steer=-1.000 gnd=4.0 sp=3715.89 horiz=3712.72 velH=-0.1643 bodyH=-0.0911 slip=-0.0731 d=(0.16857,-0.03399) av=(-4.7908e-24,-0.225984,3.80338e-24)
in=(0,255,255,0) steer=-1.000 gnd=4.0 sp=3719.95 horiz=3716.77 velH=-0.1219 bodyH=-0.0486 slip=-0.0732 d=(0.17005,-0.02684) av=(-3.26131e-24,-0.226226,2.24178e-24)
in=(0,255,255,0) steer=-1.000 gnd=4.0 sp=3723.87 horiz=3720.68 velH=-0.0795 bodyH=-0.0061 slip=-0.0733 d=(0.17122,-0.01963) av=(-2.21248e-24,-0.22646,1.30578e-24)
in=(0,255,255,0) steer=-1.000 gnd=4.0 sp=3727.66 horiz=3724.46 velH=-0.0371 bodyH=0.0364 slip=-0.0734 d=(0.17208,-0.01236) av=(-1.49631e-24,-0.226687,7.49322e-25)
in=(0,255,255,0) steer=-1.000 gnd=4.0 sp=3731.32 horiz=3728.11 velH=0.0054 bodyH=0.0789 slip=-0.0735 d=(0.17262,-0.00506) av=(-1.00912e-24,-0.226907,4.21743e-25)
in=(0,255,255,0) steer=-1.000 gnd=4.0 sp=3734.86 horiz=3731.64 velH=0.0478 bodyH=0.1214 slip=-0.0736 d=(0.17285,0.00227) av=(-6.78816e-25,-0.22712,2.31226e-25)
in=(0,255,255,0) steer=-1.000 gnd=4.0 sp=3738.28 horiz=3735.06 velH=0.0902 bodyH=0.1639 slip=-0.0737 d=(0.17276,0.00960) av=(-4.55552e-25,-0.227327,1.22109e-25)
in=(0,255,255,0) steer=-1.000 gnd=4.0 sp=3741.58 horiz=3738.36 velH=0.1326 bodyH=0.2064 slip=-0.0737 d=(0.17235,0.01694) av=(-3.05053e-25,-0.227527,6.08494e-26)
in=(0,255,255,0) steer=-1.000 gnd=4.0 sp=3744.78 horiz=3741.54 velH=0.1750 bodyH=0.2489 slip=-0.0738 d=(0.17163,0.02425) av=(-2.03857e-25,-0.227722,2.73801e-26)
in=(0,255,255,0) steer=-1.000 gnd=4.0 sp=3747.87 horiz=3744.63 velH=0.2175 bodyH=0.2914 slip=-0.0739 d=(0.17059,0.03154) av=(-1.3597e-25,-0.22791,9.79625e-27)
in=(0,255,255,0) steer=-1.000 gnd=4.0 sp=3750.85 horiz=3747.60 velH=0.2599 bodyH=0.3339 slip=-0.0740 d=(0.16924,0.03877) av=(-9.05255e-26,-0.228092,1.10735e-27)
in=(0,255,255,0) steer=-1.000 gnd=4.0 sp=3753.73 horiz=3750.48 velH=0.3023 bodyH=0.3764 slip=-0.0740 d=(0.16757,0.04595) av=(-6.01645e-26,-0.228269,-2.73935e-27)
in=(0,255,255,0) steer=-1.000 gnd=4.0 sp=3756.52 horiz=3753.26 velH=0.3448 bodyH=0.4189 slip=-0.0741 d=(0.16560,0.05306) av=(-3.9919e-26,-0.22844,-4.05576e-27)
in=(0,255,255,0) steer=-1.000 gnd=4.0 sp=3759.21 horiz=3755.94 velH=0.3872 bodyH=0.4614 slip=-0.0742 d=(0.16332,0.06008) av=(-2.64429e-26,-0.228606,-4.13297e-27)
in=(0,255,255,0) steer=-1.000 gnd=4.0 sp=3761.81 horiz=3758.54 velH=0.4297 bodyH=0.5039 slip=-0.0742 d=(0.16074,0.06701) av=(-1.74881e-26,-0.228767,-3.67118e-27)
in=(0,255,255,0) steer=-1.000 gnd=4.0 sp=3764.32 horiz=3761.04 velH=0.4721 bodyH=0.5464 slip=-0.0743 d=(0.15786,0.07381) av=(-1.15475e-26,-0.228922,-3.03424e-27)
in=(0,255,255,0) steer=-1.000 gnd=4.0 sp=3766.75 horiz=3763.47 velH=0.5145 bodyH=0.5889 slip=-0.0744 d=(0.15469,0.08050) av=(-7.61285e-27,-0.229073,-2.39863e-27)
in=(0,255,255,0) steer=-1.000 gnd=4.0 sp=3769.09 horiz=3765.81 velH=0.5570 bodyH=0.6314 slip=-0.0744 d=(0.15123,0.08705) av=(-5.01094e-27,-0.229219,-1.83966e-27)
in=(0,255,255,0) steer=-1.000 gnd=4.0 sp=3771.36 horiz=3768.07 velH=0.5994 bodyH=0.6739 slip=-0.0745 d=(0.14749,0.09344) av=(-3.29303e-27,-0.22936,-1.38036e-27)
in=(0,255,255,0) steer=-1.000 gnd=4.0 sp=3773.54 horiz=3770.25 velH=0.6419 bodyH=0.7164 slip=-0.0745 d=(0.14348,0.09968) av=(-2.16055e-27,-0.229497,-1.01864e-27)
in=(0,255,255,0) steer=-1.000 gnd=4.0 sp=3775.66 horiz=3772.36 velH=0.6843 bodyH=0.7589 slip=-0.0746 d=(0.13920,0.10573) av=(-1.41518e-27,-0.229629,-7.41954e-28)
in=(0,255,255,0) steer=-1.000 gnd=4.0 sp=3777.70 horiz=3774.39 velH=0.7268 bodyH=0.8014 slip=-0.0746 d=(0.13466,0.11161) av=(-9.2536e-28,-0.229757,-5.34748e-28)
in=(0,255,255,0) steer=-1.000 gnd=4.0 sp=3779.67 horiz=3776.36 velH=0.7692 bodyH=0.8439 slip=-0.0747 d=(0.12987,0.11729) av=(-6.04004e-28,-0.229881,-3.82063e-28)
in=(0,255,255,0) steer=-1.000 gnd=4.0 sp=3781.57 horiz=3778.26 velH=0.8117 bodyH=0.8864 slip=-0.0747 d=(0.12484,0.12276) av=(-3.93519e-28,-0.230001,-2.70977e-28)
in=(0,255,255,0) steer=-1.000 gnd=4.0 sp=3783.41 horiz=3780.10 velH=0.8541 bodyH=0.9289 slip=-0.0748 d=(0.11958,0.12801) av=(-2.55889e-28,-0.230117,-1.90986e-28)
in=(0,255,255,0) steer=-1.000 gnd=4.0 sp=3785.19 horiz=3781.87 velH=0.8966 bodyH=0.9714 slip=-0.0748 d=(0.11409,0.13303) av=(-1.66057e-28,-0.230229,-1.33876e-28)
in=(0,255,255,0) steer=-1.000 gnd=4.0 sp=3786.90 horiz=3783.58 velH=0.9391 bodyH=1.0139 slip=-0.0748 d=(0.10839,0.13782) av=(-1.07531e-28,-0.230337,-9.33949e-29)
in=(0,255,255,0) steer=-1.000 gnd=4.0 sp=3788.56 horiz=3785.23 velH=0.9815 bodyH=1.0564 slip=-0.0749 d=(0.10249,0.14236) av=(-6.94748e-29,-0.230442,-6.4877e-29)
in=(0,255,255,0) steer=-1.000 gnd=4.0 sp=3790.16 horiz=3786.83 velH=1.0240 bodyH=1.0989 slip=-0.0749 d=(0.09640,0.14664) av=(-4.47788e-29,-0.230544,-4.48946e-29)
in=(0,255,255,0) steer=-1.000 gnd=4.0 sp=3791.71 horiz=3788.37 velH=1.0664 bodyH=1.1414 slip=-0.0750 d=(0.09012,0.15067) av=(-2.87872e-29,-0.230642,-3.0959e-29)
in=(0,255,255,0) steer=-1.000 gnd=4.0 sp=3793.20 horiz=3789.86 velH=1.1089 bodyH=1.1839 slip=-0.0750 d=(0.08368,0.15442) av=(-1.84556e-29,-0.230737,-2.12813e-29)
in=(0,255,255,0) steer=-1.000 gnd=4.0 sp=3794.64 horiz=3791.29 velH=1.1514 bodyH=1.2264 slip=-0.0750 d=(0.07708,0.15789) av=(-1.17967e-29,-0.230829,-1.45859e-29)
in=(0,255,255,0) steer=-1.000 gnd=4.0 sp=3796.03 horiz=3792.68 velH=1.1938 bodyH=1.2689 slip=-0.0751 d=(0.07033,0.16108) av=(-7.5161e-30,-0.230918,-9.96968e-30)
in=(0,255,255,0) steer=-1.000 gnd=4.0 sp=3797.37 horiz=3794.02 velH=1.2363 bodyH=1.3114 slip=-0.0751 d=(0.06345,0.16398) av=(-4.77197e-30,-0.231003,-6.797e-30)
in=(0,255,255,0) steer=-1.000 gnd=4.0 sp=3798.67 horiz=3795.32 velH=1.2788 bodyH=1.3539 slip=-0.0751 d=(0.05645,0.16659) av=(-3.01806e-30,-0.231086,-4.62279e-30)
in=(0,255,255,0) steer=-1.000 gnd=4.0 sp=3799.92 horiz=3796.57 velH=1.3213 bodyH=1.3964 slip=-0.0752 d=(0.04935,0.16889) av=(-1.90069e-30,-0.231167,-3.13687e-30)
in=(0,255,255,0) steer=-1.000 gnd=4.0 sp=3801.13 horiz=3797.77 velH=1.3637 bodyH=1.4389 slip=-0.0752 d=(0.04215,0.17089) av=(-1.19135e-30,-0.231244,-2.12392e-30)
in=(0,255,255,0) steer=-1.000 gnd=4.0 sp=3802.30 horiz=3798.94 velH=1.4062 bodyH=1.4814 slip=-0.0752 d=(0.03486,0.17258) av=(-7.42785e-31,-0.231319,-1.43506e-30)
in=(0,255,255,0) steer=-1.000 gnd=4.0 sp=3803.42 horiz=3800.06 velH=1.4487 bodyH=1.5239 slip=-0.0753 d=(0.02751,0.17396) av=(-4.60339e-31,-0.231392,-9.67654e-31)
in=(0,255,255,0) steer=-1.000 gnd=4.0 sp=3804.51 horiz=3801.15 velH=1.4911 bodyH=1.5664 slip=-0.0753 d=(0.02011,0.17502) av=(-2.83337e-31,-0.231462,-6.51208e-31)
in=(0,255,255,0) steer=-1.000 gnd=4.0 sp=3805.56 horiz=3802.20 velH=1.5336 bodyH=1.6089 slip=-0.0753 d=(0.01266,0.17577) av=(-1.73006e-31,-0.231529,-4.37412e-31)
in=(0,255,255,0) steer=-1.000 gnd=4.0 sp=3806.58 horiz=3803.21 velH=1.5761 bodyH=1.6514 slip=-0.0753 d=(0.00519,0.17619) av=(-1.04648e-31,-0.231595,-2.93259e-31)
in=(0,255,255,0) steer=-1.000 gnd=4.0 sp=3807.56 horiz=3804.18 velH=1.6186 bodyH=1.6939 slip=-0.0754 d=(-0.00230,0.17630) av=(-6.25887e-32,-0.231658,-1.96254e-31)
in=(0,255,255,0) steer=-1.000 gnd=4.0 sp=3808.50 horiz=3805.13 velH=1.6611 bodyH=1.7364 slip=-0.0754 d=(-0.00979,0.17609) av=(-3.69178e-32,-0.231719,-1.311e-31)
in=(0,255,255,0) steer=-1.000 gnd=4.0 sp=3809.42 horiz=3806.04 velH=1.7035 bodyH=1.7789 slip=-0.0754 d=(-0.01726,0.17556) av=(-2.13978e-32,-0.231778,-8.74216e-32)
in=(0,255,255,0) steer=-1.000 gnd=4.0 sp=3810.30 horiz=3806.92 velH=1.7460 bodyH=1.8214 slip=-0.0754 d=(-0.02471,0.17471) av=(-1.21215e-32,-0.231835,-5.81928e-32)
in=(0,255,255,0) steer=-1.000 gnd=4.0 sp=1955.13 horiz=1954.96 velH=-3.1185 bodyH=-3.0991 slip=-0.0194 d=(-0.08888,-0.00038) av=(-8.70427e-33,-0.199425,-2.72774e-32)
in=(0,255,255,0) steer=-1.000 gnd=4.0 sp=2003.23 horiz=2002.81 velH=-3.0870 bodyH=-3.0566 slip=-0.0304 d=(-0.09113,-0.00265) av=(-1.03524e-32,-0.180588,-2.1928e-32)
in=(0,255,255,0) steer=-1.000 gnd=4.0 sp=2049.67 horiz=2049.05 velH=-3.0511 bodyH=-3.0141 slip=-0.0370 d=(-0.09319,-0.00573) av=(-9.1346e-33,-0.171601,-1.58879e-32)
in=(0,255,255,0) steer=-1.000 gnd=4.0 sp=2094.75 horiz=2093.98 velH=-3.0126 bodyH=-2.9716 slip=-0.0410 d=(-0.09504,-0.00933) av=(-6.05225e-33,-0.16727,-9.27098e-33)
in=(0,255,255,0) steer=-1.000 gnd=4.0 sp=2138.72 horiz=2137.83 velH=-2.9727 bodyH=-2.9291 slip=-0.0436 d=(-0.09666,-0.01329) av=(-3.69371e-33,-0.165994,-4.95805e-33)
in=(0,255,255,0) steer=-1.000 gnd=4.0 sp=2181.71 horiz=2180.74 velH=-2.9320 bodyH=-2.8866 slip=-0.0454 d=(-0.09804,-0.01750) av=(-2.22183e-33,-0.166146,-2.58696e-33)
in=(0,255,255,0) steer=-1.000 gnd=4.0 sp=2223.82 horiz=2222.78 velH=-2.8908 bodyH=-2.8441 slip=-0.0467 d=(-0.09918,-0.02191) av=(-1.33094e-33,-0.166949,-1.32867e-33)
in=(0,255,255,0) steer=-1.000 gnd=4.0 sp=2265.12 horiz=2264.02 velH=-2.8493 bodyH=-2.8016 slip=-0.0477 d=(-0.10007,-0.02648) av=(-7.9628e-34,-0.16803,-6.72313e-34)
in=(0,255,255,0) steer=-1.000 gnd=4.0 sp=2305.63 horiz=2304.48 velH=-2.8076 bodyH=-2.7591 slip=-0.0486 d=(-0.10070,-0.03117) av=(-4.76267e-34,-0.169218,-3.34396e-34)
in=(0,255,255,0) steer=-1.000 gnd=4.0 sp=2345.38 horiz=2344.19 velH=-2.7659 bodyH=-2.7166 slip=-0.0493 d=(-0.10107,-0.03597) av=(-2.84868e-34,-0.170435,-1.62676e-34)
in=(0,255,255,0) steer=-1.000 gnd=4.0 sp=2384.37 horiz=2383.14 velH=-2.7240 bodyH=-2.6741 slip=-0.0500 d=(-0.10118,-0.04084) av=(-1.704e-34,-0.171649,-7.67255e-35)
in=(0,255,255,0) steer=-1.000 gnd=4.0 sp=2422.63 horiz=2421.35 velH=-2.6821 bodyH=-2.6316 slip=-0.0506 d=(-0.10102,-0.04578) av=(-1.01932e-34,-0.172847,-3.45304e-35)
in=(0,255,255,0) steer=-1.000 gnd=4.0 sp=2460.15 horiz=2458.83 velH=-2.6402 bodyH=-2.5891 slip=-0.0512 d=(-0.10059,-0.05076) av=(-6.09713e-35,-0.174026,-1.43584e-35)
in=(0,255,255,0) steer=-1.000 gnd=4.0 sp=2496.93 horiz=2495.57 velH=-2.5983 bodyH=-2.5466 slip=-0.0517 d=(-0.09988,-0.05578) av=(-3.64651e-35,-0.175188,-5.0834e-36)
in=(0,255,255,0) steer=-1.000 gnd=4.0 sp=2532.98 horiz=2531.58 velH=-2.5563 bodyH=-2.5041 slip=-0.0523 d=(-0.09890,-0.06080) av=(-2.18034e-35,-0.176333,-1.07796e-36)
in=(0,255,255,0) steer=-1.000 gnd=4.0 sp=2568.30 horiz=2566.86 velH=-2.5143 bodyH=-2.4616 slip=-0.0528 d=(-0.09764,-0.06583) av=(-1.30325e-35,-0.177464,4.61738e-37)
in=(0,255,255,0) steer=-1.000 gnd=4.0 sp=2602.90 horiz=2601.42 velH=-2.4724 bodyH=-2.4191 slip=-0.0533 d=(-0.09610,-0.07083) av=(-7.78675e-36,-0.178582,9.04843e-37)
in=(0,255,255,0) steer=-1.000 gnd=4.0 sp=2636.77 horiz=2635.25 velH=-2.4304 bodyH=-2.3766 slip=-0.0538 d=(-0.09429,-0.07580) av=(-4.65031e-36,-0.179687,9.01445e-37)
in=(0,255,255,0) steer=-1.000 gnd=4.0 sp=2669.93 horiz=2668.37 velH=-2.3884 bodyH=-2.3341 slip=-0.0543 d=(-0.09220,-0.08072) av=(-2.77577e-36,-0.18078,7.47496e-37)
in=(0,255,255,0) steer=-1.000 gnd=4.0 sp=2702.38 horiz=2700.78 velH=-2.3464 bodyH=-2.2916 slip=-0.0548 d=(-0.08983,-0.08557) av=(-1.65593e-36,-0.181862,5.68732e-37)
in=(0,255,255,0) steer=-1.000 gnd=4.0 sp=2734.11 horiz=2732.48 velH=-2.3043 bodyH=-2.2490 slip=-0.0553 d=(-0.08720,-0.09034) av=(-9.87299e-37,-0.182932,4.11904e-37)
in=(0,255,255,0) steer=-1.000 gnd=4.0 sp=2765.15 horiz=2763.48 velH=-2.2623 bodyH=-2.2065 slip=-0.0558 d=(-0.08430,-0.09502) av=(-5.883e-37,-0.183992,2.89094e-37)
in=(0,255,255,0) steer=-1.000 gnd=4.0 sp=2795.49 horiz=2793.78 velH=-2.2203 bodyH=-2.1640 slip=-0.0562 d=(-0.08113,-0.09958) av=(-3.50344e-37,-0.18504,1.98612e-37)
in=(0,255,255,0) steer=-1.000 gnd=4.0 sp=2825.14 horiz=2823.39 velH=-2.1782 bodyH=-2.1215 slip=-0.0567 d=(-0.07771,-0.10402) av=(-2.0852e-37,-0.186076,1.34398e-37)
in=(0,255,255,0) steer=-1.000 gnd=4.0 sp=2854.10 horiz=2852.32 velH=-2.1362 bodyH=-2.0790 slip=-0.0571 d=(-0.07404,-0.10832) av=(-1.24043e-37,-0.187101,8.99449e-38)
in=(0,255,255,0) steer=-1.000 gnd=4.0 sp=2882.39 horiz=2880.57 velH=-2.0941 bodyH=-2.0365 slip=-0.0576 d=(-0.07013,-0.11247) av=(-7.3756e-38,-0.188114,5.97008e-38)
in=(0,255,255,0) steer=-1.000 gnd=4.0 sp=2910.01 horiz=2908.16 velH=-2.0520 bodyH=-1.9940 slip=-0.0580 d=(-0.06598,-0.11645) av=(-4.3839e-38,-0.189116,3.93804e-38)
in=(0,255,255,0) steer=-1.000 gnd=4.0 sp=2936.98 horiz=2935.08 velH=-2.0100 bodyH=-1.9515 slip=-0.0584 d=(-0.06161,-0.12026) av=(-2.60502e-38,-0.190105,2.58534e-38)
in=(0,255,255,0) steer=-1.000 gnd=4.0 sp=2963.29 horiz=2961.36 velH=-1.9679 bodyH=-1.9090 slip=-0.0589 d=(-0.05701,-0.12387) av=(-1.54778e-38,-0.191082,1.69109e-38)
in=(0,255,255,0) steer=-1.000 gnd=4.0 sp=2988.95 horiz=2986.99 velH=-1.9258 bodyH=-1.8665 slip=-0.0593 d=(-0.05221,-0.12728) av=(-9.19666e-39,-0.192046,1.10303e-38)
in=(0,255,255,0) steer=-1.000 gnd=4.0 sp=3013.98 horiz=3011.99 velH=-1.8837 bodyH=-1.8240 slip=-0.0597 d=(-0.04721,-0.13047) av=(-5.46599e-39,-0.192998,7.17888e-39)
in=(0,255,255,0) steer=-1.000 gnd=4.0 sp=3038.39 horiz=3036.36 velH=-1.8416 bodyH=-1.7815 slip=-0.0601 d=(-0.04203,-0.13344) av=(-3.25039e-39,-0.193936,4.66419e-39)
in=(0,255,255,0) steer=-1.000 gnd=4.0 sp=3062.18 horiz=3060.12 velH=-1.7995 bodyH=-1.7390 slip=-0.0605 d=(-0.03667,-0.13618) av=(-1.93445e-39,-0.194862,3.02625e-39)
in=(0,255,255,0) steer=-1.000 gnd=4.0 sp=3085.37 horiz=3083.27 velH=-1.7574 bodyH=-1.6965 slip=-0.0609 d=(-0.03114,-0.13867) av=(-1.15262e-39,-0.195774,1.96137e-39)
in=(0,255,255,0) steer=-1.000 gnd=4.0 sp=3107.95 horiz=3105.83 velH=-1.7153 bodyH=-1.6540 slip=-0.0612 d=(-0.02546,-0.14090) av=(-6.8785e-40,-0.196673,1.27006e-39)
in=(0,255,255,0) steer=-1.000 gnd=4.0 sp=3129.96 horiz=3127.80 velH=-1.6731 bodyH=-1.6115 slip=-0.0616 d=(-0.01965,-0.14288) av=(-4.11309e-40,-0.197559,8.21798e-40)
in=(0,255,255,0) steer=-1.000 gnd=4.0 sp=3151.38 horiz=3149.19 velH=-1.6310 bodyH=-1.5690 slip=-0.0620 d=(-0.01371,-0.14459) av=(-2.4656e-40,-0.198431,5.31403e-40)
in=(0,255,255,0) steer=-1.000 gnd=4.0 sp=3172.24 horiz=3170.02 velH=-1.5889 bodyH=-1.5265 slip=-0.0623 d=(-0.00766,-0.14602) av=(-1.48246e-40,-0.199289,3.43423e-40)
in=(0,255,255,0) steer=-1.000 gnd=4.0 sp=3192.54 horiz=3190.29 velH=-1.5467 bodyH=-1.4840 slip=-0.0627 d=(-0.00151,-0.14717) av=(-8.94533e-41,-0.200134,2.21817e-40)
in=(0,255,255,0) steer=-1.000 gnd=4.0 sp=3212.30 horiz=3210.02 velH=-1.5045 bodyH=-1.4415 slip=-0.0630 d=(0.00472,-0.14804) av=(-5.4198e-41,-0.200964,1.43196e-40)
in=(0,255,255,0) steer=-1.000 gnd=4.0 sp=3231.52 horiz=3229.21 velH=-1.4624 bodyH=-1.3990 slip=-0.0634 d=(0.01102,-0.14862) av=(-3.29908e-41,-0.201781,9.23918e-41)
in=(0,255,255,0) steer=-1.000 gnd=4.0 sp=3250.21 horiz=3247.87 velH=-1.4202 bodyH=-1.3565 slip=-0.0637 d=(0.01738,-0.14890) av=(-2.01857e-41,-0.202584,5.9579e-41)
in=(0,255,255,0) steer=-1.000 gnd=4.0 sp=3268.40 horiz=3266.03 velH=-1.3780 bodyH=-1.3140 slip=-0.0640 d=(0.02378,-0.14888) av=(-1.24225e-41,-0.203372,3.83984e-41)
in=(0,255,255,0) steer=-1.000 gnd=4.0 sp=3286.07 horiz=3283.68 velH=-1.3359 bodyH=-1.2715 slip=-0.0644 d=(0.03020,-0.14857) av=(-7.69033e-42,-0.204147,2.47315e-41)
in=(0,255,255,0) steer=-1.000 gnd=4.0 sp=3303.26 horiz=3300.83 velH=-1.2937 bodyH=-1.2290 slip=-0.0647 d=(0.03663,-0.14795) av=(-4.79104e-42,-0.204907,1.59188e-41)
in=(0,255,255,0) steer=-1.000 gnd=4.0 sp=3319.96 horiz=3317.51 velH=-1.2515 bodyH=-1.1865 slip=-0.0650 d=(0.04306,-0.14703) av=(-3.00438e-42,-0.205654,1.02393e-41)
in=(0,255,255,0) steer=-1.000 gnd=4.0 sp=3336.19 horiz=3333.71 velH=-1.2093 bodyH=-1.1440 slip=-0.0653 d=(0.04947,-0.14581) av=(-1.89456e-42,-0.206386,6.5819e-42)
in=(0,255,255,0) steer=-1.000 gnd=4.0 sp=3351.95 horiz=3349.45 velH=-1.1671 bodyH=-1.1015 slip=-0.0656 d=(0.05585,-0.14429) av=(-1.20372e-42,-0.207104,4.22772e-42)
in=(0,255,255,0) steer=-1.000 gnd=4.0 sp=3367.27 horiz=3364.74 velH=-1.1248 bodyH=-1.0590 slip=-0.0659 d=(0.06218,-0.14247) av=(-7.69313e-43,-0.207809,2.71291e-42)
in=(0,255,255,0) steer=-1.000 gnd=4.0 sp=3382.14 horiz=3379.59 velH=-1.0826 bodyH=-1.0165 slip=-0.0661 d=(0.06844,-0.14035) av=(-4.94658e-43,-0.208499,1.73901e-42)
in=(0,255,255,0) steer=-1.000 gnd=4.0 sp=3396.58 horiz=3394.00 velH=-1.0404 bodyH=-0.9740 slip=-0.0664 d=(0.07463,-0.13794) av=(-3.19496e-43,-0.209175,1.11263e-42)
in=(0,255,255,0) steer=-1.000 gnd=4.0 sp=3410.60 horiz=3408.00 velH=-0.9982 bodyH=-0.9315 slip=-0.0667 d=(0.08072,-0.13523) av=(-2.07392e-43,-0.209837,7.13261e-43)
in=(0,255,255,0) steer=-1.000 gnd=4.0 sp=3424.21 horiz=3421.58 velH=-0.9559 bodyH=-0.8890 slip=-0.0669 d=(0.08672,-0.13224) av=(-1.35926e-43,-0.210486,4.55422e-43)
in=(0,255,255,0) steer=-1.000 gnd=4.0 sp=3437.41 horiz=3434.77 velH=-0.9137 bodyH=-0.8465 slip=-0.0672 d=(0.09259,-0.12897) av=(-8.96831e-44,-0.211121,2.90069e-43)
in=(0,255,255,0) steer=-1.000 gnd=4.0 sp=3450.23 horiz=3447.56 velH=-0.8714 bodyH=-0.8040 slip=-0.0675 d=(0.09833,-0.12542) av=(-5.74532e-44,-0.211742,1.84971e-43)
in=(0,255,255,0) steer=-1.000 gnd=4.0 sp=3462.66 horiz=3459.97 velH=-0.8292 bodyH=-0.7615 slip=-0.0677 d=(0.10392,-0.12161) av=(-3.78351e-44,-0.21235,1.1911e-43)
in=(0,255,255,0) steer=-1.000 gnd=4.0 sp=3474.72 horiz=3472.01 velH=-0.7869 bodyH=-0.7190 slip=-0.0679 d=(0.10935,-0.11753) av=(-2.38221e-44,-0.212944,7.56701e-44)
in=(0,255,255,0) steer=-1.000 gnd=4.0 sp=3486.41 horiz=3483.68 velH=-0.7446 bodyH=-0.6765 slip=-0.0682 d=(0.11461,-0.11319) av=(-1.54143e-44,-0.213525,4.76441e-44)
in=(0,255,255,0) steer=-1.000 gnd=4.0 sp=3497.76 horiz=3495.00 velH=-0.7024 bodyH=-0.6340 slip=-0.0684 d=(0.11969,-0.10861) av=(-1.12104e-44,-0.214093,3.08286e-44)
in=(0,255,255,0) steer=-1.000 gnd=4.0 sp=3508.75 horiz=3505.98 velH=-0.6601 bodyH=-0.5915 slip=-0.0686 d=(0.12457,-0.10379) av=(-7.00649e-45,-0.214648,2.10195e-44)
in=(0,255,255,0) steer=-1.000 gnd=4.0 sp=3519.42 horiz=3516.63 velH=-0.6178 bodyH=-0.5490 slip=-0.0688 d=(0.12925,-0.09874) av=(-4.2039e-45,-0.21519,1.4013e-44)
in=(0,255,255,0) steer=-1.000 gnd=4.0 sp=3529.75 horiz=3526.94 velH=-0.5755 bodyH=-0.5065 slip=-0.0691 d=(0.13371,-0.09346) av=(-4.2039e-45,-0.215719,9.80909e-45)
in=(0,255,255,0) steer=-1.000 gnd=4.0 sp=3539.77 horiz=3536.94 velH=-0.5332 bodyH=-0.4640 slip=-0.0693 d=(0.13794,-0.08798) av=(-4.2039e-45,-0.216235,5.60519e-45)
in=(0,255,255,0) steer=-1.000 gnd=4.0 sp=3549.48 horiz=3546.63 velH=-0.4909 bodyH=-0.4215 slip=-0.0695 d=(0.14194,-0.08230) av=(-4.2039e-45,-0.21674,4.2039e-45)
in=(0,255,255,0) steer=-1.000 gnd=4.0 sp=3558.88 horiz=3556.02 velH=-0.4486 bodyH=-0.3790 slip=-0.0697 d=(0.14568,-0.07643) av=(-4.2039e-45,-0.217231,4.2039e-45)
in=(0,255,255,0) steer=-1.000 gnd=4.0 sp=3567.99 horiz=3565.11 velH=-0.4063 bodyH=-0.3365 slip=-0.0699 d=(0.14918,-0.07039) av=(-4.2039e-45,-0.217711,4.2039e-45)
in=(0,255,255,0) steer=-1.000 gnd=4.0 sp=3576.82 horiz=3573.93 velH=-0.3640 bodyH=-0.2940 slip=-0.0700 d=(0.15241,-0.06418) av=(-4.2039e-45,-0.218179,4.2039e-45)
in=(0,255,255,0) steer=-1.000 gnd=4.0 sp=3585.37 horiz=3582.46 velH=-0.3217 bodyH=-0.2514 slip=-0.0702 d=(0.15537,-0.05781) av=(-4.2039e-45,-0.218635,4.2039e-45)
in=(0,255,255,0) steer=-1.000 gnd=4.0 sp=3593.66 horiz=3590.73 velH=-0.2793 bodyH=-0.2089 slip=-0.0704 d=(0.15805,-0.05131) av=(-4.2039e-45,-0.219079,4.2039e-45)
in=(0,255,255,0) steer=-1.000 gnd=4.0 sp=3601.68 horiz=3598.73 velH=-0.2370 bodyH=-0.1664 slip=-0.0706 d=(0.16044,-0.04468) av=(-4.2039e-45,-0.219512,4.2039e-45)
in=(0,255,255,0) steer=-1.000 gnd=4.0 sp=3609.44 horiz=3606.48 velH=-0.1947 bodyH=-0.1239 slip=-0.0707 d=(0.16255,-0.03793) av=(-4.2039e-45,-0.219934,4.2039e-45)
in=(0,255,255,0) steer=-1.000 gnd=4.0 sp=3616.96 horiz=3613.99 velH=-0.1523 bodyH=-0.0814 slip=-0.0709 d=(0.16436,-0.03109) av=(-4.2039e-45,-0.220345,4.2039e-45)
in=(0,255,255,0) steer=-1.000 gnd=4.0 sp=3624.24 horiz=3621.25 velH=-0.1100 bodyH=-0.0389 slip=-0.0711 d=(0.16587,-0.02415) av=(-4.2039e-45,-0.220744,4.2039e-45)
in=(0,255,255,0) steer=-1.000 gnd=4.0 sp=3631.29 horiz=3628.29 velH=-0.0677 bodyH=0.0036 slip=-0.0712 d=(0.16707,-0.01714) av=(-4.2039e-45,-0.221134,4.2039e-45)
in=(0,255,255,0) steer=-1.000 gnd=4.0 sp=3638.11 horiz=3635.09 velH=-0.0253 bodyH=0.0461 slip=-0.0714 d=(0.16797,-0.01008) av=(-4.2039e-45,-0.221513,4.2039e-45)
in=(0,255,255,0) steer=-1.000 gnd=4.0 sp=1869.85 horiz=1869.70 velH=1.7606 bodyH=1.7795 slip=-0.0190 d=(-0.01441,0.08367) av=(-2.8026e-45,-0.200976,2.8026e-45)
in=(0,255,255,0) steer=-1.000 gnd=4.0 sp=1918.97 horiz=1918.58 velH=1.7922 bodyH=1.8220 slip=-0.0298 d=(-0.01697,0.08556) av=(-2.8026e-45,-0.180553,2.8026e-45)
in=(0,255,255,0) steer=-1.000 gnd=4.0 sp=1966.51 horiz=1965.94 velH=1.8284 bodyH=1.8645 slip=-0.0362 d=(-0.02026,0.08715) av=(-2.8026e-45,-0.170667,2.8026e-45)
in=(0,255,255,0) steer=-1.000 gnd=4.0 sp=2012.78 horiz=2012.06 velH=1.8669 bodyH=1.9070 slip=-0.0401 d=(-0.02400,0.08846) av=(-2.8026e-45,-0.165829,2.8026e-45)
in=(0,255,255,0) steer=-1.000 gnd=4.0 sp=2057.97 horiz=2057.14 velH=1.9069 bodyH=1.9495 slip=-0.0426 d=(-0.02806,0.08949) av=(-2.8026e-45,-0.164261,2.8026e-45)
in=(0,255,255,0) steer=-1.000 gnd=4.0 sp=2102.22 horiz=2101.32 velH=1.9477 bodyH=1.9920 slip=-0.0444 d=(-0.03232,0.09025) av=(-2.8026e-45,-0.164243,2.8026e-45)
in=(0,255,255,0) steer=-1.000 gnd=4.0 sp=2145.63 horiz=2144.66 velH=1.9889 bodyH=2.0346 slip=-0.0457 d=(-0.03675,0.09075) av=(-2.8026e-45,-0.164945,2.8026e-45)
in=(0,255,255,0) steer=-1.000 gnd=4.0 sp=2188.24 horiz=2187.21 velH=2.0304 bodyH=2.0771 slip=-0.0467 d=(-0.04129,0.09097) av=(-2.8026e-45,-0.165967,2.8026e-45)
in=(0,255,255,0) steer=-1.000 gnd=4.0 sp=2230.07 horiz=2229.00 velH=2.0721 bodyH=2.1196 slip=-0.0475 d=(-0.04591,0.09094) av=(-2.8026e-45,-0.167122,2.8026e-45)
in=(0,255,255,0) steer=-1.000 gnd=4.0 sp=2271.16 horiz=2270.04 velH=2.1138 bodyH=2.1621 slip=-0.0482 d=(-0.05060,0.09063) av=(-2.8026e-45,-0.168323,2.8026e-45)
in=(0,255,255,0) steer=-1.000 gnd=4.0 sp=2311.50 horiz=2310.34 velH=2.1557 bodyH=2.2046 slip=-0.0489 d=(-0.05533,0.09005) av=(-2.8026e-45,-0.16953,2.8026e-45)
in=(0,255,255,0) steer=-1.000 gnd=4.0 sp=2351.11 horiz=2349.90 velH=2.1975 bodyH=2.2471 slip=-0.0495 d=(-0.06009,0.08920) av=(-2.8026e-45,-0.170729,2.8026e-45)
in=(0,255,255,0) steer=-1.000 gnd=4.0 sp=2389.97 horiz=2388.73 velH=2.2394 bodyH=2.2896 slip=-0.0501 d=(-0.06485,0.08808) av=(-2.8026e-45,-0.171915,2.8026e-45)
in=(0,255,255,0) steer=-1.000 gnd=4.0 sp=2428.11 horiz=2426.82 velH=2.2814 bodyH=2.3321 slip=-0.0507 d=(-0.06960,0.08668) av=(-2.8026e-45,-0.173086,2.8026e-45)
in=(0,255,255,0) steer=-1.000 gnd=4.0 sp=2465.51 horiz=2464.18 velH=2.3233 bodyH=2.3746 slip=-0.0513 d=(-0.07433,0.08501) av=(-2.8026e-45,-0.174243,2.8026e-45)
in=(0,255,255,0) steer=-1.000 gnd=4.0 sp=2502.18 horiz=2500.81 velH=2.3653 bodyH=2.4171 slip=-0.0518 d=(-0.07902,0.08307) av=(-2.8026e-45,-0.175388,2.8026e-45)
in=(0,255,255,0) steer=-1.000 gnd=4.0 sp=2538.12 horiz=2536.71 velH=2.4072 bodyH=2.4596 slip=-0.0523 d=(-0.08365,0.08086) av=(-2.8026e-45,-0.176521,2.8026e-45)
in=(0,255,255,0) steer=-1.000 gnd=4.0 sp=2573.34 horiz=2571.89 velH=2.4492 bodyH=2.5021 slip=-0.0529 d=(-0.08820,0.07838) av=(-2.8026e-45,-0.177642,2.8026e-45)
in=(0,255,255,0) steer=-1.000 gnd=4.0 sp=2607.83 horiz=2606.34 velH=2.4912 bodyH=2.5446 slip=-0.0534 d=(-0.09267,0.07563) av=(-2.8026e-45,-0.178752,2.8026e-45)
in=(0,255,255,0) steer=-1.000 gnd=4.0 sp=2641.60 horiz=2640.07 velH=2.5332 bodyH=2.5871 slip=-0.0539 d=(-0.09704,0.07263) av=(-2.8026e-45,-0.179852,2.8026e-45)
in=(0,255,255,0) steer=-1.000 gnd=4.0 sp=2674.65 horiz=2673.09 velH=2.5752 bodyH=2.6296 slip=-0.0544 d=(-0.10128,0.06937) av=(-2.8026e-45,-0.180941,2.8026e-45)
in=(0,255,255,0) steer=-1.000 gnd=4.0 sp=2707.00 horiz=2705.39 velH=2.6172 bodyH=2.6721 slip=-0.0549 d=(-0.10540,0.06586) av=(-2.8026e-45,-0.18202,2.8026e-45)
in=(0,255,255,0) steer=-1.000 gnd=4.0 sp=2738.63 horiz=2736.99 velH=2.6592 bodyH=2.7146 slip=-0.0554 d=(-0.10937,0.06211) av=(-2.8026e-45,-0.183088,2.8026e-45)
in=(0,255,255,0) steer=-1.000 gnd=4.0 sp=2769.57 horiz=2767.89 velH=2.7013 bodyH=2.7571 slip=-0.0558 d=(-0.11317,0.05813) av=(-2.8026e-45,-0.184145,2.8026e-45)
in=(0,255,255,0) steer=-1.000 gnd=4.0 sp=2799.80 horiz=2798.09 velH=2.7433 bodyH=2.7996 slip=-0.0563 d=(-0.11681,0.05392) av=(-2.8026e-45,-0.185191,2.8026e-45)
in=(0,255,255,0) steer=-1.000 gnd=4.0 sp=2829.35 horiz=2827.60 velH=2.7853 bodyH=2.8421 slip=-0.0567 d=(-0.12026,0.04950) av=(-2.8026e-45,-0.186225,2.8026e-45)
in=(0,255,255,0) steer=-1.000 gnd=4.0 sp=2858.22 horiz=2856.43 velH=2.8274 bodyH=2.8846 slip=-0.0572 d=(-0.12351,0.04486) av=(-2.8026e-45,-0.187248,2.8026e-45)
in=(0,255,255,0) steer=-1.000 gnd=4.0 sp=2886.42 horiz=2884.59 velH=2.8695 bodyH=2.9271 slip=-0.0576 d=(-0.12655,0.04003) av=(-2.8026e-45,-0.18826,2.8026e-45)
in=(0,255,255,0) steer=-1.000 gnd=4.0 sp=2913.94 horiz=2912.08 velH=2.9115 bodyH=2.9696 slip=-0.0581 d=(-0.12938,0.03502) av=(-2.8026e-45,-0.189259,2.8026e-45)
in=(0,255,255,0) steer=-1.000 gnd=4.0 sp=2940.81 horiz=2938.91 velH=2.9536 bodyH=3.0121 slip=-0.0585 d=(-0.13197,0.02982) av=(-2.8026e-45,-0.190247,2.8026e-45)
in=(0,255,255,0) steer=-1.000 gnd=4.0 sp=2967.02 horiz=2965.09 velH=2.9957 bodyH=3.0546 slip=-0.0589 d=(-0.13433,0.02447) av=(-2.8026e-45,-0.191222,2.8026e-45)
in=(0,255,255,0) steer=-1.000 gnd=4.0 sp=2992.60 horiz=2990.63 velH=3.0378 bodyH=3.0971 slip=-0.0593 d=(-0.13643,0.01896) av=(-2.8026e-45,-0.192184,2.8026e-45)
in=(0,255,255,0) steer=-1.000 gnd=4.0 sp=3017.54 horiz=3015.54 velH=3.0799 bodyH=3.1396 slip=-0.0597 d=(-0.13828,0.01332) av=(-2.8026e-45,-0.193134,2.8026e-45)
in=(0,255,255,0) steer=-1.000 gnd=4.0 sp=3041.86 horiz=3039.82 velH=3.1220 bodyH=-3.1011 slip=-0.0601 d=(-0.13986,0.00755) av=(-2.8026e-45,-0.194071,2.8026e-45)
in=(0,255,255,0) steer=-1.000 gnd=4.0 sp=3065.56 horiz=3063.49 velH=-3.1191 bodyH=-3.0586 slip=-0.0605 d=(-0.14118,0.00167) av=(-2.8026e-45,-0.194994,2.8026e-45)
in=(0,255,255,0) steer=-1.000 gnd=4.0 sp=3088.66 horiz=3086.56 velH=-3.0770 bodyH=-3.0161 slip=-0.0609 d=(-0.14221,-0.00431) av=(-2.8026e-45,-0.195905,2.8026e-45)
in=(0,255,255,0) steer=-1.000 gnd=4.0 sp=3111.16 horiz=3109.03 velH=-3.0349 bodyH=-2.9736 slip=-0.0613 d=(-0.14296,-0.01037) av=(-2.8026e-45,-0.196802,2.8026e-45)
in=(0,255,255,0) steer=-1.000 gnd=4.0 sp=3133.08 horiz=3130.92 velH=-2.9927 bodyH=-2.9311 slip=-0.0617 d=(-0.14343,-0.01650) av=(-2.8026e-45,-0.197686,2.8026e-45)
in=(0,255,255,0) steer=-1.000 gnd=4.0 sp=3154.42 horiz=3152.23 velH=-2.9506 bodyH=-2.8886 slip=-0.0620 d=(-0.14360,-0.02268) av=(-2.8026e-45,-0.198556,2.8026e-45)
in=(0,255,255,0) steer=-1.000 gnd=4.0 sp=3175.20 horiz=3172.97 velH=-2.9085 bodyH=-2.8461 slip=-0.0624 d=(-0.14348,-0.02890) av=(-2.8026e-45,-0.199412,2.8026e-45)
in=(0,255,255,0) steer=-1.000 gnd=4.0 sp=3195.42 horiz=3193.17 velH=-2.8663 bodyH=-2.8036 slip=-0.0627 d=(-0.14306,-0.03515) av=(-2.8026e-45,-0.200254,2.8026e-45)
in=(0,255,255,0) steer=-1.000 gnd=4.0 sp=3215.10 horiz=3212.81 velH=-2.8241 bodyH=-2.7611 slip=-0.0631 d=(-0.14235,-0.04141) av=(-2.8026e-45,-0.201083,2.8026e-45)
in=(0,255,255,0) steer=-1.000 gnd=4.0 sp=3234.24 horiz=3231.93 velH=-2.7820 bodyH=-2.7186 slip=-0.0634 d=(-0.14133,-0.04766) av=(-2.8026e-45,-0.201898,2.8026e-45)
in=(0,255,255,0) steer=-1.000 gnd=4.0 sp=3252.87 horiz=3250.52 velH=-2.7398 bodyH=-2.6761 slip=-0.0638 d=(-0.14002,-0.05389) av=(-2.8026e-45,-0.202698,2.8026e-45)
in=(0,255,255,0) steer=-1.000 gnd=4.0 sp=3270.97 horiz=3268.60 velH=-2.6976 bodyH=-2.6336 slip=-0.0641 d=(-0.13841,-0.06008) av=(-2.8026e-45,-0.203485,2.8026e-45)
in=(0,255,255,0) steer=-1.000 gnd=4.0 sp=3288.58 horiz=3286.18 velH=-2.6555 bodyH=-2.5911 slip=-0.0644 d=(-0.13650,-0.06623) av=(-2.8026e-45,-0.204257,2.8026e-45)
in=(0,255,255,0) steer=-1.000 gnd=4.0 sp=3305.69 horiz=3303.27 velH=-2.6133 bodyH=-2.5485 slip=-0.0647 d=(-0.13430,-0.07231) av=(-2.8026e-45,-0.205016,2.8026e-45)
in=(0,255,255,0) steer=-1.000 gnd=4.0 sp=3322.33 horiz=3319.87 velH=-2.5711 bodyH=-2.5060 slip=-0.0650 d=(-0.13181,-0.07831) av=(-2.8026e-45,-0.20576,2.8026e-45)
in=(0,255,255,0) steer=-1.000 gnd=4.0 sp=3338.49 horiz=3336.01 velH=-2.5289 bodyH=-2.4635 slip=-0.0653 d=(-0.12903,-0.08422) av=(-2.8026e-45,-0.20649,2.8026e-45)
in=(0,255,255,0) steer=-1.000 gnd=4.0 sp=3354.19 horiz=3351.68 velH=-2.4867 bodyH=-2.4210 slip=-0.0656 d=(-0.12596,-0.09002) av=(-2.8026e-45,-0.207207,2.8026e-45)
in=(0,255,255,0) steer=-1.000 gnd=4.0 sp=3369.44 horiz=3366.90 velH=-2.4444 bodyH=-2.3785 slip=-0.0659 d=(-0.12262,-0.09570) av=(-2.8026e-45,-0.207909,2.8026e-45)
in=(0,255,255,0) steer=-1.000 gnd=4.0 sp=3384.24 horiz=3381.69 velH=-2.4022 bodyH=-2.3360 slip=-0.0662 d=(-0.11901,-0.10124) av=(-2.8026e-45,-0.208597,2.8026e-45)
in=(0,255,255,0) steer=-1.000 gnd=4.0 sp=3398.62 horiz=3396.04 velH=-2.3600 bodyH=-2.2935 slip=-0.0665 d=(-0.11513,-0.10664) av=(-2.8026e-45,-0.209271,2.8026e-45)
in=(0,255,255,0) steer=-1.000 gnd=4.0 sp=3412.58 horiz=3409.98 velH=-2.3178 bodyH=-2.2510 slip=-0.0667 d=(-0.11099,-0.11187) av=(-2.8026e-45,-0.209932,2.8026e-45)
in=(0,255,255,0) steer=-1.000 gnd=4.0 sp=3426.13 horiz=3423.51 velH=-2.2755 bodyH=-2.2085 slip=-0.0670 d=(-0.10660,-0.11693) av=(-2.8026e-45,-0.210578,2.8026e-45)
in=(0,255,255,0) steer=-1.000 gnd=4.0 sp=3439.28 horiz=3436.63 velH=-2.2333 bodyH=-2.1660 slip=-0.0672 d=(-0.10197,-0.12181) av=(-2.8026e-45,-0.211211,2.8026e-45)
in=(0,255,255,0) steer=-1.000 gnd=4.0 sp=3452.04 horiz=3449.37 velH=-2.1910 bodyH=-2.1235 slip=-0.0675 d=(-0.09710,-0.12648) av=(-2.8026e-45,-0.211831,2.8026e-45)
in=(0,255,255,0) steer=-1.000 gnd=4.0 sp=3464.42 horiz=3461.73 velH=-2.1488 bodyH=-2.0810 slip=-0.0677 d=(-0.09201,-0.13095) av=(-2.8026e-45,-0.212436,2.8026e-45)
in=(0,255,255,0) steer=-1.000 gnd=4.0 sp=3476.42 horiz=3473.71 velH=-2.1065 bodyH=-2.0385 slip=-0.0680 d=(-0.08670,-0.13520) av=(-2.8026e-45,-0.213029,2.8026e-45)
in=(0,255,255,0) steer=-1.000 gnd=4.0 sp=3488.07 horiz=3485.33 velH=-2.0642 bodyH=-1.9960 slip=-0.0682 d=(-0.08119,-0.13922) av=(-2.8026e-45,-0.213608,2.8026e-45)
in=(0,255,255,0) steer=-1.000 gnd=4.0 sp=3499.36 horiz=3496.61 velH=-2.0220 bodyH=-1.9535 slip=-0.0684 d=(-0.07548,-0.14300) av=(-2.8026e-45,-0.214174,2.8026e-45)
in=(0,255,255,0) steer=-1.000 gnd=4.0 sp=3510.31 horiz=3507.54 velH=-1.9797 bodyH=-1.9110 slip=-0.0687 d=(-0.06959,-0.14653) av=(-2.8026e-45,-0.214727,2.8026e-45)
in=(0,255,255,0) steer=-1.000 gnd=4.0 sp=3520.92 horiz=3518.13 velH=-1.9374 bodyH=-1.8685 slip=-0.0689 d=(-0.06353,-0.14980) av=(-2.8026e-45,-0.215267,2.8026e-45)
in=(0,255,255,0) steer=-1.000 gnd=4.0 sp=3531.21 horiz=3528.40 velH=-1.8951 bodyH=-1.8260 slip=-0.0691 d=(-0.05732,-0.15281) av=(-2.8026e-45,-0.215794,2.8026e-45)
in=(0,255,255,0) steer=-1.000 gnd=4.0 sp=3541.19 horiz=3538.35 velH=-1.8528 bodyH=-1.7835 slip=-0.0693 d=(-0.05095,-0.15555) av=(-2.8026e-45,-0.216309,2.8026e-45)
