in=(0,0,255,0) steer=+0.000 gnd=4.0 sp=13.27 horiz=13.27 velH=1.5498 bodyH=1.5498 slip=+0.0000 d=(0.00000,0.00015) av=(0,0,0)
in=(0,0,255,0) steer=+0.000 gnd=4.0 sp=27.07 horiz=27.07 velH=1.5498 bodyH=1.5498 slip=+0.0000 d=(0.00002,0.00077) av=(0,0,0)
in=(0,0,255,0) steer=+0.000 gnd=4.0 sp=41.69 horiz=41.69 velH=1.5498 bodyH=1.5498 slip=+0.0000 d=(0.00003,0.00142) av=(0,0,0)
in=(0,0,255,0) steer=+0.000 gnd=4.0 sp=57.17 horiz=57.17 velH=1.5498 bodyH=1.5498 slip=+0.0000 d=(0.00004,0.00211) av=(0,0,0)
in=(0,0,255,0) steer=+0.000 gnd=4.0 sp=73.57 horiz=73.57 velH=1.5498 bodyH=1.5498 slip=+0.0000 d=(0.00006,0.00284) av=(0,0,0)
in=(0,0,255,0) steer=+0.000 gnd=4.0 sp=90.93 horiz=90.93 velH=1.5498 bodyH=1.5498 slip=+0.0000 d=(0.00008,0.00361) av=(0,0,0)
in=(0,0,255,0) steer=+0.000 gnd=4.0 sp=109.32 horiz=109.32 velH=1.5498 bodyH=1.5498 slip=+0.0000 d=(0.00009,0.00442) av=(0,0,0)
in=(0,0,255,0) steer=+0.000 gnd=4.0 sp=128.78 horiz=128.78 velH=1.5498 bodyH=1.5498 slip=+0.0000 d=(0.00011,0.00529) av=(0,1.21279e-16,0)
in=(0,0,255,0) steer=+0.000 gnd=4.0 sp=149.38 horiz=149.38 velH=1.5498 bodyH=1.5498 slip=+0.0000 d=(0.00013,0.00620) av=(0,1.02843e-16,0)
in=(0,0,255,0) steer=+0.000 gnd=4.0 sp=171.18 horiz=171.18 velH=1.5498 bodyH=1.5498 slip=+0.0000 d=(0.00015,0.00717) av=(0,0,0)
in=(0,0,255,0) steer=+0.000 gnd=4.0 sp=194.24 horiz=194.24 velH=1.5498 bodyH=1.5498 slip=+0.0000 d=(0.00017,0.00820) av=(0,0,0)
in=(0,0,255,0) steer=+0.000 gnd=4.0 sp=218.64 horiz=218.64 velH=1.5498 bodyH=1.5498 slip=+0.0000 d=(0.00020,0.00928) av=(0,0,0)
in=(0,0,255,0) steer=+0.000 gnd=4.0 sp=244.45 horiz=244.45 velH=1.5498 bodyH=1.5498 slip=+0.0000 d=(0.00022,0.01043) av=(0,8.82359e-16,0)
in=(0,0,255,0) steer=+0.000 gnd=4.0 sp=265.07 horiz=265.07 velH=1.5498 bodyH=1.5498 slip=+0.0000 d=(0.00024,0.01164) av=(0,0,0)
in=(0,0,255,0) steer=+0.000 gnd=4.0 sp=280.02 horiz=280.02 velH=1.5498 bodyH=1.5498 slip=+0.0000 d=(0.00026,0.01245) av=(0,0,0)
in=(0,0,255,0) steer=+0.000 gnd=4.0 sp=295.83 horiz=295.83 velH=1.5498 bodyH=1.5498 slip=+0.0000 d=(0.00028,0.01316) av=(0,3.7709e-16,0)
in=(0,0,255,0) steer=+0.000 gnd=4.0 sp=312.53 horiz=312.53 velH=1.5498 bodyH=1.5498 slip=+0.0000 d=(0.00029,0.01390) av=(0,0,0)
in=(0,0,255,0) steer=+0.000 gnd=4.0 sp=330.19 horiz=330.19 velH=1.5498 bodyH=1.5498 slip=+0.0000 d=(0.00031,0.01468) av=(0,0,0)
in=(0,0,255,0) steer=+0.000 gnd=4.0 sp=348.84 horiz=348.84 velH=1.5498 bodyH=1.5498 slip=+0.0000 d=(0.00033,0.01551) av=(0,5.14213e-16,0)
in=(0,0,255,0) steer=+0.000 gnd=4.0 sp=368.55 horiz=368.55 velH=1.5498 bodyH=1.5498 slip=+0.0000 d=(0.00034,0.01639) av=(0,4.74573e-17,0)
in=(0,0,255,0) steer=+0.000 gnd=4.0 sp=389.37 horiz=389.37 velH=1.5498 bodyH=1.5498 slip=+0.0000 d=(0.00036,0.01732) av=(0,6.51337e-16,0)
in=(0,0,255,0) steer=+0.000 gnd=4.0 sp=411.36 horiz=411.36 velH=1.5498 bodyH=1.5498 slip=+0.0000 d=(0.00038,0.01829) av=(0,2.97312e-16,0)
in=(0,0,255,0) steer=+0.000 gnd=4.0 sp=434.58 horiz=434.58 velH=1.5498 bodyH=1.5498 slip=+0.0000 d=(0.00041,0.01933) av=(0,0,0)
in=(0,0,255,0) steer=+0.000 gnd=4.0 sp=459.10 horiz=459.10 velH=1.5498 bodyH=1.5498 slip=+0.0000 d=(0.00043,0.02042) av=(0,1.84814e-14,0)
in=(0,0,255,0) steer=+0.000 gnd=4.0 sp=484.98 horiz=484.98 velH=1.5498 bodyH=1.5498 slip=+0.0000 d=(0.00045,0.02157) av=(0,4.01337e-16,0)
in=(0,0,255,0) steer=+0.000 gnd=4.0 sp=512.29 horiz=512.29 velH=1.5498 bodyH=1.5498 slip=+0.0000 d=(0.00048,0.02278) av=(0,1.09699e-15,0)
in=(0,0,255,0) steer=+0.000 gnd=4.0 sp=541.11 horiz=541.11 velH=1.5498 bodyH=1.5498 slip=+0.0000 d=(0.00051,0.02407) av=(0,1.77113e-14,0)
in=(0,0,255,0) steer=+0.000 gnd=4.0 sp=571.51 horiz=571.51 velH=1.5498 bodyH=1.5498 slip=+0.0000 d=(0.00053,0.02542) av=(0,0,0)
in=(0,0,255,0) steer=+0.000 gnd=4.0 sp=603.57 horiz=603.57 velH=1.5498 bodyH=1.5498 slip=+0.0000 d=(0.00056,0.02685) av=(0,2.61833e-14,0)
in=(0,0,255,0) steer=+0.000 gnd=4.0 sp=637.37 horiz=637.37 velH=1.5498 bodyH=1.5498 slip=+0.0000 d=(0.00060,0.02835) av=(0,1.71404e-15,0)
in=(0,0,255,0) steer=+0.000 gnd=4.0 sp=673.00 horiz=673.00 velH=1.5498 bodyH=1.5498 slip=+0.0000 d=(0.00063,0.02994) av=(0,0,0)
in=(0,0,255,0) steer=+0.000 gnd=4.0 sp=710.54 horiz=710.54 velH=1.5498 bodyH=1.5498 slip=+0.0000 d=(0.00066,0.03161) av=(0,2.12542e-15,0)
in=(0,0,255,0) steer=+0.000 gnd=4.0 sp=750.09 horiz=750.09 velH=1.5498 bodyH=1.5498 slip=+0.0000 d=(0.00070,0.03338) av=(0,6.85618e-17,0)
in=(0,0,255,0) steer=+0.000 gnd=4.0 sp=791.74 horiz=791.74 velH=1.5498 bodyH=1.5498 slip=+0.0000 d=(0.00074,0.03523) av=(0,1.2031e-16,0)
in=(0,0,255,0) steer=+0.000 gnd=4.0 sp=835.58 horiz=835.58 velH=1.5498 bodyH=1.5498 slip=+0.0000 d=(0.00078,0.03719) av=(0,3.31823e-15,0)
in=(0,0,255,0) steer=+0.000 gnd=4.0 sp=881.72 horiz=881.72 velH=1.5498 bodyH=1.5498 slip=+0.0000 d=(0.00082,0.03925) av=(0,1.02843e-16,0)
in=(0,0,255,0) steer=+0.000 gnd=4.0 sp=930.26 horiz=930.26 velH=1.5498 bodyH=1.5498 slip=+0.0000 d=(0.00087,0.04141) av=(0,1.4406e-13,0)
in=(0,0,255,0) steer=+0.000 gnd=4.0 sp=981.30 horiz=981.30 velH=1.5498 bodyH=1.5498 slip=+0.0000 d=(0.00092,0.04369) av=(0,4.04515e-15,0)
in=(0,0,255,0) steer=+0.000 gnd=4.0 sp=1034.95 horiz=1034.95 velH=1.5498 bodyH=1.5498 slip=+0.0000 d=(0.00097,0.04608) av=(0,1.37124e-16,0)
in=(0,0,255,0) steer=+0.000 gnd=4.0 sp=1091.31 horiz=1091.31 velH=1.5498 bodyH=1.5498 slip=+0.0000 d=(0.00102,0.04860) av=(0,0,0)
in=(0,0,255,0) steer=+0.000 gnd=4.0 sp=1150.32 horiz=1150.32 velH=1.5498 bodyH=1.5498 slip=+0.0000 d=(0.00108,0.05124) av=(0,1.22779e-14,0)
in=(0,0,255,0) steer=+0.000 gnd=4.0 sp=1209.69 horiz=1209.69 velH=1.5498 bodyH=1.5498 slip=+0.0000 d=(0.00113,0.05399) av=(0,0,0)
in=(0,0,255,0) steer=+0.000 gnd=4.0 sp=1268.78 horiz=1268.78 velH=1.5498 bodyH=1.5498 slip=+0.0000 d=(0.00119,0.05674) av=(0,0,0)
in=(0,0,255,0) steer=+0.000 gnd=4.0 sp=1327.58 horiz=1327.58 velH=1.5498 bodyH=1.5498 slip=+0.0000 d=(0.00125,0.05947) av=(0,3.56782e-13,0)
in=(0,0,255,0) steer=+0.000 gnd=4.0 sp=1386.06 horiz=1386.06 velH=1.5498 bodyH=1.5498 slip=+0.0000 d=(0.00131,0.06219) av=(0,0,0)
in=(0,0,255,0) steer=+0.000 gnd=4.0 sp=1444.19 horiz=1444.19 velH=1.5498 bodyH=1.5498 slip=+0.0000 d=(0.00136,0.06490) av=(0,6.20484e-15,0)
in=(0,0,255,0) steer=+0.000 gnd=4.0 sp=1501.94 horiz=1501.94 velH=1.5498 bodyH=1.5498 slip=+0.0000 d=(0.00142,0.06759) av=(0,4.57168e-13,0)
in=(0,0,255,0) steer=+0.000 gnd=4.0 sp=1559.30 horiz=1559.30 velH=1.5498 bodyH=1.5498 slip=+0.0000 d=(0.00148,0.07026) av=(0,6.64931e-16,0)
in=(0,0,255,0) steer=+0.000 gnd=4.0 sp=1616.23 horiz=1616.23 velH=1.5498 bodyH=1.5498 slip=+0.0000 d=(0.00153,0.07291) av=(0,5.27642e-13,0)
in=(0,0,255,0) steer=+0.000 gnd=4.0 sp=1672.71 horiz=1672.71 velH=1.5498 bodyH=1.5498 slip=+0.0000 d=(0.00159,0.07555) av=(0,7.16471e-15,0)
in=(0,0,255,0) steer=+0.000 gnd=4.0 sp=1728.73 horiz=1728.73 velH=1.5498 bodyH=1.5498 slip=+0.0000 d=(0.00164,0.07816) av=(0,0,0)
in=(0,0,255,0) steer=+0.000 gnd=4.0 sp=1784.25 horiz=1784.25 velH=1.5498 bodyH=1.5498 slip=+0.0000 d=(0.00170,0.08075) av=(0,0,0)
in=(0,0,255,0) steer=+0.000 gnd=4.0 sp=1839.26 horiz=1839.26 velH=1.5498 bodyH=1.5498 slip=+0.0000 d=(0.00175,0.08331) av=(0,6.84076e-13,0)
in=(0,0,255,0) steer=+0.000 gnd=4.0 sp=1893.73 horiz=1893.73 velH=1.5498 bodyH=1.5498 slip=+0.0000 d=(0.00180,0.08586) av=(0,2.934e-14,0)
in=(0,0,255,0) steer=+0.000 gnd=4.0 sp=1947.65 horiz=1947.65 velH=1.5498 bodyH=1.5498 slip=+0.0000 d=(0.00186,0.08837) av=(0,7.70087e-13,0)
in=(0,0,255,0) steer=+0.000 gnd=4.0 sp=2001.01 horiz=2001.01 velH=1.5498 bodyH=1.5498 slip=+0.0000 d=(0.00191,0.09087) av=(0,8.08607e-13,0)
in=(0,0,255,0) steer=+0.000 gnd=4.0 sp=2053.77 horiz=2053.77 velH=1.5498 bodyH=1.5498 slip=+0.0000 d=(0.00196,0.09333) av=(0,8.54702e-13,0)
in=(0,0,255,0) steer=+0.000 gnd=4.0 sp=2105.93 horiz=2105.93 velH=1.5498 bodyH=1.5498 slip=+0.0000 d=(0.00201,0.09577) av=(0,8.95324e-13,0)
in=(128,0,255,0) steer=+0.500 gnd=4.0 sp=2156.55 horiz=2156.50 velH=1.5380 bodyH=1.5284 slip=+0.0096 d=(0.00227,0.09817) av=(0,0.0412722,0)
in=(128,0,255,0) steer=+0.500 gnd=4.0 sp=2206.17 horiz=2206.05 velH=1.5219 bodyH=1.5071 slip=+0.0148 d=(0.00359,0.10046) av=(0,0.062738,0)
in=(128,0,255,0) steer=+0.500 gnd=4.0 sp=2254.85 horiz=2254.68 velH=1.5034 bodyH=1.4858 slip=+0.0176 d=(0.00538,0.10267) av=(0,0.0745319,0)
in=(128,0,255,0) steer=+0.500 gnd=4.0 sp=2302.68 horiz=2302.47 velH=1.4837 bodyH=1.4644 slip=+0.0193 d=(0.00747,0.10479) av=(0,0.08113,0)
in=(128,0,255,0) steer=+0.500 gnd=4.0 sp=2349.73 horiz=2349.49 velH=1.4633 bodyH=1.4431 slip=+0.0202 d=(0.00974,0.10682) av=(0,0.0848966,0)
in=(128,0,255,0) steer=+0.500 gnd=4.0 sp=2396.02 horiz=2395.77 velH=1.4426 bodyH=1.4218 slip=+0.0209 d=(0.01216,0.10875) av=(0,0.0871101,0)
in=(128,0,255,0) steer=+0.500 gnd=4.0 sp=2441.58 horiz=2441.31 velH=1.4217 bodyH=1.4004 slip=+0.0213 d=(0.01470,0.11060) av=(0,0.0884672,0)
in=(128,0,255,0) steer=+0.500 gnd=4.0 sp=2486.41 horiz=2486.13 velH=1.4007 bodyH=1.3791 slip=+0.0216 d=(0.01733,0.11234) av=(0,0.08935,0)
in=(128,0,255,0) steer=+0.500 gnd=4.0 sp=2530.52 horiz=2530.22 velH=1.3796 bodyH=1.3577 slip=+0.0218 d=(0.02005,0.11399) av=(0,0.0899686,0)
in=(128,0,255,0) steer=+0.500 gnd=4.0 sp=2573.90 horiz=2573.60 velH=1.3584 bodyH=1.3364 slip=+0.0220 d=(0.02284,0.11554) av=(0,0.0904391,0)
in=(128,0,255,0) steer=+0.500 gnd=4.0 sp=2616.55 horiz=2616.24 velH=1.3373 bodyH=1.3151 slip=+0.0222 d=(0.02571,0.11699) av=(0,0.0908255,0)
in=(128,0,255,0) steer=+0.500 gnd=4.0 sp=2658.48 horiz=2658.16 velH=1.3161 bodyH=1.2937 slip=+0.0224 d=(0.02864,0.11833) av=(0,0.0911633,0)
in=(128,0,255,0) steer=+0.500 gnd=4.0 sp=2699.68 horiz=2699.35 velH=1.2950 bodyH=1.2724 slip=+0.0226 d=(0.03163,0.11957) av=(0,0.0914723,0)
in=(128,0,255,0) steer=+0.500 gnd=4.0 sp=2740.15 horiz=2739.82 velH=1.2738 bodyH=1.2511 slip=+0.0227 d=(0.03468,0.12070) av=(0,0.0917633,0)
in=(128,0,255,0) steer=+0.500 gnd=4.0 sp=2779.89 horiz=2779.55 velH=1.2526 bodyH=1.2297 slip=+0.0229 d=(0.03778,0.12172) av=(0,0.0920426,0)
in=(128,0,255,0) steer=+0.500 gnd=4.0 sp=2818.90 horiz=2818.55 velH=1.2314 bodyH=1.2084 slip=+0.0230 d=(0.04093,0.12263) av=(0,0.0923133,0)
in=(128,0,255,0) steer=+0.500 gnd=4.0 sp=2857.18 horiz=2856.82 velH=1.2102 bodyH=1.1871 slip=+0.0232 d=(0.04413,0.12343) av=(0,0.0925775,0)
in=(128,0,255,0) steer=+0.500 gnd=4.0 sp=2894.74 horiz=2894.37 velH=1.1890 bodyH=1.1657 slip=+0.0233 d=(0.04736,0.12412) av=(0,0.0928362,0)
in=(128,0,255,0) steer=+0.500 gnd=4.0 sp=2931.56 horiz=2931.18 velH=1.1678 bodyH=1.1444 slip=+0.0234 d=(0.05063,0.12469) av=(0,0.09309,0)
in=(128,0,255,0) steer=+0.500 gnd=4.0 sp=2967.67 horiz=2967.28 velH=1.1466 bodyH=1.1230 slip=+0.0236 d=(0.05394,0.12515) av=(0,0.0933391,0)
in=(128,0,255,0) steer=+0.500 gnd=4.0 sp=3003.05 horiz=3002.66 velH=1.1254 bodyH=1.1017 slip=+0.0237 d=(0.05727,0.12549) av=(0,0.0935839,0)
in=(128,0,255,0) steer=+0.500 gnd=4.0 sp=3037.72 horiz=3037.32 velH=1.1042 bodyH=1.0804 slip=+0.0238 d=(0.06063,0.12572) av=(0,0.0938243,0)
in=(128,0,255,0) steer=+0.500 gnd=4.0 sp=3071.68 horiz=3071.27 velH=1.0830 bodyH=1.0590 slip=+0.0239 d=(0.06400,0.12583) av=(0,0.0940605,0)
in=(128,0,255,0) steer=+0.500 gnd=4.0 sp=3104.93 horiz=3104.51 velH=1.0617 bodyH=1.0377 slip=+0.0240 d=(0.06740,0.12582) av=(0,0.0942925,0)
in=(128,0,255,0) steer=+0.500 gnd=4.0 sp=3137.48 horiz=3137.06 velH=1.0405 bodyH=1.0164 slip=+0.0242 d=(0.07080,0.12570) av=(0,0.0945203,0)
in=(128,0,255,0) steer=+0.500 gnd=4.0 sp=3169.34 horiz=3168.91 velH=1.0193 bodyH=0.9950 slip=+0.0243 d=(0.07422,0.12546) av=(0,0.094744,0)
in=(128,0,255,0) steer=+0.500 gnd=4.0 sp=3200.50 horiz=3200.07 velH=0.9981 bodyH=0.9737 slip=+0.0244 d=(0.07764,0.12510) av=(0,0.0949636,0)
in=(128,0,255,0) steer=+0.500 gnd=4.0 sp=1655.99 horiz=1655.96 velH=1.7049 bodyH=1.6962 slip=+0.0087 d=(-0.01076,0.07404) av=(0,0.0858904,0)
in=(128,0,255,0) steer=+0.500 gnd=4.0 sp=1711.03 horiz=1710.95 velH=1.6882 bodyH=1.6749 slip=+0.0133 d=(-0.01010,0.07673) av=(0,0.0850947,0)
in=(128,0,255,0) steer=+0.500 gnd=4.0 sp=1765.37 horiz=1765.26 velH=1.6694 bodyH=1.6535 slip=+0.0158 d=(-0.00907,0.07941) av=(0,0.0849077,0)
in=(128,0,255,0) steer=+0.500 gnd=4.0 sp=1819.07 horiz=1818.94 velH=1.6495 bodyH=1.6322 slip=+0.0173 d=(-0.00779,0.08207) av=(0,0.0852065,0)
in=(128,0,255,0) steer=+0.500 gnd=4.0 sp=1872.16 horiz=1872.00 velH=1.6291 bodyH=1.6109 slip=+0.0182 d=(-0.00634,0.08468) av=(0,0.085648,0)
in=(128,0,255,0) steer=+0.500 gnd=4.0 sp=1924.63 horiz=1924.46 velH=1.6083 bodyH=1.5895 slip=+0.0188 d=(-0.00474,0.08724) av=(0,0.0861052,0)
in=(128,0,255,0) steer=+0.500 gnd=4.0 sp=1976.50 horiz=1976.31 velH=1.5874 bodyH=1.5682 slip=+0.0192 d=(-0.00301,0.08975) av=(0,0.0865385,0)
in=(128,0,255,0) steer=+0.500 gnd=4.0 sp=2027.74 horiz=2027.55 velH=1.5664 bodyH=1.5469 slip=+0.0196 d=(-0.00116,0.09219) av=(0,0.0869416,0)
in=(128,0,255,0) steer=+0.500 gnd=4.0 sp=2078.37 horiz=2078.16 velH=1.5454 bodyH=1.5255 slip=+0.0199 d=(0.00079,0.09456) av=(0,0.0873185,0)
in=(128,0,255,0) steer=+0.500 gnd=4.0 sp=2128.35 horiz=2128.14 velH=1.5243 bodyH=1.5042 slip=+0.0202 d=(0.00285,0.09686) av=(0,0.0876752,0)
in=(128,0,255,0) steer=+0.500 gnd=4.0 sp=2177.69 horiz=2177.46 velH=1.5032 bodyH=1.4828 slip=+0.0204 d=(0.00501,0.09908) av=(0,0.0880172,0)
in=(128,0,255,0) steer=+0.500 gnd=4.0 sp=2226.36 horiz=2226.13 velH=1.4821 bodyH=1.4615 slip=+0.0206 d=(0.00726,0.10123) av=(0,0.0883481,0)
in=(128,0,255,0) steer=+0.500 gnd=4.0 sp=2274.36 horiz=2274.12 velH=1.4610 bodyH=1.4402 slip=+0.0208 d=(0.00960,0.10329) av=(0,0.0886708,0)
in=(128,0,255,0) steer=+0.500 gnd=4.0 sp=2321.69 horiz=2321.44 velH=1.4399 bodyH=1.4188 slip=+0.0210 d=(0.01203,0.10527) av=(0,0.0889868,0)
in=(128,0,255,0) steer=+0.500 gnd=4.0 sp=2368.32 horiz=2368.06 velH=1.4187 bodyH=1.3975 slip=+0.0212 d=(0.01455,0.10715) av=(0,0.0892972,0)
in=(128,0,255,0) steer=+0.500 gnd=4.0 sp=2414.26 horiz=2413.99 velH=1.3976 bodyH=1.3762 slip=+0.0214 d=(0.01714,0.10895) av=(0,0.0896028,0)
in=(128,0,255,0) steer=+0.500 gnd=4.0 sp=1265.52 horiz=1265.51 velH=1.7292 bodyH=1.7240 slip=+0.0053 d=(-0.00947,0.05583) av=(0,0.0818265,0)
in=(128,0,255,0) steer=+0.500 gnd=4.0 sp=1323.48 horiz=1323.45 velH=1.7144 bodyH=1.7058 slip=+0.0086 d=(-0.00918,0.05861) av=(0,0.083018,0)
in=(128,0,255,0) steer=+0.500 gnd=4.0 sp=1381.01 horiz=1380.97 velH=1.6977 bodyH=1.6867 slip=+0.0110 d=(-0.00866,0.06140) av=(0,0.0838196,0)
in=(128,0,255,0) steer=+0.500 gnd=4.0 sp=1438.09 horiz=1438.03 velH=1.6797 bodyH=1.6669 slip=+0.0128 d=(-0.00795,0.06418) av=(0,0.0842353,0)
in=(128,0,255,0) steer=+0.500 gnd=4.0 sp=1494.69 horiz=1494.61 velH=1.6607 bodyH=1.6462 slip=+0.0145 d=(-0.00706,0.06693) av=(0,0.0843444,0)
in=(128,0,255,0) steer=+0.500 gnd=4.0 sp=1550.80 horiz=1550.70 velH=1.6407 bodyH=1.6249 slip=+0.0158 d=(-0.00600,0.06966) av=(0,0.0843461,0)
in=(128,0,255,0) steer=+0.500 gnd=4.0 sp=1606.40 horiz=1606.28 velH=1.6203 bodyH=1.6036 slip=+0.0167 d=(-0.00477,0.07236) av=(0,0.0844237,0)
in=(128,0,255,0) steer=+0.500 gnd=4.0 sp=1661.50 horiz=1661.37 velH=1.5996 bodyH=1.5822 slip=+0.0174 d=(-0.00341,0.07501) av=(0,0.0846673,0)
in=(128,0,255,0) steer=+0.500 gnd=4.0 sp=1716.09 horiz=1715.95 velH=1.5787 bodyH=1.5609 slip=+0.0178 d=(-0.00192,0.07761) av=(0,0.0849921,0)
in=(128,0,255,0) steer=+0.500 gnd=4.0 sp=1770.15 horiz=1770.00 velH=1.5578 bodyH=1.5396 slip=+0.0182 d=(-0.00031,0.08016) av=(0,0.0853439,0)
in=(128,0,255,0) steer=+0.500 gnd=4.0 sp=1823.67 horiz=1823.51 velH=1.5368 bodyH=1.5182 slip=+0.0186 d=(0.00141,0.08264) av=(0,0.0857009,0)
in=(128,0,255,0) steer=+0.500 gnd=4.0 sp=1876.63 horiz=1876.46 velH=1.5158 bodyH=1.4969 slip=+0.0189 d=(0.00324,0.08507) av=(0,0.086055,0)
in=(128,0,255,0) steer=+0.500 gnd=4.0 sp=1929.02 horiz=1928.84 velH=1.4947 bodyH=1.4756 slip=+0.0192 d=(0.00517,0.08743) av=(0,0.0864039,0)
in=(128,0,255,0) steer=+0.500 gnd=4.0 sp=1980.81 horiz=1980.62 velH=1.4737 bodyH=1.4542 slip=+0.0195 d=(0.00720,0.08971) av=(0,0.0867471,0)
in=(128,0,255,0) steer=+0.500 gnd=4.0 sp=2031.99 horiz=2031.80 velH=1.4526 bodyH=1.4329 slip=+0.0197 d=(0.00933,0.09192) av=(0,0.0870851,0)
in=(128,0,255,0) steer=+0.500 gnd=4.0 sp=2082.55 horiz=2082.35 velH=1.4315 bodyH=1.4116 slip=+0.0200 d=(0.01156,0.09405) av=(0,0.087418,0)
in=(128,0,255,0) steer=+0.500 gnd=4.0 sp=2132.48 horiz=2132.27 velH=1.4104 bodyH=1.3902 slip=+0.0202 d=(0.01387,0.09610) av=(0,0.0877465,0)
in=(128,0,255,0) steer=+0.500 gnd=4.0 sp=2181.76 horiz=2181.53 velH=1.3893 bodyH=1.3689 slip=+0.0204 d=(0.01627,0.09806) av=(0,0.0880706,0)
in=(128,0,255,0) steer=+0.500 gnd=4.0 sp=2230.38 horiz=2230.14 velH=1.3682 bodyH=1.3475 slip=+0.0207 d=(0.01875,0.09993) av=(0,0.0883904,0)
in=(128,0,255,0) steer=+0.500 gnd=4.0 sp=1174.00 horiz=1174.00 velH=1.7643 bodyH=1.7601 slip=+0.0042 d=(-0.01055,0.05129) av=(0,0.0810304,0)
in=(128,0,255,0) steer=+0.500 gnd=4.0 sp=1232.47 horiz=1232.45 velH=1.7502 bodyH=1.7432 slip=+0.0070 d=(-0.01043,0.05409) av=(0,0.0823959,0)
in=(128,0,255,0) steer=+0.500 gnd=4.0 sp=1290.58 horiz=1290.55 velH=1.7346 bodyH=1.7255 slip=+0.0091 d=(-0.01013,0.05690) av=(0,0.0833851,0)
in=(128,0,255,0) steer=+0.500 gnd=4.0 sp=1348.29 horiz=1348.25 velH=1.7178 bodyH=1.7069 slip=+0.0108 d=(-0.00965,0.05971) av=(0,0.084017,0)
in=(128,0,255,0) steer=+0.500 gnd=4.0 sp=1405.59 horiz=1405.54 velH=1.6999 bodyH=1.6876 slip=+0.0124 d=(-0.00902,0.06250) av=(0,0.0843579,0)
in=(128,0,255,0) steer=+0.500 gnd=4.0 sp=1462.45 horiz=1462.38 velH=1.6812 bodyH=1.6674 slip=+0.0139 d=(-0.00823,0.06529) av=(0,0.084465,0)
in=(128,0,255,0) steer=+0.500 gnd=4.0 sp=1518.83 horiz=1518.74 velH=1.6616 bodyH=1.6464 slip=+0.0153 d=(-0.00727,0.06804) av=(0,0.0843783,0)
in=(128,0,255,0) steer=+0.500 gnd=4.0 sp=1574.71 horiz=1574.60 velH=1.6413 bodyH=1.6250 slip=+0.0163 d=(-0.00616,0.07077) av=(0,0.084404,0)
in=(128,0,255,0) steer=+0.500 gnd=4.0 sp=1630.10 horiz=1629.97 velH=1.6207 bodyH=1.6037 slip=+0.0171 d=(-0.00489,0.07346) av=(0,0.0845399,0)
in=(128,0,255,0) steer=+0.500 gnd=4.0 sp=1684.98 horiz=1684.84 velH=1.5999 bodyH=1.5823 slip=+0.0176 d=(-0.00349,0.07610) av=(0,0.0848191,0)
in=(128,0,255,0) steer=+0.500 gnd=4.0 sp=1739.34 horiz=1739.20 velH=1.5790 bodyH=1.5610 slip=+0.0180 d=(-0.00197,0.07869) av=(0,0.0851529,0)
in=(128,0,255,0) steer=+0.500 gnd=4.0 sp=1793.17 horiz=1793.02 velH=1.5581 bodyH=1.5397 slip=+0.0184 d=(-0.00033,0.08123) av=(0,0.0855041,0)
in=(128,0,255,0) steer=+0.500 gnd=4.0 sp=1846.45 horiz=1846.29 velH=1.5370 bodyH=1.5183 slip=+0.0187 d=(0.00141,0.08371) av=(0,0.0858576,0)
in=(128,0,255,0) steer=+0.500 gnd=4.0 sp=1899.17 horiz=1898.99 velH=1.5160 bodyH=1.4970 slip=+0.0190 d=(0.00326,0.08612) av=(0,0.0862079,0)
in=(128,0,255,0) steer=+0.500 gnd=4.0 sp=1951.30 horiz=1951.12 velH=1.4950 bodyH=1.4757 slip=+0.0193 d=(0.00521,0.08847) av=(0,0.0865533,0)
in=(128,0,255,0) steer=+0.500 gnd=4.0 sp=2002.83 horiz=2002.64 velH=1.4739 bodyH=1.4543 slip=+0.0196 d=(0.00727,0.09074) av=(0,0.0868936,0)
in=(128,0,255,0) steer=+0.500 gnd=4.0 sp=2053.75 horiz=2053.55 velH=1.4528 bodyH=1.4330 slip=+0.0198 d=(0.00942,0.09293) av=(0,0.087229,0)
in=(128,0,255,0) steer=+0.500 gnd=4.0 sp=2104.04 horiz=2103.83 velH=1.4317 bodyH=1.4116 slip=+0.0201 d=(0.01166,0.09505) av=(0,0.0875597,0)
in=(128,0,255,0) steer=+0.500 gnd=4.0 sp=2153.69 horiz=2153.47 velH=1.4106 bodyH=1.3903 slip=+0.0203 d=(0.01399,0.09708) av=(0,0.0878861,0)
in=(128,0,255,0) steer=+0.500 gnd=4.0 sp=2202.69 horiz=2202.46 velH=1.3895 bodyH=1.3690 slip=+0.0205 d=(0.01641,0.09903) av=(0,0.0882083,0)
in=(128,0,255,0) steer=+0.500 gnd=4.0 sp=2251.02 horiz=2250.78 velH=1.3684 bodyH=1.3476 slip=+0.0207 d=(0.01891,0.10088) av=(0,0.0885264,0)
in=(128,0,255,0) steer=+0.500 gnd=4.0 sp=1184.28 horiz=1184.28 velH=1.8174 bodyH=1.8131 slip=+0.0043 d=(-0.01338,0.05112) av=(0,0.0806239,0)
in=(128,0,255,0) steer=+0.500 gnd=4.0 sp=1242.70 horiz=1242.68 velH=1.8032 bodyH=1.7961 slip=+0.0072 d=(-0.01340,0.05392) av=(0,0.0822202,0)
in=(128,0,255,0) steer=+0.500 gnd=4.0 sp=1300.75 horiz=1300.72 velH=1.7875 bodyH=1.7782 slip=+0.0093 d=(-0.01323,0.05675) av=(0,0.0833169,0)
in=(128,0,255,0) steer=+0.500 gnd=4.0 sp=1358.40 horiz=1358.35 velH=1.7705 bodyH=1.7595 slip=+0.0111 d=(-0.01290,0.05957) av=(0,0.0839904,0)
in=(128,0,255,0) steer=+0.500 gnd=4.0 sp=1415.62 horiz=1415.56 velH=1.7526 bodyH=1.7400 slip=+0.0126 d=(-0.01239,0.06240) av=(0,0.084339,0)
in=(128,0,255,0) steer=+0.500 gnd=4.0 sp=1472.40 horiz=1472.32 velH=1.7337 bodyH=1.7196 slip=+0.0141 d=(-0.01173,0.06522) av=(0,0.0844368,0)
in=(128,0,255,0) steer=+0.500 gnd=4.0 sp=1528.69 horiz=1528.59 velH=1.7140 bodyH=1.6985 slip=+0.0155 d=(-0.01090,0.06802) av=(0,0.0843583,0)
in=(128,0,255,0) steer=+0.500 gnd=4.0 sp=1584.48 horiz=1584.37 velH=1.6936 bodyH=1.6771 slip=+0.0165 d=(-0.00991,0.07080) av=(0,0.0844066,0)
in=(128,0,255,0) steer=+0.500 gnd=4.0 sp=1639.78 horiz=1639.66 velH=1.6730 bodyH=1.6558 slip=+0.0172 d=(-0.00877,0.07355) av=(0,0.0845803,0)
in=(128,0,255,0) steer=+0.500 gnd=4.0 sp=1694.57 horiz=1694.44 velH=1.6521 bodyH=1.6345 slip=+0.0177 d=(-0.00750,0.07626) av=(0,0.0848745,0)
in=(128,0,255,0) steer=+0.500 gnd=4.0 sp=1748.85 horiz=1748.70 velH=1.6312 bodyH=1.6131 slip=+0.0181 d=(-0.00611,0.07893) av=(0,0.0852137,0)
in=(128,0,255,0) steer=+0.500 gnd=4.0 sp=1802.58 horiz=1802.42 velH=1.6102 bodyH=1.5918 slip=+0.0185 d=(-0.00460,0.08154) av=(0,0.0855662,0)
in=(128,0,255,0) steer=+0.500 gnd=4.0 sp=1855.76 horiz=1855.60 velH=1.5892 bodyH=1.5705 slip=+0.0188 d=(-0.00297,0.08410) av=(0,0.0859194,0)
in=(128,0,255,0) steer=+0.500 gnd=4.0 sp=1908.38 horiz=1908.20 velH=1.5682 bodyH=1.5491 slip=+0.0191 d=(-0.00124,0.08660) av=(0,0.086269,0)
in=(128,0,255,0) steer=+0.500 gnd=4.0 sp=1960.40 horiz=1960.22 velH=1.5471 bodyH=1.5278 slip=+0.0194 d=(0.00060,0.08904) av=(0,0.0866135,0)
in=(128,0,255,0) steer=+0.500 gnd=4.0 sp=2011.83 horiz=2011.64 velH=1.5261 bodyH=1.5064 slip=+0.0196 d=(0.00254,0.09141) av=(0,0.0869529,0)
in=(128,0,255,0) steer=+0.500 gnd=4.0 sp=2062.64 horiz=2062.44 velH=1.5050 bodyH=1.4851 slip=+0.0199 d=(0.00458,0.09371) av=(0,0.0872874,0)
in=(128,0,255,0) steer=+0.500 gnd=4.0 sp=2112.82 horiz=2112.61 velH=1.4839 bodyH=1.4638 slip=+0.0201 d=(0.00672,0.09594) av=(0,0.0876174,0)
in=(128,0,255,0) steer=+0.500 gnd=4.0 sp=2162.36 horiz=2162.13 velH=1.4628 bodyH=1.4424 slip=+0.0203 d=(0.00895,0.09808) av=(0,0.0879431,0)
in=(128,0,255,0) steer=+0.500 gnd=4.0 sp=2211.24 horiz=2211.00 velH=1.4417 bodyH=1.4211 slip=+0.0206 d=(0.01127,0.10015) av=(0,0.0882645,0)
in=(128,0,255,0) steer=+0.500 gnd=4.0 sp=2259.45 horiz=2259.21 velH=1.4205 bodyH=1.3998 slip=+0.0208 d=(0.01368,0.10212) av=(0,0.0885819,0)
in=(128,0,255,0) steer=+0.500 gnd=4.0 sp=2306.99 horiz=2306.74 velH=1.3994 bodyH=1.3784 slip=+0.0210 d=(0.01618,0.10401) av=(0,0.0888953,0)
in=(128,0,255,0) steer=+0.500 gnd=4.0 sp=2353.84 horiz=2353.58 velH=1.3783 bodyH=1.3571 slip=+0.0212 d=(0.01875,0.10581) av=(0,0.0892047,0)
in=(128,0,255,0) steer=+0.500 gnd=4.0 sp=2399.99 horiz=2399.73 velH=1.3571 bodyH=1.3357 slip=+0.0214 d=(0.02141,0.10751) av=(0,0.0895101,0)
in=(128,0,255,0) steer=+0.500 gnd=4.0 sp=2445.45 horiz=2445.17 velH=1.3360 bodyH=1.3144 slip=+0.0216 d=(0.02413,0.10911) av=(0,0.0898115,0)
in=(128,0,255,0) steer=+0.500 gnd=4.0 sp=2490.19 horiz=2489.91 velH=1.3148 bodyH=1.2931 slip=+0.0218 d=(0.02693,0.11062) av=(0,0.090109,0)
in=(128,0,255,0) steer=+0.500 gnd=4.0 sp=1303.27 horiz=1303.26 velH=1.9507 bodyH=1.9450 slip=+0.0057 d=(-0.02217,0.05401) av=(0,0.0818396,0)
in=(128,0,255,0) steer=+0.500 gnd=4.0 sp=1361.01 horiz=1360.98 velH=1.9356 bodyH=1.9263 slip=+0.0093 d=(-0.02247,0.05679) av=(0,0.083088,0)
in=(128,0,255,0) steer=+0.500 gnd=4.0 sp=1418.28 horiz=1418.23 velH=1.9185 bodyH=1.9067 slip=+0.0117 d=(-0.02253,0.05963) av=(0,0.0838656,0)
in=(128,0,255,0) steer=+0.500 gnd=4.0 sp=1475.07 horiz=1475.00 velH=1.9000 bodyH=1.8863 slip=+0.0137 d=(-0.02239,0.06250) av=(0,0.0842128,0)
in=(128,0,255,0) steer=+0.500 gnd=4.0 sp=1531.36 horiz=1531.27 velH=1.8805 bodyH=1.8652 slip=+0.0153 d=(-0.02206,0.06540) av=(0,0.0842419,0)
in=(128,0,255,0) steer=+0.500 gnd=4.0 sp=1587.14 horiz=1587.03 velH=1.8602 bodyH=1.8439 slip=+0.0164 d=(-0.02155,0.06830) av=(0,0.0843453,0)
in=(128,0,255,0) steer=+0.500 gnd=4.0 sp=1642.42 horiz=1642.30 velH=1.8396 bodyH=1.8225 slip=+0.0171 d=(-0.02089,0.07120) av=(0,0.0845455,0)
in=(128,0,255,0) steer=+0.500 gnd=4.0 sp=1697.19 horiz=1697.06 velH=1.8188 bodyH=1.8012 slip=+0.0177 d=(-0.02008,0.07408) av=(0,0.0848587,0)
in=(128,0,255,0) steer=+0.500 gnd=4.0 sp=1751.44 horiz=1751.30 velH=1.7979 bodyH=1.7798 slip=+0.0181 d=(-0.01915,0.07694) av=(0,0.0852104,0)
in=(128,0,255,0) steer=+0.500 gnd=4.0 sp=1805.15 horiz=1805.00 velH=1.7770 bodyH=1.7585 slip=+0.0185 d=(-0.01809,0.07977) av=(0,0.0855708,0)
in=(128,0,255,0) steer=+0.500 gnd=4.0 sp=1858.31 horiz=1858.14 velH=1.7559 bodyH=1.7372 slip=+0.0188 d=(-0.01691,0.08256) av=(0,0.0859288,0)
in=(128,0,255,0) steer=+0.500 gnd=4.0 sp=1910.89 horiz=1910.72 velH=1.7349 bodyH=1.7158 slip=+0.0191 d=(-0.01562,0.08531) av=(0,0.0862811,0)
in=(128,0,255,0) steer=+0.500 gnd=4.0 sp=1962.89 horiz=1962.71 velH=1.7139 bodyH=1.6945 slip=+0.0194 d=(-0.01421,0.08802) av=(0,0.0866273,0)
in=(128,0,255,0) steer=+0.500 gnd=4.0 sp=2014.29 horiz=2014.10 velH=1.6928 bodyH=1.6732 slip=+0.0196 d=(-0.01268,0.09068) av=(0,0.0869675,0)
in=(128,0,255,0) steer=+0.500 gnd=4.0 sp=2065.07 horiz=2064.87 velH=1.6717 bodyH=1.6518 slip=+0.0199 d=(-0.01105,0.09329) av=(0,0.0873025,0)
in=(128,0,255,0) steer=+0.500 gnd=4.0 sp=2115.22 horiz=2115.00 velH=1.6506 bodyH=1.6305 slip=+0.0201 d=(-0.00931,0.09583) av=(0,0.0876327,0)
in=(128,0,255,0) steer=+0.500 gnd=4.0 sp=2164.72 horiz=2164.50 velH=1.6295 bodyH=1.6091 slip=+0.0204 d=(-0.00746,0.09832) av=(0,0.0879583,0)
in=(128,0,255,0) steer=+0.500 gnd=4.0 sp=2213.57 horiz=2213.34 velH=1.6084 bodyH=1.5878 slip=+0.0206 d=(-0.00551,0.10074) av=(0,0.0882798,0)
in=(128,0,255,0) steer=+0.500 gnd=4.0 sp=2261.75 horiz=2261.51 velH=1.5873 bodyH=1.5665 slip=+0.0208 d=(-0.00346,0.10309) av=(0,0.088597,0)
in=(128,0,255,0) steer=+0.500 gnd=4.0 sp=2309.26 horiz=2309.01 velH=1.5661 bodyH=1.5451 slip=+0.0210 d=(-0.00131,0.10536) av=(0,0.0889103,0)
in=(128,0,255,0) steer=+0.500 gnd=4.0 sp=2356.07 horiz=2355.82 velH=1.5450 bodyH=1.5238 slip=+0.0212 d=(0.00093,0.10756) av=(0,0.0892195,0)
in=(128,0,255,0) steer=+0.500 gnd=4.0 sp=2402.20 horiz=2401.93 velH=1.5239 bodyH=1.5025 slip=+0.0214 d=(0.00327,0.10967) av=(0,0.0895247,0)
in=(128,0,255,0) steer=+0.500 gnd=4.0 sp=2447.62 horiz=2447.34 velH=1.5027 bodyH=1.4811 slip=+0.0216 d=(0.00570,0.11171) av=(0,0.0898259,0)
in=(128,0,255,0) steer=+0.500 gnd=4.0 sp=2492.33 horiz=2492.04 velH=1.4815 bodyH=1.4598 slip=+0.0218 d=(0.00821,0.11365) av=(0,0.0901232,0)
in=(128,0,255,0) steer=+0.500 gnd=4.0 sp=2536.33 horiz=2536.03 velH=1.4604 bodyH=1.4385 slip=+0.0219 d=(0.01080,0.11551) av=(0,0.0904164,0)
in=(128,0,255,0) steer=+0.500 gnd=4.0 sp=2579.61 horiz=2579.30 velH=1.4392 bodyH=1.4171 slip=+0.0221 d=(0.01347,0.11727) av=(0,0.0907057,0)
in=(128,0,255,0) steer=+0.500 gnd=4.0 sp=2622.16 horiz=2621.85 velH=1.4181 bodyH=1.3958 slip=+0.0223 d=(0.01622,0.11894) av=(0,0.0909908,0)
in=(128,0,255,0) steer=+0.500 gnd=4.0 sp=2663.99 horiz=2663.67 velH=1.3969 bodyH=1.3744 slip=+0.0224 d=(0.01904,0.12051) av=(0,0.0912719,0)
in=(128,0,255,0) steer=+0.500 gnd=4.0 sp=2705.10 horiz=2704.77 velH=1.3757 bodyH=1.3531 slip=+0.0226 d=(0.02193,0.12198) av=(0,0.091549,0)
in=(128,0,255,0) steer=+0.500 gnd=4.0 sp=2745.47 horiz=2745.13 velH=1.3545 bodyH=1.3318 slip=+0.0227 d=(0.02488,0.12335) av=(0,0.0918219,0)
in=(128,0,255,0) steer=+0.500 gnd=4.0 sp=2785.11 horiz=2784.76 velH=1.3333 bodyH=1.3104 slip=+0.0229 d=(0.02790,0.12461) av=(0,0.0920907,0)
in=(128,0,255,0) steer=+0.500 gnd=4.0 sp=2824.02 horiz=2823.67 velH=1.3121 bodyH=1.2891 slip=+0.0230 d=(0.03097,0.12576) av=(0,0.0923553,0)
in=(128,0,255,0) steer=+0.500 gnd=4.0 sp=2862.21 horiz=2861.84 velH=1.2909 bodyH=1.2678 slip=+0.0232 d=(0.03409,0.12681) av=(0,0.0926159,0)
in=(128,0,255,0) steer=+0.500 gnd=4.0 sp=2899.66 horiz=2899.29 velH=1.2697 bodyH=1.2464 slip=+0.0233 d=(0.03726,0.12775) av=(0,0.0928723,0)
in=(128,0,255,0) steer=+0.500 gnd=4.0 sp=2936.39 horiz=2936.01 velH=1.2485 bodyH=1.2251 slip=+0.0234 d=(0.04048,0.12858) av=(0,0.0931245,0)
in=(128,0,255,0) steer=+0.500 gnd=4.0 sp=2972.40 horiz=2972.02 velH=1.2273 bodyH=1.2037 slip=+0.0236 d=(0.04374,0.12930) av=(0,0.0933725,0)
in=(128,0,255,0) steer=+0.500 gnd=4.0 sp=1542.81 horiz=1542.78 velH=2.8519 bodyH=2.8435 slip=+0.0083 d=(-0.06684,0.01917) av=(0,0.0881947,0)
in=(128,0,255,0) steer=+0.500 gnd=4.0 sp=1598.79 horiz=1598.72 velH=2.8350 bodyH=2.8222 slip=+0.0128 d=(-0.06908,0.02084) av=(0,0.0863271,0)
in=(128,0,255,0) steer=+0.500 gnd=4.0 sp=1654.14 horiz=1654.04 velH=2.8162 bodyH=2.8009 slip=+0.0153 d=(-0.07117,0.02282) av=(0,0.0854003,0)
in=(128,0,255,0) steer=+0.500 gnd=4.0 sp=1708.91 horiz=1708.78 velH=2.7963 bodyH=2.7795 slip=+0.0167 d=(-0.07314,0.02500) av=(0,0.085138,0)
in=(128,0,255,0) steer=+0.500 gnd=4.0 sp=1763.09 horiz=1762.96 velH=2.7758 bodyH=2.7582 slip=+0.0176 d=(-0.07501,0.02732) av=(0,0.0852854,0)
in=(128,0,255,0) steer=+0.500 gnd=4.0 sp=1816.72 horiz=1816.56 velH=2.7551 bodyH=2.7369 slip=+0.0182 d=(-0.07676,0.02976) av=(0,0.0855892,0)
in=(128,0,255,0) steer=+0.500 gnd=4.0 sp=1869.77 horiz=1869.60 velH=2.7342 bodyH=2.7155 slip=+0.0187 d=(-0.07842,0.03229) av=(0,0.0859437,0)
in=(128,0,255,0) steer=+0.500 gnd=4.0 sp=1922.24 horiz=1922.06 velH=2.7132 bodyH=2.6942 slip=+0.0191 d=(-0.07998,0.03490) av=(0,0.0863077,0)
in=(128,0,255,0) steer=+0.500 gnd=4.0 sp=1974.11 horiz=1973.93 velH=2.6922 bodyH=2.6728 slip=+0.0194 d=(-0.08143,0.03758) av=(0,0.086667,0)
in=(128,0,255,0) steer=+0.500 gnd=4.0 sp=2025.38 horiz=2025.18 velH=2.6712 bodyH=2.6515 slip=+0.0197 d=(-0.08278,0.04034) av=(0,0.0870178,0)
in=(128,0,255,0) steer=+0.500 gnd=4.0 sp=2076.02 horiz=2075.82 velH=2.6501 bodyH=2.6302 slip=+0.0199 d=(-0.08402,0.04315) av=(0,0.08736,0)
in=(128,0,255,0) steer=+0.500 gnd=4.0 sp=2126.04 horiz=2125.82 velH=2.6290 bodyH=2.6088 slip=+0.0202 d=(-0.08515,0.04603) av=(0,0.0876947,0)
in=(128,0,255,0) steer=+0.500 gnd=4.0 sp=2175.40 horiz=2175.18 velH=2.6079 bodyH=2.5875 slip=+0.0204 d=(-0.08617,0.04895) av=(0,0.088023,0)
in=(128,0,255,0) steer=+0.500 gnd=4.0 sp=2224.10 horiz=2223.87 velH=2.5868 bodyH=2.5662 slip=+0.0206 d=(-0.08707,0.05193) av=(0,0.0883457,0)
in=(128,0,255,0) steer=+0.500 gnd=4.0 sp=2272.14 horiz=2271.90 velH=2.5657 bodyH=2.5448 slip=+0.0208 d=(-0.08786,0.05495) av=(0,0.0886634,0)
in=(128,0,255,0) steer=+0.500 gnd=4.0 sp=2319.50 horiz=2319.24 velH=2.5445 bodyH=2.5235 slip=+0.0210 d=(-0.08854,0.05800) av=(0,0.0889766,0)
in=(128,0,255,0) steer=+0.500 gnd=4.0 sp=2366.16 horiz=2365.90 velH=2.5234 bodyH=2.5021 slip=+0.0212 d=(-0.08910,0.06110) av=(0,0.0892854,0)
in=(128,0,255,0) steer=+0.500 gnd=4.0 sp=2412.13 horiz=2411.86 velH=2.5022 bodyH=2.4808 slip=+0.0214 d=(-0.08954,0.06422) av=(0,0.0895901,0)
in=(128,0,255,0) steer=+0.500 gnd=4.0 sp=2457.40 horiz=2457.12 velH=2.4811 bodyH=2.4595 slip=+0.0216 d=(-0.08986,0.06737) av=(0,0.0898907,0)
in=(128,0,255,0) steer=+0.500 gnd=4.0 sp=2501.96 horiz=2501.67 velH=2.4599 bodyH=2.4381 slip=+0.0218 d=(-0.09006,0.07055) av=(0,0.0901871,0)
in=(128,0,255,0) steer=+0.500 gnd=4.0 sp=2545.80 horiz=2545.50 velH=2.4388 bodyH=2.4168 slip=+0.0220 d=(-0.09014,0.07374) av=(0,0.0904796,0)
in=(128,0,255,0) steer=+0.500 gnd=4.0 sp=2588.92 horiz=2588.62 velH=2.4176 bodyH=2.3955 slip=+0.0221 d=(-0.09010,0.07694) av=(0,0.0907679,0)
in=(128,0,255,0) steer=+0.500 gnd=4.0 sp=2631.32 horiz=2631.00 velH=2.3964 bodyH=2.3741 slip=+0.0223 d=(-0.08993,0.08016) av=(0,0.0910522,0)
in=(128,0,255,0) steer=+0.500 gnd=4.0 sp=2672.99 horiz=2672.67 velH=2.3753 bodyH=2.3528 slip=+0.0225 d=(-0.08965,0.08337) av=(0,0.0913324,0)
in=(128,0,255,0) steer=+0.500 gnd=4.0 sp=2713.94 horiz=2713.60 velH=2.3541 bodyH=2.3315 slip=+0.0226 d=(-0.08925,0.08659) av=(0,0.0916086,0)
in=(128,0,255,0) steer=+0.500 gnd=4.0 sp=2754.15 horiz=2753.81 velH=2.3329 bodyH=2.3101 slip=+0.0228 d=(-0.08872,0.08981) av=(0,0.0918806,0)
in=(128,0,255,0) steer=+0.500 gnd=4.0 sp=2793.63 horiz=2793.28 velH=2.3117 bodyH=2.2888 slip=+0.0229 d=(-0.08807,0.09301) av=(0,0.0921485,0)
in=(128,0,255,0) steer=+0.500 gnd=4.0 sp=2832.39 horiz=2832.03 velH=2.2905 bodyH=2.2674 slip=+0.0231 d=(-0.08731,0.09620) av=(0,0.0924123,0)
in=(128,0,255,0) steer=+0.500 gnd=4.0 sp=2870.41 horiz=2870.05 velH=2.2693 bodyH=2.2461 slip=+0.0232 d=(-0.08642,0.09938) av=(0,0.092672,0)
in=(128,0,255,0) steer=+0.500 gnd=4.0 sp=2907.71 horiz=2907.34 velH=2.2481 bodyH=2.2248 slip=+0.0233 d=(-0.08542,0.10254) av=(0,0.0929274,0)
in=(128,0,255,0) steer=+0.500 gnd=4.0 sp=2944.28 horiz=2943.90 velH=2.2269 bodyH=2.2034 slip=+0.0235 d=(-0.08430,0.10567) av=(0,0.0931787,0)
in=(128,0,255,0) steer=+0.500 gnd=4.0 sp=2980.14 horiz=2979.75 velH=2.2057 bodyH=2.1821 slip=+0.0236 d=(-0.08306,0.10877) av=(0,0.0934259,0)
in=(128,0,255,0) steer=+0.500 gnd=4.0 sp=3015.27 horiz=3014.87 velH=2.1845 bodyH=2.1608 slip=+0.0237 d=(-0.08171,0.11185) av=(0,0.0936689,0)
in=(128,0,255,0) steer=+0.500 gnd=4.0 sp=3049.69 horiz=3049.28 velH=2.1633 bodyH=2.1394 slip=+0.0238 d=(-0.08025,0.11488) av=(0,0.0939077,0)
in=(128,0,255,0) steer=+0.500 gnd=4.0 sp=3083.40 horiz=3082.99 velH=2.1421 bodyH=2.1181 slip=+0.0240 d=(-0.07868,0.11788) av=(0,0.0941423,0)
in=(128,0,255,0) steer=+0.500 gnd=4.0 sp=3116.40 horiz=3115.99 velH=2.1208 bodyH=2.0967 slip=+0.0241 d=(-0.07699,0.12083) av=(0,0.0943728,0)
in=(128,0,255,0) steer=+0.500 gnd=4.0 sp=3148.71 horiz=3148.28 velH=2.0996 bodyH=2.0754 slip=+0.0242 d=(-0.07520,0.12374) av=(0,0.0945992,0)
in=(128,0,255,0) steer=+0.500 gnd=4.0 sp=3187.82 horiz=3187.25 velH=2.0815 bodyH=2.0541 slip=+0.0275 d=(-0.07331,0.12659) av=(8.01459e-05,0.0951618,-6.79912e-05)
in=(128,0,255,0) steer=+0.500 gnd=4.0 sp=3230.24 horiz=3229.49 velH=2.0637 bodyH=2.0337 slip=+0.0301 d=(-0.07201,0.12950) av=(0.000190134,0.163742,-0.000751962)
in=(128,0,255,0) steer=+0.500 gnd=4.0 sp=3271.10 horiz=3270.21 velH=2.0453 bodyH=2.0142 slip=+0.0311 d=(-0.07058,0.13249) av=(0.000168248,0.197121,-0.00175731)
in=(128,0,255,0) steer=+0.500 gnd=4.0 sp=3320.97 horiz=3319.45 velH=2.0308 bodyH=1.9947 slip=+0.0361 d=(-0.06912,0.13546) av=(0.000138959,0.212118,-0.00326563)
in=(128,0,255,0) steer=+0.500 gnd=4.0 sp=3375.94 horiz=3373.35 velH=2.0177 bodyH=1.9762 slip=+0.0415 d=(-0.06809,0.13850) av=(0.000669198,0.274304,-0.00564167)
in=(128,0,255,0) steer=+0.500 gnd=4.0 sp=3427.04 horiz=3423.11 velH=2.0044 bodyH=1.9586 slip=+0.0458 d=(-0.06744,0.14165) av=(0.00149244,0.264501,-0.00710476)
in=(128,0,255,0) steer=+0.500 gnd=4.0 sp=3472.44 horiz=3466.60 velH=1.9918 bodyH=1.9411 slip=+0.0507 d=(-0.06628,0.14456) av=(0.00201438,0.221175,-0.0079011)
in=(128,0,255,0) steer=+0.500 gnd=4.0 sp=3519.63 horiz=3511.15 velH=1.9799 bodyH=1.9236 slip=+0.0563 d=(-0.06551,0.14720) av=(0.00284486,0.190942,-0.00913768)
in=(128,0,255,0) steer=+0.500 gnd=4.0 sp=3553.71 horiz=3544.00 velH=1.9615 bodyH=1.9061 slip=+0.0554 d=(-0.06435,0.14985) av=(0.00332097,0.166051,-0.0102193)
in=(128,0,255,0) steer=+0.500 gnd=4.0 sp=3587.17 horiz=3574.37 velH=1.9485 bodyH=1.8886 slip=+0.0599 d=(-0.06231,0.15240) av=(0.00367532,0.122561,-0.00975645)
in=(128,0,255,0) steer=+0.500 gnd=4.0 sp=3613.32 horiz=3597.45 velH=1.9341 bodyH=1.8711 slip=+0.0629 d=(-0.06076,0.15440) av=(0.00398316,0.0711939,-0.00839827)
in=(128,0,255,0) steer=+0.500 gnd=4.0 sp=3636.74 horiz=3617.71 velH=1.9186 bodyH=1.8537 slip=+0.0649 d=(-0.05887,0.15625) av=(0.0032952,0.0412222,-0.00759275)
in=(128,0,255,0) steer=+0.500 gnd=4.0 sp=3657.98 horiz=3635.34 velH=1.9030 bodyH=1.8381 slip=+0.0648 d=(-0.05674,0.15800) av=(0.00200294,0.0242425,-0.0068453)
in=(128,0,255,0) steer=+0.500 gnd=4.0 sp=3677.97 horiz=3650.93 velH=1.8873 bodyH=1.8226 slip=+0.0648 d=(-0.05453,0.15962) av=(0.00109871,0.00914725,-0.00579849)
in=(128,0,255,0) steer=+0.500 gnd=4.0 sp=3696.36 horiz=3664.17 velH=1.8717 bodyH=1.8070 slip=+0.0647 d=(-0.05224,0.16112) av=(0.000371769,-0.00722686,-0.00425894)
in=(128,0,255,0) steer=+0.500 gnd=4.0 sp=3713.37 horiz=3675.34 velH=1.8559 bodyH=1.7913 slip=+0.0647 d=(-0.04988,0.16248) av=(-0.000379816,-0.0238114,-0.00241124)
in=(128,0,255,0) steer=+0.500 gnd=4.0 sp=3729.99 horiz=3685.47 velH=1.8402 bodyH=1.7755 slip=+0.0646 d=(-0.04746,0.16372) av=(-0.000607375,-0.0545753,0.00151726)
in=(128,0,255,0) steer=+0.500 gnd=4.0 sp=3745.49 horiz=3694.37 velH=1.8235 bodyH=1.7578 slip=+0.0657 d=(-0.04497,0.16490) av=(-0.000449681,-0.0960624,0.00692883)
in=(128,0,255,0) steer=+0.500 gnd=4.0 sp=3761.75 horiz=3704.30 velH=1.8065 bodyH=1.7401 slip=+0.0664 d=(-0.04231,0.16604) av=(-0.000124112,-0.11045,0.0089168)
in=(128,0,255,0) steer=+0.500 gnd=4.0 sp=3776.35 horiz=3712.70 velH=1.7891 bodyH=1.7223 slip=+0.0668 d=(-0.03957,0.16717) av=(-2.27794e-05,-0.126834,0.0115683)
in=(128,0,255,0) steer=+0.500 gnd=4.0 sp=3789.40 horiz=3719.53 velH=1.7716 bodyH=1.7045 slip=+0.0672 d=(-0.03674,0.16820) av=(-7.53304e-05,-0.144324,0.014797)
in=(128,0,255,0) steer=+0.500 gnd=4.0 sp=3803.26 horiz=3727.07 velH=1.7540 bodyH=1.6866 slip=+0.0673 d=(-0.03385,0.16911) av=(-0.000154161,-0.156689,0.0175511)
in=(128,0,255,0) steer=+0.500 gnd=4.0 sp=3816.82 horiz=3734.14 velH=1.7362 bodyH=1.6687 slip=+0.0674 d=(-0.03091,0.17004) av=(-0.00022986,-0.166832,0.0202568)
in=(128,0,255,0) steer=+0.500 gnd=4.0 sp=3826.10 horiz=3741.84 velH=1.7118 bodyH=1.6508 slip=+0.0609 d=(-0.02793,0.17086) av=(-0.000441817,-0.178357,0.0236543)
in=(128,0,255,0) steer=+0.500 gnd=4.0 sp=3835.17 horiz=3749.34 velH=1.6870 bodyH=1.6329 slip=+0.0541 d=(-0.02358,0.17189) av=(-0.000954279,-0.190088,0.0282502)
in=(128,0,255,0) steer=+0.500 gnd=4.0 sp=3844.92 horiz=3755.46 velH=1.6646 bodyH=1.6149 slip=+0.0497 d=(-0.01943,0.17275) av=(-0.00125924,-0.203263,0.0337125)
in=(128,0,255,0) steer=+0.500 gnd=4.0 sp=3854.67 horiz=3760.25 velH=1.6439 bodyH=1.5969 slip=+0.0470 d=(-0.01565,0.17340) av=(-0.00127772,-0.217511,0.0395956)
in=(128,0,255,0) steer=+0.500 gnd=4.0 sp=3864.08 horiz=3763.81 velH=1.6241 bodyH=1.5788 slip=+0.0453 d=(-0.01209,0.17390) av=(-0.00108302,-0.232466,0.0456487)
in=(128,0,255,0) steer=+0.500 gnd=4.0 sp=3876.72 horiz=3770.49 velH=1.6056 bodyH=1.5611 slip=+0.0446 d=(-0.00870,0.17429) av=(-0.000897922,-0.223308,0.0461823)
in=(128,0,255,0) steer=+0.500 gnd=4.0 sp=3886.36 horiz=3770.52 velH=1.5906 bodyH=1.5437 slip=+0.0470 d=(-0.00551,0.17471) av=(-0.000304481,-0.254001,0.056055)
in=(128,0,255,0) steer=+0.500 gnd=4.0 sp=3899.95 horiz=3775.08 velH=1.5772 bodyH=1.5261 slip=+0.0510 d=(-0.00304,0.17476) av=(0.000355175,-0.270627,0.0622979)
in=(128,0,255,0) steer=+0.500 gnd=4.0 sp=3912.65 horiz=3778.49 velH=1.5624 bodyH=1.5094 slip=+0.0530 d=(-0.00064,0.17498) av=(0.000141405,-0.204835,0.0474906)
in=(128,0,255,0) steer=+0.500 gnd=4.0 sp=3920.42 horiz=3778.08 velH=1.5461 bodyH=1.4904 slip=+0.0557 d=(0.00199,0.17513) av=(-0.000625338,-0.119477,0.0263523)
in=(128,0,255,0) steer=+0.500 gnd=4.0 sp=3925.88 horiz=3783.73 velH=1.5188 bodyH=1.4713 slip=+0.0476 d=(0.00522,0.17506) av=(-0.00114122,-0.0791473,0.0166141)
in=(128,0,255,0) steer=+0.500 gnd=4.0 sp=3932.42 horiz=3788.42 velH=1.4946 bodyH=1.4521 slip=+0.0425 d=(0.00989,0.17511) av=(-0.00132408,-0.0594426,0.0126852)
in=(128,0,255,0) steer=+0.500 gnd=4.0 sp=3939.29 horiz=3792.17 velH=1.4723 bodyH=1.4329 slip=+0.0394 d=(0.01408,0.17503) av=(-0.00128249,-0.0517236,0.0118849)
in=(128,0,255,0) steer=+0.500 gnd=4.0 sp=3946.07 horiz=3795.08 velH=1.4512 bodyH=1.4137 slip=+0.0376 d=(0.01795,0.17484) av=(-0.00111894,-0.0507084,0.0126822)
in=(128,0,255,0) steer=+0.500 gnd=4.0 sp=3952.56 horiz=3797.23 velH=1.4308 bodyH=1.3944 slip=+0.0364 d=(0.02163,0.17455) av=(-0.000866642,-0.0533477,0.0142781)
in=(128,0,255,0) steer=+0.500 gnd=4.0 sp=3966.79 horiz=3807.90 velH=1.4110 bodyH=1.3741 slip=+0.0369 d=(0.02518,0.17424) av=(-0.00340127,0.0122147,-0.00386738)
in=(128,0,255,0) steer=+0.500 gnd=4.0 sp=3979.88 horiz=3818.65 velH=1.3905 bodyH=1.3528 slip=+0.0378 d=(0.02873,0.17419) av=(-0.00515866,0.049151,-0.0143989)
in=(128,0,255,0) steer=+0.500 gnd=4.0 sp=3991.88 horiz=3829.09 velH=1.3698 bodyH=1.3314 slip=+0.0384 d=(0.03239,0.17405) av=(-0.0065597,0.0699772,-0.0204841)
in=(128,0,255,0) steer=+0.500 gnd=4.0 sp=4002.88 horiz=3838.99 velH=1.3488 bodyH=1.3101 slip=+0.0387 d=(0.03610,0.17381) av=(-0.00772214,0.0816963,-0.0239733)
in=(128,0,255,0) steer=+0.500 gnd=4.0 sp=4012.95 horiz=3848.26 velH=1.3277 bodyH=1.2887 slip=+0.0389 d=(0.03985,0.17345) av=(-0.00870441,0.0882801,-0.0259352)
in=(128,0,255,0) steer=+0.500 gnd=4.0 sp=4022.15 horiz=3856.85 velH=1.3064 bodyH=1.2674 slip=+0.0390 d=(0.04361,0.17298) av=(-0.00955491,0.0919757,-0.0269961)
in=(128,0,255,0) steer=+0.500 gnd=4.0 sp=4029.94 horiz=3867.40 velH=1.2802 bodyH=1.2461 slip=+0.0342 d=(0.04754,0.17237) av=(-0.0100595,0.0939257,-0.0272304)
in=(128,0,255,0) steer=+0.500 gnd=4.0 sp=4038.41 horiz=3877.33 velH=1.2560 bodyH=1.2247 slip=+0.0312 d=(0.05212,0.17155) av=(-0.010296,0.0944071,-0.0267742)
in=(128,0,255,0) steer=+0.500 gnd=4.0 sp=4050.89 horiz=3888.26 velH=1.2364 bodyH=1.2034 slip=+0.0330 d=(0.05637,0.17068) av=(-0.0106339,0.0945056,-0.0262781)
in=(128,0,255,0) steer=+0.500 gnd=4.0 sp=4064.02 horiz=3899.40 velH=1.2175 bodyH=1.1821 slip=+0.0354 d=(0.05974,0.17008) av=(-0.011291,0.0950943,-0.0262518)
in=(128,0,255,0) steer=+0.500 gnd=4.0 sp=4075.48 horiz=3908.77 velH=1.1980 bodyH=1.1621 slip=+0.0359 d=(0.06315,0.16938) av=(-0.0095491,0.0726385,-0.0201327)
in=(128,0,255,0) steer=+0.500 gnd=4.0 sp=4086.25 horiz=3915.93 velH=1.1788 bodyH=1.1434 slip=+0.0354 d=(0.06658,0.16850) av=(-0.00820557,0.0566717,-0.0153477)
in=(128,0,255,0) steer=+0.500 gnd=4.0 sp=4096.34 horiz=3921.43 velH=1.1598 bodyH=1.1247 slip=+0.0351 d=(0.06992,0.16749) av=(-0.0071476,0.0443115,-0.0114822)
in=(128,0,255,0) steer=+0.500 gnd=4.0 sp=4105.59 horiz=3924.94 velH=1.1411 bodyH=1.1067 slip=+0.0345 d=(0.07317,0.16635) av=(-0.0049492,0.0222769,-0.00484688)
in=(128,0,255,0) steer=+0.500 gnd=4.0 sp=4112.74 horiz=3926.97 velH=1.1195 bodyH=1.0892 slip=+0.0303 d=(0.07631,0.16509) av=(-0.00694088,0.025195,-0.00523533)
in=(128,0,255,0) steer=+0.500 gnd=4.0 sp=4119.63 horiz=3928.14 velH=1.0978 bodyH=1.0703 slip=+0.0274 d=(0.08001,0.16343) av=(-0.00846677,0.0406909,-0.0091347)
in=(128,0,255,0) steer=+0.500 gnd=4.0 sp=4126.55 horiz=3928.16 velH=1.0772 bodyH=1.0515 slip=+0.0257 d=(0.08352,0.16171) av=(-0.00851096,0.0437576,-0.00946853)
in=(128,0,255,0) steer=+0.500 gnd=4.0 sp=4133.33 horiz=3927.29 velH=1.0573 bodyH=1.0326 slip=+0.0247 d=(0.08680,0.15996) av=(-0.00770837,0.0397899,-0.00792543)
in=(128,0,255,0) steer=+0.500 gnd=4.0 sp=4140.80 horiz=3926.59 velH=1.0379 bodyH=1.0138 slip=+0.0241 d=(0.08993,0.15818) av=(-0.0139579,0.0748945,-0.0181181)
in=(128,0,255,0) steer=+0.500 gnd=4.0 sp=4148.05 horiz=3925.38 velH=1.0188 bodyH=0.9951 slip=+0.0237 d=(0.09295,0.15637) av=(-0.0168454,0.0887299,-0.0221616)
in=(128,0,255,0) steer=+0.500 gnd=4.0 sp=4155.12 horiz=3923.73 velH=0.9998 bodyH=0.9764 slip=+0.0234 d=(0.09589,0.15452) av=(-0.0165259,0.084934,-0.0212564)
in=(128,0,255,0) steer=+0.500 gnd=4.0 sp=4162.17 horiz=3920.23 velH=0.9815 bodyH=0.9591 slip=+0.0224 d=(0.09874,0.15260) av=(-0.0176407,0.0879588,-0.0225061)
in=(128,0,255,0) steer=+0.500 gnd=4.0 sp=4169.13 horiz=3915.23 velH=0.9637 bodyH=0.9420 slip=+0.0216 d=(0.10140,0.15063) av=(-0.0203393,0.0975937,-0.0257043)
in=(128,0,255,0) steer=+0.500 gnd=4.0 sp=4189.42 horiz=3919.21 velH=0.9486 bodyH=0.9250 slip=+0.0236 d=(0.10392,0.14860) av=(-0.0288103,0.130027,-0.036047)
in=(128,0,255,0) steer=+0.500 gnd=4.0 sp=4235.94 horiz=3943.20 velH=0.9373 bodyH=0.9092 slip=+0.0281 d=(0.10621,0.14747) av=(-0.0346506,0.148593,-0.042254)
in=(128,0,255,0) steer=+0.500 gnd=4.0 sp=4278.91 horiz=3964.88 velH=0.9249 bodyH=0.8947 slip=+0.0302 d=(0.10858,0.14712) av=(-0.0325395,0.131481,-0.0368067)
in=(128,0,255,0) steer=+0.500 gnd=4.0 sp=4300.72 horiz=3969.24 velH=0.9087 bodyH=0.8813 slip=+0.0274 d=(0.11101,0.14636) av=(-0.0291204,0.107242,-0.0274984)
in=(128,0,255,0) steer=+0.500 gnd=4.0 sp=4303.94 horiz=3959.36 velH=0.8897 bodyH=0.8667 slip=+0.0230 d=(0.11348,0.14455) av=(-0.0301976,0.102727,-0.0262074)
in=(128,0,255,0) steer=+0.500 gnd=4.0 sp=4326.63 horiz=3961.26 velH=0.8763 bodyH=0.8527 slip=+0.0235 d=(0.11582,0.14221) av=(-0.0138948,0.0445447,-0.00891188)
in=(128,0,255,0) steer=+0.500 gnd=4.0 sp=4346.74 horiz=3961.46 velH=0.8625 bodyH=0.8379 slip=+0.0246 d=(0.11775,0.14067) av=(0.00255995,-0.00809027,0.00620877)
in=(128,0,255,0) steer=+0.500 gnd=4.0 sp=4365.63 horiz=3962.44 velH=0.8476 bodyH=0.8213 slip=+0.0263 d=(0.11971,0.13902) av=(0.00745661,-0.0228898,0.00993968)
in=(128,0,255,0) steer=+0.500 gnd=4.0 sp=4366.24 horiz=3954.55 velH=0.8276 bodyH=0.8026 slip=+0.0251 d=(0.12187,0.13709) av=(0.00802046,-0.0240185,0.00961914)
in=(128,0,255,0) steer=+0.500 gnd=4.0 sp=4366.90 horiz=3947.37 velH=0.8081 bodyH=0.7837 slip=+0.0244 d=(0.12433,0.13437) av=(0.0068158,-0.0200206,0.00783964)
in=(128,0,255,0) steer=+0.500 gnd=4.0 sp=4367.20 horiz=3940.24 velH=0.7888 bodyH=0.7647 slip=+0.0241 d=(0.12669,0.13168) av=(-0.00225955,0.00477477,-0.000108886)
in=(128,0,255,0) steer=+0.500 gnd=4.0 sp=4367.42 horiz=3933.22 velH=0.7695 bodyH=0.7455 slip=+0.0241 d=(0.12897,0.12898) av=(-0.00926603,0.0231447,-0.00586028)
in=(128,0,255,0) steer=+0.500 gnd=4.0 sp=4367.42 horiz=3927.16 velH=0.7500 bodyH=0.7252 slip=+0.0248 d=(0.13119,0.12625) av=(-0.018943,0.0484703,-0.0134963)
in=(128,0,255,0) steer=+0.500 gnd=4.0 sp=4367.17 horiz=3923.47 velH=0.7297 bodyH=0.7039 slip=+0.0258 d=(0.13346,0.12346) av=(-0.0246622,0.0626143,-0.0176987)
in=(128,0,255,0) steer=+0.500 gnd=4.0 sp=4366.75 horiz=3921.13 velH=0.7089 bodyH=0.6825 slip=+0.0264 d=(0.13583,0.12061) av=(-0.0281489,0.0705395,-0.0198866)
in=(128,0,255,0) steer=+0.500 gnd=4.0 sp=4366.24 horiz=3919.58 velH=0.6880 bodyH=0.6612 slip=+0.0268 d=(0.13823,0.11769) av=(-0.0303584,0.0749879,-0.0208854)
in=(128,0,255,0) steer=+0.500 gnd=4.0 sp=4365.67 horiz=3918.48 velH=0.6668 bodyH=0.6398 slip=+0.0270 d=(0.14062,0.11472) av=(-0.0318296,0.0774881,-0.0211793)
in=(128,0,255,0) steer=+0.500 gnd=4.0 sp=4365.08 horiz=3917.64 velH=0.6456 bodyH=0.6185 slip=+0.0271 d=(0.14298,0.11169) av=(-0.0328696,0.0788948,-0.0210535)
in=(128,0,255,0) steer=+0.500 gnd=4.0 sp=4364.49 horiz=3916.97 velH=0.6243 bodyH=0.5972 slip=+0.0272 d=(0.14529,0.10861) av=(-0.0336542,0.0796872,-0.0206763)
in=(128,0,255,0) steer=+0.500 gnd=4.0 sp=4363.90 horiz=3916.40 velH=0.6031 bodyH=0.5758 slip=+0.0272 d=(0.14754,0.10548) av=(-0.0342846,0.0801341,-0.020147)
in=(128,0,255,0) steer=+0.500 gnd=4.0 sp=4363.33 horiz=3915.89 velH=0.5817 bodyH=0.5545 slip=+0.0272 d=(0.14973,0.10230) av=(-0.0348193,0.0803867,-0.0195244)
in=(128,0,255,0) steer=+0.500 gnd=4.0 sp=4362.76 horiz=3915.43 velH=0.5604 bodyH=0.5332 slip=+0.0273 d=(0.15186,0.09907) av=(-0.0352916,0.0805299,-0.0188433)
in=(128,0,255,0) steer=+0.500 gnd=4.0 sp=4362.21 horiz=3915.00 velH=0.5391 bodyH=0.5118 slip=+0.0273 d=(0.15392,0.09580) av=(-0.0357211,0.0806113,-0.0181245)
in=(128,0,255,0) steer=+0.500 gnd=4.0 sp=4361.68 horiz=3914.60 velH=0.5178 bodyH=0.4905 slip=+0.0273 d=(0.15591,0.09248) av=(-0.0361187,0.080658,-0.0173802)
in=(128,0,255,0) steer=+0.500 gnd=4.0 sp=4361.16 horiz=3914.21 velH=0.4964 bodyH=0.4692 slip=+0.0273 d=(0.15783,0.08913) av=(-0.0364909,0.0806851,-0.016618)
in=(128,0,255,0) steer=+0.500 gnd=4.0 sp=4360.66 horiz=3913.84 velH=0.4751 bodyH=0.4478 slip=+0.0273 d=(0.15968,0.08573) av=(-0.0368412,0.0807012,-0.0158423)
in=(128,0,255,0) steer=+0.500 gnd=4.0 sp=4360.18 horiz=3913.49 velH=0.4537 bodyH=0.4265 slip=+0.0273 d=(0.16146,0.08230) av=(-0.0371718,0.080711,-0.0150561)
in=(128,0,255,0) steer=+0.500 gnd=4.0 sp=4359.71 horiz=3913.15 velH=0.4324 bodyH=0.4051 slip=+0.0273 d=(0.16316,0.07883) av=(-0.0374836,0.0807174,-0.0142611)
in=(128,0,255,0) steer=+0.500 gnd=4.0 sp=4359.25 horiz=3912.83 velH=0.4111 bodyH=0.3838 slip=+0.0273 d=(0.16479,0.07532) av=(-0.0377773,0.0807218,-0.0134585)
in=(128,0,255,0) steer=+0.500 gnd=4.0 sp=4358.81 horiz=3912.52 velH=0.3897 bodyH=0.3625 slip=+0.0273 d=(0.16635,0.07178) av=(-0.0380532,0.0807251,-0.0126493)
in=(128,0,255,0) steer=+0.500 gnd=4.0 sp=4358.38 horiz=3912.22 velH=0.3684 bodyH=0.3411 slip=+0.0273 d=(0.16783,0.06821) av=(-0.0383114,0.0807279,-0.011834)
in=(128,0,255,0) steer=+0.500 gnd=4.0 sp=4357.97 horiz=3911.94 velH=0.3471 bodyH=0.3198 slip=+0.0273 d=(0.16923,0.06461) av=(-0.038552,0.0807303,-0.0110132)
in=(128,0,255,0) steer=+0.500 gnd=4.0 sp=4357.57 horiz=3911.66 velH=0.3257 bodyH=0.2985 slip=+0.0273 d=(0.17056,0.06098) av=(-0.0387749,0.0807326,-0.0101875)
in=(128,0,255,0) steer=+0.500 gnd=4.0 sp=4357.18 horiz=3911.40 velH=0.3044 bodyH=0.2771 slip=+0.0273 d=(0.17181,0.05732) av=(-0.03898,0.0807349,-0.00935717)
in=(128,0,255,0) steer=+0.500 gnd=4.0 sp=4356.81 horiz=3911.15 velH=0.2830 bodyH=0.2558 slip=+0.0273 d=(0.17298,0.05364) av=(-0.0391674,0.0807371,-0.0085227)
in=(128,0,255,0) steer=+0.500 gnd=4.0 sp=4356.44 horiz=3910.91 velH=0.2617 bodyH=0.2344 slip=+0.0273 d=(0.17408,0.04993) av=(-0.0393369,0.0807394,-0.00768448)
in=(128,0,255,0) steer=+0.500 gnd=4.0 sp=4356.09 horiz=3910.68 velH=0.2404 bodyH=0.2131 slip=+0.0273 d=(0.17509,0.04621) av=(-0.0394885,0.0807416,-0.00684289)
in=(128,0,255,0) steer=+0.500 gnd=4.0 sp=4355.75 horiz=3910.46 velH=0.2190 bodyH=0.1918 slip=+0.0273 d=(0.17603,0.04246) av=(-0.0396222,0.080744,-0.00599833)
in=(128,0,255,0) steer=+0.500 gnd=4.0 sp=4355.42 horiz=3910.25 velH=0.1977 bodyH=0.1704 slip=+0.0273 d=(0.17689,0.03869) av=(-0.0397377,0.0807464,-0.00515117)
in=(128,0,255,0) steer=+0.500 gnd=4.0 sp=4355.10 horiz=3910.05 velH=0.1764 bodyH=0.1491 slip=+0.0273 d=(0.17766,0.03490) av=(-0.0398352,0.0807488,-0.00430182)
in=(128,0,255,0) steer=+0.500 gnd=4.0 sp=4354.79 horiz=3909.86 velH=0.1550 bodyH=0.1278 slip=+0.0273 d=(0.17836,0.03110) av=(-0.0399146,0.0807513,-0.00345065)
in=(128,0,255,0) steer=+0.500 gnd=4.0 sp=4354.50 horiz=3909.68 velH=0.1337 bodyH=0.1064 slip=+0.0273 d=(0.17897,0.02729) av=(-0.0399758,0.0807538,-0.00259806)
in=(128,0,255,0) steer=+0.500 gnd=4.0 sp=4354.21 horiz=3909.51 velH=0.1123 bodyH=0.0851 slip=+0.0273 d=(0.17950,0.02346) av=(-0.0400189,0.0807564,-0.00174444)
in=(128,0,255,0) steer=+0.500 gnd=4.0 sp=4353.93 horiz=3909.34 velH=0.0910 bodyH=0.0638 slip=+0.0273 d=(0.17996,0.01963) av=(-0.0400437,0.080759,-0.000890154)
in=(128,0,255,0) steer=+0.500 gnd=4.0 sp=4353.65 horiz=3909.18 velH=0.0697 bodyH=0.0424 slip=+0.0273 d=(0.18033,0.01578) av=(-0.0400503,0.0807617,-3.56058e-05)
in=(128,0,255,0) steer=+0.500 gnd=4.0 sp=4353.39 horiz=3909.04 velH=0.0483 bodyH=0.0211 slip=+0.0273 d=(0.18062,0.01193) av=(-0.0400387,0.0807644,0.000818823)
in=(128,0,255,0) steer=+0.500 gnd=4.0 sp=4353.14 horiz=3908.89 velH=0.0270 bodyH=-0.0003 slip=+0.0273 d=(0.18082,0.00808) av=(-0.0400089,0.0807671,0.00167275)
in=(128,0,255,0) steer=+0.500 gnd=4.0 sp=4352.89 horiz=3908.76 velH=0.0057 bodyH=-0.0216 slip=+0.0273 d=(0.18095,0.00422) av=(-0.0399609,0.0807699,0.00252577)
in=(128,0,255,0) steer=+0.500 gnd=4.0 sp=4352.65 horiz=3908.63 velH=-0.0157 bodyH=-0.0429 slip=+0.0273 d=(0.18099,0.00035) av=(-0.0398948,0.0807727,0.0033775)
in=(128,0,255,0) steer=+0.500 gnd=4.0 sp=4352.42 horiz=3908.51 velH=-0.0370 bodyH=-0.0643 slip=+0.0273 d=(0.18095,-0.00351) av=(-0.0398105,0.0807756,0.00422756)
in=(128,0,255,0) steer=+0.500 gnd=4.0 sp=4352.20 horiz=3908.40 velH=-0.0584 bodyH=-0.0856 slip=+0.0273 d=(0.18083,-0.00737) av=(-0.0397081,0.0807785,0.00507557)
in=(128,0,255,0) steer=+0.500 gnd=4.0 sp=4351.98 horiz=3908.29 velH=-0.0797 bodyH=-0.1069 slip=+0.0273 d=(0.18062,-0.01122) av=(-0.0395877,0.0807815,0.00592113)
in=(128,0,255,0) steer=+0.500 gnd=4.0 sp=4351.78 horiz=3908.19 velH=-0.1010 bodyH=-0.1283 slip=+0.0272 d=(0.18034,-0.01507) av=(-0.0394493,0.0807844,0.00676387)
in=(128,0,255,0) steer=+0.500 gnd=4.0 sp=4351.57 horiz=3908.09 velH=-0.1224 bodyH=-0.1496 slip=+0.0272 d=(0.17997,-0.01892) av=(-0.039293,0.0807875,0.00760342)
in=(128,0,255,0) steer=+0.500 gnd=4.0 sp=4351.38 horiz=3908.00 velH=-0.1437 bodyH=-0.1710 slip=+0.0272 d=(0.17952,-0.02275) av=(-0.0391189,0.0807905,0.00843937)
in=(128,0,255,0) steer=+0.500 gnd=4.0 sp=4351.19 horiz=3907.92 velH=-0.1650 bodyH=-0.1923 slip=+0.0272 d=(0.17899,-0.02658) av=(-0.0389269,0.0807936,0.00927135)
in=(128,0,255,0) steer=+0.500 gnd=4.0 sp=4351.01 horiz=3907.84 velH=-0.1864 bodyH=-0.2136 slip=+0.0272 d=(0.17838,-0.03039) av=(-0.0387173,0.0807967,0.010099)
in=(0,128,255,0) steer=-0.500 gnd=4.0 sp=4352.77 horiz=3910.27 velH=-0.1886 bodyH=-0.1923 slip=+0.0037 d=(0.17780,-0.03372) av=(-0.00949306,0.020262,0.00439542)
in=(0,128,255,0) steer=-0.500 gnd=4.0 sp=4354.91 horiz=3912.33 velH=-0.1802 bodyH=-0.1710 slip=-0.0093 d=(0.17791,-0.03375) av=(0.00713534,-0.014086,0.00141595)
in=(0,128,255,0) steer=-0.500 gnd=4.0 sp=4356.38 horiz=3913.59 velH=-0.1663 bodyH=-0.1496 slip=-0.0167 d=(0.17831,-0.03208) av=(0.0166248,-0.0334946,1.05122e-06)
in=(0,128,255,0) steer=-0.500 gnd=4.0 sp=4357.83 horiz=3914.84 velH=-0.1493 bodyH=-0.1284 slip=-0.0209 d=(0.17881,-0.02949) av=(0.0214197,-0.0433657,0.000276696)
in=(0,128,255,0) steer=-0.500 gnd=4.0 sp=4359.04 horiz=3916.07 velH=-0.1307 bodyH=-0.1076 slip=-0.0231 d=(0.17935,-0.02640) av=(0.0289872,-0.0588694,-0.000234463)
in=(0,128,255,0) steer=-0.500 gnd=4.0 sp=4359.97 horiz=3917.14 velH=-0.1112 bodyH=-0.0868 slip=-0.0244 d=(0.17987,-0.02303) av=(0.0332873,-0.0676907,-0.000183677)
in=(0,128,255,0) steer=-0.500 gnd=4.0 sp=4360.84 horiz=3918.22 velH=-0.0912 bodyH=-0.0660 slip=-0.0252 d=(0.18034,-0.01951) av=(0.0318174,-0.0646349,0.000808099)
in=(0,128,255,0) steer=-0.500 gnd=4.0 sp=4362.01 horiz=3919.68 velH=-0.0710 bodyH=-0.0456 slip=-0.0254 d=(0.18075,-0.01589) av=(0.041109,-0.0838694,0.000226389)
in=(0,128,255,0) steer=-0.500 gnd=4.0 sp=4363.14 horiz=3921.17 velH=-0.0507 bodyH=-0.0253 slip=-0.0254 d=(0.18110,-0.01223) av=(0.0462707,-0.0946166,0.000395274)
in=(0,128,255,0) steer=-0.500 gnd=4.0 sp=4364.23 horiz=3922.63 velH=-0.0305 bodyH=-0.0050 slip=-0.0255 d=(0.18138,-0.00857) av=(0.0491261,-0.100636,0.000984959)
in=(0,128,255,0) steer=-0.500 gnd=4.0 sp=4365.28 horiz=3924.02 velH=-0.0102 bodyH=0.0153 slip=-0.0255 d=(0.18158,-0.00490) av=(0.0506873,-0.104015,0.00181002)
in=(0,128,255,0) steer=-0.500 gnd=4.0 sp=4366.13 horiz=3925.20 velH=0.0101 bodyH=0.0356 slip=-0.0255 d=(0.18171,-0.00122) av=(0.0493106,-0.101391,0.00268814)
in=(0,128,255,0) steer=-0.500 gnd=4.0 sp=4366.86 horiz=3926.27 velH=0.0304 bodyH=0.0560 slip=-0.0256 d=(0.18175,0.00247) av=(0.0494316,-0.101796,0.0035457)
in=(0,128,255,0) steer=-0.500 gnd=4.0 sp=4367.56 horiz=3927.30 velH=0.0508 bodyH=0.0765 slip=-0.0257 d=(0.18171,0.00617) av=(0.0494508,-0.102062,0.00449301)
in=(0,128,255,0) steer=-0.500 gnd=4.0 sp=4368.18 horiz=3928.22 velH=0.0712 bodyH=0.0969 slip=-0.0258 d=(0.18159,0.00987) av=(0.0470524,-0.0973978,0.00538731)
in=(0,128,255,0) steer=-0.500 gnd=4.0 sp=4368.68 horiz=3929.02 velH=0.0916 bodyH=0.1175 slip=-0.0258 d=(0.18139,0.01358) av=(0.0450145,-0.093517,0.00627419)
in=(0,128,255,0) steer=-0.500 gnd=4.0 sp=4369.10 horiz=3929.78 velH=0.1122 bodyH=0.1381 slip=-0.0260 d=(0.18111,0.01730) av=(0.0448277,-0.0934974,0.00724093)
in=(0,128,255,0) steer=-0.500 gnd=4.0 sp=4369.49 horiz=3930.50 velH=0.1327 bodyH=0.1588 slip=-0.0260 d=(0.18076,0.02101) av=(0.0446457,-0.0935273,0.00819529)
in=(0,128,255,0) steer=-0.500 gnd=4.0 sp=4369.87 horiz=3931.19 velH=0.1533 bodyH=0.1794 slip=-0.0261 d=(0.18032,0.02473) av=(0.0444536,-0.0935712,0.00914167)
in=(0,128,255,0) steer=-0.500 gnd=4.0 sp=4370.23 horiz=3931.83 velH=0.1739 bodyH=0.2000 slip=-0.0261 d=(0.17980,0.02845) av=(0.0442438,-0.0936121,0.0100817)
in=(0,128,255,0) steer=-0.500 gnd=4.0 sp=4370.57 horiz=3932.41 velH=0.1946 bodyH=0.2207 slip=-0.0261 d=(0.17921,0.03215) av=(0.0440127,-0.0936415,0.0110157)
in=(0,128,255,0) steer=-0.500 gnd=4.0 sp=4370.91 horiz=3932.93 velH=0.2152 bodyH=0.2413 slip=-0.0261 d=(0.17853,0.03584) av=(0.0437586,-0.0936558,0.0119435)
in=(0,128,255,0) steer=-0.500 gnd=4.0 sp=4371.23 horiz=3933.40 velH=0.2358 bodyH=0.2619 slip=-0.0261 d=(0.17778,0.03952) av=(0.0434807,-0.0936534,0.0128643)
in=(0,128,255,0) steer=-0.500 gnd=4.0 sp=4371.55 horiz=3933.80 velH=0.2564 bodyH=0.2826 slip=-0.0261 d=(0.17695,0.04319) av=(0.0431788,-0.0936336,0.0137776)
in=(0,128,255,0) steer=-0.500 gnd=4.0 sp=4371.85 horiz=3934.14 velH=0.2771 bodyH=0.3032 slip=-0.0261 d=(0.17603,0.04683) av=(0.042853,-0.0935963,0.0146825)
in=(0,128,255,0) steer=-0.500 gnd=4.0 sp=4371.15 horiz=3933.58 velH=0.2978 bodyH=0.3240 slip=-0.0263 d=(0.17504,0.05046) av=(0.0316141,-0.0698046,0.0117611)
in=(0,128,255,0) steer=-0.500 gnd=4.0 sp=4370.06 horiz=3932.87 velH=0.3187 bodyH=0.3454 slip=-0.0267 d=(0.17392,0.05407) av=(0.030005,-0.0666142,0.0116984)
in=(0,128,255,0) steer=-0.500 gnd=4.0 sp=4368.95 horiz=3932.31 velH=0.3398 bodyH=0.3668 slip=-0.0270 d=(0.17272,0.05769) av=(0.0290231,-0.0649456,0.0119323)
in=(0,128,255,0) steer=-0.500 gnd=4.0 sp=4367.46 horiz=3931.49 velH=0.3611 bodyH=0.3882 slip=-0.0271 d=(0.17144,0.06132) av=(0.0171455,-0.0391183,0.00796786)
in=(0,128,255,0) steer=-0.500 gnd=4.0 sp=4365.31 horiz=3930.32 velH=0.3825 bodyH=0.4099 slip=-0.0275 d=(0.17006,0.06494) av=(0.00744951,-0.0180022,0.00465012)
in=(0,128,255,0) steer=-0.500 gnd=4.0 sp=4362.92 horiz=3929.28 velH=0.4042 bodyH=0.4320 slip=-0.0279 d=(0.16857,0.06855) av=(0.00688126,-0.0171928,0.00482946)
in=(0,128,255,0) steer=-0.500 gnd=4.0 sp=4360.56 horiz=3928.55 velH=0.4260 bodyH=0.4541 slip=-0.0281 d=(0.16700,0.07218) av=(0.00660261,-0.0170005,0.00505801)
in=(0,128,255,0) steer=-0.500 gnd=4.0 sp=4358.27 horiz=3928.06 velH=0.4480 bodyH=0.4762 slip=-0.0282 d=(0.16535,0.07580) av=(0.00647577,-0.0171372,0.00532218)
in=(0,128,255,0) steer=-0.500 gnd=4.0 sp=4356.04 horiz=3927.78 velH=0.4700 bodyH=0.4983 slip=-0.0283 d=(0.16363,0.07941) av=(0.00642672,-0.0174508,0.00561259)
in=(0,128,255,0) steer=-0.500 gnd=4.0 sp=4353.91 horiz=3927.67 velH=0.4920 bodyH=0.5203 slip=-0.0283 d=(0.16183,0.08298) av=(0.00641543,-0.0178605,0.00592322)
in=(0,128,255,0) steer=-0.500 gnd=4.0 sp=4351.94 horiz=3927.82 velH=0.5140 bodyH=0.5424 slip=-0.0283 d=(0.15997,0.08653) av=(0.00799535,-0.0220455,0.00888222)
in=(0,128,255,0) steer=-0.500 gnd=4.0 sp=4350.14 horiz=3928.11 velH=0.5361 bodyH=0.5644 slip=-0.0283 d=(0.15803,0.09004) av=(0.00994993,-0.0271027,0.0125052)
in=(0,128,255,0) steer=-0.500 gnd=4.0 sp=4348.48 horiz=3928.52 velH=0.5581 bodyH=0.5863 slip=-0.0283 d=(0.15602,0.09350) av=(0.0105898,-0.0291899,0.014275)
in=(0,128,255,0) steer=-0.500 gnd=4.0 sp=4347.12 horiz=3929.12 velH=0.5800 bodyH=0.6082 slip=-0.0282 d=(0.15395,0.09692) av=(0.0133234,-0.0366615,0.016611)
in=(0,128,255,0) steer=-0.500 gnd=4.0 sp=4345.84 horiz=3929.67 velH=0.6019 bodyH=0.6301 slip=-0.0282 d=(0.15181,0.10029) av=(0.014801,-0.0411705,0.0178521)
in=(0,128,255,0) steer=-0.500 gnd=4.0 sp=13.15 horiz=11.90 velH=0.6302 bodyH=0.6302 slip=+0.0000 d=(0.00011,0.00008) av=(-2.06524e-09,5.40375e-09,-1.46136e-09)
in=(0,128,255,0) steer=-0.500 gnd=4.0 sp=26.83 horiz=24.29 velH=0.6304 bodyH=0.6304 slip=+0.0000 d=(0.00056,0.00041) av=(-5.37006e-08,1.4068e-07,-3.84743e-08)
in=(0,128,255,0) steer=-0.500 gnd=4.0 sp=41.32 horiz=37.40 velH=0.6308 bodyH=0.6308 slip=+0.0000 d=(0.00103,0.00075) av=(-3.34031e-07,8.74818e-07,-2.39139e-07)
in=(0,128,255,0) steer=-0.500 gnd=4.0 sp=56.66 horiz=51.29 velH=0.6315 bodyH=0.6315 slip=+0.0000 d=(0.00153,0.00112) av=(-1.23342e-06,3.22855e-06,-8.8172e-07)
in=(0,128,255,0) steer=-0.500 gnd=4.0 sp=72.90 horiz=65.98 velH=0.6324 bodyH=0.6323 slip=+0.0000 d=(0.00205,0.00150) av=(-3.44987e-06,9.02227e-06,-2.4601e-06)
in=(0,128,255,0) steer=-0.500 gnd=4.0 sp=90.08 horiz=81.53 velH=0.6335 bodyH=0.6334 slip=+0.0001 d=(0.00261,0.00191) av=(-8.10477e-06,2.1167e-05,-5.75739e-06)
in=(0,128,255,0) steer=-0.500 gnd=4.0 sp=108.26 horiz=97.99 velH=0.6349 bodyH=0.6348 slip=+0.0001 d=(0.00320,0.00235) av=(-1.68641e-05,4.39533e-05,-1.19107e-05)
in=(0,128,255,0) steer=-0.500 gnd=4.0 sp=127.49 horiz=115.39 velH=0.6366 bodyH=0.6364 slip=+0.0002 d=(0.00381,0.00282) av=(-3.20291e-05,8.32252e-05,-2.2427e-05)
in=(0,128,255,0) steer=-0.500 gnd=4.0 sp=147.83 horiz=133.81 velH=0.6386 bodyH=0.6383 slip=+0.0003 d=(0.00447,0.00331) av=(-5.65163e-05,0.000146193,-3.90641e-05)
in=(0,128,255,0) steer=-0.500 gnd=4.0 sp=169.35 horiz=153.28 velH=0.6410 bodyH=0.6404 slip=+0.0005 d=(0.00515,0.00384) av=(-9.3575e-05,0.000240408,-6.34081e-05)
in=(0,128,255,0) steer=-0.500 gnd=4.0 sp=192.09 horiz=173.86 velH=0.6438 bodyH=0.6429 slip=+0.0009 d=(0.00588,0.00440) av=(-0.000145961,0.000371016,-9.58285e-05)
in=(0,128,255,0) steer=-0.500 gnd=4.0 sp=216.13 horiz=195.62 velH=0.6471 bodyH=0.6458 slip=+0.0014 d=(0.00664,0.00500) av=(-0.00021409,0.000534682,-0.000133199)
in=(0,128,255,0) steer=-0.500 gnd=4.0 sp=241.54 horiz=218.62 velH=0.6511 bodyH=0.6489 slip=+0.0022 d=(0.00743,0.00564) av=(-0.000292364,0.000707353,-0.000164238)
in=(0,128,255,0) steer=-0.500 gnd=4.0 sp=268.39 horiz=242.91 velH=0.6558 bodyH=0.6524 slip=+0.0034 d=(0.00827,0.00632) av=(-0.000270894,0.000613325,-0.000119584)
in=(0,128,255,0) steer=-0.500 gnd=4.0 sp=283.36 horiz=256.46 velH=0.6588 bodyH=0.6563 slip=+0.0025 d=(0.00904,0.00697) av=(-0.000171364,0.000325317,-2.70383e-05)
in=(0,128,255,0) steer=-0.500 gnd=4.0 sp=299.16 horiz=270.76 velH=0.6633 bodyH=0.6604 slip=+0.0029 d=(0.00952,0.00739) av=(-8.1705e-05,6.88035e-05,5.4015e-05)
in=(0,128,255,0) steer=-0.500 gnd=4.0 sp=315.86 horiz=285.86 velH=0.6686 bodyH=0.6647 slip=+0.0038 d=(0.01001,0.00785) av=(4.491e-06,-0.000178584,0.000133032)
in=(0,128,255,0) steer=-0.500 gnd=4.0 sp=333.51 horiz=301.82 velH=0.6748 bodyH=0.6693 slip=+0.0055 d=(0.01053,0.00834) av=(9.08709e-05,-0.000428269,0.000213889)
in=(0,128,255,0) steer=-0.500 gnd=4.0 sp=352.15 horiz=318.69 velH=0.6802 bodyH=0.6741 slip=+0.0061 d=(0.01106,0.00888) av=(0.000281915,-0.00108319,0.000473125)
in=(0,128,255,0) steer=-0.500 gnd=4.0 sp=371.84 horiz=336.51 velH=0.6843 bodyH=0.6792 slip=+0.0051 d=(0.01163,0.00943) av=(0.000928807,-0.00329611,0.00135599)
in=(0,128,255,0) steer=-0.500 gnd=4.0 sp=392.64 horiz=355.34 velH=0.6890 bodyH=0.6845 slip=+0.0045 d=(0.01224,0.01001) av=(0.00160417,-0.00547416,0.00220853)
in=(0,128,255,0) steer=-0.500 gnd=4.0 sp=414.60 horiz=375.22 velH=0.6942 bodyH=0.6902 slip=+0.0040 d=(0.01287,0.01064) av=(0.00214762,-0.00722996,0.00294704)
in=(0,128,255,0) steer=-0.500 gnd=4.0 sp=437.78 horiz=396.20 velH=0.6998 bodyH=0.6962 slip=+0.0036 d=(0.01353,0.01130) av=(0.00257913,-0.00868721,0.00369148)
in=(0,128,255,0) steer=-0.500 gnd=4.0 sp=462.25 horiz=418.34 velH=0.7057 bodyH=0.7025 slip=+0.0033 d=(0.01422,0.01201) av=(0.00299323,-0.0101987,0.00472774)
in=(0,128,255,0) steer=-0.500 gnd=4.0 sp=488.07 horiz=441.71 velH=0.7120 bodyH=0.7091 slip=+0.0029 d=(0.01494,0.01277) av=(0.00370123,-0.0124528,0.00585491)
in=(0,128,255,0) steer=-0.500 gnd=4.0 sp=515.32 horiz=466.37 velH=0.7186 bodyH=0.7162 slip=+0.0025 d=(0.01569,0.01359) av=(0.00451793,-0.0147825,0.00640831)
in=(0,128,255,0) steer=-0.500 gnd=4.0 sp=544.05 horiz=492.38 velH=0.7257 bodyH=0.7236 slip=+0.0020 d=(0.01647,0.01446) av=(0.00522575,-0.0168221,0.00677833)
in=(0,128,255,0) steer=-0.500 gnd=4.0 sp=574.35 horiz=519.80 velH=0.7331 bodyH=0.7315 slip=+0.0016 d=(0.01727,0.01539) av=(0.00585358,-0.01872,0.00718394)
in=(0,128,255,0) steer=-0.500 gnd=4.0 sp=606.28 horiz=548.70 velH=0.7409 bodyH=0.7397 slip=+0.0012 d=(0.01811,0.01638) av=(0.00645027,-0.0206129,0.00768312)
in=(0,128,255,0) steer=-0.500 gnd=4.0 sp=639.93 horiz=579.16 velH=0.7492 bodyH=0.7485 slip=+0.0007 d=(0.01898,0.01744) av=(0.00704714,-0.0225803,0.00828313)
in=(0,128,255,0) steer=-0.500 gnd=4.0 sp=675.39 horiz=611.24 velH=0.7579 bodyH=0.7577 slip=+0.0002 d=(0.01988,0.01857) av=(0.0076608,-0.0246651,0.00897904)
in=(0,128,255,0) steer=-0.500 gnd=4.0 sp=712.72 horiz=645.03 velH=0.7671 bodyH=0.7674 slip=-0.0004 d=(0.02081,0.01979) av=(0.00829926,-0.0268908,0.00976552)
in=(0,128,255,0) steer=-0.500 gnd=4.0 sp=752.03 horiz=680.61 velH=0.7768 bodyH=0.7777 slip=-0.0009 d=(0.02177,0.02108) av=(0.00896588,-0.0292724,0.0106398)
in=(0,128,255,0) steer=-0.500 gnd=4.0 sp=793.40 horiz=718.05 velH=0.7870 bodyH=0.7886 slip=-0.0015 d=(0.02275,0.02247) av=(0.00966156,-0.0318209,0.0116018)
in=(0,128,255,0) steer=-0.500 gnd=4.0 sp=836.92 horiz=757.44 velH=0.7979 bodyH=0.8000 slip=-0.0022 d=(0.02375,0.02395) av=(0.0103859,-0.0345461,0.0126537)
in=(0,128,255,0) steer=-0.500 gnd=4.0 sp=882.69 horiz=798.87 velH=0.8093 bodyH=0.8121 slip=-0.0028 d=(0.02477,0.02554) av=(0.0111375,-0.0374573,0.0137996)
in=(0,128,255,0) steer=-0.500 gnd=4.0 sp=930.80 horiz=842.41 velH=0.8213 bodyH=0.8248 slip=-0.0035 d=(0.02582,0.02723) av=(0.0119145,-0.0405645,0.0150446)
in=(0,128,255,0) steer=-0.500 gnd=4.0 sp=981.35 horiz=888.17 velH=0.8339 bodyH=0.8382 slip=-0.0043 d=(0.02687,0.02904) av=(0.0127139,-0.0438774,0.016395)
in=(0,128,255,0) steer=-0.500 gnd=4.0 sp=1034.44 horiz=936.22 velH=0.8473 bodyH=0.8524 slip=-0.0051 d=(0.02794,0.03098) av=(0.0135303,-0.047399,0.0178552)
in=(0,128,255,0) steer=-0.500 gnd=4.0 sp=1090.17 horiz=986.66 velH=0.8614 bodyH=0.8673 slip=-0.0059 d=(0.02900,0.03304) av=(0.0141306,-0.0503308,0.0191267)
in=(0,128,255,0) steer=-0.500 gnd=4.0 sp=1147.20 horiz=1038.27 velH=0.8761 bodyH=0.8830 slip=-0.0069 d=(0.03005,0.03523) av=(0.0143269,-0.0519811,0.0199444)
in=(0,128,255,0) steer=-0.500 gnd=4.0 sp=1205.34 horiz=1090.90 velH=0.8916 bodyH=0.8995 slip=-0.0079 d=(0.03105,0.03751) av=(0.0143014,-0.0529667,0.0205312)
in=(0,128,255,0) steer=-0.500 gnd=4.0 sp=1263.55 horiz=1143.59 velH=0.9077 bodyH=0.9168 slip=-0.0091 d=(0.03199,0.03988) av=(0.0141434,-0.05359,0.020996)
in=(0,128,255,0) steer=-0.500 gnd=4.0 sp=1321.40 horiz=1195.95 velH=0.9245 bodyH=0.9350 slip=-0.0104 d=(0.03283,0.04232) av=(0.0138966,-0.0539986,0.0213913)
in=(0,128,255,0) steer=-0.500 gnd=4.0 sp=1378.87 horiz=1247.97 velH=0.9422 bodyH=0.9540 slip=-0.0118 d=(0.03356,0.04481) av=(0.0135803,-0.0542562,0.0217384)
in=(0,128,255,0) steer=-0.500 gnd=4.0 sp=1435.92 horiz=1299.62 velH=0.9607 bodyH=0.9738 slip=-0.0131 d=(0.03416,0.04735) av=(0.0132028,-0.0543868,0.0220437)
in=(0,128,255,0) steer=-0.500 gnd=4.0 sp=1492.52 horiz=1350.86 velH=0.9799 bodyH=0.9944 slip=-0.0145 d=(0.03464,0.04994) av=(0.0127682,-0.054399,0.0223075)
in=(0,128,255,0) steer=-0.500 gnd=4.0 sp=1548.64 horiz=1401.66 velH=1.0000 bodyH=1.0157 slip=-0.0157 d=(0.03497,0.05257) av=(0.0122808,-0.054298,0.0225283)
in=(0,128,255,0) steer=-0.500 gnd=4.0 sp=1604.28 horiz=1452.03 velH=1.0205 bodyH=1.0370 slip=-0.0165 d=(0.03517,0.05525) av=(0.0117573,-0.0541147,0.0227116)
in=(0,128,255,0) steer=-0.500 gnd=4.0 sp=1659.41 horiz=1501.96 velH=1.0412 bodyH=1.0583 slip=-0.0171 d=(0.03524,0.05794) av=(0.0112292,-0.0539479,0.022892)
in=(0,128,255,0) steer=-0.500 gnd=4.0 sp=1714.04 horiz=1551.43 velH=1.0621 bodyH=1.0797 slip=-0.0176 d=(0.03518,0.06066) av=(0.0107171,-0.0538746,0.0230989)
in=(0,128,255,0) steer=-0.500 gnd=4.0 sp=1768.14 horiz=1600.43 velH=1.0831 bodyH=1.1010 slip=-0.0179 d=(0.03501,0.06338) av=(0.0102118,-0.0538539,0.0233161)
in=(0,128,255,0) steer=-0.500 gnd=4.0 sp=1821.70 horiz=1648.94 velH=1.1041 bodyH=1.1224 slip=-0.0183 d=(0.03473,0.06610) av=(0.00972597,-0.0539441,0.0235674)
in=(0,128,255,0) steer=-0.500 gnd=4.0 sp=1874.71 horiz=1696.94 velH=1.1251 bodyH=1.1437 slip=-0.0186 d=(0.03433,0.06882) av=(0.0092454,-0.0540872,0.0238301)
in=(0,128,255,0) steer=-0.500 gnd=4.0 sp=1152.73 horiz=992.02 velH=1.6922 bodyH=1.6962 slip=-0.0040 d=(-0.00496,0.04387) av=(0.0430315,-0.0605708,0.0103916)
in=(0,128,255,0) steer=-0.500 gnd=4.0 sp=1102.06 horiz=1045.71 velH=1.7060 bodyH=1.7124 slip=-0.0065 d=(-0.00578,0.04623) av=(0.0527433,-0.0642132,-0.0130794)
in=(0,128,255,0) steer=-0.500 gnd=4.0 sp=1119.72 horiz=1102.71 velH=1.7210 bodyH=1.7282 slip=-0.0072 d=(-0.00678,0.04865) av=(0.0439601,-0.0657241,-0.0178315)
in=(0,128,255,0) steer=-0.500 gnd=4.0 sp=1165.54 horiz=1160.79 velH=1.7365 bodyH=1.7443 slip=-0.0078 d=(-0.00792,0.05117) av=(0.0308651,-0.0655994,-0.0151959)
in=(0,128,255,0) steer=-0.500 gnd=4.0 sp=1220.31 horiz=1219.01 velH=1.7524 bodyH=1.7611 slip=-0.0087 d=(-0.00917,0.05370) av=(0.0197654,-0.0649819,-0.0109944)
in=(0,128,255,0) steer=-0.500 gnd=4.0 sp=1277.42 horiz=1277.05 velH=1.7688 bodyH=1.7786 slip=-0.0098 d=(-0.01052,0.05619) av=(0.0120525,-0.0645706,-0.00726883)
in=(0,128,255,0) steer=-0.500 gnd=4.0 sp=1334.90 horiz=1334.77 velH=1.7860 bodyH=1.7970 slip=-0.0110 d=(-0.01199,0.05864) av=(0.00774933,-0.0653984,-0.00425935)
in=(0,128,255,0) steer=-0.500 gnd=4.0 sp=1392.18 horiz=1392.10 velH=1.8039 bodyH=1.8162 slip=-0.0123 d=(-0.01358,0.06104) av=(0.00480789,-0.0662397,-0.00244805)
in=(0,128,255,0) steer=-0.500 gnd=4.0 sp=1449.08 horiz=1449.01 velH=1.8226 bodyH=1.8362 slip=-0.0136 d=(-0.01530,0.06336) av=(0.00284258,-0.0667312,-0.00142401)
in=(0,128,255,0) steer=-0.500 gnd=4.0 sp=1505.54 horiz=1505.45 velH=1.8420 bodyH=1.8570 slip=-0.0150 d=(-0.01715,0.06561) av=(0.00161489,-0.0668833,-0.000841307)
in=(0,128,255,0) steer=-0.500 gnd=4.0 sp=1561.51 horiz=1561.40 velH=1.8622 bodyH=1.8783 slip=-0.0161 d=(-0.01914,0.06777) av=(0.000891195,-0.0668278,-0.00050171)
in=(0,128,255,0) steer=-0.500 gnd=4.0 sp=1616.99 horiz=1616.87 velH=1.8828 bodyH=1.8997 slip=-0.0169 d=(-0.02126,0.06985) av=(0.000485083,-0.0668397,-0.000297825)
in=(0,128,255,0) steer=-0.500 gnd=4.0 sp=1671.96 horiz=1671.83 velH=1.9036 bodyH=1.9210 slip=-0.0174 d=(-0.02349,0.07183) av=(0.000262257,-0.0669422,-0.000175432)
in=(0,128,255,0) steer=-0.500 gnd=4.0 sp=1726.43 horiz=1726.29 velH=1.9245 bodyH=1.9424 slip=-0.0179 d=(-0.02582,0.07373) av=(0.000141483,-0.0671537,-0.00010235)
in=(0,128,255,0) steer=-0.500 gnd=4.0 sp=1780.36 horiz=1780.21 velH=1.9454 bodyH=1.9637 slip=-0.0183 d=(-0.02824,0.07553) av=(7.62071e-05,-0.0674104,-5.92617e-05)
in=(0,128,255,0) steer=-0.500 gnd=4.0 sp=1833.75 horiz=1833.59 velH=1.9664 bodyH=1.9850 slip=-0.0186 d=(-0.03074,0.07724) av=(4.10013e-05,-0.0676836,-3.41052e-05)
in=(0,128,255,0) steer=-0.500 gnd=4.0 sp=1886.58 horiz=1886.41 velH=1.9875 bodyH=2.0064 slip=-0.0189 d=(-0.03331,0.07885) av=(2.20435e-05,-0.0679611,-1.95306e-05)
in=(0,128,255,0) steer=-0.500 gnd=4.0 sp=1938.83 horiz=1938.65 velH=2.0085 bodyH=2.0277 slip=-0.0192 d=(-0.03596,0.08036) av=(1.18464e-05,-0.0682377,-1.11387e-05)
in=(0,128,255,0) steer=-0.500 gnd=4.0 sp=1990.49 horiz=1990.30 velH=2.0296 bodyH=2.0490 slip=-0.0195 d=(-0.03867,0.08177) av=(6.36556e-06,-0.0685113,-6.33113e-06)
in=(0,128,255,0) steer=-0.500 gnd=4.0 sp=2041.54 horiz=2041.34 velH=2.0507 bodyH=2.0704 slip=-0.0197 d=(-0.04145,0.08307) av=(3.42088e-06,-0.0687812,-3.58828e-06)
in=(0,128,255,0) steer=-0.500 gnd=4.0 sp=2091.96 horiz=2091.75 velH=2.0717 bodyH=2.0917 slip=-0.0200 d=(-0.04429,0.08427) av=(1.839e-06,-0.0690472,-2.02883e-06)
in=(0,128,255,0) steer=-0.500 gnd=4.0 sp=2141.74 horiz=2141.53 velH=2.0928 bodyH=2.1130 slip=-0.0202 d=(-0.04718,0.08535) av=(9.89113e-07,-0.0693094,-1.14476e-06)
in=(0,128,255,0) steer=-0.500 gnd=4.0 sp=2190.88 horiz=2190.65 velH=2.1140 bodyH=2.1344 slip=-0.0204 d=(-0.05013,0.08633) av=(5.32357e-07,-0.0695677,-6.44799e-07)
in=(0,128,255,0) steer=-0.500 gnd=4.0 sp=2239.35 horiz=2239.11 velH=2.1351 bodyH=2.1557 slip=-0.0206 d=(-0.05312,0.08719) av=(2.86756e-07,-0.0698223,-3.62644e-07)
in=(0,128,255,0) steer=-0.500 gnd=4.0 sp=2287.15 horiz=2286.91 velH=2.1562 bodyH=2.1771 slip=-0.0209 d=(-0.05615,0.08793) av=(1.54607e-07,-0.0700733,-2.03692e-07)
in=(0,128,255,0) steer=-0.500 gnd=4.0 sp=2334.27 horiz=2334.01 velH=2.1773 bodyH=2.1984 slip=-0.0211 d=(-0.05922,0.08856) av=(8.34442e-08,-0.0703206,-1.14283e-07)
in=(0,128,255,0) steer=-0.500 gnd=4.0 sp=2380.70 horiz=2380.43 velH=2.1985 bodyH=2.2197 slip=-0.0213 d=(-0.06233,0.08907) av=(4.50875e-08,-0.0705643,-6.40568e-08)
in=(255,0,255,0) steer=+1.000 gnd=4.0 sp=2425.04 horiz=2425.00 velH=2.1862 bodyH=2.1772 slip=+0.0089 d=(-0.06493,0.08984) av=(2.72313e-08,0.0385033,-3.58838e-08)
in=(255,0,255,0) steer=+1.000 gnd=4.0 sp=2467.57 horiz=2467.20 velH=2.1610 bodyH=2.1347 slip=+0.0263 d=(-0.06475,0.09247) av=(1.75154e-08,0.102245,-2.00252e-08)
in=(255,0,255,0) steer=+1.000 gnd=4.0 sp=2507.76 horiz=2507.05 velH=2.1289 bodyH=2.0922 slip=+0.0367 d=(-0.06334,0.09577) av=(2.8576e-09,0.139196,-3.25942e-08)
in=(255,0,255,0) steer=+1.000 gnd=4.0 sp=2545.94 horiz=2544.96 velH=2.0929 bodyH=2.0497 slip=+0.0431 d=(-0.06111,0.09936) av=(2.87074e-09,0.161059,-1.89498e-08)
in=(255,0,255,0) steer=+1.000 gnd=4.0 sp=2582.51 horiz=2581.34 velH=2.0545 bodyH=2.0072 slip=+0.0472 d=(-0.05830,0.10304) av=(2.45807e-09,0.175393,-1.09503e-08)
in=(255,0,255,0) steer=+1.000 gnd=4.0 sp=2617.78 horiz=2616.47 velH=2.0147 bodyH=1.9647 slip=+0.0500 d=(-0.05504,0.10670) av=(1.9041e-09,0.184862,-6.3637e-09)
in=(255,0,255,0) steer=+1.000 gnd=4.0 sp=2651.96 horiz=2650.54 velH=1.9740 bodyH=1.9222 slip=+0.0518 d=(-0.05142,0.11028) av=(1.39329e-09,0.191257,-3.71796e-09)
in=(255,0,255,0) steer=+1.000 gnd=4.0 sp=2685.17 horiz=2683.67 velH=1.9329 bodyH=1.8797 slip=+0.0532 d=(-0.04749,0.11373) av=(9.82862e-10,0.195718,-2.18298e-09)
in=(255,0,255,0) steer=+1.000 gnd=4.0 sp=2717.52 horiz=2715.95 velH=1.8914 bodyH=1.8372 slip=+0.0542 d=(-0.04329,0.11702) av=(6.75897e-10,0.19896,-1.28774e-09)
in=(255,0,255,0) steer=+1.000 gnd=4.0 sp=2749.06 horiz=2747.44 velH=1.8497 bodyH=1.7947 slip=+0.0550 d=(-0.03885,0.12013) av=(4.56173e-10,0.20143,-7.63045e-10)
in=(255,0,255,0) steer=+1.000 gnd=4.0 sp=2779.84 horiz=2778.17 velH=1.8079 bodyH=1.7522 slip=+0.0557 d=(-0.03420,0.12305) av=(3.0349e-10,0.203409,-4.54087e-10)
in=(255,0,255,0) steer=+1.000 gnd=4.0 sp=2809.89 horiz=2808.17 velH=1.7660 bodyH=1.7097 slip=+0.0563 d=(-0.02935,0.12575) av=(1.99634e-10,0.205072,-2.71341e-10)
in=(255,0,255,0) steer=+1.000 gnd=4.0 sp=2839.22 horiz=2837.46 velH=1.7240 bodyH=1.6672 slip=+0.0568 d=(-0.02431,0.12823) av=(1.30118e-10,0.20653,-1.62778e-10)
in=(255,0,255,0) steer=+1.000 gnd=4.0 sp=2867.85 horiz=2866.05 velH=1.6820 bodyH=1.6247 slip=+0.0573 d=(-0.01911,0.13047) av=(8.41685e-11,0.207853,-9.80135e-11)
in=(255,0,255,0) steer=+1.000 gnd=4.0 sp=2895.81 horiz=2893.97 velH=1.6400 bodyH=1.5822 slip=+0.0578 d=(-0.01375,0.13247) av=(5.41e-11,0.209085,-5.92218e-11)
in=(255,0,255,0) steer=+1.000 gnd=4.0 sp=2923.09 horiz=2921.21 velH=1.5979 bodyH=1.5397 slip=+0.0582 d=(-0.00825,0.13421) av=(3.45853e-11,0.210254,-3.5898e-11)
in=(255,0,255,0) steer=+1.000 gnd=4.0 sp=2949.71 horiz=2947.80 velH=1.5559 bodyH=1.4972 slip=+0.0587 d=(-0.00262,0.13570) av=(2.20069e-11,0.211377,-2.18237e-11)
in=(255,0,255,0) steer=+1.000 gnd=4.0 sp=2975.68 horiz=2973.73 velH=1.5138 bodyH=1.4547 slip=+0.0591 d=(0.00311,0.13691) av=(1.39464e-11,0.212467,-1.33024e-11)
in=(255,0,255,0) steer=+1.000 gnd=4.0 sp=3001.01 horiz=2999.03 velH=1.4717 bodyH=1.4122 slip=+0.0595 d=(0.00895,0.13785) av=(8.80671e-12,0.213528,-8.12726e-12)
in=(255,0,255,0) steer=+1.000 gnd=4.0 sp=3025.71 horiz=3023.69 velH=1.4296 bodyH=1.3697 slip=+0.0599 d=(0.01486,0.13851) av=(5.54361e-12,0.214568,-4.97551e-12)
in=(255,0,255,0) steer=+1.000 gnd=4.0 sp=3049.78 horiz=3047.73 velH=1.3875 bodyH=1.3272 slip=+0.0603 d=(0.02084,0.13889) av=(3.47975e-12,0.215587,-3.05124e-12)
in=(255,0,255,0) steer=+1.000 gnd=4.0 sp=3073.25 horiz=3071.17 velH=1.3454 bodyH=1.2847 slip=+0.0607 d=(0.02688,0.13897) av=(2.17875e-12,0.216588,-1.87384e-12)
in=(255,0,255,0) steer=+1.000 gnd=4.0 sp=3096.11 horiz=3094.00 velH=1.3033 bodyH=1.2422 slip=+0.0611 d=(0.03296,0.13877) av=(1.36106e-12,0.217572,-1.15206e-12)
in=(255,0,255,0) steer=+1.000 gnd=4.0 sp=3118.39 horiz=3116.24 velH=1.2612 bodyH=1.1997 slip=+0.0615 d=(0.03906,0.13827) av=(8.48504e-13,0.21854,-7.08897e-13)
in=(255,0,255,0) steer=+1.000 gnd=4.0 sp=3140.08 horiz=3137.90 velH=1.2190 bodyH=1.1572 slip=+0.0619 d=(0.04516,0.13748) av=(5.27984e-13,0.219491,-4.36453e-13)
in=(255,0,255,0) steer=+1.000 gnd=4.0 sp=3161.20 horiz=3158.99 velH=1.1769 bodyH=1.1147 slip=+0.0622 d=(0.05127,0.13639) av=(3.27985e-13,0.220427,-2.68797e-13)
in=(255,0,255,0) steer=+1.000 gnd=4.0 sp=3181.76 horiz=3179.52 velH=1.1347 bodyH=1.0722 slip=+0.0626 d=(0.05735,0.13500) av=(2.03432e-13,0.221348,-1.65553e-13)
in=(255,0,255,0) steer=+1.000 gnd=4.0 sp=3201.77 horiz=3199.50 velH=1.0926 bodyH=1.0297 slip=+0.0629 d=(0.06339,0.13332) av=(1.26003e-13,0.222253,-1.01946e-13)
in=(255,0,255,0) steer=+1.000 gnd=4.0 sp=3221.23 horiz=3218.93 velH=1.0504 bodyH=0.9872 slip=+0.0633 d=(0.06938,0.13134) av=(7.79464e-14,0.223142,-6.27522e-14)
in=(255,0,255,0) steer=+1.000 gnd=4.0 sp=3240.17 horiz=3237.84 velH=1.0083 bodyH=0.9447 slip=+0.0636 d=(0.07530,0.12907) av=(4.81637e-14,0.224017,-3.86026e-14)
in=(255,0,255,0) steer=+1.000 gnd=4.0 sp=3258.59 horiz=3256.23 velH=0.9661 bodyH=0.9022 slip=+0.0639 d=(0.08115,0.12652) av=(2.97307e-14,0.224875,-2.37271e-14)
in=(255,0,255,0) steer=+1.000 gnd=4.0 sp=3276.50 horiz=3274.12 velH=0.9239 bodyH=0.8597 slip=+0.0643 d=(0.08690,0.12368) av=(1.83359e-14,0.225718,-1.45689e-14)
in=(255,0,255,0) steer=+1.000 gnd=4.0 sp=3293.91 horiz=3291.50 velH=0.8817 bodyH=0.8172 slip=+0.0646 d=(0.09254,0.12056) av=(1.12996e-14,0.226546,-8.93469e-15)
in=(255,0,255,0) steer=+1.000 gnd=4.0 sp=3310.84 horiz=3308.40 velH=0.8395 bodyH=0.7747 slip=+0.0649 d=(0.09805,0.11716) av=(6.95877e-15,0.227358,-5.47167e-15)
in=(255,0,255,0) steer=+1.000 gnd=4.0 sp=3327.28 horiz=3324.82 velH=0.7973 bodyH=0.7322 slip=+0.0652 d=(0.10343,0.11350) av=(4.28315e-15,0.228155,-3.34555e-15)
in=(255,0,255,0) steer=+1.000 gnd=4.0 sp=3343.26 horiz=3340.77 velH=0.7551 bodyH=0.6897 slip=+0.0655 d=(0.10866,0.10957) av=(2.63513e-15,0.228936,-2.04193e-15)
in=(255,0,255,0) steer=+1.000 gnd=4.0 sp=3358.78 horiz=3356.26 velH=0.7129 bodyH=0.6472 slip=+0.0658 d=(0.11372,0.10538) av=(1.62068e-15,0.229702,-1.24382e-15)
in=(255,0,255,0) steer=+1.000 gnd=4.0 sp=3373.86 horiz=3371.31 velH=0.6707 bodyH=0.6046 slip=+0.0661 d=(0.11861,0.10095) av=(9.96545e-16,0.230453,-7.56026e-16)
in=(255,0,255,0) steer=+1.000 gnd=4.0 sp=3388.50 horiz=3385.93 velH=0.6285 bodyH=0.5621 slip=+0.0663 d=(0.12331,0.09629) av=(6.127e-16,0.231189,-4.58447e-16)
in=(255,0,255,0) steer=+1.000 gnd=4.0 sp=3402.71 horiz=3400.12 velH=0.5862 bodyH=0.5196 slip=+0.0666 d=(0.12781,0.09139) av=(3.76701e-16,0.231909,-2.77283e-16)
in=(255,0,255,0) steer=+1.000 gnd=4.0 sp=1753.32 horiz=1753.18 velH=1.7394 bodyH=1.7209 slip=+0.0185 d=(-0.01486,0.07806) av=(2.18069e-16,0.197239,-1.4878e-16)
in=(255,0,255,0) steer=+1.000 gnd=4.0 sp=1803.73 horiz=1803.38 velH=1.7073 bodyH=1.6784 slip=+0.0289 d=(-0.01323,0.08077) av=(1.14772e-16,0.186787,-9.56809e-17)
in=(255,0,255,0) steer=+1.000 gnd=4.0 sp=1852.69 horiz=1852.17 velH=1.6710 bodyH=1.6359 slip=+0.0351 d=(-0.01087,0.08345) av=(5.94335e-17,0.181548,-6.21278e-17)
in=(255,0,255,0) steer=+1.000 gnd=4.0 sp=1900.45 horiz=1899.81 velH=1.6323 bodyH=1.5934 slip=+0.0389 d=(-0.00800,0.08603) av=(3.1235e-17,0.178511,-3.93016e-17)
in=(255,0,255,0) steer=+1.000 gnd=4.0 sp=1947.21 horiz=1946.47 velH=1.5922 bodyH=1.5509 slip=+0.0413 d=(-0.00476,0.08847) av=(1.8064e-17,0.178061,-2.32336e-17)
in=(255,0,255,0) steer=+1.000 gnd=4.0 sp=1993.09 horiz=1992.28 velH=1.5514 bodyH=1.5084 slip=+0.0430 d=(-0.00123,0.09075) av=(1.06416e-17,0.178741,-1.36098e-17)
in=(255,0,255,0) steer=+1.000 gnd=4.0 sp=2038.16 horiz=2037.29 velH=1.5101 bodyH=1.4659 slip=+0.0443 d=(0.00254,0.09283) av=(6.30534e-18,0.179896,-7.95932e-18)
in=(255,0,255,0) steer=+1.000 gnd=4.0 sp=2082.46 horiz=2081.53 velH=1.4686 bodyH=1.4234 slip=+0.0452 d=(0.00651,0.09472) av=(3.74214e-18,0.181229,-4.65714e-18)
in=(255,0,255,0) steer=+1.000 gnd=4.0 sp=2126.02 horiz=2125.04 velH=1.4270 bodyH=1.3809 slip=+0.0461 d=(0.01066,0.09640) av=(2.22089e-18,0.182614,-2.72845e-18)
in=(255,0,255,0) steer=+1.000 gnd=4.0 sp=2168.84 horiz=2167.81 velH=1.3852 bodyH=1.3384 slip=+0.0468 d=(0.01497,0.09786) av=(1.31713e-18,0.183999,-1.601e-18)
in=(255,0,255,0) steer=+1.000 gnd=4.0 sp=2210.92 horiz=2209.86 velH=1.3434 bodyH=1.2959 slip=+0.0475 d=(0.01942,0.09909) av=(7.80379e-19,0.185366,-9.40972e-19)
in=(255,0,255,0) steer=+1.000 gnd=4.0 sp=2252.28 horiz=2251.18 velH=1.3015 bodyH=1.2534 slip=+0.0482 d=(0.02400,0.10008) av=(4.61869e-19,0.18671,-5.53945e-19)
in=(255,0,255,0) steer=+1.000 gnd=4.0 sp=2292.91 horiz=2291.76 velH=1.2597 bodyH=1.2109 slip=+0.0488 d=(0.02869,0.10082) av=(2.73071e-19,0.188033,-3.2661e-19)
in=(255,0,255,0) steer=+1.000 gnd=4.0 sp=1202.70 horiz=1202.68 velH=1.7779 bodyH=1.7685 slip=+0.0094 d=(-0.01203,0.05243) av=(1.60208e-19,0.162558,-1.73449e-19)
in=(255,0,255,0) steer=+1.000 gnd=4.0 sp=1258.26 horiz=1258.18 velH=1.7497 bodyH=1.7340 slip=+0.0157 d=(-0.01126,0.05525) av=(9.39076e-20,0.161087,-9.36154e-20)
in=(255,0,255,0) steer=+1.000 gnd=4.0 sp=1313.16 horiz=1313.03 velH=1.7183 bodyH=1.6980 slip=+0.0203 d=(-0.01011,0.05808) av=(5.39876e-20,0.161419,-5.1307e-20)
in=(255,0,255,0) steer=+1.000 gnd=4.0 sp=1367.39 horiz=1367.20 velH=1.6846 bodyH=1.6604 slip=+0.0242 d=(-0.00861,0.06088) av=(3.05294e-20,0.162942,-2.86636e-20)
in=(255,0,255,0) steer=+1.000 gnd=4.0 sp=1420.94 horiz=1420.67 velH=1.6488 bodyH=1.6213 slip=+0.0276 d=(-0.00680,0.06363) av=(1.65747e-20,0.165119,-1.66776e-20)
in=(255,0,255,0) steer=+1.000 gnd=4.0 sp=1473.75 horiz=1473.42 velH=1.6114 bodyH=1.5806 slip=+0.0307 d=(-0.00468,0.06629) av=(-5.05765e-21,0.167738,-2.11334e-20)
in=(255,0,255,0) steer=+1.000 gnd=4.0 sp=1525.81 horiz=1525.39 velH=1.5722 bodyH=1.5385 slip=+0.0338 d=(-0.00226,0.06886) av=(-2.03149e-21,0.168229,-1.18027e-20)
in=(255,0,255,0) steer=+1.000 gnd=4.0 sp=1577.10 horiz=1576.62 velH=1.5320 bodyH=1.4960 slip=+0.0360 d=(0.00047,0.07130) av=(-8.85819e-22,0.167742,-6.74407e-21)
in=(255,0,255,0) steer=+1.000 gnd=4.0 sp=1627.71 horiz=1627.17 velH=1.4911 bodyH=1.4535 slip=+0.0376 d=(0.00345,0.07358) av=(-2.45092e-22,0.168414,-3.78118e-21)
in=(255,0,255,0) steer=+1.000 gnd=4.0 sp=1677.65 horiz=1677.06 velH=1.4498 bodyH=1.4110 slip=+0.0389 d=(0.00667,0.07571) av=(-3.58242e-24,0.169575,-2.12736e-21)
in=(255,0,255,0) steer=+1.000 gnd=4.0 sp=1726.95 horiz=1726.32 velH=1.4084 bodyH=1.3685 slip=+0.0399 d=(0.01008,0.07765) av=(6.85504e-23,0.170926,-1.20137e-21)
in=(255,0,255,0) steer=+1.000 gnd=4.0 sp=1775.60 horiz=1774.93 velH=1.3668 bodyH=1.3260 slip=+0.0408 d=(0.01368,0.07941) av=(7.56296e-23,0.17234,-6.80884e-22)
in=(255,0,255,0) steer=+1.000 gnd=4.0 sp=1823.61 horiz=1822.90 velH=1.3251 bodyH=1.2835 slip=+0.0417 d=(0.01744,0.08097) av=(6.20491e-23,0.173763,-3.87203e-22)
in=(255,0,255,0) steer=+1.000 gnd=4.0 sp=1870.96 horiz=1870.21 velH=1.2834 bodyH=1.2410 slip=+0.0424 d=(0.02135,0.08232) av=(4.5195e-23,0.175176,-2.20885e-22)
in=(255,0,255,0) steer=+1.000 gnd=4.0 sp=984.22 horiz=984.21 velH=1.8210 bodyH=1.8156 slip=+0.0054 d=(-0.01158,0.04236) av=(3.2444e-23,0.150499,-1.14735e-22)
in=(255,0,255,0) steer=+1.000 gnd=4.0 sp=1035.12 horiz=1035.10 velH=1.7964 bodyH=1.7874 slip=+0.0090 d=(-0.01119,0.04482) av=(2.23861e-23,0.151577,-6.00026e-23)
in=(255,0,255,0) steer=+1.000 gnd=4.0 sp=1088.30 horiz=1088.27 velH=1.7694 bodyH=1.7577 slip=+0.0117 d=(-0.01058,0.04742) av=(1.44754e-23,0.154694,-3.1592e-23)
in=(255,0,255,0) steer=+1.000 gnd=4.0 sp=1143.79 horiz=1143.73 velH=1.7405 bodyH=1.7264 slip=+0.0141 d=(-0.00976,0.05013) av=(8.9531e-24,0.156505,-1.67258e-23)
in=(255,0,255,0) steer=+1.000 gnd=4.0 sp=1199.51 horiz=1199.42 velH=1.7102 bodyH=1.6936 slip=+0.0166 d=(-0.00871,0.05294) av=(5.38185e-24,0.15775,-8.90294e-24)
in=(255,0,255,0) steer=+1.000 gnd=4.0 sp=1254.75 horiz=1254.64 velH=1.6786 bodyH=1.6592 slip=+0.0194 d=(-0.00744,0.05574) av=(3.17907e-24,0.159108,-4.76574e-24)
in=(255,0,255,0) steer=+1.000 gnd=4.0 sp=1309.48 horiz=1309.32 velH=1.6455 bodyH=1.6233 slip=+0.0222 d=(-0.00592,0.05849) av=(1.85617e-24,0.160851,-2.56771e-24)
in=(255,0,255,0) steer=+1.000 gnd=4.0 sp=1363.63 horiz=1363.42 velH=1.6109 bodyH=1.5858 slip=+0.0251 d=(-0.00414,0.06117) av=(1.07113e-24,0.162892,-1.39502e-24)
in=(255,0,255,0) steer=+1.000 gnd=4.0 sp=1417.14 horiz=1416.87 velH=1.5747 bodyH=1.5468 slip=+0.0280 d=(-0.00209,0.06378) av=(6.05597e-25,0.165209,-7.69229e-25)
in=(255,0,255,0) steer=+1.000 gnd=4.0 sp=1469.96 horiz=1469.62 velH=1.5371 bodyH=1.5062 slip=+0.0309 d=(0.00024,0.06628) av=(-5.19248e-24,0.167816,-4.2749e-24)
in=(255,0,255,0) steer=+1.000 gnd=4.0 sp=1522.04 horiz=1521.63 velH=1.4979 bodyH=1.4642 slip=+0.0337 d=(0.00285,0.06866) av=(-2.38693e-24,0.168242,-2.21579e-24)
in=(255,0,255,0) steer=+1.000 gnd=4.0 sp=1573.37 horiz=1572.89 velH=1.4577 bodyH=1.4217 slip=+0.0360 d=(0.00574,0.07089) av=(-3.98902e-25,0.167708,-7.29349e-25)
in=(255,0,255,0) steer=+1.000 gnd=4.0 sp=1624.01 horiz=1623.48 velH=1.4168 bodyH=1.3792 slip=+0.0376 d=(0.00889,0.07295) av=(-1.58977e-25,0.168352,-3.89443e-25)
in=(255,0,255,0) steer=+1.000 gnd=4.0 sp=1674.00 horiz=1673.42 velH=1.3755 bodyH=1.3367 slip=+0.0388 d=(0.01224,0.07483) av=(-6.37904e-26,0.169495,-2.1345e-25)
in=(255,0,255,0) steer=+1.000 gnd=4.0 sp=1723.34 horiz=1722.72 velH=1.3341 bodyH=1.2942 slip=+0.0398 d=(0.01579,0.07653) av=(-2.42237e-26,0.170837,-1.1839e-25)
in=(255,0,255,0) steer=+1.000 gnd=4.0 sp=1772.05 horiz=1771.37 velH=1.2925 bodyH=1.2517 slip=+0.0408 d=(0.01950,0.07802) av=(-8.03924e-27,0.172245,-6.61775e-26)
in=(255,0,255,0) steer=+1.000 gnd=4.0 sp=1820.10 horiz=1819.39 velH=1.2508 bodyH=1.2092 slip=+0.0416 d=(0.02336,0.07929) av=(-1.77369e-27,0.173666,-3.72084e-26)
in=(255,0,255,0) steer=+1.000 gnd=4.0 sp=957.53 horiz=957.52 velH=1.8857 bodyH=1.8807 slip=+0.0050 d=(-0.01389,0.04040) av=(4.92431e-29,0.149817,-1.92883e-26)
in=(255,0,255,0) steer=+1.000 gnd=4.0 sp=1007.18 horiz=1007.16 velH=1.8615 bodyH=1.8532 slip=+0.0083 d=(-0.01369,0.04281) av=(5.89803e-28,0.148851,-1.00513e-26)
in=(255,0,255,0) steer=+1.000 gnd=4.0 sp=1059.08 horiz=1059.04 velH=1.8352 bodyH=1.8243 slip=+0.0109 d=(-0.01328,0.04537) av=(6.1764e-28,0.152516,-5.25751e-27)
in=(255,0,255,0) steer=+1.000 gnd=4.0 sp=1113.31 horiz=1113.26 velH=1.8070 bodyH=1.7939 slip=+0.0131 d=(-0.01269,0.04806) av=(4.92275e-28,0.155293,-2.75551e-27)
in=(255,0,255,0) steer=+1.000 gnd=4.0 sp=1169.24 horiz=1169.17 velH=1.7773 bodyH=1.7620 slip=+0.0153 d=(-0.01190,0.05087) av=(3.50406e-28,0.156874,-1.44613e-27)
in=(255,0,255,0) steer=+1.000 gnd=4.0 sp=1224.74 horiz=1224.65 velH=1.7464 bodyH=1.7284 slip=+0.0179 d=(-0.01089,0.05374) av=(2.34186e-28,0.158188,-7.60683e-28)
in=(255,0,255,0) steer=+1.000 gnd=4.0 sp=1279.76 horiz=1279.62 velH=1.7140 bodyH=1.6933 slip=+0.0207 d=(-0.00964,0.05658) av=(1.5051e-28,0.159807,-4.01391e-28)
in=(255,0,255,0) steer=+1.000 gnd=4.0 sp=1334.22 horiz=1334.04 velH=1.6802 bodyH=1.6567 slip=+0.0235 d=(-0.00814,0.05938) av=(9.4584e-29,0.161724,-2.12237e-28)
in=(255,0,255,0) steer=+1.000 gnd=4.0 sp=1388.08 horiz=1387.85 velH=1.6449 bodyH=1.6185 slip=+0.0264 d=(-0.00637,0.06213) av=(5.90049e-29,0.163905,-1.12031e-28)
in=(255,0,255,0) steer=+1.000 gnd=4.0 sp=1441.29 horiz=1440.99 velH=1.6081 bodyH=1.5788 slip=+0.0293 d=(-0.00433,0.06480) av=(3.81999e-29,0.166357,-5.77372e-29)
in=(255,0,255,0) steer=+1.000 gnd=4.0 sp=1493.77 horiz=1493.41 velH=1.5697 bodyH=1.5376 slip=+0.0322 d=(-0.00199,0.06737) av=(2.43628e-29,0.166712,-2.96197e-29)
in=(255,0,255,0) steer=+1.000 gnd=4.0 sp=1545.51 horiz=1545.07 velH=1.5300 bodyH=1.4952 slip=+0.0348 d=(0.00063,0.06982) av=(1.52314e-29,0.168229,-1.51635e-29)
in=(255,0,255,0) steer=+1.000 gnd=4.0 sp=1596.52 horiz=1596.02 velH=1.4894 bodyH=1.4527 slip=+0.0367 d=(0.00353,0.07212) av=(9.12052e-30,0.16815,-7.93453e-30)
in=(255,0,255,0) steer=+1.000 gnd=4.0 sp=1646.87 horiz=1646.31 velH=1.4483 bodyH=1.4102 slip=+0.0382 d=(0.00667,0.07426) av=(5.23815e-30,0.168965,-4.27294e-30)
in=(255,0,255,0) steer=+1.000 gnd=4.0 sp=1696.56 horiz=1695.95 velH=1.4070 bodyH=1.3677 slip=+0.0393 d=(0.01002,0.07623) av=(2.97857e-30,0.170164,-2.32123e-30)
in=(255,0,255,0) steer=+1.000 gnd=4.0 sp=1745.61 horiz=1744.96 velH=1.3654 bodyH=1.3252 slip=+0.0403 d=(0.01355,0.07801) av=(1.68564e-30,0.171514,-1.26749e-30)
in=(255,0,255,0) steer=+1.000 gnd=4.0 sp=1794.02 horiz=1793.32 velH=1.3238 bodyH=1.2826 slip=+0.0412 d=(0.01726,0.07959) av=(9.51294e-31,0.172914,-6.94619e-31)
in=(255,0,255,0) steer=+1.000 gnd=4.0 sp=1841.77 horiz=1841.04 velH=1.2821 bodyH=1.2401 slip=+0.0420 d=(0.02112,0.08097) av=(5.35934e-31,0.174322,-3.81695e-31)
in=(255,0,255,0) steer=+1.000 gnd=4.0 sp=1888.87 horiz=1888.10 velH=1.2404 bodyH=1.1976 slip=+0.0427 d=(0.02512,0.08213) av=(3.01611e-31,0.175722,-2.10161e-31)
in=(255,0,255,0) steer=+1.000 gnd=4.0 sp=1935.31 horiz=1934.49 velH=1.1986 bodyH=1.1551 slip=+0.0435 d=(0.02924,0.08306) av=(1.6964e-31,0.177108,-1.1588e-31)
in=(255,0,255,0) steer=+1.000 gnd=4.0 sp=1017.85 horiz=1017.84 velH=2.0111 bodyH=2.0052 slip=+0.0059 d=(-0.02005,0.04076) av=(9.33698e-32,0.159153,-5.83857e-32)
in=(255,0,255,0) steer=+1.000 gnd=4.0 sp=1070.32 horiz=1070.29 velH=1.9858 bodyH=1.9760 slip=+0.0099 d=(-0.02012,0.04333) av=(5.14345e-32,0.158099,-2.96777e-32)
in=(255,0,255,0) steer=+1.000 gnd=4.0 sp=1125.11 horiz=1125.07 velH=1.9580 bodyH=1.9453 slip=+0.0128 d=(-0.01997,0.04609) av=(2.83026e-32,0.158184,-1.51017e-32)
in=(255,0,255,0) steer=+1.000 gnd=4.0 sp=1180.99 horiz=1180.92 velH=1.9284 bodyH=1.9130 slip=+0.0155 d=(-0.01962,0.04901) av=(1.5557e-32,0.158412,-7.68953e-33)
in=(255,0,255,0) steer=+1.000 gnd=4.0 sp=1236.41 horiz=1236.31 velH=1.8974 bodyH=1.8791 slip=+0.0183 d=(-0.01904,0.05200) av=(8.55032e-33,0.159101,-3.92365e-33)
in=(255,0,255,0) steer=+1.000 gnd=4.0 sp=1291.33 horiz=1291.18 velH=1.8649 bodyH=1.8437 slip=+0.0212 d=(-0.01821,0.05500) av=(4.7039e-33,0.160475,-2.00983e-33)
in=(255,0,255,0) steer=+1.000 gnd=4.0 sp=1345.68 horiz=1345.49 velH=1.8308 bodyH=1.8067 slip=+0.0241 d=(-0.01712,0.05800) av=(2.59125e-33,0.162298,-1.03323e-33)
in=(255,0,255,0) steer=+1.000 gnd=4.0 sp=1399.41 horiz=1399.16 velH=1.7952 bodyH=1.7682 slip=+0.0270 d=(-0.01575,0.06098) av=(1.42977e-33,0.164461,-5.32812e-34)
in=(255,0,255,0) steer=+1.000 gnd=4.0 sp=1452.47 horiz=1452.16 velH=1.7581 bodyH=1.7282 slip=+0.0299 d=(-0.01409,0.06393) av=(7.90569e-34,0.166939,-2.75255e-34)
in=(255,0,255,0) steer=+1.000 gnd=4.0 sp=1504.80 horiz=1504.41 velH=1.7194 bodyH=1.6866 slip=+0.0328 d=(-0.01213,0.06682) av=(4.35555e-34,0.167312,-1.4498e-34)
in=(255,0,255,0) steer=+1.000 gnd=4.0 sp=1556.38 horiz=1555.92 velH=1.6794 bodyH=1.6441 slip=+0.0353 d=(-0.00986,0.06963) av=(2.36927e-34,0.168808,-8.01194e-35)
in=(255,0,255,0) steer=+1.000 gnd=4.0 sp=1607.25 horiz=1606.73 velH=1.6387 bodyH=1.6016 slip=+0.0371 d=(-0.00730,0.07234) av=(1.3006e-34,0.168659,-4.35114e-35)
in=(255,0,255,0) steer=+1.000 gnd=4.0 sp=1657.45 horiz=1656.88 velH=1.5975 bodyH=1.5591 slip=+0.0384 d=(-0.00448,0.07492) av=(7.16339e-35,0.169409,-2.35687e-35)
in=(255,0,255,0) steer=+1.000 gnd=4.0 sp=1707.01 horiz=1706.39 velH=1.5561 bodyH=1.5166 slip=+0.0395 d=(-0.00144,0.07736) av=(3.95077e-35,0.170557,-1.27846e-35)
in=(255,0,255,0) steer=+1.000 gnd=4.0 sp=1755.92 horiz=1755.26 velH=1.5146 bodyH=1.4741 slip=+0.0405 d=(0.00182,0.07964) av=(2.181e-35,0.171872,-6.94582e-36)
in=(255,0,255,0) steer=+1.000 gnd=4.0 sp=1804.19 horiz=1803.49 velH=1.4730 bodyH=1.4316 slip=+0.0413 d=(0.00527,0.08175) av=(1.20501e-35,0.173248,-3.77792e-36)
in=(255,0,255,0) steer=+1.000 gnd=4.0 sp=1851.81 horiz=1851.07 velH=1.4313 bodyH=1.3891 slip=+0.0421 d=(0.00890,0.08367) av=(6.66314e-36,0.174639,-2.05589e-36)
in=(255,0,255,0) steer=+1.000 gnd=4.0 sp=1898.77 horiz=1897.99 velH=1.3895 bodyH=1.3466 slip=+0.0429 d=(0.01270,0.08541) av=(3.68744e-36,0.176028,-1.11856e-36)
in=(255,0,255,0) steer=+1.000 gnd=4.0 sp=1945.06 horiz=1944.23 velH=1.3477 bodyH=1.3041 slip=+0.0436 d=(0.01666,0.08693) av=(2.04242e-36,0.177405,-6.0799e-37)
in=(255,0,255,0) steer=+1.000 gnd=4.0 sp=1990.67 horiz=1989.81 velH=1.3060 bodyH=1.2616 slip=+0.0443 d=(0.02076,0.08824) av=(1.13229e-36,0.178771,-3.29877e-37)
in=(255,0,255,0) steer=+1.000 gnd=4.0 sp=2035.60 horiz=2034.69 velH=1.2641 bodyH=1.2191 slip=+0.0450 d=(0.02500,0.08932) av=(6.28329e-37,0.180124,-1.78494e-37)
in=(255,0,255,0) steer=+1.000 gnd=4.0 sp=2079.83 horiz=2078.88 velH=1.2223 bodyH=1.1766 slip=+0.0457 d=(0.02935,0.09017) av=(3.49021e-37,0.181466,-9.62188e-38)
in=(255,0,255,0) steer=+1.000 gnd=4.0 sp=2123.36 horiz=2122.37 velH=1.1804 bodyH=1.1341 slip=+0.0463 d=(0.03381,0.09077) av=(1.94079e-37,0.182796,-5.16085e-38)
in=(255,0,255,0) steer=+1.000 gnd=4.0 sp=2166.18 horiz=2165.15 velH=1.1386 bodyH=1.0916 slip=+0.0470 d=(0.03835,0.09113) av=(1.08042e-37,0.184117,-2.75015e-38)
in=(255,0,255,0) steer=+1.000 gnd=4.0 sp=2208.29 horiz=2207.22 velH=1.0967 bodyH=1.0491 slip=+0.0476 d=(0.04298,0.09123) av=(6.02172e-38,0.185427,-1.45325e-38)
in=(255,0,255,0) steer=+1.000 gnd=4.0 sp=1160.28 horiz=1160.26 velH=2.4108 bodyH=2.4024 slip=+0.0084 d=(-0.03921,0.03388) av=(3.2956e-38,0.16782,-6.2527e-39)
in=(255,0,255,0) steer=+1.000 gnd=4.0 sp=1216.13 horiz=1216.07 velH=2.3832 bodyH=2.3691 slip=+0.0141 d=(-0.04031,0.03657) av=(1.80754e-38,0.163433,-2.69898e-39)
in=(255,0,255,0) steer=+1.000 gnd=4.0 sp=1271.40 horiz=1271.29 velH=2.3527 bodyH=2.3343 slip=+0.0184 d=(-0.04113,0.03947) av=(9.92022e-39,0.161946,-1.13024e-39)
in=(255,0,255,0) steer=+1.000 gnd=4.0 sp=1326.06 horiz=1325.90 velH=2.3200 bodyH=2.2979 slip=+0.0221 d=(-0.04168,0.04254) av=(5.45715e-39,0.162417,-4.51624e-40)
in=(255,0,255,0) steer=+1.000 gnd=4.0 sp=1380.07 horiz=1379.86 velH=2.2854 bodyH=2.2599 slip=+0.0255 d=(-0.04195,0.04576) av=(3.00829e-39,0.163927,-1.6844e-40)
in=(255,0,255,0) steer=+1.000 gnd=4.0 sp=1433.42 horiz=1433.14 velH=2.2490 bodyH=2.2204 slip=+0.0286 d=(-0.04195,0.04909) av=(1.66037e-39,0.166065,-6.04997e-41)
in=(255,0,255,0) steer=+1.000 gnd=4.0 sp=1486.04 horiz=1485.68 velH=2.2110 bodyH=2.1794 slip=+0.0316 d=(-0.04166,0.05252) av=(9.13097e-40,0.166293,-3.60904e-41)
in=(255,0,255,0) steer=+1.000 gnd=4.0 sp=1537.90 horiz=1537.47 velH=2.1715 bodyH=2.1371 slip=+0.0344 d=(-0.04105,0.05603) av=(5.05241e-40,0.16778,-1.71309e-41)
in=(255,0,255,0) steer=+1.000 gnd=4.0 sp=1589.02 horiz=1588.53 velH=2.1310 bodyH=2.0946 slip=+0.0364 d=(-0.04014,0.05960) av=(2.78355e-40,0.167746,-1.3409e-41)
in=(255,0,255,0) steer=+1.000 gnd=4.0 sp=1639.47 horiz=1638.92 velH=2.0900 bodyH=2.0521 slip=+0.0379 d=(-0.03893,0.06319) av=(1.54824e-40,0.168617,-6.66037e-42)
in=(255,0,255,0) steer=+1.000 gnd=4.0 sp=1689.26 horiz=1688.66 velH=2.0487 bodyH=2.0096 slip=+0.0391 d=(-0.03744,0.06676) av=(8.6313e-41,0.169861,-3.17394e-42)
in=(255,0,255,0) steer=+1.000 gnd=4.0 sp=1738.41 horiz=1737.76 velH=2.0072 bodyH=1.9671 slip=+0.0401 d=(-0.03569,0.07030) av=(4.81879e-41,0.171245,-1.49519e-42)
in=(255,0,255,0) steer=+1.000 gnd=4.0 sp=1786.91 horiz=1786.23 velH=1.9656 bodyH=1.9246 slip=+0.0410 d=(-0.03369,0.07378) av=(2.6933e-41,0.172669,-7.02051e-43)
in=(255,0,255,0) steer=+1.000 gnd=4.0 sp=1834.76 horiz=1834.04 velH=1.9239 bodyH=1.8821 slip=+0.0419 d=(-0.03143,0.07719) av=(1.50682e-41,0.174093,-3.30706e-43)
in=(255,0,255,0) steer=+1.000 gnd=4.0 sp=1881.96 horiz=1881.19 velH=1.8822 bodyH=1.8396 slip=+0.0426 d=(-0.02894,0.08052) av=(8.43722e-42,0.175504,-1.54143e-43)
in=(255,0,255,0) steer=+1.000 gnd=4.0 sp=1928.49 horiz=1927.69 velH=1.8405 bodyH=1.7971 slip=+0.0434 d=(-0.02621,0.08373) av=(4.72658e-42,0.176897,-7.28675e-44)
in=(255,0,255,0) steer=+1.000 gnd=4.0 sp=1974.35 horiz=1973.50 velH=1.7987 bodyH=1.7546 slip=+0.0441 d=(-0.02325,0.08683) av=(2.64986e-42,0.178273,-3.50325e-44)
in=(255,0,255,0) steer=+1.000 gnd=4.0 sp=2019.52 horiz=2018.63 velH=1.7569 bodyH=1.7121 slip=+0.0448 d=(-0.02006,0.08979) av=(1.48678e-42,0.179634,-1.54143e-44)
in=(255,0,255,0) steer=+1.000 gnd=4.0 sp=2064.01 horiz=2063.08 velH=1.7150 bodyH=1.6696 slip=+0.0454 d=(-0.01666,0.09260) av=(8.35174e-43,0.180982,-7.00649e-45)
in=(255,0,255,0) steer=+1.000 gnd=4.0 sp=2107.79 horiz=2106.82 velH=1.6732 bodyH=1.6271 slip=+0.0461 d=(-0.01305,0.09525) av=(4.69435e-43,0.182318,-4.2039e-45)
in=(255,0,255,0) steer=+1.000 gnd=4.0 sp=2150.87 horiz=2149.85 velH=1.6313 bodyH=1.5846 slip=+0.0467 d=(-0.00925,0.09772) av=(2.64845e-43,0.183642,-2.8026e-45)
in=(255,0,255,0) steer=+1.000 gnd=4.0 sp=2193.23 horiz=2192.18 velH=1.5894 bodyH=1.5421 slip=+0.0474 d=(-0.00526,0.10000) av=(1.49939e-43,0.184956,-2.8026e-45)
in=(255,0,255,0) steer=+1.000 gnd=4.0 sp=2234.88 horiz=2233.79 velH=1.5476 bodyH=1.4996 slip=+0.0480 d=(-0.00109,0.10209) av=(8.26766e-44,0.186261,-2.8026e-45)
in=(255,0,255,0) steer=+1.000 gnd=4.0 sp=2275.81 horiz=2274.68 velH=1.5057 bodyH=1.4571 slip=+0.0486 d=(0.00325,0.10397) av=(4.76441e-44,0.187555,-2.8026e-45)
in=(255,0,255,0) steer=+1.000 gnd=4.0 sp=2316.01 horiz=2314.84 velH=1.4637 bodyH=1.4146 slip=+0.0492 d=(0.00774,0.10562) av=(2.66247e-44,0.18884,-2.8026e-45)
in=(255,0,255,0) steer=+1.000 gnd=4.0 sp=2355.49 horiz=2354.27 velH=1.4218 bodyH=1.3721 slip=+0.0497 d=(0.01237,0.10705) av=(1.54143e-44,0.190116,-2.8026e-45)
in=(255,0,255,0) steer=+1.000 gnd=4.0 sp=2394.24 horiz=2392.98 velH=1.3799 bodyH=1.3296 slip=+0.0503 d=(0.01713,0.10823) av=(9.80909e-45,0.191381,-2.8026e-45)
in=(255,0,255,0) steer=+1.000 gnd=4.0 sp=2432.26 horiz=2430.96 velH=1.3379 bodyH=1.2871 slip=+0.0509 d=(0.02200,0.10917) av=(5.60519e-45,0.192638,-2.8026e-45)
in=(255,0,255,0) steer=+1.000 gnd=4.0 sp=2469.55 horiz=2468.21 velH=1.2960 bodyH=1.2446 slip=+0.0514 d=(0.02697,0.10985) av=(4.2039e-45,0.193884,-2.8026e-45)
in=(255,0,255,0) steer=+1.000 gnd=4.0 sp=2506.11 horiz=2504.73 velH=1.2540 bodyH=1.2021 slip=+0.0520 d=(0.03204,0.11028) av=(4.2039e-45,0.19512,-2.8026e-45)
in=(255,0,255,0) steer=+1.000 gnd=4.0 sp=2541.94 horiz=2540.52 velH=1.2120 bodyH=1.1596 slip=+0.0525 d=(0.03717,0.11043) av=(4.2039e-45,0.196346,-2.8026e-45)
in=(255,0,255,0) steer=+1.000 gnd=4.0 sp=2577.05 horiz=2575.59 velH=1.1701 bodyH=1.1171 slip=+0.0530 d=(0.04236,0.11032) av=(4.2039e-45,0.197561,-2.8026e-45)
in=(255,0,255,0) steer=+1.000 gnd=4.0 sp=2611.43 horiz=2609.94 velH=1.1281 bodyH=1.0746 slip=+0.0535 d=(0.04760,0.10993) av=(4.2039e-45,0.198766,-2.8026e-45)
in=(255,0,255,0) steer=+1.000 gnd=4.0 sp=2645.10 horiz=2643.56 velH=1.0861 bodyH=1.0321 slip=+0.0540 d=(0.05286,0.10926) av=(4.2039e-45,0.199959,-2.8026e-45)
in=(255,0,255,0) steer=+1.000 gnd=4.0 sp=2678.04 horiz=2676.47 velH=1.0441 bodyH=0.9896 slip=+0.0545 d=(0.05813,0.10831) av=(4.2039e-45,0.201141,-2.8026e-45)
in=(255,0,255,0) steer=+1.000 gnd=4.0 sp=2710.28 horiz=2708.67 velH=1.0020 bodyH=0.9471 slip=+0.0550 d=(0.06340,0.10708) av=(4.2039e-45,0.202312,-2.8026e-45)
in=(255,0,255,0) steer=+1.000 gnd=4.0 sp=2741.81 horiz=2740.17 velH=0.9600 bodyH=0.9045 slip=+0.0555 d=(0.06865,0.10556) av=(4.2039e-45,0.20347,-2.8026e-45)
in=(255,0,255,0) steer=+1.000 gnd=4.0 sp=2772.65 horiz=2770.96 velH=0.9180 bodyH=0.8620 slip=+0.0559 d=(0.07387,0.10377) av=(4.2039e-45,0.204617,-2.8026e-45)
in=(255,0,255,0) steer=+1.000 gnd=4.0 sp=2802.78 horiz=2801.06 velH=0.8760 bodyH=0.8195 slip=+0.0564 d=(0.07903,0.10170) av=(4.2039e-45,0.205751,-2.8026e-45)
in=(255,0,255,0) steer=+1.000 gnd=4.0 sp=2832.23 horiz=2830.47 velH=0.8339 bodyH=0.7770 slip=+0.0569 d=(0.08413,0.09934) av=(4.2039e-45,0.206872,-2.8026e-45)
in=(255,0,255,0) steer=+1.000 gnd=4.0 sp=1470.55 horiz=1470.46 velH=1.1534 bodyH=1.1376 slip=+0.0158 d=(0.02566,0.06110) av=(2.8026e-45,0.174771,-2.8026e-45)
in=(255,0,255,0) steer=+1.000 gnd=4.0 sp=1523.74 horiz=1523.50 velH=1.1211 bodyH=1.0955 slip=+0.0256 d=(0.02828,0.06269) av=(2.8026e-45,0.171347,-2.8026e-45)
in=(255,0,255,0) steer=+1.000 gnd=4.0 sp=1575.76 horiz=1575.40 velH=1.0845 bodyH=1.0530 slip=+0.0315 d=(0.03142,0.06391) av=(2.8026e-45,0.169645,-2.8026e-45)
in=(255,0,255,0) steer=+1.000 gnd=4.0 sp=1626.82 horiz=1626.35 velH=1.0456 bodyH=1.0105 slip=+0.0351 d=(0.03490,0.06481) av=(2.8026e-45,0.17048,-2.8026e-45)
in=(255,0,255,0) steer=+1.000 gnd=4.0 sp=1677.02 horiz=1676.48 velH=1.0055 bodyH=0.9680 slip=+0.0374 d=(0.03860,0.06542) av=(2.8026e-45,0.170209,-2.8026e-45)
in=(255,0,255,0) steer=+1.000 gnd=4.0 sp=1726.48 horiz=1725.87 velH=0.9646 bodyH=0.9255 slip=+0.0391 d=(0.04246,0.06576) av=(2.8026e-45,0.171006,-2.8026e-45)
in=(255,0,255,0) steer=+1.000 gnd=4.0 sp=1775.23 horiz=1774.57 velH=0.9234 bodyH=0.8830 slip=+0.0404 d=(0.04643,0.06584) av=(2.8026e-45,0.172234,-2.8026e-45)
in=(255,0,255,0) steer=+1.000 gnd=4.0 sp=1823.30 horiz=1822.59 velH=0.8819 bodyH=0.8405 slip=+0.0414 d=(0.05048,0.06565) av=(2.8026e-45,0.17362,-2.8026e-45)
in=(255,0,255,0) steer=+1.000 gnd=4.0 sp=1870.68 horiz=1869.93 velH=0.8403 bodyH=0.7980 slip=+0.0423 d=(0.05458,0.06520) av=(2.8026e-45,0.175047,-2.8026e-45)
in=(255,0,255,0) steer=+1.000 gnd=4.0 sp=1917.39 horiz=1916.60 velH=0.7986 bodyH=0.7555 slip=+0.0431 d=(0.05872,0.06449) av=(2.8026e-45,0.176472,-2.8026e-45)
in=(255,0,255,0) steer=+1.000 gnd=4.0 sp=1963.42 horiz=1962.59 velH=0.7569 bodyH=0.7130 slip=+0.0439 d=(0.06287,0.06352) av=(2.8026e-45,0.177878,-2.8026e-45)
in=(255,0,255,0) steer=+1.000 gnd=4.0 sp=2008.77 horiz=2007.89 velH=0.7151 bodyH=0.6705 slip=+0.0446 d=(0.06702,0.06229) av=(2.8026e-45,0.179264,-2.8026e-45)
in=(255,0,255,0) steer=+1.000 gnd=4.0 sp=2053.42 horiz=2052.50 velH=0.6733 bodyH=0.6280 slip=+0.0453 d=(0.07115,0.06079) av=(2.8026e-45,0.18063,-2.8026e-45)
in=(255,0,255,0) steer=+1.000 gnd=4.0 sp=2097.38 horiz=2096.41 velH=0.6314 bodyH=0.5855 slip=+0.0459 d=(0.07525,0.05904) av=(2.8026e-45,0.181979,-2.8026e-45)
in=(255,0,255,0) steer=+1.000 gnd=4.0 sp=2140.62 horiz=2139.62 velH=0.5896 bodyH=0.5430 slip=+0.0466 d=(0.07930,0.05702) av=(2.8026e-45,0.183313,-2.8026e-45)
in=(255,0,255,0) steer=+1.000 gnd=4.0 sp=2183.16 horiz=2182.12 velH=0.5477 bodyH=0.5005 slip=+0.0472 d=(0.08328,0.05475) av=(2.8026e-45,0.184634,-2.8026e-45)
in=(255,0,255,0) steer=+1.000 gnd=4.0 sp=2224.98 horiz=2223.90 velH=0.5058 bodyH=0.4580 slip=+0.0478 d=(0.08719,0.05223) av=(2.8026e-45,0.185944,-2.8026e-45)
in=(255,0,255,0) steer=+1.000 gnd=4.0 sp=2266.08 horiz=2264.96 velH=0.4639 bodyH=0.4155 slip=+0.0484 d=(0.09099,0.04945) av=(2.8026e-45,0.187243,-2.8026e-45)
in=(255,0,255,0) steer=+1.000 gnd=4.0 sp=2306.46 horiz=2305.30 velH=0.4220 bodyH=0.3730 slip=+0.0490 d=(0.09468,0.04644) av=(2.8026e-45,0.188531,-2.8026e-45)
in=(255,0,255,0) steer=+1.000 gnd=4.0 sp=2346.11 horiz=2344.91 velH=0.3801 bodyH=0.3305 slip=+0.0496 d=(0.09825,0.04318) av=(2.8026e-45,0.18981,-2.8026e-45)
in=(255,0,255,0) steer=+1.000 gnd=4.0 sp=2385.03 horiz=2383.79 velH=0.3382 bodyH=0.2880 slip=+0.0502 d=(0.10167,0.03969) av=(2.8026e-45,0.191079,-2.8026e-45)
in=(255,0,255,0) steer=+1.000 gnd=4.0 sp=2423.23 horiz=2421.94 velH=0.2962 bodyH=0.2455 slip=+0.0507 d=(0.10495,0.03597) av=(2.8026e-45,0.192337,-2.8026e-45)
in=(255,0,255,0) steer=+1.000 gnd=4.0 sp=2460.69 horiz=2459.37 velH=0.2543 bodyH=0.2030 slip=+0.0513 d=(0.10805,0.03204) av=(2.8026e-45,0.193586,-2.8026e-45)
in=(255,0,255,0) steer=+1.000 gnd=4.0 sp=2497.43 horiz=2496.06 velH=0.2123 bodyH=0.1605 slip=+0.0518 d=(0.11097,0.02791) av=(2.8026e-45,0.194825,-2.8026e-45)
in=(255,0,255,0) steer=+1.000 gnd=4.0 sp=2533.43 horiz=2532.03 velH=0.1703 bodyH=0.1180 slip=+0.0524 d=(0.11370,0.02357) av=(2.8026e-45,0.196053,-2.8026e-45)
in=(255,0,255,0) steer=+1.000 gnd=4.0 sp=2568.72 horiz=2567.27 velH=0.1284 bodyH=0.0755 slip=+0.0529 d=(0.11623,0.01905) av=(2.8026e-45,0.197271,-2.8026e-45)
in=(255,0,255,0) steer=+1.000 gnd=4.0 sp=2603.27 horiz=2601.79 velH=0.0864 bodyH=0.0330 slip=+0.0534 d=(0.11854,0.01435) av=(2.8026e-45,0.198478,-2.8026e-45)
in=(255,0,255,0) steer=+1.000 gnd=4.0 sp=2637.11 horiz=2635.58 velH=0.0444 bodyH=-0.0095 slip=+0.0539 d=(0.12062,0.00949) av=(2.8026e-45,0.199675,-2.8026e-45)
in=(255,0,255,0) steer=+1.000 gnd=4.0 sp=2670.23 horiz=2668.67 velH=0.0024 bodyH=-0.0520 slip=+0.0544 d=(0.12247,0.00447) av=(2.8026e-45,0.200859,-2.8026e-45)
in=(255,0,255,0) steer=+1.000 gnd=4.0 sp=2702.64 horiz=2701.04 velH=-0.0396 bodyH=-0.0945 slip=+0.0549 d=(0.12408,-0.00068) av=(2.8026e-45,0.202033,-2.8026e-45)
in=(255,0,255,0) steer=+1.000 gnd=4.0 sp=2734.34 horiz=2732.70 velH=-0.0817 bodyH=-0.1370 slip=+0.0554 d=(0.12543,-0.00596) av=(2.8026e-45,0.203194,-2.8026e-45)
in=(255,0,255,0) steer=+1.000 gnd=4.0 sp=2765.34 horiz=2763.66 velH=-0.1237 bodyH=-0.1795 slip=+0.0558 d=(0.12652,-0.01136) av=(2.8026e-45,0.204344,-2.8026e-45)
in=(255,0,255,0) steer=+1.000 gnd=4.0 sp=2795.64 horiz=2793.92 velH=-0.1657 bodyH=-0.2220 slip=+0.0563 d=(0.12735,-0.01685) av=(2.8026e-45,0.205481,-2.8026e-45)
in=(255,0,255,0) steer=+1.000 gnd=4.0 sp=2825.25 horiz=2823.50 velH=-0.2078 bodyH=-0.2645 slip=+0.0568 d=(0.12790,-0.02243) av=(2.8026e-45,0.206605,-2.8026e-45)
in=(255,0,255,0) steer=+1.000 gnd=4.0 sp=2854.18 horiz=2852.39 velH=-0.2498 bodyH=-0.3070 slip=+0.0572 d=(0.12818,-0.02807) av=(2.8026e-45,0.207717,-2.8026e-45)
in=(255,0,255,0) steer=+1.000 gnd=4.0 sp=2882.44 horiz=2880.61 velH=-0.2919 bodyH=-0.3495 slip=+0.0576 d=(0.12817,-0.03378) av=(2.8026e-45,0.208816,-2.8026e-45)
in=(255,0,255,0) steer=+1.000 gnd=4.0 sp=2910.02 horiz=2908.16 velH=-0.3340 bodyH=-0.3920 slip=+0.0581 d=(0.12788,-0.03952) av=(2.8026e-45,0.209901,-2.8026e-45)
in=(255,0,255,0) steer=+1.000 gnd=4.0 sp=2936.95 horiz=2935.05 velH=-0.3760 bodyH=-0.4345 slip=+0.0585 d=(0.12730,-0.04529) av=(2.8026e-45,0.210973,-2.8026e-45)
in=(255,0,255,0) steer=+1.000 gnd=4.0 sp=2963.23 horiz=2961.30 velH=-0.4181 bodyH=-0.4770 slip=+0.0589 d=(0.12644,-0.05107) av=(2.8026e-45,0.212031,-2.8026e-45)
in=(255,0,255,0) steer=+1.000 gnd=4.0 sp=2988.86 horiz=2986.89 velH=-0.4602 bodyH=-0.5195 slip=+0.0593 d=(0.12528,-0.05684) av=(2.8026e-45,0.213075,-2.8026e-45)
in=(255,0,255,0) steer=+1.000 gnd=4.0 sp=3013.86 horiz=3011.86 velH=-0.5023 bodyH=-0.5620 slip=+0.0598 d=(0.12383,-0.06259) av=(2.8026e-45,0.214105,-2.8026e-45)
in=(255,0,255,0) steer=+1.000 gnd=4.0 sp=3038.23 horiz=3036.20 velH=-0.5444 bodyH=-0.6046 slip=+0.0602 d=(0.12209,-0.06831) av=(2.8026e-45,0.215121,-2.8026e-45)
in=(255,0,255,0) steer=+1.000 gnd=4.0 sp=3061.99 horiz=3059.92 velH=-0.5865 bodyH=-0.6471 slip=+0.0605 d=(0.12006,-0.07397) av=(2.8026e-45,0.216123,-2.8026e-45)
in=(255,0,255,0) steer=+1.000 gnd=4.0 sp=3085.14 horiz=3083.04 velH=-0.6286 bodyH=-0.6896 slip=+0.0609 d=(0.11774,-0.07957) av=(2.8026e-45,0.217109,-2.8026e-45)
in=(255,0,255,0) steer=+1.000 gnd=4.0 sp=3107.70 horiz=3105.57 velH=-0.6707 bodyH=-0.7321 slip=+0.0613 d=(0.11515,-0.08509) av=(2.8026e-45,0.218081,-2.8026e-45)
in=(255,0,255,0) steer=+1.000 gnd=4.0 sp=3129.67 horiz=3127.51 velH=-0.7129 bodyH=-0.7746 slip=+0.0617 d=(0.11227,-0.09052) av=(2.8026e-45,0.219038,-2.8026e-45)
in=(255,0,255,0) steer=+1.000 gnd=4.0 sp=3151.07 horiz=3148.87 velH=-0.7550 bodyH=-0.8171 slip=+0.0620 d=(0.10912,-0.09583) av=(2.8026e-45,0.21998,-2.8026e-45)
in=(255,0,255,0) steer=+1.000 gnd=4.0 sp=3171.89 horiz=3169.67 velH=-0.7972 bodyH=-0.8596 slip=+0.0624 d=(0.10569,-0.10102) av=(2.8026e-45,0.220907,-2.8026e-45)
in=(255,0,255,0) steer=+1.000 gnd=4.0 sp=3192.17 horiz=3189.91 velH=-0.8393 bodyH=-0.9021 slip=+0.0628 d=(0.10201,-0.10608) av=(2.8026e-45,0.221819,-2.8026e-45)
in=(255,0,255,0) steer=+1.000 gnd=4.0 sp=3211.90 horiz=3209.61 velH=-0.8815 bodyH=-0.9446 slip=+0.0631 d=(0.09807,-0.11098) av=(2.8026e-45,0.222716,-2.8026e-45)
in=(255,0,255,0) steer=+1.000 gnd=4.0 sp=3231.09 horiz=3228.77 velH=-0.9236 bodyH=-0.9871 slip=+0.0634 d=(0.09387,-0.11572) av=(2.8026e-45,0.223597,-2.8026e-45)
in=(255,0,255,0) steer=+1.000 gnd=4.0 sp=3249.76 horiz=3247.41 velH=-0.9658 bodyH=-1.0296 slip=+0.0638 d=(0.08944,-0.12028) av=(2.8026e-45,0.224463,-2.8026e-45)
in=(255,0,255,0) steer=+1.000 gnd=4.0 sp=3267.91 horiz=3265.54 velH=-1.0080 bodyH=-1.0721 slip=+0.0641 d=(0.08477,-0.12465) av=(2.8026e-45,0.225313,-2.8026e-45)
in=(255,0,255,0) steer=+1.000 gnd=4.0 sp=1686.53 horiz=1686.40 velH=-0.0243 bodyH=-0.0425 slip=+0.0182 d=(0.07634,-0.00035) av=(2.8026e-45,0.193066,-2.8026e-45)
in=(255,0,255,0) steer=+1.000 gnd=4.0 sp=1737.63 horiz=1737.31 velH=-0.0566 bodyH=-0.0850 slip=+0.0284 d=(0.07872,-0.00241) av=(2.8026e-45,0.183782,-2.8026e-45)
in=(255,0,255,0) steer=+1.000 gnd=4.0 sp=1787.36 horiz=1786.87 velH=-0.0931 bodyH=-0.1275 slip=+0.0344 d=(0.08094,-0.00516) av=(2.8026e-45,0.179113,-2.8026e-45)
in=(255,0,255,0) steer=+1.000 gnd=4.0 sp=940.39 horiz=940.39 velH=-0.0209 bodyH=-0.0257 slip=+0.0047 d=(0.04195,-0.00020) av=(2.8026e-45,0.149673,-2.8026e-45)
in=(255,0,255,0) steer=+1.000 gnd=4.0 sp=989.23 horiz=989.22 velH=-0.0447 bodyH=-0.0526 slip=+0.0079 d=(0.04413,-0.00116) av=(2.8026e-45,0.147228,-2.8026e-45)
in=(255,0,255,0) steer=+1.000 gnd=4.0 sp=1040.30 horiz=1040.27 velH=-0.0707 bodyH=-0.0810 slip=+0.0104 d=(0.04637,-0.00235) av=(2.8026e-45,0.150436,-2.8026e-45)
in=(255,0,255,0) steer=+1.000 gnd=4.0 sp=548.10 horiz=548.10 velH=-0.0163 bodyH=-0.0149 slip=-0.0014 d=(0.02443,-0.00010) av=(2.8026e-45,0.10807,-2.8026e-45)
in=(255,0,255,0) steer=+1.000 gnd=4.0 sp=577.50 horiz=577.50 velH=-0.0323 bodyH=-0.0307 slip=-0.0016 d=(0.02573,-0.00053) av=(2.8026e-45,0.0926552,-2.8026e-45)
in=(255,0,255,0) steer=+1.000 gnd=4.0 sp=608.42 horiz=608.42 velH=-0.0485 bodyH=-0.0473 slip=-0.0013 d=(0.02710,-0.00099) av=(2.8026e-45,0.0872174,-2.8026e-45)
in=(255,0,255,0) steer=+1.000 gnd=4.0 sp=320.69 horiz=320.68 velH=-0.0136 bodyH=-0.0087 slip=-0.0048 d=(0.01429,-0.00006) av=(2.8026e-45,0.062675,-2.8026e-45)
in=(255,0,255,0) steer=+1.000 gnd=4.0 sp=338.06 horiz=338.06 velH=-0.0249 bodyH=-0.0179 slip=-0.0070 d=(0.01506,-0.00026) av=(2.8026e-45,0.0527729,-2.8026e-45)
in=(255,0,255,0) steer=+1.000 gnd=4.0 sp=356.38 horiz=356.37 velH=-0.0354 bodyH=-0.0277 slip=-0.0077 d=(0.01587,-0.00045) av=(2.8026e-45,0.0488476,-2.8026e-45)
in=(255,0,255,0) steer=+1.000 gnd=4.0 sp=375.68 horiz=375.68 velH=-0.0457 bodyH=-0.0379 slip=-0.0078 d=(0.01672,-0.00064) av=(2.8026e-45,0.048091,-2.8026e-45)
in=(255,0,255,0) steer=+1.000 gnd=4.0 sp=210.87 horiz=210.86 velH=-0.0192 bodyH=-0.0055 slip=-0.0137 d=(0.00897,-0.00006) av=(0,0.00949018,0)
in=(255,0,255,0) steer=+1.000 gnd=4.0 sp=235.24 horiz=235.21 velH=-0.0398 bodyH=-0.0116 slip=-0.0282 d=(0.01005,-0.00025) av=(0,0.005193,0)
in=(255,0,255,0) steer=+1.000 gnd=4.0 sp=136.68 horiz=136.67 velH=-0.0062 bodyH=-0.0035 slip=-0.0027 d=(0.00567,-0.00002) av=(0,0.00068289,0)
in=(255,0,255,0) steer=+1.000 gnd=4.0 sp=156.80 horiz=156.80 velH=-0.0121 bodyH=-0.0075 slip=-0.0047 d=(0.00656,-0.00006) av=(0,0.00142609,0)
in=(255,0,255,0) steer=+1.000 gnd=4.0 sp=178.07 horiz=178.06 velH=-0.0200 bodyH=-0.0121 slip=-0.0079 d=(0.00751,-0.00012) av=(0,0.0029452,0)
in=(255,0,255,0) steer=+1.000 gnd=4.0 sp=106.48 horiz=106.47 velH=-0.0037 bodyH=-0.0026 slip=-0.0011 d=(0.00433,-0.00001) av=(0,0.000104106,0)
in=(255,0,255,0) steer=+1.000 gnd=4.0 sp=124.90 horiz=124.89 velH=-0.0077 bodyH=-0.0058 slip=-0.0019 d=(0.00515,-0.00003) av=(0,0.000276433,0)
in=(255,0,255,0) steer=+1.000 gnd=4.0 sp=78.38 horiz=78.38 velH=-0.0022 bodyH=-0.0019 slip=-0.0004 d=(0.00308,-0.00001) av=(0,5.28993e-06,0)
in=(255,0,255,0) steer=+1.000 gnd=4.0 sp=95.21 horiz=95.21 velH=-0.0049 bodyH=-0.0042 slip=-0.0007 d=(0.00382,-0.00002) av=(0,3.30737e-05,0)
in=(255,0,255,0) steer=+1.000 gnd=4.0 sp=62.70 horiz=62.70 velH=-0.0016 bodyH=-0.0015 slip=-0.0002 d=(0.00238,-0.00000) av=(0,-1.03935e-06,0)
in=(255,0,255,0) steer=+1.000 gnd=4.0 sp=45.53 horiz=45.53 velH=-0.0010 bodyH=-0.0010 slip=-0.0001 d=(0.00161,-0.00000) av=(0,-9.0954e-07,0)
in=(255,0,255,0) steer=+1.000 gnd=4.0 sp=60.50 horiz=60.50 velH=-0.0025 bodyH=-0.0024 slip=-0.0002 d=(0.00228,-0.00001) av=(0,-1.30652e-06,0)
in=(255,0,255,0) steer=+1.000 gnd=4.0 sp=44.37 horiz=44.37 velH=-0.0010 bodyH=-0.0010 slip=-0.0001 d=(0.00156,-0.00000) av=(0,-8.47025e-07,0)
in=(255,0,255,0) steer=+1.000 gnd=4.0 sp=59.28 horiz=59.28 velH=-0.0025 bodyH=-0.0023 slip=-0.0001 d=(0.00223,-0.00001) av=(0,-1.34816e-06,0)
in=(255,0,255,0) steer=+1.000 gnd=4.0 sp=43.72 horiz=43.72 velH=-0.0010 bodyH=-0.0009 slip=-0.0001 d=(0.00153,-0.00000) av=(0,-8.1212e-07,0)
in=(255,0,255,0) steer=+1.000 gnd=4.0 sp=58.59 horiz=58.59 velH=-0.0024 bodyH=-0.0023 slip=-0.0001 d=(0.00220,-0.00000) av=(0,-1.36193e-06,0)
in=(255,0,255,0) steer=+1.000 gnd=4.0 sp=43.36 horiz=43.36 velH=-0.0010 bodyH=-0.0009 slip=-0.0000 d=(0.00152,-0.00000) av=(0,-7.92708e-07,0)
in=(255,0,255,0) steer=+1.000 gnd=4.0 sp=58.21 horiz=58.21 velH=-0.0024 bodyH=-0.0023 slip=-0.0001 d=(0.00218,-0.00000) av=(0,-1.36693e-06,0)
in=(255,0,255,0) steer=+1.000 gnd=4.0 sp=43.16 horiz=43.16 velH=-0.0010 bodyH=-0.0009 slip=-0.0000 d=(0.00151,-0.00000) av=(0,-7.81906e-07,0)
in=(255,0,255,0) steer=+1.000 gnd=4.0 sp=58.00 horiz=58.00 velH=-0.0024 bodyH=-0.0023 slip=-0.0001 d=(0.00217,-0.00000) av=(0,-1.36894e-06,0)
in=(255,0,255,0) steer=+1.000 gnd=4.0 sp=43.05 horiz=43.05 velH=-0.0010 bodyH=-0.0009 slip=-0.0000 d=(0.00150,-0.00000) av=(0,-7.75893e-07,0)
in=(255,0,255,0) steer=+1.000 gnd=4.0 sp=57.88 horiz=57.88 velH=-0.0024 bodyH=-0.0022 slip=-0.0001 d=(0.00216,-0.00000) av=(0,-1.3698e-06,0)
in=(255,0,255,0) steer=+1.000 gnd=4.0 sp=42.98 horiz=42.98 velH=-0.0010 bodyH=-0.0009 slip=-0.0000 d=(0.00150,-0.00000) av=(0,-7.72538e-07,0)
in=(255,0,255,0) steer=+1.000 gnd=4.0 sp=57.82 horiz=57.82 velH=-0.0024 bodyH=-0.0022 slip=-0.0001 d=(0.00216,-0.00000) av=(0,-1.37023e-06,0)
in=(255,0,255,0) steer=+1.000 gnd=4.0 sp=42.95 horiz=42.95 velH=-2.9046 bodyH=-2.9046 slip=-0.0000 d=(-0.00146,-0.00035) av=(0,-7.91636e-07,0)
in=(255,0,255,0) steer=+1.000 gnd=4.0 sp=57.78 horiz=57.78 velH=-2.9060 bodyH=-2.9059 slip=-0.0001 d=(-0.00210,-0.00050) av=(0,-1.37043e-06,0)
in=(255,0,255,0) steer=+1.000 gnd=4.0 sp=73.44 horiz=73.44 velH=-2.9079 bodyH=-2.9076 slip=-0.0003 d=(-0.00278,-0.00066) av=(0,1.44662e-06,0)
in=(255,0,255,0) steer=+1.000 gnd=4.0 sp=89.99 horiz=89.99 velH=-2.9104 bodyH=-2.9098 slip=-0.0006 d=(-0.00350,-0.00082) av=(0,2.00071e-05,0)
in=(255,0,255,0) steer=+1.000 gnd=4.0 sp=107.48 horiz=107.48 velH=-2.9136 bodyH=-2.9125 slip=-0.0011 d=(-0.00426,-0.00099) av=(0,8.89316e-05,0)
in=(255,0,255,0) steer=+1.000 gnd=4.0 sp=125.95 horiz=125.95 velH=-2.9177 bodyH=-2.9157 slip=-0.0020 d=(-0.00506,-0.00116) av=(0,0.000293736,0)
in=(255,0,255,0) steer=+1.000 gnd=4.0 sp=145.48 horiz=145.47 velH=-2.9229 bodyH=-2.9194 slip=-0.0035 d=(-0.00591,-0.00133) av=(0,0.00083055,0)
in=(255,0,255,0) steer=+1.000 gnd=4.0 sp=166.10 horiz=166.09 velH=-2.9296 bodyH=-2.9237 slip=-0.0059 d=(-0.00682,-0.00149) av=(0,0.00213377,0)
in=(255,0,255,0) steer=+1.000 gnd=4.0 sp=187.89 horiz=187.88 velH=-2.9386 bodyH=-2.9285 slip=-0.0101 d=(-0.00778,-0.00164) av=(0,0.00344255,0)
in=(255,0,255,0) steer=+1.000 gnd=4.0 sp=210.92 horiz=210.90 velH=-2.9519 bodyH=-2.9340 slip=-0.0179 d=(-0.00879,-0.00177) av=(0,0.00404943,0)
in=(0,255,255,0) steer=-1.000 gnd=4.0 sp=12.72 horiz=12.72 velH=-2.9339 bodyH=-2.9339 slip=+0.0000 d=(-0.00014,-0.00003) av=(0,3.74136e-08,0)
in=(0,255,255,0) steer=-1.000 gnd=4.0 sp=25.92 horiz=25.92 velH=-2.9335 bodyH=-2.9335 slip=+0.0000 d=(-0.00072,-0.00015) av=(0,9.3827e-07,0)
in=(0,255,255,0) steer=-1.000 gnd=4.0 sp=39.87 horiz=39.87 velH=-2.9326 bodyH=-2.9326 slip=+0.0000 d=(-0.00133,-0.00028) av=(0,5.72418e-06,0)
in=(0,255,255,0) steer=-1.000 gnd=4.0 sp=54.60 horiz=54.60 velH=-2.9313 bodyH=-2.9314 slip=+0.0001 d=(-0.00197,-0.00042) av=(0,2.05533e-05,0)
in=(0,255,255,0) steer=-1.000 gnd=4.0 sp=70.15 horiz=70.15 velH=-2.9295 bodyH=-2.9297 slip=+0.0003 d=(-0.00265,-0.00057) av=(0,5.51265e-05,0)
in=(0,255,255,0) steer=-1.000 gnd=4.0 sp=86.58 horiz=86.58 velH=-2.9271 bodyH=-2.9276 slip=+0.0005 d=(-0.00336,-0.00073) av=(0,0.000121521,0)
in=(0,255,255,0) steer=-1.000 gnd=4.0 sp=103.91 horiz=103.91 velH=-2.9241 bodyH=-2.9251 slip=+0.0010 d=(-0.00411,-0.00091) av=(0,0.000229034,0)
in=(0,255,255,0) steer=-1.000 gnd=4.0 sp=122.20 horiz=122.20 velH=-2.9202 bodyH=-2.9220 slip=+0.0018 d=(-0.00490,-0.00110) av=(0,0.000370205,0)
in=(0,255,255,0) steer=-1.000 gnd=4.0 sp=141.50 horiz=141.50 velH=-2.9152 bodyH=-2.9184 slip=+0.0032 d=(-0.00574,-0.00131) av=(0,0.000489072,0)
in=(0,255,255,0) steer=-1.000 gnd=4.0 sp=161.86 horiz=161.85 velH=-2.9088 bodyH=-2.9142 slip=+0.0054 d=(-0.00661,-0.00155) av=(0,0.000414195,0)
in=(0,255,255,0) steer=-1.000 gnd=4.0 sp=183.34 horiz=183.33 velH=-2.9002 bodyH=-2.9095 slip=+0.0093 d=(-0.00753,-0.00182) av=(0,-0.000207152,0)
in=(0,255,255,0) steer=-1.000 gnd=4.0 sp=206.04 horiz=206.02 velH=-2.8877 bodyH=-2.9041 slip=+0.0164 d=(-0.00849,-0.00213) av=(0,-0.000791065,0)
in=(0,255,255,0) steer=-1.000 gnd=4.0 sp=230.06 horiz=230.04 velH=-2.8685 bodyH=-2.8981 slip=+0.0297 d=(-0.00949,-0.00252) av=(0,-0.00123047,0)
in=(0,255,255,0) steer=-1.000 gnd=4.0 sp=255.39 horiz=255.33 velH=-2.8631 bodyH=-2.8914 slip=+0.0283 d=(-0.01054,-0.00299) av=(0,-0.00502707,0)
in=(0,255,255,0) steer=-1.000 gnd=4.0 sp=269.06 horiz=269.04 velH=-2.8646 bodyH=-2.8841 slip=+0.0195 d=(-0.01153,-0.00330) av=(0,-0.00818913,0)
in=(0,255,255,0) steer=-1.000 gnd=4.0 sp=283.53 horiz=283.51 velH=-2.8614 bodyH=-2.8764 slip=+0.0150 d=(-0.01215,-0.00348) av=(0,-0.0106839,0)
in=(0,255,255,0) steer=-1.000 gnd=4.0 sp=298.82 horiz=298.81 velH=-2.8557 bodyH=-2.8682 slip=+0.0125 d=(-0.01279,-0.00371) av=(0,-0.0153912,0)
in=(0,255,255,0) steer=-1.000 gnd=4.0 sp=314.95 horiz=314.94 velH=-2.8486 bodyH=-2.8597 slip=+0.0111 d=(-0.01345,-0.00399) av=(0,-0.0186664,0)
in=(0,255,255,0) steer=-1.000 gnd=4.0 sp=331.95 horiz=331.95 velH=-2.8405 bodyH=-2.8506 slip=+0.0101 d=(-0.01415,-0.00431) av=(0,-0.0213573,0)
in=(0,255,255,0) steer=-1.000 gnd=4.0 sp=349.88 horiz=349.87 velH=-2.8317 bodyH=-2.8411 slip=+0.0094 d=(-0.01487,-0.00467) av=(0,-0.0238669,0)
in=(0,255,255,0) steer=-1.000 gnd=4.0 sp=368.78 horiz=368.77 velH=-2.8223 bodyH=-2.8310 slip=+0.0087 d=(-0.01563,-0.00506) av=(0,-0.0263879,0)
in=(0,255,255,0) steer=-1.000 gnd=4.0 sp=388.69 horiz=388.69 velH=-2.8123 bodyH=-2.8204 slip=+0.0081 d=(-0.01643,-0.00549) av=(0,-0.0290141,0)
in=(0,255,255,0) steer=-1.000 gnd=4.0 sp=409.68 horiz=409.67 velH=-2.8018 bodyH=-2.8093 slip=+0.0075 d=(-0.01725,-0.00596) av=(0,-0.0317921,0)
in=(0,255,255,0) steer=-1.000 gnd=4.0 sp=431.78 horiz=431.78 velH=-2.7906 bodyH=-2.7975 slip=+0.0069 d=(-0.01812,-0.00647) av=(0,-0.0347484,0)
in=(0,255,255,0) steer=-1.000 gnd=4.0 sp=455.06 horiz=455.06 velH=-2.7789 bodyH=-2.7851 slip=+0.0062 d=(-0.01902,-0.00704) av=(0,-0.0379007,0)
in=(0,255,255,0) steer=-1.000 gnd=4.0 sp=479.57 horiz=479.57 velH=-2.7665 bodyH=-2.7720 slip=+0.0055 d=(-0.01995,-0.00765) av=(0,-0.041263,0)
in=(0,255,255,0) steer=-1.000 gnd=4.0 sp=505.38 horiz=505.37 velH=-2.7535 bodyH=-2.7583 slip=+0.0048 d=(-0.02093,-0.00833) av=(0,-0.0448496,0)
in=(0,255,255,0) steer=-1.000 gnd=4.0 sp=532.53 horiz=532.53 velH=-2.7397 bodyH=-2.7438 slip=+0.0040 d=(-0.02193,-0.00906) av=(0,-0.0486737,0)
in=(0,255,255,0) steer=-1.000 gnd=4.0 sp=561.10 horiz=561.10 velH=-2.7253 bodyH=-2.7285 slip=+0.0032 d=(-0.02298,-0.00987) av=(0,-0.0527492,0)
in=(0,255,255,0) steer=-1.000 gnd=4.0 sp=591.15 horiz=591.15 velH=-2.7100 bodyH=-2.7124 slip=+0.0024 d=(-0.02406,-0.01075) av=(0,-0.057091,0)
in=(0,255,255,0) steer=-1.000 gnd=4.0 sp=622.74 horiz=622.74 velH=-2.6939 bodyH=-2.6954 slip=+0.0014 d=(-0.02517,-0.01172) av=(0,-0.061715,0)
in=(0,255,255,0) steer=-1.000 gnd=4.0 sp=655.95 horiz=655.95 velH=-2.6770 bodyH=-2.6775 slip=+0.0005 d=(-0.02631,-0.01277) av=(0,-0.0666379,0)
in=(0,255,255,0) steer=-1.000 gnd=4.0 sp=690.84 horiz=690.84 velH=-2.6592 bodyH=-2.6587 slip=-0.0005 d=(-0.02747,-0.01392) av=(0,-0.0718774,0)
in=(0,255,255,0) steer=-1.000 gnd=4.0 sp=727.48 horiz=727.48 velH=-2.6404 bodyH=-2.6388 slip=-0.0016 d=(-0.02867,-0.01518) av=(0,-0.0774514,0)
in=(0,255,255,0) steer=-1.000 gnd=4.0 sp=765.95 horiz=765.95 velH=-2.6207 bodyH=-2.6180 slip=-0.0027 d=(-0.02988,-0.01655) av=(0,-0.0833783,0)
in=(0,255,255,0) steer=-1.000 gnd=4.0 sp=806.32 horiz=806.32 velH=-2.5999 bodyH=-2.5960 slip=-0.0039 d=(-0.03110,-0.01805) av=(0,-0.0896764,0)
in=(0,255,255,0) steer=-1.000 gnd=4.0 sp=848.66 horiz=848.65 velH=-2.5780 bodyH=-2.5728 slip=-0.0052 d=(-0.03233,-0.01968) av=(0,-0.0963635,0)
in=(0,255,255,0) steer=-1.000 gnd=4.0 sp=893.05 horiz=893.04 velH=-2.5550 bodyH=-2.5485 slip=-0.0065 d=(-0.03356,-0.02146) av=(0,-0.103456,0)
in=(0,255,255,0) steer=-1.000 gnd=4.0 sp=939.55 horiz=939.54 velH=-2.5308 bodyH=-2.5228 slip=-0.0080 d=(-0.03478,-0.02340) av=(0,-0.110969,0)
in=(0,255,255,0) steer=-1.000 gnd=4.0 sp=988.25 horiz=988.22 velH=-2.5054 bodyH=-2.4959 slip=-0.0095 d=(-0.03598,-0.02550) av=(0,-0.118914,0)
in=(0,255,255,0) steer=-1.000 gnd=4.0 sp=1039.20 horiz=1039.17 velH=-2.4786 bodyH=-2.4675 slip=-0.0111 d=(-0.03714,-0.02778) av=(0,-0.127238,0)
in=(0,255,255,0) steer=-1.000 gnd=4.0 sp=1092.49 horiz=1092.44 velH=-2.4505 bodyH=-2.4377 slip=-0.0128 d=(-0.03825,-0.03026) av=(0,-0.13361,0)
in=(0,255,255,0) steer=-1.000 gnd=4.0 sp=1148.01 horiz=1147.94 velH=-2.4210 bodyH=-2.4063 slip=-0.0147 d=(-0.03929,-0.03293) av=(0,-0.137018,0)
in=(0,255,255,0) steer=-1.000 gnd=4.0 sp=1203.66 horiz=1203.57 velH=-2.3904 bodyH=-2.3734 slip=-0.0170 d=(-0.04023,-0.03580) av=(0,-0.13891,0)
in=(0,255,255,0) steer=-1.000 gnd=4.0 sp=1258.85 horiz=1258.73 velH=-2.3585 bodyH=-2.3389 slip=-0.0196 d=(-0.04098,-0.03879) av=(0,-0.140412,0)
in=(0,255,255,0) steer=-1.000 gnd=4.0 sp=1313.52 horiz=1313.36 velH=-2.3253 bodyH=-2.3028 slip=-0.0224 d=(-0.04151,-0.04189) av=(0,-0.14208,0)
in=(0,255,255,0) steer=-1.000 gnd=4.0 sp=1367.62 horiz=1367.41 velH=-2.2905 bodyH=-2.2652 slip=-0.0252 d=(-0.04180,-0.04511) av=(0,-0.143901,0)
in=(0,255,255,0) steer=-1.000 gnd=4.0 sp=1421.08 horiz=1420.81 velH=-2.2542 bodyH=-2.2261 slip=-0.0281 d=(-0.04183,-0.04844) av=(0,-0.145871,0)
in=(0,255,255,0) steer=-1.000 gnd=4.0 sp=1473.85 horiz=1473.52 velH=-2.2164 bodyH=-2.1855 slip=-0.0310 d=(-0.04158,-0.05186) av=(0,-0.148001,0)
in=(0,255,255,0) steer=-1.000 gnd=4.0 sp=1525.88 horiz=1525.47 velH=-2.1772 bodyH=-2.1433 slip=-0.0339 d=(-0.04103,-0.05535) av=(0,-0.149088,0)
in=(0,255,255,0) steer=-1.000 gnd=4.0 sp=1577.18 horiz=1576.70 velH=-2.1368 bodyH=-2.1008 slip=-0.0360 d=(-0.04016,-0.05891) av=(0,-0.150655,0)
in=(0,255,255,0) steer=-1.000 gnd=4.0 sp=1627.79 horiz=1627.25 velH=-2.0959 bodyH=-2.0583 slip=-0.0376 d=(-0.03900,-0.06250) av=(0,-0.151317,0)
in=(0,255,255,0) steer=-1.000 gnd=4.0 sp=1677.74 horiz=1677.16 velH=-2.0546 bodyH=-2.0158 slip=-0.0388 d=(-0.03756,-0.06607) av=(0,-0.152371,0)
in=(0,255,255,0) steer=-1.000 gnd=4.0 sp=1727.05 horiz=1726.42 velH=-2.0132 bodyH=-1.9733 slip=-0.0398 d=(-0.03586,-0.06962) av=(0,-0.153581,0)
in=(0,255,255,0) steer=-1.000 gnd=4.0 sp=1775.72 horiz=1775.05 velH=-1.9716 bodyH=-1.9308 slip=-0.0408 d=(-0.03390,-0.07311) av=(0,-0.154844,0)
in=(0,255,255,0) steer=-1.000 gnd=4.0 sp=1823.74 horiz=1823.03 velH=-1.9299 bodyH=-1.8883 slip=-0.0416 d=(-0.03169,-0.07653) av=(0,-0.156119,0)
in=(0,255,255,0) steer=-1.000 gnd=4.0 sp=1871.11 horiz=1870.36 velH=-1.8882 bodyH=-1.8458 slip=-0.0424 d=(-0.02924,-0.07986) av=(0,-0.157388,0)
in=(0,255,255,0) steer=-1.000 gnd=4.0 sp=1917.82 horiz=1917.02 velH=-1.8464 bodyH=-1.8033 slip=-0.0431 d=(-0.02655,-0.08310) av=(0,-0.158645,0)
in=(0,255,255,0) steer=-1.000 gnd=4.0 sp=1963.85 horiz=1963.01 velH=-1.8046 bodyH=-1.7608 slip=-0.0438 d=(-0.02363,-0.08621) av=(0,-0.159891,0)
in=(0,255,255,0) steer=-1.000 gnd=4.0 sp=2009.20 horiz=2008.33 velH=-1.7628 bodyH=-1.7183 slip=-0.0445 d=(-0.02049,-0.08919) av=(0,-0.161126,0)
in=(0,255,255,0) steer=-1.000 gnd=4.0 sp=2053.87 horiz=2052.95 velH=-1.7210 bodyH=-1.6758 slip=-0.0452 d=(-0.01713,-0.09203) av=(0,-0.16235,0)
in=(0,255,255,0) steer=-1.000 gnd=4.0 sp=2097.83 horiz=2096.87 velH=-1.6792 bodyH=-1.6333 slip=-0.0459 d=(-0.01356,-0.09470) av=(0,-0.163565,0)
in=(0,255,255,0) steer=-1.000 gnd=4.0 sp=2141.10 horiz=2140.10 velH=-1.6373 bodyH=-1.5908 slip=-0.0465 d=(-0.00979,-0.09721) av=(0,-0.164772,0)
in=(0,255,255,0) steer=-1.000 gnd=4.0 sp=2183.65 horiz=2182.61 velH=-1.5954 bodyH=-1.5483 slip=-0.0471 d=(-0.00583,-0.09952) av=(0,-0.165971,0)
in=(0,255,255,0) steer=-1.000 gnd=4.0 sp=2225.48 horiz=2224.40 velH=-1.5536 bodyH=-1.5058 slip=-0.0478 d=(-0.00169,-0.10164) av=(0,-0.167162,0)
in=(0,255,255,0) steer=-1.000 gnd=4.0 sp=2266.60 horiz=2265.48 velH=-1.5117 bodyH=-1.4633 slip=-0.0484 d=(0.00261,-0.10355) av=(0,-0.168345,0)
in=(0,255,255,0) steer=-1.000 gnd=4.0 sp=2306.99 horiz=2305.83 velH=-1.4697 bodyH=-1.4208 slip=-0.0490 d=(0.00707,-0.10524) av=(0,-0.169521,0)
in=(0,255,255,0) steer=-1.000 gnd=4.0 sp=2346.66 horiz=2345.46 velH=-1.4278 bodyH=-1.3783 slip=-0.0495 d=(0.01168,-0.10671) av=(0,-0.170689,0)
in=(0,255,255,0) steer=-1.000 gnd=4.0 sp=2385.60 horiz=2384.35 velH=-1.3859 bodyH=-1.3358 slip=-0.0501 d=(0.01641,-0.10793) av=(0,-0.171849,0)
in=(0,255,255,0) steer=-1.000 gnd=4.0 sp=2423.81 horiz=2422.52 velH=-1.3440 bodyH=-1.2933 slip=-0.0507 d=(0.02127,-0.10891) av=(0,-0.173001,0)
in=(0,255,255,0) steer=-1.000 gnd=4.0 sp=2461.29 horiz=2459.96 velH=-1.3020 bodyH=-1.2508 slip=-0.0512 d=(0.02622,-0.10963) av=(0,-0.174145,0)
in=(0,255,255,0) steer=-1.000 gnd=4.0 sp=2498.04 horiz=2496.68 velH=-1.2600 bodyH=-1.2083 slip=-0.0518 d=(0.03127,-0.11010) av=(0,-0.17528,0)
in=(0,255,255,0) steer=-1.000 gnd=4.0 sp=2534.06 horiz=2532.66 velH=-1.2181 bodyH=-1.1658 slip=-0.0523 d=(0.03639,-0.11030) av=(0,-0.176407,0)
in=(0,255,255,0) steer=-1.000 gnd=4.0 sp=2569.36 horiz=2567.91 velH=-1.1761 bodyH=-1.1233 slip=-0.0528 d=(0.04157,-0.11023) av=(0,-0.177524,0)
in=(0,255,255,0) steer=-1.000 gnd=4.0 sp=2603.93 horiz=2602.45 velH=-1.1341 bodyH=-1.0808 slip=-0.0533 d=(0.04680,-0.10988) av=(0,-0.178633,0)
in=(0,255,255,0) steer=-1.000 gnd=4.0 sp=2637.78 horiz=2636.26 velH=-1.0921 bodyH=-1.0383 slip=-0.0538 d=(0.05205,-0.10926) av=(0,-0.179732,0)
in=(0,255,255,0) steer=-1.000 gnd=4.0 sp=2670.92 horiz=2669.36 velH=-1.0501 bodyH=-0.9958 slip=-0.0543 d=(0.05732,-0.10836) av=(0,-0.18082,0)
in=(0,255,255,0) steer=-1.000 gnd=4.0 sp=2703.34 horiz=2701.74 velH=-1.0081 bodyH=-0.9533 slip=-0.0548 d=(0.06259,-0.10717) av=(0,-0.181899,0)
in=(0,255,255,0) steer=-1.000 gnd=4.0 sp=2735.06 horiz=2733.42 velH=-0.9661 bodyH=-0.9108 slip=-0.0553 d=(0.06784,-0.10571) av=(0,-0.182968,0)
in=(0,255,255,0) steer=-1.000 gnd=4.0 sp=2766.07 horiz=2764.40 velH=-0.9240 bodyH=-0.8683 slip=-0.0558 d=(0.07306,-0.10396) av=(0,-0.184025,0)
in=(0,255,255,0) steer=-1.000 gnd=4.0 sp=2796.39 horiz=2794.68 velH=-0.8820 bodyH=-0.8258 slip=-0.0562 d=(0.07823,-0.10193) av=(0,-0.185072,0)
in=(0,255,255,0) steer=-1.000 gnd=4.0 sp=2826.02 horiz=2824.27 velH=-0.8400 bodyH=-0.7833 slip=-0.0567 d=(0.08334,-0.09963) av=(0,-0.186108,0)
in=(0,255,255,0) steer=-1.000 gnd=4.0 sp=2854.96 horiz=2853.18 velH=-0.7979 bodyH=-0.7408 slip=-0.0571 d=(0.08837,-0.09704) av=(0,-0.187132,0)
in=(0,255,255,0) steer=-1.000 gnd=4.0 sp=2883.23 horiz=2881.41 velH=-0.7558 bodyH=-0.6983 slip=-0.0576 d=(0.09331,-0.09419) av=(0,-0.188145,0)
in=(0,255,255,0) steer=-1.000 gnd=4.0 sp=2910.84 horiz=2908.98 velH=-0.7138 bodyH=-0.6558 slip=-0.0580 d=(0.09814,-0.09107) av=(0,-0.189146,0)
in=(0,255,255,0) steer=-1.000 gnd=4.0 sp=2937.78 horiz=2935.88 velH=-0.6717 bodyH=-0.6132 slip=-0.0585 d=(0.10285,-0.08768) av=(0,-0.190135,0)
in=(0,255,255,0) steer=-1.000 gnd=4.0 sp=2964.07 horiz=2962.14 velH=-0.6296 bodyH=-0.5707 slip=-0.0589 d=(0.10743,-0.08405) av=(0,-0.191111,0)
in=(0,255,255,0) steer=-1.000 gnd=4.0 sp=2989.71 horiz=2987.75 velH=-0.5875 bodyH=-0.5282 slip=-0.0593 d=(0.11185,-0.08016) av=(0,-0.192075,0)
in=(0,255,255,0) steer=-1.000 gnd=4.0 sp=3014.73 horiz=3012.73 velH=-0.5454 bodyH=-0.4857 slip=-0.0597 d=(0.11611,-0.07603) av=(0,-0.193026,0)
in=(0,255,255,0) steer=-1.000 gnd=4.0 sp=3039.11 horiz=3037.08 velH=-0.5033 bodyH=-0.4432 slip=-0.0601 d=(0.12020,-0.07166) av=(0,-0.193964,0)
in=(0,255,255,0) steer=-1.000 gnd=4.0 sp=3062.89 horiz=3060.82 velH=-0.4612 bodyH=-0.4007 slip=-0.0605 d=(0.12409,-0.06707) av=(0,-0.19489,0)
in=(0,255,255,0) steer=-1.000 gnd=4.0 sp=3086.05 horiz=3083.96 velH=-0.4191 bodyH=-0.3582 slip=-0.0609 d=(0.12779,-0.06227) av=(0,-0.195802,0)
in=(0,255,255,0) steer=-1.000 gnd=4.0 sp=3108.62 horiz=3106.49 velH=-0.3770 bodyH=-0.3157 slip=-0.0613 d=(0.13127,-0.05726) av=(0,-0.1967,0)
in=(0,255,255,0) steer=-1.000 gnd=4.0 sp=3130.61 horiz=3128.45 velH=-0.3349 bodyH=-0.2732 slip=-0.0616 d=(0.13454,-0.05206) av=(0,-0.197585,0)
in=(0,255,255,0) steer=-1.000 gnd=4.0 sp=3152.01 horiz=3149.82 velH=-0.2927 bodyH=-0.2307 slip=-0.0620 d=(0.13757,-0.04667) av=(0,-0.198457,0)
in=(0,255,255,0) steer=-1.000 gnd=4.0 sp=3172.86 horiz=3170.63 velH=-0.2506 bodyH=-0.1882 slip=-0.0624 d=(0.14036,-0.04111) av=(0,-0.199315,0)
in=(0,255,255,0) steer=-1.000 gnd=4.0 sp=3193.14 horiz=3190.89 velH=-0.2084 bodyH=-0.1457 slip=-0.0627 d=(0.14289,-0.03539) av=(0,-0.200159,0)
in=(0,255,255,0) steer=-1.000 gnd=4.0 sp=3212.88 horiz=3210.60 velH=-0.1663 bodyH=-0.1032 slip=-0.0630 d=(0.14517,-0.02953) av=(0,-0.200989,0)
in=(0,255,255,0) steer=-1.000 gnd=4.0 sp=3232.09 horiz=3229.77 velH=-0.1241 bodyH=-0.0607 slip=-0.0634 d=(0.14718,-0.02352) av=(0,-0.201805,0)
in=(0,255,255,0) steer=-1.000 gnd=4.0 sp=3250.77 horiz=3248.43 velH=-0.0819 bodyH=-0.0182 slip=-0.0637 d=(0.14892,-0.01740) av=(0,-0.202608,0)
in=(0,255,255,0) steer=-1.000 gnd=4.0 sp=3268.93 horiz=3266.56 velH=-0.0398 bodyH=0.0243 slip=-0.0640 d=(0.15038,-0.01117) av=(0,-0.203396,0)
in=(0,255,255,0) steer=-1.000 gnd=4.0 sp=3286.60 horiz=3284.20 velH=0.0024 bodyH=0.0668 slip=-0.0644 d=(0.15155,-0.00485) av=(0,-0.20417,0)
in=(0,255,255,0) steer=-1.000 gnd=4.0 sp=3303.77 horiz=3301.34 velH=0.0446 bodyH=0.1093 slip=-0.0647 d=(0.15243,0.00155) av=(0,-0.20493,0)
in=(0,255,255,0) steer=-1.000 gnd=4.0 sp=3320.45 horiz=3318.00 velH=0.0868 bodyH=0.1518 slip=-0.0650 d=(0.15302,0.00802) av=(0,-0.205676,0)
in=(0,255,255,0) steer=-1.000 gnd=4.0 sp=3336.67 horiz=3334.19 velH=0.1290 bodyH=0.1943 slip=-0.0653 d=(0.15331,0.01454) av=(0,-0.206408,0)
in=(0,255,255,0) steer=-1.000 gnd=4.0 sp=3352.42 horiz=3349.92 velH=0.1712 bodyH=0.2368 slip=-0.0656 d=(0.15330,0.02110) av=(0,-0.207126,0)
in=(0,255,255,0) steer=-1.000 gnd=4.0 sp=3367.72 horiz=3365.19 velH=0.2134 bodyH=0.2793 slip=-0.0659 d=(0.15298,0.02768) av=(0,-0.207829,0)
in=(0,255,255,0) steer=-1.000 gnd=4.0 sp=3382.58 horiz=3380.02 velH=0.2557 bodyH=0.3218 slip=-0.0661 d=(0.15236,0.03426) av=(0,-0.208519,0)
in=(0,255,255,0) steer=-1.000 gnd=4.0 sp=3397.00 horiz=3394.43 velH=0.2979 bodyH=0.3643 slip=-0.0664 d=(0.15144,0.04084) av=(0,-0.209195,0)
in=(0,255,255,0) steer=-1.000 gnd=4.0 sp=3411.01 horiz=3408.41 velH=0.3401 bodyH=0.4068 slip=-0.0667 d=(0.15021,0.04740) av=(0,-0.209857,0)
in=(0,255,255,0) steer=-1.000 gnd=4.0 sp=3424.61 horiz=3421.98 velH=0.3823 bodyH=0.4493 slip=-0.0670 d=(0.14868,0.05392) av=(0,-0.210505,0)
in=(0,255,255,0) steer=-1.000 gnd=4.0 sp=3437.80 horiz=3435.16 velH=0.4246 bodyH=0.4918 slip=-0.0672 d=(0.14685,0.06038) av=(0,-0.21114,0)
in=(0,255,255,0) steer=-1.000 gnd=4.0 sp=3450.60 horiz=3447.94 velH=0.4668 bodyH=0.5343 slip=-0.0675 d=(0.14472,0.06679) av=(0,-0.211761,0)
in=(0,255,255,0) steer=-1.000 gnd=4.0 sp=3463.02 horiz=3460.33 velH=0.5091 bodyH=0.5768 slip=-0.0677 d=(0.14230,0.07311) av=(0,-0.212368,0)
in=(0,255,255,0) steer=-1.000 gnd=4.0 sp=3475.07 horiz=3472.36 velH=0.5514 bodyH=0.6193 slip=-0.0679 d=(0.13958,0.07933) av=(0,-0.212962,0)
in=(0,255,255,0) steer=-1.000 gnd=4.0 sp=3486.76 horiz=3484.03 velH=0.5936 bodyH=0.6618 slip=-0.0682 d=(0.13657,0.08545) av=(0,-0.213543,0)
in=(0,255,255,0) steer=-1.000 gnd=4.0 sp=1795.04 horiz=1794.90 velH=1.8053 bodyH=1.8240 slip=-0.0187 d=(-0.01738,0.07953) av=(0,-0.188036,0)
in=(0,255,255,0) steer=-1.000 gnd=4.0 sp=1845.00 horiz=1844.63 velH=1.8373 bodyH=1.8665 slip=-0.0292 d=(-0.01997,0.08136) av=(0,-0.172728,0)
in=(0,255,255,0) steer=-1.000 gnd=4.0 sp=1893.47 horiz=1892.93 velH=1.8736 bodyH=1.9090 slip=-0.0355 d=(-0.02324,0.08286) av=(0,-0.165566,0)
in=(0,255,255,0) steer=-1.000 gnd=4.0 sp=1940.71 horiz=1940.04 velH=1.9122 bodyH=1.9515 slip=-0.0393 d=(-0.02695,0.08407) av=(0,-0.162204,0)
in=(0,255,255,0) steer=-1.000 gnd=4.0 sp=1986.93 horiz=1986.16 velH=1.9523 bodyH=1.9940 slip=-0.0418 d=(-0.03095,0.08500) av=(0,-0.161439,0)
in=(0,255,255,0) steer=-1.000 gnd=4.0 sp=2032.25 horiz=2031.41 velH=1.9931 bodyH=2.0365 slip=-0.0435 d=(-0.03514,0.08566) av=(0,-0.161857,0)
in=(0,255,255,0) steer=-1.000 gnd=4.0 sp=2076.75 horiz=2075.85 velH=2.0343 bodyH=2.0790 slip=-0.0447 d=(-0.03948,0.08605) av=(0,-0.162796,0)
in=(0,255,255,0) steer=-1.000 gnd=4.0 sp=2120.47 horiz=2119.51 velH=2.0758 bodyH=2.1215 slip=-0.0457 d=(-0.04393,0.08617) av=(0,-0.163948,0)
in=(0,255,255,0) steer=-1.000 gnd=4.0 sp=2163.43 horiz=2162.42 velH=2.1175 bodyH=2.1640 slip=-0.0466 d=(-0.04846,0.08603) av=(0,-0.165176,0)
in=(0,255,255,0) steer=-1.000 gnd=4.0 sp=2205.65 horiz=2204.60 velH=2.1592 bodyH=2.2065 slip=-0.0473 d=(-0.05305,0.08562) av=(0,-0.166418,0)
in=(0,255,255,0) steer=-1.000 gnd=4.0 sp=2247.14 horiz=2246.04 velH=2.2011 bodyH=2.2490 slip=-0.0480 d=(-0.05767,0.08494) av=(0,-0.167652,0)
in=(0,255,255,0) steer=-1.000 gnd=4.0 sp=2287.89 horiz=2286.75 velH=2.2429 bodyH=2.2915 slip=-0.0486 d=(-0.06231,0.08400) av=(0,-0.16887,0)
in=(0,255,255,0) steer=-1.000 gnd=4.0 sp=2327.92 horiz=2326.73 velH=2.2848 bodyH=2.3340 slip=-0.0492 d=(-0.06695,0.08278) av=(0,-0.170071,0)
in=(0,255,255,0) steer=-1.000 gnd=4.0 sp=2367.21 horiz=2365.98 velH=2.3267 bodyH=2.3765 slip=-0.0498 d=(-0.07158,0.08129) av=(0,-0.171256,0)
in=(0,255,255,0) steer=-1.000 gnd=4.0 sp=2405.77 horiz=2404.50 velH=2.3687 bodyH=2.4190 slip=-0.0504 d=(-0.07617,0.07952) av=(0,-0.172426,0)
in=(0,255,255,0) steer=-1.000 gnd=4.0 sp=2443.59 horiz=2442.29 velH=2.4106 bodyH=2.4615 slip=-0.0510 d=(-0.08072,0.07749) av=(0,-0.173584,0)
in=(0,255,255,0) steer=-1.000 gnd=4.0 sp=2480.69 horiz=2479.35 velH=2.4525 bodyH=2.5040 slip=-0.0515 d=(-0.08520,0.07519) av=(0,-0.17473,0)
in=(0,255,255,0) steer=-1.000 gnd=4.0 sp=2517.06 horiz=2515.68 velH=2.4945 bodyH=2.5465 slip=-0.0520 d=(-0.08961,0.07263) av=(0,-0.175865,0)
in=(0,255,255,0) steer=-1.000 gnd=4.0 sp=2552.70 horiz=2551.28 velH=2.5365 bodyH=2.5891 slip=-0.0526 d=(-0.09392,0.06981) av=(0,-0.17699,0)
in=(0,255,255,0) steer=-1.000 gnd=4.0 sp=2587.62 horiz=2586.16 velH=2.5785 bodyH=2.6316 slip=-0.0531 d=(-0.09813,0.06673) av=(0,-0.178104,0)
in=(0,255,255,0) steer=-1.000 gnd=4.0 sp=1349.17 horiz=1349.12 velH=-3.1175 bodyH=-3.1045 slip=-0.0129 d=(-0.06061,-0.00030) av=(0,-0.156818,0)
in=(0,255,255,0) steer=-1.000 gnd=4.0 sp=1403.53 horiz=1403.38 velH=-3.0870 bodyH=-3.0659 slip=-0.0211 d=(-0.06313,-0.00191) av=(0,-0.150859,0)
in=(0,255,255,0) steer=-1.000 gnd=4.0 sp=1456.97 horiz=1456.72 velH=-3.0525 bodyH=-3.0258 slip=-0.0268 d=(-0.06554,-0.00404) av=(0,-0.149389,0)
in=(0,255,255,0) steer=-1.000 gnd=4.0 sp=1509.51 horiz=1509.17 velH=-3.0152 bodyH=-2.9841 slip=-0.0311 d=(-0.06781,-0.00657) av=(0,-0.150107,0)
in=(0,255,255,0) steer=-1.000 gnd=4.0 sp=1561.20 horiz=1560.76 velH=-2.9760 bodyH=-2.9416 slip=-0.0344 d=(-0.06992,-0.00944) av=(0,-0.150609,0)
in=(0,255,255,0) steer=-1.000 gnd=4.0 sp=1612.12 horiz=1611.61 velH=-2.9357 bodyH=-2.8991 slip=-0.0366 d=(-0.07184,-0.01260) av=(0,-0.151878,0)
in=(0,255,255,0) steer=-1.000 gnd=4.0 sp=1662.33 horiz=1661.77 velH=-2.8947 bodyH=-2.8566 slip=-0.0381 d=(-0.07356,-0.01599) av=(0,-0.152376,0)
in=(0,255,255,0) steer=-1.000 gnd=4.0 sp=1711.87 horiz=1711.26 velH=-2.8535 bodyH=-2.8141 slip=-0.0394 d=(-0.07509,-0.01957) av=(0,-0.15334,0)
in=(0,255,255,0) steer=-1.000 gnd=4.0 sp=1760.76 horiz=1760.11 velH=-2.8120 bodyH=-2.7716 slip=-0.0404 d=(-0.07641,-0.02332) av=(0,-0.154501,0)
in=(0,255,255,0) steer=-1.000 gnd=4.0 sp=1809.00 horiz=1808.30 velH=-2.7704 bodyH=-2.7291 slip=-0.0413 d=(-0.07750,-0.02722) av=(0,-0.155736,0)
in=(0,255,255,0) steer=-1.000 gnd=4.0 sp=1856.58 horiz=1855.83 velH=-2.7287 bodyH=-2.6866 slip=-0.0421 d=(-0.07837,-0.03124) av=(0,-0.156994,0)
in=(0,255,255,0) steer=-1.000 gnd=4.0 sp=1903.49 horiz=1902.71 velH=-2.6870 bodyH=-2.6441 slip=-0.0429 d=(-0.07901,-0.03538) av=(0,-0.158252,0)
in=(0,255,255,0) steer=-1.000 gnd=4.0 sp=1949.73 horiz=1948.91 velH=-2.6452 bodyH=-2.6016 slip=-0.0436 d=(-0.07940,-0.03961) av=(0,-0.159501,0)
in=(0,255,255,0) steer=-1.000 gnd=4.0 sp=1995.30 horiz=1994.44 velH=-2.6034 bodyH=-2.5591 slip=-0.0443 d=(-0.07955,-0.04392) av=(0,-0.16074,0)
in=(0,255,255,0) steer=-1.000 gnd=4.0 sp=2040.18 horiz=2039.27 velH=-2.5616 bodyH=-2.5166 slip=-0.0450 d=(-0.07944,-0.04829) av=(0,-0.161969,0)
in=(0,255,255,0) steer=-1.000 gnd=4.0 sp=2084.36 horiz=2083.41 velH=-2.5198 bodyH=-2.4741 slip=-0.0457 d=(-0.07907,-0.05272) av=(0,-0.163189,0)
in=(0,255,255,0) steer=-1.000 gnd=4.0 sp=2127.84 horiz=2126.85 velH=-2.4779 bodyH=-2.4316 slip=-0.0463 d=(-0.07845,-0.05718) av=(0,-0.164399,0)
in=(0,255,255,0) steer=-1.000 gnd=4.0 sp=2170.61 horiz=2169.58 velH=-2.4360 bodyH=-2.3891 slip=-0.0470 d=(-0.07756,-0.06166) av=(0,-0.165601,0)
in=(0,255,255,0) steer=-1.000 gnd=4.0 sp=2212.67 horiz=2211.60 velH=-2.3941 bodyH=-2.3466 slip=-0.0476 d=(-0.07640,-0.06614) av=(0,-0.166795,0)
in=(0,255,255,0) steer=-1.000 gnd=4.0 sp=2254.01 horiz=2252.90 velH=-2.3523 bodyH=-2.3041 slip=-0.0482 d=(-0.07498,-0.07061) av=(0,-0.167981,0)
in=(0,255,255,0) steer=-1.000 gnd=4.0 sp=2294.62 horiz=2293.47 velH=-2.3103 bodyH=-2.2616 slip=-0.0488 d=(-0.07329,-0.07505) av=(0,-0.169159,0)
in=(0,255,255,0) steer=-1.000 gnd=4.0 sp=2334.52 horiz=2333.32 velH=-2.2684 bodyH=-2.2191 slip=-0.0494 d=(-0.07133,-0.07945) av=(0,-0.17033,0)
in=(0,255,255,0) steer=-1.000 gnd=4.0 sp=2373.68 horiz=2372.45 velH=-2.2265 bodyH=-2.1766 slip=-0.0499 d=(-0.06911,-0.08379) av=(0,-0.171492,0)
in=(0,255,255,0) steer=-1.000 gnd=4.0 sp=2412.11 horiz=2410.84 velH=-2.1846 bodyH=-2.1341 slip=-0.0505 d=(-0.06663,-0.08805) av=(0,-0.172647,0)
in=(0,255,255,0) steer=-1.000 gnd=4.0 sp=2449.82 horiz=2448.51 velH=-2.1426 bodyH=-2.0916 slip=-0.0511 d=(-0.06389,-0.09222) av=(0,-0.173793,0)
in=(0,255,255,0) steer=-1.000 gnd=4.0 sp=2486.79 horiz=2485.44 velH=-2.1007 bodyH=-2.0491 slip=-0.0516 d=(-0.06089,-0.09629) av=(0,-0.174931,0)
in=(0,255,255,0) steer=-1.000 gnd=4.0 sp=2523.04 horiz=2521.65 velH=-2.0587 bodyH=-2.0066 slip=-0.0521 d=(-0.05765,-0.10023) av=(0,-0.176061,0)
in=(0,255,255,0) steer=-1.000 gnd=4.0 sp=2558.56 horiz=2557.13 velH=-2.0167 bodyH=-1.9641 slip=-0.0527 d=(-0.05417,-0.10404) av=(0,-0.177181,0)
in=(0,255,255,0) steer=-1.000 gnd=4.0 sp=2593.35 horiz=2591.88 velH=-1.9747 bodyH=-1.9216 slip=-0.0532 d=(-0.05045,-0.10771) av=(0,-0.178292,0)
in=(0,255,255,0) steer=-1.000 gnd=4.0 sp=2627.43 horiz=2625.92 velH=-1.9327 bodyH=-1.8790 slip=-0.0537 d=(-0.04650,-0.11121) av=(0,-0.179394,0)
in=(0,255,255,0) steer=-1.000 gnd=4.0 sp=2660.78 horiz=2659.24 velH=-1.8907 bodyH=-1.8365 slip=-0.0542 d=(-0.04234,-0.11453) av=(0,-0.180486,0)
in=(0,255,255,0) steer=-1.000 gnd=4.0 sp=2693.43 horiz=2691.84 velH=-1.8487 bodyH=-1.7940 slip=-0.0547 d=(-0.03796,-0.11767) av=(0,-0.181568,0)
in=(0,255,255,0) steer=-1.000 gnd=4.0 sp=2725.36 horiz=2723.74 velH=-1.8067 bodyH=-1.7515 slip=-0.0552 d=(-0.03339,-0.12061) av=(0,-0.18264,0)
in=(0,255,255,0) steer=-1.000 gnd=4.0 sp=2756.59 horiz=2754.93 velH=-1.7647 bodyH=-1.7090 slip=-0.0556 d=(-0.02862,-0.12334) av=(0,-0.183701,0)
in=(0,255,255,0) steer=-1.000 gnd=4.0 sp=2787.12 horiz=2785.42 velH=-1.7226 bodyH=-1.6665 slip=-0.0561 d=(-0.02368,-0.12585) av=(0,-0.184751,0)
in=(0,255,255,0) steer=-1.000 gnd=4.0 sp=2816.96 horiz=2815.22 velH=-1.6806 bodyH=-1.6240 slip=-0.0566 d=(-0.01858,-0.12812) av=(0,-0.18579,0)
in=(0,255,255,0) steer=-1.000 gnd=4.0 sp=2846.12 horiz=2844.34 velH=-1.6385 bodyH=-1.5815 slip=-0.0570 d=(-0.01332,-0.13016) av=(0,-0.186818,0)
in=(0,255,255,0) steer=-1.000 gnd=4.0 sp=2874.59 horiz=2872.78 velH=-1.5965 bodyH=-1.5390 slip=-0.0575 d=(-0.00791,-0.13194) av=(0,-0.187834,0)
in=(0,255,255,0) steer=-1.000 gnd=4.0 sp=2902.40 horiz=2900.55 velH=-1.5544 bodyH=-1.4965 slip=-0.0579 d=(-0.00238,-0.13347) av=(0,-0.188839,0)
in=(0,255,255,0) steer=-1.000 gnd=4.0 sp=2929.54 horiz=2927.66 velH=-1.5124 bodyH=-1.4540 slip=-0.0583 d=(0.00326,-0.13473) av=(0,-0.189831,0)
in=(0,255,255,0) steer=-1.000 gnd=4.0 sp=2956.03 horiz=2954.12 velH=-1.4703 bodyH=-1.4115 slip=-0.0587 d=(0.00901,-0.13572) av=(0,-0.190811,0)
in=(0,255,255,0) steer=-1.000 gnd=4.0 sp=2981.88 horiz=2979.93 velH=-1.4282 bodyH=-1.3690 slip=-0.0592 d=(0.01484,-0.13643) av=(0,-0.191779,0)
in=(0,255,255,0) steer=-1.000 gnd=4.0 sp=3007.09 horiz=3005.10 velH=-1.3861 bodyH=-1.3265 slip=-0.0596 d=(0.02074,-0.13686) av=(0,-0.192734,0)
in=(0,255,255,0) steer=-1.000 gnd=4.0 sp=3031.67 horiz=3029.65 velH=-1.3440 bodyH=-1.2840 slip=-0.0600 d=(0.02671,-0.13701) av=(0,-0.193677,0)
in=(0,255,255,0) steer=-1.000 gnd=4.0 sp=3055.63 horiz=3053.57 velH=-1.3019 bodyH=-1.2415 slip=-0.0604 d=(0.03271,-0.13686) av=(0,-0.194606,0)
in=(0,255,255,0) steer=-1.000 gnd=4.0 sp=3078.98 horiz=3076.89 velH=-1.2598 bodyH=-1.1990 slip=-0.0608 d=(0.03874,-0.13642) av=(0,-0.195522,0)
in=(0,255,255,0) steer=-1.000 gnd=4.0 sp=3101.73 horiz=3099.61 velH=-1.2177 bodyH=-1.1565 slip=-0.0611 d=(0.04479,-0.13569) av=(0,-0.196425,0)
in=(0,255,255,0) steer=-1.000 gnd=4.0 sp=3123.90 horiz=3121.75 velH=-1.1755 bodyH=-1.1140 slip=-0.0615 d=(0.05083,-0.13467) av=(0,-0.197314,0)
in=(0,255,255,0) steer=-1.000 gnd=4.0 sp=3145.48 horiz=3143.30 velH=-1.1334 bodyH=-1.0715 slip=-0.0619 d=(0.05686,-0.13334) av=(0,-0.19819,0)
in=(0,255,255,0) steer=-1.000 gnd=4.0 sp=3166.50 horiz=3164.28 velH=-1.0913 bodyH=-1.0290 slip=-0.0622 d=(0.06285,-0.13173) av=(0,-0.199052,0)
in=(0,255,255,0) steer=-1.000 gnd=4.0 sp=3186.95 horiz=3184.71 velH=-1.0491 bodyH=-0.9865 slip=-0.0626 d=(0.06880,-0.12982) av=(0,-0.1999,0)
in=(0,255,255,0) steer=-1.000 gnd=4.0 sp=3206.86 horiz=3204.58 velH=-1.0069 bodyH=-0.9440 slip=-0.0629 d=(0.07468,-0.12761) av=(0,-0.200735,0)
in=(0,255,255,0) steer=-1.000 gnd=4.0 sp=3226.23 horiz=3223.92 velH=-0.9648 bodyH=-0.9015 slip=-0.0633 d=(0.08049,-0.12512) av=(0,-0.201555,0)
in=(0,255,255,0) steer=-1.000 gnd=4.0 sp=3245.07 horiz=3242.74 velH=-0.9226 bodyH=-0.8590 slip=-0.0636 d=(0.08620,-0.12235) av=(0,-0.202362,0)
in=(0,255,255,0) steer=-1.000 gnd=4.0 sp=3263.39 horiz=3261.03 velH=-0.8804 bodyH=-0.8165 slip=-0.0639 d=(0.09181,-0.11929) av=(0,-0.203154,0)
in=(0,255,255,0) steer=-1.000 gnd=4.0 sp=3281.21 horiz=3278.82 velH=-0.8383 bodyH=-0.7740 slip=-0.0643 d=(0.09730,-0.11596) av=(0,-0.203933,0)
in=(0,255,255,0) steer=-1.000 gnd=4.0 sp=3298.53 horiz=3296.11 velH=-0.7961 bodyH=-0.7315 slip=-0.0646 d=(0.10266,-0.11236) av=(0,-0.204697,0)
in=(0,255,255,0) steer=-1.000 gnd=4.0 sp=3315.36 horiz=3312.92 velH=-0.7539 bodyH=-0.6890 slip=-0.0649 d=(0.10786,-0.10849) av=(0,-0.205448,0)
in=(0,255,255,0) steer=-1.000 gnd=4.0 sp=3331.72 horiz=3329.25 velH=-0.7117 bodyH=-0.6465 slip=-0.0652 d=(0.11291,-0.10437) av=(0,-0.206184,0)
in=(0,255,255,0) steer=-1.000 gnd=4.0 sp=3347.61 horiz=3345.12 velH=-0.6695 bodyH=-0.6040 slip=-0.0655 d=(0.11779,-0.10000) av=(0,-0.206906,0)
in=(0,255,255,0) steer=-1.000 gnd=4.0 sp=3363.05 horiz=3360.53 velH=-0.6273 bodyH=-0.5615 slip=-0.0658 d=(0.12248,-0.09539) av=(0,-0.207614,0)
in=(0,255,255,0) steer=-1.000 gnd=4.0 sp=3378.05 horiz=3375.50 velH=-0.5850 bodyH=-0.5190 slip=-0.0661 d=(0.12697,-0.09055) av=(0,-0.208308,0)
in=(0,255,255,0) steer=-1.000 gnd=4.0 sp=3392.60 horiz=3390.04 velH=-0.5428 bodyH=-0.4765 slip=-0.0663 d=(0.13126,-0.08549) av=(0,-0.208988,0)
in=(0,255,255,0) steer=-1.000 gnd=4.0 sp=3406.74 horiz=3404.15 velH=-0.5006 bodyH=-0.4340 slip=-0.0666 d=(0.13533,-0.08021) av=(0,-0.209655,0)
in=(0,255,255,0) steer=-1.000 gnd=4.0 sp=3420.46 horiz=3417.84 velH=-0.4583 bodyH=-0.3915 slip=-0.0669 d=(0.13916,-0.07473) av=(0,-0.210307,0)
in=(0,255,255,0) steer=-1.000 gnd=4.0 sp=3433.78 horiz=3431.14 velH=-0.4161 bodyH=-0.3490 slip=-0.0671 d=(0.14276,-0.06907) av=(0,-0.210946,0)
in=(0,255,255,0) steer=-1.000 gnd=4.0 sp=3446.70 horiz=3444.04 velH=-0.3739 bodyH=-0.3065 slip=-0.0674 d=(0.14611,-0.06322) av=(0,-0.211571,0)
in=(0,255,255,0) steer=-1.000 gnd=4.0 sp=3459.24 horiz=3456.55 velH=-0.3316 bodyH=-0.2640 slip=-0.0676 d=(0.14921,-0.05720) av=(0,-0.212182,0)
in=(0,255,255,0) steer=-1.000 gnd=4.0 sp=3471.40 horiz=3468.69 velH=-0.2893 bodyH=-0.2215 slip=-0.0679 d=(0.15204,-0.05103) av=(0,-0.21278,0)
in=(0,255,255,0) steer=-1.000 gnd=4.0 sp=3483.20 horiz=3480.47 velH=-0.2471 bodyH=-0.1790 slip=-0.0681 d=(0.15459,-0.04472) av=(0,-0.213365,0)
in=(0,255,255,0) steer=-1.000 gnd=4.0 sp=3494.64 horiz=3491.89 velH=-0.2048 bodyH=-0.1365 slip=-0.0683 d=(0.15687,-0.03828) av=(0,-0.213937,0)
in=(0,255,255,0) steer=-1.000 gnd=4.0 sp=3505.73 horiz=3502.96 velH=-0.1625 bodyH=-0.0940 slip=-0.0686 d=(0.15886,-0.03172) av=(0,-0.214495,0)
in=(0,255,255,0) steer=-1.000 gnd=4.0 sp=3516.48 horiz=3513.70 velH=-0.1202 bodyH=-0.0515 slip=-0.0688 d=(0.16057,-0.02505) av=(0,-0.21504,0)
in=(0,255,255,0) steer=-1.000 gnd=4.0 sp=3526.91 horiz=3524.11 velH=-0.0780 bodyH=-0.0090 slip=-0.0690 d=(0.16197,-0.01830) av=(0,-0.215573,0)
in=(0,255,255,0) steer=-1.000 gnd=4.0 sp=3537.01 horiz=3534.19 velH=-0.0357 bodyH=0.0335 slip=-0.0692 d=(0.16308,-0.01147) av=(0,-0.216093,0)
in=(0,255,255,0) steer=-1.000 gnd=4.0 sp=3546.81 horiz=3543.97 velH=0.0066 bodyH=0.0760 slip=-0.0694 d=(0.16388,-0.00458) av=(0,-0.2166,0)
in=(0,255,255,0) steer=-1.000 gnd=4.0 sp=1824.67 horiz=1824.52 velH=1.7656 bodyH=1.7844 slip=-0.0188 d=(-0.01446,0.08152) av=(0,-0.197956,0)
in=(0,255,255,0) steer=-1.000 gnd=4.0 sp=1874.29 horiz=1873.92 velH=1.7975 bodyH=1.8269 slip=-0.0295 d=(-0.01699,0.08343) av=(0,-0.178434,0)
in=(0,255,255,0) steer=-1.000 gnd=4.0 sp=1922.40 horiz=1921.85 velH=1.8337 bodyH=1.8694 slip=-0.0357 d=(-0.02024,0.08504) av=(0,-0.169016,0)
in=(0,255,255,0) steer=-1.000 gnd=4.0 sp=1969.27 horiz=1968.58 velH=1.8723 bodyH=1.9119 slip=-0.0396 d=(-0.02393,0.08637) av=(0,-0.164427,0)
in=(0,255,255,0) steer=-1.000 gnd=4.0 sp=2015.08 horiz=2014.29 velH=1.9123 bodyH=1.9544 slip=-0.0421 d=(-0.02793,0.08743) av=(0,-0.162992,0)
in=(0,255,255,0) steer=-1.000 gnd=4.0 sp=2059.99 horiz=2059.12 velH=1.9531 bodyH=1.9969 slip=-0.0438 d=(-0.03214,0.08822) av=(0,-0.163043,0)
in=(0,255,255,0) steer=-1.000 gnd=4.0 sp=2104.06 horiz=2103.13 velH=1.9943 bodyH=2.0394 slip=-0.0451 d=(-0.03650,0.08874) av=(0,-0.16378,0)
in=(0,255,255,0) steer=-1.000 gnd=4.0 sp=2147.34 horiz=2146.36 velH=2.0358 bodyH=2.0819 slip=-0.0461 d=(-0.04098,0.08901) av=(0,-0.164821,0)
in=(0,255,255,0) steer=-1.000 gnd=4.0 sp=2189.86 horiz=2188.83 velH=2.0775 bodyH=2.1244 slip=-0.0469 d=(-0.04555,0.08900) av=(0,-0.165987,0)
in=(0,255,255,0) steer=-1.000 gnd=4.0 sp=2231.64 horiz=2230.56 velH=2.1193 bodyH=2.1669 slip=-0.0477 d=(-0.05018,0.08874) av=(0,-0.167194,0)
in=(0,255,255,0) steer=-1.000 gnd=4.0 sp=2272.68 horiz=2271.55 velH=2.1611 bodyH=2.2094 slip=-0.0483 d=(-0.05486,0.08820) av=(0,-0.168407,0)
in=(0,255,255,0) steer=-1.000 gnd=4.0 sp=2312.98 horiz=2311.81 velH=2.2030 bodyH=2.2519 slip=-0.0490 d=(-0.05956,0.08739) av=(0,-0.169611,0)
in=(0,255,255,0) steer=-1.000 gnd=4.0 sp=2352.55 horiz=2351.34 velH=2.2449 bodyH=2.2944 slip=-0.0496 d=(-0.06428,0.08631) av=(0,-0.170803,0)
in=(0,255,255,0) steer=-1.000 gnd=4.0 sp=2391.38 horiz=2390.13 velH=2.2868 bodyH=2.3369 slip=-0.0502 d=(-0.06899,0.08496) av=(0,-0.171981,0)
in=(0,255,255,0) steer=-1.000 gnd=4.0 sp=2429.49 horiz=2428.20 velH=2.3287 bodyH=2.3794 slip=-0.0507 d=(-0.07367,0.08334) av=(0,-0.173145,0)
in=(0,255,255,0) steer=-1.000 gnd=4.0 sp=2466.86 horiz=2465.53 velH=2.3706 bodyH=2.4219 slip=-0.0513 d=(-0.07832,0.08144) av=(0,-0.174297,0)
in=(0,255,255,0) steer=-1.000 gnd=4.0 sp=2503.50 horiz=2502.13 velH=2.4126 bodyH=2.4644 slip=-0.0518 d=(-0.08291,0.07928) av=(0,-0.175437,0)
in=(0,255,255,0) steer=-1.000 gnd=4.0 sp=2539.42 horiz=2538.01 velH=2.4546 bodyH=2.5069 slip=-0.0524 d=(-0.08743,0.07685) av=(0,-0.176567,0)
in=(0,255,255,0) steer=-1.000 gnd=4.0 sp=2574.60 horiz=2573.15 velH=2.4966 bodyH=2.5494 slip=-0.0529 d=(-0.09186,0.07415) av=(0,-0.177686,0)
in=(0,255,255,0) steer=-1.000 gnd=4.0 sp=2609.07 horiz=2607.58 velH=2.5385 bodyH=2.5920 slip=-0.0534 d=(-0.09619,0.07120) av=(0,-0.178795,0)
in=(0,255,255,0) steer=-1.000 gnd=4.0 sp=2642.81 horiz=2641.29 velH=2.5805 bodyH=2.6345 slip=-0.0539 d=(-0.10041,0.06799) av=(0,-0.179894,0)
in=(0,255,255,0) steer=-1.000 gnd=4.0 sp=2675.84 horiz=2674.28 velH=2.6226 bodyH=2.6770 slip=-0.0544 d=(-0.10450,0.06453) av=(0,-0.180982,0)
in=(0,255,255,0) steer=-1.000 gnd=4.0 sp=2708.16 horiz=2706.55 velH=2.6646 bodyH=2.7195 slip=-0.0549 d=(-0.10844,0.06083) av=(0,-0.18206,0)
in=(0,255,255,0) steer=-1.000 gnd=4.0 sp=2739.77 horiz=2738.13 velH=2.7066 bodyH=2.7620 slip=-0.0554 d=(-0.11223,0.05689) av=(0,-0.183127,0)
in=(0,255,255,0) steer=-1.000 gnd=4.0 sp=2770.68 horiz=2769.00 velH=2.7486 bodyH=2.8045 slip=-0.0558 d=(-0.11585,0.05273) av=(0,-0.184183,0)
in=(0,255,255,0) steer=-1.000 gnd=4.0 sp=2800.89 horiz=2799.17 velH=2.7907 bodyH=2.8470 slip=-0.0563 d=(-0.11928,0.04835) av=(0,-0.185229,0)
in=(0,255,255,0) steer=-1.000 gnd=4.0 sp=2830.42 horiz=2828.66 velH=2.8327 bodyH=2.8895 slip=-0.0568 d=(-0.12251,0.04376) av=(0,-0.186263,0)
in=(0,255,255,0) steer=-1.000 gnd=4.0 sp=2859.26 horiz=2857.47 velH=2.8748 bodyH=2.9320 slip=-0.0572 d=(-0.12554,0.03898) av=(0,-0.187285,0)
in=(0,255,255,0) steer=-1.000 gnd=4.0 sp=2887.43 horiz=2885.60 velH=2.9168 bodyH=2.9745 slip=-0.0577 d=(-0.12835,0.03401) av=(0,-0.188296,0)
in=(0,255,255,0) steer=-1.000 gnd=4.0 sp=2914.93 horiz=2913.07 velH=2.9589 bodyH=3.0170 slip=-0.0581 d=(-0.13094,0.02886) av=(0,-0.189295,0)
in=(0,255,255,0) steer=-1.000 gnd=4.0 sp=2941.77 horiz=2939.88 velH=3.0010 bodyH=3.0595 slip=-0.0585 d=(-0.13328,0.02355) av=(0,-0.190282,0)
in=(0,255,255,0) steer=-1.000 gnd=4.0 sp=2967.97 horiz=2966.03 velH=3.0430 bodyH=3.1020 slip=-0.0589 d=(-0.13538,0.01809) av=(0,-0.191257,0)
in=(0,255,255,0) steer=-1.000 gnd=4.0 sp=2993.52 horiz=2991.55 velH=3.0851 bodyH=-3.1387 slip=-0.0594 d=(-0.13722,0.01249) av=(0,-0.192219,0)
in=(0,255,255,0) steer=-1.000 gnd=4.0 sp=3018.44 horiz=3016.43 velH=3.1272 bodyH=-3.0962 slip=-0.0598 d=(-0.13880,0.00676) av=(0,-0.193168,0)
in=(0,255,255,0) steer=-1.000 gnd=4.0 sp=3042.73 horiz=3040.70 velH=-3.1139 bodyH=-3.0537 slip=-0.0602 d=(-0.14011,0.00092) av=(0,-0.194104,0)
in=(0,255,255,0) steer=-1.000 gnd=4.0 sp=3066.41 horiz=3064.34 velH=-3.0717 bodyH=-3.0112 slip=-0.0605 d=(-0.14114,-0.00502) av=(0,-0.195028,0)
in=(0,255,255,0) steer=-1.000 gnd=4.0 sp=3089.49 horiz=3087.39 velH=-3.0296 bodyH=-2.9687 slip=-0.0609 d=(-0.14189,-0.01104) av=(0,-0.195938,0)
in=(0,255,255,0) steer=-1.000 gnd=4.0 sp=3111.97 horiz=3109.83 velH=-2.9875 bodyH=-2.9262 slip=-0.0613 d=(-0.14235,-0.01713) av=(0,-0.196834,0)
in=(0,255,255,0) steer=-1.000 gnd=4.0 sp=3133.86 horiz=3131.70 velH=-2.9454 bodyH=-2.8837 slip=-0.0617 d=(-0.14252,-0.02327) av=(0,-0.197717,0)
in=(0,255,255,0) steer=-1.000 gnd=4.0 sp=3155.19 horiz=3152.99 velH=-2.9032 bodyH=-2.8412 slip=-0.0620 d=(-0.14240,-0.02946) av=(0,-0.198587,0)
in=(0,255,255,0) steer=-1.000 gnd=4.0 sp=3175.94 horiz=3173.72 velH=-2.8611 bodyH=-2.7987 slip=-0.0624 d=(-0.14199,-0.03567) av=(0,-0.199443,0)
in=(0,255,255,0) steer=-1.000 gnd=4.0 sp=3196.15 horiz=3193.89 velH=-2.8189 bodyH=-2.7562 slip=-0.0628 d=(-0.14127,-0.04189) av=(0,-0.200285,0)
in=(0,255,255,0) steer=-1.000 gnd=4.0 sp=3215.80 horiz=3213.52 velH=-2.7768 bodyH=-2.7137 slip=-0.0631 d=(-0.14026,-0.04811) av=(0,-0.201113,0)
in=(0,255,255,0) steer=-1.000 gnd=4.0 sp=3234.93 horiz=3232.61 velH=-2.7346 bodyH=-2.6712 slip=-0.0634 d=(-0.13895,-0.05431) av=(0,-0.201927,0)
in=(0,255,255,0) steer=-1.000 gnd=4.0 sp=3253.53 horiz=3251.19 velH=-2.6925 bodyH=-2.6287 slip=-0.0638 d=(-0.13734,-0.06047) av=(0,-0.202727,0)
in=(0,255,255,0) steer=-1.000 gnd=4.0 sp=3271.62 horiz=3269.25 velH=-2.6503 bodyH=-2.5862 slip=-0.0641 d=(-0.13544,-0.06658) av=(0,-0.203513,0)
in=(0,255,255,0) steer=-1.000 gnd=4.0 sp=3289.21 horiz=3286.81 velH=-2.6081 bodyH=-2.5437 slip=-0.0644 d=(-0.13324,-0.07263) av=(0,-0.204285,0)
in=(0,255,255,0) steer=-1.000 gnd=4.0 sp=3306.31 horiz=3303.88 velH=-2.5659 bodyH=-2.5012 slip=-0.0647 d=(-0.13075,-0.07860) av=(0,-0.205043,0)
in=(0,255,255,0) steer=-1.000 gnd=4.0 sp=3322.92 horiz=3320.47 velH=-2.5237 bodyH=-2.4587 slip=-0.0650 d=(-0.12798,-0.08448) av=(0,-0.205787,0)
in=(0,255,255,0) steer=-1.000 gnd=4.0 sp=3339.07 horiz=3336.58 velH=-2.4815 bodyH=-2.4162 slip=-0.0653 d=(-0.12492,-0.09025) av=(0,-0.206517,0)
in=(0,255,255,0) steer=-1.000 gnd=4.0 sp=3354.75 horiz=3352.24 velH=-2.4393 bodyH=-2.3737 slip=-0.0656 d=(-0.12158,-0.09590) av=(0,-0.207232,0)
in=(0,255,255,0) steer=-1.000 gnd=4.0 sp=3369.98 horiz=3367.45 velH=-2.3971 bodyH=-2.3312 slip=-0.0659 d=(-0.11797,-0.10142) av=(0,-0.207934,0)
in=(0,255,255,0) steer=-1.000 gnd=4.0 sp=3384.78 horiz=3382.22 velH=-2.3549 bodyH=-2.2887 slip=-0.0662 d=(-0.11410,-0.10678) av=(0,-0.208622,0)
in=(0,255,255,0) steer=-1.000 gnd=4.0 sp=3399.14 horiz=3396.56 velH=-2.3126 bodyH=-2.2462 slip=-0.0665 d=(-0.10997,-0.11199) av=(0,-0.209296,0)
in=(0,255,255,0) steer=-1.000 gnd=4.0 sp=3413.08 horiz=3410.48 velH=-2.2704 bodyH=-2.2037 slip=-0.0667 d=(-0.10558,-0.11702) av=(0,-0.209956,0)
in=(0,255,255,0) steer=-1.000 gnd=4.0 sp=3426.62 horiz=3423.99 velH=-2.2282 bodyH=-2.1612 slip=-0.0670 d=(-0.10096,-0.12187) av=(0,-0.210602,0)
in=(0,255,255,0) steer=-1.000 gnd=4.0 sp=3439.75 horiz=3437.10 velH=-2.1859 bodyH=-2.1187 slip=-0.0672 d=(-0.09610,-0.12652) av=(0,-0.211234,0)
in=(0,255,255,0) steer=-1.000 gnd=4.0 sp=3452.50 horiz=3449.83 velH=-2.1437 bodyH=-2.0762 slip=-0.0675 d=(-0.09101,-0.13096) av=(0,-0.211853,0)
in=(0,255,255,0) steer=-1.000 gnd=4.0 sp=3464.86 horiz=3462.17 velH=-2.1014 bodyH=-2.0337 slip=-0.0677 d=(-0.08571,-0.13518) av=(0,-0.212458,0)
in=(0,255,255,0) steer=-1.000 gnd=4.0 sp=3476.86 horiz=3474.14 velH=-2.0591 bodyH=-1.9912 slip=-0.0680 d=(-0.08021,-0.13917) av=(0,-0.21305,0)
in=(0,255,255,0) steer=-1.000 gnd=4.0 sp=3488.49 horiz=3485.75 velH=-2.0169 bodyH=-1.9486 slip=-0.0682 d=(-0.07451,-0.14292) av=(0,-0.213629,0)
in=(0,255,255,0) steer=-1.000 gnd=4.0 sp=3499.77 horiz=3497.01 velH=-1.9746 bodyH=-1.9061 slip=-0.0684 d=(-0.06863,-0.14643) av=(0,-0.214194,0)
in=(0,255,255,0) steer=-1.000 gnd=4.0 sp=3510.70 horiz=3507.93 velH=-1.9323 bodyH=-1.8636 slip=-0.0687 d=(-0.06259,-0.14968) av=(0,-0.214747,0)
in=(0,255,255,0) steer=-1.000 gnd=4.0 sp=3521.31 horiz=3518.51 velH=-1.8900 bodyH=-1.8211 slip=-0.0689 d=(-0.05638,-0.15266) av=(0,-0.215286,0)
in=(0,255,255,0) steer=-1.000 gnd=4.0 sp=3531.58 horiz=3528.77 velH=-1.8477 bodyH=-1.7786 slip=-0.0691 d=(-0.05002,-0.15537) av=(0,-0.215813,0)
in=(0,255,255,0) steer=-1.000 gnd=4.0 sp=3541.54 horiz=3538.71 velH=-1.8054 bodyH=-1.7361 slip=-0.0693 d=(-0.04353,-0.15780) av=(0,-0.216327,0)
in=(0,255,255,0) steer=-1.000 gnd=4.0 sp=3551.20 horiz=3548.35 velH=-1.7631 bodyH=-1.6936 slip=-0.0695 d=(-0.03693,-0.15995) av=(0,-0.216829,0)
in=(0,255,255,0) steer=-1.000 gnd=4.0 sp=3560.55 horiz=3557.68 velH=-1.7208 bodyH=-1.6511 slip=-0.0697 d=(-0.03021,-0.16180) av=(0,-0.217319,0)
in=(0,255,255,0) steer=-1.000 gnd=4.0 sp=3569.61 horiz=3566.73 velH=-1.6785 bodyH=-1.6086 slip=-0.0699 d=(-0.02340,-0.16336) av=(0,-0.217796,0)
in=(0,255,255,0) steer=-1.000 gnd=4.0 sp=3578.39 horiz=3575.49 velH=-1.6362 bodyH=-1.5661 slip=-0.0701 d=(-0.01651,-0.16462) av=(0,-0.218262,0)
in=(0,255,255,0) steer=-1.000 gnd=4.0 sp=3586.89 horiz=3583.97 velH=-1.5939 bodyH=-1.5236 slip=-0.0703 d=(-0.00956,-0.16557) av=(0,-0.218716,0)
in=(0,255,255,0) steer=-1.000 gnd=4.0 sp=3595.12 horiz=3592.19 velH=-1.5516 bodyH=-1.4811 slip=-0.0704 d=(-0.00255,-0.16622) av=(0,-0.219158,0)
in=(0,255,255,0) steer=-1.000 gnd=4.0 sp=3603.10 horiz=3600.15 velH=-1.5092 bodyH=-1.4386 slip=-0.0706 d=(0.00450,-0.16655) av=(0,-0.219589,0)
in=(0,255,255,0) steer=-1.000 gnd=4.0 sp=3610.82 horiz=3607.86 velH=-1.4669 bodyH=-1.3961 slip=-0.0708 d=(0.01157,-0.16658) av=(0,-0.220009,0)
in=(0,255,255,0) steer=-1.000 gnd=4.0 sp=3618.29 horiz=3615.32 velH=-1.4246 bodyH=-1.3536 slip=-0.0709 d=(0.01864,-0.16629) av=(0,-0.220418,0)
in=(0,255,255,0) steer=-1.000 gnd=4.0 sp=3625.53 horiz=3622.54 velH=-1.3822 bodyH=-1.3111 slip=-0.0711 d=(0.02572,-0.16569) av=(0,-0.220816,0)
in=(0,255,255,0) steer=-1.000 gnd=4.0 sp=3632.54 horiz=3629.53 velH=-1.3399 bodyH=-1.2686 slip=-0.0712 d=(0.03277,-0.16478) av=(0,-0.221203,0)
in=(0,255,255,0) steer=-1.000 gnd=4.0 sp=3639.32 horiz=3636.30 velH=-1.2975 bodyH=-1.2261 slip=-0.0714 d=(0.03980,-0.16356) av=(0,-0.22158,0)
in=(0,255,255,0) steer=-1.000 gnd=4.0 sp=3645.88 horiz=3642.85 velH=-1.2552 bodyH=-1.1836 slip=-0.0715 d=(0.04677,-0.16203) av=(0,-0.221947,0)
in=(0,255,255,0) steer=-1.000 gnd=4.0 sp=3652.23 horiz=3649.18 velH=-1.2128 bodyH=-1.1411 slip=-0.0717 d=(0.05369,-0.16019) av=(0,-0.222303,0)
in=(0,255,255,0) steer=-1.000 gnd=4.0 sp=3658.37 horiz=3655.32 velH=-1.1704 bodyH=-1.0986 slip=-0.0718 d=(0.06053,-0.15804) av=(0,-0.22265,0)
in=(0,255,255,0) steer=-1.000 gnd=4.0 sp=3664.32 horiz=3661.25 velH=-1.1281 bodyH=-1.0561 slip=-0.0720 d=(0.06728,-0.15559) av=(0,-0.222988,0)
in=(0,255,255,0) steer=-1.000 gnd=4.0 sp=3670.07 horiz=3666.99 velH=-1.0857 bodyH=-1.0136 slip=-0.0721 d=(0.07393,-0.15285) av=(0,-0.223316,0)
in=(0,255,255,0) steer=-1.000 gnd=4.0 sp=3675.63 horiz=3672.54 velH=-1.0433 bodyH=-0.9711 slip=-0.0722 d=(0.08046,-0.14982) av=(0,-0.223634,0)
in=(0,255,255,0) steer=-1.000 gnd=4.0 sp=3681.02 horiz=3677.92 velH=-1.0009 bodyH=-0.9286 slip=-0.0723 d=(0.08686,-0.14649) av=(0,-0.223944,0)
in=(0,255,255,0) steer=-1.000 gnd=4.0 sp=3686.22 horiz=3683.11 velH=-0.9585 bodyH=-0.8861 slip=-0.0725 d=(0.09313,-0.14289) av=(0,-0.224245,0)
in=(0,255,255,0) steer=-1.000 gnd=4.0 sp=3691.26 horiz=3688.14 velH=-0.9162 bodyH=-0.8436 slip=-0.0726 d=(0.09924,-0.13901) av=(0,-0.224537,0)
in=(0,255,255,0) steer=-1.000 gnd=4.0 sp=3696.13 horiz=3693.00 velH=-0.8738 bodyH=-0.8011 slip=-0.0727 d=(0.10518,-0.13486) av=(0,-0.224821,0)
in=(0,255,255,0) steer=-1.000 gnd=4.0 sp=3700.84 horiz=3697.70 velH=-0.8314 bodyH=-0.7586 slip=-0.0728 d=(0.11095,-0.13045) av=(0,-0.225096,0)
in=(0,255,255,0) steer=-1.000 gnd=4.0 sp=3705.39 horiz=3702.24 velH=-0.7890 bodyH=-0.7161 slip=-0.0729 d=(0.11652,-0.12579) av=(0,-0.225364,0)
in=(0,255,255,0) steer=-1.000 gnd=4.0 sp=3709.79 horiz=3706.63 velH=-0.7466 bodyH=-0.6736 slip=-0.0730 d=(0.12190,-0.12089) av=(0,-0.225623,0)
in=(0,255,255,0) steer=-1.000 gnd=4.0 sp=3714.05 horiz=3710.88 velH=-0.7042 bodyH=-0.6311 slip=-0.0731 d=(0.12706,-0.11575) av=(0,-0.225875,0)
in=(0,255,255,0) steer=-1.000 gnd=4.0 sp=3718.17 horiz=3714.99 velH=-0.6618 bodyH=-0.5886 slip=-0.0732 d=(0.13200,-0.11038) av=(0,-0.22612,0)
in=(0,255,255,0) steer=-1.000 gnd=4.0 sp=3722.14 horiz=3718.96 velH=-0.6194 bodyH=-0.5461 slip=-0.0733 d=(0.13671,-0.10480) av=(0,-0.226357,0)
in=(0,255,255,0) steer=-1.000 gnd=4.0 sp=3725.99 horiz=3722.80 velH=-0.5770 bodyH=-0.5036 slip=-0.0734 d=(0.14118,-0.09902) av=(0,-0.226587,0)
in=(0,255,255,0) steer=-1.000 gnd=4.0 sp=3729.71 horiz=3726.51 velH=-0.5345 bodyH=-0.4611 slip=-0.0735 d=(0.14540,-0.09304) av=(0,-0.22681,0)
in=(0,255,255,0) steer=-1.000 gnd=4.0 sp=3733.30 horiz=3730.09 velH=-0.4921 bodyH=-0.4186 slip=-0.0735 d=(0.14936,-0.08687) av=(0,-0.227026,0)
in=(0,255,255,0) steer=-1.000 gnd=4.0 sp=3736.78 horiz=3733.56 velH=-0.4497 bodyH=-0.3761 slip=-0.0736 d=(0.15306,-0.08054) av=(0,-0.227236,0)
in=(0,255,255,0) steer=-1.000 gnd=4.0 sp=3740.13 horiz=3736.91 velH=-0.4073 bodyH=-0.3336 slip=-0.0737 d=(0.15648,-0.07404) av=(0,-0.227439,0)
in=(0,255,255,0) steer=-1.000 gnd=4.0 sp=3743.38 horiz=3740.14 velH=-0.3649 bodyH=-0.2911 slip=-0.0738 d=(0.15962,-0.06740) av=(0,-0.227636,0)
in=(0,255,255,0) steer=-1.000 gnd=4.0 sp=3746.51 horiz=3743.27 velH=-0.3224 bodyH=-0.2486 slip=-0.0739 d=(0.16248,-0.06062) av=(0,-0.227827,0)
in=(0,255,255,0) steer=-1.000 gnd=4.0 sp=3749.54 horiz=3746.29 velH=-0.2800 bodyH=-0.2061 slip=-0.0739 d=(0.16504,-0.05372) av=(0,-0.228012,0)
in=(0,255,255,0) steer=-1.000 gnd=4.0 sp=3752.47 horiz=3749.22 velH=-0.2376 bodyH=-0.1636 slip=-0.0740 d=(0.16730,-0.04671) av=(0,-0.228191,0)
in=(0,255,255,0) steer=-1.000 gnd=4.0 sp=3755.29 horiz=3752.04 velH=-0.1951 bodyH=-0.1211 slip=-0.0741 d=(0.16926,-0.03960) av=(0,-0.228365,0)
in=(0,255,255,0) steer=-1.000 gnd=4.0 sp=3758.03 horiz=3754.76 velH=-0.1527 bodyH=-0.0786 slip=-0.0741 d=(0.17092,-0.03241) av=(0,-0.228533,0)
in=(0,255,255,0) steer=-1.000 gnd=4.0 sp=3760.67 horiz=3757.40 velH=-0.1103 bodyH=-0.0361 slip=-0.0742 d=(0.17226,-0.02515) av=(0,-0.228696,0)
in=(0,255,255,0) steer=-1.000 gnd=4.0 sp=3763.22 horiz=3759.94 velH=-0.0678 bodyH=0.0064 slip=-0.0743 d=(0.17330,-0.01783) av=(0,-0.228854,0)
in=(0,255,255,0) steer=-1.000 gnd=4.0 sp=3765.68 horiz=3762.40 velH=-0.0254 bodyH=0.0490 slip=-0.0743 d=(0.17401,-0.01047) av=(0,-0.229007,0)
in=(0,255,255,0) steer=-1.000 gnd=4.0 sp=3768.06 horiz=3764.78 velH=0.0171 bodyH=0.0915 slip=-0.0744 d=(0.17441,-0.00308) av=(0,-0.229155,0)
in=(0,255,255,0) steer=-1.000 gnd=4.0 sp=3770.36 horiz=3767.07 velH=0.0595 bodyH=0.1340 slip=-0.0744 d=(0.17450,0.00433) av=(0,-0.229298,0)
in=(0,255,255,0) steer=-1.000 gnd=4.0 sp=3772.58 horiz=3769.29 velH=0.1020 bodyH=0.1765 slip=-0.0745 d=(0.17426,0.01174) av=(0,-0.229437,0)
in=(0,255,255,0) steer=-1.000 gnd=4.0 sp=3774.73 horiz=3771.43 velH=0.1444 bodyH=0.2190 slip=-0.0745 d=(0.17371,0.01913) av=(0,-0.229571,0)
in=(0,255,255,0) steer=-1.000 gnd=4.0 sp=3776.80 horiz=3773.50 velH=0.1869 bodyH=0.2615 slip=-0.0746 d=(0.17284,0.02650) av=(0,-0.229701,0)
in=(0,255,255,0) steer=-1.000 gnd=4.0 sp=3778.81 horiz=3775.50 velH=0.2293 bodyH=0.3040 slip=-0.0746 d=(0.17165,0.03383) av=(0,-0.229826,0)
in=(0,255,255,0) steer=-1.000 gnd=4.0 sp=3780.74 horiz=3777.43 velH=0.2718 bodyH=0.3465 slip=-0.0747 d=(0.17015,0.04111) av=(0,-0.229948,0)
in=(0,255,255,0) steer=-1.000 gnd=4.0 sp=3782.61 horiz=3779.29 velH=0.3142 bodyH=0.3890 slip=-0.0747 d=(0.16834,0.04832) av=(0,-0.230066,0)
in=(0,255,255,0) steer=-1.000 gnd=4.0 sp=3784.41 horiz=3781.09 velH=0.3567 bodyH=0.4315 slip=-0.0748 d=(0.16621,0.05544) av=(0,-0.23018,0)
in=(0,255,255,0) steer=-1.000 gnd=4.0 sp=3786.15 horiz=3782.83 velH=0.3991 bodyH=0.4740 slip=-0.0748 d=(0.16379,0.06248) av=(0,-0.23029,0)
in=(0,255,255,0) steer=-1.000 gnd=4.0 sp=3787.83 horiz=3784.51 velH=0.4416 bodyH=0.5165 slip=-0.0749 d=(0.16106,0.06941) av=(0,-0.230396,0)
in=(0,255,255,0) steer=-1.000 gnd=4.0 sp=3789.46 horiz=3786.13 velH=0.4841 bodyH=0.5590 slip=-0.0749 d=(0.15804,0.07621) av=(0,-0.230499,0)
in=(0,255,255,0) steer=-1.000 gnd=4.0 sp=3791.03 horiz=3787.69 velH=0.5265 bodyH=0.6015 slip=-0.0750 d=(0.15473,0.08289) av=(0,-0.230599,0)
in=(0,255,255,0) steer=-1.000 gnd=4.0 sp=3792.54 horiz=3789.20 velH=0.5690 bodyH=0.6440 slip=-0.0750 d=(0.15113,0.08942) av=(0,-0.230695,0)
in=(0,255,255,0) steer=-1.000 gnd=4.0 sp=3794.01 horiz=3790.66 velH=0.6115 bodyH=0.6865 slip=-0.0750 d=(0.14726,0.09579) av=(0,-0.230788,0)
in=(0,255,255,0) steer=-1.000 gnd=4.0 sp=3795.42 horiz=3792.07 velH=0.6539 bodyH=0.7290 slip=-0.0751 d=(0.14311,0.10200) av=(0,-0.230879,0)
in=(0,255,255,0) steer=-1.000 gnd=4.0 sp=3796.78 horiz=3793.43 velH=0.6964 bodyH=0.7715 slip=-0.0751 d=(0.13871,0.10802) av=(0,-0.230966,0)
in=(0,255,255,0) steer=-1.000 gnd=4.0 sp=1948.45 horiz=1948.28 velH=1.7419 bodyH=1.7612 slip=-0.0193 d=(-0.01342,0.08755) av=(0,-0.198889,0)
in=(0,255,255,0) steer=-1.000 gnd=4.0 sp=1996.62 horiz=1996.21 velH=1.7733 bodyH=1.8037 slip=-0.0304 d=(-0.01600,0.08944) av=(0,-0.180224,0)
in=(0,255,255,0) steer=-1.000 gnd=4.0 sp=2043.16 horiz=2042.54 velH=1.8093 bodyH=1.8462 slip=-0.0369 d=(-0.01934,0.09103) av=(0,-0.171328,0)
in=(0,255,255,0) steer=-1.000 gnd=4.0 sp=2088.34 horiz=2087.57 velH=1.8477 bodyH=1.8887 slip=-0.0410 d=(-0.02317,0.09234) av=(0,-0.167046,0)
in=(0,255,255,0) steer=-1.000 gnd=4.0 sp=2132.40 horiz=2131.52 velH=1.8876 bodyH=1.9312 slip=-0.0436 d=(-0.02731,0.09336) av=(0,-0.165795,0)
in=(0,255,255,0) steer=-1.000 gnd=4.0 sp=2175.49 horiz=2174.52 velH=1.9284 bodyH=1.9737 slip=-0.0453 d=(-0.03167,0.09411) av=(0,-0.165962,0)
in=(0,255,255,0) steer=-1.000 gnd=4.0 sp=2217.70 horiz=2216.67 velH=1.9696 bodyH=2.0162 slip=-0.0466 d=(-0.03619,0.09460) av=(0,-0.166771,0)
in=(0,255,255,0) steer=-1.000 gnd=4.0 sp=2259.10 horiz=2258.02 velH=2.0111 bodyH=2.0587 slip=-0.0477 d=(-0.04083,0.09481) av=(0,-0.167857,0)
in=(0,255,255,0) steer=-1.000 gnd=4.0 sp=2299.72 horiz=2298.58 velH=2.0527 bodyH=2.1012 slip=-0.0485 d=(-0.04556,0.09475) av=(0,-0.169047,0)
in=(0,255,255,0) steer=-1.000 gnd=4.0 sp=2339.58 horiz=2338.39 velH=2.0945 bodyH=2.1437 slip=-0.0492 d=(-0.05035,0.09442) av=(0,-0.170265,0)
in=(0,255,255,0) steer=-1.000 gnd=4.0 sp=2378.68 horiz=2377.45 velH=2.1363 bodyH=2.1862 slip=-0.0499 d=(-0.05518,0.09382) av=(0,-0.17148,0)
in=(0,255,255,0) steer=-1.000 gnd=4.0 sp=2417.04 horiz=2415.77 velH=2.1782 bodyH=2.2287 slip=-0.0505 d=(-0.06003,0.09295) av=(0,-0.172679,0)
in=(0,255,255,0) steer=-1.000 gnd=4.0 sp=2454.67 horiz=2453.35 velH=2.2201 bodyH=2.2712 slip=-0.0511 d=(-0.06489,0.09180) av=(0,-0.173859,0)
