reseed=1 in=(0,0,255,0) steer=+0.000 gnd=4.0 sp=13.27 horiz=13.27 velH=1.5498 bodyH=1.5498 slip=+0.0000 d=(0.00000,0.00015) av=(0,0,0)
reseed=0 in=(0,0,255,0) steer=+0.000 gnd=4.0 sp=27.07 horiz=27.07 velH=1.5498 bodyH=1.5498 slip=+0.0000 d=(0.00002,0.00077) av=(0,0,0)
reseed=0 in=(0,0,255,0) steer=+0.000 gnd=4.0 sp=41.69 horiz=41.69 velH=1.5498 bodyH=1.5498 slip=+0.0000 d=(0.00003,0.00142) av=(0,0,0)
reseed=0 in=(0,0,255,0) steer=+0.000 gnd=4.0 sp=57.17 horiz=57.17 velH=1.5498 bodyH=1.5498 slip=+0.0000 d=(0.00004,0.00211) av=(0,0,0)
reseed=0 in=(0,0,255,0) steer=+0.000 gnd=4.0 sp=73.57 horiz=73.57 velH=1.5498 bodyH=1.5498 slip=+0.0000 d=(0.00006,0.00284) av=(0,0,0)
reseed=0 in=(0,0,255,0) steer=+0.000 gnd=4.0 sp=90.93 horiz=90.93 velH=1.5498 bodyH=1.5498 slip=+0.0000 d=(0.00008,0.00361) av=(0,0,0)
reseed=0 in=(0,0,255,0) steer=+0.000 gnd=4.0 sp=109.32 horiz=109.32 velH=1.5498 bodyH=1.5498 slip=+0.0000 d=(0.00009,0.00442) av=(0,0,0)
reseed=0 in=(0,0,255,0) steer=+0.000 gnd=4.0 sp=128.78 horiz=128.78 velH=1.5498 bodyH=1.5498 slip=+0.0000 d=(0.00011,0.00529) av=(0,1.21279e-16,0)
reseed=0 in=(0,0,255,0) steer=+0.000 gnd=4.0 sp=149.38 horiz=149.38 velH=1.5498 bodyH=1.5498 slip=+0.0000 d=(0.00013,0.00620) av=(0,1.02843e-16,0)
reseed=0 in=(0,0,255,0) steer=+0.000 gnd=4.0 sp=171.18 horiz=171.18 velH=1.5498 bodyH=1.5498 slip=+0.0000 d=(0.00015,0.00717) av=(0,0,0)
reseed=0 in=(0,0,255,0) steer=+0.000 gnd=4.0 sp=194.24 horiz=194.24 velH=1.5498 bodyH=1.5498 slip=+0.0000 d=(0.00017,0.00820) av=(0,0,0)
reseed=0 in=(0,0,255,0) steer=+0.000 gnd=4.0 sp=218.64 horiz=218.64 velH=1.5498 bodyH=1.5498 slip=+0.0000 d=(0.00020,0.00928) av=(0,0,0)
reseed=0 in=(0,0,255,0) steer=+0.000 gnd=4.0 sp=244.45 horiz=244.45 velH=1.5498 bodyH=1.5498 slip=+0.0000 d=(0.00022,0.01043) av=(0,8.82359e-16,0)
reseed=0 in=(0,0,255,0) steer=+0.000 gnd=4.0 sp=265.07 horiz=265.07 velH=1.5498 bodyH=1.5498 slip=+0.0000 d=(0.00024,0.01164) av=(0,0,0)
reseed=0 in=(0,0,255,0) steer=+0.000 gnd=4.0 sp=280.02 horiz=280.02 velH=1.5498 bodyH=1.5498 slip=+0.0000 d=(0.00026,0.01245) av=(0,0,0)
reseed=0 in=(0,0,255,0) steer=+0.000 gnd=4.0 sp=295.83 horiz=295.83 velH=1.5498 bodyH=1.5498 slip=+0.0000 d=(0.00028,0.01316) av=(0,3.7709e-16,0)
reseed=0 in=(0,0,255,0) steer=+0.000 gnd=4.0 sp=312.53 horiz=312.53 velH=1.5498 bodyH=1.5498 slip=+0.0000 d=(0.00029,0.01390) av=(0,0,0)
reseed=0 in=(0,0,255,0) steer=+0.000 gnd=4.0 sp=330.19 horiz=330.19 velH=1.5498 bodyH=1.5498 slip=+0.0000 d=(0.00031,0.01468) av=(0,0,0)
reseed=0 in=(0,0,255,0) steer=+0.000 gnd=4.0 sp=348.84 horiz=348.84 velH=1.5498 bodyH=1.5498 slip=+0.0000 d=(0.00033,0.01551) av=(0,5.14213e-16,0)
reseed=0 in=(0,0,255,0) steer=+0.000 gnd=4.0 sp=368.55 horiz=368.55 velH=1.5498 bodyH=1.5498 slip=+0.0000 d=(0.00034,0.01639) av=(0,4.74573e-17,0)
reseed=0 in=(0,0,255,0) steer=+0.000 gnd=4.0 sp=389.37 horiz=389.37 velH=1.5498 bodyH=1.5498 slip=+0.0000 d=(0.00036,0.01732) av=(0,6.51337e-16,0)
reseed=0 in=(0,0,255,0) steer=+0.000 gnd=4.0 sp=411.36 horiz=411.36 velH=1.5498 bodyH=1.5498 slip=+0.0000 d=(0.00038,0.01829) av=(0,2.97312e-16,0)
reseed=0 in=(0,0,255,0) steer=+0.000 gnd=4.0 sp=434.58 horiz=434.58 velH=1.5498 bodyH=1.5498 slip=+0.0000 d=(0.00041,0.01933) av=(0,0,0)
reseed=0 in=(0,0,255,0) steer=+0.000 gnd=4.0 sp=459.10 horiz=459.10 velH=1.5498 bodyH=1.5498 slip=+0.0000 d=(0.00043,0.02042) av=(0,1.84814e-14,0)
reseed=0 in=(0,0,255,0) steer=+0.000 gnd=4.0 sp=484.98 horiz=484.98 velH=1.5498 bodyH=1.5498 slip=+0.0000 d=(0.00045,0.02157) av=(0,4.01337e-16,0)
reseed=0 in=(0,0,255,0) steer=+0.000 gnd=4.0 sp=512.29 horiz=512.29 velH=1.5498 bodyH=1.5498 slip=+0.0000 d=(0.00048,0.02278) av=(0,1.09699e-15,0)
reseed=0 in=(0,0,255,0) steer=+0.000 gnd=4.0 sp=541.11 horiz=541.11 velH=1.5498 bodyH=1.5498 slip=+0.0000 d=(0.00051,0.02407) av=(0,1.77113e-14,0)
reseed=0 in=(0,0,255,0) steer=+0.000 gnd=4.0 sp=571.51 horiz=571.51 velH=1.5498 bodyH=1.5498 slip=+0.0000 d=(0.00053,0.02542) av=(0,0,0)
reseed=0 in=(0,0,255,0) steer=+0.000 gnd=4.0 sp=603.57 horiz=603.57 velH=1.5498 bodyH=1.5498 slip=+0.0000 d=(0.00056,0.02685) av=(0,2.61833e-14,0)
reseed=0 in=(0,0,255,0) steer=+0.000 gnd=4.0 sp=637.37 horiz=637.37 velH=1.5498 bodyH=1.5498 slip=+0.0000 d=(0.00060,0.02835) av=(0,1.71404e-15,0)
reseed=0 in=(0,0,255,0) steer=+0.000 gnd=4.0 sp=673.00 horiz=673.00 velH=1.5498 bodyH=1.5498 slip=+0.0000 d=(0.00063,0.02994) av=(0,0,0)
reseed=0 in=(0,0,255,0) steer=+0.000 gnd=4.0 sp=710.54 horiz=710.54 velH=1.5498 bodyH=1.5498 slip=+0.0000 d=(0.00066,0.03161) av=(0,2.12542e-15,0)
reseed=0 in=(0,0,255,0) steer=+0.000 gnd=4.0 sp=750.09 horiz=750.09 velH=1.5498 bodyH=1.5498 slip=+0.0000 d=(0.00070,0.03338) av=(0,6.85618e-17,0)
reseed=0 in=(0,0,255,0) steer=+0.000 gnd=4.0 sp=791.74 horiz=791.74 velH=1.5498 bodyH=1.5498 slip=+0.0000 d=(0.00074,0.03523) av=(0,1.2031e-16,0)
reseed=0 in=(0,0,255,0) steer=+0.000 gnd=4.0 sp=835.58 horiz=835.58 velH=1.5498 bodyH=1.5498 slip=+0.0000 d=(0.00078,0.03719) av=(0,3.31823e-15,0)
reseed=0 in=(0,0,255,0) steer=+0.000 gnd=4.0 sp=881.72 horiz=881.72 velH=1.5498 bodyH=1.5498 slip=+0.0000 d=(0.00082,0.03925) av=(0,1.02843e-16,0)
reseed=0 in=(0,0,255,0) steer=+0.000 gnd=4.0 sp=930.26 horiz=930.26 velH=1.5498 bodyH=1.5498 slip=+0.0000 d=(0.00087,0.04141) av=(0,1.4406e-13,0)
reseed=0 in=(0,0,255,0) steer=+0.000 gnd=4.0 sp=981.30 horiz=981.30 velH=1.5498 bodyH=1.5498 slip=+0.0000 d=(0.00092,0.04369) av=(0,4.04515e-15,0)
reseed=0 in=(0,0,255,0) steer=+0.000 gnd=4.0 sp=1034.95 horiz=1034.95 velH=1.5498 bodyH=1.5498 slip=+0.0000 d=(0.00097,0.04608) av=(0,1.37124e-16,0)
reseed=0 in=(0,0,255,0) steer=+0.000 gnd=4.0 sp=1091.31 horiz=1091.31 velH=1.5498 bodyH=1.5498 slip=+0.0000 d=(0.00102,0.04860) av=(0,0,0)
reseed=0 in=(0,0,255,0) steer=+0.000 gnd=4.0 sp=1150.32 horiz=1150.32 velH=1.5498 bodyH=1.5498 slip=+0.0000 d=(0.00108,0.05124) av=(0,1.22779e-14,0)
reseed=0 in=(0,0,255,0) steer=+0.000 gnd=4.0 sp=1209.69 horiz=1209.69 velH=1.5498 bodyH=1.5498 slip=+0.0000 d=(0.00113,0.05399) av=(0,0,0)
reseed=0 in=(0,0,255,0) steer=+0.000 gnd=4.0 sp=1268.78 horiz=1268.78 velH=1.5498 bodyH=1.5498 slip=+0.0000 d=(0.00119,0.05674) av=(0,0,0)
reseed=0 in=(0,0,255,0) steer=+0.000 gnd=4.0 sp=1327.58 horiz=1327.58 velH=1.5498 bodyH=1.5498 slip=+0.0000 d=(0.00125,0.05947) av=(0,3.56782e-13,0)
reseed=0 in=(0,0,255,0) steer=+0.000 gnd=4.0 sp=1386.06 horiz=1386.06 velH=1.5498 bodyH=1.5498 slip=+0.0000 d=(0.00131,0.06219) av=(0,0,0)
reseed=0 in=(0,0,255,0) steer=+0.000 gnd=4.0 sp=1444.19 horiz=1444.19 velH=1.5498 bodyH=1.5498 slip=+0.0000 d=(0.00136,0.06490) av=(0,6.20484e-15,0)
reseed=0 in=(0,0,255,0) steer=+0.000 gnd=4.0 sp=1501.94 horiz=1501.94 velH=1.5498 bodyH=1.5498 slip=+0.0000 d=(0.00142,0.06759) av=(0,4.57168e-13,0)
reseed=0 in=(0,0,255,0) steer=+0.000 gnd=4.0 sp=1559.30 horiz=1559.30 velH=1.5498 bodyH=1.5498 slip=+0.0000 d=(0.00148,0.07026) av=(0,6.64931e-16,0)
reseed=0 in=(0,0,255,0) steer=+0.000 gnd=4.0 sp=1616.23 horiz=1616.23 velH=1.5498 bodyH=1.5498 slip=+0.0000 d=(0.00153,0.07291) av=(0,5.27642e-13,0)
reseed=0 in=(0,0,255,0) steer=+0.000 gnd=4.0 sp=1672.71 horiz=1672.71 velH=1.5498 bodyH=1.5498 slip=+0.0000 d=(0.00159,0.07555) av=(0,7.16471e-15,0)
reseed=0 in=(0,0,255,0) steer=+0.000 gnd=4.0 sp=1728.73 horiz=1728.73 velH=1.5498 bodyH=1.5498 slip=+0.0000 d=(0.00164,0.07816) av=(0,0,0)
reseed=0 in=(0,0,255,0) steer=+0.000 gnd=4.0 sp=1784.25 horiz=1784.25 velH=1.5498 bodyH=1.5498 slip=+0.0000 d=(0.00170,0.08075) av=(0,0,0)
reseed=0 in=(0,0,255,0) steer=+0.000 gnd=4.0 sp=1839.26 horiz=1839.26 velH=1.5498 bodyH=1.5498 slip=+0.0000 d=(0.00175,0.08331) av=(0,6.84076e-13,0)
reseed=0 in=(0,0,255,0) steer=+0.000 gnd=4.0 sp=1893.73 horiz=1893.73 velH=1.5498 bodyH=1.5498 slip=+0.0000 d=(0.00180,0.08586) av=(0,2.934e-14,0)
reseed=0 in=(0,0,255,0) steer=+0.000 gnd=4.0 sp=1947.65 horiz=1947.65 velH=1.5498 bodyH=1.5498 slip=+0.0000 d=(0.00186,0.08837) av=(0,7.70087e-13,0)
reseed=0 in=(0,0,255,0) steer=+0.000 gnd=4.0 sp=2001.01 horiz=2001.01 velH=1.5498 bodyH=1.5498 slip=+0.0000 d=(0.00191,0.09087) av=(0,8.08607e-13,0)
reseed=0 in=(0,0,255,0) steer=+0.000 gnd=4.0 sp=2053.77 horiz=2053.77 velH=1.5498 bodyH=1.5498 slip=+0.0000 d=(0.00196,0.09333) av=(0,8.54702e-13,0)
reseed=0 in=(0,0,255,0) steer=+0.000 gnd=4.0 sp=2105.93 horiz=2105.93 velH=1.5498 bodyH=1.5498 slip=+0.0000 d=(0.00201,0.09577) av=(0,8.95324e-13,0)
reseed=0 in=(0,0,255,0) steer=+0.000 gnd=4.0 sp=2157.47 horiz=2157.47 velH=1.5498 bodyH=1.5498 slip=+0.0000 d=(0.00206,0.09818) av=(0,0,0)
reseed=0 in=(128,0,255,0) steer=+0.500 gnd=4.0 sp=2207.45 horiz=2207.39 velH=1.5381 bodyH=1.5284 slip=+0.0097 d=(0.00232,0.10055) av=(0,0.0412607,0)
reseed=0 in=(128,0,255,0) steer=+0.500 gnd=4.0 sp=2256.40 horiz=2256.27 velH=1.5220 bodyH=1.5071 slip=+0.0149 d=(0.00367,0.10281) av=(0,0.0627907,0)
reseed=0 in=(128,0,255,0) steer=+0.500 gnd=4.0 sp=2304.39 horiz=2304.21 velH=1.5036 bodyH=1.4858 slip=+0.0178 d=(0.00549,0.10499) av=(0,0.07467,0)
reseed=0 in=(128,0,255,0) steer=+0.500 gnd=4.0 sp=2351.52 horiz=2351.31 velH=1.4839 bodyH=1.4644 slip=+0.0194 d=(0.00761,0.10707) av=(0,0.0813284,0)
reseed=0 in=(128,0,255,0) steer=+0.500 gnd=4.0 sp=2397.85 horiz=2397.61 velH=1.4635 bodyH=1.4431 slip=+0.0204 d=(0.00993,0.10907) av=(0,0.0851351,0)
reseed=0 in=(128,0,255,0) steer=+0.500 gnd=4.0 sp=2443.42 horiz=2443.16 velH=1.4428 bodyH=1.4218 slip=+0.0210 d=(0.01239,0.11096) av=(0,0.0873738,0)
reseed=0 in=(128,0,255,0) steer=+0.500 gnd=4.0 sp=2488.24 horiz=2487.96 velH=1.4219 bodyH=1.4004 slip=+0.0215 d=(0.01497,0.11277) av=(0,0.0887458,0)
reseed=0 in=(128,0,255,0) steer=+0.500 gnd=4.0 sp=2532.33 horiz=2532.04 velH=1.4008 bodyH=1.3791 slip=+0.0218 d=(0.01764,0.11447) av=(0,0.0896365,0)
reseed=0 in=(128,0,255,0) steer=+0.500 gnd=4.0 sp=2575.69 horiz=2575.39 velH=1.3798 bodyH=1.3577 slip=+0.0220 d=(0.02040,0.11608) av=(0,0.0902585,0)
reseed=0 in=(128,0,255,0) steer=+0.500 gnd=4.0 sp=2618.32 horiz=2618.01 velH=1.3586 bodyH=1.3364 slip=+0.0222 d=(0.02323,0.11759) av=(0,0.0907294,0)
reseed=0 in=(128,0,255,0) steer=+0.500 gnd=4.0 sp=2660.22 horiz=2659.90 velH=1.3375 bodyH=1.3151 slip=+0.0224 d=(0.02613,0.11899) av=(0,0.0911145,0)
reseed=0 in=(128,0,255,0) steer=+0.500 gnd=4.0 sp=2701.39 horiz=2701.06 velH=1.3163 bodyH=1.2937 slip=+0.0226 d=(0.02909,0.12029) av=(0,0.0914498,0)
reseed=0 in=(128,0,255,0) steer=+0.500 gnd=4.0 sp=2741.83 horiz=2741.49 velH=1.2951 bodyH=1.2724 slip=+0.0227 d=(0.03212,0.12149) av=(0,0.0917555,0)
reseed=0 in=(128,0,255,0) steer=+0.500 gnd=4.0 sp=2781.54 horiz=2781.19 velH=1.2739 bodyH=1.2511 slip=+0.0229 d=(0.03520,0.12257) av=(0,0.092043,0)
reseed=0 in=(128,0,255,0) steer=+0.500 gnd=4.0 sp=2820.52 horiz=2820.16 velH=1.2527 bodyH=1.2297 slip=+0.0230 d=(0.03833,0.12355) av=(0,0.0923182,0)
reseed=0 in=(128,0,255,0) steer=+0.500 gnd=4.0 sp=2858.77 horiz=2858.41 velH=1.2316 bodyH=1.2084 slip=+0.0232 d=(0.04151,0.12441) av=(0,0.0925849,0)
reseed=0 in=(128,0,255,0) steer=+0.500 gnd=4.0 sp=2896.29 horiz=2895.92 velH=1.2104 bodyH=1.1871 slip=+0.0233 d=(0.04473,0.12517) av=(0,0.0928449,0)
reseed=0 in=(128,0,255,0) steer=+0.500 gnd=4.0 sp=2933.09 horiz=2932.71 velH=1.1891 bodyH=1.1657 slip=+0.0234 d=(0.04799,0.12581) av=(0,0.0930993,0)
reseed=0 in=(128,0,255,0) steer=+0.500 gnd=4.0 sp=2969.16 horiz=2968.78 velH=1.1679 bodyH=1.1444 slip=+0.0236 d=(0.05128,0.12633) av=(0,0.0933488,0)
reseed=0 in=(128,0,255,0) steer=+0.500 gnd=4.0 sp=3004.52 horiz=3004.12 velH=1.1467 bodyH=1.1230 slip=+0.0237 d=(0.05461,0.12675) av=(0,0.0935936,0)
reseed=0 in=(128,0,255,0) steer=+0.500 gnd=4.0 sp=3039.16 horiz=3038.75 velH=1.1255 bodyH=1.1017 slip=+0.0238 d=(0.05796,0.12704) av=(0,0.0938341,0)
reseed=0 in=(128,0,255,0) steer=+0.500 gnd=4.0 sp=3073.08 horiz=3072.67 velH=1.1043 bodyH=1.0804 slip=+0.0239 d=(0.06133,0.12722) av=(0,0.0940702,0)
reseed=0 in=(128,0,255,0) steer=+0.500 gnd=4.0 sp=3106.30 horiz=3105.89 velH=1.0831 bodyH=1.0590 slip=+0.0240 d=(0.06473,0.12729) av=(0,0.0943021,0)
reseed=0 in=(128,0,255,0) steer=+0.500 gnd=4.0 sp=3138.83 horiz=3138.40 velH=1.0619 bodyH=1.0377 slip=+0.0242 d=(0.06814,0.12724) av=(0,0.0945298,0)
reseed=0 in=(128,0,255,0) steer=+0.500 gnd=4.0 sp=3170.65 horiz=3170.22 velH=1.0406 bodyH=1.0164 slip=+0.0243 d=(0.07156,0.12707) av=(0,0.0947533,0)
reseed=0 in=(128,0,255,0) steer=+0.500 gnd=4.0 sp=3201.79 horiz=3201.35 velH=1.0194 bodyH=0.9950 slip=+0.0244 d=(0.07498,0.12678) av=(0,0.0949727,0)
reseed=1 in=(128,0,255,0) steer=+0.500 gnd=4.0 sp=1656.63 horiz=1656.60 velH=1.7000 bodyH=1.6914 slip=+0.0087 d=(-0.01041,0.07412) av=(0,0.0858954,0)
reseed=0 in=(128,0,255,0) steer=+0.500 gnd=4.0 sp=1711.66 horiz=1711.58 velH=1.6833 bodyH=1.6700 slip=+0.0133 d=(-0.00973,0.07680) av=(0,0.0850976,0)
reseed=0 in=(128,0,255,0) steer=+0.500 gnd=4.0 sp=1766.00 horiz=1765.89 velH=1.6645 bodyH=1.6487 slip=+0.0158 d=(-0.00869,0.07948) av=(0,0.0849109,0)
reseed=0 in=(128,0,255,0) steer=+0.500 gnd=4.0 sp=1819.70 horiz=1819.56 velH=1.6447 bodyH=1.6274 slip=+0.0173 d=(-0.00740,0.08214) av=(0,0.0852099,0)
reseed=0 in=(128,0,255,0) steer=+0.500 gnd=4.0 sp=1872.77 horiz=1872.61 velH=1.6242 bodyH=1.6060 slip=+0.0182 d=(-0.00593,0.08474) av=(0,0.0856516,0)
reseed=0 in=(128,0,255,0) steer=+0.500 gnd=4.0 sp=1925.24 horiz=1925.07 velH=1.6035 bodyH=1.5847 slip=+0.0188 d=(-0.00432,0.08729) av=(0,0.0861089,0)
reseed=0 in=(128,0,255,0) steer=+0.500 gnd=4.0 sp=1977.10 horiz=1976.91 velH=1.5826 bodyH=1.5634 slip=+0.0192 d=(-0.00257,0.08979) av=(0,0.0865423,0)
reseed=0 in=(128,0,255,0) steer=+0.500 gnd=4.0 sp=2028.34 horiz=2028.14 velH=1.5616 bodyH=1.5420 slip=+0.0196 d=(-0.00072,0.09222) av=(0,0.0869454,0)
reseed=0 in=(128,0,255,0) steer=+0.500 gnd=4.0 sp=2078.95 horiz=2078.75 velH=1.5406 bodyH=1.5207 slip=+0.0199 d=(0.00125,0.09458) av=(0,0.0873223,0)
reseed=0 in=(128,0,255,0) steer=+0.500 gnd=4.0 sp=2128.93 horiz=2128.71 velH=1.5195 bodyH=1.4994 slip=+0.0202 d=(0.00332,0.09687) av=(0,0.087679,0)
reseed=0 in=(128,0,255,0) steer=+0.500 gnd=4.0 sp=2178.26 horiz=2178.03 velH=1.4984 bodyH=1.4780 slip=+0.0204 d=(0.00549,0.09908) av=(0,0.0880209,0)
reseed=0 in=(128,0,255,0) steer=+0.500 gnd=4.0 sp=2226.92 horiz=2226.69 velH=1.4773 bodyH=1.4567 slip=+0.0206 d=(0.00775,0.10122) av=(0,0.0883518,0)
reseed=0 in=(128,0,255,0) steer=+0.500 gnd=4.0 sp=2274.92 horiz=2274.68 velH=1.4562 bodyH=1.4353 slip=+0.0208 d=(0.01010,0.10327) av=(0,0.0886744,0)
reseed=0 in=(128,0,255,0) steer=+0.500 gnd=4.0 sp=2322.24 horiz=2321.98 velH=1.4351 bodyH=1.4140 slip=+0.0211 d=(0.01254,0.10523) av=(0,0.0889904,0)
reseed=0 in=(128,0,255,0) steer=+0.500 gnd=4.0 sp=2368.86 horiz=2368.60 velH=1.4139 bodyH=1.3927 slip=+0.0213 d=(0.01507,0.10711) av=(0,0.0893008,0)
reseed=0 in=(128,0,255,0) steer=+0.500 gnd=4.0 sp=2414.79 horiz=2414.52 velH=1.3928 bodyH=1.3713 slip=+0.0214 d=(0.01767,0.10889) av=(0,0.0896063,0)
reseed=0 in=(128,0,255,0) steer=+0.500 gnd=4.0 sp=2460.02 horiz=2459.74 velH=1.3716 bodyH=1.3500 slip=+0.0216 d=(0.02035,0.11058) av=(0,0.0899072,0)
reseed=0 in=(128,0,255,0) steer=+0.500 gnd=4.0 sp=2504.54 horiz=2504.25 velH=1.3505 bodyH=1.3287 slip=+0.0218 d=(0.02311,0.11217) av=(0,0.0902038,0)
reseed=0 in=(128,0,255,0) steer=+0.500 gnd=4.0 sp=2548.34 horiz=2548.04 velH=1.3293 bodyH=1.3073 slip=+0.0220 d=(0.02593,0.11366) av=(0,0.0904962,0)
reseed=1 in=(128,0,255,0) steer=+0.500 gnd=4.0 sp=1332.19 horiz=1332.18 velH=1.7358 bodyH=1.7297 slip=+0.0060 d=(-0.01038,0.05882) av=(0,0.0823883,0)
reseed=0 in=(128,0,255,0) steer=+0.500 gnd=4.0 sp=1389.74 horiz=1389.71 velH=1.7204 bodyH=1.7106 slip=+0.0098 d=(-0.01006,0.06159) av=(0,0.083403,0)
reseed=0 in=(128,0,255,0) steer=+0.500 gnd=4.0 sp=1446.80 horiz=1446.75 velH=1.7029 bodyH=1.6906 slip=+0.0123 d=(-0.00947,0.06438) av=(0,0.0840168,0)
reseed=0 in=(128,0,255,0) steer=+0.500 gnd=4.0 sp=1503.36 horiz=1503.28 velH=1.6841 bodyH=1.6698 slip=+0.0143 d=(-0.00867,0.06715) av=(0,0.0842358,0)
reseed=0 in=(128,0,255,0) steer=+0.500 gnd=4.0 sp=1559.41 horiz=1559.31 velH=1.6643 bodyH=1.6485 slip=+0.0158 d=(-0.00768,0.06990) av=(0,0.0842946,0)
reseed=0 in=(128,0,255,0) steer=+0.500 gnd=4.0 sp=1614.94 horiz=1614.83 velH=1.6439 bodyH=1.6272 slip=+0.0167 d=(-0.00651,0.07262) av=(0,0.0844032,0)
reseed=0 in=(128,0,255,0) steer=+0.500 gnd=4.0 sp=1669.97 horiz=1669.84 velH=1.6232 bodyH=1.6058 slip=+0.0174 d=(-0.00520,0.07530) av=(0,0.084678,0)
reseed=0 in=(128,0,255,0) steer=+0.500 gnd=4.0 sp=1724.48 horiz=1724.34 velH=1.6023 bodyH=1.5845 slip=+0.0179 d=(-0.00377,0.07793) av=(0,0.0850211,0)
reseed=0 in=(128,0,255,0) steer=+0.500 gnd=4.0 sp=1778.47 horiz=1778.31 velH=1.5814 bodyH=1.5631 slip=+0.0183 d=(-0.00221,0.08052) av=(0,0.0853834,0)
reseed=0 in=(128,0,255,0) steer=+0.500 gnd=4.0 sp=1831.90 horiz=1831.74 velH=1.5604 bodyH=1.5418 slip=+0.0186 d=(-0.00054,0.08304) av=(0,0.0857461,0)
reseed=0 in=(128,0,255,0) steer=+0.500 gnd=4.0 sp=1884.77 horiz=1884.60 velH=1.5394 bodyH=1.5205 slip=+0.0189 d=(0.00124,0.08550) av=(0,0.0861034,0)
reseed=0 in=(128,0,255,0) steer=+0.500 gnd=4.0 sp=1937.07 horiz=1936.89 velH=1.5184 bodyH=1.4991 slip=+0.0192 d=(0.00312,0.08790) av=(0,0.0864538,0)
reseed=0 in=(128,0,255,0) steer=+0.500 gnd=4.0 sp=1988.76 horiz=1988.58 velH=1.4973 bodyH=1.4778 slip=+0.0195 d=(0.00511,0.09023) av=(0,0.0867976,0)
reseed=0 in=(128,0,255,0) steer=+0.500 gnd=4.0 sp=2039.85 horiz=2039.65 velH=1.4762 bodyH=1.4565 slip=+0.0198 d=(0.00719,0.09248) av=(0,0.0871356,0)
reseed=0 in=(128,0,255,0) steer=+0.500 gnd=4.0 sp=2090.32 horiz=2090.11 velH=1.4551 bodyH=1.4351 slip=+0.0200 d=(0.00937,0.09466) av=(0,0.0874684,0)
reseed=0 in=(128,0,255,0) steer=+0.500 gnd=4.0 sp=2140.15 horiz=2139.93 velH=1.4340 bodyH=1.4138 slip=+0.0202 d=(0.01164,0.09675) av=(0,0.0877964,0)
reseed=0 in=(128,0,255,0) steer=+0.500 gnd=4.0 sp=2189.32 horiz=2189.10 velH=1.4129 bodyH=1.3924 slip=+0.0205 d=(0.01400,0.09876) av=(0,0.08812,0)
reseed=0 in=(128,0,255,0) steer=+0.500 gnd=4.0 sp=2237.84 horiz=2237.60 velH=1.3918 bodyH=1.3711 slip=+0.0207 d=(0.01645,0.10069) av=(0,0.0884394,0)
reseed=0 in=(128,0,255,0) steer=+0.500 gnd=4.0 sp=2285.68 horiz=2285.44 velH=1.3707 bodyH=1.3498 slip=+0.0209 d=(0.01898,0.10252) av=(0,0.0887547,0)
reseed=1 in=(128,0,255,0) steer=+0.500 gnd=4.0 sp=1201.53 horiz=1201.53 velH=1.7745 bodyH=1.7700 slip=+0.0045 d=(-0.01134,0.05243) av=(0,0.0812735,0)
reseed=0 in=(128,0,255,0) steer=+0.500 gnd=4.0 sp=1259.86 horiz=1259.84 velH=1.7601 bodyH=1.7527 slip=+0.0075 d=(-0.01123,0.05523) av=(0,0.0825946,0)
reseed=0 in=(128,0,255,0) steer=+0.500 gnd=4.0 sp=1317.80 horiz=1317.77 velH=1.7442 bodyH=1.7345 slip=+0.0096 d=(-0.01092,0.05804) av=(0,0.0835357,0)
reseed=0 in=(128,0,255,0) steer=+0.500 gnd=4.0 sp=1375.33 horiz=1375.29 velH=1.7270 bodyH=1.7156 slip=+0.0114 d=(-0.01044,0.06085) av=(0,0.0841091,0)
reseed=0 in=(128,0,255,0) steer=+0.500 gnd=4.0 sp=1432.43 horiz=1432.37 velH=1.7088 bodyH=1.6958 slip=+0.0130 d=(-0.00978,0.06366) av=(0,0.0843846,0)
reseed=0 in=(128,0,255,0) steer=+0.500 gnd=4.0 sp=1489.07 horiz=1488.99 velH=1.6897 bodyH=1.6752 slip=+0.0145 d=(-0.00897,0.06644) av=(0,0.0844235,0)
reseed=0 in=(128,0,255,0) steer=+0.500 gnd=4.0 sp=1545.22 horiz=1545.12 velH=1.6698 bodyH=1.6540 slip=+0.0158 d=(-0.00799,0.06920) av=(0,0.0843811,0)
reseed=0 in=(128,0,255,0) steer=+0.500 gnd=4.0 sp=1600.87 horiz=1600.75 velH=1.6493 bodyH=1.6326 slip=+0.0167 d=(-0.00685,0.07193) av=(0,0.0844369,0)
reseed=0 in=(128,0,255,0) steer=+0.500 gnd=4.0 sp=1656.02 horiz=1655.89 velH=1.6286 bodyH=1.6113 slip=+0.0173 d=(-0.00557,0.07462) av=(0,0.0846575,0)
reseed=0 in=(128,0,255,0) steer=+0.500 gnd=4.0 sp=1710.66 horiz=1710.52 velH=1.6078 bodyH=1.5900 slip=+0.0178 d=(-0.00415,0.07727) av=(0,0.0849704,0)
reseed=0 in=(128,0,255,0) steer=+0.500 gnd=4.0 sp=1764.77 horiz=1764.62 velH=1.5868 bodyH=1.5686 slip=+0.0182 d=(-0.00263,0.07986) av=(0,0.085316,0)
reseed=0 in=(128,0,255,0) steer=+0.500 gnd=4.0 sp=1818.35 horiz=1818.19 velH=1.5658 bodyH=1.5473 slip=+0.0185 d=(-0.00098,0.08240) av=(0,0.0856699,0)
reseed=0 in=(128,0,255,0) steer=+0.500 gnd=4.0 sp=1871.36 horiz=1871.19 velH=1.5448 bodyH=1.5260 slip=+0.0189 d=(0.00077,0.08488) av=(0,0.0860226,0)
reseed=0 in=(128,0,255,0) steer=+0.500 gnd=4.0 sp=1923.80 horiz=1923.63 velH=1.5238 bodyH=1.5046 slip=+0.0192 d=(0.00263,0.08729) av=(0,0.0863709,0)
reseed=0 in=(128,0,255,0) steer=+0.500 gnd=4.0 sp=1975.66 horiz=1975.47 velH=1.5027 bodyH=1.4833 slip=+0.0194 d=(0.00458,0.08964) av=(0,0.086714,0)
reseed=0 in=(128,0,255,0) steer=+0.500 gnd=4.0 sp=2026.90 horiz=2026.70 velH=1.4816 bodyH=1.4620 slip=+0.0197 d=(0.00664,0.09191) av=(0,0.0870521,0)
reseed=0 in=(128,0,255,0) steer=+0.500 gnd=4.0 sp=2077.53 horiz=2077.32 velH=1.4606 bodyH=1.4406 slip=+0.0199 d=(0.00880,0.09411) av=(0,0.0873853,0)
reseed=0 in=(128,0,255,0) steer=+0.500 gnd=4.0 sp=2127.52 horiz=2127.30 velH=1.4395 bodyH=1.4193 slip=+0.0202 d=(0.01105,0.09623) av=(0,0.087714,0)
reseed=0 in=(128,0,255,0) steer=+0.500 gnd=4.0 sp=2176.86 horiz=2176.64 velH=1.4184 bodyH=1.3979 slip=+0.0204 d=(0.01339,0.09826) av=(0,0.0880384,0)
reseed=0 in=(128,0,255,0) steer=+0.500 gnd=4.0 sp=2225.55 horiz=2225.31 velH=1.3972 bodyH=1.3766 slip=+0.0206 d=(0.01581,0.10021) av=(0,0.0883587,0)
reseed=0 in=(128,0,255,0) steer=+0.500 gnd=4.0 sp=2273.56 horiz=2273.32 velH=1.3761 bodyH=1.3553 slip=+0.0208 d=(0.01832,0.10207) av=(0,0.0886749,0)
reseed=0 in=(128,0,255,0) steer=+0.500 gnd=4.0 sp=2320.90 horiz=2320.64 velH=1.3550 bodyH=1.3339 slip=+0.0210 d=(0.02091,0.10383) av=(0,0.0889871,0)
reseed=1 in=(128,0,255,0) steer=+0.500 gnd=4.0 sp=1219.07 horiz=1219.07 velH=1.8398 bodyH=1.8351 slip=+0.0047 d=(-0.01497,0.05237) av=(0,0.0803798,0)
reseed=0 in=(128,0,255,0) steer=+0.500 gnd=4.0 sp=1277.30 horiz=1277.28 velH=1.8253 bodyH=1.8175 slip=+0.0078 d=(-0.01503,0.05517) av=(0,0.0821879,0)
reseed=0 in=(128,0,255,0) steer=+0.500 gnd=4.0 sp=1335.14 horiz=1335.10 velH=1.8092 bodyH=1.7991 slip=+0.0100 d=(-0.01488,0.05799) av=(0,0.0833568,0)
reseed=0 in=(128,0,255,0) steer=+0.500 gnd=4.0 sp=1392.55 horiz=1392.50 velH=1.7918 bodyH=1.7800 slip=+0.0118 d=(-0.01455,0.06083) av=(0,0.0840223,0)
reseed=0 in=(128,0,255,0) steer=+0.500 gnd=4.0 sp=1449.52 horiz=1449.45 velH=1.7734 bodyH=1.7599 slip=+0.0134 d=(-0.01405,0.06367) av=(0,0.0843207,0)
reseed=0 in=(128,0,255,0) steer=+0.500 gnd=4.0 sp=1506.01 horiz=1505.92 velH=1.7540 bodyH=1.7391 slip=+0.0149 d=(-0.01339,0.06650) av=(0,0.0843485,0)
reseed=0 in=(128,0,255,0) steer=+0.500 gnd=4.0 sp=1562.01 horiz=1561.90 velH=1.7339 bodyH=1.7178 slip=+0.0161 d=(-0.01256,0.06932) av=(0,0.0843697,0)
reseed=0 in=(128,0,255,0) steer=+0.500 gnd=4.0 sp=1617.51 horiz=1617.39 velH=1.7133 bodyH=1.6964 slip=+0.0169 d=(-0.01156,0.07211) av=(0,0.0844679,0)
reseed=0 in=(128,0,255,0) steer=+0.500 gnd=4.0 sp=1672.51 horiz=1672.38 velH=1.6926 bodyH=1.6751 slip=+0.0175 d=(-0.01043,0.07488) av=(0,0.084735,0)
reseed=0 in=(128,0,255,0) steer=+0.500 gnd=4.0 sp=1726.99 horiz=1726.85 velH=1.6717 bodyH=1.6538 slip=+0.0179 d=(-0.00917,0.07760) av=(0,0.0850667,0)
reseed=0 in=(128,0,255,0) steer=+0.500 gnd=4.0 sp=1780.95 horiz=1780.79 velH=1.6507 bodyH=1.6324 slip=+0.0183 d=(-0.00780,0.08028) av=(0,0.0854192,0)
reseed=0 in=(128,0,255,0) steer=+0.500 gnd=4.0 sp=1834.35 horiz=1834.19 velH=1.6297 bodyH=1.6111 slip=+0.0186 d=(-0.00630,0.08292) av=(0,0.0857747,0)
reseed=0 in=(128,0,255,0) steer=+0.500 gnd=4.0 sp=1887.20 horiz=1887.03 velH=1.6087 bodyH=1.5898 slip=+0.0190 d=(-0.00469,0.08550) av=(0,0.086127,0)
reseed=0 in=(128,0,255,0) steer=+0.500 gnd=4.0 sp=1939.47 horiz=1939.28 velH=1.5877 bodyH=1.5684 slip=+0.0192 d=(-0.00298,0.08802) av=(0,0.0864742,0)
reseed=0 in=(128,0,255,0) steer=+0.500 gnd=4.0 sp=1991.14 horiz=1990.95 velH=1.5666 bodyH=1.5471 slip=+0.0195 d=(-0.00116,0.09047) av=(0,0.086816,0)
reseed=0 in=(128,0,255,0) steer=+0.500 gnd=4.0 sp=2042.20 horiz=2042.00 velH=1.5455 bodyH=1.5258 slip=+0.0198 d=(0.00077,0.09287) av=(0,0.0871527,0)
reseed=0 in=(128,0,255,0) steer=+0.500 gnd=4.0 sp=2092.63 horiz=2092.42 velH=1.5244 bodyH=1.5044 slip=+0.0200 d=(0.00279,0.09519) av=(0,0.0874846,0)
reseed=0 in=(128,0,255,0) steer=+0.500 gnd=4.0 sp=2142.43 horiz=2142.21 velH=1.5033 bodyH=1.4831 slip=+0.0202 d=(0.00492,0.09743) av=(0,0.087812,0)
reseed=0 in=(128,0,255,0) steer=+0.500 gnd=4.0 sp=2191.58 horiz=2191.35 velH=1.4822 bodyH=1.4617 slip=+0.0205 d=(0.00714,0.09960) av=(0,0.0881352,0)
reseed=0 in=(128,0,255,0) steer=+0.500 gnd=4.0 sp=2240.06 horiz=2239.82 velH=1.4611 bodyH=1.4404 slip=+0.0207 d=(0.00945,0.10169) av=(0,0.0884542,0)
reseed=0 in=(128,0,255,0) steer=+0.500 gnd=4.0 sp=2287.87 horiz=2287.63 velH=1.4400 bodyH=1.4191 slip=+0.0209 d=(0.01184,0.10369) av=(0,0.0887692,0)
reseed=0 in=(128,0,255,0) steer=+0.500 gnd=4.0 sp=2335.00 horiz=2334.75 velH=1.4188 bodyH=1.3977 slip=+0.0211 d=(0.01433,0.10561) av=(0,0.0890802,0)
reseed=0 in=(128,0,255,0) steer=+0.500 gnd=4.0 sp=2381.44 horiz=2381.18 velH=1.3977 bodyH=1.3764 slip=+0.0213 d=(0.01689,0.10743) av=(0,0.0893873,0)
reseed=0 in=(128,0,255,0) steer=+0.500 gnd=4.0 sp=2427.18 horiz=2426.91 velH=1.3766 bodyH=1.3551 slip=+0.0215 d=(0.01954,0.10916) av=(0,0.0896903,0)
reseed=0 in=(128,0,255,0) steer=+0.500 gnd=4.0 sp=2472.21 horiz=2471.93 velH=1.3554 bodyH=1.3337 slip=+0.0217 d=(0.02226,0.11079) av=(0,0.0899893,0)
reseed=0 in=(128,0,255,0) steer=+0.500 gnd=4.0 sp=2516.53 horiz=2516.24 velH=1.3342 bodyH=1.3124 slip=+0.0219 d=(0.02505,0.11233) av=(0,0.0902844,0)
reseed=0 in=(128,0,255,0) steer=+0.500 gnd=4.0 sp=2560.14 horiz=2559.84 velH=1.3131 bodyH=1.2910 slip=+0.0220 d=(0.02790,0.11376) av=(0,0.0905754,0)
reseed=0 in=(128,0,255,0) steer=+0.500 gnd=4.0 sp=2603.02 horiz=2602.71 velH=1.2919 bodyH=1.2697 slip=+0.0222 d=(0.03083,0.11509) av=(0,0.0908624,0)
reseed=1 in=(128,0,255,0) steer=+0.500 gnd=4.0 sp=1359.35 horiz=1359.33 velH=2.0333 bodyH=2.0270 slip=+0.0063 d=(-0.02775,0.05431) av=(0,0.0834503,0)
reseed=0 in=(128,0,255,0) steer=+0.500 gnd=4.0 sp=1416.72 horiz=1416.68 velH=2.0177 bodyH=2.0074 slip=+0.0102 d=(-0.02823,0.05707) av=(0,0.0839646,0)
reseed=0 in=(128,0,255,0) steer=+0.500 gnd=4.0 sp=1473.57 horiz=1473.51 velH=2.0000 bodyH=1.9871 slip=+0.0129 d=(-0.02845,0.05991) av=(0,0.08428,0)
reseed=0 in=(128,0,255,0) steer=+0.500 gnd=4.0 sp=1529.91 horiz=1529.82 velH=1.9808 bodyH=1.9659 slip=+0.0149 d=(-0.02845,0.06280) av=(0,0.0843048,0)
reseed=0 in=(128,0,255,0) steer=+0.500 gnd=4.0 sp=1585.72 horiz=1585.62 velH=1.9608 bodyH=1.9446 slip=+0.0162 d=(-0.02826,0.06573) av=(0,0.0843664,0)
reseed=0 in=(128,0,255,0) steer=+0.500 gnd=4.0 sp=1641.03 horiz=1640.90 velH=1.9403 bodyH=1.9233 slip=+0.0170 d=(-0.02790,0.06868) av=(0,0.0845305,0)
reseed=0 in=(128,0,255,0) steer=+0.500 gnd=4.0 sp=1695.81 horiz=1695.68 velH=1.9195 bodyH=1.9019 slip=+0.0176 d=(-0.02740,0.07163) av=(0,0.0848352,0)
reseed=0 in=(128,0,255,0) steer=+0.500 gnd=4.0 sp=1750.08 horiz=1749.93 velH=1.8986 bodyH=1.8806 slip=+0.0181 d=(-0.02676,0.07456) av=(0,0.0851879,0)
reseed=0 in=(128,0,255,0) steer=+0.500 gnd=4.0 sp=1803.80 horiz=1803.65 velH=1.8777 bodyH=1.8593 slip=+0.0184 d=(-0.02600,0.07748) av=(0,0.0855517,0)
reseed=0 in=(128,0,255,0) steer=+0.500 gnd=4.0 sp=1856.98 horiz=1856.81 velH=1.8567 bodyH=1.8379 slip=+0.0188 d=(-0.02511,0.08038) av=(0,0.085913,0)
reseed=0 in=(128,0,255,0) steer=+0.500 gnd=4.0 sp=1909.58 horiz=1909.40 velH=1.8357 bodyH=1.8166 slip=+0.0191 d=(-0.02410,0.08325) av=(0,0.0862679,0)
reseed=0 in=(128,0,255,0) steer=+0.500 gnd=4.0 sp=1961.59 horiz=1961.41 velH=1.8146 bodyH=1.7952 slip=+0.0194 d=(-0.02297,0.08609) av=(0,0.0866158,0)
reseed=0 in=(128,0,255,0) steer=+0.500 gnd=4.0 sp=2013.00 horiz=2012.81 velH=1.7935 bodyH=1.7739 slip=+0.0196 d=(-0.02173,0.08889) av=(0,0.0869573,0)
reseed=0 in=(128,0,255,0) steer=+0.500 gnd=4.0 sp=2063.80 horiz=2063.60 velH=1.7724 bodyH=1.7526 slip=+0.0199 d=(-0.02036,0.09164) av=(0,0.0872931,0)
reseed=0 in=(128,0,255,0) steer=+0.500 gnd=4.0 sp=2113.96 horiz=2113.75 velH=1.7513 bodyH=1.7312 slip=+0.0201 d=(-0.01889,0.09435) av=(0,0.0876238,0)
reseed=0 in=(128,0,255,0) steer=+0.500 gnd=4.0 sp=2163.49 horiz=2163.26 velH=1.7302 bodyH=1.7099 slip=+0.0203 d=(-0.01730,0.09701) av=(0,0.0879498,0)
reseed=0 in=(128,0,255,0) steer=+0.500 gnd=4.0 sp=2212.35 horiz=2212.12 velH=1.7091 bodyH=1.6886 slip=+0.0206 d=(-0.01561,0.09962) av=(0,0.0882715,0)
reseed=0 in=(128,0,255,0) steer=+0.500 gnd=4.0 sp=2260.55 horiz=2260.31 velH=1.6880 bodyH=1.6672 slip=+0.0208 d=(-0.01380,0.10216) av=(0,0.088589,0)
reseed=0 in=(128,0,255,0) steer=+0.500 gnd=4.0 sp=2308.07 horiz=2307.82 velH=1.6669 bodyH=1.6459 slip=+0.0210 d=(-0.01189,0.10464) av=(0,0.0889023,0)
reseed=0 in=(128,0,255,0) steer=+0.500 gnd=4.0 sp=2354.91 horiz=2354.65 velH=1.6457 bodyH=1.6245 slip=+0.0212 d=(-0.00988,0.10705) av=(0,0.0892117,0)
reseed=0 in=(128,0,255,0) steer=+0.500 gnd=4.0 sp=2401.05 horiz=2400.78 velH=1.6246 bodyH=1.6032 slip=+0.0214 d=(-0.00777,0.10939) av=(0,0.089517,0)
reseed=0 in=(128,0,255,0) steer=+0.500 gnd=4.0 sp=2446.48 horiz=2446.21 velH=1.6035 bodyH=1.5819 slip=+0.0216 d=(-0.00557,0.11166) av=(0,0.0898184,0)
reseed=0 in=(128,0,255,0) steer=+0.500 gnd=4.0 sp=2491.21 horiz=2490.93 velH=1.5823 bodyH=1.5605 slip=+0.0218 d=(-0.00326,0.11385) av=(0,0.0901157,0)
reseed=0 in=(128,0,255,0) steer=+0.500 gnd=4.0 sp=2535.23 horiz=2534.94 velH=1.5611 bodyH=1.5392 slip=+0.0219 d=(-0.00087,0.11596) av=(0,0.0904091,0)
reseed=0 in=(128,0,255,0) steer=+0.500 gnd=4.0 sp=2578.53 horiz=2578.22 velH=1.5400 bodyH=1.5179 slip=+0.0221 d=(0.00161,0.11798) av=(0,0.0906984,0)
reseed=0 in=(128,0,255,0) steer=+0.500 gnd=4.0 sp=2621.10 horiz=2620.79 velH=1.5188 bodyH=1.4965 slip=+0.0223 d=(0.00418,0.11992) av=(0,0.0909837,0)
reseed=0 in=(128,0,255,0) steer=+0.500 gnd=4.0 sp=2662.95 horiz=2662.63 velH=1.4976 bodyH=1.4752 slip=+0.0224 d=(0.00682,0.12176) av=(0,0.0912649,0)
reseed=0 in=(128,0,255,0) steer=+0.500 gnd=4.0 sp=2704.07 horiz=2703.74 velH=1.4764 bodyH=1.4539 slip=+0.0226 d=(0.00955,0.12352) av=(0,0.091542,0)
reseed=0 in=(128,0,255,0) steer=+0.500 gnd=4.0 sp=2744.46 horiz=2744.12 velH=1.4553 bodyH=1.4325 slip=+0.0227 d=(0.01235,0.12518) av=(0,0.091815,0)
reseed=0 in=(128,0,255,0) steer=+0.500 gnd=4.0 sp=2784.12 horiz=2783.78 velH=1.4341 bodyH=1.4112 slip=+0.0229 d=(0.01522,0.12674) av=(0,0.0920839,0)
reseed=0 in=(128,0,255,0) steer=+0.500 gnd=4.0 sp=2823.05 horiz=2822.70 velH=1.4129 bodyH=1.3898 slip=+0.0230 d=(0.01816,0.12820) av=(0,0.0923487,0)
reseed=0 in=(128,0,255,0) steer=+0.500 gnd=4.0 sp=2861.26 horiz=2860.89 velH=1.3917 bodyH=1.3685 slip=+0.0232 d=(0.02116,0.12956) av=(0,0.0926094,0)
reseed=0 in=(128,0,255,0) steer=+0.500 gnd=4.0 sp=2898.73 horiz=2898.36 velH=1.3705 bodyH=1.3472 slip=+0.0233 d=(0.02422,0.13081) av=(0,0.0928659,0)
reseed=0 in=(128,0,255,0) steer=+0.500 gnd=4.0 sp=2935.48 horiz=2935.10 velH=1.3493 bodyH=1.3258 slip=+0.0234 d=(0.02734,0.13196) av=(0,0.0931182,0)
reseed=0 in=(128,0,255,0) steer=+0.500 gnd=4.0 sp=2971.51 horiz=2971.12 velH=1.3281 bodyH=1.3045 slip=+0.0236 d=(0.03051,0.13300) av=(0,0.0933663,0)
reseed=0 in=(128,0,255,0) steer=+0.500 gnd=4.0 sp=3006.81 horiz=3006.42 velH=1.3069 bodyH=1.2832 slip=+0.0237 d=(0.03373,0.13394) av=(0,0.0936103,0)
reseed=0 in=(128,0,255,0) steer=+0.500 gnd=4.0 sp=3041.41 horiz=3041.00 velH=1.2856 bodyH=1.2618 slip=+0.0238 d=(0.03699,0.13476) av=(0,0.0938501,0)
reseed=0 in=(128,0,255,0) steer=+0.500 gnd=4.0 sp=3075.29 horiz=3074.88 velH=1.2644 bodyH=1.2405 slip=+0.0239 d=(0.04029,0.13547) av=(0,0.0940858,0)
reseed=0 in=(128,0,255,0) steer=+0.500 gnd=4.0 sp=3108.46 horiz=3108.05 velH=1.2432 bodyH=1.2192 slip=+0.0241 d=(0.04363,0.13608) av=(0,0.0943173,0)
reseed=0 in=(128,0,255,0) steer=+0.500 gnd=4.0 sp=3140.94 horiz=3140.51 velH=1.2220 bodyH=1.1978 slip=+0.0242 d=(0.04701,0.13657) av=(0,0.0945447,0)
reseed=0 in=(128,0,255,0) steer=+0.500 gnd=4.0 sp=3172.72 horiz=3172.29 velH=1.2008 bodyH=1.1765 slip=+0.0243 d=(0.05041,0.13694) av=(0,0.0947679,0)
reseed=0 in=(128,0,255,0) steer=+0.500 gnd=4.0 sp=3203.81 horiz=3203.37 velH=1.1795 bodyH=1.1551 slip=+0.0244 d=(0.05384,0.13720) av=(0,0.094987,0)
reseed=1 in=(128,0,255,0) steer=+0.500 gnd=4.0 sp=1657.65 horiz=1657.61 velH=-2.5501 bodyH=-2.5588 slip=+0.0087 d=(-0.06174,-0.04239) av=(0,0.0943614,0)
reseed=0 in=(128,0,255,0) steer=+0.500 gnd=4.0 sp=1712.67 horiz=1712.59 velH=-2.5668 bodyH=-2.5801 slip=+0.0133 d=(-0.06444,-0.04298) av=(0,0.0894037,0)
reseed=0 in=(128,0,255,0) steer=+0.500 gnd=4.0 sp=1767.00 horiz=1766.88 velH=-2.5856 bodyH=-2.6015 slip=+0.0158 d=(-0.06731,-0.04325) av=(0,0.0871296,0)
reseed=0 in=(128,0,255,0) steer=+0.500 gnd=4.0 sp=1820.68 horiz=1820.54 velH=-2.6055 bodyH=-2.6228 slip=+0.0173 d=(-0.07026,-0.04328) av=(0,0.0863579,0)
reseed=0 in=(128,0,255,0) steer=+0.500 gnd=4.0 sp=1873.75 horiz=1873.59 velH=-2.6259 bodyH=-2.6441 slip=+0.0182 d=(-0.07324,-0.04312) av=(0,0.0862485,0)
reseed=0 in=(128,0,255,0) steer=+0.500 gnd=4.0 sp=1926.20 horiz=1926.03 velH=-2.6467 bodyH=-2.6655 slip=+0.0188 d=(-0.07625,-0.04281) av=(0,0.0864213,0)
reseed=0 in=(128,0,255,0) steer=+0.500 gnd=4.0 sp=1978.05 horiz=1977.87 velH=-2.6676 bodyH=-2.6868 slip=+0.0193 d=(-0.07926,-0.04236) av=(0,0.0867075,0)
reseed=0 in=(128,0,255,0) steer=+0.500 gnd=4.0 sp=2029.28 horiz=2029.09 velH=-2.6886 bodyH=-2.7082 slip=+0.0196 d=(-0.08226,-0.04178) av=(0,0.0870343,0)
reseed=0 in=(128,0,255,0) steer=+0.500 gnd=4.0 sp=2079.88 horiz=2079.68 velH=-2.7096 bodyH=-2.7295 slip=+0.0199 d=(-0.08525,-0.04107) av=(0,0.0873715,0)
reseed=0 in=(128,0,255,0) steer=+0.500 gnd=4.0 sp=2129.85 horiz=2129.63 velH=-2.7307 bodyH=-2.7508 slip=+0.0202 d=(-0.08822,-0.04024) av=(0,0.0877076,0)
reseed=0 in=(128,0,255,0) steer=+0.500 gnd=4.0 sp=2179.16 horiz=2178.94 velH=-2.7518 bodyH=-2.7722 slip=+0.0204 d=(-0.09117,-0.03929) av=(0,0.0880386,0)
reseed=0 in=(128,0,255,0) steer=+0.500 gnd=4.0 sp=2227.82 horiz=2227.58 velH=-2.7729 bodyH=-2.7935 slip=+0.0206 d=(-0.09409,-0.03821) av=(0,0.0883639,0)
reseed=0 in=(128,0,255,0) steer=+0.500 gnd=4.0 sp=2275.80 horiz=2275.56 velH=-2.7940 bodyH=-2.8148 slip=+0.0208 d=(-0.09697,-0.03702) av=(0,0.0886835,0)
reseed=0 in=(128,0,255,0) steer=+0.500 gnd=4.0 sp=2323.11 horiz=2322.85 velH=-2.8151 bodyH=-2.8362 slip=+0.0211 d=(-0.09982,-0.03571) av=(0,0.0889978,0)
reseed=0 in=(128,0,255,0) steer=+0.500 gnd=4.0 sp=2369.72 horiz=2369.46 velH=-2.8363 bodyH=-2.8575 slip=+0.0213 d=(-0.10262,-0.03429) av=(0,0.0893074,0)
reseed=0 in=(128,0,255,0) steer=+0.500 gnd=4.0 sp=2415.64 horiz=2415.37 velH=-2.8574 bodyH=-2.8788 slip=+0.0214 d=(-0.10538,-0.03275) av=(0,0.0896123,0)
reseed=0 in=(128,0,255,0) steer=+0.500 gnd=4.0 sp=2460.85 horiz=2460.57 velH=-2.8786 bodyH=-2.9002 slip=+0.0216 d=(-0.10809,-0.03110) av=(0,0.089913,0)
reseed=0 in=(128,0,255,0) steer=+0.500 gnd=4.0 sp=2505.35 horiz=2505.06 velH=-2.8997 bodyH=-2.9215 slip=+0.0218 d=(-0.11074,-0.02935) av=(0,0.0902094,0)
reseed=0 in=(128,0,255,0) steer=+0.500 gnd=4.0 sp=2549.14 horiz=2548.84 velH=-2.9209 bodyH=-2.9429 slip=+0.0220 d=(-0.11333,-0.02748) av=(0,0.0905016,0)
reseed=0 in=(128,0,255,0) steer=+0.500 gnd=4.0 sp=2592.21 horiz=2591.90 velH=-2.9420 bodyH=-2.9642 slip=+0.0222 d=(-0.11586,-0.02551) av=(0,0.0907898,0)
reseed=0 in=(128,0,255,0) steer=+0.500 gnd=4.0 sp=2634.55 horiz=2634.23 velH=-2.9632 bodyH=-2.9855 slip=+0.0223 d=(-0.11832,-0.02344) av=(0,0.0910738,0)
reseed=0 in=(128,0,255,0) steer=+0.500 gnd=4.0 sp=2676.16 horiz=2675.84 velH=-2.9844 bodyH=-3.0069 slip=+0.0225 d=(-0.12072,-0.02127) av=(0,0.0913538,0)
reseed=0 in=(128,0,255,0) steer=+0.500 gnd=4.0 sp=2717.05 horiz=2716.72 velH=-3.0056 bodyH=-3.0282 slip=+0.0226 d=(-0.12304,-0.01900) av=(0,0.0916296,0)
reseed=0 in=(128,0,255,0) steer=+0.500 gnd=4.0 sp=2757.21 horiz=2756.87 velH=-3.0268 bodyH=-3.0495 slip=+0.0228 d=(-0.12528,-0.01664) av=(0,0.0919013,0)
reseed=0 in=(128,0,255,0) steer=+0.500 gnd=4.0 sp=2796.64 horiz=2796.29 velH=-3.0479 bodyH=-3.0709 slip=+0.0229 d=(-0.12745,-0.01419) av=(0,0.0921689,0)
reseed=0 in=(128,0,255,0) steer=+0.500 gnd=4.0 sp=2835.34 horiz=2834.98 velH=-3.0691 bodyH=-3.0922 slip=+0.0231 d=(-0.12953,-0.01165) av=(0,0.0924324,0)
reseed=0 in=(128,0,255,0) steer=+0.500 gnd=4.0 sp=2873.30 horiz=2872.94 velH=-3.0903 bodyH=-3.1136 slip=+0.0232 d=(-0.13153,-0.00902) av=(0,0.0926917,0)
reseed=0 in=(128,0,255,0) steer=+0.500 gnd=4.0 sp=2910.55 horiz=2910.17 velH=-3.1115 bodyH=-3.1349 slip=+0.0234 d=(-0.13344,-0.00632) av=(0,0.0929469,0)
reseed=0 in=(128,0,255,0) steer=+0.500 gnd=4.0 sp=2947.07 horiz=2946.68 velH=-3.1327 bodyH=3.1270 slip=+0.0235 d=(-0.13526,-0.00353) av=(0,0.0931979,0)
reseed=0 in=(128,0,255,0) steer=+0.500 gnd=4.0 sp=2982.86 horiz=2982.47 velH=3.1292 bodyH=3.1056 slip=+0.0236 d=(-0.13699,-0.00067) av=(0,0.0934447,0)
reseed=0 in=(128,0,255,0) steer=+0.500 gnd=4.0 sp=3017.94 horiz=3017.54 velH=3.1080 bodyH=3.0843 slip=+0.0237 d=(-0.13862,0.00226) av=(0,0.0936874,0)
reseed=0 in=(128,0,255,0) steer=+0.500 gnd=4.0 sp=3052.30 horiz=3051.90 velH=3.0868 bodyH=3.0629 slip=+0.0239 d=(-0.14016,0.00526) av=(0,0.0939259,0)
reseed=0 in=(128,0,255,0) steer=+0.500 gnd=4.0 sp=3085.96 horiz=3085.55 velH=3.0656 bodyH=3.0416 slip=+0.0240 d=(-0.14160,0.00832) av=(0,0.0941602,0)
reseed=0 in=(128,0,255,0) steer=+0.500 gnd=4.0 sp=3118.91 horiz=3118.49 velH=3.0444 bodyH=3.0203 slip=+0.0241 d=(-0.14294,0.01145) av=(0,0.0943904,0)
reseed=0 in=(128,0,255,0) steer=+0.500 gnd=4.0 sp=3151.17 horiz=3150.74 velH=3.0231 bodyH=2.9989 slip=+0.0242 d=(-0.14417,0.01463) av=(0,0.0946164,0)
reseed=0 in=(128,0,255,0) steer=+0.500 gnd=4.0 sp=3182.73 horiz=3182.29 velH=3.0019 bodyH=2.9776 slip=+0.0243 d=(-0.14530,0.01787) av=(0,0.0948383,0)
reseed=0 in=(128,0,255,0) steer=+0.500 gnd=4.0 sp=3213.60 horiz=3213.16 velH=2.9807 bodyH=2.9563 slip=+0.0244 d=(-0.14633,0.02116) av=(0,0.0950561,0)
reseed=0 in=(128,0,255,0) steer=+0.500 gnd=4.0 sp=3243.80 horiz=3243.35 velH=2.9594 bodyH=2.9349 slip=+0.0245 d=(-0.14725,0.02449) av=(0,0.0952697,0)
reseed=0 in=(128,0,255,0) steer=+0.500 gnd=4.0 sp=3273.33 horiz=3272.87 velH=2.9382 bodyH=2.9136 slip=+0.0246 d=(-0.14807,0.02787) av=(0,0.0954793,0)
reseed=0 in=(128,0,255,0) steer=+0.500 gnd=4.0 sp=3302.19 horiz=3301.73 velH=2.9170 bodyH=2.8923 slip=+0.0247 d=(-0.14877,0.03129) av=(0,0.0956848,0)
reseed=0 in=(128,0,255,0) steer=+0.500 gnd=4.0 sp=3330.39 horiz=3329.92 velH=2.8957 bodyH=2.8709 slip=+0.0248 d=(-0.14937,0.03474) av=(0,0.0958863,0)
reseed=0 in=(128,0,255,0) steer=+0.500 gnd=4.0 sp=3357.95 horiz=3357.48 velH=2.8745 bodyH=2.8496 slip=+0.0249 d=(-0.14986,0.03823) av=(0,0.0960838,0)
reseed=0 in=(128,0,255,0) steer=+0.500 gnd=4.0 sp=3384.87 horiz=3384.39 velH=2.8532 bodyH=2.8282 slip=+0.0250 d=(-0.15024,0.04174) av=(0,0.0962773,0)
reseed=0 in=(128,0,255,0) steer=+0.500 gnd=4.0 sp=3411.16 horiz=3410.68 velH=2.8320 bodyH=2.8069 slip=+0.0251 d=(-0.15050,0.04528) av=(0,0.0964668,0)
reseed=0 in=(128,0,255,0) steer=+0.500 gnd=4.0 sp=3436.83 horiz=3436.34 velH=2.8108 bodyH=2.7856 slip=+0.0252 d=(-0.15066,0.04884) av=(0,0.0966524,0)
reseed=0 in=(128,0,255,0) steer=+0.500 gnd=4.0 sp=3461.89 horiz=3461.39 velH=2.7895 bodyH=2.7642 slip=+0.0253 d=(-0.15070,0.05242) av=(0,0.0968342,0)
reseed=0 in=(128,0,255,0) steer=+0.500 gnd=4.0 sp=3486.34 horiz=3485.84 velH=2.7682 bodyH=2.7429 slip=+0.0253 d=(-0.15064,0.05601) av=(0,0.097012,0)
reseed=0 in=(128,0,255,0) steer=+0.500 gnd=4.0 sp=3510.21 horiz=3509.69 velH=2.7470 bodyH=2.7216 slip=+0.0254 d=(-0.15046,0.05962) av=(0,0.0971861,0)
reseed=0 in=(128,0,255,0) steer=+0.500 gnd=4.0 sp=3533.48 horiz=3532.97 velH=2.7257 bodyH=2.7002 slip=+0.0255 d=(-0.15017,0.06323) av=(0,0.0973564,0)
reseed=0 in=(128,0,255,0) steer=+0.500 gnd=4.0 sp=3556.19 horiz=3555.66 velH=2.7045 bodyH=2.6789 slip=+0.0256 d=(-0.14977,0.06684) av=(0,0.097523,0)
reseed=0 in=(128,0,255,0) steer=+0.500 gnd=4.0 sp=3578.33 horiz=3577.80 velH=2.6832 bodyH=2.6575 slip=+0.0257 d=(-0.14926,0.07046) av=(0,0.0976859,0)
reseed=0 in=(128,0,255,0) steer=+0.500 gnd=4.0 sp=3599.92 horiz=3599.38 velH=2.6619 bodyH=2.6362 slip=+0.0257 d=(-0.14864,0.07407) av=(0,0.0978451,0)
reseed=0 in=(128,0,255,0) steer=+0.500 gnd=4.0 sp=3620.96 horiz=3620.42 velH=2.6407 bodyH=2.6149 slip=+0.0258 d=(-0.14792,0.07767) av=(0,0.0980008,0)
reseed=0 in=(128,0,255,0) steer=+0.500 gnd=4.0 sp=3641.47 horiz=3640.92 velH=2.6194 bodyH=2.5935 slip=+0.0259 d=(-0.14708,0.08127) av=(0,0.0981529,0)
reseed=0 in=(128,0,255,0) steer=+0.500 gnd=4.0 sp=3661.45 horiz=3660.90 velH=2.5981 bodyH=2.5722 slip=+0.0259 d=(-0.14613,0.08485) av=(0,0.0983015,0)
reseed=0 in=(128,0,255,0) steer=+0.500 gnd=4.0 sp=3680.92 horiz=3680.37 velH=2.5769 bodyH=2.5509 slip=+0.0260 d=(-0.14508,0.08842) av=(0,0.0984467,0)
reseed=0 in=(128,0,255,0) steer=+0.500 gnd=4.0 sp=3699.89 horiz=3699.33 velH=2.5556 bodyH=2.5295 slip=+0.0261 d=(-0.14392,0.09197) av=(0,0.0985885,0)
reseed=0 in=(128,0,255,0) steer=+0.500 gnd=4.0 sp=3718.36 horiz=3717.80 velH=2.5343 bodyH=2.5082 slip=+0.0261 d=(-0.14266,0.09550) av=(0,0.0987269,0)
reseed=0 in=(128,0,255,0) steer=+0.500 gnd=4.0 sp=3736.35 horiz=3735.78 velH=2.5130 bodyH=2.4869 slip=+0.0262 d=(-0.14129,0.09900) av=(0,0.098862,0)
reseed=0 in=(128,0,255,0) steer=+0.500 gnd=4.0 sp=3753.87 horiz=3753.29 velH=2.4918 bodyH=2.4655 slip=+0.0262 d=(-0.13982,0.10247) av=(0,0.0989939,0)
reseed=0 in=(128,0,255,0) steer=+0.500 gnd=4.0 sp=3770.92 horiz=3770.34 velH=2.4705 bodyH=2.4442 slip=+0.0263 d=(-0.13825,0.10591) av=(0,0.0991226,0)
reseed=0 in=(128,0,255,0) steer=+0.500 gnd=4.0 sp=3787.52 horiz=3786.93 velH=2.4492 bodyH=2.4228 slip=+0.0264 d=(-0.13658,0.10932) av=(0,0.0992482,0)
reseed=0 in=(128,0,255,0) steer=+0.500 gnd=4.0 sp=3803.67 horiz=3803.08 velH=2.4279 bodyH=2.4015 slip=+0.0264 d=(-0.13481,0.11269) av=(0,0.0993706,0)
reseed=0 in=(128,0,255,0) steer=+0.500 gnd=4.0 sp=3819.39 horiz=3818.80 velH=2.4066 bodyH=2.3802 slip=+0.0265 d=(-0.13294,0.11602) av=(0,0.0994901,0)
reseed=0 in=(128,0,255,0) steer=+0.500 gnd=4.0 sp=3834.68 horiz=3834.09 velH=2.3854 bodyH=2.3588 slip=+0.0265 d=(-0.13098,0.11931) av=(0,0.0996066,0)
reseed=0 in=(128,0,255,0) steer=+0.500 gnd=4.0 sp=3849.56 horiz=3848.96 velH=2.3641 bodyH=2.3375 slip=+0.0266 d=(-0.12892,0.12256) av=(0,0.0997202,0)
reseed=0 in=(128,0,255,0) steer=+0.500 gnd=4.0 sp=3864.03 horiz=3863.43 velH=2.3428 bodyH=2.3162 slip=+0.0266 d=(-0.12677,0.12576) av=(0,0.0998308,0)
reseed=0 in=(128,0,255,0) steer=+0.500 gnd=4.0 sp=3878.11 horiz=3877.51 velH=2.3215 bodyH=2.2948 slip=+0.0267 d=(-0.12452,0.12891) av=(0,0.0999387,0)
reseed=0 in=(128,0,255,0) steer=+0.500 gnd=4.0 sp=3891.80 horiz=3891.19 velH=2.3002 bodyH=2.2735 slip=+0.0267 d=(-0.12219,0.13200) av=(0,0.100044,0)
reseed=0 in=(128,0,255,0) steer=+0.500 gnd=4.0 sp=3905.11 horiz=3904.50 velH=2.2789 bodyH=2.2521 slip=+0.0268 d=(-0.11977,0.13505) av=(0,0.100146,0)
reseed=0 in=(128,0,255,0) steer=+0.500 gnd=4.0 sp=3918.05 horiz=3917.44 velH=2.2576 bodyH=2.2308 slip=+0.0268 d=(-0.11726,0.13803) av=(0,0.100246,0)
reseed=0 in=(128,0,255,0) steer=+0.500 gnd=4.0 sp=3930.63 horiz=3930.01 velH=2.2363 bodyH=2.2095 slip=+0.0268 d=(-0.11467,0.14096) av=(0,0.100343,0)
reseed=0 in=(128,0,255,0) steer=+0.500 gnd=4.0 sp=3942.86 horiz=3942.24 velH=2.2150 bodyH=2.1881 slip=+0.0269 d=(-0.11200,0.14383) av=(0,0.100438,0)
reseed=0 in=(128,0,255,0) steer=+0.500 gnd=4.0 sp=3954.75 horiz=3954.12 velH=2.1937 bodyH=2.1668 slip=+0.0269 d=(-0.10925,0.14663) av=(0,0.10053,0)
reseed=0 in=(128,0,255,0) steer=+0.500 gnd=4.0 sp=3966.30 horiz=3965.67 velH=2.1724 bodyH=2.1455 slip=+0.0270 d=(-0.10642,0.14937) av=(0,0.10062,0)
reseed=0 in=(128,0,255,0) steer=+0.500 gnd=4.0 sp=3977.52 horiz=3976.89 velH=2.1511 bodyH=2.1241 slip=+0.0270 d=(-0.10352,0.15204) av=(0,0.100707,0)
reseed=0 in=(128,0,255,0) steer=+0.500 gnd=4.0 sp=3988.43 horiz=3987.79 velH=2.1298 bodyH=2.1028 slip=+0.0270 d=(-0.10054,0.15464) av=(0,0.100792,0)
reseed=0 in=(128,0,255,0) steer=+0.500 gnd=4.0 sp=3999.02 horiz=3998.39 velH=2.1085 bodyH=2.0815 slip=+0.0271 d=(-0.09748,0.15718) av=(0,0.100875,0)
reseed=0 in=(128,0,255,0) steer=+0.500 gnd=4.0 sp=4009.32 horiz=4008.68 velH=2.0872 bodyH=2.0601 slip=+0.0271 d=(-0.09436,0.15964) av=(0,0.100955,0)
reseed=0 in=(128,0,255,0) steer=+0.500 gnd=4.0 sp=4019.32 horiz=4018.67 velH=2.0659 bodyH=2.0388 slip=+0.0271 d=(-0.09117,0.16202) av=(0,0.101033,0)
reseed=0 in=(128,0,255,0) steer=+0.500 gnd=4.0 sp=4029.03 horiz=4028.38 velH=2.0446 bodyH=2.0174 slip=+0.0272 d=(-0.08792,0.16433) av=(0,0.101109,0)
reseed=0 in=(128,0,255,0) steer=+0.500 gnd=4.0 sp=4038.46 horiz=4037.81 velH=2.0233 bodyH=1.9961 slip=+0.0272 d=(-0.08460,0.16657) av=(0,0.101184,0)
reseed=0 in=(128,0,255,0) steer=+0.500 gnd=4.0 sp=4047.62 horiz=4046.97 velH=2.0020 bodyH=1.9748 slip=+0.0272 d=(-0.08122,0.16872) av=(0,0.101256,0)
reseed=0 in=(128,0,255,0) steer=+0.500 gnd=4.0 sp=4056.52 horiz=4055.86 velH=1.9807 bodyH=1.9534 slip=+0.0273 d=(-0.07778,0.17080) av=(0,0.101326,0)
reseed=0 in=(128,0,255,0) steer=+0.500 gnd=4.0 sp=4065.15 horiz=4064.50 velH=1.9594 bodyH=1.9321 slip=+0.0273 d=(-0.07429,0.17279) av=(0,0.101394,0)
reseed=0 in=(128,0,255,0) steer=+0.500 gnd=4.0 sp=4073.54 horiz=4072.88 velH=1.9381 bodyH=1.9108 slip=+0.0273 d=(-0.07074,0.17470) av=(0,0.10146,0)
reseed=0 in=(128,0,255,0) steer=+0.500 gnd=4.0 sp=4081.68 horiz=4081.02 velH=1.9168 bodyH=1.8894 slip=+0.0274 d=(-0.06714,0.17653) av=(0,0.101524,0)
reseed=0 in=(128,0,255,0) steer=+0.500 gnd=4.0 sp=4089.58 horiz=4088.92 velH=1.8955 bodyH=1.8681 slip=+0.0274 d=(-0.06349,0.17827) av=(0,0.101587,0)
reseed=0 in=(128,0,255,0) steer=+0.500 gnd=4.0 sp=4097.26 horiz=4096.59 velH=1.8742 bodyH=1.8467 slip=+0.0274 d=(-0.05979,0.17993) av=(0,0.101648,0)
reseed=0 in=(128,0,255,0) steer=+0.500 gnd=4.0 sp=4104.70 horiz=4104.04 velH=1.8528 bodyH=1.8254 slip=+0.0274 d=(-0.05604,0.18150) av=(0,0.101707,0)
reseed=0 in=(128,0,255,0) steer=+0.500 gnd=4.0 sp=4111.93 horiz=4111.26 velH=1.8315 bodyH=1.8041 slip=+0.0275 d=(-0.05226,0.18298) av=(0,0.101764,0)
reseed=0 in=(128,0,255,0) steer=+0.500 gnd=4.0 sp=4118.95 horiz=4118.28 velH=1.8102 bodyH=1.7827 slip=+0.0275 d=(-0.04843,0.18438) av=(0,0.10182,0)
reseed=0 in=(128,0,255,0) steer=+0.500 gnd=4.0 sp=4125.75 horiz=4125.08 velH=1.7889 bodyH=1.7614 slip=+0.0275 d=(-0.04457,0.18568) av=(0,0.101874,0)
reseed=0 in=(128,0,255,0) steer=+0.500 gnd=4.0 sp=4132.36 horiz=4131.69 velH=1.7676 bodyH=1.7401 slip=+0.0275 d=(-0.04066,0.18690) av=(0,0.101927,0)
reseed=0 in=(128,0,255,0) steer=+0.500 gnd=4.0 sp=4138.77 horiz=4138.09 velH=1.7463 bodyH=1.7187 slip=+0.0275 d=(-0.03673,0.18802) av=(0,0.101978,0)
reseed=0 in=(128,0,255,0) steer=+0.500 gnd=4.0 sp=4144.99 horiz=4144.31 velH=1.7250 bodyH=1.6974 slip=+0.0276 d=(-0.03276,0.18905) av=(0,0.102028,0)
reseed=0 in=(128,0,255,0) steer=+0.500 gnd=4.0 sp=4151.02 horiz=4150.35 velH=1.7036 bodyH=1.6761 slip=+0.0276 d=(-0.02877,0.18999) av=(0,0.102076,0)
reseed=0 in=(128,0,255,0) steer=+0.500 gnd=4.0 sp=4156.88 horiz=4156.20 velH=1.6823 bodyH=1.6547 slip=+0.0276 d=(-0.02475,0.19083) av=(0,0.102123,0)
reseed=0 in=(128,0,255,0) steer=+0.500 gnd=4.0 sp=4162.56 horiz=4161.88 velH=1.6610 bodyH=1.6334 slip=+0.0276 d=(-0.02071,0.19158) av=(0,0.102168,0)
reseed=0 in=(128,0,255,0) steer=+0.500 gnd=4.0 sp=4168.07 horiz=4167.39 velH=1.6397 bodyH=1.6120 slip=+0.0276 d=(-0.01664,0.19224) av=(0,0.102212,0)
reseed=0 in=(128,0,255,0) steer=+0.500 gnd=4.0 sp=4173.42 horiz=4172.73 velH=1.6184 bodyH=1.5907 slip=+0.0277 d=(-0.01256,0.19281) av=(0,0.102255,0)
reseed=0 in=(128,0,255,0) steer=+0.500 gnd=4.0 sp=4178.60 horiz=4177.91 velH=1.5971 bodyH=1.5694 slip=+0.0277 d=(-0.00845,0.19328) av=(0,0.102297,0)
reseed=0 in=(128,0,255,0) steer=+0.500 gnd=4.0 sp=4183.63 horiz=4182.94 velH=1.5757 bodyH=1.5480 slip=+0.0277 d=(-0.00434,0.19365) av=(0,0.102337,0)
reseed=0 in=(128,0,255,0) steer=+0.500 gnd=4.0 sp=4188.51 horiz=4187.82 velH=1.5544 bodyH=1.5267 slip=+0.0277 d=(-0.00021,0.19393) av=(0,0.102377,0)
reseed=0 in=(128,0,255,0) steer=+0.500 gnd=4.0 sp=4193.24 horiz=4192.55 velH=1.5331 bodyH=1.5054 slip=+0.0277 d=(0.00393,0.19411) av=(0,0.102415,0)
reseed=0 in=(128,0,255,0) steer=+0.500 gnd=4.0 sp=4197.83 horiz=4197.14 velH=1.5118 bodyH=1.4840 slip=+0.0277 d=(0.00808,0.19420) av=(0,0.102452,0)
reseed=0 in=(128,0,255,0) steer=+0.500 gnd=4.0 sp=4202.28 horiz=4201.58 velH=1.4904 bodyH=1.4627 slip=+0.0278 d=(0.01223,0.19420) av=(0,0.102488,0)
reseed=0 in=(128,0,255,0) steer=+0.500 gnd=4.0 sp=4206.59 horiz=4205.90 velH=1.4691 bodyH=1.4414 slip=+0.0278 d=(0.01638,0.19410) av=(0,0.102522,0)
reseed=0 in=(128,0,255,0) steer=+0.500 gnd=4.0 sp=4210.78 horiz=4210.08 velH=1.4478 bodyH=1.4200 slip=+0.0278 d=(0.02054,0.19390) av=(0,0.102556,0)
reseed=0 in=(128,0,255,0) steer=+0.500 gnd=4.0 sp=4214.83 horiz=4214.14 velH=1.4265 bodyH=1.3987 slip=+0.0278 d=(0.02469,0.19361) av=(0,0.102589,0)
reseed=0 in=(128,0,255,0) steer=+0.500 gnd=4.0 sp=4218.77 horiz=4218.07 velH=1.4052 bodyH=1.3773 slip=+0.0278 d=(0.02884,0.19322) av=(0,0.102621,0)
reseed=0 in=(128,0,255,0) steer=+0.500 gnd=4.0 sp=4222.58 horiz=4221.89 velH=1.3838 bodyH=1.3560 slip=+0.0278 d=(0.03299,0.19274) av=(0,0.102652,0)
reseed=0 in=(128,0,255,0) steer=+0.500 gnd=4.0 sp=4226.28 horiz=4225.59 velH=1.3625 bodyH=1.3347 slip=+0.0278 d=(0.03712,0.19217) av=(0,0.102682,0)
reseed=0 in=(128,0,255,0) steer=+0.500 gnd=4.0 sp=4229.87 horiz=4229.17 velH=1.3412 bodyH=1.3133 slip=+0.0279 d=(0.04125,0.19150) av=(0,0.102711,0)
reseed=0 in=(128,0,255,0) steer=+0.500 gnd=4.0 sp=4233.35 horiz=4232.65 velH=1.3199 bodyH=1.2920 slip=+0.0279 d=(0.04536,0.19074) av=(0,0.102739,0)
reseed=0 in=(128,0,255,0) steer=+0.500 gnd=4.0 sp=4236.72 horiz=4236.02 velH=1.2985 bodyH=1.2707 slip=+0.0279 d=(0.04946,0.18988) av=(0,0.102766,0)
reseed=0 in=(128,0,255,0) steer=+0.500 gnd=4.0 sp=4239.99 horiz=4239.28 velH=1.2772 bodyH=1.2493 slip=+0.0279 d=(0.05354,0.18893) av=(0,0.102793,0)
reseed=0 in=(128,0,255,0) steer=+0.500 gnd=4.0 sp=4243.16 horiz=4242.45 velH=1.2559 bodyH=1.2280 slip=+0.0279 d=(0.05760,0.18789) av=(0,0.102819,0)
reseed=0 in=(128,0,255,0) steer=+0.500 gnd=4.0 sp=4246.23 horiz=4245.52 velH=1.2346 bodyH=1.2066 slip=+0.0279 d=(0.06164,0.18676) av=(0,0.102844,0)
reseed=0 in=(128,0,255,0) steer=+0.500 gnd=4.0 sp=4249.20 horiz=4248.50 velH=1.2132 bodyH=1.1853 slip=+0.0279 d=(0.06565,0.18554) av=(0,0.102868,0)
reseed=0 in=(128,0,255,0) steer=+0.500 gnd=4.0 sp=4252.09 horiz=4251.39 velH=1.1919 bodyH=1.1640 slip=+0.0279 d=(0.06964,0.18422) av=(0,0.102891,0)
reseed=0 in=(128,0,255,0) steer=+0.500 gnd=4.0 sp=4254.89 horiz=4254.18 velH=1.1706 bodyH=1.1426 slip=+0.0279 d=(0.07360,0.18282) av=(0,0.102914,0)
reseed=0 in=(128,0,255,0) steer=+0.500 gnd=4.0 sp=4257.60 horiz=4256.89 velH=1.1493 bodyH=1.1213 slip=+0.0280 d=(0.07754,0.18132) av=(0,0.102936,0)
reseed=0 in=(128,0,255,0) steer=+0.500 gnd=4.0 sp=4260.23 horiz=4259.52 velH=1.1279 bodyH=1.1000 slip=+0.0280 d=(0.08144,0.17974) av=(0,0.102958,0)
reseed=0 in=(128,0,255,0) steer=+0.500 gnd=4.0 sp=4262.78 horiz=4262.07 velH=1.1066 bodyH=1.0786 slip=+0.0280 d=(0.08530,0.17807) av=(0,0.102978,0)
reseed=0 in=(128,0,255,0) steer=+0.500 gnd=4.0 sp=4265.25 horiz=4264.54 velH=1.0853 bodyH=1.0573 slip=+0.0280 d=(0.08914,0.17632) av=(0,0.102998,0)
reseed=0 in=(128,0,255,0) steer=+0.500 gnd=4.0 sp=4267.64 horiz=4266.93 velH=1.0639 bodyH=1.0360 slip=+0.0280 d=(0.09293,0.17448) av=(0,0.103018,0)
reseed=0 in=(128,0,255,0) steer=+0.500 gnd=4.0 sp=4269.96 horiz=4269.25 velH=1.0426 bodyH=1.0146 slip=+0.0280 d=(0.09668,0.17255) av=(0,0.103037,0)
reseed=0 in=(128,0,255,0) steer=+0.500 gnd=4.0 sp=4272.21 horiz=4271.50 velH=1.0213 bodyH=0.9933 slip=+0.0280 d=(0.10040,0.17054) av=(0,0.103055,0)
reseed=0 in=(128,0,255,0) steer=+0.500 gnd=4.0 sp=4274.39 horiz=4273.68 velH=1.0000 bodyH=0.9719 slip=+0.0280 d=(0.10406,0.16845) av=(0,0.103073,0)
reseed=0 in=(128,0,255,0) steer=+0.500 gnd=4.0 sp=4276.50 horiz=4275.79 velH=0.9786 bodyH=0.9506 slip=+0.0280 d=(0.10769,0.16628) av=(0,0.10309,0)
reseed=0 in=(128,0,255,0) steer=+0.500 gnd=4.0 sp=4278.55 horiz=4277.84 velH=0.9573 bodyH=0.9293 slip=+0.0280 d=(0.11126,0.16402) av=(0,0.103107,0)
reseed=0 in=(128,0,255,0) steer=+0.500 gnd=4.0 sp=4280.53 horiz=4279.82 velH=0.9360 bodyH=0.9079 slip=+0.0280 d=(0.11479,0.16169) av=(0,0.103123,0)
reseed=0 in=(128,0,255,0) steer=+0.500 gnd=4.0 sp=4282.46 horiz=4281.74 velH=0.9146 bodyH=0.8866 slip=+0.0280 d=(0.11827,0.15928) av=(0,0.103139,0)
reseed=0 in=(128,0,255,0) steer=+0.500 gnd=4.0 sp=4284.32 horiz=4283.60 velH=0.8933 bodyH=0.8653 slip=+0.0280 d=(0.12169,0.15679) av=(0,0.103154,0)
reseed=0 in=(128,0,255,0) steer=+0.500 gnd=4.0 sp=4286.12 horiz=4285.41 velH=0.8720 bodyH=0.8439 slip=+0.0280 d=(0.12506,0.15422) av=(0,0.103169,0)
reseed=0 in=(128,0,255,0) steer=+0.500 gnd=4.0 sp=4287.87 horiz=4287.16 velH=0.8506 bodyH=0.8226 slip=+0.0281 d=(0.12838,0.15159) av=(0,0.103183,0)
reseed=0 in=(128,0,255,0) steer=+0.500 gnd=4.0 sp=4289.57 horiz=4288.85 velH=0.8293 bodyH=0.8012 slip=+0.0281 d=(0.13163,0.14887) av=(0,0.103197,0)
reseed=0 in=(128,0,255,0) steer=+0.500 gnd=4.0 sp=4291.21 horiz=4290.50 velH=0.8080 bodyH=0.7799 slip=+0.0281 d=(0.13483,0.14609) av=(0,0.103211,0)
reseed=0 in=(128,0,255,0) steer=+0.500 gnd=4.0 sp=4292.80 horiz=4292.09 velH=0.7866 bodyH=0.7586 slip=+0.0281 d=(0.13797,0.14323) av=(0,0.103224,0)
reseed=0 in=(128,0,255,0) steer=+0.500 gnd=4.0 sp=4294.35 horiz=4293.63 velH=0.7653 bodyH=0.7372 slip=+0.0281 d=(0.14105,0.14031) av=(0,0.103236,0)
reseed=0 in=(128,0,255,0) steer=+0.500 gnd=4.0 sp=4295.84 horiz=4295.12 velH=0.7440 bodyH=0.7159 slip=+0.0281 d=(0.14406,0.13732) av=(0,0.103249,0)
reseed=0 in=(128,0,255,0) steer=+0.500 gnd=4.0 sp=4297.29 horiz=4296.57 velH=0.7227 bodyH=0.6946 slip=+0.0281 d=(0.14701,0.13426) av=(0,0.10326,0)
reseed=0 in=(128,0,255,0) steer=+0.500 gnd=4.0 sp=4298.69 horiz=4297.97 velH=0.7013 bodyH=0.6732 slip=+0.0281 d=(0.14989,0.13114) av=(0,0.103272,0)
reseed=0 in=(0,128,255,0) steer=-0.500 gnd=4.0 sp=4302.47 horiz=4302.45 velH=0.6988 bodyH=0.6946 slip=+0.0042 d=(0.15235,0.12841) av=(0,0.0262397,0)
reseed=0 in=(0,128,255,0) steer=-0.500 gnd=4.0 sp=4306.70 horiz=4306.62 velH=0.7068 bodyH=0.7159 slip=-0.0091 d=(0.15255,0.12849) av=(0,-0.0177755,0)
reseed=0 in=(0,128,255,0) steer=-0.500 gnd=4.0 sp=4310.07 horiz=4309.80 velH=0.7205 bodyH=0.7372 slip=-0.0168 d=(0.15151,0.13000) av=(0,-0.0430446,0)
reseed=0 in=(0,128,255,0) steer=-0.500 gnd=4.0 sp=4312.58 horiz=4312.16 velH=0.7373 bodyH=0.7586 slip=-0.0213 d=(0.14974,0.13225) av=(0,-0.0580587,0)
reseed=0 in=(0,128,255,0) steer=-0.500 gnd=4.0 sp=4314.47 horiz=4313.94 velH=0.7559 bodyH=0.7799 slip=-0.0240 d=(0.14752,0.13487) av=(0,-0.067107,0)
reseed=0 in=(0,128,255,0) steer=-0.500 gnd=4.0 sp=4315.94 horiz=4315.33 velH=0.7756 bodyH=0.8012 slip=-0.0256 d=(0.14501,0.13768) av=(0,-0.0726073,0)
reseed=0 in=(0,128,255,0) steer=-0.500 gnd=4.0 sp=4317.12 horiz=4316.47 velH=0.7960 bodyH=0.8226 slip=-0.0266 d=(0.14230,0.14057) av=(0,-0.0759685,0)
reseed=0 in=(0,128,255,0) steer=-0.500 gnd=4.0 sp=4318.12 horiz=4317.45 velH=0.8167 bodyH=0.8439 slip=-0.0272 d=(0.13943,0.14349) av=(0,-0.0780289,0)
reseed=0 in=(0,128,255,0) steer=-0.500 gnd=4.0 sp=4319.01 horiz=4318.31 velH=0.8377 bodyH=0.8653 slip=-0.0276 d=(0.13645,0.14638) av=(0,-0.0792945,0)
reseed=0 in=(0,128,255,0) steer=-0.500 gnd=4.0 sp=4319.81 horiz=4319.10 velH=0.8588 bodyH=0.8866 slip=-0.0278 d=(0.13337,0.14925) av=(0,-0.080073,0)
reseed=0 in=(0,128,255,0) steer=-0.500 gnd=4.0 sp=4320.55 horiz=4319.83 velH=0.8800 bodyH=0.9079 slip=-0.0279 d=(0.13021,0.15206) av=(0,-0.0805525,0)
reseed=0 in=(0,128,255,0) steer=-0.500 gnd=4.0 sp=4321.24 horiz=4320.53 velH=0.9013 bodyH=0.9293 slip=-0.0280 d=(0.12698,0.15481) av=(0,-0.0808483,0)
reseed=0 in=(0,128,255,0) steer=-0.500 gnd=4.0 sp=4321.91 horiz=4321.19 velH=0.9225 bodyH=0.9506 slip=-0.0281 d=(0.12368,0.15750) av=(0,-0.0810313,0)
reseed=0 in=(0,128,255,0) steer=-0.500 gnd=4.0 sp=4322.54 horiz=4321.82 velH=0.9438 bodyH=0.9719 slip=-0.0281 d=(0.12032,0.16012) av=(0,-0.0811449,0)
reseed=0 in=(0,128,255,0) steer=-0.500 gnd=4.0 sp=4323.15 horiz=4322.43 velH=0.9652 bodyH=0.9933 slip=-0.0281 d=(0.11689,0.16267) av=(0,-0.0812159,0)
reseed=0 in=(0,128,255,0) steer=-0.500 gnd=4.0 sp=4323.74 horiz=4323.01 velH=0.9865 bodyH=1.0146 slip=-0.0281 d=(0.11342,0.16515) av=(0,-0.0812608,0)
reseed=0 in=(0,128,255,0) steer=-0.500 gnd=4.0 sp=4324.30 horiz=4323.58 velH=1.0078 bodyH=1.0360 slip=-0.0281 d=(0.10988,0.16755) av=(0,-0.0812895,0)
reseed=0 in=(0,128,255,0) steer=-0.500 gnd=4.0 sp=4324.85 horiz=4324.13 velH=1.0291 bodyH=1.0573 slip=-0.0281 d=(0.10630,0.16988) av=(0,-0.0813083,0)
reseed=0 in=(0,128,255,0) steer=-0.500 gnd=4.0 sp=4325.38 horiz=4324.66 velH=1.0505 bodyH=1.0786 slip=-0.0281 d=(0.10266,0.17213) av=(0,-0.081321,0)
reseed=0 in=(0,128,255,0) steer=-0.500 gnd=4.0 sp=4325.90 horiz=4325.17 velH=1.0718 bodyH=1.1000 slip=-0.0281 d=(0.09898,0.17430) av=(0,-0.08133,0)
reseed=0 in=(0,128,255,0) steer=-0.500 gnd=4.0 sp=4326.40 horiz=4325.67 velH=1.0931 bodyH=1.1213 slip=-0.0282 d=(0.09525,0.17640) av=(0,-0.0813365,0)
reseed=0 in=(0,128,255,0) steer=-0.500 gnd=4.0 sp=4326.88 horiz=4326.15 velH=1.1145 bodyH=1.1426 slip=-0.0282 d=(0.09148,0.17841) av=(0,-0.0813416,0)
reseed=0 in=(0,128,255,0) steer=-0.500 gnd=4.0 sp=4327.35 horiz=4326.62 velH=1.1358 bodyH=1.1640 slip=-0.0282 d=(0.08766,0.18034) av=(0,-0.0813458,0)
reseed=0 in=(0,128,255,0) steer=-0.500 gnd=4.0 sp=4327.80 horiz=4327.07 velH=1.1572 bodyH=1.1853 slip=-0.0282 d=(0.08380,0.18219) av=(0,-0.0813494,0)
reseed=0 in=(0,128,255,0) steer=-0.500 gnd=4.0 sp=4328.24 horiz=4327.51 velH=1.1785 bodyH=1.2066 slip=-0.0282 d=(0.07990,0.18395) av=(0,-0.0813525,0)
reseed=0 in=(0,128,255,0) steer=-0.500 gnd=4.0 sp=4328.66 horiz=4327.93 velH=1.1998 bodyH=1.2280 slip=-0.0282 d=(0.07597,0.18564) av=(0,-0.0813554,0)
reseed=0 in=(0,128,255,0) steer=-0.500 gnd=4.0 sp=4329.07 horiz=4328.34 velH=1.2212 bodyH=1.2493 slip=-0.0282 d=(0.07200,0.18723) av=(0,-0.081358,0)
reseed=0 in=(0,128,255,0) steer=-0.500 gnd=4.0 sp=4329.47 horiz=4328.74 velH=1.2425 bodyH=1.2707 slip=-0.0282 d=(0.06799,0.18874) av=(0,-0.0813606,0)
reseed=0 in=(0,128,255,0) steer=-0.500 gnd=4.0 sp=4329.85 horiz=4329.13 velH=1.2638 bodyH=1.2920 slip=-0.0282 d=(0.06396,0.19017) av=(0,-0.081363,0)
reseed=0 in=(0,128,255,0) steer=-0.500 gnd=4.0 sp=4330.23 horiz=4329.50 velH=1.2852 bodyH=1.3133 slip=-0.0282 d=(0.05989,0.19151) av=(0,-0.0813653,0)
reseed=0 in=(0,128,255,0) steer=-0.500 gnd=4.0 sp=4330.59 horiz=4329.86 velH=1.3065 bodyH=1.3347 slip=-0.0282 d=(0.05580,0.19276) av=(0,-0.0813675,0)
reseed=0 in=(0,128,255,0) steer=-0.500 gnd=4.0 sp=4330.94 horiz=4330.21 velH=1.3278 bodyH=1.3560 slip=-0.0282 d=(0.05168,0.19392) av=(0,-0.0813697,0)
reseed=0 in=(0,128,255,0) steer=-0.500 gnd=4.0 sp=4331.28 horiz=4330.55 velH=1.3492 bodyH=1.3773 slip=-0.0282 d=(0.04753,0.19499) av=(0,-0.0813718,0)
reseed=0 in=(0,128,255,0) steer=-0.500 gnd=4.0 sp=4331.61 horiz=4330.88 velH=1.3705 bodyH=1.3987 slip=-0.0282 d=(0.04336,0.19598) av=(0,-0.0813738,0)
reseed=0 in=(0,128,255,0) steer=-0.500 gnd=4.0 sp=4331.93 horiz=4331.20 velH=1.3918 bodyH=1.4200 slip=-0.0282 d=(0.03918,0.19687) av=(0,-0.0813757,0)
reseed=0 in=(0,128,255,0) steer=-0.500 gnd=4.0 sp=4332.24 horiz=4331.51 velH=1.4132 bodyH=1.4414 slip=-0.0282 d=(0.03497,0.19768) av=(0,-0.0813776,0)
reseed=0 in=(0,128,255,0) steer=-0.500 gnd=4.0 sp=4332.54 horiz=4331.81 velH=1.4345 bodyH=1.4627 slip=-0.0282 d=(0.03075,0.19839) av=(0,-0.0813794,0)
reseed=0 in=(0,128,255,0) steer=-0.500 gnd=4.0 sp=13.12 horiz=13.12 velH=1.4627 bodyH=1.4627 slip=+0.0000 d=(0.00002,0.00015) av=(0,7.25146e-09,0)
reseed=0 in=(0,128,255,0) steer=-0.500 gnd=4.0 sp=26.78 horiz=26.78 velH=1.4630 bodyH=1.4630 slip=+0.0000 d=(0.00008,0.00076) av=(0,1.95702e-07,0)
reseed=0 in=(0,128,255,0) steer=-0.500 gnd=4.0 sp=41.24 horiz=41.24 velH=1.4634 bodyH=1.4634 slip=+0.0000 d=(0.00015,0.00140) av=(0,1.2155e-06,0)
reseed=0 in=(0,128,255,0) steer=-0.500 gnd=4.0 sp=56.54 horiz=56.54 velH=1.4641 bodyH=1.4640 slip=+0.0000 d=(0.00022,0.00207) av=(0,4.47744e-06,0)
reseed=0 in=(0,128,255,0) steer=-0.500 gnd=4.0 sp=72.74 horiz=72.74 velH=1.4649 bodyH=1.4649 slip=+0.0000 d=(0.00030,0.00279) av=(0,1.24777e-05,0)
reseed=0 in=(0,128,255,0) steer=-0.500 gnd=4.0 sp=89.88 horiz=89.88 velH=1.4661 bodyH=1.4660 slip=+0.0001 d=(0.00037,0.00355) av=(0,2.91567e-05,0)
reseed=0 in=(0,128,255,0) steer=-0.500 gnd=4.0 sp=108.01 horiz=108.01 velH=1.4675 bodyH=1.4673 slip=+0.0001 d=(0.00045,0.00435) av=(0,6.01952e-05,0)
reseed=0 in=(0,128,255,0) steer=-0.500 gnd=4.0 sp=127.19 horiz=127.19 velH=1.4692 bodyH=1.4689 slip=+0.0002 d=(0.00053,0.00520) av=(0,0.000113031,0)
reseed=0 in=(0,128,255,0) steer=-0.500 gnd=4.0 sp=147.47 horiz=147.47 velH=1.4712 bodyH=1.4708 slip=+0.0004 d=(0.00061,0.00610) av=(0,0.000196139,0)
reseed=0 in=(0,128,255,0) steer=-0.500 gnd=4.0 sp=168.92 horiz=168.92 velH=1.4737 bodyH=1.4730 slip=+0.0007 d=(0.00069,0.00705) av=(0,0.000316697,0)
reseed=0 in=(0,128,255,0) steer=-0.500 gnd=4.0 sp=191.59 horiz=191.59 velH=1.4766 bodyH=1.4755 slip=+0.0011 d=(0.00077,0.00805) av=(0,0.000475025,0)
reseed=0 in=(0,128,255,0) steer=-0.500 gnd=4.0 sp=215.55 horiz=215.55 velH=1.4800 bodyH=1.4783 slip=+0.0017 d=(0.00085,0.00911) av=(0,0.000652786,0)
reseed=0 in=(0,128,255,0) steer=-0.500 gnd=4.0 sp=240.87 horiz=240.87 velH=1.4842 bodyH=1.4814 slip=+0.0027 d=(0.00091,0.01024) av=(0,0.000749503,0)
reseed=0 in=(0,128,255,0) steer=-0.500 gnd=4.0 sp=261.02 horiz=261.02 velH=1.4877 bodyH=1.4850 slip=+0.0028 d=(0.00097,0.01143) av=(0,0.000428393,0)
reseed=0 in=(0,128,255,0) steer=-0.500 gnd=4.0 sp=275.53 horiz=275.53 velH=1.4913 bodyH=1.4887 slip=+0.0026 d=(0.00100,0.01222) av=(0,0.000107524,0)
reseed=0 in=(0,128,255,0) steer=-0.500 gnd=4.0 sp=290.86 horiz=290.86 velH=1.4960 bodyH=1.4927 slip=+0.0033 d=(0.00101,0.01291) av=(0,-0.000191293,0)
reseed=0 in=(0,128,255,0) steer=-0.500 gnd=4.0 sp=307.06 horiz=307.06 velH=1.5015 bodyH=1.4969 slip=+0.0046 d=(0.00100,0.01363) av=(0,-0.000488685,0)
reseed=0 in=(0,128,255,0) steer=-0.500 gnd=4.0 sp=324.18 horiz=324.18 velH=1.5077 bodyH=1.5013 slip=+0.0064 d=(0.00097,0.01439) av=(0,-0.000784323,0)
reseed=0 in=(0,128,255,0) steer=-0.500 gnd=4.0 sp=342.27 horiz=342.27 velH=1.5120 bodyH=1.5060 slip=+0.0060 d=(0.00093,0.01520) av=(0,-0.00279148,0)
reseed=0 in=(0,128,255,0) steer=-0.500 gnd=4.0 sp=361.38 horiz=361.38 velH=1.5161 bodyH=1.5109 slip=+0.0052 d=(0.00092,0.01605) av=(0,-0.00551911,0)
reseed=0 in=(0,128,255,0) steer=-0.500 gnd=4.0 sp=381.56 horiz=381.55 velH=1.5208 bodyH=1.5161 slip=+0.0046 d=(0.00090,0.01696) av=(0,-0.00758185,0)
reseed=0 in=(0,128,255,0) steer=-0.500 gnd=4.0 sp=402.86 horiz=402.85 velH=1.5258 bodyH=1.5216 slip=+0.0042 d=(0.00087,0.01791) av=(0,-0.00922277,0)
reseed=0 in=(0,128,255,0) steer=-0.500 gnd=4.0 sp=425.34 horiz=425.34 velH=1.5312 bodyH=1.5275 slip=+0.0038 d=(0.00082,0.01891) av=(0,-0.0106041,0)
reseed=0 in=(0,128,255,0) steer=-0.500 gnd=4.0 sp=449.08 horiz=449.07 velH=1.5370 bodyH=1.5336 slip=+0.0034 d=(0.00076,0.01997) av=(0,-0.0132477,0)
reseed=0 in=(0,128,255,0) steer=-0.500 gnd=4.0 sp=474.13 horiz=474.13 velH=1.5431 bodyH=1.5401 slip=+0.0030 d=(0.00068,0.02109) av=(0,-0.01632,0)
reseed=0 in=(0,128,255,0) steer=-0.500 gnd=4.0 sp=500.56 horiz=500.56 velH=1.5496 bodyH=1.5469 slip=+0.0026 d=(0.00058,0.02227) av=(0,-0.0186239,0)
reseed=0 in=(0,128,255,0) steer=-0.500 gnd=4.0 sp=528.43 horiz=528.43 velH=1.5564 bodyH=1.5541 slip=+0.0022 d=(0.00046,0.02351) av=(0,-0.0206723,0)
reseed=0 in=(0,128,255,0) steer=-0.500 gnd=4.0 sp=557.82 horiz=557.82 velH=1.5636 bodyH=1.5617 slip=+0.0018 d=(0.00031,0.02482) av=(0,-0.0227055,0)
reseed=0 in=(0,128,255,0) steer=-0.500 gnd=4.0 sp=588.80 horiz=588.80 velH=1.5712 bodyH=1.5698 slip=+0.0014 d=(0.00014,0.02621) av=(0,-0.0248328,0)
reseed=0 in=(0,128,255,0) steer=-0.500 gnd=4.0 sp=621.44 horiz=621.44 velH=1.5792 bodyH=1.5783 slip=+0.0009 d=(-0.00007,0.02766) av=(0,-0.0271035,0)
reseed=0 in=(0,128,255,0) steer=-0.500 gnd=4.0 sp=655.83 horiz=655.83 velH=1.5877 bodyH=1.5872 slip=+0.0004 d=(-0.00031,0.02919) av=(0,-0.0295413,0)
reseed=0 in=(0,128,255,0) steer=-0.500 gnd=4.0 sp=692.05 horiz=692.05 velH=1.5966 bodyH=1.5967 slip=-0.0001 d=(-0.00059,0.03080) av=(0,-0.0321594,0)
reseed=0 in=(0,128,255,0) steer=-0.500 gnd=4.0 sp=730.19 horiz=730.19 velH=1.6060 bodyH=1.6067 slip=-0.0006 d=(-0.00091,0.03250) av=(0,-0.0349678,0)
reseed=0 in=(0,128,255,0) steer=-0.500 gnd=4.0 sp=770.32 horiz=770.32 velH=1.6160 bodyH=1.6172 slip=-0.0012 d=(-0.00129,0.03428) av=(0,-0.0379756,0)
reseed=0 in=(0,128,255,0) steer=-0.500 gnd=4.0 sp=812.55 horiz=812.55 velH=1.6265 bodyH=1.6283 slip=-0.0018 d=(-0.00173,0.03614) av=(0,-0.0411925,0)
reseed=0 in=(0,128,255,0) steer=-0.500 gnd=4.0 sp=856.96 horiz=856.96 velH=1.6376 bodyH=1.6400 slip=-0.0025 d=(-0.00222,0.03810) av=(0,-0.0446289,0)
reseed=0 in=(0,128,255,0) steer=-0.500 gnd=4.0 sp=903.64 horiz=903.64 velH=1.6492 bodyH=1.6524 slip=-0.0031 d=(-0.00279,0.04015) av=(0,-0.048296,0)
reseed=0 in=(0,128,255,0) steer=-0.500 gnd=4.0 sp=952.70 horiz=952.69 velH=1.6615 bodyH=1.6654 slip=-0.0039 d=(-0.00344,0.04230) av=(0,-0.0522051,0)
reseed=0 in=(0,128,255,0) steer=-0.500 gnd=4.0 sp=1004.22 horiz=1004.22 velH=1.6745 bodyH=1.6791 slip=-0.0046 d=(-0.00419,0.04455) av=(0,-0.0563682,0)
reseed=0 in=(0,128,255,0) steer=-0.500 gnd=4.0 sp=1058.31 horiz=1058.30 velH=1.6882 bodyH=1.6936 slip=-0.0055 d=(-0.00503,0.04689) av=(0,-0.0606538,0)
reseed=0 in=(0,128,255,0) steer=-0.500 gnd=4.0 sp=1115.06 horiz=1115.05 velH=1.7026 bodyH=1.7089 slip=-0.0063 d=(-0.00598,0.04934) av=(0,-0.0634285,0)
reseed=0 in=(0,128,255,0) steer=-0.500 gnd=4.0 sp=1173.72 horiz=1173.71 velH=1.7176 bodyH=1.7249 slip=-0.0073 d=(-0.00705,0.05188) av=(0,-0.0650603,0)
reseed=0 in=(0,128,255,0) steer=-0.500 gnd=4.0 sp=1232.09 horiz=1232.07 velH=1.7333 bodyH=1.7418 slip=-0.0085 d=(-0.00824,0.05445) av=(0,-0.0660418,0)
reseed=0 in=(0,128,255,0) steer=-0.500 gnd=4.0 sp=1290.13 horiz=1290.09 velH=1.7497 bodyH=1.7596 slip=-0.0098 d=(-0.00955,0.05698) av=(0,-0.0666608,0)
reseed=0 in=(0,128,255,0) steer=-0.500 gnd=4.0 sp=1347.79 horiz=1347.75 velH=1.7669 bodyH=1.7781 slip=-0.0112 d=(-0.01097,0.05946) av=(0,-0.0670403,0)
reseed=0 in=(0,128,255,0) steer=-0.500 gnd=4.0 sp=1405.05 horiz=1405.00 velH=1.7850 bodyH=1.7975 slip=-0.0125 d=(-0.01253,0.06187) av=(0,-0.0672317,0)
reseed=0 in=(0,128,255,0) steer=-0.500 gnd=4.0 sp=1461.88 horiz=1461.80 velH=1.8038 bodyH=1.8177 slip=-0.0139 d=(-0.01422,0.06422) av=(0,-0.0672559,0)
reseed=0 in=(0,128,255,0) steer=-0.500 gnd=4.0 sp=1518.23 horiz=1518.14 velH=1.8234 bodyH=1.8387 slip=-0.0152 d=(-0.01606,0.06649) av=(0,-0.0671216,0)
reseed=0 in=(0,128,255,0) steer=-0.500 gnd=4.0 sp=1574.09 horiz=1573.98 velH=1.8437 bodyH=1.8600 slip=-0.0163 d=(-0.01803,0.06868) av=(0,-0.0669611,0)
reseed=0 in=(0,128,255,0) steer=-0.500 gnd=4.0 sp=1629.46 horiz=1629.34 velH=1.8643 bodyH=1.8814 slip=-0.0170 d=(-0.02013,0.07079) av=(0,-0.0669134,0)
reseed=0 in=(0,128,255,0) steer=-0.500 gnd=4.0 sp=1684.32 horiz=1684.19 velH=1.8852 bodyH=1.9027 slip=-0.0175 d=(-0.02233,0.07280) av=(0,-0.0670166,0)
reseed=0 in=(0,128,255,0) steer=-0.500 gnd=4.0 sp=1738.67 horiz=1738.52 velH=1.9061 bodyH=1.9240 slip=-0.0180 d=(-0.02464,0.07473) av=(0,-0.0672258,0)
reseed=0 in=(0,128,255,0) steer=-0.500 gnd=4.0 sp=1792.48 horiz=1792.33 velH=1.9270 bodyH=1.9454 slip=-0.0183 d=(-0.02703,0.07657) av=(0,-0.0674797,0)
reseed=0 in=(0,128,255,0) steer=-0.500 gnd=4.0 sp=1845.75 horiz=1845.58 velH=1.9480 bodyH=1.9667 slip=-0.0187 d=(-0.02951,0.07831) av=(0,-0.0677505,0)
reseed=0 in=(0,128,255,0) steer=-0.500 gnd=4.0 sp=1898.45 horiz=1898.27 velH=1.9691 bodyH=1.9880 slip=-0.0190 d=(-0.03206,0.07996) av=(0,-0.068026,0)
reseed=0 in=(0,128,255,0) steer=-0.500 gnd=4.0 sp=1950.56 horiz=1950.38 velH=1.9901 bodyH=2.0094 slip=-0.0193 d=(-0.03469,0.08151) av=(0,-0.068301,0)
reseed=0 in=(0,128,255,0) steer=-0.500 gnd=4.0 sp=2002.08 horiz=2001.89 velH=2.0112 bodyH=2.0307 slip=-0.0195 d=(-0.03739,0.08296) av=(0,-0.0685733,0)
reseed=0 in=(0,128,255,0) steer=-0.500 gnd=4.0 sp=2052.99 horiz=2052.79 velH=2.0323 bodyH=2.0521 slip=-0.0198 d=(-0.04015,0.08430) av=(0,-0.068842,0)
reseed=0 in=(0,128,255,0) steer=-0.500 gnd=4.0 sp=2103.27 horiz=2103.06 velH=2.0534 bodyH=2.0734 slip=-0.0200 d=(-0.04297,0.08554) av=(0,-0.069107,0)
reseed=0 in=(0,128,255,0) steer=-0.500 gnd=4.0 sp=2152.91 horiz=2152.69 velH=2.0745 bodyH=2.0947 slip=-0.0203 d=(-0.04585,0.08667) av=(0,-0.0693682,0)
reseed=0 in=(0,128,255,0) steer=-0.500 gnd=4.0 sp=2201.89 horiz=2201.66 velH=2.0956 bodyH=2.1161 slip=-0.0205 d=(-0.04879,0.08768) av=(0,-0.0696257,0)
reseed=0 in=(0,128,255,0) steer=-0.500 gnd=4.0 sp=2250.21 horiz=2249.98 velH=2.1167 bodyH=2.1374 slip=-0.0207 d=(-0.05177,0.08859) av=(0,-0.0698794,0)
reseed=0 in=(0,128,255,0) steer=-0.500 gnd=4.0 sp=2297.86 horiz=2297.62 velH=2.1378 bodyH=2.1587 slip=-0.0209 d=(-0.05479,0.08938) av=(0,-0.0701295,0)
reseed=0 in=(0,128,255,0) steer=-0.500 gnd=4.0 sp=2344.83 horiz=2344.57 velH=2.1590 bodyH=2.1801 slip=-0.0211 d=(-0.05786,0.09005) av=(0,-0.070376,0)
reseed=0 in=(0,128,255,0) steer=-0.500 gnd=4.0 sp=2391.10 horiz=2390.83 velH=2.1801 bodyH=2.2014 slip=-0.0213 d=(-0.06096,0.09061) av=(0,-0.0706189,0)
reseed=0 in=(0,128,255,0) steer=-0.500 gnd=4.0 sp=2436.67 horiz=2436.39 velH=2.2013 bodyH=2.2228 slip=-0.0215 d=(-0.06409,0.09105) av=(0,-0.0708582,0)
reseed=0 in=(0,128,255,0) steer=-0.500 gnd=4.0 sp=2481.53 horiz=2481.25 velH=2.2224 bodyH=2.2441 slip=-0.0217 d=(-0.06724,0.09137) av=(0,-0.0710939,0)
reseed=0 in=(0,128,255,0) steer=-0.500 gnd=4.0 sp=2525.68 horiz=2525.39 velH=2.2436 bodyH=2.2654 slip=-0.0219 d=(-0.07042,0.09156) av=(0,-0.0713261,0)
reseed=0 in=(0,128,255,0) steer=-0.500 gnd=4.0 sp=2569.12 horiz=2568.81 velH=2.2647 bodyH=2.2868 slip=-0.0220 d=(-0.07362,0.09164) av=(0,-0.0715547,0)
reseed=0 in=(0,128,255,0) steer=-0.500 gnd=4.0 sp=2611.83 horiz=2611.52 velH=2.2859 bodyH=2.3081 slip=-0.0222 d=(-0.07683,0.09160) av=(0,-0.0717798,0)
reseed=0 in=(0,128,255,0) steer=-0.500 gnd=4.0 sp=2653.82 horiz=2653.50 velH=2.3071 bodyH=2.3294 slip=-0.0224 d=(-0.08005,0.09144) av=(0,-0.0720013,0)
reseed=0 in=(0,128,255,0) steer=-0.500 gnd=4.0 sp=2695.08 horiz=2694.75 velH=2.3283 bodyH=2.3508 slip=-0.0225 d=(-0.08327,0.09115) av=(0,-0.0722193,0)
reseed=0 in=(0,128,255,0) steer=-0.500 gnd=4.0 sp=2735.61 horiz=2735.27 velH=2.3494 bodyH=2.3721 slip=-0.0227 d=(-0.08650,0.09075) av=(0,-0.0724337,0)
reseed=0 in=(0,128,255,0) steer=-0.500 gnd=4.0 sp=2775.41 horiz=2775.07 velH=2.3706 bodyH=2.3934 slip=-0.0228 d=(-0.08972,0.09022) av=(0,-0.0726447,0)
reseed=0 in=(0,128,255,0) steer=-0.500 gnd=4.0 sp=2814.48 horiz=2814.13 velH=2.3918 bodyH=2.4148 slip=-0.0230 d=(-0.09293,0.08957) av=(0,-0.072852,0)
reseed=0 in=(0,128,255,0) steer=-0.500 gnd=4.0 sp=2852.83 horiz=2852.47 velH=2.4130 bodyH=2.4361 slip=-0.0231 d=(-0.09613,0.08881) av=(0,-0.0730559,0)
reseed=0 in=(0,128,255,0) steer=-0.500 gnd=4.0 sp=2890.45 horiz=2890.08 velH=2.4342 bodyH=2.4575 slip=-0.0232 d=(-0.09932,0.08792) av=(0,-0.0732562,0)
reseed=0 in=(0,128,255,0) steer=-0.500 gnd=4.0 sp=2927.34 horiz=2926.96 velH=2.4554 bodyH=2.4788 slip=-0.0234 d=(-0.10248,0.08692) av=(0,-0.073453,0)
reseed=0 in=(0,128,255,0) steer=-0.500 gnd=4.0 sp=2963.51 horiz=2963.12 velH=2.4766 bodyH=2.5001 slip=-0.0235 d=(-0.10562,0.08580) av=(0,-0.0736463,0)
reseed=0 in=(0,128,255,0) steer=-0.500 gnd=4.0 sp=2998.95 horiz=2998.56 velH=2.4978 bodyH=2.5215 slip=-0.0236 d=(-0.10873,0.08457) av=(0,-0.0738361,0)
reseed=0 in=(0,128,255,0) steer=-0.500 gnd=4.0 sp=3033.69 horiz=3033.29 velH=2.5191 bodyH=2.5428 slip=-0.0238 d=(-0.11181,0.08322) av=(0,-0.0740224,0)
reseed=0 in=(0,128,255,0) steer=-0.500 gnd=4.0 sp=3067.71 horiz=3067.30 velH=2.5403 bodyH=2.5641 slip=-0.0239 d=(-0.11486,0.08176) av=(0,-0.0742053,0)
reseed=0 in=(0,128,255,0) steer=-0.500 gnd=4.0 sp=3101.02 horiz=3100.61 velH=2.5615 bodyH=2.5855 slip=-0.0240 d=(-0.11786,0.08018) av=(0,-0.0743847,0)
reseed=0 in=(255,0,255,0) steer=+1.000 gnd=4.0 sp=3132.63 horiz=3132.58 velH=2.5516 bodyH=2.5430 slip=+0.0086 d=(-0.12041,0.07912) av=(0,0.036201,0)
reseed=0 in=(255,0,255,0) steer=+1.000 gnd=4.0 sp=3162.26 horiz=3161.77 velH=2.5286 bodyH=2.5005 slip=+0.0282 d=(-0.12061,0.08145) av=(0,0.103895,0)
reseed=0 in=(255,0,255,0) steer=+1.000 gnd=4.0 sp=3188.99 horiz=3188.00 velH=2.4984 bodyH=2.4580 slip=+0.0404 d=(-0.11966,0.08514) av=(0,0.145455,0)
reseed=0 in=(255,0,255,0) steer=+1.000 gnd=4.0 sp=3213.19 horiz=3211.80 velH=2.4638 bodyH=2.4155 slip=+0.0484 d=(-0.11791,0.08954) av=(0,0.171527,0)
reseed=0 in=(255,0,255,0) steer=+1.000 gnd=4.0 sp=3235.41 horiz=3233.71 velH=2.4266 bodyH=2.3730 slip=+0.0536 d=(-0.11553,0.09430) av=(0,0.189281,0)
reseed=0 in=(255,0,255,0) steer=+1.000 gnd=4.0 sp=3256.07 horiz=3254.14 velH=2.3877 bodyH=2.3305 slip=+0.0572 d=(-0.11266,0.09924) av=(0,0.201432,0)
reseed=0 in=(255,0,255,0) steer=+1.000 gnd=4.0 sp=3275.50 horiz=3273.41 velH=2.3477 bodyH=2.2880 slip=+0.0597 d=(-0.10937,0.10421) av=(0,0.209855,0)
reseed=0 in=(255,0,255,0) steer=+1.000 gnd=4.0 sp=3293.94 horiz=3291.73 velH=2.3070 bodyH=2.2455 slip=+0.0615 d=(-0.10572,0.10915) av=(0,0.215791,0)
reseed=0 in=(255,0,255,0) steer=+1.000 gnd=4.0 sp=3311.55 horiz=3309.25 velH=2.2658 bodyH=2.2030 slip=+0.0628 d=(-0.10173,0.11400) av=(0,0.220057,0)
reseed=0 in=(255,0,255,0) steer=+1.000 gnd=4.0 sp=3328.44 horiz=3326.07 velH=2.2242 bodyH=2.1605 slip=+0.0638 d=(-0.09745,0.11872) av=(0,0.223197,0)
reseed=0 in=(255,0,255,0) steer=+1.000 gnd=4.0 sp=3344.72 horiz=3342.29 velH=2.1825 bodyH=2.1180 slip=+0.0645 d=(-0.09290,0.12329) av=(0,0.225571,0)
reseed=0 in=(255,0,255,0) steer=+1.000 gnd=4.0 sp=3360.42 horiz=3357.95 velH=2.1406 bodyH=2.0755 slip=+0.0651 d=(-0.08809,0.12767) av=(0,0.227424,0)
reseed=0 in=(255,0,255,0) steer=+1.000 gnd=4.0 sp=3375.61 horiz=3373.09 velH=2.0986 bodyH=2.0330 slip=+0.0656 d=(-0.08305,0.13186) av=(0,0.228916,0)
reseed=0 in=(255,0,255,0) steer=+1.000 gnd=4.0 sp=3390.30 horiz=3387.76 velH=2.0565 bodyH=1.9904 slip=+0.0660 d=(-0.07778,0.13584) av=(0,0.23016,0)
reseed=0 in=(255,0,255,0) steer=+1.000 gnd=4.0 sp=3404.54 horiz=3401.96 velH=2.0144 bodyH=1.9479 slip=+0.0664 d=(-0.07231,0.13959) av=(0,0.231228,0)
reseed=0 in=(255,0,255,0) steer=+1.000 gnd=4.0 sp=3418.33 horiz=3415.73 velH=1.9722 bodyH=1.9054 slip=+0.0667 d=(-0.06664,0.14310) av=(0,0.232173,0)
reseed=0 in=(255,0,255,0) steer=+1.000 gnd=4.0 sp=3431.71 horiz=3429.07 velH=1.9300 bodyH=1.8629 slip=+0.0671 d=(-0.06079,0.14637) av=(0,0.233027,0)
reseed=0 in=(255,0,255,0) steer=+1.000 gnd=4.0 sp=3444.67 horiz=3442.02 velH=1.8878 bodyH=1.8204 slip=+0.0673 d=(-0.05477,0.14938) av=(0,0.233815,0)
reseed=0 in=(255,0,255,0) steer=+1.000 gnd=4.0 sp=3457.25 horiz=3454.57 velH=1.8455 bodyH=1.7779 slip=+0.0676 d=(-0.04860,0.15213) av=(0,0.234553,0)
reseed=0 in=(255,0,255,0) steer=+1.000 gnd=4.0 sp=3469.44 horiz=3466.73 velH=1.8033 bodyH=1.7354 slip=+0.0679 d=(-0.04229,0.15460) av=(0,0.235252,0)
reseed=0 in=(255,0,255,0) steer=+1.000 gnd=4.0 sp=3481.26 horiz=3478.53 velH=1.7611 bodyH=1.6929 slip=+0.0681 d=(-0.03585,0.15680) av=(0,0.23592,0)
reseed=0 in=(255,0,255,0) steer=+1.000 gnd=4.0 sp=3492.72 horiz=3489.97 velH=1.7188 bodyH=1.6504 slip=+0.0684 d=(-0.02929,0.15870) av=(0,0.236562,0)
reseed=0 in=(255,0,255,0) steer=+1.000 gnd=4.0 sp=3503.83 horiz=3501.06 velH=1.6765 bodyH=1.6079 slip=+0.0686 d=(-0.02263,0.16032) av=(0,0.237182,0)
reseed=0 in=(255,0,255,0) steer=+1.000 gnd=4.0 sp=3514.60 horiz=3511.82 velH=1.6342 bodyH=1.5654 slip=+0.0688 d=(-0.01589,0.16164) av=(0,0.237781,0)
reseed=0 in=(255,0,255,0) steer=+1.000 gnd=4.0 sp=3525.04 horiz=3522.24 velH=1.5920 bodyH=1.5229 slip=+0.0690 d=(-0.00907,0.16266) av=(0,0.238364,0)
reseed=0 in=(255,0,255,0) steer=+1.000 gnd=4.0 sp=3535.16 horiz=3532.34 velH=1.5497 bodyH=1.4804 slip=+0.0692 d=(-0.00219,0.16338) av=(0,0.238929,0)
reseed=0 in=(255,0,255,0) steer=+1.000 gnd=4.0 sp=3544.97 horiz=3542.13 velH=1.5074 bodyH=1.4379 slip=+0.0694 d=(0.00473,0.16379) av=(0,0.239479,0)
reseed=0 in=(255,0,255,0) steer=+1.000 gnd=4.0 sp=3554.47 horiz=3551.61 velH=1.4651 bodyH=1.3954 slip=+0.0696 d=(0.01169,0.16389) av=(0,0.240015,0)
reseed=0 in=(255,0,255,0) steer=+1.000 gnd=4.0 sp=3563.67 horiz=3560.80 velH=1.4228 bodyH=1.3529 slip=+0.0698 d=(0.01866,0.16369) av=(0,0.240536,0)
reseed=0 in=(255,0,255,0) steer=+1.000 gnd=4.0 sp=3572.59 horiz=3569.70 velH=1.3804 bodyH=1.3104 slip=+0.0700 d=(0.02563,0.16317) av=(0,0.241044,0)
reseed=0 in=(255,0,255,0) steer=+1.000 gnd=4.0 sp=3581.23 horiz=3578.32 velH=1.3381 bodyH=1.2679 slip=+0.0702 d=(0.03259,0.16234) av=(0,0.241539,0)
reseed=0 in=(255,0,255,0) steer=+1.000 gnd=4.0 sp=3589.60 horiz=3586.67 velH=1.2958 bodyH=1.2254 slip=+0.0704 d=(0.03952,0.16120) av=(0,0.242021,0)
reseed=0 in=(255,0,255,0) steer=+1.000 gnd=4.0 sp=3597.70 horiz=3594.76 velH=1.2535 bodyH=1.1829 slip=+0.0706 d=(0.04641,0.15975) av=(0,0.24249,0)
reseed=0 in=(255,0,255,0) steer=+1.000 gnd=4.0 sp=3605.55 horiz=3602.59 velH=1.2111 bodyH=1.1404 slip=+0.0707 d=(0.05325,0.15800) av=(0,0.242946,0)
reseed=0 in=(255,0,255,0) steer=+1.000 gnd=4.0 sp=3613.14 horiz=3610.17 velH=1.1688 bodyH=1.0979 slip=+0.0709 d=(0.06002,0.15594) av=(0,0.243391,0)
reseed=0 in=(255,0,255,0) steer=+1.000 gnd=4.0 sp=3620.50 horiz=3617.51 velH=1.1265 bodyH=1.0554 slip=+0.0711 d=(0.06670,0.15358) av=(0,0.243824,0)
reseed=0 in=(255,0,255,0) steer=+1.000 gnd=4.0 sp=3627.62 horiz=3624.62 velH=1.0841 bodyH=1.0129 slip=+0.0712 d=(0.07329,0.15092) av=(0,0.244245,0)
reseed=0 in=(255,0,255,0) steer=+1.000 gnd=4.0 sp=3634.51 horiz=3631.50 velH=1.0418 bodyH=0.9704 slip=+0.0714 d=(0.07977,0.14797) av=(0,0.244655,0)
reseed=0 in=(255,0,255,0) steer=+1.000 gnd=4.0 sp=3641.18 horiz=3638.15 velH=0.9994 bodyH=0.9279 slip=+0.0715 d=(0.08613,0.14473) av=(0,0.245054,0)
reseed=0 in=(255,0,255,0) steer=+1.000 gnd=4.0 sp=3647.63 horiz=3644.59 velH=0.9570 bodyH=0.8854 slip=+0.0717 d=(0.09234,0.14121) av=(0,0.245442,0)
reseed=0 in=(255,0,255,0) steer=+1.000 gnd=4.0 sp=3653.88 horiz=3650.83 velH=0.9147 bodyH=0.8429 slip=+0.0718 d=(0.09841,0.13742) av=(0,0.245819,0)
reseed=0 in=(255,0,255,0) steer=+1.000 gnd=4.0 sp=3659.92 horiz=3656.86 velH=0.8723 bodyH=0.8004 slip=+0.0719 d=(0.10432,0.13335) av=(0,0.246185,0)
reseed=0 in=(255,0,255,0) steer=+1.000 gnd=4.0 sp=3665.77 horiz=3662.69 velH=0.8299 bodyH=0.7579 slip=+0.0721 d=(0.11006,0.12903) av=(0,0.246542,0)
reseed=0 in=(255,0,255,0) steer=+1.000 gnd=4.0 sp=3671.43 horiz=3668.34 velH=0.7876 bodyH=0.7154 slip=+0.0722 d=(0.11561,0.12444) av=(0,0.246888,0)
reseed=0 in=(255,0,255,0) steer=+1.000 gnd=4.0 sp=3676.90 horiz=3673.80 velH=0.7452 bodyH=0.6729 slip=+0.0723 d=(0.12096,0.11962) av=(0,0.247224,0)
reseed=0 in=(255,0,255,0) steer=+1.000 gnd=4.0 sp=3682.19 horiz=3679.08 velH=0.7028 bodyH=0.6304 slip=+0.0724 d=(0.12610,0.11456) av=(0,0.247551,0)
reseed=0 in=(255,0,255,0) steer=+1.000 gnd=4.0 sp=3687.31 horiz=3684.19 velH=0.6604 bodyH=0.5879 slip=+0.0726 d=(0.13103,0.10927) av=(0,0.247869,0)
reseed=0 in=(255,0,255,0) steer=+1.000 gnd=4.0 sp=3692.26 horiz=3689.13 velH=0.6180 bodyH=0.5454 slip=+0.0727 d=(0.13573,0.10376) av=(0,0.248177,0)
reseed=0 in=(255,0,255,0) steer=+1.000 gnd=4.0 sp=3697.05 horiz=3693.91 velH=0.5757 bodyH=0.5029 slip=+0.0728 d=(0.14019,0.09804) av=(0,0.248476,0)
reseed=0 in=(255,0,255,0) steer=+1.000 gnd=4.0 sp=3701.68 horiz=3698.53 velH=0.5333 bodyH=0.4604 slip=+0.0729 d=(0.14440,0.09213) av=(0,0.248767,0)
reseed=0 in=(255,0,255,0) steer=+1.000 gnd=4.0 sp=3706.15 horiz=3703.00 velH=0.4909 bodyH=0.4179 slip=+0.0730 d=(0.14836,0.08604) av=(0,0.249049,0)
reseed=0 in=(255,0,255,0) steer=+1.000 gnd=4.0 sp=3710.48 horiz=3707.32 velH=0.4485 bodyH=0.3754 slip=+0.0731 d=(0.15206,0.07977) av=(0,0.249323,0)
reseed=0 in=(255,0,255,0) steer=+1.000 gnd=4.0 sp=3714.67 horiz=3711.49 velH=0.4061 bodyH=0.3329 slip=+0.0732 d=(0.15548,0.07333) av=(0,0.249588,0)
reseed=0 in=(255,0,255,0) steer=+1.000 gnd=4.0 sp=3718.71 horiz=3715.53 velH=0.3636 bodyH=0.2904 slip=+0.0733 d=(0.15863,0.06675) av=(0,0.249846,0)
reseed=0 in=(255,0,255,0) steer=+1.000 gnd=4.0 sp=3722.63 horiz=3719.43 velH=0.3212 bodyH=0.2479 slip=+0.0734 d=(0.16149,0.06003) av=(0,0.250096,0)
reseed=0 in=(255,0,255,0) steer=+1.000 gnd=4.0 sp=3726.41 horiz=3723.21 velH=0.2788 bodyH=0.2054 slip=+0.0735 d=(0.16406,0.05319) av=(0,0.250338,0)
reseed=0 in=(255,0,255,0) steer=+1.000 gnd=4.0 sp=3730.06 horiz=3726.85 velH=0.2364 bodyH=0.1629 slip=+0.0735 d=(0.16633,0.04623) av=(0,0.250573,0)
reseed=0 in=(255,0,255,0) steer=+1.000 gnd=4.0 sp=3733.59 horiz=3730.38 velH=0.1940 bodyH=0.1204 slip=+0.0736 d=(0.16831,0.03917) av=(0,0.250801,0)
reseed=0 in=(255,0,255,0) steer=+1.000 gnd=4.0 sp=3737.01 horiz=3733.78 velH=0.1516 bodyH=0.0779 slip=+0.0737 d=(0.16998,0.03203) av=(0,0.251022,0)
reseed=0 in=(255,0,255,0) steer=+1.000 gnd=4.0 sp=3740.31 horiz=3737.08 velH=0.1091 bodyH=0.0354 slip=+0.0738 d=(0.17134,0.02481) av=(0,0.251236,0)
reseed=0 in=(255,0,255,0) steer=+1.000 gnd=4.0 sp=3743.49 horiz=3740.26 velH=0.0667 bodyH=-0.0072 slip=+0.0739 d=(0.17239,0.01754) av=(0,0.251443,0)
reseed=0 in=(255,0,255,0) steer=+1.000 gnd=4.0 sp=3746.57 horiz=3743.33 velH=0.0243 bodyH=-0.0497 slip=+0.0739 d=(0.17312,0.01022) av=(0,0.251644,0)
reseed=0 in=(255,0,255,0) steer=+1.000 gnd=4.0 sp=3749.55 horiz=3746.30 velH=-0.0181 bodyH=-0.0922 slip=+0.0740 d=(0.17354,0.00287) av=(0,0.251839,0)
reseed=0 in=(255,0,255,0) steer=+1.000 gnd=4.0 sp=3752.43 horiz=3749.17 velH=-0.0606 bodyH=-0.1347 slip=+0.0741 d=(0.17364,-0.00450) av=(0,0.252028,0)
reseed=0 in=(255,0,255,0) steer=+1.000 gnd=4.0 sp=3755.21 horiz=3751.95 velH=-0.1030 bodyH=-0.1772 slip=+0.0742 d=(0.17343,-0.01187) av=(0,0.25221,0)
reseed=0 in=(255,0,255,0) steer=+1.000 gnd=4.0 sp=3757.89 horiz=3754.62 velH=-0.1454 bodyH=-0.2197 slip=+0.0742 d=(0.17289,-0.01923) av=(0,0.252387,0)
reseed=0 in=(255,0,255,0) steer=+1.000 gnd=4.0 sp=3760.49 horiz=3757.21 velH=-0.1879 bodyH=-0.2622 slip=+0.0743 d=(0.17204,-0.02656) av=(0,0.252559,0)
reseed=0 in=(255,0,255,0) steer=+1.000 gnd=4.0 sp=3762.99 horiz=3759.71 velH=-0.2303 bodyH=-0.3047 slip=+0.0743 d=(0.17088,-0.03386) av=(0,0.252725,0)
reseed=0 in=(255,0,255,0) steer=+1.000 gnd=4.0 sp=3765.42 horiz=3762.13 velH=-0.2728 bodyH=-0.3472 slip=+0.0744 d=(0.16940,-0.04111) av=(0,0.252885,0)
reseed=0 in=(255,0,255,0) steer=+1.000 gnd=4.0 sp=3767.75 horiz=3764.47 velH=-0.3152 bodyH=-0.3897 slip=+0.0745 d=(0.16761,-0.04829) av=(0,0.253041,0)
reseed=0 in=(255,0,255,0) steer=+1.000 gnd=4.0 sp=3770.01 horiz=3766.72 velH=-0.3577 bodyH=-0.4322 slip=+0.0745 d=(0.16551,-0.05539) av=(0,0.253192,0)
reseed=1 in=(255,0,255,0) steer=+1.000 gnd=4.0 sp=1935.13 horiz=1934.97 velH=1.8203 bodyH=1.8010 slip=+0.0193 d=(-0.02333,0.08480) av=(0,0.225918,0)
reseed=0 in=(255,0,255,0) steer=+1.000 gnd=4.0 sp=1983.47 horiz=1983.06 velH=1.7888 bodyH=1.7585 slip=+0.0303 d=(-0.02176,0.08758) av=(0,0.204634,0)
reseed=0 in=(255,0,255,0) steer=+1.000 gnd=4.0 sp=2030.17 horiz=2029.56 velH=1.7528 bodyH=1.7160 slip=+0.0369 d=(-0.01938,0.09040) av=(0,0.193621,0)
reseed=0 in=(255,0,255,0) steer=+1.000 gnd=4.0 sp=2075.52 horiz=2074.76 velH=1.7144 bodyH=1.6735 slip=+0.0409 d=(-0.01644,0.09316) av=(0,0.187394,0)
reseed=0 in=(255,0,255,0) steer=+1.000 gnd=4.0 sp=2119.76 horiz=2118.89 velH=1.6744 bodyH=1.6310 slip=+0.0435 d=(-0.01310,0.09579) av=(0,0.185187,0)
reseed=0 in=(255,0,255,0) steer=+1.000 gnd=4.0 sp=2163.03 horiz=2162.08 velH=1.6337 bodyH=1.5885 slip=+0.0453 d=(-0.00945,0.09826) av=(0,0.184904,0)
reseed=0 in=(255,0,255,0) steer=+1.000 gnd=4.0 sp=2205.43 horiz=2204.41 velH=1.5925 bodyH=1.5460 slip=+0.0466 d=(-0.00554,0.10056) av=(0,0.185528,0)
reseed=0 in=(255,0,255,0) steer=+1.000 gnd=4.0 sp=2247.02 horiz=2245.94 velH=1.5510 bodyH=1.5035 slip=+0.0476 d=(-0.00142,0.10265) av=(0,0.186567,0)
reseed=0 in=(255,0,255,0) steer=+1.000 gnd=4.0 sp=2287.83 horiz=2286.70 velH=1.5094 bodyH=1.4610 slip=+0.0484 d=(0.00290,0.10454) av=(0,0.187783,0)
reseed=0 in=(255,0,255,0) steer=+1.000 gnd=4.0 sp=2327.87 horiz=2326.69 velH=1.4676 bodyH=1.4185 slip=+0.0491 d=(0.00738,0.10620) av=(0,0.189066,0)
reseed=0 in=(255,0,255,0) steer=+1.000 gnd=4.0 sp=2367.16 horiz=2365.94 velH=1.4257 bodyH=1.3760 slip=+0.0498 d=(0.01201,0.10764) av=(0,0.190366,0)
reseed=0 in=(255,0,255,0) steer=+1.000 gnd=4.0 sp=2405.72 horiz=2404.45 velH=1.3838 bodyH=1.3335 slip=+0.0504 d=(0.01678,0.10883) av=(0,0.19166,0)
reseed=0 in=(255,0,255,0) steer=+1.000 gnd=4.0 sp=2443.53 horiz=2442.22 velH=1.3419 bodyH=1.2910 slip=+0.0510 d=(0.02167,0.10978) av=(0,0.19294,0)
reseed=0 in=(255,0,255,0) steer=+1.000 gnd=4.0 sp=2480.61 horiz=2479.26 velH=1.3000 bodyH=1.2485 slip=+0.0515 d=(0.02666,0.11047) av=(0,0.194205,0)
reseed=0 in=(255,0,255,0) steer=+1.000 gnd=4.0 sp=2516.95 horiz=2515.57 velH=1.2580 bodyH=1.2059 slip=+0.0521 d=(0.03173,0.11089) av=(0,0.195454,0)
reseed=0 in=(255,0,255,0) steer=+1.000 gnd=4.0 sp=2552.57 horiz=2551.15 velH=1.2161 bodyH=1.1634 slip=+0.0526 d=(0.03688,0.11105) av=(0,0.196688,0)
reseed=1 in=(255,0,255,0) steer=+1.000 gnd=4.0 sp=1331.67 horiz=1331.61 velH=1.9242 bodyH=1.9117 slip=+0.0125 d=(-0.02176,0.05569) av=(0,0.174503,0)
reseed=0 in=(255,0,255,0) steer=+1.000 gnd=4.0 sp=1386.19 horiz=1386.05 velH=1.8940 bodyH=1.8735 slip=+0.0205 d=(-0.02122,0.05863) av=(0,0.168927,0)
reseed=0 in=(255,0,255,0) steer=+1.000 gnd=4.0 sp=1439.82 horiz=1439.59 velH=1.8599 bodyH=1.8339 slip=+0.0260 d=(-0.02018,0.06165) av=(0,0.167902,0)
reseed=0 in=(255,0,255,0) steer=+1.000 gnd=4.0 sp=1492.59 horiz=1492.26 velH=1.8231 bodyH=1.7927 slip=+0.0304 d=(-0.01872,0.06468) av=(0,0.169185,0)
reseed=0 in=(255,0,255,0) steer=+1.000 gnd=4.0 sp=1544.49 horiz=1544.07 velH=1.7842 bodyH=1.7503 slip=+0.0338 d=(-0.01689,0.06769) av=(0,0.16917,0)
reseed=0 in=(255,0,255,0) steer=+1.000 gnd=4.0 sp=1595.61 horiz=1595.12 velH=1.7440 bodyH=1.7078 slip=+0.0362 d=(-0.01472,0.07064) av=(0,0.168449,0)
reseed=0 in=(255,0,255,0) steer=+1.000 gnd=4.0 sp=1646.01 horiz=1645.47 velH=1.7031 bodyH=1.6653 slip=+0.0378 d=(-0.01225,0.07351) av=(0,0.169012,0)
reseed=0 in=(255,0,255,0) steer=+1.000 gnd=4.0 sp=1695.75 horiz=1695.15 velH=1.6619 bodyH=1.6228 slip=+0.0391 d=(-0.00952,0.07625) av=(0,0.170122,0)
reseed=0 in=(255,0,255,0) steer=+1.000 gnd=4.0 sp=1744.83 horiz=1744.18 velH=1.6205 bodyH=1.5803 slip=+0.0402 d=(-0.00656,0.07887) av=(0,0.171449,0)
reseed=0 in=(255,0,255,0) steer=+1.000 gnd=4.0 sp=1793.26 horiz=1792.57 velH=1.5789 bodyH=1.5378 slip=+0.0411 d=(-0.00338,0.08134) av=(0,0.172851,0)
reseed=0 in=(255,0,255,0) steer=+1.000 gnd=4.0 sp=1841.03 horiz=1840.30 velH=1.5372 bodyH=1.4953 slip=+0.0419 d=(0.00000,0.08364) av=(0,0.174268,0)
reseed=0 in=(255,0,255,0) steer=+1.000 gnd=4.0 sp=1888.15 horiz=1887.37 velH=1.4955 bodyH=1.4528 slip=+0.0427 d=(0.00358,0.08577) av=(0,0.175677,0)
reseed=0 in=(255,0,255,0) steer=+1.000 gnd=4.0 sp=1934.59 horiz=1933.78 velH=1.4538 bodyH=1.4103 slip=+0.0435 d=(0.00733,0.08772) av=(0,0.17707,0)
reseed=0 in=(255,0,255,0) steer=+1.000 gnd=4.0 sp=1980.36 horiz=1979.50 velH=1.4120 bodyH=1.3678 slip=+0.0442 d=(0.01125,0.08946) av=(0,0.178447,0)
reseed=0 in=(255,0,255,0) steer=+1.000 gnd=4.0 sp=2025.44 horiz=2024.55 velH=1.3702 bodyH=1.3253 slip=+0.0449 d=(0.01533,0.09100) av=(0,0.179808,0)
reseed=0 in=(255,0,255,0) steer=+1.000 gnd=4.0 sp=2069.83 horiz=2068.90 velH=1.3283 bodyH=1.2828 slip=+0.0455 d=(0.01955,0.09231) av=(0,0.181156,0)
reseed=0 in=(255,0,255,0) steer=+1.000 gnd=4.0 sp=2113.52 horiz=2112.55 velH=1.2865 bodyH=1.2403 slip=+0.0462 d=(0.02390,0.09340) av=(0,0.182491,0)
reseed=0 in=(255,0,255,0) steer=+1.000 gnd=4.0 sp=2156.51 horiz=2155.49 velH=1.2446 bodyH=1.1978 slip=+0.0468 d=(0.02836,0.09424) av=(0,0.183815,0)
reseed=0 in=(255,0,255,0) steer=+1.000 gnd=4.0 sp=2198.78 horiz=2197.72 velH=1.2027 bodyH=1.1553 slip=+0.0474 d=(0.03293,0.09485) av=(0,0.185128,0)
reseed=0 in=(255,0,255,0) steer=+1.000 gnd=4.0 sp=2240.33 horiz=2239.23 velH=1.1608 bodyH=1.1128 slip=+0.0481 d=(0.03759,0.09520) av=(0,0.186432,0)
reseed=1 in=(255,0,255,0) steer=+1.000 gnd=4.0 sp=1176.46 horiz=1176.44 velH=2.1369 bodyH=2.1281 slip=+0.0087 d=(-0.02900,0.04385) av=(0,0.168433,0)
reseed=0 in=(255,0,255,0) steer=+1.000 gnd=4.0 sp=1232.20 horiz=1232.14 velH=2.1091 bodyH=2.0944 slip=+0.0147 d=(-0.02931,0.04674) av=(0,0.163881,0)
reseed=0 in=(255,0,255,0) steer=+1.000 gnd=4.0 sp=1287.33 horiz=1287.22 velH=2.0783 bodyH=2.0591 slip=+0.0192 d=(-0.02928,0.04977) av=(0,0.162445,0)
reseed=0 in=(255,0,255,0) steer=+1.000 gnd=4.0 sp=1341.83 horiz=1341.66 velH=2.0452 bodyH=2.0222 slip=+0.0229 d=(-0.02894,0.05289) av=(0,0.162981,0)
reseed=0 in=(255,0,255,0) steer=+1.000 gnd=4.0 sp=1395.67 horiz=1395.44 velH=2.0101 bodyH=1.9838 slip=+0.0263 d=(-0.02829,0.05608) av=(0,0.164567,0)
reseed=0 in=(255,0,255,0) steer=+1.000 gnd=4.0 sp=1448.82 horiz=1448.52 velH=1.9733 bodyH=1.9439 slip=+0.0294 d=(-0.02733,0.05930) av=(0,0.166792,0)
reseed=0 in=(255,0,255,0) steer=+1.000 gnd=4.0 sp=1501.23 horiz=1500.85 velH=1.9349 bodyH=1.9025 slip=+0.0324 d=(-0.02606,0.06253) av=(0,0.167078,0)
reseed=0 in=(255,0,255,0) steer=+1.000 gnd=4.0 sp=1552.87 horiz=1552.42 velH=1.8951 bodyH=1.8600 slip=+0.0351 d=(-0.02446,0.06576) av=(0,0.16857,0)
reseed=0 in=(255,0,255,0) steer=+1.000 gnd=4.0 sp=1603.79 horiz=1603.28 velH=1.8544 bodyH=1.8175 slip=+0.0369 d=(-0.02256,0.06895) av=(0,0.168453,0)
reseed=0 in=(255,0,255,0) steer=+1.000 gnd=4.0 sp=1654.04 horiz=1653.48 velH=1.8133 bodyH=1.7750 slip=+0.0383 d=(-0.02037,0.07207) av=(0,0.169236,0)
reseed=0 in=(255,0,255,0) steer=+1.000 gnd=4.0 sp=1703.65 horiz=1703.04 velH=1.7719 bodyH=1.7325 slip=+0.0394 d=(-0.01793,0.07511) av=(0,0.17041,0)
reseed=0 in=(255,0,255,0) steer=+1.000 gnd=4.0 sp=1752.61 horiz=1751.95 velH=1.7304 bodyH=1.6900 slip=+0.0404 d=(-0.01525,0.07803) av=(0,0.171743,0)
reseed=0 in=(255,0,255,0) steer=+1.000 gnd=4.0 sp=1800.92 horiz=1800.22 velH=1.6887 bodyH=1.6475 slip=+0.0413 d=(-0.01233,0.08083) av=(0,0.173131,0)
reseed=0 in=(255,0,255,0) steer=+1.000 gnd=4.0 sp=1848.58 horiz=1847.85 velH=1.6470 bodyH=1.6050 slip=+0.0421 d=(-0.00921,0.08349) av=(0,0.174532,0)
reseed=0 in=(255,0,255,0) steer=+1.000 gnd=4.0 sp=1895.59 horiz=1894.81 velH=1.6053 bodyH=1.5625 slip=+0.0428 d=(-0.00587,0.08600) av=(0,0.175926,0)
reseed=0 in=(255,0,255,0) steer=+1.000 gnd=4.0 sp=1941.93 horiz=1941.11 velH=1.5635 bodyH=1.5200 slip=+0.0436 d=(-0.00233,0.08833) av=(0,0.177308,0)
reseed=0 in=(255,0,255,0) steer=+1.000 gnd=4.0 sp=1987.58 horiz=1986.72 velH=1.5217 bodyH=1.4775 slip=+0.0443 d=(0.00139,0.09049) av=(0,0.178676,0)
reseed=0 in=(255,0,255,0) steer=+1.000 gnd=4.0 sp=2032.56 horiz=2031.66 velH=1.4799 bodyH=1.4349 slip=+0.0450 d=(0.00529,0.09246) av=(0,0.180031,0)
reseed=0 in=(255,0,255,0) steer=+1.000 gnd=4.0 sp=2076.84 horiz=2075.89 velH=1.4381 bodyH=1.3924 slip=+0.0456 d=(0.00935,0.09422) av=(0,0.181374,0)
reseed=0 in=(255,0,255,0) steer=+1.000 gnd=4.0 sp=2120.42 horiz=2119.43 velH=1.3962 bodyH=1.3499 slip=+0.0463 d=(0.01357,0.09577) av=(0,0.182706,0)
reseed=0 in=(255,0,255,0) steer=+1.000 gnd=4.0 sp=2163.29 horiz=2162.26 velH=1.3544 bodyH=1.3074 slip=+0.0469 d=(0.01793,0.09710) av=(0,0.184027,0)
reseed=0 in=(255,0,255,0) steer=+1.000 gnd=4.0 sp=2205.44 horiz=2204.38 velH=1.3125 bodyH=1.2649 slip=+0.0475 d=(0.02241,0.09819) av=(0,0.185338,0)
reseed=0 in=(255,0,255,0) steer=+1.000 gnd=4.0 sp=2246.88 horiz=2245.78 velH=1.2706 bodyH=1.2224 slip=+0.0482 d=(0.02702,0.09904) av=(0,0.186639,0)
reseed=0 in=(255,0,255,0) steer=+1.000 gnd=4.0 sp=2287.60 horiz=2286.45 velH=1.2287 bodyH=1.1799 slip=+0.0487 d=(0.03172,0.09964) av=(0,0.187931,0)
reseed=0 in=(255,0,255,0) steer=+1.000 gnd=4.0 sp=2327.59 horiz=2326.40 velH=1.1868 bodyH=1.1374 slip=+0.0493 d=(0.03651,0.09999) av=(0,0.189213,0)
reseed=0 in=(255,0,255,0) steer=+1.000 gnd=4.0 sp=2366.86 horiz=2365.63 velH=1.1448 bodyH=1.0949 slip=+0.0499 d=(0.04137,0.10008) av=(0,0.190485,0)
reseed=0 in=(255,0,255,0) steer=+1.000 gnd=4.0 sp=2405.39 horiz=2404.12 velH=1.1029 bodyH=1.0524 slip=+0.0505 d=(0.04629,0.09990) av=(0,0.191749,0)
reseed=0 in=(255,0,255,0) steer=+1.000 gnd=4.0 sp=2443.20 horiz=2441.89 velH=1.0610 bodyH=1.0099 slip=+0.0510 d=(0.05125,0.09945) av=(0,0.193002,0)
reseed=0 in=(255,0,255,0) steer=+1.000 gnd=4.0 sp=2480.28 horiz=2478.93 velH=1.0190 bodyH=0.9674 slip=+0.0516 d=(0.05623,0.09873) av=(0,0.194245,0)
reseed=1 in=(255,0,255,0) steer=+1.000 gnd=4.0 sp=1295.77 horiz=1295.73 velH=3.0743 bodyH=3.0626 slip=+0.0117 d=(-0.05805,0.00281) av=(0,0.187409,0)
reseed=0 in=(255,0,255,0) steer=+1.000 gnd=4.0 sp=1350.60 horiz=1350.48 velH=3.0447 bodyH=3.0255 slip=+0.0191 d=(-0.06053,0.00445) av=(0,0.175164,0)
reseed=0 in=(255,0,255,0) steer=+1.000 gnd=4.0 sp=1404.61 horiz=1404.41 velH=3.0113 bodyH=2.9868 slip=+0.0245 d=(-0.06288,0.00655) av=(0,0.170523,0)
reseed=0 in=(255,0,255,0) steer=+1.000 gnd=4.0 sp=1457.81 horiz=1457.52 velH=2.9753 bodyH=2.9467 slip=+0.0287 d=(-0.06509,0.00901) av=(0,0.169752,0)
reseed=0 in=(255,0,255,0) steer=+1.000 gnd=4.0 sp=1510.19 horiz=1509.82 velH=2.9372 bodyH=2.9050 slip=+0.0322 d=(-0.06714,0.01179) av=(0,0.168647,0)
reseed=0 in=(255,0,255,0) steer=+1.000 gnd=4.0 sp=1561.77 horiz=1561.32 velH=2.8975 bodyH=2.8625 slip=+0.0350 d=(-0.06899,0.01487) av=(0,0.169466,0)
reseed=0 in=(255,0,255,0) steer=+1.000 gnd=4.0 sp=1612.61 horiz=1612.10 velH=2.8569 bodyH=2.8200 slip=+0.0370 d=(-0.07065,0.01820) av=(0,0.169018,0)
reseed=0 in=(255,0,255,0) steer=+1.000 gnd=4.0 sp=1662.78 horiz=1662.21 velH=2.8159 bodyH=2.7775 slip=+0.0384 d=(-0.07210,0.02173) av=(0,0.169637,0)
reseed=0 in=(255,0,255,0) steer=+1.000 gnd=4.0 sp=1712.28 horiz=1711.66 velH=2.7745 bodyH=2.7350 slip=+0.0395 d=(-0.07333,0.02544) av=(0,0.17073,0)
reseed=0 in=(255,0,255,0) steer=+1.000 gnd=4.0 sp=1761.13 horiz=1760.47 velH=2.7330 bodyH=2.6925 slip=+0.0405 d=(-0.07435,0.02928) av=(0,0.172022,0)
reseed=0 in=(255,0,255,0) steer=+1.000 gnd=4.0 sp=1809.34 horiz=1808.64 velH=2.6914 bodyH=2.6500 slip=+0.0414 d=(-0.07513,0.03326) av=(0,0.173391,0)
reseed=0 in=(255,0,255,0) steer=+1.000 gnd=4.0 sp=1856.89 horiz=1856.15 velH=2.6497 bodyH=2.6075 slip=+0.0422 d=(-0.07567,0.03734) av=(0,0.174781,0)
reseed=0 in=(255,0,255,0) steer=+1.000 gnd=4.0 sp=1903.78 horiz=1902.99 velH=2.6079 bodyH=2.5650 slip=+0.0430 d=(-0.07598,0.04151) av=(0,0.176169,0)
reseed=0 in=(255,0,255,0) steer=+1.000 gnd=4.0 sp=1950.00 horiz=1949.17 velH=2.5662 bodyH=2.5225 slip=+0.0437 d=(-0.07604,0.04576) av=(0,0.177547,0)
reseed=0 in=(255,0,255,0) steer=+1.000 gnd=4.0 sp=1995.54 horiz=1994.67 velH=2.5244 bodyH=2.4800 slip=+0.0444 d=(-0.07584,0.05007) av=(0,0.178913,0)
reseed=0 in=(255,0,255,0) steer=+1.000 gnd=4.0 sp=2040.39 horiz=2039.48 velH=2.4825 bodyH=2.4375 slip=+0.0451 d=(-0.07539,0.05442) av=(0,0.180266,0)
reseed=0 in=(255,0,255,0) steer=+1.000 gnd=4.0 sp=2084.55 horiz=2083.60 velH=2.4407 bodyH=2.3950 slip=+0.0458 d=(-0.07467,0.05881) av=(0,0.181608,0)
reseed=0 in=(255,0,255,0) steer=+1.000 gnd=4.0 sp=2128.00 horiz=2127.01 velH=2.3989 bodyH=2.3525 slip=+0.0464 d=(-0.07369,0.06320) av=(0,0.182938,0)
reseed=0 in=(255,0,255,0) steer=+1.000 gnd=4.0 sp=2170.75 horiz=2169.72 velH=2.3570 bodyH=2.3100 slip=+0.0470 d=(-0.07245,0.06760) av=(0,0.184257,0)
reseed=0 in=(255,0,255,0) steer=+1.000 gnd=4.0 sp=2212.78 horiz=2211.71 velH=2.3151 bodyH=2.2675 slip=+0.0477 d=(-0.07094,0.07197) av=(0,0.185567,0)
reseed=0 in=(255,0,255,0) steer=+1.000 gnd=4.0 sp=2254.09 horiz=2252.98 velH=2.2732 bodyH=2.2249 slip=+0.0483 d=(-0.06917,0.07632) av=(0,0.186866,0)
reseed=0 in=(255,0,255,0) steer=+1.000 gnd=4.0 sp=2294.68 horiz=2293.53 velH=2.2313 bodyH=2.1824 slip=+0.0489 d=(-0.06713,0.08061) av=(0,0.188157,0)
reseed=0 in=(255,0,255,0) steer=+1.000 gnd=4.0 sp=2334.55 horiz=2333.35 velH=2.1894 bodyH=2.1399 slip=+0.0494 d=(-0.06483,0.08484) av=(0,0.189437,0)
reseed=0 in=(255,0,255,0) steer=+1.000 gnd=4.0 sp=2373.68 horiz=2372.45 velH=2.1474 bodyH=2.0974 slip=+0.0500 d=(-0.06228,0.08898) av=(0,0.190708,0)
reseed=0 in=(255,0,255,0) steer=+1.000 gnd=4.0 sp=2412.09 horiz=2410.82 velH=2.1055 bodyH=2.0549 slip=+0.0506 d=(-0.05946,0.09304) av=(0,0.191969,0)
reseed=0 in=(255,0,255,0) steer=+1.000 gnd=4.0 sp=2449.77 horiz=2448.45 velH=2.0636 bodyH=2.0124 slip=+0.0511 d=(-0.05640,0.09698) av=(0,0.193221,0)
reseed=0 in=(255,0,255,0) steer=+1.000 gnd=4.0 sp=2486.72 horiz=2485.36 velH=2.0216 bodyH=1.9699 slip=+0.0517 d=(-0.05310,0.10079) av=(0,0.194463,0)
reseed=0 in=(255,0,255,0) steer=+1.000 gnd=4.0 sp=2522.94 horiz=2521.54 velH=1.9796 bodyH=1.9274 slip=+0.0522 d=(-0.04955,0.10447) av=(0,0.195694,0)
reseed=0 in=(255,0,255,0) steer=+1.000 gnd=4.0 sp=2558.43 horiz=2557.00 velH=1.9377 bodyH=1.8849 slip=+0.0527 d=(-0.04578,0.10799) av=(0,0.196915,0)
reseed=0 in=(255,0,255,0) steer=+1.000 gnd=4.0 sp=2593.20 horiz=2591.73 velH=1.8957 bodyH=1.8424 slip=+0.0532 d=(-0.04178,0.11135) av=(0,0.198125,0)
reseed=0 in=(255,0,255,0) steer=+1.000 gnd=4.0 sp=2627.25 horiz=2625.74 velH=1.8537 bodyH=1.7999 slip=+0.0537 d=(-0.03757,0.11453) av=(0,0.199325,0)
reseed=0 in=(255,0,255,0) steer=+1.000 gnd=4.0 sp=2660.58 horiz=2659.03 velH=1.8117 bodyH=1.7574 slip=+0.0542 d=(-0.03316,0.11751) av=(0,0.200513,0)
reseed=0 in=(255,0,255,0) steer=+1.000 gnd=4.0 sp=2693.20 horiz=2691.61 velH=1.7697 bodyH=1.7149 slip=+0.0547 d=(-0.02855,0.12029) av=(0,0.201689,0)
reseed=0 in=(255,0,255,0) steer=+1.000 gnd=4.0 sp=2725.10 horiz=2723.48 velH=1.7276 bodyH=1.6724 slip=+0.0552 d=(-0.02376,0.12286) av=(0,0.202854,0)
reseed=0 in=(255,0,255,0) steer=+1.000 gnd=4.0 sp=2756.31 horiz=2754.64 velH=1.6856 bodyH=1.6299 slip=+0.0557 d=(-0.01879,0.12520) av=(0,0.204007,0)
reseed=0 in=(255,0,255,0) steer=+1.000 gnd=4.0 sp=2786.81 horiz=2785.11 velH=1.6436 bodyH=1.5874 slip=+0.0562 d=(-0.01367,0.12731) av=(0,0.205148,0)
reseed=0 in=(255,0,255,0) steer=+1.000 gnd=4.0 sp=2816.63 horiz=2814.89 velH=1.6015 bodyH=1.5449 slip=+0.0566 d=(-0.00840,0.12918) av=(0,0.206276,0)
reseed=0 in=(255,0,255,0) steer=+1.000 gnd=4.0 sp=2845.76 horiz=2843.98 velH=1.5595 bodyH=1.5024 slip=+0.0571 d=(-0.00300,0.13079) av=(0,0.207392,0)
reseed=0 in=(255,0,255,0) steer=+1.000 gnd=4.0 sp=2874.21 horiz=2872.40 velH=1.5174 bodyH=1.4599 slip=+0.0575 d=(0.00253,0.13214) av=(0,0.208495,0)
reseed=0 in=(255,0,255,0) steer=+1.000 gnd=4.0 sp=2901.99 horiz=2900.14 velH=1.4754 bodyH=1.4174 slip=+0.0580 d=(0.00816,0.13322) av=(0,0.209584,0)
reseed=0 in=(255,0,255,0) steer=+1.000 gnd=4.0 sp=2929.11 horiz=2927.23 velH=1.4333 bodyH=1.3749 slip=+0.0584 d=(0.01389,0.13403) av=(0,0.21066,0)
reseed=0 in=(255,0,255,0) steer=+1.000 gnd=4.0 sp=2955.58 horiz=2953.66 velH=1.3912 bodyH=1.3324 slip=+0.0588 d=(0.01969,0.13456) av=(0,0.211722,0)
reseed=0 in=(255,0,255,0) steer=+1.000 gnd=4.0 sp=2981.40 horiz=2979.44 velH=1.3491 bodyH=1.2899 slip=+0.0592 d=(0.02556,0.13481) av=(0,0.21277,0)
reseed=0 in=(255,0,255,0) steer=+1.000 gnd=4.0 sp=3006.58 horiz=3004.59 velH=1.3070 bodyH=1.2474 slip=+0.0596 d=(0.03148,0.13478) av=(0,0.213804,0)
reseed=0 in=(255,0,255,0) steer=+1.000 gnd=4.0 sp=3031.14 horiz=3029.12 velH=1.2649 bodyH=1.2049 slip=+0.0600 d=(0.03744,0.13445) av=(0,0.214824,0)
reseed=0 in=(255,0,255,0) steer=+1.000 gnd=4.0 sp=3055.08 horiz=3053.02 velH=1.2228 bodyH=1.1624 slip=+0.0604 d=(0.04341,0.13383) av=(0,0.21583,0)
reseed=0 in=(255,0,255,0) steer=+1.000 gnd=4.0 sp=3078.41 horiz=3076.32 velH=1.1807 bodyH=1.1199 slip=+0.0608 d=(0.04939,0.13291) av=(0,0.216821,0)
reseed=0 in=(255,0,255,0) steer=+1.000 gnd=4.0 sp=3101.14 horiz=3099.02 velH=1.1386 bodyH=1.0774 slip=+0.0612 d=(0.05536,0.13171) av=(0,0.217797,0)
reseed=0 in=(255,0,255,0) steer=+1.000 gnd=4.0 sp=3123.28 horiz=3121.13 velH=1.0965 bodyH=1.0349 slip=+0.0616 d=(0.06130,0.13020) av=(0,0.218759,0)
reseed=0 in=(255,0,255,0) steer=+1.000 gnd=4.0 sp=3144.84 horiz=3142.66 velH=1.0543 bodyH=0.9924 slip=+0.0619 d=(0.06720,0.12841) av=(0,0.219705,0)
reseed=0 in=(255,0,255,0) steer=+1.000 gnd=4.0 sp=3165.84 horiz=3163.62 velH=1.0122 bodyH=0.9499 slip=+0.0623 d=(0.07304,0.12632) av=(0,0.220637,0)
reseed=0 in=(255,0,255,0) steer=+1.000 gnd=4.0 sp=3186.27 horiz=3184.03 velH=0.9700 bodyH=0.9074 slip=+0.0627 d=(0.07882,0.12395) av=(0,0.221553,0)
reseed=0 in=(255,0,255,0) steer=+1.000 gnd=4.0 sp=3206.16 horiz=3203.88 velH=0.9279 bodyH=0.8649 slip=+0.0630 d=(0.08451,0.12129) av=(0,0.222454,0)
reseed=0 in=(255,0,255,0) steer=+1.000 gnd=4.0 sp=3225.51 horiz=3223.20 velH=0.8857 bodyH=0.8224 slip=+0.0633 d=(0.09010,0.11835) av=(0,0.22334,0)
reseed=0 in=(255,0,255,0) steer=+1.000 gnd=4.0 sp=3244.33 horiz=3241.99 velH=0.8436 bodyH=0.7799 slip=+0.0637 d=(0.09557,0.11513) av=(0,0.22421,0)
reseed=0 in=(255,0,255,0) steer=+1.000 gnd=4.0 sp=3262.63 horiz=3260.27 velH=0.8014 bodyH=0.7374 slip=+0.0640 d=(0.10092,0.11164) av=(0,0.225065,0)
reseed=0 in=(255,0,255,0) steer=+1.000 gnd=4.0 sp=3280.43 horiz=3278.04 velH=0.7592 bodyH=0.6949 slip=+0.0643 d=(0.10613,0.10789) av=(0,0.225905,0)
reseed=0 in=(255,0,255,0) steer=+1.000 gnd=4.0 sp=3297.73 horiz=3295.31 velH=0.7170 bodyH=0.6524 slip=+0.0646 d=(0.11118,0.10387) av=(0,0.226729,0)
reseed=0 in=(255,0,255,0) steer=+1.000 gnd=4.0 sp=3314.55 horiz=3312.10 velH=0.6748 bodyH=0.6099 slip=+0.0649 d=(0.11607,0.09961) av=(0,0.227538,0)
reseed=0 in=(255,0,255,0) steer=+1.000 gnd=4.0 sp=3330.89 horiz=3328.42 velH=0.6326 bodyH=0.5674 slip=+0.0652 d=(0.12077,0.09510) av=(0,0.228331,0)
reseed=0 in=(255,0,255,0) steer=+1.000 gnd=4.0 sp=3346.77 horiz=3344.27 velH=0.5904 bodyH=0.5249 slip=+0.0655 d=(0.12529,0.09036) av=(0,0.229109,0)
reseed=0 in=(255,0,255,0) steer=+1.000 gnd=4.0 sp=3362.19 horiz=3359.66 velH=0.5482 bodyH=0.4824 slip=+0.0658 d=(0.12960,0.08540) av=(0,0.229872,0)
reseed=0 in=(255,0,255,0) steer=+1.000 gnd=4.0 sp=3377.16 horiz=3374.62 velH=0.5060 bodyH=0.4399 slip=+0.0661 d=(0.13369,0.08022) av=(0,0.230619,0)
reseed=0 in=(255,0,255,0) steer=+1.000 gnd=4.0 sp=3391.71 horiz=3389.14 velH=0.4637 bodyH=0.3974 slip=+0.0664 d=(0.13757,0.07483) av=(0,0.231351,0)
reseed=0 in=(255,0,255,0) steer=+1.000 gnd=4.0 sp=3405.83 horiz=3403.23 velH=0.4215 bodyH=0.3549 slip=+0.0667 d=(0.14120,0.06925) av=(0,0.232068,0)
reseed=0 in=(255,0,255,0) steer=+1.000 gnd=4.0 sp=3419.53 horiz=3416.91 velH=0.3793 bodyH=0.3124 slip=+0.0669 d=(0.14459,0.06349) av=(0,0.23277,0)
reseed=0 in=(255,0,255,0) steer=+1.000 gnd=4.0 sp=3432.83 horiz=3430.19 velH=0.3370 bodyH=0.2699 slip=+0.0672 d=(0.14773,0.05756) av=(0,0.233457,0)
reseed=0 in=(255,0,255,0) steer=+1.000 gnd=4.0 sp=3445.74 horiz=3443.08 velH=0.2948 bodyH=0.2273 slip=+0.0674 d=(0.15061,0.05147) av=(0,0.234129,0)
reseed=0 in=(255,0,255,0) steer=+1.000 gnd=4.0 sp=3458.26 horiz=3455.58 velH=0.2525 bodyH=0.1848 slip=+0.0677 d=(0.15322,0.04523) av=(0,0.234787,0)
reseed=0 in=(255,0,255,0) steer=+1.000 gnd=4.0 sp=3470.41 horiz=3467.70 velH=0.2103 bodyH=0.1423 slip=+0.0679 d=(0.15555,0.03885) av=(0,0.23543,0)
reseed=0 in=(255,0,255,0) steer=+1.000 gnd=4.0 sp=3482.20 horiz=3479.47 velH=0.1680 bodyH=0.0998 slip=+0.0682 d=(0.15760,0.03236) av=(0,0.236058,0)
reseed=0 in=(255,0,255,0) steer=+1.000 gnd=4.0 sp=3493.62 horiz=3490.87 velH=0.1257 bodyH=0.0573 slip=+0.0684 d=(0.15936,0.02576) av=(0,0.236672,0)
reseed=0 in=(255,0,255,0) steer=+1.000 gnd=4.0 sp=3504.70 horiz=3501.93 velH=0.0835 bodyH=0.0148 slip=+0.0686 d=(0.16083,0.01906) av=(0,0.237272,0)
reseed=0 in=(255,0,255,0) steer=+1.000 gnd=4.0 sp=3515.44 horiz=3512.65 velH=0.0412 bodyH=-0.0277 slip=+0.0688 d=(0.16200,0.01229) av=(0,0.237858,0)
reseed=0 in=(255,0,255,0) steer=+1.000 gnd=4.0 sp=3525.85 horiz=3523.05 velH=-0.0011 bodyH=-0.0702 slip=+0.0690 d=(0.16286,0.00545) av=(0,0.238429,0)
reseed=0 in=(255,0,255,0) steer=+1.000 gnd=4.0 sp=3535.95 horiz=3533.12 velH=-0.0434 bodyH=-0.1127 slip=+0.0693 d=(0.16343,-0.00145) av=(0,0.238988,0)
reseed=0 in=(255,0,255,0) steer=+1.000 gnd=4.0 sp=3545.73 horiz=3542.88 velH=-0.0857 bodyH=-0.1552 slip=+0.0695 d=(0.16368,-0.00838) av=(0,0.239532,0)
reseed=0 in=(255,0,255,0) steer=+1.000 gnd=4.0 sp=3555.21 horiz=3552.34 velH=-0.1280 bodyH=-0.1977 slip=+0.0697 d=(0.16363,-0.01534) av=(0,0.240064,0)
reseed=0 in=(255,0,255,0) steer=+1.000 gnd=4.0 sp=3564.39 horiz=3561.51 velH=-0.1703 bodyH=-0.2402 slip=+0.0698 d=(0.16326,-0.02230) av=(0,0.240582,0)
reseed=0 in=(255,0,255,0) steer=+1.000 gnd=4.0 sp=3573.28 horiz=3570.39 velH=-0.2126 bodyH=-0.2827 slip=+0.0700 d=(0.16259,-0.02926) av=(0,0.241087,0)
reseed=0 in=(255,0,255,0) steer=+1.000 gnd=4.0 sp=3581.90 horiz=3578.99 velH=-0.2550 bodyH=-0.3252 slip=+0.0702 d=(0.16160,-0.03620) av=(0,0.24158,0)
reseed=0 in=(255,0,255,0) steer=+1.000 gnd=4.0 sp=3590.24 horiz=3587.32 velH=-0.2973 bodyH=-0.3677 slip=+0.0704 d=(0.16031,-0.04311) av=(0,0.24206,0)
reseed=0 in=(255,0,255,0) steer=+1.000 gnd=4.0 sp=3598.33 horiz=3595.38 velH=-0.3396 bodyH=-0.4102 slip=+0.0706 d=(0.15871,-0.04997) av=(0,0.242527,0)
reseed=0 in=(255,0,255,0) steer=+1.000 gnd=4.0 sp=3606.15 horiz=3603.19 velH=-0.3819 bodyH=-0.4527 slip=+0.0707 d=(0.15680,-0.05677) av=(0,0.242983,0)
reseed=0 in=(255,0,255,0) steer=+1.000 gnd=4.0 sp=3613.73 horiz=3610.76 velH=-0.4243 bodyH=-0.4952 slip=+0.0709 d=(0.15459,-0.06349) av=(0,0.243426,0)
reseed=0 in=(255,0,255,0) steer=+1.000 gnd=4.0 sp=3621.07 horiz=3618.08 velH=-0.4666 bodyH=-0.5377 slip=+0.0711 d=(0.15208,-0.07012) av=(0,0.243858,0)
reseed=0 in=(255,0,255,0) steer=+1.000 gnd=4.0 sp=3628.17 horiz=3625.17 velH=-0.5090 bodyH=-0.5802 slip=+0.0712 d=(0.14928,-0.07665) av=(0,0.244278,0)
reseed=0 in=(255,0,255,0) steer=+1.000 gnd=4.0 sp=3635.04 horiz=3632.03 velH=-0.5513 bodyH=-0.6227 slip=+0.0714 d=(0.14618,-0.08306) av=(0,0.244687,0)
reseed=0 in=(255,0,255,0) steer=+1.000 gnd=4.0 sp=3641.69 horiz=3638.66 velH=-0.5937 bodyH=-0.6652 slip=+0.0715 d=(0.14280,-0.08934) av=(0,0.245085,0)
reseed=0 in=(255,0,255,0) steer=+1.000 gnd=4.0 sp=3648.13 horiz=3645.09 velH=-0.6360 bodyH=-0.7077 slip=+0.0717 d=(0.13914,-0.09548) av=(0,0.245472,0)
reseed=0 in=(255,0,255,0) steer=+1.000 gnd=4.0 sp=3654.36 horiz=3651.31 velH=-0.6784 bodyH=-0.7502 slip=+0.0718 d=(0.13521,-0.10147) av=(0,0.245848,0)
reseed=0 in=(255,0,255,0) steer=+1.000 gnd=4.0 sp=3660.39 horiz=3657.32 velH=-0.7208 bodyH=-0.7927 slip=+0.0719 d=(0.13101,-0.10728) av=(0,0.246214,0)
reseed=0 in=(255,0,255,0) steer=+1.000 gnd=4.0 sp=3666.22 horiz=3663.14 velH=-0.7631 bodyH=-0.8352 slip=+0.0721 d=(0.12656,-0.11292) av=(0,0.246569,0)
reseed=0 in=(255,0,255,0) steer=+1.000 gnd=4.0 sp=3671.86 horiz=3668.77 velH=-0.8055 bodyH=-0.8777 slip=+0.0722 d=(0.12185,-0.11836) av=(0,0.246915,0)
reseed=0 in=(255,0,255,0) steer=+1.000 gnd=4.0 sp=3677.32 horiz=3674.22 velH=-0.8479 bodyH=-0.9202 slip=+0.0723 d=(0.11691,-0.12361) av=(0,0.24725,0)
reseed=0 in=(255,0,255,0) steer=+1.000 gnd=4.0 sp=3682.60 horiz=3679.49 velH=-0.8903 bodyH=-0.9627 slip=+0.0724 d=(0.11173,-0.12864) av=(0,0.247577,0)
reseed=0 in=(255,0,255,0) steer=+1.000 gnd=4.0 sp=3687.70 horiz=3684.58 velH=-0.9327 bodyH=-1.0052 slip=+0.0726 d=(0.10633,-0.13345) av=(0,0.247893,0)
reseed=0 in=(255,0,255,0) steer=+1.000 gnd=4.0 sp=3692.64 horiz=3689.51 velH=-0.9750 bodyH=-1.0477 slip=+0.0727 d=(0.10072,-0.13802) av=(0,0.248201,0)
reseed=0 in=(255,0,255,0) steer=+1.000 gnd=4.0 sp=3697.42 horiz=3694.28 velH=-1.0174 bodyH=-1.0902 slip=+0.0728 d=(0.09490,-0.14235) av=(0,0.2485,0)
reseed=0 in=(255,0,255,0) steer=+1.000 gnd=4.0 sp=3702.03 horiz=3698.89 velH=-1.0598 bodyH=-1.1327 slip=+0.0729 d=(0.08890,-0.14644) av=(0,0.24879,0)
reseed=0 in=(255,0,255,0) steer=+1.000 gnd=4.0 sp=3706.50 horiz=3703.34 velH=-1.1022 bodyH=-1.1752 slip=+0.0730 d=(0.08272,-0.15026) av=(0,0.249071,0)
reseed=0 in=(255,0,255,0) steer=+1.000 gnd=4.0 sp=3710.82 horiz=3707.65 velH=-1.1446 bodyH=-1.2177 slip=+0.0731 d=(0.07636,-0.15381) av=(0,0.249344,0)
reseed=0 in=(255,0,255,0) steer=+1.000 gnd=4.0 sp=3714.99 horiz=3711.81 velH=-1.1870 bodyH=-1.2602 slip=+0.0732 d=(0.06986,-0.15709) av=(0,0.249609,0)
reseed=0 in=(255,0,255,0) steer=+1.000 gnd=4.0 sp=3719.03 horiz=3715.84 velH=-1.2294 bodyH=-1.3027 slip=+0.0733 d=(0.06320,-0.16009) av=(0,0.249866,0)
reseed=0 in=(255,0,255,0) steer=+1.000 gnd=4.0 sp=3722.93 horiz=3719.73 velH=-1.2718 bodyH=-1.3452 slip=+0.0734 d=(0.05642,-0.16280) av=(0,0.250115,0)
reseed=0 in=(255,0,255,0) steer=+1.000 gnd=4.0 sp=3726.70 horiz=3723.50 velH=-1.3143 bodyH=-1.3877 slip=+0.0735 d=(0.04952,-0.16522) av=(0,0.250357,0)
reseed=0 in=(255,0,255,0) steer=+1.000 gnd=4.0 sp=3730.34 horiz=3727.13 velH=-1.3567 bodyH=-1.4302 slip=+0.0736 d=(0.04251,-0.16734) av=(0,0.250591,0)
reseed=1 in=(255,0,255,0) steer=+1.000 gnd=4.0 sp=1915.58 horiz=1915.42 velH=-2.7712 bodyH=-2.7904 slip=+0.0192 d=(-0.08052,-0.03304) av=(0,0.21761,0)
reseed=0 in=(255,0,255,0) steer=+1.000 gnd=4.0 sp=1964.16 horiz=1963.75 velH=-2.8027 bodyH=-2.8329 slip=+0.0302 d=(-0.08347,-0.03184) av=(0,0.199815,0)
reseed=0 in=(255,0,255,0) steer=+1.000 gnd=4.0 sp=2011.11 horiz=2010.51 velH=-2.8387 bodyH=-2.8754 slip=+0.0367 d=(-0.08657,-0.02984) av=(0,0.1907,0)
reseed=0 in=(255,0,255,0) steer=+1.000 gnd=4.0 sp=2056.74 horiz=2055.99 velH=-2.8773 bodyH=-2.9179 slip=+0.0407 d=(-0.08966,-0.02729) av=(0,0.18553,0)
reseed=0 in=(255,0,255,0) steer=+1.000 gnd=4.0 sp=2101.26 horiz=2100.40 velH=-2.9172 bodyH=-2.9604 slip=+0.0433 d=(-0.09268,-0.02433) av=(0,0.183909,0)
reseed=1 in=(255,0,255,0) steer=+1.000 gnd=4.0 sp=1104.81 horiz=1104.80 velH=3.1188 bodyH=3.1114 slip=+0.0074 d=(-0.04931,0.00025) av=(0,0.161223,0)
reseed=0 in=(255,0,255,0) steer=+1.000 gnd=4.0 sp=1160.79 horiz=1160.75 velH=3.0919 bodyH=3.0797 slip=+0.0122 d=(-0.05183,0.00149) av=(0,0.159916,0)
reseed=0 in=(255,0,255,0) steer=+1.000 gnd=4.0 sp=1216.49 horiz=1216.41 velH=3.0625 bodyH=3.0464 slip=+0.0161 d=(-0.05436,0.00305) av=(0,0.159545,0)
reseed=0 in=(255,0,255,0) steer=+1.000 gnd=4.0 sp=1271.65 horiz=1271.53 velH=3.0311 bodyH=3.0116 slip=+0.0195 d=(-0.05681,0.00488) av=(0,0.160174,0)
reseed=0 in=(255,0,255,0) steer=+1.000 gnd=4.0 sp=1326.25 horiz=1326.08 velH=2.9979 bodyH=2.9752 slip=+0.0227 d=(-0.05916,0.00698) av=(0,0.161641,0)
reseed=0 in=(255,0,255,0) steer=+1.000 gnd=4.0 sp=1380.23 horiz=1380.01 velH=2.9630 bodyH=2.9372 slip=+0.0258 d=(-0.06138,0.00933) av=(0,0.163613,0)
reseed=0 in=(255,0,255,0) steer=+1.000 gnd=4.0 sp=1433.55 horiz=1433.26 velH=2.9265 bodyH=2.8977 slip=+0.0288 d=(-0.06347,0.01195) av=(0,0.16596,0)
reseed=0 in=(255,0,255,0) steer=+1.000 gnd=4.0 sp=1486.15 horiz=1485.80 velH=2.8884 bodyH=2.8567 slip=+0.0317 d=(-0.06538,0.01481) av=(0,0.166274,0)
reseed=0 in=(255,0,255,0) steer=+1.000 gnd=4.0 sp=1538.00 horiz=1537.57 velH=2.8489 bodyH=2.8144 slip=+0.0345 d=(-0.06711,0.01793) av=(0,0.167792,0)
reseed=0 in=(255,0,255,0) steer=+1.000 gnd=4.0 sp=1589.12 horiz=1588.63 velH=2.8084 bodyH=2.7719 slip=+0.0365 d=(-0.06863,0.02129) av=(0,0.167764,0)
reseed=0 in=(255,0,255,0) steer=+1.000 gnd=4.0 sp=1639.56 horiz=1639.01 velH=2.7673 bodyH=2.7294 slip=+0.0380 d=(-0.06994,0.02484) av=(0,0.168633,0)
reseed=0 in=(255,0,255,0) steer=+1.000 gnd=4.0 sp=1689.35 horiz=1688.75 velH=2.7260 bodyH=2.6869 slip=+0.0391 d=(-0.07102,0.02856) av=(0,0.169874,0)
reseed=0 in=(255,0,255,0) steer=+1.000 gnd=4.0 sp=1738.50 horiz=1737.85 velH=2.6845 bodyH=2.6444 slip=+0.0401 d=(-0.07187,0.03242) av=(0,0.171255,0)
reseed=0 in=(255,0,255,0) steer=+1.000 gnd=4.0 sp=1787.00 horiz=1786.31 velH=2.6429 bodyH=2.6019 slip=+0.0410 d=(-0.07249,0.03639) av=(0,0.172677,0)
reseed=0 in=(255,0,255,0) steer=+1.000 gnd=4.0 sp=1834.85 horiz=1834.12 velH=2.6012 bodyH=2.5594 slip=+0.0419 d=(-0.07288,0.04046) av=(0,0.174099,0)
reseed=0 in=(255,0,255,0) steer=+1.000 gnd=4.0 sp=1882.05 horiz=1881.28 velH=2.5595 bodyH=2.5169 slip=+0.0426 d=(-0.07301,0.04461) av=(0,0.175508,0)
reseed=0 in=(255,0,255,0) steer=+1.000 gnd=4.0 sp=1928.58 horiz=1927.77 velH=2.5178 bodyH=2.4744 slip=+0.0434 d=(-0.07290,0.04883) av=(0,0.176901,0)
reseed=0 in=(255,0,255,0) steer=+1.000 gnd=4.0 sp=1974.43 horiz=1973.58 velH=2.4760 bodyH=2.4319 slip=+0.0441 d=(-0.07253,0.05310) av=(0,0.178277,0)
reseed=0 in=(255,0,255,0) steer=+1.000 gnd=4.0 sp=2019.61 horiz=2018.72 velH=2.4342 bodyH=2.3894 slip=+0.0448 d=(-0.07190,0.05740) av=(0,0.179638,0)
reseed=0 in=(0,255,255,0) steer=-1.000 gnd=4.0 sp=12.72 horiz=12.72 velH=2.3895 bodyH=2.3895 slip=+0.0000 d=(-0.00011,0.00010) av=(0,4.88329e-08,0)
reseed=0 in=(0,255,255,0) steer=-1.000 gnd=4.0 sp=25.92 horiz=25.92 velH=2.3899 bodyH=2.3899 slip=+0.0000 d=(-0.00054,0.00051) av=(0,9.38317e-07,0)
reseed=0 in=(0,255,255,0) steer=-1.000 gnd=4.0 sp=39.87 horiz=39.87 velH=2.3908 bodyH=2.3908 slip=+0.0000 d=(-0.00099,0.00093) av=(0,5.72438e-06,0)
reseed=0 in=(0,255,255,0) steer=-1.000 gnd=4.0 sp=54.60 horiz=54.60 velH=2.3921 bodyH=2.3920 slip=+0.0001 d=(-0.00148,0.00137) av=(0,2.05538e-05,0)
reseed=0 in=(0,255,255,0) steer=-1.000 gnd=4.0 sp=70.15 horiz=70.15 velH=2.3939 bodyH=2.3936 slip=+0.0003 d=(-0.00199,0.00184) av=(0,5.51276e-05,0)
reseed=0 in=(0,255,255,0) steer=-1.000 gnd=4.0 sp=86.58 horiz=86.58 velH=2.3963 bodyH=2.3958 slip=+0.0005 d=(-0.00253,0.00233) av=(0,0.000121523,0)
reseed=0 in=(0,255,255,0) steer=-1.000 gnd=4.0 sp=103.91 horiz=103.91 velH=2.3993 bodyH=2.3983 slip=+0.0010 d=(-0.00310,0.00285) av=(0,0.000229037,0)
reseed=0 in=(0,255,255,0) steer=-1.000 gnd=4.0 sp=122.21 horiz=122.20 velH=2.4032 bodyH=2.4014 slip=+0.0018 d=(-0.00371,0.00339) av=(0,0.000370208,0)
reseed=0 in=(0,255,255,0) steer=-1.000 gnd=4.0 sp=141.50 horiz=141.50 velH=2.4082 bodyH=2.4050 slip=+0.0032 d=(-0.00437,0.00395) av=(0,0.000489074,0)
reseed=0 in=(0,255,255,0) steer=-1.000 gnd=4.0 sp=161.86 horiz=161.85 velH=2.4146 bodyH=2.4092 slip=+0.0054 d=(-0.00506,0.00453) av=(0,0.000414188,0)
reseed=0 in=(0,255,255,0) steer=-1.000 gnd=4.0 sp=183.34 horiz=183.33 velH=2.4232 bodyH=2.4139 slip=+0.0093 d=(-0.00581,0.00512) av=(0,-0.000207174,0)
reseed=0 in=(0,255,255,0) steer=-1.000 gnd=4.0 sp=206.04 horiz=206.02 velH=2.4357 bodyH=2.4192 slip=+0.0164 d=(-0.00662,0.00573) av=(0,-0.000791078,0)
reseed=0 in=(0,255,255,0) steer=-1.000 gnd=4.0 sp=230.06 horiz=230.04 velH=2.4549 bodyH=2.4253 slip=+0.0297 d=(-0.00751,0.00633) av=(0,-0.00123048,0)
reseed=0 in=(0,255,255,0) steer=-1.000 gnd=4.0 sp=255.39 horiz=255.33 velH=2.4602 bodyH=2.4319 slip=+0.0283 d=(-0.00849,0.00691) av=(0,-0.0050271,0)
reseed=0 in=(0,255,255,0) steer=-1.000 gnd=4.0 sp=269.07 horiz=269.04 velH=2.4587 bodyH=2.4393 slip=+0.0195 d=(-0.00932,0.00755) av=(0,-0.00818916,0)
reseed=0 in=(0,255,255,0) steer=-1.000 gnd=4.0 sp=283.53 horiz=283.51 velH=2.4620 bodyH=2.4470 slip=+0.0150 d=(-0.00982,0.00796) av=(0,-0.010684,0)
reseed=0 in=(0,255,255,0) steer=-1.000 gnd=4.0 sp=298.82 horiz=298.81 velH=2.4677 bodyH=2.4552 slip=+0.0125 d=(-0.01038,0.00835) av=(0,-0.0153913,0)
reseed=0 in=(0,255,255,0) steer=-1.000 gnd=4.0 sp=314.95 horiz=314.94 velH=2.4748 bodyH=2.4637 slip=+0.0111 d=(-0.01099,0.00873) av=(0,-0.0186665,0)
reseed=0 in=(0,255,255,0) steer=-1.000 gnd=4.0 sp=331.96 horiz=331.95 velH=2.4829 bodyH=2.4728 slip=+0.0101 d=(-0.01165,0.00912) av=(0,-0.0213574,0)
reseed=0 in=(0,255,255,0) steer=-1.000 gnd=4.0 sp=349.88 horiz=349.88 velH=2.4917 bodyH=2.4823 slip=+0.0094 d=(-0.01236,0.00951) av=(0,-0.023867,0)
reseed=0 in=(0,255,255,0) steer=-1.000 gnd=4.0 sp=368.78 horiz=368.77 velH=2.5011 bodyH=2.4924 slip=+0.0087 d=(-0.01311,0.00990) av=(0,-0.026388,0)
reseed=0 in=(0,255,255,0) steer=-1.000 gnd=4.0 sp=388.70 horiz=388.69 velH=2.5111 bodyH=2.5029 slip=+0.0081 d=(-0.01392,0.01031) av=(0,-0.0290142,0)
reseed=0 in=(0,255,255,0) steer=-1.000 gnd=4.0 sp=409.68 horiz=409.67 velH=2.5216 bodyH=2.5141 slip=+0.0075 d=(-0.01478,0.01072) av=(0,-0.0317923,0)
reseed=0 in=(0,255,255,0) steer=-1.000 gnd=4.0 sp=431.78 horiz=431.78 velH=2.5328 bodyH=2.5259 slip=+0.0069 d=(-0.01570,0.01113) av=(0,-0.0347486,0)
reseed=0 in=(0,255,255,0) steer=-1.000 gnd=4.0 sp=455.06 horiz=455.06 velH=2.5445 bodyH=2.5383 slip=+0.0062 d=(-0.01667,0.01154) av=(0,-0.0379008,0)
reseed=0 in=(0,255,255,0) steer=-1.000 gnd=4.0 sp=479.57 horiz=479.57 velH=2.5569 bodyH=2.5513 slip=+0.0055 d=(-0.01771,0.01195) av=(0,-0.0412632,0)
reseed=0 in=(0,255,255,0) steer=-1.000 gnd=4.0 sp=505.38 horiz=505.37 velH=2.5699 bodyH=2.5651 slip=+0.0048 d=(-0.01882,0.01236) av=(0,-0.0448498,0)
reseed=0 in=(0,255,255,0) steer=-1.000 gnd=4.0 sp=532.53 horiz=532.53 velH=2.5836 bodyH=2.5796 slip=+0.0040 d=(-0.02001,0.01277) av=(0,-0.0486739,0)
reseed=0 in=(0,255,255,0) steer=-1.000 gnd=4.0 sp=561.10 horiz=561.10 velH=2.5981 bodyH=2.5949 slip=+0.0032 d=(-0.02127,0.01316) av=(0,-0.0527494,0)
reseed=0 in=(0,255,255,0) steer=-1.000 gnd=4.0 sp=591.15 horiz=591.15 velH=2.6134 bodyH=2.6110 slip=+0.0024 d=(-0.02261,0.01353) av=(0,-0.0570912,0)
reseed=0 in=(0,255,255,0) steer=-1.000 gnd=4.0 sp=622.74 horiz=622.74 velH=2.6294 bodyH=2.6280 slip=+0.0014 d=(-0.02403,0.01389) av=(0,-0.0617152,0)
reseed=0 in=(0,255,255,0) steer=-1.000 gnd=4.0 sp=655.95 horiz=655.95 velH=2.6464 bodyH=2.6459 slip=+0.0005 d=(-0.02555,0.01422) av=(0,-0.0666382,0)
reseed=0 in=(0,255,255,0) steer=-1.000 gnd=4.0 sp=690.84 horiz=690.84 velH=2.6642 bodyH=2.6647 slip=-0.0005 d=(-0.02716,0.01452) av=(0,-0.0718777,0)
reseed=0 in=(0,255,255,0) steer=-1.000 gnd=4.0 sp=727.48 horiz=727.48 velH=2.6830 bodyH=2.6845 slip=-0.0016 d=(-0.02888,0.01477) av=(0,-0.0774517,0)
reseed=0 in=(0,255,255,0) steer=-1.000 gnd=4.0 sp=765.95 horiz=765.95 velH=2.7027 bodyH=2.7054 slip=-0.0027 d=(-0.03070,0.01498) av=(0,-0.0833786,0)
reseed=0 in=(0,255,255,0) steer=-1.000 gnd=4.0 sp=806.32 horiz=806.32 velH=2.7235 bodyH=2.7274 slip=-0.0039 d=(-0.03263,0.01512) av=(0,-0.0896768,0)
reseed=0 in=(0,255,255,0) steer=-1.000 gnd=4.0 sp=848.66 horiz=848.66 velH=2.7454 bodyH=2.7506 slip=-0.0052 d=(-0.03467,0.01519) av=(0,-0.0963638,0)
reseed=0 in=(0,255,255,0) steer=-1.000 gnd=4.0 sp=893.05 horiz=893.04 velH=2.7684 bodyH=2.7749 slip=-0.0065 d=(-0.03684,0.01518) av=(0,-0.103457,0)
reseed=0 in=(0,255,255,0) steer=-1.000 gnd=4.0 sp=939.55 horiz=939.54 velH=2.7926 bodyH=2.8006 slip=-0.0080 d=(-0.03912,0.01507) av=(0,-0.110969,0)
reseed=0 in=(0,255,255,0) steer=-1.000 gnd=4.0 sp=988.25 horiz=988.22 velH=2.8180 bodyH=2.8275 slip=-0.0095 d=(-0.04153,0.01484) av=(0,-0.118914,0)
reseed=0 in=(0,255,255,0) steer=-1.000 gnd=4.0 sp=1039.20 horiz=1039.17 velH=2.8448 bodyH=2.8559 slip=-0.0111 d=(-0.04406,0.01448) av=(0,-0.127238,0)
reseed=0 in=(0,255,255,0) steer=-1.000 gnd=4.0 sp=1092.49 horiz=1092.45 velH=2.8729 bodyH=2.8857 slip=-0.0128 d=(-0.04673,0.01397) av=(0,-0.133611,0)
reseed=0 in=(0,255,255,0) steer=-1.000 gnd=4.0 sp=1148.01 horiz=1147.95 velH=2.9024 bodyH=2.9171 slip=-0.0147 d=(-0.04952,0.01329) av=(0,-0.137018,0)
reseed=0 in=(0,255,255,0) steer=-1.000 gnd=4.0 sp=1203.66 horiz=1203.57 velH=2.9330 bodyH=2.9500 slip=-0.0170 d=(-0.05240,0.01241) av=(0,-0.13891,0)
reseed=0 in=(0,255,255,0) steer=-1.000 gnd=4.0 sp=1258.85 horiz=1258.73 velH=2.9648 bodyH=2.9845 slip=-0.0196 d=(-0.05528,0.01131) av=(0,-0.140412,0)
reseed=0 in=(0,255,255,0) steer=-1.000 gnd=4.0 sp=1313.53 horiz=1313.36 velH=2.9981 bodyH=3.0205 slip=-0.0224 d=(-0.05813,0.00996) av=(0,-0.14208,0)
reseed=0 in=(0,255,255,0) steer=-1.000 gnd=4.0 sp=1367.62 horiz=1367.41 velH=3.0329 bodyH=3.0581 slip=-0.0252 d=(-0.06093,0.00836) av=(0,-0.143901,0)
reseed=0 in=(0,255,255,0) steer=-1.000 gnd=4.0 sp=1421.08 horiz=1420.81 velH=3.0692 bodyH=3.0973 slip=-0.0281 d=(-0.06367,0.00647) av=(0,-0.145871,0)
reseed=0 in=(0,255,255,0) steer=-1.000 gnd=4.0 sp=1473.86 horiz=1473.52 velH=3.1069 bodyH=3.1379 slip=-0.0310 d=(-0.06633,0.00430) av=(0,-0.148001,0)
reseed=0 in=(0,255,255,0) steer=-1.000 gnd=4.0 sp=1525.89 horiz=1525.47 velH=-3.1370 bodyH=-3.1031 slip=-0.0339 d=(-0.06888,0.00185) av=(0,-0.149088,0)
reseed=0 in=(0,255,255,0) steer=-1.000 gnd=4.0 sp=1577.18 horiz=1576.70 velH=-3.0966 bodyH=-3.0606 slip=-0.0360 d=(-0.07130,-0.00090) av=(0,-0.150655,0)
reseed=0 in=(0,255,255,0) steer=-1.000 gnd=4.0 sp=1627.79 horiz=1627.25 velH=-3.0557 bodyH=-3.0181 slip=-0.0376 d=(-0.07356,-0.00391) av=(0,-0.151317,0)
reseed=0 in=(0,255,255,0) steer=-1.000 gnd=4.0 sp=1677.74 horiz=1677.16 velH=-3.0144 bodyH=-2.9756 slip=-0.0388 d=(-0.07567,-0.00714) av=(0,-0.152371,0)
reseed=0 in=(0,255,255,0) steer=-1.000 gnd=4.0 sp=1727.05 horiz=1726.42 velH=-2.9730 bodyH=-2.9331 slip=-0.0398 d=(-0.07759,-0.01056) av=(0,-0.153581,0)
reseed=0 in=(0,255,255,0) steer=-1.000 gnd=4.0 sp=1775.72 horiz=1775.05 velH=-2.9314 bodyH=-2.8906 slip=-0.0408 d=(-0.07933,-0.01417) av=(0,-0.154844,0)
reseed=0 in=(0,255,255,0) steer=-1.000 gnd=4.0 sp=1823.75 horiz=1823.03 velH=-2.8897 bodyH=-2.8481 slip=-0.0416 d=(-0.08087,-0.01794) av=(0,-0.156119,0)
reseed=0 in=(0,255,255,0) steer=-1.000 gnd=4.0 sp=1871.11 horiz=1870.36 velH=-2.8480 bodyH=-2.8056 slip=-0.0424 d=(-0.08219,-0.02187) av=(0,-0.157388,0)
reseed=0 in=(0,255,255,0) steer=-1.000 gnd=4.0 sp=1917.82 horiz=1917.02 velH=-2.8062 bodyH=-2.7631 slip=-0.0431 d=(-0.08330,-0.02592) av=(0,-0.158645,0)
reseed=0 in=(0,255,255,0) steer=-1.000 gnd=4.0 sp=1963.85 horiz=1963.02 velH=-2.7644 bodyH=-2.7206 slip=-0.0438 d=(-0.08417,-0.03010) av=(0,-0.159891,0)
reseed=0 in=(0,255,255,0) steer=-1.000 gnd=4.0 sp=2009.21 horiz=2008.33 velH=-2.7226 bodyH=-2.6781 slip=-0.0445 d=(-0.08481,-0.03439) av=(0,-0.161126,0)
reseed=0 in=(0,255,255,0) steer=-1.000 gnd=4.0 sp=2053.87 horiz=2052.95 velH=-2.6808 bodyH=-2.6356 slip=-0.0452 d=(-0.08520,-0.03877) av=(0,-0.16235,0)
reseed=0 in=(0,255,255,0) steer=-1.000 gnd=4.0 sp=2097.84 horiz=2096.88 velH=-2.6390 bodyH=-2.5931 slip=-0.0459 d=(-0.08535,-0.04323) av=(0,-0.163566,0)
reseed=0 in=(0,255,255,0) steer=-1.000 gnd=4.0 sp=2141.10 horiz=2140.10 velH=-2.5971 bodyH=-2.5506 slip=-0.0465 d=(-0.08523,-0.04775) av=(0,-0.164772,0)
reseed=0 in=(0,255,255,0) steer=-1.000 gnd=4.0 sp=2183.65 horiz=2182.61 velH=-2.5552 bodyH=-2.5081 slip=-0.0471 d=(-0.08486,-0.05232) av=(0,-0.165971,0)
reseed=0 in=(0,255,255,0) steer=-1.000 gnd=4.0 sp=2225.49 horiz=2224.41 velH=-2.5134 bodyH=-2.4656 slip=-0.0478 d=(-0.08422,-0.05692) av=(0,-0.167162,0)
reseed=0 in=(0,255,255,0) steer=-1.000 gnd=4.0 sp=2266.60 horiz=2265.48 velH=-2.4715 bodyH=-2.4231 slip=-0.0484 d=(-0.08332,-0.06155) av=(0,-0.168345,0)
reseed=0 in=(0,255,255,0) steer=-1.000 gnd=4.0 sp=2307.00 horiz=2305.83 velH=-2.4295 bodyH=-2.3806 slip=-0.0490 d=(-0.08214,-0.06617) av=(0,-0.169521,0)
reseed=0 in=(0,255,255,0) steer=-1.000 gnd=4.0 sp=2346.66 horiz=2345.46 velH=-2.3876 bodyH=-2.3381 slip=-0.0495 d=(-0.08070,-0.07078) av=(0,-0.170689,0)
reseed=0 in=(0,255,255,0) steer=-1.000 gnd=4.0 sp=2385.60 horiz=2384.36 velH=-2.3457 bodyH=-2.2956 slip=-0.0501 d=(-0.07899,-0.07536) av=(0,-0.171849,0)
reseed=0 in=(0,255,255,0) steer=-1.000 gnd=4.0 sp=2423.81 horiz=2422.53 velH=-2.3038 bodyH=-2.2531 slip=-0.0507 d=(-0.07700,-0.07990) av=(0,-0.173001,0)
reseed=0 in=(0,255,255,0) steer=-1.000 gnd=4.0 sp=2461.29 horiz=2459.97 velH=-2.2618 bodyH=-2.2106 slip=-0.0512 d=(-0.07476,-0.08437) av=(0,-0.174145,0)
reseed=0 in=(0,255,255,0) steer=-1.000 gnd=4.0 sp=2498.04 horiz=2496.68 velH=-2.2198 bodyH=-2.1681 slip=-0.0518 d=(-0.07224,-0.08877) av=(0,-0.17528,0)
reseed=0 in=(0,255,255,0) steer=-1.000 gnd=4.0 sp=2534.06 horiz=2532.66 velH=-2.1779 bodyH=-2.1256 slip=-0.0523 d=(-0.06947,-0.09308) av=(0,-0.176407,0)
reseed=0 in=(0,255,255,0) steer=-1.000 gnd=4.0 sp=2569.36 horiz=2567.92 velH=-2.1359 bodyH=-2.0831 slip=-0.0528 d=(-0.06644,-0.09729) av=(0,-0.177525,0)
reseed=0 in=(0,255,255,0) steer=-1.000 gnd=4.0 sp=2603.93 horiz=2602.45 velH=-2.0939 bodyH=-2.0406 slip=-0.0533 d=(-0.06316,-0.10137) av=(0,-0.178633,0)
reseed=0 in=(0,255,255,0) steer=-1.000 gnd=4.0 sp=2637.79 horiz=2636.26 velH=-2.0519 bodyH=-1.9981 slip=-0.0538 d=(-0.05963,-0.10532) av=(0,-0.179732,0)
reseed=0 in=(0,255,255,0) steer=-1.000 gnd=4.0 sp=2670.92 horiz=2669.36 velH=-2.0099 bodyH=-1.9556 slip=-0.0543 d=(-0.05587,-0.10911) av=(0,-0.18082,0)
reseed=0 in=(0,255,255,0) steer=-1.000 gnd=4.0 sp=2703.35 horiz=2701.75 velH=-1.9679 bodyH=-1.9131 slip=-0.0548 d=(-0.05188,-0.11275) av=(0,-0.181899,0)
reseed=0 in=(0,255,255,0) steer=-1.000 gnd=4.0 sp=2735.06 horiz=2733.43 velH=-1.9259 bodyH=-1.8706 slip=-0.0553 d=(-0.04766,-0.11621) av=(0,-0.182968,0)
reseed=0 in=(0,255,255,0) steer=-1.000 gnd=4.0 sp=2766.07 horiz=2764.40 velH=-1.8838 bodyH=-1.8281 slip=-0.0558 d=(-0.04324,-0.11948) av=(0,-0.184026,0)
reseed=0 in=(0,255,255,0) steer=-1.000 gnd=4.0 sp=2796.39 horiz=2794.68 velH=-1.8418 bodyH=-1.7856 slip=-0.0562 d=(-0.03861,-0.12256) av=(0,-0.185072,0)
reseed=0 in=(0,255,255,0) steer=-1.000 gnd=4.0 sp=2826.02 horiz=2824.27 velH=-1.7998 bodyH=-1.7431 slip=-0.0567 d=(-0.03379,-0.12542) av=(0,-0.186108,0)
reseed=0 in=(0,255,255,0) steer=-1.000 gnd=4.0 sp=2854.97 horiz=2853.18 velH=-1.7577 bodyH=-1.7006 slip=-0.0571 d=(-0.02879,-0.12806) av=(0,-0.187133,0)
reseed=0 in=(0,255,255,0) steer=-1.000 gnd=4.0 sp=2883.24 horiz=2881.41 velH=-1.7156 bodyH=-1.6581 slip=-0.0576 d=(-0.02362,-0.13047) av=(0,-0.188145,0)
reseed=0 in=(0,255,255,0) steer=-1.000 gnd=4.0 sp=2910.84 horiz=2908.98 velH=-1.6736 bodyH=-1.6155 slip=-0.0580 d=(-0.01829,-0.13263) av=(0,-0.189146,0)
reseed=0 in=(0,255,255,0) steer=-1.000 gnd=4.0 sp=2937.78 horiz=2935.89 velH=-1.6315 bodyH=-1.5730 slip=-0.0585 d=(-0.01281,-0.13455) av=(0,-0.190135,0)
reseed=0 in=(0,255,255,0) steer=-1.000 gnd=4.0 sp=2964.07 horiz=2962.14 velH=-1.5894 bodyH=-1.5305 slip=-0.0589 d=(-0.00721,-0.13621) av=(0,-0.191111,0)
reseed=0 in=(0,255,255,0) steer=-1.000 gnd=4.0 sp=2989.72 horiz=2987.75 velH=-1.5473 bodyH=-1.4880 slip=-0.0593 d=(-0.00149,-0.13760) av=(0,-0.192075,0)
reseed=0 in=(0,255,255,0) steer=-1.000 gnd=4.0 sp=3014.73 horiz=3012.73 velH=-1.5052 bodyH=-1.4455 slip=-0.0597 d=(0.00434,-0.13872) av=(0,-0.193026,0)
reseed=0 in=(0,255,255,0) steer=-1.000 gnd=4.0 sp=3039.12 horiz=3037.09 velH=-1.4631 bodyH=-1.4030 slip=-0.0601 d=(0.01026,-0.13956) av=(0,-0.193964,0)
reseed=0 in=(0,255,255,0) steer=-1.000 gnd=4.0 sp=3062.89 horiz=3060.82 velH=-1.4210 bodyH=-1.3605 slip=-0.0605 d=(0.01625,-0.14012) av=(0,-0.19489,0)
reseed=0 in=(0,255,255,0) steer=-1.000 gnd=4.0 sp=3086.05 horiz=3083.96 velH=-1.3789 bodyH=-1.3180 slip=-0.0609 d=(0.02231,-0.14039) av=(0,-0.195802,0)
reseed=0 in=(0,255,255,0) steer=-1.000 gnd=4.0 sp=3108.62 horiz=3106.50 velH=-1.3368 bodyH=-1.2755 slip=-0.0613 d=(0.02841,-0.14037) av=(0,-0.1967,0)
reseed=0 in=(0,255,255,0) steer=-1.000 gnd=4.0 sp=3130.61 horiz=3128.45 velH=-1.2947 bodyH=-1.2330 slip=-0.0616 d=(0.03454,-0.14006) av=(0,-0.197585,0)
reseed=0 in=(0,255,255,0) steer=-1.000 gnd=4.0 sp=3152.02 horiz=3149.83 velH=-1.2525 bodyH=-1.1905 slip=-0.0620 d=(0.04069,-0.13945) av=(0,-0.198457,0)
reseed=0 in=(0,255,255,0) steer=-1.000 gnd=4.0 sp=3172.86 horiz=3170.64 velH=-1.2104 bodyH=-1.1480 slip=-0.0624 d=(0.04685,-0.13855) av=(0,-0.199315,0)
reseed=0 in=(0,255,255,0) steer=-1.000 gnd=4.0 sp=3193.14 horiz=3190.89 velH=-1.1682 bodyH=-1.1055 slip=-0.0627 d=(0.05299,-0.13734) av=(0,-0.200159,0)
reseed=0 in=(0,255,255,0) steer=-1.000 gnd=4.0 sp=3212.88 horiz=3210.60 velH=-1.1261 bodyH=-1.0630 slip=-0.0630 d=(0.05910,-0.13585) av=(0,-0.200989,0)
reseed=0 in=(0,255,255,0) steer=-1.000 gnd=4.0 sp=3232.09 horiz=3229.78 velH=-1.0839 bodyH=-1.0205 slip=-0.0634 d=(0.06517,-0.13405) av=(0,-0.201805,0)
reseed=0 in=(0,255,255,0) steer=-1.000 gnd=4.0 sp=3250.77 horiz=3248.43 velH=-1.0417 bodyH=-0.9780 slip=-0.0637 d=(0.07118,-0.13196) av=(0,-0.202608,0)
reseed=0 in=(0,255,255,0) steer=-1.000 gnd=4.0 sp=3268.93 horiz=3266.57 velH=-0.9996 bodyH=-0.9355 slip=-0.0640 d=(0.07712,-0.12958) av=(0,-0.203396,0)
reseed=0 in=(0,255,255,0) steer=-1.000 gnd=4.0 sp=3286.60 horiz=3284.20 velH=-0.9574 bodyH=-0.8930 slip=-0.0644 d=(0.08297,-0.12691) av=(0,-0.20417,0)
reseed=0 in=(0,255,255,0) steer=-1.000 gnd=4.0 sp=3303.77 horiz=3301.34 velH=-0.9152 bodyH=-0.8505 slip=-0.0647 d=(0.08872,-0.12396) av=(0,-0.20493,0)
reseed=0 in=(0,255,255,0) steer=-1.000 gnd=4.0 sp=3320.45 horiz=3318.00 velH=-0.8730 bodyH=-0.8080 slip=-0.0650 d=(0.09436,-0.12073) av=(0,-0.205676,0)
reseed=0 in=(0,255,255,0) steer=-1.000 gnd=4.0 sp=3336.67 horiz=3334.19 velH=-0.8308 bodyH=-0.7655 slip=-0.0653 d=(0.09986,-0.11723) av=(0,-0.206408,0)
reseed=0 in=(0,255,255,0) steer=-1.000 gnd=4.0 sp=3352.42 horiz=3349.92 velH=-0.7886 bodyH=-0.7230 slip=-0.0656 d=(0.10523,-0.11346) av=(0,-0.207126,0)
reseed=0 in=(0,255,255,0) steer=-1.000 gnd=4.0 sp=3367.72 horiz=3365.19 velH=-0.7464 bodyH=-0.6805 slip=-0.0659 d=(0.11043,-0.10943) av=(0,-0.207829,0)
reseed=0 in=(0,255,255,0) steer=-1.000 gnd=4.0 sp=3382.58 horiz=3380.02 velH=-0.7041 bodyH=-0.6380 slip=-0.0661 d=(0.11547,-0.10514) av=(0,-0.208519,0)
reseed=0 in=(0,255,255,0) steer=-1.000 gnd=4.0 sp=3397.01 horiz=3394.43 velH=-0.6619 bodyH=-0.5955 slip=-0.0664 d=(0.12033,-0.10061) av=(0,-0.209195,0)
reseed=0 in=(0,255,255,0) steer=-1.000 gnd=4.0 sp=3411.01 horiz=3408.41 velH=-0.6197 bodyH=-0.5530 slip=-0.0667 d=(0.12500,-0.09585) av=(0,-0.209857,0)
reseed=0 in=(0,255,255,0) steer=-1.000 gnd=4.0 sp=3424.61 horiz=3421.98 velH=-0.5774 bodyH=-0.5105 slip=-0.0670 d=(0.12946,-0.09085) av=(0,-0.210505,0)
reseed=0 in=(0,255,255,0) steer=-1.000 gnd=4.0 sp=3437.80 horiz=3435.16 velH=-0.5352 bodyH=-0.4680 slip=-0.0672 d=(0.13371,-0.08564) av=(0,-0.21114,0)
reseed=0 in=(0,255,255,0) steer=-1.000 gnd=4.0 sp=3450.60 horiz=3447.94 velH=-0.4930 bodyH=-0.4255 slip=-0.0675 d=(0.13773,-0.08022) av=(0,-0.211761,0)
reseed=0 in=(0,255,255,0) steer=-1.000 gnd=4.0 sp=3463.03 horiz=3460.33 velH=-0.4507 bodyH=-0.3830 slip=-0.0677 d=(0.14151,-0.07461) av=(0,-0.212368,0)
reseed=0 in=(0,255,255,0) steer=-1.000 gnd=4.0 sp=3475.07 horiz=3472.36 velH=-0.4084 bodyH=-0.3405 slip=-0.0679 d=(0.14505,-0.06881) av=(0,-0.212962,0)
reseed=0 in=(0,255,255,0) steer=-1.000 gnd=4.0 sp=3486.76 horiz=3484.03 velH=-0.3662 bodyH=-0.2980 slip=-0.0682 d=(0.14834,-0.06284) av=(0,-0.213542,0)
reseed=0 in=(0,255,255,0) steer=-1.000 gnd=4.0 sp=3498.09 horiz=3495.34 velH=-0.3239 bodyH=-0.2555 slip=-0.0684 d=(0.15137,-0.05670) av=(0,-0.21411,0)
reseed=0 in=(0,255,255,0) steer=-1.000 gnd=4.0 sp=3509.08 horiz=3506.31 velH=-0.2816 bodyH=-0.2130 slip=-0.0686 d=(0.15412,-0.05041) av=(0,-0.214664,0)
reseed=0 in=(0,255,255,0) steer=-1.000 gnd=4.0 sp=3519.73 horiz=3516.94 velH=-0.2393 bodyH=-0.1705 slip=-0.0689 d=(0.15660,-0.04399) av=(0,-0.215206,0)
reseed=0 in=(0,255,255,0) steer=-1.000 gnd=4.0 sp=3530.06 horiz=3527.25 velH=-0.1970 bodyH=-0.1280 slip=-0.0691 d=(0.15880,-0.03745) av=(0,-0.215735,0)
reseed=0 in=(0,255,255,0) steer=-1.000 gnd=4.0 sp=3540.06 horiz=3537.24 velH=-0.1547 bodyH=-0.0855 slip=-0.0693 d=(0.16070,-0.03079) av=(0,-0.216251,0)
reseed=0 in=(0,255,255,0) steer=-1.000 gnd=4.0 sp=3549.76 horiz=3546.92 velH=-0.1124 bodyH=-0.0430 slip=-0.0695 d=(0.16232,-0.02403) av=(0,-0.216754,0)
reseed=0 in=(0,255,255,0) steer=-1.000 gnd=4.0 sp=3559.16 horiz=3556.30 velH=-0.0701 bodyH=-0.0005 slip=-0.0697 d=(0.16363,-0.01719) av=(0,-0.217246,0)
reseed=0 in=(0,255,255,0) steer=-1.000 gnd=4.0 sp=3568.26 horiz=3565.38 velH=-0.0278 bodyH=0.0420 slip=-0.0699 d=(0.16464,-0.01029) av=(0,-0.217725,0)
reseed=0 in=(0,255,255,0) steer=-1.000 gnd=4.0 sp=3577.08 horiz=3574.19 velH=0.0145 bodyH=0.0845 slip=-0.0700 d=(0.16535,-0.00332) av=(0,-0.218193,0)
reseed=0 in=(0,255,255,0) steer=-1.000 gnd=4.0 sp=3585.63 horiz=3582.71 velH=0.0568 bodyH=0.1270 slip=-0.0702 d=(0.16574,0.00369) av=(0,-0.218648,0)
reseed=0 in=(0,255,255,0) steer=-1.000 gnd=4.0 sp=3593.90 horiz=3590.97 velH=0.0991 bodyH=0.1695 slip=-0.0704 d=(0.16583,0.01072) av=(0,-0.219092,0)
reseed=0 in=(0,255,255,0) steer=-1.000 gnd=4.0 sp=3601.91 horiz=3598.97 velH=0.1415 bodyH=0.2120 slip=-0.0706 d=(0.16561,0.01777) av=(0,-0.219525,0)
reseed=0 in=(0,255,255,0) steer=-1.000 gnd=4.0 sp=3609.67 horiz=3606.71 velH=0.1838 bodyH=0.2545 slip=-0.0707 d=(0.16507,0.02481) av=(0,-0.219946,0)
reseed=0 in=(0,255,255,0) steer=-1.000 gnd=4.0 sp=3617.18 horiz=3614.21 velH=0.2261 bodyH=0.2970 slip=-0.0709 d=(0.16422,0.03185) av=(0,-0.220357,0)
reseed=0 in=(0,255,255,0) steer=-1.000 gnd=4.0 sp=3624.46 horiz=3621.47 velH=0.2685 bodyH=0.3395 slip=-0.0711 d=(0.16306,0.03885) av=(0,-0.220756,0)
reseed=0 in=(0,255,255,0) steer=-1.000 gnd=4.0 sp=3631.49 horiz=3628.49 velH=0.3108 bodyH=0.3820 slip=-0.0712 d=(0.16159,0.04581) av=(0,-0.221145,0)
reseed=0 in=(0,255,255,0) steer=-1.000 gnd=4.0 sp=3638.31 horiz=3635.29 velH=0.3532 bodyH=0.4246 slip=-0.0714 d=(0.15982,0.05271) av=(0,-0.221524,0)
reseed=0 in=(0,255,255,0) steer=-1.000 gnd=4.0 sp=3644.90 horiz=3641.87 velH=0.3955 bodyH=0.4671 slip=-0.0715 d=(0.15773,0.05954) av=(0,-0.221892,0)
reseed=0 in=(0,255,255,0) steer=-1.000 gnd=4.0 sp=3651.28 horiz=3648.24 velH=0.4379 bodyH=0.5096 slip=-0.0717 d=(0.15535,0.06628) av=(0,-0.22225,0)
reseed=0 in=(0,255,255,0) steer=-1.000 gnd=4.0 sp=3657.46 horiz=3654.40 velH=0.4803 bodyH=0.5521 slip=-0.0718 d=(0.15267,0.07293) av=(0,-0.222599,0)
reseed=0 in=(0,255,255,0) steer=-1.000 gnd=4.0 sp=3663.43 horiz=3660.37 velH=0.5226 bodyH=0.5946 slip=-0.0719 d=(0.14969,0.07946) av=(0,-0.222937,0)
reseed=0 in=(0,255,255,0) steer=-1.000 gnd=4.0 sp=3669.21 horiz=3666.14 velH=0.5650 bodyH=0.6371 slip=-0.0721 d=(0.14643,0.08587) av=(0,-0.223267,0)
reseed=0 in=(0,255,255,0) steer=-1.000 gnd=4.0 sp=3674.81 horiz=3671.72 velH=0.6074 bodyH=0.6796 slip=-0.0722 d=(0.14288,0.09214) av=(0,-0.223587,0)
reseed=0 in=(0,255,255,0) steer=-1.000 gnd=4.0 sp=3680.22 horiz=3677.12 velH=0.6498 bodyH=0.7221 slip=-0.0723 d=(0.13906,0.09826) av=(0,-0.223898,0)
reseed=0 in=(0,255,255,0) steer=-1.000 gnd=4.0 sp=3685.45 horiz=3682.34 velH=0.6921 bodyH=0.7646 slip=-0.0724 d=(0.13497,0.10421) av=(0,-0.2242,0)
reseed=0 in=(0,255,255,0) steer=-1.000 gnd=4.0 sp=3690.51 horiz=3687.39 velH=0.7345 bodyH=0.8071 slip=-0.0725 d=(0.13062,0.10999) av=(0,-0.224493,0)
reseed=0 in=(0,255,255,0) steer=-1.000 gnd=4.0 sp=3695.40 horiz=3692.27 velH=0.7769 bodyH=0.8496 slip=-0.0727 d=(0.12601,0.11558) av=(0,-0.224778,0)
reseed=0 in=(0,255,255,0) steer=-1.000 gnd=4.0 sp=3700.14 horiz=3697.00 velH=0.8193 bodyH=0.8921 slip=-0.0728 d=(0.12116,0.12098) av=(0,-0.225055,0)
reseed=0 in=(0,255,255,0) steer=-1.000 gnd=4.0 sp=3704.71 horiz=3701.56 velH=0.8617 bodyH=0.9346 slip=-0.0729 d=(0.11607,0.12616) av=(0,-0.225324,0)
reseed=0 in=(0,255,255,0) steer=-1.000 gnd=4.0 sp=3709.14 horiz=3705.98 velH=0.9041 bodyH=0.9771 slip=-0.0730 d=(0.11075,0.13113) av=(0,-0.225585,0)
reseed=0 in=(0,255,255,0) steer=-1.000 gnd=4.0 sp=3713.42 horiz=3710.25 velH=0.9465 bodyH=1.0196 slip=-0.0731 d=(0.10522,0.13587) av=(0,-0.225838,0)
reseed=0 in=(0,255,255,0) steer=-1.000 gnd=4.0 sp=3717.55 horiz=3714.38 velH=0.9889 bodyH=1.0621 slip=-0.0732 d=(0.09948,0.14037) av=(0,-0.226083,0)
reseed=0 in=(0,255,255,0) steer=-1.000 gnd=4.0 sp=3721.55 horiz=3718.37 velH=1.0313 bodyH=1.1046 slip=-0.0733 d=(0.09354,0.14462) av=(0,-0.226321,0)
reseed=0 in=(0,255,255,0) steer=-1.000 gnd=4.0 sp=3725.42 horiz=3722.23 velH=1.0737 bodyH=1.1471 slip=-0.0734 d=(0.08742,0.14861) av=(0,-0.226552,0)
reseed=0 in=(0,255,255,0) steer=-1.000 gnd=4.0 sp=3729.16 horiz=3725.96 velH=1.1161 bodyH=1.1896 slip=-0.0735 d=(0.08112,0.15234) av=(0,-0.226777,0)
reseed=0 in=(0,255,255,0) steer=-1.000 gnd=4.0 sp=3732.77 horiz=3729.56 velH=1.1586 bodyH=1.2321 slip=-0.0735 d=(0.07467,0.15580) av=(0,-0.226994,0)
reseed=1 in=(0,255,255,0) steer=-1.000 gnd=4.0 sp=1916.79 horiz=1916.63 velH=1.8048 bodyH=1.8240 slip=-0.0192 d=(-0.01858,0.08509) av=(0,-0.194333,0)
reseed=0 in=(0,255,255,0) steer=-1.000 gnd=4.0 sp=1965.35 horiz=1964.94 velH=1.8363 bodyH=1.8665 slip=-0.0302 d=(-0.02125,0.08684) av=(0,-0.177397,0)
reseed=0 in=(0,255,255,0) steer=-1.000 gnd=4.0 sp=2012.29 horiz=2011.69 velH=1.8723 bodyH=1.9090 slip=-0.0366 d=(-0.02465,0.08824) av=(0,-0.169424,0)
reseed=0 in=(0,255,255,0) steer=-1.000 gnd=4.0 sp=2057.91 horiz=2057.17 velH=1.9109 bodyH=1.9515 slip=-0.0406 d=(-0.02851,0.08933) av=(0,-0.165645,0)
reseed=0 in=(0,255,255,0) steer=-1.000 gnd=4.0 sp=2102.44 horiz=2101.58 velH=1.9508 bodyH=1.9940 slip=-0.0432 d=(-0.03267,0.09013) av=(0,-0.164669,0)
reseed=0 in=(0,255,255,0) steer=-1.000 gnd=4.0 sp=2146.00 horiz=2145.06 velH=1.9915 bodyH=2.0365 slip=-0.0450 d=(-0.03703,0.09065) av=(0,-0.164984,0)
reseed=0 in=(0,255,255,0) steer=-1.000 gnd=4.0 sp=2188.70 horiz=2187.70 velH=2.0327 bodyH=2.0790 slip=-0.0463 d=(-0.04153,0.09089) av=(0,-0.165874,0)
reseed=0 in=(0,255,255,0) steer=-1.000 gnd=4.0 sp=2230.59 horiz=2229.53 velH=2.0742 bodyH=2.1215 slip=-0.0473 d=(-0.04613,0.09085) av=(0,-0.167003,0)
reseed=0 in=(0,255,255,0) steer=-1.000 gnd=4.0 sp=2271.71 horiz=2270.60 velH=2.1159 bodyH=2.1640 slip=-0.0481 d=(-0.05081,0.09054) av=(0,-0.168218,0)
reseed=0 in=(0,255,255,0) steer=-1.000 gnd=4.0 sp=2312.06 horiz=2310.91 velH=2.1577 bodyH=2.2065 slip=-0.0488 d=(-0.05553,0.08996) av=(0,-0.169451,0)
reseed=0 in=(0,255,255,0) steer=-1.000 gnd=4.0 sp=2351.67 horiz=2350.47 velH=2.1995 bodyH=2.2490 slip=-0.0495 d=(-0.06028,0.08910) av=(0,-0.170675,0)
reseed=1 in=(0,255,255,0) steer=-1.000 gnd=4.0 sp=1231.93 horiz=1231.90 velH=-3.1180 bodyH=-3.1079 slip=-0.0101 d=(-0.05515,-0.00028) av=(0,-0.160836,0)
reseed=0 in=(0,255,255,0) steer=-1.000 gnd=4.0 sp=1287.26 horiz=1287.17 velH=-3.0893 bodyH=-3.0726 slip=-0.0167 d=(-0.05771,-0.00171) av=(0,-0.151596,0)
reseed=0 in=(0,255,255,0) steer=-1.000 gnd=4.0 sp=1341.89 horiz=1341.74 velH=-3.0573 bodyH=-3.0357 slip=-0.0216 d=(-0.06019,-0.00355) av=(0,-0.14791,0)
reseed=0 in=(0,255,255,0) steer=-1.000 gnd=4.0 sp=1395.81 horiz=1395.59 velH=-3.0228 bodyH=-2.9973 slip=-0.0255 d=(-0.06255,-0.00573) av=(0,-0.147191,0)
reseed=0 in=(0,255,255,0) steer=-1.000 gnd=4.0 sp=1449.01 horiz=1448.72 velH=-2.9863 bodyH=-2.9574 slip=-0.0290 d=(-0.06478,-0.00822) av=(0,-0.147993,0)
reseed=0 in=(0,255,255,0) steer=-1.000 gnd=4.0 sp=1501.45 horiz=1501.08 velH=-2.9481 bodyH=-2.9159 slip=-0.0321 d=(-0.06686,-0.01099) av=(0,-0.148447,0)
reseed=0 in=(0,255,255,0) steer=-1.000 gnd=4.0 sp=1553.12 horiz=1552.67 velH=-2.9083 bodyH=-2.8734 slip=-0.0349 d=(-0.06876,-0.01404) av=(0,-0.149811,0)
reseed=0 in=(0,255,255,0) steer=-1.000 gnd=4.0 sp=1604.06 horiz=1603.56 velH=-2.8677 bodyH=-2.8309 slip=-0.0368 d=(-0.07045,-0.01734) av=(0,-0.150467,0)
reseed=0 in=(0,255,255,0) steer=-1.000 gnd=4.0 sp=1654.34 horiz=1653.77 velH=-2.8266 bodyH=-2.7884 slip=-0.0382 d=(-0.07195,-0.02085) av=(0,-0.151573,0)
reseed=0 in=(0,255,255,0) steer=-1.000 gnd=4.0 sp=1703.95 horiz=1703.35 velH=-2.7853 bodyH=-2.7459 slip=-0.0393 d=(-0.07323,-0.02452) av=(0,-0.152842,0)
reseed=0 in=(0,255,255,0) steer=-1.000 gnd=4.0 sp=1752.93 horiz=1752.28 velH=-2.7437 bodyH=-2.7034 slip=-0.0403 d=(-0.07430,-0.02835) av=(0,-0.154154,0)
reseed=0 in=(0,255,255,0) steer=-1.000 gnd=4.0 sp=1801.26 horiz=1800.56 velH=-2.7021 bodyH=-2.6609 slip=-0.0412 d=(-0.07513,-0.03230) av=(0,-0.155466,0)
reseed=0 in=(0,255,255,0) steer=-1.000 gnd=4.0 sp=1848.94 horiz=1848.20 velH=-2.6604 bodyH=-2.6184 slip=-0.0420 d=(-0.07574,-0.03636) av=(0,-0.156761,0)
reseed=0 in=(0,255,255,0) steer=-1.000 gnd=4.0 sp=1895.96 horiz=1895.18 velH=-2.6187 bodyH=-2.5759 slip=-0.0428 d=(-0.07610,-0.04052) av=(0,-0.158037,0)
reseed=0 in=(0,255,255,0) steer=-1.000 gnd=4.0 sp=1942.31 horiz=1941.49 velH=-2.5769 bodyH=-2.5334 slip=-0.0435 d=(-0.07621,-0.04476) av=(0,-0.159296,0)
reseed=0 in=(0,255,255,0) steer=-1.000 gnd=4.0 sp=1987.98 horiz=1987.12 velH=-2.5351 bodyH=-2.4909 slip=-0.0442 d=(-0.07608,-0.04906) av=(0,-0.160541,0)
reseed=0 in=(0,255,255,0) steer=-1.000 gnd=4.0 sp=2032.97 horiz=2032.07 velH=-2.4933 bodyH=-2.4484 slip=-0.0449 d=(-0.07568,-0.05341) av=(0,-0.161772,0)
reseed=0 in=(0,255,255,0) steer=-1.000 gnd=4.0 sp=2077.27 horiz=2076.33 velH=-2.4515 bodyH=-2.4059 slip=-0.0456 d=(-0.07503,-0.05779) av=(0,-0.162993,0)
reseed=0 in=(0,255,255,0) steer=-1.000 gnd=4.0 sp=2120.86 horiz=2119.88 velH=-2.4096 bodyH=-2.3634 slip=-0.0462 d=(-0.07411,-0.06219) av=(0,-0.164205,0)
reseed=0 in=(0,255,255,0) steer=-1.000 gnd=4.0 sp=2163.75 horiz=2162.72 velH=-2.3678 bodyH=-2.3209 slip=-0.0469 d=(-0.07293,-0.06659) av=(0,-0.165408,0)
reseed=0 in=(0,255,255,0) steer=-1.000 gnd=4.0 sp=2205.92 horiz=2204.86 velH=-2.3259 bodyH=-2.2784 slip=-0.0475 d=(-0.07148,-0.07098) av=(0,-0.166603,0)
reseed=0 in=(0,255,255,0) steer=-1.000 gnd=4.0 sp=2247.37 horiz=2246.27 velH=-2.2840 bodyH=-2.2359 slip=-0.0481 d=(-0.06977,-0.07533) av=(0,-0.16779,0)
reseed=0 in=(0,255,255,0) steer=-1.000 gnd=4.0 sp=2288.11 horiz=2286.96 velH=-2.2421 bodyH=-2.1934 slip=-0.0487 d=(-0.06780,-0.07965) av=(0,-0.168969,0)
reseed=0 in=(0,255,255,0) steer=-1.000 gnd=4.0 sp=2328.12 horiz=2326.93 velH=-2.2002 bodyH=-2.1509 slip=-0.0493 d=(-0.06556,-0.08389) av=(0,-0.170141,0)
reseed=0 in=(0,255,255,0) steer=-1.000 gnd=4.0 sp=2367.40 horiz=2366.17 velH=-2.1582 bodyH=-2.1084 slip=-0.0498 d=(-0.06306,-0.08807) av=(0,-0.171305,0)
reseed=0 in=(0,255,255,0) steer=-1.000 gnd=4.0 sp=2405.95 horiz=2404.68 velH=-2.1163 bodyH=-2.0659 slip=-0.0504 d=(-0.06031,-0.09215) av=(0,-0.172461,0)
reseed=0 in=(0,255,255,0) steer=-1.000 gnd=4.0 sp=2443.77 horiz=2442.47 velH=-2.0743 bodyH=-2.0234 slip=-0.0510 d=(-0.05730,-0.09612) av=(0,-0.173609,0)
reseed=0 in=(0,255,255,0) steer=-1.000 gnd=4.0 sp=2480.87 horiz=2479.52 velH=-2.0324 bodyH=-1.9809 slip=-0.0515 d=(-0.05405,-0.09997) av=(0,-0.174748,0)
reseed=0 in=(0,255,255,0) steer=-1.000 gnd=4.0 sp=2517.23 horiz=2515.84 velH=-1.9904 bodyH=-1.9384 slip=-0.0520 d=(-0.05056,-0.10369) av=(0,-0.175879,0)
reseed=0 in=(0,255,255,0) steer=-1.000 gnd=4.0 sp=2552.87 horiz=2551.44 velH=-1.9484 bodyH=-1.8959 slip=-0.0526 d=(-0.04684,-0.10725) av=(0,-0.177001,0)
reseed=0 in=(0,255,255,0) steer=-1.000 gnd=4.0 sp=2587.78 horiz=2586.32 velH=-1.9065 bodyH=-1.8534 slip=-0.0531 d=(-0.04289,-0.11065) av=(0,-0.178113,0)
reseed=0 in=(0,255,255,0) steer=-1.000 gnd=4.0 sp=2621.97 horiz=2620.47 velH=-1.8645 bodyH=-1.8109 slip=-0.0536 d=(-0.03872,-0.11388) av=(0,-0.179217,0)
reseed=0 in=(0,255,255,0) steer=-1.000 gnd=4.0 sp=2655.44 horiz=2653.90 velH=-1.8225 bodyH=-1.7684 slip=-0.0541 d=(-0.03435,-0.11691) av=(0,-0.18031,0)
reseed=0 in=(0,255,255,0) steer=-1.000 gnd=4.0 sp=2688.20 horiz=2686.62 velH=-1.7805 bodyH=-1.7259 slip=-0.0546 d=(-0.02979,-0.11975) av=(0,-0.181394,0)
reseed=0 in=(0,255,255,0) steer=-1.000 gnd=4.0 sp=2720.25 horiz=2718.63 velH=-1.7384 bodyH=-1.6834 slip=-0.0551 d=(-0.02504,-0.12237) av=(0,-0.182467,0)
reseed=0 in=(0,255,255,0) steer=-1.000 gnd=4.0 sp=2751.59 horiz=2749.93 velH=-1.6964 bodyH=-1.6409 slip=-0.0556 d=(-0.02011,-0.12477) av=(0,-0.18353,0)
reseed=0 in=(0,255,255,0) steer=-1.000 gnd=4.0 sp=2782.23 horiz=2780.54 velH=-1.6544 bodyH=-1.5984 slip=-0.0560 d=(-0.01502,-0.12694) av=(0,-0.184582,0)
reseed=0 in=(0,255,255,0) steer=-1.000 gnd=4.0 sp=2812.19 horiz=2810.45 velH=-1.6123 bodyH=-1.5559 slip=-0.0565 d=(-0.00978,-0.12887) av=(0,-0.185623,0)
reseed=0 in=(0,255,255,0) steer=-1.000 gnd=4.0 sp=2841.45 horiz=2839.68 velH=-1.5703 bodyH=-1.5134 slip=-0.0569 d=(-0.00440,-0.13054) av=(0,-0.186653,0)
reseed=0 in=(0,255,255,0) steer=-1.000 gnd=4.0 sp=2870.04 horiz=2868.23 velH=-1.5282 bodyH=-1.4709 slip=-0.0574 d=(0.00110,-0.13196) av=(0,-0.187671,0)
reseed=0 in=(0,255,255,0) steer=-1.000 gnd=4.0 sp=2897.95 horiz=2896.11 velH=-1.4862 bodyH=-1.4284 slip=-0.0578 d=(0.00671,-0.13311) av=(0,-0.188677,0)
reseed=0 in=(0,255,255,0) steer=-1.000 gnd=4.0 sp=2925.20 horiz=2923.33 velH=-1.4441 bodyH=-1.3859 slip=-0.0583 d=(0.01242,-0.13399) av=(0,-0.189672,0)
reseed=0 in=(0,255,255,0) steer=-1.000 gnd=4.0 sp=2951.80 horiz=2949.89 velH=-1.4020 bodyH=-1.3434 slip=-0.0587 d=(0.01821,-0.13459) av=(0,-0.190654,0)
reseed=0 in=(0,255,255,0) steer=-1.000 gnd=4.0 sp=2977.75 horiz=2975.80 velH=-1.3599 bodyH=-1.3008 slip=-0.0591 d=(0.02407,-0.13491) av=(0,-0.191624,0)
reseed=0 in=(0,255,255,0) steer=-1.000 gnd=4.0 sp=3003.06 horiz=3001.07 velH=-1.3179 bodyH=-1.2583 slip=-0.0595 d=(0.02999,-0.13494) av=(0,-0.192581,0)
reseed=0 in=(0,255,255,0) steer=-1.000 gnd=4.0 sp=3027.74 horiz=3025.72 velH=-1.2758 bodyH=-1.2158 slip=-0.0599 d=(0.03594,-0.13469) av=(0,-0.193525,0)
reseed=0 in=(0,255,255,0) steer=-1.000 gnd=4.0 sp=3051.80 horiz=3049.75 velH=-1.2336 bodyH=-1.1733 slip=-0.0603 d=(0.04191,-0.13414) av=(0,-0.194457,0)
reseed=0 in=(0,255,255,0) steer=-1.000 gnd=4.0 sp=3075.25 horiz=3073.16 velH=-1.1915 bodyH=-1.1308 slip=-0.0607 d=(0.04790,-0.13330) av=(0,-0.195375,0)
reseed=0 in=(0,255,255,0) steer=-1.000 gnd=4.0 sp=3098.09 horiz=3095.98 velH=-1.1494 bodyH=-1.0883 slip=-0.0611 d=(0.05387,-0.13216) av=(0,-0.19628,0)
reseed=0 in=(0,255,255,0) steer=-1.000 gnd=4.0 sp=3120.35 horiz=3118.21 velH=-1.1073 bodyH=-1.0458 slip=-0.0615 d=(0.05983,-0.13073) av=(0,-0.197171,0)
reseed=0 in=(0,255,255,0) steer=-1.000 gnd=4.0 sp=3142.03 horiz=3139.85 velH=-1.0652 bodyH=-1.0033 slip=-0.0618 d=(0.06574,-0.12901) av=(0,-0.198049,0)
reseed=0 in=(0,255,255,0) steer=-1.000 gnd=4.0 sp=3163.14 horiz=3160.93 velH=-1.0230 bodyH=-0.9608 slip=-0.0622 d=(0.07161,-0.12700) av=(0,-0.198914,0)
reseed=0 in=(0,255,255,0) steer=-1.000 gnd=4.0 sp=3183.68 horiz=3181.44 velH=-0.9809 bodyH=-0.9183 slip=-0.0625 d=(0.07741,-0.12469) av=(0,-0.199764,0)
reseed=0 in=(0,255,255,0) steer=-1.000 gnd=4.0 sp=3203.68 horiz=3201.41 velH=-0.9387 bodyH=-0.8758 slip=-0.0629 d=(0.08312,-0.12210) av=(0,-0.200601,0)
reseed=0 in=(0,255,255,0) steer=-1.000 gnd=4.0 sp=3223.13 horiz=3220.83 velH=-0.8966 bodyH=-0.8333 slip=-0.0632 d=(0.08874,-0.11923) av=(0,-0.201424,0)
reseed=0 in=(0,255,255,0) steer=-1.000 gnd=4.0 sp=3242.06 horiz=3239.73 velH=-0.8544 bodyH=-0.7908 slip=-0.0636 d=(0.09425,-0.11607) av=(0,-0.202232,0)
reseed=0 in=(0,255,255,0) steer=-1.000 gnd=4.0 sp=3260.46 horiz=3258.11 velH=-0.8122 bodyH=-0.7483 slip=-0.0639 d=(0.09964,-0.11265) av=(0,-0.203027,0)
reseed=0 in=(0,255,255,0) steer=-1.000 gnd=4.0 sp=3278.36 horiz=3275.98 velH=-0.7700 bodyH=-0.7058 slip=-0.0642 d=(0.10489,-0.10896) av=(0,-0.203808,0)
reseed=0 in=(0,255,255,0) steer=-1.000 gnd=4.0 sp=3295.76 horiz=3293.35 velH=-0.7278 bodyH=-0.6633 slip=-0.0645 d=(0.10998,-0.10501) av=(0,-0.204575,0)
reseed=0 in=(0,255,255,0) steer=-1.000 gnd=4.0 sp=3312.67 horiz=3310.23 velH=-0.6857 bodyH=-0.6208 slip=-0.0648 d=(0.11491,-0.10080) av=(0,-0.205327,0)
reseed=0 in=(0,255,255,0) steer=-1.000 gnd=4.0 sp=3329.11 horiz=3326.64 velH=-0.6435 bodyH=-0.5783 slip=-0.0651 d=(0.11967,-0.09635) av=(0,-0.206066,0)
reseed=0 in=(0,255,255,0) steer=-1.000 gnd=4.0 sp=3345.08 horiz=3342.58 velH=-0.6013 bodyH=-0.5358 slip=-0.0654 d=(0.12424,-0.09167) av=(0,-0.20679,0)
reseed=0 in=(0,255,255,0) steer=-1.000 gnd=4.0 sp=3360.59 horiz=3358.07 velH=-0.5590 bodyH=-0.4933 slip=-0.0657 d=(0.12860,-0.08676) av=(0,-0.207501,0)
reseed=0 in=(0,255,255,0) steer=-1.000 gnd=4.0 sp=3375.65 horiz=3373.11 velH=-0.5168 bodyH=-0.4508 slip=-0.0660 d=(0.13275,-0.08163) av=(0,-0.208197,0)
reseed=0 in=(0,255,255,0) steer=-1.000 gnd=4.0 sp=3390.28 horiz=3387.72 velH=-0.4746 bodyH=-0.4083 slip=-0.0663 d=(0.13669,-0.07629) av=(0,-0.208879,0)
reseed=0 in=(0,255,255,0) steer=-1.000 gnd=4.0 sp=3404.48 horiz=3401.89 velH=-0.4324 bodyH=-0.3658 slip=-0.0666 d=(0.14038,-0.07075) av=(0,-0.209548,0)
reseed=0 in=(0,255,255,0) steer=-1.000 gnd=4.0 sp=3418.27 horiz=3415.66 velH=-0.3901 bodyH=-0.3233 slip=-0.0668 d=(0.14384,-0.06503) av=(0,-0.210203,0)
reseed=0 in=(0,255,255,0) steer=-1.000 gnd=4.0 sp=3431.65 horiz=3429.02 velH=-0.3479 bodyH=-0.2808 slip=-0.0671 d=(0.14705,-0.05914) av=(0,-0.210843,0)
reseed=0 in=(0,255,255,0) steer=-1.000 gnd=4.0 sp=3444.64 horiz=3441.98 velH=-0.3056 bodyH=-0.2383 slip=-0.0673 d=(0.14999,-0.05308) av=(0,-0.211471,0)
reseed=0 in=(0,255,255,0) steer=-1.000 gnd=4.0 sp=3457.24 horiz=3454.56 velH=-0.2634 bodyH=-0.1958 slip=-0.0676 d=(0.15267,-0.04687) av=(0,-0.212084,0)
reseed=0 in=(0,255,255,0) steer=-1.000 gnd=4.0 sp=3469.46 horiz=3466.76 velH=-0.2211 bodyH=-0.1533 slip=-0.0678 d=(0.15507,-0.04053) av=(0,-0.212685,0)
reseed=0 in=(0,255,255,0) steer=-1.000 gnd=4.0 sp=3481.31 horiz=3478.59 velH=-0.1789 bodyH=-0.1108 slip=-0.0681 d=(0.15720,-0.03406) av=(0,-0.213271,0)
reseed=0 in=(0,255,255,0) steer=-1.000 gnd=4.0 sp=3492.81 horiz=3490.07 velH=-0.1366 bodyH=-0.0683 slip=-0.0683 d=(0.15903,-0.02748) av=(0,-0.213845,0)
reseed=1 in=(0,255,255,0) steer=-1.000 gnd=4.0 sp=1797.95 horiz=1797.81 velH=1.7641 bodyH=1.7828 slip=-0.0187 d=(-0.01411,0.08031) av=(0,-0.19554,0)
reseed=0 in=(0,255,255,0) steer=-1.000 gnd=4.0 sp=1847.88 horiz=1847.51 velH=1.7960 bodyH=1.8253 slip=-0.0293 d=(-0.01662,0.08224) av=(0,-0.176843,0)
reseed=0 in=(0,255,255,0) steer=-1.000 gnd=4.0 sp=1896.31 horiz=1895.77 velH=1.8323 bodyH=1.8678 slip=-0.0355 d=(-0.01983,0.08388) av=(0,-0.167856,0)
reseed=0 in=(0,255,255,0) steer=-1.000 gnd=4.0 sp=1943.52 horiz=1942.85 velH=1.8710 bodyH=1.9103 slip=-0.0393 d=(-0.02349,0.08524) av=(0,-0.163499,0)
reseed=0 in=(0,255,255,0) steer=-1.000 gnd=4.0 sp=1989.70 horiz=1988.93 velH=1.9110 bodyH=1.9528 slip=-0.0418 d=(-0.02745,0.08633) av=(0,-0.162188,0)
reseed=0 in=(0,255,255,0) steer=-1.000 gnd=4.0 sp=2034.98 horiz=2034.14 velH=1.9518 bodyH=1.9953 slip=-0.0435 d=(-0.03162,0.08716) av=(0,-0.162305,0)
reseed=0 in=(0,255,255,0) steer=-1.000 gnd=4.0 sp=2079.44 horiz=2078.53 velH=1.9930 bodyH=2.0378 slip=-0.0448 d=(-0.03595,0.08772) av=(0,-0.163077,0)
reseed=0 in=(0,255,255,0) steer=-1.000 gnd=4.0 sp=2123.11 horiz=2122.15 velH=2.0345 bodyH=2.0803 slip=-0.0458 d=(-0.04039,0.08803) av=(0,-0.164137,0)
reseed=0 in=(0,255,255,0) steer=-1.000 gnd=4.0 sp=2166.03 horiz=2165.02 velH=2.0762 bodyH=2.1228 slip=-0.0466 d=(-0.04492,0.08807) av=(0,-0.165313,0)
reseed=0 in=(0,255,255,0) steer=-1.000 gnd=4.0 sp=2208.21 horiz=2207.16 velH=2.1179 bodyH=2.1653 slip=-0.0473 d=(-0.04953,0.08784) av=(0,-0.166527,0)
reseed=0 in=(0,255,255,0) steer=-1.000 gnd=4.0 sp=2249.65 horiz=2248.55 velH=2.1598 bodyH=2.2078 slip=-0.0480 d=(-0.05417,0.08735) av=(0,-0.167745,0)
reseed=0 in=(0,255,255,0) steer=-1.000 gnd=4.0 sp=2290.36 horiz=2289.22 velH=2.2016 bodyH=2.2503 slip=-0.0487 d=(-0.05885,0.08659) av=(0,-0.168953,0)
reseed=0 in=(0,255,255,0) steer=-1.000 gnd=4.0 sp=2330.34 horiz=2329.16 velH=2.2435 bodyH=2.2928 slip=-0.0493 d=(-0.06354,0.08556) av=(0,-0.170149,0)
reseed=0 in=(0,255,255,0) steer=-1.000 gnd=4.0 sp=2369.59 horiz=2368.36 velH=2.2854 bodyH=2.3353 slip=-0.0499 d=(-0.06823,0.08426) av=(0,-0.17133,0)
reseed=0 in=(0,255,255,0) steer=-1.000 gnd=4.0 sp=2408.10 horiz=2406.84 velH=2.3274 bodyH=2.3778 slip=-0.0504 d=(-0.07290,0.08268) av=(0,-0.172499,0)
reseed=0 in=(0,255,255,0) steer=-1.000 gnd=4.0 sp=2445.89 horiz=2444.58 velH=2.3693 bodyH=2.4203 slip=-0.0510 d=(-0.07753,0.08084) av=(0,-0.173655,0)
reseed=0 in=(0,255,255,0) steer=-1.000 gnd=4.0 sp=2482.94 horiz=2481.59 velH=2.4113 bodyH=2.4628 slip=-0.0515 d=(-0.08210,0.07872) av=(0,-0.1748,0)
reseed=0 in=(0,255,255,0) steer=-1.000 gnd=4.0 sp=2519.26 horiz=2517.88 velH=2.4532 bodyH=2.5053 slip=-0.0521 d=(-0.08661,0.07634) av=(0,-0.175934,0)
reseed=0 in=(0,255,255,0) steer=-1.000 gnd=4.0 sp=2554.86 horiz=2553.43 velH=2.4952 bodyH=2.5478 slip=-0.0526 d=(-0.09104,0.07369) av=(0,-0.177058,0)
reseed=0 in=(0,255,255,0) steer=-1.000 gnd=4.0 sp=2589.73 horiz=2588.27 velH=2.5372 bodyH=2.5903 slip=-0.0531 d=(-0.09537,0.07078) av=(0,-0.178172,0)
reseed=0 in=(0,255,255,0) steer=-1.000 gnd=4.0 sp=2623.88 horiz=2622.38 velH=2.5792 bodyH=2.6328 slip=-0.0536 d=(-0.09958,0.06762) av=(0,-0.179276,0)
reseed=0 in=(0,255,255,0) steer=-1.000 gnd=4.0 sp=2657.31 horiz=2655.77 velH=2.6212 bodyH=2.6753 slip=-0.0541 d=(-0.10367,0.06421) av=(0,-0.18037,0)
reseed=0 in=(0,255,255,0) steer=-1.000 gnd=4.0 sp=2690.03 horiz=2688.45 velH=2.6632 bodyH=2.7178 slip=-0.0546 d=(-0.10762,0.06056) av=(0,-0.181454,0)
reseed=0 in=(0,255,255,0) steer=-1.000 gnd=4.0 sp=2722.04 horiz=2720.42 velH=2.7052 bodyH=2.7603 slip=-0.0551 d=(-0.11141,0.05667) av=(0,-0.182527,0)
reseed=0 in=(0,255,255,0) steer=-1.000 gnd=4.0 sp=2753.34 horiz=2751.68 velH=2.7472 bodyH=2.8028 slip=-0.0556 d=(-0.11503,0.05255) av=(0,-0.183589,0)
reseed=0 in=(0,255,255,0) steer=-1.000 gnd=4.0 sp=2783.95 horiz=2782.25 velH=2.7893 bodyH=2.8453 slip=-0.0560 d=(-0.11847,0.04822) av=(0,-0.184641,0)
reseed=0 in=(0,255,255,0) steer=-1.000 gnd=4.0 sp=2813.86 horiz=2812.13 velH=2.8313 bodyH=2.8878 slip=-0.0565 d=(-0.12172,0.04367) av=(0,-0.185681,0)
reseed=0 in=(0,255,255,0) steer=-1.000 gnd=4.0 sp=2843.09 horiz=2841.32 velH=2.8734 bodyH=2.9303 slip=-0.0570 d=(-0.12476,0.03893) av=(0,-0.186711,0)
reseed=0 in=(0,255,255,0) steer=-1.000 gnd=4.0 sp=2871.63 horiz=2869.83 velH=2.9154 bodyH=2.9728 slip=-0.0574 d=(-0.12759,0.03400) av=(0,-0.187728,0)
reseed=0 in=(0,255,255,0) steer=-1.000 gnd=4.0 sp=2899.51 horiz=2897.67 velH=2.9575 bodyH=3.0153 slip=-0.0578 d=(-0.13019,0.02889) av=(0,-0.188734,0)
reseed=0 in=(0,255,255,0) steer=-1.000 gnd=4.0 sp=2926.72 horiz=2924.85 velH=2.9995 bodyH=3.0578 slip=-0.0583 d=(-0.13255,0.02361) av=(0,-0.189728,0)
reseed=0 in=(0,255,255,0) steer=-1.000 gnd=4.0 sp=2953.28 horiz=2951.37 velH=3.0416 bodyH=3.1003 slip=-0.0587 d=(-0.13467,0.01819) av=(0,-0.190709,0)
reseed=0 in=(0,255,255,0) steer=-1.000 gnd=4.0 sp=2979.19 horiz=2977.25 velH=3.0837 bodyH=-3.1404 slip=-0.0591 d=(-0.13653,0.01262) av=(0,-0.191678,0)
reseed=0 in=(0,255,255,0) steer=-1.000 gnd=4.0 sp=3004.47 horiz=3002.49 velH=3.1258 bodyH=-3.0979 slip=-0.0595 d=(-0.13813,0.00692) av=(0,-0.192635,0)
reseed=0 in=(0,255,255,0) steer=-1.000 gnd=4.0 sp=3029.11 horiz=3027.10 velH=-3.1153 bodyH=-3.0554 slip=-0.0599 d=(-0.13946,0.00111) av=(0,-0.193578,0)
reseed=0 in=(0,255,255,0) steer=-1.000 gnd=4.0 sp=3053.14 horiz=3051.09 velH=-3.0732 bodyH=-3.0129 slip=-0.0603 d=(-0.14052,-0.00479) av=(0,-0.194509,0)
reseed=0 in=(0,255,255,0) steer=-1.000 gnd=4.0 sp=3076.55 horiz=3074.47 velH=-3.0311 bodyH=-2.9704 slip=-0.0607 d=(-0.14129,-0.01079) av=(0,-0.195426,0)
reseed=0 in=(0,255,255,0) steer=-1.000 gnd=4.0 sp=3099.37 horiz=3097.25 velH=-2.9889 bodyH=-2.9278 slip=-0.0611 d=(-0.14178,-0.01685) av=(0,-0.196331,0)
reseed=0 in=(0,255,255,0) steer=-1.000 gnd=4.0 sp=3121.59 horiz=3119.45 velH=-2.9468 bodyH=-2.8853 slip=-0.0615 d=(-0.14198,-0.02298) av=(0,-0.197221,0)
reseed=0 in=(0,255,255,0) steer=-1.000 gnd=4.0 sp=3143.24 horiz=3141.06 velH=-2.9047 bodyH=-2.8428 slip=-0.0618 d=(-0.14189,-0.02914) av=(0,-0.198099,0)
reseed=0 in=(0,255,255,0) steer=-1.000 gnd=4.0 sp=3164.31 horiz=3162.10 velH=-2.8625 bodyH=-2.8003 slip=-0.0622 d=(-0.14150,-0.03533) av=(0,-0.198962,0)
reseed=0 in=(0,255,255,0) steer=-1.000 gnd=4.0 sp=3184.83 horiz=3182.59 velH=-2.8204 bodyH=-2.7578 slip=-0.0626 d=(-0.14082,-0.04154) av=(0,-0.199812,0)
reseed=0 in=(0,255,255,0) steer=-1.000 gnd=4.0 sp=3204.79 horiz=3202.52 velH=-2.7782 bodyH=-2.7153 slip=-0.0629 d=(-0.13984,-0.04774) av=(0,-0.200648,0)
reseed=0 in=(0,255,255,0) steer=-1.000 gnd=4.0 sp=3224.22 horiz=3221.92 velH=-2.7361 bodyH=-2.6728 slip=-0.0632 d=(-0.13856,-0.05392) av=(0,-0.20147,0)
reseed=0 in=(0,255,255,0) steer=-1.000 gnd=4.0 sp=3243.11 horiz=3240.78 velH=-2.6939 bodyH=-2.6303 slip=-0.0636 d=(-0.13698,-0.06007) av=(0,-0.202278,0)
reseed=0 in=(0,255,255,0) steer=-1.000 gnd=4.0 sp=3261.49 horiz=3259.13 velH=-2.6517 bodyH=-2.5878 slip=-0.0639 d=(-0.13511,-0.06617) av=(0,-0.203072,0)
reseed=0 in=(0,255,255,0) steer=-1.000 gnd=4.0 sp=3279.36 horiz=3276.97 velH=-2.6096 bodyH=-2.5453 slip=-0.0642 d=(-0.13294,-0.07221) av=(0,-0.203852,0)
reseed=0 in=(0,255,255,0) steer=-1.000 gnd=4.0 sp=3296.73 horiz=3294.32 velH=-2.5674 bodyH=-2.5028 slip=-0.0645 d=(-0.13048,-0.07818) av=(0,-0.204618,0)
reseed=0 in=(0,255,255,0) steer=-1.000 gnd=4.0 sp=3313.62 horiz=3311.18 velH=-2.5252 bodyH=-2.4603 slip=-0.0649 d=(-0.12773,-0.08405) av=(0,-0.205369,0)
reseed=0 in=(0,255,255,0) steer=-1.000 gnd=4.0 sp=3330.02 horiz=3327.56 velH=-2.4830 bodyH=-2.4178 slip=-0.0652 d=(-0.12470,-0.08982) av=(0,-0.206107,0)
reseed=0 in=(0,255,255,0) steer=-1.000 gnd=4.0 sp=3345.96 horiz=3343.47 velH=-2.4408 bodyH=-2.3753 slip=-0.0655 d=(-0.12140,-0.09546) av=(0,-0.206831,0)
reseed=0 in=(0,255,255,0) steer=-1.000 gnd=4.0 sp=3361.45 horiz=3358.93 velH=-2.3986 bodyH=-2.3328 slip=-0.0657 d=(-0.11782,-0.10098) av=(0,-0.20754,0)
reseed=0 in=(0,255,255,0) steer=-1.000 gnd=4.0 sp=3376.49 horiz=3373.95 velH=-2.3563 bodyH=-2.2903 slip=-0.0660 d=(-0.11397,-0.10634) av=(0,-0.208236,0)
reseed=0 in=(0,255,255,0) steer=-1.000 gnd=4.0 sp=3391.09 horiz=3388.53 velH=-2.3141 bodyH=-2.2478 slip=-0.0663 d=(-0.10987,-0.11155) av=(0,-0.208917,0)
reseed=0 in=(0,255,255,0) steer=-1.000 gnd=4.0 sp=3405.27 horiz=3402.68 velH=-2.2719 bodyH=-2.2053 slip=-0.0666 d=(-0.10551,-0.11659) av=(0,-0.209585,0)
reseed=0 in=(0,255,255,0) steer=-1.000 gnd=4.0 sp=3419.04 horiz=3416.42 velH=-2.2297 bodyH=-2.1628 slip=-0.0668 d=(-0.10091,-0.12144) av=(0,-0.210239,0)
reseed=0 in=(0,255,255,0) steer=-1.000 gnd=4.0 sp=3432.40 horiz=3429.76 velH=-2.1874 bodyH=-2.1203 slip=-0.0671 d=(-0.09608,-0.12609) av=(0,-0.210879,0)
reseed=0 in=(0,255,255,0) steer=-1.000 gnd=4.0 sp=3445.36 horiz=3442.70 velH=-2.1452 bodyH=-2.0778 slip=-0.0674 d=(-0.09102,-0.13054) av=(0,-0.211506,0)
reseed=0 in=(0,255,255,0) steer=-1.000 gnd=4.0 sp=3457.94 horiz=3455.26 velH=-2.1029 bodyH=-2.0353 slip=-0.0676 d=(-0.08574,-0.13477) av=(0,-0.212119,0)
reseed=0 in=(0,255,255,0) steer=-1.000 gnd=4.0 sp=3470.14 horiz=3467.44 velH=-2.0607 bodyH=-1.9928 slip=-0.0678 d=(-0.08026,-0.13877) av=(0,-0.212718,0)
reseed=0 in=(0,255,255,0) steer=-1.000 gnd=4.0 sp=3481.97 horiz=3479.25 velH=-2.0184 bodyH=-1.9503 slip=-0.0681 d=(-0.07459,-0.14254) av=(0,-0.213304,0)
reseed=0 in=(0,255,255,0) steer=-1.000 gnd=4.0 sp=3493.45 horiz=3490.71 velH=-1.9761 bodyH=-1.9078 slip=-0.0683 d=(-0.06873,-0.14605) av=(0,-0.213877,0)
reseed=0 in=(0,255,255,0) steer=-1.000 gnd=4.0 sp=3504.58 horiz=3501.82 velH=-1.9338 bodyH=-1.8653 slip=-0.0685 d=(-0.06270,-0.14931) av=(0,-0.214437,0)
reseed=0 in=(0,255,255,0) steer=-1.000 gnd=4.0 sp=3515.37 horiz=3512.59 velH=-1.8916 bodyH=-1.8228 slip=-0.0688 d=(-0.05651,-0.15231) av=(0,-0.214984,0)
reseed=0 in=(0,255,255,0) steer=-1.000 gnd=4.0 sp=3525.83 horiz=3523.03 velH=-1.8493 bodyH=-1.7803 slip=-0.0690 d=(-0.05018,-0.15503) av=(0,-0.215518,0)
reseed=0 in=(0,255,255,0) steer=-1.000 gnd=4.0 sp=3535.97 horiz=3533.15 velH=-1.8070 bodyH=-1.7378 slip=-0.0692 d=(-0.04371,-0.15748) av=(0,-0.216039,0)
reseed=0 in=(0,255,255,0) steer=-1.000 gnd=4.0 sp=3545.79 horiz=3542.95 velH=-1.7647 bodyH=-1.6953 slip=-0.0694 d=(-0.03711,-0.15964) av=(0,-0.216548,0)
reseed=0 in=(0,255,255,0) steer=-1.000 gnd=4.0 sp=3555.31 horiz=3552.46 velH=-1.7224 bodyH=-1.6528 slip=-0.0696 d=(-0.03041,-0.16151) av=(0,-0.217044,0)
reseed=0 in=(0,255,255,0) steer=-1.000 gnd=4.0 sp=3564.54 horiz=3561.66 velH=-1.6801 bodyH=-1.6103 slip=-0.0698 d=(-0.02362,-0.16308) av=(0,-0.217529,0)
reseed=0 in=(0,255,255,0) steer=-1.000 gnd=4.0 sp=3573.47 horiz=3570.58 velH=-1.6378 bodyH=-1.5678 slip=-0.0700 d=(-0.01674,-0.16436) av=(0,-0.218001,0)
reseed=0 in=(0,255,255,0) steer=-1.000 gnd=4.0 sp=3582.13 horiz=3579.22 velH=-1.5954 bodyH=-1.5253 slip=-0.0702 d=(-0.00980,-0.16533) av=(0,-0.218461,0)
reseed=0 in=(0,255,255,0) steer=-1.000 gnd=4.0 sp=3590.51 horiz=3587.59 velH=-1.5531 bodyH=-1.4828 slip=-0.0703 d=(-0.00280,-0.16599) av=(0,-0.21891,0)
reseed=0 in=(0,255,255,0) steer=-1.000 gnd=4.0 sp=3598.63 horiz=3595.70 velH=-1.5108 bodyH=-1.4403 slip=-0.0705 d=(0.00423,-0.16635) av=(0,-0.219347,0)
reseed=0 in=(0,255,255,0) steer=-1.000 gnd=4.0 sp=3606.50 horiz=3603.54 velH=-1.4684 bodyH=-1.3978 slip=-0.0707 d=(0.01129,-0.16639) av=(0,-0.219774,0)
reseed=0 in=(0,255,255,0) steer=-1.000 gnd=4.0 sp=3614.11 horiz=3611.14 velH=-1.4261 bodyH=-1.3553 slip=-0.0708 d=(0.01836,-0.16612) av=(0,-0.220189,0)
reseed=0 in=(0,255,255,0) steer=-1.000 gnd=4.0 sp=3621.48 horiz=3618.50 velH=-1.3838 bodyH=-1.3128 slip=-0.0710 d=(0.02543,-0.16554) av=(0,-0.220593,0)
reseed=0 in=(0,255,255,0) steer=-1.000 gnd=4.0 sp=3628.61 horiz=3625.62 velH=-1.3414 bodyH=-1.2703 slip=-0.0712 d=(0.03248,-0.16465) av=(0,-0.220986,0)
reseed=0 in=(0,255,255,0) steer=-1.000 gnd=4.0 sp=3635.52 horiz=3632.51 velH=-1.2991 bodyH=-1.2278 slip=-0.0713 d=(0.03950,-0.16345) av=(0,-0.221369,0)
reseed=0 in=(0,255,255,0) steer=-1.000 gnd=4.0 sp=3642.20 horiz=3639.18 velH=-1.2567 bodyH=-1.1853 slip=-0.0715 d=(0.04647,-0.16193) av=(0,-0.221741,0)
reseed=0 in=(0,255,255,0) steer=-1.000 gnd=4.0 sp=3648.67 horiz=3645.64 velH=-1.2144 bodyH=-1.1428 slip=-0.0716 d=(0.05338,-0.16011) av=(0,-0.222104,0)
reseed=0 in=(0,255,255,0) steer=-1.000 gnd=4.0 sp=3654.93 horiz=3651.88 velH=-1.1720 bodyH=-1.1003 slip=-0.0717 d=(0.06022,-0.15798) av=(0,-0.222456,0)
reseed=0 in=(0,255,255,0) steer=-1.000 gnd=4.0 sp=3660.99 horiz=3657.93 velH=-1.1296 bodyH=-1.0578 slip=-0.0719 d=(0.06697,-0.15556) av=(0,-0.222799,0)
reseed=0 in=(0,255,255,0) steer=-1.000 gnd=4.0 sp=3666.85 horiz=3663.78 velH=-1.0873 bodyH=-1.0153 slip=-0.0720 d=(0.07362,-0.15283) av=(0,-0.223132,0)
reseed=0 in=(0,255,255,0) steer=-1.000 gnd=4.0 sp=3672.52 horiz=3669.43 velH=-1.0449 bodyH=-0.9728 slip=-0.0721 d=(0.08015,-0.14981) av=(0,-0.223456,0)
reseed=0 in=(0,255,255,0) steer=-1.000 gnd=4.0 sp=3678.00 horiz=3674.91 velH=-1.0025 bodyH=-0.9302 slip=-0.0723 d=(0.08656,-0.14651) av=(0,-0.22377,0)
reseed=0 in=(0,255,255,0) steer=-1.000 gnd=4.0 sp=3683.31 horiz=3680.20 velH=-0.9601 bodyH=-0.8877 slip=-0.0724 d=(0.09283,-0.14292) av=(0,-0.224076,0)
reseed=0 in=(0,255,255,0) steer=-1.000 gnd=4.0 sp=3688.44 horiz=3685.32 velH=-0.9177 bodyH=-0.8452 slip=-0.0725 d=(0.09894,-0.13906) av=(0,-0.224373,0)
reseed=0 in=(0,255,255,0) steer=-1.000 gnd=4.0 sp=3693.40 horiz=3690.27 velH=-0.8754 bodyH=-0.8027 slip=-0.0726 d=(0.10489,-0.13492) av=(0,-0.224662,0)
reseed=0 in=(0,255,255,0) steer=-1.000 gnd=4.0 sp=3698.20 horiz=3695.06 velH=-0.8330 bodyH=-0.7602 slip=-0.0727 d=(0.11066,-0.13053) av=(0,-0.224942,0)
reseed=0 in=(0,255,255,0) steer=-1.000 gnd=4.0 sp=3702.84 horiz=3699.69 velH=-0.7906 bodyH=-0.7177 slip=-0.0728 d=(0.11624,-0.12589) av=(0,-0.225214,0)
reseed=0 in=(0,255,255,0) steer=-1.000 gnd=4.0 sp=3707.33 horiz=3704.17 velH=-0.7482 bodyH=-0.6752 slip=-0.0729 d=(0.12162,-0.12100) av=(0,-0.225478,0)
reseed=0 in=(0,255,255,0) steer=-1.000 gnd=4.0 sp=3711.67 horiz=3708.50 velH=-0.7058 bodyH=-0.6327 slip=-0.0730 d=(0.12679,-0.11587) av=(0,-0.225734,0)
reseed=0 in=(0,255,255,0) steer=-1.000 gnd=4.0 sp=3715.86 horiz=3712.69 velH=-0.6634 bodyH=-0.5902 slip=-0.0731 d=(0.13174,-0.11052) av=(0,-0.225983,0)
reseed=0 in=(0,255,255,0) steer=-1.000 gnd=4.0 sp=3719.92 horiz=3716.73 velH=-0.6210 bodyH=-0.5477 slip=-0.0732 d=(0.13646,-0.10496) av=(0,-0.226224,0)
reseed=0 in=(0,255,255,0) steer=-1.000 gnd=4.0 sp=3723.84 horiz=3720.65 velH=-0.5786 bodyH=-0.5052 slip=-0.0733 d=(0.14094,-0.09918) av=(0,-0.226458,0)
reseed=0 in=(0,255,255,0) steer=-1.000 gnd=4.0 sp=3727.63 horiz=3724.43 velH=-0.5361 bodyH=-0.4627 slip=-0.0734 d=(0.14517,-0.09322) av=(0,-0.226685,0)
reseed=0 in=(0,255,255,0) steer=-1.000 gnd=4.0 sp=3731.29 horiz=3728.08 velH=-0.4937 bodyH=-0.4202 slip=-0.0735 d=(0.14914,-0.08706) av=(0,-0.226905,0)
reseed=0 in=(0,255,255,0) steer=-1.000 gnd=4.0 sp=3734.83 horiz=3731.62 velH=-0.4513 bodyH=-0.3777 slip=-0.0736 d=(0.15285,-0.08074) av=(0,-0.227118,0)
reseed=0 in=(0,255,255,0) steer=-1.000 gnd=4.0 sp=3738.25 horiz=3735.03 velH=-0.4089 bodyH=-0.3352 slip=-0.0737 d=(0.15628,-0.07426) av=(0,-0.227325,0)
reseed=0 in=(0,255,255,0) steer=-1.000 gnd=4.0 sp=3741.56 horiz=3738.33 velH=-0.3665 bodyH=-0.2927 slip=-0.0737 d=(0.15943,-0.06762) av=(0,-0.227526,0)
reseed=0 in=(0,255,255,0) steer=-1.000 gnd=4.0 sp=3744.75 horiz=3741.52 velH=-0.3240 bodyH=-0.2502 slip=-0.0738 d=(0.16230,-0.06085) av=(0,-0.22772,0)
reseed=0 in=(0,255,255,0) steer=-1.000 gnd=4.0 sp=3747.84 horiz=3744.60 velH=-0.2816 bodyH=-0.2077 slip=-0.0739 d=(0.16488,-0.05396) av=(0,-0.227908,0)
reseed=0 in=(0,255,255,0) steer=-1.000 gnd=4.0 sp=3750.83 horiz=3747.58 velH=-0.2392 bodyH=-0.1652 slip=-0.0740 d=(0.16715,-0.04696) av=(0,-0.228091,0)
reseed=0 in=(0,255,255,0) steer=-1.000 gnd=4.0 sp=3753.71 horiz=3750.46 velH=-0.1967 bodyH=-0.1227 slip=-0.0740 d=(0.16913,-0.03986) av=(0,-0.228268,0)
reseed=0 in=(0,255,255,0) steer=-1.000 gnd=4.0 sp=3756.50 horiz=3753.24 velH=-0.1543 bodyH=-0.0802 slip=-0.0741 d=(0.17080,-0.03267) av=(0,-0.228439,0)
reseed=0 in=(0,255,255,0) steer=-1.000 gnd=4.0 sp=3759.19 horiz=3755.92 velH=-0.1119 bodyH=-0.0377 slip=-0.0742 d=(0.17215,-0.02541) av=(0,-0.228605,0)
reseed=0 in=(0,255,255,0) steer=-1.000 gnd=4.0 sp=3761.79 horiz=3758.52 velH=-0.0694 bodyH=0.0048 slip=-0.0742 d=(0.17320,-0.01810) av=(0,-0.228766,0)
reseed=0 in=(0,255,255,0) steer=-1.000 gnd=4.0 sp=3764.30 horiz=3761.03 velH=-0.0270 bodyH=0.0473 slip=-0.0743 d=(0.17393,-0.01074) av=(0,-0.228921,0)
reseed=0 in=(0,255,255,0) steer=-1.000 gnd=4.0 sp=3766.73 horiz=3763.45 velH=0.0154 bodyH=0.0898 slip=-0.0744 d=(0.17435,-0.00336) av=(0,-0.229072,0)
reseed=0 in=(0,255,255,0) steer=-1.000 gnd=4.0 sp=3769.08 horiz=3765.79 velH=0.0579 bodyH=0.1323 slip=-0.0744 d=(0.17444,0.00405) av=(0,-0.229218,0)
reseed=0 in=(0,255,255,0) steer=-1.000 gnd=4.0 sp=3771.34 horiz=3768.05 velH=0.1003 bodyH=0.1748 slip=-0.0745 d=(0.17422,0.01145) av=(0,-0.229359,0)
reseed=0 in=(0,255,255,0) steer=-1.000 gnd=4.0 sp=3773.53 horiz=3770.23 velH=0.1428 bodyH=0.2173 slip=-0.0745 d=(0.17368,0.01885) av=(0,-0.229496,0)
reseed=0 in=(0,255,255,0) steer=-1.000 gnd=4.0 sp=3775.64 horiz=3772.34 velH=0.1852 bodyH=0.2598 slip=-0.0746 d=(0.17282,0.02621) av=(0,-0.229628,0)
reseed=0 in=(0,255,255,0) steer=-1.000 gnd=4.0 sp=3777.69 horiz=3774.38 velH=0.2277 bodyH=0.3023 slip=-0.0746 d=(0.17165,0.03354) av=(0,-0.229756,0)
