spd=0.000 ctrl=(16813.4355,0.0000,799823.3125) accum=(0.0000,0.0000,0.0000) grounded=0x40800000 linTerm=8.33333e-06
spd=6.667 ctrl=(17306.6211,0.0000,823284.3750) accum=(-292.9274,0.0000,-30702.8789) grounded=0x40800000 linTerm=8.33333e-06
spd=13.273 ctrl=(17795.3574,0.0000,846533.6875) accum=(-284.0878,0.0000,-30639.3027) grounded=0x40800000 linTerm=1.27157e-12
spd=13.273 ctrl=(17795.3281,0.0000,846532.3750) accum=(-284.0878,0.0000,-30639.3027) grounded=0x40800000 linTerm=8.33333e-06
spd=20.072 ctrl=(18298.3770,0.0000,870462.6250) accum=(-293.1039,0.0000,-30704.1562) grounded=0x40800000 linTerm=8.33333e-06
spd=27.072 ctrl=(18816.1992,0.0000,895095.7500) accum=(-284.0878,0.0000,-30639.3027) grounded=0x40800000 linTerm=1.27157e-12
spd=27.071 ctrl=(18816.0898,0.0000,895090.5000) accum=(-284.0878,0.0000,-30639.3027) grounded=0x40800000 linTerm=8.33333e-06
spd=34.274 ctrl=(19348.9570,0.0000,920439.2500) accum=(-293.6367,0.0000,-30708.0020) grounded=0x40800000 linTerm=8.33333e-06
spd=41.690 ctrl=(19897.5996,0.0000,946538.4375) accum=(-284.0878,0.0000,-30639.3027) grounded=0x40800000 linTerm=1.27157e-12
spd=41.686 ctrl=(19897.3340,0.0000,946525.8125) accum=(-284.0878,0.0000,-30639.3027) grounded=0x40800000 linTerm=8.33333e-06
spd=49.315 ctrl=(20461.7305,0.0000,973374.3750) accum=(-294.1996,0.0000,-30712.0742) grounded=0x40800000 linTerm=8.33333e-06
spd=57.173 ctrl=(21043.0078,0.0000,1001026.0625) accum=(-284.0878,0.0000,-30639.3027) grounded=0x40800000 linTerm=1.27157e-12
spd=57.166 ctrl=(21042.5098,0.0000,1001002.3125) accum=(-284.0878,0.0000,-30639.3027) grounded=0x40800000 linTerm=8.33333e-06
spd=65.245 ctrl=(21640.2207,0.0000,1029435.7500) accum=(-294.7943,0.0000,-30716.3750) grounded=0x40800000 linTerm=8.33333e-06
spd=73.570 ctrl=(22256.0664,0.0000,1058731.8750) accum=(-284.0878,0.0000,-30639.3027) grounded=0x40800000 linTerm=1.27157e-12
spd=73.559 ctrl=(22255.2383,0.0000,1058692.5000) accum=(-284.0878,0.0000,-30639.3027) grounded=0x40800000 linTerm=8.33333e-06
spd=82.114 ctrl=(22888.1445,0.0000,1088800.0000) accum=(-295.4222,0.0000,-30720.9180) grounded=0x40800000 linTerm=8.33333e-06
spd=90.933 ctrl=(23540.5938,0.0000,1119837.5000) accum=(-284.0878,0.0000,-30639.3027) grounded=0x40800000 linTerm=1.27157e-12
spd=90.916 ctrl=(23539.3379,0.0000,1119777.7500) accum=(-284.0878,0.0000,-30639.3027) grounded=0x40800000 linTerm=8.33333e-06
spd=99.974 ctrl=(24209.4141,0.0000,1151653.5000) accum=(-296.0851,0.0000,-30725.7148) grounded=0x40800000 linTerm=8.33333e-06
spd=109.317 ctrl=(24900.6152,0.0000,1184534.2500) accum=(-284.0878,0.0000,-30639.3027) grounded=0x40800000 linTerm=1.27157e-12
spd=109.292 ctrl=(24898.7969,0.0000,1184447.7500) accum=(-284.0878,0.0000,-30639.3027) grounded=0x40800000 linTerm=8.33333e-06
spd=118.881 ctrl=(25608.1211,0.0000,1218190.7500) accum=(-296.7847,0.0000,-30730.7910) grounded=0x40800000 linTerm=8.33333e-06
spd=128.778 ctrl=(26340.3496,0.0000,1253023.1250) accum=(-284.0878,0.0000,-30639.3027) grounded=0x40800000 linTerm=1.27157e-12
spd=128.744 ctrl=(26337.8301,0.0000,1252903.2500) accum=(-284.0878,0.0000,-30639.3027) grounded=0x40800000 linTerm=8.33333e-06
spd=138.892 ctrl=(27088.5781,0.0000,1288616.7500) accum=(-297.5228,0.0000,-30736.1367) grounded=0x40800000 linTerm=8.33333e-06
spd=149.377 ctrl=(27864.2305,0.0000,1325514.8750) accum=(-284.0878,0.0000,-30639.3027) grounded=0x40800000 linTerm=1.27157e-12
spd=149.331 ctrl=(27860.8359,0.0000,1325353.3750) accum=(-284.0878,0.0000,-30639.3027) grounded=0x40800000 linTerm=8.33333e-06
spd=160.070 ctrl=(28655.2988,0.0000,1363146.5000) accum=(-298.3011,0.0000,-30741.7832) grounded=0x40800000 linTerm=8.33333e-06
spd=171.176 ctrl=(29476.9062,0.0000,1402230.6250) accum=(-284.0878,0.0000,-30639.3027) grounded=0x40800000 linTerm=1.27157e-12
spd=171.116 ctrl=(29472.4512,0.0000,1402018.7500) accum=(-284.0878,0.0000,-30639.3027) grounded=0x40800000 linTerm=8.33333e-06
spd=182.478 ctrl=(30313.0176,0.0000,1442004.8750) accum=(-299.1215,0.0000,-30747.7422) grounded=0x40800000 linTerm=8.33333e-06
spd=194.241 ctrl=(31183.2441,0.0000,1483402.0000) accum=(-284.0878,0.0000,-30639.3027) grounded=0x40800000 linTerm=1.27157e-12
spd=194.164 ctrl=(31177.5098,0.0000,1483129.1250) accum=(-284.0878,0.0000,-30639.3027) grounded=0x40800000 linTerm=8.33333e-06
spd=206.183 ctrl=(32066.6875,0.0000,1525427.8750) accum=(-299.9862,0.0000,-30754.0254) grounded=0x40800000 linTerm=8.33333e-06
spd=218.642 ctrl=(32988.3516,0.0000,1569271.8750) accum=(-284.0878,0.0000,-30639.3027) grounded=0x40800000 linTerm=1.27157e-12
spd=218.543 ctrl=(32981.0820,0.0000,1568926.1250) accum=(-284.0878,0.0000,-30639.3027) grounded=0x40800000 linTerm=8.33333e-06
spd=231.255 ctrl=(33921.5000,0.0000,1613662.1250) accum=(-300.8968,0.0000,-30760.6504) grounded=0x40800000 linTerm=8.33333e-06
spd=244.449 ctrl=(34897.5703,0.0000,1660094.2500) accum=(-284.0878,0.0000,-30639.3027) grounded=0x40800000 linTerm=1.27157e-12
spd=244.326 ctrl=(34888.4727,0.0000,1659661.5000) accum=(-284.0879,0.0000,-30639.3008) grounded=0x40800000 linTerm=8.33333e-06
spd=257.768 ctrl=(19069.4336,0.0000,907142.1250) accum=(-301.8555,0.0000,-30767.6230) grounded=0x40800000 linTerm=8.33333e-06
spd=265.073 ctrl=(19609.8359,0.0000,932849.3750) accum=(-284.0878,0.0000,-30639.3027) grounded=0x40800000 linTerm=1.27157e-12
spd=264.928 ctrl=(19599.1523,0.0000,932341.1250) accum=(-284.0876,0.0000,-30639.3086) grounded=0x40800000 linTerm=8.33333e-06
spd=272.291 ctrl=(20143.8828,0.0000,958254.2500) accum=(-293.8577,0.0000,-30709.5996) grounded=0x40800000 linTerm=8.33333e-06
spd=280.023 ctrl=(20715.8359,0.0000,985462.3125) accum=(-284.0876,0.0000,-30639.3086) grounded=0x40800000 linTerm=1.27157e-12
spd=279.862 ctrl=(20703.9141,0.0000,984895.1875) accum=(-284.0878,0.0000,-30639.3027) grounded=0x40800000 linTerm=8.33333e-06
spd=287.645 ctrl=(21279.7422,0.0000,1012287.6250) accum=(-294.4135,0.0000,-30713.6211) grounded=0x40800000 linTerm=8.33333e-06
spd=295.827 ctrl=(21885.0137,0.0000,1041080.6875) accum=(-284.0878,0.0000,-30639.3027) grounded=0x40800000 linTerm=1.27157e-12
spd=295.647 ctrl=(21871.7051,0.0000,1040447.6250) accum=(-284.0878,0.0000,-30639.3027) grounded=0x40800000 linTerm=8.33333e-06
spd=303.874 ctrl=(22480.3281,0.0000,1069400.1250) accum=(-294.9994,0.0000,-30717.8574) grounded=0x40800000 linTerm=8.33333e-06
spd=312.532 ctrl=(23120.8125,0.0000,1099868.2500) accum=(-284.0878,0.0000,-30639.3027) grounded=0x40800000 linTerm=1.27157e-12
spd=312.331 ctrl=(23105.9590,0.0000,1099161.6250) accum=(-284.0878,0.0000,-30639.3027) grounded=0x40800000 linTerm=8.33333e-06
spd=321.025 ctrl=(23749.1543,0.0000,1129758.7500) accum=(-295.6168,0.0000,-30722.3262) grounded=0x40800000 linTerm=8.33333e-06
spd=330.186 ctrl=(24426.8535,0.0000,1161997.2500) accum=(-284.0878,0.0000,-30639.3027) grounded=0x40800000 linTerm=1.27157e-12
spd=329.962 ctrl=(24410.2754,0.0000,1161208.6250) accum=(-284.0878,0.0000,-30639.3027) grounded=0x40800000 linTerm=8.33333e-06
spd=339.148 ctrl=(25089.9043,0.0000,1193538.8750) accum=(-296.2671,0.0000,-30727.0352) grounded=0x40800000 linTerm=8.33333e-06
spd=348.841 ctrl=(25806.9336,0.0000,1227648.2500) accum=(-284.0878,0.0000,-30639.3027) grounded=0x40800000 linTerm=1.27157e-12
spd=348.591 ctrl=(25788.4277,0.0000,1226768.0000) accum=(-284.0878,0.0000,-30639.3027) grounded=0x40800000 linTerm=8.33333e-06
spd=358.296 ctrl=(26506.4512,0.0000,1260924.6250) accum=(-296.9518,0.0000,-30732.0000) grounded=0x40800000 linTerm=8.33333e-06
spd=368.550 ctrl=(27265.0273,0.0000,1297010.5000) accum=(-284.0878,0.0000,-30639.3027) grounded=0x40800000 linTerm=1.27157e-12
spd=368.271 ctrl=(27244.3691,0.0000,1296027.7500) accum=(-284.0876,0.0000,-30639.3086) grounded=0x40800000 linTerm=8.33333e-06
spd=378.523 ctrl=(28002.8262,0.0000,1332107.8750) accum=(-297.6729,0.0000,-30737.2266) grounded=0x40800000 linTerm=8.33333e-06
spd=389.371 ctrl=(28805.2910,0.0000,1370281.6250) accum=(-284.0878,0.0000,-30639.3027) grounded=0x40800000 linTerm=1.27157e-12
spd=389.059 ctrl=(28782.2363,0.0000,1369184.8750) accum=(-284.0878,0.0000,-30639.3027) grounded=0x40800000 linTerm=8.33333e-06
spd=399.887 ctrl=(29583.2695,0.0000,1407290.5000) accum=(-298.4315,0.0000,-30742.7324) grounded=0x40800000 linTerm=8.33333e-06
spd=411.361 ctrl=(30432.0859,0.0000,1447669.0000) accum=(-284.0878,0.0000,-30639.3027) grounded=0x40800000 linTerm=1.27157e-12
spd=411.013 ctrl=(30406.3594,0.0000,1446445.1250) accum=(-284.0878,0.0000,-30639.3027) grounded=0x40800000 linTerm=8.33333e-06
spd=422.446 ctrl=(31252.2051,0.0000,1486682.5000) accum=(-299.2301,0.0000,-30748.5293) grounded=0x40800000 linTerm=8.33333e-06
spd=434.582 ctrl=(32149.9727,0.0000,1529389.7500) accum=(-284.0878,0.0000,-30639.3027) grounded=0x40800000 linTerm=1.27157e-12
spd=434.194 ctrl=(32121.2520,0.0000,1528023.5000) accum=(-284.0878,0.0000,-30639.3027) grounded=0x40800000 linTerm=8.33333e-06
spd=446.264 ctrl=(33014.2539,0.0000,1570504.0000) accum=(-300.0697,0.0000,-30754.6289) grounded=0x40800000 linTerm=8.33333e-06
spd=459.099 ctrl=(33963.7070,0.0000,1615669.8750) accum=(-284.0878,0.0000,-30639.3027) grounded=0x40800000 linTerm=1.27157e-12
spd=458.665 ctrl=(33931.6562,0.0000,1614145.3750) accum=(-284.0878,0.0000,-30639.3027) grounded=0x40800000 linTerm=8.33333e-06
spd=471.406 ctrl=(34874.2383,0.0000,1658984.5000) accum=(-300.9516,0.0000,-30761.0469) grounded=0x40800000 linTerm=8.33333e-06
spd=484.978 ctrl=(35878.2500,0.0000,1706745.6250) accum=(-284.0878,0.0000,-30639.3027) grounded=0x40800000 linTerm=1.27157e-12
spd=484.495 ctrl=(35842.4805,0.0000,1705044.0000) accum=(-284.0878,0.0000,-30639.3027) grounded=0x40800000 linTerm=8.33333e-06
spd=497.940 ctrl=(36837.1875,0.0000,1752362.8750) accum=(-301.8785,0.0000,-30767.7988) grounded=0x40800000 linTerm=8.33333e-06
spd=512.290 ctrl=(37898.7734,0.0000,1802863.0000) accum=(-284.0878,0.0000,-30639.3027) grounded=0x40800000 linTerm=1.27157e-12
spd=511.751 ctrl=(37858.8633,0.0000,1800964.5000) accum=(-284.0878,0.0000,-30639.3027) grounded=0x40800000 linTerm=8.33333e-06
spd=525.937 ctrl=(38908.3398,0.0000,1850888.5000) accum=(-302.8518,0.0000,-30774.8848) grounded=0x40800000 linTerm=8.33333e-06
spd=541.108 ctrl=(40030.6758,0.0000,1904278.6250) accum=(-284.0878,0.0000,-30639.3027) grounded=0x40800000 linTerm=1.27157e-12
spd=540.506 ctrl=(39986.1484,0.0000,1902160.5000) accum=(-284.0878,0.0000,-30639.3027) grounded=0x40800000 linTerm=8.33333e-06
spd=555.470 ctrl=(41093.1641,0.0000,1954821.6250) accum=(-303.8734,0.0000,-30782.3359) grounded=0x40800000 linTerm=8.33333e-06
spd=571.507 ctrl=(42279.5938,0.0000,2011260.6250) accum=(-284.0878,0.0000,-30639.3027) grounded=0x40800000 linTerm=1.27157e-12
spd=570.836 ctrl=(42229.9258,0.0000,2008898.0000) accum=(-284.0878,0.0000,-30639.3027) grounded=0x40800000 linTerm=8.33333e-06
spd=586.616 ctrl=(43397.3164,0.0000,2064431.3750) accum=(-304.9449,0.0000,-30790.1602) grounded=0x40800000 linTerm=8.33333e-06
spd=603.567 ctrl=(44651.3164,0.0000,2124084.7500) accum=(-284.0878,0.0000,-30639.3027) grounded=0x40800000 linTerm=1.27157e-12
spd=602.818 ctrl=(44595.9219,0.0000,2121449.5000) accum=(-284.0878,0.0000,-30639.3027) grounded=0x40800000 linTerm=8.33333e-06
spd=619.454 ctrl=(45826.6797,0.0000,2179997.2500) accum=(-306.0685,0.0000,-30798.3711) grounded=0x40800000 linTerm=8.33333e-06
spd=637.368 ctrl=(47151.9375,0.0000,2243040.5000) accum=(-284.0878,0.0000,-30639.3027) grounded=0x40800000 linTerm=1.27157e-12
spd=636.533 ctrl=(47090.1680,0.0000,2240102.0000) accum=(-284.0878,0.0000,-30639.3027) grounded=0x40800000 linTerm=8.33333e-06
spd=654.068 ctrl=(48387.3555,0.0000,2301810.0000) accum=(-307.2452,0.0000,-30806.9785) grounded=0x40800000 linTerm=8.33333e-06
spd=672.997 ctrl=(49361.9844,0.0000,2348173.5000) accum=(-284.0878,0.0000,-30639.3027) grounded=0x40800000 linTerm=1.27157e-12
spd=672.066 ctrl=(49355.7227,0.0000,2347875.5000) accum=(-284.0877,0.0000,-30639.3027) grounded=0x40800000 linTerm=8.33333e-06
spd=690.398 ctrl=(49479.0117,0.0000,2353740.5000) accum=(-308.2903,0.0000,-30814.6387) grounded=0x40800000 linTerm=8.33333e-06
spd=709.760 ctrl=(49609.2305,0.0000,2359935.0000) accum=(-284.0878,0.0000,-30639.3027) grounded=0x40800000 linTerm=1.27157e-12
spd=708.724 ctrl=(49602.2695,0.0000,2359604.0000) accum=(-284.0877,0.0000,-30639.3027) grounded=0x40800000 linTerm=8.33333e-06
spd=727.047 ctrl=(49725.4922,0.0000,2365465.5000) accum=(-308.2813,0.0000,-30814.5723) grounded=0x40800000 linTerm=8.33333e-06
spd=746.507 ctrl=(49856.3633,0.0000,2371691.2500) accum=(-284.0878,0.0000,-30639.3027) grounded=0x40800000 linTerm=1.27157e-12
spd=745.361 ctrl=(49848.6602,0.0000,2371324.7500) accum=(-284.0877,0.0000,-30639.3027) grounded=0x40800000 linTerm=8.33333e-06
spd=763.669 ctrl=(49971.7812,0.0000,2377181.7500) accum=(-308.2655,0.0000,-30814.4512) grounded=0x40800000 linTerm=8.33333e-06
spd=783.226 ctrl=(50103.3164,0.0000,2383439.0000) accum=(-284.0878,0.0000,-30639.3027) grounded=0x40800000 linTerm=1.27157e-12
spd=781.965 ctrl=(50094.8359,0.0000,2383035.5000) accum=(-284.0878,0.0000,-30639.3027) grounded=0x40800000 linTerm=8.33333e-06
spd=800.252 ctrl=(50217.8281,0.0000,2388886.5000) accum=(-308.2425,0.0000,-30814.2793) grounded=0x40800000 linTerm=8.33333e-06
spd=819.907 ctrl=(50350.0117,0.0000,2395174.2500) accum=(-284.0878,0.0000,-30639.3027) grounded=0x40800000 linTerm=1.27157e-12
spd=818.525 ctrl=(50340.7148,0.0000,2394732.2500) accum=(-284.0878,0.0000,-30639.3027) grounded=0x40800000 linTerm=8.33333e-06
spd=836.786 ctrl=(50463.5273,0.0000,2400574.2500) accum=(-308.2117,0.0000,-30814.0547) grounded=0x40800000 linTerm=8.33333e-06
spd=856.538 ctrl=(50596.3672,0.0000,2406893.7500) accum=(-284.0878,0.0000,-30639.3027) grounded=0x40800000 linTerm=1.27157e-12
spd=855.030 ctrl=(50586.2266,0.0000,2406411.2500) accum=(-284.0878,0.0000,-30639.3027) grounded=0x40800000 linTerm=8.33333e-06
spd=873.260 ctrl=(50708.8281,0.0000,2412243.5000) accum=(-308.1742,0.0000,-30813.7812) grounded=0x40800000 linTerm=8.33333e-06
spd=893.109 ctrl=(50842.3164,0.0000,2418593.7500) accum=(-284.0878,0.0000,-30639.3027) grounded=0x40800000 linTerm=1.27157e-12
spd=891.470 ctrl=(50831.2930,0.0000,2418069.2500) accum=(-284.0878,0.0000,-30639.3027) grounded=0x40800000 linTerm=8.33333e-06
spd=909.662 ctrl=(50953.6484,0.0000,2423889.7500) accum=(-308.1293,0.0000,-30813.4570) grounded=0x40800000 linTerm=8.33333e-06
spd=929.609 ctrl=(51087.7930,0.0000,2430271.0000) accum=(-284.0878,0.0000,-30639.3027) grounded=0x40800000 linTerm=1.27157e-12
spd=927.832 ctrl=(51075.8477,0.0000,2429702.7500) accum=(-284.0877,0.0000,-30639.3027) grounded=0x40800000 linTerm=8.33333e-06
spd=945.982 ctrl=(51197.9102,0.0000,2435509.5000) accum=(-308.0778,0.0000,-30813.0762) grounded=0x40800000 linTerm=8.33333e-06
spd=966.026 ctrl=(51332.7148,0.0000,2441922.0000) accum=(-284.0878,0.0000,-30639.3027) grounded=0x40800000 linTerm=1.27157e-12
spd=964.108 ctrl=(51319.8125,0.0000,2441308.2500) accum=(-284.0878,0.0000,-30639.3027) grounded=0x40800000 linTerm=8.33333e-06
spd=982.210 ctrl=(51441.5586,0.0000,2447099.7500) accum=(-308.0189,0.0000,-30812.6465) grounded=0x40800000 linTerm=8.33333e-06
spd=1002.350 ctrl=(51577.0078,0.0000,2453543.2500) accum=(-284.0878,0.0000,-30639.3027) grounded=0x40800000 linTerm=1.27157e-12
spd=1000.285 ctrl=(51563.1133,0.0000,2452882.2500) accum=(-284.0878,0.0000,-30639.3027) grounded=0x40800000 linTerm=8.33333e-06
spd=1018.334 ctrl=(51684.5078,0.0000,2458657.0000) accum=(-307.9531,0.0000,-30812.1641) grounded=0x40800000 linTerm=8.33333e-06
spd=1038.571 ctrl=(51820.6133,0.0000,2465131.5000) accum=(-284.0878,0.0000,-30639.3027) grounded=0x40800000 linTerm=1.27157e-12
spd=1036.354 ctrl=(51805.6953,0.0000,2464422.0000) accum=(-284.0878,0.0000,-30639.3027) grounded=0x40800000 linTerm=8.33333e-06
spd=1054.345 ctrl=(51926.6914,0.0000,2470177.7500) accum=(-307.8803,0.0000,-30811.6309) grounded=0x40800000 linTerm=8.33333e-06
spd=1074.677 ctrl=(52063.4336,0.0000,2476682.7500) accum=(-284.0878,0.0000,-30639.3027) grounded=0x40800000 linTerm=1.27157e-12
spd=1072.303 ctrl=(52047.4727,0.0000,2475923.5000) accum=(-284.0878,0.0000,-30639.3027) grounded=0x40800000 linTerm=8.33333e-06
spd=1090.231 ctrl=(52168.0430,0.0000,2481659.0000) accum=(-307.8010,0.0000,-30811.0508) grounded=0x40800000 linTerm=8.33333e-06
spd=1110.659 ctrl=(52305.4297,0.0000,2488194.5000) accum=(-284.0878,0.0000,-30639.3027) grounded=0x40800000 linTerm=1.27157e-12
spd=1108.123 ctrl=(52288.3750,0.0000,2487383.2500) accum=(-284.0878,0.0000,-30639.3027) grounded=0x40800000 linTerm=8.33333e-06
spd=1125.983 ctrl=(52408.4805,0.0000,2493096.7500) accum=(-307.7151,0.0000,-30810.4199) grounded=0x40800000 linTerm=8.33333e-06
spd=1146.506 ctrl=(52546.5117,0.0000,2499663.0000) accum=(-284.0878,0.0000,-30639.3027) grounded=0x40800000 linTerm=1.27157e-12
spd=1143.804 ctrl=(52528.3477,0.0000,2498799.0000) accum=(-284.0878,0.0000,-30639.3027) grounded=0x40800000 linTerm=8.33333e-06
spd=1161.590 ctrl=(52647.9531,0.0000,2504488.7500) accum=(-307.6222,0.0000,-30809.7402) grounded=0x40800000 linTerm=8.33333e-06
spd=1182.208 ctrl=(52786.6172,0.0000,2511085.0000) accum=(-284.0878,0.0000,-30639.3027) grounded=0x40800000 linTerm=1.27157e-12
spd=1179.336 ctrl=(52767.2969,0.0000,2510166.0000) accum=(-284.0878,0.0000,-30639.3027) grounded=0x40800000 linTerm=8.33333e-06
spd=1197.043 ctrl=(52886.3906,0.0000,2515831.2500) accum=(-307.5233,0.0000,-30809.0156) grounded=0x40800000 linTerm=8.33333e-06
spd=1217.756 ctrl=(53025.6914,0.0000,2522457.7500) accum=(-284.0878,0.0000,-30639.3027) grounded=0x40800000 linTerm=1.27157e-12
spd=1214.708 ctrl=(53005.1875,0.0000,2521482.5000) accum=(-284.0876,0.0000,-30639.2988) grounded=0x40800000 linTerm=8.33333e-06
spd=1232.332 ctrl=(53123.7227,0.0000,2527121.2500) accum=(-307.4176,0.0000,-30808.2402) grounded=0x40800000 linTerm=8.33333e-06
spd=1253.139 ctrl=(53263.6523,0.0000,2533777.7500) accum=(-284.0878,0.0000,-30639.3027) grounded=0x40800000 linTerm=1.27157e-12
spd=1249.911 ctrl=(53241.9453,0.0000,2532745.2500) accum=(-284.0876,0.0000,-30639.2988) grounded=0x40800000 linTerm=8.33333e-06
spd=1267.447 ctrl=(53359.8828,0.0000,2538355.5000) accum=(-307.3055,0.0000,-30807.4219) grounded=0x40800000 linTerm=8.33333e-06
spd=1288.348 ctrl=(53500.4492,0.0000,2545042.2500) accum=(-284.0878,0.0000,-30639.3027) grounded=0x40800000 linTerm=1.27157e-12
spd=1284.936 ctrl=(53477.5039,0.0000,2543950.7500) accum=(-284.0878,0.0000,-30639.3027) grounded=0x40800000 linTerm=8.33333e-06
spd=1302.380 ctrl=(53594.8125,0.0000,2549531.2500) accum=(-307.1877,0.0000,-30806.5527) grounded=0x40800000 linTerm=8.33333e-06
spd=1323.374 ctrl=(53736.0117,0.0000,2556248.0000) accum=(-284.0878,0.0000,-30639.3027) grounded=0x40800000 linTerm=1.27157e-12
spd=1319.774 ctrl=(53711.7969,0.0000,2555096.2500) accum=(-284.0878,0.0000,-30639.3027) grounded=0x40800000 linTerm=8.33333e-06
spd=1337.120 ctrl=(53828.4570,0.0000,2560645.7500) accum=(-307.0634,0.0000,-30805.6484) grounded=0x40800000 linTerm=8.33333e-06
spd=1358.207 ctrl=(53970.2773,0.0000,2567392.2500) accum=(-284.0878,0.0000,-30639.3027) grounded=0x40800000 linTerm=1.27157e-12
spd=1354.415 ctrl=(53944.7734,0.0000,2566179.0000) accum=(-284.0876,0.0000,-30639.3086) grounded=0x40800000 linTerm=8.33333e-06
spd=1371.660 ctrl=(54060.7500,0.0000,2571696.0000) accum=(-306.9341,0.0000,-30804.7051) grounded=0x40800000 linTerm=8.33333e-06
spd=1392.838 ctrl=(54203.1875,0.0000,2578471.7500) accum=(-284.0878,0.0000,-30639.3027) grounded=0x40800000 linTerm=1.27157e-12
spd=1388.851 ctrl=(54176.3711,0.0000,2577196.0000) accum=(-284.0878,0.0000,-30639.3027) grounded=0x40800000 linTerm=8.33333e-06
spd=1405.990 ctrl=(54291.6328,0.0000,2582679.0000) accum=(-306.7980,0.0000,-30803.7070) grounded=0x40800000 linTerm=8.33333e-06
spd=1427.260 ctrl=(54434.6836,0.0000,2589484.0000) accum=(-284.0878,0.0000,-30639.3027) grounded=0x40800000 linTerm=1.27157e-12
spd=1423.072 ctrl=(54406.5195,0.0000,2588144.5000) accum=(-284.0876,0.0000,-30639.2988) grounded=0x40800000 linTerm=8.33333e-06
spd=1440.101 ctrl=(54521.0469,0.0000,2593592.5000) accum=(-306.6572,0.0000,-30802.6738) grounded=0x40800000 linTerm=8.33333e-06
spd=1461.463 ctrl=(54664.7109,0.0000,2600426.7500) accum=(-284.0878,0.0000,-30639.3027) grounded=0x40800000 linTerm=1.27157e-12
spd=1457.072 ctrl=(54635.1836,0.0000,2599022.0000) accum=(-284.0876,0.0000,-30639.2988) grounded=0x40800000 linTerm=8.33333e-06
spd=1473.987 ctrl=(54748.9414,0.0000,2604433.5000) accum=(-306.5106,0.0000,-30801.5996) grounded=0x40800000 linTerm=8.33333e-06
spd=1495.438 ctrl=(54893.2109,0.0000,2611296.5000) accum=(-284.0878,0.0000,-30639.3027) grounded=0x40800000 linTerm=1.27157e-12
spd=1490.842 ctrl=(54862.2930,0.0000,2609826.0000) accum=(-284.0876,0.0000,-30639.2988) grounded=0x40800000 linTerm=8.33333e-06
spd=1507.638 ctrl=(54975.2539,0.0000,2615199.5000) accum=(-306.3585,0.0000,-30800.4941) grounded=0x40800000 linTerm=8.33333e-06
spd=1529.179 ctrl=(55120.1289,0.0000,2622091.2500) accum=(-284.0878,0.0000,-30639.3027) grounded=0x40800000 linTerm=1.27157e-12
spd=1524.373 ctrl=(55087.8008,0.0000,2620553.2500) accum=(-284.0876,0.0000,-30639.2949) grounded=0x40800000 linTerm=8.33333e-06
spd=1541.047 ctrl=(55199.9414,0.0000,2625887.7500) accum=(-306.2015,0.0000,-30799.3398) grounded=0x40800000 linTerm=8.33333e-06
spd=1562.678 ctrl=(55345.4180,0.0000,2632808.2500) accum=(-284.0878,0.0000,-30639.3027) grounded=0x40800000 linTerm=1.27157e-12
spd=1557.658 ctrl=(55311.6602,0.0000,2631202.5000) accum=(-284.0876,0.0000,-30639.2988) grounded=0x40800000 linTerm=8.33333e-06
spd=1574.207 ctrl=(55422.9609,0.0000,2636497.0000) accum=(-306.0397,0.0000,-30798.1602) grounded=0x40800000 linTerm=8.33333e-06
spd=1595.926 ctrl=(55569.0312,0.0000,2643445.7500) accum=(-284.0878,0.0000,-30639.3027) grounded=0x40800000 linTerm=1.27157e-12
spd=1590.691 ctrl=(55533.8242,0.0000,2641770.7500) accum=(-284.0878,0.0000,-30639.3027) grounded=0x40800000 linTerm=8.33333e-06
spd=1607.110 ctrl=(55644.2500,0.0000,2647024.0000) accum=(-305.8730,0.0000,-30796.9414) grounded=0x40800000 linTerm=8.33333e-06
spd=1628.917 ctrl=(55790.9023,0.0000,2654000.0000) accum=(-284.0878,0.0000,-30639.3027) grounded=0x40800000 linTerm=1.27157e-12
spd=1623.463 ctrl=(55754.2227,0.0000,2652255.2500) accum=(-284.0876,0.0000,-30639.2949) grounded=0x40800000 linTerm=8.33333e-06
spd=1639.750 ctrl=(55863.7539,0.0000,2657465.7500) accum=(-305.7018,0.0000,-30795.6914) grounded=0x40800000 linTerm=8.33333e-06
spd=1661.644 ctrl=(56011.0078,0.0000,2664470.7500) accum=(-284.0878,0.0000,-30639.3027) grounded=0x40800000 linTerm=1.27157e-12
spd=1655.969 ctrl=(476879.3125,0.0000,2620063.7500) accum=(13075.4102,0.0000,-25127.1328) grounded=0x40800000 linTerm=8.33333e-06
spd=1671.872 ctrl=(505718.1250,0.0000,2619565.2500) accum=(14421.7578,0.0000,-25761.7539) grounded=0x40800000 linTerm=8.33333e-06
spd=1693.524 ctrl=(507053.3125,0.0000,2626481.2500) accum=(13415.7217,0.0000,-25571.1270) grounded=0x40800000 linTerm=1.27157e-12
spd=1687.584 ctrl=(534604.0000,0.0000,2618765.7500) accum=(15198.7822,0.0000,-26233.6426) grounded=0x40800000 linTerm=8.33333e-06
spd=1703.225 ctrl=(563488.3125,0.0000,2617453.0000) accum=(16835.1172,0.0000,-27046.0117) grounded=0x40800000 linTerm=8.33333e-06
spd=1724.825 ctrl=(565000.5625,0.0000,2624477.5000) accum=(14930.1514,0.0000,-26558.6992) grounded=0x40800000 linTerm=1.27157e-12
spd=1718.604 ctrl=(592456.8125,0.0000,2616048.2500) accum=(16719.8906,0.0000,-27258.5957) grounded=0x40800000 linTerm=8.33333e-06
spd=1734.009 ctrl=(621386.9375,0.0000,2614018.7500) accum=(17301.2598,0.0000,-27702.4512) grounded=0x40800000 linTerm=8.33333e-06
spd=1755.600 ctrl=(623076.4375,0.0000,2621126.0000) accum=(15875.1650,0.0000,-27421.0371) grounded=0x40800000 linTerm=1.27157e-12
spd=1749.114 ctrl=(650427.3750,0.0000,2612015.2500) accum=(16847.2832,0.0000,-27825.6367) grounded=0x40800000 linTerm=8.33333e-06
spd=1764.317 ctrl=(679391.0000,0.0000,2609287.7500) accum=(17279.2363,0.0000,-28240.2500) grounded=0x40800000 linTerm=8.33333e-06
spd=1785.930 ctrl=(681254.1875,0.0000,2616443.2500) accum=(15783.8672,0.0000,-27915.1895) grounded=0x40800000 linTerm=1.27157e-12
spd=1779.193 ctrl=(708483.6250,0.0000,2606655.5000) accum=(16643.1992,0.0000,-28305.1934) grounded=0x40800000 linTerm=8.33333e-06
spd=1794.215 ctrl=(737465.2500,0.0000,2603233.0000) accum=(16991.9961,0.0000,-28705.4805) grounded=0x40800000 linTerm=8.33333e-06
spd=1815.869 ctrl=(739498.1875,0.0000,2610409.0000) accum=(15459.0439,0.0000,-28340.6367) grounded=0x40800000 linTerm=1.27157e-12
spd=1808.891 ctrl=(766589.0625,0.0000,2599945.0000) accum=(16257.9727,0.0000,-28729.4688) grounded=0x40800000 linTerm=8.33333e-06
spd=1823.744 ctrl=(795570.8125,0.0000,2595823.5000) accum=(16559.2793,0.0000,-29123.9922) grounded=0x40800000 linTerm=8.33333e-06
spd=1845.451 ctrl=(797771.6875,0.0000,2603005.0000) accum=(15012.1807,0.0000,-28723.1074) grounded=0x40800000 linTerm=1.27157e-12
spd=1838.236 ctrl=(824705.9375,0.0000,2591864.2500) accum=(15772.1953,0.0000,-29116.6074) grounded=0x40800000 linTerm=8.33333e-06
spd=1852.925 ctrl=(853670.4375,0.0000,2587042.7500) accum=(16045.0176,0.0000,-29510.1484) grounded=0x40800000 linTerm=8.33333e-06
spd=1874.691 ctrl=(856037.5625,0.0000,2594216.0000) accum=(14496.3975,0.0000,-29075.6367) grounded=0x40800000 linTerm=1.27157e-12
spd=1867.244 ctrl=(882797.6250,0.0000,2582400.5000) accum=(15229.0439,0.0000,-29477.0625) grounded=0x40800000 linTerm=8.33333e-06
spd=1881.771 ctrl=(911726.6250,0.0000,2576876.5000) accum=(15483.4658,0.0000,-29872.2656) grounded=0x40800000 linTerm=8.33333e-06
spd=1903.599 ctrl=(914258.8750,0.0000,2584033.5000) accum=(13940.2197,0.0000,-29405.6855) grounded=0x40800000 linTerm=1.27157e-12
spd=1895.919 ctrl=(940826.9375,0.0000,2571544.7500) accum=(14651.6416,0.0000,-29816.6973) grounded=0x40800000 linTerm=8.33333e-06
spd=1910.287 ctrl=(969702.3750,0.0000,2565317.5000) accum=(14892.9805,0.0000,-30215.0898) grounded=0x40800000 linTerm=8.33333e-06
spd=1932.178 ctrl=(972399.1250,0.0000,2572451.5000) accum=(13359.0273,0.0000,-29717.3867) grounded=0x40800000 linTerm=1.27157e-12
spd=1924.265 ctrl=(998757.2500,0.0000,2559292.2500) accum=(14052.5107,0.0000,-30138.9004) grounded=0x40800000 linTerm=8.33333e-06
spd=1938.472 ctrl=(1027561.1875,0.0000,2552361.0000) accum=(14283.5400,0.0000,-30541.2402) grounded=0x40800000 linTerm=8.33333e-06
spd=1960.427 ctrl=(1030422.2500,0.0000,2559467.5000) accum=(12761.1836,0.0000,-30013.1113) grounded=0x40800000 linTerm=1.27157e-12
spd=1952.282 ctrl=(1056552.6250,0.0000,2545640.5000) accum=(13438.4521,0.0000,-30445.4004) grounded=0x40800000 linTerm=8.33333e-06
spd=1966.327 ctrl=(1085267.0000,0.0000,2538006.0000) accum=(13660.6094,0.0000,-30852.1152) grounded=0x40800000 linTerm=8.33333e-06
spd=1988.346 ctrl=(1088291.8750,0.0000,2545080.0000) accum=(12151.2988,0.0000,-30294.1035) grounded=0x40800000 linTerm=1.27157e-12
spd=1979.968 ctrl=(1114176.7500,0.0000,2530589.2500) accum=(12813.2734,0.0000,-30737.2363) grounded=0x40800000 linTerm=8.33333e-06
spd=1993.852 ctrl=(1142783.3750,0.0000,2522252.0000) accum=(13027.2393,0.0000,-31148.5176) grounded=0x40800000 linTerm=8.33333e-06
spd=2015.933 ctrl=(1145971.8750,0.0000,2529289.2500) accum=(11531.9805,0.0000,-30561.0879) grounded=0x40800000 linTerm=1.27157e-12
spd=2007.323 ctrl=(1171594.0000,0.0000,2514139.7500) accum=(12179.1475,0.0000,-31014.8867) grounded=0x40800000 linTerm=8.33333e-06
spd=2021.043 ctrl=(1200074.7500,0.0000,2505101.0000) accum=(12385.2539,0.0000,-31430.7930) grounded=0x40800000 linTerm=8.33333e-06
spd=2043.186 ctrl=(1203426.1250,0.0000,2512096.7500) accum=(10904.7920,0.0000,-30814.3320) grounded=0x40800000 linTerm=1.27157e-12
spd=2034.343 ctrl=(1228767.7500,0.0000,2496293.0000) accum=(11537.3506,0.0000,-31278.6133) grounded=0x40800000 linTerm=8.33333e-06
spd=2047.899 ctrl=(1257104.6250,0.0000,2486554.5000) accum=(11735.6924,0.0000,-31699.1270) grounded=0x40800000 linTerm=8.33333e-06
spd=2070.104 ctrl=(1260618.2500,0.0000,2493504.5000) accum=(10270.6699,0.0000,-31054.0117) grounded=0x40800000 linTerm=1.27157e-12
spd=2061.029 ctrl=(1285663.0000,0.0000,2477053.2500) accum=(10888.7539,0.0000,-31528.5176) grounded=0x40800000 linTerm=8.33333e-06
spd=2074.419 ctrl=(1564279.2500,0.0000,2936800.5000) accum=(11079.3311,0.0000,-31953.5039) grounded=0x40800000 linTerm=8.33333e-06
spd=2101.059 ctrl=(1568715.1250,0.0000,2945128.2500) accum=(9566.4736,0.0000,-31245.4395) grounded=0x40800000 linTerm=1.27157e-12
spd=2091.718 ctrl=(1598414.8750,0.0000,2925242.0000) accum=(10182.5361,0.0000,-31736.7734) grounded=0x40800000 linTerm=8.33333e-06
spd=2109.261 ctrl=(1632042.3750,0.0000,2912505.0000) accum=(10284.8428,0.0000,-32125.1641) grounded=0x40800000 linTerm=8.33333e-06
spd=2135.998 ctrl=(1636663.6250,0.0000,2920752.0000) accum=(8840.9727,0.0000,-31411.3965) grounded=0x40800000 linTerm=1.27157e-12
spd=2126.354 ctrl=(1665981.0000,0.0000,2900081.7500) accum=(9458.1123,0.0000,-31921.6074) grounded=0x40800000 linTerm=8.33333e-06
spd=2143.683 ctrl=(1699387.5000,0.0000,2886496.5000) accum=(9569.0850,0.0000,-32320.7930) grounded=0x40800000 linTerm=8.33333e-06
spd=2170.507 ctrl=(1704198.6250,0.0000,2894668.5000) accum=(8152.5264,0.0000,-31584.0312) grounded=0x40800000 linTerm=1.27157e-12
spd=2160.556 ctrl=(1733113.3750,0.0000,2873224.0000) accum=(8762.5078,0.0000,-32108.7168) grounded=0x40800000 linTerm=8.33333e-06
spd=2177.665 ctrl=(1766277.3750,0.0000,2858796.7500) accum=(8874.9062,0.0000,-32515.3789) grounded=0x40800000 linTerm=8.33333e-06
spd=2204.572 ctrl=(1771280.1250,0.0000,2866893.7500) accum=(7481.7798,0.0000,-31754.6426) grounded=0x40800000 linTerm=1.27157e-12
spd=2194.310 ctrl=(1799771.1250,0.0000,2844684.5000) accum=(8080.1929,0.0000,-32291.1211) grounded=0x40800000 linTerm=8.33333e-06
spd=2211.194 ctrl=(1832671.0000,0.0000,2829420.5000) accum=(8190.0669,0.0000,-32703.3809) grounded=0x40800000 linTerm=8.33333e-06
spd=2238.181 ctrl=(1837865.8750,0.0000,2837440.7500) accum=(6818.4248,0.0000,-31918.2559) grounded=0x40800000 linTerm=1.27157e-12
spd=2227.606 ctrl=(1865912.3750,0.0000,2814476.2500) accum=(7402.9229,0.0000,-32464.8633) grounded=0x40800000 linTerm=8.33333e-06
spd=2244.263 ctrl=(1898525.0000,0.0000,2798380.0000) accum=(7508.0796,0.0000,-32881.5195) grounded=0x40800000 linTerm=8.33333e-06
spd=2271.327 ctrl=(1903912.2500,0.0000,2806320.7500) accum=(6157.0552,0.0000,-32071.8848) grounded=0x40800000 linTerm=1.27157e-12
spd=2260.440 ctrl=(1931494.8750,0.0000,2782611.7500) accum=(6726.4678,0.0000,-32627.4277) grounded=0x40800000 linTerm=8.33333e-06
spd=2276.867 ctrl=(1963798.6250,0.0000,2765690.2500) accum=(6825.6821,0.0000,-33047.7734) grounded=0x40800000 linTerm=8.33333e-06
spd=2304.007 ctrl=(1969377.0000,0.0000,2773546.5000) accum=(5494.9482,0.0000,-32213.7129) grounded=0x40800000 linTerm=1.27157e-12
spd=2292.806 ctrl=(1996474.8750,0.0000,2749103.5000) accum=(6048.5835,0.0000,-32777.4844) grounded=0x40800000 linTerm=8.33333e-06
spd=2309.002 ctrl=(2028448.8750,0.0000,2731364.5000) accum=(6141.1523,0.0000,-33201.0898) grounded=0x40800000 linTerm=8.33333e-06
spd=2336.216 ctrl=(2034216.6250,0.0000,2739131.0000) accum=(4830.7017,0.0000,-32342.8066) grounded=0x40800000 linTerm=1.27157e-12
spd=2324.702 ctrl=(2060809.7500,0.0000,2713964.2500) accum=(5368.2793,0.0000,-32914.1484) grounded=0x40800000 linTerm=8.33333e-06
spd=2340.665 ctrl=(2092432.0000,0.0000,2695414.2500) accum=(5453.8208,0.0000,-33340.6445) grounded=0x40800000 linTerm=8.33333e-06
spd=2367.952 ctrl=(2098388.7500,0.0000,2703087.5000) accum=(4163.8223,0.0000,-32458.4355) grounded=0x40800000 linTerm=1.27157e-12
spd=2356.125 ctrl=(2124458.0000,0.0000,2677210.0000) accum=(4685.1836,0.0000,-33036.9102) grounded=0x40800000 linTerm=8.33333e-06
spd=2371.855 ctrl=(2155706.5000,0.0000,2657856.2500) accum=(4763.3643,0.0000,-33466.0820) grounded=0x40800000 linTerm=8.33333e-06
spd=2399.213 ctrl=(2161850.0000,0.0000,2665430.5000) accum=(3494.0349,0.0000,-32560.2930) grounded=0x40800000 linTerm=1.27157e-12
spd=2387.073 ctrl=(2187375.2500,0.0000,2638854.0000) accum=(3999.1436,0.0000,-33145.5039) grounded=0x40800000 linTerm=8.33333e-06
spd=2402.570 ctrl=(2218230.0000,0.0000,2618706.0000) accum=(4069.8706,0.0000,-33577.0938) grounded=0x40800000 linTerm=8.33333e-06
spd=2429.998 ctrl=(2224559.0000,0.0000,2626177.5000) accum=(2821.5447,0.0000,-32647.9922) grounded=0x40800000 linTerm=1.27157e-12
spd=2417.546 ctrl=(2249521.7500,0.0000,2598914.5000) accum=(3310.3801,0.0000,-33239.6133) grounded=0x40800000 linTerm=8.33333e-06
spd=2432.809 ctrl=(2279961.0000,0.0000,2577981.0000) accum=(3373.4941,0.0000,-33673.5156) grounded=0x40800000 linTerm=8.33333e-06
spd=2460.307 ctrl=(2286473.0000,0.0000,2585344.2500) accum=(2146.4810,0.0000,-32721.4609) grounded=0x40800000 linTerm=1.27157e-12
spd=2447.544 ctrl=(2310854.7500,0.0000,2557408.2500) accum=(2619.0955,0.0000,-33319.1641) grounded=0x40800000 linTerm=8.33333e-06
spd=2462.573 ctrl=(2340857.7500,0.0000,2535698.5000) accum=(2674.4751,0.0000,-33755.1367) grounded=0x40800000 linTerm=8.33333e-06
spd=2490.139 ctrl=(2347551.5000,0.0000,2542949.2500) accum=(1469.1045,0.0000,-32780.5508) grounded=0x40800000 linTerm=1.27157e-12
spd=2477.066 ctrl=(2371334.2500,0.0000,2514354.5000) accum=(1925.5616,0.0000,-33383.9141) grounded=0x40800000 linTerm=8.33333e-06
spd=2491.861 ctrl=(2400880.2500,0.0000,2491879.5000) accum=(1973.0601,0.0000,-33821.8984) grounded=0x40800000 linTerm=8.33333e-06
spd=2519.493 ctrl=(2407753.2500,0.0000,2499013.0000) accum=(789.6732,0.0000,-32825.1523) grounded=0x40800000 linTerm=1.27157e-12
spd=2506.112 ctrl=(2430918.2500,0.0000,2469772.7500) accum=(1230.0393,0.0000,-33433.8984) grounded=0x40800000 linTerm=8.33333e-06
spd=2520.673 ctrl=(2459989.0000,0.0000,2446544.5000) accum=(1269.6431,0.0000,-33873.7266) grounded=0x40800000 linTerm=8.33333e-06
spd=2548.371 ctrl=(2467037.7500,0.0000,2453554.7500) accum=(108.5750,0.0000,-32855.2031) grounded=0x40800000 linTerm=1.27157e-12
spd=2534.683 ctrl=(2489568.5000,0.0000,2423685.0000) accum=(532.8667,0.0000,-33469.0391) grounded=0x40800000 linTerm=8.33333e-06
spd=2549.010 ctrl=(2518143.2500,0.0000,2399713.7500) accum=(564.5409,0.0000,-33910.5000) grounded=0x40800000 linTerm=8.33333e-06
spd=2576.773 ctrl=(2525366.7500,0.0000,2406597.5000) accum=(-573.8586,0.0000,-32870.6055) grounded=0x40800000 linTerm=1.27157e-12
spd=1284.975 ctrl=(60758.6055,0.0000,3077162.7500) accum=(19962.5254,0.0000,-25486.6641) grounded=0x40800000 linTerm=8.33333e-06
spd=1306.542 ctrl=(89623.8672,0.0000,3083210.5000) accum=(17692.5293,0.0000,-23217.6191) grounded=0x40800000 linTerm=8.33333e-06
spd=1331.676 ctrl=(89860.6250,0.0000,3091355.5000) accum=(16660.7832,0.0000,-23145.0137) grounded=0x40800000 linTerm=1.27157e-12
spd=1328.013 ctrl=(119081.9609,0.0000,3088976.0000) accum=(17965.9473,0.0000,-23360.5312) grounded=0x40800000 linTerm=8.33333e-06
spd=1349.413 ctrl=(149125.1094,0.0000,3094307.7500) accum=(18904.9609,0.0000,-23734.6094) grounded=0x40800000 linTerm=8.33333e-06
spd=1374.583 ctrl=(149523.2656,0.0000,3102569.2500) accum=(17354.5879,0.0000,-23581.3535) grounded=0x40800000 linTerm=1.27157e-12
spd=1370.654 ctrl=(179759.8906,0.0000,3099441.5000) accum=(18792.0703,0.0000,-23871.6719) grounded=0x40800000 linTerm=8.33333e-06
spd=1391.866 ctrl=(210966.4688,0.0000,3104026.7500) accum=(19753.7129,0.0000,-24293.7383) grounded=0x40800000 linTerm=8.33333e-06
spd=1417.086 ctrl=(211534.8125,0.0000,3112389.0000) accum=(17787.2812,0.0000,-24051.9844) grounded=0x40800000 linTerm=1.27157e-12
spd=1412.887 ctrl=(242765.5312,0.0000,3108471.2500) accum=(19338.0117,0.0000,-24407.8281) grounded=0x40800000 linTerm=8.33333e-06
spd=1433.916 ctrl=(275118.5312,0.0000,3112253.7500) accum=(20342.0840,0.0000,-24874.7422) grounded=0x40800000 linTerm=8.33333e-06
spd=1459.197 ctrl=(275865.0625,0.0000,3120698.7500) accum=(18034.7402,0.0000,-24539.4473) grounded=0x40800000 linTerm=1.27157e-12
spd=1454.727 ctrl=(308065.7500,0.0000,3115935.0000) accum=(19703.5254,0.0000,-24963.2012) grounded=0x40800000 linTerm=8.33333e-06
spd=1475.574 ctrl=(341544.8125,0.0000,3118848.0000) accum=(20517.4277,0.0000,-25403.9414) grounded=0x40800000 linTerm=8.33333e-06
spd=1500.922 ctrl=(342477.3125,0.0000,3127363.0000) accum=(18171.7578,0.0000,-25044.6133) grounded=0x40800000 linTerm=1.27157e-12
spd=1496.177 ctrl=(375599.8438,0.0000,3121692.5000) accum=(19961.2598,0.0000,-25539.6094) grounded=0x40800000 linTerm=8.33333e-06
spd=1516.841 ctrl=(409699.2188,0.0000,3123744.0000) accum=(20312.1270,0.0000,-25877.7832) grounded=0x40800000 linTerm=8.33333e-06
spd=1542.260 ctrl=(410823.8750,0.0000,3132318.7500) accum=(18206.4961,0.0000,-25558.9824) grounded=0x40800000 linTerm=1.27157e-12
spd=1537.239 ctrl=(443943.5312,0.0000,3125834.5000) accum=(19677.3672,0.0000,-25996.1738) grounded=0x40800000 linTerm=8.33333e-06
spd=1557.725 ctrl=(478206.6250,0.0000,3127076.5000) accum=(19960.4004,0.0000,-26334.6133) grounded=0x40800000 linTerm=8.33333e-06
spd=1583.225 ctrl=(479524.4688,0.0000,3135693.7500) accum=(18083.3672,0.0000,-26053.6172) grounded=0x40800000 linTerm=1.27157e-12
spd=1577.928 ctrl=(512620.4062,0.0000,3128392.0000) accum=(19269.7773,0.0000,-26434.9434) grounded=0x40800000 linTerm=8.33333e-06
spd=1598.235 ctrl=(547026.8750,0.0000,3128816.0000) accum=(19526.8789,0.0000,-26776.3535) grounded=0x40800000 linTerm=8.33333e-06
spd=1623.822 ctrl=(548538.5625,0.0000,3137462.5000) accum=(17864.9043,0.0000,-26533.2734) grounded=0x40800000 linTerm=1.27157e-12
spd=1618.247 ctrl=(581589.6250,0.0000,3129339.7500) accum=(18803.9941,0.0000,-26859.1875) grounded=0x40800000 linTerm=8.33333e-06
spd=1638.375 ctrl=(616118.5625,0.0000,3128938.0000) accum=(19045.1309,0.0000,-27204.2305) grounded=0x40800000 linTerm=8.33333e-06
spd=1664.051 ctrl=(617825.0625,0.0000,3137604.5000) accum=(17417.5430,0.0000,-26933.7188) grounded=0x40800000 linTerm=1.27157e-12
spd=1658.194 ctrl=(650809.5625,0.0000,3128657.7500) accum=(18302.5879,0.0000,-27270.0742) grounded=0x40800000 linTerm=8.33333e-06
spd=1678.140 ctrl=(685439.9375,0.0000,3127423.5000) accum=(18532.8672,0.0000,-27619.1836) grounded=0x40800000 linTerm=8.33333e-06
spd=1703.906 ctrl=(687342.2500,0.0000,3136103.0000) accum=(16913.8672,0.0000,-27317.6562) grounded=0x40800000 linTerm=1.27157e-12
spd=1697.766 ctrl=(720238.3750,0.0000,3126329.2500) accum=(17777.5605,0.0000,-27668.3633) grounded=0x40800000 linTerm=8.33333e-06
spd=1717.526 ctrl=(754948.5000,0.0000,3124256.5000) accum=(17999.6191,0.0000,-28021.8242) grounded=0x40800000 linTerm=8.33333e-06
spd=1743.381 ctrl=(757047.4375,0.0000,3132942.5000) accum=(16391.2363,0.0000,-27689.6523) grounded=0x40800000 linTerm=1.27157e-12
spd=1736.953 ctrl=(789833.6250,0.0000,3122341.5000) accum=(17235.3945,0.0000,-28054.4102) grounded=0x40800000 linTerm=8.33333e-06
spd=1756.523 ctrl=(824602.0000,0.0000,3119425.5000) accum=(17450.5469,0.0000,-28412.4297) grounded=0x40800000 linTerm=8.33333e-06
spd=1782.468 ctrl=(826898.0000,0.0000,3128111.0000) accum=(15854.0234,0.0000,-28049.9238) grounded=0x40800000 linTerm=1.27157e-12
spd=1775.749 ctrl=(859552.3125,0.0000,3116682.7500) accum=(16679.6895,0.0000,-28428.5234) grounded=0x40800000 linTerm=8.33333e-06
spd=1795.125 ctrl=(894356.8125,0.0000,3112918.5000) accum=(16888.5312,0.0000,-28791.0449) grounded=0x40800000 linTerm=8.33333e-06
spd=1821.159 ctrl=(896851.0625,0.0000,3121600.0000) accum=(15304.6914,0.0000,-28398.5254) grounded=0x40800000 linTerm=1.27157e-12
spd=1814.146 ctrl=(929351.2500,0.0000,3109343.5000) accum=(16112.4717,0.0000,-28790.6504) grounded=0x40800000 linTerm=8.33333e-06
spd=1833.324 ctrl=(964170.0000,0.0000,3104728.2500) accum=(16315.2539,0.0000,-29157.6797) grounded=0x40800000 linTerm=8.33333e-06
spd=1859.446 ctrl=(966863.0000,0.0000,3113400.0000) accum=(14744.7168,0.0000,-28735.4648) grounded=0x40800000 linTerm=1.27157e-12
spd=1852.136 ctrl=(999187.0625,0.0000,3100316.2500) accum=(15535.0049,0.0000,-29140.6602) grounded=0x40800000 linTerm=8.33333e-06
spd=1871.113 ctrl=(1033997.9375,0.0000,3094846.7500) accum=(15731.8027,0.0000,-29512.1406) grounded=0x40800000 linTerm=8.33333e-06
spd=1897.321 ctrl=(1036890.3125,0.0000,3103504.0000) accum=(14175.0625,0.0000,-29060.5703) grounded=0x40800000 linTerm=1.27157e-12
spd=1889.712 ctrl=(1069015.8750,0.0000,3089594.7500) accum=(14948.0801,0.0000,-29478.5430) grounded=0x40800000 linTerm=8.33333e-06
spd=1908.483 ctrl=(1103796.1250,0.0000,3083267.7500) accum=(15138.8926,0.0000,-29854.4492) grounded=0x40800000 linTerm=8.33333e-06
spd=1934.777 ctrl=(1106888.1250,0.0000,3091904.5000) accum=(13596.3828,0.0000,-29373.8008) grounded=0x40800000 linTerm=1.27157e-12
spd=1926.866 ctrl=(1138793.7500,0.0000,3077173.5000) accum=(14352.3330,0.0000,-29804.0156) grounded=0x40800000 linTerm=8.33333e-06
spd=1945.428 ctrl=(1173521.3750,0.0000,3069988.7500) accum=(14537.0430,0.0000,-30184.2402) grounded=0x40800000 linTerm=8.33333e-06
spd=1971.807 ctrl=(1176813.1250,0.0000,3078600.2500) accum=(13009.1768,0.0000,-29674.8516) grounded=0x40800000 linTerm=1.27157e-12
spd=1963.592 ctrl=(1208476.1250,0.0000,3063049.5000) accum=(13748.1953,0.0000,-30117.0156) grounded=0x40800000 linTerm=8.33333e-06
spd=1981.941 ctrl=(1243128.2500,0.0000,3055005.2500) accum=(13926.7197,0.0000,-30501.4531) grounded=0x40800000 linTerm=8.33333e-06
spd=2008.405 ctrl=(1246620.1250,0.0000,3063586.5000) accum=(12413.8965,0.0000,-29963.6074) grounded=0x40800000 linTerm=1.27157e-12
spd=1002.130 ctrl=(-14837.4980,0.0000,2987265.7500) accum=(15010.9893,0.0000,-21918.1641) grounded=0x40800000 linTerm=8.33333e-06
spd=1024.363 ctrl=(6989.6553,0.0000,2994360.5000) accum=(17218.8184,0.0000,-22660.0977) grounded=0x40800000 linTerm=8.33333e-06
spd=1048.796 ctrl=(7008.0444,0.0000,3002238.5000) accum=(16476.0879,0.0000,-22637.8184) grounded=0x40800000 linTerm=1.27157e-12
spd=1046.531 ctrl=(29394.7988,0.0000,3001282.7500) accum=(17216.6992,0.0000,-22700.2676) grounded=0x40800000 linTerm=8.33333e-06
spd=1068.654 ctrl=(52378.3008,0.0000,3007980.7500) accum=(17574.3008,0.0000,-22930.4805) grounded=0x40800000 linTerm=8.33333e-06
spd=1093.175 ctrl=(52516.7070,0.0000,3015929.2500) accum=(16608.6562,0.0000,-22895.4473) grounded=0x40800000 linTerm=1.27157e-12
spd=1090.706 ctrl=(75941.0781,0.0000,3014516.5000) accum=(17418.7852,0.0000,-22998.9414) grounded=0x40800000 linTerm=8.33333e-06
spd=1112.724 ctrl=(100081.5469,0.0000,3020775.2500) accum=(17802.7871,0.0000,-23255.1992) grounded=0x40800000 linTerm=8.33333e-06
spd=1137.334 ctrl=(100347.0391,0.0000,3028788.7500) accum=(16657.0176,0.0000,-23184.3613) grounded=0x40800000 linTerm=1.27157e-12
spd=1134.654 ctrl=(124802.6562,0.0000,3026876.0000) accum=(17537.8516,0.0000,-23325.8652) grounded=0x40800000 linTerm=8.33333e-06
spd=1156.560 ctrl=(150098.5938,0.0000,3032642.7500) accum=(17962.3633,0.0000,-23607.5586) grounded=0x40800000 linTerm=8.33333e-06
spd=1181.261 ctrl=(150498.2188,0.0000,3040716.7500) accum=(16653.2871,0.0000,-23495.5332) grounded=0x40800000 linTerm=1.27157e-12
spd=1178.364 ctrl=(175976.2969,0.0000,3038254.5000) accum=(17610.5195,0.0000,-23676.3887) grounded=0x40800000 linTerm=8.33333e-06
spd=1200.151 ctrl=(202423.7344,0.0000,3043472.2500) accum=(18087.0410,0.0000,-23985.6602) grounded=0x40800000 linTerm=8.33333e-06
spd=1224.943 ctrl=(202964.4844,0.0000,3051602.5000) accum=(16620.1152,0.0000,-23826.6582) grounded=0x40800000 linTerm=1.27157e-12
spd=1221.820 ctrl=(229453.9062,0.0000,3048536.5000) accum=(17660.3809,0.0000,-24050.2715) grounded=0x40800000 linTerm=8.33333e-06
spd=1243.481 ctrl=(257046.1562,0.0000,3053147.5000) accum=(18197.8867,0.0000,-24390.4180) grounded=0x40800000 linTerm=8.33333e-06
spd=1268.363 ctrl=(257735.0781,0.0000,3061330.2500) accum=(16571.3555,0.0000,-24177.7656) grounded=0x40800000 linTerm=1.27157e-12
spd=1265.008 ctrl=(285221.9062,0.0000,3057606.7500) accum=(17701.3945,0.0000,-24448.6094) grounded=0x40800000 linTerm=8.33333e-06
spd=1286.536 ctrl=(313949.2500,0.0000,3061549.0000) accum=(18307.2070,0.0000,-24823.6777) grounded=0x40800000 linTerm=8.33333e-06
spd=1311.506 ctrl=(314793.6875,0.0000,3069783.5000) accum=(16514.9805,0.0000,-24549.6855) grounded=0x40800000 linTerm=1.27157e-12
spd=1307.911 ctrl=(343260.9062,0.0000,3065344.5000) accum=(17741.5410,0.0000,-24873.1328) grounded=0x40800000 linTerm=8.33333e-06
spd=1329.297 ctrl=(373110.4062,0.0000,3068555.2500) accum=(18421.9648,0.0000,-25287.6211) grounded=0x40800000 linTerm=8.33333e-06
spd=1354.352 ctrl=(374117.5000,0.0000,3076837.7500) accum=(16455.3555,0.0000,-24943.5312) grounded=0x40800000 linTerm=1.27157e-12
spd=1350.511 ctrl=(403545.2500,0.0000,3071626.5000) accum=(17785.1758,0.0000,-25325.4844) grounded=0x40800000 linTerm=8.33333e-06
spd=1371.748 ctrl=(434500.8750,0.0000,3074042.7500) accum=(18545.8828,0.0000,-25784.3242) grounded=0x40800000 linTerm=8.33333e-06
spd=1396.886 ctrl=(435677.8750,0.0000,3082370.0000) accum=(16394.7344,0.0000,-25360.3594) grounded=0x40800000 linTerm=1.27157e-12
spd=1392.791 ctrl=(466042.8125,0.0000,3076326.5000) accum=(17834.5645,0.0000,-25807.6055) grounded=0x40800000 linTerm=8.33333e-06
spd=1413.871 ctrl=(498084.5625,0.0000,3077882.2500) accum=(18680.7051,0.0000,-26316.0703) grounded=0x40800000 linTerm=8.33333e-06
spd=1439.089 ctrl=(499439.2188,0.0000,3086253.2500) accum=(16334.1318,0.0000,-25801.4141) grounded=0x40800000 linTerm=1.27157e-12
spd=1434.735 ctrl=(530714.4375,0.0000,3079316.7500) accum=(17890.6387,0.0000,-26321.2266) grounded=0x40800000 linTerm=8.33333e-06
spd=1455.649 ctrl=(563819.0000,0.0000,3079946.0000) accum=(18649.2285,0.0000,-26816.6484) grounded=0x40800000 linTerm=8.33333e-06
spd=1480.946 ctrl=(565358.7500,0.0000,3088357.0000) accum=(16276.0391,0.0000,-26268.9629) grounded=0x40800000 linTerm=1.27157e-12
spd=1476.325 ctrl=(597513.9375,0.0000,3080466.0000) accum=(17955.7988,0.0000,-26869.2285) grounded=0x40800000 linTerm=8.33333e-06
spd=1497.066 ctrl=(631613.3125,0.0000,3080111.5000) accum=(18373.0215,0.0000,-27264.1934) grounded=0x40800000 linTerm=8.33333e-06
spd=1522.439 ctrl=(633345.6875,0.0000,3088559.5000) accum=(16219.3320,0.0000,-26764.1758) grounded=0x40800000 linTerm=1.27157e-12
spd=1517.546 ctrl=(665857.9375,0.0000,3079772.0000) accum=(17734.3164,0.0000,-27336.4258) grounded=0x40800000 linTerm=8.33333e-06
spd=1538.111 ctrl=(700063.5625,0.0000,3078596.7500) accum=(17991.0625,0.0000,-27694.0566) grounded=0x40800000 linTerm=8.33333e-06
spd=1563.566 ctrl=(701991.2500,0.0000,3087073.7500) accum=(16057.9297,0.0000,-27244.9375) grounded=0x40800000 linTerm=1.27157e-12
spd=1558.399 ctrl=(734423.0625,0.0000,3077474.5000) accum=(17297.6113,0.0000,-27744.3164) grounded=0x40800000 linTerm=8.33333e-06
spd=1578.789 ctrl=(768714.6875,0.0000,3075475.0000) accum=(17528.2949,0.0000,-28103.0918) grounded=0x40800000 linTerm=8.33333e-06
spd=1604.331 ctrl=(770837.5000,0.0000,3083968.0000) accum=(15805.2900,0.0000,-27705.3281) grounded=0x40800000 linTerm=1.27157e-12
spd=1598.888 ctrl=(803167.5000,0.0000,3073554.0000) accum=(16803.7188,0.0000,-28133.6934) grounded=0x40800000 linTerm=8.33333e-06
spd=1619.101 ctrl=(837523.8125,0.0000,3070724.0000) accum=(17018.2285,0.0000,-28494.9004) grounded=0x40800000 linTerm=8.33333e-06
spd=1644.733 ctrl=(839841.9375,0.0000,3079223.2500) accum=(15411.4316,0.0000,-28106.1348) grounded=0x40800000 linTerm=1.27157e-12
spd=1639.011 ctrl=(872048.5000,0.0000,3067993.5000) accum=(16275.1572,0.0000,-28507.2422) grounded=0x40800000 linTerm=8.33333e-06
spd=1659.044 ctrl=(906447.8750,0.0000,3064327.2500) accum=(16478.5996,0.0000,-28871.7734) grounded=0x40800000 linTerm=8.33333e-06
spd=1684.766 ctrl=(908961.6250,0.0000,3072825.2500) accum=(14882.7178,0.0000,-28452.7012) grounded=0x40800000 linTerm=1.27157e-12
spd=1678.762 ctrl=(941023.0000,0.0000,3060779.2500) accum=(15723.8711,0.0000,-28866.5801) grounded=0x40800000 linTerm=8.33333e-06
spd=1698.611 ctrl=(975443.6875,0.0000,3056272.7500) accum=(15918.8389,0.0000,-29234.8633) grounded=0x40800000 linTerm=8.33333e-06
spd=1724.423 ctrl=(978153.5000,0.0000,3064763.0000) accum=(14335.8867,0.0000,-28785.9609) grounded=0x40800000 linTerm=1.27157e-12
spd=1718.133 ctrl=(1010048.0625,0.0000,3051901.5000) accum=(15156.3223,0.0000,-29212.4941) grounded=0x40800000 linTerm=8.33333e-06
spd=1737.795 ctrl=(1044467.8750,0.0000,3046550.2500) accum=(15344.0957,0.0000,-29584.8281) grounded=0x40800000 linTerm=8.33333e-06
spd=1763.697 ctrl=(1047374.3125,0.0000,3055027.7500) accum=(13775.2852,0.0000,-29106.5215) grounded=0x40800000 linTerm=1.27157e-12
spd=1757.119 ctrl=(1079079.7500,0.0000,3041350.5000) accum=(14576.0537,0.0000,-29545.5254) grounded=0x40800000 linTerm=8.33333e-06
spd=1776.589 ctrl=(1113477.6250,0.0000,3035154.0000) accum=(14757.2627,0.0000,-29921.9102) grounded=0x40800000 linTerm=8.33333e-06
spd=1802.579 ctrl=(1116580.5000,0.0000,3043612.0000) accum=(13203.3945,0.0000,-29414.6055) grounded=0x40800000 linTerm=1.27157e-12
spd=899.620 ctrl=(-86784.0000,0.0000,2953237.2500) accum=(14591.9766,0.0000,-21805.0391) grounded=0x40800000 linTerm=8.33333e-06
spd=921.999 ctrl=(-67541.7109,0.0000,2960877.2500) accum=(16547.9121,0.0000,-22402.9473) grounded=0x40800000 linTerm=8.33333e-06
spd=946.174 ctrl=(-67719.1406,0.0000,2968655.2500) accum=(16139.7510,0.0000,-22379.6152) grounded=0x40800000 linTerm=1.27157e-12
spd=944.332 ctrl=(-47729.3359,0.0000,2968391.0000) accum=(16673.1914,0.0000,-22388.3340) grounded=0x40800000 linTerm=8.33333e-06
spd=966.632 ctrl=(-27344.7031,0.0000,2975747.2500) accum=(17073.4219,0.0000,-22536.6484) grounded=0x40800000 linTerm=8.33333e-06
spd=990.906 ctrl=(-27416.7383,0.0000,2983586.2500) accum=(16521.3359,0.0000,-22505.1055) grounded=0x40800000 linTerm=1.27157e-12
spd=988.883 ctrl=(-6387.0000,0.0000,2982973.0000) accum=(17128.3555,0.0000,-22547.1230) grounded=0x40800000 linTerm=8.33333e-06
spd=1011.102 ctrl=(15145.5137,0.0000,2990001.5000) accum=(17580.6504,0.0000,-22731.3379) grounded=0x40800000 linTerm=8.33333e-06
spd=1035.476 ctrl=(15185.5195,0.0000,2997899.2500) accum=(16773.6582,0.0000,-22670.5020) grounded=0x40800000 linTerm=1.27157e-12
spd=1033.262 ctrl=(37253.5859,0.0000,2996893.7500) accum=(17486.5078,0.0000,-22746.1406) grounded=0x40800000 linTerm=8.33333e-06
spd=1055.395 ctrl=(59937.7070,0.0000,3003547.0000) accum=(17773.8301,0.0000,-22980.3887) grounded=0x40800000 linTerm=8.33333e-06
spd=1079.868 ctrl=(60096.4375,0.0000,3011501.2500) accum=(16721.3184,0.0000,-22938.6133) grounded=0x40800000 linTerm=1.27157e-12
spd=1077.455 ctrl=(83199.5000,0.0000,3010056.0000) accum=(17501.4492,0.0000,-23044.8008) grounded=0x40800000 linTerm=8.33333e-06
spd=1099.492 ctrl=(107036.7969,0.0000,3016281.2500) accum=(17835.2578,0.0000,-23299.0469) grounded=0x40800000 linTerm=8.33333e-06
spd=1124.063 ctrl=(107321.0156,0.0000,3024290.5000) accum=(16657.5508,0.0000,-23223.9766) grounded=0x40800000 linTerm=1.27157e-12
spd=1121.444 ctrl=(131453.3125,0.0000,3022356.7500) accum=(17509.1230,0.0000,-23363.6289) grounded=0x40800000 linTerm=8.33333e-06
spd=1143.376 ctrl=(156442.9531,0.0000,3028099.2500) accum=(17895.6660,0.0000,-23640.8652) grounded=0x40800000 linTerm=8.33333e-06
spd=1168.043 ctrl=(156859.5312,0.0000,3036162.2500) accum=(16588.0195,0.0000,-23527.4082) grounded=0x40800000 linTerm=1.27157e-12
spd=1165.209 ctrl=(182013.1250,0.0000,3033689.5000) accum=(17516.2520,0.0000,-23704.0820) grounded=0x40800000 linTerm=8.33333e-06
spd=1187.029 ctrl=(208151.5938,0.0000,3038892.0000) accum=(17961.2598,0.0000,-24007.7520) grounded=0x40800000 linTerm=8.33333e-06
spd=1211.790 ctrl=(208707.4531,0.0000,3047007.2500) accum=(16516.3125,0.0000,-23849.8613) grounded=0x40800000 linTerm=1.27157e-12
spd=1208.734 ctrl=(234871.6719,0.0000,3043941.7500) accum=(17526.9082,0.0000,-24067.8711) grounded=0x40800000 linTerm=8.33333e-06
spd=1230.432 ctrl=(294784.1875,0.0000,3428011.7500) accum=(18035.8008,0.0000,-24401.6016) grounded=0x40800000 linTerm=8.33333e-06
spd=1258.418 ctrl=(295576.7812,0.0000,3437228.7500) accum=(16372.2969,0.0000,-24182.7520) grounded=0x40800000 linTerm=1.27157e-12
spd=1255.119 ctrl=(326207.3438,0.0000,3433166.2500) accum=(17482.7598,0.0000,-24448.3574) grounded=0x40800000 linTerm=8.33333e-06
spd=1279.798 ctrl=(358329.4062,0.0000,3437738.5000) accum=(17993.1543,0.0000,-24811.7793) grounded=0x40800000 linTerm=8.33333e-06
spd=1307.895 ctrl=(359295.0938,0.0000,3447003.2500) accum=(16219.0391,0.0000,-24533.8555) grounded=0x40800000 linTerm=1.27157e-12
spd=1304.327 ctrl=(391185.7188,0.0000,3442120.2500) accum=(17445.8789,0.0000,-24855.7266) grounded=0x40800000 linTerm=8.33333e-06
spd=1328.852 ctrl=(424727.0625,0.0000,3445850.7500) accum=(18054.8535,0.0000,-25261.3496) grounded=0x40800000 linTerm=8.33333e-06
spd=1357.053 ctrl=(425875.3750,0.0000,3455167.2500) accum=(16125.2881,0.0000,-24915.9648) grounded=0x40800000 linTerm=1.27157e-12
spd=1353.205 ctrl=(459003.1875,0.0000,3449388.7500) accum=(17475.0098,0.0000,-25302.1562) grounded=0x40800000 linTerm=8.33333e-06
spd=1377.562 ctrl=(493945.5938,0.0000,3452195.5000) accum=(18181.7598,0.0000,-25755.4824) grounded=0x40800000 linTerm=8.33333e-06
spd=1405.862 ctrl=(495286.2812,0.0000,3461565.5000) accum=(16067.4209,0.0000,-25329.5195) grounded=0x40800000 linTerm=1.27157e-12
spd=1401.724 ctrl=(529623.8125,0.0000,3454814.5000) accum=(17548.0957,0.0000,-25788.4883) grounded=0x40800000 linTerm=8.33333e-06
spd=1425.900 ctrl=(565944.4375,0.0000,3456613.5000) accum=(18355.2383,0.0000,-26295.5801) grounded=0x40800000 linTerm=8.33333e-06
spd=1454.294 ctrl=(567487.2500,0.0000,3466037.0000) accum=(16032.6904,0.0000,-25775.2363) grounded=0x40800000 linTerm=1.27157e-12
spd=1449.858 ctrl=(603002.1875,0.0000,3458234.2500) accum=(17653.1309,0.0000,-26316.1250) grounded=0x40800000 linTerm=8.33333e-06
spd=1473.842 ctrl=(640672.7500,0.0000,3458939.2500) accum=(18429.7070,0.0000,-26829.3867) grounded=0x40800000 linTerm=8.33333e-06
spd=1502.326 ctrl=(642427.6875,0.0000,3468413.7500) accum=(16015.6738,0.0000,-26254.9883) grounded=0x40800000 linTerm=1.27157e-12
spd=1497.581 ctrl=(679025.8750,0.0000,3459493.5000) accum=(17779.0566,0.0000,-26885.6016) grounded=0x40800000 linTerm=8.33333e-06
spd=1521.363 ctrl=(717369.3750,0.0000,3459168.2500) accum=(18148.7500,0.0000,-27274.8418) grounded=0x40800000 linTerm=8.33333e-06
spd=1549.938 ctrl=(719344.4375,0.0000,3468691.7500) accum=(15965.8965,0.0000,-26752.6074) grounded=0x40800000 linTerm=1.27157e-12
spd=1544.878 ctrl=(755878.5625,0.0000,3458854.5000) accum=(17533.2148,0.0000,-27345.0273) grounded=0x40800000 linTerm=8.33333e-06
spd=1568.457 ctrl=(794345.7500,0.0000,3457603.7500) accum=(17748.1035,0.0000,-27696.1094) grounded=0x40800000 linTerm=8.33333e-06
spd=1597.131 ctrl=(796541.3750,0.0000,3467160.5000) accum=(15793.6396,0.0000,-27227.1133) grounded=0x40800000 linTerm=1.27157e-12
spd=1591.753 ctrl=(832987.3125,0.0000,3456403.0000) accum=(17087.1582,0.0000,-27746.8203) grounded=0x40800000 linTerm=8.33333e-06
spd=1615.128 ctrl=(871554.2500,0.0000,3454219.0000) accum=(17280.5977,0.0000,-28098.9590) grounded=0x40800000 linTerm=8.33333e-06
spd=1643.904 ctrl=(873970.2500,0.0000,3463794.5000) accum=(15549.3477,0.0000,-27687.0840) grounded=0x40800000 linTerm=1.27157e-12
spd=1638.204 ctrl=(910303.7500,0.0000,3452115.2500) accum=(16592.9785,0.0000,-28131.8867) grounded=0x40800000 linTerm=8.33333e-06
spd=1661.369 ctrl=(948945.8750,0.0000,3448989.7500) accum=(16772.8867,0.0000,-28486.2227) grounded=0x40800000 linTerm=8.33333e-06
spd=1690.249 ctrl=(951583.1250,0.0000,3458574.7500) accum=(15170.8027,0.0000,-28089.6387) grounded=0x40800000 linTerm=1.27157e-12
spd=1684.222 ctrl=(987779.2500,0.0000,3445971.0000) accum=(16068.6289,0.0000,-28502.3203) grounded=0x40800000 linTerm=8.33333e-06
spd=1707.173 ctrl=(1026471.8750,0.0000,3441898.5000) accum=(16239.0566,0.0000,-28859.5215) grounded=0x40800000 linTerm=8.33333e-06
spd=1736.157 ctrl=(1029330.8125,0.0000,3451485.0000) accum=(14650.0156,0.0000,-28433.7617) grounded=0x40800000 linTerm=1.27157e-12
spd=1729.797 ctrl=(1065364.7500,0.0000,3437956.2500) accum=(15523.6748,0.0000,-28859.3418) grounded=0x40800000 linTerm=8.33333e-06
spd=1752.529 ctrl=(1104082.7500,0.0000,3432930.5000) accum=(15686.6494,0.0000,-29219.7656) grounded=0x40800000 linTerm=8.33333e-06
spd=1781.616 ctrl=(1107164.3750,0.0000,3442512.2500) accum=(14112.1709,0.0000,-28765.3086) grounded=0x40800000 linTerm=1.27157e-12
spd=1774.920 ctrl=(1143010.8750,0.0000,3428058.0000) accum=(14963.3174,0.0000,-29203.4980) grounded=0x40800000 linTerm=8.33333e-06
spd=1797.426 ctrl=(1181729.2500,0.0000,3422075.2500) accum=(15119.8408,0.0000,-29567.3633) grounded=0x40800000 linTerm=8.33333e-06
spd=1826.616 ctrl=(1185034.0000,0.0000,3431645.2500) accum=(13560.8350,0.0000,-29084.6211) grounded=0x40800000 linTerm=1.27157e-12
spd=1819.578 ctrl=(1220668.2500,0.0000,3416267.2500) accum=(14390.4814,0.0000,-29535.1992) grounded=0x40800000 linTerm=8.33333e-06
spd=1841.852 ctrl=(1259361.8750,0.0000,3409324.7500) accum=(14541.0078,0.0000,-29902.4238) grounded=0x40800000 linTerm=8.33333e-06
spd=1871.144 ctrl=(1262889.8750,0.0000,3418876.0000) accum=(12998.0674,0.0000,-29391.7598) grounded=0x40800000 linTerm=1.27157e-12
spd=1863.759 ctrl=(1298286.6250,0.0000,3402575.7500) accum=(13806.9092,0.0000,-29854.3203) grounded=0x40800000 linTerm=8.33333e-06
spd=1885.797 ctrl=(1336929.5000,0.0000,3394669.5000) accum=(13951.6152,0.0000,-30225.0762) grounded=0x40800000 linTerm=8.33333e-06
spd=1915.190 ctrl=(1340681.7500,0.0000,3404196.7500) accum=(12425.1641,0.0000,-29686.8477) grounded=0x40800000 linTerm=1.27157e-12
spd=955.710 ctrl=(-222259.0156,0.0000,3346027.5000) accum=(15741.0664,0.0000,-20827.6016) grounded=0x40800000 linTerm=8.33333e-06
spd=981.143 ctrl=(-199337.3438,0.0000,3355589.0000) accum=(18017.9531,0.0000,-21663.2480) grounded=0x40800000 linTerm=8.33333e-06
spd=1008.608 ctrl=(-199862.1094,0.0000,3364423.2500) accum=(17530.2480,0.0000,-21649.4961) grounded=0x40800000 linTerm=1.27157e-12
spd=1006.515 ctrl=(-175682.3594,0.0000,3365013.5000) accum=(18176.6367,0.0000,-21650.3184) grounded=0x40800000 linTerm=8.33333e-06
spd=1031.842 ctrl=(-151290.1719,0.0000,3374257.7500) accum=(18602.7695,0.0000,-21798.8398) grounded=0x40800000 linTerm=8.33333e-06
spd=1059.418 ctrl=(-151689.8594,0.0000,3383172.2500) accum=(17690.0195,0.0000,-21825.5781) grounded=0x40800000 linTerm=1.27157e-12
spd=1057.104 ctrl=(-126161.4688,0.0000,3383359.7500) accum=(18449.8066,0.0000,-21861.9863) grounded=0x40800000 linTerm=8.33333e-06
spd=1082.324 ctrl=(-100290.8906,0.0000,3392229.0000) accum=(18762.5273,0.0000,-22089.8398) grounded=0x40800000 linTerm=8.33333e-06
spd=1110.011 ctrl=(-100556.7500,0.0000,3401221.2500) accum=(17696.8965,0.0000,-22093.1250) grounded=0x40800000 linTerm=1.27157e-12
spd=1107.466 ctrl=(-73680.8906,0.0000,3400947.5000) accum=(18541.0469,0.0000,-22163.0723) grounded=0x40800000 linTerm=8.33333e-06
spd=1132.568 ctrl=(-46326.4492,0.0000,3409372.7500) accum=(18905.6484,0.0000,-22411.9824) grounded=0x40800000 linTerm=8.33333e-06
spd=1160.365 ctrl=(-46449.6875,0.0000,3418442.2500) accum=(17688.1172,0.0000,-22385.9668) grounded=0x40800000 linTerm=1.27157e-12
spd=1157.578 ctrl=(-18230.3320,0.0000,3417641.2500) accum=(18622.8262,0.0000,-22491.9512) grounded=0x40800000 linTerm=8.33333e-06
spd=1182.553 ctrl=(10610.3545,0.0000,3425551.7500) accum=(19048.6289,0.0000,-22764.4727) grounded=0x40800000 linTerm=8.33333e-06
spd=1210.457 ctrl=(10638.6797,0.0000,3434696.2500) accum=(17673.8203,0.0000,-22702.9062) grounded=0x40800000 linTerm=1.27157e-12
spd=1207.417 ctrl=(40194.3516,0.0000,3433302.5000) accum=(18706.6699,0.0000,-22848.7109) grounded=0x40800000 linTerm=8.33333e-06
spd=1232.253 ctrl=(70520.4141,0.0000,3440622.7500) accum=(19202.0547,0.0000,-23148.4082) grounded=0x40800000 linTerm=8.33333e-06
spd=1260.263 ctrl=(70709.3594,0.0000,3449841.2500) accum=(17660.3848,0.0000,-23044.1777) grounded=0x40800000 linTerm=1.27157e-12
spd=1256.961 ctrl=(101590.7188,0.0000,3447782.0000) accum=(18799.8066,0.0000,-23234.7500) grounded=0x40800000 linTerm=8.33333e-06
spd=1281.647 ctrl=(133397.2969,0.0000,3454433.5000) accum=(19372.5156,0.0000,-23565.7012) grounded=0x40800000 linTerm=8.33333e-06
spd=1309.759 ctrl=(133756.1562,0.0000,3463726.0000) accum=(17651.6992,0.0000,-23410.7656) grounded=0x40800000 linTerm=1.27157e-12
spd=1306.184 ctrl=(165948.9844,0.0000,3460927.7500) accum=(18906.6582,0.0000,-23651.8496) grounded=0x40800000 linTerm=8.33333e-06
spd=1330.710 ctrl=(199227.3438,0.0000,3466830.0000) accum=(19564.1719,0.0000,-24018.8770) grounded=0x40800000 linTerm=8.33333e-06
spd=1358.921 ctrl=(199765.4531,0.0000,3476193.7500) accum=(17650.0312,0.0000,-23803.8809) grounded=0x40800000 linTerm=1.27157e-12
spd=1355.065 ctrl=(233251.2344,0.0000,3472579.0000) accum=(19029.9102,0.0000,-24102.1328) grounded=0x40800000 linTerm=8.33333e-06
spd=1379.418 ctrl=(267988.2812,0.0000,3477649.5000) accum=(19779.5176,0.0000,-24510.4336) grounded=0x40800000 linTerm=8.33333e-06
spd=1407.725 ctrl=(268715.3438,0.0000,3487084.5000) accum=(17656.6582,0.0000,-24224.9902) grounded=0x40800000 linTerm=1.27157e-12
spd=1403.578 ctrl=(303471.5625,0.0000,3482576.7500) accum=(19171.1758,0.0000,-24587.8164) grounded=0x40800000 linTerm=8.33333e-06
spd=1427.748 ctrl=(339649.4375,0.0000,3486727.5000) accum=(20019.9395,0.0000,-25043.2012) grounded=0x40800000 linTerm=8.33333e-06
spd=1456.148 ctrl=(340575.2500,0.0000,3496232.0000) accum=(17672.1816,0.0000,-24675.6758) grounded=0x40800000 linTerm=1.27157e-12
spd=1451.700 ctrl=(376574.6562,0.0000,3490749.5000) accum=(19331.2871,0.0000,-25111.4980) grounded=0x40800000 linTerm=8.33333e-06
spd=1475.678 ctrl=(414170.8438,0.0000,3493894.7500) accum=(20139.0273,0.0000,-25572.6172) grounded=0x40800000 linTerm=8.33333e-06
spd=1504.167 ctrl=(415305.4375,0.0000,3503465.7500) accum=(17698.6582,0.0000,-25158.4453) grounded=0x40800000 linTerm=1.27157e-12
spd=1499.410 ctrl=(452412.4375,0.0000,3496942.2500) accum=(19501.5645,0.0000,-25673.5137) grounded=0x40800000 linTerm=8.33333e-06
spd=1523.185 ctrl=(490701.6562,0.0000,3499110.5000) accum=(19888.1055,0.0000,-26035.4629) grounded=0x40800000 linTerm=8.33333e-06
spd=1551.765 ctrl=(492052.6250,0.0000,3508744.2500) accum=(17682.5820,0.0000,-25658.6992) grounded=0x40800000 linTerm=1.27157e-12
spd=1546.693 ctrl=(529155.2500,0.0000,3501302.0000) accum=(19278.4590,0.0000,-26145.7070) grounded=0x40800000 linTerm=8.33333e-06
spd=1570.265 ctrl=(567627.8750,0.0000,3502554.5000) accum=(19515.9902,0.0000,-26482.0078) grounded=0x40800000 linTerm=8.33333e-06
spd=1598.943 ctrl=(569196.9375,0.0000,3512236.5000) accum=(17542.3672,0.0000,-26143.8301) grounded=0x40800000 linTerm=1.27157e-12
spd=1593.553 ctrl=(606271.3125,0.0000,3503869.7500) accum=(18859.6504,0.0000,-26575.7188) grounded=0x40800000 linTerm=8.33333e-06
spd=1616.919 ctrl=(644903.9375,0.0000,3504196.5000) accum=(19075.7871,0.0000,-26914.5273) grounded=0x40800000 linTerm=8.33333e-06
spd=1645.699 ctrl=(646691.8750,0.0000,3513911.5000) accum=(17328.9727,0.0000,-26619.0391) grounded=0x40800000 linTerm=1.27157e-12
spd=1639.987 ctrl=(683713.9375,0.0000,3504617.2500) accum=(18391.6191,0.0000,-26992.2402) grounded=0x40800000 linTerm=8.33333e-06
spd=1663.145 ctrl=(722482.7500,0.0000,3504009.7500) accum=(18594.3691,0.0000,-27334.1250) grounded=0x40800000 linTerm=8.33333e-06
spd=1692.028 ctrl=(724490.6875,0.0000,3513748.5000) accum=(16970.1719,0.0000,-27042.8867) grounded=0x40800000 linTerm=1.27157e-12
spd=1685.988 ctrl=(761435.6875,0.0000,3503522.7500) accum=(17892.4707,0.0000,-27396.0566) grounded=0x40800000 linTerm=8.33333e-06
spd=1708.932 ctrl=(800316.3750,0.0000,3501973.0000) accum=(18085.9199,0.0000,-27741.4648) grounded=0x40800000 linTerm=8.33333e-06
spd=1737.919 ctrl=(802545.6875,0.0000,3511727.7500) accum=(16472.8105,0.0000,-27420.2715) grounded=0x40800000 linTerm=1.27157e-12
spd=1731.547 ctrl=(839388.8125,0.0000,3500568.0000) accum=(17371.8496,0.0000,-27787.8320) grounded=0x40800000 linTerm=8.33333e-06
spd=1754.270 ctrl=(878356.9375,0.0000,3498069.7500) accum=(17558.0664,0.0000,-28136.9336) grounded=0x40800000 linTerm=8.33333e-06
spd=1783.361 ctrl=(880808.5000,0.0000,3507833.2500) accum=(15957.6133,0.0000,-27786.1445) grounded=0x40800000 linTerm=1.27157e-12
spd=1776.652 ctrl=(917524.9375,0.0000,3495738.5000) accum=(16835.0176,0.0000,-28167.7930) grounded=0x40800000 linTerm=8.33333e-06
spd=1799.149 ctrl=(956555.5625,0.0000,3492285.0000) accum=(17015.0039,0.0000,-28520.6934) grounded=0x40800000 linTerm=8.33333e-06
spd=1828.343 ctrl=(959230.5625,0.0000,3502051.2500) accum=(15428.1348,0.0000,-28140.6738) grounded=0x40800000 linTerm=1.27157e-12
spd=1821.292 ctrl=(995794.9375,0.0000,3489020.5000) accum=(16284.9160,0.0000,-28536.0781) grounded=0x40800000 linTerm=8.33333e-06
spd=1843.557 ctrl=(1034862.8750,0.0000,3484606.5000) accum=(16459.1367,0.0000,-28892.7461) grounded=0x40800000 linTerm=8.33333e-06
spd=1872.853 ctrl=(1037762.4375,0.0000,3494369.7500) accum=(14886.4580,0.0000,-28483.8809) grounded=0x40800000 linTerm=1.27157e-12
spd=1865.455 ctrl=(1074149.3750,0.0000,3480402.5000) accum=(15723.2803,0.0000,-28892.5957) grounded=0x40800000 linTerm=8.33333e-06
spd=1887.483 ctrl=(1113229.2500,0.0000,3475023.7500) accum=(15891.9023,0.0000,-29253.0801) grounded=0x40800000 linTerm=8.33333e-06
spd=1916.880 ctrl=(1116354.2500,0.0000,3484778.5000) accum=(14333.8701,0.0000,-28815.5723) grounded=0x40800000 linTerm=1.27157e-12
spd=1909.130 ctrl=(1152538.6250,0.0000,3469875.7500) accum=(15151.1777,0.0000,-29237.2539) grounded=0x40800000 linTerm=8.33333e-06
spd=1930.916 ctrl=(1191605.1250,0.0000,3463529.5000) accum=(15314.2637,0.0000,-29601.4961) grounded=0x40800000 linTerm=8.33333e-06
spd=1960.413 ctrl=(1194955.7500,0.0000,3473268.5000) accum=(13771.2637,0.0000,-29135.7383) grounded=0x40800000 linTerm=1.27157e-12
spd=1952.308 ctrl=(1230912.6250,0.0000,3457433.2500) accum=(14569.4102,0.0000,-29569.7676) grounded=0x40800000 linTerm=8.33333e-06
spd=1973.846 ctrl=(1269939.7500,0.0000,3450116.5000) accum=(14726.8896,0.0000,-29937.7559) grounded=0x40800000 linTerm=8.33333e-06
spd=2003.442 ctrl=(1273516.8750,0.0000,3459834.5000) accum=(13199.2344,0.0000,-29444.0449) grounded=0x40800000 linTerm=1.27157e-12
spd=1994.979 ctrl=(1309220.2500,0.0000,3443068.2500) accum=(13978.5029,0.0000,-29890.1426) grounded=0x40800000 linTerm=8.33333e-06
spd=2016.265 ctrl=(1348182.6250,0.0000,3434779.2500) accum=(14130.3174,0.0000,-30261.6895) grounded=0x40800000 linTerm=8.33333e-06
spd=2045.958 ctrl=(1351986.8750,0.0000,3444471.2500) accum=(12618.3281,0.0000,-29740.3555) grounded=0x40800000 linTerm=1.27157e-12
spd=2037.133 ctrl=(1387411.6250,0.0000,3426778.0000) accum=(13378.9512,0.0000,-30198.0879) grounded=0x40800000 linTerm=8.33333e-06
spd=2058.162 ctrl=(1426283.0000,0.0000,3417515.5000) accum=(13525.0176,0.0000,-30573.1465) grounded=0x40800000 linTerm=8.33333e-06
spd=2087.951 ctrl=(1430314.2500,0.0000,3427174.7500) accum=(12028.9961,0.0000,-30024.4844) grounded=0x40800000 linTerm=1.27157e-12
spd=2078.761 ctrl=(1465435.1250,0.0000,3408558.5000) accum=(12771.1787,0.0000,-30493.3809) grounded=0x40800000 linTerm=8.33333e-06
spd=2099.530 ctrl=(1504189.7500,0.0000,3398322.2500) accum=(12911.3760,0.0000,-30871.9023) grounded=0x40800000 linTerm=8.33333e-06
spd=2129.415 ctrl=(1508448.3750,0.0000,3407943.5000) accum=(11431.6299,0.0000,-30296.2441) grounded=0x40800000 linTerm=1.27157e-12
spd=1062.377 ctrl=(-473098.0625,0.0000,3354319.2500) accum=(17230.3164,0.0000,-17776.1172) grounded=0x40800000 linTerm=8.33333e-06
spd=1087.645 ctrl=(-448135.9062,0.0000,3365835.5000) accum=(20261.6758,0.0000,-20120.0996) grounded=0x40800000 linTerm=8.33333e-06
spd=1115.377 ctrl=(-449317.8125,0.0000,3374712.5000) accum=(19429.4766,0.0000,-20215.1094) grounded=0x40800000 linTerm=1.27157e-12
spd=1112.814 ctrl=(-422414.2188,0.0000,3377228.0000) accum=(20276.1719,0.0000,-20182.9590) grounded=0x40800000 linTerm=8.33333e-06
spd=1137.926 ctrl=(-395924.3125,0.0000,3388429.2500) accum=(20729.3438,0.0000,-20380.6895) grounded=0x40800000 linTerm=8.33333e-06
spd=1165.755 ctrl=(-396974.2188,0.0000,3397414.7500) accum=(19643.9297,0.0000,-20473.1250) grounded=0x40800000 linTerm=1.27157e-12
spd=1162.947 ctrl=(-368676.5312,0.0000,3399526.0000) accum=(20595.5195,0.0000,-20477.0723) grounded=0x40800000 linTerm=8.33333e-06
spd=1187.920 ctrl=(-340652.4062,0.0000,3410358.5000) accum=(21091.0078,0.0000,-20700.0684) grounded=0x40800000 linTerm=8.33333e-06
spd=1215.848 ctrl=(-341560.2812,0.0000,3419447.5000) accum=(19783.2324,0.0000,-20777.6113) grounded=0x40800000 linTerm=1.27157e-12
spd=1212.784 ctrl=(-311870.4688,0.0000,3421094.5000) accum=(20839.1953,0.0000,-20815.3770) grounded=0x40800000 linTerm=8.33333e-06
spd=1237.612 ctrl=(-282306.4688,0.0000,3431486.7500) accum=(21392.6426,0.0000,-21061.8262) grounded=0x40800000 linTerm=8.33333e-06
spd=1265.640 ctrl=(-283062.2812,0.0000,3440673.7500) accum=(19877.0742,0.0000,-21115.4961) grounded=0x40800000 linTerm=1.27157e-12
spd=1262.311 ctrl=(-251984.5000,0.0000,3441786.7500) accum=(21044.4160,0.0000,-21188.8516) grounded=0x40800000 linTerm=8.33333e-06
spd=1286.984 ctrl=(-220877.8438,0.0000,3451660.0000) accum=(21669.8320,0.0000,-21460.1953) grounded=0x40800000 linTerm=8.33333e-06
spd=1315.111 ctrl=(-221471.8594,0.0000,3460942.2500) accum=(19948.4785,0.0000,-21481.9453) grounded=0x40800000 linTerm=1.27157e-12
spd=1311.508 ctrl=(-189013.2812,0.0000,3461447.7500) accum=(21236.5234,0.0000,-21594.8086) grounded=0x40800000 linTerm=8.33333e-06
spd=1336.017 ctrl=(-156364.9531,0.0000,3470720.2500) accum=(21945.6152,0.0000,-21894.1523) grounded=0x40800000 linTerm=8.33333e-06
spd=1364.241 ctrl=(-156787.3594,0.0000,3480096.0000) accum=(20012.1816,0.0000,-21875.6074) grounded=0x40800000 linTerm=1.27157e-12
spd=1360.354 ctrl=(-122958.9609,0.0000,3479916.5000) accum=(21431.1172,0.0000,-22033.2344) grounded=0x40800000 linTerm=8.33333e-06
spd=1384.690 ctrl=(-88773.6406,0.0000,3488503.7500) accum=(22233.9492,0.0000,-22364.7949) grounded=0x40800000 linTerm=8.33333e-06
spd=1413.008 ctrl=(-89014.5469,0.0000,3497970.7500) accum=(20077.0703,0.0000,-22296.9238) grounded=0x40800000 linTerm=1.27157e-12
spd=1408.829 ctrl=(-53831.2148,0.0000,3497026.5000) accum=(21637.5254,0.0000,-22505.6094) grounded=0x40800000 linTerm=8.33333e-06
spd=1432.980 ctrl=(-18118.2402,0.0000,3504840.7500) accum=(22543.0273,0.0000,-22874.3145) grounded=0x40800000 linTerm=8.33333e-06
spd=1461.390 ctrl=(-18167.6465,0.0000,3514397.7500) accum=(20148.2129,0.0000,-22746.9922) grounded=0x40800000 linTerm=1.27157e-12
spd=1456.909 ctrl=(18351.4707,0.0000,3512604.2500) accum=(21861.1035,0.0000,-23014.0977) grounded=0x40800000 linTerm=8.33333e-06
spd=1480.866 ctrl=(55578.2070,0.0000,3519556.7500) accum=(22677.1016,0.0000,-23384.7090) grounded=0x40800000 linTerm=8.33333e-06
spd=1509.364 ctrl=(55730.5273,0.0000,3529202.2500) accum=(20230.9980,0.0000,-23228.2031) grounded=0x40800000 linTerm=1.27157e-12
spd=1504.574 ctrl=(93326.6875,0.0000,3526486.7500) accum=(22082.1973,0.0000,-23557.6172) grounded=0x40800000 linTerm=8.33333e-06
spd=1528.327 ctrl=(131211.9219,0.0000,3532541.2500) accum=(22461.7402,0.0000,-23871.0371) grounded=0x40800000 linTerm=8.33333e-06
spd=1556.917 ctrl=(131573.3438,0.0000,3542271.5000) accum=(20253.5312,0.0000,-23727.3809) grounded=0x40800000 linTerm=1.27157e-12
spd=1551.811 ctrl=(169258.6406,0.0000,3538640.5000) accum=(21861.5254,0.0000,-24043.1426) grounded=0x40800000 linTerm=8.33333e-06
spd=1575.361 ctrl=(207419.5000,0.0000,3543803.0000) accum=(22130.5078,0.0000,-24353.3809) grounded=0x40800000 linTerm=8.33333e-06
spd=1604.050 ctrl=(207993.0312,0.0000,3553601.7500) accum=(20156.8496,0.0000,-24224.4766) grounded=0x40800000 linTerm=1.27157e-12
spd=1598.625 ctrl=(245744.0625,0.0000,3549047.7500) accum=(21484.2500,0.0000,-24513.7539) grounded=0x40800000 linTerm=8.33333e-06
spd=1621.969 ctrl=(284158.2188,0.0000,3553304.7500) accum=(21733.1406,0.0000,-24828.6641) grounded=0x40800000 linTerm=8.33333e-06
spd=1650.761 ctrl=(284946.2500,0.0000,3563158.5000) accum=(19989.3535,0.0000,-24719.2930) grounded=0x40800000 linTerm=1.27157e-12
spd=1645.013 ctrl=(322739.2188,0.0000,3557675.2500) accum=(21058.6484,0.0000,-24975.8496) grounded=0x40800000 linTerm=8.33333e-06
spd=1668.148 ctrl=(361383.9062,0.0000,3561016.7500) accum=(21294.9844,0.0000,-25295.2070) grounded=0x40800000 linTerm=8.33333e-06
spd=1697.042 ctrl=(362388.5625,0.0000,3570916.5000) accum=(19650.1094,0.0000,-25171.6465) grounded=0x40800000 linTerm=1.27157e-12
spd=1690.967 ctrl=(400199.4688,0.0000,3564498.5000) accum=(20601.8418,0.0000,-25428.5000) grounded=0x40800000 linTerm=8.33333e-06
spd=1713.887 ctrl=(439051.0625,0.0000,3566912.7500) accum=(20829.5273,0.0000,-25752.3438) grounded=0x40800000 linTerm=8.33333e-06
spd=1742.885 ctrl=(440274.4062,0.0000,3576851.2500) accum=(19192.7402,0.0000,-25597.8477) grounded=0x40800000 linTerm=1.27157e-12
spd=1736.477 ctrl=(478078.7500,0.0000,3569493.0000) accum=(20123.0176,0.0000,-25871.4336) grounded=0x40800000 linTerm=8.33333e-06
spd=1759.176 ctrl=(517113.7500,0.0000,3570972.2500) accum=(20344.0176,0.0000,-26199.6426) grounded=0x40800000 linTerm=8.33333e-06
spd=1788.278 ctrl=(518557.3750,0.0000,3580941.2500) accum=(18716.8105,0.0000,-26014.4141) grounded=0x40800000 linTerm=1.27157e-12
spd=1781.532 ctrl=(556330.5625,0.0000,3572640.0000) accum=(19627.1641,0.0000,-26304.2461) grounded=0x40800000 linTerm=8.33333e-06
spd=1804.004 ctrl=(595524.5625,0.0000,3573174.0000) accum=(19842.4121,0.0000,-26636.8789) grounded=0x40800000 linTerm=8.33333e-06
spd=1833.209 ctrl=(597190.5000,0.0000,3583169.2500) accum=(18225.7344,0.0000,-26421.1992) grounded=0x40800000 linTerm=1.27157e-12
spd=1826.120 ctrl=(634907.3750,0.0000,3573920.2500) accum=(19117.0801,0.0000,-26726.7617) grounded=0x40800000 linTerm=8.33333e-06
spd=1848.360 ctrl=(674236.1250,0.0000,3573503.0000) accum=(19327.0117,0.0000,-27063.8379) grounded=0x40800000 linTerm=8.33333e-06
spd=1877.667 ctrl=(676125.5000,0.0000,3583517.0000) accum=(17721.4883,0.0000,-26817.9219) grounded=0x40800000 linTerm=1.27157e-12
spd=1870.231 ctrl=(713761.1250,0.0000,3573318.7500) accum=(18594.4141,0.0000,-27138.7754) grounded=0x40800000 linTerm=8.33333e-06
spd=1892.233 ctrl=(753199.7500,0.0000,3571943.0000) accum=(18799.1836,0.0000,-27480.2207) grounded=0x40800000 linTerm=8.33333e-06
spd=1921.641 ctrl=(755314.2500,0.0000,3581970.7500) accum=(17205.2988,0.0000,-27204.3828) grounded=0x40800000 linTerm=1.27157e-12
spd=1913.853 ctrl=(792843.4375,0.0000,3570822.0000) accum=(18060.2051,0.0000,-27540.0273) grounded=0x40800000 linTerm=8.33333e-06
spd=1935.612 ctrl=(832366.6875,0.0000,3568480.5000) accum=(18259.8359,0.0000,-27885.7227) grounded=0x40800000 linTerm=8.33333e-06
spd=1965.120 ctrl=(834707.7500,0.0000,3578517.2500) accum=(16677.9824,0.0000,-27580.2871) grounded=0x40800000 linTerm=1.27157e-12
spd=1956.976 ctrl=(872104.7500,0.0000,3566415.7500) accum=(17515.1465,0.0000,-27930.2559) grounded=0x40800000 linTerm=8.33333e-06
spd=1978.487 ctrl=(911687.6250,0.0000,3563104.7500) accum=(17709.5977,0.0000,-28280.2578) grounded=0x40800000 linTerm=8.33333e-06
spd=2008.094 ctrl=(914256.1875,0.0000,3573143.2500) accum=(16140.1348,0.0000,-27945.4453) grounded=0x40800000 linTerm=1.27157e-12
spd=1999.591 ctrl=(951495.6250,0.0000,3560090.5000) accum=(16959.8008,0.0000,-28309.2676) grounded=0x40800000 linTerm=8.33333e-06
spd=2020.849 ctrl=(1127360.0000,0.0000,4044618.5000) accum=(17148.9844,0.0000,-28663.4590) grounded=0x40800000 linTerm=8.33333e-06
spd=2054.721 ctrl=(1130569.3750,0.0000,4056133.2500) accum=(15525.7812,0.0000,-28280.2168) grounded=0x40800000 linTerm=1.27157e-12
spd=2045.826 ctrl=(1172821.0000,0.0000,4040548.7500) accum=(16341.0195,0.0000,-28661.4062) grounded=0x40800000 linTerm=8.33333e-06
spd=2070.942 ctrl=(1218022.2500,0.0000,4034971.0000) accum=(16445.2129,0.0000,-28999.8828) grounded=0x40800000 linTerm=8.33333e-06
spd=2104.944 ctrl=(1221488.0000,0.0000,4046452.5000) accum=(14886.6689,0.0000,-28596.4082) grounded=0x40800000 linTerm=1.27157e-12
spd=2095.618 ctrl=(1263513.6250,0.0000,4029768.0000) accum=(15700.6494,0.0000,-28995.9824) grounded=0x40800000 linTerm=8.33333e-06
spd=2120.428 ctrl=(1308707.8750,0.0000,4023055.0000) accum=(15817.1172,0.0000,-29341.6660) grounded=0x40800000 linTerm=8.33333e-06
spd=2154.552 ctrl=(1312434.0000,0.0000,4034509.2500) accum=(14282.9033,0.0000,-28912.0059) grounded=0x40800000 linTerm=1.27157e-12
spd=2144.786 ctrl=(1354204.3750,0.0000,4016731.5000) accum=(15087.1289,0.0000,-29327.2305) grounded=0x40800000 linTerm=8.33333e-06
spd=2169.280 ctrl=(1399361.6250,0.0000,4008883.2500) accum=(15207.7695,0.0000,-29678.3633) grounded=0x40800000 linTerm=8.33333e-06
spd=2203.521 ctrl=(1403351.0000,0.0000,4020311.7500) accum=(13693.7559,0.0000,-29222.4375) grounded=0x40800000 linTerm=1.27157e-12
spd=2193.308 ctrl=(1444835.6250,0.0000,4001442.0000) accum=(14483.8418,0.0000,-29651.5449) grounded=0x40800000 linTerm=8.33333e-06
spd=2217.479 ctrl=(1489925.0000,0.0000,3992456.0000) accum=(14604.2812,0.0000,-30007.0254) grounded=0x40800000 linTerm=8.33333e-06
spd=2251.832 ctrl=(1494179.7500,0.0000,4003857.0000) accum=(13108.3682,0.0000,-29524.9004) grounded=0x40800000 linTerm=1.27157e-12
spd=2241.169 ctrl=(1535348.6250,0.0000,3983900.2500) accum=(13882.0654,0.0000,-29966.6719) grounded=0x40800000 linTerm=8.33333e-06
spd=2265.008 ctrl=(1580341.0000,0.0000,3973778.5000) accum=(13999.9521,0.0000,-30325.8711) grounded=0x40800000 linTerm=8.33333e-06
spd=2299.471 ctrl=(1584861.3750,0.0000,3985145.0000) accum=(12521.1240,0.0000,-29817.6699) grounded=0x40800000 linTerm=1.27157e-12
spd=2288.355 ctrl=(1625684.8750,0.0000,3964107.5000) accum=(13277.3242,0.0000,-30271.2383) grounded=0x40800000 linTerm=8.33333e-06
spd=2311.858 ctrl=(1670549.2500,0.0000,3952849.7500) accum=(13391.3320,0.0000,-30633.6387) grounded=0x40800000 linTerm=8.33333e-06
spd=2346.429 ctrl=(1675336.6250,0.0000,3964177.7500) accum=(11929.1318,0.0000,-30099.5371) grounded=0x40800000 linTerm=1.27157e-12
spd=2334.855 ctrl=(1715784.8750,0.0000,3942066.0000) accum=(12667.3594,0.0000,-30564.1992) grounded=0x40800000 linTerm=8.33333e-06
spd=2358.018 ctrl=(1760489.7500,0.0000,3929670.7500) accum=(12776.7490,0.0000,-30929.5977) grounded=0x40800000 linTerm=8.33333e-06
spd=2392.695 ctrl=(1765544.6250,0.0000,3940954.0000) accum=(11331.0498,0.0000,-30369.8965) grounded=0x40800000 linTerm=1.27157e-12
spd=2380.662 ctrl=(1805588.1250,0.0000,3917774.0000) accum=(12051.1357,0.0000,-30845.0449) grounded=0x40800000 linTerm=8.33333e-06
spd=2403.480 ctrl=(1850102.6250,0.0000,3904243.5000) accum=(12155.4766,0.0000,-31213.2559) grounded=0x40800000 linTerm=8.33333e-06
spd=2438.261 ctrl=(1855425.3750,0.0000,3915476.2500) accum=(10726.3154,0.0000,-30628.0469) grounded=0x40800000 linTerm=1.27157e-12
spd=2425.767 ctrl=(1895035.0000,0.0000,3891238.0000) accum=(11428.2588,0.0000,-31113.2246) grounded=0x40800000 linTerm=8.33333e-06
spd=2448.237 ctrl=(1939329.3750,0.0000,3876576.2500) accum=(11527.2656,0.0000,-31484.1660) grounded=0x40800000 linTerm=8.33333e-06
spd=2483.120 ctrl=(1944918.7500,0.0000,3887749.2500) accum=(10114.7754,0.0000,-30873.7930) grounded=0x40800000 linTerm=1.27157e-12
spd=2470.163 ctrl=(1984064.3750,0.0000,3862459.2500) accum=(10798.6533,0.0000,-31368.5410) grounded=0x40800000 linTerm=8.33333e-06
spd=2492.282 ctrl=(2028108.3750,0.0000,3846671.2500) accum=(10892.1670,0.0000,-31741.9961) grounded=0x40800000 linTerm=8.33333e-06
spd=2527.266 ctrl=(2033964.3750,0.0000,3857778.0000) accum=(9496.5293,0.0000,-31106.6973) grounded=0x40800000 linTerm=1.27157e-12
spd=2513.845 ctrl=(2072616.8750,0.0000,3831446.7500) accum=(10162.4541,0.0000,-31610.6699) grounded=0x40800000 linTerm=8.33333e-06
spd=2535.611 ctrl=(2116380.2500,0.0000,3814536.5000) accum=(10250.3604,0.0000,-31986.5664) grounded=0x40800000 linTerm=8.33333e-06
spd=2570.694 ctrl=(2122502.7500,0.0000,3825571.2500) accum=(8871.7793,0.0000,-31326.6328) grounded=0x40800000 linTerm=1.27157e-12
spd=2556.810 ctrl=(2160634.0000,0.0000,3798210.7500) accum=(9519.9170,0.0000,-31839.3457) grounded=0x40800000 linTerm=8.33333e-06
spd=2578.220 ctrl=(2204085.7500,0.0000,3780183.7500) accum=(9602.0918,0.0000,-32217.5977) grounded=0x40800000 linTerm=8.33333e-06
spd=2613.400 ctrl=(2210473.5000,0.0000,3791138.5000) accum=(8240.8203,0.0000,-31533.3535) grounded=0x40800000 linTerm=1.27157e-12
spd=1303.190 ctrl=(-1541667.7500,0.0000,3661088.0000) accum=(28633.4316,0.0000,-15164.8984) grounded=0x40800000 linTerm=8.33333e-06
spd=1331.987 ctrl=(-1510245.7500,0.0000,3683925.2500) accum=(25568.6562,0.0000,-14066.3906) grounded=0x40800000 linTerm=8.33333e-06
spd=1364.508 ctrl=(-1514254.5000,0.0000,3693704.0000) accum=(24484.8633,0.0000,-14443.8838) grounded=0x40800000 linTerm=1.27157e-12
spd=1360.666 ctrl=(-1477770.3750,0.0000,3706804.2500) accum=(25831.4707,0.0000,-14091.5576) grounded=0x40800000 linTerm=8.33333e-06
spd=1389.246 ctrl=(-1444170.6250,0.0000,3729541.2500) accum=(26787.8281,0.0000,-14091.3701) grounded=0x40800000 linTerm=8.33333e-06
spd=1421.841 ctrl=(-1448049.0000,0.0000,3739557.0000) accum=(25211.5957,0.0000,-14595.9170) grounded=0x40800000 linTerm=1.27157e-12
spd=1417.646 ctrl=(-1409552.6250,0.0000,3752395.2500) accum=(26778.0352,0.0000,-14245.5049) grounded=0x40800000 linTerm=8.33333e-06
spd=1445.980 ctrl=(-1373759.7500,0.0000,3774950.2500) accum=(27809.3066,0.0000,-14271.0205) grounded=0x40800000 linTerm=8.33333e-06
spd=1478.657 ctrl=(-1377487.0000,0.0000,3785192.0000) accum=(25800.7500,0.0000,-14863.1455) grounded=0x40800000 linTerm=1.27157e-12
spd=1474.098 ctrl=(-1336973.3750,0.0000,3797678.0000) accum=(27574.0469,0.0000,-14515.5781) grounded=0x40800000 linTerm=8.33333e-06
spd=1502.183 ctrl=(-1299156.2500,0.0000,3819879.2500) accum=(28684.9219,0.0000,-14561.2021) grounded=0x40800000 linTerm=8.33333e-06
spd=1534.949 ctrl=(-1302712.8750,0.0000,3830336.2500) accum=(26286.6797,0.0000,-15211.5352) grounded=0x40800000 linTerm=1.27157e-12
spd=1530.017 ctrl=(-1261137.1250,0.0000,3842069.7500) accum=(28186.6992,0.0000,-14885.1191) grounded=0x40800000 linTerm=8.33333e-06
spd=1557.851 ctrl=(-1222648.1250,0.0000,3863428.5000) accum=(28822.0801,0.0000,-15030.7773) grounded=0x40800000 linTerm=8.33333e-06
spd=1590.721 ctrl=(-1226019.2500,0.0000,3874080.5000) accum=(26586.6133,0.0000,-15636.6973) grounded=0x40800000 linTerm=1.27157e-12
spd=1585.412 ctrl=(-1183984.2500,0.0000,3884853.2500) accum=(28393.0469,0.0000,-15360.0146) grounded=0x40800000 linTerm=8.33333e-06
spd=1612.996 ctrl=(-1144843.5000,0.0000,3905351.0000) accum=(28727.0664,0.0000,-15571.4629) grounded=0x40800000 linTerm=8.33333e-06
spd=1645.979 ctrl=(-1148016.0000,0.0000,3916173.0000) accum=(26743.6934,0.0000,-16111.5244) grounded=0x40800000 linTerm=1.27157e-12
spd=1640.288 ctrl=(-1105544.1250,0.0000,3925967.7500) accum=(28237.7617,0.0000,-15912.1230) grounded=0x40800000 linTerm=8.33333e-06
spd=1667.621 ctrl=(-1065771.5000,0.0000,3945583.2500) accum=(28547.8594,0.0000,-16135.8799) grounded=0x40800000 linTerm=8.33333e-06
spd=1700.723 ctrl=(-1068736.0000,0.0000,3956558.0000) accum=(26817.4570,0.0000,-16615.0527) grounded=0x40800000 linTerm=1.27157e-12
spd=1694.642 ctrl=(-1025851.2500,0.0000,3965359.5000) accum=(28020.4883,0.0000,-16477.9258) grounded=0x40800000 linTerm=8.33333e-06
spd=1721.717 ctrl=(-985466.3750,0.0000,3984069.0000) accum=(28316.8359,0.0000,-16710.1445) grounded=0x40800000 linTerm=8.33333e-06
spd=1754.939 ctrl=(-988216.4375,0.0000,3995187.0000) accum=(26731.7793,0.0000,-17138.6855) grounded=0x40800000 linTerm=1.27157e-12
spd=1748.463 ctrl=(-944942.8125,0.0000,4002978.2500) accum=(27763.2598,0.0000,-17048.3730) grounded=0x40800000 linTerm=8.33333e-06
spd=1775.273 ctrl=(-903967.3125,0.0000,4020761.0000) accum=(28051.0664,0.0000,-17287.2051) grounded=0x40800000 linTerm=8.33333e-06
spd=1808.616 ctrl=(-906496.9375,0.0000,4032012.2500) accum=(26464.6543,0.0000,-17684.6562) grounded=0x40800000 linTerm=1.27157e-12
spd=1801.737 ctrl=(-862859.5000,0.0000,4038777.2500) accum=(27477.7754,0.0000,-17618.9023) grounded=0x40800000 linTerm=8.33333e-06
spd=1828.273 ctrl=(-821315.6250,0.0000,4055613.2500) accum=(27759.7285,0.0000,-17863.4277) grounded=0x40800000 linTerm=8.33333e-06
spd=1861.737 ctrl=(-823619.8125,0.0000,4066991.0000) accum=(26173.6738,0.0000,-18229.3535) grounded=0x40800000 linTerm=1.27157e-12
spd=1854.447 ctrl=(-779643.8750,0.0000,4072716.5000) accum=(27170.3281,0.0000,-18186.8418) grounded=0x40800000 linTerm=8.33333e-06
spd=1880.702 ctrl=(-737555.0000,0.0000,4088585.0000) accum=(27447.8145,0.0000,-18436.6719) grounded=0x40800000 linTerm=8.33333e-06
spd=1914.286 ctrl=(-739629.1875,0.0000,4100083.2500) accum=(25863.1445,0.0000,-18770.9629) grounded=0x40800000 linTerm=1.27157e-12
spd=1906.578 ctrl=(-695341.0000,0.0000,4104756.0000) accum=(26844.4121,0.0000,-18750.7891) grounded=0x40800000 linTerm=8.33333e-06
spd=1932.544 ctrl=(-652730.9375,0.0000,4119638.7500) accum=(27118.0645,0.0000,-19005.6543) grounded=0x40800000 linTerm=8.33333e-06
spd=1966.247 ctrl=(-654570.8750,0.0000,4131251.7500) accum=(25535.4219,0.0000,-19308.3633) grounded=0x40800000 linTerm=1.27157e-12
spd=1958.115 ctrl=(-609996.9375,0.0000,4134856.5000) accum=(26502.0176,0.0000,-19309.8242) grounded=0x40800000 linTerm=8.33333e-06
spd=1983.783 ctrl=(-566890.3125,0.0000,4148736.7500) accum=(26772.0840,0.0000,-19569.4883) grounded=0x40800000 linTerm=8.33333e-06
spd=2017.604 ctrl=(-568491.8750,0.0000,4160457.5000) accum=(25192.0098,0.0000,-19840.8633) grounded=0x40800000 linTerm=1.27157e-12
spd=2009.042 ctrl=(-523659.7812,0.0000,4162984.7500) accum=(26144.3066,0.0000,-19863.1152) grounded=0x40800000 linTerm=8.33333e-06
spd=2034.407 ctrl=(-480081.9688,0.0000,4175845.0000) accum=(26410.9160,0.0000,-20127.6406) grounded=0x40800000 linTerm=8.33333e-06
spd=2068.344 ctrl=(-481441.3438,0.0000,4187669.2500) accum=(24833.7441,0.0000,-20367.8086) grounded=0x40800000 linTerm=1.27157e-12
spd=2059.347 ctrl=(-436378.5312,0.0000,4189105.5000) accum=(25772.0586,0.0000,-20410.2383) grounded=0x40800000 linTerm=8.33333e-06
spd=2084.400 ctrl=(-392355.3438,0.0000,4200931.0000) accum=(26035.1855,0.0000,-20679.5391) grounded=0x40800000 linTerm=8.33333e-06
spd=2118.451 ctrl=(-393468.7500,0.0000,4212852.0000) accum=(24461.2559,0.0000,-20888.6855) grounded=0x40800000 linTerm=1.27157e-12
spd=2109.014 ctrl=(-348203.5312,0.0000,4213188.0000) accum=(25385.7891,0.0000,-20950.7344) grounded=0x40800000 linTerm=8.33333e-06
spd=2133.750 ctrl=(-303761.5938,0.0000,4223962.5000) accum=(25645.3652,0.0000,-21224.7148) grounded=0x40800000 linTerm=8.33333e-06
spd=2167.914 ctrl=(-304625.3750,0.0000,4235973.5000) accum=(24075.0391,0.0000,-21403.0918) grounded=0x40800000 linTerm=1.27157e-12
spd=2158.031 ctrl=(-259186.2969,0.0000,4235200.0000) accum=(24985.9258,0.0000,-21484.1191) grounded=0x40800000 linTerm=8.33333e-06
spd=2182.444 ctrl=(-214352.5312,0.0000,4244909.5000) accum=(25241.9219,0.0000,-21762.8438) grounded=0x40800000 linTerm=8.33333e-06
spd=2216.720 ctrl=(-214963.2812,0.0000,4257004.5000) accum=(23675.4316,0.0000,-21910.5352) grounded=0x40800000 linTerm=1.27157e-12
spd=2206.388 ctrl=(-169379.4688,0.0000,4255112.5000) accum=(24572.7988,0.0000,-22010.0410) grounded=0x40800000 linTerm=8.33333e-06
spd=2230.472 ctrl=(-124181.2734,0.0000,4263744.5000) accum=(24825.0801,0.0000,-22293.3945) grounded=0x40800000 linTerm=8.33333e-06
spd=2264.858 ctrl=(-124535.9062,0.0000,4275917.5000) accum=(23262.7852,0.0000,-22410.6875) grounded=0x40800000 linTerm=1.27157e-12
spd=2254.073 ctrl=(-78836.7422,0.0000,4272900.5000) accum=(24146.7305,0.0000,-22528.1699) grounded=0x40800000 linTerm=8.33333e-06
spd=2277.823 ctrl=(-33302.1406,0.0000,4280441.5000) accum=(24395.2227,0.0000,-22816.1348) grounded=0x40800000 linTerm=8.33333e-06
spd=2312.318 ctrl=(-33397.4258,0.0000,4292689.0000) accum=(22837.3750,0.0000,-22903.0957) grounded=0x40800000 linTerm=1.27157e-12
spd=2301.078 ctrl=(12387.3691,0.0000,4288538.5000) accum=(23707.9473,0.0000,-23038.0273) grounded=0x40800000 linTerm=8.33333e-06
spd=2324.490 ctrl=(58230.0469,0.0000,4294976.5000) accum=(23952.5859,0.0000,-23330.6660) grounded=0x40800000 linTerm=8.33333e-06
spd=2359.091 ctrl=(58396.9883,0.0000,4307290.0000) accum=(22399.5273,0.0000,-23387.5449) grounded=0x40800000 linTerm=1.27157e-12
spd=2347.393 ctrl=(104237.5859,0.0000,4302003.5000) accum=(23256.8047,0.0000,-23539.4375) grounded=0x40800000 linTerm=8.33333e-06
spd=2370.462 ctrl=(150359.4531,0.0000,4307326.0000) accum=(23497.4570,0.0000,-23836.6348) grounded=0x40800000 linTerm=8.33333e-06
spd=2405.168 ctrl=(150791.3750,0.0000,4319699.5000) accum=(21949.5020,0.0000,-23863.6016) grounded=0x40800000 linTerm=1.27157e-12
spd=2393.010 ctrl=(196657.5469,0.0000,4313269.5000) accum=(22793.5254,0.0000,-24032.0156) grounded=0x40800000 linTerm=8.33333e-06
spd=2415.734 ctrl=(243029.5469,0.0000,4317470.5000) accum=(23030.1035,0.0000,-24333.6875) grounded=0x40800000 linTerm=8.33333e-06
spd=2450.543 ctrl=(243729.0156,0.0000,4329897.0000) accum=(21487.5586,0.0000,-24330.9238) grounded=0x40800000 linTerm=1.27157e-12
spd=2437.923 ctrl=(289590.3438,0.0000,4322319.5000) accum=(22318.3809,0.0000,-24515.3887) grounded=0x40800000 linTerm=8.33333e-06
spd=2460.298 ctrl=(336183.0938,0.0000,4325390.0000) accum=(22550.7773,0.0000,-24821.5840) grounded=0x40800000 linTerm=8.33333e-06
spd=2495.209 ctrl=(337152.4688,0.0000,4337862.0000) accum=(21013.9883,0.0000,-24789.2305) grounded=0x40800000 linTerm=1.27157e-12
spd=2482.125 ctrl=(382978.6250,0.0000,4329137.5000) accum=(21831.6445,0.0000,-24989.3789) grounded=0x40800000 linTerm=8.33333e-06
spd=2504.149 ctrl=(429762.1562,0.0000,4331066.5000) accum=(22059.7617,0.0000,-25299.9590) grounded=0x40800000 linTerm=8.33333e-06
spd=2539.160 ctrl=(431003.6875,0.0000,4343579.0000) accum=(20529.0430,0.0000,-25238.2031) grounded=0x40800000 linTerm=1.27157e-12
spd=2525.613 ctrl=(476764.0625,0.0000,4333704.0000) accum=(21333.5391,0.0000,-25453.5156) grounded=0x40800000 linTerm=8.33333e-06
spd=2547.282 ctrl=(523708.6875,0.0000,4334487.5000) accum=(21557.3027,0.0000,-25768.5527) grounded=0x40800000 linTerm=8.33333e-06
spd=2582.391 ctrl=(525224.3750,0.0000,4347032.0000) accum=(20033.0059,0.0000,-25677.5527) grounded=0x40800000 linTerm=1.27157e-12
spd=2568.381 ctrl=(570888.1250,0.0000,4336006.5000) accum=(20824.3555,0.0000,-25907.6953) grounded=0x40800000 linTerm=8.33333e-06
spd=2589.694 ctrl=(617963.5000,0.0000,4335637.0000) accum=(21043.6699,0.0000,-26227.0371) grounded=0x40800000 linTerm=8.33333e-06
spd=2624.900 ctrl=(619755.1875,0.0000,4348207.0000) accum=(19526.1172,0.0000,-26106.9473) grounded=0x40800000 linTerm=1.27157e-12
spd=2610.426 ctrl=(665291.5625,0.0000,4336030.0000) accum=(20304.3555,0.0000,-26351.4863) grounded=0x40800000 linTerm=8.33333e-06
spd=2631.382 ctrl=(712467.7500,0.0000,4334505.0000) accum=(20519.1270,0.0000,-26675.1543) grounded=0x40800000 linTerm=8.33333e-06
spd=2666.683 ctrl=(714536.7500,0.0000,4347092.0000) accum=(19008.6816,0.0000,-26526.1777) grounded=0x40800000 linTerm=1.27157e-12
spd=2651.745 ctrl=(759915.1250,0.0000,4333767.0000) accum=(19773.8125,0.0000,-26784.7480) grounded=0x40800000 linTerm=8.33333e-06
spd=2672.344 ctrl=(807161.3750,0.0000,4331080.0000) accum=(19983.9473,0.0000,-27112.6934) grounded=0x40800000 linTerm=8.33333e-06
spd=2707.738 ctrl=(809509.5625,0.0000,4343680.0000) accum=(18480.9434,0.0000,-26934.8867) grounded=0x40800000 linTerm=1.27157e-12
spd=2692.338 ctrl=(854699.1875,0.0000,4329206.5000) accum=(19232.9727,0.0000,-27207.1250) grounded=0x40800000 linTerm=8.33333e-06
spd=2712.578 ctrl=(901984.8125,0.0000,4325354.5000) accum=(19438.3770,0.0000,-27539.3125) grounded=0x40800000 linTerm=8.33333e-06
spd=2748.063 ctrl=(904613.5625,0.0000,4337960.5000) accum=(17943.1953,0.0000,-27332.8887) grounded=0x40800000 linTerm=1.27157e-12
spd=2732.203 ctrl=(949583.2500,0.0000,4322341.5000) accum=(18682.1250,0.0000,-27618.4238) grounded=0x40800000 linTerm=8.33333e-06
spd=2752.083 ctrl=(996878.0000,0.0000,4317323.5000) accum=(18882.7207,0.0000,-27954.8008) grounded=0x40800000 linTerm=8.33333e-06
spd=2787.658 ctrl=(999788.0625,0.0000,4329926.5000) accum=(17395.6973,0.0000,-27719.8848) grounded=0x40800000 linTerm=1.27157e-12
spd=2771.339 ctrl=(1044507.8125,0.0000,4313167.0000) accum=(18121.5352,0.0000,-28018.3535) grounded=0x40800000 linTerm=8.33333e-06
spd=2790.860 ctrl=(1091781.0000,0.0000,4306982.0000) accum=(18317.2168,0.0000,-28358.8457) grounded=0x40800000 linTerm=8.33333e-06
spd=2826.523 ctrl=(1094973.1250,0.0000,4319575.0000) accum=(16838.7480,0.0000,-28095.6406) grounded=0x40800000 linTerm=1.27157e-12
spd=2809.748 ctrl=(1139412.7500,0.0000,4301682.0000) accum=(17551.4863,0.0000,-28406.7109) grounded=0x40800000 linTerm=8.33333e-06
spd=2828.910 ctrl=(1186633.5000,0.0000,4294328.5000) accum=(17742.1504,0.0000,-28751.2754) grounded=0x40800000 linTerm=8.33333e-06
spd=2864.660 ctrl=(1190108.6250,0.0000,4306904.5000) accum=(16272.6104,0.0000,-28459.9199) grounded=0x40800000 linTerm=1.27157e-12
spd=2847.429 ctrl=(1234237.3750,0.0000,4287881.5000) accum=(16972.2441,0.0000,-28783.2480) grounded=0x40800000 linTerm=8.33333e-06
spd=2866.235 ctrl=(1281375.3750,0.0000,4279361.0000) accum=(17157.8066,0.0000,-29131.8438) grounded=0x40800000 linTerm=8.33333e-06
spd=2902.068 ctrl=(1285133.7500,0.0000,4291913.0000) accum=(15697.5664,0.0000,-28812.5137) grounded=0x40800000 linTerm=1.27157e-12
spd=2884.387 ctrl=(1328922.3750,0.0000,4271769.0000) accum=(16384.1094,0.0000,-29147.7539) grounded=0x40800000 linTerm=8.33333e-06
spd=2902.835 ctrl=(1375946.8750,0.0000,4262082.5000) accum=(16564.4668,0.0000,-29500.3086) grounded=0x40800000 linTerm=8.33333e-06
spd=2938.752 ctrl=(1379988.5000,0.0000,4274602.0000) accum=(15113.9219,0.0000,-29153.1758) grounded=0x40800000 linTerm=1.27157e-12
spd=2920.623 ctrl=(1423406.6250,0.0000,4253344.5000) accum=(15787.3477,0.0000,-29500.0137) grounded=0x40800000 linTerm=8.33333e-06
spd=2938.716 ctrl=(1470287.7500,0.0000,4242495.5000) accum=(15962.4102,0.0000,-29856.4199) grounded=0x40800000 linTerm=8.33333e-06
spd=2974.714 ctrl=(1474613.3750,0.0000,4254977.0000) accum=(14521.9512,0.0000,-29481.6543) grounded=0x40800000 linTerm=1.27157e-12
spd=2956.139 ctrl=(1517630.8750,0.0000,4232612.5000) accum=(15182.2451,0.0000,-29839.7246) grounded=0x40800000 linTerm=8.33333e-06
spd=2973.880 ctrl=(1564338.2500,0.0000,4220604.5000) accum=(15351.9287,0.0000,-30200.0566) grounded=0x40800000 linTerm=8.33333e-06
spd=3009.957 ctrl=(1568947.2500,0.0000,4233039.5000) accum=(13921.9482,0.0000,-29797.8203) grounded=0x40800000 linTerm=1.27157e-12
spd=2990.941 ctrl=(1611535.2500,0.0000,4209578.5000) accum=(14569.1074,0.0000,-30166.8945) grounded=0x40800000 linTerm=8.33333e-06
spd=3008.330 ctrl=(1658038.7500,0.0000,4196415.5000) accum=(14733.3066,0.0000,-30531.0039) grounded=0x40800000 linTerm=8.33333e-06
spd=3044.485 ctrl=(1662930.6250,0.0000,4208796.5000) accum=(13314.1973,0.0000,-30101.4551) grounded=0x40800000 linTerm=1.27157e-12
spd=3025.031 ctrl=(1705060.3750,0.0000,4184250.5000) accum=(13948.2314,0.0000,-30481.1445) grounded=0x40800000 linTerm=8.33333e-06
spd=3042.071 ctrl=(1751330.0000,0.0000,4169937.2500) accum=(14106.8369,0.0000,-30848.9141) grounded=0x40800000 linTerm=8.33333e-06
spd=3078.302 ctrl=(1756504.8750,0.0000,4182258.7500) accum=(12699.0195,0.0000,-30392.2676) grounded=0x40800000 linTerm=1.27157e-12
spd=3058.416 ctrl=(1798147.8750,0.0000,4156638.2500) accum=(13319.9023,0.0000,-30782.3555) grounded=0x40800000 linTerm=8.33333e-06
spd=3075.109 ctrl=(1844153.5000,0.0000,4141179.2500) accum=(13472.8164,0.0000,-31153.8320) grounded=0x40800000 linTerm=8.33333e-06
spd=3111.415 ctrl=(1849610.6250,0.0000,4153433.7500) accum=(12076.6924,0.0000,-30670.1953) grounded=0x40800000 linTerm=1.27157e-12
spd=3091.100 ctrl=(1890738.0000,0.0000,4126750.5000) accum=(12684.4199,0.0000,-31070.3535) grounded=0x40800000 linTerm=8.33333e-06
spd=3107.449 ctrl=(1936451.0000,0.0000,4110155.5000) accum=(12831.5498,0.0000,-31445.3730) grounded=0x40800000 linTerm=8.33333e-06
spd=3143.828 ctrl=(1942188.3750,0.0000,4122333.0000) accum=(11447.5283,0.0000,-30935.0586) grounded=0x40800000 linTerm=1.27157e-12
spd=3123.089 ctrl=(1982773.6250,0.0000,4094601.5000) accum=(12042.0986,0.0000,-31344.9121) grounded=0x40800000 linTerm=8.33333e-06
spd=3139.097 ctrl=(2028164.2500,0.0000,4076876.5000) accum=(12183.3379,0.0000,-31723.4336) grounded=0x40800000 linTerm=8.33333e-06
spd=3175.547 ctrl=(2034181.6250,0.0000,4088972.5000) accum=(10811.8477,0.0000,-31186.6133) grounded=0x40800000 linTerm=1.27157e-12
spd=3154.389 ctrl=(2074196.1250,0.0000,4060204.2500) accum=(11393.2344,0.0000,-31605.9199) grounded=0x40800000 linTerm=8.33333e-06
spd=3170.060 ctrl=(2119236.0000,0.0000,4041359.2500) accum=(11528.4902,0.0000,-31987.8828) grounded=0x40800000 linTerm=8.33333e-06
spd=3206.580 ctrl=(2125531.0000,0.0000,4053363.7500) accum=(10169.9229,0.0000,-31424.7402) grounded=0x40800000 linTerm=1.27157e-12
spd=3185.007 ctrl=(2164949.2500,0.0000,4023575.5000) accum=(10738.1367,0.0000,-31853.2305) grounded=0x40800000 linTerm=8.33333e-06
spd=3200.344 ctrl=(2209608.7500,0.0000,4003618.0000) accum=(10867.3135,0.0000,-32238.5449) grounded=0x40800000 linTerm=8.33333e-06
spd=3236.932 ctrl=(2216180.5000,0.0000,4015525.5000) accum=(9522.1064,0.0000,-31649.2832) grounded=0x40800000 linTerm=1.27157e-12
spd=3214.950 ctrl=(2254975.7500,0.0000,3984731.7500) accum=(10077.1348,0.0000,-32086.6719) grounded=0x40800000 linTerm=8.33333e-06
spd=3229.956 ctrl=(2299227.2500,0.0000,3963672.5000) accum=(10200.1084,0.0000,-32475.1973) grounded=0x40800000 linTerm=8.33333e-06
spd=3266.611 ctrl=(2306074.0000,0.0000,3975476.0000) accum=(8868.6904,0.0000,-31860.0703) grounded=0x40800000 linTerm=1.27157e-12
spd=3244.226 ctrl=(2344219.5000,0.0000,3943692.2500) accum=(9410.5342,0.0000,-32306.0547) grounded=0x40800000 linTerm=8.33333e-06
spd=3258.904 ctrl=(2388035.0000,0.0000,3921541.7500) accum=(9527.2178,0.0000,-32697.7812) grounded=0x40800000 linTerm=8.33333e-06
spd=3295.624 ctrl=(2395155.7500,0.0000,3933234.7500) accum=(8210.0098,0.0000,-32056.9863) grounded=0x40800000 linTerm=1.27157e-12
spd=3272.842 ctrl=(2432625.2500,0.0000,3900476.7500) accum=(8738.6211,0.0000,-32511.3145) grounded=0x40800000 linTerm=8.33333e-06
spd=3287.197 ctrl=(2475977.7500,0.0000,3877246.7500) accum=(8848.9229,0.0000,-32906.1367) grounded=0x40800000 linTerm=8.33333e-06
spd=3323.981 ctrl=(2483369.2500,0.0000,3888821.5000) accum=(7546.3574,0.0000,-32239.9180) grounded=0x40800000 linTerm=1.27157e-12
spd=3300.805 ctrl=(2520138.2500,0.0000,3855106.7500) accum=(8061.7539,0.0000,-32702.3340) grounded=0x40800000 linTerm=8.33333e-06
spd=3314.842 ctrl=(2563000.7500,0.0000,3830810.5000) accum=(8165.5522,0.0000,-33100.0938) grounded=0x40800000 linTerm=8.33333e-06
spd=3351.687 ctrl=(2570660.2500,0.0000,3842259.0000) accum=(6878.0571,0.0000,-32408.7109) grounded=0x40800000 linTerm=1.27157e-12
spd=3328.125 ctrl=(2606705.7500,0.0000,3807607.2500) accum=(7380.2471,0.0000,-32878.9141) grounded=0x40800000 linTerm=8.33333e-06
spd=3341.848 ctrl=(2649051.5000,0.0000,3782257.0000) accum=(7477.4468,0.0000,-33279.5820) grounded=0x40800000 linTerm=8.33333e-06
spd=3378.753 ctrl=(2656976.2500,0.0000,3793571.7500) accum=(6205.4648,0.0000,-32563.2480) grounded=0x40800000 linTerm=1.27157e-12
spd=3354.811 ctrl=(2692273.7500,0.0000,3758001.2500) accum=(6694.4165,0.0000,-33041.0000) grounded=0x40800000 linTerm=8.33333e-06
spd=3368.222 ctrl=(2734076.5000,0.0000,3731611.0000) accum=(6784.9409,0.0000,-33444.3672) grounded=0x40800000 linTerm=8.33333e-06
spd=3405.188 ctrl=(2742265.2500,0.0000,3742787.5000) accum=(5528.8882,0.0000,-32703.3867) grounded=0x40800000 linTerm=1.27157e-12
spd=1696.635 ctrl=(-2658166.0000,0.0000,-3119263.7500) accum=(1393.7107,0.0000,30036.7012) grounded=0x40800000 linTerm=8.33333e-06
spd=1723.976 ctrl=(-2696785.0000,0.0000,-3097036.7500) accum=(81.9437,0.0000,30360.5840) grounded=0x40800000 linTerm=8.33333e-06
spd=1757.472 ctrl=(-2703979.0000,0.0000,-3105298.5000) accum=(1179.7516,0.0000,29234.7930) grounded=0x40800000 linTerm=1.27157e-12
spd=1751.088 ctrl=(-2735259.7500,0.0000,-3074372.2500) accum=(-220.2530,0.0000,30873.4727) grounded=0x40800000 linTerm=8.33333e-06
spd=1778.063 ctrl=(-2773361.0000,0.0000,-3051022.2500) accum=(-796.8334,0.0000,31871.9258) grounded=0x40800000 linTerm=8.33333e-06
spd=1811.574 ctrl=(-2780902.7500,0.0000,-3059319.0000) accum=(568.2017,0.0000,30508.7930) grounded=0x40800000 linTerm=1.27157e-12
spd=1804.743 ctrl=(-2811511.2500,0.0000,-3027463.7500) accum=(-581.2858,0.0000,31903.4785) grounded=0x40800000 linTerm=8.33333e-06
spd=1831.367 ctrl=(-2849146.0000,0.0000,-3003091.7500) accum=(-716.6584,0.0000,32429.1074) grounded=0x40800000 linTerm=8.33333e-06
spd=1864.931 ctrl=(-2857008.0000,0.0000,-3011378.5000) accum=(388.6979,0.0000,31413.3223) grounded=0x40800000 linTerm=1.27157e-12
spd=1857.657 ctrl=(-2886951.0000,0.0000,-2978643.5000) accum=(-313.3275,0.0000,32300.5781) grounded=0x40800000 linTerm=8.33333e-06
spd=1883.954 ctrl=(-2924108.5000,0.0000,-2953275.7500) accum=(-359.0150,0.0000,32755.3184) grounded=0x40800000 linTerm=8.33333e-06
spd=1917.597 ctrl=(-2932256.2500,0.0000,-2961504.7500) accum=(770.3270,0.0000,31689.6914) grounded=0x40800000 linTerm=1.27157e-12
spd=1909.887 ctrl=(-2961516.2500,0.0000,-2927911.7500) accum=(140.7320,0.0000,32533.5098) grounded=0x40800000 linTerm=8.33333e-06
spd=1935.866 ctrl=(-2998169.5000,0.0000,-2901557.5000) accum=(144.5652,0.0000,32949.9492) grounded=0x40800000 linTerm=8.33333e-06
spd=1969.606 ctrl=(-3006578.2500,0.0000,-2909695.2500) accum=(1272.9541,0.0000,31850.1289) grounded=0x40800000 linTerm=1.27157e-12
spd=1961.460 ctrl=(-3035130.5000,0.0000,-2875258.7500) accum=(693.1994,0.0000,32670.5332) grounded=0x40800000 linTerm=8.33333e-06
spd=1987.127 ctrl=(-3071250.5000,0.0000,-2847926.2500) accum=(725.6615,0.0000,33066.0977) grounded=0x40800000 linTerm=8.33333e-06
spd=2020.971 ctrl=(-3079903.7500,0.0000,-2855950.2500) accum=(1840.4232,0.0000,31940.7500) grounded=0x40800000 linTerm=1.27157e-12
spd=2012.388 ctrl=(-3107722.2500,0.0000,-2820685.0000) accum=(1298.3405,0.0000,32748.3223) grounded=0x40800000 linTerm=8.33333e-06
spd=2037.742 ctrl=(-3143280.0000,0.0000,-2792384.2500) accum=(1348.5437,0.0000,33132.4688) grounded=0x40800000 linTerm=8.33333e-06
spd=2071.695 ctrl=(-3152168.0000,0.0000,-2800280.0000) accum=(2443.1521,0.0000,31986.3145) grounded=0x40800000 linTerm=1.27157e-12
spd=2062.673 ctrl=(-3179226.0000,0.0000,-2764200.0000) accum=(1932.1400,0.0000,32786.9062) grounded=0x40800000 linTerm=8.33333e-06
spd=2087.711 ctrl=(-3214193.2500,0.0000,-2734941.5000) accum=(1994.4171,0.0000,33164.6875) grounded=0x40800000 linTerm=8.33333e-06
spd=2121.775 ctrl=(-3223306.7500,0.0000,-2742696.2500) accum=(3065.4680,0.0000,32000.5098) grounded=0x40800000 linTerm=1.27157e-12
spd=2112.310 ctrl=(-3249581.5000,0.0000,-2705820.5000) accum=(2581.8027,0.0000,32797.1328) grounded=0x40800000 linTerm=8.33333e-06
spd=2137.027 ctrl=(-3283929.2500,0.0000,-2675615.7500) accum=(2653.2227,0.0000,33171.3359) grounded=0x40800000 linTerm=8.33333e-06
spd=2171.202 ctrl=(-3293264.0000,0.0000,-2683221.5000) accum=(3698.9458,0.0000,31990.8047) grounded=0x40800000 linTerm=1.27157e-12
spd=2161.291 ctrl=(-3318729.7500,0.0000,-2645566.5000) accum=(3240.4858,0.0000,32785.0430) grounded=0x40800000 linTerm=8.33333e-06
spd=2185.683 ctrl=(-3352430.2500,0.0000,-2614429.7500) accum=(3319.5332,0.0000,33157.1094) grounded=0x40800000 linTerm=8.33333e-06
spd=2219.968 ctrl=(-3361982.0000,0.0000,-2621878.7500) accum=(4338.9834,0.0000,31961.2344) grounded=0x40800000 linTerm=1.27157e-12
spd=2209.607 ctrl=(-3386615.0000,0.0000,-2583463.0000) accum=(3904.3391,0.0000,32753.8457) grounded=0x40800000 linTerm=8.33333e-06
spd=2233.669 ctrl=(-3419641.7500,0.0000,-2551409.2500) accum=(3990.2173,0.0000,33124.4922) grounded=0x40800000 linTerm=8.33333e-06
spd=2268.063 ctrl=(-3429406.7500,0.0000,-2558695.0000) accum=(4982.8984,0.0000,31914.0566) grounded=0x40800000 linTerm=1.27157e-12
spd=2257.249 ctrl=(-3453184.5000,0.0000,-2519538.5000) accum=(4571.1343,0.0000,32705.3047) grounded=0x40800000 linTerm=8.33333e-06
spd=2280.977 ctrl=(-3485511.2500,0.0000,-2486582.7500) accum=(4663.4585,0.0000,33074.9648) grounded=0x40800000 linTerm=8.33333e-06
spd=2315.479 ctrl=(-3495484.7500,0.0000,-2493698.0000) accum=(5629.0884,0.0000,31850.5371) grounded=0x40800000 linTerm=1.27157e-12
spd=2304.208 ctrl=(-3518384.0000,0.0000,-2453821.0000) accum=(5239.5107,0.0000,32640.5059) grounded=0x40800000 linTerm=8.33333e-06
spd=2327.598 ctrl=(-3549985.5000,0.0000,-2419980.2500) accum=(5338.1089,0.0000,33009.3281) grounded=0x40800000 linTerm=8.33333e-06
spd=2362.206 ctrl=(-3560163.2500,0.0000,-2426918.2500) accum=(6276.5347,0.0000,31771.3984) grounded=0x40800000 linTerm=1.27157e-12
spd=2350.477 ctrl=(-3582164.0000,0.0000,-2386343.2500) accum=(5908.5854,0.0000,32560.0059) grounded=0x40800000 linTerm=8.33333e-06
spd=2373.524 ctrl=(-3613013.5000,0.0000,-2351634.0000) accum=(6013.3403,0.0000,32928.0430) grounded=0x40800000 linTerm=8.33333e-06
spd=2408.237 ctrl=(-3623392.2500,0.0000,-2358389.2500) accum=(6924.4507,0.0000,31676.9727) grounded=0x40800000 linTerm=1.27157e-12
spd=2396.048 ctrl=(-3644472.5000,0.0000,-2317137.5000) accum=(6577.6743,0.0000,32464.1543) grounded=0x40800000 linTerm=8.33333e-06
spd=2418.748 ctrl=(-3674546.0000,0.0000,-2281579.0000) accum=(6688.5156,0.0000,32831.3086) grounded=0x40800000 linTerm=8.33333e-06
spd=2453.565 ctrl=(-3685122.0000,0.0000,-2288145.7500) accum=(7572.2632,0.0000,31567.5898) grounded=0x40800000 linTerm=1.27157e-12
spd=2440.913 ctrl=(-3705259.7500,0.0000,-2246238.5000) accum=(7246.2363,0.0000,32353.1406) grounded=0x40800000 linTerm=8.33333e-06
spd=2463.265 ctrl=(-3734534.2500,0.0000,-2209850.0000) accum=(7363.1777,0.0000,32719.3887) grounded=0x40800000 linTerm=8.33333e-06
spd=2498.183 ctrl=(-3745304.5000,0.0000,-2216223.0000) accum=(8219.4092,0.0000,31443.2676) grounded=0x40800000 linTerm=1.27157e-12
spd=2485.068 ctrl=(-3764481.5000,0.0000,-2173685.5000) accum=(7913.7847,0.0000,32227.0371) grounded=0x40800000 linTerm=8.33333e-06
spd=2507.068 ctrl=(-3792931.5000,0.0000,-2136485.7500) accum=(8036.8496,0.0000,32592.3164) grounded=0x40800000 linTerm=8.33333e-06
spd=2542.085 ctrl=(-3803889.2500,0.0000,-2142658.0000) accum=(8865.5430,0.0000,31304.2637) grounded=0x40800000 linTerm=1.27157e-12
spd=2528.508 ctrl=(-3822087.7500,0.0000,-2099514.5000) accum=(8579.8760,0.0000,32085.9375) grounded=0x40800000 linTerm=8.33333e-06
spd=2550.153 ctrl=(-3849690.7500,0.0000,-2061523.8750) accum=(8709.0977,0.0000,32450.2324) grounded=0x40800000 linTerm=8.33333e-06
spd=2585.269 ctrl=(-3860833.7500,0.0000,-2067491.0000) accum=(9510.1855,0.0000,31150.5859) grounded=0x40800000 linTerm=1.27157e-12
spd=2571.227 ctrl=(-3878033.0000,0.0000,-2023765.2500) accum=(9244.1787,0.0000,31930.0254) grounded=0x40800000 linTerm=8.33333e-06
spd=2592.517 ctrl=(-3904768.2500,0.0000,-1985006.3750) accum=(9379.4971,0.0000,32293.0977) grounded=0x40800000 linTerm=8.33333e-06
spd=2627.729 ctrl=(-3916090.2500,0.0000,-1990762.0000) accum=(10152.9434,0.0000,30982.3105) grounded=0x40800000 linTerm=1.27157e-12
spd=2613.224 ctrl=(-3932273.5000,0.0000,-1946479.6250) accum=(9906.2520,0.0000,31759.2773) grounded=0x40800000 linTerm=8.33333e-06
spd=2634.156 ctrl=(-3958120.5000,0.0000,-1906974.1250) accum=(10047.7012,0.0000,32121.1465) grounded=0x40800000 linTerm=8.33333e-06
spd=2669.463 ctrl=(-3969617.2500,0.0000,-1912513.1250) accum=(10793.3594,0.0000,30799.4785) grounded=0x40800000 linTerm=1.27157e-12
spd=2654.494 ctrl=(-3984768.2500,0.0000,-1867700.1250) accum=(10565.7266,0.0000,31573.8457) grounded=0x40800000 linTerm=8.33333e-06
spd=2675.069 ctrl=(-4009703.7500,0.0000,-1827470.5000) accum=(10713.3350,0.0000,31934.3418) grounded=0x40800000 linTerm=8.33333e-06
spd=2710.469 ctrl=(-4021370.2500,0.0000,-1832787.6250) accum=(11431.1621,0.0000,30602.2285) grounded=0x40800000 linTerm=1.27157e-12
spd=2695.038 ctrl=(-4035473.7500,0.0000,-1787470.3750) accum=(11222.2100,0.0000,31373.7324) grounded=0x40800000 linTerm=8.33333e-06
spd=2715.254 ctrl=(-4059478.2500,0.0000,-1746539.6250) accum=(11376.0000,0.0000,31732.7793) grounded=0x40800000 linTerm=8.33333e-06
spd=2750.745 ctrl=(-4071310.2500,0.0000,-1751630.2500) accum=(12065.9297,0.0000,30390.6074) grounded=0x40800000 linTerm=1.27157e-12
spd=2734.854 ctrl=(-4084350.7500,0.0000,-1705835.5000) accum=(11875.3789,0.0000,31159.0371) grounded=0x40800000 linTerm=8.33333e-06
spd=2754.710 ctrl=(-4107404.2500,0.0000,-1664227.2500) accum=(12035.3115,0.0000,31516.5254) grounded=0x40800000 linTerm=8.33333e-06
spd=2790.291 ctrl=(-4119396.7500,0.0000,-1669086.2500) accum=(12697.3018,0.0000,30164.7422) grounded=0x40800000 linTerm=1.27157e-12
spd=2773.941 ctrl=(-4131359.0000,0.0000,-1622841.3750) accum=(12524.7871,0.0000,30929.8516) grounded=0x40800000 linTerm=8.33333e-06
spd=2793.439 ctrl=(-4153446.0000,0.0000,-1580581.0000) accum=(12691.0127,0.0000,31285.7363) grounded=0x40800000 linTerm=8.33333e-06
spd=2829.108 ctrl=(-4165590.7500,0.0000,-1585202.7500) accum=(13324.8867,0.0000,29924.6328) grounded=0x40800000 linTerm=1.27157e-12
spd=2812.301 ctrl=(-4176463.2500,0.0000,-1538535.8750) accum=(13170.2080,0.0000,30686.2695) grounded=0x40800000 linTerm=8.33333e-06
spd=2831.440 ctrl=(-4197563.5000,0.0000,-1495647.6250) accum=(13342.6211,0.0000,31040.3691) grounded=0x40800000 linTerm=8.33333e-06
spd=2867.195 ctrl=(-4209858.0000,0.0000,-1500028.2500) accum=(13948.3311,0.0000,29670.3984) grounded=0x40800000 linTerm=1.27157e-12
spd=2849.934 ctrl=(-4219626.5000,0.0000,-1452967.3750) accum=(13811.1699,0.0000,30428.3516) grounded=0x40800000 linTerm=8.33333e-06
spd=2868.716 ctrl=(-4239723.5000,0.0000,-1409476.8750) accum=(13989.8662,0.0000,30780.6113) grounded=0x40800000 linTerm=8.33333e-06
spd=2904.555 ctrl=(-4252160.0000,0.0000,-1413611.3750) accum=(14567.3301,0.0000,29402.1836) grounded=0x40800000 linTerm=1.27157e-12
spd=2886.844 ctrl=(-4260817.0000,0.0000,-1366185.7500) accum=(14447.4570,0.0000,30156.2500) grounded=0x40800000 linTerm=8.33333e-06
spd=2905.268 ctrl=(-4279893.0000,0.0000,-1322118.3750) accum=(14632.3721,0.0000,30506.5332) grounded=0x40800000 linTerm=8.33333e-06
spd=2941.191 ctrl=(-4292467.5000,0.0000,-1326002.7500) accum=(15181.5107,0.0000,29120.0332) grounded=0x40800000 linTerm=1.27157e-12
spd=2923.031 ctrl=(-4299998.5000,0.0000,-1278240.5000) accum=(15078.6367,0.0000,29870.0488) grounded=0x40800000 linTerm=8.33333e-06
spd=2941.101 ctrl=(-4318040.5000,0.0000,-1233623.2500) accum=(15269.8066,0.0000,30218.2617) grounded=0x40800000 linTerm=8.33333e-06
spd=2977.104 ctrl=(-4330745.5000,0.0000,-1237252.8750) accum=(15790.5322,0.0000,28824.1133) grounded=0x40800000 linTerm=1.27157e-12
spd=2958.500 ctrl=(-4337140.5000,0.0000,-1189183.1250) accum=(15704.4365,0.0000,29569.8926) grounded=0x40800000 linTerm=8.33333e-06
spd=2976.216 ctrl=(-4354134.5000,0.0000,-1144042.8750) accum=(15901.7871,0.0000,29915.8594) grounded=0x40800000 linTerm=8.33333e-06
spd=3012.299 ctrl=(-4366964.0000,0.0000,-1147413.7500) accum=(16393.9980,0.0000,28514.5156) grounded=0x40800000 linTerm=1.27157e-12
spd=2993.253 ctrl=(-4372215.5000,0.0000,-1099066.3750) accum=(16324.3896,0.0000,29255.8398) grounded=0x40800000 linTerm=8.33333e-06
spd=3010.619 ctrl=(-4388145.5000,0.0000,-1053429.3750) accum=(16528.0684,0.0000,29599.5410) grounded=0x40800000 linTerm=8.33333e-06
spd=3046.779 ctrl=(-4401094.0000,0.0000,-1056537.8750) accum=(16991.7109,0.0000,28191.3984) grounded=0x40800000 linTerm=1.27157e-12
spd=3027.296 ctrl=(-4405193.5000,0.0000,-1007942.2500) accum=(16938.3496,0.0000,28928.0859) grounded=0x40800000 linTerm=8.33333e-06
spd=3044.313 ctrl=(-4420049.5000,0.0000,-961836.8125) accum=(17148.2148,0.0000,29269.2988) grounded=0x40800000 linTerm=8.33333e-06
spd=3080.550 ctrl=(-4433110.5000,0.0000,-964679.0625) accum=(17583.1934,0.0000,27854.8105) grounded=0x40800000 linTerm=1.27157e-12
spd=3060.635 ctrl=(-4436050.0000,0.0000,-915865.1875) accum=(17545.8906,0.0000,28586.7383) grounded=0x40800000 linTerm=8.33333e-06
spd=3077.304 ctrl=(-4449815.5000,0.0000,-869318.1250) accum=(17762.0312,0.0000,28925.4141) grounded=0x40800000 linTerm=8.33333e-06
spd=3113.615 ctrl=(-4462984.0000,0.0000,-871890.7500) accum=(18168.2578,0.0000,27505.0312) grounded=0x40800000 linTerm=1.27157e-12
spd=3093.271 ctrl=(-4464759.0000,0.0000,-822888.6875) accum=(18146.6523,0.0000,28231.9355) grounded=0x40800000 linTerm=8.33333e-06
spd=3109.598 ctrl=(-4477426.0000,0.0000,-775928.9375) accum=(18369.0859,0.0000,28567.9414) grounded=0x40800000 linTerm=8.33333e-06
spd=3145.981 ctrl=(-4490692.0000,0.0000,-778228.0000) accum=(18746.4844,0.0000,27142.1074) grounded=0x40800000 linTerm=1.27157e-12
spd=3125.214 ctrl=(-4491296.5000,0.0000,-729067.9375) accum=(18740.4512,0.0000,27863.8594) grounded=0x40800000 linTerm=8.33333e-06
spd=3141.200 ctrl=(-4502853.0000,0.0000,-681723.3750) accum=(18969.0898,0.0000,28197.0293) grounded=0x40800000 linTerm=8.33333e-06
spd=3177.655 ctrl=(-4516213.5000,0.0000,-683746.1875) accum=(19317.5898,0.0000,26766.1875) grounded=0x40800000 linTerm=1.27157e-12
spd=3156.468 ctrl=(-4515643.0000,0.0000,-634458.4375) accum=(19326.8496,0.0000,27482.6055) grounded=0x40800000 linTerm=8.33333e-06
spd=3172.116 ctrl=(-4526080.0000,0.0000,-586757.6875) accum=(19561.7305,0.0000,27812.8457) grounded=0x40800000 linTerm=8.33333e-06
spd=3208.641 ctrl=(-4539526.5000,0.0000,-588500.8750) accum=(19881.3125,0.0000,26377.4941) grounded=0x40800000 linTerm=1.27157e-12
spd=3187.041 ctrl=(-4537776.5000,0.0000,-539115.6250) accum=(19905.6406,0.0000,27088.3926) grounded=0x40800000 linTerm=8.33333e-06
spd=3202.355 ctrl=(-4547086.5000,0.0000,-491087.4688) accum=(20146.7480,0.0000,27415.5586) grounded=0x40800000 linTerm=8.33333e-06
spd=3238.948 ctrl=(-4560612.5000,0.0000,-492548.2500) accum=(20437.2188,0.0000,25976.1074) grounded=0x40800000 linTerm=1.27157e-12
spd=3216.939 ctrl=(-4557680.0000,0.0000,-443096.0000) accum=(20476.4434,0.0000,26681.3613) grounded=0x40800000 linTerm=8.33333e-06
spd=3231.923 ctrl=(-4565852.5000,0.0000,-394768.9062) accum=(20723.7773,0.0000,27005.3262) grounded=0x40800000 linTerm=8.33333e-06
spd=3268.583 ctrl=(-4579451.0000,0.0000,-395944.6250) accum=(20985.1387,0.0000,25562.2891) grounded=0x40800000 linTerm=1.27157e-12
spd=3253.448 ctrl=(-4595109.5000,0.0000,-347953.2188) accum=(21056.4863,-207.6372,26077.6699) grounded=0x40800000 linTerm=8.33333e-06
spd=3275.491 ctrl=(-4604713.5000,0.0000,-299311.8125) accum=(-237164.9688,-321.6505,74688.0625) grounded=0x40800000 linTerm=8.33333e-06
spd=3321.811 ctrl=(-4621573.5000,-0.0003,-300407.7500) accum=(-224125.0469,-485.7294,68199.8359) grounded=0x40800000 linTerm=1.27157e-12
spd=3306.049 ctrl=(-4618648.5000,-1977.1902,-255053.2500) accum=(-230079.2969,-528.8504,72865.8125) grounded=0x40800000 linTerm=8.33333e-06
spd=3329.559 ctrl=(-4627766.0000,-3870.9661,-210347.8438) accum=(-238446.6250,-572.4204,76639.1953) grounded=0x40800000 linTerm=8.33333e-06
spd=3376.191 ctrl=(-4644466.5000,-3884.9353,-211106.7188) accum=(-224659.4844,-719.2545,70213.3125) grounded=0x40800000 linTerm=1.27157e-12
spd=3359.762 ctrl=(-4640393.0000,-5685.5801,-165625.9062) accum=(-230036.2500,-676.0281,75364.0156) grounded=0x40800000 linTerm=8.33333e-06
spd=3382.765 ctrl=(-4648323.0000,-7411.7466,-120563.6875) accum=(-237900.5469,-656.1528,79661.6250) grounded=0x40800000 linTerm=8.33333e-06
spd=3429.616 ctrl=(-4664970.0000,-7438.2896,-120995.4531) accum=(-224364.5000,-786.0692,73356.1953) grounded=0x40800000 linTerm=1.27157e-12
spd=3412.480 ctrl=(-4659798.0000,-9060.2266,-75423.6406) accum=(-229371.8906,-673.1747,78808.9062) grounded=0x40800000 linTerm=8.33333e-06
spd=3434.927 ctrl=(-4666563.5000,-10615.6602,-30040.6367) accum=(-236802.4062,-602.3246,83417.8203) grounded=0x40800000 linTerm=8.33333e-06
spd=3481.955 ctrl=(-4683230.0000,-10653.5742,-30147.9258) accum=(-223554.3281,-711.5126,77039.9766) grounded=0x40800000 linTerm=1.27157e-12
spd=3471.562 ctrl=(-4697104.5000,-12146.9707,15550.4688) accum=(-231282.7812,-757.8229,83648.7344) grounded=0x40800000 linTerm=8.33333e-06
spd=3500.990 ctrl=(-4705034.0000,-13541.3672,61447.6445) accum=(-154772.9688,-3263.5410,-83511.0312) grounded=0x40800000 linTerm=8.33333e-06
spd=3555.459 ctrl=(-4723843.5000,-13595.5010,61693.2227) accum=(-155597.0781,-3330.6379,-89534.0703) grounded=0x40800000 linTerm=1.27157e-12
spd=3544.034 ctrl=(-4718810.5000,-14868.4941,107647.1953) accum=(-157237.8281,-3699.9180,-85519.4062) grounded=0x40800000 linTerm=8.33333e-06
spd=3572.221 ctrl=(-4725139.5000,-16087.2773,153896.1406) accum=(-158908.3281,-4058.6199,-78396.6953) grounded=0x40800000 linTerm=8.33333e-06
spd=3626.886 ctrl=(-4744077.5000,-16151.7539,154512.9688) accum=(-159500.2500,-4050.1299,-84804.7422) grounded=0x40800000 linTerm=1.27157e-12
spd=3614.406 ctrl=(-4737911.0000,-17242.3887,200573.0625) accum=(-160769.2812,-4356.8101,-80923.5781) grounded=0x40800000 linTerm=8.33333e-06
spd=3626.645 ctrl=(-4702535.5000,-18127.3145,245031.2500) accum=(-164987.2344,-4254.0161,-78655.9453) grounded=0x40800000 linTerm=8.33333e-06
spd=3666.021 ctrl=(-4717075.0000,-18183.3613,245788.8594) accum=(-162647.2656,-3907.8123,-80361.3984) grounded=0x40800000 linTerm=1.27157e-12
spd=3637.930 ctrl=(-4705062.5000,-19061.6172,291192.1875) accum=(-166611.7500,-3873.3494,-81115.9375) grounded=0x40800000 linTerm=8.33333e-06
spd=3649.682 ctrl=(-4704570.5000,-19894.4785,337243.5625) accum=(-168129.1406,-3803.6934,-74699.8047) grounded=0x40800000 linTerm=8.33333e-06
spd=3689.156 ctrl=(-4719002.0000,-19955.5059,338278.1875) accum=(-165230.0938,-3692.1384,-76275.7266) grounded=0x40800000 linTerm=1.27157e-12
spd=3660.737 ctrl=(-4705667.5000,-20644.5215,383481.1562) accum=(-169254.3438,-3694.0977,-77216.1875) grounded=0x40800000 linTerm=8.33333e-06
spd=3672.208 ctrl=(-4704213.0000,-21293.6367,429582.0312) accum=(22738.7891,240.7388,17747.1016) grounded=0x40800000 linTerm=8.33333e-06
spd=3710.072 ctrl=(-4718168.0000,-21356.8008,430856.3750) accum=(23143.0645,236.0242,17100.0254) grounded=0x40800000 linTerm=1.27157e-12
spd=3681.327 ctrl=(-4702984.0000,-21308.8320,480112.6875) accum=(23453.2812,217.6393,18016.8379) grounded=0x40800000 linTerm=8.33333e-06
spd=3690.846 ctrl=(-4699291.0000,-21315.3184,530449.2500) accum=(24151.1406,213.9467,19439.9219) grounded=0x40800000 linTerm=8.33333e-06
spd=3728.664 ctrl=(-4713315.0000,-21378.9258,532032.2500) accum=(24405.9219,207.6457,18516.2285) grounded=0x40800000 linTerm=1.27157e-12
spd=3699.590 ctrl=(-4696930.0000,-21330.2949,580993.0625) accum=(24755.8809,244.5707,19572.1699) grounded=0x40800000 linTerm=8.33333e-06
spd=3708.812 ctrl=(-4692146.5000,-21336.7285,631294.0000) accum=(25252.1836,278.1082,20341.6543) grounded=0x40800000 linTerm=8.33333e-06
spd=3746.618 ctrl=(-4706252.5000,-21400.8750,633191.8125) accum=(25374.1992,268.8979,19194.8926) grounded=0x40800000 linTerm=1.27157e-12
spd=3717.239 ctrl=(-4688695.0000,-21351.6855,681831.1250) accum=(25668.3496,302.5031,20061.3613) grounded=0x40800000 linTerm=8.33333e-06
spd=3726.193 ctrl=(-4682794.0000,-21357.9492,732068.6250) accum=(26097.6074,330.4648,20629.5859) grounded=0x40800000 linTerm=8.33333e-06
spd=3764.006 ctrl=(-4696942.0000,-21422.4785,734280.3750) accum=(26125.9668,320.1601,19349.2871) grounded=0x40800000 linTerm=1.27157e-12
spd=3734.338 ctrl=(-4678235.5000,-21372.8066,782572.3750) accum=(26387.9629,347.9600,20097.0176) grounded=0x40800000 linTerm=8.33333e-06
spd=3743.043 ctrl=(-4671201.0000,-21378.8262,832717.8750) accum=(26777.3711,370.1560,20543.2656) grounded=0x40800000 linTerm=8.33333e-06
spd=3780.874 ctrl=(-4685360.5000,-21443.6289,835242.0000) accum=(26740.1016,350.8235,19192.7715) grounded=0x40800000 linTerm=1.27157e-12
spd=3750.930 ctrl=(-4665523.5000,-21393.5254,883160.9375) accum=(26986.7715,374.0692,19867.8887) grounded=0x40800000 linTerm=8.33333e-06
spd=3759.402 ctrl=(-4657351.5000,-21399.2715,933187.0000) accum=(27354.7598,391.8910,20241.8613) grounded=0x40800000 linTerm=8.33333e-06
spd=3797.257 ctrl=(-4671501.0000,-21464.2832,936022.1250) accum=(27266.2324,369.6054,18851.9902) grounded=0x40800000 linTerm=1.27157e-12
spd=3767.049 ctrl=(-4650544.5000,-21413.7715,983541.3750) accum=(27508.2754,389.8271,19482.3613) grounded=0x40800000 linTerm=8.33333e-06
spd=3775.297 ctrl=(-4641232.0000,-21419.2227,1033420.0625) accum=(27865.9297,404.8408,19812.9141) grounded=0x40800000 linTerm=8.33333e-06
spd=3813.180 ctrl=(-4655354.0000,-21484.3926,1036564.3750) accum=(27735.4395,380.7503,18403.0371) grounded=0x40800000 linTerm=1.27157e-12
spd=3782.715 ctrl=(-4633290.0000,-21433.4863,1083657.5000) accum=(27979.2363,399.1116,19004.8711) grounded=0x40800000 linTerm=8.33333e-06
spd=3790.747 ctrl=(-4622836.5000,-21438.6230,1133360.7500) accum=(28333.2461,412.4059,19308.4590) grounded=0x40800000 linTerm=8.33333e-06
spd=3828.661 ctrl=(-4636921.0000,-21503.9414,1136813.8750) accum=(28166.0312,387.2624,17889.5117) grounded=0x40800000 linTerm=1.27157e-12
spd=3797.946 ctrl=(-4613762.5000,-21452.6543,1183454.8750) accum=(28415.2871,404.5225,18472.0312) grounded=0x40800000 linTerm=8.33333e-06
spd=3805.770 ctrl=(-4602170.5000,-21457.4766,1232955.2500) accum=(28769.5938,416.7802,18757.8711) grounded=0x40800000 linTerm=8.33333e-06
spd=3843.714 ctrl=(-4616207.0000,-21522.9199,1236715.6250) accum=(28568.7188,391.0441,17336.1680) grounded=0x40800000 linTerm=1.27157e-12
spd=3812.757 ctrl=(-4591963.5000,-21471.2559,1282878.2500) accum=(28825.7578,407.6662,17904.5273) grounded=0x40800000 linTerm=8.33333e-06
spd=3820.378 ctrl=(-4579239.5000,-21475.7715,1332149.0000) accum=(29182.6035,419.2963,18177.7090) grounded=0x40800000 linTerm=8.33333e-06
spd=3858.354 ctrl=(-4593216.0000,-21541.3203,1336214.8750) accum=(28949.8750,393.2393,16756.9707) grounded=0x40800000 linTerm=1.27157e-12
spd=3827.159 ctrl=(-4567903.5000,-21489.3047,1381874.0000) accum=(29215.7891,409.4970,17314.0176) grounded=0x40800000 linTerm=8.33333e-06
spd=3834.583 ctrl=(-4554053.0000,-21493.5156,1430888.6250) accum=(29576.5078,420.7400,17577.3203) grounded=0x40800000 linTerm=8.33333e-06
spd=3872.590 ctrl=(-4567962.0000,-21559.1641,1435259.0000) accum=(29312.9922,394.5195,16159.8994) grounded=0x40800000 linTerm=1.27157e-12
spd=3841.166 ctrl=(-4541592.0000,-21506.7988,1480389.2500) accum=(29588.5078,410.5724,16707.1641) grounded=0x40800000 linTerm=8.33333e-06
spd=3848.397 ctrl=(-4526619.0000,-21510.6992,1529119.8750) accum=(29953.7070,421.5661,16962.0742) grounded=0x40800000 linTerm=8.33333e-06
spd=3886.433 ctrl=(-4540453.5000,-21576.4414,1533793.2500) accum=(29660.0879,395.2733,15549.5205) grounded=0x40800000 linTerm=1.27157e-12
spd=3854.784 ctrl=(-4513038.0000,-21523.7344,1578369.3750) accum=(29945.5391,411.2128,16087.7812) grounded=0x40800000 linTerm=8.33333e-06
spd=3861.827 ctrl=(-4496953.5000,-21527.3457,1626791.1250) accum=(30315.6035,422.0378,16335.0459) grounded=0x40800000 linTerm=8.33333e-06
spd=3899.893 ctrl=(-4510705.0000,-21593.1797,1631765.8750) accum=(29992.3555,395.7251,14928.4805) grounded=0x40800000 linTerm=1.27157e-12
spd=3868.025 ctrl=(-4482259.0000,-21540.1387,1675763.3750) accum=(30287.7422,411.6034,15458.1484) grounded=0x40800000 linTerm=8.33333e-06
spd=3874.886 ctrl=(-4465070.0000,-21543.4629,1723849.6250) accum=(30662.8008,422.3059,15698.1133) grounded=0x40800000 linTerm=8.33333e-06
spd=3912.980 ctrl=(-4478735.0000,-21609.3965,1729125.3750) accum=(30310.1816,396.0019,14298.4521) grounded=0x40800000 linTerm=1.27157e-12
spd=3880.899 ctrl=(-4449270.0000,-21556.0195,1772519.0000) accum=(30615.6035,411.8496,14819.6387) grounded=0x40800000 linTerm=8.33333e-06
spd=3887.580 ctrl=(-4430983.5000,-21559.0566,1820243.8750) accum=(30995.7441,422.4566,15052.4648) grounded=0x40800000 linTerm=8.33333e-06
spd=3925.702 ctrl=(-4444550.5000,-21625.0625,1825817.1250) accum=(30614.0195,396.1782,13660.4307) grounded=0x40800000 linTerm=1.27157e-12
spd=3893.412 ctrl=(-4414086.5000,-21571.3809,1868585.0000) accum=(30929.2832,412.0122,14173.1846) grounded=0x40800000 linTerm=8.33333e-06
spd=3899.920 ctrl=(-4394713.5000,-21574.1406,1915923.3750) accum=(31314.4766,422.5399,14398.8750) grounded=0x40800000 linTerm=8.33333e-06
spd=3938.069 ctrl=(-4408177.5000,-21640.2305,1921792.8750) accum=(30903.8711,396.2957,13015.1689) grounded=0x40800000 linTerm=1.27157e-12
spd=3905.576 ctrl=(-4376726.5000,-21586.2383,1963910.6250) accum=(31228.8965,412.1254,13519.4219) grounded=0x40800000 linTerm=8.33333e-06
spd=3911.914 ctrl=(-4356278.0000,-21588.7344,2010837.8750) accum=(31619.1035,422.5841,13737.9287) grounded=0x40800000 linTerm=8.33333e-06
spd=3950.089 ctrl=(-4369630.0000,-21654.9004,2017001.0000) accum=(31179.7266,396.3784,12363.2021) grounded=0x40800000 linTerm=1.27157e-12
spd=3917.398 ctrl=(-4337209.0000,-21600.6035,2058445.5000) accum=(31514.4141,412.2097,12858.8574) grounded=0x40800000 linTerm=8.33333e-06
spd=3923.570 ctrl=(-4315695.0000,-21602.8418,2104936.2500) accum=(31909.4258,422.6046,13070.0771) grounded=0x40800000 linTerm=8.33333e-06
spd=3961.772 ctrl=(-4328929.5000,-21669.0898,2111391.2500) accum=(31441.5703,396.4400,11704.9277) grounded=0x40800000 linTerm=1.27157e-12
spd=3928.888 ctrl=(-4295556.0000,-21614.5078,2152141.2500) accum=(31785.6777,412.2758,12191.9189) grounded=0x40800000 linTerm=8.33333e-06
spd=3934.898 ctrl=(-4272985.5000,-21616.4824,2198170.5000) accum=(32185.4473,422.6115,12395.7676) grounded=0x40800000 linTerm=8.33333e-06
spd=3973.125 ctrl=(-4286096.0000,-21682.8066,2204915.0000) accum=(31689.2695,396.4889,11040.7871) grounded=0x40800000 linTerm=1.27157e-12
spd=3940.052 ctrl=(-4251785.0000,-21627.9336,2244946.5000) accum=(32042.6777,412.3307,11518.9424) grounded=0x40800000 linTerm=8.33333e-06
spd=3945.905 ctrl=(-4228172.5000,-21629.6680,2290491.5000) accum=(32447.0781,422.6099,11715.2715) grounded=0x40800000 linTerm=8.33333e-06
spd=3984.156 ctrl=(-4241150.0000,-21696.0586,2297522.0000) accum=(31922.7617,396.5294,10371.0703) grounded=0x40800000 linTerm=1.27157e-12
spd=3950.900 ctrl=(-4205920.5000,-21640.9121,2336815.0000) accum=(32285.2773,412.3781,10840.2920) grounded=0x40800000 linTerm=8.33333e-06
spd=3956.599 ctrl=(-4181277.2500,-21642.4023,2381851.5000) accum=(32694.1387,422.6031,11028.9863) grounded=0x40800000 linTerm=8.33333e-06
spd=3994.873 ctrl=(-4194117.0000,-21708.8613,2389165.5000) accum=(32141.9609,396.5645,9696.1455) grounded=0x40800000 linTerm=1.27157e-12
spd=3961.439 ctrl=(-4157987.0000,-21653.4512,2427699.0000) accum=(32513.3262,412.4201,10156.3125) grounded=0x40800000 linTerm=8.33333e-06
spd=3966.988 ctrl=(-4132326.5000,-21654.7090,2472203.5000) accum=(32926.5078,422.5927,10337.2656) grounded=0x40800000 linTerm=8.33333e-06
spd=4005.285 ctrl=(-4145021.0000,-21721.2246,2479798.2500) accum=(32346.7051,396.5955,9016.3350) grounded=0x40800000 linTerm=1.27157e-12
spd=3971.677 ctrl=(-4108007.2500,-21665.5469,2517550.7500) accum=(32726.7910,412.4582,9467.2998) grounded=0x40800000 linTerm=8.33333e-06
spd=3977.080 ctrl=(-4081340.2500,-21666.5684,2561499.0000) accum=(33144.1406,422.5799,9640.3799) grounded=0x40800000 linTerm=8.33333e-06
spd=4015.400 ctrl=(-4093885.0000,-21733.1641,2569372.2500) accum=(32536.8496,396.6227,8331.9756) grounded=0x40800000 linTerm=1.27157e-12
spd=3981.622 ctrl=(-4056006.2500,-21677.2266,2606323.0000) accum=(32925.5469,412.4931,8773.5928) grounded=0x40800000 linTerm=8.33333e-06
spd=3986.883 ctrl=(-4028348.5000,-21678.0254,2649693.7500) accum=(33346.8984,422.5652,8938.6777) grounded=0x40800000 linTerm=8.33333e-06
spd=4025.224 ctrl=(-4040734.0000,-21744.6895,2657840.5000) accum=(32712.4629,396.6474,7643.3501) grounded=0x40800000 linTerm=1.27157e-12
spd=3991.282 ctrl=(-4002012.7500,-21688.5137,2693972.7500) accum=(33109.3828,412.5248,8075.5439) grounded=0x40800000 linTerm=8.33333e-06
spd=3996.404 ctrl=(-3973376.5000,-21689.0898,2736741.7500) accum=(33534.6797,422.5487,8232.4912) grounded=0x40800000 linTerm=8.33333e-06
spd=4034.766 ctrl=(-3985598.7500,-21755.8125,2745160.0000) accum=(32873.2344,396.6695,6950.8159) grounded=0x40800000 linTerm=1.27157e-12
spd=4000.663 ctrl=(-3946050.7500,-21699.3906,2780452.0000) accum=(33278.3984,412.5543,7373.4302) grounded=0x40800000 linTerm=8.33333e-06
spd=4005.651 ctrl=(-3916453.7500,-21699.7598,2822599.7500) accum=(33707.3281,422.5310,7522.1870) grounded=0x40800000 linTerm=8.33333e-06
spd=4044.033 ctrl=(-3928505.2500,-21766.5371,2831285.2500) accum=(33019.2656,396.6899,6254.7217) grounded=0x40800000 linTerm=1.27157e-12
spd=4009.774 ctrl=(-3888151.2500,-21709.8770,2865718.7500) accum=(33432.3984,412.5817,6667.6348) grounded=0x40800000 linTerm=8.33333e-06
spd=4014.630 ctrl=(-3857605.2500,-21710.0332,2907221.7500) accum=(33864.8320,422.5125,6808.0620) grounded=0x40800000 linTerm=8.33333e-06
spd=4053.032 ctrl=(-3869481.0000,-21776.8633,2916171.2500) accum=(33150.4336,396.7084,5555.3350) grounded=0x40800000 linTerm=1.27157e-12
spd=4018.620 ctrl=(-3828341.5000,-21719.9766,2949728.2500) accum=(33571.2422,412.6066,5958.4604) grounded=0x40800000 linTerm=8.33333e-06
spd=4023.349 ctrl=(-3796865.0000,-21719.9375,2990567.2500) accum=(34007.0586,422.4930,6090.4570) grounded=0x40800000 linTerm=8.33333e-06
spd=4061.771 ctrl=(-3808558.5000,-21786.8320,2999777.2500) accum=(33266.5273,396.7247,4853.0630) grounded=0x40800000 linTerm=1.27157e-12
spd=4027.211 ctrl=(-3766654.7500,-21729.7188,3032439.5000) accum=(33694.9336,412.6293,5246.2236) grounded=0x40800000 linTerm=8.33333e-06
spd=4031.814 ctrl=(-3734261.5000,-21729.4824,3072592.0000) accum=(34133.9219,422.4723,5369.6641) grounded=0x40800000 linTerm=8.33333e-06
spd=4070.255 ctrl=(-3745766.0000,-21796.4355,3082057.7500) accum=(33367.6797,396.7391,4148.1069) grounded=0x40800000 linTerm=1.27157e-12
spd=4035.551 ctrl=(-3703118.7500,-21739.1074,3113809.2500) accum=(33803.3789,412.6499,4531.2607) grounded=0x40800000 linTerm=8.33333e-06
spd=4040.033 ctrl=(-3669826.2500,-21738.6797,3153255.0000) accum=(34245.3633,422.4500,4646.0825) grounded=0x40800000 linTerm=8.33333e-06
spd=4078.492 ctrl=(-3681136.2500,-21805.6699,3162973.2500) accum=(33453.7383,396.7520,3440.9233) grounded=0x40800000 linTerm=1.27157e-12
spd=4043.648 ctrl=(-3637767.0000,-21748.1328,3193797.2500) accum=(33896.5703,412.6688,3813.9170) grounded=0x40800000 linTerm=8.33333e-06
spd=4048.012 ctrl=(-3603591.7500,-21747.5215,3232517.2500) accum=(34341.4102,422.4279,3920.0347) grounded=0x40800000 linTerm=8.33333e-06
spd=4086.489 ctrl=(-3614701.2500,-21814.5684,3242483.0000) accum=(33524.6211,396.7631,2731.8013) grounded=0x40800000 linTerm=1.27157e-12
spd=4051.508 ctrl=(-3570632.0000,-21756.8281,3272362.7500) accum=(33974.3984,412.6856,3094.5278) grounded=0x40800000 linTerm=8.33333e-06
spd=4055.758 ctrl=(-3535590.7500,-21756.0312,3310336.2500) accum=(34421.8320,422.4042,3191.8386) grounded=0x40800000 linTerm=8.33333e-06
spd=4094.252 ctrl=(-3546494.2500,-21823.1172,3320545.2500) accum=(33580.3203,396.7726,2021.0653) grounded=0x40800000 linTerm=1.27157e-12
spd=4059.138 ctrl=(-3501746.5000,-21765.1777,3349466.2500) accum=(34036.8008,412.7005,2373.4424) grounded=0x40800000 linTerm=8.33333e-06
spd=4063.277 ctrl=(-3465858.2500,-21764.2109,3386675.2500) accum=(34486.7734,422.3803,2461.8296) grounded=0x40800000 linTerm=8.33333e-06
spd=4101.787 ctrl=(-3476550.7500,-21831.3652,3397123.2500) accum=(33620.7969,396.7799,1309.0341) grounded=0x40800000 linTerm=1.27157e-12
spd=4066.544 ctrl=(-3431145.5000,-21773.2246,3425068.2500) accum=(34083.8516,412.7137,1650.9275) grounded=0x40800000 linTerm=8.33333e-06
spd=4070.574 ctrl=(-3394428.0000,-21772.0938,3461494.2500) accum=(34536.0078,422.3548,1730.3730) grounded=0x40800000 linTerm=8.33333e-06
spd=4109.100 ctrl=(-3404903.0000,-21839.2773,3472176.5000) accum=(33646.0742,396.7864,596.0608) grounded=0x40800000 linTerm=1.27157e-12
spd=4073.732 ctrl=(-3358864.2500,-21780.9531,3499133.0000) accum=(34115.3555,412.7250,927.4130) grounded=0x40800000 linTerm=8.33333e-06
spd=4077.656 ctrl=(-3321334.7500,-21779.6543,3534757.0000) accum=(34569.6484,422.3293,997.7864) grounded=0x40800000 linTerm=8.33333e-06
spd=4116.198 ctrl=(-3331586.7500,-21846.8809,3545667.5000) accum=(33656.0469,396.7908,-117.5265) grounded=0x40800000 linTerm=1.27157e-12
spd=4080.708 ctrl=(-3284940.2500,-21788.3926,3571623.7500) accum=(34131.4492,412.7347,203.1638) grounded=0x40800000 linTerm=8.33333e-06
spd=4084.530 ctrl=(-3246616.2500,-21786.9238,3606427.0000) accum=(34587.6445,422.3030,264.4299) grounded=0x40800000 linTerm=8.33333e-06
spd=4123.086 ctrl=(-3256640.5000,-21854.2090,3617562.2500) accum=(33650.7422,396.7939,-831.3960) grounded=0x40800000 linTerm=1.27157e-12
spd=4087.478 ctrl=(-3209406.2500,-21795.5391,3642501.5000) accum=(34132.0273,412.7426,-521.4622) grounded=0x40800000 linTerm=8.33333e-06
spd=4091.200 ctrl=(-3170308.5000,-21793.9121,3676467.2500) accum=(34589.9023,422.2757,-469.3941) grounded=0x40800000 linTerm=8.33333e-06
spd=4129.771 ctrl=(-3180101.0000,-21861.2402,3687823.7500) accum=(33630.1680,396.7957,-1545.2294) grounded=0x40800000 linTerm=1.27157e-12
spd=4094.048 ctrl=(-3132302.5000,-21802.3926,3711733.2500) accum=(34117.1289,412.7492,-1246.1458) grounded=0x40800000 linTerm=8.33333e-06
spd=4097.672 ctrl=(-3092450.7500,-21800.6191,3744846.5000) accum=(34576.4414,422.2477,-1203.2842) grounded=0x40800000 linTerm=8.33333e-06
spd=4136.258 ctrl=(-3102004.5000,-21867.9648,3756415.7500) accum=(33594.3047,396.7961,-2258.6638) grounded=0x40800000 linTerm=1.27157e-12
spd=4100.422 ctrl=(-3053666.0000,-21808.9590,3779285.2500) accum=(34086.6875,412.7542,-1970.5308) grounded=0x40800000 linTerm=8.33333e-06
spd=4103.953 ctrl=(-3013079.0000,-21807.0332,3811527.5000) accum=(34547.3242,422.2193,-1936.9391) grounded=0x40800000 linTerm=8.33333e-06
spd=4142.552 ctrl=(-3022390.2500,-21874.4277,3823306.0000) accum=(33543.1133,396.7950,-2971.3560) grounded=0x40800000 linTerm=1.27157e-12
spd=4106.608 ctrl=(-2973535.2500,-21815.2598,3845122.2500) accum=(34040.7305,412.7573,-2694.2375) grounded=0x40800000 linTerm=8.33333e-06
spd=4110.047 ctrl=(-2932235.0000,-21813.1953,3876480.0000) accum=(34502.4336,422.1897,-2669.9858) grounded=0x40800000 linTerm=8.33333e-06
spd=4148.660 ctrl=(-2941299.5000,-21880.6289,3888463.2500) accum=(33476.6914,396.7927,-3683.0208) grounded=0x40800000 linTerm=1.27157e-12
spd=4112.610 ctrl=(-2891950.7500,-21821.2949,3909213.5000) accum=(33979.3008,412.7590,-3416.9951) grounded=0x40800000 linTerm=8.33333e-06
spd=4115.959 ctrl=(-2849956.0000,-21819.0918,3939669.5000) accum=(34441.9609,422.1603,-3402.1606) grounded=0x40800000 linTerm=8.33333e-06
spd=4154.585 ctrl=(-2858767.5000,-21886.5527,3951850.2500) accum=(33395.0625,396.7892,-4393.3154) grounded=0x40800000 linTerm=1.27157e-12
spd=4118.432 ctrl=(-2808952.0000,-21827.0781,3971528.0000) accum=(33902.4648,412.7599,-4138.4092) grounded=0x40800000 linTerm=8.33333e-06
spd=4121.695 ctrl=(-2766284.7500,-21824.7441,4001068.2500) accum=(34365.7812,422.1304,-4132.9790) grounded=0x40800000 linTerm=8.33333e-06
spd=4160.333 ctrl=(-2774839.7500,-21892.2402,4013442.2500) accum=(33298.2227,396.7845,-5101.8594) grounded=0x40800000 linTerm=1.27157e-12
spd=4124.082 ctrl=(-2724580.5000,-21832.6152,4032034.5000) accum=(33810.1406,412.7587,-4858.2051) grounded=0x40800000 linTerm=8.33333e-06
spd=4127.260 ctrl=(-2681259.5000,-21830.1367,4060642.0000) accum=(34273.9180,422.0990,-4862.2383) grounded=0x40800000 linTerm=8.33333e-06
spd=4165.911 ctrl=(-2689552.7500,-21897.6582,4073202.0000) accum=(33186.1797,396.7785,-5808.3735) grounded=0x40800000 linTerm=1.27157e-12
spd=4129.561 ctrl=(-2638874.0000,-21837.8906,4090700.5000) accum=(33702.4961,412.7566,-5576.0615) grounded=0x40800000 linTerm=8.33333e-06
spd=4132.658 ctrl=(-2594923.0000,-21835.2969,4118364.7500) accum=(34166.4961,422.0677,-5589.5605) grounded=0x40800000 linTerm=8.33333e-06
spd=4171.320 ctrl=(-2602951.5000,-21902.8477,4131106.5000) accum=(33059.0273,396.7713,-6512.5376) grounded=0x40800000 linTerm=1.27157e-12
spd=4134.876 ctrl=(-2551879.2500,-21842.9434,4147502.5000) accum=(33579.4141,412.7529,-6291.5522) grounded=0x40800000 linTerm=8.33333e-06
spd=4137.894 ctrl=(-2507317.0000,-21840.2148,4174207.0000) accum=(34043.5273,422.0355,-6314.5781) grounded=0x40800000 linTerm=8.33333e-06
spd=4176.568 ctrl=(-2515077.5000,-21907.8145,4187127.2500) accum=(32916.8359,396.7634,-7213.9526) grounded=0x40800000 linTerm=1.27157e-12
spd=4140.033 ctrl=(-2463634.2500,-21847.7637,4202409.0000) accum=(33441.1250,412.7483,-7004.4282) grounded=0x40800000 linTerm=8.33333e-06
spd=4142.973 ctrl=(-2418485.5000,-21844.9219,4228144.0000) accum=(33905.0586,422.0030,-7036.9668) grounded=0x40800000 linTerm=8.33333e-06
spd=4181.658 ctrl=(-2425971.0000,-21912.5352,4241230.5000) accum=(32759.6465,396.7540,-7912.3662) grounded=0x40800000 linTerm=1.27157e-12
spd=4145.034 ctrl=(-2374184.7500,-21852.3613,4255395.5000) accum=(33287.5273,412.7418,-7714.2783) grounded=0x40800000 linTerm=8.33333e-06
spd=4147.899 ctrl=(-2328469.7500,-21849.4102,4280147.0000) accum=(33751.1680,421.9702,-7756.4204) grounded=0x40800000 linTerm=8.33333e-06
spd=4186.595 ctrl=(-2335679.0000,-21917.0508,4293398.5000) accum=(32587.4590,396.7434,-8607.4121) grounded=0x40800000 linTerm=1.27157e-12
spd=4149.885 ctrl=(-2283574.2500,-21856.7559,4306437.5000) accum=(33118.8086,412.7344,-8420.8926) grounded=0x40800000 linTerm=8.33333e-06
spd=4152.677 ctrl=(-2237314.5000,-21853.6758,4330190.5000) accum=(33581.8789,421.9368,-8472.5742) grounded=0x40800000 linTerm=8.33333e-06
spd=4191.384 ctrl=(-2244243.2500,-21921.3457,4343601.0000) accum=(32400.3828,396.7317,-9298.7188) grounded=0x40800000 linTerm=1.27157e-12
spd=4154.590 ctrl=(-2191844.5000,-21860.9238,4355506.5000) accum=(32934.9375,412.7260,-9123.8076) grounded=0x40800000 linTerm=8.33333e-06
spd=4157.312 ctrl=(-2145063.5000,-21857.7383,4378252.5000) accum=(33397.2227,421.9025,-9185.0332) grounded=0x40800000 linTerm=8.33333e-06
spd=4196.029 ctrl=(-2151707.7500,-21925.4434,4391814.0000) accum=(32198.5957,396.7192,-9986.1113) grounded=0x40800000 linTerm=1.27157e-12
spd=4159.153 ctrl=(-2099040.2500,-21864.9023,4402580.0000) accum=(32736.0723,412.7160,-9822.7842) grounded=0x40800000 linTerm=8.33333e-06
spd=4161.806 ctrl=(-2051760.8750,-21861.6074,4424307.5000) accum=(33197.3906,421.8679,-9893.6123) grounded=0x40800000 linTerm=8.33333e-06
spd=4200.533 ctrl=(-2058117.2500,-21929.3438,4438013.5000) accum=(31982.0547,396.7054,-10669.1396) grounded=0x40800000 linTerm=1.27157e-12
spd=4163.578 ctrl=(-2005208.1250,-21868.6973,4447637.0000) accum=(32522.2598,412.7048,-10517.4795) grounded=0x40800000 linTerm=8.33333e-06
spd=4166.165 ctrl=(-1957453.6250,-21865.3086,4468337.5000) accum=(32982.3867,421.8328,-10597.8740) grounded=0x40800000 linTerm=8.33333e-06
spd=4204.900 ctrl=(-1963518.6250,-21933.0664,4482182.0000) accum=(31750.9180,396.6904,-11347.5166) grounded=0x40800000 linTerm=1.27157e-12
spd=4167.870 ctrl=(-1910391.7500,-21872.3027,4490654.5000) accum=(32293.6250,412.6928,-11207.5840) grounded=0x40800000 linTerm=8.33333e-06
spd=4170.391 ctrl=(-1862183.8750,-21868.8027,4510314.5000) accum=(32752.3457,421.7975,-11297.4678) grounded=0x40800000 linTerm=8.33333e-06
spd=4209.136 ctrl=(-1867955.3750,-21936.5918,4524293.5000) accum=(31505.2617,396.6749,-12020.8672) grounded=0x40800000 linTerm=1.27157e-12
spd=4172.031 ctrl=(-1814637.7500,-21875.7285,4531614.0000) accum=(32050.2656,412.6801,-11892.7354) grounded=0x40800000 linTerm=8.33333e-06
spd=4174.489 ctrl=(-1765999.6250,-21872.1230,4550223.5000) accum=(32507.4043,421.7619,-11992.2021) grounded=0x40800000 linTerm=8.33333e-06
spd=4213.244 ctrl=(-1771474.5000,-21939.9277,4564329.5000) accum=(31245.2168,396.6584,-12689.0020) grounded=0x40800000 linTerm=1.27157e-12
spd=4176.066 ctrl=(-1717990.8750,-21878.9570,4570492.5000) accum=(31792.2402,412.6659,-12572.6191) grounded=0x40800000 linTerm=8.33333e-06
spd=4178.464 ctrl=(-1668946.8750,-21875.2598,4588045.5000) accum=(32247.5918,421.7263,-12681.6240) grounded=0x40800000 linTerm=8.33333e-06
spd=4217.227 ctrl=(-1674121.7500,-21943.0879,4602272.0000) accum=(30970.9277,396.6417,-13351.5576) grounded=0x40800000 linTerm=1.27157e-12
spd=4179.979 ctrl=(-1620497.8750,-21882.0098,4607272.5000) accum=(31519.7012,412.6510,-13246.9639) grounded=0x40800000 linTerm=8.33333e-06
spd=4182.317 ctrl=(-1571072.0000,-21878.2246,4623761.0000) accum=(31973.0293,421.6896,-13365.4570) grounded=0x40800000 linTerm=8.33333e-06
spd=4221.088 ctrl=(-1575943.6250,-21946.0684,4638098.5000) accum=(30682.4922,396.6239,-14008.2373) grounded=0x40800000 linTerm=1.27157e-12
spd=4183.773 ctrl=(-1522206.0000,-21884.9023,4641938.0000) accum=(31232.8027,412.6353,-13915.4648) grounded=0x40800000 linTerm=8.33333e-06
spd=4186.054 ctrl=(-1472421.3750,-21881.0234,4657353.0000) accum=(31683.8809,421.6530,-14043.3799) grounded=0x40800000 linTerm=8.33333e-06
spd=4224.833 ctrl=(-1476987.6250,-21948.8770,4671796.5000) accum=(30380.0020,396.6050,-14658.6982) grounded=0x40800000 linTerm=1.27157e-12
spd=4187.452 ctrl=(-1423161.6250,-21887.6113,4674470.0000) accum=(30931.6309,412.6183,-14577.7754) grounded=0x40800000 linTerm=8.33333e-06
spd=4189.677 ctrl=(-1373042.0000,-21883.6484,4688804.0000) accum=(31380.2402,421.6159,-14715.0820) grounded=0x40800000 linTerm=8.33333e-06
spd=4228.464 ctrl=(-1377301.0000,-21951.5332,4703349.0000) accum=(30063.5977,396.5853,-15302.6299) grounded=0x40800000 linTerm=1.27157e-12
spd=4191.019 ctrl=(-1323412.1250,-21890.1699,4704854.5000) accum=(30616.3164,412.6004,-15233.5664) grounded=0x40800000 linTerm=8.33333e-06
spd=4193.189 ctrl=(-1272981.6250,-21886.1270,4718102.0000) accum=(31062.2676,421.5784,-15380.2266) grounded=0x40800000 linTerm=8.33333e-06
spd=4231.985 ctrl=(-1276931.0000,-21954.0215,4732739.0000) accum=(29733.4961,396.5651,-15939.8320) grounded=0x40800000 linTerm=1.27157e-12
spd=4194.477 ctrl=(-1223005.3750,-21892.5684,4733076.5000) accum=(30287.0273,412.5819,-15882.5674) grounded=0x40800000 linTerm=8.33333e-06
spd=4196.595 ctrl=(-1172288.6250,-21888.4453,4745231.0000) accum=(30730.0957,421.5403,-16038.5576) grounded=0x40800000 linTerm=8.33333e-06
spd=4235.397 ctrl=(-1175926.0000,-21956.3613,4759953.5000) accum=(29389.7129,396.5435,-16569.8262) grounded=0x40800000 linTerm=1.27157e-12
spd=4197.829 ctrl=(-2557056.5000,-21921.5664,4174687.5000) accum=(2468.8711,60.7796,-27752.7129) grounded=0x40800000 linTerm=8.33333e-06
spd=4200.915 ctrl=(-2603407.5000,-21936.8340,4150295.5000) accum=(-1053.6471,32.2103,-29807.5938) grounded=0x40800000 linTerm=8.33333e-06
spd=4241.077 ctrl=(-2610482.5000,-21996.4531,4161575.0000) accum=(-1278.3296,33.1170,-29938.1621) grounded=0x40800000 linTerm=1.27157e-12
spd=4204.088 ctrl=(-2648186.7500,-21940.9824,4123299.5000) accum=(-2903.5374,16.7460,-30923.2227) grounded=0x40800000 linTerm=8.33333e-06
spd=4207.172 ctrl=(-2692187.7500,-21941.0684,4095062.7500) accum=(-5427.2480,3.6425,-32461.4570) grounded=0x40800000 linTerm=8.33333e-06
spd=4247.130 ctrl=(-2699357.0000,-21999.4922,4105967.7500) accum=(-4679.6309,15.3469,-32350.5820) grounded=0x40800000 linTerm=1.27157e-12
spd=4209.974 ctrl=(-2735542.7500,-21938.3828,4065843.5000) accum=(-6569.0493,1.0882,-33466.1641) grounded=0x40800000 linTerm=8.33333e-06
spd=4212.668 ctrl=(-2778405.5000,-21934.3164,4035910.5000) accum=(-7834.0552,-8.5981,-34281.9062) grounded=0x40800000 linTerm=8.33333e-06
spd=4252.283 ctrl=(-2786123.7500,-21995.2480,4047122.0000) accum=(-6664.3691,6.7902,-34093.5586) grounded=0x40800000 linTerm=1.27157e-12
spd=4214.854 ctrl=(-2821271.0000,-21932.8164,4005994.5000) accum=(-8032.4429,-6.9922,-34833.1289) grounded=0x40800000 linTerm=8.33333e-06
spd=4217.195 ctrl=(-2863350.5000,-21927.7637,3974979.5000) accum=(-8895.1602,-15.1500,-35467.3945) grounded=0x40800000 linTerm=8.33333e-06
spd=4256.542 ctrl=(-2871620.7500,-21991.0957,3986459.7500) accum=(-7510.4785,2.5393,-35227.8633) grounded=0x40800000 linTerm=1.27157e-12
spd=4218.886 ctrl=(-2905849.5000,-21928.4453,3944554.0000) accum=(-8561.9160,-11.3653,-35747.3320) grounded=0x40800000 linTerm=8.33333e-06
spd=4220.968 ctrl=(-2947234.2500,-21923.2461,3912623.7500) accum=(-9188.5459,-18.7763,-36275.7617) grounded=0x40800000 linTerm=8.33333e-06
spd=4260.134 ctrl=(-2955980.0000,-21988.3086,3924234.2500) accum=(-7689.6987,0.2743,-35994.2656) grounded=0x40800000 linTerm=1.27157e-12
spd=4222.309 ctrl=(-2989309.7500,-21925.6895,3881612.0000) accum=(-8549.8926,-13.8338,-36384.4844) grounded=0x40800000 linTerm=8.33333e-06
spd=4224.208 ctrl=(-3030008.2500,-21920.5293,3848813.2500) accum=(-9034.9922,-20.8433,-36850.6328) grounded=0x40800000 linTerm=8.33333e-06
spd=4263.259 ctrl=(-3039158.0000,-21986.7207,3860435.5000) accum=(-7474.8975,-0.9802,-36530.6328) grounded=0x40800000 linTerm=1.27157e-12
spd=4225.311 ctrl=(-3071580.7500,-21924.1680,3817120.7500) accum=(-8219.0820,-15.2575,-36845.9102) grounded=0x40800000 linTerm=8.33333e-06
spd=4227.081 ctrl=(-3111577.5000,-21919.0430,3783466.2500) accum=(-8617.2949,-22.0364,-37275.9180) grounded=0x40800000 linTerm=8.33333e-06
spd=4266.063 ctrl=(-3121077.2500,-21985.9668,3795017.5000) accum=(-7025.2036,-1.6894,-36919.0273) grounded=0x40800000 linTerm=1.27157e-12
spd=4228.021 ctrl=(-3152576.0000,-21923.4531,3751023.0000) accum=(-7698.3213,-16.0885,-37192.2461) grounded=0x40800000 linTerm=8.33333e-06
spd=4229.699 ctrl=(-3191854.0000,-21918.3633,3716526.2500) accum=(-8041.7632,-22.7286,-37601.9453) grounded=0x40800000 linTerm=8.33333e-06
spd=4268.640 ctrl=(-3201665.7500,-21985.7461,3727950.5000) accum=(-6434.5479,-2.0966,-37208.9062) grounded=0x40800000 linTerm=1.27157e-12
spd=4230.525 ctrl=(-3232223.0000,-21923.2383,3683290.5000) accum=(-7063.2939,-16.5776,-37460.4492) grounded=0x40800000 linTerm=8.33333e-06
spd=4232.132 ctrl=(-3270759.5000,-21918.1465,3647959.0000) accum=(-7370.8799,-23.1304,-37859.5977) grounded=0x40800000 linTerm=8.33333e-06
spd=4271.050 ctrl=(-3280855.5000,-21985.8086,3659219.5000) accum=(-5758.6357,-2.3328,-37430.8281) grounded=0x40800000 linTerm=1.27157e-12
spd=4232.876 ctrl=(-3310455.0000,-21923.2910,3613911.2500) accum=(-6358.8486,-16.8668,-37673.3438) grounded=0x40800000 linTerm=8.33333e-06
spd=4234.428 ctrl=(-3348230.2500,-21918.1797,3577758.5000) accum=(-6641.8481,-23.3618,-38067.9141) grounded=0x40800000 linTerm=8.33333e-06
spd=4273.333 ctrl=(-3358593.2500,-21986.0254,3588831.2500) accum=(-5030.8481,-2.4712,-37603.9453) grounded=0x40800000 linTerm=1.27157e-12
spd=4235.108 ctrl=(-3387218.7500,-21923.4805,3542891.7500) accum=(-5611.9614,-17.0401,-37844.9531) grounded=0x40800000 linTerm=8.33333e-06
spd=4236.614 ctrl=(-3424214.5000,-21918.3438,3505932.5000) accum=(-5876.9634,-23.4935,-38238.8594) grounded=0x40800000 linTerm=8.33333e-06
spd=4275.514 ctrl=(-3434829.5000,-21986.2891,3516800.7500) accum=(-4271.2388,-2.5532,-37739.9609) grounded=0x40800000 linTerm=1.27157e-12
spd=4237.244 ctrl=(-3462466.2500,-21923.7109,3470249.7500) accum=(-4838.7158,-17.1446,-37984.3789) grounded=0x40800000 linTerm=8.33333e-06
spd=4238.709 ctrl=(-3498664.5000,-21918.5430,3432500.0000) accum=(-5089.7026,-23.5677,-38379.6641) grounded=0x40800000 linTerm=8.33333e-06
spd=4277.607 ctrl=(-3509521.0000,-21986.5586,3443151.0000) accum=(-3491.9473,-2.6032,-37846.2930) grounded=0x40800000 linTerm=1.27157e-12
spd=4239.296 ctrl=(-3536157.2500,-21923.9512,3396010.5000) accum=(-4049.0403,-17.2093,-38097.0078) grounded=0x40800000 linTerm=8.33333e-06
spd=4240.726 ctrl=(-3571537.2500,-21918.7266,3357484.0000) accum=(-4288.2334,-23.6065,-38495.2148) grounded=0x40800000 linTerm=8.33333e-06
spd=4279.624 ctrl=(-3582629.5000,-21986.7988,3367911.5000) accum=(-2700.3809,-2.6340,-37927.5898) grounded=0x40800000 linTerm=1.27157e-12
spd=4241.274 ctrl=(-3608248.5000,-21924.1387,3320199.7500) accum=(-3248.8630,-17.2493,-38186.4570) grounded=0x40800000 linTerm=8.33333e-06
spd=4242.671 ctrl=(-3642799.2500,-21918.8926,3280919.2500) accum=(-3477.6643,-23.6259,-38588.2305) grounded=0x40800000 linTerm=8.33333e-06
spd=4281.571 ctrl=(-3654114.5000,-21986.9766,3291110.5000) accum=(-1901.1674,-2.6541,-37986.7891) grounded=0x40800000 linTerm=1.27157e-12
spd=4243.185 ctrl=(-3678706.7500,-21924.2812,3242852.0000) accum=(-2442.1150,-17.2760,-38254.7969) grounded=0x40800000 linTerm=8.33333e-06
spd=4244.551 ctrl=(-3712407.2500,-21918.9863,3202830.5000) accum=(-2661.2239,-23.6340,-38660.6914) grounded=0x40800000 linTerm=8.33333e-06
spd=4283.454 ctrl=(-3723943.2500,-21987.0938,3212782.7500) accum=(-1097.2201,-2.6678,-38025.7227) grounded=0x40800000 linTerm=1.27157e-12
spd=4245.033 ctrl=(-3747495.0000,-21924.3496,3163998.2500) accum=(-1631.1250,-17.2949,-38303.4023) grounded=0x40800000 linTerm=8.33333e-06
spd=4246.369 ctrl=(-3780330.5000,-21919.0137,3123256.2500) accum=(-1840.9694,-23.6355,-38713.4883) grounded=0x40800000 linTerm=8.33333e-06
spd=4285.275 ctrl=(-3792080.5000,-21987.1348,3132964.2500) accum=(-290.4237,-2.6781,-38045.3164) grounded=0x40800000 linTerm=1.27157e-12
spd=4246.821 ctrl=(-3814580.5000,-21924.3438,3083675.5000) accum=(-817.4571,-17.3079,-38333.1953) grounded=0x40800000 linTerm=8.33333e-06
spd=4248.129 ctrl=(-3846537.7500,-21918.9766,3042233.7500) accum=(-1018.2403,-23.6324,-38747.5664) grounded=0x40800000 linTerm=8.33333e-06
spd=4287.038 ctrl=(-3858494.5000,-21987.1094,3051690.2500) accum=(517.9842,-2.6857,-38046.5352) grounded=0x40800000 linTerm=1.27157e-12
spd=4248.553 ctrl=(-3879935.0000,-21924.2891,3001923.2500) accum=(-2.2384,-17.3186,-38344.5977) grounded=0x40800000 linTerm=8.33333e-06
spd=4249.834 ctrl=(-3910994.7500,-21918.8672,2959797.5000) accum=(-194.0127,-23.6278,-38763.2031) grounded=0x40800000 linTerm=8.33333e-06
spd=4288.746 ctrl=(-3923153.5000,-21987.0117,2968999.2500) accum=(1327.0831,-2.6924,-38029.6797) grounded=0x40800000 linTerm=1.27157e-12
spd=4250.230 ctrl=(-3943522.2500,-21924.1504,2918774.7500) accum=(813.6992,-17.3274,-38338.0117) grounded=0x40800000 linTerm=8.33333e-06
spd=4251.485 ctrl=(-3973675.0000,-21918.7051,2875988.0000) accum=(630.8777,-23.6222,-38760.7461) grounded=0x40800000 linTerm=8.33333e-06
spd=4290.401 ctrl=(-3986027.2500,-21986.8398,2884928.2500) accum=(2136.1438,-2.6984,-37995.0391) grounded=0x40800000 linTerm=1.27157e-12
spd=4251.854 ctrl=(-4005313.7500,-21923.9336,2834270.0000) accum=(1629.7749,-17.3344,-38313.6445) grounded=0x40800000 linTerm=8.33333e-06
spd=4253.084 ctrl=(-4034542.2500,-21918.4492,2790839.2500) accum=(1455.9808,-23.6152,-38740.4141) grounded=0x40800000 linTerm=8.33333e-06
spd=4292.003 ctrl=(-4047087.2500,-21986.6113,2799517.0000) accum=(2944.6370,-2.7042,-37942.8203) grounded=0x40800000 linTerm=1.27157e-12
spd=4253.428 ctrl=(-4065283.7500,-21923.6699,2748449.0000) accum=(2445.3936,-17.3416,-38271.5938) grounded=0x40800000 linTerm=8.33333e-06
spd=4254.633 ctrl=(-4093574.5000,-21918.1426,2704395.5000) accum=(2280.7100,-23.6081,-38702.2578) grounded=0x40800000 linTerm=8.33333e-06
spd=4293.556 ctrl=(-4106304.5000,-21986.3008,2712806.0000) accum=(3752.0732,-2.7086,-37873.1523) grounded=0x40800000 linTerm=1.27157e-12
spd=4254.953 ctrl=(-4123402.7500,-21923.3262,2661351.7500) accum=(3260.1143,-17.3472,-38212.0352) grounded=0x40800000 linTerm=8.33333e-06
spd=4256.135 ctrl=(-4150741.7500,-21917.7617,2616695.5000) accum=(3104.5349,-23.6016,-38646.2969) grounded=0x40800000 linTerm=8.33333e-06
spd=4295.060 ctrl=(-4163650.0000,-21985.9297,2624833.2500) accum=(4557.9863,-2.7139,-37786.1211) grounded=0x40800000 linTerm=1.27157e-12
spd=4256.431 ctrl=(-4179642.7500,-21922.9316,2573018.2500) accum=(4073.5225,-17.3530,-38134.9883) grounded=0x40800000 linTerm=8.33333e-06
spd=4257.590 ctrl=(-4206018.5000,-21917.3320,2527780.2500) accum=(3927.1692,-23.5945,-38572.7148) grounded=0x40800000 linTerm=8.33333e-06
spd=4296.518 ctrl=(-4219099.5000,-21985.4902,2535642.2500) accum=(5361.9893,-2.7178,-37681.8359) grounded=0x40800000 linTerm=1.27157e-12
spd=4257.863 ctrl=(-4233976.0000,-21922.4453,2483487.7500) accum=(4885.2319,-17.3574,-38040.5703) grounded=0x40800000 linTerm=8.33333e-06
spd=4259.000 ctrl=(-4259377.5000,-21916.8125,2437689.2500) accum=(4748.1440,-23.5870,-38481.5859) grounded=0x40800000 linTerm=8.33333e-06
spd=4297.931 ctrl=(-4272625.5000,-21984.9863,2445271.5000) accum=(6163.6733,-2.7220,-37560.3945) grounded=0x40800000 linTerm=1.27157e-12
spd=4259.250 ctrl=(-4286379.0000,-21921.9043,2392802.5000) accum=(5694.7593,-17.3629,-37928.7734) grounded=0x40800000 linTerm=8.33333e-06
spd=4260.365 ctrl=(-4310793.5000,-21916.2422,2346465.5000) accum=(5567.0283,-23.5802,-38372.8828) grounded=0x40800000 linTerm=8.33333e-06
spd=4299.300 ctrl=(-4324203.5000,-21984.4199,2353765.0000) accum=(6962.6460,-2.7265,-37421.7578) grounded=0x40800000 linTerm=1.27157e-12
spd=4260.594 ctrl=(-4336832.5000,-21921.3242,2301007.7500) accum=(6501.7905,-17.3679,-37799.6797) grounded=0x40800000 linTerm=8.33333e-06
spd=4261.688 ctrl=(-4360246.5000,-21915.6211,2254152.0000) accum=(6383.4722,-23.5740,-38246.6758) grounded=0x40800000 linTerm=8.33333e-06
spd=4300.626 ctrl=(-4373809.5000,-21983.7930,2261163.7500) accum=(7758.5400,-2.7308,-37266.0898) grounded=0x40800000 linTerm=1.27157e-12
spd=4261.896 ctrl=(-4385304.5000,-21920.6660,2208141.5000) accum=(7305.9512,-17.3724,-37653.3867) grounded=0x40800000 linTerm=8.33333e-06
spd=4262.971 ctrl=(-4407709.0000,-21914.9316,2160790.2500) accum=(7197.2148,-23.5660,-38103.0781) grounded=0x40800000 linTerm=8.33333e-06
spd=4301.911 ctrl=(-4421421.0000,-21983.1055,2167512.7500) accum=(8551.0430,-2.7341,-37093.4375) grounded=0x40800000 linTerm=1.27157e-12
spd=4263.158 ctrl=(-4431778.0000,-21919.9531,2114250.0000) accum=(8106.8789,-17.3763,-37489.9570) grounded=0x40800000 linTerm=8.33333e-06
spd=4264.213 ctrl=(-4453163.0000,-21914.1914,2066425.1250) accum=(8007.6499,-23.5598,-37942.0742) grounded=0x40800000 linTerm=8.33333e-06
spd=4303.156 ctrl=(-4467017.5000,-21982.3691,2072854.2500) accum=(9339.7432,-2.7373,-36903.9219) grounded=0x40800000 linTerm=1.27157e-12
spd=4264.381 ctrl=(-4476227.5000,-21919.1758,2019374.6250) accum=(8904.1758,-17.3802,-37309.4688) grounded=0x40800000 linTerm=8.33333e-06
spd=4265.417 ctrl=(-4496585.5000,-21913.3965,1971098.5000) accum=(8814.5635,-23.5533,-37763.8398) grounded=0x40800000 linTerm=8.33333e-06
spd=4304.362 ctrl=(-4510575.0000,-21981.5742,1977231.0000) accum=(10124.2012,-2.7415,-36697.5586) grounded=0x40800000 linTerm=1.27157e-12
spd=4265.566 ctrl=(-4518638.0000,-21918.3613,1923561.1250) accum=(9697.4619,-17.3846,-37111.9531) grounded=0x40800000 linTerm=8.33333e-06
spd=4266.583 ctrl=(-4537955.0000,-21912.5430,1874855.0000) accum=(9617.5508,-23.5462,-37568.4336) grounded=0x40800000 linTerm=8.33333e-06
spd=4305.531 ctrl=(-4552074.0000,-21980.7188,1880688.1250) accum=(10904.1973,-2.7446,-36474.5195) grounded=0x40800000 linTerm=1.27157e-12
spd=4266.713 ctrl=(-4558986.0000,-21917.4863,1826852.2500) accum=(10486.4307,-17.3882,-36897.5820) grounded=0x40800000 linTerm=8.33333e-06
spd=4267.713 ctrl=(-4577255.5000,-21911.6426,1777739.1250) accum=(10416.2070,-23.5403,-37355.8555) grounded=0x40800000 linTerm=8.33333e-06
spd=4306.664 ctrl=(-4591496.5000,-21979.8145,1783270.1250) accum=(11679.2646,-2.7481,-36234.8359) grounded=0x40800000 linTerm=1.27157e-12
spd=4267.826 ctrl=(-4597253.0000,-21916.5605,1729293.3750) accum=(11270.6719,-17.3915,-36666.4062) grounded=0x40800000 linTerm=8.33333e-06
spd=4268.808 ctrl=(-4614466.0000,-21910.6875,1679796.0000) accum=(11210.1807,-23.5341,-37126.2695) grounded=0x40800000 linTerm=8.33333e-06
spd=4307.761 ctrl=(-4628824.0000,-21978.8633,1685022.7500) accum=(12449.0820,-2.7515,-35978.5898) grounded=0x40800000 linTerm=1.27157e-12
spd=4268.903 ctrl=(-4633423.0000,-21915.5859,1630929.7500) accum=(12049.8682,-17.3944,-36418.5234) grounded=0x40800000 linTerm=8.33333e-06
spd=4269.869 ctrl=(-4649571.5000,-21909.6875,1581071.0000) accum=(11999.1758,-23.5278,-36879.7891) grounded=0x40800000 linTerm=8.33333e-06
spd=4308.824 ctrl=(-4664040.0000,-21977.8652,1585991.0000) accum=(13213.3633,-2.7541,-35706.0078) grounded=0x40800000 linTerm=1.27157e-12
spd=4269.947 ctrl=(-4667477.5000,-21914.5605,1531806.3750) accum=(12823.6250,-17.3973,-36154.0312) grounded=0x40800000 linTerm=8.33333e-06
spd=4270.897 ctrl=(-4682555.0000,-21908.6406,1481609.7500) accum=(12782.7324,-23.5216,-36616.5000) grounded=0x40800000 linTerm=8.33333e-06
spd=4309.854 ctrl=(-4697127.0000,-21976.8145,1486220.6250) accum=(13971.6357,-2.7571,-35417.1172) grounded=0x40800000 linTerm=1.27157e-12
spd=4270.959 ctrl=(-4699404.0000,-21913.4922,1431970.1250) accum=(13591.5010,-17.4010,-35873.0352) grounded=0x40800000 linTerm=8.33333e-06
spd=4271.893 ctrl=(-4713401.0000,-21907.5430,1381457.7500) accum=(13560.5625,-23.5154,-36336.5469) grounded=0x40800000 linTerm=8.33333e-06
spd=4310.853 ctrl=(-4728070.0000,-21975.7305,1385757.3750) accum=(14723.6504,-2.7600,-35112.1523) grounded=0x40800000 linTerm=1.27157e-12
spd=4271.939 ctrl=(-4729182.0000,-21912.3809,1331465.1250) accum=(14353.4180,-17.4033,-35575.8203) grounded=0x40800000 linTerm=8.33333e-06
spd=4272.858 ctrl=(-4742096.0000,-21906.4160,1280661.6250) accum=(14332.2715,-23.5098,-36040.0273) grounded=0x40800000 linTerm=8.33333e-06
spd=4311.819 ctrl=(-4756855.5000,-21974.6016,1284647.6250) accum=(15469.0254,-2.7629,-34791.1680) grounded=0x40800000 linTerm=1.27157e-12
spd=4272.889 ctrl=(-4756804.0000,-21911.2305,1230339.3750) accum=(15108.6992,-17.4063,-35262.3320) grounded=0x40800000 linTerm=8.33333e-06
spd=4273.792 ctrl=(-4768625.0000,-21905.2344,1179267.3750) accum=(15097.5078,-23.5040,-35727.0938) grounded=0x40800000 linTerm=8.33333e-06
spd=4312.756 ctrl=(-4783467.5000,-21973.4121,1182937.7500) accum=(16207.4199,-2.7651,-34454.3125) grounded=0x40800000 linTerm=1.27157e-12
spd=4273.809 ctrl=(-4782254.0000,-21910.0293,1128639.0000) accum=(15857.2197,-17.4085,-34932.8086) grounded=0x40800000 linTerm=8.33333e-06
spd=4274.698 ctrl=(-4792978.5000,-21904.0156,1077322.1250) accum=(15855.9092,-23.4984,-35397.8906) grounded=0x40800000 linTerm=8.33333e-06
spd=4313.664 ctrl=(-4807897.0000,-21972.1895,1080675.6250) accum=(16938.4473,-2.7681,-34101.7266) grounded=0x40800000 linTerm=1.27157e-12
spd=4274.700 ctrl=(-4805519.0000,-21908.7852,1026410.6875) accum=(16598.5156,-17.4114,-34587.3203) grounded=0x40800000 linTerm=8.33333e-06
spd=4275.575 ctrl=(-4815143.5000,-21902.7520,974872.9375) accum=(16607.1562,-23.4930,-35052.5000) grounded=0x40800000 linTerm=8.33333e-06
spd=4314.543 ctrl=(-4830130.5000,-21970.9297,977907.2500) accum=(17661.8613,-2.7706,-33733.6172) grounded=0x40800000 linTerm=1.27157e-12
spd=0.000 ctrl=(-784083.6250,-3566.5798,158745.4062) accum=(2583.3379,93.8270,1955.7075) grounded=0x40800000 linTerm=8.33333e-06
spd=6.579 ctrl=(-806787.6875,-3669.8191,163302.3750) accum=(28220.9199,154.5117,-7329.5493) grounded=0x40800000 linTerm=8.33333e-06
spd=13.121 ctrl=(-829358.9375,-3772.4875,167871.0469) accum=(28176.5801,154.4447,-7339.8135) grounded=0x40800000 linTerm=1.27157e-12
spd=13.121 ctrl=(-829373.3125,-3772.4812,167793.3906) accum=(28177.2773,154.4446,-7337.2144) grounded=0x40800000 linTerm=8.33333e-06
spd=19.852 ctrl=(-852622.4375,-3878.1211,172371.5469) accum=(28234.2012,154.4068,-7354.4180) grounded=0x40800000 linTerm=8.33333e-06
spd=26.780 ctrl=(-876522.7500,-3986.8289,177203.4375) accum=(28193.9980,154.2810,-7381.2852) grounded=0x40800000 linTerm=1.27157e-12
spd=26.778 ctrl=(-876551.5000,-3986.8052,177035.4688) accum=(28195.4375,154.2808,-7376.1533) grounded=0x40800000 linTerm=8.33333e-06
spd=33.904 ctrl=(-901182.3750,-4098.6348,181783.8906) accum=(28262.4160,154.1807,-7409.9521) grounded=0x40800000 linTerm=8.33333e-06
spd=41.239 ctrl=(-926490.1250,-4213.7363,186888.8906) accum=(28225.3516,153.9897,-7456.1382) grounded=0x40800000 linTerm=1.27157e-12
spd=41.235 ctrl=(-926532.7500,-4213.6812,186614.6562) accum=(28227.7402,153.9890,-7448.8257) grounded=0x40800000 linTerm=8.33333e-06
spd=48.778 ctrl=(-952626.0625,-4332.0454,191526.1406) accum=(28306.1738,153.8174,-7502.8677) grounded=0x40800000 linTerm=8.33333e-06
spd=56.543 ctrl=(-979424.0000,-4453.9097,196913.8594) accum=(28272.6348,153.5564,-7571.2104) grounded=0x40800000 linTerm=1.27157e-12
spd=56.537 ctrl=(-979480.4375,-4453.8062,196515.3906) accum=(28276.2676,153.5539,-7562.5234) grounded=0x40800000 linTerm=8.33333e-06
spd=64.519 ctrl=(-1007120.5625,-4579.0688,201580.0312) accum=(28367.6582,153.3032,-7641.1074) grounded=0x40800000 linTerm=8.33333e-06
spd=72.740 ctrl=(-1035496.1250,-4708.0835,207259.5312) accum=(28337.9316,152.9698,-7734.7085) grounded=0x40800000 linTerm=1.27157e-12
spd=72.729 ctrl=(-1035565.8750,-4707.9150,206716.3125) accum=(28343.3203,152.9634,-7726.2173) grounded=0x40800000 linTerm=8.33333e-06
spd=81.175 ctrl=(-1064842.1250,-4840.4546,211920.9531) accum=(28449.2070,152.6292,-7834.3369) grounded=0x40800000 linTerm=8.33333e-06
spd=89.878 ctrl=(-1094888.1250,-4977.0352,217900.5938) accum=(28423.3672,152.2247,-7956.5073) grounded=0x40800000 linTerm=1.27157e-12
spd=89.862 ctrl=(-1094969.6250,-4976.7739,217189.2344) accum=(28431.2441,152.2122,-7950.7944) grounded=0x40800000 linTerm=8.33333e-06
spd=98.797 ctrl=(-1125976.5000,-5116.9902,222517.0156) accum=(28553.1465,151.7942,-8094.3750) grounded=0x40800000 linTerm=8.33333e-06
spd=108.010 ctrl=(-1157790.6250,-5261.5679,228804.1719) accum=(28530.9824,151.3246,-8248.4990) grounded=0x40800000 linTerm=1.27157e-12
spd=107.986 ctrl=(-1157882.7500,-5261.1924,227898.2656) accum=(28542.3887,151.3041,-8249.7061) grounded=0x40800000 linTerm=8.33333e-06
spd=117.436 ctrl=(-1190718.3750,-5409.5034,233327.8906) accum=(28681.7188,150.8096,-8435.7197) grounded=0x40800000 linTerm=8.33333e-06
spd=127.188 ctrl=(-1224403.8750,-5562.5391,239928.7500) accum=(28662.6270,150.2867,-8624.9639) grounded=0x40800000 linTerm=1.27157e-12
spd=127.155 ctrl=(-1224505.2500,-5562.0181,238798.5312) accum=(28678.9043,150.2578,-8639.4277) grounded=0x40800000 linTerm=8.33333e-06
spd=137.149 ctrl=(-1259274.0000,-5718.8589,244303.7031) accum=(28836.8906,149.7037,-8876.1455) grounded=0x40800000 linTerm=8.33333e-06
spd=147.471 ctrl=(-1294939.8750,-5880.8330,251223.0000) accum=(28819.7070,149.1454,-9102.8730) grounded=0x40800000 linTerm=1.27157e-12
spd=147.426 ctrl=(-1295047.2500,-5880.1304,249834.6719) accum=(28842.5254,149.1127,-9139.9551) grounded=0x40800000 linTerm=8.33333e-06
spd=157.993 ctrl=(-1331858.5000,-6045.9712,255383.5156) accum=(29020.0820,148.5293,-9437.2686) grounded=0x40800000 linTerm=8.33333e-06
spd=168.916 ctrl=(-1369620.3750,-6217.3916,262624.3438) accum=(29002.9863,147.9586,-9702.0234) grounded=0x40800000 linTerm=1.27157e-12
spd=168.857 ctrl=(-1369730.3750,-6216.4580,260939.6562) accum=(29034.1562,147.9363,-9775.0479) grounded=0x40800000 linTerm=8.33333e-06
spd=180.028 ctrl=(-1408699.0000,-6391.7661,266493.8750) accum=(29231.8125,147.3702,-10144.8545) grounded=0x40800000 linTerm=8.33333e-06
spd=191.587 ctrl=(-1448678.1250,-6573.1655,274057.0000) accum=(29212.1836,146.8115,-10444.5625) grounded=0x40800000 linTerm=1.27157e-12
spd=191.511 ctrl=(-1448786.1250,-6571.9609,272033.1250) accum=(29253.3926,146.8298,-10571.6621) grounded=0x40800000 linTerm=8.33333e-06
spd=203.317 ctrl=(-1490032.5000,-6757.2266,277546.6250) accum=(29471.1660,146.3480,-11028.1602) grounded=0x40800000 linTerm=8.33333e-06
spd=215.548 ctrl=(-1532358.1250,-6949.1699,285430.6250) accum=(29445.5449,145.8178,-11353.0684) grounded=0x40800000 linTerm=1.27157e-12
spd=215.451 ctrl=(-1532458.5000,-6947.6416,283019.1250) accum=(29497.7617,145.9301,-11557.2080) grounded=0x40800000 linTerm=8.33333e-06
spd=227.926 ctrl=(-1576109.5000,-7143.4004,288437.9375) accum=(29734.7461,145.6183,-12115.1475) grounded=0x40800000 linTerm=8.33333e-06
spd=240.868 ctrl=(-1620918.5000,-7346.4873,296638.2812) accum=(29699.0352,145.1083,-12444.0332) grounded=0x40800000 linTerm=1.27157e-12
spd=240.746 ctrl=(-1621003.1250,-7344.5688,293784.6250) accum=(29761.3828,145.4154,-12749.5156) grounded=0x40800000 linTerm=8.33333e-06
spd=253.925 ctrl=(-1654822.8750,-7495.3716,296826.4375) accum=(30014.0820,145.4431,-13416.9033) grounded=0x40800000 linTerm=8.33333e-06
spd=267.514 ctrl=(-1659095.1250,-7514.7222,297592.7500) accum=(29961.9863,145.0715,-13700.2617) grounded=0x40800000 linTerm=1.27157e-12
spd=267.363 ctrl=(-1659617.6250,-7514.5239,294428.1875) accum=(30024.5996,145.6588,-14118.4570) grounded=0x40800000 linTerm=8.33333e-06
spd=280.824 ctrl=(-1664444.6250,-7533.7393,291854.4688) accum=(29932.6250,145.4274,-14554.8809) grounded=0x40800000 linTerm=8.33333e-06
spd=294.484 ctrl=(-1668740.3750,-7553.1841,292607.6875) accum=(29814.0078,144.9641,-14663.3574) grounded=0x40800000 linTerm=1.27157e-12
spd=294.302 ctrl=(-1669298.7500,-7552.9712,289103.0625) accum=(29574.3984,145.0223,-14861.1152) grounded=0x40800000 linTerm=8.33333e-06
spd=307.807 ctrl=(-1674187.1250,-7572.2505,286173.3750) accum=(29274.2988,143.9840,-15046.2314) grounded=0x40800000 linTerm=8.33333e-06
spd=321.550 ctrl=(-1678506.5000,-7591.7866,286911.7500) accum=(29270.9277,143.8406,-15044.1621) grounded=0x40800000 linTerm=1.27157e-12
spd=321.333 ctrl=(-1679096.6250,-7591.5278,283061.8438) accum=(29032.1797,143.6690,-15232.8008) grounded=0x40800000 linTerm=8.33333e-06
spd=334.885 ctrl=(-1684040.7500,-7610.8232,279768.8438) accum=(28734.1035,142.1876,-15387.2510) grounded=0x40800000 linTerm=8.33333e-06
spd=348.698 ctrl=(-1688379.1250,-7630.4297,280489.5312) accum=(28589.9902,140.8659,-15511.0840) grounded=0x40800000 linTerm=1.27157e-12
spd=348.437 ctrl=(-1689006.6250,-7630.1660,276290.9688) accum=(28199.9609,139.4467,-15839.1475) grounded=0x40800000 linTerm=8.33333e-06
spd=362.020 ctrl=(-1694008.3750,-7649.5371,272628.9688) accum=(27807.9824,136.0100,-16063.9443) grounded=0x40800000 linTerm=8.33333e-06
spd=375.910 ctrl=(-1698385.2500,-7669.2983,273333.3750) accum=(27808.6309,135.3400,-16081.5449) grounded=0x40800000 linTerm=1.27157e-12
spd=375.611 ctrl=(-1699029.6250,-7668.9082,268778.6875) accum=(27632.5723,134.8092,-16232.6650) grounded=0x40800000 linTerm=8.33333e-06
spd=389.226 ctrl=(-1704078.5000,-7688.3271,264739.8750) accum=(27407.4062,131.4636,-16329.6875) grounded=0x40800000 linTerm=8.33333e-06
spd=403.190 ctrl=(-1708483.7500,-7708.2002,265424.2812) accum=(27436.3770,130.7057,-16345.4062) grounded=0x40800000 linTerm=1.27157e-12
spd=402.850 ctrl=(-1709139.3750,-7707.7246,260508.8438) accum=(27267.5410,130.3570,-16488.8164) grounded=0x40800000 linTerm=8.33333e-06
spd=416.492 ctrl=(-1714229.3750,-7727.1870,256086.3750) accum=(27036.6816,125.3111,-16558.5488) grounded=0x40800000 linTerm=8.33333e-06
spd=430.530 ctrl=(-1718663.0000,-7747.1704,256748.7188) accum=(27076.6074,122.5241,-16552.3945) grounded=0x40800000 linTerm=1.27157e-12
spd=430.145 ctrl=(-1719324.6250,-7746.6089,251467.6875) accum=(26680.7676,121.6255,-16328.5557) grounded=0x40800000 linTerm=8.33333e-06
spd=443.815 ctrl=(-1724449.6250,-7766.1104,246654.6719) accum=(26157.1719,108.5547,-15888.2109) grounded=0x40800000 linTerm=8.33333e-06
spd=457.933 ctrl=(-1728914.2500,-7786.2173,247293.2188) accum=(26215.3145,105.3272,-15869.6807) grounded=0x40800000 linTerm=1.27157e-12
spd=457.498 ctrl=(-1729574.3750,-7785.5635,241641.7188) accum=(26011.9316,106.9854,-15893.2871) grounded=0x40800000 linTerm=8.33333e-06
spd=471.195 ctrl=(-1734727.3750,-7805.1006,236431.3281) accum=(25822.0879,103.2524,-15930.7891) grounded=0x40800000 linTerm=8.33333e-06
spd=485.386 ctrl=(-1739221.5000,-7825.3218,237043.7812) accum=(25928.8379,105.9481,-15966.5654) grounded=0x40800000 linTerm=1.27157e-12
spd=484.900 ctrl=(-1739872.8750,-7824.5708,231017.2656) accum=(25791.2598,107.1542,-16085.1924) grounded=0x40800000 linTerm=8.33333e-06
spd=498.614 ctrl=(-1745044.7500,-7844.1333,225402.7031) accum=(25613.8125,104.2436,-16129.2070) grounded=0x40800000 linTerm=8.33333e-06
spd=512.877 ctrl=(-1749567.2500,-7864.4634,225986.9062) accum=(25732.2871,107.0029,-16156.0127) grounded=0x40800000 linTerm=1.27157e-12
spd=512.335 ctrl=(-1750202.2500,-7863.6128,219580.8906) accum=(25594.2109,107.2390,-16270.4307) grounded=0x40800000 linTerm=8.33333e-06
spd=526.064 ctrl=(-1755384.1250,-7883.1904,213555.4375) accum=(25423.2988,103.6493,-16309.5742) grounded=0x40800000 linTerm=8.33333e-06
spd=540.400 ctrl=(-1759936.2500,-7903.6333,214109.2344) accum=(25552.2910,106.2906,-16316.6133) grounded=0x40800000 linTerm=1.27157e-12
spd=539.799 ctrl=(-1760545.7500,-7902.6748,207319.6094) accum=(25415.2461,105.6520,-16435.5410) grounded=0x40800000 linTerm=8.33333e-06
spd=553.538 ctrl=(-1765729.0000,-7922.2646,200877.0156) accum=(25252.9180,101.3581,-16473.0879) grounded=0x40800000 linTerm=8.33333e-06
spd=567.946 ctrl=(-1770310.7500,-7942.8213,201398.2656) accum=(25391.7793,104.1779,-16456.3086) grounded=0x40800000 linTerm=1.27157e-12
spd=567.282 ctrl=(-1770885.6250,-7941.7505,194220.8125) accum=(25257.8594,102.7695,-16585.9648) grounded=0x40800000 linTerm=8.33333e-06
spd=581.029 ctrl=(-1776060.2500,-7961.3438,187354.7500) accum=(25105.4434,97.8909,-16625.4219) grounded=0x40800000 linTerm=8.33333e-06
spd=595.509 ctrl=(-1780670.8750,-7982.0122,187841.1094) accum=(25253.4531,101.0102,-16582.3457) grounded=0x40800000 linTerm=1.27157e-12
spd=594.780 ctrl=(-1781201.7500,-7980.8257,180272.1094) accum=(25123.7559,99.0252,-16726.4160) grounded=0x40800000 linTerm=8.33333e-06
spd=608.531 ctrl=(-1786357.5000,-8000.4170,172976.6250) accum=(24981.8828,93.6571,-16770.8516) grounded=0x40800000 linTerm=8.33333e-06
spd=623.081 ctrl=(-1790997.8750,-8021.1997,173425.9531) accum=(25138.0879,97.1616,-16698.4902) grounded=0x40800000 linTerm=1.27157e-12
spd=622.283 ctrl=(-1791473.8750,-8019.8901,165461.7656) accum=(25013.2676,94.7124,-16860.2188) grounded=0x40800000 linTerm=8.33333e-06
spd=636.035 ctrl=(-1796599.7500,-8039.4731,157730.9688) accum=(24882.2363,88.9130,-16912.5020) grounded=0x40800000 linTerm=8.33333e-06
spd=650.656 ctrl=(-1801269.6250,-8060.3716,158140.9844) accum=(25045.7773,92.8609,-16807.4453) grounded=0x40800000 linTerm=1.27157e-12
spd=649.786 ctrl=(-1801680.1250,-8058.9346,149778.3125) accum=(24926.1992,90.0083,-16989.8457) grounded=0x40800000 linTerm=8.33333e-06
spd=663.535 ctrl=(-1806764.3750,-8078.5024,141606.7500) accum=(24806.1367,83.8104,-17052.7480) grounded=0x40800000 linTerm=8.33333e-06
spd=678.226 ctrl=(-1811463.7500,-8099.5127,141975.1250) accum=(24976.1113,88.2421,-16911.1777) grounded=0x40800000 linTerm=1.27157e-12
spd=677.280 ctrl=(-1811797.5000,-8097.9429,133210.9062) accum=(24862.0957,85.0176,-17117.2305) grounded=0x40800000 linTerm=8.33333e-06
spd=691.022 ctrl=(-1816827.7500,-8117.4883,124593.3281) accum=(24753.0156,78.4380,-17193.5605) grounded=0x40800000 linTerm=8.33333e-06
spd=705.784 ctrl=(-1821556.1250,-8138.6143,124917.5938) accum=(24928.6074,83.3832,-17011.2969) grounded=0x40800000 linTerm=1.27157e-12
spd=704.759 ctrl=(-1821801.0000,-8136.9067,115749.1953) accum=(24820.3926,79.8018,-17243.9844) grounded=0x40800000 linTerm=8.33333e-06
spd=718.491 ctrl=(-1826764.5000,-8156.4233,106680.6484) accum=(24722.4258,72.8489,-17336.6406) grounded=0x40800000 linTerm=8.33333e-06
spd=733.322 ctrl=(-1831522.0000,-8177.6660,106958.4766) accum=(24902.6875,78.3312,-17109.0977) grounded=0x40800000 linTerm=1.27157e-12
spd=732.214 ctrl=(-1831665.3750,-8175.8149,97383.5469) accum=(24800.5918,74.3985,-17371.5391) grounded=0x40800000 linTerm=8.33333e-06
spd=745.933 ctrl=(-1836548.7500,-8195.2969,87859.5312) accum=(24713.8281,67.0758,-17483.5508) grounded=0x40800000 linTerm=8.33333e-06
spd=760.833 ctrl=(-1841334.8750,-8216.6562,88088.4766) accum=(24897.8984,73.1159,-17205.7539) grounded=0x40800000 linTerm=1.27157e-12
spd=759.640 ctrl=(-1841363.2500,-8214.6562,78105.1562) accum=(24802.3301,68.8327,-17501.2031) grounded=0x40800000 linTerm=8.33333e-06
spd=773.342 ctrl=(-1846152.1250,-8234.0967,68121.4062) accum=(24726.9043,61.1407,-17635.7441) grounded=0x40800000 linTerm=8.33333e-06
spd=788.309 ctrl=(-1850967.2500,-8255.5723,68299.1328) accum=(24913.7207,67.7565,-17302.2969) grounded=0x40800000 linTerm=1.27157e-12
spd=787.027 ctrl=(-1850866.7500,-8253.4160,57905.7969) accum=(24825.1426,63.1202,-17634.1855) grounded=0x40800000 linTerm=8.33333e-06
spd=800.709 ctrl=(-1855546.7500,-8272.8086,47458.6992) accum=(24761.3301,55.0588,-17794.6055) grounded=0x40800000 linTerm=8.33333e-06
spd=815.744 ctrl=(-1860390.1250,-8294.4043,47582.5820) accum=(24949.8535,62.2665,-17399.7324) grounded=0x40800000 linTerm=1.27157e-12
spd=814.370 ctrl=(-1860146.7500,-8292.0879,36778.2344) accum=(24868.8516,57.2736,-17771.6855) grounded=0x40800000 linTerm=8.33333e-06
spd=828.027 ctrl=(-1864701.8750,-8311.4238,25864.3828) accum=(24817.0488,48.8424,-17961.5215) grounded=0x40800000 linTerm=8.33333e-06
spd=843.129 ctrl=(-1869572.8750,-8333.1338,25931.9746) accum=(25006.0078,56.6567,-17499.0000) grounded=0x40800000 linTerm=1.27157e-12
spd=841.660 ctrl=(-1869171.8750,-8330.6533,14716.0879) accum=(24933.3145,51.3030,-17914.8457) grounded=0x40800000 linTerm=8.33333e-06
spd=855.290 ctrl=(-1873586.2500,-8349.9268,3332.7944) accum=(24894.0254,42.5012,-18137.8262) grounded=0x40800000 linTerm=8.33333e-06
spd=870.458 ctrl=(-1878484.8750,-8371.7578,3341.5083) accum=(25081.9629,50.9353,-17600.9727) grounded=0x40800000 linTerm=1.27157e-12
spd=868.890 ctrl=(-1877910.6250,-8369.1064,-8285.9150) accum=(25018.5137,45.2166,-18064.7832) grounded=0x40800000 linTerm=8.33333e-06
spd=882.489 ctrl=(-1882167.3750,-8388.3105,-20140.8848) accum=(24992.3887,36.0440,-18324.8281) grounded=0x40800000 linTerm=8.33333e-06
spd=897.723 ctrl=(-1887093.1250,-8410.2627,-20193.5938) accum=(25177.6895,45.1096,-17706.5508) grounded=0x40800000 linTerm=1.27157e-12
spd=896.054 ctrl=(-1886329.7500,-8407.4355,-32232.0684) accum=(25124.5371,39.0217,-18222.6152) grounded=0x40800000 linTerm=8.33333e-06
spd=909.618 ctrl=(-1890411.8750,-8426.5635,-44560.3867) accum=(25112.4492,29.4791,-18523.8652) grounded=0x40800000 linTerm=8.33333e-06
spd=924.917 ctrl=(-1895363.8750,-8448.6357,-44677.0977) accum=(25293.1914,39.1865,-17816.5840) grounded=0x40800000 linTerm=1.27157e-12
spd=923.143 ctrl=(-1894394.6250,-8445.6240,-57125.4414) accum=(25251.6543,32.7260,-18389.4316) grounded=0x40800000 linTerm=8.33333e-06
spd=936.669 ctrl=(-1898284.1250,-8464.6689,-69928.1641) accum=(25254.6543,22.8149,-18736.2402) grounded=0x40800000 linTerm=8.33333e-06
spd=952.032 ctrl=(-1903261.5000,-8486.8633,-70111.5156) accum=(25428.5820,33.1718,-17931.9102) grounded=0x40800000 linTerm=1.27157e-12
spd=950.150 ctrl=(-1902069.8750,-8483.6670,-82967.9609) accum=(25400.2188,26.3361,-18566.3281) grounded=0x40800000 linTerm=8.33333e-06
spd=963.636 ctrl=(-1905748.5000,-8502.6211,-96245.4609) accum=(25419.5371,16.0590,-18963.2246) grounded=0x40800000 linTerm=8.33333e-06
spd=979.061 ctrl=(-1910750.7500,-8524.9404,-96498.1094) accum=(25584.1367,27.0717,-18053.3496) grounded=0x40800000 linTerm=1.27157e-12
spd=977.068 ctrl=(-1909319.5000,-8521.5508,-109760.2422) accum=(25570.6641,19.8591,-18754.3438) grounded=0x40800000 linTerm=8.33333e-06
spd=990.510 ctrl=(-1912768.1250,-8540.4082,-123512.1484) accum=(25607.8574,9.2199,-19206.0898) grounded=0x40800000 linTerm=8.33333e-06
spd=1005.998 ctrl=(-1917793.8750,-8562.8486,-123836.6797) accum=(25761.6777,20.9247,-18184.7539) grounded=0x40800000 linTerm=1.27157e-12
spd=1003.891 ctrl=(-1916104.7500,-8559.2617,-137501.3125) accum=(25764.5625,13.3204,-18956.7070) grounded=0x40800000 linTerm=8.33333e-06
spd=1017.284 ctrl=(-1919304.0000,-8578.0166,-151726.6406) accum=(25825.0352,2.4051,-19478.6738) grounded=0x40800000 linTerm=8.33333e-06
spd=1032.834 ctrl=(-1924352.3750,-8600.5791,-152125.7344) accum=(25964.5742,16.4913,-18233.3691) grounded=0x40800000 linTerm=1.27157e-12
spd=1030.611 ctrl=(-1922387.7500,-8596.7910,-166188.9844) accum=(25983.8750,8.1190,-19101.1230) grounded=0x40800000 linTerm=8.33333e-06
spd=1043.952 ctrl=(-1925317.3750,-8615.4346,-180885.8281) accum=(26090.1934,-0.1657,-19518.4941) grounded=0x40800000 linTerm=8.33333e-06
spd=1059.562 ctrl=(-1930387.6250,-8638.1221,-181362.1562) accum=(26242.7656,15.7019,-18092.2266) grounded=0x40800000 linTerm=1.27157e-12
spd=1057.220 ctrl=(-1928128.8750,-8634.1279,-195819.3906) accum=(26281.8418,7.1799,-19015.4414) grounded=0x40800000 linTerm=8.33333e-06
spd=1070.507 ctrl=(-1930768.2500,-8652.6533,-210985.0781) accum=(26402.9141,-1.2245,-19478.1465) grounded=0x40800000 linTerm=8.33333e-06
spd=1086.176 ctrl=(-1935858.8750,-8675.4668,-211541.3594) accum=(26527.7520,14.8314,-17941.6562) grounded=0x40800000 linTerm=1.27157e-12
spd=1083.712 ctrl=(-1933286.2500,-8671.2578,-226386.9844) accum=(26589.4316,6.1820,-18922.1309) grounded=0x40800000 linTerm=8.33333e-06
spd=1096.941 ctrl=(-1935615.1250,-8689.6611,-242018.0625) accum=(26727.6270,-2.3175,-19432.9395) grounded=0x40800000 linTerm=8.33333e-06
spd=1112.669 ctrl=(-1940724.8750,-8712.6006,-242656.9688) accum=(26821.0762,13.9293,-17784.1172) grounded=0x40800000 linTerm=1.27157e-12
spd=1110.079 ctrl=(-1937819.8750,-8708.1758,-257884.6719) accum=(26907.9863,5.1662,-18823.9492) grounded=0x40800000 linTerm=8.33333e-06
spd=1123.247 ctrl=(-1939816.0000,-8726.4463,-273976.6250) accum=(27065.8848,-3.4094,-19385.3652) grounded=0x40800000 linTerm=8.33333e-06
spd=1139.032 ctrl=(-1944943.5000,-8749.5127,-274700.8125) accum=(27123.5938,13.0207,-17620.8770) grounded=0x40800000 linTerm=1.27157e-12
spd=1136.315 ctrl=(-1941686.3750,-8744.8662,-290303.4375) accum=(27238.6777,4.1552,-18722.3340) grounded=0x40800000 linTerm=8.33333e-06
spd=1149.419 ctrl=(-1943328.7500,-8762.9990,-306850.9375) accum=(27418.7930,-4.4809,-19336.5801) grounded=0x40800000 linTerm=8.33333e-06
spd=1165.261 ctrl=(-1948472.1250,-8786.1924,-307663.0938) accum=(27435.9277,12.1191,-17452.5020) grounded=0x40800000 linTerm=1.27157e-12
spd=1162.414 ctrl=(-1944842.8750,-8781.3203,-323632.4375) accum=(27582.1035,3.1605,-18617.8398) grounded=0x40800000 linTerm=8.33333e-06
spd=1175.450 ctrl=(-1946109.2500,-8799.3105,-340629.1875) accum=(27787.1699,-5.5210,-19287.0117) grounded=0x40800000 linTerm=8.33333e-06
spd=1191.348 ctrl=(-1951267.2500,-8822.6338,-341532.0000) accum=(27758.4902,11.2320,-17279.1191) grounded=0x40800000 linTerm=1.27157e-12
spd=1188.369 ctrl=(-1947246.5000,-8817.5322,-357859.0625) accum=(27938.9707,2.1904,-18510.5801) grounded=0x40800000 linTerm=8.33333e-06
spd=1201.335 ctrl=(-1948114.5000,-8835.3721,-375297.6875) accum=(28171.6836,-6.5227,-19236.5820) grounded=0x40800000 linTerm=8.33333e-06
spd=1217.287 ctrl=(-1953285.2500,-8858.8223,-376293.8125) accum=(28091.5938,10.3643,-17100.5898) grounded=0x40800000 linTerm=1.27157e-12
spd=1214.173 ctrl=(-1948852.3750,-8853.4844,-392968.5625) accum=(28309.7402,1.2495,-18400.3184) grounded=0x40800000 linTerm=8.33333e-06
spd=1227.066 ctrl=(-1949299.3750,-8871.1680,-410840.6562) accum=(28573.2949,-7.4785,-19184.9863) grounded=0x40800000 linTerm=8.33333e-06
spd=1243.072 ctrl=(-1954480.8750,-8894.7490,-411932.7188) accum=(28435.4902,9.5186,-16916.5996) grounded=0x40800000 linTerm=1.27157e-12
spd=1239.820 ctrl=(-1949615.6250,-8889.1719,-428944.0625) accum=(28694.9961,0.3424,-18286.6680) grounded=0x40800000 linTerm=8.33333e-06
spd=1252.637 ctrl=(-1949619.2500,-8906.6934,-447240.2812) accum=(28992.4199,-8.3856,-19131.6445) grounded=0x40800000 linTerm=8.33333e-06
spd=1268.697 ctrl=(-1954809.2500,-8930.4033,-448430.8750) accum=(28790.5078,8.6987,-16726.7344) grounded=0x40800000 linTerm=1.27157e-12
spd=1265.305 ctrl=(-1949491.6250,-8924.5840,-465766.7500) accum=(29095.1465,-0.5275,-18169.0859) grounded=0x40800000 linTerm=8.33333e-06
spd=1278.043 ctrl=(-1949028.3750,-8941.9365,-484476.5000) accum=(29429.8652,-9.2389,-19075.8887) grounded=0x40800000 linTerm=8.33333e-06
spd=1294.154 ctrl=(-1954225.5000,-8965.7793,-485768.3125) accum=(29156.7617,7.9057,-16530.4707) grounded=0x40800000 linTerm=1.27157e-12
spd=1290.621 ctrl=(-1948434.3750,-8959.7100,-503415.5000) accum=(29510.7441,-1.3567,-18046.9258) grounded=0x40800000 linTerm=8.33333e-06
spd=1303.278 ctrl=(-1947481.6250,-8976.8877,-522527.0625) accum=(29886.0898,-10.0356,-19016.8730) grounded=0x40800000 linTerm=8.33333e-06
spd=1319.439 ctrl=(-1952683.0000,-9000.8643,-523922.6250) accum=(29534.5586,7.1429,-16327.2480) grounded=0x40800000 linTerm=1.27157e-12
spd=1315.762 ctrl=(-1946399.0000,-8994.5449,-541867.1250) accum=(29942.0156,-2.1433,-17919.4316) grounded=0x40800000 linTerm=8.33333e-06
spd=1328.335 ctrl=(-1944933.8750,-9011.5439,-561367.7500) accum=(30361.8613,-10.7705,-18953.7168) grounded=0x40800000 linTerm=8.33333e-06
spd=1344.546 ctrl=(-1950136.6250,-9035.6504,-562869.4375) accum=(29924.0098,6.4120,-16116.4219) grounded=0x40800000 linTerm=1.27157e-12
spd=1340.723 ctrl=(-1943339.1250,-9029.0781,-581095.9375) accum=(30389.5156,-2.8830,-17785.7812) grounded=0x40800000 linTerm=8.33333e-06
spd=1353.209 ctrl=(-1941338.1250,-9045.8896,-600971.3750) accum=(30857.5957,-11.4419,-18885.3438) grounded=0x40800000 linTerm=8.33333e-06
spd=1369.469 ctrl=(-1946540.6250,-9070.1309,-602581.9375) accum=(30325.2949,5.7150,-15897.3262) grounded=0x40800000 linTerm=1.27157e-12
spd=1365.498 ctrl=(-1939209.2500,-9063.2979,-621073.8750) accum=(30853.6426,-3.5731,-17645.1152) grounded=0x40800000 linTerm=8.33333e-06
spd=1377.894 ctrl=(-1936650.0000,-9079.9219,-641309.1250) accum=(31373.8750,-12.0460,-18810.6406) grounded=0x40800000 linTerm=8.33333e-06
spd=1394.202 ctrl=(-1941848.5000,-9104.2949,-643030.6250) accum=(30738.5879,5.0545,-15669.1748) grounded=0x40800000 linTerm=1.27157e-12
spd=1390.081 ctrl=(-1933963.8750,-9097.2002,-661770.5625) accum=(31334.6562,-4.2109,-17496.3867) grounded=0x40800000 linTerm=8.33333e-06
spd=1402.386 ctrl=(-1930823.1250,-9113.6260,-682349.1250) accum=(31871.9180,-12.6651,-18632.8008) grounded=0x40800000 linTerm=8.33333e-06
spd=1418.740 ctrl=(-1936015.5000,-9138.1338,-684184.0625) accum=(31164.6445,4.4397,-15432.5605) grounded=0x40800000 linTerm=1.27157e-12
spd=1414.468 ctrl=(-1927557.6250,-9130.7754,-703153.4375) accum=(31833.5176,-4.7875,-17339.9297) grounded=0x40800000 linTerm=8.33333e-06
spd=1426.678 ctrl=(-1923813.0000,-9146.9990,-724057.4375) accum=(32293.9043,-13.7063,-18205.8711) grounded=0x40800000 linTerm=8.33333e-06
spd=1443.078 ctrl=(-1928996.3750,-9171.6445,-726008.2500) accum=(31604.9551,3.8910,-15189.4307) grounded=0x40800000 linTerm=1.27157e-12
spd=1438.654 ctrl=(-1919946.5000,-9164.0166,-745187.3125) accum=(32351.7930,-5.2833,-17177.1758) grounded=0x40800000 linTerm=8.33333e-06
spd=1450.768 ctrl=(-1915575.2500,-9180.0342,-766397.7500) accum=(32717.7031,-14.7237,-17757.3828) grounded=0x40800000 linTerm=8.33333e-06
spd=1467.212 ctrl=(-1920746.2500,-9204.8164,-768466.6250) accum=(32059.1543,3.4007,-14937.4580) grounded=0x40800000 linTerm=1.27157e-12
spd=1462.633 ctrl=(-1911085.2500,-9196.9160,-787834.1875) accum=(32815.4023,-5.9154,-16844.0527) grounded=0x40800000 linTerm=8.33333e-06
spd=1474.648 ctrl=(-1906065.8750,-9212.7227,-809331.0625) accum=(33142.9141,-15.7110,-17287.6289) grounded=0x40800000 linTerm=8.33333e-06
spd=1491.136 ctrl=(-2401892.7500,-11609.2383,-1019863.0625) accum=(32528.0840,2.9786,-14676.9404) grounded=0x40800000 linTerm=1.27157e-12
spd=1486.401 ctrl=(-2389302.7500,-11600.6279,-1044561.7500) accum=(33224.0352,-6.8068,-16351.6494) grounded=0x40800000 linTerm=8.33333e-06
spd=1502.669 ctrl=(-2382575.0000,-11622.1719,-1072040.0000) accum=(33482.6016,-18.5522,-16617.2246) grounded=0x40800000 linTerm=8.33333e-06
spd=1523.596 ctrl=(-2389116.5000,-11654.0830,-1074983.5000) accum=(32881.8984,3.4442,-14068.0166) grounded=0x40800000 linTerm=1.27157e-12
spd=1518.658 ctrl=(-2375819.2500,-11645.1201,-1099626.1250) accum=(33562.1133,-6.6976,-15630.7881) grounded=0x40800000 linTerm=8.33333e-06
spd=1534.803 ctrl=(-2368415.0000,-11666.4385,-1127032.6250) accum=(33830.2422,-18.4842,-15905.3252) grounded=0x40800000 linTerm=8.33333e-06
spd=1555.809 ctrl=(-2374922.0000,-11698.4912,-1130129.0000) accum=(33261.5703,3.6969,-13536.5693) grounded=0x40800000 linTerm=1.27157e-12
spd=1550.662 ctrl=(-2360988.2500,-11689.1992,-1154548.8750) accum=(33892.1328,-6.7524,-14927.6240) grounded=0x40800000 linTerm=8.33333e-06
spd=1566.680 ctrl=(-2352909.0000,-11710.2939,-1181866.7500) accum=(34168.9414,-18.5424,-15205.3496) grounded=0x40800000 linTerm=8.33333e-06
spd=1587.761 ctrl=(-2359379.0000,-11742.4951,-1185116.7500) accum=(33645.5742,3.8893,-13022.7021) grounded=0x40800000 linTerm=1.27157e-12
spd=1582.404 ctrl=(-2344813.0000,-11732.8760,-1209297.2500) accum=(34211.7852,-6.8850,-14229.9805) grounded=0x40800000 linTerm=8.33333e-06
spd=1598.290 ctrl=(-2336058.5000,-11753.7432,-1236508.6250) accum=(34496.6641,-18.6594,-14507.5400) grounded=0x40800000 linTerm=8.33333e-06
spd=1619.445 ctrl=(-2342488.2500,-11786.0938,-1239912.0000) accum=(34008.4531,4.0746,-12481.3271) grounded=0x40800000 linTerm=1.27157e-12
spd=1613.873 ctrl=(-2327294.0000,-11776.1445,-1263835.7500) accum=(34519.3203,-7.0536,-13531.3594) grounded=0x40800000 linTerm=8.33333e-06
spd=1629.624 ctrl=(-2317865.0000,-11796.7822,-1290923.5000) accum=(34811.6680,-18.8035,-13806.9512) grounded=0x40800000 linTerm=8.33333e-06
spd=1650.853 ctrl=(-2324251.0000,-11829.2861,-1294480.2500) accum=(34287.5312,3.9068,-11798.9434) grounded=0x40800000 linTerm=1.27157e-12
spd=1645.064 ctrl=(-2308431.7500,-11819.0020,-1318130.2500) accum=(34813.6406,-7.2386,-12828.6250) grounded=0x40800000 linTerm=8.33333e-06
spd=1660.677 ctrl=(-2298330.5000,-11839.4102,-1345077.0000) accum=(35113.2461,-18.9565,-13101.1455) grounded=0x40800000 linTerm=8.33333e-06
spd=1681.978 ctrl=(-2304668.5000,-11872.0596,-1348786.2500) accum=(34553.4688,3.7335,-11111.2832) grounded=0x40800000 linTerm=1.27157e-12
spd=1675.970 ctrl=(-2288230.2500,-11861.4414,-1372146.1250) accum=(35094.0039,-7.4288,-12120.2578) grounded=0x40800000 linTerm=8.33333e-06
spd=1691.442 ctrl=(-2277457.2500,-11881.6113,-1398933.6250) accum=(35400.6367,-19.1103,-12389.0312) grounded=0x40800000 linTerm=8.33333e-06
spd=1712.814 ctrl=(-2283744.7500,-11914.4111,-1402795.6250) accum=(34805.5273,3.5601,-10417.4922) grounded=0x40800000 linTerm=1.27157e-12
spd=1706.586 ctrl=(-2266692.2500,-11903.4551,-1425848.0000) accum=(35359.8828,-7.6193,-11405.6484) grounded=0x40800000 linTerm=8.33333e-06
spd=1721.914 ctrl=(-2255249.5000,-11923.3828,-1452458.3750) accum=(35673.4375,-19.2608,-11670.2061) grounded=0x40800000 linTerm=8.33333e-06
spd=1743.357 ctrl=(-2261482.5000,-11956.3330,-1456472.7500) accum=(35043.3164,3.3890,-9717.3223) grounded=0x40800000 linTerm=1.27157e-12
spd=1736.906 ctrl=(-2243821.7500,-11945.0371,-1479201.1250) accum=(35610.9258,-7.8077,-10684.6582) grounded=0x40800000 linTerm=8.33333e-06
spd=1752.088 ctrl=(-2231712.7500,-11964.7236,-1505617.5000) accum=(35931.2734,-19.4064,-10944.6768) grounded=0x40800000 linTerm=8.33333e-06
spd=1773.600 ctrl=(-2237886.2500,-11997.8223,-1509782.5000) accum=(35266.5820,3.2227,-9010.7617) grounded=0x40800000 linTerm=1.27157e-12
spd=1766.925 ctrl=(-2219623.2500,-11986.1836,-1532170.3750) accum=(35846.9297,-7.9921,-9957.3574) grounded=0x40800000 linTerm=8.33333e-06
spd=1781.958 ctrl=(-2206850.7500,-12005.6240,-1558374.6250) accum=(36173.9805,-19.5456,-10212.5488) grounded=0x40800000 linTerm=8.33333e-06
spd=1803.540 ctrl=(-2212961.5000,-12038.8662,-1562689.6250) accum=(35475.0664,3.0617,-8298.0107) grounded=0x40800000 linTerm=1.27157e-12
spd=1796.639 ctrl=(-2194104.0000,-12026.8857,-1584720.8750) accum=(36067.6289,-8.1725,-9224.0166) grounded=0x40800000 linTerm=8.33333e-06
spd=1811.521 ctrl=(-2180670.5000,-12046.0742,-1610695.2500) accum=(36401.4141,-19.6779,-9474.1387) grounded=0x40800000 linTerm=8.33333e-06
spd=1833.171 ctrl=(-2186715.2500,-12079.4678,-1615160.1250) accum=(35668.4844,2.9050,-7579.4453) grounded=0x40800000 linTerm=1.27157e-12
spd=1826.043 ctrl=(-2167269.5000,-12067.1406,-1636817.6250) accum=(36272.8984,-8.3488,-8484.9297) grounded=0x40800000 linTerm=8.33333e-06
spd=1840.772 ctrl=(-2153180.5000,-12086.0791,-1662545.0000) accum=(36613.2500,-19.8044,-8729.7705) grounded=0x40800000 linTerm=8.33333e-06
spd=1862.490 ctrl=(-2159155.0000,-12119.6152,-1667158.2500) accum=(35846.7969,2.7534,-6855.3159) grounded=0x40800000 linTerm=1.27157e-12
spd=1855.134 ctrl=(-2139129.2500,-12106.9414,-1688426.3750) accum=(36462.5664,-8.5204,-7740.4341) grounded=0x40800000 linTerm=8.33333e-06
spd=1869.708 ctrl=(-2124389.2500,-12125.6270,-1713889.3750) accum=(36809.3828,-19.9244,-7979.7861) grounded=0x40800000 linTerm=8.33333e-06
spd=1891.493 ctrl=(-2130289.0000,-12159.2949,-1718649.0000) accum=(36009.7188,2.6071,-6126.0269) grounded=0x40800000 linTerm=1.27157e-12
spd=1883.907 ctrl=(-2109691.7500,-12146.2764,-1739512.1250) accum=(36636.4102,-8.6877,-6990.8784) grounded=0x40800000 linTerm=8.33333e-06
spd=1898.325 ctrl=(-2094306.1250,-12164.7051,-1764693.3750) accum=(36989.5977,-20.0386,-7224.5674) grounded=0x40800000 linTerm=8.33333e-06
spd=1920.175 ctrl=(-2100128.7500,-12198.5176,-1769599.6250) accum=(36157.1211,2.4649,-5391.9521) grounded=0x40800000 linTerm=1.27157e-12
spd=1912.360 ctrl=(-2078967.7500,-12185.1465,-1790041.0000) accum=(36794.3516,-8.8513,-6236.6782) grounded=0x40800000 linTerm=8.33333e-06
spd=1926.620 ctrl=(-2062942.2500,-12203.3184,-1814923.8750) accum=(37153.8242,-20.1471,-6464.5034) grounded=0x40800000 linTerm=8.33333e-06
spd=1948.535 ctrl=(-2068682.2500,-12237.2754,-1819974.0000) accum=(36289.0078,2.3269,-4653.4160) grounded=0x40800000 linTerm=1.27157e-12
spd=1940.489 ctrl=(-2046967.8750,-12223.5566,-1839979.1250) accum=(36936.3398,-9.0113,-5478.1655) grounded=0x40800000 linTerm=8.33333e-06
spd=1954.589 ctrl=(-2030308.2500,-12241.4688,-1864546.0000) accum=(37301.9609,-20.2505,-5699.9326) grounded=0x40800000 linTerm=8.33333e-06
spd=1976.569 ctrl=(-2035963.1250,-12275.5654,-1869739.3750) accum=(36405.1641,2.1934,-3910.8447) grounded=0x40800000 linTerm=1.27157e-12
spd=1968.290 ctrl=(-2013704.0000,-12261.4912,-1889292.1250) accum=(37062.2344,-9.1664,-4715.7124) grounded=0x40800000 linTerm=8.33333e-06
spd=1982.229 ctrl=(-1996417.3750,-12279.1445,-1913526.7500) accum=(37433.9922,-20.3477,-4931.2520) grounded=0x40800000 linTerm=8.33333e-06
spd=2004.273 ctrl=(-2001983.5000,-12313.3789,-1918861.6250) accum=(36505.3867,2.0631,-3164.6855) grounded=0x40800000 linTerm=1.27157e-12
spd=1995.763 ctrl=(-1979190.5000,-12298.9551,-1937947.3750) accum=(37171.8242,-9.3191,-3949.7620) grounded=0x40800000 linTerm=8.33333e-06
spd=2009.539 ctrl=(-1961284.1250,-12316.3438,-1961833.0000) accum=(37549.5820,-20.4399,-4158.8354) grounded=0x40800000 linTerm=8.33333e-06
spd=2031.646 ctrl=(-1966756.3750,-12350.7148,-1967306.8750) accum=(36589.8555,1.9377,-2415.1377) grounded=0x40800000 linTerm=1.27157e-12
spd=2022.903 ctrl=(-1943440.2500,-12335.9424,-1985911.6250) accum=(37265.1914,-9.4678,-3180.6238) grounded=0x40800000 linTerm=8.33333e-06
spd=2036.516 ctrl=(-1924921.2500,-12353.0674,-2009431.1250) accum=(37648.8398,-20.5276,-3383.1221) grounded=0x40800000 linTerm=8.33333e-06
spd=2058.686 ctrl=(-1930297.2500,-12387.5732,-2015043.3750) accum=(36658.2031,1.8149,-1662.7996) grounded=0x40800000 linTerm=1.27157e-12
spd=2049.710 ctrl=(-1906468.6250,-12372.4473,-2033151.8750) accum=(37342.1289,-9.6132,-2408.7417) grounded=0x40800000 linTerm=8.33333e-06
spd=2063.158 ctrl=(-1887345.6250,-12389.3066,-2056289.8750) accum=(37731.5859,-20.6104,-2604.4536) grounded=0x40800000 linTerm=8.33333e-06
spd=2085.389 ctrl=(-1892621.5000,-12423.9443,-2062038.0000) accum=(36710.5469,1.6972,-907.8652) grounded=0x40800000 linTerm=1.27157e-12
spd=2076.180 ctrl=(-1868291.7500,-12408.4678,-2079635.7500) accum=(37402.6523,-9.7548,-1634.4254) grounded=0x40800000 linTerm=8.33333e-06
spd=2089.464 ctrl=(-1848573.7500,-12425.0645,-2102376.5000) accum=(37797.7305,-20.6893,-1823.2306) grounded=0x40800000 linTerm=8.33333e-06
spd=2111.755 ctrl=(-1853745.1250,-12459.8291,-2108258.2500) accum=(36746.7266,1.5820,-150.8596) grounded=0x40800000 linTerm=1.27157e-12
spd=2102.314 ctrl=(-2600878.7500,-12449.4111,-1052109.6250) accum=(9713.3486,538.9688,33425.6719) grounded=0x40800000 linTerm=8.33333e-06
spd=2115.180 ctrl=(-2626497.0000,-12464.8652,-998067.3750) accum=(9062.9971,582.7592,35679.8281) grounded=0x40800000 linTerm=8.33333e-06
spd=2137.164 ctrl=(-2633233.0000,-12496.8320,-1000627.1250) accum=(9548.4316,557.8193,34791.6992) grounded=0x40800000 linTerm=1.27157e-12
spd=2127.733 ctrl=(-2649867.7500,-12475.0215,-943011.1250) accum=(8139.5039,607.6497,38994.2109) grounded=0x40800000 linTerm=8.33333e-06
spd=2139.954 ctrl=(-2671386.0000,-12481.9141,-887180.0625) accum=(7672.9756,646.1035,41579.1484) grounded=0x40800000 linTerm=8.33333e-06
spd=2161.299 ctrl=(-2678634.5000,-12515.7832,-889587.3750) accum=(8587.3828,610.8246,40100.0430) grounded=0x40800000 linTerm=1.27157e-12
spd=2151.329 ctrl=(-2692147.7500,-12490.7539,-830989.8750) accum=(7946.8208,647.1513,42640.8359) grounded=0x40800000 linTerm=8.33333e-06
spd=2162.798 ctrl=(-2710743.0000,-12495.0566,-774036.6250) accum=(7121.9956,655.6212,46781.0625) grounded=0x40800000 linTerm=8.33333e-06
spd=2183.571 ctrl=(-2718686.2500,-12531.6699,-776304.7500) accum=(9059.6084,636.5397,42654.4492) grounded=0x40800000 linTerm=1.27157e-12
spd=2173.067 ctrl=(-2729491.5000,-12505.5801,-717025.2500) accum=(7864.5493,643.2897,47158.6016) grounded=0x40800000 linTerm=8.33333e-06
spd=2183.928 ctrl=(-2745471.2500,-12508.9512,-659189.6250) accum=(7856.1665,660.9139,49637.0117) grounded=0x40800000 linTerm=8.33333e-06
spd=2204.303 ctrl=(-2753986.0000,-12547.7480,-661234.0625) accum=(9656.9902,634.9074,45648.5508) grounded=0x40800000 linTerm=1.27157e-12
spd=2193.360 ctrl=(-2762180.2500,-12521.1846,-601424.3125) accum=(9032.0928,648.5922,49037.8555) grounded=0x40800000 linTerm=8.33333e-06
spd=2203.765 ctrl=(-2775611.7500,-12524.1123,-542843.0625) accum=(9257.6748,665.2145,51253.5156) grounded=0x40800000 linTerm=8.33333e-06
spd=2223.885 ctrl=(-2784551.7500,-12564.4512,-544591.5000) accum=(10857.5479,632.2379,47509.5859) grounded=0x40800000 linTerm=1.27157e-12
spd=2212.587 ctrl=(-2790146.2500,-12537.5762,-484369.7500) accum=(10639.7314,651.9977,50044.5000) grounded=0x40800000 linTerm=8.33333e-06
spd=2222.648 ctrl=(-2801025.7500,-12540.1943,-425155.9062) accum=(11025.3203,667.3956,52118.1328) grounded=0x40800000 linTerm=8.33333e-06
spd=2242.610 ctrl=(-2810273.2500,-12581.5947,-426559.5625) accum=(12570.9736,635.1627,48015.8828) grounded=0x40800000 linTerm=1.27157e-12
spd=2231.020 ctrl=(-2813254.5000,-12554.4395,-366037.5938) accum=(12488.8428,653.7414,50496.1445) grounded=0x40800000 linTerm=8.33333e-06
spd=2240.810 ctrl=(-2821559.7500,-12556.7773,-306301.0312) accum=(13004.0547,668.5521,52452.6992) grounded=0x40800000 linTerm=8.33333e-06
spd=2260.678 ctrl=(-2831027.0000,-12598.9062,-307328.8125) accum=(14431.5518,636.7278,48114.5625) grounded=0x40800000 linTerm=1.27157e-12
spd=2248.838 ctrl=(-2831379.5000,-12571.4697,-246619.1875) accum=(14472.8330,654.6737,50548.5742) grounded=0x40800000 linTerm=8.33333e-06
spd=2258.405 ctrl=(-2837088.0000,-12573.5391,-186470.9844) accum=(15094.7803,669.1439,52416.6484) grounded=0x40800000 linTerm=8.33333e-06
spd=2278.220 ctrl=(-2846711.2500,-12616.1865,-187103.4688) accum=(16368.2363,637.5635,47918.7031) grounded=0x40800000 linTerm=1.27157e-12
spd=2266.156 ctrl=(-2844423.2500,-12588.4590,-126320.5469) accum=(16523.8887,655.1671,50313.2656) grounded=0x40800000 linTerm=8.33333e-06
spd=2275.531 ctrl=(-2847514.2500,-12590.2549,-65873.8828) accum=(17237.7852,669.4057,52113.2539) grounded=0x40800000 linTerm=8.33333e-06
spd=2295.319 ctrl=(-2857246.2500,-12633.2861,-66099.0234) accum=(18336.9004,638.0021,47502.6289) grounded=0x40800000 linTerm=1.27157e-12
spd=2283.050 ctrl=(-2852311.2500,-12605.2676,-5358.5532) accum=(18600.5332,655.4070,49863.3281) grounded=0x40800000 linTerm=8.33333e-06
spd=2292.253 ctrl=(-2852768.2500,-12606.7842,55271.8047) accum=(19397.3125,669.4708,51607.8750) grounded=0x40800000 linTerm=8.33333e-06
spd=2312.027 ctrl=(-2862572.2500,-12650.1084,55461.7578) accum=(20310.2812,638.2156,46915.8086) grounded=0x40800000 linTerm=1.27157e-12
spd=2299.566 ctrl=(-2854988.7500,-12621.7930,116043.3125) accum=(20677.4902,655.4972,49245.6406) grounded=0x40800000 linTerm=8.33333e-06
spd=2308.610 ctrl=(-2852801.2500,-12623.0273,176741.2188) accum=(21551.4746,669.4167,50941.8320) grounded=0x40800000 linTerm=8.33333e-06
spd=2328.381 ctrl=(-2862648.5000,-12666.5986,177351.2500) accum=(22271.1074,638.2954,46190.4336) grounded=0x40800000 linTerm=1.27157e-12
spd=2315.736 ctrl=(-2852421.7500,-12637.9873,237656.6875) accum=(22738.8848,655.4965,48490.1719) grounded=0x40800000 linTerm=8.33333e-06
spd=2324.629 ctrl=(-2847585.2500,-12638.9414,298305.3125) accum=(23686.1055,669.2888,50141.3516) grounded=0x40800000 linTerm=8.33333e-06
spd=2344.403 ctrl=(-2857448.7500,-12682.7197,299338.6250) accum=(24208.1816,638.2949,45347.4883) grounded=0x40800000 linTerm=1.27157e-12
spd=2331.580 ctrl=(-2844588.5000,-12653.8135,359250.9375) accum=(24774.1367,655.4392,47616.2109) grounded=0x40800000 linTerm=8.33333e-06
spd=2340.328 ctrl=(-2837104.0000,-12654.4873,419732.7812) accum=(25791.8691,669.1151,49223.4609) grounded=0x40800000 linTerm=8.33333e-06
spd=2360.107 ctrl=(-2846961.2500,-12698.4561,421191.0625) accum=(26113.6270,638.2438,44400.6953) grounded=0x40800000 linTerm=1.27157e-12
spd=2347.110 ctrl=(-2831483.2500,-12669.2549,480593.4062) accum=(26775.7207,655.3459,46636.4258) grounded=0x40800000 linTerm=8.33333e-06
spd=2355.718 ctrl=(-2821357.2500,-12669.6543,540791.5000) accum=(27861.7578,668.9131,48199.2930) grounded=0x40800000 linTerm=8.33333e-06
spd=2375.505 ctrl=(-2831186.5000,-12713.7930,542675.5000) accum=(27981.5039,638.1602,43359.3086) grounded=0x40800000 linTerm=1.27157e-12
spd=2362.338 ctrl=(-2813111.7500,-12684.3008,601451.8750) accum=(28738.0547,655.2303,45559.3789) grounded=0x40800000 linTerm=8.33333e-06
spd=2370.809 ctrl=(-2800355.7500,-12684.4258,661248.8750) accum=(29890.3438,668.6924,47076.5195) grounded=0x40800000 linTerm=8.33333e-06
spd=2390.605 ctrl=(-2810134.5000,-12728.7188,663557.9375) accum=(29807.2598,638.0562,42229.8633) grounded=0x40800000 linTerm=1.27157e-12
spd=2377.271 ctrl=(-2789490.2500,-12698.9434,721593.3125) accum=(30656.3125,655.0991,44391.1875) grounded=0x40800000 linTerm=8.33333e-06
spd=2385.606 ctrl=(-2774121.2500,-12698.7959,780872.8125) accum=(31872.9258,668.4595,45860.7070) grounded=0x40800000 linTerm=8.33333e-06
spd=2405.412 ctrl=(-2783832.0000,-12743.2480,783606.2500) accum=(31586.6426,637.9366,41017.1484) grounded=0x40800000 linTerm=1.27157e-12
spd=2391.914 ctrl=(-2760649.2500,-12713.1855,840786.3750) accum=(32526.3984,654.9574,43136.3984) grounded=0x40800000 linTerm=8.33333e-06
spd=2400.117 ctrl=(-2742690.2500,-12712.7744,899432.7500) accum=(33805.3359,668.2184,44556.1055) grounded=0x40800000 linTerm=8.33333e-06
spd=2419.933 ctrl=(-2752312.0000,-12757.3721,902588.1250) accum=(33315.9844,637.8069,39725.0000) grounded=0x40800000 linTerm=1.27157e-12
spd=2406.273 ctrl=(-2726627.7500,-12727.0303,958800.6250) accum=(34344.4180,654.8083,41798.7578) grounded=0x40800000 linTerm=8.33333e-06
spd=2414.346 ctrl=(-2706105.7500,-12726.3564,1016699.1875) accum=(35683.7070,667.9716,43166.3125) grounded=0x40800000 linTerm=8.33333e-06
spd=2434.171 ctrl=(-2715619.0000,-12771.0967,1020273.4375) accum=(34991.8711,637.6696,38356.6875) grounded=0x40800000 linTerm=1.27157e-12
spd=2420.352 ctrl=(-2687475.2500,-12740.4785,1075407.5000) accum=(36106.8789,654.6531,40381.4922) grounded=0x40800000 linTerm=8.33333e-06
spd=2428.296 ctrl=(-2664423.2500,-12739.5449,1132444.8750) accum=(37504.3281,667.7203,41694.5039) grounded=0x40800000 linTerm=8.33333e-06
spd=2448.131 ctrl=(-2673809.0000,-12784.4209,1136434.0000) accum=(36611.0078,637.5258,36915.1836) grounded=0x40800000 linTerm=1.27157e-12
spd=2434.155 ctrl=(-2643252.7500,-12753.5312,1190380.6250) accum=(37810.2852,654.4929,38887.5977) grounded=0x40800000 linTerm=8.33333e-06
spd=2441.971 ctrl=(-2617708.7500,-12752.3447,1246445.1250) accum=(39263.6602,667.4659,40143.6484) grounded=0x40800000 linTerm=8.33333e-06
spd=2461.817 ctrl=(-2626949.2500,-12797.3584,1250845.0000) accum=(38170.1406,637.3765,35403.3281) grounded=0x40800000 linTerm=1.27157e-12
spd=2447.686 ctrl=(-2594032.5000,-12766.2012,1303497.5000) accum=(39451.2930,654.3291,37319.9648) grounded=0x40800000 linTerm=8.33333e-06
spd=2455.377 ctrl=(-2566038.2500,-12764.7627,1358478.6250) accum=(40958.3281,667.2084,38516.6562) grounded=0x40800000 linTerm=8.33333e-06
spd=2475.231 ctrl=(-2575113.0000,-12809.9082,1363282.7500) accum=(39666.2930,637.2224,33823.8828) grounded=0x40800000 linTerm=1.27157e-12
