spd=0.000 ctrl=(16813.4355,0.0000,799823.3125) accum=(0.0000,0.0000,0.0000) cMag=0 fMag=0 ld0=0 m78=0 frac=0 grounded=0x40800000 linTerm=1.66667e-05
spd=13.333 ctrl=(17799.7695,0.0000,846743.6875) accum=(-285.2266,0.0000,-30647.4609) cMag=20716 fMag=32817.6 ld0=1.29537e+06 m78=230506 frac=0.822054 grounded=0x40800000 linTerm=1.66667e-05
spd=26.934 ctrl=(18806.0156,0.0000,894611.1875) accum=(-285.2496,0.0000,-30647.6309) cMag=20716.1 fMag=32817.8 ld0=1.29537e+06 m78=230500 frac=0.822058 grounded=0x40800000 linTerm=1.66667e-05
spd=41.330 ctrl=(19870.9961,0.0000,945272.8750) accum=(-285.3174,0.0000,-30648.1152) cMag=20716.5 fMag=32818.1 ld0=1.29536e+06 m78=230480 frac=0.822072 grounded=0x40800000 linTerm=1.66667e-05
spd=56.564 ctrl=(20998.0000,0.0000,998885.0000) accum=(-285.3892,0.0000,-30648.6309) cMag=20716.9 fMag=32818.4 ld0=1.29535e+06 m78=230460 frac=0.822086 grounded=0x40800000 linTerm=1.66667e-05
spd=72.683 ctrl=(22190.4863,0.0000,1055612.1250) accum=(-285.4650,0.0000,-30649.1738) cMag=20717.3 fMag=32818.7 ld0=1.29533e+06 m78=230438 frac=0.822101 grounded=0x40800000 linTerm=1.66667e-05
spd=89.737 ctrl=(23452.0879,0.0000,1115627.1250) accum=(-285.5447,0.0000,-30649.7480) cMag=20717.8 fMag=32819.1 ld0=1.29532e+06 m78=230415 frac=0.822117 grounded=0x40800000 linTerm=1.66667e-05
spd=107.776 ctrl=(24786.6172,0.0000,1179111.3750) accum=(-285.6293,0.0000,-30650.3555) cMag=20718.2 fMag=32819.5 ld0=1.29531e+06 m78=230391 frac=0.822134 grounded=0x40800000 linTerm=1.66667e-05
spd=126.855 ctrl=(26198.0762,0.0000,1246255.1250) accum=(-285.7182,0.0000,-30650.9883) cMag=20718.7 fMag=32819.9 ld0=1.2953e+06 m78=230366 frac=0.822152 grounded=0x40800000 linTerm=1.66667e-05
spd=147.031 ctrl=(27690.6543,0.0000,1317257.8750) accum=(-285.8122,0.0000,-30651.6660) cMag=20719.2 fMag=32820.3 ld0=1.29528e+06 m78=230339 frac=0.822171 grounded=0x40800000 linTerm=1.66667e-05
spd=168.363 ctrl=(29268.7500,0.0000,1392328.6250) accum=(-285.9113,0.0000,-30652.3789) cMag=20719.8 fMag=32820.8 ld0=1.29527e+06 m78=230310 frac=0.822191 grounded=0x40800000 linTerm=1.66667e-05
spd=190.912 ctrl=(30936.9531,0.0000,1471685.8750) accum=(-286.0154,0.0000,-30653.1230) cMag=20720.4 fMag=32821.2 ld0=1.29525e+06 m78=230281 frac=0.822212 grounded=0x40800000 linTerm=1.66667e-05
spd=214.745 ctrl=(32700.0781,0.0000,1555558.5000) accum=(-286.1254,0.0000,-30653.9141) cMag=20721 fMag=32821.7 ld0=1.29523e+06 m78=230249 frac=0.822234 grounded=0x40800000 linTerm=1.66667e-05
spd=239.929 ctrl=(34563.1445,0.0000,1644185.5000) accum=(-286.2412,0.0000,-30654.7441) cMag=20721.6 fMag=32822.2 ld0=1.29522e+06 m78=230216 frac=0.822257 grounded=0x40800000 linTerm=1.66667e-05
spd=266.534 ctrl=(19717.9629,0.0000,937993.0625) accum=(-286.3633,0.0000,-30655.6152) cMag=20722.3 fMag=32822.8 ld0=1.2952e+06 m78=230181 frac=0.822281 grounded=0x40800000 linTerm=1.66667e-05
spd=281.334 ctrl=(20812.8223,0.0000,990076.0000) accum=(-285.3542,0.0000,-30648.3809) cMag=20716.7 fMag=32818.2 ld0=1.29535e+06 m78=230470 frac=0.822079 grounded=0x40800000 linTerm=1.66667e-05
spd=296.964 ctrl=(21969.1641,0.0000,1045083.8125) accum=(-285.4255,0.0000,-30648.8945) cMag=20717.1 fMag=32818.6 ld0=1.29534e+06 m78=230449 frac=0.822094 grounded=0x40800000 linTerm=1.66667e-05
spd=313.471 ctrl=(23190.2715,0.0000,1103172.3750) accum=(-285.5008,0.0000,-30649.4297) cMag=20717.5 fMag=32818.9 ld0=1.29533e+06 m78=230428 frac=0.822109 grounded=0x40800000 linTerm=1.66667e-05
spd=330.899 ctrl=(24479.5879,0.0000,1164505.8750) accum=(-285.5799,0.0000,-30649.9980) cMag=20718 fMag=32819.2 ld0=1.29532e+06 m78=230405 frac=0.822124 grounded=0x40800000 linTerm=1.66667e-05
spd=349.297 ctrl=(25840.7227,0.0000,1229255.6250) accum=(-285.6630,0.0000,-30650.5957) cMag=20718.4 fMag=32819.6 ld0=1.2953e+06 m78=230381 frac=0.822141 grounded=0x40800000 linTerm=1.66667e-05
spd=368.718 ctrl=(27277.4453,0.0000,1297601.2500) accum=(-285.7507,0.0000,-30651.2227) cMag=20718.9 fMag=32820 ld0=1.29529e+06 m78=230356 frac=0.822159 grounded=0x40800000 linTerm=1.66667e-05
spd=389.214 ctrl=(28793.7090,0.0000,1369730.6250) accum=(-285.8431,0.0000,-30651.8887) cMag=20719.4 fMag=32820.4 ld0=1.29528e+06 m78=230330 frac=0.822177 grounded=0x40800000 linTerm=1.66667e-05
spd=410.841 ctrl=(30393.6426,0.0000,1445840.2500) accum=(-285.9400,0.0000,-30652.5801) cMag=20719.9 fMag=32820.9 ld0=1.29526e+06 m78=230302 frac=0.822196 grounded=0x40800000 linTerm=1.66667e-05
spd=433.657 ctrl=(32081.5371,0.0000,1526134.1250) accum=(-286.0422,0.0000,-30653.3145) cMag=20720.5 fMag=32821.3 ld0=1.29525e+06 m78=230273 frac=0.822217 grounded=0x40800000 linTerm=1.66667e-05
spd=457.722 ctrl=(33861.8984,0.0000,1610826.8750) accum=(-286.1497,0.0000,-30654.0840) cMag=20721.1 fMag=32821.8 ld0=1.29523e+06 m78=230242 frac=0.822238 grounded=0x40800000 linTerm=1.66667e-05
spd=483.101 ctrl=(35739.4023,0.0000,1700140.6250) accum=(-286.2622,0.0000,-30654.8945) cMag=20721.7 fMag=32822.3 ld0=1.29521e+06 m78=230210 frac=0.822261 grounded=0x40800000 linTerm=1.66667e-05
spd=509.859 ctrl=(37718.9219,0.0000,1794307.2500) accum=(-286.3811,0.0000,-30655.7441) cMag=20722.4 fMag=32822.9 ld0=1.29519e+06 m78=230176 frac=0.822285 grounded=0x40800000 linTerm=1.66667e-05
spd=538.064 ctrl=(39805.5234,0.0000,1893568.0000) accum=(-286.5054,0.0000,-30656.6387) cMag=20723.1 fMag=32823.4 ld0=1.29518e+06 m78=230140 frac=0.82231 grounded=0x40800000 linTerm=1.66667e-05
spd=567.788 ctrl=(42004.4727,0.0000,1998173.0000) accum=(-286.6360,0.0000,-30657.5742) cMag=20723.8 fMag=32824 ld0=1.29516e+06 m78=230103 frac=0.822336 grounded=0x40800000 linTerm=1.66667e-05
spd=599.105 ctrl=(44321.2305,0.0000,2108382.5000) accum=(-286.7731,0.0000,-30658.5586) cMag=20724.5 fMag=32824.7 ld0=1.29513e+06 m78=230064 frac=0.822363 grounded=0x40800000 linTerm=1.66667e-05
spd=632.090 ctrl=(46761.4609,0.0000,2224465.2500) accum=(-286.9166,0.0000,-30659.5879) cMag=20725.3 fMag=32825.3 ld0=1.29511e+06 m78=230022 frac=0.822392 grounded=0x40800000 linTerm=1.66667e-05
spd=666.823 ctrl=(49320.4648,0.0000,2346198.2500) accum=(-287.0673,0.0000,-30660.6738) cMag=20726.2 fMag=32826 ld0=1.29509e+06 m78=229979 frac=0.822422 grounded=0x40800000 linTerm=1.66667e-05
spd=703.379 ctrl=(49566.3164,0.0000,2357893.5000) accum=(-287.2242,0.0000,-30661.8008) cMag=20727 fMag=32826.7 ld0=1.29507e+06 m78=229934 frac=0.822454 grounded=0x40800000 linTerm=1.66667e-05
spd=739.910 ctrl=(49812.0000,0.0000,2369581.0000) accum=(-287.2230,0.0000,-30661.7949) cMag=20727 fMag=32826.7 ld0=1.29507e+06 m78=229934 frac=0.822453 grounded=0x40800000 linTerm=1.66667e-05
spd=776.407 ctrl=(50057.4570,0.0000,2381257.5000) accum=(-287.2211,0.0000,-30661.7793) cMag=20727 fMag=32826.7 ld0=1.29507e+06 m78=229935 frac=0.822453 grounded=0x40800000 linTerm=1.66667e-05
spd=812.857 ctrl=(50302.6016,0.0000,2392919.0000) accum=(-287.2181,0.0000,-30661.7617) cMag=20727 fMag=32826.7 ld0=1.29507e+06 m78=229936 frac=0.822452 grounded=0x40800000 linTerm=1.66667e-05
spd=849.251 ctrl=(50547.3594,0.0000,2404562.2500) accum=(-287.2141,0.0000,-30661.7305) cMag=20727 fMag=32826.7 ld0=1.29507e+06 m78=229937 frac=0.822452 grounded=0x40800000 linTerm=1.66667e-05
spd=885.577 ctrl=(50791.6602,0.0000,2416184.0000) accum=(-287.2094,0.0000,-30661.6914) cMag=20726.9 fMag=32826.6 ld0=1.29507e+06 m78=229938 frac=0.822451 grounded=0x40800000 linTerm=1.66667e-05
spd=921.825 ctrl=(51035.4453,0.0000,2427780.7500) accum=(-287.2036,0.0000,-30661.6562) cMag=20726.9 fMag=32826.6 ld0=1.29507e+06 m78=229940 frac=0.82245 grounded=0x40800000 linTerm=1.66667e-05
spd=957.983 ctrl=(51278.6211,0.0000,2439348.7500) accum=(-287.1967,0.0000,-30661.6074) cMag=20726.9 fMag=32826.6 ld0=1.29507e+06 m78=229942 frac=0.822448 grounded=0x40800000 linTerm=1.66667e-05
spd=994.041 ctrl=(51521.1172,0.0000,2450884.5000) accum=(-287.1891,0.0000,-30661.5527) cMag=20726.8 fMag=32826.5 ld0=1.29507e+06 m78=229944 frac=0.822447 grounded=0x40800000 linTerm=1.66667e-05
spd=1029.988 ctrl=(51762.8906,0.0000,2462385.7500) accum=(-287.1805,0.0000,-30661.4902) cMag=20726.8 fMag=32826.5 ld0=1.29507e+06 m78=229947 frac=0.822445 grounded=0x40800000 linTerm=1.66667e-05
spd=1065.814 ctrl=(52003.8320,0.0000,2473847.5000) accum=(-287.1711,0.0000,-30661.4180) cMag=20726.7 fMag=32826.5 ld0=1.29507e+06 m78=229949 frac=0.822443 grounded=0x40800000 linTerm=1.66667e-05
spd=1101.510 ctrl=(52243.8906,0.0000,2485267.2500) accum=(-287.1606,0.0000,-30661.3477) cMag=20726.7 fMag=32826.4 ld0=1.29508e+06 m78=229952 frac=0.822441 grounded=0x40800000 linTerm=1.66667e-05
spd=1137.063 ctrl=(52483.0039,0.0000,2496642.0000) accum=(-287.1495,0.0000,-30661.2637) cMag=20726.6 fMag=32826.4 ld0=1.29508e+06 m78=229956 frac=0.822439 grounded=0x40800000 linTerm=1.66667e-05
spd=1172.466 ctrl=(52721.0977,0.0000,2507968.2500) accum=(-287.1374,0.0000,-30661.1758) cMag=20726.5 fMag=32826.3 ld0=1.29508e+06 m78=229959 frac=0.822436 grounded=0x40800000 linTerm=1.66667e-05
spd=1207.707 ctrl=(52958.1094,0.0000,2519243.0000) accum=(-287.1245,0.0000,-30661.0840) cMag=20726.5 fMag=32826.2 ld0=1.29508e+06 m78=229963 frac=0.822434 grounded=0x40800000 linTerm=1.66667e-05
spd=1242.777 ctrl=(53193.9727,0.0000,2530463.0000) accum=(-287.1105,0.0000,-30660.9844) cMag=20726.4 fMag=32826.2 ld0=1.29508e+06 m78=229967 frac=0.822431 grounded=0x40800000 linTerm=1.66667e-05
spd=1277.667 ctrl=(53428.6250,0.0000,2541625.5000) accum=(-287.0959,0.0000,-30660.8809) cMag=20726.3 fMag=32826.1 ld0=1.29509e+06 m78=229971 frac=0.822428 grounded=0x40800000 linTerm=1.66667e-05
spd=1312.368 ctrl=(53661.9922,0.0000,2552727.0000) accum=(-287.0804,0.0000,-30660.7676) cMag=20726.2 fMag=32826 ld0=1.29509e+06 m78=229975 frac=0.822425 grounded=0x40800000 linTerm=1.66667e-05
spd=1346.870 ctrl=(53894.0391,0.0000,2563765.5000) accum=(-287.0642,0.0000,-30660.6504) cMag=20726.1 fMag=32826 ld0=1.29509e+06 m78=229980 frac=0.822422 grounded=0x40800000 linTerm=1.66667e-05
spd=1381.165 ctrl=(54124.6797,0.0000,2574737.2500) accum=(-287.0473,0.0000,-30660.5312) cMag=20726 fMag=32825.9 ld0=1.29509e+06 m78=229985 frac=0.822418 grounded=0x40800000 linTerm=1.66667e-05
spd=1415.245 ctrl=(54353.8789,0.0000,2585640.2500) accum=(-287.0296,0.0000,-30660.4023) cMag=20725.9 fMag=32825.8 ld0=1.2951e+06 m78=229990 frac=0.822415 grounded=0x40800000 linTerm=1.66667e-05
spd=1449.100 ctrl=(54581.5664,0.0000,2596471.5000) accum=(-287.0109,0.0000,-30660.2715) cMag=20725.8 fMag=32825.7 ld0=1.2951e+06 m78=229995 frac=0.822411 grounded=0x40800000 linTerm=1.66667e-05
spd=1482.723 ctrl=(54807.6914,0.0000,2607228.5000) accum=(-286.9918,0.0000,-30660.1309) cMag=20725.7 fMag=32825.6 ld0=1.2951e+06 m78=230001 frac=0.822407 grounded=0x40800000 linTerm=1.66667e-05
spd=1516.106 ctrl=(55032.2109,0.0000,2617908.7500) accum=(-286.9720,0.0000,-30659.9883) cMag=20725.6 fMag=32825.6 ld0=1.2951e+06 m78=230006 frac=0.822403 grounded=0x40800000 linTerm=1.66667e-05
spd=1549.242 ctrl=(55255.0547,0.0000,2628509.7500) accum=(-286.9514,0.0000,-30659.8438) cMag=20725.5 fMag=32825.5 ld0=1.29511e+06 m78=230012 frac=0.822399 grounded=0x40800000 linTerm=1.66667e-05
spd=1582.123 ctrl=(55476.1953,0.0000,2639029.5000) accum=(-286.9301,0.0000,-30659.6855) cMag=20725.4 fMag=32825.4 ld0=1.29511e+06 m78=230018 frac=0.822395 grounded=0x40800000 linTerm=1.66667e-05
spd=1614.741 ctrl=(55695.5625,0.0000,2649464.7500) accum=(-286.9084,0.0000,-30659.5352) cMag=20725.3 fMag=32825.3 ld0=1.29511e+06 m78=230025 frac=0.82239 grounded=0x40800000 linTerm=1.66667e-05
spd=1647.091 ctrl=(507417.0312,0.0000,2611017.2500) accum=(15192.2168,0.0000,-25872.4004) cMag=24905 fMag=51873.4 ld0=2.68596e+06 m78=2.12494e+06 frac=0.208871 grounded=0x40800000 linTerm=1.66667e-05
spd=1678.542 ctrl=(568141.7500,0.0000,2607713.5000) accum=(19103.4648,0.0000,-27572.7383) cMag=26282.4 fMag=56849.9 ld0=2.75916e+06 m78=2.03926e+06 frac=0.260915 grounded=0x40800000 linTerm=1.66667e-05
spd=1709.384 ctrl=(628856.3750,0.0000,2602503.2500) accum=(21360.1660,0.0000,-28764.4863) cMag=27192.9 fMag=60378 ld0=2.85045e+06 m78=2.0387e+06 frac=0.284778 grounded=0x40800000 linTerm=1.66667e-05
spd=1739.592 ctrl=(689548.0000,0.0000,2595590.5000) accum=(22989.2598,0.0000,-29839.5859) cMag=27958.1 fMag=63334.8 ld0=2.956e+06 m78=2.07042e+06 frac=0.299588 grounded=0x40800000 linTerm=1.66667e-05
spd=1769.169 ctrl=(750196.6250,0.0000,2587085.7500) accum=(27095.5488,0.0000,-32088.2578) cMag=28603.5 fMag=65813.6 ld0=3.08087e+06 m78=1.89103e+06 frac=0.386201 grounded=0x40800000 linTerm=1.66667e-05
spd=1798.117 ctrl=(810775.9375,0.0000,2577048.7500) accum=(28463.1094,0.0000,-33305.0586) cMag=29136.9 fMag=67905.6 ld0=3.20583e+06 m78=1.90865e+06 frac=0.404633 grounded=0x40800000 linTerm=1.66667e-05
spd=1826.478 ctrl=(871255.6250,0.0000,2565510.5000) accum=(29577.9355,0.0000,-34522.0391) cMag=29590.4 fMag=69677.2 ld0=3.31722e+06 m78=1.91791e+06 frac=0.421833 grounded=0x40800000 linTerm=1.66667e-05
spd=1854.276 ctrl=(931602.3125,0.0000,2552485.5000) accum=(30403.0430,0.0000,-35704.7070) cMag=29978.3 fMag=71189.1 ld0=3.41403e+06 m78=1.92476e+06 frac=0.436219 grounded=0x40800000 linTerm=1.66667e-05
spd=1881.541 ctrl=(991779.5000,0.0000,2537978.2500) accum=(30963.5195,0.0000,-36846.1133) cMag=30312.5 fMag=72490.5 ld0=3.49786e+06 m78=1.9312e+06 frac=0.447891 grounded=0x40800000 linTerm=1.66667e-05
spd=1908.295 ctrl=(1051750.0000,0.0000,2521991.2500) accum=(31296.5273,0.0000,-37946.8281) cMag=30602.9 fMag=73621.2 ld0=3.57076e+06 m78=1.93791e+06 frac=0.457282 grounded=0x40800000 linTerm=1.66667e-05
spd=1934.561 ctrl=(1111474.6250,0.0000,2504523.7500) accum=(31437.7363,0.0000,-39009.2812) cMag=30857.7 fMag=74613.3 ld0=3.63462e+06 m78=1.94512e+06 frac=0.464835 grounded=0x40800000 linTerm=1.66667e-05
spd=1960.358 ctrl=(1170914.0000,0.0000,2485575.5000) accum=(31417.9863,0.0000,-40036.2539) cMag=31083.4 fMag=75492.6 ld0=3.69106e+06 m78=1.95286e+06 frac=0.47092 grounded=0x40800000 linTerm=1.66667e-05
spd=1985.703 ctrl=(1230028.0000,0.0000,2465147.0000) accum=(31263.1152,0.0000,-41030.3438) cMag=31285.3 fMag=76280.1 ld0=3.74142e+06 m78=1.96111e+06 frac=0.475838 grounded=0x40800000 linTerm=1.66667e-05
spd=2010.610 ctrl=(1288776.1250,0.0000,2443240.0000) accum=(30994.2246,0.0000,-41993.9062) cMag=31468 fMag=76992.4 ld0=3.7868e+06 m78=1.9698e+06 frac=0.479825 grounded=0x40800000 linTerm=1.66667e-05
spd=2035.090 ctrl=(1347118.1250,0.0000,2419858.0000) accum=(30628.6777,0.0000,-42928.9102) cMag=31634.7 fMag=77643.3 ld0=3.82809e+06 m78=1.97887e+06 frac=0.483067 grounded=0x40800000 linTerm=1.66667e-05
spd=2059.156 ctrl=(1672912.5000,0.0000,2851670.0000) accum=(30180.5703,0.0000,-43837.0664) cMag=31788.4 fMag=78243.6 ld0=3.86602e+06 m78=1.98826e+06 frac=0.48571 grounded=0x40800000 linTerm=1.66667e-05
spd=2091.259 ctrl=(1742081.1250,0.0000,2821653.7500) accum=(29367.7656,0.0000,-44567.9922) cMag=31865.1 fMag=78531.3 ld0=3.88331e+06 m78=1.99898e+06 frac=0.485238 grounded=0x40800000 linTerm=1.66667e-05
spd=2122.904 ctrl=(1810644.0000,0.0000,2789809.0000) accum=(28574.7734,0.0000,-45303.9688) cMag=31943.8 fMag=78819.3 ld0=3.90072e+06 m78=2.0069e+06 frac=0.485506 grounded=0x40800000 linTerm=1.66667e-05
spd=2154.083 ctrl=(1878555.3750,0.0000,2756157.7500) accum=(27778.2949,0.0000,-46033.7539) cMag=32027.2 fMag=79129.9 ld0=3.91959e+06 m78=2.01549e+06 frac=0.48579 grounded=0x40800000 linTerm=1.66667e-05
spd=2184.789 ctrl=(1945766.5000,0.0000,2720716.7500) accum=(26975.2305,0.0000,-46756.4922) cMag=32114.2 fMag=79458.6 ld0=3.93961e+06 m78=2.02461e+06 frac=0.48609 grounded=0x40800000 linTerm=1.66667e-05
spd=2215.016 ctrl=(2012229.3750,0.0000,2683505.7500) accum=(26163.1406,0.0000,-47471.1641) cMag=32204.2 fMag=79801.5 ld0=3.96055e+06 m78=2.03411e+06 frac=0.486407 grounded=0x40800000 linTerm=1.66667e-05
spd=2244.761 ctrl=(2077897.2500,0.0000,2644544.2500) accum=(25339.9473,0.0000,-48176.9492) cMag=32296.7 fMag=80155.7 ld0=3.9822e+06 m78=2.04391e+06 frac=0.48674 grounded=0x40800000 linTerm=1.66667e-05
spd=2274.021 ctrl=(2142722.7500,0.0000,2603853.5000) accum=(24504.0879,0.0000,-48872.8242) cMag=32391.1 fMag=80518.6 ld0=4.0044e+06 m78=2.05392e+06 frac=0.487085 grounded=0x40800000 linTerm=1.66667e-05
spd=2302.793 ctrl=(2206659.5000,0.0000,2561455.0000) accum=(23654.2070,0.0000,-49558.0859) cMag=32487.1 fMag=80888.4 ld0=4.02703e+06 m78=2.06409e+06 frac=0.487442 grounded=0x40800000 linTerm=1.66667e-05
spd=2331.076 ctrl=(2269661.0000,0.0000,2517372.0000) accum=(22789.4316,0.0000,-50231.6211) cMag=32584.2 fMag=81263.4 ld0=4.04998e+06 m78=2.07437e+06 frac=0.487808 grounded=0x40800000 linTerm=1.66667e-05
spd=2358.868 ctrl=(2331682.7500,0.0000,2471628.7500) accum=(21908.9199,0.0000,-50892.7500) cMag=32682.4 fMag=81642.3 ld0=4.07316e+06 m78=2.08473e+06 frac=0.48818 grounded=0x40800000 linTerm=1.66667e-05
spd=2386.171 ctrl=(2392680.0000,0.0000,2424250.2500) accum=(21012.1426,0.0000,-51540.6602) cMag=32781.3 fMag=82024.2 ld0=4.09652e+06 m78=2.09513e+06 frac=0.488558 grounded=0x40800000 linTerm=1.66667e-05
spd=2412.984 ctrl=(2452608.7500,0.0000,2375264.0000) accum=(20098.6348,0.0000,-52174.5156) cMag=32880.9 fMag=82408 ld0=4.11998e+06 m78=2.10557e+06 frac=0.488938 grounded=0x40800000 linTerm=1.66667e-05
spd=2439.307 ctrl=(2511426.7500,0.0000,2324697.7500) accum=(19168.1816,0.0000,-52793.6016) cMag=32980.9 fMag=82793.3 ld0=4.14352e+06 m78=2.11602e+06 frac=0.489319 grounded=0x40800000 linTerm=1.66667e-05
spd=2465.144 ctrl=(2569090.5000,0.0000,2272578.7500) accum=(18220.6562,0.0000,-53397.1094) cMag=33081.2 fMag=83179.2 ld0=4.16709e+06 m78=2.12647e+06 frac=0.4897 grounded=0x40800000 linTerm=1.66667e-05
spd=2490.494 ctrl=(2625559.5000,0.0000,2218939.2500) accum=(17255.9941,0.0000,-53984.4492) cMag=33181.8 fMag=83565.6 ld0=4.19067e+06 m78=2.13691e+06 frac=0.490079 grounded=0x40800000 linTerm=1.66667e-05
spd=2515.361 ctrl=(2680792.2500,0.0000,2163807.7500) accum=(16274.1943,0.0000,-54554.8789) cMag=33282.6 fMag=83952 ld0=4.21422e+06 m78=2.14734e+06 frac=0.490455 grounded=0x40800000 linTerm=1.66667e-05
spd=1278.178 ctrl=(209142.8906,0.0000,3068182.0000) accum=(25888.2715,0.0000,-25215.3262) cMag=27271.9 fMag=55490 ld0=2.60052e+06 m78=1.70922e+06 frac=0.342741 grounded=0x40800000 linTerm=1.66667e-05
spd=1320.631 ctrl=(271994.9375,0.0000,3076364.0000) accum=(25869.0469,0.0000,-25234.7285) cMag=27935.3 fMag=61066.5 ld0=2.87484e+06 m78=2.0921e+06 frac=0.272272 grounded=0x40800000 linTerm=1.66667e-05
spd=1362.666 ctrl=(337092.7188,0.0000,3082734.5000) accum=(27129.0762,0.0000,-25820.1191) cMag=28536 fMag=63748.6 ld0=2.9866e+06 m78=2.15559e+06 frac=0.278249 grounded=0x40800000 linTerm=1.66667e-05
spd=1404.239 ctrl=(404385.1875,0.0000,3087204.0000) accum=(28140.8613,0.0000,-26458.3809) cMag=29090 fMag=66183.9 ld0=3.09928e+06 m78=2.22444e+06 frac=0.282271 grounded=0x40800000 linTerm=1.66667e-05
spd=1445.324 ctrl=(473813.5938,0.0000,3089665.5000) accum=(31905.3652,0.0000,-27837.4883) cMag=29607.5 fMag=68422.8 ld0=3.217e+06 m78=2.07606e+06 frac=0.35466 grounded=0x40800000 linTerm=1.66667e-05
spd=1485.888 ctrl=(545309.7500,0.0000,3089995.5000) accum=(32908.9961,0.0000,-28678.0801) cMag=30082.6 fMag=70510.9 ld0=3.33903e+06 m78=2.12991e+06 frac=0.362118 grounded=0x40800000 linTerm=1.66667e-05
spd=1525.925 ctrl=(617227.0625,0.0000,3088466.2500) accum=(33789.1719,0.0000,-29581.7207) cMag=30497 fMag=72302.6 ld0=3.44845e+06 m78=2.16863e+06 frac=0.371129 grounded=0x40800000 linTerm=1.66667e-05
spd=1565.437 ctrl=(689325.2500,0.0000,3085139.0000) accum=(34484.0508,0.0000,-30516.8398) cMag=30856.9 fMag=73836.8 ld0=3.54412e+06 m78=2.1983e+06 frac=0.379732 grounded=0x40800000 linTerm=1.66667e-05
spd=1604.430 ctrl=(761559.5625,0.0000,3080017.0000) accum=(34997.2930,0.0000,-31469.2031) cMag=31172.9 fMag=75166.1 ld0=3.62776e+06 m78=2.22236e+06 frac=0.387403 grounded=0x40800000 linTerm=1.66667e-05
spd=1642.911 ctrl=(833883.3125,0.0000,3073092.2500) accum=(35347.5742,0.0000,-32430.5879) cMag=31453.3 fMag=76331.6 ld0=3.70137e+06 m78=2.24272e+06 frac=0.394085 grounded=0x40800000 linTerm=1.66667e-05
spd=1680.884 ctrl=(906248.8125,0.0000,3064357.5000) accum=(35556.1992,0.0000,-33395.8555) cMag=31704.8 fMag=77366.1 ld0=3.76674e+06 m78=2.26052e+06 frac=0.399874 grounded=0x40800000 linTerm=1.66667e-05
spd=1718.354 ctrl=(978607.1875,0.0000,3053804.2500) accum=(35642.8867,0.0000,-34361.7305) cMag=31933.1 fMag=78295.2 ld0=3.8254e+06 m78=2.27651e+06 frac=0.404897 grounded=0x40800000 linTerm=1.66667e-05
spd=1755.322 ctrl=(1050909.3750,0.0000,3041425.0000) accum=(35624.7500,0.0000,-35325.6797) cMag=32142.5 fMag=79139.3 ld0=3.8786e+06 m78=2.29118e+06 frac=0.409276 grounded=0x40800000 linTerm=1.66667e-05
spd=1791.792 ctrl=(1123105.6250,0.0000,3027214.0000) accum=(35516.0117,0.0000,-36285.9766) cMag=32336.4 fMag=79914.6 ld0=3.92734e+06 m78=2.30488e+06 frac=0.413119 grounded=0x40800000 linTerm=1.66667e-05
spd=1827.763 ctrl=(1195145.3750,0.0000,3011166.5000) accum=(35328.5234,0.0000,-37241.3203) cMag=32517.6 fMag=80633.7 ld0=3.97244e+06 m78=2.31785e+06 frac=0.416517 grounded=0x40800000 linTerm=1.66667e-05
spd=1863.237 ctrl=(1266978.3750,0.0000,2993280.7500) accum=(35071.8867,0.0000,-38190.6641) cMag=32688.5 fMag=81306.9 ld0=4.01455e+06 m78=2.33027e+06 frac=0.419544 grounded=0x40800000 linTerm=1.66667e-05
spd=1898.212 ctrl=(1338553.7500,0.0000,2973553.7500) accum=(34754.0117,0.0000,-39133.2617) cMag=32850.8 fMag=81942.4 ld0=4.05419e+06 m78=2.34226e+06 frac=0.422263 grounded=0x40800000 linTerm=1.66667e-05
spd=1932.689 ctrl=(1409820.7500,0.0000,2951988.2500) accum=(34381.3672,0.0000,-40068.4102) cMag=33006.1 fMag=82546.7 ld0=4.09179e+06 m78=2.35391e+06 frac=0.424723 grounded=0x40800000 linTerm=1.66667e-05
spd=1966.666 ctrl=(1480727.8750,0.0000,2928585.5000) accum=(33959.1719,0.0000,-40995.4844) cMag=33155.5 fMag=83125 ld0=4.12768e+06 m78=2.3653e+06 frac=0.426966 grounded=0x40800000 linTerm=1.66667e-05
spd=2000.142 ctrl=(1551225.3750,0.0000,2903351.0000) accum=(33491.8477,0.0000,-41913.9297) cMag=33300 fMag=83681.6 ld0=4.16215e+06 m78=2.37648e+06 frac=0.429025 grounded=0x40800000 linTerm=1.66667e-05
spd=1021.739 ctrl=(191364.3750,0.0000,2987305.5000) accum=(24603.4531,0.0000,-24306.2930) cMag=27334.9 fMag=56744.2 ld0=2.7977e+06 m78=2.03874e+06 frac=0.271281 grounded=0x40800000 linTerm=1.66667e-05
spd=1065.221 ctrl=(241602.7031,0.0000,2997495.5000) accum=(25148.0117,0.0000,-24629.6914) cMag=28275.7 fMag=62224.7 ld0=3.0555e+06 m78=2.36171e+06 frac=0.227062 grounded=0x40800000 linTerm=1.66667e-05
spd=1108.468 ctrl=(294082.6875,0.0000,3006532.5000) accum=(26410.8984,0.0000,-25192.9258) cMag=28815.1 fMag=64239.8 ld0=3.1008e+06 m78=2.35397e+06 frac=0.240851 grounded=0x40800000 linTerm=1.66667e-05
spd=1151.453 ctrl=(348786.7812,0.0000,3014297.0000) accum=(27007.1289,0.0000,-25671.8281) cMag=29128.6 fMag=65735.8 ld0=3.16256e+06 m78=2.38365e+06 frac=0.246292 grounded=0x40800000 linTerm=1.66667e-05
spd=1194.154 ctrl=(405691.1875,0.0000,3020667.0000) accum=(27469.7676,0.0000,-26199.3242) cMag=29464.9 fMag=67193.5 ld0=3.22104e+06 m78=2.41753e+06 frac=0.249459 grounded=0x40800000 linTerm=1.66667e-05
spd=1236.547 ctrl=(464765.4062,0.0000,3025519.5000) accum=(27913.2910,0.0000,-26767.3906) cMag=29808.6 fMag=68664.6 ld0=3.28165e+06 m78=2.45284e+06 frac=0.252561 grounded=0x40800000 linTerm=1.66667e-05
spd=1278.607 ctrl=(525970.9375,0.0000,3028726.2500) accum=(28326.4609,0.0000,-27374.7383) cMag=30158.4 fMag=70146.2 ld0=3.3461e+06 m78=2.49144e+06 frac=0.255419 grounded=0x40800000 linTerm=1.66667e-05
spd=1320.310 ctrl=(589262.1250,0.0000,3030158.5000) accum=(28698.7578,0.0000,-28019.8262) cMag=30513.7 fMag=71635.8 ld0=3.41613e+06 m78=2.53518e+06 frac=0.25788 grounded=0x40800000 linTerm=1.66667e-05
spd=1361.632 ctrl=(654585.6250,0.0000,3029688.0000) accum=(31933.2832,0.0000,-29437.2129) cMag=30873.8 fMag=73131.5 ld0=3.49272e+06 m78=2.36313e+06 frac=0.323414 grounded=0x40800000 linTerm=1.66667e-05
spd=1402.535 ctrl=(721878.5000,0.0000,3027182.2500) accum=(32398.8867,0.0000,-30234.7500) cMag=31223.9 fMag=74636.2 ld0=3.57717e+06 m78=2.40474e+06 frac=0.327754 grounded=0x40800000 linTerm=1.66667e-05
spd=1443.011 ctrl=(791070.5000,0.0000,3022511.0000) accum=(32947.6602,0.0000,-31114.7363) cMag=31580.1 fMag=76144.1 ld0=3.66543e+06 m78=2.43962e+06 frac=0.334425 grounded=0x40800000 linTerm=1.66667e-05
spd=1483.034 ctrl=(862082.4375,0.0000,3015542.5000) accum=(33546.4102,0.0000,-32073.1152) cMag=31941 fMag=77654.7 ld0=3.75662e+06 m78=2.46934e+06 frac=0.34267 grounded=0x40800000 linTerm=1.66667e-05
spd=1522.583 ctrl=(933447.0625,0.0000,3006654.0000) accum=(34024.2578,0.0000,-33057.3516) cMag=32268.3 fMag=79007.9 ld0=3.83979e+06 m78=2.49343e+06 frac=0.350633 grounded=0x40800000 linTerm=1.66667e-05
spd=1561.653 ctrl=(1004809.2500,0.0000,2995959.5000) accum=(34351.4453,0.0000,-34047.8750) cMag=32560.4 fMag=80199.8 ld0=3.91369e+06 m78=2.51349e+06 frac=0.357769 grounded=0x40800000 linTerm=1.66667e-05
spd=1600.247 ctrl=(1076122.2500,0.0000,2983458.5000) accum=(34543.5234,0.0000,-35039.4570) cMag=32823.9 fMag=81262.5 ld0=3.97984e+06 m78=2.53088e+06 frac=0.364076 grounded=0x40800000 linTerm=1.66667e-05
spd=1638.366 ctrl=(1147336.8750,0.0000,2969145.2500) accum=(34617.2539,0.0000,-36028.8672) cMag=33064.2 fMag=82221.4 ld0=4.03961e+06 m78=2.54642e+06 frac=0.369638 grounded=0x40800000 linTerm=1.66667e-05
spd=1676.008 ctrl=(1218403.8750,0.0000,2953016.2500) accum=(34587.9844,0.0000,-37014.1133) cMag=33285.7 fMag=83096.4 ld0=4.09414e+06 m78=2.56064e+06 frac=0.374558 grounded=0x40800000 linTerm=1.66667e-05
spd=1713.175 ctrl=(1289273.5000,0.0000,2935069.0000) accum=(34469.0000,0.0000,-37993.7539) cMag=33491.8 fMag=83903.4 ld0=4.14436e+06 m78=2.57391e+06 frac=0.378936 grounded=0x40800000 linTerm=1.66667e-05
spd=1749.863 ctrl=(1359895.6250,0.0000,2915302.5000) accum=(34271.4062,0.0000,-38966.7852) cMag=33685.2 fMag=84654.7 ld0=4.19105e+06 m78=2.58648e+06 frac=0.382857 grounded=0x40800000 linTerm=1.66667e-05
spd=1786.073 ctrl=(1430219.7500,0.0000,2893716.0000) accum=(34004.4297,0.0000,-39932.5352) cMag=33868.3 fMag=85360.4 ld0=4.23481e+06 m78=2.5985e+06 frac=0.386394 grounded=0x40800000 linTerm=1.66667e-05
spd=1821.801 ctrl=(1500195.1250,0.0000,2870311.7500) accum=(33675.6523,0.0000,-40890.3086) cMag=34042.7 fMag=86028.3 ld0=4.27614e+06 m78=2.61011e+06 frac=0.38961 grounded=0x40800000 linTerm=1.66667e-05
spd=1857.045 ctrl=(1569770.7500,0.0000,2845092.5000) accum=(33291.2812,0.0000,-41839.7148) cMag=34210 fMag=86664.9 ld0=4.31546e+06 m78=2.62141e+06 frac=0.392554 grounded=0x40800000 linTerm=1.66667e-05
spd=950.279 ctrl=(173167.9375,0.0000,2965548.0000) accum=(25761.6250,0.0000,-24064.4414) cMag=28101.9 fMag=58292.3 ld0=2.87319e+06 m78=2.12046e+06 frac=0.261983 grounded=0x40800000 linTerm=1.66667e-05
spd=993.704 ctrl=(247994.8906,0.0000,3356233.2500) accum=(25839.0293,0.0000,-24388.7715) cMag=29135.8 fMag=64265.3 ld0=3.2298e+06 m78=2.5687e+06 frac=0.204687 grounded=0x40800000 linTerm=1.66667e-05
spd=1043.062 ctrl=(303537.3438,0.0000,3367488.2500) accum=(26435.7871,0.0000,-24697.1699) cMag=29471.9 fMag=66561.8 ld0=3.33585e+06 m78=2.65847e+06 frac=0.203059 grounded=0x40800000 linTerm=1.66667e-05
spd=1092.204 ctrl=(361877.8438,0.0000,3377458.5000) accum=(27006.6387,0.0000,-25223.2109) cMag=29819.1 fMag=67767.9 ld0=3.35822e+06 m78=2.6503e+06 frac=0.210803 grounded=0x40800000 linTerm=1.66667e-05
spd=1141.090 ctrl=(423000.3438,0.0000,3385989.2500) accum=(27791.2520,0.0000,-25773.1016) cMag=30186.8 fMag=69220.7 ld0=3.39481e+06 m78=2.64464e+06 frac=0.220975 grounded=0x40800000 linTerm=1.66667e-05
spd=1189.688 ctrl=(486880.7188,0.0000,3392924.2500) accum=(28097.2266,0.0000,-26302.2324) cMag=30464.1 fMag=70423.2 ld0=3.44131e+06 m78=2.66964e+06 frac=0.224236 grounded=0x40800000 linTerm=1.66667e-05
spd=1237.966 ctrl=(553484.5000,0.0000,3398097.5000) accum=(28433.2266,0.0000,-26876.2695) cMag=30777.1 fMag=71739.1 ld0=3.49143e+06 m78=2.69746e+06 frac=0.227403 grounded=0x40800000 linTerm=1.66667e-05
spd=1285.891 ctrl=(622767.6250,0.0000,3401343.2500) accum=(28802.4355,0.0000,-27494.2852) cMag=31115 fMag=73151.6 ld0=3.5465e+06 m78=2.72804e+06 frac=0.230778 grounded=0x40800000 linTerm=1.66667e-05
spd=1333.430 ctrl=(694675.6250,0.0000,3402491.5000) accum=(29180.1484,0.0000,-28156.6504) cMag=31472.8 fMag=74637.9 ld0=3.60766e+06 m78=2.76304e+06 frac=0.23412 grounded=0x40800000 linTerm=1.66667e-05
spd=1380.550 ctrl=(769142.5000,0.0000,3401369.7500) accum=(29544.2852,0.0000,-28862.6035) cMag=31846.4 fMag=76180.3 ld0=3.67666e+06 m78=2.80455e+06 frac=0.2372 grounded=0x40800000 linTerm=1.66667e-05
spd=1427.219 ctrl=(846091.7500,0.0000,3397806.0000) accum=(32764.9004,0.0000,-30317.7188) cMag=32233.1 fMag=77765.8 ld0=3.7549e+06 m78=2.63459e+06 frac=0.298359 grounded=0x40800000 linTerm=1.66667e-05
spd=1473.393 ctrl=(925433.2500,0.0000,3391625.7500) accum=(33255.8789,0.0000,-31192.3770) cMag=32616.5 fMag=79389 ld0=3.84394e+06 m78=2.67793e+06 frac=0.303337 grounded=0x40800000 linTerm=1.66667e-05
spd=1519.052 ctrl=(1005692.0625,0.0000,3383133.5000) accum=(33756.2070,0.0000,-32129.4629) cMag=32978.3 fMag=80896.1 ld0=3.9308e+06 m78=2.71157e+06 frac=0.310174 grounded=0x40800000 linTerm=1.66667e-05
spd=1564.182 ctrl=(1085985.6250,0.0000,3372579.5000) accum=(34158.4922,0.0000,-33093.5820) cMag=33303.1 fMag=82226.4 ld0=4.00983e+06 m78=2.73761e+06 frac=0.317275 grounded=0x40800000 linTerm=1.66667e-05
spd=1608.776 ctrl=(1166262.3750,0.0000,3359972.0000) accum=(34451.9453,0.0000,-34073.3203) cMag=33597.7 fMag=83415.4 ld0=4.08169e+06 m78=2.75885e+06 frac=0.324091 grounded=0x40800000 linTerm=1.66667e-05
spd=1652.831 ctrl=(1246465.8750,0.0000,3345305.2500) accum=(34639.4531,0.0000,-35061.8438) cMag=33867.7 fMag=84490.6 ld0=4.14731e+06 m78=2.77692e+06 frac=0.330428 grounded=0x40800000 linTerm=1.66667e-05
spd=1696.340 ctrl=(1326540.3750,0.0000,3328575.2500) accum=(34729.0859,0.0000,-36054.8945) cMag=34117.6 fMag=85473.9 ld0=4.20763e+06 m78=2.79281e+06 frac=0.33625 grounded=0x40800000 linTerm=1.66667e-05
spd=1739.300 ctrl=(1406429.3750,0.0000,3309780.7500) accum=(34730.2305,0.0000,-37049.6016) cMag=34350.9 fMag=86382.2 ld0=4.26351e+06 m78=2.80717e+06 frac=0.341582 grounded=0x40800000 linTerm=1.66667e-05
spd=1781.704 ctrl=(1486075.0000,0.0000,3288919.2500) accum=(34651.8516,0.0000,-38043.9805) cMag=34570.5 fMag=87229.2 ld0=4.31567e+06 m78=2.82041e+06 frac=0.346473 grounded=0x40800000 linTerm=1.66667e-05
spd=1823.547 ctrl=(1565419.8750,0.0000,3265990.5000) accum=(34501.9062,0.0000,-39036.5742) cMag=34778.8 fMag=88025.5 ld0=4.36472e+06 m78=2.83281e+06 frac=0.350974 grounded=0x40800000 linTerm=1.66667e-05
spd=1864.823 ctrl=(1644405.5000,0.0000,3240995.0000) accum=(34287.3242,0.0000,-40026.2109) cMag=34977.7 fMag=88779.7 ld0=4.41115e+06 m78=2.84458e+06 frac=0.355138 grounded=0x40800000 linTerm=1.66667e-05
spd=1905.528 ctrl=(1722975.0000,0.0000,3213938.0000) accum=(34013.9297,0.0000,-41011.8555) cMag=35168.6 fMag=89498.6 ld0=4.45538e+06 m78=2.85587e+06 frac=0.359008 grounded=0x40800000 linTerm=1.66667e-05
spd=1945.655 ctrl=(1801069.8750,0.0000,3184824.5000) accum=(33686.6016,0.0000,-41992.7422) cMag=35352.9 fMag=90187.8 ld0=4.49773e+06 m78=2.86675e+06 frac=0.362622 grounded=0x40800000 linTerm=1.66667e-05
spd=1985.201 ctrl=(1878631.6250,0.0000,3153660.7500) accum=(33309.3984,0.0000,-42968.1250) cMag=35531.5 fMag=90851.7 ld0=4.53848e+06 m78=2.87733e+06 frac=0.366015 grounded=0x40800000 linTerm=1.66667e-05
spd=1016.915 ctrl=(128247.9609,0.0000,3370373.7500) accum=(30978.7207,0.0000,-23384.9355) cMag=30660.7 fMag=66962.3 ld0=3.2979e+06 m78=2.47001e+06 frac=0.251035 grounded=0x40800000 linTerm=1.66667e-05
spd=1065.764 ctrl=(184567.2344,0.0000,3383397.7500) accum=(30193.2148,0.0000,-23704.1328) cMag=31187.2 fMag=72089.2 ld0=3.58818e+06 m78=2.87605e+06 frac=0.198466 grounded=0x40800000 linTerm=1.66667e-05
spd=1114.400 ctrl=(243712.5469,0.0000,3395200.2500) accum=(30605.5254,0.0000,-24226.4160) cMag=31484.2 fMag=73145.3 ld0=3.61271e+06 m78=2.87566e+06 frac=0.204017 grounded=0x40800000 linTerm=1.66667e-05
spd=1162.776 ctrl=(305671.5625,0.0000,3405627.7500) accum=(30884.8438,0.0000,-24716.3340) cMag=31683.8 fMag=74165.2 ld0=3.65779e+06 m78=2.89605e+06 frac=0.208252 grounded=0x40800000 linTerm=1.66667e-05
spd=1210.861 ctrl=(370423.5000,0.0000,3414521.0000) accum=(31103.4238,0.0000,-25268.8613) cMag=31951.7 fMag=75300.1 ld0=3.70264e+06 m78=2.92365e+06 frac=0.210388 grounded=0x40800000 linTerm=1.66667e-05
spd=1258.621 ctrl=(437937.2812,0.0000,3421711.0000) accum=(31401.6699,0.0000,-25859.9531) cMag=32257.6 fMag=76583.3 ld0=3.75256e+06 m78=2.95281e+06 frac=0.213119 grounded=0x40800000 linTerm=1.66667e-05
spd=1306.021 ctrl=(508172.4688,0.0000,3427028.2500) accum=(31747.2480,0.0000,-26493.2285) cMag=32592.9 fMag=77978.4 ld0=3.80783e+06 m78=2.98469e+06 frac=0.21617 grounded=0x40800000 linTerm=1.66667e-05
spd=1353.030 ctrl=(581077.5625,0.0000,3430300.0000) accum=(32112.5508,0.0000,-27170.7891) cMag=32951.1 fMag=79458.4 ld0=3.86961e+06 m78=3.02105e+06 frac=0.219289 grounded=0x40800000 linTerm=1.66667e-05
spd=1399.615 ctrl=(656590.1250,0.0000,3431350.7500) accum=(32473.5957,0.0000,-27893.5938) cMag=33327.7 fMag=81002.7 ld0=3.93961e+06 m78=3.06403e+06 frac=0.22225 grounded=0x40800000 linTerm=1.66667e-05
spd=1445.743 ctrl=(734636.3125,0.0000,3430003.7500) accum=(35782.5859,0.0000,-29171.4824) cMag=33719.3 fMag=82595.9 ld0=4.01906e+06 m78=2.89284e+06 frac=0.280221 grounded=0x40800000 linTerm=1.66667e-05
spd=1491.371 ctrl=(815090.8750,0.0000,3426093.7500) accum=(36319.9570,0.0000,-30063.8145) cMag=34107.5 fMag=84227.2 ld0=4.10898e+06 m78=2.93485e+06 frac=0.285746 grounded=0x40800000 linTerm=1.66667e-05
spd=1536.481 ctrl=(895694.3750,0.0000,3420112.7500) accum=(36799.2422,0.0000,-30999.0645) cMag=34456.1 fMag=85662.8 ld0=4.19169e+06 m78=2.9663e+06 frac=0.292338 grounded=0x40800000 linTerm=1.66667e-05
spd=1581.066 ctrl=(976396.2500,0.0000,3412074.2500) accum=(37190.6016,0.0000,-31964.1660) cMag=34772.3 fMag=86941.8 ld0=4.26735e+06 m78=2.99104e+06 frac=0.299089 grounded=0x40800000 linTerm=1.66667e-05
spd=1625.120 ctrl=(1057141.8750,0.0000,3401974.2500) accum=(37485.3750,0.0000,-32950.3164) cMag=35062.1 fMag=88095.1 ld0=4.33664e+06 m78=3.0114e+06 frac=0.305593 grounded=0x40800000 linTerm=1.66667e-05
spd=1668.638 ctrl=(1137875.3750,0.0000,3389807.5000) accum=(37685.5703,0.0000,-33951.4844) cMag=35330.1 fMag=89146.7 ld0=4.4004e+06 m78=3.02879e+06 frac=0.3117 grounded=0x40800000 linTerm=1.66667e-05
spd=1711.614 ctrl=(1218540.8750,0.0000,3375570.0000) accum=(37797.3672,0.0000,-34963.4844) cMag=35580.2 fMag=90115.6 ld0=4.45943e+06 m78=3.04412e+06 frac=0.317375 grounded=0x40800000 linTerm=1.66667e-05
spd=1754.042 ctrl=(1299080.5000,0.0000,3359255.2500) accum=(37828.1445,0.0000,-35983.0273) cMag=35815.5 fMag=91016.6 ld0=4.51449e+06 m78=3.05795e+06 frac=0.322636 grounded=0x40800000 linTerm=1.66667e-05
spd=1795.917 ctrl=(1379437.6250,0.0000,3340862.0000) accum=(37785.1289,0.0000,-37007.7109) cMag=36038.5 fMag=91861.6 ld0=4.5662e+06 m78=3.07068e+06 frac=0.327518 grounded=0x40800000 linTerm=1.66667e-05
spd=1837.233 ctrl=(1459554.1250,0.0000,3320388.7500) accum=(37674.7695,0.0000,-38035.6680) cMag=36251.3 fMag=92660.1 ld0=4.61507e+06 m78=3.08258e+06 frac=0.332062 grounded=0x40800000 linTerm=1.66667e-05
spd=1877.983 ctrl=(1539372.1250,0.0000,3297835.5000) accum=(37502.7461,0.0000,-39065.2227) cMag=36455.4 fMag=93419.6 ld0=4.66155e+06 m78=3.09384e+06 frac=0.336306 grounded=0x40800000 linTerm=1.66667e-05
spd=1918.163 ctrl=(1618833.7500,0.0000,3273204.5000) accum=(37273.9297,0.0000,-40095.0078) cMag=36652.1 fMag=94146.2 ld0=4.70599e+06 m78=3.1046e+06 frac=0.340287 grounded=0x40800000 linTerm=1.66667e-05
spd=1957.767 ctrl=(1697881.1250,0.0000,3246500.7500) accum=(36992.4336,0.0000,-41123.8281) cMag=36842.7 fMag=94844.8 ld0=4.74869e+06 m78=3.11496e+06 frac=0.344037 grounded=0x40800000 linTerm=1.66667e-05
spd=1996.791 ctrl=(1772477.0000,0.0000,3219924.0000) accum=(36617.8086,0.0000,-42093.2891) cMag=36955 fMag=95266.7 ld0=4.77586e+06 m78=3.11098e+06 frac=0.348604 grounded=0x40800000 linTerm=1.66667e-05
spd=2035.254 ctrl=(1846614.6250,0.0000,3191474.0000) accum=(36200.2188,0.0000,-43056.5703) cMag=37063.6 fMag=95677 ld0=4.80233e+06 m78=3.10745e+06 frac=0.352928 grounded=0x40800000 linTerm=1.66667e-05
spd=2073.150 ctrl=(1920244.5000,0.0000,3161160.2500) accum=(35741.8867,0.0000,-44013.0586) cMag=37168.7 fMag=96076.4 ld0=4.82812e+06 m78=3.10427e+06 frac=0.357044 grounded=0x40800000 linTerm=1.66667e-05
spd=2110.475 ctrl=(1993317.1250,0.0000,3128993.5000) accum=(35244.6914,0.0000,-44961.9688) cMag=37270.8 fMag=96465.3 ld0=4.85325e+06 m78=3.10134e+06 frac=0.360977 grounded=0x40800000 linTerm=1.66667e-05
spd=2147.225 ctrl=(2065782.2500,0.0000,3094984.7500) accum=(34710.2852,0.0000,-45902.6680) cMag=37370 fMag=96844.4 ld0=4.87777e+06 m78=3.09861e+06 frac=0.364749 grounded=0x40800000 linTerm=1.66667e-05
spd=2183.395 ctrl=(2137591.2500,0.0000,3059147.2500) accum=(34140.0859,0.0000,-46834.3477) cMag=37466.5 fMag=97214.2 ld0=4.90169e+06 m78=3.09602e+06 frac=0.368377 grounded=0x40800000 linTerm=1.66667e-05
spd=1115.286 ctrl=(-171591.0938,0.0000,3399894.7500) accum=(37309.0508,0.0000,-19982.9023) cMag=32799.3 fMag=73533.1 ld0=3.56422e+06 m78=2.63171e+06 frac=0.261632 grounded=0x40800000 linTerm=1.66667e-05
spd=1163.261 ctrl=(-115556.4766,0.0000,3417562.0000) accum=(35702.3359,0.0000,-20502.7969) cMag=33007.1 fMag=78109.7 ld0=3.83853e+06 m78=3.05576e+06 frac=0.203925 grounded=0x40800000 linTerm=1.66667e-05
spd=1210.988 ctrl=(-56624.9844,0.0000,3434211.2500) accum=(35723.9805,0.0000,-21035.6855) cMag=33146.6 fMag=78821.5 ld0=3.87013e+06 m78=3.07718e+06 frac=0.204888 grounded=0x40800000 linTerm=1.66667e-05
spd=1258.423 ctrl=(5199.9629,0.0000,3449684.5000) accum=(35883.2617,0.0000,-21582.2734) cMag=33341.1 fMag=79743.4 ld0=3.90773e+06 m78=3.09932e+06 frac=0.206875 grounded=0x40800000 linTerm=1.66667e-05
spd=1305.529 ctrl=(69906.3750,0.0000,3463817.5000) accum=(36136.6406,0.0000,-22154.1387) cMag=33577.6 fMag=80823.1 ld0=3.95118e+06 m78=3.12328e+06 frac=0.209533 grounded=0x40800000 linTerm=1.66667e-05
spd=1352.273 ctrl=(137472.3438,0.0000,3476441.2500) accum=(36448.4375,0.0000,-22759.7051) cMag=33846.6 fMag=82021.2 ld0=4.00125e+06 m78=3.15079e+06 frac=0.21255 grounded=0x40800000 linTerm=1.66667e-05
spd=1398.623 ctrl=(207866.2812,0.0000,3487383.0000) accum=(36788.5430,0.0000,-23404.8438) cMag=34141 fMag=83308.5 ld0=4.05938e+06 m78=3.18397e+06 frac=0.215651 grounded=0x40800000 linTerm=1.66667e-05
spd=1444.544 ctrl=(281046.3750,0.0000,3496468.0000) accum=(40148.8125,0.0000,-24161.2246) cMag=34455.5 fMag=84662.9 ld0=4.12671e+06 m78=3.00213e+06 frac=0.272514 grounded=0x40800000 linTerm=1.66667e-05
spd=1489.993 ctrl=(356959.0625,0.0000,3503519.2500) accum=(40712.1211,0.0000,-24940.8164) cMag=34771.2 fMag=86072.6 ld0=4.20473e+06 m78=3.03421e+06 frac=0.278381 grounded=0x40800000 linTerm=1.66667e-05
spd=1534.949 ctrl=(495492.3125,0.0000,4012266.0000) accum=(41236.3750,0.0000,-25766.9102) cMag=35050.9 fMag=87299.1 ld0=4.27601e+06 m78=3.05586e+06 frac=0.285348 grounded=0x40800000 linTerm=1.66667e-05
spd=1587.334 ctrl=(583319.6250,0.0000,4016879.0000) accum=(41223.7695,0.0000,-26639.5527) cMag=35196.4 fMag=87931.7 ld0=4.31367e+06 m78=3.06751e+06 frac=0.288886 grounded=0x40800000 linTerm=1.66667e-05
spd=1639.188 ctrl=(671533.6250,0.0000,4019356.2500) accum=(41231.8047,0.0000,-27522.8711) cMag=35336.5 fMag=88524.2 ld0=4.34944e+06 m78=3.07378e+06 frac=0.293292 grounded=0x40800000 linTerm=1.66667e-05
spd=1690.491 ctrl=(760077.8750,0.0000,4019680.5000) accum=(41239.2812,0.0000,-28420.3105) cMag=35477.5 fMag=89113.5 ld0=4.38544e+06 m78=3.0787e+06 frac=0.297971 grounded=0x40800000 linTerm=1.66667e-05
spd=1741.220 ctrl=(848895.1875,0.0000,4017835.7500) accum=(41237.5938,0.0000,-29331.5938) cMag=35618.1 fMag=89695.5 ld0=4.42137e+06 m78=3.08248e+06 frac=0.302824 grounded=0x40800000 linTerm=1.66667e-05
spd=1791.356 ctrl=(937928.0625,0.0000,4013808.7500) accum=(41219.8477,0.0000,-30256.0664) cMag=35757.3 fMag=90267.4 ld0=4.45699e+06 m78=3.08527e+06 frac=0.307768 grounded=0x40800000 linTerm=1.66667e-05
spd=1840.882 ctrl=(1027118.3125,0.0000,4007588.0000) accum=(41180.6562,0.0000,-31192.7617) cMag=35894.6 fMag=90827.4 ld0=4.49213e+06 m78=3.08725e+06 frac=0.312744 grounded=0x40800000 linTerm=1.66667e-05
spd=1889.779 ctrl=(1116407.1250,0.0000,3999162.5000) accum=(41116.0039,0.0000,-32140.5996) cMag=36029.5 fMag=91374.5 ld0=4.52667e+06 m78=3.08853e+06 frac=0.317703 grounded=0x40800000 linTerm=1.66667e-05
spd=1938.034 ctrl=(1205735.1250,0.0000,3988523.0000) accum=(41022.8281,0.0000,-33098.2539) cMag=36161.8 fMag=91908.1 ld0=4.56052e+06 m78=3.08923e+06 frac=0.322613 grounded=0x40800000 linTerm=1.66667e-05
spd=1985.632 ctrl=(1295043.6250,0.0000,3975665.0000) accum=(40898.9609,0.0000,-34064.5312) cMag=36291.3 fMag=92428.1 ld0=4.59364e+06 m78=3.08945e+06 frac=0.32745 grounded=0x40800000 linTerm=1.66667e-05
spd=2032.560 ctrl=(1384272.5000,0.0000,3960584.2500) accum=(40742.8320,0.0000,-35037.9805) cMag=36417.9 fMag=92934.5 ld0=4.626e+06 m78=3.08925e+06 frac=0.332198 grounded=0x40800000 linTerm=1.66667e-05
spd=2078.806 ctrl=(1473362.2500,0.0000,3943277.0000) accum=(40553.3789,0.0000,-36017.4688) cMag=36541.8 fMag=93427.6 ld0=4.65759e+06 m78=3.0887e+06 frac=0.336845 grounded=0x40800000 linTerm=1.66667e-05
spd=2124.360 ctrl=(1562252.8750,0.0000,3923742.7500) accum=(40329.9531,0.0000,-37001.5586) cMag=36662.8 fMag=93907.6 ld0=4.68842e+06 m78=3.08785e+06 frac=0.341387 grounded=0x40800000 linTerm=1.66667e-05
spd=2169.213 ctrl=(1650884.6250,0.0000,3901983.2500) accum=(40072.1484,0.0000,-37989.1211) cMag=36781.1 fMag=94375.1 ld0=4.71849e+06 m78=3.08674e+06 frac=0.345821 grounded=0x40800000 linTerm=1.66667e-05
spd=2213.355 ctrl=(1739197.2500,0.0000,3878000.5000) accum=(39779.7852,0.0000,-38978.8398) cMag=36896.7 fMag=94830.4 ld0=4.74783e+06 m78=3.0854e+06 frac=0.350146 grounded=0x40800000 linTerm=1.66667e-05
spd=2256.780 ctrl=(1827131.2500,0.0000,3851800.5000) accum=(39452.8477,0.0000,-39969.5820) cMag=37009.7 fMag=95274.1 ld0=4.77646e+06 m78=3.08387e+06 frac=0.354362 grounded=0x40800000 linTerm=1.66667e-05
spd=2299.481 ctrl=(1914626.7500,0.0000,3823389.0000) accum=(39091.4375,0.0000,-40960.2617) cMag=37120.2 fMag=95706.8 ld0=4.80441e+06 m78=3.08216e+06 frac=0.358473 grounded=0x40800000 linTerm=1.66667e-05
spd=2341.454 ctrl=(2001625.1250,0.0000,3792776.2500) accum=(38695.7617,0.0000,-41949.6250) cMag=37228.4 fMag=96128.9 ld0=4.83169e+06 m78=3.0803e+06 frac=0.36248 grounded=0x40800000 linTerm=1.66667e-05
spd=2382.692 ctrl=(2088066.6250,0.0000,3759972.0000) accum=(38266.1133,0.0000,-42936.6250) cMag=37334.2 fMag=96540.8 ld0=4.85834e+06 m78=3.0783e+06 frac=0.366387 grounded=0x40800000 linTerm=1.66667e-05
spd=2423.194 ctrl=(2173893.0000,0.0000,3724988.7500) accum=(37802.7227,0.0000,-43920.3086) cMag=37437.9 fMag=96943.1 ld0=4.88438e+06 m78=3.07619e+06 frac=0.370197 grounded=0x40800000 linTerm=1.66667e-05
spd=2462.957 ctrl=(2259046.2500,0.0000,3687840.5000) accum=(37305.9727,0.0000,-44899.5508) cMag=37539.4 fMag=97336.2 ld0=4.90983e+06 m78=3.07398e+06 frac=0.373915 grounded=0x40800000 linTerm=1.66667e-05
spd=2501.978 ctrl=(2343469.2500,0.0000,3648544.2500) accum=(36776.2500,0.0000,-45873.3516) cMag=37638.9 fMag=97720.5 ld0=4.93473e+06 m78=3.07166e+06 frac=0.377542 grounded=0x40800000 linTerm=1.66667e-05
spd=2540.257 ctrl=(2427103.0000,0.0000,3607115.7500) accum=(36213.8711,0.0000,-46840.8555) cMag=37736.5 fMag=98096.4 ld0=4.9591e+06 m78=3.06927e+06 frac=0.381084 grounded=0x40800000 linTerm=1.66667e-05
spd=2577.793 ctrl=(2509892.7500,0.0000,3563575.5000) accum=(35619.3008,0.0000,-47800.9961) cMag=37832.3 fMag=98464.3 ld0=4.98295e+06 m78=3.0668e+06 frac=0.384542 grounded=0x40800000 linTerm=1.66667e-05
spd=2614.588 ctrl=(2591782.5000,0.0000,3517945.2500) accum=(34992.9219,0.0000,-48752.8594) cMag=37926.3 fMag=98824.6 ld0=5.00631e+06 m78=3.06426e+06 frac=0.387921 grounded=0x40800000 linTerm=1.66667e-05
spd=2650.643 ctrl=(2672717.2500,0.0000,3470247.0000) accum=(34335.1602,0.0000,-49695.5352) cMag=38018.6 fMag=99177.6 ld0=5.02921e+06 m78=3.06166e+06 frac=0.391224 grounded=0x40800000 linTerm=1.66667e-05
spd=2685.960 ctrl=(2752643.2500,0.0000,3420506.5000) accum=(33646.4492,0.0000,-50628.1641) cMag=38109.2 fMag=99523.5 ld0=5.05164e+06 m78=3.05901e+06 frac=0.394453 grounded=0x40800000 linTerm=1.66667e-05
spd=1368.966 ctrl=(-2380654.7500,0.0000,3205702.7500) accum=(44754.2266,0.0000,4685.5430) cMag=35295.7 fMag=79649.8 ld0=3.8715e+06 m78=2.90233e+06 frac=0.250334 grounded=0x40800000 linTerm=1.66667e-05
spd=1423.375 ctrl=(-2324743.7500,0.0000,3267391.7500) accum=(42530.9414,0.0000,3849.5518) cMag=33650.3 fMag=80448.7 ld0=3.89751e+06 m78=3.05141e+06 frac=0.217088 grounded=0x40800000 linTerm=1.66667e-05
spd=1477.311 ctrl=(-2264546.7500,0.0000,3329635.5000) accum=(43266.4922,0.0000,3618.4331) cMag=33999.6 fMag=82135.6 ld0=3.98113e+06 m78=3.10833e+06 frac=0.219234 grounded=0x40800000 linTerm=1.66667e-05
spd=1530.698 ctrl=(-2201948.7500,0.0000,3390984.0000) accum=(46384.0430,0.0000,5059.5044) cMag=34326.1 fMag=83662.8 ld0=4.06139e+06 m78=2.94145e+06 frac=0.275752 grounded=0x40800000 linTerm=1.66667e-05
spd=1583.499 ctrl=(-2137635.7500,0.0000,3450971.0000) accum=(47153.0430,0.0000,4689.7192) cMag=34603.9 fMag=85001 ld0=4.13726e+06 m78=2.98157e+06 frac=0.279339 grounded=0x40800000 linTerm=1.66667e-05
spd=1635.712 ctrl=(-2071647.8750,0.0000,3509558.7500) accum=(47932.0078,0.0000,4274.8047) cMag=34856.3 fMag=86181.9 ld0=4.20626e+06 m78=3.01095e+06 frac=0.284173 grounded=0x40800000 linTerm=1.66667e-05
spd=1687.322 ctrl=(-2004023.3750,0.0000,3566705.7500) accum=(48703.8750,0.0000,3809.0774) cMag=35087.3 fMag=87235.2 ld0=4.26926e+06 m78=3.03252e+06 frac=0.289686 grounded=0x40800000 linTerm=1.66667e-05
spd=1738.315 ctrl=(-1934797.8750,0.0000,3622367.2500) accum=(49457.3203,0.0000,3290.4358) cMag=35300.1 fMag=88184.2 ld0=4.32705e+06 m78=3.04836e+06 frac=0.295511 grounded=0x40800000 linTerm=1.66667e-05
spd=1788.679 ctrl=(-1864008.1250,0.0000,3676499.0000) accum=(50185.6016,0.0000,2719.3125) cMag=35497.4 fMag=89047.4 ld0=4.38032e+06 m78=3.05998e+06 frac=0.301425 grounded=0x40800000 linTerm=1.66667e-05
spd=1838.400 ctrl=(-1791691.5000,0.0000,3729056.5000) accum=(50884.7852,0.0000,2097.7664) cMag=35681.6 fMag=89839.2 ld0=4.4297e+06 m78=3.06846e+06 frac=0.307299 grounded=0x40800000 linTerm=1.66667e-05
spd=1887.467 ctrl=(-1717886.5000,0.0000,3779994.0000) accum=(51552.9844,0.0000,1428.5959) cMag=35854.4 fMag=90571.5 ld0=4.47572e+06 m78=3.07456e+06 frac=0.313058 grounded=0x40800000 linTerm=1.66667e-05
spd=1935.869 ctrl=(-1642633.0000,0.0000,3829268.2500) accum=(52189.3086,0.0000,714.8049) cMag=36017.4 fMag=91253.4 ld0=4.51884e+06 m78=3.07885e+06 frac=0.318664 grounded=0x40800000 linTerm=1.66667e-05
spd=1983.594 ctrl=(-1565971.3750,0.0000,3876837.2500) accum=(52793.4180,0.0000,-40.5298) cMag=36171.9 fMag=91892.5 ld0=4.55944e+06 m78=3.08174e+06 frac=0.324098 grounded=0x40800000 linTerm=1.66667e-05
spd=2030.634 ctrl=(-1487943.5000,0.0000,3922655.5000) accum=(53365.3789,0.0000,-834.5959) cMag=36318.9 fMag=92494.9 ld0=4.59786e+06 m78=3.08354e+06 frac=0.329354 grounded=0x40800000 linTerm=1.66667e-05
spd=2076.978 ctrl=(-1408593.7500,0.0000,3966686.7500) accum=(53905.3164,0.0000,-1664.5714) cMag=36459.3 fMag=93065.3 ld0=4.63437e+06 m78=3.08449e+06 frac=0.334431 grounded=0x40800000 linTerm=1.66667e-05
spd=2122.619 ctrl=(-1327966.6250,0.0000,4008888.7500) accum=(54413.5859,0.0000,-2528.1101) cMag=36593.9 fMag=93608.1 ld0=4.66919e+06 m78=3.08476e+06 frac=0.339336 grounded=0x40800000 linTerm=1.66667e-05
spd=2167.548 ctrl=(-1246108.7500,0.0000,4049223.0000) accum=(54890.4180,0.0000,-3422.9053) cMag=36723.3 fMag=94126.5 ld0=4.70251e+06 m78=3.08449e+06 frac=0.344075 grounded=0x40800000 linTerm=1.66667e-05
spd=2211.760 ctrl=(-1163067.0000,0.0000,4087654.5000) accum=(55336.0938,0.0000,-4346.8452) cMag=36848.1 fMag=94623.4 ld0=4.7345e+06 m78=3.08379e+06 frac=0.348657 grounded=0x40800000 linTerm=1.66667e-05
spd=2255.247 ctrl=(-1078890.5000,0.0000,4124148.7500) accum=(55750.7656,0.0000,-5297.9824) cMag=36968.7 fMag=95101 ld0=4.7653e+06 m78=3.08273e+06 frac=0.353089 grounded=0x40800000 linTerm=1.66667e-05
spd=2298.005 ctrl=(-993628.5000,0.0000,4158670.2500) accum=(56134.6602,0.0000,-6274.5264) cMag=37085.5 fMag=95561.3 ld0=4.79503e+06 m78=3.08137e+06 frac=0.357382 grounded=0x40800000 linTerm=1.66667e-05
spd=2340.029 ctrl=(-907331.8750,0.0000,4191188.5000) accum=(56487.8789,0.0000,-7274.9507) cMag=37198.8 fMag=96006.2 ld0=4.82377e+06 m78=3.07978e+06 frac=0.361542 grounded=0x40800000 linTerm=1.66667e-05
spd=2381.315 ctrl=(-820052.3750,0.0000,4221673.5000) accum=(56810.5273,0.0000,-8297.6152) cMag=37308.9 fMag=96436.8 ld0=4.85163e+06 m78=3.07798e+06 frac=0.365579 grounded=0x40800000 linTerm=1.66667e-05
spd=2421.861 ctrl=(-731842.5000,0.0000,4250096.0000) accum=(57102.6562,0.0000,-9341.1914) cMag=37416.2 fMag=96854.6 ld0=4.87866e+06 m78=3.07601e+06 frac=0.369498 grounded=0x40800000 linTerm=1.66667e-05
spd=2461.664 ctrl=(-642755.9375,0.0000,4276430.5000) accum=(57364.2422,0.0000,-10404.2998) cMag=37520.7 fMag=97260.5 ld0=4.90495e+06 m78=3.0739e+06 frac=0.373307 grounded=0x40800000 linTerm=1.66667e-05
spd=2500.723 ctrl=(-552847.0000,0.0000,4300650.5000) accum=(57595.3086,0.0000,-11485.6084) cMag=37622.7 fMag=97655.4 ld0=4.93053e+06 m78=3.07166e+06 frac=0.377013 grounded=0x40800000 linTerm=1.66667e-05
spd=2539.038 ctrl=(-462170.3438,0.0000,4322732.0000) accum=(57795.7266,0.0000,-12583.9785) cMag=37722.4 fMag=98040.2 ld0=4.95546e+06 m78=3.06932e+06 frac=0.38062 grounded=0x40800000 linTerm=1.66667e-05
spd=2576.609 ctrl=(-370782.0625,0.0000,4342655.5000) accum=(57965.5312,0.0000,-13698.1973) cMag=37820 fMag=98415.5 ld0=4.97979e+06 m78=3.06688e+06 frac=0.384135 grounded=0x40800000 linTerm=1.66667e-05
spd=2613.436 ctrl=(-278738.1562,0.0000,4360402.0000) accum=(58104.5547,0.0000,-14827.1592) cMag=37915.4 fMag=98782 ld0=5.00355e+06 m78=3.06437e+06 frac=0.387561 grounded=0x40800000 linTerm=1.66667e-05
spd=2649.522 ctrl=(-186095.4062,0.0000,4375950.0000) accum=(58212.7383,0.0000,-15969.8105) cMag=38009 fMag=99140.1 ld0=5.02678e+06 m78=3.06179e+06 frac=0.390904 grounded=0x40800000 linTerm=1.66667e-05
spd=2684.869 ctrl=(-92910.5156,0.0000,4389284.5000) accum=(58289.9375,0.0000,-17124.9941) cMag=38100.7 fMag=99490.3 ld0=5.0495e+06 m78=3.05915e+06 frac=0.394167 grounded=0x40800000 linTerm=1.66667e-05
spd=2719.479 ctrl=(758.5251,0.0000,4400394.5000) accum=(58336.0977,0.0000,-18291.7969) cMag=38190.7 fMag=99833.2 ld0=5.07174e+06 m78=3.05646e+06 frac=0.397355 grounded=0x40800000 linTerm=1.66667e-05
spd=2753.357 ctrl=(94854.2500,0.0000,4409261.0000) accum=(58351.0664,0.0000,-19469.1543) cMag=38279 fMag=100169 ld0=5.09352e+06 m78=3.05372e+06 frac=0.40047 grounded=0x40800000 linTerm=1.66667e-05
spd=2786.506 ctrl=(189318.4375,0.0000,4415878.0000) accum=(58334.7109,0.0000,-20656.1133) cMag=38365.8 fMag=100498 ld0=5.11488e+06 m78=3.05095e+06 frac=0.403515 grounded=0x40800000 linTerm=1.66667e-05
spd=2818.931 ctrl=(284092.9688,0.0000,4420233.0000) accum=(58286.8867,0.0000,-21851.6406) cMag=38451 fMag=100821 ld0=5.13581e+06 m78=3.04814e+06 frac=0.406493 grounded=0x40800000 linTerm=1.66667e-05
spd=2850.638 ctrl=(379119.4375,0.0000,4422320.5000) accum=(58207.5039,0.0000,-23054.8770) cMag=38534.8 fMag=101138 ld0=5.15635e+06 m78=3.0453e+06 frac=0.409407 grounded=0x40800000 linTerm=1.66667e-05
spd=2881.631 ctrl=(474339.6875,0.0000,4422134.0000) accum=(58096.4414,0.0000,-24264.7285) cMag=38617.2 fMag=101448 ld0=5.17651e+06 m78=3.04245e+06 frac=0.41226 grounded=0x40800000 linTerm=1.66667e-05
spd=2911.919 ctrl=(569695.1875,0.0000,4419669.5000) accum=(57953.5781,0.0000,-25480.3750) cMag=38698.3 fMag=101753 ld0=5.1963e+06 m78=3.03957e+06 frac=0.415052 grounded=0x40800000 linTerm=1.66667e-05
spd=2941.506 ctrl=(665127.7500,0.0000,4414924.5000) accum=(57778.8203,0.0000,-26700.7598) cMag=38778 fMag=102053 ld0=5.21574e+06 m78=3.03667e+06 frac=0.417787 grounded=0x40800000 linTerm=1.66667e-05
spd=2970.401 ctrl=(760579.0625,0.0000,4407897.5000) accum=(57572.1016,0.0000,-27925.0625) cMag=38856.4 fMag=102347 ld0=5.23483e+06 m78=3.03376e+06 frac=0.420466 grounded=0x40800000 linTerm=1.66667e-05
spd=2998.611 ctrl=(855991.1875,0.0000,4398591.0000) accum=(57333.2734,0.0000,-29152.3594) cMag=38933.7 fMag=102637 ld0=5.25359e+06 m78=3.03085e+06 frac=0.42309 grounded=0x40800000 linTerm=1.66667e-05
spd=3026.145 ctrl=(951306.1250,0.0000,4387006.0000) accum=(57062.3242,0.0000,-30381.6152) cMag=39009.7 fMag=102921 ld0=5.27202e+06 m78=3.02793e+06 frac=0.425661 grounded=0x40800000 linTerm=1.66667e-05
spd=3053.009 ctrl=(1046466.4375,0.0000,4373147.0000) accum=(56759.1602,0.0000,-31612.0547) cMag=39084.5 fMag=103200 ld0=5.29015e+06 m78=3.025e+06 frac=0.428181 grounded=0x40800000 linTerm=1.66667e-05
spd=3079.213 ctrl=(1141415.0000,0.0000,4357020.0000) accum=(56423.7734,0.0000,-32842.6211) cMag=39158.2 fMag=103475 ld0=5.30796e+06 m78=3.02208e+06 frac=0.430651 grounded=0x40800000 linTerm=1.66667e-05
spd=3104.766 ctrl=(1236094.6250,0.0000,4338631.5000) accum=(56056.0977,0.0000,-34072.5352) cMag=39230.8 fMag=103745 ld0=5.32547e+06 m78=3.01916e+06 frac=0.433072 grounded=0x40800000 linTerm=1.66667e-05
spd=3129.676 ctrl=(1330448.6250,0.0000,4317989.5000) accum=(55656.1758,0.0000,-35300.7812) cMag=39302.2 fMag=104011 ld0=5.34269e+06 m78=3.01624e+06 frac=0.435445 grounded=0x40800000 linTerm=1.66667e-05
spd=3153.954 ctrl=(1424421.7500,0.0000,4295107.5000) accum=(55223.9922,0.0000,-36526.4531) cMag=39372.6 fMag=104272 ld0=5.35963e+06 m78=3.01333e+06 frac=0.437772 grounded=0x40800000 linTerm=1.66667e-05
spd=3177.609 ctrl=(1517957.5000,0.0000,4269993.0000) accum=(54759.5547,0.0000,-37748.7656) cMag=39441.9 fMag=104529 ld0=5.37628e+06 m78=3.01043e+06 frac=0.440053 grounded=0x40800000 linTerm=1.66667e-05
spd=3200.650 ctrl=(1611002.0000,0.0000,4242663.0000) accum=(54262.9297,0.0000,-38966.6367) cMag=39510.1 fMag=104782 ld0=5.39266e+06 m78=3.00754e+06 frac=0.442289 grounded=0x40800000 linTerm=1.66667e-05
spd=3223.089 ctrl=(1703498.8750,0.0000,4213127.5000) accum=(53734.1875,0.0000,-40179.3047) cMag=39577.4 fMag=105030 ld0=5.40876e+06 m78=3.00467e+06 frac=0.444481 grounded=0x40800000 linTerm=1.66667e-05
spd=3244.933 ctrl=(1795395.7500,0.0000,4181406.0000) accum=(53173.3633,0.0000,-41385.8438) cMag=39643.5 fMag=105275 ld0=5.4246e+06 m78=3.00181e+06 frac=0.44663 grounded=0x40800000 linTerm=1.66667e-05
spd=3266.195 ctrl=(1886638.2500,0.0000,4147514.0000) accum=(52580.6289,0.0000,-42585.2539) cMag=39708.7 fMag=105515 ld0=5.44017e+06 m78=2.99897e+06 frac=0.448737 grounded=0x40800000 linTerm=1.66667e-05
spd=3286.885 ctrl=(1977175.0000,0.0000,4111471.0000) accum=(51956.0820,0.0000,-43776.7773) cMag=39772.8 fMag=105752 ld0=5.45549e+06 m78=2.99614e+06 frac=0.450803 grounded=0x40800000 linTerm=1.66667e-05
spd=3307.012 ctrl=(2066953.1250,0.0000,4073296.7500) accum=(51299.8867,0.0000,-44959.4258) cMag=39836 fMag=105984 ld0=5.47055e+06 m78=2.99334e+06 frac=0.452827 grounded=0x40800000 linTerm=1.66667e-05
spd=3326.588 ctrl=(2155921.0000,0.0000,4033010.7500) accum=(50612.1758,0.0000,-46132.3750) cMag=39898.2 fMag=106213 ld0=5.48536e+06 m78=2.99055e+06 frac=0.454812 grounded=0x40800000 linTerm=1.66667e-05
spd=3345.622 ctrl=(2244029.5000,0.0000,3990637.7500) accum=(49893.1758,0.0000,-47294.6602) cMag=39959.4 fMag=106438 ld0=5.49992e+06 m78=2.98779e+06 frac=0.456757 grounded=0x40800000 linTerm=1.66667e-05
spd=3364.126 ctrl=(2331226.7500,0.0000,3946198.5000) accum=(49143.0586,0.0000,-48445.5078) cMag=40019.6 fMag=106659 ld0=5.51423e+06 m78=2.98506e+06 frac=0.458663 grounded=0x40800000 linTerm=1.66667e-05
spd=3382.111 ctrl=(2417465.5000,0.0000,3899718.7500) accum=(48362.1133,0.0000,-49583.9727) cMag=40078.8 fMag=106877 ld0=5.5283e+06 m78=2.98235e+06 frac=0.460531 grounded=0x40800000 linTerm=1.66667e-05
spd=3399.586 ctrl=(2502696.5000,0.0000,3851224.7500) accum=(47550.5586,0.0000,-50709.2578) cMag=40137.2 fMag=107090 ld0=5.54213e+06 m78=2.97966e+06 frac=0.462361 grounded=0x40800000 linTerm=1.66667e-05
spd=3416.563 ctrl=(2586872.7500,0.0000,3800742.7500) accum=(46708.6914,0.0000,-51820.4023) cMag=40194.5 fMag=107300 ld0=5.55572e+06 m78=2.97701e+06 frac=0.464154 grounded=0x40800000 linTerm=1.66667e-05
spd=3433.051 ctrl=(2669947.2500,0.0000,3748299.5000) accum=(45836.8242,0.0000,-52916.6641) cMag=40250.9 fMag=107507 ld0=5.56907e+06 m78=2.97438e+06 frac=0.465911 grounded=0x40800000 linTerm=1.66667e-05
spd=3449.062 ctrl=(2751875.5000,0.0000,3693926.2500) accum=(44935.2461,0.0000,-53997.1094) cMag=40306.4 fMag=107710 ld0=5.58219e+06 m78=2.97178e+06 frac=0.467631 grounded=0x40800000 linTerm=1.66667e-05
spd=3464.606 ctrl=(2832612.2500,0.0000,3637651.5000) accum=(44004.3594,0.0000,-55060.9648) cMag=40360.9 fMag=107909 ld0=5.59508e+06 m78=2.96922e+06 frac=0.469316 grounded=0x40800000 linTerm=1.66667e-05
spd=3479.694 ctrl=(2912113.0000,0.0000,3579505.7500) accum=(43044.4844,0.0000,-56107.4180) cMag=40414.6 fMag=108105 ld0=5.60773e+06 m78=2.96668e+06 frac=0.470966 grounded=0x40800000 linTerm=1.66667e-05
spd=3494.336 ctrl=(2990334.2500,0.0000,3519520.0000) accum=(42056.0898,0.0000,-57135.5938) cMag=40467.3 fMag=108297 ld0=5.62017e+06 m78=2.96418e+06 frac=0.472582 grounded=0x40800000 linTerm=1.66667e-05
spd=3508.542 ctrl=(3067235.5000,0.0000,3457729.7500) accum=(41039.5391,0.0000,-58144.6914) cMag=40519.1 fMag=108486 ld0=5.63237e+06 m78=2.96171e+06 frac=0.474163 grounded=0x40800000 linTerm=1.66667e-05
spd=3522.322 ctrl=(3142774.0000,0.0000,3394165.0000) accum=(39995.2422,0.0000,-59133.9688) cMag=40570 fMag=108671 ld0=5.64435e+06 m78=2.95927e+06 frac=0.475711 grounded=0x40800000 linTerm=1.66667e-05
spd=3535.687 ctrl=(3216910.5000,0.0000,3328862.5000) accum=(38923.6875,0.0000,-60102.5938) cMag=40619.9 fMag=108853 ld0=5.65611e+06 m78=2.95687e+06 frac=0.477225 grounded=0x40800000 linTerm=1.66667e-05
spd=3548.646 ctrl=(3289606.7500,0.0000,3261858.0000) accum=(37825.4297,0.0000,-61049.7891) cMag=40669 fMag=109032 ld0=5.66765e+06 m78=2.9545e+06 frac=0.478708 grounded=0x40800000 linTerm=1.66667e-05
spd=3561.211 ctrl=(3360822.5000,0.0000,3193185.0000) accum=(36700.8672,0.0000,-61974.9219) cMag=40717.2 fMag=109207 ld0=5.67897e+06 m78=2.95217e+06 frac=0.480158 grounded=0x40800000 linTerm=1.66667e-05
spd=3573.389 ctrl=(3430520.7500,0.0000,3122881.0000) accum=(35550.6133,0.0000,-62877.1133) cMag=40764.5 fMag=109379 ld0=5.69008e+06 m78=2.94987e+06 frac=0.481576 grounded=0x40800000 linTerm=1.66667e-05
spd=3585.191 ctrl=(3498666.5000,0.0000,3050984.2500) accum=(34375.0859,0.0000,-63755.7578) cMag=40810.9 fMag=109548 ld0=5.70097e+06 m78=2.94761e+06 frac=0.482963 grounded=0x40800000 linTerm=1.66667e-05
spd=3596.627 ctrl=(3565223.0000,0.0000,2977532.2500) accum=(33175.0391,0.0000,-64609.9961) cMag=40856.4 fMag=109713 ld0=5.71165e+06 m78=2.94538e+06 frac=0.48432 grounded=0x40800000 linTerm=1.66667e-05
spd=3607.707 ctrl=(3630156.7500,0.0000,2902564.5000) accum=(31950.8750,0.0000,-65439.3008) cMag=40901.2 fMag=109875 ld0=5.72212e+06 m78=2.94319e+06 frac=0.485646 grounded=0x40800000 linTerm=1.66667e-05
spd=3618.438 ctrl=(3693434.7500,0.0000,2826120.0000) accum=(30703.3379,0.0000,-66242.8516) cMag=40945 fMag=110034 ld0=5.73238e+06 m78=2.94104e+06 frac=0.486942 grounded=0x40800000 linTerm=1.66667e-05
spd=3628.830 ctrl=(3755023.5000,0.0000,2748239.0000) accum=(29432.9609,0.0000,-67020.0156) cMag=40987.9 fMag=110190 ld0=5.74243e+06 m78=2.93893e+06 frac=0.488209 grounded=0x40800000 linTerm=1.66667e-05
spd=3638.893 ctrl=(3814891.5000,0.0000,2668960.5000) accum=(28140.4004,0.0000,-67770.2422) cMag=41030 fMag=110342 ld0=5.75228e+06 m78=2.93685e+06 frac=0.489447 grounded=0x40800000 linTerm=1.66667e-05
spd=3648.635 ctrl=(3873011.7500,0.0000,2588329.5000) accum=(26826.3867,0.0000,-68492.8203) cMag=41071.3 fMag=110492 ld0=5.76193e+06 m78=2.9348e+06 frac=0.490656 grounded=0x40800000 linTerm=1.66667e-05
spd=3658.064 ctrl=(3929350.2500,0.0000,2506383.0000) accum=(25491.5117,0.0000,-69187.1953) cMag=41111.8 fMag=110638 ld0=5.77138e+06 m78=2.9328e+06 frac=0.491837 grounded=0x40800000 linTerm=1.66667e-05
spd=3667.189 ctrl=(3983882.0000,0.0000,2423166.2500) accum=(24136.5684,0.0000,-69852.7422) cMag=41151.4 fMag=110782 ld0=5.78063e+06 m78=2.93083e+06 frac=0.492991 grounded=0x40800000 linTerm=1.66667e-05
spd=3676.020 ctrl=(4036579.7500,0.0000,2338722.0000) accum=(22762.1406,0.0000,-70488.9453) cMag=41190.2 fMag=110922 ld0=5.78968e+06 m78=2.9289e+06 frac=0.494117 grounded=0x40800000 linTerm=1.66667e-05
spd=3684.563 ctrl=(4087416.2500,0.0000,2253092.7500) accum=(21369.0840,0.0000,-71095.1641) cMag=41228.1 fMag=111059 ld0=5.79854e+06 m78=2.92701e+06 frac=0.495216 grounded=0x40800000 linTerm=1.66667e-05
spd=3692.827 ctrl=(4136367.2500,0.0000,2166322.5000) accum=(19958.0391,0.0000,-71670.9766) cMag=41265.3 fMag=111194 ld0=5.80721e+06 m78=2.92516e+06 frac=0.496289 grounded=0x40800000 linTerm=1.66667e-05
spd=3700.820 ctrl=(4183407.0000,0.0000,2078454.7500) accum=(18529.8066,0.0000,-72215.8438) cMag=41301.7 fMag=111325 ld0=5.81569e+06 m78=2.92334e+06 frac=0.497336 grounded=0x40800000 linTerm=1.66667e-05
spd=3708.549 ctrl=(4228513.5000,0.0000,1989535.1250) accum=(17085.1191,0.0000,-72729.2109) cMag=41337.3 fMag=111454 ld0=5.82398e+06 m78=2.92155e+06 frac=0.498358 grounded=0x40800000 linTerm=1.66667e-05
spd=3716.023 ctrl=(4271668.5000,0.0000,1899608.8750) accum=(15624.8447,0.0000,-73210.7031) cMag=41372.1 fMag=111580 ld0=5.83208e+06 m78=2.91981e+06 frac=0.499354 grounded=0x40800000 linTerm=1.66667e-05
spd=3723.248 ctrl=(4312844.5000,0.0000,1808719.1250) accum=(14149.6738,0.0000,-73659.8359) cMag=41406.1 fMag=111702 ld0=5.84e+06 m78=2.9181e+06 frac=0.500326 grounded=0x40800000 linTerm=1.66667e-05
spd=3730.232 ctrl=(4352025.5000,0.0000,1716912.6250) accum=(12660.4463,0.0000,-74076.2500) cMag=41439.4 fMag=111823 ld0=5.84774e+06 m78=2.91643e+06 frac=0.501273 grounded=0x40800000 linTerm=1.66667e-05
spd=3736.981 ctrl=(4389194.5000,0.0000,1624236.5000) accum=(11158.0400,0.0000,-74459.4766) cMag=41471.9 fMag=111940 ld0=5.85531e+06 m78=2.91479e+06 frac=0.502197 grounded=0x40800000 linTerm=1.66667e-05
spd=3743.504 ctrl=(4424329.5000,0.0000,1530735.0000) accum=(9643.2314,0.0000,-74809.1562) cMag=41503.7 fMag=112055 ld0=5.8627e+06 m78=2.91319e+06 frac=0.503097 grounded=0x40800000 linTerm=1.66667e-05
spd=3749.806 ctrl=(4457415.5000,0.0000,1436455.0000) accum=(8116.7988,0.0000,-75124.9688) cMag=41534.7 fMag=112166 ld0=5.86991e+06 m78=2.91162e+06 frac=0.503974 grounded=0x40800000 linTerm=1.66667e-05
spd=3755.894 ctrl=(4488439.0000,0.0000,1341443.7500) accum=(6579.6489,0.0000,-75406.6016) cMag=41565 fMag=112276 ld0=5.87695e+06 m78=2.91009e+06 frac=0.504829 grounded=0x40800000 linTerm=1.66667e-05
spd=3761.775 ctrl=(4517381.0000,0.0000,1245747.2500) accum=(5032.6113,0.0000,-75653.7344) cMag=41594.7 fMag=112382 ld0=5.88382e+06 m78=2.9086e+06 frac=0.505662 grounded=0x40800000 linTerm=1.66667e-05
spd=3767.455 ctrl=(4544231.5000,0.0000,1149413.3750) accum=(3476.6523,0.0000,-75866.0391) cMag=41623.5 fMag=112487 ld0=5.89053e+06 m78=2.90714e+06 frac=0.506472 grounded=0x40800000 linTerm=1.66667e-05
spd=3772.940 ctrl=(4568978.5000,0.0000,1052489.6250) accum=(1912.5011,0.0000,-76043.3359) cMag=41651.7 fMag=112588 ld0=5.89707e+06 m78=2.90571e+06 frac=0.507262 grounded=0x40800000 linTerm=1.66667e-05
spd=3778.236 ctrl=(4591608.0000,0.0000,955022.5625) accum=(341.0116,0.0000,-76185.3516) cMag=41679.2 fMag=112687 ld0=5.90345e+06 m78=2.90432e+06 frac=0.50803 grounded=0x40800000 linTerm=1.66667e-05
spd=3783.349 ctrl=(4612111.0000,0.0000,857060.2500) accum=(-1236.8761,0.0000,-76291.8984) cMag=41706.1 fMag=112784 ld0=5.90967e+06 m78=2.90296e+06 frac=0.508778 grounded=0x40800000 linTerm=1.66667e-05
spd=3788.284 ctrl=(4630479.0000,0.0000,758650.4375) accum=(-2820.2180,0.0000,-76362.7500) cMag=41732.2 fMag=112878 ld0=5.91573e+06 m78=2.90163e+06 frac=0.509506 grounded=0x40800000 linTerm=1.66667e-05
spd=3793.048 ctrl=(4646702.0000,0.0000,659840.7500) accum=(-4408.1992,0.0000,-76397.7812) cMag=41757.7 fMag=112970 ld0=5.92164e+06 m78=2.90034e+06 frac=0.510214 grounded=0x40800000 linTerm=1.66667e-05
spd=3797.646 ctrl=(4660774.0000,0.0000,560678.6875) accum=(-6000.0054,0.0000,-76396.8672) cMag=41782.6 fMag=113059 ld0=5.9274e+06 m78=2.89908e+06 frac=0.510903 grounded=0x40800000 linTerm=1.66667e-05
spd=3802.083 ctrl=(4672688.5000,0.0000,461212.9375) accum=(-7594.6167,0.0000,-76359.8203) cMag=41806.8 fMag=113146 ld0=5.93301e+06 m78=2.89784e+06 frac=0.511573 grounded=0x40800000 linTerm=1.66667e-05
spd=3806.363 ctrl=(4682440.0000,0.0000,361490.6250) accum=(-9191.1992,0.0000,-76286.6406) cMag=41830.3 fMag=113231 ld0=5.93847e+06 m78=2.89665e+06 frac=0.512224 grounded=0x40800000 linTerm=1.66667e-05
spd=3810.493 ctrl=(4690025.0000,0.0000,261559.8281) accum=(-10788.8730,0.0000,-76177.2500) cMag=41853.3 fMag=113314 ld0=5.94379e+06 m78=2.89548e+06 frac=0.512857 grounded=0x40800000 linTerm=1.66667e-05
spd=3814.477 ctrl=(4695440.0000,0.0000,161468.8594) accum=(-12386.7422,0.0000,-76031.5625) cMag=41875.7 fMag=113394 ld0=5.94897e+06 m78=2.89434e+06 frac=0.513472 grounded=0x40800000 linTerm=1.66667e-05
spd=3818.319 ctrl=(4698681.5000,0.0000,61265.4023) accum=(-13983.9424,0.0000,-75849.5938) cMag=41897.5 fMag=113473 ld0=5.95401e+06 m78=2.89323e+06 frac=0.51407 grounded=0x40800000 linTerm=1.66667e-05
spd=3822.025 ctrl=(4699753.5000,0.0000,-39002.7422) accum=(-15579.4658,0.0000,-75631.3203) cMag=41918.6 fMag=113549 ld0=5.95891e+06 m78=2.89215e+06 frac=0.514651 grounded=0x40800000 linTerm=1.66667e-05
spd=3825.598 ctrl=(4698650.5000,0.0000,-139287.6406) accum=(-17172.5430,0.0000,-75376.8203) cMag=41939.3 fMag=113623 ld0=5.96368e+06 m78=2.8911e+06 frac=0.515216 grounded=0x40800000 linTerm=1.66667e-05
spd=3829.044 ctrl=(4695376.0000,0.0000,-239541.5156) accum=(-18762.2910,0.0000,-75086.0312) cMag=41959.3 fMag=113695 ld0=5.96832e+06 m78=2.89008e+06 frac=0.515764 grounded=0x40800000 linTerm=1.66667e-05
spd=3832.366 ctrl=(4689932.5000,0.0000,-339716.9062) accum=(-20347.7578,0.0000,-74759.1484) cMag=41978.8 fMag=113765 ld0=5.97283e+06 m78=2.88908e+06 frac=0.516296 grounded=0x40800000 linTerm=1.66667e-05
spd=3835.568 ctrl=(4682321.5000,0.0000,-439766.4062) accum=(-21928.1172,0.0000,-74396.2109) cMag=41997.8 fMag=113833 ld0=5.97722e+06 m78=2.88812e+06 frac=0.516813 grounded=0x40800000 linTerm=1.66667e-05
spd=3838.655 ctrl=(4672549.0000,0.0000,-539642.5625) accum=(-23502.4492,0.0000,-73997.3828) cMag=42016.2 fMag=113899 ld0=5.98148e+06 m78=2.88717e+06 frac=0.517314 grounded=0x40800000 linTerm=1.66667e-05
spd=3841.630 ctrl=(4660618.5000,0.0000,-639297.9375) accum=(-25069.8906,0.0000,-73562.7422) cMag=42034.2 fMag=113964 ld0=5.98562e+06 m78=2.88626e+06 frac=0.517801 grounded=0x40800000 linTerm=1.66667e-05
spd=3844.497 ctrl=(4646535.5000,0.0000,-738685.6875) accum=(-26629.6523,0.0000,-73092.4609) cMag=42051.6 fMag=114026 ld0=5.98964e+06 m78=2.88537e+06 frac=0.518273 grounded=0x40800000 linTerm=1.66667e-05
spd=3847.260 ctrl=(4630310.0000,0.0000,-837759.3750) accum=(-28180.7734,0.0000,-72586.7266) cMag=42068.5 fMag=114087 ld0=5.99355e+06 m78=2.88451e+06 frac=0.518731 grounded=0x40800000 linTerm=1.66667e-05
spd=3849.921 ctrl=(4611947.5000,0.0000,-936471.8750) accum=(-29722.4219,0.0000,-72045.7812) cMag=42084.9 fMag=114146 ld0=5.99734e+06 m78=2.88367e+06 frac=0.519175 grounded=0x40800000 linTerm=1.66667e-05
spd=3852.485 ctrl=(4591458.5000,0.0000,-1034777.2500) accum=(-31253.8359,0.0000,-71469.7891) cMag=42100.8 fMag=114203 ld0=6.00103e+06 m78=2.88285e+06 frac=0.519606 grounded=0x40800000 linTerm=1.66667e-05
spd=3865.227 ctrl=(4589615.5000,0.0000,-1137776.3750) accum=(-32793.7930,-967.0381,-72829.2734) cMag=42597.2 fMag=116259 ld0=6.13263e+06 m78=2.89867e+06 frac=0.527337 grounded=0x40800000 linTerm=1.66667e-05
spd=3883.746 ctrl=(4575302.0000,9561.5439,-1233253.7500) accum=(-26114.6738,-2086.0488,-68079.7734) cMag=31145.4 fMag=102334 ld0=5.69307e+06 m78=2.29294e+06 frac=0.59724 grounded=0x40800000 linTerm=1.66667e-05
spd=3894.421 ctrl=(4530610.0000,28909.2988,-1315315.6250) accum=(-1361.4828,-1109.2240,-67590.2031) cMag=53943.1 fMag=97554.4 ld0=5.74736e+06 m78=3.93888e+06 frac=0.314663 grounded=0x40800000 linTerm=1.66667e-05
spd=3903.774 ctrl=(4504968.0000,64512.1484,-1395499.3750) accum=(-8357.9355,-719.8103,-68623.3516) cMag=54779.9 fMag=96537.8 ld0=5.38439e+06 m78=3.52714e+06 frac=0.344932 grounded=0x40800000 linTerm=1.66667e-05
spd=3912.337 ctrl=(4478586.0000,100287.1719,-1475342.6250) accum=(-15541.5039,-403.3945,-69172.9922) cMag=55978.2 fMag=96232.9 ld0=5.08707e+06 m78=3.19619e+06 frac=0.371703 grounded=0x40800000 linTerm=1.66667e-05
spd=3914.084 ctrl=(4434302.0000,135717.5625,-1548871.3750) accum=(-69107.9453,-1563.8270,-80286.5547) cMag=49269.4 fMag=117191 ld0=6.24865e+06 m78=981868 frac=0.842867 grounded=0x40800000 linTerm=1.66667e-05
spd=3911.049 ctrl=(4383905.0000,170900.2656,-1619945.7500) accum=(-77448.7969,-2858.0854,-78116.8594) cMag=53475.1 fMag=123006 ld0=6.60249e+06 m78=1.17136e+06 frac=0.822588 grounded=0x40800000 linTerm=1.66667e-05
spd=3907.402 ctrl=(4357633.5000,205586.2344,-1701132.5000) accum=(-87675.8047,-2003.7579,-51970.9141) cMag=71638 fMag=109379 ld0=4.97279e+06 m78=893683 frac=0.820285 grounded=0x40800000 linTerm=1.66667e-05
spd=3904.388 ctrl=(4332179.0000,255604.5938,-1777414.6250) accum=(-101493.6328,-788.8965,-47020.2930) cMag=78828.8 fMag=117182 ld0=5.14467e+06 m78=657098 frac=0.872276 grounded=0x40800000 linTerm=1.66667e-05
spd=3901.935 ctrl=(4303863.5000,305794.6875,-1852635.3750) accum=(-115957.4609,136.5659,-41814.4062) cMag=86237.8 fMag=126060 ld0=5.41304e+06 m78=352699 frac=0.934843 grounded=0x40800000 linTerm=1.66667e-05
spd=3899.886 ctrl=(4272512.5000,356082.9375,-1926615.6250) accum=(-129856.0000,510.3289,-35077.4492) cMag=93798 fMag=135752 ld0=5.76301e+06 m78=159920 frac=0.972251 grounded=0x40800000 linTerm=1.66667e-05
spd=3898.127 ctrl=(4239627.0000,414759.1562,-1996383.8750) accum=(-140075.3594,-530.6362,-22421.0137) cMag=98541.2 fMag=143244 ld0=5.91799e+06 m78=174633 frac=0.970491 grounded=0x40800000 linTerm=1.66667e-05
spd=3896.639 ctrl=(4204875.5000,481750.2188,-2061670.6250) accum=(-157105.2500,-1811.2395,-13094.6924) cMag=109470 fMag=159326 ld0=6.07823e+06 m78=196747 frac=0.967631 grounded=0x40800000 linTerm=1.66667e-05
spd=3895.215 ctrl=(4166183.7500,548130.1875,-2125587.5000) accum=(-250595.1250,-15992.0137,37929.6367) cMag=185464 fMag=266640 ld0=9.29992e+06 m78=1.44816e+06 frac=0.844282 grounded=0x40800000 linTerm=1.66667e-05
spd=3892.427 ctrl=(4123070.2500,613620.3125,-2187817.7500) accum=(-265772.3125,-20044.0762,48073.1250) cMag=195741 fMag=283494 ld0=9.59335e+06 m78=1.37898e+06 frac=0.856257 grounded=0x40800000 linTerm=1.66667e-05
spd=3889.509 ctrl=(4076494.5000,678592.1250,-2248056.0000) accum=(-280925.2500,-24755.9434,58735.1484) cMag=205991 fMag=300299 ld0=1.00943e+07 m78=1.30315e+06 frac=0.870902 grounded=0x40800000 linTerm=1.66667e-05
spd=3886.397 ctrl=(4026311.2500,742622.1875,-2306502.2500) accum=(-381388.9375,-42021.8359,89965.4062) cMag=259643 fMag=396145 ld0=1.44574e+07 m78=214585 frac=0.985157 grounded=0x40800000 linTerm=1.66667e-05
spd=3881.612 ctrl=(3971759.0000,804808.1875,-2363496.5000) accum=(-394194.9688,-49195.4570,102927.2578) cMag=269647 fMag=412384 ld0=1.51194e+07 m78=211454 frac=0.986014 grounded=0x40800000 linTerm=1.66667e-05
spd=3876.581 ctrl=(3913988.7500,866028.6250,-2418281.7500) accum=(-406422.4688,-56928.6914,116162.8984) cMag=279573 fMag=428490 ld0=1.57735e+07 m78=207364 frac=0.986854 grounded=0x40800000 linTerm=1.66667e-05
spd=3871.280 ctrl=(3853096.7500,926182.6875,-2470767.5000) accum=(-418023.6562,-65180.8008,129648.2891) cMag=289396 fMag=444428 ld0=1.64192e+07 m78=202707 frac=0.987654 grounded=0x40800000 linTerm=1.66667e-05
spd=3865.689 ctrl=(3788729.5000,977360.2500,-2523618.0000) accum=(-299324.5000,-39360.6719,43637.7031) cMag=197362 fMag=318366 ld0=1.55275e+07 m78=1.57324e+06 frac=0.898681 grounded=0x40800000 linTerm=1.66667e-05
spd=3862.295 ctrl=(3722361.0000,1019964.0625,-2577569.7500) accum=(-308171.3125,-45300.5625,53013.7344) cMag=204062 fMag=329506 ld0=1.6088e+07 m78=1.59542e+06 frac=0.900832 grounded=0x40800000 linTerm=1.66667e-05
spd=3858.732 ctrl=(3654082.7500,1061696.6250,-2629503.2500) accum=(-190610.7344,-30055.4941,16915.3086) cMag=147508 fMag=245473 ld0=1.2657e+07 m78=6.5471e+06 frac=0.482728 grounded=0x40800000 linTerm=1.66667e-05
spd=3873.447 ctrl=(4495951.0000,1038249.5625,-724813.3125) accum=(27718.3027,22901.1016,8686.0449) cMag=68412.1 fMag=35905 ld0=5.89422e+06 m78=495464 frac=0.915941 grounded=0x40800000 linTerm=1.66667e-05
spd=3863.474 ctrl=(4424153.5000,983856.8750,-632044.3750) accum=(-112267.2891,-22062.3926,28339.0879) cMag=105188 fMag=157374 ld0=5.62024e+06 m78=4.24156e+06 frac=0.245306 grounded=0x40800000 linTerm=1.66667e-05
spd=3883.302 ctrl=(4518193.5000,971922.6250,-550419.5000) accum=(-66377.5000,-7566.8794,22475.8906) cMag=68035.6 fMag=71006.7 ld0=4.62098e+06 m78=142758 frac=0.969107 grounded=0x40800000 linTerm=1.66667e-05
spd=3906.052 ctrl=(4536689.0000,937179.9375,-472009.2500) accum=(-57196.0430,-9800.2383,23413.9922) cMag=62847.8 fMag=63407.6 ld0=4.70543e+06 m78=220601 frac=0.953118 grounded=0x40800000 linTerm=1.66667e-05
spd=3904.530 ctrl=(4488351.5000,896588.6250,-385558.0312) accum=(-106904.6953,-24638.6992,90091.6094) cMag=135257 fMag=206681 ld0=9.52357e+06 m78=8.42382e+06 frac=0.115477 grounded=0x40800000 linTerm=1.66667e-05
spd=3895.318 ctrl=(4476771.5000,876588.1875,-296202.7500) accum=(-79977.5469,-18449.0273,42575.4961) cMag=68291 fMag=114795 ld0=4.99283e+06 m78=2.39692e+06 frac=0.519927 grounded=0x40800000 linTerm=1.66667e-05
spd=3904.252 ctrl=(4529083.5000,871840.3125,-200733.1094) accum=(-78592.3516,-18241.9121,44375.4102) cMag=66899.1 fMag=114525 ld0=5.09596e+06 m78=2.39951e+06 frac=0.529136 grounded=0x40800000 linTerm=1.66667e-05
spd=3913.169 ctrl=(4535850.0000,858447.8750,-102218.8516) accum=(-77987.4844,-18184.3887,45989.6172) cMag=65536.6 fMag=114281 ld0=5.19568e+06 m78=2.33164e+06 frac=0.551234 grounded=0x40800000 linTerm=1.66667e-05
spd=3921.206 ctrl=(4539559.5000,844746.0000,-3576.9463) accum=(-77447.1016,-18094.3906,47193.7344) cMag=64153.4 fMag=113931 ld0=5.26928e+06 m78=2.25823e+06 frac=0.571435 grounded=0x40800000 linTerm=1.66667e-05
spd=3928.337 ctrl=(4539225.0000,837925.9375,97246.2734) accum=(-60942.7188,-15792.0684,50554.1484) cMag=46185.2 fMag=90504.3 ld0=3.94659e+06 m78=805805 frac=0.795823 grounded=0x40800000 linTerm=1.66667e-05
spd=3934.833 ctrl=(4534576.5000,838011.1250,200126.4844) accum=(-61455.3672,-15121.6533,51719.6914) cMag=46219.7 fMag=92601.1 ld0=4.11212e+06 m78=892722 frac=0.782905 grounded=0x40800000 linTerm=1.66667e-05
spd=3940.454 ctrl=(4526911.5000,837902.8750,302801.6250) accum=(-62136.5664,-14608.8154,52541.2734) cMag=46253.1 fMag=94466.6 ld0=4.25572e+06 m78=964472 frac=0.773371 grounded=0x40800000 linTerm=1.66667e-05
spd=3945.257 ctrl=(4516540.5000,837656.6875,405198.9062) accum=(-41483.6055,-10141.8311,52867.3477) cMag=31444.6 fMag=82449 ld0=4.56767e+06 m78=1.21214e+06 frac=0.734626 grounded=0x40800000 linTerm=1.66667e-05
spd=3949.656 ctrl=(4503865.0000,837232.4375,507027.6562) accum=(-42489.2695,-9872.2793,53640.6289) cMag=31584.7 fMag=84280.1 ld0=4.67518e+06 m78=1.25785e+06 frac=0.730951 grounded=0x40800000 linTerm=1.66667e-05
spd=3953.369 ctrl=(4488841.5000,836764.8125,608483.4375) accum=(-43559.9648,-9660.2373,54195.4023) cMag=31716.7 fMag=85905.1 ld0=4.76929e+06 m78=1.29684e+06 frac=0.728084 grounded=0x40800000 linTerm=1.66667e-05
spd=3956.464 ctrl=(4471549.0000,836266.7500,709521.5625) accum=(-44677.2148,-9492.5264,54557.1289) cMag=31840.1 fMag=87352.4 ld0=4.85221e+06 m78=1.33073e+06 frac=0.725747 grounded=0x40800000 linTerm=1.66667e-05
spd=3959.007 ctrl=(4452094.5000,835752.1875,809979.6875) accum=(-29719.2500,-6294.7642,51006.6953) cMag=25219.9 fMag=79606.7 ld0=4.39795e+06 m78=1.57786e+06 frac=0.641229 grounded=0x40800000 linTerm=1.66667e-05
spd=3961.329 ctrl=(4430584.5000,835262.4375,909832.3750) accum=(-30906.7715,-6219.8291,51570.7031) cMag=25407.7 fMag=80863.6 ld0=4.47872e+06 m78=1.59185e+06 frac=0.644575 grounded=0x40800000 linTerm=1.66667e-05
spd=3963.209 ctrl=(4406941.0000,834792.4375,1009150.8125) accum=(-32118.5762,-6160.1396,51978.1562) cMag=25582 fMag=81996.8 ld0=4.55127e+06 m78=1.60474e+06 frac=0.647409 grounded=0x40800000 linTerm=1.66667e-05
spd=3964.700 ctrl=(4381175.0000,834342.1875,1107891.6250) accum=(-33347.9961,-6112.8613,52244.7422) cMag=25744.6 fMag=83023.5 ld0=4.61675e+06 m78=1.61687e+06 frac=0.649782 grounded=0x40800000 linTerm=1.66667e-05
spd=3965.844 ctrl=(4353304.0000,833912.3750,1206013.2500) accum=(-34589.3828,-6075.7090,52384.5430) cMag=25896.4 fMag=83957.7 ld0=4.67611e+06 m78=1.62842e+06 frac=0.651758 grounded=0x40800000 linTerm=1.66667e-05
spd=3966.683 ctrl=(4323340.0000,833502.4375,1303472.5000) accum=(-35837.9062,-6046.7798,52409.6445) cMag=26038.7 fMag=84811.4 ld0=4.73015e+06 m78=1.63952e+06 frac=0.65339 grounded=0x40800000 linTerm=1.66667e-05
spd=3967.252 ctrl=(4291297.0000,833112.3750,1400226.6250) accum=(-37089.5078,-6024.5283,52330.5430) cMag=26172.3 fMag=85594.6 ld0=4.77954e+06 m78=1.65027e+06 frac=0.654722 grounded=0x40800000 linTerm=1.66667e-05
spd=3967.584 ctrl=(4257186.0000,832741.2500,1496232.7500) accum=(-19731.6387,-2444.3806,56187.2109) cMag=19063.8 fMag=83566.8 ld0=5.03238e+06 m78=1.8683e+06 frac=0.628744 grounded=0x40800000 linTerm=1.66667e-05
spd=3968.017 ctrl=(4221232.5000,832665.4375,1591211.2500) accum=(-21240.7109,-2448.5889,56353.9727) cMag=19267.4 fMag=84256.9 ld0=5.0713e+06 m78=1.86995e+06 frac=0.631269 grounded=0x40800000 linTerm=1.66667e-05
spd=3968.264 ctrl=(4183160.7500,832788.9375,1685410.7500) accum=(-43999.0742,-6560.7886,50839.0391) cMag=28285.6 fMag=88457.8 ld0=4.86572e+06 m78=1.63072e+06 frac=0.664855 grounded=0x40800000 linTerm=1.66667e-05
spd=3967.988 ctrl=(4142714.0000,833366.3750,1778833.0000) accum=(-32795.7734,-4426.4922,45186.8359) cMag=27915.3 fMag=84753.4 ld0=4.36354e+06 m78=2.17689e+06 frac=0.501119 grounded=0x40800000 linTerm=1.66667e-05
spd=3967.761 ctrl=(4100313.0000,834216.3750,1871110.7500) accum=(-31898.1523,-3842.0513,49593.1172) cMag=24438.6 fMag=83589.1 ld0=4.65668e+06 m78=1.90055e+06 frac=0.591866 grounded=0x40800000 linTerm=1.66667e-05
spd=3967.453 ctrl=(4055941.0000,835192.6875,1962345.5000) accum=(-35916.9023,-4531.5552,44266.3945) cMag=28693.8 fMag=86060.2 ld0=4.40165e+06 m78=2.1847e+06 frac=0.503664 grounded=0x40800000 linTerm=1.66667e-05
spd=3966.976 ctrl=(4009365.2500,836434.2500,2052619.8750) accum=(-51652.1172,-6879.9854,48394.0664) cMag=29828.8 fMag=91541.8 ld0=5.00828e+06 m78=1.59497e+06 frac=0.681534 grounded=0x40800000 linTerm=1.66667e-05
spd=3966.179 ctrl=(3960609.0000,837906.3125,2141882.5000) accum=(-53203.8750,-6907.8716,47398.5000) cMag=30141.3 fMag=92194.7 ld0=5.03813e+06 m78=1.60884e+06 frac=0.680666 grounded=0x40800000 linTerm=1.66667e-05
spd=3965.292 ctrl=(3909849.2500,839367.0625,2229988.2500) accum=(-54733.0703,-6947.8906,46350.3203) cMag=30449.8 fMag=92820.9 ld0=5.06627e+06 m78=1.62111e+06 frac=0.680019 grounded=0x40800000 linTerm=1.66667e-05
spd=3964.325 ctrl=(3857125.5000,840818.3750,2316899.7500) accum=(-56237.3203,-6998.0186,45250.4531) cMag=30754.4 fMag=93422.8 ld0=5.09287e+06 m78=1.63199e+06 frac=0.679555 grounded=0x40800000 linTerm=1.66667e-05
spd=3963.288 ctrl=(3802472.7500,842260.6250,2402577.2500) accum=(-57714.2461,-7056.5513,44099.7383) cMag=31055.1 fMag=94003 ld0=5.11811e+06 m78=1.64172e+06 frac=0.679233 grounded=0x40800000 linTerm=1.66667e-05
spd=3962.189 ctrl=(3745895.5000,843531.8750,2487042.0000) accum=(-70333.7500,-9147.9814,42036.0859) cMag=38841 fMag=98393.1 ld0=4.70648e+06 m78=1.21471e+06 frac=0.741907 grounded=0x40800000 linTerm=1.66667e-05
spd=3960.855 ctrl=(3687375.5000,844443.8125,2570299.5000) accum=(-69486.4219,-8679.5000,42857.2422) cMag=37844.7 fMag=97661 ld0=4.67146e+06 m78=1.17962e+06 frac=0.747483 grounded=0x40800000 linTerm=1.66667e-05
spd=3959.523 ctrl=(3627228.7500,845035.6875,2652149.2500) accum=(-56346.8008,-6162.0410,42995.4023) cMag=28486.8 fMag=93853.8 ld0=5.26251e+06 m78=1.77119e+06 frac=0.663432 grounded=0x40800000 linTerm=1.66667e-05
spd=3958.388 ctrl=(3565394.2500,845411.8750,2732681.0000) accum=(-72282.6250,-8587.4785,43152.5273) cMag=31075.3 fMag=99712.2 ld0=5.85219e+06 m78=1.20718e+06 frac=0.793722 grounded=0x40800000 linTerm=1.66667e-05
spd=0.000 ctrl=(623406.8125,147960.0000,479032.0312) accum=(-252.4381,-287.7261,-3180.2695) cMag=3203.24 fMag=3891.83 ld0=767071 m78=767060 frac=1.43171e-05 grounded=0x40800000 linTerm=1.66667e-05
spd=13.057 ctrl=(658500.1875,156460.6094,507492.6250) accum=(-23511.8242,-5282.6050,-15327.1299) cMag=20533.4 fMag=32619 ld0=1.28422e+06 m78=431207 frac=0.664228 grounded=0x40800000 linTerm=1.66667e-05
spd=26.415 ctrl=(694235.1250,165156.9375,536821.1875) accum=(-23607.0898,-5298.9487,-15330.1895) cMag=20565 fMag=32662.7 ld0=1.28607e+06 m78=427181 frac=0.667839 grounded=0x40800000 linTerm=1.66667e-05
spd=40.533 ctrl=(731841.3125,174348.2969,568025.1875) accum=(-23715.6367,-5313.5537,-15292.1475) cMag=20569.3 fMag=32659.7 ld0=1.28627e+06 m78=419491 frac=0.673869 grounded=0x40800000 linTerm=1.66667e-05
spd=55.453 ctrl=(771396.0625,184061.4062,601234.7500) accum=(-23896.6133,-5337.2661,-15225.4434) cMag=20577.2 fMag=32657.6 ld0=1.28667e+06 m78=407030 frac=0.683657 grounded=0x40800000 linTerm=1.66667e-05
spd=71.217 ctrl=(812975.6875,194324.0625,636589.0625) accum=(-24165.6445,-5371.6865,-15121.2891) cMag=20589.7 fMag=32658.6 ld0=1.28736e+06 m78=388928 frac=0.697886 grounded=0x40800000 linTerm=1.66667e-05
spd=87.869 ctrl=(856655.7500,205165.2188,674236.4375) accum=(-24541.0000,-5418.4731,-14967.8018) cMag=20608 fMag=32666.5 ld0=1.2884e+06 m78=364256 frac=0.717281 grounded=0x40800000 linTerm=1.66667e-05
spd=105.457 ctrl=(902511.1250,216614.9844,714337.7500) accum=(-25043.9121,-5479.2720,-14749.1641) cMag=20633.4 fMag=32687.3 ld0=1.28992e+06 m78=332046 frac=0.742584 grounded=0x40800000 linTerm=1.66667e-05
spd=124.027 ctrl=(950614.5625,228705.1875,757064.9375) accum=(-25698.2051,-5555.5654,-14444.9434) cMag=20667.8 fMag=32730 ld0=1.29204e+06 m78=291360 frac=0.774496 grounded=0x40800000 linTerm=1.66667e-05
spd=143.633 ctrl=(1001037.6875,241468.9531,802604.3750) accum=(-26528.8418,-5648.4150,-14030.3203) cMag=20713.3 fMag=32806.8 ld0=1.29491e+06 m78=241421 frac=0.813562 grounded=0x40800000 linTerm=1.66667e-05
spd=164.326 ctrl=(1053849.6250,254940.5000,851157.1875) accum=(-27558.0352,-5758.0513,-13478.5254) cMag=20772.5 fMag=32933.3 ld0=1.29869e+06 m78=181845 frac=0.859978 grounded=0x40800000 linTerm=1.66667e-05
spd=186.164 ctrl=(1109117.3750,269157.6875,902942.0625) accum=(-28796.2598,-5883.2485,-12768.4893) cMag=20848.4 fMag=33126.3 ld0=1.30352e+06 m78=113085 frac=0.913246 grounded=0x40800000 linTerm=1.66667e-05
spd=209.209 ctrl=(1166908.8750,284160.2500,958199.3125) accum=(-30221.2988,-6020.0044,-11903.5205) cMag=20943.5 fMag=33397.7 ld0=1.30949e+06 m78=37385.9 frac=0.97145 grounded=0x40800000 linTerm=1.66667e-05
spd=233.529 ctrl=(1227299.8750,299994.3125,1017199.8750) accum=(-30904.7383,-6023.7144,-10933.6348) cMag=21059.1 fMag=33738 ld0=1.31635e+06 m78=41105.3 frac=0.968773 grounded=0x40800000 linTerm=1.66667e-05
spd=259.224 ctrl=(1264429.6250,310341.5938,1058529.6250) accum=(-30794.6934,-5922.0381,-10181.0264) cMag=21194.3 fMag=34098.9 ld0=1.32313e+06 m78=111926 frac=0.915409 grounded=0x40800000 linTerm=1.66667e-05
spd=285.835 ctrl=(1264743.7500,311808.6562,1070261.5000) accum=(-30586.2480,-5842.6753,-9793.0156) cMag=21348.6 fMag=34423.2 ld0=1.32827e+06 m78=174376 frac=0.86872 grounded=0x40800000 linTerm=1.66667e-05
spd=312.456 ctrl=(1264519.0000,313266.4375,1082476.3750) accum=(-30459.4062,-5770.7593,-9359.3564) cMag=21457.3 fMag=34740.5 ld0=1.33558e+06 m78=227726 frac=0.829493 grounded=0x40800000 linTerm=1.66667e-05
spd=339.125 ctrl=(1263871.5000,314747.1562,1095283.8750) accum=(-30366.7676,-5699.0176,-8886.1963) cMag=21564.7 fMag=35111.3 ld0=1.34698e+06 m78=281899 frac=0.790717 grounded=0x40800000 linTerm=1.66667e-05
spd=365.839 ctrl=(1262721.0000,316232.8750,1108629.8750) accum=(-30343.6230,-5634.0269,-8379.8516) cMag=21673 fMag=35545.2 ld0=1.36599e+06 m78=334696 frac=0.754979 grounded=0x40800000 linTerm=1.66667e-05
spd=392.595 ctrl=(1261045.3750,317724.1250,1122508.6250) accum=(-29617.1465,-5474.8203,-8008.0835) cMag=21783.3 fMag=36046.9 ld0=1.39855e+06 m78=455412 frac=0.674369 grounded=0x40800000 linTerm=1.66667e-05
spd=419.397 ctrl=(1258824.8750,319220.2500,1136916.3750) accum=(-29177.1523,-5371.8115,-7637.7046) cMag=21896.6 fMag=36615.7 ld0=1.44811e+06 m78=558680 frac=0.6142 grounded=0x40800000 linTerm=1.66667e-05
spd=446.237 ctrl=(1256036.2500,320719.9375,1151845.5000) accum=(-29334.8555,-5332.9888,-7160.7485) cMag=22014.8 fMag=37253.1 ld0=1.51174e+06 m78=618434 frac=0.590912 grounded=0x40800000 linTerm=1.66667e-05
spd=473.102 ctrl=(1252654.8750,322221.5625,1167286.6250) accum=(-29486.5820,-5292.3481,-6703.0098) cMag=22139.3 fMag=37962.9 ld0=1.58498e+06 m78=686123 frac=0.567109 grounded=0x40800000 linTerm=1.66667e-05
spd=499.986 ctrl=(1248659.1250,323724.4062,1183232.1250) accum=(-29639.0508,-5253.2065,-6272.0518) cMag=22271.3 fMag=38743.5 ld0=1.66446e+06 m78=759749 frac=0.543546 grounded=0x40800000 linTerm=1.66667e-05
spd=526.883 ctrl=(1244026.2500,325227.4688,1199672.6250) accum=(-29796.1074,-5216.8994,-5873.4834) cMag=22411.8 fMag=39591.9 ld0=1.74833e+06 m78=838029 frac=0.52067 grounded=0x40800000 linTerm=1.66667e-05
spd=553.786 ctrl=(1238734.0000,326730.1875,1216598.7500) accum=(-29956.3984,-5183.7451,-5512.8911) cMag=22561.6 fMag=40504.2 ld0=1.83554e+06 m78=920400 frac=0.498567 grounded=0x40800000 linTerm=1.66667e-05
spd=580.688 ctrl=(1232759.3750,328231.6562,1233999.1250) accum=(-30115.8848,-5153.6562,-5195.9565) cMag=22721.5 fMag=41475.2 ld0=1.9254e+06 m78=1.00667e+06 frac=0.47716 grounded=0x40800000 linTerm=1.66667e-05
spd=607.581 ctrl=(1226080.2500,329731.4688,1251862.6250) accum=(-30269.1016,-5126.4033,-4928.4614) cMag=22892.1 fMag=42498.8 ld0=2.01741e+06 m78=1.09687e+06 frac=0.456301 grounded=0x40800000 linTerm=1.66667e-05
spd=634.458 ctrl=(1218673.2500,331228.8125,1270175.3750) accum=(-30424.3262,-5103.4121,-4702.9673) cMag=23072.4 fMag=43576.4 ld0=2.11146e+06 m78=1.19025e+06 frac=0.43629 grounded=0x40800000 linTerm=1.66667e-05
spd=661.311 ctrl=(1210515.0000,332723.1250,1288922.8750) accum=(-30628.7539,-5086.5181,-4475.8184) cMag=23258.5 fMag=44732.2 ld0=2.20827e+06 m78=1.28389e+06 frac=0.418599 grounded=0x40800000 linTerm=1.66667e-05
spd=688.131 ctrl=(1201582.8750,334213.8438,1308089.8750) accum=(-30892.3438,-5075.1040,-4236.3081) cMag=23450.1 fMag=45973.7 ld0=2.30792e+06 m78=1.37705e+06 frac=0.403339 grounded=0x40800000 linTerm=1.66667e-05
spd=714.910 ctrl=(1191852.8750,335700.1875,1327658.2500) accum=(-31221.2930,-5068.7876,-3977.4021) cMag=23647.6 fMag=47306.6 ld0=2.41048e+06 m78=1.46927e+06 frac=0.390465 grounded=0x40800000 linTerm=1.66667e-05
spd=741.639 ctrl=(1181302.0000,337181.6250,1347610.0000) accum=(-31621.9863,-5067.1655,-3692.3027) cMag=23851.6 fMag=48736.8 ld0=2.51604e+06 m78=1.56014e+06 frac=0.37992 grounded=0x40800000 linTerm=1.66667e-05
spd=768.311 ctrl=(1169906.8750,338657.5625,1367924.1250) accum=(-32101.1523,-5069.8696,-3374.7151) cMag=24063 fMag=50270.4 ld0=2.62467e+06 m78=1.64925e+06 frac=0.371636 grounded=0x40800000 linTerm=1.66667e-05
spd=794.915 ctrl=(1157644.7500,340127.4375,1388579.7500) accum=(-32665.9141,-5076.5381,-3018.6570) cMag=24282.6 fMag=51913.4 ld0=2.73649e+06 m78=1.7362e+06 frac=0.365537 grounded=0x40800000 linTerm=1.66667e-05
spd=821.444 ctrl=(1144492.2500,341590.6562,1409553.2500) accum=(-33323.8711,-5086.8369,-2618.6582) cMag=24511.7 fMag=53671.8 ld0=2.8516e+06 m78=1.82063e+06 frac=0.361542 grounded=0x40800000 linTerm=1.66667e-05
spd=847.889 ctrl=(1130426.8750,343046.6250,1430819.6250) accum=(-34083.0781,-5100.4561,-2169.7180) cMag=24751.8 fMag=55551.5 ld0=2.97011e+06 m78=1.90217e+06 frac=0.359562 grounded=0x40800000 linTerm=1.66667e-05
spd=874.241 ctrl=(1115426.5000,344494.8125,1452352.8750) accum=(-34952.1680,-5117.1260,-1667.3879) cMag=25004.5 fMag=57558.4 ld0=3.09216e+06 m78=1.9805e+06 frac=0.359508 grounded=0x40800000 linTerm=1.66667e-05
spd=900.492 ctrl=(1099468.7500,345934.6250,1474124.3750) accum=(-35940.2109,-5136.6016,-1107.8483) cMag=25271.9 fMag=59698 ld0=3.21787e+06 m78=2.05531e+06 frac=0.361284 grounded=0x40800000 linTerm=1.66667e-05
spd=926.632 ctrl=(1082532.3750,347365.4375,1496104.7500) accum=(-37056.7461,-5158.6880,-488.0577) cMag=25556.1 fMag=61975.9 ld0=3.34742e+06 m78=2.12632e+06 frac=0.364789 grounded=0x40800000 linTerm=1.66667e-05
spd=952.654 ctrl=(1064597.0000,348786.6875,1518262.6250) accum=(-38311.4883,-5183.1924,194.2470) cMag=25859.3 fMag=64397.1 ld0=3.481e+06 m78=2.19332e+06 frac=0.369917 grounded=0x40800000 linTerm=1.66667e-05
spd=978.549 ctrl=(1045641.8750,350197.8750,1540565.2500) accum=(-39714.4609,-5209.9810,940.1798) cMag=26184.4 fMag=66966.6 ld0=3.61893e+06 m78=2.25621e+06 frac=0.376553 grounded=0x40800000 linTerm=1.66667e-05
spd=1004.308 ctrl=(1025647.7500,351598.3438,1562977.1250) accum=(-41299.2969,-5239.7080,1766.6796) cMag=26534.1 fMag=69694.4 ld0=3.76127e+06 m78=2.3129e+06 frac=0.385074 grounded=0x40800000 linTerm=1.66667e-05
spd=1029.923 ctrl=(1004596.8125,352987.7188,1585462.7500) accum=(-42882.9297,-5255.7959,2600.4236) cMag=26705.6 fMag=72132.9 ld0=3.8782e+06 m78=2.33795e+06 frac=0.397155 grounded=0x40800000 linTerm=1.66667e-05
spd=1055.386 ctrl=(982471.2500,354365.3125,1607984.2500) accum=(-43804.4961,-5264.7441,2750.4563) cMag=26771.8 fMag=73356.4 ld0=3.94157e+06 m78=2.34419e+06 frac=0.405264 grounded=0x40800000 linTerm=1.66667e-05
spd=1080.692 ctrl=(959254.7500,355730.7188,1630501.8750) accum=(-44495.9531,-5276.2271,2619.2356) cMag=26888.5 fMag=74327.5 ld0=3.99071e+06 m78=2.35588e+06 frac=0.40966 grounded=0x40800000 linTerm=1.66667e-05
spd=1105.832 ctrl=(934931.8125,357083.3750,1652975.0000) accum=(-45176.6641,-5287.2969,2441.7463) cMag=27008.6 fMag=75302.4 ld0=4.04126e+06 m78=2.36994e+06 frac=0.413563 grounded=0x40800000 linTerm=1.66667e-05
spd=1130.798 ctrl=(909488.9375,358422.6875,1675360.3750) accum=(-45848.0898,-5298.0889,2219.0852) cMag=27131.9 fMag=76279.8 ld0=4.09325e+06 m78=2.38613e+06 frac=0.417057 grounded=0x40800000 linTerm=1.66667e-05
spd=1155.583 ctrl=(882913.2500,359748.1562,1697614.1250) accum=(-46515.9297,-5308.9023,1954.4822) cMag=27258 fMag=77258.8 ld0=4.14674e+06 m78=2.40385e+06 frac=0.420302 grounded=0x40800000 linTerm=1.66667e-05
spd=1180.177 ctrl=(855193.6250,361059.2188,1719690.2500) accum=(-47324.6758,-5325.6763,1715.2467) cMag=27386.8 fMag=78238.7 ld0=4.20173e+06 m78=2.41103e+06 frac=0.426181 grounded=0x40800000 linTerm=1.66667e-05
spd=644.198 ctrl=(-660844.1250,0.0000,1680878.3750) accum=(-21352.7012,-68749.1953,-34268.0234) cMag=21530.9 fMag=96678.5 ld0=6.53446e+06 m78=1.26953e+06 frac=0.805718 grounded=0x40800000 linTerm=1.66667e-05
spd=656.159 ctrl=(-665050.0000,0.0000,1639469.0000) accum=(-21061.3730,-53158.5977,-35354.1523) cMag=22927.4 fMag=84394.2 ld0=5.57481e+06 m78=1.32379e+06 frac=0.762541 grounded=0x40800000 linTerm=1.66667e-05
spd=672.793 ctrl=(-690795.5000,0.0000,1650809.5000) accum=(-20458.6602,-40032.2852,-35542.4297) cMag=23474 fMag=74440 ld0=4.78929e+06 m78=1.36837e+06 frac=0.714285 grounded=0x40800000 linTerm=1.66667e-05
spd=693.115 ctrl=(-715612.0000,0.0000,1657737.2500) accum=(-19727.7188,-29620.1016,-35416.2656) cMag=23910.4 fMag=67594.1 ld0=4.21717e+06 m78=1.44125e+06 frac=0.658243 grounded=0x40800000 linTerm=1.66667e-05
spd=715.791 ctrl=(-740037.0000,0.0000,1661563.2500) accum=(-18955.5918,-21667.2422,-35127.3984) cMag=24278.5 fMag=63262.6 ld0=3.8212e+06 m78=1.52782e+06 frac=0.600171 grounded=0x40800000 linTerm=1.66667e-05
spd=739.939 ctrl=(-764444.5625,0.0000,1663172.1250) accum=(-18256.8984,-15800.5908,-34815.5352) cMag=24608.1 fMag=60879.3 ld0=3.56684e+06 m78=1.62032e+06 frac=0.545726 grounded=0x40800000 linTerm=1.66667e-05
spd=764.991 ctrl=(-789083.5000,0.0000,1663131.8750) accum=(-17733.5020,-11585.6377,-34587.0273) cMag=24919.4 fMag=59942 ld0=3.4228e+06 m78=1.71488e+06 frac=0.498984 grounded=0x40800000 linTerm=1.66667e-05
spd=790.583 ctrl=(-814113.5000,0.0000,1661794.2500) accum=(-17443.2949,-8597.0117,-34502.6875) cMag=25225.3 fMag=60041.3 ld0=3.36186e+06 m78=1.8098e+06 frac=0.461667 grounded=0x40800000 linTerm=1.66667e-05
spd=816.482 ctrl=(-839632.1875,0.0000,1659367.3750) accum=(-17064.4355,-6234.4272,-34444.8281) cMag=25558.2 fMag=60658.5 ld0=3.34128e+06 m78=1.915e+06 frac=0.426864 grounded=0x40800000 linTerm=1.66667e-05
spd=842.543 ctrl=(-865696.5625,0.0000,1655968.3750) accum=(-16449.7988,-4346.6494,-34341.7422) cMag=25886.5 fMag=61543.2 ld0=3.354e+06 m78=2.03862e+06 frac=0.392182 grounded=0x40800000 linTerm=1.66667e-05
spd=868.670 ctrl=(-1145739.6250,0.0000,2120689.5000) accum=(-16304.7178,-3185.5308,-34514.3477) cMag=26217.6 fMag=62965.9 ld0=3.42106e+06 m78=2.15344e+06 frac=0.370533 grounded=0x40800000 linTerm=1.66667e-05
spd=903.292 ctrl=(-1181149.8750,0.0000,2114215.0000) accum=(-16073.8711,-2343.6990,-34761.0078) cMag=26623.1 fMag=64667.5 ld0=3.51834e+06 m78=2.28968e+06 frac=0.349215 grounded=0x40800000 linTerm=1.66667e-05
spd=937.868 ctrl=(-1217575.5000,0.0000,2106434.2500) accum=(-16288.0371,-1800.6279,-35235.3750) cMag=27037.3 fMag=66784.1 ld0=3.64209e+06 m78=2.41566e+06 frac=0.336737 grounded=0x40800000 linTerm=1.66667e-05
spd=972.354 ctrl=(-1255003.0000,0.0000,2097320.2500) accum=(-16864.4121,-1433.8146,-35906.1172) cMag=27473.6 fMag=69279.5 ld0=3.78517e+06 m78=2.53464e+06 frac=0.330375 grounded=0x40800000 linTerm=1.66667e-05
spd=1006.720 ctrl=(-1293407.3750,0.0000,2086831.8750) accum=(-17804.4219,-1180.4489,-36786.8867) cMag=27936.5 fMag=72125 ld0=3.94234e+06 m78=2.64267e+06 frac=0.329671 grounded=0x40800000 linTerm=1.66667e-05
spd=1040.937 ctrl=(-1332756.7500,0.0000,2074920.7500) accum=(-18830.8145,-996.5173,-37602.9492) cMag=28031.7 fMag=74311.5 ld0=4.04698e+06 m78=2.67923e+06 frac=0.337967 grounded=0x40800000 linTerm=1.66667e-05
spd=1074.988 ctrl=(-1373012.5000,0.0000,2061533.2500) accum=(-19826.5410,-854.0347,-38610.5586) cMag=28166.2 fMag=75746.5 ld0=4.10168e+06 m78=2.65006e+06 frac=0.353908 grounded=0x40800000 linTerm=1.66667e-05
spd=1108.849 ctrl=(-1414129.7500,0.0000,2046612.2500) accum=(-20813.9434,-723.5126,-39645.7617) cMag=28267.1 fMag=77228.4 ld0=4.16839e+06 m78=2.62861e+06 frac=0.369393 grounded=0x40800000 linTerm=1.66667e-05
spd=1142.505 ctrl=(-1456059.5000,0.0000,2030101.3750) accum=(-21037.7695,-575.1212,-40383.2930) cMag=28401.7 fMag=78343.8 ld0=4.22171e+06 m78=2.64101e+06 frac=0.37442 grounded=0x40800000 linTerm=1.66667e-05
spd=1175.940 ctrl=(-1498747.8750,0.0000,2011941.7500) accum=(-21247.3867,-457.9174,-41156.0703) cMag=28543.3 fMag=79503.3 ld0=4.27888e+06 m78=2.65574e+06 frac=0.379337 grounded=0x40800000 linTerm=1.66667e-05
spd=1209.137 ctrl=(-1542136.2500,0.0000,1992077.6250) accum=(-21434.9512,-365.2530,-41963.0156) cMag=28691.2 fMag=80695.8 ld0=4.33944e+06 m78=2.67249e+06 frac=0.38414 grounded=0x40800000 linTerm=1.66667e-05
spd=1242.080 ctrl=(-1586161.3750,0.0000,1970451.3750) accum=(-21601.8789,-292.0841,-42809.2188) cMag=28844.9 fMag=81912.7 ld0=4.40324e+06 m78=2.69039e+06 frac=0.388997 grounded=0x40800000 linTerm=1.66667e-05
spd=1274.754 ctrl=(-1630756.2500,0.0000,1947008.5000) accum=(-21807.8164,-235.1925,-43747.3398) cMag=29003.6 fMag=83147.7 ld0=4.47032e+06 m78=2.70315e+06 frac=0.395311 grounded=0x40800000 linTerm=1.66667e-05
spd=1307.142 ctrl=(-1675849.0000,0.0000,1921695.5000) accum=(-22511.6855,-195.9153,-45174.5703) cMag=29167.1 fMag=84396.3 ld0=4.54068e+06 m78=2.66508e+06 frac=0.413066 grounded=0x40800000 linTerm=1.66667e-05
spd=1339.227 ctrl=(-1721363.1250,0.0000,1894461.1250) accum=(-22797.1387,-160.8642,-46339.1211) cMag=29335.7 fMag=85656.4 ld0=4.61428e+06 m78=2.66448e+06 frac=0.422559 grounded=0x40800000 linTerm=1.66667e-05
spd=1370.996 ctrl=(-1767219.6250,0.0000,1865257.5000) accum=(-22825.8730,-129.9973,-47357.1484) cMag=29508.4 fMag=86923.9 ld0=4.69024e+06 m78=2.68561e+06 frac=0.427405 grounded=0x40800000 linTerm=1.66667e-05
spd=1402.436 ctrl=(-1813333.1250,0.0000,1834037.3750) accum=(-22814.8457,-105.0356,-48414.1953) cMag=29684.7 fMag=88196 ld0=4.76782e+06 m78=2.70643e+06 frac=0.432353 grounded=0x40800000 linTerm=1.66667e-05
spd=1433.534 ctrl=(-1859616.2500,0.0000,1800758.6250) accum=(-22767.6777,-84.9850,-49516.2500) cMag=29864.2 fMag=89471 ld0=4.84654e+06 m78=2.72595e+06 frac=0.437548 grounded=0x40800000 linTerm=1.66667e-05
spd=1464.276 ctrl=(-1905975.6250,0.0000,1765380.5000) accum=(-22676.6797,-68.8676,-50659.1328) cMag=30047.1 fMag=90747.9 ld0=4.92602e+06 m78=2.74433e+06 frac=0.442891 grounded=0x40800000 linTerm=1.66667e-05
spd=1494.648 ctrl=(-1952212.1250,0.0000,1727996.3750) accum=(-22519.5938,-55.8744,-51824.0156) cMag=30230.5 fMag=92003.7 ld0=5.00455e+06 m78=2.76163e+06 frac=0.448176 grounded=0x40800000 linTerm=1.66667e-05
spd=1524.640 ctrl=(-1997649.6250,0.0000,1689354.8750) accum=(-22208.1172,-45.3193,-52924.0859) cMag=30399.6 fMag=93113.4 ld0=5.07389e+06 m78=2.77697e+06 frac=0.452694 grounded=0x40800000 linTerm=1.66667e-05
spd=1554.258 ctrl=(-2042263.5000,0.0000,1649482.7500) accum=(-21766.5410,-36.7579,-53965.1523) cMag=30557 fMag=94105.6 ld0=5.13575e+06 m78=2.79092e+06 frac=0.456569 grounded=0x40800000 linTerm=1.66667e-05
spd=1583.506 ctrl=(-663574.1875,0.0000,2554224.5000) accum=(29156.9297,-3.7668,-14173.3623) cMag=30183.6 fMag=74443.9 ld0=4.55456e+06 m78=4.28138e+06 frac=0.0599785 grounded=0x40800000 linTerm=1.66667e-05
spd=1614.291 ctrl=(-550066.5625,0.0000,2590773.0000) accum=(35466.4023,-4.9523,-13386.3184) cMag=32760.8 fMag=85138.9 ld0=4.77953e+06 m78=4.23758e+06 frac=0.11339 grounded=0x40800000 linTerm=1.66667e-05
spd=1644.122 ctrl=(-434034.8750,0.0000,2618787.0000) accum=(43382.3516,-7.2202,-12675.3047) cMag=35869.3 fMag=96386.5 ld0=4.94713e+06 m78=4.09087e+06 frac=0.173083 grounded=0x40800000 linTerm=1.66667e-05
spd=1672.544 ctrl=(-316349.3750,0.0000,2639549.5000) accum=(53856.9922,-9.5735,-11738.8125) cMag=38198.1 fMag=104938 ld0=5.37411e+06 m78=3.89114e+06 frac=0.275948 grounded=0x40800000 linTerm=1.66667e-05
spd=1699.380 ctrl=(-197586.8750,0.0000,2653847.7500) accum=(62019.3555,-9.6286,-11959.5840) cMag=40179.8 fMag=112157 ld0=5.82493e+06 m78=3.83372e+06 frac=0.341842 grounded=0x40800000 linTerm=1.66667e-05
spd=1724.621 ctrl=(-78158.2891,0.0000,2662131.5000) accum=(68858.2812,-8.9776,-13031.6240) cMag=41879.8 fMag=118298 ld0=6.21209e+06 m78=3.78327e+06 frac=0.390983 grounded=0x40800000 linTerm=1.66667e-05
spd=1748.319 ctrl=(41609.7930,0.0000,2664659.0000) accum=(74508.4219,-8.0405,-14831.9785) cMag=43348.2 fMag=123573 ld0=6.5437e+06 m78=3.7442e+06 frac=0.427816 grounded=0x40800000 linTerm=1.66667e-05
spd=1770.560 ctrl=(161434.0469,0.0000,2661584.0000) accum=(79156.7344,-7.0415,-17225.1074) cMag=44626.7 fMag=128148 ld0=6.83005e+06 m78=3.71525e+06 frac=0.456043 grounded=0x40800000 linTerm=1.66667e-05
spd=1791.443 ctrl=(281053.3125,0.0000,2653002.5000) accum=(82953.4922,-6.0856,-20095.6621) cMag=45749.3 fMag=132153 ld0=7.07963e+06 m78=3.69472e+06 frac=0.47812 grounded=0x40800000 linTerm=1.66667e-05
spd=1811.066 ctrl=(400217.3438,0.0000,2638980.5000) accum=(86015.1406,-5.2171,-23348.5039) cMag=46743.5 fMag=135691 ld0=7.29917e+06 m78=3.68104e+06 frac=0.495691 grounded=0x40800000 linTerm=1.66667e-05
spd=1829.524 ctrl=(518681.4688,0.0000,2619570.0000) accum=(88432.3281,-4.4504,-26905.9219) cMag=47631.4 fMag=138843 ld0=7.49399e+06 m78=3.67292e+06 frac=0.509885 grounded=0x40800000 linTerm=1.66667e-05
spd=1846.906 ctrl=(636203.8750,0.0000,2594820.5000) accum=(90276.5078,-3.7847,-30703.9746) cMag=48430.7 fMag=141675 ld0=7.6683e+06 m78=3.66931e+06 frac=0.521496 grounded=0x40800000 linTerm=1.66667e-05
spd=1863.291 ctrl=(752544.0625,0.0000,2564781.7500) accum=(91604.8438,-3.2129,-34689.6953) cMag=49155.9 fMag=144238 ld0=7.82549e+06 m78=3.66936e+06 frac=0.531101 grounded=0x40800000 linTerm=1.66667e-05
spd=1878.754 ctrl=(867463.9375,0.0000,2529511.2500) accum=(92463.5469,-2.7249,-38818.6914) cMag=49818.8 fMag=146574 ld0=7.96828e+06 m78=3.67239e+06 frac=0.539123 grounded=0x40800000 linTerm=1.66667e-05
spd=1893.361 ctrl=(980726.6875,0.0000,2489074.5000) accum=(92890.5781,-2.3102,-43053.3320) cMag=50429 fMag=148719 ld0=8.09888e+06 m78=3.67785e+06 frac=0.545881 grounded=0x40800000 linTerm=1.66667e-05
spd=1907.171 ctrl=(1092097.6250,0.0000,2443546.5000) accum=(92917.5469,-1.9588,-47361.2812) cMag=50994.2 fMag=150700 ld0=8.2191e+06 m78=3.68529e+06 frac=0.551619 grounded=0x40800000 linTerm=1.66667e-05
spd=1920.238 ctrl=(1201345.7500,0.0000,2393012.7500) accum=(92570.9531,-1.6615,-51714.5391) cMag=51521.1 fMag=152540 ld0=8.33043e+06 m78=3.69436e+06 frac=0.556523 grounded=0x40800000 linTerm=1.66667e-05
spd=1932.611 ctrl=(1308242.3750,0.0000,2337568.2500) accum=(91873.5156,-1.4101,-56088.5039) cMag=52015.2 fMag=154260 ld0=8.43411e+06 m78=3.70476e+06 frac=0.560741 grounded=0x40800000 linTerm=1.66667e-05
spd=1944.332 ctrl=(1412564.3750,0.0000,2277320.2500) accum=(90844.7578,-1.1976,-60461.3125) cMag=52480.9 fMag=155874 ld0=8.53117e+06 m78=3.71625e+06 frac=0.564391 grounded=0x40800000 linTerm=1.66667e-05
spd=1955.443 ctrl=(1514091.8750,0.0000,2212386.5000) accum=(89502.0000,-1.0180,-64813.1484) cMag=52922 fMag=157397 ld0=8.62246e+06 m78=3.72865e+06 frac=0.567566 grounded=0x40800000 linTerm=1.66667e-05
spd=1965.977 ctrl=(1612612.3750,0.0000,2142895.5000) accum=(87860.4453,-0.8661,-69126.2109) cMag=53341.7 fMag=158840 ld0=8.70871e+06 m78=3.74179e+06 frac=0.57034 grounded=0x40800000 linTerm=1.66667e-05
spd=1975.967 ctrl=(1707917.5000,0.0000,2068984.3750) accum=(85933.9609,-0.7376,-73384.1719) cMag=53742.8 fMag=160213 ld0=8.79054e+06 m78=3.75554e+06 frac=0.572775 grounded=0x40800000 linTerm=1.66667e-05
spd=1985.443 ctrl=(1799806.7500,0.0000,1990803.0000) accum=(83735.1719,-0.6288,-77571.7344) cMag=54127.5 fMag=161524 ld0=8.86847e+06 m78=3.76981e+06 frac=0.57492 grounded=0x40800000 linTerm=1.66667e-05
spd=1994.432 ctrl=(1888086.8750,0.0000,1908509.2500) accum=(81275.9141,-0.5367,-81674.8438) cMag=54497.7 fMag=162780 ld0=8.94293e+06 m78=3.78449e+06 frac=0.576818 grounded=0x40800000 linTerm=1.66667e-05
spd=2002.958 ctrl=(1972570.6250,0.0000,1822269.6250) accum=(78567.1641,-0.4585,-85680.3438) cMag=54855.2 fMag=163988 ld0=9.01431e+06 m78=3.79952e+06 frac=0.578501 grounded=0x40800000 linTerm=1.66667e-05
spd=2011.044 ctrl=(2053080.6250,0.0000,1732261.6250) accum=(75619.6250,-0.3921,-89575.6953) cMag=55201.4 fMag=165151 ld0=9.08294e+06 m78=3.81484e+06 frac=0.58 grounded=0x40800000 linTerm=1.66667e-05
spd=2018.711 ctrl=(2129446.5000,0.0000,1638668.2500) accum=(72443.4219,-0.3357,-93349.2891) cMag=55537.5 fMag=166275 ld0=9.14909e+06 m78=3.83039e+06 frac=0.581336 grounded=0x40800000 linTerm=1.66667e-05
spd=2025.978 ctrl=(2201508.0000,0.0000,1541683.0000) accum=(69048.5703,-0.2877,-96989.8516) cMag=55864.5 fMag=167363 ld0=9.21301e+06 m78=3.84615e+06 frac=0.582531 grounded=0x40800000 linTerm=1.66667e-05
spd=2032.863 ctrl=(2269113.0000,0.0000,1441505.1250) accum=(65444.8789,-0.2468,-100486.8984) cMag=56183.5 fMag=168420 ld0=9.27491e+06 m78=3.86207e+06 frac=0.5836 grounded=0x40800000 linTerm=1.66667e-05
spd=2039.382 ctrl=(2332119.7500,0.0000,1338341.5000) accum=(61642.0312,-0.2120,-103830.4453) cMag=56495.1 fMag=169447 ld0=9.33496e+06 m78=3.87812e+06 frac=0.584559 grounded=0x40800000 linTerm=1.66667e-05
spd=2045.552 ctrl=(2390396.2500,0.0000,1232405.6250) accum=(57649.8984,-0.1822,-107010.7812) cMag=56800.1 fMag=170447 ld0=9.39333e+06 m78=3.89428e+06 frac=0.58542 grounded=0x40800000 linTerm=1.66667e-05
spd=2051.387 ctrl=(2443819.5000,0.0000,1123915.6250) accum=(53478.1055,-0.1568,-110019.0234) cMag=57099 fMag=171423 ld0=9.45015e+06 m78=3.91054e+06 frac=0.586193 grounded=0x40800000 linTerm=1.66667e-05
spd=2056.900 ctrl=(2492278.2500,0.0000,1013096.5000) accum=(49136.5469,-0.1350,-112846.5000) cMag=57392.5 fMag=172376 ld0=9.50556e+06 m78=3.92687e+06 frac=0.586887 grounded=0x40800000 linTerm=1.66667e-05
spd=2062.105 ctrl=(2535672.0000,0.0000,900177.8750) accum=(44635.0977,-0.1164,-115485.0547) cMag=57680.9 fMag=173309 ld0=9.55964e+06 m78=3.94325e+06 frac=0.58751 grounded=0x40800000 linTerm=1.66667e-05
spd=2067.013 ctrl=(2573909.5000,0.0000,785393.1250) accum=(39983.9570,-0.1005,-117926.9375) cMag=57964.6 fMag=174222 ld0=9.6125e+06 m78=3.95969e+06 frac=0.588068 grounded=0x40800000 linTerm=1.66667e-05
spd=2071.637 ctrl=(2606912.0000,0.0000,668979.5625) accum=(35193.2031,-0.0868,-120165.0391) cMag=58244.2 fMag=175117 ld0=9.66422e+06 m78=3.97617e+06 frac=0.588568 grounded=0x40800000 linTerm=1.66667e-05
spd=2075.987 ctrl=(2634611.2500,0.0000,551178.0000) accum=(30273.3535,-0.0750,-122192.4766) cMag=58519.7 fMag=175995 ld0=9.71487e+06 m78=3.99268e+06 frac=0.589014 grounded=0x40800000 linTerm=1.66667e-05
spd=2080.073 ctrl=(2656949.5000,0.0000,432232.5000) accum=(25234.9062,-0.0649,-124002.9375) cMag=58791.5 fMag=176857 ld0=9.76451e+06 m78=4.00921e+06 frac=0.58941 grounded=0x40800000 linTerm=1.66667e-05
spd=2083.906 ctrl=(3176766.2500,0.0000,371140.2812) accum=(20088.5254,-0.0562,-125590.5625) cMag=59059.9 fMag=177704 ld0=9.8132e+06 m78=4.02576e+06 frac=0.58976 grounded=0x40800000 linTerm=1.66667e-05
spd=2094.469 ctrl=(3194232.7500,0.0000,228255.4688) accum=(14519.0967,-0.0483,-126283.9219) cMag=59160 fMag=177890 ld0=9.82058e+06 m78=4.046e+06 frac=0.588009 grounded=0x40800000 linTerm=1.66667e-05
spd=2104.940 ctrl=(3204908.0000,0.0000,84540.3984) accum=(8983.5498,-0.0417,-126848.5703) cMag=59274.5 fMag=178099 ld0=9.82978e+06 m78=4.05876e+06 frac=0.587096 grounded=0x40800000 linTerm=1.66667e-05
spd=2115.284 ctrl=(3208853.5000,0.0000,-59668.0703) accum=(3450.7332,-0.0360,-127236.3828) cMag=59407.2 fMag=178384 ld0=9.8436e+06 m78=4.07224e+06 frac=0.586306 grounded=0x40800000 linTerm=1.66667e-05
spd=1073.816 ctrl=(834221.6875,0.0000,2891455.5000) accum=(48807.8477,-0.0341,-34398.6211) cMag=43064.6 fMag=101922 ld0=4.992e+06 m78=3.41857e+06 frac=0.31519 grounded=0x40800000 linTerm=1.66667e-05
spd=1113.717 ctrl=(936219.2500,0.0000,2872643.5000) accum=(48854.1758,-0.0257,-34921.5664) cMag=42461.4 fMag=107303 ld0=5.32837e+06 m78=3.73806e+06 frac=0.298461 grounded=0x40800000 linTerm=1.66667e-05
spd=1153.102 ctrl=(1040963.5000,0.0000,2848634.2500) accum=(50517.1328,-0.0209,-36738.0469) cMag=43311.4 fMag=111331 ld0=5.58236e+06 m78=3.86086e+06 frac=0.308382 grounded=0x40800000 linTerm=1.66667e-05
spd=1191.901 ctrl=(1148142.1250,0.0000,2819102.5000) accum=(52139.6406,-0.0171,-38785.7383) cMag=44159.8 fMag=115172 ld0=5.82381e+06 m78=3.96171e+06 frac=0.31974 grounded=0x40800000 linTerm=1.66667e-05
spd=1230.069 ctrl=(1257408.7500,0.0000,2783735.2500) accum=(53684.9453,-0.0141,-41060.6172) cMag=45006.3 fMag=118865 ld0=6.0555e+06 m78=4.04566e+06 frac=0.331904 grounded=0x40800000 linTerm=1.66667e-05
spd=1267.560 ctrl=(1368377.8750,0.0000,2742227.7500) accum=(55121.1953,-0.0116,-43559.3672) cMag=45851.3 fMag=122444 ld0=6.27955e+06 m78=4.11655e+06 frac=0.344452 grounded=0x40800000 linTerm=1.66667e-05
spd=1304.332 ctrl=(1480628.0000,0.0000,2694295.7500) accum=(56420.2578,-0.0096,-46278.1289) cMag=46695.2 fMag=125934 ld0=6.49756e+06 m78=4.17728e+06 frac=0.3571 grounded=0x40800000 linTerm=1.66667e-05
spd=1340.342 ctrl=(1593701.6250,0.0000,2639677.2500) accum=(57556.5977,-0.0080,-49212.2930) cMag=47538.2 fMag=129354 ld0=6.71077e+06 m78=4.23006e+06 frac=0.369661 grounded=0x40800000 linTerm=1.66667e-05
spd=1375.547 ctrl=(1707106.5000,0.0000,2578136.5000) accum=(58506.5078,-0.0066,-52356.1719) cMag=48380.7 fMag=132718 ld0=6.92011e+06 m78=4.27657e+06 frac=0.382009 grounded=0x40800000 linTerm=1.66667e-05
spd=1409.907 ctrl=(1820318.7500,0.0000,2509474.0000) accum=(59247.4922,-0.0055,-55702.7070) cMag=49222.9 fMag=136037 ld0=7.12632e+06 m78=4.31809e+06 frac=0.394065 grounded=0x40800000 linTerm=1.66667e-05
spd=1443.381 ctrl=(1932784.0000,0.0000,2433527.0000) accum=(59758.0117,-0.0046,-59243.2344) cMag=50064.9 fMag=139321 ld0=7.32994e+06 m78=4.3556e+06 frac=0.40578 grounded=0x40800000 linTerm=1.66667e-05
spd=1475.932 ctrl=(2043921.8750,0.0000,2350174.2500) accum=(60017.1445,-0.0038,-62967.3750) cMag=50906.9 fMag=142574 ld0=7.53139e+06 m78=4.38986e+06 frac=0.417125 grounded=0x40800000 linTerm=1.66667e-05
spd=1507.522 ctrl=(2152015.7500,0.0000,2260673.0000) accum=(59856.2539,-0.0032,-66749.9609) cMag=51701.7 fMag=145605 ld0=7.71843e+06 m78=4.42017e+06 frac=0.427323 grounded=0x40800000 linTerm=1.66667e-05
spd=1538.160 ctrl=(2256037.7500,0.0000,2166053.0000) accum=(59214.6875,-0.0027,-70497.0078) cMag=52428 fMag=148328 ld0=7.8858e+06 m78=4.44663e+06 frac=0.436122 grounded=0x40800000 linTerm=1.66667e-05
spd=1567.884 ctrl=(2355769.0000,0.0000,2066531.8750) accum=(58147.7383,-0.0022,-74190.9609) cMag=53098.4 fMag=150801 ld0=8.03722e+06 m78=4.47015e+06 frac=0.443819 grounded=0x40800000 linTerm=1.66667e-05
spd=1596.729 ctrl=(2450975.0000,0.0000,1962312.2500) accum=(56700.1641,-0.0019,-77816.4844) cMag=53722.7 fMag=153070 ld0=8.1756e+06 m78=4.49143e+06 frac=0.45063 grounded=0x40800000 linTerm=1.66667e-05
spd=817.049 ctrl=(821005.3125,0.0000,2756337.7500) accum=(40798.0703,-0.0018,-31863.8281) cMag=38493 fMag=84533 ld0=3.92935e+06 m78=2.67333e+06 frac=0.319651 grounded=0x40800000 linTerm=1.66667e-05
spd=856.516 ctrl=(914646.3750,0.0000,2794490.5000) accum=(36395.8984,-0.0009,-33002.5156) cMag=39918.9 fMag=92519.3 ld0=4.41918e+06 m78=3.53422e+06 frac=0.200254 grounded=0x40800000 linTerm=1.66667e-05
spd=896.620 ctrl=(996741.0000,0.0000,2779852.7500) accum=(36625.1953,-0.0007,-34369.0000) cMag=41037.2 fMag=97300.3 ld0=4.70703e+06 m78=3.82506e+06 frac=0.187373 grounded=0x40800000 linTerm=1.66667e-05
spd=936.519 ctrl=(1081825.6250,0.0000,2761442.7500) accum=(37212.6328,-0.0006,-35907.8828) cMag=42331.7 fMag=102610 ld0=5.01031e+06 m78=4.11421e+06 frac=0.178851 grounded=0x40800000 linTerm=1.66667e-05
spd=976.160 ctrl=(1169715.7500,0.0000,2738950.7500) accum=(41042.9492,-0.0005,-38150.8242) cMag=43782.3 fMag=108392 ld0=5.33322e+06 m78=4.18642e+06 frac=0.21503 grounded=0x40800000 linTerm=1.66667e-05
spd=1015.484 ctrl=(1260193.1250,0.0000,2712059.2500) accum=(42155.7852,-0.0004,-39963.9531) cMag=45012.5 fMag=113860 ld0=5.64294e+06 m78=4.43101e+06 frac=0.214769 grounded=0x40800000 linTerm=1.66667e-05
spd=1054.457 ctrl=(1353009.2500,0.0000,2680457.0000) accum=(43516.8359,-0.0004,-41630.6680) cMag=45638.5 fMag=117966 ld0=5.88806e+06 m78=4.55614e+06 frac=0.226206 grounded=0x40800000 linTerm=1.66667e-05
spd=1093.039 ctrl=(1447883.8750,0.0000,2643839.0000) accum=(44494.4102,-0.0003,-43592.9102) cMag=46319 fMag=120496 ld0=6.04044e+06 m78=4.58871e+06 frac=0.240335 grounded=0x40800000 linTerm=1.66667e-05
spd=1131.182 ctrl=(1544502.8750,0.0000,2601909.2500) accum=(45513.7266,-0.0003,-45728.2227) cMag=47023.8 fMag=123149 ld0=6.20309e+06 m78=4.62004e+06 frac=0.255203 grounded=0x40800000 linTerm=1.66667e-05
spd=1168.840 ctrl=(1642520.3750,0.0000,2554387.2500) accum=(46530.9727,-0.0002,-48046.9180) cMag=47755 fMag=125907 ld0=6.37372e+06 m78=4.6499e+06 frac=0.270457 grounded=0x40800000 linTerm=1.66667e-05
spd=1205.967 ctrl=(1741557.7500,0.0000,2501012.5000) accum=(47491.0078,-0.0002,-50547.7539) cMag=48506.7 fMag=128745 ld0=6.55011e+06 m78=4.67866e+06 frac=0.285713 grounded=0x40800000 linTerm=1.66667e-05
spd=1242.516 ctrl=(1841204.7500,0.0000,2441545.0000) accum=(48350.6758,-0.0001,-53228.9062) cMag=49275 fMag=131644 ld0=6.73066e+06 m78=4.7065e+06 frac=0.300737 grounded=0x40800000 linTerm=1.66667e-05
spd=1278.442 ctrl=(1941019.2500,0.0000,2375771.0000) accum=(49074.9062,-0.0001,-56087.0742) cMag=50056.4 fMag=134589 ld0=6.91422e+06 m78=4.73354e+06 frac=0.315391 grounded=0x40800000 linTerm=1.66667e-05
spd=1313.700 ctrl=(2040532.3750,0.0000,2303509.2500) accum=(49633.9219,-0.0001,-59117.7305) cMag=50848.3 fMag=137570 ld0=7.09996e+06 m78=4.75981e+06 frac=0.3296 grounded=0x40800000 linTerm=1.66667e-05
spd=1348.245 ctrl=(2139243.5000,0.0000,2224605.7500) accum=(50001.3945,-0.0001,-62314.9805) cMag=51649 fMag=140577 ld0=7.28723e+06 m78=4.78535e+06 frac=0.343324 grounded=0x40800000 linTerm=1.66667e-05
spd=693.539 ctrl=(729708.1875,0.0000,2329646.7500) accum=(35437.3984,-0.0001,-30945.3516) cMag=37061.2 fMag=77532.9 ld0=3.49295e+06 m78=2.52825e+06 frac=0.276183 grounded=0x40800000 linTerm=1.66667e-05
spd=726.754 ctrl=(820886.7500,0.0000,2422889.5000) accum=(33577.1484,-0.0000,-32236.9199) cMag=38242.7 fMag=83245.1 ld0=3.88401e+06 m78=3.06612e+06 frac=0.210577 grounded=0x40800000 linTerm=1.66667e-05
spd=761.514 ctrl=(921107.1250,0.0000,2517301.0000) accum=(32777.5469,-0.0000,-33317.7188) cMag=39042.3 fMag=86427.3 ld0=4.11591e+06 m78=3.34642e+06 frac=0.186955 grounded=0x40800000 linTerm=1.66667e-05
spd=797.843 ctrl=(1031061.6250,0.0000,2612291.2500) accum=(32325.0879,-0.0000,-34489.6211) cMag=39952.9 fMag=90048.8 ld0=4.36578e+06 m78=3.62676e+06 frac=0.169276 grounded=0x40800000 linTerm=1.66667e-05
spd=835.767 ctrl=(1148362.8750,0.0000,2699892.5000) accum=(32357.6621,-0.0000,-35811.9844) cMag=41035.5 fMag=94275.2 ld0=4.62922e+06 m78=3.89761e+06 frac=0.158041 grounded=0x40800000 linTerm=1.66667e-05
spd=875.200 ctrl=(1227024.7500,0.0000,2678923.7500) accum=(32870.6836,-0.0000,-37358.6680) cMag=42360.7 fMag=99210.3 ld0=4.89928e+06 m78=4.1553e+06 frac=0.151855 grounded=0x40800000 linTerm=1.66667e-05
spd=914.431 ctrl=(1308330.8750,0.0000,2654125.0000) accum=(33887.7227,-0.0000,-39083.7266) cMag=43827.2 fMag=104777 ld0=5.18497e+06 m78=4.40138e+06 frac=0.151128 grounded=0x40800000 linTerm=1.66667e-05
spd=953.413 ctrl=(1392081.5000,0.0000,2625207.2500) accum=(34897.1523,-0.0000,-40968.7891) cMag=45390.1 fMag=110653 ld0=5.48248e+06 m78=4.65804e+06 frac=0.150378 grounded=0x40800000 linTerm=1.66667e-05
spd=992.104 ctrl=(1478046.3750,0.0000,2591877.2500) accum=(35913.8203,-0.0000,-43052.0117) cMag=47090.6 fMag=116885 ld0=5.79318e+06 m78=4.92634e+06 frac=0.149632 grounded=0x40800000 linTerm=1.66667e-05
spd=1030.460 ctrl=(1565965.6250,0.0000,2553848.7500) accum=(39380.8555,-0.0000,-45457.0156) cMag=48032.7 fMag=121830 ld0=6.04364e+06 m78=4.91004e+06 frac=0.187569 grounded=0x40800000 linTerm=1.66667e-05
spd=1068.440 ctrl=(1655550.1250,0.0000,2510845.0000) accum=(40342.8555,-0.0000,-47340.9023) cMag=48751.1 fMag=125343 ld0=6.23841e+06 m78=4.99476e+06 frac=0.199354 grounded=0x40800000 linTerm=1.66667e-05
spd=1106.013 ctrl=(1746482.3750,0.0000,2462603.5000) accum=(41261.2109,-0.0000,-49479.4180) cMag=49483.9 fMag=127971 ld0=6.39264e+06 m78=5.01889e+06 frac=0.214896 grounded=0x40800000 linTerm=1.66667e-05
spd=1143.134 ctrl=(1838413.8750,0.0000,2408875.0000) accum=(42229.4414,-0.0000,-51813.5352) cMag=50238.6 fMag=130708 ld0=6.559e+06 m78=5.04044e+06 frac=0.231523 grounded=0x40800000 linTerm=1.66667e-05
spd=1179.760 ctrl=(1930966.8750,0.0000,2349431.2500) accum=(43146.6562,-0.0000,-54327.1406) cMag=51010 fMag=133527 ld0=6.73306e+06 m78=5.06138e+06 frac=0.24828 grounded=0x40800000 linTerm=1.66667e-05
spd=1215.847 ctrl=(2023736.1250,0.0000,2284067.0000) accum=(43953.1797,-0.0000,-57010.8867) cMag=51794.3 fMag=136409 ld0=6.91223e+06 m78=5.08234e+06 frac=0.264732 grounded=0x40800000 linTerm=1.66667e-05
spd=1251.353 ctrl=(2116286.2500,0.0000,2212602.2500) accum=(44609.1719,-0.0000,-59857.9531) cMag=52588.9 fMag=139337 ld0=7.09486e+06 m78=5.10348e+06 frac=0.28068 grounded=0x40800000 linTerm=1.66667e-05
spd=645.025 ctrl=(712437.0000,0.0000,2155816.2500) accum=(35982.3516,-0.0000,-31111.6172) cMag=37721.5 fMag=77333.8 ld0=3.42933e+06 m78=2.47513e+06 frac=0.278245 grounded=0x40800000 linTerm=1.66667e-05
spd=675.323 ctrl=(785315.1875,0.0000,2214226.2500) accum=(33673.6719,-0.0000,-32429.8105) cMag=38779.2 fMag=82169.2 ld0=3.7824e+06 m78=2.98835e+06 frac=0.209932 grounded=0x40800000 linTerm=1.66667e-05
spd=706.654 ctrl=(838600.8125,0.0000,2205328.5000) accum=(32120.8086,-0.0000,-33415.6875) cMag=39363.6 fMag=84489.3 ld0=4.00281e+06 m78=3.28654e+06 frac=0.178942 grounded=0x40800000 linTerm=1.66667e-05
spd=737.958 ctrl=(893831.6250,0.0000,2194325.2500) accum=(31342.4004,-0.0000,-34426.4727) cMag=40055.2 fMag=87410.9 ld0=4.24424e+06 m78=3.56603e+06 frac=0.159796 grounded=0x40800000 linTerm=1.66667e-05
spd=769.182 ctrl=(950940.7500,0.0000,2181076.7500) accum=(31250.2207,-0.0000,-35605.0703) cMag=41008 fMag=91048.4 ld0=4.48123e+06 m78=3.81449e+06 frac=0.148785 grounded=0x40800000 linTerm=1.66667e-05
spd=800.287 ctrl=(1009841.0000,0.0000,2165421.7500) accum=(31630.7148,-0.0000,-36952.9648) cMag=42160.8 fMag=95257 ld0=4.71574e+06 m78=4.04059e+06 frac=0.14317 grounded=0x40800000 linTerm=1.66667e-05
spd=831.240 ctrl=(1070428.3750,0.0000,2147191.2500) accum=(32393.1836,-0.0000,-38480.2031) cMag=43488.4 fMag=99978.2 ld0=4.94921e+06 m78=4.24846e+06 frac=0.14159 grounded=0x40800000 linTerm=1.66667e-05
spd=862.012 ctrl=(1132582.3750,0.0000,2126211.2500) accum=(33510.4531,-0.0000,-40206.0938) cMag=44985.1 fMag=105201 ld0=5.18354e+06 m78=4.44043e+06 frac=0.143361 grounded=0x40800000 linTerm=1.66667e-05
spd=892.576 ctrl=(1196167.3750,0.0000,2102311.2500) accum=(34749.3203,-0.0000,-41998.1172) cMag=46427.6 fMag=110578 ld0=5.44133e+06 m78=4.63905e+06 frac=0.147443 grounded=0x40800000 linTerm=1.66667e-05
spd=922.909 ctrl=(1261033.8750,0.0000,2075324.6250) accum=(35545.6992,-0.0000,-43906.1055) cMag=47928.7 fMag=115903 ld0=5.69937e+06 m78=4.85963e+06 frac=0.147339 grounded=0x40800000 linTerm=1.66667e-05
spd=952.986 ctrl=(1327016.5000,0.0000,2045089.0000) accum=(36358.5078,-0.0000,-45959.4609) cMag=49499.6 fMag=121443 ld0=5.97226e+06 m78=5.08927e+06 frac=0.147849 grounded=0x40800000 linTerm=1.66667e-05
spd=982.781 ctrl=(1393934.8750,0.0000,2011448.3750) accum=(40112.5039,-0.0000,-49000.0742) cMag=51134.3 fMag=127177 ld0=6.26935e+06 m78=5.11212e+06 frac=0.184586 grounded=0x40800000 linTerm=1.66667e-05
spd=1012.257 ctrl=(1461592.3750,0.0000,1974255.3750) accum=(41145.3672,-0.0000,-51271.1445) cMag=52427.2 fMag=132316 ld0=6.55429e+06 m78=5.30208e+06 frac=0.191051 grounded=0x40800000 linTerm=1.66667e-05
spd=1041.405 ctrl=(1529779.7500,0.0000,1933373.1250) accum=(42354.3125,-0.0000,-53344.7773) cMag=53086.8 fMag=136412 ld0=6.80155e+06 m78=5.40746e+06 frac=0.204967 grounded=0x40800000 linTerm=1.66667e-05
spd=1070.205 ctrl=(1598273.6250,0.0000,1888674.7500) accum=(43420.4805,-0.0000,-55705.0664) cMag=53831 fMag=139440 ld0=6.98662e+06 m78=5.43919e+06 frac=0.221485 grounded=0x40800000 linTerm=1.66667e-05
spd=1098.630 ctrl=(1666833.8750,0.0000,1840044.0000) accum=(44040.4766,-0.0000,-58109.4258) cMag=54531.8 fMag=141850 ld0=7.13458e+06 m78=5.44815e+06 frac=0.236374 grounded=0x40800000 linTerm=1.66667e-05
spd=1126.655 ctrl=(1735206.1250,0.0000,1787377.5000) accum=(44507.3477,-0.0000,-60624.1602) cMag=55233.4 fMag=144289 ld0=7.28524e+06 m78=5.45936e+06 frac=0.250627 grounded=0x40800000 linTerm=1.66667e-05
spd=1154.256 ctrl=(1803124.0000,0.0000,1730587.8750) accum=(44803.2812,-0.0000,-63243.4844) cMag=55935.3 fMag=146747 ld0=7.43757e+06 m78=5.47248e+06 frac=0.264212 grounded=0x40800000 linTerm=1.66667e-05
spd=1181.409 ctrl=(1870306.6250,0.0000,1669603.6250) accum=(44915.5195,-0.0000,-65962.0391) cMag=56637.4 fMag=149220 ld0=7.59092e+06 m78=5.48709e+06 frac=0.277151 grounded=0x40800000 linTerm=1.66667e-05
spd=605.758 ctrl=(696877.3125,0.0000,2015175.1250) accum=(37736.9805,-0.0000,-31342.3594) cMag=39031.3 fMag=78284 ld0=3.39789e+06 m78=2.42682e+06 frac=0.285786 grounded=0x40800000 linTerm=1.66667e-05
spd=633.434 ctrl=(771677.1875,0.0000,2091894.2500) accum=(34932.0117,-0.0000,-32718.8574) cMag=39910.4 fMag=82403.6 ld0=3.71699e+06 m78=2.92218e+06 frac=0.213831 grounded=0x40800000 linTerm=1.66667e-05
spd=662.439 ctrl=(853398.8125,0.0000,2170007.7500) accum=(32736.1113,-0.0000,-33704.5078) cMag=40335.3 fMag=84116.5 ld0=3.93494e+06 m78=3.24291e+06 frac=0.175867 grounded=0x40800000 linTerm=1.66667e-05
spd=692.769 ctrl=(910167.8125,0.0000,2171824.5000) accum=(31383.8848,-0.0000,-34689.6523) cMag=40889.9 fMag=86463.1 ld0=4.17988e+06 m78=3.54888e+06 frac=0.150962 grounded=0x40800000 linTerm=1.66667e-05
spd=723.248 ctrl=(963873.6250,0.0000,2159136.2500) accum=(30870.2266,-0.0000,-35825.8555) cMag=41752.2 fMag=89627.2 ld0=4.41847e+06 m78=3.81734e+06 frac=0.13605 grounded=0x40800000 linTerm=1.66667e-05
spd=753.638 ctrl=(1019341.3750,0.0000,2144252.7500) accum=(30866.2715,-0.0000,-37106.6094) cMag=42825 fMag=93385.3 ld0=4.65465e+06 m78=4.06271e+06 frac=0.127172 grounded=0x40800000 linTerm=1.66667e-05
spd=783.904 ctrl=(1076481.7500,0.0000,2127018.0000) accum=(31204.5156,-0.0000,-38530.9102) cMag=44059.1 fMag=97617.5 ld0=4.89057e+06 m78=4.29259e+06 frac=0.122272 grounded=0x40800000 linTerm=1.66667e-05
spd=814.018 ctrl=(1135189.2500,0.0000,2107268.7500) accum=(31818.9746,-0.0000,-40106.9453) cMag=45435.2 fMag=102276 ld0=5.12664e+06 m78=4.50928e+06 frac=0.120421 grounded=0x40800000 linTerm=1.66667e-05
spd=843.957 ctrl=(1195344.3750,0.0000,2084841.1250) accum=(32697.2285,-0.0000,-41851.7109) cMag=46950.6 fMag=107357 ld0=5.36257e+06 m78=4.71245e+06 frac=0.121232 grounded=0x40800000 linTerm=1.66667e-05
spd=873.696 ctrl=(1256813.5000,0.0000,2059573.1250) accum=(33854.5156,-0.0000,-43789.5430) cMag=48612 fMag=112878 ld0=5.59848e+06 m78=4.90117e+06 frac=0.124555 grounded=0x40800000 linTerm=1.66667e-05
spd=903.213 ctrl=(1319448.0000,0.0000,2031306.5000) accum=(35290.9102,-0.0000,-45931.4219) cMag=50404.5 fMag=118829 ld0=5.83978e+06 m78=5.07929e+06 frac=0.130227 grounded=0x40800000 linTerm=1.66667e-05
spd=932.483 ctrl=(1383087.6250,0.0000,1999890.5000) accum=(36379.1250,-0.0000,-48041.9102) cMag=52010.3 fMag=124533 ld0=6.11042e+06 m78=5.28904e+06 frac=0.134424 grounded=0x40800000 linTerm=1.66667e-05
spd=961.488 ctrl=(1442713.5000,0.0000,1968739.2500) accum=(37052.5195,-0.0000,-50103.9531) cMag=53503.2 fMag=129803 ld0=6.36126e+06 m78=5.49443e+06 frac=0.136267 grounded=0x40800000 linTerm=1.66667e-05
spd=990.262 ctrl=(1503173.0000,0.0000,1934476.8750) accum=(40518.0977,-0.0000,-53139.6484) cMag=55047 fMag=135224 ld0=6.63405e+06 m78=5.50094e+06 frac=0.170803 grounded=0x40800000 linTerm=1.66667e-05
spd=1018.771 ctrl=(1564291.0000,0.0000,1896973.6250) accum=(41150.6523,-0.0000,-55041.9102) cMag=55844.3 fMag=139423 ld0=6.86847e+06 m78=5.64478e+06 frac=0.178161 grounded=0x40800000 linTerm=1.66667e-05
spd=1047.011 ctrl=(1625883.2500,0.0000,1856110.8750) accum=(42165.5547,-0.0000,-56991.3516) cMag=56319.4 fMag=143123 ld0=7.09698e+06 m78=5.73177e+06 frac=0.192365 grounded=0x40800000 linTerm=1.66667e-05
spd=1074.959 ctrl=(1687750.2500,0.0000,1811776.3750) accum=(43041.5938,-0.0000,-59220.5938) cMag=56882.1 fMag=145504 ld0=7.24828e+06 m78=5.72906e+06 frac=0.209598 grounded=0x40800000 linTerm=1.66667e-05
spd=1102.588 ctrl=(1749679.7500,0.0000,1763866.8750) accum=(43545.4023,-0.0000,-61472.8086) cMag=57391.6 fMag=147489 ld0=7.37709e+06 m78=5.71568e+06 frac=0.225213 grounded=0x40800000 linTerm=1.66667e-05
spd=1129.876 ctrl=(1811447.6250,0.0000,1712292.1250) accum=(43901.2969,-0.0000,-63825.5078) cMag=57900.7 fMag=149504 ld0=7.50885e+06 m78=5.705e+06 frac=0.24023 grounded=0x40800000 linTerm=1.66667e-05
spd=1156.799 ctrl=(1872816.8750,0.0000,1656972.7500) accum=(44091.0234,-0.0000,-66272.2734) cMag=58409.1 fMag=151540 ld0=7.64239e+06 m78=5.69667e+06 frac=0.254596 grounded=0x40800000 linTerm=1.66667e-05
spd=1183.332 ctrl=(1933539.2500,0.0000,1597844.1250) accum=(44102.7734,-0.0000,-68807.6250) cMag=58916.6 fMag=153590 ld0=7.77701e+06 m78=5.69024e+06 frac=0.268325 grounded=0x40800000 linTerm=1.66667e-05
spd=606.401 ctrl=(660956.3125,0.0000,2029622.7500) accum=(43542.5703,-0.0000,-30794.0547) cMag=40642.8 fMag=81362.9 ld0=3.51972e+06 m78=2.3074e+06 frac=0.344437 grounded=0x40800000 linTerm=1.66667e-05
spd=633.551 ctrl=(728607.2500,0.0000,2107719.7500) accum=(37560.0195,-0.0000,-32155.1562) cMag=41276.3 fMag=85125.5 ld0=3.82021e+06 m78=3.00574e+06 frac=0.213202 grounded=0x40800000 linTerm=1.66667e-05
spd=662.071 ctrl=(802711.8750,0.0000,2187884.2500) accum=(35174.0820,-0.0000,-33235.2070) cMag=41626 fMag=86536.3 ld0=4.01699e+06 m78=3.31478e+06 frac=0.174809 grounded=0x40800000 linTerm=1.66667e-05
spd=691.935 ctrl=(854303.3125,0.0000,2194062.5000) accum=(33560.9336,-0.0000,-34207.8516) cMag=42009.6 fMag=88460.3 ld0=4.25247e+06 m78=3.61882e+06 frac=0.149007 grounded=0x40800000 linTerm=1.66667e-05
spd=722.019 ctrl=(902799.9375,0.0000,2184879.5000) accum=(32884.7539,-0.0000,-35280.9414) cMag=42720 fMag=91255.4 ld0=4.48016e+06 m78=3.88082e+06 frac=0.133776 grounded=0x40800000 linTerm=1.66667e-05
spd=752.068 ctrl=(953159.0625,0.0000,2173849.5000) accum=(32768.2031,-0.0000,-36462.3477) cMag=43644.3 fMag=94660.9 ld0=4.70417e+06 m78=4.11694e+06 frac=0.124831 grounded=0x40800000 linTerm=1.66667e-05
spd=782.046 ctrl=(1005316.8750,0.0000,2160827.5000) accum=(33018.2539,-0.0000,-37756.8672) cMag=44724.5 fMag=98536.2 ld0=4.92709e+06 m78=4.33612e+06 frac=0.119944 grounded=0x40800000 linTerm=1.66667e-05
spd=811.926 ctrl=(1059193.7500,0.0000,2145657.0000) accum=(33558.1250,-0.0000,-39174.1250) cMag=45937.3 fMag=102824 ld0=5.14946e+06 m78=4.54121e+06 frac=0.118119 grounded=0x40800000 linTerm=1.66667e-05
spd=841.686 ctrl=(1114698.2500,0.0000,2128179.2500) accum=(34372.6289,-0.0000,-40730.6602) cMag=47278.6 fMag=107517 ld0=5.37095e+06 m78=4.73199e+06 frac=0.118965 grounded=0x40800000 linTerm=1.66667e-05
spd=871.301 ctrl=(1171725.0000,0.0000,2108235.0000) accum=(35478.8750,-0.0000,-42449.6328) cMag=48754.9 fMag=112631 ld0=5.5914e+06 m78=4.90727e+06 frac=0.122355 grounded=0x40800000 linTerm=1.66667e-05
spd=900.751 ctrl=(1230157.3750,0.0000,2085668.0000) accum=(36907.6406,-0.0000,-44359.8789) cMag=50378.1 fMag=118202 ld0=5.81301e+06 m78=5.0676e+06 frac=0.128231 grounded=0x40800000 linTerm=1.66667e-05
spd=930.010 ctrl=(1289866.6250,0.0000,2060325.6250) accum=(38171.3906,-0.0000,-46255.0391) cMag=51824.6 fMag=123631 ld0=6.06524e+06 m78=5.25182e+06 frac=0.134113 grounded=0x40800000 linTerm=1.66667e-05
spd=959.060 ctrl=(1350711.1250,0.0000,2032060.3750) accum=(38968.5234,-0.0000,-48269.7422) cMag=53323.2 fMag=128975 ld0=6.3188e+06 m78=5.45978e+06 frac=0.135945 grounded=0x40800000 linTerm=1.66667e-05
spd=987.878 ctrl=(1412537.1250,0.0000,2000729.8750) accum=(42581.8477,-0.0000,-51127.8281) cMag=54870 fMag=134462 ld0=6.59257e+06 m78=5.46842e+06 frac=0.170518 grounded=0x40800000 linTerm=1.66667e-05
spd=1016.430 ctrl=(1475174.6250,0.0000,1966195.8750) accum=(43265.9180,-0.0000,-53028.4219) cMag=55759.3 fMag=138856 ld0=6.83433e+06 m78=5.62735e+06 frac=0.176606 grounded=0x40800000 linTerm=1.66667e-05
spd=1044.712 ctrl=(1538447.5000,0.0000,1928333.8750) accum=(44351.5625,-0.0000,-54906.3672) cMag=56240.1 fMag=142600 ld0=7.06391e+06 m78=5.71842e+06 frac=0.190474 grounded=0x40800000 linTerm=1.66667e-05
spd=1072.701 ctrl=(1602161.7500,0.0000,1887021.6250) accum=(45393.3281,-0.0000,-57084.4961) cMag=56808.5 fMag=145174 ld0=7.22702e+06 m78=5.7256e+06 frac=0.20775 grounded=0x40800000 linTerm=1.66667e-05
spd=1100.371 ctrl=(1666111.7500,0.0000,1842147.8750) accum=(46028.0781,-0.0000,-59306.0469) cMag=57324.1 fMag=147190 ld0=7.35764e+06 m78=5.71315e+06 frac=0.223508 grounded=0x40800000 linTerm=1.66667e-05
spd=1127.701 ctrl=(1730077.2500,0.0000,1793610.0000) accum=(46518.0117,-0.0000,-61635.2500) cMag=57838.1 fMag=149229 ld0=7.49094e+06 m78=5.70312e+06 frac=0.238664 grounded=0x40800000 linTerm=1.66667e-05
spd=1154.665 ctrl=(1793826.8750,0.0000,1741319.5000) accum=(46843.9453,-0.0000,-64066.1211) cMag=58350.5 fMag=151285 ld0=7.62576e+06 m78=5.69526e+06 frac=0.253155 grounded=0x40800000 linTerm=1.66667e-05
spd=1181.240 ctrl=(2251414.0000,0.0000,2042996.2500) accum=(46993.8945,-0.0000,-66593.6094) cMag=58861.4 fMag=153352 ld0=7.76144e+06 m78=5.68918e+06 frac=0.266995 grounded=0x40800000 linTerm=1.66667e-05
spd=1214.563 ctrl=(2328471.7500,0.0000,1970445.8750) accum=(45771.8281,-0.0000,-68721.2422) cMag=59117.6 fMag=154315 ld0=7.82427e+06 m78=5.68162e+06 frac=0.273847 grounded=0x40800000 linTerm=1.66667e-05
spd=1247.539 ctrl=(2404726.0000,0.0000,1892525.0000) accum=(44725.2422,-0.0000,-71025.8828) cMag=59435.1 fMag=155552 ld0=7.90567e+06 m78=5.67199e+06 frac=0.282541 grounded=0x40800000 linTerm=1.66667e-05
spd=1280.105 ctrl=(2479779.2500,0.0000,1809140.8750) accum=(43749.3984,-0.0000,-73502.0156) cMag=59813.2 fMag=157068 ld0=8.00521e+06 m78=5.66564e+06 frac=0.292256 grounded=0x40800000 linTerm=1.66667e-05
spd=658.118 ctrl=(550199.3125,0.0000,2250289.5000) accum=(48536.8672,-0.0000,-28022.6113) cMag=42934.3 fMag=88016.5 ld0=3.89024e+06 m78=2.6289e+06 frac=0.324232 grounded=0x40800000 linTerm=1.66667e-05
spd=687.437 ctrl=(603459.1875,0.0000,2274558.0000) accum=(42436.1055,-0.0000,-29976.3984) cMag=43429 fMag=92156.5 ld0=4.1923e+06 m78=3.34692e+06 frac=0.201652 grounded=0x40800000 linTerm=1.66667e-05
spd=717.281 ctrl=(652333.5000,0.0000,2270930.7500) accum=(40979.0781,-0.0000,-31327.9590) cMag=43998.7 fMag=94402.8 ld0=4.39406e+06 m78=3.62464e+06 frac=0.175104 grounded=0x40800000 linTerm=1.66667e-05
spd=747.166 ctrl=(703239.9375,0.0000,2265644.7500) accum=(39769.9219,-0.0000,-32620.0723) cMag=44610.9 fMag=96919.9 ld0=4.62112e+06 m78=3.91327e+06 frac=0.153178 grounded=0x40800000 linTerm=1.66667e-05
spd=777.030 ctrl=(756144.4375,0.0000,2258587.0000) accum=(39311.1016,-0.0000,-33882.5781) cMag=45400.4 fMag=100092 ld0=4.85686e+06 m78=4.17593e+06 frac=0.1402 grounded=0x40800000 linTerm=1.66667e-05
spd=806.830 ctrl=(810994.7500,0.0000,2249613.2500) accum=(39461.8398,-0.0000,-35219.4023) cMag=46420 fMag=103905 ld0=5.08747e+06 m78=4.40925e+06 frac=0.133312 grounded=0x40800000 linTerm=1.66667e-05
spd=836.532 ctrl=(867722.0625,0.0000,2238562.2500) accum=(40066.0352,-0.0000,-36657.8086) cMag=47622.1 fMag=108247 ld0=5.31473e+06 m78=4.62001e+06 frac=0.130716 grounded=0x40800000 linTerm=1.66667e-05
spd=866.108 ctrl=(926243.9375,0.0000,2225267.0000) accum=(41064.3945,-0.0000,-38220.8906) cMag=48988.8 fMag=113078 ld0=5.54037e+06 m78=4.81163e+06 frac=0.131533 grounded=0x40800000 linTerm=1.66667e-05
spd=895.531 ctrl=(986464.3750,0.0000,2209558.5000) accum=(42304.8008,-0.0000,-39859.0742) cMag=50383.9 fMag=118190 ld0=5.77924e+06 m78=4.99884e+06 frac=0.135035 grounded=0x40800000 linTerm=1.66667e-05
spd=924.778 ctrl=(1048275.1875,0.0000,2191270.2500) accum=(43322.2812,-0.0000,-41595.4570) cMag=51757 fMag=123271 ld0=6.02796e+06 m78=5.20178e+06 frac=0.137059 grounded=0x40800000 linTerm=1.66667e-05
spd=953.826 ctrl=(1111554.1250,0.0000,2170237.7500) accum=(44218.0938,-0.0000,-43483.9336) cMag=53209.4 fMag=128475 ld0=6.2819e+06 m78=5.41488e+06 frac=0.138019 grounded=0x40800000 linTerm=1.66667e-05
spd=982.653 ctrl=(1176166.0000,0.0000,2146300.0000) accum=(48072.2070,-0.0000,-45890.7617) cMag=54715.9 fMag=133855 ld0=6.55551e+06 m78=5.4247e+06 frac=0.172496 grounded=0x40800000 linTerm=1.66667e-05
spd=1011.222 ctrl=(1241959.7500,0.0000,2119299.2500) accum=(48967.8984,-0.0000,-47815.0195) cMag=55771 fMag=138484 ld0=6.81036e+06 m78=5.60254e+06 frac=0.177351 grounded=0x40800000 linTerm=1.66667e-05
spd=1039.527 ctrl=(1308775.0000,0.0000,2089089.6250) accum=(50151.5703,-0.0000,-49528.3281) cMag=56228.6 fMag=142152 ld0=7.03517e+06 m78=5.69536e+06 frac=0.190444 grounded=0x40800000 linTerm=1.66667e-05
spd=1067.548 ctrl=(1376436.3750,0.0000,2055527.6250) accum=(51460.0781,-0.0000,-51538.8125) cMag=56778.8 fMag=145023 ld0=7.21729e+06 m78=5.7221e+06 frac=0.207168 grounded=0x40800000 linTerm=1.66667e-05
spd=1095.258 ctrl=(1444752.5000,0.0000,2018477.2500) accum=(52288.7500,-0.0000,-53649.7773) cMag=57281.8 fMag=146990 ld0=7.34467e+06 m78=5.71006e+06 frac=0.222558 grounded=0x40800000 linTerm=1.66667e-05
spd=1122.634 ctrl=(1513519.3750,0.0000,1977811.3750) accum=(52999.6680,-0.0000,-55883.6250) cMag=57785.9 fMag=148991 ld0=7.4754e+06 m78=5.70043e+06 frac=0.237441 grounded=0x40800000 linTerm=1.66667e-05
spd=1149.652 ctrl=(1582518.6250,0.0000,1933413.5000) accum=(53570.9688,-0.0000,-58236.9141) cMag=58290.3 fMag=151017 ld0=7.60821e+06 m78=5.69294e+06 frac=0.251737 grounded=0x40800000 linTerm=1.66667e-05
spd=1176.287 ctrl=(1651518.1250,0.0000,1885178.8750) accum=(53988.1133,-0.0000,-60706.2227) cMag=58794.8 fMag=153060 ld0=7.74231e+06 m78=5.6872e+06 frac=0.265439 grounded=0x40800000 linTerm=1.66667e-05
spd=1202.517 ctrl=(1720274.1250,0.0000,1833016.2500) accum=(54239.7070,-0.0000,-63287.5859) cMag=59299.1 fMag=155114 ld0=7.87713e+06 m78=5.6828e+06 frac=0.27857 grounded=0x40800000 linTerm=1.66667e-05
spd=1228.318 ctrl=(1788529.2500,0.0000,1776848.0000) accum=(54315.8047,-0.0000,-65976.1406) cMag=59802.9 fMag=157175 ld0=8.01231e+06 m78=5.67942e+06 frac=0.291163 grounded=0x40800000 linTerm=1.66667e-05
spd=1253.667 ctrl=(1856015.7500,0.0000,1716613.1250) accum=(54206.9688,-0.0000,-68766.1953) cMag=60306.1 fMag=159240 ld0=8.14754e+06 m78=5.67676e+06 frac=0.303254 grounded=0x40800000 linTerm=1.66667e-05
spd=1278.541 ctrl=(1922455.1250,0.0000,1652267.7500) accum=(53904.0859,-0.0000,-71651.0234) cMag=60808.6 fMag=161306 ld0=8.28261e+06 m78=5.67461e+06 frac=0.314876 grounded=0x40800000 linTerm=1.66667e-05
spd=1302.920 ctrl=(1987560.1250,0.0000,1583786.6250) accum=(53398.1992,-0.0000,-74622.7734) cMag=61310.1 fMag=163369 ld0=8.41735e+06 m78=5.67278e+06 frac=0.326061 grounded=0x40800000 linTerm=1.66667e-05
spd=1326.781 ctrl=(2051035.1250,0.0000,1511163.3750) accum=(52680.4922,-0.0000,-77672.5781) cMag=61810.5 fMag=165429 ld0=8.55164e+06 m78=5.67113e+06 frac=0.336836 grounded=0x40800000 linTerm=1.66667e-05
spd=1350.105 ctrl=(2112579.2500,0.0000,1434414.1250) accum=(51742.2695,-0.0000,-80790.5547) cMag=62309.7 fMag=167483 ld0=8.68534e+06 m78=5.66955e+06 frac=0.347228 grounded=0x40800000 linTerm=1.66667e-05
spd=1372.873 ctrl=(2171886.2500,0.0000,1353575.1250) accum=(50575.2734,-0.0000,-83965.5234) cMag=62807.5 fMag=169531 ld0=8.81839e+06 m78=5.66795e+06 frac=0.357258 grounded=0x40800000 linTerm=1.66667e-05
spd=1395.066 ctrl=(2228646.5000,0.0000,1268706.3750) accum=(49171.5000,-0.0000,-87185.2578) cMag=63303.5 fMag=171569 ld0=8.95067e+06 m78=5.66626e+06 frac=0.366945 grounded=0x40800000 linTerm=1.66667e-05
spd=1416.667 ctrl=(2282551.0000,0.0000,1179891.0000) accum=(47523.4570,-0.0000,-90436.5234) cMag=63797.8 fMag=173598 ld0=9.08212e+06 m78=5.66445e+06 frac=0.376308 grounded=0x40800000 linTerm=1.66667e-05
spd=1437.659 ctrl=(2333291.2500,0.0000,1087236.3750) accum=(45624.3398,-0.0000,-93704.9062) cMag=64289.8 fMag=175616 ld0=9.21266e+06 m78=5.66246e+06 frac=0.385361 grounded=0x40800000 linTerm=1.66667e-05
spd=1458.027 ctrl=(2380561.7500,0.0000,990873.2500) accum=(43468.0352,-0.0000,-96974.9219) cMag=64779.5 fMag=177621 ld0=9.34222e+06 m78=5.66029e+06 frac=0.394118 grounded=0x40800000 linTerm=1.66667e-05
spd=742.428 ctrl=(147746.2656,0.0000,2366065.7500) accum=(58634.2969,-0.0000,-19474.1992) cMag=47606.3 fMag=100540 ld0=4.57893e+06 m78=3.19415e+06 frac=0.302423 grounded=0x40800000 linTerm=1.66667e-05
spd=771.853 ctrl=(200426.5781,0.0000,2371740.2500) accum=(54880.6055,-0.0000,-21585.3047) cMag=47097.8 fMag=103998 ld0=4.81128e+06 m78=3.66475e+06 frac=0.238301 grounded=0x40800000 linTerm=1.66667e-05
spd=801.349 ctrl=(255420.4375,0.0000,2375965.7500) accum=(51379.5703,-0.0000,-23885.1641) cMag=47752.7 fMag=107055 ld0=5.02103e+06 m78=4.14171e+06 frac=0.175127 grounded=0x40800000 linTerm=1.66667e-05
spd=830.838 ctrl=(312708.2500,0.0000,2378619.5000) accum=(51329.9414,-0.0000,-25381.1406) cMag=48616.3 fMag=110613 ld0=5.25095e+06 m78=4.39366e+06 frac=0.163263 grounded=0x40800000 linTerm=1.66667e-05
spd=860.255 ctrl=(372256.0938,0.0000,2379544.5000) accum=(51642.0195,-0.0000,-26866.8105) cMag=49630.2 fMag=114591 ld0=5.48993e+06 m78=4.63845e+06 frac=0.155098 grounded=0x40800000 linTerm=1.66667e-05
spd=889.560 ctrl=(434016.5938,0.0000,2378567.2500) accum=(52242.2188,-0.0000,-28381.4062) cMag=50769.6 fMag=118927 ld0=5.73439e+06 m78=4.87529e+06 frac=0.149815 grounded=0x40800000 linTerm=1.66667e-05
spd=918.721 ctrl=(497928.3750,0.0000,2375503.5000) accum=(53062.4023,-0.0000,-29955.9668) cMag=52014.3 fMag=123569 ld0=5.98558e+06 m78=5.10766e+06 frac=0.146672 grounded=0x40800000 linTerm=1.66667e-05
spd=947.708 ctrl=(563915.8125,0.0000,2370166.0000) accum=(54041.2227,-0.0000,-31615.2598) cMag=53348.1 fMag=128474 ld0=6.24782e+06 m78=5.34166e+06 frac=0.145036 grounded=0x40800000 linTerm=1.66667e-05
spd=976.494 ctrl=(631889.3750,0.0000,2362366.0000) accum=(58309.0234,-0.0000,-33026.3359) cMag=54758.4 fMag=133605 ld0=6.52675e+06 m78=5.35069e+06 frac=0.180191 grounded=0x40800000 linTerm=1.66667e-05
spd=1005.040 ctrl=(701742.7500,0.0000,2351912.5000) accum=(59651.6289,-0.0000,-34799.0781) cMag=55934.8 fMag=138377 ld0=6.79776e+06 m78=5.54676e+06 frac=0.18403 grounded=0x40800000 linTerm=1.66667e-05
spd=1033.334 ctrl=(773357.7500,0.0000,2338624.0000) accum=(61016.9453,-0.0000,-36199.8828) cMag=56339.3 fMag=141887 ld0=7.01679e+06 m78=5.64302e+06 frac=0.195783 grounded=0x40800000 linTerm=1.66667e-05
spd=1061.360 ctrl=(846600.8750,0.0000,2322318.0000) accum=(62635.1133,-0.0000,-37802.2773) cMag=56827.2 fMag=145073 ld0=7.22054e+06 m78=5.7004e+06 frac=0.210531 grounded=0x40800000 linTerm=1.66667e-05
spd=1089.090 ctrl=(921322.1250,0.0000,2302816.5000) accum=(63829.0195,-0.0000,-39662.4727) cMag=57314.7 fMag=146961 ld0=7.34299e+06 m78=5.69027e+06 frac=0.225075 grounded=0x40800000 linTerm=1.66667e-05
spd=1116.497 ctrl=(997355.9375,0.0000,2279944.7500) accum=(64902.1445,-0.0000,-41654.6680) cMag=57790.3 fMag=148873 ld0=7.46802e+06 m78=5.68412e+06 frac=0.238872 grounded=0x40800000 linTerm=1.66667e-05
spd=1143.559 ctrl=(1074521.1250,0.0000,2253537.2500) accum=(65898.8047,-0.0000,-43789.0234) cMag=58271.9 fMag=150829 ld0=7.59624e+06 m78=5.67957e+06 frac=0.252319 grounded=0x40800000 linTerm=1.66667e-05
spd=1170.249 ctrl=(1152620.2500,0.0000,2223435.7500) accum=(66799.3906,-0.0000,-46067.4961) cMag=58758.1 fMag=152816 ld0=7.72665e+06 m78=5.67625e+06 frac=0.265367 grounded=0x40800000 linTerm=1.66667e-05
spd=1196.544 ctrl=(1231440.6250,0.0000,2189491.7500) accum=(67587.4844,-0.0000,-48490.2539) cMag=59247.7 fMag=154826 ld0=7.85854e+06 m78=5.67386e+06 frac=0.278 grounded=0x40800000 linTerm=1.66667e-05
spd=1222.419 ctrl=(1310753.1250,0.0000,2151566.2500) accum=(68248.3906,-0.0000,-51056.3086) cMag=59739.7 fMag=156852 ld0=7.99137e+06 m78=5.67213e+06 frac=0.290218 grounded=0x40800000 linTerm=1.66667e-05
spd=1247.851 ctrl=(1390316.1250,0.0000,2109536.0000) accum=(68768.5703,-0.0000,-53763.0078) cMag=60233.4 fMag=158889 ld0=8.12474e+06 m78=5.67083e+06 frac=0.30203 grounded=0x40800000 linTerm=1.66667e-05
spd=1272.817 ctrl=(1469871.5000,0.0000,2063289.5000) accum=(69134.9688,-0.0000,-56606.8398) cMag=60728.1 fMag=160932 ld0=8.25834e+06 m78=5.66979e+06 frac=0.313446 grounded=0x40800000 linTerm=1.66667e-05
spd=1297.295 ctrl=(1549149.1250,0.0000,2012731.8750) accum=(69335.0469,-0.0000,-59582.8125) cMag=61223.5 fMag=162977 ld0=8.39192e+06 m78=5.66889e+06 frac=0.324483 grounded=0x40800000 linTerm=1.66667e-05
spd=1321.264 ctrl=(1627865.2500,0.0000,1957784.2500) accum=(69356.4609,-0.0000,-62684.9141) cMag=61718.9 fMag=165023 ld0=8.52529e+06 m78=5.668e+06 frac=0.335155 grounded=0x40800000 linTerm=1.66667e-05
spd=1344.702 ctrl=(1705725.8750,0.0000,1898387.1250) accum=(69187.2422,-0.0000,-65905.9219) cMag=62214.1 fMag=167066 ld0=8.65829e+06 m78=5.66705e+06 frac=0.345477 grounded=0x40800000 linTerm=1.66667e-05
spd=1367.589 ctrl=(1782427.3750,0.0000,1834501.7500) accum=(68815.6016,-0.0000,-69237.3047) cMag=62708.6 fMag=169104 ld0=8.79079e+06 m78=5.66598e+06 frac=0.355464 grounded=0x40800000 linTerm=1.66667e-05
spd=1389.908 ctrl=(1857657.0000,0.0000,1766109.1250) accum=(68230.0391,-0.0000,-72669.4766) cMag=63202.1 fMag=171137 ld0=8.92267e+06 m78=5.66474e+06 frac=0.365129 grounded=0x40800000 linTerm=1.66667e-05
spd=1411.640 ctrl=(1931095.1250,0.0000,1693212.3750) accum=(67419.5000,-0.0000,-76191.5000) cMag=63694.3 fMag=173161 ld0=9.05384e+06 m78=5.66331e+06 frac=0.374486 grounded=0x40800000 linTerm=1.66667e-05
spd=1432.768 ctrl=(2002418.6250,0.0000,1615840.1250) accum=(66373.3516,-0.0000,-79791.3750) cMag=64184.8 fMag=175175 ld0=9.18419e+06 m78=5.66164e+06 frac=0.383544 grounded=0x40800000 linTerm=1.66667e-05
spd=1453.277 ctrl=(2071300.1250,0.0000,1534042.7500) accum=(65081.5234,-0.0000,-83455.6875) cMag=64673.4 fMag=177178 ld0=9.31364e+06 m78=5.65974e+06 frac=0.392317 grounded=0x40800000 linTerm=1.66667e-05
spd=1473.153 ctrl=(2137411.5000,0.0000,1447896.5000) accum=(63534.5391,-0.0000,-87170.0000) cMag=65159.6 fMag=179169 ld0=9.4421e+06 m78=5.65759e+06 frac=0.400813 grounded=0x40800000 linTerm=1.66667e-05
spd=1492.382 ctrl=(2648757.7500,0.0000,1634550.7500) accum=(61695.0117,-0.0000,-90888.5625) cMag=65632.9 fMag=181101 ld0=9.56664e+06 m78=5.6549e+06 frac=0.408894 grounded=0x40800000 linTerm=1.66667e-05
spd=1517.710 ctrl=(2721721.2500,0.0000,1523836.6250) accum=(58455.3828,-0.0000,-93887.3047) cMag=65817 fMag=181790 ld0=9.61073e+06 m78=5.65103e+06 frac=0.412009 grounded=0x40800000 linTerm=1.66667e-05
spd=1542.601 ctrl=(2789829.2500,0.0000,1409757.1250) accum=(55134.0000,-0.0000,-96798.6562) cMag=65996.1 fMag=182440 ld0=9.65299e+06 m78=5.64021e+06 frac=0.415704 grounded=0x40800000 linTerm=1.66667e-05
spd=1567.041 ctrl=(2852945.2500,0.0000,1292544.7500) accum=(51692.5664,-0.0000,-99610.4297) cMag=66182.1 fMag=183125 ld0=9.69745e+06 m78=5.63019e+06 frac=0.419415 grounded=0x40800000 linTerm=1.66667e-05
spd=1591.017 ctrl=(2910924.7500,0.0000,1172428.5000) accum=(48128.1016,-0.0000,-102314.9062) cMag=66373.5 fMag=183837 ld0=9.74361e+06 m78=5.62078e+06 frac=0.423131 grounded=0x40800000 linTerm=1.66667e-05
spd=1614.521 ctrl=(2963637.5000,0.0000,1049643.3750) accum=(44439.1523,-0.0000,-104904.3047) cMag=66569.1 fMag=184570 ld0=9.79106e+06 m78=5.61182e+06 frac=0.426843 grounded=0x40800000 linTerm=1.66667e-05
spd=1637.544 ctrl=(3010961.0000,0.0000,924430.7500) accum=(40625.6172,-0.0000,-107370.5781) cMag=66767.7 fMag=185318 ld0=9.83946e+06 m78=5.60317e+06 frac=0.430541 grounded=0x40800000 linTerm=1.66667e-05
spd=1660.079 ctrl=(3052785.5000,0.0000,797036.9375) accum=(36688.5273,-0.0000,-109705.8594) cMag=66968.7 fMag=186078 ld0=9.88855e+06 m78=5.59476e+06 frac=0.434218 grounded=0x40800000 linTerm=1.66667e-05
spd=1682.122 ctrl=(3089012.2500,0.0000,667712.7500) accum=(32630.0137,-0.0000,-111902.1641) cMag=67171.3 fMag=186845 ld0=9.93812e+06 m78=5.58651e+06 frac=0.437871 grounded=0x40800000 linTerm=1.66667e-05
spd=856.896 ctrl=(-1884715.3750,0.0000,2256970.2500) accum=(64060.7578,-0.0000,29502.1621) cMag=56953.5 fMag=126868 ld0=6.02308e+06 m78=4.65597e+06 frac=0.226978 grounded=0x40800000 linTerm=1.66667e-05
spd=893.162 ctrl=(-1834083.5000,0.0000,2313331.0000) accum=(60369.1367,-0.0000,26967.7617) cMag=52210.2 fMag=120541 ld0=5.7324e+06 m78=4.39713e+06 frac=0.232934 grounded=0x40800000 linTerm=1.66667e-05
spd=929.504 ctrl=(-1779282.7500,0.0000,2370341.5000) accum=(61282.1836,-0.0000,24769.5625) cMag=53183.8 fMag=124739 ld0=5.97668e+06 m78=4.73311e+06 frac=0.20807 grounded=0x40800000 linTerm=1.66667e-05
spd=965.759 ctrl=(-1720184.8750,0.0000,2427781.2500) accum=(62758.4375,-0.0000,23366.9023) cMag=54381.9 fMag=129577 ld0=6.25891e+06 m78=5.04642e+06 frac=0.193723 grounded=0x40800000 linTerm=1.66667e-05
spd=1001.857 ctrl=(-1656656.3750,0.0000,2485390.0000) accum=(64313.2344,-0.0000,22237.4355) cMag=55430.9 fMag=134324 ld0=6.53723e+06 m78=5.32544e+06 frac=0.185367 grounded=0x40800000 linTerm=1.66667e-05
spd=1037.743 ctrl=(-1588567.1250,0.0000,2542870.5000) accum=(65609.0469,-0.0000,21620.2500) cMag=55638.7 fMag=137777 ld0=6.75363e+06 m78=5.48014e+06 frac=0.188564 grounded=0x40800000 linTerm=1.66667e-05
spd=1073.380 ctrl=(-1515797.5000,0.0000,2599899.2500) accum=(67347.0312,-0.0000,21207.8340) cMag=56023.5 fMag=140526 ld0=6.92684e+06 m78=5.55703e+06 frac=0.197754 grounded=0x40800000 linTerm=1.66667e-05
spd=1108.718 ctrl=(-1438244.7500,0.0000,2656128.2500) accum=(69088.9766,-0.0000,20510.8945) cMag=56416.1 fMag=142265 ld0=7.03826e+06 m78=5.57418e+06 frac=0.208018 grounded=0x40800000 linTerm=1.66667e-05
spd=1143.716 ctrl=(-1355828.5000,0.0000,2711188.5000) accum=(71049.1641,-0.0000,19877.2285) cMag=56860.8 fMag=144212 ld0=7.16433e+06 m78=5.58909e+06 frac=0.219872 grounded=0x40800000 linTerm=1.66667e-05
spd=1178.328 ctrl=(-1268494.5000,0.0000,2764697.5000) accum=(73195.8750,-0.0000,19235.5293) cMag=57345.7 fMag=146316 ld0=7.30152e+06 m78=5.60184e+06 frac=0.232785 grounded=0x40800000 linTerm=1.66667e-05
spd=1212.513 ctrl=(-1176214.6250,0.0000,2816254.5000) accum=(75499.8516,-0.0000,18526.7539) cMag=57862 fMag=148539 ld0=7.44707e+06 m78=5.61263e+06 frac=0.24633 grounded=0x40800000 linTerm=1.66667e-05
spd=1246.228 ctrl=(-1078993.3750,0.0000,2865449.7500) accum=(77934.6641,-0.0000,17703.3027) cMag=58402.7 fMag=150854 ld0=7.59883e+06 m78=5.62169e+06 frac=0.26019 grounded=0x40800000 linTerm=1.66667e-05
spd=1279.431 ctrl=(-976865.9375,0.0000,2911863.0000) accum=(80476.6719,-0.0000,16726.7754) cMag=58962.8 fMag=153238 ld0=7.75519e+06 m78=5.62924e+06 frac=0.274132 grounded=0x40800000 linTerm=1.66667e-05
spd=1312.081 ctrl=(-869901.8125,0.0000,2955063.2500) accum=(83104.0156,-0.0000,15566.1270) cMag=59537.9 fMag=155675 ld0=7.91491e+06 m78=5.63544e+06 frac=0.287997 grounded=0x40800000 linTerm=1.66667e-05
spd=1344.137 ctrl=(-758206.3750,0.0000,2994617.2500) accum=(85796.0781,-0.0000,14195.8955) cMag=60125.1 fMag=158152 ld0=8.07706e+06 m78=5.64042e+06 frac=0.301674 grounded=0x40800000 linTerm=1.66667e-05
spd=1375.560 ctrl=(-641921.6875,0.0000,3030086.7500) accum=(88532.7734,-0.0000,12595.0811) cMag=60721.8 fMag=160659 ld0=8.24093e+06 m78=5.64431e+06 frac=0.315089 grounded=0x40800000 linTerm=1.66667e-05
spd=1406.309 ctrl=(-521228.1562,0.0000,3061037.0000) accum=(91294.1797,-0.0000,10746.3711) cMag=61326 fMag=163187 ld0=8.40597e+06 m78=5.64719e+06 frac=0.328193 grounded=0x40800000 linTerm=1.66667e-05
spd=1436.346 ctrl=(-396345.5312,0.0000,3087036.0000) accum=(94060.0078,-0.0000,8635.3154) cMag=61936.3 fMag=165732 ld0=8.57175e+06 m78=5.64915e+06 frac=0.340958 grounded=0x40800000 linTerm=1.66667e-05
spd=1465.637 ctrl=(-267532.9375,0.0000,3107660.5000) accum=(96809.4922,-0.0000,6250.0977) cMag=62551.2 fMag=168288 ld0=8.73794e+06 m78=5.65024e+06 frac=0.353367 grounded=0x40800000 linTerm=1.66667e-05
spd=1494.144 ctrl=(-135522.5781,0.0000,3122521.5000) accum=(99476.8047,-0.0000,3569.0476) cMag=63158.4 fMag=170801 ld0=8.9011e+06 m78=5.65021e+06 frac=0.365224 grounded=0x40800000 linTerm=1.66667e-05
spd=1521.845 ctrl=(-2731.5679,0.0000,3131510.2500) accum=(101829.6641,-0.0000,545.6606) cMag=63704.9 fMag=173042 ld0=9.04639e+06 m78=5.64764e+06 frac=0.375703 grounded=0x40800000 linTerm=1.66667e-05
spd=1548.769 ctrl=(130570.0781,0.0000,3134646.7500) accum=(103884.6875,-0.0000,-2768.3562) cMag=64201.2 fMag=175058 ld0=9.17703e+06 m78=5.64322e+06 frac=0.385072 grounded=0x40800000 linTerm=1.66667e-05
spd=1574.943 ctrl=(264117.2812,0.0000,3131913.5000) accum=(105654.6719,-0.0000,-6330.1475) cMag=64655.6 fMag=176890 ld0=9.29557e+06 m78=5.63744e+06 frac=0.393535 grounded=0x40800000 linTerm=1.66667e-05
spd=1600.394 ctrl=(397644.0000,0.0000,3123303.0000) accum=(107149.8125,-0.0000,-10103.4375) cMag=65075 fMag=178567 ld0=9.40405e+06 m78=5.63067e+06 frac=0.401251 grounded=0x40800000 linTerm=1.66667e-05
spd=1625.143 ctrl=(530885.0000,0.0000,3108817.2500) accum=(108378.0156,-0.0000,-14057.1533) cMag=65464.8 fMag=180115 ld0=9.50411e+06 m78=5.62317e+06 frac=0.408344 grounded=0x40800000 linTerm=1.66667e-05
spd=1649.211 ctrl=(663574.6250,0.0000,3088467.5000) accum=(109345.7188,-0.0000,-18164.4648) cMag=65829.4 fMag=181554 ld0=9.5971e+06 m78=5.61515e+06 frac=0.414912 grounded=0x40800000 linTerm=1.66667e-05
spd=1672.615 ctrl=(795447.7500,0.0000,3062278.5000) accum=(110057.8750,-0.0000,-22401.7344) cMag=66172.5 fMag=182901 ld0=9.68407e+06 m78=5.60675e+06 frac=0.421034 grounded=0x40800000 linTerm=1.66667e-05
spd=1695.373 ctrl=(926240.5000,0.0000,3030285.2500) accum=(110518.7031,-0.0000,-26747.8730) cMag=66497.3 fMag=184169 ld0=9.76594e+06 m78=5.59809e+06 frac=0.426774 grounded=0x40800000 linTerm=1.66667e-05
spd=1717.500 ctrl=(1055690.6250,0.0000,2992536.0000) accum=(110731.5000,-0.0000,-31183.9023) cMag=66806.3 fMag=185370 ld0=9.84341e+06 m78=5.58925e+06 frac=0.432184 grounded=0x40800000 linTerm=1.66667e-05
spd=1739.009 ctrl=(1183537.8750,0.0000,2949089.2500) accum=(110698.9453,-0.0000,-35692.4609) cMag=67101.4 fMag=186513 ld0=9.91709e+06 m78=5.58028e+06 frac=0.437306 grounded=0x40800000 linTerm=1.66667e-05
spd=1759.913 ctrl=(1309526.0000,0.0000,2900018.2500) accum=(110423.5469,-0.0000,-40257.3203) cMag=67384.6 fMag=187605 ld0=9.98749e+06 m78=5.57124e+06 frac=0.442178 grounded=0x40800000 linTerm=1.66667e-05
spd=1780.224 ctrl=(1433401.2500,0.0000,2845407.0000) accum=(109907.3047,-0.0000,-44863.4609) cMag=67657.2 fMag=188653 ld0=1.0055e+07 m78=5.56216e+06 frac=0.446827 grounded=0x40800000 linTerm=1.66667e-05
spd=1799.953 ctrl=(1554913.6250,0.0000,2785350.2500) accum=(109152.1484,-0.0000,-49496.6133) cMag=67920.5 fMag=189662 ld0=1.012e+07 m78=5.55307e+06 frac=0.451279 grounded=0x40800000 linTerm=1.66667e-05
spd=1819.110 ctrl=(1673818.5000,0.0000,2719955.2500) accum=(108159.9375,-0.0000,-54143.2461) cMag=68175.5 fMag=190636 ld0=1.01828e+07 m78=5.54397e+06 frac=0.455554 grounded=0x40800000 linTerm=1.66667e-05
spd=1837.706 ctrl=(1789876.8750,0.0000,2649341.0000) accum=(106932.5703,-0.0000,-58790.2578) cMag=68423.2 fMag=191580 ld0=1.02435e+07 m78=5.53489e+06 frac=0.45967 grounded=0x40800000 linTerm=1.66667e-05
spd=1855.749 ctrl=(1902854.8750,0.0000,2573637.7500) accum=(105471.9609,-0.0000,-63425.0195) cMag=68664.2 fMag=192497 ld0=1.03025e+07 m78=5.52584e+06 frac=0.463642 grounded=0x40800000 linTerm=1.66667e-05
spd=1873.250 ctrl=(2012524.7500,0.0000,2492985.2500) accum=(103780.1328,-0.0000,-68035.3906) cMag=68899.2 fMag=193389 ld0=1.03599e+07 m78=5.51683e+06 frac=0.467483 grounded=0x40800000 linTerm=1.66667e-05
spd=1890.216 ctrl=(2118666.7500,0.0000,2407534.5000) accum=(101859.3672,-0.0000,-72609.3516) cMag=69128.7 fMag=194259 ld0=1.04158e+07 m78=5.50786e+06 frac=0.471203 grounded=0x40800000 linTerm=1.66667e-05
spd=1906.657 ctrl=(2221067.2500,0.0000,2317446.5000) accum=(99712.0938,-0.0000,-77135.2891) cMag=69353.2 fMag=195108 ld0=1.04704e+07 m78=5.49894e+06 frac=0.474811 grounded=0x40800000 linTerm=1.66667e-05
spd=1922.582 ctrl=(2319520.2500,0.0000,2222891.2500) accum=(97341.0859,-0.0000,-81601.7422) cMag=69573.1 fMag=195938 ld0=1.05237e+07 m78=5.49007e+06 frac=0.478316 grounded=0x40800000 linTerm=1.66667e-05
spd=1937.998 ctrl=(2413829.5000,0.0000,2124049.2500) accum=(94749.3906,-0.0000,-85997.4531) cMag=69788.7 fMag=196751 ld0=1.0576e+07 m78=5.48126e+06 frac=0.481724 grounded=0x40800000 linTerm=1.66667e-05
spd=1952.914 ctrl=(2503806.5000,0.0000,2021108.8750) accum=(91940.2500,-0.0000,-90311.4844) cMag=70000.2 fMag=197548 ld0=1.06271e+07 m78=5.47251e+06 frac=0.485042 grounded=0x40800000 linTerm=1.66667e-05
spd=1967.339 ctrl=(2589271.2500,0.0000,1914266.5000) accum=(88917.4453,-0.0000,-94532.9688) cMag=70208 fMag=198329 ld0=1.06772e+07 m78=5.46382e+06 frac=0.488274 grounded=0x40800000 linTerm=1.66667e-05
spd=1981.280 ctrl=(2670054.5000,0.0000,1803727.6250) accum=(85684.9766,-0.0000,-98651.2031) cMag=70412.1 fMag=199096 ld0=1.07264e+07 m78=5.4552e+06 frac=0.491425 grounded=0x40800000 linTerm=1.66667e-05
spd=1994.747 ctrl=(2745995.0000,0.0000,1689703.7500) accum=(82247.2891,-0.0000,-102655.8281) cMag=70612.7 fMag=199849 ld0=1.07747e+07 m78=5.44665e+06 frac=0.494499 grounded=0x40800000 linTerm=1.66667e-05
spd=2007.747 ctrl=(2816943.2500,0.0000,1572414.1250) accum=(78609.1953,-0.0000,-106536.5000) cMag=70810.1 fMag=200588 ld0=1.08222e+07 m78=5.43817e+06 frac=0.497498 grounded=0x40800000 linTerm=1.66667e-05
spd=0.000 ctrl=(137376.9531,0.0000,788116.4375) accum=(-1100.7458,0.0000,2109.2397) cMag=2379.19 fMag=4019.06 ld0=756352 m78=756352 frac=-3.25945e-08 grounded=0x40800000 linTerm=1.66667e-05
spd=12.778 ctrl=(142734.9375,0.0000,832837.2500) accum=(-5971.5664,0.0000,-19951.9473) cMag=13928.6 fMag=21418.3 ld0=753336 m78=59266.5 frac=0.921328 grounded=0x40800000 linTerm=1.66667e-05
spd=25.876 ctrl=(147704.9219,0.0000,878758.3750) accum=(-8301.1045,0.0000,-26150.9219) cMag=20297.2 fMag=32439.6 ld0=1.27418e+06 m78=524948 frac=0.588011 grounded=0x40800000 linTerm=1.66667e-05
spd=39.593 ctrl=(152379.4219,0.0000,926927.5000) accum=(-8521.0205,0.0000,-26253.6758) cMag=20318.8 fMag=32436.2 ld0=1.27487e+06 m78=508615 frac=0.601044 grounded=0x40800000 linTerm=1.66667e-05
spd=54.059 ctrl=(156728.2344,0.0000,977806.1875) accum=(-8914.2139,0.0000,-26421.0957) cMag=20353.2 fMag=32434.1 ld0=1.27619e+06 m78=480607 frac=0.623406 grounded=0x40800000 linTerm=1.66667e-05
spd=69.309 ctrl=(160652.8281,0.0000,1031531.0000) accum=(-9517.6289,0.0000,-26656.5176) cMag=20407.1 fMag=32450.5 ld0=1.27864e+06 m78=440019 frac=0.655868 grounded=0x40800000 linTerm=1.66667e-05
spd=85.381 ctrl=(164041.0469,0.0000,1088245.0000) accum=(-10393.9756,0.0000,-26959.4199) cMag=20485.6 fMag=32505.1 ld0=1.2826e+06 m78=384907 frac=0.6999 grounded=0x40800000 linTerm=1.66667e-05
spd=102.314 ctrl=(166764.6562,0.0000,1148097.8750) accum=(-11621.4717,0.0000,-27320.5098) cMag=20594.8 fMag=32627.4 ld0=1.28849e+06 m78=313566 frac=0.75664 grounded=0x40800000 linTerm=1.66667e-05
spd=120.152 ctrl=(168677.5469,0.0000,1211245.5000) accum=(-13288.8604,0.0000,-27719.9395) cMag=20742 fMag=32857.8 ld0=1.2967e+06 m78=224923 frac=0.826542 grounded=0x40800000 linTerm=1.66667e-05
spd=138.938 ctrl=(169613.9062,0.0000,1277854.3750) accum=(-15476.6045,0.0000,-28128.2637) cMag=20935.2 fMag=33243.8 ld0=1.30765e+06 m78=119251 frac=0.908805 grounded=0x40800000 linTerm=1.66667e-05
spd=158.724 ctrl=(169386.7188,0.0000,1348109.0000) accum=(-18200.4805,0.0000,-28506.8027) cMag=21181.5 fMag=33826.2 ld0=1.32178e+06 m78=477.52 frac=0.999639 grounded=0x40800000 linTerm=1.66667e-05
spd=179.573 ctrl=(167786.8281,0.0000,1422234.3750) accum=(-18775.6270,0.0000,-27740.9023) cMag=21393.3 fMag=34334.8 ld0=1.33312e+06 m78=83594.4 frac=0.937294 grounded=0x40800000 linTerm=1.66667e-05
spd=201.609 ctrl=(164595.2500,0.0000,1500664.0000) accum=(-18917.2559,-0.0000,-27407.0195) cMag=21588.5 fMag=34726.6 ld0=1.341e+06 m78=140511 frac=0.89522 grounded=0x40800000 linTerm=1.66667e-05
spd=224.988 ctrl=(159559.3906,0.0000,1583940.1250) accum=(-18588.3320,-0.0000,-27365.7832) cMag=21825.2 fMag=35028.6 ld0=1.34409e+06 m78=191363 frac=0.857627 grounded=0x40800000 linTerm=1.66667e-05
spd=249.516 ctrl=(152257.4219,0.0000,1671377.1250) accum=(-18640.2422,-0.0000,-26965.0684) cMag=22071 fMag=35530.5 ld0=1.35475e+06 m78=266314 frac=0.803423 grounded=0x40800000 linTerm=1.66667e-05
spd=275.336 ctrl=(135764.0312,0.0000,1681597.7500) accum=(-18762.3125,-0.0000,-26546.2441) cMag=22334.8 fMag=36139.9 ld0=1.37247e+06 m78=346058 frac=0.747856 grounded=0x40800000 linTerm=1.66667e-05
spd=301.195 ctrl=(117792.3906,0.0000,1691173.8750) accum=(-19105.0762,-0.0000,-26192.6348) cMag=22601.3 fMag=36868.7 ld0=1.40563e+06 m78=417940 frac=0.702667 grounded=0x40800000 linTerm=1.66667e-05
spd=327.083 ctrl=(98379.2656,0.0000,1700706.0000) accum=(-18112.3965,-0.0000,-25171.6230) cMag=22872.1 fMag=37732.8 ld0=1.46658e+06 m78=632665 frac=0.568611 grounded=0x40800000 linTerm=1.66667e-05
spd=353.019 ctrl=(77501.1562,0.0000,1710138.6250) accum=(-18677.7656,-0.0000,-24975.6895) cMag=23148.9 fMag=38738.5 ld0=1.55426e+06 m78=714707 frac=0.540163 grounded=0x40800000 linTerm=1.66667e-05
spd=378.980 ctrl=(55136.4648,0.0000,1719398.8750) accum=(-19252.0137,-0.0000,-24793.8184) cMag=23436.4 fMag=39897.4 ld0=1.66025e+06 m78=811258 frac=0.511364 grounded=0x40800000 linTerm=1.66667e-05
spd=404.964 ctrl=(31265.5449,0.0000,1728419.7500) accum=(-19849.7109,-0.0000,-24653.8418) cMag=23737.9 fMag=41210.6 ld0=1.77784e+06 m78=916597 frac=0.484433 grounded=0x40800000 linTerm=1.66667e-05
spd=430.967 ctrl=(5870.8135,0.0000,1737131.1250) accum=(-20461.7734,-0.0000,-24567.1582) cMag=24056.7 fMag=42674 ld0=1.90373e+06 m78=1.02863e+06 frac=0.459678 grounded=0x40800000 linTerm=1.66667e-05
spd=456.982 ctrl=(-21062.8633,0.0000,1745462.2500) accum=(-21069.0352,-0.0000,-24539.2715) cMag=24395.4 fMag=44278.8 ld0=2.03605e+06 m78=1.14682e+06 frac=0.436743 grounded=0x40800000 linTerm=1.66667e-05
spd=483.001 ctrl=(-49548.3281,0.0000,1753337.3750) accum=(-21648.0684,-0.0000,-24573.7871) cMag=24756.2 fMag=46011.8 ld0=2.17356e+06 m78=1.27132e+06 frac=0.415097 grounded=0x40800000 linTerm=1.66667e-05
spd=509.016 ctrl=(-79594.9375,0.0000,1760679.1250) accum=(-22173.0879,-0.0000,-24673.4941) cMag=25140.5 fMag=47855.9 ld0=2.3153e+06 m78=1.40262e+06 frac=0.394198 grounded=0x40800000 linTerm=1.66667e-05
spd=535.016 ctrl=(-111208.9297,0.0000,1767406.7500) accum=(-22616.6270,-0.0000,-24840.5117) cMag=25549.4 fMag=49791.1 ld0=2.46046e+06 m78=1.54138e+06 frac=0.373541 grounded=0x40800000 linTerm=1.66667e-05
spd=560.991 ctrl=(-144392.9375,0.0000,1773436.1250) accum=(-22965.3672,0.0000,-25075.2012) cMag=25982.3 fMag=51802.1 ld0=2.6085e+06 m78=1.68774e+06 frac=0.352984 grounded=0x40800000 linTerm=1.66667e-05
spd=586.930 ctrl=(-179145.1875,0.0000,1778679.7500) accum=(-23381.4258,0.0000,-25366.5547) cMag=26431 fMag=53957.7 ld0=2.76138e+06 m78=1.83431e+06 frac=0.335725 grounded=0x40800000 linTerm=1.66667e-05
spd=612.819 ctrl=(-215459.6875,0.0000,1783046.7500) accum=(-23937.1074,0.0000,-25710.2305) cMag=26893.9 fMag=56294.5 ld0=2.91993e+06 m78=1.97775e+06 frac=0.322675 grounded=0x40800000 linTerm=1.66667e-05
spd=638.647 ctrl=(-253325.2969,0.0000,1786442.0000) accum=(-24660.4922,-0.0000,-26106.7480) cMag=27372.6 fMag=58830.9 ld0=3.0845e+06 m78=2.11676e+06 frac=0.313743 grounded=0x40800000 linTerm=1.66667e-05
spd=664.400 ctrl=(-292725.6250,0.0000,1788770.1250) accum=(-25579.6133,-0.0000,-26559.1777) cMag=27869.5 fMag=61585.3 ld0=3.25544e+06 m78=2.25016e+06 frac=0.308799 grounded=0x40800000 linTerm=1.66667e-05
spd=690.063 ctrl=(-333638.5938,0.0000,1789929.8750) accum=(-26722.4707,-0.0000,-27073.6855) cMag=28387.9 fMag=64576 ld0=3.43311e+06 m78=2.37682e+06 frac=0.307677 grounded=0x40800000 linTerm=1.66667e-05
spd=715.623 ctrl=(-376035.7812,0.0000,1789819.0000) accum=(-28116.8262,-0.0000,-27659.8301) cMag=28931.9 fMag=67821.1 ld0=3.61792e+06 m78=2.49571e+06 frac=0.31018 grounded=0x40800000 linTerm=1.66667e-05
spd=741.066 ctrl=(-419882.6875,0.0000,1788333.5000) accum=(-29789.6113,-0.0000,-28330.6914) cMag=29506.6 fMag=71337.5 ld0=3.81031e+06 m78=2.60594e+06 frac=0.316081 grounded=0x40800000 linTerm=1.66667e-05
spd=766.377 ctrl=(-465137.2812,0.0000,1785366.1250) accum=(-31766.1992,-0.0000,-29103.2012) cMag=30117.8 fMag=75141.3 ld0=4.0109e+06 m78=2.70687e+06 frac=0.325122 grounded=0x40800000 linTerm=1.66667e-05
spd=791.541 ctrl=(-511751.1562,0.0000,1780809.7500) accum=(-34068.3945,-0.0000,-29997.9336) cMag=30772.2 fMag=79247.5 ld0=4.22076e+06 m78=2.79839e+06 frac=0.336992 grounded=0x40800000 linTerm=1.66667e-05
spd=816.543 ctrl=(-559667.8125,0.0000,1774555.5000) accum=(-36675.1406,-0.0000,-31026.3516) cMag=31454.7 fMag=83634.5 ld0=4.44444e+06 m78=2.88399e+06 frac=0.351102 grounded=0x40800000 linTerm=1.66667e-05
spd=841.370 ctrl=(-608822.5625,0.0000,1766494.7500) accum=(-38376.2500,-0.0000,-32142.4238) cMag=32132.6 fMag=87613.1 ld0=4.66378e+06 m78=3.00933e+06 frac=0.354745 grounded=0x40800000 linTerm=1.66667e-05
spd=866.008 ctrl=(-659143.0625,0.0000,1756517.2500) accum=(-39810.4648,-0.0000,-33382.7852) cMag=32872.1 fMag=91577.5 ld0=4.88239e+06 m78=3.14768e+06 frac=0.3553 grounded=0x40800000 linTerm=1.66667e-05
spd=890.444 ctrl=(-710549.0625,0.0000,1744515.7500) accum=(-42622.3633,-0.0000,-35103.0234) cMag=33641.1 fMag=95640.9 ld0=5.11148e+06 m78=3.18502e+06 frac=0.376889 grounded=0x40800000 linTerm=1.66667e-05
spd=914.656 ctrl=(-762949.5625,0.0000,1730381.1250) accum=(-44105.3672,-0.0000,-36645.0820) cMag=34437.9 fMag=99799 ld0=5.35279e+06 m78=3.32953e+06 frac=0.377982 grounded=0x40800000 linTerm=1.66667e-05
spd=938.635 ctrl=(-816246.6250,0.0000,1714009.1250) accum=(-45723.6055,-0.0000,-38373.5391) cMag=35263.3 fMag=104047 ld0=5.60407e+06 m78=3.46666e+06 frac=0.381403 grounded=0x40800000 linTerm=1.66667e-05
spd=962.367 ctrl=(-870332.5625,0.0000,1695297.2500) accum=(-47412.3555,-0.0000,-40286.4844) cMag=36116.6 fMag=108380 ld0=5.86302e+06 m78=3.59898e+06 frac=0.386155 grounded=0x40800000 linTerm=1.66667e-05
spd=985.835 ctrl=(-925091.0000,0.0000,1674146.6250) accum=(-49121.5039,-0.0000,-42382.8633) cMag=36997 fMag=112794 ld0=6.1279e+06 m78=3.72829e+06 frac=0.391587 grounded=0x40800000 linTerm=1.66667e-05
spd=1009.025 ctrl=(-980396.0625,0.0000,1650462.1250) accum=(-50641.3750,-0.0000,-44652.7656) cMag=37922.7 fMag=117155 ld0=6.38898e+06 m78=3.85754e+06 frac=0.39622 grounded=0x40800000 linTerm=1.66667e-05
spd=1031.921 ctrl=(-1036112.4375,0.0000,1624153.8750) accum=(-51662.0547,-0.0000,-46680.4727) cMag=38236.2 fMag=120302 ld0=6.58524e+06 m78=3.92642e+06 frac=0.403755 grounded=0x40800000 linTerm=1.66667e-05
spd=1054.513 ctrl=(-1092097.6250,0.0000,1595139.2500) accum=(-52421.1484,-0.0000,-48863.2656) cMag=38588.7 fMag=122931 ld0=6.74868e+06 m78=3.96629e+06 frac=0.412286 grounded=0x40800000 linTerm=1.66667e-05
spd=1076.787 ctrl=(-1148200.2500,0.0000,1563342.0000) accum=(-52775.5898,-0.0000,-51131.6602) cMag=38957.5 fMag=124935 ld0=6.87207e+06 m78=3.97901e+06 frac=0.420987 grounded=0x40800000 linTerm=1.66667e-05
spd=1098.726 ctrl=(-1204259.7500,0.0000,1528693.2500) accum=(-52964.1406,0.0000,-53479.9922) cMag=39330.7 fMag=126938 ld0=6.99528e+06 m78=3.99464e+06 frac=0.428952 grounded=0x40800000 linTerm=1.66667e-05
spd=1120.317 ctrl=(-1260108.5000,0.0000,1491133.5000) accum=(-52988.1094,0.0000,-55904.5625) cMag=39708 fMag=128940 ld0=7.11823e+06 m78=4.0125e+06 frac=0.436306 grounded=0x40800000 linTerm=1.66667e-05
spd=1141.546 ctrl=(-1315570.7500,0.0000,1450610.8750) accum=(-52847.0430,0.0000,-58401.0469) cMag=40089 fMag=130940 ld0=7.24082e+06 m78=4.03205e+06 frac=0.44315 grounded=0x40800000 linTerm=1.66667e-05
spd=1162.401 ctrl=(-1370465.1250,0.0000,1407085.8750) accum=(-52539.0312,0.0000,-60964.3477) cMag=40473.1 fMag=132936 ld0=7.36298e+06 m78=4.05287e+06 frac=0.449562 grounded=0x40800000 linTerm=1.66667e-05
spd=1182.868 ctrl=(-1424601.7500,0.0000,1360527.3750) accum=(-52061.1445,0.0000,-63588.7734) cMag=40860.1 fMag=134927 ld0=7.48466e+06 m78=4.07462e+06 frac=0.455604 grounded=0x40800000 linTerm=1.66667e-05
spd=1202.935 ctrl=(-1477786.6250,0.0000,1310918.1250) accum=(-51409.6836,0.0000,-66267.6641) cMag=41249.6 fMag=136913 ld0=7.6058e+06 m78=4.09705e+06 frac=0.461326 grounded=0x40800000 linTerm=1.66667e-05
spd=1222.590 ctrl=(-1529820.7500,0.0000,1258251.6250) accum=(-50580.4570,0.0000,-68993.9297) cMag=41641.4 fMag=138891 ld0=7.72635e+06 m78=4.11996e+06 frac=0.466765 grounded=0x40800000 linTerm=1.66667e-05
spd=1241.823 ctrl=(-1580501.3750,0.0000,1202535.7500) accum=(-49569.0820,0.0000,-71759.2969) cMag=42035.1 fMag=140862 ld0=7.84627e+06 m78=4.14319e+06 frac=0.471954 grounded=0x40800000 linTerm=1.66667e-05
spd=1260.622 ctrl=(-1629622.0000,0.0000,1143790.3750) accum=(-48371.0391,0.0000,-74555.0703) cMag=42430.6 fMag=142824 ld0=7.96551e+06 m78=4.16662e+06 frac=0.476917 grounded=0x40800000 linTerm=1.66667e-05
spd=1278.977 ctrl=(-1676974.5000,0.0000,1082050.7500) accum=(-46981.8828,0.0000,-77371.6562) cMag=42827.5 fMag=144777 ld0=8.08402e+06 m78=4.19015e+06 frac=0.481675 grounded=0x40800000 linTerm=1.66667e-05
spd=1296.879 ctrl=(-1722349.8750,0.0000,1017366.2500) accum=(-45397.3867,0.0000,-80198.6406) cMag=43225.6 fMag=146720 ld0=8.20175e+06 m78=4.2137e+06 frac=0.486243 grounded=0x40800000 linTerm=1.66667e-05
spd=1314.319 ctrl=(-1765539.8750,0.0000,949800.0625) accum=(-43613.7383,0.0000,-83025.2109) cMag=43624.6 fMag=148651 ld0=8.31867e+06 m78=4.23723e+06 frac=0.490636 grounded=0x40800000 linTerm=1.66667e-05
spd=1331.289 ctrl=(-2280771.7500,0.0000,1110415.0000) accum=(-41627.5312,0.0000,-85839.6953) cMag=44024.3 fMag=150571 ld0=8.43473e+06 m78=4.26068e+06 frac=0.494865 grounded=0x40800000 linTerm=1.66667e-05
spd=1355.265 ctrl=(-2330843.7500,0.0000,1018366.5000) accum=(-38678.2656,0.0000,-87981.8203) cMag=44289.8 fMag=151589 ld0=8.49299e+06 m78=4.28455e+06 frac=0.495519 grounded=0x40800000 linTerm=1.66667e-05
spd=1378.860 ctrl=(-2377442.2500,0.0000,922312.0000) accum=(-35775.8516,0.0000,-90251.3672) cMag=44579.7 fMag=152798 ld0=8.56411e+06 m78=4.3028e+06 frac=0.497578 grounded=0x40800000 linTerm=1.66667e-05
spd=1402.013 ctrl=(-2420259.2500,0.0000,822397.8125) accum=(-32833.1641,0.0000,-92596.7109) cMag=44903.7 fMag=154215 ld0=8.64828e+06 m78=4.32267e+06 frac=0.50017 grounded=0x40800000 linTerm=1.66667e-05
spd=1424.673 ctrl=(-2458977.0000,0.0000,718791.1250) accum=(-29807.3086,0.0000,-94993.9219) cMag=45255.7 fMag=155800 ld0=8.74299e+06 m78=4.3437e+06 frac=0.503179 grounded=0x40800000 linTerm=1.66667e-05
spd=1446.796 ctrl=(-2493279.2500,0.0000,611687.3125) accum=(-26662.8965,0.0000,-97418.6562) cMag=45631.1 fMag=157520 ld0=8.84617e+06 m78=4.36551e+06 frac=0.506508 grounded=0x40800000 linTerm=1.66667e-05
spd=1468.341 ctrl=(-2522857.2500,0.0000,501308.2188) accum=(-23371.3496,0.0000,-99846.1875) cMag=46025.9 fMag=159349 ld0=8.9561e+06 m78=4.38781e+06 frac=0.510076 grounded=0x40800000 linTerm=1.66667e-05
spd=1489.275 ctrl=(-2547407.0000,0.0000,388094.9062) accum=(-19902.6172,0.0000,-102228.9062) cMag=46432.7 fMag=161238 ld0=9.06977e+06 m78=4.41022e+06 frac=0.513745 grounded=0x40800000 linTerm=1.66667e-05
spd=1509.573 ctrl=(-2566717.7500,0.0000,273670.8438) accum=(-16202.4082,0.0000,-104383.0391) cMag=46818.9 fMag=162992 ld0=9.17485e+06 m78=4.43132e+06 frac=0.517014 grounded=0x40800000 linTerm=1.66667e-05
spd=1529.261 ctrl=(-2580772.7500,0.0000,158287.4531) accum=(-12298.9023,0.0000,-106308.8672) cMag=47187.9 fMag=164632 ld0=9.27276e+06 m78=4.45141e+06 frac=0.519948 grounded=0x40800000 linTerm=1.66667e-05
spd=1548.363 ctrl=(-2589523.5000,0.0000,42191.3477) accum=(-8216.7393,0.0000,-108005.9609) cMag=47542.5 fMag=166177 ld0=9.36465e+06 m78=4.47069e+06 frac=0.522599 grounded=0x40800000 linTerm=1.66667e-05
spd=1566.899 ctrl=(-2592931.5000,0.0000,-74368.4766) accum=(-3977.7610,0.0000,-109473.5703) cMag=47884.8 fMag=167641 ld0=9.45142e+06 m78=4.48933e+06 frac=0.52501 grounded=0x40800000 linTerm=1.66667e-05
spd=1584.886 ctrl=(-2590972.0000,0.0000,-191140.7344) accum=(398.3168,0.0000,-110710.7578) cMag=48216.5 fMag=169037 ld0=9.53385e+06 m78=4.50746e+06 frac=0.527215 grounded=0x40800000 linTerm=1.66667e-05
spd=1602.343 ctrl=(-2583632.7500,0.0000,-307872.6250) accum=(4893.4155,0.0000,-111716.4844) cMag=48539.1 fMag=170373 ld0=9.61256e+06 m78=4.52518e+06 frac=0.529243 grounded=0x40800000 linTerm=1.66667e-05
spd=1619.283 ctrl=(-2570913.0000,0.0000,-424311.0000) accum=(9491.0420,-0.0000,-112489.8438) cMag=48854 fMag=171660 ld0=9.68806e+06 m78=4.54255e+06 frac=0.531118 grounded=0x40800000 linTerm=1.66667e-05
spd=1635.721 ctrl=(-2552824.7500,0.0000,-540202.4375) accum=(14175.5977,-0.0000,-113029.7812) cMag=49162.2 fMag=172902 ld0=9.76079e+06 m78=4.55965e+06 frac=0.53286 grounded=0x40800000 linTerm=1.66667e-05
spd=1651.669 ctrl=(-2529392.2500,0.0000,-655294.1250) accum=(18932.5332,-0.0000,-113335.3750) cMag=49464.5 fMag=174106 ld0=9.83111e+06 m78=4.57651e+06 frac=0.534486 grounded=0x40800000 linTerm=1.66667e-05
spd=1667.138 ctrl=(-2500653.0000,0.0000,-769334.3125) accum=(23747.7949,-0.0000,-113405.8594) cMag=49761.8 fMag=175277 ld0=9.89931e+06 m78=4.59317e+06 frac=0.53601 grounded=0x40800000 linTerm=1.66667e-05
spd=1682.138 ctrl=(-2466656.5000,0.0000,-882073.6250) accum=(28608.0234,-0.0000,-113240.5156) cMag=50054.6 fMag=176419 ld0=9.96564e+06 m78=4.60966e+06 frac=0.537444 grounded=0x40800000 linTerm=1.66667e-05
spd=1696.681 ctrl=(-2427463.7500,0.0000,-993265.0000) accum=(33500.2109,-0.0000,-112838.8906) cMag=50343.5 fMag=177534 ld0=1.00303e+07 m78=4.626e+06 frac=0.538798 grounded=0x40800000 linTerm=1.66667e-05
spd=1710.775 ctrl=(-2383149.5000,0.0000,-1102664.3750) accum=(38411.7500,-0.0000,-112200.7344) cMag=50629 fMag=178627 ld0=1.00935e+07 m78=4.64221e+06 frac=0.540081 grounded=0x40800000 linTerm=1.66667e-05
spd=1724.428 ctrl=(-2333797.5000,0.0000,-1210031.1250) accum=(43330.2812,-0.0000,-111326.1328) cMag=50911.4 fMag=179698 ld0=1.01554e+07 m78=4.65829e+06 frac=0.5413 grounded=0x40800000 linTerm=1.66667e-05
spd=1737.651 ctrl=(-2279505.5000,0.0000,-1315129.8750) accum=(48243.7148,-0.0000,-110215.3594) cMag=51191 fMag=180751 ld0=1.02161e+07 m78=4.67427e+06 frac=0.542461 grounded=0x40800000 linTerm=1.66667e-05
spd=1750.450 ctrl=(-2220382.2500,0.0000,-1417729.7500) accum=(53140.1875,-0.0000,-108869.0938) cMag=51468.2 fMag=181787 ld0=1.02757e+07 m78=4.69014e+06 frac=0.54357 grounded=0x40800000 linTerm=1.66667e-05
spd=1762.833 ctrl=(-2156546.2500,0.0000,-1517605.1250) accum=(58007.7734,-0.0000,-107288.3281) cMag=51743.1 fMag=182807 ld0=1.03343e+07 m78=4.70592e+06 frac=0.54463 grounded=0x40800000 linTerm=1.66667e-05
spd=1774.808 ctrl=(-2088128.0000,0.0000,-1614536.6250) accum=(62834.9844,-0.0000,-105474.3828) cMag=52016 fMag=183812 ld0=1.03919e+07 m78=4.7216e+06 frac=0.545647 grounded=0x40800000 linTerm=1.66667e-05
spd=1786.383 ctrl=(-2015267.3750,0.0000,-1708311.2500) accum=(67610.3438,-0.0000,-103429.0781) cMag=52287 fMag=184804 ld0=1.04487e+07 m78=4.73721e+06 frac=0.546624 grounded=0x40800000 linTerm=1.66667e-05
spd=1797.565 ctrl=(-1938115.8750,0.0000,-1798723.8750) accum=(72322.4297,-0.0000,-101154.5156) cMag=52556.3 fMag=185784 ld0=1.05047e+07 m78=4.75273e+06 frac=0.547563 grounded=0x40800000 linTerm=1.66667e-05
spd=1808.360 ctrl=(-1856831.5000,0.0000,-1885574.5000) accum=(76960.1562,-0.0000,-98653.2344) cMag=52824 fMag=186752 ld0=1.056e+07 m78=4.76818e+06 frac=0.548467 grounded=0x40800000 linTerm=1.66667e-05
spd=1818.776 ctrl=(-1771585.6250,0.0000,-1968674.1250) accum=(81512.3125,-0.0000,-95928.3047) cMag=53090.2 fMag=187708 ld0=1.06145e+07 m78=4.78356e+06 frac=0.549338 grounded=0x40800000 linTerm=1.66667e-05
spd=1828.820 ctrl=(-1682555.0000,0.0000,-2047840.1250) accum=(85968.0469,-0.0000,-92983.1406) cMag=53354.9 fMag=188654 ld0=1.06684e+07 m78=4.79886e+06 frac=0.550178 grounded=0x40800000 linTerm=1.66667e-05
spd=1838.498 ctrl=(-1589926.2500,0.0000,-2122899.0000) accum=(90316.5156,-0.0000,-89821.5938) cMag=53618.3 fMag=189590 ld0=1.07216e+07 m78=4.8141e+06 frac=0.550989 grounded=0x40800000 linTerm=1.66667e-05
spd=1847.817 ctrl=(-1493894.3750,0.0000,-2193687.2500) accum=(94547.0703,-0.0000,-86448.0547) cMag=53880.4 fMag=190516 ld0=1.07741e+07 m78=4.82927e+06 frac=0.551771 grounded=0x40800000 linTerm=1.66667e-05
spd=1856.784 ctrl=(-1394660.6250,0.0000,-2260049.7500) accum=(98649.3672,-0.0000,-82867.3047) cMag=54141.3 fMag=191433 ld0=1.08261e+07 m78=4.84438e+06 frac=0.552526 grounded=0x40800000 linTerm=1.66667e-05
spd=1865.406 ctrl=(-1292434.0000,0.0000,-2321841.5000) accum=(102613.1250,-0.0000,-79084.6250) cMag=54401 fMag=192340 ld0=1.08774e+07 m78=4.85943e+06 frac=0.553255 grounded=0x40800000 linTerm=1.66667e-05
spd=1873.689 ctrl=(-1187429.3750,0.0000,-2378928.0000) accum=(106428.2734,-0.0000,-75105.7031) cMag=54659.5 fMag=193239 ld0=1.09282e+07 m78=4.87443e+06 frac=0.553959 grounded=0x40800000 linTerm=1.66667e-05
spd=1881.640 ctrl=(-1079868.3750,0.0000,-2431185.2500) accum=(110085.1562,-0.0000,-70936.7500) cMag=54916.9 fMag=194129 ld0=1.09784e+07 m78=4.88936e+06 frac=0.554638 grounded=0x40800000 linTerm=1.66667e-05
spd=1889.266 ctrl=(-969977.1875,0.0000,-2478498.7500) accum=(113574.0938,-0.0000,-66584.3750) cMag=55173.2 fMag=195010 ld0=1.10281e+07 m78=4.90425e+06 frac=0.555294 grounded=0x40800000 linTerm=1.66667e-05
spd=1896.572 ctrl=(-857987.8125,0.0000,-2520766.7500) accum=(116885.9844,-0.0000,-62055.6719) cMag=55428.4 fMag=195882 ld0=1.10772e+07 m78=4.91908e+06 frac=0.555926 grounded=0x40800000 linTerm=1.66667e-05
spd=1903.566 ctrl=(-744135.7500,0.0000,-2557896.0000) accum=(120011.7109,-0.0000,-57358.1953) cMag=55682.5 fMag=196746 ld0=1.11257e+07 m78=4.93387e+06 frac=0.556536 grounded=0x40800000 linTerm=1.66667e-05
spd=1910.253 ctrl=(-628660.8750,0.0000,-2589808.0000) accum=(122942.7891,-0.0000,-52499.8359) cMag=55935.6 fMag=197602 ld0=1.11738e+07 m78=4.9486e+06 frac=0.557123 grounded=0x40800000 linTerm=1.66667e-05
spd=1916.641 ctrl=(-511806.2812,0.0000,-2616431.7500) accum=(125670.9062,-0.0000,-47489.0430) cMag=56187.6 fMag=198450 ld0=1.12212e+07 m78=4.9633e+06 frac=0.557688 grounded=0x40800000 linTerm=1.66667e-05
spd=1922.736 ctrl=(-393817.8750,0.0000,-2637710.7500) accum=(128188.0391,-0.0000,-42334.5664) cMag=56438.6 fMag=199289 ld0=1.12682e+07 m78=4.97795e+06 frac=0.558231 grounded=0x40800000 linTerm=1.66667e-05
spd=1928.544 ctrl=(-274943.1875,0.0000,-2653599.0000) accum=(130486.7578,-0.0000,-37045.6680) cMag=56688.5 fMag=200121 ld0=1.13146e+07 m78=4.99256e+06 frac=0.558752 grounded=0x40800000 linTerm=1.66667e-05
spd=1934.071 ctrl=(-155432.1719,0.0000,-2664062.2500) accum=(132559.8438,-0.0000,-31631.9160) cMag=56937.3 fMag=200944 ld0=1.13605e+07 m78=5.00713e+06 frac=0.559252 grounded=0x40800000 linTerm=1.66667e-05
spd=1939.324 ctrl=(-35535.5977,0.0000,-2669076.5000) accum=(134400.7031,-0.0000,-26103.2285) cMag=57185.1 fMag=201759 ld0=1.14059e+07 m78=5.02167e+06 frac=0.559731 grounded=0x40800000 linTerm=1.66667e-05
spd=1944.310 ctrl=(84495.5625,0.0000,-2668632.5000) accum=(136002.9062,-0.0000,-20469.9355) cMag=57431.9 fMag=202565 ld0=1.14507e+07 m78=5.03618e+06 frac=0.560188 grounded=0x40800000 linTerm=1.66667e-05
spd=1949.034 ctrl=(204410.2812,0.0000,-2662728.5000) accum=(137360.8281,-0.0000,-14742.5938) cMag=57677.6 fMag=203364 ld0=1.14951e+07 m78=5.05065e+06 frac=0.560625 grounded=0x40800000 linTerm=1.66667e-05
spd=1953.503 ctrl=(323957.5625,0.0000,-2651379.5000) accum=(138468.9688,-0.0000,-8932.2979) cMag=57922.3 fMag=204155 ld0=1.15389e+07 m78=5.06509e+06 frac=0.56104 grounded=0x40800000 linTerm=1.66667e-05
spd=1957.723 ctrl=(442888.3750,0.0000,-2634608.2500) accum=(139322.7188,-0.0000,-3050.1179) cMag=58165.9 fMag=204937 ld0=1.15821e+07 m78=5.07951e+06 frac=0.561435 grounded=0x40800000 linTerm=1.66667e-05
spd=1961.700 ctrl=(560954.3750,0.0000,-2612449.2500) accum=(139917.6562,-0.0000,2892.2815) cMag=58408.4 fMag=205711 ld0=1.16248e+07 m78=5.0939e+06 frac=0.561809 grounded=0x40800000 linTerm=1.66667e-05
spd=1965.441 ctrl=(677910.1875,0.0000,-2584950.5000) accum=(140250.0000,-0.0000,8883.2871) cMag=58650 fMag=206477 ld0=1.1667e+07 m78=5.10827e+06 frac=0.562163 grounded=0x40800000 linTerm=1.66667e-05
spd=1968.950 ctrl=(793512.4375,0.0000,-2552169.2500) accum=(140316.5781,-0.0000,14910.8398) cMag=58890.4 fMag=207235 ld0=1.17087e+07 m78=5.12261e+06 frac=0.562495 grounded=0x40800000 linTerm=1.66667e-05
spd=1972.236 ctrl=(907521.4375,0.0000,-2514174.7500) accum=(140114.7031,-0.0000,20962.7695) cMag=59129.7 fMag=207985 ld0=1.17498e+07 m78=5.13694e+06 frac=0.562807 grounded=0x40800000 linTerm=1.66667e-05
spd=1975.302 ctrl=(1019701.0625,0.0000,-2471046.7500) accum=(139642.3125,0.0000,27026.8672) cMag=59368.1 fMag=208726 ld0=1.17904e+07 m78=5.15125e+06 frac=0.563099 grounded=0x40800000 linTerm=1.66667e-05
spd=1978.157 ctrl=(1129818.7500,0.0000,-2422875.2500) accum=(138897.9062,0.0000,33090.5039) cMag=59605.3 fMag=209460 ld0=1.18305e+07 m78=5.16554e+06 frac=0.56337 grounded=0x40800000 linTerm=1.66667e-05
spd=1980.804 ctrl=(1237648.0000,0.0000,-2369762.5000) accum=(137880.5469,0.0000,39141.1953) cMag=59841.5 fMag=210185 ld0=1.187e+07 m78=5.17982e+06 frac=0.563621 grounded=0x40800000 linTerm=1.66667e-05
spd=1983.251 ctrl=(1342965.7500,0.0000,-2311818.0000) accum=(136589.9062,0.0000,45166.2812) cMag=60076.6 fMag=210901 ld0=1.1909e+07 m78=5.19409e+06 frac=0.563852 grounded=0x40800000 linTerm=1.66667e-05
spd=1985.503 ctrl=(1445555.7500,0.0000,-2249164.2500) accum=(135026.2969,0.0000,51152.9531) cMag=60310.7 fMag=211610 ld0=1.19475e+07 m78=5.20835e+06 frac=0.564062 grounded=0x40800000 linTerm=1.66667e-05
spd=1987.565 ctrl=(1545206.7500,0.0000,-2181931.2500) accum=(133190.5938,0.0000,57088.4883) cMag=60543.7 fMag=212310 ld0=1.19854e+07 m78=5.2226e+06 frac=0.564252 grounded=0x40800000 linTerm=1.66667e-05
spd=1989.443 ctrl=(1948223.3750,0.0000,-2517012.0000) accum=(130998.3125,0.0000,62744.1484) cMag=60586.5 fMag=212518 ld0=1.19988e+07 m78=5.2129e+06 frac=0.565548 grounded=0x40800000 linTerm=1.66667e-05
spd=1997.222 ctrl=(2056094.6250,0.0000,-2435139.7500) accum=(127595.5234,0.0000,68221.8125) cMag=60489.3 fMag=211884 ld0=1.19586e+07 m78=5.20713e+06 frac=0.564569 grounded=0x40800000 linTerm=1.66667e-05
spd=2005.136 ctrl=(2160284.7500,0.0000,-2348382.5000) accum=(124117.0938,0.0000,73539.2422) cMag=60392.4 fMag=211285 ld0=1.19214e+07 m78=5.19358e+06 frac=0.564347 grounded=0x40800000 linTerm=1.66667e-05
spd=2013.143 ctrl=(2260635.7500,0.0000,-2256989.7500) accum=(120494.4141,-0.0000,78694.8203) cMag=60311.3 fMag=210783 ld0=1.18901e+07 m78=5.18206e+06 frac=0.564171 grounded=0x40800000 linTerm=1.66667e-05
spd=2021.205 ctrl=(2356945.2500,0.0000,-2161147.7500) accum=(116729.8516,-0.0000,83688.9219) cMag=60244.7 fMag=210368 ld0=1.18644e+07 m78=5.17223e+06 frac=0.564054 grounded=0x40800000 linTerm=1.66667e-05
spd=2029.288 ctrl=(2449022.0000,0.0000,-2061053.5000) accum=(112825.3359,0.0000,88521.4219) cMag=60191.3 fMag=210034 ld0=1.18436e+07 m78=5.16378e+06 frac=0.564004 grounded=0x40800000 linTerm=1.66667e-05
spd=2037.362 ctrl=(2536680.5000,0.0000,-1956907.5000) accum=(108782.2969,0.0000,93191.3203) cMag=60149.9 fMag=209772 ld0=1.18274e+07 m78=5.15647e+06 frac=0.564025 grounded=0x40800000 linTerm=1.66667e-05
spd=2045.398 ctrl=(2619748.7500,0.0000,-1848919.1250) accum=(104602.2969,-0.0000,97697.0156) cMag=60119.4 fMag=209577 ld0=1.18153e+07 m78=5.15007e+06 frac=0.56412 grounded=0x40800000 linTerm=1.66667e-05
spd=2053.375 ctrl=(2698060.7500,0.0000,-1737302.7500) accum=(100286.6016,-0.0000,102036.2344) cMag=60098.9 fMag=209440 ld0=1.1807e+07 m78=5.14441e+06 frac=0.56429 grounded=0x40800000 linTerm=1.66667e-05
spd=2061.268 ctrl=(2771464.2500,0.0000,-1622279.0000) accum=(95836.8438,-0.0000,106206.0859) cMag=60087.4 fMag=209358 ld0=1.1802e+07 m78=5.13935e+06 frac=0.564534 grounded=0x40800000 linTerm=1.66667e-05
spd=2069.061 ctrl=(2839814.5000,0.0000,-1504075.5000) accum=(91254.8203,-0.0000,110203.1484) cMag=60084.1 fMag=209324 ld0=1.18e+07 m78=5.13476e+06 frac=0.56485 grounded=0x40800000 linTerm=1.66667e-05
spd=2076.735 ctrl=(2902978.7500,0.0000,-1382923.0000) accum=(86542.5859,-0.0000,114023.6797) cMag=60088.1 fMag=209333 ld0=1.18007e+07 m78=5.13055e+06 frac=0.565235 grounded=0x40800000 linTerm=1.66667e-05
spd=2084.277 ctrl=(2960834.7500,0.0000,-1259059.2500) accum=(81702.6562,0.0000,117663.1562) cMag=60098.6 fMag=209381 ld0=1.18039e+07 m78=5.12662e+06 frac=0.565684 grounded=0x40800000 linTerm=1.66667e-05
spd=2091.673 ctrl=(3013270.0000,0.0000,-1132724.3750) accum=(76737.9766,0.0000,121117.1094) cMag=60115.2 fMag=209464 ld0=1.18093e+07 m78=5.12293e+06 frac=0.566194 grounded=0x40800000 linTerm=1.66667e-05
spd=2098.912 ctrl=(3060183.2500,0.0000,-1004163.7500) accum=(71651.9141,0.0000,124380.6406) cMag=60137.1 fMag=209578 ld0=1.18166e+07 m78=5.1194e+06 frac=0.566761 grounded=0x40800000 linTerm=1.66667e-05
spd=2105.986 ctrl=(3101486.0000,0.0000,-873626.0000) accum=(66448.3438,0.0000,127448.6484) cMag=60163.8 fMag=209720 ld0=1.18256e+07 m78=5.11601e+06 frac=0.56738 grounded=0x40800000 linTerm=1.66667e-05
spd=2112.884 ctrl=(3137098.2500,0.0000,-741362.6875) accum=(61131.7617,0.0000,130315.9297) cMag=60194.7 fMag=209886 ld0=1.18362e+07 m78=5.11271e+06 frac=0.568045 grounded=0x40800000 linTerm=1.66667e-05
spd=2119.601 ctrl=(3166953.7500,0.0000,-607628.0000) accum=(55707.0195,0.0000,132977.2500) cMag=60229.4 fMag=210074 ld0=1.18482e+07 m78=5.10948e+06 frac=0.568753 grounded=0x40800000 linTerm=1.66667e-05
spd=2126.131 ctrl=(3190996.5000,0.0000,-472678.2812) accum=(50179.6562,0.0000,135427.2500) cMag=60267.5 fMag=210281 ld0=1.18613e+07 m78=5.10631e+06 frac=0.569499 grounded=0x40800000 linTerm=1.66667e-05
spd=2132.469 ctrl=(3209181.0000,0.0000,-336771.2188) accum=(44555.5195,0.0000,137660.7812) cMag=60308.5 fMag=210504 ld0=1.18755e+07 m78=5.10316e+06 frac=0.570277 grounded=0x40800000 linTerm=1.66667e-05
spd=2138.613 ctrl=(3221475.0000,0.0000,-200166.2031) accum=(38841.2344,0.0000,139672.6719) cMag=60352.1 fMag=210742 ld0=1.18906e+07 m78=5.10004e+06 frac=0.571085 grounded=0x40800000 linTerm=1.66667e-05
spd=2144.558 ctrl=(3227857.2500,0.0000,-63122.4336) accum=(33043.6797,0.0000,141458.0156) cMag=60397.9 fMag=210992 ld0=1.19064e+07 m78=5.09694e+06 frac=0.571917 grounded=0x40800000 linTerm=1.66667e-05
spd=2150.304 ctrl=(3228316.7500,0.0000,74099.9297) accum=(27170.3965,0.0000,143012.0312) cMag=60445.7 fMag=211253 ld0=1.1923e+07 m78=5.09385e+06 frac=0.57277 grounded=0x40800000 linTerm=1.66667e-05
spd=2155.848 ctrl=(3222854.2500,0.0000,211241.5000) accum=(21229.2617,-0.0000,144330.2344) cMag=60495.2 fMag=211523 ld0=1.19401e+07 m78=5.09076e+06 frac=0.57364 grounded=0x40800000 linTerm=1.66667e-05
spd=2161.191 ctrl=(3211484.5000,0.0000,348043.5938) accum=(15228.6260,-0.0000,145408.2812) cMag=60546 fMag=211800 ld0=1.19576e+07 m78=5.08769e+06 frac=0.574524 grounded=0x40800000 linTerm=1.66667e-05
spd=2166.332 ctrl=(3194229.2500,0.0000,484248.8125) accum=(9177.1758,-0.0000,146242.4531) cMag=60598.1 fMag=212084 ld0=1.19756e+07 m78=5.08461e+06 frac=0.575418 grounded=0x40800000 linTerm=1.66667e-05
spd=2171.273 ctrl=(3171124.0000,0.0000,619601.4375) accum=(3084.1924,0.0000,146829.0000) cMag=60651 fMag=212372 ld0=1.19938e+07 m78=5.08155e+06 frac=0.576319 grounded=0x40800000 linTerm=1.66667e-05
spd=2176.014 ctrl=(3142214.5000,0.0000,753848.0000) accum=(-3040.9404,0.0000,147164.8750) cMag=60704.7 fMag=212664 ld0=1.20123e+07 m78=5.0785e+06 frac=0.577225 grounded=0x40800000 linTerm=1.66667e-05
spd=2180.556 ctrl=(3107558.2500,0.0000,886738.2500) accum=(-9188.3672,0.0000,147247.2344) cMag=60759 fMag=212959 ld0=1.20309e+07 m78=5.07546e+06 frac=0.578133 grounded=0x40800000 linTerm=1.66667e-05
spd=2184.903 ctrl=(3067224.0000,0.0000,1018024.8125) accum=(-15347.9238,0.0000,147073.7812) cMag=60813.6 fMag=213255 ld0=1.20497e+07 m78=5.07244e+06 frac=0.57904 grounded=0x40800000 linTerm=1.66667e-05
spd=2189.055 ctrl=(3021287.0000,0.0000,1147463.0000) accum=(-21509.3027,0.0000,146642.6719) cMag=60868.4 fMag=213552 ld0=1.20685e+07 m78=5.06943e+06 frac=0.579945 grounded=0x40800000 linTerm=1.66667e-05
spd=2193.017 ctrl=(2969838.7500,0.0000,1274814.2500) accum=(-27661.8965,-0.0000,145952.5625) cMag=60923.4 fMag=213849 ld0=1.20872e+07 m78=5.06644e+06 frac=0.580844 grounded=0x40800000 linTerm=1.66667e-05
spd=2196.791 ctrl=(2912975.7500,0.0000,1399842.2500) accum=(-33794.8125,-0.0000,145002.5312) cMag=60978.2 fMag=214146 ld0=1.2106e+07 m78=5.06348e+06 frac=0.581737 grounded=0x40800000 linTerm=1.66667e-05
spd=2200.379 ctrl=(2850808.7500,0.0000,1522317.5000) accum=(-39897.0273,-0.0000,143792.2344) cMag=61032.8 fMag=214440 ld0=1.21246e+07 m78=5.06056e+06 frac=0.582621 grounded=0x40800000 linTerm=1.66667e-05
spd=2203.786 ctrl=(2783453.7500,0.0000,1642013.6250) accum=(-45957.5664,-0.0000,142321.8281) cMag=61087.2 fMag=214733 ld0=1.21431e+07 m78=5.05766e+06 frac=0.583495 grounded=0x40800000 linTerm=1.66667e-05
spd=2207.016 ctrl=(2711040.7500,0.0000,1758712.5000) accum=(-51965.1016,-0.0000,140591.9844) cMag=61141.1 fMag=215023 ld0=1.21614e+07 m78=5.0548e+06 frac=0.584357 grounded=0x40800000 linTerm=1.66667e-05
spd=2210.072 ctrl=(2633704.7500,0.0000,1872199.8750) accum=(-57908.3203,-0.0000,138604.0156) cMag=61194.4 fMag=215310 ld0=1.21795e+07 m78=5.05198e+06 frac=0.585207 grounded=0x40800000 linTerm=1.66667e-05
spd=2212.958 ctrl=(2551592.2500,0.0000,1982269.2500) accum=(-63776.0391,-0.0000,136359.7031) cMag=61247.2 fMag=215593 ld0=1.21974e+07 m78=5.04921e+06 frac=0.586042 grounded=0x40800000 linTerm=1.66667e-05
spd=2215.678 ctrl=(2464857.0000,0.0000,2088720.2500) accum=(-69556.7266,-0.0000,133861.3750) cMag=61299.3 fMag=215872 ld0=1.2215e+07 m78=5.04648e+06 frac=0.586862 grounded=0x40800000 linTerm=1.66667e-05
spd=2218.238 ctrl=(2373661.2500,0.0000,2191359.5000) accum=(-75239.1875,-0.0000,131112.0312) cMag=61350.6 fMag=216146 ld0=1.22323e+07 m78=5.0438e+06 frac=0.587667 grounded=0x40800000 linTerm=1.66667e-05
spd=2220.640 ctrl=(2278175.7500,0.0000,2290002.0000) accum=(-80812.1797,-0.0000,128115.1094) cMag=61401 fMag=216416 ld0=1.22493e+07 m78=5.04117e+06 frac=0.588454 grounded=0x40800000 linTerm=1.66667e-05
spd=2222.891 ctrl=(2178577.2500,0.0000,2384468.5000) accum=(-86264.5547,-0.0000,124874.6328) cMag=61450.6 fMag=216680 ld0=1.2266e+07 m78=5.0386e+06 frac=0.589223 grounded=0x40800000 linTerm=1.66667e-05
spd=2224.993 ctrl=(2075051.7500,0.0000,2474591.0000) accum=(-91585.3125,-0.0000,121395.2344) cMag=61499.1 fMag=216939 ld0=1.22824e+07 m78=5.03608e+06 frac=0.589975 grounded=0x40800000 linTerm=1.66667e-05
spd=2226.953 ctrl=(1967790.0000,0.0000,2560206.2500) accum=(-96763.5781,-0.0000,117682.0547) cMag=61546.7 fMag=217192 ld0=1.22983e+07 m78=5.03362e+06 frac=0.590707 grounded=0x40800000 linTerm=1.66667e-05
spd=2228.774 ctrl=(1856990.8750,0.0000,2641161.5000) accum=(-101788.7109,-0.0000,113740.8359) cMag=61593.2 fMag=217439 ld0=1.23139e+07 m78=5.03122e+06 frac=0.591419 grounded=0x40800000 linTerm=1.66667e-05
spd=2230.461 ctrl=(1742857.6250,0.0000,2717312.2500) accum=(-106650.3281,-0.0000,109577.7188) cMag=61638.6 fMag=217680 ld0=1.23291e+07 m78=5.02889e+06 frac=0.592112 grounded=0x40800000 linTerm=1.66667e-05
spd=2232.019 ctrl=(1625600.6250,0.0000,2788522.7500) accum=(-111338.1719,-0.0000,105199.5391) cMag=61682.8 fMag=217915 ld0=1.23439e+07 m78=5.02661e+06 frac=0.592785 grounded=0x40800000 linTerm=1.66667e-05
spd=2233.454 ctrl=(1505435.5000,0.0000,2854668.0000) accum=(-115842.3828,-0.0000,100613.5156) cMag=61725.8 fMag=218142 ld0=1.23582e+07 m78=5.02441e+06 frac=0.593437 grounded=0x40800000 linTerm=1.66667e-05
spd=2234.769 ctrl=(1382581.7500,0.0000,2915629.5000) accum=(-120153.5000,-0.0000,95827.3828) cMag=61767.6 fMag=218364 ld0=1.23722e+07 m78=5.02227e+06 frac=0.594068 grounded=0x40800000 linTerm=1.66667e-05
spd=2235.969 ctrl=(1257263.8750,0.0000,2971301.7500) accum=(-124262.1328,-0.0000,90849.4219) cMag=61808.2 fMag=218578 ld0=1.23857e+07 m78=5.0202e+06 frac=0.594678 grounded=0x40800000 linTerm=1.66667e-05
spd=2237.059 ctrl=(1129710.5000,0.0000,3021586.0000) accum=(-128159.4844,-0.0000,85688.3359) cMag=61847.5 fMag=218786 ld0=1.23988e+07 m78=5.01819e+06 frac=0.595268 grounded=0x40800000 linTerm=1.66667e-05
spd=2238.043 ctrl=(1000153.7500,0.0000,3066393.7500) accum=(-131837.0156,-0.0000,80353.2422) cMag=61885.5 fMag=218986 ld0=1.24114e+07 m78=5.01626e+06 frac=0.595836 grounded=0x40800000 linTerm=1.66667e-05
spd=2238.927 ctrl=(868829.8125,0.0000,3105648.5000) accum=(-135286.7656,-0.0000,74853.6797) cMag=61922.2 fMag=219180 ld0=1.24236e+07 m78=5.01439e+06 frac=0.596383 grounded=0x40800000 linTerm=1.66667e-05
spd=2239.715 ctrl=(735976.3125,0.0000,3139282.0000) accum=(-138500.9688,-0.0000,69199.6797) cMag=61957.6 fMag=219366 ld0=1.24354e+07 m78=5.01259e+06 frac=0.596908 grounded=0x40800000 linTerm=1.66667e-05
spd=2240.411 ctrl=(601834.5000,0.0000,3167238.0000) accum=(-141472.5938,-0.0000,63401.5469) cMag=61991.7 fMag=219545 ld0=1.24467e+07 m78=5.01086e+06 frac=0.597413 grounded=0x40800000 linTerm=1.66667e-05
spd=2241.020 ctrl=(466646.7812,0.0000,3189466.0000) accum=(-144194.8906,-0.0000,57469.9453) cMag=62024.5 fMag=219718 ld0=1.24575e+07 m78=5.0092e+06 frac=0.597897 grounded=0x40800000 linTerm=1.66667e-05
spd=2241.546 ctrl=(330657.6250,0.0000,3205932.0000) accum=(-146661.7031,0.0000,51415.9258) cMag=62055.9 fMag=219883 ld0=1.24679e+07 m78=5.00761e+06 frac=0.598361 grounded=0x40800000 linTerm=1.66667e-05
spd=2241.994 ctrl=(194112.1406,0.0000,3216608.2500) accum=(-148867.3125,0.0000,45250.9062) cMag=62086.1 fMag=220041 ld0=1.24779e+07 m78=5.00609e+06 frac=0.598803 grounded=0x40800000 linTerm=1.66667e-05
spd=2242.367 ctrl=(57256.8945,0.0000,3221478.5000) accum=(-150806.6250,0.0000,38986.3750) cMag=62114.9 fMag=220192 ld0=1.24874e+07 m78=5.00464e+06 frac=0.599226 grounded=0x40800000 linTerm=1.66667e-05
spd=2242.670 ctrl=(-79661.5547,0.0000,3220535.2500) accum=(-152475.0469,0.0000,32634.2324) cMag=62142.4 fMag=220336 ld0=1.24965e+07 m78=5.00325e+06 frac=0.599628 grounded=0x40800000 linTerm=1.66667e-05
spd=2242.907 ctrl=(-240422.6719,0.0000,3570596.2500) accum=(-153868.5625,0.0000,26206.4688) cMag=62168.7 fMag=220474 ld0=1.25052e+07 m78=5.00193e+06 frac=0.600011 grounded=0x40800000 linTerm=1.66667e-05
spd=2247.194 ctrl=(-392243.9062,0.0000,3560115.7500) accum=(-154450.4219,0.0000,19419.6699) cMag=62101.9 fMag=220071 ld0=1.24795e+07 m78=5.00287e+06 frac=0.599114 grounded=0x40800000 linTerm=1.66667e-05
spd=2251.594 ctrl=(-543565.4375,0.0000,3542900.0000) accum=(-154822.7500,0.0000,12677.0879) cMag=62032.9 fMag=219674 ld0=1.24548e+07 m78=4.99731e+06 frac=0.598766 grounded=0x40800000 linTerm=1.66667e-05
spd=2256.082 ctrl=(-694096.6250,0.0000,3519072.7500) accum=(-154940.7031,0.0000,5956.9058) cMag=61972.7 fMag=219327 ld0=1.24333e+07 m78=4.99255e+06 frac=0.598453 grounded=0x40800000 linTerm=1.66667e-05
spd=2260.635 ctrl=(-843543.3750,0.0000,3488679.5000) accum=(-154806.6875,0.0000,-733.8082) cMag=61920.7 fMag=219028 ld0=1.24147e+07 m78=4.98846e+06 frac=0.59818 grounded=0x40800000 linTerm=1.66667e-05
spd=2265.232 ctrl=(-991613.1250,0.0000,3451776.0000) accum=(-154422.7969,0.0000,-7388.4155) cMag=61876.5 fMag=218773 ld0=1.23988e+07 m78=4.98491e+06 frac=0.597953 grounded=0x40800000 linTerm=1.66667e-05
spd=2269.854 ctrl=(-1138018.0000,0.0000,3408433.2500) accum=(-153790.9844,0.0000,-13999.9502) cMag=61839.7 fMag=218560 ld0=1.23856e+07 m78=4.98179e+06 frac=0.597776 grounded=0x40800000 linTerm=1.66667e-05
spd=2274.484 ctrl=(-1282473.7500,0.0000,3358733.7500) accum=(-152913.0781,0.0000,-20561.7617) cMag=61809.9 fMag=218387 ld0=1.23748e+07 m78=4.97902e+06 frac=0.59765 grounded=0x40800000 linTerm=1.66667e-05
spd=2279.105 ctrl=(-1424700.6250,0.0000,3302774.0000) accum=(-151790.7812,0.0000,-27066.8457) cMag=61786.6 fMag=218250 ld0=1.23664e+07 m78=4.97651e+06 frac=0.597577 grounded=0x40800000 linTerm=1.66667e-05
spd=2283.701 ctrl=(-1564424.1250,0.0000,3240660.0000) accum=(-150425.7656,0.0000,-33508.3906) cMag=61769.4 fMag=218148 ld0=1.236e+07 m78=4.97421e+06 frac=0.597557 grounded=0x40800000 linTerm=1.66667e-05
spd=2288.258 ctrl=(-1701375.1250,0.0000,3172511.7500) accum=(-148819.6875,0.0000,-39879.1758) cMag=61757.8 fMag=218077 ld0=1.23557e+07 m78=4.97207e+06 frac=0.597589 grounded=0x40800000 linTerm=1.66667e-05
spd=2292.765 ctrl=(-1835291.0000,0.0000,3098461.7500) accum=(-146974.2344,0.0000,-46171.9414) cMag=61751.7 fMag=218036 ld0=1.23532e+07 m78=4.97004e+06 frac=0.597671 grounded=0x40800000 linTerm=1.66667e-05
spd=2297.208 ctrl=(-1965916.2500,0.0000,3018652.2500) accum=(-144891.3125,0.0000,-52379.3320) cMag=61750.4 fMag=218023 ld0=1.23524e+07 m78=4.96809e+06 frac=0.597804 grounded=0x40800000 linTerm=1.66667e-05
spd=1162.321 ctrl=(-2270887.7500,0.0000,2554914.5000) accum=(-59916.1523,0.0000,-58722.5898) cMag=45433.2 fMag=131202 ld0=6.96924e+06 m78=3.67763e+06 frac=0.472306 grounded=0x40800000 linTerm=1.66667e-05
spd=1202.163 ctrl=(-2365461.7500,0.0000,2484568.2500) accum=(-56944.6172,0.0000,-63217.9648) cMag=50721.9 fMag=142805 ld0=7.52554e+06 m78=4.5136e+06 frac=0.400229 grounded=0x40800000 linTerm=1.66667e-05
spd=1241.531 ctrl=(-2460330.2500,0.0000,2407708.0000) accum=(-55162.1328,0.0000,-65006.6055) cMag=50961.9 fMag=145186 ld0=7.67856e+06 m78=4.67958e+06 frac=0.390565 grounded=0x40800000 linTerm=1.66667e-05
spd=1280.412 ctrl=(-2555005.7500,0.0000,2324120.7500) accum=(-53809.9453,0.0000,-67060.6953) cMag=51227.1 fMag=147698 ld0=7.84095e+06 m78=4.81265e+06 frac=0.386215 grounded=0x40800000 linTerm=1.66667e-05
spd=1318.745 ctrl=(-2648956.5000,0.0000,2233617.5000) accum=(-52736.4766,0.0000,-69369.2734) cMag=51512.3 fMag=150309 ld0=8.01028e+06 m78=4.91954e+06 frac=0.385847 grounded=0x40800000 linTerm=1.66667e-05
spd=1356.470 ctrl=(-2741621.0000,0.0000,2136048.5000) accum=(-51818.8672,0.0000,-71919.5938) cMag=51814.5 fMag=152996 ld0=8.18476e+06 m78=5.00558e+06 frac=0.388426 grounded=0x40800000 linTerm=1.66667e-05
spd=1393.528 ctrl=(-2832408.7500,0.0000,2031308.8750) accum=(-50956.9570,0.0000,-74697.5156) cMag=52131.8 fMag=155741 ld0=8.36302e+06 m78=5.07498e+06 frac=0.393164 grounded=0x40800000 linTerm=1.66667e-05
spd=1429.863 ctrl=(-2920707.7500,0.0000,1919342.7500) accum=(-50068.5898,0.0000,-77687.1562) cMag=52462.9 fMag=158530 ld0=8.54405e+06 m78=5.13106e+06 frac=0.399458 grounded=0x40800000 linTerm=1.66667e-05
spd=1465.416 ctrl=(-3005881.2500,0.0000,1800145.0000) accum=(-49085.5352,0.0000,-80871.4531) cMag=52806.9 fMag=161353 ld0=8.72707e+06 m78=5.17647e+06 frac=0.406849 grounded=0x40800000 linTerm=1.66667e-05
spd=1500.134 ctrl=(-3086865.2500,0.0000,1674714.3750) accum=(-47885.3672,0.0000,-84165.4062) cMag=53149.8 fMag=164098 ld0=8.90485e+06 m78=5.21243e+06 frac=0.414653 grounded=0x40800000 linTerm=1.66667e-05
spd=1533.984 ctrl=(-3162293.5000,0.0000,1545492.8750) accum=(-46299.1328,0.0000,-87387.2656) cMag=53461.1 fMag=166539 ld0=9.06269e+06 m78=5.23891e+06 frac=0.421925 grounded=0x40800000 linTerm=1.66667e-05
spd=1566.985 ctrl=(-3232042.2500,0.0000,1412766.0000) accum=(-44367.5273,0.0000,-90523.1016) cMag=53746.8 fMag=168732 ld0=9.20438e+06 m78=5.25806e+06 frac=0.428744 grounded=0x40800000 linTerm=1.66667e-05
spd=1599.157 ctrl=(-3295960.7500,0.0000,1276800.7500) accum=(-42124.0039,0.0000,-93559.9844) cMag=54011 fMag=170722 ld0=9.33286e+06 m78=5.27151e+06 frac=0.435167 grounded=0x40800000 linTerm=1.66667e-05
spd=1630.519 ctrl=(-3353906.5000,0.0000,1137868.1250) accum=(-39596.7734,0.0000,-96486.4453) cMag=54257.2 fMag=172545 ld0=9.45046e+06 m78=5.28051e+06 frac=0.441243 grounded=0x40800000 linTerm=1.66667e-05
spd=1661.085 ctrl=(-3405745.2500,0.0000,996242.7500) accum=(-36810.0195,0.0000,-99292.0938) cMag=54488.4 fMag=174230 ld0=9.55904e+06 m78=5.28603e+06 frac=0.447013 grounded=0x40800000 linTerm=1.66667e-05
spd=1690.870 ctrl=(-3451353.5000,0.0000,852204.3125) accum=(-33784.7695,0.0000,-101967.6484) cMag=54707 fMag=175798 ld0=9.66009e+06 m78=5.28881e+06 frac=0.45251 grounded=0x40800000 linTerm=1.66667e-05
spd=1719.889 ctrl=(-3490619.7500,0.0000,706037.6875) accum=(-30539.5000,0.0000,-104504.3359) cMag=54915 fMag=177269 ld0=9.75481e+06 m78=5.28942e+06 frac=0.457763 grounded=0x40800000 linTerm=1.66667e-05
spd=1748.153 ctrl=(-3523447.0000,0.0000,558033.1250) accum=(-27090.7637,0.0000,-106894.1562) cMag=55113.9 fMag=178657 ld0=9.84417e+06 m78=5.28831e+06 frac=0.462798 grounded=0x40800000 linTerm=1.66667e-05
spd=1775.673 ctrl=(-3549748.7500,0.0000,408484.7188) accum=(-23453.7129,0.0000,-109129.5156) cMag=55305.1 fMag=179976 ld0=9.92897e+06 m78=5.28583e+06 frac=0.467636 grounded=0x40800000 linTerm=1.66667e-05
spd=1802.459 ctrl=(-3569453.7500,0.0000,257690.5312) accum=(-19642.0801,0.0000,-111203.2266) cMag=55489.8 fMag=181234 ld0=1.00099e+07 m78=5.28225e+06 frac=0.472295 grounded=0x40800000 linTerm=1.66667e-05
spd=1828.522 ctrl=(-3582503.7500,0.0000,105951.5234) accum=(-15668.9092,0.0000,-113108.5469) cMag=55668.9 fMag=182440 ld0=1.00874e+07 m78=5.2778e+06 frac=0.476792 grounded=0x40800000 linTerm=1.66667e-05
spd=1853.870 ctrl=(-3588856.0000,0.0000,-46428.0312) accum=(-11546.3916,0.0000,-114839.1016) cMag=55843.2 fMag=183602 ld0=1.0162e+07 m78=5.27264e+06 frac=0.481141 grounded=0x40800000 linTerm=1.66667e-05
spd=1878.511 ctrl=(-3588482.2500,0.0000,-199142.6562) accum=(-7286.2910,0.0000,-116388.7969) cMag=56013.3 fMag=184724 ld0=1.0234e+07 m78=5.26691e+06 frac=0.485354 grounded=0x40800000 linTerm=1.66667e-05
spd=1902.455 ctrl=(-3581365.5000,0.0000,-351885.4688) accum=(-2899.7268,0.0000,-117751.9375) cMag=56179.8 fMag=185812 ld0=1.03038e+07 m78=5.26071e+06 frac=0.489442 grounded=0x40800000 linTerm=1.66667e-05
spd=1925.709 ctrl=(-3567508.5000,0.0000,-504349.3750) accum=(1602.2303,0.0000,-118923.0078) cMag=56343.2 fMag=186869 ld0=1.03717e+07 m78=5.25414e+06 frac=0.493415 grounded=0x40800000 linTerm=1.66667e-05
spd=1948.281 ctrl=(-3546925.2500,0.0000,-656227.4375) accum=(6208.7271,0.0000,-119896.8750) cMag=56503.8 fMag=187900 ld0=1.04377e+07 m78=5.24726e+06 frac=0.49728 grounded=0x40800000 linTerm=1.66667e-05
spd=1970.180 ctrl=(-3519644.5000,0.0000,-807213.8750) accum=(10909.2637,0.0000,-120668.7578) cMag=56662 fMag=188906 ld0=1.05022e+07 m78=5.24013e+06 frac=0.501046 grounded=0x40800000 linTerm=1.66667e-05
spd=1991.413 ctrl=(-3485709.7500,0.0000,-957004.5625) accum=(15693.1348,0.0000,-121234.1484) cMag=56818 fMag=189891 ld0=1.05653e+07 m78=5.2328e+06 frac=0.504718 grounded=0x40800000 linTerm=1.66667e-05
spd=2011.989 ctrl=(-3445181.0000,0.0000,-1105298.5000) accum=(20549.8828,0.0000,-121588.8828) cMag=56972.2 fMag=190856 ld0=1.06271e+07 m78=5.22531e+06 frac=0.508302 grounded=0x40800000 linTerm=1.66667e-05
spd=2031.915 ctrl=(-3398129.7500,0.0000,-1251797.2500) accum=(25468.9355,0.0000,-121729.1484) cMag=57124.6 fMag=191803 ld0=1.06877e+07 m78=5.21768e+06 frac=0.511804 grounded=0x40800000 linTerm=1.66667e-05
spd=2051.199 ctrl=(-3344640.7500,0.0000,-1396206.5000) accum=(30439.7480,0.0000,-121651.4766) cMag=57275.5 fMag=192734 ld0=1.07472e+07 m78=5.20994e+06 frac=0.515227 grounded=0x40800000 linTerm=1.66667e-05
spd=2069.851 ctrl=(-3284815.2500,0.0000,-1538236.5000) accum=(35451.7539,0.0000,-121352.7109) cMag=57425 fMag=193650 ld0=1.08057e+07 m78=5.20212e+06 frac=0.518576 grounded=0x40800000 linTerm=1.66667e-05
spd=2087.877 ctrl=(-3218766.0000,0.0000,-1677603.0000) accum=(40494.1406,0.0000,-120830.2344) cMag=57573.2 fMag=194551 ld0=1.08633e+07 m78=5.19424e+06 frac=0.521854 grounded=0x40800000 linTerm=1.66667e-05
spd=2105.286 ctrl=(-3146619.5000,0.0000,-1814027.5000) accum=(45556.3555,0.0000,-120081.6875) cMag=57720.2 fMag=195439 ld0=1.092e+07 m78=5.1863e+06 frac=0.525064 grounded=0x40800000 linTerm=1.66667e-05
spd=2122.088 ctrl=(-3068515.5000,0.0000,-1947238.3750) accum=(50627.4922,0.0000,-119105.1797) cMag=57866 fMag=196315 ld0=1.09759e+07 m78=5.17833e+06 frac=0.528208 grounded=0x40800000 linTerm=1.66667e-05
spd=2138.291 ctrl=(-2984605.2500,0.0000,-2076970.7500) accum=(55696.6172,0.0000,-117899.1562) cMag=58010.8 fMag=197178 ld0=1.1031e+07 m78=5.17034e+06 frac=0.531289 grounded=0x40800000 linTerm=1.66667e-05
spd=2153.904 ctrl=(-2895051.5000,0.0000,-2202967.0000) accum=(60752.8711,0.0000,-116462.6484) cMag=58154.5 fMag=198031 ld0=1.10853e+07 m78=5.16233e+06 frac=0.534309 grounded=0x40800000 linTerm=1.66667e-05
spd=2168.935 ctrl=(-2800029.7500,0.0000,-2324978.7500) accum=(65785.2500,0.0000,-114795.0000) cMag=58297.3 fMag=198872 ld0=1.11389e+07 m78=5.15433e+06 frac=0.53727 grounded=0x40800000 linTerm=1.66667e-05
spd=2183.396 ctrl=(-2699725.5000,0.0000,-2442765.7500) accum=(70782.6953,0.0000,-112896.1172) cMag=58439 fMag=199703 ld0=1.11919e+07 m78=5.14633e+06 frac=0.540172 grounded=0x40800000 linTerm=1.66667e-05
spd=2197.293 ctrl=(-2594336.5000,0.0000,-2556097.0000) accum=(75734.1406,0.0000,-110766.2891) cMag=58579.8 fMag=200523 ld0=1.12441e+07 m78=5.13834e+06 frac=0.543019 grounded=0x40800000 linTerm=1.66667e-05
spd=2210.638 ctrl=(-2484068.2500,0.0000,-2664751.0000) accum=(80628.3906,0.0000,-108406.3906) cMag=58719.6 fMag=201334 ld0=1.12957e+07 m78=5.13039e+06 frac=0.54581 grounded=0x40800000 linTerm=1.66667e-05
spd=2223.439 ctrl=(-2369138.2500,0.0000,-2768518.5000) accum=(85454.3750,0.0000,-105817.7109) cMag=58858.5 fMag=202134 ld0=1.13466e+07 m78=5.12246e+06 frac=0.548548 grounded=0x40800000 linTerm=1.66667e-05
spd=2235.707 ctrl=(-2249771.7500,0.0000,-2867198.0000) accum=(90200.9453,0.0000,-103002.0312) cMag=58996.3 fMag=202925 ld0=1.13969e+07 m78=5.11457e+06 frac=0.551231 grounded=0x40800000 linTerm=1.66667e-05
spd=2247.452 ctrl=(-2126202.2500,0.0000,-2960600.0000) accum=(94857.1094,0.0000,-99961.6875) cMag=59133.1 fMag=203706 ld0=1.14465e+07 m78=5.10673e+06 frac=0.553863 grounded=0x40800000 linTerm=1.66667e-05
spd=2258.682 ctrl=(-1998671.1250,0.0000,-3048545.7500) accum=(99411.7812,0.0000,-96699.5078) cMag=59268.9 fMag=204477 ld0=1.14955e+07 m78=5.09894e+06 frac=0.556442 grounded=0x40800000 linTerm=1.66667e-05
spd=2269.410 ctrl=(-1867427.6250,0.0000,-3130869.5000) accum=(103853.9766,0.0000,-93218.9297) cMag=59403.6 fMag=205239 ld0=1.15439e+07 m78=5.0912e+06 frac=0.558971 grounded=0x40800000 linTerm=1.66667e-05
spd=2279.644 ctrl=(-1732727.7500,0.0000,-3207415.7500) accum=(108172.8672,0.0000,-89523.7031) cMag=59537.2 fMag=205991 ld0=1.15916e+07 m78=5.08353e+06 frac=0.561448 grounded=0x40800000 linTerm=1.66667e-05
spd=2289.395 ctrl=(-1807222.3750,0.0000,-3714588.5000) accum=(112357.6484,0.0000,-85618.3438) cMag=59669.6 fMag=206732 ld0=1.16387e+07 m78=5.07593e+06 frac=0.563875 grounded=0x40800000 linTerm=1.66667e-05
spd=2304.459 ctrl=(-1649323.6250,0.0000,-3791616.5000) accum=(115983.9375,0.0000,-80840.7578) cMag=59691.8 fMag=206784 ld0=1.16416e+07 m78=5.07115e+06 frac=0.564394 grounded=0x40800000 linTerm=1.66667e-05
spd=2319.249 ctrl=(-1487961.0000,0.0000,-3861463.2500) accum=(119480.6094,0.0000,-76022.5781) cMag=59710.7 fMag=206849 ld0=1.16462e+07 m78=5.05821e+06 frac=0.565677 grounded=0x40800000 linTerm=1.66667e-05
spd=2333.734 ctrl=(-1323518.2500,0.0000,-3924080.2500) accum=(122813.8359,0.0000,-71104.0469) cMag=59741.4 fMag=206986 ld0=1.16552e+07 m78=5.04636e+06 frac=0.567031 grounded=0x40800000 linTerm=1.66667e-05
spd=2347.891 ctrl=(-1156339.5000,0.0000,-3979344.5000) accum=(125980.3281,0.0000,-66084.4453) cMag=59782.8 fMag=207187 ld0=1.16683e+07 m78=5.03541e+06 frac=0.568455 grounded=0x40800000 linTerm=1.66667e-05
spd=2361.698 ctrl=(-986771.0625,0.0000,-4027150.5000) accum=(128976.3281,0.0000,-60963.6328) cMag=59833.8 fMag=207445 ld0=1.1685e+07 m78=5.02516e+06 frac=0.569949 grounded=0x40800000 linTerm=1.66667e-05
spd=2375.137 ctrl=(-815162.6875,0.0000,-4067403.2500) accum=(131797.5000,0.0000,-55741.8945) cMag=59893.6 fMag=207756 ld0=1.1705e+07 m78=5.01548e+06 frac=0.571508 grounded=0x40800000 linTerm=1.66667e-05
spd=2388.192 ctrl=(-641865.8750,0.0000,-4100029.5000) accum=(134438.9688,0.0000,-50420.3594) cMag=59961.3 fMag=208113 ld0=1.17278e+07 m78=5.00625e+06 frac=0.57313 grounded=0x40800000 linTerm=1.66667e-05
spd=2400.850 ctrl=(-467233.6250,0.0000,-4124967.7500) accum=(136895.4844,0.0000,-45000.6797) cMag=60036.2 fMag=208511 ld0=1.17532e+07 m78=4.99738e+06 frac=0.574808 grounded=0x40800000 linTerm=1.66667e-05
spd=2413.101 ctrl=(-291620.7812,0.0000,-4142175.7500) accum=(139161.5469,0.0000,-39485.2109) cMag=60117.5 fMag=208946 ld0=1.17809e+07 m78=4.98877e+06 frac=0.576539 grounded=0x40800000 linTerm=1.66667e-05
spd=2424.934 ctrl=(-115381.6094,0.0000,-4151624.7500) accum=(141231.4531,0.0000,-33877.0547) cMag=60204.8 fMag=209413 ld0=1.18107e+07 m78=4.98038e+06 frac=0.578317 grounded=0x40800000 linTerm=1.66667e-05
spd=2436.344 ctrl=(61130.1406,0.0000,-4153306.2500) accum=(143099.4688,0.0000,-28179.8770) cMag=60297.3 fMag=209910 ld0=1.18423e+07 m78=4.97214e+06 frac=0.580137 grounded=0x40800000 linTerm=1.66667e-05
spd=2447.324 ctrl=(237561.2969,0.0000,-4147222.7500) accum=(144759.5938,0.0000,-22398.1465) cMag=60394.6 fMag=210433 ld0=1.18755e+07 m78=4.96403e+06 frac=0.581994 grounded=0x40800000 linTerm=1.66667e-05
spd=2457.871 ctrl=(413560.6562,0.0000,-4133397.0000) accum=(146206.0781,0.0000,-16536.8848) cMag=60496.1 fMag=210978 ld0=1.19101e+07 m78=4.95601e+06 frac=0.583883 grounded=0x40800000 linTerm=1.66667e-05
spd=2467.983 ctrl=(588779.7500,0.0000,-4111865.0000) accum=(147433.0781,0.0000,-10601.7568) cMag=60601.5 fMag=211544 ld0=1.1946e+07 m78=4.94805e+06 frac=0.585798 grounded=0x40800000 linTerm=1.66667e-05
spd=2477.658 ctrl=(762873.8125,0.0000,-4082682.2500) accum=(148434.9688,0.0000,-4599.1265) cMag=60710.4 fMag=212126 ld0=1.1983e+07 m78=4.94015e+06 frac=0.587736 grounded=0x40800000 linTerm=1.66667e-05
spd=2486.896 ctrl=(935500.6250,0.0000,-4045913.2500) accum=(149206.3125,0.0000,1464.1090) cMag=60822.3 fMag=212725 ld0=1.20209e+07 m78=4.93228e+06 frac=0.58969 grounded=0x40800000 linTerm=1.66667e-05
spd=2495.698 ctrl=(1106324.0000,0.0000,-4001643.7500) accum=(149741.8906,0.0000,7580.5049) cMag=60936.8 fMag=213336 ld0=1.20596e+07 m78=4.92443e+06 frac=0.591658 grounded=0x40800000 linTerm=1.66667e-05
spd=2504.065 ctrl=(1275012.8750,0.0000,-3949971.5000) accum=(150036.6406,0.0000,13741.9043) cMag=61053.8 fMag=213958 ld0=1.2099e+07 m78=4.91662e+06 frac=0.593634 grounded=0x40800000 linTerm=1.66667e-05
spd=2512.001 ctrl=(1441241.5000,0.0000,-3891010.7500) accum=(150086.0156,0.0000,19939.8125) cMag=61172.8 fMag=214590 ld0=1.2139e+07 m78=4.90882e+06 frac=0.595614 grounded=0x40800000 linTerm=1.66667e-05
spd=2519.508 ctrl=(1604690.6250,0.0000,-3824888.2500) accum=(149885.6562,0.0000,26165.1680) cMag=61293.5 fMag=215230 ld0=1.21794e+07 m78=4.90105e+06 frac=0.597595 grounded=0x40800000 linTerm=1.66667e-05
spd=2526.592 ctrl=(1765049.1250,0.0000,-3751744.2500) accum=(149431.7344,0.0000,32408.5000) cMag=61415.8 fMag=215875 ld0=1.22202e+07 m78=4.8933e+06 frac=0.599573 grounded=0x40800000 linTerm=1.66667e-05
spd=2533.256 ctrl=(1922014.0000,0.0000,-3671736.2500) accum=(148720.7031,0.0000,38659.6719) cMag=61539.3 fMag=216525 ld0=1.22613e+07 m78=4.88558e+06 frac=0.601545 grounded=0x40800000 linTerm=1.66667e-05
spd=2539.506 ctrl=(2075289.5000,0.0000,-3585030.5000) accum=(147749.5781,0.0000,44908.4805) cMag=61663.7 fMag=217179 ld0=1.23026e+07 m78=4.87789e+06 frac=0.603506 grounded=0x40800000 linTerm=1.66667e-05
spd=2545.348 ctrl=(2224587.7500,0.0000,-3491805.7500) accum=(146515.7812,0.0000,51144.2031) cMag=61788.9 fMag=217834 ld0=1.2344e+07 m78=4.87024e+06 frac=0.605455 grounded=0x40800000 linTerm=1.66667e-05
spd=2550.789 ctrl=(2369633.7500,0.0000,-3392256.5000) accum=(145017.3438,0.0000,57355.6641) cMag=61914.5 fMag=218490 ld0=1.23854e+07 m78=4.86264e+06 frac=0.607388 grounded=0x40800000 linTerm=1.66667e-05
spd=2555.836 ctrl=(2510160.0000,0.0000,-3286586.5000) accum=(143252.7344,0.0000,63531.4297) cMag=62040.5 fMag=219146 ld0=1.24267e+07 m78=4.8551e+06 frac=0.609302 grounded=0x40800000 linTerm=1.66667e-05
spd=2560.495 ctrl=(2645911.0000,0.0000,-3175011.0000) accum=(141221.0781,0.0000,69659.8984) cMag=62166.5 fMag=219800 ld0=1.2468e+07 m78=4.84761e+06 frac=0.611196 grounded=0x40800000 linTerm=1.66667e-05
spd=2564.774 ctrl=(2776639.2500,0.0000,-3057753.7500) accum=(138922.0312,0.0000,75729.1719) cMag=62292.3 fMag=220451 ld0=1.25091e+07 m78=4.84019e+06 frac=0.613066 grounded=0x40800000 linTerm=1.66667e-05
spd=2568.683 ctrl=(2902111.5000,0.0000,-2935050.5000) accum=(136355.8438,0.0000,81727.1484) cMag=62417.8 fMag=221099 ld0=1.25499e+07 m78=4.83285e+06 frac=0.61491 grounded=0x40800000 linTerm=1.66667e-05
spd=2572.228 ctrl=(3022104.2500,0.0000,-2807145.5000) accum=(133523.3750,0.0000,87641.5391) cMag=62542.8 fMag=221742 ld0=1.25905e+07 m78=4.82559e+06 frac=0.616726 grounded=0x40800000 linTerm=1.66667e-05
spd=2575.417 ctrl=(3136408.0000,0.0000,-2674292.5000) accum=(130426.1719,0.0000,93459.8984) cMag=62667 fMag=222380 ld0=1.26306e+07 m78=4.81842e+06 frac=0.618513 grounded=0x40800000 linTerm=1.66667e-05
spd=2578.262 ctrl=(3244824.2500,0.0000,-2536753.0000) accum=(127066.3750,0.0000,99169.7422) cMag=62790.3 fMag=223011 ld0=1.26704e+07 m78=4.81136e+06 frac=0.620267 grounded=0x40800000 linTerm=1.66667e-05
spd=2580.770 ctrl=(3347165.0000,0.0000,-2394793.2500) accum=(123446.8438,0.0000,104758.5859) cMag=62912.4 fMag=223635 ld0=1.27097e+07 m78=4.80439e+06 frac=0.621989 grounded=0x40800000 linTerm=1.66667e-05
spd=2582.951 ctrl=(3443258.5000,0.0000,-2248690.0000) accum=(119571.1016,0.0000,110213.7266) cMag=63033.3 fMag=224251 ld0=1.27484e+07 m78=4.79755e+06 frac=0.623674 grounded=0x40800000 linTerm=1.66667e-05
spd=2584.814 ctrl=(3532944.2500,0.0000,-2098723.5000) accum=(115443.3047,0.0000,115522.7109) cMag=63152.7 fMag=224858 ld0=1.27866e+07 m78=4.79084e+06 frac=0.625323 grounded=0x40800000 linTerm=1.66667e-05
spd=2586.369 ctrl=(3616073.5000,0.0000,-1945181.1250) accum=(111068.2969,0.0000,120673.0000) cMag=63270.5 fMag=225455 ld0=1.28241e+07 m78=4.78425e+06 frac=0.626934 grounded=0x40800000 linTerm=1.66667e-05
spd=2587.626 ctrl=(3692513.2500,0.0000,-1788354.0000) accum=(106451.6562,0.0000,125652.3438) cMag=63386.4 fMag=226041 ld0=1.2861e+07 m78=4.7778e+06 frac=0.628505 grounded=0x40800000 linTerm=1.66667e-05
spd=2588.595 ctrl=(3762142.7500,0.0000,-1628538.8750) accum=(101599.6172,0.0000,130448.3828) cMag=63500.3 fMag=226616 ld0=1.28972e+07 m78=4.7715e+06 frac=0.630035 grounded=0x40800000 linTerm=1.66667e-05
spd=2589.286 ctrl=(3824854.0000,0.0000,-1466033.8750) accum=(96519.2031,0.0000,135049.1875) cMag=63612.1 fMag=227179 ld0=1.29325e+07 m78=4.76535e+06 frac=0.631522 grounded=0x40800000 linTerm=1.66667e-05
spd=2589.710 ctrl=(3880551.0000,0.0000,-1301142.0000) accum=(91217.8828,0.0000,139443.0000) cMag=63721.6 fMag=227729 ld0=1.29671e+07 m78=4.75936e+06 frac=0.632966 grounded=0x40800000 linTerm=1.66667e-05
spd=2589.877 ctrl=(3929155.7500,0.0000,-1134168.5000) accum=(85704.0469,0.0000,143618.1875) cMag=63828.7 fMag=228266 ld0=1.30008e+07 m78=4.75354e+06 frac=0.634366 grounded=0x40800000 linTerm=1.66667e-05
spd=2589.797 ctrl=(3970599.2500,0.0000,-965420.0625) accum=(79986.6641,0.0000,147563.6406) cMag=63933.1 fMag=228788 ld0=1.30336e+07 m78=4.74789e+06 frac=0.63572 grounded=0x40800000 linTerm=1.66667e-05
spd=2589.481 ctrl=(4004826.0000,0.0000,-795203.3750) accum=(74075.2578,0.0000,151268.6094) cMag=64034.8 fMag=229296 ld0=1.30655e+07 m78=4.74241e+06 frac=0.637028 grounded=0x40800000 linTerm=1.66667e-05
spd=2588.940 ctrl=(4031796.2500,0.0000,-623827.6250) accum=(67980.2188,0.0000,154722.6406) cMag=64133.5 fMag=229788 ld0=1.30964e+07 m78=4.73712e+06 frac=0.638288 grounded=0x40800000 linTerm=1.66667e-05
spd=2588.184 ctrl=(4051480.7500,0.0000,-451601.6875) accum=(61712.3320,0.0000,157915.7500) cMag=64229.2 fMag=230265 ld0=1.31263e+07 m78=4.73202e+06 frac=0.639501 grounded=0x40800000 linTerm=1.66667e-05
spd=2587.225 ctrl=(4063864.2500,0.0000,-278833.1875) accum=(55283.0938,0.0000,160838.5781) cMag=64321.8 fMag=230725 ld0=1.31551e+07 m78=4.7271e+06 frac=0.640665 grounded=0x40800000 linTerm=1.66667e-05
spd=2586.073 ctrl=(4068944.2500,0.0000,-105830.0000) accum=(48704.5039,0.0000,163482.1094) cMag=64411.1 fMag=231167 ld0=1.31829e+07 m78=4.72239e+06 frac=0.64178 grounded=0x40800000 linTerm=1.66667e-05
spd=2584.740 ctrl=(4066729.7500,0.0000,67102.1641) accum=(41989.2305,0.0000,165837.9844) cMag=64496.9 fMag=231592 ld0=1.32096e+07 m78=4.71787e+06 frac=0.642845 grounded=0x40800000 linTerm=1.66667e-05
spd=2583.235 ctrl=(4057244.7500,0.0000,239659.2188) accum=(35150.3945,0.0000,167898.5312) cMag=64579.3 fMag=232000 ld0=1.32351e+07 m78=4.71356e+06 frac=0.64386 grounded=0x40800000 linTerm=1.66667e-05
spd=2581.570 ctrl=(4040521.7500,0.0000,411539.5312) accum=(28201.5762,0.0000,169656.5625) cMag=64658 fMag=232388 ld0=1.32595e+07 m78=4.70945e+06 frac=0.644824 grounded=0x40800000 linTerm=1.66667e-05
spd=2579.756 ctrl=(4016607.7500,0.0000,582443.7500) accum=(21156.8223,0.0000,171105.7344) cMag=64733 fMag=232758 ld0=1.32827e+07 m78=4.70555e+06 frac=0.645737 grounded=0x40800000 linTerm=1.66667e-05
spd=2577.804 ctrl=(3985563.5000,0.0000,752076.8125) accum=(14030.6377,0.0000,172240.2812) cMag=64804.1 fMag=233109 ld0=1.33046e+07 m78=4.70187e+06 frac=0.646599 grounded=0x40800000 linTerm=1.66667e-05
spd=2575.725 ctrl=(3947454.2500,0.0000,920146.2500) accum=(6837.8667,0.0000,173055.3906) cMag=64871.5 fMag=233440 ld0=1.33254e+07 m78=4.69839e+06 frac=0.64741 grounded=0x40800000 linTerm=1.66667e-05
spd=2573.529 ctrl=(3902362.5000,0.0000,1086363.1250) accum=(-406.3951,0.0000,173546.7344) cMag=64934.8 fMag=233751 ld0=1.33449e+07 m78=4.69514e+06 frac=0.64817 grounded=0x40800000 linTerm=1.66667e-05
spd=2571.228 ctrl=(3850381.2500,0.0000,1250444.3750) accum=(-7686.6587,0.0000,173711.0000) cMag=64994.2 fMag=234042 ld0=1.33631e+07 m78=4.69209e+06 frac=0.648878 grounded=0x40800000 linTerm=1.66667e-05
spd=2568.831 ctrl=(3791612.5000,0.0000,1412110.3750) accum=(-14987.1699,0.0000,173545.6094) cMag=65049.5 fMag=234313 ld0=1.33801e+07 m78=4.68926e+06 frac=0.649535 grounded=0x40800000 linTerm=1.66667e-05
spd=2566.351 ctrl=(3726169.5000,0.0000,1571086.6250) accum=(-22292.1504,0.0000,173048.8125) cMag=65100.7 fMag=234564 ld0=1.33958e+07 m78=4.68665e+06 frac=0.650141 grounded=0x40800000 linTerm=1.66667e-05
spd=2563.796 ctrl=(3654176.2500,0.0000,1727104.5000) accum=(-29585.4980,0.0000,172219.7188) cMag=65147.8 fMag=234794 ld0=1.34102e+07 m78=4.68425e+06 frac=0.650696 grounded=0x40800000 linTerm=1.66667e-05
spd=2561.178 ctrl=(3575764.7500,0.0000,1879899.8750) accum=(-36851.1406,0.0000,171058.3594) cMag=65190.7 fMag=235004 ld0=1.34234e+07 m78=4.68207e+06 frac=0.6512 grounded=0x40800000 linTerm=1.66667e-05
spd=2558.507 ctrl=(3491080.5000,0.0000,2029215.8750) accum=(-44072.9531,0.0000,169565.5625) cMag=65229.5 fMag=235193 ld0=1.34352e+07 m78=4.68009e+06 frac=0.651655 grounded=0x40800000 linTerm=1.66667e-05
spd=2555.792 ctrl=(3400274.7500,0.0000,2174800.5000) accum=(-51234.9414,0.0000,167743.1094) cMag=65264.1 fMag=235362 ld0=1.34458e+07 m78=4.67833e+06 frac=0.65206 grounded=0x40800000 linTerm=1.66667e-05
spd=2553.045 ctrl=(3303509.7500,0.0000,2316408.0000) accum=(-58320.9492,0.0000,165593.5312) cMag=65294.6 fMag=235511 ld0=1.34551e+07 m78=4.67678e+06 frac=0.652416 grounded=0x40800000 linTerm=1.66667e-05
spd=2550.274 ctrl=(3200959.2500,0.0000,2453802.5000) accum=(-65315.1133,-0.0000,163120.3594) cMag=65321 fMag=235640 ld0=1.34631e+07 m78=4.67543e+06 frac=0.652724 grounded=0x40800000 linTerm=1.66667e-05
spd=2547.490 ctrl=(3092801.7500,0.0000,2586751.5000) accum=(-72201.8125,-0.0000,160327.9219) cMag=65343.4 fMag=235748 ld0=1.34699e+07 m78=4.67428e+06 frac=0.652984 grounded=0x40800000 linTerm=1.66667e-05
spd=2544.700 ctrl=(2979225.5000,0.0000,2715029.7500) accum=(-78965.5469,-0.0000,157221.4062) cMag=65361.7 fMag=235837 ld0=1.34755e+07 m78=4.67334e+06 frac=0.653198 grounded=0x40800000 linTerm=1.66667e-05
spd=2541.916 ctrl=(2860428.7500,0.0000,2838422.2500) accum=(-85591.1484,-0.0000,153806.8125) cMag=65376.2 fMag=235907 ld0=1.34799e+07 m78=4.67258e+06 frac=0.653366 grounded=0x40800000 linTerm=1.66667e-05
spd=2539.144 ctrl=(2736615.7500,0.0000,2956719.0000) accum=(-92063.8438,-0.0000,150091.0312) cMag=65386.7 fMag=235958 ld0=1.34831e+07 m78=4.67202e+06 frac=0.65349 grounded=0x40800000 linTerm=1.66667e-05
spd=2536.394 ctrl=(2608001.0000,0.0000,3069720.0000) accum=(-98369.2031,-0.0000,146081.6562) cMag=65393.5 fMag=235990 ld0=1.34851e+07 m78=4.67164e+06 frac=0.65357 grounded=0x40800000 linTerm=1.66667e-05
spd=2533.673 ctrl=(2474804.7500,0.0000,3177233.0000) accum=(-104493.3438,-0.0000,141787.0625) cMag=65396.6 fMag=236005 ld0=1.3486e+07 m78=4.67144e+06 frac=0.653608 grounded=0x40800000 linTerm=1.66667e-05
spd=2530.990 ctrl=(2337254.7500,0.0000,3279072.2500) accum=(-110422.6641,0.0000,137216.3906) cMag=65396.1 fMag=236002 ld0=1.34858e+07 m78=4.67142e+06 frac=0.653605 grounded=0x40800000 linTerm=1.66667e-05
spd=2528.352 ctrl=(2195588.7500,0.0000,3375065.5000) accum=(-116144.3594,0.0000,132379.3594) cMag=65392.2 fMag=235982 ld0=1.34846e+07 m78=4.67156e+06 frac=0.653563 grounded=0x40800000 linTerm=1.66667e-05
spd=2525.766 ctrl=(2050047.1250,0.0000,3465045.5000) accum=(-121645.9453,0.0000,127286.5156) cMag=65385 fMag=235946 ld0=1.34823e+07 m78=4.67187e+06 frac=0.653482 grounded=0x40800000 linTerm=1.66667e-05
spd=2523.239 ctrl=(1900879.8750,0.0000,3548856.2500) accum=(-126915.7422,0.0000,121948.9062) cMag=65374.5 fMag=235895 ld0=1.34791e+07 m78=4.67233e+06 frac=0.653365 grounded=0x40800000 linTerm=1.66667e-05
spd=2520.777 ctrl=(1748341.2500,0.0000,3626349.0000) accum=(-131942.6562,0.0000,116378.1484) cMag=65361.1 fMag=235828 ld0=1.34749e+07 m78=4.67293e+06 frac=0.653213 grounded=0x40800000 linTerm=1.66667e-05
spd=2518.386 ctrl=(1592693.7500,0.0000,3697389.0000) accum=(-136716.1406,0.0000,110586.4453) cMag=65344.7 fMag=235747 ld0=1.34699e+07 m78=4.67368e+06 frac=0.653027 grounded=0x40800000 linTerm=1.66667e-05
spd=2516.071 ctrl=(1434203.6250,0.0000,3761847.0000) accum=(-141226.6406,0.0000,104586.3672) cMag=65325.6 fMag=235653 ld0=1.3464e+07 m78=4.67456e+06 frac=0.65281 grounded=0x40800000 linTerm=1.66667e-05
spd=2513.837 ctrl=(1273144.2500,0.0000,3819609.7500) accum=(-145464.8906,0.0000,98391.0859) cMag=65303.9 fMag=235547 ld0=1.34573e+07 m78=4.67556e+06 frac=0.652563 grounded=0x40800000 linTerm=1.66667e-05
spd=2511.690 ctrl=(1109792.3750,0.0000,3870569.5000) accum=(-149422.8438,0.0000,92013.9531) cMag=65279.9 fMag=235428 ld0=1.34499e+07 m78=4.67668e+06 frac=0.652288 grounded=0x40800000 linTerm=1.66667e-05
spd=2509.632 ctrl=(944429.7500,0.0000,3914632.7500) accum=(-153092.7812,0.0000,85468.7891) cMag=65253.6 fMag=235299 ld0=1.34418e+07 m78=4.67792e+06 frac=0.651987 grounded=0x40800000 linTerm=1.66667e-05
spd=2507.669 ctrl=(777343.0000,0.0000,3951714.7500) accum=(-156468.0312,0.0000,78769.7188) cMag=65225.3 fMag=235160 ld0=1.34331e+07 m78=4.67925e+06 frac=0.651662 grounded=0x40800000 linTerm=1.66667e-05
spd=2505.802 ctrl=(608822.4375,0.0000,3981745.7500) accum=(-159542.5156,0.0000,71930.9609) cMag=65195.1 fMag=235011 ld0=1.34238e+07 m78=4.68068e+06 frac=0.651314 grounded=0x40800000 linTerm=1.66667e-05
spd=2504.035 ctrl=(439161.8438,0.0000,4004665.5000) accum=(-162310.9688,0.0000,64967.1289) cMag=65163.2 fMag=234854 ld0=1.34139e+07 m78=4.68219e+06 frac=0.650946 grounded=0x40800000 linTerm=1.66667e-05
spd=2502.371 ctrl=(268658.0000,0.0000,4020425.0000) accum=(-164768.9531,0.0000,57892.6797) cMag=65129.8 fMag=234690 ld0=1.34036e+07 m78=4.68377e+06 frac=0.65056 grounded=0x40800000 linTerm=1.66667e-05
spd=2500.810 ctrl=(97609.5000,0.0000,4028988.7500) accum=(-166912.6719,0.0000,50722.4648) cMag=65095.1 fMag=234519 ld0=1.33929e+07 m78=4.68543e+06 frac=0.650157 grounded=0x40800000 linTerm=1.66667e-05
spd=2499.354 ctrl=(-73682.8516,0.0000,4030334.5000) accum=(-168739.1406,0.0000,43471.2070) cMag=65059.3 fMag=234342 ld0=1.33819e+07 m78=4.68714e+06 frac=0.64974 grounded=0x40800000 linTerm=1.66667e-05
spd=2498.005 ctrl=(-244916.0781,0.0000,4024448.5000) accum=(-170246.1250,0.0000,36153.6367) cMag=65022.5 fMag=234161 ld0=1.33705e+07 m78=4.68891e+06 frac=0.64931 grounded=0x40800000 linTerm=1.66667e-05
spd=2496.763 ctrl=(-415787.2500,0.0000,4011335.0000) accum=(-171432.1406,0.0000,28784.5605) cMag=64984.9 fMag=233975 ld0=1.33589e+07 m78=4.69071e+06 frac=0.64887 grounded=0x40800000 linTerm=1.66667e-05
spd=2495.627 ctrl=(-585991.6250,0.0000,3991006.7500) accum=(-172296.2500,0.0000,21378.5430) cMag=64946.6 fMag=233787 ld0=1.33471e+07 m78=4.69255e+06 frac=0.648421 grounded=0x40800000 linTerm=1.66667e-05
spd=2494.599 ctrl=(-755226.0000,0.0000,3963493.0000) accum=(-172838.4219,0.0000,13950.2568) cMag=64908 fMag=233596 ld0=1.33351e+07 m78=4.69442e+06 frac=0.647966 grounded=0x40800000 linTerm=1.66667e-05
spd=2493.677 ctrl=(-923186.8125,0.0000,3928832.7500) accum=(-173059.0625,0.0000,6514.0659) cMag=64869 fMag=233403 ld0=1.33231e+07 m78=4.69631e+06 frac=0.647505 grounded=0x40800000 linTerm=1.66667e-05
spd=2492.859 ctrl=(-1089572.3750,0.0000,3887078.5000) accum=(-172959.4688,0.0000,-915.8346) cMag=64829.9 fMag=233210 ld0=1.3311e+07 m78=4.69821e+06 frac=0.647042 grounded=0x40800000 linTerm=1.66667e-05
spd=2492.146 ctrl=(-1254083.1250,0.0000,3838300.0000) accum=(-172541.3125,0.0000,-8325.2539) cMag=64790.9 fMag=233017 ld0=1.32989e+07 m78=4.70012e+06 frac=0.646577 grounded=0x40800000 linTerm=1.66667e-05
spd=2491.534 ctrl=(-1416420.6250,0.0000,3782572.5000) accum=(-171807.0781,0.0000,-15700.5654) cMag=64752 fMag=232825 ld0=1.32868e+07 m78=4.70202e+06 frac=0.646114 grounded=0x40800000 linTerm=1.66667e-05
spd=1259.620 ctrl=(-2613096.2500,0.0000,2971064.2500) accum=(-64126.8320,0.0000,-60037.5195) cMag=45626.4 fMag=133132 ld0=7.10461e+06 m78=3.51854e+06 frac=0.504753 grounded=0x40800000 linTerm=1.66667e-05
spd=1305.641 ctrl=(-2731357.7500,0.0000,2881938.0000) accum=(-62411.8828,0.0000,-65199.3281) cMag=50851.8 fMag=143123 ld0=7.56041e+06 m78=4.13868e+06 frac=0.452585 grounded=0x40800000 linTerm=1.66667e-05
spd=1351.033 ctrl=(-2849824.2500,0.0000,2784023.0000) accum=(-60000.8828,0.0000,-67084.1406) cMag=51129.9 fMag=146070 ld0=7.74781e+06 m78=4.38026e+06 frac=0.434645 grounded=0x40800000 linTerm=1.66667e-05
spd=1395.765 ctrl=(-2967759.5000,0.0000,2677019.7500) accum=(-58172.5703,0.0000,-69306.1016) cMag=51443.6 fMag=149126 ld0=7.94371e+06 m78=4.57333e+06 frac=0.424283 grounded=0x40800000 linTerm=1.66667e-05
spd=1439.753 ctrl=(-3084366.5000,0.0000,2560676.5000) accum=(-56733.0312,0.0000,-71852.5781) cMag=51784.8 fMag=152269 ld0=8.14594e+06 m78=4.72786e+06 frac=0.419606 grounded=0x40800000 linTerm=1.66667e-05
spd=1482.914 ctrl=(-3198802.0000,0.0000,2434810.5000) accum=(-55523.2695,0.0000,-74708.2812) cMag=52148.4 fMag=155478 ld0=8.3529e+06 m78=4.85177e+06 frac=0.419152 grounded=0x40800000 linTerm=1.66667e-05
spd=1525.165 ctrl=(-3308122.7500,0.0000,2302792.5000) accum=(-54165.9805,0.0000,-77657.8828) cMag=52488.1 fMag=158390 ld0=8.54065e+06 m78=4.9482e+06 frac=0.420629 grounded=0x40800000 linTerm=1.66667e-05
spd=1566.495 ctrl=(-3411611.7500,0.0000,2165632.7500) accum=(-52589.9922,0.0000,-80633.2422) cMag=52799.1 fMag=160990 ld0=8.70821e+06 m78=5.02255e+06 frac=0.42324 grounded=0x40800000 linTerm=1.66667e-05
spd=1606.907 ctrl=(-3509054.5000,0.0000,2023626.2500) accum=(-50796.9102,0.0000,-83611.8672) cMag=53086.7 fMag=163339 ld0=8.8595e+06 m78=5.07967e+06 frac=0.426641 grounded=0x40800000 linTerm=1.66667e-05
spd=1646.407 ctrl=(-3600235.0000,0.0000,1877063.7500) accum=(-48789.4062,0.0000,-86574.0000) cMag=53354.9 fMag=165482 ld0=8.99753e+06 m78=5.1233e+06 frac=0.430589 grounded=0x40800000 linTerm=1.66667e-05
spd=1685.001 ctrl=(-3684949.7500,0.0000,1726243.8750) accum=(-46571.2266,0.0000,-89501.8047) cMag=53607 fMag=167456 ld0=9.12471e+06 m78=5.1563e+06 frac=0.434908 grounded=0x40800000 linTerm=1.66667e-05
spd=1722.694 ctrl=(-3763000.5000,0.0000,1571467.8750) accum=(-44146.8125,0.0000,-92379.6016) cMag=53845.9 fMag=169291 ld0=9.24291e+06 m78=5.1809e+06 frac=0.439474 grounded=0x40800000 linTerm=1.66667e-05
spd=1759.489 ctrl=(-3834205.2500,0.0000,1413048.2500) accum=(-41521.4648,0.0000,-95192.7734) cMag=54073.7 fMag=171010 ld0=9.35364e+06 m78=5.19882e+06 frac=0.444193 grounded=0x40800000 linTerm=1.66667e-05
spd=1795.391 ctrl=(-3898394.0000,0.0000,1251302.8750) accum=(-38700.7461,0.0000,-97928.1641) cMag=54292.4 fMag=172632 ld0=9.45811e+06 m78=5.21142e+06 frac=0.449 grounded=0x40800000 linTerm=1.66667e-05
spd=1830.406 ctrl=(-3955411.7500,0.0000,1086557.8750) accum=(-35690.7578,0.0000,-100573.5234) cMag=54503.4 fMag=174172 ld0=9.5573e+06 m78=5.21975e+06 frac=0.453847 grounded=0x40800000 linTerm=1.66667e-05
spd=1864.536 ctrl=(-4005116.5000,0.0000,919145.3750) accum=(-32497.9355,0.0000,-103117.5547) cMag=54708.1 fMag=175643 ld0=9.65201e+06 m78=5.22464e+06 frac=0.458699 grounded=0x40800000 linTerm=1.66667e-05
spd=1897.787 ctrl=(-4047383.5000,0.0000,749405.6250) accum=(-29128.9668,0.0000,-105549.5312) cMag=54907.5 fMag=177055 ld0=9.7429e+06 m78=5.22676e+06 frac=0.463531 grounded=0x40800000 linTerm=1.66667e-05
