reseed=1 gear=0 gtmr=0 in=(0,0,255,0) steer=+0.000 gnd=4.0 sp=13.27 horiz=13.27 velH=1.5498 bodyH=1.5498 slip=+0.0000 d=(0.00000,0.00015) av=(0,0,0)
reseed=0 gear=0 gtmr=0 in=(0,0,255,0) steer=+0.000 gnd=4.0 sp=27.07 horiz=27.07 velH=1.5498 bodyH=1.5498 slip=+0.0000 d=(0.00002,0.00077) av=(0,0,0)
reseed=0 gear=0 gtmr=0 in=(0,0,255,0) steer=+0.000 gnd=4.0 sp=41.69 horiz=41.69 velH=1.5498 bodyH=1.5498 slip=+0.0000 d=(0.00003,0.00142) av=(0,0,0)
reseed=0 gear=0 gtmr=0 in=(0,0,255,0) steer=+0.000 gnd=4.0 sp=57.17 horiz=57.17 velH=1.5498 bodyH=1.5498 slip=+0.0000 d=(0.00004,0.00211) av=(0,0,0)
reseed=0 gear=0 gtmr=0 in=(0,0,255,0) steer=+0.000 gnd=4.0 sp=73.57 horiz=73.57 velH=1.5498 bodyH=1.5498 slip=+0.0000 d=(0.00006,0.00284) av=(0,0,0)
reseed=0 gear=0 gtmr=0 in=(0,0,255,0) steer=+0.000 gnd=4.0 sp=90.93 horiz=90.93 velH=1.5498 bodyH=1.5498 slip=+0.0000 d=(0.00008,0.00361) av=(0,0,0)
reseed=0 gear=0 gtmr=0 in=(0,0,255,0) steer=+0.000 gnd=4.0 sp=109.32 horiz=109.32 velH=1.5498 bodyH=1.5498 slip=+0.0000 d=(0.00009,0.00442) av=(0,0,0)
reseed=0 gear=0 gtmr=0 in=(0,0,255,0) steer=+0.000 gnd=4.0 sp=128.78 horiz=128.78 velH=1.5498 bodyH=1.5498 slip=+0.0000 d=(0.00011,0.00529) av=(0,1.21279e-16,0)
reseed=0 gear=0 gtmr=0 in=(0,0,255,0) steer=+0.000 gnd=4.0 sp=149.38 horiz=149.38 velH=1.5498 bodyH=1.5498 slip=+0.0000 d=(0.00013,0.00620) av=(0,1.02843e-16,0)
reseed=0 gear=0 gtmr=0 in=(0,0,255,0) steer=+0.000 gnd=4.0 sp=171.18 horiz=171.18 velH=1.5498 bodyH=1.5498 slip=+0.0000 d=(0.00015,0.00717) av=(0,0,0)
reseed=0 gear=0 gtmr=0 in=(0,0,255,0) steer=+0.000 gnd=4.0 sp=194.24 horiz=194.24 velH=1.5498 bodyH=1.5498 slip=+0.0000 d=(0.00017,0.00820) av=(0,0,0)
reseed=0 gear=0 gtmr=0 in=(0,0,255,0) steer=+0.000 gnd=4.0 sp=218.64 horiz=218.64 velH=1.5498 bodyH=1.5498 slip=+0.0000 d=(0.00020,0.00928) av=(0,0,0)
reseed=0 gear=0 gtmr=0 in=(0,0,255,0) steer=+0.000 gnd=4.0 sp=244.45 horiz=244.45 velH=1.5498 bodyH=1.5498 slip=+0.0000 d=(0.00022,0.01043) av=(0,8.82359e-16,0)
reseed=0 gear=1 gtmr=2975 in=(0,0,255,0) steer=+0.000 gnd=4.0 sp=265.07 horiz=265.07 velH=1.5498 bodyH=1.5498 slip=+0.0000 d=(0.00024,0.01164) av=(0,0,0)
reseed=0 gear=1 gtmr=2925 in=(0,0,255,0) steer=+0.000 gnd=4.0 sp=280.02 horiz=280.02 velH=1.5498 bodyH=1.5498 slip=+0.0000 d=(0.00026,0.01245) av=(0,0,0)
reseed=0 gear=1 gtmr=2875 in=(0,0,255,0) steer=+0.000 gnd=4.0 sp=295.83 horiz=295.83 velH=1.5498 bodyH=1.5498 slip=+0.0000 d=(0.00028,0.01316) av=(0,3.7709e-16,0)
reseed=0 gear=1 gtmr=2825 in=(0,0,255,0) steer=+0.000 gnd=4.0 sp=312.53 horiz=312.53 velH=1.5498 bodyH=1.5498 slip=+0.0000 d=(0.00029,0.01390) av=(0,0,0)
reseed=0 gear=1 gtmr=2775 in=(0,0,255,0) steer=+0.000 gnd=4.0 sp=330.19 horiz=330.19 velH=1.5498 bodyH=1.5498 slip=+0.0000 d=(0.00031,0.01468) av=(0,0,0)
reseed=0 gear=1 gtmr=2725 in=(0,0,255,0) steer=+0.000 gnd=4.0 sp=348.84 horiz=348.84 velH=1.5498 bodyH=1.5498 slip=+0.0000 d=(0.00033,0.01551) av=(0,5.14213e-16,0)
reseed=0 gear=1 gtmr=2675 in=(0,0,255,0) steer=+0.000 gnd=4.0 sp=368.55 horiz=368.55 velH=1.5498 bodyH=1.5498 slip=+0.0000 d=(0.00034,0.01639) av=(0,4.74573e-17,0)
reseed=0 gear=1 gtmr=2625 in=(0,0,255,0) steer=+0.000 gnd=4.0 sp=389.37 horiz=389.37 velH=1.5498 bodyH=1.5498 slip=+0.0000 d=(0.00036,0.01732) av=(0,6.51337e-16,0)
reseed=0 gear=1 gtmr=2575 in=(0,0,255,0) steer=+0.000 gnd=4.0 sp=411.36 horiz=411.36 velH=1.5498 bodyH=1.5498 slip=+0.0000 d=(0.00038,0.01829) av=(0,2.97312e-16,0)
reseed=0 gear=1 gtmr=2525 in=(0,0,255,0) steer=+0.000 gnd=4.0 sp=434.58 horiz=434.58 velH=1.5498 bodyH=1.5498 slip=+0.0000 d=(0.00041,0.01933) av=(0,0,0)
reseed=0 gear=1 gtmr=2475 in=(0,0,255,0) steer=+0.000 gnd=4.0 sp=459.10 horiz=459.10 velH=1.5498 bodyH=1.5498 slip=+0.0000 d=(0.00043,0.02042) av=(0,1.84814e-14,0)
reseed=0 gear=1 gtmr=2425 in=(0,0,255,0) steer=+0.000 gnd=4.0 sp=484.98 horiz=484.98 velH=1.5498 bodyH=1.5498 slip=+0.0000 d=(0.00045,0.02157) av=(0,4.01337e-16,0)
reseed=0 gear=1 gtmr=2375 in=(0,0,255,0) steer=+0.000 gnd=4.0 sp=512.29 horiz=512.29 velH=1.5498 bodyH=1.5498 slip=+0.0000 d=(0.00048,0.02278) av=(0,1.09699e-15,0)
reseed=0 gear=1 gtmr=2325 in=(0,0,255,0) steer=+0.000 gnd=4.0 sp=541.11 horiz=541.11 velH=1.5498 bodyH=1.5498 slip=+0.0000 d=(0.00051,0.02407) av=(0,1.77113e-14,0)
reseed=0 gear=1 gtmr=2275 in=(0,0,255,0) steer=+0.000 gnd=4.0 sp=571.51 horiz=571.51 velH=1.5498 bodyH=1.5498 slip=+0.0000 d=(0.00053,0.02542) av=(0,0,0)
reseed=0 gear=1 gtmr=2225 in=(0,0,255,0) steer=+0.000 gnd=4.0 sp=603.57 horiz=603.57 velH=1.5498 bodyH=1.5498 slip=+0.0000 d=(0.00056,0.02685) av=(0,2.61833e-14,0)
reseed=0 gear=1 gtmr=2175 in=(0,0,255,0) steer=+0.000 gnd=4.0 sp=637.37 horiz=637.37 velH=1.5498 bodyH=1.5498 slip=+0.0000 d=(0.00060,0.02835) av=(0,1.71404e-15,0)
reseed=0 gear=1 gtmr=2125 in=(0,0,255,0) steer=+0.000 gnd=4.0 sp=673.00 horiz=673.00 velH=1.5498 bodyH=1.5498 slip=+0.0000 d=(0.00063,0.02994) av=(0,0,0)
reseed=0 gear=1 gtmr=2075 in=(0,0,255,0) steer=+0.000 gnd=4.0 sp=709.76 horiz=709.76 velH=1.5498 bodyH=1.5498 slip=+0.0000 d=(0.00066,0.03161) av=(0,5.04302e-14,0)
reseed=0 gear=1 gtmr=2025 in=(0,0,255,0) steer=+0.000 gnd=4.0 sp=746.51 horiz=746.51 velH=1.5498 bodyH=1.5498 slip=+0.0000 d=(0.00070,0.03331) av=(0,8.1942e-15,0)
reseed=0 gear=1 gtmr=1975 in=(0,0,255,0) steer=+0.000 gnd=4.0 sp=783.23 horiz=783.23 velH=1.5498 bodyH=1.5498 slip=+0.0000 d=(0.00074,0.03502) av=(0,7.36671e-14,0)
reseed=0 gear=1 gtmr=1925 in=(0,0,255,0) steer=+0.000 gnd=4.0 sp=819.91 horiz=819.91 velH=1.5498 bodyH=1.5498 slip=+0.0000 d=(0.00077,0.03672) av=(0,2.19716e-16,0)
reseed=0 gear=1 gtmr=1875 in=(0,0,255,0) steer=+0.000 gnd=4.0 sp=856.54 horiz=856.54 velH=1.5498 bodyH=1.5498 slip=+0.0000 d=(0.00081,0.03842) av=(0,1.05938e-13,0)
reseed=0 gear=1 gtmr=1825 in=(0,0,255,0) steer=+0.000 gnd=4.0 sp=893.11 horiz=893.11 velH=1.5498 bodyH=1.5498 slip=+0.0000 d=(0.00084,0.04011) av=(0,1.23001e-13,0)
reseed=0 gear=1 gtmr=1775 in=(0,0,255,0) steer=+0.000 gnd=4.0 sp=929.61 horiz=929.61 velH=1.5498 bodyH=1.5498 slip=+0.0000 d=(0.00088,0.04181) av=(0,3.59949e-15,0)
reseed=0 gear=1 gtmr=1725 in=(0,0,255,0) steer=+0.000 gnd=4.0 sp=966.03 horiz=966.03 velH=1.5498 bodyH=1.5498 slip=+0.0000 d=(0.00091,0.04350) av=(0,1.69748e-13,0)
reseed=0 gear=1 gtmr=1675 in=(0,0,255,0) steer=+0.000 gnd=4.0 sp=1002.35 horiz=1002.35 velH=1.5498 bodyH=1.5498 slip=+0.0000 d=(0.00095,0.04518) av=(0,3.44959e-16,0)
reseed=0 gear=1 gtmr=1625 in=(0,0,255,0) steer=+0.000 gnd=4.0 sp=1038.57 horiz=1038.57 velH=1.5498 bodyH=1.5498 slip=+0.0000 d=(0.00099,0.04687) av=(0,0,0)
reseed=0 gear=1 gtmr=1575 in=(0,0,255,0) steer=+0.000 gnd=4.0 sp=1074.68 horiz=1074.68 velH=1.5498 bodyH=1.5498 slip=+0.0000 d=(0.00102,0.04854) av=(0,4.59364e-15,0)
reseed=0 gear=1 gtmr=1525 in=(0,0,255,0) steer=+0.000 gnd=4.0 sp=1110.66 horiz=1110.66 velH=1.5498 bodyH=1.5498 slip=+0.0000 d=(0.00106,0.05021) av=(0,0,0)
reseed=0 gear=1 gtmr=1475 in=(0,0,255,0) steer=+0.000 gnd=4.0 sp=1146.51 horiz=1146.51 velH=1.5498 bodyH=1.5498 slip=+0.0000 d=(0.00109,0.05188) av=(0,2.70634e-13,0)
reseed=0 gear=1 gtmr=1425 in=(0,0,255,0) steer=+0.000 gnd=4.0 sp=1182.21 horiz=1182.21 velH=1.5498 bodyH=1.5498 slip=+0.0000 d=(0.00113,0.05354) av=(0,0,0)
reseed=0 gear=1 gtmr=1375 in=(0,0,255,0) steer=+0.000 gnd=4.0 sp=1217.76 horiz=1217.76 velH=1.5498 bodyH=1.5498 slip=+0.0000 d=(0.00116,0.05519) av=(0,3.05519e-13,0)
reseed=0 gear=1 gtmr=1325 in=(0,0,255,0) steer=+0.000 gnd=4.0 sp=1253.14 horiz=1253.14 velH=1.5498 bodyH=1.5498 slip=+0.0000 d=(0.00119,0.05684) av=(0,1.5587e-14,0)
reseed=0 gear=1 gtmr=1275 in=(0,0,255,0) steer=+0.000 gnd=4.0 sp=1288.35 horiz=1288.35 velH=1.5498 bodyH=1.5498 slip=+0.0000 d=(0.00123,0.05847) av=(0,5.51922e-15,0)
reseed=0 gear=1 gtmr=1225 in=(0,0,255,0) steer=+0.000 gnd=4.0 sp=1323.37 horiz=1323.37 velH=1.5498 bodyH=1.5498 slip=+0.0000 d=(0.00126,0.06010) av=(0,0,0)
reseed=0 gear=1 gtmr=1175 in=(0,0,255,0) steer=+0.000 gnd=4.0 sp=1358.21 horiz=1358.21 velH=1.5498 bodyH=1.5498 slip=+0.0000 d=(0.00130,0.06172) av=(0,0,0)
reseed=0 gear=1 gtmr=1125 in=(0,0,255,0) steer=+0.000 gnd=4.0 sp=1392.84 horiz=1392.84 velH=1.5498 bodyH=1.5498 slip=+0.0000 d=(0.00133,0.06334) av=(0,0,0)
reseed=0 gear=1 gtmr=1075 in=(0,0,255,0) steer=+0.000 gnd=4.0 sp=1427.26 horiz=1427.26 velH=1.5498 bodyH=1.5498 slip=+0.0000 d=(0.00137,0.06494) av=(0,2.05685e-16,0)
reseed=0 gear=1 gtmr=1025 in=(0,0,255,0) steer=+0.000 gnd=4.0 sp=1461.46 horiz=1461.46 velH=1.5498 bodyH=1.5498 slip=+0.0000 d=(0.00140,0.06653) av=(0,1.44937e-14,0)
reseed=0 gear=1 gtmr=975 in=(0,0,255,0) steer=+0.000 gnd=4.0 sp=1495.44 horiz=1495.44 velH=1.5498 bodyH=1.5498 slip=+0.0000 d=(0.00143,0.06811) av=(0,0,0)
reseed=0 gear=1 gtmr=925 in=(0,0,255,0) steer=+0.000 gnd=4.0 sp=1529.18 horiz=1529.18 velH=1.5498 bodyH=1.5498 slip=+0.0000 d=(0.00146,0.06968) av=(0,0,0)
reseed=0 gear=1 gtmr=875 in=(0,0,255,0) steer=+0.000 gnd=4.0 sp=1562.68 horiz=1562.68 velH=1.5498 bodyH=1.5498 slip=+0.0000 d=(0.00150,0.07125) av=(0,1.54398e-14,0)
reseed=0 gear=1 gtmr=825 in=(0,0,255,0) steer=+0.000 gnd=4.0 sp=1595.93 horiz=1595.93 velH=1.5498 bodyH=1.5498 slip=+0.0000 d=(0.00153,0.07279) av=(0,1.58338e-14,0)
reseed=0 gear=1 gtmr=775 in=(0,0,255,0) steer=+0.000 gnd=4.0 sp=1628.92 horiz=1628.92 velH=1.5498 bodyH=1.5498 slip=+0.0000 d=(0.00156,0.07433) av=(0,5.49092e-13,0)
reseed=0 gear=1 gtmr=725 in=(128,0,255,0) steer=+0.500 gnd=4.0 sp=1661.07 horiz=1661.03 velH=1.5385 bodyH=1.5284 slip=+0.0101 d=(0.00174,0.07585) av=(0,0.0409753,0)
reseed=0 gear=1 gtmr=675 in=(128,0,255,0) steer=+0.500 gnd=4.0 sp=1692.66 horiz=1692.56 velH=1.5225 bodyH=1.5071 slip=+0.0154 d=(0.00272,0.07730) av=(0,0.0619152,0)
reseed=0 gear=1 gtmr=625 in=(128,0,255,0) steer=+0.500 gnd=4.0 sp=1723.74 horiz=1723.59 velH=1.5041 bodyH=1.4858 slip=+0.0183 d=(0.00407,0.07870) av=(0,0.072738,0)
reseed=0 gear=1 gtmr=575 in=(128,0,255,0) steer=+0.500 gnd=4.0 sp=1754.38 horiz=1754.20 velH=1.4843 bodyH=1.4644 slip=+0.0199 d=(0.00564,0.08004) av=(0,0.0786622,0)
reseed=0 gear=1 gtmr=525 in=(128,0,255,0) steer=+0.500 gnd=4.0 sp=1784.63 horiz=1784.44 velH=1.4639 bodyH=1.4431 slip=+0.0208 d=(0.00736,0.08132) av=(0,0.081955,0)
reseed=0 gear=1 gtmr=475 in=(128,0,255,0) steer=+0.500 gnd=4.0 sp=1814.54 horiz=1814.33 velH=1.4431 bodyH=1.4218 slip=+0.0214 d=(0.00918,0.08254) av=(0,0.0838267,0)
reseed=0 gear=1 gtmr=425 in=(128,0,255,0) steer=+0.500 gnd=4.0 sp=1844.11 horiz=1843.89 velH=1.4221 bodyH=1.4004 slip=+0.0217 d=(0.01108,0.08370) av=(0,0.0849281,0)
reseed=0 gear=1 gtmr=375 in=(128,0,255,0) steer=+0.500 gnd=4.0 sp=1873.35 horiz=1873.12 velH=1.4010 bodyH=1.3791 slip=+0.0219 d=(0.01304,0.08480) av=(0,0.0856107,0)
reseed=0 gear=1 gtmr=325 in=(128,0,255,0) steer=+0.500 gnd=4.0 sp=1902.26 horiz=1902.03 velH=1.3799 bodyH=1.3577 slip=+0.0221 d=(0.01506,0.08584) av=(0,0.0860649,0)
reseed=0 gear=1 gtmr=275 in=(128,0,255,0) steer=+0.500 gnd=4.0 sp=1930.85 horiz=1930.61 velH=1.3587 bodyH=1.3364 slip=+0.0223 d=(0.01713,0.08681) av=(0,0.0863939,0)
reseed=0 gear=1 gtmr=225 in=(128,0,255,0) steer=+0.500 gnd=4.0 sp=1959.11 horiz=1958.87 velH=1.3375 bodyH=1.3151 slip=+0.0224 d=(0.01925,0.08772) av=(0,0.0866538,0)
reseed=0 gear=1 gtmr=175 in=(128,0,255,0) steer=+0.500 gnd=4.0 sp=1987.04 horiz=1986.79 velH=1.3163 bodyH=1.2937 slip=+0.0225 d=(0.02141,0.08856) av=(0,0.0868753,0)
reseed=0 gear=1 gtmr=125 in=(128,0,255,0) steer=+0.500 gnd=4.0 sp=2014.65 horiz=2014.39 velH=1.2950 bodyH=1.2724 slip=+0.0226 d=(0.02362,0.08934) av=(0,0.087075,0)
reseed=0 gear=1 gtmr=75 in=(128,0,255,0) steer=+0.500 gnd=4.0 sp=2041.92 horiz=2041.65 velH=1.2738 bodyH=1.2511 slip=+0.0227 d=(0.02586,0.09004) av=(0,0.0872618,0)
reseed=0 gear=1 gtmr=24 in=(128,0,255,0) steer=+0.500 gnd=4.0 sp=2068.85 horiz=2068.58 velH=1.2526 bodyH=1.2297 slip=+0.0228 d=(0.02814,0.09067) av=(0,0.0874407,0)
reseed=0 gear=2 gtmr=2975 in=(128,0,255,0) steer=+0.500 gnd=4.0 sp=2099.82 horiz=2099.55 velH=1.2311 bodyH=1.2084 slip=+0.0227 d=(0.03045,0.09124) av=(0,0.0876168,0)
reseed=0 gear=2 gtmr=2925 in=(128,0,255,0) steer=+0.500 gnd=4.0 sp=2134.77 horiz=2134.51 velH=1.2095 bodyH=1.1871 slip=+0.0225 d=(0.03293,0.09200) av=(0,0.0879374,0)
reseed=0 gear=2 gtmr=2875 in=(128,0,255,0) steer=+0.500 gnd=4.0 sp=2169.30 horiz=2169.03 velH=1.1881 bodyH=1.1657 slip=+0.0224 d=(0.03548,0.09278) av=(0,0.0881658,0)
reseed=0 gear=2 gtmr=2825 in=(128,0,255,0) steer=+0.500 gnd=4.0 sp=2203.38 horiz=2203.11 velH=1.1668 bodyH=1.1444 slip=+0.0224 d=(0.03806,0.09348) av=(0,0.088365,0)
reseed=0 gear=2 gtmr=2775 in=(128,0,255,0) steer=+0.500 gnd=4.0 sp=2237.01 horiz=2236.73 velH=1.1455 bodyH=1.1230 slip=+0.0225 d=(0.04067,0.09409) av=(0,0.0885584,0)
reseed=0 gear=2 gtmr=2725 in=(128,0,255,0) steer=+0.500 gnd=4.0 sp=2270.17 horiz=2269.88 velH=1.1243 bodyH=1.1017 slip=+0.0226 d=(0.04330,0.09461) av=(0,0.0887536,0)
reseed=0 gear=2 gtmr=2675 in=(128,0,255,0) steer=+0.500 gnd=4.0 sp=2302.86 horiz=2302.57 velH=1.1031 bodyH=1.0804 slip=+0.0227 d=(0.04597,0.09505) av=(0,0.0889517,0)
reseed=0 gear=2 gtmr=2625 in=(128,0,255,0) steer=+0.500 gnd=4.0 sp=2335.09 horiz=2334.79 velH=1.0818 bodyH=1.0590 slip=+0.0228 d=(0.04866,0.09540) av=(0,0.0891518,0)
reseed=0 gear=2 gtmr=2575 in=(128,0,255,0) steer=+0.500 gnd=4.0 sp=2366.84 horiz=2366.54 velH=1.0606 bodyH=1.0377 slip=+0.0229 d=(0.05138,0.09566) av=(0,0.0893528,0)
reseed=0 gear=2 gtmr=2525 in=(128,0,255,0) steer=+0.500 gnd=4.0 sp=2398.12 horiz=2397.81 velH=1.0394 bodyH=1.0164 slip=+0.0230 d=(0.05412,0.09582) av=(0,0.0895534,0)
reseed=0 gear=2 gtmr=2475 in=(128,0,255,0) steer=+0.500 gnd=4.0 sp=2428.92 horiz=2428.61 velH=1.0182 bodyH=0.9950 slip=+0.0231 d=(0.05688,0.09589) av=(0,0.0897529,0)
reseed=0 gear=2 gtmr=2425 in=(128,0,255,0) steer=+0.500 gnd=4.0 sp=2459.25 horiz=2458.93 velH=0.9969 bodyH=0.9737 slip=+0.0232 d=(0.05965,0.09587) av=(0,0.0899507,0)
reseed=0 gear=2 gtmr=2375 in=(128,0,255,0) steer=+0.500 gnd=4.0 sp=2489.10 horiz=2488.77 velH=0.9757 bodyH=0.9523 slip=+0.0233 d=(0.06244,0.09576) av=(0,0.0901464,0)
reseed=0 gear=2 gtmr=2325 in=(128,0,255,0) steer=+0.500 gnd=4.0 sp=2518.47 horiz=2518.13 velH=0.9545 bodyH=0.9310 slip=+0.0235 d=(0.06523,0.09555) av=(0,0.0903397,0)
reseed=0 gear=2 gtmr=2275 in=(128,0,255,0) steer=+0.500 gnd=4.0 sp=2547.36 horiz=2547.02 velH=0.9332 bodyH=0.9097 slip=+0.0236 d=(0.06803,0.09525) av=(0,0.0905305,0)
reseed=1 gear=2 gtmr=2225 in=(128,0,255,0) steer=+0.500 gnd=4.0 sp=1317.05 horiz=1317.04 velH=1.6949 bodyH=1.6879 slip=+0.0070 d=(-0.00791,0.05901) av=(0,0.0830286,0)
reseed=0 gear=2 gtmr=2175 in=(128,0,255,0) steer=+0.500 gnd=4.0 sp=1360.06 horiz=1360.01 velH=1.6801 bodyH=1.6690 slip=+0.0111 d=(-0.00744,0.06109) av=(0,0.083526,0)
reseed=0 gear=2 gtmr=2125 in=(128,0,255,0) steer=+0.500 gnd=4.0 sp=1402.66 horiz=1402.59 velH=1.6632 bodyH=1.6495 slip=+0.0137 d=(-0.00672,0.06317) av=(0,0.0838389,0)
reseed=0 gear=2 gtmr=2075 in=(128,0,255,0) steer=+0.500 gnd=4.0 sp=1444.89 horiz=1444.80 velH=1.6449 bodyH=1.6294 slip=+0.0154 d=(-0.00581,0.06524) av=(0,0.0838936,0)
reseed=0 gear=2 gtmr=2025 in=(128,0,255,0) steer=+0.500 gnd=4.0 sp=1486.73 horiz=1486.62 velH=1.6256 bodyH=1.6087 slip=+0.0168 d=(-0.00474,0.06728) av=(0,0.0838286,0)
reseed=0 gear=2 gtmr=1975 in=(128,0,255,0) steer=+0.500 gnd=4.0 sp=1528.20 horiz=1528.07 velH=1.6055 bodyH=1.5875 slip=+0.0180 d=(-0.00353,0.06929) av=(0,0.0838782,0)
reseed=0 gear=2 gtmr=1925 in=(128,0,255,0) steer=+0.500 gnd=4.0 sp=1569.28 horiz=1569.14 velH=1.5849 bodyH=1.5662 slip=+0.0188 d=(-0.00219,0.07127) av=(0,0.0840637,0)
reseed=0 gear=2 gtmr=1875 in=(128,0,255,0) steer=+0.500 gnd=4.0 sp=1610.01 horiz=1609.85 velH=1.5641 bodyH=1.5448 slip=+0.0193 d=(-0.00074,0.07319) av=(0,0.0843358,0)
reseed=0 gear=2 gtmr=1825 in=(128,0,255,0) steer=+0.500 gnd=4.0 sp=1650.36 horiz=1650.20 velH=1.5431 bodyH=1.5235 slip=+0.0196 d=(0.00081,0.07508) av=(0,0.0846273,0)
reseed=0 gear=2 gtmr=1775 in=(128,0,255,0) steer=+0.500 gnd=4.0 sp=1690.34 horiz=1690.17 velH=1.5220 bodyH=1.5021 slip=+0.0199 d=(0.00244,0.07691) av=(0,0.0849148,0)
reseed=0 gear=2 gtmr=1725 in=(128,0,255,0) steer=+0.500 gnd=4.0 sp=1729.95 horiz=1729.77 velH=1.5010 bodyH=1.4808 slip=+0.0201 d=(0.00416,0.07869) av=(0,0.0851923,0)
reseed=0 gear=2 gtmr=1675 in=(128,0,255,0) steer=+0.500 gnd=4.0 sp=1769.17 horiz=1768.98 velH=1.4798 bodyH=1.4595 slip=+0.0204 d=(0.00595,0.08041) av=(0,0.0854599,0)
reseed=0 gear=2 gtmr=1625 in=(128,0,255,0) steer=+0.500 gnd=4.0 sp=1807.99 horiz=1807.80 velH=1.4587 bodyH=1.4381 slip=+0.0206 d=(0.00782,0.08207) av=(0,0.0857192,0)
reseed=0 gear=2 gtmr=1575 in=(128,0,255,0) steer=+0.500 gnd=4.0 sp=1846.42 horiz=1846.22 velH=1.4375 bodyH=1.4168 slip=+0.0207 d=(0.00976,0.08367) av=(0,0.0859719,0)
reseed=0 gear=2 gtmr=1525 in=(128,0,255,0) steer=+0.500 gnd=4.0 sp=1884.44 horiz=1884.23 velH=1.4164 bodyH=1.3955 slip=+0.0209 d=(0.01177,0.08520) av=(0,0.0862196,0)
reseed=0 gear=2 gtmr=1475 in=(128,0,255,0) steer=+0.500 gnd=4.0 sp=1922.04 horiz=1921.82 velH=1.3952 bodyH=1.3741 slip=+0.0211 d=(0.01384,0.08667) av=(0,0.0864631,0)
reseed=0 gear=2 gtmr=1425 in=(128,0,255,0) steer=+0.500 gnd=4.0 sp=1959.21 horiz=1958.99 velH=1.3741 bodyH=1.3528 slip=+0.0213 d=(0.01599,0.08807) av=(0,0.0867031,0)
reseed=0 gear=2 gtmr=1375 in=(128,0,255,0) steer=+0.500 gnd=4.0 sp=1995.96 horiz=1995.73 velH=1.3529 bodyH=1.3314 slip=+0.0214 d=(0.01819,0.08939) av=(0,0.0869399,0)
reseed=1 gear=2 gtmr=1325 in=(128,0,255,0) steer=+0.500 gnd=4.0 sp=1042.59 horiz=1042.59 velH=1.7179 bodyH=1.7140 slip=+0.0039 d=(-0.00723,0.04621) av=(0,0.0794399,0)
reseed=0 gear=2 gtmr=1275 in=(128,0,255,0) steer=+0.500 gnd=4.0 sp=1087.00 horiz=1086.98 velH=1.7054 bodyH=1.6990 slip=+0.0064 d=(-0.00703,0.04833) av=(0,0.0811239,0)
reseed=0 gear=2 gtmr=1225 in=(128,0,255,0) steer=+0.500 gnd=4.0 sp=1131.18 horiz=1131.16 velH=1.6915 bodyH=1.6834 slip=+0.0082 d=(-0.00668,0.05045) av=(0,0.0823168,0)
reseed=0 gear=2 gtmr=1175 in=(128,0,255,0) steer=+0.500 gnd=4.0 sp=1175.14 horiz=1175.11 velH=1.6767 bodyH=1.6671 slip=+0.0096 d=(-0.00621,0.05257) av=(0,0.0831193,0)
reseed=0 gear=2 gtmr=1125 in=(128,0,255,0) steer=+0.500 gnd=4.0 sp=1218.86 horiz=1218.82 velH=1.6611 bodyH=1.6503 slip=+0.0108 d=(-0.00564,0.05468) av=(0,0.0836418,0)
reseed=0 gear=2 gtmr=1075 in=(128,0,255,0) steer=+0.500 gnd=4.0 sp=1262.31 horiz=1262.27 velH=1.6447 bodyH=1.6328 slip=+0.0119 d=(-0.00495,0.05678) av=(0,0.083965,0)
reseed=0 gear=2 gtmr=1025 in=(128,0,255,0) steer=+0.500 gnd=4.0 sp=1305.50 horiz=1305.44 velH=1.6277 bodyH=1.6146 slip=+0.0130 d=(-0.00416,0.05886) av=(0,0.0841403,0)
reseed=0 gear=2 gtmr=975 in=(128,0,255,0) steer=+0.500 gnd=4.0 sp=1348.38 horiz=1348.32 velH=1.6100 bodyH=1.5959 slip=+0.0140 d=(-0.00325,0.06091) av=(0,0.0841981,0)
reseed=0 gear=2 gtmr=925 in=(128,0,255,0) steer=+0.500 gnd=4.0 sp=1390.96 horiz=1390.88 velH=1.5916 bodyH=1.5766 slip=+0.0150 d=(-0.00224,0.06294) av=(0,0.0841564,0)
reseed=0 gear=2 gtmr=875 in=(128,0,255,0) steer=+0.500 gnd=4.0 sp=1433.21 horiz=1433.12 velH=1.5727 bodyH=1.5567 slip=+0.0160 d=(-0.00111,0.06494) av=(0,0.0840261,0)
reseed=0 gear=2 gtmr=825 in=(128,0,255,0) steer=+0.500 gnd=4.0 sp=1475.12 horiz=1475.01 velH=1.5531 bodyH=1.5361 slip=+0.0170 d=(0.00013,0.06691) av=(0,0.0838954,0)
reseed=0 gear=2 gtmr=775 in=(128,0,255,0) steer=+0.500 gnd=4.0 sp=1516.66 horiz=1516.54 velH=1.5330 bodyH=1.5150 slip=+0.0180 d=(0.00148,0.06883) av=(0,0.0839048,0)
reseed=0 gear=2 gtmr=725 in=(128,0,255,0) steer=+0.500 gnd=4.0 sp=1557.84 horiz=1557.70 velH=1.5124 bodyH=1.4937 slip=+0.0187 d=(0.00296,0.07070) av=(0,0.0840495,0)
reseed=0 gear=2 gtmr=675 in=(128,0,255,0) steer=+0.500 gnd=4.0 sp=1598.66 horiz=1598.51 velH=1.4915 bodyH=1.4723 slip=+0.0192 d=(0.00453,0.07253) av=(0,0.0842975,0)
reseed=0 gear=2 gtmr=625 in=(128,0,255,0) steer=+0.500 gnd=4.0 sp=1639.11 horiz=1638.95 velH=1.4705 bodyH=1.4510 slip=+0.0196 d=(0.00620,0.07430) av=(0,0.0845751,0)
reseed=0 gear=2 gtmr=575 in=(128,0,255,0) steer=+0.500 gnd=4.0 sp=1679.19 horiz=1679.03 velH=1.4495 bodyH=1.4296 slip=+0.0198 d=(0.00796,0.07601) av=(0,0.0848548,0)
reseed=0 gear=2 gtmr=525 in=(128,0,255,0) steer=+0.500 gnd=4.0 sp=1718.90 horiz=1718.73 velH=1.4284 bodyH=1.4083 slip=+0.0201 d=(0.00979,0.07767) av=(0,0.0851281,0)
reseed=0 gear=2 gtmr=475 in=(128,0,255,0) steer=+0.500 gnd=4.0 sp=1758.23 horiz=1758.05 velH=1.4073 bodyH=1.3870 slip=+0.0203 d=(0.01169,0.07926) av=(0,0.0853936,0)
reseed=0 gear=2 gtmr=425 in=(128,0,255,0) steer=+0.500 gnd=4.0 sp=1797.17 horiz=1796.98 velH=1.3861 bodyH=1.3656 slip=+0.0205 d=(0.01366,0.08079) av=(0,0.085652,0)
reseed=0 gear=2 gtmr=375 in=(128,0,255,0) steer=+0.500 gnd=4.0 sp=1835.71 horiz=1835.51 velH=1.3650 bodyH=1.3443 slip=+0.0207 d=(0.01570,0.08225) av=(0,0.0859045,0)
reseed=1 gear=2 gtmr=325 in=(128,0,255,0) steer=+0.500 gnd=4.0 sp=962.70 horiz=962.70 velH=1.7441 bodyH=1.7412 slip=+0.0029 d=(-0.00776,0.04235) av=(0,0.0760424,0)
reseed=0 gear=2 gtmr=275 in=(128,0,255,0) steer=+0.500 gnd=4.0 sp=1007.38 horiz=1007.37 velH=1.7322 bodyH=1.7273 slip=+0.0049 d=(-0.00767,0.04448) av=(0,0.0771344,0)
reseed=0 gear=2 gtmr=225 in=(128,0,255,0) steer=+0.500 gnd=4.0 sp=1051.89 horiz=1051.88 velH=1.7193 bodyH=1.7128 slip=+0.0065 d=(-0.00746,0.04661) av=(0,0.0796983,0)
reseed=0 gear=2 gtmr=175 in=(128,0,255,0) steer=+0.500 gnd=4.0 sp=1096.21 horiz=1096.20 velH=1.7055 bodyH=1.6977 slip=+0.0078 d=(-0.00715,0.04874) av=(0,0.0815512,0)
reseed=0 gear=2 gtmr=125 in=(128,0,255,0) steer=+0.500 gnd=4.0 sp=1140.33 horiz=1140.31 velH=1.6909 bodyH=1.6820 slip=+0.0090 d=(-0.00674,0.05087) av=(0,0.0826676,0)
reseed=0 gear=2 gtmr=75 in=(128,0,255,0) steer=+0.500 gnd=4.0 sp=1184.23 horiz=1184.20 velH=1.6757 bodyH=1.6656 slip=+0.0101 d=(-0.00623,0.05299) av=(0,0.0833595,0)
reseed=0 gear=2 gtmr=24 in=(128,0,255,0) steer=+0.500 gnd=4.0 sp=1227.89 horiz=1227.85 velH=1.6598 bodyH=1.6486 slip=+0.0112 d=(-0.00562,0.05510) av=(0,0.0837917,0)
reseed=0 gear=3 gtmr=2975 in=(128,0,255,0) steer=+0.500 gnd=4.0 sp=1274.42 horiz=1274.37 velH=1.6429 bodyH=1.6310 slip=+0.0120 d=(-0.00491,0.05720) av=(0,0.0840519,0)
reseed=0 gear=3 gtmr=2925 in=(128,0,255,0) steer=+0.500 gnd=4.0 sp=1323.79 horiz=1323.73 velH=1.6254 bodyH=1.6127 slip=+0.0127 d=(-0.00408,0.05950) av=(0,0.084286,0)
reseed=0 gear=3 gtmr=2875 in=(128,0,255,0) steer=+0.500 gnd=4.0 sp=1372.83 horiz=1372.77 velH=1.6073 bodyH=1.5937 slip=+0.0136 d=(-0.00315,0.06184) av=(0,0.0843672,0)
reseed=0 gear=3 gtmr=2825 in=(128,0,255,0) steer=+0.500 gnd=4.0 sp=1421.52 horiz=1421.44 velH=1.5886 bodyH=1.5740 slip=+0.0147 d=(-0.00210,0.06415) av=(0,0.0843317,0)
reseed=0 gear=3 gtmr=2775 in=(128,0,255,0) steer=+0.500 gnd=4.0 sp=1469.83 horiz=1469.73 velH=1.5693 bodyH=1.5536 slip=+0.0158 d=(-0.00093,0.06643) av=(0,0.0841911,0)
reseed=0 gear=3 gtmr=2725 in=(128,0,255,0) steer=+0.500 gnd=4.0 sp=1517.72 horiz=1517.61 velH=1.5494 bodyH=1.5325 slip=+0.0169 d=(0.00037,0.06867) av=(0,0.0841321,0)
reseed=0 gear=3 gtmr=2675 in=(128,0,255,0) steer=+0.500 gnd=4.0 sp=1565.20 horiz=1565.07 velH=1.5289 bodyH=1.5111 slip=+0.0177 d=(0.00180,0.07087) av=(0,0.0841724,0)
reseed=0 gear=3 gtmr=2625 in=(128,0,255,0) steer=+0.500 gnd=4.0 sp=1612.26 horiz=1612.12 velH=1.5081 bodyH=1.4898 slip=+0.0183 d=(0.00336,0.07301) av=(0,0.0843901,0)
reseed=0 gear=3 gtmr=2575 in=(128,0,255,0) steer=+0.500 gnd=4.0 sp=1658.90 horiz=1658.75 velH=1.4872 bodyH=1.4685 slip=+0.0187 d=(0.00502,0.07509) av=(0,0.0846758,0)
reseed=0 gear=3 gtmr=2525 in=(128,0,255,0) steer=+0.500 gnd=4.0 sp=1705.10 horiz=1704.94 velH=1.4662 bodyH=1.4471 slip=+0.0191 d=(0.00678,0.07712) av=(0,0.0849816,0)
reseed=0 gear=3 gtmr=2475 in=(128,0,255,0) steer=+0.500 gnd=4.0 sp=1750.87 horiz=1750.70 velH=1.4451 bodyH=1.4258 slip=+0.0193 d=(0.00863,0.07908) av=(0,0.0852892,0)
reseed=0 gear=3 gtmr=2425 in=(128,0,255,0) steer=+0.500 gnd=4.0 sp=1796.18 horiz=1796.00 velH=1.4241 bodyH=1.4045 slip=+0.0196 d=(0.01056,0.08098) av=(0,0.0855924,0)
reseed=0 gear=3 gtmr=2375 in=(128,0,255,0) steer=+0.500 gnd=4.0 sp=1841.03 horiz=1840.84 velH=1.4030 bodyH=1.3831 slip=+0.0199 d=(0.01258,0.08281) av=(0,0.08589,0)
reseed=0 gear=3 gtmr=2325 in=(128,0,255,0) steer=+0.500 gnd=4.0 sp=1885.40 horiz=1885.21 velH=1.3819 bodyH=1.3618 slip=+0.0201 d=(0.01468,0.08457) av=(0,0.0861821,0)
reseed=0 gear=3 gtmr=2275 in=(128,0,255,0) steer=+0.500 gnd=4.0 sp=1929.29 horiz=1929.09 velH=1.3607 bodyH=1.3405 slip=+0.0203 d=(0.01685,0.08625) av=(0,0.0864692,0)
reseed=1 gear=3 gtmr=2225 in=(128,0,255,0) steer=+0.500 gnd=4.0 sp=1015.64 horiz=1015.64 velH=1.7812 bodyH=1.7783 slip=+0.0030 d=(-0.00984,0.04422) av=(0,0.0779269,0)
reseed=0 gear=3 gtmr=2175 in=(128,0,255,0) steer=+0.500 gnd=4.0 sp=1066.42 horiz=1066.41 velH=1.7687 bodyH=1.7636 slip=+0.0051 d=(-0.00983,0.04664) av=(0,0.0800797,0)
reseed=0 gear=3 gtmr=2125 in=(128,0,255,0) steer=+0.500 gnd=4.0 sp=1116.99 horiz=1116.97 velH=1.7550 bodyH=1.7483 slip=+0.0067 d=(-0.00969,0.04906) av=(0,0.0817022,0)
reseed=0 gear=3 gtmr=2075 in=(128,0,255,0) steer=+0.500 gnd=4.0 sp=1167.31 horiz=1167.29 velH=1.7404 bodyH=1.7322 slip=+0.0082 d=(-0.00943,0.05150) av=(0,0.0827679,0)
reseed=0 gear=3 gtmr=2025 in=(128,0,255,0) steer=+0.500 gnd=4.0 sp=1217.36 horiz=1217.33 velH=1.7250 bodyH=1.7154 slip=+0.0095 d=(-0.00906,0.05393) av=(0,0.0834726,0)
reseed=0 gear=3 gtmr=1975 in=(128,0,255,0) steer=+0.500 gnd=4.0 sp=1267.13 horiz=1267.09 velH=1.7087 bodyH=1.6979 slip=+0.0108 d=(-0.00856,0.05635) av=(0,0.0839303,0)
reseed=0 gear=3 gtmr=1925 in=(128,0,255,0) steer=+0.500 gnd=4.0 sp=1316.58 horiz=1316.53 velH=1.6918 bodyH=1.6797 slip=+0.0120 d=(-0.00795,0.05876) av=(0,0.0842054,0)
reseed=0 gear=3 gtmr=1875 in=(128,0,255,0) steer=+0.500 gnd=4.0 sp=1365.69 horiz=1365.63 velH=1.6741 bodyH=1.6608 slip=+0.0132 d=(-0.00721,0.06116) av=(0,0.0843334,0)
reseed=0 gear=3 gtmr=1825 in=(128,0,255,0) steer=+0.500 gnd=4.0 sp=1414.44 horiz=1414.37 velH=1.6556 bodyH=1.6412 slip=+0.0144 d=(-0.00635,0.06354) av=(0,0.0843339,0)
reseed=0 gear=3 gtmr=1775 in=(128,0,255,0) steer=+0.500 gnd=4.0 sp=1462.81 horiz=1462.72 velH=1.6365 bodyH=1.6209 slip=+0.0155 d=(-0.00535,0.06590) av=(0,0.0842187,0)
reseed=0 gear=3 gtmr=1725 in=(128,0,255,0) steer=+0.500 gnd=4.0 sp=1510.77 horiz=1510.67 velH=1.6166 bodyH=1.6000 slip=+0.0167 d=(-0.00422,0.06822) av=(0,0.0841304,0)
reseed=0 gear=3 gtmr=1675 in=(128,0,255,0) steer=+0.500 gnd=4.0 sp=1558.31 horiz=1558.19 velH=1.5962 bodyH=1.5786 slip=+0.0176 d=(-0.00295,0.07051) av=(0,0.0841554,0)
reseed=0 gear=3 gtmr=1625 in=(128,0,255,0) steer=+0.500 gnd=4.0 sp=1605.43 horiz=1605.30 velH=1.5755 bodyH=1.5573 slip=+0.0182 d=(-0.00156,0.07275) av=(0,0.084352,0)
reseed=0 gear=3 gtmr=1575 in=(128,0,255,0) steer=+0.500 gnd=4.0 sp=1652.13 horiz=1651.98 velH=1.5546 bodyH=1.5360 slip=+0.0187 d=(-0.00005,0.07494) av=(0,0.0846309,0)
reseed=0 gear=3 gtmr=1525 in=(128,0,255,0) steer=+0.500 gnd=4.0 sp=1698.40 horiz=1698.24 velH=1.5336 bodyH=1.5146 slip=+0.0190 d=(0.00156,0.07709) av=(0,0.0849354,0)
reseed=0 gear=3 gtmr=1475 in=(128,0,255,0) steer=+0.500 gnd=4.0 sp=1744.23 horiz=1744.06 velH=1.5126 bodyH=1.4933 slip=+0.0193 d=(0.00327,0.07917) av=(0,0.0852436,0)
reseed=0 gear=3 gtmr=1425 in=(128,0,255,0) steer=+0.500 gnd=4.0 sp=1789.61 horiz=1789.44 velH=1.4915 bodyH=1.4719 slip=+0.0196 d=(0.00506,0.08120) av=(0,0.0855479,0)
reseed=0 gear=3 gtmr=1375 in=(128,0,255,0) steer=+0.500 gnd=4.0 sp=1834.53 horiz=1834.34 velH=1.4704 bodyH=1.4506 slip=+0.0198 d=(0.00695,0.08317) av=(0,0.0858466,0)
reseed=0 gear=3 gtmr=1325 in=(128,0,255,0) steer=+0.500 gnd=4.0 sp=1878.97 horiz=1878.78 velH=1.4493 bodyH=1.4293 slip=+0.0200 d=(0.00891,0.08507) av=(0,0.0861395,0)
reseed=0 gear=3 gtmr=1275 in=(128,0,255,0) steer=+0.500 gnd=4.0 sp=1922.93 horiz=1922.73 velH=1.4282 bodyH=1.4079 slip=+0.0203 d=(0.01096,0.08690) av=(0,0.0864275,0)
reseed=0 gear=3 gtmr=1225 in=(128,0,255,0) steer=+0.500 gnd=4.0 sp=1966.39 horiz=1966.19 velH=1.4071 bodyH=1.3866 slip=+0.0205 d=(0.01309,0.08866) av=(0,0.086711,0)
reseed=0 gear=3 gtmr=1175 in=(128,0,255,0) steer=+0.500 gnd=4.0 sp=2009.35 horiz=2009.14 velH=1.3859 bodyH=1.3653 slip=+0.0207 d=(0.01530,0.09034) av=(0,0.0869905,0)
reseed=0 gear=3 gtmr=1125 in=(128,0,255,0) steer=+0.500 gnd=4.0 sp=2051.80 horiz=2051.57 velH=1.3648 bodyH=1.3439 slip=+0.0209 d=(0.01758,0.09195) av=(0,0.0872664,0)
reseed=0 gear=3 gtmr=1075 in=(128,0,255,0) steer=+0.500 gnd=4.0 sp=2093.72 horiz=2093.49 velH=1.3436 bodyH=1.3226 slip=+0.0211 d=(0.01992,0.09347) av=(0,0.0875388,0)
reseed=1 gear=3 gtmr=1025 in=(128,0,255,0) steer=+0.500 gnd=4.0 sp=1097.60 horiz=1097.59 velH=1.8481 bodyH=1.8441 slip=+0.0040 d=(-0.01385,0.04711) av=(0,0.0789896,0)
reseed=0 gear=3 gtmr=975 in=(128,0,255,0) steer=+0.500 gnd=4.0 sp=1148.05 horiz=1148.04 velH=1.8349 bodyH=1.8283 slip=+0.0066 d=(-0.01395,0.04953) av=(0,0.0810965,0)
reseed=0 gear=3 gtmr=925 in=(128,0,255,0) steer=+0.500 gnd=4.0 sp=1198.24 horiz=1198.21 velH=1.8203 bodyH=1.8118 slip=+0.0085 d=(-0.01388,0.05197) av=(0,0.0824905,0)
reseed=0 gear=3 gtmr=875 in=(128,0,255,0) steer=+0.500 gnd=4.0 sp=1248.13 horiz=1248.10 velH=1.8046 bodyH=1.7946 slip=+0.0100 d=(-0.01368,0.05442) av=(0,0.0833735,0)
reseed=0 gear=3 gtmr=825 in=(128,0,255,0) steer=+0.500 gnd=4.0 sp=1297.71 horiz=1297.67 velH=1.7881 bodyH=1.7767 slip=+0.0114 d=(-0.01334,0.05688) av=(0,0.0839056,0)
reseed=0 gear=3 gtmr=775 in=(128,0,255,0) steer=+0.500 gnd=4.0 sp=1346.96 horiz=1346.91 velH=1.7707 bodyH=1.7580 slip=+0.0127 d=(-0.01288,0.05933) av=(0,0.0841914,0)
reseed=0 gear=3 gtmr=725 in=(128,0,255,0) steer=+0.500 gnd=4.0 sp=1395.86 horiz=1395.79 velH=1.7526 bodyH=1.7387 slip=+0.0139 d=(-0.01229,0.06178) av=(0,0.0842939,0)
reseed=0 gear=3 gtmr=675 in=(128,0,255,0) steer=+0.500 gnd=4.0 sp=1444.38 horiz=1444.29 velH=1.7337 bodyH=1.7187 slip=+0.0151 d=(-0.01156,0.06422) av=(0,0.0842499,0)
reseed=0 gear=3 gtmr=625 in=(128,0,255,0) steer=+0.500 gnd=4.0 sp=1492.50 horiz=1492.40 velH=1.7142 bodyH=1.6979 slip=+0.0162 d=(-0.01069,0.06665) av=(0,0.0841071,0)
reseed=0 gear=3 gtmr=575 in=(128,0,255,0) steer=+0.500 gnd=4.0 sp=1540.20 horiz=1540.08 velH=1.6939 bodyH=1.6767 slip=+0.0173 d=(-0.00969,0.06905) av=(0,0.0841221,0)
reseed=0 gear=3 gtmr=525 in=(128,0,255,0) steer=+0.500 gnd=4.0 sp=1587.48 horiz=1587.35 velH=1.6733 bodyH=1.6553 slip=+0.0180 d=(-0.00855,0.07142) av=(0,0.0842595,0)
reseed=0 gear=3 gtmr=475 in=(128,0,255,0) steer=+0.500 gnd=4.0 sp=1634.34 horiz=1634.20 velH=1.6525 bodyH=1.6340 slip=+0.0185 d=(-0.00729,0.07375) av=(0,0.0845177,0)
reseed=0 gear=3 gtmr=425 in=(128,0,255,0) steer=+0.500 gnd=4.0 sp=1680.77 horiz=1680.62 velH=1.6315 bodyH=1.6127 slip=+0.0189 d=(-0.00592,0.07605) av=(0,0.0848169,0)
reseed=0 gear=3 gtmr=375 in=(128,0,255,0) steer=+0.500 gnd=4.0 sp=1726.77 horiz=1726.61 velH=1.6105 bodyH=1.5913 slip=+0.0192 d=(-0.00444,0.07830) av=(0,0.0851255,0)
reseed=0 gear=3 gtmr=325 in=(128,0,255,0) steer=+0.500 gnd=4.0 sp=1772.33 horiz=1772.16 velH=1.5895 bodyH=1.5700 slip=+0.0195 d=(-0.00287,0.08050) av=(0,0.085432,0)
reseed=0 gear=3 gtmr=275 in=(128,0,255,0) steer=+0.500 gnd=4.0 sp=1817.42 horiz=1817.24 velH=1.5684 bodyH=1.5486 slip=+0.0197 d=(-0.00121,0.08265) av=(0,0.085733,0)
reseed=0 gear=3 gtmr=225 in=(128,0,255,0) steer=+0.500 gnd=4.0 sp=1862.05 horiz=1861.86 velH=1.5473 bodyH=1.5273 slip=+0.0200 d=(0.00055,0.08474) av=(0,0.0860281,0)
reseed=0 gear=3 gtmr=175 in=(128,0,255,0) steer=+0.500 gnd=4.0 sp=1906.19 horiz=1906.00 velH=1.5262 bodyH=1.5060 slip=+0.0202 d=(0.00239,0.08677) av=(0,0.086318,0)
reseed=0 gear=3 gtmr=125 in=(128,0,255,0) steer=+0.500 gnd=4.0 sp=1949.85 horiz=1949.64 velH=1.5050 bodyH=1.4846 slip=+0.0204 d=(0.00432,0.08874) av=(0,0.0866031,0)
reseed=0 gear=3 gtmr=75 in=(128,0,255,0) steer=+0.500 gnd=4.0 sp=1993.00 horiz=1992.79 velH=1.4839 bodyH=1.4633 slip=+0.0206 d=(0.00634,0.09064) av=(0,0.0868841,0)
reseed=0 gear=3 gtmr=24 in=(128,0,255,0) steer=+0.500 gnd=4.0 sp=2035.64 horiz=2035.42 velH=1.4628 bodyH=1.4420 slip=+0.0208 d=(0.00843,0.09247) av=(0,0.0871614,0)
reseed=0 gear=4 gtmr=2975 in=(128,0,255,0) steer=+0.500 gnd=4.0 sp=2081.93 horiz=2081.71 velH=1.4414 bodyH=1.4206 slip=+0.0207 d=(0.01060,0.09423) av=(0,0.0874373,0)
reseed=0 gear=4 gtmr=2925 in=(128,0,255,0) steer=+0.500 gnd=4.0 sp=2131.81 horiz=2131.58 velH=1.4199 bodyH=1.3993 slip=+0.0206 d=(0.01293,0.09620) av=(0,0.0878475,0)
reseed=0 gear=4 gtmr=2875 in=(128,0,255,0) steer=+0.500 gnd=4.0 sp=2181.07 horiz=2180.84 velH=1.3986 bodyH=1.3779 slip=+0.0207 d=(0.01534,0.09818) av=(0,0.0881721,0)
reseed=0 gear=4 gtmr=2825 in=(128,0,255,0) steer=+0.500 gnd=4.0 sp=2229.68 horiz=2229.44 velH=1.3774 bodyH=1.3566 slip=+0.0208 d=(0.01782,0.10007) av=(0,0.0884693,0)
reseed=0 gear=4 gtmr=2775 in=(128,0,255,0) steer=+0.500 gnd=4.0 sp=2277.62 horiz=2277.38 velH=1.3562 bodyH=1.3353 slip=+0.0209 d=(0.02038,0.10187) av=(0,0.0887608,0)
reseed=0 gear=4 gtmr=2725 in=(128,0,255,0) steer=+0.500 gnd=4.0 sp=2324.90 horiz=2324.64 velH=1.3350 bodyH=1.3139 slip=+0.0211 d=(0.02301,0.10358) av=(0,0.089053,0)
reseed=0 gear=4 gtmr=2675 in=(128,0,255,0) steer=+0.500 gnd=4.0 sp=2371.48 horiz=2371.22 velH=1.3139 bodyH=1.2926 slip=+0.0213 d=(0.02572,0.10519) av=(0,0.0893468,0)
reseed=0 gear=4 gtmr=2625 in=(128,0,255,0) steer=+0.500 gnd=4.0 sp=2417.37 horiz=2417.10 velH=1.2927 bodyH=1.2713 slip=+0.0215 d=(0.02849,0.10670) av=(0,0.0896413,0)
reseed=1 gear=4 gtmr=2575 in=(128,0,255,0) steer=+0.500 gnd=4.0 sp=1267.03 horiz=1267.02 velH=2.0333 bodyH=2.0280 slip=+0.0053 d=(-0.02578,0.05049) av=(0,0.0826278,0)
reseed=0 gear=4 gtmr=2525 in=(128,0,255,0) steer=+0.500 gnd=4.0 sp=1324.99 horiz=1324.96 velH=2.0184 bodyH=2.0098 slip=+0.0086 d=(-0.02634,0.05324) av=(0,0.0834241,0)
reseed=0 gear=4 gtmr=2475 in=(128,0,255,0) steer=+0.500 gnd=4.0 sp=1382.51 horiz=1382.46 velH=2.0018 bodyH=1.9908 slip=+0.0110 d=(-0.02668,0.05605) av=(0,0.0840246,0)
reseed=0 gear=4 gtmr=2425 in=(128,0,255,0) steer=+0.500 gnd=4.0 sp=1439.57 horiz=1439.51 velH=1.9838 bodyH=1.9709 slip=+0.0129 d=(-0.02683,0.05891) av=(0,0.084337,0)
reseed=0 gear=4 gtmr=2375 in=(128,0,255,0) steer=+0.500 gnd=4.0 sp=1496.16 horiz=1496.08 velH=1.9647 bodyH=1.9502 slip=+0.0145 d=(-0.02680,0.06181) av=(0,0.0843921,0)
reseed=0 gear=4 gtmr=2325 in=(128,0,255,0) steer=+0.500 gnd=4.0 sp=1552.26 horiz=1552.15 velH=1.9448 bodyH=1.9289 slip=+0.0159 d=(-0.02660,0.06474) av=(0,0.0843726,0)
reseed=0 gear=4 gtmr=2275 in=(128,0,255,0) steer=+0.500 gnd=4.0 sp=1607.85 horiz=1607.73 velH=1.9243 bodyH=1.9076 slip=+0.0167 d=(-0.02624,0.06767) av=(0,0.0844387,0)
reseed=0 gear=4 gtmr=2225 in=(128,0,255,0) steer=+0.500 gnd=4.0 sp=1662.94 horiz=1662.81 velH=1.9036 bodyH=1.8862 slip=+0.0174 d=(-0.02573,0.07061) av=(0,0.0846804,0)
reseed=0 gear=4 gtmr=2175 in=(128,0,255,0) steer=+0.500 gnd=4.0 sp=1717.51 horiz=1717.37 velH=1.8827 bodyH=1.8649 slip=+0.0178 d=(-0.02508,0.07354) av=(0,0.0850038,0)
reseed=0 gear=4 gtmr=2125 in=(128,0,255,0) steer=+0.500 gnd=4.0 sp=1771.56 horiz=1771.41 velH=1.8618 bodyH=1.8436 slip=+0.0182 d=(-0.02431,0.07645) av=(0,0.0853546,0)
reseed=0 gear=4 gtmr=2075 in=(128,0,255,0) steer=+0.500 gnd=4.0 sp=1825.06 horiz=1824.90 velH=1.8408 bodyH=1.8222 slip=+0.0186 d=(-0.02341,0.07934) av=(0,0.0857109,0)
reseed=0 gear=4 gtmr=2025 in=(128,0,255,0) steer=+0.500 gnd=4.0 sp=1878.01 horiz=1877.84 velH=1.8198 bodyH=1.8009 slip=+0.0189 d=(-0.02239,0.08220) av=(0,0.0860645,0)
reseed=0 gear=4 gtmr=1975 in=(128,0,255,0) steer=+0.500 gnd=4.0 sp=1930.38 horiz=1930.20 velH=1.7987 bodyH=1.7795 slip=+0.0192 d=(-0.02125,0.08503) av=(0,0.0864131,0)
reseed=0 gear=4 gtmr=1925 in=(128,0,255,0) steer=+0.500 gnd=4.0 sp=1982.15 horiz=1981.97 velH=1.7777 bodyH=1.7582 slip=+0.0195 d=(-0.01999,0.08781) av=(0,0.0867561,0)
reseed=0 gear=4 gtmr=1875 in=(128,0,255,0) steer=+0.500 gnd=4.0 sp=2033.32 horiz=2033.12 velH=1.7566 bodyH=1.7369 slip=+0.0197 d=(-0.01862,0.09056) av=(0,0.0870939,0)
reseed=0 gear=4 gtmr=1825 in=(128,0,255,0) steer=+0.500 gnd=4.0 sp=2083.87 horiz=2083.66 velH=1.7355 bodyH=1.7155 slip=+0.0200 d=(-0.01714,0.09326) av=(0,0.0874267,0)
reseed=0 gear=4 gtmr=1775 in=(128,0,255,0) steer=+0.500 gnd=4.0 sp=2133.78 horiz=2133.56 velH=1.7144 bodyH=1.6942 slip=+0.0202 d=(-0.01554,0.09590) av=(0,0.087755,0)
reseed=0 gear=4 gtmr=1725 in=(128,0,255,0) steer=+0.500 gnd=4.0 sp=2183.04 horiz=2182.81 velH=1.6933 bodyH=1.6729 slip=+0.0204 d=(-0.01384,0.09849) av=(0,0.088079,0)
reseed=0 gear=4 gtmr=1675 in=(128,0,255,0) steer=+0.500 gnd=4.0 sp=2231.64 horiz=2231.40 velH=1.6722 bodyH=1.6515 slip=+0.0207 d=(-0.01202,0.10102) av=(0,0.0883987,0)
reseed=0 gear=4 gtmr=1625 in=(128,0,255,0) steer=+0.500 gnd=4.0 sp=2279.57 horiz=2279.33 velH=1.6511 bodyH=1.6302 slip=+0.0209 d=(-0.01011,0.10349) av=(0,0.0887145,0)
reseed=0 gear=4 gtmr=1575 in=(128,0,255,0) steer=+0.500 gnd=4.0 sp=2326.82 horiz=2326.57 velH=1.6299 bodyH=1.6089 slip=+0.0211 d=(-0.00809,0.10588) av=(0,0.0890262,0)
reseed=0 gear=4 gtmr=1525 in=(128,0,255,0) steer=+0.500 gnd=4.0 sp=2373.38 horiz=2373.12 velH=1.6088 bodyH=1.5875 slip=+0.0213 d=(-0.00597,0.10821) av=(0,0.0893339,0)
reseed=0 gear=4 gtmr=1475 in=(128,0,255,0) steer=+0.500 gnd=4.0 sp=2419.24 horiz=2418.97 velH=1.5876 bodyH=1.5662 slip=+0.0215 d=(-0.00375,0.11046) av=(0,0.0896377,0)
reseed=0 gear=4 gtmr=1425 in=(128,0,255,0) steer=+0.500 gnd=4.0 sp=2464.40 horiz=2464.12 velH=1.5665 bodyH=1.5448 slip=+0.0216 d=(-0.00145,0.11263) av=(0,0.0899374,0)
reseed=0 gear=4 gtmr=1375 in=(128,0,255,0) steer=+0.500 gnd=4.0 sp=2508.84 horiz=2508.55 velH=1.5453 bodyH=1.5235 slip=+0.0218 d=(0.00095,0.11472) av=(0,0.0902331,0)
reseed=0 gear=4 gtmr=1325 in=(128,0,255,0) steer=+0.500 gnd=4.0 sp=2552.57 horiz=2552.27 velH=1.5242 bodyH=1.5022 slip=+0.0220 d=(0.00344,0.11672) av=(0,0.0905249,0)
reseed=0 gear=4 gtmr=1275 in=(128,0,255,0) steer=+0.500 gnd=4.0 sp=2595.58 horiz=2595.27 velH=1.5030 bodyH=1.4808 slip=+0.0222 d=(0.00601,0.11864) av=(0,0.0908126,0)
reseed=0 gear=4 gtmr=1225 in=(128,0,255,0) steer=+0.500 gnd=4.0 sp=2637.87 horiz=2637.55 velH=1.4818 bodyH=1.4595 slip=+0.0223 d=(0.00866,0.12047) av=(0,0.0910962,0)
reseed=0 gear=4 gtmr=1175 in=(128,0,255,0) steer=+0.500 gnd=4.0 sp=2679.42 horiz=2679.10 velH=1.4607 bodyH=1.4382 slip=+0.0225 d=(0.01139,0.12220) av=(0,0.0913758,0)
reseed=0 gear=4 gtmr=1125 in=(128,0,255,0) steer=+0.500 gnd=4.0 sp=2720.25 horiz=2719.92 velH=1.4395 bodyH=1.4168 slip=+0.0226 d=(0.01419,0.12384) av=(0,0.0916513,0)
reseed=0 gear=4 gtmr=1075 in=(128,0,255,0) steer=+0.500 gnd=4.0 sp=2760.35 horiz=2760.01 velH=1.4183 bodyH=1.3955 slip=+0.0228 d=(0.01707,0.12537) av=(0,0.0919227,0)
reseed=0 gear=4 gtmr=1025 in=(128,0,255,0) steer=+0.500 gnd=4.0 sp=2799.72 horiz=2799.37 velH=1.3971 bodyH=1.3741 slip=+0.0229 d=(0.02001,0.12681) av=(0,0.09219,0)
reseed=0 gear=4 gtmr=975 in=(128,0,255,0) steer=+0.500 gnd=4.0 sp=2838.36 horiz=2838.01 velH=1.3759 bodyH=1.3528 slip=+0.0231 d=(0.02301,0.12815) av=(0,0.0924531,0)
reseed=0 gear=4 gtmr=925 in=(128,0,255,0) steer=+0.500 gnd=4.0 sp=2876.28 horiz=2875.91 velH=1.3547 bodyH=1.3315 slip=+0.0232 d=(0.02607,0.12938) av=(0,0.0927121,0)
reseed=0 gear=4 gtmr=875 in=(128,0,255,0) steer=+0.500 gnd=4.0 sp=2913.46 horiz=2913.09 velH=1.3335 bodyH=1.3101 slip=+0.0234 d=(0.02919,0.13050) av=(0,0.0929669,0)
reseed=0 gear=4 gtmr=825 in=(128,0,255,0) steer=+0.500 gnd=4.0 sp=2949.92 horiz=2949.54 velH=1.3123 bodyH=1.2888 slip=+0.0235 d=(0.03236,0.13152) av=(0,0.0932176,0)
reseed=0 gear=4 gtmr=775 in=(128,0,255,0) steer=+0.500 gnd=4.0 sp=2985.66 horiz=2985.27 velH=1.2911 bodyH=1.2675 slip=+0.0236 d=(0.03558,0.13243) av=(0,0.093464,0)
reseed=0 gear=4 gtmr=725 in=(128,0,255,0) steer=+0.500 gnd=4.0 sp=3020.68 horiz=3020.29 velH=1.2699 bodyH=1.2461 slip=+0.0237 d=(0.03884,0.13322) av=(0,0.0937064,0)
reseed=0 gear=4 gtmr=675 in=(128,0,255,0) steer=+0.500 gnd=4.0 sp=3054.99 horiz=3054.59 velH=1.2487 bodyH=1.2248 slip=+0.0239 d=(0.04214,0.13391) av=(0,0.0939445,0)
reseed=0 gear=4 gtmr=625 in=(128,0,255,0) steer=+0.500 gnd=4.0 sp=3088.59 horiz=3088.18 velH=1.2274 bodyH=1.2035 slip=+0.0240 d=(0.04548,0.13448) av=(0,0.0941786,0)
reseed=0 gear=4 gtmr=575 in=(128,0,255,0) steer=+0.500 gnd=4.0 sp=3121.49 horiz=3121.07 velH=1.2062 bodyH=1.1821 slip=+0.0241 d=(0.04885,0.13495) av=(0,0.0944084,0)
reseed=0 gear=4 gtmr=525 in=(128,0,255,0) steer=+0.500 gnd=4.0 sp=3153.69 horiz=3153.26 velH=1.1850 bodyH=1.1608 slip=+0.0242 d=(0.05224,0.13529) av=(0,0.0946341,0)
reseed=0 gear=4 gtmr=475 in=(128,0,255,0) steer=+0.500 gnd=4.0 sp=3185.19 horiz=3184.76 velH=1.1638 bodyH=1.1394 slip=+0.0243 d=(0.05567,0.13553) av=(0,0.0948557,0)
reseed=1 gear=4 gtmr=425 in=(128,0,255,0) steer=+0.500 gnd=4.0 sp=1648.41 horiz=1648.38 velH=-2.5386 bodyH=-2.5472 slip=+0.0086 d=(-0.06089,-0.04286) av=(0,0.094288,0)
reseed=0 gear=4 gtmr=375 in=(128,0,255,0) steer=+0.500 gnd=4.0 sp=1703.51 horiz=1703.44 velH=-2.5553 bodyH=-2.5686 slip=+0.0133 d=(-0.06359,-0.04348) av=(0,0.0893537,0)
reseed=0 gear=4 gtmr=325 in=(128,0,255,0) steer=+0.500 gnd=4.0 sp=1757.93 horiz=1757.82 velH=-2.5741 bodyH=-2.5899 slip=+0.0158 d=(-0.06645,-0.04379) av=(0,0.0870784,0)
reseed=0 gear=4 gtmr=275 in=(128,0,255,0) steer=+0.500 gnd=4.0 sp=1811.70 horiz=1811.57 velH=-2.5940 bodyH=-2.6112 slip=+0.0173 d=(-0.06940,-0.04386) av=(0,0.0863052,0)
reseed=0 gear=4 gtmr=225 in=(128,0,255,0) steer=+0.500 gnd=4.0 sp=1864.86 horiz=1864.71 velH=-2.6144 bodyH=-2.6326 slip=+0.0182 d=(-0.07239,-0.04375) av=(0,0.0861946,0)
reseed=0 gear=4 gtmr=175 in=(128,0,255,0) steer=+0.500 gnd=4.0 sp=1917.42 horiz=1917.25 velH=-2.6352 bodyH=-2.6539 slip=+0.0188 d=(-0.07539,-0.04348) av=(0,0.0863666,0)
reseed=0 gear=4 gtmr=125 in=(128,0,255,0) steer=+0.500 gnd=4.0 sp=1969.37 horiz=1969.18 velH=-2.6560 bodyH=-2.6753 slip=+0.0192 d=(-0.07841,-0.04308) av=(0,0.0866525,0)
reseed=0 gear=4 gtmr=75 in=(128,0,255,0) steer=+0.500 gnd=4.0 sp=2020.70 horiz=2020.50 velH=-2.6770 bodyH=-2.6966 slip=+0.0196 d=(-0.08142,-0.04254) av=(0,0.0869793,0)
reseed=0 gear=4 gtmr=24 in=(128,0,255,0) steer=+0.500 gnd=4.0 sp=2071.41 horiz=2071.20 velH=-2.6981 bodyH=-2.7179 slip=+0.0199 d=(-0.08442,-0.04188) av=(0,0.0873167,0)
reseed=0 gear=4 gtmr=0 in=(128,0,255,0) steer=+0.500 gnd=4.0 sp=2121.48 horiz=2121.26 velH=-2.7191 bodyH=-2.7393 slip=+0.0201 d=(-0.08740,-0.04109) av=(0,0.0876531,0)
reseed=0 gear=4 gtmr=0 in=(128,0,255,0) steer=+0.500 gnd=4.0 sp=2170.90 horiz=2170.68 velH=-2.7402 bodyH=-2.7606 slip=+0.0204 d=(-0.09036,-0.04018) av=(0,0.0879847,0)
reseed=0 gear=4 gtmr=0 in=(128,0,255,0) steer=+0.500 gnd=4.0 sp=2219.67 horiz=2219.44 velH=-2.7613 bodyH=-2.7819 slip=+0.0206 d=(-0.09329,-0.03915) av=(0,0.0883105,0)
reseed=0 gear=4 gtmr=0 in=(128,0,255,0) steer=+0.500 gnd=4.0 sp=2267.77 horiz=2267.52 velH=-2.7825 bodyH=-2.8033 slip=+0.0208 d=(-0.09619,-0.03800) av=(0,0.0886307,0)
reseed=0 gear=4 gtmr=0 in=(128,0,255,0) steer=+0.500 gnd=4.0 sp=2315.19 horiz=2314.93 velH=-2.8036 bodyH=-2.8246 slip=+0.0210 d=(-0.09905,-0.03673) av=(0,0.0889457,0)
reseed=0 gear=4 gtmr=0 in=(128,0,255,0) steer=+0.500 gnd=4.0 sp=2361.92 horiz=2361.66 velH=-2.8247 bodyH=-2.8460 slip=+0.0212 d=(-0.10188,-0.03535) av=(0,0.0892558,0)
reseed=0 gear=4 gtmr=0 in=(128,0,255,0) steer=+0.500 gnd=4.0 sp=2407.95 horiz=2407.68 velH=-2.8459 bodyH=-2.8673 slip=+0.0214 d=(-0.10465,-0.03385) av=(0,0.0895614,0)
reseed=0 gear=4 gtmr=0 in=(128,0,255,0) steer=+0.500 gnd=4.0 sp=2453.28 horiz=2453.01 velH=-2.8670 bodyH=-2.8886 slip=+0.0216 d=(-0.10738,-0.03224) av=(0,0.0898627,0)
reseed=0 gear=4 gtmr=0 in=(128,0,255,0) steer=+0.500 gnd=4.0 sp=2497.91 horiz=2497.62 velH=-2.8882 bodyH=-2.9100 slip=+0.0218 d=(-0.11006,-0.03053) av=(0,0.0901598,0)
reseed=0 gear=4 gtmr=0 in=(128,0,255,0) steer=+0.500 gnd=4.0 sp=2541.81 horiz=2541.52 velH=-2.9093 bodyH=-2.9313 slip=+0.0220 d=(-0.11267,-0.02870) av=(0,0.0904528,0)
reseed=0 gear=4 gtmr=0 in=(128,0,255,0) steer=+0.500 gnd=4.0 sp=2585.00 horiz=2584.70 velH=-2.9305 bodyH=-2.9526 slip=+0.0221 d=(-0.11523,-0.02677) av=(0,0.0907416,0)
reseed=0 gear=4 gtmr=0 in=(128,0,255,0) steer=+0.500 gnd=4.0 sp=2627.47 horiz=2627.15 velH=-2.9517 bodyH=-2.9740 slip=+0.0223 d=(-0.11772,-0.02473) av=(0,0.0910263,0)
reseed=0 gear=4 gtmr=0 in=(128,0,255,0) steer=+0.500 gnd=4.0 sp=2669.20 horiz=2668.88 velH=-2.9729 bodyH=-2.9953 slip=+0.0225 d=(-0.12014,-0.02260) av=(0,0.0913069,0)
reseed=0 gear=4 gtmr=0 in=(128,0,255,0) steer=+0.500 gnd=4.0 sp=2710.21 horiz=2709.88 velH=-2.9940 bodyH=-3.0166 slip=+0.0226 d=(-0.12249,-0.02037) av=(0,0.0915835,0)
reseed=0 gear=4 gtmr=0 in=(128,0,255,0) steer=+0.500 gnd=4.0 sp=2750.49 horiz=2750.16 velH=-3.0152 bodyH=-3.0380 slip=+0.0228 d=(-0.12477,-0.01804) av=(0,0.0918559,0)
reseed=0 gear=4 gtmr=0 in=(128,0,255,0) steer=+0.500 gnd=4.0 sp=2790.05 horiz=2789.70 velH=-3.0364 bodyH=-3.0593 slip=+0.0229 d=(-0.12697,-0.01562) av=(0,0.0921242,0)
reseed=0 gear=4 gtmr=0 in=(128,0,255,0) steer=+0.500 gnd=4.0 sp=2828.87 horiz=2828.51 velH=-3.0576 bodyH=-3.0807 slip=+0.0231 d=(-0.12908,-0.01311) av=(0,0.0923883,0)
reseed=0 gear=4 gtmr=0 in=(128,0,255,0) steer=+0.500 gnd=4.0 sp=2866.96 horiz=2866.59 velH=-3.0788 bodyH=-3.1020 slip=+0.0232 d=(-0.13112,-0.01052) av=(0,0.0926483,0)
reseed=0 gear=4 gtmr=0 in=(128,0,255,0) steer=+0.500 gnd=4.0 sp=2904.32 horiz=2903.95 velH=-3.1000 bodyH=-3.1233 slip=+0.0233 d=(-0.13307,-0.00784) av=(0,0.0929042,0)
reseed=0 gear=4 gtmr=0 in=(128,0,255,0) steer=+0.500 gnd=4.0 sp=2940.96 horiz=2940.58 velH=-3.1212 bodyH=3.1385 slip=+0.0235 d=(-0.13492,-0.00508) av=(0,0.0931559,0)
reseed=0 gear=4 gtmr=0 in=(128,0,255,0) steer=+0.500 gnd=4.0 sp=2976.88 horiz=2976.49 velH=3.1408 bodyH=3.1172 slip=+0.0236 d=(-0.13669,-0.00225) av=(0,0.0934034,0)
reseed=0 gear=4 gtmr=0 in=(128,0,255,0) steer=+0.500 gnd=4.0 sp=3012.08 horiz=3011.69 velH=3.1196 bodyH=3.0958 slip=+0.0237 d=(-0.13836,0.00066) av=(0,0.0936468,0)
reseed=0 gear=4 gtmr=0 in=(128,0,255,0) steer=+0.500 gnd=4.0 sp=3046.57 horiz=3046.16 velH=3.0983 bodyH=3.0745 slip=+0.0238 d=(-0.13994,0.00364) av=(0,0.093886,0)
reseed=0 gear=4 gtmr=0 in=(128,0,255,0) steer=+0.500 gnd=4.0 sp=3080.34 horiz=3079.93 velH=3.0771 bodyH=3.0532 slip=+0.0240 d=(-0.14142,0.00668) av=(0,0.094121,0)
reseed=0 gear=4 gtmr=0 in=(128,0,255,0) steer=+0.500 gnd=4.0 sp=3113.41 horiz=3112.99 velH=3.0559 bodyH=3.0318 slip=+0.0241 d=(-0.14280,0.00978) av=(0,0.0943519,0)
reseed=0 gear=4 gtmr=0 in=(128,0,255,0) steer=+0.500 gnd=4.0 sp=3145.78 horiz=3145.35 velH=3.0347 bodyH=3.0105 slip=+0.0242 d=(-0.14408,0.01295) av=(0,0.0945786,0)
reseed=0 gear=4 gtmr=0 in=(128,0,255,0) steer=+0.500 gnd=4.0 sp=3177.46 horiz=3177.02 velH=3.0135 bodyH=2.9892 slip=+0.0243 d=(-0.14525,0.01617) av=(0,0.0948012,0)
reseed=0 gear=4 gtmr=0 in=(128,0,255,0) steer=+0.500 gnd=4.0 sp=3208.45 horiz=3208.01 velH=2.9922 bodyH=2.9678 slip=+0.0244 d=(-0.14632,0.01944) av=(0,0.0950197,0)
reseed=0 gear=4 gtmr=0 in=(128,0,255,0) steer=+0.500 gnd=4.0 sp=3238.76 horiz=3238.31 velH=2.9710 bodyH=2.9465 slip=+0.0245 d=(-0.14729,0.02276) av=(0,0.095234,0)
reseed=0 gear=4 gtmr=0 in=(128,0,255,0) steer=+0.500 gnd=4.0 sp=3268.40 horiz=3267.94 velH=2.9498 bodyH=2.9251 slip=+0.0246 d=(-0.14815,0.02612) av=(0,0.0954443,0)
reseed=0 gear=4 gtmr=0 in=(128,0,255,0) steer=+0.500 gnd=4.0 sp=3297.37 horiz=3296.91 velH=2.9285 bodyH=2.9038 slip=+0.0247 d=(-0.14890,0.02953) av=(0,0.0956505,0)
reseed=0 gear=4 gtmr=0 in=(128,0,255,0) steer=+0.500 gnd=4.0 sp=3325.69 horiz=3325.22 velH=2.9073 bodyH=2.8825 slip=+0.0248 d=(-0.14954,0.03297) av=(0,0.0958526,0)
reseed=0 gear=4 gtmr=0 in=(128,0,255,0) steer=+0.500 gnd=4.0 sp=3353.35 horiz=3352.88 velH=2.8860 bodyH=2.8611 slip=+0.0249 d=(-0.15008,0.03645) av=(0,0.0960508,0)
reseed=0 gear=4 gtmr=0 in=(128,0,255,0) steer=+0.500 gnd=4.0 sp=3380.38 horiz=3379.90 velH=2.8648 bodyH=2.8398 slip=+0.0250 d=(-0.15050,0.03995) av=(0,0.0962449,0)
reseed=0 gear=4 gtmr=0 in=(128,0,255,0) steer=+0.500 gnd=4.0 sp=3406.78 horiz=3406.29 velH=2.8435 bodyH=2.8185 slip=+0.0251 d=(-0.15082,0.04348) av=(0,0.0964352,0)
reseed=0 gear=4 gtmr=0 in=(128,0,255,0) steer=+0.500 gnd=4.0 sp=3432.55 horiz=3432.06 velH=2.8223 bodyH=2.7971 slip=+0.0252 d=(-0.15102,0.04704) av=(0,0.0966214,0)
reseed=0 gear=4 gtmr=0 in=(128,0,255,0) steer=+0.500 gnd=4.0 sp=3457.71 horiz=3457.21 velH=2.8010 bodyH=2.7758 slip=+0.0253 d=(-0.15111,0.05061) av=(0,0.0968038,0)
reseed=0 gear=4 gtmr=0 in=(128,0,255,0) steer=+0.500 gnd=4.0 sp=3482.27 horiz=3481.76 velH=2.7798 bodyH=2.7545 slip=+0.0253 d=(-0.15109,0.05421) av=(0,0.0969823,0)
reseed=0 gear=4 gtmr=0 in=(128,0,255,0) steer=+0.500 gnd=4.0 sp=3506.23 horiz=3505.72 velH=2.7585 bodyH=2.7331 slip=+0.0254 d=(-0.15096,0.05781) av=(0,0.097157,0)
reseed=0 gear=4 gtmr=0 in=(128,0,255,0) steer=+0.500 gnd=4.0 sp=3529.60 horiz=3529.09 velH=2.7373 bodyH=2.7118 slip=+0.0255 d=(-0.15072,0.06142) av=(0,0.0973279,0)
reseed=0 gear=4 gtmr=0 in=(128,0,255,0) steer=+0.500 gnd=4.0 sp=3552.40 horiz=3551.88 velH=2.7160 bodyH=2.6904 slip=+0.0256 d=(-0.15037,0.06504) av=(0,0.0974951,0)
reseed=0 gear=4 gtmr=0 in=(128,0,255,0) steer=+0.500 gnd=4.0 sp=3574.64 horiz=3574.11 velH=2.6948 bodyH=2.6691 slip=+0.0256 d=(-0.14991,0.06866) av=(0,0.0976587,0)
reseed=0 gear=4 gtmr=0 in=(128,0,255,0) steer=+0.500 gnd=4.0 sp=3596.32 horiz=3595.78 velH=2.6735 bodyH=2.6478 slip=+0.0257 d=(-0.14934,0.07227) av=(0,0.0978185,0)
reseed=0 gear=4 gtmr=0 in=(128,0,255,0) steer=+0.500 gnd=4.0 sp=3617.45 horiz=3616.91 velH=2.6522 bodyH=2.6264 slip=+0.0258 d=(-0.14866,0.07589) av=(0,0.0979748,0)
reseed=0 gear=4 gtmr=0 in=(128,0,255,0) steer=+0.500 gnd=4.0 sp=3638.05 horiz=3637.50 velH=2.6310 bodyH=2.6051 slip=+0.0259 d=(-0.14787,0.07949) av=(0,0.0981275,0)
reseed=0 gear=4 gtmr=0 in=(128,0,255,0) steer=+0.500 gnd=4.0 sp=3658.12 horiz=3657.57 velH=2.6097 bodyH=2.5838 slip=+0.0259 d=(-0.14697,0.08308) av=(0,0.0982767,0)
reseed=0 gear=4 gtmr=0 in=(128,0,255,0) steer=+0.500 gnd=4.0 sp=3677.68 horiz=3677.12 velH=2.5884 bodyH=2.5624 slip=+0.0260 d=(-0.14596,0.08666) av=(0,0.0984225,0)
reseed=0 gear=4 gtmr=0 in=(128,0,255,0) steer=+0.500 gnd=4.0 sp=3696.73 horiz=3696.17 velH=2.5671 bodyH=2.5411 slip=+0.0261 d=(-0.14485,0.09022) av=(0,0.0985648,0)
reseed=0 gear=4 gtmr=0 in=(128,0,255,0) steer=+0.500 gnd=4.0 sp=3715.28 horiz=3714.72 velH=2.5459 bodyH=2.5197 slip=+0.0261 d=(-0.14363,0.09376) av=(0,0.0987038,0)
reseed=0 gear=4 gtmr=0 in=(128,0,255,0) steer=+0.500 gnd=4.0 sp=3733.35 horiz=3732.79 velH=2.5246 bodyH=2.4984 slip=+0.0262 d=(-0.14231,0.09728) av=(0,0.0988395,0)
reseed=0 gear=4 gtmr=0 in=(128,0,255,0) steer=+0.500 gnd=4.0 sp=3750.95 horiz=3750.38 velH=2.5033 bodyH=2.4771 slip=+0.0262 d=(-0.14089,0.10077) av=(0,0.0989719,0)
reseed=0 gear=4 gtmr=0 in=(128,0,255,0) steer=+0.500 gnd=4.0 sp=3768.08 horiz=3767.50 velH=2.4820 bodyH=2.4557 slip=+0.0263 d=(-0.13936,0.10423) av=(0,0.0991012,0)
reseed=0 gear=4 gtmr=0 in=(128,0,255,0) steer=+0.500 gnd=4.0 sp=3784.75 horiz=3784.17 velH=2.4608 bodyH=2.4344 slip=+0.0264 d=(-0.13773,0.10766) av=(0,0.0992273,0)
reseed=0 gear=4 gtmr=0 in=(128,0,255,0) steer=+0.500 gnd=4.0 sp=3800.98 horiz=3800.39 velH=2.4395 bodyH=2.4131 slip=+0.0264 d=(-0.13600,0.11105) av=(0,0.0993503,0)
reseed=0 gear=4 gtmr=0 in=(128,0,255,0) steer=+0.500 gnd=4.0 sp=3816.77 horiz=3816.18 velH=2.4182 bodyH=2.3917 slip=+0.0265 d=(-0.13418,0.11440) av=(0,0.0994702,0)
reseed=0 gear=4 gtmr=0 in=(128,0,255,0) steer=+0.500 gnd=4.0 sp=3832.14 horiz=3831.54 velH=2.3969 bodyH=2.3704 slip=+0.0265 d=(-0.13226,0.11771) av=(0,0.0995872,0)
reseed=0 gear=4 gtmr=0 in=(128,0,255,0) steer=+0.500 gnd=4.0 sp=3847.08 horiz=3846.49 velH=2.3756 bodyH=2.3491 slip=+0.0266 d=(-0.13024,0.12098) av=(0,0.0997012,0)
reseed=0 gear=4 gtmr=0 in=(128,0,255,0) steer=+0.500 gnd=4.0 sp=3861.62 horiz=3861.02 velH=2.3543 bodyH=2.3277 slip=+0.0266 d=(-0.12813,0.12421) av=(0,0.0998124,0)
reseed=0 gear=4 gtmr=0 in=(128,0,255,0) steer=+0.500 gnd=4.0 sp=3875.77 horiz=3875.16 velH=2.3330 bodyH=2.3064 slip=+0.0267 d=(-0.12592,0.12738) av=(0,0.0999207,0)
reseed=0 gear=4 gtmr=0 in=(128,0,255,0) steer=+0.500 gnd=4.0 sp=3889.52 horiz=3888.91 velH=2.3117 bodyH=2.2850 slip=+0.0267 d=(-0.12363,0.13051) av=(0,0.100026,0)
reseed=0 gear=4 gtmr=0 in=(128,0,255,0) steer=+0.500 gnd=4.0 sp=3902.89 horiz=3902.28 velH=2.2905 bodyH=2.2637 slip=+0.0267 d=(-0.12125,0.13358) av=(0,0.100129,0)
reseed=0 gear=4 gtmr=0 in=(128,0,255,0) steer=+0.500 gnd=4.0 sp=3915.90 horiz=3915.28 velH=2.2692 bodyH=2.2424 slip=+0.0268 d=(-0.11878,0.13659) av=(0,0.100229,0)
reseed=0 gear=4 gtmr=0 in=(128,0,255,0) steer=+0.500 gnd=4.0 sp=3928.54 horiz=3927.92 velH=2.2479 bodyH=2.2210 slip=+0.0268 d=(-0.11623,0.13955) av=(0,0.100327,0)
reseed=0 gear=4 gtmr=0 in=(128,0,255,0) steer=+0.500 gnd=4.0 sp=3940.82 horiz=3940.20 velH=2.2266 bodyH=2.1997 slip=+0.0269 d=(-0.11360,0.14245) av=(0,0.100422,0)
reseed=0 gear=4 gtmr=0 in=(128,0,255,0) steer=+0.500 gnd=4.0 sp=3952.77 horiz=3952.14 velH=2.2053 bodyH=2.1784 slip=+0.0269 d=(-0.11088,0.14528) av=(0,0.100515,0)
reseed=0 gear=4 gtmr=0 in=(128,0,255,0) steer=+0.500 gnd=4.0 sp=3964.37 horiz=3963.75 velH=2.1840 bodyH=2.1570 slip=+0.0270 d=(-0.10809,0.14806) av=(0,0.100605,0)
reseed=0 gear=4 gtmr=0 in=(128,0,255,0) steer=+0.500 gnd=4.0 sp=3975.65 horiz=3975.02 velH=2.1627 bodyH=2.1357 slip=+0.0270 d=(-0.10521,0.15076) av=(0,0.100692,0)
reseed=0 gear=4 gtmr=0 in=(128,0,255,0) steer=+0.500 gnd=4.0 sp=3986.61 horiz=3985.98 velH=2.1414 bodyH=2.1143 slip=+0.0270 d=(-0.10227,0.15340) av=(0,0.100778,0)
reseed=0 gear=4 gtmr=0 in=(128,0,255,0) steer=+0.500 gnd=4.0 sp=3997.26 horiz=3996.62 velH=2.1201 bodyH=2.0930 slip=+0.0271 d=(-0.09925,0.15597) av=(0,0.100861,0)
reseed=0 gear=4 gtmr=0 in=(128,0,255,0) steer=+0.500 gnd=4.0 sp=4007.60 horiz=4006.97 velH=2.0988 bodyH=2.0717 slip=+0.0271 d=(-0.09616,0.15847) av=(0,0.100942,0)
reseed=0 gear=4 gtmr=0 in=(128,0,255,0) steer=+0.500 gnd=4.0 sp=4017.65 horiz=4017.01 velH=2.0775 bodyH=2.0503 slip=+0.0271 d=(-0.09300,0.16089) av=(0,0.10102,0)
reseed=0 gear=4 gtmr=0 in=(128,0,255,0) steer=+0.500 gnd=4.0 sp=4027.41 horiz=4026.77 velH=2.0562 bodyH=2.0290 slip=+0.0272 d=(-0.08977,0.16324) av=(0,0.101097,0)
reseed=0 gear=4 gtmr=0 in=(128,0,255,0) steer=+0.500 gnd=4.0 sp=4036.89 horiz=4036.24 velH=2.0349 bodyH=2.0077 slip=+0.0272 d=(-0.08648,0.16551) av=(0,0.101171,0)
reseed=0 gear=4 gtmr=0 in=(128,0,255,0) steer=+0.500 gnd=4.0 sp=4046.10 horiz=4045.45 velH=2.0136 bodyH=1.9863 slip=+0.0272 d=(-0.08313,0.16771) av=(0,0.101244,0)
reseed=0 gear=4 gtmr=0 in=(128,0,255,0) steer=+0.500 gnd=4.0 sp=4055.04 horiz=4054.39 velH=1.9923 bodyH=1.9650 slip=+0.0273 d=(-0.07972,0.16982) av=(0,0.101314,0)
reseed=0 gear=4 gtmr=0 in=(128,0,255,0) steer=+0.500 gnd=4.0 sp=4063.72 horiz=4063.06 velH=1.9709 bodyH=1.9437 slip=+0.0273 d=(-0.07625,0.17186) av=(0,0.101382,0)
reseed=0 gear=4 gtmr=0 in=(128,0,255,0) steer=+0.500 gnd=4.0 sp=4072.14 horiz=4071.49 velH=1.9496 bodyH=1.9223 slip=+0.0273 d=(-0.07273,0.17381) av=(0,0.101449,0)
reseed=0 gear=4 gtmr=0 in=(128,0,255,0) steer=+0.500 gnd=4.0 sp=4080.33 horiz=4079.67 velH=1.9283 bodyH=1.9010 slip=+0.0273 d=(-0.06915,0.17568) av=(0,0.101514,0)
reseed=0 gear=4 gtmr=0 in=(128,0,255,0) steer=+0.500 gnd=4.0 sp=4088.27 horiz=4087.61 velH=1.9070 bodyH=1.8796 slip=+0.0274 d=(-0.06552,0.17747) av=(0,0.101576,0)
reseed=0 gear=4 gtmr=0 in=(128,0,255,0) steer=+0.500 gnd=4.0 sp=4095.98 horiz=4095.32 velH=1.8857 bodyH=1.8583 slip=+0.0274 d=(-0.06184,0.17917) av=(0,0.101638,0)
reseed=0 gear=4 gtmr=0 in=(128,0,255,0) steer=+0.500 gnd=4.0 sp=4103.46 horiz=4102.80 velH=1.8644 bodyH=1.8370 slip=+0.0274 d=(-0.05812,0.18079) av=(0,0.101697,0)
reseed=0 gear=4 gtmr=0 in=(128,0,255,0) steer=+0.500 gnd=4.0 sp=4110.73 horiz=4110.06 velH=1.8431 bodyH=1.8156 slip=+0.0275 d=(-0.05435,0.18231) av=(0,0.101755,0)
reseed=0 gear=4 gtmr=0 in=(128,0,255,0) steer=+0.500 gnd=4.0 sp=4117.78 horiz=4117.11 velH=1.8218 bodyH=1.7943 slip=+0.0275 d=(-0.05054,0.18375) av=(0,0.101811,0)
reseed=0 gear=4 gtmr=0 in=(128,0,255,0) steer=+0.500 gnd=4.0 sp=4124.62 horiz=4123.95 velH=1.8005 bodyH=1.7730 slip=+0.0275 d=(-0.04669,0.18510) av=(0,0.101865,0)
reseed=0 gear=4 gtmr=0 in=(128,0,255,0) steer=+0.500 gnd=4.0 sp=4131.26 horiz=4130.59 velH=1.7791 bodyH=1.7516 slip=+0.0275 d=(-0.04281,0.18636) av=(0,0.101918,0)
reseed=0 gear=4 gtmr=0 in=(128,0,255,0) steer=+0.500 gnd=4.0 sp=4137.70 horiz=4137.03 velH=1.7578 bodyH=1.7303 slip=+0.0275 d=(-0.03889,0.18753) av=(0,0.10197,0)
reseed=0 gear=4 gtmr=0 in=(128,0,255,0) steer=+0.500 gnd=4.0 sp=4143.96 horiz=4143.28 velH=1.7365 bodyH=1.7090 slip=+0.0276 d=(-0.03494,0.18861) av=(0,0.102019,0)
reseed=0 gear=4 gtmr=0 in=(128,0,255,0) steer=+0.500 gnd=4.0 sp=4150.02 horiz=4149.34 velH=1.7152 bodyH=1.6876 slip=+0.0276 d=(-0.03096,0.18960) av=(0,0.102068,0)
reseed=0 gear=4 gtmr=0 in=(128,0,255,0) steer=+0.500 gnd=4.0 sp=4155.91 horiz=4155.23 velH=1.6939 bodyH=1.6663 slip=+0.0276 d=(-0.02695,0.19049) av=(0,0.102115,0)
reseed=0 gear=4 gtmr=0 in=(128,0,255,0) steer=+0.500 gnd=4.0 sp=4161.61 horiz=4160.93 velH=1.6726 bodyH=1.6449 slip=+0.0276 d=(-0.02291,0.19129) av=(0,0.102161,0)
reseed=0 gear=4 gtmr=0 in=(128,0,255,0) steer=+0.500 gnd=4.0 sp=4167.15 horiz=4166.47 velH=1.6512 bodyH=1.6236 slip=+0.0276 d=(-0.01886,0.19199) av=(0,0.102205,0)
reseed=0 gear=4 gtmr=0 in=(128,0,255,0) steer=+0.500 gnd=4.0 sp=4172.53 horiz=4171.84 velH=1.6299 bodyH=1.6023 slip=+0.0277 d=(-0.01478,0.19261) av=(0,0.102248,0)
reseed=0 gear=4 gtmr=0 in=(128,0,255,0) steer=+0.500 gnd=4.0 sp=4177.74 horiz=4177.05 velH=1.6086 bodyH=1.5809 slip=+0.0277 d=(-0.01068,0.19312) av=(0,0.10229,0)
reseed=0 gear=4 gtmr=0 in=(128,0,255,0) steer=+0.500 gnd=4.0 sp=4182.79 horiz=4182.11 velH=1.5873 bodyH=1.5596 slip=+0.0277 d=(-0.00657,0.19355) av=(0,0.102331,0)
reseed=0 gear=4 gtmr=0 in=(128,0,255,0) steer=+0.500 gnd=4.0 sp=4187.70 horiz=4187.01 velH=1.5660 bodyH=1.5383 slip=+0.0277 d=(-0.00245,0.19388) av=(0,0.10237,0)
reseed=0 gear=4 gtmr=0 in=(128,0,255,0) steer=+0.500 gnd=4.0 sp=4192.45 horiz=4191.76 velH=1.5446 bodyH=1.5169 slip=+0.0277 d=(0.00169,0.19411) av=(0,0.102408,0)
reseed=0 gear=4 gtmr=0 in=(128,0,255,0) steer=+0.500 gnd=4.0 sp=4197.06 horiz=4196.37 velH=1.5233 bodyH=1.4956 slip=+0.0277 d=(0.00583,0.19425) av=(0,0.102446,0)
reseed=0 gear=4 gtmr=0 in=(128,0,255,0) steer=+0.500 gnd=4.0 sp=4201.54 horiz=4200.84 velH=1.5020 bodyH=1.4742 slip=+0.0278 d=(0.00998,0.19429) av=(0,0.102482,0)
reseed=0 gear=4 gtmr=0 in=(128,0,255,0) steer=+0.500 gnd=4.0 sp=4205.87 horiz=4205.18 velH=1.4807 bodyH=1.4529 slip=+0.0278 d=(0.01414,0.19424) av=(0,0.102517,0)
reseed=0 gear=4 gtmr=0 in=(128,0,255,0) steer=+0.500 gnd=4.0 sp=4210.08 horiz=4209.39 velH=1.4594 bodyH=1.4316 slip=+0.0278 d=(0.01829,0.19409) av=(0,0.102551,0)
reseed=0 gear=4 gtmr=0 in=(128,0,255,0) steer=+0.500 gnd=4.0 sp=4214.16 horiz=4213.46 velH=1.4380 bodyH=1.4102 slip=+0.0278 d=(0.02245,0.19385) av=(0,0.102584,0)
reseed=0 gear=4 gtmr=0 in=(128,0,255,0) steer=+0.500 gnd=4.0 sp=4218.12 horiz=4217.42 velH=1.4167 bodyH=1.3889 slip=+0.0278 d=(0.02660,0.19351) av=(0,0.102616,0)
reseed=0 gear=4 gtmr=0 in=(128,0,255,0) steer=+0.500 gnd=4.0 sp=4221.95 horiz=4221.25 velH=1.3954 bodyH=1.3676 slip=+0.0278 d=(0.03075,0.19308) av=(0,0.102647,0)
reseed=0 gear=4 gtmr=0 in=(128,0,255,0) steer=+0.500 gnd=4.0 sp=4225.67 horiz=4224.97 velH=1.3741 bodyH=1.3462 slip=+0.0278 d=(0.03489,0.19256) av=(0,0.102677,0)
reseed=0 gear=4 gtmr=0 in=(128,0,255,0) steer=+0.500 gnd=4.0 sp=4229.27 horiz=4228.57 velH=1.3527 bodyH=1.3249 slip=+0.0279 d=(0.03903,0.19194) av=(0,0.102706,0)
reseed=0 gear=4 gtmr=0 in=(128,0,255,0) steer=+0.500 gnd=4.0 sp=4232.77 horiz=4232.07 velH=1.3314 bodyH=1.3036 slip=+0.0279 d=(0.04315,0.19122) av=(0,0.102734,0)
reseed=0 gear=4 gtmr=0 in=(0,128,255,0) steer=-0.500 gnd=4.0 sp=4238.53 horiz=4238.51 velH=1.3290 bodyH=1.3249 slip=+0.0041 d=(0.04670,0.19058) av=(0,0.0258695,0)
reseed=0 gear=4 gtmr=0 in=(0,128,255,0) steer=-0.500 gnd=4.0 sp=4244.66 horiz=4244.58 velH=1.3371 bodyH=1.3462 slip=-0.0091 d=(0.04682,0.19085) av=(0,-0.0180108,0)
reseed=0 gear=4 gtmr=0 in=(0,128,255,0) steer=-0.500 gnd=4.0 sp=4249.88 horiz=4249.62 velH=1.3508 bodyH=1.3676 slip=-0.0167 d=(0.04512,0.19154) av=(0,-0.0431506,0)
reseed=0 gear=4 gtmr=0 in=(0,128,255,0) steer=-0.500 gnd=4.0 sp=4254.21 horiz=4253.80 velH=1.3677 bodyH=1.3889 slip=-0.0212 d=(0.04242,0.19239) av=(0,-0.0580562,0)
reseed=0 gear=4 gtmr=0 in=(0,128,255,0) steer=-0.500 gnd=4.0 sp=4257.88 horiz=4257.35 velH=1.3864 bodyH=1.4102 slip=-0.0239 d=(0.03913,0.19328) av=(0,-0.0670191,0)
reseed=0 gear=4 gtmr=0 in=(0,128,255,0) steer=-0.500 gnd=4.0 sp=4261.07 horiz=4260.48 velH=1.4061 bodyH=1.4316 slip=-0.0255 d=(0.03551,0.19414) av=(0,-0.0724561,0)
reseed=0 gear=4 gtmr=0 in=(0,128,255,0) steer=-0.500 gnd=4.0 sp=4263.94 horiz=4263.30 velH=1.4265 bodyH=1.4529 slip=-0.0265 d=(0.03167,0.19494) av=(0,-0.0757727,0)
reseed=0 gear=4 gtmr=0 in=(0,128,255,0) steer=-0.500 gnd=4.0 sp=4266.58 horiz=4265.92 velH=1.4472 bodyH=1.4742 slip=-0.0270 d=(0.02769,0.19568) av=(0,-0.0778036,0)
reseed=0 gear=4 gtmr=0 in=(0,128,255,0) steer=-0.500 gnd=4.0 sp=4269.06 horiz=4268.37 velH=1.4682 bodyH=1.4956 slip=-0.0274 d=(0.02363,0.19633) av=(0,-0.0790511,0)
reseed=0 gear=4 gtmr=0 in=(0,128,255,0) steer=-0.500 gnd=4.0 sp=4271.40 horiz=4270.71 velH=1.4893 bodyH=1.5169 slip=-0.0276 d=(0.01952,0.19690) av=(0,-0.0798196,0)
reseed=0 gear=4 gtmr=0 in=(0,128,255,0) steer=-0.500 gnd=4.0 sp=4273.64 horiz=4272.94 velH=1.5105 bodyH=1.5383 slip=-0.0278 d=(0.01536,0.19737) av=(0,-0.0802949,0)
reseed=0 gear=4 gtmr=0 in=(0,128,255,0) steer=-0.500 gnd=4.0 sp=4275.79 horiz=4275.09 velH=1.5317 bodyH=1.5596 slip=-0.0279 d=(0.01118,0.19775) av=(0,-0.0805907,0)
reseed=0 gear=4 gtmr=0 in=(0,128,255,0) steer=-0.500 gnd=4.0 sp=4277.86 horiz=4277.16 velH=1.5530 bodyH=1.5809 slip=-0.0279 d=(0.00697,0.19805) av=(0,-0.0807762,0)
reseed=0 gear=4 gtmr=0 in=(0,128,255,0) steer=-0.500 gnd=4.0 sp=4279.86 horiz=4279.15 velH=1.5743 bodyH=1.6023 slip=-0.0279 d=(0.00276,0.19824) av=(0,-0.0808942,0)
reseed=0 gear=4 gtmr=0 in=(0,128,255,0) steer=-0.500 gnd=4.0 sp=4281.80 horiz=4281.09 velH=1.5956 bodyH=1.6236 slip=-0.0280 d=(-0.00146,0.19835) av=(0,-0.0809707,0)
reseed=0 gear=4 gtmr=0 in=(0,128,255,0) steer=-0.500 gnd=4.0 sp=4283.67 horiz=4282.96 velH=1.6170 bodyH=1.6449 slip=-0.0280 d=(-0.00569,0.19836) av=(0,-0.0810215,0)
reseed=0 gear=4 gtmr=0 in=(0,128,255,0) steer=-0.500 gnd=4.0 sp=4285.48 horiz=4284.77 velH=1.6383 bodyH=1.6663 slip=-0.0280 d=(-0.00993,0.19828) av=(0,-0.0810567,0)
reseed=0 gear=4 gtmr=0 in=(0,128,255,0) steer=-0.500 gnd=4.0 sp=4287.24 horiz=4286.52 velH=1.6596 bodyH=1.6876 slip=-0.0280 d=(-0.01416,0.19811) av=(0,-0.0810821,0)
reseed=0 gear=4 gtmr=0 in=(0,128,255,0) steer=-0.500 gnd=4.0 sp=4288.94 horiz=4288.23 velH=1.6809 bodyH=1.7090 slip=-0.0280 d=(-0.01839,0.19784) av=(0,-0.0811014,0)
reseed=0 gear=4 gtmr=0 in=(0,128,255,0) steer=-0.500 gnd=4.0 sp=4290.59 horiz=4289.87 velH=1.7023 bodyH=1.7303 slip=-0.0280 d=(-0.02261,0.19748) av=(0,-0.0811169,0)
reseed=0 gear=4 gtmr=0 in=(0,128,255,0) steer=-0.500 gnd=4.0 sp=4292.18 horiz=4291.47 velH=1.7236 bodyH=1.7516 slip=-0.0280 d=(-0.02683,0.19703) av=(0,-0.0811299,0)
reseed=0 gear=4 gtmr=0 in=(0,128,255,0) steer=-0.500 gnd=4.0 sp=4293.73 horiz=4293.02 velH=1.7449 bodyH=1.7730 slip=-0.0280 d=(-0.03104,0.19649) av=(0,-0.0811413,0)
reseed=0 gear=4 gtmr=0 in=(0,128,255,0) steer=-0.500 gnd=4.0 sp=4295.23 horiz=4294.51 velH=1.7663 bodyH=1.7943 slip=-0.0280 d=(-0.03523,0.19585) av=(0,-0.0811516,0)
reseed=0 gear=4 gtmr=0 in=(0,128,255,0) steer=-0.500 gnd=4.0 sp=4296.68 horiz=4295.96 velH=1.7876 bodyH=1.8156 slip=-0.0280 d=(-0.03942,0.19512) av=(0,-0.0811611,0)
reseed=0 gear=4 gtmr=0 in=(0,128,255,0) steer=-0.500 gnd=4.0 sp=4298.09 horiz=4297.37 velH=1.8089 bodyH=1.8370 slip=-0.0281 d=(-0.04358,0.19430) av=(0,-0.0811701,0)
reseed=0 gear=4 gtmr=0 in=(0,128,255,0) steer=-0.500 gnd=4.0 sp=4299.45 horiz=4298.74 velH=1.8302 bodyH=1.8583 slip=-0.0281 d=(-0.04773,0.19339) av=(0,-0.0811786,0)
reseed=0 gear=4 gtmr=0 in=(0,128,255,0) steer=-0.500 gnd=4.0 sp=4300.77 horiz=4300.06 velH=1.8516 bodyH=1.8796 slip=-0.0281 d=(-0.05186,0.19239) av=(0,-0.0811868,0)
reseed=0 gear=4 gtmr=0 in=(0,128,255,0) steer=-0.500 gnd=4.0 sp=4302.06 horiz=4301.34 velH=1.8729 bodyH=1.9010 slip=-0.0281 d=(-0.05597,0.19130) av=(0,-0.0811946,0)
reseed=0 gear=4 gtmr=0 in=(0,128,255,0) steer=-0.500 gnd=4.0 sp=4303.30 horiz=4302.58 velH=1.8942 bodyH=1.9223 slip=-0.0281 d=(-0.06006,0.19011) av=(0,-0.0812022,0)
reseed=0 gear=4 gtmr=0 in=(0,128,255,0) steer=-0.500 gnd=4.0 sp=4304.50 horiz=4303.78 velH=1.9156 bodyH=1.9437 slip=-0.0281 d=(-0.06412,0.18884) av=(0,-0.0812095,0)
reseed=0 gear=4 gtmr=0 in=(0,128,255,0) steer=-0.500 gnd=4.0 sp=4305.66 horiz=4304.94 velH=1.9369 bodyH=1.9650 slip=-0.0281 d=(-0.06815,0.18749) av=(0,-0.0812166,0)
reseed=0 gear=4 gtmr=0 in=(0,128,255,0) steer=-0.500 gnd=4.0 sp=4306.79 horiz=4306.07 velH=1.9582 bodyH=1.9863 slip=-0.0281 d=(-0.07215,0.18604) av=(0,-0.0812234,0)
reseed=0 gear=4 gtmr=0 in=(0,128,255,0) steer=-0.500 gnd=4.0 sp=4307.88 horiz=4307.16 velH=1.9796 bodyH=2.0077 slip=-0.0281 d=(-0.07613,0.18451) av=(0,-0.08123,0)
reseed=0 gear=4 gtmr=0 in=(0,128,255,0) steer=-0.500 gnd=4.0 sp=4308.94 horiz=4308.22 velH=2.0009 bodyH=2.0290 slip=-0.0281 d=(-0.08006,0.18289) av=(0,-0.0812364,0)
reseed=0 gear=4 gtmr=0 in=(0,128,255,0) steer=-0.500 gnd=4.0 sp=4309.97 horiz=4309.25 velH=2.0222 bodyH=2.0503 slip=-0.0281 d=(-0.08397,0.18118) av=(0,-0.0812426,0)
reseed=0 gear=4 gtmr=0 in=(0,128,255,0) steer=-0.500 gnd=4.0 sp=4310.96 horiz=4310.24 velH=2.0436 bodyH=2.0717 slip=-0.0281 d=(-0.08783,0.17939) av=(0,-0.0812487,0)
reseed=0 gear=4 gtmr=0 in=(0,128,255,0) steer=-0.500 gnd=4.0 sp=4311.93 horiz=4311.21 velH=2.0649 bodyH=2.0930 slip=-0.0281 d=(-0.09166,0.17752) av=(0,-0.0812545,0)
reseed=0 gear=4 gtmr=0 in=(0,128,255,0) steer=-0.500 gnd=4.0 sp=4312.86 horiz=4312.14 velH=2.0862 bodyH=2.1143 slip=-0.0281 d=(-0.09545,0.17556) av=(0,-0.0812602,0)
reseed=0 gear=4 gtmr=0 in=(0,128,255,0) steer=-0.500 gnd=4.0 sp=4313.76 horiz=4313.04 velH=2.1076 bodyH=2.1357 slip=-0.0281 d=(-0.09919,0.17352) av=(0,-0.0812656,0)
reseed=0 gear=0 gtmr=-2950 in=(0,128,255,0) steer=-0.500 gnd=4.0 sp=13.12 horiz=13.12 velH=2.1357 bodyH=2.1357 slip=+0.0000 d=(-0.00008,0.00013) av=(0,7.25253e-09,0)
reseed=0 gear=0 gtmr=-2900 in=(0,128,255,0) steer=-0.500 gnd=4.0 sp=26.78 horiz=26.78 velH=2.1360 bodyH=2.1360 slip=+0.0000 d=(-0.00041,0.00065) av=(0,1.95702e-07,0)
reseed=0 gear=0 gtmr=-2850 in=(0,128,255,0) steer=-0.500 gnd=4.0 sp=41.24 horiz=41.24 velH=2.1364 bodyH=2.1364 slip=+0.0000 d=(-0.00075,0.00119) av=(0,1.2155e-06,0)
reseed=0 gear=0 gtmr=-2800 in=(0,128,255,0) steer=-0.500 gnd=4.0 sp=56.54 horiz=56.54 velH=2.1371 bodyH=2.1370 slip=+0.0000 d=(-0.00112,0.00176) av=(0,4.47744e-06,0)
reseed=0 gear=0 gtmr=-2750 in=(0,128,255,0) steer=-0.500 gnd=4.0 sp=72.74 horiz=72.74 velH=2.1379 bodyH=2.1379 slip=+0.0000 d=(-0.00151,0.00237) av=(0,1.24777e-05,0)
reseed=0 gear=0 gtmr=-2700 in=(0,128,255,0) steer=-0.500 gnd=4.0 sp=89.88 horiz=89.88 velH=2.1391 bodyH=2.1390 slip=+0.0001 d=(-0.00192,0.00301) av=(0,2.91566e-05,0)
reseed=0 gear=0 gtmr=-2650 in=(0,128,255,0) steer=-0.500 gnd=4.0 sp=108.01 horiz=108.01 velH=2.1405 bodyH=2.1403 slip=+0.0001 d=(-0.00236,0.00368) av=(0,6.0195e-05,0)
reseed=0 gear=0 gtmr=-2600 in=(0,128,255,0) steer=-0.500 gnd=4.0 sp=127.19 horiz=127.19 velH=2.1422 bodyH=2.1419 slip=+0.0002 d=(-0.00282,0.00440) av=(0,0.000113031,0)
reseed=0 gear=0 gtmr=-2550 in=(0,128,255,0) steer=-0.500 gnd=4.0 sp=147.47 horiz=147.47 velH=2.1442 bodyH=2.1438 slip=+0.0004 d=(-0.00332,0.00515) av=(0,0.000196138,0)
reseed=0 gear=0 gtmr=-2500 in=(0,128,255,0) steer=-0.500 gnd=4.0 sp=168.92 horiz=168.92 velH=2.1467 bodyH=2.1460 slip=+0.0007 d=(-0.00385,0.00594) av=(0,0.000316697,0)
reseed=0 gear=0 gtmr=-2450 in=(0,128,255,0) steer=-0.500 gnd=4.0 sp=191.59 horiz=191.59 velH=2.1496 bodyH=2.1485 slip=+0.0011 d=(-0.00441,0.00678) av=(0,0.000475024,0)
reseed=0 gear=0 gtmr=-2400 in=(0,128,255,0) steer=-0.500 gnd=4.0 sp=215.55 horiz=215.55 velH=2.1530 bodyH=2.1513 slip=+0.0017 d=(-0.00502,0.00765) av=(0,0.000652785,0)
reseed=0 gear=0 gtmr=-2350 in=(0,128,255,0) steer=-0.500 gnd=4.0 sp=240.87 horiz=240.87 velH=2.1572 bodyH=2.1544 slip=+0.0027 d=(-0.00567,0.00857) av=(0,0.000749503,0)
reseed=0 gear=0 gtmr=-2300 in=(0,128,255,0) steer=-0.500 gnd=4.0 sp=267.51 horiz=267.51 velH=2.1623 bodyH=2.1580 slip=+0.0044 d=(-0.00637,0.00954) av=(0,0.0004284,0)
reseed=0 gear=0 gtmr=-2250 in=(0,128,255,0) steer=-0.500 gnd=4.0 sp=294.48 horiz=294.48 velH=2.1687 bodyH=2.1619 slip=+0.0069 d=(-0.00711,0.01054) av=(0,-1.22143e-05,0)
reseed=0 gear=0 gtmr=-2200 in=(0,128,255,0) steer=-0.500 gnd=4.0 sp=321.55 horiz=321.55 velH=2.1770 bodyH=2.1661 slip=+0.0109 d=(-0.00789,0.01152) av=(0,-0.000456111,0)
reseed=0 gear=0 gtmr=-2150 in=(0,128,255,0) steer=-0.500 gnd=4.0 sp=348.70 horiz=348.69 velH=2.1814 bodyH=2.1708 slip=+0.0106 d=(-0.00870,0.01248) av=(0,-0.0021993,0)
reseed=0 gear=0 gtmr=-2100 in=(0,128,255,0) steer=-0.500 gnd=4.0 sp=375.91 horiz=375.90 velH=2.1848 bodyH=2.1759 slip=+0.0089 d=(-0.00947,0.01348) av=(0,-0.00515683,0)
reseed=0 gear=0 gtmr=-2050 in=(0,128,255,0) steer=-0.500 gnd=4.0 sp=403.19 horiz=403.18 velH=2.1888 bodyH=2.1813 slip=+0.0075 d=(-0.01024,0.01448) av=(0,-0.00764833,0)
reseed=0 gear=0 gtmr=-2000 in=(0,128,255,0) steer=-0.500 gnd=4.0 sp=430.53 horiz=430.52 velH=2.1935 bodyH=2.1872 slip=+0.0063 d=(-0.01104,0.01547) av=(0,-0.0096823,0)
reseed=0 gear=0 gtmr=-1950 in=(0,128,255,0) steer=-0.500 gnd=4.0 sp=457.93 horiz=457.92 velH=2.1985 bodyH=2.1934 slip=+0.0052 d=(-0.01185,0.01645) av=(0,-0.0128019,0)
reseed=0 gear=0 gtmr=-1900 in=(0,128,255,0) steer=-0.500 gnd=4.0 sp=485.38 horiz=485.38 velH=2.2041 bodyH=2.2000 slip=+0.0041 d=(-0.01268,0.01741) av=(0,-0.0162391,0)
reseed=0 gear=0 gtmr=-1850 in=(0,128,255,0) steer=-0.500 gnd=4.0 sp=512.87 horiz=512.87 velH=2.2101 bodyH=2.2070 slip=+0.0032 d=(-0.01353,0.01837) av=(0,-0.0188552,0)
reseed=0 gear=0 gtmr=-1800 in=(0,128,255,0) steer=-0.500 gnd=4.0 sp=540.40 horiz=540.40 velH=2.2166 bodyH=2.2144 slip=+0.0022 d=(-0.01441,0.01931) av=(0,-0.0211528,0)
reseed=0 gear=0 gtmr=-1750 in=(0,128,255,0) steer=-0.500 gnd=4.0 sp=567.94 horiz=567.94 velH=2.2235 bodyH=2.2222 slip=+0.0014 d=(-0.01530,0.02023) av=(0,-0.0233491,0)
reseed=0 gear=0 gtmr=-1700 in=(0,128,255,0) steer=-0.500 gnd=4.0 sp=595.51 horiz=595.50 velH=2.2309 bodyH=2.2303 slip=+0.0005 d=(-0.01622,0.02113) av=(0,-0.0255315,0)
reseed=0 gear=0 gtmr=-1650 in=(0,128,255,0) steer=-0.500 gnd=4.0 sp=623.08 horiz=623.08 velH=2.2386 bodyH=2.2389 slip=-0.0003 d=(-0.01716,0.02202) av=(0,-0.0277325,0)
reseed=0 gear=0 gtmr=-1600 in=(0,128,255,0) steer=-0.500 gnd=4.0 sp=650.65 horiz=650.65 velH=2.2468 bodyH=2.2479 slip=-0.0011 d=(-0.01813,0.02289) av=(0,-0.0299614,0)
reseed=0 gear=0 gtmr=-1550 in=(0,128,255,0) steer=-0.500 gnd=4.0 sp=678.22 horiz=678.22 velH=2.2554 bodyH=2.2572 slip=-0.0018 d=(-0.01912,0.02373) av=(0,-0.0322186,0)
reseed=0 gear=0 gtmr=-1500 in=(0,128,255,0) steer=-0.500 gnd=4.0 sp=705.78 horiz=705.78 velH=2.2644 bodyH=2.2670 slip=-0.0026 d=(-0.02013,0.02456) av=(0,-0.0345013,0)
reseed=0 gear=0 gtmr=-1450 in=(0,128,255,0) steer=-0.500 gnd=4.0 sp=733.32 horiz=733.32 velH=2.2738 bodyH=2.2771 slip=-0.0033 d=(-0.02117,0.02535) av=(0,-0.0368059,0)
reseed=0 gear=0 gtmr=-1400 in=(0,128,255,0) steer=-0.500 gnd=4.0 sp=760.83 horiz=760.83 velH=2.2837 bodyH=2.2876 slip=-0.0040 d=(-0.02224,0.02612) av=(0,-0.0391286,0)
reseed=0 gear=0 gtmr=-1350 in=(0,128,255,0) steer=-0.500 gnd=4.0 sp=788.31 horiz=788.30 velH=2.2939 bodyH=2.2986 slip=-0.0047 d=(-0.02333,0.02686) av=(0,-0.0414662,0)
reseed=0 gear=0 gtmr=-1300 in=(0,128,255,0) steer=-0.500 gnd=4.0 sp=815.74 horiz=815.73 velH=2.3045 bodyH=2.3099 slip=-0.0054 d=(-0.02445,0.02757) av=(0,-0.0438155,0)
reseed=0 gear=0 gtmr=-1250 in=(0,128,255,0) steer=-0.500 gnd=4.0 sp=843.13 horiz=843.12 velH=2.3156 bodyH=2.3216 slip=-0.0060 d=(-0.02560,0.02825) av=(0,-0.0461737,0)
reseed=0 gear=0 gtmr=-1200 in=(0,128,255,0) steer=-0.500 gnd=4.0 sp=870.45 horiz=870.44 velH=2.3270 bodyH=2.3337 slip=-0.0067 d=(-0.02677,0.02890) av=(0,-0.048538,0)
reseed=0 gear=0 gtmr=-1150 in=(0,128,255,0) steer=-0.500 gnd=4.0 sp=897.72 horiz=897.71 velH=2.3388 bodyH=2.3461 slip=-0.0073 d=(-0.02797,0.02951) av=(0,-0.0509059,0)
reseed=0 gear=0 gtmr=-1100 in=(0,128,255,0) steer=-0.500 gnd=4.0 sp=924.91 horiz=924.90 velH=2.3510 bodyH=2.3590 slip=-0.0080 d=(-0.02920,0.03008) av=(0,-0.0532749,0)
reseed=0 gear=0 gtmr=-1050 in=(0,128,255,0) steer=-0.500 gnd=4.0 sp=952.03 horiz=952.01 velH=2.3637 bodyH=2.3723 slip=-0.0086 d=(-0.03045,0.03061) av=(0,-0.0556425,0)
reseed=0 gear=0 gtmr=-1000 in=(0,128,255,0) steer=-0.500 gnd=4.0 sp=979.06 horiz=979.03 velH=2.3767 bodyH=2.3859 slip=-0.0092 d=(-0.03174,0.03110) av=(0,-0.0580061,0)
reseed=0 gear=0 gtmr=-950 in=(0,128,255,0) steer=-0.500 gnd=4.0 sp=1005.99 horiz=1005.97 velH=2.3901 bodyH=2.3999 slip=-0.0099 d=(-0.03305,0.03155) av=(0,-0.0603634,0)
reseed=0 gear=0 gtmr=-900 in=(0,128,255,0) steer=-0.500 gnd=4.0 sp=1032.83 horiz=1032.80 velH=2.4038 bodyH=2.4143 slip=-0.0105 d=(-0.03438,0.03195) av=(0,-0.0626865,0)
reseed=0 gear=0 gtmr=-850 in=(0,128,255,0) steer=-0.500 gnd=4.0 sp=1059.56 horiz=1059.52 velH=2.4180 bodyH=2.4291 slip=-0.0111 d=(-0.03574,0.03230) av=(0,-0.0644132,0)
reseed=0 gear=0 gtmr=-800 in=(0,128,255,0) steer=-0.500 gnd=4.0 sp=1086.17 horiz=1086.13 velH=2.4326 bodyH=2.4443 slip=-0.0117 d=(-0.03713,0.03261) av=(0,-0.0653375,0)
reseed=0 gear=0 gtmr=-750 in=(0,128,255,0) steer=-0.500 gnd=4.0 sp=1112.66 horiz=1112.62 velH=2.4475 bodyH=2.4598 slip=-0.0123 d=(-0.03854,0.03286) av=(0,-0.0658443,0)
reseed=0 gear=0 gtmr=-700 in=(0,128,255,0) steer=-0.500 gnd=4.0 sp=1139.03 horiz=1138.98 velH=2.4629 bodyH=2.4758 slip=-0.0129 d=(-0.03997,0.03306) av=(0,-0.0661275,0)
reseed=0 gear=0 gtmr=-650 in=(0,128,255,0) steer=-0.500 gnd=4.0 sp=1165.26 horiz=1165.20 velH=2.4786 bodyH=2.4921 slip=-0.0135 d=(-0.04143,0.03321) av=(0,-0.0662846,0)
reseed=0 gear=0 gtmr=-600 in=(0,128,255,0) steer=-0.500 gnd=4.0 sp=1191.34 horiz=1191.28 velH=2.4947 bodyH=2.5087 slip=-0.0141 d=(-0.04290,0.03329) av=(0,-0.0663645,0)
reseed=0 gear=0 gtmr=-550 in=(0,128,255,0) steer=-0.500 gnd=4.0 sp=1217.28 horiz=1217.22 velH=2.5111 bodyH=2.5258 slip=-0.0146 d=(-0.04440,0.03332) av=(0,-0.066392,0)
reseed=0 gear=0 gtmr=-500 in=(0,128,255,0) steer=-0.500 gnd=4.0 sp=1243.07 horiz=1242.99 velH=2.5279 bodyH=2.5432 slip=-0.0152 d=(-0.04592,0.03329) av=(0,-0.0663793,0)
reseed=0 gear=0 gtmr=-450 in=(0,128,255,0) steer=-0.500 gnd=4.0 sp=1268.69 horiz=1268.61 velH=2.5451 bodyH=2.5609 slip=-0.0158 d=(-0.04745,0.03319) av=(0,-0.0663327,0)
reseed=0 gear=0 gtmr=-400 in=(0,128,255,0) steer=-0.500 gnd=4.0 sp=1294.15 horiz=1294.06 velH=2.5627 bodyH=2.5791 slip=-0.0164 d=(-0.04900,0.03303) av=(0,-0.0662555,0)
reseed=0 gear=0 gtmr=-350 in=(0,128,255,0) steer=-0.500 gnd=4.0 sp=1319.44 horiz=1319.34 velH=2.5807 bodyH=2.5976 slip=-0.0169 d=(-0.05056,0.03280) av=(0,-0.0661492,0)
reseed=0 gear=0 gtmr=-300 in=(0,128,255,0) steer=-0.500 gnd=4.0 sp=1344.54 horiz=1344.44 velH=2.5990 bodyH=2.6164 slip=-0.0175 d=(-0.05214,0.03250) av=(0,-0.0660149,0)
reseed=0 gear=0 gtmr=-250 in=(0,128,255,0) steer=-0.500 gnd=4.0 sp=1369.47 horiz=1369.35 velH=2.6176 bodyH=2.6357 slip=-0.0180 d=(-0.05372,0.03214) av=(0,-0.0658532,0)
reseed=0 gear=0 gtmr=-200 in=(0,128,255,0) steer=-0.500 gnd=4.0 sp=1394.20 horiz=1394.07 velH=2.6366 bodyH=2.6552 slip=-0.0186 d=(-0.05531,0.03170) av=(0,-0.0656648,0)
reseed=0 gear=0 gtmr=-150 in=(0,128,255,0) steer=-0.500 gnd=4.0 sp=1418.74 horiz=1418.60 velH=2.6560 bodyH=2.6751 slip=-0.0191 d=(-0.05691,0.03119) av=(0,-0.0654958,0)
reseed=0 gear=0 gtmr=-100 in=(0,128,255,0) steer=-0.500 gnd=4.0 sp=1443.07 horiz=1442.93 velH=2.6757 bodyH=2.6954 slip=-0.0197 d=(-0.05851,0.03060) av=(0,-0.0654291,0)
reseed=0 gear=0 gtmr=-49 in=(0,128,255,0) steer=-0.500 gnd=4.0 sp=1467.21 horiz=1467.05 velH=2.6958 bodyH=2.7160 slip=-0.0202 d=(-0.06011,0.02994) av=(0,-0.0654089,0)
reseed=0 gear=1 gtmr=3000 in=(0,128,255,0) steer=-0.500 gnd=4.0 sp=1491.13 horiz=1490.97 velH=2.7162 bodyH=2.7370 slip=-0.0207 d=(-0.06171,0.02920) av=(0,-0.0654677,0)
reseed=0 gear=1 gtmr=2950 in=(0,128,255,0) steer=-0.500 gnd=4.0 sp=1523.59 horiz=1523.43 velH=2.7376 bodyH=2.7583 slip=-0.0206 d=(-0.06340,0.02841) av=(0,-0.0658145,0)
reseed=0 gear=1 gtmr=2900 in=(0,128,255,0) steer=-0.500 gnd=4.0 sp=1555.81 horiz=1555.63 velH=2.7589 bodyH=2.7796 slip=-0.0207 d=(-0.06538,0.02764) av=(0,-0.0660531,0)
reseed=0 gear=1 gtmr=2850 in=(0,128,255,0) steer=-0.500 gnd=4.0 sp=1587.76 horiz=1587.58 velH=2.7801 bodyH=2.8009 slip=-0.0208 d=(-0.06734,0.02679) av=(0,-0.0662444,0)
reseed=0 gear=1 gtmr=2800 in=(0,128,255,0) steer=-0.500 gnd=4.0 sp=1619.44 horiz=1619.26 velH=2.8013 bodyH=2.8223 slip=-0.0209 d=(-0.06927,0.02588) av=(0,-0.0664149,0)
reseed=0 gear=1 gtmr=2750 in=(0,128,255,0) steer=-0.500 gnd=4.0 sp=1650.85 horiz=1650.66 velH=2.8225 bodyH=2.8436 slip=-0.0211 d=(-0.07119,0.02488) av=(0,-0.0665766,0)
reseed=0 gear=1 gtmr=2700 in=(0,128,255,0) steer=-0.500 gnd=4.0 sp=1681.97 horiz=1681.78 velH=2.8437 bodyH=2.8649 slip=-0.0212 d=(-0.07308,0.02382) av=(0,-0.0667341,0)
reseed=0 gear=1 gtmr=2650 in=(0,128,255,0) steer=-0.500 gnd=4.0 sp=1712.81 horiz=1712.61 velH=2.8649 bodyH=2.8863 slip=-0.0213 d=(-0.07495,0.02268) av=(0,-0.0668893,0)
reseed=0 gear=1 gtmr=2600 in=(0,128,255,0) steer=-0.500 gnd=4.0 sp=1743.35 horiz=1743.15 velH=2.8861 bodyH=2.9076 slip=-0.0215 d=(-0.07678,0.02147) av=(0,-0.067043,0)
reseed=0 gear=1 gtmr=2550 in=(0,128,255,0) steer=-0.500 gnd=4.0 sp=1773.60 horiz=1773.39 velH=2.9073 bodyH=2.9290 slip=-0.0216 d=(-0.07859,0.02019) av=(0,-0.0671952,0)
reseed=0 gear=1 gtmr=2500 in=(0,128,255,0) steer=-0.500 gnd=4.0 sp=1803.54 horiz=1803.32 velH=2.9286 bodyH=2.9503 slip=-0.0217 d=(-0.08036,0.01884) av=(0,-0.0673461,0)
reseed=0 gear=1 gtmr=2450 in=(0,128,255,0) steer=-0.500 gnd=4.0 sp=1833.17 horiz=1832.95 velH=2.9498 bodyH=2.9716 slip=-0.0219 d=(-0.08210,0.01742) av=(0,-0.0674954,0)
reseed=0 gear=1 gtmr=2400 in=(0,128,255,0) steer=-0.500 gnd=4.0 sp=1862.49 horiz=1862.26 velH=2.9710 bodyH=2.9930 slip=-0.0220 d=(-0.08379,0.01593) av=(0,-0.0676433,0)
reseed=0 gear=1 gtmr=2350 in=(0,128,255,0) steer=-0.500 gnd=4.0 sp=1891.49 horiz=1891.26 velH=2.9922 bodyH=3.0143 slip=-0.0221 d=(-0.08545,0.01437) av=(0,-0.0677896,0)
reseed=0 gear=1 gtmr=2300 in=(0,128,255,0) steer=-0.500 gnd=4.0 sp=1920.17 horiz=1919.93 velH=3.0134 bodyH=3.0356 slip=-0.0222 d=(-0.08706,0.01275) av=(0,-0.0679343,0)
reseed=0 gear=1 gtmr=2250 in=(0,128,255,0) steer=-0.500 gnd=4.0 sp=1948.53 horiz=1948.29 velH=3.0346 bodyH=3.0570 slip=-0.0223 d=(-0.08863,0.01107) av=(0,-0.0680774,0)
reseed=0 gear=1 gtmr=2200 in=(0,128,255,0) steer=-0.500 gnd=4.0 sp=1976.57 horiz=1976.32 velH=3.0559 bodyH=3.0783 slip=-0.0224 d=(-0.09014,0.00932) av=(0,-0.0682188,0)
reseed=0 gear=1 gtmr=2150 in=(0,128,255,0) steer=-0.500 gnd=4.0 sp=2004.27 horiz=2004.02 velH=3.0771 bodyH=3.0996 slip=-0.0225 d=(-0.09161,0.00751) av=(0,-0.0683586,0)
reseed=0 gear=1 gtmr=2100 in=(0,128,255,0) steer=-0.500 gnd=4.0 sp=2031.64 horiz=2031.38 velH=3.0983 bodyH=3.1210 slip=-0.0227 d=(-0.09303,0.00564) av=(0,-0.0684968,0)
reseed=0 gear=1 gtmr=2050 in=(0,128,255,0) steer=-0.500 gnd=4.0 sp=2058.68 horiz=2058.42 velH=3.1196 bodyH=-3.1409 slip=-0.0228 d=(-0.09439,0.00372) av=(0,-0.0686334,0)
reseed=0 gear=1 gtmr=2000 in=(0,128,255,0) steer=-0.500 gnd=4.0 sp=2085.39 horiz=2085.12 velH=3.1408 bodyH=-3.1195 slip=-0.0229 d=(-0.09570,0.00173) av=(0,-0.0687683,0)
reseed=0 gear=1 gtmr=1950 in=(255,0,255,0) steer=+1.000 gnd=4.0 sp=2111.12 horiz=2111.08 velH=3.1306 bodyH=3.1212 slip=+0.0094 d=(-0.09694,0.00020) av=(0,0.038539,0)
reseed=0 gear=1 gtmr=1900 in=(255,0,255,0) steer=+1.000 gnd=4.0 sp=2135.59 horiz=2135.23 velH=3.1063 bodyH=3.0787 slip=+0.0277 d=(-0.09812,0.00149) av=(0,0.100125,0)
reseed=0 gear=1 gtmr=1850 in=(255,0,255,0) steer=+1.000 gnd=4.0 sp=2158.22 horiz=2157.53 velH=3.0746 bodyH=3.0361 slip=+0.0384 d=(-0.09915,0.00406) av=(0,0.135117,0)
reseed=0 gear=1 gtmr=1800 in=(255,0,255,0) steer=+1.000 gnd=4.0 sp=2179.33 horiz=2178.39 velH=3.0385 bodyH=2.9936 slip=+0.0449 d=(-0.09998,0.00736) av=(0,0.155185,0)
reseed=0 gear=1 gtmr=1750 in=(255,0,255,0) steer=+1.000 gnd=4.0 sp=2199.31 horiz=2198.19 velH=3.0000 bodyH=2.9511 slip=+0.0488 d=(-0.10059,0.01112) av=(0,0.167882,0)
reseed=0 gear=1 gtmr=1700 in=(255,0,255,0) steer=+1.000 gnd=4.0 sp=2218.44 horiz=2217.20 velH=2.9599 bodyH=2.9086 slip=+0.0513 d=(-0.10099,0.01515) av=(0,0.175922,0)
reseed=0 gear=1 gtmr=1650 in=(255,0,255,0) steer=+1.000 gnd=4.0 sp=2236.91 horiz=2235.59 velH=2.9190 bodyH=2.8661 slip=+0.0529 d=(-0.10115,0.01936) av=(0,0.181082,0)
reseed=0 gear=1 gtmr=1600 in=(255,0,255,0) steer=+1.000 gnd=4.0 sp=2254.86 horiz=2253.49 velH=2.8776 bodyH=2.8236 slip=+0.0540 d=(-0.10110,0.02368) av=(0,0.184469,0)
reseed=0 gear=1 gtmr=1550 in=(255,0,255,0) steer=+1.000 gnd=4.0 sp=2272.37 horiz=2270.95 velH=2.8358 bodyH=2.7811 slip=+0.0547 d=(-0.10082,0.02808) av=(0,0.186763,0)
reseed=0 gear=1 gtmr=1500 in=(255,0,255,0) steer=+1.000 gnd=4.0 sp=2289.49 horiz=2288.03 velH=2.7939 bodyH=2.7386 slip=+0.0552 d=(-0.10033,0.03252) av=(0,0.188384,0)
reseed=0 gear=1 gtmr=1450 in=(255,0,255,0) steer=+1.000 gnd=4.0 sp=2306.25 horiz=2304.77 velH=2.7518 bodyH=2.6961 slip=+0.0557 d=(-0.09962,0.03697) av=(0,0.189588,0)
reseed=0 gear=1 gtmr=1400 in=(255,0,255,0) steer=+1.000 gnd=4.0 sp=2322.68 horiz=2321.17 velH=2.7096 bodyH=2.6536 slip=+0.0560 d=(-0.09868,0.04143) av=(0,0.190532,0)
reseed=0 gear=1 gtmr=1350 in=(255,0,255,0) steer=+1.000 gnd=4.0 sp=2338.78 horiz=2337.25 velH=2.6674 bodyH=2.6111 slip=+0.0563 d=(-0.09753,0.04588) av=(0,0.191313,0)
reseed=0 gear=1 gtmr=1300 in=(255,0,255,0) steer=+1.000 gnd=4.0 sp=2354.58 horiz=2353.03 velH=2.6252 bodyH=2.5686 slip=+0.0566 d=(-0.09617,0.05029) av=(0,0.191991,0)
reseed=0 gear=1 gtmr=1250 in=(255,0,255,0) steer=+1.000 gnd=4.0 sp=2370.07 horiz=2368.50 velH=2.5829 bodyH=2.5261 slip=+0.0568 d=(-0.09459,0.05468) av=(0,0.192603,0)
reseed=0 gear=1 gtmr=1200 in=(255,0,255,0) steer=+1.000 gnd=4.0 sp=2385.27 horiz=2383.68 velH=2.5407 bodyH=2.4836 slip=+0.0570 d=(-0.09280,0.05901) av=(0,0.193172,0)
reseed=0 gear=1 gtmr=1150 in=(255,0,255,0) steer=+1.000 gnd=4.0 sp=2400.18 horiz=2398.57 velH=2.4984 bodyH=2.4411 slip=+0.0572 d=(-0.09080,0.06327) av=(0,0.19371,0)
reseed=0 gear=1 gtmr=1100 in=(255,0,255,0) steer=+1.000 gnd=4.0 sp=2414.80 horiz=2413.17 velH=2.4561 bodyH=2.3986 slip=+0.0575 d=(-0.08859,0.06747) av=(0,0.194227,0)
reseed=0 gear=1 gtmr=1050 in=(255,0,255,0) steer=+1.000 gnd=4.0 sp=2429.13 horiz=2427.49 velH=2.4138 bodyH=2.3561 slip=+0.0577 d=(-0.08617,0.07159) av=(0,0.194729,0)
reseed=0 gear=1 gtmr=1000 in=(255,0,255,0) steer=+1.000 gnd=4.0 sp=2443.19 horiz=2441.53 velH=2.3715 bodyH=2.3136 slip=+0.0579 d=(-0.08356,0.07561) av=(0,0.195218,0)
reseed=0 gear=1 gtmr=950 in=(255,0,255,0) steer=+1.000 gnd=4.0 sp=2456.97 horiz=2455.30 velH=2.3292 bodyH=2.2711 slip=+0.0581 d=(-0.08075,0.07953) av=(0,0.195697,0)
reseed=0 gear=1 gtmr=900 in=(255,0,255,0) steer=+1.000 gnd=4.0 sp=2470.48 horiz=2468.79 velH=2.2869 bodyH=2.2286 slip=+0.0583 d=(-0.07775,0.08334) av=(0,0.196167,0)
reseed=0 gear=1 gtmr=850 in=(255,0,255,0) steer=+1.000 gnd=4.0 sp=2483.73 horiz=2482.02 velH=2.2446 bodyH=2.1861 slip=+0.0584 d=(-0.07456,0.08703) av=(0,0.196629,0)
reseed=0 gear=1 gtmr=800 in=(255,0,255,0) steer=+1.000 gnd=4.0 sp=2496.70 horiz=2494.98 velH=2.2022 bodyH=2.1436 slip=+0.0586 d=(-0.07118,0.09058) av=(0,0.197082,0)
reseed=0 gear=1 gtmr=750 in=(255,0,255,0) steer=+1.000 gnd=4.0 sp=2509.42 horiz=2507.68 velH=2.1599 bodyH=2.1011 slip=+0.0588 d=(-0.06764,0.09400) av=(0,0.197529,0)
reseed=0 gear=1 gtmr=700 in=(255,0,255,0) steer=+1.000 gnd=4.0 sp=2521.88 horiz=2520.13 velH=2.1176 bodyH=2.0586 slip=+0.0590 d=(-0.06392,0.09726) av=(0,0.197968,0)
reseed=0 gear=1 gtmr=650 in=(255,0,255,0) steer=+1.000 gnd=4.0 sp=2534.09 horiz=2532.32 velH=2.0753 bodyH=2.0161 slip=+0.0592 d=(-0.06005,0.10037) av=(0,0.1984,0)
reseed=0 gear=1 gtmr=600 in=(255,0,255,0) steer=+1.000 gnd=4.0 sp=2546.05 horiz=2544.26 velH=2.0329 bodyH=1.9736 slip=+0.0593 d=(-0.05601,0.10332) av=(0,0.198826,0)
reseed=0 gear=1 gtmr=550 in=(255,0,255,0) steer=+1.000 gnd=4.0 sp=2557.76 horiz=2555.96 velH=1.9906 bodyH=1.9311 slip=+0.0595 d=(-0.05183,0.10609) av=(0,0.199244,0)
reseed=0 gear=1 gtmr=500 in=(255,0,255,0) steer=+1.000 gnd=4.0 sp=2569.23 horiz=2567.41 velH=1.9483 bodyH=1.8886 slip=+0.0597 d=(-0.04751,0.10868) av=(0,0.199656,0)
reseed=0 gear=1 gtmr=450 in=(255,0,255,0) steer=+1.000 gnd=4.0 sp=2580.46 horiz=2578.63 velH=1.9059 bodyH=1.8461 slip=+0.0598 d=(-0.04306,0.11109) av=(0,0.200061,0)
reseed=0 gear=1 gtmr=400 in=(255,0,255,0) steer=+1.000 gnd=4.0 sp=2591.45 horiz=2589.61 velH=1.8636 bodyH=1.8036 slip=+0.0600 d=(-0.03849,0.11330) av=(0,0.200459,0)
reseed=0 gear=1 gtmr=350 in=(255,0,255,0) steer=+1.000 gnd=4.0 sp=2602.22 horiz=2600.36 velH=1.8212 bodyH=1.7611 slip=+0.0602 d=(-0.03380,0.11532) av=(0,0.200851,0)
reseed=0 gear=1 gtmr=300 in=(255,0,255,0) steer=+1.000 gnd=4.0 sp=2612.76 horiz=2610.88 velH=1.7789 bodyH=1.7186 slip=+0.0603 d=(-0.02901,0.11712) av=(0,0.201236,0)
reseed=0 gear=1 gtmr=250 in=(255,0,255,0) steer=+1.000 gnd=4.0 sp=2623.07 horiz=2621.18 velH=1.7365 bodyH=1.6761 slip=+0.0605 d=(-0.02412,0.11872) av=(0,0.201614,0)
reseed=0 gear=1 gtmr=200 in=(255,0,255,0) steer=+1.000 gnd=4.0 sp=2633.16 horiz=2631.26 velH=1.6942 bodyH=1.6336 slip=+0.0606 d=(-0.01915,0.12011) av=(0,0.201986,0)
reseed=0 gear=1 gtmr=150 in=(255,0,255,0) steer=+1.000 gnd=4.0 sp=2643.04 horiz=2641.13 velH=1.6518 bodyH=1.5911 slip=+0.0608 d=(-0.01410,0.12127) av=(0,0.202352,0)
reseed=0 gear=1 gtmr=100 in=(255,0,255,0) steer=+1.000 gnd=4.0 sp=2652.70 horiz=2650.78 velH=1.6095 bodyH=1.5486 slip=+0.0609 d=(-0.00898,0.12221) av=(0,0.202711,0)
reseed=0 gear=1 gtmr=49 in=(255,0,255,0) steer=+1.000 gnd=4.0 sp=2662.16 horiz=2660.22 velH=1.5671 bodyH=1.5061 slip=+0.0610 d=(-0.00381,0.12293) av=(0,0.203064,0)
reseed=0 gear=2 gtmr=3000 in=(255,0,255,0) steer=+1.000 gnd=4.0 sp=2671.41 horiz=2669.46 velH=1.5248 bodyH=1.4636 slip=+0.0612 d=(0.00140,0.12342) av=(0,0.20341,0)
reseed=0 gear=2 gtmr=2950 in=(255,0,255,0) steer=+1.000 gnd=4.0 sp=2688.72 horiz=2686.80 velH=1.4816 bodyH=1.4211 slip=+0.0605 d=(0.00669,0.12376) av=(0,0.204172,0)
reseed=0 gear=2 gtmr=2900 in=(255,0,255,0) steer=+1.000 gnd=4.0 sp=2705.83 horiz=2703.93 velH=1.4387 bodyH=1.3786 slip=+0.0602 d=(0.01209,0.12416) av=(0,0.2047,0)
reseed=0 gear=2 gtmr=2850 in=(255,0,255,0) steer=+1.000 gnd=4.0 sp=2722.67 horiz=2720.77 velH=1.3961 bodyH=1.3361 slip=+0.0601 d=(0.01750,0.12431) av=(0,0.205151,0)
reseed=0 gear=2 gtmr=2800 in=(255,0,255,0) steer=+1.000 gnd=4.0 sp=2739.21 horiz=2737.30 velH=1.3536 bodyH=1.2936 slip=+0.0601 d=(0.02292,0.12422) av=(0,0.205595,0)
reseed=0 gear=2 gtmr=2750 in=(255,0,255,0) steer=+1.000 gnd=4.0 sp=2755.43 horiz=2753.50 velH=1.3112 bodyH=1.2511 slip=+0.0602 d=(0.02834,0.12388) av=(0,0.206057,0)
reseed=0 gear=2 gtmr=2700 in=(255,0,255,0) steer=+1.000 gnd=4.0 sp=2771.30 horiz=2769.37 velH=1.2689 bodyH=1.2086 slip=+0.0603 d=(0.03377,0.12328) av=(0,0.206543,0)
reseed=0 gear=2 gtmr=2650 in=(255,0,255,0) steer=+1.000 gnd=4.0 sp=2786.84 horiz=2784.89 velH=1.2265 bodyH=1.1661 slip=+0.0605 d=(0.03918,0.12244) av=(0,0.20705,0)
reseed=0 gear=2 gtmr=2600 in=(255,0,255,0) steer=+1.000 gnd=4.0 sp=2802.04 horiz=2800.06 velH=1.1842 bodyH=1.1236 slip=+0.0607 d=(0.04457,0.12134) av=(0,0.207573,0)
reseed=0 gear=2 gtmr=2550 in=(255,0,255,0) steer=+1.000 gnd=4.0 sp=2816.89 horiz=2814.90 velH=1.1419 bodyH=1.0811 slip=+0.0609 d=(0.04993,0.12000) av=(0,0.208105,0)
reseed=0 gear=2 gtmr=2500 in=(255,0,255,0) steer=+1.000 gnd=4.0 sp=2831.40 horiz=2829.39 velH=1.0996 bodyH=1.0386 slip=+0.0611 d=(0.05525,0.11840) av=(0,0.208642,0)
reseed=0 gear=2 gtmr=2450 in=(255,0,255,0) steer=+1.000 gnd=4.0 sp=2845.58 horiz=2843.55 velH=1.0573 bodyH=0.9960 slip=+0.0613 d=(0.06051,0.11655) av=(0,0.20918,0)
reseed=0 gear=2 gtmr=2400 in=(255,0,255,0) steer=+1.000 gnd=4.0 sp=2859.43 horiz=2857.38 velH=1.0150 bodyH=0.9535 slip=+0.0615 d=(0.06571,0.11445) av=(0,0.209716,0)
reseed=0 gear=2 gtmr=2350 in=(255,0,255,0) steer=+1.000 gnd=4.0 sp=2872.95 horiz=2870.88 velH=0.9728 bodyH=0.9110 slip=+0.0617 d=(0.07083,0.11211) av=(0,0.210247,0)
reseed=0 gear=2 gtmr=2300 in=(255,0,255,0) steer=+1.000 gnd=4.0 sp=2886.15 horiz=2884.07 velH=0.9305 bodyH=0.8685 slip=+0.0619 d=(0.07586,0.10953) av=(0,0.210773,0)
reseed=0 gear=2 gtmr=2250 in=(255,0,255,0) steer=+1.000 gnd=4.0 sp=2899.04 horiz=2896.94 velH=0.8882 bodyH=0.8260 slip=+0.0621 d=(0.08079,0.10671) av=(0,0.211291,0)
reseed=0 gear=2 gtmr=2200 in=(255,0,255,0) steer=+1.000 gnd=4.0 sp=2911.62 horiz=2909.50 velH=0.8459 bodyH=0.7835 slip=+0.0623 d=(0.08561,0.10365) av=(0,0.211801,0)
reseed=0 gear=2 gtmr=2150 in=(255,0,255,0) steer=+1.000 gnd=4.0 sp=2923.89 horiz=2921.75 velH=0.8036 bodyH=0.7410 slip=+0.0625 d=(0.09030,0.10037) av=(0,0.212303,0)
reseed=0 gear=2 gtmr=2100 in=(255,0,255,0) steer=+1.000 gnd=4.0 sp=2935.86 horiz=2933.71 velH=0.7612 bodyH=0.6985 slip=+0.0627 d=(0.09486,0.09686) av=(0,0.212797,0)
reseed=0 gear=2 gtmr=2050 in=(255,0,255,0) steer=+1.000 gnd=4.0 sp=2947.55 horiz=2945.38 velH=0.7189 bodyH=0.6560 slip=+0.0629 d=(0.09928,0.09314) av=(0,0.213282,0)
reseed=0 gear=2 gtmr=2000 in=(255,0,255,0) steer=+1.000 gnd=4.0 sp=2958.94 horiz=2956.76 velH=0.6766 bodyH=0.6135 slip=+0.0631 d=(0.10353,0.08921) av=(0,0.213758,0)
reseed=0 gear=2 gtmr=1950 in=(255,0,255,0) steer=+1.000 gnd=4.0 sp=2970.06 horiz=2967.85 velH=0.6343 bodyH=0.5710 slip=+0.0633 d=(0.10763,0.08508) av=(0,0.214225,0)
reseed=0 gear=2 gtmr=1900 in=(255,0,255,0) steer=+1.000 gnd=4.0 sp=2980.90 horiz=2978.68 velH=0.5920 bodyH=0.5285 slip=+0.0634 d=(0.11154,0.08075) av=(0,0.214683,0)
reseed=0 gear=2 gtmr=1850 in=(255,0,255,0) steer=+1.000 gnd=4.0 sp=2991.47 horiz=2989.23 velH=0.5496 bodyH=0.4860 slip=+0.0636 d=(0.11528,0.07623) av=(0,0.215132,0)
reseed=0 gear=2 gtmr=1800 in=(255,0,255,0) steer=+1.000 gnd=4.0 sp=3001.77 horiz=2999.52 velH=0.5073 bodyH=0.4435 slip=+0.0638 d=(0.11881,0.07154) av=(0,0.215572,0)
reseed=0 gear=2 gtmr=1750 in=(255,0,255,0) steer=+1.000 gnd=4.0 sp=3011.82 horiz=3009.55 velH=0.4650 bodyH=0.4010 slip=+0.0640 d=(0.12215,0.06667) av=(0,0.216003,0)
reseed=0 gear=2 gtmr=1700 in=(255,0,255,0) steer=+1.000 gnd=4.0 sp=3021.61 horiz=3019.33 velH=0.4226 bodyH=0.3585 slip=+0.0641 d=(0.12528,0.06165) av=(0,0.216426,0)
reseed=0 gear=2 gtmr=1650 in=(255,0,255,0) steer=+1.000 gnd=4.0 sp=3031.16 horiz=3028.86 velH=0.3803 bodyH=0.3160 slip=+0.0643 d=(0.12819,0.05647) av=(0,0.21684,0)
reseed=0 gear=2 gtmr=1600 in=(255,0,255,0) steer=+1.000 gnd=4.0 sp=3040.46 horiz=3038.15 velH=0.3380 bodyH=0.2735 slip=+0.0644 d=(0.13087,0.05115) av=(0,0.217246,0)
reseed=0 gear=2 gtmr=1550 in=(255,0,255,0) steer=+1.000 gnd=4.0 sp=3049.52 horiz=3047.20 velH=0.2956 bodyH=0.2310 slip=+0.0646 d=(0.13332,0.04571) av=(0,0.217643,0)
reseed=0 gear=2 gtmr=1500 in=(255,0,255,0) steer=+1.000 gnd=4.0 sp=3058.35 horiz=3056.01 velH=0.2533 bodyH=0.1885 slip=+0.0647 d=(0.13554,0.04014) av=(0,0.218031,0)
reseed=0 gear=2 gtmr=1450 in=(255,0,255,0) steer=+1.000 gnd=4.0 sp=3066.96 horiz=3064.61 velH=0.2109 bodyH=0.1460 slip=+0.0649 d=(0.13751,0.03446) av=(0,0.218412,0)
reseed=0 gear=2 gtmr=1400 in=(255,0,255,0) steer=+1.000 gnd=4.0 sp=3075.34 horiz=3072.97 velH=0.1685 bodyH=0.1035 slip=+0.0650 d=(0.13924,0.02869) av=(0,0.218784,0)
reseed=0 gear=2 gtmr=1350 in=(255,0,255,0) steer=+1.000 gnd=4.0 sp=3083.50 horiz=3081.13 velH=0.1262 bodyH=0.0610 slip=+0.0652 d=(0.14071,0.02283) av=(0,0.219148,0)
reseed=0 gear=2 gtmr=1300 in=(255,0,255,0) steer=+1.000 gnd=4.0 sp=3091.45 horiz=3089.07 velH=0.0838 bodyH=0.0185 slip=+0.0653 d=(0.14192,0.01689) av=(0,0.219504,0)
reseed=0 gear=2 gtmr=1250 in=(255,0,255,0) steer=+1.000 gnd=4.0 sp=3099.20 horiz=3096.80 velH=0.0414 bodyH=-0.0240 slip=+0.0655 d=(0.14287,0.01090) av=(0,0.219853,0)
reseed=0 gear=2 gtmr=1200 in=(255,0,255,0) steer=+1.000 gnd=4.0 sp=3106.74 horiz=3104.33 velH=-0.0009 bodyH=-0.0665 slip=+0.0656 d=(0.14356,0.00485) av=(0,0.220194,0)
reseed=0 gear=2 gtmr=1150 in=(255,0,255,0) steer=+1.000 gnd=4.0 sp=3114.08 horiz=3111.66 velH=-0.0433 bodyH=-0.1090 slip=+0.0657 d=(0.14398,-0.00124) av=(0,0.220527,0)
reseed=0 gear=2 gtmr=1100 in=(255,0,255,0) steer=+1.000 gnd=4.0 sp=3121.23 horiz=3118.80 velH=-0.0857 bodyH=-0.1515 slip=+0.0658 d=(0.14414,-0.00736) av=(0,0.220852,0)
reseed=0 gear=2 gtmr=1050 in=(255,0,255,0) steer=+1.000 gnd=4.0 sp=3128.19 horiz=3125.75 velH=-0.1281 bodyH=-0.1940 slip=+0.0660 d=(0.14403,-0.01349) av=(0,0.221171,0)
reseed=0 gear=2 gtmr=1000 in=(255,0,255,0) steer=+1.000 gnd=4.0 sp=3134.97 horiz=3132.51 velH=-0.1704 bodyH=-0.2365 slip=+0.0661 d=(0.14364,-0.01962) av=(0,0.221482,0)
reseed=0 gear=2 gtmr=950 in=(255,0,255,0) steer=+1.000 gnd=4.0 sp=3141.57 horiz=3139.10 velH=-0.2128 bodyH=-0.2790 slip=+0.0662 d=(0.14299,-0.02574) av=(0,0.221786,0)
reseed=0 gear=2 gtmr=900 in=(255,0,255,0) steer=+1.000 gnd=4.0 sp=3147.99 horiz=3145.51 velH=-0.2552 bodyH=-0.3215 slip=+0.0663 d=(0.14207,-0.03184) av=(0,0.222083,0)
reseed=0 gear=2 gtmr=850 in=(255,0,255,0) steer=+1.000 gnd=4.0 sp=3154.23 horiz=3151.75 velH=-0.2976 bodyH=-0.3640 slip=+0.0664 d=(0.14087,-0.03791) av=(0,0.222373,0)
reseed=0 gear=2 gtmr=800 in=(255,0,255,0) steer=+1.000 gnd=4.0 sp=3160.32 horiz=3157.82 velH=-0.3400 bodyH=-0.4065 slip=+0.0665 d=(0.13941,-0.04393) av=(0,0.222656,0)
reseed=0 gear=2 gtmr=750 in=(255,0,255,0) steer=+1.000 gnd=4.0 sp=3166.23 horiz=3163.73 velH=-0.3824 bodyH=-0.4490 slip=+0.0666 d=(0.13769,-0.04990) av=(0,0.222932,0)
reseed=0 gear=2 gtmr=700 in=(255,0,255,0) steer=+1.000 gnd=4.0 sp=3171.99 horiz=3169.48 velH=-0.4248 bodyH=-0.4915 slip=+0.0667 d=(0.13570,-0.05579) av=(0,0.223202,0)
reseed=0 gear=2 gtmr=650 in=(255,0,255,0) steer=+1.000 gnd=4.0 sp=3177.59 horiz=3175.07 velH=-0.4672 bodyH=-0.5340 slip=+0.0668 d=(0.13346,-0.06161) av=(0,0.223466,0)
reseed=0 gear=2 gtmr=600 in=(255,0,255,0) steer=+1.000 gnd=4.0 sp=3183.04 horiz=3180.51 velH=-0.5096 bodyH=-0.5765 slip=+0.0669 d=(0.13095,-0.06733) av=(0,0.223723,0)
reseed=0 gear=2 gtmr=550 in=(255,0,255,0) steer=+1.000 gnd=4.0 sp=3188.35 horiz=3185.81 velH=-0.5520 bodyH=-0.6190 slip=+0.0670 d=(0.12820,-0.07294) av=(0,0.223974,0)
reseed=0 gear=2 gtmr=500 in=(255,0,255,0) steer=+1.000 gnd=4.0 sp=3193.51 horiz=3190.96 velH=-0.5944 bodyH=-0.6615 slip=+0.0671 d=(0.12520,-0.07844) av=(0,0.224219,0)
reseed=0 gear=2 gtmr=450 in=(255,0,255,0) steer=+1.000 gnd=4.0 sp=3198.52 horiz=3195.97 velH=-0.6368 bodyH=-0.7040 slip=+0.0672 d=(0.12196,-0.08381) av=(0,0.224458,0)
reseed=0 gear=2 gtmr=400 in=(255,0,255,0) steer=+1.000 gnd=4.0 sp=3203.41 horiz=3200.84 velH=-0.6792 bodyH=-0.7465 slip=+0.0673 d=(0.11848,-0.08904) av=(0,0.224691,0)
reseed=0 gear=2 gtmr=350 in=(255,0,255,0) steer=+1.000 gnd=4.0 sp=3208.15 horiz=3205.58 velH=-0.7216 bodyH=-0.7890 slip=+0.0674 d=(0.11477,-0.09413) av=(0,0.224918,0)
reseed=0 gear=2 gtmr=300 in=(255,0,255,0) steer=+1.000 gnd=4.0 sp=3212.77 horiz=3210.19 velH=-0.7641 bodyH=-0.8315 slip=+0.0675 d=(0.11084,-0.09906) av=(0,0.22514,0)
reseed=0 gear=2 gtmr=250 in=(255,0,255,0) steer=+1.000 gnd=4.0 sp=3217.26 horiz=3214.67 velH=-0.8065 bodyH=-0.8740 slip=+0.0676 d=(0.10669,-0.10382) av=(0,0.225356,0)
reseed=0 gear=2 gtmr=200 in=(255,0,255,0) steer=+1.000 gnd=4.0 sp=3221.63 horiz=3219.03 velH=-0.8489 bodyH=-0.9165 slip=+0.0676 d=(0.10233,-0.10840) av=(0,0.225567,0)
reseed=0 gear=2 gtmr=150 in=(255,0,255,0) steer=+1.000 gnd=4.0 sp=3225.88 horiz=3223.27 velH=-0.8913 bodyH=-0.9590 slip=+0.0677 d=(0.09778,-0.11279) av=(0,0.225773,0)
reseed=0 gear=2 gtmr=100 in=(255,0,255,0) steer=+1.000 gnd=4.0 sp=3230.00 horiz=3227.39 velH=-0.9338 bodyH=-1.0015 slip=+0.0678 d=(0.09303,-0.11699) av=(0,0.225973,0)
reseed=0 gear=2 gtmr=49 in=(255,0,255,0) steer=+1.000 gnd=4.0 sp=3234.02 horiz=3231.40 velH=-0.9762 bodyH=-1.0441 slip=+0.0679 d=(0.08809,-0.12098) av=(0,0.226169,0)
reseed=0 gear=3 gtmr=3000 in=(255,0,255,0) steer=+1.000 gnd=4.0 sp=3237.92 horiz=3235.30 velH=-1.0186 bodyH=-1.0866 slip=+0.0679 d=(0.08298,-0.12476) av=(0,0.226359,0)
reseed=0 gear=3 gtmr=2950 in=(255,0,255,0) steer=+1.000 gnd=4.0 sp=3247.58 horiz=3244.98 velH=-1.0615 bodyH=-1.1291 slip=+0.0675 d=(0.07773,-0.12840) av=(0,0.226866,0)
reseed=0 gear=3 gtmr=2900 in=(255,0,255,0) steer=+1.000 gnd=4.0 sp=3257.11 horiz=3254.52 velH=-1.1043 bodyH=-1.1716 slip=+0.0673 d=(0.07236,-0.13200) av=(0,0.227207,0)
reseed=0 gear=3 gtmr=2850 in=(255,0,255,0) steer=+1.000 gnd=4.0 sp=3266.47 horiz=3263.88 velH=-1.1469 bodyH=-1.2141 slip=+0.0672 d=(0.06686,-0.13537) av=(0,0.227488,0)
reseed=0 gear=3 gtmr=2800 in=(255,0,255,0) steer=+1.000 gnd=4.0 sp=3275.63 horiz=3273.04 velH=-1.1894 bodyH=-1.2566 slip=+0.0672 d=(0.06121,-0.13849) av=(0,0.227761,0)
reseed=0 gear=3 gtmr=2750 in=(255,0,255,0) steer=+1.000 gnd=4.0 sp=3284.57 horiz=3281.98 velH=-1.2319 bodyH=-1.2991 slip=+0.0672 d=(0.05542,-0.14135) av=(0,0.228045,0)
reseed=0 gear=3 gtmr=2700 in=(255,0,255,0) steer=+1.000 gnd=4.0 sp=3293.30 horiz=3290.70 velH=-1.2743 bodyH=-1.3416 slip=+0.0673 d=(0.04950,-0.14397) av=(0,0.228348,0)
reseed=0 gear=3 gtmr=2650 in=(255,0,255,0) steer=+1.000 gnd=4.0 sp=3301.79 horiz=3299.19 velH=-1.3167 bodyH=-1.3841 slip=+0.0674 d=(0.04347,-0.14632) av=(0,0.228669,0)
reseed=0 gear=3 gtmr=2600 in=(255,0,255,0) steer=+1.000 gnd=4.0 sp=3310.07 horiz=3307.45 velH=-1.3591 bodyH=-1.4266 slip=+0.0675 d=(0.03732,-0.14841) av=(0,0.229004,0)
reseed=0 gear=3 gtmr=2550 in=(255,0,255,0) steer=+1.000 gnd=4.0 sp=3318.11 horiz=3315.48 velH=-1.4015 bodyH=-1.4691 slip=+0.0676 d=(0.03108,-0.15023) av=(0,0.229348,0)
reseed=0 gear=3 gtmr=2500 in=(255,0,255,0) steer=+1.000 gnd=4.0 sp=3325.94 horiz=3323.29 velH=-1.4439 bodyH=-1.5116 slip=+0.0677 d=(0.02474,-0.15178) av=(0,0.229698,0)
reseed=0 gear=3 gtmr=2450 in=(255,0,255,0) steer=+1.000 gnd=4.0 sp=3333.54 horiz=3330.88 velH=-1.4862 bodyH=-1.5541 slip=+0.0679 d=(0.01833,-0.15305) av=(0,0.23005,0)
reseed=0 gear=3 gtmr=2400 in=(255,0,255,0) steer=+1.000 gnd=4.0 sp=3340.93 horiz=3338.26 velH=-1.5286 bodyH=-1.5966 slip=+0.0680 d=(0.01186,-0.15404) av=(0,0.230401,0)
reseed=0 gear=3 gtmr=2350 in=(255,0,255,0) steer=+1.000 gnd=4.0 sp=3348.11 horiz=3345.43 velH=-1.5710 bodyH=-1.6391 slip=+0.0681 d=(0.00534,-0.15474) av=(0,0.23075,0)
reseed=0 gear=3 gtmr=2300 in=(255,0,255,0) steer=+1.000 gnd=4.0 sp=3355.08 horiz=3352.39 velH=-1.6133 bodyH=-1.6816 slip=+0.0682 d=(-0.00122,-0.15516) av=(0,0.231094,0)
reseed=0 gear=3 gtmr=2250 in=(255,0,255,0) steer=+1.000 gnd=4.0 sp=3361.85 horiz=3359.15 velH=-1.6557 bodyH=-1.7241 slip=+0.0684 d=(-0.00781,-0.15529) av=(0,0.231433,0)
reseed=0 gear=3 gtmr=2200 in=(255,0,255,0) steer=+1.000 gnd=4.0 sp=3368.43 horiz=3365.72 velH=-1.6981 bodyH=-1.7666 slip=+0.0685 d=(-0.01441,-0.15513) av=(0,0.231766,0)
reseed=0 gear=3 gtmr=2150 in=(255,0,255,0) steer=+1.000 gnd=4.0 sp=3374.81 horiz=3372.09 velH=-1.7405 bodyH=-1.8091 slip=+0.0686 d=(-0.02101,-0.15468) av=(0,0.232092,0)
reseed=0 gear=3 gtmr=2100 in=(255,0,255,0) steer=+1.000 gnd=4.0 sp=3381.01 horiz=3378.28 velH=-1.7828 bodyH=-1.8516 slip=+0.0687 d=(-0.02760,-0.15394) av=(0,0.232411,0)
reseed=0 gear=3 gtmr=2050 in=(255,0,255,0) steer=+1.000 gnd=4.0 sp=3387.03 horiz=3384.28 velH=-1.8252 bodyH=-1.8941 slip=+0.0689 d=(-0.03415,-0.15291) av=(0,0.232722,0)
reseed=0 gear=3 gtmr=2000 in=(255,0,255,0) steer=+1.000 gnd=4.0 sp=3392.87 horiz=3390.12 velH=-1.8676 bodyH=-1.9366 slip=+0.0690 d=(-0.04067,-0.15159) av=(0,0.233026,0)
reseed=0 gear=3 gtmr=1950 in=(255,0,255,0) steer=+1.000 gnd=4.0 sp=3398.54 horiz=3395.78 velH=-1.9100 bodyH=-1.9791 slip=+0.0691 d=(-0.04714,-0.14999) av=(0,0.233323,0)
reseed=0 gear=3 gtmr=1900 in=(255,0,255,0) steer=+1.000 gnd=4.0 sp=3404.04 horiz=3401.27 velH=-1.9524 bodyH=-2.0216 slip=+0.0692 d=(-0.05354,-0.14810) av=(0,0.233612,0)
reseed=0 gear=3 gtmr=1850 in=(255,0,255,0) steer=+1.000 gnd=4.0 sp=3409.38 horiz=3406.60 velH=-1.9948 bodyH=-2.0641 slip=+0.0693 d=(-0.05987,-0.14593) av=(0,0.233894,0)
reseed=0 gear=3 gtmr=1800 in=(255,0,255,0) steer=+1.000 gnd=4.0 sp=3414.57 horiz=3411.77 velH=-2.0372 bodyH=-2.1066 slip=+0.0694 d=(-0.06610,-0.14348) av=(0,0.234169,0)
reseed=0 gear=3 gtmr=1750 in=(255,0,255,0) steer=+1.000 gnd=4.0 sp=3419.59 horiz=3416.79 velH=-2.0796 bodyH=-2.1491 slip=+0.0695 d=(-0.07223,-0.14076) av=(0,0.234437,0)
reseed=0 gear=3 gtmr=1700 in=(255,0,255,0) steer=+1.000 gnd=4.0 sp=3424.47 horiz=3421.66 velH=-2.1220 bodyH=-2.1916 slip=+0.0696 d=(-0.07825,-0.13778) av=(0,0.234698,0)
reseed=0 gear=3 gtmr=1650 in=(255,0,255,0) steer=+1.000 gnd=4.0 sp=3429.21 horiz=3426.39 velH=-2.1644 bodyH=-2.2341 slip=+0.0697 d=(-0.08414,-0.13453) av=(0,0.234951,0)
reseed=0 gear=3 gtmr=1600 in=(255,0,255,0) steer=+1.000 gnd=4.0 sp=3433.80 horiz=3430.97 velH=-2.2068 bodyH=-2.2766 slip=+0.0698 d=(-0.08989,-0.13102) av=(0,0.235198,0)
reseed=0 gear=3 gtmr=1550 in=(255,0,255,0) steer=+1.000 gnd=4.0 sp=3438.25 horiz=3435.42 velH=-2.2492 bodyH=-2.3191 slip=+0.0699 d=(-0.09549,-0.12726) av=(0,0.235439,0)
reseed=0 gear=3 gtmr=1500 in=(255,0,255,0) steer=+1.000 gnd=4.0 sp=3442.57 horiz=3439.73 velH=-2.2916 bodyH=-2.3616 slip=+0.0700 d=(-0.10093,-0.12325) av=(0,0.235673,0)
reseed=0 gear=3 gtmr=1450 in=(255,0,255,0) steer=+1.000 gnd=4.0 sp=3446.77 horiz=3443.91 velH=-2.3341 bodyH=-2.4041 slip=+0.0701 d=(-0.10620,-0.11901) av=(0,0.2359,0)
reseed=0 gear=3 gtmr=1400 in=(255,0,255,0) steer=+1.000 gnd=4.0 sp=3450.83 horiz=3447.97 velH=-2.3765 bodyH=-2.4466 slip=+0.0701 d=(-0.11128,-0.11454) av=(0,0.236121,0)
reseed=0 gear=3 gtmr=1350 in=(255,0,255,0) steer=+1.000 gnd=4.0 sp=3454.77 horiz=3451.91 velH=-2.4189 bodyH=-2.4891 slip=+0.0702 d=(-0.11617,-0.10985) av=(0,0.236337,0)
reseed=0 gear=3 gtmr=1300 in=(255,0,255,0) steer=+1.000 gnd=4.0 sp=3458.60 horiz=3455.72 velH=-2.4613 bodyH=-2.5316 slip=+0.0703 d=(-0.12086,-0.10494) av=(0,0.236546,0)
reseed=0 gear=3 gtmr=1250 in=(255,0,255,0) steer=+1.000 gnd=4.0 sp=3462.31 horiz=3459.42 velH=-2.5037 bodyH=-2.5741 slip=+0.0704 d=(-0.12534,-0.09983) av=(0,0.23675,0)
reseed=0 gear=3 gtmr=1200 in=(255,0,255,0) steer=+1.000 gnd=4.0 sp=3465.90 horiz=3463.01 velH=-2.5462 bodyH=-2.6166 slip=+0.0705 d=(-0.12960,-0.09452) av=(0,0.236947,0)
reseed=0 gear=3 gtmr=1150 in=(255,0,255,0) steer=+1.000 gnd=4.0 sp=3469.39 horiz=3466.50 velH=-2.5886 bodyH=-2.6591 slip=+0.0705 d=(-0.13363,-0.08903) av=(0,0.23714,0)
reseed=0 gear=3 gtmr=1100 in=(255,0,255,0) steer=+1.000 gnd=4.0 sp=3472.77 horiz=3469.87 velH=-2.6310 bodyH=-2.7016 slip=+0.0706 d=(-0.13743,-0.08337) av=(0,0.237327,0)
reseed=0 gear=3 gtmr=1050 in=(255,0,255,0) steer=+1.000 gnd=4.0 sp=3476.05 horiz=3473.14 velH=-2.6735 bodyH=-2.7441 slip=+0.0707 d=(-0.14097,-0.07754) av=(0,0.237509,0)
reseed=0 gear=3 gtmr=1000 in=(255,0,255,0) steer=+1.000 gnd=4.0 sp=3479.23 horiz=3476.32 velH=-2.7159 bodyH=-2.7866 slip=+0.0707 d=(-0.14427,-0.07155) av=(0,0.237685,0)
reseed=0 gear=3 gtmr=950 in=(255,0,255,0) steer=+1.000 gnd=4.0 sp=3482.31 horiz=3479.39 velH=-2.7583 bodyH=-2.8291 slip=+0.0708 d=(-0.14731,-0.06543) av=(0,0.237857,0)
reseed=0 gear=3 gtmr=900 in=(255,0,255,0) steer=+1.000 gnd=4.0 sp=3485.30 horiz=3482.37 velH=-2.8008 bodyH=-2.8716 slip=+0.0709 d=(-0.15008,-0.05917) av=(0,0.238024,0)
reseed=0 gear=3 gtmr=850 in=(255,0,255,0) steer=+1.000 gnd=4.0 sp=3488.20 horiz=3485.26 velH=-2.8432 bodyH=-2.9141 slip=+0.0709 d=(-0.15259,-0.05279) av=(0,0.238185,0)
reseed=0 gear=3 gtmr=800 in=(255,0,255,0) steer=+1.000 gnd=4.0 sp=3491.00 horiz=3488.07 velH=-2.8857 bodyH=-2.9566 slip=+0.0710 d=(-0.15482,-0.04631) av=(0,0.238343,0)
reseed=0 gear=3 gtmr=750 in=(255,0,255,0) steer=+1.000 gnd=4.0 sp=3493.73 horiz=3490.78 velH=-2.9281 bodyH=-2.9991 slip=+0.0710 d=(-0.15677,-0.03973) av=(0,0.238496,0)
reseed=0 gear=3 gtmr=700 in=(255,0,255,0) steer=+1.000 gnd=4.0 sp=3496.37 horiz=3493.42 velH=-2.9706 bodyH=-3.0417 slip=+0.0711 d=(-0.15844,-0.03307) av=(0,0.238644,0)
reseed=0 gear=3 gtmr=650 in=(255,0,255,0) steer=+1.000 gnd=4.0 sp=3498.92 horiz=3495.97 velH=-3.0130 bodyH=-3.0842 slip=+0.0711 d=(-0.15982,-0.02634) av=(0,0.238788,0)
reseed=0 gear=3 gtmr=600 in=(255,0,255,0) steer=+1.000 gnd=4.0 sp=3501.40 horiz=3498.45 velH=-3.0555 bodyH=-3.1267 slip=+0.0712 d=(-0.16091,-0.01955) av=(0,0.238928,0)
reseed=0 gear=3 gtmr=550 in=(255,0,255,0) steer=+1.000 gnd=4.0 sp=3503.80 horiz=3500.84 velH=-3.0979 bodyH=3.1140 slip=+0.0712 d=(-0.16171,-0.01271) av=(0,0.239064,0)
reseed=0 gear=3 gtmr=500 in=(255,0,255,0) steer=+1.000 gnd=4.0 sp=3506.13 horiz=3503.17 velH=-3.1404 bodyH=3.0715 slip=+0.0713 d=(-0.16221,-0.00584) av=(0,0.239196,0)
reseed=0 gear=3 gtmr=450 in=(255,0,255,0) steer=+1.000 gnd=4.0 sp=3508.39 horiz=3505.42 velH=3.1004 bodyH=3.0290 slip=+0.0713 d=(-0.16242,0.00105) av=(0,0.239324,0)
reseed=0 gear=3 gtmr=400 in=(255,0,255,0) steer=+1.000 gnd=4.0 sp=3510.58 horiz=3507.60 velH=3.0579 bodyH=2.9865 slip=+0.0714 d=(-0.16233,0.00795) av=(0,0.239449,0)
reseed=0 gear=3 gtmr=350 in=(255,0,255,0) steer=+1.000 gnd=4.0 sp=3512.70 horiz=3509.72 velH=3.0155 bodyH=2.9440 slip=+0.0714 d=(-0.16195,0.01484) av=(0,0.239569,0)
reseed=0 gear=3 gtmr=300 in=(255,0,255,0) steer=+1.000 gnd=4.0 sp=3514.75 horiz=3511.77 velH=2.9730 bodyH=2.9015 slip=+0.0715 d=(-0.16127,0.02171) av=(0,0.239687,0)
reseed=0 gear=3 gtmr=250 in=(255,0,255,0) steer=+1.000 gnd=4.0 sp=3516.74 horiz=3513.76 velH=2.9305 bodyH=2.8590 slip=+0.0715 d=(-0.16029,0.02856) av=(0,0.2398,0)
reseed=0 gear=3 gtmr=200 in=(255,0,255,0) steer=+1.000 gnd=4.0 sp=3518.67 horiz=3515.68 velH=2.8881 bodyH=2.8165 slip=+0.0716 d=(-0.15903,0.03535) av=(0,0.239911,0)
reseed=0 gear=3 gtmr=150 in=(255,0,255,0) steer=+1.000 gnd=4.0 sp=3520.54 horiz=3517.55 velH=2.8456 bodyH=2.7740 slip=+0.0716 d=(-0.15747,0.04210) av=(0,0.240018,0)
reseed=0 gear=3 gtmr=100 in=(255,0,255,0) steer=+1.000 gnd=4.0 sp=3522.35 horiz=3519.36 velH=2.8032 bodyH=2.7315 slip=+0.0716 d=(-0.15562,0.04877) av=(0,0.240122,0)
reseed=0 gear=3 gtmr=49 in=(255,0,255,0) steer=+1.000 gnd=4.0 sp=3524.11 horiz=3521.11 velH=2.7607 bodyH=2.6890 slip=+0.0717 d=(-0.15349,0.05536) av=(0,0.240223,0)
reseed=0 gear=4 gtmr=3000 in=(255,0,255,0) steer=+1.000 gnd=4.0 sp=3525.81 horiz=3522.80 velH=2.7182 bodyH=2.6465 slip=+0.0717 d=(-0.15107,0.06185) av=(0,0.24032,0)
reseed=0 gear=4 gtmr=2950 in=(255,0,255,0) steer=+1.000 gnd=4.0 sp=3535.25 horiz=3532.28 velH=2.6751 bodyH=2.6040 slip=+0.0711 d=(-0.14845,0.06831) av=(0,0.240858,0)
reseed=0 gear=4 gtmr=2900 in=(255,0,255,0) steer=+1.000 gnd=4.0 sp=3544.58 horiz=3541.64 velH=2.6323 bodyH=2.5615 slip=+0.0708 d=(-0.14576,0.07484) av=(0,0.241177,0)
reseed=0 gear=4 gtmr=2850 in=(255,0,255,0) steer=+1.000 gnd=4.0 sp=3553.77 horiz=3550.84 velH=2.5896 bodyH=2.5190 slip=+0.0706 d=(-0.14280,0.08122) av=(0,0.241417,0)
reseed=0 gear=4 gtmr=2800 in=(255,0,255,0) steer=+1.000 gnd=4.0 sp=3562.76 horiz=3559.84 velH=2.5470 bodyH=2.4765 slip=+0.0705 d=(-0.13957,0.08747) av=(0,0.241648,0)
reseed=0 gear=4 gtmr=2750 in=(255,0,255,0) steer=+1.000 gnd=4.0 sp=3571.54 horiz=3568.62 velH=2.5045 bodyH=2.4340 slip=+0.0705 d=(-0.13606,0.09356) av=(0,0.241898,0)
reseed=0 gear=4 gtmr=2700 in=(255,0,255,0) steer=+1.000 gnd=4.0 sp=3580.10 horiz=3577.16 velH=2.4620 bodyH=2.3915 slip=+0.0705 d=(-0.13228,0.09950) av=(0,0.242178,0)
reseed=0 gear=4 gtmr=2650 in=(255,0,255,0) steer=+1.000 gnd=4.0 sp=3588.42 horiz=3585.47 velH=2.4196 bodyH=2.3490 slip=+0.0706 d=(-0.12825,0.10528) av=(0,0.242488,0)
reseed=0 gear=4 gtmr=2600 in=(255,0,255,0) steer=+1.000 gnd=4.0 sp=3596.50 horiz=3593.54 velH=2.3772 bodyH=2.3065 slip=+0.0707 d=(-0.12395,0.11087) av=(0,0.242823,0)
reseed=0 gear=4 gtmr=2550 in=(255,0,255,0) steer=+1.000 gnd=4.0 sp=3604.34 horiz=3601.37 velH=2.3348 bodyH=2.2640 slip=+0.0708 d=(-0.11941,0.11629) av=(0,0.243177,0)
reseed=0 gear=4 gtmr=2500 in=(255,0,255,0) steer=+1.000 gnd=4.0 sp=3611.94 horiz=3608.97 velH=2.2924 bodyH=2.2215 slip=+0.0710 d=(-0.11462,0.12150) av=(0,0.243544,0)
reseed=0 gear=4 gtmr=2450 in=(255,0,255,0) steer=+1.000 gnd=4.0 sp=3619.31 horiz=3616.33 velH=2.2501 bodyH=2.1790 slip=+0.0711 d=(-0.10960,0.12651) av=(0,0.243919,0)
reseed=0 gear=4 gtmr=2400 in=(255,0,255,0) steer=+1.000 gnd=4.0 sp=3626.46 horiz=3623.46 velH=2.2077 bodyH=2.1365 slip=+0.0712 d=(-0.10435,0.13131) av=(0,0.244298,0)
reseed=0 gear=4 gtmr=2350 in=(255,0,255,0) steer=+1.000 gnd=4.0 sp=3633.37 horiz=3630.36 velH=2.1653 bodyH=2.0940 slip=+0.0714 d=(-0.09889,0.13587) av=(0,0.244676,0)
reseed=0 gear=4 gtmr=2300 in=(255,0,255,0) steer=+1.000 gnd=4.0 sp=3640.07 horiz=3637.05 velH=2.1230 bodyH=2.0515 slip=+0.0715 d=(-0.09323,0.14020) av=(0,0.245052,0)
reseed=0 gear=4 gtmr=2250 in=(255,0,255,0) steer=+1.000 gnd=4.0 sp=3646.56 horiz=3643.52 velH=2.0806 bodyH=2.0090 slip=+0.0716 d=(-0.08736,0.14429) av=(0,0.245424,0)
reseed=0 gear=4 gtmr=2200 in=(255,0,255,0) steer=+1.000 gnd=4.0 sp=3652.83 horiz=3649.78 velH=2.0383 bodyH=1.9665 slip=+0.0718 d=(-0.08132,0.14812) av=(0,0.24579,0)
reseed=0 gear=4 gtmr=2150 in=(255,0,255,0) steer=+1.000 gnd=4.0 sp=3658.91 horiz=3655.84 velH=1.9959 bodyH=1.9240 slip=+0.0719 d=(-0.07510,0.15169) av=(0,0.246149,0)
reseed=0 gear=4 gtmr=2100 in=(255,0,255,0) steer=+1.000 gnd=4.0 sp=3664.78 horiz=3661.71 velH=1.9535 bodyH=1.8815 slip=+0.0720 d=(-0.06872,0.15499) av=(0,0.2465,0)
reseed=0 gear=4 gtmr=2050 in=(255,0,255,0) steer=+1.000 gnd=4.0 sp=3670.47 horiz=3667.39 velH=1.9111 bodyH=1.8390 slip=+0.0722 d=(-0.06219,0.15801) av=(0,0.246843,0)
reseed=0 gear=4 gtmr=2000 in=(255,0,255,0) steer=+1.000 gnd=4.0 sp=3675.97 horiz=3672.88 velH=1.8688 bodyH=1.7965 slip=+0.0723 d=(-0.05553,0.16075) av=(0,0.247177,0)
reseed=0 gear=4 gtmr=1950 in=(255,0,255,0) steer=+1.000 gnd=4.0 sp=3681.30 horiz=3678.19 velH=1.8264 bodyH=1.7540 slip=+0.0724 d=(-0.04874,0.16320) av=(0,0.247503,0)
reseed=0 gear=4 gtmr=1900 in=(255,0,255,0) steer=+1.000 gnd=4.0 sp=3686.44 horiz=3683.33 velH=1.7840 bodyH=1.7115 slip=+0.0725 d=(-0.04184,0.16536) av=(0,0.24782,0)
reseed=0 gear=4 gtmr=1850 in=(255,0,255,0) steer=+1.000 gnd=4.0 sp=3691.42 horiz=3688.30 velH=1.7416 bodyH=1.6690 slip=+0.0726 d=(-0.03485,0.16721) av=(0,0.248129,0)
reseed=0 gear=4 gtmr=1800 in=(255,0,255,0) steer=+1.000 gnd=4.0 sp=3696.24 horiz=3693.10 velH=1.6992 bodyH=1.6265 slip=+0.0728 d=(-0.02777,0.16876) av=(0,0.248428,0)
reseed=0 gear=4 gtmr=1750 in=(255,0,255,0) steer=+1.000 gnd=4.0 sp=3700.90 horiz=3697.75 velH=1.6568 bodyH=1.5840 slip=+0.0729 d=(-0.02062,0.17001) av=(0,0.24872,0)
reseed=0 gear=4 gtmr=1700 in=(255,0,255,0) steer=+1.000 gnd=4.0 sp=3705.40 horiz=3702.24 velH=1.6144 bodyH=1.5415 slip=+0.0730 d=(-0.01341,0.17094) av=(0,0.249003,0)
reseed=0 gear=4 gtmr=1650 in=(255,0,255,0) steer=+1.000 gnd=4.0 sp=3709.75 horiz=3706.59 velH=1.5720 bodyH=1.4989 slip=+0.0731 d=(-0.00616,0.17156) av=(0,0.249277,0)
reseed=0 gear=4 gtmr=1600 in=(255,0,255,0) steer=+1.000 gnd=4.0 sp=3713.96 horiz=3710.79 velH=1.5296 bodyH=1.4564 slip=+0.0732 d=(0.00112,0.17187) av=(0,0.249544,0)
reseed=0 gear=4 gtmr=1550 in=(255,0,255,0) steer=+1.000 gnd=4.0 sp=3718.03 horiz=3714.85 velH=1.4872 bodyH=1.4139 slip=+0.0733 d=(0.00841,0.17186) av=(0,0.249803,0)
reseed=0 gear=4 gtmr=1500 in=(255,0,255,0) steer=+1.000 gnd=4.0 sp=3721.96 horiz=3718.77 velH=1.4448 bodyH=1.3714 slip=+0.0734 d=(0.01571,0.17154) av=(0,0.250054,0)
reseed=0 gear=4 gtmr=1450 in=(255,0,255,0) steer=+1.000 gnd=4.0 sp=3725.77 horiz=3722.57 velH=1.4024 bodyH=1.3289 slip=+0.0734 d=(0.02299,0.17090) av=(0,0.250297,0)
reseed=0 gear=4 gtmr=1400 in=(255,0,255,0) steer=+1.000 gnd=4.0 sp=3729.44 horiz=3726.24 velH=1.3600 bodyH=1.2864 slip=+0.0735 d=(0.03025,0.16994) av=(0,0.250534,0)
reseed=0 gear=4 gtmr=1350 in=(255,0,255,0) steer=+1.000 gnd=4.0 sp=3733.00 horiz=3729.78 velH=1.3176 bodyH=1.2439 slip=+0.0736 d=(0.03746,0.16867) av=(0,0.250763,0)
reseed=0 gear=4 gtmr=1300 in=(255,0,255,0) steer=+1.000 gnd=4.0 sp=3736.43 horiz=3733.21 velH=1.2751 bodyH=1.2014 slip=+0.0737 d=(0.04462,0.16708) av=(0,0.250985,0)
reseed=0 gear=4 gtmr=1250 in=(255,0,255,0) steer=+1.000 gnd=4.0 sp=3739.75 horiz=3736.52 velH=1.2327 bodyH=1.1589 slip=+0.0738 d=(0.05172,0.16519) av=(0,0.2512,0)
reseed=0 gear=4 gtmr=1200 in=(255,0,255,0) steer=+1.000 gnd=4.0 sp=3742.95 horiz=3739.72 velH=1.1903 bodyH=1.1164 slip=+0.0739 d=(0.05873,0.16299) av=(0,0.251408,0)
reseed=0 gear=4 gtmr=1150 in=(255,0,255,0) steer=+1.000 gnd=4.0 sp=3746.05 horiz=3742.81 velH=1.1479 bodyH=1.0739 slip=+0.0739 d=(0.06564,0.16049) av=(0,0.25161,0)
reseed=0 gear=4 gtmr=1100 in=(255,0,255,0) steer=+1.000 gnd=4.0 sp=3749.05 horiz=3745.80 velH=1.1054 bodyH=1.0314 slip=+0.0740 d=(0.07245,0.15769) av=(0,0.251806,0)
reseed=0 gear=4 gtmr=1050 in=(255,0,255,0) steer=+1.000 gnd=4.0 sp=3751.94 horiz=3748.69 velH=1.0630 bodyH=0.9889 slip=+0.0741 d=(0.07914,0.15460) av=(0,0.251996,0)
reseed=0 gear=4 gtmr=1000 in=(255,0,255,0) steer=+1.000 gnd=4.0 sp=3754.74 horiz=3751.48 velH=1.0206 bodyH=0.9464 slip=+0.0741 d=(0.08569,0.15122) av=(0,0.25218,0)
reseed=0 gear=4 gtmr=950 in=(255,0,255,0) steer=+1.000 gnd=4.0 sp=3757.44 horiz=3754.17 velH=0.9781 bodyH=0.9039 slip=+0.0742 d=(0.09210,0.14756) av=(0,0.252357,0)
reseed=0 gear=4 gtmr=900 in=(255,0,255,0) steer=+1.000 gnd=4.0 sp=3760.05 horiz=3756.78 velH=0.9357 bodyH=0.8614 slip=+0.0743 d=(0.09834,0.14362) av=(0,0.25253,0)
reseed=0 gear=4 gtmr=850 in=(255,0,255,0) steer=+1.000 gnd=4.0 sp=3762.57 horiz=3759.29 velH=0.8932 bodyH=0.8189 slip=+0.0743 d=(0.10442,0.13941) av=(0,0.252697,0)
reseed=0 gear=4 gtmr=800 in=(255,0,255,0) steer=+1.000 gnd=4.0 sp=3765.01 horiz=3761.72 velH=0.8508 bodyH=0.7764 slip=+0.0744 d=(0.11031,0.13495) av=(0,0.252858,0)
reseed=0 gear=4 gtmr=750 in=(255,0,255,0) steer=+1.000 gnd=4.0 sp=3767.36 horiz=3764.07 velH=0.8084 bodyH=0.7339 slip=+0.0744 d=(0.11601,0.13023) av=(0,0.253015,0)
reseed=0 gear=4 gtmr=700 in=(255,0,255,0) steer=+1.000 gnd=4.0 sp=3769.63 horiz=3766.34 velH=0.7659 bodyH=0.6914 slip=+0.0745 d=(0.12151,0.12527) av=(0,0.253166,0)
reseed=0 gear=4 gtmr=650 in=(255,0,255,0) steer=+1.000 gnd=4.0 sp=3771.83 horiz=3768.53 velH=0.7235 bodyH=0.6489 slip=+0.0746 d=(0.12679,0.12007) av=(0,0.253313,0)
reseed=0 gear=4 gtmr=600 in=(255,0,255,0) steer=+1.000 gnd=4.0 sp=3773.95 horiz=3770.65 velH=0.6810 bodyH=0.6064 slip=+0.0746 d=(0.13185,0.11465) av=(0,0.253454,0)
reseed=0 gear=4 gtmr=550 in=(255,0,255,0) steer=+1.000 gnd=4.0 sp=3776.00 horiz=3772.69 velH=0.6386 bodyH=0.5639 slip=+0.0747 d=(0.13667,0.10901) av=(0,0.253592,0)
reseed=0 gear=4 gtmr=500 in=(255,0,255,0) steer=+1.000 gnd=4.0 sp=3777.98 horiz=3774.66 velH=0.5961 bodyH=0.5214 slip=+0.0747 d=(0.14125,0.10317) av=(0,0.253725,0)
reseed=0 gear=4 gtmr=450 in=(255,0,255,0) steer=+1.000 gnd=4.0 sp=3779.89 horiz=3776.57 velH=0.5537 bodyH=0.4789 slip=+0.0748 d=(0.14558,0.09713) av=(0,0.253853,0)
reseed=0 gear=4 gtmr=400 in=(255,0,255,0) steer=+1.000 gnd=4.0 sp=3781.73 horiz=3778.41 velH=0.5112 bodyH=0.4364 slip=+0.0748 d=(0.14964,0.09091) av=(0,0.253977,0)
reseed=0 gear=4 gtmr=350 in=(255,0,255,0) steer=+1.000 gnd=4.0 sp=3783.52 horiz=3780.19 velH=0.4687 bodyH=0.3939 slip=+0.0748 d=(0.15344,0.08451) av=(0,0.254098,0)
reseed=0 gear=4 gtmr=300 in=(255,0,255,0) steer=+1.000 gnd=4.0 sp=3785.24 horiz=3781.91 velH=0.4263 bodyH=0.3514 slip=+0.0749 d=(0.15696,0.07796) av=(0,0.254214,0)
reseed=0 gear=4 gtmr=250 in=(255,0,255,0) steer=+1.000 gnd=4.0 sp=3786.90 horiz=3783.57 velH=0.3838 bodyH=0.3089 slip=+0.0749 d=(0.16020,0.07126) av=(0,0.254327,0)
reseed=0 gear=4 gtmr=200 in=(255,0,255,0) steer=+1.000 gnd=4.0 sp=3788.51 horiz=3785.17 velH=0.3414 bodyH=0.2664 slip=+0.0750 d=(0.16316,0.06442) av=(0,0.254435,0)
reseed=0 gear=4 gtmr=150 in=(255,0,255,0) steer=+1.000 gnd=4.0 sp=3790.06 horiz=3786.72 velH=0.2989 bodyH=0.2239 slip=+0.0750 d=(0.16581,0.05746) av=(0,0.254541,0)
reseed=0 gear=4 gtmr=100 in=(255,0,255,0) steer=+1.000 gnd=4.0 sp=3791.55 horiz=3788.21 velH=0.2564 bodyH=0.1814 slip=+0.0750 d=(0.16817,0.05039) av=(0,0.254642,0)
reseed=0 gear=4 gtmr=49 in=(255,0,255,0) steer=+1.000 gnd=4.0 sp=3793.00 horiz=3789.65 velH=0.2140 bodyH=0.1389 slip=+0.0751 d=(0.17022,0.04323) av=(0,0.254741,0)
reseed=0 gear=4 gtmr=0 in=(255,0,255,0) steer=+1.000 gnd=4.0 sp=3794.40 horiz=3791.05 velH=0.1715 bodyH=0.0964 slip=+0.0751 d=(0.17197,0.03597) av=(0,0.254836,0)
reseed=0 gear=4 gtmr=0 in=(255,0,255,0) steer=+1.000 gnd=4.0 sp=3795.74 horiz=3792.39 velH=0.1290 bodyH=0.0539 slip=+0.0751 d=(0.17341,0.02865) av=(0,0.254928,0)
reseed=0 gear=4 gtmr=0 in=(255,0,255,0) steer=+1.000 gnd=4.0 sp=3797.05 horiz=3793.69 velH=0.0866 bodyH=0.0114 slip=+0.0752 d=(0.17453,0.02127) av=(0,0.255017,0)
reseed=0 gear=4 gtmr=0 in=(255,0,255,0) steer=+1.000 gnd=4.0 sp=3798.30 horiz=3794.95 velH=0.0441 bodyH=-0.0311 slip=+0.0752 d=(0.17533,0.01385) av=(0,0.255103,0)
reseed=0 gear=4 gtmr=0 in=(255,0,255,0) steer=+1.000 gnd=4.0 sp=3799.52 horiz=3796.16 velH=0.0016 bodyH=-0.0736 slip=+0.0752 d=(0.17582,0.00639) av=(0,0.255186,0)
reseed=0 gear=4 gtmr=0 in=(255,0,255,0) steer=+1.000 gnd=4.0 sp=3800.69 horiz=3797.33 velH=-0.0409 bodyH=-0.1161 slip=+0.0753 d=(0.17599,-0.00108) av=(0,0.255266,0)
reseed=0 gear=4 gtmr=0 in=(255,0,255,0) steer=+1.000 gnd=4.0 sp=3801.82 horiz=3798.45 velH=-0.0833 bodyH=-0.1586 slip=+0.0753 d=(0.17584,-0.00855) av=(0,0.255344,0)
reseed=0 gear=4 gtmr=0 in=(255,0,255,0) steer=+1.000 gnd=4.0 sp=3802.91 horiz=3799.54 velH=-0.1258 bodyH=-0.2011 slip=+0.0753 d=(0.17537,-0.01602) av=(0,0.255419,0)
reseed=0 gear=4 gtmr=0 in=(255,0,255,0) steer=+1.000 gnd=4.0 sp=3803.97 horiz=3800.60 velH=-0.1683 bodyH=-0.2436 slip=+0.0754 d=(0.17458,-0.02345) av=(0,0.255492,0)
reseed=0 gear=4 gtmr=0 in=(255,0,255,0) steer=+1.000 gnd=4.0 sp=3804.98 horiz=3801.61 velH=-0.2108 bodyH=-0.2861 slip=+0.0754 d=(0.17347,-0.03086) av=(0,0.255562,0)
reseed=0 gear=4 gtmr=0 in=(255,0,255,0) steer=+1.000 gnd=4.0 sp=3805.97 horiz=3802.59 velH=-0.2532 bodyH=-0.3286 slip=+0.0754 d=(0.17205,-0.03820) av=(0,0.25563,0)
reseed=0 gear=4 gtmr=0 in=(255,0,255,0) steer=+1.000 gnd=4.0 sp=3806.92 horiz=3803.54 velH=-0.2957 bodyH=-0.3711 slip=+0.0754 d=(0.17032,-0.04549) av=(0,0.255695,0)
reseed=0 gear=4 gtmr=0 in=(255,0,255,0) steer=+1.000 gnd=4.0 sp=3807.83 horiz=3804.45 velH=-0.3382 bodyH=-0.4136 slip=+0.0755 d=(0.16828,-0.05269) av=(0,0.255758,0)
reseed=0 gear=4 gtmr=0 in=(255,0,255,0) steer=+1.000 gnd=4.0 sp=3808.72 horiz=3805.33 velH=-0.3807 bodyH=-0.4561 slip=+0.0755 d=(0.16593,-0.05980) av=(0,0.255819,0)
reseed=0 gear=4 gtmr=0 in=(255,0,255,0) steer=+1.000 gnd=4.0 sp=3809.57 horiz=3806.19 velH=-0.4232 bodyH=-0.4987 slip=+0.0755 d=(0.16327,-0.06681) av=(0,0.255878,0)
reseed=0 gear=4 gtmr=0 in=(255,0,255,0) steer=+1.000 gnd=4.0 sp=3810.39 horiz=3807.01 velH=-0.4656 bodyH=-0.5412 slip=+0.0755 d=(0.16032,-0.07370) av=(0,0.255935,0)
reseed=0 gear=4 gtmr=0 in=(255,0,255,0) steer=+1.000 gnd=4.0 sp=3811.19 horiz=3807.80 velH=-0.5081 bodyH=-0.5837 slip=+0.0755 d=(0.15708,-0.08046) av=(0,0.25599,0)
reseed=0 gear=4 gtmr=0 in=(255,0,255,0) steer=+1.000 gnd=4.0 sp=3811.96 horiz=3808.57 velH=-0.5506 bodyH=-0.6262 slip=+0.0756 d=(0.15356,-0.08708) av=(0,0.256044,0)
reseed=0 gear=4 gtmr=0 in=(255,0,255,0) steer=+1.000 gnd=4.0 sp=3812.70 horiz=3809.31 velH=-0.5931 bodyH=-0.6687 slip=+0.0756 d=(0.14975,-0.09354) av=(0,0.256095,0)
reseed=0 gear=4 gtmr=0 in=(255,0,255,0) steer=+1.000 gnd=4.0 sp=3813.41 horiz=3810.02 velH=-0.6356 bodyH=-0.7112 slip=+0.0756 d=(0.14567,-0.09983) av=(0,0.256145,0)
reseed=0 gear=4 gtmr=0 in=(255,0,255,0) steer=+1.000 gnd=4.0 sp=3814.10 horiz=3810.71 velH=-0.6781 bodyH=-0.7537 slip=+0.0756 d=(0.14132,-0.10595) av=(0,0.256193,0)
reseed=0 gear=4 gtmr=0 in=(255,0,255,0) steer=+1.000 gnd=4.0 sp=3814.77 horiz=3811.38 velH=-0.7205 bodyH=-0.7962 slip=+0.0756 d=(0.13672,-0.11188) av=(0,0.256239,0)
reseed=0 gear=4 gtmr=0 in=(255,0,255,0) steer=+1.000 gnd=4.0 sp=3815.41 horiz=3812.02 velH=-0.7630 bodyH=-0.8387 slip=+0.0756 d=(0.13187,-0.11760) av=(0,0.256284,0)
reseed=0 gear=4 gtmr=0 in=(255,0,255,0) steer=+1.000 gnd=4.0 sp=3816.04 horiz=3812.64 velH=-0.8055 bodyH=-0.8812 slip=+0.0757 d=(0.12678,-0.12312) av=(0,0.256327,0)
reseed=0 gear=4 gtmr=0 in=(255,0,255,0) steer=+1.000 gnd=4.0 sp=3816.64 horiz=3813.24 velH=-0.8480 bodyH=-0.9237 slip=+0.0757 d=(0.12145,-0.12841) av=(0,0.256369,0)
reseed=0 gear=4 gtmr=0 in=(255,0,255,0) steer=+1.000 gnd=4.0 sp=3817.21 horiz=3813.81 velH=-0.8905 bodyH=-0.9662 slip=+0.0757 d=(0.11591,-0.13348) av=(0,0.256409,0)
reseed=0 gear=4 gtmr=0 in=(255,0,255,0) steer=+1.000 gnd=4.0 sp=3817.77 horiz=3814.37 velH=-0.9330 bodyH=-1.0087 slip=+0.0757 d=(0.11015,-0.13830) av=(0,0.256448,0)
reseed=0 gear=4 gtmr=0 in=(255,0,255,0) steer=+1.000 gnd=4.0 sp=3818.31 horiz=3814.91 velH=-0.9755 bodyH=-1.0512 slip=+0.0757 d=(0.10419,-0.14288) av=(0,0.256486,0)
reseed=0 gear=4 gtmr=0 in=(255,0,255,0) steer=+1.000 gnd=4.0 sp=3818.83 horiz=3815.43 velH=-1.0179 bodyH=-1.0937 slip=+0.0757 d=(0.09804,-0.14719) av=(0,0.256522,0)
reseed=0 gear=4 gtmr=0 in=(255,0,255,0) steer=+1.000 gnd=4.0 sp=3819.34 horiz=3815.93 velH=-1.0604 bodyH=-1.1362 slip=+0.0757 d=(0.09171,-0.15124) av=(0,0.256557,0)
reseed=0 gear=4 gtmr=0 in=(255,0,255,0) steer=+1.000 gnd=4.0 sp=3819.82 horiz=3816.42 velH=-1.1029 bodyH=-1.1787 slip=+0.0758 d=(0.08522,-0.15502) av=(0,0.256591,0)
reseed=1 gear=4 gtmr=0 in=(255,0,255,0) steer=+1.000 gnd=4.0 sp=1959.76 horiz=1959.59 velH=1.6978 bodyH=1.6784 slip=+0.0194 d=(-0.01295,0.08815) av=(0,0.228034,0)
reseed=0 gear=4 gtmr=0 in=(255,0,255,0) steer=+1.000 gnd=4.0 sp=2007.80 horiz=2007.38 velH=1.6663 bodyH=1.6359 slip=+0.0305 d=(-0.01103,0.09071) av=(0,0.203689,0)
reseed=0 gear=4 gtmr=0 in=(255,0,255,0) steer=+1.000 gnd=4.0 sp=2054.17 horiz=2053.54 velH=1.6304 bodyH=1.5934 slip=+0.0371 d=(-0.00829,0.09321) av=(0,0.193394,0)
reseed=0 gear=4 gtmr=0 in=(255,0,255,0) steer=+1.000 gnd=4.0 sp=2099.18 horiz=2098.40 velH=1.5920 bodyH=1.5509 slip=+0.0411 d=(-0.00500,0.09558) av=(0,0.187564,0)
reseed=0 gear=4 gtmr=0 in=(255,0,255,0) steer=+1.000 gnd=4.0 sp=2143.05 horiz=2142.16 velH=1.5521 bodyH=1.5084 slip=+0.0438 d=(-0.00133,0.09776) av=(0,0.185579,0)
reseed=0 gear=4 gtmr=0 in=(255,0,255,0) steer=+1.000 gnd=4.0 sp=2185.95 horiz=2184.98 velH=1.5114 bodyH=1.4659 slip=+0.0456 d=(0.00264,0.09976) av=(0,0.185422,0)
reseed=0 gear=4 gtmr=0 in=(255,0,255,0) steer=+1.000 gnd=4.0 sp=2227.98 horiz=2226.93 velH=1.4702 bodyH=1.4234 slip=+0.0469 d=(0.00684,0.10154) av=(0,0.186117,0)
reseed=0 gear=4 gtmr=0 in=(255,0,255,0) steer=+1.000 gnd=4.0 sp=2269.18 horiz=2268.08 velH=1.4287 bodyH=1.3809 slip=+0.0479 d=(0.01123,0.10309) av=(0,0.187196,0)
reseed=0 gear=4 gtmr=0 in=(255,0,255,0) steer=+1.000 gnd=4.0 sp=2309.59 horiz=2308.44 velH=1.3870 bodyH=1.3383 slip=+0.0487 d=(0.01578,0.10442) av=(0,0.188435,0)
reseed=0 gear=4 gtmr=0 in=(255,0,255,0) steer=+1.000 gnd=4.0 sp=2349.24 horiz=2348.05 velH=1.3453 bodyH=1.2958 slip=+0.0494 d=(0.02047,0.10550) av=(0,0.189729,0)
reseed=0 gear=4 gtmr=0 in=(255,0,255,0) steer=+1.000 gnd=4.0 sp=2388.15 horiz=2386.90 velH=1.3034 bodyH=1.2533 slip=+0.0501 d=(0.02528,0.10633) av=(0,0.191034,0)
reseed=1 gear=4 gtmr=0 in=(255,0,255,0) steer=+1.000 gnd=4.0 sp=1250.03 horiz=1249.99 velH=1.7177 bodyH=1.7072 slip=+0.0106 d=(-0.00923,0.05523) av=(0,0.165402,0)
reseed=0 gear=4 gtmr=0 in=(255,0,255,0) steer=+1.000 gnd=4.0 sp=1305.23 horiz=1305.13 velH=1.6888 bodyH=1.6713 slip=+0.0175 d=(-0.00822,0.05799) av=(0,0.162988,0)
reseed=0 gear=4 gtmr=0 in=(255,0,255,0) steer=+1.000 gnd=4.0 sp=1359.69 horiz=1359.53 velH=1.6564 bodyH=1.6340 slip=+0.0224 d=(-0.00679,0.06074) av=(0,0.163235,0)
reseed=0 gear=4 gtmr=0 in=(255,0,255,0) steer=+1.000 gnd=4.0 sp=1413.42 horiz=1413.18 velH=1.6215 bodyH=1.5951 slip=+0.0265 d=(-0.00499,0.06344) av=(0,0.164859,0)
reseed=0 gear=4 gtmr=0 in=(255,0,255,0) steer=+1.000 gnd=4.0 sp=1466.39 horiz=1466.08 velH=1.5846 bodyH=1.5546 slip=+0.0299 d=(-0.00286,0.06605) av=(0,0.167246,0)
reseed=0 gear=4 gtmr=0 in=(255,0,255,0) steer=+1.000 gnd=4.0 sp=1518.58 horiz=1518.19 velH=1.5458 bodyH=1.5127 slip=+0.0331 d=(-0.00041,0.06856) av=(0,0.16769,0)
reseed=0 gear=4 gtmr=0 in=(255,0,255,0) steer=+1.000 gnd=4.0 sp=1570.00 horiz=1569.54 velH=1.5058 bodyH=1.4702 slip=+0.0356 d=(0.00234,0.07093) av=(0,0.169228,0)
reseed=0 gear=4 gtmr=0 in=(255,0,255,0) steer=+1.000 gnd=4.0 sp=1620.71 horiz=1620.19 velH=1.4650 bodyH=1.4277 slip=+0.0373 d=(0.00535,0.07314) av=(0,0.169079,0)
reseed=0 gear=4 gtmr=0 in=(255,0,255,0) steer=+1.000 gnd=4.0 sp=1670.76 horiz=1670.18 velH=1.4239 bodyH=1.3852 slip=+0.0387 d=(0.00860,0.07519) av=(0,0.169819,0)
reseed=0 gear=0 gtmr=-2950 in=(0,255,255,0) steer=-1.000 gnd=4.0 sp=12.72 horiz=12.72 velH=1.3853 bodyH=1.3853 slip=+0.0000 d=(0.00003,0.00015) av=(0,4.75072e-08,0)
reseed=0 gear=0 gtmr=-2900 in=(0,255,255,0) steer=-1.000 gnd=4.0 sp=25.92 horiz=25.92 velH=1.3858 bodyH=1.3857 slip=+0.0000 d=(0.00014,0.00073) av=(0,9.38317e-07,0)
reseed=0 gear=0 gtmr=-2850 in=(0,255,255,0) steer=-1.000 gnd=4.0 sp=39.87 horiz=39.87 velH=1.3866 bodyH=1.3866 slip=+0.0000 d=(0.00025,0.00134) av=(0,5.72436e-06,0)
reseed=0 gear=0 gtmr=-2800 in=(0,255,255,0) steer=-1.000 gnd=4.0 sp=54.60 horiz=54.60 velH=1.3879 bodyH=1.3878 slip=+0.0001 d=(0.00037,0.00198) av=(0,2.05537e-05,0)
reseed=0 gear=0 gtmr=-2750 in=(0,255,255,0) steer=-1.000 gnd=4.0 sp=70.15 horiz=70.15 velH=1.3897 bodyH=1.3895 slip=+0.0003 d=(0.00049,0.00266) av=(0,5.51275e-05,0)
reseed=0 gear=0 gtmr=-2700 in=(0,255,255,0) steer=-1.000 gnd=4.0 sp=86.58 horiz=86.58 velH=1.3921 bodyH=1.3916 slip=+0.0005 d=(0.00061,0.00338) av=(0,0.000121523,0)
reseed=0 gear=0 gtmr=-2650 in=(0,255,255,0) steer=-1.000 gnd=4.0 sp=103.91 horiz=103.91 velH=1.3951 bodyH=1.3941 slip=+0.0010 d=(0.00074,0.00415) av=(0,0.000229037,0)
reseed=0 gear=0 gtmr=-2600 in=(0,255,255,0) steer=-1.000 gnd=4.0 sp=122.21 horiz=122.20 velH=1.3990 bodyH=1.3972 slip=+0.0018 d=(0.00086,0.00495) av=(0,0.000370208,0)
reseed=0 gear=0 gtmr=-2550 in=(0,255,255,0) steer=-1.000 gnd=4.0 sp=141.50 horiz=141.50 velH=1.4040 bodyH=1.4008 slip=+0.0032 d=(0.00099,0.00580) av=(0,0.000489073,0)
reseed=0 gear=0 gtmr=-2500 in=(0,255,255,0) steer=-1.000 gnd=4.0 sp=161.86 horiz=161.85 velH=1.4104 bodyH=1.4050 slip=+0.0054 d=(0.00110,0.00670) av=(0,0.000414188,0)
reseed=0 gear=0 gtmr=-2450 in=(0,255,255,0) steer=-1.000 gnd=4.0 sp=183.34 horiz=183.33 velH=1.4190 bodyH=1.4097 slip=+0.0093 d=(0.00121,0.00765) av=(0,-0.000207172,0)
reseed=0 gear=0 gtmr=-2400 in=(0,255,255,0) steer=-1.000 gnd=4.0 sp=206.04 horiz=206.02 velH=1.4315 bodyH=1.4151 slip=+0.0164 d=(0.00128,0.00866) av=(0,-0.000791078,0)
reseed=0 gear=0 gtmr=-2350 in=(0,255,255,0) steer=-1.000 gnd=4.0 sp=230.06 horiz=230.04 velH=1.4507 bodyH=1.4211 slip=+0.0297 d=(0.00131,0.00973) av=(0,-0.00123048,0)
reseed=0 gear=0 gtmr=-2300 in=(0,255,255,0) steer=-1.000 gnd=4.0 sp=255.39 horiz=255.33 velH=1.4561 bodyH=1.4278 slip=+0.0283 d=(0.00127,0.01088) av=(0,-0.0050271,0)
reseed=0 gear=0 gtmr=-2250 in=(0,255,255,0) steer=-1.000 gnd=4.0 sp=281.47 horiz=281.41 velH=1.4614 bodyH=1.4352 slip=+0.0262 d=(0.00135,0.01206) av=(0,-0.00836617,0)
reseed=0 gear=0 gtmr=-2200 in=(0,255,255,0) steer=-1.000 gnd=4.0 sp=307.63 horiz=307.58 velH=1.4669 bodyH=1.4433 slip=+0.0235 d=(0.00142,0.01327) av=(0,-0.012788,0)
reseed=0 gear=0 gtmr=-2150 in=(0,255,255,0) steer=-1.000 gnd=4.0 sp=333.88 horiz=333.84 velH=1.4731 bodyH=1.4523 slip=+0.0208 d=(0.00147,0.01449) av=(0,-0.017514,0)
reseed=0 gear=0 gtmr=-2100 in=(0,255,255,0) steer=-1.000 gnd=4.0 sp=360.19 horiz=360.16 velH=1.4801 bodyH=1.4619 slip=+0.0182 d=(0.00149,0.01571) av=(0,-0.0215591,0)
reseed=0 gear=0 gtmr=-2050 in=(0,255,255,0) steer=-1.000 gnd=4.0 sp=386.56 horiz=386.54 velH=1.4880 bodyH=1.4723 slip=+0.0157 d=(0.00149,0.01693) av=(0,-0.0254443,0)
reseed=0 gear=0 gtmr=-2000 in=(0,255,255,0) steer=-1.000 gnd=4.0 sp=412.99 horiz=412.97 velH=1.4968 bodyH=1.4834 slip=+0.0134 d=(0.00145,0.01816) av=(0,-0.0293491,0)
reseed=0 gear=0 gtmr=-1950 in=(0,255,255,0) steer=-1.000 gnd=4.0 sp=439.47 horiz=439.45 velH=1.5066 bodyH=1.4953 slip=+0.0112 d=(0.00137,0.01940) av=(0,-0.0333328,0)
reseed=0 gear=0 gtmr=-1900 in=(0,255,255,0) steer=-1.000 gnd=4.0 sp=465.98 horiz=465.97 velH=1.5172 bodyH=1.5080 slip=+0.0092 d=(0.00126,0.02064) av=(0,-0.0374136,0)
reseed=0 gear=0 gtmr=-1850 in=(0,255,255,0) steer=-1.000 gnd=4.0 sp=492.52 horiz=492.52 velH=1.5286 bodyH=1.5214 slip=+0.0073 d=(0.00110,0.02188) av=(0,-0.0415836,0)
reseed=0 gear=0 gtmr=-1800 in=(0,255,255,0) steer=-1.000 gnd=4.0 sp=519.09 horiz=519.08 velH=1.5410 bodyH=1.5355 slip=+0.0055 d=(0.00089,0.02312) av=(0,-0.0458223,0)
reseed=0 gear=0 gtmr=-1750 in=(0,255,255,0) steer=-1.000 gnd=4.0 sp=545.66 horiz=545.66 velH=1.5541 bodyH=1.5504 slip=+0.0037 d=(0.00064,0.02436) av=(0,-0.0501177,0)
reseed=0 gear=0 gtmr=-1700 in=(0,255,255,0) steer=-1.000 gnd=4.0 sp=572.24 horiz=572.24 velH=1.5681 bodyH=1.5661 slip=+0.0020 d=(0.00033,0.02560) av=(0,-0.0544586,0)
reseed=0 gear=0 gtmr=-1650 in=(0,255,255,0) steer=-1.000 gnd=4.0 sp=598.82 horiz=598.82 velH=1.5829 bodyH=1.5825 slip=+0.0004 d=(-0.00003,0.02683) av=(0,-0.0588365,0)
reseed=0 gear=0 gtmr=-1600 in=(0,255,255,0) steer=-1.000 gnd=4.0 sp=625.38 horiz=625.38 velH=1.5985 bodyH=1.5996 slip=-0.0011 d=(-0.00045,0.02806) av=(0,-0.0632444,0)
reseed=0 gear=0 gtmr=-1550 in=(0,255,255,0) steer=-1.000 gnd=4.0 sp=651.92 horiz=651.92 velH=1.6149 bodyH=1.6175 slip=-0.0026 d=(-0.00093,0.02928) av=(0,-0.0676759,0)
reseed=0 gear=0 gtmr=-1500 in=(0,255,255,0) steer=-1.000 gnd=4.0 sp=678.42 horiz=678.42 velH=1.6321 bodyH=1.6362 slip=-0.0041 d=(-0.00147,0.03049) av=(0,-0.0721252,0)
reseed=0 gear=0 gtmr=-1450 in=(0,255,255,0) steer=-1.000 gnd=4.0 sp=704.89 horiz=704.88 velH=1.6501 bodyH=1.6556 slip=-0.0055 d=(-0.00208,0.03168) av=(0,-0.0765864,0)
reseed=0 gear=0 gtmr=-1400 in=(0,255,255,0) steer=-1.000 gnd=4.0 sp=731.30 horiz=731.29 velH=1.6688 bodyH=1.6758 slip=-0.0070 d=(-0.00275,0.03286) av=(0,-0.0810536,0)
reseed=0 gear=0 gtmr=-1350 in=(0,255,255,0) steer=-1.000 gnd=4.0 sp=757.65 horiz=757.64 velH=1.6883 bodyH=1.6967 slip=-0.0083 d=(-0.00349,0.03402) av=(0,-0.0855209,0)
reseed=0 gear=0 gtmr=-1300 in=(0,255,255,0) steer=-1.000 gnd=4.0 sp=783.94 horiz=783.92 velH=1.7086 bodyH=1.7183 slip=-0.0097 d=(-0.00431,0.03516) av=(0,-0.089982,0)
reseed=0 gear=0 gtmr=-1250 in=(0,255,255,0) steer=-1.000 gnd=4.0 sp=810.14 horiz=810.11 velH=1.7297 bodyH=1.7407 slip=-0.0110 d=(-0.00520,0.03626) av=(0,-0.0944303,0)
reseed=0 gear=0 gtmr=-1200 in=(0,255,255,0) steer=-1.000 gnd=4.0 sp=836.25 horiz=836.22 velH=1.7515 bodyH=1.7639 slip=-0.0124 d=(-0.00616,0.03734) av=(0,-0.0988592,0)
reseed=0 gear=0 gtmr=-1150 in=(0,255,255,0) steer=-1.000 gnd=4.0 sp=862.27 horiz=862.22 velH=1.7741 bodyH=1.7878 slip=-0.0137 d=(-0.00720,0.03839) av=(0,-0.103262,0)
reseed=0 gear=0 gtmr=-1100 in=(0,255,255,0) steer=-1.000 gnd=4.0 sp=888.17 horiz=888.12 velH=1.7974 bodyH=1.8124 slip=-0.0150 d=(-0.00832,0.03939) av=(0,-0.107631,0)
reseed=0 gear=0 gtmr=-1050 in=(0,255,255,0) steer=-1.000 gnd=4.0 sp=913.96 horiz=913.90 velH=1.8215 bodyH=1.8377 slip=-0.0163 d=(-0.00952,0.04035) av=(0,-0.111959,0)
reseed=0 gear=0 gtmr=-1000 in=(0,255,255,0) steer=-1.000 gnd=4.0 sp=939.62 horiz=939.54 velH=1.8463 bodyH=1.8638 slip=-0.0176 d=(-0.01079,0.04127) av=(0,-0.116241,0)
reseed=0 gear=0 gtmr=-950 in=(0,255,255,0) steer=-1.000 gnd=4.0 sp=965.14 horiz=965.05 velH=1.8718 bodyH=1.8906 slip=-0.0188 d=(-0.01214,0.04213) av=(0,-0.120468,0)
reseed=0 gear=0 gtmr=-900 in=(0,255,255,0) steer=-1.000 gnd=4.0 sp=990.51 horiz=990.41 velH=1.8980 bodyH=1.9182 slip=-0.0201 d=(-0.01357,0.04293) av=(0,-0.124637,0)
reseed=0 gear=0 gtmr=-850 in=(0,255,255,0) steer=-1.000 gnd=4.0 sp=1015.72 horiz=1015.60 velH=1.9250 bodyH=1.9464 slip=-0.0214 d=(-0.01508,0.04366) av=(0,-0.128742,0)
reseed=0 gear=0 gtmr=-800 in=(0,255,255,0) steer=-1.000 gnd=4.0 sp=1040.77 horiz=1040.63 velH=1.9527 bodyH=1.9754 slip=-0.0227 d=(-0.01667,0.04433) av=(0,-0.132549,0)
reseed=0 gear=0 gtmr=-750 in=(0,255,255,0) steer=-1.000 gnd=4.0 sp=1065.64 horiz=1065.49 velH=1.9811 bodyH=2.0050 slip=-0.0239 d=(-0.01834,0.04492) av=(0,-0.135128,0)
reseed=0 gear=0 gtmr=-700 in=(0,255,255,0) steer=-1.000 gnd=4.0 sp=1090.33 horiz=1090.16 velH=2.0103 bodyH=2.0354 slip=-0.0251 d=(-0.02007,0.04543) av=(0,-0.13667,0)
reseed=0 gear=0 gtmr=-650 in=(0,255,255,0) steer=-1.000 gnd=4.0 sp=1114.82 horiz=1114.63 velH=2.0401 bodyH=2.0665 slip=-0.0264 d=(-0.02189,0.04586) av=(0,-0.137858,0)
reseed=0 gear=0 gtmr=-600 in=(0,255,255,0) steer=-1.000 gnd=4.0 sp=1139.12 horiz=1138.90 velH=2.0707 bodyH=2.0983 slip=-0.0276 d=(-0.02377,0.04619) av=(0,-0.138871,0)
reseed=0 gear=0 gtmr=-550 in=(0,255,255,0) steer=-1.000 gnd=4.0 sp=1163.20 horiz=1162.96 velH=2.1019 bodyH=2.1307 slip=-0.0288 d=(-0.02572,0.04642) av=(0,-0.139803,0)
reseed=0 gear=0 gtmr=-500 in=(0,255,255,0) steer=-1.000 gnd=4.0 sp=1187.06 horiz=1186.80 velH=2.1339 bodyH=2.1638 slip=-0.0300 d=(-0.02773,0.04655) av=(0,-0.140704,0)
reseed=0 gear=0 gtmr=-450 in=(0,255,255,0) steer=-1.000 gnd=4.0 sp=1210.70 horiz=1210.41 velH=2.1665 bodyH=2.1976 slip=-0.0312 d=(-0.02980,0.04656) av=(0,-0.141602,0)
reseed=0 gear=0 gtmr=-400 in=(0,255,255,0) steer=-1.000 gnd=4.0 sp=1234.09 horiz=1233.78 velH=2.1998 bodyH=2.2321 slip=-0.0324 d=(-0.03192,0.04646) av=(0,-0.14251,0)
reseed=0 gear=0 gtmr=-350 in=(0,255,255,0) steer=-1.000 gnd=4.0 sp=1257.25 horiz=1256.90 velH=2.2337 bodyH=2.2673 slip=-0.0336 d=(-0.03410,0.04624) av=(0,-0.143436,0)
reseed=0 gear=0 gtmr=-300 in=(0,255,255,0) steer=-1.000 gnd=4.0 sp=1280.15 horiz=1279.77 velH=2.2683 bodyH=2.3031 slip=-0.0347 d=(-0.03632,0.04589) av=(0,-0.143187,0)
reseed=0 gear=0 gtmr=-250 in=(0,255,255,0) steer=-1.000 gnd=4.0 sp=1302.78 horiz=1302.38 velH=2.3036 bodyH=2.3395 slip=-0.0359 d=(-0.03857,0.04541) av=(0,-0.143493,0)
reseed=0 gear=0 gtmr=-200 in=(0,255,255,0) steer=-1.000 gnd=4.0 sp=1325.15 horiz=1324.71 velH=2.3395 bodyH=2.3766 slip=-0.0370 d=(-0.04086,0.04479) av=(0,-0.144094,0)
reseed=0 gear=0 gtmr=-150 in=(0,255,255,0) steer=-1.000 gnd=4.0 sp=1347.25 horiz=1346.78 velH=2.3761 bodyH=2.4143 slip=-0.0382 d=(-0.04317,0.04402) av=(0,-0.144851,0)
reseed=0 gear=0 gtmr=-100 in=(0,255,255,0) steer=-1.000 gnd=4.0 sp=1369.06 horiz=1368.55 velH=2.4133 bodyH=2.4526 slip=-0.0393 d=(-0.04549,0.04311) av=(0,-0.144708,0)
reseed=0 gear=0 gtmr=-49 in=(0,255,255,0) steer=-1.000 gnd=4.0 sp=1390.58 horiz=1390.04 velH=2.4511 bodyH=2.4916 slip=-0.0405 d=(-0.04783,0.04205) av=(0,-0.145046,0)
reseed=0 gear=1 gtmr=3000 in=(0,255,255,0) steer=-1.000 gnd=4.0 sp=1411.81 horiz=1411.23 velH=2.4895 bodyH=2.5311 slip=-0.0416 d=(-0.05016,0.04083) av=(0,-0.145635,0)
reseed=0 gear=1 gtmr=2950 in=(0,255,255,0) steer=-1.000 gnd=4.0 sp=1441.12 horiz=1440.53 velH=2.5299 bodyH=2.5714 slip=-0.0414 d=(-0.05257,0.03950) av=(0,-0.146732,0)
reseed=0 gear=1 gtmr=2900 in=(0,255,255,0) steer=-1.000 gnd=4.0 sp=1470.15 horiz=1469.53 velH=2.5704 bodyH=2.6124 slip=-0.0420 d=(-0.05523,0.03811) av=(0,-0.147645,0)
reseed=0 gear=1 gtmr=2850 in=(0,255,255,0) steer=-1.000 gnd=4.0 sp=1498.83 horiz=1498.17 velH=2.6112 bodyH=2.6543 slip=-0.0431 d=(-0.05787,0.03656) av=(0,-0.148562,0)
reseed=0 gear=1 gtmr=2800 in=(0,255,255,0) steer=-1.000 gnd=4.0 sp=1527.11 horiz=1526.41 velH=2.6526 bodyH=2.6968 slip=-0.0442 d=(-0.06046,0.03482) av=(0,-0.149521,0)
reseed=0 gear=1 gtmr=2750 in=(0,255,255,0) steer=-1.000 gnd=4.0 sp=1555.02 horiz=1554.28 velH=2.6942 bodyH=2.7393 slip=-0.0450 d=(-0.06301,0.03290) av=(0,-0.150445,0)
reseed=0 gear=1 gtmr=2700 in=(0,255,255,0) steer=-1.000 gnd=4.0 sp=1582.57 horiz=1581.81 velH=2.7361 bodyH=2.7818 slip=-0.0456 d=(-0.06549,0.03079) av=(0,-0.151305,0)
reseed=0 gear=1 gtmr=2650 in=(0,255,255,0) steer=-1.000 gnd=4.0 sp=1609.79 horiz=1608.99 velH=2.7781 bodyH=2.8243 slip=-0.0462 d=(-0.06789,0.02851) av=(0,-0.152106,0)
reseed=0 gear=1 gtmr=2600 in=(0,255,255,0) steer=-1.000 gnd=4.0 sp=1636.67 horiz=1635.85 velH=2.8201 bodyH=2.8668 slip=-0.0466 d=(-0.07021,0.02607) av=(0,-0.152859,0)
reseed=0 gear=1 gtmr=2550 in=(0,255,255,0) steer=-1.000 gnd=4.0 sp=1663.23 horiz=1662.38 velH=2.8622 bodyH=2.9093 slip=-0.0471 d=(-0.07242,0.02348) av=(0,-0.153576,0)
reseed=0 gear=1 gtmr=2500 in=(0,255,255,0) steer=-1.000 gnd=4.0 sp=1689.45 horiz=1688.58 velH=2.9043 bodyH=2.9518 slip=-0.0474 d=(-0.07453,0.02075) av=(0,-0.154269,0)
reseed=0 gear=1 gtmr=2450 in=(0,255,255,0) steer=-1.000 gnd=4.0 sp=1715.35 horiz=1714.46 velH=2.9465 bodyH=2.9943 slip=-0.0478 d=(-0.07651,0.01787) av=(0,-0.154942,0)
reseed=0 gear=1 gtmr=2400 in=(0,255,255,0) steer=-1.000 gnd=4.0 sp=1740.92 horiz=1740.01 velH=2.9886 bodyH=3.0368 slip=-0.0482 d=(-0.07837,0.01485) av=(0,-0.155603,0)
reseed=0 gear=1 gtmr=2350 in=(0,255,255,0) steer=-1.000 gnd=4.0 sp=1766.16 horiz=1765.22 velH=3.0307 bodyH=3.0793 slip=-0.0485 d=(-0.08010,0.01171) av=(0,-0.156253,0)
reseed=0 gear=1 gtmr=2300 in=(0,255,255,0) steer=-1.000 gnd=4.0 sp=1791.07 horiz=1790.11 velH=3.0729 bodyH=3.1218 slip=-0.0489 d=(-0.08168,0.00844) av=(0,-0.156895,0)
reseed=0 gear=1 gtmr=2250 in=(0,255,255,0) steer=-1.000 gnd=4.0 sp=1815.65 horiz=1814.66 velH=3.1151 bodyH=-3.1189 slip=-0.0492 d=(-0.08311,0.00506) av=(0,-0.157531,0)
reseed=0 gear=1 gtmr=2200 in=(0,255,255,0) steer=-1.000 gnd=4.0 sp=1839.89 horiz=1838.88 velH=-3.1260 bodyH=-3.0764 slip=-0.0496 d=(-0.08438,0.00158) av=(0,-0.15816,0)
reseed=0 gear=1 gtmr=2150 in=(0,255,255,0) steer=-1.000 gnd=4.0 sp=1863.80 horiz=1862.76 velH=-3.0838 bodyH=-3.0339 slip=-0.0499 d=(-0.08549,-0.00201) av=(0,-0.158783,0)
reseed=0 gear=1 gtmr=2100 in=(0,255,255,0) steer=-1.000 gnd=4.0 sp=1887.37 horiz=1886.31 velH=-3.0416 bodyH=-2.9914 slip=-0.0502 d=(-0.08643,-0.00568) av=(0,-0.159401,0)
reseed=0 gear=1 gtmr=2050 in=(0,255,255,0) steer=-1.000 gnd=4.0 sp=1910.60 horiz=1909.53 velH=-2.9994 bodyH=-2.9489 slip=-0.0505 d=(-0.08720,-0.00944) av=(0,-0.160014,0)
reseed=0 gear=1 gtmr=2000 in=(0,255,255,0) steer=-1.000 gnd=4.0 sp=1933.51 horiz=1932.41 velH=-2.9572 bodyH=-2.9064 slip=-0.0508 d=(-0.08778,-0.01327) av=(0,-0.160622,0)
reseed=0 gear=1 gtmr=1950 in=(0,255,255,0) steer=-1.000 gnd=4.0 sp=1956.07 horiz=1954.95 velH=-2.9150 bodyH=-2.8639 slip=-0.0511 d=(-0.08818,-0.01716) av=(0,-0.161224,0)
reseed=0 gear=1 gtmr=1900 in=(0,255,255,0) steer=-1.000 gnd=4.0 sp=1978.30 horiz=1977.15 velH=-2.8728 bodyH=-2.8214 slip=-0.0514 d=(-0.08839,-0.02110) av=(0,-0.161821,0)
reseed=0 gear=1 gtmr=1850 in=(0,255,255,0) steer=-1.000 gnd=4.0 sp=2000.19 horiz=1999.03 velH=-2.8306 bodyH=-2.7789 slip=-0.0517 d=(-0.08841,-0.02509) av=(0,-0.162413,0)
reseed=0 gear=1 gtmr=1800 in=(0,255,255,0) steer=-1.000 gnd=4.0 sp=2021.75 horiz=2020.56 velH=-2.7884 bodyH=-2.7364 slip=-0.0520 d=(-0.08823,-0.02912) av=(0,-0.162999,0)
reseed=0 gear=1 gtmr=1750 in=(0,255,255,0) steer=-1.000 gnd=4.0 sp=2042.98 horiz=2041.77 velH=-2.7462 bodyH=-2.6939 slip=-0.0523 d=(-0.08786,-0.03317) av=(0,-0.16358,0)
reseed=0 gear=1 gtmr=1700 in=(0,255,255,0) steer=-1.000 gnd=4.0 sp=2063.87 horiz=2062.64 velH=-2.7040 bodyH=-2.6514 slip=-0.0526 d=(-0.08728,-0.03723) av=(0,-0.164156,0)
reseed=0 gear=1 gtmr=1650 in=(0,255,255,0) steer=-1.000 gnd=4.0 sp=2084.43 horiz=2083.17 velH=-2.6617 bodyH=-2.6089 slip=-0.0529 d=(-0.08650,-0.04129) av=(0,-0.164726,0)
reseed=0 gear=1 gtmr=1600 in=(0,255,255,0) steer=-1.000 gnd=4.0 sp=2104.66 horiz=2103.38 velH=-2.6195 bodyH=-2.5664 slip=-0.0531 d=(-0.08552,-0.04535) av=(0,-0.16529,0)
reseed=0 gear=1 gtmr=1550 in=(0,255,255,0) steer=-1.000 gnd=4.0 sp=2124.56 horiz=2123.26 velH=-2.5773 bodyH=-2.5239 slip=-0.0534 d=(-0.08433,-0.04939) av=(0,-0.165849,0)
reseed=0 gear=1 gtmr=1500 in=(0,255,255,0) steer=-1.000 gnd=4.0 sp=2144.13 horiz=2142.81 velH=-2.5350 bodyH=-2.4814 slip=-0.0537 d=(-0.08294,-0.05341) av=(0,-0.166402,0)
reseed=0 gear=1 gtmr=1450 in=(0,255,255,0) steer=-1.000 gnd=4.0 sp=2163.37 horiz=2162.04 velH=-2.4928 bodyH=-2.4389 slip=-0.0539 d=(-0.08135,-0.05738) av=(0,-0.166949,0)
reseed=0 gear=1 gtmr=1400 in=(0,255,255,0) steer=-1.000 gnd=4.0 sp=2182.30 horiz=2180.94 velH=-2.4506 bodyH=-2.3964 slip=-0.0542 d=(-0.07956,-0.06131) av=(0,-0.16749,0)
reseed=0 gear=1 gtmr=1350 in=(0,255,255,0) steer=-1.000 gnd=4.0 sp=2200.90 horiz=2199.52 velH=-2.4083 bodyH=-2.3539 slip=-0.0544 d=(-0.07757,-0.06517) av=(0,-0.168025,0)
reseed=0 gear=1 gtmr=1300 in=(0,255,255,0) steer=-1.000 gnd=4.0 sp=2219.18 horiz=2217.78 velH=-2.3661 bodyH=-2.3114 slip=-0.0547 d=(-0.07538,-0.06897) av=(0,-0.168555,0)
reseed=0 gear=1 gtmr=1250 in=(0,255,255,0) steer=-1.000 gnd=4.0 sp=2237.14 horiz=2235.72 velH=-2.3238 bodyH=-2.2689 slip=-0.0549 d=(-0.07300,-0.07269) av=(0,-0.169078,0)
reseed=0 gear=1 gtmr=1200 in=(0,255,255,0) steer=-1.000 gnd=4.0 sp=2254.79 horiz=2253.35 velH=-2.2815 bodyH=-2.2264 slip=-0.0552 d=(-0.07042,-0.07631) av=(0,-0.169595,0)
reseed=0 gear=1 gtmr=1150 in=(0,255,255,0) steer=-1.000 gnd=4.0 sp=2272.12 horiz=2270.67 velH=-2.2393 bodyH=-2.1839 slip=-0.0554 d=(-0.06766,-0.07984) av=(0,-0.170107,0)
reseed=0 gear=1 gtmr=1100 in=(0,255,255,0) steer=-1.000 gnd=4.0 sp=2289.15 horiz=2287.67 velH=-2.1970 bodyH=-2.1414 slip=-0.0557 d=(-0.06472,-0.08326) av=(0,-0.170612,0)
reseed=0 gear=1 gtmr=1050 in=(0,255,255,0) steer=-1.000 gnd=4.0 sp=2305.87 horiz=2304.37 velH=-2.1547 bodyH=-2.0989 slip=-0.0559 d=(-0.06160,-0.08656) av=(0,-0.171111,0)
reseed=0 gear=1 gtmr=1000 in=(0,255,255,0) steer=-1.000 gnd=4.0 sp=2322.28 horiz=2320.77 velH=-2.1125 bodyH=-2.0563 slip=-0.0561 d=(-0.05830,-0.08973) av=(0,-0.171604,0)
reseed=0 gear=1 gtmr=950 in=(0,255,255,0) steer=-1.000 gnd=4.0 sp=2338.39 horiz=2336.86 velH=-2.0702 bodyH=-2.0138 slip=-0.0563 d=(-0.05485,-0.09276) av=(0,-0.17209,0)
reseed=0 gear=1 gtmr=900 in=(0,255,255,0) steer=-1.000 gnd=4.0 sp=2354.21 horiz=2352.66 velH=-2.0279 bodyH=-1.9713 slip=-0.0566 d=(-0.05123,-0.09565) av=(0,-0.17257,0)
reseed=0 gear=1 gtmr=850 in=(0,255,255,0) steer=-1.000 gnd=4.0 sp=2369.73 horiz=2368.16 velH=-1.9856 bodyH=-1.9288 slip=-0.0568 d=(-0.04745,-0.09839) av=(0,-0.173045,0)
reseed=0 gear=1 gtmr=800 in=(0,255,255,0) steer=-1.000 gnd=4.0 sp=2384.95 horiz=2383.37 velH=-1.9433 bodyH=-1.8863 slip=-0.0570 d=(-0.04354,-0.10097) av=(0,-0.173512,0)
reseed=0 gear=1 gtmr=750 in=(0,255,255,0) steer=-1.000 gnd=4.0 sp=2399.89 horiz=2398.29 velH=-1.9010 bodyH=-1.8438 slip=-0.0572 d=(-0.03948,-0.10337) av=(0,-0.173974,0)
reseed=0 gear=1 gtmr=700 in=(0,255,255,0) steer=-1.000 gnd=4.0 sp=2414.54 horiz=2412.92 velH=-1.8587 bodyH=-1.8013 slip=-0.0574 d=(-0.03529,-0.10560) av=(0,-0.174429,0)
reseed=0 gear=1 gtmr=650 in=(0,255,255,0) steer=-1.000 gnd=4.0 sp=2428.92 horiz=2427.28 velH=-1.8164 bodyH=-1.7588 slip=-0.0576 d=(-0.03098,-0.10765) av=(0,-0.174878,0)
reseed=0 gear=1 gtmr=600 in=(0,255,255,0) steer=-1.000 gnd=4.0 sp=2443.01 horiz=2441.35 velH=-1.7741 bodyH=-1.7163 slip=-0.0578 d=(-0.02656,-0.10951) av=(0,-0.175321,0)
reseed=0 gear=1 gtmr=550 in=(0,255,255,0) steer=-1.000 gnd=4.0 sp=2456.82 horiz=2455.15 velH=-1.7318 bodyH=-1.6738 slip=-0.0580 d=(-0.02203,-0.11117) av=(0,-0.175757,0)
reseed=0 gear=1 gtmr=500 in=(0,255,255,0) steer=-1.000 gnd=4.0 sp=2470.37 horiz=2468.68 velH=-1.6895 bodyH=-1.6313 slip=-0.0582 d=(-0.01741,-0.11263) av=(0,-0.176187,0)
reseed=0 gear=1 gtmr=450 in=(0,255,255,0) steer=-1.000 gnd=4.0 sp=2483.64 horiz=2481.94 velH=-1.6472 bodyH=-1.5888 slip=-0.0584 d=(-0.01270,-0.11388) av=(0,-0.176611,0)
reseed=0 gear=1 gtmr=400 in=(0,255,255,0) steer=-1.000 gnd=4.0 sp=2496.66 horiz=2494.94 velH=-1.6049 bodyH=-1.5463 slip=-0.0586 d=(-0.00791,-0.11493) av=(0,-0.177028,0)
reseed=0 gear=1 gtmr=350 in=(0,255,255,0) steer=-1.000 gnd=4.0 sp=2509.41 horiz=2507.67 velH=-1.5626 bodyH=-1.5038 slip=-0.0587 d=(-0.00306,-0.11576) av=(0,-0.177439,0)
reseed=0 gear=1 gtmr=300 in=(0,255,255,0) steer=-1.000 gnd=4.0 sp=2521.90 horiz=2520.15 velH=-1.5202 bodyH=-1.4613 slip=-0.0589 d=(0.00185,-0.11637) av=(0,-0.177844,0)
reseed=0 gear=1 gtmr=250 in=(0,255,255,0) steer=-1.000 gnd=4.0 sp=2534.14 horiz=2532.37 velH=-1.4779 bodyH=-1.4188 slip=-0.0591 d=(0.00681,-0.11677) av=(0,-0.178243,0)
reseed=0 gear=1 gtmr=200 in=(0,255,255,0) steer=-1.000 gnd=4.0 sp=2546.13 horiz=2544.35 velH=-1.4356 bodyH=-1.3763 slip=-0.0593 d=(0.01180,-0.11693) av=(0,-0.178635,0)
reseed=0 gear=1 gtmr=150 in=(0,255,255,0) steer=-1.000 gnd=4.0 sp=2557.87 horiz=2556.07 velH=-1.3932 bodyH=-1.3338 slip=-0.0594 d=(0.01682,-0.11688) av=(0,-0.179021,0)
reseed=0 gear=1 gtmr=100 in=(0,255,255,0) steer=-1.000 gnd=4.0 sp=2569.37 horiz=2567.56 velH=-1.3509 bodyH=-1.2913 slip=-0.0596 d=(0.02185,-0.11659) av=(0,-0.179402,0)
reseed=0 gear=1 gtmr=49 in=(0,255,255,0) steer=-1.000 gnd=4.0 sp=2580.63 horiz=2578.81 velH=-1.3086 bodyH=-1.2488 slip=-0.0598 d=(0.02688,-0.11608) av=(0,-0.179775,0)
reseed=0 gear=2 gtmr=3000 in=(0,255,255,0) steer=-1.000 gnd=4.0 sp=2591.66 horiz=2589.82 velH=-1.2662 bodyH=-1.2063 slip=-0.0599 d=(0.03191,-0.11534) av=(0,-0.180143,0)
reseed=0 gear=2 gtmr=2950 in=(0,255,255,0) steer=-1.000 gnd=4.0 sp=2610.73 horiz=2608.92 velH=-1.2231 bodyH=-1.1638 slip=-0.0593 d=(0.03698,-0.11445) av=(0,-0.180966,0)
reseed=0 gear=2 gtmr=2900 in=(0,255,255,0) steer=-1.000 gnd=4.0 sp=2629.56 horiz=2627.76 velH=-1.1803 bodyH=-1.1213 slip=-0.0589 d=(0.04218,-0.11358) av=(0,-0.181527,0)
reseed=0 gear=2 gtmr=2850 in=(0,255,255,0) steer=-1.000 gnd=4.0 sp=2648.11 horiz=2646.30 velH=-1.1376 bodyH=-1.0788 slip=-0.0588 d=(0.04734,-0.11247) av=(0,-0.181998,0)
reseed=0 gear=2 gtmr=2800 in=(0,255,255,0) steer=-1.000 gnd=4.0 sp=2666.32 horiz=2664.51 velH=-1.0952 bodyH=-1.0363 slip=-0.0589 d=(0.05244,-0.11113) av=(0,-0.182453,0)
reseed=0 gear=2 gtmr=2750 in=(0,255,255,0) steer=-1.000 gnd=4.0 sp=2684.19 horiz=2682.36 velH=-1.0528 bodyH=-0.9938 slip=-0.0590 d=(0.05750,-0.10954) av=(0,-0.182921,0)
reseed=0 gear=2 gtmr=2700 in=(0,255,255,0) steer=-1.000 gnd=4.0 sp=2701.69 horiz=2699.85 velH=-1.0104 bodyH=-0.9513 slip=-0.0592 d=(0.06251,-0.10772) av=(0,-0.18341,0)
reseed=0 gear=2 gtmr=2650 in=(0,255,255,0) steer=-1.000 gnd=4.0 sp=2718.83 horiz=2716.97 velH=-0.9681 bodyH=-0.9088 slip=-0.0594 d=(0.06744,-0.10566) av=(0,-0.183917,0)
reseed=0 gear=2 gtmr=2600 in=(0,255,255,0) steer=-1.000 gnd=4.0 sp=2735.60 horiz=2733.72 velH=-0.9259 bodyH=-0.8663 slip=-0.0596 d=(0.07230,-0.10336) av=(0,-0.184439,0)
reseed=0 gear=2 gtmr=2550 in=(0,255,255,0) steer=-1.000 gnd=4.0 sp=2752.00 horiz=2750.10 velH=-0.8836 bodyH=-0.8238 slip=-0.0598 d=(0.07708,-0.10083) av=(0,-0.184969,0)
reseed=0 gear=2 gtmr=2500 in=(0,255,255,0) steer=-1.000 gnd=4.0 sp=2768.04 horiz=2766.11 velH=-0.8413 bodyH=-0.7813 slip=-0.0600 d=(0.08175,-0.09806) av=(0,-0.185504,0)
reseed=0 gear=2 gtmr=2450 in=(0,255,255,0) steer=-1.000 gnd=4.0 sp=2783.71 horiz=2781.77 velH=-0.7990 bodyH=-0.7388 slip=-0.0602 d=(0.08632,-0.09506) av=(0,-0.186039,0)
reseed=0 gear=2 gtmr=2400 in=(0,255,255,0) steer=-1.000 gnd=4.0 sp=2799.03 horiz=2797.07 velH=-0.7568 bodyH=-0.6963 slip=-0.0605 d=(0.09077,-0.09184) av=(0,-0.186573,0)
reseed=0 gear=2 gtmr=2350 in=(0,255,255,0) steer=-1.000 gnd=4.0 sp=2814.00 horiz=2812.02 velH=-0.7145 bodyH=-0.6538 slip=-0.0607 d=(0.09508,-0.08841) av=(0,-0.187102,0)
reseed=0 gear=2 gtmr=2300 in=(0,255,255,0) steer=-1.000 gnd=4.0 sp=2828.63 horiz=2826.63 velH=-0.6722 bodyH=-0.6113 slip=-0.0609 d=(0.09926,-0.08476) av=(0,-0.187625,0)
reseed=0 gear=2 gtmr=2250 in=(0,255,255,0) steer=-1.000 gnd=4.0 sp=2842.91 horiz=2840.89 velH=-0.6299 bodyH=-0.5688 slip=-0.0612 d=(0.10328,-0.08090) av=(0,-0.188142,0)
reseed=0 gear=2 gtmr=2200 in=(0,255,255,0) steer=-1.000 gnd=4.0 sp=2856.86 horiz=2854.82 velH=-0.5876 bodyH=-0.5263 slip=-0.0614 d=(0.10714,-0.07685) av=(0,-0.188652,0)
reseed=0 gear=2 gtmr=2150 in=(0,255,255,0) steer=-1.000 gnd=4.0 sp=2870.48 horiz=2868.42 velH=-0.5454 bodyH=-0.4838 slip=-0.0616 d=(0.11083,-0.07260) av=(0,-0.189154,0)
reseed=0 gear=2 gtmr=2100 in=(0,255,255,0) steer=-1.000 gnd=4.0 sp=2883.78 horiz=2881.70 velH=-0.5031 bodyH=-0.4413 slip=-0.0618 d=(0.11434,-0.06817) av=(0,-0.189647,0)
reseed=0 gear=2 gtmr=2050 in=(0,255,255,0) steer=-1.000 gnd=4.0 sp=2896.76 horiz=2894.67 velH=-0.4608 bodyH=-0.3988 slip=-0.0620 d=(0.11766,-0.06357) av=(0,-0.190133,0)
reseed=0 gear=2 gtmr=2000 in=(0,255,255,0) steer=-1.000 gnd=4.0 sp=2909.43 horiz=2907.32 velH=-0.4185 bodyH=-0.3563 slip=-0.0622 d=(0.12078,-0.05880) av=(0,-0.19061,0)
reseed=0 gear=2 gtmr=1950 in=(0,255,255,0) steer=-1.000 gnd=4.0 sp=2921.79 horiz=2919.66 velH=-0.3762 bodyH=-0.3138 slip=-0.0624 d=(0.12369,-0.05387) av=(0,-0.191078,0)
reseed=0 gear=2 gtmr=1900 in=(0,255,255,0) steer=-1.000 gnd=4.0 sp=2933.86 horiz=2931.71 velH=-0.3339 bodyH=-0.2713 slip=-0.0626 d=(0.12639,-0.04880) av=(0,-0.191538,0)
reseed=0 gear=2 gtmr=1850 in=(0,255,255,0) steer=-1.000 gnd=4.0 sp=2945.63 horiz=2943.46 velH=-0.2916 bodyH=-0.2288 slip=-0.0628 d=(0.12887,-0.04359) av=(0,-0.19199,0)
reseed=0 gear=2 gtmr=1800 in=(0,255,255,0) steer=-1.000 gnd=4.0 sp=2957.11 horiz=2954.93 velH=-0.2492 bodyH=-0.1863 slip=-0.0630 d=(0.13111,-0.03825) av=(0,-0.192433,0)
reseed=0 gear=2 gtmr=1750 in=(0,255,255,0) steer=-1.000 gnd=4.0 sp=2968.31 horiz=2966.11 velH=-0.2069 bodyH=-0.1438 slip=-0.0632 d=(0.13313,-0.03280) av=(0,-0.192868,0)
reseed=0 gear=2 gtmr=1700 in=(0,255,255,0) steer=-1.000 gnd=4.0 sp=2979.23 horiz=2977.01 velH=-0.1646 bodyH=-0.1013 slip=-0.0633 d=(0.13490,-0.02724) av=(0,-0.193294,0)
reseed=0 gear=2 gtmr=1650 in=(0,255,255,0) steer=-1.000 gnd=4.0 sp=2989.87 horiz=2987.65 velH=-0.1223 bodyH=-0.0588 slip=-0.0635 d=(0.13643,-0.02158) av=(0,-0.193712,0)
reseed=0 gear=2 gtmr=1600 in=(0,255,255,0) steer=-1.000 gnd=4.0 sp=3000.26 horiz=2998.01 velH=-0.0799 bodyH=-0.0162 slip=-0.0637 d=(0.13771,-0.01585) av=(0,-0.194122,0)
reseed=0 gear=2 gtmr=1550 in=(0,255,255,0) steer=-1.000 gnd=4.0 sp=3010.38 horiz=3008.12 velH=-0.0376 bodyH=0.0263 slip=-0.0639 d=(0.13873,-0.01004) av=(0,-0.194524,0)
reseed=0 gear=2 gtmr=1500 in=(0,255,255,0) steer=-1.000 gnd=4.0 sp=3020.25 horiz=3017.97 velH=0.0047 bodyH=0.0688 slip=-0.0640 d=(0.13950,-0.00417) av=(0,-0.194917,0)
reseed=0 gear=2 gtmr=1450 in=(0,255,255,0) steer=-1.000 gnd=4.0 sp=3029.86 horiz=3027.58 velH=0.0471 bodyH=0.1113 slip=-0.0642 d=(0.14000,0.00174) av=(0,-0.195303,0)
reseed=0 gear=2 gtmr=1400 in=(0,255,255,0) steer=-1.000 gnd=4.0 sp=3039.24 horiz=3036.94 velH=0.0894 bodyH=0.1538 slip=-0.0644 d=(0.14024,0.00769) av=(0,-0.195681,0)
reseed=0 gear=2 gtmr=1350 in=(0,255,255,0) steer=-1.000 gnd=4.0 sp=3048.37 horiz=3046.06 velH=0.1318 bodyH=0.1963 slip=-0.0645 d=(0.14022,0.01366) av=(0,-0.196051,0)
reseed=0 gear=2 gtmr=1300 in=(0,255,255,0) steer=-1.000 gnd=4.0 sp=3057.27 horiz=3054.94 velH=0.1741 bodyH=0.2388 slip=-0.0647 d=(0.13993,0.01964) av=(0,-0.196413,0)
reseed=0 gear=2 gtmr=1250 in=(0,255,255,0) steer=-1.000 gnd=4.0 sp=3065.94 horiz=3063.60 velH=0.2165 bodyH=0.2813 slip=-0.0648 d=(0.13938,0.02562) av=(0,-0.196767,0)
reseed=0 gear=2 gtmr=1200 in=(0,255,255,0) steer=-1.000 gnd=4.0 sp=3074.39 horiz=3072.03 velH=0.2588 bodyH=0.3238 slip=-0.0650 d=(0.13856,0.03159) av=(0,-0.197114,0)
reseed=0 gear=2 gtmr=1150 in=(0,255,255,0) steer=-1.000 gnd=4.0 sp=3082.62 horiz=3080.25 velH=0.3012 bodyH=0.3663 slip=-0.0651 d=(0.13747,0.03753) av=(0,-0.197454,0)
reseed=0 gear=2 gtmr=1100 in=(0,255,255,0) steer=-1.000 gnd=4.0 sp=3090.63 horiz=3088.25 velH=0.3435 bodyH=0.4088 slip=-0.0652 d=(0.13612,0.04343) av=(0,-0.197786,0)
reseed=0 gear=2 gtmr=1050 in=(0,255,255,0) steer=-1.000 gnd=4.0 sp=3098.44 horiz=3096.04 velH=0.3859 bodyH=0.4513 slip=-0.0654 d=(0.13450,0.04929) av=(0,-0.198111,0)
reseed=0 gear=2 gtmr=1000 in=(0,255,255,0) steer=-1.000 gnd=4.0 sp=3106.04 horiz=3103.63 velH=0.4283 bodyH=0.4938 slip=-0.0655 d=(0.13263,0.05508) av=(0,-0.198429,0)
reseed=0 gear=2 gtmr=950 in=(0,255,255,0) steer=-1.000 gnd=4.0 sp=3113.44 horiz=3111.02 velH=0.4707 bodyH=0.5363 slip=-0.0656 d=(0.13049,0.06079) av=(0,-0.19874,0)
reseed=0 gear=2 gtmr=900 in=(0,255,255,0) steer=-1.000 gnd=4.0 sp=3120.65 horiz=3118.22 velH=0.5130 bodyH=0.5788 slip=-0.0658 d=(0.12810,0.06642) av=(0,-0.199043,0)
reseed=0 gear=2 gtmr=850 in=(0,255,255,0) steer=-1.000 gnd=4.0 sp=3127.66 horiz=3125.22 velH=0.5554 bodyH=0.6213 slip=-0.0659 d=(0.12546,0.07195) av=(0,-0.199341,0)
reseed=0 gear=2 gtmr=800 in=(0,255,255,0) steer=-1.000 gnd=4.0 sp=3134.49 horiz=3132.04 velH=0.5978 bodyH=0.6638 slip=-0.0660 d=(0.12257,0.07738) av=(0,-0.199631,0)
reseed=0 gear=2 gtmr=750 in=(0,255,255,0) steer=-1.000 gnd=4.0 sp=3141.14 horiz=3138.68 velH=0.6402 bodyH=0.7063 slip=-0.0661 d=(0.11944,0.08268) av=(0,-0.199915,0)
reseed=0 gear=2 gtmr=700 in=(0,255,255,0) steer=-1.000 gnd=4.0 sp=3147.61 horiz=3145.14 velH=0.6826 bodyH=0.7488 slip=-0.0662 d=(0.11608,0.08785) av=(0,-0.200192,0)
reseed=0 gear=2 gtmr=650 in=(0,255,255,0) steer=-1.000 gnd=4.0 sp=3153.91 horiz=3151.43 velH=0.7249 bodyH=0.7913 slip=-0.0663 d=(0.11248,0.09288) av=(0,-0.200462,0)
reseed=0 gear=2 gtmr=600 in=(0,255,255,0) steer=-1.000 gnd=4.0 sp=3160.04 horiz=3157.55 velH=0.7673 bodyH=0.8338 slip=-0.0665 d=(0.10866,0.09776) av=(0,-0.200727,0)
reseed=0 gear=2 gtmr=550 in=(0,255,255,0) steer=-1.000 gnd=4.0 sp=3166.01 horiz=3163.51 velH=0.8097 bodyH=0.8763 slip=-0.0666 d=(0.10462,0.10247) av=(0,-0.200985,0)
reseed=1 gear=2 gtmr=500 in=(0,255,255,0) steer=-1.000 gnd=4.0 sp=1621.90 horiz=1621.75 velH=0.0229 bodyH=0.0425 slip=-0.0196 d=(0.07382,0.00030) av=(0,-0.169372,0)
reseed=0 gear=2 gtmr=450 in=(0,255,255,0) steer=-1.000 gnd=4.0 sp=1659.46 horiz=1659.10 velH=0.0544 bodyH=0.0850 slip=-0.0306 d=(0.07557,0.00218) av=(0,-0.160667,0)
reseed=0 gear=2 gtmr=400 in=(0,255,255,0) steer=-1.000 gnd=4.0 sp=1695.78 horiz=1695.25 velH=0.0906 bodyH=0.1275 slip=-0.0369 d=(0.07718,0.00473) av=(0,-0.156938,0)
reseed=0 gear=2 gtmr=350 in=(0,255,255,0) steer=-1.000 gnd=4.0 sp=1731.13 horiz=1730.47 velH=0.1293 bodyH=0.1700 slip=-0.0407 d=(0.07861,0.00772) av=(0,-0.155298,0)
reseed=0 gear=2 gtmr=300 in=(0,255,255,0) steer=-1.000 gnd=4.0 sp=1765.69 horiz=1764.95 velH=0.1694 bodyH=0.2125 slip=-0.0431 d=(0.07986,0.01100) av=(0,-0.155309,0)
reseed=0 gear=2 gtmr=250 in=(0,255,255,0) steer=-1.000 gnd=4.0 sp=1799.61 horiz=1798.80 velH=0.2104 bodyH=0.2550 slip=-0.0446 d=(0.08092,0.01449) av=(0,-0.155985,0)
reseed=0 gear=2 gtmr=200 in=(0,255,255,0) steer=-1.000 gnd=4.0 sp=1832.95 horiz=1832.09 velH=0.2518 bodyH=0.2975 slip=-0.0457 d=(0.08178,0.01813) av=(0,-0.156898,0)
reseed=1 gear=2 gtmr=150 in=(0,255,255,0) steer=-1.000 gnd=4.0 sp=959.50 horiz=959.50 velH=0.0203 bodyH=0.0263 slip=-0.0060 d=(0.04297,0.00020) av=(0,-0.129886,0)
reseed=0 gear=2 gtmr=100 in=(0,255,255,0) steer=-1.000 gnd=4.0 sp=1002.24 horiz=1002.22 velH=0.0437 bodyH=0.0538 slip=-0.0101 d=(0.04495,0.00114) av=(0,-0.129838,0)
reseed=0 gear=2 gtmr=49 in=(0,255,255,0) steer=-1.000 gnd=4.0 sp=1044.69 horiz=1044.64 velH=0.0691 bodyH=0.0825 slip=-0.0133 d=(0.04688,0.00231) av=(0,-0.133446,0)
reseed=1 gear=1 gtmr=-2950 in=(0,255,255,0) steer=-1.000 gnd=4.0 sp=550.35 horiz=550.35 velH=-0.3763 bodyH=-0.3777 slip=+0.0014 d=(0.02270,-0.00929) av=(0,-0.0896587,0)
reseed=0 gear=1 gtmr=-2900 in=(0,255,255,0) steer=-1.000 gnd=4.0 sp=579.83 horiz=579.83 velH=-0.3603 bodyH=-0.3619 slip=+0.0016 d=(0.02408,-0.00940) av=(0,-0.0749893,0)
reseed=0 gear=1 gtmr=-2850 in=(0,255,255,0) steer=-1.000 gnd=4.0 sp=610.83 horiz=610.83 velH=-0.3440 bodyH=-0.3452 slip=+0.0013 d=(0.02552,-0.00949) av=(0,-0.0699095,0)
reseed=0 gear=1 gtmr=-2800 in=(0,255,255,0) steer=-1.000 gnd=4.0 sp=643.43 horiz=643.43 velH=-0.3271 bodyH=-0.3277 slip=+0.0006 d=(0.02704,-0.00956) av=(0,-0.0698401,0)
reseed=0 gear=1 gtmr=-2750 in=(0,255,255,0) steer=-1.000 gnd=4.0 sp=677.68 horiz=677.68 velH=-0.3095 bodyH=-0.3092 slip=-0.0003 d=(0.02865,-0.00958) av=(0,-0.0724763,0)
reseed=0 gear=1 gtmr=-2700 in=(0,255,255,0) steer=-1.000 gnd=4.0 sp=712.70 horiz=712.70 velH=-0.2913 bodyH=-0.2898 slip=-0.0015 d=(0.03035,-0.00955) av=(0,-0.0766402,0)
reseed=0 gear=1 gtmr=-2650 in=(0,255,255,0) steer=-1.000 gnd=4.0 sp=747.66 horiz=747.66 velH=-0.2724 bodyH=-0.2693 slip=-0.0031 d=(0.03207,-0.00946) av=(0,-0.0816574,0)
reseed=0 gear=1 gtmr=-2600 in=(0,255,255,0) steer=-1.000 gnd=4.0 sp=782.54 horiz=782.54 velH=-0.2528 bodyH=-0.2479 slip=-0.0048 d=(0.03381,-0.00928) av=(0,-0.0871553,0)
reseed=0 gear=1 gtmr=-2550 in=(0,255,255,0) steer=-1.000 gnd=4.0 sp=817.33 horiz=817.32 velH=-0.2321 bodyH=-0.2255 slip=-0.0067 d=(0.03555,-0.00900) av=(0,-0.0929149,0)
reseed=0 gear=1 gtmr=-2500 in=(0,255,255,0) steer=-1.000 gnd=4.0 sp=852.01 horiz=851.99 velH=-0.2106 bodyH=-0.2021 slip=-0.0085 d=(0.03730,-0.00863) av=(0,-0.0988057,0)
reseed=0 gear=1 gtmr=-2450 in=(0,255,255,0) steer=-1.000 gnd=4.0 sp=886.56 horiz=886.53 velH=-0.1880 bodyH=-0.1777 slip=-0.0103 d=(0.03905,-0.00814) av=(0,-0.104748,0)
reseed=0 gear=1 gtmr=-2400 in=(0,255,255,0) steer=-1.000 gnd=4.0 sp=920.95 horiz=920.92 velH=-0.1644 bodyH=-0.1523 slip=-0.0121 d=(0.04079,-0.00754) av=(0,-0.110691,0)
reseed=0 gear=1 gtmr=-2350 in=(0,255,255,0) steer=-1.000 gnd=4.0 sp=955.19 horiz=955.14 velH=-0.1399 bodyH=-0.1260 slip=-0.0139 d=(0.04253,-0.00683) av=(0,-0.116599,0)
reseed=0 gear=1 gtmr=-2300 in=(0,255,255,0) steer=-1.000 gnd=4.0 sp=989.24 horiz=989.17 velH=-0.1143 bodyH=-0.0987 slip=-0.0157 d=(0.04426,-0.00599) av=(0,-0.122446,0)
reseed=0 gear=1 gtmr=-2250 in=(0,255,255,0) steer=-1.000 gnd=4.0 sp=1023.08 horiz=1023.00 velH=-0.0878 bodyH=-0.0704 slip=-0.0174 d=(0.04596,-0.00502) av=(0,-0.128194,0)
reseed=0 gear=1 gtmr=-2200 in=(0,255,255,0) steer=-1.000 gnd=4.0 sp=1056.71 horiz=1056.61 velH=-0.0603 bodyH=-0.0412 slip=-0.0192 d=(0.04764,-0.00392) av=(0,-0.133089,0)
reseed=0 gear=1 gtmr=-2150 in=(0,255,255,0) steer=-1.000 gnd=4.0 sp=1090.10 horiz=1089.99 velH=-0.0319 bodyH=-0.0110 slip=-0.0209 d=(0.04929,-0.00269) av=(0,-0.135692,0)
reseed=0 gear=1 gtmr=-2100 in=(0,255,255,0) steer=-1.000 gnd=4.0 sp=1123.25 horiz=1123.10 velH=-0.0024 bodyH=0.0201 slip=-0.0226 d=(0.05089,-0.00132) av=(0,-0.137265,0)
reseed=0 gear=1 gtmr=-2050 in=(0,255,255,0) steer=-1.000 gnd=4.0 sp=1156.12 horiz=1155.95 velH=0.0279 bodyH=0.0522 slip=-0.0243 d=(0.05243,0.00019) av=(0,-0.13853,0)
reseed=0 gear=1 gtmr=-2000 in=(0,255,255,0) steer=-1.000 gnd=4.0 sp=1188.71 horiz=1188.51 velH=0.0592 bodyH=0.0852 slip=-0.0260 d=(0.05392,0.00184) av=(0,-0.139723,0)
reseed=0 gear=1 gtmr=-1950 in=(0,255,255,0) steer=-1.000 gnd=4.0 sp=1221.00 horiz=1220.77 velH=0.0915 bodyH=0.1191 slip=-0.0276 d=(0.05534,0.00364) av=(0,-0.140897,0)
reseed=0 gear=1 gtmr=-1900 in=(0,255,255,0) steer=-1.000 gnd=4.0 sp=1252.97 horiz=1252.70 velH=0.1247 bodyH=0.1539 slip=-0.0293 d=(0.05668,0.00557) av=(0,-0.142082,0)
reseed=0 gear=1 gtmr=-1850 in=(0,255,255,0) steer=-1.000 gnd=4.0 sp=1284.60 horiz=1284.30 velH=0.1588 bodyH=0.1897 slip=-0.0309 d=(0.05793,0.00765) av=(0,-0.143297,0)
reseed=1 gear=1 gtmr=-1800 in=(0,255,255,0) steer=-1.000 gnd=4.0 sp=676.50 horiz=676.50 velH=1.8057 bodyH=1.8062 slip=-0.0005 d=(-0.00663,0.02942) av=(0,-0.115461,0)
reseed=0 gear=1 gtmr=-1750 in=(0,255,255,0) steer=-1.000 gnd=4.0 sp=711.51 horiz=711.51 velH=1.8241 bodyH=1.8257 slip=-0.0016 d=(-0.00753,0.03085) av=(0,-0.0982563,0)
reseed=0 gear=1 gtmr=-1700 in=(0,255,255,0) steer=-1.000 gnd=4.0 sp=746.47 horiz=746.46 velH=1.8430 bodyH=1.8461 slip=-0.0031 d=(-0.00851,0.03228) av=(0,-0.0924914,0)
reseed=0 gear=1 gtmr=-1650 in=(0,255,255,0) steer=-1.000 gnd=4.0 sp=781.35 horiz=781.35 velH=1.8627 bodyH=1.8675 slip=-0.0048 d=(-0.00956,0.03367) av=(0,-0.0925391,0)
reseed=0 gear=1 gtmr=-1600 in=(0,255,255,0) steer=-1.000 gnd=4.0 sp=816.14 horiz=816.13 velH=1.8833 bodyH=1.8899 slip=-0.0066 d=(-0.01070,0.03502) av=(0,-0.0955408,0)
reseed=0 gear=1 gtmr=-1550 in=(0,255,255,0) steer=-1.000 gnd=4.0 sp=850.82 horiz=850.81 velH=1.9048 bodyH=1.9132 slip=-0.0084 d=(-0.01193,0.03632) av=(0,-0.100035,0)
reseed=0 gear=1 gtmr=-1500 in=(0,255,255,0) steer=-1.000 gnd=4.0 sp=885.38 horiz=885.35 velH=1.9274 bodyH=1.9376 slip=-0.0102 d=(-0.01325,0.03757) av=(0,-0.105271,0)
reseed=0 gear=1 gtmr=-1450 in=(0,255,255,0) steer=-1.000 gnd=4.0 sp=919.78 horiz=919.75 velH=1.9509 bodyH=1.9629 slip=-0.0120 d=(-0.01466,0.03875) av=(0,-0.110857,0)
reseed=0 gear=1 gtmr=-1400 in=(0,255,255,0) steer=-1.000 gnd=4.0 sp=954.02 horiz=953.97 velH=1.9754 bodyH=1.9892 slip=-0.0138 d=(-0.01617,0.03987) av=(0,-0.116585,0)
reseed=0 gear=1 gtmr=-1350 in=(0,255,255,0) steer=-1.000 gnd=4.0 sp=988.07 horiz=988.01 velH=2.0009 bodyH=2.0165 slip=-0.0156 d=(-0.01778,0.04091) av=(0,-0.122342,0)
reseed=0 gear=1 gtmr=-1300 in=(0,255,255,0) steer=-1.000 gnd=4.0 sp=1021.93 horiz=1021.85 velH=2.0274 bodyH=2.0448 slip=-0.0174 d=(-0.01949,0.04187) av=(0,-0.128051,0)
reseed=0 gear=1 gtmr=-1250 in=(0,255,255,0) steer=-1.000 gnd=4.0 sp=1055.56 horiz=1055.47 velH=2.0548 bodyH=2.0740 slip=-0.0191 d=(-0.02130,0.04274) av=(0,-0.132998,0)
reseed=0 gear=1 gtmr=-1200 in=(0,255,255,0) steer=-1.000 gnd=4.0 sp=1088.97 horiz=1088.85 velH=2.0833 bodyH=2.1041 slip=-0.0208 d=(-0.02320,0.04351) av=(0,-0.135637,0)
reseed=0 gear=1 gtmr=-1150 in=(0,255,255,0) steer=-1.000 gnd=4.0 sp=1122.12 horiz=1121.97 velH=2.1127 bodyH=2.1352 slip=-0.0225 d=(-0.02520,0.04417) av=(0,-0.137229,0)
reseed=0 gear=1 gtmr=-1100 in=(0,255,255,0) steer=-1.000 gnd=4.0 sp=1155.00 horiz=1154.83 velH=2.1430 bodyH=2.1672 slip=-0.0242 d=(-0.02729,0.04471) av=(0,-0.138493,0)
reseed=1 gear=1 gtmr=-1050 in=(0,255,255,0) steer=-1.000 gnd=4.0 sp=608.42 horiz=608.42 velH=-3.1245 bodyH=-3.1250 slip=+0.0005 d=(-0.02712,-0.00012) av=(0,-0.105716,0)
reseed=0 gear=1 gtmr=-1000 in=(0,255,255,0) steer=-1.000 gnd=4.0 sp=640.88 horiz=640.88 velH=-3.1073 bodyH=-3.1075 slip=+0.0002 d=(-0.02856,-0.00061) av=(0,-0.0877473,0)
reseed=0 gear=1 gtmr=-950 in=(0,255,255,0) steer=-1.000 gnd=4.0 sp=675.00 horiz=675.00 velH=-3.0895 bodyH=-3.0891 slip=-0.0004 d=(-0.03007,-0.00117) av=(0,-0.0813353,0)
reseed=0 gear=1 gtmr=-900 in=(0,255,255,0) steer=-1.000 gnd=4.0 sp=710.02 horiz=710.02 velH=-3.0713 bodyH=-3.0698 slip=-0.0015 d=(-0.03164,-0.00179) av=(0,-0.0809131,0)
reseed=0 gear=1 gtmr=-850 in=(0,255,255,0) steer=-1.000 gnd=4.0 sp=744.98 horiz=744.98 velH=-3.0524 bodyH=-3.0494 slip=-0.0030 d=(-0.03322,-0.00249) av=(0,-0.0836009,0)
reseed=0 gear=1 gtmr=-800 in=(0,255,255,0) steer=-1.000 gnd=4.0 sp=779.87 horiz=779.86 velH=-3.0328 bodyH=-3.0280 slip=-0.0047 d=(-0.03478,-0.00327) av=(0,-0.0879149,0)
reseed=0 gear=1 gtmr=-750 in=(0,255,255,0) steer=-1.000 gnd=4.0 sp=814.67 horiz=814.66 velH=-3.0122 bodyH=-3.0057 slip=-0.0065 d=(-0.03631,-0.00414) av=(0,-0.0930728,0)
reseed=0 gear=1 gtmr=-700 in=(0,255,255,0) steer=-1.000 gnd=4.0 sp=849.35 horiz=849.34 velH=-2.9907 bodyH=-2.9824 slip=-0.0083 d=(-0.03782,-0.00511) av=(0,-0.0986587,0)
reseed=0 gear=1 gtmr=-650 in=(0,255,255,0) steer=-1.000 gnd=4.0 sp=883.91 horiz=883.89 velH=-2.9682 bodyH=-2.9580 slip=-0.0102 d=(-0.03928,-0.00617) av=(0,-0.104448,0)
reseed=0 gear=1 gtmr=-600 in=(0,255,255,0) steer=-1.000 gnd=4.0 sp=918.32 horiz=918.29 velH=-2.9447 bodyH=-2.9328 slip=-0.0120 d=(-0.04071,-0.00734) av=(0,-0.110315,0)
reseed=0 gear=1 gtmr=-550 in=(0,255,255,0) steer=-1.000 gnd=4.0 sp=952.57 horiz=952.52 velH=-2.9202 bodyH=-2.9065 slip=-0.0137 d=(-0.04208,-0.00862) av=(0,-0.116188,0)
reseed=0 gear=1 gtmr=-500 in=(0,255,255,0) steer=-1.000 gnd=4.0 sp=986.63 horiz=986.57 velH=-2.8948 bodyH=-2.8793 slip=-0.0155 d=(-0.04340,-0.01001) av=(0,-0.12202,0)
reseed=0 gear=1 gtmr=-450 in=(0,255,255,0) steer=-1.000 gnd=4.0 sp=1020.49 horiz=1020.41 velH=-2.8683 bodyH=-2.8511 slip=-0.0173 d=(-0.04466,-0.01151) av=(0,-0.127776,0)
reseed=0 gear=1 gtmr=-400 in=(0,255,255,0) steer=-1.000 gnd=4.0 sp=1054.14 horiz=1054.04 velH=-2.8409 bodyH=-2.8219 slip=-0.0190 d=(-0.04584,-0.01313) av=(0,-0.132812,0)
reseed=0 gear=1 gtmr=-350 in=(0,255,255,0) steer=-1.000 gnd=4.0 sp=1087.55 horiz=1087.43 velH=-2.8125 bodyH=-2.7918 slip=-0.0208 d=(-0.04695,-0.01486) av=(0,-0.135531,0)
reseed=0 gear=1 gtmr=-300 in=(0,255,255,0) steer=-1.000 gnd=4.0 sp=1120.71 horiz=1120.57 velH=-2.7832 bodyH=-2.7607 slip=-0.0225 d=(-0.04796,-0.01670) av=(0,-0.137165,0)
reseed=0 gear=1 gtmr=-250 in=(0,255,255,0) steer=-1.000 gnd=4.0 sp=1153.61 horiz=1153.44 velH=-2.7529 bodyH=-2.7287 slip=-0.0241 d=(-0.04888,-0.01865) av=(0,-0.138437,0)
reseed=0 gear=1 gtmr=-200 in=(0,255,255,0) steer=-1.000 gnd=4.0 sp=1186.22 horiz=1186.02 velH=-2.7216 bodyH=-2.6958 slip=-0.0258 d=(-0.04969,-0.02071) av=(0,-0.139633,0)
reseed=0 gear=1 gtmr=-150 in=(0,255,255,0) steer=-1.000 gnd=4.0 sp=1218.53 horiz=1218.30 velH=-2.6895 bodyH=-2.6620 slip=-0.0275 d=(-0.05039,-0.02289) av=(0,-0.140807,0)
reseed=0 gear=1 gtmr=-100 in=(0,255,255,0) steer=-1.000 gnd=4.0 sp=1250.53 horiz=1250.26 velH=-2.6564 bodyH=-2.6272 slip=-0.0292 d=(-0.05096,-0.02516) av=(0,-0.14199,0)
reseed=0 gear=1 gtmr=-49 in=(0,255,255,0) steer=-1.000 gnd=4.0 sp=1282.19 horiz=1281.89 velH=-2.6223 bodyH=-2.5915 slip=-0.0308 d=(-0.05140,-0.02754) av=(0,-0.143202,0)
reseed=0 gear=2 gtmr=3000 in=(0,255,255,0) steer=-1.000 gnd=4.0 sp=1313.50 horiz=1313.16 velH=-2.5874 bodyH=-2.5550 slip=-0.0324 d=(-0.05170,-0.03001) av=(0,-0.144454,0)
reseed=0 gear=2 gtmr=2950 in=(0,255,255,0) steer=-1.000 gnd=4.0 sp=1352.85 horiz=1352.50 velH=-2.5502 bodyH=-2.5175 slip=-0.0328 d=(-0.05190,-0.03265) av=(0,-0.144899,0)
reseed=0 gear=2 gtmr=2900 in=(0,255,255,0) steer=-1.000 gnd=4.0 sp=1391.85 horiz=1391.46 velH=-2.5127 bodyH=-2.4789 slip=-0.0339 d=(-0.05216,-0.03559) av=(0,-0.145655,0)
reseed=0 gear=2 gtmr=2850 in=(0,255,255,0) steer=-1.000 gnd=4.0 sp=1430.40 horiz=1429.97 velH=-2.4746 bodyH=-2.4391 slip=-0.0354 d=(-0.05223,-0.03859) av=(0,-0.146704,0)
reseed=0 gear=2 gtmr=2800 in=(0,255,255,0) steer=-1.000 gnd=4.0 sp=1468.47 horiz=1467.99 velH=-2.4356 bodyH=-2.3983 slip=-0.0372 d=(-0.05211,-0.04167) av=(0,-0.147981,0)
reseed=0 gear=2 gtmr=2750 in=(0,255,255,0) steer=-1.000 gnd=4.0 sp=1506.00 horiz=1505.46 velH=-2.3956 bodyH=-2.3565 slip=-0.0391 d=(-0.05176,-0.04483) av=(0,-0.148418,0)
reseed=0 gear=2 gtmr=2700 in=(0,255,255,0) steer=-1.000 gnd=4.0 sp=1542.99 horiz=1542.38 velH=-2.3548 bodyH=-2.3140 slip=-0.0408 d=(-0.05119,-0.04806) av=(0,-0.14934,0)
reseed=0 gear=2 gtmr=2650 in=(0,255,255,0) steer=-1.000 gnd=4.0 sp=1579.46 horiz=1578.81 velH=-2.3134 bodyH=-2.2715 slip=-0.0420 d=(-0.05037,-0.05133) av=(0,-0.150404,0)
reseed=0 gear=2 gtmr=2600 in=(0,255,255,0) steer=-1.000 gnd=4.0 sp=1615.47 horiz=1614.78 velH=-2.2718 bodyH=-2.2290 slip=-0.0429 d=(-0.04934,-0.05461) av=(0,-0.151473,0)
reseed=0 gear=2 gtmr=2550 in=(0,255,255,0) steer=-1.000 gnd=4.0 sp=1651.02 horiz=1650.29 velH=-2.2301 bodyH=-2.1865 slip=-0.0436 d=(-0.04808,-0.05790) av=(0,-0.152504,0)
reseed=0 gear=2 gtmr=2500 in=(0,255,255,0) steer=-1.000 gnd=4.0 sp=1686.12 horiz=1685.36 velH=-2.1882 bodyH=-2.1439 slip=-0.0443 d=(-0.04662,-0.06116) av=(0,-0.15349,0)
reseed=0 gear=2 gtmr=2450 in=(0,255,255,0) steer=-1.000 gnd=4.0 sp=1720.78 horiz=1719.99 velH=-2.1463 bodyH=-2.1014 slip=-0.0448 d=(-0.04495,-0.06439) av=(0,-0.154438,0)
reseed=0 gear=2 gtmr=2400 in=(0,255,255,0) steer=-1.000 gnd=4.0 sp=1755.00 horiz=1754.18 velH=-2.1043 bodyH=-2.0589 slip=-0.0454 d=(-0.04307,-0.06756) av=(0,-0.155357,0)
reseed=0 gear=2 gtmr=2350 in=(0,255,255,0) steer=-1.000 gnd=4.0 sp=1788.77 horiz=1787.92 velH=-2.0623 bodyH=-2.0164 slip=-0.0459 d=(-0.04099,-0.07068) av=(0,-0.156254,0)
reseed=0 gear=2 gtmr=2300 in=(0,255,255,0) steer=-1.000 gnd=4.0 sp=1822.09 horiz=1821.21 velH=-2.0203 bodyH=-1.9739 slip=-0.0464 d=(-0.03871,-0.07371) av=(0,-0.157133,0)
reseed=0 gear=2 gtmr=2250 in=(0,255,255,0) steer=-1.000 gnd=4.0 sp=1854.96 horiz=1854.04 velH=-1.9783 bodyH=-1.9314 slip=-0.0469 d=(-0.03624,-0.07666) av=(0,-0.158,0)
reseed=0 gear=2 gtmr=2200 in=(0,255,255,0) steer=-1.000 gnd=4.0 sp=1887.37 horiz=1886.42 velH=-1.9363 bodyH=-1.8889 slip=-0.0473 d=(-0.03358,-0.07952) av=(0,-0.158856,0)
reseed=0 gear=2 gtmr=2150 in=(0,255,255,0) steer=-1.000 gnd=4.0 sp=1919.32 horiz=1918.34 velH=-1.8942 bodyH=-1.8464 slip=-0.0478 d=(-0.03073,-0.08226) av=(0,-0.159704,0)
reseed=0 gear=2 gtmr=2100 in=(0,255,255,0) steer=-1.000 gnd=4.0 sp=1950.80 horiz=1949.80 velH=-1.8522 bodyH=-1.8039 slip=-0.0483 d=(-0.02771,-0.08488) av=(0,-0.160544,0)
reseed=0 gear=2 gtmr=2050 in=(0,255,255,0) steer=-1.000 gnd=4.0 sp=1981.83 horiz=1980.79 velH=-1.8101 bodyH=-1.7614 slip=-0.0487 d=(-0.02451,-0.08737) av=(0,-0.161377,0)
reseed=0 gear=2 gtmr=2000 in=(0,255,255,0) steer=-1.000 gnd=4.0 sp=2012.38 horiz=2011.32 velH=-1.7681 bodyH=-1.7189 slip=-0.0491 d=(-0.02114,-0.08971) av=(0,-0.162203,0)
reseed=0 gear=2 gtmr=1950 in=(0,255,255,0) steer=-1.000 gnd=4.0 sp=2042.47 horiz=2041.38 velH=-1.7260 bodyH=-1.6764 slip=-0.0496 d=(-0.01762,-0.09191) av=(0,-0.163023,0)
reseed=0 gear=2 gtmr=1900 in=(0,255,255,0) steer=-1.000 gnd=4.0 sp=2072.09 horiz=2070.97 velH=-1.6839 bodyH=-1.6339 slip=-0.0500 d=(-0.01394,-0.09394) av=(0,-0.163837,0)
reseed=0 gear=2 gtmr=1850 in=(0,255,255,0) steer=-1.000 gnd=4.0 sp=2101.24 horiz=2100.09 velH=-1.6418 bodyH=-1.5914 slip=-0.0504 d=(-0.01012,-0.09580) av=(0,-0.164644,0)
reseed=0 gear=2 gtmr=1800 in=(0,255,255,0) steer=-1.000 gnd=4.0 sp=2129.91 horiz=2128.73 velH=-1.5997 bodyH=-1.5489 slip=-0.0508 d=(-0.00616,-0.09748) av=(0,-0.165444,0)
reseed=0 gear=2 gtmr=1750 in=(0,255,255,0) steer=-1.000 gnd=4.0 sp=2158.12 horiz=2156.91 velH=-1.5576 bodyH=-1.5064 slip=-0.0512 d=(-0.00208,-0.09898) av=(0,-0.166238,0)
reseed=0 gear=2 gtmr=1700 in=(0,255,255,0) steer=-1.000 gnd=4.0 sp=2185.85 horiz=2184.61 velH=-1.5155 bodyH=-1.4639 slip=-0.0516 d=(0.00211,-0.10028) av=(0,-0.167025,0)
reseed=0 gear=2 gtmr=1650 in=(0,255,255,0) steer=-1.000 gnd=4.0 sp=2213.11 horiz=2211.85 velH=-1.4734 bodyH=-1.4214 slip=-0.0519 d=(0.00641,-0.10138) av=(0,-0.167806,0)
reseed=0 gear=2 gtmr=1600 in=(0,255,255,0) steer=-1.000 gnd=4.0 sp=2239.91 horiz=2238.61 velH=-1.4312 bodyH=-1.3789 slip=-0.0523 d=(0.01081,-0.10227) av=(0,-0.168579,0)
reseed=0 gear=2 gtmr=1550 in=(0,255,255,0) steer=-1.000 gnd=4.0 sp=2266.23 horiz=2264.91 velH=-1.3891 bodyH=-1.3364 slip=-0.0527 d=(0.01528,-0.10295) av=(0,-0.169345,0)
reseed=0 gear=2 gtmr=1500 in=(0,255,255,0) steer=-1.000 gnd=4.0 sp=2292.09 horiz=2290.74 velH=-1.3470 bodyH=-1.2939 slip=-0.0531 d=(0.01983,-0.10340) av=(0,-0.170105,0)
reseed=0 gear=2 gtmr=1450 in=(0,255,255,0) steer=-1.000 gnd=4.0 sp=2317.48 horiz=2316.10 velH=-1.3048 bodyH=-1.2514 slip=-0.0534 d=(0.02445,-0.10364) av=(0,-0.170857,0)
reseed=0 gear=2 gtmr=1400 in=(0,255,255,0) steer=-1.000 gnd=4.0 sp=2342.41 horiz=2341.01 velH=-1.2627 bodyH=-1.2089 slip=-0.0538 d=(0.02911,-0.10364) av=(0,-0.171601,0)
reseed=0 gear=2 gtmr=1350 in=(0,255,255,0) steer=-1.000 gnd=4.0 sp=2366.88 horiz=2365.45 velH=-1.2205 bodyH=-1.1664 slip=-0.0541 d=(0.03380,-0.10341) av=(0,-0.172338,0)
reseed=0 gear=2 gtmr=1300 in=(0,255,255,0) steer=-1.000 gnd=4.0 sp=2390.90 horiz=2389.44 velH=-1.1783 bodyH=-1.1239 slip=-0.0544 d=(0.03853,-0.10295) av=(0,-0.173067,0)
reseed=0 gear=2 gtmr=1250 in=(0,255,255,0) steer=-1.000 gnd=4.0 sp=2414.45 horiz=2412.97 velH=-1.1362 bodyH=-1.0814 slip=-0.0548 d=(0.04326,-0.10226) av=(0,-0.173789,0)
reseed=0 gear=2 gtmr=1200 in=(0,255,255,0) steer=-1.000 gnd=4.0 sp=2437.56 horiz=2436.05 velH=-1.0940 bodyH=-1.0389 slip=-0.0551 d=(0.04800,-0.10133) av=(0,-0.174502,0)
reseed=0 gear=2 gtmr=1150 in=(0,255,255,0) steer=-1.000 gnd=4.0 sp=2460.22 horiz=2458.68 velH=-1.0518 bodyH=-0.9964 slip=-0.0554 d=(0.05273,-0.10015) av=(0,-0.175208,0)
reseed=0 gear=2 gtmr=1100 in=(0,255,255,0) steer=-1.000 gnd=4.0 sp=2482.43 horiz=2480.87 velH=-1.0096 bodyH=-0.9539 slip=-0.0558 d=(0.05743,-0.09874) av=(0,-0.175905,0)
reseed=0 gear=2 gtmr=1050 in=(0,255,255,0) steer=-1.000 gnd=4.0 sp=2504.21 horiz=2502.62 velH=-0.9675 bodyH=-0.9114 slip=-0.0561 d=(0.06209,-0.09710) av=(0,-0.176594,0)
reseed=0 gear=2 gtmr=1000 in=(0,255,255,0) steer=-1.000 gnd=4.0 sp=2525.55 horiz=2523.93 velH=-0.9253 bodyH=-0.8689 slip=-0.0564 d=(0.06670,-0.09521) av=(0,-0.177275,0)
reseed=0 gear=2 gtmr=950 in=(0,255,255,0) steer=-1.000 gnd=4.0 sp=2546.45 horiz=2544.81 velH=-0.8831 bodyH=-0.8264 slip=-0.0567 d=(0.07126,-0.09310) av=(0,-0.177948,0)
reseed=0 gear=2 gtmr=900 in=(0,255,255,0) steer=-1.000 gnd=4.0 sp=2566.93 horiz=2565.27 velH=-0.8409 bodyH=-0.7839 slip=-0.0570 d=(0.07574,-0.09075) av=(0,-0.178612,0)
reseed=0 gear=2 gtmr=850 in=(0,255,255,0) steer=-1.000 gnd=4.0 sp=2586.99 horiz=2585.30 velH=-0.7987 bodyH=-0.7414 slip=-0.0573 d=(0.08014,-0.08817) av=(0,-0.179267,0)
reseed=0 gear=2 gtmr=800 in=(0,255,255,0) steer=-1.000 gnd=4.0 sp=2606.62 horiz=2604.91 velH=-0.7564 bodyH=-0.6989 slip=-0.0576 d=(0.08443,-0.08537) av=(0,-0.179914,0)
reseed=0 gear=2 gtmr=750 in=(0,255,255,0) steer=-1.000 gnd=4.0 sp=2625.85 horiz=2624.11 velH=-0.7142 bodyH=-0.6564 slip=-0.0578 d=(0.08862,-0.08234) av=(0,-0.180553,0)
reseed=0 gear=2 gtmr=700 in=(0,255,255,0) steer=-1.000 gnd=4.0 sp=2644.66 horiz=2642.90 velH=-0.6720 bodyH=-0.6139 slip=-0.0581 d=(0.09269,-0.07910) av=(0,-0.181182,0)
reseed=0 gear=2 gtmr=650 in=(0,255,255,0) steer=-1.000 gnd=4.0 sp=2663.08 horiz=2661.29 velH=-0.6298 bodyH=-0.5714 slip=-0.0584 d=(0.09663,-0.07566) av=(0,-0.181803,0)
reseed=0 gear=2 gtmr=600 in=(0,255,255,0) steer=-1.000 gnd=4.0 sp=2681.09 horiz=2679.29 velH=-0.5875 bodyH=-0.5289 slip=-0.0587 d=(0.10043,-0.07200) av=(0,-0.182415,0)
reseed=0 gear=2 gtmr=550 in=(0,255,255,0) steer=-1.000 gnd=4.0 sp=2698.72 horiz=2696.89 velH=-0.5453 bodyH=-0.4864 slip=-0.0589 d=(0.10407,-0.06815) av=(0,-0.183018,0)
reseed=0 gear=2 gtmr=500 in=(0,255,255,0) steer=-1.000 gnd=4.0 sp=2715.95 horiz=2714.10 velH=-0.5031 bodyH=-0.4439 slip=-0.0592 d=(0.10755,-0.06411) av=(0,-0.183613,0)
reseed=0 gear=2 gtmr=450 in=(0,255,255,0) steer=-1.000 gnd=4.0 sp=2732.80 horiz=2730.93 velH=-0.4608 bodyH=-0.4014 slip=-0.0594 d=(0.11086,-0.05989) av=(0,-0.184198,0)
reseed=0 gear=2 gtmr=400 in=(0,255,255,0) steer=-1.000 gnd=4.0 sp=2749.28 horiz=2747.39 velH=-0.4186 bodyH=-0.3589 slip=-0.0597 d=(0.11399,-0.05550) av=(0,-0.184775,0)
reseed=0 gear=2 gtmr=350 in=(0,255,255,0) steer=-1.000 gnd=4.0 sp=2765.39 horiz=2763.47 velH=-0.3763 bodyH=-0.3164 slip=-0.0599 d=(0.11693,-0.05094) av=(0,-0.185343,0)
reseed=0 gear=2 gtmr=300 in=(0,255,255,0) steer=-1.000 gnd=4.0 sp=2781.13 horiz=2779.20 velH=-0.3340 bodyH=-0.2739 slip=-0.0602 d=(0.11967,-0.04622) av=(0,-0.185901,0)
reseed=0 gear=2 gtmr=250 in=(0,255,255,0) steer=-1.000 gnd=4.0 sp=2796.52 horiz=2794.56 velH=-0.2918 bodyH=-0.2314 slip=-0.0604 d=(0.12220,-0.04135) av=(0,-0.186451,0)
reseed=0 gear=2 gtmr=200 in=(0,255,255,0) steer=-1.000 gnd=4.0 sp=2811.55 horiz=2809.57 velH=-0.2495 bodyH=-0.1889 slip=-0.0607 d=(0.12452,-0.03635) av=(0,-0.186992,0)
reseed=0 gear=2 gtmr=150 in=(0,255,255,0) steer=-1.000 gnd=4.0 sp=2826.23 horiz=2824.23 velH=-0.2072 bodyH=-0.1463 slip=-0.0609 d=(0.12662,-0.03123) av=(0,-0.187524,0)
reseed=0 gear=2 gtmr=100 in=(0,255,255,0) steer=-1.000 gnd=4.0 sp=2840.57 horiz=2838.55 velH=-0.1650 bodyH=-0.1038 slip=-0.0611 d=(0.12848,-0.02598) av=(0,-0.188047,0)
reseed=1 gear=2 gtmr=49 in=(0,255,255,0) steer=-1.000 gnd=4.0 sp=1460.53 horiz=1460.42 velH=1.7701 bodyH=1.7878 slip=-0.0177 d=(-0.01192,0.06521) av=(0,-0.178165,0)
reseed=0 gear=3 gtmr=3000 in=(0,255,255,0) steer=-1.000 gnd=4.0 sp=1499.62 horiz=1499.34 velH=1.8013 bodyH=1.8295 slip=-0.0282 d=(-0.01389,0.06671) av=(0,-0.16357,0)
reseed=0 gear=3 gtmr=2950 in=(0,255,255,0) steer=-1.000 gnd=4.0 sp=1543.63 horiz=1543.21 velH=1.8382 bodyH=1.8720 slip=-0.0338 d=(-0.01648,0.06804) av=(0,-0.156953,0)
reseed=0 gear=3 gtmr=2900 in=(0,255,255,0) steer=-1.000 gnd=4.0 sp=1586.77 horiz=1586.25 velH=1.8773 bodyH=1.9145 slip=-0.0372 d=(-0.01956,0.06932) av=(0,-0.154713,0)
reseed=0 gear=3 gtmr=2850 in=(0,255,255,0) steer=-1.000 gnd=4.0 sp=1629.17 horiz=1628.58 velH=1.9176 bodyH=1.9570 slip=-0.0394 d=(-0.02288,0.07039) av=(0,-0.15344,0)
reseed=0 gear=3 gtmr=2800 in=(0,255,255,0) steer=-1.000 gnd=4.0 sp=1670.93 horiz=1670.28 velH=1.9586 bodyH=1.9995 slip=-0.0409 d=(-0.02639,0.07124) av=(0,-0.153462,0)
reseed=0 gear=3 gtmr=2750 in=(0,255,255,0) steer=-1.000 gnd=4.0 sp=1712.10 horiz=1711.41 velH=2.0000 bodyH=2.0420 slip=-0.0420 d=(-0.03003,0.07188) av=(0,-0.154076,0)
reseed=0 gear=3 gtmr=2700 in=(0,255,255,0) steer=-1.000 gnd=4.0 sp=1752.71 horiz=1751.97 velH=2.0416 bodyH=2.0845 slip=-0.0429 d=(-0.03379,0.07229) av=(0,-0.154951,0)
reseed=0 gear=3 gtmr=2650 in=(0,255,255,0) steer=-1.000 gnd=4.0 sp=1792.76 horiz=1791.99 velH=2.0833 bodyH=2.1270 slip=-0.0437 d=(-0.03763,0.07249) av=(0,-0.155933,0)
reseed=0 gear=3 gtmr=2600 in=(0,255,255,0) steer=-1.000 gnd=4.0 sp=1832.27 horiz=1831.46 velH=2.1251 bodyH=2.1695 slip=-0.0444 d=(-0.04154,0.07246) av=(0,-0.156954,0)
reseed=0 gear=3 gtmr=2550 in=(0,255,255,0) steer=-1.000 gnd=4.0 sp=1871.23 horiz=1870.38 velH=2.1670 bodyH=2.2120 slip=-0.0450 d=(-0.04550,0.07220) av=(0,-0.157984,0)
reseed=0 gear=3 gtmr=2500 in=(0,255,255,0) steer=-1.000 gnd=4.0 sp=1909.64 horiz=1908.76 velH=2.2089 bodyH=2.2545 slip=-0.0456 d=(-0.04951,0.07171) av=(0,-0.15901,0)
reseed=0 gear=3 gtmr=2450 in=(0,255,255,0) steer=-1.000 gnd=4.0 sp=1947.50 horiz=1946.58 velH=2.2508 bodyH=2.2970 slip=-0.0462 d=(-0.05353,0.07099) av=(0,-0.160028,0)
reseed=0 gear=3 gtmr=2400 in=(0,255,255,0) steer=-1.000 gnd=4.0 sp=1984.80 horiz=1983.84 velH=2.2928 bodyH=2.3395 slip=-0.0468 d=(-0.05757,0.07004) av=(0,-0.161036,0)
reseed=0 gear=3 gtmr=2350 in=(0,255,255,0) steer=-1.000 gnd=4.0 sp=2021.54 horiz=2020.55 velH=2.3347 bodyH=2.3820 slip=-0.0473 d=(-0.06160,0.06884) av=(0,-0.162036,0)
reseed=0 gear=3 gtmr=2300 in=(0,255,255,0) steer=-1.000 gnd=4.0 sp=2057.71 horiz=2056.68 velH=2.3767 bodyH=2.4245 slip=-0.0478 d=(-0.06562,0.06742) av=(0,-0.163028,0)
reseed=0 gear=3 gtmr=2250 in=(0,255,255,0) steer=-1.000 gnd=4.0 sp=2093.31 horiz=2092.25 velH=2.4187 bodyH=2.4670 slip=-0.0483 d=(-0.06960,0.06575) av=(0,-0.164011,0)
reseed=0 gear=3 gtmr=2200 in=(0,255,255,0) steer=-1.000 gnd=4.0 sp=2128.34 horiz=2127.25 velH=2.4607 bodyH=2.5095 slip=-0.0488 d=(-0.07354,0.06385) av=(0,-0.164987,0)
reseed=0 gear=3 gtmr=2150 in=(0,255,255,0) steer=-1.000 gnd=4.0 sp=2162.80 horiz=2161.68 velH=2.5027 bodyH=2.5520 slip=-0.0493 d=(-0.07742,0.06171) av=(0,-0.165956,0)
reseed=0 gear=3 gtmr=2100 in=(0,255,255,0) steer=-1.000 gnd=4.0 sp=2196.69 horiz=2195.53 velH=2.5447 bodyH=2.5945 slip=-0.0498 d=(-0.08122,0.05934) av=(0,-0.166917,0)
reseed=0 gear=3 gtmr=2050 in=(0,255,255,0) steer=-1.000 gnd=4.0 sp=2230.00 horiz=2228.80 velH=2.5867 bodyH=2.6370 slip=-0.0503 d=(-0.08494,0.05675) av=(0,-0.16787,0)
reseed=0 gear=3 gtmr=2000 in=(0,255,255,0) steer=-1.000 gnd=4.0 sp=2262.73 horiz=2261.50 velH=2.6288 bodyH=2.6795 slip=-0.0508 d=(-0.08856,0.05393) av=(0,-0.168817,0)
reseed=0 gear=3 gtmr=1950 in=(0,255,255,0) steer=-1.000 gnd=4.0 sp=2294.88 horiz=2293.62 velH=2.6708 bodyH=2.7220 slip=-0.0512 d=(-0.09207,0.05089) av=(0,-0.169755,0)
reseed=0 gear=3 gtmr=1900 in=(0,255,255,0) steer=-1.000 gnd=4.0 sp=2326.45 horiz=2325.16 velH=2.7129 bodyH=2.7645 slip=-0.0517 d=(-0.09546,0.04764) av=(0,-0.170686,0)
reseed=0 gear=3 gtmr=1850 in=(0,255,255,0) steer=-1.000 gnd=4.0 sp=2357.45 horiz=2356.13 velH=2.7549 bodyH=2.8070 slip=-0.0521 d=(-0.09870,0.04418) av=(0,-0.17161,0)
reseed=0 gear=3 gtmr=1800 in=(0,255,255,0) steer=-1.000 gnd=4.0 sp=2387.88 horiz=2386.52 velH=2.7970 bodyH=2.8495 slip=-0.0526 d=(-0.10180,0.04052) av=(0,-0.172525,0)
reseed=0 gear=3 gtmr=1750 in=(0,255,255,0) steer=-1.000 gnd=4.0 sp=2417.73 horiz=2416.34 velH=2.8391 bodyH=2.8921 slip=-0.0530 d=(-0.10474,0.03667) av=(0,-0.173432,0)
reseed=0 gear=3 gtmr=1700 in=(0,255,255,0) steer=-1.000 gnd=4.0 sp=2447.01 horiz=2445.59 velH=2.8811 bodyH=2.9346 slip=-0.0534 d=(-0.10750,0.03263) av=(0,-0.174331,0)
reseed=0 gear=3 gtmr=1650 in=(0,255,255,0) steer=-1.000 gnd=4.0 sp=2475.73 horiz=2474.27 velH=2.9232 bodyH=2.9771 slip=-0.0538 d=(-0.11009,0.02842) av=(0,-0.175222,0)
reseed=0 gear=3 gtmr=1600 in=(0,255,255,0) steer=-1.000 gnd=4.0 sp=2503.88 horiz=2502.38 velH=2.9653 bodyH=3.0196 slip=-0.0542 d=(-0.11248,0.02404) av=(0,-0.176103,0)
reseed=0 gear=3 gtmr=1550 in=(0,255,255,0) steer=-1.000 gnd=4.0 sp=2531.46 horiz=2529.94 velH=3.0074 bodyH=3.0621 slip=-0.0546 d=(-0.11467,0.01950) av=(0,-0.176976,0)
reseed=0 gear=3 gtmr=1500 in=(0,255,255,0) steer=-1.000 gnd=4.0 sp=2558.49 horiz=2556.93 velH=3.0495 bodyH=3.1046 slip=-0.0550 d=(-0.11665,0.01482) av=(0,-0.17784,0)
reseed=0 gear=3 gtmr=1450 in=(0,255,255,0) steer=-1.000 gnd=4.0 sp=2584.96 horiz=2583.38 velH=3.0916 bodyH=-3.1361 slip=-0.0554 d=(-0.11841,0.01000) av=(0,-0.178694,0)
reseed=0 gear=3 gtmr=1400 in=(0,255,255,0) steer=-1.000 gnd=4.0 sp=2610.89 horiz=2609.27 velH=3.1338 bodyH=-3.0936 slip=-0.0558 d=(-0.11994,0.00506) av=(0,-0.17954,0)
reseed=0 gear=3 gtmr=1350 in=(0,255,255,0) steer=-1.000 gnd=4.0 sp=2636.27 horiz=2634.62 velH=-3.1073 bodyH=-3.0511 slip=-0.0562 d=(-0.12125,0.00000) av=(0,-0.180375,0)
reseed=0 gear=3 gtmr=1300 in=(0,255,255,0) steer=-1.000 gnd=4.0 sp=2661.11 horiz=2659.43 velH=-3.0652 bodyH=-3.0086 slip=-0.0566 d=(-0.12231,-0.00515) av=(0,-0.181201,0)
reseed=0 gear=3 gtmr=1250 in=(0,255,255,0) steer=-1.000 gnd=4.0 sp=2685.42 horiz=2683.71 velH=-3.0230 bodyH=-2.9661 slip=-0.0569 d=(-0.12312,-0.01039) av=(0,-0.182018,0)
reseed=0 gear=3 gtmr=1200 in=(0,255,255,0) steer=-1.000 gnd=4.0 sp=2709.19 horiz=2707.46 velH=-2.9809 bodyH=-2.9236 slip=-0.0573 d=(-0.12368,-0.01571) av=(0,-0.182824,0)
reseed=0 gear=3 gtmr=1150 in=(0,255,255,0) steer=-1.000 gnd=4.0 sp=2732.45 horiz=2730.68 velH=-2.9387 bodyH=-2.8811 slip=-0.0576 d=(-0.12399,-0.02109) av=(0,-0.18362,0)
reseed=0 gear=3 gtmr=1100 in=(0,255,255,0) steer=-1.000 gnd=4.0 sp=2755.19 horiz=2753.39 velH=-2.8966 bodyH=-2.8386 slip=-0.0580 d=(-0.12404,-0.02652) av=(0,-0.184406,0)
reseed=0 gear=3 gtmr=1050 in=(0,255,255,0) steer=-1.000 gnd=4.0 sp=2777.41 horiz=2775.59 velH=-2.8544 bodyH=-2.7961 slip=-0.0583 d=(-0.12383,-0.03199) av=(0,-0.185182,0)
reseed=0 gear=3 gtmr=1000 in=(0,255,255,0) steer=-1.000 gnd=4.0 sp=2799.14 horiz=2797.29 velH=-2.8123 bodyH=-2.7536 slip=-0.0587 d=(-0.12335,-0.03747) av=(0,-0.185947,0)
reseed=0 gear=3 gtmr=950 in=(0,255,255,0) steer=-1.000 gnd=4.0 sp=2820.36 horiz=2818.48 velH=-2.7701 bodyH=-2.7111 slip=-0.0590 d=(-0.12260,-0.04297) av=(0,-0.186702,0)
reseed=0 gear=3 gtmr=900 in=(0,255,255,0) steer=-1.000 gnd=4.0 sp=2841.10 horiz=2839.19 velH=-2.7279 bodyH=-2.6686 slip=-0.0593 d=(-0.12159,-0.04846) av=(0,-0.187446,0)
reseed=0 gear=3 gtmr=850 in=(0,255,255,0) steer=-1.000 gnd=4.0 sp=2861.35 horiz=2859.42 velH=-2.6857 bodyH=-2.6261 slip=-0.0596 d=(-0.12031,-0.05394) av=(0,-0.18818,0)
reseed=0 gear=3 gtmr=800 in=(0,255,255,0) steer=-1.000 gnd=4.0 sp=2881.13 horiz=2879.17 velH=-2.6435 bodyH=-2.5836 slip=-0.0599 d=(-0.11876,-0.05938) av=(0,-0.188902,0)
reseed=0 gear=3 gtmr=750 in=(0,255,255,0) steer=-1.000 gnd=4.0 sp=2900.43 horiz=2898.45 velH=-2.6013 bodyH=-2.5411 slip=-0.0602 d=(-0.11695,-0.06478) av=(0,-0.189614,0)
reseed=0 gear=3 gtmr=700 in=(0,255,255,0) steer=-1.000 gnd=4.0 sp=2919.28 horiz=2917.27 velH=-2.5591 bodyH=-2.4986 slip=-0.0605 d=(-0.11487,-0.07011) av=(0,-0.190315,0)
reseed=0 gear=3 gtmr=650 in=(0,255,255,0) steer=-1.000 gnd=4.0 sp=2937.67 horiz=2935.63 velH=-2.5169 bodyH=-2.4561 slip=-0.0608 d=(-0.11253,-0.07538) av=(0,-0.191005,0)
reseed=0 gear=3 gtmr=600 in=(0,255,255,0) steer=-1.000 gnd=4.0 sp=2955.61 horiz=2953.55 velH=-2.4747 bodyH=-2.4136 slip=-0.0611 d=(-0.10993,-0.08056) av=(0,-0.191685,0)
reseed=0 gear=3 gtmr=550 in=(0,255,255,0) steer=-1.000 gnd=4.0 sp=2973.11 horiz=2971.02 velH=-2.4325 bodyH=-2.3711 slip=-0.0614 d=(-0.10708,-0.08564) av=(0,-0.192353,0)
reseed=0 gear=3 gtmr=500 in=(0,255,255,0) steer=-1.000 gnd=4.0 sp=2990.18 horiz=2988.07 velH=-2.3903 bodyH=-2.3286 slip=-0.0617 d=(-0.10398,-0.09062) av=(0,-0.19301,0)
reseed=0 gear=3 gtmr=450 in=(0,255,255,0) steer=-1.000 gnd=4.0 sp=3006.83 horiz=3004.69 velH=-2.3480 bodyH=-2.2861 slip=-0.0620 d=(-0.10063,-0.09546) av=(0,-0.193656,0)
