reseed=1 in=(0,0,255,0) steer=+0.000 gnd=4.0 sp=13.33 horiz=13.33 velH=1.5498 bodyH=1.5498 slip=+0.0000 d=(0.00000,0.00000) av=(0,0,0)
reseed=0 in=(0,0,255,0) steer=+0.000 gnd=4.0 sp=26.94 horiz=26.94 velH=1.5498 bodyH=1.5498 slip=+0.0000 d=(0.00001,0.00062) av=(0,0,0)
reseed=0 in=(0,0,255,0) steer=+0.000 gnd=4.0 sp=41.34 horiz=41.34 velH=1.5498 bodyH=1.5498 slip=+0.0000 d=(0.00003,0.00125) av=(0,0,0)
reseed=0 in=(0,0,255,0) steer=+0.000 gnd=4.0 sp=56.58 horiz=56.58 velH=1.5498 bodyH=1.5498 slip=+0.0000 d=(0.00004,0.00192) av=(0,0,0)
reseed=0 in=(0,0,255,0) steer=+0.000 gnd=4.0 sp=72.71 horiz=72.71 velH=1.5498 bodyH=1.5498 slip=+0.0000 d=(0.00006,0.00262) av=(0,0,0)
reseed=0 in=(0,0,255,0) steer=+0.000 gnd=4.0 sp=89.77 horiz=89.77 velH=1.5498 bodyH=1.5498 slip=+0.0000 d=(0.00007,0.00337) av=(0,6.10629e-17,0)
reseed=0 in=(0,0,255,0) steer=+0.000 gnd=4.0 sp=107.82 horiz=107.82 velH=1.5498 bodyH=1.5498 slip=+0.0000 d=(0.00009,0.00416) av=(0,3.42809e-17,0)
reseed=0 in=(0,0,255,0) steer=+0.000 gnd=4.0 sp=126.92 horiz=126.92 velH=1.5498 bodyH=1.5498 slip=+0.0000 d=(0.00011,0.00500) av=(0,1.7569e-16,0)
reseed=0 in=(0,0,255,0) steer=+0.000 gnd=4.0 sp=147.12 horiz=147.12 velH=1.5498 bodyH=1.5498 slip=+0.0000 d=(0.00012,0.00588) av=(0,0,0)
reseed=0 in=(0,0,255,0) steer=+0.000 gnd=4.0 sp=168.48 horiz=168.48 velH=1.5498 bodyH=1.5498 slip=+0.0000 d=(0.00014,0.00682) av=(0,0,0)
reseed=0 in=(0,0,255,0) steer=+0.000 gnd=4.0 sp=191.06 horiz=191.06 velH=1.5498 bodyH=1.5498 slip=+0.0000 d=(0.00016,0.00781) av=(0,0,0)
reseed=0 in=(0,0,255,0) steer=+0.000 gnd=4.0 sp=214.94 horiz=214.94 velH=1.5498 bodyH=1.5498 slip=+0.0000 d=(0.00019,0.00885) av=(0,1.00914e-15,0)
reseed=0 in=(0,0,255,0) steer=+0.000 gnd=4.0 sp=240.17 horiz=240.17 velH=1.5498 bodyH=1.5498 slip=+0.0000 d=(0.00021,0.00996) av=(0,2.39966e-16,0)
reseed=0 in=(0,0,255,0) steer=+0.000 gnd=4.0 sp=266.83 horiz=266.83 velH=1.5498 bodyH=1.5498 slip=+0.0000 d=(0.00023,0.01113) av=(0,3.08528e-16,0)
reseed=0 in=(0,0,255,0) steer=+0.000 gnd=4.0 sp=281.66 horiz=281.66 velH=1.5498 bodyH=1.5498 slip=+0.0000 d=(0.00026,0.01236) av=(0,2.75318e-15,0)
reseed=0 in=(0,0,255,0) steer=+0.000 gnd=4.0 sp=297.33 horiz=297.33 velH=1.5498 bodyH=1.5498 slip=+0.0000 d=(0.00027,0.01305) av=(0,3.7709e-16,0)
reseed=0 in=(0,0,255,0) steer=+0.000 gnd=4.0 sp=313.88 horiz=313.88 velH=1.5498 bodyH=1.5498 slip=+0.0000 d=(0.00029,0.01378) av=(0,0,0)
reseed=0 in=(0,0,255,0) steer=+0.000 gnd=4.0 sp=331.35 horiz=331.35 velH=1.5498 bodyH=1.5498 slip=+0.0000 d=(0.00031,0.01454) av=(0,4.45652e-16,0)
reseed=0 in=(0,0,255,0) steer=+0.000 gnd=4.0 sp=349.81 horiz=349.81 velH=1.5498 bodyH=1.5498 slip=+0.0000 d=(0.00032,0.01535) av=(0,0,0)
reseed=0 in=(0,0,255,0) steer=+0.000 gnd=4.0 sp=369.28 horiz=369.28 velH=1.5498 bodyH=1.5498 slip=+0.0000 d=(0.00034,0.01621) av=(0,0,0)
reseed=0 in=(0,0,255,0) steer=+0.000 gnd=4.0 sp=389.85 horiz=389.85 velH=1.5498 bodyH=1.5498 slip=+0.0000 d=(0.00036,0.01711) av=(0,3.42809e-17,0)
reseed=0 in=(0,0,255,0) steer=+0.000 gnd=4.0 sp=411.54 horiz=411.54 velH=1.5498 bodyH=1.5498 slip=+0.0000 d=(0.00038,0.01806) av=(0,0,0)
reseed=0 in=(0,0,255,0) steer=+0.000 gnd=4.0 sp=434.44 horiz=434.44 velH=1.5498 bodyH=1.5498 slip=+0.0000 d=(0.00040,0.01907) av=(0,6.10629e-17,0)
reseed=0 in=(0,0,255,0) steer=+0.000 gnd=4.0 sp=458.60 horiz=458.60 velH=1.5498 bodyH=1.5498 slip=+0.0000 d=(0.00042,0.02013) av=(0,6.77048e-16,0)
reseed=0 in=(0,0,255,0) steer=+0.000 gnd=4.0 sp=484.07 horiz=484.07 velH=1.5498 bodyH=1.5498 slip=+0.0000 d=(0.00045,0.02125) av=(0,2.19644e-14,0)
reseed=0 in=(0,0,255,0) steer=+0.000 gnd=4.0 sp=510.94 horiz=510.94 velH=1.5498 bodyH=1.5498 slip=+0.0000 d=(0.00047,0.02243) av=(0,2.68077e-14,0)
reseed=0 in=(0,0,255,0) steer=+0.000 gnd=4.0 sp=539.27 horiz=539.27 velH=1.5498 bodyH=1.5498 slip=+0.0000 d=(0.00050,0.02368) av=(0,3.40152e-14,0)
reseed=0 in=(0,0,255,0) steer=+0.000 gnd=4.0 sp=569.13 horiz=569.13 velH=1.5498 bodyH=1.5498 slip=+0.0000 d=(0.00053,0.02499) av=(0,1.02521e-15,0)
reseed=0 in=(0,0,255,0) steer=+0.000 gnd=4.0 sp=600.60 horiz=600.60 velH=1.5498 bodyH=1.5498 slip=+0.0000 d=(0.00055,0.02637) av=(0,3.42809e-17,0)
reseed=0 in=(0,0,255,0) steer=+0.000 gnd=4.0 sp=633.75 horiz=633.75 velH=1.5498 bodyH=1.5498 slip=+0.0000 d=(0.00059,0.02783) av=(0,6.20463e-14,0)
reseed=0 in=(0,0,255,0) steer=+0.000 gnd=4.0 sp=668.68 horiz=668.68 velH=1.5498 bodyH=1.5498 slip=+0.0000 d=(0.00062,0.02937) av=(0,0,0)
reseed=0 in=(0,0,255,0) steer=+0.000 gnd=4.0 sp=705.45 horiz=705.45 velH=1.5498 bodyH=1.5498 slip=+0.0000 d=(0.00065,0.03098) av=(0,9.5212e-14,0)
reseed=0 in=(0,0,255,0) steer=+0.000 gnd=4.0 sp=744.16 horiz=744.16 velH=1.5498 bodyH=1.5498 slip=+0.0000 d=(0.00069,0.03269) av=(0,0,0)
reseed=0 in=(0,0,255,0) steer=+0.000 gnd=4.0 sp=784.89 horiz=784.89 velH=1.5498 bodyH=1.5498 slip=+0.0000 d=(0.00072,0.03448) av=(0,2.57107e-15,0)
reseed=0 in=(0,0,255,0) steer=+0.000 gnd=4.0 sp=827.75 horiz=827.75 velH=1.5498 bodyH=1.5498 slip=+0.0000 d=(0.00076,0.03637) av=(0,0,0)
reseed=0 in=(0,0,255,0) steer=+0.000 gnd=4.0 sp=872.82 horiz=872.82 velH=1.5498 bodyH=1.5498 slip=+0.0000 d=(0.00081,0.03835) av=(0,7.17328e-15,0)
reseed=0 in=(0,0,255,0) steer=+0.000 gnd=4.0 sp=920.20 horiz=920.20 velH=1.5498 bodyH=1.5498 slip=+0.0000 d=(0.00085,0.04044) av=(0,0,0)
reseed=0 in=(0,0,255,0) steer=+0.000 gnd=4.0 sp=969.99 horiz=969.99 velH=1.5498 bodyH=1.5498 slip=+0.0000 d=(0.00090,0.04264) av=(0,3.9423e-15,0)
reseed=0 in=(0,0,255,0) steer=+0.000 gnd=4.0 sp=1022.29 horiz=1022.29 velH=1.5498 bodyH=1.5498 slip=+0.0000 d=(0.00094,0.04495) av=(0,1.30996e-14,0)
reseed=0 in=(0,0,255,0) steer=+0.000 gnd=4.0 sp=1077.20 horiz=1077.20 velH=1.5498 bodyH=1.5498 slip=+0.0000 d=(0.00100,0.04737) av=(0,0,0)
reseed=0 in=(0,0,255,0) steer=+0.000 gnd=4.0 sp=1134.84 horiz=1134.84 velH=1.5498 bodyH=1.5498 slip=+0.0000 d=(0.00105,0.04991) av=(0,1.37124e-16,0)
reseed=0 in=(0,0,255,0) steer=+0.000 gnd=4.0 sp=1194.31 horiz=1194.31 velH=1.5498 bodyH=1.5498 slip=+0.0000 d=(0.00111,0.05258) av=(0,5.99694e-13,0)
reseed=0 in=(0,0,255,0) steer=+0.000 gnd=4.0 sp=1253.54 horiz=1253.54 velH=1.5498 bodyH=1.5498 slip=+0.0000 d=(0.00116,0.05534) av=(0,2.11952e-14,0)
reseed=0 in=(0,0,255,0) steer=+0.000 gnd=4.0 sp=1312.48 horiz=1312.48 velH=1.5498 bodyH=1.5498 slip=+0.0000 d=(0.00122,0.05808) av=(0,0,0)
reseed=0 in=(0,0,255,0) steer=+0.000 gnd=4.0 sp=1371.11 horiz=1371.11 velH=1.5498 bodyH=1.5498 slip=+0.0000 d=(0.00128,0.06082) av=(0,7.88993e-13,0)
reseed=0 in=(0,0,255,0) steer=+0.000 gnd=4.0 sp=1429.40 horiz=1429.40 velH=1.5498 bodyH=1.5498 slip=+0.0000 d=(0.00134,0.06353) av=(0,6.13628e-15,0)
reseed=0 in=(0,0,255,0) steer=+0.000 gnd=4.0 sp=1487.32 horiz=1487.32 velH=1.5498 bodyH=1.5498 slip=+0.0000 d=(0.00139,0.06623) av=(0,9.32925e-13,0)
reseed=0 in=(0,0,255,0) steer=+0.000 gnd=4.0 sp=1544.86 horiz=1544.86 velH=1.5498 bodyH=1.5498 slip=+0.0000 d=(0.00145,0.06892) av=(0,1.16984e-15,0)
reseed=0 in=(0,0,255,0) steer=+0.000 gnd=4.0 sp=1601.99 horiz=1601.99 velH=1.5498 bodyH=1.5498 slip=+0.0000 d=(0.00150,0.07158) av=(0,2.05685e-16,0)
reseed=0 in=(0,0,255,0) steer=+0.000 gnd=4.0 sp=1658.67 horiz=1658.67 velH=1.5498 bodyH=1.5498 slip=+0.0000 d=(0.00156,0.07423) av=(0,0,0)
reseed=0 in=(0,0,255,0) steer=+0.000 gnd=4.0 sp=1714.90 horiz=1714.90 velH=1.5498 bodyH=1.5498 slip=+0.0000 d=(0.00162,0.07686) av=(0,4.74555e-14,0)
reseed=0 in=(0,0,255,0) steer=+0.000 gnd=4.0 sp=1770.64 horiz=1770.64 velH=1.5498 bodyH=1.5498 slip=+0.0000 d=(0.00167,0.07946) av=(0,1.32155e-12,0)
reseed=0 in=(0,0,255,0) steer=+0.000 gnd=4.0 sp=1825.87 horiz=1825.87 velH=1.5498 bodyH=1.5498 slip=+0.0000 d=(0.00172,0.08204) av=(0,2.39966e-16,0)
reseed=0 in=(0,0,255,0) steer=+0.000 gnd=4.0 sp=1880.58 horiz=1880.58 velH=1.5498 bodyH=1.5498 slip=+0.0000 d=(0.00178,0.08460) av=(0,1.48709e-12,0)
reseed=0 in=(0,0,255,0) steer=+0.000 gnd=4.0 sp=1934.74 horiz=1934.74 velH=1.5498 bodyH=1.5498 slip=+0.0000 d=(0.00183,0.08714) av=(0,0,0)
reseed=0 in=(0,0,255,0) steer=+0.000 gnd=4.0 sp=1988.34 horiz=1988.34 velH=1.5498 bodyH=1.5498 slip=+0.0000 d=(0.00188,0.08965) av=(0,8.53594e-15,0)
reseed=0 in=(0,0,255,0) steer=+0.000 gnd=4.0 sp=2041.35 horiz=2041.35 velH=1.5498 bodyH=1.5498 slip=+0.0000 d=(0.00194,0.09213) av=(0,1.75024e-12,0)
reseed=0 in=(0,0,255,0) steer=+0.000 gnd=4.0 sp=2093.76 horiz=2093.76 velH=1.5498 bodyH=1.5498 slip=+0.0000 d=(0.00199,0.09459) av=(0,1.8474e-12,0)
reseed=0 in=(128,0,255,0) steer=+0.500 gnd=4.0 sp=2144.56 horiz=2144.50 velH=1.5389 bodyH=1.5284 slip=+0.0104 d=(0.00204,0.09702) av=(0,0.0449128,0)
reseed=0 in=(128,0,255,0) steer=+0.500 gnd=4.0 sp=2194.36 horiz=2194.19 velH=1.5244 bodyH=1.5071 slip=+0.0173 d=(0.00317,0.09934) av=(0,0.0742562,0)
reseed=0 in=(128,0,255,0) steer=+0.500 gnd=4.0 sp=2243.15 horiz=2242.88 velH=1.5077 bodyH=1.4858 slip=+0.0219 d=(0.00471,0.10158) av=(0,0.0940689,0)
reseed=0 in=(128,0,255,0) steer=+0.500 gnd=4.0 sp=2290.99 horiz=2290.63 velH=1.4895 bodyH=1.4644 slip=+0.0251 d=(0.00655,0.10374) av=(0,0.10766,0)
reseed=0 in=(128,0,255,0) steer=+0.500 gnd=4.0 sp=2337.93 horiz=2337.51 velH=1.4704 bodyH=1.4431 slip=+0.0273 d=(0.00862,0.10581) av=(0,0.117147,0)
reseed=0 in=(128,0,255,0) steer=+0.500 gnd=4.0 sp=2384.02 horiz=2383.55 velH=1.4506 bodyH=1.4218 slip=+0.0288 d=(0.01086,0.10779) av=(0,0.123897,0)
reseed=0 in=(128,0,255,0) steer=+0.500 gnd=4.0 sp=2429.30 horiz=2428.78 velH=1.4304 bodyH=1.4004 slip=+0.0300 d=(0.01325,0.10967) av=(0,0.128796,0)
reseed=0 in=(128,0,255,0) steer=+0.500 gnd=4.0 sp=2473.80 horiz=2473.24 velH=1.4099 bodyH=1.3791 slip=+0.0308 d=(0.01575,0.11146) av=(0,0.132431,0)
reseed=0 in=(128,0,255,0) steer=+0.500 gnd=4.0 sp=2517.51 horiz=2516.92 velH=1.3893 bodyH=1.3578 slip=+0.0315 d=(0.01836,0.11315) av=(0,0.135191,0)
reseed=0 in=(128,0,255,0) steer=+0.500 gnd=4.0 sp=2560.47 horiz=2559.85 velH=1.3685 bodyH=1.3364 slip=+0.0320 d=(0.02106,0.11473) av=(0,0.137344,0)
reseed=0 in=(128,0,255,0) steer=+0.500 gnd=4.0 sp=2602.67 horiz=2602.02 velH=1.3476 bodyH=1.3151 slip=+0.0325 d=(0.02384,0.11622) av=(0,0.139072,0)
reseed=0 in=(128,0,255,0) steer=+0.500 gnd=4.0 sp=2644.12 horiz=2643.45 velH=1.3266 bodyH=1.2938 slip=+0.0329 d=(0.02669,0.11760) av=(0,0.1405,0)
reseed=0 in=(128,0,255,0) steer=+0.500 gnd=4.0 sp=2684.82 horiz=2684.12 velH=1.3057 bodyH=1.2724 slip=+0.0332 d=(0.02962,0.11888) av=(0,0.141716,0)
reseed=0 in=(128,0,255,0) steer=+0.500 gnd=4.0 sp=2724.77 horiz=2724.06 velH=1.2846 bodyH=1.2511 slip=+0.0335 d=(0.03260,0.12005) av=(0,0.142783,0)
reseed=0 in=(128,0,255,0) steer=+0.500 gnd=4.0 sp=2763.98 horiz=2763.25 velH=1.2636 bodyH=1.2298 slip=+0.0338 d=(0.03564,0.12112) av=(0,0.143742,0)
reseed=0 in=(128,0,255,0) steer=+0.500 gnd=4.0 sp=2802.45 horiz=2801.70 velH=1.2425 bodyH=1.2084 slip=+0.0341 d=(0.03873,0.12207) av=(0,0.144623,0)
reseed=0 in=(128,0,255,0) steer=+0.500 gnd=4.0 sp=2840.18 horiz=2839.41 velH=1.2215 bodyH=1.1871 slip=+0.0344 d=(0.04186,0.12292) av=(0,0.145448,0)
reseed=0 in=(128,0,255,0) steer=+0.500 gnd=4.0 sp=2877.18 horiz=2876.38 velH=1.2004 bodyH=1.1658 slip=+0.0346 d=(0.04504,0.12365) av=(0,0.146231,0)
reseed=0 in=(128,0,255,0) steer=+0.500 gnd=4.0 sp=2913.44 horiz=2912.63 velH=1.1793 bodyH=1.1444 slip=+0.0349 d=(0.04826,0.12427) av=(0,0.146983,0)
reseed=0 in=(128,0,255,0) steer=+0.500 gnd=4.0 sp=2948.95 horiz=2948.12 velH=1.1582 bodyH=1.1231 slip=+0.0351 d=(0.05151,0.12478) av=(0,0.14258,0)
reseed=0 in=(128,0,255,0) steer=+0.500 gnd=4.0 sp=2983.74 horiz=2982.89 velH=1.1371 bodyH=1.1018 slip=+0.0353 d=(0.05479,0.12517) av=(0,0.139848,0)
reseed=0 in=(128,0,255,0) steer=+0.500 gnd=4.0 sp=3017.81 horiz=3016.95 velH=1.1159 bodyH=1.0804 slip=+0.0355 d=(0.05810,0.12545) av=(0,0.138222,0)
reseed=0 in=(128,0,255,0) steer=+0.500 gnd=4.0 sp=3051.17 horiz=3050.29 velH=1.0948 bodyH=1.0591 slip=+0.0357 d=(0.06143,0.12561) av=(0,0.137326,0)
reseed=0 in=(128,0,255,0) steer=+0.500 gnd=4.0 sp=3083.82 horiz=3082.92 velH=1.0737 bodyH=1.0378 slip=+0.0359 d=(0.06478,0.12566) av=(0,0.136914,0)
reseed=0 in=(128,0,255,0) steer=+0.500 gnd=4.0 sp=3115.76 horiz=3114.84 velH=1.0525 bodyH=1.0164 slip=+0.0361 d=(0.06814,0.12559) av=(0,0.136819,0)
reseed=0 in=(128,0,255,0) steer=+0.500 gnd=4.0 sp=3147.00 horiz=3146.07 velH=1.0314 bodyH=0.9951 slip=+0.0363 d=(0.07151,0.12541) av=(0,0.136932,0)
reseed=0 in=(128,0,255,0) steer=+0.500 gnd=4.0 sp=3177.56 horiz=3176.61 velH=1.0103 bodyH=0.9738 slip=+0.0365 d=(0.07489,0.12511) av=(0,0.137181,0)
reseed=1 in=(128,0,255,0) steer=+0.500 gnd=4.0 sp=1644.59 horiz=1644.56 velH=1.7008 bodyH=1.6914 slip=+0.0094 d=(-0.01042,0.07289) av=(0,0.121458,0)
reseed=0 in=(128,0,255,0) steer=+0.500 gnd=4.0 sp=1699.73 horiz=1699.63 velH=1.6856 bodyH=1.6701 slip=+0.0155 d=(-0.00988,0.07558) av=(0,0.121653,0)
reseed=0 in=(128,0,255,0) steer=+0.500 gnd=4.0 sp=1754.13 horiz=1753.96 velH=1.6683 bodyH=1.6488 slip=+0.0196 d=(-0.00902,0.07825) av=(0,0.122778,0)
reseed=0 in=(128,0,255,0) steer=+0.500 gnd=4.0 sp=1807.82 horiz=1807.59 velH=1.6498 bodyH=1.6274 slip=+0.0224 d=(-0.00792,0.08090) av=(0,0.124276,0)
reseed=0 in=(128,0,255,0) steer=+0.500 gnd=4.0 sp=1860.82 horiz=1860.55 velH=1.6304 bodyH=1.6061 slip=+0.0243 d=(-0.00661,0.08351) av=(0,0.125861,0)
reseed=0 in=(128,0,255,0) steer=+0.500 gnd=4.0 sp=1913.15 horiz=1912.84 velH=1.6105 bodyH=1.5848 slip=+0.0258 d=(-0.00514,0.08608) av=(0,0.127398,0)
reseed=0 in=(128,0,255,0) steer=+0.500 gnd=4.0 sp=1964.82 horiz=1964.47 velH=1.5903 bodyH=1.5634 slip=+0.0268 d=(-0.00352,0.08858) av=(0,0.128829,0)
reseed=0 in=(128,0,255,0) steer=+0.500 gnd=4.0 sp=2015.83 horiz=2015.45 velH=1.5698 bodyH=1.5421 slip=+0.0277 d=(-0.00177,0.09103) av=(0,0.130142,0)
reseed=0 in=(128,0,255,0) steer=+0.500 gnd=4.0 sp=2066.18 horiz=2065.77 velH=1.5491 bodyH=1.5208 slip=+0.0284 d=(0.00010,0.09341) av=(0,0.131341,0)
reseed=0 in=(128,0,255,0) steer=+0.500 gnd=4.0 sp=2115.87 horiz=2115.43 velH=1.5284 bodyH=1.4994 slip=+0.0289 d=(0.00207,0.09572) av=(0,0.132442,0)
reseed=0 in=(128,0,255,0) steer=+0.500 gnd=4.0 sp=2164.88 horiz=2164.42 velH=1.5075 bodyH=1.4781 slip=+0.0294 d=(0.00416,0.09795) av=(0,0.133461,0)
reseed=0 in=(128,0,255,0) steer=+0.500 gnd=4.0 sp=2213.21 horiz=2212.73 velH=1.4867 bodyH=1.4568 slip=+0.0299 d=(0.00634,0.10011) av=(0,0.134416,0)
reseed=0 in=(128,0,255,0) steer=+0.500 gnd=4.0 sp=2260.85 horiz=2260.35 velH=1.4657 bodyH=1.4354 slip=+0.0303 d=(0.00862,0.10219) av=(0,0.135319,0)
reseed=0 in=(128,0,255,0) steer=+0.500 gnd=4.0 sp=2307.80 horiz=2307.27 velH=1.4448 bodyH=1.4141 slip=+0.0307 d=(0.01099,0.10418) av=(0,0.136182,0)
reseed=0 in=(128,0,255,0) steer=+0.500 gnd=4.0 sp=2354.04 horiz=2353.50 velH=1.4238 bodyH=1.3928 slip=+0.0311 d=(0.01344,0.10609) av=(0,0.137014,0)
reseed=0 in=(128,0,255,0) steer=+0.500 gnd=4.0 sp=2399.58 horiz=2399.01 velH=1.4028 bodyH=1.3714 slip=+0.0314 d=(0.01598,0.10790) av=(0,0.137823,0)
reseed=0 in=(128,0,255,0) steer=+0.500 gnd=4.0 sp=2444.40 horiz=2443.81 velH=1.3818 bodyH=1.3501 slip=+0.0317 d=(0.01859,0.10962) av=(0,0.138613,0)
reseed=0 in=(128,0,255,0) steer=+0.500 gnd=4.0 sp=2488.49 horiz=2487.89 velH=1.3608 bodyH=1.3287 slip=+0.0320 d=(0.02128,0.11125) av=(0,0.139389,0)
reseed=0 in=(128,0,255,0) steer=+0.500 gnd=4.0 sp=2531.86 horiz=2531.24 velH=1.3398 bodyH=1.3074 slip=+0.0324 d=(0.02404,0.11277) av=(0,0.140152,0)
reseed=1 in=(128,0,255,0) steer=+0.500 gnd=4.0 sp=1324.00 horiz=1323.99 velH=1.7338 bodyH=1.7275 slip=+0.0063 d=(-0.01020,0.05778) av=(0,0.11973,0)
reseed=0 in=(128,0,255,0) steer=+0.500 gnd=4.0 sp=1381.60 horiz=1381.56 velH=1.7196 bodyH=1.7087 slip=+0.0109 d=(-0.00996,0.06055) av=(0,0.120019,0)
reseed=0 in=(128,0,255,0) steer=+0.500 gnd=4.0 sp=1438.69 horiz=1438.61 velH=1.7036 bodyH=1.6891 slip=+0.0146 d=(-0.00949,0.06332) av=(0,0.120083,0)
reseed=0 in=(128,0,255,0) steer=+0.500 gnd=4.0 sp=1495.25 horiz=1495.13 velH=1.6862 bodyH=1.6686 slip=+0.0176 d=(-0.00883,0.06609) av=(0,0.120827,0)
reseed=0 in=(128,0,255,0) steer=+0.500 gnd=4.0 sp=1551.25 horiz=1551.09 velH=1.6676 bodyH=1.6473 slip=+0.0202 d=(-0.00798,0.06883) av=(0,0.121968,0)
reseed=0 in=(128,0,255,0) steer=+0.500 gnd=4.0 sp=1606.69 horiz=1606.49 velH=1.6482 bodyH=1.6260 slip=+0.0222 d=(-0.00695,0.07155) av=(0,0.123257,0)
reseed=0 in=(128,0,255,0) steer=+0.500 gnd=4.0 sp=1661.58 horiz=1661.35 velH=1.6283 bodyH=1.6047 slip=+0.0236 d=(-0.00576,0.07423) av=(0,0.124553,0)
reseed=0 in=(128,0,255,0) steer=+0.500 gnd=4.0 sp=1715.91 horiz=1715.65 velH=1.6080 bodyH=1.5833 slip=+0.0247 d=(-0.00442,0.07687) av=(0,0.125792,0)
reseed=0 in=(128,0,255,0) steer=+0.500 gnd=4.0 sp=1769.68 horiz=1769.38 velH=1.5876 bodyH=1.5620 slip=+0.0256 d=(-0.00296,0.07946) av=(0,0.126954,0)
reseed=0 in=(128,0,255,0) steer=+0.500 gnd=4.0 sp=1822.86 horiz=1822.55 velH=1.5670 bodyH=1.5407 slip=+0.0263 d=(-0.00138,0.08199) av=(0,0.128037,0)
reseed=0 in=(128,0,255,0) steer=+0.500 gnd=4.0 sp=1875.47 horiz=1875.13 velH=1.5463 bodyH=1.5193 slip=+0.0270 d=(0.00032,0.08447) av=(0,0.129052,0)
reseed=0 in=(128,0,255,0) steer=+0.500 gnd=4.0 sp=1927.47 horiz=1927.11 velH=1.5255 bodyH=1.4980 slip=+0.0275 d=(0.00213,0.08688) av=(0,0.130008,0)
reseed=0 in=(128,0,255,0) steer=+0.500 gnd=4.0 sp=1978.86 horiz=1978.47 velH=1.5047 bodyH=1.4767 slip=+0.0280 d=(0.00404,0.08922) av=(0,0.130918,0)
reseed=0 in=(128,0,255,0) steer=+0.500 gnd=4.0 sp=2029.62 horiz=2029.21 velH=1.4838 bodyH=1.4553 slip=+0.0285 d=(0.00606,0.09149) av=(0,0.131792,0)
reseed=0 in=(128,0,255,0) steer=+0.500 gnd=4.0 sp=2079.74 horiz=2079.31 velH=1.4629 bodyH=1.4340 slip=+0.0289 d=(0.00817,0.09369) av=(0,0.132637,0)
reseed=0 in=(128,0,255,0) steer=+0.500 gnd=4.0 sp=2129.21 horiz=2128.76 velH=1.4420 bodyH=1.4127 slip=+0.0294 d=(0.01037,0.09581) av=(0,0.133461,0)
reseed=0 in=(128,0,255,0) steer=+0.500 gnd=4.0 sp=2178.02 horiz=2177.55 velH=1.4211 bodyH=1.3913 slip=+0.0298 d=(0.01267,0.09784) av=(0,0.134268,0)
reseed=0 in=(128,0,255,0) steer=+0.500 gnd=4.0 sp=2226.15 horiz=2225.66 velH=1.4001 bodyH=1.3700 slip=+0.0301 d=(0.01505,0.09979) av=(0,0.135061,0)
reseed=0 in=(128,0,255,0) steer=+0.500 gnd=4.0 sp=2273.60 horiz=2273.08 velH=1.3792 bodyH=1.3487 slip=+0.0305 d=(0.01752,0.10165) av=(0,0.135844,0)
reseed=0 in=(128,0,255,0) steer=+0.500 gnd=4.0 sp=2320.35 horiz=2319.82 velH=1.3582 bodyH=1.3273 slip=+0.0308 d=(0.02007,0.10342) av=(0,0.136619,0)
reseed=1 in=(128,0,255,0) steer=+0.500 gnd=4.0 sp=1218.79 horiz=1218.78 velH=1.7741 bodyH=1.7692 slip=+0.0049 d=(-0.01146,0.05253) av=(0,0.117962,0)
reseed=0 in=(128,0,255,0) steer=+0.500 gnd=4.0 sp=1277.01 horiz=1276.98 velH=1.7605 bodyH=1.7518 slip=+0.0087 d=(-0.01140,0.05532) av=(0,0.119191,0)
reseed=0 in=(128,0,255,0) steer=+0.500 gnd=4.0 sp=1334.82 horiz=1334.77 velH=1.7455 bodyH=1.7337 slip=+0.0118 d=(-0.01116,0.05812) av=(0,0.119728,0)
reseed=0 in=(128,0,255,0) steer=+0.500 gnd=4.0 sp=1392.19 horiz=1392.11 velH=1.7292 bodyH=1.7147 slip=+0.0146 d=(-0.01075,0.06092) av=(0,0.119822,0)
reseed=0 in=(128,0,255,0) steer=+0.500 gnd=4.0 sp=1449.08 horiz=1448.97 velH=1.7119 bodyH=1.6949 slip=+0.0170 d=(-0.01018,0.06371) av=(0,0.12046,0)
reseed=0 in=(128,0,255,0) steer=+0.500 gnd=4.0 sp=1505.46 horiz=1505.31 velH=1.6935 bodyH=1.6743 slip=+0.0193 d=(-0.00944,0.06649) av=(0,0.121439,0)
reseed=0 in=(128,0,255,0) steer=+0.500 gnd=4.0 sp=1561.31 horiz=1561.12 velH=1.6743 bodyH=1.6529 slip=+0.0214 d=(-0.00854,0.06924) av=(0,0.122638,0)
reseed=0 in=(128,0,255,0) steer=+0.500 gnd=4.0 sp=1616.61 horiz=1616.39 velH=1.6546 bodyH=1.6316 slip=+0.0229 d=(-0.00748,0.07197) av=(0,0.123893,0)
reseed=0 in=(128,0,255,0) steer=+0.500 gnd=4.0 sp=1671.37 horiz=1671.13 velH=1.6344 bodyH=1.6103 slip=+0.0241 d=(-0.00627,0.07465) av=(0,0.125117,0)
reseed=0 in=(128,0,255,0) steer=+0.500 gnd=4.0 sp=1725.58 horiz=1725.31 velH=1.6140 bodyH=1.5889 slip=+0.0251 d=(-0.00492,0.07729) av=(0,0.126277,0)
reseed=0 in=(128,0,255,0) steer=+0.500 gnd=4.0 sp=1779.23 horiz=1778.93 velH=1.5935 bodyH=1.5676 slip=+0.0259 d=(-0.00345,0.07989) av=(0,0.127364,0)
reseed=0 in=(128,0,255,0) steer=+0.500 gnd=4.0 sp=1832.31 horiz=1831.99 velH=1.5728 bodyH=1.5463 slip=+0.0265 d=(-0.00187,0.08243) av=(0,0.128384,0)
reseed=0 in=(128,0,255,0) steer=+0.500 gnd=4.0 sp=1884.80 horiz=1884.45 velH=1.5520 bodyH=1.5249 slip=+0.0271 d=(-0.00017,0.08491) av=(0,0.129347,0)
reseed=0 in=(128,0,255,0) steer=+0.500 gnd=4.0 sp=1936.69 horiz=1936.32 velH=1.5312 bodyH=1.5036 slip=+0.0276 d=(0.00164,0.08732) av=(0,0.130263,0)
reseed=0 in=(128,0,255,0) steer=+0.500 gnd=4.0 sp=1987.97 horiz=1987.58 velH=1.5104 bodyH=1.4823 slip=+0.0281 d=(0.00355,0.08967) av=(0,0.131142,0)
reseed=0 in=(128,0,255,0) steer=+0.500 gnd=4.0 sp=2038.61 horiz=2038.20 velH=1.4895 bodyH=1.4609 slip=+0.0286 d=(0.00556,0.09195) av=(0,0.131993,0)
reseed=0 in=(128,0,255,0) steer=+0.500 gnd=4.0 sp=2088.62 horiz=2088.19 velH=1.4686 bodyH=1.4396 slip=+0.0290 d=(0.00767,0.09415) av=(0,0.13282,0)
reseed=0 in=(128,0,255,0) steer=+0.500 gnd=4.0 sp=2137.97 horiz=2137.52 velH=1.4477 bodyH=1.4183 slip=+0.0294 d=(0.00987,0.09628) av=(0,0.133631,0)
reseed=0 in=(128,0,255,0) steer=+0.500 gnd=4.0 sp=2186.66 horiz=2186.18 velH=1.4268 bodyH=1.3969 slip=+0.0298 d=(0.01216,0.09832) av=(0,0.134428,0)
reseed=0 in=(128,0,255,0) steer=+0.500 gnd=4.0 sp=2234.67 horiz=2234.17 velH=1.4058 bodyH=1.3756 slip=+0.0302 d=(0.01454,0.10027) av=(0,0.135215,0)
reseed=0 in=(128,0,255,0) steer=+0.500 gnd=4.0 sp=2281.99 horiz=2281.47 velH=1.3848 bodyH=1.3543 slip=+0.0306 d=(0.01701,0.10214) av=(0,0.135992,0)
reseed=0 in=(128,0,255,0) steer=+0.500 gnd=4.0 sp=2328.61 horiz=2328.08 velH=1.3638 bodyH=1.3329 slip=+0.0309 d=(0.01955,0.10391) av=(0,0.136763,0)
reseed=0 in=(128,0,255,0) steer=+0.500 gnd=4.0 sp=2374.54 horiz=2373.98 velH=1.3428 bodyH=1.3116 slip=+0.0312 d=(0.02217,0.10560) av=(0,0.137527,0)
reseed=1 in=(128,0,255,0) steer=+0.500 gnd=4.0 sp=1245.78 horiz=1245.78 velH=1.8442 bodyH=1.8390 slip=+0.0053 d=(-0.01547,0.05281) av=(0,0.116019,0)
reseed=0 in=(128,0,255,0) steer=+0.500 gnd=4.0 sp=1303.86 horiz=1303.83 velH=1.8305 bodyH=1.8212 slip=+0.0093 d=(-0.01559,0.05559) av=(0,0.117945,0)
reseed=0 in=(128,0,255,0) steer=+0.500 gnd=4.0 sp=1361.49 horiz=1361.44 velH=1.8153 bodyH=1.8027 slip=+0.0125 d=(-0.01552,0.05840) av=(0,0.118832,0)
reseed=0 in=(128,0,255,0) steer=+0.500 gnd=4.0 sp=1418.66 horiz=1418.58 velH=1.7987 bodyH=1.7833 slip=+0.0153 d=(-0.01527,0.06122) av=(0,0.119455,0)
reseed=0 in=(128,0,255,0) steer=+0.500 gnd=4.0 sp=1475.34 horiz=1475.21 velH=1.7810 bodyH=1.7632 slip=+0.0178 d=(-0.01485,0.06405) av=(0,0.120447,0)
reseed=0 in=(128,0,255,0) steer=+0.500 gnd=4.0 sp=1531.48 horiz=1531.32 velH=1.7623 bodyH=1.7422 slip=+0.0201 d=(-0.01427,0.06687) av=(0,0.121668,0)
reseed=0 in=(128,0,255,0) steer=+0.500 gnd=4.0 sp=1587.09 horiz=1586.89 velH=1.7429 bodyH=1.7208 slip=+0.0220 d=(-0.01351,0.06967) av=(0,0.122992,0)
reseed=0 in=(128,0,255,0) steer=+0.500 gnd=4.0 sp=1642.15 horiz=1641.92 velH=1.7230 bodyH=1.6995 slip=+0.0235 d=(-0.01259,0.07246) av=(0,0.124302,0)
reseed=0 in=(128,0,255,0) steer=+0.500 gnd=4.0 sp=1696.66 horiz=1696.40 velH=1.7027 bodyH=1.6782 slip=+0.0245 d=(-0.01153,0.07522) av=(0,0.125544,0)
reseed=0 in=(128,0,255,0) steer=+0.500 gnd=4.0 sp=1750.61 horiz=1750.33 velH=1.6823 bodyH=1.6568 slip=+0.0254 d=(-0.01034,0.07794) av=(0,0.126704,0)
reseed=0 in=(128,0,255,0) steer=+0.500 gnd=4.0 sp=1804.00 horiz=1803.69 velH=1.6617 bodyH=1.6355 slip=+0.0262 d=(-0.00902,0.08062) av=(0,0.127784,0)
reseed=0 in=(128,0,255,0) steer=+0.500 gnd=4.0 sp=1856.81 horiz=1856.48 velH=1.6410 bodyH=1.6142 slip=+0.0268 d=(-0.00759,0.08325) av=(0,0.128794,0)
reseed=0 in=(128,0,255,0) steer=+0.500 gnd=4.0 sp=1909.02 horiz=1908.67 velH=1.6202 bodyH=1.5928 slip=+0.0274 d=(-0.00603,0.08583) av=(0,0.129747,0)
reseed=0 in=(128,0,255,0) steer=+0.500 gnd=4.0 sp=1960.63 horiz=1960.25 velH=1.5994 bodyH=1.5715 slip=+0.0279 d=(-0.00437,0.08835) av=(0,0.130654,0)
reseed=0 in=(128,0,255,0) steer=+0.500 gnd=4.0 sp=2011.61 horiz=2011.21 velH=1.5785 bodyH=1.5502 slip=+0.0284 d=(-0.00260,0.09081) av=(0,0.131525,0)
reseed=0 in=(128,0,255,0) steer=+0.500 gnd=4.0 sp=2061.96 horiz=2061.54 velH=1.5576 bodyH=1.5288 slip=+0.0288 d=(-0.00072,0.09321) av=(0,0.132369,0)
reseed=0 in=(128,0,255,0) steer=+0.500 gnd=4.0 sp=2111.67 horiz=2111.23 velH=1.5367 bodyH=1.5075 slip=+0.0292 d=(0.00126,0.09554) av=(0,0.133191,0)
reseed=0 in=(128,0,255,0) steer=+0.500 gnd=4.0 sp=2160.71 horiz=2160.25 velH=1.5158 bodyH=1.4862 slip=+0.0296 d=(0.00333,0.09779) av=(0,0.133998,0)
reseed=0 in=(128,0,255,0) steer=+0.500 gnd=4.0 sp=2209.08 horiz=2208.60 velH=1.4948 bodyH=1.4648 slip=+0.0300 d=(0.00551,0.09997) av=(0,0.134791,0)
reseed=0 in=(128,0,255,0) steer=+0.500 gnd=4.0 sp=2256.77 horiz=2256.27 velH=1.4739 bodyH=1.4435 slip=+0.0304 d=(0.00777,0.10207) av=(0,0.135575,0)
reseed=0 in=(128,0,255,0) steer=+0.500 gnd=4.0 sp=2303.77 horiz=2303.25 velH=1.4529 bodyH=1.4222 slip=+0.0307 d=(0.01012,0.10408) av=(0,0.13635,0)
reseed=0 in=(128,0,255,0) steer=+0.500 gnd=4.0 sp=2350.07 horiz=2349.53 velH=1.4319 bodyH=1.4008 slip=+0.0311 d=(0.01256,0.10601) av=(0,0.137118,0)
reseed=0 in=(128,0,255,0) steer=+0.500 gnd=4.0 sp=2395.67 horiz=2395.10 velH=1.4109 bodyH=1.3795 slip=+0.0314 d=(0.01508,0.10784) av=(0,0.137879,0)
reseed=0 in=(128,0,255,0) steer=+0.500 gnd=4.0 sp=2440.55 horiz=2439.96 velH=1.3899 bodyH=1.3582 slip=+0.0317 d=(0.01767,0.10959) av=(0,0.138636,0)
reseed=0 in=(128,0,255,0) steer=+0.500 gnd=4.0 sp=2484.70 horiz=2484.10 velH=1.3689 bodyH=1.3368 slip=+0.0320 d=(0.02035,0.11124) av=(0,0.139387,0)
reseed=0 in=(128,0,255,0) steer=+0.500 gnd=4.0 sp=2528.14 horiz=2527.51 velH=1.3478 bodyH=1.3155 slip=+0.0323 d=(0.02309,0.11279) av=(0,0.140132,0)
reseed=0 in=(128,0,255,0) steer=+0.500 gnd=4.0 sp=2570.84 horiz=2570.19 velH=1.3268 bodyH=1.2942 slip=+0.0326 d=(0.02590,0.11424) av=(0,0.140873,0)
reseed=0 in=(128,0,255,0) steer=+0.500 gnd=4.0 sp=2612.81 horiz=2612.14 velH=1.3057 bodyH=1.2728 slip=+0.0329 d=(0.02878,0.11559) av=(0,0.141609,0)
reseed=0 in=(128,0,255,0) steer=+0.500 gnd=4.0 sp=2654.04 horiz=2653.36 velH=1.2847 bodyH=1.2515 slip=+0.0332 d=(0.03172,0.11684) av=(0,0.142339,0)
reseed=0 in=(128,0,255,0) steer=+0.500 gnd=4.0 sp=2694.54 horiz=2693.84 velH=1.2636 bodyH=1.2302 slip=+0.0335 d=(0.03471,0.11797) av=(0,0.143064,0)
reseed=0 in=(128,0,255,0) steer=+0.500 gnd=4.0 sp=2734.30 horiz=2733.58 velH=1.2425 bodyH=1.2088 slip=+0.0337 d=(0.03775,0.11901) av=(0,0.143784,0)
reseed=0 in=(128,0,255,0) steer=+0.500 gnd=4.0 sp=2773.32 horiz=2772.58 velH=1.2215 bodyH=1.1875 slip=+0.0340 d=(0.04084,0.11993) av=(0,0.144498,0)
reseed=0 in=(128,0,255,0) steer=+0.500 gnd=4.0 sp=2811.61 horiz=2810.84 velH=1.2004 bodyH=1.1661 slip=+0.0342 d=(0.04398,0.12074) av=(0,0.145206,0)
reseed=1 in=(128,0,255,0) steer=+0.500 gnd=4.0 sp=1462.96 horiz=1462.94 velH=2.2022 bodyH=2.1942 slip=+0.0080 d=(-0.03909,0.05213) av=(0,0.126657,0)
reseed=0 in=(128,0,255,0) steer=+0.500 gnd=4.0 sp=1519.57 horiz=1519.50 velH=2.1872 bodyH=2.1734 slip=+0.0137 d=(-0.04002,0.05473) av=(0,0.124223,0)
reseed=0 in=(128,0,255,0) steer=+0.500 gnd=4.0 sp=1575.55 horiz=1575.42 velH=2.1700 bodyH=2.1521 slip=+0.0179 d=(-0.04071,0.05746) av=(0,0.12365,0)
reseed=0 in=(128,0,255,0) steer=+0.500 gnd=4.0 sp=1630.91 horiz=1630.73 velH=2.1515 bodyH=2.1308 slip=+0.0208 d=(-0.04118,0.06029) av=(0,0.12404,0)
reseed=0 in=(128,0,255,0) steer=+0.500 gnd=4.0 sp=1685.67 horiz=1685.45 velH=2.1322 bodyH=2.1094 slip=+0.0228 d=(-0.04146,0.06319) av=(0,0.124894,0)
reseed=0 in=(128,0,255,0) steer=+0.500 gnd=4.0 sp=1739.83 horiz=1739.57 velH=2.1123 bodyH=2.0881 slip=+0.0242 d=(-0.04159,0.06612) av=(0,0.12594,0)
reseed=0 in=(128,0,255,0) steer=+0.500 gnd=4.0 sp=1793.39 horiz=1793.10 velH=2.0921 bodyH=2.0668 slip=+0.0254 d=(-0.04156,0.06909) av=(0,0.12704,0)
reseed=0 in=(128,0,255,0) steer=+0.500 gnd=4.0 sp=1846.36 horiz=1846.04 velH=2.0717 bodyH=2.0454 slip=+0.0262 d=(-0.04139,0.07206) av=(0,0.128126,0)
reseed=0 in=(128,0,255,0) steer=+0.500 gnd=4.0 sp=1898.72 horiz=1898.37 velH=2.0511 bodyH=2.0241 slip=+0.0270 d=(-0.04108,0.07505) av=(0,0.129171,0)
reseed=0 in=(128,0,255,0) steer=+0.500 gnd=4.0 sp=1950.47 horiz=1950.10 velH=2.0304 bodyH=2.0028 slip=+0.0276 d=(-0.04065,0.07803) av=(0,0.130166,0)
reseed=0 in=(128,0,255,0) steer=+0.500 gnd=4.0 sp=2001.59 horiz=2001.20 velH=2.0096 bodyH=1.9814 slip=+0.0281 d=(-0.04009,0.08100) av=(0,0.131114,0)
reseed=0 in=(128,0,255,0) steer=+0.500 gnd=4.0 sp=2052.07 horiz=2051.66 velH=1.9887 bodyH=1.9601 slip=+0.0286 d=(-0.03940,0.08396) av=(0,0.132021,0)
reseed=0 in=(128,0,255,0) steer=+0.500 gnd=4.0 sp=2101.91 horiz=2101.48 velH=1.9678 bodyH=1.9388 slip=+0.0291 d=(-0.03859,0.08690) av=(0,0.132893,0)
reseed=0 in=(128,0,255,0) steer=+0.500 gnd=4.0 sp=2151.09 horiz=2150.63 velH=1.9469 bodyH=1.9174 slip=+0.0295 d=(-0.03766,0.08982) av=(0,0.133738,0)
reseed=0 in=(128,0,255,0) steer=+0.500 gnd=4.0 sp=2199.60 horiz=2199.12 velH=1.9260 bodyH=1.8961 slip=+0.0299 d=(-0.03661,0.09271) av=(0,0.134561,0)
reseed=0 in=(128,0,255,0) steer=+0.500 gnd=4.0 sp=2247.43 horiz=2246.93 velH=1.9050 bodyH=1.8748 slip=+0.0303 d=(-0.03545,0.09556) av=(0,0.135366,0)
reseed=0 in=(128,0,255,0) steer=+0.500 gnd=4.0 sp=2294.57 horiz=2294.04 velH=1.8841 bodyH=1.8534 slip=+0.0306 d=(-0.03416,0.09837) av=(0,0.136158,0)
reseed=0 in=(128,0,255,0) steer=+0.500 gnd=4.0 sp=2341.01 horiz=2340.46 velH=1.8631 bodyH=1.8321 slip=+0.0310 d=(-0.03277,0.10115) av=(0,0.136938,0)
reseed=0 in=(128,0,255,0) steer=+0.500 gnd=4.0 sp=2386.74 horiz=2386.18 velH=1.8421 bodyH=1.8108 slip=+0.0313 d=(-0.03126,0.10387) av=(0,0.137709,0)
reseed=0 in=(128,0,255,0) steer=+0.500 gnd=4.0 sp=2431.76 horiz=2431.18 velH=1.8211 bodyH=1.7894 slip=+0.0317 d=(-0.02964,0.10655) av=(0,0.138472,0)
reseed=0 in=(128,0,255,0) steer=+0.500 gnd=4.0 sp=2476.06 horiz=2475.46 velH=1.8001 bodyH=1.7681 slip=+0.0320 d=(-0.02791,0.10917) av=(0,0.139228,0)
reseed=0 in=(128,0,255,0) steer=+0.500 gnd=4.0 sp=2519.64 horiz=2519.01 velH=1.7790 bodyH=1.7468 slip=+0.0323 d=(-0.02607,0.11173) av=(0,0.139978,0)
reseed=0 in=(128,0,255,0) steer=+0.500 gnd=4.0 sp=2562.48 horiz=2561.84 velH=1.7580 bodyH=1.7254 slip=+0.0326 d=(-0.02413,0.11423) av=(0,0.140722,0)
reseed=0 in=(128,0,255,0) steer=+0.500 gnd=4.0 sp=2604.60 horiz=2603.93 velH=1.7369 bodyH=1.7041 slip=+0.0329 d=(-0.02210,0.11666) av=(0,0.14146,0)
reseed=0 in=(128,0,255,0) steer=+0.500 gnd=4.0 sp=2645.98 horiz=2645.29 velH=1.7159 bodyH=1.6827 slip=+0.0331 d=(-0.01996,0.11902) av=(0,0.142193,0)
reseed=0 in=(128,0,255,0) steer=+0.500 gnd=4.0 sp=2686.62 horiz=2685.92 velH=1.6948 bodyH=1.6614 slip=+0.0334 d=(-0.01773,0.12131) av=(0,0.14292,0)
reseed=0 in=(128,0,255,0) steer=+0.500 gnd=4.0 sp=2726.52 horiz=2725.80 velH=1.6737 bodyH=1.6401 slip=+0.0337 d=(-0.01540,0.12353) av=(0,0.143641,0)
reseed=0 in=(128,0,255,0) steer=+0.500 gnd=4.0 sp=2765.69 horiz=2764.95 velH=1.6527 bodyH=1.6187 slip=+0.0339 d=(-0.01298,0.12566) av=(0,0.144357,0)
reseed=0 in=(128,0,255,0) steer=+0.500 gnd=4.0 sp=2804.12 horiz=2803.36 velH=1.6316 bodyH=1.5974 slip=+0.0342 d=(-0.01048,0.12772) av=(0,0.145067,0)
reseed=0 in=(128,0,255,0) steer=+0.500 gnd=4.0 sp=2841.81 horiz=2841.03 velH=1.6105 bodyH=1.5761 slip=+0.0344 d=(-0.00789,0.12969) av=(0,0.14577,0)
reseed=0 in=(128,0,255,0) steer=+0.500 gnd=4.0 sp=2878.77 horiz=2877.98 velH=1.5894 bodyH=1.5547 slip=+0.0347 d=(-0.00523,0.13157) av=(0,0.146468,0)
reseed=0 in=(128,0,255,0) steer=+0.500 gnd=4.0 sp=2915.00 horiz=2914.18 velH=1.5683 bodyH=1.5334 slip=+0.0349 d=(-0.00248,0.13336) av=(0,0.147159,0)
reseed=0 in=(128,0,255,0) steer=+0.500 gnd=4.0 sp=2950.48 horiz=2949.65 velH=1.5472 bodyH=1.5121 slip=+0.0351 d=(0.00034,0.13506) av=(0,0.142711,0)
reseed=0 in=(128,0,255,0) steer=+0.500 gnd=4.0 sp=2985.24 horiz=2984.39 velH=1.5261 bodyH=1.4907 slip=+0.0353 d=(0.00323,0.13667) av=(0,0.139948,0)
reseed=0 in=(128,0,255,0) steer=+0.500 gnd=4.0 sp=3019.27 horiz=3018.41 velH=1.5049 bodyH=1.4694 slip=+0.0355 d=(0.00619,0.13818) av=(0,0.138299,0)
reseed=0 in=(128,0,255,0) steer=+0.500 gnd=4.0 sp=3052.60 horiz=3051.72 velH=1.4838 bodyH=1.4481 slip=+0.0357 d=(0.00921,0.13959) av=(0,0.137388,0)
reseed=0 in=(128,0,255,0) steer=+0.500 gnd=4.0 sp=3085.21 horiz=3084.31 velH=1.4627 bodyH=1.4267 slip=+0.0359 d=(0.01229,0.14090) av=(0,0.136964,0)
reseed=0 in=(128,0,255,0) steer=+0.500 gnd=4.0 sp=3117.13 horiz=3116.21 velH=1.4415 bodyH=1.4054 slip=+0.0361 d=(0.01543,0.14211) av=(0,0.136861,0)
reseed=0 in=(128,0,255,0) steer=+0.500 gnd=4.0 sp=3148.34 horiz=3147.41 velH=1.4204 bodyH=1.3841 slip=+0.0363 d=(0.01862,0.14322) av=(0,0.136969,0)
reseed=0 in=(128,0,255,0) steer=+0.500 gnd=4.0 sp=3178.86 horiz=3177.91 velH=1.3993 bodyH=1.3627 slip=+0.0365 d=(0.02186,0.14422) av=(0,0.137213,0)
reseed=0 in=(128,0,255,0) steer=+0.500 gnd=4.0 sp=3208.71 horiz=3207.74 velH=1.3781 bodyH=1.3414 slip=+0.0367 d=(0.02514,0.14512) av=(0,0.137546,0)
reseed=0 in=(128,0,255,0) steer=+0.500 gnd=4.0 sp=3237.87 horiz=3236.89 velH=1.3569 bodyH=1.3201 slip=+0.0369 d=(0.02847,0.14592) av=(0,0.137935,0)
reseed=0 in=(128,0,255,0) steer=+0.500 gnd=4.0 sp=3266.37 horiz=3265.37 velH=1.3358 bodyH=1.2987 slip=+0.0371 d=(0.03184,0.14660) av=(0,0.138358,0)
reseed=0 in=(128,0,255,0) steer=+0.500 gnd=4.0 sp=3294.21 horiz=3293.19 velH=1.3146 bodyH=1.2774 slip=+0.0372 d=(0.03524,0.14718) av=(0,0.1388,0)
reseed=0 in=(128,0,255,0) steer=+0.500 gnd=4.0 sp=3321.39 horiz=3320.36 velH=1.2935 bodyH=1.2561 slip=+0.0374 d=(0.03867,0.14765) av=(0,0.139251,0)
reseed=0 in=(128,0,255,0) steer=+0.500 gnd=4.0 sp=3347.94 horiz=3346.89 velH=1.2723 bodyH=1.2347 slip=+0.0376 d=(0.04213,0.14801) av=(0,0.139706,0)
reseed=0 in=(128,0,255,0) steer=+0.500 gnd=4.0 sp=3373.85 horiz=3372.79 velH=1.2511 bodyH=1.2134 slip=+0.0377 d=(0.04562,0.14826) av=(0,0.14016,0)
reseed=0 in=(128,0,255,0) steer=+0.500 gnd=4.0 sp=3399.14 horiz=3398.06 velH=1.2299 bodyH=1.1921 slip=+0.0379 d=(0.04912,0.14840) av=(0,0.14061,0)
reseed=0 in=(128,0,255,0) steer=+0.500 gnd=4.0 sp=3423.81 horiz=3422.72 velH=1.2088 bodyH=1.1707 slip=+0.0380 d=(0.05265,0.14843) av=(0,0.141055,0)
reseed=0 in=(128,0,255,0) steer=+0.500 gnd=4.0 sp=3447.88 horiz=3446.78 velH=1.1876 bodyH=1.1494 slip=+0.0382 d=(0.05618,0.14835) av=(0,0.141493,0)
reseed=0 in=(128,0,255,0) steer=+0.500 gnd=4.0 sp=3471.35 horiz=3470.24 velH=1.1664 bodyH=1.1281 slip=+0.0383 d=(0.05973,0.14816) av=(0,0.141924,0)
reseed=0 in=(128,0,255,0) steer=+0.500 gnd=4.0 sp=3494.24 horiz=3493.11 velH=1.1452 bodyH=1.1067 slip=+0.0385 d=(0.06328,0.14786) av=(0,0.142346,0)
reseed=0 in=(128,0,255,0) steer=+0.500 gnd=4.0 sp=3516.55 horiz=3515.41 velH=1.1240 bodyH=1.0854 slip=+0.0386 d=(0.06684,0.14745) av=(0,0.14276,0)
reseed=0 in=(128,0,255,0) steer=+0.500 gnd=4.0 sp=3538.30 horiz=3537.15 velH=1.1028 bodyH=1.0641 slip=+0.0388 d=(0.07040,0.14693) av=(0,0.143165,0)
reseed=0 in=(128,0,255,0) steer=+0.500 gnd=4.0 sp=3559.49 horiz=3558.33 velH=1.0816 bodyH=1.0427 slip=+0.0389 d=(0.07395,0.14631) av=(0,0.143562,0)
reseed=0 in=(128,0,255,0) steer=+0.500 gnd=4.0 sp=3580.14 horiz=3578.97 velH=1.0604 bodyH=1.0214 slip=+0.0390 d=(0.07750,0.14557) av=(0,0.14395,0)
reseed=0 in=(128,0,255,0) steer=+0.500 gnd=4.0 sp=3600.26 horiz=3599.07 velH=1.0392 bodyH=1.0000 slip=+0.0391 d=(0.08103,0.14473) av=(0,0.14433,0)
reseed=0 in=(128,0,255,0) steer=+0.500 gnd=4.0 sp=3619.85 horiz=3618.65 velH=1.0180 bodyH=0.9787 slip=+0.0393 d=(0.08456,0.14378) av=(0,0.144701,0)
reseed=0 in=(128,0,255,0) steer=+0.500 gnd=4.0 sp=3638.93 horiz=3637.71 velH=0.9968 bodyH=0.9574 slip=+0.0394 d=(0.08806,0.14273) av=(0,0.145064,0)
reseed=0 in=(128,0,255,0) steer=+0.500 gnd=4.0 sp=3657.50 horiz=3656.28 velH=0.9755 bodyH=0.9360 slip=+0.0395 d=(0.09155,0.14157) av=(0,0.145418,0)
reseed=0 in=(128,0,255,0) steer=+0.500 gnd=4.0 sp=3675.58 horiz=3674.35 velH=0.9543 bodyH=0.9147 slip=+0.0396 d=(0.09502,0.14031) av=(0,0.145765,0)
reseed=0 in=(128,0,255,0) steer=+0.500 gnd=4.0 sp=3693.18 horiz=3691.93 velH=0.9331 bodyH=0.8934 slip=+0.0397 d=(0.09846,0.13895) av=(0,0.146103,0)
reseed=0 in=(128,0,255,0) steer=+0.500 gnd=4.0 sp=3710.30 horiz=3709.05 velH=0.9119 bodyH=0.8720 slip=+0.0398 d=(0.10187,0.13748) av=(0,0.146433,0)
reseed=0 in=(128,0,255,0) steer=+0.500 gnd=4.0 sp=3726.97 horiz=3725.70 velH=0.8906 bodyH=0.8507 slip=+0.0399 d=(0.10525,0.13591) av=(0,0.146755,0)
reseed=0 in=(128,0,255,0) steer=+0.500 gnd=4.0 sp=3743.18 horiz=3741.90 velH=0.8694 bodyH=0.8294 slip=+0.0400 d=(0.10860,0.13425) av=(0,0.14707,0)
reseed=0 in=(128,0,255,0) steer=+0.500 gnd=4.0 sp=3758.94 horiz=3757.66 velH=0.8482 bodyH=0.8080 slip=+0.0401 d=(0.11191,0.13249) av=(0,0.147377,0)
reseed=0 in=(128,0,255,0) steer=+0.500 gnd=4.0 sp=3774.28 horiz=3772.98 velH=0.8269 bodyH=0.7867 slip=+0.0402 d=(0.11518,0.13063) av=(0,0.147676,0)
reseed=0 in=(128,0,255,0) steer=+0.500 gnd=4.0 sp=3789.19 horiz=3787.89 velH=0.8057 bodyH=0.7654 slip=+0.0403 d=(0.11841,0.12868) av=(0,0.147969,0)
reseed=0 in=(128,0,255,0) steer=+0.500 gnd=4.0 sp=3803.69 horiz=3802.38 velH=0.7845 bodyH=0.7440 slip=+0.0404 d=(0.12159,0.12663) av=(0,0.148254,0)
reseed=0 in=(128,0,255,0) steer=+0.500 gnd=4.0 sp=3817.79 horiz=3816.46 velH=0.7632 bodyH=0.7227 slip=+0.0405 d=(0.12473,0.12449) av=(0,0.148531,0)
reseed=0 in=(128,0,255,0) steer=+0.500 gnd=4.0 sp=3831.49 horiz=3830.16 velH=0.7420 bodyH=0.7014 slip=+0.0406 d=(0.12782,0.12227) av=(0,0.148802,0)
reseed=0 in=(128,0,255,0) steer=+0.500 gnd=4.0 sp=3844.81 horiz=3843.46 velH=0.7207 bodyH=0.6800 slip=+0.0407 d=(0.13085,0.11995) av=(0,0.149066,0)
reseed=0 in=(128,0,255,0) steer=+0.500 gnd=4.0 sp=3857.75 horiz=3856.40 velH=0.6995 bodyH=0.6587 slip=+0.0408 d=(0.13383,0.11755) av=(0,0.149324,0)
reseed=0 in=(128,0,255,0) steer=+0.500 gnd=4.0 sp=3870.32 horiz=3868.96 velH=0.6782 bodyH=0.6374 slip=+0.0409 d=(0.13676,0.11507) av=(0,0.149575,0)
reseed=0 in=(128,0,255,0) steer=+0.500 gnd=4.0 sp=3882.54 horiz=3881.18 velH=0.6570 bodyH=0.6160 slip=+0.0409 d=(0.13963,0.11250) av=(0,0.149819,0)
reseed=0 in=(128,0,255,0) steer=+0.500 gnd=4.0 sp=3894.41 horiz=3893.04 velH=0.6357 bodyH=0.5947 slip=+0.0410 d=(0.14244,0.10985) av=(0,0.150057,0)
reseed=0 in=(128,0,255,0) steer=+0.500 gnd=4.0 sp=3905.94 horiz=3904.56 velH=0.6144 bodyH=0.5734 slip=+0.0411 d=(0.14518,0.10713) av=(0,0.150288,0)
reseed=0 in=(128,0,255,0) steer=+0.500 gnd=4.0 sp=3917.14 horiz=3915.75 velH=0.5932 bodyH=0.5520 slip=+0.0412 d=(0.14786,0.10433) av=(0,0.150514,0)
reseed=0 in=(128,0,255,0) steer=+0.500 gnd=4.0 sp=3928.01 horiz=3926.62 velH=0.5719 bodyH=0.5307 slip=+0.0412 d=(0.15048,0.10145) av=(0,0.150734,0)
reseed=0 in=(128,0,255,0) steer=+0.500 gnd=4.0 sp=3938.57 horiz=3937.17 velH=0.5507 bodyH=0.5094 slip=+0.0413 d=(0.15302,0.09850) av=(0,0.150948,0)
reseed=0 in=(128,0,255,0) steer=+0.500 gnd=4.0 sp=3948.83 horiz=3947.42 velH=0.5294 bodyH=0.4880 slip=+0.0414 d=(0.15550,0.09548) av=(0,0.151156,0)
reseed=0 in=(128,0,255,0) steer=+0.500 gnd=4.0 sp=3958.78 horiz=3957.37 velH=0.5081 bodyH=0.4667 slip=+0.0414 d=(0.15791,0.09239) av=(0,0.151359,0)
reseed=0 in=(128,0,255,0) steer=+0.500 gnd=4.0 sp=3968.45 horiz=3967.03 velH=0.4868 bodyH=0.4454 slip=+0.0415 d=(0.16024,0.08924) av=(0,0.151556,0)
reseed=0 in=(128,0,255,0) steer=+0.500 gnd=4.0 sp=3977.83 horiz=3976.41 velH=0.4656 bodyH=0.4240 slip=+0.0416 d=(0.16250,0.08602) av=(0,0.151748,0)
reseed=0 in=(128,0,255,0) steer=+0.500 gnd=4.0 sp=3986.94 horiz=3985.51 velH=0.4443 bodyH=0.4027 slip=+0.0416 d=(0.16468,0.08274) av=(0,0.151934,0)
reseed=0 in=(128,0,255,0) steer=+0.500 gnd=4.0 sp=3995.78 horiz=3994.34 velH=0.4230 bodyH=0.3814 slip=+0.0417 d=(0.16678,0.07939) av=(0,0.152116,0)
reseed=0 in=(128,0,255,0) steer=+0.500 gnd=4.0 sp=4004.36 horiz=4002.91 velH=0.4017 bodyH=0.3600 slip=+0.0417 d=(0.16881,0.07600) av=(0,0.152292,0)
reseed=0 in=(128,0,255,0) steer=+0.500 gnd=4.0 sp=4012.68 horiz=4011.23 velH=0.3805 bodyH=0.3387 slip=+0.0418 d=(0.17075,0.07254) av=(0,0.152464,0)
reseed=0 in=(128,0,255,0) steer=+0.500 gnd=4.0 sp=4020.76 horiz=4019.30 velH=0.3592 bodyH=0.3173 slip=+0.0418 d=(0.17261,0.06904) av=(0,0.152631,0)
reseed=0 in=(128,0,255,0) steer=+0.500 gnd=4.0 sp=4028.59 horiz=4027.13 velH=0.3379 bodyH=0.2960 slip=+0.0419 d=(0.17439,0.06548) av=(0,0.152793,0)
reseed=0 in=(128,0,255,0) steer=+0.500 gnd=4.0 sp=4036.20 horiz=4034.73 velH=0.3166 bodyH=0.2747 slip=+0.0419 d=(0.17609,0.06187) av=(0,0.15295,0)
reseed=0 in=(128,0,255,0) steer=+0.500 gnd=4.0 sp=4043.57 horiz=4042.10 velH=0.2953 bodyH=0.2533 slip=+0.0420 d=(0.17770,0.05822) av=(0,0.153104,0)
reseed=0 in=(128,0,255,0) steer=+0.500 gnd=4.0 sp=4050.73 horiz=4049.25 velH=0.2740 bodyH=0.2320 slip=+0.0420 d=(0.17923,0.05453) av=(0,0.153253,0)
reseed=0 in=(128,0,255,0) steer=+0.500 gnd=4.0 sp=4057.67 horiz=4056.19 velH=0.2528 bodyH=0.2107 slip=+0.0421 d=(0.18067,0.05079) av=(0,0.153397,0)
reseed=0 in=(128,0,255,0) steer=+0.500 gnd=4.0 sp=4064.71 horiz=4063.23 velH=0.2315 bodyH=0.1893 slip=+0.0421 d=(0.18202,0.04701) av=(-3.19968e-19,0.157068,2.53276e-19)
reseed=0 in=(128,0,255,0) steer=+0.500 gnd=4.0 sp=4071.55 horiz=4070.06 velH=0.2102 bodyH=0.1680 slip=+0.0421 d=(0.18329,0.04320) av=(-2.10361e-05,0.159615,1.21673e-05)
reseed=0 in=(128,0,255,0) steer=+0.500 gnd=4.0 sp=4078.18 horiz=4076.68 velH=0.1889 bodyH=0.1467 slip=+0.0422 d=(0.18448,0.03935) av=(-4.76212e-05,0.161393,2.81485e-05)
reseed=0 in=(128,0,255,0) steer=+0.500 gnd=4.0 sp=4084.75 horiz=4083.26 velH=0.1676 bodyH=0.1254 slip=+0.0422 d=(0.18558,0.03547) av=(-4.06525e-05,0.150124,1.42735e-07)
reseed=0 in=(128,0,255,0) steer=+0.500 gnd=4.0 sp=4091.20 horiz=4089.71 velH=0.1463 bodyH=0.1040 slip=+0.0422 d=(0.18659,0.03156) av=(-3.75626e-05,0.148452,-1.57761e-05)
reseed=0 in=(128,0,255,0) steer=+0.500 gnd=4.0 sp=4097.46 horiz=4095.96 velH=0.1250 bodyH=0.0827 slip=+0.0423 d=(0.18752,0.02762) av=(-3.81819e-05,0.147325,-3.01003e-05)
reseed=0 in=(128,0,255,0) steer=+0.500 gnd=4.0 sp=4103.53 horiz=4102.03 velH=0.1037 bodyH=0.0614 slip=+0.0423 d=(0.18835,0.02366) av=(-4.02805e-05,0.146569,-4.20184e-05)
reseed=0 in=(128,0,255,0) steer=+0.500 gnd=4.0 sp=4109.42 horiz=4107.91 velH=0.0824 bodyH=0.0401 slip=+0.0423 d=(0.18909,0.01967) av=(-4.28228e-05,0.146066,-5.13227e-05)
reseed=0 in=(128,0,255,0) steer=+0.500 gnd=4.0 sp=4115.12 horiz=4113.61 velH=0.0611 bodyH=0.0187 slip=+0.0424 d=(0.18974,0.01567) av=(-4.5443e-05,0.145736,-5.81137e-05)
reseed=0 in=(128,0,255,0) steer=+0.500 gnd=4.0 sp=4120.66 horiz=4119.14 velH=0.0398 bodyH=-0.0026 slip=+0.0424 d=(0.19030,0.01164) av=(-4.81302e-05,0.145524,-6.2625e-05)
reseed=0 in=(128,0,255,0) steer=+0.500 gnd=4.0 sp=4126.02 horiz=4124.50 velH=0.0185 bodyH=-0.0239 slip=+0.0424 d=(0.19076,0.00759) av=(-5.10437e-05,0.145395,-6.51231e-05)
reseed=0 in=(128,0,255,0) steer=+0.500 gnd=4.0 sp=4130.89 horiz=4129.37 velH=-0.0028 bodyH=-0.0452 slip=+0.0425 d=(0.19112,0.00354) av=(-5.37889e-05,0.141869,-6.04064e-05)
reseed=0 in=(128,0,255,0) steer=+0.500 gnd=4.0 sp=4135.62 horiz=4134.09 velH=-0.0241 bodyH=-0.0666 slip=+0.0425 d=(0.19138,-0.00053) av=(-5.62662e-05,0.139512,-5.5588e-05)
reseed=0 in=(128,0,255,0) steer=+0.500 gnd=4.0 sp=4140.20 horiz=4138.66 velH=-0.0454 bodyH=-0.0879 slip=+0.0425 d=(0.19154,-0.00461) av=(-5.88146e-05,0.13795,-5.06484e-05)
reseed=0 in=(128,0,255,0) steer=+0.500 gnd=4.0 sp=4144.43 horiz=4142.89 velH=-0.0666 bodyH=-0.1092 slip=+0.0426 d=(0.19162,-0.00870) av=(-0.000127528,0.143442,0.000115118)
reseed=0 in=(128,0,255,0) steer=+0.500 gnd=4.0 sp=4148.53 horiz=4146.99 velH=-0.0879 bodyH=-0.1306 slip=+0.0426 d=(0.19158,-0.01279) av=(-0.000169787,0.147234,0.000217671)
reseed=0 in=(128,0,255,0) steer=+0.500 gnd=4.0 sp=4152.50 horiz=4150.95 velH=-0.1092 bodyH=-0.1519 slip=+0.0427 d=(0.19146,-0.01688) av=(-0.000195033,0.149859,0.000281464)
reseed=0 in=(128,0,255,0) steer=+0.500 gnd=4.0 sp=4156.34 horiz=4154.80 velH=-0.1305 bodyH=-0.1732 slip=+0.0427 d=(0.19124,-0.02097) av=(-0.000209125,0.151683,0.000321418)
reseed=0 in=(128,0,255,0) steer=+0.500 gnd=4.0 sp=4160.07 horiz=4158.52 velH=-0.1518 bodyH=-0.1946 slip=+0.0427 d=(0.19092,-0.02506) av=(-0.000215813,0.152958,0.000346731)
reseed=0 in=(128,0,255,0) steer=+0.500 gnd=4.0 sp=4163.67 horiz=4162.12 velH=-0.1731 bodyH=-0.2159 slip=+0.0428 d=(0.19052,-0.02915) av=(-0.000217539,0.153856,0.000363087)
reseed=0 in=(128,0,255,0) steer=+0.500 gnd=4.0 sp=4167.17 horiz=4165.61 velH=-0.1944 bodyH=-0.2372 slip=+0.0428 d=(0.19002,-0.03323) av=(-0.00021591,0.154494,0.000373987)
reseed=0 in=(128,0,255,0) steer=+0.500 gnd=4.0 sp=4170.26 horiz=4168.70 velH=-0.2157 bodyH=-0.2586 slip=+0.0428 d=(0.18942,-0.03730) av=(-0.000206431,0.152112,0.000379427)
reseed=0 in=(128,0,255,0) steer=+0.500 gnd=4.0 sp=4173.26 horiz=4171.70 velH=-0.2370 bodyH=-0.2799 slip=+0.0429 d=(0.18873,-0.04136) av=(-0.000209136,0.150524,0.000395577)
reseed=0 in=(128,0,255,0) steer=+0.500 gnd=4.0 sp=4176.31 horiz=4174.75 velH=-0.2584 bodyH=-0.3012 slip=+0.0429 d=(0.18794,-0.04540) av=(-0.000241848,0.143511,0.0003667)
reseed=0 in=(128,0,255,0) steer=+0.500 gnd=4.0 sp=4179.17 horiz=4177.61 velH=-0.2797 bodyH=-0.3226 slip=+0.0429 d=(0.18706,-0.04944) av=(-0.000277826,0.133041,0.000322955)
reseed=0 in=(128,0,255,0) steer=+0.500 gnd=4.0 sp=4181.85 horiz=4180.28 velH=-0.3010 bodyH=-0.3439 slip=+0.0429 d=(0.18609,-0.05345) av=(-0.000212878,0.142349,0.000249978)
reseed=0 in=(128,0,255,0) steer=+0.500 gnd=4.0 sp=4184.54 horiz=4182.98 velH=-0.3223 bodyH=-0.3652 slip=+0.0429 d=(0.18503,-0.05744) av=(-0.000264692,0.132547,0.000279682)
reseed=0 in=(128,0,255,0) steer=+0.500 gnd=4.0 sp=4187.16 horiz=4185.59 velH=-0.3437 bodyH=-0.3865 slip=+0.0429 d=(0.18388,-0.06141) av=(-0.000301672,0.125986,0.000321288)
reseed=0 in=(128,0,255,0) steer=+0.500 gnd=4.0 sp=4189.85 horiz=4188.27 velH=-0.3650 bodyH=-0.4079 slip=+0.0429 d=(0.18264,-0.06536) av=(-0.000301293,0.129949,0.000398598)
reseed=0 in=(128,0,255,0) steer=+0.500 gnd=4.0 sp=4192.45 horiz=4190.87 velH=-0.3863 bodyH=-0.4292 slip=+0.0429 d=(0.18133,-0.06928) av=(-0.000283029,0.132733,0.000419845)
reseed=0 in=(128,0,255,0) steer=+0.500 gnd=4.0 sp=4194.97 horiz=4193.39 velH=-0.4076 bodyH=-0.4505 slip=+0.0429 d=(0.17992,-0.07318) av=(-0.000256866,0.134711,0.000414995)
reseed=0 in=(128,0,255,0) steer=+0.500 gnd=4.0 sp=4197.41 horiz=4195.83 velH=-0.4289 bodyH=-0.4719 slip=+0.0430 d=(0.17843,-0.07704) av=(-0.000228046,0.136139,0.000399228)
reseed=0 in=(128,0,255,0) steer=+0.500 gnd=4.0 sp=4199.86 horiz=4198.28 velH=-0.4502 bodyH=-0.4932 slip=+0.0430 d=(0.17685,-0.08087) av=(-0.000181965,0.142547,0.000396679)
reseed=0 in=(128,0,255,0) steer=+0.500 gnd=4.0 sp=4202.23 horiz=4200.65 velH=-0.4715 bodyH=-0.5145 slip=+0.0430 d=(0.17519,-0.08467) av=(-0.000132938,0.146956,0.000362843)
reseed=0 in=(128,0,255,0) steer=+0.500 gnd=4.0 sp=4204.52 horiz=4202.94 velH=-0.4928 bodyH=-0.5359 slip=+0.0430 d=(0.17344,-0.08843) av=(-8.70173e-05,0.149994,0.000321322)
reseed=0 in=(128,0,255,0) steer=+0.500 gnd=4.0 sp=4206.74 horiz=4205.16 velH=-0.5141 bodyH=-0.5572 slip=+0.0431 d=(0.17161,-0.09216) av=(-4.65942e-05,0.152093,0.000281859)
reseed=0 in=(128,0,255,0) steer=+0.500 gnd=4.0 sp=4208.89 horiz=4207.30 velH=-0.5355 bodyH=-0.5785 slip=+0.0431 d=(0.16970,-0.09585) av=(-1.2254e-05,0.153546,0.000247915)
reseed=0 in=(128,0,255,0) steer=+0.500 gnd=4.0 sp=4210.97 horiz=4209.38 velH=-0.5568 bodyH=-0.5999 slip=+0.0431 d=(0.16770,-0.09949) av=(1.62876e-05,0.154556,0.000220135)
reseed=0 in=(128,0,255,0) steer=+0.500 gnd=4.0 sp=4212.99 horiz=4211.40 velH=-0.5781 bodyH=-0.6212 slip=+0.0431 d=(0.16562,-0.10310) av=(3.96913e-05,0.155261,0.00019799)
reseed=0 in=(128,0,255,0) steer=+0.500 gnd=4.0 sp=4214.94 horiz=4213.35 velH=-0.5994 bodyH=-0.6425 slip=+0.0431 d=(0.16347,-0.10665) av=(5.87356e-05,0.155758,0.000180558)
reseed=0 in=(128,0,255,0) steer=+0.500 gnd=4.0 sp=4216.83 horiz=4215.24 velH=-0.6207 bodyH=-0.6639 slip=+0.0431 d=(0.16123,-0.11017) av=(7.41849e-05,0.156111,0.000166863)
reseed=0 in=(128,0,255,0) steer=+0.500 gnd=4.0 sp=4218.66 horiz=4217.06 velH=-0.6421 bodyH=-0.6852 slip=+0.0432 d=(0.15892,-0.11363) av=(8.67278e-05,0.156365,0.00015604)
reseed=0 in=(128,0,255,0) steer=+0.500 gnd=4.0 sp=4220.43 horiz=4218.84 velH=-0.6634 bodyH=-0.7065 slip=+0.0432 d=(0.15653,-0.11704) av=(9.69543e-05,0.15655,0.000147367)
reseed=0 in=(128,0,255,0) steer=+0.500 gnd=4.0 sp=4222.15 horiz=4220.55 velH=-0.6847 bodyH=-0.7279 slip=+0.0432 d=(0.15406,-0.12040) av=(0.000105354,0.156689,0.000140276)
reseed=0 in=(128,0,255,0) steer=+0.500 gnd=4.0 sp=4223.81 horiz=4222.21 velH=-0.7060 bodyH=-0.7492 slip=+0.0432 d=(0.15152,-0.12371) av=(0.000112322,0.156794,0.000134327)
reseed=0 in=(128,0,255,0) steer=+0.500 gnd=4.0 sp=4225.42 horiz=4223.82 velH=-0.7273 bodyH=-0.7705 slip=+0.0432 d=(0.14891,-0.12696) av=(0.000118174,0.156877,0.000129198)
reseed=0 in=(128,0,255,0) steer=+0.500 gnd=4.0 sp=4226.98 horiz=4225.38 velH=-0.7487 bodyH=-0.7919 slip=+0.0432 d=(0.14622,-0.13016) av=(0.000123159,0.156944,0.000124642)
reseed=0 in=(128,0,255,0) steer=+0.500 gnd=4.0 sp=4228.49 horiz=4226.89 velH=-0.7700 bodyH=-0.8132 slip=+0.0432 d=(0.14347,-0.13330) av=(0.000127467,0.156999,0.000120483)
reseed=0 in=(128,0,255,0) steer=+0.500 gnd=4.0 sp=4229.95 horiz=4228.35 velH=-0.7913 bodyH=-0.8345 slip=+0.0432 d=(0.14064,-0.13637) av=(0.000131248,0.157047,0.000116594)
reseed=0 in=(128,0,255,0) steer=+0.500 gnd=4.0 sp=4231.37 horiz=4229.76 velH=-0.8126 bodyH=-0.8559 slip=+0.0432 d=(0.13775,-0.13939) av=(0.000134614,0.157088,0.000112886)
reseed=0 in=(128,0,255,0) steer=+0.500 gnd=4.0 sp=4232.74 horiz=4231.13 velH=-0.8340 bodyH=-0.8772 slip=+0.0433 d=(0.13479,-0.14234) av=(0.000137652,0.157126,0.000109291)
reseed=0 in=(128,0,255,0) steer=+0.500 gnd=4.0 sp=4234.07 horiz=4232.46 velH=-0.8553 bodyH=-0.8986 slip=+0.0433 d=(0.13177,-0.14523) av=(0.000140425,0.15716,0.000105768)
reseed=0 in=(128,0,255,0) steer=+0.500 gnd=4.0 sp=4235.35 horiz=4233.74 velH=-0.8766 bodyH=-0.9199 slip=+0.0433 d=(0.12868,-0.14805) av=(0.000142982,0.157191,0.000102281)
reseed=0 in=(128,0,255,0) steer=+0.500 gnd=4.0 sp=4236.60 horiz=4234.99 velH=-0.8979 bodyH=-0.9412 slip=+0.0433 d=(0.12553,-0.15081) av=(0.000145359,0.157221,9.88126e-05)
reseed=0 in=(128,0,255,0) steer=+0.500 gnd=4.0 sp=4237.80 horiz=4236.19 velH=-0.9193 bodyH=-0.9626 slip=+0.0433 d=(0.12232,-0.15350) av=(0.000147585,0.157249,9.53483e-05)
reseed=0 in=(128,0,255,0) steer=+0.500 gnd=4.0 sp=4238.97 horiz=4237.36 velH=-0.9406 bodyH=-0.9839 slip=+0.0433 d=(0.11906,-0.15612) av=(0.000149676,0.157276,9.18745e-05)
reseed=0 in=(128,0,255,0) steer=+0.500 gnd=4.0 sp=4240.10 horiz=4238.49 velH=-0.9619 bodyH=-1.0052 slip=+0.0433 d=(0.11573,-0.15866) av=(0.00015165,0.157301,8.8387e-05)
reseed=0 in=(128,0,255,0) steer=+0.500 gnd=4.0 sp=4241.19 horiz=4239.58 velH=-0.9832 bodyH=-1.0266 slip=+0.0433 d=(0.11235,-0.16114) av=(0.000153516,0.157326,8.48805e-05)
reseed=0 in=(128,0,255,0) steer=+0.500 gnd=4.0 sp=4242.25 horiz=4240.64 velH=-1.0046 bodyH=-1.0479 slip=+0.0433 d=(0.10892,-0.16354) av=(0.000155282,0.157349,8.13538e-05)
reseed=0 in=(128,0,255,0) steer=+0.500 gnd=4.0 sp=4243.28 horiz=4241.67 velH=-1.0259 bodyH=-1.0692 slip=+0.0433 d=(0.10543,-0.16587) av=(0.000156953,0.157372,7.78054e-05)
reseed=0 in=(128,0,255,0) steer=+0.500 gnd=4.0 sp=4244.27 horiz=4242.66 velH=-1.0472 bodyH=-1.0906 slip=+0.0433 d=(0.10190,-0.16812) av=(0.000158534,0.157394,7.42348e-05)
reseed=0 in=(128,0,255,0) steer=+0.500 gnd=4.0 sp=4245.24 horiz=4243.62 velH=-1.0686 bodyH=-1.1119 slip=+0.0433 d=(0.09831,-0.17029) av=(0.000160029,0.157415,7.06434e-05)
reseed=0 in=(128,0,255,0) steer=+0.500 gnd=4.0 sp=4246.17 horiz=4244.55 velH=-1.0899 bodyH=-1.1332 slip=+0.0433 d=(0.09468,-0.17239) av=(0.000161437,0.157436,6.70292e-05)
reseed=0 in=(128,0,255,0) steer=+0.500 gnd=4.0 sp=4247.07 horiz=4245.45 velH=-1.1112 bodyH=-1.1546 slip=+0.0434 d=(0.09100,-0.17441) av=(0.000162762,0.157456,6.33957e-05)
reseed=0 in=(128,0,255,0) steer=+0.500 gnd=4.0 sp=4247.94 horiz=4246.33 velH=-1.1325 bodyH=-1.1759 slip=+0.0434 d=(0.08728,-0.17635) av=(0.000164003,0.157475,5.97425e-05)
reseed=0 in=(128,0,255,0) steer=+0.500 gnd=4.0 sp=4248.79 horiz=4247.17 velH=-1.1539 bodyH=-1.1972 slip=+0.0434 d=(0.08352,-0.17820) av=(0.000165162,0.157494,5.60711e-05)
reseed=0 in=(128,0,255,0) steer=+0.500 gnd=4.0 sp=4249.61 horiz=4247.99 velH=-1.1752 bodyH=-1.2186 slip=+0.0434 d=(0.07971,-0.17998) av=(0.000166239,0.157512,5.23825e-05)
reseed=0 in=(128,0,255,0) steer=+0.500 gnd=4.0 sp=4250.40 horiz=4248.78 velH=-1.1965 bodyH=-1.2399 slip=+0.0434 d=(0.07587,-0.18167) av=(0.000167236,0.157529,4.86805e-05)
reseed=0 in=(128,0,255,0) steer=+0.500 gnd=4.0 sp=4251.17 horiz=4249.55 velH=-1.2179 bodyH=-1.2612 slip=+0.0434 d=(0.07199,-0.18328) av=(0.000168151,0.157546,4.49642e-05)
reseed=0 in=(128,0,255,0) steer=+0.500 gnd=4.0 sp=4251.91 horiz=4250.29 velH=-1.2392 bodyH=-1.2826 slip=+0.0434 d=(0.06808,-0.18481) av=(0.000168985,0.157563,4.1236e-05)
reseed=1 in=(128,0,255,0) steer=+0.500 gnd=4.0 sp=2176.26 horiz=2176.20 velH=-2.9818 bodyH=-2.9923 slip=+0.0105 d=(-0.09710,-0.01673) av=(-0.000200776,0.162513,-0.000319744)
reseed=0 in=(128,0,255,0) steer=+0.500 gnd=4.0 sp=2225.64 horiz=2225.47 velH=-2.9962 bodyH=-3.0136 slip=+0.0174 d=(-0.09957,-0.01605) av=(-0.000265652,0.149442,-0.000288514)
reseed=0 in=(128,0,255,0) steer=+0.500 gnd=4.0 sp=2274.00 horiz=2273.73 velH=-3.0129 bodyH=-3.0349 slip=+0.0220 d=(-0.10205,-0.01494) av=(-0.000284791,0.142437,-0.000222046)
reseed=0 in=(128,0,255,0) steer=+0.500 gnd=4.0 sp=2321.40 horiz=2321.04 velH=-3.0311 bodyH=-3.0563 slip=+0.0252 d=(-0.10451,-0.01352) av=(-0.000279658,0.138974,-0.000149113)
reseed=0 in=(128,0,255,0) steer=+0.500 gnd=4.0 sp=2367.89 horiz=2367.46 velH=-3.0502 bodyH=-3.0776 slip=+0.0274 d=(-0.10692,-0.01186) av=(-0.000261326,0.13756,-8.4327e-05)
reseed=0 in=(128,0,255,0) steer=+0.500 gnd=4.0 sp=2413.53 horiz=2413.05 velH=-3.0700 bodyH=-3.0990 slip=+0.0290 d=(-0.10927,-0.01001) av=(-0.000235701,0.137307,-3.38508e-05)
reseed=0 in=(128,0,255,0) steer=+0.500 gnd=4.0 sp=2458.35 horiz=2457.82 velH=-3.0902 bodyH=-3.1203 slip=+0.0301 d=(-0.11155,-0.00800) av=(-0.000206421,0.137688,1.2605e-06)
reseed=0 in=(128,0,255,0) steer=+0.500 gnd=4.0 sp=2502.38 horiz=2501.80 velH=-3.1106 bodyH=3.1416 slip=+0.0310 d=(-0.11376,-0.00586) av=(-0.000176091,0.138396,2.27698e-05)
reseed=0 in=(128,0,255,0) steer=+0.500 gnd=4.0 sp=2545.62 horiz=2545.02 velH=-3.1313 bodyH=3.1202 slip=+0.0317 d=(-0.11589,-0.00359) av=(-0.000146667,0.139255,3.36503e-05)
reseed=0 in=(128,0,255,0) steer=+0.500 gnd=4.0 sp=2588.10 horiz=2587.47 velH=3.1311 bodyH=3.0989 slip=+0.0322 d=(-0.11795,-0.00122) av=(-0.000119522,0.140169,3.70405e-05)
reseed=0 in=(128,0,255,0) steer=+0.500 gnd=4.0 sp=2629.82 horiz=2629.16 velH=3.1102 bodyH=3.0776 slip=+0.0327 d=(-0.11991,0.00126) av=(-9.54865e-05,0.141086,3.56853e-05)
reseed=0 in=(128,0,255,0) steer=+0.500 gnd=4.0 sp=2670.79 horiz=2670.11 velH=3.0893 bodyH=3.0562 slip=+0.0331 d=(-0.12179,0.00382) av=(-7.49155e-05,0.141984,3.17063e-05)
reseed=0 in=(128,0,255,0) steer=+0.500 gnd=4.0 sp=2711.01 horiz=2710.30 velH=3.0683 bodyH=3.0349 slip=+0.0334 d=(-0.12358,0.00647) av=(-5.78074e-05,0.142851,2.65965e-05)
reseed=0 in=(128,0,255,0) steer=+0.500 gnd=4.0 sp=2750.48 horiz=2749.75 velH=3.0473 bodyH=3.0136 slip=+0.0337 d=(-0.12528,0.00920) av=(-4.39194e-05,0.143688,2.131e-05)
reseed=0 in=(0,128,255,0) steer=-0.500 gnd=4.0 sp=2791.16 horiz=2791.08 velH=3.0456 bodyH=3.0349 slip=+0.0107 d=(-0.12687,0.01200) av=(-2.96189e-05,0.0604066,1.17128e-05)
reseed=0 in=(0,128,255,0) steer=-0.500 gnd=4.0 sp=2831.64 horiz=2831.63 velH=3.0520 bodyH=3.0562 slip=-0.0043 d=(-0.12876,0.01239) av=(-1.99287e-05,0.00418489,5.88971e-06)
reseed=0 in=(0,128,255,0) steer=-0.500 gnd=4.0 sp=2871.05 horiz=2870.91 velH=3.0633 bodyH=3.0776 slip=-0.0142 d=(-0.13071,0.01175) av=(-1.34114e-05,-0.0326236,2.91826e-06)
reseed=0 in=(0,128,255,0) steer=-0.500 gnd=4.0 sp=2909.21 horiz=2908.91 velH=3.0780 bodyH=3.0989 slip=-0.0209 d=(-0.13265,0.01040) av=(-9.01996e-06,-0.0578044,2.18627e-06)
reseed=0 in=(0,128,255,0) steer=-0.500 gnd=4.0 sp=2946.15 horiz=2945.71 velH=3.0947 bodyH=3.1202 slip=-0.0255 d=(-0.13454,0.00857) av=(-6.06343e-06,-0.0752863,1.637e-06)
reseed=0 in=(0,128,255,0) steer=-0.500 gnd=4.0 sp=2981.99 horiz=2981.42 velH=3.1129 bodyH=3.1416 slip=-0.0287 d=(-0.13637,0.00640) av=(-4.06136e-06,-0.087594,1.23592e-06)
reseed=0 in=(0,128,255,0) steer=-0.500 gnd=4.0 sp=3016.80 horiz=3016.14 velH=3.1320 bodyH=-3.1203 slip=-0.0309 d=(-0.13812,0.00397) av=(-2.70007e-06,-0.0963793,9.48853e-07)
reseed=0 in=(0,128,255,0) steer=-0.500 gnd=4.0 sp=3050.69 horiz=3049.95 velH=-3.1315 bodyH=-3.0990 slip=-0.0325 d=(-0.13978,0.00135) av=(-1.77275e-06,-0.102737,7.45611e-07)
reseed=0 in=(0,128,255,0) steer=-0.500 gnd=4.0 sp=3083.71 horiz=3082.92 velH=-3.1113 bodyH=-3.0776 slip=-0.0337 d=(-0.14135,-0.00143) av=(-1.14151e-06,-0.1074,6.0172e-07)
reseed=0 in=(0,128,255,0) steer=-0.500 gnd=4.0 sp=3115.92 horiz=3115.07 velH=-3.0909 bodyH=-3.0563 slip=-0.0346 d=(-0.14282,-0.00432) av=(-7.13307e-07,-0.11087,4.98764e-07)
reseed=0 in=(0,128,255,0) steer=-0.500 gnd=4.0 sp=3147.35 horiz=3146.47 velH=-3.0702 bodyH=-3.0349 slip=-0.0352 d=(-0.14419,-0.00732) av=(-4.24582e-07,-0.113491,4.23787e-07)
reseed=0 in=(0,128,255,0) steer=-0.500 gnd=4.0 sp=3178.03 horiz=3177.12 velH=-3.0493 bodyH=-3.0136 slip=-0.0357 d=(-0.14546,-0.01041) av=(-2.31393e-07,-0.115505,3.68346e-07)
reseed=0 in=(0,128,255,0) steer=-0.500 gnd=4.0 sp=3207.99 horiz=3207.05 velH=-3.0284 bodyH=-2.9923 slip=-0.0361 d=(-0.14662,-0.01356) av=(-1.02818e-07,-0.117083,3.27868e-07)
reseed=0 in=(0,128,255,0) steer=-0.500 gnd=4.0 sp=3237.24 horiz=3236.28 velH=-3.0074 bodyH=-2.9709 slip=-0.0365 d=(-0.14768,-0.01679) av=(-1.59188e-08,-0.118347,3.02333e-07)
reseed=0 in=(0,128,255,0) steer=-0.500 gnd=4.0 sp=3265.81 horiz=3264.82 velH=-2.9864 bodyH=-2.9496 slip=-0.0368 d=(-0.14864,-0.02006) av=(5.47179e-08,-0.119383,3.10576e-07)
reseed=0 in=(0,128,255,0) steer=-0.500 gnd=4.0 sp=3293.69 horiz=3292.69 velH=-2.9653 bodyH=-2.9283 slip=-0.0370 d=(-0.14949,-0.02339) av=(5.06861e-08,-0.117644,2.1383e-07)
reseed=0 in=(0,128,255,0) steer=-0.500 gnd=4.0 sp=3320.91 horiz=3319.89 velH=-2.9442 bodyH=-2.9069 slip=-0.0372 d=(-0.15024,-0.02677) av=(3.56021e-08,-0.116637,1.29606e-07)
reseed=1 in=(0,128,255,0) steer=-0.500 gnd=4.0 sp=1715.67 horiz=1715.63 velH=-3.1298 bodyH=-3.1203 slip=-0.0095 d=(-0.07696,-0.00000) av=(2.45451e-08,-0.0901891,8.19156e-08)
reseed=0 in=(0,128,255,0) steer=-0.500 gnd=4.0 sp=1770.15 horiz=1770.03 velH=-3.1147 bodyH=-3.0989 slip=-0.0158 d=(-0.07951,-0.00094) av=(1.70578e-08,-0.0920507,5.00869e-08)
reseed=0 in=(0,128,255,0) steer=-0.500 gnd=4.0 sp=1823.85 horiz=1823.67 velH=-3.0975 bodyH=-3.0776 slip=-0.0199 d=(-0.08201,-0.00221) av=(1.18549e-08,-0.0941419,3.06657e-08)
reseed=0 in=(0,128,255,0) steer=-0.500 gnd=4.0 sp=1876.80 horiz=1876.56 velH=-3.0790 bodyH=-3.0563 slip=-0.0228 d=(-0.08444,-0.00372) av=(8.23418e-09,-0.096163,1.8789e-08)
reseed=0 in=(0,128,255,0) steer=-0.500 gnd=4.0 sp=1929.04 horiz=1928.75 velH=-3.0597 bodyH=-3.0349 slip=-0.0247 d=(-0.08680,-0.00544) av=(5.71357e-09,-0.0979943,1.15155e-08)
reseed=0 in=(0,128,255,0) steer=-0.500 gnd=4.0 sp=1980.58 horiz=1980.24 velH=-3.0398 bodyH=-3.0136 slip=-0.0262 d=(-0.08909,-0.00732) av=(3.95938e-09,-0.0996053,7.05698e-09)
reseed=0 in=(0,128,255,0) steer=-0.500 gnd=4.0 sp=2031.44 horiz=2031.06 velH=-3.0195 bodyH=-2.9923 slip=-0.0273 d=(-0.09130,-0.00933) av=(2.73962e-09,-0.101007,4.32263e-09)
reseed=1 in=(0,128,255,0) steer=-0.500 gnd=4.0 sp=1069.60 horiz=1069.60 velH=-3.1305 bodyH=-3.1271 slip=-0.0034 d=(-0.04707,-0.00000) av=(1.76465e-09,-0.0827156,2.58664e-09)
reseed=0 in=(0,128,255,0) steer=-0.500 gnd=4.0 sp=1126.08 horiz=1126.07 velH=-3.1179 bodyH=-3.1119 slip=-0.0060 d=(-0.04957,-0.00055) av=(1.14717e-09,-0.0875231,1.42353e-09)
reseed=0 in=(0,128,255,0) steer=-0.500 gnd=4.0 sp=1184.69 horiz=1184.67 velH=-3.1040 bodyH=-3.0959 slip=-0.0081 d=(-0.05217,-0.00124) av=(7.44352e-10,-0.0906555,7.8067e-10)
reseed=0 in=(0,128,255,0) steer=-0.500 gnd=4.0 sp=1242.99 horiz=1242.96 velH=-3.0893 bodyH=-3.0791 slip=-0.0102 d=(-0.05487,-0.00206) av=(4.81849e-10,-0.0925446,4.26831e-10)
reseed=1 in=(0,128,255,0) steer=-0.500 gnd=4.0 sp=655.36 horiz=655.36 velH=-3.1327 bodyH=-3.1328 slip=+0.0001 d=(-0.02880,-0.00000) av=(3.05133e-10,-0.0665093,2.27363e-10)
reseed=0 in=(0,128,255,0) steer=-0.500 gnd=4.0 sp=691.02 horiz=691.02 velH=-3.1236 bodyH=-3.1234 slip=-0.0002 d=(-0.03037,-0.00027) av=(1.94332e-10,-0.0605868,9.48826e-11)
reseed=0 in=(0,128,255,0) steer=-0.500 gnd=4.0 sp=728.53 horiz=728.53 velH=-3.1142 bodyH=-3.1136 slip=-0.0006 d=(-0.03202,-0.00058) av=(1.23848e-10,-0.0584582,2.95913e-11)
reseed=0 in=(0,128,255,0) steer=-0.500 gnd=4.0 sp=767.99 horiz=767.99 velH=-3.1045 bodyH=-3.1032 slip=-0.0013 d=(-0.03375,-0.00092) av=(7.89094e-11,-0.0588185,-1.42622e-13)
reseed=1 in=(0,128,255,0) steer=-0.500 gnd=4.0 sp=405.10 horiz=405.10 velH=-3.1340 bodyH=-3.1361 slip=+0.0021 d=(-0.01780,-0.00000) av=(4.74774e-11,-0.0380445,-1.22911e-11)
reseed=0 in=(0,128,255,0) steer=-0.500 gnd=4.0 sp=427.38 horiz=427.38 velH=-3.1271 bodyH=-3.1304 slip=+0.0033 d=(-0.01877,-0.00014) av=(2.29631e-11,-0.0306139,-2.91602e-11)
reseed=0 in=(0,128,255,0) steer=-0.500 gnd=4.0 sp=450.89 horiz=450.89 velH=-3.1206 bodyH=-3.1243 slip=+0.0037 d=(-0.01981,-0.00029) av=(-2.0159e-11,-0.0292352,-8.84172e-11)
reseed=0 in=(0,128,255,0) steer=-0.500 gnd=4.0 sp=475.68 horiz=475.68 velH=-3.1141 bodyH=-3.1179 slip=+0.0038 d=(-0.02089,-0.00044) av=(-1.44795e-11,-0.0289537,-6.01232e-11)
reseed=1 in=(0,128,255,0) steer=-0.500 gnd=4.0 sp=264.10 horiz=264.09 velH=-3.1338 bodyH=-3.1382 slip=+0.0045 d=(-0.01102,-0.00000) av=(-3.69319e-12,-0.0054268,-1.51079e-11)
reseed=0 in=(0,128,255,0) steer=-0.500 gnd=4.0 sp=278.57 horiz=278.57 velH=-3.1303 bodyH=-3.1345 slip=+0.0042 d=(-0.01224,-0.00010) av=(-9.41646e-13,-0.00115943,-3.91466e-12)
reseed=1 in=(0,128,255,0) steer=-0.500 gnd=4.0 sp=160.00 horiz=160.00 velH=-3.1387 bodyH=-3.1396 slip=+0.0009 d=(-0.00646,-0.00000) av=(-4.60172e-14,0.000482172,-1.95162e-13)
reseed=0 in=(0,128,255,0) steer=-0.500 gnd=4.0 sp=181.86 horiz=181.85 velH=-3.1359 bodyH=-3.1373 slip=+0.0014 d=(-0.00742,-0.00002) av=(-3.65303e-15,0.000691672,-1.66967e-14)
reseed=1 in=(0,128,255,0) steer=-0.500 gnd=4.0 sp=108.89 horiz=108.89 velH=-3.1401 bodyH=-3.1403 slip=+0.0002 d=(-0.00421,-0.00000) av=(-3.57165e-17,0.000130077,-1.68181e-16)
reseed=0 in=(0,128,255,0) steer=-0.500 gnd=4.0 sp=13.22 horiz=13.22 velH=-3.1403 bodyH=-3.1403 slip=+0.0000 d=(-0.00000,-0.00000) av=(-7.66963e-25,-5.34495e-10,-3.61145e-24)
reseed=0 in=(0,128,255,0) steer=-0.500 gnd=4.0 sp=26.69 horiz=26.69 velH=-3.1401 bodyH=-3.1401 slip=+0.0000 d=(-0.00061,-0.00000) av=(-1.58706e-29,2.59787e-07,-7.47311e-29)
reseed=0 in=(0,128,255,0) steer=-0.500 gnd=4.0 sp=40.93 horiz=40.93 velH=-3.1397 bodyH=-3.1397 slip=+0.0000 d=(-0.00124,-0.00000) av=(-2.39878e-33,1.88339e-06,-1.12953e-32)
reseed=0 in=(0,128,255,0) steer=-0.500 gnd=4.0 sp=56.00 horiz=56.00 velH=-3.1391 bodyH=-3.1391 slip=+0.0000 d=(-0.00190,-0.00000) av=(-1.42908e-36,7.32399e-06,-6.7292e-36)
reseed=0 in=(0,128,255,0) steer=-0.500 gnd=4.0 sp=71.94 horiz=71.94 velH=-3.1383 bodyH=-3.1384 slip=+0.0001 d=(-0.00260,-0.00001) av=(-2.47808e-39,2.08827e-05,-1.16687e-38)
reseed=0 in=(0,128,255,0) steer=-0.500 gnd=4.0 sp=88.79 horiz=88.79 velH=-3.1372 bodyH=-3.1373 slip=+0.0001 d=(-0.00333,-0.00001) av=(-1.0315e-41,4.91676e-05,-4.88353e-41)
reseed=0 in=(0,128,255,0) steer=-0.500 gnd=4.0 sp=106.61 horiz=106.61 velH=-3.1358 bodyH=-3.1361 slip=+0.0002 d=(-0.00412,-0.00002) av=(-9.10844e-44,0.000101332,-4.37205e-43)
reseed=0 in=(0,128,255,0) steer=-0.500 gnd=4.0 sp=125.44 horiz=125.43 velH=-3.1342 bodyH=-3.1345 slip=+0.0004 d=(-0.00494,-0.00003) av=(-1.4013e-45,0.000188786,-7.00649e-45)
reseed=0 in=(0,128,255,0) steer=-0.500 gnd=4.0 sp=145.33 horiz=145.33 velH=-3.1321 bodyH=-3.1328 slip=+0.0006 d=(-0.00581,-0.00004) av=(0,0.000323913,-0)
reseed=0 in=(0,128,255,0) steer=-0.500 gnd=4.0 sp=166.36 horiz=166.36 velH=-3.1297 bodyH=-3.1307 slip=+0.0010 d=(-0.00674,-0.00006) av=(0,0.000517013,0)
reseed=0 in=(0,128,255,0) steer=-0.500 gnd=4.0 sp=188.57 horiz=188.57 velH=-3.1267 bodyH=-3.1283 slip=+0.0016 d=(-0.00771,-0.00009) av=(0,0.000770221,0)
reseed=0 in=(0,128,255,0) steer=-0.500 gnd=4.0 sp=212.02 horiz=212.02 velH=-3.1232 bodyH=-3.1256 slip=+0.0024 d=(-0.00874,-0.00013) av=(0,0.00106622,0)
reseed=0 in=(0,128,255,0) steer=-0.500 gnd=4.0 sp=236.79 horiz=236.79 velH=-3.1190 bodyH=-3.1226 slip=+0.0037 d=(-0.00982,-0.00018) av=(0,0.00131575,0)
reseed=0 in=(0,128,255,0) steer=-0.500 gnd=4.0 sp=262.95 horiz=262.94 velH=-3.1137 bodyH=-3.1193 slip=+0.0056 d=(-0.01097,-0.00025) av=(0,0.00103998,0)
reseed=0 in=(0,128,255,0) steer=-0.500 gnd=4.0 sp=277.35 horiz=277.35 velH=-3.1108 bodyH=-3.1155 slip=+0.0047 d=(-0.01218,-0.00034) av=(0,0.000470329,0)
reseed=0 in=(0,128,255,0) steer=-0.500 gnd=4.0 sp=292.57 horiz=292.56 velH=-3.1064 bodyH=-3.1116 slip=+0.0052 d=(-0.01285,-0.00040) av=(0,-5.02261e-05,0)
reseed=0 in=(0,128,255,0) steer=-0.500 gnd=4.0 sp=308.63 horiz=308.63 velH=-3.1008 bodyH=-3.1074 slip=+0.0066 d=(-0.01355,-0.00048) av=(0,-0.000530673,0)
reseed=0 in=(0,128,255,0) steer=-0.500 gnd=4.0 sp=325.60 horiz=325.59 velH=-3.0944 bodyH=-3.1030 slip=+0.0086 d=(-0.01429,-0.00058) av=(0,-0.000987278,0)
reseed=0 in=(0,128,255,0) steer=-0.500 gnd=4.0 sp=343.51 horiz=343.50 velH=-3.0905 bodyH=-3.0984 slip=+0.0079 d=(-0.01507,-0.00071) av=(0,-0.00367363,0)
reseed=0 in=(0,128,255,0) steer=-0.500 gnd=4.0 sp=362.41 horiz=362.40 velH=-3.0862 bodyH=-3.0935 slip=+0.0073 d=(-0.01590,-0.00081) av=(0,-0.00662168,0)
reseed=0 in=(0,128,255,0) steer=-0.500 gnd=4.0 sp=382.35 horiz=382.34 velH=-3.0816 bodyH=-3.0884 slip=+0.0067 d=(-0.01677,-0.00093) av=(0,-0.00923754,0)
reseed=0 in=(0,128,255,0) steer=-0.500 gnd=4.0 sp=403.39 horiz=403.38 velH=-3.0767 bodyH=-3.0829 slip=+0.0063 d=(-0.01769,-0.00106) av=(0,-0.011543,0)
reseed=0 in=(0,128,255,0) steer=-0.500 gnd=4.0 sp=425.57 horiz=425.57 velH=-3.0714 bodyH=-3.0772 slip=+0.0058 d=(-0.01866,-0.00121) av=(0,-0.0136121,0)
reseed=0 in=(0,128,255,0) steer=-0.500 gnd=4.0 sp=448.99 horiz=448.99 velH=-3.0658 bodyH=-3.0711 slip=+0.0053 d=(-0.01968,-0.00138) av=(0,-0.0183113,0)
reseed=0 in=(0,128,255,0) steer=-0.500 gnd=4.0 sp=473.68 horiz=473.68 velH=-3.0600 bodyH=-3.0647 slip=+0.0048 d=(-0.02075,-0.00157) av=(0,-0.021905,0)
reseed=0 in=(0,128,255,0) steer=-0.500 gnd=4.0 sp=499.71 horiz=499.70 velH=-3.0537 bodyH=-3.0580 slip=+0.0042 d=(-0.02188,-0.00179) av=(0,-0.0249686,0)
reseed=0 in=(0,128,255,0) steer=-0.500 gnd=4.0 sp=527.13 horiz=527.13 velH=-3.0472 bodyH=-3.0509 slip=+0.0037 d=(-0.02307,-0.00203) av=(0,-0.027848,0)
reseed=0 in=(0,128,255,0) steer=-0.500 gnd=4.0 sp=556.02 horiz=556.02 velH=-3.0402 bodyH=-3.0434 slip=+0.0031 d=(-0.02432,-0.00230) av=(0,-0.0307394,0)
reseed=0 in=(0,128,255,0) steer=-0.500 gnd=4.0 sp=586.46 horiz=586.46 velH=-3.0329 bodyH=-3.0355 slip=+0.0026 d=(-0.02564,-0.00261) av=(0,-0.0337503,0)
reseed=0 in=(0,128,255,0) steer=-0.500 gnd=4.0 sp=618.50 horiz=618.50 velH=-3.0252 bodyH=-3.0271 slip=+0.0019 d=(-0.02702,-0.00295) av=(0,-0.0369396,0)
reseed=0 in=(0,128,255,0) steer=-0.500 gnd=4.0 sp=652.24 horiz=652.24 velH=-3.0171 bodyH=-3.0183 slip=+0.0013 d=(-0.02847,-0.00333) av=(0,-0.0403408,0)
reseed=0 in=(0,128,255,0) steer=-0.500 gnd=4.0 sp=687.74 horiz=687.74 velH=-3.0085 bodyH=-3.0091 slip=+0.0006 d=(-0.02999,-0.00375) av=(0,-0.0439743,0)
reseed=0 in=(0,128,255,0) steer=-0.500 gnd=4.0 sp=725.09 horiz=725.09 velH=-2.9994 bodyH=-2.9993 slip=-0.0002 d=(-0.03159,-0.00423) av=(0,-0.0478538,0)
reseed=0 in=(0,128,255,0) steer=-0.500 gnd=4.0 sp=764.38 horiz=764.38 velH=-2.9899 bodyH=-2.9890 slip=-0.0009 d=(-0.03327,-0.00476) av=(0,-0.0519893,0)
reseed=0 in=(0,128,255,0) steer=-0.500 gnd=4.0 sp=805.67 horiz=805.67 velH=-2.9798 bodyH=-2.9781 slip=-0.0017 d=(-0.03502,-0.00535) av=(0,-0.0563889,0)
reseed=0 in=(0,128,255,0) steer=-0.500 gnd=4.0 sp=849.07 horiz=849.07 velH=-2.9692 bodyH=-2.9666 slip=-0.0026 d=(-0.03685,-0.00601) av=(0,-0.0610585,0)
reseed=0 in=(0,128,255,0) steer=-0.500 gnd=4.0 sp=894.66 horiz=894.65 velH=-2.9581 bodyH=-2.9546 slip=-0.0035 d=(-0.03877,-0.00675) av=(0,-0.0660022,0)
reseed=0 in=(0,128,255,0) steer=-0.500 gnd=4.0 sp=942.52 horiz=942.52 velH=-2.9463 bodyH=-2.9418 slip=-0.0045 d=(-0.04077,-0.00757) av=(0,-0.0712213,0)
reseed=0 in=(0,128,255,0) steer=-0.500 gnd=4.0 sp=992.76 horiz=992.75 velH=-2.9339 bodyH=-2.9284 slip=-0.0055 d=(-0.04285,-0.00848) av=(0,-0.0767136,0)
reseed=0 in=(0,128,255,0) steer=-0.500 gnd=4.0 sp=1045.46 horiz=1045.44 velH=-2.9209 bodyH=-2.9143 slip=-0.0066 d=(-0.04502,-0.00949) av=(0,-0.0824566,0)
reseed=0 in=(0,128,255,0) steer=-0.500 gnd=4.0 sp=1100.71 horiz=1100.69 velH=-2.9071 bodyH=-2.8994 slip=-0.0077 d=(-0.04728,-0.01061) av=(0,-0.087612,0)
reseed=0 in=(0,128,255,0) steer=-0.500 gnd=4.0 sp=1158.60 horiz=1158.57 velH=-2.8927 bodyH=-2.8838 slip=-0.0089 d=(-0.04962,-0.01185) av=(0,-0.0908129,0)
reseed=0 in=(0,128,255,0) steer=-0.500 gnd=4.0 sp=1217.00 horiz=1216.97 velH=-2.8776 bodyH=-2.8673 slip=-0.0104 d=(-0.05204,-0.01323) av=(0,-0.0927067,0)
reseed=0 in=(0,128,255,0) steer=-0.500 gnd=4.0 sp=1275.07 horiz=1275.02 velH=-2.8620 bodyH=-2.8500 slip=-0.0120 d=(-0.05445,-0.01471) av=(0,-0.0936825,0)
reseed=0 in=(0,128,255,0) steer=-0.500 gnd=4.0 sp=1332.77 horiz=1332.70 velH=-2.8457 bodyH=-2.8318 slip=-0.0139 d=(-0.05680,-0.01631) av=(0,-0.0939572,0)
reseed=0 in=(0,128,255,0) steer=-0.500 gnd=4.0 sp=1390.05 horiz=1389.96 velH=-2.8287 bodyH=-2.8129 slip=-0.0158 d=(-0.05908,-0.01801) av=(0,-0.0939119,0)
reseed=0 in=(0,128,255,0) steer=-0.500 gnd=4.0 sp=1446.88 horiz=1446.77 velH=-2.8108 bodyH=-2.7931 slip=-0.0177 d=(-0.06129,-0.01983) av=(0,-0.0943027,0)
reseed=0 in=(0,128,255,0) steer=-0.500 gnd=4.0 sp=1503.23 horiz=1503.08 velH=-2.7922 bodyH=-2.7725 slip=-0.0197 d=(-0.06342,-0.02178) av=(0,-0.0949891,0)
reseed=0 in=(0,128,255,0) steer=-0.500 gnd=4.0 sp=1559.05 horiz=1558.87 velH=-2.7728 bodyH=-2.7512 slip=-0.0216 d=(-0.06545,-0.02385) av=(0,-0.0958791,0)
reseed=0 in=(0,128,255,0) steer=-0.500 gnd=4.0 sp=1614.34 horiz=1614.12 velH=-2.7529 bodyH=-2.7299 slip=-0.0230 d=(-0.06739,-0.02604) av=(0,-0.0968356,0)
reseed=0 in=(0,128,255,0) steer=-0.500 gnd=4.0 sp=1669.10 horiz=1668.85 velH=-2.7327 bodyH=-2.7085 slip=-0.0241 d=(-0.06923,-0.02835) av=(0,-0.097781,0)
reseed=0 in=(0,128,255,0) steer=-0.500 gnd=4.0 sp=1723.31 horiz=1723.03 velH=-2.7122 bodyH=-2.6872 slip=-0.0250 d=(-0.07097,-0.03075) av=(0,-0.0986841,0)
reseed=0 in=(0,128,255,0) steer=-0.500 gnd=4.0 sp=1776.96 horiz=1776.66 velH=-2.6917 bodyH=-2.6659 slip=-0.0258 d=(-0.07261,-0.03324) av=(0,-0.0995363,0)
reseed=0 in=(0,128,255,0) steer=-0.500 gnd=4.0 sp=1830.04 horiz=1829.72 velH=-2.6710 bodyH=-2.6445 slip=-0.0264 d=(-0.07415,-0.03581) av=(0,-0.10034,0)
reseed=0 in=(0,128,255,0) steer=-0.500 gnd=4.0 sp=1882.54 horiz=1882.20 velH=-2.6502 bodyH=-2.6232 slip=-0.0270 d=(-0.07558,-0.03845) av=(0,-0.101102,0)
reseed=0 in=(0,128,255,0) steer=-0.500 gnd=4.0 sp=1934.45 horiz=1934.08 velH=-2.6294 bodyH=-2.6019 slip=-0.0275 d=(-0.07691,-0.04116) av=(0,-0.10183,0)
reseed=0 in=(0,128,255,0) steer=-0.500 gnd=4.0 sp=1985.74 horiz=1985.35 velH=-2.6086 bodyH=-2.5805 slip=-0.0280 d=(-0.07814,-0.04393) av=(0,-0.10253,0)
reseed=0 in=(0,128,255,0) steer=-0.500 gnd=4.0 sp=2036.40 horiz=2035.99 velH=-2.5877 bodyH=-2.5592 slip=-0.0285 d=(-0.07925,-0.04676) av=(0,-0.103209,0)
reseed=0 in=(0,128,255,0) steer=-0.500 gnd=4.0 sp=2086.42 horiz=2085.99 velH=-2.5668 bodyH=-2.5379 slip=-0.0289 d=(-0.08025,-0.04964) av=(0,-0.103871,0)
reseed=0 in=(0,128,255,0) steer=-0.500 gnd=4.0 sp=2135.79 horiz=2135.34 velH=-2.5459 bodyH=-2.5165 slip=-0.0293 d=(-0.08114,-0.05256) av=(0,-0.104519,0)
reseed=0 in=(0,128,255,0) steer=-0.500 gnd=4.0 sp=2184.50 horiz=2184.02 velH=-2.5249 bodyH=-2.4952 slip=-0.0297 d=(-0.08192,-0.05553) av=(0,-0.105157,0)
reseed=0 in=(0,128,255,0) steer=-0.500 gnd=4.0 sp=2232.52 horiz=2232.03 velH=-2.5040 bodyH=-2.4739 slip=-0.0301 d=(-0.08258,-0.05854) av=(0,-0.105786,0)
reseed=0 in=(0,128,255,0) steer=-0.500 gnd=4.0 sp=2279.87 horiz=2279.36 velH=-2.4830 bodyH=-2.4525 slip=-0.0305 d=(-0.08312,-0.06158) av=(0,-0.106407,0)
reseed=0 in=(0,128,255,0) steer=-0.500 gnd=4.0 sp=2326.52 horiz=2325.99 velH=-2.4620 bodyH=-2.4312 slip=-0.0308 d=(-0.08355,-0.06465) av=(0,-0.107023,0)
reseed=0 in=(0,128,255,0) steer=-0.500 gnd=4.0 sp=2372.46 horiz=2371.91 velH=-2.4410 bodyH=-2.4099 slip=-0.0311 d=(-0.08385,-0.06775) av=(0,-0.107633,0)
reseed=0 in=(0,128,255,0) steer=-0.500 gnd=4.0 sp=2417.70 horiz=2417.13 velH=-2.4200 bodyH=-2.3885 slip=-0.0315 d=(-0.08404,-0.07087) av=(0,-0.108237,0)
reseed=0 in=(0,128,255,0) steer=-0.500 gnd=4.0 sp=2462.22 horiz=2461.62 velH=-2.3990 bodyH=-2.3672 slip=-0.0318 d=(-0.08410,-0.07400) av=(0,-0.108837,0)
reseed=0 in=(0,128,255,0) steer=-0.500 gnd=4.0 sp=2506.01 horiz=2505.40 velH=-2.3779 bodyH=-2.3459 slip=-0.0321 d=(-0.08405,-0.07715) av=(0,-0.109431,0)
reseed=0 in=(0,128,255,0) steer=-0.500 gnd=4.0 sp=2549.08 horiz=2548.45 velH=-2.3569 bodyH=-2.3245 slip=-0.0324 d=(-0.08387,-0.08030) av=(0,-0.110022,0)
reseed=0 in=(0,128,255,0) steer=-0.500 gnd=4.0 sp=2591.42 horiz=2590.77 velH=-2.3359 bodyH=-2.3032 slip=-0.0327 d=(-0.08358,-0.08346) av=(0,-0.110607,0)
reseed=0 in=(0,128,255,0) steer=-0.500 gnd=4.0 sp=2633.02 horiz=2632.35 velH=-2.3148 bodyH=-2.2819 slip=-0.0330 d=(-0.08316,-0.08661) av=(0,-0.111187,0)
reseed=0 in=(0,128,255,0) steer=-0.500 gnd=4.0 sp=2673.89 horiz=2673.20 velH=-2.2938 bodyH=-2.2605 slip=-0.0332 d=(-0.08262,-0.08976) av=(0,-0.111763,0)
reseed=0 in=(0,128,255,0) steer=-0.500 gnd=4.0 sp=2714.02 horiz=2713.31 velH=-2.2727 bodyH=-2.2392 slip=-0.0335 d=(-0.08197,-0.09290) av=(0,-0.112333,0)
reseed=0 in=(0,128,255,0) steer=-0.500 gnd=4.0 sp=2753.42 horiz=2752.69 velH=-2.2516 bodyH=-2.2178 slip=-0.0338 d=(-0.08119,-0.09603) av=(0,-0.112899,0)
reseed=0 in=(0,128,255,0) steer=-0.500 gnd=4.0 sp=2792.07 horiz=2791.32 velH=-2.2305 bodyH=-2.1965 slip=-0.0340 d=(-0.08030,-0.09914) av=(0,-0.113459,0)
reseed=0 in=(0,128,255,0) steer=-0.500 gnd=4.0 sp=2829.99 horiz=2829.22 velH=-2.2094 bodyH=-2.1752 slip=-0.0343 d=(-0.07929,-0.10222) av=(0,-0.114014,0)
reseed=0 in=(0,128,255,0) steer=-0.500 gnd=4.0 sp=2867.18 horiz=2866.39 velH=-2.1883 bodyH=-2.1538 slip=-0.0345 d=(-0.07816,-0.10528) av=(0,-0.114564,0)
reseed=0 in=(0,128,255,0) steer=-0.500 gnd=4.0 sp=2903.63 horiz=2902.82 velH=-2.1672 bodyH=-2.1325 slip=-0.0347 d=(-0.07692,-0.10831) av=(0,-0.115108,0)
reseed=0 in=(0,128,255,0) steer=-0.500 gnd=4.0 sp=2939.35 horiz=2938.53 velH=-2.1461 bodyH=-2.1112 slip=-0.0350 d=(-0.07557,-0.11131) av=(0,-0.115646,0)
reseed=0 in=(255,0,255,0) steer=+1.000 gnd=4.0 sp=2973.92 horiz=2973.92 velH=-2.1537 bodyH=-2.1537 slip=-0.0001 d=(-0.07410,-0.11426) av=(0,0.00549427,0)
reseed=0 in=(255,0,255,0) steer=+1.000 gnd=4.0 sp=3007.24 horiz=3006.88 velH=-2.1718 bodyH=-2.1961 slip=+0.0243 d=(-0.07587,-0.11507) av=(0,0.092316,0)
reseed=0 in=(255,0,255,0) steer=+1.000 gnd=4.0 sp=3037.84 horiz=3036.81 velH=-2.1967 bodyH=-2.2386 slip=+0.0419 d=(-0.07881,-0.11493) av=(0,0.15349,0)
reseed=0 in=(255,0,255,0) steer=+1.000 gnd=4.0 sp=3065.58 horiz=3063.85 velH=-2.2260 bodyH=-2.2811 slip=+0.0551 d=(-0.08245,-0.11406) av=(0,0.200269,0)
reseed=0 in=(255,0,255,0) steer=+1.000 gnd=4.0 sp=3090.72 horiz=3088.35 velH=-2.2585 bodyH=-2.3236 slip=+0.0651 d=(-0.08653,-0.11259) av=(0,0.236103,0)
reseed=0 in=(255,0,255,0) steer=+1.000 gnd=4.0 sp=3113.58 horiz=3110.66 velH=-2.2932 bodyH=-2.3661 slip=+0.0728 d=(-0.09086,-0.11060) av=(0,0.263875,0)
reseed=0 in=(255,0,255,0) steer=+1.000 gnd=4.0 sp=3134.49 horiz=3131.10 velH=-2.3296 bodyH=-2.4086 slip=+0.0789 d=(-0.09533,-0.10815) av=(0,0.285656,0)
reseed=0 in=(255,0,255,0) steer=+1.000 gnd=4.0 sp=3153.73 horiz=3149.94 velH=-2.3672 bodyH=-2.4510 slip=+0.0838 d=(-0.09985,-0.10530) av=(0,0.302934,0)
reseed=0 in=(255,0,255,0) steer=+1.000 gnd=4.0 sp=3171.53 horiz=3167.42 velH=-2.4057 bodyH=-2.4935 slip=+0.0878 d=(-0.10436,-0.10209) av=(0,0.316789,0)
reseed=0 in=(255,0,255,0) steer=+1.000 gnd=4.0 sp=3188.09 horiz=3183.70 velH=-2.4450 bodyH=-2.5360 slip=+0.0911 d=(-0.10881,-0.09854) av=(0,0.328016,0)
reseed=0 in=(255,0,255,0) steer=+1.000 gnd=4.0 sp=3203.58 horiz=3198.95 velH=-2.4847 bodyH=-2.5785 slip=+0.0937 d=(-0.11317,-0.09468) av=(0,0.337207,0)
reseed=0 in=(255,0,255,0) steer=+1.000 gnd=4.0 sp=3218.12 horiz=3213.28 velH=-2.5250 bodyH=-2.6210 slip=+0.0960 d=(-0.11741,-0.09053) av=(0,0.344811,0)
reseed=0 in=(255,0,255,0) steer=+1.000 gnd=4.0 sp=3231.82 horiz=3226.81 velH=-2.5655 bodyH=-2.6635 slip=+0.0979 d=(-0.12150,-0.08612) av=(0,0.351165,0)
reseed=0 in=(255,0,255,0) steer=+1.000 gnd=4.0 sp=3244.77 horiz=3239.60 velH=-2.6064 bodyH=-2.7059 slip=+0.0995 d=(-0.12542,-0.08146) av=(0,0.35653,0)
reseed=0 in=(255,0,255,0) steer=+1.000 gnd=4.0 sp=3257.04 horiz=3251.74 velH=-2.6475 bodyH=-2.7484 slip=+0.1009 d=(-0.12915,-0.07657) av=(0,0.361106,0)
reseed=0 in=(255,0,255,0) steer=+1.000 gnd=4.0 sp=3268.70 horiz=3263.28 velH=-2.6887 bodyH=-2.7909 slip=+0.1022 d=(-0.13268,-0.07147) av=(0,0.36505,0)
reseed=0 in=(255,0,255,0) steer=+1.000 gnd=4.0 sp=3279.80 horiz=3274.28 velH=-2.7301 bodyH=-2.8334 slip=+0.1033 d=(-0.13600,-0.06617) av=(0,0.368483,0)
reseed=0 in=(255,0,255,0) steer=+1.000 gnd=4.0 sp=3290.38 horiz=3284.77 velH=-2.7717 bodyH=-2.8759 slip=+0.1042 d=(-0.13909,-0.06069) av=(0,0.371501,0)
reseed=0 in=(255,0,255,0) steer=+1.000 gnd=4.0 sp=3300.48 horiz=3294.79 velH=-2.8133 bodyH=-2.9184 slip=+0.1051 d=(-0.14194,-0.05504) av=(0,0.374179,0)
reseed=0 in=(255,0,255,0) steer=+1.000 gnd=4.0 sp=3310.14 horiz=3304.37 velH=-2.8550 bodyH=-2.9608 slip=+0.1058 d=(-0.14455,-0.04924) av=(0,0.376578,0)
reseed=0 in=(255,0,255,0) steer=+1.000 gnd=4.0 sp=3319.39 horiz=3313.54 velH=-2.8968 bodyH=-3.0033 slip=+0.1066 d=(-0.14690,-0.04329) av=(0,0.378746,0)
reseed=0 in=(255,0,255,0) steer=+1.000 gnd=4.0 sp=3328.24 horiz=3322.33 velH=-2.9386 bodyH=-3.0458 slip=+0.1072 d=(-0.14899,-0.03722) av=(0,0.38072,0)
reseed=0 in=(255,0,255,0) steer=+1.000 gnd=4.0 sp=3336.72 horiz=3330.75 velH=-2.9805 bodyH=-3.0883 slip=+0.1078 d=(-0.15082,-0.03104) av=(0,0.382531,0)
reseed=0 in=(255,0,255,0) steer=+1.000 gnd=4.0 sp=3344.85 horiz=3338.83 velH=-3.0224 bodyH=-3.1308 slip=+0.1084 d=(-0.15237,-0.02476) av=(0,0.384204,0)
reseed=0 in=(255,0,255,0) steer=+1.000 gnd=4.0 sp=3352.65 horiz=3346.58 velH=-3.0644 bodyH=3.1099 slip=+0.1089 d=(-0.15365,-0.01840) av=(0,0.385759,0)
reseed=0 in=(255,0,255,0) steer=+1.000 gnd=4.0 sp=3360.14 horiz=3354.01 velH=-3.1064 bodyH=3.0675 slip=+0.1094 d=(-0.15464,-0.01196) av=(0,0.387212,0)
reseed=0 in=(255,0,255,0) steer=+1.000 gnd=4.0 sp=3367.33 horiz=3361.15 velH=3.1348 bodyH=3.0250 slip=+0.1098 d=(-0.15535,-0.00547) av=(0,0.388577,0)
reseed=1 in=(255,0,255,0) steer=+1.000 gnd=4.0 sp=1735.60 horiz=1735.44 velH=1.2272 bodyH=1.2073 slip=+0.0199 d=(0.02462,0.07405) av=(0,0.365713,0)
reseed=0 in=(255,0,255,0) steer=+1.000 gnd=4.0 sp=1785.97 horiz=1785.51 velH=1.1983 bodyH=1.1648 slip=+0.0334 d=(0.02709,0.07573) av=(0,0.32458,0)
reseed=0 in=(255,0,255,0) steer=+1.000 gnd=4.0 sp=1834.72 horiz=1833.95 velH=1.1653 bodyH=1.1224 slip=+0.0429 d=(0.03012,0.07708) av=(0,0.300818,0)
reseed=0 in=(255,0,255,0) steer=+1.000 gnd=4.0 sp=1881.99 horiz=1880.95 velH=1.1296 bodyH=1.0799 slip=+0.0497 d=(0.03353,0.07810) av=(0,0.287465,0)
reseed=0 in=(255,0,255,0) steer=+1.000 gnd=4.0 sp=1927.94 horiz=1926.67 velH=1.0922 bodyH=1.0374 slip=+0.0548 d=(0.03722,0.07883) av=(0,0.280413,0)
reseed=0 in=(255,0,255,0) steer=+1.000 gnd=4.0 sp=1972.70 horiz=1971.24 velH=1.0535 bodyH=0.9949 slip=+0.0586 d=(0.04113,0.07926) av=(0,0.27719,0)
reseed=0 in=(255,0,255,0) steer=+1.000 gnd=4.0 sp=2016.40 horiz=2014.76 velH=1.0140 bodyH=0.9524 slip=+0.0616 d=(0.04518,0.07941) av=(0,0.27629,0)
reseed=0 in=(255,0,255,0) steer=+1.000 gnd=4.0 sp=2059.09 horiz=2057.31 velH=0.9739 bodyH=0.9099 slip=+0.0640 d=(0.04935,0.07927) av=(0,0.276795,0)
reseed=0 in=(255,0,255,0) steer=+1.000 gnd=4.0 sp=2100.86 horiz=2098.94 velH=0.9334 bodyH=0.8675 slip=+0.0660 d=(0.05359,0.07886) av=(0,0.278141,0)
reseed=0 in=(255,0,255,0) steer=+1.000 gnd=4.0 sp=2141.73 horiz=2139.68 velH=0.8927 bodyH=0.8250 slip=+0.0677 d=(0.05789,0.07818) av=(0,0.279982,0)
reseed=0 in=(255,0,255,0) steer=+1.000 gnd=4.0 sp=2181.73 horiz=2179.58 velH=0.8517 bodyH=0.7825 slip=+0.0692 d=(0.06221,0.07723) av=(0,0.282109,0)
reseed=0 in=(255,0,255,0) steer=+1.000 gnd=4.0 sp=2220.90 horiz=2218.64 velH=0.8106 bodyH=0.7400 slip=+0.0706 d=(0.06654,0.07601) av=(0,0.284394,0)
reseed=0 in=(255,0,255,0) steer=+1.000 gnd=4.0 sp=2259.24 horiz=2256.88 velH=0.7694 bodyH=0.6975 slip=+0.0718 d=(0.07085,0.07452) av=(0,0.286761,0)
reseed=0 in=(255,0,255,0) steer=+1.000 gnd=4.0 sp=2296.78 horiz=2294.31 velH=0.7281 bodyH=0.6550 slip=+0.0730 d=(0.07514,0.07277) av=(0,0.289166,0)
reseed=0 in=(255,0,255,0) steer=+1.000 gnd=4.0 sp=2333.51 horiz=2330.95 velH=0.6867 bodyH=0.6126 slip=+0.0741 d=(0.07937,0.07076) av=(0,0.291582,0)
reseed=0 in=(255,0,255,0) steer=+1.000 gnd=4.0 sp=2369.46 horiz=2366.80 velH=0.6453 bodyH=0.5701 slip=+0.0752 d=(0.08355,0.06849) av=(0,0.293994,0)
reseed=0 in=(255,0,255,0) steer=+1.000 gnd=4.0 sp=2404.61 horiz=2401.87 velH=0.6038 bodyH=0.5276 slip=+0.0762 d=(0.08764,0.06597) av=(0,0.296394,0)
reseed=1 in=(255,0,255,0) steer=+1.000 gnd=4.0 sp=1257.96 horiz=1257.92 velH=1.2914 bodyH=1.2802 slip=+0.0112 d=(0.01414,0.05390) av=(0,0.261347,0)
reseed=0 in=(255,0,255,0) steer=+1.000 gnd=4.0 sp=1312.93 horiz=1312.81 velH=1.2645 bodyH=1.2446 slip=+0.0199 d=(0.01608,0.05604) av=(0,0.252562,0)
reseed=0 in=(255,0,255,0) steer=+1.000 gnd=4.0 sp=1367.07 horiz=1366.83 velH=1.2344 bodyH=1.2074 slip=+0.0270 d=(0.01835,0.05801) av=(0,0.245047,0)
reseed=0 in=(255,0,255,0) steer=+1.000 gnd=4.0 sp=1420.33 horiz=1419.95 velH=1.2017 bodyH=1.1687 slip=+0.0331 d=(0.02091,0.05980) av=(0,0.242271,0)
reseed=0 in=(255,0,255,0) steer=+1.000 gnd=4.0 sp=1472.67 horiz=1472.16 velH=1.1669 bodyH=1.1284 slip=+0.0385 d=(0.02374,0.06138) av=(0,0.242219,0)
reseed=0 in=(255,0,255,0) steer=+1.000 gnd=4.0 sp=1524.07 horiz=1523.39 velH=1.1303 bodyH=1.0867 slip=+0.0435 d=(0.02681,0.06274) av=(0,0.243777,0)
reseed=0 in=(255,0,255,0) steer=+1.000 gnd=4.0 sp=1574.51 horiz=1573.68 velH=1.0921 bodyH=1.0442 slip=+0.0479 d=(0.03011,0.06386) av=(0,0.246221,0)
reseed=0 in=(255,0,255,0) steer=+1.000 gnd=4.0 sp=1624.05 horiz=1623.08 velH=1.0530 bodyH=1.0018 slip=+0.0512 d=(0.03359,0.06474) av=(0,0.249044,0)
reseed=0 in=(255,0,255,0) steer=+1.000 gnd=4.0 sp=1672.75 horiz=1671.65 velH=1.0131 bodyH=0.9593 slip=+0.0539 d=(0.03724,0.06536) av=(0,0.251985,0)
reseed=0 in=(255,0,255,0) steer=+1.000 gnd=4.0 sp=1720.64 horiz=1719.42 velH=0.9729 bodyH=0.9168 slip=+0.0561 d=(0.04100,0.06574) av=(0,0.254917,0)
reseed=0 in=(255,0,255,0) steer=+1.000 gnd=4.0 sp=1767.75 horiz=1766.42 velH=0.9323 bodyH=0.8743 slip=+0.0580 d=(0.04486,0.06586) av=(0,0.257787,0)
reseed=0 in=(255,0,255,0) steer=+1.000 gnd=4.0 sp=1814.08 horiz=1812.66 velH=0.8915 bodyH=0.8318 slip=+0.0597 d=(0.04879,0.06574) av=(0,0.260579,0)
reseed=0 in=(255,0,255,0) steer=+1.000 gnd=4.0 sp=1859.66 horiz=1858.13 velH=0.8505 bodyH=0.7894 slip=+0.0612 d=(0.05278,0.06536) av=(0,0.263293,0)
reseed=0 in=(255,0,255,0) steer=+1.000 gnd=4.0 sp=1904.47 horiz=1902.86 velH=0.8094 bodyH=0.7469 slip=+0.0626 d=(0.05680,0.06473) av=(0,0.265939,0)
reseed=0 in=(255,0,255,0) steer=+1.000 gnd=4.0 sp=1948.53 horiz=1946.82 velH=0.7683 bodyH=0.7044 slip=+0.0639 d=(0.06084,0.06384) av=(0,0.268526,0)
reseed=0 in=(255,0,255,0) steer=+1.000 gnd=4.0 sp=1991.83 horiz=1990.03 velH=0.7270 bodyH=0.6619 slip=+0.0651 d=(0.06488,0.06270) av=(0,0.271066,0)
reseed=0 in=(255,0,255,0) steer=+1.000 gnd=4.0 sp=2034.37 horiz=2032.47 velH=0.6858 bodyH=0.6194 slip=+0.0663 d=(0.06891,0.06130) av=(0,0.273567,0)
reseed=0 in=(255,0,255,0) steer=+1.000 gnd=4.0 sp=2076.14 horiz=2074.15 velH=0.6444 bodyH=0.5769 slip=+0.0675 d=(0.07290,0.05965) av=(0,0.276038,0)
reseed=0 in=(255,0,255,0) steer=+1.000 gnd=4.0 sp=2117.15 horiz=2115.07 velH=0.6031 bodyH=0.5345 slip=+0.0686 d=(0.07685,0.05775) av=(0,0.278485,0)
reseed=0 in=(255,0,255,0) steer=+1.000 gnd=4.0 sp=2157.38 horiz=2155.22 velH=0.5617 bodyH=0.4920 slip=+0.0697 d=(0.08073,0.05560) av=(0,0.280912,0)
reseed=0 in=(255,0,255,0) steer=+1.000 gnd=4.0 sp=2196.85 horiz=2194.59 velH=0.5203 bodyH=0.4495 slip=+0.0708 d=(0.08454,0.05320) av=(0,0.283323,0)
reseed=0 in=(255,0,255,0) steer=+1.000 gnd=4.0 sp=2235.54 horiz=2233.19 velH=0.4788 bodyH=0.4070 slip=+0.0718 d=(0.08825,0.05056) av=(0,0.285719,0)
reseed=0 in=(255,0,255,0) steer=+1.000 gnd=4.0 sp=2273.46 horiz=2271.02 velH=0.4374 bodyH=0.3645 slip=+0.0728 d=(0.09186,0.04769) av=(0,0.288104,0)
reseed=0 in=(255,0,255,0) steer=+1.000 gnd=4.0 sp=2310.60 horiz=2308.08 velH=0.3959 bodyH=0.3220 slip=+0.0738 d=(0.09535,0.04458) av=(0,0.290477,0)
reseed=0 in=(255,0,255,0) steer=+1.000 gnd=4.0 sp=2346.98 horiz=2344.36 velH=0.3544 bodyH=0.2796 slip=+0.0748 d=(0.09870,0.04125) av=(0,0.29284,0)
reseed=0 in=(255,0,255,0) steer=+1.000 gnd=4.0 sp=2382.58 horiz=2379.87 velH=0.3129 bodyH=0.2371 slip=+0.0758 d=(0.10190,0.03770) av=(0,0.295192,0)
reseed=0 in=(255,0,255,0) steer=+1.000 gnd=4.0 sp=2417.41 horiz=2414.61 velH=0.2713 bodyH=0.1946 slip=+0.0767 d=(0.10494,0.03395) av=(0,0.297533,0)
reseed=0 in=(255,0,255,0) steer=+1.000 gnd=4.0 sp=2451.47 horiz=2448.59 velH=0.2298 bodyH=0.1521 slip=+0.0777 d=(0.10781,0.02999) av=(0,0.299864,0)
reseed=0 in=(255,0,255,0) steer=+1.000 gnd=4.0 sp=2484.77 horiz=2481.80 velH=0.1882 bodyH=0.1096 slip=+0.0786 d=(0.11050,0.02585) av=(0,0.302183,0)
reseed=0 in=(255,0,255,0) steer=+1.000 gnd=4.0 sp=2517.31 horiz=2514.26 velH=0.1467 bodyH=0.0671 slip=+0.0795 d=(0.11299,0.02152) av=(0,0.304491,0)
reseed=0 in=(255,0,255,0) steer=+1.000 gnd=4.0 sp=2549.10 horiz=2545.96 velH=0.1051 bodyH=0.0247 slip=+0.0804 d=(0.11528,0.01703) av=(0,0.306787,0)
reseed=0 in=(255,0,255,0) steer=+1.000 gnd=4.0 sp=2580.14 horiz=2576.91 velH=0.0635 bodyH=-0.0178 slip=+0.0813 d=(0.11735,0.01238) av=(0,0.309069,0)
reseed=0 in=(255,0,255,0) steer=+1.000 gnd=4.0 sp=2610.43 horiz=2607.12 velH=0.0219 bodyH=-0.0603 slip=+0.0822 d=(0.11919,0.00758) av=(0,0.311338,0)
reseed=0 in=(255,0,255,0) steer=+1.000 gnd=4.0 sp=2639.99 horiz=2636.59 velH=-0.0197 bodyH=-0.1028 slip=+0.0831 d=(0.12080,0.00264) av=(0,0.313592,0)
reseed=0 in=(255,0,255,0) steer=+1.000 gnd=4.0 sp=2668.82 horiz=2665.33 velH=-0.0614 bodyH=-0.1453 slip=+0.0839 d=(0.12217,-0.00241) av=(0,0.315831,0)
reseed=0 in=(255,0,255,0) steer=+1.000 gnd=4.0 sp=2696.92 horiz=2693.35 velH=-0.1030 bodyH=-0.1878 slip=+0.0847 d=(0.12330,-0.00758) av=(0,0.318054,0)
reseed=0 in=(255,0,255,0) steer=+1.000 gnd=4.0 sp=2724.31 horiz=2720.66 velH=-0.1447 bodyH=-0.2302 slip=+0.0856 d=(0.12417,-0.01284) av=(0,0.32026,0)
reseed=0 in=(255,0,255,0) steer=+1.000 gnd=4.0 sp=2751.00 horiz=2747.27 velH=-0.1863 bodyH=-0.2727 slip=+0.0864 d=(0.12478,-0.01818) av=(0,0.322448,0)
reseed=0 in=(255,0,255,0) steer=+1.000 gnd=4.0 sp=2776.99 horiz=2773.17 velH=-0.2280 bodyH=-0.3152 slip=+0.0872 d=(0.12512,-0.02359) av=(0,0.324618,0)
reseed=0 in=(255,0,255,0) steer=+1.000 gnd=4.0 sp=2802.29 horiz=2798.39 velH=-0.2697 bodyH=-0.3577 slip=+0.0880 d=(0.12520,-0.02905) av=(0,0.326768,0)
reseed=0 in=(255,0,255,0) steer=+1.000 gnd=4.0 sp=2826.91 horiz=2822.93 velH=-0.3114 bodyH=-0.4002 slip=+0.0888 d=(0.12501,-0.03456) av=(0,0.328899,0)
reseed=0 in=(255,0,255,0) steer=+1.000 gnd=4.0 sp=2850.86 horiz=2846.81 velH=-0.3531 bodyH=-0.4427 slip=+0.0896 d=(0.12454,-0.04008) av=(0,0.331009,0)
reseed=0 in=(255,0,255,0) steer=+1.000 gnd=4.0 sp=2874.15 horiz=2870.02 velH=-0.3948 bodyH=-0.4851 slip=+0.0903 d=(0.12380,-0.04563) av=(0,0.333097,0)
reseed=0 in=(255,0,255,0) steer=+1.000 gnd=4.0 sp=2896.80 horiz=2892.59 velH=-0.4366 bodyH=-0.5276 slip=+0.0911 d=(0.12278,-0.05116) av=(0,0.335164,0)
reseed=0 in=(255,0,255,0) steer=+1.000 gnd=4.0 sp=2918.81 horiz=2914.52 velH=-0.4783 bodyH=-0.5701 slip=+0.0918 d=(0.12149,-0.05668) av=(0,0.337207,0)
reseed=0 in=(255,0,255,0) steer=+1.000 gnd=4.0 sp=2940.19 horiz=2935.83 velH=-0.5201 bodyH=-0.6126 slip=+0.0925 d=(0.11992,-0.06217) av=(0,0.339228,0)
reseed=0 in=(255,0,255,0) steer=+1.000 gnd=4.0 sp=2960.96 horiz=2956.52 velH=-0.5618 bodyH=-0.6551 slip=+0.0932 d=(0.11808,-0.06761) av=(0,0.341224,0)
reseed=0 in=(255,0,255,0) steer=+1.000 gnd=4.0 sp=2981.12 horiz=2976.61 velH=-0.6036 bodyH=-0.6976 slip=+0.0940 d=(0.11596,-0.07300) av=(0,0.343195,0)
reseed=0 in=(255,0,255,0) steer=+1.000 gnd=4.0 sp=3000.69 horiz=2996.11 velH=-0.6454 bodyH=-0.7400 slip=+0.0946 d=(0.11358,-0.07830) av=(0,0.345142,0)
reseed=0 in=(255,0,255,0) steer=+1.000 gnd=4.0 sp=3019.68 horiz=3015.02 velH=-0.6872 bodyH=-0.7825 slip=+0.0953 d=(0.11093,-0.08352) av=(0,0.347062,0)
reseed=0 in=(255,0,255,0) steer=+1.000 gnd=4.0 sp=3038.09 horiz=3033.37 velH=-0.7290 bodyH=-0.8250 slip=+0.0960 d=(0.10802,-0.08864) av=(0,0.348956,0)
reseed=0 in=(255,0,255,0) steer=+1.000 gnd=4.0 sp=3055.95 horiz=3051.16 velH=-0.7708 bodyH=-0.8675 slip=+0.0967 d=(0.10486,-0.09365) av=(0,0.350824,0)
reseed=0 in=(255,0,255,0) steer=+1.000 gnd=4.0 sp=3073.26 horiz=3068.40 velH=-0.8126 bodyH=-0.9100 slip=+0.0973 d=(0.10144,-0.09852) av=(0,0.352664,0)
reseed=0 in=(255,0,255,0) steer=+1.000 gnd=4.0 sp=3090.04 horiz=3085.11 velH=-0.8545 bodyH=-0.9524 slip=+0.0980 d=(0.09778,-0.10326) av=(0,0.354476,0)
reseed=0 in=(255,0,255,0) steer=+1.000 gnd=4.0 sp=3106.29 horiz=3101.30 velH=-0.8963 bodyH=-0.9949 slip=+0.0986 d=(0.09388,-0.10784) av=(0,0.35626,0)
reseed=0 in=(255,0,255,0) steer=+1.000 gnd=4.0 sp=3122.03 horiz=3116.98 velH=-0.9382 bodyH=-1.0374 slip=+0.0992 d=(0.08976,-0.11226) av=(0,0.358016,0)
reseed=0 in=(255,0,255,0) steer=+1.000 gnd=4.0 sp=3137.27 horiz=3132.15 velH=-0.9801 bodyH=-1.0799 slip=+0.0998 d=(0.08541,-0.11651) av=(0,0.359743,0)
reseed=0 in=(255,0,255,0) steer=+1.000 gnd=4.0 sp=3152.03 horiz=3146.84 velH=-1.0220 bodyH=-1.1224 slip=+0.1004 d=(0.08085,-0.12057) av=(0,0.361441,0)
reseed=0 in=(255,0,255,0) steer=+1.000 gnd=4.0 sp=3166.30 horiz=3161.06 velH=-1.0639 bodyH=-1.1649 slip=+0.1010 d=(0.07608,-0.12443) av=(0,0.363109,0)
reseed=0 in=(255,0,255,0) steer=+1.000 gnd=4.0 sp=3180.11 horiz=3174.81 velH=-1.1058 bodyH=-1.2073 slip=+0.1016 d=(0.07112,-0.12808) av=(0,0.364748,0)
reseed=0 in=(255,0,255,0) steer=+1.000 gnd=4.0 sp=3193.47 horiz=3188.11 velH=-1.1477 bodyH=-1.2498 slip=+0.1021 d=(0.06598,-0.13152) av=(0,0.366357,0)
reseed=0 in=(255,0,255,0) steer=+1.000 gnd=4.0 sp=3206.38 horiz=3200.96 velH=-1.1897 bodyH=-1.2923 slip=+0.1027 d=(0.06066,-0.13473) av=(0,0.367936,0)
reseed=0 in=(255,0,255,0) steer=+1.000 gnd=4.0 sp=3218.86 horiz=3213.39 velH=-1.2316 bodyH=-1.3348 slip=+0.1032 d=(0.05519,-0.13771) av=(0,0.369485,0)
reseed=0 in=(255,0,255,0) steer=+1.000 gnd=4.0 sp=3230.93 horiz=3225.40 velH=-1.2736 bodyH=-1.3773 slip=+0.1037 d=(0.04955,-0.14044) av=(0,0.371004,0)
reseed=0 in=(255,0,255,0) steer=+1.000 gnd=4.0 sp=3242.58 horiz=3237.00 velH=-1.3155 bodyH=-1.4198 slip=+0.1042 d=(0.04378,-0.14293) av=(0,0.372492,0)
reseed=0 in=(255,0,255,0) steer=+1.000 gnd=4.0 sp=3253.84 horiz=3248.20 velH=-1.3575 bodyH=-1.4622 slip=+0.1047 d=(0.03788,-0.14516) av=(0,0.37395,0)
reseed=0 in=(255,0,255,0) steer=+1.000 gnd=4.0 sp=3264.71 horiz=3259.02 velH=-1.3995 bodyH=-1.5047 slip=+0.1052 d=(0.03187,-0.14713) av=(0,0.375377,0)
reseed=0 in=(255,0,255,0) steer=+1.000 gnd=4.0 sp=3275.20 horiz=3269.46 velH=-1.4415 bodyH=-1.5472 slip=+0.1057 d=(0.02575,-0.14883) av=(0,0.376774,0)
reseed=0 in=(255,0,255,0) steer=+1.000 gnd=4.0 sp=3285.32 horiz=3279.53 velH=-1.4835 bodyH=-1.5897 slip=+0.1062 d=(0.01954,-0.15026) av=(0,0.37814,0)
reseed=0 in=(255,0,255,0) steer=+1.000 gnd=4.0 sp=3295.09 horiz=3289.26 velH=-1.5255 bodyH=-1.6322 slip=+0.1067 d=(0.01325,-0.15142) av=(0,0.379476,0)
reseed=0 in=(255,0,255,0) steer=+1.000 gnd=4.0 sp=3304.52 horiz=3298.63 velH=-1.5676 bodyH=-1.6747 slip=+0.1071 d=(0.00690,-0.15229) av=(0,0.380782,0)
reseed=0 in=(255,0,255,0) steer=+1.000 gnd=4.0 sp=3313.61 horiz=3307.68 velH=-1.6096 bodyH=-1.7171 slip=+0.1075 d=(0.00050,-0.15288) av=(0,0.382058,0)
reseed=0 in=(255,0,255,0) steer=+1.000 gnd=4.0 sp=3322.37 horiz=3316.40 velH=-1.6517 bodyH=-1.7596 slip=+0.1080 d=(-0.00595,-0.15318) av=(0,0.383304,0)
reseed=0 in=(255,0,255,0) steer=+1.000 gnd=4.0 sp=3330.82 horiz=3324.80 velH=-1.6937 bodyH=-1.8021 slip=+0.1084 d=(-0.01241,-0.15320) av=(0,0.384519,0)
reseed=0 in=(255,0,255,0) steer=+1.000 gnd=4.0 sp=3338.96 horiz=3332.90 velH=-1.7358 bodyH=-1.8446 slip=+0.1088 d=(-0.01889,-0.15293) av=(0,0.385706,0)
reseed=0 in=(255,0,255,0) steer=+1.000 gnd=4.0 sp=3346.81 horiz=3340.70 velH=-1.7779 bodyH=-1.8871 slip=+0.1092 d=(-0.02537,-0.15237) av=(0,0.386863,0)
reseed=0 in=(255,0,255,0) steer=+1.000 gnd=4.0 sp=3354.36 horiz=3348.22 velH=-1.8200 bodyH=-1.9296 slip=+0.1096 d=(-0.03183,-0.15152) av=(0,0.38799,0)
reseed=0 in=(255,0,255,0) steer=+1.000 gnd=4.0 sp=3361.64 horiz=3355.46 velH=-1.8621 bodyH=-1.9720 slip=+0.1100 d=(-0.03827,-0.15039) av=(0,0.389089,0)
reseed=0 in=(255,0,255,0) steer=+1.000 gnd=4.0 sp=3368.65 horiz=3362.43 velH=-1.9042 bodyH=-2.0145 slip=+0.1103 d=(-0.04466,-0.14896) av=(0,0.39016,0)
reseed=0 in=(255,0,255,0) steer=+1.000 gnd=4.0 sp=3375.40 horiz=3369.14 velH=-1.9463 bodyH=-2.0570 slip=+0.1107 d=(-0.05100,-0.14726) av=(0,0.391201,0)
reseed=0 in=(255,0,255,0) steer=+1.000 gnd=4.0 sp=3381.89 horiz=3375.59 velH=-1.9885 bodyH=-2.0995 slip=+0.1110 d=(-0.05727,-0.14527) av=(0,0.392216,0)
reseed=0 in=(255,0,255,0) steer=+1.000 gnd=4.0 sp=3388.14 horiz=3381.81 velH=-2.0306 bodyH=-2.1420 slip=+0.1114 d=(-0.06346,-0.14300) av=(0,0.393202,0)
reseed=0 in=(255,0,255,0) steer=+1.000 gnd=4.0 sp=3394.15 horiz=3387.78 velH=-2.0728 bodyH=-2.1845 slip=+0.1117 d=(-0.06956,-0.14046) av=(0,0.394161,0)
reseed=0 in=(255,0,255,0) steer=+1.000 gnd=4.0 sp=3399.93 horiz=3393.53 velH=-2.1149 bodyH=-2.2269 slip=+0.1120 d=(-0.07555,-0.13764) av=(0,0.395093,0)
reseed=0 in=(255,0,255,0) steer=+1.000 gnd=4.0 sp=3405.49 horiz=3399.06 velH=-2.1571 bodyH=-2.2694 slip=+0.1123 d=(-0.08142,-0.13456) av=(0,0.395999,0)
reseed=0 in=(255,0,255,0) steer=+1.000 gnd=4.0 sp=3410.84 horiz=3404.38 velH=-2.1993 bodyH=-2.3119 slip=+0.1126 d=(-0.08716,-0.13122) av=(0,0.396878,0)
reseed=0 in=(255,0,255,0) steer=+1.000 gnd=4.0 sp=3415.98 horiz=3409.49 velH=-2.2415 bodyH=-2.3544 slip=+0.1129 d=(-0.09276,-0.12763) av=(0,0.397732,0)
reseed=0 in=(255,0,255,0) steer=+1.000 gnd=4.0 sp=3420.92 horiz=3414.40 velH=-2.2837 bodyH=-2.3969 slip=+0.1132 d=(-0.09821,-0.12379) av=(0,0.39856,0)
reseed=0 in=(255,0,255,0) steer=+1.000 gnd=4.0 sp=3425.67 horiz=3419.12 velH=-2.3259 bodyH=-2.4394 slip=+0.1135 d=(-0.10349,-0.11971) av=(0,0.399364,0)
reseed=0 in=(255,0,255,0) steer=+1.000 gnd=4.0 sp=3430.23 horiz=3423.65 velH=-2.3681 bodyH=-2.4818 slip=+0.1137 d=(-0.10860,-0.11540) av=(0,0.400144,0)
reseed=0 in=(255,0,255,0) steer=+1.000 gnd=4.0 sp=3434.61 horiz=3428.01 velH=-2.4103 bodyH=-2.5243 slip=+0.1140 d=(-0.11353,-0.11086) av=(0,0.400899,0)
reseed=0 in=(255,0,255,0) steer=+1.000 gnd=4.0 sp=3438.82 horiz=3432.19 velH=-2.4526 bodyH=-2.5668 slip=+0.1142 d=(-0.11826,-0.10610) av=(0,0.401631,0)
reseed=0 in=(255,0,255,0) steer=+1.000 gnd=4.0 sp=3442.86 horiz=3436.21 velH=-2.4948 bodyH=-2.6093 slip=+0.1145 d=(-0.12278,-0.10114) av=(0,0.40234,0)
reseed=0 in=(255,0,255,0) steer=+1.000 gnd=4.0 sp=3446.74 horiz=3440.06 velH=-2.5371 bodyH=-2.6518 slip=+0.1147 d=(-0.12709,-0.09597) av=(0,0.403026,0)
reseed=0 in=(255,0,255,0) steer=+1.000 gnd=4.0 sp=3450.47 horiz=3443.76 velH=-2.5793 bodyH=-2.6942 slip=+0.1149 d=(-0.13118,-0.09062) av=(0,0.403691,0)
reseed=0 in=(255,0,255,0) steer=+1.000 gnd=4.0 sp=3454.04 horiz=3447.32 velH=-2.6216 bodyH=-2.7367 slip=+0.1152 d=(-0.13503,-0.08509) av=(0,0.404333,0)
reseed=0 in=(255,0,255,0) steer=+1.000 gnd=4.0 sp=3457.47 horiz=3450.73 velH=-2.6638 bodyH=-2.7792 slip=+0.1154 d=(-0.13865,-0.07939) av=(0,0.404955,0)
reseed=0 in=(255,0,255,0) steer=+1.000 gnd=4.0 sp=3460.77 horiz=3454.00 velH=-2.7061 bodyH=-2.8217 slip=+0.1156 d=(-0.14202,-0.07353) av=(0,0.405556,0)
reseed=0 in=(255,0,255,0) steer=+1.000 gnd=4.0 sp=3463.93 horiz=3457.14 velH=-2.7484 bodyH=-2.8642 slip=+0.1158 d=(-0.14514,-0.06753) av=(0,0.406137,0)
reseed=0 in=(255,0,255,0) steer=+1.000 gnd=4.0 sp=3466.96 horiz=3460.15 velH=-2.7907 bodyH=-2.9067 slip=+0.1160 d=(-0.14800,-0.06139) av=(0,0.406699,0)
reseed=0 in=(255,0,255,0) steer=+1.000 gnd=4.0 sp=3469.86 horiz=3463.03 velH=-2.8330 bodyH=-2.9491 slip=+0.1162 d=(-0.15059,-0.05512) av=(0,0.407241,0)
reseed=0 in=(255,0,255,0) steer=+1.000 gnd=4.0 sp=3472.65 horiz=3465.80 velH=-2.8753 bodyH=-2.9916 slip=+0.1163 d=(-0.15292,-0.04875) av=(0,0.407764,0)
reseed=0 in=(255,0,255,0) steer=+1.000 gnd=4.0 sp=3475.32 horiz=3468.46 velH=-2.9176 bodyH=-3.0341 slip=+0.1165 d=(-0.15497,-0.04227) av=(0,0.40827,0)
reseed=0 in=(255,0,255,0) steer=+1.000 gnd=4.0 sp=3477.88 horiz=3471.00 velH=-2.9599 bodyH=-3.0766 slip=+0.1167 d=(-0.15674,-0.03570) av=(0,0.408757,0)
reseed=0 in=(255,0,255,0) steer=+1.000 gnd=4.0 sp=3480.34 horiz=3473.44 velH=-3.0023 bodyH=-3.1191 slip=+0.1168 d=(-0.15822,-0.02906) av=(0,0.409228,0)
reseed=0 in=(255,0,255,0) steer=+1.000 gnd=4.0 sp=3482.69 horiz=3475.78 velH=-3.0446 bodyH=3.1216 slip=+0.1170 d=(-0.15942,-0.02236) av=(0,0.409682,0)
reseed=0 in=(255,0,255,0) steer=+1.000 gnd=4.0 sp=3484.95 horiz=3478.02 velH=-3.0869 bodyH=3.0791 slip=+0.1171 d=(-0.16033,-0.01560) av=(0,0.410119,0)
reseed=0 in=(255,0,255,0) steer=+1.000 gnd=4.0 sp=3487.11 horiz=3480.17 velH=-3.1293 bodyH=3.0367 slip=+0.1173 d=(-0.16095,-0.00881) av=(0,0.410541,0)
reseed=0 in=(255,0,255,0) steer=+1.000 gnd=4.0 sp=3489.18 horiz=3482.22 velH=3.1116 bodyH=2.9942 slip=+0.1174 d=(-0.16128,-0.00199) av=(0,0.410947,0)
reseed=0 in=(255,0,255,0) steer=+1.000 gnd=4.0 sp=3491.17 horiz=3484.19 velH=3.0692 bodyH=2.9517 slip=+0.1175 d=(-0.16132,0.00484) av=(0,0.411339,0)
reseed=0 in=(255,0,255,0) steer=+1.000 gnd=4.0 sp=3493.07 horiz=3486.08 velH=3.0269 bodyH=2.9092 slip=+0.1177 d=(-0.16106,0.01167) av=(0,0.411716,0)
reseed=0 in=(255,0,255,0) steer=+1.000 gnd=4.0 sp=3494.89 horiz=3487.89 velH=2.9845 bodyH=2.8667 slip=+0.1178 d=(-0.16051,0.01849) av=(0,0.412078,0)
reseed=0 in=(255,0,255,0) steer=+1.000 gnd=4.0 sp=3496.63 horiz=3489.62 velH=2.9422 bodyH=2.8242 slip=+0.1179 d=(-0.15966,0.02529) av=(0,0.412428,0)
reseed=0 in=(255,0,255,0) steer=+1.000 gnd=4.0 sp=3498.30 horiz=3491.28 velH=2.8998 bodyH=2.7818 slip=+0.1180 d=(-0.15853,0.03204) av=(0,0.412764,0)
reseed=0 in=(255,0,255,0) steer=+1.000 gnd=4.0 sp=3499.90 horiz=3492.87 velH=2.8574 bodyH=2.7393 slip=+0.1181 d=(-0.15710,0.03875) av=(0,0.413087,0)
reseed=0 in=(255,0,255,0) steer=+1.000 gnd=4.0 sp=3501.43 horiz=3494.39 velH=2.8150 bodyH=2.6968 slip=+0.1182 d=(-0.15539,0.04539) av=(0,0.413399,0)
reseed=0 in=(255,0,255,0) steer=+1.000 gnd=4.0 sp=3502.90 horiz=3495.84 velH=2.7727 bodyH=2.6543 slip=+0.1183 d=(-0.15339,0.05195) av=(0,0.413698,0)
reseed=0 in=(255,0,255,0) steer=+1.000 gnd=4.0 sp=3504.30 horiz=3497.23 velH=2.7303 bodyH=2.6118 slip=+0.1184 d=(-0.15112,0.05843) av=(0,0.413985,0)
reseed=0 in=(255,0,255,0) steer=+1.000 gnd=4.0 sp=3505.64 horiz=3498.56 velH=2.6879 bodyH=2.5693 slip=+0.1185 d=(-0.14857,0.06480) av=(0,0.414262,0)
reseed=0 in=(255,0,255,0) steer=+1.000 gnd=4.0 sp=3506.92 horiz=3499.84 velH=2.6455 bodyH=2.5269 slip=+0.1186 d=(-0.14574,0.07107) av=(0,0.414528,0)
reseed=1 in=(255,0,255,0) steer=+1.000 gnd=4.0 sp=1804.85 horiz=1804.68 velH=1.3259 bodyH=1.3057 slip=+0.0203 d=(0.01795,0.07926) av=(0,0.361172,0)
reseed=0 in=(255,0,255,0) steer=+1.000 gnd=4.0 sp=1854.48 horiz=1853.99 velH=1.2973 bodyH=1.2632 slip=+0.0341 d=(0.02028,0.08115) av=(0,0.322586,0)
reseed=0 in=(255,0,255,0) steer=+1.000 gnd=4.0 sp=1902.40 horiz=1901.59 velH=1.2645 bodyH=1.2207 slip=+0.0438 d=(0.02321,0.08273) av=(0,0.300519,0)
reseed=0 in=(255,0,255,0) steer=+1.000 gnd=4.0 sp=1948.77 horiz=1947.67 velH=1.2290 bodyH=1.1782 slip=+0.0508 d=(0.02658,0.08403) av=(0,0.288309,0)
reseed=0 in=(255,0,255,0) steer=+1.000 gnd=4.0 sp=1993.76 horiz=1992.41 velH=1.1917 bodyH=1.1357 slip=+0.0559 d=(0.03026,0.08505) av=(0,0.282038,0)
reseed=0 in=(255,0,255,0) steer=+1.000 gnd=4.0 sp=2037.52 horiz=2035.96 velH=1.1531 bodyH=1.0932 slip=+0.0598 d=(0.03418,0.08578) av=(0,0.279357,0)
reseed=0 in=(255,0,255,0) steer=+1.000 gnd=4.0 sp=2080.16 horiz=2078.42 velH=1.1137 bodyH=1.0508 slip=+0.0629 d=(0.03828,0.08625) av=(0,0.278839,0)
reseed=0 in=(255,0,255,0) steer=+1.000 gnd=4.0 sp=2121.78 horiz=2119.88 velH=1.0736 bodyH=1.0083 slip=+0.0654 d=(0.04252,0.08644) av=(0,0.279616,0)
reseed=0 in=(255,0,255,0) steer=+1.000 gnd=4.0 sp=2162.43 horiz=2160.39 velH=1.0332 bodyH=0.9658 slip=+0.0674 d=(0.04686,0.08636) av=(0,0.281159,0)
reseed=0 in=(255,0,255,0) steer=+1.000 gnd=4.0 sp=2202.17 horiz=2200.01 velH=0.9925 bodyH=0.9233 slip=+0.0691 d=(0.05127,0.08600) av=(0,0.283143,0)
reseed=0 in=(255,0,255,0) steer=+1.000 gnd=4.0 sp=2241.04 horiz=2238.75 velH=0.9515 bodyH=0.8808 slip=+0.0707 d=(0.05574,0.08538) av=(0,0.285374,0)
reseed=0 in=(255,0,255,0) steer=+1.000 gnd=4.0 sp=2279.05 horiz=2276.66 velH=0.9104 bodyH=0.8383 slip=+0.0720 d=(0.06023,0.08449) av=(0,0.287735,0)
reseed=0 in=(255,0,255,0) steer=+1.000 gnd=4.0 sp=2316.23 horiz=2313.74 velH=0.8692 bodyH=0.7959 slip=+0.0733 d=(0.06473,0.08333) av=(0,0.290157,0)
reseed=0 in=(255,0,255,0) steer=+1.000 gnd=4.0 sp=2352.60 horiz=2350.01 velH=0.8278 bodyH=0.7534 slip=+0.0745 d=(0.06922,0.08190) av=(0,0.292601,0)
reseed=0 in=(255,0,255,0) steer=+1.000 gnd=4.0 sp=2388.17 horiz=2385.48 velH=0.7865 bodyH=0.7109 slip=+0.0756 d=(0.07368,0.08021) av=(0,0.295042,0)
reseed=0 in=(255,0,255,0) steer=+1.000 gnd=4.0 sp=2422.94 horiz=2420.15 velH=0.7450 bodyH=0.6684 slip=+0.0766 d=(0.07809,0.07826) av=(0,0.297471,0)
reseed=0 in=(255,0,255,0) steer=+1.000 gnd=4.0 sp=2456.93 horiz=2454.05 velH=0.7036 bodyH=0.6259 slip=+0.0776 d=(0.08245,0.07605) av=(0,0.29988,0)
reseed=0 in=(255,0,255,0) steer=+1.000 gnd=4.0 sp=2490.15 horiz=2487.17 velH=0.6621 bodyH=0.5834 slip=+0.0786 d=(0.08673,0.07358) av=(0,0.302267,0)
reseed=0 in=(255,0,255,0) steer=+1.000 gnd=4.0 sp=2522.59 horiz=2519.53 velH=0.6205 bodyH=0.5410 slip=+0.0796 d=(0.09092,0.07086) av=(0,0.304632,0)
reseed=0 in=(255,0,255,0) steer=+1.000 gnd=4.0 sp=2554.28 horiz=2551.13 velH=0.5790 bodyH=0.4985 slip=+0.0805 d=(0.09500,0.06790) av=(0,0.306974,0)
reseed=0 in=(255,0,255,0) steer=+1.000 gnd=4.0 sp=2585.21 horiz=2581.97 velH=0.5374 bodyH=0.4560 slip=+0.0814 d=(0.09897,0.06469) av=(0,0.309294,0)
reseed=0 in=(255,0,255,0) steer=+1.000 gnd=4.0 sp=2615.39 horiz=2612.07 velH=0.4958 bodyH=0.4135 slip=+0.0823 d=(0.10280,0.06126) av=(0,0.311592,0)
reseed=0 in=(255,0,255,0) steer=+1.000 gnd=4.0 sp=2644.84 horiz=2641.43 velH=0.4542 bodyH=0.3710 slip=+0.0832 d=(0.10648,0.05759) av=(0,0.313869,0)
reseed=0 in=(255,0,255,0) steer=+1.000 gnd=4.0 sp=2673.55 horiz=2670.06 velH=0.4126 bodyH=0.3286 slip=+0.0840 d=(0.11001,0.05371) av=(0,0.316126,0)
reseed=0 in=(255,0,255,0) steer=+1.000 gnd=4.0 sp=2701.54 horiz=2697.96 velH=0.3709 bodyH=0.2861 slip=+0.0849 d=(0.11336,0.04962) av=(0,0.318363,0)
reseed=0 in=(255,0,255,0) steer=+1.000 gnd=4.0 sp=2728.82 horiz=2725.16 velH=0.3293 bodyH=0.2436 slip=+0.0857 d=(0.11654,0.04533) av=(0,0.320579,0)
reseed=0 in=(255,0,255,0) steer=+1.000 gnd=4.0 sp=2755.39 horiz=2751.64 velH=0.2876 bodyH=0.2011 slip=+0.0865 d=(0.11952,0.04084) av=(0,0.322774,0)
reseed=0 in=(255,0,255,0) steer=+1.000 gnd=4.0 sp=2781.26 horiz=2777.44 velH=0.2459 bodyH=0.1586 slip=+0.0873 d=(0.12229,0.03618) av=(0,0.324949,0)
reseed=0 in=(255,0,255,0) steer=+1.000 gnd=4.0 sp=2806.45 horiz=2802.54 velH=0.2043 bodyH=0.1161 slip=+0.0881 d=(0.12485,0.03134) av=(0,0.327103,0)
reseed=0 in=(255,0,255,0) steer=+1.000 gnd=4.0 sp=2830.96 horiz=2826.97 velH=0.1626 bodyH=0.0737 slip=+0.0889 d=(0.12719,0.02635) av=(0,0.329235,0)
reseed=0 in=(255,0,255,0) steer=+1.000 gnd=4.0 sp=2854.81 horiz=2850.74 velH=0.1208 bodyH=0.0312 slip=+0.0897 d=(0.12929,0.02120) av=(0,0.331345,0)
reseed=0 in=(255,0,255,0) steer=+1.000 gnd=4.0 sp=2877.99 horiz=2873.85 velH=0.0791 bodyH=-0.0113 slip=+0.0904 d=(0.13116,0.01593) av=(0,0.333433,0)
reseed=0 in=(255,0,255,0) steer=+1.000 gnd=4.0 sp=2900.53 horiz=2896.31 velH=0.0374 bodyH=-0.0538 slip=+0.0912 d=(0.13278,0.01053) av=(0,0.335498,0)
reseed=0 in=(255,0,255,0) steer=+1.000 gnd=4.0 sp=2922.43 horiz=2918.14 velH=-0.0044 bodyH=-0.0963 slip=+0.0919 d=(0.13414,0.00502) av=(0,0.33754,0)
reseed=0 in=(255,0,255,0) steer=+1.000 gnd=4.0 sp=2943.71 horiz=2939.34 velH=-0.0461 bodyH=-0.1388 slip=+0.0927 d=(0.13524,-0.00059) av=(0,0.339558,0)
reseed=0 in=(255,0,255,0) steer=+1.000 gnd=4.0 sp=2964.38 horiz=2959.93 velH=-0.0879 bodyH=-0.1812 slip=+0.0934 d=(0.13608,-0.00628) av=(0,0.341551,0)
reseed=0 in=(255,0,255,0) steer=+1.000 gnd=4.0 sp=2984.44 horiz=2979.92 velH=-0.1297 bodyH=-0.2237 slip=+0.0941 d=(0.13665,-0.01204) av=(0,0.34352,0)
reseed=0 in=(255,0,255,0) steer=+1.000 gnd=4.0 sp=3003.91 horiz=2999.32 velH=-0.1714 bodyH=-0.2662 slip=+0.0948 d=(0.13695,-0.01786) av=(0,0.345462,0)
reseed=0 in=(255,0,255,0) steer=+1.000 gnd=4.0 sp=3022.80 horiz=3018.14 velH=-0.2132 bodyH=-0.3087 slip=+0.0954 d=(0.13697,-0.02372) av=(0,0.347379,0)
reseed=0 in=(255,0,255,0) steer=+1.000 gnd=4.0 sp=3041.12 horiz=3036.39 velH=-0.2551 bodyH=-0.3512 slip=+0.0961 d=(0.13671,-0.02960) av=(0,0.349269,0)
reseed=0 in=(255,0,255,0) steer=+1.000 gnd=4.0 sp=3058.89 horiz=3054.09 velH=-0.2969 bodyH=-0.3937 slip=+0.0968 d=(0.13617,-0.03551) av=(0,0.351132,0)
reseed=0 in=(255,0,255,0) steer=+1.000 gnd=4.0 sp=3076.11 horiz=3071.24 velH=-0.3387 bodyH=-0.4361 slip=+0.0974 d=(0.13535,-0.04141) av=(0,0.352968,0)
reseed=0 in=(255,0,255,0) steer=+1.000 gnd=4.0 sp=3092.80 horiz=3087.86 velH=-0.3806 bodyH=-0.4786 slip=+0.0981 d=(0.13425,-0.04730) av=(0,0.354776,0)
reseed=0 in=(255,0,255,0) steer=+1.000 gnd=4.0 sp=3108.96 horiz=3103.96 velH=-0.4224 bodyH=-0.5211 slip=+0.0987 d=(0.13287,-0.05316) av=(0,0.356556,0)
reseed=0 in=(255,0,255,0) steer=+1.000 gnd=4.0 sp=3124.62 horiz=3119.55 velH=-0.4643 bodyH=-0.5636 slip=+0.0993 d=(0.13121,-0.05898) av=(0,0.358307,0)
reseed=0 in=(255,0,255,0) steer=+1.000 gnd=4.0 sp=3139.78 horiz=3134.65 velH=-0.5062 bodyH=-0.6061 slip=+0.0999 d=(0.12928,-0.06474) av=(0,0.360029,0)
reseed=0 in=(255,0,255,0) steer=+1.000 gnd=4.0 sp=3154.45 horiz=3149.26 velH=-0.5481 bodyH=-0.6486 slip=+0.1005 d=(0.12706,-0.07044) av=(0,0.361722,0)
reseed=0 in=(255,0,255,0) steer=+1.000 gnd=4.0 sp=3168.65 horiz=3163.39 velH=-0.5900 bodyH=-0.6910 slip=+0.1011 d=(0.12458,-0.07605) av=(0,0.363386,0)
reseed=0 in=(255,0,255,0) steer=+1.000 gnd=4.0 sp=3182.38 horiz=3177.07 velH=-0.6319 bodyH=-0.7335 slip=+0.1016 d=(0.12183,-0.08156) av=(0,0.36502,0)
reseed=0 in=(255,0,255,0) steer=+1.000 gnd=4.0 sp=3195.66 horiz=3190.29 velH=-0.6738 bodyH=-0.7760 slip=+0.1022 d=(0.11882,-0.08697) av=(0,0.366624,0)
reseed=0 in=(255,0,255,0) steer=+1.000 gnd=4.0 sp=3208.50 horiz=3203.07 velH=-0.7157 bodyH=-0.8185 slip=+0.1028 d=(0.11555,-0.09226) av=(0,0.368198,0)
reseed=0 in=(255,0,255,0) steer=+1.000 gnd=4.0 sp=3220.92 horiz=3215.43 velH=-0.7577 bodyH=-0.8610 slip=+0.1033 d=(0.11202,-0.09741) av=(0,0.369742,0)
reseed=0 in=(255,0,255,0) steer=+1.000 gnd=4.0 sp=3232.91 horiz=3227.37 velH=-0.7996 bodyH=-0.9035 slip=+0.1038 d=(0.10826,-0.10242) av=(0,0.371255,0)
reseed=0 in=(255,0,255,0) steer=+1.000 gnd=4.0 sp=3244.50 horiz=3238.90 velH=-0.8416 bodyH=-0.9459 slip=+0.1043 d=(0.10425,-0.10726) av=(0,0.372738,0)
reseed=0 in=(255,0,255,0) steer=+1.000 gnd=4.0 sp=3255.69 horiz=3250.04 velH=-0.8836 bodyH=-0.9884 slip=+0.1048 d=(0.10001,-0.11194) av=(0,0.374191,0)
reseed=0 in=(255,0,255,0) steer=+1.000 gnd=4.0 sp=3266.49 horiz=3260.79 velH=-0.9256 bodyH=-1.0309 slip=+0.1053 d=(0.09556,-0.11644) av=(0,0.375613,0)
reseed=0 in=(255,0,255,0) steer=+1.000 gnd=4.0 sp=3276.92 horiz=3271.17 velH=-0.9676 bodyH=-1.0734 slip=+0.1058 d=(0.09088,-0.12075) av=(0,0.377005,0)
reseed=0 in=(255,0,255,0) steer=+1.000 gnd=4.0 sp=3286.99 horiz=3281.19 velH=-1.0096 bodyH=-1.1159 slip=+0.1063 d=(0.08601,-0.12485) av=(0,0.378366,0)
reseed=0 in=(255,0,255,0) steer=+1.000 gnd=4.0 sp=3296.70 horiz=3290.85 velH=-1.0516 bodyH=-1.1584 slip=+0.1067 d=(0.08093,-0.12875) av=(0,0.379697,0)
reseed=0 in=(255,0,255,0) steer=+1.000 gnd=4.0 sp=3306.07 horiz=3300.17 velH=-1.0937 bodyH=-1.2008 slip=+0.1072 d=(0.07567,-0.13242) av=(0,0.380998,0)
reseed=0 in=(255,0,255,0) steer=+1.000 gnd=4.0 sp=3315.10 horiz=3309.16 velH=-1.1357 bodyH=-1.2433 slip=+0.1076 d=(0.07024,-0.13587) av=(0,0.382269,0)
reseed=0 in=(255,0,255,0) steer=+1.000 gnd=4.0 sp=3323.81 horiz=3317.83 velH=-1.1778 bodyH=-1.2858 slip=+0.1080 d=(0.06464,-0.13908) av=(0,0.383509,0)
reseed=0 in=(255,0,255,0) steer=+1.000 gnd=4.0 sp=3332.21 horiz=3326.18 velH=-1.2198 bodyH=-1.3283 slip=+0.1085 d=(0.05889,-0.14204) av=(0,0.38472,0)
reseed=0 in=(255,0,255,0) steer=+1.000 gnd=4.0 sp=3340.30 horiz=3334.23 velH=-1.2619 bodyH=-1.3708 slip=+0.1089 d=(0.05300,-0.14476) av=(0,0.385902,0)
reseed=0 in=(255,0,255,0) steer=+1.000 gnd=4.0 sp=3348.09 horiz=3341.98 velH=-1.3040 bodyH=-1.4132 slip=+0.1093 d=(0.04698,-0.14722) av=(0,0.387054,0)
reseed=0 in=(255,0,255,0) steer=+1.000 gnd=4.0 sp=3355.60 horiz=3349.45 velH=-1.3461 bodyH=-1.4557 slip=+0.1096 d=(0.04084,-0.14941) av=(0,0.388177,0)
reseed=0 in=(255,0,255,0) steer=+1.000 gnd=4.0 sp=3362.84 horiz=3356.64 velH=-1.3882 bodyH=-1.4982 slip=+0.1100 d=(0.03459,-0.15133) av=(0,0.389271,0)
reseed=0 in=(255,0,255,0) steer=+1.000 gnd=4.0 sp=3369.80 horiz=3363.57 velH=-1.4303 bodyH=-1.5407 slip=+0.1104 d=(0.02825,-0.15298) av=(0,0.390336,0)
reseed=0 in=(255,0,255,0) steer=+1.000 gnd=4.0 sp=3376.50 horiz=3370.24 velH=-1.4724 bodyH=-1.5832 slip=+0.1107 d=(0.02183,-0.15435) av=(0,0.391373,0)
reseed=0 in=(255,0,255,0) steer=+1.000 gnd=4.0 sp=3382.95 horiz=3376.65 velH=-1.5146 bodyH=-1.6257 slip=+0.1111 d=(0.01534,-0.15544) av=(0,0.392383,0)
reseed=0 in=(255,0,255,0) steer=+1.000 gnd=4.0 sp=3389.16 horiz=3382.82 velH=-1.5567 bodyH=-1.6681 slip=+0.1114 d=(0.00879,-0.15625) av=(0,0.393364,0)
reseed=0 in=(255,0,255,0) steer=+1.000 gnd=4.0 sp=3395.13 horiz=3388.76 velH=-1.5989 bodyH=-1.7106 slip=+0.1117 d=(0.00221,-0.15677) av=(0,0.394319,0)
reseed=0 in=(255,0,255,0) steer=+1.000 gnd=4.0 sp=3400.88 horiz=3394.48 velH=-1.6411 bodyH=-1.7531 slip=+0.1121 d=(-0.00441,-0.15700) av=(0,0.395247,0)
reseed=0 in=(255,0,255,0) steer=+1.000 gnd=4.0 sp=3406.40 horiz=3399.97 velH=-1.6832 bodyH=-1.7956 slip=+0.1124 d=(-0.01104,-0.15693) av=(0,0.396148,0)
reseed=0 in=(255,0,255,0) steer=+1.000 gnd=4.0 sp=3411.71 horiz=3405.25 velH=-1.7254 bodyH=-1.8381 slip=+0.1127 d=(-0.01768,-0.15658) av=(0,0.397023,0)
reseed=0 in=(255,0,255,0) steer=+1.000 gnd=4.0 sp=3416.82 horiz=3410.32 velH=-1.7676 bodyH=-1.8806 slip=+0.1130 d=(-0.02430,-0.15594) av=(0,0.397873,0)
reseed=0 in=(255,0,255,0) steer=+1.000 gnd=4.0 sp=3421.73 horiz=3415.20 velH=-1.8098 bodyH=-1.9230 slip=+0.1132 d=(-0.03091,-0.15501) av=(0,0.398697,0)
reseed=0 in=(255,0,255,0) steer=+1.000 gnd=4.0 sp=3426.44 horiz=3419.89 velH=-1.8520 bodyH=-1.9655 slip=+0.1135 d=(-0.03747,-0.15378) av=(0,0.399497,0)
reseed=0 in=(255,0,255,0) steer=+1.000 gnd=4.0 sp=3430.98 horiz=3424.39 velH=-1.8942 bodyH=-2.0080 slip=+0.1138 d=(-0.04399,-0.15227) av=(0,0.400272,0)
reseed=0 in=(255,0,255,0) steer=+1.000 gnd=4.0 sp=3435.33 horiz=3428.72 velH=-1.9365 bodyH=-2.0505 slip=+0.1140 d=(-0.05044,-0.15048) av=(0,0.401023,0)
reseed=0 in=(255,0,255,0) steer=+1.000 gnd=4.0 sp=3439.51 horiz=3432.87 velH=-1.9787 bodyH=-2.0930 slip=+0.1143 d=(-0.05682,-0.14840) av=(0,0.401751,0)
reseed=0 in=(255,0,255,0) steer=+1.000 gnd=4.0 sp=3443.52 horiz=3436.86 velH=-2.0209 bodyH=-2.1355 slip=+0.1145 d=(-0.06311,-0.14605) av=(0,0.402456,0)
reseed=0 in=(255,0,255,0) steer=+1.000 gnd=4.0 sp=3447.38 horiz=3440.69 velH=-2.0632 bodyH=-2.1779 slip=+0.1148 d=(-0.06930,-0.14342) av=(0,0.403139,0)
reseed=0 in=(255,0,255,0) steer=+1.000 gnd=4.0 sp=3451.08 horiz=3444.37 velH=-2.1054 bodyH=-2.2204 slip=+0.1150 d=(-0.07538,-0.14052) av=(0,0.4038,0)
reseed=0 in=(255,0,255,0) steer=+1.000 gnd=4.0 sp=3454.63 horiz=3447.90 velH=-2.1477 bodyH=-2.2629 slip=+0.1152 d=(-0.08134,-0.13736) av=(0,0.404439,0)
reseed=0 in=(255,0,255,0) steer=+1.000 gnd=4.0 sp=3458.03 horiz=3451.28 velH=-2.1900 bodyH=-2.3054 slip=+0.1154 d=(-0.08716,-0.13393) av=(0,0.405057,0)
reseed=0 in=(255,0,255,0) steer=+1.000 gnd=4.0 sp=3461.30 horiz=3454.53 velH=-2.2323 bodyH=-2.3479 slip=+0.1156 d=(-0.09283,-0.13026) av=(0,0.405655,0)
reseed=0 in=(255,0,255,0) steer=+1.000 gnd=4.0 sp=3464.44 horiz=3457.65 velH=-2.2745 bodyH=-2.3904 slip=+0.1158 d=(-0.09835,-0.12634) av=(0,0.406232,0)
reseed=0 in=(255,0,255,0) steer=+1.000 gnd=4.0 sp=3467.45 horiz=3460.64 velH=-2.3168 bodyH=-2.4328 slip=+0.1160 d=(-0.10369,-0.12218) av=(0,0.40679,0)
reseed=0 in=(255,0,255,0) steer=+1.000 gnd=4.0 sp=3470.34 horiz=3463.50 velH=-2.3591 bodyH=-2.4753 slip=+0.1162 d=(-0.10886,-0.11779) av=(0,0.40733,0)
reseed=0 in=(255,0,255,0) steer=+1.000 gnd=4.0 sp=3473.10 horiz=3466.25 velH=-2.4014 bodyH=-2.5178 slip=+0.1164 d=(-0.11384,-0.11317) av=(0,0.40785,0)
reseed=0 in=(255,0,255,0) steer=+1.000 gnd=4.0 sp=3475.76 horiz=3468.89 velH=-2.4438 bodyH=-2.5603 slip=+0.1165 d=(-0.11862,-0.10834) av=(0,0.408353,0)
reseed=0 in=(255,0,255,0) steer=+1.000 gnd=4.0 sp=3478.30 horiz=3471.42 velH=-2.4861 bodyH=-2.6028 slip=+0.1167 d=(-0.12319,-0.10330) av=(0,0.408837,0)
reseed=0 in=(255,0,255,0) steer=+1.000 gnd=4.0 sp=3480.74 horiz=3473.84 velH=-2.5284 bodyH=-2.6453 slip=+0.1169 d=(-0.12754,-0.09807) av=(0,0.409305,0)
reseed=0 in=(255,0,255,0) steer=+1.000 gnd=4.0 sp=3483.08 horiz=3476.16 velH=-2.5707 bodyH=-2.6877 slip=+0.1170 d=(-0.13167,-0.09265) av=(0,0.409756,0)
reseed=0 in=(255,0,255,0) steer=+1.000 gnd=4.0 sp=3485.32 horiz=3478.39 velH=-2.6131 bodyH=-2.7302 slip=+0.1172 d=(-0.13556,-0.08706) av=(0,0.410191,0)
reseed=0 in=(255,0,255,0) steer=+1.000 gnd=4.0 sp=3487.46 horiz=3480.52 velH=-2.6554 bodyH=-2.7727 slip=+0.1173 d=(-0.13921,-0.08129) av=(0,0.41061,0)
reseed=0 in=(255,0,255,0) steer=+1.000 gnd=4.0 sp=3489.52 horiz=3482.56 velH=-2.6977 bodyH=-2.8152 slip=+0.1174 d=(-0.14262,-0.07537) av=(0,0.411014,0)
reseed=0 in=(255,0,255,0) steer=+1.000 gnd=4.0 sp=3491.49 horiz=3484.52 velH=-2.7401 bodyH=-2.8577 slip=+0.1176 d=(-0.14577,-0.06931) av=(0,0.411403,0)
reseed=0 in=(255,0,255,0) steer=+1.000 gnd=4.0 sp=3493.38 horiz=3486.39 velH=-2.7825 bodyH=-2.9002 slip=+0.1177 d=(-0.14865,-0.06311) av=(0,0.411777,0)
reseed=0 in=(255,0,255,0) steer=+1.000 gnd=4.0 sp=3495.19 horiz=3488.18 velH=-2.8248 bodyH=-2.9426 slip=+0.1178 d=(-0.15127,-0.05679) av=(0,0.412138,0)
reseed=0 in=(255,0,255,0) steer=+1.000 gnd=4.0 sp=3496.92 horiz=3489.90 velH=-2.8672 bodyH=-2.9851 slip=+0.1179 d=(-0.15362,-0.05036) av=(0,0.412485,0)
reseed=0 in=(255,0,255,0) steer=+1.000 gnd=4.0 sp=3498.57 horiz=3491.55 velH=-2.9096 bodyH=-3.0276 slip=+0.1180 d=(-0.15569,-0.04383) av=(0,0.412819,0)
reseed=0 in=(255,0,255,0) steer=+1.000 gnd=4.0 sp=3500.16 horiz=3493.12 velH=-2.9519 bodyH=-3.0701 slip=+0.1182 d=(-0.15748,-0.03721) av=(0,0.41314,0)
reseed=0 in=(255,0,255,0) steer=+1.000 gnd=4.0 sp=3501.68 horiz=3494.63 velH=-2.9943 bodyH=-3.1126 slip=+0.1183 d=(-0.15899,-0.03052) av=(0,0.413449,0)
reseed=0 in=(255,0,255,0) steer=+1.000 gnd=4.0 sp=3503.13 horiz=3496.08 velH=-3.0367 bodyH=3.1281 slip=+0.1184 d=(-0.16021,-0.02377) av=(0,0.413747,0)
reseed=0 in=(255,0,255,0) steer=+1.000 gnd=4.0 sp=3504.53 horiz=3497.46 velH=-3.0791 bodyH=3.0857 slip=+0.1185 d=(-0.16114,-0.01697) av=(0,0.414033,0)
reseed=0 in=(0,255,255,0) steer=-1.000 gnd=4.0 sp=12.78 horiz=12.78 velH=3.0857 bodyH=3.0857 slip=+0.0001 d=(-0.00000,0.00000) av=(0,7.73521e-05,0)
reseed=0 in=(0,255,255,0) steer=-1.000 gnd=4.0 sp=25.80 horiz=25.80 velH=3.0860 bodyH=3.0860 slip=+0.0000 d=(-0.00059,0.00003) av=(0,1.25327e-06,0)
reseed=0 in=(0,255,255,0) steer=-1.000 gnd=4.0 sp=39.55 horiz=39.55 velH=3.0868 bodyH=3.0867 slip=+0.0001 d=(-0.00119,0.00007) av=(0,8.86886e-06,0)
reseed=0 in=(0,255,255,0) steer=-1.000 gnd=4.0 sp=54.06 horiz=54.06 velH=3.0880 bodyH=3.0879 slip=+0.0002 d=(-0.00183,0.00010) av=(0,3.35627e-05,0)
reseed=0 in=(0,255,255,0) steer=-1.000 gnd=4.0 sp=69.37 horiz=69.37 velH=3.0898 bodyH=3.0894 slip=+0.0004 d=(-0.00250,0.00013) av=(0,9.18908e-05,0)
reseed=0 in=(0,255,255,0) steer=-1.000 gnd=4.0 sp=85.53 horiz=85.53 velH=3.0922 bodyH=3.0914 slip=+0.0008 d=(-0.00321,0.00017) av=(0,0.000203863,0)
reseed=0 in=(0,255,255,0) steer=-1.000 gnd=4.0 sp=102.58 horiz=102.57 velH=3.0953 bodyH=3.0938 slip=+0.0015 d=(-0.00396,0.00020) av=(0,0.000385072,0)
reseed=0 in=(0,255,255,0) steer=-1.000 gnd=4.0 sp=120.55 horiz=120.55 velH=3.0994 bodyH=3.0967 slip=+0.0027 d=(-0.00475,0.00022) av=(0,0.000629219,0)
reseed=0 in=(0,255,255,0) steer=-1.000 gnd=4.0 sp=139.51 horiz=139.50 velH=3.1046 bodyH=3.1001 slip=+0.0045 d=(-0.00558,0.00024) av=(0,0.00087429,0)
reseed=0 in=(0,255,255,0) steer=-1.000 gnd=4.0 sp=159.48 horiz=159.47 velH=3.1114 bodyH=3.1041 slip=+0.0074 d=(-0.00646,0.00024) av=(0,0.000947031,0)
reseed=0 in=(0,255,255,0) steer=-1.000 gnd=4.0 sp=180.55 horiz=180.52 velH=3.1206 bodyH=3.1086 slip=+0.0120 d=(-0.00739,0.00022) av=(0,0.000358129,0)
reseed=0 in=(0,255,255,0) steer=-1.000 gnd=4.0 sp=202.79 horiz=202.75 velH=3.1336 bodyH=3.1137 slip=+0.0199 d=(-0.00836,0.00018) av=(0,-0.000620514,0)
reseed=0 in=(0,255,255,0) steer=-1.000 gnd=4.0 sp=226.30 horiz=226.27 velH=-3.1300 bodyH=3.1194 slip=+0.0338 d=(-0.00940,0.00008) av=(0,-0.00133773,0)
reseed=0 in=(0,255,255,0) steer=-1.000 gnd=4.0 sp=251.13 horiz=251.04 velH=-3.1215 bodyH=3.1259 slip=+0.0359 d=(-0.01049,-0.00012) av=(0,-0.00488475,0)
reseed=0 in=(0,255,255,0) steer=-1.000 gnd=4.0 sp=264.39 horiz=264.33 velH=-3.1220 bodyH=3.1330 slip=+0.0282 d=(-0.01163,-0.00023) av=(0,-0.00848649,0)
reseed=0 in=(0,255,255,0) steer=-1.000 gnd=4.0 sp=278.39 horiz=278.35 velH=-3.1194 bodyH=3.1405 slip=+0.0233 d=(-0.01225,-0.00024) av=(0,-0.0118264,0)
reseed=0 in=(0,255,255,0) steer=-1.000 gnd=4.0 sp=293.17 horiz=293.13 velH=-3.1147 bodyH=-3.1348 slip=+0.0201 d=(-0.01290,-0.00029) av=(0,-0.0147639,0)
reseed=0 in=(0,255,255,0) steer=-1.000 gnd=4.0 sp=308.77 horiz=308.74 velH=-3.1087 bodyH=-3.1265 slip=+0.0178 d=(-0.01358,-0.00036) av=(0,-0.0204544,0)
reseed=0 in=(0,255,255,0) steer=-1.000 gnd=4.0 sp=325.20 horiz=325.18 velH=-3.1015 bodyH=-3.1178 slip=+0.0162 d=(-0.01430,-0.00047) av=(0,-0.0250786,0)
reseed=0 in=(0,255,255,0) steer=-1.000 gnd=4.0 sp=342.52 horiz=342.50 velH=-3.0936 bodyH=-3.1086 slip=+0.0149 d=(-0.01506,-0.00060) av=(0,-0.02919,0)
reseed=0 in=(0,255,255,0) steer=-1.000 gnd=4.0 sp=360.77 horiz=360.75 velH=-3.0850 bodyH=-3.0988 slip=+0.0139 d=(-0.01586,-0.00076) av=(0,-0.0331062,0)
reseed=0 in=(0,255,255,0) steer=-1.000 gnd=4.0 sp=379.98 horiz=379.97 velH=-3.0757 bodyH=-3.0886 slip=+0.0129 d=(-0.01669,-0.00095) av=(0,-0.0370097,0)
reseed=0 in=(0,255,255,0) steer=-1.000 gnd=4.0 sp=400.22 horiz=400.20 velH=-3.0658 bodyH=-3.0779 slip=+0.0120 d=(-0.01757,-0.00116) av=(0,-0.0410089,0)
reseed=0 in=(0,255,255,0) steer=-1.000 gnd=4.0 sp=421.52 horiz=421.50 velH=-3.0554 bodyH=-3.0665 slip=+0.0111 d=(-0.01849,-0.00140) av=(0,-0.0451737,0)
reseed=0 in=(0,255,255,0) steer=-1.000 gnd=4.0 sp=443.93 horiz=443.92 velH=-3.0444 bodyH=-3.0546 slip=+0.0102 d=(-0.01946,-0.00168) av=(0,-0.0495517,0)
reseed=0 in=(0,255,255,0) steer=-1.000 gnd=4.0 sp=467.52 horiz=467.51 velH=-3.0327 bodyH=-3.0420 slip=+0.0092 d=(-0.02048,-0.00200) av=(0,-0.0541774,0)
reseed=0 in=(0,255,255,0) steer=-1.000 gnd=4.0 sp=492.34 horiz=492.33 velH=-3.0205 bodyH=-3.0287 slip=+0.0083 d=(-0.02154,-0.00235) av=(0,-0.0590773,0)
reseed=0 in=(0,255,255,0) steer=-1.000 gnd=4.0 sp=518.43 horiz=518.43 velH=-3.0075 bodyH=-3.0148 slip=+0.0072 d=(-0.02265,-0.00276) av=(0,-0.0642753,0)
reseed=0 in=(0,255,255,0) steer=-1.000 gnd=4.0 sp=545.87 horiz=545.87 velH=-2.9939 bodyH=-3.0001 slip=+0.0062 d=(-0.02381,-0.00321) av=(0,-0.0697912,0)
reseed=0 in=(0,255,255,0) steer=-1.000 gnd=4.0 sp=574.71 horiz=574.71 velH=-2.9796 bodyH=-2.9846 slip=+0.0050 d=(-0.02502,-0.00372) av=(0,-0.0756422,0)
reseed=0 in=(0,255,255,0) steer=-1.000 gnd=4.0 sp=605.02 horiz=605.01 velH=-2.9645 bodyH=-2.9683 slip=+0.0039 d=(-0.02629,-0.00430) av=(0,-0.0818434,0)
reseed=0 in=(0,255,255,0) steer=-1.000 gnd=4.0 sp=636.85 horiz=636.84 velH=-2.9486 bodyH=-2.9512 slip=+0.0026 d=(-0.02760,-0.00494) av=(0,-0.0884087,0)
reseed=0 in=(0,255,255,0) steer=-1.000 gnd=4.0 sp=670.27 horiz=670.27 velH=-2.9319 bodyH=-2.9332 slip=+0.0013 d=(-0.02897,-0.00566) av=(0,-0.0953496,0)
reseed=0 in=(0,255,255,0) steer=-1.000 gnd=4.0 sp=705.34 horiz=705.34 velH=-2.9143 bodyH=-2.9142 slip=-0.0001 d=(-0.03038,-0.00647) av=(0,-0.102674,0)
reseed=0 in=(0,255,255,0) steer=-1.000 gnd=4.0 sp=742.14 horiz=742.14 velH=-2.8957 bodyH=-2.8942 slip=-0.0016 d=(-0.03185,-0.00737) av=(0,-0.110388,0)
reseed=0 in=(0,255,255,0) steer=-1.000 gnd=4.0 sp=780.72 horiz=780.72 velH=-2.8763 bodyH=-2.8731 slip=-0.0031 d=(-0.03336,-0.00837) av=(0,-0.11849,0)
reseed=0 in=(0,255,255,0) steer=-1.000 gnd=4.0 sp=821.16 horiz=821.16 velH=-2.8558 bodyH=-2.8510 slip=-0.0048 d=(-0.03492,-0.00949) av=(0,-0.126972,0)
reseed=0 in=(0,255,255,0) steer=-1.000 gnd=4.0 sp=863.53 horiz=863.52 velH=-2.8342 bodyH=-2.8278 slip=-0.0065 d=(-0.03651,-0.01073) av=(0,-0.135819,0)
reseed=0 in=(0,255,255,0) steer=-1.000 gnd=4.0 sp=907.88 horiz=907.86 velH=-2.8116 bodyH=-2.8033 slip=-0.0083 d=(-0.03815,-0.01211) av=(0,-0.145003,0)
reseed=0 in=(0,255,255,0) steer=-1.000 gnd=4.0 sp=954.28 horiz=954.25 velH=-2.7878 bodyH=-2.7776 slip=-0.0103 d=(-0.03981,-0.01363) av=(0,-0.154488,0)
reseed=0 in=(0,255,255,0) steer=-1.000 gnd=4.0 sp=1002.80 horiz=1002.76 velH=-2.7629 bodyH=-2.7505 slip=-0.0123 d=(-0.04149,-0.01532) av=(0,-0.164232,0)
reseed=0 in=(0,255,255,0) steer=-1.000 gnd=4.0 sp=1053.49 horiz=1053.44 velH=-2.7366 bodyH=-2.7221 slip=-0.0145 d=(-0.04318,-0.01718) av=(0,-0.174395,0)
reseed=0 in=(0,255,255,0) steer=-1.000 gnd=4.0 sp=1106.43 horiz=1106.35 velH=-2.7091 bodyH=-2.6923 slip=-0.0169 d=(-0.04487,-0.01924) av=(0,-0.183897,0)
reseed=0 in=(0,255,255,0) steer=-1.000 gnd=4.0 sp=1161.66 horiz=1161.55 velH=-2.6803 bodyH=-2.6609 slip=-0.0193 d=(-0.04655,-0.02149) av=(0,-0.19096,0)
reseed=0 in=(0,255,255,0) steer=-1.000 gnd=4.0 sp=1216.89 horiz=1216.74 velH=-2.6504 bodyH=-2.6280 slip=-0.0224 d=(-0.04821,-0.02396) av=(0,-0.196657,0)
reseed=0 in=(0,255,255,0) steer=-1.000 gnd=4.0 sp=1271.59 horiz=1271.38 velH=-2.6195 bodyH=-2.5935 slip=-0.0259 d=(-0.04972,-0.02660) av=(0,-0.199206,0)
reseed=0 in=(0,255,255,0) steer=-1.000 gnd=4.0 sp=1325.70 horiz=1325.41 velH=-2.5872 bodyH=-2.5575 slip=-0.0297 d=(-0.05107,-0.02939) av=(0,-0.202129,0)
reseed=0 in=(0,255,255,0) steer=-1.000 gnd=4.0 sp=1379.14 horiz=1378.76 velH=-2.5536 bodyH=-2.5200 slip=-0.0337 d=(-0.05223,-0.03234) av=(0,-0.2053,0)
reseed=0 in=(0,255,255,0) steer=-1.000 gnd=4.0 sp=1431.83 horiz=1431.34 velH=-2.5187 bodyH=-2.4809 slip=-0.0377 d=(-0.05317,-0.03544) av=(0,-0.208646,0)
reseed=0 in=(0,255,255,0) steer=-1.000 gnd=4.0 sp=1483.71 horiz=1483.10 velH=-2.4822 bodyH=-2.4404 slip=-0.0419 d=(-0.05388,-0.03870) av=(0,-0.212135,0)
reseed=0 in=(0,255,255,0) steer=-1.000 gnd=4.0 sp=1534.72 horiz=1533.96 velH=-2.4444 bodyH=-2.3983 slip=-0.0461 d=(-0.05433,-0.04211) av=(0,-0.215751,0)
reseed=0 in=(0,255,255,0) steer=-1.000 gnd=4.0 sp=1584.85 horiz=1583.95 velH=-2.4055 bodyH=-2.3559 slip=-0.0496 d=(-0.05450,-0.04565) av=(0,-0.21936,0)
reseed=0 in=(0,255,255,0) steer=-1.000 gnd=4.0 sp=1634.13 horiz=1633.11 velH=-2.3658 bodyH=-2.3134 slip=-0.0524 d=(-0.05440,-0.04929) av=(0,-0.222837,0)
reseed=0 in=(0,255,255,0) steer=-1.000 gnd=4.0 sp=1682.62 horiz=1681.48 velH=-2.3256 bodyH=-2.2709 slip=-0.0547 d=(-0.05403,-0.05300) av=(0,-0.226134,0)
reseed=0 in=(0,255,255,0) steer=-1.000 gnd=4.0 sp=1730.33 horiz=1729.08 velH=-2.2851 bodyH=-2.2284 slip=-0.0567 d=(-0.05340,-0.05676) av=(0,-0.229252,0)
reseed=0 in=(0,255,255,0) steer=-1.000 gnd=4.0 sp=1777.28 horiz=1775.93 velH=-2.2444 bodyH=-2.1859 slip=-0.0585 d=(-0.05250,-0.06055) av=(0,-0.23221,0)
reseed=0 in=(0,255,255,0) steer=-1.000 gnd=4.0 sp=1823.48 horiz=1822.03 velH=-2.2035 bodyH=-2.1434 slip=-0.0600 d=(-0.05134,-0.06433) av=(0,-0.235035,0)
reseed=0 in=(0,255,255,0) steer=-1.000 gnd=4.0 sp=1868.92 horiz=1867.38 velH=-2.1624 bodyH=-2.1010 slip=-0.0615 d=(-0.04993,-0.06810) av=(0,-0.237754,0)
reseed=0 in=(0,255,255,0) steer=-1.000 gnd=4.0 sp=1913.62 horiz=1911.98 velH=-2.1213 bodyH=-2.0585 slip=-0.0628 d=(-0.04827,-0.07184) av=(0,-0.240389,0)
reseed=0 in=(0,255,255,0) steer=-1.000 gnd=4.0 sp=1957.56 horiz=1955.83 velH=-2.0801 bodyH=-2.0160 slip=-0.0641 d=(-0.04636,-0.07552) av=(0,-0.242959,0)
reseed=0 in=(0,255,255,0) steer=-1.000 gnd=4.0 sp=2000.74 horiz=1998.92 velH=-2.0388 bodyH=-1.9735 slip=-0.0653 d=(-0.04420,-0.07914) av=(0,-0.245481,0)
reseed=0 in=(0,255,255,0) steer=-1.000 gnd=4.0 sp=2043.16 horiz=2041.25 velH=-1.9975 bodyH=-1.9310 slip=-0.0665 d=(-0.04179,-0.08268) av=(0,-0.247965,0)
reseed=0 in=(0,255,255,0) steer=-1.000 gnd=4.0 sp=2084.82 horiz=2082.82 velH=-1.9562 bodyH=-1.8885 slip=-0.0677 d=(-0.03916,-0.08612) av=(0,-0.250421,0)
reseed=0 in=(0,255,255,0) steer=-1.000 gnd=4.0 sp=2125.72 horiz=2123.63 velH=-1.9148 bodyH=-1.8461 slip=-0.0688 d=(-0.03629,-0.08945) av=(0,-0.252855,0)
reseed=0 in=(0,255,255,0) steer=-1.000 gnd=4.0 sp=2165.84 horiz=2163.66 velH=-1.8734 bodyH=-1.8036 slip=-0.0698 d=(-0.03320,-0.09266) av=(0,-0.255273,0)
reseed=0 in=(0,255,255,0) steer=-1.000 gnd=4.0 sp=2205.20 horiz=2202.93 velH=-1.8320 bodyH=-1.7611 slip=-0.0709 d=(-0.02989,-0.09572) av=(0,-0.257678,0)
reseed=0 in=(0,255,255,0) steer=-1.000 gnd=4.0 sp=2243.78 horiz=2241.42 velH=-1.7906 bodyH=-1.7186 slip=-0.0719 d=(-0.02637,-0.09863) av=(0,-0.260072,0)
reseed=0 in=(0,255,255,0) steer=-1.000 gnd=4.0 sp=2281.59 horiz=2279.14 velH=-1.7491 bodyH=-1.6761 slip=-0.0730 d=(-0.02265,-0.10138) av=(0,-0.262457,0)
reseed=0 in=(0,255,255,0) steer=-1.000 gnd=4.0 sp=2318.62 horiz=2316.08 velH=-1.7076 bodyH=-1.6336 slip=-0.0740 d=(-0.01873,-0.10396) av=(0,-0.264834,0)
reseed=0 in=(0,255,255,0) steer=-1.000 gnd=4.0 sp=2354.89 horiz=2352.26 velH=-1.6661 bodyH=-1.5912 slip=-0.0749 d=(-0.01464,-0.10634) av=(0,-0.267202,0)
reseed=0 in=(0,255,255,0) steer=-1.000 gnd=4.0 sp=2390.38 horiz=2387.66 velH=-1.6246 bodyH=-1.5487 slip=-0.0759 d=(-0.01038,-0.10852) av=(0,-0.269564,0)
reseed=0 in=(0,255,255,0) steer=-1.000 gnd=4.0 sp=2425.10 horiz=2422.29 velH=-1.5831 bodyH=-1.5062 slip=-0.0769 d=(-0.00595,-0.11050) av=(0,-0.271917,0)
reseed=0 in=(0,255,255,0) steer=-1.000 gnd=4.0 sp=2459.05 horiz=2456.16 velH=-1.5415 bodyH=-1.4637 slip=-0.0778 d=(-0.00138,-0.11226) av=(0,-0.274262,0)
reseed=0 in=(0,255,255,0) steer=-1.000 gnd=4.0 sp=2492.24 horiz=2489.26 velH=-1.5000 bodyH=-1.4212 slip=-0.0787 d=(0.00333,-0.11379) av=(0,-0.276598,0)
reseed=0 in=(0,255,255,0) steer=-1.000 gnd=4.0 sp=2524.67 horiz=2521.60 velH=-1.4584 bodyH=-1.3787 slip=-0.0797 d=(0.00816,-0.11508) av=(0,-0.278926,0)
reseed=0 in=(0,255,255,0) steer=-1.000 gnd=4.0 sp=2556.35 horiz=2553.20 velH=-1.4168 bodyH=-1.3363 slip=-0.0806 d=(0.01311,-0.11613) av=(0,-0.281243,0)
reseed=0 in=(0,255,255,0) steer=-1.000 gnd=4.0 sp=2587.28 horiz=2584.04 velH=-1.3752 bodyH=-1.2938 slip=-0.0814 d=(0.01815,-0.11693) av=(0,-0.283549,0)
reseed=0 in=(0,255,255,0) steer=-1.000 gnd=4.0 sp=2617.47 horiz=2614.14 velH=-1.3336 bodyH=-1.2513 slip=-0.0823 d=(0.02327,-0.11748) av=(0,-0.285843,0)
reseed=0 in=(0,255,255,0) steer=-1.000 gnd=4.0 sp=2646.92 horiz=2643.50 velH=-1.2920 bodyH=-1.2088 slip=-0.0832 d=(0.02847,-0.11776) av=(0,-0.288126,0)
reseed=0 in=(0,255,255,0) steer=-1.000 gnd=4.0 sp=2675.64 horiz=2672.14 velH=-1.2504 bodyH=-1.1663 slip=-0.0840 d=(0.03372,-0.11779) av=(0,-0.290395,0)
reseed=0 in=(0,255,255,0) steer=-1.000 gnd=4.0 sp=2703.64 horiz=2700.06 velH=-1.2087 bodyH=-1.1238 slip=-0.0849 d=(0.03901,-0.11754) av=(0,-0.292649,0)
reseed=0 in=(0,255,255,0) steer=-1.000 gnd=4.0 sp=2730.93 horiz=2727.26 velH=-1.1671 bodyH=-1.0814 slip=-0.0857 d=(0.04433,-0.11702) av=(0,-0.294889,0)
reseed=0 in=(0,255,255,0) steer=-1.000 gnd=4.0 sp=2757.51 horiz=2753.76 velH=-1.1254 bodyH=-1.0389 slip=-0.0865 d=(0.04966,-0.11624) av=(0,-0.297113,0)
reseed=0 in=(0,255,255,0) steer=-1.000 gnd=4.0 sp=2783.39 horiz=2779.57 velH=-1.0837 bodyH=-0.9964 slip=-0.0873 d=(0.05498,-0.11518) av=(0,-0.299321,0)
reseed=0 in=(0,255,255,0) steer=-1.000 gnd=4.0 sp=2808.59 horiz=2804.68 velH=-1.0420 bodyH=-0.9539 slip=-0.0881 d=(0.06029,-0.11384) av=(0,-0.301511,0)
reseed=0 in=(0,255,255,0) steer=-1.000 gnd=4.0 sp=2833.12 horiz=2829.12 velH=-1.0003 bodyH=-0.9114 slip=-0.0889 d=(0.06557,-0.11224) av=(0,-0.303682,0)
reseed=0 in=(0,255,255,0) steer=-1.000 gnd=4.0 sp=2856.97 horiz=2852.90 velH=-0.9586 bodyH=-0.8690 slip=-0.0897 d=(0.07081,-0.11036) av=(0,-0.305835,0)
reseed=0 in=(0,255,255,0) steer=-1.000 gnd=4.0 sp=2880.17 horiz=2876.02 velH=-0.9169 bodyH=-0.8265 slip=-0.0904 d=(0.07598,-0.10821) av=(0,-0.307967,0)
reseed=0 in=(0,255,255,0) steer=-1.000 gnd=4.0 sp=2902.72 horiz=2898.49 velH=-0.8752 bodyH=-0.7840 slip=-0.0912 d=(0.08108,-0.10580) av=(0,-0.310079,0)
reseed=0 in=(0,255,255,0) steer=-1.000 gnd=4.0 sp=2924.63 horiz=2920.33 velH=-0.8334 bodyH=-0.7415 slip=-0.0919 d=(0.08609,-0.10312) av=(0,-0.31217,0)
reseed=0 in=(0,255,255,0) steer=-1.000 gnd=4.0 sp=2945.92 horiz=2941.54 velH=-0.7917 bodyH=-0.6990 slip=-0.0927 d=(0.09100,-0.10019) av=(0,-0.314238,0)
reseed=0 in=(0,255,255,0) steer=-1.000 gnd=4.0 sp=2966.59 horiz=2962.14 velH=-0.7499 bodyH=-0.6565 slip=-0.0934 d=(0.09579,-0.09700) av=(0,-0.316283,0)
reseed=0 in=(0,255,255,0) steer=-1.000 gnd=4.0 sp=2986.67 horiz=2982.14 velH=-0.7081 bodyH=-0.6141 slip=-0.0941 d=(0.10046,-0.09357) av=(0,-0.318305,0)
reseed=0 in=(0,255,255,0) steer=-1.000 gnd=4.0 sp=3006.15 horiz=3001.55 velH=-0.6663 bodyH=-0.5716 slip=-0.0948 d=(0.10498,-0.08989) av=(0,-0.320303,0)
reseed=0 in=(0,255,255,0) steer=-1.000 gnd=4.0 sp=3025.05 horiz=3020.38 velH=-0.6245 bodyH=-0.5291 slip=-0.0955 d=(0.10935,-0.08599) av=(0,-0.322276,0)
reseed=0 in=(0,255,255,0) steer=-1.000 gnd=4.0 sp=3043.38 horiz=3038.64 velH=-0.5827 bodyH=-0.4866 slip=-0.0961 d=(0.11356,-0.08185) av=(0,-0.324223,0)
reseed=0 in=(0,255,255,0) steer=-1.000 gnd=4.0 sp=3061.15 horiz=3056.35 velH=-0.5409 bodyH=-0.4441 slip=-0.0968 d=(0.11759,-0.07750) av=(0,-0.326145,0)
reseed=0 in=(0,255,255,0) steer=-1.000 gnd=4.0 sp=3078.38 horiz=3073.51 velH=-0.4991 bodyH=-0.4016 slip=-0.0974 d=(0.12143,-0.07294) av=(0,-0.32804,0)
reseed=0 in=(0,255,255,0) steer=-1.000 gnd=4.0 sp=3095.08 horiz=3090.14 velH=-0.4572 bodyH=-0.3592 slip=-0.0981 d=(0.12507,-0.06818) av=(0,-0.329907,0)
reseed=0 in=(0,255,255,0) steer=-1.000 gnd=4.0 sp=3111.25 horiz=3106.24 velH=-0.4154 bodyH=-0.3167 slip=-0.0987 d=(0.12851,-0.06323) av=(0,-0.331748,0)
reseed=0 in=(0,255,255,0) steer=-1.000 gnd=4.0 sp=3126.91 horiz=3121.84 velH=-0.3735 bodyH=-0.2742 slip=-0.0993 d=(0.13172,-0.05809) av=(0,-0.33356,0)
reseed=0 in=(0,255,255,0) steer=-1.000 gnd=4.0 sp=3142.08 horiz=3136.94 velH=-0.3316 bodyH=-0.2317 slip=-0.0999 d=(0.13471,-0.05279) av=(0,-0.335344,0)
reseed=0 in=(0,255,255,0) steer=-1.000 gnd=4.0 sp=3156.76 horiz=3151.56 velH=-0.2897 bodyH=-0.1892 slip=-0.1005 d=(0.13746,-0.04734) av=(0,-0.337099,0)
reseed=0 in=(0,255,255,0) steer=-1.000 gnd=4.0 sp=3170.96 horiz=3165.70 velH=-0.2478 bodyH=-0.1467 slip=-0.1011 d=(0.13998,-0.04173) av=(0,-0.338826,0)
reseed=0 in=(0,255,255,0) steer=-1.000 gnd=4.0 sp=3184.70 horiz=3179.38 velH=-0.2059 bodyH=-0.1043 slip=-0.1017 d=(0.14224,-0.03599) av=(0,-0.340522,0)
reseed=0 in=(0,255,255,0) steer=-1.000 gnd=4.0 sp=3197.98 horiz=3192.61 velH=-0.1640 bodyH=-0.0618 slip=-0.1022 d=(0.14424,-0.03013) av=(0,-0.34219,0)
reseed=0 in=(0,255,255,0) steer=-1.000 gnd=4.0 sp=3210.83 horiz=3205.40 velH=-0.1221 bodyH=-0.0193 slip=-0.1028 d=(0.14598,-0.02416) av=(0,-0.343827,0)
reseed=0 in=(0,255,255,0) steer=-1.000 gnd=4.0 sp=3223.25 horiz=3217.75 velH=-0.0801 bodyH=0.0232 slip=-0.1033 d=(0.14745,-0.01809) av=(0,-0.345434,0)
reseed=0 in=(0,255,255,0) steer=-1.000 gnd=4.0 sp=3235.24 horiz=3229.70 velH=-0.0382 bodyH=0.0657 slip=-0.1038 d=(0.14865,-0.01194) av=(0,-0.347011,0)
reseed=0 in=(0,255,255,0) steer=-1.000 gnd=4.0 sp=3246.83 horiz=3241.23 velH=0.0038 bodyH=0.1082 slip=-0.1044 d=(0.14958,-0.00571) av=(0,-0.348557,0)
reseed=0 in=(0,255,255,0) steer=-1.000 gnd=4.0 sp=3258.03 horiz=3252.37 velH=0.0458 bodyH=0.1506 slip=-0.1049 d=(0.15022,0.00057) av=(0,-0.350072,0)
reseed=0 in=(0,255,255,0) steer=-1.000 gnd=4.0 sp=3268.83 horiz=3263.13 velH=0.0878 bodyH=0.1931 slip=-0.1054 d=(0.15058,0.00690) av=(0,-0.351557,0)
reseed=0 in=(0,255,255,0) steer=-1.000 gnd=4.0 sp=3279.27 horiz=3273.51 velH=0.1298 bodyH=0.2356 slip=-0.1058 d=(0.15065,0.01326) av=(0,-0.353012,0)
reseed=0 in=(0,255,255,0) steer=-1.000 gnd=4.0 sp=3289.33 horiz=3283.53 velH=0.1718 bodyH=0.2781 slip=-0.1063 d=(0.15044,0.01963) av=(0,-0.354435,0)
reseed=0 in=(0,255,255,0) steer=-1.000 gnd=4.0 sp=3299.05 horiz=3293.20 velH=0.2138 bodyH=0.3206 slip=-0.1068 d=(0.14994,0.02601) av=(0,-0.355828,0)
reseed=0 in=(0,255,255,0) steer=-1.000 gnd=4.0 sp=3308.42 horiz=3302.52 velH=0.2558 bodyH=0.3631 slip=-0.1072 d=(0.14915,0.03238) av=(0,-0.35719,0)
reseed=0 in=(0,255,255,0) steer=-1.000 gnd=4.0 sp=3317.46 horiz=3311.51 velH=0.2979 bodyH=0.4055 slip=-0.1077 d=(0.14808,0.03873) av=(0,-0.358522,0)
reseed=0 in=(0,255,255,0) steer=-1.000 gnd=4.0 sp=3326.17 horiz=3320.18 velH=0.3399 bodyH=0.4480 slip=-0.1081 d=(0.14672,0.04504) av=(0,-0.359823,0)
reseed=0 in=(0,255,255,0) steer=-1.000 gnd=4.0 sp=3334.56 horiz=3328.53 velH=0.3820 bodyH=0.4905 slip=-0.1085 d=(0.14507,0.05131) av=(0,-0.361094,0)
reseed=0 in=(0,255,255,0) steer=-1.000 gnd=4.0 sp=3342.66 horiz=3336.58 velH=0.4241 bodyH=0.5330 slip=-0.1089 d=(0.14315,0.05751) av=(0,-0.362334,0)
reseed=0 in=(0,255,255,0) steer=-1.000 gnd=4.0 sp=3350.45 horiz=3344.33 velH=0.4662 bodyH=0.5755 slip=-0.1093 d=(0.14094,0.06363) av=(0,-0.363545,0)
reseed=0 in=(0,255,255,0) steer=-1.000 gnd=4.0 sp=3357.96 horiz=3351.80 velH=0.5083 bodyH=0.6180 slip=-0.1097 d=(0.13846,0.06967) av=(0,-0.364725,0)
reseed=0 in=(0,255,255,0) steer=-1.000 gnd=4.0 sp=3365.20 horiz=3359.00 velH=0.5504 bodyH=0.6604 slip=-0.1101 d=(0.13571,0.07560) av=(0,-0.365876,0)
reseed=0 in=(0,255,255,0) steer=-1.000 gnd=4.0 sp=3372.16 horiz=3365.92 velH=0.5925 bodyH=0.7029 slip=-0.1104 d=(0.13269,0.08142) av=(0,-0.366998,0)
reseed=0 in=(0,255,255,0) steer=-1.000 gnd=4.0 sp=3378.86 horiz=3372.59 velH=0.6346 bodyH=0.7454 slip=-0.1108 d=(0.12941,0.08711) av=(0,-0.36809,0)
reseed=0 in=(0,255,255,0) steer=-1.000 gnd=4.0 sp=3385.31 horiz=3379.00 velH=0.6767 bodyH=0.7879 slip=-0.1111 d=(0.12588,0.09267) av=(0,-0.369154,0)
reseed=0 in=(0,255,255,0) steer=-1.000 gnd=4.0 sp=3391.52 horiz=3385.18 velH=0.7189 bodyH=0.8304 slip=-0.1115 d=(0.12209,0.09808) av=(0,-0.370189,0)
reseed=0 in=(0,255,255,0) steer=-1.000 gnd=4.0 sp=3397.49 horiz=3391.11 velH=0.7610 bodyH=0.8728 slip=-0.1118 d=(0.11807,0.10332) av=(0,-0.371196,0)
reseed=1 in=(0,255,255,0) steer=-1.000 gnd=4.0 sp=1750.71 horiz=1750.54 velH=1.8001 bodyH=1.8201 slip=-0.0200 d=(-0.01616,0.07705) av=(0,-0.32686,0)
reseed=0 in=(0,255,255,0) steer=-1.000 gnd=4.0 sp=1800.93 horiz=1800.46 velH=1.8290 bodyH=1.8625 slip=-0.0335 d=(-0.01844,0.07901) av=(0,-0.290067,0)
reseed=0 in=(0,255,255,0) steer=-1.000 gnd=4.0 sp=1849.52 horiz=1848.75 velH=1.8620 bodyH=1.9050 slip=-0.0431 d=(-0.02131,0.08068) av=(0,-0.269117,0)
reseed=0 in=(0,255,255,0) steer=-1.000 gnd=4.0 sp=1896.62 horiz=1895.58 velH=1.8976 bodyH=1.9475 slip=-0.0499 d=(-0.02460,0.08208) av=(0,-0.257639,0)
reseed=0 in=(0,255,255,0) steer=-1.000 gnd=4.0 sp=1942.40 horiz=1941.12 velH=1.9351 bodyH=1.9900 slip=-0.0549 d=(-0.02820,0.08320) av=(0,-0.251865,0)
reseed=0 in=(0,255,255,0) steer=-1.000 gnd=4.0 sp=1986.99 horiz=1985.51 velH=1.9737 bodyH=2.0325 slip=-0.0588 d=(-0.03205,0.08406) av=(0,-0.249527,0)
reseed=0 in=(0,255,255,0) steer=-1.000 gnd=4.0 sp=2030.50 horiz=2028.85 velH=2.0132 bodyH=2.0750 slip=-0.0618 d=(-0.03608,0.08465) av=(0,-0.24925,0)
reseed=0 in=(0,255,255,0) steer=-1.000 gnd=4.0 sp=2073.01 horiz=2071.21 velH=2.0533 bodyH=2.1174 slip=-0.0642 d=(-0.04025,0.08498) av=(0,-0.250197,0)
reseed=0 in=(0,255,255,0) steer=-1.000 gnd=4.0 sp=2114.58 horiz=2112.64 velH=2.0937 bodyH=2.1599 slip=-0.0662 d=(-0.04454,0.08504) av=(0,-0.251862,0)
reseed=0 in=(0,255,255,0) steer=-1.000 gnd=4.0 sp=2155.25 horiz=2153.19 velH=2.1345 bodyH=2.2024 slip=-0.0679 d=(-0.04890,0.08483) av=(0,-0.253935,0)
reseed=0 in=(0,255,255,0) steer=-1.000 gnd=4.0 sp=2195.06 horiz=2192.88 velH=2.1754 bodyH=2.2449 slip=-0.0695 d=(-0.05332,0.08435) av=(0,-0.256233,0)
reseed=0 in=(0,255,255,0) steer=-1.000 gnd=4.0 sp=2234.03 horiz=2231.74 velH=2.2166 bodyH=2.2874 slip=-0.0708 d=(-0.05777,0.08361) av=(0,-0.258646,0)
reseed=0 in=(0,255,255,0) steer=-1.000 gnd=4.0 sp=2272.17 horiz=2269.78 velH=2.2578 bodyH=2.3299 slip=-0.0721 d=(-0.06225,0.08261) av=(0,-0.26111,0)
reseed=0 in=(0,255,255,0) steer=-1.000 gnd=4.0 sp=2309.50 horiz=2307.01 velH=2.2991 bodyH=2.3723 slip=-0.0733 d=(-0.06672,0.08133) av=(0,-0.26359,0)
reseed=0 in=(0,255,255,0) steer=-1.000 gnd=4.0 sp=2346.03 horiz=2343.44 velH=2.3405 bodyH=2.4148 slip=-0.0744 d=(-0.07117,0.07980) av=(0,-0.266066,0)
reseed=0 in=(0,255,255,0) steer=-1.000 gnd=4.0 sp=2381.76 horiz=2379.08 velH=2.3819 bodyH=2.4573 slip=-0.0754 d=(-0.07558,0.07800) av=(0,-0.268527,0)
reseed=0 in=(0,255,255,0) steer=-1.000 gnd=4.0 sp=2416.72 horiz=2413.94 velH=2.4233 bodyH=2.4998 slip=-0.0765 d=(-0.07994,0.07594) av=(0,-0.270968,0)
reseed=0 in=(0,255,255,0) steer=-1.000 gnd=4.0 sp=2450.89 horiz=2448.02 velH=2.4648 bodyH=2.5423 slip=-0.0774 d=(-0.08424,0.07362) av=(0,-0.273389,0)
reseed=0 in=(0,255,255,0) steer=-1.000 gnd=4.0 sp=2484.29 horiz=2481.33 velH=2.5063 bodyH=2.5848 slip=-0.0784 d=(-0.08845,0.07106) av=(0,-0.27579,0)
reseed=0 in=(0,255,255,0) steer=-1.000 gnd=4.0 sp=2516.92 horiz=2513.88 velH=2.5479 bodyH=2.6272 slip=-0.0794 d=(-0.09257,0.06824) av=(0,-0.27817,0)
reseed=0 in=(0,255,255,0) steer=-1.000 gnd=4.0 sp=2548.80 horiz=2545.67 velH=2.5894 bodyH=2.6697 slip=-0.0803 d=(-0.09657,0.06518) av=(0,-0.28053,0)
reseed=0 in=(0,255,255,0) steer=-1.000 gnd=4.0 sp=2579.92 horiz=2576.70 velH=2.6310 bodyH=2.7122 slip=-0.0812 d=(-0.10045,0.06188) av=(0,-0.282872,0)
reseed=1 in=(0,255,255,0) steer=-1.000 gnd=4.0 sp=1345.26 horiz=1345.19 velH=-3.1186 bodyH=-3.1051 slip=-0.0136 d=(-0.05979,-0.00000) av=(0,-0.233361,0)
reseed=0 in=(0,255,255,0) steer=-1.000 gnd=4.0 sp=1399.47 horiz=1399.28 velH=-3.0906 bodyH=-3.0669 slip=-0.0237 d=(-0.06233,-0.00143) av=(0,-0.222938,0)
reseed=0 in=(0,255,255,0) steer=-1.000 gnd=4.0 sp=1452.67 horiz=1452.32 velH=-3.0590 bodyH=-3.0273 slip=-0.0317 d=(-0.06477,-0.00330) av=(0,-0.218761,0)
reseed=0 in=(0,255,255,0) steer=-1.000 gnd=4.0 sp=1504.83 horiz=1504.30 velH=-3.0246 bodyH=-2.9862 slip=-0.0384 d=(-0.06708,-0.00555) av=(0,-0.218063,0)
reseed=0 in=(0,255,255,0) steer=-1.000 gnd=4.0 sp=1555.92 horiz=1555.21 velH=-2.9879 bodyH=-2.9437 slip=-0.0442 d=(-0.06924,-0.00814) av=(0,-0.219365,0)
reseed=0 in=(0,255,255,0) steer=-1.000 gnd=4.0 sp=1606.02 horiz=1605.15 velH=-2.9498 bodyH=-2.9012 slip=-0.0486 d=(-0.07123,-0.01103) av=(0,-0.221671,0)
reseed=0 in=(0,255,255,0) steer=-1.000 gnd=4.0 sp=1655.20 horiz=1654.19 velH=-2.9106 bodyH=-2.8587 slip=-0.0519 d=(-0.07303,-0.01418) av=(0,-0.224423,0)
reseed=0 in=(0,255,255,0) steer=-1.000 gnd=4.0 sp=1703.53 horiz=1702.38 velH=-2.8708 bodyH=-2.8162 slip=-0.0545 d=(-0.07463,-0.01755) av=(0,-0.227332,0)
reseed=0 in=(0,255,255,0) steer=-1.000 gnd=4.0 sp=1751.03 horiz=1749.77 velH=-2.8305 bodyH=-2.7737 slip=-0.0568 d=(-0.07602,-0.02111) av=(0,-0.230254,0)
reseed=0 in=(0,255,255,0) steer=-1.000 gnd=4.0 sp=1797.74 horiz=1796.37 velH=-2.7899 bodyH=-2.7313 slip=-0.0586 d=(-0.07720,-0.02482) av=(0,-0.233126,0)
reseed=0 in=(0,255,255,0) steer=-1.000 gnd=4.0 sp=1843.67 horiz=1842.20 velH=-2.7491 bodyH=-2.6888 slip=-0.0603 d=(-0.07816,-0.02868) av=(0,-0.235924,0)
reseed=0 in=(0,255,255,0) steer=-1.000 gnd=4.0 sp=1888.83 horiz=1887.26 velH=-2.7081 bodyH=-2.6463 slip=-0.0618 d=(-0.07889,-0.03266) av=(0,-0.238645,0)
reseed=0 in=(0,255,255,0) steer=-1.000 gnd=4.0 sp=1933.22 horiz=1931.55 velH=-2.6670 bodyH=-2.6038 slip=-0.0632 d=(-0.07938,-0.03674) av=(0,-0.241296,0)
reseed=0 in=(0,255,255,0) steer=-1.000 gnd=4.0 sp=1976.85 horiz=1975.09 velH=-2.6259 bodyH=-2.5613 slip=-0.0645 d=(-0.07963,-0.04091) av=(0,-0.243889,0)
reseed=0 in=(0,255,255,0) steer=-1.000 gnd=4.0 sp=2019.72 horiz=2017.86 velH=-2.5846 bodyH=-2.5189 slip=-0.0658 d=(-0.07963,-0.04514) av=(0,-0.246432,0)
reseed=0 in=(0,255,255,0) steer=-1.000 gnd=4.0 sp=2061.81 horiz=2059.87 velH=-2.5433 bodyH=-2.4764 slip=-0.0670 d=(-0.07939,-0.04944) av=(0,-0.248936,0)
reseed=0 in=(0,255,255,0) steer=-1.000 gnd=4.0 sp=2103.14 horiz=2101.10 velH=-2.5020 bodyH=-2.4339 slip=-0.0681 d=(-0.07889,-0.05377) av=(0,-0.25141,0)
reseed=0 in=(0,255,255,0) steer=-1.000 gnd=4.0 sp=2143.70 horiz=2141.57 velH=-2.4606 bodyH=-2.3914 slip=-0.0692 d=(-0.07813,-0.05812) av=(0,-0.253859,0)
reseed=0 in=(0,255,255,0) steer=-1.000 gnd=4.0 sp=2183.49 horiz=2181.27 velH=-2.4192 bodyH=-2.3489 slip=-0.0703 d=(-0.07712,-0.06249) av=(0,-0.256288,0)
reseed=0 in=(0,255,255,0) steer=-1.000 gnd=4.0 sp=2222.50 horiz=2220.19 velH=-2.3778 bodyH=-2.3064 slip=-0.0714 d=(-0.07584,-0.06684) av=(0,-0.258701,0)
reseed=0 in=(0,255,255,0) steer=-1.000 gnd=4.0 sp=2260.74 horiz=2258.34 velH=-2.3363 bodyH=-2.2640 slip=-0.0724 d=(-0.07431,-0.07117) av=(0,-0.261102,0)
reseed=0 in=(0,255,255,0) steer=-1.000 gnd=4.0 sp=2298.21 horiz=2295.72 velH=-2.2949 bodyH=-2.2215 slip=-0.0734 d=(-0.07253,-0.07546) av=(0,-0.263491,0)
reseed=0 in=(0,255,255,0) steer=-1.000 gnd=4.0 sp=2334.90 horiz=2332.32 velH=-2.2534 bodyH=-2.1790 slip=-0.0744 d=(-0.07048,-0.07970) av=(0,-0.265871,0)
reseed=0 in=(0,255,255,0) steer=-1.000 gnd=4.0 sp=2370.82 horiz=2368.15 velH=-2.2119 bodyH=-2.1365 slip=-0.0754 d=(-0.06819,-0.08388) av=(0,-0.268241,0)
reseed=0 in=(0,255,255,0) steer=-1.000 gnd=4.0 sp=2405.97 horiz=2403.21 velH=-2.1704 bodyH=-2.0940 slip=-0.0763 d=(-0.06564,-0.08796) av=(0,-0.270603,0)
reseed=0 in=(0,255,255,0) steer=-1.000 gnd=4.0 sp=2440.35 horiz=2437.50 velH=-2.1288 bodyH=-2.0515 slip=-0.0773 d=(-0.06285,-0.09195) av=(0,-0.272955,0)
reseed=0 in=(0,255,255,0) steer=-1.000 gnd=4.0 sp=2473.96 horiz=2471.02 velH=-2.0873 bodyH=-2.0091 slip=-0.0782 d=(-0.05982,-0.09583) av=(0,-0.275299,0)
reseed=0 in=(0,255,255,0) steer=-1.000 gnd=4.0 sp=2506.81 horiz=2503.79 velH=-2.0457 bodyH=-1.9666 slip=-0.0791 d=(-0.05655,-0.09958) av=(0,-0.277633,0)
reseed=0 in=(0,255,255,0) steer=-1.000 gnd=4.0 sp=2538.91 horiz=2535.80 velH=-2.0041 bodyH=-1.9241 slip=-0.0801 d=(-0.05306,-0.10320) av=(0,-0.279957,0)
reseed=0 in=(0,255,255,0) steer=-1.000 gnd=4.0 sp=2570.25 horiz=2567.05 velH=-1.9626 bodyH=-1.8816 slip=-0.0809 d=(-0.04935,-0.10666) av=(0,-0.28227,0)
reseed=0 in=(0,255,255,0) steer=-1.000 gnd=4.0 sp=2600.85 horiz=2597.57 velH=-1.9210 bodyH=-1.8391 slip=-0.0818 d=(-0.04543,-0.10996) av=(0,-0.284572,0)
reseed=0 in=(0,255,255,0) steer=-1.000 gnd=4.0 sp=2630.70 horiz=2627.34 velH=-1.8793 bodyH=-1.7966 slip=-0.0827 d=(-0.04130,-0.11308) av=(0,-0.286862,0)
reseed=0 in=(0,255,255,0) steer=-1.000 gnd=4.0 sp=2659.83 horiz=2656.38 velH=-1.8377 bodyH=-1.7542 slip=-0.0836 d=(-0.03698,-0.11602) av=(0,-0.289139,0)
reseed=0 in=(0,255,255,0) steer=-1.000 gnd=4.0 sp=2688.23 horiz=2684.69 velH=-1.7961 bodyH=-1.7117 slip=-0.0844 d=(-0.03247,-0.11875) av=(0,-0.291402,0)
reseed=0 in=(0,255,255,0) steer=-1.000 gnd=4.0 sp=2715.91 horiz=2712.29 velH=-1.7544 bodyH=-1.6692 slip=-0.0852 d=(-0.02779,-0.12128) av=(0,-0.29365,0)
reseed=0 in=(0,255,255,0) steer=-1.000 gnd=4.0 sp=2742.88 horiz=2739.18 velH=-1.7128 bodyH=-1.6267 slip=-0.0861 d=(-0.02295,-0.12359) av=(0,-0.295883,0)
reseed=0 in=(0,255,255,0) steer=-1.000 gnd=4.0 sp=2769.15 horiz=2765.36 velH=-1.6711 bodyH=-1.5842 slip=-0.0869 d=(-0.01796,-0.12567) av=(0,-0.2981,0)
reseed=0 in=(0,255,255,0) steer=-1.000 gnd=4.0 sp=2794.73 horiz=2790.86 velH=-1.6294 bodyH=-1.5417 slip=-0.0877 d=(-0.01283,-0.12752) av=(0,-0.3003,0)
reseed=0 in=(0,255,255,0) steer=-1.000 gnd=4.0 sp=2819.62 horiz=2815.68 velH=-1.5877 bodyH=-1.4993 slip=-0.0885 d=(-0.00758,-0.12912) av=(0,-0.302482,0)
reseed=0 in=(0,255,255,0) steer=-1.000 gnd=4.0 sp=2843.84 horiz=2839.82 velH=-1.5460 bodyH=-1.4568 slip=-0.0892 d=(-0.00221,-0.13048) av=(0,-0.304645,0)
reseed=0 in=(0,255,255,0) steer=-1.000 gnd=4.0 sp=2867.40 horiz=2863.30 velH=-1.5043 bodyH=-1.4143 slip=-0.0900 d=(0.00326,-0.13158) av=(0,-0.306789,0)
reseed=0 in=(0,255,255,0) steer=-1.000 gnd=4.0 sp=2890.31 horiz=2886.13 velH=-1.4626 bodyH=-1.3718 slip=-0.0908 d=(0.00882,-0.13241) av=(0,-0.308913,0)
reseed=0 in=(0,255,255,0) steer=-1.000 gnd=4.0 sp=2912.58 horiz=2908.32 velH=-1.4208 bodyH=-1.3293 slip=-0.0915 d=(0.01445,-0.13298) av=(0,-0.311015,0)
reseed=0 in=(0,255,255,0) steer=-1.000 gnd=4.0 sp=2934.21 horiz=2929.88 velH=-1.3791 bodyH=-1.2868 slip=-0.0923 d=(0.02014,-0.13328) av=(0,-0.313096,0)
reseed=0 in=(0,255,255,0) steer=-1.000 gnd=4.0 sp=2955.22 horiz=2950.81 velH=-1.3373 bodyH=-1.2444 slip=-0.0930 d=(0.02587,-0.13330) av=(0,-0.315154,0)
reseed=0 in=(0,255,255,0) steer=-1.000 gnd=4.0 sp=2975.63 horiz=2971.15 velH=-1.2956 bodyH=-1.2019 slip=-0.0937 d=(0.03164,-0.13305) av=(0,-0.317189,0)
reseed=0 in=(0,255,255,0) steer=-1.000 gnd=4.0 sp=2995.43 horiz=2990.88 velH=-1.2538 bodyH=-1.1594 slip=-0.0944 d=(0.03742,-0.13252) av=(0,-0.3192,0)
reseed=0 in=(0,255,255,0) steer=-1.000 gnd=4.0 sp=3014.65 horiz=3010.03 velH=-1.2120 bodyH=-1.1169 slip=-0.0951 d=(0.04321,-0.13171) av=(0,-0.321187,0)
reseed=0 in=(0,255,255,0) steer=-1.000 gnd=4.0 sp=3033.30 horiz=3028.60 velH=-1.1702 bodyH=-1.0744 slip=-0.0958 d=(0.04899,-0.13062) av=(0,-0.323148,0)
reseed=0 in=(0,255,255,0) steer=-1.000 gnd=4.0 sp=3051.38 horiz=3046.61 velH=-1.1284 bodyH=-1.0319 slip=-0.0964 d=(0.05474,-0.12925) av=(0,-0.325084,0)
reseed=0 in=(0,255,255,0) steer=-1.000 gnd=4.0 sp=3068.91 horiz=3064.07 velH=-1.0865 bodyH=-0.9895 slip=-0.0971 d=(0.06045,-0.12760) av=(0,-0.326994,0)
reseed=0 in=(0,255,255,0) steer=-1.000 gnd=4.0 sp=3085.90 horiz=3081.00 velH=-1.0447 bodyH=-0.9470 slip=-0.0977 d=(0.06611,-0.12568) av=(0,-0.328877,0)
reseed=0 in=(0,255,255,0) steer=-1.000 gnd=4.0 sp=3102.36 horiz=3097.39 velH=-1.0029 bodyH=-0.9045 slip=-0.0984 d=(0.07170,-0.12348) av=(0,-0.330732,0)
reseed=0 in=(0,255,255,0) steer=-1.000 gnd=4.0 sp=3118.30 horiz=3113.27 velH=-0.9610 bodyH=-0.8620 slip=-0.0990 d=(0.07722,-0.12102) av=(0,-0.33256,0)
reseed=0 in=(0,255,255,0) steer=-1.000 gnd=4.0 sp=3133.74 horiz=3128.64 velH=-0.9191 bodyH=-0.8195 slip=-0.0996 d=(0.08263,-0.11828) av=(0,-0.33436,0)
reseed=0 in=(0,255,255,0) steer=-1.000 gnd=4.0 sp=3148.69 horiz=3143.53 velH=-0.8772 bodyH=-0.7771 slip=-0.1002 d=(0.08795,-0.11529) av=(0,-0.336131,0)
reseed=0 in=(0,255,255,0) steer=-1.000 gnd=4.0 sp=3163.15 horiz=3157.93 velH=-0.8353 bodyH=-0.7346 slip=-0.1008 d=(0.09314,-0.11203) av=(0,-0.337874,0)
reseed=0 in=(0,255,255,0) steer=-1.000 gnd=4.0 sp=3177.15 horiz=3171.86 velH=-0.7934 bodyH=-0.6921 slip=-0.1014 d=(0.09819,-0.10853) av=(0,-0.339587,0)
reseed=0 in=(0,255,255,0) steer=-1.000 gnd=4.0 sp=3190.68 horiz=3185.34 velH=-0.7515 bodyH=-0.6496 slip=-0.1019 d=(0.10311,-0.10478) av=(0,-0.34127,0)
reseed=0 in=(0,255,255,0) steer=-1.000 gnd=4.0 sp=3203.77 horiz=3198.37 velH=-0.7096 bodyH=-0.6071 slip=-0.1025 d=(0.10786,-0.10079) av=(0,-0.342924,0)
reseed=0 in=(0,255,255,0) steer=-1.000 gnd=4.0 sp=3216.42 horiz=3210.96 velH=-0.6677 bodyH=-0.5646 slip=-0.1030 d=(0.11245,-0.09658) av=(0,-0.344548,0)
reseed=0 in=(0,255,255,0) steer=-1.000 gnd=4.0 sp=3228.65 horiz=3223.14 velH=-0.6257 bodyH=-0.5222 slip=-0.1036 d=(0.11686,-0.09214) av=(0,-0.346141,0)
reseed=0 in=(0,255,255,0) steer=-1.000 gnd=4.0 sp=3240.47 horiz=3234.90 velH=-0.5837 bodyH=-0.4797 slip=-0.1041 d=(0.12108,-0.08749) av=(0,-0.347705,0)
reseed=0 in=(0,255,255,0) steer=-1.000 gnd=4.0 sp=3251.88 horiz=3246.25 velH=-0.5418 bodyH=-0.4372 slip=-0.1046 d=(0.12510,-0.08263) av=(0,-0.349237,0)
reseed=0 in=(0,255,255,0) steer=-1.000 gnd=4.0 sp=3262.90 horiz=3257.22 velH=-0.4998 bodyH=-0.3947 slip=-0.1051 d=(0.12891,-0.07758) av=(0,-0.350739,0)
reseed=0 in=(0,255,255,0) steer=-1.000 gnd=4.0 sp=3273.54 horiz=3267.81 velH=-0.4578 bodyH=-0.3522 slip=-0.1056 d=(0.13250,-0.07235) av=(0,-0.35221,0)
reseed=0 in=(0,255,255,0) steer=-1.000 gnd=4.0 sp=3283.81 horiz=3278.03 velH=-0.4158 bodyH=-0.3097 slip=-0.1060 d=(0.13586,-0.06694) av=(0,-0.353651,0)
reseed=0 in=(0,255,255,0) steer=-1.000 gnd=4.0 sp=3293.71 horiz=3287.89 velH=-0.3738 bodyH=-0.2673 slip=-0.1065 d=(0.13898,-0.06136) av=(0,-0.355061,0)
reseed=0 in=(0,255,255,0) steer=-1.000 gnd=4.0 sp=3303.27 horiz=3297.40 velH=-0.3317 bodyH=-0.2248 slip=-0.1070 d=(0.14186,-0.05564) av=(0,-0.35644,0)
reseed=0 in=(0,255,255,0) steer=-1.000 gnd=4.0 sp=3312.49 horiz=3306.57 velH=-0.2897 bodyH=-0.1823 slip=-0.1074 d=(0.14449,-0.04977) av=(0,-0.357789,0)
reseed=0 in=(0,255,255,0) steer=-1.000 gnd=4.0 sp=3321.38 horiz=3315.42 velH=-0.2477 bodyH=-0.1398 slip=-0.1078 d=(0.14686,-0.04378) av=(0,-0.359106,0)
reseed=0 in=(0,255,255,0) steer=-1.000 gnd=4.0 sp=3329.95 horiz=3323.94 velH=-0.2056 bodyH=-0.0973 slip=-0.1083 d=(0.14897,-0.03767) av=(0,-0.360394,0)
reseed=0 in=(0,255,255,0) steer=-1.000 gnd=4.0 sp=3338.21 horiz=3332.16 velH=-0.1635 bodyH=-0.0548 slip=-0.1087 d=(0.15081,-0.03145) av=(0,-0.361651,0)
reseed=0 in=(0,255,255,0) steer=-1.000 gnd=4.0 sp=3346.17 horiz=3340.08 velH=-0.1214 bodyH=-0.0124 slip=-0.1091 d=(0.15237,-0.02514) av=(0,-0.362878,0)
reseed=0 in=(0,255,255,0) steer=-1.000 gnd=4.0 sp=3353.84 horiz=3347.70 velH=-0.0794 bodyH=0.0301 slip=-0.1095 d=(0.15366,-0.01875) av=(0,-0.364075,0)
reseed=0 in=(0,255,255,0) steer=-1.000 gnd=4.0 sp=3361.23 horiz=3355.05 velH=-0.0373 bodyH=0.0726 slip=-0.1099 d=(0.15467,-0.01230) av=(0,-0.365243,0)
reseed=0 in=(0,255,255,0) steer=-1.000 gnd=4.0 sp=3368.34 horiz=3362.12 velH=0.0049 bodyH=0.1151 slip=-0.1102 d=(0.15539,-0.00579) av=(0,-0.36638,0)
reseed=0 in=(0,255,255,0) steer=-1.000 gnd=4.0 sp=3375.18 horiz=3368.93 velH=0.0470 bodyH=0.1576 slip=-0.1106 d=(0.15582,0.00076) av=(0,-0.367489,0)
reseed=0 in=(0,255,255,0) steer=-1.000 gnd=4.0 sp=3381.77 horiz=3375.48 velH=0.0891 bodyH=0.2001 slip=-0.1109 d=(0.15597,0.00733) av=(0,-0.368569,0)
reseed=0 in=(0,255,255,0) steer=-1.000 gnd=4.0 sp=3388.11 horiz=3381.79 velH=0.1312 bodyH=0.2425 slip=-0.1113 d=(0.15582,0.01392) av=(0,-0.36962,0)
reseed=1 in=(0,255,255,0) steer=-1.000 gnd=4.0 sp=1745.86 horiz=1745.69 velH=1.7679 bodyH=1.7878 slip=-0.0199 d=(-0.01363,0.07732) av=(0,-0.346716,0)
reseed=0 in=(0,255,255,0) steer=-1.000 gnd=4.0 sp=1796.13 horiz=1795.66 velH=1.7968 bodyH=1.8303 slip=-0.0335 d=(-0.01584,0.07934) av=(0,-0.303032,0)
reseed=0 in=(0,255,255,0) steer=-1.000 gnd=4.0 sp=1844.78 horiz=1844.01 velH=1.8298 bodyH=1.8728 slip=-0.0430 d=(-0.01865,0.08111) av=(0,-0.277607,0)
reseed=0 in=(0,255,255,0) steer=-1.000 gnd=4.0 sp=1891.95 horiz=1890.91 velH=1.8655 bodyH=1.9152 slip=-0.0498 d=(-0.02189,0.08261) av=(0,-0.263203,0)
reseed=0 in=(0,255,255,0) steer=-1.000 gnd=4.0 sp=1937.79 horiz=1936.52 velH=1.9029 bodyH=1.9577 slip=-0.0548 d=(-0.02545,0.08386) av=(0,-0.255501,0)
reseed=0 in=(0,255,255,0) steer=-1.000 gnd=4.0 sp=1982.46 horiz=1980.98 velH=1.9415 bodyH=2.0002 slip=-0.0587 d=(-0.02926,0.08485) av=(0,-0.251886,0)
reseed=0 in=(0,255,255,0) steer=-1.000 gnd=4.0 sp=2026.04 horiz=2024.39 velH=1.9810 bodyH=2.0427 slip=-0.0617 d=(-0.03326,0.08557) av=(0,-0.250758,0)
reseed=0 in=(0,255,255,0) steer=-1.000 gnd=4.0 sp=2068.62 horiz=2066.83 velH=2.0211 bodyH=2.0852 slip=-0.0641 d=(-0.03742,0.08604) av=(0,-0.251137,0)
reseed=0 in=(0,255,255,0) steer=-1.000 gnd=4.0 sp=2110.27 horiz=2108.34 velH=2.0616 bodyH=2.1277 slip=-0.0661 d=(-0.04169,0.08624) av=(0,-0.25242,0)
reseed=0 in=(0,255,255,0) steer=-1.000 gnd=4.0 sp=2151.02 horiz=2148.96 velH=2.1023 bodyH=2.1701 slip=-0.0678 d=(-0.04605,0.08618) av=(0,-0.254236,0)
reseed=0 in=(0,255,255,0) steer=-1.000 gnd=4.0 sp=2190.91 horiz=2188.74 velH=2.1433 bodyH=2.2126 slip=-0.0694 d=(-0.05048,0.08586) av=(0,-0.256359,0)
reseed=0 in=(0,255,255,0) steer=-1.000 gnd=4.0 sp=2229.95 horiz=2227.68 velH=2.1844 bodyH=2.2551 slip=-0.0707 d=(-0.05495,0.08527) av=(0,-0.258654,0)
reseed=0 in=(0,255,255,0) steer=-1.000 gnd=4.0 sp=2268.18 horiz=2265.80 velH=2.2256 bodyH=2.2976 slip=-0.0720 d=(-0.05945,0.08441) av=(0,-0.261038,0)
reseed=0 in=(0,255,255,0) steer=-1.000 gnd=4.0 sp=2305.59 horiz=2303.11 velH=2.2669 bodyH=2.3401 slip=-0.0732 d=(-0.06395,0.08329) av=(0,-0.263464,0)
reseed=0 in=(0,255,255,0) steer=-1.000 gnd=4.0 sp=2342.20 horiz=2339.62 velH=2.3083 bodyH=2.3826 slip=-0.0743 d=(-0.06845,0.08191) av=(0,-0.265902,0)
reseed=0 in=(0,255,255,0) steer=-1.000 gnd=4.0 sp=2378.02 horiz=2375.35 velH=2.3497 bodyH=2.4250 slip=-0.0753 d=(-0.07291,0.08026) av=(0,-0.268337,0)
reseed=0 in=(0,255,255,0) steer=-1.000 gnd=4.0 sp=2413.05 horiz=2410.29 velH=2.3912 bodyH=2.4675 slip=-0.0764 d=(-0.07734,0.07835) av=(0,-0.270762,0)
reseed=0 in=(0,255,255,0) steer=-1.000 gnd=4.0 sp=2447.30 horiz=2444.45 velH=2.4327 bodyH=2.5100 slip=-0.0773 d=(-0.08170,0.07618) av=(0,-0.273171,0)
reseed=0 in=(0,255,255,0) steer=-1.000 gnd=4.0 sp=2480.78 horiz=2477.84 velH=2.4742 bodyH=2.5525 slip=-0.0783 d=(-0.08599,0.07376) av=(0,-0.275563,0)
reseed=0 in=(0,255,255,0) steer=-1.000 gnd=4.0 sp=2513.50 horiz=2510.46 velH=2.5157 bodyH=2.5950 slip=-0.0793 d=(-0.09020,0.07108) av=(0,-0.277938,0)
reseed=0 in=(0,255,255,0) steer=-1.000 gnd=4.0 sp=2545.45 horiz=2542.33 velH=2.5573 bodyH=2.6375 slip=-0.0802 d=(-0.09430,0.06816) av=(0,-0.280295,0)
reseed=0 in=(0,255,255,0) steer=-1.000 gnd=4.0 sp=2576.65 horiz=2573.44 velH=2.5989 bodyH=2.6799 slip=-0.0811 d=(-0.09828,0.06500) av=(0,-0.282635,0)
reseed=0 in=(0,255,255,0) steer=-1.000 gnd=4.0 sp=2607.10 horiz=2603.80 velH=2.6404 bodyH=2.7224 slip=-0.0820 d=(-0.10213,0.06160) av=(0,-0.284958,0)
reseed=0 in=(0,255,255,0) steer=-1.000 gnd=4.0 sp=2636.81 horiz=2633.43 velH=2.6821 bodyH=2.7649 slip=-0.0829 d=(-0.10584,0.05798) av=(0,-0.287264,0)
reseed=0 in=(0,255,255,0) steer=-1.000 gnd=4.0 sp=2665.79 horiz=2662.32 velH=2.7237 bodyH=2.8074 slip=-0.0837 d=(-0.10939,0.05413) av=(0,-0.289554,0)
reseed=0 in=(0,255,255,0) steer=-1.000 gnd=4.0 sp=2694.04 horiz=2690.49 velH=2.7653 bodyH=2.8499 slip=-0.0846 d=(-0.11277,0.05008) av=(0,-0.291826,0)
reseed=0 in=(0,255,255,0) steer=-1.000 gnd=4.0 sp=2721.58 horiz=2717.94 velH=2.8070 bodyH=2.8924 slip=-0.0854 d=(-0.11597,0.04582) av=(0,-0.294081,0)
reseed=0 in=(0,255,255,0) steer=-1.000 gnd=4.0 sp=2748.41 horiz=2744.69 velH=2.8486 bodyH=2.9348 slip=-0.0862 d=(-0.11898,0.04137) av=(0,-0.296318,0)
reseed=0 in=(0,255,255,0) steer=-1.000 gnd=4.0 sp=2774.53 horiz=2770.73 velH=2.8903 bodyH=2.9773 slip=-0.0870 d=(-0.12179,0.03674) av=(0,-0.298538,0)
reseed=0 in=(0,255,255,0) steer=-1.000 gnd=4.0 sp=2799.97 horiz=2796.09 velH=2.9320 bodyH=3.0198 slip=-0.0878 d=(-0.12438,0.03193) av=(0,-0.300739,0)
reseed=0 in=(0,255,255,0) steer=-1.000 gnd=4.0 sp=2824.72 horiz=2820.76 velH=2.9737 bodyH=3.0623 slip=-0.0886 d=(-0.12675,0.02697) av=(0,-0.30292,0)
reseed=0 in=(0,255,255,0) steer=-1.000 gnd=4.0 sp=2848.81 horiz=2844.77 velH=3.0154 bodyH=3.1048 slip=-0.0894 d=(-0.12889,0.02185) av=(0,-0.305083,0)
reseed=0 in=(0,255,255,0) steer=-1.000 gnd=4.0 sp=2872.23 horiz=2868.11 velH=3.0571 bodyH=-3.1359 slip=-0.0902 d=(-0.13080,0.01660) av=(0,-0.307225,0)
reseed=0 in=(0,255,255,0) steer=-1.000 gnd=4.0 sp=2895.00 horiz=2890.81 velH=3.0988 bodyH=-3.0934 slip=-0.0909 d=(-0.13245,0.01122) av=(0,-0.309345,0)
reseed=0 in=(0,255,255,0) steer=-1.000 gnd=4.0 sp=2917.14 horiz=2912.86 velH=3.1406 bodyH=-3.0510 slip=-0.0917 d=(-0.13386,0.00573) av=(0,-0.311445,0)
reseed=0 in=(0,255,255,0) steer=-1.000 gnd=4.0 sp=2938.64 horiz=2934.29 velH=-3.1009 bodyH=-3.0085 slip=-0.0924 d=(-0.13500,0.00014) av=(0,-0.313522,0)
reseed=0 in=(0,255,255,0) steer=-1.000 gnd=4.0 sp=2959.53 horiz=2955.10 velH=-3.0591 bodyH=-2.9660 slip=-0.0931 d=(-0.13588,-0.00553) av=(0,-0.315576,0)
reseed=0 in=(0,255,255,0) steer=-1.000 gnd=4.0 sp=2979.81 horiz=2975.31 velH=-3.0173 bodyH=-2.9235 slip=-0.0938 d=(-0.13649,-0.01128) av=(0,-0.317607,0)
reseed=0 in=(0,255,255,0) steer=-1.000 gnd=4.0 sp=2999.49 horiz=2994.92 velH=-2.9756 bodyH=-2.8810 slip=-0.0945 d=(-0.13683,-0.01709) av=(0,-0.319614,0)
reseed=0 in=(0,255,255,0) steer=-1.000 gnd=4.0 sp=3018.59 horiz=3013.95 velH=-2.9338 bodyH=-2.8386 slip=-0.0952 d=(-0.13690,-0.02294) av=(0,-0.321596,0)
reseed=0 in=(0,255,255,0) steer=-1.000 gnd=4.0 sp=3037.11 horiz=3032.40 velH=-2.8920 bodyH=-2.7961 slip=-0.0959 d=(-0.13668,-0.02882) av=(0,-0.323553,0)
reseed=0 in=(0,255,255,0) steer=-1.000 gnd=4.0 sp=3055.08 horiz=3050.30 velH=-2.8501 bodyH=-2.7536 slip=-0.0966 d=(-0.13618,-0.03472) av=(0,-0.325483,0)
reseed=0 in=(0,255,255,0) steer=-1.000 gnd=4.0 sp=3072.50 horiz=3067.65 velH=-2.8083 bodyH=-2.7111 slip=-0.0972 d=(-0.13541,-0.04062) av=(0,-0.327388,0)
reseed=0 in=(0,255,255,0) steer=-1.000 gnd=4.0 sp=3089.38 horiz=3084.46 velH=-2.7665 bodyH=-2.6686 slip=-0.0979 d=(-0.13435,-0.04651) av=(0,-0.329265,0)
reseed=0 in=(0,255,255,0) steer=-1.000 gnd=4.0 sp=3105.73 horiz=3100.74 velH=-2.7246 bodyH=-2.6261 slip=-0.0985 d=(-0.13301,-0.05238) av=(0,-0.331115,0)
reseed=0 in=(0,255,255,0) steer=-1.000 gnd=4.0 sp=3121.57 horiz=3116.52 velH=-2.6828 bodyH=-2.5837 slip=-0.0991 d=(-0.13140,-0.05820) av=(0,-0.332937,0)
reseed=0 in=(0,255,255,0) steer=-1.000 gnd=4.0 sp=3136.90 horiz=3131.79 velH=-2.6409 bodyH=-2.5412 slip=-0.0997 d=(-0.12950,-0.06397) av=(0,-0.334731,0)
reseed=0 in=(0,255,255,0) steer=-1.000 gnd=4.0 sp=3151.75 horiz=3146.57 velH=-2.5990 bodyH=-2.4987 slip=-0.1003 d=(-0.12733,-0.06968) av=(0,-0.336497,0)
reseed=0 in=(0,255,255,0) steer=-1.000 gnd=4.0 sp=3166.11 horiz=3160.87 velH=-2.5571 bodyH=-2.4562 slip=-0.1009 d=(-0.12489,-0.07530) av=(0,-0.338233,0)
reseed=0 in=(0,255,255,0) steer=-1.000 gnd=4.0 sp=3180.01 horiz=3174.71 velH=-2.5152 bodyH=-2.4137 slip=-0.1015 d=(-0.12218,-0.08083) av=(0,-0.33994,0)
reseed=0 in=(0,255,255,0) steer=-1.000 gnd=4.0 sp=3193.45 horiz=3188.09 velH=-2.4733 bodyH=-2.3712 slip=-0.1020 d=(-0.11920,-0.08626) av=(0,-0.341617,0)
reseed=0 in=(0,255,255,0) steer=-1.000 gnd=4.0 sp=3206.45 horiz=3201.03 velH=-2.4313 bodyH=-2.3288 slip=-0.1026 d=(-0.11597,-0.09156) av=(0,-0.343265,0)
reseed=0 in=(0,255,255,0) steer=-1.000 gnd=4.0 sp=3219.01 horiz=3213.54 velH=-2.3894 bodyH=-2.2863 slip=-0.1031 d=(-0.11248,-0.09673) av=(0,-0.344882,0)
reseed=0 in=(0,255,255,0) steer=-1.000 gnd=4.0 sp=3231.15 horiz=3225.62 velH=-2.3475 bodyH=-2.2438 slip=-0.1037 d=(-0.10875,-0.10176) av=(0,-0.346469,0)
reseed=0 in=(0,255,255,0) steer=-1.000 gnd=4.0 sp=3242.88 horiz=3237.30 velH=-2.3055 bodyH=-2.2013 slip=-0.1042 d=(-0.10478,-0.10663) av=(0,-0.348026,0)
reseed=0 in=(0,255,255,0) steer=-1.000 gnd=4.0 sp=3254.21 horiz=3248.57 velH=-2.2635 bodyH=-2.1588 slip=-0.1047 d=(-0.10058,-0.11133) av=(0,-0.349553,0)
reseed=0 in=(0,255,255,0) steer=-1.000 gnd=4.0 sp=3265.15 horiz=3259.46 velH=-2.2215 bodyH=-2.1163 slip=-0.1052 d=(-0.09615,-0.11586) av=(0,-0.351048,0)
reseed=0 in=(0,255,255,0) steer=-1.000 gnd=4.0 sp=3275.71 horiz=3269.97 velH=-2.1795 bodyH=-2.0739 slip=-0.1057 d=(-0.09151,-0.12019) av=(0,-0.352513,0)
reseed=0 in=(0,255,255,0) steer=-1.000 gnd=4.0 sp=3285.90 horiz=3280.11 velH=-2.1375 bodyH=-2.0314 slip=-0.1061 d=(-0.08666,-0.12433) av=(0,-0.353947,0)
reseed=0 in=(0,255,255,0) steer=-1.000 gnd=4.0 sp=3295.74 horiz=3289.90 velH=-2.0955 bodyH=-1.9889 slip=-0.1066 d=(-0.08162,-0.12826) av=(0,-0.355351,0)
reseed=0 in=(0,255,255,0) steer=-1.000 gnd=4.0 sp=3305.22 horiz=3299.34 velH=-2.0535 bodyH=-1.9464 slip=-0.1071 d=(-0.07638,-0.13196) av=(0,-0.356724,0)
reseed=0 in=(0,255,255,0) steer=-1.000 gnd=4.0 sp=3314.37 horiz=3308.44 velH=-2.0114 bodyH=-1.9039 slip=-0.1075 d=(-0.07097,-0.13544) av=(0,-0.358066,0)
reseed=0 in=(0,255,255,0) steer=-1.000 gnd=4.0 sp=3323.20 horiz=3317.22 velH=-1.9694 bodyH=-1.8614 slip=-0.1079 d=(-0.06540,-0.13869) av=(0,-0.359377,0)
reseed=0 in=(0,255,255,0) steer=-1.000 gnd=4.0 sp=3331.70 horiz=3325.68 velH=-1.9273 bodyH=-1.8190 slip=-0.1084 d=(-0.05967,-0.14169) av=(0,-0.360659,0)
reseed=0 in=(0,255,255,0) steer=-1.000 gnd=4.0 sp=3339.90 horiz=3333.84 velH=-1.8852 bodyH=-1.7765 slip=-0.1088 d=(-0.05380,-0.14444) av=(0,-0.361909,0)
reseed=0 in=(0,255,255,0) steer=-1.000 gnd=4.0 sp=3347.80 horiz=3341.69 velH=-1.8432 bodyH=-1.7340 slip=-0.1092 d=(-0.04779,-0.14694) av=(0,-0.36313,0)
reseed=0 in=(0,255,255,0) steer=-1.000 gnd=4.0 sp=3355.40 horiz=3349.26 velH=-1.8011 bodyH=-1.6915 slip=-0.1096 d=(-0.04166,-0.14917) av=(0,-0.364321,0)
reseed=0 in=(0,255,255,0) steer=-1.000 gnd=4.0 sp=3362.73 horiz=3356.55 velH=-1.7590 bodyH=-1.6490 slip=-0.1099 d=(-0.03543,-0.15113) av=(0,-0.365482,0)
reseed=0 in=(0,255,255,0) steer=-1.000 gnd=4.0 sp=3369.79 horiz=3363.56 velH=-1.7169 bodyH=-1.6065 slip=-0.1103 d=(-0.02910,-0.15282) av=(0,-0.366614,0)
reseed=0 in=(0,255,255,0) steer=-1.000 gnd=4.0 sp=3376.58 horiz=3370.32 velH=-1.6747 bodyH=-1.5641 slip=-0.1107 d=(-0.02269,-0.15423) av=(0,-0.367717,0)
reseed=0 in=(0,255,255,0) steer=-1.000 gnd=4.0 sp=3383.12 horiz=3376.82 velH=-1.6326 bodyH=-1.5216 slip=-0.1110 d=(-0.01621,-0.15536) av=(0,-0.36879,0)
reseed=0 in=(0,255,255,0) steer=-1.000 gnd=4.0 sp=3389.41 horiz=3383.07 velH=-1.5905 bodyH=-1.4791 slip=-0.1114 d=(-0.00967,-0.15620) av=(0,-0.369835,0)
reseed=0 in=(0,255,255,0) steer=-1.000 gnd=4.0 sp=3395.46 horiz=3389.09 velH=-1.5483 bodyH=-1.4366 slip=-0.1117 d=(-0.00308,-0.15676) av=(0,-0.370852,0)
reseed=0 in=(0,255,255,0) steer=-1.000 gnd=4.0 sp=3401.28 horiz=3394.88 velH=-1.5061 bodyH=-1.3941 slip=-0.1120 d=(0.00353,-0.15703) av=(0,-0.371841,0)
reseed=0 in=(0,255,255,0) steer=-1.000 gnd=4.0 sp=3406.88 horiz=3400.45 velH=-1.4640 bodyH=-1.3516 slip=-0.1123 d=(0.01017,-0.15701) av=(0,-0.372803,0)
reseed=0 in=(0,255,255,0) steer=-1.000 gnd=4.0 sp=3412.26 horiz=3405.80 velH=-1.4218 bodyH=-1.3092 slip=-0.1126 d=(0.01680,-0.15670) av=(0,-0.373737,0)
reseed=0 in=(0,255,255,0) steer=-1.000 gnd=4.0 sp=3417.44 horiz=3410.94 velH=-1.3796 bodyH=-1.2667 slip=-0.1129 d=(0.02343,-0.15610) av=(0,-0.374644,0)
reseed=0 in=(0,255,255,0) steer=-1.000 gnd=4.0 sp=3422.41 horiz=3415.89 velH=-1.3374 bodyH=-1.2242 slip=-0.1132 d=(0.03004,-0.15520) av=(0,-0.375526,0)
reseed=0 in=(0,255,255,0) steer=-1.000 gnd=4.0 sp=3427.19 horiz=3420.64 velH=-1.2952 bodyH=-1.1817 slip=-0.1135 d=(0.03661,-0.15402) av=(0,-0.376381,0)
reseed=0 in=(0,255,255,0) steer=-1.000 gnd=4.0 sp=3431.78 horiz=3425.20 velH=-1.2530 bodyH=-1.1392 slip=-0.1138 d=(0.04314,-0.15255) av=(0,-0.377211,0)
reseed=0 in=(0,255,255,0) steer=-1.000 gnd=4.0 sp=3436.20 horiz=3429.59 velH=-1.2108 bodyH=-1.0968 slip=-0.1140 d=(0.04961,-0.15080) av=(0,-0.378015,0)
reseed=0 in=(0,255,255,0) steer=-1.000 gnd=4.0 sp=3440.43 horiz=3433.80 velH=-1.1685 bodyH=-1.0543 slip=-0.1143 d=(0.05600,-0.14876) av=(0,-0.378796,0)
reseed=0 in=(0,255,255,0) steer=-1.000 gnd=4.0 sp=3444.50 horiz=3437.84 velH=-1.1263 bodyH=-1.0118 slip=-0.1145 d=(0.06231,-0.14644) av=(0,-0.379552,0)
reseed=0 in=(0,255,255,0) steer=-1.000 gnd=4.0 sp=3448.41 horiz=3441.72 velH=-1.0840 bodyH=-0.9693 slip=-0.1147 d=(0.06851,-0.14385) av=(0,-0.380284,0)
reseed=0 in=(0,255,255,0) steer=-1.000 gnd=4.0 sp=3452.16 horiz=3445.45 velH=-1.0418 bodyH=-0.9268 slip=-0.1150 d=(0.07461,-0.14099) av=(0,-0.380993,0)
reseed=0 in=(0,255,255,0) steer=-1.000 gnd=4.0 sp=3455.76 horiz=3449.03 velH=-0.9995 bodyH=-0.8843 slip=-0.1152 d=(0.08059,-0.13786) av=(0,-0.38168,0)
reseed=0 in=(0,255,255,0) steer=-1.000 gnd=4.0 sp=3459.21 horiz=3452.46 velH=-0.9573 bodyH=-0.8419 slip=-0.1154 d=(0.08643,-0.13447) av=(0,-0.382344,0)
reseed=0 in=(0,255,255,0) steer=-1.000 gnd=4.0 sp=3462.53 horiz=3455.75 velH=-0.9150 bodyH=-0.7994 slip=-0.1156 d=(0.09213,-0.13083) av=(0,-0.382987,0)
reseed=0 in=(0,255,255,0) steer=-1.000 gnd=4.0 sp=3465.71 horiz=3458.91 velH=-0.8727 bodyH=-0.7569 slip=-0.1158 d=(0.09767,-0.12694) av=(0,-0.383608,0)
reseed=0 in=(0,255,255,0) steer=-1.000 gnd=4.0 sp=3468.76 horiz=3461.94 velH=-0.8304 bodyH=-0.7144 slip=-0.1160 d=(0.10304,-0.12281) av=(0,-0.384209,0)
reseed=0 in=(0,255,255,0) steer=-1.000 gnd=4.0 sp=3471.68 horiz=3464.85 velH=-0.7881 bodyH=-0.6719 slip=-0.1162 d=(0.10823,-0.11844) av=(0,-0.38479,0)
reseed=0 in=(0,255,255,0) steer=-1.000 gnd=4.0 sp=3474.49 horiz=3467.64 velH=-0.7458 bodyH=-0.6294 slip=-0.1164 d=(0.11324,-0.11386) av=(0,-0.385351,0)
reseed=0 in=(0,255,255,0) steer=-1.000 gnd=4.0 sp=3477.18 horiz=3470.31 velH=-0.7035 bodyH=-0.5870 slip=-0.1165 d=(0.11805,-0.10905) av=(0,-0.385892,0)
reseed=0 in=(0,255,255,0) steer=-1.000 gnd=4.0 sp=3479.76 horiz=3472.87 velH=-0.6612 bodyH=-0.5445 slip=-0.1167 d=(0.12265,-0.10404) av=(0,-0.386415,0)
reseed=0 in=(0,255,255,0) steer=-1.000 gnd=4.0 sp=3482.23 horiz=3475.33 velH=-0.6189 bodyH=-0.5020 slip=-0.1169 d=(0.12704,-0.09884) av=(0,-0.38692,0)
reseed=0 in=(0,255,255,0) steer=-1.000 gnd=4.0 sp=3484.60 horiz=3477.68 velH=-0.5765 bodyH=-0.4595 slip=-0.1170 d=(0.13120,-0.09344) av=(0,-0.387406,0)
reseed=0 in=(0,255,255,0) steer=-1.000 gnd=4.0 sp=3486.87 horiz=3479.93 velH=-0.5342 bodyH=-0.4170 slip=-0.1172 d=(0.13512,-0.08786) av=(0,-0.387876,0)
reseed=0 in=(0,255,255,0) steer=-1.000 gnd=4.0 sp=3489.05 horiz=3482.09 velH=-0.4919 bodyH=-0.3745 slip=-0.1173 d=(0.13881,-0.08212) av=(0,-0.388329,0)
reseed=0 in=(0,255,255,0) steer=-1.000 gnd=4.0 sp=3491.13 horiz=3484.16 velH=-0.4495 bodyH=-0.3321 slip=-0.1175 d=(0.14225,-0.07622) av=(0,-0.388765,0)
reseed=0 in=(0,255,255,0) steer=-1.000 gnd=4.0 sp=3493.13 horiz=3486.15 velH=-0.4072 bodyH=-0.2896 slip=-0.1176 d=(0.14544,-0.07017) av=(0,-0.389185,0)
reseed=0 in=(0,255,255,0) steer=-1.000 gnd=4.0 sp=3495.04 horiz=3488.05 velH=-0.3648 bodyH=-0.2471 slip=-0.1177 d=(0.14836,-0.06399) av=(0,-0.389591,0)
reseed=0 in=(0,255,255,0) steer=-1.000 gnd=4.0 sp=3496.87 horiz=3489.86 velH=-0.3225 bodyH=-0.2046 slip=-0.1179 d=(0.15102,-0.05768) av=(0,-0.389981,0)
reseed=0 in=(0,255,255,0) steer=-1.000 gnd=4.0 sp=3498.63 horiz=3491.61 velH=-0.2801 bodyH=-0.1621 slip=-0.1180 d=(0.15341,-0.05126) av=(0,-0.390356,0)
reseed=0 in=(0,255,255,0) steer=-1.000 gnd=4.0 sp=3500.31 horiz=3493.28 velH=-0.2377 bodyH=-0.1196 slip=-0.1181 d=(0.15552,-0.04474) av=(0,-0.390718,0)
reseed=0 in=(0,255,255,0) steer=-1.000 gnd=4.0 sp=3501.91 horiz=3494.87 velH=-0.1954 bodyH=-0.0772 slip=-0.1182 d=(0.15735,-0.03813) av=(0,-0.391066,0)
reseed=0 in=(0,255,255,0) steer=-1.000 gnd=4.0 sp=3503.45 horiz=3496.40 velH=-0.1530 bodyH=-0.0347 slip=-0.1183 d=(0.15889,-0.03144) av=(0,-0.391401,0)
reseed=0 in=(0,255,255,0) steer=-1.000 gnd=4.0 sp=3504.93 horiz=3497.86 velH=-0.1106 bodyH=0.0078 slip=-0.1184 d=(0.16015,-0.02469) av=(0,-0.391723,0)
reseed=0 in=(0,255,255,0) steer=-1.000 gnd=4.0 sp=3506.34 horiz=3499.26 velH=-0.0682 bodyH=0.0503 slip=-0.1185 d=(0.16112,-0.01789) av=(0,-0.392033,0)
reseed=0 in=(0,255,255,0) steer=-1.000 gnd=4.0 sp=3507.69 horiz=3500.61 velH=-0.0258 bodyH=0.0928 slip=-0.1186 d=(0.16180,-0.01106) av=(0,-0.39233,0)
reseed=0 in=(0,255,255,0) steer=-1.000 gnd=4.0 sp=3508.98 horiz=3501.89 velH=0.0166 bodyH=0.1353 slip=-0.1187 d=(0.16219,-0.00419) av=(0,-0.392616,0)
reseed=0 in=(0,255,255,0) steer=-1.000 gnd=4.0 sp=3510.22 horiz=3503.12 velH=0.0590 bodyH=0.1777 slip=-0.1188 d=(0.16228,0.00269) av=(0,-0.392892,0)
reseed=0 in=(0,255,255,0) steer=-1.000 gnd=4.0 sp=3511.40 horiz=3504.29 velH=0.1014 bodyH=0.2202 slip=-0.1189 d=(0.16208,0.00957) av=(0,-0.393156,0)
reseed=0 in=(0,255,255,0) steer=-1.000 gnd=4.0 sp=3512.53 horiz=3505.41 velH=0.1438 bodyH=0.2627 slip=-0.1190 d=(0.16158,0.01643) av=(0,-0.39341,0)
reseed=0 in=(0,255,255,0) steer=-1.000 gnd=4.0 sp=3513.62 horiz=3506.49 velH=0.1862 bodyH=0.3052 slip=-0.1190 d=(0.16079,0.02327) av=(0,-0.393654,0)
reseed=0 in=(0,255,255,0) steer=-1.000 gnd=4.0 sp=3514.65 horiz=3507.52 velH=0.2286 bodyH=0.3477 slip=-0.1191 d=(0.15971,0.03008) av=(0,-0.393888,0)
reseed=0 in=(0,255,255,0) steer=-1.000 gnd=4.0 sp=3515.64 horiz=3508.50 velH=0.2710 bodyH=0.3902 slip=-0.1192 d=(0.15833,0.03683) av=(0,-0.394112,0)
reseed=0 in=(0,255,255,0) steer=-1.000 gnd=4.0 sp=3516.59 horiz=3509.44 velH=0.3134 bodyH=0.4326 slip=-0.1192 d=(0.15667,0.04353) av=(0,-0.394328,0)
reseed=0 in=(0,255,255,0) steer=-1.000 gnd=4.0 sp=3517.50 horiz=3510.34 velH=0.3558 bodyH=0.4751 slip=-0.1193 d=(0.15473,0.05014) av=(0,-0.394535,0)
reseed=0 in=(0,255,255,0) steer=-1.000 gnd=4.0 sp=3518.36 horiz=3511.20 velH=0.3982 bodyH=0.5176 slip=-0.1194 d=(0.15250,0.05667) av=(0,-0.394733,0)
reseed=0 in=(0,255,255,0) steer=-1.000 gnd=4.0 sp=3519.19 horiz=3512.02 velH=0.4407 bodyH=0.5601 slip=-0.1194 d=(0.15000,0.06311) av=(0,-0.394924,0)
reseed=0 in=(0,255,255,0) steer=-1.000 gnd=4.0 sp=3519.99 horiz=3512.81 velH=0.4831 bodyH=0.6026 slip=-0.1195 d=(0.14722,0.06943) av=(0,-0.395107,0)
reseed=0 in=(0,255,255,0) steer=-1.000 gnd=4.0 sp=3520.74 horiz=3513.56 velH=0.5255 bodyH=0.6450 slip=-0.1195 d=(0.14418,0.07562) av=(0,-0.395282,0)
