in=(0,0,255,0) steer=+0.000 gnd=4.0 sp=13.27 horiz=13.27 velH=1.5498 bodyH=1.5498 slip=+0.0000 d=(0.00000,0.00015) av=(0,0,0)
in=(0,0,255,0) steer=+0.000 gnd=4.0 sp=27.07 horiz=27.07 velH=1.5498 bodyH=1.5498 slip=+0.0000 d=(0.00002,0.00077) av=(0,0,0)
in=(0,0,255,0) steer=+0.000 gnd=4.0 sp=41.69 horiz=41.69 velH=1.5498 bodyH=1.5498 slip=+0.0000 d=(0.00003,0.00142) av=(0,0,0)
in=(0,0,255,0) steer=+0.000 gnd=4.0 sp=57.17 horiz=57.17 velH=1.5498 bodyH=1.5498 slip=+0.0000 d=(0.00004,0.00211) av=(0,0,0)
in=(0,0,255,0) steer=+0.000 gnd=4.0 sp=73.57 horiz=73.57 velH=1.5498 bodyH=1.5498 slip=+0.0000 d=(0.00006,0.00284) av=(0,0,0)
in=(0,0,255,0) steer=+0.000 gnd=4.0 sp=90.93 horiz=90.93 velH=1.5498 bodyH=1.5498 slip=+0.0000 d=(0.00008,0.00361) av=(0,0,0)
in=(0,0,255,0) steer=+0.000 gnd=4.0 sp=109.32 horiz=109.32 velH=1.5498 bodyH=1.5498 slip=+0.0000 d=(0.00009,0.00442) av=(0,0,0)
in=(0,0,255,0) steer=+0.000 gnd=4.0 sp=128.78 horiz=128.78 velH=1.5498 bodyH=1.5498 slip=+0.0000 d=(0.00011,0.00529) av=(0,1.21279e-16,0)
in=(0,0,255,0) steer=+0.000 gnd=4.0 sp=149.38 horiz=149.38 velH=1.5498 bodyH=1.5498 slip=+0.0000 d=(0.00013,0.00620) av=(0,1.02843e-16,0)
in=(0,0,255,0) steer=+0.000 gnd=4.0 sp=171.18 horiz=171.18 velH=1.5498 bodyH=1.5498 slip=+0.0000 d=(0.00015,0.00717) av=(0,0,0)
in=(0,0,255,0) steer=+0.000 gnd=4.0 sp=194.24 horiz=194.24 velH=1.5498 bodyH=1.5498 slip=+0.0000 d=(0.00017,0.00820) av=(0,0,0)
in=(0,0,255,0) steer=+0.000 gnd=4.0 sp=218.64 horiz=218.64 velH=1.5498 bodyH=1.5498 slip=+0.0000 d=(0.00020,0.00928) av=(0,0,0)
in=(0,0,255,0) steer=+0.000 gnd=4.0 sp=244.45 horiz=244.45 velH=1.5498 bodyH=1.5498 slip=+0.0000 d=(0.00022,0.01043) av=(0,8.82359e-16,0)
in=(0,0,255,0) steer=+0.000 gnd=4.0 sp=265.07 horiz=265.07 velH=1.5498 bodyH=1.5498 slip=+0.0000 d=(0.00024,0.01164) av=(0,0,0)
in=(0,0,255,0) steer=+0.000 gnd=4.0 sp=280.02 horiz=280.02 velH=1.5498 bodyH=1.5498 slip=+0.0000 d=(0.00026,0.01245) av=(0,0,0)
in=(0,0,255,0) steer=+0.000 gnd=4.0 sp=295.83 horiz=295.83 velH=1.5498 bodyH=1.5498 slip=+0.0000 d=(0.00028,0.01316) av=(0,3.7709e-16,0)
in=(0,0,255,0) steer=+0.000 gnd=4.0 sp=312.53 horiz=312.53 velH=1.5498 bodyH=1.5498 slip=+0.0000 d=(0.00029,0.01390) av=(0,0,0)
in=(0,0,255,0) steer=+0.000 gnd=4.0 sp=330.19 horiz=330.19 velH=1.5498 bodyH=1.5498 slip=+0.0000 d=(0.00031,0.01468) av=(0,0,0)
in=(0,0,255,0) steer=+0.000 gnd=4.0 sp=348.84 horiz=348.84 velH=1.5498 bodyH=1.5498 slip=+0.0000 d=(0.00033,0.01551) av=(0,5.14213e-16,0)
in=(0,0,255,0) steer=+0.000 gnd=4.0 sp=368.55 horiz=368.55 velH=1.5498 bodyH=1.5498 slip=+0.0000 d=(0.00034,0.01639) av=(0,4.74573e-17,0)
in=(0,0,255,0) steer=+0.000 gnd=4.0 sp=389.37 horiz=389.37 velH=1.5498 bodyH=1.5498 slip=+0.0000 d=(0.00036,0.01732) av=(0,6.51337e-16,0)
in=(0,0,255,0) steer=+0.000 gnd=4.0 sp=411.36 horiz=411.36 velH=1.5498 bodyH=1.5498 slip=+0.0000 d=(0.00038,0.01829) av=(0,2.97312e-16,0)
in=(0,0,255,0) steer=+0.000 gnd=4.0 sp=434.58 horiz=434.58 velH=1.5498 bodyH=1.5498 slip=+0.0000 d=(0.00041,0.01933) av=(0,0,0)
in=(0,0,255,0) steer=+0.000 gnd=4.0 sp=459.10 horiz=459.10 velH=1.5498 bodyH=1.5498 slip=+0.0000 d=(0.00043,0.02042) av=(0,1.84814e-14,0)
in=(0,0,255,0) steer=+0.000 gnd=4.0 sp=484.98 horiz=484.98 velH=1.5498 bodyH=1.5498 slip=+0.0000 d=(0.00045,0.02157) av=(0,4.01337e-16,0)
in=(0,0,255,0) steer=+0.000 gnd=4.0 sp=512.29 horiz=512.29 velH=1.5498 bodyH=1.5498 slip=+0.0000 d=(0.00048,0.02278) av=(0,1.09699e-15,0)
in=(0,0,255,0) steer=+0.000 gnd=4.0 sp=541.11 horiz=541.11 velH=1.5498 bodyH=1.5498 slip=+0.0000 d=(0.00051,0.02407) av=(0,1.77113e-14,0)
in=(0,0,255,0) steer=+0.000 gnd=4.0 sp=571.51 horiz=571.51 velH=1.5498 bodyH=1.5498 slip=+0.0000 d=(0.00053,0.02542) av=(0,0,0)
in=(0,0,255,0) steer=+0.000 gnd=4.0 sp=603.57 horiz=603.57 velH=1.5498 bodyH=1.5498 slip=+0.0000 d=(0.00056,0.02685) av=(0,2.61833e-14,0)
in=(0,0,255,0) steer=+0.000 gnd=4.0 sp=637.37 horiz=637.37 velH=1.5498 bodyH=1.5498 slip=+0.0000 d=(0.00060,0.02835) av=(0,1.71404e-15,0)
in=(0,0,255,0) steer=+0.000 gnd=4.0 sp=673.00 horiz=673.00 velH=1.5498 bodyH=1.5498 slip=+0.0000 d=(0.00063,0.02994) av=(0,0,0)
in=(0,0,255,0) steer=+0.000 gnd=4.0 sp=710.54 horiz=710.54 velH=1.5498 bodyH=1.5498 slip=+0.0000 d=(0.00066,0.03161) av=(0,2.12542e-15,0)
in=(0,0,255,0) steer=+0.000 gnd=4.0 sp=750.09 horiz=750.09 velH=1.5498 bodyH=1.5498 slip=+0.0000 d=(0.00070,0.03338) av=(0,6.85618e-17,0)
in=(0,0,255,0) steer=+0.000 gnd=4.0 sp=791.74 horiz=791.74 velH=1.5498 bodyH=1.5498 slip=+0.0000 d=(0.00074,0.03523) av=(0,1.2031e-16,0)
in=(0,0,255,0) steer=+0.000 gnd=4.0 sp=835.58 horiz=835.58 velH=1.5498 bodyH=1.5498 slip=+0.0000 d=(0.00078,0.03719) av=(0,3.31823e-15,0)
in=(0,0,255,0) steer=+0.000 gnd=4.0 sp=881.72 horiz=881.72 velH=1.5498 bodyH=1.5498 slip=+0.0000 d=(0.00082,0.03925) av=(0,1.02843e-16,0)
in=(0,0,255,0) steer=+0.000 gnd=4.0 sp=930.26 horiz=930.26 velH=1.5498 bodyH=1.5498 slip=+0.0000 d=(0.00087,0.04141) av=(0,1.4406e-13,0)
in=(0,0,255,0) steer=+0.000 gnd=4.0 sp=981.30 horiz=981.30 velH=1.5498 bodyH=1.5498 slip=+0.0000 d=(0.00092,0.04369) av=(0,4.04515e-15,0)
in=(0,0,255,0) steer=+0.000 gnd=4.0 sp=1034.95 horiz=1034.95 velH=1.5498 bodyH=1.5498 slip=+0.0000 d=(0.00097,0.04608) av=(0,1.37124e-16,0)
in=(0,0,255,0) steer=+0.000 gnd=4.0 sp=1091.31 horiz=1091.31 velH=1.5498 bodyH=1.5498 slip=+0.0000 d=(0.00102,0.04860) av=(0,0,0)
in=(0,0,255,0) steer=+0.000 gnd=4.0 sp=1150.32 horiz=1150.32 velH=1.5498 bodyH=1.5498 slip=+0.0000 d=(0.00108,0.05124) av=(0,1.22779e-14,0)
in=(0,0,255,0) steer=+0.000 gnd=4.0 sp=1209.69 horiz=1209.69 velH=1.5498 bodyH=1.5498 slip=+0.0000 d=(0.00113,0.05399) av=(0,0,0)
in=(0,0,255,0) steer=+0.000 gnd=4.0 sp=1268.78 horiz=1268.78 velH=1.5498 bodyH=1.5498 slip=+0.0000 d=(0.00119,0.05674) av=(0,0,0)
in=(0,0,255,0) steer=+0.000 gnd=4.0 sp=1327.58 horiz=1327.58 velH=1.5498 bodyH=1.5498 slip=+0.0000 d=(0.00125,0.05947) av=(0,3.56782e-13,0)
in=(0,0,255,0) steer=+0.000 gnd=4.0 sp=1386.06 horiz=1386.06 velH=1.5498 bodyH=1.5498 slip=+0.0000 d=(0.00131,0.06219) av=(0,0,0)
in=(0,0,255,0) steer=+0.000 gnd=4.0 sp=1444.19 horiz=1444.19 velH=1.5498 bodyH=1.5498 slip=+0.0000 d=(0.00136,0.06490) av=(0,6.20484e-15,0)
in=(0,0,255,0) steer=+0.000 gnd=4.0 sp=1501.94 horiz=1501.94 velH=1.5498 bodyH=1.5498 slip=+0.0000 d=(0.00142,0.06759) av=(0,4.57168e-13,0)
in=(0,0,255,0) steer=+0.000 gnd=4.0 sp=1559.30 horiz=1559.30 velH=1.5498 bodyH=1.5498 slip=+0.0000 d=(0.00148,0.07026) av=(0,6.64931e-16,0)
in=(0,0,255,0) steer=+0.000 gnd=4.0 sp=1616.23 horiz=1616.23 velH=1.5498 bodyH=1.5498 slip=+0.0000 d=(0.00153,0.07291) av=(0,5.27642e-13,0)
in=(0,0,255,0) steer=+0.000 gnd=4.0 sp=1672.71 horiz=1672.71 velH=1.5498 bodyH=1.5498 slip=+0.0000 d=(0.00159,0.07555) av=(0,7.16471e-15,0)
in=(0,0,255,0) steer=+0.000 gnd=4.0 sp=1728.73 horiz=1728.73 velH=1.5498 bodyH=1.5498 slip=+0.0000 d=(0.00164,0.07816) av=(0,0,0)
in=(0,0,255,0) steer=+0.000 gnd=4.0 sp=1784.25 horiz=1784.25 velH=1.5498 bodyH=1.5498 slip=+0.0000 d=(0.00170,0.08075) av=(0,0,0)
in=(0,0,255,0) steer=+0.000 gnd=4.0 sp=1839.26 horiz=1839.26 velH=1.5498 bodyH=1.5498 slip=+0.0000 d=(0.00175,0.08331) av=(0,6.84076e-13,0)
in=(0,0,255,0) steer=+0.000 gnd=4.0 sp=1893.73 horiz=1893.73 velH=1.5498 bodyH=1.5498 slip=+0.0000 d=(0.00180,0.08586) av=(0,2.934e-14,0)
in=(0,0,255,0) steer=+0.000 gnd=4.0 sp=1947.65 horiz=1947.65 velH=1.5498 bodyH=1.5498 slip=+0.0000 d=(0.00186,0.08837) av=(0,7.70087e-13,0)
in=(0,0,255,0) steer=+0.000 gnd=4.0 sp=2001.01 horiz=2001.01 velH=1.5498 bodyH=1.5498 slip=+0.0000 d=(0.00191,0.09087) av=(0,8.08607e-13,0)
in=(0,0,255,0) steer=+0.000 gnd=4.0 sp=2053.77 horiz=2053.77 velH=1.5498 bodyH=1.5498 slip=+0.0000 d=(0.00196,0.09333) av=(0,8.54702e-13,0)
in=(0,0,255,0) steer=+0.000 gnd=4.0 sp=2105.93 horiz=2105.93 velH=1.5498 bodyH=1.5498 slip=+0.0000 d=(0.00201,0.09577) av=(0,8.95324e-13,0)
in=(128,0,255,0) steer=+0.500 gnd=4.0 sp=2156.55 horiz=2156.50 velH=1.5380 bodyH=1.5284 slip=+0.0096 d=(0.00227,0.09817) av=(0,0.0412722,0)
in=(128,0,255,0) steer=+0.500 gnd=4.0 sp=2206.17 horiz=2206.05 velH=1.5219 bodyH=1.5071 slip=+0.0148 d=(0.00359,0.10046) av=(0,0.062738,0)
in=(128,0,255,0) steer=+0.500 gnd=4.0 sp=2254.85 horiz=2254.68 velH=1.5034 bodyH=1.4858 slip=+0.0176 d=(0.00538,0.10267) av=(0,0.0745319,0)
in=(128,0,255,0) steer=+0.500 gnd=4.0 sp=2302.68 horiz=2302.47 velH=1.4837 bodyH=1.4644 slip=+0.0193 d=(0.00747,0.10479) av=(0,0.08113,0)
in=(128,0,255,0) steer=+0.500 gnd=4.0 sp=2349.73 horiz=2349.49 velH=1.4633 bodyH=1.4431 slip=+0.0202 d=(0.00974,0.10682) av=(0,0.0848966,0)
in=(128,0,255,0) steer=+0.500 gnd=4.0 sp=2396.02 horiz=2395.77 velH=1.4426 bodyH=1.4218 slip=+0.0209 d=(0.01216,0.10875) av=(0,0.0871101,0)
in=(128,0,255,0) steer=+0.500 gnd=4.0 sp=2441.58 horiz=2441.31 velH=1.4217 bodyH=1.4004 slip=+0.0213 d=(0.01470,0.11060) av=(0,0.0884672,0)
in=(128,0,255,0) steer=+0.500 gnd=4.0 sp=2486.41 horiz=2486.13 velH=1.4007 bodyH=1.3791 slip=+0.0216 d=(0.01733,0.11234) av=(0,0.08935,0)
in=(128,0,255,0) steer=+0.500 gnd=4.0 sp=2530.52 horiz=2530.22 velH=1.3796 bodyH=1.3577 slip=+0.0218 d=(0.02005,0.11399) av=(0,0.0899686,0)
in=(128,0,255,0) steer=+0.500 gnd=4.0 sp=2573.90 horiz=2573.60 velH=1.3584 bodyH=1.3364 slip=+0.0220 d=(0.02284,0.11554) av=(0,0.0904391,0)
in=(128,0,255,0) steer=+0.500 gnd=4.0 sp=2616.55 horiz=2616.24 velH=1.3373 bodyH=1.3151 slip=+0.0222 d=(0.02571,0.11699) av=(0,0.0908255,0)
in=(128,0,255,0) steer=+0.500 gnd=4.0 sp=2658.48 horiz=2658.16 velH=1.3161 bodyH=1.2937 slip=+0.0224 d=(0.02864,0.11833) av=(0,0.0911633,0)
in=(128,0,255,0) steer=+0.500 gnd=4.0 sp=2699.68 horiz=2699.35 velH=1.2950 bodyH=1.2724 slip=+0.0226 d=(0.03163,0.11957) av=(0,0.0914723,0)
in=(128,0,255,0) steer=+0.500 gnd=4.0 sp=2740.15 horiz=2739.82 velH=1.2738 bodyH=1.2511 slip=+0.0227 d=(0.03468,0.12070) av=(0,0.0917633,0)
in=(128,0,255,0) steer=+0.500 gnd=4.0 sp=2779.89 horiz=2779.55 velH=1.2526 bodyH=1.2297 slip=+0.0229 d=(0.03778,0.12172) av=(0,0.0920426,0)
in=(128,0,255,0) steer=+0.500 gnd=4.0 sp=2818.90 horiz=2818.55 velH=1.2314 bodyH=1.2084 slip=+0.0230 d=(0.04093,0.12263) av=(0,0.0923133,0)
in=(128,0,255,0) steer=+0.500 gnd=4.0 sp=2857.18 horiz=2856.82 velH=1.2102 bodyH=1.1871 slip=+0.0232 d=(0.04413,0.12343) av=(0,0.0925775,0)
in=(128,0,255,0) steer=+0.500 gnd=4.0 sp=2894.74 horiz=2894.37 velH=1.1890 bodyH=1.1657 slip=+0.0233 d=(0.04736,0.12412) av=(0,0.0928362,0)
in=(128,0,255,0) steer=+0.500 gnd=4.0 sp=2931.56 horiz=2931.18 velH=1.1678 bodyH=1.1444 slip=+0.0234 d=(0.05063,0.12469) av=(0,0.09309,0)
in=(128,0,255,0) steer=+0.500 gnd=4.0 sp=2967.67 horiz=2967.28 velH=1.1466 bodyH=1.1230 slip=+0.0236 d=(0.05394,0.12515) av=(0,0.0933391,0)
in=(128,0,255,0) steer=+0.500 gnd=4.0 sp=3003.05 horiz=3002.66 velH=1.1254 bodyH=1.1017 slip=+0.0237 d=(0.05727,0.12549) av=(0,0.0935839,0)
in=(128,0,255,0) steer=+0.500 gnd=4.0 sp=3037.72 horiz=3037.32 velH=1.1042 bodyH=1.0804 slip=+0.0238 d=(0.06063,0.12572) av=(0,0.0938243,0)
in=(128,0,255,0) steer=+0.500 gnd=4.0 sp=3071.68 horiz=3071.27 velH=1.0830 bodyH=1.0590 slip=+0.0239 d=(0.06400,0.12583) av=(0,0.0940605,0)
in=(128,0,255,0) steer=+0.500 gnd=4.0 sp=3104.93 horiz=3104.51 velH=1.0617 bodyH=1.0377 slip=+0.0240 d=(0.06740,0.12582) av=(0,0.0942925,0)
in=(128,0,255,0) steer=+0.500 gnd=4.0 sp=3137.48 horiz=3137.06 velH=1.0405 bodyH=1.0164 slip=+0.0242 d=(0.07080,0.12570) av=(0,0.0945203,0)
in=(128,0,255,0) steer=+0.500 gnd=4.0 sp=3169.34 horiz=3168.91 velH=1.0193 bodyH=0.9950 slip=+0.0243 d=(0.07422,0.12546) av=(0,0.094744,0)
in=(128,0,255,0) steer=+0.500 gnd=4.0 sp=3200.50 horiz=3200.07 velH=0.9981 bodyH=0.9737 slip=+0.0244 d=(0.07764,0.12510) av=(0,0.0949636,0)
in=(128,0,255,0) steer=+0.500 gnd=4.0 sp=1973.02 horiz=1972.98 velH=1.7019 bodyH=1.6926 slip=+0.0093 d=(-0.01259,0.08872) av=(0,0.0860292,0)
in=(128,0,255,0) steer=+0.500 gnd=4.0 sp=2024.86 horiz=2024.76 velH=1.6856 bodyH=1.6713 slip=+0.0143 d=(-0.01175,0.09129) av=(0,0.0855625,0)
in=(128,0,255,0) steer=+0.500 gnd=4.0 sp=2075.85 horiz=2075.70 velH=1.6670 bodyH=1.6499 slip=+0.0170 d=(-0.01048,0.09385) av=(0,0.0859881,0)
in=(128,0,255,0) steer=+0.500 gnd=4.0 sp=2126.06 horiz=2125.87 velH=1.6472 bodyH=1.6286 slip=+0.0186 d=(-0.00893,0.09637) av=(0,0.0866427,0)
in=(128,0,255,0) steer=+0.500 gnd=4.0 sp=2175.53 horiz=2175.32 velH=1.6268 bodyH=1.6073 slip=+0.0196 d=(-0.00718,0.09884) av=(0,0.0872889,0)
in=(128,0,255,0) steer=+0.500 gnd=4.0 sp=2224.29 horiz=2224.07 velH=1.6061 bodyH=1.5859 slip=+0.0202 d=(-0.00528,0.10125) av=(0,0.0878604,0)
in=(128,0,255,0) steer=+0.500 gnd=4.0 sp=2272.36 horiz=2272.12 velH=1.5852 bodyH=1.5646 slip=+0.0206 d=(-0.00324,0.10359) av=(0,0.0883537,0)
in=(128,0,255,0) steer=+0.500 gnd=4.0 sp=2319.73 horiz=2319.48 velH=1.5642 bodyH=1.5433 slip=+0.0209 d=(-0.00110,0.10585) av=(0,0.0887838,0)
in=(128,0,255,0) steer=+0.500 gnd=4.0 sp=2366.41 horiz=2366.15 velH=1.5431 bodyH=1.5219 slip=+0.0212 d=(0.00115,0.10804) av=(0,0.0891677,0)
in=(128,0,255,0) steer=+0.500 gnd=4.0 sp=2412.38 horiz=2412.11 velH=1.5220 bodyH=1.5006 slip=+0.0214 d=(0.00349,0.11015) av=(0,0.0895193,0)
in=(128,0,255,0) steer=+0.500 gnd=4.0 sp=2457.65 horiz=2457.37 velH=1.5008 bodyH=1.4792 slip=+0.0216 d=(0.00593,0.11217) av=(0,0.0898488,0)
in=(128,0,255,0) steer=+0.500 gnd=4.0 sp=2502.20 horiz=2501.91 velH=1.4797 bodyH=1.4579 slip=+0.0218 d=(0.00845,0.11410) av=(0,0.0901629,0)
in=(128,0,255,0) steer=+0.500 gnd=4.0 sp=2546.04 horiz=2545.74 velH=1.4585 bodyH=1.4366 slip=+0.0220 d=(0.01106,0.11594) av=(0,0.0904658,0)
in=(128,0,255,0) steer=+0.500 gnd=4.0 sp=2589.16 horiz=2588.85 velH=1.4374 bodyH=1.4152 slip=+0.0221 d=(0.01374,0.11769) av=(0,0.0907605,0)
in=(128,0,255,0) steer=+0.500 gnd=4.0 sp=2631.55 horiz=2631.24 velH=1.4162 bodyH=1.3939 slip=+0.0223 d=(0.01650,0.11935) av=(0,0.0910485,0)
in=(128,0,255,0) steer=+0.500 gnd=4.0 sp=2673.22 horiz=2672.90 velH=1.3950 bodyH=1.3726 slip=+0.0225 d=(0.01933,0.12090) av=(0,0.0913309,0)
in=(128,0,255,0) steer=+0.500 gnd=4.0 sp=1659.67 horiz=1659.64 velH=1.7224 bodyH=1.7137 slip=+0.0087 d=(-0.01209,0.07400) av=(0,0.0830475,0)
in=(128,0,255,0) steer=+0.500 gnd=4.0 sp=1714.68 horiz=1714.60 velH=1.7057 bodyH=1.6924 slip=+0.0133 d=(-0.01147,0.07671) av=(0,0.0836552,0)
in=(128,0,255,0) steer=+0.500 gnd=4.0 sp=1768.99 horiz=1768.87 velH=1.6869 bodyH=1.6711 slip=+0.0158 d=(-0.01048,0.07941) av=(0,0.0841776,0)
in=(128,0,255,0) steer=+0.500 gnd=4.0 sp=1822.65 horiz=1822.51 velH=1.6670 bodyH=1.6497 slip=+0.0173 d=(-0.00925,0.08209) av=(0,0.0848403,0)
in=(128,0,255,0) steer=+0.500 gnd=4.0 sp=1875.70 horiz=1875.54 velH=1.6466 bodyH=1.6284 slip=+0.0182 d=(-0.00784,0.08472) av=(0,0.0854693,0)
in=(128,0,255,0) steer=+0.500 gnd=4.0 sp=1928.13 horiz=1927.96 velH=1.6259 bodyH=1.6071 slip=+0.0188 d=(-0.00628,0.08731) av=(0,0.0860232,0)
in=(128,0,255,0) steer=+0.500 gnd=4.0 sp=1979.96 horiz=1979.77 velH=1.6050 bodyH=1.5857 slip=+0.0193 d=(-0.00459,0.08984) av=(0,0.0865066,0)
in=(128,0,255,0) steer=+0.500 gnd=4.0 sp=2031.16 horiz=2030.97 velH=1.5840 bodyH=1.5644 slip=+0.0196 d=(-0.00278,0.09231) av=(0,0.0869355,0)
in=(128,0,255,0) steer=+0.500 gnd=4.0 sp=2081.74 horiz=2081.54 velH=1.5630 bodyH=1.5431 slip=+0.0199 d=(-0.00087,0.09471) av=(0,0.0873257,0)
in=(128,0,255,0) steer=+0.500 gnd=4.0 sp=2131.68 horiz=2131.47 velH=1.5419 bodyH=1.5217 slip=+0.0202 d=(0.00115,0.09705) av=(0,0.0876893,0)
in=(128,0,255,0) steer=+0.500 gnd=4.0 sp=2180.98 horiz=2180.75 velH=1.5208 bodyH=1.5004 slip=+0.0204 d=(0.00327,0.09931) av=(0,0.0880347,0)
in=(128,0,255,0) steer=+0.500 gnd=4.0 sp=2229.61 horiz=2229.37 velH=1.4997 bodyH=1.4790 slip=+0.0206 d=(0.00549,0.10149) av=(0,0.0883673,0)
in=(128,0,255,0) steer=+0.500 gnd=4.0 sp=2277.56 horiz=2277.32 velH=1.4786 bodyH=1.4577 slip=+0.0209 d=(0.00780,0.10359) av=(0,0.0886907,0)
in=(128,0,255,0) steer=+0.500 gnd=4.0 sp=2324.84 horiz=2324.59 velH=1.4574 bodyH=1.4364 slip=+0.0211 d=(0.01020,0.10561) av=(0,0.089007,0)
in=(128,0,255,0) steer=+0.500 gnd=4.0 sp=2371.43 horiz=2371.17 velH=1.4363 bodyH=1.4150 slip=+0.0213 d=(0.01268,0.10754) av=(0,0.0893174,0)
in=(128,0,255,0) steer=+0.500 gnd=4.0 sp=2417.32 horiz=2417.05 velH=1.4151 bodyH=1.3937 slip=+0.0215 d=(0.01525,0.10937) av=(0,0.0896229,0)
in=(128,0,255,0) steer=+0.500 gnd=4.0 sp=2462.51 horiz=2462.23 velH=1.3940 bodyH=1.3724 slip=+0.0216 d=(0.01789,0.11112) av=(0,0.0899237,0)
in=(128,0,255,0) steer=+0.500 gnd=4.0 sp=2506.98 horiz=2506.70 velH=1.3728 bodyH=1.3510 slip=+0.0218 d=(0.02061,0.11277) av=(0,0.0902201,0)
in=(128,0,255,0) steer=+0.500 gnd=4.0 sp=1560.71 horiz=1560.68 velH=1.7519 bodyH=1.7434 slip=+0.0084 d=(-0.01339,0.06908) av=(0,0.0817711,0)
in=(128,0,255,0) steer=+0.500 gnd=4.0 sp=1616.55 horiz=1616.48 velH=1.7350 bodyH=1.7221 slip=+0.0129 d=(-0.01291,0.07183) av=(0,0.0830801,0)
in=(128,0,255,0) steer=+0.500 gnd=4.0 sp=1671.75 horiz=1671.65 velH=1.7161 bodyH=1.7007 slip=+0.0154 d=(-0.01208,0.07459) av=(0,0.0837703,0)
in=(128,0,255,0) steer=+0.500 gnd=4.0 sp=1726.35 horiz=1726.22 velH=1.6962 bodyH=1.6794 slip=+0.0168 d=(-0.01101,0.07733) av=(0,0.0843525,0)
in=(128,0,255,0) steer=+0.500 gnd=4.0 sp=1780.37 horiz=1780.23 velH=1.6758 bodyH=1.6581 slip=+0.0177 d=(-0.00977,0.08004) av=(0,0.0849333,0)
in=(128,0,255,0) steer=+0.500 gnd=4.0 sp=1833.82 horiz=1833.66 velH=1.6551 bodyH=1.6367 slip=+0.0183 d=(-0.00838,0.08271) av=(0,0.0854599,0)
in=(128,0,255,0) steer=+0.500 gnd=4.0 sp=1886.69 horiz=1886.52 velH=1.6342 bodyH=1.6154 slip=+0.0188 d=(-0.00686,0.08532) av=(0,0.085929,0)
in=(128,0,255,0) steer=+0.500 gnd=4.0 sp=1938.97 horiz=1938.79 velH=1.6132 bodyH=1.5941 slip=+0.0192 d=(-0.00522,0.08789) av=(0,0.0863519,0)
in=(128,0,255,0) steer=+0.500 gnd=4.0 sp=1990.65 horiz=1990.46 velH=1.5922 bodyH=1.5727 slip=+0.0195 d=(-0.00347,0.09039) av=(0,0.0867411,0)
in=(128,0,255,0) steer=+0.500 gnd=4.0 sp=2041.72 horiz=2041.52 velH=1.5711 bodyH=1.5514 slip=+0.0197 d=(-0.00161,0.09283) av=(0,0.0871069,0)
in=(128,0,255,0) steer=+0.500 gnd=4.0 sp=2092.16 horiz=2091.96 velH=1.5500 bodyH=1.5300 slip=+0.0200 d=(0.00036,0.09521) av=(0,0.0874564,0)
in=(128,0,255,0) steer=+0.500 gnd=4.0 sp=2141.97 horiz=2141.75 velH=1.5290 bodyH=1.5087 slip=+0.0202 d=(0.00242,0.09751) av=(0,0.0877943,0)
in=(128,0,255,0) steer=+0.500 gnd=4.0 sp=2191.12 horiz=2190.90 velH=1.5078 bodyH=1.4874 slip=+0.0205 d=(0.00458,0.09973) av=(0,0.0881237,0)
in=(128,0,255,0) steer=+0.500 gnd=4.0 sp=2239.61 horiz=2239.38 velH=1.4867 bodyH=1.4660 slip=+0.0207 d=(0.00683,0.10188) av=(0,0.0884463,0)
in=(128,0,255,0) steer=+0.500 gnd=4.0 sp=2287.43 horiz=2287.19 velH=1.4656 bodyH=1.4447 slip=+0.0209 d=(0.00918,0.10394) av=(0,0.0887635,0)
in=(128,0,255,0) steer=+0.500 gnd=4.0 sp=2334.57 horiz=2334.31 velH=1.4445 bodyH=1.4234 slip=+0.0211 d=(0.01161,0.10592) av=(0,0.0890757,0)
in=(128,0,255,0) steer=+0.500 gnd=4.0 sp=2381.01 horiz=2380.75 velH=1.4233 bodyH=1.4020 slip=+0.0213 d=(0.01413,0.10781) av=(0,0.0893835,0)
in=(128,0,255,0) steer=+0.500 gnd=4.0 sp=2426.76 horiz=2426.48 velH=1.4022 bodyH=1.3807 slip=+0.0215 d=(0.01673,0.10960) av=(0,0.089687,0)
in=(128,0,255,0) steer=+0.500 gnd=4.0 sp=2471.80 horiz=2471.51 velH=1.3810 bodyH=1.3594 slip=+0.0217 d=(0.01941,0.11131) av=(0,0.0899863,0)
in=(128,0,255,0) steer=+0.500 gnd=4.0 sp=2516.12 horiz=2515.83 velH=1.3599 bodyH=1.3380 slip=+0.0219 d=(0.02216,0.11291) av=(0,0.0902815,0)
in=(128,0,255,0) steer=+0.500 gnd=4.0 sp=1566.16 horiz=1566.13 velH=1.7976 bodyH=1.7892 slip=+0.0085 d=(-0.01660,0.06865) av=(0,0.0811688,0)
in=(128,0,255,0) steer=+0.500 gnd=4.0 sp=1621.96 horiz=1621.89 velH=1.7808 bodyH=1.7678 slip=+0.0129 d=(-0.01623,0.07141) av=(0,0.0827728,0)
in=(128,0,255,0) steer=+0.500 gnd=4.0 sp=1677.11 horiz=1677.01 velH=1.7619 bodyH=1.7465 slip=+0.0154 d=(-0.01553,0.07420) av=(0,0.0836196,0)
in=(128,0,255,0) steer=+0.500 gnd=4.0 sp=1731.66 horiz=1731.54 velH=1.7420 bodyH=1.7252 slip=+0.0169 d=(-0.01459,0.07699) av=(0,0.0842904,0)
in=(128,0,255,0) steer=+0.500 gnd=4.0 sp=1785.63 horiz=1785.49 velH=1.7216 bodyH=1.7038 slip=+0.0178 d=(-0.01346,0.07975) av=(0,0.084917,0)
in=(128,0,255,0) steer=+0.500 gnd=4.0 sp=1839.02 horiz=1838.87 velH=1.7009 bodyH=1.6825 slip=+0.0184 d=(-0.01219,0.08248) av=(0,0.0854673,0)
in=(128,0,255,0) steer=+0.500 gnd=4.0 sp=1891.84 horiz=1891.67 velH=1.6800 bodyH=1.6612 slip=+0.0188 d=(-0.01079,0.08516) av=(0,0.0859486,0)
in=(128,0,255,0) steer=+0.500 gnd=4.0 sp=1944.06 horiz=1943.88 velH=1.6590 bodyH=1.6398 slip=+0.0192 d=(-0.00926,0.08779) av=(0,0.0863778,0)
in=(128,0,255,0) steer=+0.500 gnd=4.0 sp=1995.68 horiz=1995.49 velH=1.6380 bodyH=1.6185 slip=+0.0195 d=(-0.00762,0.09037) av=(0,0.0867702,0)
in=(128,0,255,0) steer=+0.500 gnd=4.0 sp=2046.69 horiz=2046.49 velH=1.6169 bodyH=1.5971 slip=+0.0198 d=(-0.00587,0.09289) av=(0,0.0871374,0)
in=(128,0,255,0) steer=+0.500 gnd=4.0 sp=2097.07 horiz=2096.86 velH=1.5958 bodyH=1.5758 slip=+0.0200 d=(-0.00401,0.09535) av=(0,0.0874874,0)
in=(128,0,255,0) steer=+0.500 gnd=4.0 sp=2146.82 horiz=2146.60 velH=1.5747 bodyH=1.5545 slip=+0.0203 d=(-0.00205,0.09774) av=(0,0.0878255,0)
in=(128,0,255,0) steer=+0.500 gnd=4.0 sp=2195.91 horiz=2195.68 velH=1.5536 bodyH=1.5331 slip=+0.0205 d=(0.00001,0.10006) av=(0,0.0881547,0)
in=(128,0,255,0) steer=+0.500 gnd=4.0 sp=2244.33 horiz=2244.09 velH=1.5325 bodyH=1.5118 slip=+0.0207 d=(0.00217,0.10230) av=(0,0.0884772,0)
in=(128,0,255,0) steer=+0.500 gnd=4.0 sp=2292.08 horiz=2291.84 velH=1.5114 bodyH=1.4905 slip=+0.0209 d=(0.00442,0.10447) av=(0,0.088794,0)
in=(128,0,255,0) steer=+0.500 gnd=4.0 sp=2339.15 horiz=2338.89 velH=1.4903 bodyH=1.4691 slip=+0.0211 d=(0.00677,0.10655) av=(0,0.0891059,0)
in=(128,0,255,0) steer=+0.500 gnd=4.0 sp=2385.53 horiz=2385.26 velH=1.4691 bodyH=1.4478 slip=+0.0213 d=(0.00920,0.10855) av=(0,0.0894133,0)
in=(128,0,255,0) steer=+0.500 gnd=4.0 sp=2431.20 horiz=2430.93 velH=1.4480 bodyH=1.4265 slip=+0.0215 d=(0.01172,0.11046) av=(0,0.0897164,0)
in=(128,0,255,0) steer=+0.500 gnd=4.0 sp=2476.17 horiz=2475.89 velH=1.4268 bodyH=1.4051 slip=+0.0217 d=(0.01432,0.11228) av=(0,0.0900154,0)
in=(128,0,255,0) steer=+0.500 gnd=4.0 sp=2520.43 horiz=2520.14 velH=1.4057 bodyH=1.3838 slip=+0.0219 d=(0.01699,0.11401) av=(0,0.0903102,0)
in=(128,0,255,0) steer=+0.500 gnd=4.0 sp=2563.97 horiz=2563.67 velH=1.3845 bodyH=1.3624 slip=+0.0220 d=(0.01975,0.11564) av=(0,0.0906009,0)
in=(128,0,255,0) steer=+0.500 gnd=4.0 sp=2606.79 horiz=2606.48 velH=1.3633 bodyH=1.3411 slip=+0.0222 d=(0.02257,0.11717) av=(0,0.0908876,0)
in=(128,0,255,0) steer=+0.500 gnd=4.0 sp=2648.88 horiz=2648.57 velH=1.3421 bodyH=1.3198 slip=+0.0224 d=(0.02546,0.11859) av=(0,0.0911702,0)
in=(128,0,255,0) steer=+0.500 gnd=4.0 sp=1645.18 horiz=1645.14 velH=1.8873 bodyH=1.8786 slip=+0.0086 d=(-0.02385,0.07038) av=(0,0.0830038,0)
in=(128,0,255,0) steer=+0.500 gnd=4.0 sp=1700.31 horiz=1700.23 velH=1.8705 bodyH=1.8573 slip=+0.0132 d=(-0.02369,0.07315) av=(0,0.0836357,0)
in=(128,0,255,0) steer=+0.500 gnd=4.0 sp=1754.75 horiz=1754.64 velH=1.8517 bodyH=1.8360 slip=+0.0158 d=(-0.02318,0.07598) av=(0,0.0841354,0)
in=(128,0,255,0) steer=+0.500 gnd=4.0 sp=1808.56 horiz=1808.42 velH=1.8319 bodyH=1.8146 slip=+0.0172 d=(-0.02241,0.07882) av=(0,0.0847778,0)
in=(128,0,255,0) steer=+0.500 gnd=4.0 sp=1861.75 horiz=1861.60 velH=1.8114 bodyH=1.7933 slip=+0.0182 d=(-0.02147,0.08166) av=(0,0.0853955,0)
in=(128,0,255,0) steer=+0.500 gnd=4.0 sp=1914.34 horiz=1914.17 velH=1.7907 bodyH=1.7719 slip=+0.0188 d=(-0.02037,0.08447) av=(0,0.0859432,0)
in=(128,0,255,0) steer=+0.500 gnd=4.0 sp=1966.32 horiz=1966.14 velH=1.7698 bodyH=1.7506 slip=+0.0192 d=(-0.01913,0.08725) av=(0,0.0864233,0)
in=(128,0,255,0) steer=+0.500 gnd=4.0 sp=2017.69 horiz=2017.50 velH=1.7488 bodyH=1.7293 slip=+0.0195 d=(-0.01777,0.08999) av=(0,0.0868508,0)
in=(128,0,255,0) steer=+0.500 gnd=4.0 sp=2068.44 horiz=2068.23 velH=1.7278 bodyH=1.7079 slip=+0.0198 d=(-0.01629,0.09268) av=(0,0.0872406,0)
in=(128,0,255,0) steer=+0.500 gnd=4.0 sp=2118.55 horiz=2118.33 velH=1.7067 bodyH=1.6866 slip=+0.0201 d=(-0.01469,0.09531) av=(0,0.0876044,0)
in=(128,0,255,0) steer=+0.500 gnd=4.0 sp=2168.01 horiz=2167.79 velH=1.6856 bodyH=1.6653 slip=+0.0204 d=(-0.01298,0.09790) av=(0,0.0879503,0)
in=(128,0,255,0) steer=+0.500 gnd=4.0 sp=2216.82 horiz=2216.58 velH=1.6645 bodyH=1.6439 slip=+0.0206 d=(-0.01117,0.10042) av=(0,0.0882837,0)
in=(128,0,255,0) steer=+0.500 gnd=4.0 sp=2264.95 horiz=2264.71 velH=1.6434 bodyH=1.6226 slip=+0.0208 d=(-0.00925,0.10288) av=(0,0.0886079,0)
in=(128,0,255,0) steer=+0.500 gnd=4.0 sp=2312.41 horiz=2312.16 velH=1.6223 bodyH=1.6012 slip=+0.0210 d=(-0.00723,0.10527) av=(0,0.0889251,0)
in=(128,0,255,0) steer=+0.500 gnd=4.0 sp=2359.18 horiz=2358.92 velH=1.6011 bodyH=1.5799 slip=+0.0212 d=(-0.00511,0.10759) av=(0,0.0892366,0)
in=(128,0,255,0) steer=+0.500 gnd=4.0 sp=2405.26 horiz=2404.99 velH=1.5800 bodyH=1.5586 slip=+0.0214 d=(-0.00289,0.10983) av=(0,0.089543,0)
in=(128,0,255,0) steer=+0.500 gnd=4.0 sp=2450.63 horiz=2450.36 velH=1.5588 bodyH=1.5372 slip=+0.0216 d=(-0.00058,0.11199) av=(0,0.0898448,0)
in=(128,0,255,0) steer=+0.500 gnd=4.0 sp=2495.30 horiz=2495.01 velH=1.5377 bodyH=1.5159 slip=+0.0218 d=(0.00182,0.11407) av=(0,0.0901423,0)
in=(128,0,255,0) steer=+0.500 gnd=4.0 sp=2539.25 horiz=2538.95 velH=1.5165 bodyH=1.4946 slip=+0.0219 d=(0.00431,0.11607) av=(0,0.0904355,0)
in=(128,0,255,0) steer=+0.500 gnd=4.0 sp=2582.48 horiz=2582.17 velH=1.4953 bodyH=1.4732 slip=+0.0221 d=(0.00688,0.11798) av=(0,0.0907246,0)
in=(128,0,255,0) steer=+0.500 gnd=4.0 sp=2624.99 horiz=2624.67 velH=1.4742 bodyH=1.4519 slip=+0.0223 d=(0.00954,0.11979) av=(0,0.0910096,0)
in=(128,0,255,0) steer=+0.500 gnd=4.0 sp=2666.77 horiz=2666.45 velH=1.4530 bodyH=1.4306 slip=+0.0224 d=(0.01227,0.12152) av=(0,0.0912905,0)
in=(128,0,255,0) steer=+0.500 gnd=4.0 sp=2707.82 horiz=2707.49 velH=1.4318 bodyH=1.4092 slip=+0.0226 d=(0.01507,0.12314) av=(0,0.0915673,0)
in=(128,0,255,0) steer=+0.500 gnd=4.0 sp=2748.14 horiz=2747.81 velH=1.4106 bodyH=1.3879 slip=+0.0228 d=(0.01794,0.12467) av=(0,0.09184,0)
in=(128,0,255,0) steer=+0.500 gnd=4.0 sp=2787.74 horiz=2787.39 velH=1.3894 bodyH=1.3665 slip=+0.0229 d=(0.02088,0.12610) av=(0,0.0921085,0)
in=(128,0,255,0) steer=+0.500 gnd=4.0 sp=2826.60 horiz=2826.25 velH=1.3682 bodyH=1.3452 slip=+0.0230 d=(0.02389,0.12742) av=(0,0.0923729,0)
in=(128,0,255,0) steer=+0.500 gnd=4.0 sp=2864.74 horiz=2864.37 velH=1.3471 bodyH=1.3239 slip=+0.0232 d=(0.02695,0.12864) av=(0,0.0926332,0)
in=(128,0,255,0) steer=+0.500 gnd=4.0 sp=2902.15 horiz=2901.77 velH=1.3259 bodyH=1.3025 slip=+0.0233 d=(0.03007,0.12976) av=(0,0.0928893,0)
in=(128,0,255,0) steer=+0.500 gnd=4.0 sp=2938.83 horiz=2938.45 velH=1.3046 bodyH=1.2812 slip=+0.0235 d=(0.03323,0.13076) av=(0,0.0931412,0)
in=(128,0,255,0) steer=+0.500 gnd=4.0 sp=2974.79 horiz=2974.40 velH=1.2834 bodyH=1.2599 slip=+0.0236 d=(0.03645,0.13166) av=(0,0.093389,0)
in=(128,0,255,0) steer=+0.500 gnd=4.0 sp=3010.03 horiz=3009.63 velH=1.2622 bodyH=1.2385 slip=+0.0237 d=(0.03971,0.13244) av=(0,0.0936326,0)
in=(128,0,255,0) steer=+0.500 gnd=4.0 sp=1859.91 horiz=1859.87 velH=2.2977 bodyH=2.2886 slip=+0.0091 d=(-0.05667,0.06245) av=(0,0.0853074,0)
in=(128,0,255,0) steer=+0.500 gnd=4.0 sp=1912.99 horiz=1912.89 velH=2.2812 bodyH=2.2673 slip=+0.0140 d=(-0.05749,0.06505) av=(0,0.0850459,0)
in=(128,0,255,0) steer=+0.500 gnd=4.0 sp=1965.26 horiz=1965.13 velH=2.2626 bodyH=2.2459 slip=+0.0166 d=(-0.05797,0.06788) av=(0,0.0854246,0)
in=(128,0,255,0) steer=+0.500 gnd=4.0 sp=2016.81 horiz=2016.64 velH=2.2428 bodyH=2.2246 slip=+0.0182 d=(-0.05821,0.07082) av=(0,0.0860402,0)
in=(128,0,255,0) steer=+0.500 gnd=4.0 sp=2067.65 horiz=2067.46 velH=2.2224 bodyH=2.2033 slip=+0.0191 d=(-0.05826,0.07384) av=(0,0.0866585,0)
in=(128,0,255,0) steer=+0.500 gnd=4.0 sp=2117.82 horiz=2117.62 velH=2.2016 bodyH=2.1819 slip=+0.0197 d=(-0.05816,0.07689) av=(0,0.0872123,0)
in=(128,0,255,0) steer=+0.500 gnd=4.0 sp=2167.32 horiz=2167.11 velH=2.1807 bodyH=2.1606 slip=+0.0201 d=(-0.05791,0.07995) av=(0,0.0876961,0)
in=(128,0,255,0) steer=+0.500 gnd=4.0 sp=2216.15 horiz=2215.92 velH=2.1597 bodyH=2.1393 slip=+0.0205 d=(-0.05753,0.08303) av=(0,0.0881227,0)
in=(128,0,255,0) steer=+0.500 gnd=4.0 sp=2264.31 horiz=2264.07 velH=2.1386 bodyH=2.1179 slip=+0.0207 d=(-0.05701,0.08610) av=(0,0.0885073,0)
in=(128,0,255,0) steer=+0.500 gnd=4.0 sp=2311.78 horiz=2311.53 velH=2.1175 bodyH=2.0966 slip=+0.0210 d=(-0.05638,0.08916) av=(0,0.0888625,0)
in=(128,0,255,0) steer=+0.500 gnd=4.0 sp=2358.57 horiz=2358.31 velH=2.0964 bodyH=2.0752 slip=+0.0212 d=(-0.05561,0.09220) av=(0,0.0891974,0)
in=(128,0,255,0) steer=+0.500 gnd=4.0 sp=2404.65 horiz=2404.38 velH=2.0753 bodyH=2.0539 slip=+0.0214 d=(-0.05473,0.09523) av=(0,0.0895181,0)
in=(128,0,255,0) steer=+0.500 gnd=4.0 sp=2450.04 horiz=2449.76 velH=2.0542 bodyH=2.0326 slip=+0.0216 d=(-0.05373,0.09823) av=(0,0.0898285,0)
in=(128,0,255,0) steer=+0.500 gnd=4.0 sp=2494.71 horiz=2494.42 velH=2.0330 bodyH=2.0112 slip=+0.0218 d=(-0.05261,0.10121) av=(0,0.0901311,0)
in=(128,0,255,0) steer=+0.500 gnd=4.0 sp=2538.67 horiz=2538.37 velH=2.0118 bodyH=1.9899 slip=+0.0219 d=(-0.05137,0.10414) av=(0,0.0904274,0)
in=(128,0,255,0) steer=+0.500 gnd=4.0 sp=2581.91 horiz=2581.61 velH=1.9907 bodyH=1.9686 slip=+0.0221 d=(-0.05001,0.10705) av=(0,0.0907184,0)
in=(128,0,255,0) steer=+0.500 gnd=4.0 sp=2624.43 horiz=2624.11 velH=1.9695 bodyH=1.9472 slip=+0.0223 d=(-0.04854,0.10990) av=(0,0.0910045,0)
in=(128,0,255,0) steer=+0.500 gnd=4.0 sp=2666.22 horiz=2665.90 velH=1.9483 bodyH=1.9259 slip=+0.0224 d=(-0.04696,0.11272) av=(0,0.091286,0)
in=(128,0,255,0) steer=+0.500 gnd=4.0 sp=2707.28 horiz=2706.95 velH=1.9271 bodyH=1.9045 slip=+0.0226 d=(-0.04526,0.11548) av=(0,0.0915632,0)
in=(128,0,255,0) steer=+0.500 gnd=4.0 sp=2747.61 horiz=2747.28 velH=1.9060 bodyH=1.8832 slip=+0.0228 d=(-0.04346,0.11819) av=(0,0.0918361,0)
in=(128,0,255,0) steer=+0.500 gnd=4.0 sp=2787.22 horiz=2786.87 velH=1.8848 bodyH=1.8619 slip=+0.0229 d=(-0.04155,0.12085) av=(0,0.0921048,0)
in=(128,0,255,0) steer=+0.500 gnd=4.0 sp=2826.09 horiz=2825.74 velH=1.8636 bodyH=1.8405 slip=+0.0230 d=(-0.03954,0.12344) av=(0,0.0923693,0)
in=(128,0,255,0) steer=+0.500 gnd=4.0 sp=2864.24 horiz=2863.87 velH=1.8424 bodyH=1.8192 slip=+0.0232 d=(-0.03743,0.12597) av=(0,0.0926296,0)
in=(128,0,255,0) steer=+0.500 gnd=4.0 sp=2901.65 horiz=2901.28 velH=1.8212 bodyH=1.7979 slip=+0.0233 d=(-0.03522,0.12843) av=(0,0.0928858,0)
in=(128,0,255,0) steer=+0.500 gnd=4.0 sp=2938.34 horiz=2937.96 velH=1.8000 bodyH=1.7765 slip=+0.0235 d=(-0.03291,0.13082) av=(0,0.0931379,0)
in=(128,0,255,0) steer=+0.500 gnd=4.0 sp=2974.31 horiz=2973.93 velH=1.7788 bodyH=1.7552 slip=+0.0236 d=(-0.03050,0.13314) av=(0,0.0933857,0)
in=(128,0,255,0) steer=+0.500 gnd=4.0 sp=3009.57 horiz=3009.17 velH=1.7576 bodyH=1.7339 slip=+0.0237 d=(-0.02801,0.13538) av=(0,0.0936294,0)
in=(128,0,255,0) steer=+0.500 gnd=4.0 sp=3044.10 horiz=3043.70 velH=1.7363 bodyH=1.7125 slip=+0.0238 d=(-0.02543,0.13754) av=(0,0.0938689,0)
in=(128,0,255,0) steer=+0.500 gnd=4.0 sp=3077.93 horiz=3077.52 velH=1.7151 bodyH=1.6912 slip=+0.0239 d=(-0.02276,0.13962) av=(0,0.0941042,0)
in=(128,0,255,0) steer=+0.500 gnd=4.0 sp=3111.05 horiz=3110.63 velH=1.6939 bodyH=1.6698 slip=+0.0241 d=(-0.02001,0.14162) av=(0,0.0943354,0)
in=(128,0,255,0) steer=+0.500 gnd=4.0 sp=3143.47 horiz=3143.04 velH=1.6727 bodyH=1.6485 slip=+0.0242 d=(-0.01719,0.14352) av=(0,0.0945624,0)
in=(128,0,255,0) steer=+0.500 gnd=4.0 sp=3175.20 horiz=3174.76 velH=1.6515 bodyH=1.6272 slip=+0.0243 d=(-0.01428,0.14534) av=(0,0.0947853,0)
in=(128,0,255,0) steer=+0.500 gnd=4.0 sp=3206.24 horiz=3205.80 velH=1.6302 bodyH=1.6058 slip=+0.0244 d=(-0.01131,0.14707) av=(0,0.0950041,0)
in=(128,0,255,0) steer=+0.500 gnd=4.0 sp=3236.60 horiz=3236.15 velH=1.6090 bodyH=1.5845 slip=+0.0245 d=(-0.00826,0.14871) av=(0,0.0952187,0)
in=(128,0,255,0) steer=+0.500 gnd=4.0 sp=3266.28 horiz=3265.83 velH=1.5878 bodyH=1.5632 slip=+0.0246 d=(-0.00515,0.15025) av=(0,0.0954293,0)
in=(128,0,255,0) steer=+0.500 gnd=4.0 sp=3295.30 horiz=3294.84 velH=1.5665 bodyH=1.5418 slip=+0.0247 d=(-0.00198,0.15169) av=(0,0.0956357,0)
in=(128,0,255,0) steer=+0.500 gnd=4.0 sp=3323.67 horiz=3323.20 velH=1.5453 bodyH=1.5205 slip=+0.0248 d=(0.00125,0.15304) av=(0,0.0958382,0)
in=(128,0,255,0) steer=+0.500 gnd=4.0 sp=3351.38 horiz=3350.91 velH=1.5240 bodyH=1.4991 slip=+0.0249 d=(0.00454,0.15428) av=(0,0.0960366,0)
in=(128,0,255,0) steer=+0.500 gnd=4.0 sp=3378.46 horiz=3377.98 velH=1.5028 bodyH=1.4778 slip=+0.0250 d=(0.00788,0.15542) av=(0,0.0962311,0)
in=(128,0,255,0) steer=+0.500 gnd=4.0 sp=3404.90 horiz=3404.41 velH=1.4815 bodyH=1.4565 slip=+0.0251 d=(0.01127,0.15647) av=(0,0.0964215,0)
in=(128,0,255,0) steer=+0.500 gnd=4.0 sp=3430.71 horiz=3430.22 velH=1.4603 bodyH=1.4351 slip=+0.0252 d=(0.01471,0.15740) av=(0,0.0966081,0)
in=(128,0,255,0) steer=+0.500 gnd=4.0 sp=3455.92 horiz=3455.42 velH=1.4390 bodyH=1.4138 slip=+0.0252 d=(0.01818,0.15824) av=(0,0.0967908,0)
in=(128,0,255,0) steer=+0.500 gnd=4.0 sp=3480.52 horiz=3480.01 velH=1.4178 bodyH=1.3925 slip=+0.0253 d=(0.02170,0.15897) av=(0,0.0969696,0)
in=(128,0,255,0) steer=+0.500 gnd=4.0 sp=3504.52 horiz=3504.01 velH=1.3965 bodyH=1.3711 slip=+0.0254 d=(0.02525,0.15959) av=(0,0.0971446,0)
in=(128,0,255,0) steer=+0.500 gnd=4.0 sp=3527.94 horiz=3527.42 velH=1.3753 bodyH=1.3498 slip=+0.0255 d=(0.02883,0.16010) av=(0,0.0973158,0)
in=(128,0,255,0) steer=+0.500 gnd=4.0 sp=3550.78 horiz=3550.26 velH=1.3540 bodyH=1.3285 slip=+0.0256 d=(0.03244,0.16051) av=(0,0.0974832,0)
in=(128,0,255,0) steer=+0.500 gnd=4.0 sp=3573.05 horiz=3572.53 velH=1.3328 bodyH=1.3071 slip=+0.0256 d=(0.03607,0.16081) av=(0,0.097647,0)
in=(128,0,255,0) steer=+0.500 gnd=4.0 sp=3594.77 horiz=3594.24 velH=1.3115 bodyH=1.2858 slip=+0.0257 d=(0.03973,0.16100) av=(0,0.0978071,0)
in=(128,0,255,0) steer=+0.500 gnd=4.0 sp=3615.94 horiz=3615.41 velH=1.2902 bodyH=1.2644 slip=+0.0258 d=(0.04341,0.16109) av=(0,0.0979637,0)
in=(128,0,255,0) steer=+0.500 gnd=4.0 sp=3636.58 horiz=3636.04 velH=1.2690 bodyH=1.2431 slip=+0.0259 d=(0.04709,0.16106) av=(0,0.0981166,0)
in=(128,0,255,0) steer=+0.500 gnd=4.0 sp=3656.69 horiz=3656.14 velH=1.2477 bodyH=1.2218 slip=+0.0259 d=(0.05079,0.16093) av=(0,0.0982661,0)
in=(128,0,255,0) steer=+0.500 gnd=4.0 sp=3676.28 horiz=3675.73 velH=1.2264 bodyH=1.2004 slip=+0.0260 d=(0.05450,0.16069) av=(0,0.0984121,0)
in=(128,0,255,0) steer=+0.500 gnd=4.0 sp=3695.37 horiz=3694.81 velH=1.2051 bodyH=1.1791 slip=+0.0261 d=(0.05822,0.16035) av=(0,0.0985547,0)
in=(128,0,255,0) steer=+0.500 gnd=4.0 sp=3713.96 horiz=3713.40 velH=1.1839 bodyH=1.1578 slip=+0.0261 d=(0.06193,0.15989) av=(0,0.098694,0)
in=(128,0,255,0) steer=+0.500 gnd=4.0 sp=3732.07 horiz=3731.50 velH=1.1626 bodyH=1.1364 slip=+0.0262 d=(0.06564,0.15933) av=(0,0.0988299,0)
in=(128,0,255,0) steer=+0.500 gnd=4.0 sp=3749.70 horiz=3749.13 velH=1.1413 bodyH=1.1151 slip=+0.0262 d=(0.06935,0.15866) av=(0,0.0989625,0)
in=(128,0,255,0) steer=+0.500 gnd=4.0 sp=3766.86 horiz=3766.28 velH=1.1200 bodyH=1.0937 slip=+0.0263 d=(0.07305,0.15788) av=(0,0.099092,0)
in=(128,0,255,0) steer=+0.500 gnd=4.0 sp=3783.57 horiz=3782.99 velH=1.0988 bodyH=1.0724 slip=+0.0263 d=(0.07674,0.15700) av=(0,0.0992183,0)
in=(128,0,255,0) steer=+0.500 gnd=4.0 sp=3799.83 horiz=3799.24 velH=1.0775 bodyH=1.0511 slip=+0.0264 d=(0.08042,0.15602) av=(0,0.0993415,0)
in=(128,0,255,0) steer=+0.500 gnd=4.0 sp=3815.65 horiz=3815.06 velH=1.0562 bodyH=1.0297 slip=+0.0265 d=(0.08408,0.15493) av=(0,0.0994617,0)
in=(128,0,255,0) steer=+0.500 gnd=4.0 sp=3831.04 horiz=3830.45 velH=1.0349 bodyH=1.0084 slip=+0.0265 d=(0.08772,0.15374) av=(0,0.0995789,0)
in=(128,0,255,0) steer=+0.500 gnd=4.0 sp=3846.02 horiz=3845.43 velH=1.0136 bodyH=0.9871 slip=+0.0266 d=(0.09133,0.15244) av=(0,0.0996931,0)
in=(128,0,255,0) steer=+0.500 gnd=4.0 sp=3860.59 horiz=3859.99 velH=0.9923 bodyH=0.9657 slip=+0.0266 d=(0.09492,0.15105) av=(0,0.0998045,0)
in=(128,0,255,0) steer=+0.500 gnd=4.0 sp=3874.76 horiz=3874.16 velH=0.9710 bodyH=0.9444 slip=+0.0267 d=(0.09849,0.14955) av=(0,0.0999131,0)
in=(128,0,255,0) steer=+0.500 gnd=4.0 sp=3888.54 horiz=3887.94 velH=0.9498 bodyH=0.9231 slip=+0.0267 d=(0.10202,0.14796) av=(0,0.100019,0)
in=(128,0,255,0) steer=+0.500 gnd=4.0 sp=3901.94 horiz=3901.33 velH=0.9285 bodyH=0.9017 slip=+0.0267 d=(0.10551,0.14627) av=(0,0.100122,0)
in=(128,0,255,0) steer=+0.500 gnd=4.0 sp=3914.97 horiz=3914.36 velH=0.9072 bodyH=0.8804 slip=+0.0268 d=(0.10898,0.14448) av=(0,0.100222,0)
in=(128,0,255,0) steer=+0.500 gnd=4.0 sp=3927.64 horiz=3927.02 velH=0.8859 bodyH=0.8590 slip=+0.0268 d=(0.11240,0.14260) av=(0,0.10032,0)
in=(128,0,255,0) steer=+0.500 gnd=4.0 sp=3939.95 horiz=3939.33 velH=0.8646 bodyH=0.8377 slip=+0.0269 d=(0.11578,0.14063) av=(0,0.100415,0)
in=(128,0,255,0) steer=+0.500 gnd=4.0 sp=3951.92 horiz=3951.30 velH=0.8433 bodyH=0.8164 slip=+0.0269 d=(0.11912,0.13856) av=(0,0.100508,0)
in=(128,0,255,0) steer=+0.500 gnd=4.0 sp=3963.55 horiz=3962.92 velH=0.8220 bodyH=0.7950 slip=+0.0270 d=(0.12241,0.13640) av=(0,0.100598,0)
in=(128,0,255,0) steer=+0.500 gnd=4.0 sp=3974.85 horiz=3974.22 velH=0.8007 bodyH=0.7737 slip=+0.0270 d=(0.12565,0.13415) av=(0,0.100686,0)
in=(128,0,255,0) steer=+0.500 gnd=4.0 sp=3985.83 horiz=3985.20 velH=0.7794 bodyH=0.7524 slip=+0.0270 d=(0.12884,0.13182) av=(0,0.100772,0)
in=(128,0,255,0) steer=+0.500 gnd=4.0 sp=3996.50 horiz=3995.87 velH=0.7581 bodyH=0.7310 slip=+0.0271 d=(0.13198,0.12940) av=(0,0.100855,0)
in=(128,0,255,0) steer=+0.500 gnd=4.0 sp=4006.87 horiz=4006.23 velH=0.7368 bodyH=0.7097 slip=+0.0271 d=(0.13507,0.12689) av=(0,0.100936,0)
in=(128,0,255,0) steer=+0.500 gnd=4.0 sp=4016.94 horiz=4016.30 velH=0.7155 bodyH=0.6883 slip=+0.0271 d=(0.13809,0.12431) av=(0,0.101015,0)
in=(128,0,255,0) steer=+0.500 gnd=4.0 sp=4026.72 horiz=4026.08 velH=0.6942 bodyH=0.6670 slip=+0.0272 d=(0.14106,0.12164) av=(0,0.101091,0)
in=(128,0,255,0) steer=+0.500 gnd=4.0 sp=4036.22 horiz=4035.57 velH=0.6729 bodyH=0.6457 slip=+0.0272 d=(0.14397,0.11889) av=(0,0.101166,0)
in=(128,0,255,0) steer=+0.500 gnd=4.0 sp=4045.44 horiz=4044.79 velH=0.6516 bodyH=0.6243 slip=+0.0272 d=(0.14681,0.11607) av=(0,0.101238,0)
in=(128,0,255,0) steer=+0.500 gnd=4.0 sp=4054.40 horiz=4053.75 velH=0.6303 bodyH=0.6030 slip=+0.0273 d=(0.14959,0.11317) av=(0,0.101309,0)
in=(128,0,255,0) steer=+0.500 gnd=4.0 sp=4063.10 horiz=4062.45 velH=0.6090 bodyH=0.5817 slip=+0.0273 d=(0.15230,0.11020) av=(0,0.101378,0)
in=(128,0,255,0) steer=+0.500 gnd=4.0 sp=4071.55 horiz=4070.89 velH=0.5876 bodyH=0.5603 slip=+0.0273 d=(0.15494,0.10716) av=(0,0.101444,0)
in=(128,0,255,0) steer=+0.500 gnd=4.0 sp=4079.75 horiz=4079.09 velH=0.5663 bodyH=0.5390 slip=+0.0273 d=(0.15751,0.10405) av=(0,0.101509,0)
in=(128,0,255,0) steer=+0.500 gnd=4.0 sp=4087.71 horiz=4087.05 velH=0.5450 bodyH=0.5177 slip=+0.0274 d=(0.16001,0.10087) av=(0,0.101572,0)
in=(128,0,255,0) steer=+0.500 gnd=4.0 sp=4095.43 horiz=4094.77 velH=0.5237 bodyH=0.4963 slip=+0.0274 d=(0.16244,0.09763) av=(0,0.101633,0)
in=(128,0,255,0) steer=+0.500 gnd=4.0 sp=4102.93 horiz=4102.27 velH=0.5024 bodyH=0.4750 slip=+0.0274 d=(0.16479,0.09432) av=(0,0.101693,0)
in=(128,0,255,0) steer=+0.500 gnd=4.0 sp=4110.21 horiz=4109.55 velH=0.4811 bodyH=0.4536 slip=+0.0274 d=(0.16707,0.09095) av=(0,0.101751,0)
in=(128,0,255,0) steer=+0.500 gnd=4.0 sp=4117.28 horiz=4116.61 velH=0.4598 bodyH=0.4323 slip=+0.0275 d=(0.16926,0.08752) av=(0,0.101807,0)
in=(128,0,255,0) steer=+0.500 gnd=4.0 sp=4124.14 horiz=4123.46 velH=0.4385 bodyH=0.4110 slip=+0.0275 d=(0.17138,0.08404) av=(0,0.101861,0)
in=(128,0,255,0) steer=+0.500 gnd=4.0 sp=4130.79 horiz=4130.12 velH=0.4172 bodyH=0.3896 slip=+0.0275 d=(0.17342,0.08050) av=(0,0.101914,0)
in=(128,0,255,0) steer=+0.500 gnd=4.0 sp=4137.25 horiz=4136.57 velH=0.3958 bodyH=0.3683 slip=+0.0275 d=(0.17538,0.07691) av=(0,0.101966,0)
in=(128,0,255,0) steer=+0.500 gnd=4.0 sp=4143.51 horiz=4142.84 velH=0.3745 bodyH=0.3470 slip=+0.0276 d=(0.17725,0.07327) av=(0,0.102016,0)
in=(128,0,255,0) steer=+0.500 gnd=4.0 sp=4149.59 horiz=4148.91 velH=0.3532 bodyH=0.3256 slip=+0.0276 d=(0.17904,0.06958) av=(0,0.102064,0)
in=(128,0,255,0) steer=+0.500 gnd=4.0 sp=4155.49 horiz=4154.81 velH=0.3319 bodyH=0.3043 slip=+0.0276 d=(0.18075,0.06584) av=(0,0.102112,0)
in=(128,0,255,0) steer=+0.500 gnd=4.0 sp=4161.21 horiz=4160.53 velH=0.3106 bodyH=0.2829 slip=+0.0276 d=(0.18237,0.06206) av=(0,0.102157,0)
in=(128,0,255,0) steer=+0.500 gnd=4.0 sp=4166.76 horiz=4166.08 velH=0.2893 bodyH=0.2616 slip=+0.0276 d=(0.18390,0.05824) av=(0,0.102202,0)
in=(128,0,255,0) steer=+0.500 gnd=4.0 sp=4172.14 horiz=4171.46 velH=0.2679 bodyH=0.2403 slip=+0.0277 d=(0.18534,0.05438) av=(0,0.102245,0)
in=(128,0,255,0) steer=+0.500 gnd=4.0 sp=4177.52 horiz=4176.83 velH=0.2466 bodyH=0.2189 slip=+0.0277 d=(0.18670,0.05048) av=(-1.64978e-20,0.104262,-1.24098e-20)
in=(128,0,255,0) steer=+0.500 gnd=4.0 sp=4182.88 horiz=4182.19 velH=0.2253 bodyH=0.1976 slip=+0.0277 d=(0.18798,0.04655) av=(-3.55472e-06,0.107089,4.42237e-08)
in=(128,0,255,0) steer=+0.500 gnd=4.0 sp=4188.08 horiz=4187.40 velH=0.2040 bodyH=0.1763 slip=+0.0277 d=(0.18917,0.04258) av=(-7.32342e-06,0.108701,1.07353e-06)
in=(128,0,255,0) steer=+0.500 gnd=4.0 sp=4193.19 horiz=4192.51 velH=0.1826 bodyH=0.1549 slip=+0.0277 d=(0.19026,0.03859) av=(-6.30771e-06,0.102511,-6.90065e-06)
in=(128,0,255,0) steer=+0.500 gnd=4.0 sp=4198.28 horiz=4197.59 velH=0.1613 bodyH=0.1336 slip=+0.0277 d=(0.19128,0.03457) av=(-3.48659e-06,0.0989116,-1.48148e-05)
in=(128,0,255,0) steer=+0.500 gnd=4.0 sp=4203.22 horiz=4202.53 velH=0.1400 bodyH=0.1123 slip=+0.0277 d=(0.19220,0.03052) av=(-1.17308e-06,0.0968829,-2.19511e-05)
in=(128,0,255,0) steer=+0.500 gnd=4.0 sp=4208.01 horiz=4207.32 velH=0.1187 bodyH=0.0910 slip=+0.0277 d=(0.19303,0.02644) av=(1.52618e-06,0.095737,-2.73936e-05)
in=(128,0,255,0) steer=+0.500 gnd=4.0 sp=4212.66 horiz=4211.97 velH=0.0974 bodyH=0.0696 slip=+0.0277 d=(0.19377,0.02235) av=(4.60634e-06,0.0950875,-3.11722e-05)
in=(128,0,255,0) steer=+0.500 gnd=4.0 sp=4217.16 horiz=4216.47 velH=0.0761 bodyH=0.0483 slip=+0.0278 d=(0.19442,0.01824) av=(7.76435e-06,0.094718,-3.36123e-05)
in=(128,0,255,0) steer=+0.500 gnd=4.0 sp=4221.53 horiz=4220.84 velH=0.0548 bodyH=0.0270 slip=+0.0278 d=(0.19497,0.01410) av=(1.0652e-05,0.0945066,-3.50631e-05)
in=(128,0,255,0) steer=+0.500 gnd=4.0 sp=4225.77 horiz=4225.07 velH=0.0334 bodyH=0.0057 slip=+0.0278 d=(0.19543,0.00995) av=(1.29688e-05,0.0943852,-3.58026e-05)
in=(128,0,255,0) steer=+0.500 gnd=4.0 sp=4229.56 horiz=4228.87 velH=0.0121 bodyH=-0.0157 slip=+0.0278 d=(0.19578,0.00579) av=(1.38069e-05,0.0907125,-3.39912e-05)
in=(128,0,255,0) steer=+0.500 gnd=4.0 sp=4233.24 horiz=4232.54 velH=-0.0092 bodyH=-0.0370 slip=+0.0278 d=(0.19604,0.00162) av=(1.45247e-05,0.0886622,-3.21098e-05)
in=(128,0,255,0) steer=+0.500 gnd=4.0 sp=4236.81 horiz=4236.11 velH=-0.0305 bodyH=-0.0583 slip=+0.0278 d=(0.19620,-0.00256) av=(1.47535e-05,0.0875258,-3.03847e-05)
in=(128,0,255,0) steer=+0.500 gnd=4.0 sp=4240.08 horiz=4239.38 velH=-0.0518 bodyH=-0.0797 slip=+0.0279 d=(0.19626,-0.00675) av=(1.48338e-05,0.0941827,2.97074e-05)
in=(128,0,255,0) steer=+0.500 gnd=4.0 sp=4243.25 horiz=4242.55 velH=-0.0731 bodyH=-0.1010 slip=+0.0279 d=(0.19622,-0.01093) av=(1.48683e-05,0.0979527,6.36262e-05)
in=(128,0,255,0) steer=+0.500 gnd=4.0 sp=4246.33 horiz=4245.62 velH=-0.0944 bodyH=-0.1223 slip=+0.0279 d=(0.19609,-0.01513) av=(1.52725e-05,0.100093,8.26983e-05)
in=(128,0,255,0) steer=+0.500 gnd=4.0 sp=4249.30 horiz=4248.60 velH=-0.1158 bodyH=-0.1437 slip=+0.0279 d=(0.19586,-0.01932) av=(1.61248e-05,0.101312,9.33447e-05)
in=(128,0,255,0) steer=+0.500 gnd=4.0 sp=4252.19 horiz=4251.48 velH=-0.1371 bodyH=-0.1650 slip=+0.0279 d=(0.19554,-0.02350) av=(1.73719e-05,0.102011,9.9207e-05)
in=(128,0,255,0) steer=+0.500 gnd=4.0 sp=4254.98 horiz=4254.27 velH=-0.1584 bodyH=-0.1864 slip=+0.0279 d=(0.19513,-0.02769) av=(1.89248e-05,0.102416,0.000102349)
in=(128,0,255,0) steer=+0.500 gnd=4.0 sp=4257.69 horiz=4256.98 velH=-0.1797 bodyH=-0.2077 slip=+0.0280 d=(0.19462,-0.03186) av=(2.06982e-05,0.102654,0.000103937)
in=(128,0,255,0) steer=+0.500 gnd=4.0 sp=4260.10 horiz=4259.40 velH=-0.2011 bodyH=-0.2290 slip=+0.0280 d=(0.19402,-0.03603) av=(1.83568e-05,0.0975207,7.19242e-05)
in=(128,0,255,0) steer=+0.500 gnd=4.0 sp=4262.38 horiz=4261.67 velH=-0.2224 bodyH=-0.2504 slip=+0.0280 d=(0.19331,-0.04018) av=(2.4516e-05,0.0970538,7.18722e-05)
in=(128,0,255,0) steer=+0.500 gnd=4.0 sp=4264.58 horiz=4263.87 velH=-0.2437 bodyH=-0.2717 slip=+0.0280 d=(0.19251,-0.04432) av=(2.75854e-05,0.0968159,6.83619e-05)
in=(128,0,255,0) steer=+0.500 gnd=4.0 sp=4266.55 horiz=4265.84 velH=-0.2650 bodyH=-0.2930 slip=+0.0280 d=(0.19162,-0.04844) av=(3.59073e-05,0.0975555,5.59505e-05)
in=(128,0,255,0) steer=+0.500 gnd=4.0 sp=4268.41 horiz=4267.70 velH=-0.2864 bodyH=-0.3143 slip=+0.0280 d=(0.19063,-0.05254) av=(5.47776e-05,0.103203,5.89115e-05)
in=(128,0,255,0) steer=+0.500 gnd=4.0 sp=4270.22 horiz=4269.51 velH=-0.3077 bodyH=-0.3357 slip=+0.0280 d=(0.18955,-0.05661) av=(6.71587e-05,0.10637,4.62847e-05)
in=(128,0,255,0) steer=+0.500 gnd=4.0 sp=4271.98 horiz=4271.26 velH=-0.3290 bodyH=-0.3570 slip=+0.0280 d=(0.18838,-0.06067) av=(7.75076e-05,0.108138,2.53977e-05)
in=(128,0,255,0) steer=+0.500 gnd=4.0 sp=4273.68 horiz=4272.97 velH=-0.3503 bodyH=-0.3783 slip=+0.0280 d=(0.18712,-0.06470) av=(8.77375e-05,0.109115,-1.2401e-08)
in=(128,0,255,0) steer=+0.500 gnd=4.0 sp=4275.34 horiz=4274.63 velH=-0.3717 bodyH=-0.3996 slip=+0.0280 d=(0.18577,-0.06870) av=(9.85509e-05,0.109645,-2.80833e-05)
in=(128,0,255,0) steer=+0.500 gnd=4.0 sp=4276.96 horiz=4276.24 velH=-0.3930 bodyH=-0.4210 slip=+0.0280 d=(0.18433,-0.07267) av=(0.000110105,0.109921,-5.79165e-05)
in=(128,0,255,0) steer=+0.500 gnd=4.0 sp=4278.60 horiz=4277.87 velH=-0.4143 bodyH=-0.4423 slip=+0.0280 d=(0.18281,-0.07661) av=(0.000133629,0.11412,-8.48717e-05)
in=(128,0,255,0) steer=+0.500 gnd=4.0 sp=4280.38 horiz=4279.66 velH=-0.4356 bodyH=-0.4636 slip=+0.0280 d=(0.18121,-0.08052) av=(0.00015014,0.114995,-0.000110212)
in=(128,0,255,0) steer=+0.500 gnd=4.0 sp=4282.11 horiz=4281.38 velH=-0.4570 bodyH=-0.4850 slip=+0.0280 d=(0.17952,-0.08440) av=(0.000169989,0.115431,-0.000132442)
in=(128,0,255,0) steer=+0.500 gnd=4.0 sp=4283.88 horiz=4283.15 velH=-0.4783 bodyH=-0.5063 slip=+0.0280 d=(0.17776,-0.08825) av=(0.000203828,0.120672,-0.000157276)
in=(128,0,255,0) steer=+0.500 gnd=4.0 sp=4285.65 horiz=4284.92 velH=-0.4996 bodyH=-0.5276 slip=+0.0280 d=(0.17591,-0.09206) av=(0.000213701,0.117803,-0.000160929)
in=(128,0,255,0) steer=+0.500 gnd=4.0 sp=4287.42 horiz=4286.68 velH=-0.5209 bodyH=-0.5490 slip=+0.0280 d=(0.17398,-0.09583) av=(0.000214857,0.111456,-0.000160632)
in=(128,0,255,0) steer=+0.500 gnd=4.0 sp=4289.13 horiz=4288.39 velH=-0.5422 bodyH=-0.5703 slip=+0.0281 d=(0.17196,-0.09955) av=(0.000221242,0.107873,-0.000165373)
in=(128,0,255,0) steer=+0.500 gnd=4.0 sp=4290.79 horiz=4290.05 velH=-0.5636 bodyH=-0.5916 slip=+0.0281 d=(0.16987,-0.10324) av=(0.000227556,0.105852,-0.000171593)
in=(128,0,255,0) steer=+0.500 gnd=4.0 sp=4292.39 horiz=4291.66 velH=-0.5849 bodyH=-0.6130 slip=+0.0281 d=(0.16769,-0.10688) av=(0.000232011,0.104716,-0.000178008)
in=(128,0,255,0) steer=+0.500 gnd=4.0 sp=4293.95 horiz=4293.21 velH=-0.6062 bodyH=-0.6343 slip=+0.0281 d=(0.16544,-0.11047) av=(0.000234342,0.104078,-0.000184209)
in=(128,0,255,0) steer=+0.500 gnd=4.0 sp=4295.46 horiz=4294.72 velH=-0.6276 bodyH=-0.6556 slip=+0.0281 d=(0.16310,-0.11402) av=(0.00023477,0.103723,-0.000190095)
in=(128,0,255,0) steer=+0.500 gnd=4.0 sp=4296.92 horiz=4296.18 velH=-0.6489 bodyH=-0.6770 slip=+0.0281 d=(0.16069,-0.11751) av=(0.000233704,0.103527,-0.000195696)
in=(128,0,255,0) steer=+0.500 gnd=4.0 sp=4298.38 horiz=4297.64 velH=-0.6702 bodyH=-0.6983 slip=+0.0281 d=(0.15820,-0.12095) av=(0.000240396,0.106259,-0.000206682)
in=(128,0,255,0) steer=+0.500 gnd=4.0 sp=4299.75 horiz=4299.01 velH=-0.6916 bodyH=-0.7197 slip=+0.0281 d=(0.15563,-0.12434) av=(0.000235059,0.104972,-0.000208877)
in=(128,0,255,0) steer=+0.500 gnd=4.0 sp=4301.11 horiz=4300.37 velH=-0.7129 bodyH=-0.7410 slip=+0.0281 d=(0.15300,-0.12767) av=(0.000234626,0.106554,-0.000215364)
in=(128,0,255,0) steer=+0.500 gnd=4.0 sp=4302.46 horiz=4301.72 velH=-0.7342 bodyH=-0.7623 slip=+0.0281 d=(0.15029,-0.13095) av=(0.000240795,0.10932,-0.000224844)
in=(128,0,255,0) steer=+0.500 gnd=4.0 sp=4303.74 horiz=4303.00 velH=-0.7555 bodyH=-0.7837 slip=+0.0281 d=(0.14751,-0.13416) av=(0.000239033,0.108593,-0.000227256)
in=(128,0,255,0) steer=+0.500 gnd=4.0 sp=4304.94 horiz=4304.20 velH=-0.7769 bodyH=-0.8050 slip=+0.0281 d=(0.14465,-0.13732) av=(0.000227181,0.106313,-0.000223159)
in=(128,0,255,0) steer=+0.500 gnd=4.0 sp=4306.11 horiz=4305.37 velH=-0.7982 bodyH=-0.8263 slip=+0.0281 d=(0.14173,-0.14041) av=(0.000214704,0.105026,-0.000219909)
in=(128,0,255,0) steer=+0.500 gnd=4.0 sp=4307.23 horiz=4306.50 velH=-0.8195 bodyH=-0.8477 slip=+0.0281 d=(0.13874,-0.14344) av=(0.000203354,0.1043,-0.000218302)
in=(128,0,255,0) steer=+0.500 gnd=4.0 sp=4308.33 horiz=4307.59 velH=-0.8409 bodyH=-0.8690 slip=+0.0281 d=(0.13568,-0.14641) av=(0.000193533,0.103894,-0.000218231)
in=(128,0,255,0) steer=+0.500 gnd=4.0 sp=4309.39 horiz=4308.65 velH=-0.8622 bodyH=-0.8903 slip=+0.0281 d=(0.13256,-0.14931) av=(0.000185081,0.103667,-0.00021933)
in=(128,0,255,0) steer=+0.500 gnd=4.0 sp=4310.42 horiz=4309.68 velH=-0.8835 bodyH=-0.9117 slip=+0.0281 d=(0.12938,-0.15214) av=(0.000177743,0.103542,-0.000221272)
in=(128,0,255,0) steer=+0.500 gnd=4.0 sp=4311.41 horiz=4310.67 velH=-0.9049 bodyH=-0.9330 slip=+0.0281 d=(0.12613,-0.15490) av=(0.000171209,0.103474,-0.000223753)
in=(128,0,255,0) steer=+0.500 gnd=4.0 sp=4312.38 horiz=4311.64 velH=-0.9262 bodyH=-0.9544 slip=+0.0281 d=(0.12283,-0.15759) av=(0.000165217,0.103439,-0.000226551)
in=(128,0,255,0) steer=+0.500 gnd=4.0 sp=4313.31 horiz=4312.57 velH=-0.9475 bodyH=-0.9757 slip=+0.0281 d=(0.11946,-0.16021) av=(0.000159573,0.103423,-0.000229517)
in=(128,0,255,0) steer=+0.500 gnd=4.0 sp=4314.22 horiz=4313.48 velH=-0.9689 bodyH=-0.9970 slip=+0.0281 d=(0.11604,-0.16276) av=(0.000154139,0.103417,-0.000232548)
in=(128,0,255,0) steer=+0.500 gnd=4.0 sp=4315.09 horiz=4314.35 velH=-0.9902 bodyH=-1.0184 slip=+0.0281 d=(0.11257,-0.16523) av=(0.00014882,0.103416,-0.00023558)
in=(128,0,255,0) steer=+0.500 gnd=4.0 sp=4315.94 horiz=4315.20 velH=-1.0115 bodyH=-1.0397 slip=+0.0282 d=(0.10904,-0.16763) av=(0.000143553,0.103419,-0.000238571)
in=(128,0,255,0) steer=+0.500 gnd=4.0 sp=4316.77 horiz=4316.03 velH=-1.0329 bodyH=-1.0610 slip=+0.0282 d=(0.10546,-0.16995) av=(0.000138298,0.103423,-0.000241494)
in=(128,0,255,0) steer=+0.500 gnd=4.0 sp=4317.56 horiz=4316.82 velH=-1.0542 bodyH=-1.0824 slip=+0.0282 d=(0.10183,-0.17219) av=(0.000133029,0.103428,-0.000244331)
in=(128,0,255,0) steer=+0.500 gnd=4.0 sp=4318.34 horiz=4317.60 velH=-1.0756 bodyH=-1.1037 slip=+0.0282 d=(0.09815,-0.17436) av=(0.000127731,0.103433,-0.000247072)
in=(128,0,255,0) steer=+0.500 gnd=4.0 sp=4319.08 horiz=4318.34 velH=-1.0969 bodyH=-1.1250 slip=+0.0282 d=(0.09443,-0.17644) av=(0.000122395,0.103439,-0.000249709)
in=(128,0,255,0) steer=+0.500 gnd=4.0 sp=4319.81 horiz=4319.07 velH=-1.1182 bodyH=-1.1464 slip=+0.0282 d=(0.09066,-0.17845) av=(0.000117015,0.103445,-0.000252238)
in=(128,0,255,0) steer=+0.500 gnd=4.0 sp=4320.51 horiz=4319.77 velH=-1.1396 bodyH=-1.1677 slip=+0.0282 d=(0.08684,-0.18037) av=(0.00011159,0.103451,-0.000254655)
in=(128,0,255,0) steer=+0.500 gnd=4.0 sp=4321.19 horiz=4320.45 velH=-1.1609 bodyH=-1.1891 slip=+0.0282 d=(0.08299,-0.18221) av=(0.000106119,0.103456,-0.000256957)
in=(128,0,255,0) steer=+0.500 gnd=4.0 sp=4321.85 horiz=4321.11 velH=-1.1822 bodyH=-1.2104 slip=+0.0282 d=(0.07910,-0.18397) av=(0.000100603,0.103461,-0.000259143)
in=(128,0,255,0) steer=+0.500 gnd=4.0 sp=4322.49 horiz=4321.75 velH=-1.2036 bodyH=-1.2317 slip=+0.0282 d=(0.07517,-0.18565) av=(9.50441e-05,0.103467,-0.000261211)
in=(0,128,255,0) steer=-0.500 gnd=4.0 sp=4325.54 horiz=4325.51 velH=-1.2061 bodyH=-1.2104 slip=+0.0043 d=(0.07175,-0.18705) av=(1.99061e-05,0.0263739,-6.74441e-05)
in=(0,128,255,0) steer=-0.500 gnd=4.0 sp=4329.08 horiz=4328.98 velH=-1.1981 bodyH=-1.1891 slip=-0.0091 d=(0.07173,-0.18725) av=(-2.49345e-05,-0.0176897,4.24521e-05)
in=(0,128,255,0) steer=-0.500 gnd=4.0 sp=4331.77 horiz=4331.49 velH=-1.1845 bodyH=-1.1677 slip=-0.0168 d=(0.07350,-0.18672) av=(-5.27029e-05,-0.0430051,0.000104229)
in=(0,128,255,0) steer=-0.500 gnd=4.0 sp=4333.63 horiz=4333.18 velH=-1.1677 bodyH=-1.1464 slip=-0.0213 d=(0.07620,-0.18576) av=(-7.10818e-05,-0.0580584,0.000139656)
in=(0,128,255,0) steer=-0.500 gnd=4.0 sp=4334.87 horiz=4334.32 velH=-1.1491 bodyH=-1.1250 slip=-0.0240 d=(0.07940,-0.18449) av=(-8.39802e-05,-0.0671375,0.000159878)
in=(0,128,255,0) steer=-0.500 gnd=4.0 sp=4335.70 horiz=4335.08 velH=-1.1294 bodyH=-1.1037 slip=-0.0257 d=(0.08288,-0.18300) av=(-9.35747e-05,-0.0726607,0.000171116)
in=(0,128,255,0) steer=-0.500 gnd=4.0 sp=4336.28 horiz=4335.60 velH=-1.1090 bodyH=-1.0824 slip=-0.0267 d=(0.08651,-0.18135) av=(-0.000101118,-0.076038,0.000176961)
in=(0,128,255,0) steer=-0.500 gnd=4.0 sp=4336.68 horiz=4335.98 velH=-1.0883 bodyH=-1.0610 slip=-0.0273 d=(0.09020,-0.17957) av=(-0.000107355,-0.0781092,0.000179525)
in=(0,128,255,0) steer=-0.500 gnd=4.0 sp=4336.99 horiz=4336.27 velH=-1.0673 bodyH=-1.0397 slip=-0.0276 d=(0.09392,-0.17767) av=(-0.000112742,-0.0793815,0.000180071)
in=(0,128,255,0) steer=-0.500 gnd=4.0 sp=2645.70 horiz=2645.62 velH=-2.9679 bodyH=-2.9577 slip=-0.0102 d=(-0.11948,-0.01982) av=(-0.000118701,-0.0799977,-0.000507436)
in=(0,128,255,0) steer=-0.500 gnd=4.0 sp=2688.00 horiz=2687.84 velH=-2.9522 bodyH=-2.9364 slip=-0.0158 d=(-0.12120,-0.02162) av=(-0.000151937,-0.0749781,-0.000403689)
in=(0,128,255,0) steer=-0.500 gnd=4.0 sp=2729.23 horiz=2728.99 velH=-2.9340 bodyH=-2.9151 slip=-0.0189 d=(-0.12274,-0.02396) av=(-0.000129183,-0.0730677,-0.000284103)
in=(0,128,255,0) steer=-0.500 gnd=4.0 sp=2769.48 horiz=2769.19 velH=-2.9144 bodyH=-2.8937 slip=-0.0207 d=(-0.12413,-0.02662) av=(-9.56743e-05,-0.0725081,-0.000187502)
in=(0,128,255,0) steer=-0.500 gnd=4.0 sp=1716.90 horiz=1716.86 velH=-2.9668 bodyH=-2.9580 slip=-0.0088 d=(-0.07661,-0.01272) av=(-6.5011e-05,-0.0635395,-0.00014096)
in=(0,128,255,0) steer=-0.500 gnd=4.0 sp=1771.35 horiz=1771.27 velH=-2.9502 bodyH=-2.9367 slip=-0.0135 d=(-0.07894,-0.01420) av=(-4.4866e-05,-0.0650936,-9.56517e-05)
in=(0,128,255,0) steer=-0.500 gnd=4.0 sp=1119.86 horiz=1119.86 velH=-2.9677 bodyH=-2.9641 slip=-0.0036 d=(-0.04923,-0.00819) av=(-2.20358e-05,-0.0592009,-8.53301e-05)
in=(0,128,255,0) steer=-0.500 gnd=4.0 sp=708.98 horiz=708.98 velH=-2.9701 bodyH=-2.9697 slip=-0.0004 d=(-0.03114,-0.00517) av=(-9.35744e-06,-0.0440292,-6.72315e-05)
in=(0,128,255,0) steer=-0.500 gnd=4.0 sp=748.00 horiz=748.00 velH=-2.9604 bodyH=-2.9595 slip=-0.0009 d=(-0.03280,-0.00576) av=(-3.24999e-06,-0.0416519,-4.93322e-05)
in=(0,128,255,0) steer=-0.500 gnd=4.0 sp=473.83 horiz=473.83 velH=-2.9716 bodyH=-2.9729 slip=+0.0014 d=(-0.02080,-0.00345) av=(-3.62936e-06,-0.0282196,-3.87325e-05)
in=(0,128,255,0) steer=-0.500 gnd=4.0 sp=300.14 horiz=300.14 velH=-2.9727 bodyH=-2.9753 slip=+0.0026 d=(-0.01318,-0.00218) av=(-3.51534e-07,-0.00351914,-5.76225e-06)
in=(0,128,255,0) steer=-0.500 gnd=4.0 sp=203.40 horiz=203.40 velH=-2.9754 bodyH=-2.9768 slip=+0.0013 d=(-0.00850,-0.00141) av=(-3.53121e-10,0.0004344,-3.30153e-07)
in=(0,128,255,0) steer=-0.500 gnd=4.0 sp=142.03 horiz=142.03 velH=-2.9772 bodyH=-2.9776 slip=+0.0004 d=(-0.00581,-0.00096) av=(5.09051e-11,0.000174315,-1.80569e-09)
in=(0,128,255,0) steer=-0.500 gnd=4.0 sp=103.09 horiz=103.09 velH=-2.9780 bodyH=-2.9781 slip=+0.0001 d=(-0.00410,-0.00067) av=(5.55252e-14,5.03706e-05,-1.24785e-12)
in=(0,128,255,0) steer=-0.500 gnd=4.0 sp=78.36 horiz=78.36 velH=-2.9784 bodyH=-2.9785 slip=+0.0000 d=(-0.00301,-0.00050) av=(8.02969e-18,1.68616e-05,-1.46539e-16)
in=(0,128,255,0) steer=-0.500 gnd=4.0 sp=62.66 horiz=62.66 velH=-2.9787 bodyH=-2.9787 slip=+0.0000 d=(-0.00233,-0.00038) av=(2.47689e-22,6.81447e-06,-3.99917e-21)
in=(0,128,255,0) steer=-0.500 gnd=4.0 sp=52.69 horiz=52.69 velH=-2.9788 bodyH=-2.9788 slip=+0.0000 d=(-0.00189,-0.00031) av=(2.32414e-27,3.35173e-06,-3.47144e-26)
in=(0,128,255,0) steer=-0.500 gnd=4.0 sp=46.36 horiz=46.36 velH=-2.9789 bodyH=-2.9789 slip=+0.0000 d=(-0.00161,-0.00026) av=(9.04811e-33,1.97614e-06,-1.27538e-31)
in=(0,128,255,0) steer=-0.500 gnd=4.0 sp=42.33 horiz=42.33 velH=-2.9789 bodyH=-2.9790 slip=+0.0000 d=(-0.00144,-0.00024) av=(1.87739e-38,1.35587e-06,-2.52679e-37)
in=(0,128,255,0) steer=-0.500 gnd=4.0 sp=39.78 horiz=39.78 velH=-2.9790 bodyH=-2.9790 slip=+0.0000 d=(-0.00132,-0.00022) av=(2.52234e-44,1.04601e-06,-3.26503e-43)
in=(0,128,255,0) steer=-0.500 gnd=4.0 sp=38.16 horiz=38.16 velH=-2.9790 bodyH=-2.9790 slip=+0.0000 d=(-0.00125,-0.00021) av=(0,8.78821e-07,0)
in=(0,128,255,0) steer=-0.500 gnd=4.0 sp=37.13 horiz=37.13 velH=-2.9790 bodyH=-2.9790 slip=+0.0000 d=(-0.00121,-0.00020) av=(0,7.83542e-07,0)
in=(0,128,255,0) steer=-0.500 gnd=4.0 sp=36.47 horiz=36.47 velH=-2.9790 bodyH=-2.9790 slip=+0.0000 d=(-0.00118,-0.00019) av=(0,7.27172e-07,0)
in=(0,128,255,0) steer=-0.500 gnd=4.0 sp=36.06 horiz=36.06 velH=-2.9790 bodyH=-2.9790 slip=+0.0000 d=(-0.00116,-0.00019) av=(0,6.92972e-07,0)
in=(0,128,255,0) steer=-0.500 gnd=4.0 sp=35.79 horiz=35.79 velH=-2.9790 bodyH=-2.9790 slip=+0.0000 d=(-0.00115,-0.00019) av=(0,6.71882e-07,0)
in=(0,128,255,0) steer=-0.500 gnd=4.0 sp=35.63 horiz=35.63 velH=-2.9790 bodyH=-2.9790 slip=+0.0000 d=(-0.00114,-0.00019) av=(0,6.58738e-07,0)
in=(0,128,255,0) steer=-0.500 gnd=4.0 sp=35.52 horiz=35.52 velH=-2.9790 bodyH=-2.9790 slip=+0.0000 d=(-0.00114,-0.00019) av=(0,6.5049e-07,0)
in=(0,128,255,0) steer=-0.500 gnd=4.0 sp=35.45 horiz=35.45 velH=-2.9790 bodyH=-2.9790 slip=+0.0000 d=(-0.00113,-0.00019) av=(0,6.45294e-07,0)
in=(0,128,255,0) steer=-0.500 gnd=4.0 sp=35.41 horiz=35.41 velH=-2.9790 bodyH=-2.9790 slip=+0.0000 d=(-0.00113,-0.00019) av=(0,6.42004e-07,0)
in=(0,128,255,0) steer=-0.500 gnd=4.0 sp=13.14 horiz=13.14 velH=-2.9794 bodyH=-2.9794 slip=+0.0000 d=(-0.00015,-0.00002) av=(0,7.70133e-09,0)
in=(0,128,255,0) steer=-0.500 gnd=4.0 sp=26.80 horiz=26.80 velH=-2.9791 bodyH=-2.9791 slip=+0.0000 d=(-0.00075,-0.00012) av=(0,1.96206e-07,0)
in=(0,128,255,0) steer=-0.500 gnd=4.0 sp=41.26 horiz=41.26 velH=-2.9787 bodyH=-2.9787 slip=+0.0000 d=(-0.00139,-0.00023) av=(0,1.21757e-06,0)
in=(0,128,255,0) steer=-0.500 gnd=4.0 sp=56.56 horiz=56.56 velH=-2.9780 bodyH=-2.9780 slip=+0.0000 d=(-0.00206,-0.00034) av=(0,4.48326e-06,0)
in=(0,128,255,0) steer=-0.500 gnd=4.0 sp=72.76 horiz=72.76 velH=-2.9771 bodyH=-2.9772 slip=+0.0000 d=(-0.00277,-0.00046) av=(0,1.24909e-05,0)
in=(0,128,255,0) steer=-0.500 gnd=4.0 sp=89.90 horiz=89.90 velH=-2.9760 bodyH=-2.9761 slip=+0.0001 d=(-0.00352,-0.00059) av=(0,2.91825e-05,0)
in=(0,128,255,0) steer=-0.500 gnd=4.0 sp=108.03 horiz=108.03 velH=-2.9746 bodyH=-2.9747 slip=+0.0001 d=(-0.00431,-0.00072) av=(0,6.02412e-05,0)
in=(0,128,255,0) steer=-0.500 gnd=4.0 sp=127.21 horiz=127.21 velH=-2.9729 bodyH=-2.9731 slip=+0.0002 d=(-0.00515,-0.00087) av=(0,0.000113107,0)
in=(0,128,255,0) steer=-0.500 gnd=4.0 sp=147.49 horiz=147.49 velH=-2.9708 bodyH=-2.9713 slip=+0.0004 d=(-0.00604,-0.00104) av=(0,0.000196254,0)
in=(0,128,255,0) steer=-0.500 gnd=4.0 sp=168.94 horiz=168.94 velH=-2.9684 bodyH=-2.9691 slip=+0.0007 d=(-0.00698,-0.00121) av=(0,0.000316857,0)
in=(0,128,255,0) steer=-0.500 gnd=4.0 sp=191.61 horiz=191.61 velH=-2.9655 bodyH=-2.9666 slip=+0.0011 d=(-0.00797,-0.00141) av=(0,0.000475223,0)
in=(0,128,255,0) steer=-0.500 gnd=4.0 sp=215.58 horiz=215.57 velH=-2.9621 bodyH=-2.9638 slip=+0.0017 d=(-0.00901,-0.00162) av=(0,0.000652982,0)
in=(0,128,255,0) steer=-0.500 gnd=4.0 sp=240.90 horiz=240.90 velH=-2.9579 bodyH=-2.9606 slip=+0.0027 d=(-0.01011,-0.00185) av=(0,0.000749406,0)
in=(0,128,255,0) steer=-0.500 gnd=4.0 sp=261.05 horiz=261.05 velH=-2.9544 bodyH=-2.9571 slip=+0.0028 d=(-0.01127,-0.00212) av=(0,0.000427936,0)
in=(0,128,255,0) steer=-0.500 gnd=4.0 sp=275.56 horiz=275.56 velH=-2.9507 bodyH=-2.9534 slip=+0.0026 d=(-0.01205,-0.00230) av=(0,0.000106973,0)
in=(0,128,255,0) steer=-0.500 gnd=4.0 sp=290.89 horiz=290.89 velH=-2.9461 bodyH=-2.9494 slip=+0.0033 d=(-0.01271,-0.00247) av=(0,-0.000191901,0)
in=(0,128,255,0) steer=-0.500 gnd=4.0 sp=307.10 horiz=307.10 velH=-2.9406 bodyH=-2.9452 slip=+0.0046 d=(-0.01340,-0.00268) av=(0,-0.000489326,0)
in=(0,128,255,0) steer=-0.500 gnd=4.0 sp=324.22 horiz=324.22 velH=-2.9344 bodyH=-2.9408 slip=+0.0064 d=(-0.01413,-0.00291) av=(0,-0.000784948,0)
in=(0,128,255,0) steer=-0.500 gnd=4.0 sp=342.32 horiz=342.31 velH=-2.9301 bodyH=-2.9361 slip=+0.0060 d=(-0.01490,-0.00316) av=(0,-0.00279333,0)
in=(0,128,255,0) steer=-0.500 gnd=4.0 sp=361.42 horiz=361.42 velH=-2.9260 bodyH=-2.9311 slip=+0.0052 d=(-0.01572,-0.00340) av=(0,-0.0055217,0)
in=(0,128,255,0) steer=-0.500 gnd=4.0 sp=381.60 horiz=381.60 velH=-2.9213 bodyH=-2.9259 slip=+0.0046 d=(-0.01658,-0.00366) av=(0,-0.0075844,0)
in=(0,128,255,0) steer=-0.500 gnd=4.0 sp=402.90 horiz=402.90 velH=-2.9163 bodyH=-2.9204 slip=+0.0042 d=(-0.01749,-0.00394) av=(0,-0.00922528,0)
in=(0,128,255,0) steer=-0.500 gnd=4.0 sp=425.39 horiz=425.39 velH=-2.9108 bodyH=-2.9146 slip=+0.0038 d=(-0.01844,-0.00426) av=(0,-0.0106065,0)
in=(0,128,255,0) steer=-0.500 gnd=4.0 sp=449.13 horiz=449.13 velH=-2.9051 bodyH=-2.9085 slip=+0.0034 d=(-0.01945,-0.00460) av=(0,-0.01325,0)
in=(0,128,255,0) steer=-0.500 gnd=4.0 sp=474.19 horiz=474.19 velH=-2.8990 bodyH=-2.9020 slip=+0.0030 d=(-0.02051,-0.00498) av=(0,-0.0163226,0)
in=(0,128,255,0) steer=-0.500 gnd=4.0 sp=500.62 horiz=500.62 velH=-2.8925 bodyH=-2.8952 slip=+0.0026 d=(-0.02162,-0.00539) av=(0,-0.0186271,0)
in=(0,128,255,0) steer=-0.500 gnd=4.0 sp=528.49 horiz=528.49 velH=-2.8857 bodyH=-2.8880 slip=+0.0022 d=(-0.02278,-0.00584) av=(0,-0.0206759,0)
in=(0,128,255,0) steer=-0.500 gnd=4.0 sp=557.88 horiz=557.88 velH=-2.8785 bodyH=-2.8803 slip=+0.0018 d=(-0.02401,-0.00633) av=(0,-0.0227097,0)
in=(0,128,255,0) steer=-0.500 gnd=4.0 sp=588.87 horiz=588.87 velH=-2.8709 bodyH=-2.8723 slip=+0.0014 d=(-0.02529,-0.00687) av=(0,-0.0248374,0)
in=(0,128,255,0) steer=-0.500 gnd=4.0 sp=621.51 horiz=621.51 velH=-2.8629 bodyH=-2.8638 slip=+0.0009 d=(-0.02664,-0.00745) av=(0,-0.0271086,0)
in=(0,128,255,0) steer=-0.500 gnd=4.0 sp=655.91 horiz=655.91 velH=-2.8544 bodyH=-2.8548 slip=+0.0004 d=(-0.02805,-0.00809) av=(0,-0.0295468,0)
in=(0,128,255,0) steer=-0.500 gnd=4.0 sp=692.14 horiz=692.14 velH=-2.8455 bodyH=-2.8454 slip=-0.0001 d=(-0.02953,-0.00879) av=(0,-0.0321653,0)
in=(0,128,255,0) steer=-0.500 gnd=4.0 sp=730.27 horiz=730.27 velH=-2.8360 bodyH=-2.8354 slip=-0.0006 d=(-0.03108,-0.00956) av=(0,-0.0349741,0)
in=(0,128,255,0) steer=-0.500 gnd=4.0 sp=770.42 horiz=770.42 velH=-2.8261 bodyH=-2.8249 slip=-0.0012 d=(-0.03269,-0.01040) av=(0,-0.0379824,0)
in=(0,128,255,0) steer=-0.500 gnd=4.0 sp=812.65 horiz=812.65 velH=-2.8156 bodyH=-2.8138 slip=-0.0018 d=(-0.03437,-0.01132) av=(0,-0.0411998,0)
in=(0,128,255,0) steer=-0.500 gnd=4.0 sp=857.06 horiz=857.06 velH=-2.8045 bodyH=-2.8020 slip=-0.0025 d=(-0.03613,-0.01232) av=(0,-0.0446368,0)
in=(0,128,255,0) steer=-0.500 gnd=4.0 sp=903.75 horiz=903.75 velH=-2.7928 bodyH=-2.7897 slip=-0.0031 d=(-0.03795,-0.01342) av=(0,-0.0483043,0)
in=(0,128,255,0) steer=-0.500 gnd=4.0 sp=952.81 horiz=952.81 velH=-2.7805 bodyH=-2.7767 slip=-0.0039 d=(-0.03985,-0.01462) av=(0,-0.052214,0)
in=(0,128,255,0) steer=-0.500 gnd=4.0 sp=1004.34 horiz=1004.33 velH=-2.7676 bodyH=-2.7629 slip=-0.0046 d=(-0.04182,-0.01593) av=(0,-0.0563777,0)
in=(0,128,255,0) steer=-0.500 gnd=4.0 sp=1058.43 horiz=1058.42 velH=-2.7539 bodyH=-2.7484 slip=-0.0055 d=(-0.04385,-0.01737) av=(0,-0.060661,0)
in=(0,128,255,0) steer=-0.500 gnd=4.0 sp=1115.19 horiz=1115.18 velH=-2.7395 bodyH=-2.7332 slip=-0.0063 d=(-0.04595,-0.01894) av=(0,-0.0634327,0)
in=(0,128,255,0) steer=-0.500 gnd=4.0 sp=1173.85 horiz=1173.83 velH=-2.7244 bodyH=-2.7171 slip=-0.0073 d=(-0.04812,-0.02065) av=(0,-0.0650628,0)
in=(0,128,255,0) steer=-0.500 gnd=4.0 sp=1232.22 horiz=1232.19 velH=-2.7087 bodyH=-2.7002 slip=-0.0085 d=(-0.05028,-0.02249) av=(0,-0.0660434,0)
in=(0,128,255,0) steer=-0.500 gnd=4.0 sp=1290.25 horiz=1290.22 velH=-2.6923 bodyH=-2.6825 slip=-0.0098 d=(-0.05237,-0.02442) av=(0,-0.0666618,0)
in=(0,128,255,0) steer=-0.500 gnd=4.0 sp=1347.92 horiz=1347.87 velH=-2.6751 bodyH=-2.6639 slip=-0.0112 d=(-0.05437,-0.02646) av=(0,-0.0670409,0)
in=(0,128,255,0) steer=-0.500 gnd=4.0 sp=1405.18 horiz=1405.12 velH=-2.6571 bodyH=-2.6445 slip=-0.0125 d=(-0.05628,-0.02860) av=(0,-0.0672319,0)
in=(0,128,255,0) steer=-0.500 gnd=4.0 sp=1462.00 horiz=1461.93 velH=-2.6383 bodyH=-2.6244 slip=-0.0139 d=(-0.05809,-0.03086) av=(0,-0.0672558,0)
in=(0,128,255,0) steer=-0.500 gnd=4.0 sp=1518.35 horiz=1518.26 velH=-2.6186 bodyH=-2.6034 slip=-0.0153 d=(-0.05980,-0.03323) av=(0,-0.0671211,0)
in=(0,128,255,0) steer=-0.500 gnd=4.0 sp=1574.21 horiz=1574.11 velH=-2.5983 bodyH=-2.5820 slip=-0.0163 d=(-0.06138,-0.03572) av=(0,-0.066961,0)
in=(0,128,255,0) steer=-0.500 gnd=4.0 sp=1629.58 horiz=1629.46 velH=-2.5777 bodyH=-2.5607 slip=-0.0170 d=(-0.06285,-0.03830) av=(0,-0.0669134,0)
in=(0,128,255,0) steer=-0.500 gnd=4.0 sp=1684.44 horiz=1684.31 velH=-2.5569 bodyH=-2.5393 slip=-0.0175 d=(-0.06420,-0.04097) av=(0,-0.067017,0)
in=(0,128,255,0) steer=-0.500 gnd=4.0 sp=1738.79 horiz=1738.64 velH=-2.5360 bodyH=-2.5180 slip=-0.0180 d=(-0.06544,-0.04371) av=(0,-0.0672264,0)
in=(0,128,255,0) steer=-0.500 gnd=4.0 sp=1792.60 horiz=1792.44 velH=-2.5150 bodyH=-2.4967 slip=-0.0183 d=(-0.06657,-0.04650) av=(0,-0.0674803,0)
in=(0,128,255,0) steer=-0.500 gnd=4.0 sp=1845.86 horiz=1845.70 velH=-2.4940 bodyH=-2.4753 slip=-0.0187 d=(-0.06759,-0.04935) av=(0,-0.0677511,0)
in=(0,128,255,0) steer=-0.500 gnd=4.0 sp=1898.56 horiz=1898.39 velH=-2.4730 bodyH=-2.4540 slip=-0.0190 d=(-0.06850,-0.05226) av=(0,-0.0680266,0)
in=(0,128,255,0) steer=-0.500 gnd=4.0 sp=1950.68 horiz=1950.49 velH=-2.4519 bodyH=-2.4327 slip=-0.0193 d=(-0.06929,-0.05520) av=(0,-0.0683016,0)
in=(0,128,255,0) steer=-0.500 gnd=4.0 sp=2002.19 horiz=2002.00 velH=-2.4308 bodyH=-2.4113 slip=-0.0195 d=(-0.06996,-0.05819) av=(0,-0.0685739,0)
in=(0,128,255,0) steer=-0.500 gnd=4.0 sp=2053.10 horiz=2052.90 velH=-2.4098 bodyH=-2.3900 slip=-0.0198 d=(-0.07052,-0.06121) av=(0,-0.0688426,0)
in=(0,128,255,0) steer=-0.500 gnd=4.0 sp=2103.38 horiz=2103.17 velH=-2.3887 bodyH=-2.3686 slip=-0.0200 d=(-0.07096,-0.06426) av=(0,-0.0691075,0)
in=(0,128,255,0) steer=-0.500 gnd=4.0 sp=2153.01 horiz=2152.79 velH=-2.3676 bodyH=-2.3473 slip=-0.0203 d=(-0.07128,-0.06734) av=(0,-0.0693687,0)
in=(0,128,255,0) steer=-0.500 gnd=4.0 sp=2202.00 horiz=2201.77 velH=-2.3465 bodyH=-2.3260 slip=-0.0205 d=(-0.07147,-0.07043) av=(0,-0.0696262,0)
in=(0,128,255,0) steer=-0.500 gnd=4.0 sp=2250.32 horiz=2250.08 velH=-2.3253 bodyH=-2.3046 slip=-0.0207 d=(-0.07155,-0.07355) av=(0,-0.0698799,0)
in=(0,128,255,0) steer=-0.500 gnd=4.0 sp=2297.96 horiz=2297.72 velH=-2.3042 bodyH=-2.2833 slip=-0.0209 d=(-0.07150,-0.07667) av=(0,-0.07013,0)
in=(0,128,255,0) steer=-0.500 gnd=4.0 sp=2344.93 horiz=2344.67 velH=-2.2831 bodyH=-2.2620 slip=-0.0211 d=(-0.07133,-0.07981) av=(0,-0.0703765,0)
in=(0,128,255,0) steer=-0.500 gnd=4.0 sp=2391.19 horiz=2390.93 velH=-2.2619 bodyH=-2.2406 slip=-0.0213 d=(-0.07104,-0.08294) av=(0,-0.0706194,0)
in=(0,128,255,0) steer=-0.500 gnd=4.0 sp=2436.76 horiz=2436.49 velH=-2.2408 bodyH=-2.2193 slip=-0.0215 d=(-0.07063,-0.08608) av=(0,-0.0708587,0)
in=(0,128,255,0) steer=-0.500 gnd=4.0 sp=2481.63 horiz=2481.34 velH=-2.2196 bodyH=-2.1980 slip=-0.0217 d=(-0.07009,-0.08921) av=(0,-0.0710944,0)
in=(0,128,255,0) steer=-0.500 gnd=4.0 sp=2525.78 horiz=2525.48 velH=-2.1985 bodyH=-2.1766 slip=-0.0219 d=(-0.06943,-0.09232) av=(0,-0.0713266,0)
in=(0,128,255,0) steer=-0.500 gnd=4.0 sp=2569.21 horiz=2568.91 velH=-2.1773 bodyH=-2.1553 slip=-0.0220 d=(-0.06866,-0.09542) av=(0,-0.0715552,0)
in=(0,128,255,0) steer=-0.500 gnd=4.0 sp=2611.92 horiz=2611.61 velH=-2.1561 bodyH=-2.1339 slip=-0.0222 d=(-0.06776,-0.09851) av=(0,-0.0717803,0)
in=(0,128,255,0) steer=-0.500 gnd=4.0 sp=2653.90 horiz=2653.59 velH=-2.1350 bodyH=-2.1126 slip=-0.0224 d=(-0.06674,-0.10157) av=(0,-0.0720018,0)
in=(0,128,255,0) steer=-0.500 gnd=4.0 sp=2695.16 horiz=2694.84 velH=-2.1138 bodyH=-2.0913 slip=-0.0225 d=(-0.06560,-0.10460) av=(0,-0.0722198,0)
in=(0,128,255,0) steer=-0.500 gnd=4.0 sp=2735.69 horiz=2735.36 velH=-2.0926 bodyH=-2.0699 slip=-0.0227 d=(-0.06435,-0.10760) av=(0,-0.0724342,0)
in=(0,128,255,0) steer=-0.500 gnd=4.0 sp=2775.49 horiz=2775.15 velH=-2.0714 bodyH=-2.0486 slip=-0.0228 d=(-0.06298,-0.11056) av=(0,-0.0726451,0)
in=(0,128,255,0) steer=-0.500 gnd=4.0 sp=2814.57 horiz=2814.21 velH=-2.0502 bodyH=-2.0273 slip=-0.0230 d=(-0.06150,-0.11348) av=(0,-0.0728525,0)
in=(0,128,255,0) steer=-0.500 gnd=4.0 sp=2852.91 horiz=2852.55 velH=-2.0290 bodyH=-2.0059 slip=-0.0231 d=(-0.05991,-0.11636) av=(0,-0.0730563,0)
in=(0,128,255,0) steer=-0.500 gnd=4.0 sp=2890.52 horiz=2890.16 velH=-2.0078 bodyH=-1.9846 slip=-0.0232 d=(-0.05821,-0.11919) av=(0,-0.0732566,0)
in=(0,128,255,0) steer=-0.500 gnd=4.0 sp=2927.41 horiz=2927.04 velH=-1.9866 bodyH=-1.9632 slip=-0.0234 d=(-0.05640,-0.12198) av=(0,-0.0734533,0)
in=(0,128,255,0) steer=-0.500 gnd=4.0 sp=2963.58 horiz=2963.20 velH=-1.9654 bodyH=-1.9419 slip=-0.0235 d=(-0.05448,-0.12470) av=(0,-0.0736466,0)
in=(0,128,255,0) steer=-0.500 gnd=4.0 sp=2999.03 horiz=2998.64 velH=-1.9442 bodyH=-1.9206 slip=-0.0236 d=(-0.05246,-0.12737) av=(0,-0.0738365,0)
in=(0,128,255,0) steer=-0.500 gnd=4.0 sp=3033.76 horiz=3033.36 velH=-1.9230 bodyH=-1.8992 slip=-0.0238 d=(-0.05033,-0.12998) av=(0,-0.0740228,0)
in=(0,128,255,0) steer=-0.500 gnd=4.0 sp=3067.78 horiz=3067.37 velH=-1.9018 bodyH=-1.8779 slip=-0.0239 d=(-0.04811,-0.13252) av=(0,-0.0742056,0)
in=(255,0,255,0) steer=+1.000 gnd=4.0 sp=3100.07 horiz=3100.02 velH=-1.9117 bodyH=-1.9204 slip=+0.0087 d=(-0.04650,-0.13475) av=(0,0.0363083,0)
in=(255,0,255,0) steer=+1.000 gnd=4.0 sp=3130.38 horiz=3129.89 velH=-1.9348 bodyH=-1.9629 slip=+0.0281 d=(-0.04870,-0.13555) av=(0,0.103827,0)
in=(255,0,255,0) steer=+1.000 gnd=4.0 sp=3157.81 horiz=3156.83 velH=-1.9651 bodyH=-2.0054 slip=+0.0403 d=(-0.05250,-0.13558) av=(0,0.145175,0)
in=(255,0,255,0) steer=+1.000 gnd=4.0 sp=3182.73 horiz=3181.36 velH=-1.9998 bodyH=-2.0479 slip=+0.0481 d=(-0.05718,-0.13500) av=(0,0.171047,0)
in=(255,0,255,0) steer=+1.000 gnd=4.0 sp=3205.68 horiz=3204.00 velH=-2.0371 bodyH=-2.0904 slip=+0.0534 d=(-0.06236,-0.13392) av=(0,0.18863,0)
in=(255,0,255,0) steer=+1.000 gnd=4.0 sp=3227.08 horiz=3225.19 velH=-2.0760 bodyH=-2.1329 slip=+0.0569 d=(-0.06783,-0.13240) av=(0,0.200643,0)
in=(255,0,255,0) steer=+1.000 gnd=4.0 sp=3247.26 horiz=3245.21 velH=-2.1160 bodyH=-2.1754 slip=+0.0594 d=(-0.07343,-0.13049) av=(0,0.208959,0)
in=(255,0,255,0) steer=+1.000 gnd=4.0 sp=3266.44 horiz=3264.27 velH=-2.1568 bodyH=-2.2179 slip=+0.0611 d=(-0.07910,-0.12822) av=(0,0.214813,0)
in=(255,0,255,0) steer=+1.000 gnd=4.0 sp=3284.79 horiz=3282.53 velH=-2.1980 bodyH=-2.2604 slip=+0.0624 d=(-0.08476,-0.12561) av=(0,0.219022,0)
in=(255,0,255,0) steer=+1.000 gnd=4.0 sp=3302.43 horiz=3300.09 velH=-2.2396 bodyH=-2.3029 slip=+0.0634 d=(-0.09037,-0.12268) av=(0,0.222122,0)
in=(255,0,255,0) steer=+1.000 gnd=4.0 sp=3319.42 horiz=3317.03 velH=-2.2813 bodyH=-2.3454 slip=+0.0641 d=(-0.09589,-0.11944) av=(0,0.224473,0)
in=(255,0,255,0) steer=+1.000 gnd=4.0 sp=3335.84 horiz=3333.40 velH=-2.3232 bodyH=-2.3879 slip=+0.0647 d=(-0.10131,-0.11592) av=(0,0.226313,0)
in=(255,0,255,0) steer=+1.000 gnd=4.0 sp=3351.72 horiz=3349.24 velH=-2.3652 bodyH=-2.4304 slip=+0.0652 d=(-0.10660,-0.11212) av=(0,0.227803,0)
in=(255,0,255,0) steer=+1.000 gnd=4.0 sp=3367.10 horiz=3364.59 velH=-2.4073 bodyH=-2.4729 slip=+0.0656 d=(-0.11174,-0.10805) av=(0,0.22905,0)
in=(255,0,255,0) steer=+1.000 gnd=4.0 sp=3382.01 horiz=3379.46 velH=-2.4494 bodyH=-2.5154 slip=+0.0660 d=(-0.11671,-0.10372) av=(0,0.230128,0)
in=(255,0,255,0) steer=+1.000 gnd=4.0 sp=3396.46 horiz=3393.89 velH=-2.4916 bodyH=-2.5579 slip=+0.0663 d=(-0.12151,-0.09915) av=(0,0.231085,0)
in=(255,0,255,0) steer=+1.000 gnd=4.0 sp=3410.47 horiz=3407.87 velH=-2.5338 bodyH=-2.6004 slip=+0.0666 d=(-0.12611,-0.09433) av=(0,0.231955,0)
in=(255,0,255,0) steer=+1.000 gnd=4.0 sp=3424.06 horiz=3421.44 velH=-2.5760 bodyH=-2.6429 slip=+0.0669 d=(-0.13051,-0.08930) av=(0,0.232761,0)
in=(255,0,255,0) steer=+1.000 gnd=4.0 sp=3437.25 horiz=3434.60 velH=-2.6182 bodyH=-2.6854 slip=+0.0672 d=(-0.13469,-0.08404) av=(0,0.233518,0)
in=(255,0,255,0) steer=+1.000 gnd=4.0 sp=3450.04 horiz=3447.37 velH=-2.6605 bodyH=-2.7279 slip=+0.0675 d=(-0.13864,-0.07858) av=(0,0.234237,0)
in=(255,0,255,0) steer=+1.000 gnd=4.0 sp=3462.44 horiz=3459.75 velH=-2.7027 bodyH=-2.7704 slip=+0.0677 d=(-0.14236,-0.07292) av=(0,0.234926,0)
in=(255,0,255,0) steer=+1.000 gnd=4.0 sp=3474.47 horiz=3471.75 velH=-2.7450 bodyH=-2.8129 slip=+0.0680 d=(-0.14583,-0.06708) av=(0,0.235588,0)
in=(255,0,255,0) steer=+1.000 gnd=4.0 sp=3486.13 horiz=3483.40 velH=-2.7872 bodyH=-2.8554 slip=+0.0682 d=(-0.14905,-0.06107) av=(0,0.236229,0)
in=(255,0,255,0) steer=+1.000 gnd=4.0 sp=3497.44 horiz=3494.69 velH=-2.8295 bodyH=-2.8980 slip=+0.0685 d=(-0.15200,-0.05490) av=(0,0.23685,0)
in=(255,0,255,0) steer=+1.000 gnd=4.0 sp=3508.41 horiz=3505.63 velH=-2.8718 bodyH=-2.9405 slip=+0.0687 d=(-0.15468,-0.04859) av=(0,0.237454,0)
in=(255,0,255,0) steer=+1.000 gnd=4.0 sp=3519.04 horiz=3516.24 velH=-2.9141 bodyH=-2.9830 slip=+0.0689 d=(-0.15708,-0.04214) av=(0,0.238041,0)
in=(255,0,255,0) steer=+1.000 gnd=4.0 sp=3529.34 horiz=3526.53 velH=-2.9563 bodyH=-3.0255 slip=+0.0691 d=(-0.15920,-0.03556) av=(0,0.238612,0)
in=(255,0,255,0) steer=+1.000 gnd=4.0 sp=3539.33 horiz=3536.49 velH=-2.9986 bodyH=-3.0680 slip=+0.0693 d=(-0.16102,-0.02889) av=(0,0.239169,0)
in=(255,0,255,0) steer=+1.000 gnd=4.0 sp=3549.00 horiz=3546.15 velH=-3.0409 bodyH=-3.1105 slip=+0.0695 d=(-0.16255,-0.02211) av=(0,0.239711,0)
in=(255,0,255,0) steer=+1.000 gnd=4.0 sp=3558.38 horiz=3555.51 velH=-3.0832 bodyH=3.1302 slip=+0.0697 d=(-0.16379,-0.01526) av=(0,0.240239,0)
in=(255,0,255,0) steer=+1.000 gnd=4.0 sp=3567.46 horiz=3564.58 velH=-3.1256 bodyH=3.0877 slip=+0.0699 d=(-0.16471,-0.00834) av=(0,0.240754,0)
in=(255,0,255,0) steer=+1.000 gnd=4.0 sp=2187.56 horiz=2187.36 velH=1.2976 bodyH=1.2773 slip=+0.0202 d=(0.02516,0.09653) av=(0,0.2219,0)
in=(255,0,255,0) steer=+1.000 gnd=4.0 sp=2232.58 horiz=2232.08 velH=1.2668 bodyH=1.2348 slip=+0.0320 d=(0.02806,0.09797) av=(0,0.202932,0)
in=(255,0,255,0) steer=+1.000 gnd=4.0 sp=2275.71 horiz=2274.97 velH=1.2314 bodyH=1.1923 slip=+0.0390 d=(0.03178,0.09898) av=(0,0.193658,0)
in=(255,0,255,0) steer=+1.000 gnd=4.0 sp=2317.30 horiz=2316.37 velH=1.1933 bodyH=1.1498 slip=+0.0434 d=(0.03599,0.09963) av=(0,0.190452,0)
in=(255,0,255,0) steer=+1.000 gnd=4.0 sp=2357.62 horiz=2356.56 velH=1.1536 bodyH=1.1073 slip=+0.0463 d=(0.04050,0.09994) av=(0,0.189964,0)
in=(255,0,255,0) steer=+1.000 gnd=4.0 sp=2396.88 horiz=2395.72 velH=1.1130 bodyH=1.0648 slip=+0.0482 d=(0.04521,0.09994) av=(0,0.190671,0)
in=(255,0,255,0) steer=+1.000 gnd=4.0 sp=2435.19 horiz=2433.95 velH=1.0719 bodyH=1.0223 slip=+0.0496 d=(0.05005,0.09963) av=(0,0.191868,0)
in=(255,0,255,0) steer=+1.000 gnd=4.0 sp=2472.63 horiz=2471.33 velH=1.0305 bodyH=0.9798 slip=+0.0507 d=(0.05496,0.09903) av=(0,0.193238,0)
in=(255,0,255,0) steer=+1.000 gnd=4.0 sp=2509.27 horiz=2507.91 velH=0.9888 bodyH=0.9373 slip=+0.0515 d=(0.05992,0.09813) av=(0,0.194639,0)
in=(255,0,255,0) steer=+1.000 gnd=4.0 sp=2545.12 horiz=2543.72 velH=0.9470 bodyH=0.8948 slip=+0.0522 d=(0.06489,0.09695) av=(0,0.196018,0)
in=(255,0,255,0) steer=+1.000 gnd=4.0 sp=2580.22 horiz=2578.77 velH=0.9052 bodyH=0.8523 slip=+0.0529 d=(0.06986,0.09549) av=(0,0.197357,0)
in=(255,0,255,0) steer=+1.000 gnd=4.0 sp=2614.57 horiz=2613.08 velH=0.8632 bodyH=0.8098 slip=+0.0534 d=(0.07481,0.09374) av=(0,0.198655,0)
in=(255,0,255,0) steer=+1.000 gnd=4.0 sp=2648.19 horiz=2646.66 velH=0.8213 bodyH=0.7673 slip=+0.0540 d=(0.07971,0.09172) av=(0,0.199916,0)
in=(255,0,255,0) steer=+1.000 gnd=4.0 sp=2681.09 horiz=2679.51 velH=0.7793 bodyH=0.7248 slip=+0.0545 d=(0.08455,0.08942) av=(0,0.201146,0)
in=(255,0,255,0) steer=+1.000 gnd=4.0 sp=2713.27 horiz=2711.66 velH=0.7373 bodyH=0.6823 slip=+0.0550 d=(0.08931,0.08685) av=(0,0.20235,0)
in=(255,0,255,0) steer=+1.000 gnd=4.0 sp=2744.74 horiz=2743.09 velH=0.6953 bodyH=0.6398 slip=+0.0555 d=(0.09398,0.08401) av=(0,0.20353,0)
in=(255,0,255,0) steer=+1.000 gnd=4.0 sp=2775.51 horiz=2773.82 velH=0.6533 bodyH=0.5973 slip=+0.0560 d=(0.09855,0.08091) av=(0,0.204692,0)
in=(255,0,255,0) steer=+1.000 gnd=4.0 sp=2805.58 horiz=2803.86 velH=0.6112 bodyH=0.5548 slip=+0.0564 d=(0.10299,0.07755) av=(0,0.205835,0)
in=(255,0,255,0) steer=+1.000 gnd=4.0 sp=2834.97 horiz=2833.21 velH=0.5692 bodyH=0.5123 slip=+0.0569 d=(0.10730,0.07394) av=(0,0.206963,0)
in=(255,0,255,0) steer=+1.000 gnd=4.0 sp=2863.67 horiz=2861.87 velH=0.5271 bodyH=0.4698 slip=+0.0573 d=(0.11146,0.07009) av=(0,0.208075,0)
in=(255,0,255,0) steer=+1.000 gnd=4.0 sp=2891.71 horiz=2889.87 velH=0.4851 bodyH=0.4273 slip=+0.0578 d=(0.11545,0.06600) av=(0,0.209173,0)
in=(255,0,255,0) steer=+1.000 gnd=4.0 sp=2919.07 horiz=2917.20 velH=0.4430 bodyH=0.3848 slip=+0.0582 d=(0.11927,0.06168) av=(0,0.210256,0)
in=(255,0,255,0) steer=+1.000 gnd=4.0 sp=2945.78 horiz=2943.87 velH=0.4009 bodyH=0.3423 slip=+0.0586 d=(0.12290,0.05714) av=(0,0.211324,0)
in=(255,0,255,0) steer=+1.000 gnd=4.0 sp=2971.84 horiz=2969.90 velH=0.3588 bodyH=0.2998 slip=+0.0591 d=(0.12633,0.05239) av=(0,0.212379,0)
in=(255,0,255,0) steer=+1.000 gnd=4.0 sp=2997.26 horiz=2995.29 velH=0.3168 bodyH=0.2573 slip=+0.0595 d=(0.12955,0.04744) av=(0,0.213419,0)
in=(255,0,255,0) steer=+1.000 gnd=4.0 sp=3022.05 horiz=3020.04 velH=0.2747 bodyH=0.2148 slip=+0.0599 d=(0.13255,0.04230) av=(0,0.214445,0)
in=(255,0,255,0) steer=+1.000 gnd=4.0 sp=3046.22 horiz=3044.18 velH=0.2326 bodyH=0.1723 slip=+0.0603 d=(0.13531,0.03699) av=(0,0.215456,0)
in=(255,0,255,0) steer=+1.000 gnd=4.0 sp=3069.78 horiz=3067.70 velH=0.1904 bodyH=0.1298 slip=+0.0607 d=(0.13783,0.03151) av=(0,0.216453,0)
in=(255,0,255,0) steer=+1.000 gnd=4.0 sp=3092.73 horiz=3090.62 velH=0.1483 bodyH=0.0873 slip=+0.0611 d=(0.14010,0.02588) av=(0,0.217435,0)
in=(255,0,255,0) steer=+1.000 gnd=4.0 sp=3115.09 horiz=3112.95 velH=0.1062 bodyH=0.0448 slip=+0.0614 d=(0.14211,0.02010) av=(0,0.218402,0)
in=(255,0,255,0) steer=+1.000 gnd=4.0 sp=3136.87 horiz=3134.69 velH=0.0641 bodyH=0.0023 slip=+0.0618 d=(0.14385,0.01420) av=(0,0.219354,0)
in=(255,0,255,0) steer=+1.000 gnd=4.0 sp=3158.07 horiz=3155.87 velH=0.0219 bodyH=-0.0402 slip=+0.0622 d=(0.14533,0.00819) av=(0,0.220291,0)
in=(255,0,255,0) steer=+1.000 gnd=4.0 sp=3178.71 horiz=3176.48 velH=-0.0202 bodyH=-0.0827 slip=+0.0625 d=(0.14652,0.00207) av=(0,0.221213,0)
in=(255,0,255,0) steer=+1.000 gnd=4.0 sp=3198.80 horiz=3196.54 velH=-0.0624 bodyH=-0.1252 slip=+0.0629 d=(0.14742,-0.00413) av=(0,0.22212,0)
in=(255,0,255,0) steer=+1.000 gnd=4.0 sp=3218.35 horiz=3216.06 velH=-0.1045 bodyH=-0.1677 slip=+0.0632 d=(0.14804,-0.01040) av=(0,0.223011,0)
in=(255,0,255,0) steer=+1.000 gnd=4.0 sp=3237.37 horiz=3235.05 velH=-0.1467 bodyH=-0.2102 slip=+0.0636 d=(0.14836,-0.01673) av=(0,0.223887,0)
in=(255,0,255,0) steer=+1.000 gnd=4.0 sp=3255.87 horiz=3253.51 velH=-0.1889 bodyH=-0.2528 slip=+0.0639 d=(0.14839,-0.02311) av=(0,0.224748,0)
in=(255,0,255,0) steer=+1.000 gnd=4.0 sp=3273.85 horiz=3271.47 velH=-0.2311 bodyH=-0.2953 slip=+0.0642 d=(0.14812,-0.02951) av=(0,0.225593,0)
in=(255,0,255,0) steer=+1.000 gnd=4.0 sp=3291.34 horiz=3288.93 velH=-0.2732 bodyH=-0.3378 slip=+0.0645 d=(0.14754,-0.03592) av=(0,0.226423,0)
in=(255,0,255,0) steer=+1.000 gnd=4.0 sp=3308.33 horiz=3305.90 velH=-0.3154 bodyH=-0.3803 slip=+0.0648 d=(0.14667,-0.04234) av=(0,0.227238,0)
in=(255,0,255,0) steer=+1.000 gnd=4.0 sp=3324.85 horiz=3322.39 velH=-0.3576 bodyH=-0.4228 slip=+0.0651 d=(0.14549,-0.04873) av=(0,0.228037,0)
in=(255,0,255,0) steer=+1.000 gnd=4.0 sp=3340.90 horiz=3338.41 velH=-0.3998 bodyH=-0.4653 slip=+0.0654 d=(0.14402,-0.05510) av=(0,0.22882,0)
in=(255,0,255,0) steer=+1.000 gnd=4.0 sp=3356.49 horiz=3353.97 velH=-0.4420 bodyH=-0.5078 slip=+0.0657 d=(0.14224,-0.06142) av=(0,0.229589,0)
in=(255,0,255,0) steer=+1.000 gnd=4.0 sp=3371.63 horiz=3369.09 velH=-0.4843 bodyH=-0.5503 slip=+0.0660 d=(0.14017,-0.06768) av=(0,0.230342,0)
in=(255,0,255,0) steer=+1.000 gnd=4.0 sp=3386.33 horiz=3383.77 velH=-0.5265 bodyH=-0.5928 slip=+0.0663 d=(0.13780,-0.07386) av=(0,0.23108,0)
in=(255,0,255,0) steer=+1.000 gnd=4.0 sp=3400.61 horiz=3398.02 velH=-0.5687 bodyH=-0.6353 slip=+0.0666 d=(0.13514,-0.07995) av=(0,0.231802,0)
in=(255,0,255,0) steer=+1.000 gnd=4.0 sp=3414.47 horiz=3411.86 velH=-0.6109 bodyH=-0.6778 slip=+0.0668 d=(0.13220,-0.08595) av=(0,0.23251,0)
in=(255,0,255,0) steer=+1.000 gnd=4.0 sp=3427.92 horiz=3425.28 velH=-0.6532 bodyH=-0.7203 slip=+0.0671 d=(0.12897,-0.09182) av=(0,0.233203,0)
in=(255,0,255,0) steer=+1.000 gnd=4.0 sp=3440.97 horiz=3438.32 velH=-0.6954 bodyH=-0.7628 slip=+0.0673 d=(0.12546,-0.09756) av=(0,0.23388,0)
in=(255,0,255,0) steer=+1.000 gnd=4.0 sp=3453.64 horiz=3450.96 velH=-0.7377 bodyH=-0.8053 slip=+0.0676 d=(0.12169,-0.10316) av=(0,0.234543,0)
in=(255,0,255,0) steer=+1.000 gnd=4.0 sp=3465.92 horiz=3463.22 velH=-0.7799 bodyH=-0.8478 slip=+0.0678 d=(0.11765,-0.10861) av=(0,0.235192,0)
in=(255,0,255,0) steer=+1.000 gnd=4.0 sp=3477.84 horiz=3475.12 velH=-0.8222 bodyH=-0.8903 slip=+0.0681 d=(0.11336,-0.11388) av=(0,0.235825,0)
in=(255,0,255,0) steer=+1.000 gnd=4.0 sp=3489.40 horiz=3486.66 velH=-0.8645 bodyH=-0.9328 slip=+0.0683 d=(0.10881,-0.11897) av=(0,0.236445,0)
in=(255,0,255,0) steer=+1.000 gnd=4.0 sp=3500.61 horiz=3497.85 velH=-0.9068 bodyH=-0.9753 slip=+0.0685 d=(0.10403,-0.12387) av=(0,0.23705,0)
in=(255,0,255,0) steer=+1.000 gnd=4.0 sp=3511.47 horiz=3508.69 velH=-0.9490 bodyH=-1.0178 slip=+0.0688 d=(0.09902,-0.12856) av=(0,0.237641,0)
in=(255,0,255,0) steer=+1.000 gnd=4.0 sp=3522.01 horiz=3519.21 velH=-0.9913 bodyH=-1.0603 slip=+0.0690 d=(0.09378,-0.13304) av=(0,0.238218,0)
in=(255,0,255,0) steer=+1.000 gnd=4.0 sp=3532.22 horiz=3529.40 velH=-1.0336 bodyH=-1.1028 slip=+0.0692 d=(0.08833,-0.13729) av=(0,0.238781,0)
in=(255,0,255,0) steer=+1.000 gnd=4.0 sp=3542.12 horiz=3539.28 velH=-1.0759 bodyH=-1.1453 slip=+0.0694 d=(0.08269,-0.14131) av=(0,0.239331,0)
in=(255,0,255,0) steer=+1.000 gnd=4.0 sp=3551.71 horiz=3548.85 velH=-1.1182 bodyH=-1.1878 slip=+0.0696 d=(0.07685,-0.14508) av=(0,0.239867,0)
in=(255,0,255,0) steer=+1.000 gnd=4.0 sp=3561.00 horiz=3558.12 velH=-1.1605 bodyH=-1.2303 slip=+0.0698 d=(0.07084,-0.14860) av=(0,0.24039,0)
in=(255,0,255,0) steer=+1.000 gnd=4.0 sp=3570.00 horiz=3567.11 velH=-1.2028 bodyH=-1.2728 slip=+0.0700 d=(0.06466,-0.15185) av=(0,0.2409,0)
in=(255,0,255,0) steer=+1.000 gnd=4.0 sp=3578.72 horiz=3575.81 velH=-1.2452 bodyH=-1.3153 slip=+0.0702 d=(0.05832,-0.15484) av=(0,0.241398,0)
in=(255,0,255,0) steer=+1.000 gnd=4.0 sp=3587.16 horiz=3584.24 velH=-1.2875 bodyH=-1.3578 slip=+0.0703 d=(0.05184,-0.15755) av=(0,0.241882,0)
in=(255,0,255,0) steer=+1.000 gnd=4.0 sp=3595.34 horiz=3592.41 velH=-1.3298 bodyH=-1.4003 slip=+0.0705 d=(0.04524,-0.15997) av=(0,0.242354,0)
in=(255,0,255,0) steer=+1.000 gnd=4.0 sp=3603.26 horiz=3600.31 velH=-1.3721 bodyH=-1.4428 slip=+0.0707 d=(0.03851,-0.16211) av=(0,0.242814,0)
in=(255,0,255,0) steer=+1.000 gnd=4.0 sp=3610.93 horiz=3607.97 velH=-1.4145 bodyH=-1.4853 slip=+0.0708 d=(0.03169,-0.16395) av=(0,0.243262,0)
in=(255,0,255,0) steer=+1.000 gnd=4.0 sp=3618.36 horiz=3615.38 velH=-1.4568 bodyH=-1.5278 slip=+0.0710 d=(0.02477,-0.16550) av=(0,0.243698,0)
in=(255,0,255,0) steer=+1.000 gnd=4.0 sp=3625.55 horiz=3622.55 velH=-1.4992 bodyH=-1.5703 slip=+0.0712 d=(0.01778,-0.16673) av=(0,0.244123,0)
in=(255,0,255,0) steer=+1.000 gnd=4.0 sp=3632.50 horiz=3629.49 velH=-1.5415 bodyH=-1.6128 slip=+0.0713 d=(0.01073,-0.16767) av=(0,0.244536,0)
in=(255,0,255,0) steer=+1.000 gnd=4.0 sp=3639.24 horiz=3636.21 velH=-1.5839 bodyH=-1.6553 slip=+0.0715 d=(0.00363,-0.16829) av=(0,0.244938,0)
in=(255,0,255,0) steer=+1.000 gnd=4.0 sp=3645.75 horiz=3642.72 velH=-1.6262 bodyH=-1.6978 slip=+0.0716 d=(-0.00351,-0.16860) av=(0,0.245329,0)
in=(255,0,255,0) steer=+1.000 gnd=4.0 sp=3652.06 horiz=3649.01 velH=-1.6686 bodyH=-1.7403 slip=+0.0718 d=(-0.01066,-0.16860) av=(0,0.245709,0)
in=(255,0,255,0) steer=+1.000 gnd=4.0 sp=3658.16 horiz=3655.10 velH=-1.7109 bodyH=-1.7828 slip=+0.0719 d=(-0.01782,-0.16829) av=(0,0.246078,0)
in=(255,0,255,0) steer=+1.000 gnd=4.0 sp=3664.07 horiz=3661.00 velH=-1.7533 bodyH=-1.8253 slip=+0.0720 d=(-0.02498,-0.16766) av=(0,0.246438,0)
in=(255,0,255,0) steer=+1.000 gnd=4.0 sp=3669.78 horiz=3666.70 velH=-1.7957 bodyH=-1.8678 slip=+0.0722 d=(-0.03211,-0.16671) av=(0,0.246787,0)
in=(255,0,255,0) steer=+1.000 gnd=4.0 sp=3675.30 horiz=3672.21 velH=-1.8381 bodyH=-1.9103 slip=+0.0723 d=(-0.03920,-0.16546) av=(0,0.247126,0)
in=(255,0,255,0) steer=+1.000 gnd=4.0 sp=3680.65 horiz=3677.54 velH=-1.8804 bodyH=-1.9528 slip=+0.0724 d=(-0.04624,-0.16389) av=(0,0.247456,0)
in=(255,0,255,0) steer=+1.000 gnd=4.0 sp=3685.82 horiz=3682.70 velH=-1.9228 bodyH=-1.9953 slip=+0.0725 d=(-0.05322,-0.16202) av=(0,0.247776,0)
in=(255,0,255,0) steer=+1.000 gnd=4.0 sp=3690.82 horiz=3687.69 velH=-1.9652 bodyH=-2.0378 slip=+0.0726 d=(-0.06012,-0.15984) av=(0,0.248087,0)
in=(255,0,255,0) steer=+1.000 gnd=4.0 sp=3695.66 horiz=3692.52 velH=-2.0076 bodyH=-2.0803 slip=+0.0727 d=(-0.06693,-0.15736) av=(0,0.248389,0)
in=(255,0,255,0) steer=+1.000 gnd=4.0 sp=3700.33 horiz=3697.19 velH=-2.0500 bodyH=-2.1228 slip=+0.0729 d=(-0.07364,-0.15459) av=(0,0.248682,0)
in=(255,0,255,0) steer=+1.000 gnd=4.0 sp=3704.85 horiz=3701.70 velH=-2.0924 bodyH=-2.1653 slip=+0.0730 d=(-0.08022,-0.15152) av=(0,0.248967,0)
in=(255,0,255,0) steer=+1.000 gnd=4.0 sp=3709.23 horiz=3706.06 velH=-2.1348 bodyH=-2.2078 slip=+0.0731 d=(-0.08668,-0.14816) av=(0,0.249243,0)
in=(255,0,255,0) steer=+1.000 gnd=4.0 sp=3713.45 horiz=3710.28 velH=-2.1772 bodyH=-2.2504 slip=+0.0732 d=(-0.09299,-0.14452) av=(0,0.249511,0)
in=(255,0,255,0) steer=+1.000 gnd=4.0 sp=3717.54 horiz=3714.36 velH=-2.2196 bodyH=-2.2929 slip=+0.0733 d=(-0.09914,-0.14061) av=(0,0.249771,0)
in=(255,0,255,0) steer=+1.000 gnd=4.0 sp=3721.49 horiz=3718.30 velH=-2.2620 bodyH=-2.3354 slip=+0.0733 d=(-0.10513,-0.13643) av=(0,0.250023,0)
in=(255,0,255,0) steer=+1.000 gnd=4.0 sp=3725.31 horiz=3722.11 velH=-2.3044 bodyH=-2.3779 slip=+0.0734 d=(-0.11093,-0.13198) av=(0,0.250268,0)
in=(255,0,255,0) steer=+1.000 gnd=4.0 sp=3729.00 horiz=3725.79 velH=-2.3468 bodyH=-2.4204 slip=+0.0735 d=(-0.11655,-0.12729) av=(0,0.250505,0)
in=(255,0,255,0) steer=+1.000 gnd=4.0 sp=3732.56 horiz=3729.35 velH=-2.3893 bodyH=-2.4629 slip=+0.0736 d=(-0.12196,-0.12236) av=(0,0.250735,0)
in=(255,0,255,0) steer=+1.000 gnd=4.0 sp=3736.01 horiz=3732.79 velH=-2.4317 bodyH=-2.5054 slip=+0.0737 d=(-0.12716,-0.11718) av=(0,0.250957,0)
in=(255,0,255,0) steer=+1.000 gnd=4.0 sp=3739.35 horiz=3736.12 velH=-2.4741 bodyH=-2.5479 slip=+0.0738 d=(-0.13214,-0.11179) av=(0,0.251173,0)
in=(255,0,255,0) steer=+1.000 gnd=4.0 sp=3742.57 horiz=3739.33 velH=-2.5165 bodyH=-2.5904 slip=+0.0738 d=(-0.13688,-0.10618) av=(0,0.251383,0)
in=(255,0,255,0) steer=+1.000 gnd=4.0 sp=3745.68 horiz=3742.44 velH=-2.5589 bodyH=-2.6329 slip=+0.0739 d=(-0.14138,-0.10036) av=(0,0.251586,0)
in=(255,0,255,0) steer=+1.000 gnd=4.0 sp=3748.69 horiz=3745.44 velH=-2.6014 bodyH=-2.6754 slip=+0.0740 d=(-0.14563,-0.09435) av=(0,0.251782,0)
in=(255,0,255,0) steer=+1.000 gnd=4.0 sp=3751.59 horiz=3748.34 velH=-2.6438 bodyH=-2.7179 slip=+0.0741 d=(-0.14962,-0.08816) av=(0,0.251973,0)
in=(255,0,255,0) steer=+1.000 gnd=4.0 sp=3754.40 horiz=3751.14 velH=-2.6862 bodyH=-2.7604 slip=+0.0741 d=(-0.15334,-0.08180) av=(0,0.252157,0)
in=(255,0,255,0) steer=+1.000 gnd=4.0 sp=3757.11 horiz=3753.85 velH=-2.7287 bodyH=-2.8029 slip=+0.0742 d=(-0.15679,-0.07528) av=(0,0.252336,0)
in=(255,0,255,0) steer=+1.000 gnd=4.0 sp=3759.73 horiz=3756.46 velH=-2.7711 bodyH=-2.8454 slip=+0.0743 d=(-0.15996,-0.06860) av=(0,0.252509,0)
in=(255,0,255,0) steer=+1.000 gnd=4.0 sp=3762.27 horiz=3758.99 velH=-2.8136 bodyH=-2.8879 slip=+0.0743 d=(-0.16284,-0.06180) av=(0,0.252676,0)
in=(255,0,255,0) steer=+1.000 gnd=4.0 sp=3764.71 horiz=3761.43 velH=-2.8560 bodyH=-2.9304 slip=+0.0744 d=(-0.16542,-0.05487) av=(0,0.252839,0)
in=(255,0,255,0) steer=+1.000 gnd=4.0 sp=3767.07 horiz=3763.79 velH=-2.8984 bodyH=-2.9729 slip=+0.0744 d=(-0.16771,-0.04783) av=(0,0.252996,0)
in=(255,0,255,0) steer=+1.000 gnd=4.0 sp=3769.36 horiz=3766.06 velH=-2.9409 bodyH=-3.0154 slip=+0.0745 d=(-0.16969,-0.04070) av=(0,0.253148,0)
in=(255,0,255,0) steer=+1.000 gnd=4.0 sp=3771.56 horiz=3768.26 velH=-2.9833 bodyH=-3.0579 slip=+0.0745 d=(-0.17137,-0.03348) av=(0,0.253295,0)
in=(255,0,255,0) steer=+1.000 gnd=4.0 sp=3773.69 horiz=3770.39 velH=-3.0258 bodyH=-3.1004 slip=+0.0746 d=(-0.17274,-0.02620) av=(0,0.253437,0)
in=(255,0,255,0) steer=+1.000 gnd=4.0 sp=3775.75 horiz=3772.44 velH=-3.0682 bodyH=3.1403 slip=+0.0747 d=(-0.17379,-0.01885) av=(0,0.253575,0)
in=(255,0,255,0) steer=+1.000 gnd=4.0 sp=3777.74 horiz=3774.43 velH=-3.1107 bodyH=3.0978 slip=+0.0747 d=(-0.17453,-0.01147) av=(0,0.253708,0)
in=(255,0,255,0) steer=+1.000 gnd=4.0 sp=3779.66 horiz=3776.34 velH=3.1300 bodyH=3.0553 slip=+0.0747 d=(-0.17495,-0.00405) av=(0,0.253838,0)
in=(255,0,255,0) steer=+1.000 gnd=4.0 sp=3781.51 horiz=3778.19 velH=3.0876 bodyH=3.0128 slip=+0.0748 d=(-0.17505,0.00338) av=(0,0.253962,0)
in=(255,0,255,0) steer=+1.000 gnd=4.0 sp=3783.30 horiz=3779.98 velH=3.0451 bodyH=2.9703 slip=+0.0748 d=(-0.17483,0.01081) av=(0,0.254083,0)
in=(255,0,255,0) steer=+1.000 gnd=4.0 sp=3785.03 horiz=3781.70 velH=3.0027 bodyH=2.9278 slip=+0.0749 d=(-0.17430,0.01823) av=(0,0.2542,0)
in=(255,0,255,0) steer=+1.000 gnd=4.0 sp=3786.70 horiz=3783.37 velH=2.9602 bodyH=2.8853 slip=+0.0749 d=(-0.17345,0.02562) av=(0,0.254313,0)
in=(255,0,255,0) steer=+1.000 gnd=4.0 sp=3788.31 horiz=3784.98 velH=2.9177 bodyH=2.8428 slip=+0.0750 d=(-0.17228,0.03298) av=(0,0.254422,0)
in=(255,0,255,0) steer=+1.000 gnd=4.0 sp=2318.30 horiz=2318.08 velH=1.4122 bodyH=1.3915 slip=+0.0207 d=(0.01484,0.10483) av=(0,0.227924,0)
in=(255,0,255,0) steer=+1.000 gnd=4.0 sp=2361.41 horiz=2360.86 velH=1.3818 bodyH=1.3490 slip=+0.0328 d=(0.01764,0.10649) av=(0,0.207837,0)
in=(255,0,255,0) steer=+1.000 gnd=4.0 sp=2402.49 horiz=2401.68 velH=1.3467 bodyH=1.3065 slip=+0.0401 d=(0.02136,0.10781) av=(0,0.197998,0)
in=(255,0,255,0) steer=+1.000 gnd=4.0 sp=2441.94 horiz=2440.92 velH=1.3087 bodyH=1.2640 slip=+0.0447 d=(0.02562,0.10880) av=(0,0.194495,0)
in=(255,0,255,0) steer=+1.000 gnd=4.0 sp=2480.05 horiz=2478.89 velH=1.2692 bodyH=1.2215 slip=+0.0477 d=(0.03024,0.10949) av=(0,0.193864,0)
in=(255,0,255,0) steer=+1.000 gnd=4.0 sp=2517.04 horiz=2515.77 velH=1.2288 bodyH=1.1790 slip=+0.0497 d=(0.03509,0.10986) av=(0,0.19451,0)
in=(255,0,255,0) steer=+1.000 gnd=4.0 sp=2553.06 horiz=2551.71 velH=1.1877 bodyH=1.1365 slip=+0.0512 d=(0.04010,0.10995) av=(0,0.195687,0)
in=(255,0,255,0) steer=+1.000 gnd=4.0 sp=2588.20 horiz=2586.78 velH=1.1463 bodyH=1.0940 slip=+0.0522 d=(0.04522,0.10974) av=(0,0.19705,0)
in=(255,0,255,0) steer=+1.000 gnd=4.0 sp=2622.52 horiz=2621.04 velH=1.1046 bodyH=1.0515 slip=+0.0531 d=(0.05041,0.10924) av=(0,0.198447,0)
in=(255,0,255,0) steer=+1.000 gnd=4.0 sp=2656.05 horiz=2654.52 velH=1.0628 bodyH=1.0090 slip=+0.0538 d=(0.05563,0.10845) av=(0,0.199819,0)
in=(255,0,255,0) steer=+1.000 gnd=4.0 sp=2688.83 horiz=2687.26 velH=1.0210 bodyH=0.9665 slip=+0.0544 d=(0.06088,0.10737) av=(0,0.201146,0)
in=(255,0,255,0) steer=+1.000 gnd=4.0 sp=2720.88 horiz=2719.26 velH=0.9790 bodyH=0.9240 slip=+0.0550 d=(0.06612,0.10601) av=(0,0.202426,0)
in=(255,0,255,0) steer=+1.000 gnd=4.0 sp=2752.20 horiz=2750.55 velH=0.9371 bodyH=0.8815 slip=+0.0555 d=(0.07134,0.10436) av=(0,0.203664,0)
in=(255,0,255,0) steer=+1.000 gnd=4.0 sp=2782.82 horiz=2781.12 velH=0.8951 bodyH=0.8390 slip=+0.0560 d=(0.07652,0.10243) av=(0,0.204866,0)
in=(255,0,255,0) steer=+1.000 gnd=4.0 sp=2812.74 horiz=2811.00 velH=0.8530 bodyH=0.7965 slip=+0.0565 d=(0.08164,0.10022) av=(0,0.206038,0)
in=(255,0,255,0) steer=+1.000 gnd=4.0 sp=2841.96 horiz=2840.19 velH=0.8110 bodyH=0.7540 slip=+0.0570 d=(0.08669,0.09773) av=(0,0.207185,0)
in=(255,0,255,0) steer=+1.000 gnd=4.0 sp=2870.51 horiz=2868.70 velH=0.7690 bodyH=0.7115 slip=+0.0574 d=(0.09166,0.09497) av=(0,0.208309,0)
in=(255,0,255,0) steer=+1.000 gnd=4.0 sp=2898.38 horiz=2896.54 velH=0.7269 bodyH=0.6690 slip=+0.0579 d=(0.09652,0.09194) av=(0,0.209413,0)
in=(255,0,255,0) steer=+1.000 gnd=4.0 sp=2925.59 horiz=2923.71 velH=0.6848 bodyH=0.6265 slip=+0.0583 d=(0.10126,0.08865) av=(0,0.2105,0)
in=(255,0,255,0) steer=+1.000 gnd=4.0 sp=2952.14 horiz=2950.23 velH=0.6428 bodyH=0.5840 slip=+0.0587 d=(0.10588,0.08510) av=(0,0.211571,0)
in=(255,0,255,0) steer=+1.000 gnd=4.0 sp=2978.05 horiz=2976.10 velH=0.6007 bodyH=0.5415 slip=+0.0592 d=(0.11035,0.08129) av=(0,0.212625,0)
in=(255,0,255,0) steer=+1.000 gnd=4.0 sp=3003.32 horiz=3001.33 velH=0.5586 bodyH=0.4990 slip=+0.0596 d=(0.11466,0.07725) av=(0,0.213664,0)
in=(255,0,255,0) steer=+1.000 gnd=4.0 sp=3027.96 horiz=3025.94 velH=0.5165 bodyH=0.4565 slip=+0.0600 d=(0.11880,0.07296) av=(0,0.214688,0)
in=(255,0,255,0) steer=+1.000 gnd=4.0 sp=3051.98 horiz=3049.92 velH=0.4744 bodyH=0.4140 slip=+0.0604 d=(0.12275,0.06845) av=(0,0.215696,0)
in=(255,0,255,0) steer=+1.000 gnd=4.0 sp=3075.38 horiz=3073.30 velH=0.4323 bodyH=0.3715 slip=+0.0608 d=(0.12651,0.06372) av=(0,0.21669,0)
in=(255,0,255,0) steer=+1.000 gnd=4.0 sp=3098.19 horiz=3096.08 velH=0.3901 bodyH=0.3290 slip=+0.0611 d=(0.13006,0.05878) av=(0,0.217669,0)
in=(255,0,255,0) steer=+1.000 gnd=4.0 sp=3120.41 horiz=3118.26 velH=0.3480 bodyH=0.2865 slip=+0.0615 d=(0.13339,0.05364) av=(0,0.218633,0)
in=(255,0,255,0) steer=+1.000 gnd=4.0 sp=3142.05 horiz=3139.87 velH=0.3059 bodyH=0.2440 slip=+0.0619 d=(0.13650,0.04832) av=(0,0.219582,0)
in=(255,0,255,0) steer=+1.000 gnd=4.0 sp=3163.12 horiz=3160.91 velH=0.2637 bodyH=0.2015 slip=+0.0623 d=(0.13936,0.04282) av=(0,0.220515,0)
in=(255,0,255,0) steer=+1.000 gnd=4.0 sp=3183.63 horiz=3181.38 velH=0.2216 bodyH=0.1590 slip=+0.0626 d=(0.14198,0.03716) av=(0,0.221434,0)
in=(255,0,255,0) steer=+1.000 gnd=4.0 sp=3203.58 horiz=3201.31 velH=0.1794 bodyH=0.1165 slip=+0.0630 d=(0.14434,0.03134) av=(0,0.222337,0)
in=(255,0,255,0) steer=+1.000 gnd=4.0 sp=3223.00 horiz=3220.70 velH=0.1373 bodyH=0.0740 slip=+0.0633 d=(0.14644,0.02539) av=(0,0.223224,0)
in=(255,0,255,0) steer=+1.000 gnd=4.0 sp=3241.89 horiz=3239.56 velH=0.0951 bodyH=0.0315 slip=+0.0636 d=(0.14826,0.01931) av=(0,0.224097,0)
in=(255,0,255,0) steer=+1.000 gnd=4.0 sp=3260.26 horiz=3257.90 velH=0.0529 bodyH=-0.0110 slip=+0.0640 d=(0.14981,0.01312) av=(0,0.224954,0)
in=(255,0,255,0) steer=+1.000 gnd=4.0 sp=3278.13 horiz=3275.74 velH=0.0108 bodyH=-0.0535 slip=+0.0643 d=(0.15108,0.00683) av=(0,0.225795,0)
in=(255,0,255,0) steer=+1.000 gnd=4.0 sp=3295.49 horiz=3293.08 velH=-0.0314 bodyH=-0.0960 slip=+0.0646 d=(0.15205,0.00045) av=(0,0.226622,0)
in=(255,0,255,0) steer=+1.000 gnd=4.0 sp=3312.37 horiz=3309.93 velH=-0.0736 bodyH=-0.1385 slip=+0.0649 d=(0.15273,-0.00599) av=(0,0.227432,0)
in=(255,0,255,0) steer=+1.000 gnd=4.0 sp=3328.77 horiz=3326.30 velH=-0.1158 bodyH=-0.1810 slip=+0.0652 d=(0.15312,-0.01249) av=(0,0.228228,0)
in=(255,0,255,0) steer=+1.000 gnd=4.0 sp=3344.71 horiz=3342.22 velH=-0.1580 bodyH=-0.2235 slip=+0.0655 d=(0.15320,-0.01903) av=(0,0.229008,0)
in=(255,0,255,0) steer=+1.000 gnd=4.0 sp=3360.19 horiz=3357.67 velH=-0.2002 bodyH=-0.2660 slip=+0.0658 d=(0.15298,-0.02560) av=(0,0.229772,0)
in=(255,0,255,0) steer=+1.000 gnd=4.0 sp=3375.23 horiz=3372.68 velH=-0.2425 bodyH=-0.3085 slip=+0.0661 d=(0.15246,-0.03218) av=(0,0.230522,0)
in=(255,0,255,0) steer=+1.000 gnd=4.0 sp=3389.82 horiz=3387.26 velH=-0.2847 bodyH=-0.3510 slip=+0.0664 d=(0.15164,-0.03876) av=(0,0.231256,0)
in=(255,0,255,0) steer=+1.000 gnd=4.0 sp=3404.00 horiz=3401.41 velH=-0.3269 bodyH=-0.3935 slip=+0.0666 d=(0.15051,-0.04531) av=(0,0.231975,0)
in=(255,0,255,0) steer=+1.000 gnd=4.0 sp=3417.76 horiz=3415.14 velH=-0.3692 bodyH=-0.4360 slip=+0.0669 d=(0.14908,-0.05184) av=(0,0.232679,0)
in=(255,0,255,0) steer=+1.000 gnd=4.0 sp=3431.11 horiz=3428.47 velH=-0.4114 bodyH=-0.4785 slip=+0.0672 d=(0.14734,-0.05832) av=(0,0.233368,0)
in=(255,0,255,0) steer=+1.000 gnd=4.0 sp=3444.07 horiz=3441.41 velH=-0.4536 bodyH=-0.5210 slip=+0.0674 d=(0.14531,-0.06474) av=(0,0.234042,0)
in=(255,0,255,0) steer=+1.000 gnd=4.0 sp=3456.64 horiz=3453.96 velH=-0.4959 bodyH=-0.5635 slip=+0.0677 d=(0.14298,-0.07109) av=(0,0.234701,0)
in=(255,0,255,0) steer=+1.000 gnd=4.0 sp=3468.84 horiz=3466.13 velH=-0.5382 bodyH=-0.6061 slip=+0.0679 d=(0.14035,-0.07734) av=(0,0.235346,0)
in=(255,0,255,0) steer=+1.000 gnd=4.0 sp=3480.67 horiz=3477.94 velH=-0.5804 bodyH=-0.6486 slip=+0.0681 d=(0.13744,-0.08349) av=(0,0.235976,0)
in=(255,0,255,0) steer=+1.000 gnd=4.0 sp=3492.14 horiz=3489.40 velH=-0.6227 bodyH=-0.6911 slip=+0.0684 d=(0.13424,-0.08953) av=(0,0.236592,0)
in=(255,0,255,0) steer=+1.000 gnd=4.0 sp=3503.27 horiz=3500.50 velH=-0.6650 bodyH=-0.7336 slip=+0.0686 d=(0.13076,-0.09543) av=(0,0.237194,0)
in=(255,0,255,0) steer=+1.000 gnd=4.0 sp=3514.05 horiz=3511.27 velH=-0.7073 bodyH=-0.7761 slip=+0.0688 d=(0.12701,-0.10119) av=(0,0.237781,0)
in=(255,0,255,0) steer=+1.000 gnd=4.0 sp=3524.51 horiz=3521.70 velH=-0.7495 bodyH=-0.8186 slip=+0.0690 d=(0.12300,-0.10679) av=(0,0.238355,0)
in=(255,0,255,0) steer=+1.000 gnd=4.0 sp=3534.64 horiz=3531.82 velH=-0.7918 bodyH=-0.8611 slip=+0.0692 d=(0.11872,-0.11223) av=(0,0.238915,0)
in=(255,0,255,0) steer=+1.000 gnd=4.0 sp=3544.46 horiz=3541.62 velH=-0.8341 bodyH=-0.9036 slip=+0.0694 d=(0.11419,-0.11748) av=(0,0.239462,0)
in=(255,0,255,0) steer=+1.000 gnd=4.0 sp=3553.98 horiz=3551.12 velH=-0.8764 bodyH=-0.9461 slip=+0.0696 d=(0.10943,-0.12254) av=(0,0.239995,0)
in=(255,0,255,0) steer=+1.000 gnd=4.0 sp=3563.20 horiz=3560.32 velH=-0.9187 bodyH=-0.9886 slip=+0.0698 d=(0.10442,-0.12740) av=(0,0.240515,0)
in=(255,0,255,0) steer=+1.000 gnd=4.0 sp=3572.13 horiz=3569.24 velH=-0.9611 bodyH=-1.0311 slip=+0.0700 d=(0.09919,-0.13204) av=(0,0.241022,0)
in=(255,0,255,0) steer=+1.000 gnd=4.0 sp=3580.78 horiz=3577.87 velH=-1.0034 bodyH=-1.0736 slip=+0.0702 d=(0.09375,-0.13645) av=(0,0.241516,0)
in=(255,0,255,0) steer=+1.000 gnd=4.0 sp=3589.16 horiz=3586.24 velH=-1.0457 bodyH=-1.1161 slip=+0.0704 d=(0.08811,-0.14063) av=(0,0.241998,0)
in=(255,0,255,0) steer=+1.000 gnd=4.0 sp=3597.28 horiz=3594.34 velH=-1.0880 bodyH=-1.1586 slip=+0.0706 d=(0.08227,-0.14457) av=(0,0.242467,0)
in=(255,0,255,0) steer=+1.000 gnd=4.0 sp=3605.14 horiz=3602.18 velH=-1.1304 bodyH=-1.2011 slip=+0.0707 d=(0.07625,-0.14825) av=(0,0.242924,0)
in=(255,0,255,0) steer=+1.000 gnd=4.0 sp=3612.75 horiz=3609.78 velH=-1.1727 bodyH=-1.2436 slip=+0.0709 d=(0.07006,-0.15168) av=(0,0.243369,0)
in=(255,0,255,0) steer=+1.000 gnd=4.0 sp=3620.12 horiz=3617.13 velH=-1.2150 bodyH=-1.2861 slip=+0.0710 d=(0.06371,-0.15483) av=(0,0.243802,0)
in=(255,0,255,0) steer=+1.000 gnd=4.0 sp=3627.25 horiz=3624.25 velH=-1.2574 bodyH=-1.3286 slip=+0.0712 d=(0.05721,-0.15770) av=(0,0.244224,0)
in=(255,0,255,0) steer=+1.000 gnd=4.0 sp=3634.15 horiz=3631.14 velH=-1.2997 bodyH=-1.3711 slip=+0.0714 d=(0.05058,-0.16030) av=(0,0.244634,0)
in=(255,0,255,0) steer=+1.000 gnd=4.0 sp=3640.83 horiz=3637.81 velH=-1.3421 bodyH=-1.4136 slip=+0.0715 d=(0.04383,-0.16260) av=(0,0.245033,0)
in=(255,0,255,0) steer=+1.000 gnd=4.0 sp=3647.30 horiz=3644.26 velH=-1.3844 bodyH=-1.4561 slip=+0.0716 d=(0.03698,-0.16461) av=(0,0.245422,0)
in=(255,0,255,0) steer=+1.000 gnd=4.0 sp=3653.55 horiz=3650.50 velH=-1.4268 bodyH=-1.4986 slip=+0.0718 d=(0.03003,-0.16632) av=(0,0.245799,0)
in=(255,0,255,0) steer=+1.000 gnd=4.0 sp=3659.61 horiz=3656.55 velH=-1.4692 bodyH=-1.5411 slip=+0.0719 d=(0.02299,-0.16773) av=(0,0.246166,0)
in=(255,0,255,0) steer=+1.000 gnd=4.0 sp=3665.47 horiz=3662.39 velH=-1.5115 bodyH=-1.5836 slip=+0.0721 d=(0.01590,-0.16883) av=(0,0.246523,0)
in=(255,0,255,0) steer=+1.000 gnd=4.0 sp=3671.13 horiz=3668.05 velH=-1.5539 bodyH=-1.6261 slip=+0.0722 d=(0.00874,-0.16962) av=(0,0.24687,0)
in=(255,0,255,0) steer=+1.000 gnd=4.0 sp=3676.61 horiz=3673.52 velH=-1.5963 bodyH=-1.6686 slip=+0.0723 d=(0.00155,-0.17010) av=(0,0.247207,0)
in=(255,0,255,0) steer=+1.000 gnd=4.0 sp=3681.92 horiz=3678.81 velH=-1.6387 bodyH=-1.7111 slip=+0.0724 d=(-0.00566,-0.17026) av=(0,0.247534,0)
in=(255,0,255,0) steer=+1.000 gnd=4.0 sp=3687.04 horiz=3683.93 velH=-1.6811 bodyH=-1.7536 slip=+0.0725 d=(-0.01289,-0.17011) av=(0,0.247852,0)
in=(255,0,255,0) steer=+1.000 gnd=4.0 sp=3692.00 horiz=3688.88 velH=-1.7235 bodyH=-1.7961 slip=+0.0727 d=(-0.02011,-0.16964) av=(0,0.248161,0)
in=(255,0,255,0) steer=+1.000 gnd=4.0 sp=3696.80 horiz=3693.66 velH=-1.7658 bodyH=-1.8386 slip=+0.0728 d=(-0.02732,-0.16886) av=(0,0.248461,0)
in=(255,0,255,0) steer=+1.000 gnd=4.0 sp=3701.44 horiz=3698.29 velH=-1.8082 bodyH=-1.8811 slip=+0.0729 d=(-0.03450,-0.16777) av=(0,0.248752,0)
in=(255,0,255,0) steer=+1.000 gnd=4.0 sp=3705.92 horiz=3702.77 velH=-1.8506 bodyH=-1.9236 slip=+0.0730 d=(-0.04163,-0.16636) av=(0,0.249035,0)
in=(255,0,255,0) steer=+1.000 gnd=4.0 sp=3710.26 horiz=3707.09 velH=-1.8930 bodyH=-1.9661 slip=+0.0731 d=(-0.04870,-0.16465) av=(0,0.249309,0)
in=(255,0,255,0) steer=+1.000 gnd=4.0 sp=3714.45 horiz=3711.28 velH=-1.9354 bodyH=-2.0086 slip=+0.0732 d=(-0.05570,-0.16262) av=(0,0.249575,0)
in=(255,0,255,0) steer=+1.000 gnd=4.0 sp=3718.51 horiz=3715.32 velH=-1.9778 bodyH=-2.0511 slip=+0.0733 d=(-0.06261,-0.16030) av=(0,0.249833,0)
in=(255,0,255,0) steer=+1.000 gnd=4.0 sp=3722.42 horiz=3719.23 velH=-2.0203 bodyH=-2.0936 slip=+0.0734 d=(-0.06943,-0.15767) av=(0,0.250083,0)
in=(255,0,255,0) steer=+1.000 gnd=4.0 sp=3726.21 horiz=3723.01 velH=-2.0627 bodyH=-2.1361 slip=+0.0735 d=(-0.07613,-0.15474) av=(0,0.250326,0)
in=(255,0,255,0) steer=+1.000 gnd=4.0 sp=3729.87 horiz=3726.66 velH=-2.1051 bodyH=-2.1786 slip=+0.0735 d=(-0.08270,-0.15153) av=(0,0.250561,0)
in=(255,0,255,0) steer=+1.000 gnd=4.0 sp=3733.41 horiz=3730.19 velH=-2.1475 bodyH=-2.2211 slip=+0.0736 d=(-0.08914,-0.14803) av=(0,0.250789,0)
in=(255,0,255,0) steer=+1.000 gnd=4.0 sp=3736.83 horiz=3733.61 velH=-2.1899 bodyH=-2.2636 slip=+0.0737 d=(-0.09543,-0.14425) av=(0,0.25101,0)
in=(255,0,255,0) steer=+1.000 gnd=4.0 sp=3740.13 horiz=3736.90 velH=-2.2323 bodyH=-2.3061 slip=+0.0738 d=(-0.10155,-0.14020) av=(0,0.251225,0)
in=(255,0,255,0) steer=+1.000 gnd=4.0 sp=3743.33 horiz=3740.09 velH=-2.2748 bodyH=-2.3486 slip=+0.0739 d=(-0.10750,-0.13589) av=(0,0.251433,0)
in=(255,0,255,0) steer=+1.000 gnd=4.0 sp=3746.41 horiz=3743.17 velH=-2.3172 bodyH=-2.3911 slip=+0.0739 d=(-0.11326,-0.13132) av=(0,0.251634,0)
in=(255,0,255,0) steer=+1.000 gnd=4.0 sp=3749.40 horiz=3746.15 velH=-2.3596 bodyH=-2.4336 slip=+0.0740 d=(-0.11883,-0.12650) av=(0,0.251829,0)
in=(255,0,255,0) steer=+1.000 gnd=4.0 sp=3752.28 horiz=3749.02 velH=-2.4021 bodyH=-2.4761 slip=+0.0741 d=(-0.12419,-0.12144) av=(0,0.252018,0)
in=(255,0,255,0) steer=+1.000 gnd=4.0 sp=3755.06 horiz=3751.80 velH=-2.4445 bodyH=-2.5186 slip=+0.0741 d=(-0.12932,-0.11615) av=(0,0.252201,0)
in=(255,0,255,0) steer=+1.000 gnd=4.0 sp=3757.75 horiz=3754.49 velH=-2.4869 bodyH=-2.5611 slip=+0.0742 d=(-0.13423,-0.11064) av=(0,0.252378,0)
in=(255,0,255,0) steer=+1.000 gnd=4.0 sp=3760.35 horiz=3757.08 velH=-2.5294 bodyH=-2.6036 slip=+0.0743 d=(-0.13890,-0.10492) av=(0,0.25255,0)
in=(255,0,255,0) steer=+1.000 gnd=4.0 sp=3762.86 horiz=3759.59 velH=-2.5718 bodyH=-2.6462 slip=+0.0743 d=(-0.14333,-0.09900) av=(0,0.252716,0)
in=(255,0,255,0) steer=+1.000 gnd=4.0 sp=3765.29 horiz=3762.01 velH=-2.6143 bodyH=-2.6887 slip=+0.0744 d=(-0.14750,-0.09289) av=(0,0.252877,0)
in=(255,0,255,0) steer=+1.000 gnd=4.0 sp=3767.63 horiz=3764.34 velH=-2.6567 bodyH=-2.7312 slip=+0.0745 d=(-0.15140,-0.08661) av=(0,0.253033,0)
in=(255,0,255,0) steer=+1.000 gnd=4.0 sp=3769.90 horiz=3766.60 velH=-2.6992 bodyH=-2.7737 slip=+0.0745 d=(-0.15504,-0.08015) av=(0,0.253184,0)
in=(255,0,255,0) steer=+1.000 gnd=4.0 sp=3772.08 horiz=3768.78 velH=-2.7416 bodyH=-2.8162 slip=+0.0746 d=(-0.15839,-0.07355) av=(0,0.25333,0)
in=(255,0,255,0) steer=+1.000 gnd=4.0 sp=3774.20 horiz=3770.89 velH=-2.7840 bodyH=-2.8587 slip=+0.0746 d=(-0.16146,-0.06680) av=(0,0.253471,0)
in=(255,0,255,0) steer=+1.000 gnd=4.0 sp=3776.24 horiz=3772.93 velH=-2.8265 bodyH=-2.9012 slip=+0.0747 d=(-0.16424,-0.05992) av=(0,0.253608,0)
in=(255,0,255,0) steer=+1.000 gnd=4.0 sp=3778.21 horiz=3774.89 velH=-2.8690 bodyH=-2.9437 slip=+0.0747 d=(-0.16673,-0.05292) av=(0,0.25374,0)
in=(255,0,255,0) steer=+1.000 gnd=4.0 sp=3780.11 horiz=3776.79 velH=-2.9114 bodyH=-2.9862 slip=+0.0748 d=(-0.16891,-0.04582) av=(0,0.253868,0)
in=(255,0,255,0) steer=+1.000 gnd=4.0 sp=3781.95 horiz=3778.63 velH=-2.9539 bodyH=-3.0287 slip=+0.0748 d=(-0.17079,-0.03863) av=(0,0.253992,0)
in=(255,0,255,0) steer=+1.000 gnd=4.0 sp=3783.72 horiz=3780.40 velH=-2.9963 bodyH=-3.0712 slip=+0.0748 d=(-0.17236,-0.03136) av=(0,0.254112,0)
in=(255,0,255,0) steer=+1.000 gnd=4.0 sp=3785.44 horiz=3782.11 velH=-3.0388 bodyH=-3.1137 slip=+0.0749 d=(-0.17361,-0.02403) av=(0,0.254228,0)
in=(255,0,255,0) steer=+1.000 gnd=4.0 sp=3787.09 horiz=3783.76 velH=-3.0812 bodyH=3.1270 slip=+0.0749 d=(-0.17456,-0.01664) av=(0,0.25434,0)
in=(255,0,255,0) steer=+1.000 gnd=4.0 sp=3788.69 horiz=3785.36 velH=-3.1237 bodyH=3.0845 slip=+0.0750 d=(-0.17518,-0.00922) av=(0,0.254448,0)
in=(255,0,255,0) steer=+1.000 gnd=4.0 sp=3790.24 horiz=3786.90 velH=3.1170 bodyH=3.0420 slip=+0.0750 d=(-0.17549,-0.00178) av=(0,0.254553,0)
in=(255,0,255,0) steer=+1.000 gnd=4.0 sp=3791.73 horiz=3788.39 velH=3.0745 bodyH=2.9995 slip=+0.0750 d=(-0.17548,0.00567) av=(0,0.254654,0)
in=(255,0,255,0) steer=+1.000 gnd=4.0 sp=3793.17 horiz=3789.82 velH=3.0321 bodyH=2.9570 slip=+0.0751 d=(-0.17514,0.01312) av=(0,0.254752,0)
in=(255,0,255,0) steer=+1.000 gnd=4.0 sp=3794.56 horiz=3791.21 velH=2.9896 bodyH=2.9145 slip=+0.0751 d=(-0.17450,0.02055) av=(0,0.254847,0)
in=(255,0,255,0) steer=+1.000 gnd=4.0 sp=3795.90 horiz=3792.55 velH=2.9471 bodyH=2.8720 slip=+0.0752 d=(-0.17353,0.02795) av=(0,0.254939,0)
in=(255,0,255,0) steer=+1.000 gnd=4.0 sp=3797.20 horiz=3793.84 velH=2.9047 bodyH=2.8295 slip=+0.0752 d=(-0.17225,0.03531) av=(0,0.255027,0)
in=(255,0,255,0) steer=+1.000 gnd=4.0 sp=3798.45 horiz=3795.09 velH=2.8622 bodyH=2.7870 slip=+0.0752 d=(-0.17065,0.04260) av=(0,0.255113,0)
in=(255,0,255,0) steer=+1.000 gnd=4.0 sp=3799.66 horiz=3796.30 velH=2.8197 bodyH=2.7445 slip=+0.0752 d=(-0.16874,0.04983) av=(0,0.255196,0)
in=(255,0,255,0) steer=+1.000 gnd=4.0 sp=3800.82 horiz=3797.46 velH=2.7773 bodyH=2.7020 slip=+0.0753 d=(-0.16653,0.05696) av=(0,0.255276,0)
in=(255,0,255,0) steer=+1.000 gnd=4.0 sp=3801.95 horiz=3798.58 velH=2.7348 bodyH=2.6595 slip=+0.0753 d=(-0.16401,0.06400) av=(0,0.255353,0)
in=(255,0,255,0) steer=+1.000 gnd=4.0 sp=3803.04 horiz=3799.67 velH=2.6923 bodyH=2.6170 slip=+0.0753 d=(-0.16119,0.07093) av=(0,0.255428,0)
in=(255,0,255,0) steer=+1.000 gnd=4.0 sp=3804.09 horiz=3800.72 velH=2.6498 bodyH=2.5745 slip=+0.0754 d=(-0.15808,0.07773) av=(0,0.2555,0)
in=(255,0,255,0) steer=+1.000 gnd=4.0 sp=3805.10 horiz=3801.73 velH=2.6074 bodyH=2.5320 slip=+0.0754 d=(-0.15467,0.08440) av=(0,0.25557,0)
in=(255,0,255,0) steer=+1.000 gnd=4.0 sp=3806.08 horiz=3802.71 velH=2.5649 bodyH=2.4895 slip=+0.0754 d=(-0.15099,0.09091) av=(0,0.255637,0)
in=(0,255,255,0) steer=-1.000 gnd=4.0 sp=12.72 horiz=12.72 velH=2.4896 bodyH=2.4896 slip=+0.0000 d=(-0.00012,0.00009) av=(0,6.26141e-08,0)
in=(0,255,255,0) steer=-1.000 gnd=4.0 sp=25.92 horiz=25.92 velH=2.4900 bodyH=2.4900 slip=+0.0000 d=(-0.00059,0.00045) av=(0,9.38328e-07,0)
in=(0,255,255,0) steer=-1.000 gnd=4.0 sp=39.87 horiz=39.87 velH=2.4909 bodyH=2.4909 slip=+0.0000 d=(-0.00108,0.00082) av=(0,5.72443e-06,0)
in=(0,255,255,0) steer=-1.000 gnd=4.0 sp=54.60 horiz=54.60 velH=2.4922 bodyH=2.4921 slip=+0.0001 d=(-0.00161,0.00122) av=(0,2.05539e-05,0)
in=(0,255,255,0) steer=-1.000 gnd=4.0 sp=70.15 horiz=70.15 velH=2.4940 bodyH=2.4937 slip=+0.0003 d=(-0.00216,0.00163) av=(0,5.51279e-05,0)
in=(0,255,255,0) steer=-1.000 gnd=4.0 sp=86.58 horiz=86.58 velH=2.4964 bodyH=2.4959 slip=+0.0005 d=(-0.00275,0.00207) av=(0,0.000121523,0)
in=(0,255,255,0) steer=-1.000 gnd=4.0 sp=103.91 horiz=103.91 velH=2.4994 bodyH=2.4984 slip=+0.0010 d=(-0.00337,0.00252) av=(0,0.000229038,0)
in=(0,255,255,0) steer=-1.000 gnd=4.0 sp=122.21 horiz=122.20 velH=2.5033 bodyH=2.5015 slip=+0.0018 d=(-0.00403,0.00300) av=(0,0.000370209,0)
in=(0,255,255,0) steer=-1.000 gnd=4.0 sp=141.50 horiz=141.50 velH=2.5083 bodyH=2.5051 slip=+0.0032 d=(-0.00474,0.00349) av=(0,0.000489074,0)
in=(0,255,255,0) steer=-1.000 gnd=4.0 sp=161.86 horiz=161.85 velH=2.5147 bodyH=2.5093 slip=+0.0054 d=(-0.00549,0.00400) av=(0,0.000414187,0)
in=(0,255,255,0) steer=-1.000 gnd=4.0 sp=183.34 horiz=183.33 velH=2.5233 bodyH=2.5140 slip=+0.0093 d=(-0.00629,0.00452) av=(0,-0.000207179,0)
in=(0,255,255,0) steer=-1.000 gnd=4.0 sp=206.04 horiz=206.02 velH=2.5358 bodyH=2.5193 slip=+0.0164 d=(-0.00716,0.00504) av=(0,-0.000791083,0)
in=(0,255,255,0) steer=-1.000 gnd=4.0 sp=230.06 horiz=230.04 velH=2.5550 bodyH=2.5254 slip=+0.0297 d=(-0.00811,0.00555) av=(0,-0.00123049,0)
in=(0,255,255,0) steer=-1.000 gnd=4.0 sp=255.39 horiz=255.33 velH=2.5603 bodyH=2.5320 slip=+0.0283 d=(-0.00914,0.00603) av=(0,-0.00502711,0)
in=(0,255,255,0) steer=-1.000 gnd=4.0 sp=269.07 horiz=269.04 velH=2.5588 bodyH=2.5394 slip=+0.0195 d=(-0.01003,0.00658) av=(0,-0.00818918,0)
in=(0,255,255,0) steer=-1.000 gnd=4.0 sp=283.53 horiz=283.51 velH=2.5621 bodyH=2.5471 slip=+0.0150 d=(-0.01056,0.00693) av=(0,-0.010684,0)
in=(0,255,255,0) steer=-1.000 gnd=4.0 sp=298.82 horiz=298.81 velH=2.5678 bodyH=2.5553 slip=+0.0125 d=(-0.01116,0.00727) av=(0,-0.0153913,0)
in=(0,255,255,0) steer=-1.000 gnd=4.0 sp=314.95 horiz=314.94 velH=2.5749 bodyH=2.5638 slip=+0.0111 d=(-0.01180,0.00759) av=(0,-0.0186665,0)
in=(0,255,255,0) steer=-1.000 gnd=4.0 sp=331.96 horiz=331.95 velH=2.5830 bodyH=2.5729 slip=+0.0101 d=(-0.01250,0.00791) av=(0,-0.0213574,0)
in=(0,255,255,0) steer=-1.000 gnd=4.0 sp=349.88 horiz=349.88 velH=2.5918 bodyH=2.5824 slip=+0.0094 d=(-0.01324,0.00822) av=(0,-0.023867,0)
in=(0,255,255,0) steer=-1.000 gnd=4.0 sp=368.78 horiz=368.77 velH=2.6012 bodyH=2.5925 slip=+0.0087 d=(-0.01404,0.00854) av=(0,-0.026388,0)
in=(0,255,255,0) steer=-1.000 gnd=4.0 sp=388.70 horiz=388.69 velH=2.6112 bodyH=2.6030 slip=+0.0081 d=(-0.01488,0.00886) av=(0,-0.0290143,0)
in=(0,255,255,0) steer=-1.000 gnd=4.0 sp=409.68 horiz=409.67 velH=2.6217 bodyH=2.6142 slip=+0.0075 d=(-0.01578,0.00918) av=(0,-0.0317923,0)
in=(0,255,255,0) steer=-1.000 gnd=4.0 sp=431.78 horiz=431.78 velH=2.6329 bodyH=2.6260 slip=+0.0069 d=(-0.01673,0.00950) av=(0,-0.0347487,0)
in=(0,255,255,0) steer=-1.000 gnd=4.0 sp=455.06 horiz=455.06 velH=2.6446 bodyH=2.6384 slip=+0.0062 d=(-0.01774,0.00982) av=(0,-0.0379009,0)
in=(0,255,255,0) steer=-1.000 gnd=4.0 sp=479.57 horiz=479.57 velH=2.6570 bodyH=2.6514 slip=+0.0055 d=(-0.01882,0.01012) av=(0,-0.0412633,0)
in=(0,255,255,0) steer=-1.000 gnd=4.0 sp=505.38 horiz=505.37 velH=2.6700 bodyH=2.6652 slip=+0.0048 d=(-0.01997,0.01042) av=(0,-0.0448499,0)
in=(0,255,255,0) steer=-1.000 gnd=4.0 sp=532.53 horiz=532.53 velH=2.6837 bodyH=2.6797 slip=+0.0040 d=(-0.02118,0.01070) av=(0,-0.048674,0)
in=(0,255,255,0) steer=-1.000 gnd=4.0 sp=561.10 horiz=561.10 velH=2.6982 bodyH=2.6950 slip=+0.0032 d=(-0.02247,0.01097) av=(0,-0.0527495,0)
in=(0,255,255,0) steer=-1.000 gnd=4.0 sp=591.15 horiz=591.15 velH=2.7135 bodyH=2.7111 slip=+0.0024 d=(-0.02385,0.01121) av=(0,-0.0570913,0)
in=(0,255,255,0) steer=-1.000 gnd=4.0 sp=622.74 horiz=622.74 velH=2.7295 bodyH=2.7281 slip=+0.0014 d=(-0.02530,0.01142) av=(0,-0.0617153,0)
in=(0,255,255,0) steer=-1.000 gnd=4.0 sp=655.95 horiz=655.95 velH=2.7465 bodyH=2.7460 slip=+0.0005 d=(-0.02684,0.01160) av=(0,-0.0666383,0)
in=(0,255,255,0) steer=-1.000 gnd=4.0 sp=690.84 horiz=690.84 velH=2.7643 bodyH=2.7648 slip=-0.0005 d=(-0.02848,0.01173) av=(0,-0.0718778,0)
in=(0,255,255,0) steer=-1.000 gnd=4.0 sp=727.49 horiz=727.48 velH=2.7831 bodyH=2.7846 slip=-0.0016 d=(-0.03021,0.01181) av=(0,-0.0774518,0)
in=(0,255,255,0) steer=-1.000 gnd=4.0 sp=765.96 horiz=765.95 velH=2.8028 bodyH=2.8055 slip=-0.0027 d=(-0.03204,0.01183) av=(0,-0.0833788,0)
in=(0,255,255,0) steer=-1.000 gnd=4.0 sp=806.32 horiz=806.32 velH=2.8236 bodyH=2.8275 slip=-0.0039 d=(-0.03398,0.01178) av=(0,-0.0896769,0)
in=(0,255,255,0) steer=-1.000 gnd=4.0 sp=848.66 horiz=848.66 velH=2.8455 bodyH=2.8507 slip=-0.0052 d=(-0.03602,0.01165) av=(0,-0.0963641,0)
in=(0,255,255,0) steer=-1.000 gnd=4.0 sp=893.05 horiz=893.04 velH=2.8685 bodyH=2.8750 slip=-0.0065 d=(-0.03817,0.01142) av=(0,-0.103457,0)
in=(0,255,255,0) steer=-1.000 gnd=4.0 sp=939.55 horiz=939.54 velH=2.8927 bodyH=2.9007 slip=-0.0080 d=(-0.04043,0.01108) av=(0,-0.11097,0)
in=(0,255,255,0) steer=-1.000 gnd=4.0 sp=988.25 horiz=988.23 velH=2.9181 bodyH=2.9276 slip=-0.0095 d=(-0.04280,0.01062) av=(0,-0.118914,0)
in=(0,255,255,0) steer=-1.000 gnd=4.0 sp=1039.21 horiz=1039.17 velH=2.9449 bodyH=2.9560 slip=-0.0111 d=(-0.04529,0.01001) av=(0,-0.127239,0)
in=(0,255,255,0) steer=-1.000 gnd=4.0 sp=1092.49 horiz=1092.45 velH=2.9730 bodyH=2.9858 slip=-0.0128 d=(-0.04789,0.00924) av=(0,-0.133611,0)
in=(0,255,255,0) steer=-1.000 gnd=4.0 sp=1148.01 horiz=1147.95 velH=3.0025 bodyH=3.0172 slip=-0.0147 d=(-0.05060,0.00828) av=(0,-0.137018,0)
in=(0,255,255,0) steer=-1.000 gnd=4.0 sp=1203.66 horiz=1203.57 velH=3.0331 bodyH=3.0501 slip=-0.0170 d=(-0.05338,0.00711) av=(0,-0.13891,0)
in=(0,255,255,0) steer=-1.000 gnd=4.0 sp=1258.85 horiz=1258.73 velH=3.0649 bodyH=3.0846 slip=-0.0196 d=(-0.05613,0.00573) av=(0,-0.140412,0)
in=(0,255,255,0) steer=-1.000 gnd=4.0 sp=1313.53 horiz=1313.37 velH=3.0982 bodyH=3.1206 slip=-0.0224 d=(-0.05883,0.00411) av=(0,-0.14208,0)
in=(0,255,255,0) steer=-1.000 gnd=4.0 sp=1367.62 horiz=1367.41 velH=3.1330 bodyH=-3.1249 slip=-0.0252 d=(-0.06146,0.00222) av=(0,-0.143901,0)
in=(0,255,255,0) steer=-1.000 gnd=4.0 sp=1421.08 horiz=1420.81 velH=-3.1139 bodyH=-3.0858 slip=-0.0281 d=(-0.06400,0.00008) av=(0,-0.145871,0)
in=(0,255,255,0) steer=-1.000 gnd=4.0 sp=1473.86 horiz=1473.52 velH=-3.0761 bodyH=-3.0452 slip=-0.0310 d=(-0.06642,-0.00235) av=(0,-0.148001,0)
in=(0,255,255,0) steer=-1.000 gnd=4.0 sp=1525.89 horiz=1525.47 velH=-3.0369 bodyH=-3.0030 slip=-0.0339 d=(-0.06872,-0.00504) av=(0,-0.149088,0)
in=(0,255,255,0) steer=-1.000 gnd=4.0 sp=1577.18 horiz=1576.70 velH=-2.9965 bodyH=-2.9605 slip=-0.0360 d=(-0.07085,-0.00802) av=(0,-0.150655,0)
in=(0,255,255,0) steer=-1.000 gnd=4.0 sp=1627.79 horiz=1627.25 velH=-2.9556 bodyH=-2.9180 slip=-0.0376 d=(-0.07281,-0.01124) av=(0,-0.151317,0)
in=(0,255,255,0) steer=-1.000 gnd=4.0 sp=1677.74 horiz=1677.16 velH=-2.9143 bodyH=-2.8755 slip=-0.0388 d=(-0.07458,-0.01466) av=(0,-0.152371,0)
in=(0,255,255,0) steer=-1.000 gnd=4.0 sp=1727.05 horiz=1726.42 velH=-2.8729 bodyH=-2.8330 slip=-0.0398 d=(-0.07615,-0.01827) av=(0,-0.153581,0)
in=(0,255,255,0) steer=-1.000 gnd=4.0 sp=1775.72 horiz=1775.05 velH=-2.8313 bodyH=-2.7905 slip=-0.0408 d=(-0.07752,-0.02203) av=(0,-0.154844,0)
in=(0,255,255,0) steer=-1.000 gnd=4.0 sp=1823.75 horiz=1823.03 velH=-2.7896 bodyH=-2.7480 slip=-0.0416 d=(-0.07867,-0.02594) av=(0,-0.156119,0)
in=(0,255,255,0) steer=-1.000 gnd=4.0 sp=1871.12 horiz=1870.36 velH=-2.7479 bodyH=-2.7055 slip=-0.0424 d=(-0.07959,-0.02997) av=(0,-0.157388,0)
in=(0,255,255,0) steer=-1.000 gnd=4.0 sp=1917.82 horiz=1917.02 velH=-2.7061 bodyH=-2.6630 slip=-0.0431 d=(-0.08029,-0.03412) av=(0,-0.158646,0)
in=(0,255,255,0) steer=-1.000 gnd=4.0 sp=1963.85 horiz=1963.02 velH=-2.6643 bodyH=-2.6205 slip=-0.0438 d=(-0.08074,-0.03836) av=(0,-0.159891,0)
in=(0,255,255,0) steer=-1.000 gnd=4.0 sp=2009.21 horiz=2008.33 velH=-2.6225 bodyH=-2.5780 slip=-0.0445 d=(-0.08095,-0.04269) av=(0,-0.161126,0)
in=(0,255,255,0) steer=-1.000 gnd=4.0 sp=2053.87 horiz=2052.95 velH=-2.5807 bodyH=-2.5355 slip=-0.0452 d=(-0.08090,-0.04709) av=(0,-0.16235,0)
in=(0,255,255,0) steer=-1.000 gnd=4.0 sp=2097.84 horiz=2096.88 velH=-2.5389 bodyH=-2.4930 slip=-0.0459 d=(-0.08060,-0.05154) av=(0,-0.163565,0)
in=(0,255,255,0) steer=-1.000 gnd=4.0 sp=2141.10 horiz=2140.10 velH=-2.4970 bodyH=-2.4505 slip=-0.0465 d=(-0.08004,-0.05603) av=(0,-0.164772,0)
in=(0,255,255,0) steer=-1.000 gnd=4.0 sp=2183.65 horiz=2182.61 velH=-2.4551 bodyH=-2.4080 slip=-0.0471 d=(-0.07921,-0.06054) av=(0,-0.165971,0)
in=(0,255,255,0) steer=-1.000 gnd=4.0 sp=2225.49 horiz=2224.41 velH=-2.4133 bodyH=-2.3655 slip=-0.0478 d=(-0.07811,-0.06506) av=(0,-0.167162,0)
in=(0,255,255,0) steer=-1.000 gnd=4.0 sp=2266.60 horiz=2265.48 velH=-2.3714 bodyH=-2.3230 slip=-0.0484 d=(-0.07675,-0.06956) av=(0,-0.168345,0)
in=(0,255,255,0) steer=-1.000 gnd=4.0 sp=2307.00 horiz=2305.83 velH=-2.3294 bodyH=-2.2805 slip=-0.0490 d=(-0.07512,-0.07405) av=(0,-0.169521,0)
in=(0,255,255,0) steer=-1.000 gnd=4.0 sp=2346.66 horiz=2345.46 velH=-2.2875 bodyH=-2.2380 slip=-0.0495 d=(-0.07322,-0.07849) av=(0,-0.170689,0)
in=(0,255,255,0) steer=-1.000 gnd=4.0 sp=2385.60 horiz=2384.36 velH=-2.2456 bodyH=-2.1955 slip=-0.0501 d=(-0.07106,-0.08288) av=(0,-0.171849,0)
in=(0,255,255,0) steer=-1.000 gnd=4.0 sp=2423.81 horiz=2422.53 velH=-2.2037 bodyH=-2.1530 slip=-0.0507 d=(-0.06863,-0.08719) av=(0,-0.173001,0)
in=(0,255,255,0) steer=-1.000 gnd=4.0 sp=2461.29 horiz=2459.97 velH=-2.1617 bodyH=-2.1105 slip=-0.0512 d=(-0.06595,-0.09142) av=(0,-0.174145,0)
in=(0,255,255,0) steer=-1.000 gnd=4.0 sp=2498.04 horiz=2496.68 velH=-2.1197 bodyH=-2.0680 slip=-0.0518 d=(-0.06301,-0.09555) av=(0,-0.17528,0)
in=(0,255,255,0) steer=-1.000 gnd=4.0 sp=2534.06 horiz=2532.66 velH=-2.0778 bodyH=-2.0255 slip=-0.0523 d=(-0.05982,-0.09956) av=(0,-0.176407,0)
in=(0,255,255,0) steer=-1.000 gnd=4.0 sp=2569.36 horiz=2567.92 velH=-2.0358 bodyH=-1.9830 slip=-0.0528 d=(-0.05638,-0.10344) av=(0,-0.177524,0)
in=(0,255,255,0) steer=-1.000 gnd=4.0 sp=2603.93 horiz=2602.45 velH=-1.9938 bodyH=-1.9405 slip=-0.0533 d=(-0.05271,-0.10717) av=(0,-0.178633,0)
in=(0,255,255,0) steer=-1.000 gnd=4.0 sp=2637.79 horiz=2636.27 velH=-1.9518 bodyH=-1.8980 slip=-0.0538 d=(-0.04881,-0.11075) av=(0,-0.179732,0)
in=(0,255,255,0) steer=-1.000 gnd=4.0 sp=2670.92 horiz=2669.36 velH=-1.9098 bodyH=-1.8555 slip=-0.0543 d=(-0.04469,-0.11415) av=(0,-0.18082,0)
in=(0,255,255,0) steer=-1.000 gnd=4.0 sp=2703.35 horiz=2701.75 velH=-1.8678 bodyH=-1.8130 slip=-0.0548 d=(-0.04035,-0.11737) av=(0,-0.181899,0)
in=(0,255,255,0) steer=-1.000 gnd=4.0 sp=2735.06 horiz=2733.43 velH=-1.8258 bodyH=-1.7705 slip=-0.0553 d=(-0.03581,-0.12039) av=(0,-0.182968,0)
in=(0,255,255,0) steer=-1.000 gnd=4.0 sp=2766.08 horiz=2764.40 velH=-1.7837 bodyH=-1.7280 slip=-0.0558 d=(-0.03108,-0.12321) av=(0,-0.184026,0)
in=(0,255,255,0) steer=-1.000 gnd=4.0 sp=2796.39 horiz=2794.68 velH=-1.7417 bodyH=-1.6855 slip=-0.0562 d=(-0.02617,-0.12580) av=(0,-0.185072,0)
in=(0,255,255,0) steer=-1.000 gnd=4.0 sp=2826.02 horiz=2824.27 velH=-1.6997 bodyH=-1.6430 slip=-0.0567 d=(-0.02109,-0.12817) av=(0,-0.186108,0)
in=(0,255,255,0) steer=-1.000 gnd=4.0 sp=2854.97 horiz=2853.18 velH=-1.6576 bodyH=-1.6005 slip=-0.0571 d=(-0.01585,-0.13029) av=(0,-0.187133,0)
in=(0,255,255,0) steer=-1.000 gnd=4.0 sp=2883.24 horiz=2881.41 velH=-1.6155 bodyH=-1.5580 slip=-0.0576 d=(-0.01046,-0.13217) av=(0,-0.188145,0)
in=(0,255,255,0) steer=-1.000 gnd=4.0 sp=2910.84 horiz=2908.98 velH=-1.5735 bodyH=-1.5154 slip=-0.0580 d=(-0.00494,-0.13380) av=(0,-0.189146,0)
in=(0,255,255,0) steer=-1.000 gnd=4.0 sp=2937.78 horiz=2935.89 velH=-1.5314 bodyH=-1.4729 slip=-0.0585 d=(0.00070,-0.13516) av=(0,-0.190135,0)
in=(0,255,255,0) steer=-1.000 gnd=4.0 sp=2964.07 horiz=2962.14 velH=-1.4893 bodyH=-1.4304 slip=-0.0589 d=(0.00644,-0.13625) av=(0,-0.191111,0)
in=(0,255,255,0) steer=-1.000 gnd=4.0 sp=2989.72 horiz=2987.75 velH=-1.4472 bodyH=-1.3879 slip=-0.0593 d=(0.01227,-0.13706) av=(0,-0.192075,0)
in=(0,255,255,0) steer=-1.000 gnd=4.0 sp=3014.73 horiz=3012.73 velH=-1.4051 bodyH=-1.3454 slip=-0.0597 d=(0.01818,-0.13759) av=(0,-0.193026,0)
in=(0,255,255,0) steer=-1.000 gnd=4.0 sp=3039.12 horiz=3037.09 velH=-1.3630 bodyH=-1.3029 slip=-0.0601 d=(0.02415,-0.13784) av=(0,-0.193964,0)
in=(0,255,255,0) steer=-1.000 gnd=4.0 sp=3062.89 horiz=3060.83 velH=-1.3209 bodyH=-1.2604 slip=-0.0605 d=(0.03017,-0.13780) av=(0,-0.19489,0)
in=(0,255,255,0) steer=-1.000 gnd=4.0 sp=3086.06 horiz=3083.96 velH=-1.2788 bodyH=-1.2179 slip=-0.0609 d=(0.03622,-0.13746) av=(0,-0.195802,0)
in=(0,255,255,0) steer=-1.000 gnd=4.0 sp=3108.63 horiz=3106.50 velH=-1.2367 bodyH=-1.1754 slip=-0.0613 d=(0.04229,-0.13683) av=(0,-0.1967,0)
in=(0,255,255,0) steer=-1.000 gnd=4.0 sp=3130.61 horiz=3128.45 velH=-1.1946 bodyH=-1.1329 slip=-0.0616 d=(0.04837,-0.13591) av=(0,-0.197585,0)
in=(0,255,255,0) steer=-1.000 gnd=4.0 sp=3152.02 horiz=3149.83 velH=-1.1524 bodyH=-1.0904 slip=-0.0620 d=(0.05443,-0.13469) av=(0,-0.198457,0)
in=(0,255,255,0) steer=-1.000 gnd=4.0 sp=3172.86 horiz=3170.64 velH=-1.1103 bodyH=-1.0479 slip=-0.0624 d=(0.06046,-0.13317) av=(0,-0.199315,0)
in=(0,255,255,0) steer=-1.000 gnd=4.0 sp=3193.14 horiz=3190.89 velH=-1.0681 bodyH=-1.0054 slip=-0.0627 d=(0.06645,-0.13136) av=(0,-0.200159,0)
in=(0,255,255,0) steer=-1.000 gnd=4.0 sp=3212.88 horiz=3210.60 velH=-1.0260 bodyH=-0.9629 slip=-0.0630 d=(0.07238,-0.12926) av=(0,-0.200989,0)
in=(0,255,255,0) steer=-1.000 gnd=4.0 sp=3232.09 horiz=3229.78 velH=-0.9838 bodyH=-0.9204 slip=-0.0634 d=(0.07824,-0.12687) av=(0,-0.201805,0)
in=(0,255,255,0) steer=-1.000 gnd=4.0 sp=3250.77 horiz=3248.43 velH=-0.9416 bodyH=-0.8779 slip=-0.0637 d=(0.08401,-0.12419) av=(0,-0.202608,0)
in=(0,255,255,0) steer=-1.000 gnd=4.0 sp=3268.94 horiz=3266.57 velH=-0.8995 bodyH=-0.8354 slip=-0.0640 d=(0.08968,-0.12123) av=(0,-0.203396,0)
in=(0,255,255,0) steer=-1.000 gnd=4.0 sp=3286.60 horiz=3284.20 velH=-0.8573 bodyH=-0.7929 slip=-0.0644 d=(0.09524,-0.11799) av=(0,-0.20417,0)
in=(0,255,255,0) steer=-1.000 gnd=4.0 sp=3303.77 horiz=3301.34 velH=-0.8151 bodyH=-0.7504 slip=-0.0647 d=(0.10066,-0.11448) av=(0,-0.20493,0)
in=(0,255,255,0) steer=-1.000 gnd=4.0 sp=3320.45 horiz=3318.00 velH=-0.7729 bodyH=-0.7079 slip=-0.0650 d=(0.10595,-0.11070) av=(0,-0.205676,0)
in=(0,255,255,0) steer=-1.000 gnd=4.0 sp=3336.67 horiz=3334.19 velH=-0.7307 bodyH=-0.6654 slip=-0.0653 d=(0.11108,-0.10666) av=(0,-0.206408,0)
in=(0,255,255,0) steer=-1.000 gnd=4.0 sp=3352.42 horiz=3349.92 velH=-0.6885 bodyH=-0.6229 slip=-0.0656 d=(0.11604,-0.10237) av=(0,-0.207126,0)
in=(0,255,255,0) steer=-1.000 gnd=4.0 sp=3367.72 horiz=3365.19 velH=-0.6463 bodyH=-0.5804 slip=-0.0659 d=(0.12082,-0.09784) av=(0,-0.207829,0)
in=(0,255,255,0) steer=-1.000 gnd=4.0 sp=3382.58 horiz=3380.03 velH=-0.6040 bodyH=-0.5379 slip=-0.0661 d=(0.12540,-0.09308) av=(0,-0.208519,0)
in=(0,255,255,0) steer=-1.000 gnd=4.0 sp=3397.01 horiz=3394.43 velH=-0.5618 bodyH=-0.4954 slip=-0.0664 d=(0.12978,-0.08808) av=(0,-0.209195,0)
in=(0,255,255,0) steer=-1.000 gnd=4.0 sp=3411.01 horiz=3408.41 velH=-0.5196 bodyH=-0.4529 slip=-0.0667 d=(0.13395,-0.08288) av=(0,-0.209857,0)
in=(0,255,255,0) steer=-1.000 gnd=4.0 sp=3424.61 horiz=3421.98 velH=-0.4773 bodyH=-0.4104 slip=-0.0670 d=(0.13789,-0.07746) av=(0,-0.210505,0)
in=(0,255,255,0) steer=-1.000 gnd=4.0 sp=3437.80 horiz=3435.16 velH=-0.4351 bodyH=-0.3679 slip=-0.0672 d=(0.14159,-0.07185) av=(0,-0.21114,0)
in=(0,255,255,0) steer=-1.000 gnd=4.0 sp=3450.60 horiz=3447.94 velH=-0.3929 bodyH=-0.3254 slip=-0.0675 d=(0.14505,-0.06606) av=(0,-0.211761,0)
in=(0,255,255,0) steer=-1.000 gnd=4.0 sp=3463.03 horiz=3460.34 velH=-0.3506 bodyH=-0.2829 slip=-0.0677 d=(0.14826,-0.06010) av=(0,-0.212368,0)
in=(0,255,255,0) steer=-1.000 gnd=4.0 sp=3475.07 horiz=3472.36 velH=-0.3083 bodyH=-0.2404 slip=-0.0679 d=(0.15120,-0.05397) av=(0,-0.212962,0)
in=(0,255,255,0) steer=-1.000 gnd=4.0 sp=3486.76 horiz=3484.03 velH=-0.2661 bodyH=-0.1979 slip=-0.0682 d=(0.15388,-0.04770) av=(0,-0.213542,0)
in=(0,255,255,0) steer=-1.000 gnd=4.0 sp=3498.09 horiz=3495.34 velH=-0.2238 bodyH=-0.1554 slip=-0.0684 d=(0.15627,-0.04129) av=(0,-0.21411,0)
in=(0,255,255,0) steer=-1.000 gnd=4.0 sp=3509.08 horiz=3506.31 velH=-0.1815 bodyH=-0.1129 slip=-0.0686 d=(0.15839,-0.03476) av=(0,-0.214664,0)
in=(0,255,255,0) steer=-1.000 gnd=4.0 sp=3519.73 horiz=3516.94 velH=-0.1392 bodyH=-0.0704 slip=-0.0689 d=(0.16021,-0.02812) av=(0,-0.215206,0)
in=(0,255,255,0) steer=-1.000 gnd=4.0 sp=3530.06 horiz=3527.25 velH=-0.0969 bodyH=-0.0279 slip=-0.0691 d=(0.16174,-0.02139) av=(0,-0.215735,0)
in=(0,255,255,0) steer=-1.000 gnd=4.0 sp=3540.07 horiz=3537.24 velH=-0.0546 bodyH=0.0146 slip=-0.0693 d=(0.16298,-0.01457) av=(0,-0.216251,0)
in=(0,255,255,0) steer=-1.000 gnd=4.0 sp=3549.76 horiz=3546.92 velH=-0.0123 bodyH=0.0571 slip=-0.0695 d=(0.16391,-0.00769) av=(0,-0.216754,0)
in=(0,255,255,0) steer=-1.000 gnd=4.0 sp=3559.16 horiz=3556.30 velH=0.0300 bodyH=0.0996 slip=-0.0697 d=(0.16453,-0.00076) av=(0,-0.217246,0)
in=(0,255,255,0) steer=-1.000 gnd=4.0 sp=3568.26 horiz=3565.38 velH=0.0723 bodyH=0.1421 slip=-0.0699 d=(0.16485,0.00622) av=(0,-0.217725,0)
in=(0,255,255,0) steer=-1.000 gnd=4.0 sp=3577.08 horiz=3574.19 velH=0.1146 bodyH=0.1846 slip=-0.0700 d=(0.16485,0.01322) av=(0,-0.218193,0)
in=(0,255,255,0) steer=-1.000 gnd=4.0 sp=3585.63 horiz=3582.71 velH=0.1569 bodyH=0.2271 slip=-0.0702 d=(0.16455,0.02023) av=(0,-0.218648,0)
in=(0,255,255,0) steer=-1.000 gnd=4.0 sp=3593.90 horiz=3590.97 velH=0.1992 bodyH=0.2696 slip=-0.0704 d=(0.16393,0.02724) av=(0,-0.219092,0)
in=(0,255,255,0) steer=-1.000 gnd=4.0 sp=3601.91 horiz=3598.97 velH=0.2416 bodyH=0.3121 slip=-0.0706 d=(0.16300,0.03423) av=(0,-0.219525,0)
in=(0,255,255,0) steer=-1.000 gnd=4.0 sp=3609.67 horiz=3606.71 velH=0.2839 bodyH=0.3546 slip=-0.0707 d=(0.16176,0.04119) av=(0,-0.219946,0)
in=(0,255,255,0) steer=-1.000 gnd=4.0 sp=3617.18 horiz=3614.21 velH=0.3262 bodyH=0.3971 slip=-0.0709 d=(0.16022,0.04810) av=(0,-0.220357,0)
in=(0,255,255,0) steer=-1.000 gnd=4.0 sp=3624.46 horiz=3621.47 velH=0.3686 bodyH=0.4396 slip=-0.0711 d=(0.15836,0.05495) av=(0,-0.220756,0)
in=(0,255,255,0) steer=-1.000 gnd=4.0 sp=3631.50 horiz=3628.49 velH=0.4109 bodyH=0.4821 slip=-0.0712 d=(0.15621,0.06173) av=(0,-0.221145,0)
in=(0,255,255,0) steer=-1.000 gnd=4.0 sp=3638.31 horiz=3635.29 velH=0.4533 bodyH=0.5247 slip=-0.0714 d=(0.15375,0.06842) av=(0,-0.221524,0)
in=(0,255,255,0) steer=-1.000 gnd=4.0 sp=3644.90 horiz=3641.87 velH=0.4956 bodyH=0.5672 slip=-0.0715 d=(0.15099,0.07500) av=(0,-0.221892,0)
in=(0,255,255,0) steer=-1.000 gnd=4.0 sp=3651.28 horiz=3648.24 velH=0.5380 bodyH=0.6097 slip=-0.0717 d=(0.14795,0.08148) av=(0,-0.22225,0)
in=(0,255,255,0) steer=-1.000 gnd=4.0 sp=3657.46 horiz=3654.41 velH=0.5804 bodyH=0.6522 slip=-0.0718 d=(0.14462,0.08782) av=(0,-0.222599,0)
in=(0,255,255,0) steer=-1.000 gnd=4.0 sp=3663.43 horiz=3660.37 velH=0.6227 bodyH=0.6947 slip=-0.0719 d=(0.14100,0.09402) av=(0,-0.222937,0)
in=(0,255,255,0) steer=-1.000 gnd=4.0 sp=3669.21 horiz=3666.14 velH=0.6651 bodyH=0.7372 slip=-0.0721 d=(0.13712,0.10007) av=(0,-0.223267,0)
in=(0,255,255,0) steer=-1.000 gnd=4.0 sp=3674.81 horiz=3671.72 velH=0.7075 bodyH=0.7797 slip=-0.0722 d=(0.13296,0.10596) av=(0,-0.223587,0)
in=(0,255,255,0) steer=-1.000 gnd=4.0 sp=3680.22 horiz=3677.12 velH=0.7499 bodyH=0.8222 slip=-0.0723 d=(0.12855,0.11166) av=(0,-0.223898,0)
in=(0,255,255,0) steer=-1.000 gnd=4.0 sp=3685.45 horiz=3682.34 velH=0.7922 bodyH=0.8647 slip=-0.0724 d=(0.12388,0.11718) av=(0,-0.2242,0)
in=(0,255,255,0) steer=-1.000 gnd=4.0 sp=3690.51 horiz=3687.39 velH=0.8346 bodyH=0.9072 slip=-0.0725 d=(0.11897,0.12249) av=(0,-0.224493,0)
in=(0,255,255,0) steer=-1.000 gnd=4.0 sp=3695.40 horiz=3692.27 velH=0.8770 bodyH=0.9497 slip=-0.0727 d=(0.11383,0.12760) av=(0,-0.224778,0)
in=(0,255,255,0) steer=-1.000 gnd=4.0 sp=3700.14 horiz=3697.00 velH=0.9194 bodyH=0.9922 slip=-0.0728 d=(0.10846,0.13248) av=(0,-0.225055,0)
in=(0,255,255,0) steer=-1.000 gnd=4.0 sp=3704.71 horiz=3701.56 velH=0.9618 bodyH=1.0347 slip=-0.0729 d=(0.10288,0.13713) av=(0,-0.225324,0)
in=(0,255,255,0) steer=-1.000 gnd=4.0 sp=3709.14 horiz=3705.98 velH=1.0042 bodyH=1.0772 slip=-0.0730 d=(0.09710,0.14154) av=(0,-0.225584,0)
in=(0,255,255,0) steer=-1.000 gnd=4.0 sp=3713.42 horiz=3710.25 velH=1.0466 bodyH=1.1197 slip=-0.0731 d=(0.09112,0.14570) av=(0,-0.225838,0)
in=(0,255,255,0) steer=-1.000 gnd=4.0 sp=2274.05 horiz=2273.84 velH=1.8005 bodyH=1.8210 slip=-0.0205 d=(-0.02180,0.10149) av=(0,-0.19921,0)
in=(0,255,255,0) steer=-1.000 gnd=4.0 sp=2317.82 horiz=2317.29 velH=1.8311 bodyH=1.8635 slip=-0.0325 d=(-0.02470,0.10298) av=(0,-0.183752,0)
in=(0,255,255,0) steer=-1.000 gnd=4.0 sp=2359.62 horiz=2358.83 velH=1.8663 bodyH=1.9060 slip=-0.0397 d=(-0.02845,0.10407) av=(0,-0.175748,0)
in=(0,255,255,0) steer=-1.000 gnd=4.0 sp=2399.82 horiz=2398.84 velH=1.9043 bodyH=1.9485 slip=-0.0442 d=(-0.03273,0.10481) av=(0,-0.173052,0)
in=(0,255,255,0) steer=-1.000 gnd=4.0 sp=2438.72 horiz=2437.59 velH=1.9439 bodyH=1.9910 slip=-0.0472 d=(-0.03733,0.10522) av=(0,-0.172758,0)
in=(0,255,255,0) steer=-1.000 gnd=4.0 sp=2476.51 horiz=2475.28 velH=1.9844 bodyH=2.0335 slip=-0.0492 d=(-0.04215,0.10531) av=(0,-0.173514,0)
in=(0,255,255,0) steer=-1.000 gnd=4.0 sp=2513.34 horiz=2512.03 velH=2.0255 bodyH=2.0761 slip=-0.0506 d=(-0.04710,0.10509) av=(0,-0.17469,0)
in=(0,255,255,0) steer=-1.000 gnd=4.0 sp=2549.30 horiz=2547.92 velH=2.0669 bodyH=2.1186 slip=-0.0516 d=(-0.05214,0.10458) av=(0,-0.176,0)
in=(0,255,255,0) steer=-1.000 gnd=4.0 sp=2584.44 horiz=2583.01 velH=2.1086 bodyH=2.1611 slip=-0.0525 d=(-0.05723,0.10378) av=(0,-0.177322,0)
in=(0,255,255,0) steer=-1.000 gnd=4.0 sp=2618.79 horiz=2617.31 velH=2.1504 bodyH=2.2036 slip=-0.0532 d=(-0.06234,0.10269) av=(0,-0.178609,0)
in=(0,255,255,0) steer=-1.000 gnd=4.0 sp=2652.40 horiz=2650.87 velH=2.1922 bodyH=2.2461 slip=-0.0538 d=(-0.06745,0.10131) av=(0,-0.179848,0)
in=(0,255,255,0) steer=-1.000 gnd=4.0 sp=2685.26 horiz=2683.69 velH=2.2342 bodyH=2.2886 slip=-0.0544 d=(-0.07255,0.09965) av=(0,-0.181041,0)
in=(0,255,255,0) steer=-1.000 gnd=4.0 sp=2717.39 horiz=2715.78 velH=2.2761 bodyH=2.3311 slip=-0.0549 d=(-0.07760,0.09771) av=(0,-0.182194,0)
in=(0,255,255,0) steer=-1.000 gnd=4.0 sp=2748.82 horiz=2747.17 velH=2.3181 bodyH=2.3736 slip=-0.0555 d=(-0.08260,0.09548) av=(0,-0.183314,0)
in=(0,255,255,0) steer=-1.000 gnd=4.0 sp=2779.53 horiz=2777.85 velH=2.3601 bodyH=2.4161 slip=-0.0559 d=(-0.08753,0.09299) av=(0,-0.184406,0)
in=(0,255,255,0) steer=-1.000 gnd=4.0 sp=2809.55 horiz=2807.83 velH=2.4022 bodyH=2.4586 slip=-0.0564 d=(-0.09237,0.09022) av=(0,-0.185475,0)
in=(0,255,255,0) steer=-1.000 gnd=4.0 sp=1737.82 horiz=1737.68 velH=1.7797 bodyH=1.7981 slip=-0.0184 d=(-0.01482,0.07733) av=(0,-0.162467,0)
in=(0,255,255,0) steer=-1.000 gnd=4.0 sp=1788.39 horiz=1788.04 velH=1.8118 bodyH=1.8406 slip=-0.0288 d=(-0.01732,0.07926) av=(0,-0.158276,0)
in=(0,255,255,0) steer=-1.000 gnd=4.0 sp=1128.24 horiz=1128.22 velH=1.7786 bodyH=1.7864 slip=-0.0077 d=(-0.00950,0.04946) av=(0,-0.13817,0)
in=(0,255,255,0) steer=-1.000 gnd=4.0 sp=712.89 horiz=712.89 velH=1.7739 bodyH=1.7750 slip=-0.0011 d=(-0.00598,0.03122) av=(0,-0.102933,0)
in=(0,255,255,0) steer=-1.000 gnd=4.0 sp=450.77 horiz=450.77 velH=1.7708 bodyH=1.7678 slip=+0.0029 d=(-0.00377,0.01973) av=(0,-0.0682564,0)
in=(0,255,255,0) steer=-1.000 gnd=4.0 sp=285.01 horiz=285.01 velH=1.7688 bodyH=1.7633 slip=+0.0054 d=(-0.00238,0.01248) av=(0,-0.041138,0)
in=(0,255,255,0) steer=-1.000 gnd=4.0 sp=193.01 horiz=193.00 velH=1.7703 bodyH=1.7606 slip=+0.0098 d=(-0.00155,0.00803) av=(0,-0.00537805,0)
in=(0,255,255,0) steer=-1.000 gnd=4.0 sp=134.76 horiz=134.76 velH=1.7616 bodyH=1.7590 slip=+0.0026 d=(-0.00105,0.00549) av=(0,0.000322882,0)
in=(0,255,255,0) steer=-1.000 gnd=4.0 sp=97.88 horiz=97.88 velH=1.7588 bodyH=1.7580 slip=+0.0008 d=(-0.00073,0.00387) av=(0,0.000188855,0)
in=(0,255,255,0) steer=-1.000 gnd=4.0 sp=74.52 horiz=74.52 velH=1.7576 bodyH=1.7573 slip=+0.0003 d=(-0.00054,0.00285) av=(0,6.95982e-05,0)
in=(0,255,255,0) steer=-1.000 gnd=4.0 sp=59.71 horiz=59.71 velH=1.7571 bodyH=1.7569 slip=+0.0001 d=(-0.00042,0.00220) av=(0,2.93712e-05,0)
in=(0,255,255,0) steer=-1.000 gnd=4.0 sp=50.33 horiz=50.33 velH=1.7568 bodyH=1.7567 slip=+0.0001 d=(-0.00034,0.00179) av=(0,1.48239e-05,0)
in=(0,255,255,0) steer=-1.000 gnd=4.0 sp=44.39 horiz=44.39 velH=1.7566 bodyH=1.7565 slip=+0.0001 d=(-0.00029,0.00153) av=(0,8.89628e-06,0)
in=(0,255,255,0) steer=-1.000 gnd=4.0 sp=40.62 horiz=40.62 velH=1.7565 bodyH=1.7564 slip=+0.0000 d=(-0.00026,0.00137) av=(0,6.18279e-06,0)
in=(0,255,255,0) steer=-1.000 gnd=4.0 sp=55.39 horiz=55.39 velH=1.7578 bodyH=1.7577 slip=+0.0001 d=(-0.00038,0.00202) av=(0,2.17769e-05,0)
in=(0,255,255,0) steer=-1.000 gnd=4.0 sp=47.59 horiz=47.59 velH=1.7567 bodyH=1.7566 slip=+0.0001 d=(-0.00031,0.00168) av=(0,1.18183e-05,0)
in=(0,255,255,0) steer=-1.000 gnd=4.0 sp=42.65 horiz=42.65 velH=1.7565 bodyH=1.7565 slip=+0.0000 d=(-0.00027,0.00146) av=(0,7.55582e-06,0)
in=(0,255,255,0) steer=-1.000 gnd=4.0 sp=39.52 horiz=39.52 velH=1.7564 bodyH=1.7564 slip=+0.0000 d=(-0.00025,0.00132) av=(0,5.52093e-06,0)
in=(0,255,255,0) steer=-1.000 gnd=4.0 sp=37.53 horiz=37.53 velH=1.7564 bodyH=1.7563 slip=+0.0000 d=(-0.00023,0.00124) av=(0,4.46089e-06,0)
in=(0,255,255,0) steer=-1.000 gnd=4.0 sp=36.27 horiz=36.27 velH=1.7563 bodyH=1.7563 slip=+0.0000 d=(-0.00022,0.00118) av=(0,3.87201e-06,0)
in=(0,255,255,0) steer=-1.000 gnd=4.0 sp=35.48 horiz=35.48 velH=1.7563 bodyH=1.7563 slip=+0.0000 d=(-0.00021,0.00115) av=(0,3.52979e-06,0)
in=(0,255,255,0) steer=-1.000 gnd=4.0 sp=34.97 horiz=34.97 velH=1.7563 bodyH=1.7563 slip=+0.0000 d=(-0.00021,0.00112) av=(0,3.32479e-06,0)
in=(0,255,255,0) steer=-1.000 gnd=4.0 sp=34.65 horiz=34.65 velH=1.7563 bodyH=1.7562 slip=+0.0000 d=(-0.00021,0.00111) av=(0,3.1995e-06,0)
in=(0,255,255,0) steer=-1.000 gnd=4.0 sp=34.45 horiz=34.45 velH=1.7563 bodyH=1.7562 slip=+0.0000 d=(-0.00021,0.00110) av=(0,3.12189e-06,0)
in=(0,255,255,0) steer=-1.000 gnd=4.0 sp=34.32 horiz=34.32 velH=1.7563 bodyH=1.7562 slip=+0.0000 d=(-0.00021,0.00109) av=(0,3.07342e-06,0)
in=(0,255,255,0) steer=-1.000 gnd=4.0 sp=34.24 horiz=34.24 velH=1.7563 bodyH=1.7562 slip=+0.0000 d=(-0.00020,0.00109) av=(0,3.04299e-06,0)
in=(0,255,255,0) steer=-1.000 gnd=4.0 sp=34.18 horiz=34.18 velH=1.7563 bodyH=1.7562 slip=+0.0000 d=(-0.00020,0.00109) av=(0,3.02382e-06,0)
in=(0,255,255,0) steer=-1.000 gnd=4.0 sp=34.15 horiz=34.15 velH=1.7563 bodyH=1.7562 slip=+0.0000 d=(-0.00020,0.00109) av=(0,3.0117e-06,0)
in=(0,255,255,0) steer=-1.000 gnd=4.0 sp=34.13 horiz=34.13 velH=1.7563 bodyH=1.7562 slip=+0.0000 d=(-0.00020,0.00109) av=(0,3.00404e-06,0)
in=(0,255,255,0) steer=-1.000 gnd=4.0 sp=34.12 horiz=34.12 velH=1.7563 bodyH=1.7562 slip=+0.0000 d=(-0.00020,0.00109) av=(0,2.9992e-06,0)
in=(0,255,255,0) steer=-1.000 gnd=4.0 sp=34.11 horiz=34.11 velH=1.7563 bodyH=1.7562 slip=+0.0000 d=(-0.00020,0.00109) av=(0,2.99613e-06,0)
in=(0,255,255,0) steer=-1.000 gnd=4.0 sp=34.10 horiz=34.10 velH=1.7563 bodyH=1.7562 slip=+0.0000 d=(-0.00020,0.00109) av=(0,2.99419e-06,0)
in=(0,255,255,0) steer=-1.000 gnd=4.0 sp=34.10 horiz=34.10 velH=1.7563 bodyH=1.7562 slip=+0.0000 d=(-0.00020,0.00109) av=(0,2.99295e-06,0)
in=(0,255,255,0) steer=-1.000 gnd=4.0 sp=34.10 horiz=34.10 velH=1.7563 bodyH=1.7562 slip=+0.0000 d=(-0.00020,0.00109) av=(0,2.99218e-06,0)
in=(0,255,255,0) steer=-1.000 gnd=4.0 sp=34.10 horiz=34.10 velH=1.7563 bodyH=1.7562 slip=+0.0000 d=(-0.00020,0.00109) av=(0,2.99168e-06,0)
in=(0,255,255,0) steer=-1.000 gnd=4.0 sp=34.10 horiz=34.10 velH=1.7563 bodyH=1.7562 slip=+0.0000 d=(-0.00020,0.00109) av=(0,2.99137e-06,0)
in=(0,255,255,0) steer=-1.000 gnd=4.0 sp=34.09 horiz=34.09 velH=1.7563 bodyH=1.7562 slip=+0.0000 d=(-0.00020,0.00109) av=(0,2.99116e-06,0)
in=(0,255,255,0) steer=-1.000 gnd=4.0 sp=34.09 horiz=34.09 velH=1.7563 bodyH=1.7562 slip=+0.0000 d=(-0.00020,0.00109) av=(0,2.99104e-06,0)
in=(0,255,255,0) steer=-1.000 gnd=4.0 sp=34.09 horiz=34.09 velH=1.7563 bodyH=1.7562 slip=+0.0000 d=(-0.00020,0.00109) av=(0,2.99096e-06,0)
in=(0,255,255,0) steer=-1.000 gnd=4.0 sp=34.09 horiz=34.09 velH=1.7563 bodyH=1.7562 slip=+0.0000 d=(-0.00020,0.00109) av=(0,2.99091e-06,0)
in=(0,255,255,0) steer=-1.000 gnd=4.0 sp=34.09 horiz=34.09 velH=1.7563 bodyH=1.7562 slip=+0.0000 d=(-0.00020,0.00109) av=(0,2.99089e-06,0)
in=(0,255,255,0) steer=-1.000 gnd=4.0 sp=34.09 horiz=34.09 velH=1.7563 bodyH=1.7562 slip=+0.0000 d=(-0.00020,0.00109) av=(0,2.99086e-06,0)
in=(0,255,255,0) steer=-1.000 gnd=4.0 sp=34.09 horiz=34.09 velH=1.7563 bodyH=1.7562 slip=+0.0000 d=(-0.00020,0.00109) av=(0,2.99085e-06,0)
in=(0,255,255,0) steer=-1.000 gnd=4.0 sp=34.09 horiz=34.09 velH=1.7563 bodyH=1.7562 slip=+0.0000 d=(-0.00020,0.00109) av=(0,2.99084e-06,0)
in=(0,255,255,0) steer=-1.000 gnd=4.0 sp=34.09 horiz=34.09 velH=1.7563 bodyH=1.7562 slip=+0.0000 d=(-0.00020,0.00109) av=(0,2.99084e-06,0)
in=(0,255,255,0) steer=-1.000 gnd=4.0 sp=34.09 horiz=34.09 velH=1.7563 bodyH=1.7562 slip=+0.0000 d=(-0.00020,0.00109) av=(0,2.99084e-06,0)
in=(0,255,255,0) steer=-1.000 gnd=4.0 sp=34.09 horiz=34.09 velH=1.7563 bodyH=1.7562 slip=+0.0000 d=(-0.00020,0.00109) av=(0,2.99083e-06,0)
in=(0,255,255,0) steer=-1.000 gnd=4.0 sp=34.09 horiz=34.09 velH=1.7563 bodyH=1.7562 slip=+0.0000 d=(-0.00020,0.00109) av=(0,2.99082e-06,0)
in=(0,255,255,0) steer=-1.000 gnd=4.0 sp=34.09 horiz=34.09 velH=1.7563 bodyH=1.7562 slip=+0.0000 d=(-0.00020,0.00109) av=(0,2.99082e-06,0)
in=(0,255,255,0) steer=-1.000 gnd=4.0 sp=34.09 horiz=34.09 velH=1.7563 bodyH=1.7562 slip=+0.0000 d=(-0.00020,0.00109) av=(0,2.99082e-06,0)
in=(0,255,255,0) steer=-1.000 gnd=4.0 sp=34.09 horiz=34.09 velH=1.7563 bodyH=1.7562 slip=+0.0000 d=(-0.00020,0.00109) av=(0,2.99082e-06,0)
in=(0,255,255,0) steer=-1.000 gnd=4.0 sp=34.09 horiz=34.09 velH=1.7563 bodyH=1.7562 slip=+0.0000 d=(-0.00020,0.00109) av=(0,2.99082e-06,0)
in=(0,255,255,0) steer=-1.000 gnd=4.0 sp=34.09 horiz=34.09 velH=1.7563 bodyH=1.7562 slip=+0.0000 d=(-0.00020,0.00109) av=(0,2.99082e-06,0)
in=(0,255,255,0) steer=-1.000 gnd=4.0 sp=34.09 horiz=34.09 velH=1.7563 bodyH=1.7562 slip=+0.0000 d=(-0.00020,0.00109) av=(0,2.99082e-06,0)
in=(0,255,255,0) steer=-1.000 gnd=4.0 sp=34.09 horiz=34.09 velH=1.7563 bodyH=1.7562 slip=+0.0000 d=(-0.00020,0.00109) av=(0,2.99082e-06,0)
in=(0,255,255,0) steer=-1.000 gnd=4.0 sp=34.09 horiz=34.09 velH=1.7563 bodyH=1.7562 slip=+0.0000 d=(-0.00020,0.00109) av=(0,2.99082e-06,0)
in=(0,255,255,0) steer=-1.000 gnd=4.0 sp=34.09 horiz=34.09 velH=1.7563 bodyH=1.7562 slip=+0.0000 d=(-0.00020,0.00109) av=(0,2.99082e-06,0)
in=(0,255,255,0) steer=-1.000 gnd=4.0 sp=34.09 horiz=34.09 velH=1.7563 bodyH=1.7562 slip=+0.0000 d=(-0.00020,0.00109) av=(0,2.99082e-06,0)
in=(0,255,255,0) steer=-1.000 gnd=4.0 sp=34.09 horiz=34.09 velH=1.7563 bodyH=1.7562 slip=+0.0000 d=(-0.00020,0.00109) av=(0,2.99082e-06,0)
in=(0,255,255,0) steer=-1.000 gnd=4.0 sp=34.09 horiz=34.09 velH=1.7563 bodyH=1.7562 slip=+0.0000 d=(-0.00020,0.00109) av=(0,2.99082e-06,0)
in=(0,255,255,0) steer=-1.000 gnd=4.0 sp=34.09 horiz=34.09 velH=1.7563 bodyH=1.7562 slip=+0.0000 d=(-0.00020,0.00109) av=(0,2.99082e-06,0)
in=(0,255,255,0) steer=-1.000 gnd=4.0 sp=34.09 horiz=34.09 velH=1.7563 bodyH=1.7562 slip=+0.0000 d=(-0.00020,0.00109) av=(0,2.99082e-06,0)
in=(0,255,255,0) steer=-1.000 gnd=4.0 sp=34.09 horiz=34.09 velH=1.7563 bodyH=1.7562 slip=+0.0000 d=(-0.00020,0.00109) av=(0,2.99082e-06,0)
in=(0,255,255,0) steer=-1.000 gnd=4.0 sp=34.09 horiz=34.09 velH=1.7563 bodyH=1.7562 slip=+0.0000 d=(-0.00020,0.00109) av=(0,2.99082e-06,0)
in=(0,255,255,0) steer=-1.000 gnd=4.0 sp=34.09 horiz=34.09 velH=1.7563 bodyH=1.7562 slip=+0.0000 d=(-0.00020,0.00109) av=(0,2.99082e-06,0)
in=(0,255,255,0) steer=-1.000 gnd=4.0 sp=34.09 horiz=34.09 velH=1.7563 bodyH=1.7562 slip=+0.0000 d=(-0.00020,0.00109) av=(0,2.99082e-06,0)
in=(0,255,255,0) steer=-1.000 gnd=4.0 sp=34.09 horiz=34.09 velH=1.7563 bodyH=1.7562 slip=+0.0000 d=(-0.00020,0.00109) av=(0,2.99082e-06,0)
in=(0,255,255,0) steer=-1.000 gnd=4.0 sp=34.09 horiz=34.09 velH=1.7563 bodyH=1.7562 slip=+0.0000 d=(-0.00020,0.00109) av=(0,2.99082e-06,0)
in=(0,255,255,0) steer=-1.000 gnd=4.0 sp=34.09 horiz=34.09 velH=1.7563 bodyH=1.7562 slip=+0.0000 d=(-0.00020,0.00109) av=(0,2.99082e-06,0)
in=(0,255,255,0) steer=-1.000 gnd=4.0 sp=34.09 horiz=34.09 velH=1.7563 bodyH=1.7562 slip=+0.0000 d=(-0.00020,0.00109) av=(0,2.99082e-06,0)
in=(0,255,255,0) steer=-1.000 gnd=4.0 sp=34.09 horiz=34.09 velH=1.7563 bodyH=1.7562 slip=+0.0000 d=(-0.00020,0.00109) av=(0,2.99082e-06,0)
in=(0,255,255,0) steer=-1.000 gnd=4.0 sp=34.09 horiz=34.09 velH=1.7563 bodyH=1.7562 slip=+0.0000 d=(-0.00020,0.00109) av=(0,2.99082e-06,0)
in=(0,255,255,0) steer=-1.000 gnd=4.0 sp=34.09 horiz=34.09 velH=1.7563 bodyH=1.7562 slip=+0.0000 d=(-0.00020,0.00109) av=(0,2.99082e-06,0)
in=(0,255,255,0) steer=-1.000 gnd=4.0 sp=34.09 horiz=34.09 velH=1.7563 bodyH=1.7562 slip=+0.0000 d=(-0.00020,0.00109) av=(0,2.99082e-06,0)
in=(0,255,255,0) steer=-1.000 gnd=4.0 sp=34.09 horiz=34.09 velH=1.7563 bodyH=1.7562 slip=+0.0000 d=(-0.00020,0.00109) av=(0,2.99082e-06,0)
in=(0,255,255,0) steer=-1.000 gnd=4.0 sp=34.09 horiz=34.09 velH=1.7563 bodyH=1.7562 slip=+0.0000 d=(-0.00020,0.00109) av=(0,2.99082e-06,0)
in=(0,255,255,0) steer=-1.000 gnd=4.0 sp=34.09 horiz=34.09 velH=1.7563 bodyH=1.7562 slip=+0.0000 d=(-0.00020,0.00109) av=(0,2.99082e-06,0)
in=(0,255,255,0) steer=-1.000 gnd=4.0 sp=34.09 horiz=34.09 velH=1.7563 bodyH=1.7562 slip=+0.0000 d=(-0.00020,0.00109) av=(0,2.99082e-06,0)
in=(0,255,255,0) steer=-1.000 gnd=4.0 sp=34.09 horiz=34.09 velH=1.7563 bodyH=1.7562 slip=+0.0000 d=(-0.00020,0.00109) av=(0,2.99082e-06,0)
in=(0,255,255,0) steer=-1.000 gnd=4.0 sp=34.09 horiz=34.09 velH=1.7563 bodyH=1.7562 slip=+0.0000 d=(-0.00020,0.00109) av=(0,2.99082e-06,0)
in=(0,255,255,0) steer=-1.000 gnd=4.0 sp=34.09 horiz=34.09 velH=1.7563 bodyH=1.7562 slip=+0.0000 d=(-0.00020,0.00109) av=(0,2.99082e-06,0)
in=(0,255,255,0) steer=-1.000 gnd=4.0 sp=34.09 horiz=34.09 velH=1.7563 bodyH=1.7562 slip=+0.0000 d=(-0.00020,0.00109) av=(0,2.99082e-06,0)
in=(0,255,255,0) steer=-1.000 gnd=4.0 sp=34.09 horiz=34.09 velH=1.7563 bodyH=1.7562 slip=+0.0000 d=(-0.00020,0.00109) av=(0,2.99082e-06,0)
in=(0,255,255,0) steer=-1.000 gnd=4.0 sp=34.09 horiz=34.09 velH=1.7563 bodyH=1.7562 slip=+0.0000 d=(-0.00020,0.00109) av=(0,2.99082e-06,0)
in=(0,255,255,0) steer=-1.000 gnd=4.0 sp=34.09 horiz=34.09 velH=1.7563 bodyH=1.7562 slip=+0.0000 d=(-0.00020,0.00109) av=(0,2.99082e-06,0)
in=(0,255,255,0) steer=-1.000 gnd=4.0 sp=34.09 horiz=34.09 velH=1.7563 bodyH=1.7562 slip=+0.0000 d=(-0.00020,0.00109) av=(0,2.99082e-06,0)
in=(0,255,255,0) steer=-1.000 gnd=4.0 sp=34.09 horiz=34.09 velH=1.7563 bodyH=1.7562 slip=+0.0000 d=(-0.00020,0.00109) av=(0,2.99082e-06,0)
in=(0,255,255,0) steer=-1.000 gnd=4.0 sp=34.09 horiz=34.09 velH=1.7563 bodyH=1.7562 slip=+0.0000 d=(-0.00020,0.00109) av=(0,2.99082e-06,0)
in=(0,255,255,0) steer=-1.000 gnd=4.0 sp=34.09 horiz=34.09 velH=1.7563 bodyH=1.7562 slip=+0.0000 d=(-0.00020,0.00109) av=(0,2.99082e-06,0)
in=(0,255,255,0) steer=-1.000 gnd=4.0 sp=34.09 horiz=34.09 velH=1.7563 bodyH=1.7562 slip=+0.0000 d=(-0.00020,0.00109) av=(0,2.99082e-06,0)
in=(0,255,255,0) steer=-1.000 gnd=4.0 sp=34.09 horiz=34.09 velH=1.7563 bodyH=1.7562 slip=+0.0000 d=(-0.00020,0.00109) av=(0,2.99082e-06,0)
in=(0,255,255,0) steer=-1.000 gnd=4.0 sp=34.09 horiz=34.09 velH=1.7563 bodyH=1.7562 slip=+0.0000 d=(-0.00020,0.00109) av=(0,2.99082e-06,0)
in=(0,255,255,0) steer=-1.000 gnd=4.0 sp=34.09 horiz=34.09 velH=1.7563 bodyH=1.7562 slip=+0.0000 d=(-0.00020,0.00109) av=(0,2.99082e-06,0)
in=(0,255,255,0) steer=-1.000 gnd=4.0 sp=34.09 horiz=34.09 velH=1.7563 bodyH=1.7562 slip=+0.0000 d=(-0.00020,0.00109) av=(0,2.99082e-06,0)
in=(0,255,255,0) steer=-1.000 gnd=4.0 sp=34.09 horiz=34.09 velH=1.7563 bodyH=1.7562 slip=+0.0000 d=(-0.00020,0.00109) av=(0,2.99082e-06,0)
in=(0,255,255,0) steer=-1.000 gnd=4.0 sp=34.09 horiz=34.09 velH=1.7563 bodyH=1.7562 slip=+0.0000 d=(-0.00020,0.00109) av=(0,2.99082e-06,0)
in=(0,255,255,0) steer=-1.000 gnd=4.0 sp=34.09 horiz=34.09 velH=1.7563 bodyH=1.7562 slip=+0.0000 d=(-0.00020,0.00109) av=(0,2.99082e-06,0)
in=(0,255,255,0) steer=-1.000 gnd=4.0 sp=34.09 horiz=34.09 velH=1.7563 bodyH=1.7562 slip=+0.0000 d=(-0.00020,0.00109) av=(0,2.99082e-06,0)
in=(0,255,255,0) steer=-1.000 gnd=4.0 sp=34.09 horiz=34.09 velH=1.7563 bodyH=1.7562 slip=+0.0000 d=(-0.00020,0.00109) av=(0,2.99082e-06,0)
in=(0,255,255,0) steer=-1.000 gnd=4.0 sp=34.09 horiz=34.09 velH=1.7563 bodyH=1.7562 slip=+0.0000 d=(-0.00020,0.00109) av=(0,2.99082e-06,0)
in=(0,255,255,0) steer=-1.000 gnd=4.0 sp=34.09 horiz=34.09 velH=1.7563 bodyH=1.7562 slip=+0.0000 d=(-0.00020,0.00109) av=(0,2.99082e-06,0)
in=(0,255,255,0) steer=-1.000 gnd=4.0 sp=34.09 horiz=34.09 velH=1.7563 bodyH=1.7562 slip=+0.0000 d=(-0.00020,0.00109) av=(0,2.99082e-06,0)
in=(0,255,255,0) steer=-1.000 gnd=4.0 sp=34.09 horiz=34.09 velH=1.7563 bodyH=1.7562 slip=+0.0000 d=(-0.00020,0.00109) av=(0,2.99082e-06,0)
in=(0,255,255,0) steer=-1.000 gnd=4.0 sp=34.09 horiz=34.09 velH=1.7563 bodyH=1.7562 slip=+0.0000 d=(-0.00020,0.00109) av=(0,2.99082e-06,0)
in=(0,255,255,0) steer=-1.000 gnd=4.0 sp=34.09 horiz=34.09 velH=1.7563 bodyH=1.7562 slip=+0.0000 d=(-0.00020,0.00109) av=(0,2.99082e-06,0)
in=(0,255,255,0) steer=-1.000 gnd=4.0 sp=34.09 horiz=34.09 velH=1.7563 bodyH=1.7562 slip=+0.0000 d=(-0.00020,0.00109) av=(0,2.99082e-06,0)
in=(0,255,255,0) steer=-1.000 gnd=4.0 sp=34.09 horiz=34.09 velH=1.7563 bodyH=1.7562 slip=+0.0000 d=(-0.00020,0.00109) av=(0,2.99082e-06,0)
in=(0,255,255,0) steer=-1.000 gnd=4.0 sp=34.09 horiz=34.09 velH=1.7563 bodyH=1.7562 slip=+0.0000 d=(-0.00020,0.00109) av=(0,2.99082e-06,0)
in=(0,255,255,0) steer=-1.000 gnd=4.0 sp=34.09 horiz=34.09 velH=1.7563 bodyH=1.7562 slip=+0.0000 d=(-0.00020,0.00109) av=(0,2.99082e-06,0)
in=(0,255,255,0) steer=-1.000 gnd=4.0 sp=34.09 horiz=34.09 velH=1.7563 bodyH=1.7562 slip=+0.0000 d=(-0.00020,0.00109) av=(0,2.99082e-06,0)
in=(0,255,255,0) steer=-1.000 gnd=4.0 sp=34.09 horiz=34.09 velH=1.7563 bodyH=1.7562 slip=+0.0000 d=(-0.00020,0.00109) av=(0,2.99082e-06,0)
in=(0,255,255,0) steer=-1.000 gnd=4.0 sp=34.09 horiz=34.09 velH=1.7563 bodyH=1.7562 slip=+0.0000 d=(-0.00020,0.00109) av=(0,2.99082e-06,0)
in=(0,255,255,0) steer=-1.000 gnd=4.0 sp=34.09 horiz=34.09 velH=1.7563 bodyH=1.7562 slip=+0.0000 d=(-0.00020,0.00109) av=(0,2.99082e-06,0)
in=(0,255,255,0) steer=-1.000 gnd=4.0 sp=34.09 horiz=34.09 velH=1.7563 bodyH=1.7562 slip=+0.0000 d=(-0.00020,0.00109) av=(0,2.99082e-06,0)
in=(0,255,255,0) steer=-1.000 gnd=4.0 sp=34.09 horiz=34.09 velH=1.7563 bodyH=1.7562 slip=+0.0000 d=(-0.00020,0.00109) av=(0,2.99082e-06,0)
in=(0,255,255,0) steer=-1.000 gnd=4.0 sp=34.09 horiz=34.09 velH=1.7563 bodyH=1.7562 slip=+0.0000 d=(-0.00020,0.00109) av=(0,2.99082e-06,0)
in=(0,255,255,0) steer=-1.000 gnd=4.0 sp=34.09 horiz=34.09 velH=1.7563 bodyH=1.7562 slip=+0.0000 d=(-0.00020,0.00109) av=(0,2.99082e-06,0)
in=(0,255,255,0) steer=-1.000 gnd=4.0 sp=34.09 horiz=34.09 velH=1.7563 bodyH=1.7562 slip=+0.0000 d=(-0.00020,0.00109) av=(0,2.99082e-06,0)
in=(0,255,255,0) steer=-1.000 gnd=4.0 sp=34.09 horiz=34.09 velH=1.7563 bodyH=1.7562 slip=+0.0000 d=(-0.00020,0.00109) av=(0,2.99082e-06,0)
in=(0,255,255,0) steer=-1.000 gnd=4.0 sp=34.09 horiz=34.09 velH=1.7563 bodyH=1.7562 slip=+0.0000 d=(-0.00020,0.00109) av=(0,2.99082e-06,0)
in=(0,255,255,0) steer=-1.000 gnd=4.0 sp=34.09 horiz=34.09 velH=1.7563 bodyH=1.7562 slip=+0.0000 d=(-0.00020,0.00109) av=(0,2.99082e-06,0)
in=(0,255,255,0) steer=-1.000 gnd=4.0 sp=34.09 horiz=34.09 velH=1.7563 bodyH=1.7562 slip=+0.0000 d=(-0.00020,0.00109) av=(0,2.99082e-06,0)
in=(0,255,255,0) steer=-1.000 gnd=4.0 sp=34.09 horiz=34.09 velH=1.7563 bodyH=1.7562 slip=+0.0000 d=(-0.00020,0.00109) av=(0,2.99082e-06,0)
in=(0,255,255,0) steer=-1.000 gnd=4.0 sp=34.09 horiz=34.09 velH=1.7563 bodyH=1.7562 slip=+0.0000 d=(-0.00020,0.00109) av=(0,2.99082e-06,0)
in=(0,255,255,0) steer=-1.000 gnd=4.0 sp=34.09 horiz=34.09 velH=1.7563 bodyH=1.7562 slip=+0.0000 d=(-0.00020,0.00109) av=(0,2.99082e-06,0)
in=(0,255,255,0) steer=-1.000 gnd=4.0 sp=34.09 horiz=34.09 velH=1.7563 bodyH=1.7562 slip=+0.0000 d=(-0.00020,0.00109) av=(0,2.99082e-06,0)
in=(0,255,255,0) steer=-1.000 gnd=4.0 sp=34.09 horiz=34.09 velH=1.7563 bodyH=1.7562 slip=+0.0000 d=(-0.00020,0.00109) av=(0,2.99082e-06,0)
in=(0,255,255,0) steer=-1.000 gnd=4.0 sp=34.09 horiz=34.09 velH=1.7563 bodyH=1.7562 slip=+0.0000 d=(-0.00020,0.00109) av=(0,2.99082e-06,0)
in=(0,255,255,0) steer=-1.000 gnd=4.0 sp=34.09 horiz=34.09 velH=1.7563 bodyH=1.7562 slip=+0.0000 d=(-0.00020,0.00109) av=(0,2.99082e-06,0)
in=(0,255,255,0) steer=-1.000 gnd=4.0 sp=34.09 horiz=34.09 velH=1.7563 bodyH=1.7562 slip=+0.0000 d=(-0.00020,0.00109) av=(0,2.99082e-06,0)
in=(0,255,255,0) steer=-1.000 gnd=4.0 sp=34.09 horiz=34.09 velH=1.7563 bodyH=1.7562 slip=+0.0000 d=(-0.00020,0.00109) av=(0,2.99082e-06,0)
in=(0,255,255,0) steer=-1.000 gnd=4.0 sp=34.09 horiz=34.09 velH=1.7563 bodyH=1.7562 slip=+0.0000 d=(-0.00020,0.00109) av=(0,2.99082e-06,0)
in=(0,255,255,0) steer=-1.000 gnd=4.0 sp=34.09 horiz=34.09 velH=1.7563 bodyH=1.7562 slip=+0.0000 d=(-0.00020,0.00109) av=(0,2.99082e-06,0)
in=(0,255,255,0) steer=-1.000 gnd=4.0 sp=34.09 horiz=34.09 velH=1.7563 bodyH=1.7562 slip=+0.0000 d=(-0.00020,0.00109) av=(0,2.99082e-06,0)
in=(0,255,255,0) steer=-1.000 gnd=4.0 sp=34.09 horiz=34.09 velH=1.7563 bodyH=1.7562 slip=+0.0000 d=(-0.00020,0.00109) av=(0,2.99082e-06,0)
in=(0,255,255,0) steer=-1.000 gnd=4.0 sp=34.09 horiz=34.09 velH=1.7563 bodyH=1.7562 slip=+0.0000 d=(-0.00020,0.00109) av=(0,2.99082e-06,0)
in=(0,255,255,0) steer=-1.000 gnd=4.0 sp=34.09 horiz=34.09 velH=1.7563 bodyH=1.7562 slip=+0.0000 d=(-0.00020,0.00109) av=(0,2.99082e-06,0)
in=(0,255,255,0) steer=-1.000 gnd=4.0 sp=34.09 horiz=34.09 velH=1.7563 bodyH=1.7562 slip=+0.0000 d=(-0.00020,0.00109) av=(0,2.99082e-06,0)
in=(0,255,255,0) steer=-1.000 gnd=4.0 sp=34.09 horiz=34.09 velH=1.7563 bodyH=1.7562 slip=+0.0000 d=(-0.00020,0.00109) av=(0,2.99082e-06,0)
in=(0,255,255,0) steer=-1.000 gnd=4.0 sp=34.09 horiz=34.09 velH=1.7563 bodyH=1.7562 slip=+0.0000 d=(-0.00020,0.00109) av=(0,2.99082e-06,0)
in=(0,255,255,0) steer=-1.000 gnd=4.0 sp=34.09 horiz=34.09 velH=1.7563 bodyH=1.7562 slip=+0.0000 d=(-0.00020,0.00109) av=(0,2.99082e-06,0)
in=(0,255,255,0) steer=-1.000 gnd=4.0 sp=34.09 horiz=34.09 velH=1.7563 bodyH=1.7562 slip=+0.0000 d=(-0.00020,0.00109) av=(0,2.99082e-06,0)
in=(0,255,255,0) steer=-1.000 gnd=4.0 sp=34.09 horiz=34.09 velH=1.7563 bodyH=1.7562 slip=+0.0000 d=(-0.00020,0.00109) av=(0,2.99082e-06,0)
in=(0,255,255,0) steer=-1.000 gnd=4.0 sp=34.09 horiz=34.09 velH=1.7563 bodyH=1.7562 slip=+0.0000 d=(-0.00020,0.00109) av=(0,2.99082e-06,0)
in=(0,255,255,0) steer=-1.000 gnd=4.0 sp=34.09 horiz=34.09 velH=1.7563 bodyH=1.7562 slip=+0.0000 d=(-0.00020,0.00109) av=(0,2.99082e-06,0)
in=(0,255,255,0) steer=-1.000 gnd=4.0 sp=34.09 horiz=34.09 velH=1.7563 bodyH=1.7562 slip=+0.0000 d=(-0.00020,0.00109) av=(0,2.99082e-06,0)
in=(0,255,255,0) steer=-1.000 gnd=4.0 sp=34.09 horiz=34.09 velH=1.7563 bodyH=1.7562 slip=+0.0000 d=(-0.00020,0.00109) av=(0,2.99082e-06,0)
in=(0,255,255,0) steer=-1.000 gnd=4.0 sp=34.09 horiz=34.09 velH=1.7563 bodyH=1.7562 slip=+0.0000 d=(-0.00020,0.00109) av=(0,2.99082e-06,0)
in=(0,255,255,0) steer=-1.000 gnd=4.0 sp=34.09 horiz=34.09 velH=1.7563 bodyH=1.7562 slip=+0.0000 d=(-0.00020,0.00109) av=(0,2.99082e-06,0)
in=(0,255,255,0) steer=-1.000 gnd=4.0 sp=34.09 horiz=34.09 velH=1.7563 bodyH=1.7562 slip=+0.0000 d=(-0.00020,0.00109) av=(0,2.99082e-06,0)
in=(0,255,255,0) steer=-1.000 gnd=4.0 sp=34.09 horiz=34.09 velH=1.7563 bodyH=1.7562 slip=+0.0000 d=(-0.00020,0.00109) av=(0,2.99082e-06,0)
in=(0,255,255,0) steer=-1.000 gnd=4.0 sp=34.09 horiz=34.09 velH=1.7563 bodyH=1.7562 slip=+0.0000 d=(-0.00020,0.00109) av=(0,2.99082e-06,0)
in=(0,255,255,0) steer=-1.000 gnd=4.0 sp=34.09 horiz=34.09 velH=1.7563 bodyH=1.7562 slip=+0.0000 d=(-0.00020,0.00109) av=(0,2.99082e-06,0)
in=(0,255,255,0) steer=-1.000 gnd=4.0 sp=34.09 horiz=34.09 velH=1.7563 bodyH=1.7562 slip=+0.0000 d=(-0.00020,0.00109) av=(0,2.99082e-06,0)
in=(0,255,255,0) steer=-1.000 gnd=4.0 sp=34.09 horiz=34.09 velH=1.7563 bodyH=1.7562 slip=+0.0000 d=(-0.00020,0.00109) av=(0,2.99082e-06,0)
in=(0,255,255,0) steer=-1.000 gnd=4.0 sp=34.09 horiz=34.09 velH=1.7563 bodyH=1.7562 slip=+0.0000 d=(-0.00020,0.00109) av=(0,2.99082e-06,0)
in=(0,255,255,0) steer=-1.000 gnd=4.0 sp=34.09 horiz=34.09 velH=1.7563 bodyH=1.7562 slip=+0.0000 d=(-0.00020,0.00109) av=(0,2.99082e-06,0)
in=(0,255,255,0) steer=-1.000 gnd=4.0 sp=34.09 horiz=34.09 velH=1.7563 bodyH=1.7562 slip=+0.0000 d=(-0.00020,0.00109) av=(0,2.99082e-06,0)
in=(0,255,255,0) steer=-1.000 gnd=4.0 sp=34.09 horiz=34.09 velH=1.7563 bodyH=1.7562 slip=+0.0000 d=(-0.00020,0.00109) av=(0,2.99082e-06,0)
in=(0,255,255,0) steer=-1.000 gnd=4.0 sp=34.09 horiz=34.09 velH=1.7563 bodyH=1.7562 slip=+0.0000 d=(-0.00020,0.00109) av=(0,2.99082e-06,0)
in=(0,255,255,0) steer=-1.000 gnd=4.0 sp=34.09 horiz=34.09 velH=1.7563 bodyH=1.7562 slip=+0.0000 d=(-0.00020,0.00109) av=(0,2.99082e-06,0)
in=(0,255,255,0) steer=-1.000 gnd=4.0 sp=34.09 horiz=34.09 velH=1.7563 bodyH=1.7562 slip=+0.0000 d=(-0.00020,0.00109) av=(0,2.99082e-06,0)
in=(0,255,255,0) steer=-1.000 gnd=4.0 sp=34.09 horiz=34.09 velH=1.7563 bodyH=1.7562 slip=+0.0000 d=(-0.00020,0.00109) av=(0,2.99082e-06,0)
in=(0,255,255,0) steer=-1.000 gnd=4.0 sp=34.09 horiz=34.09 velH=1.7563 bodyH=1.7562 slip=+0.0000 d=(-0.00020,0.00109) av=(0,2.99082e-06,0)
in=(0,255,255,0) steer=-1.000 gnd=4.0 sp=34.09 horiz=34.09 velH=1.7563 bodyH=1.7562 slip=+0.0000 d=(-0.00020,0.00109) av=(0,2.99082e-06,0)
in=(0,255,255,0) steer=-1.000 gnd=4.0 sp=34.09 horiz=34.09 velH=1.7563 bodyH=1.7562 slip=+0.0000 d=(-0.00020,0.00109) av=(0,2.99082e-06,0)
in=(0,255,255,0) steer=-1.000 gnd=4.0 sp=34.09 horiz=34.09 velH=1.7563 bodyH=1.7562 slip=+0.0000 d=(-0.00020,0.00109) av=(0,2.99082e-06,0)
in=(0,255,255,0) steer=-1.000 gnd=4.0 sp=34.09 horiz=34.09 velH=1.7563 bodyH=1.7562 slip=+0.0000 d=(-0.00020,0.00109) av=(0,2.99082e-06,0)
in=(0,255,255,0) steer=-1.000 gnd=4.0 sp=34.09 horiz=34.09 velH=1.7563 bodyH=1.7562 slip=+0.0000 d=(-0.00020,0.00109) av=(0,2.99082e-06,0)
in=(0,255,255,0) steer=-1.000 gnd=4.0 sp=34.09 horiz=34.09 velH=1.7563 bodyH=1.7562 slip=+0.0000 d=(-0.00020,0.00109) av=(0,2.99082e-06,0)
in=(0,255,255,0) steer=-1.000 gnd=4.0 sp=34.09 horiz=34.09 velH=1.7563 bodyH=1.7562 slip=+0.0000 d=(-0.00020,0.00109) av=(0,2.99082e-06,0)
in=(0,255,255,0) steer=-1.000 gnd=4.0 sp=34.09 horiz=34.09 velH=1.7563 bodyH=1.7562 slip=+0.0000 d=(-0.00020,0.00109) av=(0,2.99082e-06,0)
in=(0,255,255,0) steer=-1.000 gnd=4.0 sp=34.09 horiz=34.09 velH=1.7563 bodyH=1.7562 slip=+0.0000 d=(-0.00020,0.00109) av=(0,2.99082e-06,0)
in=(0,255,255,0) steer=-1.000 gnd=4.0 sp=34.09 horiz=34.09 velH=1.7563 bodyH=1.7562 slip=+0.0000 d=(-0.00020,0.00109) av=(0,2.99082e-06,0)
in=(0,255,255,0) steer=-1.000 gnd=4.0 sp=34.09 horiz=34.09 velH=1.7563 bodyH=1.7562 slip=+0.0000 d=(-0.00020,0.00109) av=(0,2.99082e-06,0)
in=(0,255,255,0) steer=-1.000 gnd=4.0 sp=34.09 horiz=34.09 velH=1.7563 bodyH=1.7562 slip=+0.0000 d=(-0.00020,0.00109) av=(0,2.99082e-06,0)
in=(0,255,255,0) steer=-1.000 gnd=4.0 sp=34.09 horiz=34.09 velH=1.7563 bodyH=1.7562 slip=+0.0000 d=(-0.00020,0.00109) av=(0,2.99082e-06,0)
in=(0,255,255,0) steer=-1.000 gnd=4.0 sp=34.09 horiz=34.09 velH=1.7563 bodyH=1.7562 slip=+0.0000 d=(-0.00020,0.00109) av=(0,2.99082e-06,0)
in=(0,255,255,0) steer=-1.000 gnd=4.0 sp=34.09 horiz=34.09 velH=1.7563 bodyH=1.7562 slip=+0.0000 d=(-0.00020,0.00109) av=(0,2.99082e-06,0)
in=(0,255,255,0) steer=-1.000 gnd=4.0 sp=34.09 horiz=34.09 velH=1.7563 bodyH=1.7562 slip=+0.0000 d=(-0.00020,0.00109) av=(0,2.99082e-06,0)
in=(0,255,255,0) steer=-1.000 gnd=4.0 sp=34.09 horiz=34.09 velH=1.7563 bodyH=1.7562 slip=+0.0000 d=(-0.00020,0.00109) av=(0,2.99082e-06,0)
in=(0,255,255,0) steer=-1.000 gnd=4.0 sp=34.09 horiz=34.09 velH=1.7563 bodyH=1.7562 slip=+0.0000 d=(-0.00020,0.00109) av=(0,2.99082e-06,0)
in=(0,255,255,0) steer=-1.000 gnd=4.0 sp=34.09 horiz=34.09 velH=1.7563 bodyH=1.7562 slip=+0.0000 d=(-0.00020,0.00109) av=(0,2.99082e-06,0)
in=(0,255,255,0) steer=-1.000 gnd=4.0 sp=34.09 horiz=34.09 velH=1.7563 bodyH=1.7562 slip=+0.0000 d=(-0.00020,0.00109) av=(0,2.99082e-06,0)
in=(0,255,255,0) steer=-1.000 gnd=4.0 sp=34.09 horiz=34.09 velH=1.7563 bodyH=1.7562 slip=+0.0000 d=(-0.00020,0.00109) av=(0,2.99082e-06,0)
in=(0,255,255,0) steer=-1.000 gnd=4.0 sp=34.09 horiz=34.09 velH=1.7563 bodyH=1.7562 slip=+0.0000 d=(-0.00020,0.00109) av=(0,2.99082e-06,0)
in=(0,255,255,0) steer=-1.000 gnd=4.0 sp=34.09 horiz=34.09 velH=1.7563 bodyH=1.7562 slip=+0.0000 d=(-0.00020,0.00109) av=(0,2.99082e-06,0)
in=(0,255,255,0) steer=-1.000 gnd=4.0 sp=34.09 horiz=34.09 velH=1.7563 bodyH=1.7562 slip=+0.0000 d=(-0.00020,0.00109) av=(0,2.99082e-06,0)
