4 -39.380 -2.750 -15.000 73 103 103
4 -40.269 -5.000 -15.000 1 3 4
4 -39.907 -2.750 -14.000 95 130 130
4 -39.907 -2.750 -14.000 95 130 130
4 -40.269 -5.000 -15.000 1 3 4
4 -40.528 -5.000 -14.000 1 3 4
4 -40.143 -2.750 -28.000 112 150 150
4 -39.268 -2.500 -28.000 108 145 145
4 -40.229 -2.125 -30.000 90 124 124
4 -39.854 -2.000 -30.000 95 129 129
4 -40.229 -2.125 -30.000 90 124 124
4 -39.268 -2.500 -28.000 108 145 145
4 -40.411 -2.500 -36.000 85 117 117
4 -39.875 -2.500 -34.000 105 142 142
4 -39.661 -2.250 -36.000 91 125 125
4 -39.661 -2.250 -36.000 91 125 125
4 -39.875 -2.500 -34.000 105 142 142
4 -39.125 -2.250 -34.000 100 135 135
4 -39.200 -2.750 -16.000 87 119 119
4 -40.113 -5.000 -16.000 1 3 4
4 -39.380 -2.750 -15.000 73 103 103
4 -40.113 -5.000 -16.000 1 3 4
4 -40.269 -5.000 -15.000 1 3 4
4 -39.380 -2.750 -15.000 73 103 103
4 -40.411 -2.500 -36.000 85 117 117
4 -39.661 -2.250 -36.000 91 125 125
4 -39.609 -3.625 -38.000 77 108 108
4 -39.234 -3.250 -38.000 79 110 110
4 -39.609 -3.625 -38.000 77 108 108
4 -39.661 -2.250 -36.000 91 125 125
4 -40.528 -5.000 -14.000 1 3 4
4 -39.276 -5.000 -12.189 1 3 4
4 -39.907 -2.750 -14.000 95 130 130
4 -39.276 -5.000 -12.189 1 3 4
4 -38.776 -2.750 -12.420 103 139 139
4 -39.907 -2.750 -14.000 95 130 130
4 -40.143 -2.750 -28.000 112 150 150
4 -39.643 -4.250 -26.000 110 147 147
4 -39.268 -2.500 -28.000 108 145 145
4 -39.268 -2.500 -28.000 108 145 145
4 -39.643 -4.250 -26.000 110 147 147
4 -39.268 -3.750 -26.000 98 133 133
4 -38.875 -2.125 -18.000 96 130 130
4 -40.000 -5.000 -18.000 1 3 4
4 -39.200 -2.750 -16.000 87 119 119
4 -39.200 -2.750 -16.000 87 119 119
4 -40.000 -5.000 -18.000 1 3 4
4 -40.113 -5.000 -16.000 1 3 4
4 -38.625 -2.000 -32.000 86 119 119
4 -39.000 -2.125 -32.000 90 123 123
4 -39.854 -2.000 -30.000 95 129 129
4 -39.000 -2.125 -32.000 90 123 123
4 -40.229 -2.125 -30.000 90 124 124
4 -39.854 -2.000 -30.000 95 129 129
4 -39.907 -2.750 -14.000 95 130 130
4 -39.230 -1.500 -14.000 97 132 132
4 -39.380 -2.750 -15.000 73 103 103
4 -39.380 -2.750 -15.000 73 103 103
4 -39.230 -1.500 -14.000 97 132 132
4 -38.794 -1.500 -15.000 72 102 102
4 -39.310 -4.250 -24.000 84 116 116
4 -38.935 -3.375 -24.000 91 125 125
4 -39.643 -4.250 -26.000 110 147 147
4 -39.268 -3.750 -26.000 98 133 133
4 -39.643 -4.250 -26.000 110 147 147
4 -38.935 -3.375 -24.000 91 125 125
4 -39.875 -2.500 -34.000 105 142 142
4 -39.000 -2.125 -32.000 90 123 123
4 -39.125 -2.250 -34.000 100 135 135
4 -39.125 -2.250 -34.000 100 135 135
4 -39.000 -2.125 -32.000 90 123 123
4 -38.625 -2.000 -32.000 86 119 119
4 -39.500 -2.750 -22.000 87 120 120
4 -38.625 -2.000 -22.000 92 126 126
4 -39.310 -4.250 -24.000 84 116 116
4 -38.625 -2.000 -22.000 92 126 126
4 -38.935 -3.375 -24.000 91 125 125
4 -39.310 -4.250 -24.000 84 116 116
4 -38.776 -2.750 -12.420 103 139 139
4 -38.311 -1.500 -12.561 106 143 143
4 -39.907 -2.750 -14.000 95 130 130
4 -39.907 -2.750 -14.000 95 130 130
4 -38.311 -1.500 -12.561 106 143 143
4 -39.230 -1.500 -14.000 97 132 132
4 -38.630 -2.487 -10.339 104 141 141
4 -38.776 -2.750 -12.420 103 139 139
4 -39.519 -5.000 -10.236 1 3 4
4 -38.776 -2.750 -12.420 103 139 139
4 -39.276 -5.000 -12.189 1 3 4
4 -39.519 -5.000 -10.236 1 3 4
4 -39.609 -3.625 -38.000 77 108 108
4 -39.234 -3.250 -38.000 79 110 110
4 -38.798 -2.500 -40.660 79 110 110
4 -38.450 -2.250 -40.301 76 107 107
4 -38.798 -2.500 -40.660 79 110 110
4 -39.234 -3.250 -38.000 79 110 110
4 -38.794 -1.500 -15.000 72 102 102
4 -38.680 -1.833 -16.000 86 118 118
4 -39.380 -2.750 -15.000 73 103 103
4 -38.680 -1.833 -16.000 86 118 118
4 -39.200 -2.750 -16.000 87 119 119
4 -39.380 -2.750 -15.000 73 103 103
4 -38.625 -2.000 -22.000 92 126 126
4 -39.500 -2.750 -22.000 87 120 120
4 -38.625 -2.000 -20.000 95 130 130
4 -39.500 -2.750 -22.000 87 120 120
4 -39.000 -2.125 -20.000 101 137 137
4 -38.625 -2.000 -20.000 95 130 130
4 -38.625 -2.000 -18.000 97 132 132
4 -38.875 -2.125 -18.000 96 130 130
4 -38.680 -1.833 -16.000 86 118 118
4 -38.680 -1.833 -16.000 86 118 118
4 -38.875 -2.125 -18.000 96 130 130
4 -39.200 -2.750 -16.000 87 119 119
4 -39.000 -2.125 -20.000 101 137 137
4 -38.875 -2.125 -18.000 96 130 130
4 -38.625 -2.000 -20.000 95 130 130
4 -38.625 -2.000 -20.000 95 130 130
4 -38.875 -2.125 -18.000 96 130 130
4 -38.625 -2.000 -18.000 97 132 132
4 -38.323 -5.000 -8.677 1 3 4
4 -37.597 -2.487 -8.993 112 150 150
4 -39.519 -5.000 -10.236 1 3 4
4 -39.519 -5.000 -10.236 1 3 4
4 -37.597 -2.487 -8.993 112 150 150
4 -38.630 -2.487 -10.339 104 141 141
4 -38.000 0.000 -14.000 95 129 129
4 -37.838 0.000 -15.000 78 109 109
4 -39.230 -1.500 -14.000 97 132 132
4 -37.838 0.000 -15.000 78 109 109
4 -38.794 -1.500 -15.000 72 102 102
4 -39.230 -1.500 -14.000 97 132 132
4 -38.776 -2.750 -12.420 103 139 139
4 -38.630 -2.487 -10.339 104 141 141
4 -38.311 -1.500 -12.561 106 143 143
4 -38.630 -2.487 -10.339 104 141 141
4 -38.044 -1.500 -11.088 107 144 144
4 -38.311 -1.500 -12.561 106 143 143
4 -38.311 -1.500 -12.561 106 143 143
4 -37.804 0.000 -12.713 102 138 138
4 -39.230 -1.500 -14.000 97 132 132
4 -37.804 0.000 -12.713 102 138 138
4 -38.000 0.000 -14.000 95 129 129
4 -39.230 -1.500 -14.000 97 132 132
4 -37.559 -0.902 -16.000 81 112 112
4 -38.250 -1.125 -18.000 96 131 131
4 -38.680 -1.833 -16.000 86 118 118
4 -38.250 -1.125 -18.000 96 131 131
4 -38.625 -2.000 -18.000 97 132 132
4 -38.680 -1.833 -16.000 86 118 118
4 -37.838 0.000 -15.000 78 109 109
4 -37.559 -0.902 -16.000 81 112 112
4 -38.794 -1.500 -15.000 72 102 102
4 -38.794 -1.500 -15.000 72 102 102
4 -37.559 -0.902 -16.000 81 112 112
4 -38.680 -1.833 -16.000 86 118 118
4 -36.812 0.000 -26.000 19 38 38
4 -39.643 -1.375 -26.000 95 130 130
4 -36.812 0.000 -24.000 65 93 93
4 -36.812 0.000 -24.000 65 93 93
4 -39.643 -1.375 -26.000 95 130 130
4 -39.060 -1.125 -24.000 104 140 140
4 -39.643 -1.375 -26.000 95 130 130
4 -36.812 0.000 -26.000 19 38 38
4 -39.018 -1.125 -28.000 75 105 105
4 -36.812 0.000 -26.000 19 38 38
4 -36.812 0.000 -28.000 40 63 63
4 -39.018 -1.125 -28.000 75 105 105
4 -36.812 0.000 -28.000 40 63 63
4 -36.812 0.000 -30.000 19 38 38
4 -39.018 -1.125 -28.000 75 105 105
4 -36.812 0.000 -30.000 19 38 38
4 -38.979 -1.125 -30.000 92 126 126
4 -39.018 -1.125 -28.000 75 105 105
4 -36.812 0.000 -36.000 84 116 116
4 -36.812 -0.625 -38.000 19 38 38
4 -38.911 -1.125 -36.000 98 133 133
4 -36.812 -0.625 -38.000 19 38 38
4 -38.984 -1.125 -38.000 54 80 80
4 -38.911 -1.125 -36.000 98 133 133
4 -38.311 -1.500 -12.561 106 143 143
4 -38.044 -1.500 -11.088 107 144 144
4 -37.804 0.000 -12.713 102 138 138
4 -38.044 -1.500 -11.088 107 144 144
4 -37.307 0.000 -11.513 103 138 138
4 -37.804 0.000 -12.713 102 138 138
4 -37.118 -1.237 -9.471 114 152 152
4 -38.044 -1.500 -11.088 107 144 144
4 -37.597 -2.487 -8.993 112 150 150
4 -38.044 -1.500 -11.088 107 144 144
4 -38.630 -2.487 -10.339 104 141 141
4 -37.597 -2.487 -8.993 112 150 150
4 -38.979 -1.125 -30.000 92 126 126
4 -36.812 0.000 -30.000 19 38 38
4 -38.250 -1.125 -32.000 89 122 122
4 -36.812 0.000 -30.000 19 38 38
4 -36.812 0.000 -32.000 69 98 98
4 -38.250 -1.125 -32.000 89 122 122
4 -39.060 -1.125 -24.000 104 140 140
4 -38.000 -1.125 -22.000 101 137 137
4 -36.812 0.000 -24.000 65 93 93
4 -36.812 0.000 -22.000 94 129 129
4 -36.812 0.000 -24.000 65 93 93
4 -38.000 -1.125 -22.000 101 137 137
4 -36.812 0.000 -36.000 84 116 116
4 -38.911 -1.125 -36.000 98 133 133
4 -36.812 0.000 -34.000 37 59 59
4 -36.812 0.000 -34.000 37 59 59
4 -38.911 -1.125 -36.000 98 133 133
4 -38.000 -1.125 -34.000 76 107 107
4 -37.349 -0.625 -39.584 71 100 100
4 -38.984 -1.125 -38.000 54 80 80
4 -37.339 -0.625 -39.000 38 61 61
4 -36.812 -0.625 -38.000 19 38 38
4 -37.339 -0.625 -39.000 38 61 61
4 -38.984 -1.125 -38.000 54 80 80
4 -38.798 -2.500 -40.660 79 110 110
4 -38.450 -2.250 -40.301 76 107 107
4 -36.562 -2.125 -42.251 60 87 87
4 -38.450 -2.250 -40.301 76 107 107
4 -36.380 -2.000 -41.785 41 65 65
4 -36.562 -2.125 -42.251 60 87 87
4 -36.812 0.000 -18.000 109 146 146
4 -36.812 0.000 -20.000 67 96 96
4 -38.250 -1.125 -18.000 96 131 131
4 -36.812 0.000 -20.000 67 96 96
4 -38.125 -1.125 -20.000 95 129 129
4 -38.250 -1.125 -18.000 96 131 131
4 -36.812 0.000 -18.000 109 146 146
4 -38.250 -1.125 -18.000 96 131 131
4 -37.364 0.000 -16.000 85 118 118
4 -37.559 -0.902 -16.000 81 112 112
4 -37.364 0.000 -16.000 85 118 118
4 -38.250 -1.125 -18.000 96 131 131
4 -38.250 -1.125 -32.000 89 122 122
4 -36.812 0.000 -32.000 69 98 98
4 -38.000 -1.125 -34.000 76 107 107
4 -36.812 0.000 -32.000 69 98 98
4 -36.812 0.000 -34.000 37 59 59
4 -38.000 -1.125 -34.000 76 107 107
4 -38.125 -1.125 -20.000 95 129 129
4 -36.812 0.000 -20.000 67 96 96
4 -38.000 -1.125 -22.000 101 137 137
4 -36.812 0.000 -20.000 67 96 96
4 -36.812 0.000 -22.000 94 129 129
4 -38.000 -1.125 -22.000 101 137 137
4 -38.044 -1.500 -11.088 107 144 144
4 -37.118 -1.237 -9.471 114 152 152
4 -37.307 0.000 -11.513 103 138 138
4 -37.118 -1.237 -9.471 114 152 152
4 -36.516 0.000 -10.483 102 137 137
4 -37.307 0.000 -11.513 103 138 138
4 -36.764 -5.000 -7.481 1 3 4
4 -36.251 -2.487 -7.959 98 133 133
4 -38.323 -5.000 -8.677 1 3 4
4 -38.323 -5.000 -8.677 1 3 4
4 -36.251 -2.487 -7.959 98 133 133
4 -37.597 -2.487 -8.993 112 150 150
4 -36.461 0.000 -14.145 74 104 104
4 -36.593 0.000 -15.000 74 104 104
4 -38.000 0.000 -14.000 95 129 129
4 -36.593 0.000 -15.000 74 104 104
4 -37.838 0.000 -15.000 78 109 109
4 -38.000 0.000 -14.000 95 129 129
4 -37.804 0.000 -12.713 102 138 138
4 -36.267 0.000 -13.235 74 104 104
4 -38.000 0.000 -14.000 95 129 129
4 -36.267 0.000 -13.235 74 104 104
4 -36.461 0.000 -14.145 74 104 104
4 -38.000 0.000 -14.000 95 129 129
4 -37.838 0.000 -15.000 78 109 109
4 -36.593 0.000 -15.000 74 104 104
4 -37.364 0.000 -16.000 85 118 118
4 -36.593 0.000 -15.000 74 104 104
4 -36.681 0.000 -16.000 74 104 104
4 -37.364 0.000 -16.000 85 118 118
4 -37.804 0.000 -12.713 102 138 138
4 -37.307 0.000 -11.513 103 138 138
4 -36.267 0.000 -13.235 74 104 104
4 -37.307 0.000 -11.513 103 138 138
4 -35.883 0.000 -12.401 74 104 104
4 -36.267 0.000 -13.235 74 104 104
4 -36.750 0.250 -38.000 19 38 38
4 -36.812 0.250 -38.000 27 47 47
4 -36.750 0.250 -36.000 19 38 38
4 -36.812 0.250 -38.000 27 47 47
4 -36.812 0.250 -36.000 97 131 131
4 -36.750 0.250 -36.000 19 38 38
4 -36.750 0.250 -36.000 19 38 38
4 -36.812 0.250 -36.000 97 131 131
4 -36.750 0.250 -34.000 19 38 38
4 -36.812 0.250 -36.000 97 131 131
4 -36.812 0.250 -34.000 66 94 94
4 -36.750 0.250 -34.000 19 38 38
4 -36.750 0.250 -34.000 19 38 38
4 -36.812 0.250 -34.000 66 94 94
4 -36.750 0.250 -32.000 19 38 38
4 -36.812 0.250 -34.000 66 94 94
4 -36.812 0.250 -32.000 71 101 101
4 -36.750 0.250 -32.000 19 38 38
4 -36.750 0.250 -32.000 19 38 38
4 -36.812 0.250 -32.000 71 101 101
4 -36.750 0.250 -30.000 19 38 38
4 -36.812 0.250 -32.000 71 101 101
4 -36.812 0.250 -30.000 19 38 38
4 -36.750 0.250 -30.000 19 38 38
4 -36.750 0.250 -30.000 19 38 38
4 -36.812 0.250 -30.000 19 38 38
4 -36.750 0.250 -28.000 19 38 38
4 -36.812 0.250 -30.000 19 38 38
4 -36.812 0.250 -28.000 97 131 131
4 -36.750 0.250 -28.000 19 38 38
4 -36.750 0.250 -28.000 19 38 38
4 -36.812 0.250 -28.000 97 131 131
4 -36.750 0.250 -26.000 19 38 38
4 -36.812 0.250 -28.000 97 131 131
4 -36.812 0.250 -26.000 19 38 38
4 -36.750 0.250 -26.000 19 38 38
4 -36.750 0.250 -26.000 19 38 38
4 -36.812 0.250 -26.000 19 38 38
4 -36.750 0.250 -24.000 19 38 38
4 -36.812 0.250 -26.000 19 38 38
4 -36.812 0.250 -24.000 46 71 71
4 -36.750 0.250 -24.000 19 38 38
4 -36.750 0.250 -22.000 19 38 38
4 -36.750 0.250 -24.000 19 38 38
4 -36.812 0.250 -22.000 97 131 131
4 -36.750 0.250 -24.000 19 38 38
4 -36.812 0.250 -24.000 46 71 71
4 -36.812 0.250 -22.000 97 131 131
4 -36.750 0.250 -22.000 19 38 38
4 -36.812 0.250 -22.000 97 131 131
4 -36.750 0.250 -20.000 19 38 38
4 -36.812 0.250 -22.000 97 131 131
4 -36.812 0.250 -20.000 97 131 131
4 -36.750 0.250 -20.000 19 38 38
4 -36.750 0.250 -20.000 19 38 38
4 -36.812 0.250 -20.000 97 131 131
4 -36.750 0.250 -18.000 50 76 76
4 -36.812 0.250 -20.000 97 131 131
4 -36.812 0.250 -18.000 114 153 153
4 -36.750 0.250 -18.000 50 76 76
4 -36.251 -2.487 -7.959 98 133 133
4 -35.912 -1.237 -8.546 105 141 141
4 -37.597 -2.487 -8.993 112 150 150
4 -37.597 -2.487 -8.993 112 150 150
4 -35.912 -1.237 -8.546 105 141 141
4 -37.118 -1.237 -9.471 114 152 152
4 -37.307 0.000 -11.513 103 138 138
4 -36.516 0.000 -10.483 102 137 137
4 -35.883 0.000 -12.401 74 104 104
4 -36.516 0.000 -10.483 102 137 137
4 -35.328 0.000 -11.674 74 104 104
4 -35.883 0.000 -12.401 74 104 104
4 -35.912 -1.237 -8.546 105 141 141
4 -35.486 0.000 -9.693 99 134 134
4 -37.118 -1.237 -9.471 114 152 152
4 -35.486 0.000 -9.693 99 134 134
4 -36.516 0.000 -10.483 102 137 137
4 -37.118 -1.237 -9.471 114 152 152
4 -36.764 -5.000 -7.481 1 3 4
4 -34.605 -5.000 -7.878 1 3 4
4 -36.251 -2.487 -7.959 98 133 133
4 -34.605 -5.000 -7.878 1 3 4
4 -34.528 -2.750 -8.424 93 127 127
4 -36.251 -2.487 -7.959 98 133 133
4 -36.562 -2.125 -42.251 60 87 87
4 -36.380 -2.000 -41.785 41 65 65
4 -34.569 -2.125 -44.264 42 66 66
4 -34.515 -2.000 -43.528 19 38 38
4 -34.569 -2.125 -44.264 42 66 66
4 -36.380 -2.000 -41.785 41 65 65
4 -36.516 0.000 -10.483 102 137 137
4 -35.486 0.000 -9.693 99 134 134
4 -35.328 0.000 -11.674 74 104 104
4 -35.486 0.000 -9.693 99 134 134
4 -34.612 0.000 -11.100 74 104 104
4 -35.328 0.000 -11.674 74 104 104
4 -34.528 -2.750 -8.424 93 127 127
4 -34.507 -1.500 -8.717 94 128 128
4 -36.251 -2.487 -7.959 98 133 133
4 -36.251 -2.487 -7.959 98 133 133
4 -34.507 -1.500 -8.717 94 128 128
4 -35.912 -1.237 -8.546 105 141 141
4 -34.507 -1.500 -8.717 94 128 128
4 -34.287 0.000 -9.196 98 133 133
4 -35.912 -1.237 -8.546 105 141 141
4 -34.287 0.000 -9.196 98 133 133
4 -35.486 0.000 -9.693 99 134 134
4 -35.912 -1.237 -8.546 105 141 141
4 -34.287 0.000 -9.196 98 133 133
4 -33.773 0.000 -10.715 74 104 104
4 -35.486 0.000 -9.693 99 134 134
4 -33.773 0.000 -10.715 74 104 104
4 -34.612 0.000 -11.100 74 104 104
4 -35.486 0.000 -9.693 99 134 134
4 -33.000 -5.000 -6.472 1 3 4
4 -33.000 -2.750 -7.761 50 75 75
4 -34.605 -5.000 -7.878 1 3 4
4 -34.605 -5.000 -7.878 1 3 4
4 -33.000 -2.750 -7.761 50 75 75
4 -34.528 -2.750 -8.424 93 127 127
4 -33.000 -2.750 -7.761 50 75 75
4 -33.000 -1.500 -8.439 103 139 139
4 -34.528 -2.750 -8.424 93 127 127
4 -34.528 -2.750 -8.424 93 127 127
4 -33.000 -1.500 -8.439 103 139 139
4 -34.507 -1.500 -8.717 94 128 128
4 -33.000 -1.500 -8.439 103 139 139
4 -33.000 0.000 -8.974 102 137 137
4 -34.507 -1.500 -8.717 94 128 128
4 -33.000 0.000 -8.974 102 137 137
4 -34.287 0.000 -9.196 98 133 133
4 -34.507 -1.500 -8.717 94 128 128
4 -33.000 0.000 -8.974 102 137 137
4 -32.866 0.000 -10.424 74 104 104
4 -34.287 0.000 -9.196 98 133 133
4 -32.866 0.000 -10.424 74 104 104
4 -33.773 0.000 -10.715 74 104 104
4 -34.287 0.000 -9.196 98 133 133
4 -32.322 -2.000 -44.268 19 38 38
4 -32.301 -2.125 -45.263 29 51 51
4 -34.515 -2.000 -43.528 19 38 38
4 -32.301 -2.125 -45.263 29 51 51
4 -34.569 -2.125 -44.264 42 66 66
4 -34.515 -2.000 -43.528 19 38 38
4 -32.500 0.750 -42.250 19 38 38
4 -32.750 0.750 -42.500 19 38 38
4 -33.500 0.750 -42.250 79 111 111
4 -32.750 0.750 -42.500 19 38 38
4 -33.250 0.750 -42.500 19 38 38
4 -33.500 0.750 -42.250 79 111 111
4 -32.500 0.750 -42.250 19 38 38
4 -33.500 0.750 -42.250 79 111 111
4 -32.500 0.750 -42.000 19 38 38
4 -32.500 0.750 -42.000 19 38 38
4 -33.500 0.750 -42.250 79 111 111
4 -33.500 0.750 -42.000 101 137 137
4 -32.500 0.750 -40.750 19 38 38
4 -32.500 0.750 -42.000 19 38 38
4 -33.250 0.750 -41.000 101 137 137
4 -33.500 0.750 -42.000 101 137 137
4 -33.250 0.750 -41.000 101 137 137
4 -32.500 0.750 -42.000 19 38 38
4 -33.250 0.750 -40.000 97 131 131
4 -32.125 0.750 -39.625 19 38 38
4 -33.250 0.750 -41.000 101 137 137
4 -32.500 0.750 -40.750 19 38 38
4 -33.250 0.750 -41.000 101 137 137
4 -32.125 0.750 -39.625 19 38 38
4 -33.000 -2.750 -7.761 50 75 75
4 -33.000 -5.000 -6.472 1 3 4
4 -32.000 -2.750 -7.370 19 38 38
4 -32.000 -2.750 -7.370 19 38 38
4 -33.000 -5.000 -6.472 1 3 4
4 -32.000 -5.000 -6.481 1 3 4
4 -33.000 -1.500 -8.439 103 139 139
4 -33.000 -2.750 -7.761 50 75 75
4 -32.000 -1.500 -7.956 19 38 38
4 -32.000 -1.500 -7.956 19 38 38
4 -33.000 -2.750 -7.761 50 75 75
4 -32.000 -2.750 -7.370 19 38 38
4 -32.000 0.000 -8.859 99 135 135
4 -33.000 0.000 -8.974 102 137 137
4 -32.000 -1.500 -7.956 19 38 38
4 -32.000 -1.500 -7.956 19 38 38
4 -33.000 0.000 -8.974 102 137 137
4 -33.000 -1.500 -8.439 103 139 139
4 -33.250 0.750 -39.000 97 131 131
4 -31.375 0.750 -38.625 20 39 39
4 -33.250 0.750 -40.000 97 131 131
4 -31.375 0.750 -38.625 20 39 39
4 -32.125 0.750 -39.625 19 38 38
4 -33.250 0.750 -40.000 97 131 131
4 -33.000 0.000 -8.974 102 137 137
4 -32.000 0.000 -8.859 99 135 135
4 -32.866 0.000 -10.424 74 104 104
4 -32.000 0.000 -10.112 74 104 104
4 -32.866 0.000 -10.424 74 104 104
4 -32.000 0.000 -8.859 99 135 135
4 -30.375 0.750 -37.875 19 38 38
4 -31.375 0.750 -38.625 20 39 39
4 -33.250 0.750 -36.000 95 130 130
4 -31.375 0.750 -38.625 20 39 39
4 -33.250 0.750 -38.000 97 131 131
4 -33.250 0.750 -36.000 95 130 130
4 -32.751 0.750 -15.000 102 138 138
4 -32.487 0.750 -14.518 114 152 152
4 -31.000 0.500 -14.007 96 130 130
4 -31.000 0.500 -14.007 96 130 130
4 -32.487 0.750 -14.518 114 152 152
4 -32.000 0.750 -14.258 105 142 142
4 -30.794 0.750 -26.000 19 38 38
4 -30.875 0.750 -28.000 91 124 124
4 -33.250 0.750 -26.000 97 131 131
4 -30.875 0.750 -28.000 91 124 124
4 -33.250 0.750 -28.000 97 131 131
4 -33.250 0.750 -26.000 97 131 131
4 -30.000 0.750 -30.625 78 109 109
4 -33.250 0.750 -30.000 97 132 132
4 -30.875 0.750 -28.000 91 124 124
4 -33.250 0.750 -30.000 97 132 132
4 -33.250 0.750 -28.000 97 131 131
4 -30.875 0.750 -28.000 91 124 124
4 -29.866 0.750 -24.000 67 96 96
4 -30.794 0.750 -26.000 19 38 38
4 -33.250 0.750 -24.000 87 120 120
4 -30.794 0.750 -26.000 19 38 38
4 -33.250 0.750 -26.000 97 131 131
4 -33.250 0.750 -24.000 87 120 120
4 -30.220 0.765 -16.336 103 138 138
4 -30.606 0.750 -18.000 96 131 131
4 -33.002 0.750 -16.000 103 139 139
4 -30.606 0.750 -18.000 96 131 131
4 -33.250 0.750 -18.000 99 134 134
4 -33.002 0.750 -16.000 103 139 139
4 -29.957 0.750 -20.000 86 118 118
4 -33.250 0.750 -20.000 97 131 131
4 -30.606 0.750 -18.000 96 131 131
4 -33.250 0.750 -20.000 97 131 131
4 -33.250 0.750 -18.000 99 134 134
4 -30.606 0.750 -18.000 96 131 131
4 -31.566 -2.750 41.000 98 133 133
4 -31.001 -2.750 40.000 70 99 99
4 -32.592 -5.000 41.000 1 3 4
4 -31.001 -2.750 40.000 70 99 99
4 -31.890 -5.000 40.000 1 3 4
4 -32.592 -5.000 41.000 1 3 4
4 -31.000 -5.000 -6.000 1 3 4
4 -31.000 -2.750 -7.370 19 38 38
4 -32.000 -5.000 -6.481 1 3 4
4 -32.000 -5.000 -6.481 1 3 4
4 -31.000 -2.750 -7.370 19 38 38
4 -32.000 -2.750 -7.370 19 38 38
4 -31.000 -1.500 -7.956 37 60 60
4 -32.000 -1.500 -7.956 19 38 38
4 -31.000 -2.750 -7.370 19 38 38
4 -32.000 -1.500 -7.956 19 38 38
4 -32.000 -2.750 -7.370 19 38 38
4 -31.000 -2.750 -7.370 19 38 38
4 -32.000 0.000 -8.859 99 135 135
4 -32.000 -1.500 -7.956 19 38 38
4 -31.000 0.000 -8.718 96 131 131
4 -31.000 -1.500 -7.956 37 60 60
4 -31.000 0.000 -8.718 96 131 131
4 -32.000 -1.500 -7.956 19 38 38
4 -32.000 0.000 -10.112 74 104 104
4 -32.000 0.000 -8.859 99 135 135
4 -31.000 0.000 -9.658 74 104 104
4 -31.000 0.000 -9.658 74 104 104
4 -32.000 0.000 -8.859 99 135 135
4 -31.000 0.000 -8.718 96 131 131
4 -33.250 0.750 -22.000 97 131 131
4 -33.250 0.750 -20.000 97 131 131
4 -29.480 0.750 -22.000 95 130 130
4 -29.480 0.750 -22.000 95 130 130
4 -33.250 0.750 -20.000 97 131 131
4 -29.957 0.750 -20.000 86 118 118
4 -33.250 0.750 -22.000 97 131 131
4 -29.480 0.750 -22.000 95 130 130
4 -33.250 0.750 -24.000 87 120 120
4 -29.480 0.750 -22.000 95 130 130
4 -29.866 0.750 -24.000 67 96 96
4 -33.250 0.750 -24.000 87 120 120
4 -31.271 -5.000 42.948 1 3 4
4 -30.280 -2.750 42.683 108 145 145
4 -32.592 -5.000 41.000 1 3 4
4 -32.592 -5.000 41.000 1 3 4
4 -30.280 -2.750 42.683 108 145 145
4 -31.566 -2.750 41.000 98 133 133
4 -33.250 0.750 -32.000 75 105 105
4 -33.250 0.750 -30.000 97 132 132
4 -28.755 0.945 -33.118 56 82 82
4 -28.755 0.945 -33.118 56 82 82
4 -33.250 0.750 -30.000 97 132 132
4 -30.000 0.750 -30.625 78 109 109
4 -32.390 -5.000 34.000 1 3 4
4 -31.111 -5.000 36.000 1 3 4
4 -31.501 -2.750 34.000 111 149 149
4 -32.322 -2.000 -44.268 19 38 38
4 -30.000 -2.000 -44.000 19 38 38
4 -32.301 -2.125 -45.263 29 51 51
4 -30.000 -2.000 -44.000 19 38 38
4 -30.000 -2.125 -44.811 19 38 38
4 -32.301 -2.125 -45.263 29 51 51
4 -31.000 0.500 -14.007 96 130 130
4 -29.724 0.500 -15.733 102 138 138
4 -32.751 0.750 -15.000 102 138 138
4 -29.724 0.500 -15.733 102 138 138
4 -30.220 0.765 -16.336 103 138 138
4 -32.751 0.750 -15.000 102 138 138
4 -31.890 -5.000 40.000 1 3 4
4 -31.001 -2.750 40.000 70 99 99
4 -30.519 -5.000 38.000 1 3 4
4 -28.755 0.945 -33.118 56 82 82
4 -33.250 0.750 -34.000 96 131 131
4 -33.250 0.750 -32.000 75 105 105
4 -37.559 -0.902 -16.000 81 112 112
4 -37.838 0.000 -15.000 78 109 109
4 -37.364 0.000 -16.000 85 118 118
4 -37.364 0.000 -16.000 85 118 118
4 -36.750 0.000 -18.000 71 100 100
4 -36.812 0.000 -18.000 109 146 146
4 -37.339 0.000 -39.000 92 126 126
4 -36.812 0.000 -38.000 19 38 38
4 -36.750 0.000 -38.000 19 38 38
4 -36.681 0.000 -16.000 74 104 104
4 -36.750 0.000 -18.000 71 100 100
4 -37.364 0.000 -16.000 85 118 118
4 -36.812 0.000 -38.000 19 38 38
4 -36.812 -0.625 -38.000 19 38 38
4 -36.812 0.000 -36.000 84 116 116
4 -33.250 0.750 -39.000 97 131 131
4 -33.250 0.750 -38.000 97 131 131
4 -31.375 0.750 -38.625 20 39 39
4 -32.751 0.750 -15.000 102 138 138
4 -30.220 0.765 -16.336 103 138 138
4 -33.002 0.750 -16.000 103 139 139
4 -33.250 0.750 -34.000 96 131 131
4 -28.162 1.198 -34.915 48 73 73
4 -33.250 0.750 -36.000 95 130 130
4 -33.250 0.750 -36.000 95 130 130
4 -28.162 1.198 -34.915 48 73 73
4 -30.375 0.750 -37.875 19 38 38
4 -29.250 0.750 -37.375 19 38 38
4 -30.375 0.750 -37.875 19 38 38
4 -28.162 1.198 -34.915 48 73 73
4 -31.501 -2.750 34.000 111 149 149
4 -31.111 -5.000 36.000 1 3 4
4 -30.222 -2.750 36.000 104 140 140
4 -31.001 -2.750 40.000 70 99 99
4 -30.103 -2.750 38.000 82 114 114
4 -30.519 -5.000 38.000 1 3 4
4 -28.162 1.198 -34.915 48 73 73
4 -33.250 0.750 -34.000 96 131 131
4 -28.755 0.945 -33.118 56 82 82
4 -31.041 -5.000 45.025 1 3 4
4 -30.152 -2.750 44.511 104 140 140
4 -31.271 -5.000 42.948 1 3 4
4 -31.271 -5.000 42.948 1 3 4
4 -30.152 -2.750 44.511 104 140 140
4 -30.280 -2.750 42.683 108 145 145
4 -29.824 -1.500 41.000 98 134 134
4 -29.794 -1.500 40.000 87 120 120
4 -31.566 -2.750 41.000 98 133 133
4 -31.001 -2.750 40.000 70 99 99
4 -31.566 -2.750 41.000 98 133 133
4 -29.794 -1.500 40.000 87 120 120
4 -31.000 0.000 -8.718 96 131 131
4 -31.000 -1.500 -7.956 37 60 60
4 -30.000 0.000 -8.602 97 132 132
4 -30.000 0.000 -8.602 97 132 132
4 -31.000 -1.500 -7.956 37 60 60
4 -30.000 -1.500 -7.956 31 53 53
4 -31.000 0.000 -9.658 74 104 104
4 -31.000 0.000 -8.718 96 131 131
4 -30.000 0.000 -9.102 74 104 104
4 -30.000 0.000 -9.102 74 104 104
4 -31.000 0.000 -8.718 96 131 131
4 -30.000 0.000 -8.602 97 132 132
4 -31.111 -5.000 36.000 1 3 4
4 -30.519 -5.000 38.000 1 3 4
4 -30.222 -2.750 36.000 104 140 140
4 -30.222 -2.750 36.000 104 140 140
4 -30.519 -5.000 38.000 1 3 4
4 -30.103 -2.750 38.000 82 114 114
4 -29.750 -2.750 -7.250 19 38 38
4 -30.000 -1.500 -7.956 31 53 53
4 -31.000 -2.750 -7.370 19 38 38
4 -31.000 -2.750 -7.370 19 38 38
4 -30.000 -1.500 -7.956 31 53 53
4 -31.000 -1.500 -7.956 37 60 60
4 -29.824 -1.500 41.000 98 134 134
4 -31.566 -2.750 41.000 98 133 133
4 -29.626 -1.500 42.507 107 143 143
4 -31.566 -2.750 41.000 98 133 133
4 -30.280 -2.750 42.683 108 145 145
4 -29.626 -1.500 42.507 107 143 143
4 -29.630 -2.750 -5.000 19 38 38
4 -29.750 -2.750 -7.250 19 38 38
4 -30.519 -5.000 -5.000 1 3 4
4 -29.750 -2.750 -7.250 19 38 38
4 -31.000 -5.000 -6.000 1 3 4
4 -30.519 -5.000 -5.000 1 3 4
4 -30.120 -5.000 47.134 1 3 4
4 -29.394 -2.750 46.408 114 152 152
4 -31.041 -5.000 45.025 1 3 4
4 -31.041 -5.000 45.025 1 3 4
4 -29.394 -2.750 46.408 114 152 152
4 -30.152 -2.750 44.511 104 140 140
4 -31.001 -2.750 40.000 70 99 99
4 -29.794 -1.500 40.000 87 120 120
4 -30.103 -2.750 38.000 82 114 114
4 -29.694 -1.500 38.000 86 118 118
4 -30.103 -2.750 38.000 82 114 114
4 -29.794 -1.500 40.000 87 120 120
4 -31.501 -2.750 34.000 111 149 149
4 -30.222 -2.750 36.000 104 140 140
4 -29.044 -1.500 34.000 84 116 116
4 -29.044 -1.500 34.000 84 116 116
4 -30.222 -2.750 36.000 104 140 140
4 -29.044 -1.500 36.000 94 129 129
4 -30.152 -2.750 44.511 104 140 140
4 -29.044 -1.500 43.912 106 143 143
4 -30.280 -2.750 42.683 108 145 145
4 -30.280 -2.750 42.683 108 145 145
4 -29.044 -1.500 43.912 106 143 143
4 -29.626 -1.500 42.507 107 143 143
4 -30.222 -2.750 36.000 104 140 140
4 -30.103 -2.750 38.000 82 114 114
4 -29.044 -1.500 36.000 94 129 129
4 -29.044 -1.500 36.000 94 129 129
4 -30.103 -2.750 38.000 82 114 114
4 -29.694 -1.500 38.000 86 118 118
4 -28.617 0.000 -8.347 85 117 117
4 -30.000 0.000 -8.602 97 132 132
4 -29.000 -1.500 -8.000 42 66 66
4 -29.000 -1.500 -8.000 42 66 66
4 -30.000 0.000 -8.602 97 132 132
4 -30.000 -1.500 -7.956 31 53 53
4 -30.152 -2.750 44.511 104 140 140
4 -29.394 -2.750 46.408 114 152 152
4 -29.044 -1.500 43.912 106 143 143
4 -29.394 -2.750 46.408 114 152 152
4 -28.915 -1.500 45.930 113 151 151
4 -29.044 -1.500 43.912 106 143 143
4 -29.750 -2.750 -7.250 19 38 38
4 -29.630 -2.750 -5.000 19 38 38
4 -29.044 -1.500 -7.000 19 38 38
4 -29.044 -1.500 -5.000 19 38 38
4 -29.044 -1.500 -7.000 19 38 38
4 -29.630 -2.750 -5.000 19 38 38
4 -28.838 0.000 40.000 90 123 123
4 -29.794 -1.500 40.000 87 120 120
4 -29.000 0.000 41.000 95 129 129
4 -29.000 0.000 41.000 95 129 129
4 -29.794 -1.500 40.000 87 120 120
4 -29.824 -1.500 41.000 98 134 134
4 -30.294 3.000 -26.000 104 140 140
4 -28.135 3.125 -27.000 101 136 136
4 -30.375 3.000 -28.000 91 124 124
4 -30.375 3.000 -28.000 91 124 124
4 -28.135 3.125 -27.000 101 136 136
4 -28.610 3.125 -29.125 93 127 127
4 -29.626 -1.500 42.507 107 143 143
4 -28.803 0.000 42.287 100 136 136
4 -29.824 -1.500 41.000 98 134 134
4 -28.803 0.000 42.287 100 136 136
4 -29.000 0.000 41.000 95 129 129
4 -29.824 -1.500 41.000 98 134 134
4 -28.346 0.000 38.000 86 119 119
4 -29.694 -1.500 38.000 86 118 118
4 -28.838 0.000 40.000 90 123 123
4 -28.838 0.000 40.000 90 123 123
4 -29.694 -1.500 38.000 86 118 118
4 -29.794 -1.500 40.000 87 120 120
4 -30.375 3.000 -28.000 91 124 124
4 -28.610 3.125 -29.125 93 127 127
4 -29.500 3.000 -30.375 80 112 112
4 -29.500 3.000 -30.375 80 112 112
4 -28.610 3.125 -29.125 93 127 127
4 -28.006 3.125 -30.673 89 122 122
4 -30.000 0.000 -13.839 101 136 136
4 -30.000 0.000 -13.527 74 104 104
4 -28.000 0.000 -13.750 71 101 101
4 -28.000 0.000 -13.750 71 101 101
4 -30.000 0.000 -13.527 74 104 104
4 -28.121 0.000 -12.694 74 104 104
4 -28.135 3.125 -27.000 101 136 136
4 -30.294 3.000 -26.000 104 140 140
4 -28.318 3.125 -25.000 98 133 133
4 -30.294 3.000 -26.000 104 140 140
4 -29.366 3.000 -24.000 106 142 142
4 -28.318 3.125 -25.000 98 133 133
4 -30.000 -2.000 -44.000 19 38 38
4 -28.000 -2.000 -44.000 19 38 38
4 -30.000 -2.125 -44.811 19 38 38
4 -28.000 -2.000 -44.000 19 38 38
4 -28.000 -2.125 -44.500 19 38 38
4 -30.000 -2.125 -44.811 19 38 38
4 -29.626 -1.500 42.507 107 143 143
4 -29.044 -1.500 43.912 106 143 143
4 -28.803 0.000 42.287 100 136 136
4 -28.307 0.000 43.486 100 136 136
4 -28.803 0.000 42.287 100 136 136
4 -29.044 -1.500 43.912 106 143 143
4 -28.000 0.500 -13.750 68 97 97
4 -28.000 0.500 -14.213 110 148 148
4 -30.000 0.500 -13.839 101 136 136
4 -28.000 0.500 -14.213 110 148 148
4 -29.724 0.500 -15.733 102 138 138
4 -30.000 0.500 -13.839 101 136 136
4 -28.293 -5.000 48.533 1 3 4
4 -27.780 -2.750 47.644 108 144 144
4 -30.120 -5.000 47.134 1 3 4
4 -30.120 -5.000 47.134 1 3 4
4 -27.780 -2.750 47.644 108 144 144
4 -29.394 -2.750 46.408 114 152 152
4 -30.106 3.000 -18.000 97 132 132
4 -28.011 3.125 -19.000 107 144 144
4 -29.457 3.000 -20.000 86 118 118
4 -29.457 3.000 -20.000 86 118 118
4 -28.011 3.125 -19.000 107 144 144
4 -27.623 3.125 -21.000 95 129 129
4 -28.617 0.000 -8.347 85 117 117
4 -29.000 -1.500 -8.000 42 66 66
4 -28.272 0.000 -7.000 98 133 133
4 -28.272 0.000 -7.000 98 133 133
4 -29.000 -1.500 -8.000 42 66 66
4 -29.044 -1.500 -7.000 19 38 38
4 -29.694 -1.500 38.000 86 118 118
4 -28.346 0.000 38.000 86 119 119
4 -29.044 -1.500 36.000 94 129 129
4 -28.346 0.000 38.000 86 119 119
4 -27.750 0.000 36.000 86 119 119
4 -29.044 -1.500 36.000 94 129 129
4 -28.980 3.000 -22.000 96 131 131
4 -27.867 3.125 -23.000 102 137 137
4 -29.366 3.000 -24.000 106 142 142
4 -29.366 3.000 -24.000 106 142 142
4 -27.867 3.125 -23.000 102 137 137
4 -28.318 3.125 -25.000 98 133 133
4 -26.621 3.125 -18.006 113 151 151
4 -28.011 3.125 -19.000 107 144 144
4 -29.476 3.000 -17.000 113 151 151
4 -30.106 3.000 -18.000 97 132 132
4 -29.476 3.000 -17.000 113 151 151
4 -28.011 3.125 -19.000 107 144 144
4 -27.750 0.000 -5.000 19 38 38
4 -28.272 0.000 -7.000 98 133 133
4 -29.044 -1.500 -5.000 19 38 38
4 -29.044 -1.500 -5.000 19 38 38
4 -28.272 0.000 -7.000 98 133 133
4 -29.044 -1.500 -7.000 19 38 38
4 -29.457 3.000 -20.000 86 118 118
4 -27.623 3.125 -21.000 95 129 129
4 -28.980 3.000 -22.000 96 131 131
4 -28.980 3.000 -22.000 96 131 131
4 -27.623 3.125 -21.000 95 129 129
4 -27.867 3.125 -23.000 102 137 137
4 -28.408 3.000 -32.757 78 108 108
4 -29.500 3.000 -30.375 80 112 112
4 -28.001 3.125 -32.487 78 109 109
4 -29.500 3.000 -30.375 80 112 112
4 -28.006 3.125 -30.673 89 122 122
4 -28.001 3.125 -32.487 78 109 109
4 -27.516 0.000 44.516 98 133 133
4 -28.307 0.000 43.486 100 136 136
4 -28.915 -1.500 45.930 113 151 151
4 -28.307 0.000 43.486 100 136 136
4 -29.044 -1.500 43.912 106 143 143
4 -28.915 -1.500 45.930 113 151 151
4 -27.750 0.000 34.000 19 38 38
4 -29.044 -1.500 34.000 84 116 116
4 -27.750 0.000 36.000 86 119 119
4 -27.750 0.000 36.000 86 119 119
4 -29.044 -1.500 34.000 84 116 116
4 -29.044 -1.500 36.000 94 129 129
4 -29.000 0.000 41.000 95 129 129
4 -27.750 0.000 41.000 66 95 95
4 -28.838 0.000 40.000 90 123 123
4 -27.750 0.000 41.000 66 95 95
4 -27.750 0.000 40.000 74 104 104
4 -28.838 0.000 40.000 90 123 123
4 -27.780 -2.750 47.644 108 144 144
4 -27.115 -1.500 46.493 110 147 147
4 -29.394 -2.750 46.408 114 152 152
4 -29.394 -2.750 46.408 114 152 152
4 -27.115 -1.500 46.493 110 147 147
4 -28.915 -1.500 45.930 113 151 151
4 -29.000 0.000 41.000 95 129 129
4 -28.803 0.000 42.287 100 136 136
4 -27.750 0.000 41.000 66 95 95
4 -27.622 0.000 41.971 55 82 82
4 -27.750 0.000 41.000 66 95 95
4 -28.803 0.000 42.287 100 136 136
4 -28.838 0.000 40.000 90 123 123
4 -27.750 0.000 40.000 74 104 104
4 -28.346 0.000 38.000 86 119 119
4 -27.750 0.000 40.000 74 104 104
4 -27.750 0.000 38.000 74 104 104
4 -28.346 0.000 38.000 86 119 119
4 -28.803 0.000 42.287 100 136 136
4 -28.307 0.000 43.486 100 136 136
4 -27.622 0.000 41.971 55 82 82
4 -27.247 0.000 42.875 42 66 66
4 -27.622 0.000 41.971 55 82 82
4 -28.307 0.000 43.486 100 136 136
4 -28.408 3.000 -32.757 78 108 108
4 -28.001 3.125 -32.487 78 109 109
4 -27.880 2.796 -34.502 69 98 98
4 -28.000 0.000 -13.750 71 101 101
4 -28.121 0.000 -12.694 74 104 104
4 -27.263 0.000 -12.191 74 104 104
4 -27.516 0.000 44.516 98 133 133
4 -28.915 -1.500 45.930 113 151 151
4 -26.486 0.000 45.307 98 133 133
4 -26.486 0.000 45.307 98 133 133
4 -28.915 -1.500 45.930 113 151 151
4 -27.115 -1.500 46.493 110 147 147
4 -28.307 0.000 43.486 100 136 136
4 -27.516 0.000 44.516 98 133 133
4 -27.247 0.000 42.875 42 66 66
4 -28.162 1.198 -34.915 48 73 73
4 -27.212 1.198 -36.222 40 63 63
4 -28.000 0.750 -37.250 19 38 38
4 -26.743 2.619 -14.626 111 148 148
4 -26.621 3.125 -18.006 113 151 151
4 -29.476 3.000 -17.000 113 151 151
4 -31.000 -5.000 -6.000 1 3 4
4 -29.750 -2.750 -7.250 19 38 38
4 -31.000 -2.750 -7.370 19 38 38
4 -30.000 0.000 -13.839 101 136 136
4 -31.000 0.000 -14.007 101 136 136
4 -30.000 0.000 -13.527 74 104 104
4 -30.000 0.500 -13.839 101 136 136
4 -29.724 0.500 -15.733 102 138 138
4 -31.000 0.500 -14.007 96 130 130
4 -30.220 0.765 -16.336 103 138 138
4 -29.724 0.500 -15.733 102 138 138
4 -29.476 3.000 -17.000 113 151 151
4 -29.000 -1.500 -8.000 42 66 66
4 -30.000 -1.500 -7.956 31 53 53
4 -29.750 -2.750 -7.250 19 38 38
4 -28.617 0.000 -8.347 85 117 117
4 -30.000 0.000 -9.102 74 104 104
4 -30.000 0.000 -8.602 97 132 132
4 -29.044 -1.500 -7.000 19 38 38
4 -29.000 -1.500 -8.000 42 66 66
4 -29.750 -2.750 -7.250 19 38 38
4 -29.476 3.000 -17.000 113 151 151
4 -29.724 0.500 -15.733 102 138 138
4 -28.000 0.500 -14.213 110 148 148
4 -28.000 0.750 -37.250 19 38 38
4 -29.250 0.750 -37.375 19 38 38
4 -28.162 1.198 -34.915 48 73 73
4 -29.000 -0.625 -43.000 19 38 38
4 -27.750 -0.625 -42.500 19 38 38
4 -28.000 -1.125 -43.000 19 38 38
4 -29.476 3.000 -17.000 113 151 151
4 -28.000 0.500 -14.213 110 148 148
4 -26.743 2.619 -14.626 111 148 148
4 -27.750 0.000 38.000 74 104 104
4 -27.750 0.000 36.000 86 119 119
4 -28.346 0.000 38.000 86 119 119
4 -26.771 0.000 -13.588 93 127 127
4 -28.000 0.000 -13.750 71 101 101
4 -27.263 0.000 -12.191 74 104 104
4 -26.652 0.000 43.652 73 103 103
4 -27.247 0.000 42.875 42 66 66
4 -27.516 0.000 44.516 98 133 133
4 -26.000 -2.750 -44.125 19 38 38
4 -28.000 -2.125 -44.500 19 38 38
4 -26.000 -2.500 -43.375 19 38 38
4 -26.000 -2.500 -43.375 19 38 38
4 -28.000 -2.125 -44.500 19 38 38
4 -28.000 -2.000 -44.000 19 38 38
4 -25.948 -5.000 48.271 1 3 4
4 -25.842 -2.750 47.903 100 135 135
4 -28.293 -5.000 48.533 1 3 4
4 -28.293 -5.000 48.533 1 3 4
4 -25.842 -2.750 47.903 100 135 135
4 -27.780 -2.750 47.644 108 144 144
4 -26.000 -1.125 -43.000 19 38 38
4 -28.000 -1.125 -43.000 19 38 38
4 -26.000 -1.000 -42.500 19 38 38
4 -27.750 -0.625 -42.500 19 38 38
4 -26.000 -1.000 -42.500 19 38 38
4 -28.000 -1.125 -43.000 19 38 38
4 -26.000 -1.000 -42.500 19 38 38
4 -27.750 -0.625 -42.500 19 38 38
4 -26.000 0.000 -42.250 26 47 47
4 -27.750 0.000 -42.500 51 77 77
4 -26.000 0.000 -42.250 26 47 47
4 -27.750 -0.625 -42.500 19 38 38
4 -27.516 0.000 44.516 98 133 133
4 -26.486 0.000 45.307 98 133 133
4 -26.652 0.000 43.652 73 103 103
4 -25.875 0.000 44.248 74 104 104
4 -26.652 0.000 43.652 73 103 103
4 -26.486 0.000 45.307 98 133 133
4 -27.115 -1.500 46.493 110 147 147
4 -27.780 -2.750 47.644 108 144 144
4 -25.667 -1.500 47.249 102 138 138
4 -27.780 -2.750 47.644 108 144 144
4 -25.842 -2.750 47.903 100 135 135
4 -25.667 -1.500 47.249 102 138 138
4 -25.625 0.000 -13.114 111 149 149
4 -26.771 0.000 -13.588 93 127 127
4 -26.529 0.000 -11.673 74 104 104
4 -26.771 0.000 -13.588 93 127 127
4 -27.263 0.000 -12.191 74 104 104
4 -26.529 0.000 -11.673 74 104 104
4 -25.667 -1.500 47.249 102 138 138
4 -25.287 0.000 45.804 95 130 130
4 -27.115 -1.500 46.493 110 147 147
4 -25.287 0.000 45.804 95 130 130
4 -26.486 0.000 45.307 98 133 133
4 -27.115 -1.500 46.493 110 147 147
4 -25.287 0.000 45.804 95 130 130
4 -24.971 0.000 44.622 74 104 104
4 -26.486 0.000 45.307 98 133 133
4 -24.971 0.000 44.622 74 104 104
4 -25.875 0.000 44.248 74 104 104
4 -26.486 0.000 45.307 98 133 133
4 -24.641 0.000 -12.359 113 151 151
4 -25.625 0.000 -13.114 111 149 149
4 -25.823 0.000 -11.166 74 104 104
4 -25.625 0.000 -13.114 111 149 149
4 -26.529 0.000 -11.673 74 104 104
4 -25.823 0.000 -11.166 74 104 104
4 -24.424 -5.000 49.170 1 3 4
4 -24.424 -2.750 48.143 105 142 142
4 -25.948 -5.000 48.271 1 3 4
4 -25.948 -5.000 48.271 1 3 4
4 -24.424 -2.750 48.143 105 142 142
4 -25.842 -2.750 47.903 100 135 135
4 -26.000 -2.750 -44.125 19 38 38
4 -26.000 -2.500 -43.375 19 38 38
4 -24.000 -3.750 -43.625 19 38 38
4 -24.000 -3.250 -43.000 19 38 38
4 -24.000 -3.750 -43.625 19 38 38
4 -26.000 -2.500 -43.375 19 38 38
4 -24.000 -1.375 -42.875 19 38 38
4 -26.000 -1.125 -43.000 19 38 38
4 -24.000 -1.000 -42.500 19 38 38
4 -26.000 -1.000 -42.500 19 38 38
4 -24.000 -1.000 -42.500 19 38 38
4 -26.000 -1.125 -43.000 19 38 38
4 -24.000 0.070 -42.000 34 57 57
4 -24.000 -1.000 -42.500 19 38 38
4 -26.000 0.000 -42.250 26 47 47
4 -24.000 -1.000 -42.500 19 38 38
4 -26.000 -1.000 -42.500 19 38 38
4 -26.000 0.000 -42.250 26 47 47
4 -24.000 -1.500 46.824 96 131 131
4 -25.667 -1.500 47.249 102 138 138
4 -24.424 -2.750 48.143 105 142 142
4 -25.842 -2.750 47.903 100 135 135
4 -24.424 -2.750 48.143 105 142 142
4 -25.667 -1.500 47.249 102 138 138
4 -24.641 0.000 -12.359 113 151 151
4 -25.823 0.000 -11.166 74 104 104
4 -23.886 0.000 -11.375 111 149 149
4 -23.886 0.000 -11.375 111 149 149
4 -25.823 0.000 -11.166 74 104 104
4 -25.290 0.000 -10.477 74 104 104
4 -25.287 0.000 45.804 95 130 130
4 -25.667 -1.500 47.249 102 138 138
4 -24.000 0.000 46.000 91 125 125
4 -24.000 0.000 46.000 91 125 125
4 -25.667 -1.500 47.249 102 138 138
4 -24.000 -1.500 46.824 96 131 131
4 -24.000 0.000 46.000 91 125 125
4 -24.000 0.000 44.750 74 104 104
4 -25.287 0.000 45.804 95 130 130
4 -24.000 0.000 44.750 74 104 104
4 -24.971 0.000 44.622 74 104 104
4 -25.287 0.000 45.804 95 130 130
4 -23.886 0.000 -11.375 111 149 149
4 -25.290 0.000 -10.477 74 104 104
4 -23.412 0.000 -10.229 105 142 142
4 -23.412 0.000 -10.229 105 142 142
4 -25.290 0.000 -10.477 74 104 104
4 -24.893 0.000 -9.693 74 104 104
4 -23.250 0.000 -9.000 93 127 127
4 -24.694 0.000 -8.824 74 104 104
4 -23.886 0.000 -7.000 86 119 119
4 -23.886 0.000 -7.000 86 119 119
4 -24.694 0.000 -8.824 74 104 104
4 -24.483 0.000 -7.000 74 104 104
4 -23.412 0.000 -10.229 105 142 142
4 -24.893 0.000 -9.693 74 104 104
4 -23.250 0.000 -9.000 93 127 127
4 -23.250 0.000 -9.000 93 127 127
4 -24.893 0.000 -9.693 74 104 104
4 -24.694 0.000 -8.824 74 104 104
4 -23.000 -2.750 48.857 90 123 123
4 -24.424 -2.750 48.143 105 142 142
4 -23.000 -5.000 49.746 1 3 4
4 -24.424 -2.750 48.143 105 142 142
4 -24.424 -5.000 49.170 1 3 4
4 -23.000 -5.000 49.746 1 3 4
4 -23.000 -1.500 46.794 89 122 122
4 -24.000 -1.500 46.824 96 131 131
4 -23.000 -2.750 48.857 90 123 123
4 -24.424 -2.750 48.143 105 142 142
4 -23.000 -2.750 48.857 90 123 123
4 -24.000 -1.500 46.824 96 131 131
4 -24.250 0.000 40.000 74 104 104
4 -22.312 0.000 39.500 19 38 38
4 -24.250 0.000 38.000 74 104 104
4 -23.375 0.000 38.000 111 148 148
4 -24.250 0.000 38.000 74 104 104
4 -22.312 0.000 39.500 19 38 38
4 -23.000 0.000 45.886 88 121 121
4 -24.000 0.000 46.000 91 125 125
4 -23.000 -1.500 46.794 89 122 122
4 -24.000 0.000 46.000 91 125 125
4 -24.000 -1.500 46.824 96 131 131
4 -23.000 -1.500 46.794 89 122 122
4 -24.000 0.000 44.750 74 104 104
4 -24.000 0.000 46.000 91 125 125
4 -23.000 0.000 44.750 74 104 104
4 -23.000 0.000 44.750 74 104 104
4 -24.000 0.000 46.000 91 125 125
4 -23.000 0.000 45.886 88 121 121
4 -22.000 -2.500 -43.250 19 38 38
4 -22.000 -3.375 -43.750 19 38 38
4 -24.000 -3.250 -43.000 19 38 38
4 -22.000 -3.375 -43.750 19 38 38
4 -24.000 -3.750 -43.625 19 38 38
4 -24.000 -3.250 -43.000 19 38 38
4 -22.000 -1.000 -42.500 19 38 38
4 -22.000 -1.375 -42.875 19 38 38
4 -24.000 -1.000 -42.500 19 38 38
4 -22.000 -1.375 -42.875 19 38 38
4 -24.000 -1.375 -42.875 19 38 38
4 -24.000 -1.000 -42.500 19 38 38
4 -22.000 0.187 -42.000 31 53 53
4 -22.000 -1.000 -42.500 19 38 38
4 -24.000 0.070 -42.000 34 57 57
4 -24.000 0.070 -42.000 34 57 57
4 -22.000 -1.000 -42.500 19 38 38
4 -24.000 -1.000 -42.500 19 38 38
4 -21.103 -5.000 48.033 1 3 4
4 -21.103 -2.750 47.500 81 113 113
4 -23.000 -5.000 49.746 1 3 4
4 -21.103 -2.750 47.500 81 113 113
4 -23.000 -2.750 48.857 90 123 123
4 -23.000 -5.000 49.746 1 3 4
4 -23.000 -2.750 48.857 90 123 123
4 -21.103 -2.750 47.500 81 113 113
4 -23.000 -1.500 46.794 89 122 122
4 -21.000 -1.500 46.044 82 113 113
4 -23.000 -1.500 46.794 89 122 122
4 -21.103 -2.750 47.500 81 113 113
4 -23.000 0.000 45.886 88 121 121
4 -21.000 0.000 45.308 83 115 115
4 -23.000 0.000 44.750 74 104 104
4 -21.000 -0.000 44.625 74 104 104
4 -23.000 0.000 44.750 74 104 104
4 -21.000 0.000 45.308 83 115 115
4 -23.000 -1.500 46.794 89 122 122
4 -21.000 -1.500 46.044 82 113 113
4 -23.000 0.000 45.886 88 121 121
4 -23.000 0.000 45.886 88 121 121
4 -21.000 -1.500 46.044 82 113 113
4 -21.000 0.000 45.308 83 115 115
4 -22.312 0.000 39.500 19 38 38
4 -23.000 0.000 41.250 55 82 82
4 -21.000 0.000 40.500 111 148 148
4 -21.000 -0.001 41.250 74 104 104
4 -21.000 0.000 40.500 111 148 148
4 -23.000 0.000 41.250 55 82 82
4 -22.000 -3.375 -43.750 19 38 38
4 -22.000 -2.500 -43.250 19 38 38
4 -20.000 -2.375 -44.500 22 42 42
4 -20.000 -2.000 -43.750 19 38 38
4 -20.000 -2.375 -44.500 22 42 42
4 -22.000 -2.500 -43.250 19 38 38
4 -20.000 -1.125 -43.000 22 42 42
4 -22.000 -1.375 -42.875 19 38 38
4 -20.000 -1.000 -42.500 21 40 40
4 -22.000 -1.000 -42.500 19 38 38
4 -20.000 -1.000 -42.500 21 40 40
4 -22.000 -1.375 -42.875 19 38 38
4 -20.000 0.125 -42.000 30 51 51
4 -20.000 -1.000 -42.500 21 40 40
4 -22.000 0.187 -42.000 31 53 53
4 -20.000 -1.000 -42.500 21 40 40
4 -22.000 -1.000 -42.500 19 38 38
4 -22.000 0.187 -42.000 31 53 53
4 -21.500 0.000 17.000 19 38 38
4 -18.835 0.170 17.000 19 38 38
4 -21.500 0.000 15.000 19 38 38
4 -21.500 0.000 17.000 19 38 38
4 -21.500 0.000 18.000 19 38 38
4 -18.835 0.170 17.000 19 38 38
4 -19.000 -2.660 47.516 97 132 132
4 -21.103 -2.750 47.500 81 113 113
4 -19.000 -5.000 48.551 1 3 4
4 -21.103 -2.750 47.500 81 113 113
4 -21.103 -5.000 48.033 1 3 4
4 -19.000 -5.000 48.551 1 3 4
4 -21.000 -1.500 46.044 82 113 113
4 -21.103 -2.750 47.500 81 113 113
4 -19.000 -2.000 46.330 92 126 126
4 -21.103 -2.750 47.500 81 113 113
4 -19.000 -2.660 47.516 97 132 132
4 -19.000 -2.000 46.330 92 126 126
4 -21.000 0.000 45.308 83 115 115
4 -19.000 0.000 44.750 86 119 119
4 -21.000 -0.000 44.625 74 104 104
4 -19.000 0.000 44.500 73 103 103
4 -21.000 -0.000 44.625 74 104 104
4 -19.000 0.000 44.750 86 119 119
4 -19.000 0.000 44.750 86 119 119
4 -21.000 0.000 45.308 83 115 115
4 -19.000 -2.000 46.330 92 126 126
4 -21.000 -1.500 46.044 82 113 113
4 -19.000 -2.000 46.330 92 126 126
4 -21.000 0.000 45.308 83 115 115
4 -20.000 -2.375 -44.500 22 42 42
4 -20.000 -2.000 -43.750 19 38 38
4 -18.000 -2.125 -44.500 21 40 40
4 -18.000 -2.000 -44.000 22 42 42
4 -18.000 -2.125 -44.500 21 40 40
4 -20.000 -2.000 -43.750 19 38 38
4 -18.000 -1.125 -43.125 26 46 46
4 -20.000 -1.125 -43.000 22 42 42
4 -18.000 -1.000 -42.500 21 41 41
4 -20.000 -1.000 -42.500 21 40 40
4 -18.000 -1.000 -42.500 21 41 41
4 -20.000 -1.125 -43.000 22 42 42
4 -20.000 -1.000 -42.500 21 40 40
4 -20.000 0.125 -42.000 30 51 51
4 -18.000 -1.000 -42.500 21 41 41
4 -18.000 0.000 -42.000 28 49 49
4 -18.000 -1.000 -42.500 21 41 41
4 -20.000 0.125 -42.000 30 51 51
4 -17.000 -2.660 47.320 93 128 128
4 -19.000 -2.660 47.516 97 132 132
4 -17.000 -5.000 48.501 1 3 4
4 -19.000 -2.660 47.516 97 132 132
4 -19.000 -5.000 48.551 1 3 4
4 -17.000 -5.000 48.501 1 3 4
4 -19.000 -2.660 47.516 97 132 132
4 -17.000 -2.660 47.320 93 128 128
4 -19.000 -2.000 46.330 92 126 126
4 -19.000 -2.000 46.330 92 126 126
4 -17.000 -2.660 47.320 93 128 128
4 -17.000 -2.000 46.580 89 122 122
4 -17.000 -0.062 44.375 90 124 124
4 -19.000 0.000 44.750 86 119 119
4 -17.000 -2.000 46.580 89 122 122
4 -19.000 -2.000 46.330 92 126 126
4 -17.000 -2.000 46.580 89 122 122
4 -19.000 0.000 44.750 86 119 119
4 -16.000 -2.250 -44.625 19 38 38
4 -18.000 -2.125 -44.500 21 40 40
4 -16.000 -1.750 -43.500 19 38 38
4 -16.000 -1.750 -43.500 19 38 38
4 -18.000 -2.125 -44.500 21 40 40
4 -18.000 -2.000 -44.000 22 42 42
4 -16.000 -1.000 -41.875 22 42 42
4 -16.000 -1.125 -43.250 27 48 48
4 -18.000 -1.000 -42.500 21 41 41
4 -16.000 -1.125 -43.250 27 48 48
4 -18.000 -1.125 -43.125 26 46 46
4 -18.000 -1.000 -42.500 21 41 41
4 -18.000 -1.000 -42.500 21 41 41
4 -18.000 0.000 -42.000 28 49 49
4 -16.000 -1.000 -41.875 22 42 42
4 -16.000 0.000 -41.500 28 49 49
4 -16.000 -1.000 -41.875 22 42 42
4 -18.000 0.000 -42.000 28 49 49
4 -15.000 -2.403 46.649 97 132 132
4 -17.000 -2.660 47.320 93 128 128
4 -15.000 -5.000 48.247 1 3 4
4 -17.000 -2.660 47.320 93 128 128
4 -17.000 -5.000 48.501 1 3 4
4 -15.000 -5.000 48.247 1 3 4
4 -15.000 -2.403 46.649 97 132 132
4 -15.000 -2.000 45.092 101 137 137
4 -17.000 -2.660 47.320 93 128 128
4 -17.000 -2.000 46.580 89 122 122
4 -17.000 -2.660 47.320 93 128 128
4 -15.000 -2.000 45.092 101 137 137
4 -17.000 -0.062 44.375 90 124 124
4 -17.000 -2.000 46.580 89 122 122
4 -15.000 -0.062 44.375 98 133 133
4 -17.000 -2.000 46.580 89 122 122
4 -15.000 -2.000 45.092 101 137 137
4 -15.000 -0.062 44.375 98 133 133
4 -24.483 0.000 -7.000 74 104 104
4 -24.250 0.000 -5.000 92 126 126
4 -23.886 0.000 -7.000 86 119 119
4 -23.375 0.000 38.000 111 148 148
4 -24.250 0.000 36.000 57 84 84
4 -24.250 0.000 38.000 74 104 104
4 -22.312 0.000 39.500 19 38 38
4 -24.250 0.000 40.000 74 104 104
4 -24.250 0.000 41.250 47 72 72
4 -23.000 0.000 41.250 55 82 82
4 -22.312 0.000 39.500 19 38 38
4 -24.250 0.000 41.250 47 72 72
4 -19.000 0.000 41.250 100 135 135
4 -21.000 0.000 40.500 111 148 148
4 -21.000 -0.001 41.250 74 104 104
4 -17.000 -0.062 44.375 90 124 124
4 -19.000 0.000 44.500 73 103 103
4 -19.000 0.000 44.750 86 119 119
4 -18.955 -3.519 50.043 100 135 135
4 -20.066 -3.748 50.153 100 135 135
4 -19.422 -3.768 51.933 100 135 135
4 -20.066 -3.748 50.153 100 135 135
4 -20.358 -3.919 50.788 100 135 135
4 -19.422 -3.768 51.933 100 135 135
4 -18.955 -3.519 50.043 100 135 135
4 -19.422 -3.768 51.933 100 135 135
4 -18.094 -3.621 50.791 100 135 135
4 -19.422 -3.768 51.933 100 135 135
4 -18.289 -3.670 51.654 100 135 135
4 -18.094 -3.621 50.791 100 135 135
4 -17.484 -3.234 52.250 100 135 135
4 -17.393 -3.400 52.872 100 135 135
4 -16.309 -3.927 52.733 100 135 135
4 -16.309 -3.927 52.733 100 135 135
4 -17.393 -3.400 52.872 100 135 135
4 -16.875 -3.590 53.217 100 135 135
4 -16.309 -3.927 52.733 100 135 135
4 -16.273 -3.720 52.005 100 135 135
4 -17.484 -3.234 52.250 100 135 135
4 -16.273 -3.720 52.005 100 135 135
4 -16.655 -3.301 51.755 100 135 135
4 -17.484 -3.234 52.250 100 135 135
4 -26.544 2.664 -34.118 47 71 71
4 -27.880 2.796 -34.502 69 98 98
4 -28.001 3.125 -32.487 78 109 109
4 -26.000 0.750 -37.750 19 38 38
4 -28.000 0.750 -37.250 19 38 38
4 -27.212 1.198 -36.222 40 63 63
4 -24.601 3.000 -14.380 112 149 149
4 -26.621 3.125 -18.006 113 151 151
4 -26.743 2.619 -14.626 111 148 148
4 -25.250 6.000 -29.125 87 119 119
4 -28.110 5.500 -29.000 95 130 130
4 -26.000 6.000 -25.000 90 123 123
4 -26.000 6.000 -25.000 90 123 123
4 -28.110 5.500 -29.000 95 130 130
4 -27.392 5.500 -25.000 99 134 134
4 -27.392 5.500 -25.000 99 134 134
4 -27.123 5.500 -21.000 100 135 135
4 -26.000 6.000 -25.000 90 123 123
4 -26.000 6.000 -21.000 94 128 128
4 -26.000 6.000 -25.000 90 123 123
4 -27.123 5.500 -21.000 100 135 135
4 -26.743 2.619 -14.626 111 148 148
4 -26.771 0.500 -13.588 106 143 143
4 -25.338 1.750 -13.595 109 147 147
4 -26.771 0.500 -13.588 106 143 143
4 -25.625 0.500 -13.114 104 141 141
4 -25.338 1.750 -13.595 109 147 147
4 -27.123 5.500 -21.000 100 135 135
4 -25.989 5.500 -18.006 114 152 152
4 -26.000 6.000 -21.000 94 128 128
4 -24.976 6.000 -19.091 98 133 133
4 -26.000 6.000 -21.000 94 128 128
4 -25.989 5.500 -18.006 114 152 152
4 -26.263 5.500 -33.705 52 77 77
4 -27.655 5.500 -32.127 84 116 116
4 -24.500 6.578 -30.000 90 123 123
4 -27.655 5.500 -32.127 84 116 116
4 -25.250 6.000 -29.125 87 119 119
4 -24.500 6.578 -30.000 90 123 123
4 -27.212 1.198 -36.222 40 63 63
4 -24.315 1.569 -36.871 24 44 44
4 -26.000 0.750 -37.750 19 38 38
4 -24.000 1.000 -38.250 19 38 38
4 -26.000 0.750 -37.750 19 38 38
4 -24.315 1.569 -36.871 24 44 44
4 -23.139 2.835 -34.263 33 55 55
4 -24.190 2.710 -36.371 36 59 59
4 -26.544 2.664 -34.118 47 71 71
4 -27.011 2.539 -35.764 52 78 78
4 -26.544 2.664 -34.118 47 71 71
4 -24.190 2.710 -36.371 36 59 59
4 -24.641 0.500 -12.359 109 147 147
4 -24.132 1.750 -13.065 114 152 152
4 -25.625 0.500 -13.114 104 141 141
4 -25.625 0.500 -13.114 104 141 141
4 -24.132 1.750 -13.065 114 152 152
4 -25.338 1.750 -13.595 109 147 147
4 -24.500 6.578 -30.000 90 123 123
4 -22.875 7.354 -30.750 75 105 105
4 -26.263 5.500 -33.705 52 77 77
4 -22.875 7.354 -30.750 75 105 105
4 -23.139 6.854 -33.763 21 40 40
4 -26.263 5.500 -33.705 52 77 77
4 -23.199 6.116 -15.918 110 147 147
4 -22.877 6.992 -20.000 88 120 120
4 -24.976 6.000 -19.091 98 133 133
4 -22.877 6.992 -20.000 88 120 120
4 -24.927 6.341 -20.656 94 128 128
4 -24.976 6.000 -19.091 98 133 133
4 -24.132 1.750 -13.065 114 152 152
4 -24.641 0.500 -12.359 109 147 147
4 -22.993 1.750 -11.919 112 149 149
4 -24.641 0.500 -12.359 109 147 147
4 -23.886 0.500 -11.375 108 145 145
4 -22.993 1.750 -11.919 112 149 149
4 -22.877 6.992 -20.000 88 120 120
4 -22.875 7.354 -30.750 75 105 105
4 -24.927 6.341 -20.656 94 128 128
4 -22.875 7.354 -30.750 75 105 105
4 -24.500 6.578 -30.000 90 123 123
4 -24.927 6.341 -20.656 94 128 128
4 -20.407 5.858 -15.318 108 145 145
4 -23.199 6.116 -15.918 110 147 147
4 -24.601 3.000 -14.380 112 149 149
4 -23.199 6.116 -15.918 110 147 147
4 -26.621 3.125 -18.006 113 151 151
4 -24.601 3.000 -14.380 112 149 149
4 -22.624 1.750 -10.507 106 143 143
4 -22.993 1.750 -11.919 112 149 149
4 -23.412 0.500 -10.229 99 134 134
4 -23.886 0.500 -11.375 108 145 145
4 -23.412 0.500 -10.229 99 134 134
4 -22.993 1.750 -11.919 112 149 149
4 -24.315 1.569 -36.871 24 44 44
4 -21.940 2.000 -37.070 19 38 38
4 -24.000 1.000 -38.250 19 38 38
4 -21.940 2.000 -37.070 19 38 38
4 -22.000 1.000 -38.375 19 38 38
4 -24.000 1.000 -38.250 19 38 38
4 -24.250 0.500 -5.000 57 84 84
4 -21.500 1.500 -5.000 67 96 96
4 -23.886 0.500 -7.000 85 117 117
4 -23.886 0.500 -7.000 85 117 117
4 -21.500 1.500 -5.000 67 96 96
4 -22.515 1.308 -7.000 96 131 131
4 -23.250 0.500 -9.000 88 121 121
4 -23.886 0.500 -7.000 85 117 117
4 -22.426 1.750 -9.000 101 137 137
4 -23.886 0.500 -7.000 85 117 117
4 -22.515 1.308 -7.000 96 131 131
4 -22.426 1.750 -9.000 101 137 137
4 -22.426 1.750 -9.000 101 137 137
4 -22.624 1.750 -10.507 106 143 143
4 -23.250 0.500 -9.000 88 121 121
4 -23.412 0.500 -10.229 99 134 134
4 -23.250 0.500 -9.000 88 121 121
4 -22.624 1.750 -10.507 106 143 143
4 -21.500 1.500 -5.000 67 96 96
4 -24.250 1.500 -5.000 50 76 76
4 -21.500 1.500 -3.000 100 135 135
4 -21.500 1.500 -3.000 100 135 135
4 -24.250 1.500 -5.000 50 76 76
4 -24.250 1.500 -3.000 114 153 153
4 -20.892 4.115 -35.292 19 38 38
4 -21.940 3.000 -36.570 19 38 38
4 -23.139 2.835 -34.263 33 55 55
4 -23.139 2.835 -34.263 33 55 55
4 -21.940 3.000 -36.570 19 38 38
4 -24.190 2.710 -36.371 36 59 59
4 -21.000 0.250 37.875 27 48 48
4 -21.000 0.250 36.000 19 38 38
4 -23.375 0.250 38.000 106 143 143
4 -21.000 0.250 36.000 19 38 38
4 -23.000 0.250 36.000 31 53 53
4 -23.375 0.250 38.000 106 143 143
4 -21.000 6.992 -20.000 80 112 112
4 -22.877 6.992 -20.000 88 120 120
4 -20.407 5.858 -15.318 108 145 145
4 -23.199 6.116 -15.918 110 147 147
4 -20.407 5.858 -15.318 108 145 145
4 -22.877 6.992 -20.000 88 120 120
4 -20.043 1.900 -7.000 101 137 137
4 -21.182 2.374 -9.000 106 142 142
4 -22.515 1.308 -7.000 96 131 131
4 -21.182 2.374 -9.000 106 142 142
4 -22.426 1.750 -9.000 101 137 137
4 -22.515 1.308 -7.000 96 131 131
4 -19.000 6.838 -30.767 56 83 83
4 -22.875 7.354 -30.750 75 105 105
4 -21.000 6.992 -20.000 80 112 112
4 -22.877 6.992 -20.000 88 120 120
4 -21.000 6.992 -20.000 80 112 112
4 -22.875 7.354 -30.750 75 105 105
4 -18.911 5.385 -33.780 19 38 38
4 -23.139 6.854 -33.763 21 40 40
4 -19.000 6.838 -30.767 56 83 83
4 -22.875 7.354 -30.750 75 105 105
4 -19.000 6.838 -30.767 56 83 83
4 -23.139 6.854 -33.763 21 40 40
4 -21.940 2.000 -37.070 19 38 38
4 -19.969 1.607 -37.511 19 38 38
4 -22.000 1.000 -38.375 19 38 38
4 -19.969 1.607 -37.511 19 38 38
4 -20.000 1.000 -38.375 19 38 38
4 -22.000 1.000 -38.375 19 38 38
4 -21.500 1.500 15.000 61 88 88
4 -21.500 0.000 15.000 19 38 38
4 -18.835 0.170 17.000 19 38 38
4 -20.044 2.500 22.000 92 126 126
4 -20.157 2.402 20.137 54 80 80
4 -21.500 0.000 22.000 19 38 38
4 -20.157 2.402 20.137 54 80 80
4 -21.500 0.000 20.000 19 38 38
4 -21.500 0.000 22.000 19 38 38
4 -20.146 2.500 24.000 74 104 104
4 -20.044 2.500 22.000 92 126 126
4 -21.500 0.000 24.000 19 38 38
4 -21.500 0.000 24.000 19 38 38
4 -20.044 2.500 22.000 92 126 126
4 -21.500 0.000 22.000 19 38 38
4 -21.500 0.000 26.000 22 42 42
4 -19.820 2.750 26.000 98 132 132
4 -21.500 0.000 24.000 19 38 38
4 -19.820 2.750 26.000 98 132 132
4 -20.146 2.500 24.000 74 104 104
4 -21.500 0.000 24.000 19 38 38
4 -19.858 2.750 30.000 81 112 112
4 -19.965 2.408 28.000 96 131 131
4 -21.500 0.000 30.000 19 38 38
4 -21.500 0.000 30.000 19 38 38
4 -19.965 2.408 28.000 96 131 131
4 -21.500 0.000 28.000 19 38 38
4 -21.500 0.000 26.000 22 42 42
4 -21.500 0.000 28.000 19 38 38
4 -19.820 2.750 26.000 98 132 132
4 -21.500 0.000 28.000 19 38 38
4 -19.965 2.408 28.000 96 131 131
4 -19.820 2.750 26.000 98 132 132
4 -19.411 2.500 32.000 19 38 38
4 -19.858 2.750 30.000 81 112 112
4 -21.500 0.000 32.000 19 38 38
4 -21.500 0.000 32.000 19 38 38
4 -19.858 2.750 30.000 81 112 112
4 -21.500 0.000 30.000 19 38 38
4 -20.157 2.402 20.137 54 80 80
4 -18.919 0.939 18.000 19 38 38
4 -21.500 0.000 20.000 19 38 38
4 -18.919 0.939 18.000 19 38 38
4 -21.500 0.000 18.000 19 38 38
4 -21.500 0.000 20.000 19 38 38
4 -18.911 4.037 -34.280 19 38 38
4 -19.969 3.000 -37.011 19 38 38
4 -20.892 4.115 -35.292 19 38 38
4 -20.892 4.115 -35.292 19 38 38
4 -19.969 3.000 -37.011 19 38 38
4 -21.940 3.000 -36.570 19 38 38
4 -19.227 2.903 34.000 53 78 78
4 -19.411 2.500 32.000 19 38 38
4 -21.500 0.000 34.000 19 38 38
4 -21.500 0.000 34.000 19 38 38
4 -19.411 2.500 32.000 19 38 38
4 -21.500 0.000 32.000 19 38 38
4 -19.000 0.250 40.164 99 134 134
4 -19.000 0.250 37.875 58 85 85
4 -22.312 0.250 39.500 55 81 81
4 -21.000 0.250 37.875 27 48 48
4 -22.312 0.250 39.500 55 81 81
4 -19.000 0.250 37.875 58 85 85
4 -19.000 0.250 40.164 99 134 134
4 -22.312 0.250 39.500 55 81 81
4 -19.000 0.250 40.746 93 127 127
4 -22.312 0.250 39.500 55 81 81
4 -21.000 0.250 40.500 111 148 148
4 -19.000 0.250 40.746 93 127 127
4 -18.919 0.939 18.000 19 38 38
4 -18.835 0.170 17.000 19 38 38
4 -21.500 0.000 18.000 19 38 38
4 -21.500 0.000 34.000 19 38 38
4 -21.000 0.250 36.000 19 38 38
4 -19.227 2.903 34.000 53 78 78
4 -18.894 2.500 36.000 111 148 148
4 -19.227 2.903 34.000 53 78 78
4 -21.000 0.250 36.000 19 38 38
4 -21.500 1.500 -5.000 67 96 96
4 -16.000 1.500 -5.000 105 141 141
4 -22.515 1.308 -7.000 96 131 131
4 -20.043 1.900 -7.000 101 137 137
4 -22.515 1.308 -7.000 96 131 131
4 -16.000 1.500 -5.000 105 141 141
4 -18.894 2.500 36.000 111 148 148
4 -21.000 0.250 36.000 19 38 38
4 -19.000 0.250 37.875 58 85 85
4 -21.000 0.250 36.000 19 38 38
4 -21.000 0.250 37.875 27 48 48
4 -19.000 0.250 37.875 58 85 85
4 -19.969 1.607 -37.511 19 38 38
4 -18.000 1.423 -38.125 19 38 38
4 -20.000 1.000 -38.375 19 38 38
4 -18.000 1.423 -38.125 19 38 38
4 -18.000 1.000 -38.375 19 38 38
4 -20.000 1.000 -38.375 19 38 38
4 -17.000 7.725 -20.000 84 116 116
4 -21.000 6.992 -20.000 80 112 112
4 -17.000 6.992 -14.000 103 139 139
4 -21.000 6.992 -20.000 80 112 112
4 -20.407 5.858 -15.318 108 145 145
4 -17.000 6.992 -14.000 103 139 139
4 -16.000 1.500 -3.000 75 106 106
4 -16.000 1.500 -5.000 105 141 141
4 -21.500 1.500 -3.000 100 135 135
4 -21.500 1.500 -3.000 100 135 135
4 -16.000 1.500 -5.000 105 141 141
4 -21.500 1.500 -5.000 67 96 96
4 -18.000 3.436 -37.266 31 52 52
4 -19.969 3.000 -37.011 19 38 38
4 -17.107 3.561 -34.081 19 38 38
4 -18.911 4.037 -34.280 19 38 38
4 -17.107 3.561 -34.081 19 38 38
4 -19.969 3.000 -37.011 19 38 38
4 -19.411 2.500 32.000 19 38 38
4 -19.227 2.903 34.000 53 78 78
4 -17.000 6.000 32.000 100 135 135
4 -19.227 2.903 34.000 53 78 78
4 -17.000 6.000 34.000 100 136 136
4 -17.000 6.000 32.000 100 135 135
4 -21.500 1.500 15.000 61 88 88
4 -18.835 0.170 17.000 19 38 38
4 -16.000 1.500 15.000 100 135 135
4 -18.835 0.170 17.000 19 38 38
4 -16.000 3.500 17.000 78 109 109
4 -16.000 1.500 15.000 100 135 135
4 -17.000 6.000 36.000 108 145 145
4 -17.000 6.000 34.000 100 136 136
4 -18.894 2.500 36.000 111 148 148
4 -18.894 2.500 36.000 111 148 148
4 -17.000 6.000 34.000 100 136 136
4 -19.227 2.903 34.000 53 78 78
4 -17.000 0.250 41.250 99 134 134
4 -17.000 0.952 40.341 103 139 139
4 -19.000 0.250 41.250 104 140 140
4 -19.000 0.250 40.746 93 127 127
4 -19.000 0.250 41.250 104 140 140
4 -17.000 0.952 40.341 103 139 139
4 -19.000 0.250 40.164 99 134 134
4 -19.000 0.250 40.746 93 127 127
4 -17.000 2.187 39.590 111 148 148
4 -17.000 0.952 40.341 103 139 139
4 -17.000 2.187 39.590 111 148 148
4 -19.000 0.250 40.746 93 127 127
4 -17.000 3.367 37.875 113 151 151
4 -19.000 0.250 37.875 58 85 85
4 -17.000 2.187 39.590 111 148 148
4 -19.000 0.250 37.875 58 85 85
4 -19.000 0.250 40.164 99 134 134
4 -17.000 2.187 39.590 111 148 148
4 -17.000 7.725 -20.000 84 116 116
4 -15.000 6.000 -30.767 70 99 99
4 -21.000 6.992 -20.000 80 112 112
4 -21.000 6.992 -20.000 80 112 112
4 -15.000 6.000 -30.767 70 99 99
4 -19.000 6.838 -30.767 56 83 83
4 -17.000 6.000 36.000 108 145 145
4 -18.894 2.500 36.000 111 148 148
4 -17.000 3.367 37.875 113 151 151
4 -18.894 2.500 36.000 111 148 148
4 -19.000 0.250 37.875 58 85 85
4 -17.000 3.367 37.875 113 151 151
4 -15.000 6.000 -30.767 70 99 99
4 -15.462 5.500 -33.314 22 42 42
4 -19.000 6.838 -30.767 56 83 83
4 -19.000 6.838 -30.767 56 83 83
4 -15.462 5.500 -33.314 22 42 42
4 -18.911 5.385 -33.780 19 38 38
4 -18.000 1.423 -38.125 19 38 38
4 -16.000 1.362 -37.625 19 38 38
4 -18.000 1.000 -38.375 19 38 38
4 -16.000 1.362 -37.625 19 38 38
4 -16.000 1.000 -37.875 19 38 38
4 -18.000 1.000 -38.375 19 38 38
4 -20.407 5.858 -15.318 108 145 145
4 -16.000 4.411 -9.000 110 147 147
4 -17.000 6.992 -14.000 103 139 139
4 -18.000 3.436 -37.266 31 52 52
4 -17.107 3.561 -34.081 19 38 38
4 -16.000 3.615 -37.266 19 38 38
4 -17.107 3.561 -34.081 19 38 38
4 -15.533 3.740 -33.957 30 51 51
4 -16.000 3.615 -37.266 19 38 38
4 -17.000 0.952 40.341 103 139 139
4 -17.000 0.250 41.250 99 134 134
4 -15.000 0.856 40.758 105 141 141
4 -15.000 0.856 40.758 105 141 141
4 -17.000 0.250 41.250 99 134 134
4 -15.000 0.250 41.437 98 133 133
4 -15.000 0.856 40.758 105 141 141
4 -15.000 2.437 39.724 109 146 146
4 -17.000 0.952 40.341 103 139 139
4 -17.000 2.187 39.590 111 148 148
4 -17.000 0.952 40.341 103 139 139
4 -15.000 2.437 39.724 109 146 146
4 -28.000 0.500 -14.213 110 148 148
4 -28.000 0.500 -13.750 68 97 97
4 -26.771 0.500 -13.588 106 143 143
4 -28.000 0.500 -14.213 110 148 148
4 -26.771 0.500 -13.588 106 143 143
4 -26.743 2.619 -14.626 111 148 148
4 -26.544 2.664 -34.118 47 71 71
4 -27.011 2.539 -35.764 52 78 78
4 -27.880 2.796 -34.502 69 98 98
4 -25.250 6.000 -29.125 87 119 119
4 -27.506 5.500 -30.423 90 123 123
4 -28.110 5.500 -29.000 95 130 130
4 -27.655 5.500 -32.127 84 116 116
4 -27.506 5.500 -30.423 90 123 123
4 -25.250 6.000 -29.125 87 119 119
4 -26.000 6.000 -21.000 94 128 128
4 -24.927 6.341 -20.656 94 128 128
4 -26.000 6.000 -25.000 90 123 123
4 -24.601 3.000 -14.380 112 149 149
4 -26.743 2.619 -14.626 111 148 148
4 -25.338 1.750 -13.595 109 147 147
4 -24.976 6.000 -19.091 98 133 133
4 -24.927 6.341 -20.656 94 128 128
4 -26.000 6.000 -21.000 94 128 128
4 -23.199 6.116 -15.918 110 147 147
4 -25.989 5.500 -18.006 114 152 152
4 -26.621 3.125 -18.006 113 151 151
4 -26.000 6.000 -25.000 90 123 123
4 -24.500 6.578 -30.000 90 123 123
4 -25.250 6.000 -29.125 87 119 119
4 -26.000 6.000 -25.000 90 123 123
4 -24.927 6.341 -20.656 94 128 128
4 -24.500 6.578 -30.000 90 123 123
4 -24.976 6.000 -19.091 98 133 133
4 -25.989 5.500 -18.006 114 152 152
4 -23.199 6.116 -15.918 110 147 147
4 -24.132 1.750 -13.065 114 152 152
4 -24.601 3.000 -14.380 112 149 149
4 -25.338 1.750 -13.595 109 147 147
4 -22.594 3.000 -12.508 113 151 151
4 -24.601 3.000 -14.380 112 149 149
4 -24.132 1.750 -13.065 114 152 152
4 -23.375 0.250 38.000 106 143 143
4 -23.000 0.250 36.000 31 53 53
4 -24.250 0.250 36.000 68 97 97
4 -22.594 3.000 -12.508 113 151 151
4 -24.132 1.750 -13.065 114 152 152
4 -22.993 1.750 -11.919 112 149 149
4 -22.993 1.750 -11.919 112 149 149
4 -22.624 1.750 -10.507 106 143 143
4 -22.594 3.000 -12.508 113 151 151
4 -24.601 3.000 -14.380 112 149 149
4 -22.594 3.000 -12.508 113 151 151
4 -20.407 5.858 -15.318 108 145 145
4 -22.312 0.250 39.500 55 81 81
4 -21.000 0.250 37.875 27 48 48
4 -23.375 0.250 38.000 106 143 143
4 -22.624 1.750 -10.507 106 143 143
4 -21.182 2.374 -9.000 106 142 142
4 -22.594 3.000 -12.508 113 151 151
4 -22.426 1.750 -9.000 101 137 137
4 -21.182 2.374 -9.000 106 142 142
4 -22.624 1.750 -10.507 106 143 143
4 -16.000 4.411 -9.000 110 147 147
4 -22.594 3.000 -12.508 113 151 151
4 -21.182 2.374 -9.000 106 142 142
4 -22.594 3.000 -12.508 113 151 151
4 -16.000 4.411 -9.000 110 147 147
4 -20.407 5.858 -15.318 108 145 145
4 -19.000 0.250 41.250 104 140 140
4 -19.000 0.250 40.746 93 127 127
4 -21.000 0.250 40.500 111 148 148
4 -21.182 2.374 -9.000 106 142 142
4 -20.043 1.900 -7.000 101 137 137
4 -16.000 4.411 -9.000 110 147 147
4 -17.000 6.000 32.000 100 135 135
4 -19.858 2.750 30.000 81 112 112
4 -19.411 2.500 32.000 19 38 38
4 -20.157 2.402 20.137 54 80 80
4 -20.044 2.500 22.000 92 126 126
4 -16.000 5.000 20.000 81 113 113
4 -20.044 2.500 22.000 92 126 126
4 -20.146 2.500 24.000 74 104 104
4 -16.000 5.750 24.000 92 126 126
4 -20.146 2.500 24.000 74 104 104
4 -19.820 2.750 26.000 98 132 132
4 -16.000 5.750 24.000 92 126 126
4 -19.965 2.408 28.000 96 131 131
4 -19.858 2.750 30.000 81 112 112
4 -16.000 6.000 28.000 92 126 126
4 -19.820 2.750 26.000 98 132 132
4 -19.965 2.408 28.000 96 131 131
4 -16.000 6.000 28.000 92 126 126
4 -16.000 5.000 20.000 81 113 113
4 -18.919 0.939 18.000 19 38 38
4 -20.157 2.402 20.137 54 80 80
4 -18.919 0.939 18.000 19 38 38
4 -16.000 3.500 17.000 78 109 109
4 -18.835 0.170 17.000 19 38 38
4 -17.000 6.000 32.000 100 135 135
4 -16.000 6.000 28.000 92 126 126
4 -19.858 2.750 30.000 81 112 112
4 -16.000 5.750 24.000 92 126 126
4 -16.000 5.000 20.000 81 113 113
4 -20.044 2.500 22.000 92 126 126
4 -20.043 1.900 -7.000 101 137 137
4 -16.000 1.500 -5.000 105 141 141
4 -16.000 4.411 -9.000 110 147 147
4 -16.000 6.000 28.000 92 126 126
4 -16.000 5.750 24.000 92 126 126
4 -19.820 2.750 26.000 98 132 132
4 -18.919 0.939 18.000 19 38 38
4 -16.000 5.000 20.000 81 113 113
4 -16.000 3.500 17.000 78 109 109
4 -15.000 2.437 39.724 109 146 146
4 -17.000 3.367 37.875 113 151 151
4 -17.000 2.187 39.590 111 148 148
4 -16.000 -2.250 -44.625 19 38 38
4 -16.000 -1.750 -43.500 19 38 38
4 -14.000 -2.125 -43.750 20 39 39
4 -14.000 -2.000 -43.250 19 38 38
4 -14.000 -2.125 -43.750 20 39 39
4 -16.000 -1.750 -43.500 19 38 38
4 -16.000 -1.125 -43.250 27 48 48
4 -16.000 -1.000 -41.875 22 42 42
4 -14.000 -1.125 -43.000 30 51 51
4 -16.000 -1.000 -41.875 22 42 42
4 -14.000 -1.000 -42.000 31 53 53
4 -14.000 -1.125 -43.000 30 51 51
4 -14.000 -1.000 -42.000 31 53 53
4 -16.000 -1.000 -41.875 22 42 42
4 -14.000 0.000 -41.625 48 73 73
4 -14.000 0.000 -41.625 48 73 73
4 -16.000 -1.000 -41.875 22 42 42
4 -16.000 0.000 -41.500 28 49 49
4 -12.000 -2.125 -45.000 41 65 65
4 -14.000 -2.125 -43.750 20 39 39
4 -12.000 -2.000 -44.500 34 57 57
4 -12.000 -2.000 -44.500 34 57 57
4 -14.000 -2.125 -43.750 20 39 39
4 -14.000 -2.000 -43.250 19 38 38
4 -14.000 -1.000 -42.000 31 53 53
4 -12.000 -1.000 -43.875 53 79 79
4 -14.000 -1.125 -43.000 30 51 51
4 -12.000 -1.000 -43.875 53 79 79
4 -12.000 -1.125 -44.250 44 68 68
4 -14.000 -1.125 -43.000 30 51 51
4 -12.000 -1.000 -43.875 53 79 79
4 -14.000 -1.000 -42.000 31 53 53
4 -12.000 0.000 -43.250 59 86 86
4 -12.000 0.000 -43.250 59 86 86
4 -14.000 -1.000 -42.000 31 53 53
4 -14.000 0.000 -41.625 48 73 73
4 -10.000 -3.125 -46.875 43 67 67
4 -12.000 -2.125 -45.000 41 65 65
4 -10.000 -2.875 -45.875 31 53 53
4 -10.000 -2.875 -45.875 31 53 53
4 -12.000 -2.125 -45.000 41 65 65
4 -12.000 -2.000 -44.500 34 57 57
4 -10.000 -1.125 -45.625 37 59 59
4 -12.000 -1.125 -44.250 44 68 68
4 -10.000 -1.000 -45.125 49 74 74
4 -12.000 -1.000 -43.875 53 79 79
4 -10.000 -1.000 -45.125 49 74 74
4 -12.000 -1.125 -44.250 44 68 68
4 -10.000 0.000 -44.500 55 82 82
4 -10.000 -1.000 -45.125 49 74 74
4 -12.000 0.000 -43.250 59 86 86
4 -10.000 -1.000 -45.125 49 74 74
4 -12.000 -1.000 -43.875 53 79 79
4 -12.000 0.000 -43.250 59 86 86
4 -10.000 1.000 -39.500 36 59 59
4 -12.000 1.000 -37.750 19 38 38
4 -10.000 1.265 -39.250 42 65 65
4 -10.000 1.265 -39.250 42 65 65
4 -12.000 1.000 -37.750 19 38 38
4 -12.000 1.271 -37.500 19 38 38
4 -10.000 -2.875 -45.875 31 53 53
4 -8.000 -2.000 -47.125 38 61 61
4 -10.000 -3.125 -46.875 43 67 67
4 -8.000 -2.000 -47.125 38 61 61
4 -8.000 -2.125 -47.500 35 58 58
4 -10.000 -3.125 -46.875 43 67 67
4 -8.000 -1.000 -46.125 43 67 67
4 -8.000 -1.125 -46.750 42 65 65
4 -10.000 -1.000 -45.125 49 74 74
4 -10.000 -1.000 -45.125 49 74 74
4 -8.000 -1.125 -46.750 42 65 65
4 -10.000 -1.125 -45.625 37 59 59
4 -8.000 0.000 -45.500 48 73 73
4 -8.000 -1.000 -46.125 43 67 67
4 -10.000 0.000 -44.500 55 82 82
4 -8.000 -1.000 -46.125 43 67 67
4 -10.000 -1.000 -45.125 49 74 74
4 -10.000 0.000 -44.500 55 82 82
4 -8.000 1.000 -41.500 28 49 49
4 -10.000 1.000 -39.500 36 59 59
4 -8.000 1.000 -41.250 31 52 52
4 -8.000 1.000 -41.250 31 52 52
4 -10.000 1.000 -39.500 36 59 59
4 -10.000 1.265 -39.250 42 65 65
4 -9.463 2.475 -38.364 40 63 63
4 -7.000 2.803 -40.625 40 64 64
4 -10.000 2.350 -38.750 59 86 86
4 -7.000 2.803 -40.625 40 64 64
4 -8.000 2.678 -40.750 58 85 85
4 -10.000 2.350 -38.750 59 86 86
4 -6.000 -2.125 -48.250 19 38 38
4 -8.000 -2.125 -47.500 35 58 58
4 -6.000 -2.000 -47.750 27 48 48
4 -6.000 -2.000 -47.750 27 48 48
4 -8.000 -2.125 -47.500 35 58 58
4 -8.000 -2.000 -47.125 38 61 61
4 -8.000 -1.000 -46.125 43 67 67
4 -6.000 -1.000 -46.500 25 45 45
4 -8.000 -1.125 -46.750 42 65 65
4 -6.000 -1.000 -46.500 25 45 45
4 -6.000 -1.125 -47.000 30 51 51
4 -8.000 -1.125 -46.750 42 65 65
4 -8.000 -1.000 -46.125 43 67 67
4 -8.000 0.000 -45.500 48 73 73
4 -6.000 -1.000 -46.500 25 45 45
4 -6.000 -0.148 -46.000 37 59 59
4 -6.000 -1.000 -46.500 25 45 45
4 -8.000 0.000 -45.500 48 73 73
4 -8.000 1.000 -41.250 31 52 52
4 -6.000 1.112 -42.000 19 38 38
4 -8.000 1.000 -41.500 28 49 49
4 -6.000 1.112 -42.000 19 38 38
4 -6.000 0.852 -42.250 19 38 38
4 -8.000 1.000 -41.500 28 49 49
4 -8.000 2.678 -40.750 58 85 85
4 -7.000 2.803 -40.625 40 64 64
4 -6.000 3.000 -41.375 24 44 44
4 -7.000 2.803 -40.625 40 64 64
4 -5.000 3.125 -41.000 19 38 38
4 -6.000 3.000 -41.375 24 44 44
4 -4.000 -2.125 -47.750 19 38 38
4 -6.000 -2.125 -48.250 19 38 38
4 -4.000 -2.000 -47.250 19 38 38
4 -4.000 -2.000 -47.250 19 38 38
4 -6.000 -2.125 -48.250 19 38 38
4 -6.000 -2.000 -47.750 27 48 48
4 -6.000 -1.125 -47.000 30 51 51
4 -6.000 -1.000 -46.500 25 45 45
4 -4.000 -1.250 -46.750 19 38 38
4 -6.000 -1.000 -46.500 25 45 45
4 -4.000 -1.125 -46.375 19 38 38
4 -4.000 -1.250 -46.750 19 38 38
4 -6.000 -0.148 -46.000 37 59 59
4 -4.000 -0.510 -46.000 24 44 44
4 -6.000 -1.000 -46.500 25 45 45
4 -4.000 -0.510 -46.000 24 44 44
4 -4.000 -1.125 -46.375 19 38 38
4 -6.000 -1.000 -46.500 25 45 45
4 -4.000 1.250 -41.750 19 38 38
4 -4.000 0.490 -42.250 19 38 38
4 -6.000 1.112 -42.000 19 38 38
4 -6.000 0.852 -42.250 19 38 38
4 -6.000 1.112 -42.000 19 38 38
4 -4.000 0.490 -42.250 19 38 38
4 -2.000 -1.750 -46.250 19 38 38
4 -4.000 -1.125 -46.375 19 38 38
4 -3.000 -0.798 -46.000 19 39 39
4 -3.000 -0.798 -46.000 19 39 39
4 -4.000 -1.125 -46.375 19 38 38
4 -4.000 -0.510 -46.000 24 44 44
4 -2.000 0.625 -41.000 19 38 38
4 -3.000 0.202 -42.250 19 38 38
4 -4.000 1.250 -41.750 19 38 38
4 -3.000 0.202 -42.250 19 38 38
4 -4.000 0.490 -42.250 19 38 38
4 -4.000 1.250 -41.750 19 38 38
4 -4.000 -2.125 -47.750 19 38 38
4 -4.000 -2.000 -47.250 19 38 38
4 -2.000 -2.125 -46.875 19 38 38
4 -2.000 -2.000 -46.625 19 38 38
4 -2.000 -2.125 -46.875 19 38 38
4 -4.000 -2.000 -47.250 19 38 38
4 -4.000 -1.125 -46.375 19 38 38
4 -2.000 -1.750 -46.250 19 38 38
4 -4.000 -1.250 -46.750 19 38 38
4 -2.000 -1.750 -46.250 19 38 38
4 -2.000 -1.875 -46.500 19 38 38
4 -4.000 -1.250 -46.750 19 38 38
4 -5.000 3.125 -41.000 19 38 38
4 -4.000 3.000 -41.250 19 38 38
4 -6.000 3.000 -41.375 24 44 44
4 -5.000 3.125 -41.000 19 38 38
4 -3.000 2.852 -40.000 19 38 38
4 -4.000 3.000 -41.250 19 38 38
4 -3.000 2.852 -40.000 19 38 38
4 -2.000 2.329 -40.500 19 38 38
4 -4.000 3.000 -41.250 19 38 38
4 -2.000 -1.125 -46.000 19 38 38
4 -2.000 -1.750 -46.250 19 38 38
4 -3.000 -0.798 -46.000 19 39 39
4 -2.000 0.625 -41.000 19 38 38
4 -2.000 -0.125 -42.250 19 38 38
4 -3.000 0.202 -42.250 19 38 38
4 0.000 -2.875 -46.500 19 38 38
4 -2.000 -1.750 -46.250 19 38 38
4 -1.000 -1.518 -46.000 19 38 38
4 -1.000 -1.518 -46.000 19 38 38
4 -2.000 -1.750 -46.250 19 38 38
4 -2.000 -1.125 -46.000 19 38 38
4 0.000 -0.500 -40.500 19 38 38
4 -1.000 -0.518 -42.250 19 38 38
4 -2.000 0.625 -41.000 19 38 38
4 -1.000 -0.518 -42.250 19 38 38
4 -2.000 -0.125 -42.250 19 38 38
4 -2.000 0.625 -41.000 19 38 38
4 -1.000 1.893 -39.750 19 38 38
4 -2.000 2.329 -40.500 19 38 38
4 -3.000 2.852 -40.000 19 38 38
4 -2.000 -2.125 -46.875 19 38 38
4 -2.000 -2.000 -46.625 19 38 38
4 0.000 -3.125 -47.000 19 38 38
4 -2.000 -1.750 -46.250 19 38 38
4 0.000 -2.875 -46.500 19 38 38
4 -2.000 -1.875 -46.500 19 38 38
4 -1.000 1.893 -39.750 19 38 38
4 0.000 1.183 -39.875 19 38 38
4 -2.000 2.329 -40.500 19 38 38
4 0.000 -1.812 -46.000 19 38 38
4 0.000 -2.875 -46.500 19 38 38
4 -1.000 -1.518 -46.000 19 38 38
4 0.000 -0.500 -40.500 19 38 38
4 0.000 -0.812 -42.250 19 38 38
4 -1.000 -0.518 -42.250 19 38 38
4 -1.000 1.893 -39.750 19 38 38
4 1.000 1.120 -38.500 19 38 38
4 0.000 1.183 -39.875 19 38 38
4 1.000 1.120 -38.500 19 38 38
4 2.000 1.167 -39.000 19 38 38
4 0.000 1.183 -39.875 19 38 38
4 0.000 -1.812 -46.000 19 38 38
4 1.000 -2.062 -46.000 19 38 38
4 0.000 -2.875 -46.500 19 38 38
4 1.000 -2.062 -46.000 19 38 38
4 2.000 -5.000 -46.887 1 3 4
4 0.000 -2.875 -46.500 19 38 38
4 1.000 -1.062 -42.250 19 38 38
4 0.000 -0.812 -42.250 19 38 38
4 2.000 -1.125 -39.250 22 42 42
4 2.000 -1.125 -39.250 22 42 42
4 0.000 -0.812 -42.250 19 38 38
4 0.000 -0.500 -40.500 19 38 38
4 2.000 -2.187 -46.000 19 38 38
4 2.000 -5.000 -46.887 1 3 4
4 1.000 -2.062 -46.000 19 38 38
4 2.000 -1.125 -39.250 22 42 42
4 2.000 -1.188 -42.250 19 38 38
4 1.000 -1.062 -42.250 19 38 38
4 3.000 1.152 -38.500 19 38 38
4 2.000 1.167 -39.000 19 38 38
4 1.000 1.120 -38.500 19 38 38
4 3.000 1.152 -38.500 19 38 38
4 4.000 0.964 -39.250 19 38 38
4 2.000 1.167 -39.000 19 38 38
4 3.000 1.152 -38.500 19 38 38
4 5.048 1.183 -38.984 36 58 58
4 4.000 0.964 -39.250 19 38 38
4 4.000 -2.250 -46.000 25 45 45
4 5.000 -2.187 -46.000 31 52 52
4 4.000 -5.000 -46.762 1 3 4
4 4.000 0.964 -39.250 19 38 38
4 5.048 1.183 -38.984 36 58 58
4 5.000 1.058 -39.125 19 38 38
4 2.000 -2.187 -46.000 19 38 38
4 4.000 -2.250 -46.000 25 45 45
4 2.000 -5.000 -46.887 1 3 4
4 4.000 -5.000 -46.762 1 3 4
4 2.000 -5.000 -46.887 1 3 4
4 4.000 -2.250 -46.000 25 45 45
4 2.000 -1.125 -39.250 22 42 42
4 4.000 -1.250 -39.500 22 41 41
4 2.000 -1.188 -42.250 19 38 38
4 4.000 -1.250 -39.500 22 41 41
4 4.000 -1.250 -42.250 19 38 38
4 2.000 -1.188 -42.250 19 38 38
4 5.048 1.183 -38.984 36 58 58
4 6.000 1.159 -40.000 45 70 70
4 5.000 1.058 -39.125 19 38 38
4 5.329 1.457 -38.586 20 40 40
4 7.000 1.448 -40.125 45 69 69
4 5.048 1.183 -38.984 36 58 58
4 5.048 1.183 -38.984 36 58 58
4 7.000 1.448 -40.125 45 69 69
4 6.000 1.159 -40.000 45 70 70
4 6.000 -2.000 -46.000 33 54 54
4 7.000 -1.687 -46.000 37 59 59
4 6.000 -5.000 -46.762 1 3 4
4 7.000 1.323 -40.750 52 78 78
4 6.000 1.159 -40.000 45 70 70
4 7.000 1.448 -40.125 45 69 69
4 9.000 2.949 -39.375 19 38 38
4 7.000 1.448 -40.125 45 69 69
4 5.329 1.457 -38.586 20 40 40
4 8.000 1.448 -41.250 54 81 81
4 7.000 1.323 -40.750 52 78 78
4 7.000 1.448 -40.125 45 69 69
4 5.000 -1.125 -39.375 38 62 62
4 5.000 -1.125 -42.250 19 38 38
4 4.000 -1.250 -39.500 22 41 41
4 4.000 -1.250 -39.500 22 41 41
4 5.000 -1.125 -42.250 19 38 38
4 4.000 -1.250 -42.250 19 38 38
4 9.000 1.674 -39.875 35 57 57
4 8.000 1.448 -41.250 54 81 81
4 7.000 1.448 -40.125 45 69 69
4 8.000 -1.250 -46.000 40 64 64
4 9.000 -0.812 -46.000 56 83 83
4 8.000 -2.250 -46.375 19 38 38
4 9.000 2.949 -39.375 19 38 38
4 9.000 1.674 -39.875 35 57 57
4 7.000 1.448 -40.125 45 69 69
4 8.000 1.448 -41.250 54 81 81
4 9.000 1.674 -39.875 35 57 57
4 9.000 1.549 -41.500 44 68 68
4 9.000 1.674 -39.875 35 57 57
4 9.674 1.791 -41.375 44 68 68
4 9.000 1.549 -41.500 44 68 68
4 4.000 -5.000 -46.762 1 3 4
4 5.000 -2.187 -46.000 31 52 52
4 6.000 -5.000 -46.762 1 3 4
4 5.000 -2.187 -46.000 31 52 52
4 6.000 -2.000 -46.000 33 54 54
4 6.000 -5.000 -46.762 1 3 4
4 9.000 2.949 -39.375 19 38 38
4 10.279 1.971 -38.625 24 44 44
4 9.000 1.674 -39.875 35 57 57
4 9.000 1.674 -39.875 35 57 57
4 10.279 1.971 -38.625 24 44 44
4 9.674 1.791 -41.375 44 68 68
4 5.000 -1.125 -42.250 19 38 38
4 5.000 -1.125 -39.375 38 62 62
4 6.000 -0.875 -42.250 19 38 38
4 5.000 -1.125 -39.375 38 62 62
4 6.000 -0.875 -40.375 43 68 68
4 6.000 -0.875 -42.250 19 38 38
4 9.674 1.791 -41.375 44 68 68
4 10.279 1.971 -38.625 24 44 44
4 10.279 1.846 -40.000 19 38 38
4 10.885 1.728 -39.000 19 39 39
4 10.279 1.846 -40.000 19 38 38
4 10.279 1.971 -38.625 24 44 44
4 6.000 -0.875 -40.375 43 68 68
4 7.000 -0.500 -41.250 19 38 38
4 6.000 -0.875 -42.250 19 38 38
4 7.000 -0.500 -42.250 25 45 45
4 6.000 -0.875 -42.250 19 38 38
4 7.000 -0.500 -41.250 19 38 38
4 8.000 -1.250 -46.000 40 64 64
4 8.000 -2.250 -46.375 19 38 38
4 7.000 -1.687 -46.000 37 59 59
4 7.000 -1.687 -46.000 37 59 59
4 8.000 -2.250 -46.375 19 38 38
4 6.000 -5.000 -46.762 1 3 4
4 7.000 -0.500 -41.250 19 38 38
4 8.000 -0.027 -41.875 32 53 53
4 7.000 -0.500 -42.250 25 45 45
4 8.000 -0.027 -41.875 32 53 53
4 8.000 -0.125 -42.250 20 39 39
4 7.000 -0.500 -42.250 25 45 45
4 8.000 -0.027 -41.875 32 53 53
4 9.000 0.423 -42.000 19 38 38
4 8.000 -0.125 -42.250 20 39 39
4 9.000 0.423 -42.000 19 38 38
4 9.000 0.250 -42.250 19 38 38
4 8.000 -0.125 -42.250 20 39 39
4 15.464 1.022 -40.535 56 82 82
4 15.641 0.500 -40.359 29 50 50
4 16.625 0.500 -41.114 59 86 86
4 8.000 -2.250 -46.375 19 38 38
4 9.000 -0.812 -46.000 56 83 83
4 10.000 -1.521 -47.000 38 61 61
4 9.000 -0.812 -46.000 56 83 83
4 10.000 -0.437 -46.000 61 88 88
4 10.000 -1.521 -47.000 38 61 61
4 9.000 0.250 -42.250 19 38 38
4 9.000 0.423 -42.000 19 38 38
4 10.000 0.625 -42.250 19 38 38
4 9.000 0.423 -42.000 19 38 38
4 9.674 0.807 -41.875 19 38 38
4 10.000 0.625 -42.250 19 38 38
4 11.000 0.875 -42.250 19 38 38
4 10.000 0.625 -42.250 19 38 38
4 10.279 1.036 -41.000 19 38 38
4 9.674 0.807 -41.875 19 38 38
4 10.279 1.036 -41.000 19 38 38
4 10.000 0.625 -42.250 19 38 38
4 10.000 -1.521 -47.000 38 61 61
4 10.000 -0.437 -46.000 61 88 88
4 11.000 -1.266 -47.000 33 55 55
4 10.000 -0.437 -46.000 61 88 88
4 11.000 -0.187 -46.000 55 81 81
4 11.000 -1.266 -47.000 33 55 55
4 19.251 0.000 -41.561 78 108 108
4 19.000 0.000 -41.500 93 127 127
4 19.067 0.000 -41.166 74 104 104
4 19.437 0.500 -42.254 19 38 38
4 19.437 0.500 -41.746 44 69 69
4 19.505 0.500 -42.000 19 38 38
4 13.000 -1.125 -47.000 19 38 38
4 11.000 -1.266 -47.000 33 55 55
4 13.000 0.000 -46.000 47 72 72
4 13.000 0.000 -46.000 47 72 72
4 11.000 -1.266 -47.000 33 55 55
4 11.000 -0.187 -46.000 55 81 81
4 14.000 1.250 -41.000 53 79 79
4 13.000 1.000 -42.000 32 54 54
4 11.491 1.253 -38.500 41 64 64
4 13.000 1.000 -42.000 32 54 54
4 10.885 1.231 -39.500 26 47 47
4 11.491 1.253 -38.500 41 64 64
4 14.670 0.853 -39.500 53 79 79
4 11.491 1.253 -38.500 41 64 64
4 14.170 0.873 -38.294 51 77 77
4 11.491 1.495 -38.000 35 57 57
4 14.170 0.873 -38.294 51 77 77
4 11.491 1.253 -38.500 41 64 64
4 14.000 1.250 -41.000 53 79 79
4 15.000 0.500 -42.250 19 38 38
4 13.000 1.000 -42.000 32 54 54
4 15.000 0.500 -42.250 19 38 38
4 13.000 0.500 -42.250 19 38 38
4 13.000 1.000 -42.000 32 54 54
4 14.000 1.250 -41.000 53 79 79
4 11.491 1.253 -38.500 41 64 64
4 15.464 1.022 -40.535 56 82 82
4 11.491 1.253 -38.500 41 64 64
4 14.670 0.853 -39.500 53 79 79
4 15.464 1.022 -40.535 56 82 82
4 13.000 -2.125 -48.500 19 38 38
4 15.000 -2.750 -48.203 19 38 38
4 13.000 -5.000 -50.000 1 3 4
4 15.000 -2.750 -48.203 19 38 38
4 15.000 -5.000 -49.453 1 3 4
4 13.000 -5.000 -50.000 1 3 4
4 15.000 -2.750 -48.203 19 38 38
4 13.000 -2.125 -48.500 19 38 38
4 15.000 -1.057 -46.737 19 38 38
4 13.000 -1.125 -47.000 19 38 38
4 15.000 -1.057 -46.737 19 38 38
4 13.000 -2.125 -48.500 19 38 38
4 13.000 0.000 -46.000 47 72 72
4 15.000 0.041 -46.147 42 66 66
4 13.000 -1.125 -47.000 19 38 38
4 13.000 -1.125 -47.000 19 38 38
4 15.000 0.041 -46.147 42 66 66
4 15.000 -1.057 -46.737 19 38 38
4 14.170 0.873 -38.294 51 77 77
4 14.412 0.500 -38.229 19 38 38
4 14.670 0.853 -39.500 53 79 79
4 14.670 0.853 -39.500 53 79 79
4 14.412 0.500 -38.229 19 38 38
4 14.886 0.500 -39.375 19 38 38
4 14.670 0.853 -39.500 53 79 79
4 14.886 0.500 -39.375 19 38 38
4 15.464 1.022 -40.535 56 82 82
4 15.464 1.022 -40.535 56 82 82
4 14.886 0.500 -39.375 19 38 38
4 15.641 0.500 -40.359 29 50 50
4 15.000 0.500 -42.250 19 38 38
4 14.000 1.250 -41.000 53 79 79
4 16.625 0.500 -41.114 59 86 86
4 15.464 1.022 -40.535 56 82 82
4 16.625 0.500 -41.114 59 86 86
4 14.000 1.250 -41.000 53 79 79
4 14.886 0.000 -39.375 32 54 54
4 14.412 0.000 -38.229 23 43 43
4 16.599 0.000 -38.355 74 104 104
4 16.599 0.000 -38.355 74 104 104
4 14.412 0.000 -38.229 23 43 43
4 16.068 0.000 -37.664 74 104 104
4 15.000 -5.000 -49.453 1 3 4
4 15.000 -2.750 -48.203 19 38 38
4 17.000 -5.000 -48.769 1 3 4
4 17.000 -3.202 -47.880 19 38 38
4 17.000 -5.000 -48.769 1 3 4
4 15.000 -2.750 -48.203 19 38 38
4 15.000 -2.750 -48.203 19 38 38
4 15.000 -1.057 -46.737 19 38 38
4 17.000 -3.202 -47.880 19 38 38
4 17.000 -3.202 -47.880 19 38 38
4 15.000 -1.057 -46.737 19 38 38
4 17.000 -1.236 -47.294 19 38 38
4 17.000 -1.236 -47.294 19 38 38
4 15.000 -1.057 -46.737 19 38 38
4 17.000 0.000 -46.621 44 68 68
4 17.000 0.000 -46.621 44 68 68
4 15.000 -1.057 -46.737 19 38 38
4 15.000 0.041 -46.147 42 66 66
4 14.886 0.000 -39.375 32 54 54
4 16.599 0.000 -38.355 74 104 104
4 15.641 0.000 -40.359 42 66 66
4 17.134 0.000 -38.983 74 104 104
4 15.641 0.000 -40.359 42 66 66
4 16.599 0.000 -38.355 74 104 104
4 15.000 0.500 -42.250 19 38 38
4 16.625 0.500 -41.114 59 86 86
4 17.000 0.500 -42.250 20 39 39
4 17.000 0.500 -42.250 20 39 39
4 16.625 0.500 -41.114 59 86 86
4 17.771 0.500 -41.588 90 123 123
4 15.641 0.000 -40.359 42 66 66
4 17.134 0.000 -38.983 74 104 104
4 16.625 0.000 -41.114 72 102 102
4 17.726 0.000 -39.563 74 104 104
4 16.625 0.000 -41.114 72 102 102
4 17.134 0.000 -38.983 74 104 104
4 17.726 0.000 -39.563 74 104 104
4 18.330 0.000 -40.285 74 104 104
4 16.625 0.000 -41.114 72 102 102
4 18.330 0.000 -40.285 74 104 104
4 17.771 0.000 -41.588 90 123 123
4 16.625 0.000 -41.114 72 102 102
4 19.000 -5.000 -49.909 1 3 4
4 17.000 -5.000 -48.769 1 3 4
4 19.000 -2.750 -48.501 19 38 38
4 17.000 -3.202 -47.880 19 38 38
4 19.000 -2.750 -48.501 19 38 38
4 17.000 -5.000 -48.769 1 3 4
4 17.000 -1.236 -47.294 19 38 38
4 19.000 -1.500 -47.824 19 38 38
4 17.000 -3.202 -47.880 19 38 38
4 19.000 -1.500 -47.824 19 38 38
4 19.000 -2.750 -48.501 19 38 38
4 17.000 -3.202 -47.880 19 38 38
4 19.000 0.000 -47.000 43 67 67
4 19.000 -1.500 -47.824 19 38 38
4 17.000 0.000 -46.621 44 68 68
4 17.000 0.000 -46.621 44 68 68
4 19.000 -1.500 -47.824 19 38 38
4 17.000 -1.236 -47.294 19 38 38
4 10.885 1.231 -39.500 26 47 47
4 13.000 1.000 -42.000 32 54 54
4 10.279 1.036 -41.000 19 38 38
4 13.000 1.000 -42.000 32 54 54
4 13.000 1.000 -42.250 19 38 38
4 10.279 1.036 -41.000 19 38 38
4 13.000 1.000 -42.250 19 38 38
4 11.000 0.875 -42.250 19 38 38
4 10.279 1.036 -41.000 19 38 38
4 17.000 0.500 -42.250 20 39 39
4 17.771 0.500 -41.588 90 123 123
4 19.000 0.500 -42.500 19 38 38
4 19.000 0.500 -42.500 19 38 38
4 17.771 0.500 -41.588 90 123 123
4 19.000 0.500 -41.500 93 127 127
4 19.000 0.000 -41.500 93 127 127
4 17.771 0.000 -41.588 90 123 123
4 19.067 0.000 -41.166 74 104 104
4 17.771 0.000 -41.588 90 123 123
4 18.330 0.000 -40.285 74 104 104
4 19.067 0.000 -41.166 74 104 104
4 19.000 0.500 -42.500 19 38 38
4 19.000 0.500 -41.500 93 127 127
4 19.251 0.500 -42.439 19 38 38
4 19.251 0.500 -42.439 19 38 38
4 19.000 0.500 -41.500 93 127 127
4 19.251 0.500 -41.561 73 103 103
4 19.251 0.500 -42.439 19 38 38
4 19.251 0.500 -41.561 73 103 103
4 19.437 0.500 -42.254 19 38 38
4 19.251 0.500 -41.561 73 103 103
4 19.437 0.500 -41.746 44 69 69
4 19.437 0.500 -42.254 19 38 38
4 20.287 0.000 -46.804 36 58 58
4 20.507 -1.500 -47.921 19 38 38
4 19.000 0.000 -47.000 43 67 67
4 19.000 0.000 -47.000 43 67 67
4 20.507 -1.500 -47.921 19 38 38
4 19.000 -1.500 -47.824 19 38 38
4 19.000 -2.750 -48.501 19 38 38
4 19.000 -1.500 -47.824 19 38 38
4 20.683 -2.750 -48.661 19 38 38
4 20.683 -2.750 -48.661 19 38 38
4 19.000 -1.500 -47.824 19 38 38
4 20.507 -1.500 -47.921 19 38 38
4 19.000 -5.000 -49.909 1 3 4
4 19.000 -2.750 -48.501 19 38 38
4 20.948 -5.000 -49.652 1 3 4
4 20.948 -5.000 -49.652 1 3 4
4 19.000 -2.750 -48.501 19 38 38
4 20.683 -2.750 -48.661 19 38 38
4 20.507 -1.500 -47.921 19 38 38
4 20.287 0.000 -46.804 36 58 58
4 21.912 -1.500 -47.044 19 38 38
4 21.912 -1.500 -47.044 19 38 38
4 20.287 0.000 -46.804 36 58 58
4 21.486 0.000 -46.307 27 48 48
4 20.507 -1.500 -47.921 19 38 38
4 21.912 -1.500 -47.044 19 38 38
4 20.683 -2.750 -48.661 19 38 38
4 22.251 -2.109 -47.630 19 38 38
4 20.683 -2.750 -48.661 19 38 38
4 21.912 -1.500 -47.044 19 38 38
4 22.764 -5.000 -48.900 1 3 4
4 20.948 -5.000 -49.652 1 3 4
4 22.251 -2.109 -47.630 19 38 38
4 20.948 -5.000 -49.652 1 3 4
4 20.683 -2.750 -48.661 19 38 38
4 22.251 -2.109 -47.630 19 38 38
4 23.118 -1.500 -46.118 19 38 38
4 21.912 -1.500 -47.044 19 38 38
4 22.516 0.000 -45.516 27 48 48
4 21.912 -1.500 -47.044 19 38 38
4 21.486 0.000 -46.307 27 48 48
4 22.516 0.000 -45.516 27 48 48
4 23.597 -2.750 -46.597 19 38 38
4 22.251 -2.109 -47.630 19 38 38
4 23.118 -1.500 -46.118 19 38 38
4 22.251 -2.109 -47.630 19 38 38
4 21.912 -1.500 -47.044 19 38 38
4 23.118 -1.500 -46.118 19 38 38
4 22.251 -2.109 -47.630 19 38 38
4 23.597 -2.750 -46.597 19 38 38
4 22.764 -5.000 -48.900 1 3 4
4 23.881 -5.000 -47.012 1 3 4
4 22.764 -5.000 -48.900 1 3 4
4 23.597 -2.750 -46.597 19 38 38
4 24.044 -1.500 -44.912 19 38 38
4 23.118 -1.500 -46.118 19 38 38
4 23.307 0.000 -44.486 26 47 47
4 22.516 0.000 -45.516 27 48 48
4 23.307 0.000 -44.486 26 47 47
4 23.118 -1.500 -46.118 19 38 38
4 23.118 -1.500 -37.882 19 38 38
4 24.044 -1.500 -39.088 19 38 38
4 22.742 0.000 -38.348 37 59 59
4 23.457 0.000 -39.468 55 82 82
4 22.742 0.000 -38.348 37 59 59
4 24.044 -1.500 -39.088 19 38 38
4 24.630 -2.750 -38.749 19 38 38
4 24.044 -1.500 -39.088 19 38 38
4 23.318 -2.750 -37.671 19 38 38
4 23.318 -2.750 -37.671 19 38 38
4 24.044 -1.500 -39.088 19 38 38
4 23.118 -1.500 -37.882 19 38 38
4 23.118 -1.500 -46.118 19 38 38
4 24.044 -1.500 -44.912 19 38 38
4 23.597 -2.750 -46.597 19 38 38
4 24.630 -2.109 -45.251 19 38 38
4 23.597 -2.750 -46.597 19 38 38
4 24.044 -1.500 -44.912 19 38 38
4 24.364 -1.500 -43.476 19 38 38
4 24.044 -1.500 -44.912 19 38 38
4 23.803 0.000 -43.287 27 47 47
4 23.307 0.000 -44.486 26 47 47
4 23.803 0.000 -43.287 27 47 47
4 24.044 -1.500 -44.912 19 38 38
4 24.044 -1.500 -39.088 19 38 38
4 24.932 -1.500 -40.493 20 39 39
4 23.457 0.000 -39.468 55 82 82
4 23.803 0.000 -40.713 48 73 73
4 23.457 0.000 -39.468 55 82 82
4 24.932 -1.500 -40.493 20 39 39
4 24.364 -1.500 -43.476 19 38 38
4 23.803 0.000 -43.287 27 47 47
4 24.824 -1.500 -42.000 19 38 38
4 23.803 0.000 -43.287 27 47 47
4 24.000 0.000 -42.000 36 58 58
4 24.824 -1.500 -42.000 19 38 38
4 25.519 -5.000 -38.236 1 3 4
4 24.630 -2.750 -38.749 19 38 38
4 23.590 -5.000 -37.379 1 3 4
4 23.590 -5.000 -37.379 1 3 4
4 24.630 -2.750 -38.749 19 38 38
4 23.318 -2.750 -37.671 19 38 38
4 24.932 -1.500 -40.493 20 39 39
4 24.824 -1.500 -42.000 19 38 38
4 23.803 0.000 -40.713 48 73 73
4 24.000 0.000 -42.000 36 58 58
4 23.803 0.000 -40.713 48 73 73
4 24.824 -1.500 -42.000 19 38 38
4 24.630 -2.109 -45.251 19 38 38
4 25.519 -5.000 -45.764 1 3 4
4 23.597 -2.750 -46.597 19 38 38
4 25.519 -5.000 -45.764 1 3 4
4 23.881 -5.000 -47.012 1 3 4
4 23.597 -2.750 -46.597 19 38 38
4 24.695 -2.750 -43.548 19 38 38
4 24.630 -2.109 -45.251 19 38 38
4 24.364 -1.500 -43.476 19 38 38
4 24.044 -1.500 -44.912 19 38 38
4 24.364 -1.500 -43.476 19 38 38
4 24.630 -2.109 -45.251 19 38 38
4 24.630 -2.750 -38.749 19 38 38
4 25.586 -2.750 -40.317 19 38 38
4 24.044 -1.500 -39.088 19 38 38
4 25.586 -2.750 -40.317 19 38 38
4 24.932 -1.500 -40.493 20 39 39
4 24.044 -1.500 -39.088 19 38 38
4 24.695 -2.750 -43.548 19 38 38
4 24.364 -1.500 -43.476 19 38 38
4 25.880 -2.109 -42.000 19 38 38
4 25.880 -2.109 -42.000 19 38 38
4 24.364 -1.500 -43.476 19 38 38
4 24.824 -1.500 -42.000 19 38 38
4 24.630 -2.109 -45.251 19 38 38
4 24.695 -2.750 -43.548 19 38 38
4 25.519 -5.000 -45.764 1 3 4
4 24.695 -2.750 -43.548 19 38 38
4 25.401 -5.000 -43.752 1 3 4
4 25.519 -5.000 -45.764 1 3 4
4 25.880 -2.109 -42.000 19 38 38
4 24.824 -1.500 -42.000 19 38 38
4 25.586 -2.750 -40.317 19 38 38
4 25.586 -2.750 -40.317 19 38 38
4 24.824 -1.500 -42.000 19 38 38
4 24.932 -1.500 -40.493 20 39 39
4 25.519 -5.000 -38.236 1 3 4
4 26.577 -5.000 -40.052 1 3 4
4 24.630 -2.750 -38.749 19 38 38
4 26.577 -5.000 -40.052 1 3 4
4 25.586 -2.750 -40.317 19 38 38
4 24.630 -2.750 -38.749 19 38 38
4 25.880 -2.109 -42.000 19 38 38
4 26.617 -5.000 -41.969 1 3 4
4 24.695 -2.750 -43.548 19 38 38
4 24.695 -2.750 -43.548 19 38 38
4 26.617 -5.000 -41.969 1 3 4
4 25.401 -5.000 -43.752 1 3 4
4 26.617 -5.000 -41.969 1 3 4
4 25.880 -2.109 -42.000 19 38 38
4 26.577 -5.000 -40.052 1 3 4
4 26.577 -5.000 -40.052 1 3 4
4 25.880 -2.109 -42.000 19 38 38
4 25.586 -2.750 -40.317 19 38 38
4 -4.352 -2.326 -48.671 81 112 112
4 -4.206 -3.374 -51.863 38 61 61
4 -5.453 -2.426 -49.741 103 138 138
4 -4.206 -3.374 -51.863 38 61 61
4 -5.584 -3.061 -50.816 68 97 97
4 -5.453 -2.426 -49.741 103 138 138
4 -4.352 -2.326 -48.671 81 112 112
4 -2.951 -2.503 -48.963 76 106 106
4 -4.206 -3.374 -51.863 38 61 61
4 -4.206 -3.374 -51.863 38 61 61
4 -2.951 -2.503 -48.963 76 106 106
4 -3.335 -2.852 -52.175 76 106 106
4 -3.335 -2.852 -52.175 69 98 98
4 -2.951 -2.503 -48.963 69 98 98
4 -2.463 -2.864 -51.574 19 38 38
4 -2.951 -2.503 -48.963 69 98 98
4 -2.299 -2.576 -50.522 28 49 49
4 -2.463 -2.864 -51.574 19 38 38
4 7.277 -3.234 -48.027 78 110 110
4 7.369 -3.400 -47.405 63 91 91
4 8.453 -3.927 -47.544 19 38 38
4 8.453 -3.927 -47.544 19 38 38
4 7.369 -3.400 -47.405 63 91 91
4 7.887 -3.590 -47.060 19 38 38
4 8.453 -3.927 -47.544 19 38 38
4 8.489 -3.720 -48.272 29 50 50
4 7.277 -3.234 -48.027 78 110 110
4 8.489 -3.720 -48.272 29 50 50
4 8.106 -3.301 -48.522 37 60 60
4 7.277 -3.234 -48.027 78 110 110
4 8.212 -2.964 -51.634 94 129 129
4 7.818 -3.306 -54.281 61 88 88
4 6.727 -3.105 -52.135 19 38 38
4 7.818 -3.306 -54.281 61 88 88
4 6.524 -3.172 -53.334 88 121 121
4 6.727 -3.105 -52.135 19 38 38
4 8.212 -2.964 -51.634 94 129 129
4 9.568 -3.279 -52.355 60 88 88
4 7.818 -3.306 -54.281 61 88 88
4 9.568 -3.279 -52.355 60 88 88
4 9.607 -3.514 -53.315 29 51 51
4 7.818 -3.306 -54.281 61 88 88
4 -13.000 -5.000 49.000 1 3 4
4 -13.157 -2.214 47.675 104 140 140
4 -15.000 -5.000 48.247 1 3 4
4 -13.157 -2.214 47.675 104 140 140
4 -15.000 -2.403 46.649 97 132 132
4 -15.000 -5.000 48.247 1 3 4
4 -7.000 -2.641 48.275 87 119 119
4 -7.000 -2.516 46.750 94 128 128
4 -9.000 -2.253 48.000 94 128 128
4 -7.000 -2.516 46.750 94 128 128
4 -9.000 -2.128 47.000 92 125 125
4 -9.000 -2.253 48.000 94 128 128
4 -6.286 -2.250 -14.681 10 21 21
4 -5.992 -5.000 -16.698 1 3 4
4 -6.593 -2.250 -16.698 10 21 21
4 -5.992 -5.000 -16.698 1 3 4
4 -5.982 -2.250 -12.768 10 21 21
4 -5.367 -5.000 -12.768 1 3 4
4 -5.982 -2.250 -12.768 10 21 21
4 -5.992 -5.000 -16.698 1 3 4
4 -6.286 -2.250 -14.681 10 21 21
4 -5.000 -2.532 47.000 95 129 129
4 -7.000 -2.516 46.750 94 128 128
4 -5.000 -2.782 48.913 93 127 127
4 -7.000 -2.516 46.750 94 128 128
4 -7.000 -2.641 48.275 87 119 119
4 -5.000 -2.782 48.913 93 127 127
4 -4.216 -5.000 -20.832 1 3 4
4 -5.724 -2.250 -18.615 9 19 20
4 -5.992 -5.000 -16.698 1 3 4
4 -5.724 -2.250 -18.615 9 19 20
4 -4.216 -5.000 -20.832 1 3 4
4 -4.771 -2.250 -20.832 9 19 20
4 -6.593 -2.250 -16.698 10 21 21
4 -5.992 -5.000 -16.698 1 3 4
4 -5.724 -2.250 -18.615 9 19 20
4 -4.706 -2.250 -11.454 10 20 20
4 -5.367 -5.000 -12.768 1 3 4
4 -5.982 -2.250 -12.768 10 21 21
4 -5.367 -5.000 -12.768 1 3 4
4 -3.466 -2.250 -10.443 10 20 20
4 -2.966 -5.000 -10.810 1 3 4
4 -3.466 -2.250 -10.443 10 20 20
4 -5.367 -5.000 -12.768 1 3 4
4 -4.706 -2.250 -11.454 10 20 20
4 -5.000 -2.782 48.913 93 127 127
4 -3.000 -2.625 48.263 108 145 145
4 -5.000 -2.532 47.000 95 129 129
4 -5.000 -2.532 47.000 95 129 129
4 -3.000 -2.625 48.263 108 145 145
4 -3.000 -2.375 46.875 99 134 134
4 -3.919 -2.250 -21.993 9 19 20
4 -2.626 -5.000 -22.997 1 3 4
4 -2.882 -2.250 -23.318 12 21 22
4 -2.626 -5.000 -22.997 1 3 4
4 -4.771 -2.250 -20.832 9 19 20
4 -4.216 -5.000 -20.832 1 3 4
4 -4.771 -2.250 -20.832 9 19 20
4 -2.626 -5.000 -22.997 1 3 4
4 -3.919 -2.250 -21.993 9 19 20
4 -1.922 -2.250 -3.710 10 21 22
4 -1.210 -5.000 -4.512 1 3 4
4 -2.560 -2.250 -7.193 10 20 20
4 -2.966 -5.000 -10.810 1 3 4
4 -2.560 -2.250 -7.193 10 20 20
4 -1.210 -5.000 -4.512 1 3 4
4 -2.560 -2.250 -7.193 10 20 20
4 -2.966 -5.000 -10.810 1 3 4
4 -3.466 -2.250 -10.443 10 20 20
4 -1.000 -2.125 48.750 105 142 142
4 -1.000 -2.000 46.875 99 135 135
4 -3.000 -2.625 48.263 108 145 145
4 -3.000 -2.375 46.875 99 134 134
4 -3.000 -2.625 48.263 108 145 145
4 -1.000 -2.000 46.875 99 135 135
4 -2.882 -2.250 -23.318 12 21 22
4 -2.626 -5.000 -22.997 1 3 4
4 -1.292 -2.250 -24.537 30 43 44
4 1.261 -5.000 -24.668 1 3 4
4 -1.292 -2.250 -24.537 30 43 44
4 -2.626 -5.000 -22.997 1 3 4
4 -1.292 -2.250 -24.537 30 43 44
4 1.261 -5.000 -24.668 1 3 4
4 0.995 -2.250 -25.520 30 43 44
4 3.343 -2.250 0.380 11 23 24
4 2.802 -5.000 -1.386 1 3 4
4 -0.002 -2.250 -2.214 10 21 22
4 -1.210 -5.000 -4.512 1 3 4
4 -0.002 -2.250 -2.214 10 21 22
4 2.802 -5.000 -1.386 1 3 4
4 -0.002 -2.250 -2.214 10 21 22
4 -1.210 -5.000 -4.512 1 3 4
4 -1.922 -2.250 -3.710 10 21 22
4 3.000 -2.875 48.125 87 119 119
4 3.000 -1.750 47.125 93 127 127
4 1.000 -2.500 48.750 87 120 120
4 0.995 -2.250 -25.520 30 43 44
4 1.261 -5.000 -24.668 1 3 4
4 2.999 -2.250 -25.611 51 71 71
4 4.183 -5.000 -25.135 1 3 4
4 2.999 -2.250 -25.611 51 71 71
4 1.261 -5.000 -24.668 1 3 4
4 2.999 -2.250 -25.611 51 71 71
4 4.183 -5.000 -25.135 1 3 4
4 4.183 -2.250 -25.801 51 71 71
4 3.000 -1.750 47.125 93 127 127
4 3.000 -2.875 48.125 87 119 119
4 5.000 -1.750 46.750 94 129 129
4 3.000 -2.875 48.125 87 119 119
4 5.000 -2.125 47.500 88 121 121
4 5.000 -1.750 46.750 94 129 129
4 2.802 -5.000 -1.386 1 3 4
4 5.696 -2.250 0.717 11 23 24
4 8.365 -5.000 -0.588 1 3 4
4 5.696 -2.250 0.717 11 23 24
4 2.802 -5.000 -1.386 1 3 4
4 3.343 -2.250 0.380 11 23 24
4 8.365 -2.250 0.591 12 25 26
4 8.365 -5.000 -0.588 1 3 4
4 5.696 -2.250 0.717 11 23 24
4 9.000 -5.000 -26.000 1 3 4
4 6.695 -2.250 -26.161 49 68 69
4 4.183 -5.000 -25.135 1 3 4
4 6.695 -2.250 -26.161 49 68 69
4 9.000 -5.000 -26.000 1 3 4
4 8.862 -2.250 -26.550 49 68 69
4 4.183 -2.250 -25.801 51 71 71
4 4.183 -5.000 -25.135 1 3 4
4 6.695 -2.250 -26.161 49 68 69
4 7.000 -2.250 47.125 86 118 118
4 9.000 -2.875 47.375 95 130 130
4 7.000 -2.000 47.000 84 116 116
4 7.000 -2.000 47.000 84 116 116
4 9.000 -2.875 47.375 95 130 130
4 9.000 -2.750 46.750 83 115 115
4 10.634 -5.000 -26.800 1 3 4
4 9.837 -2.250 -26.956 43 60 61
4 9.000 -5.000 -26.000 1 3 4
4 9.837 -2.250 -26.956 43 60 61
4 10.634 -5.000 -26.800 1 3 4
4 10.690 -2.250 -27.374 43 60 61
4 8.862 -2.250 -26.550 49 68 69
4 9.000 -5.000 -26.000 1 3 4
4 9.837 -2.250 -26.956 43 60 61
4 11.000 -2.875 47.625 106 142 142
4 11.000 -2.750 46.500 104 140 140
4 9.000 -2.875 47.375 95 130 130
4 9.000 -2.750 46.750 83 115 115
4 9.000 -2.875 47.375 95 130 130
4 11.000 -2.750 46.500 104 140 140
4 12.500 -5.000 1.500 1 3 4
4 9.786 -2.250 0.517 7 15 16
4 12.500 -2.250 1.887 7 15 16
4 9.786 -2.250 0.517 7 15 16
4 12.500 -5.000 1.500 1 3 4
4 8.365 -5.000 -0.588 1 3 4
4 8.365 -5.000 -0.588 1 3 4
4 8.365 -2.250 0.591 12 25 26
4 9.786 -2.250 0.517 7 15 16
4 11.663 -2.250 -27.739 43 60 61
4 12.500 -5.000 -27.500 1 3 4
4 12.500 -2.250 -27.777 26 39 40
4 12.500 -5.000 -27.500 1 3 4
4 10.690 -2.250 -27.374 43 60 61
4 10.634 -5.000 -26.800 1 3 4
4 10.690 -2.250 -27.374 43 60 61
4 12.500 -5.000 -27.500 1 3 4
4 11.663 -2.250 -27.739 43 60 61
4 11.000 -2.750 46.500 104 140 140
4 11.000 -2.875 47.625 106 142 142
4 13.000 -2.000 47.000 99 135 135
4 11.000 -2.875 47.625 106 142 142
4 13.000 -2.125 47.500 99 134 134
4 13.000 -2.000 47.000 99 135 135
4 13.000 -5.000 49.000 1 3 4
4 15.000 -5.000 48.230 1 3 4
4 13.000 -2.125 47.500 99 134 134
4 15.000 -2.214 47.125 90 123 123
4 13.000 -2.125 47.500 99 134 134
4 15.000 -5.000 48.230 1 3 4
4 17.000 -5.000 48.443 1 3 4
4 17.000 -2.237 46.967 94 129 129
4 15.000 -5.000 48.230 1 3 4
4 17.000 -2.237 46.967 94 129 129
4 15.000 -2.214 47.125 90 123 123
4 15.000 -5.000 48.230 1 3 4
4 17.000 -2.237 46.967 94 129 129
4 17.000 -5.000 48.443 1 3 4
4 19.000 -2.239 47.070 102 138 138
4 19.000 -2.239 47.070 102 138 138
4 17.000 -5.000 48.443 1 3 4
4 19.000 -5.000 47.874 1 3 4
4 19.641 -1.500 -33.000 19 38 38
4 19.939 -3.250 -33.000 19 38 38
4 19.766 -1.500 -35.044 19 38 38
4 19.766 -1.500 -35.044 19 38 38
4 19.939 -3.250 -33.000 19 38 38
4 20.641 -2.914 -34.356 19 38 38
4 19.000 -2.239 47.070 102 138 138
4 19.000 -5.000 47.874 1 3 4
4 21.000 -2.750 47.671 104 140 140
4 19.000 -5.000 47.874 1 3 4
4 21.000 -5.000 48.204 1 3 4
4 21.000 -2.750 47.671 104 140 140
4 19.641 -1.500 -33.000 19 38 38
4 20.044 -2.500 -31.000 19 38 38
4 19.939 -3.250 -33.000 19 38 38
4 20.044 -2.500 -31.000 19 38 38
4 20.504 -3.453 -31.000 19 38 38
4 19.939 -3.250 -33.000 19 38 38
4 20.125 -2.250 -29.000 19 38 38
4 20.044 -2.500 -31.000 19 38 38
4 19.956 -2.250 -30.637 19 38 38
4 20.044 -2.500 -31.000 19 38 38
4 20.125 -2.250 -29.000 19 38 38
4 20.683 -3.367 -29.000 19 38 38
4 20.504 -3.453 -31.000 19 38 38
4 20.044 -2.500 -31.000 19 38 38
4 20.683 -3.367 -29.000 19 38 38
4 19.939 -3.250 -33.000 19 38 38
4 20.353 -5.000 -33.021 1 3 4
4 20.641 -2.914 -34.356 19 38 38
4 20.908 -5.000 -33.798 1 3 4
4 20.641 -2.914 -34.356 19 38 38
4 20.353 -5.000 -33.021 1 3 4
4 21.250 -5.000 -31.000 1 3 4
4 20.353 -5.000 -33.021 1 3 4
4 20.504 -3.453 -31.000 19 38 38
4 19.939 -3.250 -33.000 19 38 38
4 20.504 -3.453 -31.000 19 38 38
4 20.353 -5.000 -33.021 1 3 4
4 19.876 -2.471 7.000 19 38 38
4 20.118 -2.693 8.993 19 38 38
4 20.789 -5.000 7.044 1 3 4
4 21.495 -5.000 8.250 1 3 4
4 20.789 -5.000 7.044 1 3 4
4 20.118 -2.693 8.993 19 38 38
4 19.876 -2.471 7.000 19 38 38
4 20.789 -5.000 7.044 1 3 4
4 20.796 -2.471 5.000 19 38 38
4 20.789 -5.000 7.044 1 3 4
4 21.519 -5.000 5.000 1 3 4
4 20.796 -2.471 5.000 19 38 38
4 21.871 -5.000 9.374 1 3 4
4 21.495 -5.000 8.250 1 3 4
4 20.349 -2.750 9.967 19 38 38
4 20.349 -2.750 9.967 19 38 38
4 21.495 -5.000 8.250 1 3 4
4 20.118 -2.693 8.993 19 38 38
4 21.500 -5.000 -29.000 1 3 4
4 21.250 -5.000 -31.000 1 3 4
4 20.683 -3.367 -29.000 19 38 38
4 21.250 -5.000 -31.000 1 3 4
4 20.504 -3.453 -31.000 19 38 38
4 20.683 -3.367 -29.000 19 38 38
4 20.796 -2.471 5.000 19 38 38
4 21.519 -5.000 5.000 1 3 4
4 20.630 -2.750 3.000 19 38 38
4 21.519 -5.000 5.000 1 3 4
4 21.519 -5.000 3.000 1 3 4
4 20.630 -2.750 3.000 19 38 38
4 21.399 -2.750 -34.954 19 38 38
4 20.641 -2.914 -34.356 19 38 38
4 21.750 -5.000 -34.250 1 3 4
4 20.641 -2.914 -34.356 19 38 38
4 20.908 -5.000 -33.798 1 3 4
4 21.750 -5.000 -34.250 1 3 4
4 20.680 -3.500 30.625 26 47 47
4 22.229 -2.250 34.000 19 38 38
4 22.716 -3.124 34.000 19 38 38
4 22.229 -2.250 34.000 19 38 38
4 20.680 -3.500 30.625 26 47 47
4 21.917 -1.691 34.000 19 38 38
4 20.680 -3.500 30.625 26 47 47
4 19.980 -2.174 30.625 22 41 41
4 21.917 -1.691 34.000 19 38 38
4 20.680 -3.500 30.625 26 47 47
4 22.369 -2.250 28.000 47 71 71
4 21.917 -1.691 28.000 64 92 92
4 22.369 -2.250 28.000 47 71 71
4 20.680 -3.500 30.625 26 47 47
4 23.082 -3.131 28.000 19 38 38
4 21.917 -1.691 28.000 64 92 92
4 19.980 -2.174 30.625 22 41 41
4 20.680 -3.500 30.625 26 47 47
4 20.349 -2.750 9.967 19 38 38
4 21.973 -2.750 10.896 19 38 38
4 21.871 -5.000 9.374 1 3 4
4 22.457 -5.000 9.963 1 3 4
4 21.871 -5.000 9.374 1 3 4
4 21.973 -2.750 10.896 19 38 38
4 23.000 -5.000 48.877 1 3 4
4 23.000 -2.750 48.218 72 102 102
4 21.000 -5.000 48.204 1 3 4
4 23.000 -2.750 48.218 72 102 102
4 21.000 -2.750 47.671 104 140 140
4 21.000 -5.000 48.204 1 3 4
4 23.064 -5.000 -35.225 1 3 4
4 22.551 -2.750 -36.114 19 38 38
4 21.750 -5.000 -34.250 1 3 4
4 22.551 -2.750 -36.114 19 38 38
4 21.399 -2.750 -34.954 19 38 38
4 21.750 -5.000 -34.250 1 3 4
4 23.082 -3.131 28.000 19 38 38
4 20.680 -3.500 30.625 26 47 47
4 23.518 -3.620 28.385 19 38 38
4 23.518 -3.620 28.385 19 38 38
4 20.680 -3.500 30.625 26 47 47
4 22.674 -4.250 30.625 21 40 40
4 20.680 -3.500 30.625 26 47 47
4 22.716 -3.124 34.000 19 38 38
4 22.674 -4.250 30.625 21 40 40
4 22.674 -4.250 30.625 21 40 40
4 22.716 -3.124 34.000 19 38 38
4 24.499 -3.755 34.000 19 38 38
4 23.636 -2.235 11.344 19 38 38
4 24.246 -5.000 10.410 1 3 4
4 21.973 -2.750 10.896 19 38 38
4 24.246 -5.000 10.410 1 3 4
4 22.457 -5.000 9.963 1 3 4
4 21.973 -2.750 10.896 19 38 38
4 23.590 -5.000 -37.379 1 3 4
4 23.318 -2.750 -37.671 19 38 38
4 23.064 -5.000 -35.225 1 3 4
4 23.064 -5.000 -35.225 1 3 4
4 23.318 -2.750 -37.671 19 38 38
4 22.551 -2.750 -36.114 19 38 38
4 23.518 -3.620 28.385 19 38 38
4 22.674 -4.250 30.625 21 40 40
4 23.995 -5.000 28.948 1 3 4
4 22.674 -4.250 30.625 21 40 40
4 23.627 -5.000 30.625 1 3 4
4 23.995 -5.000 28.948 1 3 4
4 24.014 -2.750 46.958 70 99 99
4 23.000 -2.750 48.218 72 102 102
4 23.986 -5.000 47.698 1 3 4
4 23.000 -2.750 48.218 72 102 102
4 23.000 -5.000 48.877 1 3 4
4 23.986 -5.000 47.698 1 3 4
4 22.674 -4.250 30.625 21 40 40
4 24.499 -3.755 34.000 19 38 38
4 23.627 -5.000 30.625 1 3 4
4 25.015 -5.000 33.545 1 3 4
4 23.627 -5.000 30.625 1 3 4
4 24.499 -3.755 34.000 19 38 38
4 22.369 -2.250 28.000 47 71 71
4 23.082 -3.131 28.000 19 38 38
4 24.017 -2.250 27.346 24 44 44
4 26.800 -2.252 26.000 22 42 42
4 24.017 -2.250 27.346 24 44 44
4 23.082 -3.131 28.000 19 38 38
4 24.017 -2.250 27.346 24 44 44
4 26.800 -2.252 26.000 22 42 42
4 26.799 -2.250 26.000 22 42 42
4 26.949 -2.250 35.804 19 38 38
4 22.716 -3.124 34.000 19 38 38
4 23.765 -2.250 34.651 19 38 38
4 22.716 -3.124 34.000 19 38 38
4 22.229 -2.250 34.000 19 38 38
4 23.765 -2.250 34.651 19 38 38
4 25.872 -5.000 12.236 1 3 4
4 24.246 -5.000 10.410 1 3 4
4 24.630 -2.750 12.749 19 38 38
4 24.246 -5.000 10.410 1 3 4
4 23.636 -2.235 11.344 19 38 38
4 24.630 -2.750 12.749 19 38 38
4 25.948 -5.000 48.271 1 3 4
4 25.683 -2.750 47.280 94 129 129
4 23.986 -5.000 47.698 1 3 4
4 23.986 -5.000 47.698 1 3 4
4 25.683 -2.750 47.280 94 129 129
4 24.014 -2.750 46.958 70 99 99
4 26.800 -2.252 26.000 22 42 42
4 23.082 -3.131 28.000 19 38 38
4 26.940 -3.348 26.000 49 75 75
4 26.940 -3.348 26.000 49 75 75
4 23.082 -3.131 28.000 19 38 38
4 23.518 -3.620 28.385 19 38 38
4 25.180 -2.750 14.849 19 38 38
4 25.929 -5.000 14.101 1 3 4
4 24.630 -2.750 12.749 19 38 38
4 25.929 -5.000 14.101 1 3 4
4 25.872 -5.000 12.236 1 3 4
4 24.630 -2.750 12.749 19 38 38
4 23.995 -5.000 28.948 1 3 4
4 27.570 -5.000 26.000 1 3 4
4 23.518 -3.620 28.385 19 38 38
4 27.570 -5.000 26.000 1 3 4
4 26.940 -3.348 26.000 49 75 75
4 23.518 -3.620 28.385 19 38 38
4 28.261 -3.094 36.000 19 38 38
4 26.949 -2.250 35.804 19 38 38
4 27.409 -2.155 36.000 19 38 38
4 26.949 -2.250 35.804 19 38 38
4 28.261 -3.094 36.000 19 38 38
4 22.716 -3.124 34.000 19 38 38
4 24.499 -3.755 34.000 19 38 38
4 22.716 -3.124 34.000 19 38 38
4 28.261 -3.094 36.000 19 38 38
4 25.180 -2.750 14.849 19 38 38
4 27.437 -2.294 15.022 19 38 38
4 25.929 -5.000 14.101 1 3 4
4 27.437 -2.294 15.022 19 38 38
4 27.764 -5.000 14.481 1 3 4
4 25.929 -5.000 14.101 1 3 4
4 28.884 -5.000 36.000 1 3 4
4 25.015 -5.000 33.545 1 3 4
4 28.261 -3.094 36.000 19 38 38
4 25.015 -5.000 33.545 1 3 4
4 24.499 -3.755 34.000 19 38 38
4 28.261 -3.094 36.000 19 38 38
4 28.109 -5.000 48.053 1 3 4
4 27.769 -2.750 47.359 76 107 107
4 25.948 -5.000 48.271 1 3 4
4 25.948 -5.000 48.271 1 3 4
4 27.769 -2.750 47.359 76 107 107
4 25.683 -2.750 47.280 94 129 129
4 26.940 -3.348 26.000 49 75 75
4 29.630 -2.750 25.000 25 46 46
4 26.800 -2.252 26.000 22 42 42
4 29.468 -5.000 15.590 1 3 4
4 27.764 -5.000 14.481 1 3 4
4 28.597 -2.357 16.403 19 38 38
4 27.764 -5.000 14.481 1 3 4
4 27.437 -2.294 15.022 19 38 38
4 28.597 -2.357 16.403 19 38 38
4 27.409 -2.155 36.000 19 38 38
4 29.044 -1.500 37.000 19 38 38
4 28.261 -3.094 36.000 19 38 38
4 29.044 -1.500 37.000 19 38 38
4 29.630 -2.750 37.000 19 38 38
4 28.261 -3.094 36.000 19 38 38
4 29.667 -5.000 46.697 1 3 4
4 29.078 -2.240 46.108 24 45 45
4 28.109 -5.000 48.053 1 3 4
4 29.078 -2.240 46.108 24 45 45
4 27.769 -2.750 47.359 76 107 107
4 28.109 -5.000 48.053 1 3 4
4 30.519 -5.000 25.000 1 3 4
4 29.630 -2.750 25.000 25 46 46
4 27.570 -5.000 26.000 1 3 4
4 29.630 -2.750 25.000 25 46 46
4 26.940 -3.348 26.000 49 75 75
4 27.570 -5.000 26.000 1 3 4
4 29.468 -5.000 15.590 1 3 4
4 28.597 -2.357 16.403 19 38 38
4 29.518 -5.000 17.753 1 3 4
4 29.518 -5.000 17.753 1 3 4
4 28.597 -2.357 16.403 19 38 38
4 29.207 -2.357 18.027 19 38 38
4 30.590 -5.000 37.000 1 3 4
4 28.884 -5.000 36.000 1 3 4
4 29.630 -2.750 37.000 19 38 38
4 28.261 -3.094 36.000 19 38 38
4 29.630 -2.750 37.000 19 38 38
4 28.884 -5.000 36.000 1 3 4
4 29.667 -5.000 46.697 1 3 4
4 29.919 -5.000 44.439 1 3 4
4 29.078 -2.240 46.108 24 45 45
4 29.919 -5.000 44.439 1 3 4
4 29.341 -2.750 44.119 20 39 39
4 29.078 -2.240 46.108 24 45 45
4 29.518 -5.000 17.753 1 3 4
4 29.207 -2.357 18.027 19 38 38
4 31.271 -5.000 19.052 1 3 4
4 31.271 -5.000 19.052 1 3 4
4 29.207 -2.357 18.027 19 38 38
4 30.280 -2.344 19.317 19 38 38
4 30.785 -2.504 42.851 28 49 49
4 29.341 -2.750 44.119 20 39 39
4 32.112 -5.000 43.248 1 3 4
4 29.919 -5.000 44.439 1 3 4
4 32.112 -5.000 43.248 1 3 4
4 29.341 -2.750 44.119 20 39 39
4 30.231 -2.750 39.000 19 38 38
4 31.927 -5.000 39.000 1 3 4
4 29.630 -2.750 37.000 19 38 38
4 29.630 -2.750 37.000 19 38 38
4 31.927 -5.000 39.000 1 3 4
4 30.590 -5.000 37.000 1 3 4
4 30.731 -2.750 23.000 19 38 38
4 29.630 -2.750 25.000 25 46 46
4 31.620 -5.000 23.000 1 3 4
4 29.630 -2.750 25.000 25 46 46
4 30.519 -5.000 25.000 1 3 4
4 31.620 -5.000 23.000 1 3 4
4 30.501 -2.127 21.000 19 38 38
4 31.528 -5.000 21.000 1 3 4
4 30.280 -2.344 19.317 19 38 38
4 31.528 -5.000 21.000 1 3 4
4 31.271 -5.000 19.052 1 3 4
4 30.280 -2.344 19.317 19 38 38
4 31.528 -5.000 21.000 1 3 4
4 30.501 -2.127 21.000 19 38 38
4 31.620 -5.000 23.000 1 3 4
4 30.501 -2.127 21.000 19 38 38
4 30.731 -2.750 23.000 19 38 38
4 31.620 -5.000 23.000 1 3 4
4 30.501 -2.750 41.000 19 38 38
4 32.330 -5.000 41.063 1 3 4
4 30.231 -2.750 39.000 19 38 38
4 30.231 -2.750 39.000 19 38 38
4 32.330 -5.000 41.063 1 3 4
4 31.927 -5.000 39.000 1 3 4
4 32.112 -5.000 43.248 1 3 4
4 32.330 -5.000 41.063 1 3 4
4 30.785 -2.504 42.851 28 49 49
4 32.330 -5.000 41.063 1 3 4
4 30.501 -2.750 41.000 19 38 38
4 30.785 -2.504 42.851 28 49 49
4 -12.746 -2.326 53.538 100 135 135
4 -12.600 -3.374 50.346 100 135 135
4 -13.847 -2.426 52.469 100 135 135
4 -12.600 -3.374 50.346 100 135 135
4 -13.978 -3.061 51.394 100 135 135
4 -13.847 -2.426 52.469 100 135 135
4 -12.746 -2.326 53.538 100 135 135
4 -11.345 -2.503 53.247 100 135 135
4 -12.600 -3.374 50.346 100 135 135
4 -12.600 -3.374 50.346 100 135 135
4 -11.345 -2.503 53.247 100 135 135
4 -11.729 -2.852 50.035 100 135 135
4 -11.729 -2.852 50.035 100 135 135
4 -11.345 -2.503 53.247 100 135 135
4 -10.856 -2.864 50.635 100 135 135
4 -11.345 -2.503 53.247 100 135 135
4 -10.693 -2.576 51.687 100 135 135
4 -10.856 -2.864 50.635 100 135 135
4 18.014 -2.326 50.512 100 135 135
4 18.160 -3.374 47.320 100 135 135
4 16.913 -2.426 49.442 100 135 135
4 18.160 -3.374 47.320 100 135 135
4 16.782 -3.061 48.367 100 135 135
4 16.913 -2.426 49.442 100 135 135
4 18.014 -2.326 50.512 100 135 135
4 19.415 -2.503 50.220 100 135 135
4 18.160 -3.374 47.320 100 135 135
4 18.160 -3.374 47.320 100 135 135
4 19.415 -2.503 50.220 100 135 135
4 19.031 -2.852 47.009 100 135 135
4 19.031 -2.852 47.009 100 135 135
4 19.415 -2.503 50.220 100 135 135
4 19.903 -2.864 47.609 100 135 135
4 19.415 -2.503 50.220 100 135 135
4 20.067 -2.576 48.661 100 135 135
4 19.903 -2.864 47.609 100 135 135
4 28.855 -2.964 47.878 100 135 135
4 27.326 -3.279 48.029 100 135 135
4 28.212 -3.306 50.476 100 135 135
4 27.326 -3.279 48.029 100 135 135
4 26.926 -3.514 48.903 100 135 135
4 28.212 -3.306 50.476 100 135 135
4 28.855 -2.964 47.878 100 135 135
4 28.212 -3.306 50.476 100 135 135
4 30.038 -3.105 48.907 100 135 135
4 28.212 -3.306 50.476 100 135 135
4 29.769 -3.172 50.093 100 135 135
4 30.038 -3.105 48.907 100 135 135
4 22.794 -3.234 48.718 100 135 135
4 22.885 -3.400 49.340 100 135 135
4 23.969 -3.927 49.201 100 135 135
4 23.969 -3.927 49.201 100 135 135
4 22.885 -3.400 49.340 100 135 135
4 23.403 -3.590 49.685 100 135 135
4 23.969 -3.927 49.201 100 135 135
4 24.005 -3.720 48.473 100 135 135
4 22.794 -3.234 48.718 100 135 135
4 24.005 -3.720 48.473 100 135 135
4 23.623 -3.301 48.224 100 135 135
4 22.794 -3.234 48.718 100 135 135
4 25.375 -3.927 50.389 100 135 135
4 25.476 -3.720 51.111 100 135 135
4 26.620 -3.234 50.642 100 135 135
4 25.476 -3.720 51.111 100 135 135
4 25.898 -3.301 51.284 100 135 135
4 26.620 -3.234 50.642 100 135 135
4 26.620 -3.234 50.642 100 135 135
4 26.413 -3.400 50.048 100 135 135
4 25.375 -3.927 50.389 100 135 135
4 25.375 -3.927 50.389 100 135 135
4 26.413 -3.400 50.048 100 135 135
4 25.840 -3.590 49.807 100 135 135
4 3.113 -2.570 49.361 100 135 135
4 3.215 -2.714 50.083 100 135 135
4 4.358 -2.456 49.615 100 135 135
4 3.215 -2.714 50.083 100 135 135
4 3.637 -2.693 50.256 100 135 135
4 4.358 -2.456 49.615 100 135 135
4 3.113 -2.570 49.361 100 135 135
4 4.358 -2.456 49.615 100 135 135
4 3.578 -2.482 48.779 100 135 135
4 4.358 -2.456 49.615 100 135 135
4 4.151 -2.484 49.020 100 135 135
4 3.578 -2.482 48.779 100 135 135
4 -16.000 1.000 -37.875 19 38 38
4 -16.000 1.362 -37.625 19 38 38
4 -14.000 1.000 -37.250 19 38 38
4 -16.000 1.362 -37.625 19 38 38
4 -14.000 1.316 -37.000 19 38 38
4 -14.000 1.000 -37.250 19 38 38
4 -15.000 -2.000 45.092 101 137 137
4 -15.000 -2.403 46.649 97 132 132
4 -13.000 -1.125 46.000 107 144 144
4 -15.000 -2.403 46.649 97 132 132
4 -13.000 -2.000 47.000 102 138 138
4 -13.000 -1.125 46.000 107 144 144
4 -15.000 -2.000 45.092 101 137 137
4 -13.000 -1.125 46.000 107 144 144
4 -15.000 -0.062 44.375 98 133 133
4 -13.000 -1.125 46.000 107 144 144
4 -13.000 0.000 44.500 96 130 130
4 -15.000 -0.062 44.375 98 133 133
4 -15.000 0.856 40.758 105 141 141
4 -15.000 0.250 41.437 98 133 133
4 -13.000 1.000 41.250 113 151 151
4 -13.000 0.500 41.500 97 131 131
4 -13.000 1.000 41.250 113 151 151
4 -15.000 0.250 41.437 98 133 133
4 -13.000 3.000 40.500 106 143 143
4 -15.000 2.437 39.724 109 146 146
4 -13.000 1.000 41.250 113 151 151
4 -15.000 2.437 39.724 109 146 146
4 -15.000 0.856 40.758 105 141 141
4 -13.000 1.000 41.250 113 151 151
4 -12.000 1.000 -37.750 19 38 38
4 -14.000 1.000 -37.250 19 38 38
4 -12.000 1.271 -37.500 19 38 38
4 -12.000 1.271 -37.500 19 38 38
4 -14.000 1.000 -37.250 19 38 38
4 -14.000 1.316 -37.000 19 38 38
4 -11.178 2.595 -36.129 36 58 58
4 -12.000 2.470 -37.266 35 57 57
4 -13.765 3.125 -35.326 24 44 44
4 -13.765 3.125 -35.326 24 44 44
4 -12.000 2.470 -37.266 35 57 57
4 -14.000 3.000 -36.875 19 38 38
4 -11.000 -2.301 47.750 98 133 133
4 -11.000 -2.176 47.000 95 129 129
4 -13.157 -2.214 47.675 104 140 140
4 -13.000 -2.000 47.000 102 138 138
4 -13.157 -2.214 47.675 104 140 140
4 -11.000 -2.176 47.000 95 129 129
4 -11.000 0.000 44.500 89 122 122
4 -13.000 0.000 44.500 96 130 130
4 -11.000 -1.125 46.625 94 128 128
4 -13.000 0.000 44.500 96 130 130
4 -13.000 -1.125 46.000 107 144 144
4 -11.000 -1.125 46.625 94 128 128
4 -11.000 1.000 41.000 95 129 129
4 -13.000 1.000 41.250 113 151 151
4 -11.000 1.000 41.375 98 133 133
4 -13.000 1.000 41.250 113 151 151
4 -13.000 1.000 41.500 114 152 152
4 -11.000 1.000 41.375 98 133 133
4 -9.463 2.475 -38.364 40 63 63
4 -10.000 2.350 -38.750 59 86 86
4 -11.178 2.595 -36.129 36 58 58
4 -11.178 2.595 -36.129 36 58 58
4 -10.000 2.350 -38.750 59 86 86
4 -12.000 2.470 -37.266 35 57 57
4 -9.000 -2.253 48.000 94 128 128
4 -9.000 -2.128 47.000 92 125 125
4 -11.000 -2.301 47.750 98 133 133
4 -11.000 -2.176 47.000 95 129 129
4 -11.000 -2.301 47.750 98 133 133
4 -9.000 -2.128 47.000 92 125 125
4 -11.000 0.000 44.500 89 122 122
4 -11.000 -1.125 46.625 94 128 128
4 -9.000 0.000 44.812 109 147 147
4 -11.000 -1.125 46.625 94 128 128
4 -9.000 -1.125 46.000 94 128 128
4 -9.000 0.000 44.812 109 147 147
4 -9.000 1.000 41.437 95 130 130
4 -9.000 1.000 41.000 59 86 86
4 -11.000 1.000 41.375 98 133 133
4 -9.000 1.000 41.000 59 86 86
4 -11.000 1.000 41.000 95 129 129
4 -11.000 1.000 41.375 98 133 133
4 -7.000 -1.000 46.125 99 134 134
4 -7.000 0.000 44.812 80 111 111
4 -9.000 -1.125 46.000 94 128 128
4 -9.000 -1.125 46.000 94 128 128
4 -7.000 0.000 44.812 80 111 111
4 -9.000 0.000 44.812 109 147 147
4 -9.000 0.250 44.812 114 153 153
4 -7.000 0.250 44.812 93 127 127
4 -9.000 0.250 44.750 50 76 76
4 -7.000 0.250 44.812 93 127 127
4 -7.000 0.250 44.750 19 38 38
4 -9.000 0.250 44.750 50 76 76
4 -7.000 1.000 40.625 91 124 124
4 -9.000 1.000 41.000 59 86 86
4 -7.000 1.000 41.250 193 178 126
4 -9.000 1.000 41.437 95 130 130
4 -7.000 1.000 41.250 193 178 126
4 -9.000 1.000 41.000 59 86 86
4 -9.000 3.125 40.375 87 120 120
4 -9.000 3.000 40.500 89 122 122
4 -7.000 2.500 39.625 83 115 115
4 -7.000 2.500 39.625 83 115 115
4 -9.000 3.000 40.500 89 122 122
4 -7.000 2.375 40.375 83 115 115
4 -7.567 3.000 -15.149 19 38 38
4 -7.190 0.478 -16.698 19 38 38
4 -7.962 3.000 -16.698 19 38 38
4 -7.190 0.478 -16.698 19 38 38
4 -7.206 3.000 -12.768 19 38 38
4 -6.565 0.357 -12.768 19 38 38
4 -7.206 3.000 -12.768 19 38 38
4 -7.190 0.478 -16.698 19 38 38
4 -7.567 3.000 -15.149 19 38 38
4 -15.000 -2.403 46.649 97 132 132
4 -13.157 -2.214 47.675 104 140 140
4 -13.000 -2.000 47.000 102 138 138
4 -13.000 3.125 40.000 107 144 144
4 -15.000 2.437 39.724 109 146 146
4 -13.000 3.000 40.500 106 143 143
4 -6.714 3.000 -19.393 19 38 38
4 -5.414 0.932 -20.832 19 38 38
4 -5.839 3.000 -21.150 23 43 43
4 -5.414 0.932 -20.832 19 38 38
4 -7.962 3.000 -16.698 19 38 38
4 -7.190 0.478 -16.698 19 38 38
4 -7.962 3.000 -16.698 19 38 38
4 -5.414 0.932 -20.832 19 38 38
4 -6.714 3.000 -19.393 19 38 38
4 -7.190 0.478 -16.698 19 38 38
4 -6.286 -2.250 -14.681 10 21 21
4 -6.593 -2.250 -16.698 10 21 21
4 -6.286 -2.250 -14.681 10 21 21
4 -7.190 0.478 -16.698 19 38 38
4 -6.565 0.357 -12.768 19 38 38
4 -6.286 -2.250 -14.681 10 21 21
4 -6.565 0.357 -12.768 19 38 38
4 -5.982 -2.250 -12.768 10 21 21
4 -5.000 -1.000 46.500 96 131 131
4 -5.000 -0.062 44.812 72 102 102
4 -7.000 -1.000 46.125 99 134 134
4 -7.000 -1.000 46.125 99 134 134
4 -5.000 -0.062 44.812 72 102 102
4 -7.000 0.000 44.812 80 111 111
4 -5.000 0.250 44.812 97 131 131
4 -5.000 0.250 44.750 19 38 38
4 -7.000 0.250 44.812 93 127 127
4 -5.000 0.250 44.750 19 38 38
4 -7.000 0.250 44.750 19 38 38
4 -7.000 0.250 44.812 93 127 127
4 -5.000 1.000 40.375 96 131 131
4 -7.000 1.000 40.625 91 124 124
4 -5.000 1.000 41.250 98 133 133
4 -5.000 1.000 41.250 98 133 133
4 -7.000 1.000 40.625 91 124 124
4 -7.000 1.000 41.250 193 178 126
4 -5.000 2.125 40.125 95 129 129
4 -5.000 2.250 40.000 90 123 123
4 -7.000 2.375 40.375 83 115 115
4 -5.000 2.250 40.000 90 123 123
4 -7.000 2.500 39.625 83 115 115
4 -7.000 2.375 40.375 83 115 115
4 -4.428 3.000 -9.411 19 38 38
4 -4.000 0.683 -10.052 19 38 38
4 -5.551 3.000 -11.068 19 38 38
4 -6.565 0.357 -12.768 19 38 38
4 -5.551 3.000 -11.068 19 38 38
4 -4.000 0.683 -10.052 19 38 38
4 -5.551 3.000 -11.068 19 38 38
4 -6.565 0.357 -12.768 19 38 38
4 -7.206 3.000 -12.768 19 38 38
4 -4.771 -2.250 -20.832 9 19 20
4 -5.414 0.932 -20.832 19 38 38
4 -5.724 -2.250 -18.615 9 19 20
4 -5.414 0.932 -20.832 19 38 38
4 -6.593 -2.250 -16.698 10 21 21
4 -5.724 -2.250 -18.615 9 19 20
4 -6.593 -2.250 -16.698 10 21 21
4 -5.414 0.932 -20.832 19 38 38
4 -7.190 0.478 -16.698 19 38 38
4 -9.000 0.000 44.812 109 147 147
4 -9.000 0.000 44.750 68 97 97
4 -11.000 0.000 44.500 89 122 122
4 -6.565 0.357 -12.768 19 38 38
4 -4.706 -2.250 -11.454 10 20 20
4 -5.982 -2.250 -12.768 10 21 21
4 -4.706 -2.250 -11.454 10 20 20
4 -6.565 0.357 -12.768 19 38 38
4 -4.000 0.683 -10.052 19 38 38
4 -4.706 -2.250 -11.454 10 20 20
4 -4.000 0.683 -10.052 19 38 38
4 -3.466 -2.250 -10.443 10 20 20
4 -3.274 1.952 -23.810 28 49 49
4 -5.839 3.000 -21.150 23 43 43
4 -5.414 0.932 -20.832 19 38 38
4 -5.839 3.000 -21.150 23 43 43
4 -3.274 1.952 -23.810 28 49 49
4 -3.989 3.000 -23.371 29 50 50
4 -5.000 -1.000 46.500 96 131 131
4 -3.000 -1.125 46.375 93 127 127
4 -5.000 -0.062 44.812 72 102 102
4 -5.000 -0.062 44.812 72 102 102
4 -3.000 -1.125 46.375 93 127 127
4 -3.000 0.000 44.812 78 109 109
4 -5.000 0.250 44.750 19 38 38
4 -5.000 0.250 44.812 97 131 131
4 -3.000 0.250 44.750 19 38 38
4 -5.000 0.250 44.812 97 131 131
4 -3.000 0.250 44.812 88 121 121
4 -3.000 0.250 44.750 19 38 38
4 -5.000 1.000 40.375 96 131 131
4 -5.000 1.000 41.250 98 133 133
4 -3.000 1.000 40.750 100 136 136
4 -5.000 1.000 41.250 98 133 133
4 -3.000 1.000 41.375 193 178 126
4 -3.000 1.000 40.750 100 136 136
4 -5.000 2.250 40.000 90 123 123
4 -5.000 2.125 40.125 95 129 129
4 -3.000 2.250 39.125 83 115 115
4 -3.000 2.250 39.125 83 115 115
4 -5.000 2.125 40.125 95 129 129
4 -3.000 2.125 40.375 105 141 141
4 -3.274 1.952 -23.810 28 49 49
4 -3.919 -2.250 -21.993 9 19 20
4 -2.882 -2.250 -23.318 12 21 22
4 -3.919 -2.250 -21.993 9 19 20
4 -3.274 1.952 -23.810 28 49 49
4 -5.414 0.932 -20.832 19 38 38
4 -3.919 -2.250 -21.993 9 19 20
4 -5.414 0.932 -20.832 19 38 38
4 -4.771 -2.250 -20.832 9 19 20
4 -3.088 3.000 -1.618 19 38 38
4 -2.576 0.274 -2.974 19 38 38
4 -3.636 3.000 -5.190 19 38 38
4 -4.000 0.683 -10.052 19 38 38
4 -3.636 3.000 -5.190 19 38 38
4 -2.576 0.274 -2.974 19 38 38
4 -3.636 3.000 -5.190 19 38 38
4 -4.000 0.683 -10.052 19 38 38
4 -4.428 3.000 -9.411 19 38 38
4 -2.576 0.274 -2.974 19 38 38
4 -2.560 -2.250 -7.193 10 20 20
4 -4.000 0.683 -10.052 19 38 38
4 -2.560 -2.250 -7.193 10 20 20
4 -2.576 0.274 -2.974 19 38 38
4 -1.922 -2.250 -3.710 10 21 22
4 -3.466 -2.250 -10.443 10 20 20
4 -4.000 0.683 -10.052 19 38 38
4 -2.560 -2.250 -7.193 10 20 20
4 -3.000 0.000 44.812 78 109 109
4 -3.000 -1.125 46.375 93 127 127
4 -1.000 -0.062 44.812 80 111 111
4 -3.000 -1.125 46.375 93 127 127
4 -1.000 -1.125 46.000 101 136 136
4 -1.000 -0.062 44.812 80 111 111
4 -1.000 0.250 44.812 92 126 126
4 -1.000 0.250 44.750 19 38 38
4 -3.000 0.250 44.812 88 121 121
4 -1.000 0.250 44.750 19 38 38
4 -3.000 0.250 44.750 19 38 38
4 -3.000 0.250 44.812 88 121 121
4 -3.000 1.000 40.750 100 136 136
4 -3.000 1.000 41.375 193 178 126
4 -1.000 1.000 41.000 62 90 90
4 -1.000 1.000 41.312 81 112 112
4 -1.000 1.000 41.000 62 90 90
4 -3.000 1.000 41.375 193 178 126
4 -1.000 2.750 40.034 104 140 140
4 -1.000 3.125 37.875 93 128 128
4 -3.000 2.125 40.375 105 141 141
4 -1.000 3.125 37.875 93 128 128
4 -3.000 2.250 39.125 83 115 115
4 -3.000 2.125 40.375 105 141 141
4 -3.274 1.952 -23.810 28 49 49
4 -1.292 -2.250 -24.537 30 43 44
4 0.614 1.677 -26.736 71 101 101
4 -1.292 -2.250 -24.537 30 43 44
4 -3.274 1.952 -23.810 28 49 49
4 -2.882 -2.250 -23.318 12 21 22
4 0.995 -2.250 -25.520 30 43 44
4 0.614 1.677 -26.736 71 101 101
4 -1.292 -2.250 -24.537 30 43 44
4 -1.000 -2.000 46.875 99 135 135
4 -1.000 -2.125 48.750 105 142 142
4 1.000 -2.000 47.250 94 128 128
4 -1.000 -2.125 48.750 105 142 142
4 1.000 -2.500 48.750 87 120 120
4 1.000 -2.000 47.250 94 128 128
4 1.000 -0.625 46.250 97 132 132
4 1.000 0.000 44.812 73 103 103
4 -1.000 -1.125 46.000 101 136 136
4 -1.000 -1.125 46.000 101 136 136
4 1.000 0.000 44.812 73 103 103
4 -1.000 -0.062 44.812 80 111 111
4 -1.000 0.250 44.750 19 38 38
4 -1.000 0.250 44.812 92 126 126
4 1.000 0.250 44.750 19 38 38
4 -1.000 0.250 44.812 92 126 126
4 1.000 0.250 44.812 97 131 131
4 1.000 0.250 44.750 19 38 38
4 -1.000 1.000 41.000 62 90 90
4 -1.000 1.000 41.312 81 112 112
4 1.000 1.000 41.000 96 131 131
4 -1.000 1.000 41.312 81 112 112
4 1.000 1.000 41.250 193 178 126
4 1.000 1.000 41.000 96 131 131
4 -1.000 3.125 37.875 93 128 128
4 -1.000 2.750 40.034 104 140 140
4 1.000 3.000 40.034 98 133 133
4 3.740 -0.234 1.674 19 38 38
4 -0.002 -2.250 -2.214 10 21 22
4 -2.576 0.274 -2.974 19 38 38
4 -0.002 -2.250 -2.214 10 21 22
4 3.740 -0.234 1.674 19 38 38
4 3.343 -2.250 0.380 11 23 24
4 -1.922 -2.250 -3.710 10 21 22
4 -2.576 0.274 -2.974 19 38 38
4 -0.002 -2.250 -2.214 10 21 22
4 5.693 3.000 6.552 34 57 57
4 3.740 -0.234 1.674 19 38 38
4 0.041 3.000 0.846 19 38 38
4 -2.576 0.274 -2.974 19 38 38
4 0.041 3.000 0.846 19 38 38
4 3.740 -0.234 1.674 19 38 38
4 0.041 3.000 0.846 19 38 38
4 -2.576 0.274 -2.974 19 38 38
4 -3.088 3.000 -1.618 19 38 38
4 3.000 0.250 44.812 97 131 131
4 3.000 0.250 44.750 19 38 38
4 1.000 0.250 44.812 97 131 131
4 3.000 0.250 44.750 19 38 38
4 1.000 0.250 44.750 19 38 38
4 1.000 0.250 44.812 97 131 131
4 3.000 1.000 41.312 98 133 133
4 3.000 1.000 41.000 60 88 88
4 1.000 1.000 41.250 193 178 126
4 3.000 1.000 41.000 60 88 88
4 1.000 1.000 41.000 96 131 131
4 1.000 1.000 41.250 193 178 126
4 1.000 -2.000 47.250 94 128 128
4 1.000 -2.500 48.750 87 120 120
4 3.000 -1.750 47.125 93 127 127
4 3.000 -1.125 46.000 93 126 126
4 3.000 0.000 44.812 92 125 125
4 1.000 -0.625 46.250 97 132 132
4 1.000 -0.625 46.250 97 132 132
4 3.000 0.000 44.812 92 125 125
4 1.000 0.000 44.812 73 103 103
4 0.614 1.677 -26.736 71 101 101
4 2.999 -2.250 -25.611 51 71 71
4 4.183 -0.375 -26.255 85 117 117
4 2.999 -2.250 -25.611 51 71 71
4 0.614 1.677 -26.736 71 101 101
4 0.995 -2.250 -25.520 30 43 44
4 4.183 -2.250 -25.801 51 71 71
4 4.183 -0.375 -26.255 85 117 117
4 2.999 -2.250 -25.611 51 71 71
4 4.183 -0.375 -26.255 85 117 117
4 5.000 2.779 -30.767 77 108 108
4 0.614 1.677 -26.736 71 101 101
4 5.000 2.779 -30.767 77 108 108
4 1.000 3.999 -29.666 68 97 97
4 0.614 1.677 -26.736 71 101 101
4 5.000 2.779 -30.767 77 108 108
4 5.329 1.457 -38.586 20 40 40
4 1.000 4.191 -38.000 19 38 38
4 5.000 1.000 41.000 97 132 132
4 3.000 1.000 41.000 60 88 88
4 5.000 1.000 41.375 193 178 126
4 3.000 1.000 41.000 60 88 88
4 3.000 1.000 41.312 98 133 133
4 5.000 1.000 41.375 193 178 126
4 3.000 3.125 38.875 109 147 147
4 3.000 3.000 40.500 95 129 129
4 5.000 2.750 40.250 106 142 142
4 5.000 2.750 40.250 106 142 142
4 3.000 3.000 40.500 95 129 129
4 5.000 2.250 40.750 94 128 128
4 3.000 -1.125 46.000 93 126 126
4 5.000 -0.750 46.000 92 126 126
4 3.000 0.000 44.812 92 125 125
4 3.000 0.000 44.812 92 125 125
4 5.000 -0.750 46.000 92 126 126
4 5.000 0.000 44.812 79 110 110
4 3.000 0.250 44.750 19 38 38
4 3.000 0.250 44.812 97 131 131
4 5.000 0.250 44.750 19 38 38
4 3.000 0.250 44.812 97 131 131
4 5.000 0.250 44.812 91 124 124
4 5.000 0.250 44.750 19 38 38
4 11.000 -0.062 44.696 72 102 102
4 9.000 0.000 44.750 28 49 49
4 9.000 0.000 44.812 61 88 88
4 11.491 2.016 -36.191 19 38 38
4 10.279 1.971 -38.625 24 44 44
4 9.000 2.949 -39.375 19 38 38
4 3.343 -2.250 0.380 11 23 24
4 3.740 -0.234 1.674 19 38 38
4 5.696 -2.250 0.717 11 23 24
4 3.740 -0.234 1.674 19 38 38
4 8.365 -2.250 0.591 12 25 26
4 5.696 -2.250 0.717 11 23 24
4 8.365 -2.250 0.591 12 25 26
4 3.740 -0.234 1.674 19 38 38
4 8.365 -0.675 1.266 19 38 38
4 7.000 -2.000 47.000 84 116 116
4 5.000 -1.750 46.750 94 129 129
4 7.000 -2.250 47.125 86 118 118
4 5.000 -1.750 46.750 94 129 129
4 5.000 -2.125 47.500 88 121 121
4 7.000 -2.250 47.125 86 118 118
4 7.000 0.000 44.812 59 87 87
4 5.000 0.000 44.812 79 110 110
4 7.000 -1.500 46.375 77 107 107
4 5.000 -0.750 46.000 92 126 126
4 7.000 -1.500 46.375 77 107 107
4 5.000 0.000 44.812 79 110 110
4 7.000 0.250 44.812 97 131 131
4 7.000 0.250 44.750 19 38 38
4 5.000 0.250 44.812 91 124 124
4 7.000 0.250 44.750 19 38 38
4 5.000 0.250 44.750 19 38 38
4 5.000 0.250 44.812 91 124 124
4 7.000 1.000 41.000 64 93 93
4 5.000 1.000 41.000 97 132 132
4 7.000 1.000 41.312 97 131 131
4 7.000 1.000 41.312 97 131 131
4 5.000 1.000 41.000 97 132 132
4 5.000 1.000 41.375 193 178 126
4 7.000 2.125 40.875 96 131 131
4 7.000 2.250 40.750 96 131 131
4 5.000 2.250 40.750 94 128 128
4 7.000 2.250 40.750 96 131 131
4 5.000 2.750 40.250 106 142 142
4 5.000 2.250 40.750 94 128 128
4 11.491 1.620 -36.500 22 42 42
4 10.885 1.728 -39.000 19 39 39
4 10.279 1.971 -38.625 24 44 44
4 11.491 2.016 -36.191 19 38 38
4 11.491 1.620 -36.500 22 42 42
4 10.279 1.971 -38.625 24 44 44
4 11.491 1.495 -38.000 35 57 57
4 10.885 1.728 -39.000 19 39 39
4 11.491 1.620 -36.500 22 42 42
4 8.862 -2.250 -26.550 49 68 69
4 8.750 0.000 -27.000 88 122 122
4 6.695 -2.250 -26.161 49 68 69
4 8.750 0.000 -27.000 88 122 122
4 4.183 -2.250 -25.801 51 71 71
4 6.695 -2.250 -26.161 49 68 69
4 4.183 -2.250 -25.801 51 71 71
4 8.750 0.000 -27.000 88 122 122
4 4.183 -0.375 -26.255 85 117 117
4 11.230 2.540 -35.059 50 75 75
4 12.751 1.997 -34.470 41 64 64
4 11.491 2.016 -36.191 19 38 38
4 13.521 1.476 -35.861 23 43 43
4 11.491 1.495 -38.000 35 57 57
4 11.491 1.620 -36.500 22 42 42
4 13.521 1.476 -35.861 23 43 43
4 11.491 1.620 -36.500 22 42 42
4 11.491 2.016 -36.191 19 38 38
4 4.183 -0.375 -26.255 85 117 117
4 8.750 0.000 -27.000 88 122 122
4 5.000 2.779 -30.767 77 108 108
4 8.750 0.000 -27.000 88 122 122
4 9.500 2.611 -30.500 80 111 111
4 5.000 2.779 -30.767 77 108 108
4 9.284 4.250 5.496 57 83 83
4 5.693 3.000 6.552 34 57 57
4 6.448 4.250 8.437 40 64 64
4 5.693 3.000 6.552 34 57 57
4 9.284 4.250 5.496 57 83 83
4 3.740 -0.234 1.674 19 38 38
4 3.740 -0.234 1.674 19 38 38
4 9.284 4.250 5.496 57 83 83
4 8.365 -0.675 1.266 19 38 38
4 11.500 2.808 -29.500 89 122 122
4 12.500 2.375 -28.625 71 101 101
4 13.627 1.997 -31.000 48 73 73
4 9.500 2.611 -30.500 80 111 111
4 9.000 2.949 -39.375 19 38 38
4 5.000 2.779 -30.767 77 108 108
4 5.000 2.779 -30.767 77 108 108
4 9.000 2.949 -39.375 19 38 38
4 5.329 1.457 -38.586 20 40 40
4 12.890 1.750 12.596 19 38 38
4 14.000 0.500 11.000 25 45 45
4 12.391 1.750 10.000 25 45 45
4 11.491 1.495 -38.000 35 57 57
4 14.000 0.500 -37.000 33 55 55
4 14.170 0.873 -38.294 51 77 77
4 12.391 1.750 10.000 25 45 45
4 14.000 0.500 11.000 25 45 45
4 14.385 0.500 9.000 34 57 57
4 12.391 1.750 10.000 25 45 45
4 14.385 0.500 9.000 34 57 57
4 14.147 1.750 8.000 20 40 40
4 15.000 -2.000 46.057 83 115 115
4 13.000 -1.125 46.625 99 135 135
4 13.000 -2.000 47.000 99 135 135
4 13.000 2.625 40.314 81 112 112
4 13.000 2.125 40.689 87 120 120
4 15.000 1.000 40.269 85 117 117
4 12.890 1.750 12.596 19 38 38
4 14.170 0.500 12.294 19 38 38
4 14.000 0.500 11.000 25 45 45
4 14.170 0.500 12.294 19 38 38
4 12.890 1.750 12.596 19 38 38
4 14.670 0.500 13.500 22 41 41
4 14.342 1.750 15.328 19 38 38
4 14.670 0.500 13.500 22 41 41
4 12.890 1.750 12.596 19 38 38
4 13.778 1.476 -34.766 19 38 38
4 14.636 0.500 -35.000 21 41 41
4 13.521 1.476 -35.861 23 43 43
4 9.000 -2.625 46.625 84 117 117
4 9.000 0.000 44.812 61 88 88
4 7.000 -1.500 46.375 77 107 107
4 7.000 -1.500 46.375 77 107 107
4 9.000 0.000 44.812 61 88 88
4 7.000 0.000 44.812 59 87 87
4 9.000 0.250 44.750 19 38 38
4 7.000 0.250 44.750 19 38 38
4 9.000 0.250 44.812 50 76 76
4 7.000 0.250 44.750 19 38 38
4 7.000 0.250 44.812 97 131 131
4 9.000 0.250 44.812 50 76 76
4 9.000 1.000 40.750 91 125 125
4 7.000 1.000 41.000 64 93 93
4 9.000 1.000 41.375 99 134 134
4 7.000 1.000 41.000 64 93 93
4 7.000 1.000 41.312 97 131 131
4 9.000 1.000 41.375 99 134 134
4 7.000 2.125 40.875 96 131 131
4 9.000 3.000 40.375 93 127 127
4 7.000 2.250 40.750 96 131 131
4 9.000 3.125 40.000 89 122 122
4 7.000 2.250 40.750 96 131 131
4 9.000 3.000 40.375 93 127 127
4 14.147 1.750 8.000 20 40 40
4 14.385 0.500 9.000 34 57 57
4 14.852 0.625 7.000 21 41 41
4 14.147 1.750 8.000 20 40 40
4 14.852 0.625 7.000 21 41 41
4 14.516 1.750 6.000 19 38 38
4 14.516 1.750 6.000 19 38 38
4 15.000 0.500 5.000 19 38 38
4 14.228 1.750 4.000 19 38 38
4 14.516 1.750 6.000 19 38 38
4 14.852 0.625 7.000 21 41 41
4 15.000 0.500 5.000 19 38 38
4 14.342 1.750 15.328 19 38 38
4 15.464 0.500 14.535 19 38 38
4 14.670 0.500 13.500 22 41 41
4 13.000 2.625 40.314 81 112 112
4 15.000 1.000 40.269 85 117 117
4 17.000 1.413 39.532 96 130 130
4 15.102 0.062 7.000 28 49 49
4 14.635 0.000 9.000 21 40 40
4 15.428 0.000 9.000 73 103 103
4 14.886 0.000 -35.000 19 38 38
4 15.250 -0.068 -33.000 121 112 79
4 15.327 0.000 -35.000 99 92 65
4 15.000 0.500 -31.000 19 38 38
4 15.250 0.500 -29.000 19 38 38
4 15.250 0.500 -31.000 19 38 38
4 15.464 0.500 14.535 19 38 38
4 14.342 1.750 15.328 19 38 38
4 16.500 0.500 15.330 19 39 39
4 16.500 0.500 15.330 19 39 39
4 14.342 1.750 15.328 19 38 38
4 16.579 1.750 16.100 19 38 38
4 15.000 1.000 40.269 85 117 117
4 17.000 0.940 40.672 95 129 129
4 17.000 1.413 39.532 96 130 130
4 17.706 0.500 15.830 19 38 38
4 16.500 0.500 15.330 19 39 39
4 16.579 1.750 16.100 19 38 38
4 10.690 -2.250 -27.374 43 60 61
4 10.750 0.750 -28.000 89 123 123
4 9.837 -2.250 -26.956 43 60 61
4 10.750 0.750 -28.000 89 123 123
4 8.862 -2.250 -26.550 49 68 69
4 9.837 -2.250 -26.956 43 60 61
4 8.862 -2.250 -26.550 49 68 69
4 10.750 0.750 -28.000 89 123 123
4 8.750 0.000 -27.000 88 122 122
4 17.706 0.500 15.830 19 38 38
4 16.579 1.750 16.100 19 38 38
4 18.556 0.500 16.444 74 68 48
4 17.000 0.940 40.672 95 129 129
4 19.000 1.250 40.242 102 138 138
4 17.000 1.413 39.532 96 130 130
4 9.000 -2.625 46.625 84 117 117
4 11.000 -2.500 46.375 106 143 143
4 9.000 0.000 44.812 61 88 88
4 11.000 -2.500 46.375 106 143 143
4 11.000 -0.062 44.696 72 102 102
4 9.000 0.000 44.812 61 88 88
4 11.000 1.000 40.500 98 133 133
4 9.000 1.000 40.750 91 125 125
4 11.000 1.000 41.437 97 131 131
4 11.000 1.000 41.437 97 131 131
4 9.000 1.000 40.750 91 125 125
4 9.000 1.000 41.375 99 134 134
4 11.000 2.625 40.250 93 127 127
4 11.000 3.125 40.000 94 128 128
4 9.000 3.000 40.375 93 127 127
4 16.579 1.750 16.100 19 38 38
4 18.239 1.750 17.875 19 38 38
4 18.556 0.500 16.444 74 68 48
4 9.500 2.611 -30.500 80 111 111
4 8.750 0.000 -27.000 88 122 122
4 11.500 2.808 -29.500 89 122 122
4 10.750 0.750 -28.000 89 123 123
4 11.500 2.808 -29.500 89 122 122
4 8.750 0.000 -27.000 88 122 122
4 9.500 2.611 -30.500 80 111 111
4 11.230 2.540 -35.059 50 75 75
4 9.000 2.949 -39.375 19 38 38
4 11.230 2.540 -35.059 50 75 75
4 11.491 2.016 -36.191 19 38 38
4 9.000 2.949 -39.375 19 38 38
4 17.000 0.000 44.875 90 123 123
4 19.000 0.000 45.000 102 138 138
4 19.000 0.000 44.875 75 105 105
4 19.000 0.500 41.375 97 131 131
4 19.000 0.500 41.125 91 125 125
4 17.000 0.500 41.375 97 132 132
4 9.284 4.250 5.496 57 83 83
4 11.250 4.250 3.625 40 64 64
4 8.365 -0.675 1.266 19 38 38
4 8.365 -0.675 1.266 19 38 38
4 11.250 4.250 3.625 40 64 64
4 12.500 3.000 2.625 19 38 38
4 9.786 -2.250 0.517 7 15 16
4 12.500 3.000 2.625 19 38 38
4 12.500 -2.250 1.887 7 15 16
4 8.365 -2.250 0.591 12 25 26
4 12.500 3.000 2.625 19 38 38
4 9.786 -2.250 0.517 7 15 16
4 12.500 3.000 2.625 19 38 38
4 8.365 -2.250 0.591 12 25 26
4 8.365 -0.675 1.266 19 38 38
4 19.170 0.500 17.294 19 38 38
4 18.556 0.500 16.444 74 68 48
4 18.239 1.750 17.875 19 38 38
4 19.000 0.000 -31.000 27 47 47
4 18.750 0.000 -29.000 39 62 62
4 19.000 0.000 -29.000 19 38 38
4 18.750 0.000 3.000 102 138 138
4 19.000 0.000 5.000 49 74 74
4 19.000 0.000 3.000 42 66 66
4 20.938 2.725 39.634 97 131 131
4 17.000 1.413 39.532 96 130 130
4 19.000 1.250 40.242 102 138 138
4 17.842 2.781 34.805 19 38 38
4 20.732 3.094 38.749 84 116 116
4 22.369 3.150 38.105 27 48 48
4 19.000 1.250 40.242 102 138 138
4 21.236 1.250 40.804 95 130 130
4 20.938 2.725 39.634 97 131 131
4 19.465 0.000 10.559 57 84 84
4 20.865 0.000 12.344 74 104 104
4 21.486 0.000 11.693 22 42 42
4 12.500 1.200 -28.125 58 85 85
4 11.663 -2.250 -27.739 43 60 61
4 12.500 -2.250 -27.777 26 39 40
4 11.663 -2.250 -27.739 43 60 61
4 12.500 1.200 -28.125 58 85 85
4 10.750 0.750 -28.000 89 123 123
4 11.663 -2.250 -27.739 43 60 61
4 10.750 0.750 -28.000 89 123 123
4 10.690 -2.250 -27.374 43 60 61
4 13.627 1.997 -33.000 48 73 73
4 12.751 1.997 -34.470 41 64 64
4 9.500 2.611 -30.500 80 111 111
4 9.500 2.611 -30.500 80 111 111
4 12.751 1.997 -34.470 41 64 64
4 11.230 2.540 -35.059 50 75 75
4 11.500 2.808 -29.500 89 122 122
4 10.750 0.750 -28.000 89 123 123
4 12.500 2.375 -28.625 71 101 101
4 12.500 1.200 -28.125 58 85 85
4 12.500 2.375 -28.625 71 101 101
4 10.750 0.750 -28.000 89 123 123
4 11.000 -0.062 44.696 72 102 102
4 11.000 -2.500 46.375 106 143 143
4 13.000 -0.125 44.762 75 105 105
4 13.000 -1.125 46.625 99 135 135
4 13.000 -0.125 44.762 75 105 105
4 11.000 -2.500 46.375 106 143 143
4 13.000 1.000 41.375 48 73 73
4 13.000 1.000 41.125 70 99 99
4 11.000 1.000 41.437 97 131 131
4 11.000 1.000 40.500 98 133 133
4 11.000 1.000 41.437 97 131 131
4 13.000 1.000 41.125 70 99 99
4 13.000 2.625 40.314 81 112 112
4 11.000 3.125 40.000 94 128 128
4 13.000 2.125 40.689 87 120 120
4 11.000 3.125 40.000 94 128 128
4 11.000 2.625 40.250 93 127 127
4 13.000 2.125 40.689 87 120 120
4 13.627 1.997 -33.000 48 73 73
4 9.500 2.611 -30.500 80 111 111
4 13.627 1.997 -31.000 48 73 73
4 9.500 2.611 -30.500 80 111 111
4 11.500 2.808 -29.500 89 122 122
4 13.627 1.997 -31.000 48 73 73
4 12.391 1.750 10.000 25 45 45
4 11.502 3.000 10.000 39 63 63
4 12.890 1.750 12.596 19 38 38
4 11.502 3.000 10.000 39 63 63
4 12.217 3.000 12.531 19 38 38
4 12.890 1.750 12.596 19 38 38
4 11.502 3.000 10.000 39 63 63
4 12.391 1.750 10.000 25 45 45
4 13.258 3.000 8.000 51 76 76
4 12.391 1.750 10.000 25 45 45
4 14.147 1.750 8.000 20 40 40
4 13.258 3.000 8.000 51 76 76
4 11.491 2.016 -36.191 19 38 38
4 12.751 1.997 -34.470 41 64 64
4 13.521 1.476 -35.861 23 43 43
4 12.751 1.997 -34.470 41 64 64
4 13.778 1.476 -34.766 19 38 38
4 13.521 1.476 -35.861 23 43 43
4 21.880 3.000 24.000 42 66 66
4 24.000 0.500 23.000 42 66 66
4 23.066 1.248 22.190 19 38 38
4 23.704 0.000 21.350 30 51 51
4 23.112 0.000 20.230 19 38 38
4 22.771 0.000 20.588 19 38 38
4 24.000 0.000 25.000 112 149 149
4 24.000 0.500 23.000 42 66 66
4 21.880 3.000 24.000 42 66 66
4 23.000 0.500 41.125 27 48 48
4 24.000 0.500 41.000 73 103 103
4 23.114 0.881 40.598 83 115 115
4 24.000 0.000 37.000 19 38 38
4 22.369 3.150 38.105 27 48 48
4 24.000 0.500 39.000 25 46 46
4 24.000 0.500 23.000 42 66 66
4 23.500 0.500 21.500 19 38 38
4 23.066 1.248 22.190 19 38 38
4 13.616 3.000 16.054 19 38 38
4 14.342 1.750 15.328 19 38 38
4 12.217 3.000 12.531 19 38 38
4 12.217 3.000 12.531 19 38 38
4 14.342 1.750 15.328 19 38 38
4 12.890 1.750 12.596 19 38 38
4 24.000 0.500 41.000 73 103 103
4 23.728 0.881 40.286 48 73 73
4 23.114 0.881 40.598 83 115 115
4 11.491 1.495 -38.000 35 57 57
4 13.521 1.476 -35.861 23 43 43
4 14.000 0.500 -37.000 33 55 55
4 13.521 1.476 -35.861 23 43 43
4 14.636 0.500 -35.000 21 41 41
4 14.000 0.500 -37.000 33 55 55
4 24.000 0.500 41.000 73 103 103
4 24.000 0.500 39.000 25 46 46
4 23.728 0.881 40.286 48 73 73
4 12.500 3.000 2.625 19 38 38
4 13.483 3.000 4.142 19 38 38
4 13.625 1.750 2.625 19 38 38
4 13.483 3.000 4.142 19 38 38
4 14.228 1.750 4.000 19 38 38
4 13.625 1.750 2.625 19 38 38
4 24.000 0.500 41.250 91 125 125
4 24.065 0.500 41.241 85 118 118
4 24.000 0.500 41.000 73 103 103
4 24.065 0.500 41.241 85 118 118
4 24.125 0.500 41.216 72 102 102
4 24.000 0.500 41.000 73 103 103
4 24.125 0.500 41.216 72 102 102
4 24.177 0.500 41.177 58 85 85
4 24.000 0.500 41.000 73 103 103
4 12.500 2.375 -28.625 71 101 101
4 13.625 1.750 -28.625 19 38 38
4 13.627 1.997 -31.000 48 73 73
4 13.625 1.750 -28.625 19 38 38
4 14.516 1.476 -31.000 25 45 45
4 13.627 1.997 -31.000 48 73 73
4 24.177 0.500 41.177 58 85 85
4 24.216 0.500 41.125 44 68 68
4 24.000 0.500 41.000 73 103 103
4 24.216 0.500 41.125 44 68 68
4 24.241 0.500 41.065 30 52 52
4 24.000 0.500 41.000 73 103 103
4 24.241 0.500 41.065 30 52 52
4 24.250 0.500 41.000 21 41 41
4 24.000 0.500 41.000 73 103 103
4 14.516 1.476 -33.000 19 38 38
4 13.778 1.476 -34.766 19 38 38
4 13.627 1.997 -33.000 48 73 73
4 12.751 1.997 -34.470 41 64 64
4 13.627 1.997 -33.000 48 73 73
4 13.778 1.476 -34.766 19 38 38
4 13.258 3.000 8.000 51 76 76
4 14.147 1.750 8.000 20 40 40
4 13.627 3.000 6.000 36 59 59
4 14.147 1.750 8.000 20 40 40
4 14.516 1.750 6.000 19 38 38
4 13.627 3.000 6.000 36 59 59
4 14.228 1.750 4.000 19 38 38
4 13.483 3.000 4.142 19 38 38
4 14.516 1.750 6.000 19 38 38
4 13.627 3.000 6.000 36 59 59
4 14.516 1.750 6.000 19 38 38
4 13.483 3.000 4.142 19 38 38
4 15.000 -2.000 46.057 83 115 115
4 13.000 -2.000 47.000 99 135 135
4 15.000 -2.214 47.125 90 123 123
4 13.000 -2.000 47.000 99 135 135
4 13.000 -2.125 47.500 99 134 134
4 15.000 -2.214 47.125 90 123 123
4 13.000 -1.125 46.625 99 135 135
4 15.000 -2.000 46.057 83 115 115
4 13.000 -0.125 44.762 75 105 105
4 15.000 0.000 44.942 76 106 106
4 13.000 -0.125 44.762 75 105 105
4 15.000 -2.000 46.057 83 115 115
4 14.516 1.476 -31.000 25 45 45
4 14.516 1.476 -33.000 19 38 38
4 13.627 1.997 -31.000 48 73 73
4 13.627 1.997 -31.000 48 73 73
4 14.516 1.476 -33.000 19 38 38
4 13.627 1.997 -33.000 48 73 73
4 14.170 0.500 12.294 19 38 38
4 14.412 0.500 12.229 19 38 38
4 14.000 0.500 11.000 25 45 45
4 14.000 0.500 11.000 25 45 45
4 14.412 0.500 12.229 19 38 38
4 14.250 0.500 11.000 19 38 38
4 14.000 0.500 -37.000 33 55 55
4 14.250 0.500 -37.000 19 38 38
4 14.170 0.873 -38.294 51 77 77
4 14.170 0.873 -38.294 51 77 77
4 14.250 0.500 -37.000 19 38 38
4 14.412 0.500 -38.229 19 38 38
4 14.000 0.500 2.625 19 38 38
4 13.625 1.750 2.625 19 38 38
4 15.000 0.500 5.000 19 38 38
4 14.228 1.750 4.000 19 38 38
4 15.000 0.500 5.000 19 38 38
4 13.625 1.750 2.625 19 38 38
4 14.000 0.500 11.000 25 45 45
4 14.250 0.500 11.000 19 38 38
4 14.385 0.500 9.000 34 57 57
4 14.250 0.500 11.000 19 38 38
4 14.635 0.500 9.000 25 45 45
4 14.385 0.500 9.000 34 57 57
4 14.250 0.500 -37.000 19 38 38
4 14.000 0.500 -37.000 33 55 55
4 14.886 0.500 -35.000 19 38 38
4 14.886 0.500 -35.000 19 38 38
4 14.000 0.500 -37.000 33 55 55
4 14.636 0.500 -35.000 21 41 41
4 14.636 0.500 -35.000 21 41 41
4 13.778 1.476 -34.766 19 38 38
4 15.000 0.500 -33.000 99 92 65
4 13.778 1.476 -34.766 19 38 38
4 14.516 1.476 -33.000 19 38 38
4 15.000 0.500 -33.000 99 92 65
4 14.170 0.500 12.294 19 38 38
4 14.670 0.500 13.500 22 41 41
4 14.412 0.500 12.229 19 38 38
4 14.670 0.500 13.500 22 41 41
4 14.886 0.500 13.375 19 38 38
4 14.412 0.500 12.229 19 38 38
4 14.385 0.500 9.000 34 57 57
4 14.635 0.500 9.000 25 45 45
4 14.852 0.625 7.000 21 41 41
4 14.635 0.500 9.000 25 45 45
4 15.102 0.625 7.000 21 40 40
4 14.852 0.625 7.000 21 41 41
4 15.000 0.500 -31.000 19 38 38
4 15.000 0.500 -33.000 99 92 65
4 14.516 1.476 -31.000 25 45 45
4 14.516 1.476 -31.000 25 45 45
4 15.000 0.500 -33.000 99 92 65
4 14.516 1.476 -33.000 19 38 38
4 15.000 0.500 -26.000 74 104 104
4 15.250 0.500 -26.000 19 38 38
4 14.000 0.500 -28.625 19 38 38
4 14.000 0.500 -28.625 19 38 38
4 15.250 0.500 -26.000 19 38 38
4 15.250 0.500 -29.000 19 38 38
4 15.000 0.500 0.000 19 38 38
4 14.000 0.500 2.625 19 38 38
4 15.250 0.500 0.000 19 38 38
4 15.250 0.500 3.000 19 38 38
4 15.250 0.500 0.000 19 38 38
4 14.000 0.500 2.625 19 38 38
4 15.250 0.500 5.000 19 38 38
4 15.250 0.500 3.000 19 38 38
4 15.000 0.500 5.000 19 38 38
4 14.000 0.500 2.625 19 38 38
4 15.000 0.500 5.000 19 38 38
4 15.250 0.500 3.000 19 38 38
4 15.250 0.500 -33.000 175 162 115
4 14.886 0.500 -35.000 19 38 38
4 15.000 0.500 -33.000 99 92 65
4 14.886 0.500 -35.000 19 38 38
4 14.636 0.500 -35.000 21 41 41
4 15.000 0.500 -33.000 99 92 65
4 13.000 2.625 40.314 81 112 112
4 17.000 1.413 39.532 96 130 130
4 13.000 2.875 40.064 83 115 115
4 13.000 2.875 40.064 83 115 115
4 17.000 1.413 39.532 96 130 130
4 17.000 2.828 39.109 85 117 117
4 14.250 0.000 11.000 20 39 39
4 15.728 0.000 10.875 50 75 75
4 14.635 0.000 9.000 21 40 40
4 15.728 0.000 10.875 50 75 75
4 15.428 0.000 9.000 73 103 103
4 14.635 0.000 9.000 21 40 40
4 15.327 0.000 -35.000 99 92 65
4 15.714 0.000 -36.825 73 104 104
4 14.886 0.000 -35.000 19 38 38
4 15.714 0.000 -36.825 73 104 104
4 14.250 0.000 -37.000 19 38 38
4 14.886 0.000 -35.000 19 38 38
4 15.000 0.500 5.000 19 38 38
4 14.852 0.625 7.000 21 41 41
4 15.250 0.500 5.000 19 38 38
4 14.852 0.625 7.000 21 41 41
4 15.102 0.625 7.000 21 40 40
4 15.250 0.500 5.000 19 38 38
4 14.412 0.000 12.229 19 38 38
4 15.899 0.000 11.738 19 38 38
4 14.250 0.000 11.000 20 39 39
4 14.250 0.000 11.000 20 39 39
4 15.899 0.000 11.738 19 38 38
4 15.728 0.000 10.875 50 75 75
4 14.412 0.000 -38.229 23 43 43
4 14.250 0.000 -37.000 19 38 38
4 16.068 0.000 -37.664 74 104 104
4 16.068 0.000 -37.664 74 104 104
4 14.250 0.000 -37.000 19 38 38
4 15.714 0.000 -36.825 73 104 104
4 15.000 0.500 -31.000 19 38 38
4 15.250 0.500 -31.000 19 38 38
4 15.000 0.500 -33.000 99 92 65
4 15.000 0.500 -33.000 99 92 65
4 15.250 0.500 -31.000 19 38 38
4 15.250 0.500 -33.000 175 162 115
4 15.250 0.500 -26.000 19 38 38
4 15.000 0.500 -26.000 74 104 104
4 15.250 0.500 -25.000 19 38 38
4 15.250 0.500 -25.000 19 38 38
4 15.000 0.500 -26.000 74 104 104
4 15.125 0.500 -25.000 99 134 134
4 15.250 0.500 0.000 19 38 38
4 15.250 0.500 -1.000 19 38 38
4 15.000 0.500 0.000 19 38 38
4 15.125 0.500 -1.000 19 38 38
4 15.000 0.500 0.000 19 38 38
4 15.250 0.500 -1.000 19 38 38
4 15.464 0.500 14.535 19 38 38
4 15.641 0.500 14.359 19 38 38
4 14.670 0.500 13.500 22 41 41
4 14.670 0.500 13.500 22 41 41
4 15.641 0.500 14.359 19 38 38
4 14.886 0.500 13.375 19 38 38
4 15.250 0.500 -21.000 19 38 38
4 15.250 0.500 -25.000 19 38 38
4 15.125 0.500 -21.000 68 97 97
4 15.250 0.500 -25.000 19 38 38
4 15.125 0.500 -25.000 99 134 134
4 15.125 0.500 -21.000 68 97 97
4 15.250 0.500 -17.000 19 38 38
4 15.250 0.500 -21.000 19 38 38
4 15.125 0.500 -17.000 76 107 107
4 15.250 0.500 -21.000 19 38 38
4 15.125 0.500 -21.000 68 97 97
4 15.125 0.500 -17.000 76 107 107
4 15.250 0.500 -13.000 19 38 38
4 15.250 0.500 -17.000 19 38 38
4 15.125 0.500 -13.000 82 114 114
4 15.250 0.500 -17.000 19 38 38
4 15.125 0.500 -17.000 76 107 107
4 15.125 0.500 -13.000 82 114 114
4 15.250 0.500 -9.000 19 38 38
4 15.250 0.500 -13.000 19 38 38
4 15.125 0.500 -9.000 88 122 122
4 15.250 0.500 -13.000 19 38 38
4 15.125 0.500 -13.000 82 114 114
4 15.125 0.500 -9.000 88 122 122
4 15.250 0.500 -5.000 19 38 38
4 15.250 0.500 -9.000 19 38 38
4 15.125 0.500 -5.000 97 131 131
4 15.250 0.500 -9.000 19 38 38
4 15.125 0.500 -9.000 88 122 122
4 15.125 0.500 -5.000 97 131 131
4 15.250 0.500 -1.000 19 38 38
4 15.250 0.500 -5.000 19 38 38
4 15.125 0.500 -1.000 19 38 38
4 15.250 0.500 -5.000 19 38 38
4 15.125 0.500 -5.000 97 131 131
4 15.125 0.500 -1.000 19 38 38
4 17.942 3.537 25.445 60 87 87
4 13.000 3.721 25.000 56 83 83
4 16.373 2.235 30.625 19 38 38
4 13.616 3.000 16.054 19 38 38
4 16.332 3.000 16.648 19 38 38
4 14.342 1.750 15.328 19 38 38
4 16.332 3.000 16.648 19 38 38
4 16.579 1.750 16.100 19 38 38
4 14.342 1.750 15.328 19 38 38
4 14.886 0.000 13.375 19 38 38
4 16.265 0.000 12.527 19 38 38
4 14.412 0.000 12.229 19 38 38
4 16.265 0.000 12.527 19 38 38
4 15.899 0.000 11.738 19 38 38
4 14.412 0.000 12.229 19 38 38
4 15.641 0.000 14.359 19 38 38
4 16.801 0.000 13.206 19 38 38
4 14.886 0.000 13.375 19 38 38
4 16.801 0.000 13.206 19 38 38
4 16.265 0.000 12.527 19 38 38
4 14.886 0.000 13.375 19 38 38
4 27.996 0.000 23.000 74 104 104
4 28.500 0.000 25.000 35 58 58
4 28.666 0.000 23.000 23 43 43
4 28.500 0.000 37.000 32 54 54
4 28.000 0.000 39.000 74 104 104
4 28.701 0.000 39.000 19 38 38
4 17.000 -2.000 45.574 93 128 128
4 15.000 -2.000 46.057 83 115 115
4 17.000 -2.237 46.967 94 129 129
4 15.000 -2.000 46.057 83 115 115
4 15.000 -2.214 47.125 90 123 123
4 17.000 -2.237 46.967 94 129 129
4 15.000 -2.000 46.057 83 115 115
4 17.000 -2.000 45.574 93 128 128
4 15.000 0.000 44.942 76 106 106
4 17.000 -2.000 45.574 93 128 128
4 17.000 0.000 44.875 90 123 123
4 15.000 0.000 44.942 76 106 106
4 15.000 0.500 41.312 88 121 121
4 17.000 0.500 41.375 97 132 132
4 15.000 1.000 40.269 85 117 117
4 17.000 0.500 41.375 97 132 132
4 17.000 0.940 40.672 95 129 129
4 15.000 1.000 40.269 85 117 117
4 15.464 0.500 14.535 19 38 38
4 16.500 0.500 15.330 19 39 39
4 15.641 0.500 14.359 19 38 38
4 16.500 0.500 15.330 19 39 39
4 16.625 0.500 15.114 74 68 48
4 15.641 0.500 14.359 19 38 38
4 28.666 0.000 23.000 23 43 43
4 28.500 0.000 25.000 35 58 58
4 28.500 -0.250 25.000 19 38 38
4 28.500 -0.250 37.000 19 38 38
4 28.500 0.000 37.000 32 54 54
4 28.701 0.000 39.000 19 38 38
4 15.641 0.000 14.359 19 38 38
4 16.625 0.000 15.114 19 38 38
4 16.801 0.000 13.206 19 38 38
4 17.482 0.000 13.740 19 38 38
4 16.801 0.000 13.206 19 38 38
4 16.625 0.000 15.114 19 38 38
4 17.706 0.500 15.830 19 38 38
4 17.771 0.500 15.588 19 38 38
4 16.500 0.500 15.330 19 39 39
4 16.500 0.500 15.330 19 39 39
4 17.771 0.500 15.588 19 38 38
4 16.625 0.500 15.114 74 68 48
4 16.579 1.750 16.100 19 38 38
4 16.332 3.000 16.648 19 38 38
4 18.239 1.750 17.875 19 38 38
4 16.332 3.000 16.648 19 38 38
4 17.657 3.000 18.416 19 38 38
4 18.239 1.750 17.875 19 38 38
4 17.482 0.000 13.740 19 38 38
4 16.625 0.000 15.114 19 38 38
4 18.572 0.000 14.748 112 103 73
4 18.572 0.000 14.748 112 103 73
4 16.625 0.000 15.114 19 38 38
4 17.771 0.000 15.588 19 38 38
4 18.803 -0.500 26.000 47 71 71
4 17.942 3.537 25.445 60 87 87
4 17.462 -0.500 30.625 19 38 38
4 17.462 -0.500 30.625 19 38 38
4 17.942 3.537 25.445 60 87 87
4 16.373 2.235 30.625 19 38 38
4 16.373 2.235 30.625 19 38 38
4 17.842 2.781 34.805 19 38 38
4 17.462 -0.500 30.625 19 38 38
4 18.943 -0.500 34.248 19 38 38
4 17.462 -0.500 30.625 19 38 38
4 17.842 2.781 34.805 19 38 38
4 17.000 -2.237 46.967 94 129 129
4 19.000 -2.239 47.070 102 138 138
4 17.000 -2.000 45.574 93 128 128
4 17.000 -2.000 45.574 93 128 128
4 19.000 -2.239 47.070 102 138 138
4 19.000 -2.000 45.946 107 144 144
4 19.000 -2.000 45.946 107 144 144
4 19.000 0.000 45.000 102 138 138
4 17.000 -2.000 45.574 93 128 128
4 17.000 -2.000 45.574 93 128 128
4 19.000 0.000 45.000 102 138 138
4 17.000 0.000 44.875 90 123 123
4 19.000 1.250 40.242 102 138 138
4 17.000 0.940 40.672 95 129 129
4 19.000 0.500 41.125 91 125 125
4 19.000 0.500 41.125 91 125 125
4 17.000 0.940 40.672 95 129 129
4 17.000 0.500 41.375 97 132 132
4 17.771 0.500 15.588 19 38 38
4 17.706 0.500 15.830 19 38 38
4 18.750 0.500 16.250 204 189 134
4 18.750 0.500 16.250 204 189 134
4 17.706 0.500 15.830 19 38 38
4 18.556 0.500 16.444 74 68 48
4 18.798 3.000 21.051 19 38 38
4 19.524 1.750 20.325 19 38 38
4 17.657 3.000 18.416 19 38 38
4 18.239 1.750 17.875 19 38 38
4 17.657 3.000 18.416 19 38 38
4 19.524 1.750 20.325 19 38 38
4 17.771 0.000 15.588 19 38 38
4 18.750 0.000 16.250 112 103 73
4 18.572 0.000 14.748 112 103 73
4 19.375 0.000 15.625 204 189 134
4 18.572 0.000 14.748 112 103 73
4 18.750 0.000 16.250 112 103 73
4 18.750 0.500 -25.000 97 131 131
4 18.750 0.500 -21.000 97 131 131
4 18.875 0.500 -25.000 21 41 41
4 18.750 0.500 -21.000 97 131 131
4 18.875 0.500 -21.000 19 38 38
4 18.875 0.500 -25.000 21 41 41
4 18.750 0.500 -21.000 97 131 131
4 18.750 0.500 -17.000 97 131 131
4 18.875 0.500 -21.000 19 38 38
4 18.750 0.500 -17.000 97 131 131
4 18.875 0.500 -17.000 19 38 38
4 18.875 0.500 -21.000 19 38 38
4 18.750 0.500 -17.000 97 131 131
4 18.750 0.500 -13.000 97 131 131
4 18.875 0.500 -17.000 19 38 38
4 18.750 0.500 -13.000 97 131 131
4 18.875 0.500 -13.000 19 38 38
4 18.875 0.500 -17.000 19 38 38
4 18.750 0.500 -13.000 97 131 131
4 18.750 0.500 -9.000 97 131 131
4 18.875 0.500 -13.000 19 38 38
4 18.750 0.500 -9.000 97 131 131
4 18.875 0.500 -9.000 19 38 38
4 18.875 0.500 -13.000 19 38 38
4 18.750 0.500 -9.000 97 131 131
4 18.750 0.500 -5.000 19 38 38
4 18.875 0.500 -9.000 19 38 38
4 18.750 0.500 -5.000 19 38 38
4 18.875 0.500 -5.000 19 38 38
4 18.875 0.500 -9.000 19 38 38
4 18.750 0.500 -5.000 19 38 38
4 18.750 0.500 -1.000 59 86 86
4 18.875 0.500 -5.000 19 38 38
4 18.750 0.500 -1.000 59 86 86
4 18.875 0.500 -1.000 19 38 38
4 18.875 0.500 -5.000 19 38 38
4 18.750 0.500 -26.000 97 131 131
4 18.750 0.500 -25.000 97 131 131
4 19.000 0.500 -26.000 46 70 70
4 18.875 0.500 -25.000 21 41 41
4 19.000 0.500 -26.000 46 70 70
4 18.750 0.500 -25.000 97 131 131
4 18.750 0.500 0.000 97 131 131
4 19.000 0.500 0.000 36 59 59
4 18.750 0.500 -1.000 59 86 86
4 18.875 0.500 -1.000 19 38 38
4 18.750 0.500 -1.000 59 86 86
4 19.000 0.500 0.000 36 59 59
4 19.000 0.500 -26.000 46 70 70
4 19.000 0.500 -29.000 19 38 38
4 18.750 0.500 -26.000 97 131 131
4 19.000 0.500 -29.000 19 38 38
4 18.750 0.500 -29.000 36 58 58
4 18.750 0.500 -26.000 97 131 131
4 18.750 0.500 3.000 114 153 153
4 19.000 0.500 3.000 97 131 131
4 18.750 0.500 0.000 97 131 131
4 19.000 0.500 3.000 97 131 131
4 19.000 0.500 0.000 36 59 59
4 18.750 0.500 0.000 97 131 131
4 17.000 1.413 39.532 96 130 130
4 20.938 2.725 39.634 97 131 131
4 17.000 2.828 39.109 85 117 117
4 20.938 2.725 39.634 97 131 131
4 20.732 3.094 38.749 84 116 116
4 17.000 2.828 39.109 85 117 117
4 18.750 0.500 16.250 204 189 134
4 18.556 0.500 16.444 74 68 48
4 19.412 0.500 17.229 74 68 48
4 19.412 0.500 17.229 74 68 48
4 18.556 0.500 16.444 74 68 48
4 19.170 0.500 17.294 19 38 38
4 19.000 0.000 5.000 49 74 74
4 19.000 0.062 7.000 35 58 58
4 20.044 -1.500 5.000 19 38 38
4 19.000 0.062 7.000 35 58 58
4 19.518 -1.500 7.000 19 38 38
4 20.044 -1.500 5.000 19 38 38
4 19.000 0.000 -31.000 27 47 47
4 19.956 -2.250 -30.637 19 38 38
4 20.044 -2.500 -31.000 19 38 38
4 19.956 -2.250 -30.637 19 38 38
4 19.000 0.000 -31.000 27 47 47
4 19.562 -1.124 -29.000 19 38 38
4 19.000 0.000 -31.000 27 47 47
4 19.000 0.000 -29.000 19 38 38
4 19.562 -1.124 -29.000 19 38 38
4 20.044 -1.500 9.000 19 38 38
4 19.518 -1.500 7.000 19 38 38
4 19.064 0.000 9.000 33 55 55
4 19.000 0.062 7.000 35 58 58
4 19.064 0.000 9.000 33 55 55
4 19.518 -1.500 7.000 19 38 38
4 20.754 0.500 19.239 26 46 46
4 19.170 0.500 17.294 19 38 38
4 19.524 1.750 20.325 19 38 38
4 19.170 0.500 17.294 19 38 38
4 18.239 1.750 17.875 19 38 38
4 19.524 1.750 20.325 19 38 38
4 19.412 0.000 17.229 19 38 38
4 20.171 0.000 16.505 112 103 73
4 18.750 0.000 16.250 112 103 73
4 18.750 0.000 16.250 112 103 73
4 20.171 0.000 16.505 112 103 73
4 19.375 0.000 15.625 204 189 134
4 19.000 0.000 -31.000 27 47 47
4 20.044 -2.500 -31.000 19 38 38
4 19.165 -0.068 -33.000 19 38 38
4 20.044 -2.500 -31.000 19 38 38
4 19.641 -1.500 -33.000 19 38 38
4 19.165 -0.068 -33.000 19 38 38
4 19.000 0.000 3.000 42 66 66
4 19.000 0.000 5.000 49 74 74
4 20.044 -1.500 3.000 19 38 38
4 20.044 -1.500 3.000 19 38 38
4 19.000 0.000 5.000 49 74 74
4 20.044 -1.500 5.000 19 38 38
4 19.641 -1.500 -33.000 19 38 38
4 19.766 -1.500 -35.044 19 38 38
4 19.165 -0.068 -33.000 19 38 38
4 19.165 -0.068 -33.000 19 38 38
4 19.766 -1.500 -35.044 19 38 38
4 19.541 0.000 -35.000 19 38 38
4 17.462 -0.500 30.625 19 38 38
4 19.980 -2.174 30.625 22 41 41
4 18.803 -0.500 26.000 47 71 71
4 21.917 -1.691 28.000 64 92 92
4 18.803 -0.500 26.000 47 71 71
4 19.980 -2.174 30.625 22 41 41
4 21.917 -1.691 34.000 19 38 38
4 19.980 -2.174 30.625 22 41 41
4 18.943 -0.500 34.248 19 38 38
4 17.462 -0.500 30.625 19 38 38
4 18.943 -0.500 34.248 19 38 38
4 19.980 -2.174 30.625 22 41 41
4 19.465 0.000 10.559 57 84 84
4 19.750 -1.500 10.250 19 38 38
4 19.064 0.000 9.000 33 55 55
4 19.064 0.000 9.000 33 55 55
4 19.750 -1.500 10.250 19 38 38
4 20.044 -1.500 9.000 19 38 38
4 20.118 -2.693 8.993 19 38 38
4 19.876 -2.471 7.000 19 38 38
4 20.044 -1.500 9.000 19 38 38
4 19.876 -2.471 7.000 19 38 38
4 19.518 -1.500 7.000 19 38 38
4 20.044 -1.500 9.000 19 38 38
4 20.037 0.000 -36.308 71 101 101
4 19.541 0.000 -35.000 19 38 38
4 20.349 -1.500 -35.593 19 38 38
4 20.349 -1.500 -35.593 19 38 38
4 19.541 0.000 -35.000 19 38 38
4 19.766 -1.500 -35.044 19 38 38
4 19.000 -2.000 45.946 107 144 144
4 19.000 -2.239 47.070 102 138 138
4 21.000 -1.500 47.105 108 144 144
4 21.000 -1.500 47.105 108 144 144
4 19.000 -2.239 47.070 102 138 138
4 21.000 -2.750 47.671 104 140 140
4 21.000 -1.500 47.105 108 144 144
4 21.000 0.062 45.615 99 135 135
4 19.000 -2.000 45.946 107 144 144
4 19.000 -2.000 45.946 107 144 144
4 21.000 0.062 45.615 99 135 135
4 19.000 0.000 45.000 102 138 138
4 19.000 0.000 45.000 102 138 138
4 21.000 0.062 45.615 99 135 135
4 19.000 0.000 44.875 75 105 105
4 21.000 0.062 45.615 99 135 135
4 21.000 0.062 44.875 75 105 105
4 19.000 0.000 44.875 75 105 105
4 19.000 0.500 41.125 91 125 125
4 19.000 0.500 41.375 97 131 131
4 21.000 0.500 41.125 93 127 127
4 19.000 0.500 41.375 97 131 131
4 21.000 0.500 41.375 97 131 131
4 21.000 0.500 41.125 93 127 127
4 20.796 -2.471 5.000 19 38 38
4 20.044 -1.500 5.000 19 38 38
4 19.876 -2.471 7.000 19 38 38
4 20.044 -1.500 5.000 19 38 38
4 19.518 -1.500 7.000 19 38 38
4 19.876 -2.471 7.000 19 38 38
4 21.236 1.250 40.804 95 130 130
4 19.000 1.250 40.242 102 138 138
4 21.000 0.500 41.125 93 127 127
4 19.000 0.500 41.125 91 125 125
4 21.000 0.500 41.125 93 127 127
4 19.000 1.250 40.242 102 138 138
4 20.044 -1.500 9.000 19 38 38
4 19.750 -1.500 10.250 19 38 38
4 20.118 -2.693 8.993 19 38 38
4 19.750 -1.500 10.250 19 38 38
4 20.349 -2.750 9.967 19 38 38
4 20.118 -2.693 8.993 19 38 38
4 20.754 0.500 19.239 26 46 46
4 20.931 0.500 19.062 19 38 38
4 19.170 0.500 17.294 19 38 38
4 20.931 0.500 19.062 19 38 38
4 19.412 0.500 17.229 74 68 48
4 19.170 0.500 17.294 19 38 38
4 19.524 1.750 20.325 19 38 38
4 18.798 3.000 21.051 19 38 38
4 22.002 1.189 21.168 19 38 38
4 18.798 3.000 21.051 19 38 38
4 20.212 3.000 21.802 22 42 42
4 22.002 1.189 21.168 19 38 38
4 19.562 -1.124 -29.000 19 38 38
4 20.125 -2.250 -29.000 19 38 38
4 19.956 -2.250 -30.637 19 38 38
4 20.630 -2.750 3.000 19 38 38
4 20.044 -1.500 3.000 19 38 38
4 20.796 -2.471 5.000 19 38 38
4 20.044 -1.500 3.000 19 38 38
4 20.044 -1.500 5.000 19 38 38
4 20.796 -2.471 5.000 19 38 38
4 20.171 0.000 16.505 112 103 73
4 19.412 0.000 17.229 19 38 38
4 21.632 0.000 18.359 19 38 38
4 21.632 0.000 18.359 19 38 38
4 19.412 0.000 17.229 19 38 38
4 20.931 0.000 19.062 19 38 38
4 21.399 -2.750 -34.954 19 38 38
4 20.349 -1.500 -35.593 19 38 38
4 20.641 -2.914 -34.356 19 38 38
4 19.766 -1.500 -35.044 19 38 38
4 20.641 -2.914 -34.356 19 38 38
4 20.349 -1.500 -35.593 19 38 38
4 19.465 0.000 10.559 57 84 84
4 21.486 0.000 11.693 22 42 42
4 19.750 -1.500 10.250 19 38 38
4 21.486 0.000 11.693 22 42 42
4 21.810 -1.500 11.161 19 38 38
4 19.750 -1.500 10.250 19 38 38
4 24.000 0.000 25.000 112 149 149
4 21.880 3.000 24.000 42 66 66
4 18.803 -0.500 26.000 47 71 71
4 21.880 3.000 24.000 42 66 66
4 17.942 3.537 25.445 60 87 87
4 18.803 -0.500 26.000 47 71 71
4 24.000 0.000 37.000 19 38 38
4 18.943 -0.500 34.248 19 38 38
4 22.369 3.150 38.105 27 48 48
4 18.943 -0.500 34.248 19 38 38
4 17.842 2.781 34.805 19 38 38
4 22.369 3.150 38.105 27 48 48
4 19.750 -1.500 10.250 19 38 38
4 21.810 -1.500 11.161 19 38 38
4 20.349 -2.750 9.967 19 38 38
4 21.973 -2.750 10.896 19 38 38
4 20.349 -2.750 9.967 19 38 38
4 21.810 -1.500 11.161 19 38 38
4 21.912 -1.500 -36.956 19 38 38
4 21.637 0.000 -37.498 41 64 64
4 20.349 -1.500 -35.593 19 38 38
4 21.637 0.000 -37.498 41 64 64
4 20.037 0.000 -36.308 71 101 101
4 20.349 -1.500 -35.593 19 38 38
4 19.524 1.750 20.325 19 38 38
4 22.002 1.189 21.168 19 38 38
4 20.754 0.500 19.239 26 46 46
4 22.706 0.500 20.830 19 38 38
4 20.754 0.500 19.239 26 46 46
4 22.002 1.189 21.168 19 38 38
4 20.349 -1.500 -35.593 19 38 38
4 21.399 -2.750 -34.954 19 38 38
4 21.912 -1.500 -36.956 19 38 38
4 21.399 -2.750 -34.954 19 38 38
4 22.551 -2.750 -36.114 19 38 38
4 21.912 -1.500 -36.956 19 38 38
4 15.000 1.000 40.269 85 117 117
4 13.000 2.125 40.689 87 120 120
4 15.000 0.500 41.312 88 121 121
4 13.000 2.125 40.689 87 120 120
4 13.000 1.000 41.125 70 99 99
4 15.000 0.500 41.312 88 121 121
4 13.000 0.500 41.375 47 72 72
4 15.000 0.500 41.312 88 121 121
4 13.000 1.000 41.125 70 99 99
4 21.760 0.000 13.240 74 104 104
4 22.516 0.000 12.483 26 47 47
4 20.865 0.000 12.344 74 104 104
4 21.486 0.000 11.693 22 42 42
4 20.865 0.000 12.344 74 104 104
4 22.516 0.000 12.483 26 47 47
4 21.236 1.250 40.804 95 130 130
4 23.114 0.881 40.598 83 115 115
4 20.938 2.725 39.634 97 131 131
4 20.938 2.725 39.634 97 131 131
4 23.114 0.881 40.598 83 115 115
4 21.602 2.625 39.296 76 107 107
4 21.880 3.000 24.000 42 66 66
4 23.066 1.248 22.190 19 38 38
4 20.212 3.000 21.802 22 42 42
4 20.212 3.000 21.802 22 42 42
4 23.066 1.248 22.190 19 38 38
4 22.002 1.189 21.168 19 38 38
4 22.706 0.500 20.830 19 38 38
4 22.771 0.500 20.588 19 38 38
4 20.754 0.500 19.239 26 46 46
4 22.771 0.500 20.588 19 38 38
4 20.931 0.500 19.062 19 38 38
4 20.754 0.500 19.239 26 46 46
4 23.000 -2.750 48.218 72 102 102
4 23.000 -1.500 47.401 83 115 115
4 21.000 -2.750 47.671 104 140 140
4 21.000 -1.500 47.105 108 144 144
4 21.000 -2.750 47.671 104 140 140
4 23.000 -1.500 47.401 83 115 115
4 21.000 0.062 45.615 99 135 135
4 21.000 -1.500 47.105 108 144 144
4 23.000 0.062 45.921 88 121 121
4 23.000 0.062 45.921 88 121 121
4 21.000 -1.500 47.105 108 144 144
4 23.000 -1.500 47.401 83 115 115
4 23.000 0.062 45.921 88 121 121
4 23.000 0.062 44.875 72 102 102
4 21.000 0.062 45.615 99 135 135
4 23.000 0.062 44.875 72 102 102
4 21.000 0.062 44.875 75 105 105
4 21.000 0.062 45.615 99 135 135
4 23.000 0.500 41.125 27 48 48
4 21.000 0.500 41.125 93 127 127
4 23.000 0.500 41.375 94 128 128
4 23.000 0.500 41.375 94 128 128
4 21.000 0.500 41.125 93 127 127
4 21.000 0.500 41.375 97 131 131
4 21.236 1.250 40.804 95 130 130
4 21.000 0.500 41.125 93 127 127
4 23.114 0.881 40.598 83 115 115
4 21.000 0.500 41.125 93 127 127
4 23.000 0.500 41.125 27 48 48
4 23.114 0.881 40.598 83 115 115
4 21.632 0.000 18.359 19 38 38
4 20.931 0.000 19.062 19 38 38
4 23.112 0.000 20.230 19 38 38
4 23.112 0.000 20.230 19 38 38
4 20.931 0.000 19.062 19 38 38
4 22.771 0.000 20.588 19 38 38
4 21.810 -1.500 11.161 19 38 38
4 21.486 0.000 11.693 22 42 42
4 23.118 -1.500 11.882 19 38 38
4 21.486 0.000 11.693 22 42 42
4 22.516 0.000 12.483 26 47 47
4 23.118 -1.500 11.882 19 38 38
4 23.118 -1.500 -37.882 19 38 38
4 22.742 0.000 -38.348 37 59 59
4 21.912 -1.500 -36.956 19 38 38
4 22.742 0.000 -38.348 37 59 59
4 21.637 0.000 -37.498 41 64 64
4 21.912 -1.500 -36.956 19 38 38
4 22.516 0.000 12.483 26 47 47
4 21.760 0.000 13.240 74 104 104
4 23.307 0.000 13.513 26 47 47
4 21.760 0.000 13.240 74 104 104
4 22.535 0.000 14.249 74 104 104
4 23.307 0.000 13.513 26 47 47
4 23.728 0.881 40.286 48 73 73
4 22.032 2.746 38.769 60 88 88
4 23.114 0.881 40.598 83 115 115
4 21.602 2.625 39.296 76 107 107
4 23.114 0.881 40.598 83 115 115
4 22.032 2.746 38.769 60 88 88
4 15.000 0.500 -31.000 19 38 38
4 14.516 1.476 -31.000 25 45 45
4 15.250 0.500 -29.000 19 38 38
4 13.625 1.750 -28.625 19 38 38
4 14.000 0.500 -28.625 19 38 38
4 14.516 1.476 -31.000 25 45 45
4 14.516 1.476 -31.000 25 45 45
4 14.000 0.500 -28.625 19 38 38
4 15.250 0.500 -29.000 19 38 38
4 21.973 -2.750 10.896 19 38 38
4 21.810 -1.500 11.161 19 38 38
4 23.636 -2.235 11.344 19 38 38
4 23.636 -2.235 11.344 19 38 38
4 21.810 -1.500 11.161 19 38 38
4 23.118 -1.500 11.882 19 38 38
4 21.917 -1.691 28.000 64 92 92
4 25.940 -0.437 26.000 35 57 57
4 18.803 -0.500 26.000 47 71 71
4 25.940 -0.437 26.000 35 57 57
4 24.000 0.000 25.000 112 149 149
4 18.803 -0.500 26.000 47 71 71
4 18.943 -0.500 34.248 19 38 38
4 24.000 0.000 37.000 19 38 38
4 21.917 -1.691 34.000 19 38 38
4 24.000 0.000 37.000 19 38 38
4 25.940 -0.437 36.000 19 38 38
4 21.917 -1.691 34.000 19 38 38
4 21.912 -1.500 -36.956 19 38 38
4 22.551 -2.750 -36.114 19 38 38
4 23.118 -1.500 -37.882 19 38 38
4 22.551 -2.750 -36.114 19 38 38
4 23.318 -2.750 -37.671 19 38 38
4 23.118 -1.500 -37.882 19 38 38
4 23.066 1.248 22.190 19 38 38
4 23.500 0.500 21.500 19 38 38
4 22.002 1.189 21.168 19 38 38
4 22.002 1.189 21.168 19 38 38
4 23.500 0.500 21.500 19 38 38
4 22.706 0.500 20.830 19 38 38
4 24.000 0.500 39.000 25 46 46
4 22.369 3.150 38.105 27 48 48
4 23.728 0.881 40.286 48 73 73
4 22.369 3.150 38.105 27 48 48
4 22.032 2.746 38.769 60 88 88
4 23.728 0.881 40.286 48 73 73
4 22.771 0.500 20.588 19 38 38
4 22.706 0.500 20.830 19 38 38
4 23.704 0.500 21.350 19 38 38
4 23.704 0.500 21.350 19 38 38
4 22.706 0.500 20.830 19 38 38
4 23.500 0.500 21.500 19 38 38
4 24.044 -1.500 13.088 19 38 38
4 23.118 -1.500 11.882 19 38 38
4 23.307 0.000 13.513 26 47 47
4 22.516 0.000 12.483 26 47 47
4 23.307 0.000 13.513 26 47 47
4 23.118 -1.500 11.882 19 38 38
4 23.000 0.062 45.921 88 121 121
4 23.000 -1.500 47.401 83 115 115
4 24.000 0.000 46.000 88 121 121
4 24.000 0.000 46.000 88 121 121
4 23.000 -1.500 47.401 83 115 115
4 24.000 -1.500 46.567 79 110 110
4 23.000 0.062 44.875 72 102 102
4 23.000 0.062 45.921 88 121 121
4 24.000 0.000 45.000 72 102 102
4 24.000 0.000 45.000 72 102 102
4 23.000 0.062 45.921 88 121 121
4 24.000 0.000 46.000 88 121 121
4 24.000 0.500 41.000 73 103 103
4 23.000 0.500 41.125 27 48 48
4 24.000 0.500 41.250 91 125 125
4 23.000 0.500 41.125 27 48 48
4 23.000 0.500 41.375 94 128 128
4 24.000 0.500 41.250 91 125 125
4 24.014 -2.750 46.958 70 99 99
4 24.000 -1.500 46.567 79 110 110
4 23.000 -2.750 48.218 72 102 102
4 23.000 -2.750 48.218 72 102 102
4 24.000 -1.500 46.567 79 110 110
4 23.000 -1.500 47.401 83 115 115
4 23.307 0.000 13.513 26 47 47
4 22.535 0.000 14.249 74 104 104
4 24.410 0.000 15.575 27 48 48
4 24.410 0.000 15.575 27 48 48
4 22.535 0.000 14.249 74 104 104
4 24.029 0.000 15.956 74 104 104
4 24.630 -2.750 12.749 19 38 38
4 23.636 -2.235 11.344 19 38 38
4 24.044 -1.500 13.088 19 38 38
4 23.636 -2.235 11.344 19 38 38
4 23.118 -1.500 11.882 19 38 38
4 24.044 -1.500 13.088 19 38 38
4 23.704 0.500 21.350 19 38 38
4 23.500 0.500 21.500 19 38 38
4 24.250 0.500 23.000 19 38 38
4 24.000 0.500 23.000 42 66 66
4 24.250 0.500 23.000 19 38 38
4 23.500 0.500 21.500 19 38 38
4 24.000 0.500 25.000 97 131 131
4 24.250 0.500 25.000 193 178 126
4 24.000 0.500 23.000 42 66 66
4 24.250 0.500 25.000 193 178 126
4 24.250 0.500 23.000 19 38 38
4 24.000 0.500 23.000 42 66 66
4 24.000 0.500 25.000 97 131 131
4 24.000 0.500 26.937 97 131 131
4 24.250 0.500 25.000 193 178 126
4 24.000 0.500 26.937 97 131 131
4 24.250 0.500 26.937 19 38 38
4 24.250 0.500 25.000 193 178 126
4 24.000 0.500 29.000 97 131 131
4 24.250 0.500 29.000 193 178 126
4 24.000 0.500 26.937 97 131 131
4 24.250 0.500 29.000 193 178 126
4 24.250 0.500 26.937 19 38 38
4 24.000 0.500 26.937 97 131 131
4 24.250 0.500 31.000 19 38 38
4 24.250 0.500 29.000 193 178 126
4 24.000 0.500 31.000 97 131 131
4 24.000 0.500 31.000 97 131 131
4 24.250 0.500 29.000 193 178 126
4 24.000 0.500 29.000 97 131 131
4 24.000 0.500 33.000 97 131 131
4 24.250 0.500 33.000 193 178 126
4 24.000 0.500 31.000 97 131 131
4 24.250 0.500 33.000 193 178 126
4 24.250 0.500 31.000 19 38 38
4 24.000 0.500 31.000 97 131 131
4 24.000 0.500 35.000 59 86 86
4 24.250 0.500 35.000 19 38 38
4 24.000 0.500 33.000 97 131 131
4 24.250 0.500 35.000 19 38 38
4 24.250 0.500 33.000 193 178 126
4 24.000 0.500 33.000 97 131 131
4 24.000 0.500 35.000 59 86 86
4 24.000 0.500 36.000 19 38 38
4 24.250 0.500 35.000 19 38 38
4 24.000 0.500 36.000 19 38 38
4 24.250 0.500 36.000 19 38 38
4 24.250 0.500 35.000 19 38 38
4 24.250 0.500 37.000 193 178 126
4 24.250 0.500 36.000 19 38 38
4 24.000 0.500 37.000 19 38 38
4 24.250 0.500 36.000 19 38 38
4 24.000 0.500 36.000 19 38 38
4 24.000 0.500 37.000 19 38 38
4 24.250 0.500 39.000 19 38 38
4 24.250 0.500 37.000 193 178 126
4 24.000 0.500 39.000 25 46 46
4 24.000 0.500 39.000 25 46 46
4 24.250 0.500 37.000 193 178 126
4 24.000 0.500 37.000 19 38 38
4 24.000 0.500 41.000 73 103 103
4 24.250 0.500 41.000 21 41 41
4 24.000 0.500 39.000 25 46 46
4 24.250 0.500 41.000 21 41 41
4 24.250 0.500 39.000 19 38 38
4 24.000 0.500 39.000 25 46 46
4 24.410 0.000 15.575 27 48 48
4 24.930 -1.500 15.099 19 38 38
4 23.307 0.000 13.513 26 47 47
4 23.307 0.000 13.513 26 47 47
4 24.930 -1.500 15.099 19 38 38
4 24.044 -1.500 13.088 19 38 38
4 21.917 -1.691 28.000 64 92 92
4 24.017 -2.250 27.346 24 44 44
4 25.940 -0.437 26.000 35 57 57
4 24.017 -2.250 27.346 24 44 44
4 21.917 -1.691 28.000 64 92 92
4 22.369 -2.250 28.000 47 71 71
4 26.799 -2.250 26.000 22 42 42
4 25.940 -0.437 26.000 35 57 57
4 24.017 -2.250 27.346 24 44 44
4 27.409 -2.155 36.000 19 38 38
4 23.765 -2.250 34.651 19 38 38
4 25.940 -0.437 36.000 19 38 38
4 23.765 -2.250 34.651 19 38 38
4 27.409 -2.155 36.000 19 38 38
4 26.949 -2.250 35.804 19 38 38
4 22.229 -2.250 34.000 19 38 38
4 25.940 -0.437 36.000 19 38 38
4 23.765 -2.250 34.651 19 38 38
4 25.940 -0.437 36.000 19 38 38
4 22.229 -2.250 34.000 19 38 38
4 21.917 -1.691 34.000 19 38 38
4 24.000 0.000 46.000 88 121 121
4 25.287 0.000 45.804 89 122 122
4 24.000 0.000 45.000 72 102 102
4 25.035 0.000 44.864 74 104 104
4 24.000 0.000 45.000 72 102 102
4 25.287 0.000 45.804 89 122 122
4 24.630 -2.750 12.749 19 38 38
4 24.044 -1.500 13.088 19 38 38
4 25.180 -2.750 14.849 19 38 38
4 24.044 -1.500 13.088 19 38 38
4 24.930 -1.500 15.099 19 38 38
4 25.180 -2.750 14.849 19 38 38
4 25.287 0.000 45.804 89 122 122
4 24.000 0.000 46.000 88 121 121
4 25.507 -1.500 46.856 91 124 124
4 24.000 0.000 46.000 88 121 121
4 24.000 -1.500 46.567 79 110 110
4 25.507 -1.500 46.856 91 124 124
4 25.683 -2.750 47.280 94 129 129
4 25.507 -1.500 46.856 91 124 124
4 24.014 -2.750 46.958 70 99 99
4 24.014 -2.750 46.958 70 99 99
4 25.507 -1.500 46.856 91 124 124
4 24.000 -1.500 46.567 79 110 110
4 25.497 0.000 17.730 74 104 104
4 26.486 0.000 16.693 29 50 50
4 24.029 0.000 15.956 74 104 104
4 24.410 0.000 15.575 27 48 48
4 24.029 0.000 15.956 74 104 104
4 26.486 0.000 16.693 29 50 50
4 26.486 0.000 16.693 29 50 50
4 26.912 -1.500 15.956 19 38 38
4 24.410 0.000 15.575 27 48 48
4 24.410 0.000 15.575 27 48 48
4 26.912 -1.500 15.956 19 38 38
4 24.930 -1.500 15.099 19 38 38
4 25.287 0.000 45.804 89 122 122
4 26.486 0.000 45.307 81 112 112
4 25.035 0.000 44.864 74 104 104
4 26.000 0.000 44.464 74 104 104
4 25.035 0.000 44.864 74 104 104
4 26.486 0.000 45.307 81 112 112
4 25.507 -1.500 46.856 91 124 124
4 27.085 -1.500 46.238 80 111 111
4 25.287 0.000 45.804 89 122 122
4 26.486 0.000 45.307 81 112 112
4 25.287 0.000 45.804 89 122 122
4 27.085 -1.500 46.238 80 111 111
4 27.437 -2.294 15.022 19 38 38
4 25.180 -2.750 14.849 19 38 38
4 26.912 -1.500 15.956 19 38 38
4 24.930 -1.500 15.099 19 38 38
4 26.912 -1.500 15.956 19 38 38
4 25.180 -2.750 14.849 19 38 38
4 26.385 0.000 18.631 74 104 104
4 27.516 0.000 17.483 36 58 58
4 25.497 0.000 17.730 74 104 104
4 26.486 0.000 16.693 29 50 50
4 25.497 0.000 17.730 74 104 104
4 27.516 0.000 17.483 36 58 58
4 27.085 -1.500 46.238 80 111 111
4 25.507 -1.500 46.856 91 124 124
4 27.769 -2.750 47.359 76 107 107
4 25.683 -2.750 47.280 94 129 129
4 27.769 -2.750 47.359 76 107 107
4 25.507 -1.500 46.856 91 124 124
4 26.486 0.000 45.307 81 112 112
4 27.516 0.000 44.516 67 95 95
4 26.000 0.000 44.464 74 104 104
4 26.828 0.000 43.828 74 104 104
4 26.000 0.000 44.464 74 104 104
4 27.516 0.000 44.516 67 95 95
4 28.307 0.000 18.513 28 49 49
4 27.516 0.000 17.483 36 58 58
4 26.976 0.000 19.333 74 104 104
4 26.385 0.000 18.631 74 104 104
4 26.976 0.000 19.333 74 104 104
4 27.516 0.000 17.483 36 58 58
4 26.912 -1.500 15.956 19 38 38
4 26.486 0.000 16.693 29 50 50
4 28.305 -1.044 16.534 19 38 38
4 26.486 0.000 16.693 29 50 50
4 27.516 0.000 17.483 36 58 58
4 28.305 -1.044 16.534 19 38 38
4 27.085 -1.500 46.238 80 111 111
4 28.462 -1.093 45.493 45 69 69
4 26.486 0.000 45.307 81 112 112
4 27.516 0.000 44.516 67 95 95
4 26.486 0.000 45.307 81 112 112
4 28.462 -1.093 45.493 45 69 69
4 28.307 0.000 43.486 52 78 78
4 27.464 0.000 43.000 74 104 104
4 27.516 0.000 44.516 67 95 95
4 27.464 0.000 43.000 74 104 104
4 26.828 0.000 43.828 74 104 104
4 27.516 0.000 44.516 67 95 95
4 29.044 -1.500 25.000 27 48 48
4 26.799 -2.250 26.000 22 42 42
4 26.800 -2.252 26.000 22 42 42
4 26.799 -2.250 26.000 22 42 42
4 29.044 -1.500 25.000 27 48 48
4 25.940 -0.437 26.000 35 57 57
4 28.500 -0.250 25.000 19 38 38
4 25.940 -0.437 26.000 35 57 57
4 29.044 -1.500 25.000 27 48 48
4 27.409 -2.155 36.000 19 38 38
4 25.940 -0.437 36.000 19 38 38
4 29.044 -1.500 37.000 19 38 38
4 25.940 -0.437 36.000 19 38 38
4 28.500 -0.250 37.000 19 38 38
4 29.044 -1.500 37.000 19 38 38
4 28.597 -2.357 16.403 19 38 38
4 27.437 -2.294 15.022 19 38 38
4 28.305 -1.044 16.534 19 38 38
4 27.437 -2.294 15.022 19 38 38
4 26.912 -1.500 15.956 19 38 38
4 28.305 -1.044 16.534 19 38 38
4 28.803 0.000 19.713 27 48 48
4 28.307 0.000 18.513 28 49 49
4 27.412 0.000 20.160 74 104 104
4 26.976 0.000 19.333 74 104 104
4 27.412 0.000 20.160 74 104 104
4 28.307 0.000 18.513 28 49 49
4 27.085 -1.500 46.238 80 111 111
4 27.769 -2.750 47.359 76 107 107
4 28.462 -1.093 45.493 45 69 69
4 27.769 -2.750 47.359 76 107 107
4 29.078 -2.240 46.108 24 45 45
4 28.462 -1.093 45.493 45 69 69
4 29.044 -1.500 25.000 27 48 48
4 26.800 -2.252 26.000 22 42 42
4 29.630 -2.750 25.000 25 46 46
4 28.803 0.000 42.287 48 72 72
4 27.864 0.000 42.035 74 104 104
4 28.307 0.000 43.486 52 78 78
4 27.864 0.000 42.035 74 104 104
4 27.464 0.000 43.000 74 104 104
4 28.307 0.000 43.486 52 78 78
4 28.803 0.000 19.713 27 48 48
4 27.412 0.000 20.160 74 104 104
4 29.000 0.000 21.000 39 62 62
4 27.412 0.000 20.160 74 104 104
4 27.659 0.000 21.089 74 104 104
4 29.000 0.000 21.000 39 62 62
4 28.825 -1.500 18.234 19 38 38
4 28.305 -1.044 16.534 19 38 38
4 28.307 0.000 18.513 28 49 49
4 27.516 0.000 17.483 36 58 58
4 28.307 0.000 18.513 28 49 49
4 28.305 -1.044 16.534 19 38 38
4 28.861 -1.500 43.810 20 40 40
4 28.307 0.000 43.486 52 78 78
4 28.462 -1.093 45.493 45 69 69
4 28.307 0.000 43.486 52 78 78
4 27.516 0.000 44.516 67 95 95
4 28.462 -1.093 45.493 45 69 69
4 27.659 0.000 21.089 74 104 104
4 27.996 0.000 23.000 74 104 104
4 29.000 0.000 21.000 39 62 62
4 29.000 0.000 21.000 39 62 62
4 27.996 0.000 23.000 74 104 104
4 28.666 0.000 23.000 23 43 43
4 28.803 0.000 42.287 48 72 72
4 29.000 0.000 41.000 39 62 62
4 27.864 0.000 42.035 74 104 104
4 28.000 0.000 41.000 74 104 104
4 27.864 0.000 42.035 74 104 104
4 29.000 0.000 41.000 39 62 62
4 28.000 0.000 41.000 74 104 104
4 29.000 0.000 41.000 39 62 62
4 28.000 0.000 39.000 74 104 104
4 28.000 0.000 39.000 74 104 104
4 29.000 0.000 41.000 39 62 62
4 28.701 0.000 39.000 19 38 38
4 28.305 -1.044 16.534 19 38 38
4 28.825 -1.500 18.234 19 38 38
4 28.597 -2.357 16.403 19 38 38
4 28.825 -1.500 18.234 19 38 38
4 29.207 -2.357 18.027 19 38 38
4 28.597 -2.357 16.403 19 38 38
4 28.666 0.000 23.000 23 43 43
4 28.500 -0.250 25.000 19 38 38
4 29.294 -1.500 23.000 19 38 38
4 28.500 -0.250 25.000 19 38 38
4 29.044 -1.500 25.000 27 48 48
4 29.294 -1.500 23.000 19 38 38
4 28.825 -1.500 18.234 19 38 38
4 28.307 0.000 18.513 28 49 49
4 29.626 -1.500 19.493 19 38 38
4 28.307 0.000 18.513 28 49 49
4 28.803 0.000 19.713 27 48 48
4 29.626 -1.500 19.493 19 38 38
4 28.861 -1.500 43.810 20 40 40
4 29.626 -1.500 42.507 19 38 38
4 28.307 0.000 43.486 52 78 78
4 28.803 0.000 42.287 48 72 72
4 28.307 0.000 43.486 52 78 78
4 29.626 -1.500 42.507 19 38 38
4 29.341 -2.750 44.119 20 39 39
4 28.861 -1.500 43.810 20 40 40
4 29.078 -2.240 46.108 24 45 45
4 29.078 -2.240 46.108 24 45 45
4 28.861 -1.500 43.810 20 40 40
4 28.462 -1.093 45.493 45 69 69
4 28.701 0.000 39.000 19 38 38
4 29.644 -1.500 39.000 19 38 38
4 28.500 -0.250 37.000 19 38 38
4 28.500 -0.250 37.000 19 38 38
4 29.644 -1.500 39.000 19 38 38
4 29.044 -1.500 37.000 19 38 38
4 29.000 0.000 21.000 39 62 62
4 28.666 0.000 23.000 23 43 43
4 29.824 -1.500 21.000 19 38 38
4 28.666 0.000 23.000 23 43 43
4 29.294 -1.500 23.000 19 38 38
4 29.824 -1.500 21.000 19 38 38
4 29.644 -1.500 39.000 19 38 38
4 28.701 0.000 39.000 19 38 38
4 29.824 -1.500 41.000 19 38 38
4 29.000 0.000 41.000 39 62 62
4 29.824 -1.500 41.000 19 38 38
4 28.701 0.000 39.000 19 38 38
4 29.626 -1.500 19.493 19 38 38
4 28.803 0.000 19.713 27 48 48
4 29.824 -1.500 21.000 19 38 38
4 28.803 0.000 19.713 27 48 48
4 29.000 0.000 21.000 39 62 62
4 29.824 -1.500 21.000 19 38 38
4 29.824 -1.500 41.000 19 38 38
4 29.000 0.000 41.000 39 62 62
4 29.626 -1.500 42.507 19 38 38
4 29.000 0.000 41.000 39 62 62
4 28.803 0.000 42.287 48 72 72
4 29.626 -1.500 42.507 19 38 38
4 29.207 -2.357 18.027 19 38 38
4 28.825 -1.500 18.234 19 38 38
4 30.280 -2.344 19.317 19 38 38
4 30.280 -2.344 19.317 19 38 38
4 28.825 -1.500 18.234 19 38 38
4 29.626 -1.500 19.493 19 38 38
4 29.644 -1.500 39.000 19 38 38
4 30.231 -2.750 39.000 19 38 38
4 29.044 -1.500 37.000 19 38 38
4 29.044 -1.500 37.000 19 38 38
4 30.231 -2.750 39.000 19 38 38
4 29.630 -2.750 37.000 19 38 38
4 29.341 -2.750 44.119 20 39 39
4 30.785 -2.504 42.851 28 49 49
4 28.861 -1.500 43.810 20 40 40
4 30.785 -2.504 42.851 28 49 49
4 29.626 -1.500 42.507 19 38 38
4 28.861 -1.500 43.810 20 40 40
4 29.294 -1.500 23.000 19 38 38
4 29.044 -1.500 25.000 27 48 48
4 30.731 -2.750 23.000 19 38 38
4 29.044 -1.500 25.000 27 48 48
4 29.630 -2.750 25.000 25 46 46
4 30.731 -2.750 23.000 19 38 38
4 29.824 -1.500 41.000 19 38 38
4 30.501 -2.750 41.000 19 38 38
4 29.644 -1.500 39.000 19 38 38
4 29.644 -1.500 39.000 19 38 38
4 30.501 -2.750 41.000 19 38 38
4 30.231 -2.750 39.000 19 38 38
4 30.280 -2.344 19.317 19 38 38
4 29.626 -1.500 19.493 19 38 38
4 30.501 -2.127 21.000 19 38 38
4 30.501 -2.127 21.000 19 38 38
4 29.626 -1.500 19.493 19 38 38
4 29.824 -1.500 21.000 19 38 38
4 30.731 -2.750 23.000 19 38 38
4 30.501 -2.127 21.000 19 38 38
4 29.294 -1.500 23.000 19 38 38
4 29.294 -1.500 23.000 19 38 38
4 30.501 -2.127 21.000 19 38 38
4 29.824 -1.500 21.000 19 38 38
4 30.785 -2.504 42.851 28 49 49
4 30.501 -2.750 41.000 19 38 38
4 29.626 -1.500 42.507 19 38 38
4 30.501 -2.750 41.000 19 38 38
4 29.824 -1.500 41.000 19 38 38
4 29.626 -1.500 42.507 19 38 38
4 20.938 2.725 39.634 97 131 131
4 21.602 2.625 39.296 76 107 107
4 20.732 3.094 38.749 84 116 116
4 22.369 3.150 38.105 27 48 48
4 20.732 3.094 38.749 84 116 116
4 22.032 2.746 38.769 60 88 88
4 20.732 3.094 38.749 84 116 116
4 21.602 2.625 39.296 76 107 107
4 22.032 2.746 38.769 60 88 88
4 -17.000 6.992 -14.000 103 139 139
4 -16.000 4.411 -9.000 110 147 147
4 -14.261 6.305 -9.500 111 148 148
4 -17.000 6.992 -14.000 103 139 139
4 -13.000 8.590 -14.000 95 129 129
4 -17.000 7.725 -20.000 84 116 116
4 -13.000 8.590 -20.000 76 107 107
4 -17.000 7.725 -20.000 84 116 116
4 -13.000 8.590 -14.000 95 129 129
4 -17.000 6.000 32.000 100 135 135
4 -17.000 6.000 34.000 100 136 136
4 -13.000 6.992 33.000 94 128 128
4 -17.000 6.000 34.000 100 136 136
4 -13.000 6.000 34.000 90 124 124
4 -13.000 6.992 33.000 94 128 128
4 -13.000 6.000 34.000 90 124 124
4 -17.000 6.000 36.000 108 145 145
4 -13.000 5.500 38.786 106 143 143
4 -17.000 6.000 36.000 108 145 145
4 -17.000 3.367 37.875 113 151 151
4 -13.000 5.500 38.786 106 143 143
4 -16.000 3.615 -37.266 19 38 38
4 -15.533 3.740 -33.957 30 51 51
4 -14.000 3.000 -36.875 19 38 38
4 -15.533 3.740 -33.957 30 51 51
4 -13.765 3.125 -35.326 24 44 44
4 -14.000 3.000 -36.875 19 38 38
4 -13.000 6.992 33.000 94 128 128
4 -13.000 6.992 28.000 88 122 122
4 -17.000 6.000 32.000 100 135 135
4 -17.000 6.000 32.000 100 135 135
4 -13.000 6.992 28.000 88 122 122
4 -16.000 6.000 28.000 92 126 126
4 -13.000 5.880 9.000 93 126 126
4 -13.000 5.516 3.000 99 134 134
4 -16.000 1.937 8.500 107 144 144
4 -16.000 1.937 8.500 107 144 144
4 -13.000 5.516 3.000 99 134 134
4 -16.000 1.937 3.500 71 100 100
4 -13.000 6.992 -5.000 97 132 132
4 -16.000 1.937 -2.500 77 107 107
4 -13.000 5.516 3.000 99 134 134
4 -16.000 1.937 2.500 108 145 145
4 -13.000 5.516 3.000 99 134 134
4 -16.000 1.937 -2.500 77 107 107
4 -16.000 1.937 14.500 103 139 139
4 -13.000 6.992 13.000 91 125 125
4 -16.000 1.937 9.500 70 100 100
4 -13.000 6.992 13.000 91 125 125
4 -13.000 5.880 9.000 93 126 126
4 -16.000 1.937 9.500 70 100 100
4 -16.000 1.500 15.000 100 135 135
4 -13.000 7.523 16.500 86 119 119
4 -16.000 1.937 14.500 103 139 139
4 -13.000 7.523 16.500 86 119 119
4 -13.000 6.992 13.000 91 125 125
4 -16.000 1.937 14.500 103 139 139
4 -16.000 3.500 17.000 78 109 109
4 -16.000 5.000 20.000 81 113 113
4 -13.000 7.523 16.500 86 119 119
4 -13.000 7.373 20.000 88 121 121
4 -13.000 7.523 16.500 86 119 119
4 -16.000 5.000 20.000 81 113 113
4 -16.000 5.000 20.000 81 113 113
4 -16.000 5.750 24.000 92 126 126
4 -13.000 7.373 20.000 88 121 121
4 -16.000 5.750 24.000 92 126 126
4 -13.000 6.992 24.000 90 123 123
4 -13.000 7.373 20.000 88 121 121
4 -16.000 5.750 24.000 92 126 126
4 -16.000 6.000 28.000 92 126 126
4 -13.000 6.992 24.000 90 123 123
4 -16.000 6.000 28.000 92 126 126
4 -13.000 6.992 28.000 88 122 122
4 -13.000 6.992 24.000 90 123 123
4 -17.000 3.367 37.875 113 151 151
4 -15.000 2.437 39.724 109 146 146
4 -13.000 5.500 38.786 106 143 143
4 -15.000 2.437 39.724 109 146 146
4 -13.000 3.125 40.000 107 144 144
4 -13.000 5.500 38.786 106 143 143
4 -13.000 8.590 -14.000 95 129 129
4 -17.000 6.992 -14.000 103 139 139
4 -11.847 6.992 -9.189 103 139 139
4 -17.000 6.992 -14.000 103 139 139
4 -14.261 6.305 -9.500 111 148 148
4 -11.847 6.992 -9.189 103 139 139
4 -17.000 7.725 -20.000 84 116 116
4 -13.000 8.590 -20.000 76 107 107
4 -15.000 6.000 -30.767 70 99 99
4 -15.000 6.000 -30.767 70 99 99
4 -13.000 8.590 -20.000 76 107 107
4 -11.000 7.559 -30.767 71 101 101
4 -13.000 6.992 -5.000 97 132 132
4 -11.847 6.992 -9.189 103 139 139
4 -16.000 1.500 -5.000 105 141 141
4 -11.847 6.992 -9.189 103 139 139
4 -14.261 6.305 -9.500 111 148 148
4 -16.000 1.500 -5.000 105 141 141
4 -11.000 7.559 -30.767 71 101 101
4 -11.018 7.059 -35.558 36 58 58
4 -15.000 6.000 -30.767 70 99 99
4 -15.000 6.000 -30.767 70 99 99
4 -11.018 7.059 -35.558 36 58 58
4 -15.462 5.500 -33.314 22 42 42
4 -13.000 3.125 40.000 107 144 144
4 -13.000 3.000 40.500 106 143 143
4 -11.000 3.125 40.000 102 138 138
4 -11.000 3.125 40.000 102 138 138
4 -13.000 3.000 40.500 106 143 143
4 -11.000 3.000 40.500 96 131 131
4 -10.126 8.766 -21.892 50 76 76
4 -13.000 8.590 -20.000 76 107 107
4 -11.022 8.590 -14.000 62 90 90
4 -13.000 8.590 -20.000 76 107 107
4 -13.000 8.590 -14.000 95 129 129
4 -11.022 8.590 -14.000 62 90 90
4 -9.000 5.500 39.750 94 129 129
4 -13.000 5.500 38.786 106 143 143
4 -11.000 3.125 40.000 102 138 138
4 -11.000 3.125 40.000 102 138 138
4 -13.000 5.500 38.786 106 143 143
4 -13.000 3.125 40.000 107 144 144
4 -11.847 6.992 -9.189 103 139 139
4 -9.922 8.590 -9.105 74 104 104
4 -13.000 8.590 -14.000 95 129 129
4 -11.022 8.590 -14.000 62 90 90
4 -13.000 8.590 -14.000 95 129 129
4 -9.922 8.590 -9.105 74 104 104
4 -13.000 6.992 -5.000 97 132 132
4 -9.000 8.590 -5.000 81 112 112
4 -11.847 6.992 -9.189 103 139 139
4 -9.922 8.590 -9.105 74 104 104
4 -11.847 6.992 -9.189 103 139 139
4 -9.000 8.590 -5.000 81 112 112
4 -13.000 8.590 -20.000 76 107 107
4 -10.126 8.766 -21.892 50 76 76
4 -11.000 7.559 -30.767 71 101 101
4 -11.000 7.559 -30.767 71 101 101
4 -10.126 8.766 -21.892 50 76 76
4 -6.775 6.172 -28.773 49 74 74
4 -9.000 3.000 40.500 89 122 122
4 -9.000 3.125 40.375 87 120 120
4 -11.000 3.000 40.500 96 131 131
4 -9.000 3.125 40.375 87 120 120
4 -11.000 3.125 40.000 102 138 138
4 -11.000 3.000 40.500 96 131 131
4 -10.126 8.766 -21.892 50 76 76
4 -11.022 8.590 -14.000 62 90 90
4 -9.149 6.875 -16.698 19 38 38
4 -11.022 8.590 -14.000 62 90 90
4 -8.146 6.875 -12.768 19 38 38
4 -9.149 6.875 -16.698 19 38 38
4 -13.000 5.880 9.000 93 126 126
4 -5.000 8.591 9.000 66 95 95
4 -13.000 5.516 3.000 99 134 134
4 -13.000 5.516 3.000 99 134 134
4 -5.000 8.591 9.000 66 95 95
4 -5.000 6.992 3.000 66 95 95
4 -13.000 6.992 28.000 88 122 122
4 -13.000 6.992 33.000 94 128 128
4 -5.000 8.001 29.000 88 122 122
4 -13.000 6.992 33.000 94 128 128
4 -5.000 6.992 33.000 95 129 129
4 -5.000 8.001 29.000 88 122 122
4 -13.000 5.880 9.000 93 126 126
4 -13.000 6.992 13.000 91 125 125
4 -5.000 8.591 9.000 66 95 95
4 -13.000 6.992 13.000 91 125 125
4 -5.000 8.591 13.000 67 95 95
4 -5.000 8.591 9.000 66 95 95
4 -13.000 6.992 24.000 90 123 123
4 -13.000 6.992 28.000 88 122 122
4 -5.000 9.600 25.000 81 113 113
4 -13.000 6.992 28.000 88 122 122
4 -5.000 8.001 29.000 88 122 122
4 -5.000 9.600 25.000 81 113 113
4 -13.000 7.523 16.500 86 119 119
4 -5.000 8.591 16.500 68 97 97
4 -13.000 6.992 13.000 91 125 125
4 -13.000 6.992 13.000 91 125 125
4 -5.000 8.591 16.500 68 97 97
4 -5.000 8.591 13.000 67 95 95
4 -5.000 8.591 21.000 72 102 102
4 -5.000 8.591 16.500 68 97 97
4 -13.000 7.373 20.000 88 121 121
4 -5.000 8.591 16.500 68 97 97
4 -13.000 7.523 16.500 86 119 119
4 -13.000 7.373 20.000 88 121 121
4 -5.000 9.600 25.000 81 113 113
4 -5.000 8.591 21.000 72 102 102
4 -13.000 6.992 24.000 90 123 123
4 -13.000 7.373 20.000 88 121 121
4 -13.000 6.992 24.000 90 123 123
4 -5.000 8.591 21.000 72 102 102
4 -13.000 6.992 33.000 94 128 128
4 -13.000 6.000 34.000 90 124 124
4 -5.000 6.992 33.000 95 129 129
4 -13.000 6.000 34.000 90 124 124
4 -5.000 6.000 34.000 87 120 120
4 -5.000 6.992 33.000 95 129 129
4 -6.775 6.172 -28.773 49 74 74
4 -7.000 6.728 -40.125 19 38 38
4 -11.000 7.559 -30.767 71 101 101
4 -11.000 7.559 -30.767 71 101 101
4 -7.000 6.728 -40.125 19 38 38
4 -11.018 7.059 -35.558 36 58 58
4 -17.000 6.000 36.000 108 145 145
4 -13.000 6.000 34.000 90 124 124
4 -17.000 6.000 34.000 100 136 136
4 -16.000 1.500 -5.000 105 141 141
4 -14.261 6.305 -9.500 111 148 148
4 -16.000 4.411 -9.000 110 147 147
4 -9.922 8.590 -9.105 74 104 104
4 -5.143 6.875 -8.340 19 38 38
4 -11.022 8.590 -14.000 62 90 90
4 -11.022 8.590 -14.000 62 90 90
4 -5.143 6.875 -8.340 19 38 38
4 -8.146 6.875 -12.768 19 38 38
4 -13.000 5.516 3.000 99 134 134
4 -16.000 1.937 2.500 108 145 145
4 -16.000 1.500 3.000 94 128 128
4 -16.000 1.937 3.500 71 100 100
4 -13.000 5.516 3.000 99 134 134
4 -16.000 1.500 3.000 94 128 128
4 -16.000 1.500 9.000 94 128 128
4 -13.000 5.880 9.000 93 126 126
4 -16.000 1.937 8.500 107 144 144
4 -16.000 1.937 9.500 70 100 100
4 -13.000 5.880 9.000 93 126 126
4 -16.000 1.500 9.000 94 128 128
4 -13.000 6.992 -5.000 97 132 132
4 -16.000 1.500 -5.000 105 141 141
4 -16.000 1.500 -3.000 75 106 106
4 -16.000 1.937 -2.500 77 107 107
4 -13.000 6.992 -5.000 97 132 132
4 -16.000 1.500 -3.000 75 106 106
4 -16.000 3.500 17.000 78 109 109
4 -13.000 7.523 16.500 86 119 119
4 -16.000 1.500 15.000 100 135 135
4 -9.149 6.875 -16.698 19 38 38
4 -7.567 3.000 -15.149 19 38 38
4 -7.962 3.000 -16.698 19 38 38
4 -7.567 3.000 -15.149 19 38 38
4 -9.149 6.875 -16.698 19 38 38
4 -8.146 6.875 -12.768 19 38 38
4 -7.567 3.000 -15.149 19 38 38
4 -8.146 6.875 -12.768 19 38 38
4 -7.206 3.000 -12.768 19 38 38
4 -6.635 6.875 -21.746 31 52 52
4 -6.714 3.000 -19.393 19 38 38
4 -5.839 3.000 -21.150 23 43 43
4 -6.714 3.000 -19.393 19 38 38
4 -6.635 6.875 -21.746 31 52 52
4 -9.149 6.875 -16.698 19 38 38
4 -6.714 3.000 -19.393 19 38 38
4 -9.149 6.875 -16.698 19 38 38
4 -7.962 3.000 -16.698 19 38 38
4 -6.775 6.172 -28.773 49 74 74
4 -10.126 8.766 -21.892 50 76 76
4 -3.000 4.565 -28.277 50 76 76
4 -6.635 6.875 -21.746 31 52 52
4 -3.000 4.565 -28.277 50 76 76
4 -10.126 8.766 -21.892 50 76 76
4 -13.000 5.516 3.000 99 134 134
4 -9.000 8.590 -5.000 81 112 112
4 -13.000 6.992 -5.000 97 132 132
4 -9.000 5.500 39.750 94 129 129
4 -13.000 6.000 34.000 90 124 124
4 -13.000 5.500 38.786 106 143 143
4 -5.143 6.875 -8.340 19 38 38
4 -5.551 3.000 -11.068 19 38 38
4 -8.146 6.875 -12.768 19 38 38
4 -5.551 3.000 -11.068 19 38 38
4 -5.143 6.875 -8.340 19 38 38
4 -4.428 3.000 -9.411 19 38 38
4 -7.206 3.000 -12.768 19 38 38
4 -8.146 6.875 -12.768 19 38 38
4 -5.551 3.000 -11.068 19 38 38
4 -9.000 8.590 -5.000 81 112 112
4 -13.000 5.516 3.000 99 134 134
4 -5.000 6.992 3.000 66 95 95
4 -5.000 6.000 34.000 87 120 120
4 -13.000 6.000 34.000 90 124 124
4 -9.000 5.500 39.750 94 129 129
4 -7.000 6.728 -40.125 19 38 38
4 -6.775 6.172 -28.773 49 74 74
4 -3.000 4.065 -39.500 19 38 38
4 -6.775 6.172 -28.773 49 74 74
4 -3.000 4.565 -28.277 50 76 76
4 -3.000 4.065 -39.500 19 38 38
4 -10.126 8.766 -21.892 50 76 76
4 -9.149 6.875 -16.698 19 38 38
4 -6.635 6.875 -21.746 31 52 52
4 -3.000 4.565 -28.277 50 76 76
4 -3.989 3.000 -23.371 29 50 50
4 -3.274 1.952 -23.810 28 49 49
4 -3.989 3.000 -23.371 29 50 50
4 -3.000 4.565 -28.277 50 76 76
4 -6.635 6.875 -21.746 31 52 52
4 -3.989 3.000 -23.371 29 50 50
4 -6.635 6.875 -21.746 31 52 52
4 -5.839 3.000 -21.150 23 43 43
4 -5.143 6.875 -8.340 19 38 38
4 -9.922 8.590 -9.105 74 104 104
4 -9.000 8.590 -5.000 81 112 112
4 -5.000 8.591 9.000 66 95 95
4 -2.092 6.992 3.617 37 60 60
4 -5.000 6.992 3.000 66 95 95
4 -2.092 6.992 3.617 37 60 60
4 -3.702 6.272 0.008 19 38 38
4 -5.000 6.992 3.000 66 95 95
4 -3.702 6.272 0.008 19 38 38
4 -3.636 3.000 -5.190 19 38 38
4 -5.143 6.875 -8.340 19 38 38
4 -3.636 3.000 -5.190 19 38 38
4 -3.702 6.272 0.008 19 38 38
4 -3.088 3.000 -1.618 19 38 38
4 -4.428 3.000 -9.411 19 38 38
4 -5.143 6.875 -8.340 19 38 38
4 -3.636 3.000 -5.190 19 38 38
4 -9.000 8.590 -5.000 81 112 112
4 -5.000 6.992 3.000 66 95 95
4 -5.143 6.875 -8.340 19 38 38
4 -5.000 6.000 34.000 87 120 120
4 -9.000 5.500 39.750 94 129 129
4 -5.000 5.500 39.125 79 110 110
4 -5.000 6.992 3.000 66 95 95
4 -3.702 6.272 0.008 19 38 38
4 -5.143 6.875 -8.340 19 38 38
4 -1.000 4.000 37.375 88 121 121
4 -5.000 6.000 34.000 87 120 120
4 -5.000 5.500 39.125 79 110 110
4 2.147 6.992 7.039 37 60 60
4 -5.000 8.591 9.000 66 95 95
4 3.000 5.571 13.000 45 70 70
4 -5.000 8.591 9.000 66 95 95
4 -5.000 8.591 13.000 67 95 95
4 3.000 5.571 13.000 45 70 70
4 -3.274 1.952 -23.810 28 49 49
4 0.614 1.677 -26.736 71 101 101
4 -3.000 4.565 -28.277 50 76 76
4 0.614 1.677 -26.736 71 101 101
4 1.000 3.999 -29.666 68 97 97
4 -3.000 4.565 -28.277 50 76 76
4 -3.000 4.565 -28.277 50 76 76
4 1.000 3.999 -29.666 68 97 97
4 -3.000 4.065 -39.500 19 38 38
4 1.000 3.999 -29.666 68 97 97
4 1.000 4.191 -38.000 19 38 38
4 -3.000 4.065 -39.500 19 38 38
4 -5.000 6.992 33.000 95 129 129
4 -5.000 6.000 34.000 87 120 120
4 3.000 6.992 33.000 92 126 126
4 -5.000 6.000 34.000 87 120 120
4 3.000 6.000 34.000 96 131 131
4 3.000 6.992 33.000 92 126 126
4 3.000 5.571 13.000 45 70 70
4 -5.000 8.591 13.000 67 95 95
4 3.000 7.533 16.500 42 66 66
4 -5.000 8.591 13.000 67 95 95
4 -5.000 8.591 16.500 68 97 97
4 3.000 7.533 16.500 42 66 66
4 -5.000 8.001 29.000 88 122 122
4 3.000 8.351 29.000 78 109 109
4 -5.000 9.600 25.000 81 113 113
4 -5.000 9.600 25.000 81 113 113
4 3.000 8.351 29.000 78 109 109
4 3.000 8.925 25.000 67 96 96
4 -5.000 9.600 25.000 81 113 113
4 3.000 8.925 25.000 67 96 96
4 -5.000 8.591 21.000 72 102 102
4 -5.000 8.591 21.000 72 102 102
4 3.000 8.925 25.000 67 96 96
4 3.000 8.240 21.000 55 81 81
4 3.000 8.351 29.000 78 109 109
4 -5.000 8.001 29.000 88 122 122
4 3.000 6.992 33.000 92 126 126
4 -5.000 6.992 33.000 95 129 129
4 3.000 6.992 33.000 92 126 126
4 -5.000 8.001 29.000 88 122 122
4 3.000 7.533 16.500 42 66 66
4 -5.000 8.591 16.500 68 97 97
4 3.000 8.240 21.000 55 81 81
4 3.000 8.240 21.000 55 81 81
4 -5.000 8.591 16.500 68 97 97
4 -5.000 8.591 21.000 72 102 102
4 -2.092 6.992 3.617 37 60 60
4 -5.000 8.591 9.000 66 95 95
4 2.147 6.992 7.039 37 60 60
4 3.000 6.000 34.000 96 131 131
4 -5.000 6.000 34.000 87 120 120
4 -1.000 4.000 37.375 88 121 121
4 1.000 3.125 37.500 105 141 141
4 -1.000 3.125 37.875 93 128 128
4 1.000 3.000 40.034 98 133 133
4 -3.702 6.272 0.008 19 38 38
4 -2.092 6.992 3.617 37 60 60
4 6.448 4.250 8.437 40 64 64
4 6.448 4.250 8.437 40 64 64
4 -2.092 6.992 3.617 37 60 60
4 2.147 6.992 7.039 37 60 60
4 3.000 6.000 34.000 96 131 131
4 -1.000 4.000 37.375 88 121 121
4 3.000 5.250 38.375 111 149 149
4 6.448 4.250 8.437 40 64 64
4 0.041 3.000 0.846 19 38 38
4 -3.702 6.272 0.008 19 38 38
4 0.041 3.000 0.846 19 38 38
4 6.448 4.250 8.437 40 64 64
4 5.693 3.000 6.552 34 57 57
4 -3.088 3.000 -1.618 19 38 38
4 -3.702 6.272 0.008 19 38 38
4 0.041 3.000 0.846 19 38 38
4 1.000 3.000 40.034 98 133 133
4 3.000 3.000 40.500 95 129 129
4 1.000 3.125 37.500 105 141 141
4 3.000 3.125 38.875 109 147 147
4 1.000 3.125 37.500 105 141 141
4 3.000 3.000 40.500 95 129 129
4 2.147 6.992 7.039 37 60 60
4 3.000 5.571 13.000 45 70 70
4 6.448 4.250 8.437 40 64 64
4 7.000 5.750 40.375 96 130 130
4 3.000 6.000 34.000 96 131 131
4 3.000 5.250 38.375 111 149 149
4 3.000 7.533 16.500 42 66 66
4 9.000 5.615 16.500 21 40 40
4 3.000 5.571 13.000 45 70 70
4 1.000 3.999 -29.666 68 97 97
4 5.000 2.779 -30.767 77 108 108
4 1.000 4.191 -38.000 19 38 38
4 11.556 6.097 19.000 27 47 47
4 3.000 7.533 16.500 42 66 66
4 3.000 8.240 21.000 55 81 81
4 3.000 5.571 13.000 45 70 70
4 8.756 4.250 12.670 39 62 62
4 6.448 4.250 8.437 40 64 64
4 9.000 6.000 34.000 77 108 108
4 3.000 6.000 34.000 96 131 131
4 7.000 5.750 40.375 96 130 130
4 3.000 5.571 13.000 45 70 70
4 9.000 5.615 16.500 21 40 40
4 8.756 4.250 12.670 39 62 62
4 3.000 7.533 16.500 42 66 66
4 11.556 6.097 19.000 27 47 47
4 9.000 5.615 16.500 21 40 40
4 3.000 8.240 21.000 55 81 81
4 11.556 6.992 21.000 40 63 63
4 11.556 6.097 19.000 27 47 47
4 9.000 6.000 34.000 77 108 108
4 7.000 5.750 40.375 96 130 130
4 11.000 4.152 39.500 83 115 115
4 9.000 5.615 16.500 21 40 40
4 10.820 4.250 16.500 19 38 38
4 8.756 4.250 12.670 39 62 62
4 13.258 3.000 8.000 51 76 76
4 6.448 4.250 8.437 40 64 64
4 11.502 3.000 10.000 39 63 63
4 3.000 6.000 34.000 96 131 131
4 9.000 6.000 34.000 77 108 108
4 3.000 6.992 33.000 92 126 126
4 3.000 6.992 33.000 92 126 126
4 9.000 6.000 34.000 77 108 108
4 9.000 6.992 33.000 74 105 105
4 3.000 6.992 33.000 92 126 126
4 9.000 6.992 33.000 74 105 105
4 3.000 8.351 29.000 78 109 109
4 3.000 8.351 29.000 78 109 109
4 9.000 6.992 33.000 74 105 105
4 9.000 6.992 29.000 51 77 77
4 9.000 6.992 25.000 52 78 78
4 3.000 8.925 25.000 67 96 96
4 9.000 6.992 29.000 51 77 77
4 3.000 8.351 29.000 78 109 109
4 9.000 6.992 29.000 51 77 77
4 3.000 8.925 25.000 67 96 96
4 3.000 8.240 21.000 55 81 81
4 3.000 8.925 25.000 67 96 96
4 11.556 6.992 21.000 40 63 63
4 3.000 8.925 25.000 67 96 96
4 9.000 6.992 25.000 52 78 78
4 11.556 6.992 21.000 40 63 63
4 9.000 6.992 25.000 52 78 78
4 13.000 3.721 25.000 56 83 83
4 15.000 4.250 22.369 61 88 88
4 11.250 4.250 3.625 40 64 64
4 13.483 3.000 4.142 19 38 38
4 12.500 3.000 2.625 19 38 38
4 11.556 6.097 19.000 27 47 47
4 14.625 4.250 19.000 30 51 51
4 13.357 4.250 17.257 19 38 38
4 11.556 6.992 21.000 40 63 63
4 15.000 4.250 21.640 44 68 68
4 15.000 4.250 21.000 33 56 56
4 8.756 4.250 12.670 39 62 62
4 12.217 3.000 12.531 19 38 38
4 6.448 4.250 8.437 40 64 64
4 12.217 3.000 12.531 19 38 38
4 11.502 3.000 10.000 39 63 63
4 6.448 4.250 8.437 40 64 64
4 11.000 3.125 40.000 94 128 128
4 9.000 3.125 40.000 89 122 122
4 9.000 3.000 40.375 93 127 127
4 13.375 5.131 33.000 54 80 80
4 9.000 6.992 33.000 74 105 105
4 11.000 6.000 34.000 73 104 104
4 9.000 6.000 34.000 77 108 108
4 11.000 6.000 34.000 73 104 104
4 9.000 6.992 33.000 74 105 105
4 13.258 3.000 8.000 51 76 76
4 13.627 3.000 6.000 36 59 59
4 6.448 4.250 8.437 40 64 64
4 13.627 3.000 6.000 36 59 59
4 9.284 4.250 5.496 57 83 83
4 6.448 4.250 8.437 40 64 64
4 11.000 6.000 34.000 73 104 104
4 9.000 6.000 34.000 77 108 108
4 13.000 2.875 40.064 83 115 115
4 9.000 6.000 34.000 77 108 108
4 11.000 4.152 39.500 83 115 115
4 13.000 2.875 40.064 83 115 115
4 13.538 4.398 30.625 36 58 58
4 13.000 3.721 25.000 56 83 83
4 9.000 6.992 29.000 51 77 77
4 13.000 3.721 25.000 56 83 83
4 9.000 6.992 25.000 52 78 78
4 9.000 6.992 29.000 51 77 77
4 9.000 5.615 16.500 21 40 40
4 11.556 6.097 19.000 27 47 47
4 10.820 4.250 16.500 19 38 38
4 11.556 6.097 19.000 27 47 47
4 13.357 4.250 17.257 19 38 38
4 10.820 4.250 16.500 19 38 38
4 9.000 6.992 33.000 74 105 105
4 13.375 5.131 33.000 54 80 80
4 9.000 6.992 29.000 51 77 77
4 13.538 4.398 30.625 36 58 58
4 9.000 6.992 29.000 51 77 77
4 13.375 5.131 33.000 54 80 80
4 8.756 4.250 12.670 39 62 62
4 10.820 4.250 16.500 19 38 38
4 12.217 3.000 12.531 19 38 38
4 10.820 4.250 16.500 19 38 38
4 13.616 3.000 16.054 19 38 38
4 12.217 3.000 12.531 19 38 38
4 9.284 4.250 5.496 57 83 83
4 13.627 3.000 6.000 36 59 59
4 11.250 4.250 3.625 40 64 64
4 13.627 3.000 6.000 36 59 59
4 13.483 3.000 4.142 19 38 38
4 11.250 4.250 3.625 40 64 64
4 15.000 4.250 22.369 61 88 88
4 15.000 4.250 21.640 44 68 68
4 9.000 6.992 25.000 52 78 78
4 9.000 6.992 25.000 52 78 78
4 15.000 4.250 21.640 44 68 68
4 11.556 6.992 21.000 40 63 63
4 15.000 4.250 21.000 33 56 56
4 14.625 4.250 19.000 30 51 51
4 11.556 6.992 21.000 40 63 63
4 11.556 6.992 21.000 40 63 63
4 14.625 4.250 19.000 30 51 51
4 11.556 6.097 19.000 27 47 47
4 16.332 3.000 16.648 19 38 38
4 13.616 3.000 16.054 19 38 38
4 13.357 4.250 17.257 19 38 38
4 13.616 3.000 16.054 19 38 38
4 10.820 4.250 16.500 19 38 38
4 13.357 4.250 17.257 19 38 38
4 13.000 2.875 40.064 83 115 115
4 17.000 2.828 39.109 85 117 117
4 11.000 6.000 34.000 73 104 104
4 17.000 2.828 39.109 85 117 117
4 13.375 5.131 33.000 54 80 80
4 11.000 6.000 34.000 73 104 104
4 16.373 2.235 30.625 19 38 38
4 13.000 3.721 25.000 56 83 83
4 13.538 4.398 30.625 36 58 58
4 13.375 5.131 33.000 54 80 80
4 17.842 2.781 34.805 19 38 38
4 13.538 4.398 30.625 36 58 58
4 13.538 4.398 30.625 36 58 58
4 17.842 2.781 34.805 19 38 38
4 16.373 2.235 30.625 19 38 38
4 14.625 4.250 19.000 30 51 51
4 17.657 3.000 18.416 19 38 38
4 13.357 4.250 17.257 19 38 38
4 13.357 4.250 17.257 19 38 38
4 17.657 3.000 18.416 19 38 38
4 16.332 3.000 16.648 19 38 38
4 17.657 3.000 18.416 19 38 38
4 14.625 4.250 19.000 30 51 51
4 18.798 3.000 21.051 19 38 38
4 18.798 3.000 21.051 19 38 38
4 14.625 4.250 19.000 30 51 51
4 15.000 4.250 21.000 33 56 56
4 15.000 4.250 22.369 61 88 88
4 13.000 3.721 25.000 56 83 83
4 21.880 3.000 24.000 42 66 66
4 13.000 3.721 25.000 56 83 83
4 17.942 3.537 25.445 60 87 87
4 21.880 3.000 24.000 42 66 66
4 17.000 2.828 39.109 85 117 117
4 20.732 3.094 38.749 84 116 116
4 13.375 5.131 33.000 54 80 80
4 20.732 3.094 38.749 84 116 116
4 17.842 2.781 34.805 19 38 38
4 13.375 5.131 33.000 54 80 80
4 15.000 4.250 21.640 44 68 68
4 20.212 3.000 21.802 22 42 42
4 15.000 4.250 21.000 33 56 56
4 15.000 4.250 21.000 33 56 56
4 20.212 3.000 21.802 22 42 42
4 18.798 3.000 21.051 19 38 38
4 15.000 4.250 22.369 61 88 88
4 21.880 3.000 24.000 42 66 66
4 15.000 4.250 21.640 44 68 68
4 15.000 4.250 21.640 44 68 68
4 21.880 3.000 24.000 42 66 66
4 20.212 3.000 21.802 22 42 42
